id_subsistema,nom_subsistema,tip_reservatorio,nom_bacia,id_reservatorio,nom_reservatorio,cod_usina,din_instante,val_nivelmontante,val_niveljusante,val_volumeutil,val_vazaoafluente,val_vazaodefluente,val_vazaoturbinada,val_vazaovertida,val_vazaooutrasestruturas,val_vazaotransferida,val_vazaovertidanaoturbinavel,hour_end_local_interpreted,hour_start_local_interpreted,timestamp_interpretation,hour_end_utc_assuming_brasilia,timezone_status,quality_status,source_month,balance_residual_m3s
S,Sul,Fio dagua,JACUI,JIUHCA,CASTRO ALVES,97.0,2024-05-10 16:00:00,241.5,148.48,274.16,1191.0,953.0,156.0,797.0,19.0,0.0,1.0,2024-05-10 16:00:00,2024-05-10 15:00:00,SOURCE_WHOLE_HOUR,2024-05-10 19:00:00+00:00,ONS_NORM_BRASILIA_EXPORT_AND_PERIOD_LINK_UNVERIFIED,AGENT_REPORTED_NOT_VALIDATED_BY_ONS,2024-05,-19.0
S,Sul,Fio dagua,JACUI,JIUHCA,CASTRO ALVES,97.0,2024-05-10 17:00:00,241.79,149.18,307.83,1646.0,1215.0,156.0,1059.0,19.0,0.0,1.0,2024-05-10 17:00:00,2024-05-10 16:00:00,SOURCE_WHOLE_HOUR,2024-05-10 20:00:00+00:00,ONS_NORM_BRASILIA_EXPORT_AND_PERIOD_LINK_UNVERIFIED,AGENT_REPORTED_NOT_VALIDATED_BY_ONS,2024-05,-19.0
S,Sul,Fio dagua,JACUI,JIUHCA,CASTRO ALVES,97.0,2024-05-10 18:00:00,242.0,150.02,332.21,1738.0,1426.0,157.0,1269.0,19.0,0.0,1.0,2024-05-10 18:00:00,2024-05-10 17:00:00,SOURCE_WHOLE_HOUR,2024-05-10 21:00:00+00:00,ONS_NORM_BRASILIA_EXPORT_AND_PERIOD_LINK_UNVERIFIED,AGENT_REPORTED_NOT_VALIDATED_BY_ONS,2024-05,-19.0
S,Sul,Fio dagua,JACUI,JIUHCA,CASTRO ALVES,97.0,2024-05-10 19:00:00,242.23,150.61,358.91,2014.0,1672.0,158.0,1515.0,19.0,0.0,1.0,2024-05-10 19:00:00,2024-05-10 18:00:00,SOURCE_WHOLE_HOUR,2024-05-10 22:00:00+00:00,ONS_NORM_BRASILIA_EXPORT_AND_PERIOD_LINK_UNVERIFIED,AGENT_REPORTED_NOT_VALIDATED_BY_ONS,2024-05,-20.0
S,Sul,Fio dagua,JACUI,JIUHCA,CASTRO ALVES,97.0,2024-05-10 20:00:00,242.45,151.17,384.46,2251.0,1924.0,158.0,1766.0,19.0,0.0,1.0,2024-05-10 20:00:00,2024-05-10 19:00:00,SOURCE_WHOLE_HOUR,2024-05-10 23:00:00+00:00,ONS_NORM_BRASILIA_EXPORT_AND_PERIOD_LINK_UNVERIFIED,AGENT_REPORTED_NOT_VALIDATED_BY_ONS,2024-05,-19.0
S,Sul,Fio dagua,JACUI,JIUHCA,CASTRO ALVES,97.0,2024-05-10 21:00:00,242.62,151.73,404.19,2383.0,2130.0,157.0,1973.0,19.0,0.0,1.0,2024-05-10 21:00:00,2024-05-10 20:00:00,SOURCE_WHOLE_HOUR,2024-05-11 00:00:00+00:00,ONS_NORM_BRASILIA_EXPORT_AND_PERIOD_LINK_UNVERIFIED,AGENT_REPORTED_NOT_VALIDATED_BY_ONS,2024-05,-19.0
S,Sul,Fio dagua,JACUI,JIUHCA,CASTRO ALVES,97.0,2024-05-10 22:00:00,242.73,152.01,416.96,2432.0,2269.0,157.0,2112.0,19.0,0.0,1.0,2024-05-10 22:00:00,2024-05-10 21:00:00,SOURCE_WHOLE_HOUR,2024-05-11 01:00:00+00:00,ONS_NORM_BRASILIA_EXPORT_AND_PERIOD_LINK_UNVERIFIED,AGENT_REPORTED_NOT_VALIDATED_BY_ONS,2024-05,-19.0
S,Sul,Fio dagua,JACUI,JIUHCA,CASTRO ALVES,97.0,2024-05-10 23:00:00,242.84,152.28,429.74,2575.0,2412.0,157.0,2255.0,19.0,0.0,1.0,2024-05-10 23:00:00,2024-05-10 22:00:00,SOURCE_WHOLE_HOUR,2024-05-11 02:00:00+00:00,ONS_NORM_BRASILIA_EXPORT_AND_PERIOD_LINK_UNVERIFIED,AGENT_REPORTED_NOT_VALIDATED_BY_ONS,2024-05,-19.0
S,Sul,Fio dagua,JACUI,JIUHCA,CASTRO ALVES,97.0,2024-05-10 23:59:00,242.89,152.5,435.54,2553.0,2478.0,157.0,2322.0,19.0,0.0,1.0,2024-05-11 00:00:00,2024-05-10 23:00:00,23:59_AS_24:00_UNVERIFIED,2024-05-11 03:00:00+00:00,ONS_NORM_BRASILIA_EXPORT_AND_PERIOD_LINK_UNVERIFIED,AGENT_REPORTED_NOT_VALIDATED_BY_ONS,2024-05,-20.0
S,Sul,Fio dagua,JACUI,JIUHCA,CASTRO ALVES,97.0,2024-05-11 01:00:00,242.89,152.65,435.54,2479.0,2479.0,157.0,2322.0,19.0,0.0,1.0,2024-05-11 01:00:00,2024-05-11 00:00:00,SOURCE_WHOLE_HOUR,2024-05-11 04:00:00+00:00,ONS_NORM_BRASILIA_EXPORT_AND_PERIOD_LINK_UNVERIFIED,AGENT_REPORTED_NOT_VALIDATED_BY_ONS,2024-05,-19.0
S,Sul,Fio dagua,JACUI,JIUHCA,CASTRO ALVES,97.0,2024-05-11 02:00:00,242.89,152.64,435.54,2479.0,2479.0,157.0,2322.0,19.0,0.0,1.0,2024-05-11 02:00:00,2024-05-11 01:00:00,SOURCE_WHOLE_HOUR,2024-05-11 05:00:00+00:00,ONS_NORM_BRASILIA_EXPORT_AND_PERIOD_LINK_UNVERIFIED,AGENT_REPORTED_NOT_VALIDATED_BY_ONS,2024-05,-19.0
S,Sul,Fio dagua,JACUI,JIUHCA,CASTRO ALVES,97.0,2024-05-11 03:00:00,242.89,152.54,435.54,2478.0,2478.0,157.0,2322.0,19.0,0.0,1.0,2024-05-11 03:00:00,2024-05-11 02:00:00,SOURCE_WHOLE_HOUR,2024-05-11 06:00:00+00:00,ONS_NORM_BRASILIA_EXPORT_AND_PERIOD_LINK_UNVERIFIED,AGENT_REPORTED_NOT_VALIDATED_BY_ONS,2024-05,-20.0
S,Sul,Fio dagua,JACUI,JIUHCA,CASTRO ALVES,97.0,2024-05-11 04:00:00,242.93,152.5,440.18,2592.0,2532.0,157.0,2375.0,19.0,0.0,1.0,2024-05-11 04:00:00,2024-05-11 03:00:00,SOURCE_WHOLE_HOUR,2024-05-11 07:00:00+00:00,ONS_NORM_BRASILIA_EXPORT_AND_PERIOD_LINK_UNVERIFIED,AGENT_REPORTED_NOT_VALIDATED_BY_ONS,2024-05,-19.0
S,Sul,Fio dagua,JACUI,JIUHCA,CASTRO ALVES,97.0,2024-05-11 05:00:00,243.02,152.5,450.63,2789.0,2655.0,157.0,2499.0,19.0,0.0,1.0,2024-05-11 05:00:00,2024-05-11 04:00:00,SOURCE_WHOLE_HOUR,2024-05-11 08:00:00+00:00,ONS_NORM_BRASILIA_EXPORT_AND_PERIOD_LINK_UNVERIFIED,AGENT_REPORTED_NOT_VALIDATED_BY_ONS,2024-05,-20.0
S,Sul,Fio dagua,JACUI,JIUHCA,CASTRO ALVES,97.0,2024-05-11 06:00:00,243.07,150.39,456.44,2796.0,2722.0,153.0,2569.0,19.0,0.0,1.0,2024-05-11 06:00:00,2024-05-11 05:00:00,SOURCE_WHOLE_HOUR,2024-05-11 09:00:00+00:00,ONS_NORM_BRASILIA_EXPORT_AND_PERIOD_LINK_UNVERIFIED,AGENT_REPORTED_NOT_VALIDATED_BY_ONS,2024-05,-19.0
S,Sul,Fio dagua,JACUI,JIUHCA,CASTRO ALVES,97.0,2024-05-11 07:00:00,243.14,152.68,464.57,2929.0,2825.0,157.0,2668.0,19.0,0.0,1.0,2024-05-11 07:00:00,2024-05-11 06:00:00,SOURCE_WHOLE_HOUR,2024-05-11 10:00:00+00:00,ONS_NORM_BRASILIA_EXPORT_AND_PERIOD_LINK_UNVERIFIED,AGENT_REPORTED_NOT_VALIDATED_BY_ONS,2024-05,-19.0
S,Sul,Fio dagua,JACUI,JIUHCA,CASTRO ALVES,97.0,2024-05-11 08:00:00,243.2,152.85,471.53,2999.0,2910.0,156.0,2754.0,19.0,0.0,1.0,2024-05-11 08:00:00,2024-05-11 07:00:00,SOURCE_WHOLE_HOUR,2024-05-11 11:00:00+00:00,ONS_NORM_BRASILIA_EXPORT_AND_PERIOD_LINK_UNVERIFIED,AGENT_REPORTED_NOT_VALIDATED_BY_ONS,2024-05,-19.0
S,Sul,Fio dagua,JACUI,JIUHCA,CASTRO ALVES,97.0,2024-05-11 09:00:00,243.26,153.0,478.5,3087.0,2998.0,156.0,2842.0,19.0,0.0,1.0,2024-05-11 09:00:00,2024-05-11 08:00:00,SOURCE_WHOLE_HOUR,2024-05-11 12:00:00+00:00,ONS_NORM_BRASILIA_EXPORT_AND_PERIOD_LINK_UNVERIFIED,AGENT_REPORTED_NOT_VALIDATED_BY_ONS,2024-05,-19.0
S,Sul,Fio dagua,JACUI,JIUHCA,CASTRO ALVES,97.0,2024-05-11 10:00:00,243.32,153.06,485.47,3176.0,3087.0,156.0,2931.0,19.0,0.0,1.0,2024-05-11 10:00:00,2024-05-11 09:00:00,SOURCE_WHOLE_HOUR,2024-05-11 13:00:00+00:00,ONS_NORM_BRASILIA_EXPORT_AND_PERIOD_LINK_UNVERIFIED,AGENT_REPORTED_NOT_VALIDATED_BY_ONS,2024-05,-19.0
S,Sul,Fio dagua,JACUI,JIUHCA,CASTRO ALVES,97.0,2024-05-11 11:00:00,243.34,153.13,487.79,3146.0,3117.0,156.0,2961.0,19.0,0.0,1.0,2024-05-11 11:00:00,2024-05-11 10:00:00,SOURCE_WHOLE_HOUR,2024-05-11 14:00:00+00:00,ONS_NORM_BRASILIA_EXPORT_AND_PERIOD_LINK_UNVERIFIED,AGENT_REPORTED_NOT_VALIDATED_BY_ONS,2024-05,-19.0
S,Sul,Fio dagua,JACUI,JIUHCA,CASTRO ALVES,97.0,2024-05-11 12:00:00,243.33,153.13,486.63,3087.0,3102.0,156.0,2946.0,19.0,0.0,1.0,2024-05-11 12:00:00,2024-05-11 11:00:00,SOURCE_WHOLE_HOUR,2024-05-11 15:00:00+00:00,ONS_NORM_BRASILIA_EXPORT_AND_PERIOD_LINK_UNVERIFIED,AGENT_REPORTED_NOT_VALIDATED_BY_ONS,2024-05,-19.0
S,Sul,Fio dagua,JACUI,JIUHCA,CASTRO ALVES,97.0,2024-05-11 13:00:00,243.33,153.2,486.63,3102.0,3102.0,156.0,2946.0,19.0,0.0,1.0,2024-05-11 13:00:00,2024-05-11 12:00:00,SOURCE_WHOLE_HOUR,2024-05-11 16:00:00+00:00,ONS_NORM_BRASILIA_EXPORT_AND_PERIOD_LINK_UNVERIFIED,AGENT_REPORTED_NOT_VALIDATED_BY_ONS,2024-05,-19.0
S,Sul,Fio dagua,JACUI,JIUHCA,CASTRO ALVES,97.0,2024-05-11 14:00:00,243.28,153.13,480.82,2953.0,3027.0,155.0,2872.0,19.0,0.0,1.0,2024-05-11 14:00:00,2024-05-11 13:00:00,SOURCE_WHOLE_HOUR,2024-05-11 17:00:00+00:00,ONS_NORM_BRASILIA_EXPORT_AND_PERIOD_LINK_UNVERIFIED,AGENT_REPORTED_NOT_VALIDATED_BY_ONS,2024-05,-19.0
S,Sul,Fio dagua,JACUI,JIUHCA,CASTRO ALVES,97.0,2024-05-11 15:00:00,243.26,153.06,478.5,2968.0,2997.0,155.0,2842.0,19.0,0.0,1.0,2024-05-11 15:00:00,2024-05-11 14:00:00,SOURCE_WHOLE_HOUR,2024-05-11 18:00:00+00:00,ONS_NORM_BRASILIA_EXPORT_AND_PERIOD_LINK_UNVERIFIED,AGENT_REPORTED_NOT_VALIDATED_BY_ONS,2024-05,-19.0
S,Sul,Fio dagua,JACUI,JIUHCA,CASTRO ALVES,97.0,2024-05-11 16:00:00,243.23,153.06,475.02,2909.0,2953.0,155.0,2798.0,19.0,0.0,1.0,2024-05-11 16:00:00,2024-05-11 15:00:00,SOURCE_WHOLE_HOUR,2024-05-11 19:00:00+00:00,ONS_NORM_BRASILIA_EXPORT_AND_PERIOD_LINK_UNVERIFIED,AGENT_REPORTED_NOT_VALIDATED_BY_ONS,2024-05,-19.0
S,Sul,Fio dagua,JACUI,JIUHCA,CASTRO ALVES,97.0,2024-05-11 17:00:00,243.22,153.13,473.86,2924.0,2939.0,155.0,2783.0,19.0,0.0,1.0,2024-05-11 17:00:00,2024-05-11 16:00:00,SOURCE_WHOLE_HOUR,2024-05-11 20:00:00+00:00,ONS_NORM_BRASILIA_EXPORT_AND_PERIOD_LINK_UNVERIFIED,AGENT_REPORTED_NOT_VALIDATED_BY_ONS,2024-05,-18.0
S,Sul,Fio dagua,JACUI,JIUHCA,CASTRO ALVES,97.0,2024-05-11 18:00:00,243.18,153.2,469.21,2821.0,2881.0,155.0,2725.0,19.0,0.0,1.0,2024-05-11 18:00:00,2024-05-11 17:00:00,SOURCE_WHOLE_HOUR,2024-05-11 21:00:00+00:00,ONS_NORM_BRASILIA_EXPORT_AND_PERIOD_LINK_UNVERIFIED,AGENT_REPORTED_NOT_VALIDATED_BY_ONS,2024-05,-18.0
S,Sul,Fio dagua,JACUI,JIUHCA,CASTRO ALVES,97.0,2024-05-11 19:00:00,243.15,153.13,465.73,2793.0,2837.0,155.0,2682.0,19.0,0.0,1.0,2024-05-11 19:00:00,2024-05-11 18:00:00,SOURCE_WHOLE_HOUR,2024-05-11 22:00:00+00:00,ONS_NORM_BRASILIA_EXPORT_AND_PERIOD_LINK_UNVERIFIED,AGENT_REPORTED_NOT_VALIDATED_BY_ONS,2024-05,-19.0
S,Sul,Fio dagua,JACUI,JIUHCA,CASTRO ALVES,97.0,2024-05-11 20:00:00,243.14,153.13,464.57,2809.0,2823.0,156.0,2668.0,19.0,0.0,1.0,2024-05-11 20:00:00,2024-05-11 19:00:00,SOURCE_WHOLE_HOUR,2024-05-11 23:00:00+00:00,ONS_NORM_BRASILIA_EXPORT_AND_PERIOD_LINK_UNVERIFIED,AGENT_REPORTED_NOT_VALIDATED_BY_ONS,2024-05,-20.0
S,Sul,Fio dagua,JACUI,JIUHCA,CASTRO ALVES,97.0,2024-05-11 21:00:00,243.13,153.12,463.41,2794.0,2809.0,156.0,2654.0,19.0,0.0,1.0,2024-05-11 21:00:00,2024-05-11 20:00:00,SOURCE_WHOLE_HOUR,2024-05-12 00:00:00+00:00,ONS_NORM_BRASILIA_EXPORT_AND_PERIOD_LINK_UNVERIFIED,AGENT_REPORTED_NOT_VALIDATED_BY_ONS,2024-05,-20.0
S,Sul,Fio dagua,JACUI,JIUHCA,CASTRO ALVES,97.0,2024-05-11 22:00:00,243.13,153.12,463.41,2809.0,2809.0,156.0,2654.0,19.0,0.0,1.0,2024-05-11 22:00:00,2024-05-11 21:00:00,SOURCE_WHOLE_HOUR,2024-05-12 01:00:00+00:00,ONS_NORM_BRASILIA_EXPORT_AND_PERIOD_LINK_UNVERIFIED,AGENT_REPORTED_NOT_VALIDATED_BY_ONS,2024-05,-20.0
S,Sul,Fio dagua,JACUI,JIUHCA,CASTRO ALVES,97.0,2024-05-11 23:00:00,243.14,153.05,464.57,2838.0,2823.0,155.0,2668.0,19.0,0.0,1.0,2024-05-11 23:00:00,2024-05-11 22:00:00,SOURCE_WHOLE_HOUR,2024-05-12 02:00:00+00:00,ONS_NORM_BRASILIA_EXPORT_AND_PERIOD_LINK_UNVERIFIED,AGENT_REPORTED_NOT_VALIDATED_BY_ONS,2024-05,-19.0
S,Sul,Fio dagua,JACUI,JIUHCA,CASTRO ALVES,97.0,2024-05-11 23:59:00,243.16,153.2,466.89,2882.0,2852.0,156.0,2697.0,19.0,0.0,1.0,2024-05-12 00:00:00,2024-05-11 23:00:00,23:59_AS_24:00_UNVERIFIED,2024-05-12 03:00:00+00:00,ONS_NORM_BRASILIA_EXPORT_AND_PERIOD_LINK_UNVERIFIED,AGENT_REPORTED_NOT_VALIDATED_BY_ONS,2024-05,-20.0
S,Sul,Fio dagua,JACUI,JIUHCA,CASTRO ALVES,97.0,2024-05-12 01:00:00,243.19,153.31,470.37,2940.0,2896.0,156.0,2740.0,19.0,0.0,1.0,2024-05-12 01:00:00,2024-05-12 00:00:00,SOURCE_WHOLE_HOUR,2024-05-12 04:00:00+00:00,ONS_NORM_BRASILIA_EXPORT_AND_PERIOD_LINK_UNVERIFIED,AGENT_REPORTED_NOT_VALIDATED_BY_ONS,2024-05,-19.0
S,Sul,Fio dagua,JACUI,JIUHCA,CASTRO ALVES,97.0,2024-05-12 02:00:00,243.22,153.42,473.86,2984.0,2939.0,156.0,2783.0,19.0,0.0,1.0,2024-05-12 02:00:00,2024-05-12 01:00:00,SOURCE_WHOLE_HOUR,2024-05-12 05:00:00+00:00,ONS_NORM_BRASILIA_EXPORT_AND_PERIOD_LINK_UNVERIFIED,AGENT_REPORTED_NOT_VALIDATED_BY_ONS,2024-05,-19.0
S,Sul,Fio dagua,JACUI,JIUHCA,CASTRO ALVES,97.0,2024-05-12 03:00:00,243.25,153.5,477.34,3028.0,2983.0,156.0,2827.0,19.0,0.0,1.0,2024-05-12 03:00:00,2024-05-12 02:00:00,SOURCE_WHOLE_HOUR,2024-05-12 06:00:00+00:00,ONS_NORM_BRASILIA_EXPORT_AND_PERIOD_LINK_UNVERIFIED,AGENT_REPORTED_NOT_VALIDATED_BY_ONS,2024-05,-19.0
S,Sul,Fio dagua,JACUI,JIUHCA,CASTRO ALVES,97.0,2024-05-12 04:00:00,243.26,153.59,478.5,3013.0,2998.0,156.0,2842.0,19.0,0.0,1.0,2024-05-12 04:00:00,2024-05-12 03:00:00,SOURCE_WHOLE_HOUR,2024-05-12 07:00:00+00:00,ONS_NORM_BRASILIA_EXPORT_AND_PERIOD_LINK_UNVERIFIED,AGENT_REPORTED_NOT_VALIDATED_BY_ONS,2024-05,-19.0
S,Sul,Fio dagua,JACUI,JIUHCA,CASTRO ALVES,97.0,2024-05-12 05:00:00,243.38,153.8,492.43,3355.0,3177.0,156.0,3022.0,19.0,0.0,1.0,2024-05-12 05:00:00,2024-05-12 04:00:00,SOURCE_WHOLE_HOUR,2024-05-12 08:00:00+00:00,ONS_NORM_BRASILIA_EXPORT_AND_PERIOD_LINK_UNVERIFIED,AGENT_REPORTED_NOT_VALIDATED_BY_ONS,2024-05,-20.0
S,Sul,Fio dagua,JACUI,JIUHCA,CASTRO ALVES,97.0,2024-05-12 06:00:00,243.69,154.57,528.42,4127.0,3667.0,155.0,3512.0,19.0,0.0,1.0,2024-05-12 06:00:00,2024-05-12 05:00:00,SOURCE_WHOLE_HOUR,2024-05-12 09:00:00+00:00,ONS_NORM_BRASILIA_EXPORT_AND_PERIOD_LINK_UNVERIFIED,AGENT_REPORTED_NOT_VALIDATED_BY_ONS,2024-05,-19.0
S,Sul,Fio dagua,JACUI,JIUHCA,CASTRO ALVES,97.0,2024-05-12 07:00:00,244.16,155.72,582.99,5102.0,4404.0,155.0,4250.0,19.0,0.0,1.0,2024-05-12 07:00:00,2024-05-12 06:00:00,SOURCE_WHOLE_HOUR,2024-05-12 10:00:00+00:00,ONS_NORM_BRASILIA_EXPORT_AND_PERIOD_LINK_UNVERIFIED,AGENT_REPORTED_NOT_VALIDATED_BY_ONS,2024-05,-20.0
S,Sul,Fio dagua,JACUI,JIUHCA,CASTRO ALVES,97.0,2024-05-12 08:00:00,244.68,157.08,643.37,6085.0,5313.0,154.0,5159.0,19.0,0.0,1.0,2024-05-12 08:00:00,2024-05-12 07:00:00,SOURCE_WHOLE_HOUR,2024-05-12 11:00:00+00:00,ONS_NORM_BRASILIA_EXPORT_AND_PERIOD_LINK_UNVERIFIED,AGENT_REPORTED_NOT_VALIDATED_BY_ONS,2024-05,-19.0
S,Sul,Fio dagua,JACUI,JIUHCA,CASTRO ALVES,97.0,2024-05-12 09:00:00,245.26,157.9,714.51,7328.0,6418.0,112.0,6306.0,19.0,0.0,1.0,2024-05-12 09:00:00,2024-05-12 08:00:00,SOURCE_WHOLE_HOUR,2024-05-12 12:00:00+00:00,ONS_NORM_BRASILIA_EXPORT_AND_PERIOD_LINK_UNVERIFIED,AGENT_REPORTED_NOT_VALIDATED_BY_ONS,2024-05,-19.0
S,Sul,Fio dagua,JACUI,JIUHCA,CASTRO ALVES,97.0,2024-05-12 10:00:00,245.62,158.9,761.58,7619.0,7017.0,0.0,7017.0,19.0,0.0,1.0,2024-05-12 10:00:00,2024-05-12 09:00:00,SOURCE_WHOLE_HOUR,2024-05-12 13:00:00+00:00,ONS_NORM_BRASILIA_EXPORT_AND_PERIOD_LINK_UNVERIFIED,AGENT_REPORTED_NOT_VALIDATED_BY_ONS,2024-05,-19.0
S,Sul,Fio dagua,JACUI,JIUHCA,CASTRO ALVES,97.0,2024-05-12 11:00:00,245.85,159.52,791.65,7864.0,7480.0,0.0,7480.0,19.0,0.0,1.0,2024-05-12 11:00:00,2024-05-12 10:00:00,SOURCE_WHOLE_HOUR,2024-05-12 14:00:00+00:00,ONS_NORM_BRASILIA_EXPORT_AND_PERIOD_LINK_UNVERIFIED,AGENT_REPORTED_NOT_VALIDATED_BY_ONS,2024-05,-19.0
S,Sul,Fio dagua,JACUI,JIUHCA,CASTRO ALVES,97.0,2024-05-12 12:00:00,246.05,159.9,817.8,8227.0,7893.0,0.0,7893.0,19.0,0.0,1.0,2024-05-12 12:00:00,2024-05-12 11:00:00,SOURCE_WHOLE_HOUR,2024-05-12 15:00:00+00:00,ONS_NORM_BRASILIA_EXPORT_AND_PERIOD_LINK_UNVERIFIED,AGENT_REPORTED_NOT_VALIDATED_BY_ONS,2024-05,-19.0
S,Sul,Fio dagua,JACUI,JIUHCA,CASTRO ALVES,97.0,2024-05-12 13:00:00,246.17,160.06,833.49,8345.0,8145.0,0.0,8145.0,19.0,0.0,1.0,2024-05-12 13:00:00,2024-05-12 12:00:00,SOURCE_WHOLE_HOUR,2024-05-12 16:00:00+00:00,ONS_NORM_BRASILIA_EXPORT_AND_PERIOD_LINK_UNVERIFIED,AGENT_REPORTED_NOT_VALIDATED_BY_ONS,2024-05,-19.0
S,Sul,Fio dagua,JACUI,JIUHCA,CASTRO ALVES,97.0,2024-05-12 14:00:00,246.23,160.26,841.33,8372.0,8272.0,0.0,8272.0,19.0,0.0,1.0,2024-05-12 14:00:00,2024-05-12 13:00:00,SOURCE_WHOLE_HOUR,2024-05-12 17:00:00+00:00,ONS_NORM_BRASILIA_EXPORT_AND_PERIOD_LINK_UNVERIFIED,AGENT_REPORTED_NOT_VALIDATED_BY_ONS,2024-05,-19.0
S,Sul,Fio dagua,JACUI,JIUHCA,CASTRO ALVES,97.0,2024-05-12 15:00:00,246.22,160.2,840.02,8234.0,8251.0,0.0,8251.0,19.0,0.0,1.0,2024-05-12 15:00:00,2024-05-12 14:00:00,SOURCE_WHOLE_HOUR,2024-05-12 18:00:00+00:00,ONS_NORM_BRASILIA_EXPORT_AND_PERIOD_LINK_UNVERIFIED,AGENT_REPORTED_NOT_VALIDATED_BY_ONS,2024-05,-19.0
S,Sul,Fio dagua,JACUI,JIUHCA,CASTRO ALVES,97.0,2024-05-12 16:00:00,246.17,160.18,833.49,8061.0,8145.0,0.0,8145.0,19.0,0.0,1.0,2024-05-12 16:00:00,2024-05-12 15:00:00,SOURCE_WHOLE_HOUR,2024-05-12 19:00:00+00:00,ONS_NORM_BRASILIA_EXPORT_AND_PERIOD_LINK_UNVERIFIED,AGENT_REPORTED_NOT_VALIDATED_BY_ONS,2024-05,-19.0
S,Sul,Fio dagua,JACUI,JIUHCA,CASTRO ALVES,97.0,2024-05-12 17:00:00,246.1,159.95,824.33,7880.0,7997.0,0.0,7997.0,19.0,0.0,1.0,2024-05-12 17:00:00,2024-05-12 16:00:00,SOURCE_WHOLE_HOUR,2024-05-12 20:00:00+00:00,ONS_NORM_BRASILIA_EXPORT_AND_PERIOD_LINK_UNVERIFIED,AGENT_REPORTED_NOT_VALIDATED_BY_ONS,2024-05,-19.0
S,Sul,Fio dagua,JACUI,JIUHCA,CASTRO ALVES,97.0,2024-05-12 18:00:00,246.02,159.8,813.88,7696.0,7830.0,0.0,7830.0,19.0,0.0,1.0,2024-05-12 18:00:00,2024-05-12 17:00:00,SOURCE_WHOLE_HOUR,2024-05-12 21:00:00+00:00,ONS_NORM_BRASILIA_EXPORT_AND_PERIOD_LINK_UNVERIFIED,AGENT_REPORTED_NOT_VALIDATED_BY_ONS,2024-05,-19.0
S,Sul,Fio dagua,JACUI,JIUHCA,CASTRO ALVES,97.0,2024-05-12 19:00:00,245.95,159.64,804.72,7568.0,7685.0,0.0,7685.0,19.0,0.0,1.0,2024-05-12 19:00:00,2024-05-12 18:00:00,SOURCE_WHOLE_HOUR,2024-05-12 22:00:00+00:00,ONS_NORM_BRASILIA_EXPORT_AND_PERIOD_LINK_UNVERIFIED,AGENT_REPORTED_NOT_VALIDATED_BY_ONS,2024-05,-19.0
S,Sul,Fio dagua,JACUI,JIUHCA,CASTRO ALVES,97.0,2024-05-12 20:00:00,245.88,159.56,795.57,7424.0,7541.0,0.0,7541.0,19.0,0.0,1.0,2024-05-12 20:00:00,2024-05-12 19:00:00,SOURCE_WHOLE_HOUR,2024-05-12 23:00:00+00:00,ONS_NORM_BRASILIA_EXPORT_AND_PERIOD_LINK_UNVERIFIED,AGENT_REPORTED_NOT_VALIDATED_BY_ONS,2024-05,-19.0
S,Sul,Fio dagua,JACUI,JIUHCA,CASTRO ALVES,97.0,2024-05-12 21:00:00,245.82,159.47,787.73,7318.0,7418.0,0.0,7418.0,19.0,0.0,1.0,2024-05-12 21:00:00,2024-05-12 20:00:00,SOURCE_WHOLE_HOUR,2024-05-13 00:00:00+00:00,ONS_NORM_BRASILIA_EXPORT_AND_PERIOD_LINK_UNVERIFIED,AGENT_REPORTED_NOT_VALIDATED_BY_ONS,2024-05,-19.0
S,Sul,Fio dagua,JACUI,JIUHCA,CASTRO ALVES,97.0,2024-05-12 22:00:00,245.72,159.14,774.65,7049.0,7216.0,0.0,7216.0,19.0,0.0,1.0,2024-05-12 22:00:00,2024-05-12 21:00:00,SOURCE_WHOLE_HOUR,2024-05-13 01:00:00+00:00,ONS_NORM_BRASILIA_EXPORT_AND_PERIOD_LINK_UNVERIFIED,AGENT_REPORTED_NOT_VALIDATED_BY_ONS,2024-05,-19.0
S,Sul,Fio dagua,JACUI,JIUHCA,CASTRO ALVES,97.0,2024-05-12 23:00:00,245.6,158.83,758.96,6777.0,6978.0,0.0,6978.0,19.0,0.0,1.0,2024-05-12 23:00:00,2024-05-12 22:00:00,SOURCE_WHOLE_HOUR,2024-05-13 02:00:00+00:00,ONS_NORM_BRASILIA_EXPORT_AND_PERIOD_LINK_UNVERIFIED,AGENT_REPORTED_NOT_VALIDATED_BY_ONS,2024-05,-19.0
S,Sul,Fio dagua,JACUI,JIUHCA,CASTRO ALVES,97.0,2024-05-12 23:59:00,245.48,158.41,743.28,6543.0,6744.0,0.0,6744.0,19.0,0.0,1.0,2024-05-13 00:00:00,2024-05-12 23:00:00,23:59_AS_24:00_UNVERIFIED,2024-05-13 03:00:00+00:00,ONS_NORM_BRASILIA_EXPORT_AND_PERIOD_LINK_UNVERIFIED,AGENT_REPORTED_NOT_VALIDATED_BY_ONS,2024-05,-19.0
S,Sul,Fio dagua,JACUI,JIUHCA,CASTRO ALVES,97.0,2024-05-13 01:00:00,245.4,158.12,732.82,6456.0,6589.0,0.0,6589.0,19.0,0.0,1.0,2024-05-13 01:00:00,2024-05-13 00:00:00,SOURCE_WHOLE_HOUR,2024-05-13 04:00:00+00:00,ONS_NORM_BRASILIA_EXPORT_AND_PERIOD_LINK_UNVERIFIED,AGENT_REPORTED_NOT_VALIDATED_BY_ONS,2024-05,-19.0
S,Sul,Fio dagua,JACUI,JIUHCA,CASTRO ALVES,97.0,2024-05-13 02:00:00,245.34,157.95,724.97,6374.0,6475.0,0.0,6475.0,19.0,0.0,1.0,2024-05-13 02:00:00,2024-05-13 01:00:00,SOURCE_WHOLE_HOUR,2024-05-13 05:00:00+00:00,ONS_NORM_BRASILIA_EXPORT_AND_PERIOD_LINK_UNVERIFIED,AGENT_REPORTED_NOT_VALIDATED_BY_ONS,2024-05,-19.0
S,Sul,Fio dagua,JACUI,JIUHCA,CASTRO ALVES,97.0,2024-05-13 03:00:00,245.29,157.78,718.43,6285.0,6369.0,0.0,6369.0,19.0,0.0,1.0,2024-05-13 03:00:00,2024-05-13 02:00:00,SOURCE_WHOLE_HOUR,2024-05-13 06:00:00+00:00,ONS_NORM_BRASILIA_EXPORT_AND_PERIOD_LINK_UNVERIFIED,AGENT_REPORTED_NOT_VALIDATED_BY_ONS,2024-05,-19.0
S,Sul,Fio dagua,JACUI,JIUHCA,CASTRO ALVES,97.0,2024-05-13 04:00:00,245.23,157.56,710.59,6143.0,6243.0,0.0,6243.0,19.0,0.0,1.0,2024-05-13 04:00:00,2024-05-13 03:00:00,SOURCE_WHOLE_HOUR,2024-05-13 07:00:00+00:00,ONS_NORM_BRASILIA_EXPORT_AND_PERIOD_LINK_UNVERIFIED,AGENT_REPORTED_NOT_VALIDATED_BY_ONS,2024-05,-19.0
S,Sul,Fio dagua,JACUI,JIUHCA,CASTRO ALVES,97.0,2024-05-13 06:00:00,245.06,157.1,688.36,5696.0,5896.0,0.0,5896.0,19.0,0.0,1.0,2024-05-13 06:00:00,2024-05-13 05:00:00,SOURCE_WHOLE_HOUR,2024-05-13 09:00:00+00:00,ONS_NORM_BRASILIA_EXPORT_AND_PERIOD_LINK_UNVERIFIED,AGENT_REPORTED_NOT_VALIDATED_BY_ONS,2024-05,-19.0
S,Sul,Fio dagua,JACUI,JIUHCA,CASTRO ALVES,97.0,2024-05-13 07:00:00,244.92,156.96,671.23,5402.0,5621.0,0.0,5621.0,19.0,0.0,1.0,2024-05-13 07:00:00,2024-05-13 06:00:00,SOURCE_WHOLE_HOUR,2024-05-13 10:00:00+00:00,ONS_NORM_BRASILIA_EXPORT_AND_PERIOD_LINK_UNVERIFIED,AGENT_REPORTED_NOT_VALIDATED_BY_ONS,2024-05,-19.0
S,Sul,Fio dagua,JACUI,JIUHCA,CASTRO ALVES,97.0,2024-05-13 08:00:00,244.8,156.63,657.3,5211.0,5389.0,0.0,5389.0,19.0,0.0,1.0,2024-05-13 08:00:00,2024-05-13 07:00:00,SOURCE_WHOLE_HOUR,2024-05-13 11:00:00+00:00,ONS_NORM_BRASILIA_EXPORT_AND_PERIOD_LINK_UNVERIFIED,AGENT_REPORTED_NOT_VALIDATED_BY_ONS,2024-05,-19.0
S,Sul,Fio dagua,JACUI,JIUHCA,CASTRO ALVES,97.0,2024-05-13 09:00:00,244.7,156.33,645.69,5048.0,5197.0,0.0,5197.0,19.0,0.0,1.0,2024-05-13 09:00:00,2024-05-13 08:00:00,SOURCE_WHOLE_HOUR,2024-05-13 12:00:00+00:00,ONS_NORM_BRASILIA_EXPORT_AND_PERIOD_LINK_UNVERIFIED,AGENT_REPORTED_NOT_VALIDATED_BY_ONS,2024-05,-19.0
S,Sul,Fio dagua,JACUI,JIUHCA,CASTRO ALVES,97.0,2024-05-13 10:00:00,244.6,156.15,634.08,4859.0,5008.0,0.0,5008.0,19.0,0.0,1.0,2024-05-13 10:00:00,2024-05-13 09:00:00,SOURCE_WHOLE_HOUR,2024-05-13 13:00:00+00:00,ONS_NORM_BRASILIA_EXPORT_AND_PERIOD_LINK_UNVERIFIED,AGENT_REPORTED_NOT_VALIDATED_BY_ONS,2024-05,-19.0
S,Sul,Fio dagua,JACUI,JIUHCA,CASTRO ALVES,97.0,2024-05-13 11:00:00,244.53,155.79,625.95,4774.0,4878.0,0.0,4878.0,19.0,0.0,1.0,2024-05-13 11:00:00,2024-05-13 10:00:00,SOURCE_WHOLE_HOUR,2024-05-13 14:00:00+00:00,ONS_NORM_BRASILIA_EXPORT_AND_PERIOD_LINK_UNVERIFIED,AGENT_REPORTED_NOT_VALIDATED_BY_ONS,2024-05,-19.0
S,Sul,Fio dagua,JACUI,JIUHCA,CASTRO ALVES,97.0,2024-05-13 12:00:00,244.47,155.72,618.99,4684.0,4773.0,0.0,4773.0,19.0,0.0,1.0,2024-05-13 12:00:00,2024-05-13 11:00:00,SOURCE_WHOLE_HOUR,2024-05-13 15:00:00+00:00,ONS_NORM_BRASILIA_EXPORT_AND_PERIOD_LINK_UNVERIFIED,AGENT_REPORTED_NOT_VALIDATED_BY_ONS,2024-05,-19.0
S,Sul,Fio dagua,JACUI,JIUHCA,CASTRO ALVES,97.0,2024-05-13 13:00:00,244.4,155.46,610.86,4548.0,4652.0,0.0,4652.0,19.0,0.0,1.0,2024-05-13 13:00:00,2024-05-13 12:00:00,SOURCE_WHOLE_HOUR,2024-05-13 16:00:00+00:00,ONS_NORM_BRASILIA_EXPORT_AND_PERIOD_LINK_UNVERIFIED,AGENT_REPORTED_NOT_VALIDATED_BY_ONS,2024-05,-19.0
S,Sul,Fio dagua,JACUI,JIUHCA,CASTRO ALVES,97.0,2024-05-13 14:00:00,244.36,155.3,606.21,4524.0,4583.0,0.0,4583.0,19.0,0.0,1.0,2024-05-13 14:00:00,2024-05-13 13:00:00,SOURCE_WHOLE_HOUR,2024-05-13 17:00:00+00:00,ONS_NORM_BRASILIA_EXPORT_AND_PERIOD_LINK_UNVERIFIED,AGENT_REPORTED_NOT_VALIDATED_BY_ONS,2024-05,-19.0
S,Sul,Fio dagua,JACUI,JIUHCA,CASTRO ALVES,97.0,2024-05-13 15:00:00,244.31,155.22,600.41,4424.0,4498.0,0.0,4498.0,19.0,0.0,1.0,2024-05-13 15:00:00,2024-05-13 14:00:00,SOURCE_WHOLE_HOUR,2024-05-13 18:00:00+00:00,ONS_NORM_BRASILIA_EXPORT_AND_PERIOD_LINK_UNVERIFIED,AGENT_REPORTED_NOT_VALIDATED_BY_ONS,2024-05,-19.0
S,Sul,Fio dagua,JACUI,JIUHCA,CASTRO ALVES,97.0,2024-05-13 16:00:00,244.26,155.16,594.6,4340.0,4414.0,0.0,4414.0,19.0,0.0,1.0,2024-05-13 16:00:00,2024-05-13 15:00:00,SOURCE_WHOLE_HOUR,2024-05-13 19:00:00+00:00,ONS_NORM_BRASILIA_EXPORT_AND_PERIOD_LINK_UNVERIFIED,AGENT_REPORTED_NOT_VALIDATED_BY_ONS,2024-05,-19.0
S,Sul,Fio dagua,JACUI,JIUHCA,CASTRO ALVES,97.0,2024-05-13 17:00:00,244.1,155.16,576.03,4071.0,4308.0,155.0,4153.0,19.0,0.0,1.0,2024-05-13 17:00:00,2024-05-13 16:00:00,SOURCE_WHOLE_HOUR,2024-05-13 20:00:00+00:00,ONS_NORM_BRASILIA_EXPORT_AND_PERIOD_LINK_UNVERIFIED,AGENT_REPORTED_NOT_VALIDATED_BY_ONS,2024-05,-19.0
S,Sul,Fio dagua,JACUI,JIUHCA,CASTRO ALVES,97.0,2024-05-13 18:00:00,244.0,154.94,564.42,4001.0,4150.0,155.0,3995.0,19.0,0.0,1.0,2024-05-13 18:00:00,2024-05-13 17:00:00,SOURCE_WHOLE_HOUR,2024-05-13 21:00:00+00:00,ONS_NORM_BRASILIA_EXPORT_AND_PERIOD_LINK_UNVERIFIED,AGENT_REPORTED_NOT_VALIDATED_BY_ONS,2024-05,-19.0
S,Sul,Fio dagua,JACUI,JIUHCA,CASTRO ALVES,97.0,2024-05-13 19:00:00,243.9,154.67,552.81,3846.0,3994.0,156.0,3839.0,19.0,0.0,1.0,2024-05-13 19:00:00,2024-05-13 18:00:00,SOURCE_WHOLE_HOUR,2024-05-13 22:00:00+00:00,ONS_NORM_BRASILIA_EXPORT_AND_PERIOD_LINK_UNVERIFIED,AGENT_REPORTED_NOT_VALIDATED_BY_ONS,2024-05,-20.0
S,Sul,Fio dagua,JACUI,JIUHCA,CASTRO ALVES,97.0,2024-05-13 20:00:00,243.79,154.45,540.03,3662.0,3825.0,155.0,3670.0,19.0,0.0,1.0,2024-05-13 20:00:00,2024-05-13 19:00:00,SOURCE_WHOLE_HOUR,2024-05-13 23:00:00+00:00,ONS_NORM_BRASILIA_EXPORT_AND_PERIOD_LINK_UNVERIFIED,AGENT_REPORTED_NOT_VALIDATED_BY_ONS,2024-05,-19.0
S,Sul,Fio dagua,JACUI,JIUHCA,CASTRO ALVES,97.0,2024-05-13 21:00:00,243.67,154.25,526.1,3458.0,3636.0,157.0,3479.0,19.0,0.0,1.0,2024-05-13 21:00:00,2024-05-13 20:00:00,SOURCE_WHOLE_HOUR,2024-05-14 00:00:00+00:00,ONS_NORM_BRASILIA_EXPORT_AND_PERIOD_LINK_UNVERIFIED,AGENT_REPORTED_NOT_VALIDATED_BY_ONS,2024-05,-19.0
S,Sul,Fio dagua,JACUI,JIUHCA,CASTRO ALVES,97.0,2024-05-13 22:00:00,243.56,153.98,513.33,3295.0,3459.0,157.0,3302.0,19.0,0.0,1.0,2024-05-13 22:00:00,2024-05-13 21:00:00,SOURCE_WHOLE_HOUR,2024-05-14 01:00:00+00:00,ONS_NORM_BRASILIA_EXPORT_AND_PERIOD_LINK_UNVERIFIED,AGENT_REPORTED_NOT_VALIDATED_BY_ONS,2024-05,-19.0
S,Sul,Fio dagua,JACUI,JIUHCA,CASTRO ALVES,97.0,2024-05-13 23:00:00,243.45,153.69,500.56,3122.0,3286.0,156.0,3129.0,19.0,0.0,1.0,2024-05-13 23:00:00,2024-05-13 22:00:00,SOURCE_WHOLE_HOUR,2024-05-14 02:00:00+00:00,ONS_NORM_BRASILIA_EXPORT_AND_PERIOD_LINK_UNVERIFIED,AGENT_REPORTED_NOT_VALIDATED_BY_ONS,2024-05,-18.0
S,Sul,Fio dagua,JACUI,JIUHCA,CASTRO ALVES,97.0,2024-05-13 23:59:00,243.35,153.45,488.95,2984.0,3132.0,156.0,2976.0,19.0,0.0,1.0,2024-05-14 00:00:00,2024-05-13 23:00:00,23:59_AS_24:00_UNVERIFIED,2024-05-14 03:00:00+00:00,ONS_NORM_BRASILIA_EXPORT_AND_PERIOD_LINK_UNVERIFIED,AGENT_REPORTED_NOT_VALIDATED_BY_ONS,2024-05,-19.0
S,Sul,Fio dagua,JACUI,JIUHCA,CASTRO ALVES,97.0,2024-05-14 01:00:00,243.24,153.21,476.18,2805.0,2969.0,156.0,2813.0,19.0,0.0,1.0,2024-05-14 01:00:00,2024-05-14 00:00:00,SOURCE_WHOLE_HOUR,2024-05-14 04:00:00+00:00,ONS_NORM_BRASILIA_EXPORT_AND_PERIOD_LINK_UNVERIFIED,AGENT_REPORTED_NOT_VALIDATED_BY_ONS,2024-05,-19.0
S,Sul,Fio dagua,JACUI,JIUHCA,CASTRO ALVES,97.0,2024-05-14 02:00:00,243.14,152.94,464.57,2675.0,2824.0,156.0,2668.0,19.0,0.0,1.0,2024-05-14 02:00:00,2024-05-14 01:00:00,SOURCE_WHOLE_HOUR,2024-05-14 05:00:00+00:00,ONS_NORM_BRASILIA_EXPORT_AND_PERIOD_LINK_UNVERIFIED,AGENT_REPORTED_NOT_VALIDATED_BY_ONS,2024-05,-19.0
S,Sul,Fio dagua,JACUI,JIUHCA,CASTRO ALVES,97.0,2024-05-14 03:00:00,243.04,152.66,452.96,2534.0,2682.0,155.0,2527.0,19.0,0.0,1.0,2024-05-14 03:00:00,2024-05-14 02:00:00,SOURCE_WHOLE_HOUR,2024-05-14 06:00:00+00:00,ONS_NORM_BRASILIA_EXPORT_AND_PERIOD_LINK_UNVERIFIED,AGENT_REPORTED_NOT_VALIDATED_BY_ONS,2024-05,-19.0
S,Sul,Fio dagua,JACUI,JIUHCA,CASTRO ALVES,97.0,2024-05-14 04:00:00,242.96,152.51,443.67,2454.0,2573.0,157.0,2416.0,19.0,0.0,1.0,2024-05-14 04:00:00,2024-05-14 03:00:00,SOURCE_WHOLE_HOUR,2024-05-14 07:00:00+00:00,ONS_NORM_BRASILIA_EXPORT_AND_PERIOD_LINK_UNVERIFIED,AGENT_REPORTED_NOT_VALIDATED_BY_ONS,2024-05,-19.0
S,Sul,Fio dagua,JACUI,JIUHCA,CASTRO ALVES,97.0,2024-05-14 05:00:00,242.92,152.31,439.02,2459.0,2518.0,156.0,2362.0,19.0,0.0,1.0,2024-05-14 05:00:00,2024-05-14 04:00:00,SOURCE_WHOLE_HOUR,2024-05-14 08:00:00+00:00,ONS_NORM_BRASILIA_EXPORT_AND_PERIOD_LINK_UNVERIFIED,AGENT_REPORTED_NOT_VALIDATED_BY_ONS,2024-05,-19.0
S,Sul,Fio dagua,JACUI,JIUHCA,CASTRO ALVES,97.0,2024-05-14 06:00:00,242.83,152.09,428.57,2264.0,2398.0,156.0,2242.0,19.0,0.0,1.0,2024-05-14 06:00:00,2024-05-14 05:00:00,SOURCE_WHOLE_HOUR,2024-05-14 09:00:00+00:00,ONS_NORM_BRASILIA_EXPORT_AND_PERIOD_LINK_UNVERIFIED,AGENT_REPORTED_NOT_VALIDATED_BY_ONS,2024-05,-19.0
S,Sul,Fio dagua,JACUI,JIUHCA,CASTRO ALVES,97.0,2024-05-14 07:00:00,242.79,152.03,423.93,2286.0,2345.0,156.0,2189.0,19.0,0.0,1.0,2024-05-14 07:00:00,2024-05-14 06:00:00,SOURCE_WHOLE_HOUR,2024-05-14 10:00:00+00:00,ONS_NORM_BRASILIA_EXPORT_AND_PERIOD_LINK_UNVERIFIED,AGENT_REPORTED_NOT_VALIDATED_BY_ONS,2024-05,-19.0
S,Sul,Fio dagua,JACUI,JIUHCA,CASTRO ALVES,97.0,2024-05-14 08:00:00,242.73,151.82,416.96,2181.0,2270.0,159.0,2112.0,19.0,0.0,1.0,2024-05-14 08:00:00,2024-05-14 07:00:00,SOURCE_WHOLE_HOUR,2024-05-14 11:00:00+00:00,ONS_NORM_BRASILIA_EXPORT_AND_PERIOD_LINK_UNVERIFIED,AGENT_REPORTED_NOT_VALIDATED_BY_ONS,2024-05,-20.0
S,Sul,Fio dagua,JACUI,JIUHCA,CASTRO ALVES,97.0,2024-05-14 09:00:00,242.66,151.68,408.84,2077.0,2181.0,159.0,2023.0,19.0,0.0,1.0,2024-05-14 09:00:00,2024-05-14 08:00:00,SOURCE_WHOLE_HOUR,2024-05-14 12:00:00+00:00,ONS_NORM_BRASILIA_EXPORT_AND_PERIOD_LINK_UNVERIFIED,AGENT_REPORTED_NOT_VALIDATED_BY_ONS,2024-05,-20.0
S,Sul,Fio dagua,JACUI,JIUHCA,CASTRO ALVES,97.0,2024-05-14 10:00:00,242.59,151.54,400.71,1990.0,2094.0,159.0,1935.0,19.0,0.0,1.0,2024-05-14 10:00:00,2024-05-14 09:00:00,SOURCE_WHOLE_HOUR,2024-05-14 13:00:00+00:00,ONS_NORM_BRASILIA_EXPORT_AND_PERIOD_LINK_UNVERIFIED,AGENT_REPORTED_NOT_VALIDATED_BY_ONS,2024-05,-19.0
S,Sul,Fio dagua,JACUI,JIUHCA,CASTRO ALVES,97.0,2024-05-14 11:00:00,242.55,151.4,396.07,1986.0,2045.0,159.0,1886.0,19.0,0.0,1.0,2024-05-14 11:00:00,2024-05-14 10:00:00,SOURCE_WHOLE_HOUR,2024-05-14 14:00:00+00:00,ONS_NORM_BRASILIA_EXPORT_AND_PERIOD_LINK_UNVERIFIED,AGENT_REPORTED_NOT_VALIDATED_BY_ONS,2024-05,-19.0
S,Sul,Fio dagua,JACUI,JIUHCA,CASTRO ALVES,97.0,2024-05-14 12:00:00,242.51,151.26,391.42,1937.0,1997.0,159.0,1838.0,19.0,0.0,1.0,2024-05-14 12:00:00,2024-05-14 11:00:00,SOURCE_WHOLE_HOUR,2024-05-14 15:00:00+00:00,ONS_NORM_BRASILIA_EXPORT_AND_PERIOD_LINK_UNVERIFIED,AGENT_REPORTED_NOT_VALIDATED_BY_ONS,2024-05,-19.0
S,Sul,Fio dagua,JACUI,JIUHCA,CASTRO ALVES,97.0,2024-05-14 13:00:00,242.43,151.12,382.13,1783.0,1902.0,159.0,1743.0,19.0,0.0,1.0,2024-05-14 13:00:00,2024-05-14 12:00:00,SOURCE_WHOLE_HOUR,2024-05-14 16:00:00+00:00,ONS_NORM_BRASILIA_EXPORT_AND_PERIOD_LINK_UNVERIFIED,AGENT_REPORTED_NOT_VALIDATED_BY_ONS,2024-05,-19.0
S,Sul,Fio dagua,JACUI,JIUHCA,CASTRO ALVES,97.0,2024-05-14 14:00:00,242.38,151.04,376.33,1769.0,1843.0,159.0,1684.0,19.0,0.0,1.0,2024-05-14 14:00:00,2024-05-14 13:00:00,SOURCE_WHOLE_HOUR,2024-05-14 17:00:00+00:00,ONS_NORM_BRASILIA_EXPORT_AND_PERIOD_LINK_UNVERIFIED,AGENT_REPORTED_NOT_VALIDATED_BY_ONS,2024-05,-19.0
S,Sul,Fio dagua,JACUI,JIUHCA,CASTRO ALVES,97.0,2024-05-14 15:00:00,242.34,150.88,371.68,1737.0,1797.0,159.0,1638.0,19.0,0.0,1.0,2024-05-14 15:00:00,2024-05-14 14:00:00,SOURCE_WHOLE_HOUR,2024-05-14 18:00:00+00:00,ONS_NORM_BRASILIA_EXPORT_AND_PERIOD_LINK_UNVERIFIED,AGENT_REPORTED_NOT_VALIDATED_BY_ONS,2024-05,-19.0
S,Sul,Fio dagua,JACUI,JIUHCA,CASTRO ALVES,97.0,2024-05-14 16:00:00,242.3,150.8,367.04,1692.0,1752.0,159.0,1593.0,19.0,0.0,1.0,2024-05-14 16:00:00,2024-05-14 15:00:00,SOURCE_WHOLE_HOUR,2024-05-14 19:00:00+00:00,ONS_NORM_BRASILIA_EXPORT_AND_PERIOD_LINK_UNVERIFIED,AGENT_REPORTED_NOT_VALIDATED_BY_ONS,2024-05,-19.0
S,Sul,Fio dagua,JACUI,JIUHCA,CASTRO ALVES,97.0,2024-05-14 17:00:00,242.25,150.65,361.23,1621.0,1695.0,158.0,1537.0,19.0,0.0,1.0,2024-05-14 17:00:00,2024-05-14 16:00:00,SOURCE_WHOLE_HOUR,2024-05-14 20:00:00+00:00,ONS_NORM_BRASILIA_EXPORT_AND_PERIOD_LINK_UNVERIFIED,AGENT_REPORTED_NOT_VALIDATED_BY_ONS,2024-05,-19.0
S,Sul,Fio dagua,JACUI,JIUHCA,CASTRO ALVES,97.0,2024-05-14 18:00:00,242.24,150.57,360.07,1669.0,1684.0,158.0,1526.0,19.0,0.0,1.0,2024-05-14 18:00:00,2024-05-14 17:00:00,SOURCE_WHOLE_HOUR,2024-05-14 21:00:00+00:00,ONS_NORM_BRASILIA_EXPORT_AND_PERIOD_LINK_UNVERIFIED,AGENT_REPORTED_NOT_VALIDATED_BY_ONS,2024-05,-19.0
S,Sul,Fio dagua,JACUI,JIUHCA,CASTRO ALVES,97.0,2024-05-14 19:00:00,242.18,150.7,353.11,1530.0,1619.0,159.0,1460.0,19.0,0.0,1.0,2024-05-14 19:00:00,2024-05-14 18:00:00,SOURCE_WHOLE_HOUR,2024-05-14 22:00:00+00:00,ONS_NORM_BRASILIA_EXPORT_AND_PERIOD_LINK_UNVERIFIED,AGENT_REPORTED_NOT_VALIDATED_BY_ONS,2024-05,-19.0
S,Sul,Fio dagua,JACUI,JIUHCA,CASTRO ALVES,97.0,2024-05-14 20:00:00,242.14,150.84,348.46,1516.0,1575.0,159.0,1417.0,19.0,0.0,1.0,2024-05-14 20:00:00,2024-05-14 19:00:00,SOURCE_WHOLE_HOUR,2024-05-14 23:00:00+00:00,ONS_NORM_BRASILIA_EXPORT_AND_PERIOD_LINK_UNVERIFIED,AGENT_REPORTED_NOT_VALIDATED_BY_ONS,2024-05,-20.0
S,Sul,Fio dagua,JACUI,JIUHCA,CASTRO ALVES,97.0,2024-05-14 21:00:00,242.1,150.77,343.82,1473.0,1533.0,159.0,1374.0,19.0,0.0,1.0,2024-05-14 21:00:00,2024-05-14 20:00:00,SOURCE_WHOLE_HOUR,2024-05-15 00:00:00+00:00,ONS_NORM_BRASILIA_EXPORT_AND_PERIOD_LINK_UNVERIFIED,AGENT_REPORTED_NOT_VALIDATED_BY_ONS,2024-05,-19.0
S,Sul,Fio dagua,JACUI,JIUHCA,CASTRO ALVES,97.0,2024-05-14 22:00:00,242.05,150.63,338.01,1406.0,1480.0,159.0,1321.0,19.0,0.0,1.0,2024-05-14 22:00:00,2024-05-14 21:00:00,SOURCE_WHOLE_HOUR,2024-05-15 01:00:00+00:00,ONS_NORM_BRASILIA_EXPORT_AND_PERIOD_LINK_UNVERIFIED,AGENT_REPORTED_NOT_VALIDATED_BY_ONS,2024-05,-19.0
S,Sul,Fio dagua,JACUI,JIUHCA,CASTRO ALVES,97.0,2024-05-14 23:00:00,242.02,150.56,334.53,1404.0,1448.0,158.0,1290.0,19.0,0.0,1.0,2024-05-14 23:00:00,2024-05-14 22:00:00,SOURCE_WHOLE_HOUR,2024-05-15 02:00:00+00:00,ONS_NORM_BRASILIA_EXPORT_AND_PERIOD_LINK_UNVERIFIED,AGENT_REPORTED_NOT_VALIDATED_BY_ONS,2024-05,-19.0
S,Sul,Fio dagua,JACUI,JIUHCA,CASTRO ALVES,97.0,2024-05-14 23:59:00,241.97,150.5,328.73,1322.0,1397.0,159.0,1238.0,19.0,0.0,1.0,2024-05-15 00:00:00,2024-05-14 23:00:00,23:59_AS_24:00_UNVERIFIED,2024-05-15 03:00:00+00:00,ONS_NORM_BRASILIA_EXPORT_AND_PERIOD_LINK_UNVERIFIED,AGENT_REPORTED_NOT_VALIDATED_BY_ONS,2024-05,-19.0
S,Sul,Fio dagua,JACUI,JIUHCA,CASTRO ALVES,97.0,2024-05-15 01:00:00,241.94,150.36,325.24,1321.0,1365.0,158.0,1207.0,19.0,0.0,1.0,2024-05-15 01:00:00,2024-05-15 00:00:00,SOURCE_WHOLE_HOUR,2024-05-15 04:00:00+00:00,ONS_NORM_BRASILIA_EXPORT_AND_PERIOD_LINK_UNVERIFIED,AGENT_REPORTED_NOT_VALIDATED_BY_ONS,2024-05,-19.0
S,Sul,Fio dagua,JACUI,JIUHCA,CASTRO ALVES,97.0,2024-05-15 02:00:00,241.92,150.28,322.92,1315.0,1345.0,158.0,1187.0,19.0,0.0,1.0,2024-05-15 02:00:00,2024-05-15 01:00:00,SOURCE_WHOLE_HOUR,2024-05-15 05:00:00+00:00,ONS_NORM_BRASILIA_EXPORT_AND_PERIOD_LINK_UNVERIFIED,AGENT_REPORTED_NOT_VALIDATED_BY_ONS,2024-05,-19.0
S,Sul,Fio dagua,JACUI,JIUHCA,CASTRO ALVES,97.0,2024-05-15 03:00:00,241.9,150.22,320.6,1295.0,1325.0,158.0,1167.0,19.0,0.0,1.0,2024-05-15 03:00:00,2024-05-15 02:00:00,SOURCE_WHOLE_HOUR,2024-05-15 06:00:00+00:00,ONS_NORM_BRASILIA_EXPORT_AND_PERIOD_LINK_UNVERIFIED,AGENT_REPORTED_NOT_VALIDATED_BY_ONS,2024-05,-19.0
S,Sul,Fio dagua,JACUI,JIUHCA,CASTRO ALVES,97.0,2024-05-15 04:00:00,241.86,150.15,315.95,1225.0,1285.0,158.0,1127.0,19.0,0.0,1.0,2024-05-15 04:00:00,2024-05-15 03:00:00,SOURCE_WHOLE_HOUR,2024-05-15 07:00:00+00:00,ONS_NORM_BRASILIA_EXPORT_AND_PERIOD_LINK_UNVERIFIED,AGENT_REPORTED_NOT_VALIDATED_BY_ONS,2024-05,-19.0
S,Sul,Fio dagua,JACUI,JIUHCA,CASTRO ALVES,97.0,2024-05-15 05:00:00,241.84,150.08,313.63,1235.0,1265.0,158.0,1107.0,19.0,0.0,1.0,2024-05-15 05:00:00,2024-05-15 04:00:00,SOURCE_WHOLE_HOUR,2024-05-15 08:00:00+00:00,ONS_NORM_BRASILIA_EXPORT_AND_PERIOD_LINK_UNVERIFIED,AGENT_REPORTED_NOT_VALIDATED_BY_ONS,2024-05,-19.0
S,Sul,Fio dagua,JACUI,JIUHCA,CASTRO ALVES,97.0,2024-05-15 06:00:00,241.81,150.0,310.15,1191.0,1236.0,158.0,1078.0,19.0,0.0,1.0,2024-05-15 06:00:00,2024-05-15 05:00:00,SOURCE_WHOLE_HOUR,2024-05-15 09:00:00+00:00,ONS_NORM_BRASILIA_EXPORT_AND_PERIOD_LINK_UNVERIFIED,AGENT_REPORTED_NOT_VALIDATED_BY_ONS,2024-05,-19.0
S,Sul,Fio dagua,JACUI,JIUHCA,CASTRO ALVES,97.0,2024-05-15 07:00:00,241.78,149.93,306.67,1162.0,1207.0,158.0,1049.0,19.0,0.0,1.0,2024-05-15 07:00:00,2024-05-15 06:00:00,SOURCE_WHOLE_HOUR,2024-05-15 10:00:00+00:00,ONS_NORM_BRASILIA_EXPORT_AND_PERIOD_LINK_UNVERIFIED,AGENT_REPORTED_NOT_VALIDATED_BY_ONS,2024-05,-19.0
S,Sul,Fio dagua,JACUI,JIUHCA,CASTRO ALVES,97.0,2024-05-15 08:00:00,241.74,149.8,302.02,1109.0,1168.0,157.0,1011.0,19.0,0.0,1.0,2024-05-15 08:00:00,2024-05-15 07:00:00,SOURCE_WHOLE_HOUR,2024-05-15 11:00:00+00:00,ONS_NORM_BRASILIA_EXPORT_AND_PERIOD_LINK_UNVERIFIED,AGENT_REPORTED_NOT_VALIDATED_BY_ONS,2024-05,-19.0
S,Sul,Fio dagua,JACUI,JIUHCA,CASTRO ALVES,97.0,2024-05-15 09:00:00,241.7,149.72,297.38,1072.0,1131.0,158.0,974.0,19.0,0.0,1.0,2024-05-15 09:00:00,2024-05-15 08:00:00,SOURCE_WHOLE_HOUR,2024-05-15 12:00:00+00:00,ONS_NORM_BRASILIA_EXPORT_AND_PERIOD_LINK_UNVERIFIED,AGENT_REPORTED_NOT_VALIDATED_BY_ONS,2024-05,-20.0
S,Sul,Fio dagua,JACUI,JIUHCA,CASTRO ALVES,97.0,2024-05-15 10:00:00,241.65,149.64,291.57,1011.0,1085.0,157.0,928.0,19.0,0.0,1.0,2024-05-15 10:00:00,2024-05-15 09:00:00,SOURCE_WHOLE_HOUR,2024-05-15 13:00:00+00:00,ONS_NORM_BRASILIA_EXPORT_AND_PERIOD_LINK_UNVERIFIED,AGENT_REPORTED_NOT_VALIDATED_BY_ONS,2024-05,-19.0
S,Sul,Fio dagua,JACUI,JIUHCA,CASTRO ALVES,97.0,2024-05-15 11:00:00,241.59,149.64,284.61,943.0,1032.0,158.0,874.0,19.0,0.0,1.0,2024-05-15 11:00:00,2024-05-15 10:00:00,SOURCE_WHOLE_HOUR,2024-05-15 14:00:00+00:00,ONS_NORM_BRASILIA_EXPORT_AND_PERIOD_LINK_UNVERIFIED,AGENT_REPORTED_NOT_VALIDATED_BY_ONS,2024-05,-19.0
S,Sul,Fio dagua,JACUI,JIUHCA,CASTRO ALVES,97.0,2024-05-15 12:00:00,241.55,149.63,279.96,938.0,997.0,158.0,839.0,19.0,0.0,1.0,2024-05-15 12:00:00,2024-05-15 11:00:00,SOURCE_WHOLE_HOUR,2024-05-15 15:00:00+00:00,ONS_NORM_BRASILIA_EXPORT_AND_PERIOD_LINK_UNVERIFIED,AGENT_REPORTED_NOT_VALIDATED_BY_ONS,2024-05,-19.0
S,Sul,Fio dagua,JACUI,JIUHCA,CASTRO ALVES,97.0,2024-05-15 13:00:00,241.51,149.98,275.32,905.0,964.0,158.0,806.0,19.0,0.0,1.0,2024-05-15 13:00:00,2024-05-15 12:00:00,SOURCE_WHOLE_HOUR,2024-05-15 16:00:00+00:00,ONS_NORM_BRASILIA_EXPORT_AND_PERIOD_LINK_UNVERIFIED,AGENT_REPORTED_NOT_VALIDATED_BY_ONS,2024-05,-19.0
S,Sul,Fio dagua,JACUI,JIUHCA,CASTRO ALVES,97.0,2024-05-15 14:00:00,241.49,149.98,273.0,918.0,948.0,159.0,789.0,19.0,0.0,1.0,2024-05-15 14:00:00,2024-05-15 13:00:00,SOURCE_WHOLE_HOUR,2024-05-15 17:00:00+00:00,ONS_NORM_BRASILIA_EXPORT_AND_PERIOD_LINK_UNVERIFIED,AGENT_REPORTED_NOT_VALIDATED_BY_ONS,2024-05,-19.0
S,Sul,Fio dagua,JACUI,JIUHCA,CASTRO ALVES,97.0,2024-05-15 15:00:00,241.49,149.98,273.0,948.0,948.0,158.0,789.0,19.0,0.0,1.0,2024-05-15 15:00:00,2024-05-15 14:00:00,SOURCE_WHOLE_HOUR,2024-05-15 18:00:00+00:00,ONS_NORM_BRASILIA_EXPORT_AND_PERIOD_LINK_UNVERIFIED,AGENT_REPORTED_NOT_VALIDATED_BY_ONS,2024-05,-18.0
S,Sul,Fio dagua,JACUI,JIUHCA,CASTRO ALVES,97.0,2024-05-15 16:00:00,241.49,149.91,273.0,948.0,948.0,158.0,789.0,19.0,0.0,1.0,2024-05-15 16:00:00,2024-05-15 15:00:00,SOURCE_WHOLE_HOUR,2024-05-15 19:00:00+00:00,ONS_NORM_BRASILIA_EXPORT_AND_PERIOD_LINK_UNVERIFIED,AGENT_REPORTED_NOT_VALIDATED_BY_ONS,2024-05,-18.0
S,Sul,Fio dagua,JACUI,JIUHCA,CASTRO ALVES,97.0,2024-05-15 17:00:00,241.48,149.91,271.83,925.0,940.0,159.0,781.0,19.0,0.0,1.0,2024-05-15 17:00:00,2024-05-15 16:00:00,SOURCE_WHOLE_HOUR,2024-05-15 20:00:00+00:00,ONS_NORM_BRASILIA_EXPORT_AND_PERIOD_LINK_UNVERIFIED,AGENT_REPORTED_NOT_VALIDATED_BY_ONS,2024-05,-19.0
S,Sul,Fio dagua,JACUI,JIUHCA,CASTRO ALVES,97.0,2024-05-15 18:00:00,241.45,149.84,268.35,871.0,916.0,159.0,757.0,19.0,0.0,1.0,2024-05-15 18:00:00,2024-05-15 17:00:00,SOURCE_WHOLE_HOUR,2024-05-15 21:00:00+00:00,ONS_NORM_BRASILIA_EXPORT_AND_PERIOD_LINK_UNVERIFIED,AGENT_REPORTED_NOT_VALIDATED_BY_ONS,2024-05,-19.0
S,Sul,Fio dagua,JACUI,JIUHCA,CASTRO ALVES,97.0,2024-05-15 19:00:00,241.45,149.77,268.35,915.0,915.0,158.0,757.0,19.0,0.0,1.0,2024-05-15 19:00:00,2024-05-15 18:00:00,SOURCE_WHOLE_HOUR,2024-05-15 22:00:00+00:00,ONS_NORM_BRASILIA_EXPORT_AND_PERIOD_LINK_UNVERIFIED,AGENT_REPORTED_NOT_VALIDATED_BY_ONS,2024-05,-19.0
S,Sul,Fio dagua,JACUI,JIUHCA,CASTRO ALVES,97.0,2024-05-15 20:00:00,241.42,149.77,264.87,847.0,891.0,158.0,733.0,19.0,0.0,1.0,2024-05-15 20:00:00,2024-05-15 19:00:00,SOURCE_WHOLE_HOUR,2024-05-15 23:00:00+00:00,ONS_NORM_BRASILIA_EXPORT_AND_PERIOD_LINK_UNVERIFIED,AGENT_REPORTED_NOT_VALIDATED_BY_ONS,2024-05,-19.0
S,Sul,Fio dagua,JACUI,JIUHCA,CASTRO ALVES,97.0,2024-05-15 21:00:00,241.39,149.77,261.38,824.0,868.0,159.0,709.0,19.0,0.0,1.0,2024-05-15 21:00:00,2024-05-15 20:00:00,SOURCE_WHOLE_HOUR,2024-05-16 00:00:00+00:00,ONS_NORM_BRASILIA_EXPORT_AND_PERIOD_LINK_UNVERIFIED,AGENT_REPORTED_NOT_VALIDATED_BY_ONS,2024-05,-19.0
S,Sul,Fio dagua,JACUI,JIUHCA,CASTRO ALVES,97.0,2024-05-15 22:00:00,241.38,149.63,260.22,845.0,860.0,158.0,702.0,19.0,0.0,1.0,2024-05-15 22:00:00,2024-05-15 21:00:00,SOURCE_WHOLE_HOUR,2024-05-16 01:00:00+00:00,ONS_NORM_BRASILIA_EXPORT_AND_PERIOD_LINK_UNVERIFIED,AGENT_REPORTED_NOT_VALIDATED_BY_ONS,2024-05,-19.0
S,Sul,Fio dagua,JACUI,JIUHCA,CASTRO ALVES,97.0,2024-05-15 23:00:00,241.36,149.63,257.9,815.0,845.0,159.0,686.0,19.0,0.0,1.0,2024-05-15 23:00:00,2024-05-15 22:00:00,SOURCE_WHOLE_HOUR,2024-05-16 02:00:00+00:00,ONS_NORM_BRASILIA_EXPORT_AND_PERIOD_LINK_UNVERIFIED,AGENT_REPORTED_NOT_VALIDATED_BY_ONS,2024-05,-19.0
S,Sul,Fio dagua,JACUI,JIUHCA,CASTRO ALVES,97.0,2024-05-15 23:59:00,241.33,149.57,254.42,776.0,821.0,158.0,663.0,19.0,0.0,1.0,2024-05-16 00:00:00,2024-05-15 23:00:00,23:59_AS_24:00_UNVERIFIED,2024-05-16 03:00:00+00:00,ONS_NORM_BRASILIA_EXPORT_AND_PERIOD_LINK_UNVERIFIED,AGENT_REPORTED_NOT_VALIDATED_BY_ONS,2024-05,-19.0
S,Sul,Fio dagua,JACUI,JIUHCA,CASTRO ALVES,97.0,2024-05-16 01:00:00,241.31,149.5,252.1,776.0,806.0,158.0,648.0,19.0,0.0,1.0,2024-05-16 01:00:00,2024-05-16 00:00:00,SOURCE_WHOLE_HOUR,2024-05-16 04:00:00+00:00,ONS_NORM_BRASILIA_EXPORT_AND_PERIOD_LINK_UNVERIFIED,AGENT_REPORTED_NOT_VALIDATED_BY_ONS,2024-05,-19.0
S,Sul,Fio dagua,JACUI,JIUHCA,CASTRO ALVES,97.0,2024-05-16 02:00:00,241.32,149.5,253.26,828.0,814.0,158.0,656.0,19.0,0.0,1.0,2024-05-16 02:00:00,2024-05-16 01:00:00,SOURCE_WHOLE_HOUR,2024-05-16 05:00:00+00:00,ONS_NORM_BRASILIA_EXPORT_AND_PERIOD_LINK_UNVERIFIED,AGENT_REPORTED_NOT_VALIDATED_BY_ONS,2024-05,-19.0
S,Sul,Fio dagua,JACUI,JIUHCA,CASTRO ALVES,97.0,2024-05-16 03:00:00,241.32,149.43,253.26,813.0,813.0,158.0,656.0,19.0,0.0,1.0,2024-05-16 03:00:00,2024-05-16 02:00:00,SOURCE_WHOLE_HOUR,2024-05-16 06:00:00+00:00,ONS_NORM_BRASILIA_EXPORT_AND_PERIOD_LINK_UNVERIFIED,AGENT_REPORTED_NOT_VALIDATED_BY_ONS,2024-05,-20.0
S,Sul,Fio dagua,JACUI,JIUHCA,CASTRO ALVES,97.0,2024-05-16 04:00:00,241.31,149.43,252.1,791.0,806.0,158.0,648.0,19.0,0.0,1.0,2024-05-16 04:00:00,2024-05-16 03:00:00,SOURCE_WHOLE_HOUR,2024-05-16 07:00:00+00:00,ONS_NORM_BRASILIA_EXPORT_AND_PERIOD_LINK_UNVERIFIED,AGENT_REPORTED_NOT_VALIDATED_BY_ONS,2024-05,-19.0
S,Sul,Fio dagua,JACUI,JIUHCA,CASTRO ALVES,97.0,2024-05-16 05:00:00,241.29,149.36,249.77,761.0,791.0,158.0,633.0,19.0,0.0,1.0,2024-05-16 05:00:00,2024-05-16 04:00:00,SOURCE_WHOLE_HOUR,2024-05-16 08:00:00+00:00,ONS_NORM_BRASILIA_EXPORT_AND_PERIOD_LINK_UNVERIFIED,AGENT_REPORTED_NOT_VALIDATED_BY_ONS,2024-05,-19.0
S,Sul,Fio dagua,JACUI,JIUHCA,CASTRO ALVES,97.0,2024-05-16 06:00:00,241.29,149.36,249.77,791.0,791.0,158.0,633.0,19.0,0.0,1.0,2024-05-16 06:00:00,2024-05-16 05:00:00,SOURCE_WHOLE_HOUR,2024-05-16 09:00:00+00:00,ONS_NORM_BRASILIA_EXPORT_AND_PERIOD_LINK_UNVERIFIED,AGENT_REPORTED_NOT_VALIDATED_BY_ONS,2024-05,-19.0
S,Sul,Fio dagua,JACUI,JIUHCA,CASTRO ALVES,97.0,2024-05-16 07:00:00,241.29,149.29,249.77,791.0,791.0,158.0,633.0,19.0,0.0,1.0,2024-05-16 07:00:00,2024-05-16 06:00:00,SOURCE_WHOLE_HOUR,2024-05-16 10:00:00+00:00,ONS_NORM_BRASILIA_EXPORT_AND_PERIOD_LINK_UNVERIFIED,AGENT_REPORTED_NOT_VALIDATED_BY_ONS,2024-05,-19.0
S,Sul,Fio dagua,JACUI,JIUHCA,CASTRO ALVES,97.0,2024-05-16 08:00:00,241.26,149.23,246.29,724.0,769.0,158.0,611.0,19.0,0.0,1.0,2024-05-16 08:00:00,2024-05-16 07:00:00,SOURCE_WHOLE_HOUR,2024-05-16 11:00:00+00:00,ONS_NORM_BRASILIA_EXPORT_AND_PERIOD_LINK_UNVERIFIED,AGENT_REPORTED_NOT_VALIDATED_BY_ONS,2024-05,-19.0
S,Sul,Fio dagua,JACUI,JIUHCA,CASTRO ALVES,97.0,2024-05-16 09:00:00,241.26,149.23,246.29,768.0,768.0,157.0,611.0,19.0,0.0,1.0,2024-05-16 09:00:00,2024-05-16 08:00:00,SOURCE_WHOLE_HOUR,2024-05-16 12:00:00+00:00,ONS_NORM_BRASILIA_EXPORT_AND_PERIOD_LINK_UNVERIFIED,AGENT_REPORTED_NOT_VALIDATED_BY_ONS,2024-05,-19.0
S,Sul,Fio dagua,JACUI,JIUHCA,CASTRO ALVES,97.0,2024-05-16 10:00:00,241.22,149.23,241.65,680.0,739.0,157.0,582.0,19.0,0.0,1.0,2024-05-16 10:00:00,2024-05-16 09:00:00,SOURCE_WHOLE_HOUR,2024-05-16 13:00:00+00:00,ONS_NORM_BRASILIA_EXPORT_AND_PERIOD_LINK_UNVERIFIED,AGENT_REPORTED_NOT_VALIDATED_BY_ONS,2024-05,-19.0
S,Sul,Fio dagua,JACUI,JIUHCA,CASTRO ALVES,97.0,2024-05-16 11:00:00,241.21,149.16,240.49,717.0,732.0,157.0,574.0,19.0,0.0,1.0,2024-05-16 11:00:00,2024-05-16 10:00:00,SOURCE_WHOLE_HOUR,2024-05-16 14:00:00+00:00,ONS_NORM_BRASILIA_EXPORT_AND_PERIOD_LINK_UNVERIFIED,AGENT_REPORTED_NOT_VALIDATED_BY_ONS,2024-05,-18.0
S,Sul,Fio dagua,JACUI,JIUHCA,CASTRO ALVES,97.0,2024-05-16 12:00:00,241.2,149.17,239.32,709.0,724.0,157.0,567.0,19.0,0.0,1.0,2024-05-16 12:00:00,2024-05-16 11:00:00,SOURCE_WHOLE_HOUR,2024-05-16 15:00:00+00:00,ONS_NORM_BRASILIA_EXPORT_AND_PERIOD_LINK_UNVERIFIED,AGENT_REPORTED_NOT_VALIDATED_BY_ONS,2024-05,-19.0
S,Sul,Fio dagua,JACUI,JIUHCA,CASTRO ALVES,97.0,2024-05-16 13:00:00,241.2,149.09,239.32,703.0,703.0,136.0,567.0,19.0,0.0,1.0,2024-05-16 13:00:00,2024-05-16 12:00:00,SOURCE_WHOLE_HOUR,2024-05-16 16:00:00+00:00,ONS_NORM_BRASILIA_EXPORT_AND_PERIOD_LINK_UNVERIFIED,AGENT_REPORTED_NOT_VALIDATED_BY_ONS,2024-05,-19.0
S,Sul,Fio dagua,JACUI,JIUHCA,CASTRO ALVES,97.0,2024-05-16 14:00:00,241.2,149.09,239.32,723.0,723.0,156.0,567.0,19.0,0.0,1.0,2024-05-16 14:00:00,2024-05-16 13:00:00,SOURCE_WHOLE_HOUR,2024-05-16 17:00:00+00:00,ONS_NORM_BRASILIA_EXPORT_AND_PERIOD_LINK_UNVERIFIED,AGENT_REPORTED_NOT_VALIDATED_BY_ONS,2024-05,-19.0
S,Sul,Fio dagua,JACUI,JIUHCA,CASTRO ALVES,97.0,2024-05-16 15:00:00,241.2,149.09,239.32,723.0,723.0,156.0,567.0,19.0,0.0,1.0,2024-05-16 15:00:00,2024-05-16 14:00:00,SOURCE_WHOLE_HOUR,2024-05-16 18:00:00+00:00,ONS_NORM_BRASILIA_EXPORT_AND_PERIOD_LINK_UNVERIFIED,AGENT_REPORTED_NOT_VALIDATED_BY_ONS,2024-05,-19.0
S,Sul,Fio dagua,JACUI,JIUHCA,CASTRO ALVES,97.0,2024-05-16 17:00:00,241.06,149.02,223.07,614.0,629.0,158.0,471.0,20.0,0.0,,2024-05-16 17:00:00,2024-05-16 16:00:00,SOURCE_WHOLE_HOUR,2024-05-16 20:00:00+00:00,ONS_NORM_BRASILIA_EXPORT_AND_PERIOD_LINK_UNVERIFIED,AGENT_REPORTED_NOT_VALIDATED_BY_ONS,2024-05,-20.0
S,Sul,Fio dagua,JACUI,JIUHCA,CASTRO ALVES,97.0,2024-05-16 18:00:00,241.05,149.02,221.91,607.0,622.0,158.0,464.0,20.0,0.0,,2024-05-16 18:00:00,2024-05-16 17:00:00,SOURCE_WHOLE_HOUR,2024-05-16 21:00:00+00:00,ONS_NORM_BRASILIA_EXPORT_AND_PERIOD_LINK_UNVERIFIED,AGENT_REPORTED_NOT_VALIDATED_BY_ONS,2024-05,-20.0
S,Sul,Fio dagua,JACUI,JIUHCA,CASTRO ALVES,97.0,2024-05-16 19:00:00,241.05,148.95,221.91,611.0,611.0,147.0,464.0,20.0,0.0,,2024-05-16 19:00:00,2024-05-16 18:00:00,SOURCE_WHOLE_HOUR,2024-05-16 22:00:00+00:00,ONS_NORM_BRASILIA_EXPORT_AND_PERIOD_LINK_UNVERIFIED,AGENT_REPORTED_NOT_VALIDATED_BY_ONS,2024-05,-20.0
S,Sul,Fio dagua,JACUI,JIUHCA,CASTRO ALVES,97.0,2024-05-16 20:00:00,241.04,148.95,220.75,600.0,615.0,158.0,457.0,20.0,0.0,,2024-05-16 20:00:00,2024-05-16 19:00:00,SOURCE_WHOLE_HOUR,2024-05-16 23:00:00+00:00,ONS_NORM_BRASILIA_EXPORT_AND_PERIOD_LINK_UNVERIFIED,AGENT_REPORTED_NOT_VALIDATED_BY_ONS,2024-05,-20.0
S,Sul,Fio dagua,JACUI,JIUHCA,CASTRO ALVES,97.0,2024-05-16 21:00:00,241.02,148.95,218.43,572.0,602.0,158.0,444.0,20.0,0.0,,2024-05-16 21:00:00,2024-05-16 20:00:00,SOURCE_WHOLE_HOUR,2024-05-17 00:00:00+00:00,ONS_NORM_BRASILIA_EXPORT_AND_PERIOD_LINK_UNVERIFIED,AGENT_REPORTED_NOT_VALIDATED_BY_ONS,2024-05,-20.0
S,Sul,Fio dagua,JACUI,JIUHCA,CASTRO ALVES,97.0,2024-05-16 22:00:00,241.02,148.95,218.43,602.0,602.0,158.0,444.0,20.0,0.0,,2024-05-16 22:00:00,2024-05-16 21:00:00,SOURCE_WHOLE_HOUR,2024-05-17 01:00:00+00:00,ONS_NORM_BRASILIA_EXPORT_AND_PERIOD_LINK_UNVERIFIED,AGENT_REPORTED_NOT_VALIDATED_BY_ONS,2024-05,-20.0
S,Sul,Fio dagua,JACUI,JIUHCA,CASTRO ALVES,97.0,2024-05-16 23:00:00,241.01,148.87,217.27,581.0,596.0,158.0,438.0,20.0,0.0,,2024-05-16 23:00:00,2024-05-16 22:00:00,SOURCE_WHOLE_HOUR,2024-05-17 02:00:00+00:00,ONS_NORM_BRASILIA_EXPORT_AND_PERIOD_LINK_UNVERIFIED,AGENT_REPORTED_NOT_VALIDATED_BY_ONS,2024-05,-20.0
S,Sul,Fio dagua,JACUI,JIUHCA,CASTRO ALVES,97.0,2024-05-16 23:59:00,241.02,148.87,218.43,617.0,602.0,158.0,444.0,20.0,0.0,,2024-05-17 00:00:00,2024-05-16 23:00:00,23:59_AS_24:00_UNVERIFIED,2024-05-17 03:00:00+00:00,ONS_NORM_BRASILIA_EXPORT_AND_PERIOD_LINK_UNVERIFIED,AGENT_REPORTED_NOT_VALIDATED_BY_ONS,2024-05,-20.0
S,Sul,Fio dagua,JACUI,JIUHCA,CASTRO ALVES,97.0,2024-05-17 02:00:00,240.99,148.87,214.94,583.0,583.0,157.0,425.0,19.0,0.0,1.0,2024-05-17 02:00:00,2024-05-17 01:00:00,SOURCE_WHOLE_HOUR,2024-05-17 05:00:00+00:00,ONS_NORM_BRASILIA_EXPORT_AND_PERIOD_LINK_UNVERIFIED,AGENT_REPORTED_NOT_VALIDATED_BY_ONS,2024-05,-18.0
S,Sul,Fio dagua,JACUI,JIUHCA,CASTRO ALVES,97.0,2024-05-17 03:00:00,240.99,147.87,214.94,581.0,581.0,156.0,425.0,19.0,0.0,1.0,2024-05-17 03:00:00,2024-05-17 02:00:00,SOURCE_WHOLE_HOUR,2024-05-17 06:00:00+00:00,ONS_NORM_BRASILIA_EXPORT_AND_PERIOD_LINK_UNVERIFIED,AGENT_REPORTED_NOT_VALIDATED_BY_ONS,2024-05,-19.0
S,Sul,Fio dagua,JACUI,JIUHCA,CASTRO ALVES,97.0,2024-05-17 04:00:00,240.99,148.79,214.94,582.0,582.0,157.0,425.0,19.0,0.0,1.0,2024-05-17 04:00:00,2024-05-17 03:00:00,SOURCE_WHOLE_HOUR,2024-05-17 07:00:00+00:00,ONS_NORM_BRASILIA_EXPORT_AND_PERIOD_LINK_UNVERIFIED,AGENT_REPORTED_NOT_VALIDATED_BY_ONS,2024-05,-19.0
S,Sul,Fio dagua,JACUI,JIUHCA,CASTRO ALVES,97.0,2024-05-17 05:00:00,240.98,148.79,213.78,561.0,576.0,157.0,419.0,19.0,0.0,1.0,2024-05-17 05:00:00,2024-05-17 04:00:00,SOURCE_WHOLE_HOUR,2024-05-17 08:00:00+00:00,ONS_NORM_BRASILIA_EXPORT_AND_PERIOD_LINK_UNVERIFIED,AGENT_REPORTED_NOT_VALIDATED_BY_ONS,2024-05,-19.0
S,Sul,Fio dagua,JACUI,JIUHCA,CASTRO ALVES,97.0,2024-05-17 06:00:00,240.98,147.87,213.78,575.0,575.0,156.0,419.0,19.0,0.0,1.0,2024-05-17 06:00:00,2024-05-17 05:00:00,SOURCE_WHOLE_HOUR,2024-05-17 09:00:00+00:00,ONS_NORM_BRASILIA_EXPORT_AND_PERIOD_LINK_UNVERIFIED,AGENT_REPORTED_NOT_VALIDATED_BY_ONS,2024-05,-19.0
S,Sul,Fio dagua,JACUI,JIUHCA,CASTRO ALVES,97.0,2024-05-17 07:00:00,240.99,148.86,214.94,598.0,583.0,158.0,425.0,19.0,0.0,1.0,2024-05-17 07:00:00,2024-05-17 06:00:00,SOURCE_WHOLE_HOUR,2024-05-17 10:00:00+00:00,ONS_NORM_BRASILIA_EXPORT_AND_PERIOD_LINK_UNVERIFIED,AGENT_REPORTED_NOT_VALIDATED_BY_ONS,2024-05,-19.0
S,Sul,Fio dagua,JACUI,JIUHCA,CASTRO ALVES,97.0,2024-05-17 08:00:00,240.99,148.86,214.94,582.0,582.0,157.0,425.0,19.0,0.0,1.0,2024-05-17 08:00:00,2024-05-17 07:00:00,SOURCE_WHOLE_HOUR,2024-05-17 11:00:00+00:00,ONS_NORM_BRASILIA_EXPORT_AND_PERIOD_LINK_UNVERIFIED,AGENT_REPORTED_NOT_VALIDATED_BY_ONS,2024-05,-19.0
S,Sul,Fio dagua,JACUI,JIUHCA,CASTRO ALVES,97.0,2024-05-17 09:00:00,241.0,148.93,216.1,603.0,589.0,157.0,432.0,19.0,0.0,1.0,2024-05-17 09:00:00,2024-05-17 08:00:00,SOURCE_WHOLE_HOUR,2024-05-17 12:00:00+00:00,ONS_NORM_BRASILIA_EXPORT_AND_PERIOD_LINK_UNVERIFIED,AGENT_REPORTED_NOT_VALIDATED_BY_ONS,2024-05,-19.0
S,Sul,Fio dagua,JACUI,JIUHCA,CASTRO ALVES,97.0,2024-05-17 10:00:00,241.0,148.93,216.1,588.0,588.0,157.0,432.0,19.0,0.0,1.0,2024-05-17 10:00:00,2024-05-17 09:00:00,SOURCE_WHOLE_HOUR,2024-05-17 13:00:00+00:00,ONS_NORM_BRASILIA_EXPORT_AND_PERIOD_LINK_UNVERIFIED,AGENT_REPORTED_NOT_VALIDATED_BY_ONS,2024-05,-20.0
S,Sul,Fio dagua,JACUI,JIUHCA,CASTRO ALVES,97.0,2024-05-17 11:00:00,241.0,148.99,216.1,588.0,588.0,157.0,432.0,19.0,0.0,1.0,2024-05-17 11:00:00,2024-05-17 10:00:00,SOURCE_WHOLE_HOUR,2024-05-17 14:00:00+00:00,ONS_NORM_BRASILIA_EXPORT_AND_PERIOD_LINK_UNVERIFIED,AGENT_REPORTED_NOT_VALIDATED_BY_ONS,2024-05,-20.0
S,Sul,Fio dagua,JACUI,JIUHCA,CASTRO ALVES,97.0,2024-05-17 12:00:00,241.0,149.06,216.1,589.0,589.0,157.0,432.0,19.0,0.0,1.0,2024-05-17 12:00:00,2024-05-17 11:00:00,SOURCE_WHOLE_HOUR,2024-05-17 15:00:00+00:00,ONS_NORM_BRASILIA_EXPORT_AND_PERIOD_LINK_UNVERIFIED,AGENT_REPORTED_NOT_VALIDATED_BY_ONS,2024-05,-19.0
S,Sul,Fio dagua,JACUI,JIUHCA,CASTRO ALVES,97.0,2024-05-17 13:00:00,241.0,149.06,216.1,588.0,588.0,157.0,432.0,19.0,0.0,1.0,2024-05-17 13:00:00,2024-05-17 12:00:00,SOURCE_WHOLE_HOUR,2024-05-17 16:00:00+00:00,ONS_NORM_BRASILIA_EXPORT_AND_PERIOD_LINK_UNVERIFIED,AGENT_REPORTED_NOT_VALIDATED_BY_ONS,2024-05,-20.0
S,Sul,Fio dagua,JACUI,JIUHCA,CASTRO ALVES,97.0,2024-05-17 14:00:00,241.0,149.06,216.1,588.0,588.0,157.0,432.0,19.0,0.0,1.0,2024-05-17 14:00:00,2024-05-17 13:00:00,SOURCE_WHOLE_HOUR,2024-05-17 17:00:00+00:00,ONS_NORM_BRASILIA_EXPORT_AND_PERIOD_LINK_UNVERIFIED,AGENT_REPORTED_NOT_VALIDATED_BY_ONS,2024-05,-20.0
S,Sul,Fio dagua,JACUI,JIUHCA,CASTRO ALVES,97.0,2024-05-17 15:00:00,241.03,149.06,219.59,652.0,608.0,157.0,451.0,19.0,0.0,1.0,2024-05-17 15:00:00,2024-05-17 14:00:00,SOURCE_WHOLE_HOUR,2024-05-17 18:00:00+00:00,ONS_NORM_BRASILIA_EXPORT_AND_PERIOD_LINK_UNVERIFIED,AGENT_REPORTED_NOT_VALIDATED_BY_ONS,2024-05,-19.0
S,Sul,Fio dagua,JACUI,JIUHCA,CASTRO ALVES,97.0,2024-05-17 16:00:00,241.08,149.06,225.39,716.0,641.0,157.0,484.0,19.0,0.0,1.0,2024-05-17 16:00:00,2024-05-17 15:00:00,SOURCE_WHOLE_HOUR,2024-05-17 19:00:00+00:00,ONS_NORM_BRASILIA_EXPORT_AND_PERIOD_LINK_UNVERIFIED,AGENT_REPORTED_NOT_VALIDATED_BY_ONS,2024-05,-19.0
S,Sul,Fio dagua,JACUI,JIUHCA,CASTRO ALVES,97.0,2024-05-17 17:00:00,241.1,149.06,227.71,685.0,655.0,157.0,498.0,19.0,0.0,1.0,2024-05-17 17:00:00,2024-05-17 16:00:00,SOURCE_WHOLE_HOUR,2024-05-17 20:00:00+00:00,ONS_NORM_BRASILIA_EXPORT_AND_PERIOD_LINK_UNVERIFIED,AGENT_REPORTED_NOT_VALIDATED_BY_ONS,2024-05,-19.0
S,Sul,Fio dagua,JACUI,JIUHCA,CASTRO ALVES,97.0,2024-05-17 18:00:00,241.15,149.2,233.52,764.0,689.0,158.0,532.0,19.0,0.0,1.0,2024-05-17 18:00:00,2024-05-17 17:00:00,SOURCE_WHOLE_HOUR,2024-05-17 21:00:00+00:00,ONS_NORM_BRASILIA_EXPORT_AND_PERIOD_LINK_UNVERIFIED,AGENT_REPORTED_NOT_VALIDATED_BY_ONS,2024-05,-20.0
S,Sul,Fio dagua,JACUI,JIUHCA,CASTRO ALVES,97.0,2024-05-17 19:00:00,241.15,149.28,233.52,690.0,690.0,158.0,532.0,19.0,0.0,1.0,2024-05-17 19:00:00,2024-05-17 18:00:00,SOURCE_WHOLE_HOUR,2024-05-17 22:00:00+00:00,ONS_NORM_BRASILIA_EXPORT_AND_PERIOD_LINK_UNVERIFIED,AGENT_REPORTED_NOT_VALIDATED_BY_ONS,2024-05,-19.0
S,Sul,Fio dagua,JACUI,JIUHCA,CASTRO ALVES,97.0,2024-05-17 20:00:00,241.19,149.34,238.16,777.0,718.0,158.0,560.0,19.0,0.0,1.0,2024-05-17 20:00:00,2024-05-17 19:00:00,SOURCE_WHOLE_HOUR,2024-05-17 23:00:00+00:00,ONS_NORM_BRASILIA_EXPORT_AND_PERIOD_LINK_UNVERIFIED,AGENT_REPORTED_NOT_VALIDATED_BY_ONS,2024-05,-19.0
S,Sul,Fio dagua,JACUI,JIUHCA,CASTRO ALVES,97.0,2024-05-17 21:00:00,241.19,149.34,238.16,718.0,718.0,158.0,560.0,19.0,0.0,1.0,2024-05-17 21:00:00,2024-05-17 20:00:00,SOURCE_WHOLE_HOUR,2024-05-18 00:00:00+00:00,ONS_NORM_BRASILIA_EXPORT_AND_PERIOD_LINK_UNVERIFIED,AGENT_REPORTED_NOT_VALIDATED_BY_ONS,2024-05,-19.0
S,Sul,Fio dagua,JACUI,JIUHCA,CASTRO ALVES,97.0,2024-05-17 23:59:00,241.23,149.48,242.81,777.0,747.0,158.0,589.0,19.0,0.0,1.0,2024-05-18 00:00:00,2024-05-17 23:00:00,23:59_AS_24:00_UNVERIFIED,2024-05-18 03:00:00+00:00,ONS_NORM_BRASILIA_EXPORT_AND_PERIOD_LINK_UNVERIFIED,AGENT_REPORTED_NOT_VALIDATED_BY_ONS,2024-05,-19.0
S,Sul,Fio dagua,JACUI,JIUHCA,CASTRO ALVES,97.0,2024-05-18 01:00:00,241.23,149.55,242.81,747.0,747.0,158.0,589.0,19.0,0.0,1.0,2024-05-18 01:00:00,2024-05-18 00:00:00,SOURCE_WHOLE_HOUR,2024-05-18 04:00:00+00:00,ONS_NORM_BRASILIA_EXPORT_AND_PERIOD_LINK_UNVERIFIED,AGENT_REPORTED_NOT_VALIDATED_BY_ONS,2024-05,-19.0
S,Sul,Fio dagua,JACUI,JIUHCA,CASTRO ALVES,97.0,2024-05-18 02:00:00,241.24,149.55,243.97,769.0,754.0,158.0,596.0,19.0,0.0,1.0,2024-05-18 02:00:00,2024-05-18 01:00:00,SOURCE_WHOLE_HOUR,2024-05-18 05:00:00+00:00,ONS_NORM_BRASILIA_EXPORT_AND_PERIOD_LINK_UNVERIFIED,AGENT_REPORTED_NOT_VALIDATED_BY_ONS,2024-05,-19.0
S,Sul,Fio dagua,JACUI,JIUHCA,CASTRO ALVES,97.0,2024-05-18 03:00:00,241.24,149.6,243.97,755.0,755.0,158.0,596.0,19.0,0.0,1.0,2024-05-18 03:00:00,2024-05-18 02:00:00,SOURCE_WHOLE_HOUR,2024-05-18 06:00:00+00:00,ONS_NORM_BRASILIA_EXPORT_AND_PERIOD_LINK_UNVERIFIED,AGENT_REPORTED_NOT_VALIDATED_BY_ONS,2024-05,-18.0
S,Sul,Fio dagua,JACUI,JIUHCA,CASTRO ALVES,97.0,2024-05-18 04:00:00,241.25,149.6,245.13,777.0,762.0,158.0,603.0,19.0,0.0,1.0,2024-05-18 04:00:00,2024-05-18 03:00:00,SOURCE_WHOLE_HOUR,2024-05-18 07:00:00+00:00,ONS_NORM_BRASILIA_EXPORT_AND_PERIOD_LINK_UNVERIFIED,AGENT_REPORTED_NOT_VALIDATED_BY_ONS,2024-05,-18.0
S,Sul,Fio dagua,JACUI,JIUHCA,CASTRO ALVES,97.0,2024-05-18 05:00:00,241.27,149.65,247.45,806.0,776.0,158.0,618.0,19.0,0.0,1.0,2024-05-18 05:00:00,2024-05-18 04:00:00,SOURCE_WHOLE_HOUR,2024-05-18 08:00:00+00:00,ONS_NORM_BRASILIA_EXPORT_AND_PERIOD_LINK_UNVERIFIED,AGENT_REPORTED_NOT_VALIDATED_BY_ONS,2024-05,-19.0
S,Sul,Fio dagua,JACUI,JIUHCA,CASTRO ALVES,97.0,2024-05-18 06:00:00,241.29,149.65,249.77,821.0,791.0,158.0,633.0,19.0,0.0,1.0,2024-05-18 06:00:00,2024-05-18 05:00:00,SOURCE_WHOLE_HOUR,2024-05-18 09:00:00+00:00,ONS_NORM_BRASILIA_EXPORT_AND_PERIOD_LINK_UNVERIFIED,AGENT_REPORTED_NOT_VALIDATED_BY_ONS,2024-05,-19.0
S,Sul,Fio dagua,JACUI,JIUHCA,CASTRO ALVES,97.0,2024-05-18 07:00:00,241.3,149.7,250.94,814.0,799.0,158.0,641.0,19.0,0.0,1.0,2024-05-18 07:00:00,2024-05-18 06:00:00,SOURCE_WHOLE_HOUR,2024-05-18 10:00:00+00:00,ONS_NORM_BRASILIA_EXPORT_AND_PERIOD_LINK_UNVERIFIED,AGENT_REPORTED_NOT_VALIDATED_BY_ONS,2024-05,-19.0
S,Sul,Fio dagua,JACUI,JIUHCA,CASTRO ALVES,97.0,2024-05-18 08:00:00,241.32,149.83,253.26,844.0,814.0,158.0,656.0,19.0,0.0,1.0,2024-05-18 08:00:00,2024-05-18 07:00:00,SOURCE_WHOLE_HOUR,2024-05-18 11:00:00+00:00,ONS_NORM_BRASILIA_EXPORT_AND_PERIOD_LINK_UNVERIFIED,AGENT_REPORTED_NOT_VALIDATED_BY_ONS,2024-05,-19.0
S,Sul,Fio dagua,JACUI,JIUHCA,CASTRO ALVES,97.0,2024-05-18 09:00:00,241.34,149.83,255.58,859.0,829.0,159.0,671.0,19.0,0.0,1.0,2024-05-18 09:00:00,2024-05-18 08:00:00,SOURCE_WHOLE_HOUR,2024-05-18 12:00:00+00:00,ONS_NORM_BRASILIA_EXPORT_AND_PERIOD_LINK_UNVERIFIED,AGENT_REPORTED_NOT_VALIDATED_BY_ONS,2024-05,-20.0
S,Sul,Fio dagua,JACUI,JIUHCA,CASTRO ALVES,97.0,2024-05-18 10:00:00,241.33,149.9,254.42,806.0,821.0,158.0,663.0,19.0,0.0,1.0,2024-05-18 10:00:00,2024-05-18 09:00:00,SOURCE_WHOLE_HOUR,2024-05-18 13:00:00+00:00,ONS_NORM_BRASILIA_EXPORT_AND_PERIOD_LINK_UNVERIFIED,AGENT_REPORTED_NOT_VALIDATED_BY_ONS,2024-05,-19.0
S,Sul,Fio dagua,JACUI,JIUHCA,CASTRO ALVES,97.0,2024-05-18 11:00:00,241.35,149.97,256.74,866.0,836.0,158.0,678.0,19.0,0.0,1.0,2024-05-18 11:00:00,2024-05-18 10:00:00,SOURCE_WHOLE_HOUR,2024-05-18 14:00:00+00:00,ONS_NORM_BRASILIA_EXPORT_AND_PERIOD_LINK_UNVERIFIED,AGENT_REPORTED_NOT_VALIDATED_BY_ONS,2024-05,-19.0
S,Sul,Fio dagua,JACUI,JIUHCA,CASTRO ALVES,97.0,2024-05-18 12:00:00,241.36,149.97,257.9,859.0,844.0,158.0,686.0,19.0,0.0,1.0,2024-05-18 12:00:00,2024-05-18 11:00:00,SOURCE_WHOLE_HOUR,2024-05-18 15:00:00+00:00,ONS_NORM_BRASILIA_EXPORT_AND_PERIOD_LINK_UNVERIFIED,AGENT_REPORTED_NOT_VALIDATED_BY_ONS,2024-05,-19.0
S,Sul,Fio dagua,JACUI,JIUHCA,CASTRO ALVES,97.0,2024-05-18 13:00:00,241.36,149.97,257.9,844.0,844.0,158.0,686.0,19.0,0.0,1.0,2024-05-18 13:00:00,2024-05-18 12:00:00,SOURCE_WHOLE_HOUR,2024-05-18 16:00:00+00:00,ONS_NORM_BRASILIA_EXPORT_AND_PERIOD_LINK_UNVERIFIED,AGENT_REPORTED_NOT_VALIDATED_BY_ONS,2024-05,-19.0
S,Sul,Fio dagua,JACUI,JIUHCA,CASTRO ALVES,97.0,2024-05-18 14:00:00,241.39,150.04,261.38,911.0,867.0,157.0,709.0,19.0,0.0,1.0,2024-05-18 14:00:00,2024-05-18 13:00:00,SOURCE_WHOLE_HOUR,2024-05-18 17:00:00+00:00,ONS_NORM_BRASILIA_EXPORT_AND_PERIOD_LINK_UNVERIFIED,AGENT_REPORTED_NOT_VALIDATED_BY_ONS,2024-05,-18.0
S,Sul,Fio dagua,JACUI,JIUHCA,CASTRO ALVES,97.0,2024-05-18 15:00:00,241.39,150.04,261.38,867.0,867.0,158.0,709.0,19.0,0.0,1.0,2024-05-18 15:00:00,2024-05-18 14:00:00,SOURCE_WHOLE_HOUR,2024-05-18 18:00:00+00:00,ONS_NORM_BRASILIA_EXPORT_AND_PERIOD_LINK_UNVERIFIED,AGENT_REPORTED_NOT_VALIDATED_BY_ONS,2024-05,-19.0
S,Sul,Fio dagua,JACUI,JIUHCA,CASTRO ALVES,97.0,2024-05-18 16:00:00,241.39,150.04,261.38,867.0,867.0,158.0,709.0,19.0,0.0,1.0,2024-05-18 16:00:00,2024-05-18 15:00:00,SOURCE_WHOLE_HOUR,2024-05-18 19:00:00+00:00,ONS_NORM_BRASILIA_EXPORT_AND_PERIOD_LINK_UNVERIFIED,AGENT_REPORTED_NOT_VALIDATED_BY_ONS,2024-05,-19.0
S,Sul,Fio dagua,JACUI,JIUHCA,CASTRO ALVES,97.0,2024-05-18 17:00:00,241.37,150.11,259.06,822.0,852.0,158.0,694.0,19.0,0.0,1.0,2024-05-18 17:00:00,2024-05-18 16:00:00,SOURCE_WHOLE_HOUR,2024-05-18 20:00:00+00:00,ONS_NORM_BRASILIA_EXPORT_AND_PERIOD_LINK_UNVERIFIED,AGENT_REPORTED_NOT_VALIDATED_BY_ONS,2024-05,-19.0
S,Sul,Fio dagua,JACUI,JIUHCA,CASTRO ALVES,97.0,2024-05-18 18:00:00,241.37,149.11,259.06,850.0,850.0,156.0,694.0,19.0,0.0,1.0,2024-05-18 18:00:00,2024-05-18 17:00:00,SOURCE_WHOLE_HOUR,2024-05-18 21:00:00+00:00,ONS_NORM_BRASILIA_EXPORT_AND_PERIOD_LINK_UNVERIFIED,AGENT_REPORTED_NOT_VALIDATED_BY_ONS,2024-05,-19.0
S,Sul,Fio dagua,JACUI,JIUHCA,CASTRO ALVES,97.0,2024-05-18 19:00:00,241.37,149.96,259.06,851.0,851.0,157.0,694.0,19.0,0.0,1.0,2024-05-18 19:00:00,2024-05-18 18:00:00,SOURCE_WHOLE_HOUR,2024-05-18 22:00:00+00:00,ONS_NORM_BRASILIA_EXPORT_AND_PERIOD_LINK_UNVERIFIED,AGENT_REPORTED_NOT_VALIDATED_BY_ONS,2024-05,-19.0
S,Sul,Fio dagua,JACUI,JIUHCA,CASTRO ALVES,97.0,2024-05-18 20:00:00,241.33,149.9,254.42,761.0,821.0,158.0,663.0,19.0,0.0,1.0,2024-05-18 20:00:00,2024-05-18 19:00:00,SOURCE_WHOLE_HOUR,2024-05-18 23:00:00+00:00,ONS_NORM_BRASILIA_EXPORT_AND_PERIOD_LINK_UNVERIFIED,AGENT_REPORTED_NOT_VALIDATED_BY_ONS,2024-05,-19.0
S,Sul,Fio dagua,JACUI,JIUHCA,CASTRO ALVES,97.0,2024-05-18 21:00:00,241.31,149.9,252.1,776.0,806.0,158.0,648.0,19.0,0.0,1.0,2024-05-18 21:00:00,2024-05-18 20:00:00,SOURCE_WHOLE_HOUR,2024-05-19 00:00:00+00:00,ONS_NORM_BRASILIA_EXPORT_AND_PERIOD_LINK_UNVERIFIED,AGENT_REPORTED_NOT_VALIDATED_BY_ONS,2024-05,-19.0
S,Sul,Fio dagua,JACUI,JIUHCA,CASTRO ALVES,97.0,2024-05-18 22:00:00,241.31,149.83,252.1,806.0,806.0,158.0,648.0,19.0,0.0,1.0,2024-05-18 22:00:00,2024-05-18 21:00:00,SOURCE_WHOLE_HOUR,2024-05-19 01:00:00+00:00,ONS_NORM_BRASILIA_EXPORT_AND_PERIOD_LINK_UNVERIFIED,AGENT_REPORTED_NOT_VALIDATED_BY_ONS,2024-05,-19.0
S,Sul,Fio dagua,JACUI,JIUHCA,CASTRO ALVES,97.0,2024-05-18 23:00:00,241.33,149.83,254.42,851.0,821.0,158.0,663.0,19.0,0.0,1.0,2024-05-18 23:00:00,2024-05-18 22:00:00,SOURCE_WHOLE_HOUR,2024-05-19 02:00:00+00:00,ONS_NORM_BRASILIA_EXPORT_AND_PERIOD_LINK_UNVERIFIED,AGENT_REPORTED_NOT_VALIDATED_BY_ONS,2024-05,-19.0
S,Sul,Fio dagua,JACUI,JIUHCA,CASTRO ALVES,97.0,2024-05-18 23:59:00,241.34,149.83,255.58,843.0,829.0,158.0,671.0,19.0,0.0,1.0,2024-05-19 00:00:00,2024-05-18 23:00:00,23:59_AS_24:00_UNVERIFIED,2024-05-19 03:00:00+00:00,ONS_NORM_BRASILIA_EXPORT_AND_PERIOD_LINK_UNVERIFIED,AGENT_REPORTED_NOT_VALIDATED_BY_ONS,2024-05,-19.0
S,Sul,Fio dagua,JACUI,JIUHCA,CASTRO ALVES,97.0,2024-05-19 01:00:00,241.32,149.76,253.26,784.0,814.0,158.0,656.0,19.0,0.0,1.0,2024-05-19 01:00:00,2024-05-19 00:00:00,SOURCE_WHOLE_HOUR,2024-05-19 04:00:00+00:00,ONS_NORM_BRASILIA_EXPORT_AND_PERIOD_LINK_UNVERIFIED,AGENT_REPORTED_NOT_VALIDATED_BY_ONS,2024-05,-19.0
S,Sul,Fio dagua,JACUI,JIUHCA,CASTRO ALVES,97.0,2024-05-19 02:00:00,241.3,149.76,250.94,769.0,799.0,158.0,641.0,19.0,0.0,1.0,2024-05-19 02:00:00,2024-05-19 01:00:00,SOURCE_WHOLE_HOUR,2024-05-19 05:00:00+00:00,ONS_NORM_BRASILIA_EXPORT_AND_PERIOD_LINK_UNVERIFIED,AGENT_REPORTED_NOT_VALIDATED_BY_ONS,2024-05,-19.0
S,Sul,Fio dagua,JACUI,JIUHCA,CASTRO ALVES,97.0,2024-05-19 03:00:00,241.29,149.69,249.77,777.0,791.0,158.0,633.0,19.0,0.0,1.0,2024-05-19 03:00:00,2024-05-19 02:00:00,SOURCE_WHOLE_HOUR,2024-05-19 06:00:00+00:00,ONS_NORM_BRASILIA_EXPORT_AND_PERIOD_LINK_UNVERIFIED,AGENT_REPORTED_NOT_VALIDATED_BY_ONS,2024-05,-19.0
S,Sul,Fio dagua,JACUI,JIUHCA,CASTRO ALVES,97.0,2024-05-19 04:00:00,241.26,149.69,246.29,725.0,769.0,158.0,611.0,19.0,0.0,1.0,2024-05-19 04:00:00,2024-05-19 03:00:00,SOURCE_WHOLE_HOUR,2024-05-19 07:00:00+00:00,ONS_NORM_BRASILIA_EXPORT_AND_PERIOD_LINK_UNVERIFIED,AGENT_REPORTED_NOT_VALIDATED_BY_ONS,2024-05,-19.0
S,Sul,Fio dagua,JACUI,JIUHCA,CASTRO ALVES,97.0,2024-05-19 05:00:00,241.24,149.61,243.97,725.0,754.0,158.0,596.0,19.0,0.0,1.0,2024-05-19 05:00:00,2024-05-19 04:00:00,SOURCE_WHOLE_HOUR,2024-05-19 08:00:00+00:00,ONS_NORM_BRASILIA_EXPORT_AND_PERIOD_LINK_UNVERIFIED,AGENT_REPORTED_NOT_VALIDATED_BY_ONS,2024-05,-19.0
S,Sul,Fio dagua,JACUI,JIUHCA,CASTRO ALVES,97.0,2024-05-19 06:00:00,241.23,149.55,242.81,732.0,747.0,158.0,589.0,19.0,0.0,1.0,2024-05-19 06:00:00,2024-05-19 05:00:00,SOURCE_WHOLE_HOUR,2024-05-19 09:00:00+00:00,ONS_NORM_BRASILIA_EXPORT_AND_PERIOD_LINK_UNVERIFIED,AGENT_REPORTED_NOT_VALIDATED_BY_ONS,2024-05,-19.0
S,Sul,Fio dagua,JACUI,JIUHCA,CASTRO ALVES,97.0,2024-05-19 07:00:00,241.22,149.55,241.65,725.0,740.0,158.0,582.0,19.0,0.0,1.0,2024-05-19 07:00:00,2024-05-19 06:00:00,SOURCE_WHOLE_HOUR,2024-05-19 10:00:00+00:00,ONS_NORM_BRASILIA_EXPORT_AND_PERIOD_LINK_UNVERIFIED,AGENT_REPORTED_NOT_VALIDATED_BY_ONS,2024-05,-19.0
S,Sul,Fio dagua,JACUI,JIUHCA,CASTRO ALVES,97.0,2024-05-19 08:00:00,241.19,149.55,238.16,674.0,718.0,158.0,560.0,19.0,0.0,1.0,2024-05-19 08:00:00,2024-05-19 07:00:00,SOURCE_WHOLE_HOUR,2024-05-19 11:00:00+00:00,ONS_NORM_BRASILIA_EXPORT_AND_PERIOD_LINK_UNVERIFIED,AGENT_REPORTED_NOT_VALIDATED_BY_ONS,2024-05,-19.0
S,Sul,Fio dagua,JACUI,JIUHCA,CASTRO ALVES,97.0,2024-05-19 09:00:00,241.18,149.41,237.0,696.0,711.0,158.0,553.0,19.0,0.0,1.0,2024-05-19 09:00:00,2024-05-19 08:00:00,SOURCE_WHOLE_HOUR,2024-05-19 12:00:00+00:00,ONS_NORM_BRASILIA_EXPORT_AND_PERIOD_LINK_UNVERIFIED,AGENT_REPORTED_NOT_VALIDATED_BY_ONS,2024-05,-19.0
S,Sul,Fio dagua,JACUI,JIUHCA,CASTRO ALVES,97.0,2024-05-19 10:00:00,241.17,149.41,235.84,689.0,704.0,158.0,546.0,19.0,0.0,1.0,2024-05-19 10:00:00,2024-05-19 09:00:00,SOURCE_WHOLE_HOUR,2024-05-19 13:00:00+00:00,ONS_NORM_BRASILIA_EXPORT_AND_PERIOD_LINK_UNVERIFIED,AGENT_REPORTED_NOT_VALIDATED_BY_ONS,2024-05,-19.0
S,Sul,Fio dagua,JACUI,JIUHCA,CASTRO ALVES,97.0,2024-05-19 11:00:00,241.17,149.41,235.84,704.0,704.0,158.0,546.0,19.0,0.0,1.0,2024-05-19 11:00:00,2024-05-19 10:00:00,SOURCE_WHOLE_HOUR,2024-05-19 14:00:00+00:00,ONS_NORM_BRASILIA_EXPORT_AND_PERIOD_LINK_UNVERIFIED,AGENT_REPORTED_NOT_VALIDATED_BY_ONS,2024-05,-19.0
S,Sul,Fio dagua,JACUI,JIUHCA,CASTRO ALVES,97.0,2024-05-19 12:00:00,241.15,149.33,233.52,660.0,690.0,158.0,532.0,19.0,0.0,1.0,2024-05-19 12:00:00,2024-05-19 11:00:00,SOURCE_WHOLE_HOUR,2024-05-19 15:00:00+00:00,ONS_NORM_BRASILIA_EXPORT_AND_PERIOD_LINK_UNVERIFIED,AGENT_REPORTED_NOT_VALIDATED_BY_ONS,2024-05,-19.0
S,Sul,Fio dagua,JACUI,JIUHCA,CASTRO ALVES,97.0,2024-05-19 13:00:00,241.13,149.33,231.2,646.0,676.0,158.0,518.0,19.0,0.0,1.0,2024-05-19 13:00:00,2024-05-19 12:00:00,SOURCE_WHOLE_HOUR,2024-05-19 16:00:00+00:00,ONS_NORM_BRASILIA_EXPORT_AND_PERIOD_LINK_UNVERIFIED,AGENT_REPORTED_NOT_VALIDATED_BY_ONS,2024-05,-19.0
S,Sul,Fio dagua,JACUI,JIUHCA,CASTRO ALVES,97.0,2024-05-19 14:00:00,241.13,149.27,231.2,676.0,676.0,158.0,518.0,19.0,0.0,1.0,2024-05-19 14:00:00,2024-05-19 13:00:00,SOURCE_WHOLE_HOUR,2024-05-19 17:00:00+00:00,ONS_NORM_BRASILIA_EXPORT_AND_PERIOD_LINK_UNVERIFIED,AGENT_REPORTED_NOT_VALIDATED_BY_ONS,2024-05,-19.0
S,Sul,Fio dagua,JACUI,JIUHCA,CASTRO ALVES,97.0,2024-05-19 15:00:00,241.1,149.2,227.71,610.0,655.0,157.0,498.0,19.0,0.0,1.0,2024-05-19 15:00:00,2024-05-19 14:00:00,SOURCE_WHOLE_HOUR,2024-05-19 18:00:00+00:00,ONS_NORM_BRASILIA_EXPORT_AND_PERIOD_LINK_UNVERIFIED,AGENT_REPORTED_NOT_VALIDATED_BY_ONS,2024-05,-19.0
S,Sul,Fio dagua,JACUI,JIUHCA,CASTRO ALVES,97.0,2024-05-19 16:00:00,241.09,149.2,226.55,633.0,648.0,157.0,491.0,19.0,0.0,1.0,2024-05-19 16:00:00,2024-05-19 15:00:00,SOURCE_WHOLE_HOUR,2024-05-19 19:00:00+00:00,ONS_NORM_BRASILIA_EXPORT_AND_PERIOD_LINK_UNVERIFIED,AGENT_REPORTED_NOT_VALIDATED_BY_ONS,2024-05,-19.0
S,Sul,Fio dagua,JACUI,JIUHCA,CASTRO ALVES,97.0,2024-05-19 17:00:00,241.09,149.2,226.55,648.0,648.0,157.0,491.0,19.0,0.0,1.0,2024-05-19 17:00:00,2024-05-19 16:00:00,SOURCE_WHOLE_HOUR,2024-05-19 20:00:00+00:00,ONS_NORM_BRASILIA_EXPORT_AND_PERIOD_LINK_UNVERIFIED,AGENT_REPORTED_NOT_VALIDATED_BY_ONS,2024-05,-19.0
S,Sul,Fio dagua,JACUI,JIUHCA,CASTRO ALVES,97.0,2024-05-19 18:00:00,241.1,149.2,227.71,670.0,655.0,157.0,498.0,19.0,0.0,1.0,2024-05-19 18:00:00,2024-05-19 17:00:00,SOURCE_WHOLE_HOUR,2024-05-19 21:00:00+00:00,ONS_NORM_BRASILIA_EXPORT_AND_PERIOD_LINK_UNVERIFIED,AGENT_REPORTED_NOT_VALIDATED_BY_ONS,2024-05,-19.0
S,Sul,Fio dagua,JACUI,JIUHCA,CASTRO ALVES,97.0,2024-05-19 19:00:00,241.1,149.13,227.71,654.0,654.0,157.0,498.0,19.0,0.0,1.0,2024-05-19 19:00:00,2024-05-19 18:00:00,SOURCE_WHOLE_HOUR,2024-05-19 22:00:00+00:00,ONS_NORM_BRASILIA_EXPORT_AND_PERIOD_LINK_UNVERIFIED,AGENT_REPORTED_NOT_VALIDATED_BY_ONS,2024-05,-20.0
S,Sul,Fio dagua,JACUI,JIUHCA,CASTRO ALVES,97.0,2024-05-19 20:00:00,241.09,149.13,226.55,633.0,648.0,157.0,491.0,19.0,0.0,1.0,2024-05-19 20:00:00,2024-05-19 19:00:00,SOURCE_WHOLE_HOUR,2024-05-19 23:00:00+00:00,ONS_NORM_BRASILIA_EXPORT_AND_PERIOD_LINK_UNVERIFIED,AGENT_REPORTED_NOT_VALIDATED_BY_ONS,2024-05,-19.0
S,Sul,Fio dagua,JACUI,JIUHCA,CASTRO ALVES,97.0,2024-05-19 21:00:00,241.08,149.06,225.39,626.0,641.0,157.0,484.0,19.0,0.0,1.0,2024-05-19 21:00:00,2024-05-19 20:00:00,SOURCE_WHOLE_HOUR,2024-05-20 00:00:00+00:00,ONS_NORM_BRASILIA_EXPORT_AND_PERIOD_LINK_UNVERIFIED,AGENT_REPORTED_NOT_VALIDATED_BY_ONS,2024-05,-19.0
S,Sul,Fio dagua,JACUI,JIUHCA,CASTRO ALVES,97.0,2024-05-19 22:00:00,241.1,149.06,227.71,684.0,654.0,157.0,498.0,19.0,0.0,1.0,2024-05-19 22:00:00,2024-05-19 21:00:00,SOURCE_WHOLE_HOUR,2024-05-20 01:00:00+00:00,ONS_NORM_BRASILIA_EXPORT_AND_PERIOD_LINK_UNVERIFIED,AGENT_REPORTED_NOT_VALIDATED_BY_ONS,2024-05,-20.0
S,Sul,Fio dagua,JACUI,JIUHCA,CASTRO ALVES,97.0,2024-05-19 23:00:00,241.09,149.06,226.55,633.0,648.0,157.0,491.0,19.0,0.0,1.0,2024-05-19 23:00:00,2024-05-19 22:00:00,SOURCE_WHOLE_HOUR,2024-05-20 02:00:00+00:00,ONS_NORM_BRASILIA_EXPORT_AND_PERIOD_LINK_UNVERIFIED,AGENT_REPORTED_NOT_VALIDATED_BY_ONS,2024-05,-19.0
S,Sul,Fio dagua,JACUI,JIUHCA,CASTRO ALVES,97.0,2024-05-19 23:59:00,241.07,149.06,224.23,604.0,634.0,157.0,477.0,19.0,0.0,1.0,2024-05-20 00:00:00,2024-05-19 23:00:00,23:59_AS_24:00_UNVERIFIED,2024-05-20 03:00:00+00:00,ONS_NORM_BRASILIA_EXPORT_AND_PERIOD_LINK_UNVERIFIED,AGENT_REPORTED_NOT_VALIDATED_BY_ONS,2024-05,-19.0
S,Sul,Fio dagua,JACUI,JIUHCA,CASTRO ALVES,97.0,2024-05-20 01:00:00,241.07,149.06,224.23,635.0,635.0,157.0,477.0,19.0,0.0,1.0,2024-05-20 01:00:00,2024-05-20 00:00:00,SOURCE_WHOLE_HOUR,2024-05-20 04:00:00+00:00,ONS_NORM_BRASILIA_EXPORT_AND_PERIOD_LINK_UNVERIFIED,AGENT_REPORTED_NOT_VALIDATED_BY_ONS,2024-05,-18.0
S,Sul,Fio dagua,JACUI,JIUHCA,CASTRO ALVES,97.0,2024-05-20 02:00:00,241.06,148.99,223.07,613.0,628.0,157.0,471.0,19.0,0.0,1.0,2024-05-20 02:00:00,2024-05-20 01:00:00,SOURCE_WHOLE_HOUR,2024-05-20 05:00:00+00:00,ONS_NORM_BRASILIA_EXPORT_AND_PERIOD_LINK_UNVERIFIED,AGENT_REPORTED_NOT_VALIDATED_BY_ONS,2024-05,-19.0
S,Sul,Fio dagua,JACUI,JIUHCA,CASTRO ALVES,97.0,2024-05-20 03:00:00,241.06,148.99,223.07,628.0,628.0,157.0,471.0,19.0,0.0,1.0,2024-05-20 03:00:00,2024-05-20 02:00:00,SOURCE_WHOLE_HOUR,2024-05-20 06:00:00+00:00,ONS_NORM_BRASILIA_EXPORT_AND_PERIOD_LINK_UNVERIFIED,AGENT_REPORTED_NOT_VALIDATED_BY_ONS,2024-05,-19.0
S,Sul,Fio dagua,JACUI,JIUHCA,CASTRO ALVES,97.0,2024-05-20 04:00:00,241.04,148.99,220.75,585.0,615.0,157.0,457.0,19.0,0.0,1.0,2024-05-20 04:00:00,2024-05-20 03:00:00,SOURCE_WHOLE_HOUR,2024-05-20 07:00:00+00:00,ONS_NORM_BRASILIA_EXPORT_AND_PERIOD_LINK_UNVERIFIED,AGENT_REPORTED_NOT_VALIDATED_BY_ONS,2024-05,-18.0
S,Sul,Fio dagua,JACUI,JIUHCA,CASTRO ALVES,97.0,2024-05-20 05:00:00,241.03,148.9,219.59,593.0,608.0,157.0,451.0,19.0,0.0,1.0,2024-05-20 05:00:00,2024-05-20 04:00:00,SOURCE_WHOLE_HOUR,2024-05-20 08:00:00+00:00,ONS_NORM_BRASILIA_EXPORT_AND_PERIOD_LINK_UNVERIFIED,AGENT_REPORTED_NOT_VALIDATED_BY_ONS,2024-05,-19.0
S,Sul,Fio dagua,JACUI,JIUHCA,CASTRO ALVES,97.0,2024-05-20 06:00:00,241.02,148.92,218.43,587.0,602.0,157.0,444.0,19.0,0.0,1.0,2024-05-20 06:00:00,2024-05-20 05:00:00,SOURCE_WHOLE_HOUR,2024-05-20 09:00:00+00:00,ONS_NORM_BRASILIA_EXPORT_AND_PERIOD_LINK_UNVERIFIED,AGENT_REPORTED_NOT_VALIDATED_BY_ONS,2024-05,-18.0
S,Sul,Fio dagua,JACUI,JIUHCA,CASTRO ALVES,97.0,2024-05-20 07:00:00,241.02,148.92,218.43,602.0,602.0,157.0,444.0,19.0,0.0,1.0,2024-05-20 07:00:00,2024-05-20 06:00:00,SOURCE_WHOLE_HOUR,2024-05-20 10:00:00+00:00,ONS_NORM_BRASILIA_EXPORT_AND_PERIOD_LINK_UNVERIFIED,AGENT_REPORTED_NOT_VALIDATED_BY_ONS,2024-05,-18.0
S,Sul,Fio dagua,JACUI,JIUHCA,CASTRO ALVES,97.0,2024-05-20 08:00:00,241.01,148.92,217.27,581.0,595.0,158.0,438.0,19.0,0.0,1.0,2024-05-20 08:00:00,2024-05-20 07:00:00,SOURCE_WHOLE_HOUR,2024-05-20 11:00:00+00:00,ONS_NORM_BRASILIA_EXPORT_AND_PERIOD_LINK_UNVERIFIED,AGENT_REPORTED_NOT_VALIDATED_BY_ONS,2024-05,-20.0
S,Sul,Fio dagua,JACUI,JIUHCA,CASTRO ALVES,97.0,2024-05-20 09:00:00,241.01,148.85,217.27,595.0,595.0,157.0,438.0,19.0,0.0,1.0,2024-05-20 09:00:00,2024-05-20 08:00:00,SOURCE_WHOLE_HOUR,2024-05-20 12:00:00+00:00,ONS_NORM_BRASILIA_EXPORT_AND_PERIOD_LINK_UNVERIFIED,AGENT_REPORTED_NOT_VALIDATED_BY_ONS,2024-05,-19.0
S,Sul,Fio dagua,JACUI,JIUHCA,CASTRO ALVES,97.0,2024-05-20 10:00:00,241.01,148.85,217.27,595.0,595.0,157.0,438.0,19.0,0.0,1.0,2024-05-20 10:00:00,2024-05-20 09:00:00,SOURCE_WHOLE_HOUR,2024-05-20 13:00:00+00:00,ONS_NORM_BRASILIA_EXPORT_AND_PERIOD_LINK_UNVERIFIED,AGENT_REPORTED_NOT_VALIDATED_BY_ONS,2024-05,-19.0
S,Sul,Fio dagua,JACUI,JIUHCA,CASTRO ALVES,97.0,2024-05-20 11:00:00,241.01,148.85,217.27,595.0,595.0,157.0,438.0,19.0,0.0,1.0,2024-05-20 11:00:00,2024-05-20 10:00:00,SOURCE_WHOLE_HOUR,2024-05-20 14:00:00+00:00,ONS_NORM_BRASILIA_EXPORT_AND_PERIOD_LINK_UNVERIFIED,AGENT_REPORTED_NOT_VALIDATED_BY_ONS,2024-05,-19.0
S,Sul,Fio dagua,JACUI,JIUHCA,CASTRO ALVES,97.0,2024-05-20 12:00:00,240.98,149.2,213.78,532.0,576.0,158.0,419.0,19.0,0.0,1.0,2024-05-20 12:00:00,2024-05-20 11:00:00,SOURCE_WHOLE_HOUR,2024-05-20 15:00:00+00:00,ONS_NORM_BRASILIA_EXPORT_AND_PERIOD_LINK_UNVERIFIED,AGENT_REPORTED_NOT_VALIDATED_BY_ONS,2024-05,-20.0
S,Sul,Fio dagua,JACUI,JIUHCA,CASTRO ALVES,97.0,2024-05-20 13:00:00,240.98,149.54,213.78,577.0,577.0,158.0,419.0,19.0,0.0,1.0,2024-05-20 13:00:00,2024-05-20 12:00:00,SOURCE_WHOLE_HOUR,2024-05-20 16:00:00+00:00,ONS_NORM_BRASILIA_EXPORT_AND_PERIOD_LINK_UNVERIFIED,AGENT_REPORTED_NOT_VALIDATED_BY_ONS,2024-05,-19.0
S,Sul,Fio dagua,JACUI,JIUHCA,CASTRO ALVES,97.0,2024-05-20 14:00:00,240.96,149.6,211.46,534.0,564.0,158.0,406.0,19.0,0.0,1.0,2024-05-20 14:00:00,2024-05-20 13:00:00,SOURCE_WHOLE_HOUR,2024-05-20 17:00:00+00:00,ONS_NORM_BRASILIA_EXPORT_AND_PERIOD_LINK_UNVERIFIED,AGENT_REPORTED_NOT_VALIDATED_BY_ONS,2024-05,-19.0
S,Sul,Fio dagua,JACUI,JIUHCA,CASTRO ALVES,97.0,2024-05-20 15:00:00,240.97,149.6,212.62,585.0,570.0,158.0,412.0,19.0,0.0,1.0,2024-05-20 15:00:00,2024-05-20 14:00:00,SOURCE_WHOLE_HOUR,2024-05-20 18:00:00+00:00,ONS_NORM_BRASILIA_EXPORT_AND_PERIOD_LINK_UNVERIFIED,AGENT_REPORTED_NOT_VALIDATED_BY_ONS,2024-05,-19.0
S,Sul,Fio dagua,JACUI,JIUHCA,CASTRO ALVES,97.0,2024-05-20 16:00:00,240.88,149.6,202.17,379.0,513.0,158.0,354.0,19.0,0.0,1.0,2024-05-20 16:00:00,2024-05-20 15:00:00,SOURCE_WHOLE_HOUR,2024-05-20 19:00:00+00:00,ONS_NORM_BRASILIA_EXPORT_AND_PERIOD_LINK_UNVERIFIED,AGENT_REPORTED_NOT_VALIDATED_BY_ONS,2024-05,-18.0
S,Sul,Fio dagua,JACUI,JIUHCA,CASTRO ALVES,97.0,2024-05-20 17:00:00,240.97,149.6,212.62,702.0,569.0,157.0,412.0,19.0,0.0,1.0,2024-05-20 17:00:00,2024-05-20 16:00:00,SOURCE_WHOLE_HOUR,2024-05-20 20:00:00+00:00,ONS_NORM_BRASILIA_EXPORT_AND_PERIOD_LINK_UNVERIFIED,AGENT_REPORTED_NOT_VALIDATED_BY_ONS,2024-05,-19.0
S,Sul,Fio dagua,JACUI,JIUHCA,CASTRO ALVES,97.0,2024-05-20 18:00:00,240.97,149.6,212.62,569.0,569.0,157.0,412.0,19.0,0.0,1.0,2024-05-20 18:00:00,2024-05-20 17:00:00,SOURCE_WHOLE_HOUR,2024-05-20 21:00:00+00:00,ONS_NORM_BRASILIA_EXPORT_AND_PERIOD_LINK_UNVERIFIED,AGENT_REPORTED_NOT_VALIDATED_BY_ONS,2024-05,-19.0
S,Sul,Fio dagua,JACUI,JIUHCA,CASTRO ALVES,97.0,2024-05-20 19:00:00,240.96,149.54,211.46,547.0,562.0,157.0,406.0,19.0,0.0,1.0,2024-05-20 19:00:00,2024-05-20 18:00:00,SOURCE_WHOLE_HOUR,2024-05-20 22:00:00+00:00,ONS_NORM_BRASILIA_EXPORT_AND_PERIOD_LINK_UNVERIFIED,AGENT_REPORTED_NOT_VALIDATED_BY_ONS,2024-05,-20.0
S,Sul,Fio dagua,JACUI,JIUHCA,CASTRO ALVES,97.0,2024-05-20 20:00:00,240.94,149.54,209.14,519.0,549.0,156.0,392.0,19.0,0.0,1.0,2024-05-20 20:00:00,2024-05-20 19:00:00,SOURCE_WHOLE_HOUR,2024-05-20 23:00:00+00:00,ONS_NORM_BRASILIA_EXPORT_AND_PERIOD_LINK_UNVERIFIED,AGENT_REPORTED_NOT_VALIDATED_BY_ONS,2024-05,-18.0
S,Sul,Fio dagua,JACUI,JIUHCA,CASTRO ALVES,97.0,2024-05-20 21:00:00,240.94,149.54,209.14,550.0,550.0,158.0,392.0,19.0,0.0,1.0,2024-05-20 21:00:00,2024-05-20 20:00:00,SOURCE_WHOLE_HOUR,2024-05-21 00:00:00+00:00,ONS_NORM_BRASILIA_EXPORT_AND_PERIOD_LINK_UNVERIFIED,AGENT_REPORTED_NOT_VALIDATED_BY_ONS,2024-05,-19.0
S,Sul,Fio dagua,JACUI,JIUHCA,CASTRO ALVES,97.0,2024-05-20 22:00:00,240.94,149.54,209.14,550.0,550.0,158.0,392.0,19.0,0.0,1.0,2024-05-20 22:00:00,2024-05-20 21:00:00,SOURCE_WHOLE_HOUR,2024-05-21 01:00:00+00:00,ONS_NORM_BRASILIA_EXPORT_AND_PERIOD_LINK_UNVERIFIED,AGENT_REPORTED_NOT_VALIDATED_BY_ONS,2024-05,-19.0
S,Sul,Fio dagua,JACUI,JIUHCA,CASTRO ALVES,97.0,2024-05-20 23:00:00,240.93,149.54,207.98,529.0,544.0,158.0,386.0,19.0,0.0,1.0,2024-05-20 23:00:00,2024-05-20 22:00:00,SOURCE_WHOLE_HOUR,2024-05-21 02:00:00+00:00,ONS_NORM_BRASILIA_EXPORT_AND_PERIOD_LINK_UNVERIFIED,AGENT_REPORTED_NOT_VALIDATED_BY_ONS,2024-05,-19.0
S,Sul,Fio dagua,JACUI,JIUHCA,CASTRO ALVES,97.0,2024-05-20 23:59:00,240.93,149.47,207.98,544.0,544.0,158.0,386.0,19.0,0.0,1.0,2024-05-21 00:00:00,2024-05-20 23:00:00,23:59_AS_24:00_UNVERIFIED,2024-05-21 03:00:00+00:00,ONS_NORM_BRASILIA_EXPORT_AND_PERIOD_LINK_UNVERIFIED,AGENT_REPORTED_NOT_VALIDATED_BY_ONS,2024-05,-19.0
S,Sul,Fio dagua,JACUI,JIUHCA,CASTRO ALVES,97.0,2024-05-21 01:00:00,240.92,149.47,206.82,476.0,491.0,111.0,380.0,19.0,0.0,1.0,2024-05-21 01:00:00,2024-05-21 00:00:00,SOURCE_WHOLE_HOUR,2024-05-21 04:00:00+00:00,ONS_NORM_BRASILIA_EXPORT_AND_PERIOD_LINK_UNVERIFIED,AGENT_REPORTED_NOT_VALIDATED_BY_ONS,2024-05,-19.0
S,Sul,Fio dagua,JACUI,JIUHCA,CASTRO ALVES,97.0,2024-05-21 02:00:00,240.91,149.47,205.65,516.0,531.0,158.0,373.0,19.0,0.0,1.0,2024-05-21 02:00:00,2024-05-21 01:00:00,SOURCE_WHOLE_HOUR,2024-05-21 05:00:00+00:00,ONS_NORM_BRASILIA_EXPORT_AND_PERIOD_LINK_UNVERIFIED,AGENT_REPORTED_NOT_VALIDATED_BY_ONS,2024-05,-19.0
S,Sul,Fio dagua,JACUI,JIUHCA,CASTRO ALVES,97.0,2024-05-21 03:00:00,240.92,149.47,206.82,552.0,538.0,158.0,380.0,19.0,0.0,1.0,2024-05-21 03:00:00,2024-05-21 02:00:00,SOURCE_WHOLE_HOUR,2024-05-21 06:00:00+00:00,ONS_NORM_BRASILIA_EXPORT_AND_PERIOD_LINK_UNVERIFIED,AGENT_REPORTED_NOT_VALIDATED_BY_ONS,2024-05,-19.0
S,Sul,Fio dagua,JACUI,JIUHCA,CASTRO ALVES,97.0,2024-05-21 04:00:00,240.91,149.4,205.65,516.0,531.0,158.0,373.0,19.0,0.0,1.0,2024-05-21 04:00:00,2024-05-21 03:00:00,SOURCE_WHOLE_HOUR,2024-05-21 07:00:00+00:00,ONS_NORM_BRASILIA_EXPORT_AND_PERIOD_LINK_UNVERIFIED,AGENT_REPORTED_NOT_VALIDATED_BY_ONS,2024-05,-19.0
S,Sul,Fio dagua,JACUI,JIUHCA,CASTRO ALVES,97.0,2024-05-21 05:00:00,240.87,149.4,201.01,447.0,506.0,158.0,348.0,19.0,0.0,1.0,2024-05-21 05:00:00,2024-05-21 04:00:00,SOURCE_WHOLE_HOUR,2024-05-21 08:00:00+00:00,ONS_NORM_BRASILIA_EXPORT_AND_PERIOD_LINK_UNVERIFIED,AGENT_REPORTED_NOT_VALIDATED_BY_ONS,2024-05,-19.0
S,Sul,Fio dagua,JACUI,JIUHCA,CASTRO ALVES,97.0,2024-05-21 06:00:00,240.75,149.4,187.08,258.0,436.0,158.0,278.0,19.0,0.0,1.0,2024-05-21 06:00:00,2024-05-21 05:00:00,SOURCE_WHOLE_HOUR,2024-05-21 09:00:00+00:00,ONS_NORM_BRASILIA_EXPORT_AND_PERIOD_LINK_UNVERIFIED,AGENT_REPORTED_NOT_VALIDATED_BY_ONS,2024-05,-19.0
S,Sul,Fio dagua,JACUI,JIUHCA,CASTRO ALVES,97.0,2024-05-21 07:00:00,240.88,149.4,202.17,705.0,512.0,158.0,354.0,19.0,0.0,1.0,2024-05-21 07:00:00,2024-05-21 06:00:00,SOURCE_WHOLE_HOUR,2024-05-21 10:00:00+00:00,ONS_NORM_BRASILIA_EXPORT_AND_PERIOD_LINK_UNVERIFIED,AGENT_REPORTED_NOT_VALIDATED_BY_ONS,2024-05,-19.0
S,Sul,Fio dagua,JACUI,JIUHCA,CASTRO ALVES,97.0,2024-05-21 08:00:00,240.89,149.4,203.33,533.0,519.0,158.0,361.0,19.0,0.0,1.0,2024-05-21 08:00:00,2024-05-21 07:00:00,SOURCE_WHOLE_HOUR,2024-05-21 11:00:00+00:00,ONS_NORM_BRASILIA_EXPORT_AND_PERIOD_LINK_UNVERIFIED,AGENT_REPORTED_NOT_VALIDATED_BY_ONS,2024-05,-19.0
S,Sul,Fio dagua,JACUI,JIUHCA,CASTRO ALVES,97.0,2024-05-21 09:00:00,240.86,146.4,199.85,451.0,495.0,153.0,342.0,19.0,0.0,1.0,2024-05-21 09:00:00,2024-05-21 08:00:00,SOURCE_WHOLE_HOUR,2024-05-21 12:00:00+00:00,ONS_NORM_BRASILIA_EXPORT_AND_PERIOD_LINK_UNVERIFIED,AGENT_REPORTED_NOT_VALIDATED_BY_ONS,2024-05,-19.0
S,Sul,Fio dagua,JACUI,JIUHCA,CASTRO ALVES,97.0,2024-05-21 10:00:00,240.86,149.33,199.85,500.0,500.0,158.0,342.0,19.0,0.0,1.0,2024-05-21 10:00:00,2024-05-21 09:00:00,SOURCE_WHOLE_HOUR,2024-05-21 13:00:00+00:00,ONS_NORM_BRASILIA_EXPORT_AND_PERIOD_LINK_UNVERIFIED,AGENT_REPORTED_NOT_VALIDATED_BY_ONS,2024-05,-19.0
S,Sul,Fio dagua,JACUI,JIUHCA,CASTRO ALVES,97.0,2024-05-21 11:00:00,240.86,149.33,199.85,500.0,500.0,158.0,342.0,19.0,0.0,1.0,2024-05-21 11:00:00,2024-05-21 10:00:00,SOURCE_WHOLE_HOUR,2024-05-21 14:00:00+00:00,ONS_NORM_BRASILIA_EXPORT_AND_PERIOD_LINK_UNVERIFIED,AGENT_REPORTED_NOT_VALIDATED_BY_ONS,2024-05,-19.0
S,Sul,Fio dagua,JACUI,JIUHCA,CASTRO ALVES,97.0,2024-05-21 12:00:00,240.84,149.33,197.53,458.0,488.0,158.0,330.0,19.0,0.0,1.0,2024-05-21 12:00:00,2024-05-21 11:00:00,SOURCE_WHOLE_HOUR,2024-05-21 15:00:00+00:00,ONS_NORM_BRASILIA_EXPORT_AND_PERIOD_LINK_UNVERIFIED,AGENT_REPORTED_NOT_VALIDATED_BY_ONS,2024-05,-19.0
S,Sul,Fio dagua,JACUI,JIUHCA,CASTRO ALVES,97.0,2024-05-21 13:00:00,240.84,149.33,197.53,488.0,488.0,158.0,330.0,19.0,0.0,1.0,2024-05-21 13:00:00,2024-05-21 12:00:00,SOURCE_WHOLE_HOUR,2024-05-21 16:00:00+00:00,ONS_NORM_BRASILIA_EXPORT_AND_PERIOD_LINK_UNVERIFIED,AGENT_REPORTED_NOT_VALIDATED_BY_ONS,2024-05,-19.0
S,Sul,Fio dagua,JACUI,JIUHCA,CASTRO ALVES,97.0,2024-05-21 14:00:00,240.83,149.33,196.37,467.0,482.0,158.0,324.0,19.0,0.0,1.0,2024-05-21 14:00:00,2024-05-21 13:00:00,SOURCE_WHOLE_HOUR,2024-05-21 17:00:00+00:00,ONS_NORM_BRASILIA_EXPORT_AND_PERIOD_LINK_UNVERIFIED,AGENT_REPORTED_NOT_VALIDATED_BY_ONS,2024-05,-19.0
S,Sul,Fio dagua,JACUI,JIUHCA,CASTRO ALVES,97.0,2024-05-21 15:00:00,240.83,149.33,196.37,481.0,481.0,157.0,324.0,19.0,0.0,1.0,2024-05-21 15:00:00,2024-05-21 14:00:00,SOURCE_WHOLE_HOUR,2024-05-21 18:00:00+00:00,ONS_NORM_BRASILIA_EXPORT_AND_PERIOD_LINK_UNVERIFIED,AGENT_REPORTED_NOT_VALIDATED_BY_ONS,2024-05,-19.0
S,Sul,Fio dagua,JACUI,JIUHCA,CASTRO ALVES,97.0,2024-05-21 16:00:00,240.81,149.27,194.04,440.0,470.0,158.0,312.0,19.0,0.0,1.0,2024-05-21 16:00:00,2024-05-21 15:00:00,SOURCE_WHOLE_HOUR,2024-05-21 19:00:00+00:00,ONS_NORM_BRASILIA_EXPORT_AND_PERIOD_LINK_UNVERIFIED,AGENT_REPORTED_NOT_VALIDATED_BY_ONS,2024-05,-19.0
S,Sul,Fio dagua,JACUI,JIUHCA,CASTRO ALVES,97.0,2024-05-21 17:00:00,240.81,149.27,194.04,470.0,470.0,158.0,312.0,19.0,0.0,1.0,2024-05-21 17:00:00,2024-05-21 16:00:00,SOURCE_WHOLE_HOUR,2024-05-21 20:00:00+00:00,ONS_NORM_BRASILIA_EXPORT_AND_PERIOD_LINK_UNVERIFIED,AGENT_REPORTED_NOT_VALIDATED_BY_ONS,2024-05,-19.0
S,Sul,Fio dagua,JACUI,JIUHCA,CASTRO ALVES,97.0,2024-05-21 18:00:00,240.82,149.27,195.21,490.0,476.0,157.0,318.0,19.0,0.0,1.0,2024-05-21 18:00:00,2024-05-21 17:00:00,SOURCE_WHOLE_HOUR,2024-05-21 21:00:00+00:00,ONS_NORM_BRASILIA_EXPORT_AND_PERIOD_LINK_UNVERIFIED,AGENT_REPORTED_NOT_VALIDATED_BY_ONS,2024-05,-18.0
S,Sul,Fio dagua,JACUI,JIUHCA,CASTRO ALVES,97.0,2024-05-21 19:00:00,240.8,149.27,192.88,434.0,464.0,157.0,306.0,19.0,0.0,1.0,2024-05-21 19:00:00,2024-05-21 18:00:00,SOURCE_WHOLE_HOUR,2024-05-21 22:00:00+00:00,ONS_NORM_BRASILIA_EXPORT_AND_PERIOD_LINK_UNVERIFIED,AGENT_REPORTED_NOT_VALIDATED_BY_ONS,2024-05,-18.0
S,Sul,Fio dagua,JACUI,JIUHCA,CASTRO ALVES,97.0,2024-05-21 20:00:00,240.81,149.21,194.04,484.0,470.0,157.0,312.0,19.0,0.0,1.0,2024-05-21 20:00:00,2024-05-21 19:00:00,SOURCE_WHOLE_HOUR,2024-05-21 23:00:00+00:00,ONS_NORM_BRASILIA_EXPORT_AND_PERIOD_LINK_UNVERIFIED,AGENT_REPORTED_NOT_VALIDATED_BY_ONS,2024-05,-18.0
S,Sul,Fio dagua,JACUI,JIUHCA,CASTRO ALVES,97.0,2024-05-21 21:00:00,240.81,149.21,194.04,470.0,470.0,157.0,312.0,19.0,0.0,1.0,2024-05-21 21:00:00,2024-05-21 20:00:00,SOURCE_WHOLE_HOUR,2024-05-22 00:00:00+00:00,ONS_NORM_BRASILIA_EXPORT_AND_PERIOD_LINK_UNVERIFIED,AGENT_REPORTED_NOT_VALIDATED_BY_ONS,2024-05,-18.0
S,Sul,Fio dagua,JACUI,JIUHCA,CASTRO ALVES,97.0,2024-05-21 22:00:00,240.8,149.21,192.88,449.0,464.0,157.0,306.0,19.0,0.0,1.0,2024-05-21 22:00:00,2024-05-21 21:00:00,SOURCE_WHOLE_HOUR,2024-05-22 01:00:00+00:00,ONS_NORM_BRASILIA_EXPORT_AND_PERIOD_LINK_UNVERIFIED,AGENT_REPORTED_NOT_VALIDATED_BY_ONS,2024-05,-18.0
S,Sul,Fio dagua,JACUI,JIUHCA,CASTRO ALVES,97.0,2024-05-21 23:00:00,240.81,149.21,194.04,485.0,470.0,157.0,312.0,19.0,0.0,1.0,2024-05-21 23:00:00,2024-05-21 22:00:00,SOURCE_WHOLE_HOUR,2024-05-22 02:00:00+00:00,ONS_NORM_BRASILIA_EXPORT_AND_PERIOD_LINK_UNVERIFIED,AGENT_REPORTED_NOT_VALIDATED_BY_ONS,2024-05,-18.0
S,Sul,Fio dagua,JACUI,JIUHCA,CASTRO ALVES,97.0,2024-05-21 23:59:00,240.81,149.21,194.04,470.0,470.0,157.0,312.0,19.0,0.0,1.0,2024-05-22 00:00:00,2024-05-21 23:00:00,23:59_AS_24:00_UNVERIFIED,2024-05-22 03:00:00+00:00,ONS_NORM_BRASILIA_EXPORT_AND_PERIOD_LINK_UNVERIFIED,AGENT_REPORTED_NOT_VALIDATED_BY_ONS,2024-05,-18.0
S,Sul,Fio dagua,JACUI,JIUHCA,CASTRO ALVES,97.0,2024-05-22 01:00:00,240.81,149.21,194.04,470.0,470.0,157.0,312.0,19.0,0.0,1.0,2024-05-22 01:00:00,2024-05-22 00:00:00,SOURCE_WHOLE_HOUR,2024-05-22 04:00:00+00:00,ONS_NORM_BRASILIA_EXPORT_AND_PERIOD_LINK_UNVERIFIED,AGENT_REPORTED_NOT_VALIDATED_BY_ONS,2024-05,-18.0
S,Sul,Fio dagua,JACUI,JIUHCA,CASTRO ALVES,97.0,2024-05-22 02:00:00,240.81,149.14,194.04,469.0,469.0,157.0,312.0,19.0,0.0,1.0,2024-05-22 02:00:00,2024-05-22 01:00:00,SOURCE_WHOLE_HOUR,2024-05-22 05:00:00+00:00,ONS_NORM_BRASILIA_EXPORT_AND_PERIOD_LINK_UNVERIFIED,AGENT_REPORTED_NOT_VALIDATED_BY_ONS,2024-05,-19.0
S,Sul,Fio dagua,JACUI,JIUHCA,CASTRO ALVES,97.0,2024-05-22 03:00:00,240.8,149.14,192.88,449.0,464.0,157.0,306.0,19.0,0.0,1.0,2024-05-22 03:00:00,2024-05-22 02:00:00,SOURCE_WHOLE_HOUR,2024-05-22 06:00:00+00:00,ONS_NORM_BRASILIA_EXPORT_AND_PERIOD_LINK_UNVERIFIED,AGENT_REPORTED_NOT_VALIDATED_BY_ONS,2024-05,-18.0
S,Sul,Fio dagua,JACUI,JIUHCA,CASTRO ALVES,97.0,2024-05-22 04:00:00,240.8,149.14,192.88,464.0,464.0,157.0,306.0,19.0,0.0,1.0,2024-05-22 04:00:00,2024-05-22 03:00:00,SOURCE_WHOLE_HOUR,2024-05-22 07:00:00+00:00,ONS_NORM_BRASILIA_EXPORT_AND_PERIOD_LINK_UNVERIFIED,AGENT_REPORTED_NOT_VALIDATED_BY_ONS,2024-05,-18.0
S,Sul,Fio dagua,JACUI,JIUHCA,CASTRO ALVES,97.0,2024-05-22 05:00:00,240.8,149.14,192.88,464.0,464.0,157.0,306.0,19.0,0.0,1.0,2024-05-22 05:00:00,2024-05-22 04:00:00,SOURCE_WHOLE_HOUR,2024-05-22 08:00:00+00:00,ONS_NORM_BRASILIA_EXPORT_AND_PERIOD_LINK_UNVERIFIED,AGENT_REPORTED_NOT_VALIDATED_BY_ONS,2024-05,-18.0
S,Sul,Fio dagua,JACUI,JIUHCA,CASTRO ALVES,97.0,2024-05-22 06:00:00,240.8,149.14,192.88,464.0,464.0,157.0,306.0,19.0,0.0,1.0,2024-05-22 06:00:00,2024-05-22 05:00:00,SOURCE_WHOLE_HOUR,2024-05-22 09:00:00+00:00,ONS_NORM_BRASILIA_EXPORT_AND_PERIOD_LINK_UNVERIFIED,AGENT_REPORTED_NOT_VALIDATED_BY_ONS,2024-05,-18.0
S,Sul,Fio dagua,JACUI,JIUHCA,CASTRO ALVES,97.0,2024-05-22 07:00:00,240.8,149.14,192.88,464.0,464.0,157.0,306.0,19.0,0.0,1.0,2024-05-22 07:00:00,2024-05-22 06:00:00,SOURCE_WHOLE_HOUR,2024-05-22 10:00:00+00:00,ONS_NORM_BRASILIA_EXPORT_AND_PERIOD_LINK_UNVERIFIED,AGENT_REPORTED_NOT_VALIDATED_BY_ONS,2024-05,-18.0
S,Sul,Fio dagua,JACUI,JIUHCA,CASTRO ALVES,97.0,2024-05-22 08:00:00,240.78,149.14,190.56,423.0,452.0,157.0,295.0,19.0,0.0,1.0,2024-05-22 08:00:00,2024-05-22 07:00:00,SOURCE_WHOLE_HOUR,2024-05-22 11:00:00+00:00,ONS_NORM_BRASILIA_EXPORT_AND_PERIOD_LINK_UNVERIFIED,AGENT_REPORTED_NOT_VALIDATED_BY_ONS,2024-05,-19.0
S,Sul,Fio dagua,JACUI,JIUHCA,CASTRO ALVES,97.0,2024-05-22 09:00:00,240.76,149.14,188.24,411.0,441.0,157.0,284.0,19.0,0.0,1.0,2024-05-22 09:00:00,2024-05-22 08:00:00,SOURCE_WHOLE_HOUR,2024-05-22 12:00:00+00:00,ONS_NORM_BRASILIA_EXPORT_AND_PERIOD_LINK_UNVERIFIED,AGENT_REPORTED_NOT_VALIDATED_BY_ONS,2024-05,-19.0
S,Sul,Fio dagua,JACUI,JIUHCA,CASTRO ALVES,97.0,2024-05-22 10:00:00,240.76,149.14,188.24,441.0,441.0,158.0,284.0,19.0,0.0,1.0,2024-05-22 10:00:00,2024-05-22 09:00:00,SOURCE_WHOLE_HOUR,2024-05-22 13:00:00+00:00,ONS_NORM_BRASILIA_EXPORT_AND_PERIOD_LINK_UNVERIFIED,AGENT_REPORTED_NOT_VALIDATED_BY_ONS,2024-05,-20.0
S,Sul,Fio dagua,JACUI,JIUHCA,CASTRO ALVES,97.0,2024-05-22 11:00:00,240.76,149.14,188.24,441.0,441.0,158.0,284.0,19.0,0.0,1.0,2024-05-22 11:00:00,2024-05-22 10:00:00,SOURCE_WHOLE_HOUR,2024-05-22 14:00:00+00:00,ONS_NORM_BRASILIA_EXPORT_AND_PERIOD_LINK_UNVERIFIED,AGENT_REPORTED_NOT_VALIDATED_BY_ONS,2024-05,-20.0
S,Sul,Fio dagua,JACUI,JIUHCA,CASTRO ALVES,97.0,2024-05-22 12:00:00,240.75,149.14,187.08,421.0,436.0,158.0,278.0,19.0,0.0,1.0,2024-05-22 12:00:00,2024-05-22 11:00:00,SOURCE_WHOLE_HOUR,2024-05-22 15:00:00+00:00,ONS_NORM_BRASILIA_EXPORT_AND_PERIOD_LINK_UNVERIFIED,AGENT_REPORTED_NOT_VALIDATED_BY_ONS,2024-05,-19.0
S,Sul,Fio dagua,JACUI,JIUHCA,CASTRO ALVES,97.0,2024-05-22 13:00:00,240.76,149.1,188.24,456.0,441.0,158.0,284.0,19.0,0.0,1.0,2024-05-22 13:00:00,2024-05-22 12:00:00,SOURCE_WHOLE_HOUR,2024-05-22 16:00:00+00:00,ONS_NORM_BRASILIA_EXPORT_AND_PERIOD_LINK_UNVERIFIED,AGENT_REPORTED_NOT_VALIDATED_BY_ONS,2024-05,-20.0
S,Sul,Fio dagua,JACUI,JIUHCA,CASTRO ALVES,97.0,2024-05-22 14:00:00,240.75,149.1,187.08,421.0,436.0,158.0,278.0,19.0,0.0,1.0,2024-05-22 14:00:00,2024-05-22 13:00:00,SOURCE_WHOLE_HOUR,2024-05-22 17:00:00+00:00,ONS_NORM_BRASILIA_EXPORT_AND_PERIOD_LINK_UNVERIFIED,AGENT_REPORTED_NOT_VALIDATED_BY_ONS,2024-05,-19.0
S,Sul,Fio dagua,JACUI,JIUHCA,CASTRO ALVES,97.0,2024-05-22 15:00:00,240.75,149.1,187.08,437.0,437.0,159.0,278.0,19.0,0.0,1.0,2024-05-22 15:00:00,2024-05-22 14:00:00,SOURCE_WHOLE_HOUR,2024-05-22 18:00:00+00:00,ONS_NORM_BRASILIA_EXPORT_AND_PERIOD_LINK_UNVERIFIED,AGENT_REPORTED_NOT_VALIDATED_BY_ONS,2024-05,-19.0
S,Sul,Fio dagua,JACUI,JIUHCA,CASTRO ALVES,97.0,2024-05-22 16:00:00,240.75,149.07,187.08,436.0,436.0,158.0,278.0,19.0,0.0,1.0,2024-05-22 16:00:00,2024-05-22 15:00:00,SOURCE_WHOLE_HOUR,2024-05-22 19:00:00+00:00,ONS_NORM_BRASILIA_EXPORT_AND_PERIOD_LINK_UNVERIFIED,AGENT_REPORTED_NOT_VALIDATED_BY_ONS,2024-05,-19.0
S,Sul,Fio dagua,JACUI,JIUHCA,CASTRO ALVES,97.0,2024-05-22 17:00:00,240.74,149.07,185.92,415.0,430.0,158.0,272.0,19.0,0.0,1.0,2024-05-22 17:00:00,2024-05-22 16:00:00,SOURCE_WHOLE_HOUR,2024-05-22 20:00:00+00:00,ONS_NORM_BRASILIA_EXPORT_AND_PERIOD_LINK_UNVERIFIED,AGENT_REPORTED_NOT_VALIDATED_BY_ONS,2024-05,-19.0
S,Sul,Fio dagua,JACUI,JIUHCA,CASTRO ALVES,97.0,2024-05-22 18:00:00,240.71,149.07,182.43,370.0,414.0,158.0,256.0,19.0,0.0,1.0,2024-05-22 18:00:00,2024-05-22 17:00:00,SOURCE_WHOLE_HOUR,2024-05-22 21:00:00+00:00,ONS_NORM_BRASILIA_EXPORT_AND_PERIOD_LINK_UNVERIFIED,AGENT_REPORTED_NOT_VALIDATED_BY_ONS,2024-05,-19.0
S,Sul,Fio dagua,JACUI,JIUHCA,CASTRO ALVES,97.0,2024-05-22 19:00:00,240.71,149.07,182.43,414.0,414.0,158.0,256.0,19.0,0.0,1.0,2024-05-22 19:00:00,2024-05-22 18:00:00,SOURCE_WHOLE_HOUR,2024-05-22 22:00:00+00:00,ONS_NORM_BRASILIA_EXPORT_AND_PERIOD_LINK_UNVERIFIED,AGENT_REPORTED_NOT_VALIDATED_BY_ONS,2024-05,-19.0
S,Sul,Fio dagua,JACUI,JIUHCA,CASTRO ALVES,97.0,2024-05-22 20:00:00,240.71,149.0,182.43,414.0,414.0,158.0,256.0,19.0,0.0,1.0,2024-05-22 20:00:00,2024-05-22 19:00:00,SOURCE_WHOLE_HOUR,2024-05-22 23:00:00+00:00,ONS_NORM_BRASILIA_EXPORT_AND_PERIOD_LINK_UNVERIFIED,AGENT_REPORTED_NOT_VALIDATED_BY_ONS,2024-05,-19.0
S,Sul,Fio dagua,JACUI,JIUHCA,CASTRO ALVES,97.0,2024-05-22 21:00:00,240.7,149.0,181.27,394.0,409.0,158.0,251.0,19.0,0.0,1.0,2024-05-22 21:00:00,2024-05-22 20:00:00,SOURCE_WHOLE_HOUR,2024-05-23 00:00:00+00:00,ONS_NORM_BRASILIA_EXPORT_AND_PERIOD_LINK_UNVERIFIED,AGENT_REPORTED_NOT_VALIDATED_BY_ONS,2024-05,-19.0
S,Sul,Fio dagua,JACUI,JIUHCA,CASTRO ALVES,97.0,2024-05-22 22:00:00,240.7,149.0,181.27,409.0,409.0,158.0,251.0,19.0,0.0,1.0,2024-05-22 22:00:00,2024-05-22 21:00:00,SOURCE_WHOLE_HOUR,2024-05-23 01:00:00+00:00,ONS_NORM_BRASILIA_EXPORT_AND_PERIOD_LINK_UNVERIFIED,AGENT_REPORTED_NOT_VALIDATED_BY_ONS,2024-05,-19.0
S,Sul,Fio dagua,JACUI,JIUHCA,CASTRO ALVES,97.0,2024-05-22 23:00:00,240.7,149.0,181.27,357.0,357.0,106.0,251.0,19.0,0.0,1.0,2024-05-22 23:00:00,2024-05-22 22:00:00,SOURCE_WHOLE_HOUR,2024-05-23 02:00:00+00:00,ONS_NORM_BRASILIA_EXPORT_AND_PERIOD_LINK_UNVERIFIED,AGENT_REPORTED_NOT_VALIDATED_BY_ONS,2024-05,-19.0
S,Sul,Fio dagua,JACUI,JIUHCA,CASTRO ALVES,97.0,2024-05-22 23:59:00,240.7,149.0,181.27,409.0,409.0,158.0,251.0,19.0,0.0,1.0,2024-05-23 00:00:00,2024-05-22 23:00:00,23:59_AS_24:00_UNVERIFIED,2024-05-23 03:00:00+00:00,ONS_NORM_BRASILIA_EXPORT_AND_PERIOD_LINK_UNVERIFIED,AGENT_REPORTED_NOT_VALIDATED_BY_ONS,2024-05,-19.0
S,Sul,Fio dagua,JACUI,JIUHCA,CASTRO ALVES,97.0,2024-05-23 01:00:00,240.69,149.0,180.11,389.0,403.0,158.0,246.0,19.0,0.0,1.0,2024-05-23 01:00:00,2024-05-23 00:00:00,SOURCE_WHOLE_HOUR,2024-05-23 04:00:00+00:00,ONS_NORM_BRASILIA_EXPORT_AND_PERIOD_LINK_UNVERIFIED,AGENT_REPORTED_NOT_VALIDATED_BY_ONS,2024-05,-20.0
S,Sul,Fio dagua,JACUI,JIUHCA,CASTRO ALVES,97.0,2024-05-23 02:00:00,240.69,149.01,180.11,403.0,403.0,158.0,246.0,19.0,0.0,1.0,2024-05-23 02:00:00,2024-05-23 01:00:00,SOURCE_WHOLE_HOUR,2024-05-23 05:00:00+00:00,ONS_NORM_BRASILIA_EXPORT_AND_PERIOD_LINK_UNVERIFIED,AGENT_REPORTED_NOT_VALIDATED_BY_ONS,2024-05,-20.0
S,Sul,Fio dagua,JACUI,JIUHCA,CASTRO ALVES,97.0,2024-05-23 03:00:00,240.68,148.95,178.95,383.0,398.0,158.0,240.0,19.0,0.0,1.0,2024-05-23 03:00:00,2024-05-23 02:00:00,SOURCE_WHOLE_HOUR,2024-05-23 06:00:00+00:00,ONS_NORM_BRASILIA_EXPORT_AND_PERIOD_LINK_UNVERIFIED,AGENT_REPORTED_NOT_VALIDATED_BY_ONS,2024-05,-19.0
S,Sul,Fio dagua,JACUI,JIUHCA,CASTRO ALVES,97.0,2024-05-23 04:00:00,240.67,148.98,177.79,378.0,393.0,158.0,235.0,19.0,0.0,1.0,2024-05-23 04:00:00,2024-05-23 03:00:00,SOURCE_WHOLE_HOUR,2024-05-23 07:00:00+00:00,ONS_NORM_BRASILIA_EXPORT_AND_PERIOD_LINK_UNVERIFIED,AGENT_REPORTED_NOT_VALIDATED_BY_ONS,2024-05,-19.0
S,Sul,Fio dagua,JACUI,JIUHCA,CASTRO ALVES,97.0,2024-05-23 05:00:00,240.67,148.95,177.79,393.0,393.0,158.0,235.0,19.0,0.0,1.0,2024-05-23 05:00:00,2024-05-23 04:00:00,SOURCE_WHOLE_HOUR,2024-05-23 08:00:00+00:00,ONS_NORM_BRASILIA_EXPORT_AND_PERIOD_LINK_UNVERIFIED,AGENT_REPORTED_NOT_VALIDATED_BY_ONS,2024-05,-19.0
S,Sul,Fio dagua,JACUI,JIUHCA,CASTRO ALVES,97.0,2024-05-23 06:00:00,240.67,148.95,177.79,393.0,393.0,158.0,235.0,19.0,0.0,1.0,2024-05-23 06:00:00,2024-05-23 05:00:00,SOURCE_WHOLE_HOUR,2024-05-23 09:00:00+00:00,ONS_NORM_BRASILIA_EXPORT_AND_PERIOD_LINK_UNVERIFIED,AGENT_REPORTED_NOT_VALIDATED_BY_ONS,2024-05,-19.0
S,Sul,Fio dagua,JACUI,JIUHCA,CASTRO ALVES,97.0,2024-05-23 07:00:00,240.67,148.94,177.79,393.0,393.0,158.0,235.0,19.0,0.0,1.0,2024-05-23 07:00:00,2024-05-23 06:00:00,SOURCE_WHOLE_HOUR,2024-05-23 10:00:00+00:00,ONS_NORM_BRASILIA_EXPORT_AND_PERIOD_LINK_UNVERIFIED,AGENT_REPORTED_NOT_VALIDATED_BY_ONS,2024-05,-19.0
S,Sul,Fio dagua,JACUI,JIUHCA,CASTRO ALVES,97.0,2024-05-23 08:00:00,240.67,148.94,177.79,393.0,393.0,158.0,235.0,19.0,0.0,1.0,2024-05-23 08:00:00,2024-05-23 07:00:00,SOURCE_WHOLE_HOUR,2024-05-23 11:00:00+00:00,ONS_NORM_BRASILIA_EXPORT_AND_PERIOD_LINK_UNVERIFIED,AGENT_REPORTED_NOT_VALIDATED_BY_ONS,2024-05,-19.0
S,Sul,Fio dagua,JACUI,JIUHCA,CASTRO ALVES,97.0,2024-05-23 09:00:00,240.66,148.95,176.63,373.0,388.0,158.0,230.0,19.0,0.0,1.0,2024-05-23 09:00:00,2024-05-23 08:00:00,SOURCE_WHOLE_HOUR,2024-05-23 12:00:00+00:00,ONS_NORM_BRASILIA_EXPORT_AND_PERIOD_LINK_UNVERIFIED,AGENT_REPORTED_NOT_VALIDATED_BY_ONS,2024-05,-19.0
S,Sul,Fio dagua,JACUI,JIUHCA,CASTRO ALVES,97.0,2024-05-23 10:00:00,240.67,148.95,177.79,408.0,393.0,158.0,235.0,19.0,0.0,1.0,2024-05-23 10:00:00,2024-05-23 09:00:00,SOURCE_WHOLE_HOUR,2024-05-23 13:00:00+00:00,ONS_NORM_BRASILIA_EXPORT_AND_PERIOD_LINK_UNVERIFIED,AGENT_REPORTED_NOT_VALIDATED_BY_ONS,2024-05,-19.0
S,Sul,Fio dagua,JACUI,JIUHCA,CASTRO ALVES,97.0,2024-05-23 11:00:00,240.66,149.01,176.63,373.0,388.0,158.0,230.0,19.0,0.0,1.0,2024-05-23 11:00:00,2024-05-23 10:00:00,SOURCE_WHOLE_HOUR,2024-05-23 14:00:00+00:00,ONS_NORM_BRASILIA_EXPORT_AND_PERIOD_LINK_UNVERIFIED,AGENT_REPORTED_NOT_VALIDATED_BY_ONS,2024-05,-19.0
S,Sul,Fio dagua,JACUI,JIUHCA,CASTRO ALVES,97.0,2024-05-23 12:00:00,240.66,149.01,176.63,388.0,388.0,158.0,230.0,19.0,0.0,1.0,2024-05-23 12:00:00,2024-05-23 11:00:00,SOURCE_WHOLE_HOUR,2024-05-23 15:00:00+00:00,ONS_NORM_BRASILIA_EXPORT_AND_PERIOD_LINK_UNVERIFIED,AGENT_REPORTED_NOT_VALIDATED_BY_ONS,2024-05,-19.0
S,Sul,Fio dagua,JACUI,JIUHCA,CASTRO ALVES,97.0,2024-05-23 13:00:00,240.66,149.01,176.63,388.0,388.0,158.0,230.0,19.0,0.0,1.0,2024-05-23 13:00:00,2024-05-23 12:00:00,SOURCE_WHOLE_HOUR,2024-05-23 16:00:00+00:00,ONS_NORM_BRASILIA_EXPORT_AND_PERIOD_LINK_UNVERIFIED,AGENT_REPORTED_NOT_VALIDATED_BY_ONS,2024-05,-19.0
S,Sul,Fio dagua,JACUI,JIUHCA,CASTRO ALVES,97.0,2024-05-23 14:00:00,240.65,148.95,175.47,368.0,383.0,158.0,225.0,19.0,0.0,1.0,2024-05-23 14:00:00,2024-05-23 13:00:00,SOURCE_WHOLE_HOUR,2024-05-23 17:00:00+00:00,ONS_NORM_BRASILIA_EXPORT_AND_PERIOD_LINK_UNVERIFIED,AGENT_REPORTED_NOT_VALIDATED_BY_ONS,2024-05,-19.0
S,Sul,Fio dagua,JACUI,JIUHCA,CASTRO ALVES,97.0,2024-05-23 15:00:00,240.65,149.01,175.47,383.0,383.0,158.0,225.0,19.0,0.0,1.0,2024-05-23 15:00:00,2024-05-23 14:00:00,SOURCE_WHOLE_HOUR,2024-05-23 18:00:00+00:00,ONS_NORM_BRASILIA_EXPORT_AND_PERIOD_LINK_UNVERIFIED,AGENT_REPORTED_NOT_VALIDATED_BY_ONS,2024-05,-19.0
S,Sul,Fio dagua,JACUI,JIUHCA,CASTRO ALVES,97.0,2024-05-23 16:00:00,240.67,149.01,177.79,423.0,393.0,158.0,235.0,19.0,0.0,1.0,2024-05-23 16:00:00,2024-05-23 15:00:00,SOURCE_WHOLE_HOUR,2024-05-23 19:00:00+00:00,ONS_NORM_BRASILIA_EXPORT_AND_PERIOD_LINK_UNVERIFIED,AGENT_REPORTED_NOT_VALIDATED_BY_ONS,2024-05,-19.0
S,Sul,Fio dagua,JACUI,JIUHCA,CASTRO ALVES,97.0,2024-05-23 17:00:00,240.67,149.01,177.79,393.0,393.0,158.0,235.0,19.0,0.0,1.0,2024-05-23 17:00:00,2024-05-23 16:00:00,SOURCE_WHOLE_HOUR,2024-05-23 20:00:00+00:00,ONS_NORM_BRASILIA_EXPORT_AND_PERIOD_LINK_UNVERIFIED,AGENT_REPORTED_NOT_VALIDATED_BY_ONS,2024-05,-19.0
S,Sul,Fio dagua,JACUI,JIUHCA,CASTRO ALVES,97.0,2024-05-23 18:00:00,240.68,148.95,178.95,413.0,398.0,158.0,240.0,19.0,0.0,1.0,2024-05-23 18:00:00,2024-05-23 17:00:00,SOURCE_WHOLE_HOUR,2024-05-23 21:00:00+00:00,ONS_NORM_BRASILIA_EXPORT_AND_PERIOD_LINK_UNVERIFIED,AGENT_REPORTED_NOT_VALIDATED_BY_ONS,2024-05,-19.0
S,Sul,Fio dagua,JACUI,JIUHCA,CASTRO ALVES,97.0,2024-05-23 19:00:00,240.68,148.95,178.95,398.0,398.0,158.0,240.0,19.0,0.0,1.0,2024-05-23 19:00:00,2024-05-23 18:00:00,SOURCE_WHOLE_HOUR,2024-05-23 22:00:00+00:00,ONS_NORM_BRASILIA_EXPORT_AND_PERIOD_LINK_UNVERIFIED,AGENT_REPORTED_NOT_VALIDATED_BY_ONS,2024-05,-19.0
S,Sul,Fio dagua,JACUI,JIUHCA,CASTRO ALVES,97.0,2024-05-23 20:00:00,240.68,148.94,178.95,398.0,398.0,158.0,240.0,19.0,0.0,1.0,2024-05-23 20:00:00,2024-05-23 19:00:00,SOURCE_WHOLE_HOUR,2024-05-23 23:00:00+00:00,ONS_NORM_BRASILIA_EXPORT_AND_PERIOD_LINK_UNVERIFIED,AGENT_REPORTED_NOT_VALIDATED_BY_ONS,2024-05,-19.0
S,Sul,Fio dagua,JACUI,JIUHCA,CASTRO ALVES,97.0,2024-05-23 21:00:00,240.68,148.87,178.95,398.0,398.0,158.0,240.0,19.0,0.0,1.0,2024-05-23 21:00:00,2024-05-23 20:00:00,SOURCE_WHOLE_HOUR,2024-05-24 00:00:00+00:00,ONS_NORM_BRASILIA_EXPORT_AND_PERIOD_LINK_UNVERIFIED,AGENT_REPORTED_NOT_VALIDATED_BY_ONS,2024-05,-19.0
S,Sul,Fio dagua,JACUI,JIUHCA,CASTRO ALVES,97.0,2024-05-23 22:00:00,240.71,148.87,182.43,458.0,414.0,158.0,256.0,19.0,0.0,1.0,2024-05-23 22:00:00,2024-05-23 21:00:00,SOURCE_WHOLE_HOUR,2024-05-24 01:00:00+00:00,ONS_NORM_BRASILIA_EXPORT_AND_PERIOD_LINK_UNVERIFIED,AGENT_REPORTED_NOT_VALIDATED_BY_ONS,2024-05,-19.0
S,Sul,Fio dagua,JACUI,JIUHCA,CASTRO ALVES,97.0,2024-05-23 23:00:00,240.72,148.87,183.59,434.0,419.0,158.0,262.0,19.0,0.0,1.0,2024-05-23 23:00:00,2024-05-23 22:00:00,SOURCE_WHOLE_HOUR,2024-05-24 02:00:00+00:00,ONS_NORM_BRASILIA_EXPORT_AND_PERIOD_LINK_UNVERIFIED,AGENT_REPORTED_NOT_VALIDATED_BY_ONS,2024-05,-20.0
S,Sul,Fio dagua,JACUI,JIUHCA,CASTRO ALVES,97.0,2024-05-23 23:59:00,240.74,148.94,185.92,460.0,430.0,158.0,272.0,19.0,0.0,1.0,2024-05-24 00:00:00,2024-05-23 23:00:00,23:59_AS_24:00_UNVERIFIED,2024-05-24 03:00:00+00:00,ONS_NORM_BRASILIA_EXPORT_AND_PERIOD_LINK_UNVERIFIED,AGENT_REPORTED_NOT_VALIDATED_BY_ONS,2024-05,-19.0
S,Sul,Fio dagua,JACUI,JIUHCA,CASTRO ALVES,97.0,2024-05-24 01:00:00,240.8,149.01,192.88,553.0,464.0,158.0,306.0,19.0,0.0,1.0,2024-05-24 01:00:00,2024-05-24 00:00:00,SOURCE_WHOLE_HOUR,2024-05-24 04:00:00+00:00,ONS_NORM_BRASILIA_EXPORT_AND_PERIOD_LINK_UNVERIFIED,AGENT_REPORTED_NOT_VALIDATED_BY_ONS,2024-05,-19.0
S,Sul,Fio dagua,JACUI,JIUHCA,CASTRO ALVES,97.0,2024-05-24 02:00:00,240.82,149.17,195.21,506.0,476.0,158.0,318.0,19.0,0.0,1.0,2024-05-24 02:00:00,2024-05-24 01:00:00,SOURCE_WHOLE_HOUR,2024-05-24 05:00:00+00:00,ONS_NORM_BRASILIA_EXPORT_AND_PERIOD_LINK_UNVERIFIED,AGENT_REPORTED_NOT_VALIDATED_BY_ONS,2024-05,-19.0
S,Sul,Fio dagua,JACUI,JIUHCA,CASTRO ALVES,97.0,2024-05-24 03:00:00,240.81,149.17,194.04,455.0,470.0,158.0,312.0,19.0,0.0,1.0,2024-05-24 03:00:00,2024-05-24 02:00:00,SOURCE_WHOLE_HOUR,2024-05-24 06:00:00+00:00,ONS_NORM_BRASILIA_EXPORT_AND_PERIOD_LINK_UNVERIFIED,AGENT_REPORTED_NOT_VALIDATED_BY_ONS,2024-05,-19.0
S,Sul,Fio dagua,JACUI,JIUHCA,CASTRO ALVES,97.0,2024-05-24 04:00:00,240.83,148.79,196.37,511.0,481.0,157.0,324.0,19.0,0.0,1.0,2024-05-24 04:00:00,2024-05-24 03:00:00,SOURCE_WHOLE_HOUR,2024-05-24 07:00:00+00:00,ONS_NORM_BRASILIA_EXPORT_AND_PERIOD_LINK_UNVERIFIED,AGENT_REPORTED_NOT_VALIDATED_BY_ONS,2024-05,-19.0
S,Sul,Fio dagua,JACUI,JIUHCA,CASTRO ALVES,97.0,2024-05-24 05:00:00,240.84,148.7,197.53,502.0,487.0,157.0,330.0,19.0,0.0,1.0,2024-05-24 05:00:00,2024-05-24 04:00:00,SOURCE_WHOLE_HOUR,2024-05-24 08:00:00+00:00,ONS_NORM_BRASILIA_EXPORT_AND_PERIOD_LINK_UNVERIFIED,AGENT_REPORTED_NOT_VALIDATED_BY_ONS,2024-05,-19.0
S,Sul,Fio dagua,JACUI,JIUHCA,CASTRO ALVES,97.0,2024-05-24 06:00:00,240.85,148.58,198.69,508.0,493.0,157.0,336.0,19.0,0.0,1.0,2024-05-24 06:00:00,2024-05-24 05:00:00,SOURCE_WHOLE_HOUR,2024-05-24 09:00:00+00:00,ONS_NORM_BRASILIA_EXPORT_AND_PERIOD_LINK_UNVERIFIED,AGENT_REPORTED_NOT_VALIDATED_BY_ONS,2024-05,-19.0
S,Sul,Fio dagua,JACUI,JIUHCA,CASTRO ALVES,97.0,2024-05-24 07:00:00,240.9,148.58,204.49,598.0,523.0,157.0,367.0,19.0,0.0,1.0,2024-05-24 07:00:00,2024-05-24 06:00:00,SOURCE_WHOLE_HOUR,2024-05-24 10:00:00+00:00,ONS_NORM_BRASILIA_EXPORT_AND_PERIOD_LINK_UNVERIFIED,AGENT_REPORTED_NOT_VALIDATED_BY_ONS,2024-05,-20.0
S,Sul,Fio dagua,JACUI,JIUHCA,CASTRO ALVES,97.0,2024-05-24 08:00:00,240.9,148.65,204.49,524.0,524.0,157.0,367.0,19.0,0.0,1.0,2024-05-24 08:00:00,2024-05-24 07:00:00,SOURCE_WHOLE_HOUR,2024-05-24 11:00:00+00:00,ONS_NORM_BRASILIA_EXPORT_AND_PERIOD_LINK_UNVERIFIED,AGENT_REPORTED_NOT_VALIDATED_BY_ONS,2024-05,-19.0
S,Sul,Fio dagua,JACUI,JIUHCA,CASTRO ALVES,97.0,2024-05-24 09:00:00,240.93,148.65,207.98,588.0,543.0,157.0,386.0,19.0,0.0,1.0,2024-05-24 09:00:00,2024-05-24 08:00:00,SOURCE_WHOLE_HOUR,2024-05-24 12:00:00+00:00,ONS_NORM_BRASILIA_EXPORT_AND_PERIOD_LINK_UNVERIFIED,AGENT_REPORTED_NOT_VALIDATED_BY_ONS,2024-05,-19.0
S,Sul,Fio dagua,JACUI,JIUHCA,CASTRO ALVES,97.0,2024-05-24 10:00:00,240.95,148.71,210.3,586.0,556.0,157.0,399.0,19.0,0.0,1.0,2024-05-24 10:00:00,2024-05-24 09:00:00,SOURCE_WHOLE_HOUR,2024-05-24 13:00:00+00:00,ONS_NORM_BRASILIA_EXPORT_AND_PERIOD_LINK_UNVERIFIED,AGENT_REPORTED_NOT_VALIDATED_BY_ONS,2024-05,-19.0
