-29.264900 -50.314899 DCRS-00084 2026-09-22_00:00 12.9 -999.9 -999.9 97.3 -999.9 -999.9 12.5 -999.9 -999.9 -999.9 -999.9 -999.9 3.5 -999.9 9.7 0.0 0.0 0.0 0.0 0.0 0.0 0.0 12.9 12.9 97.3 97.3 9.7 DCRS_-_São_Francisco_de_Paula/Cambará_do_Sul_(865_m) -999.9 -999.9 -999.9 -999.9 -999.9 12.5 12.5 0.0 Rio_Grande_do_Sul DCRS -999.9 0.0 0.0 861.11 861.11 861.11 1 0.05 861.11 861.11 861.11 861.11
-29.264900 -50.314899 DCRS-00084 2026-09-22_00:01 12.9 -999.9 -999.9 97.3 -999.9 -999.9 12.5 -999.9 -999.9 -999.9 -999.9 -999.9 2.8 -999.9 9.7 0.0 0.0 0.0 0.0 0.0 0.0 0.0 12.9 12.9 97.3 97.3 9.7 DCRS_-_São_Francisco_de_Paula/Cambará_do_Sul_(865_m) -999.9 -999.9 -999.9 -999.9 -999.9 12.5 12.5 0.0 Rio_Grande_do_Sul DCRS -999.9 0.0 0.0 861.11 861.11 861.11 1 0.05 861.11 861.11 861.11 861.11
-29.264900 -50.314899 DCRS-00084 2026-09-22_00:02 12.9 -999.9 -999.9 97.3 -999.9 -999.9 12.5 -999.9 -999.9 -999.9 -999.9 -999.9 8.0 -999.9 9.7 0.0 0.0 0.0 0.0 0.0 0.0 0.0 12.9 12.9 97.3 97.3 9.7 DCRS_-_São_Francisco_de_Paula/Cambará_do_Sul_(865_m) -999.9 -999.9 -999.9 -999.9 -999.9 12.5 12.5 0.0 Rio_Grande_do_Sul DCRS -999.9 0.0 0.0 861.11 861.11 861.11 1 0.04 861.11 861.11 861.11 861.11
-29.264900 -50.314899 DCRS-00084 2026-09-22_00:03 12.8 -999.9 -999.9 97.3 -999.9 -999.9 12.4 -999.9 -999.9 -999.9 -999.9 -999.9 6.5 -999.9 9.7 0.0 0.0 0.0 0.0 0.0 0.0 0.0 12.9 12.8 97.3 97.3 9.7 DCRS_-_São_Francisco_de_Paula/Cambará_do_Sul_(865_m) -999.9 -999.9 -999.9 -999.9 -999.9 12.5 12.4 0.0 Rio_Grande_do_Sul DCRS -999.9 0.0 0.0 861.11 861.11 861.11 1 0.04 861.11 861.11 861.11 861.11
-29.264900 -50.314899 DCRS-00084 2026-09-22_00:04 12.8 -999.9 -999.9 97.3 -999.9 -999.9 12.4 -999.9 -999.9 -999.9 -999.9 -999.9 -999.9 -999.9 9.7 0.0 0.0 0.0 0.0 0.0 0.0 0.0 12.9 12.8 97.3 97.3 9.7 DCRS_-_São_Francisco_de_Paula/Cambará_do_Sul_(865_m) -999.9 -999.9 -999.9 -999.9 -999.9 12.5 12.4 0.0 Rio_Grande_do_Sul DCRS -999.9 0.0 0.0 861.11 861.11 861.11 1 0.05 861.11 861.11 861.11 861.11
-29.264900 -50.314899 DCRS-00084 2026-09-22_00:05 12.9 -999.9 -999.9 97.3 -999.9 -999.9 12.5 -999.9 -999.9 -999.9 -999.9 -999.9 12.3 -999.9 12.7 0.0 0.0 0.0 0.0 0.0 0.0 0.0 12.9 12.8 97.3 97.3 12.7 DCRS_-_São_Francisco_de_Paula/Cambará_do_Sul_(865_m) -999.9 -999.9 -999.9 -999.9 -999.9 12.5 12.4 0.0 Rio_Grande_do_Sul DCRS -999.9 0.0 0.0 861.11 861.11 861.11 1 0.03 861.11 861.11 861.11 861.11
-29.264900 -50.314899 DCRS-00084 2026-09-22_00:06 12.8 -999.9 -999.9 97.3 -999.9 -999.9 12.4 -999.9 -999.9 -999.9 -999.9 -999.9 8.0 -999.9 12.7 0.0 0.0 0.0 0.0 0.0 0.0 0.0 12.9 12.8 97.3 97.3 12.7 DCRS_-_São_Francisco_de_Paula/Cambará_do_Sul_(865_m) -999.9 -999.9 -999.9 -999.9 -999.9 12.5 12.4 0.0 Rio_Grande_do_Sul DCRS -999.9 0.0 0.0 861.12 861.12 861.11 1 0.04 861.12 861.12 861.12 861.12
-29.264900 -50.314899 DCRS-00084 2026-09-22_00:07 12.9 -999.9 -999.9 97.4 -999.9 -999.9 12.5 -999.9 -999.9 -999.9 -999.9 -999.9 4.3 -999.9 12.7 0.0 0.0 0.0 0.0 0.0 0.0 0.0 12.9 12.8 97.4 97.3 12.7 DCRS_-_São_Francisco_de_Paula/Cambará_do_Sul_(865_m) -999.9 -999.9 -999.9 -999.9 -999.9 12.5 12.4 0.0 Rio_Grande_do_Sul DCRS -999.9 0.0 0.0 861.1 861.12 861.1 1 0.03 861.12 861.12 861.12 861.12
-29.264900 -50.314899 DCRS-00084 2026-09-22_00:08 12.8 -999.9 -999.9 97.5 -999.9 -999.9 12.4 -999.9 -999.9 -999.9 -999.9 -999.9 6.5 -999.9 12.7 0.0 0.0 0.0 0.0 0.0 0.0 0.0 12.9 12.8 97.5 97.3 12.7 DCRS_-_São_Francisco_de_Paula/Cambará_do_Sul_(865_m) -999.9 -999.9 -999.9 -999.9 -999.9 12.5 12.4 0.0 Rio_Grande_do_Sul DCRS -999.9 0.0 0.0 861.12 861.12 861.1 1 0.05 861.12 861.12 861.12 861.12
-29.264900 -50.314899 DCRS-00084 2026-09-22_00:09 12.9 -999.9 -999.9 97.5 -999.9 -999.9 12.5 -999.9 -999.9 -999.9 -999.9 -999.9 7.9 -999.9 12.7 0.0 0.0 0.0 0.0 0.0 0.0 0.0 12.9 12.8 97.5 97.3 12.7 DCRS_-_São_Francisco_de_Paula/Cambará_do_Sul_(865_m) -999.9 -999.9 -999.9 -999.9 -999.9 12.5 12.4 0.0 Rio_Grande_do_Sul DCRS -999.9 0.0 0.0 861.11 861.12 861.1 1 0.05 861.12 861.12 861.12 861.12
-29.264900 -50.314899 DCRS-00084 2026-09-22_00:10 12.9 -999.9 -999.9 97.6 -999.9 -999.9 12.5 -999.9 -999.9 -999.9 -999.9 -999.9 9.7 -999.9 13.0 0.0 0.0 0.0 0.0 0.0 0.0 0.0 12.9 12.8 97.6 97.3 13.0 DCRS_-_São_Francisco_de_Paula/Cambará_do_Sul_(865_m) -999.9 -999.9 -999.9 -999.9 -999.9 12.5 12.4 0.0 Rio_Grande_do_Sul DCRS -999.9 0.0 0.0 861.11 861.12 861.1 1 0.04 861.12 861.12 861.12 861.12
-29.264900 -50.314899 DCRS-00084 2026-09-22_00:11 12.9 -999.9 -999.9 97.6 -999.9 -999.9 12.5 -999.9 -999.9 -999.9 -999.9 -999.9 0.0 -999.9 13.0 0.0 0.0 0.0 0.0 0.0 0.0 0.0 12.9 12.8 97.6 97.3 13.0 DCRS_-_São_Francisco_de_Paula/Cambará_do_Sul_(865_m) -999.9 -999.9 -999.9 -999.9 -999.9 12.5 12.4 0.0 Rio_Grande_do_Sul DCRS -999.9 0.0 0.0 861.12 861.12 861.1 1 0.05 861.12 861.12 861.12 861.12
-29.264900 -50.314899 DCRS-00084 2026-09-22_00:12 12.9 -999.9 -999.9 97.7 -999.9 -999.9 12.5 -999.9 -999.9 -999.9 -999.9 -999.9 3.6 -999.9 13.0 0.0 0.0 0.0 0.0 0.0 0.0 0.0 12.9 12.8 97.7 97.3 13.0 DCRS_-_São_Francisco_de_Paula/Cambará_do_Sul_(865_m) -999.9 -999.9 -999.9 -999.9 -999.9 12.5 12.4 0.0 Rio_Grande_do_Sul DCRS -999.9 0.0 0.0 861.11 861.12 861.1 1 0.04 861.12 861.12 861.12 861.12
-29.264900 -50.314899 DCRS-00084 2026-09-22_00:13 12.9 -999.9 -999.9 97.6 -999.9 -999.9 12.5 -999.9 -999.9 -999.9 -999.9 -999.9 1.8 -999.9 13.0 0.0 0.0 0.0 0.0 0.0 0.0 0.0 12.9 12.8 97.7 97.3 13.0 DCRS_-_São_Francisco_de_Paula/Cambará_do_Sul_(865_m) -999.9 -999.9 -999.9 -999.9 -999.9 12.5 12.4 0.0 Rio_Grande_do_Sul DCRS -999.9 0.0 0.0 861.12 861.12 861.1 1 0.04 861.12 861.12 861.12 861.12
-29.264900 -50.314899 DCRS-00084 2026-09-22_00:14 13.0 -999.9 -999.9 97.6 -999.9 -999.9 12.6 -999.9 -999.9 -999.9 -999.9 -999.9 7.3 -999.9 13.0 0.0 0.0 0.0 0.0 0.0 0.0 0.0 13.0 12.8 97.7 97.3 13.0 DCRS_-_São_Francisco_de_Paula/Cambará_do_Sul_(865_m) -999.9 -999.9 -999.9 -999.9 -999.9 12.6 12.4 0.0 Rio_Grande_do_Sul DCRS -999.9 0.0 0.0 861.12 861.12 861.1 1 0.04 861.12 861.12 861.12 861.12
-29.264900 -50.314899 DCRS-00084 2026-09-22_00:15 12.9 -999.9 -999.9 97.5 -999.9 -999.9 12.5 -999.9 -999.9 -999.9 -999.9 -999.9 10.9 -999.9 10.9 0.0 0.0 0.0 0.0 0.0 0.0 0.0 13.0 12.8 97.7 97.3 13.0 DCRS_-_São_Francisco_de_Paula/Cambará_do_Sul_(865_m) -999.9 -999.9 -999.9 -999.9 -999.9 12.6 12.4 0.0 Rio_Grande_do_Sul DCRS -999.9 0.0 0.0 861.13 861.13 861.1 1 0.05 861.13 861.13 861.13 861.13
-29.264900 -50.314899 DCRS-00084 2026-09-22_00:16 12.9 -999.9 -999.9 97.5 -999.9 -999.9 12.5 -999.9 -999.9 -999.9 -999.9 -999.9 8.6 -999.9 10.9 0.0 0.0 0.0 0.0 0.0 0.0 0.0 13.0 12.8 97.7 97.3 13.0 DCRS_-_São_Francisco_de_Paula/Cambará_do_Sul_(865_m) -999.9 -999.9 -999.9 -999.9 -999.9 12.6 12.4 0.0 Rio_Grande_do_Sul DCRS -999.9 0.0 0.0 861.1 861.13 861.1 1 0.02 861.13 861.13 861.13 861.13
-29.264900 -50.314899 DCRS-00084 2026-09-22_00:17 12.9 -999.9 -999.9 97.6 -999.9 -999.9 12.5 -999.9 -999.9 -999.9 -999.9 -999.9 5.8 -999.9 10.9 0.0 0.0 0.0 0.0 0.0 0.0 0.0 13.0 12.8 97.7 97.3 13.0 DCRS_-_São_Francisco_de_Paula/Cambará_do_Sul_(865_m) -999.9 -999.9 -999.9 -999.9 -999.9 12.6 12.4 0.0 Rio_Grande_do_Sul DCRS -999.9 0.0 0.0 861.12 861.13 861.1 1 0.04 861.13 861.13 861.13 861.13
-29.264900 -50.314899 DCRS-00084 2026-09-22_00:18 13.0 -999.9 -999.9 97.5 -999.9 -999.9 12.6 -999.9 -999.9 -999.9 -999.9 -999.9 3.4 -999.9 10.9 0.0 0.0 0.0 0.0 0.0 0.0 0.0 13.0 12.8 97.7 97.3 13.0 DCRS_-_São_Francisco_de_Paula/Cambará_do_Sul_(865_m) -999.9 -999.9 -999.9 -999.9 -999.9 12.6 12.4 0.0 Rio_Grande_do_Sul DCRS -999.9 0.0 0.0 861.12 861.13 861.1 1 0.03 861.13 861.13 861.13 861.13
-29.264900 -50.314899 DCRS-00084 2026-09-22_00:19 13.0 -999.9 -999.9 97.6 -999.9 -999.9 12.6 -999.9 -999.9 -999.9 -999.9 -999.9 2.0 -999.9 10.9 0.0 0.0 0.0 0.0 0.0 0.0 0.0 13.0 12.8 97.7 97.3 13.0 DCRS_-_São_Francisco_de_Paula/Cambará_do_Sul_(865_m) -999.9 -999.9 -999.9 -999.9 -999.9 12.6 12.4 0.0 Rio_Grande_do_Sul DCRS -999.9 0.0 0.0 861.13 861.13 861.1 1 0.06 861.13 861.13 861.13 861.13
-29.264900 -50.314899 DCRS-00084 2026-09-22_00:20 12.9 -999.9 -999.9 97.7 -999.9 -999.9 12.5 -999.9 -999.9 -999.9 -999.9 -999.9 3.9 -999.9 10.9 0.0 0.0 0.0 0.0 0.0 0.0 0.0 13.0 12.8 97.7 97.3 13.0 DCRS_-_São_Francisco_de_Paula/Cambará_do_Sul_(865_m) -999.9 -999.9 -999.9 -999.9 -999.9 12.6 12.4 0.0 Rio_Grande_do_Sul DCRS -999.9 0.0 0.0 861.11 861.13 861.1 1 0.03 861.13 861.13 861.13 861.13
-29.264900 -50.314899 DCRS-00084 2026-09-22_00:21 12.9 -999.9 -999.9 97.6 -999.9 -999.9 12.5 -999.9 -999.9 -999.9 -999.9 -999.9 3.7 -999.9 10.9 0.0 0.0 0.0 0.0 0.0 0.0 0.0 13.0 12.8 97.7 97.3 13.0 DCRS_-_São_Francisco_de_Paula/Cambará_do_Sul_(865_m) -999.9 -999.9 -999.9 -999.9 -999.9 12.6 12.4 0.0 Rio_Grande_do_Sul DCRS -999.9 0.0 0.0 861.13 861.13 861.1 1 0.05 861.13 861.13 861.13 861.13
-29.264900 -50.314899 DCRS-00084 2026-09-22_00:22 12.9 -999.9 -999.9 97.6 -999.9 -999.9 12.5 -999.9 -999.9 -999.9 -999.9 -999.9 2.8 -999.9 10.9 0.0 0.0 0.0 0.0 0.0 0.0 0.0 13.0 12.8 97.7 97.3 13.0 DCRS_-_São_Francisco_de_Paula/Cambará_do_Sul_(865_m) -999.9 -999.9 -999.9 -999.9 -999.9 12.6 12.4 0.0 Rio_Grande_do_Sul DCRS -999.9 0.0 0.0 861.13 861.13 861.1 1 0.06 861.13 861.13 861.13 861.13
-29.264900 -50.314899 DCRS-00084 2026-09-22_00:23 12.9 -999.9 -999.9 97.6 -999.9 -999.9 12.5 -999.9 -999.9 -999.9 -999.9 -999.9 2.6 -999.9 10.9 0.0 0.0 0.0 0.0 0.0 0.0 0.0 13.0 12.8 97.7 97.3 13.0 DCRS_-_São_Francisco_de_Paula/Cambará_do_Sul_(865_m) -999.9 -999.9 -999.9 -999.9 -999.9 12.6 12.4 0.0 Rio_Grande_do_Sul DCRS -999.9 0.0 0.0 861.11 861.13 861.1 1 0.03 861.13 861.13 861.13 861.13
-29.264900 -50.314899 DCRS-00084 2026-09-22_00:24 12.9 -999.9 -999.9 97.5 -999.9 -999.9 12.5 -999.9 -999.9 -999.9 -999.9 -999.9 5.3 -999.9 10.9 0.0 0.0 0.0 0.0 0.0 0.0 0.0 13.0 12.8 97.7 97.3 13.0 DCRS_-_São_Francisco_de_Paula/Cambará_do_Sul_(865_m) -999.9 -999.9 -999.9 -999.9 -999.9 12.6 12.4 0.0 Rio_Grande_do_Sul DCRS -999.9 0.0 0.0 861.11 861.13 861.1 1 0.03 861.13 861.13 861.13 861.13
-29.264900 -50.314899 DCRS-00084 2026-09-22_00:25 12.9 -999.9 -999.9 97.7 -999.9 -999.9 12.5 -999.9 -999.9 -999.9 -999.9 -999.9 4.4 -999.9 7.3 0.0 0.0 0.0 0.0 0.0 0.0 0.0 13.0 12.8 97.7 97.3 13.0 DCRS_-_São_Francisco_de_Paula/Cambará_do_Sul_(865_m) -999.9 -999.9 -999.9 -999.9 -999.9 12.6 12.4 0.0 Rio_Grande_do_Sul DCRS -999.9 0.0 0.0 861.13 861.13 861.1 1 0.05 861.13 861.13 861.13 861.13
-29.264900 -50.314899 DCRS-00084 2026-09-22_00:26 12.9 -999.9 -999.9 97.7 -999.9 -999.9 12.5 -999.9 -999.9 -999.9 -999.9 -999.9 5.0 -999.9 7.3 0.0 0.0 0.0 0.0 0.0 0.0 0.0 13.0 12.8 97.7 97.3 13.0 DCRS_-_São_Francisco_de_Paula/Cambará_do_Sul_(865_m) -999.9 -999.9 -999.9 -999.9 -999.9 12.6 12.4 0.0 Rio_Grande_do_Sul DCRS -999.9 0.0 0.0 861.13 861.13 861.1 1 0.04 861.13 861.13 861.13 861.13
-29.264900 -50.314899 DCRS-00084 2026-09-22_00:27 12.9 -999.9 -999.9 97.8 -999.9 -999.9 12.6 -999.9 -999.9 -999.9 -999.9 -999.9 5.0 -999.9 7.3 0.0 0.0 0.0 0.0 0.0 0.0 0.0 13.0 12.8 97.8 97.3 13.0 DCRS_-_São_Francisco_de_Paula/Cambará_do_Sul_(865_m) -999.9 -999.9 -999.9 -999.9 -999.9 12.6 12.4 0.0 Rio_Grande_do_Sul DCRS -999.9 0.0 0.0 861.13 861.13 861.1 1 0.05 861.13 861.13 861.13 861.13
-29.264900 -50.314899 DCRS-00084 2026-09-22_00:28 13.0 -999.9 -999.9 97.8 -999.9 -999.9 12.7 -999.9 -999.9 -999.9 -999.9 -999.9 5.6 -999.9 7.3 0.0 0.0 0.0 0.0 0.0 0.0 0.0 13.0 12.8 97.8 97.3 13.0 DCRS_-_São_Francisco_de_Paula/Cambará_do_Sul_(865_m) -999.9 -999.9 -999.9 -999.9 -999.9 12.7 12.4 0.0 Rio_Grande_do_Sul DCRS -999.9 0.0 0.0 861.13 861.13 861.1 1 0.04 861.13 861.13 861.13 861.13
-29.264900 -50.314899 DCRS-00084 2026-09-22_00:29 12.9 -999.9 -999.9 97.8 -999.9 -999.9 12.6 -999.9 -999.9 -999.9 -999.9 -999.9 4.2 -999.9 7.3 0.0 0.0 0.0 0.0 0.0 0.0 0.0 13.0 12.8 97.8 97.3 13.0 DCRS_-_São_Francisco_de_Paula/Cambará_do_Sul_(865_m) -999.9 -999.9 -999.9 -999.9 -999.9 12.7 12.4 0.0 Rio_Grande_do_Sul DCRS -999.9 0.0 0.0 861.13 861.13 861.1 1 0.04 861.13 861.13 861.13 861.13
-29.264900 -50.314899 DCRS-00084 2026-09-22_00:30 13.0 -999.9 -999.9 97.9 -999.9 -999.9 12.7 -999.9 -999.9 -999.9 -999.9 -999.9 3.5 -999.9 8.4 0.0 0.0 0.0 0.0 0.0 0.0 0.0 13.0 12.8 97.9 97.3 13.0 DCRS_-_São_Francisco_de_Paula/Cambará_do_Sul_(865_m) -999.9 -999.9 -999.9 -999.9 -999.9 12.7 12.4 0.0 Rio_Grande_do_Sul DCRS -999.9 0.0 0.0 861.13 861.13 861.1 1 0.04 861.13 861.13 861.13 861.13
-29.264900 -50.314899 DCRS-00084 2026-09-22_00:31 13.0 -999.9 -999.9 97.8 -999.9 -999.9 12.7 -999.9 -999.9 -999.9 -999.9 -999.9 -999.9 -999.9 8.4 0.0 0.0 0.0 0.0 0.0 0.0 0.0 13.0 12.8 97.9 97.3 13.0 DCRS_-_São_Francisco_de_Paula/Cambará_do_Sul_(865_m) -999.9 -999.9 -999.9 -999.9 -999.9 12.7 12.4 0.0 Rio_Grande_do_Sul DCRS -999.9 0.0 0.0 861.13 861.13 861.1 1 0.05 861.13 861.13 861.13 861.13
-29.264900 -50.314899 DCRS-00084 2026-09-22_00:32 13.0 -999.9 -999.9 97.8 -999.9 -999.9 12.7 -999.9 -999.9 -999.9 -999.9 -999.9 6.4 -999.9 8.4 0.0 0.0 0.0 0.0 0.0 0.0 0.0 13.0 12.8 97.9 97.3 13.0 DCRS_-_São_Francisco_de_Paula/Cambará_do_Sul_(865_m) -999.9 -999.9 -999.9 -999.9 -999.9 12.7 12.4 0.0 Rio_Grande_do_Sul DCRS -999.9 0.0 0.0 861.13 861.13 861.1 1 0.05 861.13 861.13 861.13 861.13
-29.264900 -50.314899 DCRS-00084 2026-09-22_00:33 13.0 -999.9 -999.9 97.8 -999.9 -999.9 12.7 -999.9 -999.9 -999.9 -999.9 -999.9 0.0 -999.9 8.4 0.0 0.0 0.0 0.0 0.0 0.0 0.0 13.0 12.8 97.9 97.3 13.0 DCRS_-_São_Francisco_de_Paula/Cambará_do_Sul_(865_m) -999.9 -999.9 -999.9 -999.9 -999.9 12.7 12.4 0.0 Rio_Grande_do_Sul DCRS -999.9 0.0 0.0 861.13 861.13 861.1 1 0.04 861.13 861.13 861.13 861.13
-29.264900 -50.314899 DCRS-00084 2026-09-22_00:34 12.9 -999.9 -999.9 97.7 -999.9 -999.9 12.5 -999.9 -999.9 -999.9 -999.9 -999.9 0.0 -999.9 8.4 0.0 0.0 0.0 0.0 0.0 0.0 0.0 13.0 12.8 97.9 97.3 13.0 DCRS_-_São_Francisco_de_Paula/Cambará_do_Sul_(865_m) -999.9 -999.9 -999.9 -999.9 -999.9 12.7 12.4 0.0 Rio_Grande_do_Sul DCRS -999.9 0.0 0.0 861.13 861.13 861.1 1 0.04 861.13 861.13 861.13 861.13
-29.264900 -50.314899 DCRS-00084 2026-09-22_00:35 12.9 -999.9 -999.9 97.8 -999.9 -999.9 12.6 -999.9 -999.9 -999.9 -999.9 -999.9 0.0 -999.9 9.1 0.0 0.0 0.0 0.0 0.0 0.0 0.0 13.0 12.8 97.9 97.3 13.0 DCRS_-_São_Francisco_de_Paula/Cambará_do_Sul_(865_m) -999.9 -999.9 -999.9 -999.9 -999.9 12.7 12.4 0.0 Rio_Grande_do_Sul DCRS -999.9 0.0 0.0 861.13 861.13 861.1 1 0.06 861.13 861.13 861.13 861.13
-29.264900 -50.314899 DCRS-00084 2026-09-22_00:36 13.0 -999.9 -999.9 97.7 -999.9 -999.9 12.6 -999.9 -999.9 -999.9 -999.9 -999.9 7.8 -999.9 9.1 0.0 0.0 0.0 0.0 0.0 0.0 0.0 13.0 12.8 97.9 97.3 13.0 DCRS_-_São_Francisco_de_Paula/Cambará_do_Sul_(865_m) -999.9 -999.9 -999.9 -999.9 -999.9 12.7 12.4 0.0 Rio_Grande_do_Sul DCRS -999.9 0.0 0.0 861.14 861.14 861.1 1 0.06 861.14 861.14 861.14 861.14
-29.264900 -50.314899 DCRS-00084 2026-09-22_00:37 12.9 -999.9 -999.9 97.7 -999.9 -999.9 12.5 -999.9 -999.9 -999.9 -999.9 -999.9 8.1 -999.9 9.1 0.0 0.0 0.0 0.0 0.0 0.0 0.0 13.0 12.8 97.9 97.3 13.0 DCRS_-_São_Francisco_de_Paula/Cambará_do_Sul_(865_m) -999.9 -999.9 -999.9 -999.9 -999.9 12.7 12.4 0.0 Rio_Grande_do_Sul DCRS -999.9 0.0 0.0 861.14 861.14 861.1 1 0.05 861.14 861.14 861.14 861.14
-29.264900 -50.314899 DCRS-00084 2026-09-22_00:38 12.9 -999.9 -999.9 97.8 -999.9 -999.9 12.6 -999.9 -999.9 -999.9 -999.9 -999.9 8.0 -999.9 9.1 0.0 0.0 0.0 0.0 0.0 0.0 0.0 13.0 12.8 97.9 97.3 13.0 DCRS_-_São_Francisco_de_Paula/Cambará_do_Sul_(865_m) -999.9 -999.9 -999.9 -999.9 -999.9 12.7 12.4 0.0 Rio_Grande_do_Sul DCRS -999.9 0.0 0.0 861.14 861.14 861.1 1 0.04 861.14 861.14 861.14 861.14
-29.264900 -50.314899 DCRS-00084 2026-09-22_00:39 12.9 -999.9 -999.9 97.8 -999.9 -999.9 12.6 -999.9 -999.9 -999.9 -999.9 -999.9 5.7 -999.9 9.1 0.0 0.0 0.0 0.0 0.0 0.0 0.0 13.0 12.8 97.9 97.3 13.0 DCRS_-_São_Francisco_de_Paula/Cambará_do_Sul_(865_m) -999.9 -999.9 -999.9 -999.9 -999.9 12.7 12.4 0.0 Rio_Grande_do_Sul DCRS -999.9 0.0 0.0 861.12 861.14 861.1 1 0.02 861.14 861.14 861.14 861.14
-29.264900 -50.314899 DCRS-00084 2026-09-22_00:40 12.9 -999.9 -999.9 97.7 -999.9 -999.9 12.5 -999.9 -999.9 -999.9 -999.9 -999.9 7.3 -999.9 9.2 0.0 0.0 0.0 0.0 0.0 0.0 0.0 13.0 12.8 97.9 97.3 13.0 DCRS_-_São_Francisco_de_Paula/Cambará_do_Sul_(865_m) -999.9 -999.9 -999.9 -999.9 -999.9 12.7 12.4 0.0 Rio_Grande_do_Sul DCRS -999.9 0.0 0.0 861.14 861.14 861.1 1 0.07 861.14 861.14 861.14 861.14
-29.264900 -50.314899 DCRS-00084 2026-09-22_00:41 12.9 -999.9 -999.9 97.7 -999.9 -999.9 12.5 -999.9 -999.9 -999.9 -999.9 -999.9 8.1 -999.9 9.2 1.0 0.0 0.0 0.0 0.0 0.0 0.0 13.0 12.8 97.9 97.3 13.0 DCRS_-_São_Francisco_de_Paula/Cambará_do_Sul_(865_m) -999.9 -999.9 -999.9 -999.9 -999.9 12.7 12.4 1.0 Rio_Grande_do_Sul DCRS -999.9 0.0 0.0 861.13 861.14 861.1 1 0.05 861.14 861.14 861.14 861.14
-29.264900 -50.314899 DCRS-00084 2026-09-22_00:42 12.9 -999.9 -999.9 97.7 -999.9 -999.9 12.5 -999.9 -999.9 -999.9 -999.9 -999.9 6.7 -999.9 9.2 0.0 0.0 0.0 0.0 0.0 0.0 0.0 13.0 12.8 97.9 97.3 13.0 DCRS_-_São_Francisco_de_Paula/Cambará_do_Sul_(865_m) -999.9 -999.9 -999.9 -999.9 -999.9 12.7 12.4 1.0 Rio_Grande_do_Sul DCRS -999.9 0.0 0.0 861.13 861.14 861.1 1 0.04 861.14 861.14 861.14 861.14
-29.264900 -50.314899 DCRS-00084 2026-09-22_00:43 12.8 -999.9 -999.9 97.7 -999.9 -999.9 12.4 -999.9 -999.9 -999.9 -999.9 -999.9 7.1 -999.9 9.2 0.0 0.0 0.0 0.0 0.0 0.0 0.0 13.0 12.8 97.9 97.3 13.0 DCRS_-_São_Francisco_de_Paula/Cambará_do_Sul_(865_m) -999.9 -999.9 -999.9 -999.9 -999.9 12.7 12.4 1.0 Rio_Grande_do_Sul DCRS -999.9 0.0 0.0 861.11 861.14 861.1 1 0.01 861.14 861.14 861.14 861.14
-29.264900 -50.314899 DCRS-00084 2026-09-22_00:44 12.8 -999.9 -999.9 97.7 -999.9 -999.9 12.4 -999.9 -999.9 -999.9 -999.9 -999.9 6.2 -999.9 9.2 0.0 0.0 0.0 0.0 0.0 0.0 0.0 13.0 12.8 97.9 97.3 13.0 DCRS_-_São_Francisco_de_Paula/Cambará_do_Sul_(865_m) -999.9 -999.9 -999.9 -999.9 -999.9 12.7 12.4 1.0 Rio_Grande_do_Sul DCRS -999.9 0.0 0.0 861.12 861.14 861.1 1 0.02 861.14 861.14 861.14 861.14
-29.264900 -50.314899 DCRS-00084 2026-09-22_00:45 12.8 -999.9 -999.9 97.7 -999.9 -999.9 12.4 -999.9 -999.9 -999.9 -999.9 -999.9 4.9 -999.9 9.5 0.0 0.0 0.0 0.0 0.0 0.0 0.0 13.0 12.8 97.9 97.3 13.0 DCRS_-_São_Francisco_de_Paula/Cambará_do_Sul_(865_m) -999.9 -999.9 -999.9 -999.9 -999.9 12.7 12.4 1.0 Rio_Grande_do_Sul DCRS -999.9 0.0 0.0 861.13 861.14 861.1 1 0.03 861.14 861.14 861.14 861.14
-29.264900 -50.314899 DCRS-00084 2026-09-22_00:46 12.8 -999.9 -999.9 97.7 -999.9 -999.9 12.4 -999.9 -999.9 -999.9 -999.9 -999.9 7.0 -999.9 9.5 0.0 0.0 0.0 0.0 0.0 0.0 0.0 13.0 12.8 97.9 97.3 13.0 DCRS_-_São_Francisco_de_Paula/Cambará_do_Sul_(865_m) -999.9 -999.9 -999.9 -999.9 -999.9 12.7 12.4 1.0 Rio_Grande_do_Sul DCRS -999.9 0.0 0.0 861.14 861.14 861.1 1 0.04 861.14 861.14 861.14 861.14
-29.264900 -50.314899 DCRS-00084 2026-09-22_00:47 12.8 -999.9 -999.9 97.8 -999.9 -999.9 12.5 -999.9 -999.9 -999.9 -999.9 -999.9 6.7 -999.9 9.5 0.0 0.0 0.0 0.0 0.0 0.0 0.0 13.0 12.8 97.9 97.3 13.0 DCRS_-_São_Francisco_de_Paula/Cambará_do_Sul_(865_m) -999.9 -999.9 -999.9 -999.9 -999.9 12.7 12.4 1.0 Rio_Grande_do_Sul DCRS -999.9 0.0 0.0 861.12 861.14 861.1 1 0.02 861.14 861.14 861.14 861.14
-29.264900 -50.314899 DCRS-00084 2026-09-22_00:48 12.8 -999.9 -999.9 97.8 -999.9 -999.9 12.5 -999.9 -999.9 -999.9 -999.9 -999.9 4.2 -999.9 9.5 0.0 0.0 0.0 0.0 0.0 0.0 0.0 13.0 12.8 97.9 97.3 13.0 DCRS_-_São_Francisco_de_Paula/Cambará_do_Sul_(865_m) -999.9 -999.9 -999.9 -999.9 -999.9 12.7 12.4 1.0 Rio_Grande_do_Sul DCRS -999.9 0.0 0.0 861.15 861.15 861.1 1 0.05 861.15 861.15 861.15 861.15
-29.264900 -50.314899 DCRS-00084 2026-09-22_00:49 12.8 -999.9 -999.9 97.8 -999.9 -999.9 12.5 -999.9 -999.9 -999.9 -999.9 -999.9 6.2 -999.9 9.5 0.0 0.0 0.0 0.0 0.0 0.0 0.0 13.0 12.8 97.9 97.3 13.0 DCRS_-_São_Francisco_de_Paula/Cambará_do_Sul_(865_m) -999.9 -999.9 -999.9 -999.9 -999.9 12.7 12.4 1.0 Rio_Grande_do_Sul DCRS -999.9 0.0 0.0 861.14 861.15 861.1 1 0.04 861.15 861.15 861.15 861.15
-29.264900 -50.314899 DCRS-00084 2026-09-22_00:50 12.7 -999.9 -999.9 97.8 -999.9 -999.9 12.4 -999.9 -999.9 -999.9 -999.9 -999.9 6.1 -999.9 8.7 0.0 0.0 0.0 0.0 0.0 0.0 0.0 13.0 12.7 97.9 97.3 13.0 DCRS_-_São_Francisco_de_Paula/Cambará_do_Sul_(865_m) -999.9 -999.9 -999.9 -999.9 -999.9 12.7 12.4 1.0 Rio_Grande_do_Sul DCRS -999.9 0.0 0.0 861.14 861.15 861.1 1 0.04 861.15 861.15 861.15 861.15
-29.264900 -50.314899 DCRS-00084 2026-09-22_00:51 12.8 -999.9 -999.9 97.7 -999.9 -999.9 12.4 -999.9 -999.9 -999.9 -999.9 -999.9 7.7 -999.9 8.7 0.0 0.0 0.0 0.0 0.0 0.0 0.0 13.0 12.7 97.9 97.3 13.0 DCRS_-_São_Francisco_de_Paula/Cambará_do_Sul_(865_m) -999.9 -999.9 -999.9 -999.9 -999.9 12.7 12.4 1.0 Rio_Grande_do_Sul DCRS -999.9 0.0 0.0 861.14 861.15 861.1 1 0.04 861.15 861.15 861.15 861.15
-29.264900 -50.314899 DCRS-00084 2026-09-22_00:52 12.7 -999.9 -999.9 97.7 -999.9 -999.9 12.3 -999.9 -999.9 -999.9 -999.9 -999.9 4.3 -999.9 8.7 0.0 0.0 0.0 0.0 0.0 0.0 0.0 13.0 12.7 97.9 97.3 13.0 DCRS_-_São_Francisco_de_Paula/Cambará_do_Sul_(865_m) -999.9 -999.9 -999.9 -999.9 -999.9 12.7 12.3 1.0 Rio_Grande_do_Sul DCRS -999.9 0.0 0.0 861.14 861.15 861.1 1 0.04 861.15 861.15 861.15 861.15
-29.264900 -50.314899 DCRS-00084 2026-09-22_00:53 12.7 -999.9 -999.9 97.8 -999.9 -999.9 12.4 -999.9 -999.9 -999.9 -999.9 -999.9 6.4 -999.9 8.7 0.0 0.0 0.0 0.0 0.0 0.0 0.0 13.0 12.7 97.9 97.3 13.0 DCRS_-_São_Francisco_de_Paula/Cambará_do_Sul_(865_m) -999.9 -999.9 -999.9 -999.9 -999.9 12.7 12.3 1.0 Rio_Grande_do_Sul DCRS -999.9 0.0 0.0 861.14 861.15 861.1 1 0.04 861.15 861.15 861.15 861.15
-29.264900 -50.314899 DCRS-00084 2026-09-22_00:54 12.7 -999.9 -999.9 97.9 -999.9 -999.9 12.4 -999.9 -999.9 -999.9 -999.9 -999.9 5.5 -999.9 8.7 0.0 0.0 0.0 0.0 0.0 0.0 0.0 13.0 12.7 97.9 97.3 13.0 DCRS_-_São_Francisco_de_Paula/Cambará_do_Sul_(865_m) -999.9 -999.9 -999.9 -999.9 -999.9 12.7 12.3 1.0 Rio_Grande_do_Sul DCRS -999.9 0.0 0.0 861.15 861.15 861.1 1 0.05 861.15 861.15 861.15 861.15
-29.264900 -50.314899 DCRS-00084 2026-09-22_00:55 12.7 -999.9 -999.9 97.8 -999.9 -999.9 12.4 -999.9 -999.9 -999.9 -999.9 -999.9 5.9 -999.9 7.8 0.0 0.0 0.0 0.0 0.0 0.0 0.0 13.0 12.7 97.9 97.3 13.0 DCRS_-_São_Francisco_de_Paula/Cambará_do_Sul_(865_m) -999.9 -999.9 -999.9 -999.9 -999.9 12.7 12.3 1.0 Rio_Grande_do_Sul DCRS -999.9 0.0 0.0 861.15 861.15 861.1 1 0.04 861.15 861.15 861.15 861.15
-29.264900 -50.314899 DCRS-00084 2026-09-22_00:56 12.7 -999.9 -999.9 97.9 -999.9 -999.9 12.4 -999.9 -999.9 -999.9 -999.9 -999.9 5.4 -999.9 7.8 0.0 0.0 0.0 0.0 0.0 0.0 0.0 13.0 12.7 97.9 97.3 13.0 DCRS_-_São_Francisco_de_Paula/Cambará_do_Sul_(865_m) -999.9 -999.9 -999.9 -999.9 -999.9 12.7 12.3 1.0 Rio_Grande_do_Sul DCRS -999.9 0.0 0.0 861.14 861.15 861.1 1 0.03 861.15 861.15 861.15 861.15
-29.264900 -50.314899 DCRS-00084 2026-09-22_00:57 12.7 -999.9 -999.9 97.8 -999.9 -999.9 12.4 -999.9 -999.9 -999.9 -999.9 -999.9 4.4 -999.9 7.8 0.0 0.0 0.0 0.0 0.0 0.0 0.0 13.0 12.7 97.9 97.3 13.0 DCRS_-_São_Francisco_de_Paula/Cambará_do_Sul_(865_m) -999.9 -999.9 -999.9 -999.9 -999.9 12.7 12.3 1.0 Rio_Grande_do_Sul DCRS -999.9 0.0 0.0 861.15 861.15 861.1 1 0.06 861.15 861.15 861.15 861.15
-29.264900 -50.314899 DCRS-00084 2026-09-22_00:58 12.7 -999.9 -999.9 97.9 -999.9 -999.9 12.4 -999.9 -999.9 -999.9 -999.9 -999.9 5.3 -999.9 7.8 0.0 0.0 0.0 0.0 0.0 0.0 0.0 13.0 12.7 97.9 97.3 13.0 DCRS_-_São_Francisco_de_Paula/Cambará_do_Sul_(865_m) -999.9 -999.9 -999.9 -999.9 -999.9 12.7 12.3 1.0 Rio_Grande_do_Sul DCRS -999.9 0.0 0.0 861.16 861.16 861.1 1 0.07 861.16 861.16 861.16 861.16
-29.264900 -50.314899 DCRS-00084 2026-09-22_00:59 12.7 -999.9 -999.9 97.8 -999.9 -999.9 12.4 -999.9 -999.9 -999.9 -999.9 -999.9 6.8 -999.9 7.8 0.0 0.0 0.0 0.0 0.0 0.0 0.0 13.0 12.7 97.9 97.3 13.0 DCRS_-_São_Francisco_de_Paula/Cambará_do_Sul_(865_m) -999.9 -999.9 -999.9 -999.9 -999.9 12.7 12.3 1.0 Rio_Grande_do_Sul DCRS -999.9 0.0 0.0 861.14 861.16 861.1 1 0.08 861.16 861.16 861.16 861.16
-29.264900 -50.314899 DCRS-00084 2026-09-22_01:00 12.7 -999.9 -999.9 98.0 -999.9 -999.9 12.4 -999.9 -999.9 -999.9 -999.9 -999.9 5.5 -999.9 8.2 0.0 0.0 0.0 0.0 0.0 0.0 0.0 13.0 12.7 98.0 97.3 13.0 DCRS_-_São_Francisco_de_Paula/Cambará_do_Sul_(865_m) -999.9 -999.9 -999.9 -999.9 -999.9 12.7 12.3 1.0 Rio_Grande_do_Sul DCRS -999.9 0.0 0.0 861.14 861.16 861.1 1 0.03 861.16 861.16 861.16 861.16
-29.264900 -50.314899 DCRS-00084 2026-09-22_01:01 12.7 -999.9 -999.9 98.0 -999.9 -999.9 12.4 -999.9 -999.9 -999.9 -999.9 -999.9 6.1 -999.9 8.2 0.0 0.0 0.0 0.0 0.0 0.0 0.0 13.0 12.7 98.0 97.3 13.0 DCRS_-_São_Francisco_de_Paula/Cambará_do_Sul_(865_m) -999.9 -999.9 -999.9 -999.9 -999.9 12.7 12.3 1.0 Rio_Grande_do_Sul DCRS -999.9 0.0 0.0 861.14 861.16 861.1 1 0.03 861.16 861.16 861.16 861.16
-29.264900 -50.314899 DCRS-00084 2026-09-22_01:02 12.7 -999.9 -999.9 97.9 -999.9 -999.9 12.4 -999.9 -999.9 -999.9 -999.9 -999.9 3.6 -999.9 8.2 0.0 0.0 0.0 0.0 0.0 0.0 0.0 13.0 12.7 98.0 97.3 13.0 DCRS_-_São_Francisco_de_Paula/Cambará_do_Sul_(865_m) -999.9 -999.9 -999.9 -999.9 -999.9 12.7 12.3 1.0 Rio_Grande_do_Sul DCRS -999.9 0.0 0.0 861.16 861.16 861.1 1 0.05 861.16 861.16 861.16 861.16
-29.264900 -50.314899 DCRS-00084 2026-09-22_01:03 12.7 -999.9 -999.9 97.9 -999.9 -999.9 12.4 -999.9 -999.9 -999.9 -999.9 -999.9 5.3 -999.9 8.2 0.0 0.0 0.0 0.0 0.0 0.0 0.0 13.0 12.7 98.0 97.3 13.0 DCRS_-_São_Francisco_de_Paula/Cambará_do_Sul_(865_m) -999.9 -999.9 -999.9 -999.9 -999.9 12.7 12.3 1.0 Rio_Grande_do_Sul DCRS -999.9 0.0 0.0 861.15 861.16 861.1 1 0.04 861.16 861.16 861.16 861.16
-29.264900 -50.314899 DCRS-00084 2026-09-22_01:04 12.7 -999.9 -999.9 98.0 -999.9 -999.9 12.4 -999.9 -999.9 -999.9 -999.9 -999.9 6.4 -999.9 8.2 0.0 0.0 0.0 0.0 0.0 0.0 0.0 13.0 12.7 98.0 97.3 13.0 DCRS_-_São_Francisco_de_Paula/Cambará_do_Sul_(865_m) -999.9 -999.9 -999.9 -999.9 -999.9 12.7 12.3 1.0 Rio_Grande_do_Sul DCRS -999.9 0.0 0.0 861.15 861.16 861.1 1 0.04 861.16 861.16 861.16 861.16
-29.264900 -50.314899 DCRS-00084 2026-09-22_01:05 12.7 -999.9 -999.9 98.0 -999.9 -999.9 12.4 -999.9 -999.9 -999.9 -999.9 -999.9 6.0 -999.9 7.8 0.0 0.0 0.0 0.0 0.0 0.0 0.0 13.0 12.7 98.0 97.3 13.0 DCRS_-_São_Francisco_de_Paula/Cambará_do_Sul_(865_m) -999.9 -999.9 -999.9 -999.9 -999.9 12.7 12.3 1.0 Rio_Grande_do_Sul DCRS -999.9 0.0 0.0 861.15 861.16 861.1 1 0.04 861.16 861.16 861.16 861.16
-29.264900 -50.314899 DCRS-00084 2026-09-22_01:06 12.7 -999.9 -999.9 98.0 -999.9 -999.9 12.4 -999.9 -999.9 -999.9 -999.9 -999.9 5.3 -999.9 7.8 0.0 0.0 0.0 0.0 0.0 0.0 0.0 13.0 12.7 98.0 97.3 13.0 DCRS_-_São_Francisco_de_Paula/Cambará_do_Sul_(865_m) -999.9 -999.9 -999.9 -999.9 -999.9 12.7 12.3 1.0 Rio_Grande_do_Sul DCRS -999.9 0.0 0.0 861.15 861.16 861.1 1 0.05 861.16 861.16 861.16 861.16
-29.264900 -50.314899 DCRS-00084 2026-09-22_01:07 12.7 -999.9 -999.9 98.0 -999.9 -999.9 12.4 -999.9 -999.9 -999.9 -999.9 -999.9 4.3 -999.9 7.8 0.0 0.0 0.0 0.0 0.0 0.0 0.0 13.0 12.7 98.0 97.3 13.0 DCRS_-_São_Francisco_de_Paula/Cambará_do_Sul_(865_m) -999.9 -999.9 -999.9 -999.9 -999.9 12.7 12.3 1.0 Rio_Grande_do_Sul DCRS -999.9 0.0 0.0 861.13 861.16 861.1 1 0.03 861.16 861.16 861.16 861.16
-29.264900 -50.314899 DCRS-00084 2026-09-22_01:08 12.8 -999.9 -999.9 98.1 -999.9 -999.9 12.5 -999.9 -999.9 -999.9 -999.9 -999.9 5.2 -999.9 7.8 0.0 0.0 0.0 0.0 0.0 0.0 0.0 13.0 12.7 98.1 97.3 13.0 DCRS_-_São_Francisco_de_Paula/Cambará_do_Sul_(865_m) -999.9 -999.9 -999.9 -999.9 -999.9 12.7 12.3 1.0 Rio_Grande_do_Sul DCRS -999.9 0.0 0.0 861.14 861.16 861.1 1 0.02 861.16 861.16 861.16 861.16
-29.264900 -50.314899 DCRS-00084 2026-09-22_01:09 12.8 -999.9 -999.9 98.1 -999.9 -999.9 12.5 -999.9 -999.9 -999.9 -999.9 -999.9 7.0 -999.9 7.8 0.0 0.0 0.0 0.0 0.0 0.0 0.0 13.0 12.7 98.1 97.3 13.0 DCRS_-_São_Francisco_de_Paula/Cambará_do_Sul_(865_m) -999.9 -999.9 -999.9 -999.9 -999.9 12.7 12.3 1.0 Rio_Grande_do_Sul DCRS -999.9 0.0 0.0 861.16 861.16 861.1 1 0.05 861.16 861.16 861.16 861.16
-29.264900 -50.314899 DCRS-00084 2026-09-22_01:10 12.8 -999.9 -999.9 98.1 -999.9 -999.9 12.5 -999.9 -999.9 -999.9 -999.9 -999.9 6.2 -999.9 7.7 0.0 0.0 0.0 0.0 0.0 0.0 0.0 13.0 12.7 98.1 97.3 13.0 DCRS_-_São_Francisco_de_Paula/Cambará_do_Sul_(865_m) -999.9 -999.9 -999.9 -999.9 -999.9 12.7 12.3 1.0 Rio_Grande_do_Sul DCRS -999.9 0.0 0.0 861.15 861.16 861.1 1 0.04 861.16 861.16 861.16 861.16
-29.264900 -50.314899 DCRS-00084 2026-09-22_01:11 12.8 -999.9 -999.9 98.1 -999.9 -999.9 12.5 -999.9 -999.9 -999.9 -999.9 -999.9 5.6 -999.9 7.7 0.0 0.0 0.0 0.0 0.0 0.0 0.0 13.0 12.7 98.1 97.3 13.0 DCRS_-_São_Francisco_de_Paula/Cambará_do_Sul_(865_m) -999.9 -999.9 -999.9 -999.9 -999.9 12.7 12.3 1.0 Rio_Grande_do_Sul DCRS -999.9 0.0 0.0 861.15 861.16 861.1 1 0.04 861.16 861.16 861.16 861.16
-29.264900 -50.314899 DCRS-00084 2026-09-22_01:12 12.8 -999.9 -999.9 98.0 -999.9 -999.9 12.5 -999.9 -999.9 -999.9 -999.9 -999.9 5.8 -999.9 7.7 0.0 0.0 0.0 0.0 0.0 0.0 0.0 13.0 12.7 98.1 97.3 13.0 DCRS_-_São_Francisco_de_Paula/Cambará_do_Sul_(865_m) -999.9 -999.9 -999.9 -999.9 -999.9 12.7 12.3 1.0 Rio_Grande_do_Sul DCRS -999.9 0.0 0.0 861.15 861.16 861.1 1 0.04 861.16 861.16 861.16 861.16
-29.264900 -50.314899 DCRS-00084 2026-09-22_01:13 12.7 -999.9 -999.9 98.2 -999.9 -999.9 12.4 -999.9 -999.9 -999.9 -999.9 -999.9 6.2 -999.9 7.7 0.0 0.0 0.0 0.0 0.0 0.0 0.0 13.0 12.7 98.2 97.3 13.0 DCRS_-_São_Francisco_de_Paula/Cambará_do_Sul_(865_m) -999.9 -999.9 -999.9 -999.9 -999.9 12.7 12.3 1.0 Rio_Grande_do_Sul DCRS -999.9 0.0 0.0 861.15 861.16 861.1 1 0.03 861.16 861.16 861.16 861.16
-29.264900 -50.314899 DCRS-00084 2026-09-22_01:14 12.8 -999.9 -999.9 98.0 -999.9 -999.9 12.5 -999.9 -999.9 -999.9 -999.9 -999.9 5.5 -999.9 7.7 0.0 0.0 0.0 0.0 0.0 0.0 0.0 13.0 12.7 98.2 97.3 13.0 DCRS_-_São_Francisco_de_Paula/Cambará_do_Sul_(865_m) -999.9 -999.9 -999.9 -999.9 -999.9 12.7 12.3 1.0 Rio_Grande_do_Sul DCRS -999.9 0.0 0.0 861.16 861.16 861.1 1 0.04 861.16 861.16 861.16 861.16
-29.264900 -50.314899 DCRS-00084 2026-09-22_01:15 12.8 -999.9 -999.9 98.0 -999.9 -999.9 12.5 -999.9 -999.9 -999.9 -999.9 -999.9 9.3 -999.9 11.9 0.0 0.0 0.0 0.0 0.0 0.0 0.0 13.0 12.7 98.2 97.3 13.0 DCRS_-_São_Francisco_de_Paula/Cambará_do_Sul_(865_m) -999.9 -999.9 -999.9 -999.9 -999.9 12.7 12.3 1.0 Rio_Grande_do_Sul DCRS -999.9 0.0 0.0 861.16 861.16 861.1 1 0.03 861.16 861.16 861.16 861.16
-29.264900 -50.314899 DCRS-00084 2026-09-22_01:16 12.8 -999.9 -999.9 98.1 -999.9 -999.9 12.5 -999.9 -999.9 -999.9 -999.9 -999.9 9.0 -999.9 11.9 0.0 0.0 0.0 0.0 0.0 0.0 0.0 13.0 12.7 98.2 97.3 13.0 DCRS_-_São_Francisco_de_Paula/Cambará_do_Sul_(865_m) -999.9 -999.9 -999.9 -999.9 -999.9 12.7 12.3 1.0 Rio_Grande_do_Sul DCRS -999.9 0.0 0.0 861.16 861.16 861.1 1 0.06 861.16 861.16 861.16 861.16
-29.264900 -50.314899 DCRS-00084 2026-09-22_01:17 12.8 -999.9 -999.9 98.1 -999.9 -999.9 12.5 -999.9 -999.9 -999.9 -999.9 -999.9 6.5 -999.9 11.9 0.0 0.0 0.0 0.0 0.0 0.0 0.0 13.0 12.7 98.2 97.3 13.0 DCRS_-_São_Francisco_de_Paula/Cambará_do_Sul_(865_m) -999.9 -999.9 -999.9 -999.9 -999.9 12.7 12.3 1.0 Rio_Grande_do_Sul DCRS -999.9 0.0 0.0 861.15 861.16 861.1 1 0.03 861.16 861.16 861.16 861.16
-29.264900 -50.314899 DCRS-00084 2026-09-22_01:18 12.8 -999.9 -999.9 98.1 -999.9 -999.9 12.5 -999.9 -999.9 -999.9 -999.9 -999.9 6.5 -999.9 11.9 0.0 0.0 0.0 0.0 0.0 0.0 0.0 13.0 12.7 98.2 97.3 13.0 DCRS_-_São_Francisco_de_Paula/Cambará_do_Sul_(865_m) -999.9 -999.9 -999.9 -999.9 -999.9 12.7 12.3 1.0 Rio_Grande_do_Sul DCRS -999.9 0.0 0.0 861.15 861.16 861.1 1 0.03 861.16 861.16 861.16 861.16
-29.264900 -50.314899 DCRS-00084 2026-09-22_01:19 12.8 -999.9 -999.9 98.1 -999.9 -999.9 12.5 -999.9 -999.9 -999.9 -999.9 -999.9 7.5 -999.9 11.9 0.0 0.0 0.0 0.0 0.0 0.0 0.0 13.0 12.7 98.2 97.3 13.0 DCRS_-_São_Francisco_de_Paula/Cambará_do_Sul_(865_m) -999.9 -999.9 -999.9 -999.9 -999.9 12.7 12.3 1.0 Rio_Grande_do_Sul DCRS -999.9 0.0 0.0 861.17 861.17 861.1 1 0.04 861.17 861.17 861.17 861.17
-29.264900 -50.314899 DCRS-00084 2026-09-22_01:20 12.8 -999.9 -999.9 98.2 -999.9 -999.9 12.5 -999.9 -999.9 -999.9 -999.9 -999.9 8.8 -999.9 11.1 0.0 0.0 0.0 0.0 0.0 0.0 0.0 13.0 12.7 98.2 97.3 13.0 DCRS_-_São_Francisco_de_Paula/Cambará_do_Sul_(865_m) -999.9 -999.9 -999.9 -999.9 -999.9 12.7 12.3 1.0 Rio_Grande_do_Sul DCRS -999.9 0.0 0.0 861.15 861.17 861.1 1 0.04 861.17 861.17 861.17 861.17
-29.264900 -50.314899 DCRS-00084 2026-09-22_01:21 12.8 -999.9 -999.9 98.0 -999.9 -999.9 12.5 -999.9 -999.9 -999.9 -999.9 -999.9 6.7 -999.9 11.1 0.0 0.0 0.0 0.0 0.0 0.0 0.0 13.0 12.7 98.2 97.3 13.0 DCRS_-_São_Francisco_de_Paula/Cambará_do_Sul_(865_m) -999.9 -999.9 -999.9 -999.9 -999.9 12.7 12.3 1.0 Rio_Grande_do_Sul DCRS -999.9 0.0 0.0 861.16 861.17 861.1 1 0.03 861.17 861.17 861.17 861.17
-29.264900 -50.314899 DCRS-00084 2026-09-22_01:22 12.8 -999.9 -999.9 98.0 -999.9 -999.9 12.5 -999.9 -999.9 -999.9 -999.9 -999.9 6.4 -999.9 11.1 0.0 0.0 0.0 0.0 0.0 0.0 0.0 13.0 12.7 98.2 97.3 13.0 DCRS_-_São_Francisco_de_Paula/Cambará_do_Sul_(865_m) -999.9 -999.9 -999.9 -999.9 -999.9 12.7 12.3 1.0 Rio_Grande_do_Sul DCRS -999.9 0.0 0.0 861.16 861.17 861.1 1 0.03 861.17 861.17 861.17 861.17
-29.264900 -50.314899 DCRS-00084 2026-09-22_01:23 12.8 -999.9 -999.9 98.2 -999.9 -999.9 12.5 -999.9 -999.9 -999.9 -999.9 -999.9 8.4 -999.9 11.1 0.0 0.0 0.0 0.0 0.0 0.0 0.0 13.0 12.7 98.2 97.3 13.0 DCRS_-_São_Francisco_de_Paula/Cambará_do_Sul_(865_m) -999.9 -999.9 -999.9 -999.9 -999.9 12.7 12.3 1.0 Rio_Grande_do_Sul DCRS -999.9 0.0 0.0 861.15 861.17 861.1 1 0.04 861.17 861.17 861.17 861.17
-29.264900 -50.314899 DCRS-00084 2026-09-22_01:24 12.7 -999.9 -999.9 98.2 -999.9 -999.9 12.4 -999.9 -999.9 -999.9 -999.9 -999.9 8.1 -999.9 11.1 0.0 0.0 0.0 0.0 0.0 0.0 0.0 13.0 12.7 98.2 97.3 13.0 DCRS_-_São_Francisco_de_Paula/Cambará_do_Sul_(865_m) -999.9 -999.9 -999.9 -999.9 -999.9 12.7 12.3 1.0 Rio_Grande_do_Sul DCRS -999.9 0.0 0.0 861.15 861.17 861.1 1 0.04 861.17 861.17 861.17 861.17
-29.264900 -50.314899 DCRS-00084 2026-09-22_01:25 12.8 -999.9 -999.9 98.2 -999.9 -999.9 12.5 -999.9 -999.9 -999.9 -999.9 -999.9 0.0 -999.9 8.9 0.0 0.0 0.0 0.0 0.0 0.0 0.0 13.0 12.7 98.2 97.3 13.0 DCRS_-_São_Francisco_de_Paula/Cambará_do_Sul_(865_m) -999.9 -999.9 -999.9 -999.9 -999.9 12.7 12.3 1.0 Rio_Grande_do_Sul DCRS -999.9 0.0 0.0 861.17 861.17 861.1 1 0.04 861.17 861.17 861.17 861.17
-29.264900 -50.314899 DCRS-00084 2026-09-22_01:26 12.8 -999.9 -999.9 98.1 -999.9 -999.9 12.5 -999.9 -999.9 -999.9 -999.9 -999.9 -999.9 -999.9 8.9 0.0 0.0 0.0 0.0 0.0 0.0 0.0 13.0 12.7 98.2 97.3 13.0 DCRS_-_São_Francisco_de_Paula/Cambará_do_Sul_(865_m) -999.9 -999.9 -999.9 -999.9 -999.9 12.7 12.3 1.0 Rio_Grande_do_Sul DCRS -999.9 0.0 0.0 861.16 861.17 861.1 1 0.03 861.17 861.17 861.17 861.17
-29.264900 -50.314899 DCRS-00084 2026-09-22_01:27 12.7 -999.9 -999.9 97.9 -999.9 -999.9 12.4 -999.9 -999.9 -999.9 -999.9 -999.9 -999.9 -999.9 8.9 0.0 0.0 0.0 0.0 0.0 0.0 0.0 13.0 12.7 98.2 97.3 13.0 DCRS_-_São_Francisco_de_Paula/Cambará_do_Sul_(865_m) -999.9 -999.9 -999.9 -999.9 -999.9 12.7 12.3 1.0 Rio_Grande_do_Sul DCRS -999.9 0.0 0.0 861.15 861.17 861.1 1 0.02 861.17 861.17 861.17 861.17
-29.264900 -50.314899 DCRS-00084 2026-09-22_01:28 12.7 -999.9 -999.9 97.8 -999.9 -999.9 12.4 -999.9 -999.9 -999.9 -999.9 -999.9 -999.9 -999.9 8.9 0.0 0.0 0.0 0.0 0.0 0.0 0.0 13.0 12.7 98.2 97.3 13.0 DCRS_-_São_Francisco_de_Paula/Cambará_do_Sul_(865_m) -999.9 -999.9 -999.9 -999.9 -999.9 12.7 12.3 1.0 Rio_Grande_do_Sul DCRS -999.9 0.0 0.0 861.17 861.17 861.1 1 0.04 861.17 861.17 861.17 861.17
-29.264900 -50.314899 DCRS-00084 2026-09-22_01:29 12.6 -999.9 -999.9 97.8 -999.9 -999.9 12.3 -999.9 -999.9 -999.9 -999.9 -999.9 -999.9 -999.9 8.9 0.0 0.0 0.0 0.0 0.0 0.0 0.0 13.0 12.6 98.2 97.3 13.0 DCRS_-_São_Francisco_de_Paula/Cambará_do_Sul_(865_m) -999.9 -999.9 -999.9 -999.9 -999.9 12.7 12.3 1.0 Rio_Grande_do_Sul DCRS -999.9 0.0 0.0 861.17 861.17 861.1 1 0.04 861.17 861.17 861.17 861.17
-29.264900 -50.314899 DCRS-00084 2026-09-22_01:30 12.6 -999.9 -999.9 97.7 -999.9 -999.9 12.2 -999.9 -999.9 -999.9 -999.9 -999.9 19.1 -999.9 21.6 0.0 0.0 0.0 0.0 0.0 0.0 0.0 13.0 12.6 98.2 97.3 21.6 DCRS_-_São_Francisco_de_Paula/Cambará_do_Sul_(865_m) -999.9 -999.9 -999.9 -999.9 -999.9 12.7 12.2 1.0 Rio_Grande_do_Sul DCRS -999.9 0.0 0.0 861.16 861.17 861.1 1 0.03 861.17 861.17 861.17 861.17
-29.264900 -50.314899 DCRS-00084 2026-09-22_01:31 12.5 -999.9 -999.9 97.8 -999.9 -999.9 12.2 -999.9 -999.9 -999.9 -999.9 -999.9 -999.9 -999.9 21.6 0.0 0.0 0.0 0.0 0.0 0.0 0.0 13.0 12.5 98.2 97.3 21.6 DCRS_-_São_Francisco_de_Paula/Cambará_do_Sul_(865_m) -999.9 -999.9 -999.9 -999.9 -999.9 12.7 12.2 1.0 Rio_Grande_do_Sul DCRS -999.9 0.0 0.0 861.15 861.17 861.1 1 0.02 861.17 861.17 861.17 861.17
-29.264900 -50.314899 DCRS-00084 2026-09-22_01:32 12.4 -999.9 -999.9 97.8 -999.9 -999.9 12.1 -999.9 -999.9 -999.9 -999.9 -999.9 19.1 -999.9 21.6 0.0 0.0 0.0 0.0 0.0 0.0 0.0 13.0 12.4 98.2 97.3 21.6 DCRS_-_São_Francisco_de_Paula/Cambará_do_Sul_(865_m) -999.9 -999.9 -999.9 -999.9 -999.9 12.7 12.1 1.0 Rio_Grande_do_Sul DCRS -999.9 0.0 0.0 861.16 861.17 861.1 1 0.03 861.17 861.17 861.17 861.17
-29.264900 -50.314899 DCRS-00084 2026-09-22_01:33 12.4 -999.9 -999.9 97.7 -999.9 -999.9 12.0 -999.9 -999.9 -999.9 -999.9 -999.9 21.3 -999.9 21.6 0.0 0.0 0.0 0.0 0.0 0.0 0.0 13.0 12.4 98.2 97.3 21.6 DCRS_-_São_Francisco_de_Paula/Cambará_do_Sul_(865_m) -999.9 -999.9 -999.9 -999.9 -999.9 12.7 12.0 1.0 Rio_Grande_do_Sul DCRS -999.9 0.0 0.0 861.17 861.17 861.1 1 0.04 861.17 861.17 861.17 861.17
-29.264900 -50.314899 DCRS-00084 2026-09-22_01:34 12.4 -999.9 -999.9 97.8 -999.9 -999.9 12.1 -999.9 -999.9 -999.9 -999.9 -999.9 15.9 -999.9 21.6 1.0 0.0 0.0 0.0 0.0 0.0 0.0 13.0 12.4 98.2 97.3 21.6 DCRS_-_São_Francisco_de_Paula/Cambará_do_Sul_(865_m) -999.9 -999.9 -999.9 -999.9 -999.9 12.7 12.0 1.0 Rio_Grande_do_Sul DCRS -999.9 0.0 0.0 861.16 861.17 861.1 1 0.03 861.17 861.17 861.17 861.17
-29.264900 -50.314899 DCRS-00084 2026-09-22_01:35 12.3 -999.9 -999.9 97.7 -999.9 -999.9 11.9 -999.9 -999.9 -999.9 -999.9 -999.9 19.4 -999.9 24.3 0.0 0.0 0.0 0.0 0.0 0.0 0.0 13.0 12.3 98.2 97.3 24.3 DCRS_-_São_Francisco_de_Paula/Cambará_do_Sul_(865_m) -999.9 -999.9 -999.9 -999.9 -999.9 12.7 11.9 1.0 Rio_Grande_do_Sul DCRS -999.9 0.0 0.0 861.17 861.17 861.1 1 0.03 861.17 861.17 861.17 861.17
-29.264900 -50.314899 DCRS-00084 2026-09-22_01:36 12.3 -999.9 -999.9 97.7 -999.9 -999.9 11.9 -999.9 -999.9 -999.9 -999.9 -999.9 17.5 -999.9 24.3 0.0 0.0 0.0 0.0 0.0 0.0 0.0 13.0 12.3 98.2 97.3 24.3 DCRS_-_São_Francisco_de_Paula/Cambará_do_Sul_(865_m) -999.9 -999.9 -999.9 -999.9 -999.9 12.7 11.9 1.0 Rio_Grande_do_Sul DCRS -999.9 0.0 0.0 861.15 861.17 861.1 1 0.01 861.17 861.17 861.17 861.17
-29.264900 -50.314899 DCRS-00084 2026-09-22_01:37 12.3 -999.9 -999.9 97.8 -999.9 -999.9 12.0 -999.9 -999.9 -999.9 -999.9 -999.9 12.8 -999.9 24.3 0.0 0.0 0.0 0.0 0.0 0.0 0.0 13.0 12.3 98.2 97.3 24.3 DCRS_-_São_Francisco_de_Paula/Cambará_do_Sul_(865_m) -999.9 -999.9 -999.9 -999.9 -999.9 12.7 11.9 1.0 Rio_Grande_do_Sul DCRS -999.9 0.0 0.0 861.18 861.18 861.1 1 0.04 861.18 861.18 861.18 861.18
-29.264900 -50.314899 DCRS-00084 2026-09-22_01:38 12.3 -999.9 -999.9 97.8 -999.9 -999.9 12.0 -999.9 -999.9 -999.9 -999.9 -999.9 10.5 -999.9 24.3 0.0 0.0 0.0 0.0 0.0 0.0 0.0 13.0 12.3 98.2 97.3 24.3 DCRS_-_São_Francisco_de_Paula/Cambará_do_Sul_(865_m) -999.9 -999.9 -999.9 -999.9 -999.9 12.7 11.9 1.0 Rio_Grande_do_Sul DCRS -999.9 0.0 0.0 861.15 861.18 861.1 1 0.01 861.18 861.18 861.18 861.18
-29.264900 -50.314899 DCRS-00084 2026-09-22_01:39 12.3 -999.9 -999.9 97.9 -999.9 -999.9 12.0 -999.9 -999.9 -999.9 -999.9 -999.9 9.4 -999.9 24.3 0.0 0.0 0.0 0.0 0.0 0.0 0.0 13.0 12.3 98.2 97.3 24.3 DCRS_-_São_Francisco_de_Paula/Cambará_do_Sul_(865_m) -999.9 -999.9 -999.9 -999.9 -999.9 12.7 11.9 1.0 Rio_Grande_do_Sul DCRS -999.9 0.0 0.0 861.16 861.18 861.1 1 0.04 861.18 861.18 861.18 861.18
-29.264900 -50.314899 DCRS-00084 2026-09-22_01:40 12.3 -999.9 -999.9 97.8 -999.9 -999.9 12.0 -999.9 -999.9 -999.9 -999.9 -999.9 9.9 -999.9 21.7 0.0 0.0 0.0 0.0 0.0 0.0 0.0 13.0 12.3 98.2 97.3 24.3 DCRS_-_São_Francisco_de_Paula/Cambará_do_Sul_(865_m) -999.9 -999.9 -999.9 -999.9 -999.9 12.7 11.9 1.0 Rio_Grande_do_Sul DCRS -999.9 0.0 0.0 861.16 861.18 861.1 1 0.02 861.18 861.18 861.18 861.18
-29.264900 -50.314899 DCRS-00084 2026-09-22_01:41 12.3 -999.9 -999.9 97.7 -999.9 -999.9 11.9 -999.9 -999.9 -999.9 -999.9 -999.9 0.0 -999.9 21.7 0.0 0.0 0.0 0.0 0.0 0.0 0.0 13.0 12.3 98.2 97.3 24.3 DCRS_-_São_Francisco_de_Paula/Cambará_do_Sul_(865_m) -999.9 -999.9 -999.9 -999.9 -999.9 12.7 11.9 1.0 Rio_Grande_do_Sul DCRS -999.9 0.0 0.0 861.18 861.18 861.1 1 0.05 861.18 861.18 861.18 861.18
-29.264900 -50.314899 DCRS-00084 2026-09-22_01:42 12.2 -999.9 -999.9 97.6 -999.9 -999.9 11.8 -999.9 -999.9 -999.9 -999.9 -999.9 10.0 -999.9 21.7 0.0 0.0 0.0 0.0 0.0 0.0 0.0 13.0 12.2 98.2 97.3 24.3 DCRS_-_São_Francisco_de_Paula/Cambará_do_Sul_(865_m) -999.9 -999.9 -999.9 -999.9 -999.9 12.7 11.8 1.0 Rio_Grande_do_Sul DCRS -999.9 0.0 0.0 861.16 861.18 861.1 1 0.05 861.18 861.18 861.18 861.18
-29.264900 -50.314899 DCRS-00084 2026-09-22_01:43 12.2 -999.9 -999.9 97.7 -999.9 -999.9 11.8 -999.9 -999.9 -999.9 -999.9 -999.9 7.2 -999.9 21.7 0.0 0.0 0.0 0.0 0.0 0.0 0.0 13.0 12.2 98.2 97.3 24.3 DCRS_-_São_Francisco_de_Paula/Cambará_do_Sul_(865_m) -999.9 -999.9 -999.9 -999.9 -999.9 12.7 11.8 1.0 Rio_Grande_do_Sul DCRS -999.9 0.0 0.0 861.17 861.18 861.1 1 0.06 861.18 861.18 861.18 861.18
-29.264900 -50.314899 DCRS-00084 2026-09-22_01:44 12.2 -999.9 -999.9 97.7 -999.9 -999.9 11.8 -999.9 -999.9 -999.9 -999.9 -999.9 7.0 -999.9 21.7 0.0 0.0 0.0 0.0 0.0 0.0 0.0 13.0 12.2 98.2 97.3 24.3 DCRS_-_São_Francisco_de_Paula/Cambará_do_Sul_(865_m) -999.9 -999.9 -999.9 -999.9 -999.9 12.7 11.8 1.0 Rio_Grande_do_Sul DCRS -999.9 0.0 0.0 861.18 861.18 861.1 1 0.06 861.18 861.18 861.18 861.18
-29.264900 -50.314899 DCRS-00084 2026-09-22_01:45 12.2 -999.9 -999.9 97.7 -999.9 -999.9 11.8 -999.9 -999.9 -999.9 -999.9 -999.9 3.0 -999.9 14.0 0.0 0.0 0.0 0.0 0.0 0.0 0.0 13.0 12.2 98.2 97.3 24.3 DCRS_-_São_Francisco_de_Paula/Cambará_do_Sul_(865_m) -999.9 -999.9 -999.9 -999.9 -999.9 12.7 11.8 1.0 Rio_Grande_do_Sul DCRS -999.9 0.0 0.0 861.18 861.18 861.1 1 0.05 861.18 861.18 861.18 861.18
-29.264900 -50.314899 DCRS-00084 2026-09-22_01:46 12.2 -999.9 -999.9 97.7 -999.9 -999.9 11.8 -999.9 -999.9 -999.9 -999.9 -999.9 3.4 -999.9 14.0 0.0 0.0 0.0 0.0 0.0 0.0 0.0 13.0 12.2 98.2 97.3 24.3 DCRS_-_São_Francisco_de_Paula/Cambará_do_Sul_(865_m) -999.9 -999.9 -999.9 -999.9 -999.9 12.7 11.8 1.0 Rio_Grande_do_Sul DCRS -999.9 0.0 0.0 861.17 861.18 861.1 1 0.03 861.18 861.18 861.18 861.18
-29.264900 -50.314899 DCRS-00084 2026-09-22_01:47 12.2 -999.9 -999.9 97.5 -999.9 -999.9 11.8 -999.9 -999.9 -999.9 -999.9 -999.9 6.4 -999.9 14.0 0.0 0.0 0.0 0.0 0.0 0.0 0.0 13.0 12.2 98.2 97.3 24.3 DCRS_-_São_Francisco_de_Paula/Cambará_do_Sul_(865_m) -999.9 -999.9 -999.9 -999.9 -999.9 12.7 11.8 1.0 Rio_Grande_do_Sul DCRS -999.9 0.0 0.0 861.18 861.18 861.1 1 0.06 861.18 861.18 861.18 861.18
-29.264900 -50.314899 DCRS-00084 2026-09-22_01:48 12.2 -999.9 -999.9 97.4 -999.9 -999.9 11.8 -999.9 -999.9 -999.9 -999.9 -999.9 5.7 -999.9 14.0 0.0 0.0 0.0 0.0 0.0 0.0 0.0 13.0 12.2 98.2 97.3 24.3 DCRS_-_São_Francisco_de_Paula/Cambará_do_Sul_(865_m) -999.9 -999.9 -999.9 -999.9 -999.9 12.7 11.8 1.0 Rio_Grande_do_Sul DCRS -999.9 0.0 0.0 861.17 861.18 861.1 1 0.02 861.18 861.18 861.18 861.18
-29.264900 -50.314899 DCRS-00084 2026-09-22_01:49 12.2 -999.9 -999.9 97.4 -999.9 -999.9 11.8 -999.9 -999.9 -999.9 -999.9 -999.9 0.0 -999.9 14.0 0.0 0.0 0.0 0.0 0.0 0.0 0.0 13.0 12.2 98.2 97.3 24.3 DCRS_-_São_Francisco_de_Paula/Cambará_do_Sul_(865_m) -999.9 -999.9 -999.9 -999.9 -999.9 12.7 11.8 1.0 Rio_Grande_do_Sul DCRS -999.9 0.0 0.0 861.18 861.18 861.1 1 0.04 861.18 861.18 861.18 861.18
-29.264900 -50.314899 DCRS-00084 2026-09-22_01:50 12.2 -999.9 -999.9 97.3 -999.9 -999.9 11.8 -999.9 -999.9 -999.9 -999.9 -999.9 0.0 -999.9 6.5 0.0 0.0 0.0 0.0 0.0 0.0 0.0 13.0 12.2 98.2 97.3 24.3 DCRS_-_São_Francisco_de_Paula/Cambará_do_Sul_(865_m) -999.9 -999.9 -999.9 -999.9 -999.9 12.7 11.8 1.0 Rio_Grande_do_Sul DCRS -999.9 0.0 0.0 861.17 861.18 861.1 1 0.03 861.18 861.18 861.18 861.18
-29.264900 -50.314899 DCRS-00084 2026-09-22_01:51 12.1 -999.9 -999.9 97.1 -999.9 -999.9 11.6 -999.9 -999.9 -999.9 -999.9 -999.9 0.0 -999.9 6.5 0.0 0.0 0.0 0.0 0.0 0.0 0.0 13.0 12.1 98.2 97.1 24.3 DCRS_-_São_Francisco_de_Paula/Cambará_do_Sul_(865_m) -999.9 -999.9 -999.9 -999.9 -999.9 12.7 11.6 1.0 Rio_Grande_do_Sul DCRS -999.9 0.0 0.0 861.18 861.18 861.1 1 0.04 861.18 861.18 861.18 861.18
-29.264900 -50.314899 DCRS-00084 2026-09-22_01:52 12.1 -999.9 -999.9 97.0 -999.9 -999.9 11.6 -999.9 -999.9 -999.9 -999.9 -999.9 2.7 -999.9 6.5 0.0 0.0 0.0 0.0 0.0 0.0 0.0 13.0 12.1 98.2 97.0 24.3 DCRS_-_São_Francisco_de_Paula/Cambará_do_Sul_(865_m) -999.9 -999.9 -999.9 -999.9 -999.9 12.7 11.6 1.0 Rio_Grande_do_Sul DCRS -999.9 0.0 0.0 861.17 861.18 861.1 1 0.03 861.18 861.18 861.18 861.18
-29.264900 -50.314899 DCRS-00084 2026-09-22_01:53 12.1 -999.9 -999.9 96.9 -999.9 -999.9 11.6 -999.9 -999.9 -999.9 -999.9 -999.9 1.9 -999.9 6.5 0.0 0.0 0.0 0.0 0.0 0.0 0.0 13.0 12.1 98.2 96.9 24.3 DCRS_-_São_Francisco_de_Paula/Cambará_do_Sul_(865_m) -999.9 -999.9 -999.9 -999.9 -999.9 12.7 11.6 1.0 Rio_Grande_do_Sul DCRS -999.9 0.0 0.0 861.18 861.18 861.1 1 0.04 861.18 861.18 861.18 861.18
-29.264900 -50.314899 DCRS-00084 2026-09-22_01:54 12.1 -999.9 -999.9 96.8 -999.9 -999.9 11.6 -999.9 -999.9 -999.9 -999.9 -999.9 6.4 -999.9 6.5 0.0 0.0 0.0 0.0 0.0 0.0 0.0 13.0 12.1 98.2 96.8 24.3 DCRS_-_São_Francisco_de_Paula/Cambará_do_Sul_(865_m) -999.9 -999.9 -999.9 -999.9 -999.9 12.7 11.6 1.0 Rio_Grande_do_Sul DCRS -999.9 0.0 0.0 861.18 861.18 861.1 1 0.03 861.18 861.18 861.18 861.18
-29.264900 -50.314899 DCRS-00084 2026-09-22_01:55 12.1 -999.9 -999.9 96.8 -999.9 -999.9 11.6 -999.9 -999.9 -999.9 -999.9 -999.9 7.5 -999.9 8.0 0.0 0.0 0.0 0.0 0.0 0.0 0.0 13.0 12.1 98.2 96.8 24.3 DCRS_-_São_Francisco_de_Paula/Cambará_do_Sul_(865_m) -999.9 -999.9 -999.9 -999.9 -999.9 12.7 11.6 1.0 Rio_Grande_do_Sul DCRS -999.9 0.0 0.0 861.19 861.19 861.1 1 0.04 861.19 861.19 861.19 861.19
-29.264900 -50.314899 DCRS-00084 2026-09-22_01:56 12.1 -999.9 -999.9 96.5 -999.9 -999.9 11.6 -999.9 -999.9 -999.9 -999.9 -999.9 5.0 -999.9 8.0 0.0 0.0 0.0 0.0 0.0 0.0 0.0 13.0 12.1 98.2 96.5 24.3 DCRS_-_São_Francisco_de_Paula/Cambará_do_Sul_(865_m) -999.9 -999.9 -999.9 -999.9 -999.9 12.7 11.6 1.0 Rio_Grande_do_Sul DCRS -999.9 0.0 0.0 861.18 861.19 861.1 1 0.04 861.19 861.19 861.19 861.19
-29.264900 -50.314899 DCRS-00084 2026-09-22_01:57 12.2 -999.9 -999.9 96.3 -999.9 -999.9 11.6 -999.9 -999.9 -999.9 -999.9 -999.9 4.4 -999.9 8.0 0.0 0.0 0.0 0.0 0.0 0.0 0.0 13.0 12.1 98.2 96.3 24.3 DCRS_-_São_Francisco_de_Paula/Cambará_do_Sul_(865_m) -999.9 -999.9 -999.9 -999.9 -999.9 12.7 11.6 1.0 Rio_Grande_do_Sul DCRS -999.9 0.0 0.0 861.17 861.19 861.1 1 0.02 861.19 861.19 861.19 861.19
-29.264900 -50.314899 DCRS-00084 2026-09-22_01:58 12.1 -999.9 -999.9 96.1 -999.9 -999.9 11.5 -999.9 -999.9 -999.9 -999.9 -999.9 4.9 -999.9 8.0 0.0 0.0 0.0 0.0 0.0 0.0 0.0 13.0 12.1 98.2 96.1 24.3 DCRS_-_São_Francisco_de_Paula/Cambará_do_Sul_(865_m) -999.9 -999.9 -999.9 -999.9 -999.9 12.7 11.5 1.0 Rio_Grande_do_Sul DCRS -999.9 0.0 0.0 861.16 861.19 861.1 1 0.02 861.19 861.19 861.19 861.19
-29.264900 -50.314899 DCRS-00084 2026-09-22_01:59 12.1 -999.9 -999.9 95.8 -999.9 -999.9 11.4 -999.9 -999.9 -999.9 -999.9 -999.9 4.5 -999.9 8.0 0.0 0.0 0.0 0.0 0.0 0.0 0.0 13.0 12.1 98.2 95.8 24.3 DCRS_-_São_Francisco_de_Paula/Cambará_do_Sul_(865_m) -999.9 -999.9 -999.9 -999.9 -999.9 12.7 11.4 1.0 Rio_Grande_do_Sul DCRS -999.9 0.0 0.0 861.18 861.19 861.1 1 0.04 861.19 861.19 861.19 861.19
-29.264900 -50.314899 DCRS-00084 2026-09-22_02:00 12.1 -999.9 -999.9 95.6 -999.9 -999.9 11.4 -999.9 -999.9 -999.9 -999.9 -999.9 6.6 -999.9 7.7 0.0 0.0 0.0 0.0 0.0 0.0 0.0 13.0 12.1 98.2 95.6 24.3 DCRS_-_São_Francisco_de_Paula/Cambará_do_Sul_(865_m) -999.9 -999.9 -999.9 -999.9 -999.9 12.7 11.4 1.0 Rio_Grande_do_Sul DCRS -999.9 0.0 0.0 861.19 861.19 861.1 1 0.05 861.19 861.19 861.19 861.19
-29.264900 -50.314899 DCRS-00084 2026-09-22_02:01 12.1 -999.9 -999.9 95.6 -999.9 -999.9 11.4 -999.9 -999.9 -999.9 -999.9 -999.9 3.9 -999.9 7.7 0.0 0.0 0.0 0.0 0.0 0.0 0.0 13.0 12.1 98.2 95.6 24.3 DCRS_-_São_Francisco_de_Paula/Cambará_do_Sul_(865_m) -999.9 -999.9 -999.9 -999.9 -999.9 12.7 11.4 1.0 Rio_Grande_do_Sul DCRS -999.9 0.0 0.0 861.2 861.2 861.1 1 0.06 861.2 861.2 861.2 861.2
-29.264900 -50.314899 DCRS-00084 2026-09-22_02:02 12.1 -999.9 -999.9 95.2 -999.9 -999.9 11.3 -999.9 -999.9 -999.9 -999.9 -999.9 4.1 -999.9 7.7 0.0 0.0 0.0 0.0 0.0 0.0 0.0 13.0 12.1 98.2 95.2 24.3 DCRS_-_São_Francisco_de_Paula/Cambará_do_Sul_(865_m) -999.9 -999.9 -999.9 -999.9 -999.9 12.7 11.3 1.0 Rio_Grande_do_Sul DCRS -999.9 0.0 0.0 861.19 861.2 861.1 1 0.04 861.2 861.2 861.2 861.2
-29.264900 -50.314899 DCRS-00084 2026-09-22_02:03 12.0 -999.9 -999.9 95.0 -999.9 -999.9 11.2 -999.9 -999.9 -999.9 -999.9 -999.9 3.4 -999.9 7.7 0.0 0.0 0.0 0.0 0.0 0.0 0.0 13.0 12.0 98.2 95.0 24.3 DCRS_-_São_Francisco_de_Paula/Cambará_do_Sul_(865_m) -999.9 -999.9 -999.9 -999.9 -999.9 12.7 11.2 1.0 Rio_Grande_do_Sul DCRS -999.9 0.0 0.0 861.18 861.2 861.1 1 0.03 861.2 861.2 861.2 861.2
-29.264900 -50.314899 DCRS-00084 2026-09-22_02:04 12.0 -999.9 -999.9 94.9 -999.9 -999.9 11.2 -999.9 -999.9 -999.9 -999.9 -999.9 7.1 -999.9 7.7 0.0 0.0 0.0 0.0 0.0 0.0 0.0 13.0 12.0 98.2 94.9 24.3 DCRS_-_São_Francisco_de_Paula/Cambará_do_Sul_(865_m) -999.9 -999.9 -999.9 -999.9 -999.9 12.7 11.2 1.0 Rio_Grande_do_Sul DCRS -999.9 0.0 0.0 861.19 861.2 861.1 1 0.04 861.2 861.2 861.2 861.2
-29.264900 -50.314899 DCRS-00084 2026-09-22_02:05 12.0 -999.9 -999.9 94.7 -999.9 -999.9 11.2 -999.9 -999.9 -999.9 -999.9 -999.9 7.8 -999.9 11.3 0.0 0.0 0.0 0.0 0.0 0.0 0.0 13.0 12.0 98.2 94.7 24.3 DCRS_-_São_Francisco_de_Paula/Cambará_do_Sul_(865_m) -999.9 -999.9 -999.9 -999.9 -999.9 12.7 11.2 1.0 Rio_Grande_do_Sul DCRS -999.9 0.0 0.0 861.19 861.2 861.1 1 0.04 861.2 861.2 861.2 861.2
-29.264900 -50.314899 DCRS-00084 2026-09-22_02:06 12.0 -999.9 -999.9 94.7 -999.9 -999.9 11.2 -999.9 -999.9 -999.9 -999.9 -999.9 8.0 -999.9 11.3 0.0 0.0 0.0 0.0 0.0 0.0 0.0 13.0 12.0 98.2 94.7 24.3 DCRS_-_São_Francisco_de_Paula/Cambará_do_Sul_(865_m) -999.9 -999.9 -999.9 -999.9 -999.9 12.7 11.2 1.0 Rio_Grande_do_Sul DCRS -999.9 0.0 0.0 861.19 861.2 861.1 1 0.04 861.2 861.2 861.2 861.2
-29.264900 -50.314899 DCRS-00084 2026-09-22_02:07 12.0 -999.9 -999.9 94.5 -999.9 -999.9 11.1 -999.9 -999.9 -999.9 -999.9 -999.9 6.5 -999.9 11.3 0.0 0.0 0.0 0.0 0.0 0.0 0.0 13.0 12.0 98.2 94.5 24.3 DCRS_-_São_Francisco_de_Paula/Cambará_do_Sul_(865_m) -999.9 -999.9 -999.9 -999.9 -999.9 12.7 11.1 1.0 Rio_Grande_do_Sul DCRS -999.9 0.0 0.0 861.19 861.2 861.1 1 0.06 861.2 861.2 861.2 861.2
-29.264900 -50.314899 DCRS-00084 2026-09-22_02:08 12.0 -999.9 -999.9 94.4 -999.9 -999.9 11.1 -999.9 -999.9 -999.9 -999.9 -999.9 3.8 -999.9 11.3 0.0 0.0 0.0 0.0 0.0 0.0 0.0 13.0 12.0 98.2 94.4 24.3 DCRS_-_São_Francisco_de_Paula/Cambará_do_Sul_(865_m) -999.9 -999.9 -999.9 -999.9 -999.9 12.7 11.1 1.0 Rio_Grande_do_Sul DCRS -999.9 0.0 0.0 861.19 861.2 861.1 1 0.05 861.2 861.2 861.2 861.2
-29.264900 -50.314899 DCRS-00084 2026-09-22_02:09 12.0 -999.9 -999.9 94.2 -999.9 -999.9 11.1 -999.9 -999.9 -999.9 -999.9 -999.9 7.1 -999.9 11.3 0.0 0.0 0.0 0.0 0.0 0.0 0.0 13.0 12.0 98.2 94.2 24.3 DCRS_-_São_Francisco_de_Paula/Cambará_do_Sul_(865_m) -999.9 -999.9 -999.9 -999.9 -999.9 12.7 11.1 1.0 Rio_Grande_do_Sul DCRS -999.9 0.0 0.0 861.19 861.2 861.1 1 0.03 861.2 861.2 861.2 861.2
-29.264900 -50.314899 DCRS-00084 2026-09-22_02:10 12.0 -999.9 -999.9 94.1 -999.9 -999.9 11.1 -999.9 -999.9 -999.9 -999.9 -999.9 8.3 -999.9 10.7 0.0 0.0 0.0 0.0 0.0 0.0 0.0 13.0 12.0 98.2 94.1 24.3 DCRS_-_São_Francisco_de_Paula/Cambará_do_Sul_(865_m) -999.9 -999.9 -999.9 -999.9 -999.9 12.7 11.1 1.0 Rio_Grande_do_Sul DCRS -999.9 0.0 0.0 861.19 861.2 861.1 1 0.04 861.2 861.2 861.2 861.2
-29.264900 -50.314899 DCRS-00084 2026-09-22_02:11 11.9 -999.9 -999.9 93.8 -999.9 -999.9 10.9 -999.9 -999.9 -999.9 -999.9 -999.9 7.7 -999.9 10.7 0.0 0.0 0.0 0.0 0.0 0.0 0.0 13.0 11.9 98.2 93.8 24.3 DCRS_-_São_Francisco_de_Paula/Cambará_do_Sul_(865_m) -999.9 -999.9 -999.9 -999.9 -999.9 12.7 10.9 1.0 Rio_Grande_do_Sul DCRS -999.9 0.0 0.0 861.21 861.21 861.1 1 0.06 861.21 861.21 861.21 861.21
-29.264900 -50.314899 DCRS-00084 2026-09-22_02:12 11.9 -999.9 -999.9 93.8 -999.9 -999.9 10.9 -999.9 -999.9 -999.9 -999.9 -999.9 3.8 -999.9 10.7 0.0 0.0 0.0 0.0 0.0 0.0 0.0 13.0 11.9 98.2 93.8 24.3 DCRS_-_São_Francisco_de_Paula/Cambará_do_Sul_(865_m) -999.9 -999.9 -999.9 -999.9 -999.9 12.7 10.9 1.0 Rio_Grande_do_Sul DCRS -999.9 0.0 0.0 861.19 861.21 861.1 1 0.04 861.21 861.21 861.21 861.21
-29.264900 -50.314899 DCRS-00084 2026-09-22_02:13 11.9 -999.9 -999.9 93.7 -999.9 -999.9 10.9 -999.9 -999.9 -999.9 -999.9 -999.9 2.3 -999.9 10.7 0.0 0.0 0.0 0.0 0.0 0.0 0.0 13.0 11.9 98.2 93.7 24.3 DCRS_-_São_Francisco_de_Paula/Cambará_do_Sul_(865_m) -999.9 -999.9 -999.9 -999.9 -999.9 12.7 10.9 1.0 Rio_Grande_do_Sul DCRS -999.9 0.0 0.0 861.2 861.21 861.1 1 0.05 861.21 861.21 861.21 861.21
-29.264900 -50.314899 DCRS-00084 2026-09-22_02:14 11.9 -999.9 -999.9 93.8 -999.9 -999.9 10.9 -999.9 -999.9 -999.9 -999.9 -999.9 0.0 -999.9 10.7 0.0 0.0 0.0 0.0 0.0 0.0 0.0 13.0 11.9 98.2 93.7 24.3 DCRS_-_São_Francisco_de_Paula/Cambará_do_Sul_(865_m) -999.9 -999.9 -999.9 -999.9 -999.9 12.7 10.9 1.0 Rio_Grande_do_Sul DCRS -999.9 0.0 0.0 861.2 861.21 861.1 1 0.04 861.21 861.21 861.21 861.21
-29.264900 -50.314899 DCRS-00084 2026-09-22_02:15 11.9 -999.9 -999.9 93.7 -999.9 -999.9 10.9 -999.9 -999.9 -999.9 -999.9 -999.9 6.5 -999.9 10.5 0.0 0.0 0.0 0.0 0.0 0.0 0.0 13.0 11.9 98.2 93.7 24.3 DCRS_-_São_Francisco_de_Paula/Cambará_do_Sul_(865_m) -999.9 -999.9 -999.9 -999.9 -999.9 12.7 10.9 1.0 Rio_Grande_do_Sul DCRS -999.9 0.0 0.0 861.19 861.21 861.1 1 0.03 861.21 861.21 861.21 861.21
-29.264900 -50.314899 DCRS-00084 2026-09-22_02:16 11.9 -999.9 -999.9 93.8 -999.9 -999.9 10.9 -999.9 -999.9 -999.9 -999.9 -999.9 8.7 -999.9 10.5 0.0 0.0 0.0 0.0 0.0 0.0 0.0 13.0 11.9 98.2 93.7 24.3 DCRS_-_São_Francisco_de_Paula/Cambará_do_Sul_(865_m) -999.9 -999.9 -999.9 -999.9 -999.9 12.7 10.9 1.0 Rio_Grande_do_Sul DCRS -999.9 0.0 0.0 861.2 861.21 861.1 1 0.05 861.21 861.21 861.21 861.21
-29.264900 -50.314899 DCRS-00084 2026-09-22_02:17 11.9 -999.9 -999.9 94.0 -999.9 -999.9 11.0 -999.9 -999.9 -999.9 -999.9 -999.9 4.1 -999.9 10.5 0.0 0.0 0.0 0.0 0.0 0.0 0.0 13.0 11.9 98.2 93.7 24.3 DCRS_-_São_Francisco_de_Paula/Cambará_do_Sul_(865_m) -999.9 -999.9 -999.9 -999.9 -999.9 12.7 10.9 1.0 Rio_Grande_do_Sul DCRS -999.9 0.0 0.0 861.2 861.21 861.1 1 0.05 861.21 861.21 861.21 861.21
-29.264900 -50.314899 DCRS-00084 2026-09-22_02:18 11.9 -999.9 -999.9 94.1 -999.9 -999.9 11.0 -999.9 -999.9 -999.9 -999.9 -999.9 4.4 -999.9 10.5 0.0 0.0 0.0 0.0 0.0 0.0 0.0 13.0 11.9 98.2 93.7 24.3 DCRS_-_São_Francisco_de_Paula/Cambará_do_Sul_(865_m) -999.9 -999.9 -999.9 -999.9 -999.9 12.7 10.9 1.0 Rio_Grande_do_Sul DCRS -999.9 0.0 0.0 861.2 861.21 861.1 1 0.05 861.21 861.21 861.21 861.21
-29.264900 -50.314899 DCRS-00084 2026-09-22_02:19 11.9 -999.9 -999.9 94.2 -999.9 -999.9 11.0 -999.9 -999.9 -999.9 -999.9 -999.9 2.5 -999.9 10.5 0.0 0.0 0.0 0.0 0.0 0.0 0.0 13.0 11.9 98.2 93.7 24.3 DCRS_-_São_Francisco_de_Paula/Cambará_do_Sul_(865_m) -999.9 -999.9 -999.9 -999.9 -999.9 12.7 10.9 1.0 Rio_Grande_do_Sul DCRS -999.9 0.0 0.0 861.2 861.21 861.1 1 0.03 861.21 861.21 861.21 861.21
-29.264900 -50.314899 DCRS-00084 2026-09-22_02:20 11.8 -999.9 -999.9 94.4 -999.9 -999.9 10.9 -999.9 -999.9 -999.9 -999.9 -999.9 3.9 -999.9 9.7 0.0 0.0 0.0 0.0 0.0 0.0 0.0 13.0 11.8 98.2 93.7 24.3 DCRS_-_São_Francisco_de_Paula/Cambará_do_Sul_(865_m) -999.9 -999.9 -999.9 -999.9 -999.9 12.7 10.9 1.0 Rio_Grande_do_Sul DCRS -999.9 0.0 0.0 861.2 861.21 861.1 1 0.05 861.21 861.21 861.21 861.21
-29.264900 -50.314899 DCRS-00084 2026-09-22_02:21 11.8 -999.9 -999.9 94.3 -999.9 -999.9 10.9 -999.9 -999.9 -999.9 -999.9 -999.9 3.6 -999.9 9.7 0.0 0.0 0.0 0.0 0.0 0.0 0.0 13.0 11.8 98.2 93.7 24.3 DCRS_-_São_Francisco_de_Paula/Cambará_do_Sul_(865_m) -999.9 -999.9 -999.9 -999.9 -999.9 12.7 10.9 1.0 Rio_Grande_do_Sul DCRS -999.9 0.0 0.0 861.19 861.21 861.1 1 0.03 861.21 861.21 861.21 861.21
-29.264900 -50.314899 DCRS-00084 2026-09-22_02:22 11.8 -999.9 -999.9 94.4 -999.9 -999.9 10.9 -999.9 -999.9 -999.9 -999.9 -999.9 3.9 -999.9 9.7 0.0 0.0 0.0 0.0 0.0 0.0 0.0 13.0 11.8 98.2 93.7 24.3 DCRS_-_São_Francisco_de_Paula/Cambará_do_Sul_(865_m) -999.9 -999.9 -999.9 -999.9 -999.9 12.7 10.9 1.0 Rio_Grande_do_Sul DCRS -999.9 0.0 0.0 861.2 861.21 861.1 1 0.04 861.21 861.21 861.21 861.21
-29.264900 -50.314899 DCRS-00084 2026-09-22_02:23 11.8 -999.9 -999.9 94.6 -999.9 -999.9 11.0 -999.9 -999.9 -999.9 -999.9 -999.9 5.1 -999.9 9.7 0.0 0.0 0.0 0.0 0.0 0.0 0.0 13.0 11.8 98.2 93.7 24.3 DCRS_-_São_Francisco_de_Paula/Cambará_do_Sul_(865_m) -999.9 -999.9 -999.9 -999.9 -999.9 12.7 10.9 1.0 Rio_Grande_do_Sul DCRS -999.9 0.0 0.0 861.2 861.21 861.1 1 0.05 861.21 861.21 861.21 861.21
-29.264900 -50.314899 DCRS-00084 2026-09-22_02:24 11.8 -999.9 -999.9 94.5 -999.9 -999.9 10.9 -999.9 -999.9 -999.9 -999.9 -999.9 3.2 -999.9 9.7 0.0 0.0 0.0 0.0 0.0 0.0 0.0 13.0 11.8 98.2 93.7 24.3 DCRS_-_São_Francisco_de_Paula/Cambará_do_Sul_(865_m) -999.9 -999.9 -999.9 -999.9 -999.9 12.7 10.9 1.0 Rio_Grande_do_Sul DCRS -999.9 0.0 0.0 861.2 861.21 861.1 1 0.03 861.21 861.21 861.21 861.21
-29.264900 -50.314899 DCRS-00084 2026-09-22_02:25 11.8 -999.9 -999.9 94.5 -999.9 -999.9 10.9 -999.9 -999.9 -999.9 -999.9 -999.9 7.3 -999.9 8.0 0.0 0.0 0.0 0.0 0.0 0.0 0.0 13.0 11.8 98.2 93.7 24.3 DCRS_-_São_Francisco_de_Paula/Cambará_do_Sul_(865_m) -999.9 -999.9 -999.9 -999.9 -999.9 12.7 10.9 1.0 Rio_Grande_do_Sul DCRS -999.9 0.0 0.0 861.19 861.21 861.1 1 0.03 861.21 861.21 861.21 861.21
-29.264900 -50.314899 DCRS-00084 2026-09-22_02:26 11.8 -999.9 -999.9 94.5 -999.9 -999.9 10.9 -999.9 -999.9 -999.9 -999.9 -999.9 4.8 -999.9 8.0 0.0 0.0 0.0 0.0 0.0 0.0 0.0 13.0 11.8 98.2 93.7 24.3 DCRS_-_São_Francisco_de_Paula/Cambará_do_Sul_(865_m) -999.9 -999.9 -999.9 -999.9 -999.9 12.7 10.9 1.0 Rio_Grande_do_Sul DCRS -999.9 0.0 0.0 861.18 861.21 861.1 1 0.02 861.21 861.21 861.21 861.21
-29.264900 -50.314899 DCRS-00084 2026-09-22_02:27 11.8 -999.9 -999.9 94.5 -999.9 -999.9 10.9 -999.9 -999.9 -999.9 -999.9 -999.9 7.1 -999.9 8.0 0.0 0.0 0.0 0.0 0.0 0.0 0.0 13.0 11.8 98.2 93.7 24.3 DCRS_-_São_Francisco_de_Paula/Cambará_do_Sul_(865_m) -999.9 -999.9 -999.9 -999.9 -999.9 12.7 10.9 1.0 Rio_Grande_do_Sul DCRS -999.9 0.0 0.0 861.18 861.21 861.1 1 0.03 861.21 861.21 861.21 861.21
-29.264900 -50.314899 DCRS-00084 2026-09-22_02:28 11.7 -999.9 -999.9 94.6 -999.9 -999.9 10.9 -999.9 -999.9 -999.9 -999.9 -999.9 5.3 -999.9 8.0 0.0 0.0 0.0 0.0 0.0 0.0 0.0 13.0 11.7 98.2 93.7 24.3 DCRS_-_São_Francisco_de_Paula/Cambará_do_Sul_(865_m) -999.9 -999.9 -999.9 -999.9 -999.9 12.7 10.9 1.0 Rio_Grande_do_Sul DCRS -999.9 0.0 0.0 861.2 861.21 861.1 1 0.03 861.21 861.21 861.21 861.21
-29.264900 -50.314899 DCRS-00084 2026-09-22_02:29 11.7 -999.9 -999.9 94.5 -999.9 -999.9 10.8 -999.9 -999.9 -999.9 -999.9 -999.9 -999.9 -999.9 8.0 0.0 0.0 0.0 0.0 0.0 0.0 0.0 13.0 11.7 98.2 93.7 24.3 DCRS_-_São_Francisco_de_Paula/Cambará_do_Sul_(865_m) -999.9 -999.9 -999.9 -999.9 -999.9 12.7 10.8 1.0 Rio_Grande_do_Sul DCRS -999.9 0.0 0.0 861.21 861.21 861.1 1 0.04 861.21 861.21 861.21 861.21
-29.264900 -50.314899 DCRS-00084 2026-09-22_02:30 11.7 -999.9 -999.9 94.5 -999.9 -999.9 10.8 -999.9 -999.9 -999.9 -999.9 -999.9 9.8 -999.9 14.8 0.0 0.0 0.0 0.0 0.0 0.0 0.0 13.0 11.7 98.2 93.7 24.3 DCRS_-_São_Francisco_de_Paula/Cambará_do_Sul_(865_m) -999.9 -999.9 -999.9 -999.9 -999.9 12.7 10.8 1.0 Rio_Grande_do_Sul DCRS -999.9 0.0 0.0 861.2 861.21 861.1 1 0.04 861.21 861.21 861.21 861.21
-29.264900 -50.314899 DCRS-00084 2026-09-22_02:31 11.7 -999.9 -999.9 94.5 -999.9 -999.9 10.8 -999.9 -999.9 -999.9 -999.9 -999.9 8.7 -999.9 14.8 0.0 0.0 0.0 0.0 0.0 0.0 0.0 13.0 11.7 98.2 93.7 24.3 DCRS_-_São_Francisco_de_Paula/Cambará_do_Sul_(865_m) -999.9 -999.9 -999.9 -999.9 -999.9 12.7 10.8 1.0 Rio_Grande_do_Sul DCRS -999.9 0.0 0.0 861.21 861.21 861.1 1 0.05 861.21 861.21 861.21 861.21
-29.264900 -50.314899 DCRS-00084 2026-09-22_02:32 11.7 -999.9 -999.9 94.6 -999.9 -999.9 10.9 -999.9 -999.9 -999.9 -999.9 -999.9 7.3 -999.9 14.8 0.0 0.0 0.0 0.0 0.0 0.0 0.0 13.0 11.7 98.2 93.7 24.3 DCRS_-_São_Francisco_de_Paula/Cambará_do_Sul_(865_m) -999.9 -999.9 -999.9 -999.9 -999.9 12.7 10.8 1.0 Rio_Grande_do_Sul DCRS -999.9 0.0 0.0 861.2 861.21 861.1 1 0.04 861.21 861.21 861.21 861.21
-29.264900 -50.314899 DCRS-00084 2026-09-22_02:33 11.7 -999.9 -999.9 94.6 -999.9 -999.9 10.9 -999.9 -999.9 -999.9 -999.9 -999.9 2.6 -999.9 14.8 0.0 0.0 0.0 0.0 0.0 0.0 0.0 13.0 11.7 98.2 93.7 24.3 DCRS_-_São_Francisco_de_Paula/Cambará_do_Sul_(865_m) -999.9 -999.9 -999.9 -999.9 -999.9 12.7 10.8 1.0 Rio_Grande_do_Sul DCRS -999.9 0.0 0.0 861.2 861.21 861.1 1 0.03 861.21 861.21 861.21 861.21
-29.264900 -50.314899 DCRS-00084 2026-09-22_02:34 11.6 -999.9 -999.9 94.5 -999.9 -999.9 10.7 -999.9 -999.9 -999.9 -999.9 -999.9 7.5 -999.9 14.8 0.0 0.0 0.0 0.0 0.0 0.0 0.0 13.0 11.6 98.2 93.7 24.3 DCRS_-_São_Francisco_de_Paula/Cambará_do_Sul_(865_m) -999.9 -999.9 -999.9 -999.9 -999.9 12.7 10.7 1.0 Rio_Grande_do_Sul DCRS -999.9 0.0 0.0 861.2 861.21 861.1 1 0.04 861.21 861.21 861.21 861.21
-29.264900 -50.314899 DCRS-00084 2026-09-22_02:35 11.6 -999.9 -999.9 94.6 -999.9 -999.9 10.8 -999.9 -999.9 -999.9 -999.9 -999.9 7.4 -999.9 10.3 0.0 0.0 0.0 0.0 0.0 0.0 0.0 13.0 11.6 98.2 93.7 24.3 DCRS_-_São_Francisco_de_Paula/Cambará_do_Sul_(865_m) -999.9 -999.9 -999.9 -999.9 -999.9 12.7 10.7 1.0 Rio_Grande_do_Sul DCRS -999.9 0.0 0.0 861.21 861.21 861.1 1 0.04 861.21 861.21 861.21 861.21
-29.264900 -50.314899 DCRS-00084 2026-09-22_02:36 11.6 -999.9 -999.9 94.5 -999.9 -999.9 10.7 -999.9 -999.9 -999.9 -999.9 -999.9 3.8 -999.9 10.3 0.0 0.0 0.0 0.0 0.0 0.0 0.0 13.0 11.6 98.2 93.7 24.3 DCRS_-_São_Francisco_de_Paula/Cambará_do_Sul_(865_m) -999.9 -999.9 -999.9 -999.9 -999.9 12.7 10.7 1.0 Rio_Grande_do_Sul DCRS -999.9 0.0 0.0 861.21 861.21 861.1 1 0.03 861.21 861.21 861.21 861.21
-29.264900 -50.314899 DCRS-00084 2026-09-22_02:37 11.6 -999.9 -999.9 94.8 -999.9 -999.9 10.8 -999.9 -999.9 -999.9 -999.9 -999.9 -999.9 -999.9 10.3 0.0 0.0 0.0 0.0 0.0 0.0 0.0 13.0 11.6 98.2 93.7 24.3 DCRS_-_São_Francisco_de_Paula/Cambará_do_Sul_(865_m) -999.9 -999.9 -999.9 -999.9 -999.9 12.7 10.7 1.0 Rio_Grande_do_Sul DCRS -999.9 0.0 0.0 861.21 861.21 861.1 1 0.03 861.21 861.21 861.21 861.21
-29.264900 -50.314899 DCRS-00084 2026-09-22_02:38 11.5 -999.9 -999.9 94.8 -999.9 -999.9 10.7 -999.9 -999.9 -999.9 -999.9 -999.9 -999.9 -999.9 10.3 0.0 0.0 0.0 0.0 0.0 0.0 0.0 13.0 11.5 98.2 93.7 24.3 DCRS_-_São_Francisco_de_Paula/Cambará_do_Sul_(865_m) -999.9 -999.9 -999.9 -999.9 -999.9 12.7 10.7 1.0 Rio_Grande_do_Sul DCRS -999.9 0.0 0.0 861.22 861.22 861.1 1 0.07 861.22 861.22 861.22 861.22
-29.264900 -50.314899 DCRS-00084 2026-09-22_02:39 11.6 -999.9 -999.9 94.9 -999.9 -999.9 10.8 -999.9 -999.9 -999.9 -999.9 -999.9 4.5 -999.9 10.3 0.0 0.0 0.0 0.0 0.0 0.0 0.0 13.0 11.5 98.2 93.7 24.3 DCRS_-_São_Francisco_de_Paula/Cambará_do_Sul_(865_m) -999.9 -999.9 -999.9 -999.9 -999.9 12.7 10.7 1.0 Rio_Grande_do_Sul DCRS -999.9 0.0 0.0 861.21 861.22 861.1 1 0.05 861.22 861.22 861.22 861.22
-29.264900 -50.314899 DCRS-00084 2026-09-22_02:40 11.6 -999.9 -999.9 94.9 -999.9 -999.9 10.8 -999.9 -999.9 -999.9 -999.9 -999.9 3.6 -999.9 11.0 0.0 0.0 0.0 0.0 0.0 0.0 0.0 13.0 11.5 98.2 93.7 24.3 DCRS_-_São_Francisco_de_Paula/Cambará_do_Sul_(865_m) -999.9 -999.9 -999.9 -999.9 -999.9 12.7 10.7 1.0 Rio_Grande_do_Sul DCRS -999.9 0.0 0.0 861.21 861.22 861.1 1 0.05 861.22 861.22 861.22 861.22
-29.264900 -50.314899 DCRS-00084 2026-09-22_02:41 11.6 -999.9 -999.9 95.0 -999.9 -999.9 10.8 -999.9 -999.9 -999.9 -999.9 -999.9 5.5 -999.9 11.0 0.0 0.0 0.0 0.0 0.0 0.0 0.0 13.0 11.5 98.2 93.7 24.3 DCRS_-_São_Francisco_de_Paula/Cambará_do_Sul_(865_m) -999.9 -999.9 -999.9 -999.9 -999.9 12.7 10.7 1.0 Rio_Grande_do_Sul DCRS -999.9 0.0 0.0 861.21 861.22 861.1 1 0.03 861.22 861.22 861.22 861.22
-29.264900 -50.314899 DCRS-00084 2026-09-22_02:42 11.6 -999.9 -999.9 95.0 -999.9 -999.9 10.8 -999.9 -999.9 -999.9 -999.9 -999.9 4.6 -999.9 11.0 0.0 0.0 0.0 0.0 0.0 0.0 0.0 13.0 11.5 98.2 93.7 24.3 DCRS_-_São_Francisco_de_Paula/Cambará_do_Sul_(865_m) -999.9 -999.9 -999.9 -999.9 -999.9 12.7 10.7 1.0 Rio_Grande_do_Sul DCRS -999.9 0.0 0.0 861.19 861.22 861.1 1 0.03 861.22 861.22 861.22 861.22
-29.264900 -50.314899 DCRS-00084 2026-09-22_02:43 11.5 -999.9 -999.9 95.0 -999.9 -999.9 10.7 -999.9 -999.9 -999.9 -999.9 -999.9 5.8 -999.9 11.0 0.0 0.0 0.0 0.0 0.0 0.0 0.0 13.0 11.5 98.2 93.7 24.3 DCRS_-_São_Francisco_de_Paula/Cambará_do_Sul_(865_m) -999.9 -999.9 -999.9 -999.9 -999.9 12.7 10.7 1.0 Rio_Grande_do_Sul DCRS -999.9 0.0 0.0 861.21 861.22 861.1 1 0.04 861.22 861.22 861.22 861.22
-29.264900 -50.314899 DCRS-00084 2026-09-22_02:44 11.5 -999.9 -999.9 95.0 -999.9 -999.9 10.7 -999.9 -999.9 -999.9 -999.9 -999.9 4.8 -999.9 11.0 0.0 0.0 0.0 0.0 0.0 0.0 0.0 13.0 11.5 98.2 93.7 24.3 DCRS_-_São_Francisco_de_Paula/Cambará_do_Sul_(865_m) -999.9 -999.9 -999.9 -999.9 -999.9 12.7 10.7 1.0 Rio_Grande_do_Sul DCRS -999.9 0.0 0.0 861.2 861.22 861.1 1 0.02 861.22 861.22 861.22 861.22
-29.264900 -50.314899 DCRS-00084 2026-09-22_02:45 11.4 -999.9 -999.9 95.0 -999.9 -999.9 10.6 -999.9 -999.9 -999.9 -999.9 -999.9 -999.9 -999.9 7.5 0.0 0.0 0.0 0.0 0.0 0.0 0.0 13.0 11.4 98.2 93.7 24.3 DCRS_-_São_Francisco_de_Paula/Cambará_do_Sul_(865_m) -999.9 -999.9 -999.9 -999.9 -999.9 12.7 10.6 1.0 Rio_Grande_do_Sul DCRS -999.9 0.0 0.0 861.2 861.22 861.1 1 0.02 861.22 861.22 861.22 861.22
-29.264900 -50.314899 DCRS-00084 2026-09-22_02:46 11.5 -999.9 -999.9 95.0 -999.9 -999.9 10.7 -999.9 -999.9 -999.9 -999.9 -999.9 3.7 -999.9 7.5 0.0 0.0 0.0 0.0 0.0 0.0 0.0 13.0 11.4 98.2 93.7 24.3 DCRS_-_São_Francisco_de_Paula/Cambará_do_Sul_(865_m) -999.9 -999.9 -999.9 -999.9 -999.9 12.7 10.6 1.0 Rio_Grande_do_Sul DCRS -999.9 0.0 0.0 861.21 861.22 861.1 1 0.04 861.22 861.22 861.22 861.22
-29.264900 -50.314899 DCRS-00084 2026-09-22_02:47 11.5 -999.9 -999.9 95.1 -999.9 -999.9 10.7 -999.9 -999.9 -999.9 -999.9 -999.9 4.1 -999.9 7.5 0.0 0.0 0.0 0.0 0.0 0.0 0.0 13.0 11.4 98.2 93.7 24.3 DCRS_-_São_Francisco_de_Paula/Cambará_do_Sul_(865_m) -999.9 -999.9 -999.9 -999.9 -999.9 12.7 10.6 1.0 Rio_Grande_do_Sul DCRS -999.9 0.0 0.0 861.22 861.22 861.1 1 0.04 861.22 861.22 861.22 861.22
-29.264900 -50.314899 DCRS-00084 2026-09-22_02:48 11.4 -999.9 -999.9 95.0 -999.9 -999.9 10.6 -999.9 -999.9 -999.9 -999.9 -999.9 3.0 -999.9 7.5 0.0 0.0 0.0 0.0 0.0 0.0 0.0 13.0 11.4 98.2 93.7 24.3 DCRS_-_São_Francisco_de_Paula/Cambará_do_Sul_(865_m) -999.9 -999.9 -999.9 -999.9 -999.9 12.7 10.6 1.0 Rio_Grande_do_Sul DCRS -999.9 0.0 0.0 861.21 861.22 861.1 1 0.04 861.22 861.22 861.22 861.22
-29.264900 -50.314899 DCRS-00084 2026-09-22_02:49 11.4 -999.9 -999.9 95.1 -999.9 -999.9 10.6 -999.9 -999.9 -999.9 -999.9 -999.9 6.0 -999.9 7.5 0.0 0.0 0.0 0.0 0.0 0.0 0.0 13.0 11.4 98.2 93.7 24.3 DCRS_-_São_Francisco_de_Paula/Cambará_do_Sul_(865_m) -999.9 -999.9 -999.9 -999.9 -999.9 12.7 10.6 1.0 Rio_Grande_do_Sul DCRS -999.9 0.0 0.0 861.21 861.22 861.1 1 0.03 861.22 861.22 861.22 861.22
-29.264900 -50.314899 DCRS-00084 2026-09-22_02:50 11.4 -999.9 -999.9 95.2 -999.9 -999.9 10.7 -999.9 -999.9 -999.9 -999.9 -999.9 8.5 -999.9 15.2 0.0 0.0 0.0 0.0 0.0 0.0 0.0 13.0 11.4 98.2 93.7 24.3 DCRS_-_São_Francisco_de_Paula/Cambará_do_Sul_(865_m) -999.9 -999.9 -999.9 -999.9 -999.9 12.7 10.6 1.0 Rio_Grande_do_Sul DCRS -999.9 0.0 0.0 861.21 861.22 861.1 1 0.03 861.22 861.22 861.22 861.22
-29.264900 -50.314899 DCRS-00084 2026-09-22_02:51 11.4 -999.9 -999.9 95.1 -999.9 -999.9 10.6 -999.9 -999.9 -999.9 -999.9 -999.9 13.6 -999.9 15.2 0.0 0.0 0.0 0.0 0.0 0.0 0.0 13.0 11.4 98.2 93.7 24.3 DCRS_-_São_Francisco_de_Paula/Cambará_do_Sul_(865_m) -999.9 -999.9 -999.9 -999.9 -999.9 12.7 10.6 1.0 Rio_Grande_do_Sul DCRS -999.9 0.0 0.0 861.2 861.22 861.1 1 0.02 861.22 861.22 861.22 861.22
-29.264900 -50.314899 DCRS-00084 2026-09-22_02:52 11.5 -999.9 -999.9 95.2 -999.9 -999.9 10.8 -999.9 -999.9 -999.9 -999.9 -999.9 10.4 -999.9 15.2 0.0 0.0 0.0 0.0 0.0 0.0 0.0 13.0 11.4 98.2 93.7 24.3 DCRS_-_São_Francisco_de_Paula/Cambará_do_Sul_(865_m) -999.9 -999.9 -999.9 -999.9 -999.9 12.7 10.6 1.0 Rio_Grande_do_Sul DCRS -999.9 0.0 0.0 861.19 861.22 861.1 1 0.02 861.22 861.22 861.22 861.22
-29.264900 -50.314899 DCRS-00084 2026-09-22_02:53 11.5 -999.9 -999.9 95.1 -999.9 -999.9 10.7 -999.9 -999.9 -999.9 -999.9 -999.9 10.0 -999.9 15.2 0.0 0.0 0.0 0.0 0.0 0.0 0.0 13.0 11.4 98.2 93.7 24.3 DCRS_-_São_Francisco_de_Paula/Cambará_do_Sul_(865_m) -999.9 -999.9 -999.9 -999.9 -999.9 12.7 10.6 1.0 Rio_Grande_do_Sul DCRS -999.9 0.0 0.0 861.21 861.22 861.1 1 0.03 861.22 861.22 861.22 861.22
-29.264900 -50.314899 DCRS-00084 2026-09-22_02:54 11.5 -999.9 -999.9 95.1 -999.9 -999.9 10.7 -999.9 -999.9 -999.9 -999.9 -999.9 6.7 -999.9 15.2 0.0 0.0 0.0 0.0 0.0 0.0 0.0 13.0 11.4 98.2 93.7 24.3 DCRS_-_São_Francisco_de_Paula/Cambará_do_Sul_(865_m) -999.9 -999.9 -999.9 -999.9 -999.9 12.7 10.6 1.0 Rio_Grande_do_Sul DCRS -999.9 0.0 0.0 861.2 861.22 861.1 1 0.02 861.22 861.22 861.22 861.22
-29.264900 -50.314899 DCRS-00084 2026-09-22_02:55 11.5 -999.9 -999.9 95.1 -999.9 -999.9 10.7 -999.9 -999.9 -999.9 -999.9 -999.9 16.8 -999.9 18.9 0.0 0.0 0.0 0.0 0.0 0.0 0.0 13.0 11.4 98.2 93.7 24.3 DCRS_-_São_Francisco_de_Paula/Cambará_do_Sul_(865_m) -999.9 -999.9 -999.9 -999.9 -999.9 12.7 10.6 1.0 Rio_Grande_do_Sul DCRS -999.9 0.0 0.0 861.21 861.22 861.1 1 0.03 861.22 861.22 861.22 861.22
-29.264900 -50.314899 DCRS-00084 2026-09-22_02:56 11.5 -999.9 -999.9 95.2 -999.9 -999.9 10.8 -999.9 -999.9 -999.9 -999.9 -999.9 9.0 -999.9 18.9 0.0 0.0 0.0 0.0 0.0 0.0 0.0 13.0 11.4 98.2 93.7 24.3 DCRS_-_São_Francisco_de_Paula/Cambará_do_Sul_(865_m) -999.9 -999.9 -999.9 -999.9 -999.9 12.7 10.6 1.0 Rio_Grande_do_Sul DCRS -999.9 0.0 0.0 861.21 861.22 861.1 1 0.03 861.22 861.22 861.22 861.22
-29.264900 -50.314899 DCRS-00084 2026-09-22_02:57 11.5 -999.9 -999.9 95.2 -999.9 -999.9 10.8 -999.9 -999.9 -999.9 -999.9 -999.9 9.5 -999.9 18.9 0.0 0.0 0.0 0.0 0.0 0.0 0.0 13.0 11.4 98.2 93.7 24.3 DCRS_-_São_Francisco_de_Paula/Cambará_do_Sul_(865_m) -999.9 -999.9 -999.9 -999.9 -999.9 12.7 10.6 1.0 Rio_Grande_do_Sul DCRS -999.9 0.0 0.0 861.22 861.22 861.1 1 0.05 861.22 861.22 861.22 861.22
-29.264900 -50.314899 DCRS-00084 2026-09-22_02:58 11.5 -999.9 -999.9 95.2 -999.9 -999.9 10.8 -999.9 -999.9 -999.9 -999.9 -999.9 13.0 -999.9 18.9 0.0 0.0 0.0 0.0 0.0 0.0 0.0 13.0 11.4 98.2 93.7 24.3 DCRS_-_São_Francisco_de_Paula/Cambará_do_Sul_(865_m) -999.9 -999.9 -999.9 -999.9 -999.9 12.7 10.6 1.0 Rio_Grande_do_Sul DCRS -999.9 0.0 0.0 861.22 861.22 861.1 1 0.06 861.22 861.22 861.22 861.22
-29.264900 -50.314899 DCRS-00084 2026-09-22_02:59 11.5 -999.9 -999.9 95.2 -999.9 -999.9 10.8 -999.9 -999.9 -999.9 -999.9 -999.9 13.6 -999.9 18.9 0.0 0.0 0.0 0.0 0.0 0.0 0.0 13.0 11.4 98.2 93.7 24.3 DCRS_-_São_Francisco_de_Paula/Cambará_do_Sul_(865_m) -999.9 -999.9 -999.9 -999.9 -999.9 12.7 10.6 1.0 Rio_Grande_do_Sul DCRS -999.9 0.0 0.0 861.22 861.22 861.1 1 0.04 861.22 861.22 861.22 861.22
-29.264900 -50.314899 DCRS-00084 2026-09-22_03:00 11.6 -999.9 -999.9 95.2 -999.9 -999.9 10.8 -999.9 -999.9 -999.9 -999.9 -999.9 15.9 -999.9 20.7 0.0 0.0 0.0 0.0 0.0 0.0 0.0 13.0 11.4 98.2 93.7 24.3 DCRS_-_São_Francisco_de_Paula/Cambará_do_Sul_(865_m) -999.9 -999.9 -999.9 -999.9 -999.9 12.7 10.6 1.0 Rio_Grande_do_Sul DCRS -999.9 0.0 0.0 861.22 861.22 861.1 1 0.03 861.22 861.22 861.22 861.22
-29.264900 -50.314899 DCRS-00084 2026-09-22_03:01 11.6 -999.9 -999.9 95.2 -999.9 -999.9 10.8 -999.9 -999.9 -999.9 -999.9 -999.9 16.9 -999.9 20.7 0.0 0.0 0.0 0.0 0.0 0.0 0.0 13.0 11.4 98.2 93.7 24.3 DCRS_-_São_Francisco_de_Paula/Cambará_do_Sul_(865_m) -999.9 -999.9 -999.9 -999.9 -999.9 12.7 10.6 1.0 Rio_Grande_do_Sul DCRS -999.9 0.0 0.0 861.19 861.22 861.1 1 -0.01 861.22 861.22 861.22 861.22
-29.264900 -50.314899 DCRS-00084 2026-09-22_03:02 11.6 -999.9 -999.9 95.0 -999.9 -999.9 10.8 -999.9 -999.9 -999.9 -999.9 -999.9 16.4 -999.9 20.7 0.0 0.0 0.0 0.0 0.0 0.0 0.0 13.0 11.4 98.2 93.7 24.3 DCRS_-_São_Francisco_de_Paula/Cambará_do_Sul_(865_m) -999.9 -999.9 -999.9 -999.9 -999.9 12.7 10.6 1.0 Rio_Grande_do_Sul DCRS -999.9 0.0 0.0 861.22 861.22 861.1 1 0.03 861.22 861.22 861.22 861.22
-29.264900 -50.314899 DCRS-00084 2026-09-22_03:03 11.6 -999.9 -999.9 94.8 -999.9 -999.9 10.8 -999.9 -999.9 -999.9 -999.9 -999.9 15.9 -999.9 20.7 0.0 0.0 0.0 0.0 0.0 0.0 0.0 13.0 11.4 98.2 93.7 24.3 DCRS_-_São_Francisco_de_Paula/Cambará_do_Sul_(865_m) -999.9 -999.9 -999.9 -999.9 -999.9 12.7 10.6 1.0 Rio_Grande_do_Sul DCRS -999.9 0.0 0.0 861.22 861.22 861.1 1 0.04 861.22 861.22 861.22 861.22
-29.264900 -50.314899 DCRS-00084 2026-09-22_03:04 11.6 -999.9 -999.9 94.7 -999.9 -999.9 10.8 -999.9 -999.9 -999.9 -999.9 -999.9 13.9 -999.9 20.7 0.0 0.0 0.0 0.0 0.0 0.0 0.0 13.0 11.4 98.2 93.7 24.3 DCRS_-_São_Francisco_de_Paula/Cambará_do_Sul_(865_m) -999.9 -999.9 -999.9 -999.9 -999.9 12.7 10.6 1.0 Rio_Grande_do_Sul DCRS -999.9 0.0 0.0 861.21 861.22 861.1 1 0.02 861.22 861.22 861.22 861.22
-29.264900 -50.314899 DCRS-00084 2026-09-22_03:05 11.6 -999.9 -999.9 94.7 -999.9 -999.9 10.8 -999.9 -999.9 -999.9 -999.9 -999.9 6.7 -999.9 23.1 0.0 0.0 0.0 0.0 0.0 0.0 0.0 13.0 11.4 98.2 93.7 24.3 DCRS_-_São_Francisco_de_Paula/Cambará_do_Sul_(865_m) -999.9 -999.9 -999.9 -999.9 -999.9 12.7 10.6 1.0 Rio_Grande_do_Sul DCRS -999.9 0.0 0.0 861.22 861.22 861.1 1 0.03 861.22 861.22 861.22 861.22
-29.264900 -50.314899 DCRS-00084 2026-09-22_03:06 11.6 -999.9 -999.9 94.6 -999.9 -999.9 10.8 -999.9 -999.9 -999.9 -999.9 -999.9 10.9 -999.9 23.1 0.0 0.0 0.0 0.0 0.0 0.0 0.0 13.0 11.4 98.2 93.7 24.3 DCRS_-_São_Francisco_de_Paula/Cambará_do_Sul_(865_m) -999.9 -999.9 -999.9 -999.9 -999.9 12.7 10.6 1.0 Rio_Grande_do_Sul DCRS -999.9 0.0 0.0 861.2 861.22 861.1 1 0.01 861.22 861.22 861.22 861.22
-29.264900 -50.314899 DCRS-00084 2026-09-22_03:07 11.6 -999.9 -999.9 94.5 -999.9 -999.9 10.7 -999.9 -999.9 -999.9 -999.9 -999.9 12.3 -999.9 23.1 0.0 0.0 0.0 0.0 0.0 0.0 0.0 13.0 11.4 98.2 93.7 24.3 DCRS_-_São_Francisco_de_Paula/Cambará_do_Sul_(865_m) -999.9 -999.9 -999.9 -999.9 -999.9 12.7 10.6 1.0 Rio_Grande_do_Sul DCRS -999.9 0.0 0.0 861.22 861.22 861.1 1 0.03 861.22 861.22 861.22 861.22
-29.264900 -50.314899 DCRS-00084 2026-09-22_03:08 11.6 -999.9 -999.9 94.4 -999.9 -999.9 10.7 -999.9 -999.9 -999.9 -999.9 -999.9 10.4 -999.9 23.1 0.0 0.0 0.0 0.0 0.0 0.0 0.0 13.0 11.4 98.2 93.7 24.3 DCRS_-_São_Francisco_de_Paula/Cambará_do_Sul_(865_m) -999.9 -999.9 -999.9 -999.9 -999.9 12.7 10.6 1.0 Rio_Grande_do_Sul DCRS -999.9 0.0 0.0 861.22 861.22 861.1 1 0.03 861.22 861.22 861.22 861.22
-29.264900 -50.314899 DCRS-00084 2026-09-22_03:09 11.6 -999.9 -999.9 94.3 -999.9 -999.9 10.7 -999.9 -999.9 -999.9 -999.9 -999.9 11.3 -999.9 23.1 0.0 0.0 0.0 0.0 0.0 0.0 0.0 13.0 11.4 98.2 93.7 24.3 DCRS_-_São_Francisco_de_Paula/Cambará_do_Sul_(865_m) -999.9 -999.9 -999.9 -999.9 -999.9 12.7 10.6 1.0 Rio_Grande_do_Sul DCRS -999.9 0.0 0.0 861.22 861.22 861.1 1 0.03 861.22 861.22 861.22 861.22
-29.264900 -50.314899 DCRS-00084 2026-09-22_03:10 11.7 -999.9 -999.9 94.2 -999.9 -999.9 10.8 -999.9 -999.9 -999.9 -999.9 -999.9 14.3 -999.9 19.7 0.0 0.0 0.0 0.0 0.0 0.0 0.0 13.0 11.4 98.2 93.7 24.3 DCRS_-_São_Francisco_de_Paula/Cambará_do_Sul_(865_m) -999.9 -999.9 -999.9 -999.9 -999.9 12.7 10.6 1.0 Rio_Grande_do_Sul DCRS -999.9 0.0 0.0 861.21 861.22 861.1 1 0.02 861.22 861.22 861.22 861.22
-29.264900 -50.314899 DCRS-00084 2026-09-22_03:11 11.7 -999.9 -999.9 94.1 -999.9 -999.9 10.8 -999.9 -999.9 -999.9 -999.9 -999.9 9.2 -999.9 19.7 0.0 0.0 0.0 0.0 0.0 0.0 0.0 13.0 11.4 98.2 93.7 24.3 DCRS_-_São_Francisco_de_Paula/Cambará_do_Sul_(865_m) -999.9 -999.9 -999.9 -999.9 -999.9 12.7 10.6 1.0 Rio_Grande_do_Sul DCRS -999.9 0.0 0.0 861.2 861.22 861.1 1 -0.01 861.22 861.22 861.22 861.22
-29.264900 -50.314899 DCRS-00084 2026-09-22_03:12 11.7 -999.9 -999.9 94.0 -999.9 -999.9 10.8 -999.9 -999.9 -999.9 -999.9 -999.9 15.3 -999.9 19.7 0.0 0.0 0.0 0.0 0.0 0.0 0.0 13.0 11.4 98.2 93.7 24.3 DCRS_-_São_Francisco_de_Paula/Cambará_do_Sul_(865_m) -999.9 -999.9 -999.9 -999.9 -999.9 12.7 10.6 1.0 Rio_Grande_do_Sul DCRS -999.9 0.0 0.0 861.23 861.23 861.1 1 0.03 861.23 861.23 861.23 861.23
-29.264900 -50.314899 DCRS-00084 2026-09-22_03:13 11.7 -999.9 -999.9 93.8 -999.9 -999.9 10.7 -999.9 -999.9 -999.9 -999.9 -999.9 15.7 -999.9 19.7 0.0 0.0 0.0 0.0 0.0 0.0 0.0 13.0 11.4 98.2 93.7 24.3 DCRS_-_São_Francisco_de_Paula/Cambará_do_Sul_(865_m) -999.9 -999.9 -999.9 -999.9 -999.9 12.7 10.6 1.0 Rio_Grande_do_Sul DCRS -999.9 0.0 0.0 861.22 861.23 861.1 1 0.02 861.23 861.23 861.23 861.23
-29.264900 -50.314899 DCRS-00084 2026-09-22_03:14 11.7 -999.9 -999.9 93.8 -999.9 -999.9 10.7 -999.9 -999.9 -999.9 -999.9 -999.9 12.6 -999.9 19.7 0.0 0.0 0.0 0.0 0.0 0.0 0.0 13.0 11.4 98.2 93.7 24.3 DCRS_-_São_Francisco_de_Paula/Cambará_do_Sul_(865_m) -999.9 -999.9 -999.9 -999.9 -999.9 12.7 10.6 1.0 Rio_Grande_do_Sul DCRS -999.9 0.0 0.0 861.22 861.23 861.1 1 0.02 861.23 861.23 861.23 861.23
-29.264900 -50.314899 DCRS-00084 2026-09-22_03:15 11.7 -999.9 -999.9 93.5 -999.9 -999.9 10.7 -999.9 -999.9 -999.9 -999.9 -999.9 10.3 -999.9 19.0 0.0 0.0 0.0 0.0 0.0 0.0 0.0 13.0 11.4 98.2 93.5 24.3 DCRS_-_São_Francisco_de_Paula/Cambará_do_Sul_(865_m) -999.9 -999.9 -999.9 -999.9 -999.9 12.7 10.6 1.0 Rio_Grande_do_Sul DCRS -999.9 0.0 0.0 861.22 861.23 861.1 1 0.03 861.23 861.23 861.23 861.23
-29.264900 -50.314899 DCRS-00084 2026-09-22_03:16 11.7 -999.9 -999.9 93.5 -999.9 -999.9 10.7 -999.9 -999.9 -999.9 -999.9 -999.9 14.2 -999.9 19.0 0.0 0.0 0.0 0.0 0.0 0.0 0.0 13.0 11.4 98.2 93.5 24.3 DCRS_-_São_Francisco_de_Paula/Cambará_do_Sul_(865_m) -999.9 -999.9 -999.9 -999.9 -999.9 12.7 10.6 1.0 Rio_Grande_do_Sul DCRS -999.9 0.0 0.0 861.22 861.23 861.1 1 0.02 861.23 861.23 861.23 861.23
-29.264900 -50.314899 DCRS-00084 2026-09-22_03:17 11.7 -999.9 -999.9 93.5 -999.9 -999.9 10.7 -999.9 -999.9 -999.9 -999.9 -999.9 12.2 -999.9 19.0 0.0 0.0 0.0 0.0 0.0 0.0 0.0 13.0 11.4 98.2 93.5 24.3 DCRS_-_São_Francisco_de_Paula/Cambará_do_Sul_(865_m) -999.9 -999.9 -999.9 -999.9 -999.9 12.7 10.6 1.0 Rio_Grande_do_Sul DCRS -999.9 0.0 0.0 861.2 861.23 861.1 1 0.0 861.23 861.23 861.23 861.23
-29.264900 -50.314899 DCRS-00084 2026-09-22_03:18 11.7 -999.9 -999.9 93.5 -999.9 -999.9 10.7 -999.9 -999.9 -999.9 -999.9 -999.9 7.4 -999.9 19.0 0.0 0.0 0.0 0.0 0.0 0.0 0.0 13.0 11.4 98.2 93.5 24.3 DCRS_-_São_Francisco_de_Paula/Cambará_do_Sul_(865_m) -999.9 -999.9 -999.9 -999.9 -999.9 12.7 10.6 1.0 Rio_Grande_do_Sul DCRS -999.9 0.0 0.0 861.23 861.23 861.1 1 0.03 861.23 861.23 861.23 861.23
-29.264900 -50.314899 DCRS-00084 2026-09-22_03:19 11.7 -999.9 -999.9 93.5 -999.9 -999.9 10.7 -999.9 -999.9 -999.9 -999.9 -999.9 9.8 -999.9 19.0 0.0 0.0 0.0 0.0 0.0 0.0 0.0 13.0 11.4 98.2 93.5 24.3 DCRS_-_São_Francisco_de_Paula/Cambará_do_Sul_(865_m) -999.9 -999.9 -999.9 -999.9 -999.9 12.7 10.6 1.0 Rio_Grande_do_Sul DCRS -999.9 0.0 0.0 861.21 861.23 861.1 1 0.01 861.23 861.23 861.23 861.23
-29.264900 -50.314899 DCRS-00084 2026-09-22_03:20 11.7 -999.9 -999.9 93.6 -999.9 -999.9 10.7 -999.9 -999.9 -999.9 -999.9 -999.9 6.4 -999.9 17.2 0.0 0.0 0.0 0.0 0.0 0.0 0.0 13.0 11.4 98.2 93.5 24.3 DCRS_-_São_Francisco_de_Paula/Cambará_do_Sul_(865_m) -999.9 -999.9 -999.9 -999.9 -999.9 12.7 10.6 1.0 Rio_Grande_do_Sul DCRS -999.9 0.0 0.0 861.22 861.23 861.1 1 0.02 861.23 861.23 861.23 861.23
-29.264900 -50.314899 DCRS-00084 2026-09-22_03:21 11.7 -999.9 -999.9 93.6 -999.9 -999.9 10.7 -999.9 -999.9 -999.9 -999.9 -999.9 7.1 -999.9 17.2 0.0 0.0 0.0 0.0 0.0 0.0 0.0 13.0 11.4 98.2 93.5 24.3 DCRS_-_São_Francisco_de_Paula/Cambará_do_Sul_(865_m) -999.9 -999.9 -999.9 -999.9 -999.9 12.7 10.6 1.0 Rio_Grande_do_Sul DCRS -999.9 0.0 0.0 861.22 861.23 861.1 1 0.03 861.23 861.23 861.23 861.23
-29.264900 -50.314899 DCRS-00084 2026-09-22_03:22 11.6 -999.9 -999.9 93.7 -999.9 -999.9 10.6 -999.9 -999.9 -999.9 -999.9 -999.9 8.2 -999.9 17.2 0.0 0.0 0.0 0.0 0.0 0.0 0.0 13.0 11.4 98.2 93.5 24.3 DCRS_-_São_Francisco_de_Paula/Cambará_do_Sul_(865_m) -999.9 -999.9 -999.9 -999.9 -999.9 12.7 10.6 1.0 Rio_Grande_do_Sul DCRS -999.9 0.0 0.0 861.23 861.23 861.1 1 0.03 861.23 861.23 861.23 861.23
-29.264900 -50.314899 DCRS-00084 2026-09-22_03:23 11.6 -999.9 -999.9 93.7 -999.9 -999.9 10.6 -999.9 -999.9 -999.9 -999.9 -999.9 14.3 -999.9 17.2 0.0 0.0 0.0 0.0 0.0 0.0 0.0 13.0 11.4 98.2 93.5 24.3 DCRS_-_São_Francisco_de_Paula/Cambará_do_Sul_(865_m) -999.9 -999.9 -999.9 -999.9 -999.9 12.7 10.6 1.0 Rio_Grande_do_Sul DCRS -999.9 0.0 0.0 861.23 861.23 861.1 1 0.03 861.23 861.23 861.23 861.23
-29.264900 -50.314899 DCRS-00084 2026-09-22_03:24 11.6 -999.9 -999.9 94.0 -999.9 -999.9 10.7 -999.9 -999.9 -999.9 -999.9 -999.9 8.1 -999.9 17.2 0.0 0.0 0.0 0.0 0.0 0.0 0.0 13.0 11.4 98.2 93.5 24.3 DCRS_-_São_Francisco_de_Paula/Cambará_do_Sul_(865_m) -999.9 -999.9 -999.9 -999.9 -999.9 12.7 10.6 1.0 Rio_Grande_do_Sul DCRS -999.9 0.0 0.0 861.2 861.23 861.1 1 0.0 861.23 861.23 861.23 861.23
-29.264900 -50.314899 DCRS-00084 2026-09-22_03:25 11.6 -999.9 -999.9 94.1 -999.9 -999.9 10.7 -999.9 -999.9 -999.9 -999.9 -999.9 5.1 -999.9 14.4 0.0 0.0 0.0 0.0 0.0 0.0 0.0 13.0 11.4 98.2 93.5 24.3 DCRS_-_São_Francisco_de_Paula/Cambará_do_Sul_(865_m) -999.9 -999.9 -999.9 -999.9 -999.9 12.7 10.6 1.0 Rio_Grande_do_Sul DCRS -999.9 0.0 0.0 861.22 861.23 861.1 1 0.03 861.23 861.23 861.23 861.23
-29.264900 -50.314899 DCRS-00084 2026-09-22_03:26 11.6 -999.9 -999.9 94.1 -999.9 -999.9 10.7 -999.9 -999.9 -999.9 -999.9 -999.9 8.0 -999.9 14.4 0.0 0.0 0.0 0.0 0.0 0.0 0.0 13.0 11.4 98.2 93.5 24.3 DCRS_-_São_Francisco_de_Paula/Cambará_do_Sul_(865_m) -999.9 -999.9 -999.9 -999.9 -999.9 12.7 10.6 1.0 Rio_Grande_do_Sul DCRS -999.9 0.0 0.0 861.23 861.23 861.1 1 0.05 861.23 861.23 861.23 861.23
-29.264900 -50.314899 DCRS-00084 2026-09-22_03:27 11.6 -999.9 -999.9 94.3 -999.9 -999.9 10.7 -999.9 -999.9 -999.9 -999.9 -999.9 2.5 -999.9 14.4 0.0 0.0 0.0 0.0 0.0 0.0 0.0 13.0 11.4 98.2 93.5 24.3 DCRS_-_São_Francisco_de_Paula/Cambará_do_Sul_(865_m) -999.9 -999.9 -999.9 -999.9 -999.9 12.7 10.6 1.0 Rio_Grande_do_Sul DCRS -999.9 0.0 0.0 861.24 861.24 861.1 1 0.04 861.24 861.24 861.24 861.24
-29.264900 -50.314899 DCRS-00084 2026-09-22_03:28 11.6 -999.9 -999.9 94.4 -999.9 -999.9 10.7 -999.9 -999.9 -999.9 -999.9 -999.9 2.5 -999.9 14.4 0.0 0.0 0.0 0.0 0.0 0.0 0.0 13.0 11.4 98.2 93.5 24.3 DCRS_-_São_Francisco_de_Paula/Cambará_do_Sul_(865_m) -999.9 -999.9 -999.9 -999.9 -999.9 12.7 10.6 1.0 Rio_Grande_do_Sul DCRS -999.9 0.0 0.0 861.24 861.24 861.1 1 0.03 861.24 861.24 861.24 861.24
-29.264900 -50.314899 DCRS-00084 2026-09-22_03:29 11.6 -999.9 -999.9 94.5 -999.9 -999.9 10.7 -999.9 -999.9 -999.9 -999.9 -999.9 2.8 -999.9 14.4 0.0 0.0 0.0 0.0 0.0 0.0 0.0 13.0 11.4 98.2 93.5 24.3 DCRS_-_São_Francisco_de_Paula/Cambará_do_Sul_(865_m) -999.9 -999.9 -999.9 -999.9 -999.9 12.7 10.6 1.0 Rio_Grande_do_Sul DCRS -999.9 0.0 0.0 861.22 861.24 861.1 1 0.01 861.24 861.24 861.24 861.24
-29.264900 -50.314899 DCRS-00084 2026-09-22_03:30 11.5 -999.9 -999.9 94.5 -999.9 -999.9 10.6 -999.9 -999.9 -999.9 -999.9 -999.9 2.4 -999.9 9.6 0.0 0.0 0.0 0.0 0.0 0.0 0.0 13.0 11.4 98.2 93.5 24.3 DCRS_-_São_Francisco_de_Paula/Cambará_do_Sul_(865_m) -999.9 -999.9 -999.9 -999.9 -999.9 12.7 10.6 1.0 Rio_Grande_do_Sul DCRS -999.9 0.0 0.0 861.23 861.24 861.1 1 0.03 861.24 861.24 861.24 861.24
-29.264900 -50.314899 DCRS-00084 2026-09-22_03:31 11.4 -999.9 -999.9 94.6 -999.9 -999.9 10.6 -999.9 -999.9 -999.9 -999.9 -999.9 4.6 -999.9 9.6 0.0 0.0 0.0 0.0 0.0 0.0 0.0 13.0 11.4 98.2 93.5 24.3 DCRS_-_São_Francisco_de_Paula/Cambará_do_Sul_(865_m) -999.9 -999.9 -999.9 -999.9 -999.9 12.7 10.6 1.0 Rio_Grande_do_Sul DCRS -999.9 0.0 0.0 861.22 861.24 861.1 1 0.01 861.24 861.24 861.24 861.24
-29.264900 -50.314899 DCRS-00084 2026-09-22_03:32 11.5 -999.9 -999.9 94.6 -999.9 -999.9 10.7 -999.9 -999.9 -999.9 -999.9 -999.9 4.0 -999.9 9.6 0.0 0.0 0.0 0.0 0.0 0.0 0.0 13.0 11.4 98.2 93.5 24.3 DCRS_-_São_Francisco_de_Paula/Cambará_do_Sul_(865_m) -999.9 -999.9 -999.9 -999.9 -999.9 12.7 10.6 1.0 Rio_Grande_do_Sul DCRS -999.9 0.0 0.0 861.22 861.24 861.1 1 0.02 861.24 861.24 861.24 861.24
-29.264900 -50.314899 DCRS-00084 2026-09-22_03:33 11.4 -999.9 -999.9 94.6 -999.9 -999.9 10.6 -999.9 -999.9 -999.9 -999.9 -999.9 3.1 -999.9 9.6 0.0 0.0 0.0 0.0 0.0 0.0 0.0 13.0 11.4 98.2 93.5 24.3 DCRS_-_São_Francisco_de_Paula/Cambará_do_Sul_(865_m) -999.9 -999.9 -999.9 -999.9 -999.9 12.7 10.6 1.0 Rio_Grande_do_Sul DCRS -999.9 0.0 0.0 861.22 861.24 861.1 1 0.02 861.24 861.24 861.24 861.24
-29.264900 -50.314899 DCRS-00084 2026-09-22_03:34 11.4 -999.9 -999.9 94.7 -999.9 -999.9 10.6 -999.9 -999.9 -999.9 -999.9 -999.9 2.0 -999.9 9.6 0.0 0.0 0.0 0.0 0.0 0.0 0.0 13.0 11.4 98.2 93.5 24.3 DCRS_-_São_Francisco_de_Paula/Cambará_do_Sul_(865_m) -999.9 -999.9 -999.9 -999.9 -999.9 12.7 10.6 1.0 Rio_Grande_do_Sul DCRS -999.9 0.0 0.0 861.23 861.24 861.1 1 0.03 861.24 861.24 861.24 861.24
-29.264900 -50.314899 DCRS-00084 2026-09-22_03:35 11.4 -999.9 -999.9 94.8 -999.9 -999.9 10.6 -999.9 -999.9 -999.9 -999.9 -999.9 3.2 -999.9 4.9 0.0 0.0 0.0 0.0 0.0 0.0 0.0 13.0 11.4 98.2 93.5 24.3 DCRS_-_São_Francisco_de_Paula/Cambará_do_Sul_(865_m) -999.9 -999.9 -999.9 -999.9 -999.9 12.7 10.6 1.0 Rio_Grande_do_Sul DCRS -999.9 0.0 0.0 861.23 861.24 861.1 1 0.02 861.24 861.24 861.24 861.24
-29.264900 -50.314899 DCRS-00084 2026-09-22_03:36 11.4 -999.9 -999.9 94.8 -999.9 -999.9 10.6 -999.9 -999.9 -999.9 -999.9 -999.9 0.0 -999.9 4.9 0.0 0.0 0.0 0.0 0.0 0.0 0.0 13.0 11.4 98.2 93.5 24.3 DCRS_-_São_Francisco_de_Paula/Cambará_do_Sul_(865_m) -999.9 -999.9 -999.9 -999.9 -999.9 12.7 10.6 1.0 Rio_Grande_do_Sul DCRS -999.9 0.0 0.0 861.23 861.24 861.1 1 0.02 861.24 861.24 861.24 861.24
-29.264900 -50.314899 DCRS-00084 2026-09-22_03:37 11.4 -999.9 -999.9 94.8 -999.9 -999.9 10.6 -999.9 -999.9 -999.9 -999.9 -999.9 0.0 -999.9 4.9 0.0 0.0 0.0 0.0 0.0 0.0 0.0 13.0 11.4 98.2 93.5 24.3 DCRS_-_São_Francisco_de_Paula/Cambará_do_Sul_(865_m) -999.9 -999.9 -999.9 -999.9 -999.9 12.7 10.6 1.0 Rio_Grande_do_Sul DCRS -999.9 0.0 0.0 861.23 861.24 861.1 1 0.02 861.24 861.24 861.24 861.24
-29.264900 -50.314899 DCRS-00084 2026-09-22_03:38 11.3 -999.9 -999.9 94.8 -999.9 -999.9 10.5 -999.9 -999.9 -999.9 -999.9 -999.9 0.0 -999.9 4.9 0.0 0.0 0.0 0.0 0.0 0.0 0.0 13.0 11.3 98.2 93.5 24.3 DCRS_-_São_Francisco_de_Paula/Cambará_do_Sul_(865_m) -999.9 -999.9 -999.9 -999.9 -999.9 12.7 10.5 1.0 Rio_Grande_do_Sul DCRS -999.9 0.0 0.0 861.23 861.24 861.1 1 0.01 861.24 861.24 861.24 861.24
-29.264900 -50.314899 DCRS-00084 2026-09-22_03:39 11.3 -999.9 -999.9 95.0 -999.9 -999.9 10.5 -999.9 -999.9 -999.9 -999.9 -999.9 2.2 -999.9 4.9 0.0 0.0 0.0 0.0 0.0 0.0 0.0 13.0 11.3 98.2 93.5 24.3 DCRS_-_São_Francisco_de_Paula/Cambará_do_Sul_(865_m) -999.9 -999.9 -999.9 -999.9 -999.9 12.7 10.5 1.0 Rio_Grande_do_Sul DCRS -999.9 0.0 0.0 861.23 861.24 861.1 1 0.02 861.24 861.24 861.24 861.24
-29.264900 -50.314899 DCRS-00084 2026-09-22_03:40 11.3 -999.9 -999.9 94.9 -999.9 -999.9 10.5 -999.9 -999.9 -999.9 -999.9 -999.9 2.9 -999.9 4.0 0.0 0.0 0.0 0.0 0.0 0.0 0.0 13.0 11.3 98.2 93.5 24.3 DCRS_-_São_Francisco_de_Paula/Cambará_do_Sul_(865_m) -999.9 -999.9 -999.9 -999.9 -999.9 12.7 10.5 1.0 Rio_Grande_do_Sul DCRS -999.9 0.0 0.0 861.24 861.24 861.1 1 0.03 861.24 861.24 861.24 861.24
-29.264900 -50.314899 DCRS-00084 2026-09-22_03:41 11.3 -999.9 -999.9 94.8 -999.9 -999.9 10.5 -999.9 -999.9 -999.9 -999.9 -999.9 -999.9 -999.9 4.0 0.0 0.0 0.0 0.0 0.0 0.0 0.0 13.0 11.3 98.2 93.5 24.3 DCRS_-_São_Francisco_de_Paula/Cambará_do_Sul_(865_m) -999.9 -999.9 -999.9 -999.9 -999.9 12.7 10.5 1.0 Rio_Grande_do_Sul DCRS -999.9 0.0 0.0 861.24 861.24 861.1 1 0.05 861.24 861.24 861.24 861.24
-29.264900 -50.314899 DCRS-00084 2026-09-22_03:42 11.2 -999.9 -999.9 94.7 -999.9 -999.9 10.4 -999.9 -999.9 -999.9 -999.9 -999.9 -999.9 -999.9 4.0 0.0 0.0 0.0 0.0 0.0 0.0 0.0 13.0 11.2 98.2 93.5 24.3 DCRS_-_São_Francisco_de_Paula/Cambará_do_Sul_(865_m) -999.9 -999.9 -999.9 -999.9 -999.9 12.7 10.4 1.0 Rio_Grande_do_Sul DCRS -999.9 0.0 0.0 861.23 861.24 861.1 1 0.04 861.24 861.24 861.24 861.24
-29.264900 -50.314899 DCRS-00084 2026-09-22_03:43 11.2 -999.9 -999.9 94.7 -999.9 -999.9 10.4 -999.9 -999.9 -999.9 -999.9 -999.9 -999.9 -999.9 4.0 0.0 0.0 0.0 0.0 0.0 0.0 0.0 13.0 11.2 98.2 93.5 24.3 DCRS_-_São_Francisco_de_Paula/Cambará_do_Sul_(865_m) -999.9 -999.9 -999.9 -999.9 -999.9 12.7 10.4 1.0 Rio_Grande_do_Sul DCRS -999.9 0.0 0.0 861.22 861.24 861.1 1 0.01 861.24 861.24 861.24 861.24
-29.264900 -50.314899 DCRS-00084 2026-09-22_03:44 11.2 -999.9 -999.9 94.8 -999.9 -999.9 10.4 -999.9 -999.9 -999.9 -999.9 -999.9 2.6 -999.9 4.0 0.0 0.0 0.0 0.0 0.0 0.0 0.0 13.0 11.2 98.2 93.5 24.3 DCRS_-_São_Francisco_de_Paula/Cambará_do_Sul_(865_m) -999.9 -999.9 -999.9 -999.9 -999.9 12.7 10.4 1.0 Rio_Grande_do_Sul DCRS -999.9 0.0 0.0 861.24 861.24 861.1 1 0.04 861.24 861.24 861.24 861.24
-29.264900 -50.314899 DCRS-00084 2026-09-22_03:45 11.2 -999.9 -999.9 94.6 -999.9 -999.9 10.4 -999.9 -999.9 -999.9 -999.9 -999.9 3.2 -999.9 6.7 0.0 0.0 0.0 0.0 0.0 0.0 0.0 13.0 11.2 98.2 93.5 24.3 DCRS_-_São_Francisco_de_Paula/Cambará_do_Sul_(865_m) -999.9 -999.9 -999.9 -999.9 -999.9 12.7 10.4 1.0 Rio_Grande_do_Sul DCRS -999.9 0.0 0.0 861.24 861.24 861.1 1 0.04 861.24 861.24 861.24 861.24
-29.264900 -50.314899 DCRS-00084 2026-09-22_03:46 11.2 -999.9 -999.9 94.6 -999.9 -999.9 10.4 -999.9 -999.9 -999.9 -999.9 -999.9 -999.9 -999.9 6.7 0.0 0.0 0.0 0.0 0.0 0.0 0.0 13.0 11.2 98.2 93.5 24.3 DCRS_-_São_Francisco_de_Paula/Cambará_do_Sul_(865_m) -999.9 -999.9 -999.9 -999.9 -999.9 12.7 10.4 1.0 Rio_Grande_do_Sul DCRS -999.9 0.0 0.0 861.25 861.25 861.1 1 0.03 861.25 861.25 861.25 861.25
-29.264900 -50.314899 DCRS-00084 2026-09-22_03:47 11.1 -999.9 -999.9 94.5 -999.9 -999.9 10.2 -999.9 -999.9 -999.9 -999.9 -999.9 5.0 -999.9 6.7 0.0 0.0 0.0 0.0 0.0 0.0 0.0 13.0 11.1 98.2 93.5 24.3 DCRS_-_São_Francisco_de_Paula/Cambará_do_Sul_(865_m) -999.9 -999.9 -999.9 -999.9 -999.9 12.7 10.2 1.0 Rio_Grande_do_Sul DCRS -999.9 0.0 0.0 861.23 861.25 861.1 1 0.01 861.25 861.25 861.25 861.25
-29.264900 -50.314899 DCRS-00084 2026-09-22_03:48 11.1 -999.9 -999.9 94.4 -999.9 -999.9 10.2 -999.9 -999.9 -999.9 -999.9 -999.9 4.0 -999.9 6.7 0.0 0.0 0.0 0.0 0.0 0.0 0.0 13.0 11.1 98.2 93.5 24.3 DCRS_-_São_Francisco_de_Paula/Cambará_do_Sul_(865_m) -999.9 -999.9 -999.9 -999.9 -999.9 12.7 10.2 1.0 Rio_Grande_do_Sul DCRS -999.9 0.0 0.0 861.24 861.25 861.1 1 0.03 861.25 861.25 861.25 861.25
-29.264900 -50.314899 DCRS-00084 2026-09-22_03:49 11.1 -999.9 -999.9 94.4 -999.9 -999.9 10.2 -999.9 -999.9 -999.9 -999.9 -999.9 6.3 -999.9 6.7 0.0 0.0 0.0 0.0 0.0 0.0 0.0 13.0 11.1 98.2 93.5 24.3 DCRS_-_São_Francisco_de_Paula/Cambará_do_Sul_(865_m) -999.9 -999.9 -999.9 -999.9 -999.9 12.7 10.2 1.0 Rio_Grande_do_Sul DCRS -999.9 0.0 0.0 861.24 861.25 861.1 1 0.03 861.25 861.25 861.25 861.25
-29.264900 -50.314899 DCRS-00084 2026-09-22_03:50 11.0 -999.9 -999.9 94.3 -999.9 -999.9 10.1 -999.9 -999.9 -999.9 -999.9 -999.9 6.0 -999.9 15.7 0.0 0.0 0.0 0.0 0.0 0.0 0.0 13.0 11.0 98.2 93.5 24.3 DCRS_-_São_Francisco_de_Paula/Cambará_do_Sul_(865_m) -999.9 -999.9 -999.9 -999.9 -999.9 12.7 10.1 1.0 Rio_Grande_do_Sul DCRS -999.9 0.0 0.0 861.24 861.25 861.1 1 0.03 861.25 861.25 861.25 861.25
-29.264900 -50.314899 DCRS-00084 2026-09-22_03:51 11.1 -999.9 -999.9 94.3 -999.9 -999.9 10.2 -999.9 -999.9 -999.9 -999.9 -999.9 3.9 -999.9 15.7 0.0 0.0 0.0 0.0 0.0 0.0 0.0 13.0 11.0 98.2 93.5 24.3 DCRS_-_São_Francisco_de_Paula/Cambará_do_Sul_(865_m) -999.9 -999.9 -999.9 -999.9 -999.9 12.7 10.1 1.0 Rio_Grande_do_Sul DCRS -999.9 0.0 0.0 861.24 861.25 861.1 1 0.04 861.25 861.25 861.25 861.25
-29.264900 -50.314899 DCRS-00084 2026-09-22_03:52 11.1 -999.9 -999.9 94.2 -999.9 -999.9 10.2 -999.9 -999.9 -999.9 -999.9 -999.9 7.4 -999.9 15.7 0.0 0.0 0.0 0.0 0.0 0.0 0.0 13.0 11.0 98.2 93.5 24.3 DCRS_-_São_Francisco_de_Paula/Cambará_do_Sul_(865_m) -999.9 -999.9 -999.9 -999.9 -999.9 12.7 10.1 1.0 Rio_Grande_do_Sul DCRS -999.9 0.0 0.0 861.25 861.25 861.1 1 0.04 861.25 861.25 861.25 861.25
-29.264900 -50.314899 DCRS-00084 2026-09-22_03:53 11.0 -999.9 -999.9 94.2 -999.9 -999.9 10.1 -999.9 -999.9 -999.9 -999.9 -999.9 5.6 -999.9 15.7 0.0 0.0 0.0 0.0 0.0 0.0 0.0 13.0 11.0 98.2 93.5 24.3 DCRS_-_São_Francisco_de_Paula/Cambará_do_Sul_(865_m) -999.9 -999.9 -999.9 -999.9 -999.9 12.7 10.1 1.0 Rio_Grande_do_Sul DCRS -999.9 0.0 0.0 861.23 861.25 861.1 1 0.02 861.25 861.25 861.25 861.25
-29.264900 -50.314899 DCRS-00084 2026-09-22_03:54 11.1 -999.9 -999.9 94.0 -999.9 -999.9 10.2 -999.9 -999.9 -999.9 -999.9 -999.9 8.0 -999.9 15.7 0.0 0.0 0.0 0.0 0.0 0.0 0.0 13.0 11.0 98.2 93.5 24.3 DCRS_-_São_Francisco_de_Paula/Cambará_do_Sul_(865_m) -999.9 -999.9 -999.9 -999.9 -999.9 12.7 10.1 1.0 Rio_Grande_do_Sul DCRS -999.9 0.0 0.0 861.24 861.25 861.1 1 0.04 861.25 861.25 861.25 861.25
-29.264900 -50.314899 DCRS-00084 2026-09-22_03:55 11.0 -999.9 -999.9 93.9 -999.9 -999.9 10.0 -999.9 -999.9 -999.9 -999.9 -999.9 3.6 -999.9 8.9 0.0 0.0 0.0 0.0 0.0 0.0 0.0 13.0 11.0 98.2 93.5 24.3 DCRS_-_São_Francisco_de_Paula/Cambará_do_Sul_(865_m) -999.9 -999.9 -999.9 -999.9 -999.9 12.7 10.0 1.0 Rio_Grande_do_Sul DCRS -999.9 0.0 0.0 861.25 861.25 861.1 1 0.04 861.25 861.25 861.25 861.25
-29.264900 -50.314899 DCRS-00084 2026-09-22_03:56 11.0 -999.9 -999.9 93.9 -999.9 -999.9 10.0 -999.9 -999.9 -999.9 -999.9 -999.9 0.0 -999.9 8.9 0.0 0.0 0.0 0.0 0.0 0.0 0.0 13.0 11.0 98.2 93.5 24.3 DCRS_-_São_Francisco_de_Paula/Cambará_do_Sul_(865_m) -999.9 -999.9 -999.9 -999.9 -999.9 12.7 10.0 1.0 Rio_Grande_do_Sul DCRS -999.9 0.0 0.0 861.25 861.25 861.1 1 0.03 861.25 861.25 861.25 861.25
-29.264900 -50.314899 DCRS-00084 2026-09-22_03:57 11.0 -999.9 -999.9 93.8 -999.9 -999.9 10.0 -999.9 -999.9 -999.9 -999.9 -999.9 0.0 -999.9 8.9 0.0 0.0 0.0 0.0 0.0 0.0 0.0 13.0 11.0 98.2 93.5 24.3 DCRS_-_São_Francisco_de_Paula/Cambará_do_Sul_(865_m) -999.9 -999.9 -999.9 -999.9 -999.9 12.7 10.0 1.0 Rio_Grande_do_Sul DCRS -999.9 0.0 0.0 861.24 861.25 861.1 1 0.02 861.25 861.25 861.25 861.25
-29.264900 -50.314899 DCRS-00084 2026-09-22_03:58 11.0 -999.9 -999.9 94.0 -999.9 -999.9 10.1 -999.9 -999.9 -999.9 -999.9 -999.9 5.9 -999.9 8.9 0.0 0.0 0.0 0.0 0.0 0.0 0.0 13.0 11.0 98.2 93.5 24.3 DCRS_-_São_Francisco_de_Paula/Cambará_do_Sul_(865_m) -999.9 -999.9 -999.9 -999.9 -999.9 12.7 10.0 1.0 Rio_Grande_do_Sul DCRS -999.9 0.0 0.0 861.25 861.25 861.1 1 0.03 861.25 861.25 861.25 861.25
-29.264900 -50.314899 DCRS-00084 2026-09-22_03:59 10.9 -999.9 -999.9 94.0 -999.9 -999.9 10.0 -999.9 -999.9 -999.9 -999.9 -999.9 3.5 -999.9 8.9 0.0 0.0 0.0 0.0 0.0 0.0 0.0 13.0 10.9 98.2 93.5 24.3 DCRS_-_São_Francisco_de_Paula/Cambará_do_Sul_(865_m) -999.9 -999.9 -999.9 -999.9 -999.9 12.7 10.0 1.0 Rio_Grande_do_Sul DCRS -999.9 0.0 0.0 861.24 861.25 861.1 1 0.02 861.25 861.25 861.25 861.25
-29.264900 -50.314899 DCRS-00084 2026-09-22_04:00 10.9 -999.9 -999.9 94.1 -999.9 -999.9 10.0 -999.9 -999.9 -999.9 -999.9 -999.9 -999.9 -999.9 10.1 0.0 0.0 0.0 0.0 0.0 0.0 0.0 13.0 10.9 98.2 93.5 24.3 DCRS_-_São_Francisco_de_Paula/Cambará_do_Sul_(865_m) -999.9 -999.9 -999.9 -999.9 -999.9 12.7 10.0 1.0 Rio_Grande_do_Sul DCRS -999.9 0.0 0.0 861.25 861.25 861.1 1 0.03 861.25 861.25 861.25 861.25
-29.264900 -50.314899 DCRS-00084 2026-09-22_04:01 10.9 -999.9 -999.9 94.2 -999.9 -999.9 10.0 -999.9 -999.9 -999.9 -999.9 -999.9 -999.9 -999.9 10.1 0.0 0.0 0.0 0.0 0.0 0.0 0.0 13.0 10.9 98.2 93.5 24.3 DCRS_-_São_Francisco_de_Paula/Cambará_do_Sul_(865_m) -999.9 -999.9 -999.9 -999.9 -999.9 12.7 10.0 1.0 Rio_Grande_do_Sul DCRS -999.9 0.0 0.0 861.25 861.25 861.1 1 0.03 861.25 861.25 861.25 861.25
-29.264900 -50.314899 DCRS-00084 2026-09-22_04:02 10.9 -999.9 -999.9 94.2 -999.9 -999.9 10.0 -999.9 -999.9 -999.9 -999.9 -999.9 4.4 -999.9 10.1 0.0 0.0 0.0 0.0 0.0 0.0 0.0 13.0 10.9 98.2 93.5 24.3 DCRS_-_São_Francisco_de_Paula/Cambará_do_Sul_(865_m) -999.9 -999.9 -999.9 -999.9 -999.9 12.7 10.0 1.0 Rio_Grande_do_Sul DCRS -999.9 0.0 0.0 861.24 861.25 861.1 1 0.02 861.25 861.25 861.25 861.25
-29.264900 -50.314899 DCRS-00084 2026-09-22_04:03 10.9 -999.9 -999.9 94.2 -999.9 -999.9 10.0 -999.9 -999.9 -999.9 -999.9 -999.9 6.6 -999.9 10.1 0.0 0.0 0.0 0.0 0.0 0.0 0.0 13.0 10.9 98.2 93.5 24.3 DCRS_-_São_Francisco_de_Paula/Cambará_do_Sul_(865_m) -999.9 -999.9 -999.9 -999.9 -999.9 12.7 10.0 1.0 Rio_Grande_do_Sul DCRS -999.9 0.0 0.0 861.24 861.25 861.1 1 0.02 861.25 861.25 861.25 861.25
-29.264900 -50.314899 DCRS-00084 2026-09-22_04:04 10.9 -999.9 -999.9 94.1 -999.9 -999.9 10.0 -999.9 -999.9 -999.9 -999.9 -999.9 3.8 -999.9 10.1 0.0 0.0 0.0 0.0 0.0 0.0 0.0 13.0 10.9 98.2 93.5 24.3 DCRS_-_São_Francisco_de_Paula/Cambará_do_Sul_(865_m) -999.9 -999.9 -999.9 -999.9 -999.9 12.7 10.0 1.0 Rio_Grande_do_Sul DCRS -999.9 0.0 0.0 861.26 861.26 861.1 1 0.05 861.26 861.26 861.26 861.26
-29.264900 -50.314899 DCRS-00084 2026-09-22_04:05 10.9 -999.9 -999.9 94.2 -999.9 -999.9 10.0 -999.9 -999.9 -999.9 -999.9 -999.9 3.2 -999.9 13.9 0.0 0.0 0.0 0.0 0.0 0.0 0.0 13.0 10.9 98.2 93.5 24.3 DCRS_-_São_Francisco_de_Paula/Cambará_do_Sul_(865_m) -999.9 -999.9 -999.9 -999.9 -999.9 12.7 10.0 1.0 Rio_Grande_do_Sul DCRS -999.9 0.0 0.0 861.25 861.26 861.1 1 0.03 861.26 861.26 861.26 861.26
-29.264900 -50.314899 DCRS-00084 2026-09-22_04:06 10.8 -999.9 -999.9 94.3 -999.9 -999.9 9.9 -999.9 -999.9 -999.9 -999.9 -999.9 3.4 -999.9 13.9 0.0 0.0 0.0 0.0 0.0 0.0 0.0 13.0 10.8 98.2 93.5 24.3 DCRS_-_São_Francisco_de_Paula/Cambará_do_Sul_(865_m) -999.9 -999.9 -999.9 -999.9 -999.9 12.7 9.9 1.0 Rio_Grande_do_Sul DCRS -999.9 0.0 0.0 861.25 861.26 861.1 1 0.03 861.26 861.26 861.26 861.26
-29.264900 -50.314899 DCRS-00084 2026-09-22_04:07 10.8 -999.9 -999.9 94.3 -999.9 -999.9 9.9 -999.9 -999.9 -999.9 -999.9 -999.9 5.6 -999.9 13.9 0.0 0.0 0.0 0.0 0.0 0.0 0.0 13.0 10.8 98.2 93.5 24.3 DCRS_-_São_Francisco_de_Paula/Cambará_do_Sul_(865_m) -999.9 -999.9 -999.9 -999.9 -999.9 12.7 9.9 1.0 Rio_Grande_do_Sul DCRS -999.9 0.0 0.0 861.24 861.26 861.1 1 0.02 861.26 861.26 861.26 861.26
-29.264900 -50.314899 DCRS-00084 2026-09-22_04:08 10.9 -999.9 -999.9 94.5 -999.9 -999.9 10.0 -999.9 -999.9 -999.9 -999.9 -999.9 4.0 -999.9 13.9 0.0 0.0 0.0 0.0 0.0 0.0 0.0 13.0 10.8 98.2 93.5 24.3 DCRS_-_São_Francisco_de_Paula/Cambará_do_Sul_(865_m) -999.9 -999.9 -999.9 -999.9 -999.9 12.7 9.9 1.0 Rio_Grande_do_Sul DCRS -999.9 0.0 0.0 861.24 861.26 861.1 1 0.02 861.26 861.26 861.26 861.26
-29.264900 -50.314899 DCRS-00084 2026-09-22_04:09 10.9 -999.9 -999.9 94.4 -999.9 -999.9 10.0 -999.9 -999.9 -999.9 -999.9 -999.9 11.2 -999.9 13.9 0.0 0.0 0.0 0.0 0.0 0.0 0.0 13.0 10.8 98.2 93.5 24.3 DCRS_-_São_Francisco_de_Paula/Cambará_do_Sul_(865_m) -999.9 -999.9 -999.9 -999.9 -999.9 12.7 9.9 1.0 Rio_Grande_do_Sul DCRS -999.9 0.0 0.0 861.24 861.26 861.1 1 0.02 861.26 861.26 861.26 861.26
-29.264900 -50.314899 DCRS-00084 2026-09-22_04:10 10.8 -999.9 -999.9 94.1 -999.9 -999.9 9.9 -999.9 -999.9 -999.9 -999.9 -999.9 -999.9 -999.9 14.2 0.0 0.0 0.0 0.0 0.0 0.0 0.0 13.0 10.8 98.2 93.5 24.3 DCRS_-_São_Francisco_de_Paula/Cambará_do_Sul_(865_m) -999.9 -999.9 -999.9 -999.9 -999.9 12.7 9.9 1.0 Rio_Grande_do_Sul DCRS -999.9 0.0 0.0 861.25 861.26 861.1 1 0.04 861.26 861.26 861.26 861.26
-29.264900 -50.314899 DCRS-00084 2026-09-22_04:11 10.7 -999.9 -999.9 92.8 -999.9 -999.9 9.6 -999.9 -999.9 -999.9 -999.9 -999.9 7.7 -999.9 14.2 0.0 0.0 0.0 0.0 0.0 0.0 0.0 13.0 10.7 98.2 92.8 24.3 DCRS_-_São_Francisco_de_Paula/Cambará_do_Sul_(865_m) -999.9 -999.9 -999.9 -999.9 -999.9 12.7 9.6 1.0 Rio_Grande_do_Sul DCRS -999.9 0.0 0.0 861.25 861.26 861.1 1 0.05 861.26 861.26 861.26 861.26
-29.264900 -50.314899 DCRS-00084 2026-09-22_04:12 10.6 -999.9 -999.9 92.2 -999.9 -999.9 9.4 -999.9 -999.9 -999.9 -999.9 -999.9 11.5 -999.9 14.2 0.0 0.0 0.0 0.0 0.0 0.0 0.0 13.0 10.6 98.2 92.2 24.3 DCRS_-_São_Francisco_de_Paula/Cambará_do_Sul_(865_m) -999.9 -999.9 -999.9 -999.9 -999.9 12.7 9.4 1.0 Rio_Grande_do_Sul DCRS -999.9 0.0 0.0 861.22 861.26 861.1 1 -0.01 861.26 861.26 861.26 861.26
-29.264900 -50.314899 DCRS-00084 2026-09-22_04:13 10.5 -999.9 -999.9 91.5 -999.9 -999.9 9.2 -999.9 -999.9 -999.9 -999.9 -999.9 -999.9 -999.9 14.2 0.0 0.0 0.0 0.0 0.0 0.0 0.0 13.0 10.5 98.2 91.5 24.3 DCRS_-_São_Francisco_de_Paula/Cambará_do_Sul_(865_m) -999.9 -999.9 -999.9 -999.9 -999.9 12.7 9.2 1.0 Rio_Grande_do_Sul DCRS -999.9 0.0 0.0 861.21 861.26 861.1 1 -0.01 861.26 861.26 861.26 861.26
-29.264900 -50.314899 DCRS-00084 2026-09-22_04:14 10.3 -999.9 -999.9 89.8 -999.9 -999.9 8.7 -999.9 -999.9 -999.9 -999.9 -999.9 -999.9 -999.9 14.2 0.0 0.0 0.0 0.0 0.0 0.0 0.0 13.0 10.3 98.2 89.8 24.3 DCRS_-_São_Francisco_de_Paula/Cambará_do_Sul_(865_m) -999.9 -999.9 -999.9 -999.9 -999.9 12.7 8.7 1.0 Rio_Grande_do_Sul DCRS -999.9 0.0 0.0 861.26 861.26 861.1 1 0.04 861.26 861.26 861.26 861.26
-29.264900 -50.314899 DCRS-00084 2026-09-22_04:15 10.2 -999.9 -999.9 89.1 -999.9 -999.9 8.5 -999.9 -999.9 -999.9 -999.9 -999.9 29.0 -999.9 32.5 0.0 0.0 0.0 0.0 0.0 0.0 0.0 13.0 10.2 98.2 89.1 32.5 DCRS_-_São_Francisco_de_Paula/Cambará_do_Sul_(865_m) -999.9 -999.9 -999.9 -999.9 -999.9 12.7 8.5 1.0 Rio_Grande_do_Sul DCRS -999.9 0.0 0.0 861.25 861.26 861.1 1 0.03 861.26 861.26 861.26 861.26
-29.264900 -50.314899 DCRS-00084 2026-09-22_04:16 10.0 -999.9 -999.9 89.0 -999.9 -999.9 8.3 -999.9 -999.9 -999.9 -999.9 -999.9 21.9 -999.9 32.5 0.0 0.0 0.0 0.0 0.0 0.0 0.0 13.0 10.0 98.2 89.0 32.5 DCRS_-_São_Francisco_de_Paula/Cambará_do_Sul_(865_m) -999.9 -999.9 -999.9 -999.9 -999.9 12.7 8.3 1.0 Rio_Grande_do_Sul DCRS -999.9 0.0 0.0 861.26 861.26 861.1 1 0.04 861.26 861.26 861.26 861.26
-29.264900 -50.314899 DCRS-00084 2026-09-22_04:17 10.0 -999.9 -999.9 89.4 -999.9 -999.9 8.3 -999.9 -999.9 -999.9 -999.9 -999.9 15.6 -999.9 32.5 0.0 0.0 0.0 0.0 0.0 0.0 0.0 13.0 10.0 98.2 89.0 32.5 DCRS_-_São_Francisco_de_Paula/Cambará_do_Sul_(865_m) -999.9 -999.9 -999.9 -999.9 -999.9 12.7 8.3 1.0 Rio_Grande_do_Sul DCRS -999.9 0.0 0.0 861.26 861.26 861.1 1 0.06 861.26 861.26 861.26 861.26
-29.264900 -50.314899 DCRS-00084 2026-09-22_04:18 9.8 -999.9 -999.9 90.0 -999.9 -999.9 8.2 -999.9 -999.9 -999.9 -999.9 -999.9 5.5 -999.9 32.5 0.0 0.0 0.0 0.0 0.0 0.0 0.0 13.0 9.8 98.2 89.0 32.5 DCRS_-_São_Francisco_de_Paula/Cambará_do_Sul_(865_m) -999.9 -999.9 -999.9 -999.9 -999.9 12.7 8.2 1.0 Rio_Grande_do_Sul DCRS -999.9 0.0 0.0 861.26 861.26 861.1 1 0.03 861.26 861.26 861.26 861.26
-29.264900 -50.314899 DCRS-00084 2026-09-22_04:19 9.8 -999.9 -999.9 89.9 -999.9 -999.9 8.2 -999.9 -999.9 -999.9 -999.9 -999.9 28.7 -999.9 32.5 0.0 0.0 0.0 0.0 0.0 0.0 0.0 13.0 9.8 98.2 89.0 32.5 DCRS_-_São_Francisco_de_Paula/Cambará_do_Sul_(865_m) -999.9 -999.9 -999.9 -999.9 -999.9 12.7 8.2 1.0 Rio_Grande_do_Sul DCRS -999.9 0.0 0.0 861.25 861.26 861.1 1 0.04 861.26 861.26 861.26 861.26
-29.264900 -50.314899 DCRS-00084 2026-09-22_04:20 9.7 -999.9 -999.9 88.9 -999.9 -999.9 7.9 -999.9 -999.9 -999.9 -999.9 -999.9 12.4 -999.9 30.3 0.0 0.0 0.0 0.0 0.0 0.0 0.0 13.0 9.7 98.2 88.9 32.5 DCRS_-_São_Francisco_de_Paula/Cambará_do_Sul_(865_m) -999.9 -999.9 -999.9 -999.9 -999.9 12.7 7.9 1.0 Rio_Grande_do_Sul DCRS -999.9 0.0 0.0 861.25 861.26 861.1 1 0.03 861.26 861.26 861.26 861.26
-29.264900 -50.314899 DCRS-00084 2026-09-22_04:21 9.5 -999.9 -999.9 88.4 -999.9 -999.9 7.7 -999.9 -999.9 -999.9 -999.9 -999.9 11.7 -999.9 30.3 0.0 0.0 0.0 0.0 0.0 0.0 0.0 13.0 9.5 98.2 88.4 32.5 DCRS_-_São_Francisco_de_Paula/Cambará_do_Sul_(865_m) -999.9 -999.9 -999.9 -999.9 -999.9 12.7 7.7 1.0 Rio_Grande_do_Sul DCRS -999.9 0.0 0.0 861.26 861.26 861.1 1 0.04 861.26 861.26 861.26 861.26
-29.264900 -50.314899 DCRS-00084 2026-09-22_04:22 9.4 -999.9 -999.9 88.1 -999.9 -999.9 7.5 -999.9 -999.9 -999.9 -999.9 -999.9 9.9 -999.9 30.3 0.0 0.0 0.0 0.0 0.0 0.0 0.0 13.0 9.4 98.2 88.1 32.5 DCRS_-_São_Francisco_de_Paula/Cambará_do_Sul_(865_m) -999.9 -999.9 -999.9 -999.9 -999.9 12.7 7.5 1.0 Rio_Grande_do_Sul DCRS -999.9 0.0 0.0 861.25 861.26 861.1 1 0.02 861.26 861.26 861.26 861.26
-29.264900 -50.314899 DCRS-00084 2026-09-22_04:23 9.3 -999.9 -999.9 87.8 -999.9 -999.9 7.4 -999.9 -999.9 -999.9 -999.9 -999.9 16.0 -999.9 30.3 0.0 0.0 0.0 0.0 0.0 0.0 0.0 13.0 9.3 98.2 87.8 32.5 DCRS_-_São_Francisco_de_Paula/Cambará_do_Sul_(865_m) -999.9 -999.9 -999.9 -999.9 -999.9 12.7 7.4 1.0 Rio_Grande_do_Sul DCRS -999.9 0.0 0.0 861.26 861.26 861.1 1 0.03 861.26 861.26 861.26 861.26
-29.264900 -50.314899 DCRS-00084 2026-09-22_04:24 9.2 -999.9 -999.9 87.8 -999.9 -999.9 7.3 -999.9 -999.9 -999.9 -999.9 -999.9 24.1 -999.9 30.3 0.0 0.0 0.0 0.0 0.0 0.0 0.0 13.0 9.2 98.2 87.8 32.5 DCRS_-_São_Francisco_de_Paula/Cambará_do_Sul_(865_m) -999.9 -999.9 -999.9 -999.9 -999.9 12.7 7.3 1.0 Rio_Grande_do_Sul DCRS -999.9 0.0 0.0 861.25 861.26 861.1 1 0.05 861.26 861.26 861.26 861.26
-29.264900 -50.314899 DCRS-00084 2026-09-22_04:25 9.1 -999.9 -999.9 87.8 -999.9 -999.9 7.2 -999.9 -999.9 -999.9 -999.9 -999.9 10.8 -999.9 28.4 0.0 0.0 0.0 0.0 0.0 0.0 0.0 13.0 9.1 98.2 87.8 32.5 DCRS_-_São_Francisco_de_Paula/Cambará_do_Sul_(865_m) -999.9 -999.9 -999.9 -999.9 -999.9 12.7 7.2 1.0 Rio_Grande_do_Sul DCRS -999.9 0.0 0.0 861.25 861.26 861.1 1 0.03 861.26 861.26 861.26 861.26
-29.264900 -50.314899 DCRS-00084 2026-09-22_04:26 9.1 -999.9 -999.9 88.3 -999.9 -999.9 7.2 -999.9 -999.9 -999.9 -999.9 -999.9 19.1 -999.9 28.4 0.0 0.0 0.0 0.0 0.0 0.0 0.0 13.0 9.1 98.2 87.8 32.5 DCRS_-_São_Francisco_de_Paula/Cambará_do_Sul_(865_m) -999.9 -999.9 -999.9 -999.9 -999.9 12.7 7.2 1.0 Rio_Grande_do_Sul DCRS -999.9 0.0 0.0 861.26 861.26 861.1 1 0.03 861.26 861.26 861.26 861.26
-29.264900 -50.314899 DCRS-00084 2026-09-22_04:27 9.0 -999.9 -999.9 87.7 -999.9 -999.9 7.0 -999.9 -999.9 -999.9 -999.9 -999.9 2.5 -999.9 28.4 0.0 0.0 0.0 0.0 0.0 0.0 0.0 13.0 9.0 98.2 87.7 32.5 DCRS_-_São_Francisco_de_Paula/Cambará_do_Sul_(865_m) -999.9 -999.9 -999.9 -999.9 -999.9 12.7 7.0 1.0 Rio_Grande_do_Sul DCRS -999.9 0.0 0.0 861.25 861.26 861.1 1 0.01 861.26 861.26 861.26 861.26
-29.264900 -50.314899 DCRS-00084 2026-09-22_04:28 8.9 -999.9 -999.9 88.4 -999.9 -999.9 7.1 -999.9 -999.9 -999.9 -999.9 -999.9 8.8 -999.9 28.4 0.0 0.0 0.0 0.0 0.0 0.0 0.0 13.0 8.9 98.2 87.7 32.5 DCRS_-_São_Francisco_de_Paula/Cambará_do_Sul_(865_m) -999.9 -999.9 -999.9 -999.9 -999.9 12.7 7.0 1.0 Rio_Grande_do_Sul DCRS -999.9 0.0 0.0 861.27 861.27 861.1 1 0.03 861.27 861.27 861.27 861.27
-29.264900 -50.314899 DCRS-00084 2026-09-22_04:29 8.8 -999.9 -999.9 88.7 -999.9 -999.9 7.0 -999.9 -999.9 -999.9 -999.9 -999.9 3.7 -999.9 28.4 0.0 0.0 0.0 0.0 0.0 0.0 0.0 13.0 8.8 98.2 87.7 32.5 DCRS_-_São_Francisco_de_Paula/Cambará_do_Sul_(865_m) -999.9 -999.9 -999.9 -999.9 -999.9 12.7 7.0 1.0 Rio_Grande_do_Sul DCRS -999.9 0.0 0.0 861.27 861.27 861.1 1 0.05 861.27 861.27 861.27 861.27
-29.264900 -50.314899 DCRS-00084 2026-09-22_04:30 8.7 -999.9 -999.9 88.5 -999.9 -999.9 6.9 -999.9 -999.9 -999.9 -999.9 -999.9 3.6 -999.9 24.3 0.0 0.0 0.0 0.0 0.0 0.0 0.0 13.0 8.7 98.2 87.7 32.5 DCRS_-_São_Francisco_de_Paula/Cambará_do_Sul_(865_m) -999.9 -999.9 -999.9 -999.9 -999.9 12.7 6.9 1.0 Rio_Grande_do_Sul DCRS -999.9 0.0 0.0 861.23 861.27 861.1 1 0.0 861.27 861.27 861.27 861.27
-29.264900 -50.314899 DCRS-00084 2026-09-22_04:31 8.7 -999.9 -999.9 88.2 -999.9 -999.9 6.8 -999.9 -999.9 -999.9 -999.9 -999.9 9.6 -999.9 24.3 0.0 0.0 0.0 0.0 0.0 0.0 0.0 13.0 8.7 98.2 87.7 32.5 DCRS_-_São_Francisco_de_Paula/Cambará_do_Sul_(865_m) -999.9 -999.9 -999.9 -999.9 -999.9 12.7 6.8 1.0 Rio_Grande_do_Sul DCRS -999.9 0.0 0.0 861.27 861.27 861.1 1 0.05 861.27 861.27 861.27 861.27
-29.264900 -50.314899 DCRS-00084 2026-09-22_04:32 8.5 -999.9 -999.9 87.8 -999.9 -999.9 6.6 -999.9 -999.9 -999.9 -999.9 -999.9 15.2 -999.9 24.3 0.0 0.0 0.0 0.0 0.0 0.0 0.0 13.0 8.5 98.2 87.7 32.5 DCRS_-_São_Francisco_de_Paula/Cambará_do_Sul_(865_m) -999.9 -999.9 -999.9 -999.9 -999.9 12.7 6.6 1.0 Rio_Grande_do_Sul DCRS -999.9 0.0 0.0 861.26 861.27 861.1 1 0.04 861.27 861.27 861.27 861.27
-29.264900 -50.314899 DCRS-00084 2026-09-22_04:33 8.5 -999.9 -999.9 87.7 -999.9 -999.9 6.6 -999.9 -999.9 -999.9 -999.9 -999.9 7.9 -999.9 24.3 0.0 0.0 0.0 0.0 0.0 0.0 0.0 13.0 8.5 98.2 87.7 32.5 DCRS_-_São_Francisco_de_Paula/Cambará_do_Sul_(865_m) -999.9 -999.9 -999.9 -999.9 -999.9 12.7 6.6 1.0 Rio_Grande_do_Sul DCRS -999.9 0.0 0.0 861.26 861.27 861.1 1 0.04 861.27 861.27 861.27 861.27
-29.264900 -50.314899 DCRS-00084 2026-09-22_04:34 8.4 -999.9 -999.9 87.8 -999.9 -999.9 6.5 -999.9 -999.9 -999.9 -999.9 -999.9 5.2 -999.9 24.3 0.0 0.0 0.0 0.0 0.0 0.0 0.0 13.0 8.4 98.2 87.7 32.5 DCRS_-_São_Francisco_de_Paula/Cambará_do_Sul_(865_m) -999.9 -999.9 -999.9 -999.9 -999.9 12.7 6.5 1.0 Rio_Grande_do_Sul DCRS -999.9 0.0 0.0 861.26 861.27 861.1 1 0.03 861.27 861.27 861.27 861.27
-29.264900 -50.314899 DCRS-00084 2026-09-22_04:35 8.4 -999.9 -999.9 87.6 -999.9 -999.9 6.4 -999.9 -999.9 -999.9 -999.9 -999.9 20.8 -999.9 22.8 0.0 0.0 0.0 0.0 0.0 0.0 0.0 13.0 8.4 98.2 87.6 32.5 DCRS_-_São_Francisco_de_Paula/Cambará_do_Sul_(865_m) -999.9 -999.9 -999.9 -999.9 -999.9 12.7 6.4 1.0 Rio_Grande_do_Sul DCRS -999.9 0.0 0.0 861.26 861.27 861.1 1 0.03 861.27 861.27 861.27 861.27
-29.264900 -50.314899 DCRS-00084 2026-09-22_04:36 8.2 -999.9 -999.9 87.3 -999.9 -999.9 6.2 -999.9 -999.9 -999.9 -999.9 -999.9 5.5 -999.9 22.8 0.0 0.0 0.0 0.0 0.0 0.0 0.0 13.0 8.2 98.2 87.3 32.5 DCRS_-_São_Francisco_de_Paula/Cambará_do_Sul_(865_m) -999.9 -999.9 -999.9 -999.9 -999.9 12.7 6.2 1.0 Rio_Grande_do_Sul DCRS -999.9 0.0 0.0 861.26 861.27 861.1 1 0.03 861.27 861.27 861.27 861.27
-29.264900 -50.314899 DCRS-00084 2026-09-22_04:37 8.2 -999.9 -999.9 88.1 -999.9 -999.9 6.3 -999.9 -999.9 -999.9 -999.9 -999.9 8.8 -999.9 22.8 0.0 0.0 0.0 0.0 0.0 0.0 0.0 13.0 8.2 98.2 87.3 32.5 DCRS_-_São_Francisco_de_Paula/Cambará_do_Sul_(865_m) -999.9 -999.9 -999.9 -999.9 -999.9 12.7 6.2 1.0 Rio_Grande_do_Sul DCRS -999.9 0.0 0.0 861.25 861.27 861.1 1 0.02 861.27 861.27 861.27 861.27
-29.264900 -50.314899 DCRS-00084 2026-09-22_04:38 8.2 -999.9 -999.9 88.5 -999.9 -999.9 6.4 -999.9 -999.9 -999.9 -999.9 -999.9 15.5 -999.9 22.8 0.0 0.0 0.0 0.0 0.0 0.0 0.0 13.0 8.2 98.2 87.3 32.5 DCRS_-_São_Francisco_de_Paula/Cambará_do_Sul_(865_m) -999.9 -999.9 -999.9 -999.9 -999.9 12.7 6.2 1.0 Rio_Grande_do_Sul DCRS -999.9 0.0 0.0 861.26 861.27 861.1 1 0.03 861.27 861.27 861.27 861.27
-29.264900 -50.314899 DCRS-00084 2026-09-22_04:39 8.1 -999.9 -999.9 88.4 -999.9 -999.9 6.3 -999.9 -999.9 -999.9 -999.9 -999.9 13.9 -999.9 22.8 0.0 0.0 0.0 0.0 0.0 0.0 0.0 13.0 8.1 98.2 87.3 32.5 DCRS_-_São_Francisco_de_Paula/Cambará_do_Sul_(865_m) -999.9 -999.9 -999.9 -999.9 -999.9 12.7 6.2 1.0 Rio_Grande_do_Sul DCRS -999.9 0.0 0.0 861.27 861.27 861.1 1 0.03 861.27 861.27 861.27 861.27
-29.264900 -50.314899 DCRS-00084 2026-09-22_04:40 8.0 -999.9 -999.9 88.1 -999.9 -999.9 6.1 -999.9 -999.9 -999.9 -999.9 -999.9 8.9 -999.9 20.8 0.0 0.0 0.0 0.0 0.0 0.0 0.0 13.0 8.0 98.2 87.3 32.5 DCRS_-_São_Francisco_de_Paula/Cambará_do_Sul_(865_m) -999.9 -999.9 -999.9 -999.9 -999.9 12.7 6.1 1.0 Rio_Grande_do_Sul DCRS -999.9 0.0 0.0 861.27 861.27 861.1 1 0.03 861.27 861.27 861.27 861.27
-29.264900 -50.314899 DCRS-00084 2026-09-22_04:41 8.0 -999.9 -999.9 88.0 -999.9 -999.9 6.1 -999.9 -999.9 -999.9 -999.9 -999.9 13.3 -999.9 20.8 0.0 0.0 0.0 0.0 0.0 0.0 0.0 13.0 8.0 98.2 87.3 32.5 DCRS_-_São_Francisco_de_Paula/Cambará_do_Sul_(865_m) -999.9 -999.9 -999.9 -999.9 -999.9 12.7 6.1 1.0 Rio_Grande_do_Sul DCRS -999.9 0.0 0.0 861.27 861.27 861.1 1 0.03 861.27 861.27 861.27 861.27
-29.264900 -50.314899 DCRS-00084 2026-09-22_04:42 7.9 -999.9 -999.9 88.4 -999.9 -999.9 6.1 -999.9 -999.9 -999.9 -999.9 -999.9 14.6 -999.9 20.8 0.0 0.0 0.0 0.0 0.0 0.0 0.0 13.0 7.9 98.2 87.3 32.5 DCRS_-_São_Francisco_de_Paula/Cambará_do_Sul_(865_m) -999.9 -999.9 -999.9 -999.9 -999.9 12.7 6.1 1.0 Rio_Grande_do_Sul DCRS -999.9 0.0 0.0 861.25 861.27 861.1 1 0.03 861.27 861.27 861.27 861.27
-29.264900 -50.314899 DCRS-00084 2026-09-22_04:43 7.9 -999.9 -999.9 88.6 -999.9 -999.9 6.1 -999.9 -999.9 -999.9 -999.9 -999.9 3.9 -999.9 20.8 0.0 0.0 0.0 0.0 0.0 0.0 0.0 13.0 7.9 98.2 87.3 32.5 DCRS_-_São_Francisco_de_Paula/Cambará_do_Sul_(865_m) -999.9 -999.9 -999.9 -999.9 -999.9 12.7 6.1 1.0 Rio_Grande_do_Sul DCRS -999.9 0.0 0.0 861.26 861.27 861.1 1 0.04 861.27 861.27 861.27 861.27
-29.264900 -50.314899 DCRS-00084 2026-09-22_04:44 7.8 -999.9 -999.9 88.8 -999.9 -999.9 6.0 -999.9 -999.9 -999.9 -999.9 -999.9 12.4 -999.9 20.8 0.0 0.0 0.0 0.0 0.0 0.0 0.0 13.0 7.8 98.2 87.3 32.5 DCRS_-_São_Francisco_de_Paula/Cambará_do_Sul_(865_m) -999.9 -999.9 -999.9 -999.9 -999.9 12.7 6.0 1.0 Rio_Grande_do_Sul DCRS -999.9 0.0 0.0 861.26 861.27 861.1 1 0.02 861.27 861.27 861.27 861.27
-29.264900 -50.314899 DCRS-00084 2026-09-22_04:45 7.8 -999.9 -999.9 88.9 -999.9 -999.9 6.1 -999.9 -999.9 -999.9 -999.9 -999.9 4.0 -999.9 19.9 0.0 0.0 0.0 0.0 0.0 0.0 0.0 13.0 7.8 98.2 87.3 32.5 DCRS_-_São_Francisco_de_Paula/Cambará_do_Sul_(865_m) -999.9 -999.9 -999.9 -999.9 -999.9 12.7 6.0 1.0 Rio_Grande_do_Sul DCRS -999.9 0.0 0.0 861.27 861.27 861.1 1 0.03 861.27 861.27 861.27 861.27
-29.264900 -50.314899 DCRS-00084 2026-09-22_04:46 7.7 -999.9 -999.9 88.5 -999.9 -999.9 5.9 -999.9 -999.9 -999.9 -999.9 -999.9 3.2 -999.9 19.9 0.0 0.0 0.0 0.0 0.0 0.0 0.0 13.0 7.7 98.2 87.3 32.5 DCRS_-_São_Francisco_de_Paula/Cambará_do_Sul_(865_m) -999.9 -999.9 -999.9 -999.9 -999.9 12.7 5.9 1.0 Rio_Grande_do_Sul DCRS -999.9 0.0 0.0 861.27 861.27 861.1 1 0.02 861.27 861.27 861.27 861.27
-29.264900 -50.314899 DCRS-00084 2026-09-22_04:47 7.7 -999.9 -999.9 88.8 -999.9 -999.9 5.9 -999.9 -999.9 -999.9 -999.9 -999.9 0.0 -999.9 19.9 0.0 0.0 0.0 0.0 0.0 0.0 0.0 13.0 7.7 98.2 87.3 32.5 DCRS_-_São_Francisco_de_Paula/Cambará_do_Sul_(865_m) -999.9 -999.9 -999.9 -999.9 -999.9 12.7 5.9 1.0 Rio_Grande_do_Sul DCRS -999.9 0.0 0.0 861.26 861.27 861.1 1 0.02 861.27 861.27 861.27 861.27
-29.264900 -50.314899 DCRS-00084 2026-09-22_04:48 7.7 -999.9 -999.9 89.1 -999.9 -999.9 6.0 -999.9 -999.9 -999.9 -999.9 -999.9 0.0 -999.9 19.9 0.0 0.0 0.0 0.0 0.0 0.0 0.0 13.0 7.7 98.2 87.3 32.5 DCRS_-_São_Francisco_de_Paula/Cambará_do_Sul_(865_m) -999.9 -999.9 -999.9 -999.9 -999.9 12.7 5.9 1.0 Rio_Grande_do_Sul DCRS -999.9 0.0 0.0 861.27 861.27 861.1 1 0.03 861.27 861.27 861.27 861.27
-29.264900 -50.314899 DCRS-00084 2026-09-22_04:49 7.6 -999.9 -999.9 89.3 -999.9 -999.9 5.9 -999.9 -999.9 -999.9 -999.9 -999.9 2.9 -999.9 19.9 0.0 0.0 0.0 0.0 0.0 0.0 0.0 13.0 7.6 98.2 87.3 32.5 DCRS_-_São_Francisco_de_Paula/Cambará_do_Sul_(865_m) -999.9 -999.9 -999.9 -999.9 -999.9 12.7 5.9 1.0 Rio_Grande_do_Sul DCRS -999.9 0.0 0.0 861.27 861.27 861.1 1 0.03 861.27 861.27 861.27 861.27
-29.264900 -50.314899 DCRS-00084 2026-09-22_04:50 7.6 -999.9 -999.9 89.5 -999.9 -999.9 6.0 -999.9 -999.9 -999.9 -999.9 -999.9 0.0 -999.9 15.4 0.0 0.0 0.0 0.0 0.0 0.0 0.0 13.0 7.6 98.2 87.3 32.5 DCRS_-_São_Francisco_de_Paula/Cambará_do_Sul_(865_m) -999.9 -999.9 -999.9 -999.9 -999.9 12.7 5.9 1.0 Rio_Grande_do_Sul DCRS -999.9 0.0 0.0 861.27 861.27 861.1 1 0.03 861.27 861.27 861.27 861.27
-29.264900 -50.314899 DCRS-00084 2026-09-22_04:51 7.6 -999.9 -999.9 88.9 -999.9 -999.9 5.9 -999.9 -999.9 -999.9 -999.9 -999.9 0.0 -999.9 15.4 0.0 0.0 0.0 0.0 0.0 0.0 0.0 13.0 7.6 98.2 87.3 32.5 DCRS_-_São_Francisco_de_Paula/Cambará_do_Sul_(865_m) -999.9 -999.9 -999.9 -999.9 -999.9 12.7 5.9 1.0 Rio_Grande_do_Sul DCRS -999.9 0.0 0.0 861.26 861.27 861.1 1 0.02 861.27 861.27 861.27 861.27
-29.264900 -50.314899 DCRS-00084 2026-09-22_04:52 7.5 -999.9 -999.9 88.5 -999.9 -999.9 5.7 -999.9 -999.9 -999.9 -999.9 -999.9 10.6 -999.9 15.4 0.0 0.0 0.0 0.0 0.0 0.0 0.0 13.0 7.5 98.2 87.3 32.5 DCRS_-_São_Francisco_de_Paula/Cambará_do_Sul_(865_m) -999.9 -999.9 -999.9 -999.9 -999.9 12.7 5.7 1.0 Rio_Grande_do_Sul DCRS -999.9 0.0 0.0 861.26 861.27 861.1 1 0.01 861.27 861.27 861.27 861.27
-29.264900 -50.314899 DCRS-00084 2026-09-22_04:53 7.5 -999.9 -999.9 89.0 -999.9 -999.9 5.8 -999.9 -999.9 -999.9 -999.9 -999.9 3.3 -999.9 15.4 0.0 0.0 0.0 0.0 0.0 0.0 0.0 13.0 7.5 98.2 87.3 32.5 DCRS_-_São_Francisco_de_Paula/Cambará_do_Sul_(865_m) -999.9 -999.9 -999.9 -999.9 -999.9 12.7 5.7 1.0 Rio_Grande_do_Sul DCRS -999.9 0.0 0.0 861.27 861.27 861.1 1 0.03 861.27 861.27 861.27 861.27
-29.264900 -50.314899 DCRS-00084 2026-09-22_04:54 7.5 -999.9 -999.9 89.3 -999.9 -999.9 5.8 -999.9 -999.9 -999.9 -999.9 -999.9 -999.9 -999.9 15.4 0.0 0.0 0.0 0.0 0.0 0.0 0.0 13.0 7.5 98.2 87.3 32.5 DCRS_-_São_Francisco_de_Paula/Cambará_do_Sul_(865_m) -999.9 -999.9 -999.9 -999.9 -999.9 12.7 5.7 1.0 Rio_Grande_do_Sul DCRS -999.9 0.0 0.0 861.27 861.27 861.1 1 0.02 861.27 861.27 861.27 861.27
-29.264900 -50.314899 DCRS-00084 2026-09-22_04:55 7.5 -999.9 -999.9 88.9 -999.9 -999.9 5.8 -999.9 -999.9 -999.9 -999.9 -999.9 3.6 -999.9 17.5 0.0 0.0 0.0 0.0 0.0 0.0 0.0 13.0 7.5 98.2 87.3 32.5 DCRS_-_São_Francisco_de_Paula/Cambará_do_Sul_(865_m) -999.9 -999.9 -999.9 -999.9 -999.9 12.7 5.7 1.0 Rio_Grande_do_Sul DCRS -999.9 0.0 0.0 861.27 861.27 861.1 1 0.02 861.27 861.27 861.27 861.27
-29.264900 -50.314899 DCRS-00084 2026-09-22_04:56 7.5 -999.9 -999.9 89.2 -999.9 -999.9 5.8 -999.9 -999.9 -999.9 -999.9 -999.9 8.4 -999.9 17.5 0.0 0.0 0.0 0.0 0.0 0.0 0.0 13.0 7.5 98.2 87.3 32.5 DCRS_-_São_Francisco_de_Paula/Cambará_do_Sul_(865_m) -999.9 -999.9 -999.9 -999.9 -999.9 12.7 5.7 1.0 Rio_Grande_do_Sul DCRS -999.9 0.0 0.0 861.27 861.27 861.1 1 0.02 861.27 861.27 861.27 861.27
-29.264900 -50.314899 DCRS-00084 2026-09-22_04:57 7.5 -999.9 -999.9 89.1 -999.9 -999.9 5.8 -999.9 -999.9 -999.9 -999.9 -999.9 15.4 -999.9 17.5 0.0 0.0 0.0 0.0 0.0 0.0 0.0 13.0 7.5 98.2 87.3 32.5 DCRS_-_São_Francisco_de_Paula/Cambará_do_Sul_(865_m) -999.9 -999.9 -999.9 -999.9 -999.9 12.7 5.7 1.0 Rio_Grande_do_Sul DCRS -999.9 0.0 0.0 861.27 861.27 861.1 1 0.03 861.27 861.27 861.27 861.27
-29.264900 -50.314899 DCRS-00084 2026-09-22_04:58 7.5 -999.9 -999.9 88.9 -999.9 -999.9 5.8 -999.9 -999.9 -999.9 -999.9 -999.9 5.8 -999.9 17.5 0.0 0.0 0.0 0.0 0.0 0.0 0.0 13.0 7.5 98.2 87.3 32.5 DCRS_-_São_Francisco_de_Paula/Cambará_do_Sul_(865_m) -999.9 -999.9 -999.9 -999.9 -999.9 12.7 5.7 1.0 Rio_Grande_do_Sul DCRS -999.9 0.0 0.0 861.26 861.27 861.1 1 0.02 861.27 861.27 861.27 861.27
-29.264900 -50.314899 DCRS-00084 2026-09-22_04:59 7.5 -999.9 -999.9 88.9 -999.9 -999.9 5.8 -999.9 -999.9 -999.9 -999.9 -999.9 -999.9 -999.9 17.5 0.0 0.0 0.0 0.0 0.0 0.0 0.0 13.0 7.5 98.2 87.3 32.5 DCRS_-_São_Francisco_de_Paula/Cambará_do_Sul_(865_m) -999.9 -999.9 -999.9 -999.9 -999.9 12.7 5.7 1.0 Rio_Grande_do_Sul DCRS -999.9 0.0 0.0 861.27 861.27 861.1 1 0.03 861.27 861.27 861.27 861.27
-29.264900 -50.314899 DCRS-00084 2026-09-22_05:00 7.5 -999.9 -999.9 88.9 -999.9 -999.9 5.8 -999.9 -999.9 -999.9 -999.9 -999.9 11.9 -999.9 18.9 0.0 0.0 0.0 0.0 0.0 0.0 0.0 13.0 7.5 98.2 87.3 32.5 DCRS_-_São_Francisco_de_Paula/Cambará_do_Sul_(865_m) -999.9 -999.9 -999.9 -999.9 -999.9 12.7 5.7 1.0 Rio_Grande_do_Sul DCRS -999.9 0.0 0.0 861.27 861.27 861.1 1 0.02 861.27 861.27 861.27 861.27
-29.264900 -50.314899 DCRS-00084 2026-09-22_05:01 7.4 -999.9 -999.9 88.7 -999.9 -999.9 5.6 -999.9 -999.9 -999.9 -999.9 -999.9 14.8 -999.9 18.9 0.0 0.0 0.0 0.0 0.0 0.0 0.0 13.0 7.4 98.2 87.3 32.5 DCRS_-_São_Francisco_de_Paula/Cambará_do_Sul_(865_m) -999.9 -999.9 -999.9 -999.9 -999.9 12.7 5.6 1.0 Rio_Grande_do_Sul DCRS -999.9 0.0 0.0 861.28 861.28 861.1 1 0.03 861.28 861.28 861.28 861.28
-29.264900 -50.314899 DCRS-00084 2026-09-22_05:02 7.5 -999.9 -999.9 88.8 -999.9 -999.9 5.7 -999.9 -999.9 -999.9 -999.9 -999.9 3.1 -999.9 18.9 0.0 0.0 0.0 0.0 0.0 0.0 0.0 13.0 7.4 98.2 87.3 32.5 DCRS_-_São_Francisco_de_Paula/Cambará_do_Sul_(865_m) -999.9 -999.9 -999.9 -999.9 -999.9 12.7 5.6 1.0 Rio_Grande_do_Sul DCRS -999.9 0.0 0.0 861.27 861.28 861.1 1 0.03 861.28 861.28 861.28 861.28
-29.264900 -50.314899 DCRS-00084 2026-09-22_05:03 7.4 -999.9 -999.9 89.1 -999.9 -999.9 5.7 -999.9 -999.9 -999.9 -999.9 -999.9 4.0 -999.9 18.9 0.0 0.0 0.0 0.0 0.0 0.0 0.0 13.0 7.4 98.2 87.3 32.5 DCRS_-_São_Francisco_de_Paula/Cambará_do_Sul_(865_m) -999.9 -999.9 -999.9 -999.9 -999.9 12.7 5.6 1.0 Rio_Grande_do_Sul DCRS -999.9 0.0 0.0 861.28 861.28 861.1 1 0.04 861.28 861.28 861.28 861.28
-29.264900 -50.314899 DCRS-00084 2026-09-22_05:04 7.5 -999.9 -999.9 89.2 -999.9 -999.9 5.8 -999.9 -999.9 -999.9 -999.9 -999.9 3.4 -999.9 18.9 0.0 0.0 0.0 0.0 0.0 0.0 0.0 13.0 7.4 98.2 87.3 32.5 DCRS_-_São_Francisco_de_Paula/Cambará_do_Sul_(865_m) -999.9 -999.9 -999.9 -999.9 -999.9 12.7 5.6 1.0 Rio_Grande_do_Sul DCRS -999.9 0.0 0.0 861.28 861.28 861.1 1 0.02 861.28 861.28 861.28 861.28
-29.264900 -50.314899 DCRS-00084 2026-09-22_05:05 7.5 -999.9 -999.9 89.4 -999.9 -999.9 5.8 -999.9 -999.9 -999.9 -999.9 -999.9 6.5 -999.9 18.1 0.0 0.0 0.0 0.0 0.0 0.0 0.0 13.0 7.4 98.2 87.3 32.5 DCRS_-_São_Francisco_de_Paula/Cambará_do_Sul_(865_m) -999.9 -999.9 -999.9 -999.9 -999.9 12.7 5.6 1.0 Rio_Grande_do_Sul DCRS -999.9 0.0 0.0 861.28 861.28 861.1 1 0.03 861.28 861.28 861.28 861.28
-29.264900 -50.314899 DCRS-00084 2026-09-22_05:06 7.5 -999.9 -999.9 89.7 -999.9 -999.9 5.9 -999.9 -999.9 -999.9 -999.9 -999.9 3.5 -999.9 18.1 0.0 0.0 0.0 0.0 0.0 0.0 0.0 13.0 7.4 98.2 87.3 32.5 DCRS_-_São_Francisco_de_Paula/Cambará_do_Sul_(865_m) -999.9 -999.9 -999.9 -999.9 -999.9 12.7 5.6 1.0 Rio_Grande_do_Sul DCRS -999.9 0.0 0.0 861.28 861.28 861.1 1 0.03 861.28 861.28 861.28 861.28
-29.264900 -50.314899 DCRS-00084 2026-09-22_05:07 7.4 -999.9 -999.9 89.9 -999.9 -999.9 5.8 -999.9 -999.9 -999.9 -999.9 -999.9 8.9 -999.9 18.1 0.0 0.0 0.0 0.0 0.0 0.0 0.0 13.0 7.4 98.2 87.3 32.5 DCRS_-_São_Francisco_de_Paula/Cambará_do_Sul_(865_m) -999.9 -999.9 -999.9 -999.9 -999.9 12.7 5.6 1.0 Rio_Grande_do_Sul DCRS -999.9 0.0 0.0 861.27 861.28 861.1 1 0.03 861.28 861.28 861.28 861.28
-29.264900 -50.314899 DCRS-00084 2026-09-22_05:08 7.4 -999.9 -999.9 89.5 -999.9 -999.9 5.8 -999.9 -999.9 -999.9 -999.9 -999.9 8.1 -999.9 18.1 0.0 0.0 0.0 0.0 0.0 0.0 0.0 13.0 7.4 98.2 87.3 32.5 DCRS_-_São_Francisco_de_Paula/Cambará_do_Sul_(865_m) -999.9 -999.9 -999.9 -999.9 -999.9 12.7 5.6 1.0 Rio_Grande_do_Sul DCRS -999.9 0.0 0.0 861.27 861.28 861.1 1 0.03 861.28 861.28 861.28 861.28
-29.264900 -50.314899 DCRS-00084 2026-09-22_05:09 7.4 -999.9 -999.9 89.5 -999.9 -999.9 5.8 -999.9 -999.9 -999.9 -999.9 -999.9 0.0 -999.9 18.1 0.0 0.0 0.0 0.0 0.0 0.0 0.0 13.0 7.4 98.2 87.3 32.5 DCRS_-_São_Francisco_de_Paula/Cambará_do_Sul_(865_m) -999.9 -999.9 -999.9 -999.9 -999.9 12.7 5.6 1.0 Rio_Grande_do_Sul DCRS -999.9 0.0 0.0 861.27 861.28 861.1 1 0.03 861.28 861.28 861.28 861.28
-29.264900 -50.314899 DCRS-00084 2026-09-22_05:10 7.4 -999.9 -999.9 89.0 -999.9 -999.9 5.7 -999.9 -999.9 -999.9 -999.9 -999.9 9.7 -999.9 14.3 0.0 0.0 0.0 0.0 0.0 0.0 0.0 13.0 7.4 98.2 87.3 32.5 DCRS_-_São_Francisco_de_Paula/Cambará_do_Sul_(865_m) -999.9 -999.9 -999.9 -999.9 -999.9 12.7 5.6 1.0 Rio_Grande_do_Sul DCRS -999.9 0.0 0.0 861.28 861.28 861.1 1 0.03 861.28 861.28 861.28 861.28
-29.264900 -50.314899 DCRS-00084 2026-09-22_05:11 7.4 -999.9 -999.9 89.1 -999.9 -999.9 5.7 -999.9 -999.9 -999.9 -999.9 -999.9 6.3 -999.9 14.3 0.0 0.0 0.0 0.0 0.0 0.0 0.0 13.0 7.4 98.2 87.3 32.5 DCRS_-_São_Francisco_de_Paula/Cambará_do_Sul_(865_m) -999.9 -999.9 -999.9 -999.9 -999.9 12.7 5.6 1.0 Rio_Grande_do_Sul DCRS -999.9 0.0 0.0 861.28 861.28 861.1 1 0.03 861.28 861.28 861.28 861.28
-29.264900 -50.314899 DCRS-00084 2026-09-22_05:12 7.4 -999.9 -999.9 89.0 -999.9 -999.9 5.7 -999.9 -999.9 -999.9 -999.9 -999.9 11.0 -999.9 14.3 0.0 0.0 0.0 0.0 0.0 0.0 0.0 13.0 7.4 98.2 87.3 32.5 DCRS_-_São_Francisco_de_Paula/Cambará_do_Sul_(865_m) -999.9 -999.9 -999.9 -999.9 -999.9 12.7 5.6 1.0 Rio_Grande_do_Sul DCRS -999.9 0.0 0.0 861.28 861.28 861.1 1 0.06 861.28 861.28 861.28 861.28
-29.264900 -50.314899 DCRS-00084 2026-09-22_05:13 7.4 -999.9 -999.9 89.0 -999.9 -999.9 5.7 -999.9 -999.9 -999.9 -999.9 -999.9 0.0 -999.9 14.3 0.0 0.0 0.0 0.0 0.0 0.0 0.0 13.0 7.4 98.2 87.3 32.5 DCRS_-_São_Francisco_de_Paula/Cambará_do_Sul_(865_m) -999.9 -999.9 -999.9 -999.9 -999.9 12.7 5.6 1.0 Rio_Grande_do_Sul DCRS -999.9 0.0 0.0 861.28 861.28 861.1 1 0.07 861.28 861.28 861.28 861.28
-29.264900 -50.314899 DCRS-00084 2026-09-22_05:14 7.4 -999.9 -999.9 88.6 -999.9 -999.9 5.6 -999.9 -999.9 -999.9 -999.9 -999.9 10.1 -999.9 14.3 0.0 0.0 0.0 0.0 0.0 0.0 0.0 13.0 7.4 98.2 87.3 32.5 DCRS_-_São_Francisco_de_Paula/Cambará_do_Sul_(865_m) -999.9 -999.9 -999.9 -999.9 -999.9 12.7 5.6 1.0 Rio_Grande_do_Sul DCRS -999.9 0.0 0.0 861.27 861.28 861.1 1 0.01 861.28 861.28 861.28 861.28
-29.264900 -50.314899 DCRS-00084 2026-09-22_05:15 7.3 -999.9 -999.9 88.9 -999.9 -999.9 5.6 -999.9 -999.9 -999.9 -999.9 -999.9 2.9 -999.9 16.9 0.0 0.0 0.0 0.0 0.0 0.0 0.0 13.0 7.3 98.2 87.3 32.5 DCRS_-_São_Francisco_de_Paula/Cambará_do_Sul_(865_m) -999.9 -999.9 -999.9 -999.9 -999.9 12.7 5.6 1.0 Rio_Grande_do_Sul DCRS -999.9 0.0 0.0 861.27 861.28 861.1 1 0.01 861.28 861.28 861.28 861.28
-29.264900 -50.314899 DCRS-00084 2026-09-22_05:16 7.3 -999.9 -999.9 89.3 -999.9 -999.9 5.6 -999.9 -999.9 -999.9 -999.9 -999.9 5.9 -999.9 16.9 0.0 0.0 0.0 0.0 0.0 0.0 0.0 13.0 7.3 98.2 87.3 32.5 DCRS_-_São_Francisco_de_Paula/Cambará_do_Sul_(865_m) -999.9 -999.9 -999.9 -999.9 -999.9 12.7 5.6 1.0 Rio_Grande_do_Sul DCRS -999.9 0.0 0.0 861.28 861.28 861.1 1 0.02 861.28 861.28 861.28 861.28
-29.264900 -50.314899 DCRS-00084 2026-09-22_05:17 7.3 -999.9 -999.9 89.0 -999.9 -999.9 5.6 -999.9 -999.9 -999.9 -999.9 -999.9 0.0 -999.9 16.9 0.0 0.0 0.0 0.0 0.0 0.0 0.0 13.0 7.3 98.2 87.3 32.5 DCRS_-_São_Francisco_de_Paula/Cambará_do_Sul_(865_m) -999.9 -999.9 -999.9 -999.9 -999.9 12.7 5.6 1.0 Rio_Grande_do_Sul DCRS -999.9 0.0 0.0 861.27 861.28 861.1 1 0.01 861.28 861.28 861.28 861.28
-29.264900 -50.314899 DCRS-00084 2026-09-22_05:18 7.3 -999.9 -999.9 88.9 -999.9 -999.9 5.6 -999.9 -999.9 -999.9 -999.9 -999.9 9.9 -999.9 16.9 0.0 0.0 0.0 0.0 0.0 0.0 0.0 13.0 7.3 98.2 87.3 32.5 DCRS_-_São_Francisco_de_Paula/Cambará_do_Sul_(865_m) -999.9 -999.9 -999.9 -999.9 -999.9 12.7 5.6 1.0 Rio_Grande_do_Sul DCRS -999.9 0.0 0.0 861.28 861.28 861.1 1 0.02 861.28 861.28 861.28 861.28
-29.264900 -50.314899 DCRS-00084 2026-09-22_05:19 7.3 -999.9 -999.9 88.4 -999.9 -999.9 5.5 -999.9 -999.9 -999.9 -999.9 -999.9 5.6 -999.9 16.9 0.0 0.0 0.0 0.0 0.0 0.0 0.0 13.0 7.3 98.2 87.3 32.5 DCRS_-_São_Francisco_de_Paula/Cambará_do_Sul_(865_m) -999.9 -999.9 -999.9 -999.9 -999.9 12.7 5.5 1.0 Rio_Grande_do_Sul DCRS -999.9 0.0 0.0 861.28 861.28 861.1 1 0.03 861.28 861.28 861.28 861.28
-29.264900 -50.314899 DCRS-00084 2026-09-22_05:20 7.4 -999.9 -999.9 89.3 -999.9 -999.9 5.7 -999.9 -999.9 -999.9 -999.9 -999.9 6.7 -999.9 12.6 0.0 0.0 0.0 0.0 0.0 0.0 0.0 13.0 7.3 98.2 87.3 32.5 DCRS_-_São_Francisco_de_Paula/Cambará_do_Sul_(865_m) -999.9 -999.9 -999.9 -999.9 -999.9 12.7 5.5 1.0 Rio_Grande_do_Sul DCRS -999.9 0.0 0.0 861.28 861.28 861.1 1 0.02 861.28 861.28 861.28 861.28
-29.264900 -50.314899 DCRS-00084 2026-09-22_05:21 7.4 -999.9 -999.9 88.9 -999.9 -999.9 5.7 -999.9 -999.9 -999.9 -999.9 -999.9 10.3 -999.9 12.6 0.0 0.0 0.0 0.0 0.0 0.0 0.0 13.0 7.3 98.2 87.3 32.5 DCRS_-_São_Francisco_de_Paula/Cambará_do_Sul_(865_m) -999.9 -999.9 -999.9 -999.9 -999.9 12.7 5.5 1.0 Rio_Grande_do_Sul DCRS -999.9 0.0 0.0 861.28 861.28 861.1 1 0.03 861.28 861.28 861.28 861.28
-29.264900 -50.314899 DCRS-00084 2026-09-22_05:22 7.4 -999.9 -999.9 89.2 -999.9 -999.9 5.7 -999.9 -999.9 -999.9 -999.9 -999.9 1.8 -999.9 12.6 0.0 0.0 0.0 0.0 0.0 0.0 0.0 13.0 7.3 98.2 87.3 32.5 DCRS_-_São_Francisco_de_Paula/Cambará_do_Sul_(865_m) -999.9 -999.9 -999.9 -999.9 -999.9 12.7 5.5 1.0 Rio_Grande_do_Sul DCRS -999.9 0.0 0.0 861.28 861.28 861.1 1 0.03 861.28 861.28 861.28 861.28
-29.264900 -50.314899 DCRS-00084 2026-09-22_05:23 7.3 -999.9 -999.9 89.2 -999.9 -999.9 5.6 -999.9 -999.9 -999.9 -999.9 -999.9 7.5 -999.9 12.6 0.0 0.0 0.0 0.0 0.0 0.0 0.0 13.0 7.3 98.2 87.3 32.5 DCRS_-_São_Francisco_de_Paula/Cambará_do_Sul_(865_m) -999.9 -999.9 -999.9 -999.9 -999.9 12.7 5.5 1.0 Rio_Grande_do_Sul DCRS -999.9 0.0 0.0 861.28 861.28 861.1 1 0.02 861.28 861.28 861.28 861.28
-29.264900 -50.314899 DCRS-00084 2026-09-22_05:24 7.3 -999.9 -999.9 89.2 -999.9 -999.9 5.6 -999.9 -999.9 -999.9 -999.9 -999.9 -999.9 -999.9 12.6 0.0 0.0 0.0 0.0 0.0 0.0 0.0 13.0 7.3 98.2 87.3 32.5 DCRS_-_São_Francisco_de_Paula/Cambará_do_Sul_(865_m) -999.9 -999.9 -999.9 -999.9 -999.9 12.7 5.5 1.0 Rio_Grande_do_Sul DCRS -999.9 0.0 0.0 861.27 861.28 861.1 1 0.02 861.28 861.28 861.28 861.28
-29.264900 -50.314899 DCRS-00084 2026-09-22_05:25 7.3 -999.9 -999.9 88.8 -999.9 -999.9 5.6 -999.9 -999.9 -999.9 -999.9 -999.9 6.0 -999.9 16.9 0.0 0.0 0.0 0.0 0.0 0.0 0.0 13.0 7.3 98.2 87.3 32.5 DCRS_-_São_Francisco_de_Paula/Cambará_do_Sul_(865_m) -999.9 -999.9 -999.9 -999.9 -999.9 12.7 5.5 1.0 Rio_Grande_do_Sul DCRS -999.9 0.0 0.0 861.27 861.28 861.1 1 0.01 861.28 861.28 861.28 861.28
-29.264900 -50.314899 DCRS-00084 2026-09-22_05:26 7.3 -999.9 -999.9 89.3 -999.9 -999.9 5.6 -999.9 -999.9 -999.9 -999.9 -999.9 5.8 -999.9 16.9 0.0 0.0 0.0 0.0 0.0 0.0 0.0 13.0 7.3 98.2 87.3 32.5 DCRS_-_São_Francisco_de_Paula/Cambará_do_Sul_(865_m) -999.9 -999.9 -999.9 -999.9 -999.9 12.7 5.5 1.0 Rio_Grande_do_Sul DCRS -999.9 0.0 0.0 861.27 861.28 861.1 1 0.02 861.28 861.28 861.28 861.28
-29.264900 -50.314899 DCRS-00084 2026-09-22_05:27 7.3 -999.9 -999.9 89.5 -999.9 -999.9 5.7 -999.9 -999.9 -999.9 -999.9 -999.9 2.2 -999.9 16.9 0.0 0.0 0.0 0.0 0.0 0.0 0.0 13.0 7.3 98.2 87.3 32.5 DCRS_-_São_Francisco_de_Paula/Cambará_do_Sul_(865_m) -999.9 -999.9 -999.9 -999.9 -999.9 12.7 5.5 1.0 Rio_Grande_do_Sul DCRS -999.9 0.0 0.0 861.27 861.28 861.1 1 0.02 861.28 861.28 861.28 861.28
-29.264900 -50.314899 DCRS-00084 2026-09-22_05:28 7.2 -999.9 -999.9 89.5 -999.9 -999.9 5.6 -999.9 -999.9 -999.9 -999.9 -999.9 7.0 -999.9 16.9 0.0 0.0 0.0 0.0 0.0 0.0 0.0 13.0 7.2 98.2 87.3 32.5 DCRS_-_São_Francisco_de_Paula/Cambará_do_Sul_(865_m) -999.9 -999.9 -999.9 -999.9 -999.9 12.7 5.5 1.0 Rio_Grande_do_Sul DCRS -999.9 0.0 0.0 861.29 861.29 861.1 1 0.02 861.29 861.29 861.29 861.29
-29.264900 -50.314899 DCRS-00084 2026-09-22_05:29 7.3 -999.9 -999.9 89.4 -999.9 -999.9 5.7 -999.9 -999.9 -999.9 -999.9 -999.9 5.9 -999.9 16.9 0.0 0.0 0.0 0.0 0.0 0.0 0.0 13.0 7.2 98.2 87.3 32.5 DCRS_-_São_Francisco_de_Paula/Cambará_do_Sul_(865_m) -999.9 -999.9 -999.9 -999.9 -999.9 12.7 5.5 1.0 Rio_Grande_do_Sul DCRS -999.9 0.0 0.0 861.28 861.29 861.1 1 0.05 861.29 861.29 861.29 861.29
-29.264900 -50.314899 DCRS-00084 2026-09-22_05:30 7.3 -999.9 -999.9 89.6 -999.9 -999.9 5.7 -999.9 -999.9 -999.9 -999.9 -999.9 0.0 -999.9 13.4 0.0 0.0 0.0 0.0 0.0 0.0 0.0 13.0 7.2 98.2 87.3 32.5 DCRS_-_São_Francisco_de_Paula/Cambará_do_Sul_(865_m) -999.9 -999.9 -999.9 -999.9 -999.9 12.7 5.5 1.0 Rio_Grande_do_Sul DCRS -999.9 0.0 0.0 861.29 861.29 861.1 1 0.06 861.29 861.29 861.29 861.29
-29.264900 -50.314899 DCRS-00084 2026-09-22_05:31 7.3 -999.9 -999.9 89.7 -999.9 -999.9 5.7 -999.9 -999.9 -999.9 -999.9 -999.9 5.7 -999.9 13.4 0.0 0.0 0.0 0.0 0.0 0.0 0.0 13.0 7.2 98.2 87.3 32.5 DCRS_-_São_Francisco_de_Paula/Cambará_do_Sul_(865_m) -999.9 -999.9 -999.9 -999.9 -999.9 12.7 5.5 1.0 Rio_Grande_do_Sul DCRS -999.9 0.0 0.0 861.28 861.29 861.1 1 0.01 861.29 861.29 861.29 861.29
-29.264900 -50.314899 DCRS-00084 2026-09-22_05:32 7.2 -999.9 -999.9 90.1 -999.9 -999.9 5.7 -999.9 -999.9 -999.9 -999.9 -999.9 0.0 -999.9 13.4 0.0 0.0 0.0 0.0 0.0 0.0 0.0 13.0 7.2 98.2 87.3 32.5 DCRS_-_São_Francisco_de_Paula/Cambará_do_Sul_(865_m) -999.9 -999.9 -999.9 -999.9 -999.9 12.7 5.5 1.0 Rio_Grande_do_Sul DCRS -999.9 0.0 0.0 861.28 861.29 861.1 1 0.02 861.29 861.29 861.29 861.29
-29.264900 -50.314899 DCRS-00084 2026-09-22_05:33 7.2 -999.9 -999.9 90.2 -999.9 -999.9 5.7 -999.9 -999.9 -999.9 -999.9 -999.9 0.0 -999.9 13.4 0.0 0.0 0.0 0.0 0.0 0.0 0.0 13.0 7.2 98.2 87.3 32.5 DCRS_-_São_Francisco_de_Paula/Cambará_do_Sul_(865_m) -999.9 -999.9 -999.9 -999.9 -999.9 12.7 5.5 1.0 Rio_Grande_do_Sul DCRS -999.9 0.0 0.0 861.28 861.29 861.1 1 0.02 861.29 861.29 861.29 861.29
-29.264900 -50.314899 DCRS-00084 2026-09-22_05:34 7.2 -999.9 -999.9 89.8 -999.9 -999.9 5.6 -999.9 -999.9 -999.9 -999.9 -999.9 13.0 -999.9 13.4 0.0 0.0 0.0 0.0 0.0 0.0 0.0 13.0 7.2 98.2 87.3 32.5 DCRS_-_São_Francisco_de_Paula/Cambará_do_Sul_(865_m) -999.9 -999.9 -999.9 -999.9 -999.9 12.7 5.5 1.0 Rio_Grande_do_Sul DCRS -999.9 0.0 0.0 861.28 861.29 861.1 1 0.02 861.29 861.29 861.29 861.29
-29.264900 -50.314899 DCRS-00084 2026-09-22_05:35 7.2 -999.9 -999.9 89.6 -999.9 -999.9 5.6 -999.9 -999.9 -999.9 -999.9 -999.9 7.8 -999.9 17.8 0.0 0.0 0.0 0.0 0.0 0.0 0.0 13.0 7.2 98.2 87.3 32.5 DCRS_-_São_Francisco_de_Paula/Cambará_do_Sul_(865_m) -999.9 -999.9 -999.9 -999.9 -999.9 12.7 5.5 1.0 Rio_Grande_do_Sul DCRS -999.9 0.0 0.0 861.28 861.29 861.1 1 0.02 861.29 861.29 861.29 861.29
-29.264900 -50.314899 DCRS-00084 2026-09-22_05:36 7.2 -999.9 -999.9 89.8 -999.9 -999.9 5.6 -999.9 -999.9 -999.9 -999.9 -999.9 14.7 -999.9 17.8 0.0 0.0 0.0 0.0 0.0 0.0 0.0 13.0 7.2 98.2 87.3 32.5 DCRS_-_São_Francisco_de_Paula/Cambará_do_Sul_(865_m) -999.9 -999.9 -999.9 -999.9 -999.9 12.7 5.5 1.0 Rio_Grande_do_Sul DCRS -999.9 0.0 0.0 861.29 861.29 861.1 1 0.03 861.29 861.29 861.29 861.29
-29.264900 -50.314899 DCRS-00084 2026-09-22_05:37 7.2 -999.9 -999.9 89.2 -999.9 -999.9 5.5 -999.9 -999.9 -999.9 -999.9 -999.9 8.7 -999.9 17.8 0.0 0.0 0.0 0.0 0.0 0.0 0.0 13.0 7.2 98.2 87.3 32.5 DCRS_-_São_Francisco_de_Paula/Cambará_do_Sul_(865_m) -999.9 -999.9 -999.9 -999.9 -999.9 12.7 5.5 1.0 Rio_Grande_do_Sul DCRS -999.9 0.0 0.0 861.29 861.29 861.1 1 0.04 861.29 861.29 861.29 861.29
-29.264900 -50.314899 DCRS-00084 2026-09-22_05:38 7.2 -999.9 -999.9 88.9 -999.9 -999.9 5.5 -999.9 -999.9 -999.9 -999.9 -999.9 3.4 -999.9 17.8 0.0 0.0 0.0 0.0 0.0 0.0 0.0 13.0 7.2 98.2 87.3 32.5 DCRS_-_São_Francisco_de_Paula/Cambará_do_Sul_(865_m) -999.9 -999.9 -999.9 -999.9 -999.9 12.7 5.5 1.0 Rio_Grande_do_Sul DCRS -999.9 0.0 0.0 861.27 861.29 861.1 1 0.01 861.29 861.29 861.29 861.29
-29.264900 -50.314899 DCRS-00084 2026-09-22_05:39 7.2 -999.9 -999.9 88.8 -999.9 -999.9 5.5 -999.9 -999.9 -999.9 -999.9 -999.9 14.4 -999.9 17.8 0.0 0.0 0.0 0.0 0.0 0.0 0.0 13.0 7.2 98.2 87.3 32.5 DCRS_-_São_Francisco_de_Paula/Cambará_do_Sul_(865_m) -999.9 -999.9 -999.9 -999.9 -999.9 12.7 5.5 1.0 Rio_Grande_do_Sul DCRS -999.9 0.0 0.0 861.28 861.29 861.1 1 0.01 861.29 861.29 861.29 861.29
-29.264900 -50.314899 DCRS-00084 2026-09-22_05:40 7.2 -999.9 -999.9 88.9 -999.9 -999.9 5.5 -999.9 -999.9 -999.9 -999.9 -999.9 4.0 -999.9 17.2 0.0 0.0 0.0 0.0 0.0 0.0 0.0 13.0 7.2 98.2 87.3 32.5 DCRS_-_São_Francisco_de_Paula/Cambará_do_Sul_(865_m) -999.9 -999.9 -999.9 -999.9 -999.9 12.7 5.5 1.0 Rio_Grande_do_Sul DCRS -999.9 0.0 0.0 861.28 861.29 861.1 1 0.01 861.29 861.29 861.29 861.29
-29.264900 -50.314899 DCRS-00084 2026-09-22_05:41 7.2 -999.9 -999.9 89.0 -999.9 -999.9 5.5 -999.9 -999.9 -999.9 -999.9 -999.9 6.2 -999.9 17.2 0.0 0.0 0.0 0.0 0.0 0.0 0.0 13.0 7.2 98.2 87.3 32.5 DCRS_-_São_Francisco_de_Paula/Cambará_do_Sul_(865_m) -999.9 -999.9 -999.9 -999.9 -999.9 12.7 5.5 1.0 Rio_Grande_do_Sul DCRS -999.9 0.0 0.0 861.29 861.29 861.1 1 0.02 861.29 861.29 861.29 861.29
-29.264900 -50.314899 DCRS-00084 2026-09-22_05:42 7.2 -999.9 -999.9 88.7 -999.9 -999.9 5.4 -999.9 -999.9 -999.9 -999.9 -999.9 9.8 -999.9 17.2 0.0 0.0 0.0 0.0 0.0 0.0 0.0 13.0 7.2 98.2 87.3 32.5 DCRS_-_São_Francisco_de_Paula/Cambará_do_Sul_(865_m) -999.9 -999.9 -999.9 -999.9 -999.9 12.7 5.4 1.0 Rio_Grande_do_Sul DCRS -999.9 0.0 0.0 861.29 861.29 861.1 1 0.04 861.29 861.29 861.29 861.29
-29.264900 -50.314899 DCRS-00084 2026-09-22_05:43 7.1 -999.9 -999.9 88.0 -999.9 -999.9 5.2 -999.9 -999.9 -999.9 -999.9 -999.9 -999.9 -999.9 17.2 0.0 0.0 0.0 0.0 0.0 0.0 0.0 13.0 7.1 98.2 87.3 32.5 DCRS_-_São_Francisco_de_Paula/Cambará_do_Sul_(865_m) -999.9 -999.9 -999.9 -999.9 -999.9 12.7 5.2 1.0 Rio_Grande_do_Sul DCRS -999.9 0.0 0.0 861.29 861.29 861.1 1 0.03 861.29 861.29 861.29 861.29
-29.264900 -50.314899 DCRS-00084 2026-09-22_05:44 7.1 -999.9 -999.9 87.7 -999.9 -999.9 5.2 -999.9 -999.9 -999.9 -999.9 -999.9 4.5 -999.9 17.2 0.0 0.0 0.0 0.0 0.0 0.0 0.0 13.0 7.1 98.2 87.3 32.5 DCRS_-_São_Francisco_de_Paula/Cambará_do_Sul_(865_m) -999.9 -999.9 -999.9 -999.9 -999.9 12.7 5.2 1.0 Rio_Grande_do_Sul DCRS -999.9 0.0 0.0 861.28 861.29 861.1 1 0.01 861.29 861.29 861.29 861.29
-29.264900 -50.314899 DCRS-00084 2026-09-22_05:45 7.1 -999.9 -999.9 87.6 -999.9 -999.9 5.2 -999.9 -999.9 -999.9 -999.9 -999.9 3.3 -999.9 19.8 0.0 0.0 0.0 0.0 0.0 0.0 0.0 13.0 7.1 98.2 87.3 32.5 DCRS_-_São_Francisco_de_Paula/Cambará_do_Sul_(865_m) -999.9 -999.9 -999.9 -999.9 -999.9 12.7 5.2 1.0 Rio_Grande_do_Sul DCRS -999.9 0.0 0.0 861.28 861.29 861.1 1 0.01 861.29 861.29 861.29 861.29
-29.264900 -50.314899 DCRS-00084 2026-09-22_05:46 7.1 -999.9 -999.9 87.8 -999.9 -999.9 5.2 -999.9 -999.9 -999.9 -999.9 -999.9 8.1 -999.9 19.8 0.0 0.0 0.0 0.0 0.0 0.0 0.0 13.0 7.1 98.2 87.3 32.5 DCRS_-_São_Francisco_de_Paula/Cambará_do_Sul_(865_m) -999.9 -999.9 -999.9 -999.9 -999.9 12.7 5.2 1.0 Rio_Grande_do_Sul DCRS -999.9 0.0 0.0 861.29 861.29 861.1 1 0.02 861.29 861.29 861.29 861.29
-29.264900 -50.314899 DCRS-00084 2026-09-22_05:47 7.1 -999.9 -999.9 88.1 -999.9 -999.9 5.2 -999.9 -999.9 -999.9 -999.9 -999.9 5.0 -999.9 19.8 0.0 0.0 0.0 0.0 0.0 0.0 0.0 13.0 7.1 98.2 87.3 32.5 DCRS_-_São_Francisco_de_Paula/Cambará_do_Sul_(865_m) -999.9 -999.9 -999.9 -999.9 -999.9 12.7 5.2 1.0 Rio_Grande_do_Sul DCRS -999.9 0.0 0.0 861.29 861.29 861.1 1 0.03 861.29 861.29 861.29 861.29
-29.264900 -50.314899 DCRS-00084 2026-09-22_05:48 7.1 -999.9 -999.9 88.2 -999.9 -999.9 5.3 -999.9 -999.9 -999.9 -999.9 -999.9 2.2 -999.9 19.8 0.0 0.0 0.0 0.0 0.0 0.0 0.0 13.0 7.1 98.2 87.3 32.5 DCRS_-_São_Francisco_de_Paula/Cambará_do_Sul_(865_m) -999.9 -999.9 -999.9 -999.9 -999.9 12.7 5.2 1.0 Rio_Grande_do_Sul DCRS -999.9 0.0 0.0 861.29 861.29 861.1 1 0.02 861.29 861.29 861.29 861.29
-29.264900 -50.314899 DCRS-00084 2026-09-22_05:49 7.1 -999.9 -999.9 88.5 -999.9 -999.9 5.3 -999.9 -999.9 -999.9 -999.9 -999.9 7.3 -999.9 19.8 0.0 0.0 0.0 0.0 0.0 0.0 0.0 13.0 7.1 98.2 87.3 32.5 DCRS_-_São_Francisco_de_Paula/Cambará_do_Sul_(865_m) -999.9 -999.9 -999.9 -999.9 -999.9 12.7 5.2 1.0 Rio_Grande_do_Sul DCRS -999.9 0.0 0.0 861.29 861.29 861.1 1 0.02 861.29 861.29 861.29 861.29
-29.264900 -50.314899 DCRS-00084 2026-09-22_05:50 7.1 -999.9 -999.9 88.5 -999.9 -999.9 5.3 -999.9 -999.9 -999.9 -999.9 -999.9 0.0 -999.9 10.5 0.0 0.0 0.0 0.0 0.0 0.0 0.0 13.0 7.1 98.2 87.3 32.5 DCRS_-_São_Francisco_de_Paula/Cambará_do_Sul_(865_m) -999.9 -999.9 -999.9 -999.9 -999.9 12.7 5.2 1.0 Rio_Grande_do_Sul DCRS -999.9 0.0 0.0 861.29 861.29 861.1 1 0.02 861.29 861.29 861.29 861.29
-29.264900 -50.314899 DCRS-00084 2026-09-22_05:51 7.1 -999.9 -999.9 88.9 -999.9 -999.9 5.4 -999.9 -999.9 -999.9 -999.9 -999.9 -999.9 -999.9 10.5 0.0 0.0 0.0 0.0 0.0 0.0 0.0 13.0 7.1 98.2 87.3 32.5 DCRS_-_São_Francisco_de_Paula/Cambará_do_Sul_(865_m) -999.9 -999.9 -999.9 -999.9 -999.9 12.7 5.2 1.0 Rio_Grande_do_Sul DCRS -999.9 0.0 0.0 861.29 861.29 861.1 1 0.03 861.29 861.29 861.29 861.29
-29.264900 -50.314899 DCRS-00084 2026-09-22_05:52 7.0 -999.9 -999.9 87.6 -999.9 -999.9 5.1 -999.9 -999.9 -999.9 -999.9 -999.9 2.2 -999.9 10.5 0.0 0.0 0.0 0.0 0.0 0.0 0.0 13.0 7.0 98.2 87.3 32.5 DCRS_-_São_Francisco_de_Paula/Cambará_do_Sul_(865_m) -999.9 -999.9 -999.9 -999.9 -999.9 12.7 5.1 1.0 Rio_Grande_do_Sul DCRS -999.9 0.0 0.0 861.3 861.3 861.1 1 0.04 861.3 861.3 861.3 861.3
-29.264900 -50.314899 DCRS-00084 2026-09-22_05:53 7.0 -999.9 -999.9 87.7 -999.9 -999.9 5.1 -999.9 -999.9 -999.9 -999.9 -999.9 7.6 -999.9 10.5 0.0 0.0 0.0 0.0 0.0 0.0 0.0 13.0 7.0 98.2 87.3 32.5 DCRS_-_São_Francisco_de_Paula/Cambará_do_Sul_(865_m) -999.9 -999.9 -999.9 -999.9 -999.9 12.7 5.1 1.0 Rio_Grande_do_Sul DCRS -999.9 0.0 0.0 861.29 861.3 861.1 1 0.02 861.3 861.3 861.3 861.3
-29.264900 -50.314899 DCRS-00084 2026-09-22_05:54 7.0 -999.9 -999.9 87.8 -999.9 -999.9 5.1 -999.9 -999.9 -999.9 -999.9 -999.9 7.9 -999.9 10.5 0.0 0.0 0.0 0.0 0.0 0.0 0.0 13.0 7.0 98.2 87.3 32.5 DCRS_-_São_Francisco_de_Paula/Cambará_do_Sul_(865_m) -999.9 -999.9 -999.9 -999.9 -999.9 12.7 5.1 1.0 Rio_Grande_do_Sul DCRS -999.9 0.0 0.0 861.29 861.3 861.1 1 0.02 861.3 861.3 861.3 861.3
-29.264900 -50.314899 DCRS-00084 2026-09-22_05:55 7.0 -999.9 -999.9 87.8 -999.9 -999.9 5.1 -999.9 -999.9 -999.9 -999.9 -999.9 16.4 -999.9 17.4 0.0 0.0 0.0 0.0 0.0 0.0 0.0 13.0 7.0 98.2 87.3 32.5 DCRS_-_São_Francisco_de_Paula/Cambará_do_Sul_(865_m) -999.9 -999.9 -999.9 -999.9 -999.9 12.7 5.1 1.0 Rio_Grande_do_Sul DCRS -999.9 0.0 0.0 861.3 861.3 861.1 1 0.03 861.3 861.3 861.3 861.3
-29.264900 -50.314899 DCRS-00084 2026-09-22_05:56 6.9 -999.9 -999.9 87.8 -999.9 -999.9 5.0 -999.9 -999.9 -999.9 -999.9 -999.9 7.4 -999.9 17.4 0.0 0.0 0.0 0.0 0.0 0.0 0.0 13.0 6.9 98.2 87.3 32.5 DCRS_-_São_Francisco_de_Paula/Cambará_do_Sul_(865_m) -999.9 -999.9 -999.9 -999.9 -999.9 12.7 5.0 1.0 Rio_Grande_do_Sul DCRS -999.9 0.0 0.0 861.3 861.3 861.1 1 0.03 861.3 861.3 861.3 861.3
-29.264900 -50.314899 DCRS-00084 2026-09-22_05:57 6.9 -999.9 -999.9 87.9 -999.9 -999.9 5.0 -999.9 -999.9 -999.9 -999.9 -999.9 2.5 -999.9 17.4 0.0 0.0 0.0 0.0 0.0 0.0 0.0 13.0 6.9 98.2 87.3 32.5 DCRS_-_São_Francisco_de_Paula/Cambará_do_Sul_(865_m) -999.9 -999.9 -999.9 -999.9 -999.9 12.7 5.0 1.0 Rio_Grande_do_Sul DCRS -999.9 0.0 0.0 861.3 861.3 861.1 1 0.03 861.3 861.3 861.3 861.3
-29.264900 -50.314899 DCRS-00084 2026-09-22_05:58 6.9 -999.9 -999.9 88.0 -999.9 -999.9 5.0 -999.9 -999.9 -999.9 -999.9 -999.9 3.7 -999.9 17.4 0.0 0.0 0.0 0.0 0.0 0.0 0.0 13.0 6.9 98.2 87.3 32.5 DCRS_-_São_Francisco_de_Paula/Cambará_do_Sul_(865_m) -999.9 -999.9 -999.9 -999.9 -999.9 12.7 5.0 1.0 Rio_Grande_do_Sul DCRS -999.9 0.0 0.0 861.3 861.3 861.1 1 0.04 861.3 861.3 861.3 861.3
-29.264900 -50.314899 DCRS-00084 2026-09-22_05:59 6.9 -999.9 -999.9 87.7 -999.9 -999.9 5.0 -999.9 -999.9 -999.9 -999.9 -999.9 12.5 -999.9 17.4 0.0 0.0 0.0 0.0 0.0 0.0 0.0 13.0 6.9 98.2 87.3 32.5 DCRS_-_São_Francisco_de_Paula/Cambará_do_Sul_(865_m) -999.9 -999.9 -999.9 -999.9 -999.9 12.7 5.0 1.0 Rio_Grande_do_Sul DCRS -999.9 0.0 0.0 861.29 861.3 861.1 1 0.02 861.3 861.3 861.3 861.3
-29.264900 -50.314899 DCRS-00084 2026-09-22_06:00 6.8 -999.9 -999.9 87.7 -999.9 -999.9 4.9 -999.9 -999.9 -999.9 -999.9 -999.9 5.0 -999.9 16.9 0.0 0.0 0.0 0.0 0.0 0.0 0.0 13.0 6.8 98.2 87.3 32.5 DCRS_-_São_Francisco_de_Paula/Cambará_do_Sul_(865_m) -999.9 -999.9 -999.9 -999.9 -999.9 12.7 4.9 1.0 Rio_Grande_do_Sul DCRS -999.9 0.0 0.0 861.3 861.3 861.1 1 0.03 861.3 861.3 861.3 861.3
-29.264900 -50.314899 DCRS-00084 2026-09-22_06:01 6.9 -999.9 -999.9 87.9 -999.9 -999.9 5.0 -999.9 -999.9 -999.9 -999.9 -999.9 13.6 -999.9 16.9 0.0 0.0 0.0 0.0 0.0 0.0 0.0 13.0 6.8 98.2 87.3 32.5 DCRS_-_São_Francisco_de_Paula/Cambará_do_Sul_(865_m) -999.9 -999.9 -999.9 -999.9 -999.9 12.7 4.9 1.0 Rio_Grande_do_Sul DCRS -999.9 0.0 0.0 861.3 861.3 861.1 1 0.02 861.3 861.3 861.3 861.3
-29.264900 -50.314899 DCRS-00084 2026-09-22_06:02 6.8 -999.9 -999.9 87.1 -999.9 -999.9 4.8 -999.9 -999.9 -999.9 -999.9 -999.9 14.4 -999.9 16.9 0.0 0.0 0.0 0.0 0.0 0.0 0.0 13.0 6.8 98.2 87.1 32.5 DCRS_-_São_Francisco_de_Paula/Cambará_do_Sul_(865_m) -999.9 -999.9 -999.9 -999.9 -999.9 12.7 4.8 1.0 Rio_Grande_do_Sul DCRS -999.9 0.0 0.0 861.29 861.3 861.1 1 0.01 861.3 861.3 861.3 861.3
-29.264900 -50.314899 DCRS-00084 2026-09-22_06:03 6.8 -999.9 -999.9 86.4 -999.9 -999.9 4.7 -999.9 -999.9 -999.9 -999.9 -999.9 16.4 -999.9 16.9 0.0 0.0 0.0 0.0 0.0 0.0 0.0 13.0 6.8 98.2 86.4 32.5 DCRS_-_São_Francisco_de_Paula/Cambará_do_Sul_(865_m) -999.9 -999.9 -999.9 -999.9 -999.9 12.7 4.7 1.0 Rio_Grande_do_Sul DCRS -999.9 0.0 0.0 861.29 861.3 861.1 1 0.01 861.3 861.3 861.3 861.3
-29.264900 -50.314899 DCRS-00084 2026-09-22_06:04 6.8 -999.9 -999.9 87.2 -999.9 -999.9 4.8 -999.9 -999.9 -999.9 -999.9 -999.9 2.2 -999.9 16.9 0.0 0.0 0.0 0.0 0.0 0.0 0.0 13.0 6.8 98.2 86.4 32.5 DCRS_-_São_Francisco_de_Paula/Cambará_do_Sul_(865_m) -999.9 -999.9 -999.9 -999.9 -999.9 12.7 4.7 1.0 Rio_Grande_do_Sul DCRS -999.9 0.0 0.0 861.29 861.3 861.1 1 0.01 861.3 861.3 861.3 861.3
-29.264900 -50.314899 DCRS-00084 2026-09-22_06:05 6.8 -999.9 -999.9 87.4 -999.9 -999.9 4.8 -999.9 -999.9 -999.9 -999.9 -999.9 7.9 -999.9 20.9 0.0 0.0 0.0 0.0 0.0 0.0 0.0 13.0 6.8 98.2 86.4 32.5 DCRS_-_São_Francisco_de_Paula/Cambará_do_Sul_(865_m) -999.9 -999.9 -999.9 -999.9 -999.9 12.7 4.7 1.0 Rio_Grande_do_Sul DCRS -999.9 0.0 0.0 861.3 861.3 861.1 1 0.02 861.3 861.3 861.3 861.3
-29.264900 -50.314899 DCRS-00084 2026-09-22_06:06 6.8 -999.9 -999.9 87.7 -999.9 -999.9 4.9 -999.9 -999.9 -999.9 -999.9 -999.9 11.9 -999.9 20.9 0.0 0.0 0.0 0.0 0.0 0.0 0.0 13.0 6.8 98.2 86.4 32.5 DCRS_-_São_Francisco_de_Paula/Cambará_do_Sul_(865_m) -999.9 -999.9 -999.9 -999.9 -999.9 12.7 4.7 1.0 Rio_Grande_do_Sul DCRS -999.9 0.0 0.0 861.29 861.3 861.1 1 0.01 861.3 861.3 861.3 861.3
-29.264900 -50.314899 DCRS-00084 2026-09-22_06:07 6.7 -999.9 -999.9 87.5 -999.9 -999.9 4.7 -999.9 -999.9 -999.9 -999.9 -999.9 8.3 -999.9 20.9 0.0 0.0 0.0 0.0 0.0 0.0 0.0 13.0 6.7 98.2 86.4 32.5 DCRS_-_São_Francisco_de_Paula/Cambará_do_Sul_(865_m) -999.9 -999.9 -999.9 -999.9 -999.9 12.7 4.7 1.0 Rio_Grande_do_Sul DCRS -999.9 0.0 0.0 861.3 861.3 861.1 1 0.03 861.3 861.3 861.3 861.3
-29.264900 -50.314899 DCRS-00084 2026-09-22_06:08 6.7 -999.9 -999.9 87.7 -999.9 -999.9 4.8 -999.9 -999.9 -999.9 -999.9 -999.9 10.9 -999.9 20.9 0.0 0.0 0.0 0.0 0.0 0.0 0.0 13.0 6.7 98.2 86.4 32.5 DCRS_-_São_Francisco_de_Paula/Cambará_do_Sul_(865_m) -999.9 -999.9 -999.9 -999.9 -999.9 12.7 4.7 1.0 Rio_Grande_do_Sul DCRS -999.9 0.0 0.0 861.27 861.3 861.1 1 0.0 861.3 861.3 861.3 861.3
-29.264900 -50.314899 DCRS-00084 2026-09-22_06:09 6.7 -999.9 -999.9 87.5 -999.9 -999.9 4.7 -999.9 -999.9 -999.9 -999.9 -999.9 7.2 -999.9 20.9 0.0 0.0 0.0 0.0 0.0 0.0 0.0 13.0 6.7 98.2 86.4 32.5 DCRS_-_São_Francisco_de_Paula/Cambará_do_Sul_(865_m) -999.9 -999.9 -999.9 -999.9 -999.9 12.7 4.7 1.0 Rio_Grande_do_Sul DCRS -999.9 0.0 0.0 861.29 861.3 861.1 1 0.02 861.3 861.3 861.3 861.3
-29.264900 -50.314899 DCRS-00084 2026-09-22_06:10 6.7 -999.9 -999.9 87.9 -999.9 -999.9 4.8 -999.9 -999.9 -999.9 -999.9 -999.9 10.7 -999.9 18.0 0.0 0.0 0.0 0.0 0.0 0.0 0.0 13.0 6.7 98.2 86.4 32.5 DCRS_-_São_Francisco_de_Paula/Cambará_do_Sul_(865_m) -999.9 -999.9 -999.9 -999.9 -999.9 12.7 4.7 1.0 Rio_Grande_do_Sul DCRS -999.9 0.0 0.0 861.3 861.3 861.1 1 0.02 861.3 861.3 861.3 861.3
-29.264900 -50.314899 DCRS-00084 2026-09-22_06:11 6.7 -999.9 -999.9 88.1 -999.9 -999.9 4.8 -999.9 -999.9 -999.9 -999.9 -999.9 13.3 -999.9 18.0 0.0 0.0 0.0 0.0 0.0 0.0 0.0 13.0 6.7 98.2 86.4 32.5 DCRS_-_São_Francisco_de_Paula/Cambará_do_Sul_(865_m) -999.9 -999.9 -999.9 -999.9 -999.9 12.7 4.7 1.0 Rio_Grande_do_Sul DCRS -999.9 0.0 0.0 861.3 861.3 861.1 1 0.02 861.3 861.3 861.3 861.3
-29.264900 -50.314899 DCRS-00084 2026-09-22_06:12 6.7 -999.9 -999.9 88.5 -999.9 -999.9 4.9 -999.9 -999.9 -999.9 -999.9 -999.9 8.8 -999.9 18.0 1.0 0.0 0.0 0.0 0.0 0.0 0.0 13.0 6.7 98.2 86.4 32.5 DCRS_-_São_Francisco_de_Paula/Cambará_do_Sul_(865_m) -999.9 -999.9 -999.9 -999.9 -999.9 12.7 4.7 1.0 Rio_Grande_do_Sul DCRS -999.9 0.0 0.0 861.3 861.3 861.1 1 0.02 861.3 861.3 861.3 861.3
-29.264900 -50.314899 DCRS-00084 2026-09-22_06:13 6.7 -999.9 -999.9 88.6 -999.9 -999.9 4.9 -999.9 -999.9 -999.9 -999.9 -999.9 2.5 -999.9 18.0 1.0 0.0 0.0 0.0 0.0 0.0 0.0 13.0 6.7 98.2 86.4 32.5 DCRS_-_São_Francisco_de_Paula/Cambará_do_Sul_(865_m) -999.9 -999.9 -999.9 -999.9 -999.9 12.7 4.7 1.0 Rio_Grande_do_Sul DCRS -999.9 0.0 0.0 861.3 861.3 861.1 1 0.02 861.3 861.3 861.3 861.3
-29.264900 -50.314899 DCRS-00084 2026-09-22_06:14 6.6 -999.9 -999.9 88.4 -999.9 -999.9 4.8 -999.9 -999.9 -999.9 -999.9 -999.9 11.6 -999.9 18.0 1.0 0.0 0.0 0.0 0.0 0.0 0.0 13.0 6.6 98.2 86.4 32.5 DCRS_-_São_Francisco_de_Paula/Cambará_do_Sul_(865_m) -999.9 -999.9 -999.9 -999.9 -999.9 12.7 4.7 1.0 Rio_Grande_do_Sul DCRS -999.9 0.0 0.0 861.31 861.31 861.1 1 0.04 861.31 861.31 861.31 861.31
-29.264900 -50.314899 DCRS-00084 2026-09-22_06:15 6.6 -999.9 -999.9 88.0 -999.9 -999.9 4.7 -999.9 -999.9 -999.9 -999.9 -999.9 11.7 -999.9 16.1 2.0 0.0 0.0 0.0 0.0 0.0 0.0 13.0 6.6 98.2 86.4 32.5 DCRS_-_São_Francisco_de_Paula/Cambará_do_Sul_(865_m) -999.9 -999.9 -999.9 -999.9 -999.9 12.7 4.7 2.0 Rio_Grande_do_Sul DCRS -999.9 0.0 0.0 861.3 861.31 861.1 1 0.03 861.31 861.31 861.31 861.31
-29.264900 -50.314899 DCRS-00084 2026-09-22_06:16 6.7 -999.9 -999.9 88.2 -999.9 -999.9 4.9 -999.9 -999.9 -999.9 -999.9 -999.9 6.0 -999.9 16.1 3.0 0.0 0.0 0.0 0.0 0.0 0.0 13.0 6.6 98.2 86.4 32.5 DCRS_-_São_Francisco_de_Paula/Cambará_do_Sul_(865_m) -999.9 -999.9 -999.9 -999.9 -999.9 12.7 4.7 3.0 Rio_Grande_do_Sul DCRS -999.9 0.0 0.0 861.3 861.31 861.1 1 0.02 861.31 861.31 861.31 861.31
-29.264900 -50.314899 DCRS-00084 2026-09-22_06:17 6.6 -999.9 -999.9 88.3 -999.9 -999.9 4.8 -999.9 -999.9 -999.9 -999.9 -999.9 6.4 -999.9 16.1 3.0 0.0 0.0 0.0 0.0 0.0 0.0 13.0 6.6 98.2 86.4 32.5 DCRS_-_São_Francisco_de_Paula/Cambará_do_Sul_(865_m) -999.9 -999.9 -999.9 -999.9 -999.9 12.7 4.7 3.0 Rio_Grande_do_Sul DCRS -999.9 0.0 0.0 861.3 861.31 861.1 1 0.03 861.31 861.31 861.31 861.31
-29.264900 -50.314899 DCRS-00084 2026-09-22_06:18 6.7 -999.9 -999.9 89.1 -999.9 -999.9 5.0 -999.9 -999.9 -999.9 -999.9 -999.9 10.4 -999.9 16.1 4.0 0.0 0.0 0.0 0.0 0.0 0.0 13.0 6.6 98.2 86.4 32.5 DCRS_-_São_Francisco_de_Paula/Cambará_do_Sul_(865_m) -999.9 -999.9 -999.9 -999.9 -999.9 12.7 4.7 4.0 Rio_Grande_do_Sul DCRS -999.9 0.0 0.0 861.29 861.31 861.1 1 0.01 861.31 861.31 861.31 861.31
-29.264900 -50.314899 DCRS-00084 2026-09-22_06:19 6.6 -999.9 -999.9 88.3 -999.9 -999.9 4.8 -999.9 -999.9 -999.9 -999.9 -999.9 -999.9 -999.9 16.1 4.0 0.0 0.0 0.0 0.0 0.0 0.0 13.0 6.6 98.2 86.4 32.5 DCRS_-_São_Francisco_de_Paula/Cambará_do_Sul_(865_m) -999.9 -999.9 -999.9 -999.9 -999.9 12.7 4.7 4.0 Rio_Grande_do_Sul DCRS -999.9 0.0 0.0 861.29 861.31 861.1 1 0.01 861.31 861.31 861.31 861.31
-29.264900 -50.314899 DCRS-00084 2026-09-22_06:20 6.6 -999.9 -999.9 87.9 -999.9 -999.9 4.7 -999.9 -999.9 -999.9 -999.9 -999.9 13.9 -999.9 20.9 5.0 0.0 0.0 0.0 0.0 0.0 0.0 13.0 6.6 98.2 86.4 32.5 DCRS_-_São_Francisco_de_Paula/Cambará_do_Sul_(865_m) -999.9 -999.9 -999.9 -999.9 -999.9 12.7 4.7 5.0 Rio_Grande_do_Sul DCRS -999.9 0.0 0.0 861.31 861.31 861.1 1 0.03 861.31 861.31 861.31 861.31
-29.264900 -50.314899 DCRS-00084 2026-09-22_06:21 6.7 -999.9 -999.9 87.6 -999.9 -999.9 4.8 -999.9 -999.9 -999.9 -999.9 -999.9 9.8 -999.9 20.9 6.0 0.0 0.0 0.0 0.0 0.0 0.0 13.0 6.6 98.2 86.4 32.5 DCRS_-_São_Francisco_de_Paula/Cambará_do_Sul_(865_m) -999.9 -999.9 -999.9 -999.9 -999.9 12.7 4.7 6.0 Rio_Grande_do_Sul DCRS -999.9 0.0 0.0 861.31 861.31 861.1 1 0.03 861.31 861.31 861.31 861.31
-29.264900 -50.314899 DCRS-00084 2026-09-22_06:22 6.6 -999.9 -999.9 87.0 -999.9 -999.9 4.6 -999.9 -999.9 -999.9 -999.9 -999.9 5.6 -999.9 20.9 7.0 0.0 0.0 0.0 0.0 0.0 0.0 13.0 6.6 98.2 86.4 32.5 DCRS_-_São_Francisco_de_Paula/Cambará_do_Sul_(865_m) -999.9 -999.9 -999.9 -999.9 -999.9 12.7 4.6 7.0 Rio_Grande_do_Sul DCRS -999.9 0.0 0.0 861.31 861.31 861.1 1 0.03 861.31 861.31 861.31 861.31
-29.264900 -50.314899 DCRS-00084 2026-09-22_06:23 6.6 -999.9 -999.9 87.0 -999.9 -999.9 4.6 -999.9 -999.9 -999.9 -999.9 -999.9 10.6 -999.9 20.9 8.0 0.0 0.0 0.0 0.0 0.0 0.0 13.0 6.6 98.2 86.4 32.5 DCRS_-_São_Francisco_de_Paula/Cambará_do_Sul_(865_m) -999.9 -999.9 -999.9 -999.9 -999.9 12.7 4.6 8.0 Rio_Grande_do_Sul DCRS -999.9 0.0 0.0 861.32 861.32 861.1 1 0.04 861.32 861.32 861.32 861.32
-29.264900 -50.314899 DCRS-00084 2026-09-22_06:24 6.6 -999.9 -999.9 87.0 -999.9 -999.9 4.6 -999.9 -999.9 -999.9 -999.9 -999.9 19.5 -999.9 20.9 9.0 0.0 0.0 0.0 0.0 0.0 0.0 13.0 6.6 98.2 86.4 32.5 DCRS_-_São_Francisco_de_Paula/Cambará_do_Sul_(865_m) -999.9 -999.9 -999.9 -999.9 -999.9 12.7 4.6 9.0 Rio_Grande_do_Sul DCRS -999.9 0.0 0.0 861.3 861.32 861.1 1 0.03 861.32 861.32 861.32 861.32
-29.264900 -50.314899 DCRS-00084 2026-09-22_06:25 6.7 -999.9 -999.9 86.2 -999.9 -999.9 4.5 -999.9 -999.9 -999.9 -999.9 -999.9 22.2 -999.9 23.6 9.0 0.0 0.0 0.0 0.0 0.0 0.0 13.0 6.6 98.2 86.2 32.5 DCRS_-_São_Francisco_de_Paula/Cambará_do_Sul_(865_m) -999.9 -999.9 -999.9 -999.9 -999.9 12.7 4.5 9.0 Rio_Grande_do_Sul DCRS -999.9 0.0 0.0 861.3 861.32 861.1 1 0.03 861.32 861.32 861.32 861.32
-29.264900 -50.314899 DCRS-00084 2026-09-22_06:26 6.7 -999.9 -999.9 85.8 -999.9 -999.9 4.5 -999.9 -999.9 -999.9 -999.9 -999.9 20.0 -999.9 23.6 9.0 0.0 0.0 0.0 0.0 0.0 0.0 13.0 6.6 98.2 85.8 32.5 DCRS_-_São_Francisco_de_Paula/Cambará_do_Sul_(865_m) -999.9 -999.9 -999.9 -999.9 -999.9 12.7 4.5 9.0 Rio_Grande_do_Sul DCRS -999.9 0.0 0.0 861.31 861.32 861.1 1 0.04 861.32 861.32 861.32 861.32
-29.264900 -50.314899 DCRS-00084 2026-09-22_06:27 6.7 -999.9 -999.9 85.4 -999.9 -999.9 4.4 -999.9 -999.9 -999.9 -999.9 -999.9 13.9 -999.9 23.6 10.0 0.0 0.0 0.0 0.0 0.0 0.0 13.0 6.6 98.2 85.4 32.5 DCRS_-_São_Francisco_de_Paula/Cambará_do_Sul_(865_m) -999.9 -999.9 -999.9 -999.9 -999.9 12.7 4.4 10.0 Rio_Grande_do_Sul DCRS -999.9 0.0 0.0 861.31 861.32 861.1 1 0.02 861.32 861.32 861.32 861.32
-29.264900 -50.314899 DCRS-00084 2026-09-22_06:28 6.7 -999.9 -999.9 85.5 -999.9 -999.9 4.4 -999.9 -999.9 -999.9 -999.9 -999.9 20.9 -999.9 23.6 10.0 0.0 0.0 0.0 0.0 0.0 0.0 13.0 6.6 98.2 85.4 32.5 DCRS_-_São_Francisco_de_Paula/Cambará_do_Sul_(865_m) -999.9 -999.9 -999.9 -999.9 -999.9 12.7 4.4 10.0 Rio_Grande_do_Sul DCRS -999.9 0.0 0.0 861.3 861.32 861.1 1 0.01 861.32 861.32 861.32 861.32
-29.264900 -50.314899 DCRS-00084 2026-09-22_06:29 6.7 -999.9 -999.9 85.8 -999.9 -999.9 4.5 -999.9 -999.9 -999.9 -999.9 -999.9 19.8 -999.9 23.6 12.0 0.0 0.0 0.0 0.0 0.0 0.0 13.0 6.6 98.2 85.4 32.5 DCRS_-_São_Francisco_de_Paula/Cambará_do_Sul_(865_m) -999.9 -999.9 -999.9 -999.9 -999.9 12.7 4.4 12.0 Rio_Grande_do_Sul DCRS -999.9 0.0 0.0 861.3 861.32 861.1 1 0.02 861.32 861.32 861.32 861.32
-29.264900 -50.314899 DCRS-00084 2026-09-22_06:30 6.7 -999.9 -999.9 85.1 -999.9 -999.9 4.3 -999.9 -999.9 -999.9 -999.9 -999.9 15.7 -999.9 24.7 13.0 0.0 0.0 0.0 0.0 0.0 0.0 13.0 6.6 98.2 85.1 32.5 DCRS_-_São_Francisco_de_Paula/Cambará_do_Sul_(865_m) -999.9 -999.9 -999.9 -999.9 -999.9 12.7 4.3 13.0 Rio_Grande_do_Sul DCRS -999.9 0.0 0.0 861.31 861.32 861.1 1 0.02 861.32 861.32 861.32 861.32
-29.264900 -50.314899 DCRS-00084 2026-09-22_06:31 6.7 -999.9 -999.9 85.1 -999.9 -999.9 4.3 -999.9 -999.9 -999.9 -999.9 -999.9 21.0 -999.9 24.7 13.0 0.0 0.0 0.0 0.0 0.0 0.0 13.0 6.6 98.2 85.1 32.5 DCRS_-_São_Francisco_de_Paula/Cambará_do_Sul_(865_m) -999.9 -999.9 -999.9 -999.9 -999.9 12.7 4.3 13.0 Rio_Grande_do_Sul DCRS -999.9 0.0 0.0 861.3 861.32 861.1 1 0.02 861.32 861.32 861.32 861.32
-29.264900 -50.314899 DCRS-00084 2026-09-22_06:32 6.7 -999.9 -999.9 84.9 -999.9 -999.9 4.3 -999.9 -999.9 -999.9 -999.9 -999.9 23.6 -999.9 24.7 14.0 0.0 0.0 0.0 0.0 0.0 0.0 13.0 6.6 98.2 84.9 32.5 DCRS_-_São_Francisco_de_Paula/Cambará_do_Sul_(865_m) -999.9 -999.9 -999.9 -999.9 -999.9 12.7 4.3 14.0 Rio_Grande_do_Sul DCRS -999.9 0.0 0.0 861.32 861.32 861.1 1 0.04 861.32 861.32 861.32 861.32
-29.264900 -50.314899 DCRS-00084 2026-09-22_06:33 6.6 -999.9 -999.9 84.9 -999.9 -999.9 4.2 -999.9 -999.9 -999.9 -999.9 -999.9 18.3 -999.9 24.7 14.0 0.0 0.0 0.0 0.0 0.0 0.0 13.0 6.6 98.2 84.9 32.5 DCRS_-_São_Francisco_de_Paula/Cambará_do_Sul_(865_m) -999.9 -999.9 -999.9 -999.9 -999.9 12.7 4.2 14.0 Rio_Grande_do_Sul DCRS -999.9 0.0 0.0 861.3 861.32 861.1 1 0.02 861.32 861.32 861.32 861.32
-29.264900 -50.314899 DCRS-00084 2026-09-22_06:34 6.7 -999.9 -999.9 85.3 -999.9 -999.9 4.4 -999.9 -999.9 -999.9 -999.9 -999.9 15.2 -999.9 24.7 15.0 0.0 0.0 0.0 0.0 0.0 0.0 13.0 6.6 98.2 84.9 32.5 DCRS_-_São_Francisco_de_Paula/Cambará_do_Sul_(865_m) -999.9 -999.9 -999.9 -999.9 -999.9 12.7 4.2 15.0 Rio_Grande_do_Sul DCRS -999.9 0.0 0.0 861.31 861.32 861.1 1 0.03 861.32 861.32 861.32 861.32
-29.264900 -50.314899 DCRS-00084 2026-09-22_06:35 6.6 -999.9 -999.9 85.0 -999.9 -999.9 4.2 -999.9 -999.9 -999.9 -999.9 -999.9 -999.9 -999.9 24.1 15.0 0.0 0.0 0.0 0.0 0.0 0.0 13.0 6.6 98.2 84.9 32.5 DCRS_-_São_Francisco_de_Paula/Cambará_do_Sul_(865_m) -999.9 -999.9 -999.9 -999.9 -999.9 12.7 4.2 15.0 Rio_Grande_do_Sul DCRS -999.9 0.0 0.0 861.3 861.32 861.1 1 0.01 861.32 861.32 861.32 861.32
-29.264900 -50.314899 DCRS-00084 2026-09-22_06:36 6.7 -999.9 -999.9 84.6 -999.9 -999.9 4.3 -999.9 -999.9 -999.9 -999.9 -999.9 13.1 -999.9 24.1 15.0 0.0 0.0 0.0 0.0 0.0 0.0 13.0 6.6 98.2 84.6 32.5 DCRS_-_São_Francisco_de_Paula/Cambará_do_Sul_(865_m) -999.9 -999.9 -999.9 -999.9 -999.9 12.7 4.2 15.0 Rio_Grande_do_Sul DCRS -999.9 0.0 0.0 861.3 861.32 861.1 1 0.01 861.32 861.32 861.32 861.32
-29.264900 -50.314899 DCRS-00084 2026-09-22_06:37 6.6 -999.9 -999.9 84.5 -999.9 -999.9 4.1 -999.9 -999.9 -999.9 -999.9 -999.9 15.8 -999.9 24.1 14.0 0.0 0.0 0.0 0.0 0.0 0.0 13.0 6.6 98.2 84.5 32.5 DCRS_-_São_Francisco_de_Paula/Cambará_do_Sul_(865_m) -999.9 -999.9 -999.9 -999.9 -999.9 12.7 4.1 15.0 Rio_Grande_do_Sul DCRS -999.9 0.0 0.0 861.31 861.32 861.1 1 0.04 861.32 861.32 861.32 861.32
-29.264900 -50.314899 DCRS-00084 2026-09-22_06:38 6.6 -999.9 -999.9 84.6 -999.9 -999.9 4.2 -999.9 -999.9 -999.9 -999.9 -999.9 21.4 -999.9 24.1 13.0 0.0 0.0 0.0 0.0 0.0 0.0 13.0 6.6 98.2 84.5 32.5 DCRS_-_São_Francisco_de_Paula/Cambará_do_Sul_(865_m) -999.9 -999.9 -999.9 -999.9 -999.9 12.7 4.1 15.0 Rio_Grande_do_Sul DCRS -999.9 0.0 0.0 861.31 861.32 861.1 1 0.04 861.32 861.32 861.32 861.32
-29.264900 -50.314899 DCRS-00084 2026-09-22_06:39 6.6 -999.9 -999.9 84.8 -999.9 -999.9 4.2 -999.9 -999.9 -999.9 -999.9 -999.9 5.9 -999.9 24.1 15.0 0.0 0.0 0.0 0.0 0.0 0.0 13.0 6.6 98.2 84.5 32.5 DCRS_-_São_Francisco_de_Paula/Cambará_do_Sul_(865_m) -999.9 -999.9 -999.9 -999.9 -999.9 12.7 4.1 15.0 Rio_Grande_do_Sul DCRS -999.9 0.0 0.0 861.31 861.32 861.1 1 0.03 861.32 861.32 861.32 861.32
-29.264900 -50.314899 DCRS-00084 2026-09-22_06:40 6.7 -999.9 -999.9 84.7 -999.9 -999.9 4.3 -999.9 -999.9 -999.9 -999.9 -999.9 22.6 -999.9 27.2 17.0 0.0 0.0 0.0 0.0 0.0 0.0 13.0 6.6 98.2 84.5 32.5 DCRS_-_São_Francisco_de_Paula/Cambará_do_Sul_(865_m) -999.9 -999.9 -999.9 -999.9 -999.9 12.7 4.1 17.0 Rio_Grande_do_Sul DCRS -999.9 0.0 0.0 861.31 861.32 861.1 1 0.03 861.32 861.32 861.32 861.32
-29.264900 -50.314899 DCRS-00084 2026-09-22_06:41 6.6 -999.9 -999.9 84.4 -999.9 -999.9 4.1 -999.9 -999.9 -999.9 -999.9 -999.9 6.8 -999.9 27.2 18.0 0.0 0.0 0.0 0.0 0.0 0.0 13.0 6.6 98.2 84.4 32.5 DCRS_-_São_Francisco_de_Paula/Cambará_do_Sul_(865_m) -999.9 -999.9 -999.9 -999.9 -999.9 12.7 4.1 18.0 Rio_Grande_do_Sul DCRS -999.9 0.0 0.0 861.31 861.32 861.1 1 0.02 861.32 861.32 861.32 861.32
-29.264900 -50.314899 DCRS-00084 2026-09-22_06:42 6.7 -999.9 -999.9 84.2 -999.9 -999.9 4.2 -999.9 -999.9 -999.9 -999.9 -999.9 16.1 -999.9 27.2 19.0 0.0 0.0 0.0 0.0 0.0 0.0 13.0 6.6 98.2 84.2 32.5 DCRS_-_São_Francisco_de_Paula/Cambará_do_Sul_(865_m) -999.9 -999.9 -999.9 -999.9 -999.9 12.7 4.1 19.0 Rio_Grande_do_Sul DCRS -999.9 0.0 0.0 861.3 861.32 861.1 1 0.01 861.32 861.32 861.32 861.32
-29.264900 -50.314899 DCRS-00084 2026-09-22_06:43 6.7 -999.9 -999.9 84.7 -999.9 -999.9 4.3 -999.9 -999.9 -999.9 -999.9 -999.9 13.9 -999.9 27.2 20.0 0.0 0.0 0.0 0.0 0.0 0.0 13.0 6.6 98.2 84.2 32.5 DCRS_-_São_Francisco_de_Paula/Cambará_do_Sul_(865_m) -999.9 -999.9 -999.9 -999.9 -999.9 12.7 4.1 20.0 Rio_Grande_do_Sul DCRS -999.9 0.0 0.0 861.31 861.32 861.1 1 0.02 861.32 861.32 861.32 861.32
-29.264900 -50.314899 DCRS-00084 2026-09-22_06:44 6.7 -999.9 -999.9 85.1 -999.9 -999.9 4.3 -999.9 -999.9 -999.9 -999.9 -999.9 17.2 -999.9 27.2 19.0 0.0 0.0 0.0 0.0 0.0 0.0 13.0 6.6 98.2 84.2 32.5 DCRS_-_São_Francisco_de_Paula/Cambará_do_Sul_(865_m) -999.9 -999.9 -999.9 -999.9 -999.9 12.7 4.1 20.0 Rio_Grande_do_Sul DCRS -999.9 0.0 0.0 861.31 861.32 861.1 1 0.03 861.32 861.32 861.32 861.32
-29.264900 -50.314899 DCRS-00084 2026-09-22_06:45 6.7 -999.9 -999.9 85.5 -999.9 -999.9 4.4 -999.9 -999.9 -999.9 -999.9 -999.9 12.6 -999.9 23.1 19.0 0.0 0.0 0.0 0.0 0.0 0.0 13.0 6.6 98.2 84.2 32.5 DCRS_-_São_Francisco_de_Paula/Cambará_do_Sul_(865_m) -999.9 -999.9 -999.9 -999.9 -999.9 12.7 4.1 20.0 Rio_Grande_do_Sul DCRS -999.9 0.0 0.0 861.31 861.32 861.1 1 0.02 861.32 861.32 861.32 861.32
-29.264900 -50.314899 DCRS-00084 2026-09-22_06:46 6.6 -999.9 -999.9 85.8 -999.9 -999.9 4.4 -999.9 -999.9 -999.9 -999.9 -999.9 18.3 -999.9 23.1 20.0 0.0 0.0 0.0 0.0 0.0 0.0 13.0 6.6 98.2 84.2 32.5 DCRS_-_São_Francisco_de_Paula/Cambará_do_Sul_(865_m) -999.9 -999.9 -999.9 -999.9 -999.9 12.7 4.1 20.0 Rio_Grande_do_Sul DCRS -999.9 0.0 0.0 861.31 861.32 861.1 1 0.02 861.32 861.32 861.32 861.32
-29.264900 -50.314899 DCRS-00084 2026-09-22_06:47 6.7 -999.9 -999.9 85.7 -999.9 -999.9 4.4 -999.9 -999.9 -999.9 -999.9 -999.9 3.4 -999.9 23.1 19.0 0.0 0.0 0.0 0.0 0.0 0.0 13.0 6.6 98.2 84.2 32.5 DCRS_-_São_Francisco_de_Paula/Cambará_do_Sul_(865_m) -999.9 -999.9 -999.9 -999.9 -999.9 12.7 4.1 20.0 Rio_Grande_do_Sul DCRS -999.9 0.0 0.0 861.31 861.32 861.1 1 0.02 861.32 861.32 861.32 861.32
-29.264900 -50.314899 DCRS-00084 2026-09-22_06:48 6.7 -999.9 -999.9 85.3 -999.9 -999.9 4.4 -999.9 -999.9 -999.9 -999.9 -999.9 12.2 -999.9 23.1 17.0 0.0 0.0 0.0 0.0 0.0 0.0 13.0 6.6 98.2 84.2 32.5 DCRS_-_São_Francisco_de_Paula/Cambará_do_Sul_(865_m) -999.9 -999.9 -999.9 -999.9 -999.9 12.7 4.1 20.0 Rio_Grande_do_Sul DCRS -999.9 0.0 0.0 861.31 861.32 861.1 1 0.02 861.32 861.32 861.32 861.32
-29.264900 -50.314899 DCRS-00084 2026-09-22_06:49 6.7 -999.9 -999.9 85.5 -999.9 -999.9 4.4 -999.9 -999.9 -999.9 -999.9 -999.9 5.6 -999.9 23.1 18.0 0.0 0.0 0.0 0.0 0.0 0.0 13.0 6.6 98.2 84.2 32.5 DCRS_-_São_Francisco_de_Paula/Cambará_do_Sul_(865_m) -999.9 -999.9 -999.9 -999.9 -999.9 12.7 4.1 20.0 Rio_Grande_do_Sul DCRS -999.9 0.0 0.0 861.31 861.32 861.1 1 0.02 861.32 861.32 861.32 861.32
-29.264900 -50.314899 DCRS-00084 2026-09-22_06:50 6.6 -999.9 -999.9 85.1 -999.9 -999.9 4.2 -999.9 -999.9 -999.9 -999.9 -999.9 -999.9 -999.9 19.1 18.0 0.0 0.0 0.0 0.0 0.0 0.0 13.0 6.6 98.2 84.2 32.5 DCRS_-_São_Francisco_de_Paula/Cambará_do_Sul_(865_m) -999.9 -999.9 -999.9 -999.9 -999.9 12.7 4.1 20.0 Rio_Grande_do_Sul DCRS -999.9 0.0 0.0 861.32 861.32 861.1 1 0.03 861.32 861.32 861.32 861.32
-29.264900 -50.314899 DCRS-00084 2026-09-22_06:51 6.6 -999.9 -999.9 84.8 -999.9 -999.9 4.2 -999.9 -999.9 -999.9 -999.9 -999.9 6.3 -999.9 19.1 18.0 0.0 0.0 0.0 0.0 0.0 0.0 13.0 6.6 98.2 84.2 32.5 DCRS_-_São_Francisco_de_Paula/Cambará_do_Sul_(865_m) -999.9 -999.9 -999.9 -999.9 -999.9 12.7 4.1 20.0 Rio_Grande_do_Sul DCRS -999.9 0.0 0.0 861.31 861.32 861.1 1 0.02 861.32 861.32 861.32 861.32
-29.264900 -50.314899 DCRS-00084 2026-09-22_06:52 6.7 -999.9 -999.9 85.7 -999.9 -999.9 4.4 -999.9 -999.9 -999.9 -999.9 -999.9 6.8 -999.9 19.1 18.0 0.0 0.0 0.0 0.0 0.0 0.0 13.0 6.6 98.2 84.2 32.5 DCRS_-_São_Francisco_de_Paula/Cambará_do_Sul_(865_m) -999.9 -999.9 -999.9 -999.9 -999.9 12.7 4.1 20.0 Rio_Grande_do_Sul DCRS -999.9 0.0 0.0 861.31 861.32 861.1 1 0.01 861.32 861.32 861.32 861.32
-29.264900 -50.314899 DCRS-00084 2026-09-22_06:53 6.7 -999.9 -999.9 86.7 -999.9 -999.9 4.6 -999.9 -999.9 -999.9 -999.9 -999.9 0.0 -999.9 19.1 19.0 0.0 0.0 0.0 0.0 0.0 0.0 13.0 6.6 98.2 84.2 32.5 DCRS_-_São_Francisco_de_Paula/Cambará_do_Sul_(865_m) -999.9 -999.9 -999.9 -999.9 -999.9 12.7 4.1 20.0 Rio_Grande_do_Sul DCRS -999.9 0.0 0.0 861.32 861.32 861.1 1 0.03 861.32 861.32 861.32 861.32
-29.264900 -50.314899 DCRS-00084 2026-09-22_06:54 6.8 -999.9 -999.9 87.7 -999.9 -999.9 4.9 -999.9 -999.9 -999.9 -999.9 -999.9 4.0 -999.9 19.1 19.0 0.0 0.0 0.0 0.0 0.0 0.0 13.0 6.6 98.2 84.2 32.5 DCRS_-_São_Francisco_de_Paula/Cambará_do_Sul_(865_m) -999.9 -999.9 -999.9 -999.9 -999.9 12.7 4.1 20.0 Rio_Grande_do_Sul DCRS -999.9 0.0 0.0 861.32 861.32 861.1 1 0.02 861.32 861.32 861.32 861.32
-29.264900 -50.314899 DCRS-00084 2026-09-22_06:55 6.8 -999.9 -999.9 87.2 -999.9 -999.9 4.8 -999.9 -999.9 -999.9 -999.9 -999.9 11.8 -999.9 24.0 20.0 0.0 0.0 0.0 0.0 0.0 0.0 13.0 6.6 98.2 84.2 32.5 DCRS_-_São_Francisco_de_Paula/Cambará_do_Sul_(865_m) -999.9 -999.9 -999.9 -999.9 -999.9 12.7 4.1 20.0 Rio_Grande_do_Sul DCRS -999.9 0.0 0.0 861.32 861.32 861.1 1 0.02 861.32 861.32 861.32 861.32
-29.264900 -50.314899 DCRS-00084 2026-09-22_06:56 6.8 -999.9 -999.9 86.7 -999.9 -999.9 4.7 -999.9 -999.9 -999.9 -999.9 -999.9 14.5 -999.9 24.0 21.0 0.0 0.0 0.0 0.0 0.0 0.0 13.0 6.6 98.2 84.2 32.5 DCRS_-_São_Francisco_de_Paula/Cambará_do_Sul_(865_m) -999.9 -999.9 -999.9 -999.9 -999.9 12.7 4.1 21.0 Rio_Grande_do_Sul DCRS -999.9 0.0 0.0 861.32 861.32 861.1 1 0.02 861.32 861.32 861.32 861.32
-29.264900 -50.314899 DCRS-00084 2026-09-22_06:57 6.7 -999.9 -999.9 85.0 -999.9 -999.9 4.3 -999.9 -999.9 -999.9 -999.9 -999.9 16.2 -999.9 24.0 21.0 0.0 0.0 0.0 0.0 0.0 0.0 13.0 6.6 98.2 84.2 32.5 DCRS_-_São_Francisco_de_Paula/Cambará_do_Sul_(865_m) -999.9 -999.9 -999.9 -999.9 -999.9 12.7 4.1 21.0 Rio_Grande_do_Sul DCRS -999.9 0.0 0.0 861.32 861.32 861.1 1 0.02 861.32 861.32 861.32 861.32
-29.264900 -50.314899 DCRS-00084 2026-09-22_06:58 6.7 -999.9 -999.9 85.2 -999.9 -999.9 4.4 -999.9 -999.9 -999.9 -999.9 -999.9 9.9 -999.9 24.0 24.0 0.0 0.0 0.0 0.0 0.0 0.0 13.0 6.6 98.2 84.2 32.5 DCRS_-_São_Francisco_de_Paula/Cambará_do_Sul_(865_m) -999.9 -999.9 -999.9 -999.9 -999.9 12.7 4.1 24.0 Rio_Grande_do_Sul DCRS -999.9 0.0 0.0 861.31 861.32 861.1 1 0.01 861.32 861.32 861.32 861.32
-29.264900 -50.314899 DCRS-00084 2026-09-22_06:59 6.7 -999.9 -999.9 85.0 -999.9 -999.9 4.3 -999.9 -999.9 -999.9 -999.9 -999.9 12.6 -999.9 24.0 27.0 0.0 0.0 0.0 0.0 0.0 0.0 13.0 6.6 98.2 84.2 32.5 DCRS_-_São_Francisco_de_Paula/Cambará_do_Sul_(865_m) -999.9 -999.9 -999.9 -999.9 -999.9 12.7 4.1 27.0 Rio_Grande_do_Sul DCRS -999.9 0.0 0.0 861.32 861.32 861.1 1 0.03 861.32 861.32 861.32 861.32
-29.264900 -50.314899 DCRS-00084 2026-09-22_07:00 6.7 -999.9 -999.9 85.8 -999.9 -999.9 4.5 -999.9 -999.9 -999.9 -999.9 -999.9 6.9 -999.9 19.6 28.0 0.0 0.0 0.0 0.0 0.0 0.0 13.0 6.6 98.2 84.2 32.5 DCRS_-_São_Francisco_de_Paula/Cambará_do_Sul_(865_m) -999.9 -999.9 -999.9 -999.9 -999.9 12.7 4.1 28.0 Rio_Grande_do_Sul DCRS -999.9 0.0 0.0 861.31 861.32 861.1 1 0.01 861.32 861.32 861.32 861.32
-29.264900 -50.314899 DCRS-00084 2026-09-22_07:01 6.7 -999.9 -999.9 84.9 -999.9 -999.9 4.3 -999.9 -999.9 -999.9 -999.9 -999.9 12.3 -999.9 19.6 28.0 0.0 0.0 0.0 0.0 0.0 0.0 13.0 6.6 98.2 84.2 32.5 DCRS_-_São_Francisco_de_Paula/Cambará_do_Sul_(865_m) -999.9 -999.9 -999.9 -999.9 -999.9 12.7 4.1 28.0 Rio_Grande_do_Sul DCRS -999.9 0.0 0.0 861.31 861.32 861.1 1 0.01 861.32 861.32 861.32 861.32
-29.264900 -50.314899 DCRS-00084 2026-09-22_07:02 6.7 -999.9 -999.9 85.0 -999.9 -999.9 4.3 -999.9 -999.9 -999.9 -999.9 -999.9 17.0 -999.9 19.6 31.0 0.0 0.0 0.0 0.0 0.0 0.0 13.0 6.6 98.2 84.2 32.5 DCRS_-_São_Francisco_de_Paula/Cambará_do_Sul_(865_m) -999.9 -999.9 -999.9 -999.9 -999.9 12.7 4.1 31.0 Rio_Grande_do_Sul DCRS -999.9 0.0 0.0 861.32 861.32 861.1 1 0.03 861.32 861.32 861.32 861.32
-29.264900 -50.314899 DCRS-00084 2026-09-22_07:03 6.7 -999.9 -999.9 85.2 -999.9 -999.9 4.4 -999.9 -999.9 -999.9 -999.9 -999.9 17.0 -999.9 19.6 31.0 0.0 0.0 0.0 0.0 0.0 0.0 13.0 6.6 98.2 84.2 32.5 DCRS_-_São_Francisco_de_Paula/Cambará_do_Sul_(865_m) -999.9 -999.9 -999.9 -999.9 -999.9 12.7 4.1 31.0 Rio_Grande_do_Sul DCRS -999.9 0.0 0.0 861.32 861.32 861.1 1 0.03 861.32 861.32 861.32 861.32
-29.264900 -50.314899 DCRS-00084 2026-09-22_07:04 6.7 -999.9 -999.9 85.0 -999.9 -999.9 4.3 -999.9 -999.9 -999.9 -999.9 -999.9 15.2 -999.9 19.6 31.0 0.0 0.0 0.0 0.0 0.0 0.0 13.0 6.6 98.2 84.2 32.5 DCRS_-_São_Francisco_de_Paula/Cambará_do_Sul_(865_m) -999.9 -999.9 -999.9 -999.9 -999.9 12.7 4.1 31.0 Rio_Grande_do_Sul DCRS -999.9 0.0 0.0 861.31 861.32 861.1 1 0.02 861.32 861.32 861.32 861.32
-29.264900 -50.314899 DCRS-00084 2026-09-22_07:05 6.6 -999.9 -999.9 85.5 -999.9 -999.9 4.3 -999.9 -999.9 -999.9 -999.9 -999.9 11.9 -999.9 21.6 34.0 0.0 0.0 0.0 0.0 0.0 0.0 13.0 6.6 98.2 84.2 32.5 DCRS_-_São_Francisco_de_Paula/Cambará_do_Sul_(865_m) -999.9 -999.9 -999.9 -999.9 -999.9 12.7 4.1 34.0 Rio_Grande_do_Sul DCRS -999.9 0.0 0.0 861.31 861.32 861.1 1 0.01 861.32 861.32 861.32 861.32
-29.264900 -50.314899 DCRS-00084 2026-09-22_07:06 6.7 -999.9 -999.9 85.2 -999.9 -999.9 4.4 -999.9 -999.9 -999.9 -999.9 -999.9 11.0 -999.9 21.6 37.0 0.0 0.0 0.0 0.0 0.0 0.0 13.0 6.6 98.2 84.2 32.5 DCRS_-_São_Francisco_de_Paula/Cambará_do_Sul_(865_m) -999.9 -999.9 -999.9 -999.9 -999.9 12.7 4.1 37.0 Rio_Grande_do_Sul DCRS -999.9 0.0 0.0 861.32 861.32 861.1 1 0.03 861.32 861.32 861.32 861.32
-29.264900 -50.314899 DCRS-00084 2026-09-22_07:07 6.7 -999.9 -999.9 85.2 -999.9 -999.9 4.4 -999.9 -999.9 -999.9 -999.9 -999.9 16.8 -999.9 21.6 39.0 0.0 0.0 0.0 0.0 0.0 0.0 13.0 6.6 98.2 84.2 32.5 DCRS_-_São_Francisco_de_Paula/Cambará_do_Sul_(865_m) -999.9 -999.9 -999.9 -999.9 -999.9 12.7 4.1 39.0 Rio_Grande_do_Sul DCRS -999.9 0.0 0.0 861.32 861.32 861.1 1 0.02 861.32 861.32 861.32 861.32
-29.264900 -50.314899 DCRS-00084 2026-09-22_07:08 6.6 -999.9 -999.9 85.3 -999.9 -999.9 4.3 -999.9 -999.9 -999.9 -999.9 -999.9 14.5 -999.9 21.6 40.0 0.0 0.0 0.0 0.0 0.0 0.0 13.0 6.6 98.2 84.2 32.5 DCRS_-_São_Francisco_de_Paula/Cambará_do_Sul_(865_m) -999.9 -999.9 -999.9 -999.9 -999.9 12.7 4.1 40.0 Rio_Grande_do_Sul DCRS -999.9 0.0 0.0 861.32 861.32 861.1 1 0.05 861.32 861.32 861.32 861.32
-29.264900 -50.314899 DCRS-00084 2026-09-22_07:09 6.6 -999.9 -999.9 85.5 -999.9 -999.9 4.3 -999.9 -999.9 -999.9 -999.9 -999.9 17.4 -999.9 21.6 40.0 0.0 0.0 0.0 0.0 0.0 0.0 13.0 6.6 98.2 84.2 32.5 DCRS_-_São_Francisco_de_Paula/Cambará_do_Sul_(865_m) -999.9 -999.9 -999.9 -999.9 -999.9 12.7 4.1 40.0 Rio_Grande_do_Sul DCRS -999.9 0.0 0.0 861.31 861.32 861.1 1 0.02 861.32 861.32 861.32 861.32
-29.264900 -50.314899 DCRS-00084 2026-09-22_07:10 6.6 -999.9 -999.9 85.9 -999.9 -999.9 4.4 -999.9 -999.9 -999.9 -999.9 -999.9 19.0 -999.9 20.8 40.0 0.0 0.0 0.0 0.0 0.0 0.0 13.0 6.6 98.2 84.2 32.5 DCRS_-_São_Francisco_de_Paula/Cambará_do_Sul_(865_m) -999.9 -999.9 -999.9 -999.9 -999.9 12.7 4.1 40.0 Rio_Grande_do_Sul DCRS -999.9 0.0 0.0 861.32 861.32 861.1 1 0.02 861.32 861.32 861.32 861.32
-29.264900 -50.314899 DCRS-00084 2026-09-22_07:11 6.5 -999.9 -999.9 85.6 -999.9 -999.9 4.2 -999.9 -999.9 -999.9 -999.9 -999.9 17.2 -999.9 20.8 41.0 0.0 0.0 0.0 0.0 0.0 0.0 13.0 6.5 98.2 84.2 32.5 DCRS_-_São_Francisco_de_Paula/Cambará_do_Sul_(865_m) -999.9 -999.9 -999.9 -999.9 -999.9 12.7 4.1 41.0 Rio_Grande_do_Sul DCRS -999.9 0.0 0.0 861.32 861.32 861.1 1 0.02 861.32 861.32 861.32 861.32
-29.264900 -50.314899 DCRS-00084 2026-09-22_07:12 6.6 -999.9 -999.9 86.3 -999.9 -999.9 4.4 -999.9 -999.9 -999.9 -999.9 -999.9 8.0 -999.9 20.8 41.0 0.0 0.0 0.0 0.0 0.0 0.0 13.0 6.5 98.2 84.2 32.5 DCRS_-_São_Francisco_de_Paula/Cambará_do_Sul_(865_m) -999.9 -999.9 -999.9 -999.9 -999.9 12.7 4.1 41.0 Rio_Grande_do_Sul DCRS -999.9 0.0 0.0 861.32 861.32 861.1 1 0.02 861.32 861.32 861.32 861.32
-29.264900 -50.314899 DCRS-00084 2026-09-22_07:13 6.6 -999.9 -999.9 86.8 -999.9 -999.9 4.5 -999.9 -999.9 -999.9 -999.9 -999.9 17.9 -999.9 20.8 39.0 0.0 0.0 0.0 0.0 0.0 0.0 13.0 6.5 98.2 84.2 32.5 DCRS_-_São_Francisco_de_Paula/Cambará_do_Sul_(865_m) -999.9 -999.9 -999.9 -999.9 -999.9 12.7 4.1 41.0 Rio_Grande_do_Sul DCRS -999.9 0.0 0.0 861.31 861.32 861.1 1 0.0 861.32 861.32 861.32 861.32
-29.264900 -50.314899 DCRS-00084 2026-09-22_07:14 6.5 -999.9 -999.9 86.6 -999.9 -999.9 4.4 -999.9 -999.9 -999.9 -999.9 -999.9 10.2 -999.9 20.8 36.0 0.0 0.0 0.0 0.0 0.0 0.0 13.0 6.5 98.2 84.2 32.5 DCRS_-_São_Francisco_de_Paula/Cambará_do_Sul_(865_m) -999.9 -999.9 -999.9 -999.9 -999.9 12.7 4.1 41.0 Rio_Grande_do_Sul DCRS -999.9 0.0 0.0 861.31 861.32 861.1 1 0.0 861.32 861.32 861.32 861.32
-29.264900 -50.314899 DCRS-00084 2026-09-22_07:15 6.6 -999.9 -999.9 86.4 -999.9 -999.9 4.5 -999.9 -999.9 -999.9 -999.9 -999.9 13.2 -999.9 23.1 36.0 0.0 0.0 0.0 0.0 0.0 0.0 13.0 6.5 98.2 84.2 32.5 DCRS_-_São_Francisco_de_Paula/Cambará_do_Sul_(865_m) -999.9 -999.9 -999.9 -999.9 -999.9 12.7 4.1 41.0 Rio_Grande_do_Sul DCRS -999.9 0.0 0.0 861.32 861.32 861.1 1 0.02 861.32 861.32 861.32 861.32
-29.264900 -50.314899 DCRS-00084 2026-09-22_07:16 6.5 -999.9 -999.9 86.9 -999.9 -999.9 4.4 -999.9 -999.9 -999.9 -999.9 -999.9 18.6 -999.9 23.1 34.0 0.0 0.0 0.0 0.0 0.0 0.0 13.0 6.5 98.2 84.2 32.5 DCRS_-_São_Francisco_de_Paula/Cambará_do_Sul_(865_m) -999.9 -999.9 -999.9 -999.9 -999.9 12.7 4.1 41.0 Rio_Grande_do_Sul DCRS -999.9 0.0 0.0 861.32 861.32 861.1 1 0.02 861.32 861.32 861.32 861.32
-29.264900 -50.314899 DCRS-00084 2026-09-22_07:17 6.6 -999.9 -999.9 86.5 -999.9 -999.9 4.5 -999.9 -999.9 -999.9 -999.9 -999.9 8.5 -999.9 23.1 34.0 0.0 0.0 0.0 0.0 0.0 0.0 13.0 6.5 98.2 84.2 32.5 DCRS_-_São_Francisco_de_Paula/Cambará_do_Sul_(865_m) -999.9 -999.9 -999.9 -999.9 -999.9 12.7 4.1 41.0 Rio_Grande_do_Sul DCRS -999.9 0.0 0.0 861.32 861.32 861.1 1 0.02 861.32 861.32 861.32 861.32
-29.264900 -50.314899 DCRS-00084 2026-09-22_07:18 6.6 -999.9 -999.9 87.1 -999.9 -999.9 4.6 -999.9 -999.9 -999.9 -999.9 -999.9 6.7 -999.9 23.1 31.0 0.0 0.0 0.0 0.0 0.0 0.0 13.0 6.5 98.2 84.2 32.5 DCRS_-_São_Francisco_de_Paula/Cambará_do_Sul_(865_m) -999.9 -999.9 -999.9 -999.9 -999.9 12.7 4.1 41.0 Rio_Grande_do_Sul DCRS -999.9 0.0 0.0 861.32 861.32 861.1 1 0.03 861.32 861.32 861.32 861.32
-29.264900 -50.314899 DCRS-00084 2026-09-22_07:19 6.5 -999.9 -999.9 87.2 -999.9 -999.9 4.5 -999.9 -999.9 -999.9 -999.9 -999.9 10.4 -999.9 23.1 29.0 0.0 0.0 0.0 0.0 0.0 0.0 13.0 6.5 98.2 84.2 32.5 DCRS_-_São_Francisco_de_Paula/Cambará_do_Sul_(865_m) -999.9 -999.9 -999.9 -999.9 -999.9 12.7 4.1 41.0 Rio_Grande_do_Sul DCRS -999.9 0.0 0.0 861.33 861.33 861.1 1 0.04 861.33 861.33 861.33 861.33
-29.264900 -50.314899 DCRS-00084 2026-09-22_07:20 6.6 -999.9 -999.9 87.5 -999.9 -999.9 4.6 -999.9 -999.9 -999.9 -999.9 -999.9 8.6 -999.9 18.9 29.0 0.0 0.0 0.0 0.0 0.0 0.0 13.0 6.5 98.2 84.2 32.5 DCRS_-_São_Francisco_de_Paula/Cambará_do_Sul_(865_m) -999.9 -999.9 -999.9 -999.9 -999.9 12.7 4.1 41.0 Rio_Grande_do_Sul DCRS -999.9 0.0 0.0 861.33 861.33 861.1 1 0.02 861.33 861.33 861.33 861.33
-29.264900 -50.314899 DCRS-00084 2026-09-22_07:21 6.6 -999.9 -999.9 87.9 -999.9 -999.9 4.7 -999.9 -999.9 -999.9 -999.9 -999.9 5.3 -999.9 18.9 31.0 0.0 0.0 0.0 0.0 0.0 0.0 13.0 6.5 98.2 84.2 32.5 DCRS_-_São_Francisco_de_Paula/Cambará_do_Sul_(865_m) -999.9 -999.9 -999.9 -999.9 -999.9 12.7 4.1 41.0 Rio_Grande_do_Sul DCRS -999.9 0.0 0.0 861.33 861.33 861.1 1 0.02 861.33 861.33 861.33 861.33
-29.264900 -50.314899 DCRS-00084 2026-09-22_07:22 6.6 -999.9 -999.9 87.8 -999.9 -999.9 4.7 -999.9 -999.9 -999.9 -999.9 -999.9 9.5 -999.9 18.9 32.0 0.0 0.0 0.0 0.0 0.0 0.0 13.0 6.5 98.2 84.2 32.5 DCRS_-_São_Francisco_de_Paula/Cambará_do_Sul_(865_m) -999.9 -999.9 -999.9 -999.9 -999.9 12.7 4.1 41.0 Rio_Grande_do_Sul DCRS -999.9 0.0 0.0 861.33 861.33 861.1 1 0.02 861.33 861.33 861.33 861.33
-29.264900 -50.314899 DCRS-00084 2026-09-22_07:23 6.5 -999.9 -999.9 86.6 -999.9 -999.9 4.4 -999.9 -999.9 -999.9 -999.9 -999.9 18.2 -999.9 18.9 34.0 0.0 0.0 0.0 0.0 0.0 0.0 13.0 6.5 98.2 84.2 32.5 DCRS_-_São_Francisco_de_Paula/Cambará_do_Sul_(865_m) -999.9 -999.9 -999.9 -999.9 -999.9 12.7 4.1 41.0 Rio_Grande_do_Sul DCRS -999.9 0.0 0.0 861.33 861.33 861.1 1 0.01 861.33 861.33 861.33 861.33
-29.264900 -50.314899 DCRS-00084 2026-09-22_07:24 6.6 -999.9 -999.9 87.0 -999.9 -999.9 4.6 -999.9 -999.9 -999.9 -999.9 -999.9 14.2 -999.9 18.9 37.0 0.0 0.0 0.0 0.0 0.0 0.0 13.0 6.5 98.2 84.2 32.5 DCRS_-_São_Francisco_de_Paula/Cambará_do_Sul_(865_m) -999.9 -999.9 -999.9 -999.9 -999.9 12.7 4.1 41.0 Rio_Grande_do_Sul DCRS -999.9 0.0 0.0 861.32 861.33 861.1 1 0.02 861.33 861.33 861.33 861.33
-29.264900 -50.314899 DCRS-00084 2026-09-22_07:25 6.6 -999.9 -999.9 87.6 -999.9 -999.9 4.7 -999.9 -999.9 -999.9 -999.9 -999.9 8.0 -999.9 24.2 38.0 0.0 0.0 0.0 0.0 0.0 0.0 13.0 6.5 98.2 84.2 32.5 DCRS_-_São_Francisco_de_Paula/Cambará_do_Sul_(865_m) -999.9 -999.9 -999.9 -999.9 -999.9 12.7 4.1 41.0 Rio_Grande_do_Sul DCRS -999.9 0.0 0.0 861.33 861.33 861.1 1 0.03 861.33 861.33 861.33 861.33
-29.264900 -50.314899 DCRS-00084 2026-09-22_07:26 6.6 -999.9 -999.9 87.7 -999.9 -999.9 4.7 -999.9 -999.9 -999.9 -999.9 -999.9 6.7 -999.9 24.2 35.0 0.0 0.0 0.0 0.0 0.0 0.0 13.0 6.5 98.2 84.2 32.5 DCRS_-_São_Francisco_de_Paula/Cambará_do_Sul_(865_m) -999.9 -999.9 -999.9 -999.9 -999.9 12.7 4.1 41.0 Rio_Grande_do_Sul DCRS -999.9 0.0 0.0 861.31 861.33 861.1 1 0.0 861.33 861.33 861.33 861.33
-29.264900 -50.314899 DCRS-00084 2026-09-22_07:27 6.6 -999.9 -999.9 87.6 -999.9 -999.9 4.7 -999.9 -999.9 -999.9 -999.9 -999.9 15.1 -999.9 24.2 34.0 0.0 0.0 0.0 0.0 0.0 0.0 13.0 6.5 98.2 84.2 32.5 DCRS_-_São_Francisco_de_Paula/Cambará_do_Sul_(865_m) -999.9 -999.9 -999.9 -999.9 -999.9 12.7 4.1 41.0 Rio_Grande_do_Sul DCRS -999.9 0.0 0.0 861.33 861.33 861.1 1 0.02 861.33 861.33 861.33 861.33
-29.264900 -50.314899 DCRS-00084 2026-09-22_07:28 6.6 -999.9 -999.9 87.1 -999.9 -999.9 4.6 -999.9 -999.9 -999.9 -999.9 -999.9 12.3 -999.9 24.2 34.0 0.0 0.0 0.0 0.0 0.0 0.0 13.0 6.5 98.2 84.2 32.5 DCRS_-_São_Francisco_de_Paula/Cambará_do_Sul_(865_m) -999.9 -999.9 -999.9 -999.9 -999.9 12.7 4.1 41.0 Rio_Grande_do_Sul DCRS -999.9 0.0 0.0 861.33 861.33 861.1 1 0.03 861.33 861.33 861.33 861.33
-29.264900 -50.314899 DCRS-00084 2026-09-22_07:29 6.6 -999.9 -999.9 87.1 -999.9 -999.9 4.6 -999.9 -999.9 -999.9 -999.9 -999.9 11.3 -999.9 24.2 37.0 0.0 0.0 0.0 0.0 0.0 0.0 13.0 6.5 98.2 84.2 32.5 DCRS_-_São_Francisco_de_Paula/Cambará_do_Sul_(865_m) -999.9 -999.9 -999.9 -999.9 -999.9 12.7 4.1 41.0 Rio_Grande_do_Sul DCRS -999.9 0.0 0.0 861.33 861.33 861.1 1 0.03 861.33 861.33 861.33 861.33
-29.264900 -50.314899 DCRS-00084 2026-09-22_07:30 6.7 -999.9 -999.9 87.8 -999.9 -999.9 4.8 -999.9 -999.9 -999.9 -999.9 -999.9 11.9 -999.9 18.0 39.0 0.0 0.0 0.0 0.0 0.0 0.0 13.0 6.5 98.2 84.2 32.5 DCRS_-_São_Francisco_de_Paula/Cambará_do_Sul_(865_m) -999.9 -999.9 -999.9 -999.9 -999.9 12.7 4.1 41.0 Rio_Grande_do_Sul DCRS -999.9 0.0 0.0 861.33 861.33 861.1 1 0.02 861.33 861.33 861.33 861.33
-29.264900 -50.314899 DCRS-00084 2026-09-22_07:31 6.6 -999.9 -999.9 87.3 -999.9 -999.9 4.6 -999.9 -999.9 -999.9 -999.9 -999.9 -999.9 -999.9 18.0 36.0 0.0 0.0 0.0 0.0 0.0 0.0 13.0 6.5 98.2 84.2 32.5 DCRS_-_São_Francisco_de_Paula/Cambará_do_Sul_(865_m) -999.9 -999.9 -999.9 -999.9 -999.9 12.7 4.1 41.0 Rio_Grande_do_Sul DCRS -999.9 0.0 0.0 861.33 861.33 861.1 1 0.03 861.33 861.33 861.33 861.33
-29.264900 -50.314899 DCRS-00084 2026-09-22_07:32 6.6 -999.9 -999.9 86.5 -999.9 -999.9 4.5 -999.9 -999.9 -999.9 -999.9 -999.9 17.1 -999.9 18.0 36.0 0.0 0.0 0.0 0.0 0.0 0.0 13.0 6.5 98.2 84.2 32.5 DCRS_-_São_Francisco_de_Paula/Cambará_do_Sul_(865_m) -999.9 -999.9 -999.9 -999.9 -999.9 12.7 4.1 41.0 Rio_Grande_do_Sul DCRS -999.9 0.0 0.0 861.33 861.33 861.1 1 0.03 861.33 861.33 861.33 861.33
-29.264900 -50.314899 DCRS-00084 2026-09-22_07:33 6.6 -999.9 -999.9 86.1 -999.9 -999.9 4.4 -999.9 -999.9 -999.9 -999.9 -999.9 17.2 -999.9 18.0 38.0 0.0 0.0 0.0 0.0 0.0 0.0 13.0 6.5 98.2 84.2 32.5 DCRS_-_São_Francisco_de_Paula/Cambará_do_Sul_(865_m) -999.9 -999.9 -999.9 -999.9 -999.9 12.7 4.1 41.0 Rio_Grande_do_Sul DCRS -999.9 0.0 0.0 861.32 861.33 861.1 1 0.01 861.33 861.33 861.33 861.33
-29.264900 -50.314899 DCRS-00084 2026-09-22_07:34 6.6 -999.9 -999.9 85.7 -999.9 -999.9 4.3 -999.9 -999.9 -999.9 -999.9 -999.9 9.4 -999.9 18.0 38.0 0.0 0.0 0.0 0.0 0.0 0.0 13.0 6.5 98.2 84.2 32.5 DCRS_-_São_Francisco_de_Paula/Cambará_do_Sul_(865_m) -999.9 -999.9 -999.9 -999.9 -999.9 12.7 4.1 41.0 Rio_Grande_do_Sul DCRS -999.9 0.0 0.0 861.33 861.33 861.1 1 0.02 861.33 861.33 861.33 861.33
-29.264900 -50.314899 DCRS-00084 2026-09-22_07:35 6.7 -999.9 -999.9 85.1 -999.9 -999.9 4.3 -999.9 -999.9 -999.9 -999.9 -999.9 -999.9 -999.9 25.9 36.0 0.0 0.0 0.0 0.0 0.0 0.0 13.0 6.5 98.2 84.2 32.5 DCRS_-_São_Francisco_de_Paula/Cambará_do_Sul_(865_m) -999.9 -999.9 -999.9 -999.9 -999.9 12.7 4.1 41.0 Rio_Grande_do_Sul DCRS -999.9 0.0 0.0 861.33 861.33 861.1 1 0.03 861.33 861.33 861.33 861.33
-29.264900 -50.314899 DCRS-00084 2026-09-22_07:36 6.6 -999.9 -999.9 85.2 -999.9 -999.9 4.3 -999.9 -999.9 -999.9 -999.9 -999.9 15.2 -999.9 25.9 40.0 0.0 0.0 0.0 0.0 0.0 0.0 13.0 6.5 98.2 84.2 32.5 DCRS_-_São_Francisco_de_Paula/Cambará_do_Sul_(865_m) -999.9 -999.9 -999.9 -999.9 -999.9 12.7 4.1 41.0 Rio_Grande_do_Sul DCRS -999.9 0.0 0.0 861.33 861.33 861.1 1 0.03 861.33 861.33 861.33 861.33
-29.264900 -50.314899 DCRS-00084 2026-09-22_07:37 6.7 -999.9 -999.9 86.1 -999.9 -999.9 4.5 -999.9 -999.9 -999.9 -999.9 -999.9 11.7 -999.9 25.9 44.0 0.0 0.0 0.0 0.0 0.0 0.0 13.0 6.5 98.2 84.2 32.5 DCRS_-_São_Francisco_de_Paula/Cambará_do_Sul_(865_m) -999.9 -999.9 -999.9 -999.9 -999.9 12.7 4.1 44.0 Rio_Grande_do_Sul DCRS -999.9 0.0 0.0 861.33 861.33 861.1 1 0.02 861.33 861.33 861.33 861.33
-29.264900 -50.314899 DCRS-00084 2026-09-22_07:38 6.7 -999.9 -999.9 86.8 -999.9 -999.9 4.6 -999.9 -999.9 -999.9 -999.9 -999.9 11.7 -999.9 25.9 43.0 0.0 0.0 0.0 0.0 0.0 0.0 13.0 6.5 98.2 84.2 32.5 DCRS_-_São_Francisco_de_Paula/Cambará_do_Sul_(865_m) -999.9 -999.9 -999.9 -999.9 -999.9 12.7 4.1 44.0 Rio_Grande_do_Sul DCRS -999.9 0.0 0.0 861.33 861.33 861.1 1 0.02 861.33 861.33 861.33 861.33
-29.264900 -50.314899 DCRS-00084 2026-09-22_07:39 6.7 -999.9 -999.9 86.1 -999.9 -999.9 4.5 -999.9 -999.9 -999.9 -999.9 -999.9 16.7 -999.9 25.9 45.0 0.0 0.0 0.0 0.0 0.0 0.0 13.0 6.5 98.2 84.2 32.5 DCRS_-_São_Francisco_de_Paula/Cambará_do_Sul_(865_m) -999.9 -999.9 -999.9 -999.9 -999.9 12.7 4.1 45.0 Rio_Grande_do_Sul DCRS -999.9 0.0 0.0 861.32 861.33 861.1 1 0.01 861.33 861.33 861.33 861.33
-29.264900 -50.314899 DCRS-00084 2026-09-22_07:40 6.7 -999.9 -999.9 85.7 -999.9 -999.9 4.4 -999.9 -999.9 -999.9 -999.9 -999.9 19.3 -999.9 26.5 48.0 0.0 0.0 0.0 0.0 0.0 0.0 13.0 6.5 98.2 84.2 32.5 DCRS_-_São_Francisco_de_Paula/Cambará_do_Sul_(865_m) -999.9 -999.9 -999.9 -999.9 -999.9 12.7 4.1 48.0 Rio_Grande_do_Sul DCRS -999.9 0.0 0.0 861.33 861.33 861.1 1 0.02 861.33 861.33 861.33 861.33
-29.264900 -50.314899 DCRS-00084 2026-09-22_07:41 6.7 -999.9 -999.9 85.4 -999.9 -999.9 4.4 -999.9 -999.9 -999.9 -999.9 -999.9 18.2 -999.9 26.5 45.0 0.0 0.0 0.0 0.0 0.0 0.0 13.0 6.5 98.2 84.2 32.5 DCRS_-_São_Francisco_de_Paula/Cambará_do_Sul_(865_m) -999.9 -999.9 -999.9 -999.9 -999.9 12.7 4.1 48.0 Rio_Grande_do_Sul DCRS -999.9 0.0 0.0 861.33 861.33 861.1 1 0.02 861.33 861.33 861.33 861.33
-29.264900 -50.314899 DCRS-00084 2026-09-22_07:42 6.7 -999.9 -999.9 85.6 -999.9 -999.9 4.4 -999.9 -999.9 -999.9 -999.9 -999.9 12.6 -999.9 26.5 48.0 0.0 0.0 0.0 0.0 0.0 0.0 13.0 6.5 98.2 84.2 32.5 DCRS_-_São_Francisco_de_Paula/Cambará_do_Sul_(865_m) -999.9 -999.9 -999.9 -999.9 -999.9 12.7 4.1 48.0 Rio_Grande_do_Sul DCRS -999.9 0.0 0.0 861.33 861.33 861.1 1 0.03 861.33 861.33 861.33 861.33
-29.264900 -50.314899 DCRS-00084 2026-09-22_07:43 6.7 -999.9 -999.9 85.9 -999.9 -999.9 4.5 -999.9 -999.9 -999.9 -999.9 -999.9 10.3 -999.9 26.5 60.0 0.0 0.0 0.0 0.0 0.0 0.0 13.0 6.5 98.2 84.2 32.5 DCRS_-_São_Francisco_de_Paula/Cambará_do_Sul_(865_m) -999.9 -999.9 -999.9 -999.9 -999.9 12.7 4.1 60.0 Rio_Grande_do_Sul DCRS -999.9 0.0 0.0 861.33 861.33 861.1 1 0.02 861.33 861.33 861.33 861.33
-29.264900 -50.314899 DCRS-00084 2026-09-22_07:44 6.7 -999.9 -999.9 85.9 -999.9 -999.9 4.5 -999.9 -999.9 -999.9 -999.9 -999.9 14.2 -999.9 26.5 59.0 0.0 0.0 0.0 0.0 0.0 0.0 13.0 6.5 98.2 84.2 32.5 DCRS_-_São_Francisco_de_Paula/Cambará_do_Sul_(865_m) -999.9 -999.9 -999.9 -999.9 -999.9 12.7 4.1 60.0 Rio_Grande_do_Sul DCRS -999.9 0.0 0.0 861.33 861.33 861.1 1 0.02 861.33 861.33 861.33 861.33
-29.264900 -50.314899 DCRS-00084 2026-09-22_07:45 6.7 -999.9 -999.9 86.2 -999.9 -999.9 4.5 -999.9 -999.9 -999.9 -999.9 -999.9 12.7 -999.9 20.2 59.0 0.0 0.0 0.0 0.0 0.0 0.0 13.0 6.5 98.2 84.2 32.5 DCRS_-_São_Francisco_de_Paula/Cambará_do_Sul_(865_m) -999.9 -999.9 -999.9 -999.9 -999.9 12.7 4.1 60.0 Rio_Grande_do_Sul DCRS -999.9 0.0 0.0 861.34 861.34 861.1 1 0.03 861.34 861.34 861.34 861.34
-29.264900 -50.314899 DCRS-00084 2026-09-22_07:46 6.9 -999.9 -999.9 87.1 -999.9 -999.9 4.9 -999.9 -999.9 -999.9 -999.9 -999.9 10.9 -999.9 20.2 59.0 0.0 0.0 0.0 0.0 0.0 0.0 13.0 6.5 98.2 84.2 32.5 DCRS_-_São_Francisco_de_Paula/Cambará_do_Sul_(865_m) -999.9 -999.9 -999.9 -999.9 -999.9 12.7 4.1 60.0 Rio_Grande_do_Sul DCRS -999.9 0.0 0.0 861.34 861.34 861.1 1 0.03 861.34 861.34 861.34 861.34
-29.264900 -50.314899 DCRS-00084 2026-09-22_07:47 6.8 -999.9 -999.9 86.9 -999.9 -999.9 4.7 -999.9 -999.9 -999.9 -999.9 -999.9 18.2 -999.9 20.2 57.0 0.0 0.0 0.0 0.0 0.0 0.0 13.0 6.5 98.2 84.2 32.5 DCRS_-_São_Francisco_de_Paula/Cambará_do_Sul_(865_m) -999.9 -999.9 -999.9 -999.9 -999.9 12.7 4.1 60.0 Rio_Grande_do_Sul DCRS -999.9 0.0 0.0 861.33 861.34 861.1 1 0.02 861.34 861.34 861.34 861.34
-29.264900 -50.314899 DCRS-00084 2026-09-22_07:48 6.8 -999.9 -999.9 85.5 -999.9 -999.9 4.5 -999.9 -999.9 -999.9 -999.9 -999.9 10.5 -999.9 20.2 59.0 0.0 0.0 0.0 0.0 0.0 0.0 13.0 6.5 98.2 84.2 32.5 DCRS_-_São_Francisco_de_Paula/Cambará_do_Sul_(865_m) -999.9 -999.9 -999.9 -999.9 -999.9 12.7 4.1 60.0 Rio_Grande_do_Sul DCRS -999.9 0.0 0.0 861.33 861.34 861.1 1 0.02 861.34 861.34 861.34 861.34
-29.264900 -50.314899 DCRS-00084 2026-09-22_07:49 6.8 -999.9 -999.9 84.9 -999.9 -999.9 4.4 -999.9 -999.9 -999.9 -999.9 -999.9 15.7 -999.9 20.2 64.0 0.0 0.0 0.0 0.0 0.0 0.0 13.0 6.5 98.2 84.2 32.5 DCRS_-_São_Francisco_de_Paula/Cambará_do_Sul_(865_m) -999.9 -999.9 -999.9 -999.9 -999.9 12.7 4.1 64.0 Rio_Grande_do_Sul DCRS -999.9 0.0 0.0 861.33 861.34 861.1 1 0.02 861.34 861.34 861.34 861.34
-29.264900 -50.314899 DCRS-00084 2026-09-22_07:50 6.8 -999.9 -999.9 85.6 -999.9 -999.9 4.5 -999.9 -999.9 -999.9 -999.9 -999.9 12.4 -999.9 20.7 64.0 0.0 0.0 0.0 0.0 0.0 0.0 13.0 6.5 98.2 84.2 32.5 DCRS_-_São_Francisco_de_Paula/Cambará_do_Sul_(865_m) -999.9 -999.9 -999.9 -999.9 -999.9 12.7 4.1 64.0 Rio_Grande_do_Sul DCRS -999.9 0.0 0.0 861.33 861.34 861.1 1 0.01 861.34 861.34 861.34 861.34
-29.264900 -50.314899 DCRS-00084 2026-09-22_07:51 6.9 -999.9 -999.9 86.2 -999.9 -999.9 4.7 -999.9 -999.9 -999.9 -999.9 -999.9 3.0 -999.9 20.7 68.0 0.0 0.0 0.0 0.0 0.0 0.0 13.0 6.5 98.2 84.2 32.5 DCRS_-_São_Francisco_de_Paula/Cambará_do_Sul_(865_m) -999.9 -999.9 -999.9 -999.9 -999.9 12.7 4.1 68.0 Rio_Grande_do_Sul DCRS -999.9 0.0 0.0 861.33 861.34 861.1 1 0.02 861.34 861.34 861.34 861.34
-29.264900 -50.314899 DCRS-00084 2026-09-22_07:52 6.9 -999.9 -999.9 86.7 -999.9 -999.9 4.8 -999.9 -999.9 -999.9 -999.9 -999.9 5.8 -999.9 20.7 67.0 0.0 0.0 0.0 0.0 0.0 0.0 13.0 6.5 98.2 84.2 32.5 DCRS_-_São_Francisco_de_Paula/Cambará_do_Sul_(865_m) -999.9 -999.9 -999.9 -999.9 -999.9 12.7 4.1 68.0 Rio_Grande_do_Sul DCRS -999.9 0.0 0.0 861.33 861.34 861.1 1 0.02 861.34 861.34 861.34 861.34
-29.264900 -50.314899 DCRS-00084 2026-09-22_07:53 6.9 -999.9 -999.9 86.4 -999.9 -999.9 4.8 -999.9 -999.9 -999.9 -999.9 -999.9 3.2 -999.9 20.7 64.0 0.0 0.0 0.0 0.0 0.0 0.0 13.0 6.5 98.2 84.2 32.5 DCRS_-_São_Francisco_de_Paula/Cambará_do_Sul_(865_m) -999.9 -999.9 -999.9 -999.9 -999.9 12.7 4.1 68.0 Rio_Grande_do_Sul DCRS -999.9 0.0 0.0 861.34 861.34 861.1 1 0.02 861.34 861.34 861.34 861.34
-29.264900 -50.314899 DCRS-00084 2026-09-22_07:54 7.0 -999.9 -999.9 86.8 -999.9 -999.9 4.9 -999.9 -999.9 -999.9 -999.9 -999.9 4.4 -999.9 20.7 61.0 0.0 0.0 0.0 0.0 0.0 0.0 13.0 6.5 98.2 84.2 32.5 DCRS_-_São_Francisco_de_Paula/Cambará_do_Sul_(865_m) -999.9 -999.9 -999.9 -999.9 -999.9 12.7 4.1 68.0 Rio_Grande_do_Sul DCRS -999.9 0.0 0.0 861.33 861.34 861.1 1 0.01 861.34 861.34 861.34 861.34
-29.264900 -50.314899 DCRS-00084 2026-09-22_07:55 7.0 -999.9 -999.9 87.0 -999.9 -999.9 5.0 -999.9 -999.9 -999.9 -999.9 -999.9 6.3 -999.9 14.0 66.0 0.0 0.0 0.0 0.0 0.0 0.0 13.0 6.5 98.2 84.2 32.5 DCRS_-_São_Francisco_de_Paula/Cambará_do_Sul_(865_m) -999.9 -999.9 -999.9 -999.9 -999.9 12.7 4.1 68.0 Rio_Grande_do_Sul DCRS -999.9 0.0 0.0 861.34 861.34 861.1 1 0.02 861.34 861.34 861.34 861.34
-29.264900 -50.314899 DCRS-00084 2026-09-22_07:56 7.0 -999.9 -999.9 85.6 -999.9 -999.9 4.7 -999.9 -999.9 -999.9 -999.9 -999.9 12.4 -999.9 14.0 67.0 0.0 0.0 0.0 0.0 0.0 0.0 13.0 6.5 98.2 84.2 32.5 DCRS_-_São_Francisco_de_Paula/Cambará_do_Sul_(865_m) -999.9 -999.9 -999.9 -999.9 -999.9 12.7 4.1 68.0 Rio_Grande_do_Sul DCRS -999.9 0.0 0.0 861.33 861.34 861.1 1 0.01 861.34 861.34 861.34 861.34
-29.264900 -50.314899 DCRS-00084 2026-09-22_07:57 7.0 -999.9 -999.9 85.3 -999.9 -999.9 4.7 -999.9 -999.9 -999.9 -999.9 -999.9 9.8 -999.9 14.0 75.0 0.0 0.0 0.0 0.0 0.0 0.0 13.0 6.5 98.2 84.2 32.5 DCRS_-_São_Francisco_de_Paula/Cambará_do_Sul_(865_m) -999.9 -999.9 -999.9 -999.9 -999.9 12.7 4.1 75.0 Rio_Grande_do_Sul DCRS -999.9 0.0 0.0 861.33 861.34 861.1 1 0.02 861.34 861.34 861.34 861.34
-29.264900 -50.314899 DCRS-00084 2026-09-22_07:58 7.0 -999.9 -999.9 85.3 -999.9 -999.9 4.7 -999.9 -999.9 -999.9 -999.9 -999.9 12.0 -999.9 14.0 70.0 0.0 0.0 0.0 0.0 0.0 0.0 13.0 6.5 98.2 84.2 32.5 DCRS_-_São_Francisco_de_Paula/Cambará_do_Sul_(865_m) -999.9 -999.9 -999.9 -999.9 -999.9 12.7 4.1 75.0 Rio_Grande_do_Sul DCRS -999.9 0.0 0.0 861.33 861.34 861.1 1 0.02 861.34 861.34 861.34 861.34
-29.264900 -50.314899 DCRS-00084 2026-09-22_07:59 7.0 -999.9 -999.9 86.3 -999.9 -999.9 4.8 -999.9 -999.9 -999.9 -999.9 -999.9 7.5 -999.9 14.0 82.0 0.0 0.0 0.0 0.0 0.0 0.0 13.0 6.5 98.2 84.2 32.5 DCRS_-_São_Francisco_de_Paula/Cambará_do_Sul_(865_m) -999.9 -999.9 -999.9 -999.9 -999.9 12.7 4.1 82.0 Rio_Grande_do_Sul DCRS -999.9 0.0 0.0 861.34 861.34 861.1 1 0.02 861.34 861.34 861.34 861.34
-29.264900 -50.314899 DCRS-00084 2026-09-22_08:00 7.1 -999.9 -999.9 87.0 -999.9 -999.9 5.1 -999.9 -999.9 -999.9 -999.9 -999.9 7.3 -999.9 15.2 75.0 0.0 0.0 0.0 0.0 0.0 0.0 13.0 6.5 98.2 84.2 32.5 DCRS_-_São_Francisco_de_Paula/Cambará_do_Sul_(865_m) -999.9 -999.9 -999.9 -999.9 -999.9 12.7 4.1 82.0 Rio_Grande_do_Sul DCRS -999.9 0.0 0.0 861.34 861.34 861.1 1 0.03 861.34 861.34 861.34 861.34
-29.264900 -50.314899 DCRS-00084 2026-09-22_08:01 7.1 -999.9 -999.9 86.9 -999.9 -999.9 5.0 -999.9 -999.9 -999.9 -999.9 -999.9 5.1 -999.9 15.2 71.0 0.0 0.0 0.0 0.0 0.0 0.0 13.0 6.5 98.2 84.2 32.5 DCRS_-_São_Francisco_de_Paula/Cambará_do_Sul_(865_m) -999.9 -999.9 -999.9 -999.9 -999.9 12.7 4.1 82.0 Rio_Grande_do_Sul DCRS -999.9 0.0 0.0 861.33 861.34 861.1 1 0.01 861.34 861.34 861.34 861.34
-29.264900 -50.314899 DCRS-00084 2026-09-22_08:02 7.1 -999.9 -999.9 86.0 -999.9 -999.9 4.9 -999.9 -999.9 -999.9 -999.9 -999.9 8.4 -999.9 15.2 69.0 0.0 0.0 0.0 0.0 0.0 0.0 13.0 6.5 98.2 84.2 32.5 DCRS_-_São_Francisco_de_Paula/Cambará_do_Sul_(865_m) -999.9 -999.9 -999.9 -999.9 -999.9 12.7 4.1 82.0 Rio_Grande_do_Sul DCRS -999.9 0.0 0.0 861.34 861.34 861.1 1 0.02 861.34 861.34 861.34 861.34
-29.264900 -50.314899 DCRS-00084 2026-09-22_08:03 7.1 -999.9 -999.9 85.7 -999.9 -999.9 4.8 -999.9 -999.9 -999.9 -999.9 -999.9 13.8 -999.9 15.2 69.0 0.0 0.0 0.0 0.0 0.0 0.0 13.0 6.5 98.2 84.2 32.5 DCRS_-_São_Francisco_de_Paula/Cambará_do_Sul_(865_m) -999.9 -999.9 -999.9 -999.9 -999.9 12.7 4.1 82.0 Rio_Grande_do_Sul DCRS -999.9 0.0 0.0 861.32 861.34 861.1 1 0.0 861.34 861.34 861.34 861.34
-29.264900 -50.314899 DCRS-00084 2026-09-22_08:04 7.1 -999.9 -999.9 85.2 -999.9 -999.9 4.8 -999.9 -999.9 -999.9 -999.9 -999.9 7.9 -999.9 15.2 68.0 0.0 0.0 0.0 0.0 0.0 0.0 13.0 6.5 98.2 84.2 32.5 DCRS_-_São_Francisco_de_Paula/Cambará_do_Sul_(865_m) -999.9 -999.9 -999.9 -999.9 -999.9 12.7 4.1 82.0 Rio_Grande_do_Sul DCRS -999.9 0.0 0.0 861.34 861.34 861.1 1 0.03 861.34 861.34 861.34 861.34
-29.264900 -50.314899 DCRS-00084 2026-09-22_08:05 7.1 -999.9 -999.9 85.5 -999.9 -999.9 4.8 -999.9 -999.9 -999.9 -999.9 -999.9 13.6 -999.9 20.5 65.0 0.0 0.0 0.0 0.0 0.0 0.0 13.0 6.5 98.2 84.2 32.5 DCRS_-_São_Francisco_de_Paula/Cambará_do_Sul_(865_m) -999.9 -999.9 -999.9 -999.9 -999.9 12.7 4.1 82.0 Rio_Grande_do_Sul DCRS -999.9 0.0 0.0 861.34 861.34 861.1 1 0.03 861.34 861.34 861.34 861.34
-29.264900 -50.314899 DCRS-00084 2026-09-22_08:06 7.1 -999.9 -999.9 86.0 -999.9 -999.9 4.9 -999.9 -999.9 -999.9 -999.9 -999.9 13.4 -999.9 20.5 78.0 0.0 0.0 0.0 0.0 0.0 0.0 13.0 6.5 98.2 84.2 32.5 DCRS_-_São_Francisco_de_Paula/Cambará_do_Sul_(865_m) -999.9 -999.9 -999.9 -999.9 -999.9 12.7 4.1 82.0 Rio_Grande_do_Sul DCRS -999.9 0.0 0.0 861.33 861.34 861.1 1 0.01 861.34 861.34 861.34 861.34
-29.264900 -50.314899 DCRS-00084 2026-09-22_08:07 7.2 -999.9 -999.9 86.2 -999.9 -999.9 5.0 -999.9 -999.9 -999.9 -999.9 -999.9 10.8 -999.9 20.5 73.0 0.0 0.0 0.0 0.0 0.0 0.0 13.0 6.5 98.2 84.2 32.5 DCRS_-_São_Francisco_de_Paula/Cambará_do_Sul_(865_m) -999.9 -999.9 -999.9 -999.9 -999.9 12.7 4.1 82.0 Rio_Grande_do_Sul DCRS -999.9 0.0 0.0 861.34 861.34 861.1 1 0.02 861.34 861.34 861.34 861.34
-29.264900 -50.314899 DCRS-00084 2026-09-22_08:08 7.1 -999.9 -999.9 86.1 -999.9 -999.9 4.9 -999.9 -999.9 -999.9 -999.9 -999.9 20.4 -999.9 20.5 68.0 0.0 0.0 0.0 0.0 0.0 0.0 13.0 6.5 98.2 84.2 32.5 DCRS_-_São_Francisco_de_Paula/Cambará_do_Sul_(865_m) -999.9 -999.9 -999.9 -999.9 -999.9 12.7 4.1 82.0 Rio_Grande_do_Sul DCRS -999.9 0.0 0.0 861.33 861.34 861.1 1 0.01 861.34 861.34 861.34 861.34
-29.264900 -50.314899 DCRS-00084 2026-09-22_08:09 7.1 -999.9 -999.9 85.0 -999.9 -999.9 4.7 -999.9 -999.9 -999.9 -999.9 -999.9 11.9 -999.9 20.5 74.0 0.0 0.0 0.0 0.0 0.0 0.0 13.0 6.5 98.2 84.2 32.5 DCRS_-_São_Francisco_de_Paula/Cambará_do_Sul_(865_m) -999.9 -999.9 -999.9 -999.9 -999.9 12.7 4.1 82.0 Rio_Grande_do_Sul DCRS -999.9 0.0 0.0 861.34 861.34 861.1 1 0.02 861.34 861.34 861.34 861.34
-29.264900 -50.314899 DCRS-00084 2026-09-22_08:10 7.1 -999.9 -999.9 85.4 -999.9 -999.9 4.8 -999.9 -999.9 -999.9 -999.9 -999.9 8.7 -999.9 21.6 65.0 0.0 0.0 0.0 0.0 0.0 0.0 13.0 6.5 98.2 84.2 32.5 DCRS_-_São_Francisco_de_Paula/Cambará_do_Sul_(865_m) -999.9 -999.9 -999.9 -999.9 -999.9 12.7 4.1 82.0 Rio_Grande_do_Sul DCRS -999.9 0.0 0.0 861.33 861.34 861.1 1 0.01 861.34 861.34 861.34 861.34
-29.264900 -50.314899 DCRS-00084 2026-09-22_08:11 7.2 -999.9 -999.9 86.7 -999.9 -999.9 5.1 -999.9 -999.9 -999.9 -999.9 -999.9 6.5 -999.9 21.6 65.0 0.0 0.0 0.0 0.0 0.0 0.0 13.0 6.5 98.2 84.2 32.5 DCRS_-_São_Francisco_de_Paula/Cambará_do_Sul_(865_m) -999.9 -999.9 -999.9 -999.9 -999.9 12.7 4.1 82.0 Rio_Grande_do_Sul DCRS -999.9 0.0 0.0 861.34 861.34 861.1 1 0.02 861.34 861.34 861.34 861.34
-29.264900 -50.314899 DCRS-00084 2026-09-22_08:12 7.1 -999.9 -999.9 85.8 -999.9 -999.9 4.9 -999.9 -999.9 -999.9 -999.9 -999.9 18.6 -999.9 21.6 66.0 0.0 0.0 0.0 0.0 0.0 0.0 13.0 6.5 98.2 84.2 32.5 DCRS_-_São_Francisco_de_Paula/Cambará_do_Sul_(865_m) -999.9 -999.9 -999.9 -999.9 -999.9 12.7 4.1 82.0 Rio_Grande_do_Sul DCRS -999.9 0.0 0.0 861.33 861.34 861.1 1 0.02 861.34 861.34 861.34 861.34
-29.264900 -50.314899 DCRS-00084 2026-09-22_08:13 7.1 -999.9 -999.9 85.7 -999.9 -999.9 4.8 -999.9 -999.9 -999.9 -999.9 -999.9 20.0 -999.9 21.6 72.0 0.0 0.0 0.0 0.0 0.0 0.0 13.0 6.5 98.2 84.2 32.5 DCRS_-_São_Francisco_de_Paula/Cambará_do_Sul_(865_m) -999.9 -999.9 -999.9 -999.9 -999.9 12.7 4.1 82.0 Rio_Grande_do_Sul DCRS -999.9 0.0 0.0 861.34 861.34 861.1 1 0.03 861.34 861.34 861.34 861.34
-29.264900 -50.314899 DCRS-00084 2026-09-22_08:14 7.1 -999.9 -999.9 85.3 -999.9 -999.9 4.8 -999.9 -999.9 -999.9 -999.9 -999.9 5.0 -999.9 21.6 79.0 0.0 0.0 0.0 0.0 0.0 0.0 13.0 6.5 98.2 84.2 32.5 DCRS_-_São_Francisco_de_Paula/Cambará_do_Sul_(865_m) -999.9 -999.9 -999.9 -999.9 -999.9 12.7 4.1 82.0 Rio_Grande_do_Sul DCRS -999.9 0.0 0.0 861.34 861.34 861.1 1 0.03 861.34 861.34 861.34 861.34
-29.264900 -50.314899 DCRS-00084 2026-09-22_08:15 7.1 -999.9 -999.9 85.9 -999.9 -999.9 4.9 -999.9 -999.9 -999.9 -999.9 -999.9 13.4 -999.9 23.1 84.0 0.0 0.0 0.0 0.0 0.0 0.0 13.0 6.5 98.2 84.2 32.5 DCRS_-_São_Francisco_de_Paula/Cambará_do_Sul_(865_m) -999.9 -999.9 -999.9 -999.9 -999.9 12.7 4.1 84.0 Rio_Grande_do_Sul DCRS -999.9 0.0 0.0 861.34 861.34 861.1 1 0.02 861.34 861.34 861.34 861.34
-29.264900 -50.314899 DCRS-00084 2026-09-22_08:16 7.1 -999.9 -999.9 86.1 -999.9 -999.9 4.9 -999.9 -999.9 -999.9 -999.9 -999.9 11.1 -999.9 23.1 75.0 0.0 0.0 0.0 0.0 0.0 0.0 13.0 6.5 98.2 84.2 32.5 DCRS_-_São_Francisco_de_Paula/Cambará_do_Sul_(865_m) -999.9 -999.9 -999.9 -999.9 -999.9 12.7 4.1 84.0 Rio_Grande_do_Sul DCRS -999.9 0.0 0.0 861.34 861.34 861.1 1 0.02 861.34 861.34 861.34 861.34
-29.264900 -50.314899 DCRS-00084 2026-09-22_08:17 7.1 -999.9 -999.9 86.0 -999.9 -999.9 4.9 -999.9 -999.9 -999.9 -999.9 -999.9 14.4 -999.9 23.1 80.0 0.0 0.0 0.0 0.0 0.0 0.0 13.0 6.5 98.2 84.2 32.5 DCRS_-_São_Francisco_de_Paula/Cambará_do_Sul_(865_m) -999.9 -999.9 -999.9 -999.9 -999.9 12.7 4.1 84.0 Rio_Grande_do_Sul DCRS -999.9 0.0 0.0 861.34 861.34 861.1 1 0.02 861.34 861.34 861.34 861.34
-29.264900 -50.314899 DCRS-00084 2026-09-22_08:18 7.1 -999.9 -999.9 86.0 -999.9 -999.9 4.9 -999.9 -999.9 -999.9 -999.9 -999.9 12.7 -999.9 23.1 85.0 0.0 0.0 0.0 0.0 0.0 0.0 13.0 6.5 98.2 84.2 32.5 DCRS_-_São_Francisco_de_Paula/Cambará_do_Sul_(865_m) -999.9 -999.9 -999.9 -999.9 -999.9 12.7 4.1 85.0 Rio_Grande_do_Sul DCRS -999.9 0.0 0.0 861.34 861.34 861.1 1 0.02 861.34 861.34 861.34 861.34
-29.264900 -50.314899 DCRS-00084 2026-09-22_08:19 7.1 -999.9 -999.9 85.9 -999.9 -999.9 4.9 -999.9 -999.9 -999.9 -999.9 -999.9 15.4 -999.9 23.1 85.0 0.0 0.0 0.0 0.0 0.0 0.0 13.0 6.5 98.2 84.2 32.5 DCRS_-_São_Francisco_de_Paula/Cambará_do_Sul_(865_m) -999.9 -999.9 -999.9 -999.9 -999.9 12.7 4.1 85.0 Rio_Grande_do_Sul DCRS -999.9 0.0 0.0 861.34 861.34 861.1 1 0.01 861.34 861.34 861.34 861.34
-29.264900 -50.314899 DCRS-00084 2026-09-22_08:20 7.1 -999.9 -999.9 85.8 -999.9 -999.9 4.9 -999.9 -999.9 -999.9 -999.9 -999.9 13.8 -999.9 21.9 85.0 0.0 0.0 0.0 0.0 0.0 0.0 13.0 6.5 98.2 84.2 32.5 DCRS_-_São_Francisco_de_Paula/Cambará_do_Sul_(865_m) -999.9 -999.9 -999.9 -999.9 -999.9 12.7 4.1 85.0 Rio_Grande_do_Sul DCRS -999.9 0.0 0.0 861.34 861.34 861.1 1 0.01 861.34 861.34 861.34 861.34
-29.264900 -50.314899 DCRS-00084 2026-09-22_08:21 7.0 -999.9 -999.9 85.1 -999.9 -999.9 4.6 -999.9 -999.9 -999.9 -999.9 -999.9 13.4 -999.9 21.9 87.0 0.0 0.0 0.0 0.0 0.0 0.0 13.0 6.5 98.2 84.2 32.5 DCRS_-_São_Francisco_de_Paula/Cambará_do_Sul_(865_m) -999.9 -999.9 -999.9 -999.9 -999.9 12.7 4.1 87.0 Rio_Grande_do_Sul DCRS -999.9 0.0 0.0 861.32 861.34 861.1 1 -0.01 861.34 861.34 861.34 861.34
-29.264900 -50.314899 DCRS-00084 2026-09-22_08:22 7.0 -999.9 -999.9 86.0 -999.9 -999.9 4.8 -999.9 -999.9 -999.9 -999.9 -999.9 13.1 -999.9 21.9 88.0 0.0 0.0 0.0 0.0 0.0 0.0 13.0 6.5 98.2 84.2 32.5 DCRS_-_São_Francisco_de_Paula/Cambará_do_Sul_(865_m) -999.9 -999.9 -999.9 -999.9 -999.9 12.7 4.1 88.0 Rio_Grande_do_Sul DCRS -999.9 0.0 0.0 861.34 861.34 861.1 1 0.01 861.34 861.34 861.34 861.34
-29.264900 -50.314899 DCRS-00084 2026-09-22_08:23 7.0 -999.9 -999.9 86.2 -999.9 -999.9 4.8 -999.9 -999.9 -999.9 -999.9 -999.9 15.9 -999.9 21.9 89.0 0.0 0.0 0.0 0.0 0.0 0.0 13.0 6.5 98.2 84.2 32.5 DCRS_-_São_Francisco_de_Paula/Cambará_do_Sul_(865_m) -999.9 -999.9 -999.9 -999.9 -999.9 12.7 4.1 89.0 Rio_Grande_do_Sul DCRS -999.9 0.0 0.0 861.34 861.34 861.1 1 0.01 861.34 861.34 861.34 861.34
-29.264900 -50.314899 DCRS-00084 2026-09-22_08:24 7.1 -999.9 -999.9 87.1 -999.9 -999.9 5.1 -999.9 -999.9 -999.9 -999.9 -999.9 15.3 -999.9 21.9 91.0 0.0 0.0 0.0 0.0 0.0 0.0 13.0 6.5 98.2 84.2 32.5 DCRS_-_São_Francisco_de_Paula/Cambará_do_Sul_(865_m) -999.9 -999.9 -999.9 -999.9 -999.9 12.7 4.1 91.0 Rio_Grande_do_Sul DCRS -999.9 0.0 0.0 861.34 861.34 861.1 1 0.02 861.34 861.34 861.34 861.34
-29.264900 -50.314899 DCRS-00084 2026-09-22_08:25 7.1 -999.9 -999.9 86.9 -999.9 -999.9 5.0 -999.9 -999.9 -999.9 -999.9 -999.9 9.3 -999.9 23.6 78.0 0.0 0.0 0.0 0.0 0.0 0.0 13.0 6.5 98.2 84.2 32.5 DCRS_-_São_Francisco_de_Paula/Cambará_do_Sul_(865_m) -999.9 -999.9 -999.9 -999.9 -999.9 12.7 4.1 91.0 Rio_Grande_do_Sul DCRS -999.9 0.0 0.0 861.34 861.34 861.1 1 0.01 861.34 861.34 861.34 861.34
-29.264900 -50.314899 DCRS-00084 2026-09-22_08:26 7.1 -999.9 -999.9 86.2 -999.9 -999.9 4.9 -999.9 -999.9 -999.9 -999.9 -999.9 12.9 -999.9 23.6 96.0 0.0 0.0 0.0 0.0 0.0 0.0 13.0 6.5 98.2 84.2 32.5 DCRS_-_São_Francisco_de_Paula/Cambará_do_Sul_(865_m) -999.9 -999.9 -999.9 -999.9 -999.9 12.7 4.1 96.0 Rio_Grande_do_Sul DCRS -999.9 0.0 0.0 861.34 861.34 861.1 1 0.01 861.34 861.34 861.34 861.34
-29.264900 -50.314899 DCRS-00084 2026-09-22_08:27 7.1 -999.9 -999.9 86.7 -999.9 -999.9 5.0 -999.9 -999.9 -999.9 -999.9 -999.9 16.6 -999.9 23.6 96.0 0.0 0.0 0.0 0.0 0.0 0.0 13.0 6.5 98.2 84.2 32.5 DCRS_-_São_Francisco_de_Paula/Cambará_do_Sul_(865_m) -999.9 -999.9 -999.9 -999.9 -999.9 12.7 4.1 96.0 Rio_Grande_do_Sul DCRS -999.9 0.0 0.0 861.33 861.34 861.1 1 0.0 861.34 861.34 861.34 861.34
-29.264900 -50.314899 DCRS-00084 2026-09-22_08:28 7.0 -999.9 -999.9 85.7 -999.9 -999.9 4.7 -999.9 -999.9 -999.9 -999.9 -999.9 22.4 -999.9 23.6 89.0 0.0 0.0 0.0 0.0 0.0 0.0 13.0 6.5 98.2 84.2 32.5 DCRS_-_São_Francisco_de_Paula/Cambará_do_Sul_(865_m) -999.9 -999.9 -999.9 -999.9 -999.9 12.7 4.1 96.0 Rio_Grande_do_Sul DCRS -999.9 0.0 0.0 861.35 861.35 861.1 1 0.02 861.35 861.35 861.35 861.35
-29.264900 -50.314899 DCRS-00084 2026-09-22_08:29 7.0 -999.9 -999.9 85.3 -999.9 -999.9 4.7 -999.9 -999.9 -999.9 -999.9 -999.9 20.1 -999.9 23.6 90.0 0.0 0.0 0.0 0.0 0.0 0.0 13.0 6.5 98.2 84.2 32.5 DCRS_-_São_Francisco_de_Paula/Cambará_do_Sul_(865_m) -999.9 -999.9 -999.9 -999.9 -999.9 12.7 4.1 96.0 Rio_Grande_do_Sul DCRS -999.9 0.0 0.0 861.35 861.35 861.1 1 0.02 861.35 861.35 861.35 861.35
-29.264900 -50.314899 DCRS-00084 2026-09-22_08:30 7.0 -999.9 -999.9 86.5 -999.9 -999.9 4.9 -999.9 -999.9 -999.9 -999.9 -999.9 16.5 -999.9 28.4 92.0 0.0 0.0 0.0 0.0 0.0 0.0 13.0 6.5 98.2 84.2 32.5 DCRS_-_São_Francisco_de_Paula/Cambará_do_Sul_(865_m) -999.9 -999.9 -999.9 -999.9 -999.9 12.7 4.1 96.0 Rio_Grande_do_Sul DCRS -999.9 0.0 0.0 861.35 861.35 861.1 1 0.02 861.35 861.35 861.35 861.35
-29.264900 -50.314899 DCRS-00084 2026-09-22_08:31 7.0 -999.9 -999.9 87.2 -999.9 -999.9 5.0 -999.9 -999.9 -999.9 -999.9 -999.9 12.4 -999.9 28.4 92.0 0.0 0.0 0.0 0.0 0.0 0.0 13.0 6.5 98.2 84.2 32.5 DCRS_-_São_Francisco_de_Paula/Cambará_do_Sul_(865_m) -999.9 -999.9 -999.9 -999.9 -999.9 12.7 4.1 96.0 Rio_Grande_do_Sul DCRS -999.9 0.0 0.0 861.32 861.35 861.1 1 -0.01 861.35 861.35 861.35 861.35
-29.264900 -50.314899 DCRS-00084 2026-09-22_08:32 7.0 -999.9 -999.9 87.0 -999.9 -999.9 5.0 -999.9 -999.9 -999.9 -999.9 -999.9 18.3 -999.9 28.4 94.0 0.0 0.0 0.0 0.0 0.0 0.0 13.0 6.5 98.2 84.2 32.5 DCRS_-_São_Francisco_de_Paula/Cambará_do_Sul_(865_m) -999.9 -999.9 -999.9 -999.9 -999.9 12.7 4.1 96.0 Rio_Grande_do_Sul DCRS -999.9 0.0 0.0 861.35 861.35 861.1 1 0.02 861.35 861.35 861.35 861.35
-29.264900 -50.314899 DCRS-00084 2026-09-22_08:33 7.0 -999.9 -999.9 86.5 -999.9 -999.9 4.9 -999.9 -999.9 -999.9 -999.9 -999.9 15.4 -999.9 28.4 104.0 0.0 0.0 0.0 0.0 0.0 0.0 13.0 6.5 98.2 84.2 32.5 DCRS_-_São_Francisco_de_Paula/Cambará_do_Sul_(865_m) -999.9 -999.9 -999.9 -999.9 -999.9 12.7 4.1 104.0 Rio_Grande_do_Sul DCRS -999.9 0.0 0.0 861.35 861.35 861.1 1 0.03 861.35 861.35 861.35 861.35
-29.264900 -50.314899 DCRS-00084 2026-09-22_08:34 7.0 -999.9 -999.9 86.8 -999.9 -999.9 4.9 -999.9 -999.9 -999.9 -999.9 -999.9 8.6 -999.9 28.4 102.0 0.0 0.0 0.0 0.0 0.0 0.0 13.0 6.5 98.2 84.2 32.5 DCRS_-_São_Francisco_de_Paula/Cambará_do_Sul_(865_m) -999.9 -999.9 -999.9 -999.9 -999.9 12.7 4.1 104.0 Rio_Grande_do_Sul DCRS -999.9 0.0 0.0 861.35 861.35 861.1 1 0.02 861.35 861.35 861.35 861.35
-29.264900 -50.314899 DCRS-00084 2026-09-22_08:35 7.0 -999.9 -999.9 87.2 -999.9 -999.9 5.0 -999.9 -999.9 -999.9 -999.9 -999.9 16.4 -999.9 23.6 111.0 0.0 0.0 0.0 0.0 0.0 0.0 13.0 6.5 98.2 84.2 32.5 DCRS_-_São_Francisco_de_Paula/Cambará_do_Sul_(865_m) -999.9 -999.9 -999.9 -999.9 -999.9 12.7 4.1 111.0 Rio_Grande_do_Sul DCRS -999.9 0.0 0.0 861.35 861.35 861.1 1 0.02 861.35 861.35 861.35 861.35
-29.264900 -50.314899 DCRS-00084 2026-09-22_08:36 7.1 -999.9 -999.9 87.4 -999.9 -999.9 5.1 -999.9 -999.9 -999.9 -999.9 -999.9 8.6 -999.9 23.6 116.0 0.0 0.0 0.0 0.0 0.0 0.0 13.0 6.5 98.2 84.2 32.5 DCRS_-_São_Francisco_de_Paula/Cambará_do_Sul_(865_m) -999.9 -999.9 -999.9 -999.9 -999.9 12.7 4.1 116.0 Rio_Grande_do_Sul DCRS -999.9 0.0 0.0 861.34 861.35 861.1 1 0.01 861.35 861.35 861.35 861.35
-29.264900 -50.314899 DCRS-00084 2026-09-22_08:37 7.1 -999.9 -999.9 86.9 -999.9 -999.9 5.0 -999.9 -999.9 -999.9 -999.9 -999.9 14.9 -999.9 23.6 114.0 0.0 0.0 0.0 0.0 0.0 0.0 13.0 6.5 98.2 84.2 32.5 DCRS_-_São_Francisco_de_Paula/Cambará_do_Sul_(865_m) -999.9 -999.9 -999.9 -999.9 -999.9 12.7 4.1 116.0 Rio_Grande_do_Sul DCRS -999.9 0.0 0.0 861.34 861.35 861.1 1 0.01 861.35 861.35 861.35 861.35
-29.264900 -50.314899 DCRS-00084 2026-09-22_08:38 7.1 -999.9 -999.9 86.9 -999.9 -999.9 5.0 -999.9 -999.9 -999.9 -999.9 -999.9 17.2 -999.9 23.6 115.0 0.0 0.0 0.0 0.0 0.0 0.0 13.0 6.5 98.2 84.2 32.5 DCRS_-_São_Francisco_de_Paula/Cambará_do_Sul_(865_m) -999.9 -999.9 -999.9 -999.9 -999.9 12.7 4.1 116.0 Rio_Grande_do_Sul DCRS -999.9 0.0 0.0 861.35 861.35 861.1 1 0.02 861.35 861.35 861.35 861.35
-29.264900 -50.314899 DCRS-00084 2026-09-22_08:39 7.1 -999.9 -999.9 87.7 -999.9 -999.9 5.2 -999.9 -999.9 -999.9 -999.9 -999.9 15.8 -999.9 23.6 132.0 0.0 0.0 0.0 0.0 0.0 0.0 13.0 6.5 98.2 84.2 32.5 DCRS_-_São_Francisco_de_Paula/Cambará_do_Sul_(865_m) -999.9 -999.9 -999.9 -999.9 -999.9 12.7 4.1 132.0 Rio_Grande_do_Sul DCRS -999.9 0.0 0.0 861.35 861.35 861.1 1 0.02 861.35 861.35 861.35 861.35
-29.264900 -50.314899 DCRS-00084 2026-09-22_08:40 7.2 -999.9 -999.9 87.5 -999.9 -999.9 5.2 -999.9 -999.9 -999.9 -999.9 -999.9 9.8 -999.9 24.4 143.0 0.0 0.0 0.0 0.0 0.0 0.0 13.0 6.5 98.2 84.2 32.5 DCRS_-_São_Francisco_de_Paula/Cambará_do_Sul_(865_m) -999.9 -999.9 -999.9 -999.9 -999.9 12.7 4.1 143.0 Rio_Grande_do_Sul DCRS -999.9 0.0 0.0 861.35 861.35 861.1 1 0.02 861.35 861.35 861.35 861.35
-29.264900 -50.314899 DCRS-00084 2026-09-22_08:41 7.2 -999.9 -999.9 88.4 -999.9 -999.9 5.4 -999.9 -999.9 -999.9 -999.9 -999.9 23.0 -999.9 24.4 128.0 0.0 0.0 0.0 0.0 0.0 0.0 13.0 6.5 98.2 84.2 32.5 DCRS_-_São_Francisco_de_Paula/Cambará_do_Sul_(865_m) -999.9 -999.9 -999.9 -999.9 -999.9 12.7 4.1 143.0 Rio_Grande_do_Sul DCRS -999.9 0.0 0.0 861.35 861.35 861.1 1 0.02 861.35 861.35 861.35 861.35
-29.264900 -50.314899 DCRS-00084 2026-09-22_08:42 7.2 -999.9 -999.9 87.5 -999.9 -999.9 5.2 -999.9 -999.9 -999.9 -999.9 -999.9 18.3 -999.9 24.4 124.0 0.0 0.0 0.0 0.0 0.0 0.0 13.0 6.5 98.2 84.2 32.5 DCRS_-_São_Francisco_de_Paula/Cambará_do_Sul_(865_m) -999.9 -999.9 -999.9 -999.9 -999.9 12.7 4.1 143.0 Rio_Grande_do_Sul DCRS -999.9 0.0 0.0 861.35 861.35 861.1 1 0.02 861.35 861.35 861.35 861.35
-29.264900 -50.314899 DCRS-00084 2026-09-22_08:43 7.2 -999.9 -999.9 87.1 -999.9 -999.9 5.2 -999.9 -999.9 -999.9 -999.9 -999.9 19.1 -999.9 24.4 119.0 0.0 0.0 0.0 0.0 0.0 0.0 13.0 6.5 98.2 84.2 32.5 DCRS_-_São_Francisco_de_Paula/Cambará_do_Sul_(865_m) -999.9 -999.9 -999.9 -999.9 -999.9 12.7 4.1 143.0 Rio_Grande_do_Sul DCRS -999.9 0.0 0.0 861.35 861.35 861.1 1 0.02 861.35 861.35 861.35 861.35
-29.264900 -50.314899 DCRS-00084 2026-09-22_08:44 7.2 -999.9 -999.9 87.5 -999.9 -999.9 5.2 -999.9 -999.9 -999.9 -999.9 -999.9 18.8 -999.9 24.4 114.0 0.0 0.0 0.0 0.0 0.0 0.0 13.0 6.5 98.2 84.2 32.5 DCRS_-_São_Francisco_de_Paula/Cambará_do_Sul_(865_m) -999.9 -999.9 -999.9 -999.9 -999.9 12.7 4.1 143.0 Rio_Grande_do_Sul DCRS -999.9 0.0 0.0 861.35 861.35 861.1 1 0.01 861.35 861.35 861.35 861.35
-29.264900 -50.314899 DCRS-00084 2026-09-22_08:45 7.2 -999.9 -999.9 87.7 -999.9 -999.9 5.3 -999.9 -999.9 -999.9 -999.9 -999.9 10.3 -999.9 23.0 113.0 0.0 0.0 0.0 0.0 0.0 0.0 13.0 6.5 98.2 84.2 32.5 DCRS_-_São_Francisco_de_Paula/Cambará_do_Sul_(865_m) -999.9 -999.9 -999.9 -999.9 -999.9 12.7 4.1 143.0 Rio_Grande_do_Sul DCRS -999.9 0.0 0.0 861.35 861.35 861.1 1 0.01 861.35 861.35 861.35 861.35
-29.264900 -50.314899 DCRS-00084 2026-09-22_08:46 7.3 -999.9 -999.9 88.2 -999.9 -999.9 5.5 -999.9 -999.9 -999.9 -999.9 -999.9 20.9 -999.9 23.0 114.0 0.0 0.0 0.0 0.0 0.0 0.0 13.0 6.5 98.2 84.2 32.5 DCRS_-_São_Francisco_de_Paula/Cambará_do_Sul_(865_m) -999.9 -999.9 -999.9 -999.9 -999.9 12.7 4.1 143.0 Rio_Grande_do_Sul DCRS -999.9 0.0 0.0 861.35 861.35 861.1 1 0.01 861.35 861.35 861.35 861.35
-29.264900 -50.314899 DCRS-00084 2026-09-22_08:47 7.3 -999.9 -999.9 87.4 -999.9 -999.9 5.3 -999.9 -999.9 -999.9 -999.9 -999.9 20.1 -999.9 23.0 111.0 0.0 0.0 0.0 0.0 0.0 0.0 13.0 6.5 98.2 84.2 32.5 DCRS_-_São_Francisco_de_Paula/Cambará_do_Sul_(865_m) -999.9 -999.9 -999.9 -999.9 -999.9 12.7 4.1 143.0 Rio_Grande_do_Sul DCRS -999.9 0.0 0.0 861.35 861.35 861.1 1 0.02 861.35 861.35 861.35 861.35
-29.264900 -50.314899 DCRS-00084 2026-09-22_08:48 7.3 -999.9 -999.9 87.2 -999.9 -999.9 5.3 -999.9 -999.9 -999.9 -999.9 -999.9 12.8 -999.9 23.0 122.0 0.0 0.0 0.0 0.0 0.0 0.0 13.0 6.5 98.2 84.2 32.5 DCRS_-_São_Francisco_de_Paula/Cambará_do_Sul_(865_m) -999.9 -999.9 -999.9 -999.9 -999.9 12.7 4.1 143.0 Rio_Grande_do_Sul DCRS -999.9 0.0 0.0 861.35 861.35 861.1 1 0.02 861.35 861.35 861.35 861.35
-29.264900 -50.314899 DCRS-00084 2026-09-22_08:49 7.3 -999.9 -999.9 88.0 -999.9 -999.9 5.4 -999.9 -999.9 -999.9 -999.9 -999.9 8.9 -999.9 23.0 124.0 0.0 0.0 0.0 0.0 0.0 0.0 13.0 6.5 98.2 84.2 32.5 DCRS_-_São_Francisco_de_Paula/Cambará_do_Sul_(865_m) -999.9 -999.9 -999.9 -999.9 -999.9 12.7 4.1 143.0 Rio_Grande_do_Sul DCRS -999.9 0.0 0.0 861.35 861.35 861.1 1 0.02 861.35 861.35 861.35 861.35
-29.264900 -50.314899 DCRS-00084 2026-09-22_08:50 7.3 -999.9 -999.9 87.6 -999.9 -999.9 5.4 -999.9 -999.9 -999.9 -999.9 -999.9 15.9 -999.9 22.2 124.0 0.0 0.0 0.0 0.0 0.0 0.0 13.0 6.5 98.2 84.2 32.5 DCRS_-_São_Francisco_de_Paula/Cambará_do_Sul_(865_m) -999.9 -999.9 -999.9 -999.9 -999.9 12.7 4.1 143.0 Rio_Grande_do_Sul DCRS -999.9 0.0 0.0 861.35 861.35 861.1 1 0.02 861.35 861.35 861.35 861.35
-29.264900 -50.314899 DCRS-00084 2026-09-22_08:51 7.3 -999.9 -999.9 86.8 -999.9 -999.9 5.2 -999.9 -999.9 -999.9 -999.9 -999.9 18.6 -999.9 22.2 141.0 0.0 0.0 0.0 0.0 0.0 0.0 13.0 6.5 98.2 84.2 32.5 DCRS_-_São_Francisco_de_Paula/Cambará_do_Sul_(865_m) -999.9 -999.9 -999.9 -999.9 -999.9 12.7 4.1 143.0 Rio_Grande_do_Sul DCRS -999.9 0.0 0.0 861.35 861.35 861.1 1 0.02 861.35 861.35 861.35 861.35
-29.264900 -50.314899 DCRS-00084 2026-09-22_08:52 7.3 -999.9 -999.9 85.7 -999.9 -999.9 5.0 -999.9 -999.9 -999.9 -999.9 -999.9 12.6 -999.9 22.2 131.0 0.0 0.0 0.0 0.0 0.0 0.0 13.0 6.5 98.2 84.2 32.5 DCRS_-_São_Francisco_de_Paula/Cambará_do_Sul_(865_m) -999.9 -999.9 -999.9 -999.9 -999.9 12.7 4.1 143.0 Rio_Grande_do_Sul DCRS -999.9 0.0 0.0 861.35 861.35 861.1 1 0.01 861.35 861.35 861.35 861.35
-29.264900 -50.314899 DCRS-00084 2026-09-22_08:53 7.3 -999.9 -999.9 86.8 -999.9 -999.9 5.2 -999.9 -999.9 -999.9 -999.9 -999.9 10.8 -999.9 22.2 122.0 0.0 0.0 0.0 0.0 0.0 0.0 13.0 6.5 98.2 84.2 32.5 DCRS_-_São_Francisco_de_Paula/Cambará_do_Sul_(865_m) -999.9 -999.9 -999.9 -999.9 -999.9 12.7 4.1 143.0 Rio_Grande_do_Sul DCRS -999.9 0.0 0.0 861.35 861.35 861.1 1 0.02 861.35 861.35 861.35 861.35
-29.264900 -50.314899 DCRS-00084 2026-09-22_08:54 7.3 -999.9 -999.9 87.3 -999.9 -999.9 5.3 -999.9 -999.9 -999.9 -999.9 -999.9 19.9 -999.9 22.2 136.0 0.0 0.0 0.0 0.0 0.0 0.0 13.0 6.5 98.2 84.2 32.5 DCRS_-_São_Francisco_de_Paula/Cambará_do_Sul_(865_m) -999.9 -999.9 -999.9 -999.9 -999.9 12.7 4.1 143.0 Rio_Grande_do_Sul DCRS -999.9 0.0 0.0 861.35 861.35 861.1 1 0.01 861.35 861.35 861.35 861.35
-29.264900 -50.314899 DCRS-00084 2026-09-22_08:55 7.4 -999.9 -999.9 86.8 -999.9 -999.9 5.3 -999.9 -999.9 -999.9 -999.9 -999.9 13.9 -999.9 24.2 158.0 0.0 0.0 0.0 0.0 0.0 0.0 13.0 6.5 98.2 84.2 32.5 DCRS_-_São_Francisco_de_Paula/Cambará_do_Sul_(865_m) -999.9 -999.9 -999.9 -999.9 -999.9 12.7 4.1 158.0 Rio_Grande_do_Sul DCRS -999.9 0.0 0.0 861.35 861.35 861.1 1 0.01 861.35 861.35 861.35 861.35
-29.264900 -50.314899 DCRS-00084 2026-09-22_08:56 7.4 -999.9 -999.9 87.9 -999.9 -999.9 5.5 -999.9 -999.9 -999.9 -999.9 -999.9 9.5 -999.9 24.2 167.0 0.0 0.0 0.0 0.0 0.0 0.0 13.0 6.5 98.2 84.2 32.5 DCRS_-_São_Francisco_de_Paula/Cambará_do_Sul_(865_m) -999.9 -999.9 -999.9 -999.9 -999.9 12.7 4.1 167.0 Rio_Grande_do_Sul DCRS -999.9 0.0 0.0 861.35 861.35 861.1 1 0.02 861.35 861.35 861.35 861.35
-29.264900 -50.314899 DCRS-00084 2026-09-22_08:57 7.4 -999.9 -999.9 87.7 -999.9 -999.9 5.5 -999.9 -999.9 -999.9 -999.9 -999.9 15.2 -999.9 24.2 175.0 0.0 0.0 0.0 0.0 0.0 0.0 13.0 6.5 98.2 84.2 32.5 DCRS_-_São_Francisco_de_Paula/Cambará_do_Sul_(865_m) -999.9 -999.9 -999.9 -999.9 -999.9 12.7 4.1 175.0 Rio_Grande_do_Sul DCRS -999.9 0.0 0.0 861.35 861.35 861.1 1 0.02 861.35 861.35 861.35 861.35
-29.264900 -50.314899 DCRS-00084 2026-09-22_08:58 7.5 -999.9 -999.9 86.9 -999.9 -999.9 5.4 -999.9 -999.9 -999.9 -999.9 -999.9 8.4 -999.9 24.2 168.0 0.0 0.0 0.0 0.0 0.0 0.0 13.0 6.5 98.2 84.2 32.5 DCRS_-_São_Francisco_de_Paula/Cambará_do_Sul_(865_m) -999.9 -999.9 -999.9 -999.9 -999.9 12.7 4.1 175.0 Rio_Grande_do_Sul DCRS -999.9 0.0 0.0 861.35 861.35 861.1 1 0.01 861.35 861.35 861.35 861.35
-29.264900 -50.314899 DCRS-00084 2026-09-22_08:59 7.5 -999.9 -999.9 86.8 -999.9 -999.9 5.4 -999.9 -999.9 -999.9 -999.9 -999.9 7.4 -999.9 24.2 166.0 0.0 0.0 0.0 0.0 0.0 0.0 13.0 6.5 98.2 84.2 32.5 DCRS_-_São_Francisco_de_Paula/Cambará_do_Sul_(865_m) -999.9 -999.9 -999.9 -999.9 -999.9 12.7 4.1 175.0 Rio_Grande_do_Sul DCRS -999.9 0.0 0.0 861.35 861.35 861.1 1 0.01 861.35 861.35 861.35 861.35
-29.264900 -50.314899 DCRS-00084 2026-09-22_09:00 7.6 -999.9 -999.9 86.6 -999.9 -999.9 5.5 -999.9 -999.9 -999.9 -999.9 -999.9 6.5 -999.9 22.1 128.0 0.0 0.0 0.0 0.0 0.0 0.0 13.0 6.5 98.2 84.2 32.5 DCRS_-_São_Francisco_de_Paula/Cambará_do_Sul_(865_m) -999.9 -999.9 -999.9 -999.9 -999.9 12.7 4.1 175.0 Rio_Grande_do_Sul DCRS -999.9 0.0 0.0 861.35 861.35 861.1 1 0.01 861.35 861.35 861.35 861.35
-29.264900 -50.314899 DCRS-00084 2026-09-22_09:01 7.6 -999.9 -999.9 86.5 -999.9 -999.9 5.5 -999.9 -999.9 -999.9 -999.9 -999.9 14.6 -999.9 22.1 133.0 0.0 0.0 0.0 0.0 0.0 0.0 13.0 6.5 98.2 84.2 32.5 DCRS_-_São_Francisco_de_Paula/Cambará_do_Sul_(865_m) -999.9 -999.9 -999.9 -999.9 -999.9 12.7 4.1 175.0 Rio_Grande_do_Sul DCRS -999.9 0.0 0.0 861.35 861.35 861.1 1 0.02 861.35 861.35 861.35 861.35
-29.264900 -50.314899 DCRS-00084 2026-09-22_09:02 7.6 -999.9 -999.9 85.7 -999.9 -999.9 5.3 -999.9 -999.9 -999.9 -999.9 -999.9 11.3 -999.9 22.1 132.0 0.0 0.0 0.0 0.0 0.0 0.0 13.0 6.5 98.2 84.2 32.5 DCRS_-_São_Francisco_de_Paula/Cambará_do_Sul_(865_m) -999.9 -999.9 -999.9 -999.9 -999.9 12.7 4.1 175.0 Rio_Grande_do_Sul DCRS -999.9 0.0 0.0 861.34 861.35 861.1 1 0.0 861.35 861.35 861.35 861.35
-29.264900 -50.314899 DCRS-00084 2026-09-22_09:03 7.6 -999.9 -999.9 86.1 -999.9 -999.9 5.4 -999.9 -999.9 -999.9 -999.9 -999.9 14.2 -999.9 22.1 143.0 0.0 0.0 0.0 0.0 0.0 0.0 13.0 6.5 98.2 84.2 32.5 DCRS_-_São_Francisco_de_Paula/Cambará_do_Sul_(865_m) -999.9 -999.9 -999.9 -999.9 -999.9 12.7 4.1 175.0 Rio_Grande_do_Sul DCRS -999.9 0.0 0.0 861.36 861.36 861.1 1 0.02 861.36 861.36 861.36 861.36
-29.264900 -50.314899 DCRS-00084 2026-09-22_09:04 7.7 -999.9 -999.9 86.6 -999.9 -999.9 5.6 -999.9 -999.9 -999.9 -999.9 -999.9 13.9 -999.9 22.1 160.0 0.0 0.0 0.0 0.0 0.0 0.0 13.0 6.5 98.2 84.2 32.5 DCRS_-_São_Francisco_de_Paula/Cambará_do_Sul_(865_m) -999.9 -999.9 -999.9 -999.9 -999.9 12.7 4.1 175.0 Rio_Grande_do_Sul DCRS -999.9 0.0 0.0 861.35 861.36 861.1 1 0.01 861.36 861.36 861.36 861.36
-29.264900 -50.314899 DCRS-00084 2026-09-22_09:05 7.6 -999.9 -999.9 84.3 -999.9 -999.9 5.1 -999.9 -999.9 -999.9 -999.9 -999.9 25.1 -999.9 29.4 175.0 0.0 0.0 0.0 0.0 0.0 0.0 13.0 6.5 98.2 84.2 32.5 DCRS_-_São_Francisco_de_Paula/Cambará_do_Sul_(865_m) -999.9 -999.9 -999.9 -999.9 -999.9 12.7 4.1 175.0 Rio_Grande_do_Sul DCRS -999.9 0.0 0.0 861.36 861.36 861.1 1 0.02 861.36 861.36 861.36 861.36
-29.264900 -50.314899 DCRS-00084 2026-09-22_09:06 7.5 -999.9 -999.9 84.3 -999.9 -999.9 5.0 -999.9 -999.9 -999.9 -999.9 -999.9 13.1 -999.9 29.4 179.0 0.0 0.0 0.0 0.0 0.0 0.0 13.0 6.5 98.2 84.2 32.5 DCRS_-_São_Francisco_de_Paula/Cambará_do_Sul_(865_m) -999.9 -999.9 -999.9 -999.9 -999.9 12.7 4.1 179.0 Rio_Grande_do_Sul DCRS -999.9 0.0 0.0 861.36 861.36 861.1 1 0.03 861.36 861.36 861.36 861.36
-29.264900 -50.314899 DCRS-00084 2026-09-22_09:07 7.5 -999.9 -999.9 84.8 -999.9 -999.9 5.1 -999.9 -999.9 -999.9 -999.9 -999.9 26.5 -999.9 29.4 157.0 0.0 0.0 0.0 0.0 0.0 0.0 13.0 6.5 98.2 84.2 32.5 DCRS_-_São_Francisco_de_Paula/Cambará_do_Sul_(865_m) -999.9 -999.9 -999.9 -999.9 -999.9 12.7 4.1 179.0 Rio_Grande_do_Sul DCRS -999.9 0.0 0.0 861.35 861.36 861.1 1 0.01 861.36 861.36 861.36 861.36
-29.264900 -50.314899 DCRS-00084 2026-09-22_09:08 7.5 -999.9 -999.9 84.7 -999.9 -999.9 5.1 -999.9 -999.9 -999.9 -999.9 -999.9 12.9 -999.9 29.4 162.0 0.0 0.0 0.0 0.0 0.0 0.0 13.0 6.5 98.2 84.2 32.5 DCRS_-_São_Francisco_de_Paula/Cambará_do_Sul_(865_m) -999.9 -999.9 -999.9 -999.9 -999.9 12.7 4.1 179.0 Rio_Grande_do_Sul DCRS -999.9 0.0 0.0 861.35 861.36 861.1 1 0.02 861.36 861.36 861.36 861.36
-29.264900 -50.314899 DCRS-00084 2026-09-22_09:09 7.6 -999.9 -999.9 85.4 -999.9 -999.9 5.3 -999.9 -999.9 -999.9 -999.9 -999.9 17.9 -999.9 29.4 189.0 0.0 0.0 0.0 0.0 0.0 0.0 13.0 6.5 98.2 84.2 32.5 DCRS_-_São_Francisco_de_Paula/Cambará_do_Sul_(865_m) -999.9 -999.9 -999.9 -999.9 -999.9 12.7 4.1 189.0 Rio_Grande_do_Sul DCRS -999.9 0.0 0.0 861.36 861.36 861.1 1 0.02 861.36 861.36 861.36 861.36
-29.264900 -50.314899 DCRS-00084 2026-09-22_09:10 7.7 -999.9 -999.9 85.1 -999.9 -999.9 5.3 -999.9 -999.9 -999.9 -999.9 -999.9 16.1 -999.9 28.0 160.0 0.0 0.0 0.0 0.0 0.0 0.0 13.0 6.5 98.2 84.2 32.5 DCRS_-_São_Francisco_de_Paula/Cambará_do_Sul_(865_m) -999.9 -999.9 -999.9 -999.9 -999.9 12.7 4.1 189.0 Rio_Grande_do_Sul DCRS -999.9 0.0 0.0 861.35 861.36 861.1 1 0.02 861.36 861.36 861.36 861.36
-29.264900 -50.314899 DCRS-00084 2026-09-22_09:11 7.7 -999.9 -999.9 85.1 -999.9 -999.9 5.3 -999.9 -999.9 -999.9 -999.9 -999.9 21.6 -999.9 28.0 168.0 0.0 0.0 0.0 0.0 0.0 0.0 13.0 6.5 98.2 84.2 32.5 DCRS_-_São_Francisco_de_Paula/Cambará_do_Sul_(865_m) -999.9 -999.9 -999.9 -999.9 -999.9 12.7 4.1 189.0 Rio_Grande_do_Sul DCRS -999.9 0.0 0.0 861.35 861.36 861.1 1 0.01 861.36 861.36 861.36 861.36
-29.264900 -50.314899 DCRS-00084 2026-09-22_09:12 7.7 -999.9 -999.9 84.2 -999.9 -999.9 5.2 -999.9 -999.9 -999.9 -999.9 -999.9 8.2 -999.9 28.0 172.0 0.0 0.0 0.0 0.0 0.0 0.0 13.0 6.5 98.2 84.2 32.5 DCRS_-_São_Francisco_de_Paula/Cambará_do_Sul_(865_m) -999.9 -999.9 -999.9 -999.9 -999.9 12.7 4.1 189.0 Rio_Grande_do_Sul DCRS -999.9 0.0 0.0 861.35 861.36 861.1 1 0.02 861.36 861.36 861.36 861.36
-29.264900 -50.314899 DCRS-00084 2026-09-22_09:13 7.7 -999.9 -999.9 84.7 -999.9 -999.9 5.3 -999.9 -999.9 -999.9 -999.9 -999.9 7.6 -999.9 28.0 183.0 0.0 0.0 0.0 0.0 0.0 0.0 13.0 6.5 98.2 84.2 32.5 DCRS_-_São_Francisco_de_Paula/Cambará_do_Sul_(865_m) -999.9 -999.9 -999.9 -999.9 -999.9 12.7 4.1 189.0 Rio_Grande_do_Sul DCRS -999.9 0.0 0.0 861.35 861.36 861.1 1 0.01 861.36 861.36 861.36 861.36
-29.264900 -50.314899 DCRS-00084 2026-09-22_09:14 7.8 -999.9 -999.9 85.1 -999.9 -999.9 5.4 -999.9 -999.9 -999.9 -999.9 -999.9 8.4 -999.9 28.0 205.0 0.0 0.0 0.0 0.0 0.0 0.0 13.0 6.5 98.2 84.2 32.5 DCRS_-_São_Francisco_de_Paula/Cambará_do_Sul_(865_m) -999.9 -999.9 -999.9 -999.9 -999.9 12.7 4.1 205.0 Rio_Grande_do_Sul DCRS -999.9 0.0 0.0 861.36 861.36 861.1 1 0.02 861.36 861.36 861.36 861.36
-29.264900 -50.314899 DCRS-00084 2026-09-22_09:15 7.8 -999.9 -999.9 84.7 -999.9 -999.9 5.4 -999.9 -999.9 -999.9 -999.9 -999.9 19.9 -999.9 21.8 211.0 0.0 0.0 0.0 0.0 0.0 0.0 13.0 6.5 98.2 84.2 32.5 DCRS_-_São_Francisco_de_Paula/Cambará_do_Sul_(865_m) -999.9 -999.9 -999.9 -999.9 -999.9 12.7 4.1 211.0 Rio_Grande_do_Sul DCRS -999.9 0.0 0.0 861.35 861.36 861.1 1 0.01 861.36 861.36 861.36 861.36
-29.264900 -50.314899 DCRS-00084 2026-09-22_09:16 7.8 -999.9 -999.9 84.5 -999.9 -999.9 5.3 -999.9 -999.9 -999.9 -999.9 -999.9 20.0 -999.9 21.8 182.0 0.0 0.0 0.0 0.0 0.0 0.0 13.0 6.5 98.2 84.2 32.5 DCRS_-_São_Francisco_de_Paula/Cambará_do_Sul_(865_m) -999.9 -999.9 -999.9 -999.9 -999.9 12.7 4.1 211.0 Rio_Grande_do_Sul DCRS -999.9 0.0 0.0 861.35 861.36 861.1 1 0.01 861.36 861.36 861.36 861.36
-29.264900 -50.314899 DCRS-00084 2026-09-22_09:17 7.8 -999.9 -999.9 83.0 -999.9 -999.9 5.1 -999.9 -999.9 -999.9 -999.9 -999.9 19.3 -999.9 21.8 182.0 0.0 0.0 0.0 0.0 0.0 0.0 13.0 6.5 98.2 83.0 32.5 DCRS_-_São_Francisco_de_Paula/Cambará_do_Sul_(865_m) -999.9 -999.9 -999.9 -999.9 -999.9 12.7 4.1 211.0 Rio_Grande_do_Sul DCRS -999.9 0.0 0.0 861.35 861.36 861.1 1 0.01 861.36 861.36 861.36 861.36
-29.264900 -50.314899 DCRS-00084 2026-09-22_09:18 7.8 -999.9 -999.9 83.0 -999.9 -999.9 5.1 -999.9 -999.9 -999.9 -999.9 -999.9 17.3 -999.9 21.8 182.0 0.0 0.0 0.0 0.0 0.0 0.0 13.0 6.5 98.2 83.0 32.5 DCRS_-_São_Francisco_de_Paula/Cambará_do_Sul_(865_m) -999.9 -999.9 -999.9 -999.9 -999.9 12.7 4.1 211.0 Rio_Grande_do_Sul DCRS -999.9 0.0 0.0 861.36 861.36 861.1 1 0.02 861.36 861.36 861.36 861.36
-29.264900 -50.314899 DCRS-00084 2026-09-22_09:19 7.8 -999.9 -999.9 83.5 -999.9 -999.9 5.1 -999.9 -999.9 -999.9 -999.9 -999.9 8.2 -999.9 21.8 235.0 0.0 0.0 0.0 0.0 0.0 0.0 13.0 6.5 98.2 83.0 32.5 DCRS_-_São_Francisco_de_Paula/Cambará_do_Sul_(865_m) -999.9 -999.9 -999.9 -999.9 -999.9 12.7 4.1 235.0 Rio_Grande_do_Sul DCRS -999.9 0.0 0.0 861.36 861.36 861.1 1 0.02 861.36 861.36 861.36 861.36
-29.264900 -50.314899 DCRS-00084 2026-09-22_09:20 7.9 -999.9 -999.9 83.2 -999.9 -999.9 5.2 -999.9 -999.9 -999.9 -999.9 -999.9 23.7 -999.9 24.6 269.0 0.0 0.0 0.0 0.0 0.0 0.0 13.0 6.5 98.2 83.0 32.5 DCRS_-_São_Francisco_de_Paula/Cambará_do_Sul_(865_m) -999.9 -999.9 -999.9 -999.9 -999.9 12.7 4.1 269.0 Rio_Grande_do_Sul DCRS -999.9 0.0 0.0 861.36 861.36 861.1 1 0.02 861.36 861.36 861.36 861.36
-29.264900 -50.314899 DCRS-00084 2026-09-22_09:21 7.9 -999.9 -999.9 83.7 -999.9 -999.9 5.3 -999.9 -999.9 -999.9 -999.9 -999.9 10.8 -999.9 24.6 260.0 0.0 0.0 0.0 0.0 0.0 0.0 13.0 6.5 98.2 83.0 32.5 DCRS_-_São_Francisco_de_Paula/Cambará_do_Sul_(865_m) -999.9 -999.9 -999.9 -999.9 -999.9 12.7 4.1 269.0 Rio_Grande_do_Sul DCRS -999.9 0.0 0.0 861.36 861.36 861.1 1 0.04 861.36 861.36 861.36 861.36
-29.264900 -50.314899 DCRS-00084 2026-09-22_09:22 8.0 -999.9 -999.9 83.0 -999.9 -999.9 5.3 -999.9 -999.9 -999.9 -999.9 -999.9 13.6 -999.9 24.6 228.0 0.0 0.0 0.0 0.0 0.0 0.0 13.0 6.5 98.2 83.0 32.5 DCRS_-_São_Francisco_de_Paula/Cambará_do_Sul_(865_m) -999.9 -999.9 -999.9 -999.9 -999.9 12.7 4.1 269.0 Rio_Grande_do_Sul DCRS -999.9 0.0 0.0 861.35 861.36 861.1 1 0.01 861.36 861.36 861.36 861.36
-29.264900 -50.314899 DCRS-00084 2026-09-22_09:23 8.2 -999.9 -999.9 83.9 -999.9 -999.9 5.6 -999.9 -999.9 -999.9 -999.9 -999.9 13.8 -999.9 24.6 254.0 0.0 0.0 0.0 0.0 0.0 0.0 13.0 6.5 98.2 83.0 32.5 DCRS_-_São_Francisco_de_Paula/Cambará_do_Sul_(865_m) -999.9 -999.9 -999.9 -999.9 -999.9 12.7 4.1 269.0 Rio_Grande_do_Sul DCRS -999.9 0.0 0.0 861.36 861.36 861.1 1 0.02 861.36 861.36 861.36 861.36
-29.264900 -50.314899 DCRS-00084 2026-09-22_09:24 8.2 -999.9 -999.9 83.5 -999.9 -999.9 5.5 -999.9 -999.9 -999.9 -999.9 -999.9 11.5 -999.9 24.6 241.0 0.0 0.0 0.0 0.0 0.0 0.0 13.0 6.5 98.2 83.0 32.5 DCRS_-_São_Francisco_de_Paula/Cambará_do_Sul_(865_m) -999.9 -999.9 -999.9 -999.9 -999.9 12.7 4.1 269.0 Rio_Grande_do_Sul DCRS -999.9 0.0 0.0 861.36 861.36 861.1 1 0.02 861.36 861.36 861.36 861.36
-29.264900 -50.314899 DCRS-00084 2026-09-22_09:25 8.2 -999.9 -999.9 82.8 -999.9 -999.9 5.4 -999.9 -999.9 -999.9 -999.9 -999.9 7.5 -999.9 24.0 246.0 0.0 0.0 0.0 0.0 0.0 0.0 13.0 6.5 98.2 82.8 32.5 DCRS_-_São_Francisco_de_Paula/Cambará_do_Sul_(865_m) -999.9 -999.9 -999.9 -999.9 -999.9 12.7 4.1 269.0 Rio_Grande_do_Sul DCRS -999.9 0.0 0.0 861.36 861.36 861.1 1 0.02 861.36 861.36 861.36 861.36
-29.264900 -50.314899 DCRS-00084 2026-09-22_09:26 8.3 -999.9 -999.9 83.9 -999.9 -999.9 5.7 -999.9 -999.9 -999.9 -999.9 -999.9 17.2 -999.9 24.0 223.0 0.0 0.0 0.0 0.0 0.0 0.0 13.0 6.5 98.2 82.8 32.5 DCRS_-_São_Francisco_de_Paula/Cambará_do_Sul_(865_m) -999.9 -999.9 -999.9 -999.9 -999.9 12.7 4.1 269.0 Rio_Grande_do_Sul DCRS -999.9 0.0 0.0 861.36 861.36 861.1 1 0.02 861.36 861.36 861.36 861.36
-29.264900 -50.314899 DCRS-00084 2026-09-22_09:27 8.4 -999.9 -999.9 82.4 -999.9 -999.9 5.5 -999.9 -999.9 -999.9 -999.9 -999.9 19.3 -999.9 24.0 228.0 0.0 0.0 0.0 0.0 0.0 0.0 13.0 6.5 98.2 82.4 32.5 DCRS_-_São_Francisco_de_Paula/Cambará_do_Sul_(865_m) -999.9 -999.9 -999.9 -999.9 -999.9 12.7 4.1 269.0 Rio_Grande_do_Sul DCRS -999.9 0.0 0.0 861.36 861.36 861.1 1 0.01 861.36 861.36 861.36 861.36
-29.264900 -50.314899 DCRS-00084 2026-09-22_09:28 8.4 -999.9 -999.9 81.1 -999.9 -999.9 5.3 -999.9 -999.9 -999.9 -999.9 -999.9 16.2 -999.9 24.0 256.0 0.0 0.0 0.0 0.0 0.0 0.0 13.0 6.5 98.2 81.1 32.5 DCRS_-_São_Francisco_de_Paula/Cambará_do_Sul_(865_m) -999.9 -999.9 -999.9 -999.9 -999.9 12.7 4.1 269.0 Rio_Grande_do_Sul DCRS -999.9 0.0 0.0 861.35 861.36 861.1 1 0.0 861.36 861.36 861.36 861.36
-29.264900 -50.314899 DCRS-00084 2026-09-22_09:29 8.4 -999.9 -999.9 81.8 -999.9 -999.9 5.4 -999.9 -999.9 -999.9 -999.9 -999.9 19.8 -999.9 24.0 251.0 0.0 0.0 0.0 0.0 0.0 0.0 13.0 6.5 98.2 81.1 32.5 DCRS_-_São_Francisco_de_Paula/Cambará_do_Sul_(865_m) -999.9 -999.9 -999.9 -999.9 -999.9 12.7 4.1 269.0 Rio_Grande_do_Sul DCRS -999.9 0.0 0.0 861.37 861.37 861.1 1 0.02 861.37 861.37 861.37 861.37
-29.264900 -50.314899 DCRS-00084 2026-09-22_09:30 8.4 -999.9 -999.9 80.7 -999.9 -999.9 5.2 -999.9 -999.9 -999.9 -999.9 -999.9 15.7 -999.9 22.5 234.0 0.0 0.0 0.0 0.0 0.0 0.0 13.0 6.5 98.2 80.7 32.5 DCRS_-_São_Francisco_de_Paula/Cambará_do_Sul_(865_m) -999.9 -999.9 -999.9 -999.9 -999.9 12.7 4.1 269.0 Rio_Grande_do_Sul DCRS -999.9 0.0 0.0 861.36 861.37 861.1 1 0.01 861.37 861.37 861.37 861.37
-29.264900 -50.314899 DCRS-00084 2026-09-22_09:31 8.5 -999.9 -999.9 83.8 -999.9 -999.9 5.9 -999.9 -999.9 -999.9 -999.9 -999.9 14.3 -999.9 22.5 204.0 0.0 0.0 0.0 0.0 0.0 0.0 13.0 6.5 98.2 80.7 32.5 DCRS_-_São_Francisco_de_Paula/Cambará_do_Sul_(865_m) -999.9 -999.9 -999.9 -999.9 -999.9 12.7 4.1 269.0 Rio_Grande_do_Sul DCRS -999.9 0.0 0.0 861.36 861.37 861.1 1 0.01 861.37 861.37 861.37 861.37
-29.264900 -50.314899 DCRS-00084 2026-09-22_09:32 8.5 -999.9 -999.9 82.7 -999.9 -999.9 5.7 -999.9 -999.9 -999.9 -999.9 -999.9 16.5 -999.9 22.5 199.0 0.0 0.0 0.0 0.0 0.0 0.0 13.0 6.5 98.2 80.7 32.5 DCRS_-_São_Francisco_de_Paula/Cambará_do_Sul_(865_m) -999.9 -999.9 -999.9 -999.9 -999.9 12.7 4.1 269.0 Rio_Grande_do_Sul DCRS -999.9 0.0 0.0 861.36 861.37 861.1 1 0.01 861.37 861.37 861.37 861.37
-29.264900 -50.314899 DCRS-00084 2026-09-22_09:33 8.5 -999.9 -999.9 81.4 -999.9 -999.9 5.5 -999.9 -999.9 -999.9 -999.9 -999.9 22.1 -999.9 22.5 288.0 0.0 0.0 0.0 0.0 0.0 0.0 13.0 6.5 98.2 80.7 32.5 DCRS_-_São_Francisco_de_Paula/Cambará_do_Sul_(865_m) -999.9 -999.9 -999.9 -999.9 -999.9 12.7 4.1 288.0 Rio_Grande_do_Sul DCRS -999.9 0.0 0.0 861.36 861.37 861.1 1 0.01 861.37 861.37 861.37 861.37
-29.264900 -50.314899 DCRS-00084 2026-09-22_09:34 8.4 -999.9 -999.9 81.6 -999.9 -999.9 5.4 -999.9 -999.9 -999.9 -999.9 -999.9 14.0 -999.9 22.5 358.0 0.0 0.0 0.0 0.0 0.0 0.0 13.0 6.5 98.2 80.7 32.5 DCRS_-_São_Francisco_de_Paula/Cambará_do_Sul_(865_m) -999.9 -999.9 -999.9 -999.9 -999.9 12.7 4.1 358.0 Rio_Grande_do_Sul DCRS -999.9 0.0 0.0 861.36 861.37 861.1 1 0.01 861.37 861.37 861.37 861.37
-29.264900 -50.314899 DCRS-00084 2026-09-22_09:35 8.4 -999.9 -999.9 80.8 -999.9 -999.9 5.3 -999.9 -999.9 -999.9 -999.9 -999.9 19.3 -999.9 28.6 214.0 0.0 0.0 0.0 0.0 0.0 0.0 13.0 6.5 98.2 80.7 32.5 DCRS_-_São_Francisco_de_Paula/Cambará_do_Sul_(865_m) -999.9 -999.9 -999.9 -999.9 -999.9 12.7 4.1 358.0 Rio_Grande_do_Sul DCRS -999.9 0.0 0.0 861.36 861.37 861.1 1 0.01 861.37 861.37 861.37 861.37
-29.264900 -50.314899 DCRS-00084 2026-09-22_09:36 8.4 -999.9 -999.9 81.5 -999.9 -999.9 5.4 -999.9 -999.9 -999.9 -999.9 -999.9 15.0 -999.9 28.6 220.0 0.0 0.0 0.0 0.0 0.0 0.0 13.0 6.5 98.2 80.7 32.5 DCRS_-_São_Francisco_de_Paula/Cambará_do_Sul_(865_m) -999.9 -999.9 -999.9 -999.9 -999.9 12.7 4.1 358.0 Rio_Grande_do_Sul DCRS -999.9 0.0 0.0 861.36 861.37 861.1 1 0.02 861.37 861.37 861.37 861.37
-29.264900 -50.314899 DCRS-00084 2026-09-22_09:37 8.5 -999.9 -999.9 81.8 -999.9 -999.9 5.5 -999.9 -999.9 -999.9 -999.9 -999.9 22.7 -999.9 28.6 284.0 0.0 0.0 0.0 0.0 0.0 0.0 13.0 6.5 98.2 80.7 32.5 DCRS_-_São_Francisco_de_Paula/Cambará_do_Sul_(865_m) -999.9 -999.9 -999.9 -999.9 -999.9 12.7 4.1 358.0 Rio_Grande_do_Sul DCRS -999.9 0.0 0.0 861.36 861.37 861.1 1 0.02 861.37 861.37 861.37 861.37
-29.264900 -50.314899 DCRS-00084 2026-09-22_09:38 8.4 -999.9 -999.9 82.2 -999.9 -999.9 5.5 -999.9 -999.9 -999.9 -999.9 -999.9 19.2 -999.9 28.6 650.0 0.0 0.0 0.0 0.0 0.0 0.0 13.0 6.5 98.2 80.7 32.5 DCRS_-_São_Francisco_de_Paula/Cambará_do_Sul_(865_m) -999.9 -999.9 -999.9 -999.9 -999.9 12.7 4.1 650.0 Rio_Grande_do_Sul DCRS -999.9 0.0 0.0 861.35 861.37 861.1 1 0.0 861.37 861.37 861.37 861.37
-29.264900 -50.314899 DCRS-00084 2026-09-22_09:39 8.5 -999.9 -999.9 82.2 -999.9 -999.9 5.6 -999.9 -999.9 -999.9 -999.9 -999.9 13.0 -999.9 28.6 273.0 0.0 0.0 0.0 0.0 0.0 0.0 13.0 6.5 98.2 80.7 32.5 DCRS_-_São_Francisco_de_Paula/Cambará_do_Sul_(865_m) -999.9 -999.9 -999.9 -999.9 -999.9 12.7 4.1 650.0 Rio_Grande_do_Sul DCRS -999.9 0.0 0.0 861.36 861.37 861.1 1 0.01 861.37 861.37 861.37 861.37
-29.264900 -50.314899 DCRS-00084 2026-09-22_09:40 8.6 -999.9 -999.9 82.1 -999.9 -999.9 5.7 -999.9 -999.9 -999.9 -999.9 -999.9 19.0 -999.9 23.0 421.0 0.0 0.0 0.0 0.0 0.0 0.0 13.0 6.5 98.2 80.7 32.5 DCRS_-_São_Francisco_de_Paula/Cambará_do_Sul_(865_m) -999.9 -999.9 -999.9 -999.9 -999.9 12.7 4.1 650.0 Rio_Grande_do_Sul DCRS -999.9 0.0 0.0 861.36 861.37 861.1 1 0.01 861.37 861.37 861.37 861.37
-29.264900 -50.314899 DCRS-00084 2026-09-22_09:41 8.8 -999.9 -999.9 81.8 -999.9 -999.9 5.8 -999.9 -999.9 -999.9 -999.9 -999.9 17.2 -999.9 23.0 278.0 0.0 0.0 0.0 0.0 0.0 0.0 13.0 6.5 98.2 80.7 32.5 DCRS_-_São_Francisco_de_Paula/Cambará_do_Sul_(865_m) -999.9 -999.9 -999.9 -999.9 -999.9 12.7 4.1 650.0 Rio_Grande_do_Sul DCRS -999.9 0.0 0.0 861.35 861.37 861.1 1 0.0 861.37 861.37 861.37 861.37
-29.264900 -50.314899 DCRS-00084 2026-09-22_09:42 8.7 -999.9 -999.9 81.8 -999.9 -999.9 5.7 -999.9 -999.9 -999.9 -999.9 -999.9 13.7 -999.9 23.0 571.0 0.0 0.0 0.0 0.0 0.0 0.0 13.0 6.5 98.2 80.7 32.5 DCRS_-_São_Francisco_de_Paula/Cambará_do_Sul_(865_m) -999.9 -999.9 -999.9 -999.9 -999.9 12.7 4.1 650.0 Rio_Grande_do_Sul DCRS -999.9 0.0 0.0 861.36 861.37 861.1 1 0.01 861.37 861.37 861.37 861.37
-29.264900 -50.314899 DCRS-00084 2026-09-22_09:43 8.8 -999.9 -999.9 82.8 -999.9 -999.9 6.0 -999.9 -999.9 -999.9 -999.9 -999.9 13.6 -999.9 23.0 242.0 0.0 0.0 0.0 0.0 0.0 0.0 13.0 6.5 98.2 80.7 32.5 DCRS_-_São_Francisco_de_Paula/Cambará_do_Sul_(865_m) -999.9 -999.9 -999.9 -999.9 -999.9 12.7 4.1 650.0 Rio_Grande_do_Sul DCRS -999.9 0.0 0.0 861.36 861.37 861.1 1 0.01 861.37 861.37 861.37 861.37
-29.264900 -50.314899 DCRS-00084 2026-09-22_09:44 8.8 -999.9 -999.9 80.4 -999.9 -999.9 5.6 -999.9 -999.9 -999.9 -999.9 -999.9 18.5 -999.9 23.0 530.0 0.0 0.0 0.0 0.0 0.0 0.0 13.0 6.5 98.2 80.4 32.5 DCRS_-_São_Francisco_de_Paula/Cambará_do_Sul_(865_m) -999.9 -999.9 -999.9 -999.9 -999.9 12.7 4.1 650.0 Rio_Grande_do_Sul DCRS -999.9 0.0 0.0 861.36 861.37 861.1 1 0.01 861.37 861.37 861.37 861.37
-29.264900 -50.314899 DCRS-00084 2026-09-22_09:45 8.6 -999.9 -999.9 81.1 -999.9 -999.9 5.5 -999.9 -999.9 -999.9 -999.9 -999.9 15.9 -999.9 23.6 262.0 0.0 0.0 0.0 0.0 0.0 0.0 13.0 6.5 98.2 80.4 32.5 DCRS_-_São_Francisco_de_Paula/Cambará_do_Sul_(865_m) -999.9 -999.9 -999.9 -999.9 -999.9 12.7 4.1 650.0 Rio_Grande_do_Sul DCRS -999.9 0.0 0.0 861.36 861.37 861.1 1 0.01 861.37 861.37 861.37 861.37
-29.264900 -50.314899 DCRS-00084 2026-09-22_09:46 8.7 -999.9 -999.9 82.8 -999.9 -999.9 5.9 -999.9 -999.9 -999.9 -999.9 -999.9 17.6 -999.9 23.6 280.0 0.0 0.0 0.0 0.0 0.0 0.0 13.0 6.5 98.2 80.4 32.5 DCRS_-_São_Francisco_de_Paula/Cambará_do_Sul_(865_m) -999.9 -999.9 -999.9 -999.9 -999.9 12.7 4.1 650.0 Rio_Grande_do_Sul DCRS -999.9 0.0 0.0 861.36 861.37 861.1 1 0.01 861.37 861.37 861.37 861.37
-29.264900 -50.314899 DCRS-00084 2026-09-22_09:47 8.8 -999.9 -999.9 82.4 -999.9 -999.9 5.9 -999.9 -999.9 -999.9 -999.9 -999.9 20.0 -999.9 23.6 302.0 0.0 0.0 0.0 0.0 0.0 0.0 13.0 6.5 98.2 80.4 32.5 DCRS_-_São_Francisco_de_Paula/Cambará_do_Sul_(865_m) -999.9 -999.9 -999.9 -999.9 -999.9 12.7 4.1 650.0 Rio_Grande_do_Sul DCRS -999.9 0.0 0.0 861.37 861.37 861.1 1 0.02 861.37 861.37 861.37 861.37
-29.264900 -50.314899 DCRS-00084 2026-09-22_09:48 8.7 -999.9 -999.9 82.0 -999.9 -999.9 5.8 -999.9 -999.9 -999.9 -999.9 -999.9 13.5 -999.9 23.6 218.0 0.0 0.0 0.0 0.0 0.0 0.0 13.0 6.5 98.2 80.4 32.5 DCRS_-_São_Francisco_de_Paula/Cambará_do_Sul_(865_m) -999.9 -999.9 -999.9 -999.9 -999.9 12.7 4.1 650.0 Rio_Grande_do_Sul DCRS -999.9 0.0 0.0 861.37 861.37 861.1 1 0.02 861.37 861.37 861.37 861.37
-29.264900 -50.314899 DCRS-00084 2026-09-22_09:49 8.8 -999.9 -999.9 82.1 -999.9 -999.9 5.9 -999.9 -999.9 -999.9 -999.9 -999.9 -999.9 -999.9 23.6 229.0 0.0 0.0 0.0 0.0 0.0 0.0 13.0 6.5 98.2 80.4 32.5 DCRS_-_São_Francisco_de_Paula/Cambará_do_Sul_(865_m) -999.9 -999.9 -999.9 -999.9 -999.9 12.7 4.1 650.0 Rio_Grande_do_Sul DCRS -999.9 0.0 0.0 861.37 861.37 861.1 1 0.02 861.37 861.37 861.37 861.37
-29.264900 -50.314899 DCRS-00084 2026-09-22_09:50 8.7 -999.9 -999.9 82.3 -999.9 -999.9 5.8 -999.9 -999.9 -999.9 -999.9 -999.9 12.3 -999.9 28.8 242.0 0.0 0.0 0.0 0.0 0.0 0.0 13.0 6.5 98.2 80.4 32.5 DCRS_-_São_Francisco_de_Paula/Cambará_do_Sul_(865_m) -999.9 -999.9 -999.9 -999.9 -999.9 12.7 4.1 650.0 Rio_Grande_do_Sul DCRS -999.9 0.0 0.0 861.36 861.37 861.1 1 0.01 861.37 861.37 861.37 861.37
-29.264900 -50.314899 DCRS-00084 2026-09-22_09:51 8.8 -999.9 -999.9 82.4 -999.9 -999.9 5.9 -999.9 -999.9 -999.9 -999.9 -999.9 17.5 -999.9 28.8 683.0 0.0 0.0 0.0 0.0 0.0 0.0 13.0 6.5 98.2 80.4 32.5 DCRS_-_São_Francisco_de_Paula/Cambará_do_Sul_(865_m) -999.9 -999.9 -999.9 -999.9 -999.9 12.7 4.1 683.0 Rio_Grande_do_Sul DCRS -999.9 0.0 0.0 861.36 861.37 861.1 1 0.01 861.37 861.37 861.37 861.37
-29.264900 -50.314899 DCRS-00084 2026-09-22_09:52 8.8 -999.9 -999.9 82.7 -999.9 -999.9 6.0 -999.9 -999.9 -999.9 -999.9 -999.9 20.2 -999.9 28.8 285.0 0.0 0.0 0.0 0.0 0.0 0.0 13.0 6.5 98.2 80.4 32.5 DCRS_-_São_Francisco_de_Paula/Cambará_do_Sul_(865_m) -999.9 -999.9 -999.9 -999.9 -999.9 12.7 4.1 683.0 Rio_Grande_do_Sul DCRS -999.9 0.0 0.0 861.37 861.37 861.1 1 0.02 861.37 861.37 861.37 861.37
-29.264900 -50.314899 DCRS-00084 2026-09-22_09:53 8.9 -999.9 -999.9 83.2 -999.9 -999.9 6.2 -999.9 -999.9 -999.9 -999.9 -999.9 18.3 -999.9 28.8 288.0 0.0 0.0 0.0 0.0 0.0 0.0 13.0 6.5 98.2 80.4 32.5 DCRS_-_São_Francisco_de_Paula/Cambará_do_Sul_(865_m) -999.9 -999.9 -999.9 -999.9 -999.9 12.7 4.1 683.0 Rio_Grande_do_Sul DCRS -999.9 0.0 0.0 861.37 861.37 861.1 1 0.02 861.37 861.37 861.37 861.37
-29.264900 -50.314899 DCRS-00084 2026-09-22_09:54 8.9 -999.9 -999.9 81.4 -999.9 -999.9 5.9 -999.9 -999.9 -999.9 -999.9 -999.9 26.7 -999.9 28.8 284.0 0.0 0.0 0.0 0.0 0.0 0.0 13.0 6.5 98.2 80.4 32.5 DCRS_-_São_Francisco_de_Paula/Cambará_do_Sul_(865_m) -999.9 -999.9 -999.9 -999.9 -999.9 12.7 4.1 683.0 Rio_Grande_do_Sul DCRS -999.9 0.0 0.0 861.37 861.37 861.1 1 0.02 861.37 861.37 861.37 861.37
-29.264900 -50.314899 DCRS-00084 2026-09-22_09:55 8.8 -999.9 -999.9 81.9 -999.9 -999.9 5.8 -999.9 -999.9 -999.9 -999.9 -999.9 23.5 -999.9 30.1 691.0 0.0 0.0 0.0 0.0 0.0 0.0 13.0 6.5 98.2 80.4 32.5 DCRS_-_São_Francisco_de_Paula/Cambará_do_Sul_(865_m) -999.9 -999.9 -999.9 -999.9 -999.9 12.7 4.1 691.0 Rio_Grande_do_Sul DCRS -999.9 0.0 0.0 861.37 861.37 861.1 1 0.02 861.37 861.37 861.37 861.37
-29.264900 -50.314899 DCRS-00084 2026-09-22_09:56 8.9 -999.9 -999.9 82.8 -999.9 -999.9 6.1 -999.9 -999.9 -999.9 -999.9 -999.9 23.2 -999.9 30.1 302.0 0.0 0.0 0.0 0.0 0.0 0.0 13.0 6.5 98.2 80.4 32.5 DCRS_-_São_Francisco_de_Paula/Cambará_do_Sul_(865_m) -999.9 -999.9 -999.9 -999.9 -999.9 12.7 4.1 691.0 Rio_Grande_do_Sul DCRS -999.9 0.0 0.0 861.37 861.37 861.1 1 0.02 861.37 861.37 861.37 861.37
-29.264900 -50.314899 DCRS-00084 2026-09-22_09:57 9.0 -999.9 -999.9 81.9 -999.9 -999.9 6.0 -999.9 -999.9 -999.9 -999.9 -999.9 22.6 -999.9 30.1 338.0 0.0 0.0 0.0 0.0 0.0 0.0 13.0 6.5 98.2 80.4 32.5 DCRS_-_São_Francisco_de_Paula/Cambará_do_Sul_(865_m) -999.9 -999.9 -999.9 -999.9 -999.9 12.7 4.1 691.0 Rio_Grande_do_Sul DCRS -999.9 0.0 0.0 861.37 861.37 861.1 1 0.02 861.37 861.37 861.37 861.37
-29.264900 -50.314899 DCRS-00084 2026-09-22_09:58 9.0 -999.9 -999.9 81.0 -999.9 -999.9 5.9 -999.9 -999.9 -999.9 -999.9 -999.9 27.3 -999.9 30.1 394.0 0.0 0.0 0.0 0.0 0.0 0.0 13.0 6.5 98.2 80.4 32.5 DCRS_-_São_Francisco_de_Paula/Cambará_do_Sul_(865_m) -999.9 -999.9 -999.9 -999.9 -999.9 12.7 4.1 691.0 Rio_Grande_do_Sul DCRS -999.9 0.0 0.0 861.36 861.37 861.1 1 0.01 861.37 861.37 861.37 861.37
-29.264900 -50.314899 DCRS-00084 2026-09-22_09:59 8.9 -999.9 -999.9 81.9 -999.9 -999.9 5.9 -999.9 -999.9 -999.9 -999.9 -999.9 15.1 -999.9 30.1 228.0 0.0 0.0 0.0 0.0 0.0 0.0 13.0 6.5 98.2 80.4 32.5 DCRS_-_São_Francisco_de_Paula/Cambará_do_Sul_(865_m) -999.9 -999.9 -999.9 -999.9 -999.9 12.7 4.1 691.0 Rio_Grande_do_Sul DCRS -999.9 0.0 0.0 861.37 861.37 861.1 1 0.02 861.37 861.37 861.37 861.37
-29.264900 -50.314899 DCRS-00084 2026-09-22_10:00 8.8 -999.9 -999.9 82.3 -999.9 -999.9 5.9 -999.9 -999.9 -999.9 -999.9 -999.9 15.9 -999.9 28.9 271.0 0.0 0.0 0.0 0.0 0.0 0.0 13.0 6.5 98.2 80.4 32.5 DCRS_-_São_Francisco_de_Paula/Cambará_do_Sul_(865_m) -999.9 -999.9 -999.9 -999.9 -999.9 12.7 4.1 691.0 Rio_Grande_do_Sul DCRS -999.9 0.0 0.0 861.37 861.37 861.1 1 0.02 861.37 861.37 861.37 861.37
-29.264900 -50.314899 DCRS-00084 2026-09-22_10:01 8.8 -999.9 -999.9 82.1 -999.9 -999.9 5.9 -999.9 -999.9 -999.9 -999.9 -999.9 21.6 -999.9 28.9 283.0 0.0 0.0 0.0 0.0 0.0 0.0 13.0 6.5 98.2 80.4 32.5 DCRS_-_São_Francisco_de_Paula/Cambará_do_Sul_(865_m) -999.9 -999.9 -999.9 -999.9 -999.9 12.7 4.1 691.0 Rio_Grande_do_Sul DCRS -999.9 0.0 0.0 861.36 861.37 861.1 1 0.01 861.37 861.37 861.37 861.37
-29.264900 -50.314899 DCRS-00084 2026-09-22_10:02 8.8 -999.9 -999.9 84.1 -999.9 -999.9 6.2 -999.9 -999.9 -999.9 -999.9 -999.9 12.1 -999.9 28.9 208.0 0.0 0.0 0.0 0.0 0.0 0.0 13.0 6.5 98.2 80.4 32.5 DCRS_-_São_Francisco_de_Paula/Cambará_do_Sul_(865_m) -999.9 -999.9 -999.9 -999.9 -999.9 12.7 4.1 691.0 Rio_Grande_do_Sul DCRS -999.9 0.0 0.0 861.37 861.37 861.1 1 0.03 861.37 861.37 861.37 861.37
-29.264900 -50.314899 DCRS-00084 2026-09-22_10:03 8.9 -999.9 -999.9 84.2 -999.9 -999.9 6.3 -999.9 -999.9 -999.9 -999.9 -999.9 9.9 -999.9 28.9 249.0 0.0 0.0 0.0 0.0 0.0 0.0 13.0 6.5 98.2 80.4 32.5 DCRS_-_São_Francisco_de_Paula/Cambará_do_Sul_(865_m) -999.9 -999.9 -999.9 -999.9 -999.9 12.7 4.1 691.0 Rio_Grande_do_Sul DCRS -999.9 0.0 0.0 861.37 861.37 861.1 1 0.01 861.37 861.37 861.37 861.37
-29.264900 -50.314899 DCRS-00084 2026-09-22_10:04 8.9 -999.9 -999.9 83.3 -999.9 -999.9 6.2 -999.9 -999.9 -999.9 -999.9 -999.9 21.5 -999.9 28.9 237.0 0.0 0.0 0.0 0.0 0.0 0.0 13.0 6.5 98.2 80.4 32.5 DCRS_-_São_Francisco_de_Paula/Cambará_do_Sul_(865_m) -999.9 -999.9 -999.9 -999.9 -999.9 12.7 4.1 691.0 Rio_Grande_do_Sul DCRS -999.9 0.0 0.0 861.37 861.37 861.1 1 0.01 861.37 861.37 861.37 861.37
-29.264900 -50.314899 DCRS-00084 2026-09-22_10:05 8.8 -999.9 -999.9 82.3 -999.9 -999.9 5.9 -999.9 -999.9 -999.9 -999.9 -999.9 22.0 -999.9 26.8 643.0 0.0 0.0 0.0 0.0 0.0 0.0 13.0 6.5 98.2 80.4 32.5 DCRS_-_São_Francisco_de_Paula/Cambará_do_Sul_(865_m) -999.9 -999.9 -999.9 -999.9 -999.9 12.7 4.1 691.0 Rio_Grande_do_Sul DCRS -999.9 0.0 0.0 861.36 861.37 861.1 1 0.0 861.37 861.37 861.37 861.37
-29.264900 -50.314899 DCRS-00084 2026-09-22_10:06 8.8 -999.9 -999.9 84.2 -999.9 -999.9 6.2 -999.9 -999.9 -999.9 -999.9 -999.9 19.6 -999.9 26.8 598.0 0.0 0.0 0.0 0.0 0.0 0.0 13.0 6.5 98.2 80.4 32.5 DCRS_-_São_Francisco_de_Paula/Cambará_do_Sul_(865_m) -999.9 -999.9 -999.9 -999.9 -999.9 12.7 4.1 691.0 Rio_Grande_do_Sul DCRS -999.9 0.0 0.0 861.37 861.37 861.1 1 0.01 861.37 861.37 861.37 861.37
-29.264900 -50.314899 DCRS-00084 2026-09-22_10:07 8.8 -999.9 -999.9 82.6 -999.9 -999.9 6.0 -999.9 -999.9 -999.9 -999.9 -999.9 21.9 -999.9 26.8 250.0 0.0 0.0 0.0 0.0 0.0 0.0 13.0 6.5 98.2 80.4 32.5 DCRS_-_São_Francisco_de_Paula/Cambará_do_Sul_(865_m) -999.9 -999.9 -999.9 -999.9 -999.9 12.7 4.1 691.0 Rio_Grande_do_Sul DCRS -999.9 0.0 0.0 861.36 861.37 861.1 1 0.01 861.37 861.37 861.37 861.37
-29.264900 -50.314899 DCRS-00084 2026-09-22_10:08 8.9 -999.9 -999.9 83.2 -999.9 -999.9 6.2 -999.9 -999.9 -999.9 -999.9 -999.9 24.5 -999.9 26.8 218.0 0.0 0.0 0.0 0.0 0.0 0.0 13.0 6.5 98.2 80.4 32.5 DCRS_-_São_Francisco_de_Paula/Cambará_do_Sul_(865_m) -999.9 -999.9 -999.9 -999.9 -999.9 12.7 4.1 691.0 Rio_Grande_do_Sul DCRS -999.9 0.0 0.0 861.37 861.37 861.1 1 0.01 861.37 861.37 861.37 861.37
-29.264900 -50.314899 DCRS-00084 2026-09-22_10:09 8.9 -999.9 -999.9 83.3 -999.9 -999.9 6.2 -999.9 -999.9 -999.9 -999.9 -999.9 20.4 -999.9 26.8 264.0 0.0 0.0 0.0 0.0 0.0 0.0 13.0 6.5 98.2 80.4 32.5 DCRS_-_São_Francisco_de_Paula/Cambará_do_Sul_(865_m) -999.9 -999.9 -999.9 -999.9 -999.9 12.7 4.1 691.0 Rio_Grande_do_Sul DCRS -999.9 0.0 0.0 861.37 861.37 861.1 1 0.02 861.37 861.37 861.37 861.37
-29.264900 -50.314899 DCRS-00084 2026-09-22_10:10 8.9 -999.9 -999.9 83.3 -999.9 -999.9 6.2 -999.9 -999.9 -999.9 -999.9 -999.9 9.6 -999.9 29.5 695.0 0.0 0.0 0.0 0.0 0.0 0.0 13.0 6.5 98.2 80.4 32.5 DCRS_-_São_Francisco_de_Paula/Cambará_do_Sul_(865_m) -999.9 -999.9 -999.9 -999.9 -999.9 12.7 4.1 695.0 Rio_Grande_do_Sul DCRS -999.9 0.0 0.0 861.38 861.38 861.1 1 0.03 861.38 861.38 861.38 861.38
-29.264900 -50.314899 DCRS-00084 2026-09-22_10:11 8.8 -999.9 -999.9 82.2 -999.9 -999.9 5.9 -999.9 -999.9 -999.9 -999.9 -999.9 20.6 -999.9 29.5 475.0 0.0 0.0 0.0 0.0 0.0 0.0 13.0 6.5 98.2 80.4 32.5 DCRS_-_São_Francisco_de_Paula/Cambará_do_Sul_(865_m) -999.9 -999.9 -999.9 -999.9 -999.9 12.7 4.1 695.0 Rio_Grande_do_Sul DCRS -999.9 0.0 0.0 861.37 861.38 861.1 1 0.02 861.38 861.38 861.38 861.38
-29.264900 -50.314899 DCRS-00084 2026-09-22_10:12 8.8 -999.9 -999.9 81.6 -999.9 -999.9 5.8 -999.9 -999.9 -999.9 -999.9 -999.9 17.9 -999.9 29.5 255.0 0.0 0.0 0.0 0.0 0.0 0.0 13.0 6.5 98.2 80.4 32.5 DCRS_-_São_Francisco_de_Paula/Cambará_do_Sul_(865_m) -999.9 -999.9 -999.9 -999.9 -999.9 12.7 4.1 695.0 Rio_Grande_do_Sul DCRS -999.9 0.0 0.0 861.37 861.38 861.1 1 0.02 861.38 861.38 861.38 861.38
-29.264900 -50.314899 DCRS-00084 2026-09-22_10:13 8.9 -999.9 -999.9 84.7 -999.9 -999.9 6.4 -999.9 -999.9 -999.9 -999.9 -999.9 23.7 -999.9 29.5 310.0 0.0 0.0 0.0 0.0 0.0 0.0 13.0 6.5 98.2 80.4 32.5 DCRS_-_São_Francisco_de_Paula/Cambará_do_Sul_(865_m) -999.9 -999.9 -999.9 -999.9 -999.9 12.7 4.1 695.0 Rio_Grande_do_Sul DCRS -999.9 0.0 0.0 861.37 861.38 861.1 1 0.02 861.38 861.38 861.38 861.38
-29.264900 -50.314899 DCRS-00084 2026-09-22_10:14 8.9 -999.9 -999.9 84.1 -999.9 -999.9 6.3 -999.9 -999.9 -999.9 -999.9 -999.9 22.3 -999.9 29.5 293.0 0.0 0.0 0.0 0.0 0.0 0.0 13.0 6.5 98.2 80.4 32.5 DCRS_-_São_Francisco_de_Paula/Cambará_do_Sul_(865_m) -999.9 -999.9 -999.9 -999.9 -999.9 12.7 4.1 695.0 Rio_Grande_do_Sul DCRS -999.9 0.0 0.0 861.37 861.38 861.1 1 0.01 861.38 861.38 861.38 861.38
-29.264900 -50.314899 DCRS-00084 2026-09-22_10:15 8.9 -999.9 -999.9 82.8 -999.9 -999.9 6.1 -999.9 -999.9 -999.9 -999.9 -999.9 24.4 -999.9 26.9 687.0 0.0 0.0 0.0 0.0 0.0 0.0 13.0 6.5 98.2 80.4 32.5 DCRS_-_São_Francisco_de_Paula/Cambará_do_Sul_(865_m) -999.9 -999.9 -999.9 -999.9 -999.9 12.7 4.1 695.0 Rio_Grande_do_Sul DCRS -999.9 0.0 0.0 861.37 861.38 861.1 1 0.02 861.38 861.38 861.38 861.38
-29.264900 -50.314899 DCRS-00084 2026-09-22_10:16 8.9 -999.9 -999.9 81.7 -999.9 -999.9 5.9 -999.9 -999.9 -999.9 -999.9 -999.9 20.7 -999.9 26.9 370.0 0.0 0.0 0.0 0.0 0.0 0.0 13.0 6.5 98.2 80.4 32.5 DCRS_-_São_Francisco_de_Paula/Cambará_do_Sul_(865_m) -999.9 -999.9 -999.9 -999.9 -999.9 12.7 4.1 695.0 Rio_Grande_do_Sul DCRS -999.9 0.0 0.0 861.37 861.38 861.1 1 0.02 861.38 861.38 861.38 861.38
-29.264900 -50.314899 DCRS-00084 2026-09-22_10:17 8.8 -999.9 -999.9 83.1 -999.9 -999.9 6.1 -999.9 -999.9 -999.9 -999.9 -999.9 21.9 -999.9 26.9 279.0 0.0 0.0 0.0 0.0 0.0 0.0 13.0 6.5 98.2 80.4 32.5 DCRS_-_São_Francisco_de_Paula/Cambará_do_Sul_(865_m) -999.9 -999.9 -999.9 -999.9 -999.9 12.7 4.1 695.0 Rio_Grande_do_Sul DCRS -999.9 0.0 0.0 861.36 861.38 861.1 1 0.01 861.38 861.38 861.38 861.38
-29.264900 -50.314899 DCRS-00084 2026-09-22_10:18 8.9 -999.9 -999.9 83.5 -999.9 -999.9 6.2 -999.9 -999.9 -999.9 -999.9 -999.9 16.8 -999.9 26.9 274.0 0.0 0.0 0.0 0.0 0.0 0.0 13.0 6.5 98.2 80.4 32.5 DCRS_-_São_Francisco_de_Paula/Cambará_do_Sul_(865_m) -999.9 -999.9 -999.9 -999.9 -999.9 12.7 4.1 695.0 Rio_Grande_do_Sul DCRS -999.9 0.0 0.0 861.37 861.38 861.1 1 0.01 861.38 861.38 861.38 861.38
-29.264900 -50.314899 DCRS-00084 2026-09-22_10:19 8.9 -999.9 -999.9 82.7 -999.9 -999.9 6.1 -999.9 -999.9 -999.9 -999.9 -999.9 19.5 -999.9 26.9 291.0 0.0 0.0 0.0 0.0 0.0 0.0 13.0 6.5 98.2 80.4 32.5 DCRS_-_São_Francisco_de_Paula/Cambará_do_Sul_(865_m) -999.9 -999.9 -999.9 -999.9 -999.9 12.7 4.1 695.0 Rio_Grande_do_Sul DCRS -999.9 0.0 0.0 861.37 861.38 861.1 1 0.01 861.38 861.38 861.38 861.38
-29.264900 -50.314899 DCRS-00084 2026-09-22_10:20 8.8 -999.9 -999.9 82.5 -999.9 -999.9 6.0 -999.9 -999.9 -999.9 -999.9 -999.9 23.3 -999.9 27.3 382.0 0.0 0.0 0.0 0.0 0.0 0.0 13.0 6.5 98.2 80.4 32.5 DCRS_-_São_Francisco_de_Paula/Cambará_do_Sul_(865_m) -999.9 -999.9 -999.9 -999.9 -999.9 12.7 4.1 695.0 Rio_Grande_do_Sul DCRS -999.9 0.0 0.0 861.37 861.38 861.1 1 0.01 861.38 861.38 861.38 861.38
-29.264900 -50.314899 DCRS-00084 2026-09-22_10:21 8.7 -999.9 -999.9 82.2 -999.9 -999.9 5.8 -999.9 -999.9 -999.9 -999.9 -999.9 21.9 -999.9 27.3 626.0 0.0 0.0 0.0 0.0 0.0 0.0 13.0 6.5 98.2 80.4 32.5 DCRS_-_São_Francisco_de_Paula/Cambará_do_Sul_(865_m) -999.9 -999.9 -999.9 -999.9 -999.9 12.7 4.1 695.0 Rio_Grande_do_Sul DCRS -999.9 0.0 0.0 861.37 861.38 861.1 1 0.01 861.38 861.38 861.38 861.38
-29.264900 -50.314899 DCRS-00084 2026-09-22_10:22 8.7 -999.9 -999.9 82.8 -999.9 -999.9 5.9 -999.9 -999.9 -999.9 -999.9 -999.9 26.3 -999.9 27.3 391.0 0.0 0.0 0.0 0.0 0.0 0.0 13.0 6.5 98.2 80.4 32.5 DCRS_-_São_Francisco_de_Paula/Cambará_do_Sul_(865_m) -999.9 -999.9 -999.9 -999.9 -999.9 12.7 4.1 695.0 Rio_Grande_do_Sul DCRS -999.9 0.0 0.0 861.37 861.38 861.1 1 0.02 861.38 861.38 861.38 861.38
-29.264900 -50.314899 DCRS-00084 2026-09-22_10:23 8.7 -999.9 -999.9 83.0 -999.9 -999.9 5.9 -999.9 -999.9 -999.9 -999.9 -999.9 18.9 -999.9 27.3 543.0 0.0 0.0 0.0 0.0 0.0 0.0 13.0 6.5 98.2 80.4 32.5 DCRS_-_São_Francisco_de_Paula/Cambará_do_Sul_(865_m) -999.9 -999.9 -999.9 -999.9 -999.9 12.7 4.1 695.0 Rio_Grande_do_Sul DCRS -999.9 0.0 0.0 861.37 861.38 861.1 1 0.01 861.38 861.38 861.38 861.38
-29.264900 -50.314899 DCRS-00084 2026-09-22_10:24 8.7 -999.9 -999.9 81.5 -999.9 -999.9 5.7 -999.9 -999.9 -999.9 -999.9 -999.9 21.1 -999.9 27.3 732.0 0.0 0.0 0.0 0.0 0.0 0.0 13.0 6.5 98.2 80.4 32.5 DCRS_-_São_Francisco_de_Paula/Cambará_do_Sul_(865_m) -999.9 -999.9 -999.9 -999.9 -999.9 12.7 4.1 732.0 Rio_Grande_do_Sul DCRS -999.9 0.0 0.0 861.37 861.38 861.1 1 0.01 861.38 861.38 861.38 861.38
-29.264900 -50.314899 DCRS-00084 2026-09-22_10:25 8.8 -999.9 -999.9 82.1 -999.9 -999.9 5.9 -999.9 -999.9 -999.9 -999.9 -999.9 25.3 -999.9 27.6 263.0 0.0 0.0 0.0 0.0 0.0 0.0 13.0 6.5 98.2 80.4 32.5 DCRS_-_São_Francisco_de_Paula/Cambará_do_Sul_(865_m) -999.9 -999.9 -999.9 -999.9 -999.9 12.7 4.1 732.0 Rio_Grande_do_Sul DCRS -999.9 0.0 0.0 861.37 861.38 861.1 1 0.01 861.38 861.38 861.38 861.38
-29.264900 -50.314899 DCRS-00084 2026-09-22_10:26 8.9 -999.9 -999.9 82.7 -999.9 -999.9 6.1 -999.9 -999.9 -999.9 -999.9 -999.9 22.5 -999.9 27.6 181.0 0.0 0.0 0.0 0.0 0.0 0.0 13.0 6.5 98.2 80.4 32.5 DCRS_-_São_Francisco_de_Paula/Cambará_do_Sul_(865_m) -999.9 -999.9 -999.9 -999.9 -999.9 12.7 4.1 732.0 Rio_Grande_do_Sul DCRS -999.9 0.0 0.0 861.37 861.38 861.1 1 0.01 861.38 861.38 861.38 861.38
-29.264900 -50.314899 DCRS-00084 2026-09-22_10:27 8.8 -999.9 -999.9 81.1 -999.9 -999.9 5.7 -999.9 -999.9 -999.9 -999.9 -999.9 12.8 -999.9 27.6 258.0 0.0 0.0 0.0 0.0 0.0 0.0 13.0 6.5 98.2 80.4 32.5 DCRS_-_São_Francisco_de_Paula/Cambará_do_Sul_(865_m) -999.9 -999.9 -999.9 -999.9 -999.9 12.7 4.1 732.0 Rio_Grande_do_Sul DCRS -999.9 0.0 0.0 861.37 861.38 861.1 1 0.01 861.38 861.38 861.38 861.38
-29.264900 -50.314899 DCRS-00084 2026-09-22_10:28 8.8 -999.9 -999.9 81.7 -999.9 -999.9 5.8 -999.9 -999.9 -999.9 -999.9 -999.9 23.5 -999.9 27.6 211.0 0.0 0.0 0.0 0.0 0.0 0.0 13.0 6.5 98.2 80.4 32.5 DCRS_-_São_Francisco_de_Paula/Cambará_do_Sul_(865_m) -999.9 -999.9 -999.9 -999.9 -999.9 12.7 4.1 732.0 Rio_Grande_do_Sul DCRS -999.9 0.0 0.0 861.37 861.38 861.1 1 0.02 861.38 861.38 861.38 861.38
-29.264900 -50.314899 DCRS-00084 2026-09-22_10:29 8.6 -999.9 -999.9 79.7 -999.9 -999.9 5.3 -999.9 -999.9 -999.9 -999.9 -999.9 -999.9 -999.9 27.6 348.0 0.0 0.0 0.0 0.0 0.0 0.0 13.0 6.5 98.2 79.7 32.5 DCRS_-_São_Francisco_de_Paula/Cambará_do_Sul_(865_m) -999.9 -999.9 -999.9 -999.9 -999.9 12.7 4.1 732.0 Rio_Grande_do_Sul DCRS -999.9 0.0 0.0 861.37 861.38 861.1 1 0.0 861.38 861.38 861.38 861.38
-29.264900 -50.314899 DCRS-00084 2026-09-22_10:30 8.7 -999.9 -999.9 80.4 -999.9 -999.9 5.5 -999.9 -999.9 -999.9 -999.9 -999.9 29.7 -999.9 33.7 217.0 0.0 0.0 0.0 0.0 0.0 0.0 13.0 6.5 98.2 79.7 33.7 DCRS_-_São_Francisco_de_Paula/Cambará_do_Sul_(865_m) -999.9 -999.9 -999.9 -999.9 -999.9 12.7 4.1 732.0 Rio_Grande_do_Sul DCRS -999.9 0.0 0.0 861.37 861.38 861.1 1 0.01 861.38 861.38 861.38 861.38
-29.264900 -50.314899 DCRS-00084 2026-09-22_10:31 8.6 -999.9 -999.9 80.1 -999.9 -999.9 5.3 -999.9 -999.9 -999.9 -999.9 -999.9 25.4 -999.9 33.7 263.0 0.0 0.0 0.0 0.0 0.0 0.0 13.0 6.5 98.2 79.7 33.7 DCRS_-_São_Francisco_de_Paula/Cambará_do_Sul_(865_m) -999.9 -999.9 -999.9 -999.9 -999.9 12.7 4.1 732.0 Rio_Grande_do_Sul DCRS -999.9 0.0 0.0 861.38 861.38 861.1 1 0.02 861.38 861.38 861.38 861.38
-29.264900 -50.314899 DCRS-00084 2026-09-22_10:32 8.7 -999.9 -999.9 81.0 -999.9 -999.9 5.6 -999.9 -999.9 -999.9 -999.9 -999.9 22.1 -999.9 33.7 734.0 0.0 0.0 0.0 0.0 0.0 0.0 13.0 6.5 98.2 79.7 33.7 DCRS_-_São_Francisco_de_Paula/Cambará_do_Sul_(865_m) -999.9 -999.9 -999.9 -999.9 -999.9 12.7 4.1 734.0 Rio_Grande_do_Sul DCRS -999.9 0.0 0.0 861.38 861.38 861.1 1 0.02 861.38 861.38 861.38 861.38
-29.264900 -50.314899 DCRS-00084 2026-09-22_10:33 8.8 -999.9 -999.9 80.7 -999.9 -999.9 5.6 -999.9 -999.9 -999.9 -999.9 -999.9 20.6 -999.9 33.7 350.0 0.0 0.0 0.0 0.0 0.0 0.0 13.0 6.5 98.2 79.7 33.7 DCRS_-_São_Francisco_de_Paula/Cambará_do_Sul_(865_m) -999.9 -999.9 -999.9 -999.9 -999.9 12.7 4.1 734.0 Rio_Grande_do_Sul DCRS -999.9 0.0 0.0 861.37 861.38 861.1 1 0.01 861.38 861.38 861.38 861.38
-29.264900 -50.314899 DCRS-00084 2026-09-22_10:34 8.8 -999.9 -999.9 79.9 -999.9 -999.9 5.5 -999.9 -999.9 -999.9 -999.9 -999.9 26.4 -999.9 33.7 311.0 0.0 0.0 0.0 0.0 0.0 0.0 13.0 6.5 98.2 79.7 33.7 DCRS_-_São_Francisco_de_Paula/Cambará_do_Sul_(865_m) -999.9 -999.9 -999.9 -999.9 -999.9 12.7 4.1 734.0 Rio_Grande_do_Sul DCRS -999.9 0.0 0.0 861.39 861.39 861.1 1 0.03 861.39 861.39 861.39 861.39
-29.264900 -50.314899 DCRS-00084 2026-09-22_10:35 8.9 -999.9 -999.9 82.0 -999.9 -999.9 6.0 -999.9 -999.9 -999.9 -999.9 -999.9 17.4 -999.9 32.9 438.0 0.0 0.0 0.0 0.0 0.0 0.0 13.0 6.5 98.2 79.7 33.7 DCRS_-_São_Francisco_de_Paula/Cambará_do_Sul_(865_m) -999.9 -999.9 -999.9 -999.9 -999.9 12.7 4.1 734.0 Rio_Grande_do_Sul DCRS -999.9 0.0 0.0 861.38 861.39 861.1 1 0.02 861.39 861.39 861.39 861.39
-29.264900 -50.314899 DCRS-00084 2026-09-22_10:36 9.1 -999.9 -999.9 82.2 -999.9 -999.9 6.2 -999.9 -999.9 -999.9 -999.9 -999.9 23.0 -999.9 32.9 744.0 0.0 0.0 0.0 0.0 0.0 0.0 13.0 6.5 98.2 79.7 33.7 DCRS_-_São_Francisco_de_Paula/Cambará_do_Sul_(865_m) -999.9 -999.9 -999.9 -999.9 -999.9 12.7 4.1 744.0 Rio_Grande_do_Sul DCRS -999.9 0.0 0.0 861.37 861.39 861.1 1 0.01 861.39 861.39 861.39 861.39
-29.264900 -50.314899 DCRS-00084 2026-09-22_10:37 9.2 -999.9 -999.9 81.3 -999.9 -999.9 6.1 -999.9 -999.9 -999.9 -999.9 -999.9 22.8 -999.9 32.9 765.0 0.0 0.0 0.0 0.0 0.0 0.0 13.0 6.5 98.2 79.7 33.7 DCRS_-_São_Francisco_de_Paula/Cambará_do_Sul_(865_m) -999.9 -999.9 -999.9 -999.9 -999.9 12.7 4.1 765.0 Rio_Grande_do_Sul DCRS -999.9 0.0 0.0 861.37 861.39 861.1 1 0.02 861.39 861.39 861.39 861.39
-29.264900 -50.314899 DCRS-00084 2026-09-22_10:38 9.3 -999.9 -999.9 83.2 -999.9 -999.9 6.6 -999.9 -999.9 -999.9 -999.9 -999.9 8.7 -999.9 32.9 248.0 0.0 0.0 0.0 0.0 0.0 0.0 13.0 6.5 98.2 79.7 33.7 DCRS_-_São_Francisco_de_Paula/Cambará_do_Sul_(865_m) -999.9 -999.9 -999.9 -999.9 -999.9 12.7 4.1 765.0 Rio_Grande_do_Sul DCRS -999.9 0.0 0.0 861.38 861.39 861.1 1 0.03 861.39 861.39 861.39 861.39
-29.264900 -50.314899 DCRS-00084 2026-09-22_10:39 9.5 -999.9 -999.9 82.4 -999.9 -999.9 6.6 -999.9 -999.9 -999.9 -999.9 -999.9 21.4 -999.9 32.9 272.0 0.0 0.0 0.0 0.0 0.0 0.0 13.0 6.5 98.2 79.7 33.7 DCRS_-_São_Francisco_de_Paula/Cambará_do_Sul_(865_m) -999.9 -999.9 -999.9 -999.9 -999.9 12.7 4.1 765.0 Rio_Grande_do_Sul DCRS -999.9 0.0 0.0 861.38 861.39 861.1 1 0.02 861.39 861.39 861.39 861.39
-29.264900 -50.314899 DCRS-00084 2026-09-22_10:40 9.6 -999.9 -999.9 80.4 -999.9 -999.9 6.4 -999.9 -999.9 -999.9 -999.9 -999.9 15.6 -999.9 26.0 510.0 0.0 0.0 0.0 0.0 0.0 0.0 13.0 6.5 98.2 79.7 33.7 DCRS_-_São_Francisco_de_Paula/Cambará_do_Sul_(865_m) -999.9 -999.9 -999.9 -999.9 -999.9 12.7 4.1 765.0 Rio_Grande_do_Sul DCRS -999.9 0.0 0.0 861.37 861.39 861.1 1 0.02 861.39 861.39 861.39 861.39
-29.264900 -50.314899 DCRS-00084 2026-09-22_10:41 9.5 -999.9 -999.9 79.6 -999.9 -999.9 6.1 -999.9 -999.9 -999.9 -999.9 -999.9 22.3 -999.9 26.0 332.0 0.0 0.0 0.0 0.0 0.0 0.0 13.0 6.5 98.2 79.6 33.7 DCRS_-_São_Francisco_de_Paula/Cambará_do_Sul_(865_m) -999.9 -999.9 -999.9 -999.9 -999.9 12.7 4.1 765.0 Rio_Grande_do_Sul DCRS -999.9 0.0 0.0 861.38 861.39 861.1 1 0.03 861.39 861.39 861.39 861.39
-29.264900 -50.314899 DCRS-00084 2026-09-22_10:42 9.5 -999.9 -999.9 79.4 -999.9 -999.9 6.1 -999.9 -999.9 -999.9 -999.9 -999.9 20.7 -999.9 26.0 290.0 0.0 0.0 0.0 0.0 0.0 0.0 13.0 6.5 98.2 79.4 33.7 DCRS_-_São_Francisco_de_Paula/Cambará_do_Sul_(865_m) -999.9 -999.9 -999.9 -999.9 -999.9 12.7 4.1 765.0 Rio_Grande_do_Sul DCRS -999.9 0.0 0.0 861.38 861.39 861.1 1 0.02 861.39 861.39 861.39 861.39
-29.264900 -50.314899 DCRS-00084 2026-09-22_10:43 9.5 -999.9 -999.9 79.4 -999.9 -999.9 6.1 -999.9 -999.9 -999.9 -999.9 -999.9 17.9 -999.9 26.0 258.0 0.0 0.0 0.0 0.0 0.0 0.0 13.0 6.5 98.2 79.4 33.7 DCRS_-_São_Francisco_de_Paula/Cambará_do_Sul_(865_m) -999.9 -999.9 -999.9 -999.9 -999.9 12.7 4.1 765.0 Rio_Grande_do_Sul DCRS -999.9 0.0 0.0 861.37 861.39 861.1 1 0.01 861.39 861.39 861.39 861.39
-29.264900 -50.314899 DCRS-00084 2026-09-22_10:44 9.4 -999.9 -999.9 79.0 -999.9 -999.9 5.9 -999.9 -999.9 -999.9 -999.9 -999.9 18.9 -999.9 26.0 250.0 0.0 0.0 0.0 0.0 0.0 0.0 13.0 6.5 98.2 79.0 33.7 DCRS_-_São_Francisco_de_Paula/Cambará_do_Sul_(865_m) -999.9 -999.9 -999.9 -999.9 -999.9 12.7 4.1 765.0 Rio_Grande_do_Sul DCRS -999.9 0.0 0.0 861.38 861.39 861.1 1 0.02 861.39 861.39 861.39 861.39
-29.264900 -50.314899 DCRS-00084 2026-09-22_10:45 9.5 -999.9 -999.9 80.4 -999.9 -999.9 6.3 -999.9 -999.9 -999.9 -999.9 -999.9 18.3 -999.9 29.6 211.0 0.0 0.0 0.0 0.0 0.0 0.0 13.0 6.5 98.2 79.0 33.7 DCRS_-_São_Francisco_de_Paula/Cambará_do_Sul_(865_m) -999.9 -999.9 -999.9 -999.9 -999.9 12.7 4.1 765.0 Rio_Grande_do_Sul DCRS -999.9 0.0 0.0 861.37 861.39 861.1 1 0.01 861.39 861.39 861.39 861.39
-29.264900 -50.314899 DCRS-00084 2026-09-22_10:46 9.5 -999.9 -999.9 80.8 -999.9 -999.9 6.3 -999.9 -999.9 -999.9 -999.9 -999.9 21.3 -999.9 29.6 239.0 0.0 0.0 0.0 0.0 0.0 0.0 13.0 6.5 98.2 79.0 33.7 DCRS_-_São_Francisco_de_Paula/Cambará_do_Sul_(865_m) -999.9 -999.9 -999.9 -999.9 -999.9 12.7 4.1 765.0 Rio_Grande_do_Sul DCRS -999.9 0.0 0.0 861.38 861.39 861.1 1 0.02 861.39 861.39 861.39 861.39
-29.264900 -50.314899 DCRS-00084 2026-09-22_10:47 9.5 -999.9 -999.9 80.8 -999.9 -999.9 6.3 -999.9 -999.9 -999.9 -999.9 -999.9 22.8 -999.9 29.6 274.0 0.0 0.0 0.0 0.0 0.0 0.0 13.0 6.5 98.2 79.0 33.7 DCRS_-_São_Francisco_de_Paula/Cambará_do_Sul_(865_m) -999.9 -999.9 -999.9 -999.9 -999.9 12.7 4.1 765.0 Rio_Grande_do_Sul DCRS -999.9 0.0 0.0 861.37 861.39 861.1 1 0.0 861.39 861.39 861.39 861.39
-29.264900 -50.314899 DCRS-00084 2026-09-22_10:48 9.5 -999.9 -999.9 80.6 -999.9 -999.9 6.3 -999.9 -999.9 -999.9 -999.9 -999.9 15.7 -999.9 29.6 199.0 0.0 0.0 0.0 0.0 0.0 0.0 13.0 6.5 98.2 79.0 33.7 DCRS_-_São_Francisco_de_Paula/Cambará_do_Sul_(865_m) -999.9 -999.9 -999.9 -999.9 -999.9 12.7 4.1 765.0 Rio_Grande_do_Sul DCRS -999.9 0.0 0.0 861.38 861.39 861.1 1 0.01 861.39 861.39 861.39 861.39
-29.264900 -50.314899 DCRS-00084 2026-09-22_10:49 9.6 -999.9 -999.9 81.3 -999.9 -999.9 6.5 -999.9 -999.9 -999.9 -999.9 -999.9 12.6 -999.9 29.6 232.0 0.0 0.0 0.0 0.0 0.0 0.0 13.0 6.5 98.2 79.0 33.7 DCRS_-_São_Francisco_de_Paula/Cambará_do_Sul_(865_m) -999.9 -999.9 -999.9 -999.9 -999.9 12.7 4.1 765.0 Rio_Grande_do_Sul DCRS -999.9 0.0 0.0 861.38 861.39 861.1 1 0.01 861.39 861.39 861.39 861.39
-29.264900 -50.314899 DCRS-00084 2026-09-22_10:50 9.6 -999.9 -999.9 81.3 -999.9 -999.9 6.5 -999.9 -999.9 -999.9 -999.9 -999.9 8.5 -999.9 25.9 234.0 0.0 0.0 0.0 0.0 0.0 0.0 13.0 6.5 98.2 79.0 33.7 DCRS_-_São_Francisco_de_Paula/Cambará_do_Sul_(865_m) -999.9 -999.9 -999.9 -999.9 -999.9 12.7 4.1 765.0 Rio_Grande_do_Sul DCRS -999.9 0.0 0.0 861.37 861.39 861.1 1 0.01 861.39 861.39 861.39 861.39
-29.264900 -50.314899 DCRS-00084 2026-09-22_10:51 9.5 -999.9 -999.9 80.0 -999.9 -999.9 6.2 -999.9 -999.9 -999.9 -999.9 -999.9 10.5 -999.9 25.9 224.0 0.0 0.0 0.0 0.0 0.0 0.0 13.0 6.5 98.2 79.0 33.7 DCRS_-_São_Francisco_de_Paula/Cambará_do_Sul_(865_m) -999.9 -999.9 -999.9 -999.9 -999.9 12.7 4.1 765.0 Rio_Grande_do_Sul DCRS -999.9 0.0 0.0 861.39 861.39 861.1 1 0.02 861.39 861.39 861.39 861.39
-29.264900 -50.314899 DCRS-00084 2026-09-22_10:52 9.6 -999.9 -999.9 80.1 -999.9 -999.9 6.3 -999.9 -999.9 -999.9 -999.9 -999.9 -999.9 -999.9 25.9 217.0 0.0 0.0 0.0 0.0 0.0 0.0 13.0 6.5 98.2 79.0 33.7 DCRS_-_São_Francisco_de_Paula/Cambará_do_Sul_(865_m) -999.9 -999.9 -999.9 -999.9 -999.9 12.7 4.1 765.0 Rio_Grande_do_Sul DCRS -999.9 0.0 0.0 861.38 861.39 861.1 1 0.01 861.39 861.39 861.39 861.39
-29.264900 -50.314899 DCRS-00084 2026-09-22_10:53 9.3 -999.9 -999.9 78.8 -999.9 -999.9 5.8 -999.9 -999.9 -999.9 -999.9 -999.9 24.4 -999.9 25.9 208.0 0.0 0.0 0.0 0.0 0.0 0.0 13.0 6.5 98.2 78.8 33.7 DCRS_-_São_Francisco_de_Paula/Cambará_do_Sul_(865_m) -999.9 -999.9 -999.9 -999.9 -999.9 12.7 4.1 765.0 Rio_Grande_do_Sul DCRS -999.9 0.0 0.0 861.38 861.39 861.1 1 0.01 861.39 861.39 861.39 861.39
-29.264900 -50.314899 DCRS-00084 2026-09-22_10:54 9.2 -999.9 -999.9 79.2 -999.9 -999.9 5.7 -999.9 -999.9 -999.9 -999.9 -999.9 11.3 -999.9 25.9 234.0 0.0 0.0 0.0 0.0 0.0 0.0 13.0 6.5 98.2 78.8 33.7 DCRS_-_São_Francisco_de_Paula/Cambará_do_Sul_(865_m) -999.9 -999.9 -999.9 -999.9 -999.9 12.7 4.1 765.0 Rio_Grande_do_Sul DCRS -999.9 0.0 0.0 861.38 861.39 861.1 1 0.01 861.39 861.39 861.39 861.39
-29.264900 -50.314899 DCRS-00084 2026-09-22_10:55 9.2 -999.9 -999.9 80.8 -999.9 -999.9 6.0 -999.9 -999.9 -999.9 -999.9 -999.9 16.1 -999.9 31.6 232.0 0.0 0.0 0.0 0.0 0.0 0.0 13.0 6.5 98.2 78.8 33.7 DCRS_-_São_Francisco_de_Paula/Cambará_do_Sul_(865_m) -999.9 -999.9 -999.9 -999.9 -999.9 12.7 4.1 765.0 Rio_Grande_do_Sul DCRS -999.9 0.0 0.0 861.38 861.39 861.1 1 0.01 861.39 861.39 861.39 861.39
-29.264900 -50.314899 DCRS-00084 2026-09-22_10:56 9.3 -999.9 -999.9 81.9 -999.9 -999.9 6.3 -999.9 -999.9 -999.9 -999.9 -999.9 16.2 -999.9 31.6 723.0 0.0 0.0 0.0 0.0 0.0 0.0 13.0 6.5 98.2 78.8 33.7 DCRS_-_São_Francisco_de_Paula/Cambará_do_Sul_(865_m) -999.9 -999.9 -999.9 -999.9 -999.9 12.7 4.1 765.0 Rio_Grande_do_Sul DCRS -999.9 0.0 0.0 861.38 861.39 861.1 1 0.01 861.39 861.39 861.39 861.39
-29.264900 -50.314899 DCRS-00084 2026-09-22_10:57 9.3 -999.9 -999.9 79.1 -999.9 -999.9 5.8 -999.9 -999.9 -999.9 -999.9 -999.9 19.8 -999.9 31.6 703.0 0.0 0.0 0.0 0.0 0.0 0.0 13.0 6.5 98.2 78.8 33.7 DCRS_-_São_Francisco_de_Paula/Cambará_do_Sul_(865_m) -999.9 -999.9 -999.9 -999.9 -999.9 12.7 4.1 765.0 Rio_Grande_do_Sul DCRS -999.9 0.0 0.0 861.38 861.39 861.1 1 0.01 861.39 861.39 861.39 861.39
-29.264900 -50.314899 DCRS-00084 2026-09-22_10:58 9.5 -999.9 -999.9 79.9 -999.9 -999.9 6.2 -999.9 -999.9 -999.9 -999.9 -999.9 26.4 -999.9 31.6 733.0 0.0 0.0 0.0 0.0 0.0 0.0 13.0 6.5 98.2 78.8 33.7 DCRS_-_São_Francisco_de_Paula/Cambará_do_Sul_(865_m) -999.9 -999.9 -999.9 -999.9 -999.9 12.7 4.1 765.0 Rio_Grande_do_Sul DCRS -999.9 0.0 0.0 861.37 861.39 861.1 1 0.01 861.39 861.39 861.39 861.39
-29.264900 -50.314899 DCRS-00084 2026-09-22_10:59 9.5 -999.9 -999.9 79.2 -999.9 -999.9 6.0 -999.9 -999.9 -999.9 -999.9 -999.9 16.6 -999.9 31.6 714.0 0.0 0.0 0.0 0.0 0.0 0.0 13.0 6.5 98.2 78.8 33.7 DCRS_-_São_Francisco_de_Paula/Cambará_do_Sul_(865_m) -999.9 -999.9 -999.9 -999.9 -999.9 12.7 4.1 765.0 Rio_Grande_do_Sul DCRS -999.9 0.0 0.0 861.38 861.39 861.1 1 0.01 861.39 861.39 861.39 861.39
-29.264900 -50.314899 DCRS-00084 2026-09-22_11:00 9.7 -999.9 -999.9 80.5 -999.9 -999.9 6.5 -999.9 -999.9 -999.9 -999.9 -999.9 21.7 -999.9 31.1 749.0 0.0 0.0 0.0 0.0 0.0 0.0 13.0 6.5 98.2 78.8 33.7 DCRS_-_São_Francisco_de_Paula/Cambará_do_Sul_(865_m) -999.9 -999.9 -999.9 -999.9 -999.9 12.7 4.1 765.0 Rio_Grande_do_Sul DCRS -999.9 0.0 0.0 861.38 861.39 861.1 1 0.01 861.39 861.39 861.39 861.39
-29.264900 -50.314899 DCRS-00084 2026-09-22_11:01 9.9 -999.9 -999.9 80.8 -999.9 -999.9 6.7 -999.9 -999.9 -999.9 -999.9 -999.9 17.2 -999.9 31.1 265.0 0.0 0.0 0.0 0.0 0.0 0.0 13.0 6.5 98.2 78.8 33.7 DCRS_-_São_Francisco_de_Paula/Cambará_do_Sul_(865_m) -999.9 -999.9 -999.9 -999.9 -999.9 12.7 4.1 765.0 Rio_Grande_do_Sul DCRS -999.9 0.0 0.0 861.38 861.39 861.1 1 0.01 861.39 861.39 861.39 861.39
-29.264900 -50.314899 DCRS-00084 2026-09-22_11:02 10.0 -999.9 -999.9 79.3 -999.9 -999.9 6.5 -999.9 -999.9 -999.9 -999.9 -999.9 22.3 -999.9 31.1 328.0 0.0 0.0 0.0 0.0 0.0 0.0 13.0 6.5 98.2 78.8 33.7 DCRS_-_São_Francisco_de_Paula/Cambará_do_Sul_(865_m) -999.9 -999.9 -999.9 -999.9 -999.9 12.7 4.1 765.0 Rio_Grande_do_Sul DCRS -999.9 0.0 0.0 861.39 861.39 861.1 1 0.02 861.39 861.39 861.39 861.39
-29.264900 -50.314899 DCRS-00084 2026-09-22_11:03 10.0 -999.9 -999.9 78.8 -999.9 -999.9 6.4 -999.9 -999.9 -999.9 -999.9 -999.9 25.8 -999.9 31.1 523.0 0.0 0.0 0.0 0.0 0.0 0.0 13.0 6.5 98.2 78.8 33.7 DCRS_-_São_Francisco_de_Paula/Cambará_do_Sul_(865_m) -999.9 -999.9 -999.9 -999.9 -999.9 12.7 4.1 765.0 Rio_Grande_do_Sul DCRS -999.9 0.0 0.0 861.38 861.39 861.1 1 0.01 861.39 861.39 861.39 861.39
-29.264900 -50.314899 DCRS-00084 2026-09-22_11:04 10.1 -999.9 -999.9 80.1 -999.9 -999.9 6.8 -999.9 -999.9 -999.9 -999.9 -999.9 21.6 -999.9 31.1 753.0 0.0 0.0 0.0 0.0 0.0 0.0 13.0 6.5 98.2 78.8 33.7 DCRS_-_São_Francisco_de_Paula/Cambará_do_Sul_(865_m) -999.9 -999.9 -999.9 -999.9 -999.9 12.7 4.1 765.0 Rio_Grande_do_Sul DCRS -999.9 0.0 0.0 861.38 861.39 861.1 1 0.01 861.39 861.39 861.39 861.39
-29.264900 -50.314899 DCRS-00084 2026-09-22_11:05 10.2 -999.9 -999.9 77.8 -999.9 -999.9 6.5 -999.9 -999.9 -999.9 -999.9 -999.9 16.7 -999.9 27.4 792.0 0.0 0.0 0.0 0.0 0.0 0.0 13.0 6.5 98.2 77.8 33.7 DCRS_-_São_Francisco_de_Paula/Cambará_do_Sul_(865_m) -999.9 -999.9 -999.9 -999.9 -999.9 12.7 4.1 792.0 Rio_Grande_do_Sul DCRS -999.9 0.0 0.0 861.39 861.39 861.1 1 0.03 861.39 861.39 861.39 861.39
-29.264900 -50.314899 DCRS-00084 2026-09-22_11:06 10.3 -999.9 -999.9 78.5 -999.9 -999.9 6.7 -999.9 -999.9 -999.9 -999.9 -999.9 25.2 -999.9 27.4 332.0 0.0 0.0 0.0 0.0 0.0 0.0 13.0 6.5 98.2 77.8 33.7 DCRS_-_São_Francisco_de_Paula/Cambará_do_Sul_(865_m) -999.9 -999.9 -999.9 -999.9 -999.9 12.7 4.1 792.0 Rio_Grande_do_Sul DCRS -999.9 0.0 0.0 861.38 861.39 861.1 1 0.01 861.39 861.39 861.39 861.39
-29.264900 -50.314899 DCRS-00084 2026-09-22_11:07 10.2 -999.9 -999.9 78.1 -999.9 -999.9 6.5 -999.9 -999.9 -999.9 -999.9 -999.9 18.5 -999.9 27.4 253.0 0.0 0.0 0.0 0.0 0.0 0.0 13.0 6.5 98.2 77.8 33.7 DCRS_-_São_Francisco_de_Paula/Cambará_do_Sul_(865_m) -999.9 -999.9 -999.9 -999.9 -999.9 12.7 4.1 792.0 Rio_Grande_do_Sul DCRS -999.9 0.0 0.0 861.38 861.39 861.1 1 0.02 861.39 861.39 861.39 861.39
-29.264900 -50.314899 DCRS-00084 2026-09-22_11:08 10.2 -999.9 -999.9 79.5 -999.9 -999.9 6.8 -999.9 -999.9 -999.9 -999.9 -999.9 14.9 -999.9 27.4 245.0 0.0 0.0 0.0 0.0 0.0 0.0 13.0 6.5 98.2 77.8 33.7 DCRS_-_São_Francisco_de_Paula/Cambará_do_Sul_(865_m) -999.9 -999.9 -999.9 -999.9 -999.9 12.7 4.1 792.0 Rio_Grande_do_Sul DCRS -999.9 0.0 0.0 861.38 861.39 861.1 1 0.01 861.39 861.39 861.39 861.39
-29.264900 -50.314899 DCRS-00084 2026-09-22_11:09 10.1 -999.9 -999.9 76.4 -999.9 -999.9 6.1 -999.9 -999.9 -999.9 -999.9 -999.9 17.5 -999.9 27.4 666.0 0.0 0.0 0.0 0.0 0.0 0.0 13.0 6.5 98.2 76.4 33.7 DCRS_-_São_Francisco_de_Paula/Cambará_do_Sul_(865_m) -999.9 -999.9 -999.9 -999.9 -999.9 12.7 4.1 792.0 Rio_Grande_do_Sul DCRS -999.9 0.0 0.0 861.39 861.39 861.1 1 0.02 861.39 861.39 861.39 861.39
-29.264900 -50.314899 DCRS-00084 2026-09-22_11:10 10.1 -999.9 -999.9 77.3 -999.9 -999.9 6.3 -999.9 -999.9 -999.9 -999.9 -999.9 16.7 -999.9 25.3 638.0 0.0 0.0 0.0 0.0 0.0 0.0 13.0 6.5 98.2 76.4 33.7 DCRS_-_São_Francisco_de_Paula/Cambará_do_Sul_(865_m) -999.9 -999.9 -999.9 -999.9 -999.9 12.7 4.1 792.0 Rio_Grande_do_Sul DCRS -999.9 0.0 0.0 861.39 861.39 861.1 1 0.02 861.39 861.39 861.39 861.39
-29.264900 -50.314899 DCRS-00084 2026-09-22_11:11 10.0 -999.9 -999.9 77.5 -999.9 -999.9 6.2 -999.9 -999.9 -999.9 -999.9 -999.9 9.8 -999.9 25.3 597.0 0.0 0.0 0.0 0.0 0.0 0.0 13.0 6.5 98.2 76.4 33.7 DCRS_-_São_Francisco_de_Paula/Cambará_do_Sul_(865_m) -999.9 -999.9 -999.9 -999.9 -999.9 12.7 4.1 792.0 Rio_Grande_do_Sul DCRS -999.9 0.0 0.0 861.38 861.39 861.1 1 0.01 861.39 861.39 861.39 861.39
-29.264900 -50.314899 DCRS-00084 2026-09-22_11:12 10.2 -999.9 -999.9 79.9 -999.9 -999.9 6.8 -999.9 -999.9 -999.9 -999.9 -999.9 10.8 -999.9 25.3 655.0 0.0 0.0 0.0 0.0 0.0 0.0 13.0 6.5 98.2 76.4 33.7 DCRS_-_São_Francisco_de_Paula/Cambará_do_Sul_(865_m) -999.9 -999.9 -999.9 -999.9 -999.9 12.7 4.1 792.0 Rio_Grande_do_Sul DCRS -999.9 0.0 0.0 861.38 861.39 861.1 1 0.01 861.39 861.39 861.39 861.39
-29.264900 -50.314899 DCRS-00084 2026-09-22_11:13 10.2 -999.9 -999.9 77.1 -999.9 -999.9 6.3 -999.9 -999.9 -999.9 -999.9 -999.9 19.5 -999.9 25.3 685.0 0.0 0.0 0.0 0.0 0.0 0.0 13.0 6.5 98.2 76.4 33.7 DCRS_-_São_Francisco_de_Paula/Cambará_do_Sul_(865_m) -999.9 -999.9 -999.9 -999.9 -999.9 12.7 4.1 792.0 Rio_Grande_do_Sul DCRS -999.9 0.0 0.0 861.39 861.39 861.1 1 0.02 861.39 861.39 861.39 861.39
-29.264900 -50.314899 DCRS-00084 2026-09-22_11:14 10.2 -999.9 -999.9 77.0 -999.9 -999.9 6.3 -999.9 -999.9 -999.9 -999.9 -999.9 13.3 -999.9 25.3 707.0 0.0 0.0 0.0 0.0 0.0 0.0 13.0 6.5 98.2 76.4 33.7 DCRS_-_São_Francisco_de_Paula/Cambará_do_Sul_(865_m) -999.9 -999.9 -999.9 -999.9 -999.9 12.7 4.1 792.0 Rio_Grande_do_Sul DCRS -999.9 0.0 0.0 861.38 861.39 861.1 1 0.01 861.39 861.39 861.39 861.39
-29.264900 -50.314899 DCRS-00084 2026-09-22_11:15 10.2 -999.9 -999.9 77.7 -999.9 -999.9 6.4 -999.9 -999.9 -999.9 -999.9 -999.9 17.2 -999.9 22.8 696.0 0.0 0.0 0.0 0.0 0.0 0.0 13.0 6.5 98.2 76.4 33.7 DCRS_-_São_Francisco_de_Paula/Cambará_do_Sul_(865_m) -999.9 -999.9 -999.9 -999.9 -999.9 12.7 4.1 792.0 Rio_Grande_do_Sul DCRS -999.9 0.0 0.0 861.39 861.39 861.1 1 0.02 861.39 861.39 861.39 861.39
-29.264900 -50.314899 DCRS-00084 2026-09-22_11:16 10.3 -999.9 -999.9 77.3 -999.9 -999.9 6.5 -999.9 -999.9 -999.9 -999.9 -999.9 12.3 -999.9 22.8 245.0 0.0 0.0 0.0 0.0 0.0 0.0 13.0 6.5 98.2 76.4 33.7 DCRS_-_São_Francisco_de_Paula/Cambará_do_Sul_(865_m) -999.9 -999.9 -999.9 -999.9 -999.9 12.7 4.1 792.0 Rio_Grande_do_Sul DCRS -999.9 0.0 0.0 861.39 861.39 861.1 1 0.02 861.39 861.39 861.39 861.39
-29.264900 -50.314899 DCRS-00084 2026-09-22_11:17 10.3 -999.9 -999.9 76.6 -999.9 -999.9 6.3 -999.9 -999.9 -999.9 -999.9 -999.9 15.7 -999.9 22.8 716.0 0.0 0.0 0.0 0.0 0.0 0.0 13.0 6.5 98.2 76.4 33.7 DCRS_-_São_Francisco_de_Paula/Cambará_do_Sul_(865_m) -999.9 -999.9 -999.9 -999.9 -999.9 12.7 4.1 792.0 Rio_Grande_do_Sul DCRS -999.9 0.0 0.0 861.39 861.39 861.1 1 0.03 861.39 861.39 861.39 861.39
-29.264900 -50.314899 DCRS-00084 2026-09-22_11:18 10.2 -999.9 -999.9 75.9 -999.9 -999.9 6.1 -999.9 -999.9 -999.9 -999.9 -999.9 19.9 -999.9 22.8 180.0 0.0 0.0 0.0 0.0 0.0 0.0 13.0 6.5 98.2 75.9 33.7 DCRS_-_São_Francisco_de_Paula/Cambará_do_Sul_(865_m) -999.9 -999.9 -999.9 -999.9 -999.9 12.7 4.1 792.0 Rio_Grande_do_Sul DCRS -999.9 0.0 0.0 861.39 861.39 861.1 1 0.02 861.39 861.39 861.39 861.39
-29.264900 -50.314899 DCRS-00084 2026-09-22_11:19 10.2 -999.9 -999.9 76.2 -999.9 -999.9 6.2 -999.9 -999.9 -999.9 -999.9 -999.9 10.2 -999.9 22.8 244.0 0.0 0.0 0.0 0.0 0.0 0.0 13.0 6.5 98.2 75.9 33.7 DCRS_-_São_Francisco_de_Paula/Cambará_do_Sul_(865_m) -999.9 -999.9 -999.9 -999.9 -999.9 12.7 4.1 792.0 Rio_Grande_do_Sul DCRS -999.9 0.0 0.0 861.38 861.39 861.1 1 0.01 861.39 861.39 861.39 861.39
-29.264900 -50.314899 DCRS-00084 2026-09-22_11:20 10.2 -999.9 -999.9 76.5 -999.9 -999.9 6.2 -999.9 -999.9 -999.9 -999.9 -999.9 8.3 -999.9 24.6 659.0 0.0 0.0 0.0 0.0 0.0 0.0 13.0 6.5 98.2 75.9 33.7 DCRS_-_São_Francisco_de_Paula/Cambará_do_Sul_(865_m) -999.9 -999.9 -999.9 -999.9 -999.9 12.7 4.1 792.0 Rio_Grande_do_Sul DCRS -999.9 0.0 0.0 861.38 861.39 861.1 1 0.01 861.39 861.39 861.39 861.39
-29.264900 -50.314899 DCRS-00084 2026-09-22_11:21 10.2 -999.9 -999.9 76.2 -999.9 -999.9 6.2 -999.9 -999.9 -999.9 -999.9 -999.9 12.8 -999.9 24.6 731.0 0.0 0.0 0.0 0.0 0.0 0.0 13.0 6.5 98.2 75.9 33.7 DCRS_-_São_Francisco_de_Paula/Cambará_do_Sul_(865_m) -999.9 -999.9 -999.9 -999.9 -999.9 12.7 4.1 792.0 Rio_Grande_do_Sul DCRS -999.9 0.0 0.0 861.39 861.39 861.1 1 0.02 861.39 861.39 861.39 861.39
-29.264900 -50.314899 DCRS-00084 2026-09-22_11:22 10.2 -999.9 -999.9 73.7 -999.9 -999.9 5.7 -999.9 -999.9 -999.9 -999.9 -999.9 20.6 -999.9 24.6 674.0 0.0 0.0 0.0 0.0 0.0 0.0 13.0 6.5 98.2 73.7 33.7 DCRS_-_São_Francisco_de_Paula/Cambará_do_Sul_(865_m) -999.9 -999.9 -999.9 -999.9 -999.9 12.7 4.1 792.0 Rio_Grande_do_Sul DCRS -999.9 0.0 0.0 861.38 861.39 861.1 1 0.01 861.39 861.39 861.39 861.39
-29.264900 -50.314899 DCRS-00084 2026-09-22_11:23 10.2 -999.9 -999.9 76.3 -999.9 -999.9 6.2 -999.9 -999.9 -999.9 -999.9 -999.9 22.3 -999.9 24.6 685.0 0.0 0.0 0.0 0.0 0.0 0.0 13.0 6.5 98.2 73.7 33.7 DCRS_-_São_Francisco_de_Paula/Cambará_do_Sul_(865_m) -999.9 -999.9 -999.9 -999.9 -999.9 12.7 4.1 792.0 Rio_Grande_do_Sul DCRS -999.9 0.0 0.0 861.39 861.39 861.1 1 0.02 861.39 861.39 861.39 861.39
-29.264900 -50.314899 DCRS-00084 2026-09-22_11:24 10.2 -999.9 -999.9 73.4 -999.9 -999.9 5.6 -999.9 -999.9 -999.9 -999.9 -999.9 22.4 -999.9 24.6 720.0 0.0 0.0 0.0 0.0 0.0 0.0 13.0 6.5 98.2 73.4 33.7 DCRS_-_São_Francisco_de_Paula/Cambará_do_Sul_(865_m) -999.9 -999.9 -999.9 -999.9 -999.9 12.7 4.1 792.0 Rio_Grande_do_Sul DCRS -999.9 0.0 0.0 861.4 861.4 861.1 1 0.03 861.4 861.4 861.4 861.4
-29.264900 -50.314899 DCRS-00084 2026-09-22_11:25 10.1 -999.9 -999.9 73.5 -999.9 -999.9 5.5 -999.9 -999.9 -999.9 -999.9 -999.9 21.2 -999.9 30.2 734.0 0.0 0.0 0.0 0.0 0.0 0.0 13.0 6.5 98.2 73.4 33.7 DCRS_-_São_Francisco_de_Paula/Cambará_do_Sul_(865_m) -999.9 -999.9 -999.9 -999.9 -999.9 12.7 4.1 792.0 Rio_Grande_do_Sul DCRS -999.9 0.0 0.0 861.38 861.4 861.1 1 0.01 861.4 861.4 861.4 861.4
-29.264900 -50.314899 DCRS-00084 2026-09-22_11:26 10.2 -999.9 -999.9 76.5 -999.9 -999.9 6.2 -999.9 -999.9 -999.9 -999.9 -999.9 14.7 -999.9 30.2 687.0 0.0 0.0 0.0 0.0 0.0 0.0 13.0 6.5 98.2 73.4 33.7 DCRS_-_São_Francisco_de_Paula/Cambará_do_Sul_(865_m) -999.9 -999.9 -999.9 -999.9 -999.9 12.7 4.1 792.0 Rio_Grande_do_Sul DCRS -999.9 0.0 0.0 861.39 861.4 861.1 1 0.02 861.4 861.4 861.4 861.4
-29.264900 -50.314899 DCRS-00084 2026-09-22_11:27 10.3 -999.9 -999.9 76.5 -999.9 -999.9 6.3 -999.9 -999.9 -999.9 -999.9 -999.9 18.1 -999.9 30.2 683.0 0.0 0.0 0.0 0.0 0.0 0.0 13.0 6.5 98.2 73.4 33.7 DCRS_-_São_Francisco_de_Paula/Cambará_do_Sul_(865_m) -999.9 -999.9 -999.9 -999.9 -999.9 12.7 4.1 792.0 Rio_Grande_do_Sul DCRS -999.9 0.0 0.0 861.38 861.4 861.1 1 0.01 861.4 861.4 861.4 861.4
-29.264900 -50.314899 DCRS-00084 2026-09-22_11:28 10.5 -999.9 -999.9 76.4 -999.9 -999.9 6.5 -999.9 -999.9 -999.9 -999.9 -999.9 18.4 -999.9 30.2 679.0 0.0 0.0 0.0 0.0 0.0 0.0 13.0 6.5 98.2 73.4 33.7 DCRS_-_São_Francisco_de_Paula/Cambará_do_Sul_(865_m) -999.9 -999.9 -999.9 -999.9 -999.9 12.7 4.1 792.0 Rio_Grande_do_Sul DCRS -999.9 0.0 0.0 861.39 861.4 861.1 1 0.02 861.4 861.4 861.4 861.4
-29.264900 -50.314899 DCRS-00084 2026-09-22_11:29 10.4 -999.9 -999.9 74.1 -999.9 -999.9 5.9 -999.9 -999.9 -999.9 -999.9 -999.9 18.3 -999.9 30.2 631.0 0.0 0.0 0.0 0.0 0.0 0.0 13.0 6.5 98.2 73.4 33.7 DCRS_-_São_Francisco_de_Paula/Cambará_do_Sul_(865_m) -999.9 -999.9 -999.9 -999.9 -999.9 12.7 4.1 792.0 Rio_Grande_do_Sul DCRS -999.9 0.0 0.0 861.39 861.4 861.1 1 0.02 861.4 861.4 861.4 861.4
-29.264900 -50.314899 DCRS-00084 2026-09-22_11:30 10.5 -999.9 -999.9 76.0 -999.9 -999.9 6.4 -999.9 -999.9 -999.9 -999.9 -999.9 22.0 -999.9 29.8 704.0 0.0 0.0 0.0 0.0 0.0 0.0 13.0 6.5 98.2 73.4 33.7 DCRS_-_São_Francisco_de_Paula/Cambará_do_Sul_(865_m) -999.9 -999.9 -999.9 -999.9 -999.9 12.7 4.1 792.0 Rio_Grande_do_Sul DCRS -999.9 0.0 0.0 861.39 861.4 861.1 1 0.02 861.4 861.4 861.4 861.4
-29.264900 -50.314899 DCRS-00084 2026-09-22_11:31 10.5 -999.9 -999.9 74.6 -999.9 -999.9 6.1 -999.9 -999.9 -999.9 -999.9 -999.9 18.5 -999.9 29.8 697.0 0.0 0.0 0.0 0.0 0.0 0.0 13.0 6.5 98.2 73.4 33.7 DCRS_-_São_Francisco_de_Paula/Cambará_do_Sul_(865_m) -999.9 -999.9 -999.9 -999.9 -999.9 12.7 4.1 792.0 Rio_Grande_do_Sul DCRS -999.9 0.0 0.0 861.39 861.4 861.1 1 0.01 861.4 861.4 861.4 861.4
-29.264900 -50.314899 DCRS-00084 2026-09-22_11:32 10.6 -999.9 -999.9 73.4 -999.9 -999.9 6.0 -999.9 -999.9 -999.9 -999.9 -999.9 23.2 -999.9 29.8 713.0 0.0 0.0 0.0 0.0 0.0 0.0 13.0 6.5 98.2 73.4 33.7 DCRS_-_São_Francisco_de_Paula/Cambará_do_Sul_(865_m) -999.9 -999.9 -999.9 -999.9 -999.9 12.7 4.1 792.0 Rio_Grande_do_Sul DCRS -999.9 0.0 0.0 861.39 861.4 861.1 1 0.01 861.4 861.4 861.4 861.4
-29.264900 -50.314899 DCRS-00084 2026-09-22_11:33 10.6 -999.9 -999.9 74.3 -999.9 -999.9 6.2 -999.9 -999.9 -999.9 -999.9 -999.9 13.4 -999.9 29.8 740.0 0.0 0.0 0.0 0.0 0.0 0.0 13.0 6.5 98.2 73.4 33.7 DCRS_-_São_Francisco_de_Paula/Cambará_do_Sul_(865_m) -999.9 -999.9 -999.9 -999.9 -999.9 12.7 4.1 792.0 Rio_Grande_do_Sul DCRS -999.9 0.0 0.0 861.39 861.4 861.1 1 0.02 861.4 861.4 861.4 861.4
-29.264900 -50.314899 DCRS-00084 2026-09-22_11:34 10.7 -999.9 -999.9 74.5 -999.9 -999.9 6.3 -999.9 -999.9 -999.9 -999.9 -999.9 21.5 -999.9 29.8 747.0 0.0 0.0 0.0 0.0 0.0 0.0 13.0 6.5 98.2 73.4 33.7 DCRS_-_São_Francisco_de_Paula/Cambará_do_Sul_(865_m) -999.9 -999.9 -999.9 -999.9 -999.9 12.7 4.1 792.0 Rio_Grande_do_Sul DCRS -999.9 0.0 0.0 861.39 861.4 861.1 1 0.0 861.4 861.4 861.4 861.4
-29.264900 -50.314899 DCRS-00084 2026-09-22_11:35 10.8 -999.9 -999.9 73.5 -999.9 -999.9 6.2 -999.9 -999.9 -999.9 -999.9 -999.9 13.4 -999.9 31.7 759.0 0.0 0.0 0.0 0.0 0.0 0.0 13.0 6.5 98.2 73.4 33.7 DCRS_-_São_Francisco_de_Paula/Cambará_do_Sul_(865_m) -999.9 -999.9 -999.9 -999.9 -999.9 12.7 4.1 792.0 Rio_Grande_do_Sul DCRS -999.9 0.0 0.0 861.39 861.4 861.1 1 0.01 861.4 861.4 861.4 861.4
-29.264900 -50.314899 DCRS-00084 2026-09-22_11:36 10.7 -999.9 -999.9 71.0 -999.9 -999.9 5.6 -999.9 -999.9 -999.9 -999.9 -999.9 22.2 -999.9 31.7 639.0 0.0 0.0 0.0 0.0 0.0 0.0 13.0 6.5 98.2 71.0 33.7 DCRS_-_São_Francisco_de_Paula/Cambará_do_Sul_(865_m) -999.9 -999.9 -999.9 -999.9 -999.9 12.7 4.1 792.0 Rio_Grande_do_Sul DCRS -999.9 0.0 0.0 861.38 861.4 861.1 1 0.01 861.4 861.4 861.4 861.4
-29.264900 -50.314899 DCRS-00084 2026-09-22_11:37 10.8 -999.9 -999.9 74.7 -999.9 -999.9 6.4 -999.9 -999.9 -999.9 -999.9 -999.9 12.4 -999.9 31.7 452.0 0.0 0.0 0.0 0.0 0.0 0.0 13.0 6.5 98.2 71.0 33.7 DCRS_-_São_Francisco_de_Paula/Cambará_do_Sul_(865_m) -999.9 -999.9 -999.9 -999.9 -999.9 12.7 4.1 792.0 Rio_Grande_do_Sul DCRS -999.9 0.0 0.0 861.39 861.4 861.1 1 0.02 861.4 861.4 861.4 861.4
-29.264900 -50.314899 DCRS-00084 2026-09-22_11:38 11.0 -999.9 -999.9 75.6 -999.9 -999.9 6.8 -999.9 -999.9 -999.9 -999.9 -999.9 24.7 -999.9 31.7 709.0 0.0 0.0 0.0 0.0 0.0 0.0 13.0 6.5 98.2 71.0 33.7 DCRS_-_São_Francisco_de_Paula/Cambará_do_Sul_(865_m) -999.9 -999.9 -999.9 -999.9 -999.9 12.7 4.1 792.0 Rio_Grande_do_Sul DCRS -999.9 0.0 0.0 861.38 861.4 861.1 1 0.0 861.4 861.4 861.4 861.4
-29.264900 -50.314899 DCRS-00084 2026-09-22_11:39 10.9 -999.9 -999.9 73.5 -999.9 -999.9 6.3 -999.9 -999.9 -999.9 -999.9 -999.9 17.5 -999.9 31.7 596.0 0.0 0.0 0.0 0.0 0.0 0.0 13.0 6.5 98.2 71.0 33.7 DCRS_-_São_Francisco_de_Paula/Cambará_do_Sul_(865_m) -999.9 -999.9 -999.9 -999.9 -999.9 12.7 4.1 792.0 Rio_Grande_do_Sul DCRS -999.9 0.0 0.0 861.4 861.4 861.1 1 0.03 861.4 861.4 861.4 861.4
-29.264900 -50.314899 DCRS-00084 2026-09-22_11:40 10.9 -999.9 -999.9 75.0 -999.9 -999.9 6.6 -999.9 -999.9 -999.9 -999.9 -999.9 17.2 -999.9 27.4 655.0 0.0 0.0 0.0 0.0 0.0 0.0 13.0 6.5 98.2 71.0 33.7 DCRS_-_São_Francisco_de_Paula/Cambará_do_Sul_(865_m) -999.9 -999.9 -999.9 -999.9 -999.9 12.7 4.1 792.0 Rio_Grande_do_Sul DCRS -999.9 0.0 0.0 861.4 861.4 861.1 1 0.03 861.4 861.4 861.4 861.4
-29.264900 -50.314899 DCRS-00084 2026-09-22_11:41 11.0 -999.9 -999.9 73.5 -999.9 -999.9 6.4 -999.9 -999.9 -999.9 -999.9 -999.9 19.4 -999.9 27.4 668.0 0.0 0.0 0.0 0.0 0.0 0.0 13.0 6.5 98.2 71.0 33.7 DCRS_-_São_Francisco_de_Paula/Cambará_do_Sul_(865_m) -999.9 -999.9 -999.9 -999.9 -999.9 12.7 4.1 792.0 Rio_Grande_do_Sul DCRS -999.9 0.0 0.0 861.39 861.4 861.1 1 0.01 861.4 861.4 861.4 861.4
-29.264900 -50.314899 DCRS-00084 2026-09-22_11:42 10.9 -999.9 -999.9 74.4 -999.9 -999.9 6.5 -999.9 -999.9 -999.9 -999.9 -999.9 15.2 -999.9 27.4 480.0 0.0 0.0 0.0 0.0 0.0 0.0 13.0 6.5 98.2 71.0 33.7 DCRS_-_São_Francisco_de_Paula/Cambará_do_Sul_(865_m) -999.9 -999.9 -999.9 -999.9 -999.9 12.7 4.1 792.0 Rio_Grande_do_Sul DCRS -999.9 0.0 0.0 861.39 861.4 861.1 1 0.02 861.4 861.4 861.4 861.4
-29.264900 -50.314899 DCRS-00084 2026-09-22_11:43 10.9 -999.9 -999.9 72.2 -999.9 -999.9 6.0 -999.9 -999.9 -999.9 -999.9 -999.9 11.9 -999.9 27.4 448.0 0.0 0.0 0.0 0.0 0.0 0.0 13.0 6.5 98.2 71.0 33.7 DCRS_-_São_Francisco_de_Paula/Cambará_do_Sul_(865_m) -999.9 -999.9 -999.9 -999.9 -999.9 12.7 4.1 792.0 Rio_Grande_do_Sul DCRS -999.9 0.0 0.0 861.4 861.4 861.1 1 0.03 861.4 861.4 861.4 861.4
-29.264900 -50.314899 DCRS-00084 2026-09-22_11:44 10.8 -999.9 -999.9 72.1 -999.9 -999.9 5.9 -999.9 -999.9 -999.9 -999.9 -999.9 6.4 -999.9 27.4 203.0 0.0 0.0 0.0 0.0 0.0 0.0 13.0 6.5 98.2 71.0 33.7 DCRS_-_São_Francisco_de_Paula/Cambará_do_Sul_(865_m) -999.9 -999.9 -999.9 -999.9 -999.9 12.7 4.1 792.0 Rio_Grande_do_Sul DCRS -999.9 0.0 0.0 861.39 861.4 861.1 1 0.01 861.4 861.4 861.4 861.4
-29.264900 -50.314899 DCRS-00084 2026-09-22_11:45 10.9 -999.9 -999.9 73.3 -999.9 -999.9 6.3 -999.9 -999.9 -999.9 -999.9 -999.9 14.9 -999.9 23.3 282.0 0.0 0.0 0.0 0.0 0.0 0.0 13.0 6.5 98.2 71.0 33.7 DCRS_-_São_Francisco_de_Paula/Cambará_do_Sul_(865_m) -999.9 -999.9 -999.9 -999.9 -999.9 12.7 4.1 792.0 Rio_Grande_do_Sul DCRS -999.9 0.0 0.0 861.41 861.41 861.1 1 0.04 861.41 861.41 861.41 861.41
-29.264900 -50.314899 DCRS-00084 2026-09-22_11:46 10.9 -999.9 -999.9 73.9 -999.9 -999.9 6.4 -999.9 -999.9 -999.9 -999.9 -999.9 22.8 -999.9 23.3 701.0 0.0 0.0 0.0 0.0 0.0 0.0 13.0 6.5 98.2 71.0 33.7 DCRS_-_São_Francisco_de_Paula/Cambará_do_Sul_(865_m) -999.9 -999.9 -999.9 -999.9 -999.9 12.7 4.1 792.0 Rio_Grande_do_Sul DCRS -999.9 0.0 0.0 861.39 861.41 861.1 1 0.01 861.41 861.41 861.41 861.41
-29.264900 -50.314899 DCRS-00084 2026-09-22_11:47 10.8 -999.9 -999.9 72.0 -999.9 -999.9 5.9 -999.9 -999.9 -999.9 -999.9 -999.9 -999.9 -999.9 23.3 356.0 0.0 0.0 0.0 0.0 0.0 0.0 13.0 6.5 98.2 71.0 33.7 DCRS_-_São_Francisco_de_Paula/Cambará_do_Sul_(865_m) -999.9 -999.9 -999.9 -999.9 -999.9 12.7 4.1 792.0 Rio_Grande_do_Sul DCRS -999.9 0.0 0.0 861.39 861.41 861.1 1 0.02 861.41 861.41 861.41 861.41
-29.264900 -50.314899 DCRS-00084 2026-09-22_11:48 10.9 -999.9 -999.9 72.3 -999.9 -999.9 6.1 -999.9 -999.9 -999.9 -999.9 -999.9 17.0 -999.9 23.3 731.0 0.0 0.0 0.0 0.0 0.0 0.0 13.0 6.5 98.2 71.0 33.7 DCRS_-_São_Francisco_de_Paula/Cambará_do_Sul_(865_m) -999.9 -999.9 -999.9 -999.9 -999.9 12.7 4.1 792.0 Rio_Grande_do_Sul DCRS -999.9 0.0 0.0 861.4 861.41 861.1 1 0.02 861.41 861.41 861.41 861.41
-29.264900 -50.314899 DCRS-00084 2026-09-22_11:49 10.9 -999.9 -999.9 70.8 -999.9 -999.9 5.8 -999.9 -999.9 -999.9 -999.9 -999.9 21.4 -999.9 23.3 539.0 0.0 0.0 0.0 0.0 0.0 0.0 13.0 6.5 98.2 70.8 33.7 DCRS_-_São_Francisco_de_Paula/Cambará_do_Sul_(865_m) -999.9 -999.9 -999.9 -999.9 -999.9 12.7 4.1 792.0 Rio_Grande_do_Sul DCRS -999.9 0.0 0.0 861.39 861.41 861.1 1 0.01 861.41 861.41 861.41 861.41
-29.264900 -50.314899 DCRS-00084 2026-09-22_11:50 10.9 -999.9 -999.9 72.4 -999.9 -999.9 6.1 -999.9 -999.9 -999.9 -999.9 -999.9 12.8 -999.9 28.4 457.0 0.0 0.0 0.0 0.0 0.0 0.0 13.0 6.5 98.2 70.8 33.7 DCRS_-_São_Francisco_de_Paula/Cambará_do_Sul_(865_m) -999.9 -999.9 -999.9 -999.9 -999.9 12.7 4.1 792.0 Rio_Grande_do_Sul DCRS -999.9 0.0 0.0 861.39 861.41 861.1 1 0.02 861.41 861.41 861.41 861.41
-29.264900 -50.314899 DCRS-00084 2026-09-22_11:51 10.9 -999.9 -999.9 71.5 -999.9 -999.9 5.9 -999.9 -999.9 -999.9 -999.9 -999.9 21.8 -999.9 28.4 626.0 0.0 0.0 0.0 0.0 0.0 0.0 13.0 6.5 98.2 70.8 33.7 DCRS_-_São_Francisco_de_Paula/Cambará_do_Sul_(865_m) -999.9 -999.9 -999.9 -999.9 -999.9 12.7 4.1 792.0 Rio_Grande_do_Sul DCRS -999.9 0.0 0.0 861.39 861.41 861.1 1 0.0 861.41 861.41 861.41 861.41
-29.264900 -50.314899 DCRS-00084 2026-09-22_11:52 11.0 -999.9 -999.9 73.9 -999.9 -999.9 6.5 -999.9 -999.9 -999.9 -999.9 -999.9 20.4 -999.9 28.4 234.0 0.0 0.0 0.0 0.0 0.0 0.0 13.0 6.5 98.2 70.8 33.7 DCRS_-_São_Francisco_de_Paula/Cambará_do_Sul_(865_m) -999.9 -999.9 -999.9 -999.9 -999.9 12.7 4.1 792.0 Rio_Grande_do_Sul DCRS -999.9 0.0 0.0 861.39 861.41 861.1 1 0.01 861.41 861.41 861.41 861.41
-29.264900 -50.314899 DCRS-00084 2026-09-22_11:53 10.9 -999.9 -999.9 71.8 -999.9 -999.9 6.0 -999.9 -999.9 -999.9 -999.9 -999.9 18.9 -999.9 28.4 696.0 0.0 0.0 0.0 0.0 0.0 0.0 13.0 6.5 98.2 70.8 33.7 DCRS_-_São_Francisco_de_Paula/Cambará_do_Sul_(865_m) -999.9 -999.9 -999.9 -999.9 -999.9 12.7 4.1 792.0 Rio_Grande_do_Sul DCRS -999.9 0.0 0.0 861.39 861.41 861.1 1 0.01 861.41 861.41 861.41 861.41
-29.264900 -50.314899 DCRS-00084 2026-09-22_11:54 11.0 -999.9 -999.9 74.3 -999.9 -999.9 6.6 -999.9 -999.9 -999.9 -999.9 -999.9 9.5 -999.9 28.4 661.0 0.0 0.0 0.0 0.0 0.0 0.0 13.0 6.5 98.2 70.8 33.7 DCRS_-_São_Francisco_de_Paula/Cambará_do_Sul_(865_m) -999.9 -999.9 -999.9 -999.9 -999.9 12.7 4.1 792.0 Rio_Grande_do_Sul DCRS -999.9 0.0 0.0 861.4 861.41 861.1 1 0.02 861.41 861.41 861.41 861.41
-29.264900 -50.314899 DCRS-00084 2026-09-22_11:55 11.1 -999.9 -999.9 72.8 -999.9 -999.9 6.4 -999.9 -999.9 -999.9 -999.9 -999.9 12.7 -999.9 29.1 341.0 0.0 0.0 0.0 0.0 0.0 0.0 13.0 6.5 98.2 70.8 33.7 DCRS_-_São_Francisco_de_Paula/Cambará_do_Sul_(865_m) -999.9 -999.9 -999.9 -999.9 -999.9 12.7 4.1 792.0 Rio_Grande_do_Sul DCRS -999.9 0.0 0.0 861.39 861.41 861.1 1 0.01 861.41 861.41 861.41 861.41
-29.264900 -50.314899 DCRS-00084 2026-09-22_11:56 11.2 -999.9 -999.9 71.3 -999.9 -999.9 6.1 -999.9 -999.9 -999.9 -999.9 -999.9 14.4 -999.9 29.1 397.0 0.0 0.0 0.0 0.0 0.0 0.0 13.0 6.5 98.2 70.8 33.7 DCRS_-_São_Francisco_de_Paula/Cambará_do_Sul_(865_m) -999.9 -999.9 -999.9 -999.9 -999.9 12.7 4.1 792.0 Rio_Grande_do_Sul DCRS -999.9 0.0 0.0 861.39 861.41 861.1 1 0.01 861.41 861.41 861.41 861.41
-29.264900 -50.314899 DCRS-00084 2026-09-22_11:57 11.1 -999.9 -999.9 73.1 -999.9 -999.9 6.4 -999.9 -999.9 -999.9 -999.9 -999.9 19.9 -999.9 29.1 404.0 0.0 0.0 0.0 0.0 0.0 0.0 13.0 6.5 98.2 70.8 33.7 DCRS_-_São_Francisco_de_Paula/Cambará_do_Sul_(865_m) -999.9 -999.9 -999.9 -999.9 -999.9 12.7 4.1 792.0 Rio_Grande_do_Sul DCRS -999.9 0.0 0.0 861.39 861.41 861.1 1 0.01 861.41 861.41 861.41 861.41
-29.264900 -50.314899 DCRS-00084 2026-09-22_11:58 10.9 -999.9 -999.9 72.4 -999.9 -999.9 6.1 -999.9 -999.9 -999.9 -999.9 -999.9 20.2 -999.9 29.1 256.0 0.0 0.0 0.0 0.0 0.0 0.0 13.0 6.5 98.2 70.8 33.7 DCRS_-_São_Francisco_de_Paula/Cambará_do_Sul_(865_m) -999.9 -999.9 -999.9 -999.9 -999.9 12.7 4.1 792.0 Rio_Grande_do_Sul DCRS -999.9 0.0 0.0 861.39 861.41 861.1 1 0.02 861.41 861.41 861.41 861.41
-29.264900 -50.314899 DCRS-00084 2026-09-22_11:59 10.9 -999.9 -999.9 74.7 -999.9 -999.9 6.5 -999.9 -999.9 -999.9 -999.9 -999.9 17.2 -999.9 29.1 594.0 0.0 0.0 0.0 0.0 0.0 0.0 13.0 6.5 98.2 70.8 33.7 DCRS_-_São_Francisco_de_Paula/Cambará_do_Sul_(865_m) -999.9 -999.9 -999.9 -999.9 -999.9 12.7 4.1 792.0 Rio_Grande_do_Sul DCRS -999.9 0.0 0.0 861.4 861.41 861.1 1 0.02 861.41 861.41 861.41 861.41
-29.264900 -50.314899 DCRS-00084 2026-09-22_12:00 10.9 -999.9 -999.9 74.8 -999.9 -999.9 6.6 -999.9 -999.9 -999.9 -999.9 -999.9 19.9 -999.9 27.0 469.0 0.0 0.0 0.0 0.0 0.0 0.0 13.0 6.5 98.2 70.8 33.7 DCRS_-_São_Francisco_de_Paula/Cambará_do_Sul_(865_m) -999.9 -999.9 -999.9 -999.9 -999.9 12.7 4.1 792.0 Rio_Grande_do_Sul DCRS -999.9 0.0 0.0 861.39 861.41 861.1 1 0.01 861.41 861.41 861.41 861.41
-29.264900 -50.314899 DCRS-00084 2026-09-22_12:01 10.9 -999.9 -999.9 73.5 -999.9 -999.9 6.3 -999.9 -999.9 -999.9 -999.9 -999.9 24.2 -999.9 27.0 645.0 0.0 0.0 0.0 0.0 0.0 0.0 13.0 6.5 98.2 70.8 33.7 DCRS_-_São_Francisco_de_Paula/Cambará_do_Sul_(865_m) -999.9 -999.9 -999.9 -999.9 -999.9 12.7 4.1 792.0 Rio_Grande_do_Sul DCRS -999.9 0.0 0.0 861.4 861.41 861.1 1 0.02 861.41 861.41 861.41 861.41
-29.264900 -50.314899 DCRS-00084 2026-09-22_12:02 10.8 -999.9 -999.9 71.0 -999.9 -999.9 5.7 -999.9 -999.9 -999.9 -999.9 -999.9 13.0 -999.9 27.0 261.0 0.0 0.0 0.0 0.0 0.0 0.0 13.0 6.5 98.2 70.8 33.7 DCRS_-_São_Francisco_de_Paula/Cambará_do_Sul_(865_m) -999.9 -999.9 -999.9 -999.9 -999.9 12.7 4.1 792.0 Rio_Grande_do_Sul DCRS -999.9 0.0 0.0 861.39 861.41 861.1 1 0.01 861.41 861.41 861.41 861.41
-29.264900 -50.314899 DCRS-00084 2026-09-22_12:03 10.8 -999.9 -999.9 72.6 -999.9 -999.9 6.0 -999.9 -999.9 -999.9 -999.9 -999.9 13.5 -999.9 27.0 317.0 0.0 0.0 0.0 0.0 0.0 0.0 13.0 6.5 98.2 70.8 33.7 DCRS_-_São_Francisco_de_Paula/Cambará_do_Sul_(865_m) -999.9 -999.9 -999.9 -999.9 -999.9 12.7 4.1 792.0 Rio_Grande_do_Sul DCRS -999.9 0.0 0.0 861.4 861.41 861.1 1 0.02 861.41 861.41 861.41 861.41
-29.264900 -50.314899 DCRS-00084 2026-09-22_12:04 10.8 -999.9 -999.9 72.7 -999.9 -999.9 6.0 -999.9 -999.9 -999.9 -999.9 -999.9 16.4 -999.9 27.0 440.0 0.0 0.0 0.0 0.0 0.0 0.0 13.0 6.5 98.2 70.8 33.7 DCRS_-_São_Francisco_de_Paula/Cambará_do_Sul_(865_m) -999.9 -999.9 -999.9 -999.9 -999.9 12.7 4.1 792.0 Rio_Grande_do_Sul DCRS -999.9 0.0 0.0 861.4 861.41 861.1 1 0.02 861.41 861.41 861.41 861.41
-29.264900 -50.314899 DCRS-00084 2026-09-22_12:05 10.9 -999.9 -999.9 74.7 -999.9 -999.9 6.5 -999.9 -999.9 -999.9 -999.9 -999.9 14.7 -999.9 26.9 775.0 0.0 0.0 0.0 0.0 0.0 0.0 13.0 6.5 98.2 70.8 33.7 DCRS_-_São_Francisco_de_Paula/Cambará_do_Sul_(865_m) -999.9 -999.9 -999.9 -999.9 -999.9 12.7 4.1 792.0 Rio_Grande_do_Sul DCRS -999.9 0.0 0.0 861.4 861.41 861.1 1 0.02 861.41 861.41 861.41 861.41
-29.264900 -50.314899 DCRS-00084 2026-09-22_12:06 11.1 -999.9 -999.9 75.7 -999.9 -999.9 6.9 -999.9 -999.9 -999.9 -999.9 -999.9 20.5 -999.9 26.9 725.0 0.0 0.0 0.0 0.0 0.0 0.0 13.0 6.5 98.2 70.8 33.7 DCRS_-_São_Francisco_de_Paula/Cambará_do_Sul_(865_m) -999.9 -999.9 -999.9 -999.9 -999.9 12.7 4.1 792.0 Rio_Grande_do_Sul DCRS -999.9 0.0 0.0 861.39 861.41 861.1 1 0.01 861.41 861.41 861.41 861.41
-29.264900 -50.314899 DCRS-00084 2026-09-22_12:07 11.2 -999.9 -999.9 72.7 -999.9 -999.9 6.4 -999.9 -999.9 -999.9 -999.9 -999.9 20.3 -999.9 26.9 206.0 0.0 0.0 0.0 0.0 0.0 0.0 13.0 6.5 98.2 70.8 33.7 DCRS_-_São_Francisco_de_Paula/Cambará_do_Sul_(865_m) -999.9 -999.9 -999.9 -999.9 -999.9 12.7 4.1 792.0 Rio_Grande_do_Sul DCRS -999.9 0.0 0.0 861.4 861.41 861.1 1 0.02 861.41 861.41 861.41 861.41
-29.264900 -50.314899 DCRS-00084 2026-09-22_12:08 11.2 -999.9 -999.9 70.9 -999.9 -999.9 6.1 -999.9 -999.9 -999.9 -999.9 -999.9 18.4 -999.9 26.9 250.0 0.0 0.0 0.0 0.0 0.0 0.0 13.0 6.5 98.2 70.8 33.7 DCRS_-_São_Francisco_de_Paula/Cambará_do_Sul_(865_m) -999.9 -999.9 -999.9 -999.9 -999.9 12.7 4.1 792.0 Rio_Grande_do_Sul DCRS -999.9 0.0 0.0 861.4 861.41 861.1 1 0.02 861.41 861.41 861.41 861.41
-29.264900 -50.314899 DCRS-00084 2026-09-22_12:09 11.2 -999.9 -999.9 70.8 -999.9 -999.9 6.0 -999.9 -999.9 -999.9 -999.9 -999.9 19.2 -999.9 26.9 733.0 0.0 0.0 0.0 0.0 0.0 0.0 13.0 6.5 98.2 70.8 33.7 DCRS_-_São_Francisco_de_Paula/Cambará_do_Sul_(865_m) -999.9 -999.9 -999.9 -999.9 -999.9 12.7 4.1 792.0 Rio_Grande_do_Sul DCRS -999.9 0.0 0.0 861.4 861.41 861.1 1 0.01 861.41 861.41 861.41 861.41
-29.264900 -50.314899 DCRS-00084 2026-09-22_12:10 11.1 -999.9 -999.9 70.9 -999.9 -999.9 6.0 -999.9 -999.9 -999.9 -999.9 -999.9 24.1 -999.9 27.1 592.0 0.0 0.0 0.0 0.0 0.0 0.0 13.0 6.5 98.2 70.8 33.7 DCRS_-_São_Francisco_de_Paula/Cambará_do_Sul_(865_m) -999.9 -999.9 -999.9 -999.9 -999.9 12.7 4.1 792.0 Rio_Grande_do_Sul DCRS -999.9 0.0 0.0 861.4 861.41 861.1 1 0.01 861.41 861.41 861.41 861.41
-29.264900 -50.314899 DCRS-00084 2026-09-22_12:11 11.0 -999.9 -999.9 70.6 -999.9 -999.9 5.8 -999.9 -999.9 -999.9 -999.9 -999.9 20.3 -999.9 27.1 682.0 0.0 0.0 0.0 0.0 0.0 0.0 13.0 6.5 98.2 70.6 33.7 DCRS_-_São_Francisco_de_Paula/Cambará_do_Sul_(865_m) -999.9 -999.9 -999.9 -999.9 -999.9 12.7 4.1 792.0 Rio_Grande_do_Sul DCRS -999.9 0.0 0.0 861.4 861.41 861.1 1 0.02 861.41 861.41 861.41 861.41
-29.264900 -50.314899 DCRS-00084 2026-09-22_12:12 11.0 -999.9 -999.9 72.3 -999.9 -999.9 6.2 -999.9 -999.9 -999.9 -999.9 -999.9 15.6 -999.9 27.1 693.0 0.0 0.0 0.0 0.0 0.0 0.0 13.0 6.5 98.2 70.6 33.7 DCRS_-_São_Francisco_de_Paula/Cambará_do_Sul_(865_m) -999.9 -999.9 -999.9 -999.9 -999.9 12.7 4.1 792.0 Rio_Grande_do_Sul DCRS -999.9 0.0 0.0 861.4 861.41 861.1 1 0.01 861.41 861.41 861.41 861.41
-29.264900 -50.314899 DCRS-00084 2026-09-22_12:13 11.1 -999.9 -999.9 70.7 -999.9 -999.9 5.9 -999.9 -999.9 -999.9 -999.9 -999.9 23.4 -999.9 27.1 632.0 0.0 0.0 0.0 0.0 0.0 0.0 13.0 6.5 98.2 70.6 33.7 DCRS_-_São_Francisco_de_Paula/Cambará_do_Sul_(865_m) -999.9 -999.9 -999.9 -999.9 -999.9 12.7 4.1 792.0 Rio_Grande_do_Sul DCRS -999.9 0.0 0.0 861.4 861.41 861.1 1 0.01 861.41 861.41 861.41 861.41
-29.264900 -50.314899 DCRS-00084 2026-09-22_12:14 11.1 -999.9 -999.9 68.5 -999.9 -999.9 5.5 -999.9 -999.9 -999.9 -999.9 -999.9 17.7 -999.9 27.1 671.0 0.0 0.0 0.0 0.0 0.0 0.0 13.0 6.5 98.2 68.5 33.7 DCRS_-_São_Francisco_de_Paula/Cambará_do_Sul_(865_m) -999.9 -999.9 -999.9 -999.9 -999.9 12.7 4.1 792.0 Rio_Grande_do_Sul DCRS -999.9 0.0 0.0 861.41 861.41 861.1 1 0.03 861.41 861.41 861.41 861.41
-29.264900 -50.314899 DCRS-00084 2026-09-22_12:15 11.1 -999.9 -999.9 69.1 -999.9 -999.9 5.6 -999.9 -999.9 -999.9 -999.9 -999.9 21.2 -999.9 29.1 661.0 0.0 0.0 0.0 0.0 0.0 0.0 13.0 6.5 98.2 68.5 33.7 DCRS_-_São_Francisco_de_Paula/Cambará_do_Sul_(865_m) -999.9 -999.9 -999.9 -999.9 -999.9 12.7 4.1 792.0 Rio_Grande_do_Sul DCRS -999.9 0.0 0.0 861.4 861.41 861.1 1 0.01 861.41 861.41 861.41 861.41
-29.264900 -50.314899 DCRS-00084 2026-09-22_12:16 11.2 -999.9 -999.9 69.2 -999.9 -999.9 5.7 -999.9 -999.9 -999.9 -999.9 -999.9 22.6 -999.9 29.1 639.0 0.0 0.0 0.0 0.0 0.0 0.0 13.0 6.5 98.2 68.5 33.7 DCRS_-_São_Francisco_de_Paula/Cambará_do_Sul_(865_m) -999.9 -999.9 -999.9 -999.9 -999.9 12.7 4.1 792.0 Rio_Grande_do_Sul DCRS -999.9 0.0 0.0 861.4 861.41 861.1 1 0.01 861.41 861.41 861.41 861.41
-29.264900 -50.314899 DCRS-00084 2026-09-22_12:17 11.1 -999.9 -999.9 71.0 -999.9 -999.9 6.0 -999.9 -999.9 -999.9 -999.9 -999.9 18.5 -999.9 29.1 628.0 0.0 0.0 0.0 0.0 0.0 0.0 13.0 6.5 98.2 68.5 33.7 DCRS_-_São_Francisco_de_Paula/Cambará_do_Sul_(865_m) -999.9 -999.9 -999.9 -999.9 -999.9 12.7 4.1 792.0 Rio_Grande_do_Sul DCRS -999.9 0.0 0.0 861.4 861.41 861.1 1 0.01 861.41 861.41 861.41 861.41
-29.264900 -50.314899 DCRS-00084 2026-09-22_12:18 11.3 -999.9 -999.9 71.6 -999.9 -999.9 6.3 -999.9 -999.9 -999.9 -999.9 -999.9 14.5 -999.9 29.1 593.0 0.0 0.0 0.0 0.0 0.0 0.0 13.0 6.5 98.2 68.5 33.7 DCRS_-_São_Francisco_de_Paula/Cambará_do_Sul_(865_m) -999.9 -999.9 -999.9 -999.9 -999.9 12.7 4.1 792.0 Rio_Grande_do_Sul DCRS -999.9 0.0 0.0 861.4 861.41 861.1 1 0.01 861.41 861.41 861.41 861.41
-29.264900 -50.314899 DCRS-00084 2026-09-22_12:19 11.4 -999.9 -999.9 70.4 -999.9 -999.9 6.2 -999.9 -999.9 -999.9 -999.9 -999.9 17.1 -999.9 29.1 571.0 0.0 0.0 0.0 0.0 0.0 0.0 13.0 6.5 98.2 68.5 33.7 DCRS_-_São_Francisco_de_Paula/Cambará_do_Sul_(865_m) -999.9 -999.9 -999.9 -999.9 -999.9 12.7 4.1 792.0 Rio_Grande_do_Sul DCRS -999.9 0.0 0.0 861.39 861.41 861.1 1 0.01 861.41 861.41 861.41 861.41
-29.264900 -50.314899 DCRS-00084 2026-09-22_12:20 11.3 -999.9 -999.9 69.4 -999.9 -999.9 5.8 -999.9 -999.9 -999.9 -999.9 -999.9 16.3 -999.9 29.6 200.0 0.0 0.0 0.0 0.0 0.0 0.0 13.0 6.5 98.2 68.5 33.7 DCRS_-_São_Francisco_de_Paula/Cambará_do_Sul_(865_m) -999.9 -999.9 -999.9 -999.9 -999.9 12.7 4.1 792.0 Rio_Grande_do_Sul DCRS -999.9 0.0 0.0 861.4 861.41 861.1 1 0.02 861.41 861.41 861.41 861.41
-29.264900 -50.314899 DCRS-00084 2026-09-22_12:21 11.2 -999.9 -999.9 69.7 -999.9 -999.9 5.8 -999.9 -999.9 -999.9 -999.9 -999.9 19.7 -999.9 29.6 619.0 0.0 0.0 0.0 0.0 0.0 0.0 13.0 6.5 98.2 68.5 33.7 DCRS_-_São_Francisco_de_Paula/Cambará_do_Sul_(865_m) -999.9 -999.9 -999.9 -999.9 -999.9 12.7 4.1 792.0 Rio_Grande_do_Sul DCRS -999.9 0.0 0.0 861.4 861.41 861.1 1 0.02 861.41 861.41 861.41 861.41
-29.264900 -50.314899 DCRS-00084 2026-09-22_12:22 11.2 -999.9 -999.9 69.9 -999.9 -999.9 5.9 -999.9 -999.9 -999.9 -999.9 -999.9 21.0 -999.9 29.6 648.0 0.0 0.0 0.0 0.0 0.0 0.0 13.0 6.5 98.2 68.5 33.7 DCRS_-_São_Francisco_de_Paula/Cambará_do_Sul_(865_m) -999.9 -999.9 -999.9 -999.9 -999.9 12.7 4.1 792.0 Rio_Grande_do_Sul DCRS -999.9 0.0 0.0 861.4 861.41 861.1 1 0.02 861.41 861.41 861.41 861.41
-29.264900 -50.314899 DCRS-00084 2026-09-22_12:23 11.3 -999.9 -999.9 70.1 -999.9 -999.9 6.0 -999.9 -999.9 -999.9 -999.9 -999.9 19.8 -999.9 29.6 666.0 0.0 0.0 0.0 0.0 0.0 0.0 13.0 6.5 98.2 68.5 33.7 DCRS_-_São_Francisco_de_Paula/Cambará_do_Sul_(865_m) -999.9 -999.9 -999.9 -999.9 -999.9 12.7 4.1 792.0 Rio_Grande_do_Sul DCRS -999.9 0.0 0.0 861.4 861.41 861.1 1 0.01 861.41 861.41 861.41 861.41
-29.264900 -50.314899 DCRS-00084 2026-09-22_12:24 11.4 -999.9 -999.9 69.4 -999.9 -999.9 5.9 -999.9 -999.9 -999.9 -999.9 -999.9 22.5 -999.9 29.6 723.0 0.0 0.0 0.0 0.0 0.0 0.0 13.0 6.5 98.2 68.5 33.7 DCRS_-_São_Francisco_de_Paula/Cambará_do_Sul_(865_m) -999.9 -999.9 -999.9 -999.9 -999.9 12.7 4.1 792.0 Rio_Grande_do_Sul DCRS -999.9 0.0 0.0 861.4 861.41 861.1 1 0.0 861.41 861.41 861.41 861.41
-29.264900 -50.314899 DCRS-00084 2026-09-22_12:25 11.5 -999.9 -999.9 71.0 -999.9 -999.9 6.4 -999.9 -999.9 -999.9 -999.9 -999.9 17.8 -999.9 23.9 706.0 0.0 0.0 0.0 0.0 0.0 0.0 13.0 6.5 98.2 68.5 33.7 DCRS_-_São_Francisco_de_Paula/Cambará_do_Sul_(865_m) -999.9 -999.9 -999.9 -999.9 -999.9 12.7 4.1 792.0 Rio_Grande_do_Sul DCRS -999.9 0.0 0.0 861.39 861.41 861.1 1 0.01 861.41 861.41 861.41 861.41
-29.264900 -50.314899 DCRS-00084 2026-09-22_12:26 11.5 -999.9 -999.9 68.5 -999.9 -999.9 5.8 -999.9 -999.9 -999.9 -999.9 -999.9 15.2 -999.9 23.9 659.0 0.0 0.0 0.0 0.0 0.0 0.0 13.0 6.5 98.2 68.5 33.7 DCRS_-_São_Francisco_de_Paula/Cambará_do_Sul_(865_m) -999.9 -999.9 -999.9 -999.9 -999.9 12.7 4.1 792.0 Rio_Grande_do_Sul DCRS -999.9 0.0 0.0 861.4 861.41 861.1 1 0.02 861.41 861.41 861.41 861.41
-29.264900 -50.314899 DCRS-00084 2026-09-22_12:27 11.5 -999.9 -999.9 69.6 -999.9 -999.9 6.1 -999.9 -999.9 -999.9 -999.9 -999.9 -999.9 -999.9 23.9 672.0 0.0 0.0 0.0 0.0 0.0 0.0 13.0 6.5 98.2 68.5 33.7 DCRS_-_São_Francisco_de_Paula/Cambará_do_Sul_(865_m) -999.9 -999.9 -999.9 -999.9 -999.9 12.7 4.1 792.0 Rio_Grande_do_Sul DCRS -999.9 0.0 0.0 861.38 861.41 861.1 1 0.0 861.41 861.41 861.41 861.41
-29.264900 -50.314899 DCRS-00084 2026-09-22_12:28 11.4 -999.9 -999.9 65.8 -999.9 -999.9 5.2 -999.9 -999.9 -999.9 -999.9 -999.9 -999.9 -999.9 23.9 654.0 0.0 0.0 0.0 0.0 0.0 0.0 13.0 6.5 98.2 65.8 33.7 DCRS_-_São_Francisco_de_Paula/Cambará_do_Sul_(865_m) -999.9 -999.9 -999.9 -999.9 -999.9 12.7 4.1 792.0 Rio_Grande_do_Sul DCRS -999.9 0.0 0.0 861.4 861.41 861.1 1 0.01 861.41 861.41 861.41 861.41
-29.264900 -50.314899 DCRS-00084 2026-09-22_12:29 11.3 -999.9 -999.9 69.2 -999.9 -999.9 5.8 -999.9 -999.9 -999.9 -999.9 -999.9 17.4 -999.9 23.9 632.0 0.0 0.0 0.0 0.0 0.0 0.0 13.0 6.5 98.2 65.8 33.7 DCRS_-_São_Francisco_de_Paula/Cambará_do_Sul_(865_m) -999.9 -999.9 -999.9 -999.9 -999.9 12.7 4.1 792.0 Rio_Grande_do_Sul DCRS -999.9 0.0 0.0 861.4 861.41 861.1 0 0.01 861.41 861.41 861.41 861.41
-29.264900 -50.314899 DCRS-00084 2026-09-22_12:30 11.4 -999.9 -999.9 71.9 -999.9 -999.9 6.5 -999.9 -999.9 -999.9 -999.9 -999.9 15.6 -999.9 29.5 274.0 0.0 0.0 0.0 0.0 0.0 0.0 13.0 6.5 98.2 65.8 33.7 DCRS_-_São_Francisco_de_Paula/Cambará_do_Sul_(865_m) -999.9 -999.9 -999.9 -999.9 -999.9 12.7 4.1 792.0 Rio_Grande_do_Sul DCRS -999.9 0.0 0.0 861.4 861.41 861.1 0 0.01 861.41 861.41 861.41 861.41
-29.264900 -50.314899 DCRS-00084 2026-09-22_12:31 11.4 -999.9 -999.9 70.6 -999.9 -999.9 6.2 -999.9 -999.9 -999.9 -999.9 -999.9 16.9 -999.9 29.5 660.0 0.0 0.0 0.0 0.0 0.0 0.0 13.0 6.5 98.2 65.8 33.7 DCRS_-_São_Francisco_de_Paula/Cambará_do_Sul_(865_m) -999.9 -999.9 -999.9 -999.9 -999.9 12.7 4.1 792.0 Rio_Grande_do_Sul DCRS -999.9 0.0 0.0 861.4 861.41 861.1 0 0.01 861.41 861.41 861.41 861.41
-29.264900 -50.314899 DCRS-00084 2026-09-22_12:32 11.5 -999.9 -999.9 72.5 -999.9 -999.9 6.7 -999.9 -999.9 -999.9 -999.9 -999.9 18.8 -999.9 29.5 491.0 0.0 0.0 0.0 0.0 0.0 0.0 13.0 6.5 98.2 65.8 33.7 DCRS_-_São_Francisco_de_Paula/Cambará_do_Sul_(865_m) -999.9 -999.9 -999.9 -999.9 -999.9 12.7 4.1 792.0 Rio_Grande_do_Sul DCRS -999.9 0.0 0.0 861.4 861.41 861.1 0 0.01 861.41 861.41 861.41 861.41
-29.264900 -50.314899 DCRS-00084 2026-09-22_12:33 11.5 -999.9 -999.9 70.5 -999.9 -999.9 6.3 -999.9 -999.9 -999.9 -999.9 -999.9 19.3 -999.9 29.5 650.0 0.0 0.0 0.0 0.0 0.0 0.0 13.0 6.5 98.2 65.8 33.7 DCRS_-_São_Francisco_de_Paula/Cambará_do_Sul_(865_m) -999.9 -999.9 -999.9 -999.9 -999.9 12.7 4.1 792.0 Rio_Grande_do_Sul DCRS -999.9 0.0 0.0 861.4 861.41 861.1 0 0.01 861.41 861.41 861.41 861.41
-29.264900 -50.314899 DCRS-00084 2026-09-22_12:34 11.6 -999.9 -999.9 72.3 -999.9 -999.9 6.7 -999.9 -999.9 -999.9 -999.9 -999.9 13.4 -999.9 29.5 305.0 0.0 0.0 0.0 0.0 0.0 0.0 13.0 6.5 98.2 65.8 33.7 DCRS_-_São_Francisco_de_Paula/Cambará_do_Sul_(865_m) -999.9 -999.9 -999.9 -999.9 -999.9 12.7 4.1 792.0 Rio_Grande_do_Sul DCRS -999.9 0.0 0.0 861.4 861.41 861.1 0 0.01 861.41 861.41 861.41 861.41
-29.264900 -50.314899 DCRS-00084 2026-09-22_12:35 11.8 -999.9 -999.9 70.6 -999.9 -999.9 6.6 -999.9 -999.9 -999.9 -999.9 -999.9 -999.9 -999.9 26.5 349.0 0.0 0.0 0.0 0.0 0.0 0.0 13.0 6.5 98.2 65.8 33.7 DCRS_-_São_Francisco_de_Paula/Cambará_do_Sul_(865_m) -999.9 -999.9 -999.9 -999.9 -999.9 12.7 4.1 792.0 Rio_Grande_do_Sul DCRS -999.9 0.0 0.0 861.4 861.41 861.1 1 0.02 861.41 861.41 861.41 861.41
-29.264900 -50.314899 DCRS-00084 2026-09-22_12:36 11.7 -999.9 -999.9 68.7 -999.9 -999.9 6.1 -999.9 -999.9 -999.9 -999.9 -999.9 26.4 -999.9 26.5 686.0 0.0 0.0 0.0 0.0 0.0 0.0 13.0 6.5 98.2 65.8 33.7 DCRS_-_São_Francisco_de_Paula/Cambará_do_Sul_(865_m) -999.9 -999.9 -999.9 -999.9 -999.9 12.7 4.1 792.0 Rio_Grande_do_Sul DCRS -999.9 0.0 0.0 861.4 861.41 861.1 1 0.02 861.41 861.41 861.41 861.41
-29.264900 -50.314899 DCRS-00084 2026-09-22_12:37 11.6 -999.9 -999.9 70.7 -999.9 -999.9 6.4 -999.9 -999.9 -999.9 -999.9 -999.9 24.4 -999.9 26.5 684.0 0.0 0.0 0.0 0.0 0.0 0.0 13.0 6.5 98.2 65.8 33.7 DCRS_-_São_Francisco_de_Paula/Cambará_do_Sul_(865_m) -999.9 -999.9 -999.9 -999.9 -999.9 12.7 4.1 792.0 Rio_Grande_do_Sul DCRS -999.9 0.0 0.0 861.4 861.41 861.1 0 0.01 861.41 861.41 861.41 861.41
-29.264900 -50.314899 DCRS-00084 2026-09-22_12:38 11.6 -999.9 -999.9 69.8 -999.9 -999.9 6.2 -999.9 -999.9 -999.9 -999.9 -999.9 21.1 -999.9 26.5 676.0 0.0 0.0 0.0 0.0 0.0 0.0 13.0 6.5 98.2 65.8 33.7 DCRS_-_São_Francisco_de_Paula/Cambará_do_Sul_(865_m) -999.9 -999.9 -999.9 -999.9 -999.9 12.7 4.1 792.0 Rio_Grande_do_Sul DCRS -999.9 0.0 0.0 861.4 861.41 861.1 0 0.02 861.41 861.41 861.41 861.41
-29.264900 -50.314899 DCRS-00084 2026-09-22_12:39 11.6 -999.9 -999.9 71.1 -999.9 -999.9 6.5 -999.9 -999.9 -999.9 -999.9 -999.9 25.1 -999.9 26.5 675.0 0.0 0.0 0.0 0.0 0.0 0.0 13.0 6.5 98.2 65.8 33.7 DCRS_-_São_Francisco_de_Paula/Cambará_do_Sul_(865_m) -999.9 -999.9 -999.9 -999.9 -999.9 12.7 4.1 792.0 Rio_Grande_do_Sul DCRS -999.9 0.0 0.0 861.41 861.41 861.1 0 0.01 861.41 861.41 861.41 861.41
-29.264900 -50.314899 DCRS-00084 2026-09-22_12:40 11.6 -999.9 -999.9 69.8 -999.9 -999.9 6.2 -999.9 -999.9 -999.9 -999.9 -999.9 24.2 -999.9 31.8 693.0 0.0 0.0 0.0 0.0 0.0 0.0 13.0 6.5 98.2 65.8 33.7 DCRS_-_São_Francisco_de_Paula/Cambará_do_Sul_(865_m) -999.9 -999.9 -999.9 -999.9 -999.9 12.7 4.1 792.0 Rio_Grande_do_Sul DCRS -999.9 0.0 0.0 861.38 861.41 861.1 0 -0.01 861.41 861.41 861.41 861.41
-29.264900 -50.314899 DCRS-00084 2026-09-22_12:41 11.6 -999.9 -999.9 69.8 -999.9 -999.9 6.2 -999.9 -999.9 -999.9 -999.9 -999.9 16.9 -999.9 31.8 585.0 0.0 0.0 0.0 0.0 0.0 0.0 13.0 6.5 98.2 65.8 33.7 DCRS_-_São_Francisco_de_Paula/Cambará_do_Sul_(865_m) -999.9 -999.9 -999.9 -999.9 -999.9 12.7 4.1 792.0 Rio_Grande_do_Sul DCRS -999.9 0.0 0.0 861.39 861.41 861.1 0 0.0 861.41 861.41 861.41 861.41
-29.264900 -50.314899 DCRS-00084 2026-09-22_12:42 11.6 -999.9 -999.9 71.0 -999.9 -999.9 6.5 -999.9 -999.9 -999.9 -999.9 -999.9 24.7 -999.9 31.8 163.0 0.0 0.0 0.0 0.0 0.0 0.0 13.0 6.5 98.2 65.8 33.7 DCRS_-_São_Francisco_de_Paula/Cambará_do_Sul_(865_m) -999.9 -999.9 -999.9 -999.9 -999.9 12.7 4.1 792.0 Rio_Grande_do_Sul DCRS -999.9 0.0 0.0 861.4 861.41 861.1 0 0.01 861.41 861.41 861.41 861.41
-29.264900 -50.314899 DCRS-00084 2026-09-22_12:43 11.7 -999.9 -999.9 69.4 -999.9 -999.9 6.2 -999.9 -999.9 -999.9 -999.9 -999.9 28.1 -999.9 31.8 690.0 0.0 0.0 0.0 0.0 0.0 0.0 13.0 6.5 98.2 65.8 33.7 DCRS_-_São_Francisco_de_Paula/Cambará_do_Sul_(865_m) -999.9 -999.9 -999.9 -999.9 -999.9 12.7 4.1 792.0 Rio_Grande_do_Sul DCRS -999.9 0.0 0.0 861.4 861.41 861.1 0 0.01 861.41 861.41 861.41 861.41
-29.264900 -50.314899 DCRS-00084 2026-09-22_12:44 11.6 -999.9 -999.9 67.4 -999.9 -999.9 5.7 -999.9 -999.9 -999.9 -999.9 -999.9 27.0 -999.9 31.8 678.0 0.0 0.0 0.0 0.0 0.0 0.0 13.0 6.5 98.2 65.8 33.7 DCRS_-_São_Francisco_de_Paula/Cambará_do_Sul_(865_m) -999.9 -999.9 -999.9 -999.9 -999.9 12.7 4.1 792.0 Rio_Grande_do_Sul DCRS -999.9 0.0 0.0 861.41 861.41 861.1 0 0.02 861.41 861.41 861.41 861.41
-29.264900 -50.314899 DCRS-00084 2026-09-22_12:45 11.7 -999.9 -999.9 69.6 -999.9 -999.9 6.3 -999.9 -999.9 -999.9 -999.9 -999.9 19.7 -999.9 32.7 692.0 0.0 0.0 0.0 0.0 0.0 0.0 13.0 6.5 98.2 65.8 33.7 DCRS_-_São_Francisco_de_Paula/Cambará_do_Sul_(865_m) -999.9 -999.9 -999.9 -999.9 -999.9 12.7 4.1 792.0 Rio_Grande_do_Sul DCRS -999.9 0.0 0.0 861.41 861.41 861.1 0 0.02 861.41 861.41 861.41 861.41
-29.264900 -50.314899 DCRS-00084 2026-09-22_12:46 11.7 -999.9 -999.9 66.3 -999.9 -999.9 5.6 -999.9 -999.9 -999.9 -999.9 -999.9 23.0 -999.9 32.7 555.0 0.0 0.0 0.0 0.0 0.0 0.0 13.0 6.5 98.2 65.8 33.7 DCRS_-_São_Francisco_de_Paula/Cambará_do_Sul_(865_m) -999.9 -999.9 -999.9 -999.9 -999.9 12.7 4.1 792.0 Rio_Grande_do_Sul DCRS -999.9 0.0 0.0 861.41 861.41 861.1 0 0.02 861.41 861.41 861.41 861.41
-29.264900 -50.314899 DCRS-00084 2026-09-22_12:47 11.7 -999.9 -999.9 68.4 -999.9 -999.9 6.0 -999.9 -999.9 -999.9 -999.9 -999.9 14.0 -999.9 32.7 532.0 0.0 0.0 0.0 0.0 0.0 0.0 13.0 6.5 98.2 65.8 33.7 DCRS_-_São_Francisco_de_Paula/Cambará_do_Sul_(865_m) -999.9 -999.9 -999.9 -999.9 -999.9 12.7 4.1 792.0 Rio_Grande_do_Sul DCRS -999.9 0.0 0.0 861.4 861.41 861.1 0 0.01 861.41 861.41 861.41 861.41
-29.264900 -50.314899 DCRS-00084 2026-09-22_12:48 11.7 -999.9 -999.9 69.8 -999.9 -999.9 6.3 -999.9 -999.9 -999.9 -999.9 -999.9 18.6 -999.9 32.7 650.0 0.0 0.0 0.0 0.0 0.0 0.0 13.0 6.5 98.2 65.8 33.7 DCRS_-_São_Francisco_de_Paula/Cambará_do_Sul_(865_m) -999.9 -999.9 -999.9 -999.9 -999.9 12.7 4.1 792.0 Rio_Grande_do_Sul DCRS -999.9 0.0 0.0 861.4 861.41 861.1 0 0.01 861.41 861.41 861.41 861.41
-29.264900 -50.314899 DCRS-00084 2026-09-22_12:49 11.8 -999.9 -999.9 67.6 -999.9 -999.9 5.9 -999.9 -999.9 -999.9 -999.9 -999.9 19.8 -999.9 32.7 488.0 0.0 0.0 0.0 0.0 0.0 0.0 13.0 6.5 98.2 65.8 33.7 DCRS_-_São_Francisco_de_Paula/Cambará_do_Sul_(865_m) -999.9 -999.9 -999.9 -999.9 -999.9 12.7 4.1 792.0 Rio_Grande_do_Sul DCRS -999.9 0.0 0.0 861.39 861.41 861.1 0 0.0 861.41 861.41 861.41 861.41
-29.264900 -50.314899 DCRS-00084 2026-09-22_12:50 11.8 -999.9 -999.9 70.0 -999.9 -999.9 6.5 -999.9 -999.9 -999.9 -999.9 -999.9 18.9 -999.9 26.4 636.0 0.0 0.0 0.0 0.0 0.0 0.0 13.0 6.5 98.2 65.8 33.7 DCRS_-_São_Francisco_de_Paula/Cambará_do_Sul_(865_m) -999.9 -999.9 -999.9 -999.9 -999.9 12.7 4.1 792.0 Rio_Grande_do_Sul DCRS -999.9 0.0 0.0 861.4 861.41 861.1 0 0.01 861.41 861.41 861.41 861.41
-29.264900 -50.314899 DCRS-00084 2026-09-22_12:51 11.9 -999.9 -999.9 68.0 -999.9 -999.9 6.1 -999.9 -999.9 -999.9 -999.9 -999.9 24.6 -999.9 26.4 633.0 0.0 0.0 0.0 0.0 0.0 0.0 13.0 6.5 98.2 65.8 33.7 DCRS_-_São_Francisco_de_Paula/Cambará_do_Sul_(865_m) -999.9 -999.9 -999.9 -999.9 -999.9 12.7 4.1 792.0 Rio_Grande_do_Sul DCRS -999.9 0.0 0.0 861.4 861.41 861.1 0 0.01 861.41 861.41 861.41 861.41
-29.264900 -50.314899 DCRS-00084 2026-09-22_12:52 11.9 -999.9 -999.9 68.7 -999.9 -999.9 6.3 -999.9 -999.9 -999.9 -999.9 -999.9 22.0 -999.9 26.4 651.0 0.0 0.0 0.0 0.0 0.0 0.0 13.0 6.5 98.2 65.8 33.7 DCRS_-_São_Francisco_de_Paula/Cambará_do_Sul_(865_m) -999.9 -999.9 -999.9 -999.9 -999.9 12.7 4.1 792.0 Rio_Grande_do_Sul DCRS -999.9 0.0 0.0 861.4 861.41 861.1 0 0.01 861.41 861.41 861.41 861.41
-29.264900 -50.314899 DCRS-00084 2026-09-22_12:53 11.9 -999.9 -999.9 69.0 -999.9 -999.9 6.3 -999.9 -999.9 -999.9 -999.9 -999.9 19.5 -999.9 26.4 652.0 0.0 0.0 0.0 0.0 0.0 0.0 13.0 6.5 98.2 65.8 33.7 DCRS_-_São_Francisco_de_Paula/Cambará_do_Sul_(865_m) -999.9 -999.9 -999.9 -999.9 -999.9 12.7 4.1 792.0 Rio_Grande_do_Sul DCRS -999.9 0.0 0.0 861.41 861.41 861.1 0 0.02 861.41 861.41 861.41 861.41
-29.264900 -50.314899 DCRS-00084 2026-09-22_12:54 12.0 -999.9 -999.9 69.1 -999.9 -999.9 6.5 -999.9 -999.9 -999.9 -999.9 -999.9 14.6 -999.9 26.4 668.0 0.0 0.0 0.0 0.0 0.0 0.0 13.0 6.5 98.2 65.8 33.7 DCRS_-_São_Francisco_de_Paula/Cambará_do_Sul_(865_m) -999.9 -999.9 -999.9 -999.9 -999.9 12.7 4.1 792.0 Rio_Grande_do_Sul DCRS -999.9 0.0 0.0 861.41 861.41 861.1 0 0.01 861.41 861.41 861.41 861.41
-29.264900 -50.314899 DCRS-00084 2026-09-22_12:55 12.1 -999.9 -999.9 69.3 -999.9 -999.9 6.6 -999.9 -999.9 -999.9 -999.9 -999.9 15.8 -999.9 29.7 673.0 0.0 0.0 0.0 0.0 0.0 0.0 13.0 6.5 98.2 65.8 33.7 DCRS_-_São_Francisco_de_Paula/Cambará_do_Sul_(865_m) -999.9 -999.9 -999.9 -999.9 -999.9 12.7 4.1 792.0 Rio_Grande_do_Sul DCRS -999.9 0.0 0.0 861.41 861.41 861.1 0 0.02 861.41 861.41 861.41 861.41
-29.264900 -50.314899 DCRS-00084 2026-09-22_12:56 12.1 -999.9 -999.9 65.8 -999.9 -999.9 5.8 -999.9 -999.9 -999.9 -999.9 -999.9 -999.9 -999.9 29.7 665.0 0.0 0.0 0.0 0.0 0.0 0.0 13.0 6.5 98.2 65.8 33.7 DCRS_-_São_Francisco_de_Paula/Cambará_do_Sul_(865_m) -999.9 -999.9 -999.9 -999.9 -999.9 12.7 4.1 792.0 Rio_Grande_do_Sul DCRS -999.9 0.0 0.0 861.41 861.41 861.1 0 0.02 861.41 861.41 861.41 861.41
-29.264900 -50.314899 DCRS-00084 2026-09-22_12:57 11.8 -999.9 -999.9 66.2 -999.9 -999.9 5.6 -999.9 -999.9 -999.9 -999.9 -999.9 19.2 -999.9 29.7 632.0 0.0 0.0 0.0 0.0 0.0 0.0 13.0 6.5 98.2 65.8 33.7 DCRS_-_São_Francisco_de_Paula/Cambará_do_Sul_(865_m) -999.9 -999.9 -999.9 -999.9 -999.9 12.7 4.1 792.0 Rio_Grande_do_Sul DCRS -999.9 0.0 0.0 861.41 861.41 861.1 0 0.02 861.41 861.41 861.41 861.41
-29.264900 -50.314899 DCRS-00084 2026-09-22_12:58 12.0 -999.9 -999.9 70.2 -999.9 -999.9 6.7 -999.9 -999.9 -999.9 -999.9 -999.9 10.2 -999.9 29.7 639.0 0.0 0.0 0.0 0.0 0.0 0.0 13.0 6.5 98.2 65.8 33.7 DCRS_-_São_Francisco_de_Paula/Cambará_do_Sul_(865_m) -999.9 -999.9 -999.9 -999.9 -999.9 12.7 4.1 792.0 Rio_Grande_do_Sul DCRS -999.9 0.0 0.0 861.41 861.41 861.1 0 0.02 861.41 861.41 861.41 861.41
-29.264900 -50.314899 DCRS-00084 2026-09-22_12:59 12.2 -999.9 -999.9 71.5 -999.9 -999.9 7.1 -999.9 -999.9 -999.9 -999.9 -999.9 14.3 -999.9 29.7 629.0 0.0 0.0 0.0 0.0 0.0 0.0 13.0 6.5 98.2 65.8 33.7 DCRS_-_São_Francisco_de_Paula/Cambará_do_Sul_(865_m) -999.9 -999.9 -999.9 -999.9 -999.9 12.7 4.1 792.0 Rio_Grande_do_Sul DCRS -999.9 0.0 0.0 861.41 861.41 861.1 0 0.01 861.41 861.41 861.41 861.41
-29.264900 -50.314899 DCRS-00084 2026-09-22_13:00 12.2 -999.9 -999.9 68.4 -999.9 -999.9 6.5 -999.9 -999.9 -999.9 -999.9 -999.9 14.3 -999.9 35.6 628.0 0.0 0.0 0.0 0.0 0.0 0.0 13.0 6.5 98.2 65.8 35.6 DCRS_-_São_Francisco_de_Paula/Cambará_do_Sul_(865_m) -999.9 -999.9 -999.9 -999.9 -999.9 12.7 4.1 792.0 Rio_Grande_do_Sul DCRS -999.9 0.0 0.0 861.41 861.41 861.1 0 0.02 861.41 861.41 861.41 861.41
-29.264900 -50.314899 DCRS-00084 2026-09-22_13:01 12.1 -999.9 -999.9 68.6 -999.9 -999.9 6.4 -999.9 -999.9 -999.9 -999.9 -999.9 14.5 -999.9 35.6 633.0 0.0 0.0 0.0 0.0 0.0 0.0 13.0 6.5 98.2 65.8 35.6 DCRS_-_São_Francisco_de_Paula/Cambará_do_Sul_(865_m) -999.9 -999.9 -999.9 -999.9 -999.9 12.7 4.1 792.0 Rio_Grande_do_Sul DCRS -999.9 0.0 0.0 861.41 861.41 861.1 0 0.01 861.41 861.41 861.41 861.41
-29.264900 -50.314899 DCRS-00084 2026-09-22_13:02 12.0 -999.9 -999.9 68.1 -999.9 -999.9 6.2 -999.9 -999.9 -999.9 -999.9 -999.9 17.4 -999.9 35.6 672.0 0.0 0.0 0.0 0.0 0.0 0.0 13.0 6.5 98.2 65.8 35.6 DCRS_-_São_Francisco_de_Paula/Cambará_do_Sul_(865_m) -999.9 -999.9 -999.9 -999.9 -999.9 12.7 4.1 792.0 Rio_Grande_do_Sul DCRS -999.9 0.0 0.0 861.41 861.41 861.1 1 0.02 861.41 861.41 861.41 861.41
-29.264900 -50.314899 DCRS-00084 2026-09-22_13:03 11.9 -999.9 -999.9 68.7 -999.9 -999.9 6.3 -999.9 -999.9 -999.9 -999.9 -999.9 24.8 -999.9 35.6 235.0 0.0 0.0 0.0 0.0 0.0 0.0 13.0 6.5 98.2 65.8 35.6 DCRS_-_São_Francisco_de_Paula/Cambará_do_Sul_(865_m) -999.9 -999.9 -999.9 -999.9 -999.9 12.7 4.1 792.0 Rio_Grande_do_Sul DCRS -999.9 0.0 0.0 861.41 861.41 861.1 0 0.01 861.41 861.41 861.41 861.41
-29.264900 -50.314899 DCRS-00084 2026-09-22_13:04 11.9 -999.9 -999.9 69.7 -999.9 -999.9 6.5 -999.9 -999.9 -999.9 -999.9 -999.9 34.0 -999.9 35.6 681.0 0.0 0.0 0.0 0.0 0.0 0.0 13.0 6.5 98.2 65.8 35.6 DCRS_-_São_Francisco_de_Paula/Cambará_do_Sul_(865_m) -999.9 -999.9 -999.9 -999.9 -999.9 12.7 4.1 792.0 Rio_Grande_do_Sul DCRS -999.9 0.0 0.0 861.41 861.41 861.1 1 0.01 861.41 861.41 861.41 861.41
-29.264900 -50.314899 DCRS-00084 2026-09-22_13:05 11.9 -999.9 -999.9 69.4 -999.9 -999.9 6.4 -999.9 -999.9 -999.9 -999.9 -999.9 22.6 -999.9 34.0 675.0 0.0 0.0 0.0 0.0 0.0 0.0 13.0 6.5 98.2 65.8 35.6 DCRS_-_São_Francisco_de_Paula/Cambará_do_Sul_(865_m) -999.9 -999.9 -999.9 -999.9 -999.9 12.7 4.1 792.0 Rio_Grande_do_Sul DCRS -999.9 0.0 0.0 861.41 861.41 861.1 1 0.01 861.41 861.41 861.41 861.41
-29.264900 -50.314899 DCRS-00084 2026-09-22_13:06 11.9 -999.9 -999.9 69.2 -999.9 -999.9 6.4 -999.9 -999.9 -999.9 -999.9 -999.9 12.6 -999.9 34.0 667.0 0.0 0.0 0.0 0.0 0.0 0.0 13.0 6.5 98.2 65.8 35.6 DCRS_-_São_Francisco_de_Paula/Cambará_do_Sul_(865_m) -999.9 -999.9 -999.9 -999.9 -999.9 12.7 4.1 792.0 Rio_Grande_do_Sul DCRS -999.9 0.0 0.0 861.4 861.41 861.1 1 0.01 861.41 861.41 861.41 861.41
-29.264900 -50.314899 DCRS-00084 2026-09-22_13:07 11.9 -999.9 -999.9 69.8 -999.9 -999.9 6.5 -999.9 -999.9 -999.9 -999.9 -999.9 10.3 -999.9 34.0 687.0 0.0 0.0 0.0 0.0 0.0 0.0 13.0 6.5 98.2 65.8 35.6 DCRS_-_São_Francisco_de_Paula/Cambará_do_Sul_(865_m) -999.9 -999.9 -999.9 -999.9 -999.9 12.7 4.1 792.0 Rio_Grande_do_Sul DCRS -999.9 0.0 0.0 861.41 861.41 861.1 1 0.01 861.41 861.41 861.41 861.41
-29.264900 -50.314899 DCRS-00084 2026-09-22_13:08 12.1 -999.9 -999.9 72.2 -999.9 -999.9 7.2 -999.9 -999.9 -999.9 -999.9 -999.9 21.0 -999.9 34.0 221.0 0.0 0.0 0.0 0.0 0.0 0.0 13.0 6.5 98.2 65.8 35.6 DCRS_-_São_Francisco_de_Paula/Cambará_do_Sul_(865_m) -999.9 -999.9 -999.9 -999.9 -999.9 12.7 4.1 792.0 Rio_Grande_do_Sul DCRS -999.9 0.0 0.0 861.41 861.41 861.1 1 0.01 861.41 861.41 861.41 861.41
-29.264900 -50.314899 DCRS-00084 2026-09-22_13:09 12.0 -999.9 -999.9 67.9 -999.9 -999.9 6.2 -999.9 -999.9 -999.9 -999.9 -999.9 21.3 -999.9 34.0 567.0 0.0 0.0 0.0 0.0 0.0 0.0 13.0 6.5 98.2 65.8 35.6 DCRS_-_São_Francisco_de_Paula/Cambará_do_Sul_(865_m) -999.9 -999.9 -999.9 -999.9 -999.9 12.7 4.1 792.0 Rio_Grande_do_Sul DCRS -999.9 0.0 0.0 861.41 861.41 861.1 1 0.01 861.41 861.41 861.41 861.41
-29.264900 -50.314899 DCRS-00084 2026-09-22_13:10 12.0 -999.9 -999.9 69.3 -999.9 -999.9 6.5 -999.9 -999.9 -999.9 -999.9 -999.9 14.2 -999.9 28.5 632.0 0.0 0.0 0.0 0.0 0.0 0.0 13.0 6.5 98.2 65.8 35.6 DCRS_-_São_Francisco_de_Paula/Cambará_do_Sul_(865_m) -999.9 -999.9 -999.9 -999.9 -999.9 12.7 4.1 792.0 Rio_Grande_do_Sul DCRS -999.9 0.0 0.0 861.41 861.41 861.1 1 0.01 861.41 861.41 861.41 861.41
-29.264900 -50.314899 DCRS-00084 2026-09-22_13:11 12.0 -999.9 -999.9 68.7 -999.9 -999.9 6.4 -999.9 -999.9 -999.9 -999.9 -999.9 -999.9 -999.9 28.5 557.0 0.0 0.0 0.0 0.0 0.0 0.0 13.0 6.5 98.2 65.8 35.6 DCRS_-_São_Francisco_de_Paula/Cambará_do_Sul_(865_m) -999.9 -999.9 -999.9 -999.9 -999.9 12.7 4.1 792.0 Rio_Grande_do_Sul DCRS -999.9 0.0 0.0 861.41 861.41 861.1 1 0.01 861.41 861.41 861.41 861.41
-29.264900 -50.314899 DCRS-00084 2026-09-22_13:12 12.0 -999.9 -999.9 69.6 -999.9 -999.9 6.6 -999.9 -999.9 -999.9 -999.9 -999.9 15.3 -999.9 28.5 641.0 0.0 0.0 0.0 0.0 0.0 0.0 13.0 6.5 98.2 65.8 35.6 DCRS_-_São_Francisco_de_Paula/Cambará_do_Sul_(865_m) -999.9 -999.9 -999.9 -999.9 -999.9 12.7 4.1 792.0 Rio_Grande_do_Sul DCRS -999.9 0.0 0.0 861.41 861.41 861.1 1 0.01 861.41 861.41 861.41 861.41
-29.264900 -50.314899 DCRS-00084 2026-09-22_13:13 12.1 -999.9 -999.9 67.0 -999.9 -999.9 6.1 -999.9 -999.9 -999.9 -999.9 -999.9 17.4 -999.9 28.5 591.0 0.0 0.0 0.0 0.0 0.0 0.0 13.0 6.5 98.2 65.8 35.6 DCRS_-_São_Francisco_de_Paula/Cambará_do_Sul_(865_m) -999.9 -999.9 -999.9 -999.9 -999.9 12.7 4.1 792.0 Rio_Grande_do_Sul DCRS -999.9 0.0 0.0 861.41 861.41 861.1 1 0.0 861.41 861.41 861.41 861.41
-29.264900 -50.314899 DCRS-00084 2026-09-22_13:14 12.1 -999.9 -999.9 68.6 -999.9 -999.9 6.4 -999.9 -999.9 -999.9 -999.9 -999.9 13.3 -999.9 28.5 583.0 0.0 0.0 0.0 0.0 0.0 0.0 13.0 6.5 98.2 65.8 35.6 DCRS_-_São_Francisco_de_Paula/Cambará_do_Sul_(865_m) -999.9 -999.9 -999.9 -999.9 -999.9 12.7 4.1 792.0 Rio_Grande_do_Sul DCRS -999.9 0.0 0.0 861.41 861.41 861.1 1 0.0 861.41 861.41 861.41 861.41
-29.264900 -50.314899 DCRS-00084 2026-09-22_13:15 12.2 -999.9 -999.9 68.1 -999.9 -999.9 6.4 -999.9 -999.9 -999.9 -999.9 -999.9 19.6 -999.9 32.0 561.0 0.0 0.0 0.0 0.0 0.0 0.0 13.0 6.5 98.2 65.8 35.6 DCRS_-_São_Francisco_de_Paula/Cambará_do_Sul_(865_m) -999.9 -999.9 -999.9 -999.9 -999.9 12.7 4.1 792.0 Rio_Grande_do_Sul DCRS -999.9 0.0 0.0 861.41 861.41 861.1 1 0.01 861.41 861.41 861.41 861.41
-29.264900 -50.314899 DCRS-00084 2026-09-22_13:16 12.2 -999.9 -999.9 67.5 -999.9 -999.9 6.3 -999.9 -999.9 -999.9 -999.9 -999.9 22.1 -999.9 32.0 601.0 0.0 0.0 0.0 0.0 0.0 0.0 13.0 6.5 98.2 65.8 35.6 DCRS_-_São_Francisco_de_Paula/Cambará_do_Sul_(865_m) -999.9 -999.9 -999.9 -999.9 -999.9 12.7 4.1 792.0 Rio_Grande_do_Sul DCRS -999.9 0.0 0.0 861.41 861.41 861.1 1 0.01 861.41 861.41 861.41 861.41
-29.264900 -50.314899 DCRS-00084 2026-09-22_13:17 12.1 -999.9 -999.9 66.7 -999.9 -999.9 6.0 -999.9 -999.9 -999.9 -999.9 -999.9 22.8 -999.9 32.0 601.0 0.0 0.0 0.0 0.0 0.0 0.0 13.0 6.5 98.2 65.8 35.6 DCRS_-_São_Francisco_de_Paula/Cambará_do_Sul_(865_m) -999.9 -999.9 -999.9 -999.9 -999.9 12.7 4.1 792.0 Rio_Grande_do_Sul DCRS -999.9 0.0 0.0 861.41 861.41 861.1 1 0.01 861.41 861.41 861.41 861.41
-29.264900 -50.314899 DCRS-00084 2026-09-22_13:18 12.1 -999.9 -999.9 67.9 -999.9 -999.9 6.3 -999.9 -999.9 -999.9 -999.9 -999.9 16.5 -999.9 32.0 632.0 0.0 0.0 0.0 0.0 0.0 0.0 13.0 6.5 98.2 65.8 35.6 DCRS_-_São_Francisco_de_Paula/Cambará_do_Sul_(865_m) -999.9 -999.9 -999.9 -999.9 -999.9 12.7 4.1 792.0 Rio_Grande_do_Sul DCRS -999.9 0.0 0.0 861.41 861.41 861.1 1 0.01 861.41 861.41 861.41 861.41
-29.264900 -50.314899 DCRS-00084 2026-09-22_13:19 11.9 -999.9 -999.9 66.4 -999.9 -999.9 5.8 -999.9 -999.9 -999.9 -999.9 -999.9 26.5 -999.9 32.0 670.0 0.0 0.0 0.0 0.0 0.0 0.0 13.0 6.5 98.2 65.8 35.6 DCRS_-_São_Francisco_de_Paula/Cambará_do_Sul_(865_m) -999.9 -999.9 -999.9 -999.9 -999.9 12.7 4.1 792.0 Rio_Grande_do_Sul DCRS -999.9 0.0 0.0 861.41 861.41 861.1 1 0.02 861.41 861.41 861.41 861.41
-29.264900 -50.314899 DCRS-00084 2026-09-22_13:20 11.9 -999.9 -999.9 68.5 -999.9 -999.9 6.2 -999.9 -999.9 -999.9 -999.9 -999.9 16.7 -999.9 30.4 347.0 0.0 0.0 0.0 0.0 0.0 0.0 13.0 6.5 98.2 65.8 35.6 DCRS_-_São_Francisco_de_Paula/Cambará_do_Sul_(865_m) -999.9 -999.9 -999.9 -999.9 -999.9 12.7 4.1 792.0 Rio_Grande_do_Sul DCRS -999.9 0.0 0.0 861.41 861.41 861.1 1 0.01 861.41 861.41 861.41 861.41
-29.264900 -50.314899 DCRS-00084 2026-09-22_13:21 11.8 -999.9 -999.9 68.7 -999.9 -999.9 6.2 -999.9 -999.9 -999.9 -999.9 -999.9 11.7 -999.9 30.4 249.0 0.0 0.0 0.0 0.0 0.0 0.0 13.0 6.5 98.2 65.8 35.6 DCRS_-_São_Francisco_de_Paula/Cambará_do_Sul_(865_m) -999.9 -999.9 -999.9 -999.9 -999.9 12.7 4.1 792.0 Rio_Grande_do_Sul DCRS -999.9 0.0 0.0 861.41 861.41 861.1 1 0.01 861.41 861.41 861.41 861.41
-29.264900 -50.314899 DCRS-00084 2026-09-22_13:22 11.7 -999.9 -999.9 67.1 -999.9 -999.9 5.7 -999.9 -999.9 -999.9 -999.9 -999.9 27.7 -999.9 30.4 263.0 0.0 0.0 0.0 0.0 0.0 0.0 13.0 6.5 98.2 65.8 35.6 DCRS_-_São_Francisco_de_Paula/Cambará_do_Sul_(865_m) -999.9 -999.9 -999.9 -999.9 -999.9 12.7 4.1 792.0 Rio_Grande_do_Sul DCRS -999.9 0.0 0.0 861.41 861.41 861.1 1 0.01 861.41 861.41 861.41 861.41
-29.264900 -50.314899 DCRS-00084 2026-09-22_13:23 11.5 -999.9 -999.9 68.6 -999.9 -999.9 5.9 -999.9 -999.9 -999.9 -999.9 -999.9 23.8 -999.9 30.4 313.0 0.0 0.0 0.0 0.0 0.0 0.0 13.0 6.5 98.2 65.8 35.6 DCRS_-_São_Francisco_de_Paula/Cambará_do_Sul_(865_m) -999.9 -999.9 -999.9 -999.9 -999.9 12.7 4.1 792.0 Rio_Grande_do_Sul DCRS -999.9 0.0 0.0 861.41 861.41 861.1 1 0.01 861.41 861.41 861.41 861.41
-29.264900 -50.314899 DCRS-00084 2026-09-22_13:24 11.4 -999.9 -999.9 70.1 -999.9 -999.9 6.1 -999.9 -999.9 -999.9 -999.9 -999.9 17.3 -999.9 30.4 211.0 0.0 0.0 0.0 0.0 0.0 0.0 13.0 6.5 98.2 65.8 35.6 DCRS_-_São_Francisco_de_Paula/Cambará_do_Sul_(865_m) -999.9 -999.9 -999.9 -999.9 -999.9 12.7 4.1 792.0 Rio_Grande_do_Sul DCRS -999.9 0.0 0.0 861.41 861.41 861.1 1 0.01 861.41 861.41 861.41 861.41
-29.264900 -50.314899 DCRS-00084 2026-09-22_13:25 11.5 -999.9 -999.9 69.3 -999.9 -999.9 6.0 -999.9 -999.9 -999.9 -999.9 -999.9 13.8 -999.9 34.4 227.0 0.0 0.0 0.0 0.0 0.0 0.0 13.0 6.5 98.2 65.8 35.6 DCRS_-_São_Francisco_de_Paula/Cambará_do_Sul_(865_m) -999.9 -999.9 -999.9 -999.9 -999.9 12.7 4.1 792.0 Rio_Grande_do_Sul DCRS -999.9 0.0 0.0 861.41 861.41 861.1 1 0.02 861.41 861.41 861.41 861.41
-29.264900 -50.314899 DCRS-00084 2026-09-22_13:26 11.4 -999.9 -999.9 67.7 -999.9 -999.9 5.6 -999.9 -999.9 -999.9 -999.9 -999.9 20.4 -999.9 34.4 694.0 0.0 0.0 0.0 0.0 0.0 0.0 13.0 6.5 98.2 65.8 35.6 DCRS_-_São_Francisco_de_Paula/Cambará_do_Sul_(865_m) -999.9 -999.9 -999.9 -999.9 -999.9 12.7 4.1 792.0 Rio_Grande_do_Sul DCRS -999.9 0.0 0.0 861.41 861.41 861.1 1 0.01 861.41 861.41 861.41 861.41
-29.264900 -50.314899 DCRS-00084 2026-09-22_13:27 11.5 -999.9 -999.9 70.5 -999.9 -999.9 6.3 -999.9 -999.9 -999.9 -999.9 -999.9 13.5 -999.9 34.4 229.0 0.0 0.0 0.0 0.0 0.0 0.0 13.0 6.5 98.2 65.8 35.6 DCRS_-_São_Francisco_de_Paula/Cambará_do_Sul_(865_m) -999.9 -999.9 -999.9 -999.9 -999.9 12.7 4.1 792.0 Rio_Grande_do_Sul DCRS -999.9 0.0 0.0 861.41 861.41 861.1 1 0.01 861.41 861.41 861.41 861.41
-29.264900 -50.314899 DCRS-00084 2026-09-22_13:28 11.6 -999.9 -999.9 71.2 -999.9 -999.9 -999.9 -999.9 -999.9 -999.9 -999.9 -999.9 9.4 -999.9 34.4 218.0 0.0 0.0 0.0 0.0 0.0 0.0 13.0 6.5 98.2 65.8 35.6 DCRS_-_São_Francisco_de_Paula/Cambará_do_Sul_(865_m) -999.9 -999.9 -999.9 -999.9 -999.9 12.7 4.1 792.0 Rio_Grande_do_Sul DCRS -999.9 0.0 0.0 861.42 861.42 861.1 1 0.02 861.42 861.42 861.42 861.42
-29.264900 -50.314899 DCRS-00084 2026-09-22_13:29 11.7 -999.9 -999.9 68.6 -999.9 -999.9 6.1 -999.9 -999.9 -999.9 -999.9 -999.9 7.3 -999.9 34.4 194.0 0.0 0.0 0.0 0.0 0.0 0.0 13.0 6.5 98.2 65.8 35.6 DCRS_-_São_Francisco_de_Paula/Cambará_do_Sul_(865_m) -999.9 -999.9 -999.9 -999.9 -999.9 12.7 4.1 792.0 Rio_Grande_do_Sul DCRS -999.9 0.0 0.0 861.41 861.42 861.1 1 0.01 861.42 861.42 861.42 861.42
-29.264900 -50.314899 DCRS-00084 2026-09-22_13:30 11.5 -999.9 -999.9 68.5 -999.9 -999.9 5.8 -999.9 -999.9 -999.9 -999.9 -999.9 18.3 -999.9 32.0 181.0 0.0 0.0 0.0 0.0 0.0 0.0 13.0 6.5 98.2 65.8 35.6 DCRS_-_São_Francisco_de_Paula/Cambará_do_Sul_(865_m) -999.9 -999.9 -999.9 -999.9 -999.9 12.7 4.1 792.0 Rio_Grande_do_Sul DCRS -999.9 0.0 0.0 861.41 861.42 861.1 1 0.01 861.42 861.42 861.42 861.42
-29.264900 -50.314899 DCRS-00084 2026-09-22_13:31 11.5 -999.9 -999.9 69.3 -999.9 -999.9 6.0 -999.9 -999.9 -999.9 -999.9 -999.9 20.2 -999.9 32.0 201.0 0.0 0.0 0.0 0.0 0.0 0.0 13.0 6.5 98.2 65.8 35.6 DCRS_-_São_Francisco_de_Paula/Cambará_do_Sul_(865_m) -999.9 -999.9 -999.9 -999.9 -999.9 12.7 4.1 792.0 Rio_Grande_do_Sul DCRS -999.9 0.0 0.0 861.41 861.42 861.1 1 0.01 861.42 861.42 861.42 861.42
-29.264900 -50.314899 DCRS-00084 2026-09-22_13:32 11.4 -999.9 -999.9 69.7 -999.9 -999.9 6.0 -999.9 -999.9 -999.9 -999.9 -999.9 18.5 -999.9 32.0 232.0 0.0 0.0 0.0 0.0 0.0 0.0 13.0 6.5 98.2 65.8 35.6 DCRS_-_São_Francisco_de_Paula/Cambará_do_Sul_(865_m) -999.9 -999.9 -999.9 -999.9 -999.9 12.7 4.1 792.0 Rio_Grande_do_Sul DCRS -999.9 0.0 0.0 861.41 861.42 861.1 1 0.01 861.42 861.42 861.42 861.42
-29.264900 -50.314899 DCRS-00084 2026-09-22_13:33 11.4 -999.9 -999.9 69.4 -999.9 -999.9 5.9 -999.9 -999.9 -999.9 -999.9 -999.9 20.3 -999.9 32.0 700.0 0.0 0.0 0.0 0.0 0.0 0.0 13.0 6.5 98.2 65.8 35.6 DCRS_-_São_Francisco_de_Paula/Cambará_do_Sul_(865_m) -999.9 -999.9 -999.9 -999.9 -999.9 12.7 4.1 792.0 Rio_Grande_do_Sul DCRS -999.9 0.0 0.0 861.41 861.42 861.1 1 0.01 861.42 861.42 861.42 861.42
-29.264900 -50.314899 DCRS-00084 2026-09-22_13:34 11.5 -999.9 -999.9 69.4 -999.9 -999.9 6.0 -999.9 -999.9 -999.9 -999.9 -999.9 21.7 -999.9 32.0 657.0 0.0 0.0 0.0 0.0 0.0 0.0 13.0 6.5 98.2 65.8 35.6 DCRS_-_São_Francisco_de_Paula/Cambará_do_Sul_(865_m) -999.9 -999.9 -999.9 -999.9 -999.9 12.7 4.1 792.0 Rio_Grande_do_Sul DCRS -999.9 0.0 0.0 861.41 861.42 861.1 1 0.01 861.42 861.42 861.42 861.42
-29.264900 -50.314899 DCRS-00084 2026-09-22_13:35 11.6 -999.9 -999.9 68.9 -999.9 -999.9 6.0 -999.9 -999.9 -999.9 -999.9 -999.9 -999.9 -999.9 29.7 645.0 0.0 0.0 0.0 0.0 0.0 0.0 13.0 6.5 98.2 65.8 35.6 DCRS_-_São_Francisco_de_Paula/Cambará_do_Sul_(865_m) -999.9 -999.9 -999.9 -999.9 -999.9 12.7 4.1 792.0 Rio_Grande_do_Sul DCRS -999.9 0.0 0.0 861.41 861.42 861.1 1 0.01 861.42 861.42 861.42 861.42
-29.264900 -50.314899 DCRS-00084 2026-09-22_13:36 11.8 -999.9 -999.9 69.6 -999.9 -999.9 6.4 -999.9 -999.9 -999.9 -999.9 -999.9 16.7 -999.9 29.7 653.0 0.0 0.0 0.0 0.0 0.0 0.0 13.0 6.5 98.2 65.8 35.6 DCRS_-_São_Francisco_de_Paula/Cambará_do_Sul_(865_m) -999.9 -999.9 -999.9 -999.9 -999.9 12.7 4.1 792.0 Rio_Grande_do_Sul DCRS -999.9 0.0 0.0 861.41 861.42 861.1 1 0.01 861.42 861.42 861.42 861.42
-29.264900 -50.314899 DCRS-00084 2026-09-22_13:37 11.8 -999.9 -999.9 68.0 -999.9 -999.9 6.0 -999.9 -999.9 -999.9 -999.9 -999.9 28.1 -999.9 29.7 651.0 0.0 0.0 0.0 0.0 0.0 0.0 13.0 6.5 98.2 65.8 35.6 DCRS_-_São_Francisco_de_Paula/Cambará_do_Sul_(865_m) -999.9 -999.9 -999.9 -999.9 -999.9 12.7 4.1 792.0 Rio_Grande_do_Sul DCRS -999.9 0.0 0.0 861.41 861.42 861.1 1 0.01 861.42 861.42 861.42 861.42
-29.264900 -50.314899 DCRS-00084 2026-09-22_13:38 11.9 -999.9 -999.9 69.0 -999.9 -999.9 6.3 -999.9 -999.9 -999.9 -999.9 -999.9 17.9 -999.9 29.7 646.0 0.0 0.0 0.0 0.0 0.0 0.0 13.0 6.5 98.2 65.8 35.6 DCRS_-_São_Francisco_de_Paula/Cambará_do_Sul_(865_m) -999.9 -999.9 -999.9 -999.9 -999.9 12.7 4.1 792.0 Rio_Grande_do_Sul DCRS -999.9 0.0 0.0 861.41 861.42 861.1 1 0.01 861.42 861.42 861.42 861.42
-29.264900 -50.314899 DCRS-00084 2026-09-22_13:39 12.2 -999.9 -999.9 69.2 -999.9 -999.9 6.7 -999.9 -999.9 -999.9 -999.9 -999.9 19.2 -999.9 29.7 279.0 0.0 0.0 0.0 0.0 0.0 0.0 13.0 6.5 98.2 65.8 35.6 DCRS_-_São_Francisco_de_Paula/Cambará_do_Sul_(865_m) -999.9 -999.9 -999.9 -999.9 -999.9 12.7 4.1 792.0 Rio_Grande_do_Sul DCRS -999.9 0.0 0.0 861.4 861.42 861.1 1 -0.01 861.42 861.42 861.42 861.42
-29.264900 -50.314899 DCRS-00084 2026-09-22_13:40 12.2 -999.9 -999.9 65.0 -999.9 -999.9 5.8 -999.9 -999.9 -999.9 -999.9 -999.9 26.0 -999.9 42.2 645.0 0.0 0.0 0.0 0.0 0.0 0.0 13.0 6.5 98.2 65.0 42.2 DCRS_-_São_Francisco_de_Paula/Cambará_do_Sul_(865_m) -999.9 -999.9 -999.9 -999.9 -999.9 12.7 4.1 792.0 Rio_Grande_do_Sul DCRS -999.9 0.0 0.0 861.4 861.42 861.1 1 0.02 861.42 861.42 861.42 861.42
-29.264900 -50.314899 DCRS-00084 2026-09-22_13:41 12.1 -999.9 -999.9 65.9 -999.9 -999.9 5.9 -999.9 -999.9 -999.9 -999.9 -999.9 22.7 -999.9 42.2 635.0 0.0 0.0 0.0 0.0 0.0 0.0 13.0 6.5 98.2 65.0 42.2 DCRS_-_São_Francisco_de_Paula/Cambará_do_Sul_(865_m) -999.9 -999.9 -999.9 -999.9 -999.9 12.7 4.1 792.0 Rio_Grande_do_Sul DCRS -999.9 0.0 0.0 861.4 861.42 861.1 0 0.01 861.42 861.42 861.42 861.42
-29.264900 -50.314899 DCRS-00084 2026-09-22_13:43 12.2 -999.9 -999.9 68.2 -999.9 -999.9 6.5 -999.9 -999.9 -999.9 -999.9 -999.9 22.3 -999.9 42.2 619.0 0.0 0.0 0.0 0.0 0.0 0.0 13.0 6.5 98.2 65.0 42.2 DCRS_-_São_Francisco_de_Paula/Cambará_do_Sul_(865_m) -999.9 -999.9 -999.9 -999.9 -999.9 12.7 4.1 792.0 Rio_Grande_do_Sul DCRS -999.9 0.0 0.0 861.41 861.42 861.1 0 0.01 861.42 861.42 861.42 861.42
-29.264900 -50.314899 DCRS-00084 2026-09-22_13:44 12.3 -999.9 -999.9 67.3 -999.9 -999.9 6.4 -999.9 -999.9 -999.9 -999.9 -999.9 19.6 -999.9 42.2 443.0 0.0 0.0 0.0 0.0 0.0 0.0 13.0 6.5 98.2 65.0 42.2 DCRS_-_São_Francisco_de_Paula/Cambará_do_Sul_(865_m) -999.9 -999.9 -999.9 -999.9 -999.9 12.7 4.1 792.0 Rio_Grande_do_Sul DCRS -999.9 0.0 0.0 861.42 861.42 861.1 0 0.01 861.42 861.42 861.42 861.42
-29.264900 -50.314899 DCRS-00084 2026-09-22_13:45 12.4 -999.9 -999.9 68.2 -999.9 -999.9 6.6 -999.9 -999.9 -999.9 -999.9 -999.9 25.7 -999.9 29.4 693.0 0.0 0.0 0.0 0.0 0.0 0.0 13.0 6.5 98.2 65.0 42.2 DCRS_-_São_Francisco_de_Paula/Cambará_do_Sul_(865_m) -999.9 -999.9 -999.9 -999.9 -999.9 12.7 4.1 792.0 Rio_Grande_do_Sul DCRS -999.9 0.0 0.0 861.41 861.42 861.1 0 0.0 861.42 861.42 861.42 861.42
-29.264900 -50.314899 DCRS-00084 2026-09-22_13:46 12.3 -999.9 -999.9 64.3 -999.9 -999.9 5.7 -999.9 -999.9 -999.9 -999.9 -999.9 19.2 -999.9 29.4 645.0 0.0 0.0 0.0 0.0 0.0 0.0 13.0 6.5 98.2 64.3 42.2 DCRS_-_São_Francisco_de_Paula/Cambará_do_Sul_(865_m) -999.9 -999.9 -999.9 -999.9 -999.9 12.7 4.1 792.0 Rio_Grande_do_Sul DCRS -999.9 0.0 0.0 861.41 861.42 861.1 0 0.01 861.42 861.42 861.42 861.42
-29.264900 -50.314899 DCRS-00084 2026-09-22_13:47 12.2 -999.9 -999.9 65.4 -999.9 -999.9 5.8 -999.9 -999.9 -999.9 -999.9 -999.9 22.0 -999.9 29.4 664.0 0.0 0.0 0.0 0.0 0.0 0.0 13.0 6.5 98.2 64.3 42.2 DCRS_-_São_Francisco_de_Paula/Cambará_do_Sul_(865_m) -999.9 -999.9 -999.9 -999.9 -999.9 12.7 4.1 792.0 Rio_Grande_do_Sul DCRS -999.9 0.0 0.0 861.42 861.42 861.1 0 0.02 861.42 861.42 861.42 861.42
-29.264900 -50.314899 DCRS-00084 2026-09-22_13:48 12.3 -999.9 -999.9 66.5 -999.9 -999.9 6.2 -999.9 -999.9 -999.9 -999.9 -999.9 17.9 -999.9 29.4 691.0 0.0 0.0 0.0 0.0 0.0 0.0 13.0 6.5 98.2 64.3 42.2 DCRS_-_São_Francisco_de_Paula/Cambará_do_Sul_(865_m) -999.9 -999.9 -999.9 -999.9 -999.9 12.7 4.1 792.0 Rio_Grande_do_Sul DCRS -999.9 0.0 0.0 861.41 861.42 861.1 0 0.01 861.42 861.42 861.42 861.42
-29.264900 -50.314899 DCRS-00084 2026-09-22_13:49 12.4 -999.9 -999.9 67.4 -999.9 -999.9 6.5 -999.9 -999.9 -999.9 -999.9 -999.9 11.4 -999.9 29.4 692.0 0.0 0.0 0.0 0.0 0.0 0.0 13.0 6.5 98.2 64.3 42.2 DCRS_-_São_Francisco_de_Paula/Cambará_do_Sul_(865_m) -999.9 -999.9 -999.9 -999.9 -999.9 12.7 4.1 792.0 Rio_Grande_do_Sul DCRS -999.9 0.0 0.0 861.41 861.42 861.1 0 0.02 861.42 861.42 861.42 861.42
-29.264900 -50.314899 DCRS-00084 2026-09-22_13:50 12.4 -999.9 -999.9 64.8 -999.9 -999.9 5.9 -999.9 -999.9 -999.9 -999.9 -999.9 22.3 -999.9 31.7 285.0 0.0 0.0 0.0 0.0 0.0 0.0 13.0 6.5 98.2 64.3 42.2 DCRS_-_São_Francisco_de_Paula/Cambará_do_Sul_(865_m) -999.9 -999.9 -999.9 -999.9 -999.9 12.7 4.1 792.0 Rio_Grande_do_Sul DCRS -999.9 0.0 0.0 861.39 861.42 861.1 0 -0.01 861.42 861.42 861.42 861.42
-29.264900 -50.314899 DCRS-00084 2026-09-22_13:51 12.4 -999.9 -999.9 68.5 -999.9 -999.9 6.7 -999.9 -999.9 -999.9 -999.9 -999.9 12.4 -999.9 31.7 343.0 0.0 0.0 0.0 0.0 0.0 0.0 13.0 6.5 98.2 64.3 42.2 DCRS_-_São_Francisco_de_Paula/Cambará_do_Sul_(865_m) -999.9 -999.9 -999.9 -999.9 -999.9 12.7 4.1 792.0 Rio_Grande_do_Sul DCRS -999.9 0.0 0.0 861.42 861.42 861.1 0 0.02 861.42 861.42 861.42 861.42
-29.264900 -50.314899 DCRS-00084 2026-09-22_13:52 12.3 -999.9 -999.9 67.5 -999.9 -999.9 6.4 -999.9 -999.9 -999.9 -999.9 -999.9 25.5 -999.9 31.7 255.0 0.0 0.0 0.0 0.0 0.0 0.0 13.0 6.5 98.2 64.3 42.2 DCRS_-_São_Francisco_de_Paula/Cambará_do_Sul_(865_m) -999.9 -999.9 -999.9 -999.9 -999.9 12.7 4.1 792.0 Rio_Grande_do_Sul DCRS -999.9 0.0 0.0 861.41 861.42 861.1 0 0.01 861.42 861.42 861.42 861.42
-29.264900 -50.314899 DCRS-00084 2026-09-22_13:53 12.1 -999.9 -999.9 67.5 -999.9 -999.9 6.2 -999.9 -999.9 -999.9 -999.9 -999.9 24.0 -999.9 31.7 268.0 0.0 0.0 0.0 0.0 0.0 0.0 13.0 6.5 98.2 64.3 42.2 DCRS_-_São_Francisco_de_Paula/Cambará_do_Sul_(865_m) -999.9 -999.9 -999.9 -999.9 -999.9 12.7 4.1 792.0 Rio_Grande_do_Sul DCRS -999.9 0.0 0.0 861.42 861.42 861.1 0 0.01 861.42 861.42 861.42 861.42
-29.264900 -50.314899 DCRS-00084 2026-09-22_13:54 11.8 -999.9 -999.9 68.5 -999.9 -999.9 6.1 -999.9 -999.9 -999.9 -999.9 -999.9 21.6 -999.9 31.7 240.0 0.0 0.0 0.0 0.0 0.0 0.0 13.0 6.5 98.2 64.3 42.2 DCRS_-_São_Francisco_de_Paula/Cambará_do_Sul_(865_m) -999.9 -999.9 -999.9 -999.9 -999.9 12.7 4.1 792.0 Rio_Grande_do_Sul DCRS -999.9 0.0 0.0 861.4 861.42 861.1 0 -0.01 861.42 861.42 861.42 861.42
-29.264900 -50.314899 DCRS-00084 2026-09-22_13:55 11.6 -999.9 -999.9 68.5 -999.9 -999.9 5.9 -999.9 -999.9 -999.9 -999.9 -999.9 -999.9 -999.9 27.7 316.0 0.0 0.0 0.0 0.0 0.0 0.0 13.0 6.5 98.2 64.3 42.2 DCRS_-_São_Francisco_de_Paula/Cambará_do_Sul_(865_m) -999.9 -999.9 -999.9 -999.9 -999.9 12.7 4.1 792.0 Rio_Grande_do_Sul DCRS -999.9 0.0 0.0 861.41 861.42 861.1 0 0.0 861.42 861.42 861.42 861.42
-29.264900 -50.314899 DCRS-00084 2026-09-22_13:56 11.6 -999.9 -999.9 71.7 -999.9 -999.9 6.6 -999.9 -999.9 -999.9 -999.9 -999.9 16.1 -999.9 27.7 747.0 0.0 0.0 0.0 0.0 0.0 0.0 13.0 6.5 98.2 64.3 42.2 DCRS_-_São_Francisco_de_Paula/Cambará_do_Sul_(865_m) -999.9 -999.9 -999.9 -999.9 -999.9 12.7 4.1 792.0 Rio_Grande_do_Sul DCRS -999.9 0.0 0.0 861.41 861.42 861.1 0 0.0 861.42 861.42 861.42 861.42
-29.264900 -50.314899 DCRS-00084 2026-09-22_13:57 11.6 -999.9 -999.9 69.2 -999.9 -999.9 6.1 -999.9 -999.9 -999.9 -999.9 -999.9 -999.9 -999.9 27.7 358.0 0.0 0.0 0.0 0.0 0.0 0.0 13.0 6.5 98.2 64.3 42.2 DCRS_-_São_Francisco_de_Paula/Cambará_do_Sul_(865_m) -999.9 -999.9 -999.9 -999.9 -999.9 12.7 4.1 792.0 Rio_Grande_do_Sul DCRS -999.9 0.0 0.0 861.4 861.42 861.1 0 -0.01 861.42 861.42 861.42 861.42
-29.264900 -50.314899 DCRS-00084 2026-09-22_13:58 11.5 -999.9 -999.9 68.0 -999.9 -999.9 5.7 -999.9 -999.9 -999.9 -999.9 -999.9 23.9 -999.9 27.7 690.0 0.0 0.0 0.0 0.0 0.0 0.0 13.0 6.5 98.2 64.3 42.2 DCRS_-_São_Francisco_de_Paula/Cambará_do_Sul_(865_m) -999.9 -999.9 -999.9 -999.9 -999.9 12.7 4.1 792.0 Rio_Grande_do_Sul DCRS -999.9 0.0 0.0 861.41 861.42 861.1 0 0.0 861.42 861.42 861.42 861.42
-29.264900 -50.314899 DCRS-00084 2026-09-22_13:59 11.5 -999.9 -999.9 71.2 -999.9 -999.9 6.4 -999.9 -999.9 -999.9 -999.9 -999.9 12.7 -999.9 27.7 455.0 0.0 0.0 0.0 0.0 0.0 0.0 13.0 6.5 98.2 64.3 42.2 DCRS_-_São_Francisco_de_Paula/Cambará_do_Sul_(865_m) -999.9 -999.9 -999.9 -999.9 -999.9 12.7 4.1 792.0 Rio_Grande_do_Sul DCRS -999.9 0.0 0.0 861.4 861.42 861.1 0 -0.01 861.42 861.42 861.42 861.42
-29.264900 -50.314899 DCRS-00084 2026-09-22_14:00 11.7 -999.9 -999.9 68.1 -999.9 -999.9 6.0 -999.9 -999.9 -999.9 -999.9 -999.9 15.2 -999.9 34.3 323.0 0.0 0.0 0.0 0.0 0.0 0.0 13.0 6.5 98.2 64.3 42.2 DCRS_-_São_Francisco_de_Paula/Cambará_do_Sul_(865_m) -999.9 -999.9 -999.9 -999.9 -999.9 12.7 4.1 792.0 Rio_Grande_do_Sul DCRS -999.9 0.0 0.0 861.41 861.42 861.1 0 0.0 861.42 861.42 861.42 861.42
-29.264900 -50.314899 DCRS-00084 2026-09-22_14:01 11.7 -999.9 -999.9 69.3 -999.9 -999.9 6.2 -999.9 -999.9 -999.9 -999.9 -999.9 14.0 -999.9 34.3 224.0 0.0 0.0 0.0 0.0 0.0 0.0 13.0 6.5 98.2 64.3 42.2 DCRS_-_São_Francisco_de_Paula/Cambará_do_Sul_(865_m) -999.9 -999.9 -999.9 -999.9 -999.9 12.7 4.1 792.0 Rio_Grande_do_Sul DCRS -999.9 0.0 0.0 861.41 861.42 861.1 0 0.0 861.42 861.42 861.42 861.42
-29.264900 -50.314899 DCRS-00084 2026-09-22_14:02 11.7 -999.9 -999.9 69.5 -999.9 -999.9 6.3 -999.9 -999.9 -999.9 -999.9 -999.9 26.1 -999.9 34.3 302.0 0.0 0.0 0.0 0.0 0.0 0.0 13.0 6.5 98.2 64.3 42.2 DCRS_-_São_Francisco_de_Paula/Cambará_do_Sul_(865_m) -999.9 -999.9 -999.9 -999.9 -999.9 12.7 4.1 792.0 Rio_Grande_do_Sul DCRS -999.9 0.0 0.0 861.41 861.42 861.1 0 0.0 861.42 861.42 861.42 861.42
-29.264900 -50.314899 DCRS-00084 2026-09-22_14:03 11.7 -999.9 -999.9 69.2 -999.9 -999.9 6.2 -999.9 -999.9 -999.9 -999.9 -999.9 20.7 -999.9 34.3 423.0 0.0 0.0 0.0 0.0 0.0 0.0 13.0 6.5 98.2 64.3 42.2 DCRS_-_São_Francisco_de_Paula/Cambará_do_Sul_(865_m) -999.9 -999.9 -999.9 -999.9 -999.9 12.7 4.1 792.0 Rio_Grande_do_Sul DCRS -999.9 0.0 0.0 861.42 861.42 861.1 0 0.01 861.42 861.42 861.42 861.42
-29.264900 -50.314899 DCRS-00084 2026-09-22_14:04 11.7 -999.9 -999.9 68.2 -999.9 -999.9 6.0 -999.9 -999.9 -999.9 -999.9 -999.9 20.5 -999.9 34.3 697.0 0.0 0.0 0.0 0.0 0.0 0.0 13.0 6.5 98.2 64.3 42.2 DCRS_-_São_Francisco_de_Paula/Cambará_do_Sul_(865_m) -999.9 -999.9 -999.9 -999.9 -999.9 12.7 4.1 792.0 Rio_Grande_do_Sul DCRS -999.9 0.0 0.0 861.41 861.42 861.1 0 0.0 861.42 861.42 861.42 861.42
-29.264900 -50.314899 DCRS-00084 2026-09-22_14:05 11.7 -999.9 -999.9 68.3 -999.9 -999.9 6.0 -999.9 -999.9 -999.9 -999.9 -999.9 25.2 -999.9 30.8 663.0 0.0 0.0 0.0 0.0 0.0 0.0 13.0 6.5 98.2 64.3 42.2 DCRS_-_São_Francisco_de_Paula/Cambará_do_Sul_(865_m) -999.9 -999.9 -999.9 -999.9 -999.9 12.7 4.1 792.0 Rio_Grande_do_Sul DCRS -999.9 0.0 0.0 861.41 861.42 861.1 0 0.01 861.42 861.42 861.42 861.42
-29.264900 -50.314899 DCRS-00084 2026-09-22_14:06 11.8 -999.9 -999.9 69.9 -999.9 -999.9 6.4 -999.9 -999.9 -999.9 -999.9 -999.9 16.6 -999.9 30.8 692.0 0.0 0.0 0.0 0.0 0.0 0.0 13.0 6.5 98.2 64.3 42.2 DCRS_-_São_Francisco_de_Paula/Cambará_do_Sul_(865_m) -999.9 -999.9 -999.9 -999.9 -999.9 12.7 4.1 792.0 Rio_Grande_do_Sul DCRS -999.9 0.0 0.0 861.41 861.42 861.1 0 0.01 861.42 861.42 861.42 861.42
-29.264900 -50.314899 DCRS-00084 2026-09-22_14:07 12.1 -999.9 -999.9 67.2 -999.9 -999.9 6.1 -999.9 -999.9 -999.9 -999.9 -999.9 29.1 -999.9 30.8 633.0 0.0 0.0 0.0 0.0 0.0 0.0 13.0 6.5 98.2 64.3 42.2 DCRS_-_São_Francisco_de_Paula/Cambará_do_Sul_(865_m) -999.9 -999.9 -999.9 -999.9 -999.9 12.7 4.1 792.0 Rio_Grande_do_Sul DCRS -999.9 0.0 0.0 861.42 861.42 861.1 0 0.01 861.42 861.42 861.42 861.42
-29.264900 -50.314899 DCRS-00084 2026-09-22_14:08 12.0 -999.9 -999.9 66.3 -999.9 -999.9 5.9 -999.9 -999.9 -999.9 -999.9 -999.9 18.5 -999.9 30.8 607.0 0.0 0.0 0.0 0.0 0.0 0.0 13.0 6.5 98.2 64.3 42.2 DCRS_-_São_Francisco_de_Paula/Cambará_do_Sul_(865_m) -999.9 -999.9 -999.9 -999.9 -999.9 12.7 4.1 792.0 Rio_Grande_do_Sul DCRS -999.9 0.0 0.0 861.42 861.42 861.1 0 0.01 861.42 861.42 861.42 861.42
-29.264900 -50.314899 DCRS-00084 2026-09-22_14:09 12.2 -999.9 -999.9 67.4 -999.9 -999.9 6.3 -999.9 -999.9 -999.9 -999.9 -999.9 18.5 -999.9 30.8 591.0 0.0 0.0 0.0 0.0 0.0 0.0 13.0 6.5 98.2 64.3 42.2 DCRS_-_São_Francisco_de_Paula/Cambará_do_Sul_(865_m) -999.9 -999.9 -999.9 -999.9 -999.9 12.7 4.1 792.0 Rio_Grande_do_Sul DCRS -999.9 0.0 0.0 861.41 861.42 861.1 0 0.0 861.42 861.42 861.42 861.42
-29.264900 -50.314899 DCRS-00084 2026-09-22_14:10 12.2 -999.9 -999.9 66.5 -999.9 -999.9 6.1 -999.9 -999.9 -999.9 -999.9 -999.9 21.4 -999.9 29.6 443.0 0.0 0.0 0.0 0.0 0.0 0.0 13.0 6.5 98.2 64.3 42.2 DCRS_-_São_Francisco_de_Paula/Cambará_do_Sul_(865_m) -999.9 -999.9 -999.9 -999.9 -999.9 12.7 4.1 792.0 Rio_Grande_do_Sul DCRS -999.9 0.0 0.0 861.4 861.42 861.1 0 -0.01 861.42 861.42 861.42 861.42
-29.264900 -50.314899 DCRS-00084 2026-09-22_14:11 12.1 -999.9 -999.9 64.5 -999.9 -999.9 5.5 -999.9 -999.9 -999.9 -999.9 -999.9 19.2 -999.9 29.6 253.0 0.0 0.0 0.0 0.0 0.0 0.0 13.0 6.5 98.2 64.3 42.2 DCRS_-_São_Francisco_de_Paula/Cambará_do_Sul_(865_m) -999.9 -999.9 -999.9 -999.9 -999.9 12.7 4.1 792.0 Rio_Grande_do_Sul DCRS -999.9 0.0 0.0 861.41 861.42 861.1 0 0.0 861.42 861.42 861.42 861.42
-29.264900 -50.314899 DCRS-00084 2026-09-22_14:12 12.0 -999.9 -999.9 65.6 -999.9 -999.9 5.7 -999.9 -999.9 -999.9 -999.9 -999.9 27.4 -999.9 29.6 633.0 0.0 0.0 0.0 0.0 0.0 0.0 13.0 6.5 98.2 64.3 42.2 DCRS_-_São_Francisco_de_Paula/Cambará_do_Sul_(865_m) -999.9 -999.9 -999.9 -999.9 -999.9 12.7 4.1 792.0 Rio_Grande_do_Sul DCRS -999.9 0.0 0.0 861.41 861.42 861.1 0 0.0 861.42 861.42 861.42 861.42
-29.264900 -50.314899 DCRS-00084 2026-09-22_14:13 11.9 -999.9 -999.9 65.5 -999.9 -999.9 5.6 -999.9 -999.9 -999.9 -999.9 -999.9 26.1 -999.9 29.6 176.0 0.0 0.0 0.0 0.0 0.0 0.0 13.0 6.5 98.2 64.3 42.2 DCRS_-_São_Francisco_de_Paula/Cambará_do_Sul_(865_m) -999.9 -999.9 -999.9 -999.9 -999.9 12.7 4.1 792.0 Rio_Grande_do_Sul DCRS -999.9 0.0 0.0 861.41 861.42 861.1 0 0.0 861.42 861.42 861.42 861.42
-29.264900 -50.314899 DCRS-00084 2026-09-22_14:14 11.8 -999.9 -999.9 64.8 -999.9 -999.9 5.3 -999.9 -999.9 -999.9 -999.9 -999.9 -999.9 -999.9 29.6 638.0 0.0 0.0 0.0 0.0 0.0 0.0 13.0 6.5 98.2 64.3 42.2 DCRS_-_São_Francisco_de_Paula/Cambará_do_Sul_(865_m) -999.9 -999.9 -999.9 -999.9 -999.9 12.7 4.1 792.0 Rio_Grande_do_Sul DCRS -999.9 0.0 0.0 861.41 861.42 861.1 0 0.0 861.42 861.42 861.42 861.42
-29.264900 -50.314899 DCRS-00084 2026-09-22_14:15 11.8 -999.9 -999.9 65.7 -999.9 -999.9 5.5 -999.9 -999.9 -999.9 -999.9 -999.9 16.9 -999.9 32.2 677.0 0.0 0.0 0.0 0.0 0.0 0.0 13.0 6.5 98.2 64.3 42.2 DCRS_-_São_Francisco_de_Paula/Cambará_do_Sul_(865_m) -999.9 -999.9 -999.9 -999.9 -999.9 12.7 4.1 792.0 Rio_Grande_do_Sul DCRS -999.9 0.0 0.0 861.41 861.42 861.1 0 0.0 861.42 861.42 861.42 861.42
-29.264900 -50.314899 DCRS-00084 2026-09-22_14:16 11.9 -999.9 -999.9 67.2 -999.9 -999.9 6.0 -999.9 -999.9 -999.9 -999.9 -999.9 23.5 -999.9 32.2 666.0 0.0 0.0 0.0 0.0 0.0 0.0 13.0 6.5 98.2 64.3 42.2 DCRS_-_São_Francisco_de_Paula/Cambará_do_Sul_(865_m) -999.9 -999.9 -999.9 -999.9 -999.9 12.7 4.1 792.0 Rio_Grande_do_Sul DCRS -999.9 0.0 0.0 861.41 861.42 861.1 0 0.0 861.42 861.42 861.42 861.42
-29.264900 -50.314899 DCRS-00084 2026-09-22_14:17 12.0 -999.9 -999.9 65.6 -999.9 -999.9 5.7 -999.9 -999.9 -999.9 -999.9 -999.9 19.6 -999.9 32.2 269.0 0.0 0.0 0.0 0.0 0.0 0.0 13.0 6.5 98.2 64.3 42.2 DCRS_-_São_Francisco_de_Paula/Cambará_do_Sul_(865_m) -999.9 -999.9 -999.9 -999.9 -999.9 12.7 4.1 792.0 Rio_Grande_do_Sul DCRS -999.9 0.0 0.0 861.41 861.42 861.1 0 0.0 861.42 861.42 861.42 861.42
-29.264900 -50.314899 DCRS-00084 2026-09-22_14:18 12.0 -999.9 -999.9 65.8 -999.9 -999.9 5.7 -999.9 -999.9 -999.9 -999.9 -999.9 11.6 -999.9 32.2 430.0 0.0 0.0 0.0 0.0 0.0 0.0 13.0 6.5 98.2 64.3 42.2 DCRS_-_São_Francisco_de_Paula/Cambará_do_Sul_(865_m) -999.9 -999.9 -999.9 -999.9 -999.9 12.7 4.1 792.0 Rio_Grande_do_Sul DCRS -999.9 0.0 0.0 861.41 861.42 861.1 0 0.0 861.42 861.42 861.42 861.42
-29.264900 -50.314899 DCRS-00084 2026-09-22_14:19 11.9 -999.9 -999.9 67.7 -999.9 -999.9 6.1 -999.9 -999.9 -999.9 -999.9 -999.9 18.1 -999.9 32.2 683.0 0.0 0.0 0.0 0.0 0.0 0.0 13.0 6.5 98.2 64.3 42.2 DCRS_-_São_Francisco_de_Paula/Cambará_do_Sul_(865_m) -999.9 -999.9 -999.9 -999.9 -999.9 12.7 4.1 792.0 Rio_Grande_do_Sul DCRS -999.9 0.0 0.0 861.41 861.42 861.1 0 0.0 861.42 861.42 861.42 861.42
-29.264900 -50.314899 DCRS-00084 2026-09-22_14:20 12.0 -999.9 -999.9 69.2 -999.9 -999.9 6.5 -999.9 -999.9 -999.9 -999.9 -999.9 17.0 -999.9 31.6 629.0 0.0 0.0 0.0 0.0 0.0 0.0 13.0 6.5 98.2 64.3 42.2 DCRS_-_São_Francisco_de_Paula/Cambará_do_Sul_(865_m) -999.9 -999.9 -999.9 -999.9 -999.9 12.7 4.1 792.0 Rio_Grande_do_Sul DCRS -999.9 0.0 0.0 861.42 861.42 861.1 0 0.01 861.42 861.42 861.42 861.42
-29.264900 -50.314899 DCRS-00084 2026-09-22_14:21 12.2 -999.9 -999.9 68.0 -999.9 -999.9 6.4 -999.9 -999.9 -999.9 -999.9 -999.9 29.4 -999.9 31.6 608.0 0.0 0.0 0.0 0.0 0.0 0.0 13.0 6.5 98.2 64.3 42.2 DCRS_-_São_Francisco_de_Paula/Cambará_do_Sul_(865_m) -999.9 -999.9 -999.9 -999.9 -999.9 12.7 4.1 792.0 Rio_Grande_do_Sul DCRS -999.9 0.0 0.0 861.41 861.42 861.1 0 0.0 861.42 861.42 861.42 861.42
-29.264900 -50.314899 DCRS-00084 2026-09-22_14:22 12.2 -999.9 -999.9 67.4 -999.9 -999.9 6.3 -999.9 -999.9 -999.9 -999.9 -999.9 21.5 -999.9 31.6 222.0 0.0 0.0 0.0 0.0 0.0 0.0 13.0 6.5 98.2 64.3 42.2 DCRS_-_São_Francisco_de_Paula/Cambará_do_Sul_(865_m) -999.9 -999.9 -999.9 -999.9 -999.9 12.7 4.1 792.0 Rio_Grande_do_Sul DCRS -999.9 0.0 0.0 861.41 861.42 861.1 0 0.0 861.42 861.42 861.42 861.42
-29.264900 -50.314899 DCRS-00084 2026-09-22_14:23 12.1 -999.9 -999.9 68.6 -999.9 -999.9 6.4 -999.9 -999.9 -999.9 -999.9 -999.9 16.5 -999.9 31.6 181.0 0.0 0.0 0.0 0.0 0.0 0.0 13.0 6.5 98.2 64.3 42.2 DCRS_-_São_Francisco_de_Paula/Cambará_do_Sul_(865_m) -999.9 -999.9 -999.9 -999.9 -999.9 12.7 4.1 792.0 Rio_Grande_do_Sul DCRS -999.9 0.0 0.0 861.42 861.42 861.1 0 0.01 861.42 861.42 861.42 861.42
-29.264900 -50.314899 DCRS-00084 2026-09-22_14:24 11.8 -999.9 -999.9 66.7 -999.9 -999.9 5.7 -999.9 -999.9 -999.9 -999.9 -999.9 27.6 -999.9 31.6 218.0 0.0 0.0 0.0 0.0 0.0 0.0 13.0 6.5 98.2 64.3 42.2 DCRS_-_São_Francisco_de_Paula/Cambará_do_Sul_(865_m) -999.9 -999.9 -999.9 -999.9 -999.9 12.7 4.1 792.0 Rio_Grande_do_Sul DCRS -999.9 0.0 0.0 861.41 861.42 861.1 0 0.0 861.42 861.42 861.42 861.42
-29.264900 -50.314899 DCRS-00084 2026-09-22_14:25 11.7 -999.9 -999.9 68.5 -999.9 -999.9 6.0 -999.9 -999.9 -999.9 -999.9 -999.9 26.9 -999.9 33.6 375.0 0.0 0.0 0.0 0.0 0.0 0.0 13.0 6.5 98.2 64.3 42.2 DCRS_-_São_Francisco_de_Paula/Cambará_do_Sul_(865_m) -999.9 -999.9 -999.9 -999.9 -999.9 12.7 4.1 792.0 Rio_Grande_do_Sul DCRS -999.9 0.0 0.0 861.42 861.42 861.1 0 0.01 861.42 861.42 861.42 861.42
-29.264900 -50.314899 DCRS-00084 2026-09-22_14:26 11.6 -999.9 -999.9 67.9 -999.9 -999.9 5.8 -999.9 -999.9 -999.9 -999.9 -999.9 23.6 -999.9 33.6 211.0 0.0 0.0 0.0 0.0 0.0 0.0 13.0 6.5 98.2 64.3 42.2 DCRS_-_São_Francisco_de_Paula/Cambará_do_Sul_(865_m) -999.9 -999.9 -999.9 -999.9 -999.9 12.7 4.1 792.0 Rio_Grande_do_Sul DCRS -999.9 0.0 0.0 861.42 861.42 861.1 0 0.01 861.42 861.42 861.42 861.42
-29.264900 -50.314899 DCRS-00084 2026-09-22_14:27 11.5 -999.9 -999.9 68.8 -999.9 -999.9 5.9 -999.9 -999.9 -999.9 -999.9 -999.9 17.1 -999.9 33.6 239.0 0.0 0.0 0.0 0.0 0.0 0.0 13.0 6.5 98.2 64.3 42.2 DCRS_-_São_Francisco_de_Paula/Cambará_do_Sul_(865_m) -999.9 -999.9 -999.9 -999.9 -999.9 12.7 4.1 792.0 Rio_Grande_do_Sul DCRS -999.9 0.0 0.0 861.4 861.42 861.1 0 -0.01 861.42 861.42 861.42 861.42
-29.264900 -50.314899 DCRS-00084 2026-09-22_14:28 11.5 -999.9 -999.9 70.5 -999.9 -999.9 6.3 -999.9 -999.9 -999.9 -999.9 -999.9 13.4 -999.9 33.6 560.0 0.0 0.0 0.0 0.0 0.0 0.0 13.0 6.5 98.2 64.3 42.2 DCRS_-_São_Francisco_de_Paula/Cambará_do_Sul_(865_m) -999.9 -999.9 -999.9 -999.9 -999.9 12.7 4.1 792.0 Rio_Grande_do_Sul DCRS -999.9 0.0 0.0 861.41 861.42 861.1 0 0.0 861.42 861.42 861.42 861.42
-29.264900 -50.314899 DCRS-00084 2026-09-22_14:29 11.7 -999.9 -999.9 70.1 -999.9 -999.9 6.4 -999.9 -999.9 -999.9 -999.9 -999.9 15.6 -999.9 33.6 612.0 0.0 0.0 0.0 0.0 0.0 0.0 13.0 6.5 98.2 64.3 42.2 DCRS_-_São_Francisco_de_Paula/Cambará_do_Sul_(865_m) -999.9 -999.9 -999.9 -999.9 -999.9 12.7 4.1 792.0 Rio_Grande_do_Sul DCRS -999.9 0.0 0.0 861.42 861.42 861.1 0 0.01 861.42 861.42 861.42 861.42
-29.264900 -50.314899 DCRS-00084 2026-09-22_14:31 11.8 -999.9 -999.9 68.8 -999.9 -999.9 6.2 -999.9 -999.9 -999.9 -999.9 -999.9 11.6 -999.9 30.2 551.0 0.0 0.0 0.0 0.0 0.0 0.0 13.0 6.5 98.2 64.3 42.2 DCRS_-_São_Francisco_de_Paula/Cambará_do_Sul_(865_m) -999.9 -999.9 -999.9 -999.9 -999.9 12.7 4.1 792.0 Rio_Grande_do_Sul DCRS -999.9 0.0 0.0 861.42 861.42 861.1 0 0.01 861.42 861.42 861.42 861.42
-29.264900 -50.314899 DCRS-00084 2026-09-22_14:32 12.1 -999.9 -999.9 69.1 -999.9 -999.9 6.6 -999.9 -999.9 -999.9 -999.9 -999.9 20.3 -999.9 30.2 529.0 0.0 0.0 0.0 0.0 0.0 0.0 13.0 6.5 98.2 64.3 42.2 DCRS_-_São_Francisco_de_Paula/Cambará_do_Sul_(865_m) -999.9 -999.9 -999.9 -999.9 -999.9 12.7 4.1 792.0 Rio_Grande_do_Sul DCRS -999.9 0.0 0.0 861.42 861.42 861.1 0 0.01 861.42 861.42 861.42 861.42
-29.264900 -50.314899 DCRS-00084 2026-09-22_14:33 12.1 -999.9 -999.9 67.8 -999.9 -999.9 6.3 -999.9 -999.9 -999.9 -999.9 -999.9 17.0 -999.9 30.2 226.0 0.0 0.0 0.0 0.0 0.0 0.0 13.0 6.5 98.2 64.3 42.2 DCRS_-_São_Francisco_de_Paula/Cambará_do_Sul_(865_m) -999.9 -999.9 -999.9 -999.9 -999.9 12.7 4.1 792.0 Rio_Grande_do_Sul DCRS -999.9 0.0 0.0 861.42 861.42 861.1 0 0.01 861.42 861.42 861.42 861.42
-29.264900 -50.314899 DCRS-00084 2026-09-22_14:34 12.1 -999.9 -999.9 66.3 -999.9 -999.9 5.9 -999.9 -999.9 -999.9 -999.9 -999.9 26.4 -999.9 30.2 221.0 0.0 0.0 0.0 0.0 0.0 0.0 13.0 6.5 98.2 64.3 42.2 DCRS_-_São_Francisco_de_Paula/Cambará_do_Sul_(865_m) -999.9 -999.9 -999.9 -999.9 -999.9 12.7 4.1 792.0 Rio_Grande_do_Sul DCRS -999.9 0.0 0.0 861.41 861.42 861.1 0 0.0 861.42 861.42 861.42 861.42
-29.264900 -50.314899 DCRS-00084 2026-09-22_14:35 11.9 -999.9 -999.9 67.6 -999.9 -999.9 6.0 -999.9 -999.9 -999.9 -999.9 -999.9 20.7 -999.9 28.2 311.0 0.0 0.0 0.0 0.0 0.0 0.0 13.0 6.5 98.2 64.3 42.2 DCRS_-_São_Francisco_de_Paula/Cambará_do_Sul_(865_m) -999.9 -999.9 -999.9 -999.9 -999.9 12.7 4.1 792.0 Rio_Grande_do_Sul DCRS -999.9 0.0 0.0 861.42 861.42 861.1 0 0.01 861.42 861.42 861.42 861.42
-29.264900 -50.314899 DCRS-00084 2026-09-22_14:36 12.1 -999.9 -999.9 68.8 -999.9 -999.9 6.5 -999.9 -999.9 -999.9 -999.9 -999.9 11.4 -999.9 28.2 491.0 0.0 0.0 0.0 0.0 0.0 0.0 13.0 6.5 98.2 64.3 42.2 DCRS_-_São_Francisco_de_Paula/Cambará_do_Sul_(865_m) -999.9 -999.9 -999.9 -999.9 -999.9 12.7 4.1 792.0 Rio_Grande_do_Sul DCRS -999.9 0.0 0.0 861.42 861.42 861.1 0 0.01 861.42 861.42 861.42 861.42
-29.264900 -50.314899 DCRS-00084 2026-09-22_14:37 12.2 -999.9 -999.9 67.5 -999.9 -999.9 6.3 -999.9 -999.9 -999.9 -999.9 -999.9 17.1 -999.9 28.2 538.0 0.0 0.0 0.0 0.0 0.0 0.0 13.0 6.5 98.2 64.3 42.2 DCRS_-_São_Francisco_de_Paula/Cambará_do_Sul_(865_m) -999.9 -999.9 -999.9 -999.9 -999.9 12.7 4.1 792.0 Rio_Grande_do_Sul DCRS -999.9 0.0 0.0 861.42 861.42 861.1 0 0.01 861.42 861.42 861.42 861.42
-29.264900 -50.314899 DCRS-00084 2026-09-22_14:38 12.2 -999.9 -999.9 67.0 -999.9 -999.9 6.2 -999.9 -999.9 -999.9 -999.9 -999.9 -999.9 -999.9 28.2 517.0 0.0 0.0 0.0 0.0 0.0 0.0 13.0 6.5 98.2 64.3 42.2 DCRS_-_São_Francisco_de_Paula/Cambará_do_Sul_(865_m) -999.9 -999.9 -999.9 -999.9 -999.9 12.7 4.1 792.0 Rio_Grande_do_Sul DCRS -999.9 0.0 0.0 861.42 861.42 861.1 0 0.01 861.42 861.42 861.42 861.42
-29.264900 -50.314899 DCRS-00084 2026-09-22_14:39 12.1 -999.9 -999.9 67.8 -999.9 -999.9 6.3 -999.9 -999.9 -999.9 -999.9 -999.9 12.6 -999.9 28.2 245.0 0.0 0.0 0.0 0.0 0.0 0.0 13.0 6.5 98.2 64.3 42.2 DCRS_-_São_Francisco_de_Paula/Cambará_do_Sul_(865_m) -999.9 -999.9 -999.9 -999.9 -999.9 12.7 4.1 792.0 Rio_Grande_do_Sul DCRS -999.9 0.0 0.0 861.41 861.42 861.1 1 0.01 861.42 861.42 861.42 861.42
-29.264900 -50.314899 DCRS-00084 2026-09-22_14:40 12.1 -999.9 -999.9 68.6 -999.9 -999.9 6.4 -999.9 -999.9 -999.9 -999.9 -999.9 10.9 -999.9 31.3 481.0 0.0 0.0 0.0 0.0 0.0 0.0 13.0 6.5 98.2 64.3 42.2 DCRS_-_São_Francisco_de_Paula/Cambará_do_Sul_(865_m) -999.9 -999.9 -999.9 -999.9 -999.9 12.7 4.1 792.0 Rio_Grande_do_Sul DCRS -999.9 0.0 0.0 861.42 861.42 861.1 1 0.02 861.42 861.42 861.42 861.42
-29.264900 -50.314899 DCRS-00084 2026-09-22_14:41 12.2 -999.9 -999.9 68.3 -999.9 -999.9 6.5 -999.9 -999.9 -999.9 -999.9 -999.9 17.3 -999.9 31.3 514.0 0.0 0.0 0.0 0.0 0.0 0.0 13.0 6.5 98.2 64.3 42.2 DCRS_-_São_Francisco_de_Paula/Cambará_do_Sul_(865_m) -999.9 -999.9 -999.9 -999.9 -999.9 12.7 4.1 792.0 Rio_Grande_do_Sul DCRS -999.9 0.0 0.0 861.41 861.42 861.1 0 0.0 861.42 861.42 861.42 861.42
-29.264900 -50.314899 DCRS-00084 2026-09-22_14:42 12.2 -999.9 -999.9 66.3 -999.9 -999.9 6.0 -999.9 -999.9 -999.9 -999.9 -999.9 24.3 -999.9 31.3 492.0 0.0 0.0 0.0 0.0 0.0 0.0 13.0 6.5 98.2 64.3 42.2 DCRS_-_São_Francisco_de_Paula/Cambará_do_Sul_(865_m) -999.9 -999.9 -999.9 -999.9 -999.9 12.7 4.1 792.0 Rio_Grande_do_Sul DCRS -999.9 0.0 0.0 861.42 861.42 861.1 0 0.01 861.42 861.42 861.42 861.42
-29.264900 -50.314899 DCRS-00084 2026-09-22_14:43 12.1 -999.9 -999.9 63.2 -999.9 -999.9 5.2 -999.9 -999.9 -999.9 -999.9 -999.9 29.6 -999.9 31.3 481.0 0.0 0.0 0.0 0.0 0.0 0.0 13.0 6.5 98.2 63.2 42.2 DCRS_-_São_Francisco_de_Paula/Cambará_do_Sul_(865_m) -999.9 -999.9 -999.9 -999.9 -999.9 12.7 4.1 792.0 Rio_Grande_do_Sul DCRS -999.9 0.0 0.0 861.41 861.42 861.1 0 0.0 861.42 861.42 861.42 861.42
-29.264900 -50.314899 DCRS-00084 2026-09-22_14:44 11.9 -999.9 -999.9 63.4 -999.9 -999.9 5.1 -999.9 -999.9 -999.9 -999.9 -999.9 23.9 -999.9 31.3 581.0 0.0 0.0 0.0 0.0 0.0 0.0 13.0 6.5 98.2 63.2 42.2 DCRS_-_São_Francisco_de_Paula/Cambará_do_Sul_(865_m) -999.9 -999.9 -999.9 -999.9 -999.9 12.7 4.1 792.0 Rio_Grande_do_Sul DCRS -999.9 0.0 0.0 861.42 861.42 861.1 0 0.0 861.42 861.42 861.42 861.42
-29.264900 -50.314899 DCRS-00084 2026-09-22_14:45 11.9 -999.9 -999.9 66.5 -999.9 -999.9 5.8 -999.9 -999.9 -999.9 -999.9 -999.9 17.0 -999.9 34.4 543.0 0.0 0.0 0.0 0.0 0.0 0.0 13.0 6.5 98.2 63.2 42.2 DCRS_-_São_Francisco_de_Paula/Cambará_do_Sul_(865_m) -999.9 -999.9 -999.9 -999.9 -999.9 12.7 4.1 792.0 Rio_Grande_do_Sul DCRS -999.9 0.0 0.0 861.42 861.42 861.1 0 0.01 861.42 861.42 861.42 861.42
-29.264900 -50.314899 DCRS-00084 2026-09-22_14:46 12.1 -999.9 -999.9 68.2 -999.9 -999.9 6.4 -999.9 -999.9 -999.9 -999.9 -999.9 19.2 -999.9 34.4 528.0 0.0 0.0 0.0 0.0 0.0 0.0 13.0 6.5 98.2 63.2 42.2 DCRS_-_São_Francisco_de_Paula/Cambará_do_Sul_(865_m) -999.9 -999.9 -999.9 -999.9 -999.9 12.7 4.1 792.0 Rio_Grande_do_Sul DCRS -999.9 0.0 0.0 861.41 861.42 861.1 0 0.0 861.42 861.42 861.42 861.42
-29.264900 -50.314899 DCRS-00084 2026-09-22_14:47 12.0 -999.9 -999.9 67.6 -999.9 -999.9 6.1 -999.9 -999.9 -999.9 -999.9 -999.9 24.5 -999.9 34.4 465.0 0.0 0.0 0.0 0.0 0.0 0.0 13.0 6.5 98.2 63.2 42.2 DCRS_-_São_Francisco_de_Paula/Cambará_do_Sul_(865_m) -999.9 -999.9 -999.9 -999.9 -999.9 12.7 4.1 792.0 Rio_Grande_do_Sul DCRS -999.9 0.0 0.0 861.42 861.42 861.1 1 0.01 861.42 861.42 861.42 861.42
-29.264900 -50.314899 DCRS-00084 2026-09-22_14:48 12.0 -999.9 -999.9 67.8 -999.9 -999.9 6.2 -999.9 -999.9 -999.9 -999.9 -999.9 13.6 -999.9 34.4 481.0 0.0 0.0 0.0 0.0 0.0 0.0 13.0 6.5 98.2 63.2 42.2 DCRS_-_São_Francisco_de_Paula/Cambará_do_Sul_(865_m) -999.9 -999.9 -999.9 -999.9 -999.9 12.7 4.1 792.0 Rio_Grande_do_Sul DCRS -999.9 0.0 0.0 861.42 861.42 861.1 1 0.01 861.42 861.42 861.42 861.42
-29.264900 -50.314899 DCRS-00084 2026-09-22_14:49 12.1 -999.9 -999.9 69.5 -999.9 -999.9 6.6 -999.9 -999.9 -999.9 -999.9 -999.9 18.7 -999.9 34.4 213.0 0.0 0.0 0.0 0.0 0.0 0.0 13.0 6.5 98.2 63.2 42.2 DCRS_-_São_Francisco_de_Paula/Cambará_do_Sul_(865_m) -999.9 -999.9 -999.9 -999.9 -999.9 12.7 4.1 792.0 Rio_Grande_do_Sul DCRS -999.9 0.0 0.0 861.42 861.42 861.1 1 0.01 861.42 861.42 861.42 861.42
-29.264900 -50.314899 DCRS-00084 2026-09-22_14:50 12.0 -999.9 -999.9 68.1 -999.9 -999.9 6.2 -999.9 -999.9 -999.9 -999.9 -999.9 14.3 -999.9 31.3 198.0 0.0 0.0 0.0 0.0 0.0 0.0 13.0 6.5 98.2 63.2 42.2 DCRS_-_São_Francisco_de_Paula/Cambará_do_Sul_(865_m) -999.9 -999.9 -999.9 -999.9 -999.9 12.7 4.1 792.0 Rio_Grande_do_Sul DCRS -999.9 0.0 0.0 861.41 861.42 861.1 1 0.02 861.42 861.42 861.42 861.42
-29.264900 -50.314899 DCRS-00084 2026-09-22_14:51 12.0 -999.9 -999.9 69.5 -999.9 -999.9 6.5 -999.9 -999.9 -999.9 -999.9 -999.9 16.3 -999.9 31.3 226.0 0.0 0.0 0.0 0.0 0.0 0.0 13.0 6.5 98.2 63.2 42.2 DCRS_-_São_Francisco_de_Paula/Cambará_do_Sul_(865_m) -999.9 -999.9 -999.9 -999.9 -999.9 12.7 4.1 792.0 Rio_Grande_do_Sul DCRS -999.9 0.0 0.0 861.41 861.42 861.1 0 -0.01 861.42 861.42 861.42 861.42
-29.264900 -50.314899 DCRS-00084 2026-09-22_14:52 11.8 -999.9 -999.9 66.5 -999.9 -999.9 5.7 -999.9 -999.9 -999.9 -999.9 -999.9 29.1 -999.9 31.3 480.0 0.0 0.0 0.0 0.0 0.0 0.0 13.0 6.5 98.2 63.2 42.2 DCRS_-_São_Francisco_de_Paula/Cambará_do_Sul_(865_m) -999.9 -999.9 -999.9 -999.9 -999.9 12.7 4.1 792.0 Rio_Grande_do_Sul DCRS -999.9 0.0 0.0 861.42 861.42 861.1 0 0.0 861.42 861.42 861.42 861.42
-29.264900 -50.314899 DCRS-00084 2026-09-22_14:53 11.6 -999.9 -999.9 69.1 -999.9 -999.9 6.1 -999.9 -999.9 -999.9 -999.9 -999.9 23.9 -999.9 31.3 274.0 0.0 0.0 0.0 0.0 0.0 0.0 13.0 6.5 98.2 63.2 42.2 DCRS_-_São_Francisco_de_Paula/Cambará_do_Sul_(865_m) -999.9 -999.9 -999.9 -999.9 -999.9 12.7 4.1 792.0 Rio_Grande_do_Sul DCRS -999.9 0.0 0.0 861.41 861.42 861.1 0 -0.01 861.42 861.42 861.42 861.42
-29.264900 -50.314899 DCRS-00084 2026-09-22_14:54 11.7 -999.9 -999.9 69.4 -999.9 -999.9 6.2 -999.9 -999.9 -999.9 -999.9 -999.9 -999.9 -999.9 31.3 452.0 0.0 0.0 0.0 0.0 0.0 0.0 13.0 6.5 98.2 63.2 42.2 DCRS_-_São_Francisco_de_Paula/Cambará_do_Sul_(865_m) -999.9 -999.9 -999.9 -999.9 -999.9 12.7 4.1 792.0 Rio_Grande_do_Sul DCRS -999.9 0.0 0.0 861.42 861.42 861.1 0 0.01 861.42 861.42 861.42 861.42
-29.264900 -50.314899 DCRS-00084 2026-09-22_14:55 11.7 -999.9 -999.9 67.5 -999.9 -999.9 5.8 -999.9 -999.9 -999.9 -999.9 -999.9 16.3 -999.9 34.2 354.0 0.0 0.0 0.0 0.0 0.0 0.0 13.0 6.5 98.2 63.2 42.2 DCRS_-_São_Francisco_de_Paula/Cambará_do_Sul_(865_m) -999.9 -999.9 -999.9 -999.9 -999.9 12.7 4.1 792.0 Rio_Grande_do_Sul DCRS -999.9 0.0 0.0 861.42 861.42 861.1 0 0.01 861.42 861.42 861.42 861.42
-29.264900 -50.314899 DCRS-00084 2026-09-22_14:56 11.7 -999.9 -999.9 68.2 -999.9 -999.9 6.0 -999.9 -999.9 -999.9 -999.9 -999.9 20.4 -999.9 34.2 553.0 0.0 0.0 0.0 0.0 0.0 0.0 13.0 6.5 98.2 63.2 42.2 DCRS_-_São_Francisco_de_Paula/Cambará_do_Sul_(865_m) -999.9 -999.9 -999.9 -999.9 -999.9 12.7 4.1 792.0 Rio_Grande_do_Sul DCRS -999.9 0.0 0.0 861.42 861.42 861.1 0 0.01 861.42 861.42 861.42 861.42
-29.264900 -50.314899 DCRS-00084 2026-09-22_14:57 11.8 -999.9 -999.9 68.9 -999.9 -999.9 6.2 -999.9 -999.9 -999.9 -999.9 -999.9 22.1 -999.9 34.2 234.0 0.0 0.0 0.0 0.0 0.0 0.0 13.0 6.5 98.2 63.2 42.2 DCRS_-_São_Francisco_de_Paula/Cambará_do_Sul_(865_m) -999.9 -999.9 -999.9 -999.9 -999.9 12.7 4.1 792.0 Rio_Grande_do_Sul DCRS -999.9 0.0 0.0 861.42 861.42 861.1 0 0.01 861.42 861.42 861.42 861.42
-29.264900 -50.314899 DCRS-00084 2026-09-22_14:58 11.8 -999.9 -999.9 67.1 -999.9 -999.9 5.8 -999.9 -999.9 -999.9 -999.9 -999.9 20.5 -999.9 34.2 311.0 0.0 0.0 0.0 0.0 0.0 0.0 13.0 6.5 98.2 63.2 42.2 DCRS_-_São_Francisco_de_Paula/Cambará_do_Sul_(865_m) -999.9 -999.9 -999.9 -999.9 -999.9 12.7 4.1 792.0 Rio_Grande_do_Sul DCRS -999.9 0.0 0.0 861.41 861.42 861.1 0 0.0 861.42 861.42 861.42 861.42
-29.264900 -50.314899 DCRS-00084 2026-09-22_14:59 11.7 -999.9 -999.9 67.7 -999.9 -999.9 5.9 -999.9 -999.9 -999.9 -999.9 -999.9 19.8 -999.9 34.2 478.0 0.0 0.0 0.0 0.0 0.0 0.0 13.0 6.5 98.2 63.2 42.2 DCRS_-_São_Francisco_de_Paula/Cambará_do_Sul_(865_m) -999.9 -999.9 -999.9 -999.9 -999.9 12.7 4.1 792.0 Rio_Grande_do_Sul DCRS -999.9 0.0 0.0 861.41 861.42 861.1 0 0.01 861.42 861.42 861.42 861.42
-29.264900 -50.314899 DCRS-00084 2026-09-22_15:00 11.8 -999.9 -999.9 68.3 -999.9 -999.9 6.1 -999.9 -999.9 -999.9 -999.9 -999.9 11.6 -999.9 33.6 523.0 0.0 0.0 0.0 0.0 0.0 0.0 13.0 6.5 98.2 63.2 42.2 DCRS_-_São_Francisco_de_Paula/Cambará_do_Sul_(865_m) -999.9 -999.9 -999.9 -999.9 -999.9 12.7 4.1 792.0 Rio_Grande_do_Sul DCRS -999.9 0.0 0.0 861.42 861.42 861.1 0 0.01 861.42 861.42 861.42 861.42
-29.264900 -50.314899 DCRS-00084 2026-09-22_15:01 11.8 -999.9 -999.9 67.5 -999.9 -999.9 5.9 -999.9 -999.9 -999.9 -999.9 -999.9 27.4 -999.9 33.6 438.0 0.0 0.0 0.0 0.0 0.0 0.0 13.0 6.5 98.2 63.2 42.2 DCRS_-_São_Francisco_de_Paula/Cambará_do_Sul_(865_m) -999.9 -999.9 -999.9 -999.9 -999.9 12.7 4.1 792.0 Rio_Grande_do_Sul DCRS -999.9 0.0 0.0 861.42 861.42 861.1 0 0.01 861.42 861.42 861.42 861.42
-29.264900 -50.314899 DCRS-00084 2026-09-22_15:02 11.8 -999.9 -999.9 66.3 -999.9 -999.9 5.7 -999.9 -999.9 -999.9 -999.9 -999.9 32.9 -999.9 33.6 385.0 0.0 0.0 0.0 0.0 0.0 0.0 13.0 6.5 98.2 63.2 42.2 DCRS_-_São_Francisco_de_Paula/Cambará_do_Sul_(865_m) -999.9 -999.9 -999.9 -999.9 -999.9 12.7 4.1 792.0 Rio_Grande_do_Sul DCRS -999.9 0.0 0.0 861.42 861.42 861.1 0 0.01 861.42 861.42 861.42 861.42
-29.264900 -50.314899 DCRS-00084 2026-09-22_15:03 11.7 -999.9 -999.9 67.5 -999.9 -999.9 5.8 -999.9 -999.9 -999.9 -999.9 -999.9 17.9 -999.9 33.6 289.0 0.0 0.0 0.0 0.0 0.0 0.0 13.0 6.5 98.2 63.2 42.2 DCRS_-_São_Francisco_de_Paula/Cambará_do_Sul_(865_m) -999.9 -999.9 -999.9 -999.9 -999.9 12.7 4.1 792.0 Rio_Grande_do_Sul DCRS -999.9 0.0 0.0 861.42 861.42 861.1 0 0.0 861.42 861.42 861.42 861.42
-29.264900 -50.314899 DCRS-00084 2026-09-22_15:04 11.6 -999.9 -999.9 67.5 -999.9 -999.9 5.7 -999.9 -999.9 -999.9 -999.9 -999.9 18.2 -999.9 33.6 196.0 0.0 0.0 0.0 0.0 0.0 0.0 13.0 6.5 98.2 63.2 42.2 DCRS_-_São_Francisco_de_Paula/Cambará_do_Sul_(865_m) -999.9 -999.9 -999.9 -999.9 -999.9 12.7 4.1 792.0 Rio_Grande_do_Sul DCRS -999.9 0.0 0.0 861.42 861.42 861.1 0 0.01 861.42 861.42 861.42 861.42
-29.264900 -50.314899 DCRS-00084 2026-09-22_15:05 11.6 -999.9 -999.9 68.1 -999.9 -999.9 5.9 -999.9 -999.9 -999.9 -999.9 -999.9 25.7 -999.9 35.1 401.0 0.0 0.0 0.0 0.0 0.0 0.0 13.0 6.5 98.2 63.2 42.2 DCRS_-_São_Francisco_de_Paula/Cambará_do_Sul_(865_m) -999.9 -999.9 -999.9 -999.9 -999.9 12.7 4.1 792.0 Rio_Grande_do_Sul DCRS -999.9 0.0 0.0 861.41 861.42 861.1 0 0.0 861.42 861.42 861.42 861.42
-29.264900 -50.314899 DCRS-00084 2026-09-22_15:06 11.5 -999.9 -999.9 67.6 -999.9 -999.9 5.7 -999.9 -999.9 -999.9 -999.9 -999.9 10.6 -999.9 35.1 220.0 0.0 0.0 0.0 0.0 0.0 0.0 13.0 6.5 98.2 63.2 42.2 DCRS_-_São_Francisco_de_Paula/Cambará_do_Sul_(865_m) -999.9 -999.9 -999.9 -999.9 -999.9 12.7 4.1 792.0 Rio_Grande_do_Sul DCRS -999.9 0.0 0.0 861.42 861.42 861.1 0 0.01 861.42 861.42 861.42 861.42
-29.264900 -50.314899 DCRS-00084 2026-09-22_15:07 11.5 -999.9 -999.9 68.0 -999.9 -999.9 5.7 -999.9 -999.9 -999.9 -999.9 -999.9 13.2 -999.9 35.1 395.0 0.0 0.0 0.0 0.0 0.0 0.0 13.0 6.5 98.2 63.2 42.2 DCRS_-_São_Francisco_de_Paula/Cambará_do_Sul_(865_m) -999.9 -999.9 -999.9 -999.9 -999.9 12.7 4.1 792.0 Rio_Grande_do_Sul DCRS -999.9 0.0 0.0 861.41 861.42 861.1 0 -0.01 861.42 861.42 861.42 861.42
-29.264900 -50.314899 DCRS-00084 2026-09-22_15:08 11.6 -999.9 -999.9 68.4 -999.9 -999.9 5.9 -999.9 -999.9 -999.9 -999.9 -999.9 14.0 -999.9 35.1 368.0 0.0 0.0 0.0 0.0 0.0 0.0 13.0 6.5 98.2 63.2 42.2 DCRS_-_São_Francisco_de_Paula/Cambará_do_Sul_(865_m) -999.9 -999.9 -999.9 -999.9 -999.9 12.7 4.1 792.0 Rio_Grande_do_Sul DCRS -999.9 0.0 0.0 861.42 861.42 861.1 0 0.0 861.42 861.42 861.42 861.42
-29.264900 -50.314899 DCRS-00084 2026-09-22_15:09 11.7 -999.9 -999.9 68.1 -999.9 -999.9 6.0 -999.9 -999.9 -999.9 -999.9 -999.9 24.6 -999.9 35.1 273.0 0.0 0.0 0.0 0.0 0.0 0.0 13.0 6.5 98.2 63.2 42.2 DCRS_-_São_Francisco_de_Paula/Cambará_do_Sul_(865_m) -999.9 -999.9 -999.9 -999.9 -999.9 12.7 4.1 792.0 Rio_Grande_do_Sul DCRS -999.9 0.0 0.0 861.42 861.42 861.1 0 0.01 861.42 861.42 861.42 861.42
-29.264900 -50.314899 DCRS-00084 2026-09-22_15:10 11.7 -999.9 -999.9 68.0 -999.9 -999.9 5.9 -999.9 -999.9 -999.9 -999.9 -999.9 24.6 -999.9 31.6 410.0 0.0 0.0 0.0 0.0 0.0 0.0 13.0 6.5 98.2 63.2 42.2 DCRS_-_São_Francisco_de_Paula/Cambará_do_Sul_(865_m) -999.9 -999.9 -999.9 -999.9 -999.9 12.7 4.1 792.0 Rio_Grande_do_Sul DCRS -999.9 0.0 0.0 861.42 861.42 861.1 0 0.02 861.42 861.42 861.42 861.42
-29.264900 -50.314899 DCRS-00084 2026-09-22_15:11 11.6 -999.9 -999.9 67.5 -999.9 -999.9 5.7 -999.9 -999.9 -999.9 -999.9 -999.9 15.1 -999.9 31.6 221.0 0.0 0.0 0.0 0.0 0.0 0.0 13.0 6.5 98.2 63.2 42.2 DCRS_-_São_Francisco_de_Paula/Cambará_do_Sul_(865_m) -999.9 -999.9 -999.9 -999.9 -999.9 12.7 4.1 792.0 Rio_Grande_do_Sul DCRS -999.9 0.0 0.0 861.41 861.42 861.1 0 0.0 861.42 861.42 861.42 861.42
-29.264900 -50.314899 DCRS-00084 2026-09-22_15:12 11.7 -999.9 -999.9 68.7 -999.9 -999.9 6.1 -999.9 -999.9 -999.9 -999.9 -999.9 11.9 -999.9 31.6 329.0 0.0 0.0 0.0 0.0 0.0 0.0 13.0 6.5 98.2 63.2 42.2 DCRS_-_São_Francisco_de_Paula/Cambará_do_Sul_(865_m) -999.9 -999.9 -999.9 -999.9 -999.9 12.7 4.1 792.0 Rio_Grande_do_Sul DCRS -999.9 0.0 0.0 861.42 861.42 861.1 0 0.01 861.42 861.42 861.42 861.42
-29.264900 -50.314899 DCRS-00084 2026-09-22_15:13 11.8 -999.9 -999.9 68.6 -999.9 -999.9 6.2 -999.9 -999.9 -999.9 -999.9 -999.9 11.1 -999.9 31.6 252.0 0.0 0.0 0.0 0.0 0.0 0.0 13.0 6.5 98.2 63.2 42.2 DCRS_-_São_Francisco_de_Paula/Cambará_do_Sul_(865_m) -999.9 -999.9 -999.9 -999.9 -999.9 12.7 4.1 792.0 Rio_Grande_do_Sul DCRS -999.9 0.0 0.0 861.42 861.42 861.1 0 0.01 861.42 861.42 861.42 861.42
-29.264900 -50.314899 DCRS-00084 2026-09-22_15:14 11.7 -999.9 -999.9 66.8 -999.9 -999.9 5.7 -999.9 -999.9 -999.9 -999.9 -999.9 18.8 -999.9 31.6 203.0 0.0 0.0 0.0 0.0 0.0 0.0 13.0 6.5 98.2 63.2 42.2 DCRS_-_São_Francisco_de_Paula/Cambará_do_Sul_(865_m) -999.9 -999.9 -999.9 -999.9 -999.9 12.7 4.1 792.0 Rio_Grande_do_Sul DCRS -999.9 0.0 0.0 861.42 861.42 861.1 0 0.01 861.42 861.42 861.42 861.42
-29.264900 -50.314899 DCRS-00084 2026-09-22_15:15 11.7 -999.9 -999.9 66.9 -999.9 -999.9 5.7 -999.9 -999.9 -999.9 -999.9 -999.9 19.2 -999.9 30.4 355.0 0.0 0.0 0.0 0.0 0.0 0.0 13.0 6.5 98.2 63.2 42.2 DCRS_-_São_Francisco_de_Paula/Cambará_do_Sul_(865_m) -999.9 -999.9 -999.9 -999.9 -999.9 12.7 4.1 792.0 Rio_Grande_do_Sul DCRS -999.9 0.0 0.0 861.42 861.42 861.1 0 0.01 861.42 861.42 861.42 861.42
-29.264900 -50.314899 DCRS-00084 2026-09-22_15:16 11.5 -999.9 -999.9 67.0 -999.9 -999.9 5.5 -999.9 -999.9 -999.9 -999.9 -999.9 18.3 -999.9 30.4 479.0 0.0 0.0 0.0 0.0 0.0 0.0 13.0 6.5 98.2 63.2 42.2 DCRS_-_São_Francisco_de_Paula/Cambará_do_Sul_(865_m) -999.9 -999.9 -999.9 -999.9 -999.9 12.7 4.1 792.0 Rio_Grande_do_Sul DCRS -999.9 0.0 0.0 861.42 861.42 861.1 0 0.01 861.42 861.42 861.42 861.42
-29.264900 -50.314899 DCRS-00084 2026-09-22_15:17 11.6 -999.9 -999.9 66.5 -999.9 -999.9 5.5 -999.9 -999.9 -999.9 -999.9 -999.9 24.0 -999.9 30.4 280.0 0.0 0.0 0.0 0.0 0.0 0.0 13.0 6.5 98.2 63.2 42.2 DCRS_-_São_Francisco_de_Paula/Cambará_do_Sul_(865_m) -999.9 -999.9 -999.9 -999.9 -999.9 12.7 4.1 792.0 Rio_Grande_do_Sul DCRS -999.9 0.0 0.0 861.42 861.42 861.1 0 0.01 861.42 861.42 861.42 861.42
-29.264900 -50.314899 DCRS-00084 2026-09-22_15:18 11.5 -999.9 -999.9 68.2 -999.9 -999.9 5.8 -999.9 -999.9 -999.9 -999.9 -999.9 12.0 -999.9 30.4 231.0 0.0 0.0 0.0 0.0 0.0 0.0 13.0 6.5 98.2 63.2 42.2 DCRS_-_São_Francisco_de_Paula/Cambará_do_Sul_(865_m) -999.9 -999.9 -999.9 -999.9 -999.9 12.7 4.1 792.0 Rio_Grande_do_Sul DCRS -999.9 0.0 0.0 861.41 861.42 861.1 0 0.0 861.42 861.42 861.42 861.42
-29.264900 -50.314899 DCRS-00084 2026-09-22_15:19 11.5 -999.9 -999.9 67.0 -999.9 -999.9 5.5 -999.9 -999.9 -999.9 -999.9 -999.9 16.6 -999.9 30.4 463.0 0.0 0.0 0.0 0.0 0.0 0.0 13.0 6.5 98.2 63.2 42.2 DCRS_-_São_Francisco_de_Paula/Cambará_do_Sul_(865_m) -999.9 -999.9 -999.9 -999.9 -999.9 12.7 4.1 792.0 Rio_Grande_do_Sul DCRS -999.9 0.0 0.0 861.42 861.42 861.1 0 0.01 861.42 861.42 861.42 861.42
-29.264900 -50.314899 DCRS-00084 2026-09-22_15:20 11.5 -999.9 -999.9 65.6 -999.9 -999.9 5.2 -999.9 -999.9 -999.9 -999.9 -999.9 19.2 -999.9 29.1 439.0 0.0 0.0 0.0 0.0 0.0 0.0 13.0 6.5 98.2 63.2 42.2 DCRS_-_São_Francisco_de_Paula/Cambará_do_Sul_(865_m) -999.9 -999.9 -999.9 -999.9 -999.9 12.7 4.1 792.0 Rio_Grande_do_Sul DCRS -999.9 0.0 0.0 861.41 861.42 861.1 0 -0.01 861.42 861.42 861.42 861.42
-29.264900 -50.314899 DCRS-00084 2026-09-22_15:21 11.5 -999.9 -999.9 67.1 -999.9 -999.9 5.5 -999.9 -999.9 -999.9 -999.9 -999.9 27.4 -999.9 29.1 344.0 0.0 0.0 0.0 0.0 0.0 0.0 13.0 6.5 98.2 63.2 42.2 DCRS_-_São_Francisco_de_Paula/Cambará_do_Sul_(865_m) -999.9 -999.9 -999.9 -999.9 -999.9 12.7 4.1 792.0 Rio_Grande_do_Sul DCRS -999.9 0.0 0.0 861.42 861.42 861.1 0 0.01 861.42 861.42 861.42 861.42
-29.264900 -50.314899 DCRS-00084 2026-09-22_15:22 11.4 -999.9 -999.9 66.2 -999.9 -999.9 5.3 -999.9 -999.9 -999.9 -999.9 -999.9 22.1 -999.9 29.1 273.0 0.0 0.0 0.0 0.0 0.0 0.0 13.0 6.5 98.2 63.2 42.2 DCRS_-_São_Francisco_de_Paula/Cambará_do_Sul_(865_m) -999.9 -999.9 -999.9 -999.9 -999.9 12.7 4.1 792.0 Rio_Grande_do_Sul DCRS -999.9 0.0 0.0 861.41 861.42 861.1 0 0.0 861.42 861.42 861.42 861.42
-29.264900 -50.314899 DCRS-00084 2026-09-22_15:23 11.3 -999.9 -999.9 65.7 -999.9 -999.9 5.1 -999.9 -999.9 -999.9 -999.9 -999.9 21.4 -999.9 29.1 251.0 0.0 0.0 0.0 0.0 0.0 0.0 13.0 6.5 98.2 63.2 42.2 DCRS_-_São_Francisco_de_Paula/Cambará_do_Sul_(865_m) -999.9 -999.9 -999.9 -999.9 -999.9 12.7 4.1 792.0 Rio_Grande_do_Sul DCRS -999.9 0.0 0.0 861.43 861.43 861.1 0 0.01 861.43 861.43 861.43 861.43
-29.264900 -50.314899 DCRS-00084 2026-09-22_15:24 11.4 -999.9 -999.9 67.1 -999.9 -999.9 5.5 -999.9 -999.9 -999.9 -999.9 -999.9 18.3 -999.9 29.1 468.0 0.0 0.0 0.0 0.0 0.0 0.0 13.0 6.5 98.2 63.2 42.2 DCRS_-_São_Francisco_de_Paula/Cambará_do_Sul_(865_m) -999.9 -999.9 -999.9 -999.9 -999.9 12.7 4.1 792.0 Rio_Grande_do_Sul DCRS -999.9 0.0 0.0 861.41 861.43 861.1 0 0.0 861.43 861.43 861.43 861.43
-29.264900 -50.314899 DCRS-00084 2026-09-22_15:25 11.4 -999.9 -999.9 66.6 -999.9 -999.9 5.3 -999.9 -999.9 -999.9 -999.9 -999.9 18.1 -999.9 29.9 453.0 0.0 0.0 0.0 0.0 0.0 0.0 13.0 6.5 98.2 63.2 42.2 DCRS_-_São_Francisco_de_Paula/Cambará_do_Sul_(865_m) -999.9 -999.9 -999.9 -999.9 -999.9 12.7 4.1 792.0 Rio_Grande_do_Sul DCRS -999.9 0.0 0.0 861.42 861.43 861.1 0 0.0 861.43 861.43 861.43 861.43
-29.264900 -50.314899 DCRS-00084 2026-09-22_15:26 11.4 -999.9 -999.9 68.1 -999.9 -999.9 5.7 -999.9 -999.9 -999.9 -999.9 -999.9 16.6 -999.9 29.9 462.0 0.0 0.0 0.0 0.0 0.0 0.0 13.0 6.5 98.2 63.2 42.2 DCRS_-_São_Francisco_de_Paula/Cambará_do_Sul_(865_m) -999.9 -999.9 -999.9 -999.9 -999.9 12.7 4.1 792.0 Rio_Grande_do_Sul DCRS -999.9 0.0 0.0 861.42 861.43 861.1 0 0.0 861.43 861.43 861.43 861.43
-29.264900 -50.314899 DCRS-00084 2026-09-22_15:27 11.6 -999.9 -999.9 67.7 -999.9 -999.9 5.8 -999.9 -999.9 -999.9 -999.9 -999.9 29.7 -999.9 29.9 423.0 0.0 0.0 0.0 0.0 0.0 0.0 13.0 6.5 98.2 63.2 42.2 DCRS_-_São_Francisco_de_Paula/Cambará_do_Sul_(865_m) -999.9 -999.9 -999.9 -999.9 -999.9 12.7 4.1 792.0 Rio_Grande_do_Sul DCRS -999.9 0.0 0.0 861.42 861.43 861.1 0 0.02 861.43 861.43 861.43 861.43
-29.264900 -50.314899 DCRS-00084 2026-09-22_15:28 11.6 -999.9 -999.9 66.9 -999.9 -999.9 5.6 -999.9 -999.9 -999.9 -999.9 -999.9 29.6 -999.9 29.9 392.0 0.0 0.0 0.0 0.0 0.0 0.0 13.0 6.5 98.2 63.2 42.2 DCRS_-_São_Francisco_de_Paula/Cambará_do_Sul_(865_m) -999.9 -999.9 -999.9 -999.9 -999.9 12.7 4.1 792.0 Rio_Grande_do_Sul DCRS -999.9 0.0 0.0 861.4 861.43 861.1 0 -0.01 861.43 861.43 861.43 861.43
-29.264900 -50.314899 DCRS-00084 2026-09-22_15:29 11.5 -999.9 -999.9 66.3 -999.9 -999.9 5.4 -999.9 -999.9 -999.9 -999.9 -999.9 21.1 -999.9 29.9 336.0 0.0 0.0 0.0 0.0 0.0 0.0 13.0 6.5 98.2 63.2 42.2 DCRS_-_São_Francisco_de_Paula/Cambará_do_Sul_(865_m) -999.9 -999.9 -999.9 -999.9 -999.9 12.7 4.1 792.0 Rio_Grande_do_Sul DCRS -999.9 0.0 0.0 861.42 861.43 861.1 0 0.0 861.43 861.43 861.43 861.43
-29.264900 -50.314899 DCRS-00084 2026-09-22_15:30 11.5 -999.9 -999.9 67.7 -999.9 -999.9 5.7 -999.9 -999.9 -999.9 -999.9 -999.9 14.2 -999.9 31.0 310.0 0.0 0.0 0.0 0.0 0.0 0.0 13.0 6.5 98.2 63.2 42.2 DCRS_-_São_Francisco_de_Paula/Cambará_do_Sul_(865_m) -999.9 -999.9 -999.9 -999.9 -999.9 12.7 4.1 792.0 Rio_Grande_do_Sul DCRS -999.9 0.0 0.0 861.42 861.43 861.1 0 0.0 861.43 861.43 861.43 861.43
-29.264900 -50.314899 DCRS-00084 2026-09-22_15:31 11.5 -999.9 -999.9 68.2 -999.9 -999.9 5.8 -999.9 -999.9 -999.9 -999.9 -999.9 24.0 -999.9 31.0 337.0 0.0 0.0 0.0 0.0 0.0 0.0 13.0 6.5 98.2 63.2 42.2 DCRS_-_São_Francisco_de_Paula/Cambará_do_Sul_(865_m) -999.9 -999.9 -999.9 -999.9 -999.9 12.7 4.1 792.0 Rio_Grande_do_Sul DCRS -999.9 0.0 0.0 861.4 861.43 861.1 0 -0.02 861.43 861.43 861.43 861.43
-29.264900 -50.314899 DCRS-00084 2026-09-22_15:32 11.5 -999.9 -999.9 66.8 -999.9 -999.9 5.5 -999.9 -999.9 -999.9 -999.9 -999.9 13.2 -999.9 31.0 355.0 0.0 0.0 0.0 0.0 0.0 0.0 13.0 6.5 98.2 63.2 42.2 DCRS_-_São_Francisco_de_Paula/Cambará_do_Sul_(865_m) -999.9 -999.9 -999.9 -999.9 -999.9 12.7 4.1 792.0 Rio_Grande_do_Sul DCRS -999.9 0.0 0.0 861.42 861.43 861.1 0 0.0 861.43 861.43 861.43 861.43
-29.264900 -50.314899 DCRS-00084 2026-09-22_15:33 11.5 -999.9 -999.9 67.3 -999.9 -999.9 5.6 -999.9 -999.9 -999.9 -999.9 -999.9 21.7 -999.9 31.0 344.0 0.0 0.0 0.0 0.0 0.0 0.0 13.0 6.5 98.2 63.2 42.2 DCRS_-_São_Francisco_de_Paula/Cambará_do_Sul_(865_m) -999.9 -999.9 -999.9 -999.9 -999.9 12.7 4.1 792.0 Rio_Grande_do_Sul DCRS -999.9 0.0 0.0 861.42 861.43 861.1 0 0.0 861.43 861.43 861.43 861.43
-29.264900 -50.314899 DCRS-00084 2026-09-22_15:34 11.4 -999.9 -999.9 66.6 -999.9 -999.9 5.3 -999.9 -999.9 -999.9 -999.9 -999.9 23.9 -999.9 31.0 353.0 0.0 0.0 0.0 0.0 0.0 0.0 13.0 6.5 98.2 63.2 42.2 DCRS_-_São_Francisco_de_Paula/Cambará_do_Sul_(865_m) -999.9 -999.9 -999.9 -999.9 -999.9 12.7 4.1 792.0 Rio_Grande_do_Sul DCRS -999.9 0.0 0.0 861.42 861.43 861.1 0 0.01 861.43 861.43 861.43 861.43
-29.264900 -50.314899 DCRS-00084 2026-09-22_15:35 11.5 -999.9 -999.9 67.7 -999.9 -999.9 5.7 -999.9 -999.9 -999.9 -999.9 -999.9 14.9 -999.9 31.4 371.0 0.0 0.0 0.0 0.0 0.0 0.0 13.0 6.5 98.2 63.2 42.2 DCRS_-_São_Francisco_de_Paula/Cambará_do_Sul_(865_m) -999.9 -999.9 -999.9 -999.9 -999.9 12.7 4.1 792.0 Rio_Grande_do_Sul DCRS -999.9 0.0 0.0 861.42 861.43 861.1 0 0.0 861.43 861.43 861.43 861.43
-29.264900 -50.314899 DCRS-00084 2026-09-22_15:36 11.4 -999.9 -999.9 66.8 -999.9 -999.9 5.4 -999.9 -999.9 -999.9 -999.9 -999.9 15.6 -999.9 31.4 237.0 0.0 0.0 0.0 0.0 0.0 0.0 13.0 6.5 98.2 63.2 42.2 DCRS_-_São_Francisco_de_Paula/Cambará_do_Sul_(865_m) -999.9 -999.9 -999.9 -999.9 -999.9 12.7 4.1 792.0 Rio_Grande_do_Sul DCRS -999.9 0.0 0.0 861.42 861.43 861.1 0 0.0 861.43 861.43 861.43 861.43
-29.264900 -50.314899 DCRS-00084 2026-09-22_15:37 11.4 -999.9 -999.9 66.9 -999.9 -999.9 5.4 -999.9 -999.9 -999.9 -999.9 -999.9 12.9 -999.9 31.4 352.0 0.0 0.0 0.0 0.0 0.0 0.0 13.0 6.5 98.2 63.2 42.2 DCRS_-_São_Francisco_de_Paula/Cambará_do_Sul_(865_m) -999.9 -999.9 -999.9 -999.9 -999.9 12.7 4.1 792.0 Rio_Grande_do_Sul DCRS -999.9 0.0 0.0 861.43 861.43 861.1 0 0.01 861.43 861.43 861.43 861.43
-29.264900 -50.314899 DCRS-00084 2026-09-22_15:38 11.4 -999.9 -999.9 68.5 -999.9 -999.9 -999.9 -999.9 -999.9 -999.9 -999.9 -999.9 19.0 -999.9 31.4 189.0 0.0 0.0 0.0 0.0 0.0 0.0 13.0 6.5 98.2 63.2 42.2 DCRS_-_São_Francisco_de_Paula/Cambará_do_Sul_(865_m) -999.9 -999.9 -999.9 -999.9 -999.9 12.7 4.1 792.0 Rio_Grande_do_Sul DCRS -999.9 0.0 0.0 861.41 861.43 861.1 0 -0.01 861.43 861.43 861.43 861.43
-29.264900 -50.314899 DCRS-00084 2026-09-22_15:39 11.4 -999.9 -999.9 68.9 -999.9 -999.9 5.8 -999.9 -999.9 -999.9 -999.9 -999.9 21.5 -999.9 31.4 190.0 0.0 0.0 0.0 0.0 0.0 0.0 13.0 6.5 98.2 63.2 42.2 DCRS_-_São_Francisco_de_Paula/Cambará_do_Sul_(865_m) -999.9 -999.9 -999.9 -999.9 -999.9 12.7 4.1 792.0 Rio_Grande_do_Sul DCRS -999.9 0.0 0.0 861.42 861.43 861.1 0 0.0 861.43 861.43 861.43 861.43
-29.264900 -50.314899 DCRS-00084 2026-09-22_15:40 11.3 -999.9 -999.9 67.3 -999.9 -999.9 5.4 -999.9 -999.9 -999.9 -999.9 -999.9 21.7 -999.9 31.9 202.0 0.0 0.0 0.0 0.0 0.0 0.0 13.0 6.5 98.2 63.2 42.2 DCRS_-_São_Francisco_de_Paula/Cambará_do_Sul_(865_m) -999.9 -999.9 -999.9 -999.9 -999.9 12.7 4.1 792.0 Rio_Grande_do_Sul DCRS -999.9 0.0 0.0 861.42 861.43 861.1 0 0.0 861.43 861.43 861.43 861.43
-29.264900 -50.314899 DCRS-00084 2026-09-22_15:41 11.1 -999.9 -999.9 68.8 -999.9 -999.9 5.5 -999.9 -999.9 -999.9 -999.9 -999.9 18.3 -999.9 31.9 366.0 0.0 0.0 0.0 0.0 0.0 0.0 13.0 6.5 98.2 63.2 42.2 DCRS_-_São_Francisco_de_Paula/Cambará_do_Sul_(865_m) -999.9 -999.9 -999.9 -999.9 -999.9 12.7 4.1 792.0 Rio_Grande_do_Sul DCRS -999.9 0.0 0.0 861.42 861.43 861.1 0 0.01 861.43 861.43 861.43 861.43
-29.264900 -50.314899 DCRS-00084 2026-09-22_15:42 11.0 -999.9 -999.9 68.7 -999.9 -999.9 5.4 -999.9 -999.9 -999.9 -999.9 -999.9 22.9 -999.9 31.9 260.0 0.0 0.0 0.0 0.0 0.0 0.0 13.0 6.5 98.2 63.2 42.2 DCRS_-_São_Francisco_de_Paula/Cambará_do_Sul_(865_m) -999.9 -999.9 -999.9 -999.9 -999.9 12.7 4.1 792.0 Rio_Grande_do_Sul DCRS -999.9 0.0 0.0 861.42 861.43 861.1 0 0.01 861.43 861.43 861.43 861.43
-29.264900 -50.314899 DCRS-00084 2026-09-22_15:43 11.0 -999.9 -999.9 68.7 -999.9 -999.9 5.4 -999.9 -999.9 -999.9 -999.9 -999.9 -999.9 -999.9 31.9 171.0 0.0 0.0 0.0 0.0 0.0 0.0 13.0 6.5 98.2 63.2 42.2 DCRS_-_São_Francisco_de_Paula/Cambará_do_Sul_(865_m) -999.9 -999.9 -999.9 -999.9 -999.9 12.7 4.1 792.0 Rio_Grande_do_Sul DCRS -999.9 0.0 0.0 861.41 861.43 861.1 0 -0.01 861.43 861.43 861.43 861.43
-29.264900 -50.314899 DCRS-00084 2026-09-22_15:44 10.9 -999.9 -999.9 70.2 -999.9 -999.9 5.6 -999.9 -999.9 -999.9 -999.9 -999.9 23.1 -999.9 31.9 415.0 0.0 0.0 0.0 0.0 0.0 0.0 13.0 6.5 98.2 63.2 42.2 DCRS_-_São_Francisco_de_Paula/Cambará_do_Sul_(865_m) -999.9 -999.9 -999.9 -999.9 -999.9 12.7 4.1 792.0 Rio_Grande_do_Sul DCRS -999.9 0.0 0.0 861.42 861.43 861.1 0 0.0 861.43 861.43 861.43 861.43
-29.264900 -50.314899 DCRS-00084 2026-09-22_15:45 10.9 -999.9 -999.9 69.2 -999.9 -999.9 5.4 -999.9 -999.9 -999.9 -999.9 -999.9 24.2 -999.9 35.7 425.0 0.0 0.0 0.0 0.0 0.0 0.0 13.0 6.5 98.2 63.2 42.2 DCRS_-_São_Francisco_de_Paula/Cambará_do_Sul_(865_m) -999.9 -999.9 -999.9 -999.9 -999.9 12.7 4.1 792.0 Rio_Grande_do_Sul DCRS -999.9 0.0 0.0 861.42 861.43 861.1 0 0.0 861.43 861.43 861.43 861.43
-29.264900 -50.314899 DCRS-00084 2026-09-22_15:46 11.0 -999.9 -999.9 69.6 -999.9 -999.9 5.6 -999.9 -999.9 -999.9 -999.9 -999.9 19.7 -999.9 35.7 179.0 0.0 0.0 0.0 0.0 0.0 0.0 13.0 6.5 98.2 63.2 42.2 DCRS_-_São_Francisco_de_Paula/Cambará_do_Sul_(865_m) -999.9 -999.9 -999.9 -999.9 -999.9 12.7 4.1 792.0 Rio_Grande_do_Sul DCRS -999.9 0.0 0.0 861.41 861.43 861.1 0 0.0 861.43 861.43 861.43 861.43
-29.264900 -50.314899 DCRS-00084 2026-09-22_15:47 11.0 -999.9 -999.9 69.5 -999.9 -999.9 5.6 -999.9 -999.9 -999.9 -999.9 -999.9 21.8 -999.9 35.7 405.0 0.0 0.0 0.0 0.0 0.0 0.0 13.0 6.5 98.2 63.2 42.2 DCRS_-_São_Francisco_de_Paula/Cambará_do_Sul_(865_m) -999.9 -999.9 -999.9 -999.9 -999.9 12.7 4.1 792.0 Rio_Grande_do_Sul DCRS -999.9 0.0 0.0 861.42 861.43 861.1 0 0.0 861.43 861.43 861.43 861.43
-29.264900 -50.314899 DCRS-00084 2026-09-22_15:48 11.0 -999.9 -999.9 69.7 -999.9 -999.9 5.6 -999.9 -999.9 -999.9 -999.9 -999.9 17.3 -999.9 35.7 384.0 0.0 0.0 0.0 0.0 0.0 0.0 13.0 6.5 98.2 63.2 42.2 DCRS_-_São_Francisco_de_Paula/Cambará_do_Sul_(865_m) -999.9 -999.9 -999.9 -999.9 -999.9 12.7 4.1 792.0 Rio_Grande_do_Sul DCRS -999.9 0.0 0.0 861.43 861.43 861.1 0 0.01 861.43 861.43 861.43 861.43
-29.264900 -50.314899 DCRS-00084 2026-09-22_15:49 11.2 -999.9 -999.9 71.1 -999.9 -999.9 6.1 -999.9 -999.9 -999.9 -999.9 -999.9 14.0 -999.9 35.7 344.0 0.0 0.0 0.0 0.0 0.0 0.0 13.0 6.5 98.2 63.2 42.2 DCRS_-_São_Francisco_de_Paula/Cambará_do_Sul_(865_m) -999.9 -999.9 -999.9 -999.9 -999.9 12.7 4.1 792.0 Rio_Grande_do_Sul DCRS -999.9 0.0 0.0 861.42 861.43 861.1 0 0.01 861.43 861.43 861.43 861.43
-29.264900 -50.314899 DCRS-00084 2026-09-22_15:50 11.3 -999.9 -999.9 70.5 -999.9 -999.9 6.1 -999.9 -999.9 -999.9 -999.9 -999.9 13.9 -999.9 28.6 346.0 0.0 0.0 0.0 0.0 0.0 0.0 13.0 6.5 98.2 63.2 42.2 DCRS_-_São_Francisco_de_Paula/Cambará_do_Sul_(865_m) -999.9 -999.9 -999.9 -999.9 -999.9 12.7 4.1 792.0 Rio_Grande_do_Sul DCRS -999.9 0.0 0.0 861.43 861.43 861.1 0 0.02 861.43 861.43 861.43 861.43
-29.264900 -50.314899 DCRS-00084 2026-09-22_15:51 11.4 -999.9 -999.9 69.7 -999.9 -999.9 6.0 -999.9 -999.9 -999.9 -999.9 -999.9 22.4 -999.9 28.6 377.0 0.0 0.0 0.0 0.0 0.0 0.0 13.0 6.5 98.2 63.2 42.2 DCRS_-_São_Francisco_de_Paula/Cambará_do_Sul_(865_m) -999.9 -999.9 -999.9 -999.9 -999.9 12.7 4.1 792.0 Rio_Grande_do_Sul DCRS -999.9 0.0 0.0 861.42 861.43 861.1 0 0.01 861.43 861.43 861.43 861.43
-29.264900 -50.314899 DCRS-00084 2026-09-22_15:52 11.3 -999.9 -999.9 69.8 -999.9 -999.9 5.9 -999.9 -999.9 -999.9 -999.9 -999.9 24.4 -999.9 28.6 429.0 0.0 0.0 0.0 0.0 0.0 0.0 13.0 6.5 98.2 63.2 42.2 DCRS_-_São_Francisco_de_Paula/Cambará_do_Sul_(865_m) -999.9 -999.9 -999.9 -999.9 -999.9 12.7 4.1 792.0 Rio_Grande_do_Sul DCRS -999.9 0.0 0.0 861.42 861.43 861.1 0 0.0 861.43 861.43 861.43 861.43
-29.264900 -50.314899 DCRS-00084 2026-09-22_15:53 11.2 -999.9 -999.9 69.8 -999.9 -999.9 5.8 -999.9 -999.9 -999.9 -999.9 -999.9 17.3 -999.9 28.6 154.0 0.0 0.0 0.0 0.0 0.0 0.0 13.0 6.5 98.2 63.2 42.2 DCRS_-_São_Francisco_de_Paula/Cambará_do_Sul_(865_m) -999.9 -999.9 -999.9 -999.9 -999.9 12.7 4.1 792.0 Rio_Grande_do_Sul DCRS -999.9 0.0 0.0 861.42 861.43 861.1 0 0.0 861.43 861.43 861.43 861.43
-29.264900 -50.314899 DCRS-00084 2026-09-22_15:54 11.2 -999.9 -999.9 69.5 -999.9 -999.9 5.8 -999.9 -999.9 -999.9 -999.9 -999.9 23.3 -999.9 28.6 392.0 0.0 0.0 0.0 0.0 0.0 0.0 13.0 6.5 98.2 63.2 42.2 DCRS_-_São_Francisco_de_Paula/Cambará_do_Sul_(865_m) -999.9 -999.9 -999.9 -999.9 -999.9 12.7 4.1 792.0 Rio_Grande_do_Sul DCRS -999.9 0.0 0.0 861.42 861.43 861.1 0 0.0 861.43 861.43 861.43 861.43
-29.264900 -50.314899 DCRS-00084 2026-09-22_15:55 11.2 -999.9 -999.9 71.0 -999.9 -999.9 6.1 -999.9 -999.9 -999.9 -999.9 -999.9 11.8 -999.9 26.7 376.0 0.0 0.0 0.0 0.0 0.0 0.0 13.0 6.5 98.2 63.2 42.2 DCRS_-_São_Francisco_de_Paula/Cambará_do_Sul_(865_m) -999.9 -999.9 -999.9 -999.9 -999.9 12.7 4.1 792.0 Rio_Grande_do_Sul DCRS -999.9 0.0 0.0 861.42 861.43 861.1 0 0.0 861.43 861.43 861.43 861.43
-29.264900 -50.314899 DCRS-00084 2026-09-22_15:56 11.3 -999.9 -999.9 71.5 -999.9 -999.9 6.3 -999.9 -999.9 -999.9 -999.9 -999.9 13.0 -999.9 26.7 367.0 0.0 0.0 0.0 0.0 0.0 0.0 13.0 6.5 98.2 63.2 42.2 DCRS_-_São_Francisco_de_Paula/Cambará_do_Sul_(865_m) -999.9 -999.9 -999.9 -999.9 -999.9 12.7 4.1 792.0 Rio_Grande_do_Sul DCRS -999.9 0.0 0.0 861.42 861.43 861.1 0 0.0 861.43 861.43 861.43 861.43
-29.264900 -50.314899 DCRS-00084 2026-09-22_15:57 11.3 -999.9 -999.9 69.2 -999.9 -999.9 5.8 -999.9 -999.9 -999.9 -999.9 -999.9 -999.9 -999.9 26.7 371.0 0.0 0.0 0.0 0.0 0.0 0.0 13.0 6.5 98.2 63.2 42.2 DCRS_-_São_Francisco_de_Paula/Cambará_do_Sul_(865_m) -999.9 -999.9 -999.9 -999.9 -999.9 12.7 4.1 792.0 Rio_Grande_do_Sul DCRS -999.9 0.0 0.0 861.41 861.43 861.1 0 -0.01 861.43 861.43 861.43 861.43
-29.264900 -50.314899 DCRS-00084 2026-09-22_15:58 11.2 -999.9 -999.9 69.4 -999.9 -999.9 5.8 -999.9 -999.9 -999.9 -999.9 -999.9 19.3 -999.9 26.7 383.0 0.0 0.0 0.0 0.0 0.0 0.0 13.0 6.5 98.2 63.2 42.2 DCRS_-_São_Francisco_de_Paula/Cambará_do_Sul_(865_m) -999.9 -999.9 -999.9 -999.9 -999.9 12.7 4.1 792.0 Rio_Grande_do_Sul DCRS -999.9 0.0 0.0 861.43 861.43 861.1 0 0.02 861.43 861.43 861.43 861.43
-29.264900 -50.314899 DCRS-00084 2026-09-22_15:59 11.2 -999.9 -999.9 70.3 -999.9 -999.9 5.9 -999.9 -999.9 -999.9 -999.9 -999.9 17.0 -999.9 26.7 357.0 0.0 0.0 0.0 0.0 0.0 0.0 13.0 6.5 98.2 63.2 42.2 DCRS_-_São_Francisco_de_Paula/Cambará_do_Sul_(865_m) -999.9 -999.9 -999.9 -999.9 -999.9 12.7 4.1 792.0 Rio_Grande_do_Sul DCRS -999.9 0.0 0.0 861.42 861.43 861.1 0 0.01 861.43 861.43 861.43 861.43
-29.264900 -50.314899 DCRS-00084 2026-09-22_16:00 11.3 -999.9 -999.9 69.0 -999.9 -999.9 5.8 -999.9 -999.9 -999.9 -999.9 -999.9 21.4 -999.9 37.3 342.0 0.0 0.0 0.0 0.0 0.0 0.0 13.0 6.5 98.2 63.2 42.2 DCRS_-_São_Francisco_de_Paula/Cambará_do_Sul_(865_m) -999.9 -999.9 -999.9 -999.9 -999.9 12.7 4.1 792.0 Rio_Grande_do_Sul DCRS -999.9 0.0 0.0 861.42 861.43 861.1 0 0.0 861.43 861.43 861.43 861.43
-29.264900 -50.314899 DCRS-00084 2026-09-22_16:01 11.4 -999.9 -999.9 68.0 -999.9 -999.9 5.6 -999.9 -999.9 -999.9 -999.9 -999.9 15.1 -999.9 37.3 235.0 0.0 0.0 0.0 0.0 0.0 0.0 13.0 6.5 98.2 63.2 42.2 DCRS_-_São_Francisco_de_Paula/Cambará_do_Sul_(865_m) -999.9 -999.9 -999.9 -999.9 -999.9 12.7 4.1 792.0 Rio_Grande_do_Sul DCRS -999.9 0.0 0.0 861.42 861.43 861.1 0 0.0 861.43 861.43 861.43 861.43
-29.264900 -50.314899 DCRS-00084 2026-09-22_16:02 11.4 -999.9 -999.9 68.2 -999.9 -999.9 5.7 -999.9 -999.9 -999.9 -999.9 -999.9 24.8 -999.9 37.3 140.0 0.0 0.0 0.0 0.0 0.0 0.0 13.0 6.5 98.2 63.2 42.2 DCRS_-_São_Francisco_de_Paula/Cambará_do_Sul_(865_m) -999.9 -999.9 -999.9 -999.9 -999.9 12.7 4.1 792.0 Rio_Grande_do_Sul DCRS -999.9 0.0 0.0 861.42 861.43 861.1 0 0.0 861.43 861.43 861.43 861.43
-29.264900 -50.314899 DCRS-00084 2026-09-22_16:03 11.2 -999.9 -999.9 67.0 -999.9 -999.9 5.2 -999.9 -999.9 -999.9 -999.9 -999.9 36.3 -999.9 37.3 160.0 0.0 0.0 0.0 0.0 0.0 0.0 13.0 6.5 98.2 63.2 42.2 DCRS_-_São_Francisco_de_Paula/Cambará_do_Sul_(865_m) -999.9 -999.9 -999.9 -999.9 -999.9 12.7 4.1 792.0 Rio_Grande_do_Sul DCRS -999.9 0.0 0.0 861.42 861.43 861.1 0 0.0 861.43 861.43 861.43 861.43
-29.264900 -50.314899 DCRS-00084 2026-09-22_16:04 10.9 -999.9 -999.9 67.8 -999.9 -999.9 5.1 -999.9 -999.9 -999.9 -999.9 -999.9 27.0 -999.9 37.3 143.0 0.0 0.0 0.0 0.0 0.0 0.0 13.0 6.5 98.2 63.2 42.2 DCRS_-_São_Francisco_de_Paula/Cambará_do_Sul_(865_m) -999.9 -999.9 -999.9 -999.9 -999.9 12.7 4.1 792.0 Rio_Grande_do_Sul DCRS -999.9 0.0 0.0 861.41 861.43 861.1 0 -0.01 861.43 861.43 861.43 861.43
-29.264900 -50.314899 DCRS-00084 2026-09-22_16:05 10.6 -999.9 -999.9 69.4 -999.9 -999.9 5.2 -999.9 -999.9 -999.9 -999.9 -999.9 25.5 -999.9 36.6 158.0 0.0 0.0 0.0 0.0 0.0 0.0 13.0 6.5 98.2 63.2 42.2 DCRS_-_São_Francisco_de_Paula/Cambará_do_Sul_(865_m) -999.9 -999.9 -999.9 -999.9 -999.9 12.7 4.1 792.0 Rio_Grande_do_Sul DCRS -999.9 0.0 0.0 861.42 861.43 861.1 0 0.01 861.43 861.43 861.43 861.43
-29.264900 -50.314899 DCRS-00084 2026-09-22_16:06 10.6 -999.9 -999.9 69.8 -999.9 -999.9 5.3 -999.9 -999.9 -999.9 -999.9 -999.9 25.6 -999.9 36.6 142.0 0.0 0.0 0.0 0.0 0.0 0.0 13.0 6.5 98.2 63.2 42.2 DCRS_-_São_Francisco_de_Paula/Cambará_do_Sul_(865_m) -999.9 -999.9 -999.9 -999.9 -999.9 12.7 4.1 792.0 Rio_Grande_do_Sul DCRS -999.9 0.0 0.0 861.42 861.43 861.1 0 0.01 861.43 861.43 861.43 861.43
-29.264900 -50.314899 DCRS-00084 2026-09-22_16:07 10.5 -999.9 -999.9 70.3 -999.9 -999.9 5.3 -999.9 -999.9 -999.9 -999.9 -999.9 26.7 -999.9 36.6 112.0 0.0 0.0 0.0 0.0 0.0 0.0 13.0 6.5 98.2 63.2 42.2 DCRS_-_São_Francisco_de_Paula/Cambará_do_Sul_(865_m) -999.9 -999.9 -999.9 -999.9 -999.9 12.7 4.1 792.0 Rio_Grande_do_Sul DCRS -999.9 0.0 0.0 861.43 861.43 861.1 0 0.01 861.43 861.43 861.43 861.43
-29.264900 -50.314899 DCRS-00084 2026-09-22_16:08 10.4 -999.9 -999.9 69.2 -999.9 -999.9 4.9 -999.9 -999.9 -999.9 -999.9 -999.9 25.1 -999.9 36.6 133.0 0.0 0.0 0.0 0.0 0.0 0.0 13.0 6.5 98.2 63.2 42.2 DCRS_-_São_Francisco_de_Paula/Cambará_do_Sul_(865_m) -999.9 -999.9 -999.9 -999.9 -999.9 12.7 4.1 792.0 Rio_Grande_do_Sul DCRS -999.9 0.0 0.0 861.41 861.43 861.1 0 -0.01 861.43 861.43 861.43 861.43
-29.264900 -50.314899 DCRS-00084 2026-09-22_16:09 10.4 -999.9 -999.9 70.4 -999.9 -999.9 5.2 -999.9 -999.9 -999.9 -999.9 -999.9 24.9 -999.9 36.6 373.0 0.0 0.0 0.0 0.0 0.0 0.0 13.0 6.5 98.2 63.2 42.2 DCRS_-_São_Francisco_de_Paula/Cambará_do_Sul_(865_m) -999.9 -999.9 -999.9 -999.9 -999.9 12.7 4.1 792.0 Rio_Grande_do_Sul DCRS -999.9 0.0 0.0 861.42 861.43 861.1 0 0.0 861.43 861.43 861.43 861.43
-29.264900 -50.314899 DCRS-00084 2026-09-22_16:10 10.3 -999.9 -999.9 68.9 -999.9 -999.9 4.8 -999.9 -999.9 -999.9 -999.9 -999.9 22.9 -999.9 34.6 347.0 0.0 0.0 0.0 0.0 0.0 0.0 13.0 6.5 98.2 63.2 42.2 DCRS_-_São_Francisco_de_Paula/Cambará_do_Sul_(865_m) -999.9 -999.9 -999.9 -999.9 -999.9 12.7 4.1 792.0 Rio_Grande_do_Sul DCRS -999.9 0.0 0.0 861.42 861.43 861.1 0 0.0 861.43 861.43 861.43 861.43
-29.264900 -50.314899 DCRS-00084 2026-09-22_16:11 10.4 -999.9 -999.9 69.5 -999.9 -999.9 5.0 -999.9 -999.9 -999.9 -999.9 -999.9 21.5 -999.9 34.6 339.0 0.0 0.0 0.0 0.0 0.0 0.0 13.0 6.5 98.2 63.2 42.2 DCRS_-_São_Francisco_de_Paula/Cambará_do_Sul_(865_m) -999.9 -999.9 -999.9 -999.9 -999.9 12.7 4.1 792.0 Rio_Grande_do_Sul DCRS -999.9 0.0 0.0 861.42 861.43 861.1 0 0.01 861.43 861.43 861.43 861.43
-29.264900 -50.314899 DCRS-00084 2026-09-22_16:12 10.4 -999.9 -999.9 69.5 -999.9 -999.9 5.0 -999.9 -999.9 -999.9 -999.9 -999.9 29.3 -999.9 34.6 357.0 0.0 0.0 0.0 0.0 0.0 0.0 13.0 6.5 98.2 63.2 42.2 DCRS_-_São_Francisco_de_Paula/Cambará_do_Sul_(865_m) -999.9 -999.9 -999.9 -999.9 -999.9 12.7 4.1 792.0 Rio_Grande_do_Sul DCRS -999.9 0.0 0.0 861.42 861.43 861.1 0 0.0 861.43 861.43 861.43 861.43
-29.264900 -50.314899 DCRS-00084 2026-09-22_16:13 10.5 -999.9 -999.9 69.2 -999.9 -999.9 5.0 -999.9 -999.9 -999.9 -999.9 -999.9 24.8 -999.9 34.6 383.0 0.0 0.0 0.0 0.0 0.0 0.0 13.0 6.5 98.2 63.2 42.2 DCRS_-_São_Francisco_de_Paula/Cambará_do_Sul_(865_m) -999.9 -999.9 -999.9 -999.9 -999.9 12.7 4.1 792.0 Rio_Grande_do_Sul DCRS -999.9 0.0 0.0 861.43 861.43 861.1 0 0.01 861.43 861.43 861.43 861.43
-29.264900 -50.314899 DCRS-00084 2026-09-22_16:14 10.6 -999.9 -999.9 70.0 -999.9 -999.9 5.3 -999.9 -999.9 -999.9 -999.9 -999.9 20.8 -999.9 34.6 348.0 0.0 0.0 0.0 0.0 0.0 0.0 13.0 6.5 98.2 63.2 42.2 DCRS_-_São_Francisco_de_Paula/Cambará_do_Sul_(865_m) -999.9 -999.9 -999.9 -999.9 -999.9 12.7 4.1 792.0 Rio_Grande_do_Sul DCRS -999.9 0.0 0.0 861.42 861.43 861.1 0 0.0 861.43 861.43 861.43 861.43
-29.264900 -50.314899 DCRS-00084 2026-09-22_16:15 10.6 -999.9 -999.9 68.6 -999.9 -999.9 5.0 -999.9 -999.9 -999.9 -999.9 -999.9 26.8 -999.9 34.0 297.0 0.0 0.0 0.0 0.0 0.0 0.0 13.0 6.5 98.2 63.2 42.2 DCRS_-_São_Francisco_de_Paula/Cambará_do_Sul_(865_m) -999.9 -999.9 -999.9 -999.9 -999.9 12.7 4.1 792.0 Rio_Grande_do_Sul DCRS -999.9 0.0 0.0 861.41 861.43 861.1 0 -0.01 861.43 861.43 861.43 861.43
-29.264900 -50.314899 DCRS-00084 2026-09-22_16:16 10.6 -999.9 -999.9 69.0 -999.9 -999.9 5.1 -999.9 -999.9 -999.9 -999.9 -999.9 17.6 -999.9 34.0 258.0 0.0 0.0 0.0 0.0 0.0 0.0 13.0 6.5 98.2 63.2 42.2 DCRS_-_São_Francisco_de_Paula/Cambará_do_Sul_(865_m) -999.9 -999.9 -999.9 -999.9 -999.9 12.7 4.1 792.0 Rio_Grande_do_Sul DCRS -999.9 0.0 0.0 861.42 861.43 861.1 0 0.0 861.43 861.43 861.43 861.43
-29.264900 -50.314899 DCRS-00084 2026-09-22_16:17 10.6 -999.9 -999.9 69.3 -999.9 -999.9 5.2 -999.9 -999.9 -999.9 -999.9 -999.9 24.8 -999.9 34.0 92.0 0.0 0.0 0.0 0.0 0.0 0.0 13.0 6.5 98.2 63.2 42.2 DCRS_-_São_Francisco_de_Paula/Cambará_do_Sul_(865_m) -999.9 -999.9 -999.9 -999.9 -999.9 12.7 4.1 792.0 Rio_Grande_do_Sul DCRS -999.9 0.0 0.0 861.41 861.43 861.1 0 0.0 861.43 861.43 861.43 861.43
-29.264900 -50.314899 DCRS-00084 2026-09-22_16:18 10.6 -999.9 -999.9 68.2 -999.9 -999.9 4.9 -999.9 -999.9 -999.9 -999.9 -999.9 18.6 -999.9 34.0 277.0 0.0 0.0 0.0 0.0 0.0 0.0 13.0 6.5 98.2 63.2 42.2 DCRS_-_São_Francisco_de_Paula/Cambará_do_Sul_(865_m) -999.9 -999.9 -999.9 -999.9 -999.9 12.7 4.1 792.0 Rio_Grande_do_Sul DCRS -999.9 0.0 0.0 861.42 861.43 861.1 0 0.01 861.43 861.43 861.43 861.43
-29.264900 -50.314899 DCRS-00084 2026-09-22_16:19 10.7 -999.9 -999.9 68.5 -999.9 -999.9 5.1 -999.9 -999.9 -999.9 -999.9 -999.9 23.7 -999.9 34.0 317.0 0.0 0.0 0.0 0.0 0.0 0.0 13.0 6.5 98.2 63.2 42.2 DCRS_-_São_Francisco_de_Paula/Cambará_do_Sul_(865_m) -999.9 -999.9 -999.9 -999.9 -999.9 12.7 4.1 792.0 Rio_Grande_do_Sul DCRS -999.9 0.0 0.0 861.42 861.43 861.1 0 0.0 861.43 861.43 861.43 861.43
-29.264900 -50.314899 DCRS-00084 2026-09-22_16:20 10.7 -999.9 -999.9 68.9 -999.9 -999.9 5.2 -999.9 -999.9 -999.9 -999.9 -999.9 21.2 -999.9 31.4 267.0 0.0 0.0 0.0 0.0 0.0 0.0 13.0 6.5 98.2 63.2 42.2 DCRS_-_São_Francisco_de_Paula/Cambará_do_Sul_(865_m) -999.9 -999.9 -999.9 -999.9 -999.9 12.7 4.1 792.0 Rio_Grande_do_Sul DCRS -999.9 0.0 0.0 861.42 861.43 861.1 0 0.01 861.43 861.43 861.43 861.43
-29.264900 -50.314899 DCRS-00084 2026-09-22_16:21 10.8 -999.9 -999.9 68.3 -999.9 -999.9 5.1 -999.9 -999.9 -999.9 -999.9 -999.9 25.2 -999.9 31.4 331.0 0.0 0.0 0.0 0.0 0.0 0.0 13.0 6.5 98.2 63.2 42.2 DCRS_-_São_Francisco_de_Paula/Cambará_do_Sul_(865_m) -999.9 -999.9 -999.9 -999.9 -999.9 12.7 4.1 792.0 Rio_Grande_do_Sul DCRS -999.9 0.0 0.0 861.42 861.43 861.1 0 0.0 861.43 861.43 861.43 861.43
-29.264900 -50.314899 DCRS-00084 2026-09-22_16:22 10.7 -999.9 -999.9 66.8 -999.9 -999.9 4.7 -999.9 -999.9 -999.9 -999.9 -999.9 23.9 -999.9 31.4 267.0 0.0 0.0 0.0 0.0 0.0 0.0 13.0 6.5 98.2 63.2 42.2 DCRS_-_São_Francisco_de_Paula/Cambará_do_Sul_(865_m) -999.9 -999.9 -999.9 -999.9 -999.9 12.7 4.1 792.0 Rio_Grande_do_Sul DCRS -999.9 0.0 0.0 861.41 861.43 861.1 0 -0.02 861.43 861.43 861.43 861.43
-29.264900 -50.314899 DCRS-00084 2026-09-22_16:23 10.6 -999.9 -999.9 67.5 -999.9 -999.9 4.8 -999.9 -999.9 -999.9 -999.9 -999.9 18.3 -999.9 31.4 162.0 0.0 0.0 0.0 0.0 0.0 0.0 13.0 6.5 98.2 63.2 42.2 DCRS_-_São_Francisco_de_Paula/Cambará_do_Sul_(865_m) -999.9 -999.9 -999.9 -999.9 -999.9 12.7 4.1 792.0 Rio_Grande_do_Sul DCRS -999.9 0.0 0.0 861.42 861.43 861.1 0 -0.01 861.43 861.43 861.43 861.43
-29.264900 -50.314899 DCRS-00084 2026-09-22_16:24 10.6 -999.9 -999.9 66.8 -999.9 -999.9 4.6 -999.9 -999.9 -999.9 -999.9 -999.9 29.6 -999.9 31.4 170.0 0.0 0.0 0.0 0.0 0.0 0.0 13.0 6.5 98.2 63.2 42.2 DCRS_-_São_Francisco_de_Paula/Cambará_do_Sul_(865_m) -999.9 -999.9 -999.9 -999.9 -999.9 12.7 4.1 792.0 Rio_Grande_do_Sul DCRS -999.9 0.0 0.0 861.42 861.43 861.1 0 0.01 861.43 861.43 861.43 861.43
-29.264900 -50.314899 DCRS-00084 2026-09-22_16:25 10.4 -999.9 -999.9 68.0 -999.9 -999.9 4.7 -999.9 -999.9 -999.9 -999.9 -999.9 25.8 -999.9 34.3 120.0 0.0 0.0 0.0 0.0 0.0 0.0 13.0 6.5 98.2 63.2 42.2 DCRS_-_São_Francisco_de_Paula/Cambará_do_Sul_(865_m) -999.9 -999.9 -999.9 -999.9 -999.9 12.7 4.1 792.0 Rio_Grande_do_Sul DCRS -999.9 0.0 0.0 861.42 861.43 861.1 0 0.0 861.43 861.43 861.43 861.43
-29.264900 -50.314899 DCRS-00084 2026-09-22_16:26 10.4 -999.9 -999.9 69.4 -999.9 -999.9 5.0 -999.9 -999.9 -999.9 -999.9 -999.9 13.4 -999.9 34.3 335.0 0.0 0.0 0.0 0.0 0.0 0.0 13.0 6.5 98.2 63.2 42.2 DCRS_-_São_Francisco_de_Paula/Cambará_do_Sul_(865_m) -999.9 -999.9 -999.9 -999.9 -999.9 12.7 4.1 792.0 Rio_Grande_do_Sul DCRS -999.9 0.0 0.0 861.43 861.43 861.1 0 0.01 861.43 861.43 861.43 861.43
-29.264900 -50.314899 DCRS-00084 2026-09-22_16:27 10.4 -999.9 -999.9 70.1 -999.9 -999.9 5.1 -999.9 -999.9 -999.9 -999.9 -999.9 7.4 -999.9 34.3 327.0 0.0 0.0 0.0 0.0 0.0 0.0 13.0 6.5 98.2 63.2 42.2 DCRS_-_São_Francisco_de_Paula/Cambará_do_Sul_(865_m) -999.9 -999.9 -999.9 -999.9 -999.9 12.7 4.1 792.0 Rio_Grande_do_Sul DCRS -999.9 0.0 0.0 861.42 861.43 861.1 0 0.0 861.43 861.43 861.43 861.43
-29.264900 -50.314899 DCRS-00084 2026-09-22_16:29 10.5 -999.9 -999.9 68.9 -999.9 -999.9 5.0 -999.9 -999.9 -999.9 -999.9 -999.9 22.0 -999.9 34.3 259.0 0.0 0.0 0.0 0.0 0.0 0.0 13.0 6.5 98.2 63.2 42.2 DCRS_-_São_Francisco_de_Paula/Cambará_do_Sul_(865_m) -999.9 -999.9 -999.9 -999.9 -999.9 12.7 4.1 792.0 Rio_Grande_do_Sul DCRS -999.9 0.0 0.0 861.41 861.43 861.1 0 -0.01 861.43 861.43 861.43 861.43
-29.264900 -50.314899 DCRS-00084 2026-09-22_16:30 10.4 -999.9 -999.9 68.1 -999.9 -999.9 4.7 -999.9 -999.9 -999.9 -999.9 -999.9 25.0 -999.9 30.2 249.0 0.0 0.0 0.0 0.0 0.0 0.0 13.0 6.5 98.2 63.2 42.2 DCRS_-_São_Francisco_de_Paula/Cambará_do_Sul_(865_m) -999.9 -999.9 -999.9 -999.9 -999.9 12.7 4.1 792.0 Rio_Grande_do_Sul DCRS -999.9 0.0 0.0 861.42 861.43 861.1 0 0.0 861.43 861.43 861.43 861.43
-29.264900 -50.314899 DCRS-00084 2026-09-22_16:31 10.5 -999.9 -999.9 70.3 -999.9 -999.9 5.3 -999.9 -999.9 -999.9 -999.9 -999.9 19.2 -999.9 30.2 91.0 0.0 0.0 0.0 0.0 0.0 0.0 13.0 6.5 98.2 63.2 42.2 DCRS_-_São_Francisco_de_Paula/Cambará_do_Sul_(865_m) -999.9 -999.9 -999.9 -999.9 -999.9 12.7 4.1 792.0 Rio_Grande_do_Sul DCRS -999.9 0.0 0.0 861.42 861.43 861.1 0 0.0 861.43 861.43 861.43 861.43
-29.264900 -50.314899 DCRS-00084 2026-09-22_16:32 10.5 -999.9 -999.9 69.4 -999.9 -999.9 5.1 -999.9 -999.9 -999.9 -999.9 -999.9 13.5 -999.9 30.2 277.0 0.0 0.0 0.0 0.0 0.0 0.0 13.0 6.5 98.2 63.2 42.2 DCRS_-_São_Francisco_de_Paula/Cambará_do_Sul_(865_m) -999.9 -999.9 -999.9 -999.9 -999.9 12.7 4.1 792.0 Rio_Grande_do_Sul DCRS -999.9 0.0 0.0 861.42 861.43 861.1 0 0.0 861.43 861.43 861.43 861.43
-29.264900 -50.314899 DCRS-00084 2026-09-22_16:33 10.5 -999.9 -999.9 69.0 -999.9 -999.9 5.0 -999.9 -999.9 -999.9 -999.9 -999.9 26.8 -999.9 30.2 291.0 0.0 0.0 0.0 0.0 0.0 0.0 13.0 6.5 98.2 63.2 42.2 DCRS_-_São_Francisco_de_Paula/Cambará_do_Sul_(865_m) -999.9 -999.9 -999.9 -999.9 -999.9 12.7 4.1 792.0 Rio_Grande_do_Sul DCRS -999.9 0.0 0.0 861.43 861.43 861.1 0 0.01 861.43 861.43 861.43 861.43
-29.264900 -50.314899 DCRS-00084 2026-09-22_16:34 10.5 -999.9 -999.9 68.4 -999.9 -999.9 4.9 -999.9 -999.9 -999.9 -999.9 -999.9 27.9 -999.9 30.2 102.0 0.0 0.0 0.0 0.0 0.0 0.0 13.0 6.5 98.2 63.2 42.2 DCRS_-_São_Francisco_de_Paula/Cambará_do_Sul_(865_m) -999.9 -999.9 -999.9 -999.9 -999.9 12.7 4.1 792.0 Rio_Grande_do_Sul DCRS -999.9 0.0 0.0 861.42 861.43 861.1 0 0.0 861.43 861.43 861.43 861.43
-29.264900 -50.314899 DCRS-00084 2026-09-22_16:35 10.5 -999.9 -999.9 67.4 -999.9 -999.9 4.7 -999.9 -999.9 -999.9 -999.9 -999.9 25.1 -999.9 30.9 88.0 0.0 0.0 0.0 0.0 0.0 0.0 13.0 6.5 98.2 63.2 42.2 DCRS_-_São_Francisco_de_Paula/Cambará_do_Sul_(865_m) -999.9 -999.9 -999.9 -999.9 -999.9 12.7 4.1 792.0 Rio_Grande_do_Sul DCRS -999.9 0.0 0.0 861.4 861.43 861.1 0 -0.02 861.43 861.43 861.43 861.43
-29.264900 -50.314899 DCRS-00084 2026-09-22_16:36 10.3 -999.9 -999.9 68.0 -999.9 -999.9 4.6 -999.9 -999.9 -999.9 -999.9 -999.9 24.3 -999.9 30.9 254.0 0.0 0.0 0.0 0.0 0.0 0.0 13.0 6.5 98.2 63.2 42.2 DCRS_-_São_Francisco_de_Paula/Cambará_do_Sul_(865_m) -999.9 -999.9 -999.9 -999.9 -999.9 12.7 4.1 792.0 Rio_Grande_do_Sul DCRS -999.9 0.0 0.0 861.43 861.43 861.1 0 0.01 861.43 861.43 861.43 861.43
-29.264900 -50.314899 DCRS-00084 2026-09-22_16:37 10.3 -999.9 -999.9 69.1 -999.9 -999.9 4.8 -999.9 -999.9 -999.9 -999.9 -999.9 23.0 -999.9 30.9 280.0 0.0 0.0 0.0 0.0 0.0 0.0 13.0 6.5 98.2 63.2 42.2 DCRS_-_São_Francisco_de_Paula/Cambará_do_Sul_(865_m) -999.9 -999.9 -999.9 -999.9 -999.9 12.7 4.1 792.0 Rio_Grande_do_Sul DCRS -999.9 0.0 0.0 861.42 861.43 861.1 0 -0.01 861.43 861.43 861.43 861.43
-29.264900 -50.314899 DCRS-00084 2026-09-22_16:38 10.4 -999.9 -999.9 69.4 -999.9 -999.9 5.0 -999.9 -999.9 -999.9 -999.9 -999.9 17.3 -999.9 30.9 274.0 0.0 0.0 0.0 0.0 0.0 0.0 13.0 6.5 98.2 63.2 42.2 DCRS_-_São_Francisco_de_Paula/Cambará_do_Sul_(865_m) -999.9 -999.9 -999.9 -999.9 -999.9 12.7 4.1 792.0 Rio_Grande_do_Sul DCRS -999.9 0.0 0.0 861.42 861.43 861.1 0 0.0 861.43 861.43 861.43 861.43
-29.264900 -50.314899 DCRS-00084 2026-09-22_16:39 10.5 -999.9 -999.9 68.2 -999.9 -999.9 4.8 -999.9 -999.9 -999.9 -999.9 -999.9 20.8 -999.9 30.9 273.0 0.0 0.0 0.0 0.0 0.0 0.0 13.0 6.5 98.2 63.2 42.2 DCRS_-_São_Francisco_de_Paula/Cambará_do_Sul_(865_m) -999.9 -999.9 -999.9 -999.9 -999.9 12.7 4.1 792.0 Rio_Grande_do_Sul DCRS -999.9 0.0 0.0 861.42 861.43 861.1 0 0.0 861.43 861.43 861.43 861.43
-29.264900 -50.314899 DCRS-00084 2026-09-22_16:40 10.6 -999.9 -999.9 68.8 -999.9 -999.9 5.0 -999.9 -999.9 -999.9 -999.9 -999.9 9.3 -999.9 31.7 263.0 0.0 0.0 0.0 0.0 0.0 0.0 13.0 6.5 98.2 63.2 42.2 DCRS_-_São_Francisco_de_Paula/Cambará_do_Sul_(865_m) -999.9 -999.9 -999.9 -999.9 -999.9 12.7 4.1 792.0 Rio_Grande_do_Sul DCRS -999.9 0.0 0.0 861.41 861.43 861.1 0 -0.01 861.43 861.43 861.43 861.43
-29.264900 -50.314899 DCRS-00084 2026-09-22_16:41 10.7 -999.9 -999.9 67.9 -999.9 -999.9 5.0 -999.9 -999.9 -999.9 -999.9 -999.9 25.7 -999.9 31.7 259.0 0.0 0.0 0.0 0.0 0.0 0.0 13.0 6.5 98.2 63.2 42.2 DCRS_-_São_Francisco_de_Paula/Cambará_do_Sul_(865_m) -999.9 -999.9 -999.9 -999.9 -999.9 12.7 4.1 792.0 Rio_Grande_do_Sul DCRS -999.9 0.0 0.0 861.42 861.43 861.1 0 0.0 861.43 861.43 861.43 861.43
-29.264900 -50.314899 DCRS-00084 2026-09-22_16:42 10.7 -999.9 -999.9 66.8 -999.9 -999.9 4.7 -999.9 -999.9 -999.9 -999.9 -999.9 24.5 -999.9 31.7 252.0 0.0 0.0 0.0 0.0 0.0 0.0 13.0 6.5 98.2 63.2 42.2 DCRS_-_São_Francisco_de_Paula/Cambará_do_Sul_(865_m) -999.9 -999.9 -999.9 -999.9 -999.9 12.7 4.1 792.0 Rio_Grande_do_Sul DCRS -999.9 0.0 0.0 861.42 861.43 861.1 0 0.0 861.43 861.43 861.43 861.43
-29.264900 -50.314899 DCRS-00084 2026-09-22_16:43 10.7 -999.9 -999.9 67.0 -999.9 -999.9 4.8 -999.9 -999.9 -999.9 -999.9 -999.9 18.4 -999.9 31.7 246.0 0.0 0.0 0.0 0.0 0.0 0.0 13.0 6.5 98.2 63.2 42.2 DCRS_-_São_Francisco_de_Paula/Cambará_do_Sul_(865_m) -999.9 -999.9 -999.9 -999.9 -999.9 12.7 4.1 792.0 Rio_Grande_do_Sul DCRS -999.9 0.0 0.0 861.42 861.43 861.1 0 0.01 861.43 861.43 861.43 861.43
-29.264900 -50.314899 DCRS-00084 2026-09-22_16:44 10.7 -999.9 -999.9 66.4 -999.9 -999.9 4.6 -999.9 -999.9 -999.9 -999.9 -999.9 14.0 -999.9 31.7 242.0 0.0 0.0 0.0 0.0 0.0 0.0 13.0 6.5 98.2 63.2 42.2 DCRS_-_São_Francisco_de_Paula/Cambará_do_Sul_(865_m) -999.9 -999.9 -999.9 -999.9 -999.9 12.7 4.1 792.0 Rio_Grande_do_Sul DCRS -999.9 0.0 0.0 861.42 861.43 861.1 0 0.0 861.43 861.43 861.43 861.43
-29.264900 -50.314899 DCRS-00084 2026-09-22_16:45 10.7 -999.9 -999.9 67.7 -999.9 -999.9 4.9 -999.9 -999.9 -999.9 -999.9 -999.9 25.0 -999.9 30.6 238.0 0.0 0.0 0.0 0.0 0.0 0.0 13.0 6.5 98.2 63.2 42.2 DCRS_-_São_Francisco_de_Paula/Cambará_do_Sul_(865_m) -999.9 -999.9 -999.9 -999.9 -999.9 12.7 4.1 792.0 Rio_Grande_do_Sul DCRS -999.9 0.0 0.0 861.43 861.43 861.1 0 0.01 861.43 861.43 861.43 861.43
-29.264900 -50.314899 DCRS-00084 2026-09-22_16:46 10.7 -999.9 -999.9 66.5 -999.9 -999.9 4.7 -999.9 -999.9 -999.9 -999.9 -999.9 20.3 -999.9 30.6 236.0 0.0 0.0 0.0 0.0 0.0 0.0 13.0 6.5 98.2 63.2 42.2 DCRS_-_São_Francisco_de_Paula/Cambará_do_Sul_(865_m) -999.9 -999.9 -999.9 -999.9 -999.9 12.7 4.1 792.0 Rio_Grande_do_Sul DCRS -999.9 0.0 0.0 861.42 861.43 861.1 0 0.01 861.43 861.43 861.43 861.43
-29.264900 -50.314899 DCRS-00084 2026-09-22_16:47 10.7 -999.9 -999.9 67.6 -999.9 -999.9 4.9 -999.9 -999.9 -999.9 -999.9 -999.9 10.7 -999.9 30.6 234.0 0.0 0.0 0.0 0.0 0.0 0.0 13.0 6.5 98.2 63.2 42.2 DCRS_-_São_Francisco_de_Paula/Cambará_do_Sul_(865_m) -999.9 -999.9 -999.9 -999.9 -999.9 12.7 4.1 792.0 Rio_Grande_do_Sul DCRS -999.9 0.0 0.0 861.42 861.43 861.1 0 0.0 861.43 861.43 861.43 861.43
-29.264900 -50.314899 DCRS-00084 2026-09-22_16:48 10.8 -999.9 -999.9 67.2 -999.9 -999.9 4.9 -999.9 -999.9 -999.9 -999.9 -999.9 12.3 -999.9 30.6 236.0 0.0 0.0 0.0 0.0 0.0 0.0 13.0 6.5 98.2 63.2 42.2 DCRS_-_São_Francisco_de_Paula/Cambará_do_Sul_(865_m) -999.9 -999.9 -999.9 -999.9 -999.9 12.7 4.1 792.0 Rio_Grande_do_Sul DCRS -999.9 0.0 0.0 861.42 861.43 861.1 0 -0.01 861.43 861.43 861.43 861.43
-29.264900 -50.314899 DCRS-00084 2026-09-22_16:49 10.9 -999.9 -999.9 67.4 -999.9 -999.9 5.0 -999.9 -999.9 -999.9 -999.9 -999.9 8.3 -999.9 30.6 232.0 0.0 0.0 0.0 0.0 0.0 0.0 13.0 6.5 98.2 63.2 42.2 DCRS_-_São_Francisco_de_Paula/Cambará_do_Sul_(865_m) -999.9 -999.9 -999.9 -999.9 -999.9 12.7 4.1 792.0 Rio_Grande_do_Sul DCRS -999.9 0.0 0.0 861.42 861.43 861.1 0 0.0 861.43 861.43 861.43 861.43
-29.264900 -50.314899 DCRS-00084 2026-09-22_16:50 11.0 -999.9 -999.9 67.0 -999.9 -999.9 5.0 -999.9 -999.9 -999.9 -999.9 -999.9 19.2 -999.9 31.6 230.0 0.0 0.0 0.0 0.0 0.0 0.0 13.0 6.5 98.2 63.2 42.2 DCRS_-_São_Francisco_de_Paula/Cambará_do_Sul_(865_m) -999.9 -999.9 -999.9 -999.9 -999.9 12.7 4.1 792.0 Rio_Grande_do_Sul DCRS -999.9 0.0 0.0 861.4 861.43 861.1 0 -0.02 861.43 861.43 861.43 861.43
-29.264900 -50.314899 DCRS-00084 2026-09-22_16:51 10.9 -999.9 -999.9 66.4 -999.9 -999.9 4.8 -999.9 -999.9 -999.9 -999.9 -999.9 19.3 -999.9 31.6 225.0 0.0 0.0 0.0 0.0 0.0 0.0 13.0 6.5 98.2 63.2 42.2 DCRS_-_São_Francisco_de_Paula/Cambará_do_Sul_(865_m) -999.9 -999.9 -999.9 -999.9 -999.9 12.7 4.1 792.0 Rio_Grande_do_Sul DCRS -999.9 0.0 0.0 861.42 861.43 861.1 0 0.0 861.43 861.43 861.43 861.43
-29.264900 -50.314899 DCRS-00084 2026-09-22_16:52 10.9 -999.9 -999.9 65.8 -999.9 -999.9 4.7 -999.9 -999.9 -999.9 -999.9 -999.9 25.1 -999.9 31.6 222.0 0.0 0.0 0.0 0.0 0.0 0.0 13.0 6.5 98.2 63.2 42.2 DCRS_-_São_Francisco_de_Paula/Cambará_do_Sul_(865_m) -999.9 -999.9 -999.9 -999.9 -999.9 12.7 4.1 792.0 Rio_Grande_do_Sul DCRS -999.9 0.0 0.0 861.42 861.43 861.1 0 0.0 861.43 861.43 861.43 861.43
-29.264900 -50.314899 DCRS-00084 2026-09-22_16:53 10.8 -999.9 -999.9 66.7 -999.9 -999.9 4.8 -999.9 -999.9 -999.9 -999.9 -999.9 15.9 -999.9 31.6 226.0 0.0 0.0 0.0 0.0 0.0 0.0 13.0 6.5 98.2 63.2 42.2 DCRS_-_São_Francisco_de_Paula/Cambará_do_Sul_(865_m) -999.9 -999.9 -999.9 -999.9 -999.9 12.7 4.1 792.0 Rio_Grande_do_Sul DCRS -999.9 0.0 0.0 861.41 861.43 861.1 0 -0.01 861.43 861.43 861.43 861.43
-29.264900 -50.314899 DCRS-00084 2026-09-22_16:54 10.8 -999.9 -999.9 68.1 -999.9 -999.9 5.1 -999.9 -999.9 -999.9 -999.9 -999.9 17.4 -999.9 31.6 229.0 0.0 0.0 0.0 0.0 0.0 0.0 13.0 6.5 98.2 63.2 42.2 DCRS_-_São_Francisco_de_Paula/Cambará_do_Sul_(865_m) -999.9 -999.9 -999.9 -999.9 -999.9 12.7 4.1 792.0 Rio_Grande_do_Sul DCRS -999.9 0.0 0.0 861.42 861.43 861.1 0 0.0 861.43 861.43 861.43 861.43
-29.264900 -50.314899 DCRS-00084 2026-09-22_16:55 10.9 -999.9 -999.9 67.2 -999.9 -999.9 5.0 -999.9 -999.9 -999.9 -999.9 -999.9 16.1 -999.9 26.7 233.0 0.0 0.0 0.0 0.0 0.0 0.0 13.0 6.5 98.2 63.2 42.2 DCRS_-_São_Francisco_de_Paula/Cambará_do_Sul_(865_m) -999.9 -999.9 -999.9 -999.9 -999.9 12.7 4.1 792.0 Rio_Grande_do_Sul DCRS -999.9 0.0 0.0 861.42 861.43 861.1 0 0.0 861.43 861.43 861.43 861.43
-29.264900 -50.314899 DCRS-00084 2026-09-22_16:56 11.0 -999.9 -999.9 66.2 -999.9 -999.9 4.9 -999.9 -999.9 -999.9 -999.9 -999.9 19.1 -999.9 26.7 232.0 0.0 0.0 0.0 0.0 0.0 0.0 13.0 6.5 98.2 63.2 42.2 DCRS_-_São_Francisco_de_Paula/Cambará_do_Sul_(865_m) -999.9 -999.9 -999.9 -999.9 -999.9 12.7 4.1 792.0 Rio_Grande_do_Sul DCRS -999.9 0.0 0.0 861.43 861.43 861.1 0 0.01 861.43 861.43 861.43 861.43
-29.264900 -50.314899 DCRS-00084 2026-09-22_16:57 10.9 -999.9 -999.9 66.2 -999.9 -999.9 4.8 -999.9 -999.9 -999.9 -999.9 -999.9 -999.9 -999.9 26.7 240.0 0.0 0.0 0.0 0.0 0.0 0.0 13.0 6.5 98.2 63.2 42.2 DCRS_-_São_Francisco_de_Paula/Cambará_do_Sul_(865_m) -999.9 -999.9 -999.9 -999.9 -999.9 12.7 4.1 792.0 Rio_Grande_do_Sul DCRS -999.9 0.0 0.0 861.42 861.43 861.1 0 0.01 861.43 861.43 861.43 861.43
-29.264900 -50.314899 DCRS-00084 2026-09-22_16:58 10.9 -999.9 -999.9 66.3 -999.9 -999.9 4.8 -999.9 -999.9 -999.9 -999.9 -999.9 21.0 -999.9 26.7 254.0 0.0 0.0 0.0 0.0 0.0 0.0 13.0 6.5 98.2 63.2 42.2 DCRS_-_São_Francisco_de_Paula/Cambará_do_Sul_(865_m) -999.9 -999.9 -999.9 -999.9 -999.9 12.7 4.1 792.0 Rio_Grande_do_Sul DCRS -999.9 0.0 0.0 861.42 861.43 861.1 0 0.0 861.43 861.43 861.43 861.43
-29.264900 -50.314899 DCRS-00084 2026-09-22_16:59 10.9 -999.9 -999.9 66.9 -999.9 -999.9 4.9 -999.9 -999.9 -999.9 -999.9 -999.9 17.3 -999.9 26.7 245.0 0.0 0.0 0.0 0.0 0.0 0.0 13.0 6.5 98.2 63.2 42.2 DCRS_-_São_Francisco_de_Paula/Cambará_do_Sul_(865_m) -999.9 -999.9 -999.9 -999.9 -999.9 12.7 4.1 792.0 Rio_Grande_do_Sul DCRS -999.9 0.0 0.0 861.42 861.43 861.1 0 0.0 861.43 861.43 861.43 861.43
-29.264900 -50.314899 DCRS-00084 2026-09-22_17:00 10.9 -999.9 -999.9 67.2 -999.9 -999.9 5.0 -999.9 -999.9 -999.9 -999.9 -999.9 19.4 -999.9 29.3 170.0 0.0 0.0 0.0 0.0 0.0 0.0 13.0 6.5 98.2 63.2 42.2 DCRS_-_São_Francisco_de_Paula/Cambará_do_Sul_(865_m) -999.9 -999.9 -999.9 -999.9 -999.9 12.7 4.1 792.0 Rio_Grande_do_Sul DCRS -999.9 0.0 0.0 861.41 861.43 861.1 0 -0.01 861.43 861.43 861.43 861.43
-29.264900 -50.314899 DCRS-00084 2026-09-22_17:01 10.8 -999.9 -999.9 67.1 -999.9 -999.9 4.9 -999.9 -999.9 -999.9 -999.9 -999.9 -999.9 -999.9 29.3 74.0 0.0 0.0 0.0 0.0 0.0 0.0 13.0 6.5 98.2 63.2 42.2 DCRS_-_São_Francisco_de_Paula/Cambará_do_Sul_(865_m) -999.9 -999.9 -999.9 -999.9 -999.9 12.7 4.1 792.0 Rio_Grande_do_Sul DCRS -999.9 0.0 0.0 861.42 861.43 861.1 0 0.0 861.43 861.43 861.43 861.43
-29.264900 -50.314899 DCRS-00084 2026-09-22_17:02 10.5 -999.9 -999.9 67.7 -999.9 -999.9 4.7 -999.9 -999.9 -999.9 -999.9 -999.9 28.1 -999.9 29.3 60.0 0.0 0.0 0.0 0.0 0.0 0.0 13.0 6.5 98.2 63.2 42.2 DCRS_-_São_Francisco_de_Paula/Cambará_do_Sul_(865_m) -999.9 -999.9 -999.9 -999.9 -999.9 12.7 4.1 792.0 Rio_Grande_do_Sul DCRS -999.9 0.0 0.0 861.41 861.43 861.1 0 -0.01 861.43 861.43 861.43 861.43
-29.264900 -50.314899 DCRS-00084 2026-09-22_17:03 10.3 -999.9 -999.9 69.2 -999.9 -999.9 4.8 -999.9 -999.9 -999.9 -999.9 -999.9 17.1 -999.9 29.3 45.0 0.0 0.0 0.0 0.0 0.0 0.0 13.0 6.5 98.2 63.2 42.2 DCRS_-_São_Francisco_de_Paula/Cambará_do_Sul_(865_m) -999.9 -999.9 -999.9 -999.9 -999.9 12.7 4.1 792.0 Rio_Grande_do_Sul DCRS -999.9 0.0 0.0 861.41 861.43 861.1 0 0.0 861.43 861.43 861.43 861.43
-29.264900 -50.314899 DCRS-00084 2026-09-22_17:04 10.0 -999.9 -999.9 70.3 -999.9 -999.9 4.8 -999.9 -999.9 -999.9 -999.9 -999.9 24.6 -999.9 29.3 66.0 0.0 0.0 0.0 0.0 0.0 0.0 13.0 6.5 98.2 63.2 42.2 DCRS_-_São_Francisco_de_Paula/Cambará_do_Sul_(865_m) -999.9 -999.9 -999.9 -999.9 -999.9 12.7 4.1 792.0 Rio_Grande_do_Sul DCRS -999.9 0.0 0.0 861.42 861.43 861.1 0 0.0 861.43 861.43 861.43 861.43
-29.264900 -50.314899 DCRS-00084 2026-09-22_17:05 10.0 -999.9 -999.9 70.7 -999.9 -999.9 4.9 -999.9 -999.9 -999.9 -999.9 -999.9 21.7 -999.9 33.8 160.0 0.0 0.0 0.0 0.0 0.0 0.0 13.0 6.5 98.2 63.2 42.2 DCRS_-_São_Francisco_de_Paula/Cambará_do_Sul_(865_m) -999.9 -999.9 -999.9 -999.9 -999.9 12.7 4.1 792.0 Rio_Grande_do_Sul DCRS -999.9 0.0 0.0 861.41 861.43 861.1 0 -0.01 861.43 861.43 861.43 861.43
-29.264900 -50.314899 DCRS-00084 2026-09-22_17:06 9.9 -999.9 -999.9 72.0 -999.9 -999.9 5.0 -999.9 -999.9 -999.9 -999.9 -999.9 14.8 -999.9 33.8 92.0 0.0 0.0 0.0 0.0 0.0 0.0 13.0 6.5 98.2 63.2 42.2 DCRS_-_São_Francisco_de_Paula/Cambará_do_Sul_(865_m) -999.9 -999.9 -999.9 -999.9 -999.9 12.7 4.1 792.0 Rio_Grande_do_Sul DCRS -999.9 0.0 0.0 861.42 861.43 861.1 0 0.0 861.43 861.43 861.43 861.43
-29.264900 -50.314899 DCRS-00084 2026-09-22_17:07 9.9 -999.9 -999.9 72.4 -999.9 -999.9 5.1 -999.9 -999.9 -999.9 -999.9 -999.9 13.9 -999.9 33.8 62.0 0.0 0.0 0.0 0.0 0.0 0.0 13.0 6.5 98.2 63.2 42.2 DCRS_-_São_Francisco_de_Paula/Cambará_do_Sul_(865_m) -999.9 -999.9 -999.9 -999.9 -999.9 12.7 4.1 792.0 Rio_Grande_do_Sul DCRS -999.9 0.0 0.0 861.42 861.43 861.1 0 -0.01 861.43 861.43 861.43 861.43
-29.264900 -50.314899 DCRS-00084 2026-09-22_17:08 9.8 -999.9 -999.9 71.8 -999.9 -999.9 4.9 -999.9 -999.9 -999.9 -999.9 -999.9 16.2 -999.9 33.8 40.0 0.0 0.0 0.0 0.0 0.0 0.0 13.0 6.5 98.2 63.2 42.2 DCRS_-_São_Francisco_de_Paula/Cambará_do_Sul_(865_m) -999.9 -999.9 -999.9 -999.9 -999.9 12.7 4.1 792.0 Rio_Grande_do_Sul DCRS -999.9 0.0 0.0 861.42 861.43 861.1 0 0.01 861.43 861.43 861.43 861.43
-29.264900 -50.314899 DCRS-00084 2026-09-22_17:09 9.7 -999.9 -999.9 72.3 -999.9 -999.9 4.9 -999.9 -999.9 -999.9 -999.9 -999.9 11.3 -999.9 33.8 38.0 0.0 0.0 0.0 0.0 0.0 0.0 13.0 6.5 98.2 63.2 42.2 DCRS_-_São_Francisco_de_Paula/Cambará_do_Sul_(865_m) -999.9 -999.9 -999.9 -999.9 -999.9 12.7 4.1 792.0 Rio_Grande_do_Sul DCRS -999.9 0.0 0.0 861.42 861.43 861.1 0 0.0 861.43 861.43 861.43 861.43
-29.264900 -50.314899 DCRS-00084 2026-09-22_17:10 9.6 -999.9 -999.9 72.9 -999.9 -999.9 4.9 -999.9 -999.9 -999.9 -999.9 -999.9 8.9 -999.9 27.6 93.0 0.0 0.0 0.0 0.0 0.0 0.0 13.0 6.5 98.2 63.2 42.2 DCRS_-_São_Francisco_de_Paula/Cambará_do_Sul_(865_m) -999.9 -999.9 -999.9 -999.9 -999.9 12.7 4.1 792.0 Rio_Grande_do_Sul DCRS -999.9 0.0 0.0 861.41 861.43 861.1 0 -0.01 861.43 861.43 861.43 861.43
-29.264900 -50.314899 DCRS-00084 2026-09-22_17:11 9.6 -999.9 -999.9 73.8 -999.9 -999.9 5.1 -999.9 -999.9 -999.9 -999.9 -999.9 -999.9 -999.9 27.6 56.0 0.0 0.0 0.0 0.0 0.0 0.0 13.0 6.5 98.2 63.2 42.2 DCRS_-_São_Francisco_de_Paula/Cambará_do_Sul_(865_m) -999.9 -999.9 -999.9 -999.9 -999.9 12.7 4.1 792.0 Rio_Grande_do_Sul DCRS -999.9 0.0 0.0 861.4 861.43 861.1 0 -0.02 861.43 861.43 861.43 861.43
-29.264900 -50.314899 DCRS-00084 2026-09-22_17:12 9.6 -999.9 -999.9 72.5 -999.9 -999.9 4.8 -999.9 -999.9 -999.9 -999.9 -999.9 15.9 -999.9 27.6 41.0 0.0 0.0 0.0 0.0 0.0 0.0 13.0 6.5 98.2 63.2 42.2 DCRS_-_São_Francisco_de_Paula/Cambará_do_Sul_(865_m) -999.9 -999.9 -999.9 -999.9 -999.9 12.7 4.1 792.0 Rio_Grande_do_Sul DCRS -999.9 0.0 0.0 861.41 861.43 861.1 0 -0.01 861.43 861.43 861.43 861.43
-29.264900 -50.314899 DCRS-00084 2026-09-22_17:13 9.6 -999.9 -999.9 72.2 -999.9 -999.9 4.8 -999.9 -999.9 -999.9 -999.9 -999.9 14.4 -999.9 27.6 44.0 0.0 0.0 0.0 0.0 0.0 0.0 13.0 6.5 98.2 63.2 42.2 DCRS_-_São_Francisco_de_Paula/Cambará_do_Sul_(865_m) -999.9 -999.9 -999.9 -999.9 -999.9 12.7 4.1 792.0 Rio_Grande_do_Sul DCRS -999.9 0.0 0.0 861.42 861.43 861.1 0 -0.01 861.43 861.43 861.43 861.43
-29.264900 -50.314899 DCRS-00084 2026-09-22_17:14 9.5 -999.9 -999.9 73.7 -999.9 -999.9 5.0 -999.9 -999.9 -999.9 -999.9 -999.9 10.3 -999.9 27.6 49.0 0.0 0.0 0.0 0.0 0.0 0.0 13.0 6.5 98.2 63.2 42.2 DCRS_-_São_Francisco_de_Paula/Cambará_do_Sul_(865_m) -999.9 -999.9 -999.9 -999.9 -999.9 12.7 4.1 792.0 Rio_Grande_do_Sul DCRS -999.9 0.0 0.0 861.42 861.43 861.1 0 0.0 861.43 861.43 861.43 861.43
-29.264900 -50.314899 DCRS-00084 2026-09-22_17:15 9.5 -999.9 -999.9 73.1 -999.9 -999.9 4.9 -999.9 -999.9 -999.9 -999.9 -999.9 16.2 -999.9 29.3 52.0 0.0 0.0 0.0 0.0 0.0 0.0 13.0 6.5 98.2 63.2 42.2 DCRS_-_São_Francisco_de_Paula/Cambará_do_Sul_(865_m) -999.9 -999.9 -999.9 -999.9 -999.9 12.7 4.1 792.0 Rio_Grande_do_Sul DCRS -999.9 0.0 0.0 861.41 861.43 861.1 0 0.0 861.43 861.43 861.43 861.43
-29.264900 -50.314899 DCRS-00084 2026-09-22_17:16 9.4 -999.9 -999.9 73.3 -999.9 -999.9 4.8 -999.9 -999.9 -999.9 -999.9 -999.9 12.7 -999.9 29.3 46.0 0.0 0.0 0.0 0.0 0.0 0.0 13.0 6.5 98.2 63.2 42.2 DCRS_-_São_Francisco_de_Paula/Cambará_do_Sul_(865_m) -999.9 -999.9 -999.9 -999.9 -999.9 12.7 4.1 792.0 Rio_Grande_do_Sul DCRS -999.9 0.0 0.0 861.42 861.43 861.1 0 0.0 861.43 861.43 861.43 861.43
-29.264900 -50.314899 DCRS-00084 2026-09-22_17:17 9.3 -999.9 -999.9 73.5 -999.9 -999.9 4.8 -999.9 -999.9 -999.9 -999.9 -999.9 17.1 -999.9 29.3 41.0 0.0 0.0 0.0 0.0 0.0 0.0 13.0 6.5 98.2 63.2 42.2 DCRS_-_São_Francisco_de_Paula/Cambará_do_Sul_(865_m) -999.9 -999.9 -999.9 -999.9 -999.9 12.7 4.1 792.0 Rio_Grande_do_Sul DCRS -999.9 0.0 0.0 861.41 861.43 861.1 0 0.0 861.43 861.43 861.43 861.43
-29.264900 -50.314899 DCRS-00084 2026-09-22_17:18 9.3 -999.9 -999.9 74.1 -999.9 -999.9 4.9 -999.9 -999.9 -999.9 -999.9 -999.9 14.6 -999.9 29.3 41.0 0.0 0.0 0.0 0.0 0.0 0.0 13.0 6.5 98.2 63.2 42.2 DCRS_-_São_Francisco_de_Paula/Cambará_do_Sul_(865_m) -999.9 -999.9 -999.9 -999.9 -999.9 12.7 4.1 792.0 Rio_Grande_do_Sul DCRS -999.9 0.0 0.0 861.42 861.43 861.1 0 0.0 861.43 861.43 861.43 861.43
-29.264900 -50.314899 DCRS-00084 2026-09-22_17:19 9.2 -999.9 -999.9 73.9 -999.9 -999.9 4.7 -999.9 -999.9 -999.9 -999.9 -999.9 21.5 -999.9 29.3 48.0 0.0 0.0 0.0 0.0 0.0 0.0 13.0 6.5 98.2 63.2 42.2 DCRS_-_São_Francisco_de_Paula/Cambará_do_Sul_(865_m) -999.9 -999.9 -999.9 -999.9 -999.9 12.7 4.1 792.0 Rio_Grande_do_Sul DCRS -999.9 0.0 0.0 861.42 861.43 861.1 0 0.0 861.43 861.43 861.43 861.43
-29.264900 -50.314899 DCRS-00084 2026-09-22_17:20 9.1 -999.9 -999.9 73.4 -999.9 -999.9 4.5 -999.9 -999.9 -999.9 -999.9 -999.9 28.3 -999.9 30.8 53.0 0.0 0.0 0.0 0.0 0.0 0.0 13.0 6.5 98.2 63.2 42.2 DCRS_-_São_Francisco_de_Paula/Cambará_do_Sul_(865_m) -999.9 -999.9 -999.9 -999.9 -999.9 12.7 4.1 792.0 Rio_Grande_do_Sul DCRS -999.9 0.0 0.0 861.42 861.43 861.1 0 0.0 861.43 861.43 861.43 861.43
-29.264900 -50.314899 DCRS-00084 2026-09-22_17:21 9.1 -999.9 -999.9 74.1 -999.9 -999.9 4.7 -999.9 -999.9 -999.9 -999.9 -999.9 23.3 -999.9 30.8 45.0 0.0 0.0 0.0 0.0 0.0 0.0 13.0 6.5 98.2 63.2 42.2 DCRS_-_São_Francisco_de_Paula/Cambará_do_Sul_(865_m) -999.9 -999.9 -999.9 -999.9 -999.9 12.7 4.1 792.0 Rio_Grande_do_Sul DCRS -999.9 0.0 0.0 861.42 861.43 861.1 0 0.0 861.43 861.43 861.43 861.43
-29.264900 -50.314899 DCRS-00084 2026-09-22_17:23 9.1 -999.9 -999.9 74.4 -999.9 -999.9 4.7 -999.9 -999.9 -999.9 -999.9 -999.9 15.1 -999.9 30.8 31.0 0.0 0.0 0.0 0.0 0.0 0.0 13.0 6.5 98.2 63.2 42.2 DCRS_-_São_Francisco_de_Paula/Cambará_do_Sul_(865_m) -999.9 -999.9 -999.9 -999.9 -999.9 12.7 4.1 792.0 Rio_Grande_do_Sul DCRS -999.9 0.0 0.0 861.42 861.43 861.1 0 0.0 861.43 861.43 861.43 861.43
-29.264900 -50.314899 DCRS-00084 2026-09-22_17:24 9.1 -999.9 -999.9 74.7 -999.9 -999.9 4.8 -999.9 -999.9 -999.9 -999.9 -999.9 11.9 -999.9 30.8 33.0 0.0 0.0 0.0 0.0 0.0 0.0 13.0 6.5 98.2 63.2 42.2 DCRS_-_São_Francisco_de_Paula/Cambará_do_Sul_(865_m) -999.9 -999.9 -999.9 -999.9 -999.9 12.7 4.1 792.0 Rio_Grande_do_Sul DCRS -999.9 0.0 0.0 861.41 861.43 861.1 0 -0.01 861.43 861.43 861.43 861.43
-29.264900 -50.314899 DCRS-00084 2026-09-22_17:25 9.1 -999.9 -999.9 74.1 -999.9 -999.9 4.7 -999.9 -999.9 -999.9 -999.9 -999.9 18.6 -999.9 28.3 33.0 0.0 0.0 0.0 0.0 0.0 0.0 13.0 6.5 98.2 63.2 42.2 DCRS_-_São_Francisco_de_Paula/Cambará_do_Sul_(865_m) -999.9 -999.9 -999.9 -999.9 -999.9 12.7 4.1 792.0 Rio_Grande_do_Sul DCRS -999.9 0.0 0.0 861.42 861.43 861.1 0 0.0 861.43 861.43 861.43 861.43
-29.264900 -50.314899 DCRS-00084 2026-09-22_17:26 9.1 -999.9 -999.9 73.9 -999.9 -999.9 4.6 -999.9 -999.9 -999.9 -999.9 -999.9 20.4 -999.9 28.3 36.0 0.0 0.0 0.0 0.0 0.0 0.0 13.0 6.5 98.2 63.2 42.2 DCRS_-_São_Francisco_de_Paula/Cambará_do_Sul_(865_m) -999.9 -999.9 -999.9 -999.9 -999.9 12.7 4.1 792.0 Rio_Grande_do_Sul DCRS -999.9 0.0 0.0 861.42 861.43 861.1 0 0.0 861.43 861.43 861.43 861.43
-29.264900 -50.314899 DCRS-00084 2026-09-22_17:27 9.1 -999.9 -999.9 73.8 -999.9 -999.9 4.6 -999.9 -999.9 -999.9 -999.9 -999.9 16.1 -999.9 28.3 41.0 0.0 0.0 0.0 0.0 0.0 0.0 13.0 6.5 98.2 63.2 42.2 DCRS_-_São_Francisco_de_Paula/Cambará_do_Sul_(865_m) -999.9 -999.9 -999.9 -999.9 -999.9 12.7 4.1 792.0 Rio_Grande_do_Sul DCRS -999.9 0.0 0.0 861.42 861.43 861.1 0 0.0 861.43 861.43 861.43 861.43
-29.264900 -50.314899 DCRS-00084 2026-09-22_17:28 9.1 -999.9 -999.9 74.5 -999.9 -999.9 4.8 -999.9 -999.9 -999.9 -999.9 -999.9 14.0 -999.9 28.3 55.0 0.0 0.0 0.0 0.0 0.0 0.0 13.0 6.5 98.2 63.2 42.2 DCRS_-_São_Francisco_de_Paula/Cambará_do_Sul_(865_m) -999.9 -999.9 -999.9 -999.9 -999.9 12.7 4.1 792.0 Rio_Grande_do_Sul DCRS -999.9 0.0 0.0 861.42 861.43 861.1 0 0.01 861.43 861.43 861.43 861.43
-29.264900 -50.314899 DCRS-00084 2026-09-22_17:29 9.1 -999.9 -999.9 74.8 -999.9 -999.9 4.8 -999.9 -999.9 -999.9 -999.9 -999.9 21.0 -999.9 28.3 61.0 0.0 0.0 0.0 0.0 0.0 0.0 13.0 6.5 98.2 63.2 42.2 DCRS_-_São_Francisco_de_Paula/Cambará_do_Sul_(865_m) -999.9 -999.9 -999.9 -999.9 -999.9 12.7 4.1 792.0 Rio_Grande_do_Sul DCRS -999.9 0.0 0.0 861.42 861.43 861.1 0 0.01 861.43 861.43 861.43 861.43
-29.264900 -50.314899 DCRS-00084 2026-09-22_17:30 9.0 -999.9 -999.9 74.8 -999.9 -999.9 4.7 -999.9 -999.9 -999.9 -999.9 -999.9 21.6 -999.9 27.3 63.0 0.0 0.0 0.0 0.0 0.0 0.0 13.0 6.5 98.2 63.2 42.2 DCRS_-_São_Francisco_de_Paula/Cambará_do_Sul_(865_m) -999.9 -999.9 -999.9 -999.9 -999.9 12.7 4.1 792.0 Rio_Grande_do_Sul DCRS -999.9 0.0 0.0 861.42 861.43 861.1 0 0.0 861.43 861.43 861.43 861.43
-29.264900 -50.314899 DCRS-00084 2026-09-22_17:31 9.0 -999.9 -999.9 75.0 -999.9 -999.9 4.8 -999.9 -999.9 -999.9 -999.9 -999.9 16.7 -999.9 27.3 106.0 0.0 0.0 0.0 0.0 0.0 0.0 13.0 6.5 98.2 63.2 42.2 DCRS_-_São_Francisco_de_Paula/Cambará_do_Sul_(865_m) -999.9 -999.9 -999.9 -999.9 -999.9 12.7 4.1 792.0 Rio_Grande_do_Sul DCRS -999.9 0.0 0.0 861.41 861.43 861.1 0 -0.01 861.43 861.43 861.43 861.43
-29.264900 -50.314899 DCRS-00084 2026-09-22_17:32 9.2 -999.9 -999.9 75.4 -999.9 -999.9 5.0 -999.9 -999.9 -999.9 -999.9 -999.9 7.2 -999.9 27.3 88.0 0.0 0.0 0.0 0.0 0.0 0.0 13.0 6.5 98.2 63.2 42.2 DCRS_-_São_Francisco_de_Paula/Cambará_do_Sul_(865_m) -999.9 -999.9 -999.9 -999.9 -999.9 12.7 4.1 792.0 Rio_Grande_do_Sul DCRS -999.9 0.0 0.0 861.42 861.43 861.1 0 -0.01 861.43 861.43 861.43 861.43
-29.264900 -50.314899 DCRS-00084 2026-09-22_17:33 9.2 -999.9 -999.9 75.2 -999.9 -999.9 5.0 -999.9 -999.9 -999.9 -999.9 -999.9 19.0 -999.9 27.3 68.0 0.0 0.0 0.0 0.0 0.0 0.0 13.0 6.5 98.2 63.2 42.2 DCRS_-_São_Francisco_de_Paula/Cambará_do_Sul_(865_m) -999.9 -999.9 -999.9 -999.9 -999.9 12.7 4.1 792.0 Rio_Grande_do_Sul DCRS -999.9 0.0 0.0 861.41 861.43 861.1 0 -0.02 861.43 861.43 861.43 861.43
-29.264900 -50.314899 DCRS-00084 2026-09-22_17:34 9.2 -999.9 -999.9 74.9 -999.9 -999.9 4.9 -999.9 -999.9 -999.9 -999.9 -999.9 12.1 -999.9 27.3 40.0 0.0 0.0 0.0 0.0 0.0 0.0 13.0 6.5 98.2 63.2 42.2 DCRS_-_São_Francisco_de_Paula/Cambará_do_Sul_(865_m) -999.9 -999.9 -999.9 -999.9 -999.9 12.7 4.1 792.0 Rio_Grande_do_Sul DCRS -999.9 0.0 0.0 861.42 861.43 861.1 0 0.0 861.43 861.43 861.43 861.43
-29.264900 -50.314899 DCRS-00084 2026-09-22_17:35 9.2 -999.9 -999.9 75.8 -999.9 -999.9 5.1 -999.9 -999.9 -999.9 -999.9 -999.9 18.7 -999.9 26.0 35.0 0.0 0.0 0.0 0.0 0.0 0.0 13.0 6.5 98.2 63.2 42.2 DCRS_-_São_Francisco_de_Paula/Cambará_do_Sul_(865_m) -999.9 -999.9 -999.9 -999.9 -999.9 12.7 4.1 792.0 Rio_Grande_do_Sul DCRS -999.9 0.0 0.0 861.42 861.43 861.1 0 0.02 861.43 861.43 861.43 861.43
-29.264900 -50.314899 DCRS-00084 2026-09-22_17:36 9.2 -999.9 -999.9 74.5 -999.9 -999.9 4.9 -999.9 -999.9 -999.9 -999.9 -999.9 22.0 -999.9 26.0 34.0 0.0 0.0 0.0 0.0 0.0 0.0 13.0 6.5 98.2 63.2 42.2 DCRS_-_São_Francisco_de_Paula/Cambará_do_Sul_(865_m) -999.9 -999.9 -999.9 -999.9 -999.9 12.7 4.1 792.0 Rio_Grande_do_Sul DCRS -999.9 0.0 0.0 861.42 861.43 861.1 0 -0.01 861.43 861.43 861.43 861.43
-29.264900 -50.314899 DCRS-00084 2026-09-22_17:37 9.2 -999.9 -999.9 74.7 -999.9 -999.9 4.9 -999.9 -999.9 -999.9 -999.9 -999.9 14.7 -999.9 26.0 56.0 0.0 0.0 0.0 0.0 0.0 0.0 13.0 6.5 98.2 63.2 42.2 DCRS_-_São_Francisco_de_Paula/Cambará_do_Sul_(865_m) -999.9 -999.9 -999.9 -999.9 -999.9 12.7 4.1 792.0 Rio_Grande_do_Sul DCRS -999.9 0.0 0.0 861.42 861.43 861.1 0 0.0 861.43 861.43 861.43 861.43
-29.264900 -50.314899 DCRS-00084 2026-09-22_17:38 9.1 -999.9 -999.9 75.5 -999.9 -999.9 5.0 -999.9 -999.9 -999.9 -999.9 -999.9 16.0 -999.9 26.0 46.0 0.0 0.0 0.0 0.0 0.0 0.0 13.0 6.5 98.2 63.2 42.2 DCRS_-_São_Francisco_de_Paula/Cambará_do_Sul_(865_m) -999.9 -999.9 -999.9 -999.9 -999.9 12.7 4.1 792.0 Rio_Grande_do_Sul DCRS -999.9 0.0 0.0 861.42 861.43 861.1 0 0.0 861.43 861.43 861.43 861.43
-29.264900 -50.314899 DCRS-00084 2026-09-22_17:39 9.1 -999.9 -999.9 76.1 -999.9 -999.9 5.1 -999.9 -999.9 -999.9 -999.9 -999.9 11.2 -999.9 26.0 84.0 0.0 0.0 0.0 0.0 0.0 0.0 13.0 6.5 98.2 63.2 42.2 DCRS_-_São_Francisco_de_Paula/Cambará_do_Sul_(865_m) -999.9 -999.9 -999.9 -999.9 -999.9 12.7 4.1 792.0 Rio_Grande_do_Sul DCRS -999.9 0.0 0.0 861.41 861.43 861.1 0 -0.01 861.43 861.43 861.43 861.43
-29.264900 -50.314899 DCRS-00084 2026-09-22_17:40 9.2 -999.9 -999.9 75.8 -999.9 -999.9 5.1 -999.9 -999.9 -999.9 -999.9 -999.9 16.5 -999.9 30.9 35.0 0.0 0.0 0.0 0.0 0.0 0.0 13.0 6.5 98.2 63.2 42.2 DCRS_-_São_Francisco_de_Paula/Cambará_do_Sul_(865_m) -999.9 -999.9 -999.9 -999.9 -999.9 12.7 4.1 792.0 Rio_Grande_do_Sul DCRS -999.9 0.0 0.0 861.41 861.43 861.1 0 0.0 861.43 861.43 861.43 861.43
-29.264900 -50.314899 DCRS-00084 2026-09-22_17:41 9.1 -999.9 -999.9 74.8 -999.9 -999.9 4.8 -999.9 -999.9 -999.9 -999.9 -999.9 20.5 -999.9 30.9 35.0 0.0 0.0 0.0 0.0 0.0 0.0 13.0 6.5 98.2 63.2 42.2 DCRS_-_São_Francisco_de_Paula/Cambará_do_Sul_(865_m) -999.9 -999.9 -999.9 -999.9 -999.9 12.7 4.1 792.0 Rio_Grande_do_Sul DCRS -999.9 0.0 0.0 861.41 861.43 861.1 0 -0.01 861.43 861.43 861.43 861.43
-29.264900 -50.314899 DCRS-00084 2026-09-22_17:42 9.1 -999.9 -999.9 73.9 -999.9 -999.9 4.6 -999.9 -999.9 -999.9 -999.9 -999.9 12.4 -999.9 30.9 78.0 0.0 0.0 0.0 0.0 0.0 0.0 13.0 6.5 98.2 63.2 42.2 DCRS_-_São_Francisco_de_Paula/Cambará_do_Sul_(865_m) -999.9 -999.9 -999.9 -999.9 -999.9 12.7 4.1 792.0 Rio_Grande_do_Sul DCRS -999.9 0.0 0.0 861.42 861.43 861.1 0 0.0 861.43 861.43 861.43 861.43
-29.264900 -50.314899 DCRS-00084 2026-09-22_17:43 9.1 -999.9 -999.9 74.5 -999.9 -999.9 4.8 -999.9 -999.9 -999.9 -999.9 -999.9 19.3 -999.9 30.9 44.0 0.0 0.0 0.0 0.0 0.0 0.0 13.0 6.5 98.2 63.2 42.2 DCRS_-_São_Francisco_de_Paula/Cambará_do_Sul_(865_m) -999.9 -999.9 -999.9 -999.9 -999.9 12.7 4.1 792.0 Rio_Grande_do_Sul DCRS -999.9 0.0 0.0 861.42 861.43 861.1 0 0.0 861.43 861.43 861.43 861.43
-29.264900 -50.314899 DCRS-00084 2026-09-22_17:44 9.1 -999.9 -999.9 74.2 -999.9 -999.9 4.7 -999.9 -999.9 -999.9 -999.9 -999.9 11.1 -999.9 30.9 30.0 0.0 0.0 0.0 0.0 0.0 0.0 13.0 6.5 98.2 63.2 42.2 DCRS_-_São_Francisco_de_Paula/Cambará_do_Sul_(865_m) -999.9 -999.9 -999.9 -999.9 -999.9 12.7 4.1 792.0 Rio_Grande_do_Sul DCRS -999.9 0.0 0.0 861.42 861.43 861.1 0 0.0 861.43 861.43 861.43 861.43
-29.264900 -50.314899 DCRS-00084 2026-09-22_17:45 9.1 -999.9 -999.9 73.8 -999.9 -999.9 4.6 -999.9 -999.9 -999.9 -999.9 -999.9 9.5 -999.9 25.3 35.0 0.0 0.0 0.0 0.0 0.0 0.0 13.0 6.5 98.2 63.2 42.2 DCRS_-_São_Francisco_de_Paula/Cambará_do_Sul_(865_m) -999.9 -999.9 -999.9 -999.9 -999.9 12.7 4.1 792.0 Rio_Grande_do_Sul DCRS -999.9 0.0 0.0 861.41 861.43 861.1 0 -0.01 861.43 861.43 861.43 861.43
-29.264900 -50.314899 DCRS-00084 2026-09-22_17:46 9.0 -999.9 -999.9 73.3 -999.9 -999.9 4.4 -999.9 -999.9 -999.9 -999.9 -999.9 19.6 -999.9 25.3 26.0 0.0 0.0 0.0 0.0 0.0 0.0 13.0 6.5 98.2 63.2 42.2 DCRS_-_São_Francisco_de_Paula/Cambará_do_Sul_(865_m) -999.9 -999.9 -999.9 -999.9 -999.9 12.7 4.1 792.0 Rio_Grande_do_Sul DCRS -999.9 0.0 0.0 861.42 861.43 861.1 0 0.0 861.43 861.43 861.43 861.43
-29.264900 -50.314899 DCRS-00084 2026-09-22_17:47 9.0 -999.9 -999.9 73.4 -999.9 -999.9 4.4 -999.9 -999.9 -999.9 -999.9 -999.9 12.3 -999.9 25.3 38.0 0.0 0.0 0.0 0.0 0.0 0.0 13.0 6.5 98.2 63.2 42.2 DCRS_-_São_Francisco_de_Paula/Cambará_do_Sul_(865_m) -999.9 -999.9 -999.9 -999.9 -999.9 12.7 4.1 792.0 Rio_Grande_do_Sul DCRS -999.9 0.0 0.0 861.42 861.43 861.1 0 0.0 861.43 861.43 861.43 861.43
-29.264900 -50.314899 DCRS-00084 2026-09-22_17:48 8.9 -999.9 -999.9 73.5 -999.9 -999.9 4.4 -999.9 -999.9 -999.9 -999.9 -999.9 14.4 -999.9 25.3 39.0 0.0 0.0 0.0 0.0 0.0 0.0 13.0 6.5 98.2 63.2 42.2 DCRS_-_São_Francisco_de_Paula/Cambará_do_Sul_(865_m) -999.9 -999.9 -999.9 -999.9 -999.9 12.7 4.1 792.0 Rio_Grande_do_Sul DCRS -999.9 0.0 0.0 861.41 861.43 861.1 0 -0.01 861.43 861.43 861.43 861.43
-29.264900 -50.314899 DCRS-00084 2026-09-22_17:49 8.9 -999.9 -999.9 74.3 -999.9 -999.9 4.5 -999.9 -999.9 -999.9 -999.9 -999.9 15.4 -999.9 25.3 46.0 0.0 0.0 0.0 0.0 0.0 0.0 13.0 6.5 98.2 63.2 42.2 DCRS_-_São_Francisco_de_Paula/Cambará_do_Sul_(865_m) -999.9 -999.9 -999.9 -999.9 -999.9 12.7 4.1 792.0 Rio_Grande_do_Sul DCRS -999.9 0.0 0.0 861.42 861.43 861.1 0 0.0 861.43 861.43 861.43 861.43
-29.264900 -50.314899 DCRS-00084 2026-09-22_17:50 8.9 -999.9 -999.9 74.0 -999.9 -999.9 4.5 -999.9 -999.9 -999.9 -999.9 -999.9 17.0 -999.9 28.7 37.0 0.0 0.0 0.0 0.0 0.0 0.0 13.0 6.5 98.2 63.2 42.2 DCRS_-_São_Francisco_de_Paula/Cambará_do_Sul_(865_m) -999.9 -999.9 -999.9 -999.9 -999.9 12.7 4.1 792.0 Rio_Grande_do_Sul DCRS -999.9 0.0 0.0 861.42 861.43 861.1 0 0.02 861.43 861.43 861.43 861.43
-29.264900 -50.314899 DCRS-00084 2026-09-22_17:51 8.9 -999.9 -999.9 73.2 -999.9 -999.9 4.3 -999.9 -999.9 -999.9 -999.9 -999.9 15.8 -999.9 28.7 27.0 0.0 0.0 0.0 0.0 0.0 0.0 13.0 6.5 98.2 63.2 42.2 DCRS_-_São_Francisco_de_Paula/Cambará_do_Sul_(865_m) -999.9 -999.9 -999.9 -999.9 -999.9 12.7 4.1 792.0 Rio_Grande_do_Sul DCRS -999.9 0.0 0.0 861.42 861.43 861.1 0 0.0 861.43 861.43 861.43 861.43
-29.264900 -50.314899 DCRS-00084 2026-09-22_17:52 8.9 -999.9 -999.9 73.7 -999.9 -999.9 4.4 -999.9 -999.9 -999.9 -999.9 -999.9 18.4 -999.9 28.7 30.0 0.0 0.0 0.0 0.0 0.0 0.0 13.0 6.5 98.2 63.2 42.2 DCRS_-_São_Francisco_de_Paula/Cambará_do_Sul_(865_m) -999.9 -999.9 -999.9 -999.9 -999.9 12.7 4.1 792.0 Rio_Grande_do_Sul DCRS -999.9 0.0 0.0 861.42 861.43 861.1 0 0.0 861.43 861.43 861.43 861.43
-29.264900 -50.314899 DCRS-00084 2026-09-22_17:53 8.9 -999.9 -999.9 73.8 -999.9 -999.9 4.4 -999.9 -999.9 -999.9 -999.9 -999.9 14.5 -999.9 28.7 28.0 0.0 0.0 0.0 0.0 0.0 0.0 13.0 6.5 98.2 63.2 42.2 DCRS_-_São_Francisco_de_Paula/Cambará_do_Sul_(865_m) -999.9 -999.9 -999.9 -999.9 -999.9 12.7 4.1 792.0 Rio_Grande_do_Sul DCRS -999.9 0.0 0.0 861.41 861.43 861.1 0 0.0 861.43 861.43 861.43 861.43
-29.264900 -50.314899 DCRS-00084 2026-09-22_17:54 8.8 -999.9 -999.9 74.1 -999.9 -999.9 4.4 -999.9 -999.9 -999.9 -999.9 -999.9 18.4 -999.9 28.7 30.0 0.0 0.0 0.0 0.0 0.0 0.0 13.0 6.5 98.2 63.2 42.2 DCRS_-_São_Francisco_de_Paula/Cambará_do_Sul_(865_m) -999.9 -999.9 -999.9 -999.9 -999.9 12.7 4.1 792.0 Rio_Grande_do_Sul DCRS -999.9 0.0 0.0 861.42 861.43 861.1 0 0.0 861.43 861.43 861.43 861.43
-29.264900 -50.314899 DCRS-00084 2026-09-22_17:55 8.8 -999.9 -999.9 74.3 -999.9 -999.9 4.4 -999.9 -999.9 -999.9 -999.9 -999.9 14.1 -999.9 24.2 36.0 0.0 0.0 0.0 0.0 0.0 0.0 13.0 6.5 98.2 63.2 42.2 DCRS_-_São_Francisco_de_Paula/Cambará_do_Sul_(865_m) -999.9 -999.9 -999.9 -999.9 -999.9 12.7 4.1 792.0 Rio_Grande_do_Sul DCRS -999.9 0.0 0.0 861.42 861.43 861.1 0 0.0 861.43 861.43 861.43 861.43
-29.264900 -50.314899 DCRS-00084 2026-09-22_17:56 8.8 -999.9 -999.9 74.2 -999.9 -999.9 4.4 -999.9 -999.9 -999.9 -999.9 -999.9 21.0 -999.9 24.2 23.0 0.0 0.0 0.0 0.0 0.0 0.0 13.0 6.5 98.2 63.2 42.2 DCRS_-_São_Francisco_de_Paula/Cambará_do_Sul_(865_m) -999.9 -999.9 -999.9 -999.9 -999.9 12.7 4.1 792.0 Rio_Grande_do_Sul DCRS -999.9 0.0 0.0 861.42 861.43 861.1 0 -0.01 861.43 861.43 861.43 861.43
-29.264900 -50.314899 DCRS-00084 2026-09-22_17:57 8.8 -999.9 -999.9 74.2 -999.9 -999.9 4.4 -999.9 -999.9 -999.9 -999.9 -999.9 13.5 -999.9 24.2 17.0 0.0 0.0 0.0 0.0 0.0 0.0 13.0 6.5 98.2 63.2 42.2 DCRS_-_São_Francisco_de_Paula/Cambará_do_Sul_(865_m) -999.9 -999.9 -999.9 -999.9 -999.9 12.7 4.1 792.0 Rio_Grande_do_Sul DCRS -999.9 0.0 0.0 861.41 861.43 861.1 0 -0.01 861.43 861.43 861.43 861.43
-29.264900 -50.314899 DCRS-00084 2026-09-22_17:58 8.8 -999.9 -999.9 74.8 -999.9 -999.9 4.5 -999.9 -999.9 -999.9 -999.9 -999.9 23.4 -999.9 24.2 15.0 0.0 0.0 0.0 0.0 0.0 0.0 13.0 6.5 98.2 63.2 42.2 DCRS_-_São_Francisco_de_Paula/Cambará_do_Sul_(865_m) -999.9 -999.9 -999.9 -999.9 -999.9 12.7 4.1 792.0 Rio_Grande_do_Sul DCRS -999.9 0.0 0.0 861.4 861.43 861.1 0 -0.02 861.43 861.43 861.43 861.43
-29.264900 -50.314899 DCRS-00084 2026-09-22_17:59 8.7 -999.9 -999.9 74.7 -999.9 -999.9 4.4 -999.9 -999.9 -999.9 -999.9 -999.9 20.1 -999.9 24.2 13.0 0.0 0.0 0.0 0.0 0.0 0.0 13.0 6.5 98.2 63.2 42.2 DCRS_-_São_Francisco_de_Paula/Cambará_do_Sul_(865_m) -999.9 -999.9 -999.9 -999.9 -999.9 12.7 4.1 792.0 Rio_Grande_do_Sul DCRS -999.9 0.0 0.0 861.42 861.43 861.1 0 0.0 861.43 861.43 861.43 861.43
-29.264900 -50.314899 DCRS-00084 2026-09-22_18:00 8.6 -999.9 -999.9 74.6 -999.9 -999.9 4.3 -999.9 -999.9 -999.9 -999.9 -999.9 21.4 -999.9 26.2 13.0 0.0 0.0 0.0 0.0 0.0 0.0 13.0 6.5 98.2 63.2 42.2 DCRS_-_São_Francisco_de_Paula/Cambará_do_Sul_(865_m) -999.9 -999.9 -999.9 -999.9 -999.9 12.7 4.1 792.0 Rio_Grande_do_Sul DCRS -999.9 0.0 0.0 861.41 861.43 861.1 0 0.0 861.43 861.43 861.43 861.43
-29.264900 -50.314899 DCRS-00084 2026-09-22_18:01 8.6 -999.9 -999.9 74.7 -999.9 -999.9 4.3 -999.9 -999.9 -999.9 -999.9 -999.9 14.4 -999.9 26.2 13.0 0.0 0.0 0.0 0.0 0.0 0.0 13.0 6.5 98.2 63.2 42.2 DCRS_-_São_Francisco_de_Paula/Cambará_do_Sul_(865_m) -999.9 -999.9 -999.9 -999.9 -999.9 12.7 4.1 792.0 Rio_Grande_do_Sul DCRS -999.9 0.0 0.0 861.42 861.43 861.1 0 0.0 861.43 861.43 861.43 861.43
-29.264900 -50.314899 DCRS-00084 2026-09-22_18:02 8.6 -999.9 -999.9 74.9 -999.9 -999.9 4.4 -999.9 -999.9 -999.9 -999.9 -999.9 18.4 -999.9 26.2 12.0 0.0 0.0 0.0 0.0 0.0 0.0 13.0 6.5 98.2 63.2 42.2 DCRS_-_São_Francisco_de_Paula/Cambará_do_Sul_(865_m) -999.9 -999.9 -999.9 -999.9 -999.9 12.7 4.1 792.0 Rio_Grande_do_Sul DCRS -999.9 0.0 0.0 861.42 861.43 861.1 0 0.01 861.43 861.43 861.43 861.43
-29.264900 -50.314899 DCRS-00084 2026-09-22_18:03 8.5 -999.9 -999.9 74.4 -999.9 -999.9 4.2 -999.9 -999.9 -999.9 -999.9 -999.9 23.5 -999.9 26.2 11.0 0.0 0.0 0.0 0.0 0.0 0.0 13.0 6.5 98.2 63.2 42.2 DCRS_-_São_Francisco_de_Paula/Cambará_do_Sul_(865_m) -999.9 -999.9 -999.9 -999.9 -999.9 12.7 4.1 792.0 Rio_Grande_do_Sul DCRS -999.9 0.0 0.0 861.41 861.43 861.1 0 0.0 861.43 861.43 861.43 861.43
-29.264900 -50.314899 DCRS-00084 2026-09-22_18:04 8.5 -999.9 -999.9 75.6 -999.9 -999.9 4.4 -999.9 -999.9 -999.9 -999.9 -999.9 12.3 -999.9 26.2 9.0 0.0 0.0 0.0 0.0 0.0 0.0 13.0 6.5 98.2 63.2 42.2 DCRS_-_São_Francisco_de_Paula/Cambará_do_Sul_(865_m) -999.9 -999.9 -999.9 -999.9 -999.9 12.7 4.1 792.0 Rio_Grande_do_Sul DCRS -999.9 0.0 0.0 861.42 861.43 861.1 0 0.0 861.43 861.43 861.43 861.43
-29.264900 -50.314899 DCRS-00084 2026-09-22_18:05 8.5 -999.9 -999.9 75.7 -999.9 -999.9 4.4 -999.9 -999.9 -999.9 -999.9 -999.9 12.2 -999.9 28.0 8.0 0.0 0.0 0.0 0.0 0.0 0.0 13.0 6.5 98.2 63.2 42.2 DCRS_-_São_Francisco_de_Paula/Cambará_do_Sul_(865_m) -999.9 -999.9 -999.9 -999.9 -999.9 12.7 4.1 792.0 Rio_Grande_do_Sul DCRS -999.9 0.0 0.0 861.42 861.43 861.1 0 0.01 861.43 861.43 861.43 861.43
-29.264900 -50.314899 DCRS-00084 2026-09-22_18:06 8.5 -999.9 -999.9 75.3 -999.9 -999.9 4.3 -999.9 -999.9 -999.9 -999.9 -999.9 17.0 -999.9 28.0 7.0 0.0 0.0 0.0 0.0 0.0 0.0 13.0 6.5 98.2 63.2 42.2 DCRS_-_São_Francisco_de_Paula/Cambará_do_Sul_(865_m) -999.9 -999.9 -999.9 -999.9 -999.9 12.7 4.1 792.0 Rio_Grande_do_Sul DCRS -999.9 0.0 0.0 861.41 861.43 861.1 0 -0.01 861.43 861.43 861.43 861.43
-29.264900 -50.314899 DCRS-00084 2026-09-22_18:07 8.5 -999.9 -999.9 76.2 -999.9 -999.9 4.5 -999.9 -999.9 -999.9 -999.9 -999.9 8.6 -999.9 28.0 6.0 0.0 0.0 0.0 0.0 0.0 0.0 13.0 6.5 98.2 63.2 42.2 DCRS_-_São_Francisco_de_Paula/Cambará_do_Sul_(865_m) -999.9 -999.9 -999.9 -999.9 -999.9 12.7 4.1 792.0 Rio_Grande_do_Sul DCRS -999.9 0.0 0.0 861.41 861.43 861.1 0 -0.01 861.43 861.43 861.43 861.43
-29.264900 -50.314899 DCRS-00084 2026-09-22_18:08 8.5 -999.9 -999.9 76.3 -999.9 -999.9 4.5 -999.9 -999.9 -999.9 -999.9 -999.9 17.6 -999.9 28.0 6.0 0.0 0.0 0.0 0.0 0.0 0.0 13.0 6.5 98.2 63.2 42.2 DCRS_-_São_Francisco_de_Paula/Cambará_do_Sul_(865_m) -999.9 -999.9 -999.9 -999.9 -999.9 12.7 4.1 792.0 Rio_Grande_do_Sul DCRS -999.9 0.0 0.0 861.41 861.43 861.1 0 -0.01 861.43 861.43 861.43 861.43
-29.264900 -50.314899 DCRS-00084 2026-09-22_18:09 8.5 -999.9 -999.9 76.5 -999.9 -999.9 4.6 -999.9 -999.9 -999.9 -999.9 -999.9 9.2 -999.9 28.0 5.0 0.0 0.0 0.0 0.0 0.0 0.0 13.0 6.5 98.2 63.2 42.2 DCRS_-_São_Francisco_de_Paula/Cambará_do_Sul_(865_m) -999.9 -999.9 -999.9 -999.9 -999.9 12.7 4.1 792.0 Rio_Grande_do_Sul DCRS -999.9 0.0 0.0 861.42 861.43 861.1 0 0.01 861.43 861.43 861.43 861.43
-29.264900 -50.314899 DCRS-00084 2026-09-22_18:10 8.6 -999.9 -999.9 77.1 -999.9 -999.9 4.8 -999.9 -999.9 -999.9 -999.9 -999.9 8.5 -999.9 21.2 5.0 0.0 0.0 0.0 0.0 0.0 0.0 13.0 6.5 98.2 63.2 42.2 DCRS_-_São_Francisco_de_Paula/Cambará_do_Sul_(865_m) -999.9 -999.9 -999.9 -999.9 -999.9 12.7 4.1 792.0 Rio_Grande_do_Sul DCRS -999.9 0.0 0.0 861.42 861.43 861.1 0 0.02 861.43 861.43 861.43 861.43
-29.264900 -50.314899 DCRS-00084 2026-09-22_18:11 8.5 -999.9 -999.9 77.1 -999.9 -999.9 4.7 -999.9 -999.9 -999.9 -999.9 -999.9 17.1 -999.9 21.2 4.0 0.0 0.0 0.0 0.0 0.0 0.0 13.0 6.5 98.2 63.2 42.2 DCRS_-_São_Francisco_de_Paula/Cambará_do_Sul_(865_m) -999.9 -999.9 -999.9 -999.9 -999.9 12.7 4.1 792.0 Rio_Grande_do_Sul DCRS -999.9 0.0 0.0 861.42 861.43 861.1 0 0.02 861.43 861.43 861.43 861.43
-29.264900 -50.314899 DCRS-00084 2026-09-22_18:12 8.4 -999.9 -999.9 76.9 -999.9 -999.9 4.5 -999.9 -999.9 -999.9 -999.9 -999.9 12.7 -999.9 21.2 4.0 0.0 0.0 0.0 0.0 0.0 0.0 13.0 6.5 98.2 63.2 42.2 DCRS_-_São_Francisco_de_Paula/Cambará_do_Sul_(865_m) -999.9 -999.9 -999.9 -999.9 -999.9 12.7 4.1 792.0 Rio_Grande_do_Sul DCRS -999.9 0.0 0.0 861.41 861.43 861.1 0 0.0 861.43 861.43 861.43 861.43
-29.264900 -50.314899 DCRS-00084 2026-09-22_18:13 8.4 -999.9 -999.9 77.3 -999.9 -999.9 4.6 -999.9 -999.9 -999.9 -999.9 -999.9 5.8 -999.9 21.2 4.0 0.0 0.0 0.0 0.0 0.0 0.0 13.0 6.5 98.2 63.2 42.2 DCRS_-_São_Francisco_de_Paula/Cambará_do_Sul_(865_m) -999.9 -999.9 -999.9 -999.9 -999.9 12.7 4.1 792.0 Rio_Grande_do_Sul DCRS -999.9 0.0 0.0 861.41 861.43 861.1 0 -0.01 861.43 861.43 861.43 861.43
-29.264900 -50.314899 DCRS-00084 2026-09-22_18:14 8.4 -999.9 -999.9 78.0 -999.9 -999.9 4.7 -999.9 -999.9 -999.9 -999.9 -999.9 12.9 -999.9 21.2 3.0 0.0 0.0 0.0 0.0 0.0 0.0 13.0 6.5 98.2 63.2 42.2 DCRS_-_São_Francisco_de_Paula/Cambará_do_Sul_(865_m) -999.9 -999.9 -999.9 -999.9 -999.9 12.7 4.1 792.0 Rio_Grande_do_Sul DCRS -999.9 0.0 0.0 861.41 861.43 861.1 0 -0.01 861.43 861.43 861.43 861.43
-29.264900 -50.314899 DCRS-00084 2026-09-22_18:15 8.3 -999.9 -999.9 78.0 -999.9 -999.9 4.6 -999.9 -999.9 -999.9 -999.9 -999.9 8.8 -999.9 20.2 3.0 0.0 0.0 0.0 0.0 0.0 0.0 13.0 6.5 98.2 63.2 42.2 DCRS_-_São_Francisco_de_Paula/Cambará_do_Sul_(865_m) -999.9 -999.9 -999.9 -999.9 -999.9 12.7 4.1 792.0 Rio_Grande_do_Sul DCRS -999.9 0.0 0.0 861.41 861.43 861.1 0 0.0 861.43 861.43 861.43 861.43
-29.264900 -50.314899 DCRS-00084 2026-09-22_18:16 8.3 -999.9 -999.9 78.8 -999.9 -999.9 4.8 -999.9 -999.9 -999.9 -999.9 -999.9 0.0 -999.9 20.2 2.0 0.0 0.0 0.0 0.0 0.0 0.0 13.0 6.5 98.2 63.2 42.2 DCRS_-_São_Francisco_de_Paula/Cambará_do_Sul_(865_m) -999.9 -999.9 -999.9 -999.9 -999.9 12.7 4.1 792.0 Rio_Grande_do_Sul DCRS -999.9 0.0 0.0 861.42 861.43 861.1 0 0.0 861.43 861.43 861.43 861.43
-29.264900 -50.314899 DCRS-00084 2026-09-22_18:17 8.4 -999.9 -999.9 79.7 -999.9 -999.9 5.1 -999.9 -999.9 -999.9 -999.9 -999.9 7.4 -999.9 20.2 2.0 0.0 0.0 0.0 0.0 0.0 0.0 13.0 6.5 98.2 63.2 42.2 DCRS_-_São_Francisco_de_Paula/Cambará_do_Sul_(865_m) -999.9 -999.9 -999.9 -999.9 -999.9 12.7 4.1 792.0 Rio_Grande_do_Sul DCRS -999.9 0.0 0.0 861.41 861.43 861.1 0 0.0 861.43 861.43 861.43 861.43
-29.264900 -50.314899 DCRS-00084 2026-09-22_18:18 8.3 -999.9 -999.9 78.8 -999.9 -999.9 4.8 -999.9 -999.9 -999.9 -999.9 -999.9 12.5 -999.9 20.2 2.0 0.0 0.0 0.0 0.0 0.0 0.0 13.0 6.5 98.2 63.2 42.2 DCRS_-_São_Francisco_de_Paula/Cambará_do_Sul_(865_m) -999.9 -999.9 -999.9 -999.9 -999.9 12.7 4.1 792.0 Rio_Grande_do_Sul DCRS -999.9 0.0 0.0 861.41 861.43 861.1 0 -0.01 861.43 861.43 861.43 861.43
-29.264900 -50.314899 DCRS-00084 2026-09-22_18:19 8.3 -999.9 -999.9 79.2 -999.9 -999.9 4.9 -999.9 -999.9 -999.9 -999.9 -999.9 12.3 -999.9 20.2 2.0 0.0 0.0 0.0 0.0 0.0 0.0 13.0 6.5 98.2 63.2 42.2 DCRS_-_São_Francisco_de_Paula/Cambará_do_Sul_(865_m) -999.9 -999.9 -999.9 -999.9 -999.9 12.7 4.1 792.0 Rio_Grande_do_Sul DCRS -999.9 0.0 0.0 861.4 861.43 861.1 0 -0.02 861.43 861.43 861.43 861.43
-29.264900 -50.314899 DCRS-00084 2026-09-22_18:20 8.3 -999.9 -999.9 79.6 -999.9 -999.9 4.9 -999.9 -999.9 -999.9 -999.9 -999.9 7.9 -999.9 15.8 1.0 0.0 0.0 0.0 0.0 0.0 0.0 13.0 6.5 98.2 63.2 42.2 DCRS_-_São_Francisco_de_Paula/Cambará_do_Sul_(865_m) -999.9 -999.9 -999.9 -999.9 -999.9 12.7 4.1 792.0 Rio_Grande_do_Sul DCRS -999.9 0.0 0.0 861.41 861.43 861.1 0 -0.01 861.43 861.43 861.43 861.43
-29.264900 -50.314899 DCRS-00084 2026-09-22_18:21 8.3 -999.9 -999.9 79.4 -999.9 -999.9 4.9 -999.9 -999.9 -999.9 -999.9 -999.9 12.7 -999.9 15.8 1.0 0.0 0.0 0.0 0.0 0.0 0.0 13.0 6.5 98.2 63.2 42.2 DCRS_-_São_Francisco_de_Paula/Cambará_do_Sul_(865_m) -999.9 -999.9 -999.9 -999.9 -999.9 12.7 4.1 792.0 Rio_Grande_do_Sul DCRS -999.9 0.0 0.0 861.42 861.43 861.1 0 0.0 861.43 861.43 861.43 861.43
-29.264900 -50.314899 DCRS-00084 2026-09-22_18:22 8.3 -999.9 -999.9 79.8 -999.9 -999.9 5.0 -999.9 -999.9 -999.9 -999.9 -999.9 6.2 -999.9 15.8 1.0 0.0 0.0 0.0 0.0 0.0 0.0 13.0 6.5 98.2 63.2 42.2 DCRS_-_São_Francisco_de_Paula/Cambará_do_Sul_(865_m) -999.9 -999.9 -999.9 -999.9 -999.9 12.7 4.1 792.0 Rio_Grande_do_Sul DCRS -999.9 0.0 0.0 861.42 861.43 861.1 0 0.0 861.43 861.43 861.43 861.43
-29.264900 -50.314899 DCRS-00084 2026-09-22_18:23 8.2 -999.9 -999.9 80.0 -999.9 -999.9 4.9 -999.9 -999.9 -999.9 -999.9 -999.9 9.1 -999.9 15.8 0.0 0.0 0.0 0.0 0.0 0.0 0.0 13.0 6.5 98.2 63.2 42.2 DCRS_-_São_Francisco_de_Paula/Cambará_do_Sul_(865_m) -999.9 -999.9 -999.9 -999.9 -999.9 12.7 4.1 792.0 Rio_Grande_do_Sul DCRS -999.9 0.0 0.0 861.41 861.43 861.1 0 0.0 861.43 861.43 861.43 861.43
-29.264900 -50.314899 DCRS-00084 2026-09-22_18:24 8.2 -999.9 -999.9 80.1 -999.9 -999.9 4.9 -999.9 -999.9 -999.9 -999.9 -999.9 4.9 -999.9 15.8 0.0 0.0 0.0 0.0 0.0 0.0 0.0 13.0 6.5 98.2 63.2 42.2 DCRS_-_São_Francisco_de_Paula/Cambará_do_Sul_(865_m) -999.9 -999.9 -999.9 -999.9 -999.9 12.7 4.1 792.0 Rio_Grande_do_Sul DCRS -999.9 0.0 0.0 861.41 861.43 861.1 0 -0.01 861.43 861.43 861.43 861.43
-29.264900 -50.314899 DCRS-00084 2026-09-22_18:25 8.2 -999.9 -999.9 80.6 -999.9 -999.9 5.0 -999.9 -999.9 -999.9 -999.9 -999.9 8.7 -999.9 15.3 0.0 0.0 0.0 0.0 0.0 0.0 0.0 13.0 6.5 98.2 63.2 42.2 DCRS_-_São_Francisco_de_Paula/Cambará_do_Sul_(865_m) -999.9 -999.9 -999.9 -999.9 -999.9 12.7 4.1 792.0 Rio_Grande_do_Sul DCRS -999.9 0.0 0.0 861.41 861.43 861.1 0 -0.01 861.43 861.43 861.43 861.43
-29.264900 -50.314899 DCRS-00084 2026-09-22_18:26 8.1 -999.9 -999.9 80.8 -999.9 -999.9 5.0 -999.9 -999.9 -999.9 -999.9 -999.9 5.2 -999.9 15.3 0.0 0.0 0.0 0.0 0.0 0.0 0.0 13.0 6.5 98.2 63.2 42.2 DCRS_-_São_Francisco_de_Paula/Cambará_do_Sul_(865_m) -999.9 -999.9 -999.9 -999.9 -999.9 12.7 4.1 792.0 Rio_Grande_do_Sul DCRS -999.9 0.0 0.0 861.42 861.43 861.1 0 0.0 861.43 861.43 861.43 861.43
-29.264900 -50.314899 DCRS-00084 2026-09-22_18:27 8.1 -999.9 -999.9 80.6 -999.9 -999.9 4.9 -999.9 -999.9 -999.9 -999.9 -999.9 0.0 -999.9 15.3 0.0 0.0 0.0 0.0 0.0 0.0 0.0 13.0 6.5 98.2 63.2 42.2 DCRS_-_São_Francisco_de_Paula/Cambará_do_Sul_(865_m) -999.9 -999.9 -999.9 -999.9 -999.9 12.7 4.1 792.0 Rio_Grande_do_Sul DCRS -999.9 0.0 0.0 861.41 861.43 861.1 0 -0.01 861.43 861.43 861.43 861.43
-29.264900 -50.314899 DCRS-00084 2026-09-22_18:28 8.1 -999.9 -999.9 80.8 -999.9 -999.9 5.0 -999.9 -999.9 -999.9 -999.9 -999.9 0.0 -999.9 15.3 0.0 0.0 0.0 0.0 0.0 0.0 0.0 13.0 6.5 98.2 63.2 42.2 DCRS_-_São_Francisco_de_Paula/Cambará_do_Sul_(865_m) -999.9 -999.9 -999.9 -999.9 -999.9 12.7 4.1 792.0 Rio_Grande_do_Sul DCRS -999.9 0.0 0.0 861.41 861.43 861.1 0 -0.01 861.43 861.43 861.43 861.43
-29.264900 -50.314899 DCRS-00084 2026-09-22_18:29 8.0 -999.9 -999.9 80.5 -999.9 -999.9 4.8 -999.9 -999.9 -999.9 -999.9 -999.9 3.7 -999.9 15.3 0.0 0.0 0.0 0.0 0.0 0.0 0.0 13.0 6.5 98.2 63.2 42.2 DCRS_-_São_Francisco_de_Paula/Cambará_do_Sul_(865_m) -999.9 -999.9 -999.9 -999.9 -999.9 12.7 4.1 792.0 Rio_Grande_do_Sul DCRS -999.9 0.0 0.0 861.42 861.43 861.1 0 0.0 861.43 861.43 861.43 861.43
-29.264900 -50.314899 DCRS-00084 2026-09-22_18:30 8.0 -999.9 -999.9 81.0 -999.9 -999.9 4.9 -999.9 -999.9 -999.9 -999.9 -999.9 10.1 -999.9 10.6 0.0 0.0 0.0 0.0 0.0 0.0 0.0 13.0 6.5 98.2 63.2 42.2 DCRS_-_São_Francisco_de_Paula/Cambará_do_Sul_(865_m) -999.9 -999.9 -999.9 -999.9 -999.9 12.7 4.1 792.0 Rio_Grande_do_Sul DCRS -999.9 0.0 0.0 861.41 861.43 861.1 0 -0.01 861.43 861.43 861.43 861.43
-29.264900 -50.314899 DCRS-00084 2026-09-22_18:31 8.0 -999.9 -999.9 80.2 -999.9 -999.9 4.8 -999.9 -999.9 -999.9 -999.9 -999.9 -999.9 -999.9 10.6 0.0 0.0 0.0 0.0 0.0 0.0 0.0 13.0 6.5 98.2 63.2 42.2 DCRS_-_São_Francisco_de_Paula/Cambará_do_Sul_(865_m) -999.9 -999.9 -999.9 -999.9 -999.9 12.7 4.1 792.0 Rio_Grande_do_Sul DCRS -999.9 0.0 0.0 861.42 861.43 861.1 0 0.01 861.43 861.43 861.43 861.43
-29.264900 -50.314899 DCRS-00084 2026-09-22_18:32 7.9 -999.9 -999.9 80.8 -999.9 -999.9 4.8 -999.9 -999.9 -999.9 -999.9 -999.9 10.5 -999.9 10.6 0.0 0.0 0.0 0.0 0.0 0.0 0.0 13.0 6.5 98.2 63.2 42.2 DCRS_-_São_Francisco_de_Paula/Cambará_do_Sul_(865_m) -999.9 -999.9 -999.9 -999.9 -999.9 12.7 4.1 792.0 Rio_Grande_do_Sul DCRS -999.9 0.0 0.0 861.41 861.43 861.1 0 -0.01 861.43 861.43 861.43 861.43
-29.264900 -50.314899 DCRS-00084 2026-09-22_18:33 7.9 -999.9 -999.9 80.2 -999.9 -999.9 4.7 -999.9 -999.9 -999.9 -999.9 -999.9 -999.9 -999.9 10.6 0.0 0.0 0.0 0.0 0.0 0.0 0.0 13.0 6.5 98.2 63.2 42.2 DCRS_-_São_Francisco_de_Paula/Cambará_do_Sul_(865_m) -999.9 -999.9 -999.9 -999.9 -999.9 12.7 4.1 792.0 Rio_Grande_do_Sul DCRS -999.9 0.0 0.0 861.41 861.43 861.1 0 0.0 861.43 861.43 861.43 861.43
-29.264900 -50.314899 DCRS-00084 2026-09-22_18:34 7.9 -999.9 -999.9 80.5 -999.9 -999.9 4.7 -999.9 -999.9 -999.9 -999.9 -999.9 2.4 -999.9 10.6 0.0 0.0 0.0 0.0 0.0 0.0 0.0 13.0 6.5 98.2 63.2 42.2 DCRS_-_São_Francisco_de_Paula/Cambará_do_Sul_(865_m) -999.9 -999.9 -999.9 -999.9 -999.9 12.7 4.1 792.0 Rio_Grande_do_Sul DCRS -999.9 0.0 0.0 861.41 861.43 861.1 0 -0.01 861.43 861.43 861.43 861.43
-29.264900 -50.314899 DCRS-00084 2026-09-22_18:35 7.9 -999.9 -999.9 81.0 -999.9 -999.9 4.8 -999.9 -999.9 -999.9 -999.9 -999.9 11.0 -999.9 16.7 0.0 0.0 0.0 0.0 0.0 0.0 0.0 13.0 6.5 98.2 63.2 42.2 DCRS_-_São_Francisco_de_Paula/Cambará_do_Sul_(865_m) -999.9 -999.9 -999.9 -999.9 -999.9 12.7 4.1 792.0 Rio_Grande_do_Sul DCRS -999.9 0.0 0.0 861.42 861.43 861.1 0 0.0 861.43 861.43 861.43 861.43
-29.264900 -50.314899 DCRS-00084 2026-09-22_18:36 7.8 -999.9 -999.9 80.8 -999.9 -999.9 4.7 -999.9 -999.9 -999.9 -999.9 -999.9 14.5 -999.9 16.7 0.0 0.0 0.0 0.0 0.0 0.0 0.0 13.0 6.5 98.2 63.2 42.2 DCRS_-_São_Francisco_de_Paula/Cambará_do_Sul_(865_m) -999.9 -999.9 -999.9 -999.9 -999.9 12.7 4.1 792.0 Rio_Grande_do_Sul DCRS -999.9 0.0 0.0 861.41 861.43 861.1 0 -0.01 861.43 861.43 861.43 861.43
-29.264900 -50.314899 DCRS-00084 2026-09-22_18:37 7.8 -999.9 -999.9 81.4 -999.9 -999.9 4.8 -999.9 -999.9 -999.9 -999.9 -999.9 12.8 -999.9 16.7 0.0 0.0 0.0 0.0 0.0 0.0 0.0 13.0 6.5 98.2 63.2 42.2 DCRS_-_São_Francisco_de_Paula/Cambará_do_Sul_(865_m) -999.9 -999.9 -999.9 -999.9 -999.9 12.7 4.1 792.0 Rio_Grande_do_Sul DCRS -999.9 0.0 0.0 861.42 861.43 861.1 0 0.0 861.43 861.43 861.43 861.43
-29.264900 -50.314899 DCRS-00084 2026-09-22_18:38 7.8 -999.9 -999.9 80.7 -999.9 -999.9 4.7 -999.9 -999.9 -999.9 -999.9 -999.9 3.0 -999.9 16.7 0.0 0.0 0.0 0.0 0.0 0.0 0.0 13.0 6.5 98.2 63.2 42.2 DCRS_-_São_Francisco_de_Paula/Cambará_do_Sul_(865_m) -999.9 -999.9 -999.9 -999.9 -999.9 12.7 4.1 792.0 Rio_Grande_do_Sul DCRS -999.9 0.0 0.0 861.41 861.43 861.1 0 -0.01 861.43 861.43 861.43 861.43
-29.264900 -50.314899 DCRS-00084 2026-09-22_18:39 7.8 -999.9 -999.9 81.1 -999.9 -999.9 4.7 -999.9 -999.9 -999.9 -999.9 -999.9 0.0 -999.9 16.7 0.0 0.0 0.0 0.0 0.0 0.0 0.0 13.0 6.5 98.2 63.2 42.2 DCRS_-_São_Francisco_de_Paula/Cambará_do_Sul_(865_m) -999.9 -999.9 -999.9 -999.9 -999.9 12.7 4.1 792.0 Rio_Grande_do_Sul DCRS -999.9 0.0 0.0 861.42 861.43 861.1 0 0.01 861.43 861.43 861.43 861.43
-29.264900 -50.314899 DCRS-00084 2026-09-22_18:40 7.8 -999.9 -999.9 81.8 -999.9 -999.9 4.8 -999.9 -999.9 -999.9 -999.9 -999.9 0.0 -999.9 15.5 0.0 0.0 0.0 0.0 0.0 0.0 0.0 13.0 6.5 98.2 63.2 42.2 DCRS_-_São_Francisco_de_Paula/Cambará_do_Sul_(865_m) -999.9 -999.9 -999.9 -999.9 -999.9 12.7 4.1 792.0 Rio_Grande_do_Sul DCRS -999.9 0.0 0.0 861.41 861.43 861.1 0 0.0 861.43 861.43 861.43 861.43
-29.264900 -50.314899 DCRS-00084 2026-09-22_18:41 7.8 -999.9 -999.9 81.9 -999.9 -999.9 4.9 -999.9 -999.9 -999.9 -999.9 -999.9 7.1 -999.9 15.5 0.0 0.0 0.0 0.0 0.0 0.0 0.0 13.0 6.5 98.2 63.2 42.2 DCRS_-_São_Francisco_de_Paula/Cambará_do_Sul_(865_m) -999.9 -999.9 -999.9 -999.9 -999.9 12.7 4.1 792.0 Rio_Grande_do_Sul DCRS -999.9 0.0 0.0 861.42 861.43 861.1 0 0.01 861.43 861.43 861.43 861.43
-29.264900 -50.314899 DCRS-00084 2026-09-22_18:42 7.8 -999.9 -999.9 81.7 -999.9 -999.9 4.8 -999.9 -999.9 -999.9 -999.9 -999.9 7.7 -999.9 15.5 0.0 0.0 0.0 0.0 0.0 0.0 0.0 13.0 6.5 98.2 63.2 42.2 DCRS_-_São_Francisco_de_Paula/Cambará_do_Sul_(865_m) -999.9 -999.9 -999.9 -999.9 -999.9 12.7 4.1 792.0 Rio_Grande_do_Sul DCRS -999.9 0.0 0.0 861.42 861.43 861.1 0 0.0 861.43 861.43 861.43 861.43
-29.264900 -50.314899 DCRS-00084 2026-09-22_18:43 7.7 -999.9 -999.9 82.0 -999.9 -999.9 4.8 -999.9 -999.9 -999.9 -999.9 -999.9 4.2 -999.9 15.5 0.0 0.0 0.0 0.0 0.0 0.0 0.0 13.0 6.5 98.2 63.2 42.2 DCRS_-_São_Francisco_de_Paula/Cambará_do_Sul_(865_m) -999.9 -999.9 -999.9 -999.9 -999.9 12.7 4.1 792.0 Rio_Grande_do_Sul DCRS -999.9 0.0 0.0 861.41 861.43 861.1 0 -0.01 861.43 861.43 861.43 861.43
-29.264900 -50.314899 DCRS-00084 2026-09-22_18:44 7.7 -999.9 -999.9 82.3 -999.9 -999.9 4.8 -999.9 -999.9 -999.9 -999.9 -999.9 4.5 -999.9 15.5 0.0 0.0 0.0 0.0 0.0 0.0 0.0 13.0 6.5 98.2 63.2 42.2 DCRS_-_São_Francisco_de_Paula/Cambará_do_Sul_(865_m) -999.9 -999.9 -999.9 -999.9 -999.9 12.7 4.1 792.0 Rio_Grande_do_Sul DCRS -999.9 0.0 0.0 861.41 861.43 861.1 0 -0.01 861.43 861.43 861.43 861.43
-29.264900 -50.314899 DCRS-00084 2026-09-22_18:45 7.7 -999.9 -999.9 82.0 -999.9 -999.9 4.8 -999.9 -999.9 -999.9 -999.9 -999.9 5.9 -999.9 12.7 0.0 0.0 0.0 0.0 0.0 0.0 0.0 13.0 6.5 98.2 63.2 42.2 DCRS_-_São_Francisco_de_Paula/Cambará_do_Sul_(865_m) -999.9 -999.9 -999.9 -999.9 -999.9 12.7 4.1 792.0 Rio_Grande_do_Sul DCRS -999.9 0.0 0.0 861.41 861.43 861.1 0 0.0 861.43 861.43 861.43 861.43
-29.264900 -50.314899 DCRS-00084 2026-09-22_18:46 7.7 -999.9 -999.9 82.1 -999.9 -999.9 4.8 -999.9 -999.9 -999.9 -999.9 -999.9 3.4 -999.9 12.7 0.0 0.0 0.0 0.0 0.0 0.0 0.0 13.0 6.5 98.2 63.2 42.2 DCRS_-_São_Francisco_de_Paula/Cambará_do_Sul_(865_m) -999.9 -999.9 -999.9 -999.9 -999.9 12.7 4.1 792.0 Rio_Grande_do_Sul DCRS -999.9 0.0 0.0 861.42 861.43 861.1 0 0.0 861.43 861.43 861.43 861.43
-29.264900 -50.314899 DCRS-00084 2026-09-22_18:47 7.7 -999.9 -999.9 82.4 -999.9 -999.9 4.9 -999.9 -999.9 -999.9 -999.9 -999.9 3.5 -999.9 12.7 0.0 0.0 0.0 0.0 0.0 0.0 0.0 13.0 6.5 98.2 63.2 42.2 DCRS_-_São_Francisco_de_Paula/Cambará_do_Sul_(865_m) -999.9 -999.9 -999.9 -999.9 -999.9 12.7 4.1 792.0 Rio_Grande_do_Sul DCRS -999.9 0.0 0.0 861.42 861.43 861.1 0 0.0 861.43 861.43 861.43 861.43
-29.264900 -50.314899 DCRS-00084 2026-09-22_18:48 7.7 -999.9 -999.9 82.2 -999.9 -999.9 4.8 -999.9 -999.9 -999.9 -999.9 -999.9 5.9 -999.9 12.7 0.0 0.0 0.0 0.0 0.0 0.0 0.0 13.0 6.5 98.2 63.2 42.2 DCRS_-_São_Francisco_de_Paula/Cambará_do_Sul_(865_m) -999.9 -999.9 -999.9 -999.9 -999.9 12.7 4.1 792.0 Rio_Grande_do_Sul DCRS -999.9 0.0 0.0 861.42 861.43 861.1 0 0.01 861.43 861.43 861.43 861.43
-29.264900 -50.314899 DCRS-00084 2026-09-22_18:49 7.7 -999.9 -999.9 81.8 -999.9 -999.9 4.8 -999.9 -999.9 -999.9 -999.9 -999.9 4.3 -999.9 12.7 0.0 0.0 0.0 0.0 0.0 0.0 0.0 13.0 6.5 98.2 63.2 42.2 DCRS_-_São_Francisco_de_Paula/Cambará_do_Sul_(865_m) -999.9 -999.9 -999.9 -999.9 -999.9 12.7 4.1 792.0 Rio_Grande_do_Sul DCRS -999.9 0.0 0.0 861.41 861.43 861.1 0 -0.01 861.43 861.43 861.43 861.43
-29.264900 -50.314899 DCRS-00084 2026-09-22_18:50 7.8 -999.9 -999.9 82.1 -999.9 -999.9 4.9 -999.9 -999.9 -999.9 -999.9 -999.9 0.0 -999.9 13.1 0.0 0.0 0.0 0.0 0.0 0.0 0.0 13.0 6.5 98.2 63.2 42.2 DCRS_-_São_Francisco_de_Paula/Cambará_do_Sul_(865_m) -999.9 -999.9 -999.9 -999.9 -999.9 12.7 4.1 792.0 Rio_Grande_do_Sul DCRS -999.9 0.0 0.0 861.41 861.43 861.1 0 -0.01 861.43 861.43 861.43 861.43
-29.264900 -50.314899 DCRS-00084 2026-09-22_18:51 7.8 -999.9 -999.9 82.4 -999.9 -999.9 5.0 -999.9 -999.9 -999.9 -999.9 -999.9 4.3 -999.9 13.1 0.0 0.0 0.0 0.0 0.0 0.0 0.0 13.0 6.5 98.2 63.2 42.2 DCRS_-_São_Francisco_de_Paula/Cambará_do_Sul_(865_m) -999.9 -999.9 -999.9 -999.9 -999.9 12.7 4.1 792.0 Rio_Grande_do_Sul DCRS -999.9 0.0 0.0 861.41 861.43 861.1 0 -0.01 861.43 861.43 861.43 861.43
-29.264900 -50.314899 DCRS-00084 2026-09-22_18:52 7.7 -999.9 -999.9 82.5 -999.9 -999.9 4.9 -999.9 -999.9 -999.9 -999.9 -999.9 0.0 -999.9 13.1 0.0 0.0 0.0 0.0 0.0 0.0 0.0 13.0 6.5 98.2 63.2 42.2 DCRS_-_São_Francisco_de_Paula/Cambará_do_Sul_(865_m) -999.9 -999.9 -999.9 -999.9 -999.9 12.7 4.1 792.0 Rio_Grande_do_Sul DCRS -999.9 0.0 0.0 861.41 861.43 861.1 0 -0.01 861.43 861.43 861.43 861.43
-29.264900 -50.314899 DCRS-00084 2026-09-22_18:53 7.7 -999.9 -999.9 82.5 -999.9 -999.9 4.9 -999.9 -999.9 -999.9 -999.9 -999.9 2.1 -999.9 13.1 0.0 0.0 0.0 0.0 0.0 0.0 0.0 13.0 6.5 98.2 63.2 42.2 DCRS_-_São_Francisco_de_Paula/Cambará_do_Sul_(865_m) -999.9 -999.9 -999.9 -999.9 -999.9 12.7 4.1 792.0 Rio_Grande_do_Sul DCRS -999.9 0.0 0.0 861.41 861.43 861.1 0 0.0 861.43 861.43 861.43 861.43
-29.264900 -50.314899 DCRS-00084 2026-09-22_18:54 7.7 -999.9 -999.9 82.8 -999.9 -999.9 4.9 -999.9 -999.9 -999.9 -999.9 -999.9 0.0 -999.9 13.1 0.0 0.0 0.0 0.0 0.0 0.0 0.0 13.0 6.5 98.2 63.2 42.2 DCRS_-_São_Francisco_de_Paula/Cambará_do_Sul_(865_m) -999.9 -999.9 -999.9 -999.9 -999.9 12.7 4.1 792.0 Rio_Grande_do_Sul DCRS -999.9 0.0 0.0 861.41 861.43 861.1 0 -0.01 861.43 861.43 861.43 861.43
-29.264900 -50.314899 DCRS-00084 2026-09-22_18:55 7.8 -999.9 -999.9 82.8 -999.9 -999.9 5.0 -999.9 -999.9 -999.9 -999.9 -999.9 7.1 -999.9 9.4 0.0 0.0 0.0 0.0 0.0 0.0 0.0 13.0 6.5 98.2 63.2 42.2 DCRS_-_São_Francisco_de_Paula/Cambará_do_Sul_(865_m) -999.9 -999.9 -999.9 -999.9 -999.9 12.7 4.1 792.0 Rio_Grande_do_Sul DCRS -999.9 0.0 0.0 861.41 861.43 861.1 0 -0.01 861.43 861.43 861.43 861.43
-29.264900 -50.314899 DCRS-00084 2026-09-22_18:56 7.7 -999.9 -999.9 82.6 -999.9 -999.9 4.9 -999.9 -999.9 -999.9 -999.9 -999.9 3.2 -999.9 9.4 0.0 0.0 0.0 0.0 0.0 0.0 0.0 13.0 6.5 98.2 63.2 42.2 DCRS_-_São_Francisco_de_Paula/Cambará_do_Sul_(865_m) -999.9 -999.9 -999.9 -999.9 -999.9 12.7 4.1 792.0 Rio_Grande_do_Sul DCRS -999.9 0.0 0.0 861.41 861.43 861.1 0 0.0 861.43 861.43 861.43 861.43
-29.264900 -50.314899 DCRS-00084 2026-09-22_18:57 7.7 -999.9 -999.9 82.4 -999.9 -999.9 4.9 -999.9 -999.9 -999.9 -999.9 -999.9 3.8 -999.9 9.4 0.0 0.0 0.0 0.0 0.0 0.0 0.0 13.0 6.5 98.2 63.2 42.2 DCRS_-_São_Francisco_de_Paula/Cambará_do_Sul_(865_m) -999.9 -999.9 -999.9 -999.9 -999.9 12.7 4.1 792.0 Rio_Grande_do_Sul DCRS -999.9 0.0 0.0 861.41 861.43 861.1 0 0.0 861.43 861.43 861.43 861.43
-29.264900 -50.314899 DCRS-00084 2026-09-22_18:58 7.7 -999.9 -999.9 82.6 -999.9 -999.9 4.9 -999.9 -999.9 -999.9 -999.9 -999.9 0.0 -999.9 9.4 0.0 0.0 0.0 0.0 0.0 0.0 0.0 13.0 6.5 98.2 63.2 42.2 DCRS_-_São_Francisco_de_Paula/Cambará_do_Sul_(865_m) -999.9 -999.9 -999.9 -999.9 -999.9 12.7 4.1 792.0 Rio_Grande_do_Sul DCRS -999.9 0.0 0.0 861.41 861.43 861.1 0 0.01 861.43 861.43 861.43 861.43
-29.264900 -50.314899 DCRS-00084 2026-09-22_18:59 7.8 -999.9 -999.9 83.1 -999.9 -999.9 5.1 -999.9 -999.9 -999.9 -999.9 -999.9 0.0 -999.9 9.4 0.0 0.0 0.0 0.0 0.0 0.0 0.0 13.0 6.5 98.2 63.2 42.2 DCRS_-_São_Francisco_de_Paula/Cambará_do_Sul_(865_m) -999.9 -999.9 -999.9 -999.9 -999.9 12.7 4.1 792.0 Rio_Grande_do_Sul DCRS -999.9 0.0 0.0 861.41 861.43 861.1 0 -0.01 861.43 861.43 861.43 861.43
-29.264900 -50.314899 DCRS-00084 2026-09-22_19:00 7.8 -999.9 -999.9 83.0 -999.9 -999.9 5.1 -999.9 -999.9 -999.9 -999.9 -999.9 4.4 -999.9 11.6 0.0 0.0 0.0 0.0 0.0 0.0 0.0 13.0 6.5 98.2 63.2 42.2 DCRS_-_São_Francisco_de_Paula/Cambará_do_Sul_(865_m) -999.9 -999.9 -999.9 -999.9 -999.9 12.7 4.1 792.0 Rio_Grande_do_Sul DCRS -999.9 0.0 0.0 861.41 861.43 861.1 0 0.0 861.43 861.43 861.43 861.43
-29.264900 -50.314899 DCRS-00084 2026-09-22_19:01 7.8 -999.9 -999.9 83.1 -999.9 -999.9 5.1 -999.9 -999.9 -999.9 -999.9 -999.9 2.1 -999.9 11.6 0.0 0.0 0.0 0.0 0.0 0.0 0.0 13.0 6.5 98.2 63.2 42.2 DCRS_-_São_Francisco_de_Paula/Cambará_do_Sul_(865_m) -999.9 -999.9 -999.9 -999.9 -999.9 12.7 4.1 792.0 Rio_Grande_do_Sul DCRS -999.9 0.0 0.0 861.41 861.43 861.1 0 -0.01 861.43 861.43 861.43 861.43
-29.264900 -50.314899 DCRS-00084 2026-09-22_19:02 7.8 -999.9 -999.9 82.9 -999.9 -999.9 5.0 -999.9 -999.9 -999.9 -999.9 -999.9 2.7 -999.9 11.6 0.0 0.0 0.0 0.0 0.0 0.0 0.0 13.0 6.5 98.2 63.2 42.2 DCRS_-_São_Francisco_de_Paula/Cambará_do_Sul_(865_m) -999.9 -999.9 -999.9 -999.9 -999.9 12.7 4.1 792.0 Rio_Grande_do_Sul DCRS -999.9 0.0 0.0 861.42 861.43 861.1 0 0.0 861.43 861.43 861.43 861.43
-29.264900 -50.314899 DCRS-00084 2026-09-22_19:03 7.8 -999.9 -999.9 83.3 -999.9 -999.9 5.1 -999.9 -999.9 -999.9 -999.9 -999.9 4.8 -999.9 11.6 0.0 0.0 0.0 0.0 0.0 0.0 0.0 13.0 6.5 98.2 63.2 42.2 DCRS_-_São_Francisco_de_Paula/Cambará_do_Sul_(865_m) -999.9 -999.9 -999.9 -999.9 -999.9 12.7 4.1 792.0 Rio_Grande_do_Sul DCRS -999.9 0.0 0.0 861.42 861.43 861.1 0 0.01 861.43 861.43 861.43 861.43
-29.264900 -50.314899 DCRS-00084 2026-09-22_19:04 7.7 -999.9 -999.9 83.7 -999.9 -999.9 5.1 -999.9 -999.9 -999.9 -999.9 -999.9 4.2 -999.9 11.6 0.0 0.0 0.0 0.0 0.0 0.0 0.0 13.0 6.5 98.2 63.2 42.2 DCRS_-_São_Francisco_de_Paula/Cambará_do_Sul_(865_m) -999.9 -999.9 -999.9 -999.9 -999.9 12.7 4.1 792.0 Rio_Grande_do_Sul DCRS -999.9 0.0 0.0 861.4 861.43 861.1 0 -0.02 861.43 861.43 861.43 861.43
-29.264900 -50.314899 DCRS-00084 2026-09-22_19:05 7.8 -999.9 -999.9 84.3 -999.9 -999.9 5.3 -999.9 -999.9 -999.9 -999.9 -999.9 2.1 -999.9 5.3 0.0 0.0 0.0 0.0 0.0 0.0 0.0 13.0 6.5 98.2 63.2 42.2 DCRS_-_São_Francisco_de_Paula/Cambará_do_Sul_(865_m) -999.9 -999.9 -999.9 -999.9 -999.9 12.7 4.1 792.0 Rio_Grande_do_Sul DCRS -999.9 0.0 0.0 861.41 861.43 861.1 0 0.0 861.43 861.43 861.43 861.43
-29.264900 -50.314899 DCRS-00084 2026-09-22_19:06 7.8 -999.9 -999.9 84.5 -999.9 -999.9 5.3 -999.9 -999.9 -999.9 -999.9 -999.9 0.0 -999.9 5.3 0.0 0.0 0.0 0.0 0.0 0.0 0.0 13.0 6.5 98.2 63.2 42.2 DCRS_-_São_Francisco_de_Paula/Cambará_do_Sul_(865_m) -999.9 -999.9 -999.9 -999.9 -999.9 12.7 4.1 792.0 Rio_Grande_do_Sul DCRS -999.9 0.0 0.0 861.41 861.43 861.1 0 0.0 861.43 861.43 861.43 861.43
-29.264900 -50.314899 DCRS-00084 2026-09-22_19:07 7.8 -999.9 -999.9 83.9 -999.9 -999.9 5.2 -999.9 -999.9 -999.9 -999.9 -999.9 -999.9 -999.9 5.3 0.0 0.0 0.0 0.0 0.0 0.0 0.0 13.0 6.5 98.2 63.2 42.2 DCRS_-_São_Francisco_de_Paula/Cambará_do_Sul_(865_m) -999.9 -999.9 -999.9 -999.9 -999.9 12.7 4.1 792.0 Rio_Grande_do_Sul DCRS -999.9 0.0 0.0 861.41 861.43 861.1 0 0.0 861.43 861.43 861.43 861.43
-29.264900 -50.314899 DCRS-00084 2026-09-22_19:08 7.8 -999.9 -999.9 83.4 -999.9 -999.9 5.1 -999.9 -999.9 -999.9 -999.9 -999.9 -999.9 -999.9 5.3 0.0 0.0 0.0 0.0 0.0 0.0 0.0 13.0 6.5 98.2 63.2 42.2 DCRS_-_São_Francisco_de_Paula/Cambará_do_Sul_(865_m) -999.9 -999.9 -999.9 -999.9 -999.9 12.7 4.1 792.0 Rio_Grande_do_Sul DCRS -999.9 0.0 0.0 861.41 861.43 861.1 0 0.0 861.43 861.43 861.43 861.43
-29.264900 -50.314899 DCRS-00084 2026-09-22_19:09 7.8 -999.9 -999.9 83.8 -999.9 -999.9 5.2 -999.9 -999.9 -999.9 -999.9 -999.9 0.0 -999.9 5.3 0.0 0.0 0.0 0.0 0.0 0.0 0.0 13.0 6.5 98.2 63.2 42.2 DCRS_-_São_Francisco_de_Paula/Cambará_do_Sul_(865_m) -999.9 -999.9 -999.9 -999.9 -999.9 12.7 4.1 792.0 Rio_Grande_do_Sul DCRS -999.9 0.0 0.0 861.41 861.43 861.1 0 -0.01 861.43 861.43 861.43 861.43
-29.264900 -50.314899 DCRS-00084 2026-09-22_19:10 7.8 -999.9 -999.9 83.9 -999.9 -999.9 5.2 -999.9 -999.9 -999.9 -999.9 -999.9 6.8 -999.9 7.7 0.0 0.0 0.0 0.0 0.0 0.0 0.0 13.0 6.5 98.2 63.2 42.2 DCRS_-_São_Francisco_de_Paula/Cambará_do_Sul_(865_m) -999.9 -999.9 -999.9 -999.9 -999.9 12.7 4.1 792.0 Rio_Grande_do_Sul DCRS -999.9 0.0 0.0 861.41 861.43 861.1 0 -0.01 861.43 861.43 861.43 861.43
-29.264900 -50.314899 DCRS-00084 2026-09-22_19:11 7.8 -999.9 -999.9 84.1 -999.9 -999.9 5.3 -999.9 -999.9 -999.9 -999.9 -999.9 0.0 -999.9 7.7 0.0 0.0 0.0 0.0 0.0 0.0 0.0 13.0 6.5 98.2 63.2 42.2 DCRS_-_São_Francisco_de_Paula/Cambará_do_Sul_(865_m) -999.9 -999.9 -999.9 -999.9 -999.9 12.7 4.1 792.0 Rio_Grande_do_Sul DCRS -999.9 0.0 0.0 861.41 861.43 861.1 0 -0.01 861.43 861.43 861.43 861.43
-29.264900 -50.314899 DCRS-00084 2026-09-22_19:12 7.8 -999.9 -999.9 83.3 -999.9 -999.9 5.1 -999.9 -999.9 -999.9 -999.9 -999.9 -999.9 -999.9 7.7 0.0 0.0 0.0 0.0 0.0 0.0 0.0 13.0 6.5 98.2 63.2 42.2 DCRS_-_São_Francisco_de_Paula/Cambará_do_Sul_(865_m) -999.9 -999.9 -999.9 -999.9 -999.9 12.7 4.1 792.0 Rio_Grande_do_Sul DCRS -999.9 0.0 0.0 861.41 861.43 861.1 0 0.0 861.43 861.43 861.43 861.43
-29.264900 -50.314899 DCRS-00084 2026-09-22_19:13 7.8 -999.9 -999.9 83.2 -999.9 -999.9 5.1 -999.9 -999.9 -999.9 -999.9 -999.9 5.3 -999.9 7.7 0.0 0.0 0.0 0.0 0.0 0.0 0.0 13.0 6.5 98.2 63.2 42.2 DCRS_-_São_Francisco_de_Paula/Cambará_do_Sul_(865_m) -999.9 -999.9 -999.9 -999.9 -999.9 12.7 4.1 792.0 Rio_Grande_do_Sul DCRS -999.9 0.0 0.0 861.41 861.43 861.1 0 0.0 861.43 861.43 861.43 861.43
-29.264900 -50.314899 DCRS-00084 2026-09-22_19:14 7.8 -999.9 -999.9 82.7 -999.9 -999.9 5.0 -999.9 -999.9 -999.9 -999.9 -999.9 5.8 -999.9 7.7 0.0 0.0 0.0 0.0 0.0 0.0 0.0 13.0 6.5 98.2 63.2 42.2 DCRS_-_São_Francisco_de_Paula/Cambará_do_Sul_(865_m) -999.9 -999.9 -999.9 -999.9 -999.9 12.7 4.1 792.0 Rio_Grande_do_Sul DCRS -999.9 0.0 0.0 861.41 861.43 861.1 0 0.0 861.43 861.43 861.43 861.43
-29.264900 -50.314899 DCRS-00084 2026-09-22_19:15 7.9 -999.9 -999.9 82.3 -999.9 -999.9 5.0 -999.9 -999.9 -999.9 -999.9 -999.9 0.0 -999.9 12.6 0.0 0.0 0.0 0.0 0.0 0.0 0.0 13.0 6.5 98.2 63.2 42.2 DCRS_-_São_Francisco_de_Paula/Cambará_do_Sul_(865_m) -999.9 -999.9 -999.9 -999.9 -999.9 12.7 4.1 792.0 Rio_Grande_do_Sul DCRS -999.9 0.0 0.0 861.41 861.43 861.1 0 -0.01 861.43 861.43 861.43 861.43
-29.264900 -50.314899 DCRS-00084 2026-09-22_19:16 7.8 -999.9 -999.9 82.4 -999.9 -999.9 5.0 -999.9 -999.9 -999.9 -999.9 -999.9 9.4 -999.9 12.6 0.0 0.0 0.0 0.0 0.0 0.0 0.0 13.0 6.5 98.2 63.2 42.2 DCRS_-_São_Francisco_de_Paula/Cambará_do_Sul_(865_m) -999.9 -999.9 -999.9 -999.9 -999.9 12.7 4.1 792.0 Rio_Grande_do_Sul DCRS -999.9 0.0 0.0 861.41 861.43 861.1 0 -0.01 861.43 861.43 861.43 861.43
-29.264900 -50.314899 DCRS-00084 2026-09-22_19:17 7.8 -999.9 -999.9 82.0 -999.9 -999.9 4.9 -999.9 -999.9 -999.9 -999.9 -999.9 3.9 -999.9 12.6 0.0 0.0 0.0 0.0 0.0 0.0 0.0 13.0 6.5 98.2 63.2 42.2 DCRS_-_São_Francisco_de_Paula/Cambará_do_Sul_(865_m) -999.9 -999.9 -999.9 -999.9 -999.9 12.7 4.1 792.0 Rio_Grande_do_Sul DCRS -999.9 0.0 0.0 861.41 861.43 861.1 0 0.0 861.43 861.43 861.43 861.43
-29.264900 -50.314899 DCRS-00084 2026-09-22_19:18 7.8 -999.9 -999.9 82.8 -999.9 -999.9 5.0 -999.9 -999.9 -999.9 -999.9 -999.9 4.0 -999.9 12.6 0.0 0.0 0.0 0.0 0.0 0.0 0.0 13.0 6.5 98.2 63.2 42.2 DCRS_-_São_Francisco_de_Paula/Cambará_do_Sul_(865_m) -999.9 -999.9 -999.9 -999.9 -999.9 12.7 4.1 792.0 Rio_Grande_do_Sul DCRS -999.9 0.0 0.0 861.4 861.43 861.1 0 -0.01 861.43 861.43 861.43 861.43
-29.264900 -50.314899 DCRS-00084 2026-09-22_19:19 7.8 -999.9 -999.9 83.7 -999.9 -999.9 5.2 -999.9 -999.9 -999.9 -999.9 -999.9 2.8 -999.9 12.6 0.0 0.0 0.0 0.0 0.0 0.0 0.0 13.0 6.5 98.2 63.2 42.2 DCRS_-_São_Francisco_de_Paula/Cambará_do_Sul_(865_m) -999.9 -999.9 -999.9 -999.9 -999.9 12.7 4.1 792.0 Rio_Grande_do_Sul DCRS -999.9 0.0 0.0 861.41 861.43 861.1 0 0.01 861.43 861.43 861.43 861.43
-29.264900 -50.314899 DCRS-00084 2026-09-22_19:20 7.9 -999.9 -999.9 83.4 -999.9 -999.9 5.2 -999.9 -999.9 -999.9 -999.9 -999.9 4.4 -999.9 13.2 0.0 0.0 0.0 0.0 0.0 0.0 0.0 13.0 6.5 98.2 63.2 42.2 DCRS_-_São_Francisco_de_Paula/Cambará_do_Sul_(865_m) -999.9 -999.9 -999.9 -999.9 -999.9 12.7 4.1 792.0 Rio_Grande_do_Sul DCRS -999.9 0.0 0.0 861.41 861.43 861.1 0 0.0 861.43 861.43 861.43 861.43
-29.264900 -50.314899 DCRS-00084 2026-09-22_19:21 7.9 -999.9 -999.9 83.0 -999.9 -999.9 5.2 -999.9 -999.9 -999.9 -999.9 -999.9 5.4 -999.9 13.2 0.0 0.0 0.0 0.0 0.0 0.0 0.0 13.0 6.5 98.2 63.2 42.2 DCRS_-_São_Francisco_de_Paula/Cambará_do_Sul_(865_m) -999.9 -999.9 -999.9 -999.9 -999.9 12.7 4.1 792.0 Rio_Grande_do_Sul DCRS -999.9 0.0 0.0 861.41 861.43 861.1 0 -0.01 861.43 861.43 861.43 861.43
-29.264900 -50.314899 DCRS-00084 2026-09-22_19:22 7.9 -999.9 -999.9 82.4 -999.9 -999.9 5.1 -999.9 -999.9 -999.9 -999.9 -999.9 6.0 -999.9 13.2 0.0 0.0 0.0 0.0 0.0 0.0 0.0 13.0 6.5 98.2 63.2 42.2 DCRS_-_São_Francisco_de_Paula/Cambará_do_Sul_(865_m) -999.9 -999.9 -999.9 -999.9 -999.9 12.7 4.1 792.0 Rio_Grande_do_Sul DCRS -999.9 0.0 0.0 861.41 861.43 861.1 0 -0.01 861.43 861.43 861.43 861.43
-29.264900 -50.314899 DCRS-00084 2026-09-22_19:23 7.9 -999.9 -999.9 82.8 -999.9 -999.9 5.1 -999.9 -999.9 -999.9 -999.9 -999.9 5.8 -999.9 13.2 0.0 0.0 0.0 0.0 0.0 0.0 0.0 13.0 6.5 98.2 63.2 42.2 DCRS_-_São_Francisco_de_Paula/Cambará_do_Sul_(865_m) -999.9 -999.9 -999.9 -999.9 -999.9 12.7 4.1 792.0 Rio_Grande_do_Sul DCRS -999.9 0.0 0.0 861.41 861.43 861.1 0 0.0 861.43 861.43 861.43 861.43
-29.264900 -50.314899 DCRS-00084 2026-09-22_19:24 7.9 -999.9 -999.9 81.8 -999.9 -999.9 4.9 -999.9 -999.9 -999.9 -999.9 -999.9 8.9 -999.9 13.2 0.0 0.0 0.0 0.0 0.0 0.0 0.0 13.0 6.5 98.2 63.2 42.2 DCRS_-_São_Francisco_de_Paula/Cambará_do_Sul_(865_m) -999.9 -999.9 -999.9 -999.9 -999.9 12.7 4.1 792.0 Rio_Grande_do_Sul DCRS -999.9 0.0 0.0 861.41 861.43 861.1 0 0.0 861.43 861.43 861.43 861.43
-29.264900 -50.314899 DCRS-00084 2026-09-22_19:25 7.9 -999.9 -999.9 81.8 -999.9 -999.9 4.9 -999.9 -999.9 -999.9 -999.9 -999.9 0.0 -999.9 12.5 0.0 0.0 0.0 0.0 0.0 0.0 0.0 13.0 6.5 98.2 63.2 42.2 DCRS_-_São_Francisco_de_Paula/Cambará_do_Sul_(865_m) -999.9 -999.9 -999.9 -999.9 -999.9 12.7 4.1 792.0 Rio_Grande_do_Sul DCRS -999.9 0.0 0.0 861.41 861.43 861.1 0 0.0 861.43 861.43 861.43 861.43
-29.264900 -50.314899 DCRS-00084 2026-09-22_19:26 7.9 -999.9 -999.9 82.0 -999.9 -999.9 5.0 -999.9 -999.9 -999.9 -999.9 -999.9 9.4 -999.9 12.5 0.0 0.0 0.0 0.0 0.0 0.0 0.0 13.0 6.5 98.2 63.2 42.2 DCRS_-_São_Francisco_de_Paula/Cambará_do_Sul_(865_m) -999.9 -999.9 -999.9 -999.9 -999.9 12.7 4.1 792.0 Rio_Grande_do_Sul DCRS -999.9 0.0 0.0 861.41 861.43 861.1 0 -0.01 861.43 861.43 861.43 861.43
-29.264900 -50.314899 DCRS-00084 2026-09-22_19:27 7.9 -999.9 -999.9 81.8 -999.9 -999.9 4.9 -999.9 -999.9 -999.9 -999.9 -999.9 4.9 -999.9 12.5 0.0 0.0 0.0 0.0 0.0 0.0 0.0 13.0 6.5 98.2 63.2 42.2 DCRS_-_São_Francisco_de_Paula/Cambará_do_Sul_(865_m) -999.9 -999.9 -999.9 -999.9 -999.9 12.7 4.1 792.0 Rio_Grande_do_Sul DCRS -999.9 0.0 0.0 861.41 861.43 861.1 0 0.0 861.43 861.43 861.43 861.43
-29.264900 -50.314899 DCRS-00084 2026-09-22_19:28 7.9 -999.9 -999.9 81.8 -999.9 -999.9 4.9 -999.9 -999.9 -999.9 -999.9 -999.9 4.8 -999.9 12.5 0.0 0.0 0.0 0.0 0.0 0.0 0.0 13.0 6.5 98.2 63.2 42.2 DCRS_-_São_Francisco_de_Paula/Cambará_do_Sul_(865_m) -999.9 -999.9 -999.9 -999.9 -999.9 12.7 4.1 792.0 Rio_Grande_do_Sul DCRS -999.9 0.0 0.0 861.41 861.43 861.1 0 0.0 861.43 861.43 861.43 861.43
