nominal_lead_h,column,name,current,training_rows,finite_training_rows,missing_training_rows,minimum,maximum,status
1,0,86510000:H,17.45,10875,10875,0,0.81,15.3,above_training_max
1,1,86510000:dH0.5,0.5,10875,10875,0,-0.4399999999999995,1.1000000000000014,within_univariate_range
1,2,86510000:dH1,0.5399999999999991,10875,10875,0,-0.3899999999999997,1.0299999999999994,within_univariate_range
1,3,86510000:dH2,0.5649999999999995,10875,10875,0,-0.38500000000000023,1.005,within_univariate_range
1,4,86510000:dH4,0.5874999999999999,10875,10875,0,-0.32499999999999973,0.9175000000000002,within_univariate_range
1,5,86510000:dH8,0.78375,10875,10875,0,-0.30625000000000013,0.8225,within_univariate_range
1,6,86472000:H,19.95,10875,10875,0,2.49,15.94,above_training_max
1,7,86472000:dH0.5,0.7999999999999972,10875,10875,0,-0.8399999999999999,1.379999999999999,within_univariate_range
1,8,86472000:dH1,0.5700000000000003,10875,10875,0,-0.7599999999999998,1.2400000000000002,within_univariate_range
1,9,86472000:dH2,0.7149999999999999,10875,10875,0,-0.5800000000000001,1.1099999999999999,within_univariate_range
1,10,86472000:dH4,0.8149999999999995,10875,10875,0,-0.39250000000000007,0.875,within_univariate_range
1,11,86472000:dH8,0.7974999999999999,10875,10875,0,-0.2975000000000001,0.7512499999999999,above_training_max
1,12,86472600:H,16.52,10875,10875,0,1.1,13.36,above_training_max
1,13,86472600:dH0.5,0.5799999999999983,10875,10875,0,-0.4599999999999991,1.1799999999999997,within_univariate_range
1,14,86472600:dH1,0.6199999999999992,10875,10875,0,-0.4499999999999993,1.1199999999999997,within_univariate_range
1,15,86472600:dH2,0.6949999999999994,10875,10875,0,-0.4099999999999997,0.9349999999999998,within_univariate_range
1,16,86472600:dH4,0.7399999999999998,10875,10875,0,-0.3025,0.7350000000000001,above_training_max
1,17,86472600:dH8,0.6824999999999999,10875,10875,0,-0.24124999999999996,0.6699999999999999,above_training_max
1,18,86500000:H,4.332,10875,10875,0,0.6,7.917999999999999,within_univariate_range
1,19,86500000:dH0.5,-0.16000000000000014,10875,10875,0,-1.42,2.3599999999999994,within_univariate_range
1,20,86500000:dH1,-0.16199999999999992,10875,10875,0,-0.8700000000000001,1.3860000000000001,within_univariate_range
1,21,86500000:dH2,-0.15549999999999997,10875,10875,0,-0.605,1.0565000000000002,within_univariate_range
1,22,86500000:dH4,-0.16874999999999996,10875,10875,0,-0.345,0.6527499999999999,within_univariate_range
1,23,86500000:dH8,-0.11312500000000003,10875,10875,0,-0.190125,0.45875000000000005,within_univariate_range
1,24,julho:Q06,4.41758738252053,10875,10875,0,0.09273681166560854,2.9733108475315086,above_training_max
1,25,julho:Q,11.893469999999999,10875,10875,0,0.019,6.148,above_training_max
1,26,julho:I,11.76458,10875,10875,0,0.0,6.195,above_training_max
1,27,julho:dQ1,0.2153217022654621,10875,10875,0,-0.4140417273808631,0.41879285426389345,within_univariate_range
1,28,julho:dQ2,0.1430534591318091,10875,10875,0,-0.21325133678655214,0.3337655907298394,within_univariate_range
1,29,julho:dQ4,0.21924634921225283,10875,10875,0,-0.10938639078412082,0.23257240411926003,within_univariate_range
1,30,julho:dQ8,0.24786370843751632,10875,10875,0,-0.06771036061987953,0.1719696243110594,above_training_max
1,31,monte:Q06,4.29555995959544,10875,10875,0,0.046439843790034595,2.9190073129260052,above_training_max
1,32,monte:Q,11.35097,10875,10875,0,0.006,5.962,above_training_max
1,33,monte:I,11.27597,10875,10875,0,0.0,5.97,above_training_max
1,34,monte:dQ1,-0.06749001110359298,10875,10875,0,-0.48474221983946675,0.3523021957686533,within_univariate_range
1,35,monte:dQ2,-0.050660267650707524,10875,10875,0,-0.24989492264228616,0.22600906566502732,within_univariate_range
1,36,monte:dQ4,0.04746846068798827,10875,10875,0,-0.1046341700799688,0.17117075236796586,within_univariate_range
1,37,monte:dQ8,0.19962397131723225,10875,10875,0,-0.058709426001571946,0.14966588913001427,above_training_max
1,38,castro:Q06,3.331888169957615,10875,10875,0,0.08365116420730187,2.3183542274418922,above_training_max
1,39,castro:Q,7.4327700000000005,10875,10875,0,0.016,4.061,above_training_max
1,40,castro:I,7.10705,10875,10875,0,0.001,4.105,above_training_max
1,41,castro:dQ1,-0.08451607848609566,10875,10875,0,-0.25747399961996087,0.2191084924735245,within_univariate_range
1,42,castro:dQ2,-0.09611384312323468,10875,10875,0,-0.1305422384563114,0.14313986561357062,within_univariate_range
1,43,castro:dQ4,-0.09542390880479967,10875,10875,0,-0.06571096584058289,0.12053050738453186,below_training_min
1,44,castro:dQ8,0.09329007003595974,10875,10875,0,-0.05991768005597145,0.12050576459435042,within_univariate_range
1,45,Baixo Antas:P1,0.7219653179191743,10875,10875,0,0.0,11.990751445086655,within_univariate_range
1,46,Baixo Antas:C1,0.9999999999999999,10875,10875,0,0.5057803468208093,0.9999999999999999,within_univariate_range
1,47,Baixo Antas:P3,1.2664739884393281,10875,10875,0,0.0,24.46502890173408,within_univariate_range
1,48,Baixo Antas:C3,0.9999999999999999,10875,10875,0,0.5958574181117534,0.9999999999999999,within_univariate_range
1,49,Baixo Antas:P6,3.1445086705202954,10875,10875,0,0.0,46.85289017341028,within_univariate_range
1,50,Baixo Antas:C6,0.9999999999999999,10875,10875,0,0.6712427745664741,0.9999999999999999,within_univariate_range
1,51,Baixo Antas:P12,36.060115606936144,10875,10875,0,0.0,68.23988439306346,within_univariate_range
1,52,Baixo Antas:C12,0.9999999999999999,10875,10875,0,0.708092485549133,0.9999999999999999,within_univariate_range
1,53,Baixo Antas:P24,135.29017341040426,10875,10875,0,0.0,108.35722543352557,above_training_max
1,54,Baixo Antas:C24,0.9999999999999999,10875,10875,0,0.5926962909441232,0.9999999999999999,within_univariate_range
1,55,Baixo Antas:P48,150.8381502890167,10875,10865,10,0.0,163.44277456647404,within_univariate_range
1,56,Baixo Antas:C48,0.9999999999999999,10875,10875,0,0.2963481454720616,0.9999999999999999,within_univariate_range
1,57,Baixo Antas:P3lag3,1.878034682080967,10875,10875,0,0.0,24.46502890173408,within_univariate_range
1,58,Baixo Antas:P3lag6,7.195375722543157,10875,10875,0,0.0,24.46502890173408,within_univariate_range
1,59,Baixo Antas:P3lag12,47.55260115606937,10875,10875,0,0.0,24.46502890173408,above_training_max
1,60,Carreiro:P1,0.03962558502340037,10875,10243,632,0.0,18.33510140405621,within_univariate_range
1,61,Carreiro:C1,1.0,10875,10875,0,0.07683307332293292,1.0,within_univariate_range
1,62,Carreiro:P3,0.062090483619323775,10875,10283,592,0.0,33.95967238689533,within_univariate_range
1,63,Carreiro:C3,0.9802392095683827,10875,10875,0,0.10413416536661467,1.0,within_univariate_range
1,64,Carreiro:P6,0.8230889235568302,10875,10312,563,0.0,53.24430577223099,within_univariate_range
1,65,Carreiro:C6,0.9802392095683827,10875,10875,0,0.10588923556942278,1.0,within_univariate_range
1,66,Carreiro:P12,20.975351014040235,10875,10347,528,0.0,65.47223088923546,within_univariate_range
1,67,Carreiro:C12,0.9901196047841914,10875,10875,0,0.10676677067082685,1.0,within_univariate_range
1,68,Carreiro:P24,60.563806552261624,10875,10434,441,0.0,96.96081123244942,within_univariate_range
1,69,Carreiro:C24,0.9703588143525741,10875,10875,0,0.2641868174726989,0.999561232449298,within_univariate_range
1,70,Carreiro:P48,67.46408736349406,10875,10531,344,0.0,128.71232449297975,within_univariate_range
1,71,Carreiro:C48,0.9724063962558502,10875,10875,0,0.30894110764430577,0.999780616224649,within_univariate_range
1,72,Carreiro:P3lag3,0.7609984399375064,10875,10284,591,0.0,33.95967238689533,within_univariate_range
1,73,Carreiro:P3lag6,0.5310452418096151,10875,10285,590,0.0,33.95967238689533,within_univariate_range
1,74,Carreiro:P3lag12,34.291419656786175,10875,10287,588,0.0,33.95967238689533,above_training_max
1,75,Prata-Turvo:P1,5.042466240227422,10875,10874,1,0.0,15.32133972992182,within_univariate_range
1,76,Prata-Turvo:C1,0.9967128642501777,10875,10875,0,0.4924484719260838,1.0,within_univariate_range
1,77,Prata-Turvo:P3,5.242430703624629,10875,10875,0,0.0,33.68379530916843,within_univariate_range
1,78,Prata-Turvo:C3,0.9989042880833927,10875,10875,0,0.5614487088367687,1.0,within_univariate_range
1,79,Prata-Turvo:P6,7.05522388059674,10875,10875,0,0.0,48.720895522388034,within_univariate_range
1,80,Prata-Turvo:C6,0.9994521440416964,10875,10875,0,0.7114279791518597,1.0,within_univariate_range
1,81,Prata-Turvo:P12,49.96545842217444,10875,10875,0,0.0,71.59040511727078,within_univariate_range
1,82,Prata-Turvo:C12,0.9997260720208483,10875,10875,0,0.7505330490405118,1.0,within_univariate_range
1,83,Prata-Turvo:P24,67.40021321961585,10875,10875,0,0.0,102.81648898365322,within_univariate_range
1,84,Prata-Turvo:C24,0.9967535832741057,10875,10875,0,0.5263859275053304,1.0,within_univariate_range
1,85,Prata-Turvo:P48,78.48891257995679,10875,10863,12,0.0,138.82686567164174,within_univariate_range
1,86,Prata-Turvo:C48,0.9968220652688937,10875,10875,0,0.2631929637526652,1.0,within_univariate_range
1,87,Prata-Turvo:P3lag3,1.812793176972111,10875,10875,0,0.0,33.68379530916843,within_univariate_range
1,88,Prata-Turvo:P3lag6,1.291044776119274,10875,10875,0,0.0,33.68379530916843,within_univariate_range
1,89,Prata-Turvo:P3lag12,16.434754797441393,10875,10875,0,0.0,33.68379530916843,within_univariate_range
1,90,Alto Antas:P1,10.764710439666858,10875,10875,0,0.0,20.9462599263994,within_univariate_range
1,91,Alto Antas:C1,0.9989734650397055,10875,10875,0,0.5447414294015107,0.9989734650397055,within_univariate_range
1,92,Alto Antas:P3,27.095409645554856,10875,10875,0,0.0,53.40461359674613,within_univariate_range
1,93,Alto Antas:C3,0.9996578216799018,10875,10875,0,0.6016850668216153,0.9996578216799018,within_univariate_range
1,94,Alto Antas:P6,28.836025566531067,10875,10875,0,0.0,101.60650784427672,within_univariate_range
1,95,Alto Antas:C6,0.9998289108399508,10875,10875,0,0.6170572664471561,0.9998289108399508,within_univariate_range
1,96,Alto Antas:P12,54.02963393375934,10875,10875,0,0.0,200.1177222545035,within_univariate_range
1,97,Alto Antas:C12,0.9880511976241204,10875,10875,0,0.5920734069339532,0.9999144554199755,within_univariate_range
1,98,Alto Antas:P24,110.02173155142346,10875,10871,4,0.0,395.6619407321328,within_univariate_range
1,99,Alto Antas:C24,0.9940255988120602,10875,10875,0,0.3479505616889405,0.9999572277099877,within_univariate_range
1,100,Alto Antas:P48,128.34549680418323,10875,10858,17,0.0,765.0417199302739,within_univariate_range
1,101,Alto Antas:C48,0.9910811705081025,10875,10875,0,0.17397528084447025,0.9999786138549939,within_univariate_range
1,102,Alto Antas:P3lag3,1.7406159209762102,10875,10875,0,0.0,53.40461359674613,within_univariate_range
1,103,Alto Antas:P3lag6,6.007205113306208,10875,10875,0,0.0,53.40461359674613,within_univariate_range
1,104,Alto Antas:P3lag12,31.36188262637996,10875,10873,2,0.0,53.40461359674613,within_univariate_range
1,105,Tainhas:P1,7.3792349726775335,10875,10801,74,0.0,28.33442622950825,within_univariate_range
1,106,Tainhas:C1,1.0,10875,10875,0,0.15846994535519127,1.0,within_univariate_range
1,107,Tainhas:P3,26.92513661202169,10875,10870,5,0.0,28.974316939890905,within_univariate_range
1,108,Tainhas:C3,1.0,10875,10875,0,0.31079234972677594,1.0,within_univariate_range
1,109,Tainhas:P6,30.68251366120226,10875,10875,0,0.0,34.85191256830629,within_univariate_range
1,110,Tainhas:C6,1.0,10875,10875,0,0.5374544626593807,1.0,within_univariate_range
1,111,Tainhas:P12,54.77213114754012,10875,10875,0,0.0,47.25191256830604,above_training_max
1,112,Tainhas:C12,1.0,10875,10875,0,0.644808743169399,1.0,within_univariate_range
1,113,Tainhas:P24,151.28142076502618,10875,10873,2,0.0,75.29672131147566,above_training_max
1,114,Tainhas:C24,1.0,10875,10875,0,0.41897199453551914,1.0,within_univariate_range
1,115,Tainhas:P48,170.17267759562742,10875,10861,14,0.0,92.33934426229328,above_training_max
1,116,Tainhas:C48,1.0,10875,10875,0,0.20948599726775957,1.0,within_univariate_range
1,117,Tainhas:P3lag3,3.7573770491805734,10875,10869,6,0.0,33.38743169398929,within_univariate_range
1,118,Tainhas:P3lag6,5.013661202185409,10875,10869,6,0.0,34.57759562841552,within_univariate_range
1,119,Tainhas:P3lag12,58.19562841530027,10875,10869,6,0.0,34.57759562841552,above_training_max
1,120,gfs_seamless:Baixo Antas:forecastP3,0.0,10875,10875,0,0.0,55.0,within_univariate_range
1,121,gfs_seamless:Baixo Antas:forecastP6,0.0,10875,10875,0,0.0,70.6,within_univariate_range
1,122,gfs_seamless:Baixo Antas:forecastP9,0.0,10875,10875,0,0.0,85.3,within_univariate_range
1,123,gfs_seamless:Baixo Antas:forecastP12,0.0,10875,10875,0,0.0,100.19999999999999,within_univariate_range
1,124,gfs_seamless:Carreiro:forecastP3,0.0,10875,10875,0,0.0,42.900000000000006,within_univariate_range
1,125,gfs_seamless:Carreiro:forecastP6,0.0,10875,10875,0,0.0,55.7,within_univariate_range
1,126,gfs_seamless:Carreiro:forecastP9,0.0,10875,10875,0,0.0,71.6,within_univariate_range
1,127,gfs_seamless:Carreiro:forecastP12,0.0,10875,10875,0,0.0,88.8,within_univariate_range
1,128,gfs_seamless:Prata-Turvo:forecastP3,0.0,10875,10875,0,0.0,41.6,within_univariate_range
1,129,gfs_seamless:Prata-Turvo:forecastP6,0.0,10875,10875,0,0.0,56.8,within_univariate_range
1,130,gfs_seamless:Prata-Turvo:forecastP9,0.0,10875,10875,0,0.0,71.1,within_univariate_range
1,131,gfs_seamless:Prata-Turvo:forecastP12,0.0,10875,10875,0,0.0,76.89999999999999,within_univariate_range
1,132,gfs_seamless:Alto Antas:forecastP3,0.0,10875,10875,0,0.0,61.7,within_univariate_range
1,133,gfs_seamless:Alto Antas:forecastP6,0.0,10875,10875,0,0.0,74.9,within_univariate_range
1,134,gfs_seamless:Alto Antas:forecastP9,0.0,10875,10875,0,0.0,84.1,within_univariate_range
1,135,gfs_seamless:Alto Antas:forecastP12,0.0,10875,10875,0,0.0,84.8,within_univariate_range
1,136,gfs_seamless:Tainhas:forecastP3,0.0,10875,10875,0,0.0,63.2,within_univariate_range
1,137,gfs_seamless:Tainhas:forecastP6,0.0,10875,10875,0,0.0,71.2,within_univariate_range
1,138,gfs_seamless:Tainhas:forecastP9,0.0,10875,10875,0,0.0,83.2,within_univariate_range
1,139,gfs_seamless:Tainhas:forecastP12,0.0,10875,10875,0,0.0,86.1,within_univariate_range
1,140,ecmwf_ifs025:Baixo Antas:forecastP3,0.0,10875,10875,0,0.0,24.0,within_univariate_range
1,141,ecmwf_ifs025:Baixo Antas:forecastP6,0.0,10875,10875,0,0.0,42.0,within_univariate_range
1,142,ecmwf_ifs025:Baixo Antas:forecastP9,0.0,10875,10875,0,0.0,53.699999999999996,within_univariate_range
1,143,ecmwf_ifs025:Baixo Antas:forecastP12,0.0,10875,10875,0,0.0,68.69999999999999,within_univariate_range
1,144,ecmwf_ifs025:Carreiro:forecastP3,0.0,10875,10875,0,0.0,22.799999999999997,within_univariate_range
1,145,ecmwf_ifs025:Carreiro:forecastP6,0.0,10875,10875,0,0.0,43.8,within_univariate_range
1,146,ecmwf_ifs025:Carreiro:forecastP9,0.0,10875,10875,0,0.0,57.300000000000004,within_univariate_range
1,147,ecmwf_ifs025:Carreiro:forecastP12,0.0,10875,10875,0,0.0,69.9,within_univariate_range
1,148,ecmwf_ifs025:Prata-Turvo:forecastP3,0.0,10875,10875,0,0.0,29.400000000000002,within_univariate_range
1,149,ecmwf_ifs025:Prata-Turvo:forecastP6,0.0,10875,10875,0,0.0,48.6,within_univariate_range
1,150,ecmwf_ifs025:Prata-Turvo:forecastP9,0.0,10875,10875,0,0.0,73.2,within_univariate_range
1,151,ecmwf_ifs025:Prata-Turvo:forecastP12,0.0,10875,10875,0,0.0,86.7,within_univariate_range
1,152,ecmwf_ifs025:Alto Antas:forecastP3,0.0,10875,10875,0,0.0,19.799999999999997,within_univariate_range
1,153,ecmwf_ifs025:Alto Antas:forecastP6,0.0,10875,10875,0,0.0,30.6,within_univariate_range
1,154,ecmwf_ifs025:Alto Antas:forecastP9,0.0,10875,10875,0,0.0,44.699999999999996,within_univariate_range
1,155,ecmwf_ifs025:Alto Antas:forecastP12,0.0,10875,10875,0,0.0,52.2,within_univariate_range
1,156,ecmwf_ifs025:Tainhas:forecastP3,0.0,10875,10875,0,0.0,24.599999999999998,within_univariate_range
1,157,ecmwf_ifs025:Tainhas:forecastP6,0.0,10875,10875,0,0.0,41.7,within_univariate_range
1,158,ecmwf_ifs025:Tainhas:forecastP9,0.0,10875,10875,0,0.0,53.7,within_univariate_range
1,159,ecmwf_ifs025:Tainhas:forecastP12,0.0,10875,10875,0,0.0,65.1,within_univariate_range
1,160,icon_global:Baixo Antas:forecastP3,0.0,10875,10796,79,0.0,46.4,within_univariate_range
1,161,icon_global:Baixo Antas:forecastP6,0.0,10875,10793,82,0.0,51.7,within_univariate_range
1,162,icon_global:Baixo Antas:forecastP9,0.0,10875,10790,85,0.0,64.89999999999999,within_univariate_range
1,163,icon_global:Baixo Antas:forecastP12,0.0,10875,10787,88,0.0,77.79999999999998,within_univariate_range
1,164,icon_global:Carreiro:forecastP3,0.0,10875,10796,79,0.0,45.9,within_univariate_range
1,165,icon_global:Carreiro:forecastP6,0.0,10875,10793,82,0.0,65.80000000000001,within_univariate_range
1,166,icon_global:Carreiro:forecastP9,0.0,10875,10790,85,0.0,71.80000000000001,within_univariate_range
1,167,icon_global:Carreiro:forecastP12,0.0,10875,10787,88,0.0,77.4,within_univariate_range
1,168,icon_global:Prata-Turvo:forecastP3,0.0,10875,10796,79,0.0,40.0,within_univariate_range
1,169,icon_global:Prata-Turvo:forecastP6,0.0,10875,10793,82,0.0,55.099999999999994,within_univariate_range
1,170,icon_global:Prata-Turvo:forecastP9,0.0,10875,10790,85,0.0,58.199999999999996,within_univariate_range
1,171,icon_global:Prata-Turvo:forecastP12,0.0,10875,10787,88,0.0,60.400000000000006,within_univariate_range
1,172,icon_global:Alto Antas:forecastP3,0.0,10875,10796,79,0.0,38.8,within_univariate_range
1,173,icon_global:Alto Antas:forecastP6,0.0,10875,10793,82,0.0,55.599999999999994,within_univariate_range
1,174,icon_global:Alto Antas:forecastP9,0.0,10875,10790,85,0.0,63.7,within_univariate_range
1,175,icon_global:Alto Antas:forecastP12,0.0,10875,10787,88,0.0,69.69999999999999,within_univariate_range
1,176,icon_global:Tainhas:forecastP3,0.0,10875,10796,79,0.0,43.0,within_univariate_range
1,177,icon_global:Tainhas:forecastP6,0.0,10875,10793,82,0.0,59.9,within_univariate_range
1,178,icon_global:Tainhas:forecastP9,0.0,10875,10790,85,0.0,63.8,within_univariate_range
1,179,icon_global:Tainhas:forecastP12,0.0,10875,10787,88,0.0,73.6,within_univariate_range
2,0,86510000:H,17.45,10866,10866,0,0.81,15.3,above_training_max
2,1,86510000:dH0.5,0.5,10866,10866,0,-0.4399999999999995,1.1000000000000014,within_univariate_range
2,2,86510000:dH1,0.5399999999999991,10866,10866,0,-0.3899999999999997,1.0299999999999994,within_univariate_range
2,3,86510000:dH2,0.5649999999999995,10866,10866,0,-0.38500000000000023,1.005,within_univariate_range
2,4,86510000:dH4,0.5874999999999999,10866,10866,0,-0.32499999999999973,0.9175000000000002,within_univariate_range
2,5,86510000:dH8,0.78375,10866,10866,0,-0.30625000000000013,0.8225,within_univariate_range
2,6,86472000:H,19.95,10866,10866,0,2.49,15.94,above_training_max
2,7,86472000:dH0.5,0.7999999999999972,10866,10866,0,-0.8399999999999999,1.379999999999999,within_univariate_range
2,8,86472000:dH1,0.5700000000000003,10866,10866,0,-0.7599999999999998,1.2400000000000002,within_univariate_range
2,9,86472000:dH2,0.7149999999999999,10866,10866,0,-0.5800000000000001,1.1099999999999999,within_univariate_range
2,10,86472000:dH4,0.8149999999999995,10866,10866,0,-0.39250000000000007,0.875,within_univariate_range
2,11,86472000:dH8,0.7974999999999999,10866,10866,0,-0.2975000000000001,0.7512499999999999,above_training_max
2,12,86472600:H,16.52,10866,10866,0,1.1,13.36,above_training_max
2,13,86472600:dH0.5,0.5799999999999983,10866,10866,0,-0.4599999999999991,1.1799999999999997,within_univariate_range
2,14,86472600:dH1,0.6199999999999992,10866,10866,0,-0.4499999999999993,1.1199999999999997,within_univariate_range
2,15,86472600:dH2,0.6949999999999994,10866,10866,0,-0.4099999999999997,0.9349999999999998,within_univariate_range
2,16,86472600:dH4,0.7399999999999998,10866,10866,0,-0.3025,0.7350000000000001,above_training_max
2,17,86472600:dH8,0.6824999999999999,10866,10866,0,-0.24124999999999996,0.6699999999999999,above_training_max
2,18,86500000:H,4.332,10866,10866,0,0.6,7.917999999999999,within_univariate_range
2,19,86500000:dH0.5,-0.16000000000000014,10866,10866,0,-1.42,2.3599999999999994,within_univariate_range
2,20,86500000:dH1,-0.16199999999999992,10866,10866,0,-0.8700000000000001,1.3860000000000001,within_univariate_range
2,21,86500000:dH2,-0.15549999999999997,10866,10866,0,-0.605,1.0565000000000002,within_univariate_range
2,22,86500000:dH4,-0.16874999999999996,10866,10866,0,-0.345,0.6527499999999999,within_univariate_range
2,23,86500000:dH8,-0.11312500000000003,10866,10866,0,-0.190125,0.45875000000000005,within_univariate_range
2,24,julho:Q06,4.41758738252053,10866,10866,0,0.09273681166560854,2.9733108475315086,above_training_max
2,25,julho:Q,11.893469999999999,10866,10866,0,0.019,6.148,above_training_max
2,26,julho:I,11.76458,10866,10866,0,0.0,6.195,above_training_max
2,27,julho:dQ1,0.2153217022654621,10866,10866,0,-0.4140417273808631,0.41879285426389345,within_univariate_range
2,28,julho:dQ2,0.1430534591318091,10866,10866,0,-0.21325133678655214,0.3337655907298394,within_univariate_range
2,29,julho:dQ4,0.21924634921225283,10866,10866,0,-0.10938639078412082,0.23257240411926003,within_univariate_range
2,30,julho:dQ8,0.24786370843751632,10866,10866,0,-0.06771036061987953,0.1719696243110594,above_training_max
2,31,monte:Q06,4.29555995959544,10866,10866,0,0.046439843790034595,2.9190073129260052,above_training_max
2,32,monte:Q,11.35097,10866,10866,0,0.006,5.962,above_training_max
2,33,monte:I,11.27597,10866,10866,0,0.0,5.97,above_training_max
2,34,monte:dQ1,-0.06749001110359298,10866,10866,0,-0.48474221983946675,0.3523021957686533,within_univariate_range
2,35,monte:dQ2,-0.050660267650707524,10866,10866,0,-0.24989492264228616,0.22600906566502732,within_univariate_range
2,36,monte:dQ4,0.04746846068798827,10866,10866,0,-0.1046341700799688,0.17117075236796586,within_univariate_range
2,37,monte:dQ8,0.19962397131723225,10866,10866,0,-0.058709426001571946,0.14966588913001427,above_training_max
2,38,castro:Q06,3.331888169957615,10866,10866,0,0.08365116420730187,2.3183542274418922,above_training_max
2,39,castro:Q,7.4327700000000005,10866,10866,0,0.016,4.061,above_training_max
2,40,castro:I,7.10705,10866,10866,0,0.001,4.105,above_training_max
2,41,castro:dQ1,-0.08451607848609566,10866,10866,0,-0.25747399961996087,0.2191084924735245,within_univariate_range
2,42,castro:dQ2,-0.09611384312323468,10866,10866,0,-0.1305422384563114,0.14313986561357062,within_univariate_range
2,43,castro:dQ4,-0.09542390880479967,10866,10866,0,-0.06571096584058289,0.12053050738453186,below_training_min
2,44,castro:dQ8,0.09329007003595974,10866,10866,0,-0.05991768005597145,0.12050576459435042,within_univariate_range
2,45,Baixo Antas:P1,0.7219653179191743,10866,10866,0,0.0,11.990751445086655,within_univariate_range
2,46,Baixo Antas:C1,0.9999999999999999,10866,10866,0,0.5057803468208093,0.9999999999999999,within_univariate_range
2,47,Baixo Antas:P3,1.2664739884393281,10866,10866,0,0.0,24.46502890173408,within_univariate_range
2,48,Baixo Antas:C3,0.9999999999999999,10866,10866,0,0.5958574181117534,0.9999999999999999,within_univariate_range
2,49,Baixo Antas:P6,3.1445086705202954,10866,10866,0,0.0,46.85289017341028,within_univariate_range
2,50,Baixo Antas:C6,0.9999999999999999,10866,10866,0,0.6712427745664741,0.9999999999999999,within_univariate_range
2,51,Baixo Antas:P12,36.060115606936144,10866,10866,0,0.0,68.23988439306346,within_univariate_range
2,52,Baixo Antas:C12,0.9999999999999999,10866,10866,0,0.708092485549133,0.9999999999999999,within_univariate_range
2,53,Baixo Antas:P24,135.29017341040426,10866,10866,0,0.0,108.35722543352557,above_training_max
2,54,Baixo Antas:C24,0.9999999999999999,10866,10866,0,0.5926962909441232,0.9999999999999999,within_univariate_range
2,55,Baixo Antas:P48,150.8381502890167,10866,10856,10,0.0,163.44277456647404,within_univariate_range
2,56,Baixo Antas:C48,0.9999999999999999,10866,10866,0,0.2963481454720616,0.9999999999999999,within_univariate_range
2,57,Baixo Antas:P3lag3,1.878034682080967,10866,10866,0,0.0,24.46502890173408,within_univariate_range
2,58,Baixo Antas:P3lag6,7.195375722543157,10866,10866,0,0.0,24.46502890173408,within_univariate_range
2,59,Baixo Antas:P3lag12,47.55260115606937,10866,10866,0,0.0,24.46502890173408,above_training_max
2,60,Carreiro:P1,0.03962558502340037,10866,10234,632,0.0,18.33510140405621,within_univariate_range
2,61,Carreiro:C1,1.0,10866,10866,0,0.07683307332293292,1.0,within_univariate_range
2,62,Carreiro:P3,0.062090483619323775,10866,10274,592,0.0,33.95967238689533,within_univariate_range
2,63,Carreiro:C3,0.9802392095683827,10866,10866,0,0.10413416536661467,1.0,within_univariate_range
2,64,Carreiro:P6,0.8230889235568302,10866,10303,563,0.0,53.24430577223099,within_univariate_range
2,65,Carreiro:C6,0.9802392095683827,10866,10866,0,0.10588923556942278,1.0,within_univariate_range
2,66,Carreiro:P12,20.975351014040235,10866,10338,528,0.0,65.47223088923546,within_univariate_range
2,67,Carreiro:C12,0.9901196047841914,10866,10866,0,0.10676677067082685,1.0,within_univariate_range
2,68,Carreiro:P24,60.563806552261624,10866,10425,441,0.0,96.96081123244942,within_univariate_range
2,69,Carreiro:C24,0.9703588143525741,10866,10866,0,0.2641868174726989,0.999561232449298,within_univariate_range
2,70,Carreiro:P48,67.46408736349406,10866,10522,344,0.0,128.71232449297975,within_univariate_range
2,71,Carreiro:C48,0.9724063962558502,10866,10866,0,0.30894110764430577,0.999780616224649,within_univariate_range
2,72,Carreiro:P3lag3,0.7609984399375064,10866,10275,591,0.0,33.95967238689533,within_univariate_range
2,73,Carreiro:P3lag6,0.5310452418096151,10866,10276,590,0.0,33.95967238689533,within_univariate_range
2,74,Carreiro:P3lag12,34.291419656786175,10866,10278,588,0.0,33.95967238689533,above_training_max
2,75,Prata-Turvo:P1,5.042466240227422,10866,10865,1,0.0,15.32133972992182,within_univariate_range
2,76,Prata-Turvo:C1,0.9967128642501777,10866,10866,0,0.4924484719260838,1.0,within_univariate_range
2,77,Prata-Turvo:P3,5.242430703624629,10866,10866,0,0.0,33.68379530916843,within_univariate_range
2,78,Prata-Turvo:C3,0.9989042880833927,10866,10866,0,0.5614487088367687,1.0,within_univariate_range
2,79,Prata-Turvo:P6,7.05522388059674,10866,10866,0,0.0,48.720895522388034,within_univariate_range
2,80,Prata-Turvo:C6,0.9994521440416964,10866,10866,0,0.7114279791518597,1.0,within_univariate_range
2,81,Prata-Turvo:P12,49.96545842217444,10866,10866,0,0.0,71.59040511727078,within_univariate_range
2,82,Prata-Turvo:C12,0.9997260720208483,10866,10866,0,0.7505330490405118,1.0,within_univariate_range
2,83,Prata-Turvo:P24,67.40021321961585,10866,10866,0,0.0,102.81648898365322,within_univariate_range
2,84,Prata-Turvo:C24,0.9967535832741057,10866,10866,0,0.5263859275053304,1.0,within_univariate_range
2,85,Prata-Turvo:P48,78.48891257995679,10866,10854,12,0.0,138.82686567164174,within_univariate_range
2,86,Prata-Turvo:C48,0.9968220652688937,10866,10866,0,0.2631929637526652,1.0,within_univariate_range
2,87,Prata-Turvo:P3lag3,1.812793176972111,10866,10866,0,0.0,33.68379530916843,within_univariate_range
2,88,Prata-Turvo:P3lag6,1.291044776119274,10866,10866,0,0.0,33.68379530916843,within_univariate_range
2,89,Prata-Turvo:P3lag12,16.434754797441393,10866,10866,0,0.0,33.68379530916843,within_univariate_range
2,90,Alto Antas:P1,10.764710439666858,10866,10866,0,0.0,20.9462599263994,within_univariate_range
2,91,Alto Antas:C1,0.9989734650397055,10866,10866,0,0.5447414294015107,0.9989734650397055,within_univariate_range
2,92,Alto Antas:P3,27.095409645554856,10866,10866,0,0.0,53.40461359674613,within_univariate_range
2,93,Alto Antas:C3,0.9996578216799018,10866,10866,0,0.6016850668216153,0.9996578216799018,within_univariate_range
2,94,Alto Antas:P6,28.836025566531067,10866,10866,0,0.0,101.60650784427672,within_univariate_range
2,95,Alto Antas:C6,0.9998289108399508,10866,10866,0,0.6170572664471561,0.9998289108399508,within_univariate_range
2,96,Alto Antas:P12,54.02963393375934,10866,10866,0,0.0,200.1177222545035,within_univariate_range
2,97,Alto Antas:C12,0.9880511976241204,10866,10866,0,0.5920734069339532,0.9999144554199755,within_univariate_range
2,98,Alto Antas:P24,110.02173155142346,10866,10862,4,0.0,395.6619407321328,within_univariate_range
2,99,Alto Antas:C24,0.9940255988120602,10866,10866,0,0.3479505616889405,0.9999572277099877,within_univariate_range
2,100,Alto Antas:P48,128.34549680418323,10866,10849,17,0.0,765.0417199302739,within_univariate_range
2,101,Alto Antas:C48,0.9910811705081025,10866,10866,0,0.17397528084447025,0.9999786138549939,within_univariate_range
2,102,Alto Antas:P3lag3,1.7406159209762102,10866,10866,0,0.0,53.40461359674613,within_univariate_range
2,103,Alto Antas:P3lag6,6.007205113306208,10866,10866,0,0.0,53.40461359674613,within_univariate_range
2,104,Alto Antas:P3lag12,31.36188262637996,10866,10864,2,0.0,53.40461359674613,within_univariate_range
2,105,Tainhas:P1,7.3792349726775335,10866,10793,73,0.0,28.33442622950825,within_univariate_range
2,106,Tainhas:C1,1.0,10866,10866,0,0.15846994535519127,1.0,within_univariate_range
2,107,Tainhas:P3,26.92513661202169,10866,10861,5,0.0,28.974316939890905,within_univariate_range
2,108,Tainhas:C3,1.0,10866,10866,0,0.31079234972677594,1.0,within_univariate_range
2,109,Tainhas:P6,30.68251366120226,10866,10866,0,0.0,34.85191256830629,within_univariate_range
2,110,Tainhas:C6,1.0,10866,10866,0,0.5374544626593807,1.0,within_univariate_range
2,111,Tainhas:P12,54.77213114754012,10866,10866,0,0.0,47.25191256830604,above_training_max
2,112,Tainhas:C12,1.0,10866,10866,0,0.644808743169399,1.0,within_univariate_range
2,113,Tainhas:P24,151.28142076502618,10866,10864,2,0.0,75.29672131147566,above_training_max
2,114,Tainhas:C24,1.0,10866,10866,0,0.41897199453551914,1.0,within_univariate_range
2,115,Tainhas:P48,170.17267759562742,10866,10852,14,0.0,92.33934426229328,above_training_max
2,116,Tainhas:C48,1.0,10866,10866,0,0.20948599726775957,1.0,within_univariate_range
2,117,Tainhas:P3lag3,3.7573770491805734,10866,10860,6,0.0,33.38743169398929,within_univariate_range
2,118,Tainhas:P3lag6,5.013661202185409,10866,10860,6,0.0,34.57759562841552,within_univariate_range
2,119,Tainhas:P3lag12,58.19562841530027,10866,10860,6,0.0,34.57759562841552,above_training_max
2,120,gfs_seamless:Baixo Antas:forecastP3,0.0,10866,10866,0,0.0,55.0,within_univariate_range
2,121,gfs_seamless:Baixo Antas:forecastP6,0.0,10866,10866,0,0.0,70.6,within_univariate_range
2,122,gfs_seamless:Baixo Antas:forecastP9,0.0,10866,10866,0,0.0,85.3,within_univariate_range
2,123,gfs_seamless:Baixo Antas:forecastP12,0.0,10866,10866,0,0.0,100.19999999999999,within_univariate_range
2,124,gfs_seamless:Carreiro:forecastP3,0.0,10866,10866,0,0.0,42.900000000000006,within_univariate_range
2,125,gfs_seamless:Carreiro:forecastP6,0.0,10866,10866,0,0.0,55.7,within_univariate_range
2,126,gfs_seamless:Carreiro:forecastP9,0.0,10866,10866,0,0.0,71.6,within_univariate_range
2,127,gfs_seamless:Carreiro:forecastP12,0.0,10866,10866,0,0.0,88.8,within_univariate_range
2,128,gfs_seamless:Prata-Turvo:forecastP3,0.0,10866,10866,0,0.0,41.6,within_univariate_range
2,129,gfs_seamless:Prata-Turvo:forecastP6,0.0,10866,10866,0,0.0,56.8,within_univariate_range
2,130,gfs_seamless:Prata-Turvo:forecastP9,0.0,10866,10866,0,0.0,71.1,within_univariate_range
2,131,gfs_seamless:Prata-Turvo:forecastP12,0.0,10866,10866,0,0.0,76.89999999999999,within_univariate_range
2,132,gfs_seamless:Alto Antas:forecastP3,0.0,10866,10866,0,0.0,61.7,within_univariate_range
2,133,gfs_seamless:Alto Antas:forecastP6,0.0,10866,10866,0,0.0,74.9,within_univariate_range
2,134,gfs_seamless:Alto Antas:forecastP9,0.0,10866,10866,0,0.0,84.1,within_univariate_range
2,135,gfs_seamless:Alto Antas:forecastP12,0.0,10866,10866,0,0.0,84.8,within_univariate_range
2,136,gfs_seamless:Tainhas:forecastP3,0.0,10866,10866,0,0.0,63.2,within_univariate_range
2,137,gfs_seamless:Tainhas:forecastP6,0.0,10866,10866,0,0.0,71.2,within_univariate_range
2,138,gfs_seamless:Tainhas:forecastP9,0.0,10866,10866,0,0.0,83.2,within_univariate_range
2,139,gfs_seamless:Tainhas:forecastP12,0.0,10866,10866,0,0.0,86.1,within_univariate_range
2,140,ecmwf_ifs025:Baixo Antas:forecastP3,0.0,10866,10866,0,0.0,24.0,within_univariate_range
2,141,ecmwf_ifs025:Baixo Antas:forecastP6,0.0,10866,10866,0,0.0,42.0,within_univariate_range
2,142,ecmwf_ifs025:Baixo Antas:forecastP9,0.0,10866,10866,0,0.0,53.699999999999996,within_univariate_range
2,143,ecmwf_ifs025:Baixo Antas:forecastP12,0.0,10866,10866,0,0.0,68.69999999999999,within_univariate_range
2,144,ecmwf_ifs025:Carreiro:forecastP3,0.0,10866,10866,0,0.0,22.799999999999997,within_univariate_range
2,145,ecmwf_ifs025:Carreiro:forecastP6,0.0,10866,10866,0,0.0,43.8,within_univariate_range
2,146,ecmwf_ifs025:Carreiro:forecastP9,0.0,10866,10866,0,0.0,57.300000000000004,within_univariate_range
2,147,ecmwf_ifs025:Carreiro:forecastP12,0.0,10866,10866,0,0.0,69.9,within_univariate_range
2,148,ecmwf_ifs025:Prata-Turvo:forecastP3,0.0,10866,10866,0,0.0,29.400000000000002,within_univariate_range
2,149,ecmwf_ifs025:Prata-Turvo:forecastP6,0.0,10866,10866,0,0.0,48.6,within_univariate_range
2,150,ecmwf_ifs025:Prata-Turvo:forecastP9,0.0,10866,10866,0,0.0,73.2,within_univariate_range
2,151,ecmwf_ifs025:Prata-Turvo:forecastP12,0.0,10866,10866,0,0.0,86.7,within_univariate_range
2,152,ecmwf_ifs025:Alto Antas:forecastP3,0.0,10866,10866,0,0.0,19.799999999999997,within_univariate_range
2,153,ecmwf_ifs025:Alto Antas:forecastP6,0.0,10866,10866,0,0.0,30.6,within_univariate_range
2,154,ecmwf_ifs025:Alto Antas:forecastP9,0.0,10866,10866,0,0.0,44.699999999999996,within_univariate_range
2,155,ecmwf_ifs025:Alto Antas:forecastP12,0.0,10866,10866,0,0.0,52.2,within_univariate_range
2,156,ecmwf_ifs025:Tainhas:forecastP3,0.0,10866,10866,0,0.0,24.599999999999998,within_univariate_range
2,157,ecmwf_ifs025:Tainhas:forecastP6,0.0,10866,10866,0,0.0,41.7,within_univariate_range
2,158,ecmwf_ifs025:Tainhas:forecastP9,0.0,10866,10866,0,0.0,53.7,within_univariate_range
2,159,ecmwf_ifs025:Tainhas:forecastP12,0.0,10866,10866,0,0.0,65.1,within_univariate_range
2,160,icon_global:Baixo Antas:forecastP3,0.0,10866,10787,79,0.0,46.4,within_univariate_range
2,161,icon_global:Baixo Antas:forecastP6,0.0,10866,10784,82,0.0,51.7,within_univariate_range
2,162,icon_global:Baixo Antas:forecastP9,0.0,10866,10781,85,0.0,64.89999999999999,within_univariate_range
2,163,icon_global:Baixo Antas:forecastP12,0.0,10866,10778,88,0.0,77.79999999999998,within_univariate_range
2,164,icon_global:Carreiro:forecastP3,0.0,10866,10787,79,0.0,45.9,within_univariate_range
2,165,icon_global:Carreiro:forecastP6,0.0,10866,10784,82,0.0,65.80000000000001,within_univariate_range
2,166,icon_global:Carreiro:forecastP9,0.0,10866,10781,85,0.0,71.80000000000001,within_univariate_range
2,167,icon_global:Carreiro:forecastP12,0.0,10866,10778,88,0.0,77.4,within_univariate_range
2,168,icon_global:Prata-Turvo:forecastP3,0.0,10866,10787,79,0.0,40.0,within_univariate_range
2,169,icon_global:Prata-Turvo:forecastP6,0.0,10866,10784,82,0.0,55.099999999999994,within_univariate_range
2,170,icon_global:Prata-Turvo:forecastP9,0.0,10866,10781,85,0.0,58.199999999999996,within_univariate_range
2,171,icon_global:Prata-Turvo:forecastP12,0.0,10866,10778,88,0.0,60.400000000000006,within_univariate_range
2,172,icon_global:Alto Antas:forecastP3,0.0,10866,10787,79,0.0,38.8,within_univariate_range
2,173,icon_global:Alto Antas:forecastP6,0.0,10866,10784,82,0.0,55.599999999999994,within_univariate_range
2,174,icon_global:Alto Antas:forecastP9,0.0,10866,10781,85,0.0,63.7,within_univariate_range
2,175,icon_global:Alto Antas:forecastP12,0.0,10866,10778,88,0.0,69.69999999999999,within_univariate_range
2,176,icon_global:Tainhas:forecastP3,0.0,10866,10787,79,0.0,43.0,within_univariate_range
2,177,icon_global:Tainhas:forecastP6,0.0,10866,10784,82,0.0,59.9,within_univariate_range
2,178,icon_global:Tainhas:forecastP9,0.0,10866,10781,85,0.0,63.8,within_univariate_range
2,179,icon_global:Tainhas:forecastP12,0.0,10866,10778,88,0.0,73.6,within_univariate_range
3,0,86510000:H,17.45,10864,10864,0,0.81,15.3,above_training_max
3,1,86510000:dH0.5,0.5,10864,10864,0,-0.4399999999999995,1.1000000000000014,within_univariate_range
3,2,86510000:dH1,0.5399999999999991,10864,10864,0,-0.3899999999999997,1.0299999999999994,within_univariate_range
3,3,86510000:dH2,0.5649999999999995,10864,10864,0,-0.38500000000000023,1.005,within_univariate_range
3,4,86510000:dH4,0.5874999999999999,10864,10864,0,-0.32499999999999973,0.9175000000000002,within_univariate_range
3,5,86510000:dH8,0.78375,10864,10864,0,-0.30625000000000013,0.8225,within_univariate_range
3,6,86472000:H,19.95,10864,10864,0,2.49,15.94,above_training_max
3,7,86472000:dH0.5,0.7999999999999972,10864,10864,0,-0.8399999999999999,1.379999999999999,within_univariate_range
3,8,86472000:dH1,0.5700000000000003,10864,10864,0,-0.7599999999999998,1.2400000000000002,within_univariate_range
3,9,86472000:dH2,0.7149999999999999,10864,10864,0,-0.5800000000000001,1.1099999999999999,within_univariate_range
3,10,86472000:dH4,0.8149999999999995,10864,10864,0,-0.39250000000000007,0.875,within_univariate_range
3,11,86472000:dH8,0.7974999999999999,10864,10864,0,-0.2975000000000001,0.7512499999999999,above_training_max
3,12,86472600:H,16.52,10864,10864,0,1.1,13.36,above_training_max
3,13,86472600:dH0.5,0.5799999999999983,10864,10864,0,-0.4599999999999991,1.1799999999999997,within_univariate_range
3,14,86472600:dH1,0.6199999999999992,10864,10864,0,-0.4499999999999993,1.1199999999999997,within_univariate_range
3,15,86472600:dH2,0.6949999999999994,10864,10864,0,-0.4099999999999997,0.9349999999999998,within_univariate_range
3,16,86472600:dH4,0.7399999999999998,10864,10864,0,-0.3025,0.7350000000000001,above_training_max
3,17,86472600:dH8,0.6824999999999999,10864,10864,0,-0.24124999999999996,0.6699999999999999,above_training_max
3,18,86500000:H,4.332,10864,10864,0,0.6,7.917999999999999,within_univariate_range
3,19,86500000:dH0.5,-0.16000000000000014,10864,10864,0,-1.42,2.3599999999999994,within_univariate_range
3,20,86500000:dH1,-0.16199999999999992,10864,10864,0,-0.8700000000000001,1.3860000000000001,within_univariate_range
3,21,86500000:dH2,-0.15549999999999997,10864,10864,0,-0.605,1.0565000000000002,within_univariate_range
3,22,86500000:dH4,-0.16874999999999996,10864,10864,0,-0.345,0.6527499999999999,within_univariate_range
3,23,86500000:dH8,-0.11312500000000003,10864,10864,0,-0.190125,0.45875000000000005,within_univariate_range
3,24,julho:Q06,4.41758738252053,10864,10864,0,0.09273681166560854,2.9733108475315086,above_training_max
3,25,julho:Q,11.893469999999999,10864,10864,0,0.019,6.148,above_training_max
3,26,julho:I,11.76458,10864,10864,0,0.0,6.195,above_training_max
3,27,julho:dQ1,0.2153217022654621,10864,10864,0,-0.4140417273808631,0.41879285426389345,within_univariate_range
3,28,julho:dQ2,0.1430534591318091,10864,10864,0,-0.21325133678655214,0.3337655907298394,within_univariate_range
3,29,julho:dQ4,0.21924634921225283,10864,10864,0,-0.10938639078412082,0.23257240411926003,within_univariate_range
3,30,julho:dQ8,0.24786370843751632,10864,10864,0,-0.06771036061987953,0.1719696243110594,above_training_max
3,31,monte:Q06,4.29555995959544,10864,10864,0,0.046439843790034595,2.9190073129260052,above_training_max
3,32,monte:Q,11.35097,10864,10864,0,0.006,5.962,above_training_max
3,33,monte:I,11.27597,10864,10864,0,0.0,5.97,above_training_max
3,34,monte:dQ1,-0.06749001110359298,10864,10864,0,-0.48474221983946675,0.3523021957686533,within_univariate_range
3,35,monte:dQ2,-0.050660267650707524,10864,10864,0,-0.24989492264228616,0.22600906566502732,within_univariate_range
3,36,monte:dQ4,0.04746846068798827,10864,10864,0,-0.1046341700799688,0.17117075236796586,within_univariate_range
3,37,monte:dQ8,0.19962397131723225,10864,10864,0,-0.058709426001571946,0.14966588913001427,above_training_max
3,38,castro:Q06,3.331888169957615,10864,10864,0,0.08365116420730187,2.3183542274418922,above_training_max
3,39,castro:Q,7.4327700000000005,10864,10864,0,0.016,4.061,above_training_max
3,40,castro:I,7.10705,10864,10864,0,0.001,4.105,above_training_max
3,41,castro:dQ1,-0.08451607848609566,10864,10864,0,-0.25747399961996087,0.2191084924735245,within_univariate_range
3,42,castro:dQ2,-0.09611384312323468,10864,10864,0,-0.1305422384563114,0.14313986561357062,within_univariate_range
3,43,castro:dQ4,-0.09542390880479967,10864,10864,0,-0.06571096584058289,0.12053050738453186,below_training_min
3,44,castro:dQ8,0.09329007003595974,10864,10864,0,-0.05991768005597145,0.12050576459435042,within_univariate_range
3,45,Baixo Antas:P1,0.7219653179191743,10864,10864,0,0.0,11.990751445086655,within_univariate_range
3,46,Baixo Antas:C1,0.9999999999999999,10864,10864,0,0.5057803468208093,0.9999999999999999,within_univariate_range
3,47,Baixo Antas:P3,1.2664739884393281,10864,10864,0,0.0,24.46502890173408,within_univariate_range
3,48,Baixo Antas:C3,0.9999999999999999,10864,10864,0,0.5958574181117534,0.9999999999999999,within_univariate_range
3,49,Baixo Antas:P6,3.1445086705202954,10864,10864,0,0.0,46.85289017341028,within_univariate_range
3,50,Baixo Antas:C6,0.9999999999999999,10864,10864,0,0.6712427745664741,0.9999999999999999,within_univariate_range
3,51,Baixo Antas:P12,36.060115606936144,10864,10864,0,0.0,68.23988439306346,within_univariate_range
3,52,Baixo Antas:C12,0.9999999999999999,10864,10864,0,0.708092485549133,0.9999999999999999,within_univariate_range
3,53,Baixo Antas:P24,135.29017341040426,10864,10864,0,0.0,108.35722543352557,above_training_max
3,54,Baixo Antas:C24,0.9999999999999999,10864,10864,0,0.5926962909441232,0.9999999999999999,within_univariate_range
3,55,Baixo Antas:P48,150.8381502890167,10864,10854,10,0.0,163.44277456647404,within_univariate_range
3,56,Baixo Antas:C48,0.9999999999999999,10864,10864,0,0.2963481454720616,0.9999999999999999,within_univariate_range
3,57,Baixo Antas:P3lag3,1.878034682080967,10864,10864,0,0.0,24.46502890173408,within_univariate_range
3,58,Baixo Antas:P3lag6,7.195375722543157,10864,10864,0,0.0,24.46502890173408,within_univariate_range
3,59,Baixo Antas:P3lag12,47.55260115606937,10864,10864,0,0.0,24.46502890173408,above_training_max
3,60,Carreiro:P1,0.03962558502340037,10864,10232,632,0.0,18.33510140405621,within_univariate_range
3,61,Carreiro:C1,1.0,10864,10864,0,0.07683307332293292,1.0,within_univariate_range
3,62,Carreiro:P3,0.062090483619323775,10864,10272,592,0.0,33.95967238689533,within_univariate_range
3,63,Carreiro:C3,0.9802392095683827,10864,10864,0,0.10413416536661467,1.0,within_univariate_range
3,64,Carreiro:P6,0.8230889235568302,10864,10301,563,0.0,53.24430577223099,within_univariate_range
3,65,Carreiro:C6,0.9802392095683827,10864,10864,0,0.10588923556942278,1.0,within_univariate_range
3,66,Carreiro:P12,20.975351014040235,10864,10336,528,0.0,65.47223088923546,within_univariate_range
3,67,Carreiro:C12,0.9901196047841914,10864,10864,0,0.10676677067082685,1.0,within_univariate_range
3,68,Carreiro:P24,60.563806552261624,10864,10423,441,0.0,96.96081123244942,within_univariate_range
3,69,Carreiro:C24,0.9703588143525741,10864,10864,0,0.2641868174726989,0.999561232449298,within_univariate_range
3,70,Carreiro:P48,67.46408736349406,10864,10520,344,0.0,128.71232449297975,within_univariate_range
3,71,Carreiro:C48,0.9724063962558502,10864,10864,0,0.30894110764430577,0.999780616224649,within_univariate_range
3,72,Carreiro:P3lag3,0.7609984399375064,10864,10273,591,0.0,33.95967238689533,within_univariate_range
3,73,Carreiro:P3lag6,0.5310452418096151,10864,10274,590,0.0,33.95967238689533,within_univariate_range
3,74,Carreiro:P3lag12,34.291419656786175,10864,10276,588,0.0,33.95967238689533,above_training_max
3,75,Prata-Turvo:P1,5.042466240227422,10864,10863,1,0.0,15.32133972992182,within_univariate_range
3,76,Prata-Turvo:C1,0.9967128642501777,10864,10864,0,0.4924484719260838,1.0,within_univariate_range
3,77,Prata-Turvo:P3,5.242430703624629,10864,10864,0,0.0,33.68379530916843,within_univariate_range
3,78,Prata-Turvo:C3,0.9989042880833927,10864,10864,0,0.5614487088367687,1.0,within_univariate_range
3,79,Prata-Turvo:P6,7.05522388059674,10864,10864,0,0.0,48.720895522388034,within_univariate_range
3,80,Prata-Turvo:C6,0.9994521440416964,10864,10864,0,0.7114279791518597,1.0,within_univariate_range
3,81,Prata-Turvo:P12,49.96545842217444,10864,10864,0,0.0,71.59040511727078,within_univariate_range
3,82,Prata-Turvo:C12,0.9997260720208483,10864,10864,0,0.7505330490405118,1.0,within_univariate_range
3,83,Prata-Turvo:P24,67.40021321961585,10864,10864,0,0.0,102.81648898365322,within_univariate_range
3,84,Prata-Turvo:C24,0.9967535832741057,10864,10864,0,0.5263859275053304,1.0,within_univariate_range
3,85,Prata-Turvo:P48,78.48891257995679,10864,10852,12,0.0,138.82686567164174,within_univariate_range
3,86,Prata-Turvo:C48,0.9968220652688937,10864,10864,0,0.2631929637526652,1.0,within_univariate_range
3,87,Prata-Turvo:P3lag3,1.812793176972111,10864,10864,0,0.0,33.68379530916843,within_univariate_range
3,88,Prata-Turvo:P3lag6,1.291044776119274,10864,10864,0,0.0,33.68379530916843,within_univariate_range
3,89,Prata-Turvo:P3lag12,16.434754797441393,10864,10864,0,0.0,33.68379530916843,within_univariate_range
3,90,Alto Antas:P1,10.764710439666858,10864,10864,0,0.0,20.9462599263994,within_univariate_range
3,91,Alto Antas:C1,0.9989734650397055,10864,10864,0,0.5447414294015107,0.9989734650397055,within_univariate_range
3,92,Alto Antas:P3,27.095409645554856,10864,10864,0,0.0,53.40461359674613,within_univariate_range
3,93,Alto Antas:C3,0.9996578216799018,10864,10864,0,0.6016850668216153,0.9996578216799018,within_univariate_range
3,94,Alto Antas:P6,28.836025566531067,10864,10864,0,0.0,101.60650784427672,within_univariate_range
3,95,Alto Antas:C6,0.9998289108399508,10864,10864,0,0.6170572664471561,0.9998289108399508,within_univariate_range
3,96,Alto Antas:P12,54.02963393375934,10864,10864,0,0.0,200.1177222545035,within_univariate_range
3,97,Alto Antas:C12,0.9880511976241204,10864,10864,0,0.5920734069339532,0.9999144554199755,within_univariate_range
3,98,Alto Antas:P24,110.02173155142346,10864,10860,4,0.0,395.6619407321328,within_univariate_range
3,99,Alto Antas:C24,0.9940255988120602,10864,10864,0,0.3479505616889405,0.9999572277099877,within_univariate_range
3,100,Alto Antas:P48,128.34549680418323,10864,10847,17,0.0,765.0417199302739,within_univariate_range
3,101,Alto Antas:C48,0.9910811705081025,10864,10864,0,0.17397528084447025,0.9999786138549939,within_univariate_range
3,102,Alto Antas:P3lag3,1.7406159209762102,10864,10864,0,0.0,53.40461359674613,within_univariate_range
3,103,Alto Antas:P3lag6,6.007205113306208,10864,10864,0,0.0,53.40461359674613,within_univariate_range
3,104,Alto Antas:P3lag12,31.36188262637996,10864,10862,2,0.0,53.40461359674613,within_univariate_range
3,105,Tainhas:P1,7.3792349726775335,10864,10790,74,0.0,28.33442622950825,within_univariate_range
3,106,Tainhas:C1,1.0,10864,10864,0,0.15846994535519127,1.0,within_univariate_range
3,107,Tainhas:P3,26.92513661202169,10864,10859,5,0.0,28.974316939890905,within_univariate_range
3,108,Tainhas:C3,1.0,10864,10864,0,0.31079234972677594,1.0,within_univariate_range
3,109,Tainhas:P6,30.68251366120226,10864,10864,0,0.0,34.85191256830629,within_univariate_range
3,110,Tainhas:C6,1.0,10864,10864,0,0.5374544626593807,1.0,within_univariate_range
3,111,Tainhas:P12,54.77213114754012,10864,10864,0,0.0,47.25191256830604,above_training_max
3,112,Tainhas:C12,1.0,10864,10864,0,0.644808743169399,1.0,within_univariate_range
3,113,Tainhas:P24,151.28142076502618,10864,10862,2,0.0,75.29672131147566,above_training_max
3,114,Tainhas:C24,1.0,10864,10864,0,0.41897199453551914,1.0,within_univariate_range
3,115,Tainhas:P48,170.17267759562742,10864,10850,14,0.0,92.33934426229328,above_training_max
3,116,Tainhas:C48,1.0,10864,10864,0,0.20948599726775957,1.0,within_univariate_range
3,117,Tainhas:P3lag3,3.7573770491805734,10864,10858,6,0.0,33.38743169398929,within_univariate_range
3,118,Tainhas:P3lag6,5.013661202185409,10864,10858,6,0.0,34.57759562841552,within_univariate_range
3,119,Tainhas:P3lag12,58.19562841530027,10864,10858,6,0.0,34.57759562841552,above_training_max
3,120,gfs_seamless:Baixo Antas:forecastP3,0.0,10864,10864,0,0.0,55.0,within_univariate_range
3,121,gfs_seamless:Baixo Antas:forecastP6,0.0,10864,10864,0,0.0,70.6,within_univariate_range
3,122,gfs_seamless:Baixo Antas:forecastP9,0.0,10864,10864,0,0.0,85.3,within_univariate_range
3,123,gfs_seamless:Baixo Antas:forecastP12,0.0,10864,10864,0,0.0,100.19999999999999,within_univariate_range
3,124,gfs_seamless:Carreiro:forecastP3,0.0,10864,10864,0,0.0,42.900000000000006,within_univariate_range
3,125,gfs_seamless:Carreiro:forecastP6,0.0,10864,10864,0,0.0,55.7,within_univariate_range
3,126,gfs_seamless:Carreiro:forecastP9,0.0,10864,10864,0,0.0,71.6,within_univariate_range
3,127,gfs_seamless:Carreiro:forecastP12,0.0,10864,10864,0,0.0,88.8,within_univariate_range
3,128,gfs_seamless:Prata-Turvo:forecastP3,0.0,10864,10864,0,0.0,41.6,within_univariate_range
3,129,gfs_seamless:Prata-Turvo:forecastP6,0.0,10864,10864,0,0.0,56.8,within_univariate_range
3,130,gfs_seamless:Prata-Turvo:forecastP9,0.0,10864,10864,0,0.0,71.1,within_univariate_range
3,131,gfs_seamless:Prata-Turvo:forecastP12,0.0,10864,10864,0,0.0,76.89999999999999,within_univariate_range
3,132,gfs_seamless:Alto Antas:forecastP3,0.0,10864,10864,0,0.0,61.7,within_univariate_range
3,133,gfs_seamless:Alto Antas:forecastP6,0.0,10864,10864,0,0.0,74.9,within_univariate_range
3,134,gfs_seamless:Alto Antas:forecastP9,0.0,10864,10864,0,0.0,84.1,within_univariate_range
3,135,gfs_seamless:Alto Antas:forecastP12,0.0,10864,10864,0,0.0,84.8,within_univariate_range
3,136,gfs_seamless:Tainhas:forecastP3,0.0,10864,10864,0,0.0,63.2,within_univariate_range
3,137,gfs_seamless:Tainhas:forecastP6,0.0,10864,10864,0,0.0,71.2,within_univariate_range
3,138,gfs_seamless:Tainhas:forecastP9,0.0,10864,10864,0,0.0,83.2,within_univariate_range
3,139,gfs_seamless:Tainhas:forecastP12,0.0,10864,10864,0,0.0,86.1,within_univariate_range
3,140,ecmwf_ifs025:Baixo Antas:forecastP3,0.0,10864,10864,0,0.0,24.0,within_univariate_range
3,141,ecmwf_ifs025:Baixo Antas:forecastP6,0.0,10864,10864,0,0.0,42.0,within_univariate_range
3,142,ecmwf_ifs025:Baixo Antas:forecastP9,0.0,10864,10864,0,0.0,53.699999999999996,within_univariate_range
3,143,ecmwf_ifs025:Baixo Antas:forecastP12,0.0,10864,10864,0,0.0,68.69999999999999,within_univariate_range
3,144,ecmwf_ifs025:Carreiro:forecastP3,0.0,10864,10864,0,0.0,22.799999999999997,within_univariate_range
3,145,ecmwf_ifs025:Carreiro:forecastP6,0.0,10864,10864,0,0.0,43.8,within_univariate_range
3,146,ecmwf_ifs025:Carreiro:forecastP9,0.0,10864,10864,0,0.0,57.300000000000004,within_univariate_range
3,147,ecmwf_ifs025:Carreiro:forecastP12,0.0,10864,10864,0,0.0,69.9,within_univariate_range
3,148,ecmwf_ifs025:Prata-Turvo:forecastP3,0.0,10864,10864,0,0.0,29.400000000000002,within_univariate_range
3,149,ecmwf_ifs025:Prata-Turvo:forecastP6,0.0,10864,10864,0,0.0,48.6,within_univariate_range
3,150,ecmwf_ifs025:Prata-Turvo:forecastP9,0.0,10864,10864,0,0.0,73.2,within_univariate_range
3,151,ecmwf_ifs025:Prata-Turvo:forecastP12,0.0,10864,10864,0,0.0,86.7,within_univariate_range
3,152,ecmwf_ifs025:Alto Antas:forecastP3,0.0,10864,10864,0,0.0,19.799999999999997,within_univariate_range
3,153,ecmwf_ifs025:Alto Antas:forecastP6,0.0,10864,10864,0,0.0,30.6,within_univariate_range
3,154,ecmwf_ifs025:Alto Antas:forecastP9,0.0,10864,10864,0,0.0,44.699999999999996,within_univariate_range
3,155,ecmwf_ifs025:Alto Antas:forecastP12,0.0,10864,10864,0,0.0,52.2,within_univariate_range
3,156,ecmwf_ifs025:Tainhas:forecastP3,0.0,10864,10864,0,0.0,24.599999999999998,within_univariate_range
3,157,ecmwf_ifs025:Tainhas:forecastP6,0.0,10864,10864,0,0.0,41.7,within_univariate_range
3,158,ecmwf_ifs025:Tainhas:forecastP9,0.0,10864,10864,0,0.0,53.7,within_univariate_range
3,159,ecmwf_ifs025:Tainhas:forecastP12,0.0,10864,10864,0,0.0,65.1,within_univariate_range
3,160,icon_global:Baixo Antas:forecastP3,0.0,10864,10785,79,0.0,46.4,within_univariate_range
3,161,icon_global:Baixo Antas:forecastP6,0.0,10864,10782,82,0.0,51.7,within_univariate_range
3,162,icon_global:Baixo Antas:forecastP9,0.0,10864,10779,85,0.0,64.89999999999999,within_univariate_range
3,163,icon_global:Baixo Antas:forecastP12,0.0,10864,10776,88,0.0,77.79999999999998,within_univariate_range
3,164,icon_global:Carreiro:forecastP3,0.0,10864,10785,79,0.0,45.9,within_univariate_range
3,165,icon_global:Carreiro:forecastP6,0.0,10864,10782,82,0.0,65.80000000000001,within_univariate_range
3,166,icon_global:Carreiro:forecastP9,0.0,10864,10779,85,0.0,71.80000000000001,within_univariate_range
3,167,icon_global:Carreiro:forecastP12,0.0,10864,10776,88,0.0,77.4,within_univariate_range
3,168,icon_global:Prata-Turvo:forecastP3,0.0,10864,10785,79,0.0,40.0,within_univariate_range
3,169,icon_global:Prata-Turvo:forecastP6,0.0,10864,10782,82,0.0,55.099999999999994,within_univariate_range
3,170,icon_global:Prata-Turvo:forecastP9,0.0,10864,10779,85,0.0,58.199999999999996,within_univariate_range
3,171,icon_global:Prata-Turvo:forecastP12,0.0,10864,10776,88,0.0,60.400000000000006,within_univariate_range
3,172,icon_global:Alto Antas:forecastP3,0.0,10864,10785,79,0.0,38.8,within_univariate_range
3,173,icon_global:Alto Antas:forecastP6,0.0,10864,10782,82,0.0,55.599999999999994,within_univariate_range
3,174,icon_global:Alto Antas:forecastP9,0.0,10864,10779,85,0.0,63.7,within_univariate_range
3,175,icon_global:Alto Antas:forecastP12,0.0,10864,10776,88,0.0,69.69999999999999,within_univariate_range
3,176,icon_global:Tainhas:forecastP3,0.0,10864,10785,79,0.0,43.0,within_univariate_range
3,177,icon_global:Tainhas:forecastP6,0.0,10864,10782,82,0.0,59.9,within_univariate_range
3,178,icon_global:Tainhas:forecastP9,0.0,10864,10779,85,0.0,63.8,within_univariate_range
3,179,icon_global:Tainhas:forecastP12,0.0,10864,10776,88,0.0,73.6,within_univariate_range
4,0,86510000:H,17.45,10855,10855,0,0.81,15.3,above_training_max
4,1,86510000:dH0.5,0.5,10855,10855,0,-0.4399999999999995,1.1000000000000014,within_univariate_range
4,2,86510000:dH1,0.5399999999999991,10855,10855,0,-0.3899999999999997,1.0299999999999994,within_univariate_range
4,3,86510000:dH2,0.5649999999999995,10855,10855,0,-0.38500000000000023,1.005,within_univariate_range
4,4,86510000:dH4,0.5874999999999999,10855,10855,0,-0.32499999999999973,0.9175000000000002,within_univariate_range
4,5,86510000:dH8,0.78375,10855,10855,0,-0.30625000000000013,0.8225,within_univariate_range
4,6,86472000:H,19.95,10855,10855,0,2.49,15.94,above_training_max
4,7,86472000:dH0.5,0.7999999999999972,10855,10855,0,-0.8399999999999999,1.379999999999999,within_univariate_range
4,8,86472000:dH1,0.5700000000000003,10855,10855,0,-0.7599999999999998,1.2400000000000002,within_univariate_range
4,9,86472000:dH2,0.7149999999999999,10855,10855,0,-0.5800000000000001,1.1099999999999999,within_univariate_range
4,10,86472000:dH4,0.8149999999999995,10855,10855,0,-0.39250000000000007,0.875,within_univariate_range
4,11,86472000:dH8,0.7974999999999999,10855,10855,0,-0.2975000000000001,0.7512499999999999,above_training_max
4,12,86472600:H,16.52,10855,10855,0,1.1,13.36,above_training_max
4,13,86472600:dH0.5,0.5799999999999983,10855,10855,0,-0.4599999999999991,1.1799999999999997,within_univariate_range
4,14,86472600:dH1,0.6199999999999992,10855,10855,0,-0.4499999999999993,1.1199999999999997,within_univariate_range
4,15,86472600:dH2,0.6949999999999994,10855,10855,0,-0.4099999999999997,0.9349999999999998,within_univariate_range
4,16,86472600:dH4,0.7399999999999998,10855,10855,0,-0.3025,0.7350000000000001,above_training_max
4,17,86472600:dH8,0.6824999999999999,10855,10855,0,-0.24124999999999996,0.6699999999999999,above_training_max
4,18,86500000:H,4.332,10855,10855,0,0.6,7.917999999999999,within_univariate_range
4,19,86500000:dH0.5,-0.16000000000000014,10855,10855,0,-1.42,2.3599999999999994,within_univariate_range
4,20,86500000:dH1,-0.16199999999999992,10855,10855,0,-0.8700000000000001,1.3860000000000001,within_univariate_range
4,21,86500000:dH2,-0.15549999999999997,10855,10855,0,-0.605,1.0565000000000002,within_univariate_range
4,22,86500000:dH4,-0.16874999999999996,10855,10855,0,-0.345,0.6527499999999999,within_univariate_range
4,23,86500000:dH8,-0.11312500000000003,10855,10855,0,-0.190125,0.45875000000000005,within_univariate_range
4,24,julho:Q06,4.41758738252053,10855,10855,0,0.09273681166560854,2.9733108475315086,above_training_max
4,25,julho:Q,11.893469999999999,10855,10855,0,0.019,6.148,above_training_max
4,26,julho:I,11.76458,10855,10855,0,0.0,6.195,above_training_max
4,27,julho:dQ1,0.2153217022654621,10855,10855,0,-0.4140417273808631,0.41879285426389345,within_univariate_range
4,28,julho:dQ2,0.1430534591318091,10855,10855,0,-0.21325133678655214,0.3337655907298394,within_univariate_range
4,29,julho:dQ4,0.21924634921225283,10855,10855,0,-0.10938639078412082,0.23257240411926003,within_univariate_range
4,30,julho:dQ8,0.24786370843751632,10855,10855,0,-0.06771036061987953,0.1719696243110594,above_training_max
4,31,monte:Q06,4.29555995959544,10855,10855,0,0.046439843790034595,2.9190073129260052,above_training_max
4,32,monte:Q,11.35097,10855,10855,0,0.006,5.962,above_training_max
4,33,monte:I,11.27597,10855,10855,0,0.0,5.97,above_training_max
4,34,monte:dQ1,-0.06749001110359298,10855,10855,0,-0.48474221983946675,0.3523021957686533,within_univariate_range
4,35,monte:dQ2,-0.050660267650707524,10855,10855,0,-0.24989492264228616,0.22600906566502732,within_univariate_range
4,36,monte:dQ4,0.04746846068798827,10855,10855,0,-0.1046341700799688,0.17117075236796586,within_univariate_range
4,37,monte:dQ8,0.19962397131723225,10855,10855,0,-0.058709426001571946,0.14966588913001427,above_training_max
4,38,castro:Q06,3.331888169957615,10855,10855,0,0.08365116420730187,2.3183542274418922,above_training_max
4,39,castro:Q,7.4327700000000005,10855,10855,0,0.016,4.061,above_training_max
4,40,castro:I,7.10705,10855,10855,0,0.001,4.105,above_training_max
4,41,castro:dQ1,-0.08451607848609566,10855,10855,0,-0.25747399961996087,0.2191084924735245,within_univariate_range
4,42,castro:dQ2,-0.09611384312323468,10855,10855,0,-0.1305422384563114,0.14313986561357062,within_univariate_range
4,43,castro:dQ4,-0.09542390880479967,10855,10855,0,-0.06571096584058289,0.12053050738453186,below_training_min
4,44,castro:dQ8,0.09329007003595974,10855,10855,0,-0.05991768005597145,0.12050576459435042,within_univariate_range
4,45,Baixo Antas:P1,0.7219653179191743,10855,10855,0,0.0,11.990751445086655,within_univariate_range
4,46,Baixo Antas:C1,0.9999999999999999,10855,10855,0,0.5057803468208093,0.9999999999999999,within_univariate_range
4,47,Baixo Antas:P3,1.2664739884393281,10855,10855,0,0.0,24.46502890173408,within_univariate_range
4,48,Baixo Antas:C3,0.9999999999999999,10855,10855,0,0.5958574181117534,0.9999999999999999,within_univariate_range
4,49,Baixo Antas:P6,3.1445086705202954,10855,10855,0,0.0,46.85289017341028,within_univariate_range
4,50,Baixo Antas:C6,0.9999999999999999,10855,10855,0,0.6712427745664741,0.9999999999999999,within_univariate_range
4,51,Baixo Antas:P12,36.060115606936144,10855,10855,0,0.0,68.23988439306346,within_univariate_range
4,52,Baixo Antas:C12,0.9999999999999999,10855,10855,0,0.708092485549133,0.9999999999999999,within_univariate_range
4,53,Baixo Antas:P24,135.29017341040426,10855,10855,0,0.0,108.35722543352557,above_training_max
4,54,Baixo Antas:C24,0.9999999999999999,10855,10855,0,0.5926962909441232,0.9999999999999999,within_univariate_range
4,55,Baixo Antas:P48,150.8381502890167,10855,10845,10,0.0,163.44277456647404,within_univariate_range
4,56,Baixo Antas:C48,0.9999999999999999,10855,10855,0,0.2963481454720616,0.9999999999999999,within_univariate_range
4,57,Baixo Antas:P3lag3,1.878034682080967,10855,10855,0,0.0,24.46502890173408,within_univariate_range
4,58,Baixo Antas:P3lag6,7.195375722543157,10855,10855,0,0.0,24.46502890173408,within_univariate_range
4,59,Baixo Antas:P3lag12,47.55260115606937,10855,10855,0,0.0,24.46502890173408,above_training_max
4,60,Carreiro:P1,0.03962558502340037,10855,10223,632,0.0,18.33510140405621,within_univariate_range
4,61,Carreiro:C1,1.0,10855,10855,0,0.07683307332293292,1.0,within_univariate_range
4,62,Carreiro:P3,0.062090483619323775,10855,10263,592,0.0,33.95967238689533,within_univariate_range
4,63,Carreiro:C3,0.9802392095683827,10855,10855,0,0.10413416536661467,1.0,within_univariate_range
4,64,Carreiro:P6,0.8230889235568302,10855,10292,563,0.0,53.24430577223099,within_univariate_range
4,65,Carreiro:C6,0.9802392095683827,10855,10855,0,0.10588923556942278,1.0,within_univariate_range
4,66,Carreiro:P12,20.975351014040235,10855,10327,528,0.0,65.47223088923546,within_univariate_range
4,67,Carreiro:C12,0.9901196047841914,10855,10855,0,0.10676677067082685,1.0,within_univariate_range
4,68,Carreiro:P24,60.563806552261624,10855,10414,441,0.0,96.96081123244942,within_univariate_range
4,69,Carreiro:C24,0.9703588143525741,10855,10855,0,0.2641868174726989,0.999561232449298,within_univariate_range
4,70,Carreiro:P48,67.46408736349406,10855,10511,344,0.0,128.71232449297975,within_univariate_range
4,71,Carreiro:C48,0.9724063962558502,10855,10855,0,0.30894110764430577,0.999780616224649,within_univariate_range
4,72,Carreiro:P3lag3,0.7609984399375064,10855,10264,591,0.0,33.95967238689533,within_univariate_range
4,73,Carreiro:P3lag6,0.5310452418096151,10855,10265,590,0.0,33.95967238689533,within_univariate_range
4,74,Carreiro:P3lag12,34.291419656786175,10855,10267,588,0.0,33.95967238689533,above_training_max
4,75,Prata-Turvo:P1,5.042466240227422,10855,10854,1,0.0,15.32133972992182,within_univariate_range
4,76,Prata-Turvo:C1,0.9967128642501777,10855,10855,0,0.4924484719260838,1.0,within_univariate_range
4,77,Prata-Turvo:P3,5.242430703624629,10855,10855,0,0.0,33.68379530916843,within_univariate_range
4,78,Prata-Turvo:C3,0.9989042880833927,10855,10855,0,0.5614487088367687,1.0,within_univariate_range
4,79,Prata-Turvo:P6,7.05522388059674,10855,10855,0,0.0,48.720895522388034,within_univariate_range
4,80,Prata-Turvo:C6,0.9994521440416964,10855,10855,0,0.7114279791518597,1.0,within_univariate_range
4,81,Prata-Turvo:P12,49.96545842217444,10855,10855,0,0.0,71.59040511727078,within_univariate_range
4,82,Prata-Turvo:C12,0.9997260720208483,10855,10855,0,0.7505330490405118,1.0,within_univariate_range
4,83,Prata-Turvo:P24,67.40021321961585,10855,10855,0,0.0,102.81648898365322,within_univariate_range
4,84,Prata-Turvo:C24,0.9967535832741057,10855,10855,0,0.5263859275053304,1.0,within_univariate_range
4,85,Prata-Turvo:P48,78.48891257995679,10855,10843,12,0.0,138.82686567164174,within_univariate_range
4,86,Prata-Turvo:C48,0.9968220652688937,10855,10855,0,0.2631929637526652,1.0,within_univariate_range
4,87,Prata-Turvo:P3lag3,1.812793176972111,10855,10855,0,0.0,33.68379530916843,within_univariate_range
4,88,Prata-Turvo:P3lag6,1.291044776119274,10855,10855,0,0.0,33.68379530916843,within_univariate_range
4,89,Prata-Turvo:P3lag12,16.434754797441393,10855,10855,0,0.0,33.68379530916843,within_univariate_range
4,90,Alto Antas:P1,10.764710439666858,10855,10855,0,0.0,20.9462599263994,within_univariate_range
4,91,Alto Antas:C1,0.9989734650397055,10855,10855,0,0.5447414294015107,0.9989734650397055,within_univariate_range
4,92,Alto Antas:P3,27.095409645554856,10855,10855,0,0.0,53.40461359674613,within_univariate_range
4,93,Alto Antas:C3,0.9996578216799018,10855,10855,0,0.6016850668216153,0.9996578216799018,within_univariate_range
4,94,Alto Antas:P6,28.836025566531067,10855,10855,0,0.0,101.60650784427672,within_univariate_range
4,95,Alto Antas:C6,0.9998289108399508,10855,10855,0,0.6170572664471561,0.9998289108399508,within_univariate_range
4,96,Alto Antas:P12,54.02963393375934,10855,10855,0,0.0,200.1177222545035,within_univariate_range
4,97,Alto Antas:C12,0.9880511976241204,10855,10855,0,0.5920734069339532,0.9999144554199755,within_univariate_range
4,98,Alto Antas:P24,110.02173155142346,10855,10851,4,0.0,395.6619407321328,within_univariate_range
4,99,Alto Antas:C24,0.9940255988120602,10855,10855,0,0.3479505616889405,0.9999572277099877,within_univariate_range
4,100,Alto Antas:P48,128.34549680418323,10855,10838,17,0.0,765.0417199302739,within_univariate_range
4,101,Alto Antas:C48,0.9910811705081025,10855,10855,0,0.17397528084447025,0.9999786138549939,within_univariate_range
4,102,Alto Antas:P3lag3,1.7406159209762102,10855,10855,0,0.0,53.40461359674613,within_univariate_range
4,103,Alto Antas:P3lag6,6.007205113306208,10855,10855,0,0.0,53.40461359674613,within_univariate_range
4,104,Alto Antas:P3lag12,31.36188262637996,10855,10853,2,0.0,53.40461359674613,within_univariate_range
4,105,Tainhas:P1,7.3792349726775335,10855,10781,74,0.0,28.33442622950825,within_univariate_range
4,106,Tainhas:C1,1.0,10855,10855,0,0.15846994535519127,1.0,within_univariate_range
4,107,Tainhas:P3,26.92513661202169,10855,10850,5,0.0,28.974316939890905,within_univariate_range
4,108,Tainhas:C3,1.0,10855,10855,0,0.31079234972677594,1.0,within_univariate_range
4,109,Tainhas:P6,30.68251366120226,10855,10855,0,0.0,34.85191256830629,within_univariate_range
4,110,Tainhas:C6,1.0,10855,10855,0,0.5374544626593807,1.0,within_univariate_range
4,111,Tainhas:P12,54.77213114754012,10855,10855,0,0.0,47.25191256830604,above_training_max
4,112,Tainhas:C12,1.0,10855,10855,0,0.644808743169399,1.0,within_univariate_range
4,113,Tainhas:P24,151.28142076502618,10855,10853,2,0.0,75.29672131147566,above_training_max
4,114,Tainhas:C24,1.0,10855,10855,0,0.41897199453551914,1.0,within_univariate_range
4,115,Tainhas:P48,170.17267759562742,10855,10841,14,0.0,92.33934426229328,above_training_max
4,116,Tainhas:C48,1.0,10855,10855,0,0.20948599726775957,1.0,within_univariate_range
4,117,Tainhas:P3lag3,3.7573770491805734,10855,10849,6,0.0,33.38743169398929,within_univariate_range
4,118,Tainhas:P3lag6,5.013661202185409,10855,10849,6,0.0,34.57759562841552,within_univariate_range
4,119,Tainhas:P3lag12,58.19562841530027,10855,10849,6,0.0,34.57759562841552,above_training_max
4,120,gfs_seamless:Baixo Antas:forecastP3,0.0,10855,10855,0,0.0,55.0,within_univariate_range
4,121,gfs_seamless:Baixo Antas:forecastP6,0.0,10855,10855,0,0.0,70.6,within_univariate_range
4,122,gfs_seamless:Baixo Antas:forecastP9,0.0,10855,10855,0,0.0,85.3,within_univariate_range
4,123,gfs_seamless:Baixo Antas:forecastP12,0.0,10855,10855,0,0.0,100.19999999999999,within_univariate_range
4,124,gfs_seamless:Carreiro:forecastP3,0.0,10855,10855,0,0.0,42.900000000000006,within_univariate_range
4,125,gfs_seamless:Carreiro:forecastP6,0.0,10855,10855,0,0.0,55.7,within_univariate_range
4,126,gfs_seamless:Carreiro:forecastP9,0.0,10855,10855,0,0.0,71.6,within_univariate_range
4,127,gfs_seamless:Carreiro:forecastP12,0.0,10855,10855,0,0.0,88.8,within_univariate_range
4,128,gfs_seamless:Prata-Turvo:forecastP3,0.0,10855,10855,0,0.0,41.6,within_univariate_range
4,129,gfs_seamless:Prata-Turvo:forecastP6,0.0,10855,10855,0,0.0,56.8,within_univariate_range
4,130,gfs_seamless:Prata-Turvo:forecastP9,0.0,10855,10855,0,0.0,71.1,within_univariate_range
4,131,gfs_seamless:Prata-Turvo:forecastP12,0.0,10855,10855,0,0.0,76.89999999999999,within_univariate_range
4,132,gfs_seamless:Alto Antas:forecastP3,0.0,10855,10855,0,0.0,61.7,within_univariate_range
4,133,gfs_seamless:Alto Antas:forecastP6,0.0,10855,10855,0,0.0,74.9,within_univariate_range
4,134,gfs_seamless:Alto Antas:forecastP9,0.0,10855,10855,0,0.0,84.1,within_univariate_range
4,135,gfs_seamless:Alto Antas:forecastP12,0.0,10855,10855,0,0.0,84.8,within_univariate_range
4,136,gfs_seamless:Tainhas:forecastP3,0.0,10855,10855,0,0.0,63.2,within_univariate_range
4,137,gfs_seamless:Tainhas:forecastP6,0.0,10855,10855,0,0.0,71.2,within_univariate_range
4,138,gfs_seamless:Tainhas:forecastP9,0.0,10855,10855,0,0.0,83.2,within_univariate_range
4,139,gfs_seamless:Tainhas:forecastP12,0.0,10855,10855,0,0.0,86.1,within_univariate_range
4,140,ecmwf_ifs025:Baixo Antas:forecastP3,0.0,10855,10855,0,0.0,24.0,within_univariate_range
4,141,ecmwf_ifs025:Baixo Antas:forecastP6,0.0,10855,10855,0,0.0,42.0,within_univariate_range
4,142,ecmwf_ifs025:Baixo Antas:forecastP9,0.0,10855,10855,0,0.0,53.699999999999996,within_univariate_range
4,143,ecmwf_ifs025:Baixo Antas:forecastP12,0.0,10855,10855,0,0.0,68.69999999999999,within_univariate_range
4,144,ecmwf_ifs025:Carreiro:forecastP3,0.0,10855,10855,0,0.0,22.799999999999997,within_univariate_range
4,145,ecmwf_ifs025:Carreiro:forecastP6,0.0,10855,10855,0,0.0,43.8,within_univariate_range
4,146,ecmwf_ifs025:Carreiro:forecastP9,0.0,10855,10855,0,0.0,57.300000000000004,within_univariate_range
4,147,ecmwf_ifs025:Carreiro:forecastP12,0.0,10855,10855,0,0.0,69.9,within_univariate_range
4,148,ecmwf_ifs025:Prata-Turvo:forecastP3,0.0,10855,10855,0,0.0,29.400000000000002,within_univariate_range
4,149,ecmwf_ifs025:Prata-Turvo:forecastP6,0.0,10855,10855,0,0.0,48.6,within_univariate_range
4,150,ecmwf_ifs025:Prata-Turvo:forecastP9,0.0,10855,10855,0,0.0,73.2,within_univariate_range
4,151,ecmwf_ifs025:Prata-Turvo:forecastP12,0.0,10855,10855,0,0.0,86.7,within_univariate_range
4,152,ecmwf_ifs025:Alto Antas:forecastP3,0.0,10855,10855,0,0.0,19.799999999999997,within_univariate_range
4,153,ecmwf_ifs025:Alto Antas:forecastP6,0.0,10855,10855,0,0.0,30.6,within_univariate_range
4,154,ecmwf_ifs025:Alto Antas:forecastP9,0.0,10855,10855,0,0.0,44.699999999999996,within_univariate_range
4,155,ecmwf_ifs025:Alto Antas:forecastP12,0.0,10855,10855,0,0.0,52.2,within_univariate_range
4,156,ecmwf_ifs025:Tainhas:forecastP3,0.0,10855,10855,0,0.0,24.599999999999998,within_univariate_range
4,157,ecmwf_ifs025:Tainhas:forecastP6,0.0,10855,10855,0,0.0,41.7,within_univariate_range
4,158,ecmwf_ifs025:Tainhas:forecastP9,0.0,10855,10855,0,0.0,53.7,within_univariate_range
4,159,ecmwf_ifs025:Tainhas:forecastP12,0.0,10855,10855,0,0.0,65.1,within_univariate_range
4,160,icon_global:Baixo Antas:forecastP3,0.0,10855,10776,79,0.0,46.4,within_univariate_range
4,161,icon_global:Baixo Antas:forecastP6,0.0,10855,10773,82,0.0,51.7,within_univariate_range
4,162,icon_global:Baixo Antas:forecastP9,0.0,10855,10770,85,0.0,64.89999999999999,within_univariate_range
4,163,icon_global:Baixo Antas:forecastP12,0.0,10855,10767,88,0.0,77.79999999999998,within_univariate_range
4,164,icon_global:Carreiro:forecastP3,0.0,10855,10776,79,0.0,45.9,within_univariate_range
4,165,icon_global:Carreiro:forecastP6,0.0,10855,10773,82,0.0,65.80000000000001,within_univariate_range
4,166,icon_global:Carreiro:forecastP9,0.0,10855,10770,85,0.0,71.80000000000001,within_univariate_range
4,167,icon_global:Carreiro:forecastP12,0.0,10855,10767,88,0.0,77.4,within_univariate_range
4,168,icon_global:Prata-Turvo:forecastP3,0.0,10855,10776,79,0.0,40.0,within_univariate_range
4,169,icon_global:Prata-Turvo:forecastP6,0.0,10855,10773,82,0.0,55.099999999999994,within_univariate_range
4,170,icon_global:Prata-Turvo:forecastP9,0.0,10855,10770,85,0.0,58.199999999999996,within_univariate_range
4,171,icon_global:Prata-Turvo:forecastP12,0.0,10855,10767,88,0.0,60.400000000000006,within_univariate_range
4,172,icon_global:Alto Antas:forecastP3,0.0,10855,10776,79,0.0,38.8,within_univariate_range
4,173,icon_global:Alto Antas:forecastP6,0.0,10855,10773,82,0.0,55.599999999999994,within_univariate_range
4,174,icon_global:Alto Antas:forecastP9,0.0,10855,10770,85,0.0,63.7,within_univariate_range
4,175,icon_global:Alto Antas:forecastP12,0.0,10855,10767,88,0.0,69.69999999999999,within_univariate_range
4,176,icon_global:Tainhas:forecastP3,0.0,10855,10776,79,0.0,43.0,within_univariate_range
4,177,icon_global:Tainhas:forecastP6,0.0,10855,10773,82,0.0,59.9,within_univariate_range
4,178,icon_global:Tainhas:forecastP9,0.0,10855,10770,85,0.0,63.8,within_univariate_range
4,179,icon_global:Tainhas:forecastP12,0.0,10855,10767,88,0.0,73.6,within_univariate_range
5,0,86510000:H,17.45,10855,10855,0,0.81,15.3,above_training_max
5,1,86510000:dH0.5,0.5,10855,10855,0,-0.4399999999999995,1.1000000000000014,within_univariate_range
5,2,86510000:dH1,0.5399999999999991,10855,10855,0,-0.3899999999999997,1.0299999999999994,within_univariate_range
5,3,86510000:dH2,0.5649999999999995,10855,10855,0,-0.38500000000000023,1.005,within_univariate_range
5,4,86510000:dH4,0.5874999999999999,10855,10855,0,-0.32499999999999973,0.9175000000000002,within_univariate_range
5,5,86510000:dH8,0.78375,10855,10855,0,-0.30625000000000013,0.8225,within_univariate_range
5,6,86472000:H,19.95,10855,10855,0,2.49,15.94,above_training_max
5,7,86472000:dH0.5,0.7999999999999972,10855,10855,0,-0.8399999999999999,1.379999999999999,within_univariate_range
5,8,86472000:dH1,0.5700000000000003,10855,10855,0,-0.7599999999999998,1.2400000000000002,within_univariate_range
5,9,86472000:dH2,0.7149999999999999,10855,10855,0,-0.5800000000000001,1.1099999999999999,within_univariate_range
5,10,86472000:dH4,0.8149999999999995,10855,10855,0,-0.39250000000000007,0.875,within_univariate_range
5,11,86472000:dH8,0.7974999999999999,10855,10855,0,-0.2975000000000001,0.7512499999999999,above_training_max
5,12,86472600:H,16.52,10855,10855,0,1.1,13.36,above_training_max
5,13,86472600:dH0.5,0.5799999999999983,10855,10855,0,-0.4599999999999991,1.1799999999999997,within_univariate_range
5,14,86472600:dH1,0.6199999999999992,10855,10855,0,-0.4499999999999993,1.1199999999999997,within_univariate_range
5,15,86472600:dH2,0.6949999999999994,10855,10855,0,-0.4099999999999997,0.9349999999999998,within_univariate_range
5,16,86472600:dH4,0.7399999999999998,10855,10855,0,-0.3025,0.7350000000000001,above_training_max
5,17,86472600:dH8,0.6824999999999999,10855,10855,0,-0.24124999999999996,0.6699999999999999,above_training_max
5,18,86500000:H,4.332,10855,10855,0,0.6,7.917999999999999,within_univariate_range
5,19,86500000:dH0.5,-0.16000000000000014,10855,10855,0,-1.42,2.3599999999999994,within_univariate_range
5,20,86500000:dH1,-0.16199999999999992,10855,10855,0,-0.8700000000000001,1.3860000000000001,within_univariate_range
5,21,86500000:dH2,-0.15549999999999997,10855,10855,0,-0.605,1.0565000000000002,within_univariate_range
5,22,86500000:dH4,-0.16874999999999996,10855,10855,0,-0.345,0.6527499999999999,within_univariate_range
5,23,86500000:dH8,-0.11312500000000003,10855,10855,0,-0.190125,0.45875000000000005,within_univariate_range
5,24,julho:Q06,4.41758738252053,10855,10855,0,0.09273681166560854,2.9733108475315086,above_training_max
5,25,julho:Q,11.893469999999999,10855,10855,0,0.019,6.148,above_training_max
5,26,julho:I,11.76458,10855,10855,0,0.0,6.195,above_training_max
5,27,julho:dQ1,0.2153217022654621,10855,10855,0,-0.4140417273808631,0.41879285426389345,within_univariate_range
5,28,julho:dQ2,0.1430534591318091,10855,10855,0,-0.21325133678655214,0.3337655907298394,within_univariate_range
5,29,julho:dQ4,0.21924634921225283,10855,10855,0,-0.10938639078412082,0.23257240411926003,within_univariate_range
5,30,julho:dQ8,0.24786370843751632,10855,10855,0,-0.06771036061987953,0.1719696243110594,above_training_max
5,31,monte:Q06,4.29555995959544,10855,10855,0,0.046439843790034595,2.9190073129260052,above_training_max
5,32,monte:Q,11.35097,10855,10855,0,0.006,5.962,above_training_max
5,33,monte:I,11.27597,10855,10855,0,0.0,5.97,above_training_max
5,34,monte:dQ1,-0.06749001110359298,10855,10855,0,-0.48474221983946675,0.3523021957686533,within_univariate_range
5,35,monte:dQ2,-0.050660267650707524,10855,10855,0,-0.24989492264228616,0.22600906566502732,within_univariate_range
5,36,monte:dQ4,0.04746846068798827,10855,10855,0,-0.1046341700799688,0.17117075236796586,within_univariate_range
5,37,monte:dQ8,0.19962397131723225,10855,10855,0,-0.058709426001571946,0.14966588913001427,above_training_max
5,38,castro:Q06,3.331888169957615,10855,10855,0,0.08365116420730187,2.3183542274418922,above_training_max
5,39,castro:Q,7.4327700000000005,10855,10855,0,0.016,4.061,above_training_max
5,40,castro:I,7.10705,10855,10855,0,0.001,4.105,above_training_max
5,41,castro:dQ1,-0.08451607848609566,10855,10855,0,-0.25747399961996087,0.2191084924735245,within_univariate_range
5,42,castro:dQ2,-0.09611384312323468,10855,10855,0,-0.1305422384563114,0.14313986561357062,within_univariate_range
5,43,castro:dQ4,-0.09542390880479967,10855,10855,0,-0.06571096584058289,0.12053050738453186,below_training_min
5,44,castro:dQ8,0.09329007003595974,10855,10855,0,-0.05991768005597145,0.12050576459435042,within_univariate_range
5,45,Baixo Antas:P1,0.7219653179191743,10855,10855,0,0.0,11.990751445086655,within_univariate_range
5,46,Baixo Antas:C1,0.9999999999999999,10855,10855,0,0.5057803468208093,0.9999999999999999,within_univariate_range
5,47,Baixo Antas:P3,1.2664739884393281,10855,10855,0,0.0,24.46502890173408,within_univariate_range
5,48,Baixo Antas:C3,0.9999999999999999,10855,10855,0,0.5958574181117534,0.9999999999999999,within_univariate_range
5,49,Baixo Antas:P6,3.1445086705202954,10855,10855,0,0.0,46.85289017341028,within_univariate_range
5,50,Baixo Antas:C6,0.9999999999999999,10855,10855,0,0.6712427745664741,0.9999999999999999,within_univariate_range
5,51,Baixo Antas:P12,36.060115606936144,10855,10855,0,0.0,68.23988439306346,within_univariate_range
5,52,Baixo Antas:C12,0.9999999999999999,10855,10855,0,0.708092485549133,0.9999999999999999,within_univariate_range
5,53,Baixo Antas:P24,135.29017341040426,10855,10855,0,0.0,108.35722543352557,above_training_max
5,54,Baixo Antas:C24,0.9999999999999999,10855,10855,0,0.5926962909441232,0.9999999999999999,within_univariate_range
5,55,Baixo Antas:P48,150.8381502890167,10855,10845,10,0.0,163.44277456647404,within_univariate_range
5,56,Baixo Antas:C48,0.9999999999999999,10855,10855,0,0.2963481454720616,0.9999999999999999,within_univariate_range
5,57,Baixo Antas:P3lag3,1.878034682080967,10855,10855,0,0.0,24.46502890173408,within_univariate_range
5,58,Baixo Antas:P3lag6,7.195375722543157,10855,10855,0,0.0,24.46502890173408,within_univariate_range
5,59,Baixo Antas:P3lag12,47.55260115606937,10855,10855,0,0.0,24.46502890173408,above_training_max
5,60,Carreiro:P1,0.03962558502340037,10855,10223,632,0.0,18.33510140405621,within_univariate_range
5,61,Carreiro:C1,1.0,10855,10855,0,0.07683307332293292,1.0,within_univariate_range
5,62,Carreiro:P3,0.062090483619323775,10855,10263,592,0.0,33.95967238689533,within_univariate_range
5,63,Carreiro:C3,0.9802392095683827,10855,10855,0,0.10413416536661467,1.0,within_univariate_range
5,64,Carreiro:P6,0.8230889235568302,10855,10292,563,0.0,53.24430577223099,within_univariate_range
5,65,Carreiro:C6,0.9802392095683827,10855,10855,0,0.10588923556942278,1.0,within_univariate_range
5,66,Carreiro:P12,20.975351014040235,10855,10327,528,0.0,65.47223088923546,within_univariate_range
5,67,Carreiro:C12,0.9901196047841914,10855,10855,0,0.10676677067082685,1.0,within_univariate_range
5,68,Carreiro:P24,60.563806552261624,10855,10414,441,0.0,96.96081123244942,within_univariate_range
5,69,Carreiro:C24,0.9703588143525741,10855,10855,0,0.2641868174726989,0.999561232449298,within_univariate_range
5,70,Carreiro:P48,67.46408736349406,10855,10511,344,0.0,128.71232449297975,within_univariate_range
5,71,Carreiro:C48,0.9724063962558502,10855,10855,0,0.30894110764430577,0.999780616224649,within_univariate_range
5,72,Carreiro:P3lag3,0.7609984399375064,10855,10264,591,0.0,33.95967238689533,within_univariate_range
5,73,Carreiro:P3lag6,0.5310452418096151,10855,10266,589,0.0,33.95967238689533,within_univariate_range
5,74,Carreiro:P3lag12,34.291419656786175,10855,10267,588,0.0,33.95967238689533,above_training_max
5,75,Prata-Turvo:P1,5.042466240227422,10855,10854,1,0.0,15.32133972992182,within_univariate_range
5,76,Prata-Turvo:C1,0.9967128642501777,10855,10855,0,0.4924484719260838,1.0,within_univariate_range
5,77,Prata-Turvo:P3,5.242430703624629,10855,10855,0,0.0,33.68379530916843,within_univariate_range
5,78,Prata-Turvo:C3,0.9989042880833927,10855,10855,0,0.5614487088367687,1.0,within_univariate_range
5,79,Prata-Turvo:P6,7.05522388059674,10855,10855,0,0.0,48.720895522388034,within_univariate_range
5,80,Prata-Turvo:C6,0.9994521440416964,10855,10855,0,0.7114279791518597,1.0,within_univariate_range
5,81,Prata-Turvo:P12,49.96545842217444,10855,10855,0,0.0,71.59040511727078,within_univariate_range
5,82,Prata-Turvo:C12,0.9997260720208483,10855,10855,0,0.7505330490405118,1.0,within_univariate_range
5,83,Prata-Turvo:P24,67.40021321961585,10855,10855,0,0.0,102.81648898365322,within_univariate_range
5,84,Prata-Turvo:C24,0.9967535832741057,10855,10855,0,0.5263859275053304,1.0,within_univariate_range
5,85,Prata-Turvo:P48,78.48891257995679,10855,10843,12,0.0,138.82686567164174,within_univariate_range
5,86,Prata-Turvo:C48,0.9968220652688937,10855,10855,0,0.2631929637526652,1.0,within_univariate_range
5,87,Prata-Turvo:P3lag3,1.812793176972111,10855,10855,0,0.0,33.68379530916843,within_univariate_range
5,88,Prata-Turvo:P3lag6,1.291044776119274,10855,10855,0,0.0,33.68379530916843,within_univariate_range
5,89,Prata-Turvo:P3lag12,16.434754797441393,10855,10855,0,0.0,33.68379530916843,within_univariate_range
5,90,Alto Antas:P1,10.764710439666858,10855,10855,0,0.0,20.9462599263994,within_univariate_range
5,91,Alto Antas:C1,0.9989734650397055,10855,10855,0,0.5447414294015107,0.9989734650397055,within_univariate_range
5,92,Alto Antas:P3,27.095409645554856,10855,10855,0,0.0,53.40461359674613,within_univariate_range
5,93,Alto Antas:C3,0.9996578216799018,10855,10855,0,0.6016850668216153,0.9996578216799018,within_univariate_range
5,94,Alto Antas:P6,28.836025566531067,10855,10855,0,0.0,101.60650784427672,within_univariate_range
5,95,Alto Antas:C6,0.9998289108399508,10855,10855,0,0.6170572664471561,0.9998289108399508,within_univariate_range
5,96,Alto Antas:P12,54.02963393375934,10855,10855,0,0.0,200.1177222545035,within_univariate_range
5,97,Alto Antas:C12,0.9880511976241204,10855,10855,0,0.5920734069339532,0.9999144554199755,within_univariate_range
5,98,Alto Antas:P24,110.02173155142346,10855,10851,4,0.0,395.6619407321328,within_univariate_range
5,99,Alto Antas:C24,0.9940255988120602,10855,10855,0,0.3479505616889405,0.9999572277099877,within_univariate_range
5,100,Alto Antas:P48,128.34549680418323,10855,10838,17,0.0,765.0417199302739,within_univariate_range
5,101,Alto Antas:C48,0.9910811705081025,10855,10855,0,0.17397528084447025,0.9999786138549939,within_univariate_range
5,102,Alto Antas:P3lag3,1.7406159209762102,10855,10855,0,0.0,53.40461359674613,within_univariate_range
5,103,Alto Antas:P3lag6,6.007205113306208,10855,10855,0,0.0,53.40461359674613,within_univariate_range
5,104,Alto Antas:P3lag12,31.36188262637996,10855,10853,2,0.0,53.40461359674613,within_univariate_range
5,105,Tainhas:P1,7.3792349726775335,10855,10781,74,0.0,28.33442622950825,within_univariate_range
5,106,Tainhas:C1,1.0,10855,10855,0,0.15846994535519127,1.0,within_univariate_range
5,107,Tainhas:P3,26.92513661202169,10855,10850,5,0.0,28.974316939890905,within_univariate_range
5,108,Tainhas:C3,1.0,10855,10855,0,0.31079234972677594,1.0,within_univariate_range
5,109,Tainhas:P6,30.68251366120226,10855,10855,0,0.0,34.85191256830629,within_univariate_range
5,110,Tainhas:C6,1.0,10855,10855,0,0.5374544626593807,1.0,within_univariate_range
5,111,Tainhas:P12,54.77213114754012,10855,10855,0,0.0,47.25191256830604,above_training_max
5,112,Tainhas:C12,1.0,10855,10855,0,0.644808743169399,1.0,within_univariate_range
5,113,Tainhas:P24,151.28142076502618,10855,10853,2,0.0,75.29672131147566,above_training_max
5,114,Tainhas:C24,1.0,10855,10855,0,0.41897199453551914,1.0,within_univariate_range
5,115,Tainhas:P48,170.17267759562742,10855,10841,14,0.0,92.33934426229328,above_training_max
5,116,Tainhas:C48,1.0,10855,10855,0,0.20948599726775957,1.0,within_univariate_range
5,117,Tainhas:P3lag3,3.7573770491805734,10855,10849,6,0.0,33.38743169398929,within_univariate_range
5,118,Tainhas:P3lag6,5.013661202185409,10855,10849,6,0.0,34.57759562841552,within_univariate_range
5,119,Tainhas:P3lag12,58.19562841530027,10855,10849,6,0.0,34.57759562841552,above_training_max
5,120,gfs_seamless:Baixo Antas:forecastP3,0.0,10855,10855,0,0.0,55.0,within_univariate_range
5,121,gfs_seamless:Baixo Antas:forecastP6,0.0,10855,10855,0,0.0,70.6,within_univariate_range
5,122,gfs_seamless:Baixo Antas:forecastP9,0.0,10855,10855,0,0.0,85.3,within_univariate_range
5,123,gfs_seamless:Baixo Antas:forecastP12,0.0,10855,10855,0,0.0,100.19999999999999,within_univariate_range
5,124,gfs_seamless:Carreiro:forecastP3,0.0,10855,10855,0,0.0,42.900000000000006,within_univariate_range
5,125,gfs_seamless:Carreiro:forecastP6,0.0,10855,10855,0,0.0,55.7,within_univariate_range
5,126,gfs_seamless:Carreiro:forecastP9,0.0,10855,10855,0,0.0,71.6,within_univariate_range
5,127,gfs_seamless:Carreiro:forecastP12,0.0,10855,10855,0,0.0,88.8,within_univariate_range
5,128,gfs_seamless:Prata-Turvo:forecastP3,0.0,10855,10855,0,0.0,41.6,within_univariate_range
5,129,gfs_seamless:Prata-Turvo:forecastP6,0.0,10855,10855,0,0.0,56.8,within_univariate_range
5,130,gfs_seamless:Prata-Turvo:forecastP9,0.0,10855,10855,0,0.0,71.1,within_univariate_range
5,131,gfs_seamless:Prata-Turvo:forecastP12,0.0,10855,10855,0,0.0,76.89999999999999,within_univariate_range
5,132,gfs_seamless:Alto Antas:forecastP3,0.0,10855,10855,0,0.0,61.7,within_univariate_range
5,133,gfs_seamless:Alto Antas:forecastP6,0.0,10855,10855,0,0.0,74.9,within_univariate_range
5,134,gfs_seamless:Alto Antas:forecastP9,0.0,10855,10855,0,0.0,84.1,within_univariate_range
5,135,gfs_seamless:Alto Antas:forecastP12,0.0,10855,10855,0,0.0,84.8,within_univariate_range
5,136,gfs_seamless:Tainhas:forecastP3,0.0,10855,10855,0,0.0,63.2,within_univariate_range
5,137,gfs_seamless:Tainhas:forecastP6,0.0,10855,10855,0,0.0,71.2,within_univariate_range
5,138,gfs_seamless:Tainhas:forecastP9,0.0,10855,10855,0,0.0,83.2,within_univariate_range
5,139,gfs_seamless:Tainhas:forecastP12,0.0,10855,10855,0,0.0,86.1,within_univariate_range
5,140,ecmwf_ifs025:Baixo Antas:forecastP3,0.0,10855,10855,0,0.0,24.0,within_univariate_range
5,141,ecmwf_ifs025:Baixo Antas:forecastP6,0.0,10855,10855,0,0.0,42.0,within_univariate_range
5,142,ecmwf_ifs025:Baixo Antas:forecastP9,0.0,10855,10855,0,0.0,53.699999999999996,within_univariate_range
5,143,ecmwf_ifs025:Baixo Antas:forecastP12,0.0,10855,10855,0,0.0,68.69999999999999,within_univariate_range
5,144,ecmwf_ifs025:Carreiro:forecastP3,0.0,10855,10855,0,0.0,22.799999999999997,within_univariate_range
5,145,ecmwf_ifs025:Carreiro:forecastP6,0.0,10855,10855,0,0.0,43.8,within_univariate_range
5,146,ecmwf_ifs025:Carreiro:forecastP9,0.0,10855,10855,0,0.0,57.300000000000004,within_univariate_range
5,147,ecmwf_ifs025:Carreiro:forecastP12,0.0,10855,10855,0,0.0,69.9,within_univariate_range
5,148,ecmwf_ifs025:Prata-Turvo:forecastP3,0.0,10855,10855,0,0.0,29.400000000000002,within_univariate_range
5,149,ecmwf_ifs025:Prata-Turvo:forecastP6,0.0,10855,10855,0,0.0,48.6,within_univariate_range
5,150,ecmwf_ifs025:Prata-Turvo:forecastP9,0.0,10855,10855,0,0.0,73.2,within_univariate_range
5,151,ecmwf_ifs025:Prata-Turvo:forecastP12,0.0,10855,10855,0,0.0,86.7,within_univariate_range
5,152,ecmwf_ifs025:Alto Antas:forecastP3,0.0,10855,10855,0,0.0,19.799999999999997,within_univariate_range
5,153,ecmwf_ifs025:Alto Antas:forecastP6,0.0,10855,10855,0,0.0,30.6,within_univariate_range
5,154,ecmwf_ifs025:Alto Antas:forecastP9,0.0,10855,10855,0,0.0,44.699999999999996,within_univariate_range
5,155,ecmwf_ifs025:Alto Antas:forecastP12,0.0,10855,10855,0,0.0,52.2,within_univariate_range
5,156,ecmwf_ifs025:Tainhas:forecastP3,0.0,10855,10855,0,0.0,24.599999999999998,within_univariate_range
5,157,ecmwf_ifs025:Tainhas:forecastP6,0.0,10855,10855,0,0.0,41.7,within_univariate_range
5,158,ecmwf_ifs025:Tainhas:forecastP9,0.0,10855,10855,0,0.0,53.7,within_univariate_range
5,159,ecmwf_ifs025:Tainhas:forecastP12,0.0,10855,10855,0,0.0,65.1,within_univariate_range
5,160,icon_global:Baixo Antas:forecastP3,0.0,10855,10776,79,0.0,46.4,within_univariate_range
5,161,icon_global:Baixo Antas:forecastP6,0.0,10855,10773,82,0.0,51.7,within_univariate_range
5,162,icon_global:Baixo Antas:forecastP9,0.0,10855,10770,85,0.0,64.89999999999999,within_univariate_range
5,163,icon_global:Baixo Antas:forecastP12,0.0,10855,10767,88,0.0,77.79999999999998,within_univariate_range
5,164,icon_global:Carreiro:forecastP3,0.0,10855,10776,79,0.0,45.9,within_univariate_range
5,165,icon_global:Carreiro:forecastP6,0.0,10855,10773,82,0.0,65.80000000000001,within_univariate_range
5,166,icon_global:Carreiro:forecastP9,0.0,10855,10770,85,0.0,71.80000000000001,within_univariate_range
5,167,icon_global:Carreiro:forecastP12,0.0,10855,10767,88,0.0,77.4,within_univariate_range
5,168,icon_global:Prata-Turvo:forecastP3,0.0,10855,10776,79,0.0,40.0,within_univariate_range
5,169,icon_global:Prata-Turvo:forecastP6,0.0,10855,10773,82,0.0,55.099999999999994,within_univariate_range
5,170,icon_global:Prata-Turvo:forecastP9,0.0,10855,10770,85,0.0,58.199999999999996,within_univariate_range
5,171,icon_global:Prata-Turvo:forecastP12,0.0,10855,10767,88,0.0,60.400000000000006,within_univariate_range
5,172,icon_global:Alto Antas:forecastP3,0.0,10855,10776,79,0.0,38.8,within_univariate_range
5,173,icon_global:Alto Antas:forecastP6,0.0,10855,10773,82,0.0,55.599999999999994,within_univariate_range
5,174,icon_global:Alto Antas:forecastP9,0.0,10855,10770,85,0.0,63.7,within_univariate_range
5,175,icon_global:Alto Antas:forecastP12,0.0,10855,10767,88,0.0,69.69999999999999,within_univariate_range
5,176,icon_global:Tainhas:forecastP3,0.0,10855,10776,79,0.0,43.0,within_univariate_range
5,177,icon_global:Tainhas:forecastP6,0.0,10855,10773,82,0.0,59.9,within_univariate_range
5,178,icon_global:Tainhas:forecastP9,0.0,10855,10770,85,0.0,63.8,within_univariate_range
5,179,icon_global:Tainhas:forecastP12,0.0,10855,10767,88,0.0,73.6,within_univariate_range
6,0,86510000:H,17.45,10852,10852,0,0.81,15.3,above_training_max
6,1,86510000:dH0.5,0.5,10852,10852,0,-0.4399999999999995,1.1000000000000014,within_univariate_range
6,2,86510000:dH1,0.5399999999999991,10852,10852,0,-0.3899999999999997,1.0299999999999994,within_univariate_range
6,3,86510000:dH2,0.5649999999999995,10852,10852,0,-0.38500000000000023,1.005,within_univariate_range
6,4,86510000:dH4,0.5874999999999999,10852,10852,0,-0.32499999999999973,0.9175000000000002,within_univariate_range
6,5,86510000:dH8,0.78375,10852,10852,0,-0.30625000000000013,0.8225,within_univariate_range
6,6,86472000:H,19.95,10852,10852,0,2.49,15.94,above_training_max
6,7,86472000:dH0.5,0.7999999999999972,10852,10852,0,-0.8399999999999999,1.379999999999999,within_univariate_range
6,8,86472000:dH1,0.5700000000000003,10852,10852,0,-0.7599999999999998,1.2400000000000002,within_univariate_range
6,9,86472000:dH2,0.7149999999999999,10852,10852,0,-0.5800000000000001,1.1099999999999999,within_univariate_range
6,10,86472000:dH4,0.8149999999999995,10852,10852,0,-0.39250000000000007,0.875,within_univariate_range
6,11,86472000:dH8,0.7974999999999999,10852,10852,0,-0.2975000000000001,0.7512499999999999,above_training_max
6,12,86472600:H,16.52,10852,10852,0,1.1,13.36,above_training_max
6,13,86472600:dH0.5,0.5799999999999983,10852,10852,0,-0.4599999999999991,1.1799999999999997,within_univariate_range
6,14,86472600:dH1,0.6199999999999992,10852,10852,0,-0.4499999999999993,1.1199999999999997,within_univariate_range
6,15,86472600:dH2,0.6949999999999994,10852,10852,0,-0.4099999999999997,0.9349999999999998,within_univariate_range
6,16,86472600:dH4,0.7399999999999998,10852,10852,0,-0.3025,0.7350000000000001,above_training_max
6,17,86472600:dH8,0.6824999999999999,10852,10852,0,-0.24124999999999996,0.6699999999999999,above_training_max
6,18,86500000:H,4.332,10852,10852,0,0.6,7.917999999999999,within_univariate_range
6,19,86500000:dH0.5,-0.16000000000000014,10852,10852,0,-1.42,2.3599999999999994,within_univariate_range
6,20,86500000:dH1,-0.16199999999999992,10852,10852,0,-0.8700000000000001,1.3860000000000001,within_univariate_range
6,21,86500000:dH2,-0.15549999999999997,10852,10852,0,-0.605,1.0565000000000002,within_univariate_range
6,22,86500000:dH4,-0.16874999999999996,10852,10852,0,-0.345,0.6527499999999999,within_univariate_range
6,23,86500000:dH8,-0.11312500000000003,10852,10852,0,-0.190125,0.45875000000000005,within_univariate_range
6,24,julho:Q06,4.41758738252053,10852,10852,0,0.09273681166560854,2.9733108475315086,above_training_max
6,25,julho:Q,11.893469999999999,10852,10852,0,0.019,6.148,above_training_max
6,26,julho:I,11.76458,10852,10852,0,0.0,6.195,above_training_max
6,27,julho:dQ1,0.2153217022654621,10852,10852,0,-0.4140417273808631,0.41879285426389345,within_univariate_range
6,28,julho:dQ2,0.1430534591318091,10852,10852,0,-0.21325133678655214,0.3337655907298394,within_univariate_range
6,29,julho:dQ4,0.21924634921225283,10852,10852,0,-0.10938639078412082,0.23257240411926003,within_univariate_range
6,30,julho:dQ8,0.24786370843751632,10852,10852,0,-0.06771036061987953,0.1719696243110594,above_training_max
6,31,monte:Q06,4.29555995959544,10852,10852,0,0.046439843790034595,2.9190073129260052,above_training_max
6,32,monte:Q,11.35097,10852,10852,0,0.006,5.962,above_training_max
6,33,monte:I,11.27597,10852,10852,0,0.0,5.97,above_training_max
6,34,monte:dQ1,-0.06749001110359298,10852,10852,0,-0.48474221983946675,0.3523021957686533,within_univariate_range
6,35,monte:dQ2,-0.050660267650707524,10852,10852,0,-0.24989492264228616,0.22600906566502732,within_univariate_range
6,36,monte:dQ4,0.04746846068798827,10852,10852,0,-0.1046341700799688,0.17117075236796586,within_univariate_range
6,37,monte:dQ8,0.19962397131723225,10852,10852,0,-0.058709426001571946,0.14966588913001427,above_training_max
6,38,castro:Q06,3.331888169957615,10852,10852,0,0.08365116420730187,2.3183542274418922,above_training_max
6,39,castro:Q,7.4327700000000005,10852,10852,0,0.016,4.061,above_training_max
6,40,castro:I,7.10705,10852,10852,0,0.001,4.105,above_training_max
6,41,castro:dQ1,-0.08451607848609566,10852,10852,0,-0.25747399961996087,0.2191084924735245,within_univariate_range
6,42,castro:dQ2,-0.09611384312323468,10852,10852,0,-0.1305422384563114,0.14313986561357062,within_univariate_range
6,43,castro:dQ4,-0.09542390880479967,10852,10852,0,-0.06571096584058289,0.12053050738453186,below_training_min
6,44,castro:dQ8,0.09329007003595974,10852,10852,0,-0.05991768005597145,0.12050576459435042,within_univariate_range
6,45,Baixo Antas:P1,0.7219653179191743,10852,10852,0,0.0,11.990751445086655,within_univariate_range
6,46,Baixo Antas:C1,0.9999999999999999,10852,10852,0,0.5057803468208093,0.9999999999999999,within_univariate_range
6,47,Baixo Antas:P3,1.2664739884393281,10852,10852,0,0.0,24.46502890173408,within_univariate_range
6,48,Baixo Antas:C3,0.9999999999999999,10852,10852,0,0.5958574181117534,0.9999999999999999,within_univariate_range
6,49,Baixo Antas:P6,3.1445086705202954,10852,10852,0,0.0,46.85289017341028,within_univariate_range
6,50,Baixo Antas:C6,0.9999999999999999,10852,10852,0,0.6712427745664741,0.9999999999999999,within_univariate_range
6,51,Baixo Antas:P12,36.060115606936144,10852,10852,0,0.0,68.23988439306346,within_univariate_range
6,52,Baixo Antas:C12,0.9999999999999999,10852,10852,0,0.708092485549133,0.9999999999999999,within_univariate_range
6,53,Baixo Antas:P24,135.29017341040426,10852,10852,0,0.0,108.35722543352557,above_training_max
6,54,Baixo Antas:C24,0.9999999999999999,10852,10852,0,0.5926962909441232,0.9999999999999999,within_univariate_range
6,55,Baixo Antas:P48,150.8381502890167,10852,10842,10,0.0,163.44277456647404,within_univariate_range
6,56,Baixo Antas:C48,0.9999999999999999,10852,10852,0,0.2963481454720616,0.9999999999999999,within_univariate_range
6,57,Baixo Antas:P3lag3,1.878034682080967,10852,10852,0,0.0,24.46502890173408,within_univariate_range
6,58,Baixo Antas:P3lag6,7.195375722543157,10852,10852,0,0.0,24.46502890173408,within_univariate_range
6,59,Baixo Antas:P3lag12,47.55260115606937,10852,10852,0,0.0,24.46502890173408,above_training_max
6,60,Carreiro:P1,0.03962558502340037,10852,10220,632,0.0,18.33510140405621,within_univariate_range
6,61,Carreiro:C1,1.0,10852,10852,0,0.07683307332293292,1.0,within_univariate_range
6,62,Carreiro:P3,0.062090483619323775,10852,10260,592,0.0,33.95967238689533,within_univariate_range
6,63,Carreiro:C3,0.9802392095683827,10852,10852,0,0.10413416536661467,1.0,within_univariate_range
6,64,Carreiro:P6,0.8230889235568302,10852,10289,563,0.0,53.24430577223099,within_univariate_range
6,65,Carreiro:C6,0.9802392095683827,10852,10852,0,0.10588923556942278,1.0,within_univariate_range
6,66,Carreiro:P12,20.975351014040235,10852,10324,528,0.0,65.47223088923546,within_univariate_range
6,67,Carreiro:C12,0.9901196047841914,10852,10852,0,0.10676677067082685,1.0,within_univariate_range
6,68,Carreiro:P24,60.563806552261624,10852,10411,441,0.0,96.96081123244942,within_univariate_range
6,69,Carreiro:C24,0.9703588143525741,10852,10852,0,0.2641868174726989,0.999561232449298,within_univariate_range
6,70,Carreiro:P48,67.46408736349406,10852,10508,344,0.0,128.71232449297975,within_univariate_range
6,71,Carreiro:C48,0.9724063962558502,10852,10852,0,0.30894110764430577,0.999780616224649,within_univariate_range
6,72,Carreiro:P3lag3,0.7609984399375064,10852,10261,591,0.0,33.95967238689533,within_univariate_range
6,73,Carreiro:P3lag6,0.5310452418096151,10852,10263,589,0.0,33.95967238689533,within_univariate_range
6,74,Carreiro:P3lag12,34.291419656786175,10852,10264,588,0.0,33.95967238689533,above_training_max
6,75,Prata-Turvo:P1,5.042466240227422,10852,10851,1,0.0,15.32133972992182,within_univariate_range
6,76,Prata-Turvo:C1,0.9967128642501777,10852,10852,0,0.4924484719260838,1.0,within_univariate_range
6,77,Prata-Turvo:P3,5.242430703624629,10852,10852,0,0.0,33.68379530916843,within_univariate_range
6,78,Prata-Turvo:C3,0.9989042880833927,10852,10852,0,0.5614487088367687,1.0,within_univariate_range
6,79,Prata-Turvo:P6,7.05522388059674,10852,10852,0,0.0,48.720895522388034,within_univariate_range
6,80,Prata-Turvo:C6,0.9994521440416964,10852,10852,0,0.7114279791518597,1.0,within_univariate_range
6,81,Prata-Turvo:P12,49.96545842217444,10852,10852,0,0.0,71.59040511727078,within_univariate_range
6,82,Prata-Turvo:C12,0.9997260720208483,10852,10852,0,0.7505330490405118,1.0,within_univariate_range
6,83,Prata-Turvo:P24,67.40021321961585,10852,10852,0,0.0,102.81648898365322,within_univariate_range
6,84,Prata-Turvo:C24,0.9967535832741057,10852,10852,0,0.5263859275053304,1.0,within_univariate_range
6,85,Prata-Turvo:P48,78.48891257995679,10852,10840,12,0.0,138.82686567164174,within_univariate_range
6,86,Prata-Turvo:C48,0.9968220652688937,10852,10852,0,0.2631929637526652,1.0,within_univariate_range
6,87,Prata-Turvo:P3lag3,1.812793176972111,10852,10852,0,0.0,33.68379530916843,within_univariate_range
6,88,Prata-Turvo:P3lag6,1.291044776119274,10852,10852,0,0.0,33.68379530916843,within_univariate_range
6,89,Prata-Turvo:P3lag12,16.434754797441393,10852,10852,0,0.0,33.68379530916843,within_univariate_range
6,90,Alto Antas:P1,10.764710439666858,10852,10852,0,0.0,20.9462599263994,within_univariate_range
6,91,Alto Antas:C1,0.9989734650397055,10852,10852,0,0.5447414294015107,0.9989734650397055,within_univariate_range
6,92,Alto Antas:P3,27.095409645554856,10852,10852,0,0.0,53.40461359674613,within_univariate_range
6,93,Alto Antas:C3,0.9996578216799018,10852,10852,0,0.6016850668216153,0.9996578216799018,within_univariate_range
6,94,Alto Antas:P6,28.836025566531067,10852,10852,0,0.0,101.60650784427672,within_univariate_range
6,95,Alto Antas:C6,0.9998289108399508,10852,10852,0,0.6170572664471561,0.9998289108399508,within_univariate_range
6,96,Alto Antas:P12,54.02963393375934,10852,10852,0,0.0,200.1177222545035,within_univariate_range
6,97,Alto Antas:C12,0.9880511976241204,10852,10852,0,0.5920734069339532,0.9999144554199755,within_univariate_range
6,98,Alto Antas:P24,110.02173155142346,10852,10848,4,0.0,395.6619407321328,within_univariate_range
6,99,Alto Antas:C24,0.9940255988120602,10852,10852,0,0.3479505616889405,0.9999572277099877,within_univariate_range
6,100,Alto Antas:P48,128.34549680418323,10852,10835,17,0.0,765.0417199302739,within_univariate_range
6,101,Alto Antas:C48,0.9910811705081025,10852,10852,0,0.17397528084447025,0.9999786138549939,within_univariate_range
6,102,Alto Antas:P3lag3,1.7406159209762102,10852,10852,0,0.0,53.40461359674613,within_univariate_range
6,103,Alto Antas:P3lag6,6.007205113306208,10852,10852,0,0.0,53.40461359674613,within_univariate_range
6,104,Alto Antas:P3lag12,31.36188262637996,10852,10850,2,0.0,53.40461359674613,within_univariate_range
6,105,Tainhas:P1,7.3792349726775335,10852,10778,74,0.0,28.33442622950825,within_univariate_range
6,106,Tainhas:C1,1.0,10852,10852,0,0.15846994535519127,1.0,within_univariate_range
6,107,Tainhas:P3,26.92513661202169,10852,10847,5,0.0,28.974316939890905,within_univariate_range
6,108,Tainhas:C3,1.0,10852,10852,0,0.31079234972677594,1.0,within_univariate_range
6,109,Tainhas:P6,30.68251366120226,10852,10852,0,0.0,34.85191256830629,within_univariate_range
6,110,Tainhas:C6,1.0,10852,10852,0,0.5374544626593807,1.0,within_univariate_range
6,111,Tainhas:P12,54.77213114754012,10852,10852,0,0.0,47.25191256830604,above_training_max
6,112,Tainhas:C12,1.0,10852,10852,0,0.644808743169399,1.0,within_univariate_range
6,113,Tainhas:P24,151.28142076502618,10852,10850,2,0.0,75.29672131147566,above_training_max
6,114,Tainhas:C24,1.0,10852,10852,0,0.41897199453551914,1.0,within_univariate_range
6,115,Tainhas:P48,170.17267759562742,10852,10838,14,0.0,92.33934426229328,above_training_max
6,116,Tainhas:C48,1.0,10852,10852,0,0.20948599726775957,1.0,within_univariate_range
6,117,Tainhas:P3lag3,3.7573770491805734,10852,10846,6,0.0,33.38743169398929,within_univariate_range
6,118,Tainhas:P3lag6,5.013661202185409,10852,10846,6,0.0,34.57759562841552,within_univariate_range
6,119,Tainhas:P3lag12,58.19562841530027,10852,10846,6,0.0,34.57759562841552,above_training_max
6,120,gfs_seamless:Baixo Antas:forecastP3,0.0,10852,10852,0,0.0,55.0,within_univariate_range
6,121,gfs_seamless:Baixo Antas:forecastP6,0.0,10852,10852,0,0.0,70.6,within_univariate_range
6,122,gfs_seamless:Baixo Antas:forecastP9,0.0,10852,10852,0,0.0,85.3,within_univariate_range
6,123,gfs_seamless:Baixo Antas:forecastP12,0.0,10852,10852,0,0.0,100.19999999999999,within_univariate_range
6,124,gfs_seamless:Carreiro:forecastP3,0.0,10852,10852,0,0.0,42.900000000000006,within_univariate_range
6,125,gfs_seamless:Carreiro:forecastP6,0.0,10852,10852,0,0.0,55.7,within_univariate_range
6,126,gfs_seamless:Carreiro:forecastP9,0.0,10852,10852,0,0.0,71.6,within_univariate_range
6,127,gfs_seamless:Carreiro:forecastP12,0.0,10852,10852,0,0.0,88.8,within_univariate_range
6,128,gfs_seamless:Prata-Turvo:forecastP3,0.0,10852,10852,0,0.0,41.6,within_univariate_range
6,129,gfs_seamless:Prata-Turvo:forecastP6,0.0,10852,10852,0,0.0,56.8,within_univariate_range
6,130,gfs_seamless:Prata-Turvo:forecastP9,0.0,10852,10852,0,0.0,71.1,within_univariate_range
6,131,gfs_seamless:Prata-Turvo:forecastP12,0.0,10852,10852,0,0.0,76.89999999999999,within_univariate_range
6,132,gfs_seamless:Alto Antas:forecastP3,0.0,10852,10852,0,0.0,61.7,within_univariate_range
6,133,gfs_seamless:Alto Antas:forecastP6,0.0,10852,10852,0,0.0,74.9,within_univariate_range
6,134,gfs_seamless:Alto Antas:forecastP9,0.0,10852,10852,0,0.0,84.1,within_univariate_range
6,135,gfs_seamless:Alto Antas:forecastP12,0.0,10852,10852,0,0.0,84.8,within_univariate_range
6,136,gfs_seamless:Tainhas:forecastP3,0.0,10852,10852,0,0.0,63.2,within_univariate_range
6,137,gfs_seamless:Tainhas:forecastP6,0.0,10852,10852,0,0.0,71.2,within_univariate_range
6,138,gfs_seamless:Tainhas:forecastP9,0.0,10852,10852,0,0.0,83.2,within_univariate_range
6,139,gfs_seamless:Tainhas:forecastP12,0.0,10852,10852,0,0.0,86.1,within_univariate_range
6,140,ecmwf_ifs025:Baixo Antas:forecastP3,0.0,10852,10852,0,0.0,24.0,within_univariate_range
6,141,ecmwf_ifs025:Baixo Antas:forecastP6,0.0,10852,10852,0,0.0,42.0,within_univariate_range
6,142,ecmwf_ifs025:Baixo Antas:forecastP9,0.0,10852,10852,0,0.0,53.699999999999996,within_univariate_range
6,143,ecmwf_ifs025:Baixo Antas:forecastP12,0.0,10852,10852,0,0.0,68.69999999999999,within_univariate_range
6,144,ecmwf_ifs025:Carreiro:forecastP3,0.0,10852,10852,0,0.0,22.799999999999997,within_univariate_range
6,145,ecmwf_ifs025:Carreiro:forecastP6,0.0,10852,10852,0,0.0,43.8,within_univariate_range
6,146,ecmwf_ifs025:Carreiro:forecastP9,0.0,10852,10852,0,0.0,57.300000000000004,within_univariate_range
6,147,ecmwf_ifs025:Carreiro:forecastP12,0.0,10852,10852,0,0.0,69.9,within_univariate_range
6,148,ecmwf_ifs025:Prata-Turvo:forecastP3,0.0,10852,10852,0,0.0,29.400000000000002,within_univariate_range
6,149,ecmwf_ifs025:Prata-Turvo:forecastP6,0.0,10852,10852,0,0.0,48.6,within_univariate_range
6,150,ecmwf_ifs025:Prata-Turvo:forecastP9,0.0,10852,10852,0,0.0,73.2,within_univariate_range
6,151,ecmwf_ifs025:Prata-Turvo:forecastP12,0.0,10852,10852,0,0.0,86.7,within_univariate_range
6,152,ecmwf_ifs025:Alto Antas:forecastP3,0.0,10852,10852,0,0.0,19.799999999999997,within_univariate_range
6,153,ecmwf_ifs025:Alto Antas:forecastP6,0.0,10852,10852,0,0.0,30.6,within_univariate_range
6,154,ecmwf_ifs025:Alto Antas:forecastP9,0.0,10852,10852,0,0.0,44.699999999999996,within_univariate_range
6,155,ecmwf_ifs025:Alto Antas:forecastP12,0.0,10852,10852,0,0.0,52.2,within_univariate_range
6,156,ecmwf_ifs025:Tainhas:forecastP3,0.0,10852,10852,0,0.0,24.599999999999998,within_univariate_range
6,157,ecmwf_ifs025:Tainhas:forecastP6,0.0,10852,10852,0,0.0,41.7,within_univariate_range
6,158,ecmwf_ifs025:Tainhas:forecastP9,0.0,10852,10852,0,0.0,53.7,within_univariate_range
6,159,ecmwf_ifs025:Tainhas:forecastP12,0.0,10852,10852,0,0.0,65.1,within_univariate_range
6,160,icon_global:Baixo Antas:forecastP3,0.0,10852,10773,79,0.0,46.4,within_univariate_range
6,161,icon_global:Baixo Antas:forecastP6,0.0,10852,10770,82,0.0,51.7,within_univariate_range
6,162,icon_global:Baixo Antas:forecastP9,0.0,10852,10767,85,0.0,64.89999999999999,within_univariate_range
6,163,icon_global:Baixo Antas:forecastP12,0.0,10852,10764,88,0.0,77.79999999999998,within_univariate_range
6,164,icon_global:Carreiro:forecastP3,0.0,10852,10773,79,0.0,45.9,within_univariate_range
6,165,icon_global:Carreiro:forecastP6,0.0,10852,10770,82,0.0,65.80000000000001,within_univariate_range
6,166,icon_global:Carreiro:forecastP9,0.0,10852,10767,85,0.0,71.80000000000001,within_univariate_range
6,167,icon_global:Carreiro:forecastP12,0.0,10852,10764,88,0.0,77.4,within_univariate_range
6,168,icon_global:Prata-Turvo:forecastP3,0.0,10852,10773,79,0.0,40.0,within_univariate_range
6,169,icon_global:Prata-Turvo:forecastP6,0.0,10852,10770,82,0.0,55.099999999999994,within_univariate_range
6,170,icon_global:Prata-Turvo:forecastP9,0.0,10852,10767,85,0.0,58.199999999999996,within_univariate_range
6,171,icon_global:Prata-Turvo:forecastP12,0.0,10852,10764,88,0.0,60.400000000000006,within_univariate_range
6,172,icon_global:Alto Antas:forecastP3,0.0,10852,10773,79,0.0,38.8,within_univariate_range
6,173,icon_global:Alto Antas:forecastP6,0.0,10852,10770,82,0.0,55.599999999999994,within_univariate_range
6,174,icon_global:Alto Antas:forecastP9,0.0,10852,10767,85,0.0,63.7,within_univariate_range
6,175,icon_global:Alto Antas:forecastP12,0.0,10852,10764,88,0.0,69.69999999999999,within_univariate_range
6,176,icon_global:Tainhas:forecastP3,0.0,10852,10773,79,0.0,43.0,within_univariate_range
6,177,icon_global:Tainhas:forecastP6,0.0,10852,10770,82,0.0,59.9,within_univariate_range
6,178,icon_global:Tainhas:forecastP9,0.0,10852,10767,85,0.0,63.8,within_univariate_range
6,179,icon_global:Tainhas:forecastP12,0.0,10852,10764,88,0.0,73.6,within_univariate_range
7,0,86510000:H,17.45,10855,10855,0,0.81,15.3,above_training_max
7,1,86510000:dH0.5,0.5,10855,10855,0,-0.4399999999999995,1.1000000000000014,within_univariate_range
7,2,86510000:dH1,0.5399999999999991,10855,10855,0,-0.3899999999999997,1.0299999999999994,within_univariate_range
7,3,86510000:dH2,0.5649999999999995,10855,10855,0,-0.38500000000000023,1.005,within_univariate_range
7,4,86510000:dH4,0.5874999999999999,10855,10855,0,-0.32499999999999973,0.9175000000000002,within_univariate_range
7,5,86510000:dH8,0.78375,10855,10855,0,-0.30625000000000013,0.8225,within_univariate_range
7,6,86472000:H,19.95,10855,10855,0,2.49,15.94,above_training_max
7,7,86472000:dH0.5,0.7999999999999972,10855,10855,0,-0.8399999999999999,1.379999999999999,within_univariate_range
7,8,86472000:dH1,0.5700000000000003,10855,10855,0,-0.7599999999999998,1.2400000000000002,within_univariate_range
7,9,86472000:dH2,0.7149999999999999,10855,10855,0,-0.5800000000000001,1.1099999999999999,within_univariate_range
7,10,86472000:dH4,0.8149999999999995,10855,10855,0,-0.39250000000000007,0.875,within_univariate_range
7,11,86472000:dH8,0.7974999999999999,10855,10855,0,-0.2975000000000001,0.7512499999999999,above_training_max
7,12,86472600:H,16.52,10855,10855,0,1.1,13.36,above_training_max
7,13,86472600:dH0.5,0.5799999999999983,10855,10855,0,-0.4599999999999991,1.1799999999999997,within_univariate_range
7,14,86472600:dH1,0.6199999999999992,10855,10855,0,-0.4499999999999993,1.1199999999999997,within_univariate_range
7,15,86472600:dH2,0.6949999999999994,10855,10855,0,-0.4099999999999997,0.9349999999999998,within_univariate_range
7,16,86472600:dH4,0.7399999999999998,10855,10855,0,-0.3025,0.7350000000000001,above_training_max
7,17,86472600:dH8,0.6824999999999999,10855,10855,0,-0.24124999999999996,0.6699999999999999,above_training_max
7,18,86500000:H,4.332,10855,10855,0,0.6,7.917999999999999,within_univariate_range
7,19,86500000:dH0.5,-0.16000000000000014,10855,10855,0,-1.42,2.3599999999999994,within_univariate_range
7,20,86500000:dH1,-0.16199999999999992,10855,10855,0,-0.8700000000000001,1.3860000000000001,within_univariate_range
7,21,86500000:dH2,-0.15549999999999997,10855,10855,0,-0.605,1.0565000000000002,within_univariate_range
7,22,86500000:dH4,-0.16874999999999996,10855,10855,0,-0.345,0.6527499999999999,within_univariate_range
7,23,86500000:dH8,-0.11312500000000003,10855,10855,0,-0.190125,0.45875000000000005,within_univariate_range
7,24,julho:Q06,4.41758738252053,10855,10855,0,0.09273681166560854,2.9733108475315086,above_training_max
7,25,julho:Q,11.893469999999999,10855,10855,0,0.019,6.148,above_training_max
7,26,julho:I,11.76458,10855,10855,0,0.0,6.195,above_training_max
7,27,julho:dQ1,0.2153217022654621,10855,10855,0,-0.4140417273808631,0.41879285426389345,within_univariate_range
7,28,julho:dQ2,0.1430534591318091,10855,10855,0,-0.21325133678655214,0.3337655907298394,within_univariate_range
7,29,julho:dQ4,0.21924634921225283,10855,10855,0,-0.10938639078412082,0.23257240411926003,within_univariate_range
7,30,julho:dQ8,0.24786370843751632,10855,10855,0,-0.06771036061987953,0.1719696243110594,above_training_max
7,31,monte:Q06,4.29555995959544,10855,10855,0,0.046439843790034595,2.9190073129260052,above_training_max
7,32,monte:Q,11.35097,10855,10855,0,0.006,5.962,above_training_max
7,33,monte:I,11.27597,10855,10855,0,0.0,5.97,above_training_max
7,34,monte:dQ1,-0.06749001110359298,10855,10855,0,-0.48474221983946675,0.3523021957686533,within_univariate_range
7,35,monte:dQ2,-0.050660267650707524,10855,10855,0,-0.24989492264228616,0.22600906566502732,within_univariate_range
7,36,monte:dQ4,0.04746846068798827,10855,10855,0,-0.1046341700799688,0.17117075236796586,within_univariate_range
7,37,monte:dQ8,0.19962397131723225,10855,10855,0,-0.058709426001571946,0.14966588913001427,above_training_max
7,38,castro:Q06,3.331888169957615,10855,10855,0,0.08365116420730187,2.3183542274418922,above_training_max
7,39,castro:Q,7.4327700000000005,10855,10855,0,0.016,4.061,above_training_max
7,40,castro:I,7.10705,10855,10855,0,0.001,4.105,above_training_max
7,41,castro:dQ1,-0.08451607848609566,10855,10855,0,-0.25747399961996087,0.2191084924735245,within_univariate_range
7,42,castro:dQ2,-0.09611384312323468,10855,10855,0,-0.1305422384563114,0.14313986561357062,within_univariate_range
7,43,castro:dQ4,-0.09542390880479967,10855,10855,0,-0.06571096584058289,0.12053050738453186,below_training_min
7,44,castro:dQ8,0.09329007003595974,10855,10855,0,-0.05991768005597145,0.12050576459435042,within_univariate_range
7,45,Baixo Antas:P1,0.7219653179191743,10855,10855,0,0.0,11.990751445086655,within_univariate_range
7,46,Baixo Antas:C1,0.9999999999999999,10855,10855,0,0.5057803468208093,0.9999999999999999,within_univariate_range
7,47,Baixo Antas:P3,1.2664739884393281,10855,10855,0,0.0,24.46502890173408,within_univariate_range
7,48,Baixo Antas:C3,0.9999999999999999,10855,10855,0,0.5958574181117534,0.9999999999999999,within_univariate_range
7,49,Baixo Antas:P6,3.1445086705202954,10855,10855,0,0.0,46.85289017341028,within_univariate_range
7,50,Baixo Antas:C6,0.9999999999999999,10855,10855,0,0.6712427745664741,0.9999999999999999,within_univariate_range
7,51,Baixo Antas:P12,36.060115606936144,10855,10855,0,0.0,68.23988439306346,within_univariate_range
7,52,Baixo Antas:C12,0.9999999999999999,10855,10855,0,0.708092485549133,0.9999999999999999,within_univariate_range
7,53,Baixo Antas:P24,135.29017341040426,10855,10855,0,0.0,108.35722543352557,above_training_max
7,54,Baixo Antas:C24,0.9999999999999999,10855,10855,0,0.5926962909441232,0.9999999999999999,within_univariate_range
7,55,Baixo Antas:P48,150.8381502890167,10855,10845,10,0.0,163.44277456647404,within_univariate_range
7,56,Baixo Antas:C48,0.9999999999999999,10855,10855,0,0.2963481454720616,0.9999999999999999,within_univariate_range
7,57,Baixo Antas:P3lag3,1.878034682080967,10855,10855,0,0.0,24.46502890173408,within_univariate_range
7,58,Baixo Antas:P3lag6,7.195375722543157,10855,10855,0,0.0,24.46502890173408,within_univariate_range
7,59,Baixo Antas:P3lag12,47.55260115606937,10855,10855,0,0.0,24.46502890173408,above_training_max
7,60,Carreiro:P1,0.03962558502340037,10855,10223,632,0.0,18.33510140405621,within_univariate_range
7,61,Carreiro:C1,1.0,10855,10855,0,0.07683307332293292,1.0,within_univariate_range
7,62,Carreiro:P3,0.062090483619323775,10855,10263,592,0.0,33.95967238689533,within_univariate_range
7,63,Carreiro:C3,0.9802392095683827,10855,10855,0,0.10413416536661467,1.0,within_univariate_range
7,64,Carreiro:P6,0.8230889235568302,10855,10292,563,0.0,53.24430577223099,within_univariate_range
7,65,Carreiro:C6,0.9802392095683827,10855,10855,0,0.10588923556942278,1.0,within_univariate_range
7,66,Carreiro:P12,20.975351014040235,10855,10327,528,0.0,65.47223088923546,within_univariate_range
7,67,Carreiro:C12,0.9901196047841914,10855,10855,0,0.10676677067082685,1.0,within_univariate_range
7,68,Carreiro:P24,60.563806552261624,10855,10414,441,0.0,96.96081123244942,within_univariate_range
7,69,Carreiro:C24,0.9703588143525741,10855,10855,0,0.2641868174726989,0.999561232449298,within_univariate_range
7,70,Carreiro:P48,67.46408736349406,10855,10511,344,0.0,128.71232449297975,within_univariate_range
7,71,Carreiro:C48,0.9724063962558502,10855,10855,0,0.30894110764430577,0.999780616224649,within_univariate_range
7,72,Carreiro:P3lag3,0.7609984399375064,10855,10264,591,0.0,33.95967238689533,within_univariate_range
7,73,Carreiro:P3lag6,0.5310452418096151,10855,10266,589,0.0,33.95967238689533,within_univariate_range
7,74,Carreiro:P3lag12,34.291419656786175,10855,10267,588,0.0,33.95967238689533,above_training_max
7,75,Prata-Turvo:P1,5.042466240227422,10855,10854,1,0.0,15.32133972992182,within_univariate_range
7,76,Prata-Turvo:C1,0.9967128642501777,10855,10855,0,0.4924484719260838,1.0,within_univariate_range
7,77,Prata-Turvo:P3,5.242430703624629,10855,10855,0,0.0,33.68379530916843,within_univariate_range
7,78,Prata-Turvo:C3,0.9989042880833927,10855,10855,0,0.5614487088367687,1.0,within_univariate_range
7,79,Prata-Turvo:P6,7.05522388059674,10855,10855,0,0.0,48.720895522388034,within_univariate_range
7,80,Prata-Turvo:C6,0.9994521440416964,10855,10855,0,0.7114279791518597,1.0,within_univariate_range
7,81,Prata-Turvo:P12,49.96545842217444,10855,10855,0,0.0,71.59040511727078,within_univariate_range
7,82,Prata-Turvo:C12,0.9997260720208483,10855,10855,0,0.7505330490405118,1.0,within_univariate_range
7,83,Prata-Turvo:P24,67.40021321961585,10855,10855,0,0.0,102.81648898365322,within_univariate_range
7,84,Prata-Turvo:C24,0.9967535832741057,10855,10855,0,0.5263859275053304,1.0,within_univariate_range
7,85,Prata-Turvo:P48,78.48891257995679,10855,10843,12,0.0,138.82686567164174,within_univariate_range
7,86,Prata-Turvo:C48,0.9968220652688937,10855,10855,0,0.2631929637526652,1.0,within_univariate_range
7,87,Prata-Turvo:P3lag3,1.812793176972111,10855,10855,0,0.0,33.68379530916843,within_univariate_range
7,88,Prata-Turvo:P3lag6,1.291044776119274,10855,10855,0,0.0,33.68379530916843,within_univariate_range
7,89,Prata-Turvo:P3lag12,16.434754797441393,10855,10855,0,0.0,33.68379530916843,within_univariate_range
7,90,Alto Antas:P1,10.764710439666858,10855,10855,0,0.0,20.9462599263994,within_univariate_range
7,91,Alto Antas:C1,0.9989734650397055,10855,10855,0,0.5447414294015107,0.9989734650397055,within_univariate_range
7,92,Alto Antas:P3,27.095409645554856,10855,10855,0,0.0,53.40461359674613,within_univariate_range
7,93,Alto Antas:C3,0.9996578216799018,10855,10855,0,0.6016850668216153,0.9996578216799018,within_univariate_range
7,94,Alto Antas:P6,28.836025566531067,10855,10855,0,0.0,101.60650784427672,within_univariate_range
7,95,Alto Antas:C6,0.9998289108399508,10855,10855,0,0.6170572664471561,0.9998289108399508,within_univariate_range
7,96,Alto Antas:P12,54.02963393375934,10855,10855,0,0.0,200.1177222545035,within_univariate_range
7,97,Alto Antas:C12,0.9880511976241204,10855,10855,0,0.5920734069339532,0.9999144554199755,within_univariate_range
7,98,Alto Antas:P24,110.02173155142346,10855,10851,4,0.0,395.6619407321328,within_univariate_range
7,99,Alto Antas:C24,0.9940255988120602,10855,10855,0,0.3479505616889405,0.9999572277099877,within_univariate_range
7,100,Alto Antas:P48,128.34549680418323,10855,10838,17,0.0,765.0417199302739,within_univariate_range
7,101,Alto Antas:C48,0.9910811705081025,10855,10855,0,0.17397528084447025,0.9999786138549939,within_univariate_range
7,102,Alto Antas:P3lag3,1.7406159209762102,10855,10855,0,0.0,53.40461359674613,within_univariate_range
7,103,Alto Antas:P3lag6,6.007205113306208,10855,10855,0,0.0,53.40461359674613,within_univariate_range
7,104,Alto Antas:P3lag12,31.36188262637996,10855,10853,2,0.0,53.40461359674613,within_univariate_range
7,105,Tainhas:P1,7.3792349726775335,10855,10781,74,0.0,28.33442622950825,within_univariate_range
7,106,Tainhas:C1,1.0,10855,10855,0,0.15846994535519127,1.0,within_univariate_range
7,107,Tainhas:P3,26.92513661202169,10855,10850,5,0.0,28.974316939890905,within_univariate_range
7,108,Tainhas:C3,1.0,10855,10855,0,0.31079234972677594,1.0,within_univariate_range
7,109,Tainhas:P6,30.68251366120226,10855,10855,0,0.0,34.85191256830629,within_univariate_range
7,110,Tainhas:C6,1.0,10855,10855,0,0.5374544626593807,1.0,within_univariate_range
7,111,Tainhas:P12,54.77213114754012,10855,10855,0,0.0,47.25191256830604,above_training_max
7,112,Tainhas:C12,1.0,10855,10855,0,0.644808743169399,1.0,within_univariate_range
7,113,Tainhas:P24,151.28142076502618,10855,10853,2,0.0,75.29672131147566,above_training_max
7,114,Tainhas:C24,1.0,10855,10855,0,0.41897199453551914,1.0,within_univariate_range
7,115,Tainhas:P48,170.17267759562742,10855,10841,14,0.0,92.33934426229328,above_training_max
7,116,Tainhas:C48,1.0,10855,10855,0,0.20948599726775957,1.0,within_univariate_range
7,117,Tainhas:P3lag3,3.7573770491805734,10855,10849,6,0.0,33.38743169398929,within_univariate_range
7,118,Tainhas:P3lag6,5.013661202185409,10855,10849,6,0.0,34.57759562841552,within_univariate_range
7,119,Tainhas:P3lag12,58.19562841530027,10855,10849,6,0.0,34.57759562841552,above_training_max
7,120,gfs_seamless:Baixo Antas:forecastP3,0.0,10855,10855,0,0.0,55.0,within_univariate_range
7,121,gfs_seamless:Baixo Antas:forecastP6,0.0,10855,10855,0,0.0,70.6,within_univariate_range
7,122,gfs_seamless:Baixo Antas:forecastP9,0.0,10855,10855,0,0.0,85.3,within_univariate_range
7,123,gfs_seamless:Baixo Antas:forecastP12,0.0,10855,10855,0,0.0,100.19999999999999,within_univariate_range
7,124,gfs_seamless:Carreiro:forecastP3,0.0,10855,10855,0,0.0,42.900000000000006,within_univariate_range
7,125,gfs_seamless:Carreiro:forecastP6,0.0,10855,10855,0,0.0,55.7,within_univariate_range
7,126,gfs_seamless:Carreiro:forecastP9,0.0,10855,10855,0,0.0,71.6,within_univariate_range
7,127,gfs_seamless:Carreiro:forecastP12,0.0,10855,10855,0,0.0,88.8,within_univariate_range
7,128,gfs_seamless:Prata-Turvo:forecastP3,0.0,10855,10855,0,0.0,41.6,within_univariate_range
7,129,gfs_seamless:Prata-Turvo:forecastP6,0.0,10855,10855,0,0.0,56.8,within_univariate_range
7,130,gfs_seamless:Prata-Turvo:forecastP9,0.0,10855,10855,0,0.0,71.1,within_univariate_range
7,131,gfs_seamless:Prata-Turvo:forecastP12,0.0,10855,10855,0,0.0,76.89999999999999,within_univariate_range
7,132,gfs_seamless:Alto Antas:forecastP3,0.0,10855,10855,0,0.0,61.7,within_univariate_range
7,133,gfs_seamless:Alto Antas:forecastP6,0.0,10855,10855,0,0.0,74.9,within_univariate_range
7,134,gfs_seamless:Alto Antas:forecastP9,0.0,10855,10855,0,0.0,84.1,within_univariate_range
7,135,gfs_seamless:Alto Antas:forecastP12,0.0,10855,10855,0,0.0,84.8,within_univariate_range
7,136,gfs_seamless:Tainhas:forecastP3,0.0,10855,10855,0,0.0,63.2,within_univariate_range
7,137,gfs_seamless:Tainhas:forecastP6,0.0,10855,10855,0,0.0,71.2,within_univariate_range
7,138,gfs_seamless:Tainhas:forecastP9,0.0,10855,10855,0,0.0,83.2,within_univariate_range
7,139,gfs_seamless:Tainhas:forecastP12,0.0,10855,10855,0,0.0,86.1,within_univariate_range
7,140,ecmwf_ifs025:Baixo Antas:forecastP3,0.0,10855,10855,0,0.0,24.0,within_univariate_range
7,141,ecmwf_ifs025:Baixo Antas:forecastP6,0.0,10855,10855,0,0.0,42.0,within_univariate_range
7,142,ecmwf_ifs025:Baixo Antas:forecastP9,0.0,10855,10855,0,0.0,53.699999999999996,within_univariate_range
7,143,ecmwf_ifs025:Baixo Antas:forecastP12,0.0,10855,10855,0,0.0,68.69999999999999,within_univariate_range
7,144,ecmwf_ifs025:Carreiro:forecastP3,0.0,10855,10855,0,0.0,22.799999999999997,within_univariate_range
7,145,ecmwf_ifs025:Carreiro:forecastP6,0.0,10855,10855,0,0.0,43.8,within_univariate_range
7,146,ecmwf_ifs025:Carreiro:forecastP9,0.0,10855,10855,0,0.0,57.300000000000004,within_univariate_range
7,147,ecmwf_ifs025:Carreiro:forecastP12,0.0,10855,10855,0,0.0,69.9,within_univariate_range
7,148,ecmwf_ifs025:Prata-Turvo:forecastP3,0.0,10855,10855,0,0.0,29.400000000000002,within_univariate_range
7,149,ecmwf_ifs025:Prata-Turvo:forecastP6,0.0,10855,10855,0,0.0,48.6,within_univariate_range
7,150,ecmwf_ifs025:Prata-Turvo:forecastP9,0.0,10855,10855,0,0.0,73.2,within_univariate_range
7,151,ecmwf_ifs025:Prata-Turvo:forecastP12,0.0,10855,10855,0,0.0,86.7,within_univariate_range
7,152,ecmwf_ifs025:Alto Antas:forecastP3,0.0,10855,10855,0,0.0,19.799999999999997,within_univariate_range
7,153,ecmwf_ifs025:Alto Antas:forecastP6,0.0,10855,10855,0,0.0,30.6,within_univariate_range
7,154,ecmwf_ifs025:Alto Antas:forecastP9,0.0,10855,10855,0,0.0,44.699999999999996,within_univariate_range
7,155,ecmwf_ifs025:Alto Antas:forecastP12,0.0,10855,10855,0,0.0,52.2,within_univariate_range
7,156,ecmwf_ifs025:Tainhas:forecastP3,0.0,10855,10855,0,0.0,24.599999999999998,within_univariate_range
7,157,ecmwf_ifs025:Tainhas:forecastP6,0.0,10855,10855,0,0.0,41.7,within_univariate_range
7,158,ecmwf_ifs025:Tainhas:forecastP9,0.0,10855,10855,0,0.0,53.7,within_univariate_range
7,159,ecmwf_ifs025:Tainhas:forecastP12,0.0,10855,10855,0,0.0,65.1,within_univariate_range
7,160,icon_global:Baixo Antas:forecastP3,0.0,10855,10776,79,0.0,46.4,within_univariate_range
7,161,icon_global:Baixo Antas:forecastP6,0.0,10855,10773,82,0.0,51.7,within_univariate_range
7,162,icon_global:Baixo Antas:forecastP9,0.0,10855,10770,85,0.0,64.89999999999999,within_univariate_range
7,163,icon_global:Baixo Antas:forecastP12,0.0,10855,10767,88,0.0,77.79999999999998,within_univariate_range
7,164,icon_global:Carreiro:forecastP3,0.0,10855,10776,79,0.0,45.9,within_univariate_range
7,165,icon_global:Carreiro:forecastP6,0.0,10855,10773,82,0.0,65.80000000000001,within_univariate_range
7,166,icon_global:Carreiro:forecastP9,0.0,10855,10770,85,0.0,71.80000000000001,within_univariate_range
7,167,icon_global:Carreiro:forecastP12,0.0,10855,10767,88,0.0,77.4,within_univariate_range
7,168,icon_global:Prata-Turvo:forecastP3,0.0,10855,10776,79,0.0,40.0,within_univariate_range
7,169,icon_global:Prata-Turvo:forecastP6,0.0,10855,10773,82,0.0,55.099999999999994,within_univariate_range
7,170,icon_global:Prata-Turvo:forecastP9,0.0,10855,10770,85,0.0,58.199999999999996,within_univariate_range
7,171,icon_global:Prata-Turvo:forecastP12,0.0,10855,10767,88,0.0,60.400000000000006,within_univariate_range
7,172,icon_global:Alto Antas:forecastP3,0.0,10855,10776,79,0.0,38.8,within_univariate_range
7,173,icon_global:Alto Antas:forecastP6,0.0,10855,10773,82,0.0,55.599999999999994,within_univariate_range
7,174,icon_global:Alto Antas:forecastP9,0.0,10855,10770,85,0.0,63.7,within_univariate_range
7,175,icon_global:Alto Antas:forecastP12,0.0,10855,10767,88,0.0,69.69999999999999,within_univariate_range
7,176,icon_global:Tainhas:forecastP3,0.0,10855,10776,79,0.0,43.0,within_univariate_range
7,177,icon_global:Tainhas:forecastP6,0.0,10855,10773,82,0.0,59.9,within_univariate_range
7,178,icon_global:Tainhas:forecastP9,0.0,10855,10770,85,0.0,63.8,within_univariate_range
7,179,icon_global:Tainhas:forecastP12,0.0,10855,10767,88,0.0,73.6,within_univariate_range
8,0,86510000:H,17.45,10852,10852,0,0.81,15.3,above_training_max
8,1,86510000:dH0.5,0.5,10852,10852,0,-0.4399999999999995,1.1000000000000014,within_univariate_range
8,2,86510000:dH1,0.5399999999999991,10852,10852,0,-0.3899999999999997,1.0299999999999994,within_univariate_range
8,3,86510000:dH2,0.5649999999999995,10852,10852,0,-0.38500000000000023,1.005,within_univariate_range
8,4,86510000:dH4,0.5874999999999999,10852,10852,0,-0.32499999999999973,0.9175000000000002,within_univariate_range
8,5,86510000:dH8,0.78375,10852,10852,0,-0.30625000000000013,0.8225,within_univariate_range
8,6,86472000:H,19.95,10852,10852,0,2.49,15.94,above_training_max
8,7,86472000:dH0.5,0.7999999999999972,10852,10852,0,-0.8399999999999999,1.379999999999999,within_univariate_range
8,8,86472000:dH1,0.5700000000000003,10852,10852,0,-0.7599999999999998,1.2400000000000002,within_univariate_range
8,9,86472000:dH2,0.7149999999999999,10852,10852,0,-0.5800000000000001,1.1099999999999999,within_univariate_range
8,10,86472000:dH4,0.8149999999999995,10852,10852,0,-0.39250000000000007,0.875,within_univariate_range
8,11,86472000:dH8,0.7974999999999999,10852,10852,0,-0.2975000000000001,0.7512499999999999,above_training_max
8,12,86472600:H,16.52,10852,10852,0,1.1,13.36,above_training_max
8,13,86472600:dH0.5,0.5799999999999983,10852,10852,0,-0.4599999999999991,1.1799999999999997,within_univariate_range
8,14,86472600:dH1,0.6199999999999992,10852,10852,0,-0.4499999999999993,1.1199999999999997,within_univariate_range
8,15,86472600:dH2,0.6949999999999994,10852,10852,0,-0.4099999999999997,0.9349999999999998,within_univariate_range
8,16,86472600:dH4,0.7399999999999998,10852,10852,0,-0.3025,0.7350000000000001,above_training_max
8,17,86472600:dH8,0.6824999999999999,10852,10852,0,-0.24124999999999996,0.6699999999999999,above_training_max
8,18,86500000:H,4.332,10852,10852,0,0.6,7.917999999999999,within_univariate_range
8,19,86500000:dH0.5,-0.16000000000000014,10852,10852,0,-1.42,2.3599999999999994,within_univariate_range
8,20,86500000:dH1,-0.16199999999999992,10852,10852,0,-0.8700000000000001,1.3860000000000001,within_univariate_range
8,21,86500000:dH2,-0.15549999999999997,10852,10852,0,-0.605,1.0565000000000002,within_univariate_range
8,22,86500000:dH4,-0.16874999999999996,10852,10852,0,-0.345,0.6527499999999999,within_univariate_range
8,23,86500000:dH8,-0.11312500000000003,10852,10852,0,-0.190125,0.45875000000000005,within_univariate_range
8,24,julho:Q06,4.41758738252053,10852,10852,0,0.09273681166560854,2.9733108475315086,above_training_max
8,25,julho:Q,11.893469999999999,10852,10852,0,0.019,6.148,above_training_max
8,26,julho:I,11.76458,10852,10852,0,0.0,6.195,above_training_max
8,27,julho:dQ1,0.2153217022654621,10852,10852,0,-0.4140417273808631,0.41879285426389345,within_univariate_range
8,28,julho:dQ2,0.1430534591318091,10852,10852,0,-0.21325133678655214,0.3337655907298394,within_univariate_range
8,29,julho:dQ4,0.21924634921225283,10852,10852,0,-0.10938639078412082,0.23257240411926003,within_univariate_range
8,30,julho:dQ8,0.24786370843751632,10852,10852,0,-0.06771036061987953,0.1719696243110594,above_training_max
8,31,monte:Q06,4.29555995959544,10852,10852,0,0.046439843790034595,2.9190073129260052,above_training_max
8,32,monte:Q,11.35097,10852,10852,0,0.006,5.962,above_training_max
8,33,monte:I,11.27597,10852,10852,0,0.0,5.97,above_training_max
8,34,monte:dQ1,-0.06749001110359298,10852,10852,0,-0.48474221983946675,0.3523021957686533,within_univariate_range
8,35,monte:dQ2,-0.050660267650707524,10852,10852,0,-0.24989492264228616,0.22600906566502732,within_univariate_range
8,36,monte:dQ4,0.04746846068798827,10852,10852,0,-0.1046341700799688,0.17117075236796586,within_univariate_range
8,37,monte:dQ8,0.19962397131723225,10852,10852,0,-0.058709426001571946,0.14966588913001427,above_training_max
8,38,castro:Q06,3.331888169957615,10852,10852,0,0.08365116420730187,2.3183542274418922,above_training_max
8,39,castro:Q,7.4327700000000005,10852,10852,0,0.016,4.061,above_training_max
8,40,castro:I,7.10705,10852,10852,0,0.001,4.105,above_training_max
8,41,castro:dQ1,-0.08451607848609566,10852,10852,0,-0.25747399961996087,0.2191084924735245,within_univariate_range
8,42,castro:dQ2,-0.09611384312323468,10852,10852,0,-0.1305422384563114,0.14313986561357062,within_univariate_range
8,43,castro:dQ4,-0.09542390880479967,10852,10852,0,-0.06571096584058289,0.12053050738453186,below_training_min
8,44,castro:dQ8,0.09329007003595974,10852,10852,0,-0.05991768005597145,0.12050576459435042,within_univariate_range
8,45,Baixo Antas:P1,0.7219653179191743,10852,10852,0,0.0,11.990751445086655,within_univariate_range
8,46,Baixo Antas:C1,0.9999999999999999,10852,10852,0,0.5057803468208093,0.9999999999999999,within_univariate_range
8,47,Baixo Antas:P3,1.2664739884393281,10852,10852,0,0.0,24.46502890173408,within_univariate_range
8,48,Baixo Antas:C3,0.9999999999999999,10852,10852,0,0.6305394990366089,0.9999999999999999,within_univariate_range
8,49,Baixo Antas:P6,3.1445086705202954,10852,10852,0,0.0,46.85289017341028,within_univariate_range
8,50,Baixo Antas:C6,0.9999999999999999,10852,10852,0,0.6712427745664741,0.9999999999999999,within_univariate_range
8,51,Baixo Antas:P12,36.060115606936144,10852,10852,0,0.0,68.23988439306346,within_univariate_range
8,52,Baixo Antas:C12,0.9999999999999999,10852,10852,0,0.708092485549133,0.9999999999999999,within_univariate_range
8,53,Baixo Antas:P24,135.29017341040426,10852,10852,0,0.0,108.35722543352557,above_training_max
8,54,Baixo Antas:C24,0.9999999999999999,10852,10852,0,0.5926962909441232,0.9999999999999999,within_univariate_range
8,55,Baixo Antas:P48,150.8381502890167,10852,10842,10,0.0,163.44277456647404,within_univariate_range
8,56,Baixo Antas:C48,0.9999999999999999,10852,10852,0,0.2963481454720616,0.9999999999999999,within_univariate_range
8,57,Baixo Antas:P3lag3,1.878034682080967,10852,10852,0,0.0,24.46502890173408,within_univariate_range
8,58,Baixo Antas:P3lag6,7.195375722543157,10852,10852,0,0.0,24.46502890173408,within_univariate_range
8,59,Baixo Antas:P3lag12,47.55260115606937,10852,10852,0,0.0,24.46502890173408,above_training_max
8,60,Carreiro:P1,0.03962558502340037,10852,10220,632,0.0,18.33510140405621,within_univariate_range
8,61,Carreiro:C1,1.0,10852,10852,0,0.07683307332293292,1.0,within_univariate_range
8,62,Carreiro:P3,0.062090483619323775,10852,10260,592,0.0,33.95967238689533,within_univariate_range
8,63,Carreiro:C3,0.9802392095683827,10852,10852,0,0.10413416536661467,1.0,within_univariate_range
8,64,Carreiro:P6,0.8230889235568302,10852,10289,563,0.0,53.24430577223099,within_univariate_range
8,65,Carreiro:C6,0.9802392095683827,10852,10852,0,0.10588923556942278,1.0,within_univariate_range
8,66,Carreiro:P12,20.975351014040235,10852,10324,528,0.0,65.47223088923546,within_univariate_range
8,67,Carreiro:C12,0.9901196047841914,10852,10852,0,0.10676677067082685,1.0,within_univariate_range
8,68,Carreiro:P24,60.563806552261624,10852,10411,441,0.0,96.96081123244942,within_univariate_range
8,69,Carreiro:C24,0.9703588143525741,10852,10852,0,0.2641868174726989,0.999561232449298,within_univariate_range
8,70,Carreiro:P48,67.46408736349406,10852,10508,344,0.0,128.71232449297975,within_univariate_range
8,71,Carreiro:C48,0.9724063962558502,10852,10852,0,0.30894110764430577,0.999780616224649,within_univariate_range
8,72,Carreiro:P3lag3,0.7609984399375064,10852,10262,590,0.0,33.95967238689533,within_univariate_range
8,73,Carreiro:P3lag6,0.5310452418096151,10852,10263,589,0.0,33.95967238689533,within_univariate_range
8,74,Carreiro:P3lag12,34.291419656786175,10852,10264,588,0.0,33.95967238689533,above_training_max
8,75,Prata-Turvo:P1,5.042466240227422,10852,10852,0,0.0,15.32133972992182,within_univariate_range
8,76,Prata-Turvo:C1,0.9967128642501777,10852,10852,0,0.5297619047619048,1.0,within_univariate_range
8,77,Prata-Turvo:P3,5.242430703624629,10852,10852,0,0.0,33.68379530916843,within_univariate_range
8,78,Prata-Turvo:C3,0.9989042880833927,10852,10852,0,0.5614487088367687,1.0,within_univariate_range
8,79,Prata-Turvo:P6,7.05522388059674,10852,10852,0,0.0,48.720895522388034,within_univariate_range
8,80,Prata-Turvo:C6,0.9994521440416964,10852,10852,0,0.7114279791518597,1.0,within_univariate_range
8,81,Prata-Turvo:P12,49.96545842217444,10852,10852,0,0.0,71.59040511727078,within_univariate_range
8,82,Prata-Turvo:C12,0.9997260720208483,10852,10852,0,0.7505330490405118,1.0,within_univariate_range
8,83,Prata-Turvo:P24,67.40021321961585,10852,10852,0,0.0,102.81648898365322,within_univariate_range
8,84,Prata-Turvo:C24,0.9967535832741057,10852,10852,0,0.5263859275053304,1.0,within_univariate_range
8,85,Prata-Turvo:P48,78.48891257995679,10852,10840,12,0.0,138.82686567164174,within_univariate_range
8,86,Prata-Turvo:C48,0.9968220652688937,10852,10852,0,0.2631929637526652,1.0,within_univariate_range
8,87,Prata-Turvo:P3lag3,1.812793176972111,10852,10852,0,0.0,33.68379530916843,within_univariate_range
8,88,Prata-Turvo:P3lag6,1.291044776119274,10852,10852,0,0.0,33.68379530916843,within_univariate_range
8,89,Prata-Turvo:P3lag12,16.434754797441393,10852,10852,0,0.0,33.68379530916843,within_univariate_range
8,90,Alto Antas:P1,10.764710439666858,10852,10852,0,0.0,20.9462599263994,within_univariate_range
8,91,Alto Antas:C1,0.9989734650397055,10852,10852,0,0.5447414294015107,0.9989734650397055,within_univariate_range
8,92,Alto Antas:P3,27.095409645554856,10852,10852,0,0.0,53.40461359674613,within_univariate_range
8,93,Alto Antas:C3,0.9996578216799018,10852,10852,0,0.6016850668216153,0.9996578216799018,within_univariate_range
8,94,Alto Antas:P6,28.836025566531067,10852,10852,0,0.0,101.60650784427672,within_univariate_range
8,95,Alto Antas:C6,0.9998289108399508,10852,10852,0,0.6170572664471561,0.9998289108399508,within_univariate_range
8,96,Alto Antas:P12,54.02963393375934,10852,10852,0,0.0,200.1177222545035,within_univariate_range
8,97,Alto Antas:C12,0.9880511976241204,10852,10852,0,0.5920734069339532,0.9999144554199755,within_univariate_range
8,98,Alto Antas:P24,110.02173155142346,10852,10848,4,0.0,395.6619407321328,within_univariate_range
8,99,Alto Antas:C24,0.9940255988120602,10852,10852,0,0.3479505616889405,0.9999572277099877,within_univariate_range
8,100,Alto Antas:P48,128.34549680418323,10852,10835,17,0.0,765.0417199302739,within_univariate_range
8,101,Alto Antas:C48,0.9910811705081025,10852,10852,0,0.17397528084447025,0.9999786138549939,within_univariate_range
8,102,Alto Antas:P3lag3,1.7406159209762102,10852,10852,0,0.0,53.40461359674613,within_univariate_range
8,103,Alto Antas:P3lag6,6.007205113306208,10852,10852,0,0.0,53.40461359674613,within_univariate_range
8,104,Alto Antas:P3lag12,31.36188262637996,10852,10850,2,0.0,53.40461359674613,within_univariate_range
8,105,Tainhas:P1,7.3792349726775335,10852,10778,74,0.0,28.33442622950825,within_univariate_range
8,106,Tainhas:C1,1.0,10852,10852,0,0.15846994535519127,1.0,within_univariate_range
8,107,Tainhas:P3,26.92513661202169,10852,10847,5,0.0,28.974316939890905,within_univariate_range
8,108,Tainhas:C3,1.0,10852,10852,0,0.31079234972677594,1.0,within_univariate_range
8,109,Tainhas:P6,30.68251366120226,10852,10852,0,0.0,34.85191256830629,within_univariate_range
8,110,Tainhas:C6,1.0,10852,10852,0,0.5374544626593807,1.0,within_univariate_range
8,111,Tainhas:P12,54.77213114754012,10852,10852,0,0.0,47.25191256830604,above_training_max
8,112,Tainhas:C12,1.0,10852,10852,0,0.644808743169399,1.0,within_univariate_range
8,113,Tainhas:P24,151.28142076502618,10852,10850,2,0.0,75.29672131147566,above_training_max
8,114,Tainhas:C24,1.0,10852,10852,0,0.41897199453551914,1.0,within_univariate_range
8,115,Tainhas:P48,170.17267759562742,10852,10838,14,0.0,92.33934426229328,above_training_max
8,116,Tainhas:C48,1.0,10852,10852,0,0.20948599726775957,1.0,within_univariate_range
8,117,Tainhas:P3lag3,3.7573770491805734,10852,10846,6,0.0,33.38743169398929,within_univariate_range
8,118,Tainhas:P3lag6,5.013661202185409,10852,10846,6,0.0,34.57759562841552,within_univariate_range
8,119,Tainhas:P3lag12,58.19562841530027,10852,10846,6,0.0,34.57759562841552,above_training_max
8,120,gfs_seamless:Baixo Antas:forecastP3,0.0,10852,10852,0,0.0,55.0,within_univariate_range
8,121,gfs_seamless:Baixo Antas:forecastP6,0.0,10852,10852,0,0.0,70.6,within_univariate_range
8,122,gfs_seamless:Baixo Antas:forecastP9,0.0,10852,10852,0,0.0,85.3,within_univariate_range
8,123,gfs_seamless:Baixo Antas:forecastP12,0.0,10852,10852,0,0.0,100.19999999999999,within_univariate_range
8,124,gfs_seamless:Carreiro:forecastP3,0.0,10852,10852,0,0.0,42.900000000000006,within_univariate_range
8,125,gfs_seamless:Carreiro:forecastP6,0.0,10852,10852,0,0.0,55.7,within_univariate_range
8,126,gfs_seamless:Carreiro:forecastP9,0.0,10852,10852,0,0.0,71.6,within_univariate_range
8,127,gfs_seamless:Carreiro:forecastP12,0.0,10852,10852,0,0.0,88.8,within_univariate_range
8,128,gfs_seamless:Prata-Turvo:forecastP3,0.0,10852,10852,0,0.0,41.6,within_univariate_range
8,129,gfs_seamless:Prata-Turvo:forecastP6,0.0,10852,10852,0,0.0,56.8,within_univariate_range
8,130,gfs_seamless:Prata-Turvo:forecastP9,0.0,10852,10852,0,0.0,71.1,within_univariate_range
8,131,gfs_seamless:Prata-Turvo:forecastP12,0.0,10852,10852,0,0.0,76.89999999999999,within_univariate_range
8,132,gfs_seamless:Alto Antas:forecastP3,0.0,10852,10852,0,0.0,61.7,within_univariate_range
8,133,gfs_seamless:Alto Antas:forecastP6,0.0,10852,10852,0,0.0,74.9,within_univariate_range
8,134,gfs_seamless:Alto Antas:forecastP9,0.0,10852,10852,0,0.0,84.1,within_univariate_range
8,135,gfs_seamless:Alto Antas:forecastP12,0.0,10852,10852,0,0.0,84.8,within_univariate_range
8,136,gfs_seamless:Tainhas:forecastP3,0.0,10852,10852,0,0.0,63.2,within_univariate_range
8,137,gfs_seamless:Tainhas:forecastP6,0.0,10852,10852,0,0.0,71.2,within_univariate_range
8,138,gfs_seamless:Tainhas:forecastP9,0.0,10852,10852,0,0.0,83.2,within_univariate_range
8,139,gfs_seamless:Tainhas:forecastP12,0.0,10852,10852,0,0.0,86.1,within_univariate_range
8,140,ecmwf_ifs025:Baixo Antas:forecastP3,0.0,10852,10852,0,0.0,24.0,within_univariate_range
8,141,ecmwf_ifs025:Baixo Antas:forecastP6,0.0,10852,10852,0,0.0,42.0,within_univariate_range
8,142,ecmwf_ifs025:Baixo Antas:forecastP9,0.0,10852,10852,0,0.0,53.699999999999996,within_univariate_range
8,143,ecmwf_ifs025:Baixo Antas:forecastP12,0.0,10852,10852,0,0.0,68.69999999999999,within_univariate_range
8,144,ecmwf_ifs025:Carreiro:forecastP3,0.0,10852,10852,0,0.0,22.799999999999997,within_univariate_range
8,145,ecmwf_ifs025:Carreiro:forecastP6,0.0,10852,10852,0,0.0,43.8,within_univariate_range
8,146,ecmwf_ifs025:Carreiro:forecastP9,0.0,10852,10852,0,0.0,57.300000000000004,within_univariate_range
8,147,ecmwf_ifs025:Carreiro:forecastP12,0.0,10852,10852,0,0.0,69.9,within_univariate_range
8,148,ecmwf_ifs025:Prata-Turvo:forecastP3,0.0,10852,10852,0,0.0,29.400000000000002,within_univariate_range
8,149,ecmwf_ifs025:Prata-Turvo:forecastP6,0.0,10852,10852,0,0.0,48.6,within_univariate_range
8,150,ecmwf_ifs025:Prata-Turvo:forecastP9,0.0,10852,10852,0,0.0,73.2,within_univariate_range
8,151,ecmwf_ifs025:Prata-Turvo:forecastP12,0.0,10852,10852,0,0.0,86.7,within_univariate_range
8,152,ecmwf_ifs025:Alto Antas:forecastP3,0.0,10852,10852,0,0.0,19.799999999999997,within_univariate_range
8,153,ecmwf_ifs025:Alto Antas:forecastP6,0.0,10852,10852,0,0.0,30.6,within_univariate_range
8,154,ecmwf_ifs025:Alto Antas:forecastP9,0.0,10852,10852,0,0.0,44.699999999999996,within_univariate_range
8,155,ecmwf_ifs025:Alto Antas:forecastP12,0.0,10852,10852,0,0.0,52.2,within_univariate_range
8,156,ecmwf_ifs025:Tainhas:forecastP3,0.0,10852,10852,0,0.0,24.599999999999998,within_univariate_range
8,157,ecmwf_ifs025:Tainhas:forecastP6,0.0,10852,10852,0,0.0,41.7,within_univariate_range
8,158,ecmwf_ifs025:Tainhas:forecastP9,0.0,10852,10852,0,0.0,53.7,within_univariate_range
8,159,ecmwf_ifs025:Tainhas:forecastP12,0.0,10852,10852,0,0.0,65.1,within_univariate_range
8,160,icon_global:Baixo Antas:forecastP3,0.0,10852,10773,79,0.0,46.4,within_univariate_range
8,161,icon_global:Baixo Antas:forecastP6,0.0,10852,10770,82,0.0,51.7,within_univariate_range
8,162,icon_global:Baixo Antas:forecastP9,0.0,10852,10767,85,0.0,64.89999999999999,within_univariate_range
8,163,icon_global:Baixo Antas:forecastP12,0.0,10852,10764,88,0.0,77.79999999999998,within_univariate_range
8,164,icon_global:Carreiro:forecastP3,0.0,10852,10773,79,0.0,45.9,within_univariate_range
8,165,icon_global:Carreiro:forecastP6,0.0,10852,10770,82,0.0,65.80000000000001,within_univariate_range
8,166,icon_global:Carreiro:forecastP9,0.0,10852,10767,85,0.0,71.80000000000001,within_univariate_range
8,167,icon_global:Carreiro:forecastP12,0.0,10852,10764,88,0.0,77.4,within_univariate_range
8,168,icon_global:Prata-Turvo:forecastP3,0.0,10852,10773,79,0.0,40.0,within_univariate_range
8,169,icon_global:Prata-Turvo:forecastP6,0.0,10852,10770,82,0.0,55.099999999999994,within_univariate_range
8,170,icon_global:Prata-Turvo:forecastP9,0.0,10852,10767,85,0.0,58.199999999999996,within_univariate_range
8,171,icon_global:Prata-Turvo:forecastP12,0.0,10852,10764,88,0.0,60.400000000000006,within_univariate_range
8,172,icon_global:Alto Antas:forecastP3,0.0,10852,10773,79,0.0,38.8,within_univariate_range
8,173,icon_global:Alto Antas:forecastP6,0.0,10852,10770,82,0.0,55.599999999999994,within_univariate_range
8,174,icon_global:Alto Antas:forecastP9,0.0,10852,10767,85,0.0,63.7,within_univariate_range
8,175,icon_global:Alto Antas:forecastP12,0.0,10852,10764,88,0.0,69.69999999999999,within_univariate_range
8,176,icon_global:Tainhas:forecastP3,0.0,10852,10773,79,0.0,43.0,within_univariate_range
8,177,icon_global:Tainhas:forecastP6,0.0,10852,10770,82,0.0,59.9,within_univariate_range
8,178,icon_global:Tainhas:forecastP9,0.0,10852,10767,85,0.0,63.8,within_univariate_range
8,179,icon_global:Tainhas:forecastP12,0.0,10852,10764,88,0.0,73.6,within_univariate_range
9,0,86510000:H,17.45,10852,10852,0,0.81,15.3,above_training_max
9,1,86510000:dH0.5,0.5,10852,10852,0,-0.4399999999999995,1.1000000000000014,within_univariate_range
9,2,86510000:dH1,0.5399999999999991,10852,10852,0,-0.3899999999999997,1.0299999999999994,within_univariate_range
9,3,86510000:dH2,0.5649999999999995,10852,10852,0,-0.38500000000000023,1.005,within_univariate_range
9,4,86510000:dH4,0.5874999999999999,10852,10852,0,-0.32499999999999973,0.9175000000000002,within_univariate_range
9,5,86510000:dH8,0.78375,10852,10852,0,-0.30625000000000013,0.8225,within_univariate_range
9,6,86472000:H,19.95,10852,10852,0,2.49,15.94,above_training_max
9,7,86472000:dH0.5,0.7999999999999972,10852,10852,0,-0.8399999999999999,1.379999999999999,within_univariate_range
9,8,86472000:dH1,0.5700000000000003,10852,10852,0,-0.7599999999999998,1.2400000000000002,within_univariate_range
9,9,86472000:dH2,0.7149999999999999,10852,10852,0,-0.5800000000000001,1.1099999999999999,within_univariate_range
9,10,86472000:dH4,0.8149999999999995,10852,10852,0,-0.39250000000000007,0.875,within_univariate_range
9,11,86472000:dH8,0.7974999999999999,10852,10852,0,-0.2975000000000001,0.7512499999999999,above_training_max
9,12,86472600:H,16.52,10852,10852,0,1.1,13.36,above_training_max
9,13,86472600:dH0.5,0.5799999999999983,10852,10852,0,-0.4599999999999991,1.1799999999999997,within_univariate_range
9,14,86472600:dH1,0.6199999999999992,10852,10852,0,-0.4499999999999993,1.1199999999999997,within_univariate_range
9,15,86472600:dH2,0.6949999999999994,10852,10852,0,-0.4099999999999997,0.9349999999999998,within_univariate_range
9,16,86472600:dH4,0.7399999999999998,10852,10852,0,-0.3025,0.7350000000000001,above_training_max
9,17,86472600:dH8,0.6824999999999999,10852,10852,0,-0.24124999999999996,0.6699999999999999,above_training_max
9,18,86500000:H,4.332,10852,10852,0,0.6,7.917999999999999,within_univariate_range
9,19,86500000:dH0.5,-0.16000000000000014,10852,10852,0,-1.42,2.3599999999999994,within_univariate_range
9,20,86500000:dH1,-0.16199999999999992,10852,10852,0,-0.8700000000000001,1.3860000000000001,within_univariate_range
9,21,86500000:dH2,-0.15549999999999997,10852,10852,0,-0.605,1.0565000000000002,within_univariate_range
9,22,86500000:dH4,-0.16874999999999996,10852,10852,0,-0.345,0.6527499999999999,within_univariate_range
9,23,86500000:dH8,-0.11312500000000003,10852,10852,0,-0.190125,0.45875000000000005,within_univariate_range
9,24,julho:Q06,4.41758738252053,10852,10852,0,0.09273681166560854,2.9733108475315086,above_training_max
9,25,julho:Q,11.893469999999999,10852,10852,0,0.019,6.148,above_training_max
9,26,julho:I,11.76458,10852,10852,0,0.0,6.195,above_training_max
9,27,julho:dQ1,0.2153217022654621,10852,10852,0,-0.4140417273808631,0.41879285426389345,within_univariate_range
9,28,julho:dQ2,0.1430534591318091,10852,10852,0,-0.21325133678655214,0.3337655907298394,within_univariate_range
9,29,julho:dQ4,0.21924634921225283,10852,10852,0,-0.10938639078412082,0.23257240411926003,within_univariate_range
9,30,julho:dQ8,0.24786370843751632,10852,10852,0,-0.06771036061987953,0.1719696243110594,above_training_max
9,31,monte:Q06,4.29555995959544,10852,10852,0,0.046439843790034595,2.9190073129260052,above_training_max
9,32,monte:Q,11.35097,10852,10852,0,0.006,5.962,above_training_max
9,33,monte:I,11.27597,10852,10852,0,0.0,5.97,above_training_max
9,34,monte:dQ1,-0.06749001110359298,10852,10852,0,-0.48474221983946675,0.3523021957686533,within_univariate_range
9,35,monte:dQ2,-0.050660267650707524,10852,10852,0,-0.24989492264228616,0.22600906566502732,within_univariate_range
9,36,monte:dQ4,0.04746846068798827,10852,10852,0,-0.1046341700799688,0.17117075236796586,within_univariate_range
9,37,monte:dQ8,0.19962397131723225,10852,10852,0,-0.058709426001571946,0.14966588913001427,above_training_max
9,38,castro:Q06,3.331888169957615,10852,10852,0,0.08365116420730187,2.3183542274418922,above_training_max
9,39,castro:Q,7.4327700000000005,10852,10852,0,0.016,4.061,above_training_max
9,40,castro:I,7.10705,10852,10852,0,0.001,4.105,above_training_max
9,41,castro:dQ1,-0.08451607848609566,10852,10852,0,-0.25747399961996087,0.2191084924735245,within_univariate_range
9,42,castro:dQ2,-0.09611384312323468,10852,10852,0,-0.1305422384563114,0.14313986561357062,within_univariate_range
9,43,castro:dQ4,-0.09542390880479967,10852,10852,0,-0.06571096584058289,0.12053050738453186,below_training_min
9,44,castro:dQ8,0.09329007003595974,10852,10852,0,-0.05991768005597145,0.12050576459435042,within_univariate_range
9,45,Baixo Antas:P1,0.7219653179191743,10852,10852,0,0.0,11.990751445086655,within_univariate_range
9,46,Baixo Antas:C1,0.9999999999999999,10852,10852,0,0.5057803468208093,0.9999999999999999,within_univariate_range
9,47,Baixo Antas:P3,1.2664739884393281,10852,10852,0,0.0,24.46502890173408,within_univariate_range
9,48,Baixo Antas:C3,0.9999999999999999,10852,10852,0,0.5958574181117534,0.9999999999999999,within_univariate_range
9,49,Baixo Antas:P6,3.1445086705202954,10852,10852,0,0.0,46.85289017341028,within_univariate_range
9,50,Baixo Antas:C6,0.9999999999999999,10852,10852,0,0.6712427745664741,0.9999999999999999,within_univariate_range
9,51,Baixo Antas:P12,36.060115606936144,10852,10852,0,0.0,68.23988439306346,within_univariate_range
9,52,Baixo Antas:C12,0.9999999999999999,10852,10852,0,0.708092485549133,0.9999999999999999,within_univariate_range
9,53,Baixo Antas:P24,135.29017341040426,10852,10852,0,0.0,108.35722543352557,above_training_max
9,54,Baixo Antas:C24,0.9999999999999999,10852,10852,0,0.5926962909441232,0.9999999999999999,within_univariate_range
9,55,Baixo Antas:P48,150.8381502890167,10852,10842,10,0.0,163.44277456647404,within_univariate_range
9,56,Baixo Antas:C48,0.9999999999999999,10852,10852,0,0.2963481454720616,0.9999999999999999,within_univariate_range
9,57,Baixo Antas:P3lag3,1.878034682080967,10852,10852,0,0.0,24.46502890173408,within_univariate_range
9,58,Baixo Antas:P3lag6,7.195375722543157,10852,10852,0,0.0,24.46502890173408,within_univariate_range
9,59,Baixo Antas:P3lag12,47.55260115606937,10852,10852,0,0.0,24.46502890173408,above_training_max
9,60,Carreiro:P1,0.03962558502340037,10852,10220,632,0.0,18.33510140405621,within_univariate_range
9,61,Carreiro:C1,1.0,10852,10852,0,0.07683307332293292,1.0,within_univariate_range
9,62,Carreiro:P3,0.062090483619323775,10852,10260,592,0.0,33.95967238689533,within_univariate_range
9,63,Carreiro:C3,0.9802392095683827,10852,10852,0,0.10413416536661467,1.0,within_univariate_range
9,64,Carreiro:P6,0.8230889235568302,10852,10289,563,0.0,53.24430577223099,within_univariate_range
9,65,Carreiro:C6,0.9802392095683827,10852,10852,0,0.10588923556942278,1.0,within_univariate_range
9,66,Carreiro:P12,20.975351014040235,10852,10324,528,0.0,65.47223088923546,within_univariate_range
9,67,Carreiro:C12,0.9901196047841914,10852,10852,0,0.10676677067082685,1.0,within_univariate_range
9,68,Carreiro:P24,60.563806552261624,10852,10411,441,0.0,96.96081123244942,within_univariate_range
9,69,Carreiro:C24,0.9703588143525741,10852,10852,0,0.2641868174726989,0.999561232449298,within_univariate_range
9,70,Carreiro:P48,67.46408736349406,10852,10508,344,0.0,128.71232449297975,within_univariate_range
9,71,Carreiro:C48,0.9724063962558502,10852,10852,0,0.30894110764430577,0.999780616224649,within_univariate_range
9,72,Carreiro:P3lag3,0.7609984399375064,10852,10262,590,0.0,33.95967238689533,within_univariate_range
9,73,Carreiro:P3lag6,0.5310452418096151,10852,10263,589,0.0,33.95967238689533,within_univariate_range
9,74,Carreiro:P3lag12,34.291419656786175,10852,10264,588,0.0,33.95967238689533,above_training_max
9,75,Prata-Turvo:P1,5.042466240227422,10852,10851,1,0.0,15.32133972992182,within_univariate_range
9,76,Prata-Turvo:C1,0.9967128642501777,10852,10852,0,0.4924484719260838,1.0,within_univariate_range
9,77,Prata-Turvo:P3,5.242430703624629,10852,10852,0,0.0,33.68379530916843,within_univariate_range
9,78,Prata-Turvo:C3,0.9989042880833927,10852,10852,0,0.5614487088367687,1.0,within_univariate_range
9,79,Prata-Turvo:P6,7.05522388059674,10852,10852,0,0.0,48.720895522388034,within_univariate_range
9,80,Prata-Turvo:C6,0.9994521440416964,10852,10852,0,0.7114279791518597,1.0,within_univariate_range
9,81,Prata-Turvo:P12,49.96545842217444,10852,10852,0,0.0,71.59040511727078,within_univariate_range
9,82,Prata-Turvo:C12,0.9997260720208483,10852,10852,0,0.7505330490405118,1.0,within_univariate_range
9,83,Prata-Turvo:P24,67.40021321961585,10852,10852,0,0.0,102.81648898365322,within_univariate_range
9,84,Prata-Turvo:C24,0.9967535832741057,10852,10852,0,0.5263859275053304,1.0,within_univariate_range
9,85,Prata-Turvo:P48,78.48891257995679,10852,10840,12,0.0,138.82686567164174,within_univariate_range
9,86,Prata-Turvo:C48,0.9968220652688937,10852,10852,0,0.2631929637526652,1.0,within_univariate_range
9,87,Prata-Turvo:P3lag3,1.812793176972111,10852,10852,0,0.0,33.68379530916843,within_univariate_range
9,88,Prata-Turvo:P3lag6,1.291044776119274,10852,10852,0,0.0,33.68379530916843,within_univariate_range
9,89,Prata-Turvo:P3lag12,16.434754797441393,10852,10852,0,0.0,33.68379530916843,within_univariate_range
9,90,Alto Antas:P1,10.764710439666858,10852,10852,0,0.0,20.9462599263994,within_univariate_range
9,91,Alto Antas:C1,0.9989734650397055,10852,10852,0,0.5447414294015107,0.9989734650397055,within_univariate_range
9,92,Alto Antas:P3,27.095409645554856,10852,10852,0,0.0,53.40461359674613,within_univariate_range
9,93,Alto Antas:C3,0.9996578216799018,10852,10852,0,0.6016850668216153,0.9996578216799018,within_univariate_range
9,94,Alto Antas:P6,28.836025566531067,10852,10852,0,0.0,101.60650784427672,within_univariate_range
9,95,Alto Antas:C6,0.9998289108399508,10852,10852,0,0.6170572664471561,0.9998289108399508,within_univariate_range
9,96,Alto Antas:P12,54.02963393375934,10852,10852,0,0.0,200.1177222545035,within_univariate_range
9,97,Alto Antas:C12,0.9880511976241204,10852,10852,0,0.5920734069339532,0.9999144554199755,within_univariate_range
9,98,Alto Antas:P24,110.02173155142346,10852,10848,4,0.0,395.6619407321328,within_univariate_range
9,99,Alto Antas:C24,0.9940255988120602,10852,10852,0,0.3479505616889405,0.9999572277099877,within_univariate_range
9,100,Alto Antas:P48,128.34549680418323,10852,10835,17,0.0,765.0417199302739,within_univariate_range
9,101,Alto Antas:C48,0.9910811705081025,10852,10852,0,0.17397528084447025,0.9999786138549939,within_univariate_range
9,102,Alto Antas:P3lag3,1.7406159209762102,10852,10852,0,0.0,53.40461359674613,within_univariate_range
9,103,Alto Antas:P3lag6,6.007205113306208,10852,10852,0,0.0,53.40461359674613,within_univariate_range
9,104,Alto Antas:P3lag12,31.36188262637996,10852,10850,2,0.0,53.40461359674613,within_univariate_range
9,105,Tainhas:P1,7.3792349726775335,10852,10778,74,0.0,28.33442622950825,within_univariate_range
9,106,Tainhas:C1,1.0,10852,10852,0,0.15846994535519127,1.0,within_univariate_range
9,107,Tainhas:P3,26.92513661202169,10852,10847,5,0.0,28.974316939890905,within_univariate_range
9,108,Tainhas:C3,1.0,10852,10852,0,0.31079234972677594,1.0,within_univariate_range
9,109,Tainhas:P6,30.68251366120226,10852,10852,0,0.0,34.85191256830629,within_univariate_range
9,110,Tainhas:C6,1.0,10852,10852,0,0.5374544626593807,1.0,within_univariate_range
9,111,Tainhas:P12,54.77213114754012,10852,10852,0,0.0,47.25191256830604,above_training_max
9,112,Tainhas:C12,1.0,10852,10852,0,0.644808743169399,1.0,within_univariate_range
9,113,Tainhas:P24,151.28142076502618,10852,10850,2,0.0,75.29672131147566,above_training_max
9,114,Tainhas:C24,1.0,10852,10852,0,0.41897199453551914,1.0,within_univariate_range
9,115,Tainhas:P48,170.17267759562742,10852,10838,14,0.0,92.33934426229328,above_training_max
9,116,Tainhas:C48,1.0,10852,10852,0,0.20948599726775957,1.0,within_univariate_range
9,117,Tainhas:P3lag3,3.7573770491805734,10852,10846,6,0.0,33.38743169398929,within_univariate_range
9,118,Tainhas:P3lag6,5.013661202185409,10852,10846,6,0.0,34.57759562841552,within_univariate_range
9,119,Tainhas:P3lag12,58.19562841530027,10852,10846,6,0.0,34.57759562841552,above_training_max
9,120,gfs_seamless:Baixo Antas:forecastP3,0.0,10852,10852,0,0.0,55.0,within_univariate_range
9,121,gfs_seamless:Baixo Antas:forecastP6,0.0,10852,10852,0,0.0,70.6,within_univariate_range
9,122,gfs_seamless:Baixo Antas:forecastP9,0.0,10852,10852,0,0.0,85.3,within_univariate_range
9,123,gfs_seamless:Baixo Antas:forecastP12,0.0,10852,10852,0,0.0,100.19999999999999,within_univariate_range
9,124,gfs_seamless:Carreiro:forecastP3,0.0,10852,10852,0,0.0,42.900000000000006,within_univariate_range
9,125,gfs_seamless:Carreiro:forecastP6,0.0,10852,10852,0,0.0,55.7,within_univariate_range
9,126,gfs_seamless:Carreiro:forecastP9,0.0,10852,10852,0,0.0,71.6,within_univariate_range
9,127,gfs_seamless:Carreiro:forecastP12,0.0,10852,10852,0,0.0,88.8,within_univariate_range
9,128,gfs_seamless:Prata-Turvo:forecastP3,0.0,10852,10852,0,0.0,41.6,within_univariate_range
9,129,gfs_seamless:Prata-Turvo:forecastP6,0.0,10852,10852,0,0.0,56.8,within_univariate_range
9,130,gfs_seamless:Prata-Turvo:forecastP9,0.0,10852,10852,0,0.0,71.1,within_univariate_range
9,131,gfs_seamless:Prata-Turvo:forecastP12,0.0,10852,10852,0,0.0,76.89999999999999,within_univariate_range
9,132,gfs_seamless:Alto Antas:forecastP3,0.0,10852,10852,0,0.0,61.7,within_univariate_range
9,133,gfs_seamless:Alto Antas:forecastP6,0.0,10852,10852,0,0.0,74.9,within_univariate_range
9,134,gfs_seamless:Alto Antas:forecastP9,0.0,10852,10852,0,0.0,84.1,within_univariate_range
9,135,gfs_seamless:Alto Antas:forecastP12,0.0,10852,10852,0,0.0,84.8,within_univariate_range
9,136,gfs_seamless:Tainhas:forecastP3,0.0,10852,10852,0,0.0,63.2,within_univariate_range
9,137,gfs_seamless:Tainhas:forecastP6,0.0,10852,10852,0,0.0,71.2,within_univariate_range
9,138,gfs_seamless:Tainhas:forecastP9,0.0,10852,10852,0,0.0,83.2,within_univariate_range
9,139,gfs_seamless:Tainhas:forecastP12,0.0,10852,10852,0,0.0,86.1,within_univariate_range
9,140,ecmwf_ifs025:Baixo Antas:forecastP3,0.0,10852,10852,0,0.0,24.0,within_univariate_range
9,141,ecmwf_ifs025:Baixo Antas:forecastP6,0.0,10852,10852,0,0.0,42.0,within_univariate_range
9,142,ecmwf_ifs025:Baixo Antas:forecastP9,0.0,10852,10852,0,0.0,53.699999999999996,within_univariate_range
9,143,ecmwf_ifs025:Baixo Antas:forecastP12,0.0,10852,10852,0,0.0,68.69999999999999,within_univariate_range
9,144,ecmwf_ifs025:Carreiro:forecastP3,0.0,10852,10852,0,0.0,22.799999999999997,within_univariate_range
9,145,ecmwf_ifs025:Carreiro:forecastP6,0.0,10852,10852,0,0.0,43.8,within_univariate_range
9,146,ecmwf_ifs025:Carreiro:forecastP9,0.0,10852,10852,0,0.0,57.300000000000004,within_univariate_range
9,147,ecmwf_ifs025:Carreiro:forecastP12,0.0,10852,10852,0,0.0,69.9,within_univariate_range
9,148,ecmwf_ifs025:Prata-Turvo:forecastP3,0.0,10852,10852,0,0.0,29.400000000000002,within_univariate_range
9,149,ecmwf_ifs025:Prata-Turvo:forecastP6,0.0,10852,10852,0,0.0,48.6,within_univariate_range
9,150,ecmwf_ifs025:Prata-Turvo:forecastP9,0.0,10852,10852,0,0.0,73.2,within_univariate_range
9,151,ecmwf_ifs025:Prata-Turvo:forecastP12,0.0,10852,10852,0,0.0,86.7,within_univariate_range
9,152,ecmwf_ifs025:Alto Antas:forecastP3,0.0,10852,10852,0,0.0,19.799999999999997,within_univariate_range
9,153,ecmwf_ifs025:Alto Antas:forecastP6,0.0,10852,10852,0,0.0,30.6,within_univariate_range
9,154,ecmwf_ifs025:Alto Antas:forecastP9,0.0,10852,10852,0,0.0,44.699999999999996,within_univariate_range
9,155,ecmwf_ifs025:Alto Antas:forecastP12,0.0,10852,10852,0,0.0,52.2,within_univariate_range
9,156,ecmwf_ifs025:Tainhas:forecastP3,0.0,10852,10852,0,0.0,24.599999999999998,within_univariate_range
9,157,ecmwf_ifs025:Tainhas:forecastP6,0.0,10852,10852,0,0.0,41.7,within_univariate_range
9,158,ecmwf_ifs025:Tainhas:forecastP9,0.0,10852,10852,0,0.0,53.7,within_univariate_range
9,159,ecmwf_ifs025:Tainhas:forecastP12,0.0,10852,10852,0,0.0,65.1,within_univariate_range
9,160,icon_global:Baixo Antas:forecastP3,0.0,10852,10773,79,0.0,46.4,within_univariate_range
9,161,icon_global:Baixo Antas:forecastP6,0.0,10852,10770,82,0.0,51.7,within_univariate_range
9,162,icon_global:Baixo Antas:forecastP9,0.0,10852,10767,85,0.0,64.89999999999999,within_univariate_range
9,163,icon_global:Baixo Antas:forecastP12,0.0,10852,10764,88,0.0,77.79999999999998,within_univariate_range
9,164,icon_global:Carreiro:forecastP3,0.0,10852,10773,79,0.0,45.9,within_univariate_range
9,165,icon_global:Carreiro:forecastP6,0.0,10852,10770,82,0.0,65.80000000000001,within_univariate_range
9,166,icon_global:Carreiro:forecastP9,0.0,10852,10767,85,0.0,71.80000000000001,within_univariate_range
9,167,icon_global:Carreiro:forecastP12,0.0,10852,10764,88,0.0,77.4,within_univariate_range
9,168,icon_global:Prata-Turvo:forecastP3,0.0,10852,10773,79,0.0,40.0,within_univariate_range
9,169,icon_global:Prata-Turvo:forecastP6,0.0,10852,10770,82,0.0,55.099999999999994,within_univariate_range
9,170,icon_global:Prata-Turvo:forecastP9,0.0,10852,10767,85,0.0,58.199999999999996,within_univariate_range
9,171,icon_global:Prata-Turvo:forecastP12,0.0,10852,10764,88,0.0,60.400000000000006,within_univariate_range
9,172,icon_global:Alto Antas:forecastP3,0.0,10852,10773,79,0.0,38.8,within_univariate_range
9,173,icon_global:Alto Antas:forecastP6,0.0,10852,10770,82,0.0,55.599999999999994,within_univariate_range
9,174,icon_global:Alto Antas:forecastP9,0.0,10852,10767,85,0.0,63.7,within_univariate_range
9,175,icon_global:Alto Antas:forecastP12,0.0,10852,10764,88,0.0,69.69999999999999,within_univariate_range
9,176,icon_global:Tainhas:forecastP3,0.0,10852,10773,79,0.0,43.0,within_univariate_range
9,177,icon_global:Tainhas:forecastP6,0.0,10852,10770,82,0.0,59.9,within_univariate_range
9,178,icon_global:Tainhas:forecastP9,0.0,10852,10767,85,0.0,63.8,within_univariate_range
9,179,icon_global:Tainhas:forecastP12,0.0,10852,10764,88,0.0,73.6,within_univariate_range
10,0,86510000:H,17.45,10849,10849,0,0.81,15.3,above_training_max
10,1,86510000:dH0.5,0.5,10849,10849,0,-0.4399999999999995,1.1000000000000014,within_univariate_range
10,2,86510000:dH1,0.5399999999999991,10849,10849,0,-0.3899999999999997,1.0299999999999994,within_univariate_range
10,3,86510000:dH2,0.5649999999999995,10849,10849,0,-0.38500000000000023,1.005,within_univariate_range
10,4,86510000:dH4,0.5874999999999999,10849,10849,0,-0.3224999999999998,0.9175000000000002,within_univariate_range
10,5,86510000:dH8,0.78375,10849,10849,0,-0.30625000000000013,0.8225,within_univariate_range
10,6,86472000:H,19.95,10849,10849,0,2.49,15.94,above_training_max
10,7,86472000:dH0.5,0.7999999999999972,10849,10849,0,-0.8399999999999999,1.379999999999999,within_univariate_range
10,8,86472000:dH1,0.5700000000000003,10849,10849,0,-0.7599999999999998,1.2400000000000002,within_univariate_range
10,9,86472000:dH2,0.7149999999999999,10849,10849,0,-0.5800000000000001,1.1099999999999999,within_univariate_range
10,10,86472000:dH4,0.8149999999999995,10849,10849,0,-0.39250000000000007,0.875,within_univariate_range
10,11,86472000:dH8,0.7974999999999999,10849,10849,0,-0.2975000000000001,0.7512499999999999,above_training_max
10,12,86472600:H,16.52,10849,10849,0,1.1,13.36,above_training_max
10,13,86472600:dH0.5,0.5799999999999983,10849,10849,0,-0.4599999999999991,1.1799999999999997,within_univariate_range
10,14,86472600:dH1,0.6199999999999992,10849,10849,0,-0.4499999999999993,1.1199999999999997,within_univariate_range
10,15,86472600:dH2,0.6949999999999994,10849,10849,0,-0.4099999999999997,0.9349999999999998,within_univariate_range
10,16,86472600:dH4,0.7399999999999998,10849,10849,0,-0.3025,0.7350000000000001,above_training_max
10,17,86472600:dH8,0.6824999999999999,10849,10849,0,-0.24124999999999996,0.6699999999999999,above_training_max
10,18,86500000:H,4.332,10849,10849,0,0.6,7.917999999999999,within_univariate_range
10,19,86500000:dH0.5,-0.16000000000000014,10849,10849,0,-1.42,2.3599999999999994,within_univariate_range
10,20,86500000:dH1,-0.16199999999999992,10849,10849,0,-0.8700000000000001,1.3860000000000001,within_univariate_range
10,21,86500000:dH2,-0.15549999999999997,10849,10849,0,-0.605,1.0565000000000002,within_univariate_range
10,22,86500000:dH4,-0.16874999999999996,10849,10849,0,-0.345,0.6527499999999999,within_univariate_range
10,23,86500000:dH8,-0.11312500000000003,10849,10849,0,-0.190125,0.45875000000000005,within_univariate_range
10,24,julho:Q06,4.41758738252053,10849,10849,0,0.09273681166560854,2.9733108475315086,above_training_max
10,25,julho:Q,11.893469999999999,10849,10849,0,0.019,6.148,above_training_max
10,26,julho:I,11.76458,10849,10849,0,0.0,6.195,above_training_max
10,27,julho:dQ1,0.2153217022654621,10849,10849,0,-0.4140417273808631,0.41879285426389345,within_univariate_range
10,28,julho:dQ2,0.1430534591318091,10849,10849,0,-0.21325133678655214,0.3337655907298394,within_univariate_range
10,29,julho:dQ4,0.21924634921225283,10849,10849,0,-0.10938639078412082,0.23257240411926003,within_univariate_range
10,30,julho:dQ8,0.24786370843751632,10849,10849,0,-0.06771036061987953,0.1719696243110594,above_training_max
10,31,monte:Q06,4.29555995959544,10849,10849,0,0.046439843790034595,2.9190073129260052,above_training_max
10,32,monte:Q,11.35097,10849,10849,0,0.006,5.962,above_training_max
10,33,monte:I,11.27597,10849,10849,0,0.0,5.97,above_training_max
10,34,monte:dQ1,-0.06749001110359298,10849,10849,0,-0.48474221983946675,0.3523021957686533,within_univariate_range
10,35,monte:dQ2,-0.050660267650707524,10849,10849,0,-0.24989492264228616,0.22600906566502732,within_univariate_range
10,36,monte:dQ4,0.04746846068798827,10849,10849,0,-0.1046341700799688,0.17117075236796586,within_univariate_range
10,37,monte:dQ8,0.19962397131723225,10849,10849,0,-0.058709426001571946,0.14966588913001427,above_training_max
10,38,castro:Q06,3.331888169957615,10849,10849,0,0.08365116420730187,2.3183542274418922,above_training_max
10,39,castro:Q,7.4327700000000005,10849,10849,0,0.016,4.061,above_training_max
10,40,castro:I,7.10705,10849,10849,0,0.001,4.105,above_training_max
10,41,castro:dQ1,-0.08451607848609566,10849,10849,0,-0.25747399961996087,0.2191084924735245,within_univariate_range
10,42,castro:dQ2,-0.09611384312323468,10849,10849,0,-0.1305422384563114,0.14313986561357062,within_univariate_range
10,43,castro:dQ4,-0.09542390880479967,10849,10849,0,-0.06571096584058289,0.12053050738453186,below_training_min
10,44,castro:dQ8,0.09329007003595974,10849,10849,0,-0.05991768005597145,0.12050576459435042,within_univariate_range
10,45,Baixo Antas:P1,0.7219653179191743,10849,10849,0,0.0,11.990751445086655,within_univariate_range
10,46,Baixo Antas:C1,0.9999999999999999,10849,10849,0,0.5057803468208093,0.9999999999999999,within_univariate_range
10,47,Baixo Antas:P3,1.2664739884393281,10849,10849,0,0.0,24.46502890173408,within_univariate_range
10,48,Baixo Antas:C3,0.9999999999999999,10849,10849,0,0.5958574181117534,0.9999999999999999,within_univariate_range
10,49,Baixo Antas:P6,3.1445086705202954,10849,10849,0,0.0,46.85289017341028,within_univariate_range
10,50,Baixo Antas:C6,0.9999999999999999,10849,10849,0,0.6712427745664741,0.9999999999999999,within_univariate_range
10,51,Baixo Antas:P12,36.060115606936144,10849,10849,0,0.0,68.23988439306346,within_univariate_range
10,52,Baixo Antas:C12,0.9999999999999999,10849,10849,0,0.708092485549133,0.9999999999999999,within_univariate_range
10,53,Baixo Antas:P24,135.29017341040426,10849,10849,0,0.0,108.35722543352557,above_training_max
10,54,Baixo Antas:C24,0.9999999999999999,10849,10849,0,0.5926962909441232,0.9999999999999999,within_univariate_range
10,55,Baixo Antas:P48,150.8381502890167,10849,10839,10,0.0,163.44277456647404,within_univariate_range
10,56,Baixo Antas:C48,0.9999999999999999,10849,10849,0,0.2963481454720616,0.9999999999999999,within_univariate_range
10,57,Baixo Antas:P3lag3,1.878034682080967,10849,10849,0,0.0,24.46502890173408,within_univariate_range
10,58,Baixo Antas:P3lag6,7.195375722543157,10849,10849,0,0.0,24.46502890173408,within_univariate_range
10,59,Baixo Antas:P3lag12,47.55260115606937,10849,10849,0,0.0,24.46502890173408,above_training_max
10,60,Carreiro:P1,0.03962558502340037,10849,10217,632,0.0,18.33510140405621,within_univariate_range
10,61,Carreiro:C1,1.0,10849,10849,0,0.07683307332293292,1.0,within_univariate_range
10,62,Carreiro:P3,0.062090483619323775,10849,10257,592,0.0,33.95967238689533,within_univariate_range
10,63,Carreiro:C3,0.9802392095683827,10849,10849,0,0.10413416536661467,1.0,within_univariate_range
10,64,Carreiro:P6,0.8230889235568302,10849,10286,563,0.0,53.24430577223099,within_univariate_range
10,65,Carreiro:C6,0.9802392095683827,10849,10849,0,0.10588923556942278,1.0,within_univariate_range
10,66,Carreiro:P12,20.975351014040235,10849,10321,528,0.0,65.47223088923546,within_univariate_range
10,67,Carreiro:C12,0.9901196047841914,10849,10849,0,0.10676677067082685,1.0,within_univariate_range
10,68,Carreiro:P24,60.563806552261624,10849,10409,440,0.0,96.96081123244942,within_univariate_range
10,69,Carreiro:C24,0.9703588143525741,10849,10849,0,0.2641868174726989,0.999561232449298,within_univariate_range
10,70,Carreiro:P48,67.46408736349406,10849,10505,344,0.0,128.71232449297975,within_univariate_range
10,71,Carreiro:C48,0.9724063962558502,10849,10849,0,0.30894110764430577,0.999780616224649,within_univariate_range
10,72,Carreiro:P3lag3,0.7609984399375064,10849,10259,590,0.0,33.95967238689533,within_univariate_range
10,73,Carreiro:P3lag6,0.5310452418096151,10849,10260,589,0.0,33.95967238689533,within_univariate_range
10,74,Carreiro:P3lag12,34.291419656786175,10849,10261,588,0.0,33.95967238689533,above_training_max
10,75,Prata-Turvo:P1,5.042466240227422,10849,10848,1,0.0,15.32133972992182,within_univariate_range
10,76,Prata-Turvo:C1,0.9967128642501777,10849,10849,0,0.4924484719260838,1.0,within_univariate_range
10,77,Prata-Turvo:P3,5.242430703624629,10849,10849,0,0.0,33.68379530916843,within_univariate_range
10,78,Prata-Turvo:C3,0.9989042880833927,10849,10849,0,0.5614487088367687,1.0,within_univariate_range
10,79,Prata-Turvo:P6,7.05522388059674,10849,10849,0,0.0,48.720895522388034,within_univariate_range
10,80,Prata-Turvo:C6,0.9994521440416964,10849,10849,0,0.7114279791518597,1.0,within_univariate_range
10,81,Prata-Turvo:P12,49.96545842217444,10849,10849,0,0.0,71.59040511727078,within_univariate_range
10,82,Prata-Turvo:C12,0.9997260720208483,10849,10849,0,0.7505330490405118,1.0,within_univariate_range
10,83,Prata-Turvo:P24,67.40021321961585,10849,10849,0,0.0,102.81648898365322,within_univariate_range
10,84,Prata-Turvo:C24,0.9967535832741057,10849,10849,0,0.5263859275053304,1.0,within_univariate_range
10,85,Prata-Turvo:P48,78.48891257995679,10849,10837,12,0.0,138.82686567164174,within_univariate_range
10,86,Prata-Turvo:C48,0.9968220652688937,10849,10849,0,0.2631929637526652,1.0,within_univariate_range
10,87,Prata-Turvo:P3lag3,1.812793176972111,10849,10849,0,0.0,33.68379530916843,within_univariate_range
10,88,Prata-Turvo:P3lag6,1.291044776119274,10849,10849,0,0.0,33.68379530916843,within_univariate_range
10,89,Prata-Turvo:P3lag12,16.434754797441393,10849,10849,0,0.0,33.68379530916843,within_univariate_range
10,90,Alto Antas:P1,10.764710439666858,10849,10849,0,0.0,20.9462599263994,within_univariate_range
10,91,Alto Antas:C1,0.9989734650397055,10849,10849,0,0.5447414294015107,0.9989734650397055,within_univariate_range
10,92,Alto Antas:P3,27.095409645554856,10849,10849,0,0.0,53.40461359674613,within_univariate_range
10,93,Alto Antas:C3,0.9996578216799018,10849,10849,0,0.6016850668216153,0.9996578216799018,within_univariate_range
10,94,Alto Antas:P6,28.836025566531067,10849,10849,0,0.0,101.60650784427672,within_univariate_range
10,95,Alto Antas:C6,0.9998289108399508,10849,10849,0,0.6170572664471561,0.9998289108399508,within_univariate_range
10,96,Alto Antas:P12,54.02963393375934,10849,10849,0,0.0,200.1177222545035,within_univariate_range
10,97,Alto Antas:C12,0.9880511976241204,10849,10849,0,0.5920734069339532,0.9999144554199755,within_univariate_range
10,98,Alto Antas:P24,110.02173155142346,10849,10845,4,0.0,395.6619407321328,within_univariate_range
10,99,Alto Antas:C24,0.9940255988120602,10849,10849,0,0.3479505616889405,0.9999572277099877,within_univariate_range
10,100,Alto Antas:P48,128.34549680418323,10849,10832,17,0.0,765.0417199302739,within_univariate_range
10,101,Alto Antas:C48,0.9910811705081025,10849,10849,0,0.17397528084447025,0.9999786138549939,within_univariate_range
10,102,Alto Antas:P3lag3,1.7406159209762102,10849,10849,0,0.0,53.40461359674613,within_univariate_range
10,103,Alto Antas:P3lag6,6.007205113306208,10849,10849,0,0.0,53.40461359674613,within_univariate_range
10,104,Alto Antas:P3lag12,31.36188262637996,10849,10847,2,0.0,53.40461359674613,within_univariate_range
10,105,Tainhas:P1,7.3792349726775335,10849,10775,74,0.0,28.33442622950825,within_univariate_range
10,106,Tainhas:C1,1.0,10849,10849,0,0.15846994535519127,1.0,within_univariate_range
10,107,Tainhas:P3,26.92513661202169,10849,10844,5,0.0,28.974316939890905,within_univariate_range
10,108,Tainhas:C3,1.0,10849,10849,0,0.31079234972677594,1.0,within_univariate_range
10,109,Tainhas:P6,30.68251366120226,10849,10849,0,0.0,34.85191256830629,within_univariate_range
10,110,Tainhas:C6,1.0,10849,10849,0,0.5374544626593807,1.0,within_univariate_range
10,111,Tainhas:P12,54.77213114754012,10849,10849,0,0.0,47.25191256830604,above_training_max
10,112,Tainhas:C12,1.0,10849,10849,0,0.644808743169399,1.0,within_univariate_range
10,113,Tainhas:P24,151.28142076502618,10849,10847,2,0.0,75.29672131147566,above_training_max
10,114,Tainhas:C24,1.0,10849,10849,0,0.41897199453551914,1.0,within_univariate_range
10,115,Tainhas:P48,170.17267759562742,10849,10835,14,0.0,92.33934426229328,above_training_max
10,116,Tainhas:C48,1.0,10849,10849,0,0.20948599726775957,1.0,within_univariate_range
10,117,Tainhas:P3lag3,3.7573770491805734,10849,10843,6,0.0,33.38743169398929,within_univariate_range
10,118,Tainhas:P3lag6,5.013661202185409,10849,10843,6,0.0,34.57759562841552,within_univariate_range
10,119,Tainhas:P3lag12,58.19562841530027,10849,10843,6,0.0,34.57759562841552,above_training_max
10,120,gfs_seamless:Baixo Antas:forecastP3,0.0,10849,10849,0,0.0,55.0,within_univariate_range
10,121,gfs_seamless:Baixo Antas:forecastP6,0.0,10849,10849,0,0.0,70.6,within_univariate_range
10,122,gfs_seamless:Baixo Antas:forecastP9,0.0,10849,10849,0,0.0,85.3,within_univariate_range
10,123,gfs_seamless:Baixo Antas:forecastP12,0.0,10849,10849,0,0.0,100.19999999999999,within_univariate_range
10,124,gfs_seamless:Carreiro:forecastP3,0.0,10849,10849,0,0.0,42.900000000000006,within_univariate_range
10,125,gfs_seamless:Carreiro:forecastP6,0.0,10849,10849,0,0.0,55.7,within_univariate_range
10,126,gfs_seamless:Carreiro:forecastP9,0.0,10849,10849,0,0.0,71.6,within_univariate_range
10,127,gfs_seamless:Carreiro:forecastP12,0.0,10849,10849,0,0.0,88.8,within_univariate_range
10,128,gfs_seamless:Prata-Turvo:forecastP3,0.0,10849,10849,0,0.0,41.6,within_univariate_range
10,129,gfs_seamless:Prata-Turvo:forecastP6,0.0,10849,10849,0,0.0,56.8,within_univariate_range
10,130,gfs_seamless:Prata-Turvo:forecastP9,0.0,10849,10849,0,0.0,71.1,within_univariate_range
10,131,gfs_seamless:Prata-Turvo:forecastP12,0.0,10849,10849,0,0.0,76.89999999999999,within_univariate_range
10,132,gfs_seamless:Alto Antas:forecastP3,0.0,10849,10849,0,0.0,61.7,within_univariate_range
10,133,gfs_seamless:Alto Antas:forecastP6,0.0,10849,10849,0,0.0,74.9,within_univariate_range
10,134,gfs_seamless:Alto Antas:forecastP9,0.0,10849,10849,0,0.0,84.1,within_univariate_range
10,135,gfs_seamless:Alto Antas:forecastP12,0.0,10849,10849,0,0.0,84.8,within_univariate_range
10,136,gfs_seamless:Tainhas:forecastP3,0.0,10849,10849,0,0.0,63.2,within_univariate_range
10,137,gfs_seamless:Tainhas:forecastP6,0.0,10849,10849,0,0.0,71.2,within_univariate_range
10,138,gfs_seamless:Tainhas:forecastP9,0.0,10849,10849,0,0.0,83.2,within_univariate_range
10,139,gfs_seamless:Tainhas:forecastP12,0.0,10849,10849,0,0.0,86.1,within_univariate_range
10,140,ecmwf_ifs025:Baixo Antas:forecastP3,0.0,10849,10849,0,0.0,24.0,within_univariate_range
10,141,ecmwf_ifs025:Baixo Antas:forecastP6,0.0,10849,10849,0,0.0,42.0,within_univariate_range
10,142,ecmwf_ifs025:Baixo Antas:forecastP9,0.0,10849,10849,0,0.0,53.699999999999996,within_univariate_range
10,143,ecmwf_ifs025:Baixo Antas:forecastP12,0.0,10849,10849,0,0.0,68.69999999999999,within_univariate_range
10,144,ecmwf_ifs025:Carreiro:forecastP3,0.0,10849,10849,0,0.0,22.799999999999997,within_univariate_range
10,145,ecmwf_ifs025:Carreiro:forecastP6,0.0,10849,10849,0,0.0,43.8,within_univariate_range
10,146,ecmwf_ifs025:Carreiro:forecastP9,0.0,10849,10849,0,0.0,57.300000000000004,within_univariate_range
10,147,ecmwf_ifs025:Carreiro:forecastP12,0.0,10849,10849,0,0.0,69.9,within_univariate_range
10,148,ecmwf_ifs025:Prata-Turvo:forecastP3,0.0,10849,10849,0,0.0,29.400000000000002,within_univariate_range
10,149,ecmwf_ifs025:Prata-Turvo:forecastP6,0.0,10849,10849,0,0.0,48.6,within_univariate_range
10,150,ecmwf_ifs025:Prata-Turvo:forecastP9,0.0,10849,10849,0,0.0,73.2,within_univariate_range
10,151,ecmwf_ifs025:Prata-Turvo:forecastP12,0.0,10849,10849,0,0.0,86.7,within_univariate_range
10,152,ecmwf_ifs025:Alto Antas:forecastP3,0.0,10849,10849,0,0.0,19.799999999999997,within_univariate_range
10,153,ecmwf_ifs025:Alto Antas:forecastP6,0.0,10849,10849,0,0.0,30.6,within_univariate_range
10,154,ecmwf_ifs025:Alto Antas:forecastP9,0.0,10849,10849,0,0.0,44.699999999999996,within_univariate_range
10,155,ecmwf_ifs025:Alto Antas:forecastP12,0.0,10849,10849,0,0.0,52.2,within_univariate_range
10,156,ecmwf_ifs025:Tainhas:forecastP3,0.0,10849,10849,0,0.0,24.599999999999998,within_univariate_range
10,157,ecmwf_ifs025:Tainhas:forecastP6,0.0,10849,10849,0,0.0,41.7,within_univariate_range
10,158,ecmwf_ifs025:Tainhas:forecastP9,0.0,10849,10849,0,0.0,53.7,within_univariate_range
10,159,ecmwf_ifs025:Tainhas:forecastP12,0.0,10849,10849,0,0.0,65.1,within_univariate_range
10,160,icon_global:Baixo Antas:forecastP3,0.0,10849,10770,79,0.0,46.4,within_univariate_range
10,161,icon_global:Baixo Antas:forecastP6,0.0,10849,10767,82,0.0,51.7,within_univariate_range
10,162,icon_global:Baixo Antas:forecastP9,0.0,10849,10764,85,0.0,64.89999999999999,within_univariate_range
10,163,icon_global:Baixo Antas:forecastP12,0.0,10849,10761,88,0.0,77.79999999999998,within_univariate_range
10,164,icon_global:Carreiro:forecastP3,0.0,10849,10770,79,0.0,45.9,within_univariate_range
10,165,icon_global:Carreiro:forecastP6,0.0,10849,10767,82,0.0,65.80000000000001,within_univariate_range
10,166,icon_global:Carreiro:forecastP9,0.0,10849,10764,85,0.0,71.80000000000001,within_univariate_range
10,167,icon_global:Carreiro:forecastP12,0.0,10849,10761,88,0.0,77.4,within_univariate_range
10,168,icon_global:Prata-Turvo:forecastP3,0.0,10849,10770,79,0.0,40.0,within_univariate_range
10,169,icon_global:Prata-Turvo:forecastP6,0.0,10849,10767,82,0.0,55.099999999999994,within_univariate_range
10,170,icon_global:Prata-Turvo:forecastP9,0.0,10849,10764,85,0.0,58.199999999999996,within_univariate_range
10,171,icon_global:Prata-Turvo:forecastP12,0.0,10849,10761,88,0.0,60.400000000000006,within_univariate_range
10,172,icon_global:Alto Antas:forecastP3,0.0,10849,10770,79,0.0,38.8,within_univariate_range
10,173,icon_global:Alto Antas:forecastP6,0.0,10849,10767,82,0.0,55.599999999999994,within_univariate_range
10,174,icon_global:Alto Antas:forecastP9,0.0,10849,10764,85,0.0,63.7,within_univariate_range
10,175,icon_global:Alto Antas:forecastP12,0.0,10849,10761,88,0.0,69.69999999999999,within_univariate_range
10,176,icon_global:Tainhas:forecastP3,0.0,10849,10770,79,0.0,43.0,within_univariate_range
10,177,icon_global:Tainhas:forecastP6,0.0,10849,10767,82,0.0,59.9,within_univariate_range
10,178,icon_global:Tainhas:forecastP9,0.0,10849,10764,85,0.0,63.8,within_univariate_range
10,179,icon_global:Tainhas:forecastP12,0.0,10849,10761,88,0.0,73.6,within_univariate_range
11,0,86510000:H,17.45,10849,10849,0,0.81,15.3,above_training_max
11,1,86510000:dH0.5,0.5,10849,10849,0,-0.4399999999999995,1.1000000000000014,within_univariate_range
11,2,86510000:dH1,0.5399999999999991,10849,10849,0,-0.3899999999999997,1.0299999999999994,within_univariate_range
11,3,86510000:dH2,0.5649999999999995,10849,10849,0,-0.34500000000000064,1.005,within_univariate_range
11,4,86510000:dH4,0.5874999999999999,10849,10849,0,-0.32499999999999973,0.9175000000000002,within_univariate_range
11,5,86510000:dH8,0.78375,10849,10849,0,-0.30625000000000013,0.8225,within_univariate_range
11,6,86472000:H,19.95,10849,10849,0,2.49,15.94,above_training_max
11,7,86472000:dH0.5,0.7999999999999972,10849,10849,0,-0.8399999999999999,1.379999999999999,within_univariate_range
11,8,86472000:dH1,0.5700000000000003,10849,10849,0,-0.7599999999999998,1.2400000000000002,within_univariate_range
11,9,86472000:dH2,0.7149999999999999,10849,10849,0,-0.5800000000000001,1.1099999999999999,within_univariate_range
11,10,86472000:dH4,0.8149999999999995,10849,10849,0,-0.39250000000000007,0.875,within_univariate_range
11,11,86472000:dH8,0.7974999999999999,10849,10849,0,-0.2975000000000001,0.7512499999999999,above_training_max
11,12,86472600:H,16.52,10849,10849,0,1.1,13.36,above_training_max
11,13,86472600:dH0.5,0.5799999999999983,10849,10849,0,-0.4599999999999991,1.1799999999999997,within_univariate_range
11,14,86472600:dH1,0.6199999999999992,10849,10849,0,-0.4499999999999993,1.1199999999999997,within_univariate_range
11,15,86472600:dH2,0.6949999999999994,10849,10849,0,-0.4099999999999997,0.9349999999999998,within_univariate_range
11,16,86472600:dH4,0.7399999999999998,10849,10849,0,-0.2974999999999999,0.7350000000000001,above_training_max
11,17,86472600:dH8,0.6824999999999999,10849,10849,0,-0.24124999999999996,0.6699999999999999,above_training_max
11,18,86500000:H,4.332,10849,10849,0,0.6,7.917999999999999,within_univariate_range
11,19,86500000:dH0.5,-0.16000000000000014,10849,10849,0,-1.42,2.3599999999999994,within_univariate_range
11,20,86500000:dH1,-0.16199999999999992,10849,10849,0,-0.8700000000000001,1.3860000000000001,within_univariate_range
11,21,86500000:dH2,-0.15549999999999997,10849,10849,0,-0.605,1.0565000000000002,within_univariate_range
11,22,86500000:dH4,-0.16874999999999996,10849,10849,0,-0.345,0.6527499999999999,within_univariate_range
11,23,86500000:dH8,-0.11312500000000003,10849,10849,0,-0.190125,0.45875000000000005,within_univariate_range
11,24,julho:Q06,4.41758738252053,10849,10849,0,0.09273681166560854,2.9733108475315086,above_training_max
11,25,julho:Q,11.893469999999999,10849,10849,0,0.019,6.148,above_training_max
11,26,julho:I,11.76458,10849,10849,0,0.0,6.195,above_training_max
11,27,julho:dQ1,0.2153217022654621,10849,10849,0,-0.4140417273808631,0.41879285426389345,within_univariate_range
11,28,julho:dQ2,0.1430534591318091,10849,10849,0,-0.21325133678655214,0.3337655907298394,within_univariate_range
11,29,julho:dQ4,0.21924634921225283,10849,10849,0,-0.10938639078412082,0.23257240411926003,within_univariate_range
11,30,julho:dQ8,0.24786370843751632,10849,10849,0,-0.06771036061987953,0.1719696243110594,above_training_max
11,31,monte:Q06,4.29555995959544,10849,10849,0,0.046439843790034595,2.9190073129260052,above_training_max
11,32,monte:Q,11.35097,10849,10849,0,0.006,5.962,above_training_max
11,33,monte:I,11.27597,10849,10849,0,0.0,5.97,above_training_max
11,34,monte:dQ1,-0.06749001110359298,10849,10849,0,-0.48474221983946675,0.3523021957686533,within_univariate_range
11,35,monte:dQ2,-0.050660267650707524,10849,10849,0,-0.24989492264228616,0.22600906566502732,within_univariate_range
11,36,monte:dQ4,0.04746846068798827,10849,10849,0,-0.1046341700799688,0.17117075236796586,within_univariate_range
11,37,monte:dQ8,0.19962397131723225,10849,10849,0,-0.058709426001571946,0.14966588913001427,above_training_max
11,38,castro:Q06,3.331888169957615,10849,10849,0,0.08365116420730187,2.3183542274418922,above_training_max
11,39,castro:Q,7.4327700000000005,10849,10849,0,0.016,4.061,above_training_max
11,40,castro:I,7.10705,10849,10849,0,0.001,4.105,above_training_max
11,41,castro:dQ1,-0.08451607848609566,10849,10849,0,-0.25747399961996087,0.2191084924735245,within_univariate_range
11,42,castro:dQ2,-0.09611384312323468,10849,10849,0,-0.1305422384563114,0.14313986561357062,within_univariate_range
11,43,castro:dQ4,-0.09542390880479967,10849,10849,0,-0.06571096584058289,0.12053050738453186,below_training_min
11,44,castro:dQ8,0.09329007003595974,10849,10849,0,-0.05991768005597145,0.12050576459435042,within_univariate_range
11,45,Baixo Antas:P1,0.7219653179191743,10849,10849,0,0.0,11.990751445086655,within_univariate_range
11,46,Baixo Antas:C1,0.9999999999999999,10849,10849,0,0.5057803468208093,0.9999999999999999,within_univariate_range
11,47,Baixo Antas:P3,1.2664739884393281,10849,10849,0,0.0,24.46502890173408,within_univariate_range
11,48,Baixo Antas:C3,0.9999999999999999,10849,10849,0,0.5958574181117534,0.9999999999999999,within_univariate_range
11,49,Baixo Antas:P6,3.1445086705202954,10849,10849,0,0.0,46.85289017341028,within_univariate_range
11,50,Baixo Antas:C6,0.9999999999999999,10849,10849,0,0.6712427745664741,0.9999999999999999,within_univariate_range
11,51,Baixo Antas:P12,36.060115606936144,10849,10849,0,0.0,68.23988439306346,within_univariate_range
11,52,Baixo Antas:C12,0.9999999999999999,10849,10849,0,0.708092485549133,0.9999999999999999,within_univariate_range
11,53,Baixo Antas:P24,135.29017341040426,10849,10849,0,0.0,108.35722543352557,above_training_max
11,54,Baixo Antas:C24,0.9999999999999999,10849,10849,0,0.5926962909441232,0.9999999999999999,within_univariate_range
11,55,Baixo Antas:P48,150.8381502890167,10849,10839,10,0.0,163.44277456647404,within_univariate_range
11,56,Baixo Antas:C48,0.9999999999999999,10849,10849,0,0.2963481454720616,0.9999999999999999,within_univariate_range
11,57,Baixo Antas:P3lag3,1.878034682080967,10849,10849,0,0.0,24.46502890173408,within_univariate_range
11,58,Baixo Antas:P3lag6,7.195375722543157,10849,10849,0,0.0,24.46502890173408,within_univariate_range
11,59,Baixo Antas:P3lag12,47.55260115606937,10849,10849,0,0.0,24.46502890173408,above_training_max
11,60,Carreiro:P1,0.03962558502340037,10849,10218,631,0.0,18.33510140405621,within_univariate_range
11,61,Carreiro:C1,1.0,10849,10849,0,0.07683307332293292,1.0,within_univariate_range
11,62,Carreiro:P3,0.062090483619323775,10849,10258,591,0.0,33.95967238689533,within_univariate_range
11,63,Carreiro:C3,0.9802392095683827,10849,10849,0,0.10413416536661467,1.0,within_univariate_range
11,64,Carreiro:P6,0.8230889235568302,10849,10287,562,0.0,53.24430577223099,within_univariate_range
11,65,Carreiro:C6,0.9802392095683827,10849,10849,0,0.10588923556942278,1.0,within_univariate_range
11,66,Carreiro:P12,20.975351014040235,10849,10322,527,0.0,65.47223088923546,within_univariate_range
11,67,Carreiro:C12,0.9901196047841914,10849,10849,0,0.10676677067082685,1.0,within_univariate_range
11,68,Carreiro:P24,60.563806552261624,10849,10409,440,0.0,96.96081123244942,within_univariate_range
11,69,Carreiro:C24,0.9703588143525741,10849,10849,0,0.2641868174726989,0.999561232449298,within_univariate_range
11,70,Carreiro:P48,67.46408736349406,10849,10505,344,0.0,128.71232449297975,within_univariate_range
11,71,Carreiro:C48,0.9724063962558502,10849,10849,0,0.30894110764430577,0.999780616224649,within_univariate_range
11,72,Carreiro:P3lag3,0.7609984399375064,10849,10259,590,0.0,33.95967238689533,within_univariate_range
11,73,Carreiro:P3lag6,0.5310452418096151,10849,10260,589,0.0,33.95967238689533,within_univariate_range
11,74,Carreiro:P3lag12,34.291419656786175,10849,10261,588,0.0,33.95967238689533,above_training_max
11,75,Prata-Turvo:P1,5.042466240227422,10849,10848,1,0.0,15.32133972992182,within_univariate_range
11,76,Prata-Turvo:C1,0.9967128642501777,10849,10849,0,0.4924484719260838,1.0,within_univariate_range
11,77,Prata-Turvo:P3,5.242430703624629,10849,10849,0,0.0,33.68379530916843,within_univariate_range
11,78,Prata-Turvo:C3,0.9989042880833927,10849,10849,0,0.5614487088367687,1.0,within_univariate_range
11,79,Prata-Turvo:P6,7.05522388059674,10849,10849,0,0.0,48.720895522388034,within_univariate_range
11,80,Prata-Turvo:C6,0.9994521440416964,10849,10849,0,0.7114279791518597,1.0,within_univariate_range
11,81,Prata-Turvo:P12,49.96545842217444,10849,10849,0,0.0,71.59040511727078,within_univariate_range
11,82,Prata-Turvo:C12,0.9997260720208483,10849,10849,0,0.7505330490405118,1.0,within_univariate_range
11,83,Prata-Turvo:P24,67.40021321961585,10849,10849,0,0.0,102.81648898365322,within_univariate_range
11,84,Prata-Turvo:C24,0.9967535832741057,10849,10849,0,0.5263859275053304,1.0,within_univariate_range
11,85,Prata-Turvo:P48,78.48891257995679,10849,10837,12,0.0,138.82686567164174,within_univariate_range
11,86,Prata-Turvo:C48,0.9968220652688937,10849,10849,0,0.2631929637526652,1.0,within_univariate_range
11,87,Prata-Turvo:P3lag3,1.812793176972111,10849,10849,0,0.0,33.68379530916843,within_univariate_range
11,88,Prata-Turvo:P3lag6,1.291044776119274,10849,10849,0,0.0,33.68379530916843,within_univariate_range
11,89,Prata-Turvo:P3lag12,16.434754797441393,10849,10849,0,0.0,33.68379530916843,within_univariate_range
11,90,Alto Antas:P1,10.764710439666858,10849,10849,0,0.0,20.9462599263994,within_univariate_range
11,91,Alto Antas:C1,0.9989734650397055,10849,10849,0,0.5447414294015107,0.9989734650397055,within_univariate_range
11,92,Alto Antas:P3,27.095409645554856,10849,10849,0,0.0,53.40461359674613,within_univariate_range
11,93,Alto Antas:C3,0.9996578216799018,10849,10849,0,0.6016850668216153,0.9996578216799018,within_univariate_range
11,94,Alto Antas:P6,28.836025566531067,10849,10849,0,0.0,101.60650784427672,within_univariate_range
11,95,Alto Antas:C6,0.9998289108399508,10849,10849,0,0.6170572664471561,0.9998289108399508,within_univariate_range
11,96,Alto Antas:P12,54.02963393375934,10849,10849,0,0.0,200.1177222545035,within_univariate_range
11,97,Alto Antas:C12,0.9880511976241204,10849,10849,0,0.5920734069339532,0.9999144554199755,within_univariate_range
11,98,Alto Antas:P24,110.02173155142346,10849,10845,4,0.0,395.6619407321328,within_univariate_range
11,99,Alto Antas:C24,0.9940255988120602,10849,10849,0,0.3479505616889405,0.9999572277099877,within_univariate_range
11,100,Alto Antas:P48,128.34549680418323,10849,10832,17,0.0,765.0417199302739,within_univariate_range
11,101,Alto Antas:C48,0.9910811705081025,10849,10849,0,0.17397528084447025,0.9999786138549939,within_univariate_range
11,102,Alto Antas:P3lag3,1.7406159209762102,10849,10849,0,0.0,53.40461359674613,within_univariate_range
11,103,Alto Antas:P3lag6,6.007205113306208,10849,10849,0,0.0,53.40461359674613,within_univariate_range
11,104,Alto Antas:P3lag12,31.36188262637996,10849,10847,2,0.0,53.40461359674613,within_univariate_range
11,105,Tainhas:P1,7.3792349726775335,10849,10775,74,0.0,28.33442622950825,within_univariate_range
11,106,Tainhas:C1,1.0,10849,10849,0,0.15846994535519127,1.0,within_univariate_range
11,107,Tainhas:P3,26.92513661202169,10849,10844,5,0.0,28.974316939890905,within_univariate_range
11,108,Tainhas:C3,1.0,10849,10849,0,0.31079234972677594,1.0,within_univariate_range
11,109,Tainhas:P6,30.68251366120226,10849,10849,0,0.0,34.85191256830629,within_univariate_range
11,110,Tainhas:C6,1.0,10849,10849,0,0.5374544626593807,1.0,within_univariate_range
11,111,Tainhas:P12,54.77213114754012,10849,10849,0,0.0,47.25191256830604,above_training_max
11,112,Tainhas:C12,1.0,10849,10849,0,0.644808743169399,1.0,within_univariate_range
11,113,Tainhas:P24,151.28142076502618,10849,10847,2,0.0,75.29672131147566,above_training_max
11,114,Tainhas:C24,1.0,10849,10849,0,0.41897199453551914,1.0,within_univariate_range
11,115,Tainhas:P48,170.17267759562742,10849,10835,14,0.0,92.33934426229328,above_training_max
11,116,Tainhas:C48,1.0,10849,10849,0,0.20948599726775957,1.0,within_univariate_range
11,117,Tainhas:P3lag3,3.7573770491805734,10849,10843,6,0.0,33.38743169398929,within_univariate_range
11,118,Tainhas:P3lag6,5.013661202185409,10849,10843,6,0.0,34.57759562841552,within_univariate_range
11,119,Tainhas:P3lag12,58.19562841530027,10849,10843,6,0.0,34.57759562841552,above_training_max
11,120,gfs_seamless:Baixo Antas:forecastP3,0.0,10849,10849,0,0.0,55.0,within_univariate_range
11,121,gfs_seamless:Baixo Antas:forecastP6,0.0,10849,10849,0,0.0,70.6,within_univariate_range
11,122,gfs_seamless:Baixo Antas:forecastP9,0.0,10849,10849,0,0.0,85.3,within_univariate_range
11,123,gfs_seamless:Baixo Antas:forecastP12,0.0,10849,10849,0,0.0,100.19999999999999,within_univariate_range
11,124,gfs_seamless:Carreiro:forecastP3,0.0,10849,10849,0,0.0,42.900000000000006,within_univariate_range
11,125,gfs_seamless:Carreiro:forecastP6,0.0,10849,10849,0,0.0,55.7,within_univariate_range
11,126,gfs_seamless:Carreiro:forecastP9,0.0,10849,10849,0,0.0,71.6,within_univariate_range
11,127,gfs_seamless:Carreiro:forecastP12,0.0,10849,10849,0,0.0,88.8,within_univariate_range
11,128,gfs_seamless:Prata-Turvo:forecastP3,0.0,10849,10849,0,0.0,41.6,within_univariate_range
11,129,gfs_seamless:Prata-Turvo:forecastP6,0.0,10849,10849,0,0.0,56.8,within_univariate_range
11,130,gfs_seamless:Prata-Turvo:forecastP9,0.0,10849,10849,0,0.0,71.1,within_univariate_range
11,131,gfs_seamless:Prata-Turvo:forecastP12,0.0,10849,10849,0,0.0,76.89999999999999,within_univariate_range
11,132,gfs_seamless:Alto Antas:forecastP3,0.0,10849,10849,0,0.0,61.7,within_univariate_range
11,133,gfs_seamless:Alto Antas:forecastP6,0.0,10849,10849,0,0.0,74.9,within_univariate_range
11,134,gfs_seamless:Alto Antas:forecastP9,0.0,10849,10849,0,0.0,84.1,within_univariate_range
11,135,gfs_seamless:Alto Antas:forecastP12,0.0,10849,10849,0,0.0,84.8,within_univariate_range
11,136,gfs_seamless:Tainhas:forecastP3,0.0,10849,10849,0,0.0,63.2,within_univariate_range
11,137,gfs_seamless:Tainhas:forecastP6,0.0,10849,10849,0,0.0,71.2,within_univariate_range
11,138,gfs_seamless:Tainhas:forecastP9,0.0,10849,10849,0,0.0,83.2,within_univariate_range
11,139,gfs_seamless:Tainhas:forecastP12,0.0,10849,10849,0,0.0,86.1,within_univariate_range
11,140,ecmwf_ifs025:Baixo Antas:forecastP3,0.0,10849,10849,0,0.0,24.0,within_univariate_range
11,141,ecmwf_ifs025:Baixo Antas:forecastP6,0.0,10849,10849,0,0.0,42.0,within_univariate_range
11,142,ecmwf_ifs025:Baixo Antas:forecastP9,0.0,10849,10849,0,0.0,53.699999999999996,within_univariate_range
11,143,ecmwf_ifs025:Baixo Antas:forecastP12,0.0,10849,10849,0,0.0,68.69999999999999,within_univariate_range
11,144,ecmwf_ifs025:Carreiro:forecastP3,0.0,10849,10849,0,0.0,22.799999999999997,within_univariate_range
11,145,ecmwf_ifs025:Carreiro:forecastP6,0.0,10849,10849,0,0.0,43.8,within_univariate_range
11,146,ecmwf_ifs025:Carreiro:forecastP9,0.0,10849,10849,0,0.0,57.300000000000004,within_univariate_range
11,147,ecmwf_ifs025:Carreiro:forecastP12,0.0,10849,10849,0,0.0,69.9,within_univariate_range
11,148,ecmwf_ifs025:Prata-Turvo:forecastP3,0.0,10849,10849,0,0.0,29.400000000000002,within_univariate_range
11,149,ecmwf_ifs025:Prata-Turvo:forecastP6,0.0,10849,10849,0,0.0,48.6,within_univariate_range
11,150,ecmwf_ifs025:Prata-Turvo:forecastP9,0.0,10849,10849,0,0.0,73.2,within_univariate_range
11,151,ecmwf_ifs025:Prata-Turvo:forecastP12,0.0,10849,10849,0,0.0,86.7,within_univariate_range
11,152,ecmwf_ifs025:Alto Antas:forecastP3,0.0,10849,10849,0,0.0,19.799999999999997,within_univariate_range
11,153,ecmwf_ifs025:Alto Antas:forecastP6,0.0,10849,10849,0,0.0,30.6,within_univariate_range
11,154,ecmwf_ifs025:Alto Antas:forecastP9,0.0,10849,10849,0,0.0,44.699999999999996,within_univariate_range
11,155,ecmwf_ifs025:Alto Antas:forecastP12,0.0,10849,10849,0,0.0,52.2,within_univariate_range
11,156,ecmwf_ifs025:Tainhas:forecastP3,0.0,10849,10849,0,0.0,24.599999999999998,within_univariate_range
11,157,ecmwf_ifs025:Tainhas:forecastP6,0.0,10849,10849,0,0.0,41.7,within_univariate_range
11,158,ecmwf_ifs025:Tainhas:forecastP9,0.0,10849,10849,0,0.0,53.7,within_univariate_range
11,159,ecmwf_ifs025:Tainhas:forecastP12,0.0,10849,10849,0,0.0,65.1,within_univariate_range
11,160,icon_global:Baixo Antas:forecastP3,0.0,10849,10770,79,0.0,46.4,within_univariate_range
11,161,icon_global:Baixo Antas:forecastP6,0.0,10849,10767,82,0.0,51.7,within_univariate_range
11,162,icon_global:Baixo Antas:forecastP9,0.0,10849,10764,85,0.0,64.89999999999999,within_univariate_range
11,163,icon_global:Baixo Antas:forecastP12,0.0,10849,10761,88,0.0,77.79999999999998,within_univariate_range
11,164,icon_global:Carreiro:forecastP3,0.0,10849,10770,79,0.0,45.9,within_univariate_range
11,165,icon_global:Carreiro:forecastP6,0.0,10849,10767,82,0.0,65.80000000000001,within_univariate_range
11,166,icon_global:Carreiro:forecastP9,0.0,10849,10764,85,0.0,71.80000000000001,within_univariate_range
11,167,icon_global:Carreiro:forecastP12,0.0,10849,10761,88,0.0,77.4,within_univariate_range
11,168,icon_global:Prata-Turvo:forecastP3,0.0,10849,10770,79,0.0,40.0,within_univariate_range
11,169,icon_global:Prata-Turvo:forecastP6,0.0,10849,10767,82,0.0,55.099999999999994,within_univariate_range
11,170,icon_global:Prata-Turvo:forecastP9,0.0,10849,10764,85,0.0,58.199999999999996,within_univariate_range
11,171,icon_global:Prata-Turvo:forecastP12,0.0,10849,10761,88,0.0,60.400000000000006,within_univariate_range
11,172,icon_global:Alto Antas:forecastP3,0.0,10849,10770,79,0.0,38.8,within_univariate_range
11,173,icon_global:Alto Antas:forecastP6,0.0,10849,10767,82,0.0,55.599999999999994,within_univariate_range
11,174,icon_global:Alto Antas:forecastP9,0.0,10849,10764,85,0.0,63.7,within_univariate_range
11,175,icon_global:Alto Antas:forecastP12,0.0,10849,10761,88,0.0,69.69999999999999,within_univariate_range
11,176,icon_global:Tainhas:forecastP3,0.0,10849,10770,79,0.0,43.0,within_univariate_range
11,177,icon_global:Tainhas:forecastP6,0.0,10849,10767,82,0.0,59.9,within_univariate_range
11,178,icon_global:Tainhas:forecastP9,0.0,10849,10764,85,0.0,63.8,within_univariate_range
11,179,icon_global:Tainhas:forecastP12,0.0,10849,10761,88,0.0,73.6,within_univariate_range
12,0,86510000:H,17.45,10844,10844,0,0.81,15.3,above_training_max
12,1,86510000:dH0.5,0.5,10844,10844,0,-0.41999999999999993,1.1000000000000014,within_univariate_range
12,2,86510000:dH1,0.5399999999999991,10844,10844,0,-0.3800000000000008,1.0299999999999994,within_univariate_range
12,3,86510000:dH2,0.5649999999999995,10844,10844,0,-0.38500000000000023,1.005,within_univariate_range
12,4,86510000:dH4,0.5874999999999999,10844,10844,0,-0.32499999999999973,0.9175000000000002,within_univariate_range
12,5,86510000:dH8,0.78375,10844,10844,0,-0.30625000000000013,0.8225,within_univariate_range
12,6,86472000:H,19.95,10844,10844,0,2.49,15.94,above_training_max
12,7,86472000:dH0.5,0.7999999999999972,10844,10844,0,-0.8399999999999999,1.379999999999999,within_univariate_range
12,8,86472000:dH1,0.5700000000000003,10844,10844,0,-0.7599999999999998,1.2400000000000002,within_univariate_range
12,9,86472000:dH2,0.7149999999999999,10844,10844,0,-0.5800000000000001,1.1099999999999999,within_univariate_range
12,10,86472000:dH4,0.8149999999999995,10844,10844,0,-0.39250000000000007,0.875,within_univariate_range
12,11,86472000:dH8,0.7974999999999999,10844,10844,0,-0.2975000000000001,0.7512499999999999,above_training_max
12,12,86472600:H,16.52,10844,10844,0,1.1,13.36,above_training_max
12,13,86472600:dH0.5,0.5799999999999983,10844,10844,0,-0.4599999999999991,1.1799999999999997,within_univariate_range
12,14,86472600:dH1,0.6199999999999992,10844,10844,0,-0.4499999999999993,1.1199999999999997,within_univariate_range
12,15,86472600:dH2,0.6949999999999994,10844,10844,0,-0.34499999999999975,0.9349999999999998,within_univariate_range
12,16,86472600:dH4,0.7399999999999998,10844,10844,0,-0.3025,0.7350000000000001,above_training_max
12,17,86472600:dH8,0.6824999999999999,10844,10844,0,-0.24124999999999996,0.6699999999999999,above_training_max
12,18,86500000:H,4.332,10844,10844,0,0.6,7.917999999999999,within_univariate_range
12,19,86500000:dH0.5,-0.16000000000000014,10844,10844,0,-1.42,2.3599999999999994,within_univariate_range
12,20,86500000:dH1,-0.16199999999999992,10844,10844,0,-0.8700000000000001,1.3860000000000001,within_univariate_range
12,21,86500000:dH2,-0.15549999999999997,10844,10844,0,-0.605,1.0565000000000002,within_univariate_range
12,22,86500000:dH4,-0.16874999999999996,10844,10844,0,-0.345,0.6527499999999999,within_univariate_range
12,23,86500000:dH8,-0.11312500000000003,10844,10844,0,-0.190125,0.45875000000000005,within_univariate_range
12,24,julho:Q06,4.41758738252053,10844,10844,0,0.09273681166560854,2.9733108475315086,above_training_max
12,25,julho:Q,11.893469999999999,10844,10844,0,0.019,6.148,above_training_max
12,26,julho:I,11.76458,10844,10844,0,0.0,6.195,above_training_max
12,27,julho:dQ1,0.2153217022654621,10844,10844,0,-0.4140417273808631,0.41879285426389345,within_univariate_range
12,28,julho:dQ2,0.1430534591318091,10844,10844,0,-0.21325133678655214,0.3337655907298394,within_univariate_range
12,29,julho:dQ4,0.21924634921225283,10844,10844,0,-0.10938639078412082,0.23257240411926003,within_univariate_range
12,30,julho:dQ8,0.24786370843751632,10844,10844,0,-0.06771036061987953,0.1719696243110594,above_training_max
12,31,monte:Q06,4.29555995959544,10844,10844,0,0.046439843790034595,2.9190073129260052,above_training_max
12,32,monte:Q,11.35097,10844,10844,0,0.006,5.962,above_training_max
12,33,monte:I,11.27597,10844,10844,0,0.0,5.97,above_training_max
12,34,monte:dQ1,-0.06749001110359298,10844,10844,0,-0.48474221983946675,0.3523021957686533,within_univariate_range
12,35,monte:dQ2,-0.050660267650707524,10844,10844,0,-0.24989492264228616,0.22600906566502732,within_univariate_range
12,36,monte:dQ4,0.04746846068798827,10844,10844,0,-0.1046341700799688,0.17117075236796586,within_univariate_range
12,37,monte:dQ8,0.19962397131723225,10844,10844,0,-0.058709426001571946,0.14966588913001427,above_training_max
12,38,castro:Q06,3.331888169957615,10844,10844,0,0.08365116420730187,2.3183542274418922,above_training_max
12,39,castro:Q,7.4327700000000005,10844,10844,0,0.016,4.061,above_training_max
12,40,castro:I,7.10705,10844,10844,0,0.001,4.105,above_training_max
12,41,castro:dQ1,-0.08451607848609566,10844,10844,0,-0.25747399961996087,0.2191084924735245,within_univariate_range
12,42,castro:dQ2,-0.09611384312323468,10844,10844,0,-0.1305422384563114,0.14313986561357062,within_univariate_range
12,43,castro:dQ4,-0.09542390880479967,10844,10844,0,-0.06571096584058289,0.12053050738453186,below_training_min
12,44,castro:dQ8,0.09329007003595974,10844,10844,0,-0.05991768005597145,0.12050576459435042,within_univariate_range
12,45,Baixo Antas:P1,0.7219653179191743,10844,10844,0,0.0,11.990751445086655,within_univariate_range
12,46,Baixo Antas:C1,0.9999999999999999,10844,10844,0,0.5057803468208093,0.9999999999999999,within_univariate_range
12,47,Baixo Antas:P3,1.2664739884393281,10844,10844,0,0.0,24.46502890173408,within_univariate_range
12,48,Baixo Antas:C3,0.9999999999999999,10844,10844,0,0.5958574181117534,0.9999999999999999,within_univariate_range
12,49,Baixo Antas:P6,3.1445086705202954,10844,10844,0,0.0,46.85289017341028,within_univariate_range
12,50,Baixo Antas:C6,0.9999999999999999,10844,10844,0,0.6712427745664741,0.9999999999999999,within_univariate_range
12,51,Baixo Antas:P12,36.060115606936144,10844,10844,0,0.0,68.23988439306346,within_univariate_range
12,52,Baixo Antas:C12,0.9999999999999999,10844,10844,0,0.708092485549133,0.9999999999999999,within_univariate_range
12,53,Baixo Antas:P24,135.29017341040426,10844,10844,0,0.0,108.35722543352557,above_training_max
12,54,Baixo Antas:C24,0.9999999999999999,10844,10844,0,0.5926962909441232,0.9999999999999999,within_univariate_range
12,55,Baixo Antas:P48,150.8381502890167,10844,10834,10,0.0,163.44277456647404,within_univariate_range
12,56,Baixo Antas:C48,0.9999999999999999,10844,10844,0,0.2963481454720616,0.9999999999999999,within_univariate_range
12,57,Baixo Antas:P3lag3,1.878034682080967,10844,10844,0,0.0,24.46502890173408,within_univariate_range
12,58,Baixo Antas:P3lag6,7.195375722543157,10844,10844,0,0.0,24.46502890173408,within_univariate_range
12,59,Baixo Antas:P3lag12,47.55260115606937,10844,10844,0,0.0,24.46502890173408,above_training_max
12,60,Carreiro:P1,0.03962558502340037,10844,10213,631,0.0,18.33510140405621,within_univariate_range
12,61,Carreiro:C1,1.0,10844,10844,0,0.07683307332293292,1.0,within_univariate_range
12,62,Carreiro:P3,0.062090483619323775,10844,10253,591,0.0,33.95967238689533,within_univariate_range
12,63,Carreiro:C3,0.9802392095683827,10844,10844,0,0.10413416536661467,1.0,within_univariate_range
12,64,Carreiro:P6,0.8230889235568302,10844,10282,562,0.0,53.24430577223099,within_univariate_range
12,65,Carreiro:C6,0.9802392095683827,10844,10844,0,0.10588923556942278,1.0,within_univariate_range
12,66,Carreiro:P12,20.975351014040235,10844,10317,527,0.0,65.47223088923546,within_univariate_range
12,67,Carreiro:C12,0.9901196047841914,10844,10844,0,0.10676677067082685,1.0,within_univariate_range
12,68,Carreiro:P24,60.563806552261624,10844,10404,440,0.0,96.96081123244942,within_univariate_range
12,69,Carreiro:C24,0.9703588143525741,10844,10844,0,0.2641868174726989,0.999561232449298,within_univariate_range
12,70,Carreiro:P48,67.46408736349406,10844,10500,344,0.0,128.71232449297975,within_univariate_range
12,71,Carreiro:C48,0.9724063962558502,10844,10844,0,0.30894110764430577,0.999780616224649,within_univariate_range
12,72,Carreiro:P3lag3,0.7609984399375064,10844,10254,590,0.0,33.95967238689533,within_univariate_range
12,73,Carreiro:P3lag6,0.5310452418096151,10844,10255,589,0.0,33.95967238689533,within_univariate_range
12,74,Carreiro:P3lag12,34.291419656786175,10844,10256,588,0.0,33.95967238689533,above_training_max
12,75,Prata-Turvo:P1,5.042466240227422,10844,10843,1,0.0,15.32133972992182,within_univariate_range
12,76,Prata-Turvo:C1,0.9967128642501777,10844,10844,0,0.4924484719260838,1.0,within_univariate_range
12,77,Prata-Turvo:P3,5.242430703624629,10844,10844,0,0.0,33.68379530916843,within_univariate_range
12,78,Prata-Turvo:C3,0.9989042880833927,10844,10844,0,0.5614487088367687,1.0,within_univariate_range
12,79,Prata-Turvo:P6,7.05522388059674,10844,10844,0,0.0,48.720895522388034,within_univariate_range
12,80,Prata-Turvo:C6,0.9994521440416964,10844,10844,0,0.7114279791518597,1.0,within_univariate_range
12,81,Prata-Turvo:P12,49.96545842217444,10844,10844,0,0.0,71.59040511727078,within_univariate_range
12,82,Prata-Turvo:C12,0.9997260720208483,10844,10844,0,0.7505330490405118,1.0,within_univariate_range
12,83,Prata-Turvo:P24,67.40021321961585,10844,10844,0,0.0,102.81648898365322,within_univariate_range
12,84,Prata-Turvo:C24,0.9967535832741057,10844,10844,0,0.5263859275053304,1.0,within_univariate_range
12,85,Prata-Turvo:P48,78.48891257995679,10844,10832,12,0.0,138.82686567164174,within_univariate_range
12,86,Prata-Turvo:C48,0.9968220652688937,10844,10844,0,0.2631929637526652,1.0,within_univariate_range
12,87,Prata-Turvo:P3lag3,1.812793176972111,10844,10844,0,0.0,33.68379530916843,within_univariate_range
12,88,Prata-Turvo:P3lag6,1.291044776119274,10844,10844,0,0.0,33.68379530916843,within_univariate_range
12,89,Prata-Turvo:P3lag12,16.434754797441393,10844,10844,0,0.0,33.68379530916843,within_univariate_range
12,90,Alto Antas:P1,10.764710439666858,10844,10844,0,0.0,20.9462599263994,within_univariate_range
12,91,Alto Antas:C1,0.9989734650397055,10844,10844,0,0.5447414294015107,0.9989734650397055,within_univariate_range
12,92,Alto Antas:P3,27.095409645554856,10844,10844,0,0.0,53.40461359674613,within_univariate_range
12,93,Alto Antas:C3,0.9996578216799018,10844,10844,0,0.6016850668216153,0.9996578216799018,within_univariate_range
12,94,Alto Antas:P6,28.836025566531067,10844,10844,0,0.0,101.60650784427672,within_univariate_range
12,95,Alto Antas:C6,0.9998289108399508,10844,10844,0,0.6170572664471561,0.9998289108399508,within_univariate_range
12,96,Alto Antas:P12,54.02963393375934,10844,10844,0,0.0,200.1177222545035,within_univariate_range
12,97,Alto Antas:C12,0.9880511976241204,10844,10844,0,0.5920734069339532,0.9999144554199755,within_univariate_range
12,98,Alto Antas:P24,110.02173155142346,10844,10840,4,0.0,395.6619407321328,within_univariate_range
12,99,Alto Antas:C24,0.9940255988120602,10844,10844,0,0.3479505616889405,0.9999572277099877,within_univariate_range
12,100,Alto Antas:P48,128.34549680418323,10844,10827,17,0.0,765.0417199302739,within_univariate_range
12,101,Alto Antas:C48,0.9910811705081025,10844,10844,0,0.17397528084447025,0.9999786138549939,within_univariate_range
12,102,Alto Antas:P3lag3,1.7406159209762102,10844,10844,0,0.0,53.40461359674613,within_univariate_range
12,103,Alto Antas:P3lag6,6.007205113306208,10844,10844,0,0.0,53.40461359674613,within_univariate_range
12,104,Alto Antas:P3lag12,31.36188262637996,10844,10842,2,0.0,53.40461359674613,within_univariate_range
12,105,Tainhas:P1,7.3792349726775335,10844,10770,74,0.0,28.33442622950825,within_univariate_range
12,106,Tainhas:C1,1.0,10844,10844,0,0.15846994535519127,1.0,within_univariate_range
12,107,Tainhas:P3,26.92513661202169,10844,10839,5,0.0,28.974316939890905,within_univariate_range
12,108,Tainhas:C3,1.0,10844,10844,0,0.31079234972677594,1.0,within_univariate_range
12,109,Tainhas:P6,30.68251366120226,10844,10844,0,0.0,34.85191256830629,within_univariate_range
12,110,Tainhas:C6,1.0,10844,10844,0,0.5374544626593807,1.0,within_univariate_range
12,111,Tainhas:P12,54.77213114754012,10844,10844,0,0.0,47.25191256830604,above_training_max
12,112,Tainhas:C12,1.0,10844,10844,0,0.644808743169399,1.0,within_univariate_range
12,113,Tainhas:P24,151.28142076502618,10844,10842,2,0.0,75.29672131147566,above_training_max
12,114,Tainhas:C24,1.0,10844,10844,0,0.41897199453551914,1.0,within_univariate_range
12,115,Tainhas:P48,170.17267759562742,10844,10830,14,0.0,92.33934426229328,above_training_max
12,116,Tainhas:C48,1.0,10844,10844,0,0.20948599726775957,1.0,within_univariate_range
12,117,Tainhas:P3lag3,3.7573770491805734,10844,10838,6,0.0,33.38743169398929,within_univariate_range
12,118,Tainhas:P3lag6,5.013661202185409,10844,10838,6,0.0,34.57759562841552,within_univariate_range
12,119,Tainhas:P3lag12,58.19562841530027,10844,10838,6,0.0,34.57759562841552,above_training_max
12,120,gfs_seamless:Baixo Antas:forecastP3,0.0,10844,10844,0,0.0,55.0,within_univariate_range
12,121,gfs_seamless:Baixo Antas:forecastP6,0.0,10844,10844,0,0.0,70.6,within_univariate_range
12,122,gfs_seamless:Baixo Antas:forecastP9,0.0,10844,10844,0,0.0,85.3,within_univariate_range
12,123,gfs_seamless:Baixo Antas:forecastP12,0.0,10844,10844,0,0.0,100.19999999999999,within_univariate_range
12,124,gfs_seamless:Carreiro:forecastP3,0.0,10844,10844,0,0.0,42.900000000000006,within_univariate_range
12,125,gfs_seamless:Carreiro:forecastP6,0.0,10844,10844,0,0.0,55.7,within_univariate_range
12,126,gfs_seamless:Carreiro:forecastP9,0.0,10844,10844,0,0.0,71.6,within_univariate_range
12,127,gfs_seamless:Carreiro:forecastP12,0.0,10844,10844,0,0.0,88.8,within_univariate_range
12,128,gfs_seamless:Prata-Turvo:forecastP3,0.0,10844,10844,0,0.0,41.6,within_univariate_range
12,129,gfs_seamless:Prata-Turvo:forecastP6,0.0,10844,10844,0,0.0,56.8,within_univariate_range
12,130,gfs_seamless:Prata-Turvo:forecastP9,0.0,10844,10844,0,0.0,71.1,within_univariate_range
12,131,gfs_seamless:Prata-Turvo:forecastP12,0.0,10844,10844,0,0.0,76.89999999999999,within_univariate_range
12,132,gfs_seamless:Alto Antas:forecastP3,0.0,10844,10844,0,0.0,61.7,within_univariate_range
12,133,gfs_seamless:Alto Antas:forecastP6,0.0,10844,10844,0,0.0,74.9,within_univariate_range
12,134,gfs_seamless:Alto Antas:forecastP9,0.0,10844,10844,0,0.0,84.1,within_univariate_range
12,135,gfs_seamless:Alto Antas:forecastP12,0.0,10844,10844,0,0.0,84.8,within_univariate_range
12,136,gfs_seamless:Tainhas:forecastP3,0.0,10844,10844,0,0.0,63.2,within_univariate_range
12,137,gfs_seamless:Tainhas:forecastP6,0.0,10844,10844,0,0.0,71.2,within_univariate_range
12,138,gfs_seamless:Tainhas:forecastP9,0.0,10844,10844,0,0.0,83.2,within_univariate_range
12,139,gfs_seamless:Tainhas:forecastP12,0.0,10844,10844,0,0.0,86.1,within_univariate_range
12,140,ecmwf_ifs025:Baixo Antas:forecastP3,0.0,10844,10844,0,0.0,24.0,within_univariate_range
12,141,ecmwf_ifs025:Baixo Antas:forecastP6,0.0,10844,10844,0,0.0,42.0,within_univariate_range
12,142,ecmwf_ifs025:Baixo Antas:forecastP9,0.0,10844,10844,0,0.0,53.699999999999996,within_univariate_range
12,143,ecmwf_ifs025:Baixo Antas:forecastP12,0.0,10844,10844,0,0.0,68.69999999999999,within_univariate_range
12,144,ecmwf_ifs025:Carreiro:forecastP3,0.0,10844,10844,0,0.0,22.799999999999997,within_univariate_range
12,145,ecmwf_ifs025:Carreiro:forecastP6,0.0,10844,10844,0,0.0,43.8,within_univariate_range
12,146,ecmwf_ifs025:Carreiro:forecastP9,0.0,10844,10844,0,0.0,57.300000000000004,within_univariate_range
12,147,ecmwf_ifs025:Carreiro:forecastP12,0.0,10844,10844,0,0.0,69.9,within_univariate_range
12,148,ecmwf_ifs025:Prata-Turvo:forecastP3,0.0,10844,10844,0,0.0,29.400000000000002,within_univariate_range
12,149,ecmwf_ifs025:Prata-Turvo:forecastP6,0.0,10844,10844,0,0.0,48.6,within_univariate_range
12,150,ecmwf_ifs025:Prata-Turvo:forecastP9,0.0,10844,10844,0,0.0,73.2,within_univariate_range
12,151,ecmwf_ifs025:Prata-Turvo:forecastP12,0.0,10844,10844,0,0.0,86.7,within_univariate_range
12,152,ecmwf_ifs025:Alto Antas:forecastP3,0.0,10844,10844,0,0.0,19.799999999999997,within_univariate_range
12,153,ecmwf_ifs025:Alto Antas:forecastP6,0.0,10844,10844,0,0.0,30.6,within_univariate_range
12,154,ecmwf_ifs025:Alto Antas:forecastP9,0.0,10844,10844,0,0.0,44.699999999999996,within_univariate_range
12,155,ecmwf_ifs025:Alto Antas:forecastP12,0.0,10844,10844,0,0.0,52.2,within_univariate_range
12,156,ecmwf_ifs025:Tainhas:forecastP3,0.0,10844,10844,0,0.0,24.599999999999998,within_univariate_range
12,157,ecmwf_ifs025:Tainhas:forecastP6,0.0,10844,10844,0,0.0,41.7,within_univariate_range
12,158,ecmwf_ifs025:Tainhas:forecastP9,0.0,10844,10844,0,0.0,53.7,within_univariate_range
12,159,ecmwf_ifs025:Tainhas:forecastP12,0.0,10844,10844,0,0.0,65.1,within_univariate_range
12,160,icon_global:Baixo Antas:forecastP3,0.0,10844,10765,79,0.0,46.4,within_univariate_range
12,161,icon_global:Baixo Antas:forecastP6,0.0,10844,10762,82,0.0,51.7,within_univariate_range
12,162,icon_global:Baixo Antas:forecastP9,0.0,10844,10759,85,0.0,64.89999999999999,within_univariate_range
12,163,icon_global:Baixo Antas:forecastP12,0.0,10844,10756,88,0.0,77.79999999999998,within_univariate_range
12,164,icon_global:Carreiro:forecastP3,0.0,10844,10765,79,0.0,45.9,within_univariate_range
12,165,icon_global:Carreiro:forecastP6,0.0,10844,10762,82,0.0,65.80000000000001,within_univariate_range
12,166,icon_global:Carreiro:forecastP9,0.0,10844,10759,85,0.0,71.80000000000001,within_univariate_range
12,167,icon_global:Carreiro:forecastP12,0.0,10844,10756,88,0.0,77.4,within_univariate_range
12,168,icon_global:Prata-Turvo:forecastP3,0.0,10844,10765,79,0.0,40.0,within_univariate_range
12,169,icon_global:Prata-Turvo:forecastP6,0.0,10844,10762,82,0.0,55.099999999999994,within_univariate_range
12,170,icon_global:Prata-Turvo:forecastP9,0.0,10844,10759,85,0.0,58.199999999999996,within_univariate_range
12,171,icon_global:Prata-Turvo:forecastP12,0.0,10844,10756,88,0.0,60.400000000000006,within_univariate_range
12,172,icon_global:Alto Antas:forecastP3,0.0,10844,10765,79,0.0,38.8,within_univariate_range
12,173,icon_global:Alto Antas:forecastP6,0.0,10844,10762,82,0.0,55.599999999999994,within_univariate_range
12,174,icon_global:Alto Antas:forecastP9,0.0,10844,10759,85,0.0,63.7,within_univariate_range
12,175,icon_global:Alto Antas:forecastP12,0.0,10844,10756,88,0.0,69.69999999999999,within_univariate_range
12,176,icon_global:Tainhas:forecastP3,0.0,10844,10765,79,0.0,43.0,within_univariate_range
12,177,icon_global:Tainhas:forecastP6,0.0,10844,10762,82,0.0,59.9,within_univariate_range
12,178,icon_global:Tainhas:forecastP9,0.0,10844,10759,85,0.0,63.8,within_univariate_range
12,179,icon_global:Tainhas:forecastP12,0.0,10844,10756,88,0.0,73.6,within_univariate_range
13,0,86510000:H,17.45,10842,10842,0,0.81,15.3,above_training_max
13,1,86510000:dH0.5,0.5,10842,10842,0,-0.4399999999999995,1.1000000000000014,within_univariate_range
13,2,86510000:dH1,0.5399999999999991,10842,10842,0,-0.3899999999999997,1.0299999999999994,within_univariate_range
13,3,86510000:dH2,0.5649999999999995,10842,10842,0,-0.38500000000000023,1.005,within_univariate_range
13,4,86510000:dH4,0.5874999999999999,10842,10842,0,-0.32499999999999973,0.9175000000000002,within_univariate_range
13,5,86510000:dH8,0.78375,10842,10842,0,-0.30625000000000013,0.8225,within_univariate_range
13,6,86472000:H,19.95,10842,10842,0,2.49,15.94,above_training_max
13,7,86472000:dH0.5,0.7999999999999972,10842,10842,0,-0.8399999999999999,1.379999999999999,within_univariate_range
13,8,86472000:dH1,0.5700000000000003,10842,10842,0,-0.7599999999999998,1.2400000000000002,within_univariate_range
13,9,86472000:dH2,0.7149999999999999,10842,10842,0,-0.5800000000000001,1.1099999999999999,within_univariate_range
13,10,86472000:dH4,0.8149999999999995,10842,10842,0,-0.38249999999999995,0.875,within_univariate_range
13,11,86472000:dH8,0.7974999999999999,10842,10842,0,-0.2975000000000001,0.7512499999999999,above_training_max
13,12,86472600:H,16.52,10842,10842,0,1.1,13.36,above_training_max
13,13,86472600:dH0.5,0.5799999999999983,10842,10842,0,-0.41999999999999993,1.1799999999999997,within_univariate_range
13,14,86472600:dH1,0.6199999999999992,10842,10842,0,-0.3700000000000001,1.1199999999999997,within_univariate_range
13,15,86472600:dH2,0.6949999999999994,10842,10842,0,-0.4099999999999997,0.9349999999999998,within_univariate_range
13,16,86472600:dH4,0.7399999999999998,10842,10842,0,-0.3025,0.7350000000000001,above_training_max
13,17,86472600:dH8,0.6824999999999999,10842,10842,0,-0.24124999999999996,0.6699999999999999,above_training_max
13,18,86500000:H,4.332,10842,10842,0,0.6,7.917999999999999,within_univariate_range
13,19,86500000:dH0.5,-0.16000000000000014,10842,10842,0,-1.42,2.3599999999999994,within_univariate_range
13,20,86500000:dH1,-0.16199999999999992,10842,10842,0,-0.8700000000000001,1.3860000000000001,within_univariate_range
13,21,86500000:dH2,-0.15549999999999997,10842,10842,0,-0.605,1.0565000000000002,within_univariate_range
13,22,86500000:dH4,-0.16874999999999996,10842,10842,0,-0.345,0.6527499999999999,within_univariate_range
13,23,86500000:dH8,-0.11312500000000003,10842,10842,0,-0.190125,0.45875000000000005,within_univariate_range
13,24,julho:Q06,4.41758738252053,10842,10842,0,0.09273681166560854,2.9733108475315086,above_training_max
13,25,julho:Q,11.893469999999999,10842,10842,0,0.019,6.148,above_training_max
13,26,julho:I,11.76458,10842,10842,0,0.0,6.195,above_training_max
13,27,julho:dQ1,0.2153217022654621,10842,10842,0,-0.4140417273808631,0.41879285426389345,within_univariate_range
13,28,julho:dQ2,0.1430534591318091,10842,10842,0,-0.21325133678655214,0.3337655907298394,within_univariate_range
13,29,julho:dQ4,0.21924634921225283,10842,10842,0,-0.10938639078412082,0.23257240411926003,within_univariate_range
13,30,julho:dQ8,0.24786370843751632,10842,10842,0,-0.06771036061987953,0.1719696243110594,above_training_max
13,31,monte:Q06,4.29555995959544,10842,10842,0,0.046439843790034595,2.9190073129260052,above_training_max
13,32,monte:Q,11.35097,10842,10842,0,0.006,5.962,above_training_max
13,33,monte:I,11.27597,10842,10842,0,0.0,5.97,above_training_max
13,34,monte:dQ1,-0.06749001110359298,10842,10842,0,-0.48474221983946675,0.3523021957686533,within_univariate_range
13,35,monte:dQ2,-0.050660267650707524,10842,10842,0,-0.24989492264228616,0.22600906566502732,within_univariate_range
13,36,monte:dQ4,0.04746846068798827,10842,10842,0,-0.1046341700799688,0.17117075236796586,within_univariate_range
13,37,monte:dQ8,0.19962397131723225,10842,10842,0,-0.058709426001571946,0.14966588913001427,above_training_max
13,38,castro:Q06,3.331888169957615,10842,10842,0,0.08365116420730187,2.3183542274418922,above_training_max
13,39,castro:Q,7.4327700000000005,10842,10842,0,0.016,4.061,above_training_max
13,40,castro:I,7.10705,10842,10842,0,0.001,4.105,above_training_max
13,41,castro:dQ1,-0.08451607848609566,10842,10842,0,-0.25747399961996087,0.2191084924735245,within_univariate_range
13,42,castro:dQ2,-0.09611384312323468,10842,10842,0,-0.1305422384563114,0.14313986561357062,within_univariate_range
13,43,castro:dQ4,-0.09542390880479967,10842,10842,0,-0.06571096584058289,0.12053050738453186,below_training_min
13,44,castro:dQ8,0.09329007003595974,10842,10842,0,-0.05991768005597145,0.12050576459435042,within_univariate_range
13,45,Baixo Antas:P1,0.7219653179191743,10842,10842,0,0.0,11.990751445086655,within_univariate_range
13,46,Baixo Antas:C1,0.9999999999999999,10842,10842,0,0.5057803468208093,0.9999999999999999,within_univariate_range
13,47,Baixo Antas:P3,1.2664739884393281,10842,10842,0,0.0,24.46502890173408,within_univariate_range
13,48,Baixo Antas:C3,0.9999999999999999,10842,10842,0,0.5958574181117534,0.9999999999999999,within_univariate_range
13,49,Baixo Antas:P6,3.1445086705202954,10842,10842,0,0.0,46.85289017341028,within_univariate_range
13,50,Baixo Antas:C6,0.9999999999999999,10842,10842,0,0.6712427745664741,0.9999999999999999,within_univariate_range
13,51,Baixo Antas:P12,36.060115606936144,10842,10842,0,0.0,68.23988439306346,within_univariate_range
13,52,Baixo Antas:C12,0.9999999999999999,10842,10842,0,0.708092485549133,0.9999999999999999,within_univariate_range
13,53,Baixo Antas:P24,135.29017341040426,10842,10842,0,0.0,108.35722543352557,above_training_max
13,54,Baixo Antas:C24,0.9999999999999999,10842,10842,0,0.5926962909441232,0.9999999999999999,within_univariate_range
13,55,Baixo Antas:P48,150.8381502890167,10842,10832,10,0.0,163.44277456647404,within_univariate_range
13,56,Baixo Antas:C48,0.9999999999999999,10842,10842,0,0.2963481454720616,0.9999999999999999,within_univariate_range
13,57,Baixo Antas:P3lag3,1.878034682080967,10842,10842,0,0.0,24.46502890173408,within_univariate_range
13,58,Baixo Antas:P3lag6,7.195375722543157,10842,10842,0,0.0,24.46502890173408,within_univariate_range
13,59,Baixo Antas:P3lag12,47.55260115606937,10842,10842,0,0.0,24.46502890173408,above_training_max
13,60,Carreiro:P1,0.03962558502340037,10842,10211,631,0.0,18.33510140405621,within_univariate_range
13,61,Carreiro:C1,1.0,10842,10842,0,0.07683307332293292,1.0,within_univariate_range
13,62,Carreiro:P3,0.062090483619323775,10842,10251,591,0.0,33.95967238689533,within_univariate_range
13,63,Carreiro:C3,0.9802392095683827,10842,10842,0,0.10413416536661467,1.0,within_univariate_range
13,64,Carreiro:P6,0.8230889235568302,10842,10280,562,0.0,53.24430577223099,within_univariate_range
13,65,Carreiro:C6,0.9802392095683827,10842,10842,0,0.10588923556942278,1.0,within_univariate_range
13,66,Carreiro:P12,20.975351014040235,10842,10315,527,0.0,65.47223088923546,within_univariate_range
13,67,Carreiro:C12,0.9901196047841914,10842,10842,0,0.10676677067082685,1.0,within_univariate_range
13,68,Carreiro:P24,60.563806552261624,10842,10402,440,0.0,96.96081123244942,within_univariate_range
13,69,Carreiro:C24,0.9703588143525741,10842,10842,0,0.2641868174726989,0.999561232449298,within_univariate_range
13,70,Carreiro:P48,67.46408736349406,10842,10498,344,0.0,128.71232449297975,within_univariate_range
13,71,Carreiro:C48,0.9724063962558502,10842,10842,0,0.30894110764430577,0.999780616224649,within_univariate_range
13,72,Carreiro:P3lag3,0.7609984399375064,10842,10252,590,0.0,33.95967238689533,within_univariate_range
13,73,Carreiro:P3lag6,0.5310452418096151,10842,10253,589,0.0,33.95967238689533,within_univariate_range
13,74,Carreiro:P3lag12,34.291419656786175,10842,10254,588,0.0,33.95967238689533,above_training_max
13,75,Prata-Turvo:P1,5.042466240227422,10842,10841,1,0.0,15.32133972992182,within_univariate_range
13,76,Prata-Turvo:C1,0.9967128642501777,10842,10842,0,0.4924484719260838,1.0,within_univariate_range
13,77,Prata-Turvo:P3,5.242430703624629,10842,10842,0,0.0,33.68379530916843,within_univariate_range
13,78,Prata-Turvo:C3,0.9989042880833927,10842,10842,0,0.5614487088367687,1.0,within_univariate_range
13,79,Prata-Turvo:P6,7.05522388059674,10842,10842,0,0.0,48.720895522388034,within_univariate_range
13,80,Prata-Turvo:C6,0.9994521440416964,10842,10842,0,0.7114279791518597,1.0,within_univariate_range
13,81,Prata-Turvo:P12,49.96545842217444,10842,10842,0,0.0,71.59040511727078,within_univariate_range
13,82,Prata-Turvo:C12,0.9997260720208483,10842,10842,0,0.7505330490405118,1.0,within_univariate_range
13,83,Prata-Turvo:P24,67.40021321961585,10842,10842,0,0.0,102.81648898365322,within_univariate_range
13,84,Prata-Turvo:C24,0.9967535832741057,10842,10842,0,0.5263859275053304,1.0,within_univariate_range
13,85,Prata-Turvo:P48,78.48891257995679,10842,10830,12,0.0,138.82686567164174,within_univariate_range
13,86,Prata-Turvo:C48,0.9968220652688937,10842,10842,0,0.2631929637526652,1.0,within_univariate_range
13,87,Prata-Turvo:P3lag3,1.812793176972111,10842,10842,0,0.0,33.68379530916843,within_univariate_range
13,88,Prata-Turvo:P3lag6,1.291044776119274,10842,10842,0,0.0,33.68379530916843,within_univariate_range
13,89,Prata-Turvo:P3lag12,16.434754797441393,10842,10842,0,0.0,33.68379530916843,within_univariate_range
13,90,Alto Antas:P1,10.764710439666858,10842,10842,0,0.0,20.9462599263994,within_univariate_range
13,91,Alto Antas:C1,0.9989734650397055,10842,10842,0,0.5447414294015107,0.9989734650397055,within_univariate_range
13,92,Alto Antas:P3,27.095409645554856,10842,10842,0,0.0,53.40461359674613,within_univariate_range
13,93,Alto Antas:C3,0.9996578216799018,10842,10842,0,0.6016850668216153,0.9996578216799018,within_univariate_range
13,94,Alto Antas:P6,28.836025566531067,10842,10842,0,0.0,101.60650784427672,within_univariate_range
13,95,Alto Antas:C6,0.9998289108399508,10842,10842,0,0.6170572664471561,0.9998289108399508,within_univariate_range
13,96,Alto Antas:P12,54.02963393375934,10842,10842,0,0.0,200.1177222545035,within_univariate_range
13,97,Alto Antas:C12,0.9880511976241204,10842,10842,0,0.5920734069339532,0.9999144554199755,within_univariate_range
13,98,Alto Antas:P24,110.02173155142346,10842,10838,4,0.0,395.6619407321328,within_univariate_range
13,99,Alto Antas:C24,0.9940255988120602,10842,10842,0,0.3479505616889405,0.9999572277099877,within_univariate_range
13,100,Alto Antas:P48,128.34549680418323,10842,10825,17,0.0,765.0417199302739,within_univariate_range
13,101,Alto Antas:C48,0.9910811705081025,10842,10842,0,0.17397528084447025,0.9999786138549939,within_univariate_range
13,102,Alto Antas:P3lag3,1.7406159209762102,10842,10842,0,0.0,53.40461359674613,within_univariate_range
13,103,Alto Antas:P3lag6,6.007205113306208,10842,10842,0,0.0,53.40461359674613,within_univariate_range
13,104,Alto Antas:P3lag12,31.36188262637996,10842,10840,2,0.0,53.40461359674613,within_univariate_range
13,105,Tainhas:P1,7.3792349726775335,10842,10769,73,0.0,28.33442622950825,within_univariate_range
13,106,Tainhas:C1,1.0,10842,10842,0,0.15846994535519127,1.0,within_univariate_range
13,107,Tainhas:P3,26.92513661202169,10842,10837,5,0.0,28.974316939890905,within_univariate_range
13,108,Tainhas:C3,1.0,10842,10842,0,0.31079234972677594,1.0,within_univariate_range
13,109,Tainhas:P6,30.68251366120226,10842,10842,0,0.0,34.85191256830629,within_univariate_range
13,110,Tainhas:C6,1.0,10842,10842,0,0.5374544626593807,1.0,within_univariate_range
13,111,Tainhas:P12,54.77213114754012,10842,10842,0,0.0,47.25191256830604,above_training_max
13,112,Tainhas:C12,1.0,10842,10842,0,0.644808743169399,1.0,within_univariate_range
13,113,Tainhas:P24,151.28142076502618,10842,10840,2,0.0,75.29672131147566,above_training_max
13,114,Tainhas:C24,1.0,10842,10842,0,0.41897199453551914,1.0,within_univariate_range
13,115,Tainhas:P48,170.17267759562742,10842,10828,14,0.0,92.33934426229328,above_training_max
13,116,Tainhas:C48,1.0,10842,10842,0,0.20948599726775957,1.0,within_univariate_range
13,117,Tainhas:P3lag3,3.7573770491805734,10842,10836,6,0.0,33.38743169398929,within_univariate_range
13,118,Tainhas:P3lag6,5.013661202185409,10842,10836,6,0.0,34.57759562841552,within_univariate_range
13,119,Tainhas:P3lag12,58.19562841530027,10842,10836,6,0.0,34.57759562841552,above_training_max
13,120,gfs_seamless:Baixo Antas:forecastP3,0.0,10842,10842,0,0.0,55.0,within_univariate_range
13,121,gfs_seamless:Baixo Antas:forecastP6,0.0,10842,10842,0,0.0,70.6,within_univariate_range
13,122,gfs_seamless:Baixo Antas:forecastP9,0.0,10842,10842,0,0.0,85.3,within_univariate_range
13,123,gfs_seamless:Baixo Antas:forecastP12,0.0,10842,10842,0,0.0,100.19999999999999,within_univariate_range
13,124,gfs_seamless:Carreiro:forecastP3,0.0,10842,10842,0,0.0,42.900000000000006,within_univariate_range
13,125,gfs_seamless:Carreiro:forecastP6,0.0,10842,10842,0,0.0,55.7,within_univariate_range
13,126,gfs_seamless:Carreiro:forecastP9,0.0,10842,10842,0,0.0,71.6,within_univariate_range
13,127,gfs_seamless:Carreiro:forecastP12,0.0,10842,10842,0,0.0,88.8,within_univariate_range
13,128,gfs_seamless:Prata-Turvo:forecastP3,0.0,10842,10842,0,0.0,41.6,within_univariate_range
13,129,gfs_seamless:Prata-Turvo:forecastP6,0.0,10842,10842,0,0.0,56.8,within_univariate_range
13,130,gfs_seamless:Prata-Turvo:forecastP9,0.0,10842,10842,0,0.0,71.1,within_univariate_range
13,131,gfs_seamless:Prata-Turvo:forecastP12,0.0,10842,10842,0,0.0,76.89999999999999,within_univariate_range
13,132,gfs_seamless:Alto Antas:forecastP3,0.0,10842,10842,0,0.0,61.7,within_univariate_range
13,133,gfs_seamless:Alto Antas:forecastP6,0.0,10842,10842,0,0.0,74.9,within_univariate_range
13,134,gfs_seamless:Alto Antas:forecastP9,0.0,10842,10842,0,0.0,84.1,within_univariate_range
13,135,gfs_seamless:Alto Antas:forecastP12,0.0,10842,10842,0,0.0,84.8,within_univariate_range
13,136,gfs_seamless:Tainhas:forecastP3,0.0,10842,10842,0,0.0,63.2,within_univariate_range
13,137,gfs_seamless:Tainhas:forecastP6,0.0,10842,10842,0,0.0,71.2,within_univariate_range
13,138,gfs_seamless:Tainhas:forecastP9,0.0,10842,10842,0,0.0,83.2,within_univariate_range
13,139,gfs_seamless:Tainhas:forecastP12,0.0,10842,10842,0,0.0,86.1,within_univariate_range
13,140,ecmwf_ifs025:Baixo Antas:forecastP3,0.0,10842,10842,0,0.0,24.0,within_univariate_range
13,141,ecmwf_ifs025:Baixo Antas:forecastP6,0.0,10842,10842,0,0.0,42.0,within_univariate_range
13,142,ecmwf_ifs025:Baixo Antas:forecastP9,0.0,10842,10842,0,0.0,53.699999999999996,within_univariate_range
13,143,ecmwf_ifs025:Baixo Antas:forecastP12,0.0,10842,10842,0,0.0,68.69999999999999,within_univariate_range
13,144,ecmwf_ifs025:Carreiro:forecastP3,0.0,10842,10842,0,0.0,22.799999999999997,within_univariate_range
13,145,ecmwf_ifs025:Carreiro:forecastP6,0.0,10842,10842,0,0.0,43.8,within_univariate_range
13,146,ecmwf_ifs025:Carreiro:forecastP9,0.0,10842,10842,0,0.0,57.300000000000004,within_univariate_range
13,147,ecmwf_ifs025:Carreiro:forecastP12,0.0,10842,10842,0,0.0,69.9,within_univariate_range
13,148,ecmwf_ifs025:Prata-Turvo:forecastP3,0.0,10842,10842,0,0.0,29.400000000000002,within_univariate_range
13,149,ecmwf_ifs025:Prata-Turvo:forecastP6,0.0,10842,10842,0,0.0,48.6,within_univariate_range
13,150,ecmwf_ifs025:Prata-Turvo:forecastP9,0.0,10842,10842,0,0.0,73.2,within_univariate_range
13,151,ecmwf_ifs025:Prata-Turvo:forecastP12,0.0,10842,10842,0,0.0,86.7,within_univariate_range
13,152,ecmwf_ifs025:Alto Antas:forecastP3,0.0,10842,10842,0,0.0,19.799999999999997,within_univariate_range
13,153,ecmwf_ifs025:Alto Antas:forecastP6,0.0,10842,10842,0,0.0,30.6,within_univariate_range
13,154,ecmwf_ifs025:Alto Antas:forecastP9,0.0,10842,10842,0,0.0,44.699999999999996,within_univariate_range
13,155,ecmwf_ifs025:Alto Antas:forecastP12,0.0,10842,10842,0,0.0,52.2,within_univariate_range
13,156,ecmwf_ifs025:Tainhas:forecastP3,0.0,10842,10842,0,0.0,24.599999999999998,within_univariate_range
13,157,ecmwf_ifs025:Tainhas:forecastP6,0.0,10842,10842,0,0.0,41.7,within_univariate_range
13,158,ecmwf_ifs025:Tainhas:forecastP9,0.0,10842,10842,0,0.0,53.7,within_univariate_range
13,159,ecmwf_ifs025:Tainhas:forecastP12,0.0,10842,10842,0,0.0,65.1,within_univariate_range
13,160,icon_global:Baixo Antas:forecastP3,0.0,10842,10763,79,0.0,46.4,within_univariate_range
13,161,icon_global:Baixo Antas:forecastP6,0.0,10842,10760,82,0.0,51.7,within_univariate_range
13,162,icon_global:Baixo Antas:forecastP9,0.0,10842,10757,85,0.0,64.89999999999999,within_univariate_range
13,163,icon_global:Baixo Antas:forecastP12,0.0,10842,10754,88,0.0,77.79999999999998,within_univariate_range
13,164,icon_global:Carreiro:forecastP3,0.0,10842,10763,79,0.0,45.9,within_univariate_range
13,165,icon_global:Carreiro:forecastP6,0.0,10842,10760,82,0.0,65.80000000000001,within_univariate_range
13,166,icon_global:Carreiro:forecastP9,0.0,10842,10757,85,0.0,71.80000000000001,within_univariate_range
13,167,icon_global:Carreiro:forecastP12,0.0,10842,10754,88,0.0,77.4,within_univariate_range
13,168,icon_global:Prata-Turvo:forecastP3,0.0,10842,10763,79,0.0,40.0,within_univariate_range
13,169,icon_global:Prata-Turvo:forecastP6,0.0,10842,10760,82,0.0,55.099999999999994,within_univariate_range
13,170,icon_global:Prata-Turvo:forecastP9,0.0,10842,10757,85,0.0,58.199999999999996,within_univariate_range
13,171,icon_global:Prata-Turvo:forecastP12,0.0,10842,10754,88,0.0,60.400000000000006,within_univariate_range
13,172,icon_global:Alto Antas:forecastP3,0.0,10842,10763,79,0.0,38.8,within_univariate_range
13,173,icon_global:Alto Antas:forecastP6,0.0,10842,10760,82,0.0,55.599999999999994,within_univariate_range
13,174,icon_global:Alto Antas:forecastP9,0.0,10842,10757,85,0.0,63.7,within_univariate_range
13,175,icon_global:Alto Antas:forecastP12,0.0,10842,10754,88,0.0,69.69999999999999,within_univariate_range
13,176,icon_global:Tainhas:forecastP3,0.0,10842,10763,79,0.0,43.0,within_univariate_range
13,177,icon_global:Tainhas:forecastP6,0.0,10842,10760,82,0.0,59.9,within_univariate_range
13,178,icon_global:Tainhas:forecastP9,0.0,10842,10757,85,0.0,63.8,within_univariate_range
13,179,icon_global:Tainhas:forecastP12,0.0,10842,10754,88,0.0,73.6,within_univariate_range
14,0,86510000:H,17.45,10843,10843,0,0.81,15.3,above_training_max
14,1,86510000:dH0.5,0.5,10843,10843,0,-0.4399999999999995,1.1000000000000014,within_univariate_range
14,2,86510000:dH1,0.5399999999999991,10843,10843,0,-0.3899999999999997,1.0299999999999994,within_univariate_range
14,3,86510000:dH2,0.5649999999999995,10843,10843,0,-0.38500000000000023,1.005,within_univariate_range
14,4,86510000:dH4,0.5874999999999999,10843,10843,0,-0.32499999999999973,0.9175000000000002,within_univariate_range
14,5,86510000:dH8,0.78375,10843,10843,0,-0.30625000000000013,0.8225,within_univariate_range
14,6,86472000:H,19.95,10843,10843,0,2.49,15.94,above_training_max
14,7,86472000:dH0.5,0.7999999999999972,10843,10843,0,-0.6799999999999997,1.379999999999999,within_univariate_range
14,8,86472000:dH1,0.5700000000000003,10843,10843,0,-0.6400000000000006,1.2400000000000002,within_univariate_range
14,9,86472000:dH2,0.7149999999999999,10843,10843,0,-0.5400000000000003,1.1099999999999999,within_univariate_range
14,10,86472000:dH4,0.8149999999999995,10843,10843,0,-0.39250000000000007,0.875,within_univariate_range
14,11,86472000:dH8,0.7974999999999999,10843,10843,0,-0.2975000000000001,0.7512499999999999,above_training_max
14,12,86472600:H,16.52,10843,10843,0,1.1,13.36,above_training_max
14,13,86472600:dH0.5,0.5799999999999983,10843,10843,0,-0.4599999999999991,1.1799999999999997,within_univariate_range
14,14,86472600:dH1,0.6199999999999992,10843,10843,0,-0.4499999999999993,1.1199999999999997,within_univariate_range
14,15,86472600:dH2,0.6949999999999994,10843,10843,0,-0.4099999999999997,0.9349999999999998,within_univariate_range
14,16,86472600:dH4,0.7399999999999998,10843,10843,0,-0.3025,0.7350000000000001,above_training_max
14,17,86472600:dH8,0.6824999999999999,10843,10843,0,-0.24124999999999996,0.6699999999999999,above_training_max
14,18,86500000:H,4.332,10843,10843,0,0.6,7.917999999999999,within_univariate_range
14,19,86500000:dH0.5,-0.16000000000000014,10843,10843,0,-1.42,2.3599999999999994,within_univariate_range
14,20,86500000:dH1,-0.16199999999999992,10843,10843,0,-0.8700000000000001,1.3860000000000001,within_univariate_range
14,21,86500000:dH2,-0.15549999999999997,10843,10843,0,-0.605,1.0565000000000002,within_univariate_range
14,22,86500000:dH4,-0.16874999999999996,10843,10843,0,-0.345,0.6527499999999999,within_univariate_range
14,23,86500000:dH8,-0.11312500000000003,10843,10843,0,-0.190125,0.45875000000000005,within_univariate_range
14,24,julho:Q06,4.41758738252053,10843,10843,0,0.09273681166560854,2.9733108475315086,above_training_max
14,25,julho:Q,11.893469999999999,10843,10843,0,0.019,6.148,above_training_max
14,26,julho:I,11.76458,10843,10843,0,0.0,6.195,above_training_max
14,27,julho:dQ1,0.2153217022654621,10843,10843,0,-0.4140417273808631,0.41879285426389345,within_univariate_range
14,28,julho:dQ2,0.1430534591318091,10843,10843,0,-0.21325133678655214,0.3337655907298394,within_univariate_range
14,29,julho:dQ4,0.21924634921225283,10843,10843,0,-0.10938639078412082,0.23257240411926003,within_univariate_range
14,30,julho:dQ8,0.24786370843751632,10843,10843,0,-0.06771036061987953,0.1719696243110594,above_training_max
14,31,monte:Q06,4.29555995959544,10843,10843,0,0.046439843790034595,2.9190073129260052,above_training_max
14,32,monte:Q,11.35097,10843,10843,0,0.006,5.962,above_training_max
14,33,monte:I,11.27597,10843,10843,0,0.0,5.97,above_training_max
14,34,monte:dQ1,-0.06749001110359298,10843,10843,0,-0.48474221983946675,0.3523021957686533,within_univariate_range
14,35,monte:dQ2,-0.050660267650707524,10843,10843,0,-0.24989492264228616,0.22600906566502732,within_univariate_range
14,36,monte:dQ4,0.04746846068798827,10843,10843,0,-0.1046341700799688,0.17117075236796586,within_univariate_range
14,37,monte:dQ8,0.19962397131723225,10843,10843,0,-0.058709426001571946,0.14966588913001427,above_training_max
14,38,castro:Q06,3.331888169957615,10843,10843,0,0.08365116420730187,2.3183542274418922,above_training_max
14,39,castro:Q,7.4327700000000005,10843,10843,0,0.016,4.061,above_training_max
14,40,castro:I,7.10705,10843,10843,0,0.001,4.105,above_training_max
14,41,castro:dQ1,-0.08451607848609566,10843,10843,0,-0.25747399961996087,0.2191084924735245,within_univariate_range
14,42,castro:dQ2,-0.09611384312323468,10843,10843,0,-0.1305422384563114,0.14313986561357062,within_univariate_range
14,43,castro:dQ4,-0.09542390880479967,10843,10843,0,-0.06571096584058289,0.12053050738453186,below_training_min
14,44,castro:dQ8,0.09329007003595974,10843,10843,0,-0.05991768005597145,0.12050576459435042,within_univariate_range
14,45,Baixo Antas:P1,0.7219653179191743,10843,10843,0,0.0,11.990751445086655,within_univariate_range
14,46,Baixo Antas:C1,0.9999999999999999,10843,10843,0,0.5057803468208093,0.9999999999999999,within_univariate_range
14,47,Baixo Antas:P3,1.2664739884393281,10843,10843,0,0.0,24.46502890173408,within_univariate_range
14,48,Baixo Antas:C3,0.9999999999999999,10843,10843,0,0.5958574181117534,0.9999999999999999,within_univariate_range
14,49,Baixo Antas:P6,3.1445086705202954,10843,10843,0,0.0,46.85289017341028,within_univariate_range
14,50,Baixo Antas:C6,0.9999999999999999,10843,10843,0,0.6712427745664741,0.9999999999999999,within_univariate_range
14,51,Baixo Antas:P12,36.060115606936144,10843,10843,0,0.0,68.23988439306346,within_univariate_range
14,52,Baixo Antas:C12,0.9999999999999999,10843,10843,0,0.708092485549133,0.9999999999999999,within_univariate_range
14,53,Baixo Antas:P24,135.29017341040426,10843,10843,0,0.0,108.35722543352557,above_training_max
14,54,Baixo Antas:C24,0.9999999999999999,10843,10843,0,0.5926962909441232,0.9999999999999999,within_univariate_range
14,55,Baixo Antas:P48,150.8381502890167,10843,10833,10,0.0,163.44277456647404,within_univariate_range
14,56,Baixo Antas:C48,0.9999999999999999,10843,10843,0,0.2963481454720616,0.9999999999999999,within_univariate_range
14,57,Baixo Antas:P3lag3,1.878034682080967,10843,10843,0,0.0,24.46502890173408,within_univariate_range
14,58,Baixo Antas:P3lag6,7.195375722543157,10843,10843,0,0.0,24.46502890173408,within_univariate_range
14,59,Baixo Antas:P3lag12,47.55260115606937,10843,10843,0,0.0,24.46502890173408,above_training_max
14,60,Carreiro:P1,0.03962558502340037,10843,10212,631,0.0,18.33510140405621,within_univariate_range
14,61,Carreiro:C1,1.0,10843,10843,0,0.07683307332293292,1.0,within_univariate_range
14,62,Carreiro:P3,0.062090483619323775,10843,10252,591,0.0,33.95967238689533,within_univariate_range
14,63,Carreiro:C3,0.9802392095683827,10843,10843,0,0.10413416536661467,1.0,within_univariate_range
14,64,Carreiro:P6,0.8230889235568302,10843,10281,562,0.0,53.24430577223099,within_univariate_range
14,65,Carreiro:C6,0.9802392095683827,10843,10843,0,0.10588923556942278,1.0,within_univariate_range
14,66,Carreiro:P12,20.975351014040235,10843,10316,527,0.0,65.47223088923546,within_univariate_range
14,67,Carreiro:C12,0.9901196047841914,10843,10843,0,0.10676677067082685,1.0,within_univariate_range
14,68,Carreiro:P24,60.563806552261624,10843,10403,440,0.0,96.96081123244942,within_univariate_range
14,69,Carreiro:C24,0.9703588143525741,10843,10843,0,0.2641868174726989,0.999561232449298,within_univariate_range
14,70,Carreiro:P48,67.46408736349406,10843,10499,344,0.0,128.71232449297975,within_univariate_range
14,71,Carreiro:C48,0.9724063962558502,10843,10843,0,0.30894110764430577,0.999780616224649,within_univariate_range
14,72,Carreiro:P3lag3,0.7609984399375064,10843,10253,590,0.0,33.95967238689533,within_univariate_range
14,73,Carreiro:P3lag6,0.5310452418096151,10843,10254,589,0.0,33.95967238689533,within_univariate_range
14,74,Carreiro:P3lag12,34.291419656786175,10843,10255,588,0.0,33.95967238689533,above_training_max
14,75,Prata-Turvo:P1,5.042466240227422,10843,10842,1,0.0,15.32133972992182,within_univariate_range
14,76,Prata-Turvo:C1,0.9967128642501777,10843,10843,0,0.4924484719260838,1.0,within_univariate_range
14,77,Prata-Turvo:P3,5.242430703624629,10843,10843,0,0.0,33.68379530916843,within_univariate_range
14,78,Prata-Turvo:C3,0.9989042880833927,10843,10843,0,0.5614487088367687,1.0,within_univariate_range
14,79,Prata-Turvo:P6,7.05522388059674,10843,10843,0,0.0,48.720895522388034,within_univariate_range
14,80,Prata-Turvo:C6,0.9994521440416964,10843,10843,0,0.7114279791518597,1.0,within_univariate_range
14,81,Prata-Turvo:P12,49.96545842217444,10843,10843,0,0.0,71.59040511727078,within_univariate_range
14,82,Prata-Turvo:C12,0.9997260720208483,10843,10843,0,0.7505330490405118,1.0,within_univariate_range
14,83,Prata-Turvo:P24,67.40021321961585,10843,10843,0,0.0,102.81648898365322,within_univariate_range
14,84,Prata-Turvo:C24,0.9967535832741057,10843,10843,0,0.5263859275053304,1.0,within_univariate_range
14,85,Prata-Turvo:P48,78.48891257995679,10843,10831,12,0.0,138.82686567164174,within_univariate_range
14,86,Prata-Turvo:C48,0.9968220652688937,10843,10843,0,0.2631929637526652,1.0,within_univariate_range
14,87,Prata-Turvo:P3lag3,1.812793176972111,10843,10843,0,0.0,33.68379530916843,within_univariate_range
14,88,Prata-Turvo:P3lag6,1.291044776119274,10843,10843,0,0.0,33.68379530916843,within_univariate_range
14,89,Prata-Turvo:P3lag12,16.434754797441393,10843,10843,0,0.0,33.68379530916843,within_univariate_range
14,90,Alto Antas:P1,10.764710439666858,10843,10843,0,0.0,20.9462599263994,within_univariate_range
14,91,Alto Antas:C1,0.9989734650397055,10843,10843,0,0.5447414294015107,0.9989734650397055,within_univariate_range
14,92,Alto Antas:P3,27.095409645554856,10843,10843,0,0.0,53.40461359674613,within_univariate_range
14,93,Alto Antas:C3,0.9996578216799018,10843,10843,0,0.6016850668216153,0.9996578216799018,within_univariate_range
14,94,Alto Antas:P6,28.836025566531067,10843,10843,0,0.0,101.60650784427672,within_univariate_range
14,95,Alto Antas:C6,0.9998289108399508,10843,10843,0,0.6170572664471561,0.9998289108399508,within_univariate_range
14,96,Alto Antas:P12,54.02963393375934,10843,10843,0,0.0,200.1177222545035,within_univariate_range
14,97,Alto Antas:C12,0.9880511976241204,10843,10843,0,0.5920734069339532,0.9999144554199755,within_univariate_range
14,98,Alto Antas:P24,110.02173155142346,10843,10839,4,0.0,395.6619407321328,within_univariate_range
14,99,Alto Antas:C24,0.9940255988120602,10843,10843,0,0.3479505616889405,0.9999572277099877,within_univariate_range
14,100,Alto Antas:P48,128.34549680418323,10843,10826,17,0.0,765.0417199302739,within_univariate_range
14,101,Alto Antas:C48,0.9910811705081025,10843,10843,0,0.17397528084447025,0.9999786138549939,within_univariate_range
14,102,Alto Antas:P3lag3,1.7406159209762102,10843,10843,0,0.0,53.40461359674613,within_univariate_range
14,103,Alto Antas:P3lag6,6.007205113306208,10843,10843,0,0.0,53.40461359674613,within_univariate_range
14,104,Alto Antas:P3lag12,31.36188262637996,10843,10841,2,0.0,53.40461359674613,within_univariate_range
14,105,Tainhas:P1,7.3792349726775335,10843,10769,74,0.0,28.33442622950825,within_univariate_range
14,106,Tainhas:C1,1.0,10843,10843,0,0.15846994535519127,1.0,within_univariate_range
14,107,Tainhas:P3,26.92513661202169,10843,10838,5,0.0,28.974316939890905,within_univariate_range
14,108,Tainhas:C3,1.0,10843,10843,0,0.31079234972677594,1.0,within_univariate_range
14,109,Tainhas:P6,30.68251366120226,10843,10843,0,0.0,34.85191256830629,within_univariate_range
14,110,Tainhas:C6,1.0,10843,10843,0,0.5374544626593807,1.0,within_univariate_range
14,111,Tainhas:P12,54.77213114754012,10843,10843,0,0.0,47.25191256830604,above_training_max
14,112,Tainhas:C12,1.0,10843,10843,0,0.644808743169399,1.0,within_univariate_range
14,113,Tainhas:P24,151.28142076502618,10843,10841,2,0.0,75.29672131147566,above_training_max
14,114,Tainhas:C24,1.0,10843,10843,0,0.41897199453551914,1.0,within_univariate_range
14,115,Tainhas:P48,170.17267759562742,10843,10829,14,0.0,92.33934426229328,above_training_max
14,116,Tainhas:C48,1.0,10843,10843,0,0.20948599726775957,1.0,within_univariate_range
14,117,Tainhas:P3lag3,3.7573770491805734,10843,10837,6,0.0,33.38743169398929,within_univariate_range
14,118,Tainhas:P3lag6,5.013661202185409,10843,10837,6,0.0,34.57759562841552,within_univariate_range
14,119,Tainhas:P3lag12,58.19562841530027,10843,10837,6,0.0,34.57759562841552,above_training_max
14,120,gfs_seamless:Baixo Antas:forecastP3,0.0,10843,10843,0,0.0,55.0,within_univariate_range
14,121,gfs_seamless:Baixo Antas:forecastP6,0.0,10843,10843,0,0.0,70.6,within_univariate_range
14,122,gfs_seamless:Baixo Antas:forecastP9,0.0,10843,10843,0,0.0,85.3,within_univariate_range
14,123,gfs_seamless:Baixo Antas:forecastP12,0.0,10843,10843,0,0.0,100.19999999999999,within_univariate_range
14,124,gfs_seamless:Carreiro:forecastP3,0.0,10843,10843,0,0.0,42.900000000000006,within_univariate_range
14,125,gfs_seamless:Carreiro:forecastP6,0.0,10843,10843,0,0.0,55.7,within_univariate_range
14,126,gfs_seamless:Carreiro:forecastP9,0.0,10843,10843,0,0.0,71.6,within_univariate_range
14,127,gfs_seamless:Carreiro:forecastP12,0.0,10843,10843,0,0.0,88.8,within_univariate_range
14,128,gfs_seamless:Prata-Turvo:forecastP3,0.0,10843,10843,0,0.0,41.6,within_univariate_range
14,129,gfs_seamless:Prata-Turvo:forecastP6,0.0,10843,10843,0,0.0,56.8,within_univariate_range
14,130,gfs_seamless:Prata-Turvo:forecastP9,0.0,10843,10843,0,0.0,71.1,within_univariate_range
14,131,gfs_seamless:Prata-Turvo:forecastP12,0.0,10843,10843,0,0.0,76.89999999999999,within_univariate_range
14,132,gfs_seamless:Alto Antas:forecastP3,0.0,10843,10843,0,0.0,61.7,within_univariate_range
14,133,gfs_seamless:Alto Antas:forecastP6,0.0,10843,10843,0,0.0,74.9,within_univariate_range
14,134,gfs_seamless:Alto Antas:forecastP9,0.0,10843,10843,0,0.0,84.1,within_univariate_range
14,135,gfs_seamless:Alto Antas:forecastP12,0.0,10843,10843,0,0.0,84.8,within_univariate_range
14,136,gfs_seamless:Tainhas:forecastP3,0.0,10843,10843,0,0.0,63.2,within_univariate_range
14,137,gfs_seamless:Tainhas:forecastP6,0.0,10843,10843,0,0.0,71.2,within_univariate_range
14,138,gfs_seamless:Tainhas:forecastP9,0.0,10843,10843,0,0.0,83.2,within_univariate_range
14,139,gfs_seamless:Tainhas:forecastP12,0.0,10843,10843,0,0.0,86.1,within_univariate_range
14,140,ecmwf_ifs025:Baixo Antas:forecastP3,0.0,10843,10843,0,0.0,24.0,within_univariate_range
14,141,ecmwf_ifs025:Baixo Antas:forecastP6,0.0,10843,10843,0,0.0,42.0,within_univariate_range
14,142,ecmwf_ifs025:Baixo Antas:forecastP9,0.0,10843,10843,0,0.0,53.699999999999996,within_univariate_range
14,143,ecmwf_ifs025:Baixo Antas:forecastP12,0.0,10843,10843,0,0.0,68.69999999999999,within_univariate_range
14,144,ecmwf_ifs025:Carreiro:forecastP3,0.0,10843,10843,0,0.0,22.799999999999997,within_univariate_range
14,145,ecmwf_ifs025:Carreiro:forecastP6,0.0,10843,10843,0,0.0,43.8,within_univariate_range
14,146,ecmwf_ifs025:Carreiro:forecastP9,0.0,10843,10843,0,0.0,57.300000000000004,within_univariate_range
14,147,ecmwf_ifs025:Carreiro:forecastP12,0.0,10843,10843,0,0.0,69.9,within_univariate_range
14,148,ecmwf_ifs025:Prata-Turvo:forecastP3,0.0,10843,10843,0,0.0,29.400000000000002,within_univariate_range
14,149,ecmwf_ifs025:Prata-Turvo:forecastP6,0.0,10843,10843,0,0.0,48.6,within_univariate_range
14,150,ecmwf_ifs025:Prata-Turvo:forecastP9,0.0,10843,10843,0,0.0,73.2,within_univariate_range
14,151,ecmwf_ifs025:Prata-Turvo:forecastP12,0.0,10843,10843,0,0.0,86.7,within_univariate_range
14,152,ecmwf_ifs025:Alto Antas:forecastP3,0.0,10843,10843,0,0.0,19.799999999999997,within_univariate_range
14,153,ecmwf_ifs025:Alto Antas:forecastP6,0.0,10843,10843,0,0.0,30.6,within_univariate_range
14,154,ecmwf_ifs025:Alto Antas:forecastP9,0.0,10843,10843,0,0.0,44.699999999999996,within_univariate_range
14,155,ecmwf_ifs025:Alto Antas:forecastP12,0.0,10843,10843,0,0.0,52.2,within_univariate_range
14,156,ecmwf_ifs025:Tainhas:forecastP3,0.0,10843,10843,0,0.0,24.599999999999998,within_univariate_range
14,157,ecmwf_ifs025:Tainhas:forecastP6,0.0,10843,10843,0,0.0,41.7,within_univariate_range
14,158,ecmwf_ifs025:Tainhas:forecastP9,0.0,10843,10843,0,0.0,53.7,within_univariate_range
14,159,ecmwf_ifs025:Tainhas:forecastP12,0.0,10843,10843,0,0.0,65.1,within_univariate_range
14,160,icon_global:Baixo Antas:forecastP3,0.0,10843,10764,79,0.0,46.4,within_univariate_range
14,161,icon_global:Baixo Antas:forecastP6,0.0,10843,10761,82,0.0,51.7,within_univariate_range
14,162,icon_global:Baixo Antas:forecastP9,0.0,10843,10758,85,0.0,64.89999999999999,within_univariate_range
14,163,icon_global:Baixo Antas:forecastP12,0.0,10843,10755,88,0.0,77.79999999999998,within_univariate_range
14,164,icon_global:Carreiro:forecastP3,0.0,10843,10764,79,0.0,45.9,within_univariate_range
14,165,icon_global:Carreiro:forecastP6,0.0,10843,10761,82,0.0,65.80000000000001,within_univariate_range
14,166,icon_global:Carreiro:forecastP9,0.0,10843,10758,85,0.0,71.80000000000001,within_univariate_range
14,167,icon_global:Carreiro:forecastP12,0.0,10843,10755,88,0.0,77.4,within_univariate_range
14,168,icon_global:Prata-Turvo:forecastP3,0.0,10843,10764,79,0.0,40.0,within_univariate_range
14,169,icon_global:Prata-Turvo:forecastP6,0.0,10843,10761,82,0.0,55.099999999999994,within_univariate_range
14,170,icon_global:Prata-Turvo:forecastP9,0.0,10843,10758,85,0.0,58.199999999999996,within_univariate_range
14,171,icon_global:Prata-Turvo:forecastP12,0.0,10843,10755,88,0.0,60.400000000000006,within_univariate_range
14,172,icon_global:Alto Antas:forecastP3,0.0,10843,10764,79,0.0,38.8,within_univariate_range
14,173,icon_global:Alto Antas:forecastP6,0.0,10843,10761,82,0.0,55.599999999999994,within_univariate_range
14,174,icon_global:Alto Antas:forecastP9,0.0,10843,10758,85,0.0,63.7,within_univariate_range
14,175,icon_global:Alto Antas:forecastP12,0.0,10843,10755,88,0.0,69.69999999999999,within_univariate_range
14,176,icon_global:Tainhas:forecastP3,0.0,10843,10764,79,0.0,43.0,within_univariate_range
14,177,icon_global:Tainhas:forecastP6,0.0,10843,10761,82,0.0,59.9,within_univariate_range
14,178,icon_global:Tainhas:forecastP9,0.0,10843,10758,85,0.0,63.8,within_univariate_range
14,179,icon_global:Tainhas:forecastP12,0.0,10843,10755,88,0.0,73.6,within_univariate_range
