month,id,variable,from_time_original,to_time_original,from_value,to_value,difference,source_file,from_line,to_line
2,JIUHCA,val_nivelmontante,2023-02-20 18:00:00,2023-02-20 19:00:00,239.65,239.73,0.07999999999998408,raw/DADOS_HIDROLOGICOS_HO_2023_02.csv,38043,38044
2,JIUHCA,val_nivelmontante,2023-02-20 16:00:00,2023-02-20 17:00:00,239.51,239.58,0.0700000000000216,raw/DADOS_HIDROLOGICOS_HO_2023_02.csv,38041,38042
2,JIUHCA,val_nivelmontante,2023-02-20 17:00:00,2023-02-20 18:00:00,239.58,239.65,0.06999999999999318,raw/DADOS_HIDROLOGICOS_HO_2023_02.csv,38042,38043
2,JIUHCA,val_nivelmontante,2023-02-22 02:00:00,2023-02-22 03:00:00,239.65,239.72,0.06999999999999318,raw/DADOS_HIDROLOGICOS_HO_2023_02.csv,38075,38076
2,JIUHCA,val_nivelmontante,2023-02-25 13:00:00,2023-02-25 14:00:00,239.69,239.62,-0.06999999999999318,raw/DADOS_HIDROLOGICOS_HO_2023_02.csv,38158,38159
2,JIUHCA,val_niveljusante,2023-02-08 23:59:00,2023-02-09 01:00:00,147.94,146.92,-1.0200000000000102,raw/DADOS_HIDROLOGICOS_HO_2023_02.csv,37765,37766
2,JIUHCA,val_niveljusante,2023-02-05 03:00:00,2023-02-05 04:00:00,146.87,147.87,1.0,raw/DADOS_HIDROLOGICOS_HO_2023_02.csv,37672,37673
2,JIUHCA,val_niveljusante,2023-02-05 04:00:00,2023-02-05 05:00:00,147.87,146.87,-1.0,raw/DADOS_HIDROLOGICOS_HO_2023_02.csv,37673,37674
2,JIUHCA,val_niveljusante,2023-02-12 06:00:00,2023-02-12 07:00:00,146.91,147.91,1.0,raw/DADOS_HIDROLOGICOS_HO_2023_02.csv,37843,37844
2,JIUHCA,val_niveljusante,2023-02-12 07:00:00,2023-02-12 08:00:00,147.91,146.91,-1.0,raw/DADOS_HIDROLOGICOS_HO_2023_02.csv,37844,37845
2,JIUHCA,val_volumeutil,2023-02-20 18:00:00,2023-02-20 19:00:00,65.0,73.0,8.0,raw/DADOS_HIDROLOGICOS_HO_2023_02.csv,38043,38044
2,JIUHCA,val_volumeutil,2023-02-20 16:00:00,2023-02-20 17:00:00,51.0,58.0,7.0,raw/DADOS_HIDROLOGICOS_HO_2023_02.csv,38041,38042
2,JIUHCA,val_volumeutil,2023-02-20 17:00:00,2023-02-20 18:00:00,58.0,65.0,7.0,raw/DADOS_HIDROLOGICOS_HO_2023_02.csv,38042,38043
2,JIUHCA,val_volumeutil,2023-02-22 02:00:00,2023-02-22 03:00:00,65.0,72.0,7.0,raw/DADOS_HIDROLOGICOS_HO_2023_02.csv,38075,38076
2,JIUHCA,val_volumeutil,2023-02-25 13:00:00,2023-02-25 14:00:00,69.0,62.0,-7.0,raw/DADOS_HIDROLOGICOS_HO_2023_02.csv,38158,38159
2,JIUHCA,val_vazaoafluente,2023-02-23 16:00:00,2023-02-23 17:00:00,174.0,100.0,-74.0,raw/DADOS_HIDROLOGICOS_HO_2023_02.csv,38113,38114
2,JIUHCA,val_vazaoafluente,2023-02-20 21:00:00,2023-02-20 22:00:00,156.0,218.0,62.0,raw/DADOS_HIDROLOGICOS_HO_2023_02.csv,38046,38047
2,JIUHCA,val_vazaoafluente,2023-02-26 13:00:00,2023-02-26 14:00:00,166.0,106.0,-60.0,raw/DADOS_HIDROLOGICOS_HO_2023_02.csv,38182,38183
2,JIUHCA,val_vazaoafluente,2023-02-02 17:00:00,2023-02-02 18:00:00,45.0,104.0,59.0,raw/DADOS_HIDROLOGICOS_HO_2023_02.csv,37614,37615
2,JIUHCA,val_vazaoafluente,2023-02-26 08:00:00,2023-02-26 09:00:00,196.0,137.0,-59.0,raw/DADOS_HIDROLOGICOS_HO_2023_02.csv,38177,38178
2,JIUHCA,val_vazaodefluente,2023-02-26 07:00:00,2023-02-26 08:00:00,157.0,241.0,84.0,raw/DADOS_HIDROLOGICOS_HO_2023_02.csv,38176,38177
2,JIUHCA,val_vazaodefluente,2023-02-26 14:00:00,2023-02-26 15:00:00,195.0,111.0,-84.0,raw/DADOS_HIDROLOGICOS_HO_2023_02.csv,38183,38184
2,JIUHCA,val_vazaodefluente,2023-02-26 10:00:00,2023-02-26 11:00:00,240.0,157.0,-83.0,raw/DADOS_HIDROLOGICOS_HO_2023_02.csv,38179,38180
2,JIUHCA,val_vazaodefluente,2023-02-26 12:00:00,2023-02-26 13:00:00,157.0,240.0,83.0,raw/DADOS_HIDROLOGICOS_HO_2023_02.csv,38181,38182
2,JIUHCA,val_vazaodefluente,2023-02-25 12:00:00,2023-02-25 13:00:00,176.0,258.0,82.0,raw/DADOS_HIDROLOGICOS_HO_2023_02.csv,38157,38158
2,JIUHCA,val_vazaoturbinada,2023-02-26 23:59:00,2023-02-27 01:00:00,128.0,73.0,-55.0,raw/DADOS_HIDROLOGICOS_HO_2023_02.csv,38193,38194
2,JIUHCA,val_vazaoturbinada,2023-02-20 19:00:00,2023-02-20 20:00:00,36.0,89.0,53.0,raw/DADOS_HIDROLOGICOS_HO_2023_02.csv,38044,38045
2,JIUHCA,val_vazaoturbinada,2023-02-10 19:00:00,2023-02-10 20:00:00,3.0,52.0,49.0,raw/DADOS_HIDROLOGICOS_HO_2023_02.csv,37808,37809
2,JIUHCA,val_vazaoturbinada,2023-02-01 23:59:00,2023-02-02 01:00:00,52.0,4.0,-48.0,raw/DADOS_HIDROLOGICOS_HO_2023_02.csv,37597,37598
2,JIUHCA,val_vazaoturbinada,2023-02-03 23:59:00,2023-02-04 01:00:00,52.0,4.0,-48.0,raw/DADOS_HIDROLOGICOS_HO_2023_02.csv,37645,37646
2,JIUHCA,val_vazaovertida,2023-02-26 07:00:00,2023-02-26 08:00:00,0.0,83.0,83.0,raw/DADOS_HIDROLOGICOS_HO_2023_02.csv,38176,38177
2,JIUHCA,val_vazaovertida,2023-02-26 10:00:00,2023-02-26 11:00:00,83.0,0.0,-83.0,raw/DADOS_HIDROLOGICOS_HO_2023_02.csv,38179,38180
2,JIUHCA,val_vazaovertida,2023-02-26 12:00:00,2023-02-26 13:00:00,0.0,82.0,82.0,raw/DADOS_HIDROLOGICOS_HO_2023_02.csv,38181,38182
2,JIUHCA,val_vazaovertida,2023-02-26 14:00:00,2023-02-26 15:00:00,82.0,0.0,-82.0,raw/DADOS_HIDROLOGICOS_HO_2023_02.csv,38183,38184
2,JIUHCA,val_vazaovertida,2023-02-25 12:00:00,2023-02-25 13:00:00,0.0,81.0,81.0,raw/DADOS_HIDROLOGICOS_HO_2023_02.csv,38157,38158
2,JIUHCA,val_vazaooutrasestruturas,2023-02-02 13:00:00,2023-02-02 14:00:00,20.0,18.0,-2.0,raw/DADOS_HIDROLOGICOS_HO_2023_02.csv,37610,37611
2,JIUHCA,val_vazaooutrasestruturas,2023-02-04 17:00:00,2023-02-04 18:00:00,18.0,20.0,2.0,raw/DADOS_HIDROLOGICOS_HO_2023_02.csv,37662,37663
2,JIUHCA,val_vazaooutrasestruturas,2023-02-04 18:00:00,2023-02-04 19:00:00,20.0,18.0,-2.0,raw/DADOS_HIDROLOGICOS_HO_2023_02.csv,37663,37664
2,JIUHCA,val_vazaooutrasestruturas,2023-02-04 20:00:00,2023-02-04 21:00:00,18.0,20.0,2.0,raw/DADOS_HIDROLOGICOS_HO_2023_02.csv,37665,37666
2,JIUHCA,val_vazaooutrasestruturas,2023-02-04 21:00:00,2023-02-04 22:00:00,20.0,18.0,-2.0,raw/DADOS_HIDROLOGICOS_HO_2023_02.csv,37666,37667
2,JIUHCA,val_vazaotransferida,2023-02-01 01:00:00,2023-02-01 02:00:00,0.0,0.0,0.0,raw/DADOS_HIDROLOGICOS_HO_2023_02.csv,37574,37575
2,JIUHCA,val_vazaotransferida,2023-02-01 02:00:00,2023-02-01 03:00:00,0.0,0.0,0.0,raw/DADOS_HIDROLOGICOS_HO_2023_02.csv,37575,37576
2,JIUHCA,val_vazaotransferida,2023-02-01 03:00:00,2023-02-01 04:00:00,0.0,0.0,0.0,raw/DADOS_HIDROLOGICOS_HO_2023_02.csv,37576,37577
2,JIUHCA,val_vazaotransferida,2023-02-01 04:00:00,2023-02-01 05:00:00,0.0,0.0,0.0,raw/DADOS_HIDROLOGICOS_HO_2023_02.csv,37577,37578
2,JIUHCA,val_vazaotransferida,2023-02-01 05:00:00,2023-02-01 06:00:00,0.0,0.0,0.0,raw/DADOS_HIDROLOGICOS_HO_2023_02.csv,37578,37579
2,JIUHCA,val_vazaovertidanaoturbinavel,2023-02-26 07:00:00,2023-02-26 08:00:00,0.0,83.0,83.0,raw/DADOS_HIDROLOGICOS_HO_2023_02.csv,38176,38177
2,JIUHCA,val_vazaovertidanaoturbinavel,2023-02-26 10:00:00,2023-02-26 11:00:00,82.0,0.0,-82.0,raw/DADOS_HIDROLOGICOS_HO_2023_02.csv,38179,38180
2,JIUHCA,val_vazaovertidanaoturbinavel,2023-02-26 12:00:00,2023-02-26 13:00:00,0.0,82.0,82.0,raw/DADOS_HIDROLOGICOS_HO_2023_02.csv,38181,38182
2,JIUHCA,val_vazaovertidanaoturbinavel,2023-02-25 12:00:00,2023-02-25 13:00:00,0.0,81.0,81.0,raw/DADOS_HIDROLOGICOS_HO_2023_02.csv,38157,38158
2,JIUHCA,val_vazaovertidanaoturbinavel,2023-02-26 14:00:00,2023-02-26 15:00:00,81.0,0.0,-81.0,raw/DADOS_HIDROLOGICOS_HO_2023_02.csv,38183,38184
2,JIUHMC,val_nivelmontante,2023-02-02 23:59:00,2023-02-03 01:00:00,147.2,147.58,0.3800000000000239,raw/DADOS_HIDROLOGICOS_HO_2023_02.csv,40953,40954
2,JIUHMC,val_nivelmontante,2023-02-19 15:00:00,2023-02-19 16:00:00,147.4,147.67,0.2699999999999818,raw/DADOS_HIDROLOGICOS_HO_2023_02.csv,41348,41349
2,JIUHMC,val_nivelmontante,2023-02-15 01:00:00,2023-02-15 02:00:00,147.41,147.66,0.25,raw/DADOS_HIDROLOGICOS_HO_2023_02.csv,41242,41243
2,JIUHMC,val_nivelmontante,2023-02-15 02:00:00,2023-02-15 03:00:00,147.66,147.9,0.2400000000000091,raw/DADOS_HIDROLOGICOS_HO_2023_02.csv,41243,41244
2,JIUHMC,val_nivelmontante,2023-02-04 16:00:00,2023-02-04 17:00:00,147.37,147.59,0.21999999999999886,raw/DADOS_HIDROLOGICOS_HO_2023_02.csv,40993,40994
2,JIUHMC,val_niveljusante,2023-02-20 18:00:00,2023-02-20 19:00:00,104.82,106.57,1.75,raw/DADOS_HIDROLOGICOS_HO_2023_02.csv,41375,41376
2,JIUHMC,val_niveljusante,2023-02-24 23:59:00,2023-02-25 01:00:00,107.11,105.75,-1.3599999999999994,raw/DADOS_HIDROLOGICOS_HO_2023_02.csv,41477,41478
2,JIUHMC,val_niveljusante,2023-02-24 22:00:00,2023-02-24 23:00:00,106.22,107.11,0.8900000000000006,raw/DADOS_HIDROLOGICOS_HO_2023_02.csv,41475,41476
2,JIUHMC,val_niveljusante,2023-02-06 17:00:00,2023-02-06 18:00:00,104.56,105.34,0.7800000000000011,raw/DADOS_HIDROLOGICOS_HO_2023_02.csv,41042,41043
2,JIUHMC,val_niveljusante,2023-02-09 19:00:00,2023-02-09 20:00:00,104.57,105.32,0.75,raw/DADOS_HIDROLOGICOS_HO_2023_02.csv,41116,41117
2,JIUHMC,val_volumeutil,2023-02-02 23:59:00,2023-02-03 01:00:00,19.07,56.6,37.53,raw/DADOS_HIDROLOGICOS_HO_2023_02.csv,40953,40954
2,JIUHMC,val_volumeutil,2023-02-19 15:00:00,2023-02-19 16:00:00,38.61,65.73,27.120000000000005,raw/DADOS_HIDROLOGICOS_HO_2023_02.csv,41348,41349
2,JIUHMC,val_volumeutil,2023-02-15 01:00:00,2023-02-15 02:00:00,39.6,64.71,25.109999999999992,raw/DADOS_HIDROLOGICOS_HO_2023_02.csv,41242,41243
2,JIUHMC,val_volumeutil,2023-02-15 02:00:00,2023-02-15 03:00:00,64.71,89.48,24.77000000000001,raw/DADOS_HIDROLOGICOS_HO_2023_02.csv,41243,41244
2,JIUHMC,val_volumeutil,2023-02-04 16:00:00,2023-02-04 17:00:00,35.65,57.61,21.96,raw/DADOS_HIDROLOGICOS_HO_2023_02.csv,40993,40994
2,JIUHMC,val_vazaoafluente,2023-02-02 23:59:00,2023-02-03 01:00:00,42.0,249.0,207.0,raw/DADOS_HIDROLOGICOS_HO_2023_02.csv,40953,40954
2,JIUHMC,val_vazaoafluente,2023-02-03 01:00:00,2023-02-03 02:00:00,249.0,114.0,-135.0,raw/DADOS_HIDROLOGICOS_HO_2023_02.csv,40954,40955
2,JIUHMC,val_vazaoafluente,2023-02-18 02:00:00,2023-02-18 03:00:00,127.0,33.0,-94.0,raw/DADOS_HIDROLOGICOS_HO_2023_02.csv,41311,41312
2,JIUHMC,val_vazaoafluente,2023-02-02 23:00:00,2023-02-02 23:59:00,128.0,42.0,-86.0,raw/DADOS_HIDROLOGICOS_HO_2023_02.csv,40952,40953
2,JIUHMC,val_vazaoafluente,2023-02-04 23:59:00,2023-02-05 01:00:00,118.0,40.0,-78.0,raw/DADOS_HIDROLOGICOS_HO_2023_02.csv,41001,41002
2,JIUHMC,val_vazaodefluente,2023-02-04 23:59:00,2023-02-05 01:00:00,177.0,40.0,-137.0,raw/DADOS_HIDROLOGICOS_HO_2023_02.csv,41001,41002
2,JIUHMC,val_vazaodefluente,2023-02-05 23:59:00,2023-02-06 01:00:00,181.0,46.0,-135.0,raw/DADOS_HIDROLOGICOS_HO_2023_02.csv,41025,41026
2,JIUHMC,val_vazaodefluente,2023-02-20 18:00:00,2023-02-20 19:00:00,19.0,147.0,128.0,raw/DADOS_HIDROLOGICOS_HO_2023_02.csv,41375,41376
2,JIUHMC,val_vazaodefluente,2023-02-20 19:00:00,2023-02-20 20:00:00,147.0,270.0,123.0,raw/DADOS_HIDROLOGICOS_HO_2023_02.csv,41376,41377
2,JIUHMC,val_vazaodefluente,2023-02-10 19:00:00,2023-02-10 20:00:00,19.0,123.0,104.0,raw/DADOS_HIDROLOGICOS_HO_2023_02.csv,41140,41141
2,JIUHMC,val_vazaoturbinada,2023-02-04 23:59:00,2023-02-05 01:00:00,158.0,22.0,-136.0,raw/DADOS_HIDROLOGICOS_HO_2023_02.csv,41001,41002
2,JIUHMC,val_vazaoturbinada,2023-02-05 23:59:00,2023-02-06 01:00:00,162.0,27.0,-135.0,raw/DADOS_HIDROLOGICOS_HO_2023_02.csv,41025,41026
2,JIUHMC,val_vazaoturbinada,2023-02-20 18:00:00,2023-02-20 19:00:00,0.0,128.0,128.0,raw/DADOS_HIDROLOGICOS_HO_2023_02.csv,41375,41376
2,JIUHMC,val_vazaoturbinada,2023-02-20 19:00:00,2023-02-20 20:00:00,128.0,252.0,124.0,raw/DADOS_HIDROLOGICOS_HO_2023_02.csv,41376,41377
2,JIUHMC,val_vazaoturbinada,2023-02-10 19:00:00,2023-02-10 20:00:00,0.0,104.0,104.0,raw/DADOS_HIDROLOGICOS_HO_2023_02.csv,41140,41141
2,JIUHMC,val_vazaovertida,2023-02-23 10:00:00,2023-02-23 11:00:00,13.0,26.0,13.0,raw/DADOS_HIDROLOGICOS_HO_2023_02.csv,41439,41440
2,JIUHMC,val_vazaovertida,2023-02-23 15:00:00,2023-02-23 16:00:00,20.0,13.0,-7.0,raw/DADOS_HIDROLOGICOS_HO_2023_02.csv,41444,41445
2,JIUHMC,val_vazaovertida,2023-02-23 11:00:00,2023-02-23 12:00:00,26.0,20.0,-6.0,raw/DADOS_HIDROLOGICOS_HO_2023_02.csv,41440,41441
2,JIUHMC,val_vazaovertida,2023-02-01 01:00:00,2023-02-01 02:00:00,13.0,13.0,0.0,raw/DADOS_HIDROLOGICOS_HO_2023_02.csv,40906,40907
2,JIUHMC,val_vazaovertida,2023-02-01 02:00:00,2023-02-01 03:00:00,13.0,13.0,0.0,raw/DADOS_HIDROLOGICOS_HO_2023_02.csv,40907,40908
2,JIUHMC,val_vazaooutrasestruturas,2023-02-23 10:00:00,2023-02-23 11:00:00,6.0,0.0,-6.0,raw/DADOS_HIDROLOGICOS_HO_2023_02.csv,41439,41440
2,JIUHMC,val_vazaooutrasestruturas,2023-02-23 15:00:00,2023-02-23 16:00:00,0.0,6.0,6.0,raw/DADOS_HIDROLOGICOS_HO_2023_02.csv,41444,41445
2,JIUHMC,val_vazaooutrasestruturas,2023-02-01 01:00:00,2023-02-01 02:00:00,6.0,6.0,0.0,raw/DADOS_HIDROLOGICOS_HO_2023_02.csv,40906,40907
2,JIUHMC,val_vazaooutrasestruturas,2023-02-01 02:00:00,2023-02-01 03:00:00,6.0,6.0,0.0,raw/DADOS_HIDROLOGICOS_HO_2023_02.csv,40907,40908
2,JIUHMC,val_vazaooutrasestruturas,2023-02-01 03:00:00,2023-02-01 04:00:00,6.0,6.0,0.0,raw/DADOS_HIDROLOGICOS_HO_2023_02.csv,40908,40909
2,JIUHMC,val_vazaotransferida,2023-02-01 01:00:00,2023-02-01 02:00:00,0.0,0.0,0.0,raw/DADOS_HIDROLOGICOS_HO_2023_02.csv,40906,40907
2,JIUHMC,val_vazaotransferida,2023-02-01 02:00:00,2023-02-01 03:00:00,0.0,0.0,0.0,raw/DADOS_HIDROLOGICOS_HO_2023_02.csv,40907,40908
2,JIUHMC,val_vazaotransferida,2023-02-01 03:00:00,2023-02-01 04:00:00,0.0,0.0,0.0,raw/DADOS_HIDROLOGICOS_HO_2023_02.csv,40908,40909
2,JIUHMC,val_vazaotransferida,2023-02-01 04:00:00,2023-02-01 05:00:00,0.0,0.0,0.0,raw/DADOS_HIDROLOGICOS_HO_2023_02.csv,40909,40910
2,JIUHMC,val_vazaotransferida,2023-02-01 05:00:00,2023-02-01 06:00:00,0.0,0.0,0.0,raw/DADOS_HIDROLOGICOS_HO_2023_02.csv,40910,40911
2,JIUHMC,val_vazaovertidanaoturbinavel,2023-02-23 10:00:00,2023-02-23 11:00:00,13.0,26.0,13.0,raw/DADOS_HIDROLOGICOS_HO_2023_02.csv,41439,41440
2,JIUHMC,val_vazaovertidanaoturbinavel,2023-02-23 11:00:00,2023-02-23 12:00:00,26.0,19.0,-7.0,raw/DADOS_HIDROLOGICOS_HO_2023_02.csv,41440,41441
2,JIUHMC,val_vazaovertidanaoturbinavel,2023-02-23 15:00:00,2023-02-23 16:00:00,19.0,13.0,-6.0,raw/DADOS_HIDROLOGICOS_HO_2023_02.csv,41444,41445
2,JIUHMC,val_vazaovertidanaoturbinavel,2023-02-01 01:00:00,2023-02-01 02:00:00,13.0,13.0,0.0,raw/DADOS_HIDROLOGICOS_HO_2023_02.csv,40906,40907
2,JIUHMC,val_vazaovertidanaoturbinavel,2023-02-01 02:00:00,2023-02-01 03:00:00,13.0,13.0,0.0,raw/DADOS_HIDROLOGICOS_HO_2023_02.csv,40907,40908
2,JIUHQJ,val_nivelmontante,2023-02-23 18:00:00,2023-02-23 19:00:00,103.48,103.38,-0.10000000000000853,raw/DADOS_HIDROLOGICOS_HO_2023_02.csv,36777,36778
2,JIUHQJ,val_nivelmontante,2023-02-24 13:00:00,2023-02-24 14:00:00,103.41,103.51,0.10000000000000853,raw/DADOS_HIDROLOGICOS_HO_2023_02.csv,36796,36797
2,JIUHQJ,val_nivelmontante,2023-02-04 23:00:00,2023-02-04 23:59:00,103.39,103.49,0.09999999999999432,raw/DADOS_HIDROLOGICOS_HO_2023_02.csv,36330,36331
2,JIUHQJ,val_nivelmontante,2023-02-23 23:00:00,2023-02-23 23:59:00,103.21,103.11,-0.09999999999999432,raw/DADOS_HIDROLOGICOS_HO_2023_02.csv,36782,36783
2,JIUHQJ,val_nivelmontante,2023-02-04 21:00:00,2023-02-04 22:00:00,103.21,103.3,0.09000000000000341,raw/DADOS_HIDROLOGICOS_HO_2023_02.csv,36328,36329
2,JIUHQJ,val_niveljusante,2023-02-13 16:00:00,2023-02-13 17:00:00,62.02,69.02,6.999999999999993,raw/DADOS_HIDROLOGICOS_HO_2023_02.csv,36539,36540
2,JIUHQJ,val_niveljusante,2023-02-13 15:00:00,2023-02-13 16:00:00,69.0,62.02,-6.979999999999997,raw/DADOS_HIDROLOGICOS_HO_2023_02.csv,36538,36539
2,JIUHQJ,val_niveljusante,2023-02-09 08:00:00,2023-02-09 09:00:00,69.98,68.97,-1.0100000000000051,raw/DADOS_HIDROLOGICOS_HO_2023_02.csv,36435,36436
2,JIUHQJ,val_niveljusante,2023-02-09 07:00:00,2023-02-09 08:00:00,68.98,69.98,1.0,raw/DADOS_HIDROLOGICOS_HO_2023_02.csv,36434,36435
2,JIUHQJ,val_niveljusante,2023-02-24 17:00:00,2023-02-24 18:00:00,70.05,71.05,1.0,raw/DADOS_HIDROLOGICOS_HO_2023_02.csv,36800,36801
2,JIUHQJ,val_volumeutil,2023-02-04 23:00:00,2023-02-04 23:59:00,39.0,49.0,10.0,raw/DADOS_HIDROLOGICOS_HO_2023_02.csv,36330,36331
2,JIUHQJ,val_volumeutil,2023-02-23 18:00:00,2023-02-23 19:00:00,48.0,38.0,-10.0,raw/DADOS_HIDROLOGICOS_HO_2023_02.csv,36777,36778
2,JIUHQJ,val_volumeutil,2023-02-23 23:00:00,2023-02-23 23:59:00,21.0,11.0,-10.0,raw/DADOS_HIDROLOGICOS_HO_2023_02.csv,36782,36783
2,JIUHQJ,val_volumeutil,2023-02-24 13:00:00,2023-02-24 14:00:00,41.0,51.0,10.0,raw/DADOS_HIDROLOGICOS_HO_2023_02.csv,36796,36797
2,JIUHQJ,val_volumeutil,2023-02-04 20:00:00,2023-02-04 21:00:00,12.0,21.0,9.0,raw/DADOS_HIDROLOGICOS_HO_2023_02.csv,36327,36328
2,JIUHQJ,val_vazaoafluente,2023-02-24 19:00:00,2023-02-24 20:00:00,204.0,411.0,207.0,raw/DADOS_HIDROLOGICOS_HO_2023_02.csv,36802,36803
2,JIUHQJ,val_vazaoafluente,2023-02-20 20:00:00,2023-02-20 21:00:00,153.0,312.0,159.0,raw/DADOS_HIDROLOGICOS_HO_2023_02.csv,36707,36708
2,JIUHQJ,val_vazaoafluente,2023-02-06 01:00:00,2023-02-06 02:00:00,171.0,13.0,-158.0,raw/DADOS_HIDROLOGICOS_HO_2023_02.csv,36356,36357
2,JIUHQJ,val_vazaoafluente,2023-02-23 01:00:00,2023-02-23 02:00:00,238.0,94.0,-144.0,raw/DADOS_HIDROLOGICOS_HO_2023_02.csv,36760,36761
2,JIUHQJ,val_vazaoafluente,2023-02-05 01:00:00,2023-02-05 02:00:00,155.0,12.0,-143.0,raw/DADOS_HIDROLOGICOS_HO_2023_02.csv,36332,36333
2,JIUHQJ,val_vazaodefluente,2023-02-24 23:59:00,2023-02-25 01:00:00,364.0,188.0,-176.0,raw/DADOS_HIDROLOGICOS_HO_2023_02.csv,36807,36808
2,JIUHQJ,val_vazaodefluente,2023-02-24 18:00:00,2023-02-24 19:00:00,201.0,349.0,148.0,raw/DADOS_HIDROLOGICOS_HO_2023_02.csv,36801,36802
2,JIUHQJ,val_vazaodefluente,2023-02-23 23:59:00,2023-02-24 01:00:00,355.0,214.0,-141.0,raw/DADOS_HIDROLOGICOS_HO_2023_02.csv,36783,36784
2,JIUHQJ,val_vazaodefluente,2023-02-20 18:00:00,2023-02-20 19:00:00,28.0,142.0,114.0,raw/DADOS_HIDROLOGICOS_HO_2023_02.csv,36705,36706
2,JIUHQJ,val_vazaodefluente,2023-02-20 19:00:00,2023-02-20 20:00:00,142.0,249.0,107.0,raw/DADOS_HIDROLOGICOS_HO_2023_02.csv,36706,36707
2,JIUHQJ,val_vazaoturbinada,2023-02-24 23:59:00,2023-02-25 01:00:00,336.0,160.0,-176.0,raw/DADOS_HIDROLOGICOS_HO_2023_02.csv,36807,36808
2,JIUHQJ,val_vazaoturbinada,2023-02-24 18:00:00,2023-02-24 19:00:00,173.0,321.0,148.0,raw/DADOS_HIDROLOGICOS_HO_2023_02.csv,36801,36802
2,JIUHQJ,val_vazaoturbinada,2023-02-23 23:59:00,2023-02-24 01:00:00,327.0,187.0,-140.0,raw/DADOS_HIDROLOGICOS_HO_2023_02.csv,36783,36784
2,JIUHQJ,val_vazaoturbinada,2023-02-20 18:00:00,2023-02-20 19:00:00,0.0,114.0,114.0,raw/DADOS_HIDROLOGICOS_HO_2023_02.csv,36705,36706
2,JIUHQJ,val_vazaoturbinada,2023-02-20 19:00:00,2023-02-20 20:00:00,114.0,221.0,107.0,raw/DADOS_HIDROLOGICOS_HO_2023_02.csv,36706,36707
2,JIUHQJ,val_vazaovertida,2023-02-01 01:00:00,2023-02-01 02:00:00,0.0,0.0,0.0,raw/DADOS_HIDROLOGICOS_HO_2023_02.csv,36236,36237
2,JIUHQJ,val_vazaovertida,2023-02-01 02:00:00,2023-02-01 03:00:00,0.0,0.0,0.0,raw/DADOS_HIDROLOGICOS_HO_2023_02.csv,36237,36238
2,JIUHQJ,val_vazaovertida,2023-02-01 03:00:00,2023-02-01 04:00:00,0.0,0.0,0.0,raw/DADOS_HIDROLOGICOS_HO_2023_02.csv,36238,36239
2,JIUHQJ,val_vazaovertida,2023-02-01 04:00:00,2023-02-01 05:00:00,0.0,0.0,0.0,raw/DADOS_HIDROLOGICOS_HO_2023_02.csv,36239,36240
2,JIUHQJ,val_vazaovertida,2023-02-01 05:00:00,2023-02-01 06:00:00,0.0,0.0,0.0,raw/DADOS_HIDROLOGICOS_HO_2023_02.csv,36240,36241
2,JIUHQJ,val_vazaooutrasestruturas,2023-02-05 01:00:00,2023-02-05 02:00:00,26.0,29.0,3.0,raw/DADOS_HIDROLOGICOS_HO_2023_02.csv,36332,36333
2,JIUHQJ,val_vazaooutrasestruturas,2023-02-04 23:00:00,2023-02-04 23:59:00,28.0,26.0,-2.0,raw/DADOS_HIDROLOGICOS_HO_2023_02.csv,36330,36331
2,JIUHQJ,val_vazaooutrasestruturas,2023-02-05 02:00:00,2023-02-05 03:00:00,29.0,28.0,-1.0,raw/DADOS_HIDROLOGICOS_HO_2023_02.csv,36333,36334
2,JIUHQJ,val_vazaooutrasestruturas,2023-02-05 23:59:00,2023-02-06 01:00:00,28.0,29.0,1.0,raw/DADOS_HIDROLOGICOS_HO_2023_02.csv,36355,36356
2,JIUHQJ,val_vazaooutrasestruturas,2023-02-06 08:00:00,2023-02-06 09:00:00,29.0,28.0,-1.0,raw/DADOS_HIDROLOGICOS_HO_2023_02.csv,36363,36364
2,JIUHQJ,val_vazaotransferida,2023-02-01 01:00:00,2023-02-01 02:00:00,0.0,0.0,0.0,raw/DADOS_HIDROLOGICOS_HO_2023_02.csv,36236,36237
2,JIUHQJ,val_vazaotransferida,2023-02-01 02:00:00,2023-02-01 03:00:00,0.0,0.0,0.0,raw/DADOS_HIDROLOGICOS_HO_2023_02.csv,36237,36238
2,JIUHQJ,val_vazaotransferida,2023-02-01 03:00:00,2023-02-01 04:00:00,0.0,0.0,0.0,raw/DADOS_HIDROLOGICOS_HO_2023_02.csv,36238,36239
2,JIUHQJ,val_vazaotransferida,2023-02-01 04:00:00,2023-02-01 05:00:00,0.0,0.0,0.0,raw/DADOS_HIDROLOGICOS_HO_2023_02.csv,36239,36240
2,JIUHQJ,val_vazaotransferida,2023-02-01 05:00:00,2023-02-01 06:00:00,0.0,0.0,0.0,raw/DADOS_HIDROLOGICOS_HO_2023_02.csv,36240,36241
2,JIUHQJ,val_vazaovertidanaoturbinavel,2023-02-01 01:00:00,2023-02-01 02:00:00,0.0,0.0,0.0,raw/DADOS_HIDROLOGICOS_HO_2023_02.csv,36236,36237
2,JIUHQJ,val_vazaovertidanaoturbinavel,2023-02-01 02:00:00,2023-02-01 03:00:00,0.0,0.0,0.0,raw/DADOS_HIDROLOGICOS_HO_2023_02.csv,36237,36238
2,JIUHQJ,val_vazaovertidanaoturbinavel,2023-02-01 03:00:00,2023-02-01 04:00:00,0.0,0.0,0.0,raw/DADOS_HIDROLOGICOS_HO_2023_02.csv,36238,36239
2,JIUHQJ,val_vazaovertidanaoturbinavel,2023-02-01 04:00:00,2023-02-01 05:00:00,0.0,0.0,0.0,raw/DADOS_HIDROLOGICOS_HO_2023_02.csv,36239,36240
2,JIUHQJ,val_vazaovertidanaoturbinavel,2023-02-01 05:00:00,2023-02-01 06:00:00,0.0,0.0,0.0,raw/DADOS_HIDROLOGICOS_HO_2023_02.csv,36240,36241
3,JIUHCA,val_nivelmontante,2023-03-07 13:00:00,2023-03-07 14:00:00,239.79,240.06,0.27000000000001023,raw/DADOS_HIDROLOGICOS_HO_2023_03.csv,42224,42225
3,JIUHCA,val_nivelmontante,2023-03-07 14:00:00,2023-03-07 15:00:00,240.06,240.31,0.25,raw/DADOS_HIDROLOGICOS_HO_2023_03.csv,42225,42226
3,JIUHCA,val_nivelmontante,2023-03-07 15:00:00,2023-03-07 16:00:00,240.31,240.49,0.18000000000000682,raw/DADOS_HIDROLOGICOS_HO_2023_03.csv,42226,42227
3,JIUHCA,val_nivelmontante,2023-03-07 12:00:00,2023-03-07 13:00:00,239.63,239.79,0.1599999999999966,raw/DADOS_HIDROLOGICOS_HO_2023_03.csv,42223,42224
3,JIUHCA,val_nivelmontante,2023-03-07 16:00:00,2023-03-07 17:00:00,240.49,240.61,0.12000000000000455,raw/DADOS_HIDROLOGICOS_HO_2023_03.csv,42227,42228
3,JIUHCA,val_niveljusante,2023-03-11 05:00:00,2023-03-11 06:00:00,147.57,145.57,-2.0,raw/DADOS_HIDROLOGICOS_HO_2023_03.csv,42312,42313
3,JIUHCA,val_niveljusante,2023-03-11 06:00:00,2023-03-11 07:00:00,145.57,147.57,2.0,raw/DADOS_HIDROLOGICOS_HO_2023_03.csv,42313,42314
3,JIUHCA,val_niveljusante,2023-03-13 23:59:00,2023-03-14 01:00:00,147.55,147.0,-0.5500000000000114,raw/DADOS_HIDROLOGICOS_HO_2023_03.csv,42379,42380
3,JIUHCA,val_niveljusante,2023-03-22 20:00:00,2023-03-22 21:00:00,147.45,146.95,-0.5,raw/DADOS_HIDROLOGICOS_HO_2023_03.csv,42591,42592
3,JIUHCA,val_niveljusante,2023-03-15 23:59:00,2023-03-16 01:00:00,147.66,147.17,-0.4900000000000091,raw/DADOS_HIDROLOGICOS_HO_2023_03.csv,42427,42428
3,JIUHCA,val_volumeutil,2023-03-07 14:00:00,2023-03-07 15:00:00,106.97,135.99,29.02000000000001,raw/DADOS_HIDROLOGICOS_HO_2023_03.csv,42225,42226
3,JIUHCA,val_volumeutil,2023-03-07 13:00:00,2023-03-07 14:00:00,79.0,106.97,27.97,raw/DADOS_HIDROLOGICOS_HO_2023_03.csv,42224,42225
3,JIUHCA,val_volumeutil,2023-03-07 15:00:00,2023-03-07 16:00:00,135.99,156.89,20.899999999999977,raw/DADOS_HIDROLOGICOS_HO_2023_03.csv,42226,42227
3,JIUHCA,val_volumeutil,2023-03-07 12:00:00,2023-03-07 13:00:00,63.0,79.0,16.0,raw/DADOS_HIDROLOGICOS_HO_2023_03.csv,42223,42224
3,JIUHCA,val_volumeutil,2023-03-07 16:00:00,2023-03-07 17:00:00,156.89,170.82,13.930000000000007,raw/DADOS_HIDROLOGICOS_HO_2023_03.csv,42227,42228
3,JIUHCA,val_vazaoafluente,2023-03-07 12:00:00,2023-03-07 13:00:00,236.0,413.0,177.0,raw/DADOS_HIDROLOGICOS_HO_2023_03.csv,42223,42224
3,JIUHCA,val_vazaoafluente,2023-03-07 13:00:00,2023-03-07 14:00:00,413.0,581.0,168.0,raw/DADOS_HIDROLOGICOS_HO_2023_03.csv,42224,42225
3,JIUHCA,val_vazaoafluente,2023-03-12 09:00:00,2023-03-12 10:00:00,180.0,88.0,-92.0,raw/DADOS_HIDROLOGICOS_HO_2023_03.csv,42340,42341
3,JIUHCA,val_vazaoafluente,2023-03-04 14:00:00,2023-03-04 15:00:00,174.0,92.0,-82.0,raw/DADOS_HIDROLOGICOS_HO_2023_03.csv,42153,42154
3,JIUHCA,val_vazaoafluente,2023-03-04 15:00:00,2023-03-04 16:00:00,92.0,161.0,69.0,raw/DADOS_HIDROLOGICOS_HO_2023_03.csv,42154,42155
3,JIUHCA,val_vazaodefluente,2023-03-04 12:00:00,2023-03-04 13:00:00,82.0,184.0,102.0,raw/DADOS_HIDROLOGICOS_HO_2023_03.csv,42151,42152
3,JIUHCA,val_vazaodefluente,2023-03-19 12:00:00,2023-03-19 13:00:00,29.0,117.0,88.0,raw/DADOS_HIDROLOGICOS_HO_2023_03.csv,42511,42512
3,JIUHCA,val_vazaodefluente,2023-03-14 23:59:00,2023-03-15 01:00:00,174.0,87.0,-87.0,raw/DADOS_HIDROLOGICOS_HO_2023_03.csv,42403,42404
3,JIUHCA,val_vazaodefluente,2023-03-25 12:00:00,2023-03-25 13:00:00,124.0,210.0,86.0,raw/DADOS_HIDROLOGICOS_HO_2023_03.csv,42655,42656
3,JIUHCA,val_vazaodefluente,2023-03-25 14:00:00,2023-03-25 15:00:00,210.0,124.0,-86.0,raw/DADOS_HIDROLOGICOS_HO_2023_03.csv,42657,42658
3,JIUHCA,val_vazaoturbinada,2023-03-14 23:59:00,2023-03-15 01:00:00,156.0,69.0,-87.0,raw/DADOS_HIDROLOGICOS_HO_2023_03.csv,42403,42404
3,JIUHCA,val_vazaoturbinada,2023-03-24 14:00:00,2023-03-24 15:00:00,62.0,141.0,79.0,raw/DADOS_HIDROLOGICOS_HO_2023_03.csv,42633,42634
3,JIUHCA,val_vazaoturbinada,2023-03-13 23:59:00,2023-03-14 01:00:00,156.0,83.0,-73.0,raw/DADOS_HIDROLOGICOS_HO_2023_03.csv,42379,42380
3,JIUHCA,val_vazaoturbinada,2023-03-26 23:59:00,2023-03-27 01:00:00,88.0,19.0,-69.0,raw/DADOS_HIDROLOGICOS_HO_2023_03.csv,42691,42692
3,JIUHCA,val_vazaoturbinada,2023-03-05 01:00:00,2023-03-05 02:00:00,158.0,98.0,-60.0,raw/DADOS_HIDROLOGICOS_HO_2023_03.csv,42164,42165
3,JIUHCA,val_vazaovertida,2023-03-25 12:00:00,2023-03-25 13:00:00,0.0,86.0,86.0,raw/DADOS_HIDROLOGICOS_HO_2023_03.csv,42655,42656
3,JIUHCA,val_vazaovertida,2023-03-25 14:00:00,2023-03-25 15:00:00,86.0,0.0,-86.0,raw/DADOS_HIDROLOGICOS_HO_2023_03.csv,42657,42658
3,JIUHCA,val_vazaovertida,2023-03-05 07:00:00,2023-03-05 08:00:00,0.0,84.0,84.0,raw/DADOS_HIDROLOGICOS_HO_2023_03.csv,42170,42171
3,JIUHCA,val_vazaovertida,2023-03-05 10:00:00,2023-03-05 11:00:00,83.0,0.0,-83.0,raw/DADOS_HIDROLOGICOS_HO_2023_03.csv,42173,42174
3,JIUHCA,val_vazaovertida,2023-03-04 12:00:00,2023-03-04 13:00:00,0.0,82.0,82.0,raw/DADOS_HIDROLOGICOS_HO_2023_03.csv,42151,42152
3,JIUHCA,val_vazaooutrasestruturas,2023-03-08 14:00:00,2023-03-08 15:00:00,19.0,21.0,2.0,raw/DADOS_HIDROLOGICOS_HO_2023_03.csv,42249,42250
3,JIUHCA,val_vazaooutrasestruturas,2023-03-08 15:00:00,2023-03-08 16:00:00,21.0,19.0,-2.0,raw/DADOS_HIDROLOGICOS_HO_2023_03.csv,42250,42251
3,JIUHCA,val_vazaooutrasestruturas,2023-03-27 20:00:00,2023-03-27 21:00:00,18.0,20.0,2.0,raw/DADOS_HIDROLOGICOS_HO_2023_03.csv,42711,42712
3,JIUHCA,val_vazaooutrasestruturas,2023-03-27 21:00:00,2023-03-27 22:00:00,20.0,18.0,-2.0,raw/DADOS_HIDROLOGICOS_HO_2023_03.csv,42712,42713
3,JIUHCA,val_vazaooutrasestruturas,2023-03-07 12:00:00,2023-03-07 13:00:00,18.0,19.0,1.0,raw/DADOS_HIDROLOGICOS_HO_2023_03.csv,42223,42224
3,JIUHCA,val_vazaotransferida,2023-03-01 01:00:00,2023-03-01 02:00:00,0.0,0.0,0.0,raw/DADOS_HIDROLOGICOS_HO_2023_03.csv,42068,42069
3,JIUHCA,val_vazaotransferida,2023-03-01 02:00:00,2023-03-01 03:00:00,0.0,0.0,0.0,raw/DADOS_HIDROLOGICOS_HO_2023_03.csv,42069,42070
3,JIUHCA,val_vazaotransferida,2023-03-01 03:00:00,2023-03-01 04:00:00,0.0,0.0,0.0,raw/DADOS_HIDROLOGICOS_HO_2023_03.csv,42070,42071
3,JIUHCA,val_vazaotransferida,2023-03-01 04:00:00,2023-03-01 05:00:00,0.0,0.0,0.0,raw/DADOS_HIDROLOGICOS_HO_2023_03.csv,42071,42072
3,JIUHCA,val_vazaotransferida,2023-03-01 05:00:00,2023-03-01 06:00:00,0.0,0.0,0.0,raw/DADOS_HIDROLOGICOS_HO_2023_03.csv,42072,42073
3,JIUHCA,val_vazaovertidanaoturbinavel,2023-03-25 12:00:00,2023-03-25 13:00:00,0.0,86.0,86.0,raw/DADOS_HIDROLOGICOS_HO_2023_03.csv,42655,42656
3,JIUHCA,val_vazaovertidanaoturbinavel,2023-03-25 14:00:00,2023-03-25 15:00:00,85.0,0.0,-85.0,raw/DADOS_HIDROLOGICOS_HO_2023_03.csv,42657,42658
3,JIUHCA,val_vazaovertidanaoturbinavel,2023-03-05 07:00:00,2023-03-05 08:00:00,0.0,83.0,83.0,raw/DADOS_HIDROLOGICOS_HO_2023_03.csv,42170,42171
3,JIUHCA,val_vazaovertidanaoturbinavel,2023-03-05 10:00:00,2023-03-05 11:00:00,83.0,0.0,-83.0,raw/DADOS_HIDROLOGICOS_HO_2023_03.csv,42173,42174
3,JIUHCA,val_vazaovertidanaoturbinavel,2023-03-04 12:00:00,2023-03-04 13:00:00,0.0,82.0,82.0,raw/DADOS_HIDROLOGICOS_HO_2023_03.csv,42151,42152
3,JIUHMC,val_nivelmontante,2023-03-07 22:00:00,2023-03-07 23:00:00,147.55,148.04,0.4899999999999807,raw/DADOS_HIDROLOGICOS_HO_2023_03.csv,45953,45954
3,JIUHMC,val_nivelmontante,2023-03-07 23:00:00,2023-03-07 23:59:00,148.04,148.43,0.3900000000000148,raw/DADOS_HIDROLOGICOS_HO_2023_03.csv,45954,45955
3,JIUHMC,val_nivelmontante,2023-03-07 21:00:00,2023-03-07 22:00:00,147.23,147.55,0.3200000000000216,raw/DADOS_HIDROLOGICOS_HO_2023_03.csv,45952,45953
3,JIUHMC,val_nivelmontante,2023-03-24 13:00:00,2023-03-24 14:00:00,147.93,147.62,-0.3100000000000023,raw/DADOS_HIDROLOGICOS_HO_2023_03.csv,46352,46353
3,JIUHMC,val_nivelmontante,2023-03-23 21:00:00,2023-03-23 22:00:00,147.35,147.08,-0.2699999999999818,raw/DADOS_HIDROLOGICOS_HO_2023_03.csv,46336,46337
3,JIUHMC,val_niveljusante,2023-03-29 03:00:00,2023-03-29 04:00:00,105.24,103.21,-2.030000000000001,raw/DADOS_HIDROLOGICOS_HO_2023_03.csv,46462,46463
3,JIUHMC,val_niveljusante,2023-03-29 04:00:00,2023-03-29 05:00:00,103.21,105.21,2.0,raw/DADOS_HIDROLOGICOS_HO_2023_03.csv,46463,46464
3,JIUHMC,val_niveljusante,2023-03-24 12:00:00,2023-03-24 13:00:00,104.62,105.36,0.7399999999999949,raw/DADOS_HIDROLOGICOS_HO_2023_03.csv,46351,46352
3,JIUHMC,val_niveljusante,2023-03-16 21:00:00,2023-03-16 22:00:00,105.7,105.03,-0.6700000000000017,raw/DADOS_HIDROLOGICOS_HO_2023_03.csv,46168,46169
3,JIUHMC,val_niveljusante,2023-03-26 23:59:00,2023-03-27 01:00:00,105.65,105.03,-0.6200000000000045,raw/DADOS_HIDROLOGICOS_HO_2023_03.csv,46411,46412
3,JIUHMC,val_volumeutil,2023-03-07 22:00:00,2023-03-07 23:00:00,53.57,104.24,50.669999999999995,raw/DADOS_HIDROLOGICOS_HO_2023_03.csv,45953,45954
3,JIUHMC,val_volumeutil,2023-03-07 23:00:00,2023-03-07 23:59:00,104.24,146.45,42.209999999999994,raw/DADOS_HIDROLOGICOS_HO_2023_03.csv,45954,45955
3,JIUHMC,val_volumeutil,2023-03-24 13:00:00,2023-03-24 14:00:00,92.63,60.64,-31.989999999999995,raw/DADOS_HIDROLOGICOS_HO_2023_03.csv,46352,46353
3,JIUHMC,val_volumeutil,2023-03-07 21:00:00,2023-03-07 22:00:00,21.97,53.57,31.6,raw/DADOS_HIDROLOGICOS_HO_2023_03.csv,45952,45953
3,JIUHMC,val_volumeutil,2023-03-23 21:00:00,2023-03-23 22:00:00,33.68,7.57,-26.11,raw/DADOS_HIDROLOGICOS_HO_2023_03.csv,46336,46337
3,JIUHMC,val_vazaoafluente,2023-03-07 19:00:00,2023-03-07 20:00:00,229.0,356.0,127.0,raw/DADOS_HIDROLOGICOS_HO_2023_03.csv,45950,45951
3,JIUHMC,val_vazaoafluente,2023-03-24 14:00:00,2023-03-24 15:00:00,79.0,193.0,114.0,raw/DADOS_HIDROLOGICOS_HO_2023_03.csv,46353,46354
3,JIUHMC,val_vazaoafluente,2023-03-23 22:00:00,2023-03-23 23:00:00,26.0,139.0,113.0,raw/DADOS_HIDROLOGICOS_HO_2023_03.csv,46337,46338
3,JIUHMC,val_vazaoafluente,2023-03-07 16:00:00,2023-03-07 17:00:00,215.0,327.0,112.0,raw/DADOS_HIDROLOGICOS_HO_2023_03.csv,45947,45948
3,JIUHMC,val_vazaoafluente,2023-03-25 23:59:00,2023-03-26 01:00:00,142.0,33.0,-109.0,raw/DADOS_HIDROLOGICOS_HO_2023_03.csv,46387,46388
3,JIUHMC,val_vazaodefluente,2023-03-05 23:59:00,2023-03-06 01:00:00,239.0,112.0,-127.0,raw/DADOS_HIDROLOGICOS_HO_2023_03.csv,45907,45908
3,JIUHMC,val_vazaodefluente,2023-03-07 19:00:00,2023-03-07 20:00:00,229.0,356.0,127.0,raw/DADOS_HIDROLOGICOS_HO_2023_03.csv,45950,45951
3,JIUHMC,val_vazaodefluente,2023-03-26 23:59:00,2023-03-27 01:00:00,194.0,76.0,-118.0,raw/DADOS_HIDROLOGICOS_HO_2023_03.csv,46411,46412
3,JIUHMC,val_vazaodefluente,2023-03-05 01:00:00,2023-03-05 02:00:00,278.0,166.0,-112.0,raw/DADOS_HIDROLOGICOS_HO_2023_03.csv,45884,45885
3,JIUHMC,val_vazaodefluente,2023-03-25 23:59:00,2023-03-26 01:00:00,142.0,33.0,-109.0,raw/DADOS_HIDROLOGICOS_HO_2023_03.csv,46387,46388
3,JIUHMC,val_vazaoturbinada,2023-03-07 19:00:00,2023-03-07 20:00:00,210.0,338.0,128.0,raw/DADOS_HIDROLOGICOS_HO_2023_03.csv,45950,45951
3,JIUHMC,val_vazaoturbinada,2023-03-05 23:59:00,2023-03-06 01:00:00,220.0,93.0,-127.0,raw/DADOS_HIDROLOGICOS_HO_2023_03.csv,45907,45908
3,JIUHMC,val_vazaoturbinada,2023-03-26 23:59:00,2023-03-27 01:00:00,174.0,56.0,-118.0,raw/DADOS_HIDROLOGICOS_HO_2023_03.csv,46411,46412
3,JIUHMC,val_vazaoturbinada,2023-03-05 01:00:00,2023-03-05 02:00:00,259.0,147.0,-112.0,raw/DADOS_HIDROLOGICOS_HO_2023_03.csv,45884,45885
3,JIUHMC,val_vazaoturbinada,2023-03-25 23:59:00,2023-03-26 01:00:00,123.0,14.0,-109.0,raw/DADOS_HIDROLOGICOS_HO_2023_03.csv,46387,46388
3,JIUHMC,val_vazaovertida,2023-03-07 23:59:00,2023-03-08 01:00:00,87.0,160.0,73.0,raw/DADOS_HIDROLOGICOS_HO_2023_03.csv,45955,45956
3,JIUHMC,val_vazaovertida,2023-03-07 23:00:00,2023-03-07 23:59:00,16.0,87.0,71.0,raw/DADOS_HIDROLOGICOS_HO_2023_03.csv,45954,45955
3,JIUHMC,val_vazaovertida,2023-03-08 01:00:00,2023-03-08 02:00:00,160.0,192.0,32.0,raw/DADOS_HIDROLOGICOS_HO_2023_03.csv,45956,45957
3,JIUHMC,val_vazaovertida,2023-03-01 15:00:00,2023-03-01 16:00:00,49.0,19.0,-30.0,raw/DADOS_HIDROLOGICOS_HO_2023_03.csv,45802,45803
3,JIUHMC,val_vazaovertida,2023-03-01 12:00:00,2023-03-01 13:00:00,30.0,47.0,17.0,raw/DADOS_HIDROLOGICOS_HO_2023_03.csv,45799,45800
3,JIUHMC,val_vazaooutrasestruturas,2023-03-22 14:00:00,2023-03-22 15:00:00,6.0,13.0,7.0,raw/DADOS_HIDROLOGICOS_HO_2023_03.csv,46305,46306
3,JIUHMC,val_vazaooutrasestruturas,2023-03-22 15:00:00,2023-03-22 16:00:00,13.0,6.0,-7.0,raw/DADOS_HIDROLOGICOS_HO_2023_03.csv,46306,46307
3,JIUHMC,val_vazaooutrasestruturas,2023-03-24 18:00:00,2023-03-24 19:00:00,6.0,0.0,-6.0,raw/DADOS_HIDROLOGICOS_HO_2023_03.csv,46357,46358
3,JIUHMC,val_vazaooutrasestruturas,2023-03-24 19:00:00,2023-03-24 20:00:00,0.0,6.0,6.0,raw/DADOS_HIDROLOGICOS_HO_2023_03.csv,46358,46359
3,JIUHMC,val_vazaooutrasestruturas,2023-03-24 20:00:00,2023-03-24 21:00:00,6.0,0.0,-6.0,raw/DADOS_HIDROLOGICOS_HO_2023_03.csv,46359,46360
3,JIUHMC,val_vazaotransferida,2023-03-01 01:00:00,2023-03-01 02:00:00,0.0,0.0,0.0,raw/DADOS_HIDROLOGICOS_HO_2023_03.csv,45788,45789
3,JIUHMC,val_vazaotransferida,2023-03-01 02:00:00,2023-03-01 03:00:00,0.0,0.0,0.0,raw/DADOS_HIDROLOGICOS_HO_2023_03.csv,45789,45790
3,JIUHMC,val_vazaotransferida,2023-03-01 03:00:00,2023-03-01 04:00:00,0.0,0.0,0.0,raw/DADOS_HIDROLOGICOS_HO_2023_03.csv,45790,45791
3,JIUHMC,val_vazaotransferida,2023-03-01 04:00:00,2023-03-01 05:00:00,0.0,0.0,0.0,raw/DADOS_HIDROLOGICOS_HO_2023_03.csv,45791,45792
3,JIUHMC,val_vazaotransferida,2023-03-01 05:00:00,2023-03-01 06:00:00,0.0,0.0,0.0,raw/DADOS_HIDROLOGICOS_HO_2023_03.csv,45792,45793
3,JIUHMC,val_vazaovertidanaoturbinavel,2023-03-01 15:00:00,2023-03-01 16:00:00,48.0,19.0,-29.0,raw/DADOS_HIDROLOGICOS_HO_2023_03.csv,45802,45803
3,JIUHMC,val_vazaovertidanaoturbinavel,2023-03-01 12:00:00,2023-03-01 13:00:00,29.0,47.0,18.0,raw/DADOS_HIDROLOGICOS_HO_2023_03.csv,45799,45800
3,JIUHMC,val_vazaovertidanaoturbinavel,2023-03-01 11:00:00,2023-03-01 12:00:00,15.0,29.0,14.0,raw/DADOS_HIDROLOGICOS_HO_2023_03.csv,45798,45799
3,JIUHMC,val_vazaovertidanaoturbinavel,2023-03-01 13:00:00,2023-03-01 14:00:00,47.0,57.0,10.0,raw/DADOS_HIDROLOGICOS_HO_2023_03.csv,45800,45801
3,JIUHMC,val_vazaovertidanaoturbinavel,2023-03-01 14:00:00,2023-03-01 15:00:00,57.0,48.0,-9.0,raw/DADOS_HIDROLOGICOS_HO_2023_03.csv,45801,45802
3,JIUHQJ,val_nivelmontante,2023-03-06 07:00:00,2023-03-06 08:00:00,103.72,103.53,-0.18999999999999773,raw/DADOS_HIDROLOGICOS_HO_2023_03.csv,40707,40708
3,JIUHQJ,val_nivelmontante,2023-03-08 07:00:00,2023-03-08 08:00:00,103.35,103.5,0.15000000000000568,raw/DADOS_HIDROLOGICOS_HO_2023_03.csv,40755,40756
3,JIUHQJ,val_nivelmontante,2023-03-08 06:00:00,2023-03-08 07:00:00,103.21,103.35,0.14000000000000057,raw/DADOS_HIDROLOGICOS_HO_2023_03.csv,40754,40755
3,JIUHQJ,val_nivelmontante,2023-03-08 09:00:00,2023-03-08 10:00:00,103.62,103.75,0.12999999999999545,raw/DADOS_HIDROLOGICOS_HO_2023_03.csv,40757,40758
3,JIUHQJ,val_nivelmontante,2023-03-08 10:00:00,2023-03-08 11:00:00,103.75,103.88,0.12999999999999545,raw/DADOS_HIDROLOGICOS_HO_2023_03.csv,40758,40759
3,JIUHQJ,val_niveljusante,2023-03-06 07:00:00,2023-03-06 08:00:00,69.99,71.2,1.210000000000008,raw/DADOS_HIDROLOGICOS_HO_2023_03.csv,40707,40708
3,JIUHQJ,val_niveljusante,2023-03-24 15:00:00,2023-03-24 16:00:00,69.01,70.02,1.009999999999991,raw/DADOS_HIDROLOGICOS_HO_2023_03.csv,41147,41148
3,JIUHQJ,val_niveljusante,2023-03-24 16:00:00,2023-03-24 17:00:00,70.02,70.94,0.9200000000000017,raw/DADOS_HIDROLOGICOS_HO_2023_03.csv,41148,41149
3,JIUHQJ,val_niveljusante,2023-03-10 23:59:00,2023-03-11 01:00:00,71.35,70.44,-0.9099999999999966,raw/DADOS_HIDROLOGICOS_HO_2023_03.csv,40820,40821
3,JIUHQJ,val_niveljusante,2023-03-15 23:59:00,2023-03-16 01:00:00,71.02,70.12,-0.8999999999999915,raw/DADOS_HIDROLOGICOS_HO_2023_03.csv,40940,40941
3,JIUHQJ,val_volumeutil,2023-03-06 07:00:00,2023-03-06 08:00:00,72.0,53.0,-19.0,raw/DADOS_HIDROLOGICOS_HO_2023_03.csv,40707,40708
3,JIUHQJ,val_volumeutil,2023-03-08 07:00:00,2023-03-08 08:00:00,35.0,50.0,15.0,raw/DADOS_HIDROLOGICOS_HO_2023_03.csv,40755,40756
3,JIUHQJ,val_volumeutil,2023-03-08 06:00:00,2023-03-08 07:00:00,21.0,35.0,14.0,raw/DADOS_HIDROLOGICOS_HO_2023_03.csv,40754,40755
3,JIUHQJ,val_volumeutil,2023-03-08 09:00:00,2023-03-08 10:00:00,62.0,75.0,13.0,raw/DADOS_HIDROLOGICOS_HO_2023_03.csv,40757,40758
3,JIUHQJ,val_volumeutil,2023-03-08 10:00:00,2023-03-08 11:00:00,75.0,88.0,13.0,raw/DADOS_HIDROLOGICOS_HO_2023_03.csv,40758,40759
3,JIUHQJ,val_vazaoafluente,2023-03-04 18:00:00,2023-03-04 19:00:00,81.0,285.0,204.0,raw/DADOS_HIDROLOGICOS_HO_2023_03.csv,40670,40671
3,JIUHQJ,val_vazaoafluente,2023-03-06 08:00:00,2023-03-06 09:00:00,13.0,190.0,177.0,raw/DADOS_HIDROLOGICOS_HO_2023_03.csv,40708,40709
3,JIUHQJ,val_vazaoafluente,2023-03-27 01:00:00,2023-03-27 02:00:00,230.0,60.0,-170.0,raw/DADOS_HIDROLOGICOS_HO_2023_03.csv,41205,41206
3,JIUHQJ,val_vazaoafluente,2023-03-06 01:00:00,2023-03-06 02:00:00,252.0,94.0,-158.0,raw/DADOS_HIDROLOGICOS_HO_2023_03.csv,40701,40702
3,JIUHQJ,val_vazaoafluente,2023-03-23 14:00:00,2023-03-23 15:00:00,27.0,173.0,146.0,raw/DADOS_HIDROLOGICOS_HO_2023_03.csv,41122,41123
3,JIUHQJ,val_vazaodefluente,2023-03-24 14:00:00,2023-03-24 15:00:00,72.0,272.0,200.0,raw/DADOS_HIDROLOGICOS_HO_2023_03.csv,41146,41147
3,JIUHQJ,val_vazaodefluente,2023-03-10 23:59:00,2023-03-11 01:00:00,372.0,182.0,-190.0,raw/DADOS_HIDROLOGICOS_HO_2023_03.csv,40820,40821
3,JIUHQJ,val_vazaodefluente,2023-03-06 07:00:00,2023-03-06 08:00:00,143.0,319.0,176.0,raw/DADOS_HIDROLOGICOS_HO_2023_03.csv,40707,40708
3,JIUHQJ,val_vazaodefluente,2023-03-15 23:59:00,2023-03-16 01:00:00,303.0,161.0,-142.0,raw/DADOS_HIDROLOGICOS_HO_2023_03.csv,40940,40941
3,JIUHQJ,val_vazaodefluente,2023-03-12 12:00:00,2023-03-12 13:00:00,151.0,287.0,136.0,raw/DADOS_HIDROLOGICOS_HO_2023_03.csv,40856,40857
3,JIUHQJ,val_vazaoturbinada,2023-03-24 14:00:00,2023-03-24 15:00:00,44.0,244.0,200.0,raw/DADOS_HIDROLOGICOS_HO_2023_03.csv,41146,41147
3,JIUHQJ,val_vazaoturbinada,2023-03-10 23:59:00,2023-03-11 01:00:00,344.0,155.0,-189.0,raw/DADOS_HIDROLOGICOS_HO_2023_03.csv,40820,40821
3,JIUHQJ,val_vazaoturbinada,2023-03-06 07:00:00,2023-03-06 08:00:00,114.0,290.0,176.0,raw/DADOS_HIDROLOGICOS_HO_2023_03.csv,40707,40708
3,JIUHQJ,val_vazaoturbinada,2023-03-15 23:59:00,2023-03-16 01:00:00,275.0,134.0,-141.0,raw/DADOS_HIDROLOGICOS_HO_2023_03.csv,40940,40941
3,JIUHQJ,val_vazaoturbinada,2023-03-05 01:00:00,2023-03-05 02:00:00,274.0,138.0,-136.0,raw/DADOS_HIDROLOGICOS_HO_2023_03.csv,40677,40678
3,JIUHQJ,val_vazaovertida,2023-03-08 15:00:00,2023-03-08 16:00:00,35.0,52.0,17.0,raw/DADOS_HIDROLOGICOS_HO_2023_03.csv,40763,40764
3,JIUHQJ,val_vazaovertida,2023-03-08 13:00:00,2023-03-08 14:00:00,9.0,22.0,13.0,raw/DADOS_HIDROLOGICOS_HO_2023_03.csv,40761,40762
3,JIUHQJ,val_vazaovertida,2023-03-08 14:00:00,2023-03-08 15:00:00,22.0,35.0,13.0,raw/DADOS_HIDROLOGICOS_HO_2023_03.csv,40762,40763
3,JIUHQJ,val_vazaovertida,2023-03-09 02:00:00,2023-03-09 03:00:00,57.0,46.0,-11.0,raw/DADOS_HIDROLOGICOS_HO_2023_03.csv,40774,40775
3,JIUHQJ,val_vazaovertida,2023-03-08 12:00:00,2023-03-08 13:00:00,0.0,9.0,9.0,raw/DADOS_HIDROLOGICOS_HO_2023_03.csv,40760,40761
3,JIUHQJ,val_vazaooutrasestruturas,2023-03-19 15:00:00,2023-03-19 16:00:00,28.0,26.0,-2.0,raw/DADOS_HIDROLOGICOS_HO_2023_03.csv,41027,41028
3,JIUHQJ,val_vazaooutrasestruturas,2023-03-19 16:00:00,2023-03-19 17:00:00,26.0,28.0,2.0,raw/DADOS_HIDROLOGICOS_HO_2023_03.csv,41028,41029
3,JIUHQJ,val_vazaooutrasestruturas,2023-03-05 18:00:00,2023-03-05 19:00:00,28.0,29.0,1.0,raw/DADOS_HIDROLOGICOS_HO_2023_03.csv,40694,40695
3,JIUHQJ,val_vazaooutrasestruturas,2023-03-06 07:00:00,2023-03-06 08:00:00,29.0,28.0,-1.0,raw/DADOS_HIDROLOGICOS_HO_2023_03.csv,40707,40708
3,JIUHQJ,val_vazaooutrasestruturas,2023-03-07 18:00:00,2023-03-07 19:00:00,28.0,27.0,-1.0,raw/DADOS_HIDROLOGICOS_HO_2023_03.csv,40742,40743
3,JIUHQJ,val_vazaotransferida,2023-03-01 01:00:00,2023-03-01 02:00:00,0.0,0.0,0.0,raw/DADOS_HIDROLOGICOS_HO_2023_03.csv,40581,40582
3,JIUHQJ,val_vazaotransferida,2023-03-01 02:00:00,2023-03-01 03:00:00,0.0,0.0,0.0,raw/DADOS_HIDROLOGICOS_HO_2023_03.csv,40582,40583
3,JIUHQJ,val_vazaotransferida,2023-03-01 03:00:00,2023-03-01 04:00:00,0.0,0.0,0.0,raw/DADOS_HIDROLOGICOS_HO_2023_03.csv,40583,40584
3,JIUHQJ,val_vazaotransferida,2023-03-01 04:00:00,2023-03-01 05:00:00,0.0,0.0,0.0,raw/DADOS_HIDROLOGICOS_HO_2023_03.csv,40584,40585
3,JIUHQJ,val_vazaotransferida,2023-03-01 05:00:00,2023-03-01 06:00:00,0.0,0.0,0.0,raw/DADOS_HIDROLOGICOS_HO_2023_03.csv,40585,40586
3,JIUHQJ,val_vazaovertidanaoturbinavel,2023-03-08 12:00:00,2023-03-08 13:00:00,0.0,5.0,5.0,raw/DADOS_HIDROLOGICOS_HO_2023_03.csv,40760,40761
3,JIUHQJ,val_vazaovertidanaoturbinavel,2023-03-08 15:00:00,2023-03-08 16:00:00,5.0,7.0,2.0,raw/DADOS_HIDROLOGICOS_HO_2023_03.csv,40763,40764
3,JIUHQJ,val_vazaovertidanaoturbinavel,2023-03-08 16:00:00,2023-03-08 17:00:00,7.0,6.0,-1.0,raw/DADOS_HIDROLOGICOS_HO_2023_03.csv,40764,40765
3,JIUHQJ,val_vazaovertidanaoturbinavel,2023-03-08 17:00:00,2023-03-08 18:00:00,6.0,5.0,-1.0,raw/DADOS_HIDROLOGICOS_HO_2023_03.csv,40765,40766
3,JIUHQJ,val_vazaovertidanaoturbinavel,2023-03-09 17:00:00,2023-03-09 18:00:00,5.0,4.0,-1.0,raw/DADOS_HIDROLOGICOS_HO_2023_03.csv,40789,40790
4,JIUHCA,val_nivelmontante,2023-04-17 11:00:00,2023-04-17 12:00:00,239.26,239.38,0.12000000000000455,raw/DADOS_HIDROLOGICOS_HO_2023_04.csv,41136,41137
4,JIUHCA,val_nivelmontante,2023-04-17 12:00:00,2023-04-17 13:00:00,239.38,239.48,0.09999999999999432,raw/DADOS_HIDROLOGICOS_HO_2023_04.csv,41137,41138
4,JIUHCA,val_nivelmontante,2023-04-17 13:00:00,2023-04-17 14:00:00,239.48,239.53,0.05000000000001137,raw/DADOS_HIDROLOGICOS_HO_2023_04.csv,41138,41139
4,JIUHCA,val_nivelmontante,2023-04-28 16:00:00,2023-04-28 17:00:00,239.4,239.35,-0.05000000000001137,raw/DADOS_HIDROLOGICOS_HO_2023_04.csv,41405,41406
4,JIUHCA,val_nivelmontante,2023-04-28 21:00:00,2023-04-28 22:00:00,239.18,239.13,-0.05000000000001137,raw/DADOS_HIDROLOGICOS_HO_2023_04.csv,41410,41411
4,JIUHCA,val_niveljusante,2023-04-27 21:00:00,2023-04-27 22:00:00,147.98,146.91,-1.0699999999999932,raw/DADOS_HIDROLOGICOS_HO_2023_04.csv,41386,41387
4,JIUHCA,val_niveljusante,2023-04-06 01:00:00,2023-04-06 02:00:00,146.87,147.87,1.0,raw/DADOS_HIDROLOGICOS_HO_2023_04.csv,40864,40865
4,JIUHCA,val_niveljusante,2023-04-06 02:00:00,2023-04-06 03:00:00,147.87,146.87,-1.0,raw/DADOS_HIDROLOGICOS_HO_2023_04.csv,40865,40866
4,JIUHCA,val_niveljusante,2023-04-06 03:00:00,2023-04-06 04:00:00,146.87,147.87,1.0,raw/DADOS_HIDROLOGICOS_HO_2023_04.csv,40866,40867
4,JIUHCA,val_niveljusante,2023-04-06 04:00:00,2023-04-06 05:00:00,147.87,146.87,-1.0,raw/DADOS_HIDROLOGICOS_HO_2023_04.csv,40867,40868
4,JIUHCA,val_volumeutil,2023-04-17 11:00:00,2023-04-17 12:00:00,26.0,38.0,12.0,raw/DADOS_HIDROLOGICOS_HO_2023_04.csv,41136,41137
4,JIUHCA,val_volumeutil,2023-04-17 12:00:00,2023-04-17 13:00:00,38.0,48.0,10.0,raw/DADOS_HIDROLOGICOS_HO_2023_04.csv,41137,41138
4,JIUHCA,val_volumeutil,2023-04-17 13:00:00,2023-04-17 14:00:00,48.0,53.0,5.0,raw/DADOS_HIDROLOGICOS_HO_2023_04.csv,41138,41139
4,JIUHCA,val_volumeutil,2023-04-18 17:00:00,2023-04-18 18:00:00,14.0,9.0,-5.0,raw/DADOS_HIDROLOGICOS_HO_2023_04.csv,41166,41167
4,JIUHCA,val_volumeutil,2023-04-28 15:00:00,2023-04-28 16:00:00,45.0,40.0,-5.0,raw/DADOS_HIDROLOGICOS_HO_2023_04.csv,41404,41405
4,JIUHCA,val_vazaoafluente,2023-04-17 11:00:00,2023-04-17 12:00:00,77.0,215.0,138.0,raw/DADOS_HIDROLOGICOS_HO_2023_04.csv,41136,41137
4,JIUHCA,val_vazaoafluente,2023-04-18 23:59:00,2023-04-19 01:00:00,114.0,60.0,-54.0,raw/DADOS_HIDROLOGICOS_HO_2023_04.csv,41173,41174
4,JIUHCA,val_vazaoafluente,2023-04-26 01:00:00,2023-04-26 02:00:00,2.0,48.0,46.0,raw/DADOS_HIDROLOGICOS_HO_2023_04.csv,41342,41343
4,JIUHCA,val_vazaoafluente,2023-04-03 04:00:00,2023-04-03 05:00:00,78.0,33.0,-45.0,raw/DADOS_HIDROLOGICOS_HO_2023_04.csv,40795,40796
4,JIUHCA,val_vazaoafluente,2023-04-12 09:00:00,2023-04-12 10:00:00,63.0,18.0,-45.0,raw/DADOS_HIDROLOGICOS_HO_2023_04.csv,41014,41015
4,JIUHCA,val_vazaodefluente,2023-04-17 13:00:00,2023-04-17 14:00:00,71.0,149.0,78.0,raw/DADOS_HIDROLOGICOS_HO_2023_04.csv,41138,41139
4,JIUHCA,val_vazaodefluente,2023-04-01 03:00:00,2023-04-01 04:00:00,80.0,23.0,-57.0,raw/DADOS_HIDROLOGICOS_HO_2023_04.csv,40746,40747
4,JIUHCA,val_vazaodefluente,2023-04-18 23:59:00,2023-04-19 01:00:00,114.0,60.0,-54.0,raw/DADOS_HIDROLOGICOS_HO_2023_04.csv,41173,41174
4,JIUHCA,val_vazaodefluente,2023-04-02 07:00:00,2023-04-02 08:00:00,18.0,69.0,51.0,raw/DADOS_HIDROLOGICOS_HO_2023_04.csv,40774,40775
4,JIUHCA,val_vazaodefluente,2023-04-02 10:00:00,2023-04-02 11:00:00,69.0,18.0,-51.0,raw/DADOS_HIDROLOGICOS_HO_2023_04.csv,40777,40778
4,JIUHCA,val_vazaoturbinada,2023-04-17 13:00:00,2023-04-17 14:00:00,53.0,131.0,78.0,raw/DADOS_HIDROLOGICOS_HO_2023_04.csv,41138,41139
4,JIUHCA,val_vazaoturbinada,2023-04-01 03:00:00,2023-04-01 04:00:00,62.0,5.0,-57.0,raw/DADOS_HIDROLOGICOS_HO_2023_04.csv,40746,40747
4,JIUHCA,val_vazaoturbinada,2023-04-18 23:59:00,2023-04-19 01:00:00,96.0,42.0,-54.0,raw/DADOS_HIDROLOGICOS_HO_2023_04.csv,41173,41174
4,JIUHCA,val_vazaoturbinada,2023-04-07 23:59:00,2023-04-08 01:00:00,50.0,0.0,-50.0,raw/DADOS_HIDROLOGICOS_HO_2023_04.csv,40910,40911
4,JIUHCA,val_vazaoturbinada,2023-04-27 10:00:00,2023-04-27 11:00:00,0.0,50.0,50.0,raw/DADOS_HIDROLOGICOS_HO_2023_04.csv,41375,41376
4,JIUHCA,val_vazaovertida,2023-04-02 07:00:00,2023-04-02 08:00:00,0.0,50.0,50.0,raw/DADOS_HIDROLOGICOS_HO_2023_04.csv,40774,40775
4,JIUHCA,val_vazaovertida,2023-04-02 10:00:00,2023-04-02 11:00:00,50.0,0.0,-50.0,raw/DADOS_HIDROLOGICOS_HO_2023_04.csv,40777,40778
4,JIUHCA,val_vazaovertida,2023-04-01 12:00:00,2023-04-01 13:00:00,0.0,29.0,29.0,raw/DADOS_HIDROLOGICOS_HO_2023_04.csv,40755,40756
4,JIUHCA,val_vazaovertida,2023-04-22 13:00:00,2023-04-22 14:00:00,0.0,24.0,24.0,raw/DADOS_HIDROLOGICOS_HO_2023_04.csv,41258,41259
4,JIUHCA,val_vazaovertida,2023-04-22 16:00:00,2023-04-22 17:00:00,24.0,0.0,-24.0,raw/DADOS_HIDROLOGICOS_HO_2023_04.csv,41261,41262
4,JIUHCA,val_vazaooutrasestruturas,2023-04-22 11:00:00,2023-04-22 12:00:00,18.0,42.0,24.0,raw/DADOS_HIDROLOGICOS_HO_2023_04.csv,41256,41257
4,JIUHCA,val_vazaooutrasestruturas,2023-04-22 12:00:00,2023-04-22 13:00:00,42.0,18.0,-24.0,raw/DADOS_HIDROLOGICOS_HO_2023_04.csv,41257,41258
4,JIUHCA,val_vazaooutrasestruturas,2023-04-23 09:00:00,2023-04-23 10:00:00,18.0,37.0,19.0,raw/DADOS_HIDROLOGICOS_HO_2023_04.csv,41278,41279
4,JIUHCA,val_vazaooutrasestruturas,2023-04-23 10:00:00,2023-04-23 11:00:00,37.0,18.0,-19.0,raw/DADOS_HIDROLOGICOS_HO_2023_04.csv,41279,41280
4,JIUHCA,val_vazaooutrasestruturas,2023-04-03 05:00:00,2023-04-03 06:00:00,18.0,19.0,1.0,raw/DADOS_HIDROLOGICOS_HO_2023_04.csv,40796,40797
4,JIUHCA,val_vazaotransferida,2023-04-01 01:00:00,2023-04-01 02:00:00,0.0,0.0,0.0,raw/DADOS_HIDROLOGICOS_HO_2023_04.csv,40744,40745
4,JIUHCA,val_vazaotransferida,2023-04-01 02:00:00,2023-04-01 03:00:00,0.0,0.0,0.0,raw/DADOS_HIDROLOGICOS_HO_2023_04.csv,40745,40746
4,JIUHCA,val_vazaotransferida,2023-04-01 03:00:00,2023-04-01 04:00:00,0.0,0.0,0.0,raw/DADOS_HIDROLOGICOS_HO_2023_04.csv,40746,40747
4,JIUHCA,val_vazaotransferida,2023-04-01 04:00:00,2023-04-01 05:00:00,0.0,0.0,0.0,raw/DADOS_HIDROLOGICOS_HO_2023_04.csv,40747,40748
4,JIUHCA,val_vazaotransferida,2023-04-01 05:00:00,2023-04-01 06:00:00,0.0,0.0,0.0,raw/DADOS_HIDROLOGICOS_HO_2023_04.csv,40748,40749
4,JIUHCA,val_vazaovertidanaoturbinavel,2023-04-02 07:00:00,2023-04-02 08:00:00,0.0,50.0,50.0,raw/DADOS_HIDROLOGICOS_HO_2023_04.csv,40774,40775
4,JIUHCA,val_vazaovertidanaoturbinavel,2023-04-02 10:00:00,2023-04-02 11:00:00,50.0,0.0,-50.0,raw/DADOS_HIDROLOGICOS_HO_2023_04.csv,40777,40778
4,JIUHCA,val_vazaovertidanaoturbinavel,2023-04-01 12:00:00,2023-04-01 13:00:00,0.0,29.0,29.0,raw/DADOS_HIDROLOGICOS_HO_2023_04.csv,40755,40756
4,JIUHCA,val_vazaovertidanaoturbinavel,2023-04-22 13:00:00,2023-04-22 14:00:00,0.0,23.0,23.0,raw/DADOS_HIDROLOGICOS_HO_2023_04.csv,41258,41259
4,JIUHCA,val_vazaovertidanaoturbinavel,2023-04-22 16:00:00,2023-04-22 17:00:00,23.0,0.0,-23.0,raw/DADOS_HIDROLOGICOS_HO_2023_04.csv,41261,41262
4,JIUHMC,val_nivelmontante,2023-04-17 23:00:00,2023-04-17 23:59:00,147.4,147.02,-0.37999999999999545,raw/DADOS_HIDROLOGICOS_HO_2023_04.csv,44747,44748
4,JIUHMC,val_nivelmontante,2023-04-05 23:59:00,2023-04-06 01:00:00,147.3,147.0,-0.30000000000001137,raw/DADOS_HIDROLOGICOS_HO_2023_04.csv,44461,44462
4,JIUHMC,val_nivelmontante,2023-04-17 22:00:00,2023-04-17 23:00:00,147.1,147.4,0.30000000000001137,raw/DADOS_HIDROLOGICOS_HO_2023_04.csv,44746,44747
4,JIUHMC,val_nivelmontante,2023-04-23 18:00:00,2023-04-23 19:00:00,147.62,147.36,-0.2599999999999909,raw/DADOS_HIDROLOGICOS_HO_2023_04.csv,44886,44887
4,JIUHMC,val_nivelmontante,2023-04-22 22:00:00,2023-04-22 23:00:00,147.35,147.11,-0.23999999999998067,raw/DADOS_HIDROLOGICOS_HO_2023_04.csv,44866,44867
4,JIUHMC,val_niveljusante,2023-04-14 23:59:00,2023-04-15 01:00:00,105.4,104.05,-1.3500000000000085,raw/DADOS_HIDROLOGICOS_HO_2023_04.csv,44676,44677
4,JIUHMC,val_niveljusante,2023-04-13 15:00:00,2023-04-13 16:00:00,104.14,105.21,1.0699999999999932,raw/DADOS_HIDROLOGICOS_HO_2023_04.csv,44643,44644
4,JIUHMC,val_niveljusante,2023-04-07 13:00:00,2023-04-07 14:00:00,104.62,105.62,1.0,raw/DADOS_HIDROLOGICOS_HO_2023_04.csv,44498,44499
4,JIUHMC,val_niveljusante,2023-04-24 07:00:00,2023-04-24 08:00:00,104.59,105.59,1.0,raw/DADOS_HIDROLOGICOS_HO_2023_04.csv,44899,44900
4,JIUHMC,val_niveljusante,2023-04-24 08:00:00,2023-04-24 09:00:00,105.59,104.59,-1.0,raw/DADOS_HIDROLOGICOS_HO_2023_04.csv,44900,44901
4,JIUHMC,val_volumeutil,2023-04-17 23:00:00,2023-04-17 23:59:00,38.61,1.89,-36.72,raw/DADOS_HIDROLOGICOS_HO_2023_04.csv,44747,44748
4,JIUHMC,val_volumeutil,2023-04-17 22:00:00,2023-04-17 23:00:00,9.48,38.61,29.13,raw/DADOS_HIDROLOGICOS_HO_2023_04.csv,44746,44747
4,JIUHMC,val_volumeutil,2023-04-05 23:59:00,2023-04-06 01:00:00,28.78,0.0,-28.78,raw/DADOS_HIDROLOGICOS_HO_2023_04.csv,44461,44462
4,JIUHMC,val_volumeutil,2023-04-23 18:00:00,2023-04-23 19:00:00,60.64,34.67,-25.97,raw/DADOS_HIDROLOGICOS_HO_2023_04.csv,44886,44887
4,JIUHMC,val_volumeutil,2023-04-23 17:00:00,2023-04-23 18:00:00,84.27,60.64,-23.629999999999995,raw/DADOS_HIDROLOGICOS_HO_2023_04.csv,44885,44886
4,JIUHMC,val_vazaoafluente,2023-04-17 23:00:00,2023-04-17 23:59:00,470.0,143.0,-327.0,raw/DADOS_HIDROLOGICOS_HO_2023_04.csv,44747,44748
4,JIUHMC,val_vazaoafluente,2023-04-17 22:00:00,2023-04-17 23:00:00,313.0,470.0,157.0,raw/DADOS_HIDROLOGICOS_HO_2023_04.csv,44746,44747
4,JIUHMC,val_vazaoafluente,2023-04-17 23:59:00,2023-04-18 01:00:00,143.0,259.0,116.0,raw/DADOS_HIDROLOGICOS_HO_2023_04.csv,44748,44749
4,JIUHMC,val_vazaoafluente,2023-04-22 23:59:00,2023-04-23 01:00:00,142.0,43.0,-99.0,raw/DADOS_HIDROLOGICOS_HO_2023_04.csv,44868,44869
4,JIUHMC,val_vazaoafluente,2023-04-07 23:59:00,2023-04-08 01:00:00,96.0,3.0,-93.0,raw/DADOS_HIDROLOGICOS_HO_2023_04.csv,44508,44509
4,JIUHMC,val_vazaodefluente,2023-04-06 01:00:00,2023-04-06 02:00:00,184.0,20.0,-164.0,raw/DADOS_HIDROLOGICOS_HO_2023_04.csv,44462,44463
4,JIUHMC,val_vazaodefluente,2023-04-22 23:59:00,2023-04-23 01:00:00,187.0,43.0,-144.0,raw/DADOS_HIDROLOGICOS_HO_2023_04.csv,44868,44869
4,JIUHMC,val_vazaodefluente,2023-04-23 16:00:00,2023-04-23 17:00:00,19.0,158.0,139.0,raw/DADOS_HIDROLOGICOS_HO_2023_04.csv,44884,44885
4,JIUHMC,val_vazaodefluente,2023-04-22 01:00:00,2023-04-22 02:00:00,190.0,58.0,-132.0,raw/DADOS_HIDROLOGICOS_HO_2023_04.csv,44845,44846
4,JIUHMC,val_vazaodefluente,2023-04-01 23:59:00,2023-04-02 01:00:00,162.0,37.0,-125.0,raw/DADOS_HIDROLOGICOS_HO_2023_04.csv,44365,44366
4,JIUHMC,val_vazaoturbinada,2023-04-06 01:00:00,2023-04-06 02:00:00,165.0,0.0,-165.0,raw/DADOS_HIDROLOGICOS_HO_2023_04.csv,44462,44463
4,JIUHMC,val_vazaoturbinada,2023-04-22 23:59:00,2023-04-23 01:00:00,169.0,25.0,-144.0,raw/DADOS_HIDROLOGICOS_HO_2023_04.csv,44868,44869
4,JIUHMC,val_vazaoturbinada,2023-04-23 16:00:00,2023-04-23 17:00:00,0.0,139.0,139.0,raw/DADOS_HIDROLOGICOS_HO_2023_04.csv,44884,44885
4,JIUHMC,val_vazaoturbinada,2023-04-22 01:00:00,2023-04-22 02:00:00,171.0,39.0,-132.0,raw/DADOS_HIDROLOGICOS_HO_2023_04.csv,44845,44846
4,JIUHMC,val_vazaoturbinada,2023-04-01 23:59:00,2023-04-02 01:00:00,142.0,17.0,-125.0,raw/DADOS_HIDROLOGICOS_HO_2023_04.csv,44365,44366
4,JIUHMC,val_vazaovertida,2023-04-21 19:00:00,2023-04-21 20:00:00,22.0,13.0,-9.0,raw/DADOS_HIDROLOGICOS_HO_2023_04.csv,44839,44840
4,JIUHMC,val_vazaovertida,2023-04-21 17:00:00,2023-04-21 18:00:00,19.0,27.0,8.0,raw/DADOS_HIDROLOGICOS_HO_2023_04.csv,44837,44838
4,JIUHMC,val_vazaovertida,2023-04-10 11:00:00,2023-04-10 12:00:00,20.0,13.0,-7.0,raw/DADOS_HIDROLOGICOS_HO_2023_04.csv,44567,44568
4,JIUHMC,val_vazaovertida,2023-04-21 16:00:00,2023-04-21 17:00:00,13.0,19.0,6.0,raw/DADOS_HIDROLOGICOS_HO_2023_04.csv,44836,44837
4,JIUHMC,val_vazaovertida,2023-04-21 18:00:00,2023-04-21 19:00:00,27.0,22.0,-5.0,raw/DADOS_HIDROLOGICOS_HO_2023_04.csv,44838,44839
4,JIUHMC,val_vazaooutrasestruturas,2023-04-10 11:00:00,2023-04-10 12:00:00,0.0,6.0,6.0,raw/DADOS_HIDROLOGICOS_HO_2023_04.csv,44567,44568
4,JIUHMC,val_vazaooutrasestruturas,2023-04-01 01:00:00,2023-04-01 02:00:00,0.0,0.0,0.0,raw/DADOS_HIDROLOGICOS_HO_2023_04.csv,44342,44343
4,JIUHMC,val_vazaooutrasestruturas,2023-04-01 02:00:00,2023-04-01 03:00:00,0.0,0.0,0.0,raw/DADOS_HIDROLOGICOS_HO_2023_04.csv,44343,44344
4,JIUHMC,val_vazaooutrasestruturas,2023-04-01 03:00:00,2023-04-01 04:00:00,0.0,0.0,0.0,raw/DADOS_HIDROLOGICOS_HO_2023_04.csv,44344,44345
4,JIUHMC,val_vazaooutrasestruturas,2023-04-01 04:00:00,2023-04-01 05:00:00,0.0,0.0,0.0,raw/DADOS_HIDROLOGICOS_HO_2023_04.csv,44345,44346
4,JIUHMC,val_vazaotransferida,2023-04-01 01:00:00,2023-04-01 02:00:00,0.0,0.0,0.0,raw/DADOS_HIDROLOGICOS_HO_2023_04.csv,44342,44343
4,JIUHMC,val_vazaotransferida,2023-04-01 02:00:00,2023-04-01 03:00:00,0.0,0.0,0.0,raw/DADOS_HIDROLOGICOS_HO_2023_04.csv,44343,44344
4,JIUHMC,val_vazaotransferida,2023-04-01 03:00:00,2023-04-01 04:00:00,0.0,0.0,0.0,raw/DADOS_HIDROLOGICOS_HO_2023_04.csv,44344,44345
4,JIUHMC,val_vazaotransferida,2023-04-01 04:00:00,2023-04-01 05:00:00,0.0,0.0,0.0,raw/DADOS_HIDROLOGICOS_HO_2023_04.csv,44345,44346
4,JIUHMC,val_vazaotransferida,2023-04-01 05:00:00,2023-04-01 06:00:00,0.0,0.0,0.0,raw/DADOS_HIDROLOGICOS_HO_2023_04.csv,44346,44347
4,JIUHMC,val_vazaovertidanaoturbinavel,2023-04-21 19:00:00,2023-04-21 20:00:00,21.0,13.0,-8.0,raw/DADOS_HIDROLOGICOS_HO_2023_04.csv,44839,44840
4,JIUHMC,val_vazaovertidanaoturbinavel,2023-04-21 17:00:00,2023-04-21 18:00:00,19.0,26.0,7.0,raw/DADOS_HIDROLOGICOS_HO_2023_04.csv,44837,44838
4,JIUHMC,val_vazaovertidanaoturbinavel,2023-04-10 11:00:00,2023-04-10 12:00:00,19.0,13.0,-6.0,raw/DADOS_HIDROLOGICOS_HO_2023_04.csv,44567,44568
4,JIUHMC,val_vazaovertidanaoturbinavel,2023-04-21 16:00:00,2023-04-21 17:00:00,13.0,19.0,6.0,raw/DADOS_HIDROLOGICOS_HO_2023_04.csv,44836,44837
4,JIUHMC,val_vazaovertidanaoturbinavel,2023-04-21 18:00:00,2023-04-21 19:00:00,26.0,21.0,-5.0,raw/DADOS_HIDROLOGICOS_HO_2023_04.csv,44838,44839
4,JIUHQJ,val_nivelmontante,2023-04-11 16:00:00,2023-04-11 17:00:00,103.26,103.14,-0.12000000000000455,raw/DADOS_HIDROLOGICOS_HO_2023_04.csv,39559,39560
4,JIUHQJ,val_nivelmontante,2023-04-17 13:00:00,2023-04-17 14:00:00,103.43,103.31,-0.12000000000000455,raw/DADOS_HIDROLOGICOS_HO_2023_04.csv,39700,39701
4,JIUHQJ,val_nivelmontante,2023-04-01 22:00:00,2023-04-01 23:00:00,103.37,103.47,0.09999999999999432,raw/DADOS_HIDROLOGICOS_HO_2023_04.csv,39326,39327
4,JIUHQJ,val_nivelmontante,2023-04-02 15:00:00,2023-04-02 16:00:00,103.47,103.37,-0.09999999999999432,raw/DADOS_HIDROLOGICOS_HO_2023_04.csv,39343,39344
4,JIUHQJ,val_nivelmontante,2023-04-16 23:00:00,2023-04-16 23:59:00,103.25,103.35,0.09999999999999432,raw/DADOS_HIDROLOGICOS_HO_2023_04.csv,39686,39687
4,JIUHQJ,val_niveljusante,2023-04-02 16:00:00,2023-04-02 17:00:00,69.02,70.35,1.3299999999999983,raw/DADOS_HIDROLOGICOS_HO_2023_04.csv,39344,39345
4,JIUHQJ,val_niveljusante,2023-04-17 13:00:00,2023-04-17 14:00:00,70.13,71.23,1.1000000000000085,raw/DADOS_HIDROLOGICOS_HO_2023_04.csv,39700,39701
4,JIUHQJ,val_niveljusante,2023-04-10 06:00:00,2023-04-10 07:00:00,69.98,68.96,-1.0200000000000102,raw/DADOS_HIDROLOGICOS_HO_2023_04.csv,39525,39526
4,JIUHQJ,val_niveljusante,2023-04-10 05:00:00,2023-04-10 06:00:00,68.99,69.98,0.9900000000000091,raw/DADOS_HIDROLOGICOS_HO_2023_04.csv,39524,39525
4,JIUHQJ,val_niveljusante,2023-04-11 10:00:00,2023-04-11 11:00:00,68.0,68.99,0.9899999999999949,raw/DADOS_HIDROLOGICOS_HO_2023_04.csv,39553,39554
4,JIUHQJ,val_volumeutil,2023-04-11 16:00:00,2023-04-11 17:00:00,26.0,14.0,-12.0,raw/DADOS_HIDROLOGICOS_HO_2023_04.csv,39559,39560
4,JIUHQJ,val_volumeutil,2023-04-17 13:00:00,2023-04-17 14:00:00,43.0,31.0,-12.0,raw/DADOS_HIDROLOGICOS_HO_2023_04.csv,39700,39701
4,JIUHQJ,val_volumeutil,2023-04-01 22:00:00,2023-04-01 23:00:00,37.0,47.0,10.0,raw/DADOS_HIDROLOGICOS_HO_2023_04.csv,39326,39327
4,JIUHQJ,val_volumeutil,2023-04-02 15:00:00,2023-04-02 16:00:00,47.0,37.0,-10.0,raw/DADOS_HIDROLOGICOS_HO_2023_04.csv,39343,39344
4,JIUHQJ,val_volumeutil,2023-04-16 23:00:00,2023-04-16 23:59:00,25.0,35.0,10.0,raw/DADOS_HIDROLOGICOS_HO_2023_04.csv,39686,39687
4,JIUHQJ,val_vazaoafluente,2023-04-17 23:59:00,2023-04-18 01:00:00,428.0,215.0,-213.0,raw/DADOS_HIDROLOGICOS_HO_2023_04.csv,39711,39712
4,JIUHQJ,val_vazaoafluente,2023-04-20 01:00:00,2023-04-20 02:00:00,212.0,12.0,-200.0,raw/DADOS_HIDROLOGICOS_HO_2023_04.csv,39760,39761
4,JIUHQJ,val_vazaoafluente,2023-04-07 01:00:00,2023-04-07 02:00:00,224.0,28.0,-196.0,raw/DADOS_HIDROLOGICOS_HO_2023_04.csv,39449,39450
4,JIUHQJ,val_vazaoafluente,2023-04-29 02:00:00,2023-04-29 03:00:00,173.0,12.0,-161.0,raw/DADOS_HIDROLOGICOS_HO_2023_04.csv,39977,39978
4,JIUHQJ,val_vazaoafluente,2023-04-06 23:59:00,2023-04-07 01:00:00,69.0,224.0,155.0,raw/DADOS_HIDROLOGICOS_HO_2023_04.csv,39448,39449
4,JIUHQJ,val_vazaodefluente,2023-04-11 14:00:00,2023-04-11 15:00:00,28.0,195.0,167.0,raw/DADOS_HIDROLOGICOS_HO_2023_04.csv,39557,39558
4,JIUHQJ,val_vazaodefluente,2023-04-06 01:00:00,2023-04-06 02:00:00,190.0,28.0,-162.0,raw/DADOS_HIDROLOGICOS_HO_2023_04.csv,39425,39426
4,JIUHQJ,val_vazaodefluente,2023-04-17 13:00:00,2023-04-17 14:00:00,195.0,319.0,124.0,raw/DADOS_HIDROLOGICOS_HO_2023_04.csv,39700,39701
4,JIUHQJ,val_vazaodefluente,2023-04-18 23:59:00,2023-04-19 01:00:00,232.0,108.0,-124.0,raw/DADOS_HIDROLOGICOS_HO_2023_04.csv,39735,39736
4,JIUHQJ,val_vazaodefluente,2023-04-23 23:59:00,2023-04-24 01:00:00,178.0,55.0,-123.0,raw/DADOS_HIDROLOGICOS_HO_2023_04.csv,39855,39856
4,JIUHQJ,val_vazaoturbinada,2023-04-11 14:00:00,2023-04-11 15:00:00,0.0,167.0,167.0,raw/DADOS_HIDROLOGICOS_HO_2023_04.csv,39557,39558
4,JIUHQJ,val_vazaoturbinada,2023-04-06 01:00:00,2023-04-06 02:00:00,162.0,0.0,-162.0,raw/DADOS_HIDROLOGICOS_HO_2023_04.csv,39425,39426
4,JIUHQJ,val_vazaoturbinada,2023-04-17 13:00:00,2023-04-17 14:00:00,166.0,291.0,125.0,raw/DADOS_HIDROLOGICOS_HO_2023_04.csv,39700,39701
4,JIUHQJ,val_vazaoturbinada,2023-04-18 23:59:00,2023-04-19 01:00:00,204.0,79.0,-125.0,raw/DADOS_HIDROLOGICOS_HO_2023_04.csv,39735,39736
4,JIUHQJ,val_vazaoturbinada,2023-04-23 23:59:00,2023-04-24 01:00:00,150.0,27.0,-123.0,raw/DADOS_HIDROLOGICOS_HO_2023_04.csv,39855,39856
4,JIUHQJ,val_vazaovertida,2023-04-01 01:00:00,2023-04-01 02:00:00,0.0,0.0,0.0,raw/DADOS_HIDROLOGICOS_HO_2023_04.csv,39305,39306
4,JIUHQJ,val_vazaovertida,2023-04-01 02:00:00,2023-04-01 03:00:00,0.0,0.0,0.0,raw/DADOS_HIDROLOGICOS_HO_2023_04.csv,39306,39307
4,JIUHQJ,val_vazaovertida,2023-04-01 03:00:00,2023-04-01 04:00:00,0.0,0.0,0.0,raw/DADOS_HIDROLOGICOS_HO_2023_04.csv,39307,39308
4,JIUHQJ,val_vazaovertida,2023-04-01 04:00:00,2023-04-01 05:00:00,0.0,0.0,0.0,raw/DADOS_HIDROLOGICOS_HO_2023_04.csv,39308,39309
4,JIUHQJ,val_vazaovertida,2023-04-01 05:00:00,2023-04-01 06:00:00,0.0,0.0,0.0,raw/DADOS_HIDROLOGICOS_HO_2023_04.csv,39309,39310
4,JIUHQJ,val_vazaooutrasestruturas,2023-04-30 21:00:00,2023-04-30 22:00:00,28.0,51.0,23.0,raw/DADOS_HIDROLOGICOS_HO_2023_04.csv,40020,40021
4,JIUHQJ,val_vazaooutrasestruturas,2023-04-30 22:00:00,2023-04-30 23:00:00,51.0,28.0,-23.0,raw/DADOS_HIDROLOGICOS_HO_2023_04.csv,40021,40022
4,JIUHQJ,val_vazaooutrasestruturas,2023-04-26 17:00:00,2023-04-26 18:00:00,28.0,26.0,-2.0,raw/DADOS_HIDROLOGICOS_HO_2023_04.csv,39920,39921
4,JIUHQJ,val_vazaooutrasestruturas,2023-04-26 18:00:00,2023-04-26 19:00:00,26.0,28.0,2.0,raw/DADOS_HIDROLOGICOS_HO_2023_04.csv,39921,39922
4,JIUHQJ,val_vazaooutrasestruturas,2023-04-01 23:59:00,2023-04-02 01:00:00,28.0,29.0,1.0,raw/DADOS_HIDROLOGICOS_HO_2023_04.csv,39328,39329
4,JIUHQJ,val_vazaotransferida,2023-04-01 01:00:00,2023-04-01 02:00:00,0.0,0.0,0.0,raw/DADOS_HIDROLOGICOS_HO_2023_04.csv,39305,39306
4,JIUHQJ,val_vazaotransferida,2023-04-01 02:00:00,2023-04-01 03:00:00,0.0,0.0,0.0,raw/DADOS_HIDROLOGICOS_HO_2023_04.csv,39306,39307
4,JIUHQJ,val_vazaotransferida,2023-04-01 03:00:00,2023-04-01 04:00:00,0.0,0.0,0.0,raw/DADOS_HIDROLOGICOS_HO_2023_04.csv,39307,39308
4,JIUHQJ,val_vazaotransferida,2023-04-01 04:00:00,2023-04-01 05:00:00,0.0,0.0,0.0,raw/DADOS_HIDROLOGICOS_HO_2023_04.csv,39308,39309
4,JIUHQJ,val_vazaotransferida,2023-04-01 05:00:00,2023-04-01 06:00:00,0.0,0.0,0.0,raw/DADOS_HIDROLOGICOS_HO_2023_04.csv,39309,39310
4,JIUHQJ,val_vazaovertidanaoturbinavel,2023-04-01 01:00:00,2023-04-01 02:00:00,0.0,0.0,0.0,raw/DADOS_HIDROLOGICOS_HO_2023_04.csv,39305,39306
4,JIUHQJ,val_vazaovertidanaoturbinavel,2023-04-01 02:00:00,2023-04-01 03:00:00,0.0,0.0,0.0,raw/DADOS_HIDROLOGICOS_HO_2023_04.csv,39306,39307
4,JIUHQJ,val_vazaovertidanaoturbinavel,2023-04-01 03:00:00,2023-04-01 04:00:00,0.0,0.0,0.0,raw/DADOS_HIDROLOGICOS_HO_2023_04.csv,39307,39308
4,JIUHQJ,val_vazaovertidanaoturbinavel,2023-04-01 04:00:00,2023-04-01 05:00:00,0.0,0.0,0.0,raw/DADOS_HIDROLOGICOS_HO_2023_04.csv,39308,39309
4,JIUHQJ,val_vazaovertidanaoturbinavel,2023-04-01 05:00:00,2023-04-01 06:00:00,0.0,0.0,0.0,raw/DADOS_HIDROLOGICOS_HO_2023_04.csv,39309,39310
5,JIUHCA,val_nivelmontante,2023-05-04 04:00:00,2023-05-04 05:00:00,239.85,240.25,0.4000000000000057,raw/DADOS_HIDROLOGICOS_HO_2023_05.csv,41018,41019
5,JIUHCA,val_nivelmontante,2023-05-04 03:00:00,2023-05-04 04:00:00,239.55,239.85,0.29999999999998295,raw/DADOS_HIDROLOGICOS_HO_2023_05.csv,41017,41018
5,JIUHCA,val_nivelmontante,2023-05-04 05:00:00,2023-05-04 06:00:00,240.25,240.5,0.25,raw/DADOS_HIDROLOGICOS_HO_2023_05.csv,41019,41020
5,JIUHCA,val_nivelmontante,2023-05-06 03:00:00,2023-05-06 04:00:00,240.44,240.59,0.15000000000000568,raw/DADOS_HIDROLOGICOS_HO_2023_05.csv,41065,41066
5,JIUHCA,val_nivelmontante,2023-05-06 18:00:00,2023-05-06 19:00:00,240.85,240.99,0.14000000000001478,raw/DADOS_HIDROLOGICOS_HO_2023_05.csv,41080,41081
5,JIUHCA,val_niveljusante,2023-05-02 09:00:00,2023-05-02 10:00:00,146.03,147.23,1.1999999999999886,raw/DADOS_HIDROLOGICOS_HO_2023_05.csv,40975,40976
5,JIUHCA,val_niveljusante,2023-05-17 23:00:00,2023-05-17 23:59:00,147.95,146.88,-1.0699999999999932,raw/DADOS_HIDROLOGICOS_HO_2023_05.csv,41349,41350
5,JIUHCA,val_niveljusante,2023-05-02 08:00:00,2023-05-02 09:00:00,146.96,146.03,-0.9300000000000068,raw/DADOS_HIDROLOGICOS_HO_2023_05.csv,40974,40975
5,JIUHCA,val_niveljusante,2023-05-19 01:00:00,2023-05-19 02:00:00,146.81,147.74,0.9300000000000068,raw/DADOS_HIDROLOGICOS_HO_2023_05.csv,41375,41376
5,JIUHCA,val_niveljusante,2023-05-19 02:00:00,2023-05-19 03:00:00,147.74,146.81,-0.9300000000000068,raw/DADOS_HIDROLOGICOS_HO_2023_05.csv,41376,41377
5,JIUHCA,val_volumeutil,2023-05-04 04:00:00,2023-05-04 05:00:00,85.0,129.03,44.03,raw/DADOS_HIDROLOGICOS_HO_2023_05.csv,41018,41019
5,JIUHCA,val_volumeutil,2023-05-04 03:00:00,2023-05-04 04:00:00,55.0,85.0,30.0,raw/DADOS_HIDROLOGICOS_HO_2023_05.csv,41017,41018
5,JIUHCA,val_volumeutil,2023-05-04 05:00:00,2023-05-04 06:00:00,129.03,158.05,29.02000000000001,raw/DADOS_HIDROLOGICOS_HO_2023_05.csv,41019,41020
5,JIUHCA,val_volumeutil,2023-05-06 03:00:00,2023-05-06 04:00:00,151.09,168.5,17.409999999999997,raw/DADOS_HIDROLOGICOS_HO_2023_05.csv,41065,41066
5,JIUHCA,val_volumeutil,2023-05-04 06:00:00,2023-05-04 07:00:00,158.05,174.31,16.25999999999999,raw/DADOS_HIDROLOGICOS_HO_2023_05.csv,41020,41021
5,JIUHCA,val_vazaoafluente,2023-05-04 03:00:00,2023-05-04 04:00:00,211.0,463.0,252.0,raw/DADOS_HIDROLOGICOS_HO_2023_05.csv,41017,41018
5,JIUHCA,val_vazaoafluente,2023-05-06 03:00:00,2023-05-06 04:00:00,378.0,577.0,199.0,raw/DADOS_HIDROLOGICOS_HO_2023_05.csv,41065,41066
5,JIUHCA,val_vazaoafluente,2023-05-04 04:00:00,2023-05-04 05:00:00,463.0,657.0,194.0,raw/DADOS_HIDROLOGICOS_HO_2023_05.csv,41018,41019
5,JIUHCA,val_vazaoafluente,2023-05-06 04:00:00,2023-05-06 05:00:00,577.0,414.0,-163.0,raw/DADOS_HIDROLOGICOS_HO_2023_05.csv,41066,41067
5,JIUHCA,val_vazaoafluente,2023-05-06 17:00:00,2023-05-06 18:00:00,483.0,644.0,161.0,raw/DADOS_HIDROLOGICOS_HO_2023_05.csv,41079,41080
5,JIUHCA,val_vazaodefluente,2023-05-04 06:00:00,2023-05-04 07:00:00,165.0,313.0,148.0,raw/DADOS_HIDROLOGICOS_HO_2023_05.csv,41020,41021
5,JIUHCA,val_vazaodefluente,2023-05-04 01:00:00,2023-05-04 02:00:00,139.0,18.0,-121.0,raw/DADOS_HIDROLOGICOS_HO_2023_05.csv,41015,41016
5,JIUHCA,val_vazaodefluente,2023-05-04 05:00:00,2023-05-04 06:00:00,65.0,165.0,100.0,raw/DADOS_HIDROLOGICOS_HO_2023_05.csv,41019,41020
5,JIUHCA,val_vazaodefluente,2023-05-07 07:00:00,2023-05-07 08:00:00,609.0,518.0,-91.0,raw/DADOS_HIDROLOGICOS_HO_2023_05.csv,41093,41094
5,JIUHCA,val_vazaodefluente,2023-05-06 18:00:00,2023-05-06 19:00:00,496.0,585.0,89.0,raw/DADOS_HIDROLOGICOS_HO_2023_05.csv,41080,41081
5,JIUHCA,val_vazaoturbinada,2023-05-04 01:00:00,2023-05-04 02:00:00,121.0,0.0,-121.0,raw/DADOS_HIDROLOGICOS_HO_2023_05.csv,41015,41016
5,JIUHCA,val_vazaoturbinada,2023-05-07 07:00:00,2023-05-07 08:00:00,109.0,5.0,-104.0,raw/DADOS_HIDROLOGICOS_HO_2023_05.csv,41093,41094
5,JIUHCA,val_vazaoturbinada,2023-05-07 13:00:00,2023-05-07 14:00:00,0.0,88.0,88.0,raw/DADOS_HIDROLOGICOS_HO_2023_05.csv,41099,41100
5,JIUHCA,val_vazaoturbinada,2023-05-04 06:00:00,2023-05-04 07:00:00,9.0,92.0,83.0,raw/DADOS_HIDROLOGICOS_HO_2023_05.csv,41020,41021
5,JIUHCA,val_vazaoturbinada,2023-05-23 03:00:00,2023-05-23 04:00:00,86.0,9.0,-77.0,raw/DADOS_HIDROLOGICOS_HO_2023_05.csv,41473,41474
5,JIUHCA,val_vazaovertida,2023-05-04 05:00:00,2023-05-04 06:00:00,46.0,136.0,90.0,raw/DADOS_HIDROLOGICOS_HO_2023_05.csv,41019,41020
5,JIUHCA,val_vazaovertida,2023-05-06 18:00:00,2023-05-06 19:00:00,318.0,407.0,89.0,raw/DADOS_HIDROLOGICOS_HO_2023_05.csv,41080,41081
5,JIUHCA,val_vazaovertida,2023-05-06 19:00:00,2023-05-06 20:00:00,407.0,493.0,86.0,raw/DADOS_HIDROLOGICOS_HO_2023_05.csv,41081,41082
5,JIUHCA,val_vazaovertida,2023-05-07 14:00:00,2023-05-07 15:00:00,433.0,361.0,-72.0,raw/DADOS_HIDROLOGICOS_HO_2023_05.csv,41100,41101
5,JIUHCA,val_vazaovertida,2023-05-06 20:00:00,2023-05-06 21:00:00,493.0,563.0,70.0,raw/DADOS_HIDROLOGICOS_HO_2023_05.csv,41082,41083
5,JIUHCA,val_vazaooutrasestruturas,2023-05-04 03:00:00,2023-05-04 04:00:00,18.0,19.0,1.0,raw/DADOS_HIDROLOGICOS_HO_2023_05.csv,41017,41018
5,JIUHCA,val_vazaooutrasestruturas,2023-05-04 06:00:00,2023-05-04 07:00:00,19.0,20.0,1.0,raw/DADOS_HIDROLOGICOS_HO_2023_05.csv,41020,41021
5,JIUHCA,val_vazaooutrasestruturas,2023-05-04 14:00:00,2023-05-04 15:00:00,20.0,19.0,-1.0,raw/DADOS_HIDROLOGICOS_HO_2023_05.csv,41028,41029
5,JIUHCA,val_vazaooutrasestruturas,2023-05-06 04:00:00,2023-05-06 05:00:00,19.0,20.0,1.0,raw/DADOS_HIDROLOGICOS_HO_2023_05.csv,41066,41067
5,JIUHCA,val_vazaooutrasestruturas,2023-05-08 02:00:00,2023-05-08 03:00:00,20.0,19.0,-1.0,raw/DADOS_HIDROLOGICOS_HO_2023_05.csv,41112,41113
5,JIUHCA,val_vazaotransferida,2023-05-01 01:00:00,2023-05-01 02:00:00,0.0,0.0,0.0,raw/DADOS_HIDROLOGICOS_HO_2023_05.csv,40943,40944
5,JIUHCA,val_vazaotransferida,2023-05-01 02:00:00,2023-05-01 03:00:00,0.0,0.0,0.0,raw/DADOS_HIDROLOGICOS_HO_2023_05.csv,40944,40945
5,JIUHCA,val_vazaotransferida,2023-05-01 03:00:00,2023-05-01 04:00:00,0.0,0.0,0.0,raw/DADOS_HIDROLOGICOS_HO_2023_05.csv,40945,40946
5,JIUHCA,val_vazaotransferida,2023-05-01 04:00:00,2023-05-01 05:00:00,0.0,0.0,0.0,raw/DADOS_HIDROLOGICOS_HO_2023_05.csv,40946,40947
5,JIUHCA,val_vazaotransferida,2023-05-01 05:00:00,2023-05-01 06:00:00,0.0,0.0,0.0,raw/DADOS_HIDROLOGICOS_HO_2023_05.csv,40947,40948
5,JIUHCA,val_vazaovertidanaoturbinavel,2023-05-07 07:00:00,2023-05-07 08:00:00,50.0,152.0,102.0,raw/DADOS_HIDROLOGICOS_HO_2023_05.csv,41093,41094
5,JIUHCA,val_vazaovertidanaoturbinavel,2023-05-04 05:00:00,2023-05-04 06:00:00,46.0,136.0,90.0,raw/DADOS_HIDROLOGICOS_HO_2023_05.csv,41019,41020
5,JIUHCA,val_vazaovertidanaoturbinavel,2023-05-07 13:00:00,2023-05-07 14:00:00,157.0,71.0,-86.0,raw/DADOS_HIDROLOGICOS_HO_2023_05.csv,41099,41100
5,JIUHCA,val_vazaovertidanaoturbinavel,2023-05-04 06:00:00,2023-05-04 07:00:00,136.0,65.0,-71.0,raw/DADOS_HIDROLOGICOS_HO_2023_05.csv,41020,41021
5,JIUHCA,val_vazaovertidanaoturbinavel,2023-05-07 14:00:00,2023-05-07 15:00:00,71.0,2.0,-69.0,raw/DADOS_HIDROLOGICOS_HO_2023_05.csv,41100,41101
5,JIUHMC,val_nivelmontante,2023-05-29 03:00:00,2023-05-29 04:00:00,147.36,147.02,-0.3400000000000034,raw/DADOS_HIDROLOGICOS_HO_2023_05.csv,45322,45323
5,JIUHMC,val_nivelmontante,2023-05-29 01:00:00,2023-05-29 02:00:00,147.8,147.47,-0.3300000000000125,raw/DADOS_HIDROLOGICOS_HO_2023_05.csv,45320,45321
5,JIUHMC,val_nivelmontante,2023-05-04 02:00:00,2023-05-04 03:00:00,147.25,147.56,0.3100000000000023,raw/DADOS_HIDROLOGICOS_HO_2023_05.csv,44721,44722
5,JIUHMC,val_nivelmontante,2023-05-04 10:00:00,2023-05-04 11:00:00,148.21,148.49,0.28000000000000114,raw/DADOS_HIDROLOGICOS_HO_2023_05.csv,44729,44730
5,JIUHMC,val_nivelmontante,2023-05-04 04:00:00,2023-05-04 05:00:00,147.75,148.0,0.25,raw/DADOS_HIDROLOGICOS_HO_2023_05.csv,44723,44724
5,JIUHMC,val_niveljusante,2023-05-30 11:00:00,2023-05-30 12:00:00,104.72,109.72,5.0,raw/DADOS_HIDROLOGICOS_HO_2023_05.csv,45354,45355
5,JIUHMC,val_niveljusante,2023-05-30 12:00:00,2023-05-30 13:00:00,109.72,104.72,-5.0,raw/DADOS_HIDROLOGICOS_HO_2023_05.csv,45355,45356
5,JIUHMC,val_niveljusante,2023-05-07 06:00:00,2023-05-07 07:00:00,108.72,107.72,-1.0,raw/DADOS_HIDROLOGICOS_HO_2023_05.csv,44797,44798
5,JIUHMC,val_niveljusante,2023-05-07 13:00:00,2023-05-07 14:00:00,107.88,108.88,1.0,raw/DADOS_HIDROLOGICOS_HO_2023_05.csv,44804,44805
5,JIUHMC,val_niveljusante,2023-05-16 22:00:00,2023-05-16 23:00:00,105.53,106.53,1.0,raw/DADOS_HIDROLOGICOS_HO_2023_05.csv,45029,45030
5,JIUHMC,val_volumeutil,2023-05-29 01:00:00,2023-05-29 02:00:00,79.08,45.56,-33.519999999999996,raw/DADOS_HIDROLOGICOS_HO_2023_05.csv,45320,45321
5,JIUHMC,val_volumeutil,2023-05-29 03:00:00,2023-05-29 04:00:00,34.67,1.89,-32.78,raw/DADOS_HIDROLOGICOS_HO_2023_05.csv,45322,45323
5,JIUHMC,val_volumeutil,2023-05-04 02:00:00,2023-05-04 03:00:00,23.91,54.58,30.669999999999998,raw/DADOS_HIDROLOGICOS_HO_2023_05.csv,44721,44722
5,JIUHMC,val_volumeutil,2023-05-04 10:00:00,2023-05-04 11:00:00,122.44,153.08,30.640000000000015,raw/DADOS_HIDROLOGICOS_HO_2023_05.csv,44729,44730
5,JIUHMC,val_volumeutil,2023-05-04 04:00:00,2023-05-04 05:00:00,73.92,100.0,26.08,raw/DADOS_HIDROLOGICOS_HO_2023_05.csv,44723,44724
5,JIUHMC,val_vazaoafluente,2023-05-07 07:00:00,2023-05-07 08:00:00,1057.0,822.0,-235.0,raw/DADOS_HIDROLOGICOS_HO_2023_05.csv,44798,44799
5,JIUHMC,val_vazaoafluente,2023-05-04 01:00:00,2023-05-04 02:00:00,257.0,81.0,-176.0,raw/DADOS_HIDROLOGICOS_HO_2023_05.csv,44720,44721
5,JIUHMC,val_vazaoafluente,2023-05-25 01:00:00,2023-05-25 02:00:00,180.0,19.0,-161.0,raw/DADOS_HIDROLOGICOS_HO_2023_05.csv,45224,45225
5,JIUHMC,val_vazaoafluente,2023-05-06 03:00:00,2023-05-06 04:00:00,577.0,734.0,157.0,raw/DADOS_HIDROLOGICOS_HO_2023_05.csv,44770,44771
5,JIUHMC,val_vazaoafluente,2023-05-04 09:00:00,2023-05-04 10:00:00,301.0,456.0,155.0,raw/DADOS_HIDROLOGICOS_HO_2023_05.csv,44728,44729
5,JIUHMC,val_vazaodefluente,2023-05-04 01:00:00,2023-05-04 02:00:00,215.0,19.0,-196.0,raw/DADOS_HIDROLOGICOS_HO_2023_05.csv,44720,44721
5,JIUHMC,val_vazaodefluente,2023-05-07 07:00:00,2023-05-07 08:00:00,995.0,814.0,-181.0,raw/DADOS_HIDROLOGICOS_HO_2023_05.csv,44798,44799
5,JIUHMC,val_vazaodefluente,2023-05-25 01:00:00,2023-05-25 02:00:00,180.0,19.0,-161.0,raw/DADOS_HIDROLOGICOS_HO_2023_05.csv,45224,45225
5,JIUHMC,val_vazaodefluente,2023-05-04 06:00:00,2023-05-04 07:00:00,53.0,202.0,149.0,raw/DADOS_HIDROLOGICOS_HO_2023_05.csv,44725,44726
5,JIUHMC,val_vazaodefluente,2023-05-26 01:00:00,2023-05-26 02:00:00,151.0,19.0,-132.0,raw/DADOS_HIDROLOGICOS_HO_2023_05.csv,45248,45249
5,JIUHMC,val_vazaoturbinada,2023-05-07 13:00:00,2023-05-07 14:00:00,0.0,209.0,209.0,raw/DADOS_HIDROLOGICOS_HO_2023_05.csv,44804,44805
5,JIUHMC,val_vazaoturbinada,2023-05-04 01:00:00,2023-05-04 02:00:00,197.0,0.0,-197.0,raw/DADOS_HIDROLOGICOS_HO_2023_05.csv,44720,44721
5,JIUHMC,val_vazaoturbinada,2023-05-07 07:00:00,2023-05-07 08:00:00,205.0,9.0,-196.0,raw/DADOS_HIDROLOGICOS_HO_2023_05.csv,44798,44799
5,JIUHMC,val_vazaoturbinada,2023-05-25 01:00:00,2023-05-25 02:00:00,162.0,0.0,-162.0,raw/DADOS_HIDROLOGICOS_HO_2023_05.csv,45224,45225
5,JIUHMC,val_vazaoturbinada,2023-05-07 06:00:00,2023-05-07 07:00:00,348.0,205.0,-143.0,raw/DADOS_HIDROLOGICOS_HO_2023_05.csv,44797,44798
5,JIUHMC,val_vazaovertida,2023-05-07 13:00:00,2023-05-07 14:00:00,836.0,711.0,-125.0,raw/DADOS_HIDROLOGICOS_HO_2023_05.csv,44804,44805
5,JIUHMC,val_vazaovertida,2023-05-07 06:00:00,2023-05-07 07:00:00,676.0,784.0,108.0,raw/DADOS_HIDROLOGICOS_HO_2023_05.csv,44797,44798
5,JIUHMC,val_vazaovertida,2023-05-07 14:00:00,2023-05-07 15:00:00,711.0,607.0,-104.0,raw/DADOS_HIDROLOGICOS_HO_2023_05.csv,44805,44806
5,JIUHMC,val_vazaovertida,2023-05-06 01:00:00,2023-05-06 02:00:00,124.0,214.0,90.0,raw/DADOS_HIDROLOGICOS_HO_2023_05.csv,44768,44769
5,JIUHMC,val_vazaovertida,2023-05-06 03:00:00,2023-05-06 04:00:00,226.0,313.0,87.0,raw/DADOS_HIDROLOGICOS_HO_2023_05.csv,44770,44771
5,JIUHMC,val_vazaooutrasestruturas,2023-05-05 10:00:00,2023-05-05 11:00:00,6.0,55.0,49.0,raw/DADOS_HIDROLOGICOS_HO_2023_05.csv,44753,44754
5,JIUHMC,val_vazaooutrasestruturas,2023-05-05 11:00:00,2023-05-05 12:00:00,55.0,6.0,-49.0,raw/DADOS_HIDROLOGICOS_HO_2023_05.csv,44754,44755
5,JIUHMC,val_vazaooutrasestruturas,2023-05-31 15:00:00,2023-05-31 16:00:00,6.0,3.0,-3.0,raw/DADOS_HIDROLOGICOS_HO_2023_05.csv,45382,45383
5,JIUHMC,val_vazaooutrasestruturas,2023-05-31 16:00:00,2023-05-31 17:00:00,3.0,6.0,3.0,raw/DADOS_HIDROLOGICOS_HO_2023_05.csv,45383,45384
5,JIUHMC,val_vazaooutrasestruturas,2023-05-01 01:00:00,2023-05-01 02:00:00,6.0,6.0,0.0,raw/DADOS_HIDROLOGICOS_HO_2023_05.csv,44648,44649
5,JIUHMC,val_vazaotransferida,2023-05-01 01:00:00,2023-05-01 02:00:00,0.0,0.0,0.0,raw/DADOS_HIDROLOGICOS_HO_2023_05.csv,44648,44649
5,JIUHMC,val_vazaotransferida,2023-05-01 02:00:00,2023-05-01 03:00:00,0.0,0.0,0.0,raw/DADOS_HIDROLOGICOS_HO_2023_05.csv,44649,44650
5,JIUHMC,val_vazaotransferida,2023-05-01 03:00:00,2023-05-01 04:00:00,0.0,0.0,0.0,raw/DADOS_HIDROLOGICOS_HO_2023_05.csv,44650,44651
5,JIUHMC,val_vazaotransferida,2023-05-01 04:00:00,2023-05-01 05:00:00,0.0,0.0,0.0,raw/DADOS_HIDROLOGICOS_HO_2023_05.csv,44651,44652
5,JIUHMC,val_vazaotransferida,2023-05-01 05:00:00,2023-05-01 06:00:00,0.0,0.0,0.0,raw/DADOS_HIDROLOGICOS_HO_2023_05.csv,44652,44653
5,JIUHMC,val_vazaovertidanaoturbinavel,2023-05-07 13:00:00,2023-05-07 14:00:00,357.0,158.0,-199.0,raw/DADOS_HIDROLOGICOS_HO_2023_05.csv,44804,44805
5,JIUHMC,val_vazaovertidanaoturbinavel,2023-05-07 07:00:00,2023-05-07 08:00:00,151.0,345.0,194.0,raw/DADOS_HIDROLOGICOS_HO_2023_05.csv,44798,44799
5,JIUHMC,val_vazaovertidanaoturbinavel,2023-05-07 14:00:00,2023-05-07 15:00:00,158.0,19.0,-139.0,raw/DADOS_HIDROLOGICOS_HO_2023_05.csv,44805,44806
5,JIUHMC,val_vazaovertidanaoturbinavel,2023-05-07 06:00:00,2023-05-07 07:00:00,18.0,151.0,133.0,raw/DADOS_HIDROLOGICOS_HO_2023_05.csv,44797,44798
5,JIUHMC,val_vazaovertidanaoturbinavel,2023-05-08 06:00:00,2023-05-08 07:00:00,116.0,35.0,-81.0,raw/DADOS_HIDROLOGICOS_HO_2023_05.csv,44821,44822
5,JIUHQJ,val_nivelmontante,2023-05-03 23:00:00,2023-05-03 23:59:00,103.56,103.73,0.1700000000000017,raw/DADOS_HIDROLOGICOS_HO_2023_05.csv,39530,39531
5,JIUHQJ,val_nivelmontante,2023-05-04 19:00:00,2023-05-04 20:00:00,104.82,104.94,0.12000000000000455,raw/DADOS_HIDROLOGICOS_HO_2023_05.csv,39550,39551
5,JIUHQJ,val_nivelmontante,2023-05-31 16:00:00,2023-05-31 17:00:00,103.43,103.55,0.11999999999999034,raw/DADOS_HIDROLOGICOS_HO_2023_05.csv,40195,40196
5,JIUHQJ,val_nivelmontante,2023-05-31 15:00:00,2023-05-31 16:00:00,103.32,103.43,0.11000000000001364,raw/DADOS_HIDROLOGICOS_HO_2023_05.csv,40194,40195
5,JIUHQJ,val_nivelmontante,2023-05-03 22:00:00,2023-05-03 23:00:00,103.45,103.56,0.10999999999999943,raw/DADOS_HIDROLOGICOS_HO_2023_05.csv,39529,39530
5,JIUHQJ,val_niveljusante,2023-05-30 13:00:00,2023-05-30 14:00:00,68.07,69.75,1.6800000000000068,raw/DADOS_HIDROLOGICOS_HO_2023_05.csv,40168,40169
5,JIUHQJ,val_niveljusante,2023-05-07 23:00:00,2023-05-07 23:59:00,72.94,71.91,-1.0300000000000011,raw/DADOS_HIDROLOGICOS_HO_2023_05.csv,39626,39627
5,JIUHQJ,val_niveljusante,2023-05-30 12:00:00,2023-05-30 13:00:00,69.01,68.07,-0.9400000000000119,raw/DADOS_HIDROLOGICOS_HO_2023_05.csv,40167,40168
5,JIUHQJ,val_niveljusante,2023-05-31 17:00:00,2023-05-31 18:00:00,69.0,69.93,0.9300000000000068,raw/DADOS_HIDROLOGICOS_HO_2023_05.csv,40196,40197
5,JIUHQJ,val_niveljusante,2023-05-02 23:59:00,2023-05-03 01:00:00,69.9,69.0,-0.9000000000000057,raw/DADOS_HIDROLOGICOS_HO_2023_05.csv,39507,39508
5,JIUHQJ,val_volumeutil,2023-05-03 23:00:00,2023-05-03 23:59:00,56.0,73.0,17.0,raw/DADOS_HIDROLOGICOS_HO_2023_05.csv,39530,39531
5,JIUHQJ,val_volumeutil,2023-05-07 14:00:00,2023-05-07 15:00:00,259.5,274.1,14.600000000000023,raw/DADOS_HIDROLOGICOS_HO_2023_05.csv,39617,39618
5,JIUHQJ,val_volumeutil,2023-05-31 16:00:00,2023-05-31 17:00:00,43.0,55.0,12.0,raw/DADOS_HIDROLOGICOS_HO_2023_05.csv,40195,40196
5,JIUHQJ,val_volumeutil,2023-05-04 19:00:00,2023-05-04 20:00:00,181.83,193.8,11.969999999999999,raw/DADOS_HIDROLOGICOS_HO_2023_05.csv,39550,39551
5,JIUHQJ,val_volumeutil,2023-05-03 22:00:00,2023-05-03 23:00:00,45.0,56.0,11.0,raw/DADOS_HIDROLOGICOS_HO_2023_05.csv,39529,39530
5,JIUHQJ,val_vazaoafluente,2023-05-07 14:00:00,2023-05-07 15:00:00,861.0,1218.0,357.0,raw/DADOS_HIDROLOGICOS_HO_2023_05.csv,39617,39618
5,JIUHQJ,val_vazaoafluente,2023-05-07 07:00:00,2023-05-07 08:00:00,1042.0,735.0,-307.0,raw/DADOS_HIDROLOGICOS_HO_2023_05.csv,39610,39611
5,JIUHQJ,val_vazaoafluente,2023-05-22 18:00:00,2023-05-22 19:00:00,28.0,221.0,193.0,raw/DADOS_HIDROLOGICOS_HO_2023_05.csv,39981,39982
5,JIUHQJ,val_vazaoafluente,2023-05-03 23:59:00,2023-05-04 01:00:00,468.0,278.0,-190.0,raw/DADOS_HIDROLOGICOS_HO_2023_05.csv,39531,39532
5,JIUHQJ,val_vazaoafluente,2023-05-04 01:00:00,2023-05-04 02:00:00,278.0,110.0,-168.0,raw/DADOS_HIDROLOGICOS_HO_2023_05.csv,39532,39533
5,JIUHQJ,val_vazaodefluente,2023-05-07 07:00:00,2023-05-07 08:00:00,1059.0,847.0,-212.0,raw/DADOS_HIDROLOGICOS_HO_2023_05.csv,39610,39611
5,JIUHQJ,val_vazaodefluente,2023-05-17 11:00:00,2023-05-17 12:00:00,81.0,232.0,151.0,raw/DADOS_HIDROLOGICOS_HO_2023_05.csv,39854,39855
5,JIUHQJ,val_vazaodefluente,2023-05-27 14:00:00,2023-05-27 15:00:00,45.0,194.0,149.0,raw/DADOS_HIDROLOGICOS_HO_2023_05.csv,40097,40098
5,JIUHQJ,val_vazaodefluente,2023-05-07 14:00:00,2023-05-07 15:00:00,893.0,1041.0,148.0,raw/DADOS_HIDROLOGICOS_HO_2023_05.csv,39617,39618
5,JIUHQJ,val_vazaodefluente,2023-05-04 01:00:00,2023-05-04 02:00:00,165.0,29.0,-136.0,raw/DADOS_HIDROLOGICOS_HO_2023_05.csv,39532,39533
5,JIUHQJ,val_vazaoturbinada,2023-05-17 11:00:00,2023-05-17 12:00:00,0.0,164.0,164.0,raw/DADOS_HIDROLOGICOS_HO_2023_05.csv,39854,39855
5,JIUHQJ,val_vazaoturbinada,2023-05-04 19:00:00,2023-05-04 20:00:00,164.0,9.0,-155.0,raw/DADOS_HIDROLOGICOS_HO_2023_05.csv,39550,39551
5,JIUHQJ,val_vazaoturbinada,2023-05-27 14:00:00,2023-05-27 15:00:00,16.0,165.0,149.0,raw/DADOS_HIDROLOGICOS_HO_2023_05.csv,40097,40098
5,JIUHQJ,val_vazaoturbinada,2023-05-07 07:00:00,2023-05-07 08:00:00,156.0,9.0,-147.0,raw/DADOS_HIDROLOGICOS_HO_2023_05.csv,39610,39611
5,JIUHQJ,val_vazaoturbinada,2023-05-09 17:00:00,2023-05-09 18:00:00,0.0,147.0,147.0,raw/DADOS_HIDROLOGICOS_HO_2023_05.csv,39668,39669
5,JIUHQJ,val_vazaovertida,2023-05-07 14:00:00,2023-05-07 15:00:00,744.0,843.0,99.0,raw/DADOS_HIDROLOGICOS_HO_2023_05.csv,39617,39618
5,JIUHQJ,val_vazaovertida,2023-05-04 19:00:00,2023-05-04 20:00:00,287.0,361.0,74.0,raw/DADOS_HIDROLOGICOS_HO_2023_05.csv,39550,39551
5,JIUHQJ,val_vazaovertida,2023-05-07 08:00:00,2023-05-07 09:00:00,806.0,736.0,-70.0,raw/DADOS_HIDROLOGICOS_HO_2023_05.csv,39611,39612
5,JIUHQJ,val_vazaovertida,2023-05-06 23:59:00,2023-05-07 01:00:00,635.0,701.0,66.0,raw/DADOS_HIDROLOGICOS_HO_2023_05.csv,39603,39604
5,JIUHQJ,val_vazaovertida,2023-05-07 07:00:00,2023-05-07 08:00:00,870.0,806.0,-64.0,raw/DADOS_HIDROLOGICOS_HO_2023_05.csv,39610,39611
5,JIUHQJ,val_vazaooutrasestruturas,2023-05-28 11:00:00,2023-05-28 12:00:00,29.0,26.0,-3.0,raw/DADOS_HIDROLOGICOS_HO_2023_05.csv,40118,40119
5,JIUHQJ,val_vazaooutrasestruturas,2023-05-28 12:00:00,2023-05-28 13:00:00,26.0,29.0,3.0,raw/DADOS_HIDROLOGICOS_HO_2023_05.csv,40119,40120
5,JIUHQJ,val_vazaooutrasestruturas,2023-05-03 22:00:00,2023-05-03 23:00:00,28.0,29.0,1.0,raw/DADOS_HIDROLOGICOS_HO_2023_05.csv,39529,39530
5,JIUHQJ,val_vazaooutrasestruturas,2023-05-04 09:00:00,2023-05-04 10:00:00,29.0,30.0,1.0,raw/DADOS_HIDROLOGICOS_HO_2023_05.csv,39540,39541
5,JIUHQJ,val_vazaooutrasestruturas,2023-05-04 16:00:00,2023-05-04 17:00:00,30.0,31.0,1.0,raw/DADOS_HIDROLOGICOS_HO_2023_05.csv,39547,39548
5,JIUHQJ,val_vazaotransferida,2023-05-01 01:00:00,2023-05-01 02:00:00,0.0,0.0,0.0,raw/DADOS_HIDROLOGICOS_HO_2023_05.csv,39460,39461
5,JIUHQJ,val_vazaotransferida,2023-05-01 02:00:00,2023-05-01 03:00:00,0.0,0.0,0.0,raw/DADOS_HIDROLOGICOS_HO_2023_05.csv,39461,39462
5,JIUHQJ,val_vazaotransferida,2023-05-01 03:00:00,2023-05-01 04:00:00,0.0,0.0,0.0,raw/DADOS_HIDROLOGICOS_HO_2023_05.csv,39462,39463
5,JIUHQJ,val_vazaotransferida,2023-05-01 04:00:00,2023-05-01 05:00:00,0.0,0.0,0.0,raw/DADOS_HIDROLOGICOS_HO_2023_05.csv,39463,39464
5,JIUHQJ,val_vazaotransferida,2023-05-01 05:00:00,2023-05-01 06:00:00,0.0,0.0,0.0,raw/DADOS_HIDROLOGICOS_HO_2023_05.csv,39464,39465
5,JIUHQJ,val_vazaovertidanaoturbinavel,2023-05-04 19:00:00,2023-05-04 20:00:00,164.0,315.0,151.0,raw/DADOS_HIDROLOGICOS_HO_2023_05.csv,39550,39551
5,JIUHQJ,val_vazaovertidanaoturbinavel,2023-05-07 07:00:00,2023-05-07 08:00:00,177.0,322.0,145.0,raw/DADOS_HIDROLOGICOS_HO_2023_05.csv,39610,39611
5,JIUHQJ,val_vazaovertidanaoturbinavel,2023-05-09 17:00:00,2023-05-09 18:00:00,327.0,184.0,-143.0,raw/DADOS_HIDROLOGICOS_HO_2023_05.csv,39668,39669
5,JIUHQJ,val_vazaovertidanaoturbinavel,2023-05-07 13:00:00,2023-05-07 14:00:00,329.0,216.0,-113.0,raw/DADOS_HIDROLOGICOS_HO_2023_05.csv,39616,39617
5,JIUHQJ,val_vazaovertidanaoturbinavel,2023-05-09 08:00:00,2023-05-09 09:00:00,163.0,259.0,96.0,raw/DADOS_HIDROLOGICOS_HO_2023_05.csv,39659,39660
7,JIUHCA,val_nivelmontante,2023-07-12 19:00:00,2023-07-12 20:00:00,241.79,242.05,0.2600000000000193,raw/DADOS_HIDROLOGICOS_HO_2023_07.csv,42401,42402
7,JIUHCA,val_nivelmontante,2023-07-08 07:00:00,2023-07-08 08:00:00,240.26,240.5,0.2400000000000091,raw/DADOS_HIDROLOGICOS_HO_2023_07.csv,42293,42294
7,JIUHCA,val_nivelmontante,2023-07-12 17:00:00,2023-07-12 18:00:00,241.33,241.57,0.23999999999998067,raw/DADOS_HIDROLOGICOS_HO_2023_07.csv,42399,42400
7,JIUHCA,val_nivelmontante,2023-07-08 23:00:00,2023-07-08 23:59:00,241.3,241.53,0.22999999999998977,raw/DADOS_HIDROLOGICOS_HO_2023_07.csv,42309,42310
7,JIUHCA,val_nivelmontante,2023-07-12 20:00:00,2023-07-12 21:00:00,242.05,242.28,0.22999999999998977,raw/DADOS_HIDROLOGICOS_HO_2023_07.csv,42402,42403
7,JIUHCA,val_niveljusante,2023-07-13 15:00:00,2023-07-13 16:00:00,156.56,152.43,-4.1299999999999955,raw/DADOS_HIDROLOGICOS_HO_2023_07.csv,42421,42422
7,JIUHCA,val_niveljusante,2023-07-13 14:00:00,2023-07-13 15:00:00,152.75,156.56,3.8100000000000023,raw/DADOS_HIDROLOGICOS_HO_2023_07.csv,42420,42421
7,JIUHCA,val_niveljusante,2023-07-21 21:00:00,2023-07-21 22:00:00,147.59,144.59,-3.0,raw/DADOS_HIDROLOGICOS_HO_2023_07.csv,42612,42613
7,JIUHCA,val_niveljusante,2023-07-21 22:00:00,2023-07-21 23:00:00,144.59,147.59,3.0,raw/DADOS_HIDROLOGICOS_HO_2023_07.csv,42613,42614
7,JIUHCA,val_niveljusante,2023-07-28 06:00:00,2023-07-28 07:00:00,147.78,148.85,1.0699999999999932,raw/DADOS_HIDROLOGICOS_HO_2023_07.csv,42764,42765
7,JIUHCA,val_volumeutil,2023-07-12 19:00:00,2023-07-12 20:00:00,307.83,338.01,30.180000000000007,raw/DADOS_HIDROLOGICOS_HO_2023_07.csv,42401,42402
7,JIUHCA,val_volumeutil,2023-07-08 07:00:00,2023-07-08 08:00:00,130.19,158.05,27.860000000000014,raw/DADOS_HIDROLOGICOS_HO_2023_07.csv,42293,42294
7,JIUHCA,val_volumeutil,2023-07-12 17:00:00,2023-07-12 18:00:00,254.42,282.28,27.859999999999985,raw/DADOS_HIDROLOGICOS_HO_2023_07.csv,42399,42400
7,JIUHCA,val_volumeutil,2023-07-12 20:00:00,2023-07-12 21:00:00,338.01,364.72,26.710000000000036,raw/DADOS_HIDROLOGICOS_HO_2023_07.csv,42402,42403
7,JIUHCA,val_volumeutil,2023-07-08 23:00:00,2023-07-08 23:59:00,250.94,277.64,26.69999999999999,raw/DADOS_HIDROLOGICOS_HO_2023_07.csv,42309,42310
7,JIUHCA,val_vazaoafluente,2023-07-08 23:00:00,2023-07-08 23:59:00,994.0,1324.0,330.0,raw/DADOS_HIDROLOGICOS_HO_2023_07.csv,42309,42310
7,JIUHCA,val_vazaoafluente,2023-07-12 19:00:00,2023-07-12 20:00:00,1546.0,1869.0,323.0,raw/DADOS_HIDROLOGICOS_HO_2023_07.csv,42401,42402
7,JIUHCA,val_vazaoafluente,2023-07-12 22:00:00,2023-07-12 23:00:00,2234.0,2548.0,314.0,raw/DADOS_HIDROLOGICOS_HO_2023_07.csv,42404,42405
7,JIUHCA,val_vazaoafluente,2023-07-12 17:00:00,2023-07-12 18:00:00,1076.0,1373.0,297.0,raw/DADOS_HIDROLOGICOS_HO_2023_07.csv,42399,42400
7,JIUHCA,val_vazaoafluente,2023-07-08 22:00:00,2023-07-08 23:00:00,737.0,994.0,257.0,raw/DADOS_HIDROLOGICOS_HO_2023_07.csv,42308,42309
7,JIUHCA,val_vazaodefluente,2023-07-12 22:00:00,2023-07-12 23:00:00,1953.0,2223.0,270.0,raw/DADOS_HIDROLOGICOS_HO_2023_07.csv,42404,42405
7,JIUHCA,val_vazaodefluente,2023-07-12 19:00:00,2023-07-12 20:00:00,1220.0,1484.0,264.0,raw/DADOS_HIDROLOGICOS_HO_2023_07.csv,42401,42402
7,JIUHCA,val_vazaodefluente,2023-07-12 20:00:00,2023-07-12 21:00:00,1484.0,1733.0,249.0,raw/DADOS_HIDROLOGICOS_HO_2023_07.csv,42402,42403
7,JIUHCA,val_vazaodefluente,2023-07-12 21:00:00,2023-07-12 22:00:00,1733.0,1953.0,220.0,raw/DADOS_HIDROLOGICOS_HO_2023_07.csv,42403,42404
7,JIUHCA,val_vazaodefluente,2023-07-12 18:00:00,2023-07-12 19:00:00,1018.0,1220.0,202.0,raw/DADOS_HIDROLOGICOS_HO_2023_07.csv,42400,42401
7,JIUHCA,val_vazaoturbinada,2023-07-15 10:00:00,2023-07-15 11:00:00,1.0,153.0,152.0,raw/DADOS_HIDROLOGICOS_HO_2023_07.csv,42464,42465
7,JIUHCA,val_vazaoturbinada,2023-07-16 10:00:00,2023-07-16 11:00:00,99.0,12.0,-87.0,raw/DADOS_HIDROLOGICOS_HO_2023_07.csv,42488,42489
7,JIUHCA,val_vazaoturbinada,2023-07-16 16:00:00,2023-07-16 17:00:00,71.0,158.0,87.0,raw/DADOS_HIDROLOGICOS_HO_2023_07.csv,42494,42495
7,JIUHCA,val_vazaoturbinada,2023-07-15 09:00:00,2023-07-15 10:00:00,84.0,1.0,-83.0,raw/DADOS_HIDROLOGICOS_HO_2023_07.csv,42463,42464
7,JIUHCA,val_vazaoturbinada,2023-07-26 23:59:00,2023-07-27 01:00:00,84.0,4.0,-80.0,raw/DADOS_HIDROLOGICOS_HO_2023_07.csv,42734,42735
7,JIUHCA,val_vazaovertida,2023-07-12 22:00:00,2023-07-12 23:00:00,1772.0,2042.0,270.0,raw/DADOS_HIDROLOGICOS_HO_2023_07.csv,42404,42405
7,JIUHCA,val_vazaovertida,2023-07-12 19:00:00,2023-07-12 20:00:00,1040.0,1303.0,263.0,raw/DADOS_HIDROLOGICOS_HO_2023_07.csv,42401,42402
7,JIUHCA,val_vazaovertida,2023-07-12 20:00:00,2023-07-12 21:00:00,1303.0,1552.0,249.0,raw/DADOS_HIDROLOGICOS_HO_2023_07.csv,42402,42403
7,JIUHCA,val_vazaovertida,2023-07-12 21:00:00,2023-07-12 22:00:00,1552.0,1772.0,220.0,raw/DADOS_HIDROLOGICOS_HO_2023_07.csv,42403,42404
7,JIUHCA,val_vazaovertida,2023-07-12 18:00:00,2023-07-12 19:00:00,839.0,1040.0,201.0,raw/DADOS_HIDROLOGICOS_HO_2023_07.csv,42400,42401
7,JIUHCA,val_vazaooutrasestruturas,2023-07-15 08:00:00,2023-07-15 09:00:00,20.0,0.0,-20.0,raw/DADOS_HIDROLOGICOS_HO_2023_07.csv,42462,42463
7,JIUHCA,val_vazaooutrasestruturas,2023-07-15 09:00:00,2023-07-15 10:00:00,0.0,20.0,20.0,raw/DADOS_HIDROLOGICOS_HO_2023_07.csv,42463,42464
7,JIUHCA,val_vazaooutrasestruturas,2023-07-08 04:00:00,2023-07-08 05:00:00,18.0,19.0,1.0,raw/DADOS_HIDROLOGICOS_HO_2023_07.csv,42290,42291
7,JIUHCA,val_vazaooutrasestruturas,2023-07-08 08:00:00,2023-07-08 09:00:00,19.0,20.0,1.0,raw/DADOS_HIDROLOGICOS_HO_2023_07.csv,42294,42295
7,JIUHCA,val_vazaooutrasestruturas,2023-07-08 23:00:00,2023-07-08 23:59:00,20.0,21.0,1.0,raw/DADOS_HIDROLOGICOS_HO_2023_07.csv,42309,42310
7,JIUHCA,val_vazaotransferida,2023-07-01 01:00:00,2023-07-01 02:00:00,0.0,0.0,0.0,raw/DADOS_HIDROLOGICOS_HO_2023_07.csv,42121,42122
7,JIUHCA,val_vazaotransferida,2023-07-01 02:00:00,2023-07-01 03:00:00,0.0,0.0,0.0,raw/DADOS_HIDROLOGICOS_HO_2023_07.csv,42122,42123
7,JIUHCA,val_vazaotransferida,2023-07-01 03:00:00,2023-07-01 04:00:00,0.0,0.0,0.0,raw/DADOS_HIDROLOGICOS_HO_2023_07.csv,42123,42124
7,JIUHCA,val_vazaotransferida,2023-07-01 04:00:00,2023-07-01 05:00:00,0.0,0.0,0.0,raw/DADOS_HIDROLOGICOS_HO_2023_07.csv,42124,42125
7,JIUHCA,val_vazaotransferida,2023-07-01 05:00:00,2023-07-01 06:00:00,0.0,0.0,0.0,raw/DADOS_HIDROLOGICOS_HO_2023_07.csv,42125,42126
7,JIUHCA,val_vazaovertidanaoturbinavel,2023-07-15 10:00:00,2023-07-15 11:00:00,156.0,7.0,-149.0,raw/DADOS_HIDROLOGICOS_HO_2023_07.csv,42464,42465
7,JIUHCA,val_vazaovertidanaoturbinavel,2023-07-16 15:00:00,2023-07-16 16:00:00,0.0,88.0,88.0,raw/DADOS_HIDROLOGICOS_HO_2023_07.csv,42493,42494
7,JIUHCA,val_vazaovertidanaoturbinavel,2023-07-16 16:00:00,2023-07-16 17:00:00,88.0,2.0,-86.0,raw/DADOS_HIDROLOGICOS_HO_2023_07.csv,42494,42495
7,JIUHCA,val_vazaovertidanaoturbinavel,2023-07-15 09:00:00,2023-07-15 10:00:00,75.0,156.0,81.0,raw/DADOS_HIDROLOGICOS_HO_2023_07.csv,42463,42464
7,JIUHCA,val_vazaovertidanaoturbinavel,2023-07-29 12:00:00,2023-07-29 13:00:00,0.0,80.0,80.0,raw/DADOS_HIDROLOGICOS_HO_2023_07.csv,42794,42795
7,JIUHMC,val_nivelmontante,2023-07-12 21:00:00,2023-07-12 22:00:00,150.37,150.91,0.539999999999992,raw/DADOS_HIDROLOGICOS_HO_2023_07.csv,46093,46094
7,JIUHMC,val_nivelmontante,2023-07-12 22:00:00,2023-07-12 23:00:00,150.91,151.39,0.47999999999998977,raw/DADOS_HIDROLOGICOS_HO_2023_07.csv,46094,46095
7,JIUHMC,val_nivelmontante,2023-07-12 20:00:00,2023-07-12 21:00:00,149.99,150.37,0.37999999999999545,raw/DADOS_HIDROLOGICOS_HO_2023_07.csv,46092,46093
7,JIUHMC,val_nivelmontante,2023-07-12 15:00:00,2023-07-12 16:00:00,149.3,149.65,0.3499999999999943,raw/DADOS_HIDROLOGICOS_HO_2023_07.csv,46087,46088
7,JIUHMC,val_nivelmontante,2023-07-08 03:00:00,2023-07-08 04:00:00,147.78,148.11,0.3300000000000125,raw/DADOS_HIDROLOGICOS_HO_2023_07.csv,45979,45980
7,JIUHMC,val_niveljusante,2023-07-12 20:00:00,2023-07-12 21:00:00,111.24,112.32,1.0799999999999983,raw/DADOS_HIDROLOGICOS_HO_2023_07.csv,46092,46093
7,JIUHMC,val_niveljusante,2023-07-16 15:00:00,2023-07-16 16:00:00,107.22,108.3,1.0799999999999983,raw/DADOS_HIDROLOGICOS_HO_2023_07.csv,46183,46184
7,JIUHMC,val_niveljusante,2023-07-12 19:00:00,2023-07-12 20:00:00,110.18,111.24,1.059999999999988,raw/DADOS_HIDROLOGICOS_HO_2023_07.csv,46091,46092
7,JIUHMC,val_niveljusante,2023-07-12 18:00:00,2023-07-12 19:00:00,109.13,110.18,1.0500000000000114,raw/DADOS_HIDROLOGICOS_HO_2023_07.csv,46090,46091
7,JIUHMC,val_niveljusante,2023-07-28 21:00:00,2023-07-28 22:00:00,106.68,105.68,-1.0,raw/DADOS_HIDROLOGICOS_HO_2023_07.csv,46469,46470
7,JIUHMC,val_volumeutil,2023-07-12 21:00:00,2023-07-12 22:00:00,374.5,440.33,65.82999999999998,raw/DADOS_HIDROLOGICOS_HO_2023_07.csv,46093,46094
7,JIUHMC,val_volumeutil,2023-07-12 22:00:00,2023-07-12 23:00:00,440.33,498.55,58.22000000000003,raw/DADOS_HIDROLOGICOS_HO_2023_07.csv,46094,46095
7,JIUHMC,val_volumeutil,2023-07-12 20:00:00,2023-07-12 21:00:00,328.33,374.5,46.170000000000016,raw/DADOS_HIDROLOGICOS_HO_2023_07.csv,46092,46093
7,JIUHMC,val_volumeutil,2023-07-12 15:00:00,2023-07-12 16:00:00,245.82,287.38,41.56,raw/DADOS_HIDROLOGICOS_HO_2023_07.csv,46087,46088
7,JIUHMC,val_volumeutil,2023-07-08 12:00:00,2023-07-08 13:00:00,218.94,257.62,38.68000000000001,raw/DADOS_HIDROLOGICOS_HO_2023_07.csv,45988,45989
7,JIUHMC,val_vazaoafluente,2023-07-12 21:00:00,2023-07-12 22:00:00,3368.0,3955.0,587.0,raw/DADOS_HIDROLOGICOS_HO_2023_07.csv,46093,46094
7,JIUHMC,val_vazaoafluente,2023-07-12 18:00:00,2023-07-12 19:00:00,1820.0,2401.0,581.0,raw/DADOS_HIDROLOGICOS_HO_2023_07.csv,46090,46091
7,JIUHMC,val_vazaoafluente,2023-07-12 19:00:00,2023-07-12 20:00:00,2401.0,2900.0,499.0,raw/DADOS_HIDROLOGICOS_HO_2023_07.csv,46091,46092
7,JIUHMC,val_vazaoafluente,2023-07-12 20:00:00,2023-07-12 21:00:00,2900.0,3368.0,468.0,raw/DADOS_HIDROLOGICOS_HO_2023_07.csv,46092,46093
7,JIUHMC,val_vazaoafluente,2023-07-09 01:00:00,2023-07-09 02:00:00,1363.0,1817.0,454.0,raw/DADOS_HIDROLOGICOS_HO_2023_07.csv,46001,46002
7,JIUHMC,val_vazaodefluente,2023-07-12 18:00:00,2023-07-12 19:00:00,1828.0,2388.0,560.0,raw/DADOS_HIDROLOGICOS_HO_2023_07.csv,46090,46091
7,JIUHMC,val_vazaodefluente,2023-07-12 17:00:00,2023-07-12 18:00:00,1277.0,1828.0,551.0,raw/DADOS_HIDROLOGICOS_HO_2023_07.csv,46089,46090
7,JIUHMC,val_vazaodefluente,2023-07-12 21:00:00,2023-07-12 22:00:00,3210.0,3730.0,520.0,raw/DADOS_HIDROLOGICOS_HO_2023_07.csv,46093,46094
7,JIUHMC,val_vazaodefluente,2023-07-12 19:00:00,2023-07-12 20:00:00,2388.0,2896.0,508.0,raw/DADOS_HIDROLOGICOS_HO_2023_07.csv,46091,46092
7,JIUHMC,val_vazaodefluente,2023-07-09 01:00:00,2023-07-09 02:00:00,1322.0,1788.0,466.0,raw/DADOS_HIDROLOGICOS_HO_2023_07.csv,46001,46002
7,JIUHMC,val_vazaoturbinada,2023-07-16 10:00:00,2023-07-16 11:00:00,229.0,26.0,-203.0,raw/DADOS_HIDROLOGICOS_HO_2023_07.csv,46178,46179
7,JIUHMC,val_vazaoturbinada,2023-07-13 21:00:00,2023-07-13 22:00:00,172.0,352.0,180.0,raw/DADOS_HIDROLOGICOS_HO_2023_07.csv,46117,46118
7,JIUHMC,val_vazaoturbinada,2023-07-16 16:00:00,2023-07-16 17:00:00,167.0,347.0,180.0,raw/DADOS_HIDROLOGICOS_HO_2023_07.csv,46184,46185
7,JIUHMC,val_vazaoturbinada,2023-07-13 20:00:00,2023-07-13 21:00:00,0.0,172.0,172.0,raw/DADOS_HIDROLOGICOS_HO_2023_07.csv,46116,46117
7,JIUHMC,val_vazaoturbinada,2023-07-16 15:00:00,2023-07-16 16:00:00,0.0,167.0,167.0,raw/DADOS_HIDROLOGICOS_HO_2023_07.csv,46183,46184
7,JIUHMC,val_vazaovertida,2023-07-12 18:00:00,2023-07-12 19:00:00,1475.0,2037.0,562.0,raw/DADOS_HIDROLOGICOS_HO_2023_07.csv,46090,46091
7,JIUHMC,val_vazaovertida,2023-07-12 17:00:00,2023-07-12 18:00:00,930.0,1475.0,545.0,raw/DADOS_HIDROLOGICOS_HO_2023_07.csv,46089,46090
7,JIUHMC,val_vazaovertida,2023-07-12 21:00:00,2023-07-12 22:00:00,2899.0,3442.0,543.0,raw/DADOS_HIDROLOGICOS_HO_2023_07.csv,46093,46094
7,JIUHMC,val_vazaovertida,2023-07-12 22:00:00,2023-07-12 23:00:00,3442.0,3985.0,543.0,raw/DADOS_HIDROLOGICOS_HO_2023_07.csv,46094,46095
7,JIUHMC,val_vazaovertida,2023-07-12 19:00:00,2023-07-12 20:00:00,2037.0,2560.0,523.0,raw/DADOS_HIDROLOGICOS_HO_2023_07.csv,46091,46092
7,JIUHMC,val_vazaooutrasestruturas,2023-07-11 23:59:00,2023-07-12 01:00:00,6.0,55.0,49.0,raw/DADOS_HIDROLOGICOS_HO_2023_07.csv,46072,46073
7,JIUHMC,val_vazaooutrasestruturas,2023-07-12 01:00:00,2023-07-12 02:00:00,55.0,6.0,-49.0,raw/DADOS_HIDROLOGICOS_HO_2023_07.csv,46073,46074
7,JIUHMC,val_vazaooutrasestruturas,2023-07-11 08:00:00,2023-07-11 09:00:00,6.0,3.0,-3.0,raw/DADOS_HIDROLOGICOS_HO_2023_07.csv,46056,46057
7,JIUHMC,val_vazaooutrasestruturas,2023-07-11 09:00:00,2023-07-11 10:00:00,3.0,6.0,3.0,raw/DADOS_HIDROLOGICOS_HO_2023_07.csv,46057,46058
7,JIUHMC,val_vazaooutrasestruturas,2023-07-11 13:00:00,2023-07-11 14:00:00,6.0,3.0,-3.0,raw/DADOS_HIDROLOGICOS_HO_2023_07.csv,46061,46062
7,JIUHMC,val_vazaotransferida,2023-07-01 01:00:00,2023-07-01 02:00:00,0.0,0.0,0.0,raw/DADOS_HIDROLOGICOS_HO_2023_07.csv,45811,45812
7,JIUHMC,val_vazaotransferida,2023-07-01 02:00:00,2023-07-01 03:00:00,0.0,0.0,0.0,raw/DADOS_HIDROLOGICOS_HO_2023_07.csv,45812,45813
7,JIUHMC,val_vazaotransferida,2023-07-01 03:00:00,2023-07-01 04:00:00,0.0,0.0,0.0,raw/DADOS_HIDROLOGICOS_HO_2023_07.csv,45813,45814
7,JIUHMC,val_vazaotransferida,2023-07-01 04:00:00,2023-07-01 05:00:00,0.0,0.0,0.0,raw/DADOS_HIDROLOGICOS_HO_2023_07.csv,45814,45815
7,JIUHMC,val_vazaotransferida,2023-07-01 05:00:00,2023-07-01 06:00:00,0.0,0.0,0.0,raw/DADOS_HIDROLOGICOS_HO_2023_07.csv,45815,45816
7,JIUHMC,val_vazaovertidanaoturbinavel,2023-07-16 15:00:00,2023-07-16 16:00:00,14.0,197.0,183.0,raw/DADOS_HIDROLOGICOS_HO_2023_07.csv,46183,46184
7,JIUHMC,val_vazaovertidanaoturbinavel,2023-07-16 16:00:00,2023-07-16 17:00:00,197.0,18.0,-179.0,raw/DADOS_HIDROLOGICOS_HO_2023_07.csv,46184,46185
7,JIUHMC,val_vazaovertidanaoturbinavel,2023-07-13 21:00:00,2023-07-13 22:00:00,238.0,60.0,-178.0,raw/DADOS_HIDROLOGICOS_HO_2023_07.csv,46117,46118
7,JIUHMC,val_vazaovertidanaoturbinavel,2023-07-13 20:00:00,2023-07-13 21:00:00,401.0,238.0,-163.0,raw/DADOS_HIDROLOGICOS_HO_2023_07.csv,46116,46117
7,JIUHMC,val_vazaovertidanaoturbinavel,2023-07-12 22:00:00,2023-07-12 23:00:00,119.0,279.0,160.0,raw/DADOS_HIDROLOGICOS_HO_2023_07.csv,46094,46095
7,JIUHQJ,val_nivelmontante,2023-07-12 19:00:00,2023-07-12 20:00:00,105.54,105.96,0.4199999999999875,raw/DADOS_HIDROLOGICOS_HO_2023_07.csv,40929,40930
7,JIUHQJ,val_nivelmontante,2023-07-12 18:00:00,2023-07-12 19:00:00,105.23,105.54,0.3100000000000023,raw/DADOS_HIDROLOGICOS_HO_2023_07.csv,40928,40929
7,JIUHQJ,val_nivelmontante,2023-07-12 23:59:00,2023-07-13 01:00:00,106.6,106.86,0.2600000000000051,raw/DADOS_HIDROLOGICOS_HO_2023_07.csv,40934,40935
7,JIUHQJ,val_nivelmontante,2023-07-12 17:00:00,2023-07-12 18:00:00,105.0,105.23,0.23000000000000398,raw/DADOS_HIDROLOGICOS_HO_2023_07.csv,40927,40928
7,JIUHQJ,val_nivelmontante,2023-07-12 22:00:00,2023-07-12 23:00:00,106.16,106.38,0.21999999999999886,raw/DADOS_HIDROLOGICOS_HO_2023_07.csv,40932,40933
7,JIUHQJ,val_niveljusante,2023-07-13 17:00:00,2023-07-13 18:00:00,77.09,73.83,-3.260000000000005,raw/DADOS_HIDROLOGICOS_HO_2023_07.csv,40951,40952
7,JIUHQJ,val_niveljusante,2023-07-13 18:00:00,2023-07-13 19:00:00,73.83,76.65,2.8200000000000074,raw/DADOS_HIDROLOGICOS_HO_2023_07.csv,40952,40953
7,JIUHQJ,val_niveljusante,2023-07-12 21:00:00,2023-07-12 22:00:00,73.74,75.36,1.6200000000000045,raw/DADOS_HIDROLOGICOS_HO_2023_07.csv,40931,40932
7,JIUHQJ,val_niveljusante,2023-07-26 23:59:00,2023-07-27 01:00:00,70.35,68.96,-1.3900000000000006,raw/DADOS_HIDROLOGICOS_HO_2023_07.csv,41262,41263
7,JIUHQJ,val_niveljusante,2023-07-23 23:59:00,2023-07-24 01:00:00,70.4,69.15,-1.25,raw/DADOS_HIDROLOGICOS_HO_2023_07.csv,41190,41191
7,JIUHQJ,val_volumeutil,2023-07-12 19:00:00,2023-07-12 20:00:00,271.44,327.18,55.74000000000001,raw/DADOS_HIDROLOGICOS_HO_2023_07.csv,40929,40930
7,JIUHQJ,val_volumeutil,2023-07-12 18:00:00,2023-07-12 19:00:00,230.31,271.44,41.129999999999995,raw/DADOS_HIDROLOGICOS_HO_2023_07.csv,40928,40929
7,JIUHQJ,val_volumeutil,2023-07-12 23:59:00,2023-07-13 01:00:00,412.1,446.6,34.5,raw/DADOS_HIDROLOGICOS_HO_2023_07.csv,40934,40935
7,JIUHQJ,val_volumeutil,2023-07-12 17:00:00,2023-07-12 18:00:00,199.79,230.31,30.52000000000001,raw/DADOS_HIDROLOGICOS_HO_2023_07.csv,40927,40928
7,JIUHQJ,val_volumeutil,2023-07-13 01:00:00,2023-07-13 02:00:00,446.6,475.8,29.19999999999999,raw/DADOS_HIDROLOGICOS_HO_2023_07.csv,40935,40936
7,JIUHQJ,val_vazaoafluente,2023-07-12 20:00:00,2023-07-12 21:00:00,2286.0,3103.0,817.0,raw/DADOS_HIDROLOGICOS_HO_2023_07.csv,40930,40931
7,JIUHQJ,val_vazaoafluente,2023-07-12 19:00:00,2023-07-12 20:00:00,1681.0,2286.0,605.0,raw/DADOS_HIDROLOGICOS_HO_2023_07.csv,40929,40930
7,JIUHQJ,val_vazaoafluente,2023-07-09 09:00:00,2023-07-09 10:00:00,2189.0,1650.0,-539.0,raw/DADOS_HIDROLOGICOS_HO_2023_07.csv,40847,40848
7,JIUHQJ,val_vazaoafluente,2023-07-09 11:00:00,2023-07-09 12:00:00,1289.0,1816.0,527.0,raw/DADOS_HIDROLOGICOS_HO_2023_07.csv,40849,40850
7,JIUHQJ,val_vazaoafluente,2023-07-16 16:00:00,2023-07-16 17:00:00,465.0,948.0,483.0,raw/DADOS_HIDROLOGICOS_HO_2023_07.csv,41022,41023
7,JIUHQJ,val_vazaodefluente,2023-07-12 20:00:00,2023-07-12 21:00:00,1609.0,2958.0,1349.0,raw/DADOS_HIDROLOGICOS_HO_2023_07.csv,40930,40931
7,JIUHQJ,val_vazaodefluente,2023-07-09 10:00:00,2023-07-09 11:00:00,1940.0,1434.0,-506.0,raw/DADOS_HIDROLOGICOS_HO_2023_07.csv,40848,40849
7,JIUHQJ,val_vazaodefluente,2023-07-12 19:00:00,2023-07-12 20:00:00,1182.0,1609.0,427.0,raw/DADOS_HIDROLOGICOS_HO_2023_07.csv,40929,40930
7,JIUHQJ,val_vazaodefluente,2023-07-09 08:00:00,2023-07-09 09:00:00,1829.0,2205.0,376.0,raw/DADOS_HIDROLOGICOS_HO_2023_07.csv,40846,40847
7,JIUHQJ,val_vazaodefluente,2023-07-14 04:00:00,2023-07-14 05:00:00,2807.0,2434.0,-373.0,raw/DADOS_HIDROLOGICOS_HO_2023_07.csv,40962,40963
7,JIUHQJ,val_vazaoturbinada,2023-07-26 23:59:00,2023-07-27 01:00:00,301.0,24.0,-277.0,raw/DADOS_HIDROLOGICOS_HO_2023_07.csv,41262,41263
7,JIUHQJ,val_vazaoturbinada,2023-07-14 08:00:00,2023-07-14 09:00:00,239.0,0.0,-239.0,raw/DADOS_HIDROLOGICOS_HO_2023_07.csv,40966,40967
7,JIUHQJ,val_vazaoturbinada,2023-07-25 23:59:00,2023-07-26 01:00:00,333.0,107.0,-226.0,raw/DADOS_HIDROLOGICOS_HO_2023_07.csv,41238,41239
7,JIUHQJ,val_vazaoturbinada,2023-07-14 12:00:00,2023-07-14 13:00:00,0.0,216.0,216.0,raw/DADOS_HIDROLOGICOS_HO_2023_07.csv,40970,40971
7,JIUHQJ,val_vazaoturbinada,2023-07-23 23:59:00,2023-07-24 01:00:00,306.0,108.0,-198.0,raw/DADOS_HIDROLOGICOS_HO_2023_07.csv,41190,41191
7,JIUHQJ,val_vazaovertida,2023-07-12 20:00:00,2023-07-12 21:00:00,1250.0,2588.0,1338.0,raw/DADOS_HIDROLOGICOS_HO_2023_07.csv,40930,40931
7,JIUHQJ,val_vazaovertida,2023-07-09 10:00:00,2023-07-09 11:00:00,1668.0,1151.0,-517.0,raw/DADOS_HIDROLOGICOS_HO_2023_07.csv,40848,40849
7,JIUHQJ,val_vazaovertida,2023-07-12 19:00:00,2023-07-12 20:00:00,824.0,1250.0,426.0,raw/DADOS_HIDROLOGICOS_HO_2023_07.csv,40929,40930
7,JIUHQJ,val_vazaovertida,2023-07-09 08:00:00,2023-07-09 09:00:00,1464.0,1872.0,408.0,raw/DADOS_HIDROLOGICOS_HO_2023_07.csv,40846,40847
7,JIUHQJ,val_vazaovertida,2023-07-14 04:00:00,2023-07-14 05:00:00,2530.0,2159.0,-371.0,raw/DADOS_HIDROLOGICOS_HO_2023_07.csv,40962,40963
7,JIUHQJ,val_vazaooutrasestruturas,2023-07-21 20:00:00,2023-07-21 21:00:00,29.0,26.0,-3.0,raw/DADOS_HIDROLOGICOS_HO_2023_07.csv,41139,41140
7,JIUHQJ,val_vazaooutrasestruturas,2023-07-21 21:00:00,2023-07-21 22:00:00,26.0,29.0,3.0,raw/DADOS_HIDROLOGICOS_HO_2023_07.csv,41140,41141
7,JIUHQJ,val_vazaooutrasestruturas,2023-07-03 11:00:00,2023-07-03 12:00:00,28.0,29.0,1.0,raw/DADOS_HIDROLOGICOS_HO_2023_07.csv,40705,40706
7,JIUHQJ,val_vazaooutrasestruturas,2023-07-03 16:00:00,2023-07-03 17:00:00,29.0,28.0,-1.0,raw/DADOS_HIDROLOGICOS_HO_2023_07.csv,40710,40711
7,JIUHQJ,val_vazaooutrasestruturas,2023-07-03 23:59:00,2023-07-04 01:00:00,28.0,29.0,1.0,raw/DADOS_HIDROLOGICOS_HO_2023_07.csv,40718,40719
7,JIUHQJ,val_vazaotransferida,2023-07-01 01:00:00,2023-07-01 02:00:00,0.0,0.0,0.0,raw/DADOS_HIDROLOGICOS_HO_2023_07.csv,40649,40650
7,JIUHQJ,val_vazaotransferida,2023-07-01 02:00:00,2023-07-01 03:00:00,0.0,0.0,0.0,raw/DADOS_HIDROLOGICOS_HO_2023_07.csv,40650,40651
7,JIUHQJ,val_vazaotransferida,2023-07-01 03:00:00,2023-07-01 04:00:00,0.0,0.0,0.0,raw/DADOS_HIDROLOGICOS_HO_2023_07.csv,40651,40652
7,JIUHQJ,val_vazaotransferida,2023-07-01 04:00:00,2023-07-01 05:00:00,0.0,0.0,0.0,raw/DADOS_HIDROLOGICOS_HO_2023_07.csv,40652,40653
7,JIUHQJ,val_vazaotransferida,2023-07-01 05:00:00,2023-07-01 06:00:00,0.0,0.0,0.0,raw/DADOS_HIDROLOGICOS_HO_2023_07.csv,40653,40654
7,JIUHQJ,val_vazaovertidanaoturbinavel,2023-07-14 08:00:00,2023-07-14 09:00:00,113.0,345.0,232.0,raw/DADOS_HIDROLOGICOS_HO_2023_07.csv,40966,40967
7,JIUHQJ,val_vazaovertidanaoturbinavel,2023-07-14 12:00:00,2023-07-14 13:00:00,345.0,136.0,-209.0,raw/DADOS_HIDROLOGICOS_HO_2023_07.csv,40970,40971
7,JIUHQJ,val_vazaovertidanaoturbinavel,2023-07-16 15:00:00,2023-07-16 16:00:00,0.0,137.0,137.0,raw/DADOS_HIDROLOGICOS_HO_2023_07.csv,41021,41022
7,JIUHQJ,val_vazaovertidanaoturbinavel,2023-07-15 01:00:00,2023-07-15 02:00:00,149.0,19.0,-130.0,raw/DADOS_HIDROLOGICOS_HO_2023_07.csv,40983,40984
7,JIUHQJ,val_vazaovertidanaoturbinavel,2023-07-16 16:00:00,2023-07-16 17:00:00,137.0,8.0,-129.0,raw/DADOS_HIDROLOGICOS_HO_2023_07.csv,41022,41023
8,JIUHCA,val_nivelmontante,2023-08-13 09:00:00,2023-08-13 10:00:00,239.9,240.0,0.09999999999999432,raw/DADOS_HIDROLOGICOS_HO_2023_08.csv,42012,42013
8,JIUHCA,val_nivelmontante,2023-08-13 07:00:00,2023-08-13 08:00:00,239.73,239.82,0.09000000000000341,raw/DADOS_HIDROLOGICOS_HO_2023_08.csv,42010,42011
8,JIUHCA,val_nivelmontante,2023-08-13 17:00:00,2023-08-13 18:00:00,240.21,240.12,-0.09000000000000341,raw/DADOS_HIDROLOGICOS_HO_2023_08.csv,42020,42021
8,JIUHCA,val_nivelmontante,2023-08-13 08:00:00,2023-08-13 09:00:00,239.82,239.9,0.0800000000000125,raw/DADOS_HIDROLOGICOS_HO_2023_08.csv,42011,42012
8,JIUHCA,val_nivelmontante,2023-08-31 20:00:00,2023-08-31 21:00:00,239.48,239.4,-0.07999999999998408,raw/DADOS_HIDROLOGICOS_HO_2023_08.csv,42455,42456
8,JIUHCA,val_niveljusante,2023-08-21 23:59:00,2023-08-22 01:00:00,147.94,146.87,-1.0699999999999932,raw/DADOS_HIDROLOGICOS_HO_2023_08.csv,42219,42220
8,JIUHCA,val_niveljusante,2023-08-21 23:00:00,2023-08-21 23:59:00,146.94,147.94,1.0,raw/DADOS_HIDROLOGICOS_HO_2023_08.csv,42218,42219
8,JIUHCA,val_niveljusante,2023-08-26 23:59:00,2023-08-27 01:00:00,147.59,147.12,-0.46999999999999886,raw/DADOS_HIDROLOGICOS_HO_2023_08.csv,42339,42340
8,JIUHCA,val_niveljusante,2023-08-13 07:00:00,2023-08-13 08:00:00,147.51,147.05,-0.45999999999997954,raw/DADOS_HIDROLOGICOS_HO_2023_08.csv,42010,42011
8,JIUHCA,val_niveljusante,2023-08-14 23:59:00,2023-08-15 01:00:00,147.28,146.88,-0.4000000000000057,raw/DADOS_HIDROLOGICOS_HO_2023_08.csv,42051,42052
8,JIUHCA,val_volumeutil,2023-08-13 17:00:00,2023-08-13 18:00:00,124.38,113.93,-10.449999999999989,raw/DADOS_HIDROLOGICOS_HO_2023_08.csv,42020,42021
8,JIUHCA,val_volumeutil,2023-08-13 09:00:00,2023-08-13 10:00:00,90.0,100.0,10.0,raw/DADOS_HIDROLOGICOS_HO_2023_08.csv,42012,42013
8,JIUHCA,val_volumeutil,2023-08-13 07:00:00,2023-08-13 08:00:00,73.0,82.0,9.0,raw/DADOS_HIDROLOGICOS_HO_2023_08.csv,42010,42011
8,JIUHCA,val_volumeutil,2023-08-13 10:00:00,2023-08-13 11:00:00,100.0,108.13,8.129999999999995,raw/DADOS_HIDROLOGICOS_HO_2023_08.csv,42013,42014
8,JIUHCA,val_volumeutil,2023-08-13 18:00:00,2023-08-13 19:00:00,113.93,105.81,-8.120000000000005,raw/DADOS_HIDROLOGICOS_HO_2023_08.csv,42021,42022
8,JIUHCA,val_vazaoafluente,2023-08-13 01:00:00,2023-08-13 02:00:00,88.0,251.0,163.0,raw/DADOS_HIDROLOGICOS_HO_2023_08.csv,42004,42005
8,JIUHCA,val_vazaoafluente,2023-08-05 01:00:00,2023-08-05 02:00:00,110.0,18.0,-92.0,raw/DADOS_HIDROLOGICOS_HO_2023_08.csv,41812,41813
8,JIUHCA,val_vazaoafluente,2023-08-13 02:00:00,2023-08-13 03:00:00,251.0,162.0,-89.0,raw/DADOS_HIDROLOGICOS_HO_2023_08.csv,42005,42006
8,JIUHCA,val_vazaoafluente,2023-08-12 23:59:00,2023-08-13 01:00:00,162.0,88.0,-74.0,raw/DADOS_HIDROLOGICOS_HO_2023_08.csv,42003,42004
8,JIUHCA,val_vazaoafluente,2023-08-24 01:00:00,2023-08-24 02:00:00,21.0,92.0,71.0,raw/DADOS_HIDROLOGICOS_HO_2023_08.csv,42268,42269
8,JIUHCA,val_vazaodefluente,2023-08-13 07:00:00,2023-08-13 08:00:00,170.0,19.0,-151.0,raw/DADOS_HIDROLOGICOS_HO_2023_08.csv,42010,42011
8,JIUHCA,val_vazaodefluente,2023-08-15 09:00:00,2023-08-15 10:00:00,57.0,148.0,91.0,raw/DADOS_HIDROLOGICOS_HO_2023_08.csv,42060,42061
8,JIUHCA,val_vazaodefluente,2023-08-13 16:00:00,2023-08-13 17:00:00,65.0,142.0,77.0,raw/DADOS_HIDROLOGICOS_HO_2023_08.csv,42019,42020
8,JIUHCA,val_vazaodefluente,2023-08-04 23:59:00,2023-08-05 01:00:00,103.0,36.0,-67.0,raw/DADOS_HIDROLOGICOS_HO_2023_08.csv,41811,41812
8,JIUHCA,val_vazaodefluente,2023-08-26 23:59:00,2023-08-27 01:00:00,176.0,109.0,-67.0,raw/DADOS_HIDROLOGICOS_HO_2023_08.csv,42339,42340
8,JIUHCA,val_vazaoturbinada,2023-08-13 07:00:00,2023-08-13 08:00:00,152.0,0.0,-152.0,raw/DADOS_HIDROLOGICOS_HO_2023_08.csv,42010,42011
8,JIUHCA,val_vazaoturbinada,2023-08-15 09:00:00,2023-08-15 10:00:00,39.0,130.0,91.0,raw/DADOS_HIDROLOGICOS_HO_2023_08.csv,42060,42061
8,JIUHCA,val_vazaoturbinada,2023-08-13 16:00:00,2023-08-13 17:00:00,0.0,88.0,88.0,raw/DADOS_HIDROLOGICOS_HO_2023_08.csv,42019,42020
8,JIUHCA,val_vazaoturbinada,2023-08-13 17:00:00,2023-08-13 18:00:00,88.0,158.0,70.0,raw/DADOS_HIDROLOGICOS_HO_2023_08.csv,42020,42021
8,JIUHCA,val_vazaoturbinada,2023-08-04 23:59:00,2023-08-05 01:00:00,85.0,18.0,-67.0,raw/DADOS_HIDROLOGICOS_HO_2023_08.csv,41811,41812
8,JIUHCA,val_vazaovertida,2023-08-13 17:00:00,2023-08-13 18:00:00,35.0,15.0,-20.0,raw/DADOS_HIDROLOGICOS_HO_2023_08.csv,42020,42021
8,JIUHCA,val_vazaovertida,2023-08-13 12:00:00,2023-08-13 13:00:00,17.0,28.0,11.0,raw/DADOS_HIDROLOGICOS_HO_2023_08.csv,42015,42016
8,JIUHCA,val_vazaovertida,2023-08-13 16:00:00,2023-08-13 17:00:00,46.0,35.0,-11.0,raw/DADOS_HIDROLOGICOS_HO_2023_08.csv,42019,42020
8,JIUHCA,val_vazaovertida,2023-08-13 18:00:00,2023-08-13 19:00:00,15.0,4.0,-11.0,raw/DADOS_HIDROLOGICOS_HO_2023_08.csv,42021,42022
8,JIUHCA,val_vazaovertida,2023-08-13 11:00:00,2023-08-13 12:00:00,7.0,17.0,10.0,raw/DADOS_HIDROLOGICOS_HO_2023_08.csv,42014,42015
8,JIUHCA,val_vazaooutrasestruturas,2023-08-01 20:00:00,2023-08-01 21:00:00,18.0,20.0,2.0,raw/DADOS_HIDROLOGICOS_HO_2023_08.csv,41735,41736
8,JIUHCA,val_vazaooutrasestruturas,2023-08-01 21:00:00,2023-08-01 22:00:00,20.0,18.0,-2.0,raw/DADOS_HIDROLOGICOS_HO_2023_08.csv,41736,41737
8,JIUHCA,val_vazaooutrasestruturas,2023-08-05 03:00:00,2023-08-05 04:00:00,18.0,20.0,2.0,raw/DADOS_HIDROLOGICOS_HO_2023_08.csv,41814,41815
8,JIUHCA,val_vazaooutrasestruturas,2023-08-05 04:00:00,2023-08-05 05:00:00,20.0,18.0,-2.0,raw/DADOS_HIDROLOGICOS_HO_2023_08.csv,41815,41816
8,JIUHCA,val_vazaooutrasestruturas,2023-08-30 07:00:00,2023-08-30 08:00:00,18.0,20.0,2.0,raw/DADOS_HIDROLOGICOS_HO_2023_08.csv,42418,42419
8,JIUHCA,val_vazaotransferida,2023-08-01 01:00:00,2023-08-01 02:00:00,0.0,0.0,0.0,raw/DADOS_HIDROLOGICOS_HO_2023_08.csv,41716,41717
8,JIUHCA,val_vazaotransferida,2023-08-01 02:00:00,2023-08-01 03:00:00,0.0,0.0,0.0,raw/DADOS_HIDROLOGICOS_HO_2023_08.csv,41717,41718
8,JIUHCA,val_vazaotransferida,2023-08-01 03:00:00,2023-08-01 04:00:00,0.0,0.0,0.0,raw/DADOS_HIDROLOGICOS_HO_2023_08.csv,41718,41719
8,JIUHCA,val_vazaotransferida,2023-08-01 04:00:00,2023-08-01 05:00:00,0.0,0.0,0.0,raw/DADOS_HIDROLOGICOS_HO_2023_08.csv,41719,41720
8,JIUHCA,val_vazaotransferida,2023-08-01 05:00:00,2023-08-01 06:00:00,0.0,0.0,0.0,raw/DADOS_HIDROLOGICOS_HO_2023_08.csv,41720,41721
8,JIUHCA,val_vazaovertidanaoturbinavel,2023-08-01 01:00:00,2023-08-01 02:00:00,0.0,0.0,0.0,raw/DADOS_HIDROLOGICOS_HO_2023_08.csv,41716,41717
8,JIUHCA,val_vazaovertidanaoturbinavel,2023-08-01 02:00:00,2023-08-01 03:00:00,0.0,0.0,0.0,raw/DADOS_HIDROLOGICOS_HO_2023_08.csv,41717,41718
8,JIUHCA,val_vazaovertidanaoturbinavel,2023-08-01 03:00:00,2023-08-01 04:00:00,0.0,0.0,0.0,raw/DADOS_HIDROLOGICOS_HO_2023_08.csv,41718,41719
8,JIUHCA,val_vazaovertidanaoturbinavel,2023-08-01 04:00:00,2023-08-01 05:00:00,0.0,0.0,0.0,raw/DADOS_HIDROLOGICOS_HO_2023_08.csv,41719,41720
8,JIUHCA,val_vazaovertidanaoturbinavel,2023-08-01 05:00:00,2023-08-01 06:00:00,0.0,0.0,0.0,raw/DADOS_HIDROLOGICOS_HO_2023_08.csv,41720,41721
8,JIUHMC,val_nivelmontante,2023-08-13 09:00:00,2023-08-13 10:00:00,147.32,147.59,0.27000000000001023,raw/DADOS_HIDROLOGICOS_HO_2023_08.csv,45732,45733
8,JIUHMC,val_nivelmontante,2023-08-03 23:59:00,2023-08-04 01:00:00,147.35,147.1,-0.25,raw/DADOS_HIDROLOGICOS_HO_2023_08.csv,45507,45508
8,JIUHMC,val_nivelmontante,2023-08-15 11:00:00,2023-08-15 12:00:00,147.38,147.13,-0.25,raw/DADOS_HIDROLOGICOS_HO_2023_08.csv,45782,45783
8,JIUHMC,val_nivelmontante,2023-08-15 10:00:00,2023-08-15 11:00:00,147.62,147.38,-0.2400000000000091,raw/DADOS_HIDROLOGICOS_HO_2023_08.csv,45781,45782
8,JIUHMC,val_nivelmontante,2023-08-13 23:00:00,2023-08-13 23:59:00,147.4,147.17,-0.2300000000000182,raw/DADOS_HIDROLOGICOS_HO_2023_08.csv,45746,45747
8,JIUHMC,val_niveljusante,2023-08-13 16:00:00,2023-08-13 17:00:00,104.65,105.99,1.3399999999999892,raw/DADOS_HIDROLOGICOS_HO_2023_08.csv,45739,45740
8,JIUHMC,val_niveljusante,2023-08-13 07:00:00,2023-08-13 08:00:00,106.08,104.97,-1.1099999999999994,raw/DADOS_HIDROLOGICOS_HO_2023_08.csv,45730,45731
8,JIUHMC,val_niveljusante,2023-08-31 18:00:00,2023-08-31 19:00:00,105.6,106.62,1.0200000000000102,raw/DADOS_HIDROLOGICOS_HO_2023_08.csv,46173,46174
8,JIUHMC,val_niveljusante,2023-08-31 19:00:00,2023-08-31 20:00:00,106.62,105.67,-0.9500000000000028,raw/DADOS_HIDROLOGICOS_HO_2023_08.csv,46174,46175
8,JIUHMC,val_niveljusante,2023-08-15 08:00:00,2023-08-15 09:00:00,104.62,105.38,0.7599999999999909,raw/DADOS_HIDROLOGICOS_HO_2023_08.csv,45779,45780
8,JIUHMC,val_volumeutil,2023-08-13 09:00:00,2023-08-13 10:00:00,30.74,57.61,26.87,raw/DADOS_HIDROLOGICOS_HO_2023_08.csv,45732,45733
8,JIUHMC,val_volumeutil,2023-08-15 11:00:00,2023-08-15 12:00:00,36.64,12.34,-24.3,raw/DADOS_HIDROLOGICOS_HO_2023_08.csv,45782,45783
8,JIUHMC,val_volumeutil,2023-08-03 23:59:00,2023-08-04 01:00:00,33.68,9.48,-24.2,raw/DADOS_HIDROLOGICOS_HO_2023_08.csv,45507,45508
8,JIUHMC,val_volumeutil,2023-08-15 10:00:00,2023-08-15 11:00:00,60.64,36.64,-24.0,raw/DADOS_HIDROLOGICOS_HO_2023_08.csv,45781,45782
8,JIUHMC,val_volumeutil,2023-08-13 21:00:00,2023-08-13 22:00:00,78.05,55.59,-22.459999999999994,raw/DADOS_HIDROLOGICOS_HO_2023_08.csv,45744,45745
8,JIUHMC,val_vazaoafluente,2023-08-13 07:00:00,2023-08-13 08:00:00,271.0,73.0,-198.0,raw/DADOS_HIDROLOGICOS_HO_2023_08.csv,45730,45731
8,JIUHMC,val_vazaoafluente,2023-08-25 01:00:00,2023-08-25 02:00:00,143.0,19.0,-124.0,raw/DADOS_HIDROLOGICOS_HO_2023_08.csv,46012,46013
8,JIUHMC,val_vazaoafluente,2023-08-04 02:00:00,2023-08-04 03:00:00,135.0,20.0,-115.0,raw/DADOS_HIDROLOGICOS_HO_2023_08.csv,45509,45510
8,JIUHMC,val_vazaoafluente,2023-08-15 09:00:00,2023-08-15 10:00:00,102.0,214.0,112.0,raw/DADOS_HIDROLOGICOS_HO_2023_08.csv,45780,45781
8,JIUHMC,val_vazaoafluente,2023-08-03 01:00:00,2023-08-03 02:00:00,182.0,74.0,-108.0,raw/DADOS_HIDROLOGICOS_HO_2023_08.csv,45484,45485
8,JIUHMC,val_vazaodefluente,2023-08-13 07:00:00,2023-08-13 08:00:00,271.0,19.0,-252.0,raw/DADOS_HIDROLOGICOS_HO_2023_08.csv,45730,45731
8,JIUHMC,val_vazaodefluente,2023-08-15 09:00:00,2023-08-15 10:00:00,77.0,289.0,212.0,raw/DADOS_HIDROLOGICOS_HO_2023_08.csv,45780,45781
8,JIUHMC,val_vazaodefluente,2023-08-13 16:00:00,2023-08-13 17:00:00,90.0,252.0,162.0,raw/DADOS_HIDROLOGICOS_HO_2023_08.csv,45739,45740
8,JIUHMC,val_vazaodefluente,2023-08-04 02:00:00,2023-08-04 03:00:00,177.0,20.0,-157.0,raw/DADOS_HIDROLOGICOS_HO_2023_08.csv,45509,45510
8,JIUHMC,val_vazaodefluente,2023-08-25 01:00:00,2023-08-25 02:00:00,176.0,19.0,-157.0,raw/DADOS_HIDROLOGICOS_HO_2023_08.csv,46012,46013
8,JIUHMC,val_vazaoturbinada,2023-08-13 07:00:00,2023-08-13 08:00:00,252.0,0.0,-252.0,raw/DADOS_HIDROLOGICOS_HO_2023_08.csv,45730,45731
8,JIUHMC,val_vazaoturbinada,2023-08-15 09:00:00,2023-08-15 10:00:00,58.0,270.0,212.0,raw/DADOS_HIDROLOGICOS_HO_2023_08.csv,45780,45781
8,JIUHMC,val_vazaoturbinada,2023-08-13 16:00:00,2023-08-13 17:00:00,0.0,188.0,188.0,raw/DADOS_HIDROLOGICOS_HO_2023_08.csv,45739,45740
8,JIUHMC,val_vazaoturbinada,2023-08-25 01:00:00,2023-08-25 02:00:00,158.0,0.0,-158.0,raw/DADOS_HIDROLOGICOS_HO_2023_08.csv,46012,46013
8,JIUHMC,val_vazaoturbinada,2023-08-04 02:00:00,2023-08-04 03:00:00,157.0,0.0,-157.0,raw/DADOS_HIDROLOGICOS_HO_2023_08.csv,45509,45510
8,JIUHMC,val_vazaovertida,2023-08-13 17:00:00,2023-08-13 18:00:00,59.0,27.0,-32.0,raw/DADOS_HIDROLOGICOS_HO_2023_08.csv,45740,45741
8,JIUHMC,val_vazaovertida,2023-08-13 16:00:00,2023-08-13 17:00:00,84.0,59.0,-25.0,raw/DADOS_HIDROLOGICOS_HO_2023_08.csv,45739,45740
8,JIUHMC,val_vazaovertida,2023-08-13 13:00:00,2023-08-13 14:00:00,28.0,49.0,21.0,raw/DADOS_HIDROLOGICOS_HO_2023_08.csv,45736,45737
8,JIUHMC,val_vazaovertida,2023-08-05 12:00:00,2023-08-05 13:00:00,40.0,20.0,-20.0,raw/DADOS_HIDROLOGICOS_HO_2023_08.csv,45543,45544
8,JIUHMC,val_vazaovertida,2023-08-13 15:00:00,2023-08-13 16:00:00,66.0,84.0,18.0,raw/DADOS_HIDROLOGICOS_HO_2023_08.csv,45738,45739
8,JIUHMC,val_vazaooutrasestruturas,2023-08-30 23:00:00,2023-08-30 23:59:00,6.0,19.0,13.0,raw/DADOS_HIDROLOGICOS_HO_2023_08.csv,46154,46155
8,JIUHMC,val_vazaooutrasestruturas,2023-08-20 23:00:00,2023-08-20 23:59:00,6.0,18.0,12.0,raw/DADOS_HIDROLOGICOS_HO_2023_08.csv,45914,45915
8,JIUHMC,val_vazaooutrasestruturas,2023-08-20 23:59:00,2023-08-21 01:00:00,18.0,6.0,-12.0,raw/DADOS_HIDROLOGICOS_HO_2023_08.csv,45915,45916
8,JIUHMC,val_vazaooutrasestruturas,2023-08-03 09:00:00,2023-08-03 10:00:00,6.0,0.0,-6.0,raw/DADOS_HIDROLOGICOS_HO_2023_08.csv,45492,45493
8,JIUHMC,val_vazaooutrasestruturas,2023-08-10 17:00:00,2023-08-10 18:00:00,0.0,6.0,6.0,raw/DADOS_HIDROLOGICOS_HO_2023_08.csv,45668,45669
8,JIUHMC,val_vazaotransferida,2023-08-01 01:00:00,2023-08-01 02:00:00,0.0,0.0,0.0,raw/DADOS_HIDROLOGICOS_HO_2023_08.csv,45436,45437
8,JIUHMC,val_vazaotransferida,2023-08-01 02:00:00,2023-08-01 03:00:00,0.0,0.0,0.0,raw/DADOS_HIDROLOGICOS_HO_2023_08.csv,45437,45438
8,JIUHMC,val_vazaotransferida,2023-08-01 03:00:00,2023-08-01 04:00:00,0.0,0.0,0.0,raw/DADOS_HIDROLOGICOS_HO_2023_08.csv,45438,45439
8,JIUHMC,val_vazaotransferida,2023-08-01 04:00:00,2023-08-01 05:00:00,0.0,0.0,0.0,raw/DADOS_HIDROLOGICOS_HO_2023_08.csv,45439,45440
8,JIUHMC,val_vazaotransferida,2023-08-01 05:00:00,2023-08-01 06:00:00,0.0,0.0,0.0,raw/DADOS_HIDROLOGICOS_HO_2023_08.csv,45440,45441
8,JIUHMC,val_vazaovertidanaoturbinavel,2023-08-03 09:00:00,2023-08-03 10:00:00,13.0,20.0,7.0,raw/DADOS_HIDROLOGICOS_HO_2023_08.csv,45492,45493
8,JIUHMC,val_vazaovertidanaoturbinavel,2023-08-10 17:00:00,2023-08-10 18:00:00,20.0,13.0,-7.0,raw/DADOS_HIDROLOGICOS_HO_2023_08.csv,45668,45669
8,JIUHMC,val_vazaovertidanaoturbinavel,2023-08-03 20:00:00,2023-08-03 21:00:00,20.0,19.0,-1.0,raw/DADOS_HIDROLOGICOS_HO_2023_08.csv,45503,45504
8,JIUHMC,val_vazaovertidanaoturbinavel,2023-08-05 05:00:00,2023-08-05 06:00:00,19.0,20.0,1.0,raw/DADOS_HIDROLOGICOS_HO_2023_08.csv,45536,45537
8,JIUHMC,val_vazaovertidanaoturbinavel,2023-08-05 14:00:00,2023-08-05 15:00:00,20.0,19.0,-1.0,raw/DADOS_HIDROLOGICOS_HO_2023_08.csv,45545,45546
8,JIUHQJ,val_nivelmontante,2023-08-13 23:59:00,2023-08-14 01:00:00,103.41,103.57,0.1599999999999966,raw/DADOS_HIDROLOGICOS_HO_2023_08.csv,40539,40540
8,JIUHQJ,val_nivelmontante,2023-08-13 07:00:00,2023-08-13 08:00:00,103.2,103.35,0.14999999999999147,raw/DADOS_HIDROLOGICOS_HO_2023_08.csv,40522,40523
8,JIUHQJ,val_nivelmontante,2023-08-03 23:59:00,2023-08-04 01:00:00,103.32,103.46,0.14000000000000057,raw/DADOS_HIDROLOGICOS_HO_2023_08.csv,40299,40300
8,JIUHQJ,val_nivelmontante,2023-08-04 01:00:00,2023-08-04 02:00:00,103.46,103.57,0.10999999999999943,raw/DADOS_HIDROLOGICOS_HO_2023_08.csv,40300,40301
8,JIUHQJ,val_nivelmontante,2023-08-07 23:59:00,2023-08-08 01:00:00,103.5,103.6,0.09999999999999432,raw/DADOS_HIDROLOGICOS_HO_2023_08.csv,40395,40396
8,JIUHQJ,val_niveljusante,2023-08-06 23:00:00,2023-08-06 23:59:00,69.26,65.25,-4.010000000000005,raw/DADOS_HIDROLOGICOS_HO_2023_08.csv,40370,40371
8,JIUHQJ,val_niveljusante,2023-08-06 23:59:00,2023-08-07 01:00:00,65.25,68.64,3.3900000000000006,raw/DADOS_HIDROLOGICOS_HO_2023_08.csv,40371,40372
8,JIUHQJ,val_niveljusante,2023-08-15 08:00:00,2023-08-15 09:00:00,68.11,69.86,1.75,raw/DADOS_HIDROLOGICOS_HO_2023_08.csv,40571,40572
8,JIUHQJ,val_niveljusante,2023-08-13 07:00:00,2023-08-13 08:00:00,70.42,68.85,-1.5700000000000074,raw/DADOS_HIDROLOGICOS_HO_2023_08.csv,40522,40523
8,JIUHQJ,val_niveljusante,2023-08-04 01:00:00,2023-08-04 02:00:00,69.74,68.45,-1.289999999999992,raw/DADOS_HIDROLOGICOS_HO_2023_08.csv,40300,40301
8,JIUHQJ,val_volumeutil,2023-08-13 23:59:00,2023-08-14 01:00:00,41.0,57.0,16.0,raw/DADOS_HIDROLOGICOS_HO_2023_08.csv,40539,40540
8,JIUHQJ,val_volumeutil,2023-08-13 07:00:00,2023-08-13 08:00:00,20.0,35.0,15.0,raw/DADOS_HIDROLOGICOS_HO_2023_08.csv,40522,40523
8,JIUHQJ,val_volumeutil,2023-08-03 23:59:00,2023-08-04 01:00:00,32.0,46.0,14.0,raw/DADOS_HIDROLOGICOS_HO_2023_08.csv,40299,40300
8,JIUHQJ,val_volumeutil,2023-08-04 01:00:00,2023-08-04 02:00:00,46.0,57.0,11.0,raw/DADOS_HIDROLOGICOS_HO_2023_08.csv,40300,40301
8,JIUHQJ,val_volumeutil,2023-08-07 23:59:00,2023-08-08 01:00:00,50.0,60.0,10.0,raw/DADOS_HIDROLOGICOS_HO_2023_08.csv,40395,40396
8,JIUHQJ,val_vazaoafluente,2023-08-14 01:00:00,2023-08-14 02:00:00,470.0,157.0,-313.0,raw/DADOS_HIDROLOGICOS_HO_2023_08.csv,40540,40541
8,JIUHQJ,val_vazaoafluente,2023-08-13 17:00:00,2023-08-13 18:00:00,14.0,258.0,244.0,raw/DADOS_HIDROLOGICOS_HO_2023_08.csv,40532,40533
8,JIUHQJ,val_vazaoafluente,2023-08-12 14:00:00,2023-08-12 15:00:00,92.0,329.0,237.0,raw/DADOS_HIDROLOGICOS_HO_2023_08.csv,40505,40506
8,JIUHQJ,val_vazaoafluente,2023-08-25 01:00:00,2023-08-25 02:00:00,255.0,44.0,-211.0,raw/DADOS_HIDROLOGICOS_HO_2023_08.csv,40804,40805
8,JIUHQJ,val_vazaoafluente,2023-08-13 08:00:00,2023-08-13 09:00:00,271.0,77.0,-194.0,raw/DADOS_HIDROLOGICOS_HO_2023_08.csv,40523,40524
8,JIUHQJ,val_vazaodefluente,2023-08-13 07:00:00,2023-08-13 08:00:00,353.0,29.0,-324.0,raw/DADOS_HIDROLOGICOS_HO_2023_08.csv,40522,40523
8,JIUHQJ,val_vazaodefluente,2023-08-15 09:00:00,2023-08-15 10:00:00,98.0,267.0,169.0,raw/DADOS_HIDROLOGICOS_HO_2023_08.csv,40572,40573
8,JIUHQJ,val_vazaodefluente,2023-08-13 17:00:00,2023-08-13 18:00:00,127.0,291.0,164.0,raw/DADOS_HIDROLOGICOS_HO_2023_08.csv,40532,40533
8,JIUHQJ,val_vazaodefluente,2023-08-14 23:59:00,2023-08-15 01:00:00,317.0,163.0,-154.0,raw/DADOS_HIDROLOGICOS_HO_2023_08.csv,40563,40564
8,JIUHQJ,val_vazaodefluente,2023-08-13 23:59:00,2023-08-14 01:00:00,359.0,212.0,-147.0,raw/DADOS_HIDROLOGICOS_HO_2023_08.csv,40539,40540
8,JIUHQJ,val_vazaoturbinada,2023-08-13 07:00:00,2023-08-13 08:00:00,325.0,1.0,-324.0,raw/DADOS_HIDROLOGICOS_HO_2023_08.csv,40522,40523
8,JIUHQJ,val_vazaoturbinada,2023-08-15 09:00:00,2023-08-15 10:00:00,70.0,239.0,169.0,raw/DADOS_HIDROLOGICOS_HO_2023_08.csv,40572,40573
8,JIUHQJ,val_vazaoturbinada,2023-08-13 17:00:00,2023-08-13 18:00:00,99.0,263.0,164.0,raw/DADOS_HIDROLOGICOS_HO_2023_08.csv,40532,40533
8,JIUHQJ,val_vazaoturbinada,2023-08-14 23:59:00,2023-08-15 01:00:00,289.0,134.0,-155.0,raw/DADOS_HIDROLOGICOS_HO_2023_08.csv,40563,40564
8,JIUHQJ,val_vazaoturbinada,2023-08-13 23:59:00,2023-08-14 01:00:00,330.0,184.0,-146.0,raw/DADOS_HIDROLOGICOS_HO_2023_08.csv,40539,40540
8,JIUHQJ,val_vazaovertida,2023-08-01 01:00:00,2023-08-01 02:00:00,0.0,0.0,0.0,raw/DADOS_HIDROLOGICOS_HO_2023_08.csv,40228,40229
8,JIUHQJ,val_vazaovertida,2023-08-01 02:00:00,2023-08-01 03:00:00,0.0,0.0,0.0,raw/DADOS_HIDROLOGICOS_HO_2023_08.csv,40229,40230
8,JIUHQJ,val_vazaovertida,2023-08-01 03:00:00,2023-08-01 04:00:00,0.0,0.0,0.0,raw/DADOS_HIDROLOGICOS_HO_2023_08.csv,40230,40231
8,JIUHQJ,val_vazaovertida,2023-08-01 04:00:00,2023-08-01 05:00:00,0.0,0.0,0.0,raw/DADOS_HIDROLOGICOS_HO_2023_08.csv,40231,40232
8,JIUHQJ,val_vazaovertida,2023-08-01 05:00:00,2023-08-01 06:00:00,0.0,0.0,0.0,raw/DADOS_HIDROLOGICOS_HO_2023_08.csv,40232,40233
8,JIUHQJ,val_vazaooutrasestruturas,2023-08-02 14:00:00,2023-08-02 15:00:00,29.0,0.0,-29.0,raw/DADOS_HIDROLOGICOS_HO_2023_08.csv,40265,40266
8,JIUHQJ,val_vazaooutrasestruturas,2023-08-02 15:00:00,2023-08-02 16:00:00,0.0,29.0,29.0,raw/DADOS_HIDROLOGICOS_HO_2023_08.csv,40266,40267
8,JIUHQJ,val_vazaooutrasestruturas,2023-08-02 19:00:00,2023-08-02 20:00:00,29.0,28.0,-1.0,raw/DADOS_HIDROLOGICOS_HO_2023_08.csv,40270,40271
8,JIUHQJ,val_vazaooutrasestruturas,2023-08-04 01:00:00,2023-08-04 02:00:00,28.0,29.0,1.0,raw/DADOS_HIDROLOGICOS_HO_2023_08.csv,40300,40301
8,JIUHQJ,val_vazaooutrasestruturas,2023-08-04 09:00:00,2023-08-04 10:00:00,29.0,28.0,-1.0,raw/DADOS_HIDROLOGICOS_HO_2023_08.csv,40308,40309
8,JIUHQJ,val_vazaotransferida,2023-08-01 01:00:00,2023-08-01 02:00:00,0.0,0.0,0.0,raw/DADOS_HIDROLOGICOS_HO_2023_08.csv,40228,40229
8,JIUHQJ,val_vazaotransferida,2023-08-01 02:00:00,2023-08-01 03:00:00,0.0,0.0,0.0,raw/DADOS_HIDROLOGICOS_HO_2023_08.csv,40229,40230
8,JIUHQJ,val_vazaotransferida,2023-08-01 03:00:00,2023-08-01 04:00:00,0.0,0.0,0.0,raw/DADOS_HIDROLOGICOS_HO_2023_08.csv,40230,40231
8,JIUHQJ,val_vazaotransferida,2023-08-01 04:00:00,2023-08-01 05:00:00,0.0,0.0,0.0,raw/DADOS_HIDROLOGICOS_HO_2023_08.csv,40231,40232
8,JIUHQJ,val_vazaotransferida,2023-08-01 05:00:00,2023-08-01 06:00:00,0.0,0.0,0.0,raw/DADOS_HIDROLOGICOS_HO_2023_08.csv,40232,40233
8,JIUHQJ,val_vazaovertidanaoturbinavel,2023-08-01 01:00:00,2023-08-01 02:00:00,0.0,0.0,0.0,raw/DADOS_HIDROLOGICOS_HO_2023_08.csv,40228,40229
8,JIUHQJ,val_vazaovertidanaoturbinavel,2023-08-01 02:00:00,2023-08-01 03:00:00,0.0,0.0,0.0,raw/DADOS_HIDROLOGICOS_HO_2023_08.csv,40229,40230
8,JIUHQJ,val_vazaovertidanaoturbinavel,2023-08-01 03:00:00,2023-08-01 04:00:00,0.0,0.0,0.0,raw/DADOS_HIDROLOGICOS_HO_2023_08.csv,40230,40231
8,JIUHQJ,val_vazaovertidanaoturbinavel,2023-08-01 04:00:00,2023-08-01 05:00:00,0.0,0.0,0.0,raw/DADOS_HIDROLOGICOS_HO_2023_08.csv,40231,40232
8,JIUHQJ,val_vazaovertidanaoturbinavel,2023-08-01 05:00:00,2023-08-01 06:00:00,0.0,0.0,0.0,raw/DADOS_HIDROLOGICOS_HO_2023_08.csv,40232,40233
