origin,station,query_time,source_time,age_after_delay_seconds,value_m,usable
2024-04-01T00:00:00-03:00,86472000,2024-03-31T23:30:00-03:00,2024-03-31T23:30:00-03:00,0.0,3.3,True
2024-04-01T01:00:00-03:00,86472000,2024-04-01T00:30:00-03:00,2024-04-01T00:30:00-03:00,0.0,3.41,True
2024-04-01T02:00:00-03:00,86472000,2024-04-01T01:30:00-03:00,2024-04-01T01:30:00-03:00,0.0,3.25,True
2024-04-01T03:00:00-03:00,86472000,2024-04-01T02:30:00-03:00,2024-04-01T02:30:00-03:00,0.0,2.89,True
2024-04-01T04:00:00-03:00,86472000,2024-04-01T03:30:00-03:00,2024-04-01T03:30:00-03:00,0.0,2.66,True
2024-04-01T05:00:00-03:00,86472000,2024-04-01T04:30:00-03:00,2024-04-01T04:30:00-03:00,0.0,2.53,True
2024-04-01T06:00:00-03:00,86472000,2024-04-01T05:30:00-03:00,2024-04-01T05:30:00-03:00,0.0,2.45,True
2024-04-01T07:00:00-03:00,86472000,2024-04-01T06:30:00-03:00,2024-04-01T06:30:00-03:00,0.0,2.41,True
2024-04-01T08:00:00-03:00,86472000,2024-04-01T07:30:00-03:00,2024-04-01T07:30:00-03:00,0.0,2.39,True
2024-04-01T09:00:00-03:00,86472000,2024-04-01T08:30:00-03:00,2024-04-01T08:30:00-03:00,0.0,2.37,True
2024-04-01T10:00:00-03:00,86472000,2024-04-01T09:30:00-03:00,2024-04-01T09:30:00-03:00,0.0,2.37,True
2024-04-01T11:00:00-03:00,86472000,2024-04-01T10:30:00-03:00,2024-04-01T10:30:00-03:00,0.0,2.37,True
2024-04-01T12:00:00-03:00,86472000,2024-04-01T11:30:00-03:00,2024-04-01T11:30:00-03:00,0.0,2.37,True
2024-04-01T13:00:00-03:00,86472000,2024-04-01T12:30:00-03:00,2024-04-01T12:30:00-03:00,0.0,2.36,True
2024-04-01T14:00:00-03:00,86472000,2024-04-01T13:30:00-03:00,2024-04-01T13:30:00-03:00,0.0,2.36,True
2024-04-01T15:00:00-03:00,86472000,2024-04-01T14:30:00-03:00,2024-04-01T14:30:00-03:00,0.0,2.36,True
2024-04-01T16:00:00-03:00,86472000,2024-04-01T15:30:00-03:00,2024-04-01T15:30:00-03:00,0.0,2.37,True
2024-04-01T17:00:00-03:00,86472000,2024-04-01T16:30:00-03:00,2024-04-01T16:30:00-03:00,0.0,2.37,True
2024-04-01T18:00:00-03:00,86472000,2024-04-01T17:30:00-03:00,2024-04-01T17:30:00-03:00,0.0,2.37,True
2024-04-01T19:00:00-03:00,86472000,2024-04-01T18:30:00-03:00,2024-04-01T18:30:00-03:00,0.0,2.37,True
2024-04-01T20:00:00-03:00,86472000,2024-04-01T19:30:00-03:00,2024-04-01T19:30:00-03:00,0.0,2.52,True
2024-04-01T21:00:00-03:00,86472000,2024-04-01T20:30:00-03:00,2024-04-01T20:30:00-03:00,0.0,3.36,True
2024-04-01T22:00:00-03:00,86472000,2024-04-01T21:30:00-03:00,2024-04-01T21:30:00-03:00,0.0,3.85,True
2024-04-01T23:00:00-03:00,86472000,2024-04-01T22:30:00-03:00,2024-04-01T22:30:00-03:00,0.0,3.98,True
2024-04-02T00:00:00-03:00,86472000,2024-04-01T23:30:00-03:00,2024-04-01T23:30:00-03:00,0.0,3.7,True
2024-04-02T01:00:00-03:00,86472000,2024-04-02T00:30:00-03:00,2024-04-02T00:30:00-03:00,0.0,3.42,True
2024-04-02T02:00:00-03:00,86472000,2024-04-02T01:30:00-03:00,2024-04-02T01:30:00-03:00,0.0,3.2,True
2024-04-02T03:00:00-03:00,86472000,2024-04-02T02:30:00-03:00,2024-04-02T02:30:00-03:00,0.0,2.86,True
2024-04-02T04:00:00-03:00,86472000,2024-04-02T03:30:00-03:00,2024-04-02T03:30:00-03:00,0.0,2.64,True
2024-04-02T05:00:00-03:00,86472000,2024-04-02T04:30:00-03:00,2024-04-02T04:30:00-03:00,0.0,2.52,True
2024-04-02T06:00:00-03:00,86472000,2024-04-02T05:30:00-03:00,2024-04-02T05:30:00-03:00,0.0,2.45,True
2024-04-02T07:00:00-03:00,86472000,2024-04-02T06:30:00-03:00,2024-04-02T06:30:00-03:00,0.0,2.41,True
2024-04-02T08:00:00-03:00,86472000,2024-04-02T07:30:00-03:00,2024-04-02T07:30:00-03:00,0.0,2.38,True
2024-04-02T09:00:00-03:00,86472000,2024-04-02T08:30:00-03:00,2024-04-02T08:30:00-03:00,0.0,2.37,True
2024-04-02T10:00:00-03:00,86472000,2024-04-02T09:30:00-03:00,2024-04-02T09:30:00-03:00,0.0,2.37,True
2024-04-02T11:00:00-03:00,86472000,2024-04-02T10:30:00-03:00,2024-04-02T10:30:00-03:00,0.0,2.37,True
2024-04-02T12:00:00-03:00,86472000,2024-04-02T11:30:00-03:00,2024-04-02T11:30:00-03:00,0.0,2.37,True
2024-04-02T13:00:00-03:00,86472000,2024-04-02T12:30:00-03:00,2024-04-02T12:30:00-03:00,0.0,2.37,True
2024-04-02T14:00:00-03:00,86472000,2024-04-02T13:30:00-03:00,2024-04-02T13:30:00-03:00,0.0,2.37,True
2024-04-02T15:00:00-03:00,86472000,2024-04-02T14:30:00-03:00,2024-04-02T14:30:00-03:00,0.0,2.47,True
2024-04-02T16:00:00-03:00,86472000,2024-04-02T15:30:00-03:00,2024-04-02T15:30:00-03:00,0.0,2.8,True
2024-04-02T17:00:00-03:00,86472000,2024-04-02T16:30:00-03:00,2024-04-02T16:30:00-03:00,0.0,3.0,True
2024-04-02T18:00:00-03:00,86472000,2024-04-02T17:30:00-03:00,2024-04-02T17:30:00-03:00,0.0,3.11,True
2024-04-02T19:00:00-03:00,86472000,2024-04-02T18:30:00-03:00,2024-04-02T18:30:00-03:00,0.0,3.16,True
2024-04-02T20:00:00-03:00,86472000,2024-04-02T19:30:00-03:00,2024-04-02T19:30:00-03:00,0.0,3.34,True
2024-04-02T21:00:00-03:00,86472000,2024-04-02T20:30:00-03:00,2024-04-02T20:30:00-03:00,0.0,3.96,True
2024-04-02T22:00:00-03:00,86472000,2024-04-02T21:30:00-03:00,2024-04-02T21:30:00-03:00,0.0,3.76,True
2024-04-02T23:00:00-03:00,86472000,2024-04-02T22:30:00-03:00,2024-04-02T22:30:00-03:00,0.0,3.44,True
2024-04-03T00:00:00-03:00,86472000,2024-04-02T23:30:00-03:00,2024-04-02T23:30:00-03:00,0.0,3.18,True
2024-04-03T01:00:00-03:00,86472000,2024-04-03T00:30:00-03:00,2024-04-03T00:30:00-03:00,0.0,2.87,True
2024-04-03T02:00:00-03:00,86472000,2024-04-03T01:30:00-03:00,2024-04-03T01:30:00-03:00,0.0,2.65,True
2024-04-03T03:00:00-03:00,86472000,2024-04-03T02:30:00-03:00,2024-04-03T02:30:00-03:00,0.0,2.52,True
2024-04-03T04:00:00-03:00,86472000,2024-04-03T03:30:00-03:00,2024-04-03T03:30:00-03:00,0.0,2.45,True
2024-04-03T05:00:00-03:00,86472000,2024-04-03T04:30:00-03:00,2024-04-03T04:30:00-03:00,0.0,2.4,True
2024-04-03T06:00:00-03:00,86472000,2024-04-03T05:30:00-03:00,2024-04-03T05:30:00-03:00,0.0,2.38,True
2024-04-03T07:00:00-03:00,86472000,2024-04-03T06:30:00-03:00,2024-04-03T06:30:00-03:00,0.0,2.36,True
2024-04-03T08:00:00-03:00,86472000,2024-04-03T07:30:00-03:00,2024-04-03T07:30:00-03:00,0.0,2.36,True
2024-04-03T09:00:00-03:00,86472000,2024-04-03T08:30:00-03:00,2024-04-03T08:30:00-03:00,0.0,2.36,True
2024-04-03T10:00:00-03:00,86472000,2024-04-03T09:30:00-03:00,2024-04-03T09:30:00-03:00,0.0,2.35,True
2024-04-03T11:00:00-03:00,86472000,2024-04-03T10:30:00-03:00,2024-04-03T10:30:00-03:00,0.0,2.35,True
2024-04-03T12:00:00-03:00,86472000,2024-04-03T11:30:00-03:00,2024-04-03T11:30:00-03:00,0.0,2.35,True
2024-04-03T13:00:00-03:00,86472000,2024-04-03T12:30:00-03:00,2024-04-03T12:30:00-03:00,0.0,2.35,True
2024-04-03T14:00:00-03:00,86472000,2024-04-03T13:30:00-03:00,2024-04-03T13:30:00-03:00,0.0,2.35,True
2024-04-03T15:00:00-03:00,86472000,2024-04-03T14:30:00-03:00,2024-04-03T14:30:00-03:00,0.0,2.35,True
2024-04-03T16:00:00-03:00,86472000,2024-04-03T15:30:00-03:00,2024-04-03T15:30:00-03:00,0.0,2.36,True
2024-04-03T17:00:00-03:00,86472000,2024-04-03T16:30:00-03:00,2024-04-03T16:30:00-03:00,0.0,2.35,True
2024-04-03T18:00:00-03:00,86472000,2024-04-03T17:30:00-03:00,2024-04-03T17:30:00-03:00,0.0,2.36,True
2024-04-03T19:00:00-03:00,86472000,2024-04-03T18:30:00-03:00,2024-04-03T18:30:00-03:00,0.0,2.54,True
2024-04-03T20:00:00-03:00,86472000,2024-04-03T19:30:00-03:00,2024-04-03T19:30:00-03:00,0.0,2.98,True
2024-04-03T21:00:00-03:00,86472000,2024-04-03T20:30:00-03:00,2024-04-03T20:30:00-03:00,0.0,3.18,True
2024-04-03T22:00:00-03:00,86472000,2024-04-03T21:30:00-03:00,2024-04-03T21:30:00-03:00,0.0,3.24,True
2024-04-03T23:00:00-03:00,86472000,2024-04-03T22:30:00-03:00,2024-04-03T22:30:00-03:00,0.0,3.27,True
2024-04-04T00:00:00-03:00,86472000,2024-04-03T23:30:00-03:00,2024-04-03T23:30:00-03:00,0.0,3.32,True
2024-04-04T01:00:00-03:00,86472000,2024-04-04T00:30:00-03:00,2024-04-04T00:30:00-03:00,0.0,3.36,True
2024-04-04T02:00:00-03:00,86472000,2024-04-04T01:30:00-03:00,2024-04-04T01:30:00-03:00,0.0,3.26,True
2024-04-04T03:00:00-03:00,86472000,2024-04-04T02:30:00-03:00,2024-04-04T02:30:00-03:00,0.0,2.91,True
2024-04-04T04:00:00-03:00,86472000,2024-04-04T03:30:00-03:00,2024-04-04T03:30:00-03:00,0.0,2.67,True
2024-04-04T05:00:00-03:00,86472000,2024-04-04T04:30:00-03:00,2024-04-04T04:30:00-03:00,0.0,2.53,True
2024-04-04T06:00:00-03:00,86472000,2024-04-04T05:30:00-03:00,2024-04-04T05:30:00-03:00,0.0,2.45,True
2024-04-04T07:00:00-03:00,86472000,2024-04-04T06:30:00-03:00,2024-04-04T06:30:00-03:00,0.0,2.41,True
2024-04-04T08:00:00-03:00,86472000,2024-04-04T07:30:00-03:00,2024-04-04T07:30:00-03:00,0.0,2.38,True
2024-04-04T09:00:00-03:00,86472000,2024-04-04T08:30:00-03:00,2024-04-04T08:30:00-03:00,0.0,2.36,True
2024-04-04T10:00:00-03:00,86472000,2024-04-04T09:30:00-03:00,2024-04-04T09:30:00-03:00,0.0,2.36,True
2024-04-04T11:00:00-03:00,86472000,2024-04-04T10:30:00-03:00,2024-04-04T10:30:00-03:00,0.0,2.35,True
2024-04-04T12:00:00-03:00,86472000,2024-04-04T11:30:00-03:00,2024-04-04T11:30:00-03:00,0.0,2.35,True
2024-04-04T13:00:00-03:00,86472000,2024-04-04T12:30:00-03:00,2024-04-04T12:30:00-03:00,0.0,2.35,True
2024-04-04T14:00:00-03:00,86472000,2024-04-04T13:30:00-03:00,2024-04-04T13:30:00-03:00,0.0,2.35,True
2024-04-04T15:00:00-03:00,86472000,2024-04-04T14:30:00-03:00,2024-04-04T14:30:00-03:00,0.0,2.35,True
2024-04-04T16:00:00-03:00,86472000,2024-04-04T15:30:00-03:00,2024-04-04T15:30:00-03:00,0.0,2.36,True
2024-04-04T17:00:00-03:00,86472000,2024-04-04T16:30:00-03:00,2024-04-04T16:30:00-03:00,0.0,2.35,True
2024-04-04T18:00:00-03:00,86472000,2024-04-04T17:30:00-03:00,2024-04-04T17:30:00-03:00,0.0,2.35,True
2024-04-04T19:00:00-03:00,86472000,2024-04-04T18:30:00-03:00,2024-04-04T18:30:00-03:00,0.0,2.47,True
2024-04-04T20:00:00-03:00,86472000,2024-04-04T19:30:00-03:00,2024-04-04T19:30:00-03:00,0.0,2.81,True
2024-04-04T21:00:00-03:00,86472000,2024-04-04T20:30:00-03:00,2024-04-04T20:30:00-03:00,0.0,2.98,True
2024-04-04T22:00:00-03:00,86472000,2024-04-04T21:30:00-03:00,2024-04-04T21:30:00-03:00,0.0,3.04,True
2024-04-04T23:00:00-03:00,86472000,2024-04-04T22:30:00-03:00,2024-04-04T22:30:00-03:00,0.0,3.08,True
2024-04-05T00:00:00-03:00,86472000,2024-04-04T23:30:00-03:00,2024-04-04T23:30:00-03:00,0.0,3.12,True
2024-04-05T01:00:00-03:00,86472000,2024-04-05T00:30:00-03:00,2024-04-05T00:30:00-03:00,0.0,3.13,True
2024-04-05T02:00:00-03:00,86472000,2024-04-05T01:30:00-03:00,2024-04-05T01:30:00-03:00,0.0,3.02,True
2024-04-05T03:00:00-03:00,86472000,2024-04-05T02:30:00-03:00,2024-04-05T02:30:00-03:00,0.0,2.76,True
2024-04-05T04:00:00-03:00,86472000,2024-04-05T03:30:00-03:00,2024-04-05T03:30:00-03:00,0.0,2.59,True
2024-04-05T05:00:00-03:00,86472000,2024-04-05T04:30:00-03:00,2024-04-05T04:30:00-03:00,0.0,2.49,True
2024-04-05T06:00:00-03:00,86472000,2024-04-05T05:30:00-03:00,2024-04-05T05:30:00-03:00,0.0,2.43,True
2024-04-05T07:00:00-03:00,86472000,2024-04-05T06:30:00-03:00,2024-04-05T06:30:00-03:00,0.0,2.39,True
2024-04-05T08:00:00-03:00,86472000,2024-04-05T07:30:00-03:00,2024-04-05T07:30:00-03:00,0.0,2.37,True
2024-04-05T09:00:00-03:00,86472000,2024-04-05T08:30:00-03:00,2024-04-05T08:30:00-03:00,0.0,2.36,True
2024-04-05T10:00:00-03:00,86472000,2024-04-05T09:30:00-03:00,2024-04-05T09:30:00-03:00,0.0,2.36,True
2024-04-05T11:00:00-03:00,86472000,2024-04-05T10:30:00-03:00,2024-04-05T10:30:00-03:00,0.0,2.35,True
2024-04-05T12:00:00-03:00,86472000,2024-04-05T11:30:00-03:00,2024-04-05T11:30:00-03:00,0.0,2.35,True
2024-04-05T13:00:00-03:00,86472000,2024-04-05T12:30:00-03:00,2024-04-05T12:30:00-03:00,0.0,2.35,True
2024-04-05T14:00:00-03:00,86472000,2024-04-05T13:30:00-03:00,2024-04-05T13:30:00-03:00,0.0,2.35,True
2024-04-05T15:00:00-03:00,86472000,2024-04-05T14:30:00-03:00,2024-04-05T14:30:00-03:00,0.0,2.36,True
2024-04-05T16:00:00-03:00,86472000,2024-04-05T15:30:00-03:00,2024-04-05T15:30:00-03:00,0.0,2.36,True
2024-04-05T17:00:00-03:00,86472000,2024-04-05T16:30:00-03:00,2024-04-05T16:30:00-03:00,0.0,2.36,True
2024-04-05T18:00:00-03:00,86472000,2024-04-05T17:30:00-03:00,2024-04-05T17:30:00-03:00,0.0,2.36,True
2024-04-05T19:00:00-03:00,86472000,2024-04-05T18:30:00-03:00,2024-04-05T18:30:00-03:00,0.0,2.45,True
2024-04-05T20:00:00-03:00,86472000,2024-04-05T19:30:00-03:00,2024-04-05T19:30:00-03:00,0.0,2.74,True
2024-04-05T21:00:00-03:00,86472000,2024-04-05T20:30:00-03:00,2024-04-05T20:30:00-03:00,0.0,2.96,True
2024-04-05T22:00:00-03:00,86472000,2024-04-05T21:30:00-03:00,2024-04-05T21:30:00-03:00,0.0,3.05,True
2024-04-05T23:00:00-03:00,86472000,2024-04-05T22:30:00-03:00,2024-04-05T22:30:00-03:00,0.0,3.08,True
2024-04-06T00:00:00-03:00,86472000,2024-04-05T23:30:00-03:00,2024-04-05T23:30:00-03:00,0.0,3.09,True
2024-04-06T01:00:00-03:00,86472000,2024-04-06T00:30:00-03:00,2024-04-06T00:30:00-03:00,0.0,3.1,True
2024-04-06T02:00:00-03:00,86472000,2024-04-06T01:30:00-03:00,2024-04-06T01:30:00-03:00,0.0,2.94,True
2024-04-06T03:00:00-03:00,86472000,2024-04-06T02:30:00-03:00,2024-04-06T02:30:00-03:00,0.0,2.71,True
2024-04-06T04:00:00-03:00,86472000,2024-04-06T03:30:00-03:00,2024-04-06T03:30:00-03:00,0.0,2.56,True
2024-04-06T05:00:00-03:00,86472000,2024-04-06T04:30:00-03:00,2024-04-06T04:30:00-03:00,0.0,2.47,True
2024-04-06T06:00:00-03:00,86472000,2024-04-06T05:30:00-03:00,2024-04-06T05:30:00-03:00,0.0,2.42,True
2024-04-06T07:00:00-03:00,86472000,2024-04-06T06:30:00-03:00,2024-04-06T06:30:00-03:00,0.0,2.39,True
2024-04-06T08:00:00-03:00,86472000,2024-04-06T07:30:00-03:00,2024-04-06T07:30:00-03:00,0.0,2.37,True
2024-04-06T09:00:00-03:00,86472000,2024-04-06T08:30:00-03:00,2024-04-06T08:30:00-03:00,0.0,2.36,True
2024-04-06T10:00:00-03:00,86472000,2024-04-06T09:30:00-03:00,2024-04-06T09:30:00-03:00,0.0,2.35,True
2024-04-06T11:00:00-03:00,86472000,2024-04-06T10:30:00-03:00,2024-04-06T10:30:00-03:00,0.0,2.35,True
2024-04-06T12:00:00-03:00,86472000,2024-04-06T11:30:00-03:00,2024-04-06T11:30:00-03:00,0.0,2.35,True
2024-04-06T13:00:00-03:00,86472000,2024-04-06T12:30:00-03:00,2024-04-06T12:30:00-03:00,0.0,2.36,True
2024-04-06T14:00:00-03:00,86472000,2024-04-06T13:30:00-03:00,2024-04-06T13:30:00-03:00,0.0,2.36,True
2024-04-06T15:00:00-03:00,86472000,2024-04-06T14:30:00-03:00,2024-04-06T14:30:00-03:00,0.0,2.36,True
2024-04-06T16:00:00-03:00,86472000,2024-04-06T15:30:00-03:00,2024-04-06T15:30:00-03:00,0.0,2.35,True
2024-04-06T17:00:00-03:00,86472000,2024-04-06T16:30:00-03:00,2024-04-06T16:30:00-03:00,0.0,2.35,True
2024-04-06T18:00:00-03:00,86472000,2024-04-06T17:30:00-03:00,2024-04-06T17:30:00-03:00,0.0,2.35,True
2024-04-06T19:00:00-03:00,86472000,2024-04-06T18:30:00-03:00,2024-04-06T18:30:00-03:00,0.0,2.35,True
2024-04-06T20:00:00-03:00,86472000,2024-04-06T19:30:00-03:00,2024-04-06T19:30:00-03:00,0.0,2.35,True
2024-04-06T21:00:00-03:00,86472000,2024-04-06T20:30:00-03:00,2024-04-06T20:30:00-03:00,0.0,2.35,True
2024-04-06T22:00:00-03:00,86472000,2024-04-06T21:30:00-03:00,2024-04-06T21:30:00-03:00,0.0,2.35,True
2024-04-06T23:00:00-03:00,86472000,2024-04-06T22:30:00-03:00,2024-04-06T22:30:00-03:00,0.0,2.35,True
2024-04-07T00:00:00-03:00,86472000,2024-04-06T23:30:00-03:00,2024-04-06T23:30:00-03:00,0.0,2.35,True
2024-04-07T01:00:00-03:00,86472000,2024-04-07T00:30:00-03:00,2024-04-07T00:30:00-03:00,0.0,2.35,True
2024-04-07T02:00:00-03:00,86472000,2024-04-07T01:30:00-03:00,2024-04-07T01:30:00-03:00,0.0,2.35,True
2024-04-07T03:00:00-03:00,86472000,2024-04-07T02:30:00-03:00,2024-04-07T02:30:00-03:00,0.0,2.35,True
2024-04-07T04:00:00-03:00,86472000,2024-04-07T03:30:00-03:00,2024-04-07T03:30:00-03:00,0.0,2.35,True
2024-04-07T05:00:00-03:00,86472000,2024-04-07T04:30:00-03:00,2024-04-07T04:30:00-03:00,0.0,2.35,True
2024-04-07T06:00:00-03:00,86472000,2024-04-07T05:30:00-03:00,2024-04-07T05:30:00-03:00,0.0,2.35,True
2024-04-07T07:00:00-03:00,86472000,2024-04-07T06:30:00-03:00,2024-04-07T06:30:00-03:00,0.0,2.36,True
2024-04-07T08:00:00-03:00,86472000,2024-04-07T07:30:00-03:00,2024-04-07T07:30:00-03:00,0.0,2.38,True
2024-04-07T09:00:00-03:00,86472000,2024-04-07T08:30:00-03:00,2024-04-07T08:30:00-03:00,0.0,2.39,True
2024-04-07T10:00:00-03:00,86472000,2024-04-07T09:30:00-03:00,2024-04-07T09:30:00-03:00,0.0,2.38,True
2024-04-07T11:00:00-03:00,86472000,2024-04-07T10:30:00-03:00,2024-04-07T10:30:00-03:00,0.0,2.38,True
2024-04-07T12:00:00-03:00,86472000,2024-04-07T11:30:00-03:00,2024-04-07T11:30:00-03:00,0.0,2.38,True
2024-04-07T13:00:00-03:00,86472000,2024-04-07T12:30:00-03:00,2024-04-07T12:30:00-03:00,0.0,2.37,True
2024-04-07T14:00:00-03:00,86472000,2024-04-07T13:30:00-03:00,2024-04-07T13:30:00-03:00,0.0,2.38,True
2024-04-07T15:00:00-03:00,86472000,2024-04-07T14:30:00-03:00,2024-04-07T14:30:00-03:00,0.0,2.39,True
2024-04-07T16:00:00-03:00,86472000,2024-04-07T15:30:00-03:00,2024-04-07T15:30:00-03:00,0.0,2.41,True
2024-04-07T17:00:00-03:00,86472000,2024-04-07T16:30:00-03:00,2024-04-07T16:30:00-03:00,0.0,2.43,True
2024-04-07T18:00:00-03:00,86472000,2024-04-07T17:30:00-03:00,2024-04-07T17:30:00-03:00,0.0,2.69,True
2024-04-07T19:00:00-03:00,86472000,2024-04-07T18:30:00-03:00,2024-04-07T18:30:00-03:00,0.0,2.96,True
2024-04-07T20:00:00-03:00,86472000,2024-04-07T19:30:00-03:00,2024-04-07T19:30:00-03:00,0.0,3.07,True
2024-04-07T21:00:00-03:00,86472000,2024-04-07T20:30:00-03:00,2024-04-07T20:30:00-03:00,0.0,3.12,True
2024-04-07T22:00:00-03:00,86472000,2024-04-07T21:30:00-03:00,2024-04-07T21:30:00-03:00,0.0,3.14,True
2024-04-07T23:00:00-03:00,86472000,2024-04-07T22:30:00-03:00,2024-04-07T22:30:00-03:00,0.0,3.15,True
2024-04-08T00:00:00-03:00,86472000,2024-04-07T23:30:00-03:00,2024-04-07T23:30:00-03:00,0.0,3.16,True
2024-04-08T01:00:00-03:00,86472000,2024-04-08T00:30:00-03:00,2024-04-08T00:30:00-03:00,0.0,3.17,True
2024-04-08T02:00:00-03:00,86472000,2024-04-08T01:30:00-03:00,2024-04-08T01:30:00-03:00,0.0,3.18,True
2024-04-08T03:00:00-03:00,86472000,2024-04-08T02:30:00-03:00,2024-04-08T02:30:00-03:00,0.0,3.18,True
2024-04-08T04:00:00-03:00,86472000,2024-04-08T03:30:00-03:00,2024-04-08T03:30:00-03:00,0.0,3.19,True
2024-04-08T05:00:00-03:00,86472000,2024-04-08T04:30:00-03:00,2024-04-08T04:30:00-03:00,0.0,3.18,True
2024-04-08T06:00:00-03:00,86472000,2024-04-08T05:30:00-03:00,2024-04-08T05:30:00-03:00,0.0,3.16,True
2024-04-08T07:00:00-03:00,86472000,2024-04-08T06:30:00-03:00,2024-04-08T06:30:00-03:00,0.0,3.1,True
2024-04-08T08:00:00-03:00,86472000,2024-04-08T07:30:00-03:00,2024-04-08T07:30:00-03:00,0.0,3.07,True
2024-04-08T09:00:00-03:00,86472000,2024-04-08T08:30:00-03:00,2024-04-08T08:30:00-03:00,0.0,3.03,True
2024-04-08T10:00:00-03:00,86472000,2024-04-08T09:30:00-03:00,2024-04-08T09:30:00-03:00,0.0,3.02,True
2024-04-08T11:00:00-03:00,86472000,2024-04-08T10:30:00-03:00,2024-04-08T10:30:00-03:00,0.0,3.01,True
2024-04-08T12:00:00-03:00,86472000,2024-04-08T11:30:00-03:00,2024-04-08T11:30:00-03:00,0.0,3.0,True
2024-04-08T13:00:00-03:00,86472000,2024-04-08T12:30:00-03:00,2024-04-08T12:30:00-03:00,0.0,3.0,True
2024-04-08T14:00:00-03:00,86472000,2024-04-08T13:30:00-03:00,2024-04-08T13:30:00-03:00,0.0,2.99,True
2024-04-08T15:00:00-03:00,86472000,2024-04-08T14:30:00-03:00,2024-04-08T14:30:00-03:00,0.0,2.99,True
2024-04-08T16:00:00-03:00,86472000,2024-04-08T15:30:00-03:00,2024-04-08T15:30:00-03:00,0.0,3.0,True
2024-04-08T17:00:00-03:00,86472000,2024-04-08T16:30:00-03:00,2024-04-08T16:30:00-03:00,0.0,2.99,True
2024-04-08T18:00:00-03:00,86472000,2024-04-08T17:30:00-03:00,2024-04-08T17:30:00-03:00,0.0,2.99,True
2024-04-08T19:00:00-03:00,86472000,2024-04-08T18:30:00-03:00,2024-04-08T18:30:00-03:00,0.0,2.99,True
2024-04-08T20:00:00-03:00,86472000,2024-04-08T19:30:00-03:00,2024-04-08T19:30:00-03:00,0.0,2.99,True
2024-04-08T21:00:00-03:00,86472000,2024-04-08T20:30:00-03:00,2024-04-08T20:30:00-03:00,0.0,2.99,True
2024-04-08T22:00:00-03:00,86472000,2024-04-08T21:30:00-03:00,2024-04-08T21:30:00-03:00,0.0,2.99,True
2024-04-08T23:00:00-03:00,86472000,2024-04-08T22:30:00-03:00,2024-04-08T22:30:00-03:00,0.0,2.99,True
2024-04-09T00:00:00-03:00,86472000,2024-04-08T23:30:00-03:00,2024-04-08T23:30:00-03:00,0.0,2.99,True
2024-04-09T01:00:00-03:00,86472000,2024-04-09T00:30:00-03:00,2024-04-09T00:30:00-03:00,0.0,2.99,True
2024-04-09T02:00:00-03:00,86472000,2024-04-09T01:30:00-03:00,2024-04-09T01:30:00-03:00,0.0,3.0,True
2024-04-09T03:00:00-03:00,86472000,2024-04-09T02:30:00-03:00,2024-04-09T02:30:00-03:00,0.0,3.0,True
2024-04-09T04:00:00-03:00,86472000,2024-04-09T03:30:00-03:00,2024-04-09T03:30:00-03:00,0.0,3.0,True
2024-04-09T05:00:00-03:00,86472000,2024-04-09T04:30:00-03:00,2024-04-09T04:30:00-03:00,0.0,3.0,True
2024-04-09T06:00:00-03:00,86472000,2024-04-09T05:30:00-03:00,2024-04-09T05:30:00-03:00,0.0,3.0,True
2024-04-09T07:00:00-03:00,86472000,2024-04-09T06:30:00-03:00,2024-04-09T06:30:00-03:00,0.0,3.0,True
2024-04-09T08:00:00-03:00,86472000,2024-04-09T07:30:00-03:00,2024-04-09T07:30:00-03:00,0.0,3.0,True
2024-04-09T09:00:00-03:00,86472000,2024-04-09T08:30:00-03:00,2024-04-09T08:30:00-03:00,0.0,3.0,True
2024-04-09T10:00:00-03:00,86472000,2024-04-09T09:30:00-03:00,2024-04-09T09:30:00-03:00,0.0,2.97,True
2024-04-09T11:00:00-03:00,86472000,2024-04-09T10:30:00-03:00,2024-04-09T10:30:00-03:00,0.0,2.93,True
2024-04-09T12:00:00-03:00,86472000,2024-04-09T11:30:00-03:00,2024-04-09T11:30:00-03:00,0.0,2.91,True
2024-04-09T13:00:00-03:00,86472000,2024-04-09T12:30:00-03:00,2024-04-09T12:30:00-03:00,0.0,2.9,True
2024-04-09T14:00:00-03:00,86472000,2024-04-09T13:30:00-03:00,2024-04-09T13:30:00-03:00,0.0,2.9,True
2024-04-09T15:00:00-03:00,86472000,2024-04-09T14:30:00-03:00,2024-04-09T14:30:00-03:00,0.0,2.9,True
2024-04-09T16:00:00-03:00,86472000,2024-04-09T15:30:00-03:00,2024-04-09T15:30:00-03:00,0.0,2.9,True
2024-04-09T17:00:00-03:00,86472000,2024-04-09T16:30:00-03:00,2024-04-09T16:30:00-03:00,0.0,2.94,True
2024-04-09T18:00:00-03:00,86472000,2024-04-09T17:30:00-03:00,2024-04-09T17:30:00-03:00,0.0,2.97,True
2024-04-09T19:00:00-03:00,86472000,2024-04-09T18:30:00-03:00,2024-04-09T18:30:00-03:00,0.0,2.99,True
2024-04-09T20:00:00-03:00,86472000,2024-04-09T19:30:00-03:00,2024-04-09T19:30:00-03:00,0.0,2.99,True
2024-04-09T21:00:00-03:00,86472000,2024-04-09T20:30:00-03:00,2024-04-09T20:30:00-03:00,0.0,2.99,True
2024-04-09T22:00:00-03:00,86472000,2024-04-09T21:30:00-03:00,2024-04-09T21:30:00-03:00,0.0,2.99,True
2024-04-09T23:00:00-03:00,86472000,2024-04-09T22:30:00-03:00,2024-04-09T22:30:00-03:00,0.0,2.99,True
2024-04-10T00:00:00-03:00,86472000,2024-04-09T23:30:00-03:00,2024-04-09T23:30:00-03:00,0.0,2.99,True
2024-04-10T01:00:00-03:00,86472000,2024-04-10T00:30:00-03:00,2024-04-10T00:30:00-03:00,0.0,2.99,True
2024-04-10T02:00:00-03:00,86472000,2024-04-10T01:30:00-03:00,2024-04-10T01:30:00-03:00,0.0,2.99,True
2024-04-10T03:00:00-03:00,86472000,2024-04-10T02:30:00-03:00,2024-04-10T02:30:00-03:00,0.0,2.99,True
2024-04-10T04:00:00-03:00,86472000,2024-04-10T03:30:00-03:00,2024-04-10T03:30:00-03:00,0.0,3.0,True
2024-04-10T05:00:00-03:00,86472000,2024-04-10T04:30:00-03:00,2024-04-10T04:30:00-03:00,0.0,2.96,True
2024-04-10T06:00:00-03:00,86472000,2024-04-10T05:30:00-03:00,2024-04-10T05:30:00-03:00,0.0,2.76,True
2024-04-10T07:00:00-03:00,86472000,2024-04-10T06:30:00-03:00,2024-04-10T06:30:00-03:00,0.0,2.6,True
2024-04-10T08:00:00-03:00,86472000,2024-04-10T07:30:00-03:00,2024-04-10T07:30:00-03:00,0.0,2.5,True
2024-04-10T09:00:00-03:00,86472000,2024-04-10T08:30:00-03:00,2024-04-10T08:30:00-03:00,0.0,2.44,True
2024-04-10T10:00:00-03:00,86472000,2024-04-10T09:30:00-03:00,2024-04-10T09:30:00-03:00,0.0,2.4,True
2024-04-10T11:00:00-03:00,86472000,2024-04-10T10:30:00-03:00,2024-04-10T10:30:00-03:00,0.0,2.38,True
2024-04-10T12:00:00-03:00,86472000,2024-04-10T11:30:00-03:00,2024-04-10T11:30:00-03:00,0.0,2.38,True
2024-04-10T13:00:00-03:00,86472000,2024-04-10T12:30:00-03:00,2024-04-10T12:30:00-03:00,0.0,2.37,True
2024-04-10T14:00:00-03:00,86472000,2024-04-10T13:30:00-03:00,2024-04-10T13:30:00-03:00,0.0,2.37,True
2024-04-10T15:00:00-03:00,86472000,2024-04-10T14:30:00-03:00,2024-04-10T14:30:00-03:00,0.0,2.57,True
2024-04-10T16:00:00-03:00,86472000,2024-04-10T15:30:00-03:00,2024-04-10T15:30:00-03:00,0.0,3.1,True
2024-04-10T17:00:00-03:00,86472000,2024-04-10T16:30:00-03:00,2024-04-10T16:30:00-03:00,0.0,3.37,True
2024-04-10T18:00:00-03:00,86472000,2024-04-10T17:30:00-03:00,2024-04-10T17:30:00-03:00,0.0,3.46,True
2024-04-10T19:00:00-03:00,86472000,2024-04-10T18:30:00-03:00,2024-04-10T18:30:00-03:00,0.0,3.48,True
2024-04-10T20:00:00-03:00,86472000,2024-04-10T19:30:00-03:00,2024-04-10T19:30:00-03:00,0.0,3.48,True
2024-04-10T21:00:00-03:00,86472000,2024-04-10T20:30:00-03:00,2024-04-10T20:30:00-03:00,0.0,3.47,True
2024-04-10T22:00:00-03:00,86472000,2024-04-10T21:30:00-03:00,2024-04-10T21:30:00-03:00,0.0,3.48,True
2024-04-10T23:00:00-03:00,86472000,2024-04-10T22:30:00-03:00,2024-04-10T22:30:00-03:00,0.0,3.49,True
2024-04-11T00:00:00-03:00,86472000,2024-04-10T23:30:00-03:00,2024-04-10T23:30:00-03:00,0.0,3.5,True
2024-04-11T01:00:00-03:00,86472000,2024-04-11T00:30:00-03:00,2024-04-11T00:30:00-03:00,0.0,3.51,True
2024-04-11T02:00:00-03:00,86472000,2024-04-11T01:30:00-03:00,2024-04-11T01:30:00-03:00,0.0,3.32,True
2024-04-11T03:00:00-03:00,86472000,2024-04-11T02:30:00-03:00,2024-04-11T02:30:00-03:00,0.0,2.93,True
2024-04-11T04:00:00-03:00,86472000,2024-04-11T03:30:00-03:00,2024-04-11T03:30:00-03:00,0.0,2.68,True
2024-04-11T05:00:00-03:00,86472000,2024-04-11T04:30:00-03:00,2024-04-11T04:30:00-03:00,0.0,2.54,True
2024-04-11T06:00:00-03:00,86472000,2024-04-11T05:30:00-03:00,2024-04-11T05:30:00-03:00,0.0,2.47,True
2024-04-11T07:00:00-03:00,86472000,2024-04-11T06:30:00-03:00,2024-04-11T06:30:00-03:00,0.0,2.43,True
2024-04-11T08:00:00-03:00,86472000,2024-04-11T07:30:00-03:00,2024-04-11T07:30:00-03:00,0.0,2.4,True
2024-04-11T09:00:00-03:00,86472000,2024-04-11T08:30:00-03:00,2024-04-11T08:30:00-03:00,0.0,2.38,True
2024-04-11T10:00:00-03:00,86472000,2024-04-11T09:30:00-03:00,2024-04-11T09:30:00-03:00,0.0,2.37,True
2024-04-11T11:00:00-03:00,86472000,2024-04-11T10:30:00-03:00,2024-04-11T10:30:00-03:00,0.0,2.37,True
2024-04-11T12:00:00-03:00,86472000,2024-04-11T11:30:00-03:00,2024-04-11T11:30:00-03:00,0.0,2.37,True
2024-04-11T13:00:00-03:00,86472000,2024-04-11T12:30:00-03:00,2024-04-11T12:30:00-03:00,0.0,2.37,True
2024-04-11T14:00:00-03:00,86472000,2024-04-11T13:30:00-03:00,2024-04-11T13:30:00-03:00,0.0,2.37,True
2024-04-11T15:00:00-03:00,86472000,2024-04-11T14:30:00-03:00,2024-04-11T14:30:00-03:00,0.0,2.43,True
2024-04-11T16:00:00-03:00,86472000,2024-04-11T15:30:00-03:00,2024-04-11T15:30:00-03:00,0.0,2.65,True
2024-04-11T17:00:00-03:00,86472000,2024-04-11T16:30:00-03:00,2024-04-11T16:30:00-03:00,0.0,2.81,True
2024-04-11T18:00:00-03:00,86472000,2024-04-11T17:30:00-03:00,2024-04-11T17:30:00-03:00,0.0,2.88,True
2024-04-11T19:00:00-03:00,86472000,2024-04-11T18:30:00-03:00,2024-04-11T18:30:00-03:00,0.0,2.89,True
2024-04-11T20:00:00-03:00,86472000,2024-04-11T19:30:00-03:00,2024-04-11T19:30:00-03:00,0.0,2.91,True
2024-04-11T21:00:00-03:00,86472000,2024-04-11T20:30:00-03:00,2024-04-11T20:30:00-03:00,0.0,2.91,True
2024-04-11T22:00:00-03:00,86472000,2024-04-11T21:30:00-03:00,2024-04-11T21:30:00-03:00,0.0,2.91,True
2024-04-11T23:00:00-03:00,86472000,2024-04-11T22:30:00-03:00,2024-04-11T22:30:00-03:00,0.0,2.91,True
2024-04-12T00:00:00-03:00,86472000,2024-04-11T23:30:00-03:00,2024-04-11T23:30:00-03:00,0.0,2.91,True
2024-04-12T01:00:00-03:00,86472000,2024-04-12T00:30:00-03:00,2024-04-12T00:30:00-03:00,0.0,2.91,True
2024-04-12T02:00:00-03:00,86472000,2024-04-12T01:30:00-03:00,2024-04-12T01:30:00-03:00,0.0,2.83,True
2024-04-12T03:00:00-03:00,86472000,2024-04-12T02:30:00-03:00,2024-04-12T02:30:00-03:00,0.0,2.66,True
2024-04-12T04:00:00-03:00,86472000,2024-04-12T03:30:00-03:00,2024-04-12T03:30:00-03:00,0.0,2.54,True
2024-04-12T05:00:00-03:00,86472000,2024-04-12T04:30:00-03:00,2024-04-12T04:30:00-03:00,0.0,2.47,True
2024-04-12T06:00:00-03:00,86472000,2024-04-12T05:30:00-03:00,2024-04-12T05:30:00-03:00,0.0,2.43,True
2024-04-12T07:00:00-03:00,86472000,2024-04-12T06:30:00-03:00,2024-04-12T06:30:00-03:00,0.0,2.4,True
2024-04-12T08:00:00-03:00,86472000,2024-04-12T07:30:00-03:00,2024-04-12T07:30:00-03:00,0.0,2.39,True
2024-04-12T09:00:00-03:00,86472000,2024-04-12T08:30:00-03:00,2024-04-12T08:30:00-03:00,0.0,2.37,True
2024-04-12T10:00:00-03:00,86472000,2024-04-12T09:30:00-03:00,2024-04-12T09:30:00-03:00,0.0,2.37,True
2024-04-12T11:00:00-03:00,86472000,2024-04-12T10:30:00-03:00,2024-04-12T10:30:00-03:00,0.0,2.37,True
2024-04-12T12:00:00-03:00,86472000,2024-04-12T11:30:00-03:00,2024-04-12T11:30:00-03:00,0.0,2.37,True
2024-04-12T13:00:00-03:00,86472000,2024-04-12T12:30:00-03:00,2024-04-12T12:30:00-03:00,0.0,2.37,True
2024-04-12T14:00:00-03:00,86472000,2024-04-12T13:30:00-03:00,2024-04-12T13:30:00-03:00,0.0,2.37,True
2024-04-12T15:00:00-03:00,86472000,2024-04-12T14:30:00-03:00,2024-04-12T14:30:00-03:00,0.0,2.37,True
2024-04-12T16:00:00-03:00,86472000,2024-04-12T15:30:00-03:00,2024-04-12T15:30:00-03:00,0.0,2.37,True
2024-04-12T17:00:00-03:00,86472000,2024-04-12T16:30:00-03:00,2024-04-12T16:30:00-03:00,0.0,2.37,True
2024-04-12T18:00:00-03:00,86472000,2024-04-12T17:30:00-03:00,2024-04-12T17:30:00-03:00,0.0,2.44,True
2024-04-12T19:00:00-03:00,86472000,2024-04-12T18:30:00-03:00,2024-04-12T18:30:00-03:00,0.0,2.66,True
2024-04-12T20:00:00-03:00,86472000,2024-04-12T19:30:00-03:00,2024-04-12T19:30:00-03:00,0.0,2.81,True
2024-04-12T21:00:00-03:00,86472000,2024-04-12T20:30:00-03:00,2024-04-12T20:30:00-03:00,0.0,2.89,True
2024-04-12T22:00:00-03:00,86472000,2024-04-12T21:30:00-03:00,2024-04-12T21:30:00-03:00,0.0,2.91,True
2024-04-12T23:00:00-03:00,86472000,2024-04-12T22:30:00-03:00,2024-04-12T22:30:00-03:00,0.0,2.91,True
2024-04-13T00:00:00-03:00,86472000,2024-04-12T23:30:00-03:00,2024-04-12T23:30:00-03:00,0.0,2.92,True
2024-04-13T01:00:00-03:00,86472000,2024-04-13T00:30:00-03:00,2024-04-13T00:30:00-03:00,0.0,2.91,True
2024-04-13T02:00:00-03:00,86472000,2024-04-13T01:30:00-03:00,2024-04-13T01:30:00-03:00,0.0,2.87,True
2024-04-13T03:00:00-03:00,86472000,2024-04-13T02:30:00-03:00,2024-04-13T02:30:00-03:00,0.0,2.71,True
2024-04-13T04:00:00-03:00,86472000,2024-04-13T03:30:00-03:00,2024-04-13T03:30:00-03:00,0.0,2.57,True
2024-04-13T05:00:00-03:00,86472000,2024-04-13T04:30:00-03:00,2024-04-13T04:30:00-03:00,0.0,2.48,True
2024-04-13T06:00:00-03:00,86472000,2024-04-13T05:30:00-03:00,2024-04-13T05:30:00-03:00,0.0,2.43,True
2024-04-13T07:00:00-03:00,86472000,2024-04-13T06:30:00-03:00,2024-04-13T06:30:00-03:00,0.0,2.4,True
2024-04-13T08:00:00-03:00,86472000,2024-04-13T07:30:00-03:00,2024-04-13T07:30:00-03:00,0.0,2.38,True
2024-04-13T09:00:00-03:00,86472000,2024-04-13T08:30:00-03:00,2024-04-13T08:30:00-03:00,0.0,2.37,True
2024-04-13T10:00:00-03:00,86472000,2024-04-13T09:30:00-03:00,2024-04-13T09:30:00-03:00,0.0,2.37,True
2024-04-13T11:00:00-03:00,86472000,2024-04-13T10:30:00-03:00,2024-04-13T10:30:00-03:00,0.0,2.36,True
2024-04-13T12:00:00-03:00,86472000,2024-04-13T11:30:00-03:00,2024-04-13T11:30:00-03:00,0.0,2.36,True
2024-04-13T13:00:00-03:00,86472000,2024-04-13T12:30:00-03:00,2024-04-13T12:30:00-03:00,0.0,2.36,True
2024-04-13T14:00:00-03:00,86472000,2024-04-13T13:30:00-03:00,2024-04-13T13:30:00-03:00,0.0,2.36,True
2024-04-13T15:00:00-03:00,86472000,2024-04-13T14:30:00-03:00,2024-04-13T14:30:00-03:00,0.0,2.36,True
2024-04-13T16:00:00-03:00,86472000,2024-04-13T15:30:00-03:00,2024-04-13T15:30:00-03:00,0.0,2.36,True
2024-04-13T17:00:00-03:00,86472000,2024-04-13T16:30:00-03:00,2024-04-13T16:30:00-03:00,0.0,2.36,True
2024-04-13T18:00:00-03:00,86472000,2024-04-13T17:30:00-03:00,2024-04-13T17:30:00-03:00,0.0,2.36,True
2024-04-13T19:00:00-03:00,86472000,2024-04-13T18:30:00-03:00,2024-04-13T18:30:00-03:00,0.0,2.37,True
2024-04-13T20:00:00-03:00,86472000,2024-04-13T19:30:00-03:00,2024-04-13T19:30:00-03:00,0.0,2.37,True
2024-04-13T21:00:00-03:00,86472000,2024-04-13T20:30:00-03:00,2024-04-13T20:30:00-03:00,0.0,2.37,True
2024-04-13T22:00:00-03:00,86472000,2024-04-13T21:30:00-03:00,2024-04-13T21:30:00-03:00,0.0,2.37,True
2024-04-13T23:00:00-03:00,86472000,2024-04-13T22:30:00-03:00,2024-04-13T22:30:00-03:00,0.0,2.37,True
2024-04-14T00:00:00-03:00,86472000,2024-04-13T23:30:00-03:00,2024-04-13T23:30:00-03:00,0.0,2.37,True
2024-04-14T01:00:00-03:00,86472000,2024-04-14T00:30:00-03:00,2024-04-14T00:30:00-03:00,0.0,2.37,True
2024-04-14T02:00:00-03:00,86472000,2024-04-14T01:30:00-03:00,2024-04-14T01:30:00-03:00,0.0,2.37,True
2024-04-14T03:00:00-03:00,86472000,2024-04-14T02:30:00-03:00,2024-04-14T02:30:00-03:00,0.0,2.37,True
2024-04-14T04:00:00-03:00,86472000,2024-04-14T03:30:00-03:00,2024-04-14T03:30:00-03:00,0.0,2.37,True
2024-04-14T05:00:00-03:00,86472000,2024-04-14T04:30:00-03:00,2024-04-14T04:30:00-03:00,0.0,2.38,True
2024-04-14T06:00:00-03:00,86472000,2024-04-14T05:30:00-03:00,2024-04-14T05:30:00-03:00,0.0,2.43,True
2024-04-14T07:00:00-03:00,86472000,2024-04-14T06:30:00-03:00,2024-04-14T06:30:00-03:00,0.0,2.47,True
2024-04-14T08:00:00-03:00,86472000,2024-04-14T07:30:00-03:00,2024-04-14T07:30:00-03:00,0.0,2.49,True
2024-04-14T09:00:00-03:00,86472000,2024-04-14T08:30:00-03:00,2024-04-14T08:30:00-03:00,0.0,2.53,True
2024-04-14T10:00:00-03:00,86472000,2024-04-14T09:30:00-03:00,2024-04-14T09:30:00-03:00,0.0,2.86,True
2024-04-14T11:00:00-03:00,86472000,2024-04-14T10:30:00-03:00,2024-04-14T10:30:00-03:00,0.0,3.69,True
2024-04-14T12:00:00-03:00,86472000,2024-04-14T11:30:00-03:00,2024-04-14T11:30:00-03:00,0.0,5.51,True
2024-04-14T13:00:00-03:00,86472000,2024-04-14T12:30:00-03:00,2024-04-14T12:30:00-03:00,0.0,5.93,True
2024-04-14T14:00:00-03:00,86472000,2024-04-14T13:30:00-03:00,2024-04-14T13:30:00-03:00,0.0,6.16,True
2024-04-14T15:00:00-03:00,86472000,2024-04-14T14:30:00-03:00,2024-04-14T14:30:00-03:00,0.0,6.22,True
2024-04-14T16:00:00-03:00,86472000,2024-04-14T15:30:00-03:00,2024-04-14T15:30:00-03:00,0.0,6.07,True
2024-04-14T17:00:00-03:00,86472000,2024-04-14T16:30:00-03:00,2024-04-14T16:30:00-03:00,0.0,5.9,True
2024-04-14T18:00:00-03:00,86472000,2024-04-14T17:30:00-03:00,2024-04-14T17:30:00-03:00,0.0,5.76,True
2024-04-14T19:00:00-03:00,86472000,2024-04-14T18:30:00-03:00,2024-04-14T18:30:00-03:00,0.0,5.6,True
2024-04-14T20:00:00-03:00,86472000,2024-04-14T19:30:00-03:00,2024-04-14T19:30:00-03:00,0.0,5.48,True
2024-04-14T21:00:00-03:00,86472000,2024-04-14T20:30:00-03:00,2024-04-14T20:30:00-03:00,0.0,5.57,True
2024-04-14T22:00:00-03:00,86472000,2024-04-14T21:30:00-03:00,2024-04-14T21:30:00-03:00,0.0,5.53,True
2024-04-14T23:00:00-03:00,86472000,2024-04-14T22:30:00-03:00,2024-04-14T22:30:00-03:00,0.0,5.44,True
2024-04-15T00:00:00-03:00,86472000,2024-04-14T23:30:00-03:00,2024-04-14T23:30:00-03:00,0.0,5.37,True
2024-04-15T01:00:00-03:00,86472000,2024-04-15T00:30:00-03:00,2024-04-15T00:30:00-03:00,0.0,5.32,True
2024-04-15T02:00:00-03:00,86472000,2024-04-15T01:30:00-03:00,2024-04-15T01:30:00-03:00,0.0,5.25,True
2024-04-15T03:00:00-03:00,86472000,2024-04-15T02:30:00-03:00,2024-04-15T02:30:00-03:00,0.0,5.12,True
2024-04-15T04:00:00-03:00,86472000,2024-04-15T03:30:00-03:00,2024-04-15T03:30:00-03:00,0.0,4.83,True
2024-04-15T05:00:00-03:00,86472000,2024-04-15T04:30:00-03:00,2024-04-15T04:30:00-03:00,0.0,4.68,True
2024-04-15T06:00:00-03:00,86472000,2024-04-15T05:30:00-03:00,2024-04-15T05:30:00-03:00,0.0,4.6,True
2024-04-15T07:00:00-03:00,86472000,2024-04-15T06:30:00-03:00,2024-04-15T06:30:00-03:00,0.0,4.57,True
2024-04-15T08:00:00-03:00,86472000,2024-04-15T07:30:00-03:00,2024-04-15T07:30:00-03:00,0.0,4.53,True
2024-04-15T09:00:00-03:00,86472000,2024-04-15T08:30:00-03:00,2024-04-15T08:30:00-03:00,0.0,4.5,True
2024-04-15T10:00:00-03:00,86472000,2024-04-15T09:30:00-03:00,2024-04-15T09:30:00-03:00,0.0,4.59,True
2024-04-15T11:00:00-03:00,86472000,2024-04-15T10:30:00-03:00,2024-04-15T10:30:00-03:00,0.0,4.66,True
2024-04-15T12:00:00-03:00,86472000,2024-04-15T11:30:00-03:00,2024-04-15T11:30:00-03:00,0.0,4.73,True
2024-04-15T13:00:00-03:00,86472000,2024-04-15T12:30:00-03:00,2024-04-15T12:30:00-03:00,0.0,4.76,True
2024-04-15T14:00:00-03:00,86472000,2024-04-15T13:30:00-03:00,2024-04-15T13:30:00-03:00,0.0,4.75,True
2024-04-15T15:00:00-03:00,86472000,2024-04-15T14:30:00-03:00,2024-04-15T14:30:00-03:00,0.0,4.72,True
2024-04-15T16:00:00-03:00,86472000,2024-04-15T15:30:00-03:00,2024-04-15T15:30:00-03:00,0.0,4.7,True
2024-04-15T17:00:00-03:00,86472000,2024-04-15T16:30:00-03:00,2024-04-15T16:30:00-03:00,0.0,4.68,True
2024-04-15T18:00:00-03:00,86472000,2024-04-15T17:30:00-03:00,2024-04-15T17:30:00-03:00,0.0,4.66,True
2024-04-15T19:00:00-03:00,86472000,2024-04-15T18:30:00-03:00,2024-04-15T18:30:00-03:00,0.0,4.65,True
2024-04-15T20:00:00-03:00,86472000,2024-04-15T19:30:00-03:00,2024-04-15T19:30:00-03:00,0.0,4.64,True
2024-04-15T21:00:00-03:00,86472000,2024-04-15T20:30:00-03:00,2024-04-15T20:30:00-03:00,0.0,4.62,True
2024-04-15T22:00:00-03:00,86472000,2024-04-15T21:30:00-03:00,2024-04-15T21:30:00-03:00,0.0,4.61,True
2024-04-15T23:00:00-03:00,86472000,2024-04-15T22:30:00-03:00,2024-04-15T22:30:00-03:00,0.0,4.59,True
2024-04-16T00:00:00-03:00,86472000,2024-04-15T23:30:00-03:00,2024-04-15T23:30:00-03:00,0.0,4.58,True
2024-04-16T01:00:00-03:00,86472000,2024-04-16T00:30:00-03:00,2024-04-16T00:30:00-03:00,0.0,4.55,True
2024-04-16T02:00:00-03:00,86472000,2024-04-16T01:30:00-03:00,2024-04-16T01:30:00-03:00,0.0,4.34,True
2024-04-16T03:00:00-03:00,86472000,2024-04-16T02:30:00-03:00,2024-04-16T02:30:00-03:00,0.0,4.07,True
2024-04-16T04:00:00-03:00,86472000,2024-04-16T03:30:00-03:00,2024-04-16T03:30:00-03:00,0.0,3.97,True
2024-04-16T05:00:00-03:00,86472000,2024-04-16T04:30:00-03:00,2024-04-16T04:30:00-03:00,0.0,3.91,True
2024-04-16T06:00:00-03:00,86472000,2024-04-16T05:30:00-03:00,2024-04-16T05:30:00-03:00,0.0,3.86,True
2024-04-16T07:00:00-03:00,86472000,2024-04-16T06:30:00-03:00,2024-04-16T06:30:00-03:00,0.0,3.82,True
2024-04-16T08:00:00-03:00,86472000,2024-04-16T07:30:00-03:00,2024-04-16T07:30:00-03:00,0.0,3.81,True
2024-04-16T09:00:00-03:00,86472000,2024-04-16T08:30:00-03:00,2024-04-16T08:30:00-03:00,0.0,3.79,True
2024-04-16T10:00:00-03:00,86472000,2024-04-16T09:30:00-03:00,2024-04-16T09:30:00-03:00,0.0,3.77,True
2024-04-16T11:00:00-03:00,86472000,2024-04-16T10:30:00-03:00,2024-04-16T10:30:00-03:00,0.0,3.76,True
2024-04-16T12:00:00-03:00,86472000,2024-04-16T11:30:00-03:00,2024-04-16T11:30:00-03:00,0.0,3.75,True
2024-04-16T13:00:00-03:00,86472000,2024-04-16T12:30:00-03:00,2024-04-16T12:30:00-03:00,0.0,3.77,True
2024-04-16T14:00:00-03:00,86472000,2024-04-16T13:30:00-03:00,2024-04-16T13:30:00-03:00,0.0,3.8,True
2024-04-16T15:00:00-03:00,86472000,2024-04-16T14:30:00-03:00,2024-04-16T14:30:00-03:00,0.0,3.98,True
2024-04-16T16:00:00-03:00,86472000,2024-04-16T15:30:00-03:00,2024-04-16T15:30:00-03:00,0.0,4.2,True
2024-04-16T17:00:00-03:00,86472000,2024-04-16T16:30:00-03:00,2024-04-16T16:30:00-03:00,0.0,4.34,True
2024-04-16T18:00:00-03:00,86472000,2024-04-16T17:30:00-03:00,2024-04-16T17:30:00-03:00,0.0,4.57,True
2024-04-16T19:00:00-03:00,86472000,2024-04-16T18:30:00-03:00,2024-04-16T18:30:00-03:00,0.0,4.68,True
2024-04-16T20:00:00-03:00,86472000,2024-04-16T19:30:00-03:00,2024-04-16T19:30:00-03:00,0.0,4.75,True
2024-04-16T21:00:00-03:00,86472000,2024-04-16T20:30:00-03:00,2024-04-16T20:30:00-03:00,0.0,4.8,True
2024-04-16T22:00:00-03:00,86472000,2024-04-16T21:30:00-03:00,2024-04-16T21:30:00-03:00,0.0,4.91,True
2024-04-16T23:00:00-03:00,86472000,2024-04-16T22:30:00-03:00,2024-04-16T22:30:00-03:00,0.0,5.05,True
2024-04-17T00:00:00-03:00,86472000,2024-04-16T23:30:00-03:00,2024-04-16T23:30:00-03:00,0.0,5.17,True
2024-04-17T01:00:00-03:00,86472000,2024-04-17T00:30:00-03:00,2024-04-17T00:30:00-03:00,0.0,5.23,True
2024-04-17T02:00:00-03:00,86472000,2024-04-17T01:30:00-03:00,2024-04-17T01:30:00-03:00,0.0,5.28,True
2024-04-17T03:00:00-03:00,86472000,2024-04-17T02:30:00-03:00,2024-04-17T02:30:00-03:00,0.0,5.31,True
2024-04-17T04:00:00-03:00,86472000,2024-04-17T03:30:00-03:00,2024-04-17T03:30:00-03:00,0.0,5.3,True
2024-04-17T05:00:00-03:00,86472000,2024-04-17T04:30:00-03:00,2024-04-17T04:30:00-03:00,0.0,5.32,True
2024-04-17T06:00:00-03:00,86472000,2024-04-17T05:30:00-03:00,2024-04-17T05:30:00-03:00,0.0,5.36,True
2024-04-17T07:00:00-03:00,86472000,2024-04-17T06:30:00-03:00,2024-04-17T06:30:00-03:00,0.0,5.39,True
2024-04-17T08:00:00-03:00,86472000,2024-04-17T07:30:00-03:00,2024-04-17T07:30:00-03:00,0.0,5.41,True
2024-04-17T09:00:00-03:00,86472000,2024-04-17T08:30:00-03:00,2024-04-17T08:30:00-03:00,0.0,5.42,True
2024-04-17T10:00:00-03:00,86472000,2024-04-17T09:30:00-03:00,2024-04-17T09:30:00-03:00,0.0,5.4,True
2024-04-17T11:00:00-03:00,86472000,2024-04-17T10:30:00-03:00,2024-04-17T10:30:00-03:00,0.0,5.37,True
2024-04-17T12:00:00-03:00,86472000,2024-04-17T11:30:00-03:00,2024-04-17T11:30:00-03:00,0.0,5.31,True
2024-04-17T13:00:00-03:00,86472000,2024-04-17T12:30:00-03:00,2024-04-17T12:30:00-03:00,0.0,5.29,True
2024-04-17T14:00:00-03:00,86472000,2024-04-17T13:30:00-03:00,2024-04-17T13:30:00-03:00,0.0,5.28,True
2024-04-17T15:00:00-03:00,86472000,2024-04-17T14:30:00-03:00,2024-04-17T14:30:00-03:00,0.0,5.26,True
2024-04-17T16:00:00-03:00,86472000,2024-04-17T15:30:00-03:00,2024-04-17T15:30:00-03:00,0.0,5.25,True
2024-04-17T17:00:00-03:00,86472000,2024-04-17T16:30:00-03:00,2024-04-17T16:30:00-03:00,0.0,5.22,True
2024-04-17T18:00:00-03:00,86472000,2024-04-17T17:30:00-03:00,2024-04-17T17:30:00-03:00,0.0,5.2,True
2024-04-17T19:00:00-03:00,86472000,2024-04-17T18:30:00-03:00,2024-04-17T18:30:00-03:00,0.0,5.17,True
2024-04-17T20:00:00-03:00,86472000,2024-04-17T19:30:00-03:00,2024-04-17T19:30:00-03:00,0.0,5.15,True
2024-04-17T21:00:00-03:00,86472000,2024-04-17T20:30:00-03:00,2024-04-17T20:30:00-03:00,0.0,5.12,True
2024-04-17T22:00:00-03:00,86472000,2024-04-17T21:30:00-03:00,2024-04-17T21:30:00-03:00,0.0,5.08,True
2024-04-17T23:00:00-03:00,86472000,2024-04-17T22:30:00-03:00,2024-04-17T22:30:00-03:00,0.0,5.03,True
2024-04-18T00:00:00-03:00,86472000,2024-04-17T23:30:00-03:00,2024-04-17T23:30:00-03:00,0.0,5.01,True
2024-04-18T01:00:00-03:00,86472000,2024-04-18T00:30:00-03:00,2024-04-18T00:30:00-03:00,0.0,5.01,True
2024-04-18T02:00:00-03:00,86472000,2024-04-18T01:30:00-03:00,2024-04-18T01:30:00-03:00,0.0,4.99,True
2024-04-18T03:00:00-03:00,86472000,2024-04-18T02:30:00-03:00,2024-04-18T02:30:00-03:00,0.0,4.98,True
2024-04-18T04:00:00-03:00,86472000,2024-04-18T03:30:00-03:00,2024-04-18T03:30:00-03:00,0.0,4.97,True
2024-04-18T05:00:00-03:00,86472000,2024-04-18T04:30:00-03:00,2024-04-18T04:30:00-03:00,0.0,4.93,True
2024-04-18T06:00:00-03:00,86472000,2024-04-18T05:30:00-03:00,2024-04-18T05:30:00-03:00,0.0,4.9,True
2024-04-18T07:00:00-03:00,86472000,2024-04-18T06:30:00-03:00,2024-04-18T06:30:00-03:00,0.0,4.86,True
2024-04-18T08:00:00-03:00,86472000,2024-04-18T07:30:00-03:00,2024-04-18T07:30:00-03:00,0.0,4.82,True
2024-04-18T09:00:00-03:00,86472000,2024-04-18T08:30:00-03:00,2024-04-18T08:30:00-03:00,0.0,4.79,True
2024-04-18T10:00:00-03:00,86472000,2024-04-18T09:30:00-03:00,2024-04-18T09:30:00-03:00,0.0,4.76,True
2024-04-18T11:00:00-03:00,86472000,2024-04-18T10:30:00-03:00,2024-04-18T10:30:00-03:00,0.0,4.74,True
2024-04-18T12:00:00-03:00,86472000,2024-04-18T11:30:00-03:00,2024-04-18T11:30:00-03:00,0.0,4.72,True
2024-04-18T13:00:00-03:00,86472000,2024-04-18T12:30:00-03:00,2024-04-18T12:30:00-03:00,0.0,4.7,True
2024-04-18T14:00:00-03:00,86472000,2024-04-18T13:30:00-03:00,2024-04-18T13:30:00-03:00,0.0,4.7,True
2024-04-18T15:00:00-03:00,86472000,2024-04-18T14:30:00-03:00,2024-04-18T14:30:00-03:00,0.0,4.71,True
2024-04-18T16:00:00-03:00,86472000,2024-04-18T15:30:00-03:00,2024-04-18T15:30:00-03:00,0.0,4.71,True
2024-04-18T17:00:00-03:00,86472000,2024-04-18T16:30:00-03:00,2024-04-18T16:30:00-03:00,0.0,4.7,True
2024-04-18T18:00:00-03:00,86472000,2024-04-18T17:30:00-03:00,2024-04-18T17:30:00-03:00,0.0,4.69,True
2024-04-18T19:00:00-03:00,86472000,2024-04-18T18:30:00-03:00,2024-04-18T18:30:00-03:00,0.0,4.69,True
2024-04-18T20:00:00-03:00,86472000,2024-04-18T19:30:00-03:00,2024-04-18T19:30:00-03:00,0.0,4.69,True
2024-04-18T21:00:00-03:00,86472000,2024-04-18T20:30:00-03:00,2024-04-18T20:30:00-03:00,0.0,4.67,True
2024-04-18T22:00:00-03:00,86472000,2024-04-18T21:30:00-03:00,2024-04-18T21:30:00-03:00,0.0,4.62,True
2024-04-18T23:00:00-03:00,86472000,2024-04-18T22:30:00-03:00,2024-04-18T22:30:00-03:00,0.0,4.61,True
2024-04-19T00:00:00-03:00,86472000,2024-04-18T23:30:00-03:00,2024-04-18T23:30:00-03:00,0.0,4.56,True
2024-04-19T01:00:00-03:00,86472000,2024-04-19T00:30:00-03:00,2024-04-19T00:30:00-03:00,0.0,4.53,True
2024-04-19T02:00:00-03:00,86472000,2024-04-19T01:30:00-03:00,2024-04-19T01:30:00-03:00,0.0,4.28,True
2024-04-19T03:00:00-03:00,86472000,2024-04-19T02:30:00-03:00,2024-04-19T02:30:00-03:00,0.0,3.88,True
2024-04-19T04:00:00-03:00,86472000,2024-04-19T03:30:00-03:00,2024-04-19T03:30:00-03:00,0.0,3.64,True
2024-04-19T05:00:00-03:00,86472000,2024-04-19T04:30:00-03:00,2024-04-19T04:30:00-03:00,0.0,3.55,True
2024-04-19T06:00:00-03:00,86472000,2024-04-19T05:30:00-03:00,2024-04-19T05:30:00-03:00,0.0,3.51,True
2024-04-19T07:00:00-03:00,86472000,2024-04-19T06:30:00-03:00,2024-04-19T06:30:00-03:00,0.0,3.5,True
2024-04-19T08:00:00-03:00,86472000,2024-04-19T07:30:00-03:00,2024-04-19T07:30:00-03:00,0.0,3.51,True
2024-04-19T09:00:00-03:00,86472000,2024-04-19T08:30:00-03:00,2024-04-19T08:30:00-03:00,0.0,3.53,True
2024-04-19T10:00:00-03:00,86472000,2024-04-19T09:30:00-03:00,2024-04-19T09:30:00-03:00,0.0,3.54,True
2024-04-19T11:00:00-03:00,86472000,2024-04-19T10:30:00-03:00,2024-04-19T10:30:00-03:00,0.0,3.57,True
2024-04-19T12:00:00-03:00,86472000,2024-04-19T11:30:00-03:00,2024-04-19T11:30:00-03:00,0.0,3.68,True
2024-04-19T13:00:00-03:00,86472000,2024-04-19T12:30:00-03:00,2024-04-19T12:30:00-03:00,0.0,3.74,True
2024-04-19T14:00:00-03:00,86472000,2024-04-19T13:30:00-03:00,2024-04-19T13:30:00-03:00,0.0,3.76,True
2024-04-19T15:00:00-03:00,86472000,2024-04-19T14:30:00-03:00,2024-04-19T14:30:00-03:00,0.0,3.75,True
2024-04-19T16:00:00-03:00,86472000,2024-04-19T15:30:00-03:00,2024-04-19T15:30:00-03:00,0.0,3.75,True
2024-04-19T17:00:00-03:00,86472000,2024-04-19T16:30:00-03:00,2024-04-19T16:30:00-03:00,0.0,3.74,True
2024-04-19T18:00:00-03:00,86472000,2024-04-19T17:30:00-03:00,2024-04-19T17:30:00-03:00,0.0,3.75,True
2024-04-19T19:00:00-03:00,86472000,2024-04-19T18:30:00-03:00,2024-04-19T18:30:00-03:00,0.0,3.75,True
2024-04-19T20:00:00-03:00,86472000,2024-04-19T19:30:00-03:00,2024-04-19T19:30:00-03:00,0.0,3.9,True
2024-04-19T21:00:00-03:00,86472000,2024-04-19T20:30:00-03:00,2024-04-19T20:30:00-03:00,0.0,4.01,True
2024-04-19T22:00:00-03:00,86472000,2024-04-19T21:30:00-03:00,2024-04-19T21:30:00-03:00,0.0,4.03,True
2024-04-19T23:00:00-03:00,86472000,2024-04-19T22:30:00-03:00,2024-04-19T22:30:00-03:00,0.0,3.95,True
2024-04-20T00:00:00-03:00,86472000,2024-04-19T23:30:00-03:00,2024-04-19T23:30:00-03:00,0.0,3.89,True
2024-04-20T01:00:00-03:00,86472000,2024-04-20T00:30:00-03:00,2024-04-20T00:30:00-03:00,0.0,3.87,True
2024-04-20T02:00:00-03:00,86472000,2024-04-20T01:30:00-03:00,2024-04-20T01:30:00-03:00,0.0,3.74,True
2024-04-20T03:00:00-03:00,86472000,2024-04-20T02:30:00-03:00,2024-04-20T02:30:00-03:00,0.0,3.53,True
2024-04-20T04:00:00-03:00,86472000,2024-04-20T03:30:00-03:00,2024-04-20T03:30:00-03:00,0.0,3.42,True
2024-04-20T05:00:00-03:00,86472000,2024-04-20T04:30:00-03:00,2024-04-20T04:30:00-03:00,0.0,3.37,True
2024-04-20T06:00:00-03:00,86472000,2024-04-20T05:30:00-03:00,2024-04-20T05:30:00-03:00,0.0,3.35,True
2024-04-20T07:00:00-03:00,86472000,2024-04-20T06:30:00-03:00,2024-04-20T06:30:00-03:00,0.0,3.34,True
2024-04-20T08:00:00-03:00,86472000,2024-04-20T07:30:00-03:00,2024-04-20T07:30:00-03:00,0.0,3.33,True
2024-04-20T09:00:00-03:00,86472000,2024-04-20T08:30:00-03:00,2024-04-20T08:30:00-03:00,0.0,3.33,True
2024-04-20T10:00:00-03:00,86472000,2024-04-20T09:30:00-03:00,2024-04-20T09:30:00-03:00,0.0,3.44,True
2024-04-20T11:00:00-03:00,86472000,2024-04-20T10:30:00-03:00,2024-04-20T10:30:00-03:00,0.0,3.6,True
2024-04-20T12:00:00-03:00,86472000,2024-04-20T11:30:00-03:00,2024-04-20T11:30:00-03:00,0.0,3.66,True
2024-04-20T13:00:00-03:00,86472000,2024-04-20T12:30:00-03:00,2024-04-20T12:30:00-03:00,0.0,3.68,True
2024-04-20T14:00:00-03:00,86472000,2024-04-20T13:30:00-03:00,2024-04-20T13:30:00-03:00,0.0,3.69,True
2024-04-20T15:00:00-03:00,86472000,2024-04-20T14:30:00-03:00,2024-04-20T14:30:00-03:00,0.0,3.69,True
2024-04-20T16:00:00-03:00,86472000,2024-04-20T15:30:00-03:00,2024-04-20T15:30:00-03:00,0.0,3.69,True
2024-04-20T17:00:00-03:00,86472000,2024-04-20T16:30:00-03:00,2024-04-20T16:30:00-03:00,0.0,3.69,True
2024-04-20T18:00:00-03:00,86472000,2024-04-20T17:30:00-03:00,2024-04-20T17:30:00-03:00,0.0,3.7,True
2024-04-20T19:00:00-03:00,86472000,2024-04-20T18:30:00-03:00,2024-04-20T18:30:00-03:00,0.0,3.69,True
2024-04-20T20:00:00-03:00,86472000,2024-04-20T19:30:00-03:00,2024-04-20T19:30:00-03:00,0.0,3.68,True
2024-04-20T21:00:00-03:00,86472000,2024-04-20T20:30:00-03:00,2024-04-20T20:30:00-03:00,0.0,3.66,True
2024-04-20T22:00:00-03:00,86472000,2024-04-20T21:30:00-03:00,2024-04-20T21:30:00-03:00,0.0,3.64,True
2024-04-20T23:00:00-03:00,86472000,2024-04-20T22:30:00-03:00,2024-04-20T22:30:00-03:00,0.0,3.63,True
2024-04-21T00:00:00-03:00,86472000,2024-04-20T23:30:00-03:00,2024-04-20T23:30:00-03:00,0.0,3.63,True
2024-04-21T01:00:00-03:00,86472000,2024-04-21T00:30:00-03:00,2024-04-21T00:30:00-03:00,0.0,3.62,True
2024-04-21T02:00:00-03:00,86472000,2024-04-21T01:30:00-03:00,2024-04-21T01:30:00-03:00,0.0,3.56,True
2024-04-21T03:00:00-03:00,86472000,2024-04-21T02:30:00-03:00,2024-04-21T02:30:00-03:00,0.0,3.41,True
2024-04-21T04:00:00-03:00,86472000,2024-04-21T03:30:00-03:00,2024-04-21T03:30:00-03:00,0.0,3.31,True
2024-04-21T05:00:00-03:00,86472000,2024-04-21T04:30:00-03:00,2024-04-21T04:30:00-03:00,0.0,3.28,True
2024-04-21T06:00:00-03:00,86472000,2024-04-21T05:30:00-03:00,2024-04-21T05:30:00-03:00,0.0,3.28,True
2024-04-21T07:00:00-03:00,86472000,2024-04-21T06:30:00-03:00,2024-04-21T06:30:00-03:00,0.0,3.29,True
2024-04-21T08:00:00-03:00,86472000,2024-04-21T07:30:00-03:00,2024-04-21T07:30:00-03:00,0.0,3.29,True
2024-04-21T09:00:00-03:00,86472000,2024-04-21T08:30:00-03:00,2024-04-21T08:30:00-03:00,0.0,3.22,True
2024-04-21T10:00:00-03:00,86472000,2024-04-21T09:30:00-03:00,2024-04-21T09:30:00-03:00,0.0,3.15,True
2024-04-21T11:00:00-03:00,86472000,2024-04-21T10:30:00-03:00,2024-04-21T10:30:00-03:00,0.0,3.1,True
2024-04-21T12:00:00-03:00,86472000,2024-04-21T11:30:00-03:00,2024-04-21T11:30:00-03:00,0.0,3.06,True
2024-04-21T13:00:00-03:00,86472000,2024-04-21T12:30:00-03:00,2024-04-21T12:30:00-03:00,0.0,3.04,True
2024-04-21T14:00:00-03:00,86472000,2024-04-21T13:30:00-03:00,2024-04-21T13:30:00-03:00,0.0,3.03,True
2024-04-21T15:00:00-03:00,86472000,2024-04-21T14:30:00-03:00,2024-04-21T14:30:00-03:00,0.0,3.12,True
2024-04-21T16:00:00-03:00,86472000,2024-04-21T15:30:00-03:00,2024-04-21T15:30:00-03:00,0.0,3.39,True
2024-04-21T17:00:00-03:00,86472000,2024-04-21T16:30:00-03:00,2024-04-21T16:30:00-03:00,0.0,3.53,True
2024-04-21T18:00:00-03:00,86472000,2024-04-21T17:30:00-03:00,2024-04-21T17:30:00-03:00,0.0,3.57,True
2024-04-21T19:00:00-03:00,86472000,2024-04-21T18:30:00-03:00,2024-04-21T18:30:00-03:00,0.0,3.58,True
2024-04-21T20:00:00-03:00,86472000,2024-04-21T19:30:00-03:00,2024-04-21T19:30:00-03:00,0.0,3.58,True
2024-04-21T21:00:00-03:00,86472000,2024-04-21T20:30:00-03:00,2024-04-21T20:30:00-03:00,0.0,3.58,True
2024-04-21T22:00:00-03:00,86472000,2024-04-21T21:30:00-03:00,2024-04-21T21:30:00-03:00,0.0,3.58,True
2024-04-21T23:00:00-03:00,86472000,2024-04-21T22:30:00-03:00,2024-04-21T22:30:00-03:00,0.0,3.59,True
2024-04-22T00:00:00-03:00,86472000,2024-04-21T23:30:00-03:00,2024-04-21T23:30:00-03:00,0.0,3.59,True
2024-04-22T01:00:00-03:00,86472000,2024-04-22T00:30:00-03:00,2024-04-22T00:30:00-03:00,0.0,3.59,True
2024-04-22T02:00:00-03:00,86472000,2024-04-22T01:30:00-03:00,2024-04-22T01:30:00-03:00,0.0,3.5,True
2024-04-22T03:00:00-03:00,86472000,2024-04-22T02:30:00-03:00,2024-04-22T02:30:00-03:00,0.0,3.29,True
2024-04-22T04:00:00-03:00,86472000,2024-04-22T03:30:00-03:00,2024-04-22T03:30:00-03:00,0.0,3.15,True
2024-04-22T05:00:00-03:00,86472000,2024-04-22T04:30:00-03:00,2024-04-22T04:30:00-03:00,0.0,3.07,True
2024-04-22T06:00:00-03:00,86472000,2024-04-22T05:30:00-03:00,2024-04-22T05:30:00-03:00,0.0,3.02,True
2024-04-22T07:00:00-03:00,86472000,2024-04-22T06:30:00-03:00,2024-04-22T06:30:00-03:00,0.0,3.01,True
2024-04-22T08:00:00-03:00,86472000,2024-04-22T07:30:00-03:00,2024-04-22T07:30:00-03:00,0.0,3.0,True
2024-04-22T09:00:00-03:00,86472000,2024-04-22T08:30:00-03:00,2024-04-22T08:30:00-03:00,0.0,3.0,True
2024-04-22T10:00:00-03:00,86472000,2024-04-22T09:30:00-03:00,2024-04-22T09:30:00-03:00,0.0,2.99,True
2024-04-22T11:00:00-03:00,86472000,2024-04-22T10:30:00-03:00,2024-04-22T10:30:00-03:00,0.0,3.05,True
2024-04-22T12:00:00-03:00,86472000,2024-04-22T11:30:00-03:00,2024-04-22T11:30:00-03:00,0.0,3.15,True
2024-04-22T13:00:00-03:00,86472000,2024-04-22T12:30:00-03:00,2024-04-22T12:30:00-03:00,0.0,3.26,True
2024-04-22T14:00:00-03:00,86472000,2024-04-22T13:30:00-03:00,2024-04-22T13:30:00-03:00,0.0,3.33,True
2024-04-22T15:00:00-03:00,86472000,2024-04-22T14:30:00-03:00,2024-04-22T14:30:00-03:00,0.0,3.39,True
2024-04-22T16:00:00-03:00,86472000,2024-04-22T15:30:00-03:00,2024-04-22T15:30:00-03:00,0.0,3.44,True
2024-04-22T17:00:00-03:00,86472000,2024-04-22T16:30:00-03:00,2024-04-22T16:30:00-03:00,0.0,3.46,True
2024-04-22T18:00:00-03:00,86472000,2024-04-22T17:30:00-03:00,2024-04-22T17:30:00-03:00,0.0,3.53,True
2024-04-22T19:00:00-03:00,86472000,2024-04-22T18:30:00-03:00,2024-04-22T18:30:00-03:00,0.0,3.56,True
2024-04-22T20:00:00-03:00,86472000,2024-04-22T19:30:00-03:00,2024-04-22T19:30:00-03:00,0.0,3.56,True
2024-04-22T21:00:00-03:00,86472000,2024-04-22T20:30:00-03:00,2024-04-22T20:30:00-03:00,0.0,3.56,True
2024-04-22T22:00:00-03:00,86472000,2024-04-22T21:30:00-03:00,2024-04-22T21:30:00-03:00,0.0,3.55,True
2024-04-22T23:00:00-03:00,86472000,2024-04-22T22:30:00-03:00,2024-04-22T22:30:00-03:00,0.0,3.55,True
2024-04-23T00:00:00-03:00,86472000,2024-04-22T23:30:00-03:00,2024-04-22T23:30:00-03:00,0.0,3.55,True
2024-04-23T01:00:00-03:00,86472000,2024-04-23T00:30:00-03:00,2024-04-23T00:30:00-03:00,0.0,3.53,True
2024-04-23T02:00:00-03:00,86472000,2024-04-23T01:30:00-03:00,2024-04-23T01:30:00-03:00,0.0,3.41,True
2024-04-23T03:00:00-03:00,86472000,2024-04-23T02:30:00-03:00,2024-04-23T02:30:00-03:00,0.0,3.17,True
2024-04-23T04:00:00-03:00,86472000,2024-04-23T03:30:00-03:00,2024-04-23T03:30:00-03:00,0.0,3.04,True
2024-04-23T05:00:00-03:00,86472000,2024-04-23T04:30:00-03:00,2024-04-23T04:30:00-03:00,0.0,2.98,True
2024-04-23T06:00:00-03:00,86472000,2024-04-23T05:30:00-03:00,2024-04-23T05:30:00-03:00,0.0,2.96,True
2024-04-23T07:00:00-03:00,86472000,2024-04-23T06:30:00-03:00,2024-04-23T06:30:00-03:00,0.0,2.95,True
2024-04-23T08:00:00-03:00,86472000,2024-04-23T07:30:00-03:00,2024-04-23T07:30:00-03:00,0.0,2.97,True
2024-04-23T09:00:00-03:00,86472000,2024-04-23T08:30:00-03:00,2024-04-23T08:30:00-03:00,0.0,2.98,True
2024-04-23T10:00:00-03:00,86472000,2024-04-23T09:30:00-03:00,2024-04-23T09:30:00-03:00,0.0,2.97,True
2024-04-23T11:00:00-03:00,86472000,2024-04-23T10:30:00-03:00,2024-04-23T10:30:00-03:00,0.0,2.99,True
2024-04-23T12:00:00-03:00,86472000,2024-04-23T11:30:00-03:00,2024-04-23T11:30:00-03:00,0.0,3.04,True
2024-04-23T13:00:00-03:00,86472000,2024-04-23T12:30:00-03:00,2024-04-23T12:30:00-03:00,0.0,3.09,True
2024-04-23T14:00:00-03:00,86472000,2024-04-23T13:30:00-03:00,2024-04-23T13:30:00-03:00,0.0,3.14,True
2024-04-23T15:00:00-03:00,86472000,2024-04-23T14:30:00-03:00,2024-04-23T14:30:00-03:00,0.0,3.18,True
2024-04-23T16:00:00-03:00,86472000,2024-04-23T15:30:00-03:00,2024-04-23T15:30:00-03:00,0.0,3.23,True
2024-04-23T17:00:00-03:00,86472000,2024-04-23T16:30:00-03:00,2024-04-23T16:30:00-03:00,0.0,3.25,True
2024-04-23T18:00:00-03:00,86472000,2024-04-23T17:30:00-03:00,2024-04-23T17:30:00-03:00,0.0,3.25,True
2024-04-23T19:00:00-03:00,86472000,2024-04-23T18:30:00-03:00,2024-04-23T18:30:00-03:00,0.0,3.24,True
2024-04-23T20:00:00-03:00,86472000,2024-04-23T19:30:00-03:00,2024-04-23T19:30:00-03:00,0.0,3.22,True
2024-04-23T21:00:00-03:00,86472000,2024-04-23T20:30:00-03:00,2024-04-23T20:30:00-03:00,0.0,3.21,True
2024-04-23T22:00:00-03:00,86472000,2024-04-23T21:30:00-03:00,2024-04-23T21:30:00-03:00,0.0,3.22,True
2024-04-23T23:00:00-03:00,86472000,2024-04-23T22:30:00-03:00,2024-04-23T22:30:00-03:00,0.0,3.22,True
2024-04-24T00:00:00-03:00,86472000,2024-04-23T23:30:00-03:00,2024-04-23T23:30:00-03:00,0.0,3.22,True
2024-04-24T01:00:00-03:00,86472000,2024-04-24T00:30:00-03:00,2024-04-24T00:30:00-03:00,0.0,3.22,True
2024-04-24T02:00:00-03:00,86472000,2024-04-24T01:30:00-03:00,2024-04-24T01:30:00-03:00,0.0,3.27,True
2024-04-24T03:00:00-03:00,86472000,2024-04-24T02:30:00-03:00,2024-04-24T02:30:00-03:00,0.0,3.2,True
2024-04-24T04:00:00-03:00,86472000,2024-04-24T03:30:00-03:00,2024-04-24T03:30:00-03:00,0.0,2.91,True
2024-04-24T05:00:00-03:00,86472000,2024-04-24T04:30:00-03:00,2024-04-24T04:30:00-03:00,0.0,2.71,True
2024-04-24T06:00:00-03:00,86472000,2024-04-24T05:30:00-03:00,2024-04-24T05:30:00-03:00,0.0,2.61,True
2024-04-24T07:00:00-03:00,86472000,2024-04-24T06:30:00-03:00,2024-04-24T06:30:00-03:00,0.0,2.56,True
2024-04-24T08:00:00-03:00,86472000,2024-04-24T07:30:00-03:00,2024-04-24T07:30:00-03:00,0.0,2.52,True
2024-04-24T09:00:00-03:00,86472000,2024-04-24T08:30:00-03:00,2024-04-24T08:30:00-03:00,0.0,2.5,True
2024-04-24T10:00:00-03:00,86472000,2024-04-24T09:30:00-03:00,2024-04-24T09:30:00-03:00,0.0,2.49,True
2024-04-24T11:00:00-03:00,86472000,2024-04-24T10:30:00-03:00,2024-04-24T10:30:00-03:00,0.0,2.48,True
2024-04-24T12:00:00-03:00,86472000,2024-04-24T11:30:00-03:00,2024-04-24T11:30:00-03:00,0.0,2.48,True
2024-04-24T13:00:00-03:00,86472000,2024-04-24T12:30:00-03:00,2024-04-24T12:30:00-03:00,0.0,2.47,True
2024-04-24T14:00:00-03:00,86472000,2024-04-24T13:30:00-03:00,2024-04-24T13:30:00-03:00,0.0,2.46,True
2024-04-24T15:00:00-03:00,86472000,2024-04-24T14:30:00-03:00,2024-04-24T14:30:00-03:00,0.0,2.59,True
2024-04-24T16:00:00-03:00,86472000,2024-04-24T15:30:00-03:00,2024-04-24T15:30:00-03:00,0.0,2.89,True
2024-04-24T17:00:00-03:00,86472000,2024-04-24T16:30:00-03:00,2024-04-24T16:30:00-03:00,0.0,3.05,True
2024-04-24T18:00:00-03:00,86472000,2024-04-24T17:30:00-03:00,2024-04-24T17:30:00-03:00,0.0,3.15,True
2024-04-24T19:00:00-03:00,86472000,2024-04-24T18:30:00-03:00,2024-04-24T18:30:00-03:00,0.0,3.19,True
2024-04-24T20:00:00-03:00,86472000,2024-04-24T19:30:00-03:00,2024-04-24T19:30:00-03:00,0.0,3.21,True
2024-04-24T21:00:00-03:00,86472000,2024-04-24T20:30:00-03:00,2024-04-24T20:30:00-03:00,0.0,3.25,True
2024-04-24T22:00:00-03:00,86472000,2024-04-24T21:30:00-03:00,2024-04-24T21:30:00-03:00,0.0,3.33,True
2024-04-24T23:00:00-03:00,86472000,2024-04-24T22:30:00-03:00,2024-04-24T22:30:00-03:00,0.0,3.39,True
2024-04-25T00:00:00-03:00,86472000,2024-04-24T23:30:00-03:00,2024-04-24T23:30:00-03:00,0.0,3.4,True
2024-04-25T01:00:00-03:00,86472000,2024-04-25T00:30:00-03:00,2024-04-25T00:30:00-03:00,0.0,3.41,True
2024-04-25T02:00:00-03:00,86472000,2024-04-25T01:30:00-03:00,2024-04-25T01:30:00-03:00,0.0,3.17,True
2024-04-25T03:00:00-03:00,86472000,2024-04-25T02:30:00-03:00,2024-04-25T02:30:00-03:00,0.0,2.85,True
2024-04-25T04:00:00-03:00,86472000,2024-04-25T03:30:00-03:00,2024-04-25T03:30:00-03:00,0.0,2.66,True
2024-04-25T05:00:00-03:00,86472000,2024-04-25T04:30:00-03:00,2024-04-25T04:30:00-03:00,0.0,2.55,True
2024-04-25T06:00:00-03:00,86472000,2024-04-25T05:30:00-03:00,2024-04-25T05:30:00-03:00,0.0,2.5,True
2024-04-25T07:00:00-03:00,86472000,2024-04-25T06:30:00-03:00,2024-04-25T06:30:00-03:00,0.0,2.47,True
2024-04-25T08:00:00-03:00,86472000,2024-04-25T07:30:00-03:00,2024-04-25T07:30:00-03:00,0.0,2.45,True
2024-04-25T09:00:00-03:00,86472000,2024-04-25T08:30:00-03:00,2024-04-25T08:30:00-03:00,0.0,2.44,True
2024-04-25T10:00:00-03:00,86472000,2024-04-25T09:30:00-03:00,2024-04-25T09:30:00-03:00,0.0,2.48,True
2024-04-25T11:00:00-03:00,86472000,2024-04-25T10:30:00-03:00,2024-04-25T10:30:00-03:00,0.0,2.7,True
2024-04-25T12:00:00-03:00,86472000,2024-04-25T11:30:00-03:00,2024-04-25T11:30:00-03:00,0.0,2.84,True
2024-04-25T13:00:00-03:00,86472000,2024-04-25T12:30:00-03:00,2024-04-25T12:30:00-03:00,0.0,2.9,True
2024-04-25T14:00:00-03:00,86472000,2024-04-25T13:30:00-03:00,2024-04-25T13:30:00-03:00,0.0,2.94,True
2024-04-25T15:00:00-03:00,86472000,2024-04-25T14:30:00-03:00,2024-04-25T14:30:00-03:00,0.0,2.99,True
2024-04-25T16:00:00-03:00,86472000,2024-04-25T15:30:00-03:00,2024-04-25T15:30:00-03:00,0.0,3.08,True
2024-04-25T17:00:00-03:00,86472000,2024-04-25T16:30:00-03:00,2024-04-25T16:30:00-03:00,0.0,3.11,True
2024-04-25T18:00:00-03:00,86472000,2024-04-25T17:30:00-03:00,2024-04-25T17:30:00-03:00,0.0,3.18,True
2024-04-25T19:00:00-03:00,86472000,2024-04-25T18:30:00-03:00,2024-04-25T18:30:00-03:00,0.0,3.25,True
2024-04-25T20:00:00-03:00,86472000,2024-04-25T19:30:00-03:00,2024-04-25T19:30:00-03:00,0.0,3.31,True
2024-04-25T21:00:00-03:00,86472000,2024-04-25T20:30:00-03:00,2024-04-25T20:30:00-03:00,0.0,3.38,True
2024-04-25T22:00:00-03:00,86472000,2024-04-25T21:30:00-03:00,2024-04-25T21:30:00-03:00,0.0,3.41,True
2024-04-25T23:00:00-03:00,86472000,2024-04-25T22:30:00-03:00,2024-04-25T22:30:00-03:00,0.0,3.43,True
2024-04-26T00:00:00-03:00,86472000,2024-04-25T23:30:00-03:00,2024-04-25T23:30:00-03:00,0.0,3.43,True
2024-04-26T01:00:00-03:00,86472000,2024-04-26T00:30:00-03:00,2024-04-26T00:30:00-03:00,0.0,3.43,True
2024-04-26T02:00:00-03:00,86472000,2024-04-26T01:30:00-03:00,2024-04-26T01:30:00-03:00,0.0,3.19,True
2024-04-26T03:00:00-03:00,86472000,2024-04-26T02:30:00-03:00,2024-04-26T02:30:00-03:00,0.0,2.85,True
2024-04-26T04:00:00-03:00,86472000,2024-04-26T03:30:00-03:00,2024-04-26T03:30:00-03:00,0.0,2.65,True
2024-04-26T05:00:00-03:00,86472000,2024-04-26T04:30:00-03:00,2024-04-26T04:30:00-03:00,0.0,2.55,True
2024-04-26T06:00:00-03:00,86472000,2024-04-26T05:30:00-03:00,2024-04-26T05:30:00-03:00,0.0,2.49,True
2024-04-26T07:00:00-03:00,86472000,2024-04-26T06:30:00-03:00,2024-04-26T06:30:00-03:00,0.0,2.46,True
2024-04-26T08:00:00-03:00,86472000,2024-04-26T07:30:00-03:00,2024-04-26T07:30:00-03:00,0.0,2.43,True
2024-04-26T09:00:00-03:00,86472000,2024-04-26T08:30:00-03:00,2024-04-26T08:30:00-03:00,0.0,2.43,True
2024-04-26T10:00:00-03:00,86472000,2024-04-26T09:30:00-03:00,2024-04-26T09:30:00-03:00,0.0,2.42,True
2024-04-26T11:00:00-03:00,86472000,2024-04-26T10:30:00-03:00,2024-04-26T10:30:00-03:00,0.0,2.43,True
2024-04-26T12:00:00-03:00,86472000,2024-04-26T11:30:00-03:00,2024-04-26T11:30:00-03:00,0.0,2.46,True
2024-04-26T13:00:00-03:00,86472000,2024-04-26T12:30:00-03:00,2024-04-26T12:30:00-03:00,0.0,2.67,True
2024-04-26T14:00:00-03:00,86472000,2024-04-26T13:30:00-03:00,2024-04-26T13:30:00-03:00,0.0,2.83,True
2024-04-26T15:00:00-03:00,86472000,2024-04-26T14:30:00-03:00,2024-04-26T14:30:00-03:00,0.0,2.92,True
2024-04-26T16:00:00-03:00,86472000,2024-04-26T15:30:00-03:00,2024-04-26T15:30:00-03:00,0.0,2.99,True
2024-04-26T17:00:00-03:00,86472000,2024-04-26T16:30:00-03:00,2024-04-26T16:30:00-03:00,0.0,3.02,True
2024-04-26T18:00:00-03:00,86472000,2024-04-26T17:30:00-03:00,2024-04-26T17:30:00-03:00,0.0,3.03,True
2024-04-26T19:00:00-03:00,86472000,2024-04-26T18:30:00-03:00,2024-04-26T18:30:00-03:00,0.0,3.04,True
2024-04-26T20:00:00-03:00,86472000,2024-04-26T19:30:00-03:00,2024-04-26T19:30:00-03:00,0.0,3.22,True
2024-04-26T21:00:00-03:00,86472000,2024-04-26T20:30:00-03:00,2024-04-26T20:30:00-03:00,0.0,3.33,True
2024-04-26T22:00:00-03:00,86472000,2024-04-26T21:30:00-03:00,2024-04-26T21:30:00-03:00,0.0,3.37,True
2024-04-26T23:00:00-03:00,86472000,2024-04-26T22:30:00-03:00,2024-04-26T22:30:00-03:00,0.0,3.43,True
2024-04-27T00:00:00-03:00,86472000,2024-04-26T23:30:00-03:00,2024-04-26T23:30:00-03:00,0.0,3.47,True
2024-04-27T01:00:00-03:00,86472000,2024-04-27T00:30:00-03:00,2024-04-27T00:30:00-03:00,0.0,3.49,True
2024-04-27T02:00:00-03:00,86472000,2024-04-27T01:30:00-03:00,2024-04-27T01:30:00-03:00,0.0,3.36,True
2024-04-27T03:00:00-03:00,86472000,2024-04-27T02:30:00-03:00,2024-04-27T02:30:00-03:00,0.0,3.12,True
2024-04-27T04:00:00-03:00,86472000,2024-04-27T03:30:00-03:00,2024-04-27T03:30:00-03:00,0.0,2.99,True
2024-04-27T05:00:00-03:00,86472000,2024-04-27T04:30:00-03:00,2024-04-27T04:30:00-03:00,0.0,2.93,True
2024-04-27T06:00:00-03:00,86472000,2024-04-27T05:30:00-03:00,2024-04-27T05:30:00-03:00,0.0,2.87,True
2024-04-27T07:00:00-03:00,86472000,2024-04-27T06:30:00-03:00,2024-04-27T06:30:00-03:00,0.0,2.71,True
2024-04-27T08:00:00-03:00,86472000,2024-04-27T07:30:00-03:00,2024-04-27T07:30:00-03:00,0.0,2.59,True
2024-04-27T09:00:00-03:00,86472000,2024-04-27T08:30:00-03:00,2024-04-27T08:30:00-03:00,0.0,2.52,True
2024-04-27T10:00:00-03:00,86472000,2024-04-27T09:30:00-03:00,2024-04-27T09:30:00-03:00,0.0,2.48,True
2024-04-27T11:00:00-03:00,86472000,2024-04-27T10:30:00-03:00,2024-04-27T10:30:00-03:00,0.0,2.47,True
2024-04-27T12:00:00-03:00,86472000,2024-04-27T11:30:00-03:00,2024-04-27T11:30:00-03:00,0.0,2.55,True
2024-04-27T13:00:00-03:00,86472000,2024-04-27T12:30:00-03:00,2024-04-27T12:30:00-03:00,0.0,2.85,True
2024-04-27T14:00:00-03:00,86472000,2024-04-27T13:30:00-03:00,2024-04-27T13:30:00-03:00,0.0,2.98,True
2024-04-27T15:00:00-03:00,86472000,2024-04-27T14:30:00-03:00,2024-04-27T14:30:00-03:00,0.0,3.01,True
2024-04-27T16:00:00-03:00,86472000,2024-04-27T15:30:00-03:00,2024-04-27T15:30:00-03:00,0.0,3.03,True
2024-04-27T17:00:00-03:00,86472000,2024-04-27T16:30:00-03:00,2024-04-27T16:30:00-03:00,0.0,3.03,True
2024-04-27T18:00:00-03:00,86472000,2024-04-27T17:30:00-03:00,2024-04-27T17:30:00-03:00,0.0,3.1,True
2024-04-27T19:00:00-03:00,86472000,2024-04-27T18:30:00-03:00,2024-04-27T18:30:00-03:00,0.0,3.23,True
2024-04-27T20:00:00-03:00,86472000,2024-04-27T19:30:00-03:00,2024-04-27T19:30:00-03:00,0.0,3.28,True
2024-04-27T21:00:00-03:00,86472000,2024-04-27T20:30:00-03:00,2024-04-27T20:30:00-03:00,0.0,3.38,True
2024-04-27T22:00:00-03:00,86472000,2024-04-27T21:30:00-03:00,2024-04-27T21:30:00-03:00,0.0,3.56,True
2024-04-27T23:00:00-03:00,86472000,2024-04-27T22:30:00-03:00,2024-04-27T22:30:00-03:00,0.0,3.73,True
2024-04-28T00:00:00-03:00,86472000,2024-04-27T23:30:00-03:00,2024-04-27T23:30:00-03:00,0.0,3.94,True
2024-04-28T01:00:00-03:00,86472000,2024-04-28T00:30:00-03:00,2024-04-28T00:30:00-03:00,0.0,4.0,True
2024-04-28T02:00:00-03:00,86472000,2024-04-28T01:30:00-03:00,2024-04-28T01:30:00-03:00,0.0,4.09,True
2024-04-28T03:00:00-03:00,86472000,2024-04-28T02:30:00-03:00,2024-04-28T02:30:00-03:00,0.0,4.23,True
2024-04-28T04:00:00-03:00,86472000,2024-04-28T03:30:00-03:00,2024-04-28T03:30:00-03:00,0.0,4.27,True
2024-04-28T05:00:00-03:00,86472000,2024-04-28T04:30:00-03:00,2024-04-28T04:30:00-03:00,0.0,4.39,True
2024-04-28T06:00:00-03:00,86472000,2024-04-28T05:30:00-03:00,2024-04-28T05:30:00-03:00,0.0,4.46,True
2024-04-28T07:00:00-03:00,86472000,2024-04-28T06:30:00-03:00,2024-04-28T06:30:00-03:00,0.0,4.36,True
2024-04-28T08:00:00-03:00,86472000,2024-04-28T07:30:00-03:00,2024-04-28T07:30:00-03:00,0.0,3.98,True
2024-04-28T09:00:00-03:00,86472000,2024-04-28T08:30:00-03:00,2024-04-28T08:30:00-03:00,0.0,3.61,True
2024-04-28T10:00:00-03:00,86472000,2024-04-28T09:30:00-03:00,2024-04-28T09:30:00-03:00,0.0,3.19,True
2024-04-28T11:00:00-03:00,86472000,2024-04-28T10:30:00-03:00,2024-04-28T10:30:00-03:00,0.0,2.96,True
2024-04-28T12:00:00-03:00,86472000,2024-04-28T11:30:00-03:00,2024-04-28T11:30:00-03:00,0.0,2.86,True
2024-04-28T13:00:00-03:00,86472000,2024-04-28T12:30:00-03:00,2024-04-28T12:30:00-03:00,0.0,2.83,True
2024-04-28T14:00:00-03:00,86472000,2024-04-28T13:30:00-03:00,2024-04-28T13:30:00-03:00,0.0,2.98,True
2024-04-28T15:00:00-03:00,86472000,2024-04-28T14:30:00-03:00,2024-04-28T14:30:00-03:00,0.0,3.45,True
2024-04-28T16:00:00-03:00,86472000,2024-04-28T15:30:00-03:00,2024-04-28T15:30:00-03:00,0.0,3.78,True
2024-04-28T17:00:00-03:00,86472000,2024-04-28T16:30:00-03:00,2024-04-28T16:30:00-03:00,0.0,4.27,True
2024-04-28T18:00:00-03:00,86472000,2024-04-28T17:30:00-03:00,2024-04-28T17:30:00-03:00,0.0,4.42,True
2024-04-28T19:00:00-03:00,86472000,2024-04-28T18:30:00-03:00,2024-04-28T18:30:00-03:00,0.0,4.47,True
2024-04-28T20:00:00-03:00,86472000,2024-04-28T19:30:00-03:00,2024-04-28T19:30:00-03:00,0.0,4.5,True
2024-04-28T21:00:00-03:00,86472000,2024-04-28T20:30:00-03:00,2024-04-28T20:30:00-03:00,0.0,4.53,True
2024-04-28T22:00:00-03:00,86472000,2024-04-28T21:30:00-03:00,2024-04-28T21:30:00-03:00,0.0,4.54,True
2024-04-28T23:00:00-03:00,86472000,2024-04-28T22:30:00-03:00,2024-04-28T22:30:00-03:00,0.0,4.55,True
2024-04-29T00:00:00-03:00,86472000,2024-04-28T23:30:00-03:00,2024-04-28T23:30:00-03:00,0.0,4.55,True
2024-04-29T01:00:00-03:00,86472000,2024-04-29T00:30:00-03:00,2024-04-29T00:30:00-03:00,0.0,4.54,True
2024-04-29T02:00:00-03:00,86472000,2024-04-29T01:30:00-03:00,2024-04-29T01:30:00-03:00,0.0,4.53,True
2024-04-29T03:00:00-03:00,86472000,2024-04-29T02:30:00-03:00,2024-04-29T02:30:00-03:00,0.0,4.53,True
2024-04-29T04:00:00-03:00,86472000,2024-04-29T03:30:00-03:00,2024-04-29T03:30:00-03:00,0.0,4.55,True
2024-04-29T05:00:00-03:00,86472000,2024-04-29T04:30:00-03:00,2024-04-29T04:30:00-03:00,0.0,4.5,True
2024-04-29T06:00:00-03:00,86472000,2024-04-29T05:30:00-03:00,2024-04-29T05:30:00-03:00,0.0,4.44,True
2024-04-29T07:00:00-03:00,86472000,2024-04-29T06:30:00-03:00,2024-04-29T06:30:00-03:00,0.0,4.43,True
2024-04-29T08:00:00-03:00,86472000,2024-04-29T07:30:00-03:00,2024-04-29T07:30:00-03:00,0.0,4.32,True
2024-04-29T09:00:00-03:00,86472000,2024-04-29T08:30:00-03:00,2024-04-29T08:30:00-03:00,0.0,4.17,True
2024-04-29T10:00:00-03:00,86472000,2024-04-29T09:30:00-03:00,2024-04-29T09:30:00-03:00,0.0,4.12,True
2024-04-29T11:00:00-03:00,86472000,2024-04-29T10:30:00-03:00,2024-04-29T10:30:00-03:00,0.0,4.1,True
2024-04-29T12:00:00-03:00,86472000,2024-04-29T11:30:00-03:00,2024-04-29T11:30:00-03:00,0.0,4.08,True
2024-04-29T13:00:00-03:00,86472000,2024-04-29T12:30:00-03:00,2024-04-29T12:30:00-03:00,0.0,4.13,True
2024-04-29T14:00:00-03:00,86472000,2024-04-29T13:30:00-03:00,2024-04-29T13:30:00-03:00,0.0,4.37,True
2024-04-29T15:00:00-03:00,86472000,2024-04-29T14:30:00-03:00,2024-04-29T14:30:00-03:00,0.0,4.5,True
2024-04-29T16:00:00-03:00,86472000,2024-04-29T15:30:00-03:00,2024-04-29T15:30:00-03:00,0.0,4.54,True
2024-04-29T17:00:00-03:00,86472000,2024-04-29T16:30:00-03:00,2024-04-29T16:30:00-03:00,0.0,4.59,True
2024-04-29T18:00:00-03:00,86472000,2024-04-29T17:30:00-03:00,2024-04-29T17:30:00-03:00,0.0,4.7,True
2024-04-29T19:00:00-03:00,86472000,2024-04-29T18:30:00-03:00,2024-04-29T18:30:00-03:00,0.0,4.89,True
2024-04-29T20:00:00-03:00,86472000,2024-04-29T19:30:00-03:00,2024-04-29T19:30:00-03:00,0.0,4.99,True
2024-04-29T21:00:00-03:00,86472000,2024-04-29T20:30:00-03:00,2024-04-29T20:30:00-03:00,0.0,5.28,True
2024-04-29T22:00:00-03:00,86472000,2024-04-29T21:30:00-03:00,2024-04-29T21:30:00-03:00,0.0,5.59,True
2024-04-29T23:00:00-03:00,86472000,2024-04-29T22:30:00-03:00,2024-04-29T22:30:00-03:00,0.0,5.67,True
2024-04-30T00:00:00-03:00,86472000,2024-04-29T23:30:00-03:00,2024-04-29T23:30:00-03:00,0.0,5.74,True
2024-04-30T01:00:00-03:00,86472000,2024-04-30T00:30:00-03:00,2024-04-30T00:30:00-03:00,0.0,5.96,True
2024-04-30T02:00:00-03:00,86472000,2024-04-30T01:30:00-03:00,2024-04-30T01:30:00-03:00,0.0,6.43,True
2024-04-30T03:00:00-03:00,86472000,2024-04-30T02:30:00-03:00,2024-04-30T02:30:00-03:00,0.0,,False
2024-04-30T04:00:00-03:00,86472000,2024-04-30T03:30:00-03:00,2024-04-30T03:30:00-03:00,0.0,,False
2024-04-30T05:00:00-03:00,86472000,2024-04-30T04:30:00-03:00,2024-04-30T04:30:00-03:00,0.0,,False
2024-04-30T06:00:00-03:00,86472000,2024-04-30T05:30:00-03:00,2024-04-30T05:30:00-03:00,0.0,,False
2024-04-30T07:00:00-03:00,86472000,2024-04-30T06:30:00-03:00,2024-04-30T06:30:00-03:00,0.0,,False
2024-04-30T08:00:00-03:00,86472000,2024-04-30T07:30:00-03:00,2024-04-30T07:30:00-03:00,0.0,,False
2024-04-30T09:00:00-03:00,86472000,2024-04-30T08:30:00-03:00,2024-04-30T08:30:00-03:00,0.0,,False
2024-04-30T10:00:00-03:00,86472000,2024-04-30T09:30:00-03:00,2024-04-30T09:30:00-03:00,0.0,,False
2024-04-30T11:00:00-03:00,86472000,2024-04-30T10:30:00-03:00,2024-04-30T10:30:00-03:00,0.0,,False
2024-04-30T12:00:00-03:00,86472000,2024-04-30T11:30:00-03:00,2024-04-30T11:30:00-03:00,0.0,,False
2024-04-30T13:00:00-03:00,86472000,2024-04-30T12:30:00-03:00,2024-04-30T12:30:00-03:00,0.0,,False
2024-04-30T14:00:00-03:00,86472000,2024-04-30T13:30:00-03:00,2024-04-30T13:30:00-03:00,0.0,,False
2024-04-30T15:00:00-03:00,86472000,2024-04-30T14:30:00-03:00,2024-04-30T14:30:00-03:00,0.0,,False
2024-04-30T16:00:00-03:00,86472000,2024-04-30T15:30:00-03:00,2024-04-30T15:30:00-03:00,0.0,,False
2024-04-30T17:00:00-03:00,86472000,2024-04-30T16:30:00-03:00,2024-04-30T16:30:00-03:00,0.0,,False
2024-04-30T18:00:00-03:00,86472000,2024-04-30T17:30:00-03:00,2024-04-30T17:30:00-03:00,0.0,,False
2024-04-30T19:00:00-03:00,86472000,2024-04-30T18:30:00-03:00,2024-04-30T18:30:00-03:00,0.0,,False
2024-04-30T20:00:00-03:00,86472000,2024-04-30T19:30:00-03:00,2024-04-30T19:30:00-03:00,0.0,,False
2024-04-30T21:00:00-03:00,86472000,2024-04-30T20:30:00-03:00,2024-04-30T20:30:00-03:00,0.0,,False
2024-04-30T22:00:00-03:00,86472000,2024-04-30T21:30:00-03:00,2024-04-30T21:30:00-03:00,0.0,,False
2024-04-30T23:00:00-03:00,86472000,2024-04-30T22:30:00-03:00,2024-04-30T22:30:00-03:00,0.0,,False
2024-05-01T00:00:00-03:00,86472000,2024-04-30T23:30:00-03:00,2024-04-30T23:30:00-03:00,0.0,,False
2024-05-01T01:00:00-03:00,86472000,2024-05-01T00:30:00-03:00,2024-05-01T00:30:00-03:00,0.0,13.6,True
2024-05-01T02:00:00-03:00,86472000,2024-05-01T01:30:00-03:00,2024-05-01T01:30:00-03:00,0.0,13.18,True
2024-05-01T03:00:00-03:00,86472000,2024-05-01T02:30:00-03:00,2024-05-01T02:30:00-03:00,0.0,12.85,True
2024-05-01T04:00:00-03:00,86472000,2024-05-01T03:30:00-03:00,2024-05-01T03:30:00-03:00,0.0,12.52,True
2024-05-01T05:00:00-03:00,86472000,2024-05-01T04:30:00-03:00,2024-05-01T04:30:00-03:00,0.0,12.57,True
2024-05-01T06:00:00-03:00,86472000,2024-05-01T05:30:00-03:00,2024-05-01T05:30:00-03:00,0.0,12.95,True
2024-05-01T07:00:00-03:00,86472000,2024-05-01T06:30:00-03:00,2024-05-01T06:30:00-03:00,0.0,13.43,True
2024-05-01T08:00:00-03:00,86472000,2024-05-01T07:30:00-03:00,2024-05-01T07:30:00-03:00,0.0,13.99,True
2024-05-01T09:00:00-03:00,86472000,2024-05-01T08:30:00-03:00,2024-05-01T08:30:00-03:00,0.0,14.81,True
2024-05-01T10:00:00-03:00,86472000,2024-05-01T09:30:00-03:00,2024-05-01T09:30:00-03:00,0.0,16.39,True
2024-05-01T11:00:00-03:00,86472000,2024-05-01T10:30:00-03:00,2024-05-01T10:30:00-03:00,0.0,18.02,True
2024-05-01T12:00:00-03:00,86472000,2024-05-01T11:30:00-03:00,2024-05-01T11:30:00-03:00,0.0,20.16,True
2024-05-01T13:00:00-03:00,86472000,2024-05-01T12:30:00-03:00,2024-05-01T12:30:00-03:00,0.0,22.37,True
2024-05-01T14:00:00-03:00,86472000,2024-05-01T13:30:00-03:00,2024-05-01T13:30:00-03:00,0.0,23.59,True
2024-05-01T15:00:00-03:00,86472000,2024-05-01T14:30:00-03:00,2024-05-01T14:30:00-03:00,0.0,24.28,True
2024-05-01T16:00:00-03:00,86472000,2024-05-01T15:30:00-03:00,2024-05-01T15:30:00-03:00,0.0,24.81,True
2024-05-01T17:00:00-03:00,86472000,2024-05-01T16:30:00-03:00,2024-05-01T16:30:00-03:00,0.0,25.07,True
2024-05-01T18:00:00-03:00,86472000,2024-05-01T17:30:00-03:00,2024-05-01T17:30:00-03:00,0.0,25.03,True
2024-05-01T19:00:00-03:00,86472000,2024-05-01T18:30:00-03:00,2024-05-01T18:30:00-03:00,0.0,24.9,True
2024-05-01T20:00:00-03:00,86472000,2024-05-01T19:30:00-03:00,2024-05-01T19:30:00-03:00,0.0,24.93,True
2024-05-01T21:00:00-03:00,86472000,2024-05-01T20:30:00-03:00,2024-05-01T20:30:00-03:00,0.0,24.55,True
2024-05-01T22:00:00-03:00,86472000,2024-05-01T21:30:00-03:00,2024-05-01T21:30:00-03:00,0.0,24.27,True
2024-05-01T23:00:00-03:00,86472000,2024-05-01T22:30:00-03:00,2024-05-01T22:30:00-03:00,0.0,23.76,True
2024-04-01T00:00:00-03:00,86472600,2024-03-31T23:45:00-03:00,2024-03-31T23:45:00-03:00,0.0,1.6,True
2024-04-01T01:00:00-03:00,86472600,2024-04-01T00:45:00-03:00,2024-04-01T00:45:00-03:00,0.0,1.64,True
2024-04-01T02:00:00-03:00,86472600,2024-04-01T01:45:00-03:00,2024-04-01T01:45:00-03:00,0.0,1.84,True
2024-04-01T03:00:00-03:00,86472600,2024-04-01T02:45:00-03:00,2024-04-01T02:45:00-03:00,0.0,2.18,True
2024-04-01T04:00:00-03:00,86472600,2024-04-01T03:45:00-03:00,2024-04-01T03:45:00-03:00,0.0,2.43,True
2024-04-01T05:00:00-03:00,86472600,2024-04-01T04:45:00-03:00,2024-04-01T04:45:00-03:00,0.0,2.45,True
2024-04-01T06:00:00-03:00,86472600,2024-04-01T05:45:00-03:00,2024-04-01T05:45:00-03:00,0.0,2.33,True
2024-04-01T07:00:00-03:00,86472600,2024-04-01T06:45:00-03:00,2024-04-01T06:45:00-03:00,0.0,2.17,True
2024-04-01T08:00:00-03:00,86472600,2024-04-01T07:45:00-03:00,2024-04-01T07:45:00-03:00,0.0,2.02,True
2024-04-01T09:00:00-03:00,86472600,2024-04-01T08:45:00-03:00,2024-04-01T08:45:00-03:00,0.0,1.89,True
2024-04-01T10:00:00-03:00,86472600,2024-04-01T09:45:00-03:00,2024-04-01T09:45:00-03:00,0.0,1.8,True
2024-04-01T11:00:00-03:00,86472600,2024-04-01T10:45:00-03:00,2024-04-01T10:45:00-03:00,0.0,1.73,True
2024-04-01T12:00:00-03:00,86472600,2024-04-01T11:45:00-03:00,2024-04-01T11:45:00-03:00,0.0,1.68,True
2024-04-01T13:00:00-03:00,86472600,2024-04-01T12:45:00-03:00,2024-04-01T12:45:00-03:00,0.0,1.65,True
2024-04-01T14:00:00-03:00,86472600,2024-04-01T13:45:00-03:00,2024-04-01T13:45:00-03:00,0.0,1.63,True
2024-04-01T15:00:00-03:00,86472600,2024-04-01T14:45:00-03:00,2024-04-01T14:45:00-03:00,0.0,1.61,True
2024-04-01T16:00:00-03:00,86472600,2024-04-01T15:45:00-03:00,2024-04-01T15:45:00-03:00,0.0,1.6,True
2024-04-01T17:00:00-03:00,86472600,2024-04-01T16:45:00-03:00,2024-04-01T16:45:00-03:00,0.0,1.6,True
2024-04-01T18:00:00-03:00,86472600,2024-04-01T17:45:00-03:00,2024-04-01T17:45:00-03:00,0.0,1.6,True
2024-04-01T19:00:00-03:00,86472600,2024-04-01T18:45:00-03:00,2024-04-01T18:45:00-03:00,0.0,1.6,True
2024-04-01T20:00:00-03:00,86472600,2024-04-01T19:45:00-03:00,2024-04-01T19:45:00-03:00,0.0,1.62,True
2024-04-01T21:00:00-03:00,86472600,2024-04-01T20:45:00-03:00,2024-04-01T20:45:00-03:00,0.0,1.61,True
2024-04-01T22:00:00-03:00,86472600,2024-04-01T21:45:00-03:00,2024-04-01T21:45:00-03:00,0.0,1.61,True
2024-04-01T23:00:00-03:00,86472600,2024-04-01T22:45:00-03:00,2024-04-01T22:45:00-03:00,0.0,1.61,True
2024-04-02T00:00:00-03:00,86472600,2024-04-01T23:45:00-03:00,2024-04-01T23:45:00-03:00,0.0,1.85,True
2024-04-02T01:00:00-03:00,86472600,2024-04-02T00:45:00-03:00,2024-04-02T00:45:00-03:00,0.0,2.55,True
2024-04-02T02:00:00-03:00,86472600,2024-04-02T01:45:00-03:00,2024-04-02T01:45:00-03:00,0.0,2.88,True
2024-04-02T03:00:00-03:00,86472600,2024-04-02T02:45:00-03:00,2024-04-02T02:45:00-03:00,0.0,2.83,True
2024-04-02T04:00:00-03:00,86472600,2024-04-02T03:45:00-03:00,2024-04-02T03:45:00-03:00,0.0,2.68,True
2024-04-02T05:00:00-03:00,86472600,2024-04-02T04:45:00-03:00,2024-04-02T04:45:00-03:00,0.0,2.51,True
2024-04-02T06:00:00-03:00,86472600,2024-04-02T05:45:00-03:00,2024-04-02T05:45:00-03:00,0.0,2.32,True
2024-04-02T07:00:00-03:00,86472600,2024-04-02T06:45:00-03:00,2024-04-02T06:45:00-03:00,0.0,2.13,True
2024-04-02T08:00:00-03:00,86472600,2024-04-02T07:45:00-03:00,2024-04-02T07:45:00-03:00,0.0,1.96,True
2024-04-02T09:00:00-03:00,86472600,2024-04-02T08:45:00-03:00,2024-04-02T08:45:00-03:00,0.0,1.82,True
2024-04-02T10:00:00-03:00,86472600,2024-04-02T09:45:00-03:00,2024-04-02T09:45:00-03:00,0.0,1.71,True
2024-04-02T11:00:00-03:00,86472600,2024-04-02T10:45:00-03:00,2024-04-02T10:45:00-03:00,0.0,1.62,True
2024-04-02T12:00:00-03:00,86472600,2024-04-02T11:45:00-03:00,2024-04-02T11:45:00-03:00,0.0,1.56,True
2024-04-02T13:00:00-03:00,86472600,2024-04-02T12:45:00-03:00,2024-04-02T12:45:00-03:00,0.0,1.53,True
2024-04-02T14:00:00-03:00,86472600,2024-04-02T13:45:00-03:00,2024-04-02T13:45:00-03:00,0.0,1.55,True
2024-04-02T15:00:00-03:00,86472600,2024-04-02T14:45:00-03:00,2024-04-02T14:45:00-03:00,0.0,1.59,True
2024-04-02T16:00:00-03:00,86472600,2024-04-02T15:45:00-03:00,2024-04-02T15:45:00-03:00,0.0,1.62,True
2024-04-02T17:00:00-03:00,86472600,2024-04-02T16:45:00-03:00,2024-04-02T16:45:00-03:00,0.0,1.65,True
2024-04-02T18:00:00-03:00,86472600,2024-04-02T17:45:00-03:00,2024-04-02T17:45:00-03:00,0.0,1.66,True
2024-04-02T19:00:00-03:00,86472600,2024-04-02T18:45:00-03:00,2024-04-02T18:45:00-03:00,0.0,1.72,True
2024-04-02T20:00:00-03:00,86472600,2024-04-02T19:45:00-03:00,2024-04-02T19:45:00-03:00,0.0,1.9,True
2024-04-02T21:00:00-03:00,86472600,2024-04-02T20:45:00-03:00,2024-04-02T20:45:00-03:00,0.0,2.13,True
2024-04-02T22:00:00-03:00,86472600,2024-04-02T21:45:00-03:00,2024-04-02T21:45:00-03:00,0.0,2.28,True
2024-04-02T23:00:00-03:00,86472600,2024-04-02T22:45:00-03:00,2024-04-02T22:45:00-03:00,0.0,2.47,True
2024-04-03T00:00:00-03:00,86472600,2024-04-02T23:45:00-03:00,2024-04-02T23:45:00-03:00,0.0,2.78,True
2024-04-03T01:00:00-03:00,86472600,2024-04-03T00:45:00-03:00,2024-04-03T00:45:00-03:00,0.0,2.82,True
2024-04-03T02:00:00-03:00,86472600,2024-04-03T01:45:00-03:00,2024-04-03T01:45:00-03:00,0.0,2.7,True
2024-04-03T03:00:00-03:00,86472600,2024-04-03T02:45:00-03:00,2024-04-03T02:45:00-03:00,0.0,2.52,True
2024-04-03T04:00:00-03:00,86472600,2024-04-03T03:45:00-03:00,2024-04-03T03:45:00-03:00,0.0,2.33,True
2024-04-03T05:00:00-03:00,86472600,2024-04-03T04:45:00-03:00,2024-04-03T04:45:00-03:00,0.0,2.16,True
2024-04-03T06:00:00-03:00,86472600,2024-04-03T05:45:00-03:00,2024-04-03T05:45:00-03:00,0.0,2.01,True
2024-04-03T07:00:00-03:00,86472600,2024-04-03T06:45:00-03:00,2024-04-03T06:45:00-03:00,0.0,1.88,True
2024-04-03T08:00:00-03:00,86472600,2024-04-03T07:45:00-03:00,2024-04-03T07:45:00-03:00,0.0,1.78,True
2024-04-03T09:00:00-03:00,86472600,2024-04-03T08:45:00-03:00,2024-04-03T08:45:00-03:00,0.0,1.7,True
2024-04-03T10:00:00-03:00,86472600,2024-04-03T09:45:00-03:00,2024-04-03T09:45:00-03:00,0.0,1.64,True
2024-04-03T11:00:00-03:00,86472600,2024-04-03T10:45:00-03:00,2024-04-03T10:45:00-03:00,0.0,1.6,True
2024-04-03T12:00:00-03:00,86472600,2024-04-03T11:45:00-03:00,2024-04-03T11:45:00-03:00,0.0,1.57,True
2024-04-03T13:00:00-03:00,86472600,2024-04-03T12:45:00-03:00,2024-04-03T12:45:00-03:00,0.0,1.55,True
2024-04-03T14:00:00-03:00,86472600,2024-04-03T13:45:00-03:00,2024-04-03T13:45:00-03:00,0.0,1.54,True
2024-04-03T15:00:00-03:00,86472600,2024-04-03T14:45:00-03:00,2024-04-03T14:45:00-03:00,0.0,1.53,True
2024-04-03T16:00:00-03:00,86472600,2024-04-03T15:45:00-03:00,2024-04-03T15:45:00-03:00,0.0,1.52,True
2024-04-03T17:00:00-03:00,86472600,2024-04-03T16:45:00-03:00,2024-04-03T16:45:00-03:00,0.0,1.52,True
2024-04-03T18:00:00-03:00,86472600,2024-04-03T17:45:00-03:00,2024-04-03T17:45:00-03:00,0.0,1.52,True
2024-04-03T19:00:00-03:00,86472600,2024-04-03T18:45:00-03:00,2024-04-03T18:45:00-03:00,0.0,1.52,True
2024-04-03T20:00:00-03:00,86472600,2024-04-03T19:45:00-03:00,2024-04-03T19:45:00-03:00,0.0,1.52,True
2024-04-03T21:00:00-03:00,86472600,2024-04-03T20:45:00-03:00,2024-04-03T20:45:00-03:00,0.0,1.52,True
2024-04-03T22:00:00-03:00,86472600,2024-04-03T21:45:00-03:00,2024-04-03T21:45:00-03:00,0.0,1.52,True
2024-04-03T23:00:00-03:00,86472600,2024-04-03T22:45:00-03:00,2024-04-03T22:45:00-03:00,0.0,1.6,True
2024-04-04T00:00:00-03:00,86472600,2024-04-03T23:45:00-03:00,2024-04-03T23:45:00-03:00,0.0,1.9,True
2024-04-04T01:00:00-03:00,86472600,2024-04-04T00:45:00-03:00,2024-04-04T00:45:00-03:00,0.0,2.21,True
2024-04-04T02:00:00-03:00,86472600,2024-04-04T01:45:00-03:00,2024-04-04T01:45:00-03:00,0.0,2.36,True
2024-04-04T03:00:00-03:00,86472600,2024-04-04T02:45:00-03:00,2024-04-04T02:45:00-03:00,0.0,2.43,True
2024-04-04T04:00:00-03:00,86472600,2024-04-04T03:45:00-03:00,2024-04-04T03:45:00-03:00,0.0,2.47,True
2024-04-04T05:00:00-03:00,86472600,2024-04-04T04:45:00-03:00,2024-04-04T04:45:00-03:00,0.0,2.45,True
2024-04-04T06:00:00-03:00,86472600,2024-04-04T05:45:00-03:00,2024-04-04T05:45:00-03:00,0.0,2.33,True
2024-04-04T07:00:00-03:00,86472600,2024-04-04T06:45:00-03:00,2024-04-04T06:45:00-03:00,0.0,2.17,True
2024-04-04T08:00:00-03:00,86472600,2024-04-04T07:45:00-03:00,2024-04-04T07:45:00-03:00,0.0,2.02,True
2024-04-04T09:00:00-03:00,86472600,2024-04-04T08:45:00-03:00,2024-04-04T08:45:00-03:00,0.0,1.88,True
2024-04-04T10:00:00-03:00,86472600,2024-04-04T09:45:00-03:00,2024-04-04T09:45:00-03:00,0.0,1.78,True
2024-04-04T11:00:00-03:00,86472600,2024-04-04T10:45:00-03:00,2024-04-04T10:45:00-03:00,0.0,1.7,True
2024-04-04T12:00:00-03:00,86472600,2024-04-04T11:45:00-03:00,2024-04-04T11:45:00-03:00,0.0,1.64,True
2024-04-04T13:00:00-03:00,86472600,2024-04-04T12:45:00-03:00,2024-04-04T12:45:00-03:00,0.0,1.6,True
2024-04-04T14:00:00-03:00,86472600,2024-04-04T13:45:00-03:00,2024-04-04T13:45:00-03:00,0.0,1.57,True
2024-04-04T15:00:00-03:00,86472600,2024-04-04T14:45:00-03:00,2024-04-04T14:45:00-03:00,0.0,1.55,True
2024-04-04T16:00:00-03:00,86472600,2024-04-04T15:45:00-03:00,2024-04-04T15:45:00-03:00,0.0,,False
2024-04-04T17:00:00-03:00,86472600,2024-04-04T16:45:00-03:00,2024-04-04T16:45:00-03:00,0.0,,False
2024-04-04T18:00:00-03:00,86472600,2024-04-04T17:45:00-03:00,2024-04-04T17:45:00-03:00,0.0,1.52,True
2024-04-04T19:00:00-03:00,86472600,2024-04-04T18:45:00-03:00,2024-04-04T18:45:00-03:00,0.0,1.52,True
2024-04-04T20:00:00-03:00,86472600,2024-04-04T19:45:00-03:00,2024-04-04T19:45:00-03:00,0.0,1.52,True
2024-04-04T21:00:00-03:00,86472600,2024-04-04T20:45:00-03:00,2024-04-04T20:45:00-03:00,0.0,1.52,True
2024-04-04T22:00:00-03:00,86472600,2024-04-04T21:45:00-03:00,2024-04-04T21:45:00-03:00,0.0,1.52,True
2024-04-04T23:00:00-03:00,86472600,2024-04-04T22:45:00-03:00,2024-04-04T22:45:00-03:00,0.0,1.55,True
2024-04-05T00:00:00-03:00,86472600,2024-04-04T23:45:00-03:00,2024-04-04T23:45:00-03:00,0.0,1.72,True
2024-04-05T01:00:00-03:00,86472600,2024-04-05T00:45:00-03:00,2024-04-05T00:45:00-03:00,0.0,1.96,True
2024-04-05T02:00:00-03:00,86472600,2024-04-05T01:45:00-03:00,2024-04-05T01:45:00-03:00,0.0,2.13,True
2024-04-05T03:00:00-03:00,86472600,2024-04-05T02:45:00-03:00,2024-04-05T02:45:00-03:00,0.0,2.22,True
2024-04-05T04:00:00-03:00,86472600,2024-04-05T03:45:00-03:00,2024-04-05T03:45:00-03:00,0.0,2.26,True
2024-04-05T05:00:00-03:00,86472600,2024-04-05T04:45:00-03:00,2024-04-05T04:45:00-03:00,0.0,2.25,True
2024-04-05T06:00:00-03:00,86472600,2024-04-05T05:45:00-03:00,2024-04-05T05:45:00-03:00,0.0,2.17,True
2024-04-05T07:00:00-03:00,86472600,2024-04-05T06:45:00-03:00,2024-04-05T06:45:00-03:00,0.0,2.05,True
2024-04-05T08:00:00-03:00,86472600,2024-04-05T07:45:00-03:00,2024-04-05T07:45:00-03:00,0.0,1.92,True
2024-04-05T09:00:00-03:00,86472600,2024-04-05T08:45:00-03:00,2024-04-05T08:45:00-03:00,0.0,1.81,True
2024-04-05T10:00:00-03:00,86472600,2024-04-05T09:45:00-03:00,2024-04-05T09:45:00-03:00,0.0,1.72,True
2024-04-05T11:00:00-03:00,86472600,2024-04-05T10:45:00-03:00,2024-04-05T10:45:00-03:00,0.0,1.66,True
2024-04-05T12:00:00-03:00,86472600,2024-04-05T11:45:00-03:00,2024-04-05T11:45:00-03:00,0.0,1.61,True
2024-04-05T13:00:00-03:00,86472600,2024-04-05T12:45:00-03:00,2024-04-05T12:45:00-03:00,0.0,1.58,True
2024-04-05T14:00:00-03:00,86472600,2024-04-05T13:45:00-03:00,2024-04-05T13:45:00-03:00,0.0,1.56,True
2024-04-05T15:00:00-03:00,86472600,2024-04-05T14:45:00-03:00,2024-04-05T14:45:00-03:00,0.0,1.55,True
2024-04-05T16:00:00-03:00,86472600,2024-04-05T15:45:00-03:00,2024-04-05T15:45:00-03:00,0.0,1.56,True
2024-04-05T17:00:00-03:00,86472600,2024-04-05T16:45:00-03:00,2024-04-05T16:45:00-03:00,0.0,1.57,True
2024-04-05T18:00:00-03:00,86472600,2024-04-05T17:45:00-03:00,2024-04-05T17:45:00-03:00,0.0,1.59,True
2024-04-05T19:00:00-03:00,86472600,2024-04-05T18:45:00-03:00,2024-04-05T18:45:00-03:00,0.0,1.6,True
2024-04-05T20:00:00-03:00,86472600,2024-04-05T19:45:00-03:00,2024-04-05T19:45:00-03:00,0.0,1.61,True
2024-04-05T21:00:00-03:00,86472600,2024-04-05T20:45:00-03:00,2024-04-05T20:45:00-03:00,0.0,1.61,True
2024-04-05T22:00:00-03:00,86472600,2024-04-05T21:45:00-03:00,2024-04-05T21:45:00-03:00,0.0,1.61,True
2024-04-05T23:00:00-03:00,86472600,2024-04-05T22:45:00-03:00,2024-04-05T22:45:00-03:00,0.0,1.63,True
2024-04-06T00:00:00-03:00,86472600,2024-04-05T23:45:00-03:00,2024-04-05T23:45:00-03:00,0.0,1.76,True
2024-04-06T01:00:00-03:00,86472600,2024-04-06T00:45:00-03:00,2024-04-06T00:45:00-03:00,0.0,1.97,True
2024-04-06T02:00:00-03:00,86472600,2024-04-06T01:45:00-03:00,2024-04-06T01:45:00-03:00,0.0,2.13,True
2024-04-06T03:00:00-03:00,86472600,2024-04-06T02:45:00-03:00,2024-04-06T02:45:00-03:00,0.0,2.21,True
2024-04-06T04:00:00-03:00,86472600,2024-04-06T03:45:00-03:00,2024-04-06T03:45:00-03:00,0.0,2.24,True
2024-04-06T05:00:00-03:00,86472600,2024-04-06T04:45:00-03:00,2024-04-06T04:45:00-03:00,0.0,2.21,True
2024-04-06T06:00:00-03:00,86472600,2024-04-06T05:45:00-03:00,2024-04-06T05:45:00-03:00,0.0,2.12,True
2024-04-06T07:00:00-03:00,86472600,2024-04-06T06:45:00-03:00,2024-04-06T06:45:00-03:00,0.0,2.0,True
2024-04-06T08:00:00-03:00,86472600,2024-04-06T07:45:00-03:00,2024-04-06T07:45:00-03:00,0.0,1.88,True
2024-04-06T09:00:00-03:00,86472600,2024-04-06T08:45:00-03:00,2024-04-06T08:45:00-03:00,0.0,1.78,True
2024-04-06T10:00:00-03:00,86472600,2024-04-06T09:45:00-03:00,2024-04-06T09:45:00-03:00,0.0,1.7,True
2024-04-06T11:00:00-03:00,86472600,2024-04-06T10:45:00-03:00,2024-04-06T10:45:00-03:00,0.0,1.64,True
2024-04-06T12:00:00-03:00,86472600,2024-04-06T11:45:00-03:00,2024-04-06T11:45:00-03:00,0.0,1.6,True
2024-04-06T13:00:00-03:00,86472600,2024-04-06T12:45:00-03:00,2024-04-06T12:45:00-03:00,0.0,1.57,True
2024-04-06T14:00:00-03:00,86472600,2024-04-06T13:45:00-03:00,2024-04-06T13:45:00-03:00,0.0,1.57,True
2024-04-06T15:00:00-03:00,86472600,2024-04-06T14:45:00-03:00,2024-04-06T14:45:00-03:00,0.0,1.58,True
2024-04-06T16:00:00-03:00,86472600,2024-04-06T15:45:00-03:00,2024-04-06T15:45:00-03:00,0.0,1.59,True
2024-04-06T17:00:00-03:00,86472600,2024-04-06T16:45:00-03:00,2024-04-06T16:45:00-03:00,0.0,1.6,True
2024-04-06T18:00:00-03:00,86472600,2024-04-06T17:45:00-03:00,2024-04-06T17:45:00-03:00,0.0,1.61,True
2024-04-06T19:00:00-03:00,86472600,2024-04-06T18:45:00-03:00,2024-04-06T18:45:00-03:00,0.0,1.61,True
2024-04-06T20:00:00-03:00,86472600,2024-04-06T19:45:00-03:00,2024-04-06T19:45:00-03:00,0.0,1.6,True
2024-04-06T21:00:00-03:00,86472600,2024-04-06T20:45:00-03:00,2024-04-06T20:45:00-03:00,0.0,1.59,True
2024-04-06T22:00:00-03:00,86472600,2024-04-06T21:45:00-03:00,2024-04-06T21:45:00-03:00,0.0,1.58,True
2024-04-06T23:00:00-03:00,86472600,2024-04-06T22:45:00-03:00,2024-04-06T22:45:00-03:00,0.0,1.57,True
2024-04-07T00:00:00-03:00,86472600,2024-04-06T23:45:00-03:00,2024-04-06T23:45:00-03:00,0.0,1.56,True
2024-04-07T01:00:00-03:00,86472600,2024-04-07T00:45:00-03:00,2024-04-07T00:45:00-03:00,0.0,1.54,True
2024-04-07T02:00:00-03:00,86472600,2024-04-07T01:45:00-03:00,2024-04-07T01:45:00-03:00,0.0,1.53,True
2024-04-07T03:00:00-03:00,86472600,2024-04-07T02:45:00-03:00,2024-04-07T02:45:00-03:00,0.0,1.52,True
2024-04-07T04:00:00-03:00,86472600,2024-04-07T03:45:00-03:00,2024-04-07T03:45:00-03:00,0.0,1.52,True
2024-04-07T05:00:00-03:00,86472600,2024-04-07T04:45:00-03:00,2024-04-07T04:45:00-03:00,0.0,1.51,True
2024-04-07T06:00:00-03:00,86472600,2024-04-07T05:45:00-03:00,2024-04-07T05:45:00-03:00,0.0,1.51,True
2024-04-07T07:00:00-03:00,86472600,2024-04-07T06:45:00-03:00,2024-04-07T06:45:00-03:00,0.0,1.51,True
2024-04-07T08:00:00-03:00,86472600,2024-04-07T07:45:00-03:00,2024-04-07T07:45:00-03:00,0.0,1.54,True
2024-04-07T09:00:00-03:00,86472600,2024-04-07T08:45:00-03:00,2024-04-07T08:45:00-03:00,0.0,1.55,True
2024-04-07T10:00:00-03:00,86472600,2024-04-07T09:45:00-03:00,2024-04-07T09:45:00-03:00,0.0,1.56,True
2024-04-07T11:00:00-03:00,86472600,2024-04-07T10:45:00-03:00,2024-04-07T10:45:00-03:00,0.0,1.56,True
2024-04-07T12:00:00-03:00,86472600,2024-04-07T11:45:00-03:00,2024-04-07T11:45:00-03:00,0.0,1.57,True
2024-04-07T13:00:00-03:00,86472600,2024-04-07T12:45:00-03:00,2024-04-07T12:45:00-03:00,0.0,1.59,True
2024-04-07T14:00:00-03:00,86472600,2024-04-07T13:45:00-03:00,2024-04-07T13:45:00-03:00,0.0,1.68,True
2024-04-07T15:00:00-03:00,86472600,2024-04-07T14:45:00-03:00,2024-04-07T14:45:00-03:00,0.0,1.71,True
2024-04-07T16:00:00-03:00,86472600,2024-04-07T15:45:00-03:00,2024-04-07T15:45:00-03:00,0.0,1.7,True
2024-04-07T17:00:00-03:00,86472600,2024-04-07T16:45:00-03:00,2024-04-07T16:45:00-03:00,0.0,1.69,True
2024-04-07T18:00:00-03:00,86472600,2024-04-07T17:45:00-03:00,2024-04-07T17:45:00-03:00,0.0,1.68,True
2024-04-07T19:00:00-03:00,86472600,2024-04-07T18:45:00-03:00,2024-04-07T18:45:00-03:00,0.0,1.69,True
2024-04-07T20:00:00-03:00,86472600,2024-04-07T19:45:00-03:00,2024-04-07T19:45:00-03:00,0.0,1.69,True
2024-04-07T21:00:00-03:00,86472600,2024-04-07T20:45:00-03:00,2024-04-07T20:45:00-03:00,0.0,1.72,True
2024-04-07T22:00:00-03:00,86472600,2024-04-07T21:45:00-03:00,2024-04-07T21:45:00-03:00,0.0,1.8,True
2024-04-07T23:00:00-03:00,86472600,2024-04-07T22:45:00-03:00,2024-04-07T22:45:00-03:00,0.0,2.07,True
2024-04-08T00:00:00-03:00,86472600,2024-04-07T23:45:00-03:00,2024-04-07T23:45:00-03:00,0.0,2.25,True
2024-04-08T01:00:00-03:00,86472600,2024-04-08T00:45:00-03:00,2024-04-08T00:45:00-03:00,0.0,2.36,True
2024-04-08T02:00:00-03:00,86472600,2024-04-08T01:45:00-03:00,2024-04-08T01:45:00-03:00,0.0,2.41,True
2024-04-08T03:00:00-03:00,86472600,2024-04-08T02:45:00-03:00,2024-04-08T02:45:00-03:00,0.0,2.45,True
2024-04-08T04:00:00-03:00,86472600,2024-04-08T03:45:00-03:00,2024-04-08T03:45:00-03:00,0.0,2.47,True
2024-04-08T05:00:00-03:00,86472600,2024-04-08T04:45:00-03:00,2024-04-08T04:45:00-03:00,0.0,2.49,True
2024-04-08T06:00:00-03:00,86472600,2024-04-08T05:45:00-03:00,2024-04-08T05:45:00-03:00,0.0,2.51,True
2024-04-08T07:00:00-03:00,86472600,2024-04-08T06:45:00-03:00,2024-04-08T06:45:00-03:00,0.0,2.51,True
2024-04-08T08:00:00-03:00,86472600,2024-04-08T07:45:00-03:00,2024-04-08T07:45:00-03:00,0.0,2.51,True
2024-04-08T09:00:00-03:00,86472600,2024-04-08T08:45:00-03:00,2024-04-08T08:45:00-03:00,0.0,2.49,True
2024-04-08T10:00:00-03:00,86472600,2024-04-08T09:45:00-03:00,2024-04-08T09:45:00-03:00,0.0,2.46,True
2024-04-08T11:00:00-03:00,86472600,2024-04-08T10:45:00-03:00,2024-04-08T10:45:00-03:00,0.0,2.41,True
2024-04-08T12:00:00-03:00,86472600,2024-04-08T11:45:00-03:00,2024-04-08T11:45:00-03:00,0.0,2.35,True
2024-04-08T13:00:00-03:00,86472600,2024-04-08T12:45:00-03:00,2024-04-08T12:45:00-03:00,0.0,2.29,True
2024-04-08T14:00:00-03:00,86472600,2024-04-08T13:45:00-03:00,2024-04-08T13:45:00-03:00,0.0,2.25,True
2024-04-08T15:00:00-03:00,86472600,2024-04-08T14:45:00-03:00,2024-04-08T14:45:00-03:00,0.0,2.22,True
2024-04-08T16:00:00-03:00,86472600,2024-04-08T15:45:00-03:00,2024-04-08T15:45:00-03:00,0.0,2.2,True
2024-04-08T17:00:00-03:00,86472600,2024-04-08T16:45:00-03:00,2024-04-08T16:45:00-03:00,0.0,2.19,True
2024-04-08T18:00:00-03:00,86472600,2024-04-08T17:45:00-03:00,2024-04-08T17:45:00-03:00,0.0,2.19,True
2024-04-08T19:00:00-03:00,86472600,2024-04-08T18:45:00-03:00,2024-04-08T18:45:00-03:00,0.0,2.18,True
2024-04-08T20:00:00-03:00,86472600,2024-04-08T19:45:00-03:00,2024-04-08T19:45:00-03:00,0.0,2.18,True
2024-04-08T21:00:00-03:00,86472600,2024-04-08T20:45:00-03:00,2024-04-08T20:45:00-03:00,0.0,2.18,True
2024-04-08T22:00:00-03:00,86472600,2024-04-08T21:45:00-03:00,2024-04-08T21:45:00-03:00,0.0,2.18,True
2024-04-08T23:00:00-03:00,86472600,2024-04-08T22:45:00-03:00,2024-04-08T22:45:00-03:00,0.0,2.18,True
2024-04-09T00:00:00-03:00,86472600,2024-04-08T23:45:00-03:00,2024-04-08T23:45:00-03:00,0.0,2.18,True
2024-04-09T01:00:00-03:00,86472600,2024-04-09T00:45:00-03:00,2024-04-09T00:45:00-03:00,0.0,2.18,True
2024-04-09T02:00:00-03:00,86472600,2024-04-09T01:45:00-03:00,2024-04-09T01:45:00-03:00,0.0,2.18,True
2024-04-09T03:00:00-03:00,86472600,2024-04-09T02:45:00-03:00,2024-04-09T02:45:00-03:00,0.0,2.18,True
2024-04-09T04:00:00-03:00,86472600,2024-04-09T03:45:00-03:00,2024-04-09T03:45:00-03:00,0.0,2.18,True
2024-04-09T05:00:00-03:00,86472600,2024-04-09T04:45:00-03:00,2024-04-09T04:45:00-03:00,0.0,2.18,True
2024-04-09T06:00:00-03:00,86472600,2024-04-09T05:45:00-03:00,2024-04-09T05:45:00-03:00,0.0,2.18,True
2024-04-09T07:00:00-03:00,86472600,2024-04-09T06:45:00-03:00,2024-04-09T06:45:00-03:00,0.0,2.18,True
2024-04-09T08:00:00-03:00,86472600,2024-04-09T07:45:00-03:00,2024-04-09T07:45:00-03:00,0.0,2.18,True
2024-04-09T09:00:00-03:00,86472600,2024-04-09T08:45:00-03:00,2024-04-09T08:45:00-03:00,0.0,2.18,True
2024-04-09T10:00:00-03:00,86472600,2024-04-09T09:45:00-03:00,2024-04-09T09:45:00-03:00,0.0,2.18,True
2024-04-09T11:00:00-03:00,86472600,2024-04-09T10:45:00-03:00,2024-04-09T10:45:00-03:00,0.0,2.18,True
2024-04-09T12:00:00-03:00,86472600,2024-04-09T11:45:00-03:00,2024-04-09T11:45:00-03:00,0.0,2.18,True
2024-04-09T13:00:00-03:00,86472600,2024-04-09T12:45:00-03:00,2024-04-09T12:45:00-03:00,0.0,2.17,True
2024-04-09T14:00:00-03:00,86472600,2024-04-09T13:45:00-03:00,2024-04-09T13:45:00-03:00,0.0,2.15,True
2024-04-09T15:00:00-03:00,86472600,2024-04-09T14:45:00-03:00,2024-04-09T14:45:00-03:00,0.0,2.13,True
2024-04-09T16:00:00-03:00,86472600,2024-04-09T15:45:00-03:00,2024-04-09T15:45:00-03:00,0.0,2.11,True
2024-04-09T17:00:00-03:00,86472600,2024-04-09T16:45:00-03:00,2024-04-09T16:45:00-03:00,0.0,2.09,True
2024-04-09T18:00:00-03:00,86472600,2024-04-09T17:45:00-03:00,2024-04-09T17:45:00-03:00,0.0,2.08,True
2024-04-09T19:00:00-03:00,86472600,2024-04-09T18:45:00-03:00,2024-04-09T18:45:00-03:00,0.0,2.08,True
2024-04-09T20:00:00-03:00,86472600,2024-04-09T19:45:00-03:00,2024-04-09T19:45:00-03:00,0.0,2.08,True
2024-04-09T21:00:00-03:00,86472600,2024-04-09T20:45:00-03:00,2024-04-09T20:45:00-03:00,0.0,2.11,True
2024-04-09T22:00:00-03:00,86472600,2024-04-09T21:45:00-03:00,2024-04-09T21:45:00-03:00,0.0,2.13,True
2024-04-09T23:00:00-03:00,86472600,2024-04-09T22:45:00-03:00,2024-04-09T22:45:00-03:00,0.0,2.15,True
2024-04-10T00:00:00-03:00,86472600,2024-04-09T23:45:00-03:00,2024-04-09T23:45:00-03:00,0.0,2.16,True
2024-04-10T01:00:00-03:00,86472600,2024-04-10T00:45:00-03:00,2024-04-10T00:45:00-03:00,0.0,2.17,True
2024-04-10T02:00:00-03:00,86472600,2024-04-10T01:45:00-03:00,2024-04-10T01:45:00-03:00,0.0,2.17,True
2024-04-10T03:00:00-03:00,86472600,2024-04-10T02:45:00-03:00,2024-04-10T02:45:00-03:00,0.0,2.17,True
2024-04-10T04:00:00-03:00,86472600,2024-04-10T03:45:00-03:00,2024-04-10T03:45:00-03:00,0.0,2.17,True
2024-04-10T05:00:00-03:00,86472600,2024-04-10T04:45:00-03:00,2024-04-10T04:45:00-03:00,0.0,2.17,True
2024-04-10T06:00:00-03:00,86472600,2024-04-10T05:45:00-03:00,2024-04-10T05:45:00-03:00,0.0,2.17,True
2024-04-10T07:00:00-03:00,86472600,2024-04-10T06:45:00-03:00,2024-04-10T06:45:00-03:00,0.0,2.18,True
2024-04-10T08:00:00-03:00,86472600,2024-04-10T07:45:00-03:00,2024-04-10T07:45:00-03:00,0.0,2.19,True
2024-04-10T09:00:00-03:00,86472600,2024-04-10T08:45:00-03:00,2024-04-10T08:45:00-03:00,0.0,2.15,True
2024-04-10T10:00:00-03:00,86472600,2024-04-10T09:45:00-03:00,2024-04-10T09:45:00-03:00,0.0,2.07,True
2024-04-10T11:00:00-03:00,86472600,2024-04-10T10:45:00-03:00,2024-04-10T10:45:00-03:00,0.0,1.98,True
2024-04-10T12:00:00-03:00,86472600,2024-04-10T11:45:00-03:00,2024-04-10T11:45:00-03:00,0.0,1.89,True
2024-04-10T13:00:00-03:00,86472600,2024-04-10T12:45:00-03:00,2024-04-10T12:45:00-03:00,0.0,1.82,True
2024-04-10T14:00:00-03:00,86472600,2024-04-10T13:45:00-03:00,2024-04-10T13:45:00-03:00,0.0,1.77,True
2024-04-10T15:00:00-03:00,86472600,2024-04-10T14:45:00-03:00,2024-04-10T14:45:00-03:00,0.0,1.73,True
2024-04-10T16:00:00-03:00,86472600,2024-04-10T15:45:00-03:00,2024-04-10T15:45:00-03:00,0.0,1.7,True
2024-04-10T17:00:00-03:00,86472600,2024-04-10T16:45:00-03:00,2024-04-10T16:45:00-03:00,0.0,1.67,True
2024-04-10T18:00:00-03:00,86472600,2024-04-10T17:45:00-03:00,2024-04-10T17:45:00-03:00,0.0,1.66,True
2024-04-10T19:00:00-03:00,86472600,2024-04-10T18:45:00-03:00,2024-04-10T18:45:00-03:00,0.0,1.77,True
2024-04-10T20:00:00-03:00,86472600,2024-04-10T19:45:00-03:00,2024-04-10T19:45:00-03:00,0.0,2.14,True
2024-04-10T21:00:00-03:00,86472600,2024-04-10T20:45:00-03:00,2024-04-10T20:45:00-03:00,0.0,2.46,True
2024-04-10T22:00:00-03:00,86472600,2024-04-10T21:45:00-03:00,2024-04-10T21:45:00-03:00,0.0,2.56,True
2024-04-10T23:00:00-03:00,86472600,2024-04-10T22:45:00-03:00,2024-04-10T22:45:00-03:00,0.0,2.61,True
2024-04-11T00:00:00-03:00,86472600,2024-04-10T23:45:00-03:00,2024-04-10T23:45:00-03:00,0.0,2.61,True
2024-04-11T01:00:00-03:00,86472600,2024-04-11T00:45:00-03:00,2024-04-11T00:45:00-03:00,0.0,2.62,True
2024-04-11T02:00:00-03:00,86472600,2024-04-11T01:45:00-03:00,2024-04-11T01:45:00-03:00,0.0,2.63,True
2024-04-11T03:00:00-03:00,86472600,2024-04-11T02:45:00-03:00,2024-04-11T02:45:00-03:00,0.0,2.64,True
2024-04-11T04:00:00-03:00,86472600,2024-04-11T03:45:00-03:00,2024-04-11T03:45:00-03:00,0.0,2.63,True
2024-04-11T05:00:00-03:00,86472600,2024-04-11T04:45:00-03:00,2024-04-11T04:45:00-03:00,0.0,2.55,True
2024-04-11T06:00:00-03:00,86472600,2024-04-11T05:45:00-03:00,2024-04-11T05:45:00-03:00,0.0,2.38,True
2024-04-11T07:00:00-03:00,86472600,2024-04-11T06:45:00-03:00,2024-04-11T06:45:00-03:00,0.0,,False
2024-04-11T08:00:00-03:00,86472600,2024-04-11T07:45:00-03:00,2024-04-11T07:45:00-03:00,0.0,,False
2024-04-11T09:00:00-03:00,86472600,2024-04-11T08:45:00-03:00,2024-04-11T08:45:00-03:00,0.0,1.89,True
2024-04-11T10:00:00-03:00,86472600,2024-04-11T09:45:00-03:00,2024-04-11T09:45:00-03:00,0.0,1.78,True
2024-04-11T11:00:00-03:00,86472600,2024-04-11T10:45:00-03:00,2024-04-11T10:45:00-03:00,0.0,1.71,True
2024-04-11T12:00:00-03:00,86472600,2024-04-11T11:45:00-03:00,2024-04-11T11:45:00-03:00,0.0,1.65,True
2024-04-11T13:00:00-03:00,86472600,2024-04-11T12:45:00-03:00,2024-04-11T12:45:00-03:00,0.0,1.61,True
2024-04-11T14:00:00-03:00,86472600,2024-04-11T13:45:00-03:00,2024-04-11T13:45:00-03:00,0.0,1.58,True
2024-04-11T15:00:00-03:00,86472600,2024-04-11T14:45:00-03:00,2024-04-11T14:45:00-03:00,0.0,1.57,True
2024-04-11T16:00:00-03:00,86472600,2024-04-11T15:45:00-03:00,2024-04-11T15:45:00-03:00,0.0,1.56,True
2024-04-11T17:00:00-03:00,86472600,2024-04-11T16:45:00-03:00,2024-04-11T16:45:00-03:00,0.0,1.56,True
2024-04-11T18:00:00-03:00,86472600,2024-04-11T17:45:00-03:00,2024-04-11T17:45:00-03:00,0.0,1.58,True
2024-04-11T19:00:00-03:00,86472600,2024-04-11T18:45:00-03:00,2024-04-11T18:45:00-03:00,0.0,1.63,True
2024-04-11T20:00:00-03:00,86472600,2024-04-11T19:45:00-03:00,2024-04-11T19:45:00-03:00,0.0,1.73,True
2024-04-11T21:00:00-03:00,86472600,2024-04-11T20:45:00-03:00,2024-04-11T20:45:00-03:00,0.0,1.87,True
2024-04-11T22:00:00-03:00,86472600,2024-04-11T21:45:00-03:00,2024-04-11T21:45:00-03:00,0.0,1.95,True
2024-04-11T23:00:00-03:00,86472600,2024-04-11T22:45:00-03:00,2024-04-11T22:45:00-03:00,0.0,2.03,True
2024-04-12T00:00:00-03:00,86472600,2024-04-11T23:45:00-03:00,2024-04-11T23:45:00-03:00,0.0,2.05,True
2024-04-12T01:00:00-03:00,86472600,2024-04-12T00:45:00-03:00,2024-04-12T00:45:00-03:00,0.0,2.07,True
2024-04-12T02:00:00-03:00,86472600,2024-04-12T01:45:00-03:00,2024-04-12T01:45:00-03:00,0.0,2.07,True
2024-04-12T03:00:00-03:00,86472600,2024-04-12T02:45:00-03:00,2024-04-12T02:45:00-03:00,0.0,2.07,True
2024-04-12T04:00:00-03:00,86472600,2024-04-12T03:45:00-03:00,2024-04-12T03:45:00-03:00,0.0,2.07,True
2024-04-12T05:00:00-03:00,86472600,2024-04-12T04:45:00-03:00,2024-04-12T04:45:00-03:00,0.0,2.06,True
2024-04-12T06:00:00-03:00,86472600,2024-04-12T05:45:00-03:00,2024-04-12T05:45:00-03:00,0.0,2.01,True
2024-04-12T07:00:00-03:00,86472600,2024-04-12T06:45:00-03:00,2024-04-12T06:45:00-03:00,0.0,1.93,True
2024-04-12T08:00:00-03:00,86472600,2024-04-12T07:45:00-03:00,2024-04-12T07:45:00-03:00,0.0,1.84,True
2024-04-12T09:00:00-03:00,86472600,2024-04-12T08:45:00-03:00,2024-04-12T08:45:00-03:00,0.0,1.76,True
2024-04-12T10:00:00-03:00,86472600,2024-04-12T09:45:00-03:00,2024-04-12T09:45:00-03:00,0.0,1.7,True
2024-04-12T11:00:00-03:00,86472600,2024-04-12T10:45:00-03:00,2024-04-12T10:45:00-03:00,0.0,1.65,True
2024-04-12T12:00:00-03:00,86472600,2024-04-12T11:45:00-03:00,2024-04-12T11:45:00-03:00,0.0,1.61,True
2024-04-12T13:00:00-03:00,86472600,2024-04-12T12:45:00-03:00,2024-04-12T12:45:00-03:00,0.0,1.59,True
2024-04-12T14:00:00-03:00,86472600,2024-04-12T13:45:00-03:00,2024-04-12T13:45:00-03:00,0.0,1.58,True
2024-04-12T15:00:00-03:00,86472600,2024-04-12T14:45:00-03:00,2024-04-12T14:45:00-03:00,0.0,1.59,True
2024-04-12T16:00:00-03:00,86472600,2024-04-12T15:45:00-03:00,2024-04-12T15:45:00-03:00,0.0,1.61,True
2024-04-12T17:00:00-03:00,86472600,2024-04-12T16:45:00-03:00,2024-04-12T16:45:00-03:00,0.0,1.63,True
2024-04-12T18:00:00-03:00,86472600,2024-04-12T17:45:00-03:00,2024-04-12T17:45:00-03:00,0.0,1.64,True
2024-04-12T19:00:00-03:00,86472600,2024-04-12T18:45:00-03:00,2024-04-12T18:45:00-03:00,0.0,1.64,True
2024-04-12T20:00:00-03:00,86472600,2024-04-12T19:45:00-03:00,2024-04-12T19:45:00-03:00,0.0,1.63,True
2024-04-12T21:00:00-03:00,86472600,2024-04-12T20:45:00-03:00,2024-04-12T20:45:00-03:00,0.0,1.62,True
2024-04-12T22:00:00-03:00,86472600,2024-04-12T21:45:00-03:00,2024-04-12T21:45:00-03:00,0.0,1.63,True
2024-04-12T23:00:00-03:00,86472600,2024-04-12T22:45:00-03:00,2024-04-12T22:45:00-03:00,0.0,1.73,True
2024-04-13T00:00:00-03:00,86472600,2024-04-12T23:45:00-03:00,2024-04-12T23:45:00-03:00,0.0,1.88,True
2024-04-13T01:00:00-03:00,86472600,2024-04-13T00:45:00-03:00,2024-04-13T00:45:00-03:00,0.0,2.0,True
2024-04-13T02:00:00-03:00,86472600,2024-04-13T01:45:00-03:00,2024-04-13T01:45:00-03:00,0.0,2.07,True
2024-04-13T03:00:00-03:00,86472600,2024-04-13T02:45:00-03:00,2024-04-13T02:45:00-03:00,0.0,2.1,True
2024-04-13T04:00:00-03:00,86472600,2024-04-13T03:45:00-03:00,2024-04-13T03:45:00-03:00,0.0,2.11,True
2024-04-13T05:00:00-03:00,86472600,2024-04-13T04:45:00-03:00,2024-04-13T04:45:00-03:00,0.0,2.1,True
2024-04-13T06:00:00-03:00,86472600,2024-04-13T05:45:00-03:00,2024-04-13T05:45:00-03:00,0.0,2.06,True
2024-04-13T07:00:00-03:00,86472600,2024-04-13T06:45:00-03:00,2024-04-13T06:45:00-03:00,0.0,1.98,True
2024-04-13T08:00:00-03:00,86472600,2024-04-13T07:45:00-03:00,2024-04-13T07:45:00-03:00,0.0,1.87,True
2024-04-13T09:00:00-03:00,86472600,2024-04-13T08:45:00-03:00,2024-04-13T08:45:00-03:00,0.0,1.77,True
2024-04-13T10:00:00-03:00,86472600,2024-04-13T09:45:00-03:00,2024-04-13T09:45:00-03:00,0.0,1.68,True
2024-04-13T11:00:00-03:00,86472600,2024-04-13T10:45:00-03:00,2024-04-13T10:45:00-03:00,0.0,1.61,True
2024-04-13T12:00:00-03:00,86472600,2024-04-13T11:45:00-03:00,2024-04-13T11:45:00-03:00,0.0,1.55,True
2024-04-13T13:00:00-03:00,86472600,2024-04-13T12:45:00-03:00,2024-04-13T12:45:00-03:00,0.0,1.5,True
2024-04-13T14:00:00-03:00,86472600,2024-04-13T13:45:00-03:00,2024-04-13T13:45:00-03:00,0.0,1.46,True
2024-04-13T15:00:00-03:00,86472600,2024-04-13T14:45:00-03:00,2024-04-13T14:45:00-03:00,0.0,1.44,True
2024-04-13T16:00:00-03:00,86472600,2024-04-13T15:45:00-03:00,2024-04-13T15:45:00-03:00,0.0,1.42,True
2024-04-13T17:00:00-03:00,86472600,2024-04-13T16:45:00-03:00,2024-04-13T16:45:00-03:00,0.0,1.4,True
2024-04-13T18:00:00-03:00,86472600,2024-04-13T17:45:00-03:00,2024-04-13T17:45:00-03:00,0.0,1.4,True
2024-04-13T19:00:00-03:00,86472600,2024-04-13T18:45:00-03:00,2024-04-13T18:45:00-03:00,0.0,1.43,True
2024-04-13T20:00:00-03:00,86472600,2024-04-13T19:45:00-03:00,2024-04-13T19:45:00-03:00,0.0,1.48,True
2024-04-13T21:00:00-03:00,86472600,2024-04-13T20:45:00-03:00,2024-04-13T20:45:00-03:00,0.0,1.54,True
2024-04-13T22:00:00-03:00,86472600,2024-04-13T21:45:00-03:00,2024-04-13T21:45:00-03:00,0.0,1.57,True
2024-04-13T23:00:00-03:00,86472600,2024-04-13T22:45:00-03:00,2024-04-13T22:45:00-03:00,0.0,1.6,True
2024-04-14T00:00:00-03:00,86472600,2024-04-13T23:45:00-03:00,2024-04-13T23:45:00-03:00,0.0,1.61,True
2024-04-14T01:00:00-03:00,86472600,2024-04-14T00:45:00-03:00,2024-04-14T00:45:00-03:00,0.0,1.62,True
2024-04-14T02:00:00-03:00,86472600,2024-04-14T01:45:00-03:00,2024-04-14T01:45:00-03:00,0.0,1.63,True
2024-04-14T03:00:00-03:00,86472600,2024-04-14T02:45:00-03:00,2024-04-14T02:45:00-03:00,0.0,1.63,True
2024-04-14T04:00:00-03:00,86472600,2024-04-14T03:45:00-03:00,2024-04-14T03:45:00-03:00,0.0,1.63,True
2024-04-14T05:00:00-03:00,86472600,2024-04-14T04:45:00-03:00,2024-04-14T04:45:00-03:00,0.0,1.64,True
2024-04-14T06:00:00-03:00,86472600,2024-04-14T05:45:00-03:00,2024-04-14T05:45:00-03:00,0.0,1.64,True
2024-04-14T07:00:00-03:00,86472600,2024-04-14T06:45:00-03:00,2024-04-14T06:45:00-03:00,0.0,1.65,True
2024-04-14T08:00:00-03:00,86472600,2024-04-14T07:45:00-03:00,2024-04-14T07:45:00-03:00,0.0,1.67,True
2024-04-14T09:00:00-03:00,86472600,2024-04-14T08:45:00-03:00,2024-04-14T08:45:00-03:00,0.0,1.75,True
2024-04-14T10:00:00-03:00,86472600,2024-04-14T09:45:00-03:00,2024-04-14T09:45:00-03:00,0.0,1.86,True
2024-04-14T11:00:00-03:00,86472600,2024-04-14T10:45:00-03:00,2024-04-14T10:45:00-03:00,0.0,1.94,True
2024-04-14T12:00:00-03:00,86472600,2024-04-14T11:45:00-03:00,2024-04-14T11:45:00-03:00,0.0,2.03,True
2024-04-14T13:00:00-03:00,86472600,2024-04-14T12:45:00-03:00,2024-04-14T12:45:00-03:00,0.0,2.4,True
2024-04-14T14:00:00-03:00,86472600,2024-04-14T13:45:00-03:00,2024-04-14T13:45:00-03:00,0.0,4.31,True
2024-04-14T15:00:00-03:00,86472600,2024-04-14T14:45:00-03:00,2024-04-14T14:45:00-03:00,0.0,5.12,True
2024-04-14T16:00:00-03:00,86472600,2024-04-14T15:45:00-03:00,2024-04-14T15:45:00-03:00,0.0,5.42,True
2024-04-14T17:00:00-03:00,86472600,2024-04-14T16:45:00-03:00,2024-04-14T16:45:00-03:00,0.0,5.44,True
2024-04-14T18:00:00-03:00,86472600,2024-04-14T17:45:00-03:00,2024-04-14T17:45:00-03:00,0.0,5.4,True
2024-04-14T19:00:00-03:00,86472600,2024-04-14T18:45:00-03:00,2024-04-14T18:45:00-03:00,0.0,5.28,True
2024-04-14T20:00:00-03:00,86472600,2024-04-14T19:45:00-03:00,2024-04-14T19:45:00-03:00,0.0,5.14,True
2024-04-14T21:00:00-03:00,86472600,2024-04-14T20:45:00-03:00,2024-04-14T20:45:00-03:00,0.0,4.99,True
2024-04-14T22:00:00-03:00,86472600,2024-04-14T21:45:00-03:00,2024-04-14T21:45:00-03:00,0.0,4.92,True
2024-04-14T23:00:00-03:00,86472600,2024-04-14T22:45:00-03:00,2024-04-14T22:45:00-03:00,0.0,4.89,True
2024-04-15T00:00:00-03:00,86472600,2024-04-14T23:45:00-03:00,2024-04-14T23:45:00-03:00,0.0,4.85,True
2024-04-15T01:00:00-03:00,86472600,2024-04-15T00:45:00-03:00,2024-04-15T00:45:00-03:00,0.0,4.78,True
2024-04-15T02:00:00-03:00,86472600,2024-04-15T01:45:00-03:00,2024-04-15T01:45:00-03:00,0.0,4.71,True
2024-04-15T03:00:00-03:00,86472600,2024-04-15T02:45:00-03:00,2024-04-15T02:45:00-03:00,0.0,4.64,True
2024-04-15T04:00:00-03:00,86472600,2024-04-15T03:45:00-03:00,2024-04-15T03:45:00-03:00,0.0,4.58,True
2024-04-15T05:00:00-03:00,86472600,2024-04-15T04:45:00-03:00,2024-04-15T04:45:00-03:00,0.0,4.46,True
2024-04-15T06:00:00-03:00,86472600,2024-04-15T05:45:00-03:00,2024-04-15T05:45:00-03:00,0.0,4.27,True
2024-04-15T07:00:00-03:00,86472600,2024-04-15T06:45:00-03:00,2024-04-15T06:45:00-03:00,0.0,4.12,True
2024-04-15T08:00:00-03:00,86472600,2024-04-15T07:45:00-03:00,2024-04-15T07:45:00-03:00,0.0,4.02,True
2024-04-15T09:00:00-03:00,86472600,2024-04-15T08:45:00-03:00,2024-04-15T08:45:00-03:00,0.0,3.96,True
2024-04-15T10:00:00-03:00,86472600,2024-04-15T09:45:00-03:00,2024-04-15T09:45:00-03:00,0.0,3.92,True
2024-04-15T11:00:00-03:00,86472600,2024-04-15T10:45:00-03:00,2024-04-15T10:45:00-03:00,0.0,3.88,True
2024-04-15T12:00:00-03:00,86472600,2024-04-15T11:45:00-03:00,2024-04-15T11:45:00-03:00,0.0,3.91,True
2024-04-15T13:00:00-03:00,86472600,2024-04-15T12:45:00-03:00,2024-04-15T12:45:00-03:00,0.0,3.96,True
2024-04-15T14:00:00-03:00,86472600,2024-04-15T13:45:00-03:00,2024-04-15T13:45:00-03:00,0.0,4.01,True
2024-04-15T15:00:00-03:00,86472600,2024-04-15T14:45:00-03:00,2024-04-15T14:45:00-03:00,0.0,4.03,True
2024-04-15T16:00:00-03:00,86472600,2024-04-15T15:45:00-03:00,2024-04-15T15:45:00-03:00,0.0,4.03,True
2024-04-15T17:00:00-03:00,86472600,2024-04-15T16:45:00-03:00,2024-04-15T16:45:00-03:00,0.0,4.01,True
2024-04-15T18:00:00-03:00,86472600,2024-04-15T17:45:00-03:00,2024-04-15T17:45:00-03:00,0.0,3.99,True
2024-04-15T19:00:00-03:00,86472600,2024-04-15T18:45:00-03:00,2024-04-15T18:45:00-03:00,0.0,3.97,True
2024-04-15T20:00:00-03:00,86472600,2024-04-15T19:45:00-03:00,2024-04-15T19:45:00-03:00,0.0,3.95,True
2024-04-15T21:00:00-03:00,86472600,2024-04-15T20:45:00-03:00,2024-04-15T20:45:00-03:00,0.0,3.93,True
2024-04-15T22:00:00-03:00,86472600,2024-04-15T21:45:00-03:00,2024-04-15T21:45:00-03:00,0.0,3.91,True
2024-04-15T23:00:00-03:00,86472600,2024-04-15T22:45:00-03:00,2024-04-15T22:45:00-03:00,0.0,3.9,True
2024-04-16T00:00:00-03:00,86472600,2024-04-15T23:45:00-03:00,2024-04-15T23:45:00-03:00,0.0,3.88,True
2024-04-16T01:00:00-03:00,86472600,2024-04-16T00:45:00-03:00,2024-04-16T00:45:00-03:00,0.0,3.86,True
2024-04-16T02:00:00-03:00,86472600,2024-04-16T01:45:00-03:00,2024-04-16T01:45:00-03:00,0.0,3.84,True
2024-04-16T03:00:00-03:00,86472600,2024-04-16T02:45:00-03:00,2024-04-16T02:45:00-03:00,0.0,3.82,True
2024-04-16T04:00:00-03:00,86472600,2024-04-16T03:45:00-03:00,2024-04-16T03:45:00-03:00,0.0,3.72,True
2024-04-16T05:00:00-03:00,86472600,2024-04-16T04:45:00-03:00,2024-04-16T04:45:00-03:00,0.0,3.56,True
2024-04-16T06:00:00-03:00,86472600,2024-04-16T05:45:00-03:00,2024-04-16T05:45:00-03:00,0.0,3.43,True
2024-04-16T07:00:00-03:00,86472600,2024-04-16T06:45:00-03:00,2024-04-16T06:45:00-03:00,0.0,3.34,True
2024-04-16T08:00:00-03:00,86472600,2024-04-16T07:45:00-03:00,2024-04-16T07:45:00-03:00,0.0,3.28,True
2024-04-16T09:00:00-03:00,86472600,2024-04-16T08:45:00-03:00,2024-04-16T08:45:00-03:00,0.0,3.24,True
2024-04-16T10:00:00-03:00,86472600,2024-04-16T09:45:00-03:00,2024-04-16T09:45:00-03:00,0.0,3.2,True
2024-04-16T11:00:00-03:00,86472600,2024-04-16T10:45:00-03:00,2024-04-16T10:45:00-03:00,0.0,3.18,True
2024-04-16T12:00:00-03:00,86472600,2024-04-16T11:45:00-03:00,2024-04-16T11:45:00-03:00,0.0,3.17,True
2024-04-16T13:00:00-03:00,86472600,2024-04-16T12:45:00-03:00,2024-04-16T12:45:00-03:00,0.0,3.16,True
2024-04-16T14:00:00-03:00,86472600,2024-04-16T13:45:00-03:00,2024-04-16T13:45:00-03:00,0.0,3.15,True
2024-04-16T15:00:00-03:00,86472600,2024-04-16T14:45:00-03:00,2024-04-16T14:45:00-03:00,0.0,3.15,True
2024-04-16T16:00:00-03:00,86472600,2024-04-16T15:45:00-03:00,2024-04-16T15:45:00-03:00,0.0,3.15,True
2024-04-16T17:00:00-03:00,86472600,2024-04-16T16:45:00-03:00,2024-04-16T16:45:00-03:00,0.0,3.21,True
2024-04-16T18:00:00-03:00,86472600,2024-04-16T17:45:00-03:00,2024-04-16T17:45:00-03:00,0.0,3.36,True
2024-04-16T19:00:00-03:00,86472600,2024-04-16T18:45:00-03:00,2024-04-16T18:45:00-03:00,0.0,3.53,True
2024-04-16T20:00:00-03:00,86472600,2024-04-16T19:45:00-03:00,2024-04-16T19:45:00-03:00,0.0,3.73,True
2024-04-16T21:00:00-03:00,86472600,2024-04-16T20:45:00-03:00,2024-04-16T20:45:00-03:00,0.0,3.91,True
2024-04-16T22:00:00-03:00,86472600,2024-04-16T21:45:00-03:00,2024-04-16T21:45:00-03:00,0.0,4.02,True
2024-04-16T23:00:00-03:00,86472600,2024-04-16T22:45:00-03:00,2024-04-16T22:45:00-03:00,0.0,4.14,True
2024-04-17T00:00:00-03:00,86472600,2024-04-16T23:45:00-03:00,2024-04-16T23:45:00-03:00,0.0,4.24,True
2024-04-17T01:00:00-03:00,86472600,2024-04-17T00:45:00-03:00,2024-04-17T00:45:00-03:00,0.0,4.37,True
2024-04-17T02:00:00-03:00,86472600,2024-04-17T01:45:00-03:00,2024-04-17T01:45:00-03:00,0.0,4.49,True
2024-04-17T03:00:00-03:00,86472600,2024-04-17T02:45:00-03:00,2024-04-17T02:45:00-03:00,0.0,4.57,True
2024-04-17T04:00:00-03:00,86472600,2024-04-17T03:45:00-03:00,2024-04-17T03:45:00-03:00,0.0,4.63,True
2024-04-17T05:00:00-03:00,86472600,2024-04-17T04:45:00-03:00,2024-04-17T04:45:00-03:00,0.0,4.66,True
2024-04-17T06:00:00-03:00,86472600,2024-04-17T05:45:00-03:00,2024-04-17T05:45:00-03:00,0.0,4.67,True
2024-04-17T07:00:00-03:00,86472600,2024-04-17T06:45:00-03:00,2024-04-17T06:45:00-03:00,0.0,4.68,True
2024-04-17T08:00:00-03:00,86472600,2024-04-17T07:45:00-03:00,2024-04-17T07:45:00-03:00,0.0,4.7,True
2024-04-17T09:00:00-03:00,86472600,2024-04-17T08:45:00-03:00,2024-04-17T08:45:00-03:00,0.0,4.72,True
2024-04-17T10:00:00-03:00,86472600,2024-04-17T09:45:00-03:00,2024-04-17T09:45:00-03:00,0.0,4.74,True
2024-04-17T11:00:00-03:00,86472600,2024-04-17T10:45:00-03:00,2024-04-17T10:45:00-03:00,0.0,4.75,True
2024-04-17T12:00:00-03:00,86472600,2024-04-17T11:45:00-03:00,2024-04-17T11:45:00-03:00,0.0,4.74,True
2024-04-17T13:00:00-03:00,86472600,2024-04-17T12:45:00-03:00,2024-04-17T12:45:00-03:00,0.0,4.7,True
2024-04-17T14:00:00-03:00,86472600,2024-04-17T13:45:00-03:00,2024-04-17T13:45:00-03:00,0.0,4.66,True
2024-04-17T15:00:00-03:00,86472600,2024-04-17T14:45:00-03:00,2024-04-17T14:45:00-03:00,0.0,4.63,True
2024-04-17T16:00:00-03:00,86472600,2024-04-17T15:45:00-03:00,2024-04-17T15:45:00-03:00,0.0,4.61,True
2024-04-17T17:00:00-03:00,86472600,2024-04-17T16:45:00-03:00,2024-04-17T16:45:00-03:00,0.0,4.59,True
2024-04-17T18:00:00-03:00,86472600,2024-04-17T17:45:00-03:00,2024-04-17T17:45:00-03:00,0.0,4.57,True
2024-04-17T19:00:00-03:00,86472600,2024-04-17T18:45:00-03:00,2024-04-17T18:45:00-03:00,0.0,4.54,True
2024-04-17T20:00:00-03:00,86472600,2024-04-17T19:45:00-03:00,2024-04-17T19:45:00-03:00,0.0,4.51,True
2024-04-17T21:00:00-03:00,86472600,2024-04-17T20:45:00-03:00,2024-04-17T20:45:00-03:00,0.0,4.48,True
2024-04-17T22:00:00-03:00,86472600,2024-04-17T21:45:00-03:00,2024-04-17T21:45:00-03:00,0.0,4.46,True
2024-04-17T23:00:00-03:00,86472600,2024-04-17T22:45:00-03:00,2024-04-17T22:45:00-03:00,0.0,4.43,True
2024-04-18T00:00:00-03:00,86472600,2024-04-17T23:45:00-03:00,2024-04-17T23:45:00-03:00,0.0,4.38,True
2024-04-18T01:00:00-03:00,86472600,2024-04-18T00:45:00-03:00,2024-04-18T00:45:00-03:00,0.0,4.34,True
2024-04-18T02:00:00-03:00,86472600,2024-04-18T01:45:00-03:00,2024-04-18T01:45:00-03:00,0.0,4.31,True
2024-04-18T03:00:00-03:00,86472600,2024-04-18T02:45:00-03:00,2024-04-18T02:45:00-03:00,0.0,4.29,True
2024-04-18T04:00:00-03:00,86472600,2024-04-18T03:45:00-03:00,2024-04-18T03:45:00-03:00,0.0,4.28,True
2024-04-18T05:00:00-03:00,86472600,2024-04-18T04:45:00-03:00,2024-04-18T04:45:00-03:00,0.0,4.27,True
2024-04-18T06:00:00-03:00,86472600,2024-04-18T05:45:00-03:00,2024-04-18T05:45:00-03:00,0.0,4.25,True
2024-04-18T07:00:00-03:00,86472600,2024-04-18T06:45:00-03:00,2024-04-18T06:45:00-03:00,0.0,4.22,True
2024-04-18T08:00:00-03:00,86472600,2024-04-18T07:45:00-03:00,2024-04-18T07:45:00-03:00,0.0,4.19,True
2024-04-18T09:00:00-03:00,86472600,2024-04-18T08:45:00-03:00,2024-04-18T08:45:00-03:00,0.0,4.15,True
2024-04-18T10:00:00-03:00,86472600,2024-04-18T09:45:00-03:00,2024-04-18T09:45:00-03:00,0.0,4.12,True
2024-04-18T11:00:00-03:00,86472600,2024-04-18T10:45:00-03:00,2024-04-18T10:45:00-03:00,0.0,4.08,True
2024-04-18T12:00:00-03:00,86472600,2024-04-18T11:45:00-03:00,2024-04-18T11:45:00-03:00,0.0,4.05,True
2024-04-18T13:00:00-03:00,86472600,2024-04-18T12:45:00-03:00,2024-04-18T12:45:00-03:00,0.0,4.03,True
2024-04-18T14:00:00-03:00,86472600,2024-04-18T13:45:00-03:00,2024-04-18T13:45:00-03:00,0.0,4.01,True
2024-04-18T15:00:00-03:00,86472600,2024-04-18T14:45:00-03:00,2024-04-18T14:45:00-03:00,0.0,3.99,True
2024-04-18T16:00:00-03:00,86472600,2024-04-18T15:45:00-03:00,2024-04-18T15:45:00-03:00,0.0,3.98,True
2024-04-18T17:00:00-03:00,86472600,2024-04-18T16:45:00-03:00,2024-04-18T16:45:00-03:00,0.0,3.98,True
2024-04-18T18:00:00-03:00,86472600,2024-04-18T17:45:00-03:00,2024-04-18T17:45:00-03:00,0.0,3.97,True
2024-04-18T19:00:00-03:00,86472600,2024-04-18T18:45:00-03:00,2024-04-18T18:45:00-03:00,0.0,3.96,True
2024-04-18T20:00:00-03:00,86472600,2024-04-18T19:45:00-03:00,2024-04-18T19:45:00-03:00,0.0,3.95,True
2024-04-18T21:00:00-03:00,86472600,2024-04-18T20:45:00-03:00,2024-04-18T20:45:00-03:00,0.0,3.94,True
2024-04-18T22:00:00-03:00,86472600,2024-04-18T21:45:00-03:00,2024-04-18T21:45:00-03:00,0.0,3.94,True
2024-04-18T23:00:00-03:00,86472600,2024-04-18T22:45:00-03:00,2024-04-18T22:45:00-03:00,0.0,3.92,True
2024-04-19T00:00:00-03:00,86472600,2024-04-18T23:45:00-03:00,2024-04-18T23:45:00-03:00,0.0,3.9,True
2024-04-19T01:00:00-03:00,86472600,2024-04-19T00:45:00-03:00,2024-04-19T00:45:00-03:00,0.0,3.87,True
2024-04-19T02:00:00-03:00,86472600,2024-04-19T01:45:00-03:00,2024-04-19T01:45:00-03:00,0.0,3.84,True
2024-04-19T03:00:00-03:00,86472600,2024-04-19T02:45:00-03:00,2024-04-19T02:45:00-03:00,0.0,3.8,True
2024-04-19T04:00:00-03:00,86472600,2024-04-19T03:45:00-03:00,2024-04-19T03:45:00-03:00,0.0,3.69,True
2024-04-19T05:00:00-03:00,86472600,2024-04-19T04:45:00-03:00,2024-04-19T04:45:00-03:00,0.0,3.48,True
2024-04-19T06:00:00-03:00,86472600,2024-04-19T05:45:00-03:00,2024-04-19T05:45:00-03:00,0.0,3.26,True
2024-04-19T07:00:00-03:00,86472600,2024-04-19T06:45:00-03:00,2024-04-19T06:45:00-03:00,0.0,3.11,True
2024-04-19T08:00:00-03:00,86472600,2024-04-19T07:45:00-03:00,2024-04-19T07:45:00-03:00,0.0,3.02,True
2024-04-19T09:00:00-03:00,86472600,2024-04-19T08:45:00-03:00,2024-04-19T08:45:00-03:00,0.0,2.98,True
2024-04-19T10:00:00-03:00,86472600,2024-04-19T09:45:00-03:00,2024-04-19T09:45:00-03:00,0.0,2.96,True
2024-04-19T11:00:00-03:00,86472600,2024-04-19T10:45:00-03:00,2024-04-19T10:45:00-03:00,0.0,2.96,True
2024-04-19T12:00:00-03:00,86472600,2024-04-19T11:45:00-03:00,2024-04-19T11:45:00-03:00,0.0,2.96,True
2024-04-19T13:00:00-03:00,86472600,2024-04-19T12:45:00-03:00,2024-04-19T12:45:00-03:00,0.0,2.97,True
2024-04-19T14:00:00-03:00,86472600,2024-04-19T13:45:00-03:00,2024-04-19T13:45:00-03:00,0.0,3.0,True
2024-04-19T15:00:00-03:00,86472600,2024-04-19T14:45:00-03:00,2024-04-19T14:45:00-03:00,0.0,3.06,True
2024-04-19T16:00:00-03:00,86472600,2024-04-19T15:45:00-03:00,2024-04-19T15:45:00-03:00,0.0,3.1,True
2024-04-19T17:00:00-03:00,86472600,2024-04-19T16:45:00-03:00,2024-04-19T16:45:00-03:00,0.0,3.11,True
2024-04-19T18:00:00-03:00,86472600,2024-04-19T17:45:00-03:00,2024-04-19T17:45:00-03:00,0.0,3.11,True
2024-04-19T19:00:00-03:00,86472600,2024-04-19T18:45:00-03:00,2024-04-19T18:45:00-03:00,0.0,3.11,True
2024-04-19T20:00:00-03:00,86472600,2024-04-19T19:45:00-03:00,2024-04-19T19:45:00-03:00,0.0,3.11,True
2024-04-19T21:00:00-03:00,86472600,2024-04-19T20:45:00-03:00,2024-04-19T20:45:00-03:00,0.0,3.11,True
2024-04-19T22:00:00-03:00,86472600,2024-04-19T21:45:00-03:00,2024-04-19T21:45:00-03:00,0.0,3.15,True
2024-04-19T23:00:00-03:00,86472600,2024-04-19T22:45:00-03:00,2024-04-19T22:45:00-03:00,0.0,3.23,True
2024-04-20T00:00:00-03:00,86472600,2024-04-19T23:45:00-03:00,2024-04-19T23:45:00-03:00,0.0,3.29,True
2024-04-20T01:00:00-03:00,86472600,2024-04-20T00:45:00-03:00,2024-04-20T00:45:00-03:00,0.0,3.29,True
2024-04-20T02:00:00-03:00,86472600,2024-04-20T01:45:00-03:00,2024-04-20T01:45:00-03:00,0.0,3.25,True
2024-04-20T03:00:00-03:00,86472600,2024-04-20T02:45:00-03:00,2024-04-20T02:45:00-03:00,0.0,3.21,True
2024-04-20T04:00:00-03:00,86472600,2024-04-20T03:45:00-03:00,2024-04-20T03:45:00-03:00,0.0,3.16,True
2024-04-20T05:00:00-03:00,86472600,2024-04-20T04:45:00-03:00,2024-04-20T04:45:00-03:00,0.0,3.07,True
2024-04-20T06:00:00-03:00,86472600,2024-04-20T05:45:00-03:00,2024-04-20T05:45:00-03:00,0.0,2.95,True
2024-04-20T07:00:00-03:00,86472600,2024-04-20T06:45:00-03:00,2024-04-20T06:45:00-03:00,0.0,2.86,True
2024-04-20T08:00:00-03:00,86472600,2024-04-20T07:45:00-03:00,2024-04-20T07:45:00-03:00,0.0,2.81,True
2024-04-20T09:00:00-03:00,86472600,2024-04-20T08:45:00-03:00,2024-04-20T08:45:00-03:00,0.0,2.77,True
2024-04-20T10:00:00-03:00,86472600,2024-04-20T09:45:00-03:00,2024-04-20T09:45:00-03:00,0.0,2.76,True
2024-04-20T11:00:00-03:00,86472600,2024-04-20T10:45:00-03:00,2024-04-20T10:45:00-03:00,0.0,2.75,True
2024-04-20T12:00:00-03:00,86472600,2024-04-20T11:45:00-03:00,2024-04-20T11:45:00-03:00,0.0,2.75,True
2024-04-20T13:00:00-03:00,86472600,2024-04-20T12:45:00-03:00,2024-04-20T12:45:00-03:00,0.0,2.82,True
2024-04-20T14:00:00-03:00,86472600,2024-04-20T13:45:00-03:00,2024-04-20T13:45:00-03:00,0.0,2.91,True
2024-04-20T15:00:00-03:00,86472600,2024-04-20T14:45:00-03:00,2024-04-20T14:45:00-03:00,0.0,2.98,True
2024-04-20T16:00:00-03:00,86472600,2024-04-20T15:45:00-03:00,2024-04-20T15:45:00-03:00,0.0,3.01,True
2024-04-20T17:00:00-03:00,86472600,2024-04-20T16:45:00-03:00,2024-04-20T16:45:00-03:00,0.0,3.02,True
2024-04-20T18:00:00-03:00,86472600,2024-04-20T17:45:00-03:00,2024-04-20T17:45:00-03:00,0.0,3.03,True
2024-04-20T19:00:00-03:00,86472600,2024-04-20T18:45:00-03:00,2024-04-20T18:45:00-03:00,0.0,3.03,True
2024-04-20T20:00:00-03:00,86472600,2024-04-20T19:45:00-03:00,2024-04-20T19:45:00-03:00,0.0,3.03,True
2024-04-20T21:00:00-03:00,86472600,2024-04-20T20:45:00-03:00,2024-04-20T20:45:00-03:00,0.0,3.03,True
2024-04-20T22:00:00-03:00,86472600,2024-04-20T21:45:00-03:00,2024-04-20T21:45:00-03:00,0.0,3.02,True
2024-04-20T23:00:00-03:00,86472600,2024-04-20T22:45:00-03:00,2024-04-20T22:45:00-03:00,0.0,3.0,True
2024-04-21T00:00:00-03:00,86472600,2024-04-20T23:45:00-03:00,2024-04-20T23:45:00-03:00,0.0,2.98,True
2024-04-21T01:00:00-03:00,86472600,2024-04-21T00:45:00-03:00,2024-04-21T00:45:00-03:00,0.0,2.96,True
2024-04-21T02:00:00-03:00,86472600,2024-04-21T01:45:00-03:00,2024-04-21T01:45:00-03:00,0.0,2.94,True
2024-04-21T03:00:00-03:00,86472600,2024-04-21T02:45:00-03:00,2024-04-21T02:45:00-03:00,0.0,2.92,True
2024-04-21T04:00:00-03:00,86472600,2024-04-21T03:45:00-03:00,2024-04-21T03:45:00-03:00,0.0,2.91,True
2024-04-21T05:00:00-03:00,86472600,2024-04-21T04:45:00-03:00,2024-04-21T04:45:00-03:00,0.0,2.86,True
2024-04-21T06:00:00-03:00,86472600,2024-04-21T05:45:00-03:00,2024-04-21T05:45:00-03:00,0.0,2.78,True
2024-04-21T07:00:00-03:00,86472600,2024-04-21T06:45:00-03:00,2024-04-21T06:45:00-03:00,0.0,2.72,True
2024-04-21T08:00:00-03:00,86472600,2024-04-21T07:45:00-03:00,2024-04-21T07:45:00-03:00,0.0,2.68,True
2024-04-21T09:00:00-03:00,86472600,2024-04-21T08:45:00-03:00,2024-04-21T08:45:00-03:00,0.0,2.68,True
2024-04-21T10:00:00-03:00,86472600,2024-04-21T09:45:00-03:00,2024-04-21T09:45:00-03:00,0.0,2.68,True
2024-04-21T11:00:00-03:00,86472600,2024-04-21T10:45:00-03:00,2024-04-21T10:45:00-03:00,0.0,2.68,True
2024-04-21T12:00:00-03:00,86472600,2024-04-21T11:45:00-03:00,2024-04-21T11:45:00-03:00,0.0,2.65,True
2024-04-21T13:00:00-03:00,86472600,2024-04-21T12:45:00-03:00,2024-04-21T12:45:00-03:00,0.0,2.6,True
2024-04-21T14:00:00-03:00,86472600,2024-04-21T13:45:00-03:00,2024-04-21T13:45:00-03:00,0.0,2.55,True
2024-04-21T15:00:00-03:00,86472600,2024-04-21T14:45:00-03:00,2024-04-21T14:45:00-03:00,0.0,2.51,True
2024-04-21T16:00:00-03:00,86472600,2024-04-21T15:45:00-03:00,2024-04-21T15:45:00-03:00,0.0,2.47,True
2024-04-21T17:00:00-03:00,86472600,2024-04-21T16:45:00-03:00,2024-04-21T16:45:00-03:00,0.0,2.45,True
2024-04-21T18:00:00-03:00,86472600,2024-04-21T17:45:00-03:00,2024-04-21T17:45:00-03:00,0.0,2.48,True
2024-04-21T19:00:00-03:00,86472600,2024-04-21T18:45:00-03:00,2024-04-21T18:45:00-03:00,0.0,2.61,True
2024-04-21T20:00:00-03:00,86472600,2024-04-21T19:45:00-03:00,2024-04-21T19:45:00-03:00,0.0,2.75,True
2024-04-21T21:00:00-03:00,86472600,2024-04-21T20:45:00-03:00,2024-04-21T20:45:00-03:00,0.0,2.82,True
2024-04-21T22:00:00-03:00,86472600,2024-04-21T21:45:00-03:00,2024-04-21T21:45:00-03:00,0.0,2.85,True
2024-04-21T23:00:00-03:00,86472600,2024-04-21T22:45:00-03:00,2024-04-21T22:45:00-03:00,0.0,,False
2024-04-22T00:00:00-03:00,86472600,2024-04-21T23:45:00-03:00,2024-04-21T23:45:00-03:00,0.0,,False
2024-04-22T01:00:00-03:00,86472600,2024-04-22T00:45:00-03:00,2024-04-22T00:45:00-03:00,0.0,2.87,True
2024-04-22T02:00:00-03:00,86472600,2024-04-22T01:45:00-03:00,2024-04-22T01:45:00-03:00,0.0,2.87,True
2024-04-22T03:00:00-03:00,86472600,2024-04-22T02:45:00-03:00,2024-04-22T02:45:00-03:00,0.0,2.87,True
2024-04-22T04:00:00-03:00,86472600,2024-04-22T03:45:00-03:00,2024-04-22T03:45:00-03:00,0.0,2.86,True
2024-04-22T05:00:00-03:00,86472600,2024-04-22T04:45:00-03:00,2024-04-22T04:45:00-03:00,0.0,2.79,True
2024-04-22T06:00:00-03:00,86472600,2024-04-22T05:45:00-03:00,2024-04-22T05:45:00-03:00,0.0,2.69,True
2024-04-22T07:00:00-03:00,86472600,2024-04-22T06:45:00-03:00,2024-04-22T06:45:00-03:00,0.0,,False
2024-04-22T08:00:00-03:00,86472600,2024-04-22T07:45:00-03:00,2024-04-22T07:45:00-03:00,0.0,,False
2024-04-22T09:00:00-03:00,86472600,2024-04-22T08:45:00-03:00,2024-04-22T08:45:00-03:00,0.0,2.44,True
2024-04-22T10:00:00-03:00,86472600,2024-04-22T09:45:00-03:00,2024-04-22T09:45:00-03:00,0.0,2.41,True
2024-04-22T11:00:00-03:00,86472600,2024-04-22T10:45:00-03:00,2024-04-22T10:45:00-03:00,0.0,2.39,True
2024-04-22T12:00:00-03:00,86472600,2024-04-22T11:45:00-03:00,2024-04-22T11:45:00-03:00,0.0,2.38,True
2024-04-22T13:00:00-03:00,86472600,2024-04-22T12:45:00-03:00,2024-04-22T12:45:00-03:00,0.0,2.38,True
2024-04-22T14:00:00-03:00,86472600,2024-04-22T13:45:00-03:00,2024-04-22T13:45:00-03:00,0.0,2.4,True
2024-04-22T15:00:00-03:00,86472600,2024-04-22T14:45:00-03:00,2024-04-22T14:45:00-03:00,0.0,2.45,True
2024-04-22T16:00:00-03:00,86472600,2024-04-22T15:45:00-03:00,2024-04-22T15:45:00-03:00,0.0,2.53,True
2024-04-22T17:00:00-03:00,86472600,2024-04-22T16:45:00-03:00,2024-04-22T16:45:00-03:00,0.0,2.6,True
2024-04-22T18:00:00-03:00,86472600,2024-04-22T17:45:00-03:00,2024-04-22T17:45:00-03:00,0.0,2.66,True
2024-04-22T19:00:00-03:00,86472600,2024-04-22T18:45:00-03:00,2024-04-22T18:45:00-03:00,0.0,2.71,True
2024-04-22T20:00:00-03:00,86472600,2024-04-22T19:45:00-03:00,2024-04-22T19:45:00-03:00,0.0,2.75,True
2024-04-22T21:00:00-03:00,86472600,2024-04-22T20:45:00-03:00,2024-04-22T20:45:00-03:00,0.0,2.79,True
2024-04-22T22:00:00-03:00,86472600,2024-04-22T21:45:00-03:00,2024-04-22T21:45:00-03:00,0.0,2.81,True
2024-04-22T23:00:00-03:00,86472600,2024-04-22T22:45:00-03:00,2024-04-22T22:45:00-03:00,0.0,2.83,True
2024-04-23T00:00:00-03:00,86472600,2024-04-22T23:45:00-03:00,2024-04-22T23:45:00-03:00,0.0,2.82,True
2024-04-23T01:00:00-03:00,86472600,2024-04-23T00:45:00-03:00,2024-04-23T00:45:00-03:00,0.0,2.82,True
2024-04-23T02:00:00-03:00,86472600,2024-04-23T01:45:00-03:00,2024-04-23T01:45:00-03:00,0.0,2.81,True
2024-04-23T03:00:00-03:00,86472600,2024-04-23T02:45:00-03:00,2024-04-23T02:45:00-03:00,0.0,2.79,True
2024-04-23T04:00:00-03:00,86472600,2024-04-23T03:45:00-03:00,2024-04-23T03:45:00-03:00,0.0,2.76,True
2024-04-23T05:00:00-03:00,86472600,2024-04-23T04:45:00-03:00,2024-04-23T04:45:00-03:00,0.0,2.68,True
2024-04-23T06:00:00-03:00,86472600,2024-04-23T05:45:00-03:00,2024-04-23T05:45:00-03:00,0.0,2.56,True
2024-04-23T07:00:00-03:00,86472600,2024-04-23T06:45:00-03:00,2024-04-23T06:45:00-03:00,0.0,2.44,True
2024-04-23T08:00:00-03:00,86472600,2024-04-23T07:45:00-03:00,2024-04-23T07:45:00-03:00,0.0,2.35,True
2024-04-23T09:00:00-03:00,86472600,2024-04-23T08:45:00-03:00,2024-04-23T08:45:00-03:00,0.0,2.29,True
2024-04-23T10:00:00-03:00,86472600,2024-04-23T09:45:00-03:00,2024-04-23T09:45:00-03:00,0.0,2.28,True
2024-04-23T11:00:00-03:00,86472600,2024-04-23T10:45:00-03:00,2024-04-23T10:45:00-03:00,0.0,2.3,True
2024-04-23T12:00:00-03:00,86472600,2024-04-23T11:45:00-03:00,2024-04-23T11:45:00-03:00,0.0,2.32,True
2024-04-23T13:00:00-03:00,86472600,2024-04-23T12:45:00-03:00,2024-04-23T12:45:00-03:00,0.0,2.34,True
2024-04-23T14:00:00-03:00,86472600,2024-04-23T13:45:00-03:00,2024-04-23T13:45:00-03:00,0.0,2.36,True
2024-04-23T15:00:00-03:00,86472600,2024-04-23T14:45:00-03:00,2024-04-23T14:45:00-03:00,0.0,2.38,True
2024-04-23T16:00:00-03:00,86472600,2024-04-23T15:45:00-03:00,2024-04-23T15:45:00-03:00,0.0,2.41,True
2024-04-23T17:00:00-03:00,86472600,2024-04-23T16:45:00-03:00,2024-04-23T16:45:00-03:00,0.0,2.46,True
2024-04-23T18:00:00-03:00,86472600,2024-04-23T17:45:00-03:00,2024-04-23T17:45:00-03:00,0.0,2.5,True
2024-04-23T19:00:00-03:00,86472600,2024-04-23T18:45:00-03:00,2024-04-23T18:45:00-03:00,0.0,2.54,True
2024-04-23T20:00:00-03:00,86472600,2024-04-23T19:45:00-03:00,2024-04-23T19:45:00-03:00,0.0,2.57,True
2024-04-23T21:00:00-03:00,86472600,2024-04-23T20:45:00-03:00,2024-04-23T20:45:00-03:00,0.0,2.57,True
2024-04-23T22:00:00-03:00,86472600,2024-04-23T21:45:00-03:00,2024-04-23T21:45:00-03:00,0.0,2.54,True
2024-04-23T23:00:00-03:00,86472600,2024-04-23T22:45:00-03:00,2024-04-23T22:45:00-03:00,0.0,2.51,True
2024-04-24T00:00:00-03:00,86472600,2024-04-23T23:45:00-03:00,2024-04-23T23:45:00-03:00,0.0,2.51,True
2024-04-24T01:00:00-03:00,86472600,2024-04-24T00:45:00-03:00,2024-04-24T00:45:00-03:00,0.0,2.5,True
2024-04-24T02:00:00-03:00,86472600,2024-04-24T01:45:00-03:00,2024-04-24T01:45:00-03:00,0.0,2.49,True
2024-04-24T03:00:00-03:00,86472600,2024-04-24T02:45:00-03:00,2024-04-24T02:45:00-03:00,0.0,2.49,True
2024-04-24T04:00:00-03:00,86472600,2024-04-24T03:45:00-03:00,2024-04-24T03:45:00-03:00,0.0,2.51,True
2024-04-24T05:00:00-03:00,86472600,2024-04-24T04:45:00-03:00,2024-04-24T04:45:00-03:00,0.0,2.53,True
2024-04-24T06:00:00-03:00,86472600,2024-04-24T05:45:00-03:00,2024-04-24T05:45:00-03:00,0.0,2.5,True
2024-04-24T07:00:00-03:00,86472600,2024-04-24T06:45:00-03:00,2024-04-24T06:45:00-03:00,0.0,2.4,True
2024-04-24T08:00:00-03:00,86472600,2024-04-24T07:45:00-03:00,2024-04-24T07:45:00-03:00,0.0,2.26,True
2024-04-24T09:00:00-03:00,86472600,2024-04-24T08:45:00-03:00,2024-04-24T08:45:00-03:00,0.0,2.14,True
2024-04-24T10:00:00-03:00,86472600,2024-04-24T09:45:00-03:00,2024-04-24T09:45:00-03:00,0.0,2.05,True
2024-04-24T11:00:00-03:00,86472600,2024-04-24T10:45:00-03:00,2024-04-24T10:45:00-03:00,0.0,1.98,True
2024-04-24T12:00:00-03:00,86472600,2024-04-24T11:45:00-03:00,2024-04-24T11:45:00-03:00,0.0,1.95,True
2024-04-24T13:00:00-03:00,86472600,2024-04-24T12:45:00-03:00,2024-04-24T12:45:00-03:00,0.0,1.94,True
2024-04-24T14:00:00-03:00,86472600,2024-04-24T13:45:00-03:00,2024-04-24T13:45:00-03:00,0.0,1.95,True
2024-04-24T15:00:00-03:00,86472600,2024-04-24T14:45:00-03:00,2024-04-24T14:45:00-03:00,0.0,1.95,True
2024-04-24T16:00:00-03:00,86472600,2024-04-24T15:45:00-03:00,2024-04-24T15:45:00-03:00,0.0,1.95,True
2024-04-24T17:00:00-03:00,86472600,2024-04-24T16:45:00-03:00,2024-04-24T16:45:00-03:00,0.0,1.94,True
2024-04-24T18:00:00-03:00,86472600,2024-04-24T17:45:00-03:00,2024-04-24T17:45:00-03:00,0.0,1.95,True
2024-04-24T19:00:00-03:00,86472600,2024-04-24T18:45:00-03:00,2024-04-24T18:45:00-03:00,0.0,2.04,True
2024-04-24T20:00:00-03:00,86472600,2024-04-24T19:45:00-03:00,2024-04-24T19:45:00-03:00,0.0,2.19,True
2024-04-24T21:00:00-03:00,86472600,2024-04-24T20:45:00-03:00,2024-04-24T20:45:00-03:00,0.0,2.32,True
2024-04-24T22:00:00-03:00,86472600,2024-04-24T21:45:00-03:00,2024-04-24T21:45:00-03:00,0.0,2.38,True
2024-04-24T23:00:00-03:00,86472600,2024-04-24T22:45:00-03:00,2024-04-24T22:45:00-03:00,0.0,2.41,True
2024-04-25T00:00:00-03:00,86472600,2024-04-24T23:45:00-03:00,2024-04-24T23:45:00-03:00,0.0,2.45,True
2024-04-25T01:00:00-03:00,86472600,2024-04-25T00:45:00-03:00,2024-04-25T00:45:00-03:00,0.0,2.52,True
2024-04-25T02:00:00-03:00,86472600,2024-04-25T01:45:00-03:00,2024-04-25T01:45:00-03:00,0.0,2.59,True
2024-04-25T03:00:00-03:00,86472600,2024-04-25T02:45:00-03:00,2024-04-25T02:45:00-03:00,0.0,2.63,True
2024-04-25T04:00:00-03:00,86472600,2024-04-25T03:45:00-03:00,2024-04-25T03:45:00-03:00,0.0,2.62,True
2024-04-25T05:00:00-03:00,86472600,2024-04-25T04:45:00-03:00,2024-04-25T04:45:00-03:00,0.0,2.53,True
2024-04-25T06:00:00-03:00,86472600,2024-04-25T05:45:00-03:00,2024-04-25T05:45:00-03:00,0.0,2.38,True
2024-04-25T07:00:00-03:00,86472600,2024-04-25T06:45:00-03:00,2024-04-25T06:45:00-03:00,0.0,2.22,True
2024-04-25T08:00:00-03:00,86472600,2024-04-25T07:45:00-03:00,2024-04-25T07:45:00-03:00,0.0,2.09,True
2024-04-25T09:00:00-03:00,86472600,2024-04-25T08:45:00-03:00,2024-04-25T08:45:00-03:00,0.0,1.98,True
2024-04-25T10:00:00-03:00,86472600,2024-04-25T09:45:00-03:00,2024-04-25T09:45:00-03:00,0.0,1.9,True
2024-04-25T11:00:00-03:00,86472600,2024-04-25T10:45:00-03:00,2024-04-25T10:45:00-03:00,0.0,1.85,True
2024-04-25T12:00:00-03:00,86472600,2024-04-25T11:45:00-03:00,2024-04-25T11:45:00-03:00,0.0,1.82,True
2024-04-25T13:00:00-03:00,86472600,2024-04-25T12:45:00-03:00,2024-04-25T12:45:00-03:00,0.0,1.8,True
2024-04-25T14:00:00-03:00,86472600,2024-04-25T13:45:00-03:00,2024-04-25T13:45:00-03:00,0.0,1.82,True
2024-04-25T15:00:00-03:00,86472600,2024-04-25T14:45:00-03:00,2024-04-25T14:45:00-03:00,0.0,1.92,True
2024-04-25T16:00:00-03:00,86472600,2024-04-25T15:45:00-03:00,2024-04-25T15:45:00-03:00,0.0,2.06,True
2024-04-25T17:00:00-03:00,86472600,2024-04-25T16:45:00-03:00,2024-04-25T16:45:00-03:00,0.0,2.18,True
2024-04-25T18:00:00-03:00,86472600,2024-04-25T17:45:00-03:00,2024-04-25T17:45:00-03:00,0.0,2.26,True
2024-04-25T19:00:00-03:00,86472600,2024-04-25T18:45:00-03:00,2024-04-25T18:45:00-03:00,0.0,2.32,True
2024-04-25T20:00:00-03:00,86472600,2024-04-25T19:45:00-03:00,2024-04-25T19:45:00-03:00,0.0,2.37,True
2024-04-25T21:00:00-03:00,86472600,2024-04-25T20:45:00-03:00,2024-04-25T20:45:00-03:00,0.0,2.41,True
2024-04-25T22:00:00-03:00,86472600,2024-04-25T21:45:00-03:00,2024-04-25T21:45:00-03:00,0.0,2.46,True
2024-04-25T23:00:00-03:00,86472600,2024-04-25T22:45:00-03:00,2024-04-25T22:45:00-03:00,0.0,2.5,True
2024-04-26T00:00:00-03:00,86472600,2024-04-25T23:45:00-03:00,2024-04-25T23:45:00-03:00,0.0,2.55,True
2024-04-26T01:00:00-03:00,86472600,2024-04-26T00:45:00-03:00,2024-04-26T00:45:00-03:00,0.0,2.59,True
2024-04-26T02:00:00-03:00,86472600,2024-04-26T01:45:00-03:00,2024-04-26T01:45:00-03:00,0.0,2.61,True
2024-04-26T03:00:00-03:00,86472600,2024-04-26T02:45:00-03:00,2024-04-26T02:45:00-03:00,0.0,2.62,True
2024-04-26T04:00:00-03:00,86472600,2024-04-26T03:45:00-03:00,2024-04-26T03:45:00-03:00,0.0,2.6,True
2024-04-26T05:00:00-03:00,86472600,2024-04-26T04:45:00-03:00,2024-04-26T04:45:00-03:00,0.0,2.5,True
2024-04-26T06:00:00-03:00,86472600,2024-04-26T05:45:00-03:00,2024-04-26T05:45:00-03:00,0.0,2.34,True
2024-04-26T07:00:00-03:00,86472600,2024-04-26T06:45:00-03:00,2024-04-26T06:45:00-03:00,0.0,2.17,True
2024-04-26T08:00:00-03:00,86472600,2024-04-26T07:45:00-03:00,2024-04-26T07:45:00-03:00,0.0,2.03,True
2024-04-26T09:00:00-03:00,86472600,2024-04-26T08:45:00-03:00,2024-04-26T08:45:00-03:00,0.0,1.91,True
2024-04-26T10:00:00-03:00,86472600,2024-04-26T09:45:00-03:00,2024-04-26T09:45:00-03:00,0.0,1.82,True
2024-04-26T11:00:00-03:00,86472600,2024-04-26T10:45:00-03:00,2024-04-26T10:45:00-03:00,0.0,1.76,True
2024-04-26T12:00:00-03:00,86472600,2024-04-26T11:45:00-03:00,2024-04-26T11:45:00-03:00,0.0,1.74,True
2024-04-26T13:00:00-03:00,86472600,2024-04-26T12:45:00-03:00,2024-04-26T12:45:00-03:00,0.0,1.74,True
2024-04-26T14:00:00-03:00,86472600,2024-04-26T13:45:00-03:00,2024-04-26T13:45:00-03:00,0.0,1.77,True
2024-04-26T15:00:00-03:00,86472600,2024-04-26T14:45:00-03:00,2024-04-26T14:45:00-03:00,0.0,1.82,True
2024-04-26T16:00:00-03:00,86472600,2024-04-26T15:45:00-03:00,2024-04-26T15:45:00-03:00,0.0,1.9,True
2024-04-26T17:00:00-03:00,86472600,2024-04-26T16:45:00-03:00,2024-04-26T16:45:00-03:00,0.0,2.03,True
2024-04-26T18:00:00-03:00,86472600,2024-04-26T17:45:00-03:00,2024-04-26T17:45:00-03:00,0.0,2.17,True
2024-04-26T19:00:00-03:00,86472600,2024-04-26T18:45:00-03:00,2024-04-26T18:45:00-03:00,0.0,2.27,True
2024-04-26T20:00:00-03:00,86472600,2024-04-26T19:45:00-03:00,2024-04-26T19:45:00-03:00,0.0,2.33,True
2024-04-26T21:00:00-03:00,86472600,2024-04-26T20:45:00-03:00,2024-04-26T20:45:00-03:00,0.0,2.35,True
2024-04-26T22:00:00-03:00,86472600,2024-04-26T21:45:00-03:00,2024-04-26T21:45:00-03:00,0.0,2.36,True
2024-04-26T23:00:00-03:00,86472600,2024-04-26T22:45:00-03:00,2024-04-26T22:45:00-03:00,0.0,2.41,True
2024-04-27T00:00:00-03:00,86472600,2024-04-26T23:45:00-03:00,2024-04-26T23:45:00-03:00,0.0,2.5,True
2024-04-27T01:00:00-03:00,86472600,2024-04-27T00:45:00-03:00,2024-04-27T00:45:00-03:00,0.0,2.57,True
2024-04-27T02:00:00-03:00,86472600,2024-04-27T01:45:00-03:00,2024-04-27T01:45:00-03:00,0.0,2.62,True
2024-04-27T03:00:00-03:00,86472600,2024-04-27T02:45:00-03:00,2024-04-27T02:45:00-03:00,0.0,2.66,True
2024-04-27T04:00:00-03:00,86472600,2024-04-27T03:45:00-03:00,2024-04-27T03:45:00-03:00,0.0,2.68,True
2024-04-27T05:00:00-03:00,86472600,2024-04-27T04:45:00-03:00,2024-04-27T04:45:00-03:00,0.0,2.62,True
2024-04-27T06:00:00-03:00,86472600,2024-04-27T05:45:00-03:00,2024-04-27T05:45:00-03:00,0.0,2.5,True
2024-04-27T07:00:00-03:00,86472600,2024-04-27T06:45:00-03:00,2024-04-27T06:45:00-03:00,0.0,2.39,True
2024-04-27T08:00:00-03:00,86472600,2024-04-27T07:45:00-03:00,2024-04-27T07:45:00-03:00,0.0,2.29,True
2024-04-27T09:00:00-03:00,86472600,2024-04-27T08:45:00-03:00,2024-04-27T08:45:00-03:00,0.0,2.22,True
2024-04-27T10:00:00-03:00,86472600,2024-04-27T09:45:00-03:00,2024-04-27T09:45:00-03:00,0.0,2.14,True
2024-04-27T11:00:00-03:00,86472600,2024-04-27T10:45:00-03:00,2024-04-27T10:45:00-03:00,0.0,2.05,True
2024-04-27T12:00:00-03:00,86472600,2024-04-27T11:45:00-03:00,2024-04-27T11:45:00-03:00,0.0,1.98,True
2024-04-27T13:00:00-03:00,86472600,2024-04-27T12:45:00-03:00,2024-04-27T12:45:00-03:00,0.0,1.94,True
2024-04-27T14:00:00-03:00,86472600,2024-04-27T13:45:00-03:00,2024-04-27T13:45:00-03:00,0.0,1.93,True
2024-04-27T15:00:00-03:00,86472600,2024-04-27T14:45:00-03:00,2024-04-27T14:45:00-03:00,0.0,1.94,True
2024-04-27T16:00:00-03:00,86472600,2024-04-27T15:45:00-03:00,2024-04-27T15:45:00-03:00,0.0,2.02,True
2024-04-27T17:00:00-03:00,86472600,2024-04-27T16:45:00-03:00,2024-04-27T16:45:00-03:00,0.0,2.16,True
2024-04-27T18:00:00-03:00,86472600,2024-04-27T17:45:00-03:00,2024-04-27T17:45:00-03:00,0.0,2.28,True
2024-04-27T19:00:00-03:00,86472600,2024-04-27T18:45:00-03:00,2024-04-27T18:45:00-03:00,0.0,2.33,True
2024-04-27T20:00:00-03:00,86472600,2024-04-27T19:45:00-03:00,2024-04-27T19:45:00-03:00,0.0,2.36,True
2024-04-27T21:00:00-03:00,86472600,2024-04-27T20:45:00-03:00,2024-04-27T20:45:00-03:00,0.0,2.44,True
2024-04-27T22:00:00-03:00,86472600,2024-04-27T21:45:00-03:00,2024-04-27T21:45:00-03:00,0.0,2.54,True
2024-04-27T23:00:00-03:00,86472600,2024-04-27T22:45:00-03:00,2024-04-27T22:45:00-03:00,0.0,2.74,True
2024-04-28T00:00:00-03:00,86472600,2024-04-27T23:45:00-03:00,2024-04-27T23:45:00-03:00,0.0,2.94,True
2024-04-28T01:00:00-03:00,86472600,2024-04-28T00:45:00-03:00,2024-04-28T00:45:00-03:00,0.0,3.07,True
2024-04-28T02:00:00-03:00,86472600,2024-04-28T01:45:00-03:00,2024-04-28T01:45:00-03:00,0.0,3.19,True
2024-04-28T03:00:00-03:00,86472600,2024-04-28T02:45:00-03:00,2024-04-28T02:45:00-03:00,0.0,3.3,True
2024-04-28T04:00:00-03:00,86472600,2024-04-28T03:45:00-03:00,2024-04-28T03:45:00-03:00,0.0,3.38,True
2024-04-28T05:00:00-03:00,86472600,2024-04-28T04:45:00-03:00,2024-04-28T04:45:00-03:00,0.0,3.47,True
2024-04-28T06:00:00-03:00,86472600,2024-04-28T05:45:00-03:00,2024-04-28T05:45:00-03:00,0.0,3.54,True
2024-04-28T07:00:00-03:00,86472600,2024-04-28T06:45:00-03:00,2024-04-28T06:45:00-03:00,0.0,3.61,True
2024-04-28T08:00:00-03:00,86472600,2024-04-28T07:45:00-03:00,2024-04-28T07:45:00-03:00,0.0,3.68,True
2024-04-28T09:00:00-03:00,86472600,2024-04-28T08:45:00-03:00,2024-04-28T08:45:00-03:00,0.0,3.68,True
2024-04-28T10:00:00-03:00,86472600,2024-04-28T09:45:00-03:00,2024-04-28T09:45:00-03:00,0.0,3.53,True
2024-04-28T11:00:00-03:00,86472600,2024-04-28T10:45:00-03:00,2024-04-28T10:45:00-03:00,0.0,3.32,True
2024-04-28T12:00:00-03:00,86472600,2024-04-28T11:45:00-03:00,2024-04-28T11:45:00-03:00,0.0,3.06,True
2024-04-28T13:00:00-03:00,86472600,2024-04-28T12:45:00-03:00,2024-04-28T12:45:00-03:00,0.0,2.83,True
2024-04-28T14:00:00-03:00,86472600,2024-04-28T13:45:00-03:00,2024-04-28T13:45:00-03:00,0.0,2.64,True
2024-04-28T15:00:00-03:00,86472600,2024-04-28T14:45:00-03:00,2024-04-28T14:45:00-03:00,0.0,2.51,True
2024-04-28T16:00:00-03:00,86472600,2024-04-28T15:45:00-03:00,2024-04-28T15:45:00-03:00,0.0,2.44,True
2024-04-28T17:00:00-03:00,86472600,2024-04-28T16:45:00-03:00,2024-04-28T16:45:00-03:00,0.0,2.47,True
2024-04-28T18:00:00-03:00,86472600,2024-04-28T17:45:00-03:00,2024-04-28T17:45:00-03:00,0.0,2.71,True
2024-04-28T19:00:00-03:00,86472600,2024-04-28T18:45:00-03:00,2024-04-28T18:45:00-03:00,0.0,3.12,True
2024-04-28T20:00:00-03:00,86472600,2024-04-28T19:45:00-03:00,2024-04-28T19:45:00-03:00,0.0,3.45,True
2024-04-28T21:00:00-03:00,86472600,2024-04-28T20:45:00-03:00,2024-04-28T20:45:00-03:00,0.0,3.61,True
2024-04-28T22:00:00-03:00,86472600,2024-04-28T21:45:00-03:00,2024-04-28T21:45:00-03:00,0.0,3.68,True
2024-04-28T23:00:00-03:00,86472600,2024-04-28T22:45:00-03:00,2024-04-28T22:45:00-03:00,0.0,3.72,True
2024-04-29T00:00:00-03:00,86472600,2024-04-28T23:45:00-03:00,2024-04-28T23:45:00-03:00,0.0,3.74,True
2024-04-29T01:00:00-03:00,86472600,2024-04-29T00:45:00-03:00,2024-04-29T00:45:00-03:00,0.0,3.75,True
2024-04-29T02:00:00-03:00,86472600,2024-04-29T01:45:00-03:00,2024-04-29T01:45:00-03:00,0.0,3.76,True
2024-04-29T03:00:00-03:00,86472600,2024-04-29T02:45:00-03:00,2024-04-29T02:45:00-03:00,0.0,3.77,True
2024-04-29T04:00:00-03:00,86472600,2024-04-29T03:45:00-03:00,2024-04-29T03:45:00-03:00,0.0,3.77,True
2024-04-29T05:00:00-03:00,86472600,2024-04-29T04:45:00-03:00,2024-04-29T04:45:00-03:00,0.0,3.78,True
2024-04-29T06:00:00-03:00,86472600,2024-04-29T05:45:00-03:00,2024-04-29T05:45:00-03:00,0.0,3.8,True
2024-04-29T07:00:00-03:00,86472600,2024-04-29T06:45:00-03:00,2024-04-29T06:45:00-03:00,0.0,3.79,True
2024-04-29T08:00:00-03:00,86472600,2024-04-29T07:45:00-03:00,2024-04-29T07:45:00-03:00,0.0,3.77,True
2024-04-29T09:00:00-03:00,86472600,2024-04-29T08:45:00-03:00,2024-04-29T08:45:00-03:00,0.0,3.74,True
2024-04-29T10:00:00-03:00,86472600,2024-04-29T09:45:00-03:00,2024-04-29T09:45:00-03:00,0.0,3.7,True
2024-04-29T11:00:00-03:00,86472600,2024-04-29T10:45:00-03:00,2024-04-29T10:45:00-03:00,0.0,3.61,True
2024-04-29T12:00:00-03:00,86472600,2024-04-29T11:45:00-03:00,2024-04-29T11:45:00-03:00,0.0,3.53,True
2024-04-29T13:00:00-03:00,86472600,2024-04-29T12:45:00-03:00,2024-04-29T12:45:00-03:00,0.0,3.48,True
2024-04-29T14:00:00-03:00,86472600,2024-04-29T13:45:00-03:00,2024-04-29T13:45:00-03:00,0.0,3.46,True
2024-04-29T15:00:00-03:00,86472600,2024-04-29T14:45:00-03:00,2024-04-29T14:45:00-03:00,0.0,3.46,True
2024-04-29T16:00:00-03:00,86472600,2024-04-29T15:45:00-03:00,2024-04-29T15:45:00-03:00,0.0,3.63,True
2024-04-29T17:00:00-03:00,86472600,2024-04-29T16:45:00-03:00,2024-04-29T16:45:00-03:00,0.0,4.01,True
2024-04-29T18:00:00-03:00,86472600,2024-04-29T17:45:00-03:00,2024-04-29T17:45:00-03:00,0.0,4.35,True
2024-04-29T19:00:00-03:00,86472600,2024-04-29T18:45:00-03:00,2024-04-29T18:45:00-03:00,0.0,4.38,True
2024-04-29T20:00:00-03:00,86472600,2024-04-29T19:45:00-03:00,2024-04-29T19:45:00-03:00,0.0,4.51,True
2024-04-29T21:00:00-03:00,86472600,2024-04-29T20:45:00-03:00,2024-04-29T20:45:00-03:00,0.0,5.01,True
2024-04-29T22:00:00-03:00,86472600,2024-04-29T21:45:00-03:00,2024-04-29T21:45:00-03:00,0.0,5.14,True
2024-04-29T23:00:00-03:00,86472600,2024-04-29T22:45:00-03:00,2024-04-29T22:45:00-03:00,0.0,5.24,True
2024-04-30T00:00:00-03:00,86472600,2024-04-29T23:45:00-03:00,2024-04-29T23:45:00-03:00,0.0,5.33,True
2024-04-30T01:00:00-03:00,86472600,2024-04-30T00:45:00-03:00,2024-04-30T00:45:00-03:00,0.0,5.34,True
2024-04-30T02:00:00-03:00,86472600,2024-04-30T01:45:00-03:00,2024-04-30T01:45:00-03:00,0.0,5.37,True
2024-04-30T03:00:00-03:00,86472600,2024-04-30T02:45:00-03:00,2024-04-30T02:45:00-03:00,0.0,5.53,True
2024-04-30T04:00:00-03:00,86472600,2024-04-30T03:45:00-03:00,2024-04-30T03:45:00-03:00,0.0,5.85,True
2024-04-30T05:00:00-03:00,86472600,2024-04-30T04:45:00-03:00,2024-04-30T04:45:00-03:00,0.0,6.23,True
2024-04-30T06:00:00-03:00,86472600,2024-04-30T05:45:00-03:00,2024-04-30T05:45:00-03:00,0.0,6.67,True
2024-04-30T07:00:00-03:00,86472600,2024-04-30T06:45:00-03:00,2024-04-30T06:45:00-03:00,0.0,7.21,True
2024-04-30T08:00:00-03:00,86472600,2024-04-30T07:45:00-03:00,2024-04-30T07:45:00-03:00,0.0,7.83,True
2024-04-30T09:00:00-03:00,86472600,2024-04-30T08:45:00-03:00,2024-04-30T08:45:00-03:00,0.0,7.95,True
2024-04-30T10:00:00-03:00,86472600,2024-04-30T09:45:00-03:00,2024-04-30T09:45:00-03:00,0.0,8.0,True
2024-04-30T11:00:00-03:00,86472600,2024-04-30T10:45:00-03:00,2024-04-30T10:45:00-03:00,0.0,8.34,True
2024-04-30T12:00:00-03:00,86472600,2024-04-30T11:45:00-03:00,2024-04-30T11:45:00-03:00,0.0,8.66,True
2024-04-30T13:00:00-03:00,86472600,2024-04-30T12:45:00-03:00,2024-04-30T12:45:00-03:00,0.0,9.1,True
2024-04-30T14:00:00-03:00,86472600,2024-04-30T13:45:00-03:00,2024-04-30T13:45:00-03:00,0.0,9.98,True
2024-04-30T15:00:00-03:00,86472600,2024-04-30T14:45:00-03:00,2024-04-30T14:45:00-03:00,0.0,11.14,True
2024-04-30T16:00:00-03:00,86472600,2024-04-30T15:45:00-03:00,2024-04-30T15:45:00-03:00,0.0,11.72,True
2024-04-30T17:00:00-03:00,86472600,2024-04-30T16:45:00-03:00,2024-04-30T16:45:00-03:00,0.0,12.03,True
2024-04-30T18:00:00-03:00,86472600,2024-04-30T17:45:00-03:00,2024-04-30T17:45:00-03:00,0.0,12.35,True
2024-04-30T19:00:00-03:00,86472600,2024-04-30T18:45:00-03:00,2024-04-30T18:45:00-03:00,0.0,12.66,True
2024-04-30T20:00:00-03:00,86472600,2024-04-30T19:45:00-03:00,2024-04-30T19:45:00-03:00,0.0,12.83,True
2024-04-30T21:00:00-03:00,86472600,2024-04-30T20:45:00-03:00,2024-04-30T20:45:00-03:00,0.0,12.85,True
2024-04-30T22:00:00-03:00,86472600,2024-04-30T21:45:00-03:00,2024-04-30T21:45:00-03:00,0.0,12.85,True
2024-04-30T23:00:00-03:00,86472600,2024-04-30T22:45:00-03:00,2024-04-30T22:45:00-03:00,0.0,12.71,True
2024-05-01T00:00:00-03:00,86472600,2024-04-30T23:45:00-03:00,2024-04-30T23:45:00-03:00,0.0,12.51,True
2024-05-01T01:00:00-03:00,86472600,2024-05-01T00:45:00-03:00,2024-05-01T00:45:00-03:00,0.0,12.25,True
2024-05-01T02:00:00-03:00,86472600,2024-05-01T01:45:00-03:00,2024-05-01T01:45:00-03:00,0.0,11.93,True
2024-05-01T03:00:00-03:00,86472600,2024-05-01T02:45:00-03:00,2024-05-01T02:45:00-03:00,0.0,11.63,True
2024-05-01T04:00:00-03:00,86472600,2024-05-01T03:45:00-03:00,2024-05-01T03:45:00-03:00,0.0,11.32,True
2024-05-01T05:00:00-03:00,86472600,2024-05-01T04:45:00-03:00,2024-05-01T04:45:00-03:00,0.0,11.22,True
2024-05-01T06:00:00-03:00,86472600,2024-05-01T05:45:00-03:00,2024-05-01T05:45:00-03:00,0.0,11.33,True
2024-05-01T07:00:00-03:00,86472600,2024-05-01T06:45:00-03:00,2024-05-01T06:45:00-03:00,0.0,11.56,True
2024-05-01T08:00:00-03:00,86472600,2024-05-01T07:45:00-03:00,2024-05-01T07:45:00-03:00,0.0,11.97,True
2024-05-01T09:00:00-03:00,86472600,2024-05-01T08:45:00-03:00,2024-05-01T08:45:00-03:00,0.0,12.4,True
2024-05-01T10:00:00-03:00,86472600,2024-05-01T09:45:00-03:00,2024-05-01T09:45:00-03:00,0.0,13.11,True
2024-05-01T11:00:00-03:00,86472600,2024-05-01T10:45:00-03:00,2024-05-01T10:45:00-03:00,0.0,14.37,True
2024-05-01T12:00:00-03:00,86472600,2024-05-01T11:45:00-03:00,2024-05-01T11:45:00-03:00,0.0,15.83,True
2024-05-01T13:00:00-03:00,86472600,2024-05-01T12:45:00-03:00,2024-05-01T12:45:00-03:00,0.0,17.63,True
2024-05-01T14:00:00-03:00,86472600,2024-05-01T13:45:00-03:00,2024-05-01T13:45:00-03:00,0.0,19.31,True
2024-05-01T15:00:00-03:00,86472600,2024-05-01T14:45:00-03:00,2024-05-01T14:45:00-03:00,0.0,20.46,True
2024-05-01T16:00:00-03:00,86472600,2024-05-01T15:45:00-03:00,2024-05-01T15:45:00-03:00,0.0,21.07,True
2024-05-01T17:00:00-03:00,86472600,2024-05-01T16:45:00-03:00,2024-05-01T16:45:00-03:00,0.0,21.54,True
2024-05-01T18:00:00-03:00,86472600,2024-05-01T17:45:00-03:00,2024-05-01T17:45:00-03:00,0.0,21.78,True
2024-05-01T19:00:00-03:00,86472600,2024-05-01T18:45:00-03:00,2024-05-01T18:45:00-03:00,0.0,21.91,True
2024-05-01T20:00:00-03:00,86472600,2024-05-01T19:45:00-03:00,2024-05-01T19:45:00-03:00,0.0,21.88,True
2024-05-01T21:00:00-03:00,86472600,2024-05-01T20:45:00-03:00,2024-05-01T20:45:00-03:00,0.0,21.76,True
2024-05-01T22:00:00-03:00,86472600,2024-05-01T21:45:00-03:00,2024-05-01T21:45:00-03:00,0.0,21.68,True
2024-05-01T23:00:00-03:00,86472600,2024-05-01T22:45:00-03:00,2024-05-01T22:45:00-03:00,0.0,21.35,True
2024-04-01T00:00:00-03:00,86500000,2024-03-31T23:30:00-03:00,,,,False
2024-04-01T01:00:00-03:00,86500000,2024-04-01T00:30:00-03:00,,,,False
2024-04-01T02:00:00-03:00,86500000,2024-04-01T01:30:00-03:00,,,,False
2024-04-01T03:00:00-03:00,86500000,2024-04-01T02:30:00-03:00,,,,False
2024-04-01T04:00:00-03:00,86500000,2024-04-01T03:30:00-03:00,,,,False
2024-04-01T05:00:00-03:00,86500000,2024-04-01T04:30:00-03:00,,,,False
2024-04-01T06:00:00-03:00,86500000,2024-04-01T05:30:00-03:00,,,,False
2024-04-01T07:00:00-03:00,86500000,2024-04-01T06:30:00-03:00,,,,False
2024-04-01T08:00:00-03:00,86500000,2024-04-01T07:30:00-03:00,,,,False
2024-04-01T09:00:00-03:00,86500000,2024-04-01T08:30:00-03:00,,,,False
2024-04-01T10:00:00-03:00,86500000,2024-04-01T09:30:00-03:00,,,,False
2024-04-01T11:00:00-03:00,86500000,2024-04-01T10:30:00-03:00,,,,False
2024-04-01T12:00:00-03:00,86500000,2024-04-01T11:30:00-03:00,,,,False
2024-04-01T13:00:00-03:00,86500000,2024-04-01T12:30:00-03:00,,,,False
2024-04-01T14:00:00-03:00,86500000,2024-04-01T13:30:00-03:00,,,,False
2024-04-01T15:00:00-03:00,86500000,2024-04-01T14:30:00-03:00,,,,False
2024-04-01T16:00:00-03:00,86500000,2024-04-01T15:30:00-03:00,,,,False
2024-04-01T17:00:00-03:00,86500000,2024-04-01T16:30:00-03:00,,,,False
2024-04-01T18:00:00-03:00,86500000,2024-04-01T17:30:00-03:00,,,,False
2024-04-01T19:00:00-03:00,86500000,2024-04-01T18:30:00-03:00,,,,False
2024-04-01T20:00:00-03:00,86500000,2024-04-01T19:30:00-03:00,,,,False
2024-04-01T21:00:00-03:00,86500000,2024-04-01T20:30:00-03:00,,,,False
2024-04-01T22:00:00-03:00,86500000,2024-04-01T21:30:00-03:00,,,,False
2024-04-01T23:00:00-03:00,86500000,2024-04-01T22:30:00-03:00,,,,False
2024-04-02T00:00:00-03:00,86500000,2024-04-01T23:30:00-03:00,,,,False
2024-04-02T01:00:00-03:00,86500000,2024-04-02T00:30:00-03:00,,,,False
2024-04-02T02:00:00-03:00,86500000,2024-04-02T01:30:00-03:00,,,,False
2024-04-02T03:00:00-03:00,86500000,2024-04-02T02:30:00-03:00,,,,False
2024-04-02T04:00:00-03:00,86500000,2024-04-02T03:30:00-03:00,,,,False
2024-04-02T05:00:00-03:00,86500000,2024-04-02T04:30:00-03:00,,,,False
2024-04-02T06:00:00-03:00,86500000,2024-04-02T05:30:00-03:00,,,,False
2024-04-02T07:00:00-03:00,86500000,2024-04-02T06:30:00-03:00,,,,False
2024-04-02T08:00:00-03:00,86500000,2024-04-02T07:30:00-03:00,,,,False
2024-04-02T09:00:00-03:00,86500000,2024-04-02T08:30:00-03:00,,,,False
2024-04-02T10:00:00-03:00,86500000,2024-04-02T09:30:00-03:00,,,,False
2024-04-02T11:00:00-03:00,86500000,2024-04-02T10:30:00-03:00,,,,False
2024-04-02T12:00:00-03:00,86500000,2024-04-02T11:30:00-03:00,,,,False
2024-04-02T13:00:00-03:00,86500000,2024-04-02T12:30:00-03:00,,,,False
2024-04-02T14:00:00-03:00,86500000,2024-04-02T13:30:00-03:00,,,,False
2024-04-02T15:00:00-03:00,86500000,2024-04-02T14:30:00-03:00,,,,False
2024-04-02T16:00:00-03:00,86500000,2024-04-02T15:30:00-03:00,,,,False
2024-04-02T17:00:00-03:00,86500000,2024-04-02T16:30:00-03:00,,,,False
2024-04-02T18:00:00-03:00,86500000,2024-04-02T17:30:00-03:00,,,,False
2024-04-02T19:00:00-03:00,86500000,2024-04-02T18:30:00-03:00,,,,False
2024-04-02T20:00:00-03:00,86500000,2024-04-02T19:30:00-03:00,,,,False
2024-04-02T21:00:00-03:00,86500000,2024-04-02T20:30:00-03:00,,,,False
2024-04-02T22:00:00-03:00,86500000,2024-04-02T21:30:00-03:00,,,,False
2024-04-02T23:00:00-03:00,86500000,2024-04-02T22:30:00-03:00,,,,False
2024-04-03T00:00:00-03:00,86500000,2024-04-02T23:30:00-03:00,,,,False
2024-04-03T01:00:00-03:00,86500000,2024-04-03T00:30:00-03:00,,,,False
2024-04-03T02:00:00-03:00,86500000,2024-04-03T01:30:00-03:00,,,,False
2024-04-03T03:00:00-03:00,86500000,2024-04-03T02:30:00-03:00,,,,False
2024-04-03T04:00:00-03:00,86500000,2024-04-03T03:30:00-03:00,,,,False
2024-04-03T05:00:00-03:00,86500000,2024-04-03T04:30:00-03:00,,,,False
2024-04-03T06:00:00-03:00,86500000,2024-04-03T05:30:00-03:00,,,,False
2024-04-03T07:00:00-03:00,86500000,2024-04-03T06:30:00-03:00,,,,False
2024-04-03T08:00:00-03:00,86500000,2024-04-03T07:30:00-03:00,,,,False
2024-04-03T09:00:00-03:00,86500000,2024-04-03T08:30:00-03:00,,,,False
2024-04-03T10:00:00-03:00,86500000,2024-04-03T09:30:00-03:00,,,,False
2024-04-03T11:00:00-03:00,86500000,2024-04-03T10:30:00-03:00,,,,False
2024-04-03T12:00:00-03:00,86500000,2024-04-03T11:30:00-03:00,,,,False
2024-04-03T13:00:00-03:00,86500000,2024-04-03T12:30:00-03:00,,,,False
2024-04-03T14:00:00-03:00,86500000,2024-04-03T13:30:00-03:00,,,,False
2024-04-03T15:00:00-03:00,86500000,2024-04-03T14:30:00-03:00,,,,False
2024-04-03T16:00:00-03:00,86500000,2024-04-03T15:30:00-03:00,,,,False
2024-04-03T17:00:00-03:00,86500000,2024-04-03T16:30:00-03:00,,,,False
2024-04-03T18:00:00-03:00,86500000,2024-04-03T17:30:00-03:00,,,,False
2024-04-03T19:00:00-03:00,86500000,2024-04-03T18:30:00-03:00,,,,False
2024-04-03T20:00:00-03:00,86500000,2024-04-03T19:30:00-03:00,,,,False
2024-04-03T21:00:00-03:00,86500000,2024-04-03T20:30:00-03:00,,,,False
2024-04-03T22:00:00-03:00,86500000,2024-04-03T21:30:00-03:00,,,,False
2024-04-03T23:00:00-03:00,86500000,2024-04-03T22:30:00-03:00,,,,False
2024-04-04T00:00:00-03:00,86500000,2024-04-03T23:30:00-03:00,,,,False
2024-04-04T01:00:00-03:00,86500000,2024-04-04T00:30:00-03:00,,,,False
2024-04-04T02:00:00-03:00,86500000,2024-04-04T01:30:00-03:00,,,,False
2024-04-04T03:00:00-03:00,86500000,2024-04-04T02:30:00-03:00,,,,False
2024-04-04T04:00:00-03:00,86500000,2024-04-04T03:30:00-03:00,,,,False
2024-04-04T05:00:00-03:00,86500000,2024-04-04T04:30:00-03:00,,,,False
2024-04-04T06:00:00-03:00,86500000,2024-04-04T05:30:00-03:00,,,,False
2024-04-04T07:00:00-03:00,86500000,2024-04-04T06:30:00-03:00,,,,False
2024-04-04T08:00:00-03:00,86500000,2024-04-04T07:30:00-03:00,,,,False
2024-04-04T09:00:00-03:00,86500000,2024-04-04T08:30:00-03:00,,,,False
2024-04-04T10:00:00-03:00,86500000,2024-04-04T09:30:00-03:00,,,,False
2024-04-04T11:00:00-03:00,86500000,2024-04-04T10:30:00-03:00,,,,False
2024-04-04T12:00:00-03:00,86500000,2024-04-04T11:30:00-03:00,,,,False
2024-04-04T13:00:00-03:00,86500000,2024-04-04T12:30:00-03:00,,,,False
2024-04-04T14:00:00-03:00,86500000,2024-04-04T13:30:00-03:00,,,,False
2024-04-04T15:00:00-03:00,86500000,2024-04-04T14:30:00-03:00,,,,False
2024-04-04T16:00:00-03:00,86500000,2024-04-04T15:30:00-03:00,,,,False
2024-04-04T17:00:00-03:00,86500000,2024-04-04T16:30:00-03:00,,,,False
2024-04-04T18:00:00-03:00,86500000,2024-04-04T17:30:00-03:00,,,,False
2024-04-04T19:00:00-03:00,86500000,2024-04-04T18:30:00-03:00,,,,False
2024-04-04T20:00:00-03:00,86500000,2024-04-04T19:30:00-03:00,,,,False
2024-04-04T21:00:00-03:00,86500000,2024-04-04T20:30:00-03:00,,,,False
2024-04-04T22:00:00-03:00,86500000,2024-04-04T21:30:00-03:00,,,,False
2024-04-04T23:00:00-03:00,86500000,2024-04-04T22:30:00-03:00,,,,False
2024-04-05T00:00:00-03:00,86500000,2024-04-04T23:30:00-03:00,,,,False
2024-04-05T01:00:00-03:00,86500000,2024-04-05T00:30:00-03:00,,,,False
2024-04-05T02:00:00-03:00,86500000,2024-04-05T01:30:00-03:00,,,,False
2024-04-05T03:00:00-03:00,86500000,2024-04-05T02:30:00-03:00,,,,False
2024-04-05T04:00:00-03:00,86500000,2024-04-05T03:30:00-03:00,,,,False
2024-04-05T05:00:00-03:00,86500000,2024-04-05T04:30:00-03:00,,,,False
2024-04-05T06:00:00-03:00,86500000,2024-04-05T05:30:00-03:00,,,,False
2024-04-05T07:00:00-03:00,86500000,2024-04-05T06:30:00-03:00,,,,False
2024-04-05T08:00:00-03:00,86500000,2024-04-05T07:30:00-03:00,,,,False
2024-04-05T09:00:00-03:00,86500000,2024-04-05T08:30:00-03:00,,,,False
2024-04-05T10:00:00-03:00,86500000,2024-04-05T09:30:00-03:00,,,,False
2024-04-05T11:00:00-03:00,86500000,2024-04-05T10:30:00-03:00,,,,False
2024-04-05T12:00:00-03:00,86500000,2024-04-05T11:30:00-03:00,,,,False
2024-04-05T13:00:00-03:00,86500000,2024-04-05T12:30:00-03:00,,,,False
2024-04-05T14:00:00-03:00,86500000,2024-04-05T13:30:00-03:00,,,,False
2024-04-05T15:00:00-03:00,86500000,2024-04-05T14:30:00-03:00,,,,False
2024-04-05T16:00:00-03:00,86500000,2024-04-05T15:30:00-03:00,,,,False
2024-04-05T17:00:00-03:00,86500000,2024-04-05T16:30:00-03:00,,,,False
2024-04-05T18:00:00-03:00,86500000,2024-04-05T17:30:00-03:00,,,,False
2024-04-05T19:00:00-03:00,86500000,2024-04-05T18:30:00-03:00,,,,False
2024-04-05T20:00:00-03:00,86500000,2024-04-05T19:30:00-03:00,,,,False
2024-04-05T21:00:00-03:00,86500000,2024-04-05T20:30:00-03:00,,,,False
2024-04-05T22:00:00-03:00,86500000,2024-04-05T21:30:00-03:00,,,,False
2024-04-05T23:00:00-03:00,86500000,2024-04-05T22:30:00-03:00,,,,False
2024-04-06T00:00:00-03:00,86500000,2024-04-05T23:30:00-03:00,,,,False
2024-04-06T01:00:00-03:00,86500000,2024-04-06T00:30:00-03:00,,,,False
2024-04-06T02:00:00-03:00,86500000,2024-04-06T01:30:00-03:00,,,,False
2024-04-06T03:00:00-03:00,86500000,2024-04-06T02:30:00-03:00,,,,False
2024-04-06T04:00:00-03:00,86500000,2024-04-06T03:30:00-03:00,,,,False
2024-04-06T05:00:00-03:00,86500000,2024-04-06T04:30:00-03:00,,,,False
2024-04-06T06:00:00-03:00,86500000,2024-04-06T05:30:00-03:00,,,,False
2024-04-06T07:00:00-03:00,86500000,2024-04-06T06:30:00-03:00,,,,False
2024-04-06T08:00:00-03:00,86500000,2024-04-06T07:30:00-03:00,,,,False
2024-04-06T09:00:00-03:00,86500000,2024-04-06T08:30:00-03:00,,,,False
2024-04-06T10:00:00-03:00,86500000,2024-04-06T09:30:00-03:00,,,,False
2024-04-06T11:00:00-03:00,86500000,2024-04-06T10:30:00-03:00,,,,False
2024-04-06T12:00:00-03:00,86500000,2024-04-06T11:30:00-03:00,,,,False
2024-04-06T13:00:00-03:00,86500000,2024-04-06T12:30:00-03:00,,,,False
2024-04-06T14:00:00-03:00,86500000,2024-04-06T13:30:00-03:00,,,,False
2024-04-06T15:00:00-03:00,86500000,2024-04-06T14:30:00-03:00,,,,False
2024-04-06T16:00:00-03:00,86500000,2024-04-06T15:30:00-03:00,,,,False
2024-04-06T17:00:00-03:00,86500000,2024-04-06T16:30:00-03:00,,,,False
2024-04-06T18:00:00-03:00,86500000,2024-04-06T17:30:00-03:00,,,,False
2024-04-06T19:00:00-03:00,86500000,2024-04-06T18:30:00-03:00,,,,False
2024-04-06T20:00:00-03:00,86500000,2024-04-06T19:30:00-03:00,,,,False
2024-04-06T21:00:00-03:00,86500000,2024-04-06T20:30:00-03:00,,,,False
2024-04-06T22:00:00-03:00,86500000,2024-04-06T21:30:00-03:00,,,,False
2024-04-06T23:00:00-03:00,86500000,2024-04-06T22:30:00-03:00,,,,False
2024-04-07T00:00:00-03:00,86500000,2024-04-06T23:30:00-03:00,,,,False
2024-04-07T01:00:00-03:00,86500000,2024-04-07T00:30:00-03:00,,,,False
2024-04-07T02:00:00-03:00,86500000,2024-04-07T01:30:00-03:00,,,,False
2024-04-07T03:00:00-03:00,86500000,2024-04-07T02:30:00-03:00,,,,False
2024-04-07T04:00:00-03:00,86500000,2024-04-07T03:30:00-03:00,,,,False
2024-04-07T05:00:00-03:00,86500000,2024-04-07T04:30:00-03:00,,,,False
2024-04-07T06:00:00-03:00,86500000,2024-04-07T05:30:00-03:00,,,,False
2024-04-07T07:00:00-03:00,86500000,2024-04-07T06:30:00-03:00,,,,False
2024-04-07T08:00:00-03:00,86500000,2024-04-07T07:30:00-03:00,,,,False
2024-04-07T09:00:00-03:00,86500000,2024-04-07T08:30:00-03:00,,,,False
2024-04-07T10:00:00-03:00,86500000,2024-04-07T09:30:00-03:00,,,,False
2024-04-07T11:00:00-03:00,86500000,2024-04-07T10:30:00-03:00,,,,False
2024-04-07T12:00:00-03:00,86500000,2024-04-07T11:30:00-03:00,,,,False
2024-04-07T13:00:00-03:00,86500000,2024-04-07T12:30:00-03:00,,,,False
2024-04-07T14:00:00-03:00,86500000,2024-04-07T13:30:00-03:00,,,,False
2024-04-07T15:00:00-03:00,86500000,2024-04-07T14:30:00-03:00,,,,False
2024-04-07T16:00:00-03:00,86500000,2024-04-07T15:30:00-03:00,,,,False
2024-04-07T17:00:00-03:00,86500000,2024-04-07T16:30:00-03:00,,,,False
2024-04-07T18:00:00-03:00,86500000,2024-04-07T17:30:00-03:00,,,,False
2024-04-07T19:00:00-03:00,86500000,2024-04-07T18:30:00-03:00,,,,False
2024-04-07T20:00:00-03:00,86500000,2024-04-07T19:30:00-03:00,,,,False
2024-04-07T21:00:00-03:00,86500000,2024-04-07T20:30:00-03:00,,,,False
2024-04-07T22:00:00-03:00,86500000,2024-04-07T21:30:00-03:00,,,,False
2024-04-07T23:00:00-03:00,86500000,2024-04-07T22:30:00-03:00,,,,False
2024-04-08T00:00:00-03:00,86500000,2024-04-07T23:30:00-03:00,,,,False
2024-04-08T01:00:00-03:00,86500000,2024-04-08T00:30:00-03:00,,,,False
2024-04-08T02:00:00-03:00,86500000,2024-04-08T01:30:00-03:00,,,,False
2024-04-08T03:00:00-03:00,86500000,2024-04-08T02:30:00-03:00,,,,False
2024-04-08T04:00:00-03:00,86500000,2024-04-08T03:30:00-03:00,,,,False
2024-04-08T05:00:00-03:00,86500000,2024-04-08T04:30:00-03:00,,,,False
2024-04-08T06:00:00-03:00,86500000,2024-04-08T05:30:00-03:00,,,,False
2024-04-08T07:00:00-03:00,86500000,2024-04-08T06:30:00-03:00,,,,False
2024-04-08T08:00:00-03:00,86500000,2024-04-08T07:30:00-03:00,,,,False
2024-04-08T09:00:00-03:00,86500000,2024-04-08T08:30:00-03:00,,,,False
2024-04-08T10:00:00-03:00,86500000,2024-04-08T09:30:00-03:00,,,,False
2024-04-08T11:00:00-03:00,86500000,2024-04-08T10:30:00-03:00,,,,False
2024-04-08T12:00:00-03:00,86500000,2024-04-08T11:30:00-03:00,,,,False
2024-04-08T13:00:00-03:00,86500000,2024-04-08T12:30:00-03:00,,,,False
2024-04-08T14:00:00-03:00,86500000,2024-04-08T13:30:00-03:00,,,,False
2024-04-08T15:00:00-03:00,86500000,2024-04-08T14:30:00-03:00,,,,False
2024-04-08T16:00:00-03:00,86500000,2024-04-08T15:30:00-03:00,,,,False
2024-04-08T17:00:00-03:00,86500000,2024-04-08T16:30:00-03:00,,,,False
2024-04-08T18:00:00-03:00,86500000,2024-04-08T17:30:00-03:00,,,,False
2024-04-08T19:00:00-03:00,86500000,2024-04-08T18:30:00-03:00,,,,False
2024-04-08T20:00:00-03:00,86500000,2024-04-08T19:30:00-03:00,,,,False
2024-04-08T21:00:00-03:00,86500000,2024-04-08T20:30:00-03:00,,,,False
2024-04-08T22:00:00-03:00,86500000,2024-04-08T21:30:00-03:00,,,,False
2024-04-08T23:00:00-03:00,86500000,2024-04-08T22:30:00-03:00,,,,False
2024-04-09T00:00:00-03:00,86500000,2024-04-08T23:30:00-03:00,,,,False
2024-04-09T01:00:00-03:00,86500000,2024-04-09T00:30:00-03:00,,,,False
2024-04-09T02:00:00-03:00,86500000,2024-04-09T01:30:00-03:00,,,,False
2024-04-09T03:00:00-03:00,86500000,2024-04-09T02:30:00-03:00,,,,False
2024-04-09T04:00:00-03:00,86500000,2024-04-09T03:30:00-03:00,,,,False
2024-04-09T05:00:00-03:00,86500000,2024-04-09T04:30:00-03:00,,,,False
2024-04-09T06:00:00-03:00,86500000,2024-04-09T05:30:00-03:00,,,,False
2024-04-09T07:00:00-03:00,86500000,2024-04-09T06:30:00-03:00,,,,False
2024-04-09T08:00:00-03:00,86500000,2024-04-09T07:30:00-03:00,,,,False
2024-04-09T09:00:00-03:00,86500000,2024-04-09T08:30:00-03:00,,,,False
2024-04-09T10:00:00-03:00,86500000,2024-04-09T09:30:00-03:00,,,,False
2024-04-09T11:00:00-03:00,86500000,2024-04-09T10:30:00-03:00,,,,False
2024-04-09T12:00:00-03:00,86500000,2024-04-09T11:30:00-03:00,,,,False
2024-04-09T13:00:00-03:00,86500000,2024-04-09T12:30:00-03:00,,,,False
2024-04-09T14:00:00-03:00,86500000,2024-04-09T13:30:00-03:00,,,,False
2024-04-09T15:00:00-03:00,86500000,2024-04-09T14:30:00-03:00,,,,False
2024-04-09T16:00:00-03:00,86500000,2024-04-09T15:30:00-03:00,,,,False
2024-04-09T17:00:00-03:00,86500000,2024-04-09T16:30:00-03:00,,,,False
2024-04-09T18:00:00-03:00,86500000,2024-04-09T17:30:00-03:00,,,,False
2024-04-09T19:00:00-03:00,86500000,2024-04-09T18:30:00-03:00,,,,False
2024-04-09T20:00:00-03:00,86500000,2024-04-09T19:30:00-03:00,,,,False
2024-04-09T21:00:00-03:00,86500000,2024-04-09T20:30:00-03:00,,,,False
2024-04-09T22:00:00-03:00,86500000,2024-04-09T21:30:00-03:00,,,,False
2024-04-09T23:00:00-03:00,86500000,2024-04-09T22:30:00-03:00,,,,False
2024-04-10T00:00:00-03:00,86500000,2024-04-09T23:30:00-03:00,,,,False
2024-04-10T01:00:00-03:00,86500000,2024-04-10T00:30:00-03:00,,,,False
2024-04-10T02:00:00-03:00,86500000,2024-04-10T01:30:00-03:00,,,,False
2024-04-10T03:00:00-03:00,86500000,2024-04-10T02:30:00-03:00,,,,False
2024-04-10T04:00:00-03:00,86500000,2024-04-10T03:30:00-03:00,,,,False
2024-04-10T05:00:00-03:00,86500000,2024-04-10T04:30:00-03:00,,,,False
2024-04-10T06:00:00-03:00,86500000,2024-04-10T05:30:00-03:00,,,,False
2024-04-10T07:00:00-03:00,86500000,2024-04-10T06:30:00-03:00,,,,False
2024-04-10T08:00:00-03:00,86500000,2024-04-10T07:30:00-03:00,,,,False
2024-04-10T09:00:00-03:00,86500000,2024-04-10T08:30:00-03:00,,,,False
2024-04-10T10:00:00-03:00,86500000,2024-04-10T09:30:00-03:00,,,,False
2024-04-10T11:00:00-03:00,86500000,2024-04-10T10:30:00-03:00,,,,False
2024-04-10T12:00:00-03:00,86500000,2024-04-10T11:30:00-03:00,,,,False
2024-04-10T13:00:00-03:00,86500000,2024-04-10T12:30:00-03:00,,,,False
2024-04-10T14:00:00-03:00,86500000,2024-04-10T13:30:00-03:00,,,,False
2024-04-10T15:00:00-03:00,86500000,2024-04-10T14:30:00-03:00,,,,False
2024-04-10T16:00:00-03:00,86500000,2024-04-10T15:30:00-03:00,,,,False
2024-04-10T17:00:00-03:00,86500000,2024-04-10T16:30:00-03:00,,,,False
2024-04-10T18:00:00-03:00,86500000,2024-04-10T17:30:00-03:00,,,,False
2024-04-10T19:00:00-03:00,86500000,2024-04-10T18:30:00-03:00,,,,False
2024-04-10T20:00:00-03:00,86500000,2024-04-10T19:30:00-03:00,,,,False
2024-04-10T21:00:00-03:00,86500000,2024-04-10T20:30:00-03:00,,,,False
2024-04-10T22:00:00-03:00,86500000,2024-04-10T21:30:00-03:00,,,,False
2024-04-10T23:00:00-03:00,86500000,2024-04-10T22:30:00-03:00,,,,False
2024-04-11T00:00:00-03:00,86500000,2024-04-10T23:30:00-03:00,,,,False
2024-04-11T01:00:00-03:00,86500000,2024-04-11T00:30:00-03:00,,,,False
2024-04-11T02:00:00-03:00,86500000,2024-04-11T01:30:00-03:00,,,,False
2024-04-11T03:00:00-03:00,86500000,2024-04-11T02:30:00-03:00,,,,False
2024-04-11T04:00:00-03:00,86500000,2024-04-11T03:30:00-03:00,,,,False
2024-04-11T05:00:00-03:00,86500000,2024-04-11T04:30:00-03:00,,,,False
2024-04-11T06:00:00-03:00,86500000,2024-04-11T05:30:00-03:00,,,,False
2024-04-11T07:00:00-03:00,86500000,2024-04-11T06:30:00-03:00,,,,False
2024-04-11T08:00:00-03:00,86500000,2024-04-11T07:30:00-03:00,,,,False
2024-04-11T09:00:00-03:00,86500000,2024-04-11T08:30:00-03:00,,,,False
2024-04-11T10:00:00-03:00,86500000,2024-04-11T09:30:00-03:00,,,,False
2024-04-11T11:00:00-03:00,86500000,2024-04-11T10:30:00-03:00,,,,False
2024-04-11T12:00:00-03:00,86500000,2024-04-11T11:30:00-03:00,,,,False
2024-04-11T13:00:00-03:00,86500000,2024-04-11T12:30:00-03:00,,,,False
2024-04-11T14:00:00-03:00,86500000,2024-04-11T13:30:00-03:00,,,,False
2024-04-11T15:00:00-03:00,86500000,2024-04-11T14:30:00-03:00,,,,False
2024-04-11T16:00:00-03:00,86500000,2024-04-11T15:30:00-03:00,,,,False
2024-04-11T17:00:00-03:00,86500000,2024-04-11T16:30:00-03:00,,,,False
2024-04-11T18:00:00-03:00,86500000,2024-04-11T17:30:00-03:00,,,,False
2024-04-11T19:00:00-03:00,86500000,2024-04-11T18:30:00-03:00,,,,False
2024-04-11T20:00:00-03:00,86500000,2024-04-11T19:30:00-03:00,,,,False
2024-04-11T21:00:00-03:00,86500000,2024-04-11T20:30:00-03:00,,,,False
2024-04-11T22:00:00-03:00,86500000,2024-04-11T21:30:00-03:00,,,,False
2024-04-11T23:00:00-03:00,86500000,2024-04-11T22:30:00-03:00,,,,False
2024-04-12T00:00:00-03:00,86500000,2024-04-11T23:30:00-03:00,,,,False
2024-04-12T01:00:00-03:00,86500000,2024-04-12T00:30:00-03:00,,,,False
2024-04-12T02:00:00-03:00,86500000,2024-04-12T01:30:00-03:00,,,,False
2024-04-12T03:00:00-03:00,86500000,2024-04-12T02:30:00-03:00,,,,False
2024-04-12T04:00:00-03:00,86500000,2024-04-12T03:30:00-03:00,,,,False
2024-04-12T05:00:00-03:00,86500000,2024-04-12T04:30:00-03:00,,,,False
2024-04-12T06:00:00-03:00,86500000,2024-04-12T05:30:00-03:00,,,,False
2024-04-12T07:00:00-03:00,86500000,2024-04-12T06:30:00-03:00,,,,False
2024-04-12T08:00:00-03:00,86500000,2024-04-12T07:30:00-03:00,,,,False
2024-04-12T09:00:00-03:00,86500000,2024-04-12T08:30:00-03:00,,,,False
2024-04-12T10:00:00-03:00,86500000,2024-04-12T09:30:00-03:00,,,,False
2024-04-12T11:00:00-03:00,86500000,2024-04-12T10:30:00-03:00,,,,False
2024-04-12T12:00:00-03:00,86500000,2024-04-12T11:30:00-03:00,,,,False
2024-04-12T13:00:00-03:00,86500000,2024-04-12T12:30:00-03:00,,,,False
2024-04-12T14:00:00-03:00,86500000,2024-04-12T13:30:00-03:00,,,,False
2024-04-12T15:00:00-03:00,86500000,2024-04-12T14:30:00-03:00,,,,False
2024-04-12T16:00:00-03:00,86500000,2024-04-12T15:30:00-03:00,,,,False
2024-04-12T17:00:00-03:00,86500000,2024-04-12T16:30:00-03:00,,,,False
2024-04-12T18:00:00-03:00,86500000,2024-04-12T17:30:00-03:00,,,,False
2024-04-12T19:00:00-03:00,86500000,2024-04-12T18:30:00-03:00,,,,False
2024-04-12T20:00:00-03:00,86500000,2024-04-12T19:30:00-03:00,,,,False
2024-04-12T21:00:00-03:00,86500000,2024-04-12T20:30:00-03:00,,,,False
2024-04-12T22:00:00-03:00,86500000,2024-04-12T21:30:00-03:00,,,,False
2024-04-12T23:00:00-03:00,86500000,2024-04-12T22:30:00-03:00,,,,False
2024-04-13T00:00:00-03:00,86500000,2024-04-12T23:30:00-03:00,,,,False
2024-04-13T01:00:00-03:00,86500000,2024-04-13T00:30:00-03:00,,,,False
2024-04-13T02:00:00-03:00,86500000,2024-04-13T01:30:00-03:00,,,,False
2024-04-13T03:00:00-03:00,86500000,2024-04-13T02:30:00-03:00,,,,False
2024-04-13T04:00:00-03:00,86500000,2024-04-13T03:30:00-03:00,,,,False
2024-04-13T05:00:00-03:00,86500000,2024-04-13T04:30:00-03:00,,,,False
2024-04-13T06:00:00-03:00,86500000,2024-04-13T05:30:00-03:00,,,,False
2024-04-13T07:00:00-03:00,86500000,2024-04-13T06:30:00-03:00,,,,False
2024-04-13T08:00:00-03:00,86500000,2024-04-13T07:30:00-03:00,,,,False
2024-04-13T09:00:00-03:00,86500000,2024-04-13T08:30:00-03:00,,,,False
2024-04-13T10:00:00-03:00,86500000,2024-04-13T09:30:00-03:00,,,,False
2024-04-13T11:00:00-03:00,86500000,2024-04-13T10:30:00-03:00,,,,False
2024-04-13T12:00:00-03:00,86500000,2024-04-13T11:30:00-03:00,,,,False
2024-04-13T13:00:00-03:00,86500000,2024-04-13T12:30:00-03:00,,,,False
2024-04-13T14:00:00-03:00,86500000,2024-04-13T13:30:00-03:00,,,,False
2024-04-13T15:00:00-03:00,86500000,2024-04-13T14:30:00-03:00,,,,False
2024-04-13T16:00:00-03:00,86500000,2024-04-13T15:30:00-03:00,,,,False
2024-04-13T17:00:00-03:00,86500000,2024-04-13T16:30:00-03:00,,,,False
2024-04-13T18:00:00-03:00,86500000,2024-04-13T17:30:00-03:00,,,,False
2024-04-13T19:00:00-03:00,86500000,2024-04-13T18:30:00-03:00,,,,False
2024-04-13T20:00:00-03:00,86500000,2024-04-13T19:30:00-03:00,,,,False
2024-04-13T21:00:00-03:00,86500000,2024-04-13T20:30:00-03:00,,,,False
2024-04-13T22:00:00-03:00,86500000,2024-04-13T21:30:00-03:00,,,,False
2024-04-13T23:00:00-03:00,86500000,2024-04-13T22:30:00-03:00,,,,False
2024-04-14T00:00:00-03:00,86500000,2024-04-13T23:30:00-03:00,,,,False
2024-04-14T01:00:00-03:00,86500000,2024-04-14T00:30:00-03:00,,,,False
2024-04-14T02:00:00-03:00,86500000,2024-04-14T01:30:00-03:00,,,,False
2024-04-14T03:00:00-03:00,86500000,2024-04-14T02:30:00-03:00,,,,False
2024-04-14T04:00:00-03:00,86500000,2024-04-14T03:30:00-03:00,,,,False
2024-04-14T05:00:00-03:00,86500000,2024-04-14T04:30:00-03:00,,,,False
2024-04-14T06:00:00-03:00,86500000,2024-04-14T05:30:00-03:00,,,,False
2024-04-14T07:00:00-03:00,86500000,2024-04-14T06:30:00-03:00,,,,False
2024-04-14T08:00:00-03:00,86500000,2024-04-14T07:30:00-03:00,,,,False
2024-04-14T09:00:00-03:00,86500000,2024-04-14T08:30:00-03:00,,,,False
2024-04-14T10:00:00-03:00,86500000,2024-04-14T09:30:00-03:00,,,,False
2024-04-14T11:00:00-03:00,86500000,2024-04-14T10:30:00-03:00,,,,False
2024-04-14T12:00:00-03:00,86500000,2024-04-14T11:30:00-03:00,,,,False
2024-04-14T13:00:00-03:00,86500000,2024-04-14T12:30:00-03:00,,,,False
2024-04-14T14:00:00-03:00,86500000,2024-04-14T13:30:00-03:00,,,,False
2024-04-14T15:00:00-03:00,86500000,2024-04-14T14:30:00-03:00,,,,False
2024-04-14T16:00:00-03:00,86500000,2024-04-14T15:30:00-03:00,,,,False
2024-04-14T17:00:00-03:00,86500000,2024-04-14T16:30:00-03:00,,,,False
2024-04-14T18:00:00-03:00,86500000,2024-04-14T17:30:00-03:00,,,,False
2024-04-14T19:00:00-03:00,86500000,2024-04-14T18:30:00-03:00,,,,False
2024-04-14T20:00:00-03:00,86500000,2024-04-14T19:30:00-03:00,,,,False
2024-04-14T21:00:00-03:00,86500000,2024-04-14T20:30:00-03:00,,,,False
2024-04-14T22:00:00-03:00,86500000,2024-04-14T21:30:00-03:00,,,,False
2024-04-14T23:00:00-03:00,86500000,2024-04-14T22:30:00-03:00,,,,False
2024-04-15T00:00:00-03:00,86500000,2024-04-14T23:30:00-03:00,,,,False
2024-04-15T01:00:00-03:00,86500000,2024-04-15T00:30:00-03:00,,,,False
2024-04-15T02:00:00-03:00,86500000,2024-04-15T01:30:00-03:00,,,,False
2024-04-15T03:00:00-03:00,86500000,2024-04-15T02:30:00-03:00,,,,False
2024-04-15T04:00:00-03:00,86500000,2024-04-15T03:30:00-03:00,,,,False
2024-04-15T05:00:00-03:00,86500000,2024-04-15T04:30:00-03:00,,,,False
2024-04-15T06:00:00-03:00,86500000,2024-04-15T05:30:00-03:00,,,,False
2024-04-15T07:00:00-03:00,86500000,2024-04-15T06:30:00-03:00,,,,False
2024-04-15T08:00:00-03:00,86500000,2024-04-15T07:30:00-03:00,,,,False
2024-04-15T09:00:00-03:00,86500000,2024-04-15T08:30:00-03:00,,,,False
2024-04-15T10:00:00-03:00,86500000,2024-04-15T09:30:00-03:00,,,,False
2024-04-15T11:00:00-03:00,86500000,2024-04-15T10:30:00-03:00,,,,False
2024-04-15T12:00:00-03:00,86500000,2024-04-15T11:30:00-03:00,,,,False
2024-04-15T13:00:00-03:00,86500000,2024-04-15T12:30:00-03:00,,,,False
2024-04-15T14:00:00-03:00,86500000,2024-04-15T13:30:00-03:00,,,,False
2024-04-15T15:00:00-03:00,86500000,2024-04-15T14:30:00-03:00,,,,False
2024-04-15T16:00:00-03:00,86500000,2024-04-15T15:30:00-03:00,,,,False
2024-04-15T17:00:00-03:00,86500000,2024-04-15T16:30:00-03:00,,,,False
2024-04-15T18:00:00-03:00,86500000,2024-04-15T17:30:00-03:00,,,,False
2024-04-15T19:00:00-03:00,86500000,2024-04-15T18:30:00-03:00,,,,False
2024-04-15T20:00:00-03:00,86500000,2024-04-15T19:30:00-03:00,,,,False
2024-04-15T21:00:00-03:00,86500000,2024-04-15T20:30:00-03:00,,,,False
2024-04-15T22:00:00-03:00,86500000,2024-04-15T21:30:00-03:00,,,,False
2024-04-15T23:00:00-03:00,86500000,2024-04-15T22:30:00-03:00,,,,False
2024-04-16T00:00:00-03:00,86500000,2024-04-15T23:30:00-03:00,,,,False
2024-04-16T01:00:00-03:00,86500000,2024-04-16T00:30:00-03:00,,,,False
2024-04-16T02:00:00-03:00,86500000,2024-04-16T01:30:00-03:00,,,,False
2024-04-16T03:00:00-03:00,86500000,2024-04-16T02:30:00-03:00,,,,False
2024-04-16T04:00:00-03:00,86500000,2024-04-16T03:30:00-03:00,,,,False
2024-04-16T05:00:00-03:00,86500000,2024-04-16T04:30:00-03:00,,,,False
2024-04-16T06:00:00-03:00,86500000,2024-04-16T05:30:00-03:00,,,,False
2024-04-16T07:00:00-03:00,86500000,2024-04-16T06:30:00-03:00,,,,False
2024-04-16T08:00:00-03:00,86500000,2024-04-16T07:30:00-03:00,,,,False
2024-04-16T09:00:00-03:00,86500000,2024-04-16T08:30:00-03:00,,,,False
2024-04-16T10:00:00-03:00,86500000,2024-04-16T09:30:00-03:00,,,,False
2024-04-16T11:00:00-03:00,86500000,2024-04-16T10:30:00-03:00,,,,False
2024-04-16T12:00:00-03:00,86500000,2024-04-16T11:30:00-03:00,,,,False
2024-04-16T13:00:00-03:00,86500000,2024-04-16T12:30:00-03:00,,,,False
2024-04-16T14:00:00-03:00,86500000,2024-04-16T13:30:00-03:00,,,,False
2024-04-16T15:00:00-03:00,86500000,2024-04-16T14:30:00-03:00,,,,False
2024-04-16T16:00:00-03:00,86500000,2024-04-16T15:30:00-03:00,,,,False
2024-04-16T17:00:00-03:00,86500000,2024-04-16T16:30:00-03:00,,,,False
2024-04-16T18:00:00-03:00,86500000,2024-04-16T17:30:00-03:00,,,,False
2024-04-16T19:00:00-03:00,86500000,2024-04-16T18:30:00-03:00,,,,False
2024-04-16T20:00:00-03:00,86500000,2024-04-16T19:30:00-03:00,,,,False
2024-04-16T21:00:00-03:00,86500000,2024-04-16T20:30:00-03:00,,,,False
2024-04-16T22:00:00-03:00,86500000,2024-04-16T21:30:00-03:00,,,,False
2024-04-16T23:00:00-03:00,86500000,2024-04-16T22:30:00-03:00,,,,False
2024-04-17T00:00:00-03:00,86500000,2024-04-16T23:30:00-03:00,,,,False
2024-04-17T01:00:00-03:00,86500000,2024-04-17T00:30:00-03:00,,,,False
2024-04-17T02:00:00-03:00,86500000,2024-04-17T01:30:00-03:00,,,,False
2024-04-17T03:00:00-03:00,86500000,2024-04-17T02:30:00-03:00,,,,False
2024-04-17T04:00:00-03:00,86500000,2024-04-17T03:30:00-03:00,,,,False
2024-04-17T05:00:00-03:00,86500000,2024-04-17T04:30:00-03:00,,,,False
2024-04-17T06:00:00-03:00,86500000,2024-04-17T05:30:00-03:00,,,,False
2024-04-17T07:00:00-03:00,86500000,2024-04-17T06:30:00-03:00,,,,False
2024-04-17T08:00:00-03:00,86500000,2024-04-17T07:30:00-03:00,,,,False
2024-04-17T09:00:00-03:00,86500000,2024-04-17T08:30:00-03:00,,,,False
2024-04-17T10:00:00-03:00,86500000,2024-04-17T09:30:00-03:00,,,,False
2024-04-17T11:00:00-03:00,86500000,2024-04-17T10:30:00-03:00,,,,False
2024-04-17T12:00:00-03:00,86500000,2024-04-17T11:30:00-03:00,,,,False
2024-04-17T13:00:00-03:00,86500000,2024-04-17T12:30:00-03:00,,,,False
2024-04-17T14:00:00-03:00,86500000,2024-04-17T13:30:00-03:00,,,,False
2024-04-17T15:00:00-03:00,86500000,2024-04-17T14:30:00-03:00,,,,False
2024-04-17T16:00:00-03:00,86500000,2024-04-17T15:30:00-03:00,,,,False
2024-04-17T17:00:00-03:00,86500000,2024-04-17T16:30:00-03:00,,,,False
2024-04-17T18:00:00-03:00,86500000,2024-04-17T17:30:00-03:00,,,,False
2024-04-17T19:00:00-03:00,86500000,2024-04-17T18:30:00-03:00,,,,False
2024-04-17T20:00:00-03:00,86500000,2024-04-17T19:30:00-03:00,,,,False
2024-04-17T21:00:00-03:00,86500000,2024-04-17T20:30:00-03:00,,,,False
2024-04-17T22:00:00-03:00,86500000,2024-04-17T21:30:00-03:00,,,,False
2024-04-17T23:00:00-03:00,86500000,2024-04-17T22:30:00-03:00,,,,False
2024-04-18T00:00:00-03:00,86500000,2024-04-17T23:30:00-03:00,,,,False
2024-04-18T01:00:00-03:00,86500000,2024-04-18T00:30:00-03:00,,,,False
2024-04-18T02:00:00-03:00,86500000,2024-04-18T01:30:00-03:00,,,,False
2024-04-18T03:00:00-03:00,86500000,2024-04-18T02:30:00-03:00,,,,False
2024-04-18T04:00:00-03:00,86500000,2024-04-18T03:30:00-03:00,,,,False
2024-04-18T05:00:00-03:00,86500000,2024-04-18T04:30:00-03:00,,,,False
2024-04-18T06:00:00-03:00,86500000,2024-04-18T05:30:00-03:00,,,,False
2024-04-18T07:00:00-03:00,86500000,2024-04-18T06:30:00-03:00,,,,False
2024-04-18T08:00:00-03:00,86500000,2024-04-18T07:30:00-03:00,,,,False
2024-04-18T09:00:00-03:00,86500000,2024-04-18T08:30:00-03:00,,,,False
2024-04-18T10:00:00-03:00,86500000,2024-04-18T09:30:00-03:00,,,,False
2024-04-18T11:00:00-03:00,86500000,2024-04-18T10:30:00-03:00,,,,False
2024-04-18T12:00:00-03:00,86500000,2024-04-18T11:30:00-03:00,,,,False
2024-04-18T13:00:00-03:00,86500000,2024-04-18T12:30:00-03:00,,,,False
2024-04-18T14:00:00-03:00,86500000,2024-04-18T13:30:00-03:00,,,,False
2024-04-18T15:00:00-03:00,86500000,2024-04-18T14:30:00-03:00,,,,False
2024-04-18T16:00:00-03:00,86500000,2024-04-18T15:30:00-03:00,,,,False
2024-04-18T17:00:00-03:00,86500000,2024-04-18T16:30:00-03:00,,,,False
2024-04-18T18:00:00-03:00,86500000,2024-04-18T17:30:00-03:00,,,,False
2024-04-18T19:00:00-03:00,86500000,2024-04-18T18:30:00-03:00,,,,False
2024-04-18T20:00:00-03:00,86500000,2024-04-18T19:30:00-03:00,,,,False
2024-04-18T21:00:00-03:00,86500000,2024-04-18T20:30:00-03:00,,,,False
2024-04-18T22:00:00-03:00,86500000,2024-04-18T21:30:00-03:00,,,,False
2024-04-18T23:00:00-03:00,86500000,2024-04-18T22:30:00-03:00,,,,False
2024-04-19T00:00:00-03:00,86500000,2024-04-18T23:30:00-03:00,,,,False
2024-04-19T01:00:00-03:00,86500000,2024-04-19T00:30:00-03:00,,,,False
2024-04-19T02:00:00-03:00,86500000,2024-04-19T01:30:00-03:00,,,,False
2024-04-19T03:00:00-03:00,86500000,2024-04-19T02:30:00-03:00,,,,False
2024-04-19T04:00:00-03:00,86500000,2024-04-19T03:30:00-03:00,,,,False
2024-04-19T05:00:00-03:00,86500000,2024-04-19T04:30:00-03:00,,,,False
2024-04-19T06:00:00-03:00,86500000,2024-04-19T05:30:00-03:00,,,,False
2024-04-19T07:00:00-03:00,86500000,2024-04-19T06:30:00-03:00,,,,False
2024-04-19T08:00:00-03:00,86500000,2024-04-19T07:30:00-03:00,,,,False
2024-04-19T09:00:00-03:00,86500000,2024-04-19T08:30:00-03:00,,,,False
2024-04-19T10:00:00-03:00,86500000,2024-04-19T09:30:00-03:00,,,,False
2024-04-19T11:00:00-03:00,86500000,2024-04-19T10:30:00-03:00,,,,False
2024-04-19T12:00:00-03:00,86500000,2024-04-19T11:30:00-03:00,,,,False
2024-04-19T13:00:00-03:00,86500000,2024-04-19T12:30:00-03:00,,,,False
2024-04-19T14:00:00-03:00,86500000,2024-04-19T13:30:00-03:00,,,,False
2024-04-19T15:00:00-03:00,86500000,2024-04-19T14:30:00-03:00,,,,False
2024-04-19T16:00:00-03:00,86500000,2024-04-19T15:30:00-03:00,,,,False
2024-04-19T17:00:00-03:00,86500000,2024-04-19T16:30:00-03:00,,,,False
2024-04-19T18:00:00-03:00,86500000,2024-04-19T17:30:00-03:00,,,,False
2024-04-19T19:00:00-03:00,86500000,2024-04-19T18:30:00-03:00,,,,False
2024-04-19T20:00:00-03:00,86500000,2024-04-19T19:30:00-03:00,,,,False
2024-04-19T21:00:00-03:00,86500000,2024-04-19T20:30:00-03:00,,,,False
2024-04-19T22:00:00-03:00,86500000,2024-04-19T21:30:00-03:00,,,,False
2024-04-19T23:00:00-03:00,86500000,2024-04-19T22:30:00-03:00,,,,False
2024-04-20T00:00:00-03:00,86500000,2024-04-19T23:30:00-03:00,,,,False
2024-04-20T01:00:00-03:00,86500000,2024-04-20T00:30:00-03:00,,,,False
2024-04-20T02:00:00-03:00,86500000,2024-04-20T01:30:00-03:00,,,,False
2024-04-20T03:00:00-03:00,86500000,2024-04-20T02:30:00-03:00,,,,False
2024-04-20T04:00:00-03:00,86500000,2024-04-20T03:30:00-03:00,,,,False
2024-04-20T05:00:00-03:00,86500000,2024-04-20T04:30:00-03:00,,,,False
2024-04-20T06:00:00-03:00,86500000,2024-04-20T05:30:00-03:00,,,,False
2024-04-20T07:00:00-03:00,86500000,2024-04-20T06:30:00-03:00,,,,False
2024-04-20T08:00:00-03:00,86500000,2024-04-20T07:30:00-03:00,,,,False
2024-04-20T09:00:00-03:00,86500000,2024-04-20T08:30:00-03:00,,,,False
2024-04-20T10:00:00-03:00,86500000,2024-04-20T09:30:00-03:00,,,,False
2024-04-20T11:00:00-03:00,86500000,2024-04-20T10:30:00-03:00,,,,False
2024-04-20T12:00:00-03:00,86500000,2024-04-20T11:30:00-03:00,,,,False
2024-04-20T13:00:00-03:00,86500000,2024-04-20T12:30:00-03:00,,,,False
2024-04-20T14:00:00-03:00,86500000,2024-04-20T13:30:00-03:00,,,,False
2024-04-20T15:00:00-03:00,86500000,2024-04-20T14:30:00-03:00,,,,False
2024-04-20T16:00:00-03:00,86500000,2024-04-20T15:30:00-03:00,,,,False
2024-04-20T17:00:00-03:00,86500000,2024-04-20T16:30:00-03:00,,,,False
2024-04-20T18:00:00-03:00,86500000,2024-04-20T17:30:00-03:00,,,,False
2024-04-20T19:00:00-03:00,86500000,2024-04-20T18:30:00-03:00,,,,False
2024-04-20T20:00:00-03:00,86500000,2024-04-20T19:30:00-03:00,,,,False
2024-04-20T21:00:00-03:00,86500000,2024-04-20T20:30:00-03:00,,,,False
2024-04-20T22:00:00-03:00,86500000,2024-04-20T21:30:00-03:00,,,,False
2024-04-20T23:00:00-03:00,86500000,2024-04-20T22:30:00-03:00,,,,False
2024-04-21T00:00:00-03:00,86500000,2024-04-20T23:30:00-03:00,,,,False
2024-04-21T01:00:00-03:00,86500000,2024-04-21T00:30:00-03:00,,,,False
2024-04-21T02:00:00-03:00,86500000,2024-04-21T01:30:00-03:00,,,,False
2024-04-21T03:00:00-03:00,86500000,2024-04-21T02:30:00-03:00,,,,False
2024-04-21T04:00:00-03:00,86500000,2024-04-21T03:30:00-03:00,,,,False
2024-04-21T05:00:00-03:00,86500000,2024-04-21T04:30:00-03:00,,,,False
2024-04-21T06:00:00-03:00,86500000,2024-04-21T05:30:00-03:00,,,,False
2024-04-21T07:00:00-03:00,86500000,2024-04-21T06:30:00-03:00,,,,False
2024-04-21T08:00:00-03:00,86500000,2024-04-21T07:30:00-03:00,,,,False
2024-04-21T09:00:00-03:00,86500000,2024-04-21T08:30:00-03:00,,,,False
2024-04-21T10:00:00-03:00,86500000,2024-04-21T09:30:00-03:00,,,,False
2024-04-21T11:00:00-03:00,86500000,2024-04-21T10:30:00-03:00,,,,False
2024-04-21T12:00:00-03:00,86500000,2024-04-21T11:30:00-03:00,,,,False
2024-04-21T13:00:00-03:00,86500000,2024-04-21T12:30:00-03:00,,,,False
2024-04-21T14:00:00-03:00,86500000,2024-04-21T13:30:00-03:00,,,,False
2024-04-21T15:00:00-03:00,86500000,2024-04-21T14:30:00-03:00,,,,False
2024-04-21T16:00:00-03:00,86500000,2024-04-21T15:30:00-03:00,,,,False
2024-04-21T17:00:00-03:00,86500000,2024-04-21T16:30:00-03:00,,,,False
2024-04-21T18:00:00-03:00,86500000,2024-04-21T17:30:00-03:00,,,,False
2024-04-21T19:00:00-03:00,86500000,2024-04-21T18:30:00-03:00,,,,False
2024-04-21T20:00:00-03:00,86500000,2024-04-21T19:30:00-03:00,,,,False
2024-04-21T21:00:00-03:00,86500000,2024-04-21T20:30:00-03:00,,,,False
2024-04-21T22:00:00-03:00,86500000,2024-04-21T21:30:00-03:00,,,,False
2024-04-21T23:00:00-03:00,86500000,2024-04-21T22:30:00-03:00,,,,False
2024-04-22T00:00:00-03:00,86500000,2024-04-21T23:30:00-03:00,,,,False
2024-04-22T01:00:00-03:00,86500000,2024-04-22T00:30:00-03:00,,,,False
2024-04-22T02:00:00-03:00,86500000,2024-04-22T01:30:00-03:00,,,,False
2024-04-22T03:00:00-03:00,86500000,2024-04-22T02:30:00-03:00,,,,False
2024-04-22T04:00:00-03:00,86500000,2024-04-22T03:30:00-03:00,,,,False
2024-04-22T05:00:00-03:00,86500000,2024-04-22T04:30:00-03:00,,,,False
2024-04-22T06:00:00-03:00,86500000,2024-04-22T05:30:00-03:00,,,,False
2024-04-22T07:00:00-03:00,86500000,2024-04-22T06:30:00-03:00,,,,False
2024-04-22T08:00:00-03:00,86500000,2024-04-22T07:30:00-03:00,,,,False
2024-04-22T09:00:00-03:00,86500000,2024-04-22T08:30:00-03:00,,,,False
2024-04-22T10:00:00-03:00,86500000,2024-04-22T09:30:00-03:00,,,,False
2024-04-22T11:00:00-03:00,86500000,2024-04-22T10:30:00-03:00,,,,False
2024-04-22T12:00:00-03:00,86500000,2024-04-22T11:30:00-03:00,,,,False
2024-04-22T13:00:00-03:00,86500000,2024-04-22T12:30:00-03:00,,,,False
2024-04-22T14:00:00-03:00,86500000,2024-04-22T13:30:00-03:00,,,,False
2024-04-22T15:00:00-03:00,86500000,2024-04-22T14:30:00-03:00,,,,False
2024-04-22T16:00:00-03:00,86500000,2024-04-22T15:30:00-03:00,,,,False
2024-04-22T17:00:00-03:00,86500000,2024-04-22T16:30:00-03:00,,,,False
2024-04-22T18:00:00-03:00,86500000,2024-04-22T17:30:00-03:00,,,,False
2024-04-22T19:00:00-03:00,86500000,2024-04-22T18:30:00-03:00,,,,False
2024-04-22T20:00:00-03:00,86500000,2024-04-22T19:30:00-03:00,,,,False
2024-04-22T21:00:00-03:00,86500000,2024-04-22T20:30:00-03:00,,,,False
2024-04-22T22:00:00-03:00,86500000,2024-04-22T21:30:00-03:00,,,,False
2024-04-22T23:00:00-03:00,86500000,2024-04-22T22:30:00-03:00,,,,False
2024-04-23T00:00:00-03:00,86500000,2024-04-22T23:30:00-03:00,,,,False
2024-04-23T01:00:00-03:00,86500000,2024-04-23T00:30:00-03:00,,,,False
2024-04-23T02:00:00-03:00,86500000,2024-04-23T01:30:00-03:00,,,,False
2024-04-23T03:00:00-03:00,86500000,2024-04-23T02:30:00-03:00,,,,False
2024-04-23T04:00:00-03:00,86500000,2024-04-23T03:30:00-03:00,,,,False
2024-04-23T05:00:00-03:00,86500000,2024-04-23T04:30:00-03:00,,,,False
2024-04-23T06:00:00-03:00,86500000,2024-04-23T05:30:00-03:00,,,,False
2024-04-23T07:00:00-03:00,86500000,2024-04-23T06:30:00-03:00,,,,False
2024-04-23T08:00:00-03:00,86500000,2024-04-23T07:30:00-03:00,,,,False
2024-04-23T09:00:00-03:00,86500000,2024-04-23T08:30:00-03:00,,,,False
2024-04-23T10:00:00-03:00,86500000,2024-04-23T09:30:00-03:00,,,,False
2024-04-23T11:00:00-03:00,86500000,2024-04-23T10:30:00-03:00,,,,False
2024-04-23T12:00:00-03:00,86500000,2024-04-23T11:30:00-03:00,,,,False
2024-04-23T13:00:00-03:00,86500000,2024-04-23T12:30:00-03:00,,,,False
2024-04-23T14:00:00-03:00,86500000,2024-04-23T13:30:00-03:00,,,,False
2024-04-23T15:00:00-03:00,86500000,2024-04-23T14:30:00-03:00,,,,False
2024-04-23T16:00:00-03:00,86500000,2024-04-23T15:30:00-03:00,,,,False
2024-04-23T17:00:00-03:00,86500000,2024-04-23T16:30:00-03:00,,,,False
2024-04-23T18:00:00-03:00,86500000,2024-04-23T17:30:00-03:00,,,,False
2024-04-23T19:00:00-03:00,86500000,2024-04-23T18:30:00-03:00,,,,False
2024-04-23T20:00:00-03:00,86500000,2024-04-23T19:30:00-03:00,,,,False
2024-04-23T21:00:00-03:00,86500000,2024-04-23T20:30:00-03:00,,,,False
2024-04-23T22:00:00-03:00,86500000,2024-04-23T21:30:00-03:00,,,,False
2024-04-23T23:00:00-03:00,86500000,2024-04-23T22:30:00-03:00,,,,False
2024-04-24T00:00:00-03:00,86500000,2024-04-23T23:30:00-03:00,,,,False
2024-04-24T01:00:00-03:00,86500000,2024-04-24T00:30:00-03:00,,,,False
2024-04-24T02:00:00-03:00,86500000,2024-04-24T01:30:00-03:00,,,,False
2024-04-24T03:00:00-03:00,86500000,2024-04-24T02:30:00-03:00,,,,False
2024-04-24T04:00:00-03:00,86500000,2024-04-24T03:30:00-03:00,,,,False
2024-04-24T05:00:00-03:00,86500000,2024-04-24T04:30:00-03:00,,,,False
2024-04-24T06:00:00-03:00,86500000,2024-04-24T05:30:00-03:00,,,,False
2024-04-24T07:00:00-03:00,86500000,2024-04-24T06:30:00-03:00,,,,False
2024-04-24T08:00:00-03:00,86500000,2024-04-24T07:30:00-03:00,,,,False
2024-04-24T09:00:00-03:00,86500000,2024-04-24T08:30:00-03:00,,,,False
2024-04-24T10:00:00-03:00,86500000,2024-04-24T09:30:00-03:00,,,,False
2024-04-24T11:00:00-03:00,86500000,2024-04-24T10:30:00-03:00,,,,False
2024-04-24T12:00:00-03:00,86500000,2024-04-24T11:30:00-03:00,,,,False
2024-04-24T13:00:00-03:00,86500000,2024-04-24T12:30:00-03:00,,,,False
2024-04-24T14:00:00-03:00,86500000,2024-04-24T13:30:00-03:00,,,,False
2024-04-24T15:00:00-03:00,86500000,2024-04-24T14:30:00-03:00,,,,False
2024-04-24T16:00:00-03:00,86500000,2024-04-24T15:30:00-03:00,,,,False
2024-04-24T17:00:00-03:00,86500000,2024-04-24T16:30:00-03:00,,,,False
2024-04-24T18:00:00-03:00,86500000,2024-04-24T17:30:00-03:00,,,,False
2024-04-24T19:00:00-03:00,86500000,2024-04-24T18:30:00-03:00,,,,False
2024-04-24T20:00:00-03:00,86500000,2024-04-24T19:30:00-03:00,,,,False
2024-04-24T21:00:00-03:00,86500000,2024-04-24T20:30:00-03:00,,,,False
2024-04-24T22:00:00-03:00,86500000,2024-04-24T21:30:00-03:00,,,,False
2024-04-24T23:00:00-03:00,86500000,2024-04-24T22:30:00-03:00,,,,False
2024-04-25T00:00:00-03:00,86500000,2024-04-24T23:30:00-03:00,,,,False
2024-04-25T01:00:00-03:00,86500000,2024-04-25T00:30:00-03:00,,,,False
2024-04-25T02:00:00-03:00,86500000,2024-04-25T01:30:00-03:00,,,,False
2024-04-25T03:00:00-03:00,86500000,2024-04-25T02:30:00-03:00,,,,False
2024-04-25T04:00:00-03:00,86500000,2024-04-25T03:30:00-03:00,,,,False
2024-04-25T05:00:00-03:00,86500000,2024-04-25T04:30:00-03:00,,,,False
2024-04-25T06:00:00-03:00,86500000,2024-04-25T05:30:00-03:00,,,,False
2024-04-25T07:00:00-03:00,86500000,2024-04-25T06:30:00-03:00,,,,False
2024-04-25T08:00:00-03:00,86500000,2024-04-25T07:30:00-03:00,,,,False
2024-04-25T09:00:00-03:00,86500000,2024-04-25T08:30:00-03:00,,,,False
2024-04-25T10:00:00-03:00,86500000,2024-04-25T09:30:00-03:00,,,,False
2024-04-25T11:00:00-03:00,86500000,2024-04-25T10:30:00-03:00,,,,False
2024-04-25T12:00:00-03:00,86500000,2024-04-25T11:30:00-03:00,,,,False
2024-04-25T13:00:00-03:00,86500000,2024-04-25T12:30:00-03:00,,,,False
2024-04-25T14:00:00-03:00,86500000,2024-04-25T13:30:00-03:00,,,,False
2024-04-25T15:00:00-03:00,86500000,2024-04-25T14:30:00-03:00,,,,False
2024-04-25T16:00:00-03:00,86500000,2024-04-25T15:30:00-03:00,,,,False
2024-04-25T17:00:00-03:00,86500000,2024-04-25T16:30:00-03:00,,,,False
2024-04-25T18:00:00-03:00,86500000,2024-04-25T17:30:00-03:00,,,,False
2024-04-25T19:00:00-03:00,86500000,2024-04-25T18:30:00-03:00,,,,False
2024-04-25T20:00:00-03:00,86500000,2024-04-25T19:30:00-03:00,,,,False
2024-04-25T21:00:00-03:00,86500000,2024-04-25T20:30:00-03:00,,,,False
2024-04-25T22:00:00-03:00,86500000,2024-04-25T21:30:00-03:00,,,,False
2024-04-25T23:00:00-03:00,86500000,2024-04-25T22:30:00-03:00,,,,False
2024-04-26T00:00:00-03:00,86500000,2024-04-25T23:30:00-03:00,,,,False
2024-04-26T01:00:00-03:00,86500000,2024-04-26T00:30:00-03:00,,,,False
2024-04-26T02:00:00-03:00,86500000,2024-04-26T01:30:00-03:00,,,,False
2024-04-26T03:00:00-03:00,86500000,2024-04-26T02:30:00-03:00,,,,False
2024-04-26T04:00:00-03:00,86500000,2024-04-26T03:30:00-03:00,,,,False
2024-04-26T05:00:00-03:00,86500000,2024-04-26T04:30:00-03:00,,,,False
2024-04-26T06:00:00-03:00,86500000,2024-04-26T05:30:00-03:00,,,,False
2024-04-26T07:00:00-03:00,86500000,2024-04-26T06:30:00-03:00,,,,False
2024-04-26T08:00:00-03:00,86500000,2024-04-26T07:30:00-03:00,,,,False
2024-04-26T09:00:00-03:00,86500000,2024-04-26T08:30:00-03:00,,,,False
2024-04-26T10:00:00-03:00,86500000,2024-04-26T09:30:00-03:00,,,,False
2024-04-26T11:00:00-03:00,86500000,2024-04-26T10:30:00-03:00,,,,False
2024-04-26T12:00:00-03:00,86500000,2024-04-26T11:30:00-03:00,,,,False
2024-04-26T13:00:00-03:00,86500000,2024-04-26T12:30:00-03:00,,,,False
2024-04-26T14:00:00-03:00,86500000,2024-04-26T13:30:00-03:00,,,,False
2024-04-26T15:00:00-03:00,86500000,2024-04-26T14:30:00-03:00,,,,False
2024-04-26T16:00:00-03:00,86500000,2024-04-26T15:30:00-03:00,,,,False
2024-04-26T17:00:00-03:00,86500000,2024-04-26T16:30:00-03:00,,,,False
2024-04-26T18:00:00-03:00,86500000,2024-04-26T17:30:00-03:00,,,,False
2024-04-26T19:00:00-03:00,86500000,2024-04-26T18:30:00-03:00,,,,False
2024-04-26T20:00:00-03:00,86500000,2024-04-26T19:30:00-03:00,,,,False
2024-04-26T21:00:00-03:00,86500000,2024-04-26T20:30:00-03:00,,,,False
2024-04-26T22:00:00-03:00,86500000,2024-04-26T21:30:00-03:00,,,,False
2024-04-26T23:00:00-03:00,86500000,2024-04-26T22:30:00-03:00,,,,False
2024-04-27T00:00:00-03:00,86500000,2024-04-26T23:30:00-03:00,,,,False
2024-04-27T01:00:00-03:00,86500000,2024-04-27T00:30:00-03:00,,,,False
2024-04-27T02:00:00-03:00,86500000,2024-04-27T01:30:00-03:00,,,,False
2024-04-27T03:00:00-03:00,86500000,2024-04-27T02:30:00-03:00,,,,False
2024-04-27T04:00:00-03:00,86500000,2024-04-27T03:30:00-03:00,,,,False
2024-04-27T05:00:00-03:00,86500000,2024-04-27T04:30:00-03:00,,,,False
2024-04-27T06:00:00-03:00,86500000,2024-04-27T05:30:00-03:00,,,,False
2024-04-27T07:00:00-03:00,86500000,2024-04-27T06:30:00-03:00,,,,False
2024-04-27T08:00:00-03:00,86500000,2024-04-27T07:30:00-03:00,,,,False
2024-04-27T09:00:00-03:00,86500000,2024-04-27T08:30:00-03:00,,,,False
2024-04-27T10:00:00-03:00,86500000,2024-04-27T09:30:00-03:00,,,,False
2024-04-27T11:00:00-03:00,86500000,2024-04-27T10:30:00-03:00,,,,False
2024-04-27T12:00:00-03:00,86500000,2024-04-27T11:30:00-03:00,,,,False
2024-04-27T13:00:00-03:00,86500000,2024-04-27T12:30:00-03:00,,,,False
2024-04-27T14:00:00-03:00,86500000,2024-04-27T13:30:00-03:00,,,,False
2024-04-27T15:00:00-03:00,86500000,2024-04-27T14:30:00-03:00,,,,False
2024-04-27T16:00:00-03:00,86500000,2024-04-27T15:30:00-03:00,,,,False
2024-04-27T17:00:00-03:00,86500000,2024-04-27T16:30:00-03:00,,,,False
2024-04-27T18:00:00-03:00,86500000,2024-04-27T17:30:00-03:00,,,,False
2024-04-27T19:00:00-03:00,86500000,2024-04-27T18:30:00-03:00,,,,False
2024-04-27T20:00:00-03:00,86500000,2024-04-27T19:30:00-03:00,,,,False
2024-04-27T21:00:00-03:00,86500000,2024-04-27T20:30:00-03:00,,,,False
2024-04-27T22:00:00-03:00,86500000,2024-04-27T21:30:00-03:00,,,,False
2024-04-27T23:00:00-03:00,86500000,2024-04-27T22:30:00-03:00,,,,False
2024-04-28T00:00:00-03:00,86500000,2024-04-27T23:30:00-03:00,,,,False
2024-04-28T01:00:00-03:00,86500000,2024-04-28T00:30:00-03:00,,,,False
2024-04-28T02:00:00-03:00,86500000,2024-04-28T01:30:00-03:00,,,,False
2024-04-28T03:00:00-03:00,86500000,2024-04-28T02:30:00-03:00,,,,False
2024-04-28T04:00:00-03:00,86500000,2024-04-28T03:30:00-03:00,,,,False
2024-04-28T05:00:00-03:00,86500000,2024-04-28T04:30:00-03:00,,,,False
2024-04-28T06:00:00-03:00,86500000,2024-04-28T05:30:00-03:00,,,,False
2024-04-28T07:00:00-03:00,86500000,2024-04-28T06:30:00-03:00,,,,False
2024-04-28T08:00:00-03:00,86500000,2024-04-28T07:30:00-03:00,,,,False
2024-04-28T09:00:00-03:00,86500000,2024-04-28T08:30:00-03:00,,,,False
2024-04-28T10:00:00-03:00,86500000,2024-04-28T09:30:00-03:00,,,,False
2024-04-28T11:00:00-03:00,86500000,2024-04-28T10:30:00-03:00,,,,False
2024-04-28T12:00:00-03:00,86500000,2024-04-28T11:30:00-03:00,,,,False
2024-04-28T13:00:00-03:00,86500000,2024-04-28T12:30:00-03:00,,,,False
2024-04-28T14:00:00-03:00,86500000,2024-04-28T13:30:00-03:00,,,,False
2024-04-28T15:00:00-03:00,86500000,2024-04-28T14:30:00-03:00,,,,False
2024-04-28T16:00:00-03:00,86500000,2024-04-28T15:30:00-03:00,,,,False
2024-04-28T17:00:00-03:00,86500000,2024-04-28T16:30:00-03:00,,,,False
2024-04-28T18:00:00-03:00,86500000,2024-04-28T17:30:00-03:00,,,,False
2024-04-28T19:00:00-03:00,86500000,2024-04-28T18:30:00-03:00,,,,False
2024-04-28T20:00:00-03:00,86500000,2024-04-28T19:30:00-03:00,,,,False
2024-04-28T21:00:00-03:00,86500000,2024-04-28T20:30:00-03:00,,,,False
2024-04-28T22:00:00-03:00,86500000,2024-04-28T21:30:00-03:00,,,,False
2024-04-28T23:00:00-03:00,86500000,2024-04-28T22:30:00-03:00,,,,False
2024-04-29T00:00:00-03:00,86500000,2024-04-28T23:30:00-03:00,,,,False
2024-04-29T01:00:00-03:00,86500000,2024-04-29T00:30:00-03:00,,,,False
2024-04-29T02:00:00-03:00,86500000,2024-04-29T01:30:00-03:00,,,,False
2024-04-29T03:00:00-03:00,86500000,2024-04-29T02:30:00-03:00,,,,False
2024-04-29T04:00:00-03:00,86500000,2024-04-29T03:30:00-03:00,,,,False
2024-04-29T05:00:00-03:00,86500000,2024-04-29T04:30:00-03:00,,,,False
2024-04-29T06:00:00-03:00,86500000,2024-04-29T05:30:00-03:00,,,,False
2024-04-29T07:00:00-03:00,86500000,2024-04-29T06:30:00-03:00,,,,False
2024-04-29T08:00:00-03:00,86500000,2024-04-29T07:30:00-03:00,,,,False
2024-04-29T09:00:00-03:00,86500000,2024-04-29T08:30:00-03:00,,,,False
2024-04-29T10:00:00-03:00,86500000,2024-04-29T09:30:00-03:00,,,,False
2024-04-29T11:00:00-03:00,86500000,2024-04-29T10:30:00-03:00,,,,False
2024-04-29T12:00:00-03:00,86500000,2024-04-29T11:30:00-03:00,,,,False
2024-04-29T13:00:00-03:00,86500000,2024-04-29T12:30:00-03:00,,,,False
2024-04-29T14:00:00-03:00,86500000,2024-04-29T13:30:00-03:00,,,,False
2024-04-29T15:00:00-03:00,86500000,2024-04-29T14:30:00-03:00,,,,False
2024-04-29T16:00:00-03:00,86500000,2024-04-29T15:30:00-03:00,,,,False
2024-04-29T17:00:00-03:00,86500000,2024-04-29T16:30:00-03:00,,,,False
2024-04-29T18:00:00-03:00,86500000,2024-04-29T17:30:00-03:00,,,,False
2024-04-29T19:00:00-03:00,86500000,2024-04-29T18:30:00-03:00,,,,False
2024-04-29T20:00:00-03:00,86500000,2024-04-29T19:30:00-03:00,,,,False
2024-04-29T21:00:00-03:00,86500000,2024-04-29T20:30:00-03:00,,,,False
2024-04-29T22:00:00-03:00,86500000,2024-04-29T21:30:00-03:00,,,,False
2024-04-29T23:00:00-03:00,86500000,2024-04-29T22:30:00-03:00,,,,False
2024-04-30T00:00:00-03:00,86500000,2024-04-29T23:30:00-03:00,,,,False
2024-04-30T01:00:00-03:00,86500000,2024-04-30T00:30:00-03:00,,,,False
2024-04-30T02:00:00-03:00,86500000,2024-04-30T01:30:00-03:00,,,,False
2024-04-30T03:00:00-03:00,86500000,2024-04-30T02:30:00-03:00,,,,False
2024-04-30T04:00:00-03:00,86500000,2024-04-30T03:30:00-03:00,,,,False
2024-04-30T05:00:00-03:00,86500000,2024-04-30T04:30:00-03:00,,,,False
2024-04-30T06:00:00-03:00,86500000,2024-04-30T05:30:00-03:00,,,,False
2024-04-30T07:00:00-03:00,86500000,2024-04-30T06:30:00-03:00,,,,False
2024-04-30T08:00:00-03:00,86500000,2024-04-30T07:30:00-03:00,,,,False
2024-04-30T09:00:00-03:00,86500000,2024-04-30T08:30:00-03:00,,,,False
2024-04-30T10:00:00-03:00,86500000,2024-04-30T09:30:00-03:00,,,,False
2024-04-30T11:00:00-03:00,86500000,2024-04-30T10:30:00-03:00,,,,False
2024-04-30T12:00:00-03:00,86500000,2024-04-30T11:30:00-03:00,,,,False
2024-04-30T13:00:00-03:00,86500000,2024-04-30T12:30:00-03:00,,,,False
2024-04-30T14:00:00-03:00,86500000,2024-04-30T13:30:00-03:00,,,,False
2024-04-30T15:00:00-03:00,86500000,2024-04-30T14:30:00-03:00,,,,False
2024-04-30T16:00:00-03:00,86500000,2024-04-30T15:30:00-03:00,,,,False
2024-04-30T17:00:00-03:00,86500000,2024-04-30T16:30:00-03:00,,,,False
2024-04-30T18:00:00-03:00,86500000,2024-04-30T17:30:00-03:00,,,,False
2024-04-30T19:00:00-03:00,86500000,2024-04-30T18:30:00-03:00,,,,False
2024-04-30T20:00:00-03:00,86500000,2024-04-30T19:30:00-03:00,,,,False
2024-04-30T21:00:00-03:00,86500000,2024-04-30T20:30:00-03:00,,,,False
2024-04-30T22:00:00-03:00,86500000,2024-04-30T21:30:00-03:00,,,,False
2024-04-30T23:00:00-03:00,86500000,2024-04-30T22:30:00-03:00,,,,False
2024-05-01T00:00:00-03:00,86500000,2024-04-30T23:30:00-03:00,,,,False
2024-05-01T01:00:00-03:00,86500000,2024-05-01T00:30:00-03:00,,,,False
2024-05-01T02:00:00-03:00,86500000,2024-05-01T01:30:00-03:00,,,,False
2024-05-01T03:00:00-03:00,86500000,2024-05-01T02:30:00-03:00,,,,False
2024-05-01T04:00:00-03:00,86500000,2024-05-01T03:30:00-03:00,,,,False
2024-05-01T05:00:00-03:00,86500000,2024-05-01T04:30:00-03:00,,,,False
2024-05-01T06:00:00-03:00,86500000,2024-05-01T05:30:00-03:00,,,,False
2024-05-01T07:00:00-03:00,86500000,2024-05-01T06:30:00-03:00,,,,False
2024-05-01T08:00:00-03:00,86500000,2024-05-01T07:30:00-03:00,,,,False
2024-05-01T09:00:00-03:00,86500000,2024-05-01T08:30:00-03:00,,,,False
2024-05-01T10:00:00-03:00,86500000,2024-05-01T09:30:00-03:00,,,,False
2024-05-01T11:00:00-03:00,86500000,2024-05-01T10:30:00-03:00,,,,False
2024-05-01T12:00:00-03:00,86500000,2024-05-01T11:30:00-03:00,,,,False
2024-05-01T13:00:00-03:00,86500000,2024-05-01T12:30:00-03:00,,,,False
2024-05-01T14:00:00-03:00,86500000,2024-05-01T13:30:00-03:00,,,,False
2024-05-01T15:00:00-03:00,86500000,2024-05-01T14:30:00-03:00,,,,False
2024-05-01T16:00:00-03:00,86500000,2024-05-01T15:30:00-03:00,,,,False
2024-05-01T17:00:00-03:00,86500000,2024-05-01T16:30:00-03:00,,,,False
2024-05-01T18:00:00-03:00,86500000,2024-05-01T17:30:00-03:00,,,,False
2024-05-01T19:00:00-03:00,86500000,2024-05-01T18:30:00-03:00,,,,False
2024-05-01T20:00:00-03:00,86500000,2024-05-01T19:30:00-03:00,,,,False
2024-05-01T21:00:00-03:00,86500000,2024-05-01T20:30:00-03:00,,,,False
2024-05-01T22:00:00-03:00,86500000,2024-05-01T21:30:00-03:00,,,,False
2024-05-01T23:00:00-03:00,86500000,2024-05-01T22:30:00-03:00,,,,False
2024-04-01T00:00:00-03:00,86510000,2024-03-31T23:45:00-03:00,2024-03-31T23:45:00-03:00,0.0,1.34,True
2024-04-01T01:00:00-03:00,86510000,2024-04-01T00:45:00-03:00,2024-04-01T00:45:00-03:00,0.0,1.33,True
2024-04-01T02:00:00-03:00,86510000,2024-04-01T01:45:00-03:00,2024-04-01T01:45:00-03:00,0.0,1.33,True
2024-04-01T03:00:00-03:00,86510000,2024-04-01T02:45:00-03:00,2024-04-01T02:45:00-03:00,0.0,1.33,True
2024-04-01T04:00:00-03:00,86510000,2024-04-01T03:45:00-03:00,2024-04-01T03:45:00-03:00,0.0,1.32,True
2024-04-01T05:00:00-03:00,86510000,2024-04-01T04:45:00-03:00,2024-04-01T04:45:00-03:00,0.0,1.3,True
2024-04-01T06:00:00-03:00,86510000,2024-04-01T05:45:00-03:00,2024-04-01T05:45:00-03:00,0.0,1.35,True
2024-04-01T07:00:00-03:00,86510000,2024-04-01T06:45:00-03:00,2024-04-01T06:45:00-03:00,0.0,1.52,True
2024-04-01T08:00:00-03:00,86510000,2024-04-01T07:45:00-03:00,2024-04-01T07:45:00-03:00,0.0,1.82,True
2024-04-01T09:00:00-03:00,86510000,2024-04-01T08:45:00-03:00,2024-04-01T08:45:00-03:00,0.0,2.01,True
2024-04-01T10:00:00-03:00,86510000,2024-04-01T09:45:00-03:00,2024-04-01T09:45:00-03:00,0.0,2.02,True
2024-04-01T11:00:00-03:00,86510000,2024-04-01T10:45:00-03:00,2024-04-01T10:45:00-03:00,0.0,1.96,True
2024-04-01T12:00:00-03:00,86510000,2024-04-01T11:45:00-03:00,2024-04-01T11:45:00-03:00,0.0,1.87,True
2024-04-01T13:00:00-03:00,86510000,2024-04-01T12:45:00-03:00,2024-04-01T12:45:00-03:00,0.0,1.77,True
2024-04-01T14:00:00-03:00,86510000,2024-04-01T13:45:00-03:00,2024-04-01T13:45:00-03:00,0.0,1.68,True
2024-04-01T15:00:00-03:00,86510000,2024-04-01T14:45:00-03:00,2024-04-01T14:45:00-03:00,0.0,1.6,True
2024-04-01T16:00:00-03:00,86510000,2024-04-01T15:45:00-03:00,2024-04-01T15:45:00-03:00,0.0,1.53,True
2024-04-01T17:00:00-03:00,86510000,2024-04-01T16:45:00-03:00,2024-04-01T16:45:00-03:00,0.0,1.47,True
2024-04-01T18:00:00-03:00,86510000,2024-04-01T17:45:00-03:00,2024-04-01T17:45:00-03:00,0.0,1.43,True
2024-04-01T19:00:00-03:00,86510000,2024-04-01T18:45:00-03:00,2024-04-01T18:45:00-03:00,0.0,1.4,True
2024-04-01T20:00:00-03:00,86510000,2024-04-01T19:45:00-03:00,2024-04-01T19:45:00-03:00,0.0,1.42,True
2024-04-01T21:00:00-03:00,86510000,2024-04-01T20:45:00-03:00,2024-04-01T20:45:00-03:00,0.0,1.38,True
2024-04-01T22:00:00-03:00,86510000,2024-04-01T21:45:00-03:00,2024-04-01T21:45:00-03:00,0.0,1.37,True
2024-04-01T23:00:00-03:00,86510000,2024-04-01T22:45:00-03:00,2024-04-01T22:45:00-03:00,0.0,1.37,True
2024-04-02T00:00:00-03:00,86510000,2024-04-01T23:45:00-03:00,2024-04-01T23:45:00-03:00,0.0,1.37,True
2024-04-02T01:00:00-03:00,86510000,2024-04-02T00:45:00-03:00,2024-04-02T00:45:00-03:00,0.0,1.37,True
2024-04-02T02:00:00-03:00,86510000,2024-04-02T01:45:00-03:00,2024-04-02T01:45:00-03:00,0.0,1.36,True
2024-04-02T03:00:00-03:00,86510000,2024-04-02T02:45:00-03:00,2024-04-02T02:45:00-03:00,0.0,1.35,True
2024-04-02T04:00:00-03:00,86510000,2024-04-02T03:45:00-03:00,2024-04-02T03:45:00-03:00,0.0,1.38,True
2024-04-02T05:00:00-03:00,86510000,2024-04-02T04:45:00-03:00,2024-04-02T04:45:00-03:00,0.0,1.78,True
2024-04-02T06:00:00-03:00,86510000,2024-04-02T05:45:00-03:00,2024-04-02T05:45:00-03:00,0.0,2.28,True
2024-04-02T07:00:00-03:00,86510000,2024-04-02T06:45:00-03:00,2024-04-02T06:45:00-03:00,0.0,2.42,True
2024-04-02T08:00:00-03:00,86510000,2024-04-02T07:45:00-03:00,2024-04-02T07:45:00-03:00,0.0,2.38,True
2024-04-02T09:00:00-03:00,86510000,2024-04-02T08:45:00-03:00,2024-04-02T08:45:00-03:00,0.0,2.27,True
2024-04-02T10:00:00-03:00,86510000,2024-04-02T09:45:00-03:00,2024-04-02T09:45:00-03:00,0.0,2.11,True
2024-04-02T11:00:00-03:00,86510000,2024-04-02T10:45:00-03:00,2024-04-02T10:45:00-03:00,0.0,1.95,True
2024-04-02T12:00:00-03:00,86510000,2024-04-02T11:45:00-03:00,2024-04-02T11:45:00-03:00,0.0,1.83,True
2024-04-02T13:00:00-03:00,86510000,2024-04-02T12:45:00-03:00,2024-04-02T12:45:00-03:00,0.0,1.7,True
2024-04-02T14:00:00-03:00,86510000,2024-04-02T13:45:00-03:00,2024-04-02T13:45:00-03:00,0.0,1.62,True
2024-04-02T15:00:00-03:00,86510000,2024-04-02T14:45:00-03:00,2024-04-02T14:45:00-03:00,0.0,1.52,True
2024-04-02T16:00:00-03:00,86510000,2024-04-02T15:45:00-03:00,2024-04-02T15:45:00-03:00,0.0,1.46,True
2024-04-02T17:00:00-03:00,86510000,2024-04-02T16:45:00-03:00,2024-04-02T16:45:00-03:00,0.0,1.4,True
2024-04-02T18:00:00-03:00,86510000,2024-04-02T17:45:00-03:00,2024-04-02T17:45:00-03:00,0.0,1.33,True
2024-04-02T19:00:00-03:00,86510000,2024-04-02T18:45:00-03:00,2024-04-02T18:45:00-03:00,0.0,1.29,True
2024-04-02T20:00:00-03:00,86510000,2024-04-02T19:45:00-03:00,2024-04-02T19:45:00-03:00,0.0,1.29,True
2024-04-02T21:00:00-03:00,86510000,2024-04-02T20:45:00-03:00,2024-04-02T20:45:00-03:00,0.0,1.31,True
2024-04-02T22:00:00-03:00,86510000,2024-04-02T21:45:00-03:00,2024-04-02T21:45:00-03:00,0.0,1.33,True
2024-04-02T23:00:00-03:00,86510000,2024-04-02T22:45:00-03:00,2024-04-02T22:45:00-03:00,0.0,1.36,True
2024-04-03T00:00:00-03:00,86510000,2024-04-02T23:45:00-03:00,2024-04-02T23:45:00-03:00,0.0,1.42,True
2024-04-03T01:00:00-03:00,86510000,2024-04-03T00:45:00-03:00,2024-04-03T00:45:00-03:00,0.0,1.56,True
2024-04-03T02:00:00-03:00,86510000,2024-04-03T01:45:00-03:00,2024-04-03T01:45:00-03:00,0.0,1.78,True
2024-04-03T03:00:00-03:00,86510000,2024-04-03T02:45:00-03:00,2024-04-03T02:45:00-03:00,0.0,2.06,True
2024-04-03T04:00:00-03:00,86510000,2024-04-03T03:45:00-03:00,2024-04-03T03:45:00-03:00,0.0,2.32,True
2024-04-03T05:00:00-03:00,86510000,2024-04-03T04:45:00-03:00,2024-04-03T04:45:00-03:00,0.0,2.42,True
2024-04-03T06:00:00-03:00,86510000,2024-04-03T05:45:00-03:00,2024-04-03T05:45:00-03:00,0.0,2.39,True
2024-04-03T07:00:00-03:00,86510000,2024-04-03T06:45:00-03:00,2024-04-03T06:45:00-03:00,0.0,2.27,True
2024-04-03T08:00:00-03:00,86510000,2024-04-03T07:45:00-03:00,2024-04-03T07:45:00-03:00,0.0,2.12,True
2024-04-03T09:00:00-03:00,86510000,2024-04-03T08:45:00-03:00,2024-04-03T08:45:00-03:00,0.0,1.99,True
2024-04-03T10:00:00-03:00,86510000,2024-04-03T09:45:00-03:00,2024-04-03T09:45:00-03:00,0.0,1.87,True
2024-04-03T11:00:00-03:00,86510000,2024-04-03T10:45:00-03:00,2024-04-03T10:45:00-03:00,0.0,1.77,True
2024-04-03T12:00:00-03:00,86510000,2024-04-03T11:45:00-03:00,2024-04-03T11:45:00-03:00,0.0,1.67,True
2024-04-03T13:00:00-03:00,86510000,2024-04-03T12:45:00-03:00,2024-04-03T12:45:00-03:00,0.0,1.59,True
2024-04-03T14:00:00-03:00,86510000,2024-04-03T13:45:00-03:00,2024-04-03T13:45:00-03:00,0.0,1.51,True
2024-04-03T15:00:00-03:00,86510000,2024-04-03T14:45:00-03:00,2024-04-03T14:45:00-03:00,0.0,1.42,True
2024-04-03T16:00:00-03:00,86510000,2024-04-03T15:45:00-03:00,2024-04-03T15:45:00-03:00,0.0,1.38,True
2024-04-03T17:00:00-03:00,86510000,2024-04-03T16:45:00-03:00,2024-04-03T16:45:00-03:00,0.0,1.33,True
2024-04-03T18:00:00-03:00,86510000,2024-04-03T17:45:00-03:00,2024-04-03T17:45:00-03:00,0.0,1.32,True
2024-04-03T19:00:00-03:00,86510000,2024-04-03T18:45:00-03:00,2024-04-03T18:45:00-03:00,0.0,1.28,True
2024-04-03T20:00:00-03:00,86510000,2024-04-03T19:45:00-03:00,2024-04-03T19:45:00-03:00,0.0,1.26,True
2024-04-03T21:00:00-03:00,86510000,2024-04-03T20:45:00-03:00,2024-04-03T20:45:00-03:00,0.0,1.26,True
2024-04-03T22:00:00-03:00,86510000,2024-04-03T21:45:00-03:00,2024-04-03T21:45:00-03:00,0.0,1.25,True
2024-04-03T23:00:00-03:00,86510000,2024-04-03T22:45:00-03:00,2024-04-03T22:45:00-03:00,0.0,1.26,True
2024-04-04T00:00:00-03:00,86510000,2024-04-03T23:45:00-03:00,2024-04-03T23:45:00-03:00,0.0,1.26,True
2024-04-04T01:00:00-03:00,86510000,2024-04-04T00:45:00-03:00,2024-04-04T00:45:00-03:00,0.0,1.26,True
2024-04-04T02:00:00-03:00,86510000,2024-04-04T01:45:00-03:00,2024-04-04T01:45:00-03:00,0.0,1.26,True
2024-04-04T03:00:00-03:00,86510000,2024-04-04T02:45:00-03:00,2024-04-04T02:45:00-03:00,0.0,1.26,True
2024-04-04T04:00:00-03:00,86510000,2024-04-04T03:45:00-03:00,2024-04-04T03:45:00-03:00,0.0,1.27,True
2024-04-04T05:00:00-03:00,86510000,2024-04-04T04:45:00-03:00,2024-04-04T04:45:00-03:00,0.0,1.5,True
2024-04-04T06:00:00-03:00,86510000,2024-04-04T05:45:00-03:00,2024-04-04T05:45:00-03:00,0.0,1.79,True
2024-04-04T07:00:00-03:00,86510000,2024-04-04T06:45:00-03:00,2024-04-04T06:45:00-03:00,0.0,2.0,True
2024-04-04T08:00:00-03:00,86510000,2024-04-04T07:45:00-03:00,2024-04-04T07:45:00-03:00,0.0,2.09,True
2024-04-04T09:00:00-03:00,86510000,2024-04-04T08:45:00-03:00,2024-04-04T08:45:00-03:00,0.0,2.11,True
2024-04-04T10:00:00-03:00,86510000,2024-04-04T09:45:00-03:00,2024-04-04T09:45:00-03:00,0.0,2.06,True
2024-04-04T11:00:00-03:00,86510000,2024-04-04T10:45:00-03:00,2024-04-04T10:45:00-03:00,0.0,1.97,True
2024-04-04T12:00:00-03:00,86510000,2024-04-04T11:45:00-03:00,2024-04-04T11:45:00-03:00,0.0,1.87,True
2024-04-04T13:00:00-03:00,86510000,2024-04-04T12:45:00-03:00,2024-04-04T12:45:00-03:00,0.0,1.74,True
2024-04-04T14:00:00-03:00,86510000,2024-04-04T13:45:00-03:00,2024-04-04T13:45:00-03:00,0.0,1.66,True
2024-04-04T15:00:00-03:00,86510000,2024-04-04T14:45:00-03:00,2024-04-04T14:45:00-03:00,0.0,1.54,True
2024-04-04T16:00:00-03:00,86510000,2024-04-04T15:45:00-03:00,2024-04-04T15:45:00-03:00,0.0,1.5,True
2024-04-04T17:00:00-03:00,86510000,2024-04-04T16:45:00-03:00,2024-04-04T16:45:00-03:00,0.0,1.44,True
2024-04-04T18:00:00-03:00,86510000,2024-04-04T17:45:00-03:00,2024-04-04T17:45:00-03:00,0.0,1.37,True
2024-04-04T19:00:00-03:00,86510000,2024-04-04T18:45:00-03:00,2024-04-04T18:45:00-03:00,0.0,1.35,True
2024-04-04T20:00:00-03:00,86510000,2024-04-04T19:45:00-03:00,2024-04-04T19:45:00-03:00,0.0,1.32,True
2024-04-04T21:00:00-03:00,86510000,2024-04-04T20:45:00-03:00,2024-04-04T20:45:00-03:00,0.0,1.3,True
2024-04-04T22:00:00-03:00,86510000,2024-04-04T21:45:00-03:00,2024-04-04T21:45:00-03:00,0.0,1.28,True
2024-04-04T23:00:00-03:00,86510000,2024-04-04T22:45:00-03:00,2024-04-04T22:45:00-03:00,0.0,1.27,True
2024-04-05T00:00:00-03:00,86510000,2024-04-04T23:45:00-03:00,2024-04-04T23:45:00-03:00,0.0,1.26,True
2024-04-05T01:00:00-03:00,86510000,2024-04-05T00:45:00-03:00,2024-04-05T00:45:00-03:00,0.0,1.26,True
2024-04-05T02:00:00-03:00,86510000,2024-04-05T01:45:00-03:00,2024-04-05T01:45:00-03:00,0.0,1.25,True
2024-04-05T03:00:00-03:00,86510000,2024-04-05T02:45:00-03:00,2024-04-05T02:45:00-03:00,0.0,1.25,True
2024-04-05T04:00:00-03:00,86510000,2024-04-05T03:45:00-03:00,2024-04-05T03:45:00-03:00,0.0,1.27,True
2024-04-05T05:00:00-03:00,86510000,2024-04-05T04:45:00-03:00,2024-04-05T04:45:00-03:00,0.0,1.34,True
2024-04-05T06:00:00-03:00,86510000,2024-04-05T05:45:00-03:00,2024-04-05T05:45:00-03:00,0.0,1.53,True
2024-04-05T07:00:00-03:00,86510000,2024-04-05T06:45:00-03:00,2024-04-05T06:45:00-03:00,0.0,1.73,True
2024-04-05T08:00:00-03:00,86510000,2024-04-05T07:45:00-03:00,2024-04-05T07:45:00-03:00,0.0,1.86,True
2024-04-05T09:00:00-03:00,86510000,2024-04-05T08:45:00-03:00,2024-04-05T08:45:00-03:00,0.0,1.9,True
2024-04-05T10:00:00-03:00,86510000,2024-04-05T09:45:00-03:00,2024-04-05T09:45:00-03:00,0.0,1.84,True
2024-04-05T11:00:00-03:00,86510000,2024-04-05T10:45:00-03:00,2024-04-05T10:45:00-03:00,0.0,1.8,True
2024-04-05T12:00:00-03:00,86510000,2024-04-05T11:45:00-03:00,2024-04-05T11:45:00-03:00,0.0,1.72,True
2024-04-05T13:00:00-03:00,86510000,2024-04-05T12:45:00-03:00,2024-04-05T12:45:00-03:00,0.0,1.64,True
2024-04-05T14:00:00-03:00,86510000,2024-04-05T13:45:00-03:00,2024-04-05T13:45:00-03:00,0.0,1.6,True
2024-04-05T15:00:00-03:00,86510000,2024-04-05T14:45:00-03:00,2024-04-05T14:45:00-03:00,0.0,1.51,True
2024-04-05T16:00:00-03:00,86510000,2024-04-05T15:45:00-03:00,2024-04-05T15:45:00-03:00,0.0,1.42,True
2024-04-05T17:00:00-03:00,86510000,2024-04-05T16:45:00-03:00,2024-04-05T16:45:00-03:00,0.0,1.38,True
2024-04-05T18:00:00-03:00,86510000,2024-04-05T17:45:00-03:00,2024-04-05T17:45:00-03:00,0.0,1.37,True
2024-04-05T19:00:00-03:00,86510000,2024-04-05T18:45:00-03:00,2024-04-05T18:45:00-03:00,0.0,1.34,True
2024-04-05T20:00:00-03:00,86510000,2024-04-05T19:45:00-03:00,2024-04-05T19:45:00-03:00,0.0,1.31,True
2024-04-05T21:00:00-03:00,86510000,2024-04-05T20:45:00-03:00,2024-04-05T20:45:00-03:00,0.0,1.3,True
2024-04-05T22:00:00-03:00,86510000,2024-04-05T21:45:00-03:00,2024-04-05T21:45:00-03:00,0.0,1.3,True
2024-04-05T23:00:00-03:00,86510000,2024-04-05T22:45:00-03:00,2024-04-05T22:45:00-03:00,0.0,1.3,True
2024-04-06T00:00:00-03:00,86510000,2024-04-05T23:45:00-03:00,2024-04-05T23:45:00-03:00,0.0,1.31,True
2024-04-06T01:00:00-03:00,86510000,2024-04-06T00:45:00-03:00,2024-04-06T00:45:00-03:00,0.0,1.32,True
2024-04-06T02:00:00-03:00,86510000,2024-04-06T01:45:00-03:00,2024-04-06T01:45:00-03:00,0.0,1.33,True
2024-04-06T03:00:00-03:00,86510000,2024-04-06T02:45:00-03:00,2024-04-06T02:45:00-03:00,0.0,1.33,True
2024-04-06T04:00:00-03:00,86510000,2024-04-06T03:45:00-03:00,2024-04-06T03:45:00-03:00,0.0,1.35,True
2024-04-06T05:00:00-03:00,86510000,2024-04-06T04:45:00-03:00,2024-04-06T04:45:00-03:00,0.0,1.42,True
2024-04-06T06:00:00-03:00,86510000,2024-04-06T05:45:00-03:00,2024-04-06T05:45:00-03:00,0.0,1.58,True
2024-04-06T07:00:00-03:00,86510000,2024-04-06T06:45:00-03:00,2024-04-06T06:45:00-03:00,0.0,1.73,True
2024-04-06T08:00:00-03:00,86510000,2024-04-06T07:45:00-03:00,2024-04-06T07:45:00-03:00,0.0,1.84,True
2024-04-06T09:00:00-03:00,86510000,2024-04-06T08:45:00-03:00,2024-04-06T08:45:00-03:00,0.0,1.88,True
2024-04-06T10:00:00-03:00,86510000,2024-04-06T09:45:00-03:00,2024-04-06T09:45:00-03:00,0.0,1.86,True
2024-04-06T11:00:00-03:00,86510000,2024-04-06T10:45:00-03:00,2024-04-06T10:45:00-03:00,0.0,1.8,True
2024-04-06T12:00:00-03:00,86510000,2024-04-06T11:45:00-03:00,2024-04-06T11:45:00-03:00,0.0,1.73,True
2024-04-06T13:00:00-03:00,86510000,2024-04-06T12:45:00-03:00,2024-04-06T12:45:00-03:00,0.0,1.61,True
2024-04-06T14:00:00-03:00,86510000,2024-04-06T13:45:00-03:00,2024-04-06T13:45:00-03:00,0.0,1.56,True
2024-04-06T15:00:00-03:00,86510000,2024-04-06T14:45:00-03:00,2024-04-06T14:45:00-03:00,0.0,1.48,True
2024-04-06T16:00:00-03:00,86510000,2024-04-06T15:45:00-03:00,2024-04-06T15:45:00-03:00,0.0,1.42,True
2024-04-06T17:00:00-03:00,86510000,2024-04-06T16:45:00-03:00,2024-04-06T16:45:00-03:00,0.0,1.37,True
2024-04-06T18:00:00-03:00,86510000,2024-04-06T17:45:00-03:00,2024-04-06T17:45:00-03:00,0.0,1.33,True
2024-04-06T19:00:00-03:00,86510000,2024-04-06T18:45:00-03:00,2024-04-06T18:45:00-03:00,0.0,1.33,True
2024-04-06T20:00:00-03:00,86510000,2024-04-06T19:45:00-03:00,2024-04-06T19:45:00-03:00,0.0,1.32,True
2024-04-06T21:00:00-03:00,86510000,2024-04-06T20:45:00-03:00,2024-04-06T20:45:00-03:00,0.0,1.31,True
2024-04-06T22:00:00-03:00,86510000,2024-04-06T21:45:00-03:00,2024-04-06T21:45:00-03:00,0.0,1.31,True
2024-04-06T23:00:00-03:00,86510000,2024-04-06T22:45:00-03:00,2024-04-06T22:45:00-03:00,0.0,1.32,True
2024-04-07T00:00:00-03:00,86510000,2024-04-06T23:45:00-03:00,2024-04-06T23:45:00-03:00,0.0,1.33,True
2024-04-07T01:00:00-03:00,86510000,2024-04-07T00:45:00-03:00,2024-04-07T00:45:00-03:00,0.0,1.33,True
2024-04-07T02:00:00-03:00,86510000,2024-04-07T01:45:00-03:00,2024-04-07T01:45:00-03:00,0.0,1.32,True
2024-04-07T03:00:00-03:00,86510000,2024-04-07T02:45:00-03:00,2024-04-07T02:45:00-03:00,0.0,1.32,True
2024-04-07T04:00:00-03:00,86510000,2024-04-07T03:45:00-03:00,2024-04-07T03:45:00-03:00,0.0,1.31,True
2024-04-07T05:00:00-03:00,86510000,2024-04-07T04:45:00-03:00,2024-04-07T04:45:00-03:00,0.0,1.29,True
2024-04-07T06:00:00-03:00,86510000,2024-04-07T05:45:00-03:00,2024-04-07T05:45:00-03:00,0.0,1.29,True
2024-04-07T07:00:00-03:00,86510000,2024-04-07T06:45:00-03:00,2024-04-07T06:45:00-03:00,0.0,1.28,True
2024-04-07T08:00:00-03:00,86510000,2024-04-07T07:45:00-03:00,2024-04-07T07:45:00-03:00,0.0,1.29,True
2024-04-07T09:00:00-03:00,86510000,2024-04-07T08:45:00-03:00,2024-04-07T08:45:00-03:00,0.0,1.32,True
2024-04-07T10:00:00-03:00,86510000,2024-04-07T09:45:00-03:00,2024-04-07T09:45:00-03:00,0.0,1.28,True
2024-04-07T11:00:00-03:00,86510000,2024-04-07T10:45:00-03:00,2024-04-07T10:45:00-03:00,0.0,1.31,True
2024-04-07T12:00:00-03:00,86510000,2024-04-07T11:45:00-03:00,2024-04-07T11:45:00-03:00,0.0,1.31,True
2024-04-07T13:00:00-03:00,86510000,2024-04-07T12:45:00-03:00,2024-04-07T12:45:00-03:00,0.0,1.31,True
2024-04-07T14:00:00-03:00,86510000,2024-04-07T13:45:00-03:00,2024-04-07T13:45:00-03:00,0.0,1.31,True
2024-04-07T15:00:00-03:00,86510000,2024-04-07T14:45:00-03:00,2024-04-07T14:45:00-03:00,0.0,1.32,True
2024-04-07T16:00:00-03:00,86510000,2024-04-07T15:45:00-03:00,2024-04-07T15:45:00-03:00,0.0,1.32,True
2024-04-07T17:00:00-03:00,86510000,2024-04-07T16:45:00-03:00,2024-04-07T16:45:00-03:00,0.0,1.32,True
2024-04-07T18:00:00-03:00,86510000,2024-04-07T17:45:00-03:00,2024-04-07T17:45:00-03:00,0.0,1.33,True
2024-04-07T19:00:00-03:00,86510000,2024-04-07T18:45:00-03:00,2024-04-07T18:45:00-03:00,0.0,1.35,True
2024-04-07T20:00:00-03:00,86510000,2024-04-07T19:45:00-03:00,2024-04-07T19:45:00-03:00,0.0,1.39,True
2024-04-07T21:00:00-03:00,86510000,2024-04-07T20:45:00-03:00,2024-04-07T20:45:00-03:00,0.0,1.41,True
2024-04-07T22:00:00-03:00,86510000,2024-04-07T21:45:00-03:00,2024-04-07T21:45:00-03:00,0.0,1.42,True
2024-04-07T23:00:00-03:00,86510000,2024-04-07T22:45:00-03:00,2024-04-07T22:45:00-03:00,0.0,1.42,True
2024-04-08T00:00:00-03:00,86510000,2024-04-07T23:45:00-03:00,2024-04-07T23:45:00-03:00,0.0,1.42,True
2024-04-08T01:00:00-03:00,86510000,2024-04-08T00:45:00-03:00,2024-04-08T00:45:00-03:00,0.0,1.42,True
2024-04-08T02:00:00-03:00,86510000,2024-04-08T01:45:00-03:00,2024-04-08T01:45:00-03:00,0.0,1.45,True
2024-04-08T03:00:00-03:00,86510000,2024-04-08T02:45:00-03:00,2024-04-08T02:45:00-03:00,0.0,1.55,True
2024-04-08T04:00:00-03:00,86510000,2024-04-08T03:45:00-03:00,2024-04-08T03:45:00-03:00,0.0,1.73,True
2024-04-08T05:00:00-03:00,86510000,2024-04-08T04:45:00-03:00,2024-04-08T04:45:00-03:00,0.0,1.92,True
2024-04-08T06:00:00-03:00,86510000,2024-04-08T05:45:00-03:00,2024-04-08T05:45:00-03:00,0.0,2.04,True
2024-04-08T07:00:00-03:00,86510000,2024-04-08T06:45:00-03:00,2024-04-08T06:45:00-03:00,0.0,2.11,True
2024-04-08T08:00:00-03:00,86510000,2024-04-08T07:45:00-03:00,2024-04-08T07:45:00-03:00,0.0,2.15,True
2024-04-08T09:00:00-03:00,86510000,2024-04-08T08:45:00-03:00,2024-04-08T08:45:00-03:00,0.0,2.18,True
2024-04-08T10:00:00-03:00,86510000,2024-04-08T09:45:00-03:00,2024-04-08T09:45:00-03:00,0.0,2.2,True
2024-04-08T11:00:00-03:00,86510000,2024-04-08T10:45:00-03:00,2024-04-08T10:45:00-03:00,0.0,2.22,True
2024-04-08T12:00:00-03:00,86510000,2024-04-08T11:45:00-03:00,2024-04-08T11:45:00-03:00,0.0,2.22,True
2024-04-08T13:00:00-03:00,86510000,2024-04-08T12:45:00-03:00,2024-04-08T12:45:00-03:00,0.0,2.2,True
2024-04-08T14:00:00-03:00,86510000,2024-04-08T13:45:00-03:00,2024-04-08T13:45:00-03:00,0.0,2.18,True
2024-04-08T15:00:00-03:00,86510000,2024-04-08T14:45:00-03:00,2024-04-08T14:45:00-03:00,0.0,2.14,True
2024-04-08T16:00:00-03:00,86510000,2024-04-08T15:45:00-03:00,2024-04-08T15:45:00-03:00,0.0,2.08,True
2024-04-08T17:00:00-03:00,86510000,2024-04-08T16:45:00-03:00,2024-04-08T16:45:00-03:00,0.0,2.05,True
2024-04-08T18:00:00-03:00,86510000,2024-04-08T17:45:00-03:00,2024-04-08T17:45:00-03:00,0.0,1.96,True
2024-04-08T19:00:00-03:00,86510000,2024-04-08T18:45:00-03:00,2024-04-08T18:45:00-03:00,0.0,1.93,True
2024-04-08T20:00:00-03:00,86510000,2024-04-08T19:45:00-03:00,2024-04-08T19:45:00-03:00,0.0,1.93,True
2024-04-08T21:00:00-03:00,86510000,2024-04-08T20:45:00-03:00,2024-04-08T20:45:00-03:00,0.0,1.89,True
2024-04-08T22:00:00-03:00,86510000,2024-04-08T21:45:00-03:00,2024-04-08T21:45:00-03:00,0.0,1.9,True
2024-04-08T23:00:00-03:00,86510000,2024-04-08T22:45:00-03:00,2024-04-08T22:45:00-03:00,0.0,1.89,True
2024-04-09T00:00:00-03:00,86510000,2024-04-08T23:45:00-03:00,2024-04-08T23:45:00-03:00,0.0,1.89,True
2024-04-09T01:00:00-03:00,86510000,2024-04-09T00:45:00-03:00,2024-04-09T00:45:00-03:00,0.0,1.88,True
2024-04-09T02:00:00-03:00,86510000,2024-04-09T01:45:00-03:00,2024-04-09T01:45:00-03:00,0.0,1.88,True
2024-04-09T03:00:00-03:00,86510000,2024-04-09T02:45:00-03:00,2024-04-09T02:45:00-03:00,0.0,1.88,True
2024-04-09T04:00:00-03:00,86510000,2024-04-09T03:45:00-03:00,2024-04-09T03:45:00-03:00,0.0,1.88,True
2024-04-09T05:00:00-03:00,86510000,2024-04-09T04:45:00-03:00,2024-04-09T04:45:00-03:00,0.0,1.88,True
2024-04-09T06:00:00-03:00,86510000,2024-04-09T05:45:00-03:00,2024-04-09T05:45:00-03:00,0.0,1.87,True
2024-04-09T07:00:00-03:00,86510000,2024-04-09T06:45:00-03:00,2024-04-09T06:45:00-03:00,0.0,1.87,True
2024-04-09T08:00:00-03:00,86510000,2024-04-09T07:45:00-03:00,2024-04-09T07:45:00-03:00,0.0,1.87,True
2024-04-09T09:00:00-03:00,86510000,2024-04-09T08:45:00-03:00,2024-04-09T08:45:00-03:00,0.0,1.87,True
2024-04-09T10:00:00-03:00,86510000,2024-04-09T09:45:00-03:00,2024-04-09T09:45:00-03:00,0.0,1.88,True
2024-04-09T11:00:00-03:00,86510000,2024-04-09T10:45:00-03:00,2024-04-09T10:45:00-03:00,0.0,1.88,True
2024-04-09T12:00:00-03:00,86510000,2024-04-09T11:45:00-03:00,2024-04-09T11:45:00-03:00,0.0,1.87,True
2024-04-09T13:00:00-03:00,86510000,2024-04-09T12:45:00-03:00,2024-04-09T12:45:00-03:00,0.0,1.88,True
2024-04-09T14:00:00-03:00,86510000,2024-04-09T13:45:00-03:00,2024-04-09T13:45:00-03:00,0.0,1.88,True
2024-04-09T15:00:00-03:00,86510000,2024-04-09T14:45:00-03:00,2024-04-09T14:45:00-03:00,0.0,1.88,True
2024-04-09T16:00:00-03:00,86510000,2024-04-09T15:45:00-03:00,2024-04-09T15:45:00-03:00,0.0,1.86,True
2024-04-09T17:00:00-03:00,86510000,2024-04-09T16:45:00-03:00,2024-04-09T16:45:00-03:00,0.0,1.86,True
2024-04-09T18:00:00-03:00,86510000,2024-04-09T17:45:00-03:00,2024-04-09T17:45:00-03:00,0.0,1.83,True
2024-04-09T19:00:00-03:00,86510000,2024-04-09T18:45:00-03:00,2024-04-09T18:45:00-03:00,0.0,1.82,True
2024-04-09T20:00:00-03:00,86510000,2024-04-09T19:45:00-03:00,2024-04-09T19:45:00-03:00,0.0,1.83,True
2024-04-09T21:00:00-03:00,86510000,2024-04-09T20:45:00-03:00,2024-04-09T20:45:00-03:00,0.0,1.81,True
2024-04-09T22:00:00-03:00,86510000,2024-04-09T21:45:00-03:00,2024-04-09T21:45:00-03:00,0.0,1.8,True
2024-04-09T23:00:00-03:00,86510000,2024-04-09T22:45:00-03:00,2024-04-09T22:45:00-03:00,0.0,1.78,True
2024-04-10T00:00:00-03:00,86510000,2024-04-09T23:45:00-03:00,2024-04-09T23:45:00-03:00,0.0,1.78,True
2024-04-10T01:00:00-03:00,86510000,2024-04-10T00:45:00-03:00,2024-04-10T00:45:00-03:00,0.0,1.79,True
2024-04-10T02:00:00-03:00,86510000,2024-04-10T01:45:00-03:00,2024-04-10T01:45:00-03:00,0.0,1.8,True
2024-04-10T03:00:00-03:00,86510000,2024-04-10T02:45:00-03:00,2024-04-10T02:45:00-03:00,0.0,1.83,True
2024-04-10T04:00:00-03:00,86510000,2024-04-10T03:45:00-03:00,2024-04-10T03:45:00-03:00,0.0,1.84,True
2024-04-10T05:00:00-03:00,86510000,2024-04-10T04:45:00-03:00,2024-04-10T04:45:00-03:00,0.0,1.85,True
2024-04-10T06:00:00-03:00,86510000,2024-04-10T05:45:00-03:00,2024-04-10T05:45:00-03:00,0.0,1.86,True
2024-04-10T07:00:00-03:00,86510000,2024-04-10T06:45:00-03:00,2024-04-10T06:45:00-03:00,0.0,1.85,True
2024-04-10T08:00:00-03:00,86510000,2024-04-10T07:45:00-03:00,2024-04-10T07:45:00-03:00,0.0,1.87,True
2024-04-10T09:00:00-03:00,86510000,2024-04-10T08:45:00-03:00,2024-04-10T08:45:00-03:00,0.0,1.87,True
2024-04-10T10:00:00-03:00,86510000,2024-04-10T09:45:00-03:00,2024-04-10T09:45:00-03:00,0.0,1.87,True
2024-04-10T11:00:00-03:00,86510000,2024-04-10T10:45:00-03:00,2024-04-10T10:45:00-03:00,0.0,1.87,True
2024-04-10T12:00:00-03:00,86510000,2024-04-10T11:45:00-03:00,2024-04-10T11:45:00-03:00,0.0,1.87,True
2024-04-10T13:00:00-03:00,86510000,2024-04-10T12:45:00-03:00,2024-04-10T12:45:00-03:00,0.0,1.84,True
2024-04-10T14:00:00-03:00,86510000,2024-04-10T13:45:00-03:00,2024-04-10T13:45:00-03:00,0.0,1.79,True
2024-04-10T15:00:00-03:00,86510000,2024-04-10T14:45:00-03:00,2024-04-10T14:45:00-03:00,0.0,1.74,True
2024-04-10T16:00:00-03:00,86510000,2024-04-10T15:45:00-03:00,2024-04-10T15:45:00-03:00,0.0,1.68,True
2024-04-10T17:00:00-03:00,86510000,2024-04-10T16:45:00-03:00,2024-04-10T16:45:00-03:00,0.0,1.62,True
2024-04-10T18:00:00-03:00,86510000,2024-04-10T17:45:00-03:00,2024-04-10T17:45:00-03:00,0.0,1.55,True
2024-04-10T19:00:00-03:00,86510000,2024-04-10T18:45:00-03:00,2024-04-10T18:45:00-03:00,0.0,1.5,True
2024-04-10T20:00:00-03:00,86510000,2024-04-10T19:45:00-03:00,2024-04-10T19:45:00-03:00,0.0,1.48,True
2024-04-10T21:00:00-03:00,86510000,2024-04-10T20:45:00-03:00,2024-04-10T20:45:00-03:00,0.0,1.43,True
2024-04-10T22:00:00-03:00,86510000,2024-04-10T21:45:00-03:00,2024-04-10T21:45:00-03:00,0.0,1.42,True
2024-04-10T23:00:00-03:00,86510000,2024-04-10T22:45:00-03:00,2024-04-10T22:45:00-03:00,0.0,1.42,True
2024-04-11T00:00:00-03:00,86510000,2024-04-10T23:45:00-03:00,2024-04-10T23:45:00-03:00,0.0,1.53,True
2024-04-11T01:00:00-03:00,86510000,2024-04-11T00:45:00-03:00,2024-04-11T00:45:00-03:00,0.0,1.85,True
2024-04-11T02:00:00-03:00,86510000,2024-04-11T01:45:00-03:00,2024-04-11T01:45:00-03:00,0.0,2.11,True
2024-04-11T03:00:00-03:00,86510000,2024-04-11T02:45:00-03:00,2024-04-11T02:45:00-03:00,0.0,2.24,True
2024-04-11T04:00:00-03:00,86510000,2024-04-11T03:45:00-03:00,2024-04-11T03:45:00-03:00,0.0,2.29,True
2024-04-11T05:00:00-03:00,86510000,2024-04-11T04:45:00-03:00,2024-04-11T04:45:00-03:00,0.0,2.31,True
2024-04-11T06:00:00-03:00,86510000,2024-04-11T05:45:00-03:00,2024-04-11T05:45:00-03:00,0.0,2.33,True
2024-04-11T07:00:00-03:00,86510000,2024-04-11T06:45:00-03:00,2024-04-11T06:45:00-03:00,0.0,2.33,True
2024-04-11T08:00:00-03:00,86510000,2024-04-11T07:45:00-03:00,2024-04-11T07:45:00-03:00,0.0,2.32,True
2024-04-11T09:00:00-03:00,86510000,2024-04-11T08:45:00-03:00,2024-04-11T08:45:00-03:00,0.0,2.26,True
2024-04-11T10:00:00-03:00,86510000,2024-04-11T09:45:00-03:00,2024-04-11T09:45:00-03:00,0.0,2.12,True
2024-04-11T11:00:00-03:00,86510000,2024-04-11T10:45:00-03:00,2024-04-11T10:45:00-03:00,0.0,2.0,True
2024-04-11T12:00:00-03:00,86510000,2024-04-11T11:45:00-03:00,2024-04-11T11:45:00-03:00,0.0,1.87,True
2024-04-11T13:00:00-03:00,86510000,2024-04-11T12:45:00-03:00,2024-04-11T12:45:00-03:00,0.0,1.77,True
2024-04-11T14:00:00-03:00,86510000,2024-04-11T13:45:00-03:00,2024-04-11T13:45:00-03:00,0.0,1.64,True
2024-04-11T15:00:00-03:00,86510000,2024-04-11T14:45:00-03:00,2024-04-11T14:45:00-03:00,0.0,1.56,True
2024-04-11T16:00:00-03:00,86510000,2024-04-11T15:45:00-03:00,2024-04-11T15:45:00-03:00,0.0,1.49,True
2024-04-11T17:00:00-03:00,86510000,2024-04-11T16:45:00-03:00,2024-04-11T16:45:00-03:00,0.0,1.42,True
2024-04-11T18:00:00-03:00,86510000,2024-04-11T17:45:00-03:00,2024-04-11T17:45:00-03:00,0.0,1.38,True
2024-04-11T19:00:00-03:00,86510000,2024-04-11T18:45:00-03:00,2024-04-11T18:45:00-03:00,0.0,1.34,True
2024-04-11T20:00:00-03:00,86510000,2024-04-11T19:45:00-03:00,2024-04-11T19:45:00-03:00,0.0,1.32,True
2024-04-11T21:00:00-03:00,86510000,2024-04-11T20:45:00-03:00,2024-04-11T20:45:00-03:00,0.0,1.29,True
2024-04-11T22:00:00-03:00,86510000,2024-04-11T21:45:00-03:00,2024-04-11T21:45:00-03:00,0.0,1.3,True
2024-04-11T23:00:00-03:00,86510000,2024-04-11T22:45:00-03:00,2024-04-11T22:45:00-03:00,0.0,1.27,True
2024-04-12T00:00:00-03:00,86510000,2024-04-11T23:45:00-03:00,2024-04-11T23:45:00-03:00,0.0,1.32,True
2024-04-12T01:00:00-03:00,86510000,2024-04-12T00:45:00-03:00,2024-04-12T00:45:00-03:00,0.0,1.35,True
2024-04-12T02:00:00-03:00,86510000,2024-04-12T01:45:00-03:00,2024-04-12T01:45:00-03:00,0.0,1.47,True
2024-04-12T03:00:00-03:00,86510000,2024-04-12T02:45:00-03:00,2024-04-12T02:45:00-03:00,0.0,1.57,True
2024-04-12T04:00:00-03:00,86510000,2024-04-12T03:45:00-03:00,2024-04-12T03:45:00-03:00,0.0,1.65,True
2024-04-12T05:00:00-03:00,86510000,2024-04-12T04:45:00-03:00,2024-04-12T04:45:00-03:00,0.0,1.69,True
2024-04-12T06:00:00-03:00,86510000,2024-04-12T05:45:00-03:00,2024-04-12T05:45:00-03:00,0.0,1.71,True
2024-04-12T07:00:00-03:00,86510000,2024-04-12T06:45:00-03:00,2024-04-12T06:45:00-03:00,0.0,1.73,True
2024-04-12T08:00:00-03:00,86510000,2024-04-12T07:45:00-03:00,2024-04-12T07:45:00-03:00,0.0,1.72,True
2024-04-12T09:00:00-03:00,86510000,2024-04-12T08:45:00-03:00,2024-04-12T08:45:00-03:00,0.0,1.76,True
2024-04-12T10:00:00-03:00,86510000,2024-04-12T09:45:00-03:00,2024-04-12T09:45:00-03:00,0.0,1.71,True
2024-04-12T11:00:00-03:00,86510000,2024-04-12T10:45:00-03:00,2024-04-12T10:45:00-03:00,0.0,1.66,True
2024-04-12T12:00:00-03:00,86510000,2024-04-12T11:45:00-03:00,2024-04-12T11:45:00-03:00,0.0,1.62,True
2024-04-12T13:00:00-03:00,86510000,2024-04-12T12:45:00-03:00,2024-04-12T12:45:00-03:00,0.0,1.57,True
2024-04-12T14:00:00-03:00,86510000,2024-04-12T13:45:00-03:00,2024-04-12T13:45:00-03:00,0.0,1.52,True
2024-04-12T15:00:00-03:00,86510000,2024-04-12T14:45:00-03:00,2024-04-12T14:45:00-03:00,0.0,1.47,True
2024-04-12T16:00:00-03:00,86510000,2024-04-12T15:45:00-03:00,2024-04-12T15:45:00-03:00,0.0,1.41,True
2024-04-12T17:00:00-03:00,86510000,2024-04-12T16:45:00-03:00,2024-04-12T16:45:00-03:00,0.0,1.37,True
2024-04-12T18:00:00-03:00,86510000,2024-04-12T17:45:00-03:00,2024-04-12T17:45:00-03:00,0.0,1.35,True
2024-04-12T19:00:00-03:00,86510000,2024-04-12T18:45:00-03:00,2024-04-12T18:45:00-03:00,0.0,1.31,True
2024-04-12T20:00:00-03:00,86510000,2024-04-12T19:45:00-03:00,2024-04-12T19:45:00-03:00,0.0,1.33,True
2024-04-12T21:00:00-03:00,86510000,2024-04-12T20:45:00-03:00,2024-04-12T20:45:00-03:00,0.0,1.33,True
2024-04-12T22:00:00-03:00,86510000,2024-04-12T21:45:00-03:00,2024-04-12T21:45:00-03:00,0.0,1.33,True
2024-04-12T23:00:00-03:00,86510000,2024-04-12T22:45:00-03:00,2024-04-12T22:45:00-03:00,0.0,1.34,True
2024-04-13T00:00:00-03:00,86510000,2024-04-12T23:45:00-03:00,2024-04-12T23:45:00-03:00,0.0,1.35,True
2024-04-13T01:00:00-03:00,86510000,2024-04-13T00:45:00-03:00,2024-04-13T00:45:00-03:00,0.0,1.36,True
2024-04-13T02:00:00-03:00,86510000,2024-04-13T01:45:00-03:00,2024-04-13T01:45:00-03:00,0.0,1.36,True
2024-04-13T03:00:00-03:00,86510000,2024-04-13T02:45:00-03:00,2024-04-13T02:45:00-03:00,0.0,1.37,True
2024-04-13T04:00:00-03:00,86510000,2024-04-13T03:45:00-03:00,2024-04-13T03:45:00-03:00,0.0,1.41,True
2024-04-13T05:00:00-03:00,86510000,2024-04-13T04:45:00-03:00,2024-04-13T04:45:00-03:00,0.0,1.5,True
2024-04-13T06:00:00-03:00,86510000,2024-04-13T05:45:00-03:00,2024-04-13T05:45:00-03:00,0.0,1.62,True
2024-04-13T07:00:00-03:00,86510000,2024-04-13T06:45:00-03:00,2024-04-13T06:45:00-03:00,0.0,1.71,True
2024-04-13T08:00:00-03:00,86510000,2024-04-13T07:45:00-03:00,2024-04-13T07:45:00-03:00,0.0,1.74,True
2024-04-13T09:00:00-03:00,86510000,2024-04-13T08:45:00-03:00,2024-04-13T08:45:00-03:00,0.0,1.74,True
2024-04-13T10:00:00-03:00,86510000,2024-04-13T09:45:00-03:00,2024-04-13T09:45:00-03:00,0.0,1.78,True
2024-04-13T11:00:00-03:00,86510000,2024-04-13T10:45:00-03:00,2024-04-13T10:45:00-03:00,0.0,1.72,True
2024-04-13T12:00:00-03:00,86510000,2024-04-13T11:45:00-03:00,2024-04-13T11:45:00-03:00,0.0,1.69,True
2024-04-13T13:00:00-03:00,86510000,2024-04-13T12:45:00-03:00,2024-04-13T12:45:00-03:00,0.0,1.61,True
2024-04-13T14:00:00-03:00,86510000,2024-04-13T13:45:00-03:00,2024-04-13T13:45:00-03:00,0.0,1.54,True
2024-04-13T15:00:00-03:00,86510000,2024-04-13T14:45:00-03:00,2024-04-13T14:45:00-03:00,0.0,1.49,True
2024-04-13T16:00:00-03:00,86510000,2024-04-13T15:45:00-03:00,2024-04-13T15:45:00-03:00,0.0,1.39,True
2024-04-13T17:00:00-03:00,86510000,2024-04-13T16:45:00-03:00,2024-04-13T16:45:00-03:00,0.0,1.35,True
2024-04-13T18:00:00-03:00,86510000,2024-04-13T17:45:00-03:00,2024-04-13T17:45:00-03:00,0.0,1.31,True
2024-04-13T19:00:00-03:00,86510000,2024-04-13T18:45:00-03:00,2024-04-13T18:45:00-03:00,0.0,1.27,True
2024-04-13T20:00:00-03:00,86510000,2024-04-13T19:45:00-03:00,2024-04-13T19:45:00-03:00,0.0,1.23,True
2024-04-13T21:00:00-03:00,86510000,2024-04-13T20:45:00-03:00,2024-04-13T20:45:00-03:00,0.0,1.24,True
2024-04-13T22:00:00-03:00,86510000,2024-04-13T21:45:00-03:00,2024-04-13T21:45:00-03:00,0.0,1.22,True
2024-04-13T23:00:00-03:00,86510000,2024-04-13T22:45:00-03:00,2024-04-13T22:45:00-03:00,0.0,1.2,True
2024-04-14T00:00:00-03:00,86510000,2024-04-13T23:45:00-03:00,2024-04-13T23:45:00-03:00,0.0,1.2,True
2024-04-14T01:00:00-03:00,86510000,2024-04-14T00:45:00-03:00,2024-04-14T00:45:00-03:00,0.0,1.21,True
2024-04-14T02:00:00-03:00,86510000,2024-04-14T01:45:00-03:00,2024-04-14T01:45:00-03:00,0.0,1.23,True
2024-04-14T03:00:00-03:00,86510000,2024-04-14T02:45:00-03:00,2024-04-14T02:45:00-03:00,0.0,1.27,True
2024-04-14T04:00:00-03:00,86510000,2024-04-14T03:45:00-03:00,2024-04-14T03:45:00-03:00,0.0,1.31,True
2024-04-14T05:00:00-03:00,86510000,2024-04-14T04:45:00-03:00,2024-04-14T04:45:00-03:00,0.0,1.34,True
2024-04-14T06:00:00-03:00,86510000,2024-04-14T05:45:00-03:00,2024-04-14T05:45:00-03:00,0.0,1.36,True
2024-04-14T07:00:00-03:00,86510000,2024-04-14T06:45:00-03:00,2024-04-14T06:45:00-03:00,0.0,1.37,True
2024-04-14T08:00:00-03:00,86510000,2024-04-14T07:45:00-03:00,2024-04-14T07:45:00-03:00,0.0,1.38,True
2024-04-14T09:00:00-03:00,86510000,2024-04-14T08:45:00-03:00,2024-04-14T08:45:00-03:00,0.0,1.39,True
2024-04-14T10:00:00-03:00,86510000,2024-04-14T09:45:00-03:00,2024-04-14T09:45:00-03:00,0.0,1.59,True
2024-04-14T11:00:00-03:00,86510000,2024-04-14T10:45:00-03:00,2024-04-14T10:45:00-03:00,0.0,2.06,True
2024-04-14T12:00:00-03:00,86510000,2024-04-14T11:45:00-03:00,2024-04-14T11:45:00-03:00,0.0,2.81,True
2024-04-14T13:00:00-03:00,86510000,2024-04-14T12:45:00-03:00,2024-04-14T12:45:00-03:00,0.0,3.27,True
2024-04-14T14:00:00-03:00,86510000,2024-04-14T13:45:00-03:00,2024-04-14T13:45:00-03:00,0.0,3.5,True
2024-04-14T15:00:00-03:00,86510000,2024-04-14T14:45:00-03:00,2024-04-14T14:45:00-03:00,0.0,3.6,True
2024-04-14T16:00:00-03:00,86510000,2024-04-14T15:45:00-03:00,2024-04-14T15:45:00-03:00,0.0,3.73,True
2024-04-14T17:00:00-03:00,86510000,2024-04-14T16:45:00-03:00,2024-04-14T16:45:00-03:00,0.0,4.6,True
2024-04-14T18:00:00-03:00,86510000,2024-04-14T17:45:00-03:00,2024-04-14T17:45:00-03:00,0.0,5.57,True
2024-04-14T19:00:00-03:00,86510000,2024-04-14T18:45:00-03:00,2024-04-14T18:45:00-03:00,0.0,6.08,True
2024-04-14T20:00:00-03:00,86510000,2024-04-14T19:45:00-03:00,2024-04-14T19:45:00-03:00,0.0,6.26,True
2024-04-14T21:00:00-03:00,86510000,2024-04-14T20:45:00-03:00,2024-04-14T20:45:00-03:00,0.0,6.24,True
2024-04-14T22:00:00-03:00,86510000,2024-04-14T21:45:00-03:00,2024-04-14T21:45:00-03:00,0.0,6.14,True
2024-04-14T23:00:00-03:00,86510000,2024-04-14T22:45:00-03:00,2024-04-14T22:45:00-03:00,0.0,6.0,True
2024-04-15T00:00:00-03:00,86510000,2024-04-14T23:45:00-03:00,2024-04-14T23:45:00-03:00,0.0,5.89,True
2024-04-15T01:00:00-03:00,86510000,2024-04-15T00:45:00-03:00,2024-04-15T00:45:00-03:00,0.0,5.79,True
2024-04-15T02:00:00-03:00,86510000,2024-04-15T01:45:00-03:00,2024-04-15T01:45:00-03:00,0.0,5.72,True
2024-04-15T03:00:00-03:00,86510000,2024-04-15T02:45:00-03:00,2024-04-15T02:45:00-03:00,0.0,5.62,True
2024-04-15T04:00:00-03:00,86510000,2024-04-15T03:45:00-03:00,2024-04-15T03:45:00-03:00,0.0,5.49,True
2024-04-15T05:00:00-03:00,86510000,2024-04-15T04:45:00-03:00,2024-04-15T04:45:00-03:00,0.0,5.35,True
2024-04-15T06:00:00-03:00,86510000,2024-04-15T05:45:00-03:00,2024-04-15T05:45:00-03:00,0.0,5.19,True
2024-04-15T07:00:00-03:00,86510000,2024-04-15T06:45:00-03:00,2024-04-15T06:45:00-03:00,0.0,5.03,True
2024-04-15T08:00:00-03:00,86510000,2024-04-15T07:45:00-03:00,2024-04-15T07:45:00-03:00,0.0,4.84,True
2024-04-15T09:00:00-03:00,86510000,2024-04-15T08:45:00-03:00,2024-04-15T08:45:00-03:00,0.0,4.63,True
2024-04-15T10:00:00-03:00,86510000,2024-04-15T09:45:00-03:00,2024-04-15T09:45:00-03:00,0.0,4.44,True
2024-04-15T11:00:00-03:00,86510000,2024-04-15T10:45:00-03:00,2024-04-15T10:45:00-03:00,0.0,4.28,True
2024-04-15T12:00:00-03:00,86510000,2024-04-15T11:45:00-03:00,2024-04-15T11:45:00-03:00,0.0,4.16,True
2024-04-15T13:00:00-03:00,86510000,2024-04-15T12:45:00-03:00,2024-04-15T12:45:00-03:00,0.0,4.05,True
2024-04-15T14:00:00-03:00,86510000,2024-04-15T13:45:00-03:00,2024-04-15T13:45:00-03:00,0.0,4.0,True
2024-04-15T15:00:00-03:00,86510000,2024-04-15T14:45:00-03:00,2024-04-15T14:45:00-03:00,0.0,3.98,True
2024-04-15T16:00:00-03:00,86510000,2024-04-15T15:45:00-03:00,2024-04-15T15:45:00-03:00,0.0,3.98,True
2024-04-15T17:00:00-03:00,86510000,2024-04-15T16:45:00-03:00,2024-04-15T16:45:00-03:00,0.0,4.0,True
2024-04-15T18:00:00-03:00,86510000,2024-04-15T17:45:00-03:00,2024-04-15T17:45:00-03:00,0.0,4.0,True
2024-04-15T19:00:00-03:00,86510000,2024-04-15T18:45:00-03:00,2024-04-15T18:45:00-03:00,0.0,4.0,True
2024-04-15T20:00:00-03:00,86510000,2024-04-15T19:45:00-03:00,2024-04-15T19:45:00-03:00,0.0,3.97,True
2024-04-15T21:00:00-03:00,86510000,2024-04-15T20:45:00-03:00,2024-04-15T20:45:00-03:00,0.0,3.94,True
2024-04-15T22:00:00-03:00,86510000,2024-04-15T21:45:00-03:00,2024-04-15T21:45:00-03:00,0.0,3.92,True
2024-04-15T23:00:00-03:00,86510000,2024-04-15T22:45:00-03:00,2024-04-15T22:45:00-03:00,0.0,3.88,True
2024-04-16T00:00:00-03:00,86510000,2024-04-15T23:45:00-03:00,2024-04-15T23:45:00-03:00,0.0,3.85,True
2024-04-16T01:00:00-03:00,86510000,2024-04-16T00:45:00-03:00,2024-04-16T00:45:00-03:00,0.0,3.82,True
2024-04-16T02:00:00-03:00,86510000,2024-04-16T01:45:00-03:00,2024-04-16T01:45:00-03:00,0.0,3.8,True
2024-04-16T03:00:00-03:00,86510000,2024-04-16T02:45:00-03:00,2024-04-16T02:45:00-03:00,0.0,3.77,True
2024-04-16T04:00:00-03:00,86510000,2024-04-16T03:45:00-03:00,2024-04-16T03:45:00-03:00,0.0,3.75,True
2024-04-16T05:00:00-03:00,86510000,2024-04-16T04:45:00-03:00,2024-04-16T04:45:00-03:00,0.0,3.72,True
2024-04-16T06:00:00-03:00,86510000,2024-04-16T05:45:00-03:00,2024-04-16T05:45:00-03:00,0.0,3.68,True
2024-04-16T07:00:00-03:00,86510000,2024-04-16T06:45:00-03:00,2024-04-16T06:45:00-03:00,0.0,3.61,True
2024-04-16T08:00:00-03:00,86510000,2024-04-16T07:45:00-03:00,2024-04-16T07:45:00-03:00,0.0,3.51,True
2024-04-16T09:00:00-03:00,86510000,2024-04-16T08:45:00-03:00,2024-04-16T08:45:00-03:00,0.0,3.4,True
2024-04-16T10:00:00-03:00,86510000,2024-04-16T09:45:00-03:00,2024-04-16T09:45:00-03:00,0.0,3.29,True
2024-04-16T11:00:00-03:00,86510000,2024-04-16T10:45:00-03:00,2024-04-16T10:45:00-03:00,0.0,3.21,True
2024-04-16T12:00:00-03:00,86510000,2024-04-16T11:45:00-03:00,2024-04-16T11:45:00-03:00,0.0,3.15,True
2024-04-16T13:00:00-03:00,86510000,2024-04-16T12:45:00-03:00,2024-04-16T12:45:00-03:00,0.0,3.09,True
2024-04-16T14:00:00-03:00,86510000,2024-04-16T13:45:00-03:00,2024-04-16T13:45:00-03:00,0.0,3.11,True
2024-04-16T15:00:00-03:00,86510000,2024-04-16T14:45:00-03:00,2024-04-16T14:45:00-03:00,0.0,3.09,True
2024-04-16T16:00:00-03:00,86510000,2024-04-16T15:45:00-03:00,2024-04-16T15:45:00-03:00,0.0,3.09,True
2024-04-16T17:00:00-03:00,86510000,2024-04-16T16:45:00-03:00,2024-04-16T16:45:00-03:00,0.0,3.08,True
2024-04-16T18:00:00-03:00,86510000,2024-04-16T17:45:00-03:00,2024-04-16T17:45:00-03:00,0.0,3.08,True
2024-04-16T19:00:00-03:00,86510000,2024-04-16T18:45:00-03:00,2024-04-16T18:45:00-03:00,0.0,3.13,True
2024-04-16T20:00:00-03:00,86510000,2024-04-16T19:45:00-03:00,2024-04-16T19:45:00-03:00,0.0,3.19,True
2024-04-16T21:00:00-03:00,86510000,2024-04-16T20:45:00-03:00,2024-04-16T20:45:00-03:00,0.0,3.31,True
2024-04-16T22:00:00-03:00,86510000,2024-04-16T21:45:00-03:00,2024-04-16T21:45:00-03:00,0.0,3.57,True
2024-04-16T23:00:00-03:00,86510000,2024-04-16T22:45:00-03:00,2024-04-16T22:45:00-03:00,0.0,3.92,True
2024-04-17T00:00:00-03:00,86510000,2024-04-16T23:45:00-03:00,2024-04-16T23:45:00-03:00,0.0,4.2,True
2024-04-17T01:00:00-03:00,86510000,2024-04-17T00:45:00-03:00,2024-04-17T00:45:00-03:00,0.0,4.47,True
2024-04-17T02:00:00-03:00,86510000,2024-04-17T01:45:00-03:00,2024-04-17T01:45:00-03:00,0.0,4.8,True
2024-04-17T03:00:00-03:00,86510000,2024-04-17T02:45:00-03:00,2024-04-17T02:45:00-03:00,0.0,5.11,True
2024-04-17T04:00:00-03:00,86510000,2024-04-17T03:45:00-03:00,2024-04-17T03:45:00-03:00,0.0,5.35,True
2024-04-17T05:00:00-03:00,86510000,2024-04-17T04:45:00-03:00,2024-04-17T04:45:00-03:00,0.0,5.56,True
2024-04-17T06:00:00-03:00,86510000,2024-04-17T05:45:00-03:00,2024-04-17T05:45:00-03:00,0.0,5.73,True
2024-04-17T07:00:00-03:00,86510000,2024-04-17T06:45:00-03:00,2024-04-17T06:45:00-03:00,0.0,5.83,True
2024-04-17T08:00:00-03:00,86510000,2024-04-17T07:45:00-03:00,2024-04-17T07:45:00-03:00,0.0,5.85,True
2024-04-17T09:00:00-03:00,86510000,2024-04-17T08:45:00-03:00,2024-04-17T08:45:00-03:00,0.0,5.85,True
2024-04-17T10:00:00-03:00,86510000,2024-04-17T09:45:00-03:00,2024-04-17T09:45:00-03:00,0.0,5.83,True
2024-04-17T11:00:00-03:00,86510000,2024-04-17T10:45:00-03:00,2024-04-17T10:45:00-03:00,0.0,5.81,True
2024-04-17T12:00:00-03:00,86510000,2024-04-17T11:45:00-03:00,2024-04-17T11:45:00-03:00,0.0,5.78,True
2024-04-17T13:00:00-03:00,86510000,2024-04-17T12:45:00-03:00,2024-04-17T12:45:00-03:00,0.0,5.78,True
2024-04-17T14:00:00-03:00,86510000,2024-04-17T13:45:00-03:00,2024-04-17T13:45:00-03:00,0.0,5.74,True
2024-04-17T15:00:00-03:00,86510000,2024-04-17T14:45:00-03:00,2024-04-17T14:45:00-03:00,0.0,5.7,True
2024-04-17T16:00:00-03:00,86510000,2024-04-17T15:45:00-03:00,2024-04-17T15:45:00-03:00,0.0,5.6,True
2024-04-17T17:00:00-03:00,86510000,2024-04-17T16:45:00-03:00,2024-04-17T16:45:00-03:00,0.0,5.51,True
2024-04-17T18:00:00-03:00,86510000,2024-04-17T17:45:00-03:00,2024-04-17T17:45:00-03:00,0.0,5.43,True
2024-04-17T19:00:00-03:00,86510000,2024-04-17T18:45:00-03:00,2024-04-17T18:45:00-03:00,0.0,5.33,True
2024-04-17T20:00:00-03:00,86510000,2024-04-17T19:45:00-03:00,2024-04-17T19:45:00-03:00,0.0,5.26,True
2024-04-17T21:00:00-03:00,86510000,2024-04-17T20:45:00-03:00,2024-04-17T20:45:00-03:00,0.0,5.16,True
2024-04-17T22:00:00-03:00,86510000,2024-04-17T21:45:00-03:00,2024-04-17T21:45:00-03:00,0.0,5.07,True
2024-04-17T23:00:00-03:00,86510000,2024-04-17T22:45:00-03:00,2024-04-17T22:45:00-03:00,0.0,4.99,True
2024-04-18T00:00:00-03:00,86510000,2024-04-17T23:45:00-03:00,2024-04-17T23:45:00-03:00,0.0,4.9,True
2024-04-18T01:00:00-03:00,86510000,2024-04-18T00:45:00-03:00,2024-04-18T00:45:00-03:00,0.0,4.82,True
2024-04-18T02:00:00-03:00,86510000,2024-04-18T01:45:00-03:00,2024-04-18T01:45:00-03:00,0.0,4.74,True
2024-04-18T03:00:00-03:00,86510000,2024-04-18T02:45:00-03:00,2024-04-18T02:45:00-03:00,0.0,4.66,True
2024-04-18T04:00:00-03:00,86510000,2024-04-18T03:45:00-03:00,2024-04-18T03:45:00-03:00,0.0,4.56,True
2024-04-18T05:00:00-03:00,86510000,2024-04-18T04:45:00-03:00,2024-04-18T04:45:00-03:00,0.0,4.5,True
2024-04-18T06:00:00-03:00,86510000,2024-04-18T05:45:00-03:00,2024-04-18T05:45:00-03:00,0.0,4.45,True
2024-04-18T07:00:00-03:00,86510000,2024-04-18T06:45:00-03:00,2024-04-18T06:45:00-03:00,0.0,4.39,True
2024-04-18T08:00:00-03:00,86510000,2024-04-18T07:45:00-03:00,2024-04-18T07:45:00-03:00,0.0,4.33,True
2024-04-18T09:00:00-03:00,86510000,2024-04-18T08:45:00-03:00,2024-04-18T08:45:00-03:00,0.0,4.29,True
2024-04-18T10:00:00-03:00,86510000,2024-04-18T09:45:00-03:00,2024-04-18T09:45:00-03:00,0.0,4.27,True
2024-04-18T11:00:00-03:00,86510000,2024-04-18T10:45:00-03:00,2024-04-18T10:45:00-03:00,0.0,4.22,True
2024-04-18T12:00:00-03:00,86510000,2024-04-18T11:45:00-03:00,2024-04-18T11:45:00-03:00,0.0,4.18,True
2024-04-18T13:00:00-03:00,86510000,2024-04-18T12:45:00-03:00,2024-04-18T12:45:00-03:00,0.0,4.13,True
2024-04-18T14:00:00-03:00,86510000,2024-04-18T13:45:00-03:00,2024-04-18T13:45:00-03:00,0.0,4.08,True
2024-04-18T15:00:00-03:00,86510000,2024-04-18T14:45:00-03:00,2024-04-18T14:45:00-03:00,0.0,4.0,True
2024-04-18T16:00:00-03:00,86510000,2024-04-18T15:45:00-03:00,2024-04-18T15:45:00-03:00,0.0,3.99,True
2024-04-18T17:00:00-03:00,86510000,2024-04-18T16:45:00-03:00,2024-04-18T16:45:00-03:00,0.0,3.96,True
2024-04-18T18:00:00-03:00,86510000,2024-04-18T17:45:00-03:00,2024-04-18T17:45:00-03:00,0.0,3.91,True
2024-04-18T19:00:00-03:00,86510000,2024-04-18T18:45:00-03:00,2024-04-18T18:45:00-03:00,0.0,3.91,True
2024-04-18T20:00:00-03:00,86510000,2024-04-18T19:45:00-03:00,2024-04-18T19:45:00-03:00,0.0,3.9,True
2024-04-18T21:00:00-03:00,86510000,2024-04-18T20:45:00-03:00,2024-04-18T20:45:00-03:00,0.0,3.88,True
2024-04-18T22:00:00-03:00,86510000,2024-04-18T21:45:00-03:00,2024-04-18T21:45:00-03:00,0.0,3.87,True
2024-04-18T23:00:00-03:00,86510000,2024-04-18T22:45:00-03:00,2024-04-18T22:45:00-03:00,0.0,3.84,True
2024-04-19T00:00:00-03:00,86510000,2024-04-18T23:45:00-03:00,2024-04-18T23:45:00-03:00,0.0,3.83,True
2024-04-19T01:00:00-03:00,86510000,2024-04-19T00:45:00-03:00,2024-04-19T00:45:00-03:00,0.0,3.81,True
2024-04-19T02:00:00-03:00,86510000,2024-04-19T01:45:00-03:00,2024-04-19T01:45:00-03:00,0.0,3.79,True
2024-04-19T03:00:00-03:00,86510000,2024-04-19T02:45:00-03:00,2024-04-19T02:45:00-03:00,0.0,3.77,True
2024-04-19T04:00:00-03:00,86510000,2024-04-19T03:45:00-03:00,2024-04-19T03:45:00-03:00,0.0,3.73,True
2024-04-19T05:00:00-03:00,86510000,2024-04-19T04:45:00-03:00,2024-04-19T04:45:00-03:00,0.0,3.7,True
2024-04-19T06:00:00-03:00,86510000,2024-04-19T05:45:00-03:00,2024-04-19T05:45:00-03:00,0.0,3.65,True
2024-04-19T07:00:00-03:00,86510000,2024-04-19T06:45:00-03:00,2024-04-19T06:45:00-03:00,0.0,3.56,True
2024-04-19T08:00:00-03:00,86510000,2024-04-19T07:45:00-03:00,2024-04-19T07:45:00-03:00,0.0,3.43,True
2024-04-19T09:00:00-03:00,86510000,2024-04-19T08:45:00-03:00,2024-04-19T08:45:00-03:00,0.0,3.27,True
2024-04-19T10:00:00-03:00,86510000,2024-04-19T09:45:00-03:00,2024-04-19T09:45:00-03:00,0.0,3.11,True
2024-04-19T11:00:00-03:00,86510000,2024-04-19T10:45:00-03:00,2024-04-19T10:45:00-03:00,0.0,3.01,True
2024-04-19T12:00:00-03:00,86510000,2024-04-19T11:45:00-03:00,2024-04-19T11:45:00-03:00,0.0,2.92,True
2024-04-19T13:00:00-03:00,86510000,2024-04-19T12:45:00-03:00,2024-04-19T12:45:00-03:00,0.0,2.87,True
2024-04-19T14:00:00-03:00,86510000,2024-04-19T13:45:00-03:00,2024-04-19T13:45:00-03:00,0.0,2.84,True
2024-04-19T15:00:00-03:00,86510000,2024-04-19T14:45:00-03:00,2024-04-19T14:45:00-03:00,0.0,2.83,True
2024-04-19T16:00:00-03:00,86510000,2024-04-19T15:45:00-03:00,2024-04-19T15:45:00-03:00,0.0,2.82,True
2024-04-19T17:00:00-03:00,86510000,2024-04-19T16:45:00-03:00,2024-04-19T16:45:00-03:00,0.0,2.83,True
2024-04-19T18:00:00-03:00,86510000,2024-04-19T17:45:00-03:00,2024-04-19T17:45:00-03:00,0.0,2.83,True
2024-04-19T19:00:00-03:00,86510000,2024-04-19T18:45:00-03:00,2024-04-19T18:45:00-03:00,0.0,2.87,True
2024-04-19T20:00:00-03:00,86510000,2024-04-19T19:45:00-03:00,2024-04-19T19:45:00-03:00,0.0,2.92,True
2024-04-19T21:00:00-03:00,86510000,2024-04-19T20:45:00-03:00,2024-04-19T20:45:00-03:00,0.0,2.94,True
2024-04-19T22:00:00-03:00,86510000,2024-04-19T21:45:00-03:00,2024-04-19T21:45:00-03:00,0.0,2.94,True
2024-04-19T23:00:00-03:00,86510000,2024-04-19T22:45:00-03:00,2024-04-19T22:45:00-03:00,0.0,2.93,True
2024-04-20T00:00:00-03:00,86510000,2024-04-19T23:45:00-03:00,2024-04-19T23:45:00-03:00,0.0,2.91,True
2024-04-20T01:00:00-03:00,86510000,2024-04-20T00:45:00-03:00,2024-04-20T00:45:00-03:00,0.0,2.95,True
2024-04-20T02:00:00-03:00,86510000,2024-04-20T01:45:00-03:00,2024-04-20T01:45:00-03:00,0.0,2.99,True
2024-04-20T03:00:00-03:00,86510000,2024-04-20T02:45:00-03:00,2024-04-20T02:45:00-03:00,0.0,3.02,True
2024-04-20T04:00:00-03:00,86510000,2024-04-20T03:45:00-03:00,2024-04-20T03:45:00-03:00,0.0,3.07,True
2024-04-20T05:00:00-03:00,86510000,2024-04-20T04:45:00-03:00,2024-04-20T04:45:00-03:00,0.0,3.05,True
2024-04-20T06:00:00-03:00,86510000,2024-04-20T05:45:00-03:00,2024-04-20T05:45:00-03:00,0.0,3.04,True
2024-04-20T07:00:00-03:00,86510000,2024-04-20T06:45:00-03:00,2024-04-20T06:45:00-03:00,0.0,3.0,True
2024-04-20T08:00:00-03:00,86510000,2024-04-20T07:45:00-03:00,2024-04-20T07:45:00-03:00,0.0,2.92,True
2024-04-20T09:00:00-03:00,86510000,2024-04-20T08:45:00-03:00,2024-04-20T08:45:00-03:00,0.0,2.82,True
2024-04-20T10:00:00-03:00,86510000,2024-04-20T09:45:00-03:00,2024-04-20T09:45:00-03:00,0.0,2.75,True
2024-04-20T11:00:00-03:00,86510000,2024-04-20T10:45:00-03:00,2024-04-20T10:45:00-03:00,0.0,2.68,True
2024-04-20T12:00:00-03:00,86510000,2024-04-20T11:45:00-03:00,2024-04-20T11:45:00-03:00,0.0,2.63,True
2024-04-20T13:00:00-03:00,86510000,2024-04-20T12:45:00-03:00,2024-04-20T12:45:00-03:00,0.0,2.59,True
2024-04-20T14:00:00-03:00,86510000,2024-04-20T13:45:00-03:00,2024-04-20T13:45:00-03:00,0.0,2.56,True
2024-04-20T15:00:00-03:00,86510000,2024-04-20T14:45:00-03:00,2024-04-20T14:45:00-03:00,0.0,2.55,True
2024-04-20T16:00:00-03:00,86510000,2024-04-20T15:45:00-03:00,2024-04-20T15:45:00-03:00,0.0,2.56,True
2024-04-20T17:00:00-03:00,86510000,2024-04-20T16:45:00-03:00,2024-04-20T16:45:00-03:00,0.0,2.59,True
2024-04-20T18:00:00-03:00,86510000,2024-04-20T17:45:00-03:00,2024-04-20T17:45:00-03:00,0.0,2.65,True
2024-04-20T19:00:00-03:00,86510000,2024-04-20T18:45:00-03:00,2024-04-20T18:45:00-03:00,0.0,2.72,True
2024-04-20T20:00:00-03:00,86510000,2024-04-20T19:45:00-03:00,2024-04-20T19:45:00-03:00,0.0,2.78,True
2024-04-20T21:00:00-03:00,86510000,2024-04-20T20:45:00-03:00,2024-04-20T20:45:00-03:00,0.0,2.8,True
2024-04-20T22:00:00-03:00,86510000,2024-04-20T21:45:00-03:00,2024-04-20T21:45:00-03:00,0.0,2.8,True
2024-04-20T23:00:00-03:00,86510000,2024-04-20T22:45:00-03:00,2024-04-20T22:45:00-03:00,0.0,2.8,True
2024-04-21T00:00:00-03:00,86510000,2024-04-20T23:45:00-03:00,2024-04-20T23:45:00-03:00,0.0,2.8,True
2024-04-21T01:00:00-03:00,86510000,2024-04-21T00:45:00-03:00,2024-04-21T00:45:00-03:00,0.0,2.8,True
2024-04-21T02:00:00-03:00,86510000,2024-04-21T01:45:00-03:00,2024-04-21T01:45:00-03:00,0.0,2.78,True
2024-04-21T03:00:00-03:00,86510000,2024-04-21T02:45:00-03:00,2024-04-21T02:45:00-03:00,0.0,2.75,True
2024-04-21T04:00:00-03:00,86510000,2024-04-21T03:45:00-03:00,2024-04-21T03:45:00-03:00,0.0,2.75,True
2024-04-21T05:00:00-03:00,86510000,2024-04-21T04:45:00-03:00,2024-04-21T04:45:00-03:00,0.0,2.7,True
2024-04-21T06:00:00-03:00,86510000,2024-04-21T05:45:00-03:00,2024-04-21T05:45:00-03:00,0.0,2.7,True
2024-04-21T07:00:00-03:00,86510000,2024-04-21T06:45:00-03:00,2024-04-21T06:45:00-03:00,0.0,2.69,True
2024-04-21T08:00:00-03:00,86510000,2024-04-21T07:45:00-03:00,2024-04-21T07:45:00-03:00,0.0,2.66,True
2024-04-21T09:00:00-03:00,86510000,2024-04-21T08:45:00-03:00,2024-04-21T08:45:00-03:00,0.0,2.61,True
2024-04-21T10:00:00-03:00,86510000,2024-04-21T09:45:00-03:00,2024-04-21T09:45:00-03:00,0.0,2.52,True
2024-04-21T11:00:00-03:00,86510000,2024-04-21T10:45:00-03:00,2024-04-21T10:45:00-03:00,0.0,2.5,True
2024-04-21T12:00:00-03:00,86510000,2024-04-21T11:45:00-03:00,2024-04-21T11:45:00-03:00,0.0,2.47,True
2024-04-21T13:00:00-03:00,86510000,2024-04-21T12:45:00-03:00,2024-04-21T12:45:00-03:00,0.0,2.45,True
2024-04-21T14:00:00-03:00,86510000,2024-04-21T13:45:00-03:00,2024-04-21T13:45:00-03:00,0.0,2.44,True
2024-04-21T15:00:00-03:00,86510000,2024-04-21T14:45:00-03:00,2024-04-21T14:45:00-03:00,0.0,2.43,True
2024-04-21T16:00:00-03:00,86510000,2024-04-21T15:45:00-03:00,2024-04-21T15:45:00-03:00,0.0,2.41,True
2024-04-21T17:00:00-03:00,86510000,2024-04-21T16:45:00-03:00,2024-04-21T16:45:00-03:00,0.0,2.36,True
2024-04-21T18:00:00-03:00,86510000,2024-04-21T17:45:00-03:00,2024-04-21T17:45:00-03:00,0.0,2.29,True
2024-04-21T19:00:00-03:00,86510000,2024-04-21T18:45:00-03:00,2024-04-21T18:45:00-03:00,0.0,2.28,True
2024-04-21T20:00:00-03:00,86510000,2024-04-21T19:45:00-03:00,2024-04-21T19:45:00-03:00,0.0,2.24,True
2024-04-21T21:00:00-03:00,86510000,2024-04-21T20:45:00-03:00,2024-04-21T20:45:00-03:00,0.0,2.22,True
2024-04-21T22:00:00-03:00,86510000,2024-04-21T21:45:00-03:00,2024-04-21T21:45:00-03:00,0.0,2.24,True
2024-04-21T23:00:00-03:00,86510000,2024-04-21T22:45:00-03:00,2024-04-21T22:45:00-03:00,0.0,2.33,True
2024-04-22T00:00:00-03:00,86510000,2024-04-21T23:45:00-03:00,2024-04-21T23:45:00-03:00,0.0,2.44,True
2024-04-22T01:00:00-03:00,86510000,2024-04-22T00:45:00-03:00,2024-04-22T00:45:00-03:00,0.0,2.53,True
2024-04-22T02:00:00-03:00,86510000,2024-04-22T01:45:00-03:00,2024-04-22T01:45:00-03:00,0.0,2.57,True
2024-04-22T03:00:00-03:00,86510000,2024-04-22T02:45:00-03:00,2024-04-22T02:45:00-03:00,0.0,2.58,True
2024-04-22T04:00:00-03:00,86510000,2024-04-22T03:45:00-03:00,2024-04-22T03:45:00-03:00,0.0,2.61,True
2024-04-22T05:00:00-03:00,86510000,2024-04-22T04:45:00-03:00,2024-04-22T04:45:00-03:00,0.0,2.62,True
2024-04-22T06:00:00-03:00,86510000,2024-04-22T05:45:00-03:00,2024-04-22T05:45:00-03:00,0.0,2.62,True
2024-04-22T07:00:00-03:00,86510000,2024-04-22T06:45:00-03:00,2024-04-22T06:45:00-03:00,0.0,2.61,True
2024-04-22T08:00:00-03:00,86510000,2024-04-22T07:45:00-03:00,2024-04-22T07:45:00-03:00,0.0,2.59,True
2024-04-22T09:00:00-03:00,86510000,2024-04-22T08:45:00-03:00,2024-04-22T08:45:00-03:00,0.0,2.53,True
2024-04-22T10:00:00-03:00,86510000,2024-04-22T09:45:00-03:00,2024-04-22T09:45:00-03:00,0.0,2.46,True
2024-04-22T11:00:00-03:00,86510000,2024-04-22T10:45:00-03:00,2024-04-22T10:45:00-03:00,0.0,2.37,True
2024-04-22T12:00:00-03:00,86510000,2024-04-22T11:45:00-03:00,2024-04-22T11:45:00-03:00,0.0,2.29,True
2024-04-22T13:00:00-03:00,86510000,2024-04-22T12:45:00-03:00,2024-04-22T12:45:00-03:00,0.0,2.23,True
2024-04-22T14:00:00-03:00,86510000,2024-04-22T13:45:00-03:00,2024-04-22T13:45:00-03:00,0.0,2.17,True
2024-04-22T15:00:00-03:00,86510000,2024-04-22T14:45:00-03:00,2024-04-22T14:45:00-03:00,0.0,2.14,True
2024-04-22T16:00:00-03:00,86510000,2024-04-22T15:45:00-03:00,2024-04-22T15:45:00-03:00,0.0,2.12,True
2024-04-22T17:00:00-03:00,86510000,2024-04-22T16:45:00-03:00,2024-04-22T16:45:00-03:00,0.0,2.11,True
2024-04-22T18:00:00-03:00,86510000,2024-04-22T17:45:00-03:00,2024-04-22T17:45:00-03:00,0.0,2.12,True
2024-04-22T19:00:00-03:00,86510000,2024-04-22T18:45:00-03:00,2024-04-22T18:45:00-03:00,0.0,2.16,True
2024-04-22T20:00:00-03:00,86510000,2024-04-22T19:45:00-03:00,2024-04-22T19:45:00-03:00,0.0,2.23,True
2024-04-22T21:00:00-03:00,86510000,2024-04-22T20:45:00-03:00,2024-04-22T20:45:00-03:00,0.0,2.3,True
2024-04-22T22:00:00-03:00,86510000,2024-04-22T21:45:00-03:00,2024-04-22T21:45:00-03:00,0.0,2.36,True
2024-04-22T23:00:00-03:00,86510000,2024-04-22T22:45:00-03:00,2024-04-22T22:45:00-03:00,0.0,2.42,True
2024-04-23T00:00:00-03:00,86510000,2024-04-22T23:45:00-03:00,2024-04-22T23:45:00-03:00,0.0,2.47,True
2024-04-23T01:00:00-03:00,86510000,2024-04-23T00:45:00-03:00,2024-04-23T00:45:00-03:00,0.0,2.51,True
2024-04-23T02:00:00-03:00,86510000,2024-04-23T01:45:00-03:00,2024-04-23T01:45:00-03:00,0.0,2.54,True
2024-04-23T03:00:00-03:00,86510000,2024-04-23T02:45:00-03:00,2024-04-23T02:45:00-03:00,0.0,2.55,True
2024-04-23T04:00:00-03:00,86510000,2024-04-23T03:45:00-03:00,2024-04-23T03:45:00-03:00,0.0,2.56,True
2024-04-23T05:00:00-03:00,86510000,2024-04-23T04:45:00-03:00,2024-04-23T04:45:00-03:00,0.0,2.56,True
2024-04-23T06:00:00-03:00,86510000,2024-04-23T05:45:00-03:00,2024-04-23T05:45:00-03:00,0.0,2.54,True
2024-04-23T07:00:00-03:00,86510000,2024-04-23T06:45:00-03:00,2024-04-23T06:45:00-03:00,0.0,2.53,True
2024-04-23T08:00:00-03:00,86510000,2024-04-23T07:45:00-03:00,2024-04-23T07:45:00-03:00,0.0,2.49,True
2024-04-23T09:00:00-03:00,86510000,2024-04-23T08:45:00-03:00,2024-04-23T08:45:00-03:00,0.0,2.42,True
2024-04-23T10:00:00-03:00,86510000,2024-04-23T09:45:00-03:00,2024-04-23T09:45:00-03:00,0.0,2.33,True
2024-04-23T11:00:00-03:00,86510000,2024-04-23T10:45:00-03:00,2024-04-23T10:45:00-03:00,0.0,2.23,True
2024-04-23T12:00:00-03:00,86510000,2024-04-23T11:45:00-03:00,2024-04-23T11:45:00-03:00,0.0,2.15,True
2024-04-23T13:00:00-03:00,86510000,2024-04-23T12:45:00-03:00,2024-04-23T12:45:00-03:00,0.0,2.08,True
2024-04-23T14:00:00-03:00,86510000,2024-04-23T13:45:00-03:00,2024-04-23T13:45:00-03:00,0.0,2.04,True
2024-04-23T15:00:00-03:00,86510000,2024-04-23T14:45:00-03:00,2024-04-23T14:45:00-03:00,0.0,2.02,True
2024-04-23T16:00:00-03:00,86510000,2024-04-23T15:45:00-03:00,2024-04-23T15:45:00-03:00,0.0,2.03,True
2024-04-23T17:00:00-03:00,86510000,2024-04-23T16:45:00-03:00,2024-04-23T16:45:00-03:00,0.0,2.05,True
2024-04-23T18:00:00-03:00,86510000,2024-04-23T17:45:00-03:00,2024-04-23T17:45:00-03:00,0.0,2.06,True
2024-04-23T19:00:00-03:00,86510000,2024-04-23T18:45:00-03:00,2024-04-23T18:45:00-03:00,0.0,2.08,True
2024-04-23T20:00:00-03:00,86510000,2024-04-23T19:45:00-03:00,2024-04-23T19:45:00-03:00,0.0,2.11,True
2024-04-23T21:00:00-03:00,86510000,2024-04-23T20:45:00-03:00,2024-04-23T20:45:00-03:00,0.0,2.15,True
2024-04-23T22:00:00-03:00,86510000,2024-04-23T21:45:00-03:00,2024-04-23T21:45:00-03:00,0.0,2.19,True
2024-04-23T23:00:00-03:00,86510000,2024-04-23T22:45:00-03:00,2024-04-23T22:45:00-03:00,0.0,2.23,True
2024-04-24T00:00:00-03:00,86510000,2024-04-23T23:45:00-03:00,2024-04-23T23:45:00-03:00,0.0,2.29,True
2024-04-24T01:00:00-03:00,86510000,2024-04-24T00:45:00-03:00,2024-04-24T00:45:00-03:00,0.0,2.29,True
2024-04-24T02:00:00-03:00,86510000,2024-04-24T01:45:00-03:00,2024-04-24T01:45:00-03:00,0.0,2.28,True
2024-04-24T03:00:00-03:00,86510000,2024-04-24T02:45:00-03:00,2024-04-24T02:45:00-03:00,0.0,2.27,True
2024-04-24T04:00:00-03:00,86510000,2024-04-24T03:45:00-03:00,2024-04-24T03:45:00-03:00,0.0,2.25,True
2024-04-24T05:00:00-03:00,86510000,2024-04-24T04:45:00-03:00,2024-04-24T04:45:00-03:00,0.0,2.23,True
2024-04-24T06:00:00-03:00,86510000,2024-04-24T05:45:00-03:00,2024-04-24T05:45:00-03:00,0.0,2.22,True
2024-04-24T07:00:00-03:00,86510000,2024-04-24T06:45:00-03:00,2024-04-24T06:45:00-03:00,0.0,2.22,True
2024-04-24T08:00:00-03:00,86510000,2024-04-24T07:45:00-03:00,2024-04-24T07:45:00-03:00,0.0,2.23,True
2024-04-24T09:00:00-03:00,86510000,2024-04-24T08:45:00-03:00,2024-04-24T08:45:00-03:00,0.0,2.23,True
2024-04-24T10:00:00-03:00,86510000,2024-04-24T09:45:00-03:00,2024-04-24T09:45:00-03:00,0.0,2.21,True
2024-04-24T11:00:00-03:00,86510000,2024-04-24T10:45:00-03:00,2024-04-24T10:45:00-03:00,0.0,2.15,True
2024-04-24T12:00:00-03:00,86510000,2024-04-24T11:45:00-03:00,2024-04-24T11:45:00-03:00,0.0,2.03,True
2024-04-24T13:00:00-03:00,86510000,2024-04-24T12:45:00-03:00,2024-04-24T12:45:00-03:00,0.0,1.97,True
2024-04-24T14:00:00-03:00,86510000,2024-04-24T13:45:00-03:00,2024-04-24T13:45:00-03:00,0.0,1.85,True
2024-04-24T15:00:00-03:00,86510000,2024-04-24T14:45:00-03:00,2024-04-24T14:45:00-03:00,0.0,1.77,True
2024-04-24T16:00:00-03:00,86510000,2024-04-24T15:45:00-03:00,2024-04-24T15:45:00-03:00,0.0,1.71,True
2024-04-24T17:00:00-03:00,86510000,2024-04-24T16:45:00-03:00,2024-04-24T16:45:00-03:00,0.0,1.67,True
2024-04-24T18:00:00-03:00,86510000,2024-04-24T17:45:00-03:00,2024-04-24T17:45:00-03:00,0.0,1.64,True
2024-04-24T19:00:00-03:00,86510000,2024-04-24T18:45:00-03:00,2024-04-24T18:45:00-03:00,0.0,1.67,True
2024-04-24T20:00:00-03:00,86510000,2024-04-24T19:45:00-03:00,2024-04-24T19:45:00-03:00,0.0,1.63,True
2024-04-24T21:00:00-03:00,86510000,2024-04-24T20:45:00-03:00,2024-04-24T20:45:00-03:00,0.0,1.66,True
2024-04-24T22:00:00-03:00,86510000,2024-04-24T21:45:00-03:00,2024-04-24T21:45:00-03:00,0.0,1.67,True
2024-04-24T23:00:00-03:00,86510000,2024-04-24T22:45:00-03:00,2024-04-24T22:45:00-03:00,0.0,1.69,True
2024-04-25T00:00:00-03:00,86510000,2024-04-24T23:45:00-03:00,2024-04-24T23:45:00-03:00,0.0,1.77,True
2024-04-25T01:00:00-03:00,86510000,2024-04-25T00:45:00-03:00,2024-04-25T00:45:00-03:00,0.0,1.9,True
2024-04-25T02:00:00-03:00,86510000,2024-04-25T01:45:00-03:00,2024-04-25T01:45:00-03:00,0.0,2.0,True
2024-04-25T03:00:00-03:00,86510000,2024-04-25T02:45:00-03:00,2024-04-25T02:45:00-03:00,0.0,2.03,True
2024-04-25T04:00:00-03:00,86510000,2024-04-25T03:45:00-03:00,2024-04-25T03:45:00-03:00,0.0,2.11,True
2024-04-25T05:00:00-03:00,86510000,2024-04-25T04:45:00-03:00,2024-04-25T04:45:00-03:00,0.0,2.19,True
2024-04-25T06:00:00-03:00,86510000,2024-04-25T05:45:00-03:00,2024-04-25T05:45:00-03:00,0.0,2.26,True
2024-04-25T07:00:00-03:00,86510000,2024-04-25T06:45:00-03:00,2024-04-25T06:45:00-03:00,0.0,2.31,True
2024-04-25T08:00:00-03:00,86510000,2024-04-25T07:45:00-03:00,2024-04-25T07:45:00-03:00,0.0,2.31,True
2024-04-25T09:00:00-03:00,86510000,2024-04-25T08:45:00-03:00,2024-04-25T08:45:00-03:00,0.0,2.26,True
2024-04-25T10:00:00-03:00,86510000,2024-04-25T09:45:00-03:00,2024-04-25T09:45:00-03:00,0.0,2.16,True
2024-04-25T11:00:00-03:00,86510000,2024-04-25T10:45:00-03:00,2024-04-25T10:45:00-03:00,0.0,2.05,True
2024-04-25T12:00:00-03:00,86510000,2024-04-25T11:45:00-03:00,2024-04-25T11:45:00-03:00,0.0,1.91,True
2024-04-25T13:00:00-03:00,86510000,2024-04-25T12:45:00-03:00,2024-04-25T12:45:00-03:00,0.0,1.81,True
2024-04-25T14:00:00-03:00,86510000,2024-04-25T13:45:00-03:00,2024-04-25T13:45:00-03:00,0.0,1.73,True
2024-04-25T15:00:00-03:00,86510000,2024-04-25T14:45:00-03:00,2024-04-25T14:45:00-03:00,0.0,1.65,True
2024-04-25T16:00:00-03:00,86510000,2024-04-25T15:45:00-03:00,2024-04-25T15:45:00-03:00,0.0,1.6,True
2024-04-25T17:00:00-03:00,86510000,2024-04-25T16:45:00-03:00,2024-04-25T16:45:00-03:00,0.0,1.55,True
2024-04-25T18:00:00-03:00,86510000,2024-04-25T17:45:00-03:00,2024-04-25T17:45:00-03:00,0.0,1.55,True
2024-04-25T19:00:00-03:00,86510000,2024-04-25T18:45:00-03:00,2024-04-25T18:45:00-03:00,0.0,1.54,True
2024-04-25T20:00:00-03:00,86510000,2024-04-25T19:45:00-03:00,2024-04-25T19:45:00-03:00,0.0,1.63,True
2024-04-25T21:00:00-03:00,86510000,2024-04-25T20:45:00-03:00,2024-04-25T20:45:00-03:00,0.0,1.74,True
2024-04-25T22:00:00-03:00,86510000,2024-04-25T21:45:00-03:00,2024-04-25T21:45:00-03:00,0.0,1.86,True
2024-04-25T23:00:00-03:00,86510000,2024-04-25T22:45:00-03:00,2024-04-25T22:45:00-03:00,0.0,1.95,True
2024-04-26T00:00:00-03:00,86510000,2024-04-25T23:45:00-03:00,2024-04-25T23:45:00-03:00,0.0,2.03,True
2024-04-26T01:00:00-03:00,86510000,2024-04-26T00:45:00-03:00,2024-04-26T00:45:00-03:00,0.0,2.08,True
2024-04-26T02:00:00-03:00,86510000,2024-04-26T01:45:00-03:00,2024-04-26T01:45:00-03:00,0.0,2.14,True
2024-04-26T03:00:00-03:00,86510000,2024-04-26T02:45:00-03:00,2024-04-26T02:45:00-03:00,0.0,2.18,True
2024-04-26T04:00:00-03:00,86510000,2024-04-26T03:45:00-03:00,2024-04-26T03:45:00-03:00,0.0,2.23,True
2024-04-26T05:00:00-03:00,86510000,2024-04-26T04:45:00-03:00,2024-04-26T04:45:00-03:00,0.0,2.28,True
2024-04-26T06:00:00-03:00,86510000,2024-04-26T05:45:00-03:00,2024-04-26T05:45:00-03:00,0.0,2.32,True
2024-04-26T07:00:00-03:00,86510000,2024-04-26T06:45:00-03:00,2024-04-26T06:45:00-03:00,0.0,2.33,True
2024-04-26T08:00:00-03:00,86510000,2024-04-26T07:45:00-03:00,2024-04-26T07:45:00-03:00,0.0,2.31,True
2024-04-26T09:00:00-03:00,86510000,2024-04-26T08:45:00-03:00,2024-04-26T08:45:00-03:00,0.0,2.24,True
2024-04-26T10:00:00-03:00,86510000,2024-04-26T09:45:00-03:00,2024-04-26T09:45:00-03:00,0.0,2.14,True
2024-04-26T11:00:00-03:00,86510000,2024-04-26T10:45:00-03:00,2024-04-26T10:45:00-03:00,0.0,2.02,True
2024-04-26T12:00:00-03:00,86510000,2024-04-26T11:45:00-03:00,2024-04-26T11:45:00-03:00,0.0,1.9,True
2024-04-26T13:00:00-03:00,86510000,2024-04-26T12:45:00-03:00,2024-04-26T12:45:00-03:00,0.0,1.8,True
2024-04-26T14:00:00-03:00,86510000,2024-04-26T13:45:00-03:00,2024-04-26T13:45:00-03:00,0.0,1.7,True
2024-04-26T15:00:00-03:00,86510000,2024-04-26T14:45:00-03:00,2024-04-26T14:45:00-03:00,0.0,1.62,True
2024-04-26T16:00:00-03:00,86510000,2024-04-26T15:45:00-03:00,2024-04-26T15:45:00-03:00,0.0,1.56,True
2024-04-26T17:00:00-03:00,86510000,2024-04-26T16:45:00-03:00,2024-04-26T16:45:00-03:00,0.0,1.52,True
2024-04-26T18:00:00-03:00,86510000,2024-04-26T17:45:00-03:00,2024-04-26T17:45:00-03:00,0.0,1.5,True
2024-04-26T19:00:00-03:00,86510000,2024-04-26T18:45:00-03:00,2024-04-26T18:45:00-03:00,0.0,1.5,True
2024-04-26T20:00:00-03:00,86510000,2024-04-26T19:45:00-03:00,2024-04-26T19:45:00-03:00,0.0,1.53,True
2024-04-26T21:00:00-03:00,86510000,2024-04-26T20:45:00-03:00,2024-04-26T20:45:00-03:00,0.0,1.6,True
2024-04-26T22:00:00-03:00,86510000,2024-04-26T21:45:00-03:00,2024-04-26T21:45:00-03:00,0.0,1.72,True
2024-04-26T23:00:00-03:00,86510000,2024-04-26T22:45:00-03:00,2024-04-26T22:45:00-03:00,0.0,1.85,True
2024-04-27T00:00:00-03:00,86510000,2024-04-26T23:45:00-03:00,2024-04-26T23:45:00-03:00,0.0,1.95,True
2024-04-27T01:00:00-03:00,86510000,2024-04-27T00:45:00-03:00,2024-04-27T00:45:00-03:00,0.0,2.01,True
2024-04-27T02:00:00-03:00,86510000,2024-04-27T01:45:00-03:00,2024-04-27T01:45:00-03:00,0.0,2.05,True
2024-04-27T03:00:00-03:00,86510000,2024-04-27T02:45:00-03:00,2024-04-27T02:45:00-03:00,0.0,2.1,True
2024-04-27T04:00:00-03:00,86510000,2024-04-27T03:45:00-03:00,2024-04-27T03:45:00-03:00,0.0,2.17,True
2024-04-27T05:00:00-03:00,86510000,2024-04-27T04:45:00-03:00,2024-04-27T04:45:00-03:00,0.0,2.24,True
2024-04-27T06:00:00-03:00,86510000,2024-04-27T05:45:00-03:00,2024-04-27T05:45:00-03:00,0.0,2.31,True
2024-04-27T07:00:00-03:00,86510000,2024-04-27T06:45:00-03:00,2024-04-27T06:45:00-03:00,0.0,2.35,True
2024-04-27T08:00:00-03:00,86510000,2024-04-27T07:45:00-03:00,2024-04-27T07:45:00-03:00,0.0,2.37,True
2024-04-27T09:00:00-03:00,86510000,2024-04-27T08:45:00-03:00,2024-04-27T08:45:00-03:00,0.0,2.33,True
2024-04-27T10:00:00-03:00,86510000,2024-04-27T09:45:00-03:00,2024-04-27T09:45:00-03:00,0.0,2.23,True
2024-04-27T11:00:00-03:00,86510000,2024-04-27T10:45:00-03:00,2024-04-27T10:45:00-03:00,0.0,2.16,True
2024-04-27T12:00:00-03:00,86510000,2024-04-27T11:45:00-03:00,2024-04-27T11:45:00-03:00,0.0,2.06,True
2024-04-27T13:00:00-03:00,86510000,2024-04-27T12:45:00-03:00,2024-04-27T12:45:00-03:00,0.0,2.0,True
2024-04-27T14:00:00-03:00,86510000,2024-04-27T13:45:00-03:00,2024-04-27T13:45:00-03:00,0.0,1.93,True
2024-04-27T15:00:00-03:00,86510000,2024-04-27T14:45:00-03:00,2024-04-27T14:45:00-03:00,0.0,1.86,True
2024-04-27T16:00:00-03:00,86510000,2024-04-27T15:45:00-03:00,2024-04-27T15:45:00-03:00,0.0,1.79,True
2024-04-27T17:00:00-03:00,86510000,2024-04-27T16:45:00-03:00,2024-04-27T16:45:00-03:00,0.0,1.71,True
2024-04-27T18:00:00-03:00,86510000,2024-04-27T17:45:00-03:00,2024-04-27T17:45:00-03:00,0.0,1.68,True
2024-04-27T19:00:00-03:00,86510000,2024-04-27T18:45:00-03:00,2024-04-27T18:45:00-03:00,0.0,1.67,True
2024-04-27T20:00:00-03:00,86510000,2024-04-27T19:45:00-03:00,2024-04-27T19:45:00-03:00,0.0,1.68,True
2024-04-27T21:00:00-03:00,86510000,2024-04-27T20:45:00-03:00,2024-04-27T20:45:00-03:00,0.0,1.74,True
2024-04-27T22:00:00-03:00,86510000,2024-04-27T21:45:00-03:00,2024-04-27T21:45:00-03:00,0.0,1.96,True
2024-04-27T23:00:00-03:00,86510000,2024-04-27T22:45:00-03:00,2024-04-27T22:45:00-03:00,0.0,2.34,True
2024-04-28T00:00:00-03:00,86510000,2024-04-27T23:45:00-03:00,2024-04-27T23:45:00-03:00,0.0,2.7,True
2024-04-28T01:00:00-03:00,86510000,2024-04-28T00:45:00-03:00,2024-04-28T00:45:00-03:00,0.0,2.76,True
2024-04-28T02:00:00-03:00,86510000,2024-04-28T01:45:00-03:00,2024-04-28T01:45:00-03:00,0.0,2.76,True
2024-04-28T03:00:00-03:00,86510000,2024-04-28T02:45:00-03:00,2024-04-28T02:45:00-03:00,0.0,2.84,True
2024-04-28T04:00:00-03:00,86510000,2024-04-28T03:45:00-03:00,2024-04-28T03:45:00-03:00,0.0,2.92,True
2024-04-28T05:00:00-03:00,86510000,2024-04-28T04:45:00-03:00,2024-04-28T04:45:00-03:00,0.0,3.01,True
2024-04-28T06:00:00-03:00,86510000,2024-04-28T05:45:00-03:00,2024-04-28T05:45:00-03:00,0.0,3.12,True
2024-04-28T07:00:00-03:00,86510000,2024-04-28T06:45:00-03:00,2024-04-28T06:45:00-03:00,0.0,3.22,True
2024-04-28T08:00:00-03:00,86510000,2024-04-28T07:45:00-03:00,2024-04-28T07:45:00-03:00,0.0,3.29,True
2024-04-28T09:00:00-03:00,86510000,2024-04-28T08:45:00-03:00,2024-04-28T08:45:00-03:00,0.0,3.35,True
2024-04-28T10:00:00-03:00,86510000,2024-04-28T09:45:00-03:00,2024-04-28T09:45:00-03:00,0.0,3.42,True
2024-04-28T11:00:00-03:00,86510000,2024-04-28T10:45:00-03:00,2024-04-28T10:45:00-03:00,0.0,3.43,True
2024-04-28T12:00:00-03:00,86510000,2024-04-28T11:45:00-03:00,2024-04-28T11:45:00-03:00,0.0,3.45,True
2024-04-28T13:00:00-03:00,86510000,2024-04-28T12:45:00-03:00,2024-04-28T12:45:00-03:00,0.0,3.37,True
2024-04-28T14:00:00-03:00,86510000,2024-04-28T13:45:00-03:00,2024-04-28T13:45:00-03:00,0.0,3.23,True
2024-04-28T15:00:00-03:00,86510000,2024-04-28T14:45:00-03:00,2024-04-28T14:45:00-03:00,0.0,3.06,True
2024-04-28T16:00:00-03:00,86510000,2024-04-28T15:45:00-03:00,2024-04-28T15:45:00-03:00,0.0,2.89,True
2024-04-28T17:00:00-03:00,86510000,2024-04-28T16:45:00-03:00,2024-04-28T16:45:00-03:00,0.0,2.7,True
2024-04-28T18:00:00-03:00,86510000,2024-04-28T17:45:00-03:00,2024-04-28T17:45:00-03:00,0.0,2.56,True
2024-04-28T19:00:00-03:00,86510000,2024-04-28T18:45:00-03:00,2024-04-28T18:45:00-03:00,0.0,2.44,True
2024-04-28T20:00:00-03:00,86510000,2024-04-28T19:45:00-03:00,2024-04-28T19:45:00-03:00,0.0,2.36,True
2024-04-28T21:00:00-03:00,86510000,2024-04-28T20:45:00-03:00,2024-04-28T20:45:00-03:00,0.0,2.39,True
2024-04-28T22:00:00-03:00,86510000,2024-04-28T21:45:00-03:00,2024-04-28T21:45:00-03:00,0.0,2.62,True
2024-04-28T23:00:00-03:00,86510000,2024-04-28T22:45:00-03:00,2024-04-28T22:45:00-03:00,0.0,3.01,True
2024-04-29T00:00:00-03:00,86510000,2024-04-28T23:45:00-03:00,2024-04-28T23:45:00-03:00,0.0,3.29,True
2024-04-29T01:00:00-03:00,86510000,2024-04-29T00:45:00-03:00,2024-04-29T00:45:00-03:00,0.0,3.44,True
2024-04-29T02:00:00-03:00,86510000,2024-04-29T01:45:00-03:00,2024-04-29T01:45:00-03:00,0.0,3.51,True
2024-04-29T03:00:00-03:00,86510000,2024-04-29T02:45:00-03:00,2024-04-29T02:45:00-03:00,0.0,3.54,True
2024-04-29T04:00:00-03:00,86510000,2024-04-29T03:45:00-03:00,2024-04-29T03:45:00-03:00,0.0,3.56,True
2024-04-29T05:00:00-03:00,86510000,2024-04-29T04:45:00-03:00,2024-04-29T04:45:00-03:00,0.0,3.57,True
2024-04-29T06:00:00-03:00,86510000,2024-04-29T05:45:00-03:00,2024-04-29T05:45:00-03:00,0.0,3.58,True
2024-04-29T07:00:00-03:00,86510000,2024-04-29T06:45:00-03:00,2024-04-29T06:45:00-03:00,0.0,3.58,True
2024-04-29T08:00:00-03:00,86510000,2024-04-29T07:45:00-03:00,2024-04-29T07:45:00-03:00,0.0,3.59,True
2024-04-29T09:00:00-03:00,86510000,2024-04-29T08:45:00-03:00,2024-04-29T08:45:00-03:00,0.0,3.58,True
2024-04-29T10:00:00-03:00,86510000,2024-04-29T09:45:00-03:00,2024-04-29T09:45:00-03:00,0.0,3.62,True
2024-04-29T11:00:00-03:00,86510000,2024-04-29T10:45:00-03:00,2024-04-29T10:45:00-03:00,0.0,3.62,True
2024-04-29T12:00:00-03:00,86510000,2024-04-29T11:45:00-03:00,2024-04-29T11:45:00-03:00,0.0,3.62,True
2024-04-29T13:00:00-03:00,86510000,2024-04-29T12:45:00-03:00,2024-04-29T12:45:00-03:00,0.0,3.58,True
2024-04-29T14:00:00-03:00,86510000,2024-04-29T13:45:00-03:00,2024-04-29T13:45:00-03:00,0.0,3.48,True
2024-04-29T15:00:00-03:00,86510000,2024-04-29T14:45:00-03:00,2024-04-29T14:45:00-03:00,0.0,3.43,True
2024-04-29T16:00:00-03:00,86510000,2024-04-29T15:45:00-03:00,2024-04-29T15:45:00-03:00,0.0,3.46,True
2024-04-29T17:00:00-03:00,86510000,2024-04-29T16:45:00-03:00,2024-04-29T16:45:00-03:00,0.0,3.52,True
2024-04-29T18:00:00-03:00,86510000,2024-04-29T17:45:00-03:00,2024-04-29T17:45:00-03:00,0.0,3.66,True
2024-04-29T19:00:00-03:00,86510000,2024-04-29T18:45:00-03:00,2024-04-29T18:45:00-03:00,0.0,3.82,True
2024-04-29T20:00:00-03:00,86510000,2024-04-29T19:45:00-03:00,2024-04-29T19:45:00-03:00,0.0,4.15,True
2024-04-29T21:00:00-03:00,86510000,2024-04-29T20:45:00-03:00,2024-04-29T20:45:00-03:00,0.0,4.65,True
2024-04-29T22:00:00-03:00,86510000,2024-04-29T21:45:00-03:00,2024-04-29T21:45:00-03:00,0.0,5.23,True
2024-04-29T23:00:00-03:00,86510000,2024-04-29T22:45:00-03:00,2024-04-29T22:45:00-03:00,0.0,5.89,True
2024-04-30T00:00:00-03:00,86510000,2024-04-29T23:45:00-03:00,2024-04-29T23:45:00-03:00,0.0,6.19,True
2024-04-30T01:00:00-03:00,86510000,2024-04-30T00:45:00-03:00,2024-04-30T00:45:00-03:00,0.0,6.32,True
2024-04-30T02:00:00-03:00,86510000,2024-04-30T01:45:00-03:00,2024-04-30T01:45:00-03:00,0.0,6.36,True
2024-04-30T03:00:00-03:00,86510000,2024-04-30T02:45:00-03:00,2024-04-30T02:45:00-03:00,0.0,6.45,True
2024-04-30T04:00:00-03:00,86510000,2024-04-30T03:45:00-03:00,2024-04-30T03:45:00-03:00,0.0,6.4,True
2024-04-30T05:00:00-03:00,86510000,2024-04-30T04:45:00-03:00,2024-04-30T04:45:00-03:00,0.0,6.39,True
2024-04-30T06:00:00-03:00,86510000,2024-04-30T05:45:00-03:00,2024-04-30T05:45:00-03:00,0.0,6.61,True
2024-04-30T07:00:00-03:00,86510000,2024-04-30T06:45:00-03:00,2024-04-30T06:45:00-03:00,0.0,7.29,True
2024-04-30T08:00:00-03:00,86510000,2024-04-30T07:45:00-03:00,2024-04-30T07:45:00-03:00,0.0,8.15,True
2024-04-30T09:00:00-03:00,86510000,2024-04-30T08:45:00-03:00,2024-04-30T08:45:00-03:00,0.0,8.97,True
2024-04-30T10:00:00-03:00,86510000,2024-04-30T09:45:00-03:00,2024-04-30T09:45:00-03:00,0.0,9.77,True
2024-04-30T11:00:00-03:00,86510000,2024-04-30T10:45:00-03:00,2024-04-30T10:45:00-03:00,0.0,10.21,True
2024-04-30T12:00:00-03:00,86510000,2024-04-30T11:45:00-03:00,2024-04-30T11:45:00-03:00,0.0,10.51,True
2024-04-30T13:00:00-03:00,86510000,2024-04-30T12:45:00-03:00,2024-04-30T12:45:00-03:00,0.0,10.87,True
2024-04-30T14:00:00-03:00,86510000,2024-04-30T13:45:00-03:00,2024-04-30T13:45:00-03:00,0.0,11.42,True
2024-04-30T15:00:00-03:00,86510000,2024-04-30T14:45:00-03:00,2024-04-30T14:45:00-03:00,0.0,12.15,True
2024-04-30T16:00:00-03:00,86510000,2024-04-30T15:45:00-03:00,2024-04-30T15:45:00-03:00,0.0,13.07,True
2024-04-30T17:00:00-03:00,86510000,2024-04-30T16:45:00-03:00,2024-04-30T16:45:00-03:00,0.0,13.9,True
2024-04-30T18:00:00-03:00,86510000,2024-04-30T17:45:00-03:00,2024-04-30T17:45:00-03:00,0.0,14.5,True
2024-04-30T19:00:00-03:00,86510000,2024-04-30T18:45:00-03:00,2024-04-30T18:45:00-03:00,0.0,14.83,True
2024-04-30T20:00:00-03:00,86510000,2024-04-30T19:45:00-03:00,2024-04-30T19:45:00-03:00,0.0,14.91,True
2024-04-30T21:00:00-03:00,86510000,2024-04-30T20:45:00-03:00,2024-04-30T20:45:00-03:00,0.0,14.95,True
2024-04-30T22:00:00-03:00,86510000,2024-04-30T21:45:00-03:00,2024-04-30T21:45:00-03:00,0.0,14.96,True
2024-04-30T23:00:00-03:00,86510000,2024-04-30T22:45:00-03:00,2024-04-30T22:45:00-03:00,0.0,14.96,True
2024-05-01T00:00:00-03:00,86510000,2024-04-30T23:45:00-03:00,2024-04-30T23:45:00-03:00,0.0,14.87,True
2024-05-01T01:00:00-03:00,86510000,2024-05-01T00:45:00-03:00,2024-05-01T00:45:00-03:00,0.0,14.64,True
2024-05-01T02:00:00-03:00,86510000,2024-05-01T01:45:00-03:00,2024-05-01T01:45:00-03:00,0.0,14.36,True
2024-05-01T03:00:00-03:00,86510000,2024-05-01T02:45:00-03:00,2024-05-01T02:45:00-03:00,0.0,14.11,True
2024-05-01T04:00:00-03:00,86510000,2024-05-01T03:45:00-03:00,2024-05-01T03:45:00-03:00,0.0,13.89,True
2024-05-01T05:00:00-03:00,86510000,2024-05-01T04:45:00-03:00,2024-05-01T04:45:00-03:00,0.0,13.7,True
2024-05-01T06:00:00-03:00,86510000,2024-05-01T05:45:00-03:00,2024-05-01T05:45:00-03:00,0.0,14.01,True
2024-05-01T07:00:00-03:00,86510000,2024-05-01T06:45:00-03:00,2024-05-01T06:45:00-03:00,0.0,14.21,True
2024-05-01T08:00:00-03:00,86510000,2024-05-01T07:45:00-03:00,2024-05-01T07:45:00-03:00,0.0,14.38,True
2024-05-01T09:00:00-03:00,86510000,2024-05-01T08:45:00-03:00,2024-05-01T08:45:00-03:00,0.0,14.68,True
2024-05-01T10:00:00-03:00,86510000,2024-05-01T09:45:00-03:00,2024-05-01T09:45:00-03:00,0.0,15.11,True
2024-05-01T11:00:00-03:00,86510000,2024-05-01T10:45:00-03:00,2024-05-01T10:45:00-03:00,0.0,15.67,True
2024-05-01T12:00:00-03:00,86510000,2024-05-01T11:45:00-03:00,2024-05-01T11:45:00-03:00,0.0,16.63,True
2024-05-01T13:00:00-03:00,86510000,2024-05-01T12:45:00-03:00,2024-05-01T12:45:00-03:00,0.0,18.45,True
2024-05-01T14:00:00-03:00,86510000,2024-05-01T13:45:00-03:00,2024-05-01T13:45:00-03:00,0.0,20.36,True
2024-05-01T15:00:00-03:00,86510000,2024-05-01T14:45:00-03:00,2024-05-01T14:45:00-03:00,0.0,21.64,True
2024-05-01T16:00:00-03:00,86510000,2024-05-01T15:45:00-03:00,2024-05-01T15:45:00-03:00,0.0,22.31,True
2024-05-01T17:00:00-03:00,86510000,2024-05-01T16:45:00-03:00,2024-05-01T16:45:00-03:00,0.0,22.83,True
2024-05-01T18:00:00-03:00,86510000,2024-05-01T17:45:00-03:00,2024-05-01T17:45:00-03:00,0.0,23.14,True
2024-05-01T19:00:00-03:00,86510000,2024-05-01T18:45:00-03:00,2024-05-01T18:45:00-03:00,0.0,23.44,True
2024-05-01T20:00:00-03:00,86510000,2024-05-01T19:45:00-03:00,2024-05-01T19:45:00-03:00,0.0,23.69,True
2024-05-01T21:00:00-03:00,86510000,2024-05-01T20:45:00-03:00,2024-05-01T20:45:00-03:00,0.0,23.8,True
2024-05-01T22:00:00-03:00,86510000,2024-05-01T21:45:00-03:00,2024-05-01T21:45:00-03:00,0.0,23.79,True
2024-05-01T23:00:00-03:00,86510000,2024-05-01T22:45:00-03:00,2024-05-01T22:45:00-03:00,0.0,23.69,True
