id_subsistema;nom_subsistema;tip_reservatorio;nom_bacia;id_reservatorio;nom_reservatorio;cod_usina;din_instante;val_nivelmontante;val_niveljusante;val_volumeutil;val_vazaoafluente;val_vazaodefluente;val_vazaoturbinada;val_vazaovertida;val_vazaooutrasestruturas;val_vazaotransferida;val_vazaovertidanaoturbinavel
S ;Sul;Fio dagua                               ;JACUI          ;JIUHQJ;14 DE JULHO         ;99;2026-07-01 01:00:00;104.5;71.34;149.89;432.0;480.0;323.0;127.0;30.0;0.0;11.0
S ;Sul;Fio dagua                               ;JACUI          ;JIUHQJ;14 DE JULHO         ;99;2026-07-01 02:00:00;104.48;71.3;147.9;440.0;472.0;323.0;119.0;30.0;0.0;11.0
S ;Sul;Fio dagua                               ;JACUI          ;JIUHQJ;14 DE JULHO         ;99;2026-07-01 03:00:00;104.53;70.9;152.89;526.0;446.0;275.0;140.0;30.0;0.0;54.0
S ;Sul;Fio dagua                               ;JACUI          ;JIUHQJ;14 DE JULHO         ;99;2026-07-01 04:00:00;104.52;70.67;151.89;308.0;324.0;158.0;136.0;30.0;0.0;135.0
S ;Sul;Fio dagua                               ;JACUI          ;JIUHQJ;14 DE JULHO         ;99;2026-07-01 05:00:00;104.51;70.64;150.89;304.0;320.0;158.0;131.0;30.0;0.0;131.0
S ;Sul;Fio dagua                               ;JACUI          ;JIUHQJ;14 DE JULHO         ;99;2026-07-01 06:00:00;104.41;71.21;140.91;275.0;436.0;313.0;93.0;30.0;0.0;20.0
S ;Sul;Fio dagua                               ;JACUI          ;JIUHQJ;14 DE JULHO         ;99;2026-07-01 07:00:00;104.44;71.24;143.91;505.0;457.0;322.0;104.0;30.0;0.0;11.0
S ;Sul;Fio dagua                               ;JACUI          ;JIUHQJ;14 DE JULHO         ;99;2026-07-01 08:00:00;104.47;71.2;146.9;513.0;465.0;319.0;116.0;30.0;0.0;13.0
S ;Sul;Fio dagua                               ;JACUI          ;JIUHQJ;14 DE JULHO         ;99;2026-07-01 09:00:00;104.49;71.21;148.9;506.0;474.0;320.0;123.0;30.0;0.0;12.0
S ;Sul;Fio dagua                               ;JACUI          ;JIUHQJ;14 DE JULHO         ;99;2026-07-01 10:00:00;104.53;70.98;152.89;536.0;472.0;301.0;140.0;30.0;0.0;28.0
S ;Sul;Fio dagua                               ;JACUI          ;JIUHQJ;14 DE JULHO         ;99;2026-07-01 11:00:00;104.55;70.02;154.88;212.0;179.0;0.0;149.0;30.0;0.0;148.0
S ;Sul;Fio dagua                               ;JACUI          ;JIUHQJ;14 DE JULHO         ;99;2026-07-01 12:00:00;104.57;69.94;156.88;220.0;188.0;0.0;158.0;30.0;0.0;157.0
S ;Sul;Fio dagua                               ;JACUI          ;JIUHQJ;14 DE JULHO         ;99;2026-07-01 13:00:00;104.56;69.89;155.88;168.0;184.0;0.0;153.0;30.0;0.0;153.0
S ;Sul;Fio dagua                               ;JACUI          ;JIUHQJ;14 DE JULHO         ;99;2026-07-01 14:00:00;104.6;69.9;159.87;266.0;201.0;0.0;171.0;30.0;0.0;171.0
S ;Sul;Fio dagua                               ;JACUI          ;JIUHQJ;14 DE JULHO         ;99;2026-07-01 15:00:00;104.57;70.97;156.88;275.0;323.0;135.0;158.0;30.0;0.0;157.0
S ;Sul;Fio dagua                               ;JACUI          ;JIUHQJ;14 DE JULHO         ;99;2026-07-01 16:00:00;104.64;71.3;163.86;654.0;541.0;320.0;191.0;30.0;0.0;12.0
S ;Sul;Fio dagua                               ;JACUI          ;JIUHQJ;14 DE JULHO         ;99;2026-07-01 17:00:00;104.71;71.4;170.85;690.0;577.0;321.0;226.0;31.0;0.0;11.0
S ;Sul;Fio dagua                               ;JACUI          ;JIUHQJ;14 DE JULHO         ;99;2026-07-01 18:00:00;104.72;71.48;171.85;599.0;583.0;322.0;231.0;31.0;0.0;11.0
S ;Sul;Fio dagua                               ;JACUI          ;JIUHQJ;14 DE JULHO         ;99;2026-07-01 19:00:00;104.68;71.51;167.86;498.0;563.0;322.0;210.0;31.0;0.0;12.0
S ;Sul;Fio dagua                               ;JACUI          ;JIUHQJ;14 DE JULHO         ;99;2026-07-01 20:00:00;104.66;71.52;165.86;521.0;553.0;322.0;200.0;31.0;0.0;12.0
S ;Sul;Fio dagua                               ;JACUI          ;JIUHQJ;14 DE JULHO         ;99;2026-07-01 21:00:00;104.62;71.5;161.87;469.0;534.0;322.0;181.0;30.0;0.0;12.0
S ;Sul;Fio dagua                               ;JACUI          ;JIUHQJ;14 DE JULHO         ;99;2026-07-01 22:00:00;104.61;71.43;160.87;512.0;528.0;322.0;176.0;30.0;0.0;12.0
S ;Sul;Fio dagua                               ;JACUI          ;JIUHQJ;14 DE JULHO         ;99;2026-07-01 23:00:00;104.6;71.4;159.87;507.0;523.0;321.0;171.0;30.0;0.0;12.0
S ;Sul;Fio dagua                               ;JACUI          ;JIUHQJ;14 DE JULHO         ;99;2026-07-01 23:59:00;104.61;71.4;160.87;543.0;527.0;320.0;176.0;30.0;0.0;13.0
S ;Sul;Fio dagua                               ;JACUI          ;JIUHQJ;14 DE JULHO         ;99;2026-07-02 01:00:00;104.76;70.34;175.84;599.0;358.0;74.0;253.0;31.0;0.0;248.0
S ;Sul;Fio dagua                               ;JACUI          ;JIUHQJ;14 DE JULHO         ;99;2026-07-02 02:00:00;104.79;70.32;178.83;349.0;300.0;0.0;270.0;31.0;0.0;269.0
S ;Sul;Fio dagua                               ;JACUI          ;JIUHQJ;14 DE JULHO         ;99;2026-07-02 03:00:00;104.85;70.42;184.82;433.0;336.0;0.0;305.0;31.0;0.0;305.0
S ;Sul;Fio dagua                               ;JACUI          ;JIUHQJ;14 DE JULHO         ;99;2026-07-02 04:00:00;104.98;70.75;197.79;628.0;418.0;0.0;387.0;31.0;0.0;323.0
S ;Sul;Fio dagua                               ;JACUI          ;JIUHQJ;14 DE JULHO         ;99;2026-07-02 05:00:00;105.16;70.81;221.02;833.0;543.0;0.0;512.0;31.0;0.0;322.0
S ;Sul;Fio dagua                               ;JACUI          ;JIUHQJ;14 DE JULHO         ;99;2026-07-02 06:00:00;105.11;72.01;214.38;633.0;714.0;207.0;475.0;31.0;0.0;127.0
S ;Sul;Fio dagua                               ;JACUI          ;JIUHQJ;14 DE JULHO         ;99;2026-07-02 07:00:00;105.23;72.2;230.31;1116.0;923.0;327.0;564.0;32.0;0.0;8.0
S ;Sul;Fio dagua                               ;JACUI          ;JIUHQJ;14 DE JULHO         ;99;2026-07-02 08:00:00;105.39;71.69;251.54;1243.0;985.0;260.0;693.0;32.0;0.0;68.0
S ;Sul;Fio dagua                               ;JACUI          ;JIUHQJ;14 DE JULHO         ;99;2026-07-02 09:00:00;105.35;71.64;246.23;627.0;692.0;0.0;660.0;32.0;0.0;328.0
S ;Sul;Fio dagua                               ;JACUI          ;JIUHQJ;14 DE JULHO         ;99;2026-07-02 10:00:00;105.35;71.61;246.23;692.0;692.0;0.0;660.0;32.0;0.0;328.0
S ;Sul;Fio dagua                               ;JACUI          ;JIUHQJ;14 DE JULHO         ;99;2026-07-02 11:00:00;105.47;71.62;262.15;987.0;794.0;0.0;762.0;32.0;0.0;327.0
S ;Sul;Fio dagua                               ;JACUI          ;JIUHQJ;14 DE JULHO         ;99;2026-07-02 12:00:00;105.57;71.89;275.42;1253.0;1092.0;0.0;1060.0;32.0;0.0;328.0
S ;Sul;Fio dagua                               ;JACUI          ;JIUHQJ;14 DE JULHO         ;99;2026-07-02 13:00:00;105.52;72.37;268.79;1172.0;1252.0;0.0;1220.0;32.0;0.0;334.0
S ;Sul;Fio dagua                               ;JACUI          ;JIUHQJ;14 DE JULHO         ;99;2026-07-02 14:00:00;105.47;72.69;262.15;1127.0;1207.0;0.0;1176.0;32.0;0.0;338.0
S ;Sul;Fio dagua                               ;JACUI          ;JIUHQJ;14 DE JULHO         ;99;2026-07-02 15:00:00;105.36;73.32;247.56;1172.0;1349.0;236.0;1081.0;32.0;0.0;109.0
S ;Sul;Fio dagua                               ;JACUI          ;JIUHQJ;14 DE JULHO         ;99;2026-07-02 16:00:00;105.41;73.34;254.19;1567.0;1487.0;332.0;1123.0;32.0;0.0;13.0
S ;Sul;Fio dagua                               ;JACUI          ;JIUHQJ;14 DE JULHO         ;99;2026-07-02 17:00:00;105.47;73.42;262.15;1637.0;1541.0;333.0;1176.0;32.0;0.0;12.0
S ;Sul;Fio dagua                               ;JACUI          ;JIUHQJ;14 DE JULHO         ;99;2026-07-02 18:00:00;105.52;73.52;268.79;1666.0;1586.0;334.0;1220.0;32.0;0.0;12.0
S ;Sul;Fio dagua                               ;JACUI          ;JIUHQJ;14 DE JULHO         ;99;2026-07-02 19:00:00;105.59;73.58;278.08;1763.0;1650.0;333.0;1285.0;32.0;0.0;13.0
S ;Sul;Fio dagua                               ;JACUI          ;JIUHQJ;14 DE JULHO         ;99;2026-07-02 20:00:00;105.68;73.8;290.02;1987.0;1842.0;334.0;1475.0;32.0;0.0;13.0
S ;Sul;Fio dagua                               ;JACUI          ;JIUHQJ;14 DE JULHO         ;99;2026-07-02 21:00:00;105.69;73.96;291.35;2074.0;2058.0;337.0;1689.0;32.0;0.0;12.0
S ;Sul;Fio dagua                               ;JACUI          ;JIUHQJ;14 DE JULHO         ;99;2026-07-02 22:00:00;105.69;74.35;291.35;2062.0;2062.0;341.0;1689.0;32.0;0.0;12.0
S ;Sul;Fio dagua                               ;JACUI          ;JIUHQJ;14 DE JULHO         ;99;2026-07-02 23:00:00;105.6;74.37;279.41;1829.0;1974.0;342.0;1600.0;32.0;0.0;13.0
S ;Sul;Fio dagua                               ;JACUI          ;JIUHQJ;14 DE JULHO         ;99;2026-07-02 23:59:00;105.63;74.33;283.39;2051.0;2002.0;340.0;1630.0;32.0;0.0;13.0
S ;Sul;Fio dagua                               ;JACUI          ;JIUHQJ;14 DE JULHO         ;99;2026-07-03 01:00:00;105.68;74.35;290.02;2130.0;2050.0;338.0;1679.0;32.0;0.0;15.0
S ;Sul;Fio dagua                               ;JACUI          ;JIUHQJ;14 DE JULHO         ;99;2026-07-03 02:00:00;105.74;74.15;297.98;2275.0;2178.0;1.0;2144.0;32.0;0.0;349.0
S ;Sul;Fio dagua                               ;JACUI          ;JIUHQJ;14 DE JULHO         ;99;2026-07-03 03:00:00;105.71;74.45;294.0;2197.0;2246.0;0.0;2213.0;32.0;0.0;354.0
S ;Sul;Fio dagua                               ;JACUI          ;JIUHQJ;14 DE JULHO         ;99;2026-07-03 04:00:00;105.69;74.46;291.35;2193.0;2225.0;0.0;2193.0;32.0;0.0;354.0
S ;Sul;Fio dagua                               ;JACUI          ;JIUHQJ;14 DE JULHO         ;99;2026-07-03 05:00:00;105.69;74.45;291.35;2225.0;2225.0;0.0;2193.0;32.0;0.0;354.0
S ;Sul;Fio dagua                               ;JACUI          ;JIUHQJ;14 DE JULHO         ;99;2026-07-03 06:00:00;105.51;74.89;267.46;2051.0;2341.0;290.0;2018.0;32.0;0.0;71.0
S ;Sul;Fio dagua                               ;JACUI          ;JIUHQJ;14 DE JULHO         ;99;2026-07-03 07:00:00;105.49;74.73;264.81;1943.0;1975.0;343.0;1600.0;32.0;0.0;16.0
S ;Sul;Fio dagua                               ;JACUI          ;JIUHQJ;14 DE JULHO         ;99;2026-07-03 08:00:00;105.57;74.42;275.42;2178.0;2049.0;343.0;1674.0;32.0;0.0;12.0
S ;Sul;Fio dagua                               ;JACUI          ;JIUHQJ;14 DE JULHO         ;99;2026-07-03 09:00:00;105.62;74.32;282.06;2176.0;2095.0;341.0;1722.0;32.0;0.0;12.0
S ;Sul;Fio dagua                               ;JACUI          ;JIUHQJ;14 DE JULHO         ;99;2026-07-03 10:00:00;105.64;74.4;284.71;2148.0;2116.0;342.0;1741.0;32.0;0.0;12.0
S ;Sul;Fio dagua                               ;JACUI          ;JIUHQJ;14 DE JULHO         ;99;2026-07-03 11:00:00;105.65;74.44;286.04;2142.0;2126.0;342.0;1751.0;32.0;0.0;12.0
S ;Sul;Fio dagua                               ;JACUI          ;JIUHQJ;14 DE JULHO         ;99;2026-07-03 12:00:00;105.65;74.43;286.04;2125.0;2125.0;342.0;1751.0;32.0;0.0;13.0
S ;Sul;Fio dagua                               ;JACUI          ;JIUHQJ;14 DE JULHO         ;99;2026-07-03 13:00:00;105.64;74.43;284.71;2099.0;2115.0;342.0;1741.0;32.0;0.0;13.0
S ;Sul;Fio dagua                               ;JACUI          ;JIUHQJ;14 DE JULHO         ;99;2026-07-03 14:00:00;105.63;74.44;283.39;2090.0;2106.0;342.0;1732.0;32.0;0.0;12.0
S ;Sul;Fio dagua                               ;JACUI          ;JIUHQJ;14 DE JULHO         ;99;2026-07-03 15:00:00;105.61;74.42;280.73;2053.0;2085.0;341.0;1712.0;32.0;0.0;14.0
S ;Sul;Fio dagua                               ;JACUI          ;JIUHQJ;14 DE JULHO         ;99;2026-07-03 16:00:00;105.62;74.38;282.06;2112.0;2096.0;342.0;1722.0;32.0;0.0;12.0
S ;Sul;Fio dagua                               ;JACUI          ;JIUHQJ;14 DE JULHO         ;99;2026-07-03 17:00:00;105.71;74.42;294.0;2331.0;2186.0;343.0;1811.0;32.0;0.0;11.0
S ;Sul;Fio dagua                               ;JACUI          ;JIUHQJ;14 DE JULHO         ;99;2026-07-03 18:00:00;105.66;74.48;287.37;2056.0;2137.0;343.0;1761.0;32.0;0.0;11.0
S ;Sul;Fio dagua                               ;JACUI          ;JIUHQJ;14 DE JULHO         ;99;2026-07-03 19:00:00;105.56;74.4;274.1;1879.0;2040.0;343.0;1665.0;32.0;0.0;12.0
S ;Sul;Fio dagua                               ;JACUI          ;JIUHQJ;14 DE JULHO         ;99;2026-07-03 20:00:00;105.44;74.28;258.17;1737.0;1930.0;343.0;1556.0;32.0;0.0;12.0
S ;Sul;Fio dagua                               ;JACUI          ;JIUHQJ;14 DE JULHO         ;99;2026-07-03 21:00:00;105.38;74.12;250.21;1781.0;1878.0;343.0;1503.0;32.0;0.0;11.0
S ;Sul;Fio dagua                               ;JACUI          ;JIUHQJ;14 DE JULHO         ;99;2026-07-03 22:00:00;105.46;73.97;260.83;1668.0;1540.0;341.0;1167.0;32.0;0.0;10.0
S ;Sul;Fio dagua                               ;JACUI          ;JIUHQJ;14 DE JULHO         ;99;2026-07-03 23:00:00;105.54;73.63;271.44;1735.0;1607.0;336.0;1239.0;32.0;0.0;11.0
S ;Sul;Fio dagua                               ;JACUI          ;JIUHQJ;14 DE JULHO         ;99;2026-07-03 23:59:00;105.58;73.66;276.75;1707.0;1643.0;335.0;1275.0;32.0;0.0;11.0
S ;Sul;Fio dagua                               ;JACUI          ;JIUHQJ;14 DE JULHO         ;99;2026-07-04 01:00:00;105.58;73.69;276.75;1643.0;1643.0;336.0;1275.0;32.0;0.0;11.0
S ;Sul;Fio dagua                               ;JACUI          ;JIUHQJ;14 DE JULHO         ;99;2026-07-04 02:00:00;105.55;73.67;272.77;1567.0;1615.0;336.0;1248.0;32.0;0.0;12.0
S ;Sul;Fio dagua                               ;JACUI          ;JIUHQJ;14 DE JULHO         ;99;2026-07-04 03:00:00;105.52;73.64;268.79;1539.0;1587.0;335.0;1220.0;32.0;0.0;12.0
S ;Sul;Fio dagua                               ;JACUI          ;JIUHQJ;14 DE JULHO         ;99;2026-07-04 04:00:00;105.49;73.61;264.81;1512.0;1560.0;335.0;1193.0;32.0;0.0;12.0
S ;Sul;Fio dagua                               ;JACUI          ;JIUHQJ;14 DE JULHO         ;99;2026-07-04 05:00:00;105.42;73.51;255.52;1386.0;1498.0;335.0;1132.0;32.0;0.0;12.0
S ;Sul;Fio dagua                               ;JACUI          ;JIUHQJ;14 DE JULHO         ;99;2026-07-04 06:00:00;105.37;73.5;248.89;1377.0;1457.0;336.0;1089.0;32.0;0.0;11.0
S ;Sul;Fio dagua                               ;JACUI          ;JIUHQJ;14 DE JULHO         ;99;2026-07-04 07:00:00;105.32;73.39;242.25;1334.0;1415.0;335.0;1048.0;32.0;0.0;11.0
S ;Sul;Fio dagua                               ;JACUI          ;JIUHQJ;14 DE JULHO         ;99;2026-07-04 08:00:00;105.26;73.26;234.29;1269.0;1366.0;335.0;999.0;32.0;0.0;11.0
S ;Sul;Fio dagua                               ;JACUI          ;JIUHQJ;14 DE JULHO         ;99;2026-07-04 09:00:00;105.08;73.12;210.4;941.0;1231.0;335.0;864.0;31.0;0.0;11.0
S ;Sul;Fio dagua                               ;JACUI          ;JIUHQJ;14 DE JULHO         ;99;2026-07-04 10:00:00;104.99;72.98;198.79;1023.0;1168.0;335.0;802.0;31.0;0.0;11.0
S ;Sul;Fio dagua                               ;JACUI          ;JIUHQJ;14 DE JULHO         ;99;2026-07-04 11:00:00;104.99;72.81;198.79;1166.0;1166.0;332.0;802.0;31.0;0.0;11.0
S ;Sul;Fio dagua                               ;JACUI          ;JIUHQJ;14 DE JULHO         ;99;2026-07-04 12:00:00;104.99;72.77;198.79;1165.0;1165.0;332.0;802.0;31.0;0.0;11.0
S ;Sul;Fio dagua                               ;JACUI          ;JIUHQJ;14 DE JULHO         ;99;2026-07-04 13:00:00;104.99;72.77;198.79;1166.0;1166.0;332.0;802.0;31.0;0.0;11.0
S ;Sul;Fio dagua                               ;JACUI          ;JIUHQJ;14 DE JULHO         ;99;2026-07-04 14:00:00;104.98;72.76;197.79;1143.0;1159.0;332.0;796.0;31.0;0.0;11.0
S ;Sul;Fio dagua                               ;JACUI          ;JIUHQJ;14 DE JULHO         ;99;2026-07-04 15:00:00;104.94;72.76;193.8;1069.0;1134.0;333.0;769.0;31.0;0.0;11.0
S ;Sul;Fio dagua                               ;JACUI          ;JIUHQJ;14 DE JULHO         ;99;2026-07-04 16:00:00;104.91;72.72;190.81;1066.0;1114.0;333.0;750.0;31.0;0.0;10.0
S ;Sul;Fio dagua                               ;JACUI          ;JIUHQJ;14 DE JULHO         ;99;2026-07-04 17:00:00;104.87;72.69;186.82;1025.0;1090.0;334.0;725.0;31.0;0.0;10.0
S ;Sul;Fio dagua                               ;JACUI          ;JIUHQJ;14 DE JULHO         ;99;2026-07-04 18:00:00;105.0;72.64;199.79;1380.0;1170.0;330.0;809.0;31.0;0.0;12.0
S ;Sul;Fio dagua                               ;JACUI          ;JIUHQJ;14 DE JULHO         ;99;2026-07-04 19:00:00;105.01;72.77;201.11;1194.0;1178.0;331.0;816.0;31.0;0.0;12.0
S ;Sul;Fio dagua                               ;JACUI          ;JIUHQJ;14 DE JULHO         ;99;2026-07-04 20:00:00;104.87;72.76;186.82;861.0;1087.0;331.0;725.0;31.0;0.0;13.0
S ;Sul;Fio dagua                               ;JACUI          ;JIUHQJ;14 DE JULHO         ;99;2026-07-04 21:00:00;104.76;72.64;175.84;845.0;1022.0;331.0;660.0;31.0;0.0;13.0
S ;Sul;Fio dagua                               ;JACUI          ;JIUHQJ;14 DE JULHO         ;99;2026-07-04 22:00:00;104.69;72.48;168.85;870.0;982.0;331.0;621.0;31.0;0.0;13.0
S ;Sul;Fio dagua                               ;JACUI          ;JIUHQJ;14 DE JULHO         ;99;2026-07-04 23:00:00;104.66;72.42;165.86;918.0;967.0;330.0;606.0;31.0;0.0;13.0
S ;Sul;Fio dagua                               ;JACUI          ;JIUHQJ;14 DE JULHO         ;99;2026-07-04 23:59:00;104.63;72.38;162.87;903.0;952.0;330.0;591.0;30.0;0.0;13.0
S ;Sul;Fio dagua                               ;JACUI          ;JIUHQJ;14 DE JULHO         ;99;2026-07-05 01:00:00;104.58;72.32;157.88;848.0;928.0;331.0;567.0;30.0;0.0;12.0
S ;Sul;Fio dagua                               ;JACUI          ;JIUHQJ;14 DE JULHO         ;99;2026-07-05 02:00:00;104.56;72.26;155.88;886.0;918.0;330.0;558.0;30.0;0.0;13.0
S ;Sul;Fio dagua                               ;JACUI          ;JIUHQJ;14 DE JULHO         ;99;2026-07-05 03:00:00;104.51;72.24;150.89;815.0;896.0;330.0;536.0;30.0;0.0;13.0
S ;Sul;Fio dagua                               ;JACUI          ;JIUHQJ;14 DE JULHO         ;99;2026-07-05 04:00:00;104.47;72.15;146.9;815.0;879.0;330.0;519.0;30.0;0.0;12.0
S ;Sul;Fio dagua                               ;JACUI          ;JIUHQJ;14 DE JULHO         ;99;2026-07-05 05:00:00;104.45;72.15;144.9;839.0;872.0;330.0;512.0;30.0;0.0;13.0
S ;Sul;Fio dagua                               ;JACUI          ;JIUHQJ;14 DE JULHO         ;99;2026-07-05 06:00:00;104.42;72.08;141.91;811.0;860.0;330.0;500.0;30.0;0.0;12.0
S ;Sul;Fio dagua                               ;JACUI          ;JIUHQJ;14 DE JULHO         ;99;2026-07-05 07:00:00;104.54;71.93;153.89;695.0;502.0;327.0;145.0;30.0;0.0;12.0
S ;Sul;Fio dagua                               ;JACUI          ;JIUHQJ;14 DE JULHO         ;99;2026-07-05 08:00:00;104.67;71.45;166.86;766.0;557.0;321.0;205.0;31.0;0.0;12.0
S ;Sul;Fio dagua                               ;JACUI          ;JIUHQJ;14 DE JULHO         ;99;2026-07-05 09:00:00;104.6;71.45;159.87;410.0;523.0;322.0;171.0;30.0;0.0;12.0
S ;Sul;Fio dagua                               ;JACUI          ;JIUHQJ;14 DE JULHO         ;99;2026-07-05 10:00:00;104.55;71.45;154.88;421.0;501.0;322.0;149.0;30.0;0.0;12.0
S ;Sul;Fio dagua                               ;JACUI          ;JIUHQJ;14 DE JULHO         ;99;2026-07-05 11:00:00;104.6;71.45;159.87;604.0;523.0;322.0;171.0;30.0;0.0;12.0
S ;Sul;Fio dagua                               ;JACUI          ;JIUHQJ;14 DE JULHO         ;99;2026-07-05 12:00:00;104.65;71.45;164.86;628.0;547.0;321.0;196.0;30.0;0.0;12.0
S ;Sul;Fio dagua                               ;JACUI          ;JIUHQJ;14 DE JULHO         ;99;2026-07-05 13:00:00;104.7;71.45;169.85;652.0;571.0;321.0;220.0;31.0;0.0;12.0
S ;Sul;Fio dagua                               ;JACUI          ;JIUHQJ;14 DE JULHO         ;99;2026-07-05 14:00:00;104.73;71.5;172.85;636.0;588.0;321.0;236.0;31.0;0.0;12.0
S ;Sul;Fio dagua                               ;JACUI          ;JIUHQJ;14 DE JULHO         ;99;2026-07-05 15:00:00;104.75;71.53;174.84;631.0;599.0;321.0;248.0;31.0;0.0;12.0
S ;Sul;Fio dagua                               ;JACUI          ;JIUHQJ;14 DE JULHO         ;99;2026-07-05 16:00:00;104.75;71.58;174.84;601.0;601.0;322.0;248.0;31.0;0.0;11.0
S ;Sul;Fio dagua                               ;JACUI          ;JIUHQJ;14 DE JULHO         ;99;2026-07-05 17:00:00;104.77;71.61;176.84;646.0;614.0;325.0;258.0;31.0;0.0;9.0
S ;Sul;Fio dagua                               ;JACUI          ;JIUHQJ;14 DE JULHO         ;99;2026-07-05 18:00:00;104.89;71.63;188.81;876.0;683.0;323.0;329.0;31.0;0.0;10.0
S ;Sul;Fio dagua                               ;JACUI          ;JIUHQJ;14 DE JULHO         ;99;2026-07-05 19:00:00;104.98;71.72;197.79;884.0;739.0;321.0;387.0;31.0;0.0;11.0
S ;Sul;Fio dagua                               ;JACUI          ;JIUHQJ;14 DE JULHO         ;99;2026-07-05 20:00:00;104.96;71.89;195.8;696.0;728.0;323.0;374.0;31.0;0.0;11.0
S ;Sul;Fio dagua                               ;JACUI          ;JIUHQJ;14 DE JULHO         ;99;2026-07-05 21:00:00;104.9;71.9;189.81;595.0;691.0;326.0;335.0;31.0;0.0;10.0
S ;Sul;Fio dagua                               ;JACUI          ;JIUHQJ;14 DE JULHO         ;99;2026-07-05 22:00:00;104.82;71.81;181.83;515.0;644.0;326.0;287.0;31.0;0.0;9.0
S ;Sul;Fio dagua                               ;JACUI          ;JIUHQJ;14 DE JULHO         ;99;2026-07-05 23:00:00;104.79;71.73;178.83;577.0;625.0;325.0;270.0;31.0;0.0;10.0
S ;Sul;Fio dagua                               ;JACUI          ;JIUHQJ;14 DE JULHO         ;99;2026-07-05 23:59:00;104.75;71.64;174.84;538.0;602.0;324.0;248.0;31.0;0.0;10.0
S ;Sul;Fio dagua                               ;JACUI          ;JIUHQJ;14 DE JULHO         ;99;2026-07-06 01:00:00;104.72;71.61;171.85;538.0;586.0;325.0;231.0;31.0;0.0;10.0
S ;Sul;Fio dagua                               ;JACUI          ;JIUHQJ;14 DE JULHO         ;99;2026-07-06 02:00:00;104.7;71.59;169.85;543.0;575.0;324.0;220.0;31.0;0.0;10.0
S ;Sul;Fio dagua                               ;JACUI          ;JIUHQJ;14 DE JULHO         ;99;2026-07-06 03:00:00;104.68;71.52;167.86;532.0;564.0;323.0;210.0;31.0;0.0;10.0
S ;Sul;Fio dagua                               ;JACUI          ;JIUHQJ;14 DE JULHO         ;99;2026-07-06 04:00:00;104.66;71.51;165.86;523.0;555.0;324.0;200.0;31.0;0.0;10.0
S ;Sul;Fio dagua                               ;JACUI          ;JIUHQJ;14 DE JULHO         ;99;2026-07-06 05:00:00;104.65;71.48;164.86;534.0;550.0;324.0;196.0;30.0;0.0;10.0
S ;Sul;Fio dagua                               ;JACUI          ;JIUHQJ;14 DE JULHO         ;99;2026-07-06 06:00:00;104.64;71.45;163.86;529.0;545.0;324.0;191.0;30.0;0.0;9.0
S ;Sul;Fio dagua                               ;JACUI          ;JIUHQJ;14 DE JULHO         ;99;2026-07-06 07:00:00;104.62;71.43;161.87;503.0;535.0;324.0;181.0;30.0;0.0;10.0
S ;Sul;Fio dagua                               ;JACUI          ;JIUHQJ;14 DE JULHO         ;99;2026-07-06 08:00:00;104.6;71.43;159.87;492.0;525.0;323.0;171.0;30.0;0.0;10.0
S ;Sul;Fio dagua                               ;JACUI          ;JIUHQJ;14 DE JULHO         ;99;2026-07-06 09:00:00;104.72;70.34;171.85;463.0;270.0;8.0;231.0;31.0;0.0;231.0
S ;Sul;Fio dagua                               ;JACUI          ;JIUHQJ;14 DE JULHO         ;99;2026-07-06 10:00:00;104.72;70.23;171.85;262.0;262.0;0.0;231.0;31.0;0.0;231.0
S ;Sul;Fio dagua                               ;JACUI          ;JIUHQJ;14 DE JULHO         ;99;2026-07-06 11:00:00;104.73;70.23;172.85;283.0;267.0;0.0;236.0;31.0;0.0;236.0
S ;Sul;Fio dagua                               ;JACUI          ;JIUHQJ;14 DE JULHO         ;99;2026-07-06 12:00:00;104.79;70.23;178.83;397.0;300.0;0.0;270.0;31.0;0.0;269.0
S ;Sul;Fio dagua                               ;JACUI          ;JIUHQJ;14 DE JULHO         ;99;2026-07-06 13:00:00;104.83;70.34;182.82;388.0;324.0;0.0;293.0;31.0;0.0;293.0
S ;Sul;Fio dagua                               ;JACUI          ;JIUHQJ;14 DE JULHO         ;99;2026-07-06 14:00:00;104.85;70.47;184.82;368.0;336.0;0.0;305.0;31.0;0.0;304.0
S ;Sul;Fio dagua                               ;JACUI          ;JIUHQJ;14 DE JULHO         ;99;2026-07-06 15:00:00;104.76;71.35;175.84;302.0;447.0;163.0;253.0;31.0;0.0;168.0
S ;Sul;Fio dagua                               ;JACUI          ;JIUHQJ;14 DE JULHO         ;99;2026-07-06 16:00:00;104.78;71.57;177.83;649.0;617.0;322.0;264.0;31.0;0.0;11.0
S ;Sul;Fio dagua                               ;JACUI          ;JIUHQJ;14 DE JULHO         ;99;2026-07-06 17:00:00;104.86;71.63;185.82;793.0;664.0;322.0;311.0;31.0;0.0;11.0
S ;Sul;Fio dagua                               ;JACUI          ;JIUHQJ;14 DE JULHO         ;99;2026-07-06 18:00:00;104.84;71.69;183.82;622.0;654.0;324.0;299.0;31.0;0.0;10.0
S ;Sul;Fio dagua                               ;JACUI          ;JIUHQJ;14 DE JULHO         ;99;2026-07-06 19:00:00;104.79;71.69;178.83;544.0;624.0;324.0;270.0;31.0;0.0;10.0
S ;Sul;Fio dagua                               ;JACUI          ;JIUHQJ;14 DE JULHO         ;99;2026-07-06 20:00:00;104.72;71.66;171.85;473.0;586.0;324.0;231.0;31.0;0.0;10.0
S ;Sul;Fio dagua                               ;JACUI          ;JIUHQJ;14 DE JULHO         ;99;2026-07-06 21:00:00;104.66;71.58;165.86;459.0;555.0;324.0;200.0;31.0;0.0;10.0
S ;Sul;Fio dagua                               ;JACUI          ;JIUHQJ;14 DE JULHO         ;99;2026-07-06 22:00:00;104.61;71.48;160.87;450.0;530.0;324.0;176.0;30.0;0.0;10.0
S ;Sul;Fio dagua                               ;JACUI          ;JIUHQJ;14 DE JULHO         ;99;2026-07-06 23:00:00;104.57;71.43;156.88;448.0;512.0;324.0;158.0;30.0;0.0;10.0
S ;Sul;Fio dagua                               ;JACUI          ;JIUHQJ;14 DE JULHO         ;99;2026-07-06 23:59:00;104.53;71.37;152.89;429.0;494.0;323.0;140.0;30.0;0.0;10.0
S ;Sul;Fio dagua                               ;JACUI          ;JIUHQJ;14 DE JULHO         ;99;2026-07-07 01:00:00;104.51;71.35;150.89;453.0;485.0;324.0;131.0;30.0;0.0;10.0
S ;Sul;Fio dagua                               ;JACUI          ;JIUHQJ;14 DE JULHO         ;99;2026-07-07 02:00:00;104.48;71.3;147.9;424.0;473.0;323.0;119.0;30.0;0.0;11.0
S ;Sul;Fio dagua                               ;JACUI          ;JIUHQJ;14 DE JULHO         ;99;2026-07-07 03:00:00;104.46;71.28;145.9;433.0;466.0;324.0;112.0;30.0;0.0;10.0
S ;Sul;Fio dagua                               ;JACUI          ;JIUHQJ;14 DE JULHO         ;99;2026-07-07 04:00:00;104.4;71.24;139.92;346.0;443.0;324.0;89.0;30.0;0.0;10.0
S ;Sul;Fio dagua                               ;JACUI          ;JIUHQJ;14 DE JULHO         ;99;2026-07-07 05:00:00;104.42;71.21;141.91;482.0;450.0;323.0;97.0;30.0;0.0;10.0
S ;Sul;Fio dagua                               ;JACUI          ;JIUHQJ;14 DE JULHO         ;99;2026-07-07 06:00:00;104.4;71.2;139.92;411.0;443.0;324.0;89.0;30.0;0.0;9.0
S ;Sul;Fio dagua                               ;JACUI          ;JIUHQJ;14 DE JULHO         ;99;2026-07-07 07:00:00;104.29;71.16;128.94;231.0;409.0;324.0;54.0;30.0;0.0;9.0
S ;Sul;Fio dagua                               ;JACUI          ;JIUHQJ;14 DE JULHO         ;99;2026-07-07 08:00:00;104.51;70.43;150.89;717.0;363.0;201.0;131.0;30.0;0.0;123.0
S ;Sul;Fio dagua                               ;JACUI          ;JIUHQJ;14 DE JULHO         ;99;2026-07-07 09:00:00;104.49;70.0;148.9;121.0;153.0;0.0;123.0;30.0;0.0;123.0
S ;Sul;Fio dagua                               ;JACUI          ;JIUHQJ;14 DE JULHO         ;99;2026-07-07 10:00:00;104.51;69.74;150.89;194.0;162.0;0.0;131.0;30.0;0.0;131.0
S ;Sul;Fio dagua                               ;JACUI          ;JIUHQJ;14 DE JULHO         ;99;2026-07-07 11:00:00;104.52;69.73;151.89;182.0;166.0;0.0;136.0;30.0;0.0;135.0
S ;Sul;Fio dagua                               ;JACUI          ;JIUHQJ;14 DE JULHO         ;99;2026-07-07 12:00:00;104.6;69.73;159.87;330.0;201.0;0.0;171.0;30.0;0.0;171.0
S ;Sul;Fio dagua                               ;JACUI          ;JIUHQJ;14 DE JULHO         ;99;2026-07-07 13:00:00;104.69;69.84;168.85;391.0;246.0;0.0;215.0;31.0;0.0;215.0
S ;Sul;Fio dagua                               ;JACUI          ;JIUHQJ;14 DE JULHO         ;99;2026-07-07 14:00:00;104.76;70.04;175.84;396.0;284.0;0.0;253.0;31.0;0.0;253.0
S ;Sul;Fio dagua                               ;JACUI          ;JIUHQJ;14 DE JULHO         ;99;2026-07-07 15:00:00;104.81;70.23;180.83;392.0;312.0;0.0;281.0;31.0;0.0;281.0
S ;Sul;Fio dagua                               ;JACUI          ;JIUHQJ;14 DE JULHO         ;99;2026-07-07 16:00:00;104.77;71.25;176.84;340.0;404.0;115.0;258.0;31.0;0.0;215.0
S ;Sul;Fio dagua                               ;JACUI          ;JIUHQJ;14 DE JULHO         ;99;2026-07-07 17:00:00;104.77;71.5;176.84;612.0;612.0;323.0;258.0;31.0;0.0;10.0
S ;Sul;Fio dagua                               ;JACUI          ;JIUHQJ;14 DE JULHO         ;99;2026-07-07 18:00:00;104.77;71.5;176.84;612.0;612.0;323.0;258.0;31.0;0.0;10.0
S ;Sul;Fio dagua                               ;JACUI          ;JIUHQJ;14 DE JULHO         ;99;2026-07-07 19:00:00;104.75;71.5;174.84;566.0;599.0;320.0;248.0;31.0;0.0;12.0
S ;Sul;Fio dagua                               ;JACUI          ;JIUHQJ;14 DE JULHO         ;99;2026-07-07 20:00:00;104.68;71.55;167.86;450.0;563.0;322.0;210.0;31.0;0.0;12.0
S ;Sul;Fio dagua                               ;JACUI          ;JIUHQJ;14 DE JULHO         ;99;2026-07-07 21:00:00;104.6;71.5;159.87;395.0;524.0;323.0;171.0;30.0;0.0;12.0
S ;Sul;Fio dagua                               ;JACUI          ;JIUHQJ;14 DE JULHO         ;99;2026-07-07 22:00:00;104.51;71.4;150.89;339.0;484.0;322.0;131.0;30.0;0.0;12.0
S ;Sul;Fio dagua                               ;JACUI          ;JIUHQJ;14 DE JULHO         ;99;2026-07-07 23:00:00;104.47;71.35;146.9;404.0;468.0;322.0;116.0;30.0;0.0;12.0
S ;Sul;Fio dagua                               ;JACUI          ;JIUHQJ;14 DE JULHO         ;99;2026-07-07 23:59:00;104.41;71.26;140.91;348.0;445.0;322.0;93.0;30.0;0.0;12.0
S ;Sul;Fio dagua                               ;JACUI          ;JIUHQJ;14 DE JULHO         ;99;2026-07-08 01:00:00;104.36;71.2;135.92;348.0;428.0;322.0;76.0;30.0;0.0;11.0
S ;Sul;Fio dagua                               ;JACUI          ;JIUHQJ;14 DE JULHO         ;99;2026-07-08 02:00:00;104.34;71.15;133.93;389.0;421.0;322.0;70.0;30.0;0.0;12.0
S ;Sul;Fio dagua                               ;JACUI          ;JIUHQJ;14 DE JULHO         ;99;2026-07-08 03:00:00;104.3;71.1;129.94;344.0;408.0;322.0;57.0;30.0;0.0;12.0
S ;Sul;Fio dagua                               ;JACUI          ;JIUHQJ;14 DE JULHO         ;99;2026-07-08 04:00:00;104.28;71.09;127.94;371.0;403.0;321.0;52.0;30.0;0.0;12.0
S ;Sul;Fio dagua                               ;JACUI          ;JIUHQJ;14 DE JULHO         ;99;2026-07-08 05:00:00;104.26;71.07;125.94;366.0;398.0;322.0;46.0;30.0;0.0;12.0
S ;Sul;Fio dagua                               ;JACUI          ;JIUHQJ;14 DE JULHO         ;99;2026-07-08 06:00:00;104.24;71.07;123.95;360.0;392.0;322.0;41.0;30.0;0.0;12.0
S ;Sul;Fio dagua                               ;JACUI          ;JIUHQJ;14 DE JULHO         ;99;2026-07-08 07:00:00;104.22;71.03;121.95;355.0;387.0;322.0;35.0;30.0;0.0;12.0
S ;Sul;Fio dagua                               ;JACUI          ;JIUHQJ;14 DE JULHO         ;99;2026-07-08 08:00:00;104.21;71.03;120.96;369.0;385.0;323.0;33.0;30.0;0.0;11.0
S ;Sul;Fio dagua                               ;JACUI          ;JIUHQJ;14 DE JULHO         ;99;2026-07-08 09:00:00;104.19;70.99;118.96;350.0;382.0;325.0;28.0;30.0;0.0;8.0
S ;Sul;Fio dagua                               ;JACUI          ;JIUHQJ;14 DE JULHO         ;99;2026-07-08 10:00:00;104.18;70.84;117.96;351.0;367.0;312.0;26.0;30.0;0.0;20.0
S ;Sul;Fio dagua                               ;JACUI          ;JIUHQJ;14 DE JULHO         ;99;2026-07-08 11:00:00;104.32;69.56;131.93;319.0;93.0;0.0;63.0;30.0;0.0;0.0
S ;Sul;Fio dagua                               ;JACUI          ;JIUHQJ;14 DE JULHO         ;99;2026-07-08 12:00:00;104.32;69.24;131.93;93.0;93.0;0.0;63.0;30.0;0.0;0.0
S ;Sul;Fio dagua                               ;JACUI          ;JIUHQJ;14 DE JULHO         ;99;2026-07-08 13:00:00;104.32;69.24;131.93;93.0;93.0;0.0;63.0;30.0;0.0;0.0
S ;Sul;Fio dagua                               ;JACUI          ;JIUHQJ;14 DE JULHO         ;99;2026-07-08 14:00:00;104.35;69.24;134.93;151.0;103.0;0.0;73.0;30.0;0.0;0.0
S ;Sul;Fio dagua                               ;JACUI          ;JIUHQJ;14 DE JULHO         ;99;2026-07-08 15:00:00;104.45;69.24;144.9;299.0;138.0;0.0;108.0;30.0;0.0;107.0
S ;Sul;Fio dagua                               ;JACUI          ;JIUHQJ;14 DE JULHO         ;99;2026-07-08 16:00:00;104.49;70.11;148.9;335.0;270.0;117.0;123.0;30.0;0.0;123.0
S ;Sul;Fio dagua                               ;JACUI          ;JIUHQJ;14 DE JULHO         ;99;2026-07-08 17:00:00;104.5;71.07;149.89;462.0;446.0;289.0;127.0;30.0;0.0;42.0
S ;Sul;Fio dagua                               ;JACUI          ;JIUHQJ;14 DE JULHO         ;99;2026-07-08 18:00:00;104.57;71.21;156.88;619.0;506.0;318.0;158.0;30.0;0.0;13.0
S ;Sul;Fio dagua                               ;JACUI          ;JIUHQJ;14 DE JULHO         ;99;2026-07-08 19:00:00;104.58;71.3;157.88;528.0;512.0;319.0;162.0;30.0;0.0;13.0
S ;Sul;Fio dagua                               ;JACUI          ;JIUHQJ;14 DE JULHO         ;99;2026-07-08 20:00:00;104.54;71.34;153.89;430.0;494.0;319.0;145.0;30.0;0.0;14.0
S ;Sul;Fio dagua                               ;JACUI          ;JIUHQJ;14 DE JULHO         ;99;2026-07-08 21:00:00;104.47;71.32;146.9;354.0;466.0;321.0;116.0;30.0;0.0;13.0
S ;Sul;Fio dagua                               ;JACUI          ;JIUHQJ;14 DE JULHO         ;99;2026-07-08 22:00:00;104.43;71.28;142.91;386.0;450.0;319.0;100.0;30.0;0.0;14.0
S ;Sul;Fio dagua                               ;JACUI          ;JIUHQJ;14 DE JULHO         ;99;2026-07-08 23:00:00;104.38;71.23;137.92;352.0;433.0;320.0;83.0;30.0;0.0;14.0
S ;Sul;Fio dagua                               ;JACUI          ;JIUHQJ;14 DE JULHO         ;99;2026-07-08 23:59:00;104.32;71.15;131.93;317.0;414.0;320.0;63.0;30.0;0.0;13.0
S ;Sul;Fio dagua                               ;JACUI          ;JIUHQJ;14 DE JULHO         ;99;2026-07-09 01:00:00;104.27;71.12;126.94;318.0;399.0;320.0;49.0;30.0;0.0;14.0
S ;Sul;Fio dagua                               ;JACUI          ;JIUHQJ;14 DE JULHO         ;99;2026-07-09 02:00:00;104.23;71.07;122.95;324.0;388.0;320.0;38.0;30.0;0.0;13.0
S ;Sul;Fio dagua                               ;JACUI          ;JIUHQJ;14 DE JULHO         ;99;2026-07-09 03:00:00;104.2;71.05;119.96;332.0;380.0;320.0;30.0;30.0;0.0;13.0
S ;Sul;Fio dagua                               ;JACUI          ;JIUHQJ;14 DE JULHO         ;99;2026-07-09 04:00:00;104.17;71.01;116.96;326.0;374.0;320.0;24.0;30.0;0.0;13.0
S ;Sul;Fio dagua                               ;JACUI          ;JIUHQJ;14 DE JULHO         ;99;2026-07-09 05:00:00;104.14;71.01;113.97;320.0;368.0;321.0;18.0;30.0;0.0;13.0
S ;Sul;Fio dagua                               ;JACUI          ;JIUHQJ;14 DE JULHO         ;99;2026-07-09 06:00:00;104.12;70.92;111.97;332.0;364.0;320.0;14.0;30.0;0.0;13.0
S ;Sul;Fio dagua                               ;JACUI          ;JIUHQJ;14 DE JULHO         ;99;2026-07-09 07:00:00;104.1;70.94;109.98;328.0;360.0;321.0;10.0;30.0;0.0;10.0
S ;Sul;Fio dagua                               ;JACUI          ;JIUHQJ;14 DE JULHO         ;99;2026-07-09 08:00:00;104.15;70.56;114.97;398.0;318.0;268.0;20.0;30.0;0.0;20.0
S ;Sul;Fio dagua                               ;JACUI          ;JIUHQJ;14 DE JULHO         ;99;2026-07-09 09:00:00;104.23;69.08;122.95;197.0;68.0;0.0;38.0;30.0;0.0;38.0
S ;Sul;Fio dagua                               ;JACUI          ;JIUHQJ;14 DE JULHO         ;99;2026-07-09 10:00:00;104.21;68.99;120.96;30.0;62.0;0.0;33.0;30.0;0.0;32.0
S ;Sul;Fio dagua                               ;JACUI          ;JIUHQJ;14 DE JULHO         ;99;2026-07-09 11:00:00;104.22;68.96;121.95;81.0;65.0;0.0;35.0;30.0;0.0;35.0
S ;Sul;Fio dagua                               ;JACUI          ;JIUHQJ;14 DE JULHO         ;99;2026-07-09 12:00:00;104.26;68.94;125.94;138.0;73.0;0.0;46.0;27.0;0.0;46.0
S ;Sul;Fio dagua                               ;JACUI          ;JIUHQJ;14 DE JULHO         ;99;2026-07-09 13:00:00;104.32;68.94;131.93;190.0;93.0;0.0;63.0;30.0;0.0;63.0
S ;Sul;Fio dagua                               ;JACUI          ;JIUHQJ;14 DE JULHO         ;99;2026-07-09 14:00:00;104.45;69.03;144.9;348.0;138.0;0.0;108.0;30.0;0.0;108.0
S ;Sul;Fio dagua                               ;JACUI          ;JIUHQJ;14 DE JULHO         ;99;2026-07-09 15:00:00;104.52;69.18;151.89;279.0;166.0;0.0;136.0;30.0;0.0;135.0
S ;Sul;Fio dagua                               ;JACUI          ;JIUHQJ;14 DE JULHO         ;99;2026-07-09 16:00:00;104.45;70.81;144.9;198.0;310.0;172.0;108.0;30.0;0.0;108.0
S ;Sul;Fio dagua                               ;JACUI          ;JIUHQJ;14 DE JULHO         ;99;2026-07-09 17:00:00;104.51;71.16;150.89;579.0;482.0;321.0;131.0;30.0;0.0;11.0
S ;Sul;Fio dagua                               ;JACUI          ;JIUHQJ;14 DE JULHO         ;99;2026-07-09 18:00:00;104.55;71.25;154.88;567.0;502.0;323.0;149.0;30.0;0.0;9.0
S ;Sul;Fio dagua                               ;JACUI          ;JIUHQJ;14 DE JULHO         ;99;2026-07-09 19:00:00;104.54;71.3;153.89;483.0;499.0;324.0;145.0;30.0;0.0;9.0
S ;Sul;Fio dagua                               ;JACUI          ;JIUHQJ;14 DE JULHO         ;99;2026-07-09 20:00:00;104.49;71.32;148.9;398.0;478.0;325.0;123.0;30.0;0.0;9.0
S ;Sul;Fio dagua                               ;JACUI          ;JIUHQJ;14 DE JULHO         ;99;2026-07-09 21:00:00;104.43;71.3;142.91;360.0;456.0;326.0;100.0;30.0;0.0;8.0
S ;Sul;Fio dagua                               ;JACUI          ;JIUHQJ;14 DE JULHO         ;99;2026-07-09 22:00:00;104.36;71.23;135.92;320.0;432.0;326.0;76.0;30.0;0.0;8.0
S ;Sul;Fio dagua                               ;JACUI          ;JIUHQJ;14 DE JULHO         ;99;2026-07-09 23:00:00;104.31;71.18;130.93;336.0;416.0;326.0;60.0;30.0;0.0;8.0
S ;Sul;Fio dagua                               ;JACUI          ;JIUHQJ;14 DE JULHO         ;99;2026-07-09 23:59:00;104.26;71.15;125.94;321.0;402.0;326.0;46.0;30.0;0.0;8.0
S ;Sul;Fio dagua                               ;JACUI          ;JIUHQJ;14 DE JULHO         ;99;2026-07-10 01:00:00;104.2;71.1;119.96;289.0;386.0;326.0;30.0;30.0;0.0;8.0
S ;Sul;Fio dagua                               ;JACUI          ;JIUHQJ;14 DE JULHO         ;99;2026-07-10 02:00:00;104.16;71.05;115.97;313.0;377.0;326.0;22.0;30.0;0.0;8.0
S ;Sul;Fio dagua                               ;JACUI          ;JIUHQJ;14 DE JULHO         ;99;2026-07-10 03:00:00;104.12;71.05;111.97;305.0;369.0;326.0;14.0;30.0;0.0;9.0
S ;Sul;Fio dagua                               ;JACUI          ;JIUHQJ;14 DE JULHO         ;99;2026-07-10 04:00:00;104.08;71.0;107.98;299.0;363.0;326.0;8.0;29.0;0.0;7.0
S ;Sul;Fio dagua                               ;JACUI          ;JIUHQJ;14 DE JULHO         ;99;2026-07-10 05:00:00;104.05;71.0;104.99;313.0;361.0;326.0;5.0;29.0;0.0;4.0
S ;Sul;Fio dagua                               ;JACUI          ;JIUHQJ;14 DE JULHO         ;99;2026-07-10 06:00:00;104.02;71.0;102.0;310.0;358.0;327.0;2.0;29.0;0.0;2.0
S ;Sul;Fio dagua                               ;JACUI          ;JIUHQJ;14 DE JULHO         ;99;2026-07-10 07:00:00;104.0;70.95;100.0;324.0;356.0;326.0;0.0;29.0;0.0;0.0
S ;Sul;Fio dagua                               ;JACUI          ;JIUHQJ;14 DE JULHO         ;99;2026-07-10 08:00:00;104.1;70.0;109.98;460.0;299.0;259.0;10.0;30.0;0.0;10.0
S ;Sul;Fio dagua                               ;JACUI          ;JIUHQJ;14 DE JULHO         ;99;2026-07-10 09:00:00;104.11;69.24;110.98;58.0;42.0;0.0;12.0;30.0;0.0;11.0
S ;Sul;Fio dagua                               ;JACUI          ;JIUHQJ;14 DE JULHO         ;99;2026-07-10 10:00:00;104.14;68.86;113.97;96.0;48.0;0.0;18.0;30.0;0.0;17.0
S ;Sul;Fio dagua                               ;JACUI          ;JIUHQJ;14 DE JULHO         ;99;2026-07-10 11:00:00;104.15;68.75;114.97;66.0;50.0;0.0;20.0;30.0;0.0;20.0
S ;Sul;Fio dagua                               ;JACUI          ;JIUHQJ;14 DE JULHO         ;99;2026-07-10 12:00:00;104.13;68.71;112.97;13.0;46.0;0.0;16.0;30.0;0.0;16.0
S ;Sul;Fio dagua                               ;JACUI          ;JIUHQJ;14 DE JULHO         ;99;2026-07-10 13:00:00;104.14;68.7;113.97;64.0;48.0;0.0;18.0;30.0;0.0;17.0
S ;Sul;Fio dagua                               ;JACUI          ;JIUHQJ;14 DE JULHO         ;99;2026-07-10 14:00:00;104.25;68.7;124.95;251.0;73.0;0.0;44.0;30.0;0.0;43.0
S ;Sul;Fio dagua                               ;JACUI          ;JIUHQJ;14 DE JULHO         ;99;2026-07-10 15:00:00;104.38;68.76;137.92;322.0;113.0;0.0;83.0;30.0;0.0;82.0
S ;Sul;Fio dagua                               ;JACUI          ;JIUHQJ;14 DE JULHO         ;99;2026-07-10 16:00:00;104.31;70.61;130.93;218.0;330.0;240.0;60.0;30.0;0.0;60.0
S ;Sul;Fio dagua                               ;JACUI          ;JIUHQJ;14 DE JULHO         ;99;2026-07-10 17:00:00;104.4;71.01;139.92;589.0;444.0;325.0;89.0;30.0;0.0;7.0
S ;Sul;Fio dagua                               ;JACUI          ;JIUHQJ;14 DE JULHO         ;99;2026-07-10 18:00:00;104.46;71.13;145.9;564.0;467.0;325.0;112.0;30.0;0.0;6.0
S ;Sul;Fio dagua                               ;JACUI          ;JIUHQJ;14 DE JULHO         ;99;2026-07-10 19:00:00;104.45;71.2;144.9;448.0;464.0;326.0;108.0;30.0;0.0;7.0
S ;Sul;Fio dagua                               ;JACUI          ;JIUHQJ;14 DE JULHO         ;99;2026-07-10 20:00:00;104.41;71.23;140.91;384.0;449.0;326.0;93.0;30.0;0.0;7.0
S ;Sul;Fio dagua                               ;JACUI          ;JIUHQJ;14 DE JULHO         ;99;2026-07-10 21:00:00;104.35;71.2;134.93;333.0;430.0;327.0;73.0;30.0;0.0;7.0
S ;Sul;Fio dagua                               ;JACUI          ;JIUHQJ;14 DE JULHO         ;99;2026-07-10 22:00:00;104.3;71.18;129.94;333.0;414.0;327.0;57.0;30.0;0.0;7.0
S ;Sul;Fio dagua                               ;JACUI          ;JIUHQJ;14 DE JULHO         ;99;2026-07-10 23:00:00;104.25;71.1;124.95;318.0;399.0;325.0;44.0;30.0;0.0;8.0
S ;Sul;Fio dagua                               ;JACUI          ;JIUHQJ;14 DE JULHO         ;99;2026-07-10 23:59:00;104.2;71.05;119.96;304.0;385.0;325.0;30.0;30.0;0.0;9.0
S ;Sul;Fio dagua                               ;JACUI          ;JIUHQJ;14 DE JULHO         ;99;2026-07-11 01:00:00;104.15;71.03;114.97;295.0;375.0;326.0;20.0;30.0;0.0;8.0
S ;Sul;Fio dagua                               ;JACUI          ;JIUHQJ;14 DE JULHO         ;99;2026-07-11 02:00:00;104.11;71.03;110.98;303.0;367.0;326.0;12.0;30.0;0.0;9.0
S ;Sul;Fio dagua                               ;JACUI          ;JIUHQJ;14 DE JULHO         ;99;2026-07-11 03:00:00;104.08;70.99;107.98;315.0;363.0;326.0;8.0;29.0;0.0;8.0
S ;Sul;Fio dagua                               ;JACUI          ;JIUHQJ;14 DE JULHO         ;99;2026-07-11 04:00:00;104.05;70.97;104.99;312.0;360.0;326.0;5.0;29.0;0.0;5.0
S ;Sul;Fio dagua                               ;JACUI          ;JIUHQJ;14 DE JULHO         ;99;2026-07-11 05:00:00;104.02;70.92;102.0;309.0;357.0;326.0;2.0;29.0;0.0;1.0
S ;Sul;Fio dagua                               ;JACUI          ;JIUHQJ;14 DE JULHO         ;99;2026-07-11 06:00:00;103.99;70.92;99.0;307.0;355.0;326.0;0.0;29.0;0.0;0.0
S ;Sul;Fio dagua                               ;JACUI          ;JIUHQJ;14 DE JULHO         ;99;2026-07-11 07:00:00;103.97;70.12;97.0;315.0;348.0;318.0;0.0;29.0;0.0;0.0
S ;Sul;Fio dagua                               ;JACUI          ;JIUHQJ;14 DE JULHO         ;99;2026-07-11 08:00:00;104.12;69.57;111.97;442.0;200.0;157.0;14.0;30.0;0.0;0.0
S ;Sul;Fio dagua                               ;JACUI          ;JIUHQJ;14 DE JULHO         ;99;2026-07-11 09:00:00;104.11;69.07;110.98;25.0;42.0;0.0;12.0;30.0;0.0;0.0
S ;Sul;Fio dagua                               ;JACUI          ;JIUHQJ;14 DE JULHO         ;99;2026-07-11 10:00:00;104.1;68.78;109.98;23.0;40.0;0.0;10.0;30.0;0.0;0.0
S ;Sul;Fio dagua                               ;JACUI          ;JIUHQJ;14 DE JULHO         ;99;2026-07-11 11:00:00;104.11;68.72;110.98;58.0;42.0;0.0;12.0;30.0;0.0;0.0
S ;Sul;Fio dagua                               ;JACUI          ;JIUHQJ;14 DE JULHO         ;99;2026-07-11 12:00:00;104.11;68.69;110.98;42.0;42.0;0.0;12.0;30.0;0.0;0.0
S ;Sul;Fio dagua                               ;JACUI          ;JIUHQJ;14 DE JULHO         ;99;2026-07-11 13:00:00;104.13;68.66;112.97;78.0;46.0;0.0;16.0;30.0;0.0;0.0
S ;Sul;Fio dagua                               ;JACUI          ;JIUHQJ;14 DE JULHO         ;99;2026-07-11 14:00:00;104.18;68.65;117.96;136.0;56.0;0.0;26.0;30.0;0.0;0.0
S ;Sul;Fio dagua                               ;JACUI          ;JIUHQJ;14 DE JULHO         ;99;2026-07-11 15:00:00;104.29;68.65;128.94;261.0;84.0;0.0;54.0;30.0;0.0;54.0
S ;Sul;Fio dagua                               ;JACUI          ;JIUHQJ;14 DE JULHO         ;99;2026-07-11 16:00:00;104.4;68.8;139.92;296.0;119.0;0.0;89.0;30.0;0.0;89.0
S ;Sul;Fio dagua                               ;JACUI          ;JIUHQJ;14 DE JULHO         ;99;2026-07-11 17:00:00;104.32;70.69;131.93;157.0;286.0;193.0;63.0;30.0;0.0;63.0
S ;Sul;Fio dagua                               ;JACUI          ;JIUHQJ;14 DE JULHO         ;99;2026-07-11 18:00:00;104.41;71.05;140.91;591.0;446.0;323.0;93.0;30.0;0.0;9.0
S ;Sul;Fio dagua                               ;JACUI          ;JIUHQJ;14 DE JULHO         ;99;2026-07-11 19:00:00;104.45;71.14;144.9;525.0;461.0;322.0;108.0;30.0;0.0;10.0
S ;Sul;Fio dagua                               ;JACUI          ;JIUHQJ;14 DE JULHO         ;99;2026-07-11 20:00:00;104.45;71.19;144.9;462.0;462.0;324.0;108.0;30.0;0.0;9.0
S ;Sul;Fio dagua                               ;JACUI          ;JIUHQJ;14 DE JULHO         ;99;2026-07-11 21:00:00;104.4;71.2;139.92;363.0;443.0;324.0;89.0;30.0;0.0;9.0
S ;Sul;Fio dagua                               ;JACUI          ;JIUHQJ;14 DE JULHO         ;99;2026-07-11 22:00:00;104.36;71.21;135.92;367.0;431.0;325.0;76.0;30.0;0.0;9.0
S ;Sul;Fio dagua                               ;JACUI          ;JIUHQJ;14 DE JULHO         ;99;2026-07-11 23:00:00;104.31;71.18;130.93;334.0;415.0;325.0;60.0;30.0;0.0;9.0
S ;Sul;Fio dagua                               ;JACUI          ;JIUHQJ;14 DE JULHO         ;99;2026-07-11 23:59:00;104.24;71.13;123.95;283.0;395.0;325.0;41.0;30.0;0.0;9.0
S ;Sul;Fio dagua                               ;JACUI          ;JIUHQJ;14 DE JULHO         ;99;2026-07-12 01:00:00;104.19;71.08;118.96;302.0;383.0;325.0;28.0;30.0;0.0;9.0
S ;Sul;Fio dagua                               ;JACUI          ;JIUHQJ;14 DE JULHO         ;99;2026-07-12 02:00:00;104.15;71.04;114.97;310.0;374.0;325.0;20.0;30.0;0.0;9.0
S ;Sul;Fio dagua                               ;JACUI          ;JIUHQJ;14 DE JULHO         ;99;2026-07-12 03:00:00;104.11;71.08;110.98;302.0;366.0;325.0;12.0;30.0;0.0;10.0
S ;Sul;Fio dagua                               ;JACUI          ;JIUHQJ;14 DE JULHO         ;99;2026-07-12 04:00:00;104.06;70.98;105.99;280.0;361.0;325.0;6.0;29.0;0.0;5.0
S ;Sul;Fio dagua                               ;JACUI          ;JIUHQJ;14 DE JULHO         ;99;2026-07-12 05:00:00;104.04;70.97;103.99;327.0;359.0;326.0;4.0;29.0;0.0;4.0
S ;Sul;Fio dagua                               ;JACUI          ;JIUHQJ;14 DE JULHO         ;99;2026-07-12 06:00:00;104.0;70.93;100.0;291.0;356.0;327.0;0.0;29.0;0.0;0.0
S ;Sul;Fio dagua                               ;JACUI          ;JIUHQJ;14 DE JULHO         ;99;2026-07-12 07:00:00;104.12;70.26;111.97;507.0;314.0;270.0;14.0;30.0;0.0;0.0
S ;Sul;Fio dagua                               ;JACUI          ;JIUHQJ;14 DE JULHO         ;99;2026-07-12 08:00:00;104.12;69.18;111.97;44.0;44.0;0.0;14.0;30.0;0.0;0.0
S ;Sul;Fio dagua                               ;JACUI          ;JIUHQJ;14 DE JULHO         ;99;2026-07-12 09:00:00;104.15;68.89;114.97;98.0;50.0;0.0;20.0;30.0;0.0;0.0
S ;Sul;Fio dagua                               ;JACUI          ;JIUHQJ;14 DE JULHO         ;99;2026-07-12 10:00:00;104.15;68.8;114.97;50.0;50.0;0.0;20.0;30.0;0.0;0.0
S ;Sul;Fio dagua                               ;JACUI          ;JIUHQJ;14 DE JULHO         ;99;2026-07-12 11:00:00;104.14;68.75;113.97;31.0;48.0;0.0;18.0;30.0;0.0;0.0
S ;Sul;Fio dagua                               ;JACUI          ;JIUHQJ;14 DE JULHO         ;99;2026-07-12 12:00:00;104.15;68.75;114.97;66.0;50.0;0.0;20.0;30.0;0.0;0.0
S ;Sul;Fio dagua                               ;JACUI          ;JIUHQJ;14 DE JULHO         ;99;2026-07-12 13:00:00;104.31;68.72;130.93;348.0;90.0;0.0;60.0;30.0;0.0;0.0
S ;Sul;Fio dagua                               ;JACUI          ;JIUHQJ;14 DE JULHO         ;99;2026-07-12 14:00:00;104.43;68.78;142.91;324.0;131.0;0.0;100.0;30.0;0.0;0.0
S ;Sul;Fio dagua                               ;JACUI          ;JIUHQJ;14 DE JULHO         ;99;2026-07-12 15:00:00;104.52;68.64;151.89;311.0;166.0;0.0;136.0;30.0;0.0;135.0
S ;Sul;Fio dagua                               ;JACUI          ;JIUHQJ;14 DE JULHO         ;99;2026-07-12 16:00:00;104.66;69.42;165.86;456.0;231.0;0.0;200.0;31.0;0.0;200.0
S ;Sul;Fio dagua                               ;JACUI          ;JIUHQJ;14 DE JULHO         ;99;2026-07-12 17:00:00;104.59;70.96;158.87;243.0;356.0;159.0;167.0;30.0;0.0;166.0
S ;Sul;Fio dagua                               ;JACUI          ;JIUHQJ;14 DE JULHO         ;99;2026-07-12 18:00:00;104.64;71.32;163.86;622.0;541.0;320.0;191.0;30.0;0.0;12.0
S ;Sul;Fio dagua                               ;JACUI          ;JIUHQJ;14 DE JULHO         ;99;2026-07-12 19:00:00;104.7;71.4;169.85;668.0;571.0;320.0;220.0;31.0;0.0;12.0
S ;Sul;Fio dagua                               ;JACUI          ;JIUHQJ;14 DE JULHO         ;99;2026-07-12 20:00:00;104.66;71.45;165.86;488.0;552.0;321.0;200.0;31.0;0.0;12.0
S ;Sul;Fio dagua                               ;JACUI          ;JIUHQJ;14 DE JULHO         ;99;2026-07-12 21:00:00;104.62;71.45;161.87;469.0;533.0;322.0;181.0;30.0;0.0;12.0
S ;Sul;Fio dagua                               ;JACUI          ;JIUHQJ;14 DE JULHO         ;99;2026-07-12 22:00:00;104.55;71.41;154.88;389.0;502.0;323.0;149.0;30.0;0.0;11.0
S ;Sul;Fio dagua                               ;JACUI          ;JIUHQJ;14 DE JULHO         ;99;2026-07-12 23:00:00;104.5;71.37;149.89;400.0;480.0;323.0;127.0;30.0;0.0;11.0
S ;Sul;Fio dagua                               ;JACUI          ;JIUHQJ;14 DE JULHO         ;99;2026-07-12 23:59:00;104.45;71.29;144.9;382.0;462.0;324.0;108.0;30.0;0.0;10.0
S ;Sul;Fio dagua                               ;JACUI          ;JIUHQJ;14 DE JULHO         ;99;2026-07-13 01:00:00;104.41;71.26;140.91;385.0;450.0;327.0;93.0;30.0;0.0;7.0
S ;Sul;Fio dagua                               ;JACUI          ;JIUHQJ;14 DE JULHO         ;99;2026-07-13 02:00:00;104.38;71.21;137.92;391.0;440.0;327.0;83.0;30.0;0.0;7.0
S ;Sul;Fio dagua                               ;JACUI          ;JIUHQJ;14 DE JULHO         ;99;2026-07-13 03:00:00;104.35;71.19;134.93;381.0;430.0;327.0;73.0;30.0;0.0;7.0
S ;Sul;Fio dagua                               ;JACUI          ;JIUHQJ;14 DE JULHO         ;99;2026-07-13 04:00:00;104.32;71.15;131.93;372.0;420.0;327.0;63.0;30.0;0.0;6.0
S ;Sul;Fio dagua                               ;JACUI          ;JIUHQJ;14 DE JULHO         ;99;2026-07-13 05:00:00;104.3;71.15;129.94;382.0;415.0;328.0;57.0;30.0;0.0;6.0
S ;Sul;Fio dagua                               ;JACUI          ;JIUHQJ;14 DE JULHO         ;99;2026-07-13 06:00:00;104.29;71.1;128.94;395.0;411.0;327.0;54.0;30.0;0.0;6.0
S ;Sul;Fio dagua                               ;JACUI          ;JIUHQJ;14 DE JULHO         ;99;2026-07-13 07:00:00;104.27;71.12;126.94;373.0;405.0;326.0;49.0;30.0;0.0;8.0
S ;Sul;Fio dagua                               ;JACUI          ;JIUHQJ;14 DE JULHO         ;99;2026-07-13 08:00:00;104.25;71.09;124.95;366.0;399.0;325.0;44.0;30.0;0.0;8.0
S ;Sul;Fio dagua                               ;JACUI          ;JIUHQJ;14 DE JULHO         ;99;2026-07-13 09:00:00;104.23;71.05;122.95;360.0;392.0;324.0;38.0;30.0;0.0;9.0
S ;Sul;Fio dagua                               ;JACUI          ;JIUHQJ;14 DE JULHO         ;99;2026-07-13 10:00:00;104.22;71.04;121.95;373.0;389.0;324.0;35.0;30.0;0.0;10.0
S ;Sul;Fio dagua                               ;JACUI          ;JIUHQJ;14 DE JULHO         ;99;2026-07-13 11:00:00;104.21;71.02;120.96;371.0;387.0;325.0;33.0;30.0;0.0;8.0
S ;Sul;Fio dagua                               ;JACUI          ;JIUHQJ;14 DE JULHO         ;99;2026-07-13 12:00:00;104.2;71.04;119.96;369.0;385.0;325.0;30.0;30.0;0.0;9.0
S ;Sul;Fio dagua                               ;JACUI          ;JIUHQJ;14 DE JULHO         ;99;2026-07-13 13:00:00;104.2;71.04;119.96;385.0;385.0;325.0;30.0;30.0;0.0;9.0
S ;Sul;Fio dagua                               ;JACUI          ;JIUHQJ;14 DE JULHO         ;99;2026-07-13 14:00:00;104.18;71.02;117.96;349.0;381.0;325.0;26.0;30.0;0.0;8.0
S ;Sul;Fio dagua                               ;JACUI          ;JIUHQJ;14 DE JULHO         ;99;2026-07-13 15:00:00;104.17;71.01;116.96;361.0;377.0;323.0;24.0;30.0;0.0;10.0
S ;Sul;Fio dagua                               ;JACUI          ;JIUHQJ;14 DE JULHO         ;99;2026-07-13 16:00:00;104.15;70.99;114.97;343.0;375.0;326.0;20.0;30.0;0.0;8.0
S ;Sul;Fio dagua                               ;JACUI          ;JIUHQJ;14 DE JULHO         ;99;2026-07-13 17:00:00;104.15;70.99;114.97;373.0;373.0;324.0;20.0;30.0;0.0;10.0
S ;Sul;Fio dagua                               ;JACUI          ;JIUHQJ;14 DE JULHO         ;99;2026-07-13 18:00:00;104.14;70.93;113.97;353.0;369.0;322.0;18.0;30.0;0.0;12.0
S ;Sul;Fio dagua                               ;JACUI          ;JIUHQJ;14 DE JULHO         ;99;2026-07-13 19:00:00;104.12;70.97;111.97;333.0;366.0;322.0;14.0;30.0;0.0;12.0
S ;Sul;Fio dagua                               ;JACUI          ;JIUHQJ;14 DE JULHO         ;99;2026-07-13 20:00:00;104.12;70.98;111.97;365.0;365.0;321.0;14.0;30.0;0.0;12.0
S ;Sul;Fio dagua                               ;JACUI          ;JIUHQJ;14 DE JULHO         ;99;2026-07-13 21:00:00;104.1;70.91;109.98;329.0;361.0;321.0;10.0;30.0;0.0;9.0
S ;Sul;Fio dagua                               ;JACUI          ;JIUHQJ;14 DE JULHO         ;99;2026-07-13 22:00:00;104.09;70.93;108.98;344.0;360.0;321.0;9.0;30.0;0.0;8.0
S ;Sul;Fio dagua                               ;JACUI          ;JIUHQJ;14 DE JULHO         ;99;2026-07-13 23:00:00;104.08;70.94;107.98;343.0;359.0;321.0;8.0;29.0;0.0;8.0
S ;Sul;Fio dagua                               ;JACUI          ;JIUHQJ;14 DE JULHO         ;99;2026-07-13 23:59:00;104.06;70.94;105.99;325.0;357.0;321.0;6.0;29.0;0.0;5.0
S ;Sul;Fio dagua                               ;JACUI          ;JIUHQJ;14 DE JULHO         ;99;2026-07-14 01:00:00;104.06;70.93;105.99;358.0;358.0;322.0;6.0;29.0;0.0;6.0
S ;Sul;Fio dagua                               ;JACUI          ;JIUHQJ;14 DE JULHO         ;99;2026-07-14 02:00:00;104.05;70.91;104.99;340.0;356.0;322.0;5.0;29.0;0.0;4.0
S ;Sul;Fio dagua                               ;JACUI          ;JIUHQJ;14 DE JULHO         ;99;2026-07-14 03:00:00;104.03;70.9;102.99;321.0;354.0;321.0;3.0;29.0;0.0;3.0
S ;Sul;Fio dagua                               ;JACUI          ;JIUHQJ;14 DE JULHO         ;99;2026-07-14 04:00:00;104.02;70.92;102.0;337.0;353.0;322.0;2.0;29.0;0.0;1.0
S ;Sul;Fio dagua                               ;JACUI          ;JIUHQJ;14 DE JULHO         ;99;2026-07-14 05:00:00;104.01;70.89;101.0;335.0;352.0;321.0;1.0;29.0;0.0;1.0
S ;Sul;Fio dagua                               ;JACUI          ;JIUHQJ;14 DE JULHO         ;99;2026-07-14 06:00:00;103.99;70.92;99.0;319.0;351.0;322.0;0.0;29.0;0.0;0.0
S ;Sul;Fio dagua                               ;JACUI          ;JIUHQJ;14 DE JULHO         ;99;2026-07-14 07:00:00;103.98;70.92;98.0;335.0;351.0;322.0;0.0;29.0;0.0;0.0
S ;Sul;Fio dagua                               ;JACUI          ;JIUHQJ;14 DE JULHO         ;99;2026-07-14 08:00:00;103.97;70.92;97.0;335.0;351.0;322.0;0.0;29.0;0.0;0.0
S ;Sul;Fio dagua                               ;JACUI          ;JIUHQJ;14 DE JULHO         ;99;2026-07-14 09:00:00;104.12;70.11;111.97;549.0;308.0;264.0;14.0;30.0;0.0;0.0
S ;Sul;Fio dagua                               ;JACUI          ;JIUHQJ;14 DE JULHO         ;99;2026-07-14 10:00:00;104.11;69.12;110.98;25.0;42.0;0.0;12.0;30.0;0.0;0.0
S ;Sul;Fio dagua                               ;JACUI          ;JIUHQJ;14 DE JULHO         ;99;2026-07-14 11:00:00;104.14;68.89;113.97;96.0;48.0;0.0;18.0;30.0;0.0;17.0
S ;Sul;Fio dagua                               ;JACUI          ;JIUHQJ;14 DE JULHO         ;99;2026-07-14 12:00:00;104.15;68.75;114.97;66.0;50.0;0.0;20.0;30.0;0.0;0.0
S ;Sul;Fio dagua                               ;JACUI          ;JIUHQJ;14 DE JULHO         ;99;2026-07-14 13:00:00;104.14;68.74;113.97;31.0;48.0;0.0;18.0;30.0;0.0;0.0
S ;Sul;Fio dagua                               ;JACUI          ;JIUHQJ;14 DE JULHO         ;99;2026-07-14 14:00:00;104.25;68.74;124.95;251.0;73.0;0.0;44.0;30.0;0.0;0.0
S ;Sul;Fio dagua                               ;JACUI          ;JIUHQJ;14 DE JULHO         ;99;2026-07-14 15:00:00;104.36;68.74;135.92;283.0;106.0;0.0;76.0;30.0;0.0;0.0
S ;Sul;Fio dagua                               ;JACUI          ;JIUHQJ;14 DE JULHO         ;99;2026-07-14 16:00:00;104.36;70.34;135.92;106.0;106.0;0.0;76.0;30.0;0.0;0.0
S ;Sul;Fio dagua                               ;JACUI          ;JIUHQJ;14 DE JULHO         ;99;2026-07-14 17:00:00;104.39;70.83;138.92;447.0;399.0;283.0;86.0;30.0;0.0;47.0
S ;Sul;Fio dagua                               ;JACUI          ;JIUHQJ;14 DE JULHO         ;99;2026-07-14 18:00:00;104.47;71.1;146.9;595.0;466.0;320.0;116.0;30.0;0.0;12.0
S ;Sul;Fio dagua                               ;JACUI          ;JIUHQJ;14 DE JULHO         ;99;2026-07-14 19:00:00;104.51;71.21;150.89;547.0;483.0;321.0;131.0;30.0;0.0;11.0
S ;Sul;Fio dagua                               ;JACUI          ;JIUHQJ;14 DE JULHO         ;99;2026-07-14 20:00:00;104.49;71.24;148.9;442.0;474.0;320.0;123.0;30.0;0.0;12.0
S ;Sul;Fio dagua                               ;JACUI          ;JIUHQJ;14 DE JULHO         ;99;2026-07-14 21:00:00;104.44;71.26;143.91;376.0;456.0;322.0;104.0;30.0;0.0;12.0
S ;Sul;Fio dagua                               ;JACUI          ;JIUHQJ;14 DE JULHO         ;99;2026-07-14 22:00:00;104.36;71.23;135.92;300.0;429.0;323.0;76.0;30.0;0.0;11.0
S ;Sul;Fio dagua                               ;JACUI          ;JIUHQJ;14 DE JULHO         ;99;2026-07-14 23:00:00;104.32;71.15;131.93;351.0;416.0;322.0;63.0;30.0;0.0;11.0
S ;Sul;Fio dagua                               ;JACUI          ;JIUHQJ;14 DE JULHO         ;99;2026-07-14 23:59:00;104.25;71.12;124.95;282.0;395.0;322.0;44.0;30.0;0.0;12.0
S ;Sul;Fio dagua                               ;JACUI          ;JIUHQJ;14 DE JULHO         ;99;2026-07-15 01:00:00;104.2;71.04;119.96;301.0;381.0;321.0;30.0;30.0;0.0;12.0
S ;Sul;Fio dagua                               ;JACUI          ;JIUHQJ;14 DE JULHO         ;99;2026-07-15 02:00:00;104.15;71.04;114.97;291.0;371.0;322.0;20.0;30.0;0.0;13.0
S ;Sul;Fio dagua                               ;JACUI          ;JIUHQJ;14 DE JULHO         ;99;2026-07-15 03:00:00;104.12;71.02;111.97;316.0;364.0;321.0;14.0;30.0;0.0;13.0
S ;Sul;Fio dagua                               ;JACUI          ;JIUHQJ;14 DE JULHO         ;99;2026-07-15 04:00:00;104.08;70.94;107.98;295.0;359.0;322.0;8.0;29.0;0.0;8.0
S ;Sul;Fio dagua                               ;JACUI          ;JIUHQJ;14 DE JULHO         ;99;2026-07-15 05:00:00;104.02;70.94;102.0;257.0;354.0;322.0;2.0;29.0;0.0;2.0
S ;Sul;Fio dagua                               ;JACUI          ;JIUHQJ;14 DE JULHO         ;99;2026-07-15 06:00:00;103.96;70.92;96.0;256.0;352.0;323.0;0.0;29.0;0.0;0.0
S ;Sul;Fio dagua                               ;JACUI          ;JIUHQJ;14 DE JULHO         ;99;2026-07-15 07:00:00;103.9;70.92;90.0;256.0;353.0;324.0;0.0;29.0;0.0;0.0
S ;Sul;Fio dagua                               ;JACUI          ;JIUHQJ;14 DE JULHO         ;99;2026-07-15 08:00:00;103.81;70.85;81.0;207.0;352.0;323.0;0.0;29.0;0.0;0.0
S ;Sul;Fio dagua                               ;JACUI          ;JIUHQJ;14 DE JULHO         ;99;2026-07-15 09:00:00;103.87;69.3;87.0;161.0;64.0;35.0;0.0;29.0;0.0;0.0
S ;Sul;Fio dagua                               ;JACUI          ;JIUHQJ;14 DE JULHO         ;99;2026-07-15 10:00:00;103.91;68.85;91.0;94.0;29.0;0.0;0.0;29.0;0.0;0.0
S ;Sul;Fio dagua                               ;JACUI          ;JIUHQJ;14 DE JULHO         ;99;2026-07-15 11:00:00;103.9;68.7;90.0;13.0;29.0;0.0;0.0;29.0;0.0;0.0
S ;Sul;Fio dagua                               ;JACUI          ;JIUHQJ;14 DE JULHO         ;99;2026-07-15 12:00:00;103.89;68.7;89.0;13.0;29.0;0.0;0.0;29.0;0.0;0.0
S ;Sul;Fio dagua                               ;JACUI          ;JIUHQJ;14 DE JULHO         ;99;2026-07-15 13:00:00;103.91;68.55;91.0;61.0;29.0;0.0;0.0;29.0;0.0;0.0
S ;Sul;Fio dagua                               ;JACUI          ;JIUHQJ;14 DE JULHO         ;99;2026-07-15 14:00:00;103.9;68.5;90.0;13.0;29.0;0.0;0.0;29.0;0.0;0.0
S ;Sul;Fio dagua                               ;JACUI          ;JIUHQJ;14 DE JULHO         ;99;2026-07-15 15:00:00;103.89;68.5;89.0;13.0;29.0;0.0;0.0;29.0;0.0;0.0
S ;Sul;Fio dagua                               ;JACUI          ;JIUHQJ;14 DE JULHO         ;99;2026-07-15 16:00:00;103.88;68.45;88.0;13.0;29.0;0.0;0.0;29.0;0.0;0.0
S ;Sul;Fio dagua                               ;JACUI          ;JIUHQJ;14 DE JULHO         ;99;2026-07-15 17:00:00;103.89;68.45;89.0;45.0;29.0;0.0;0.0;29.0;0.0;0.0
S ;Sul;Fio dagua                               ;JACUI          ;JIUHQJ;14 DE JULHO         ;99;2026-07-15 18:00:00;103.78;70.37;78.0;88.0;266.0;237.0;0.0;29.0;0.0;0.0
S ;Sul;Fio dagua                               ;JACUI          ;JIUHQJ;14 DE JULHO         ;99;2026-07-15 19:00:00;103.91;70.7;91.0;542.0;332.0;303.0;0.0;29.0;0.0;0.0
S ;Sul;Fio dagua                               ;JACUI          ;JIUHQJ;14 DE JULHO         ;99;2026-07-15 20:00:00;104.04;70.76;103.99;546.0;337.0;304.0;4.0;29.0;0.0;3.0
S ;Sul;Fio dagua                               ;JACUI          ;JIUHQJ;14 DE JULHO         ;99;2026-07-15 21:00:00;104.13;70.83;112.97;509.0;364.0;319.0;16.0;30.0;0.0;14.0
S ;Sul;Fio dagua                               ;JACUI          ;JIUHQJ;14 DE JULHO         ;99;2026-07-15 22:00:00;104.14;70.86;113.97;383.0;366.0;319.0;18.0;30.0;0.0;14.0
S ;Sul;Fio dagua                               ;JACUI          ;JIUHQJ;14 DE JULHO         ;99;2026-07-15 23:00:00;104.14;70.91;113.97;367.0;367.0;319.0;18.0;30.0;0.0;14.0
S ;Sul;Fio dagua                               ;JACUI          ;JIUHQJ;14 DE JULHO         ;99;2026-07-15 23:59:00;104.13;70.93;112.97;349.0;365.0;320.0;16.0;30.0;0.0;14.0
S ;Sul;Fio dagua                               ;JACUI          ;JIUHQJ;14 DE JULHO         ;99;2026-07-16 01:00:00;104.12;70.85;111.97;333.0;349.0;305.0;14.0;30.0;0.0;14.0
S ;Sul;Fio dagua                               ;JACUI          ;JIUHQJ;14 DE JULHO         ;99;2026-07-16 02:00:00;104.05;70.82;104.99;222.0;335.0;301.0;5.0;29.0;0.0;5.0
S ;Sul;Fio dagua                               ;JACUI          ;JIUHQJ;14 DE JULHO         ;99;2026-07-16 03:00:00;104.0;70.82;100.0;251.0;331.0;302.0;0.0;29.0;0.0;0.0
S ;Sul;Fio dagua                               ;JACUI          ;JIUHQJ;14 DE JULHO         ;99;2026-07-16 04:00:00;103.94;70.81;94.0;235.0;332.0;302.0;0.0;29.0;0.0;0.0
S ;Sul;Fio dagua                               ;JACUI          ;JIUHQJ;14 DE JULHO         ;99;2026-07-16 05:00:00;103.89;70.81;89.0;252.0;332.0;303.0;0.0;29.0;0.0;0.0
S ;Sul;Fio dagua                               ;JACUI          ;JIUHQJ;14 DE JULHO         ;99;2026-07-16 06:00:00;103.82;70.81;82.0;220.0;333.0;304.0;0.0;29.0;0.0;0.0
S ;Sul;Fio dagua                               ;JACUI          ;JIUHQJ;14 DE JULHO         ;99;2026-07-16 07:00:00;103.76;70.8;76.0;236.0;333.0;304.0;0.0;29.0;0.0;0.0
S ;Sul;Fio dagua                               ;JACUI          ;JIUHQJ;14 DE JULHO         ;99;2026-07-16 08:00:00;103.69;70.8;69.0;221.0;333.0;305.0;0.0;29.0;0.0;0.0
S ;Sul;Fio dagua                               ;JACUI          ;JIUHQJ;14 DE JULHO         ;99;2026-07-16 09:00:00;103.77;70.04;77.0;385.0;256.0;228.0;0.0;29.0;0.0;0.0
S ;Sul;Fio dagua                               ;JACUI          ;JIUHQJ;14 DE JULHO         ;99;2026-07-16 10:00:00;103.76;69.07;76.0;13.0;29.0;0.0;0.0;29.0;0.0;0.0
S ;Sul;Fio dagua                               ;JACUI          ;JIUHQJ;14 DE JULHO         ;99;2026-07-16 11:00:00;103.76;68.6;76.0;29.0;29.0;0.0;0.0;29.0;0.0;0.0
S ;Sul;Fio dagua                               ;JACUI          ;JIUHQJ;14 DE JULHO         ;99;2026-07-16 12:00:00;103.81;68.6;81.0;110.0;29.0;0.0;0.0;29.0;0.0;0.0
S ;Sul;Fio dagua                               ;JACUI          ;JIUHQJ;14 DE JULHO         ;99;2026-07-16 13:00:00;103.81;68.6;81.0;29.0;29.0;0.0;0.0;29.0;0.0;0.0
S ;Sul;Fio dagua                               ;JACUI          ;JIUHQJ;14 DE JULHO         ;99;2026-07-16 14:00:00;103.8;68.6;80.0;13.0;29.0;0.0;0.0;29.0;0.0;0.0
S ;Sul;Fio dagua                               ;JACUI          ;JIUHQJ;14 DE JULHO         ;99;2026-07-16 15:00:00;103.79;68.47;79.0;14.0;30.0;0.0;0.0;30.0;0.0;0.0
S ;Sul;Fio dagua                               ;JACUI          ;JIUHQJ;14 DE JULHO         ;99;2026-07-16 16:00:00;103.78;68.45;78.0;13.0;29.0;0.0;0.0;29.0;0.0;0.0
S ;Sul;Fio dagua                               ;JACUI          ;JIUHQJ;14 DE JULHO         ;99;2026-07-16 17:00:00;103.78;68.47;78.0;29.0;29.0;0.0;0.0;29.0;0.0;0.0
S ;Sul;Fio dagua                               ;JACUI          ;JIUHQJ;14 DE JULHO         ;99;2026-07-16 18:00:00;103.72;70.0;72.0;8.0;105.0;76.0;0.0;29.0;0.0;0.0
S ;Sul;Fio dagua                               ;JACUI          ;JIUHQJ;14 DE JULHO         ;99;2026-07-16 19:00:00;103.73;70.64;73.0;352.0;336.0;308.0;0.0;29.0;0.0;0.0
S ;Sul;Fio dagua                               ;JACUI          ;JIUHQJ;14 DE JULHO         ;99;2026-07-16 20:00:00;103.82;70.86;82.0;500.0;355.0;326.0;0.0;29.0;0.0;0.0
S ;Sul;Fio dagua                               ;JACUI          ;JIUHQJ;14 DE JULHO         ;99;2026-07-16 21:00:00;103.93;70.89;93.0;532.0;355.0;326.0;0.0;29.0;0.0;0.0
S ;Sul;Fio dagua                               ;JACUI          ;JIUHQJ;14 DE JULHO         ;99;2026-07-16 22:00:00;103.95;70.91;95.0;387.0;355.0;326.0;0.0;29.0;0.0;0.0
S ;Sul;Fio dagua                               ;JACUI          ;JIUHQJ;14 DE JULHO         ;99;2026-07-16 23:00:00;103.98;70.91;98.0;403.0;355.0;325.0;0.0;29.0;0.0;0.0
S ;Sul;Fio dagua                               ;JACUI          ;JIUHQJ;14 DE JULHO         ;99;2026-07-16 23:59:00;103.98;70.91;98.0;355.0;355.0;325.0;0.0;29.0;0.0;0.0
S ;Sul;Fio dagua                               ;JACUI          ;JIUHQJ;14 DE JULHO         ;99;2026-07-17 01:00:00;103.97;70.91;97.0;338.0;354.0;325.0;0.0;29.0;0.0;0.0
S ;Sul;Fio dagua                               ;JACUI          ;JIUHQJ;14 DE JULHO         ;99;2026-07-17 02:00:00;103.9;70.91;90.0;243.0;355.0;326.0;0.0;29.0;0.0;0.0
S ;Sul;Fio dagua                               ;JACUI          ;JIUHQJ;14 DE JULHO         ;99;2026-07-17 03:00:00;103.83;70.93;83.0;243.0;356.0;327.0;0.0;29.0;0.0;0.0
S ;Sul;Fio dagua                               ;JACUI          ;JIUHQJ;14 DE JULHO         ;99;2026-07-17 04:00:00;103.76;70.91;76.0;243.0;356.0;327.0;0.0;29.0;0.0;0.0
S ;Sul;Fio dagua                               ;JACUI          ;JIUHQJ;14 DE JULHO         ;99;2026-07-17 05:00:00;103.68;70.92;68.0;229.0;358.0;329.0;0.0;29.0;0.0;0.0
S ;Sul;Fio dagua                               ;JACUI          ;JIUHQJ;14 DE JULHO         ;99;2026-07-17 06:00:00;103.6;70.91;60.0;229.0;358.0;330.0;0.0;29.0;0.0;0.0
S ;Sul;Fio dagua                               ;JACUI          ;JIUHQJ;14 DE JULHO         ;99;2026-07-17 07:00:00;103.53;70.91;53.0;246.0;358.0;330.0;0.0;28.0;0.0;0.0
S ;Sul;Fio dagua                               ;JACUI          ;JIUHQJ;14 DE JULHO         ;99;2026-07-17 08:00:00;103.58;70.2;58.0;363.0;282.0;254.0;0.0;29.0;0.0;0.0
S ;Sul;Fio dagua                               ;JACUI          ;JIUHQJ;14 DE JULHO         ;99;2026-07-17 09:00:00;103.58;69.1;58.0;29.0;29.0;0.0;0.0;29.0;0.0;0.0
S ;Sul;Fio dagua                               ;JACUI          ;JIUHQJ;14 DE JULHO         ;99;2026-07-17 10:00:00;103.58;69.0;58.0;29.0;29.0;0.0;0.0;29.0;0.0;0.0
S ;Sul;Fio dagua                               ;JACUI          ;JIUHQJ;14 DE JULHO         ;99;2026-07-17 11:00:00;103.58;68.7;58.0;29.0;29.0;0.0;0.0;29.0;0.0;0.0
S ;Sul;Fio dagua                               ;JACUI          ;JIUHQJ;14 DE JULHO         ;99;2026-07-17 12:00:00;103.58;68.6;58.0;29.0;29.0;0.0;0.0;29.0;0.0;0.0
S ;Sul;Fio dagua                               ;JACUI          ;JIUHQJ;14 DE JULHO         ;99;2026-07-17 13:00:00;103.58;68.5;58.0;29.0;29.0;0.0;0.0;29.0;0.0;0.0
S ;Sul;Fio dagua                               ;JACUI          ;JIUHQJ;14 DE JULHO         ;99;2026-07-17 14:00:00;103.58;68.5;58.0;29.0;29.0;0.0;0.0;29.0;0.0;0.0
S ;Sul;Fio dagua                               ;JACUI          ;JIUHQJ;14 DE JULHO         ;99;2026-07-17 15:00:00;103.58;68.5;58.0;29.0;29.0;0.0;0.0;29.0;0.0;0.0
S ;Sul;Fio dagua                               ;JACUI          ;JIUHQJ;14 DE JULHO         ;99;2026-07-17 16:00:00;103.58;68.47;58.0;29.0;29.0;0.0;0.0;29.0;0.0;0.0
S ;Sul;Fio dagua                               ;JACUI          ;JIUHQJ;14 DE JULHO         ;99;2026-07-17 17:00:00;103.6;68.45;60.0;61.0;29.0;0.0;0.0;29.0;0.0;0.0
S ;Sul;Fio dagua                               ;JACUI          ;JIUHQJ;14 DE JULHO         ;99;2026-07-17 18:00:00;103.46;70.23;46.0;52.0;277.0;249.0;0.0;28.0;0.0;0.0
S ;Sul;Fio dagua                               ;JACUI          ;JIUHQJ;14 DE JULHO         ;99;2026-07-17 19:00:00;103.44;70.53;44.0;265.0;297.0;269.0;0.0;28.0;0.0;0.0
S ;Sul;Fio dagua                               ;JACUI          ;JIUHQJ;14 DE JULHO         ;99;2026-07-17 20:00:00;103.44;70.58;44.0;298.0;298.0;269.0;0.0;28.0;0.0;0.0
S ;Sul;Fio dagua                               ;JACUI          ;JIUHQJ;14 DE JULHO         ;99;2026-07-17 21:00:00;103.44;70.61;44.0;298.0;298.0;270.0;0.0;28.0;0.0;0.0
S ;Sul;Fio dagua                               ;JACUI          ;JIUHQJ;14 DE JULHO         ;99;2026-07-17 22:00:00;103.41;70.58;41.0;249.0;298.0;270.0;0.0;28.0;0.0;0.0
S ;Sul;Fio dagua                               ;JACUI          ;JIUHQJ;14 DE JULHO         ;99;2026-07-17 23:00:00;103.39;70.6;39.0;266.0;298.0;270.0;0.0;28.0;0.0;0.0
S ;Sul;Fio dagua                               ;JACUI          ;JIUHQJ;14 DE JULHO         ;99;2026-07-17 23:59:00;103.38;70.65;38.0;291.0;307.0;279.0;0.0;28.0;0.0;0.0
S ;Sul;Fio dagua                               ;JACUI          ;JIUHQJ;14 DE JULHO         ;99;2026-07-18 01:00:00;103.39;70.58;39.0;316.0;300.0;271.0;0.0;28.0;0.0;0.0
S ;Sul;Fio dagua                               ;JACUI          ;JIUHQJ;14 DE JULHO         ;99;2026-07-18 02:00:00;103.4;70.62;40.0;318.0;302.0;273.0;0.0;28.0;0.0;0.0
S ;Sul;Fio dagua                               ;JACUI          ;JIUHQJ;14 DE JULHO         ;99;2026-07-18 03:00:00;103.42;70.62;42.0;335.0;302.0;274.0;0.0;28.0;0.0;0.0
S ;Sul;Fio dagua                               ;JACUI          ;JIUHQJ;14 DE JULHO         ;99;2026-07-18 04:00:00;103.37;70.92;37.0;280.0;360.0;332.0;0.0;28.0;0.0;0.0
S ;Sul;Fio dagua                               ;JACUI          ;JIUHQJ;14 DE JULHO         ;99;2026-07-18 05:00:00;103.52;69.46;52.0;342.0;100.0;72.0;0.0;28.0;0.0;0.0
S ;Sul;Fio dagua                               ;JACUI          ;JIUHQJ;14 DE JULHO         ;99;2026-07-18 06:00:00;103.55;68.94;55.0;77.0;28.0;0.0;0.0;28.0;0.0;0.0
S ;Sul;Fio dagua                               ;JACUI          ;JIUHQJ;14 DE JULHO         ;99;2026-07-18 07:00:00;103.54;68.69;54.0;12.0;28.0;0.0;0.0;28.0;0.0;0.0
S ;Sul;Fio dagua                               ;JACUI          ;JIUHQJ;14 DE JULHO         ;99;2026-07-18 08:00:00;103.53;68.55;53.0;12.0;28.0;0.0;0.0;28.0;0.0;0.0
S ;Sul;Fio dagua                               ;JACUI          ;JIUHQJ;14 DE JULHO         ;99;2026-07-18 09:00:00;103.52;68.5;52.0;12.0;28.0;0.0;0.0;28.0;0.0;0.0
S ;Sul;Fio dagua                               ;JACUI          ;JIUHQJ;14 DE JULHO         ;99;2026-07-18 10:00:00;103.51;68.48;51.0;12.0;28.0;0.0;0.0;28.0;0.0;0.0
S ;Sul;Fio dagua                               ;JACUI          ;JIUHQJ;14 DE JULHO         ;99;2026-07-18 11:00:00;103.5;68.45;50.0;12.0;28.0;0.0;0.0;28.0;0.0;0.0
S ;Sul;Fio dagua                               ;JACUI          ;JIUHQJ;14 DE JULHO         ;99;2026-07-18 12:00:00;103.49;68.45;49.0;12.0;28.0;0.0;0.0;28.0;0.0;0.0
S ;Sul;Fio dagua                               ;JACUI          ;JIUHQJ;14 DE JULHO         ;99;2026-07-18 13:00:00;103.48;68.45;48.0;12.0;28.0;0.0;0.0;28.0;0.0;0.0
S ;Sul;Fio dagua                               ;JACUI          ;JIUHQJ;14 DE JULHO         ;99;2026-07-18 14:00:00;103.47;68.45;47.0;12.0;28.0;0.0;0.0;28.0;0.0;0.0
S ;Sul;Fio dagua                               ;JACUI          ;JIUHQJ;14 DE JULHO         ;99;2026-07-18 15:00:00;103.46;68.45;46.0;12.0;28.0;0.0;0.0;28.0;0.0;0.0
S ;Sul;Fio dagua                               ;JACUI          ;JIUHQJ;14 DE JULHO         ;99;2026-07-18 16:00:00;103.45;68.45;45.0;12.0;28.0;0.0;0.0;28.0;0.0;0.0
S ;Sul;Fio dagua                               ;JACUI          ;JIUHQJ;14 DE JULHO         ;99;2026-07-18 17:00:00;103.43;70.01;43.0;15.0;47.0;19.0;0.0;28.0;0.0;0.0
S ;Sul;Fio dagua                               ;JACUI          ;JIUHQJ;14 DE JULHO         ;99;2026-07-18 18:00:00;103.31;70.35;31.0;108.0;301.0;273.0;0.0;28.0;0.0;0.0
S ;Sul;Fio dagua                               ;JACUI          ;JIUHQJ;14 DE JULHO         ;99;2026-07-18 19:00:00;103.24;70.74;24.0;219.0;332.0;304.0;0.0;28.0;0.0;0.0
S ;Sul;Fio dagua                               ;JACUI          ;JIUHQJ;14 DE JULHO         ;99;2026-07-18 20:00:00;103.26;70.82;26.0;375.0;343.0;315.0;0.0;28.0;0.0;0.0
S ;Sul;Fio dagua                               ;JACUI          ;JIUHQJ;14 DE JULHO         ;99;2026-07-18 21:00:00;103.28;70.86;28.0;375.0;343.0;315.0;0.0;28.0;0.0;0.0
S ;Sul;Fio dagua                               ;JACUI          ;JIUHQJ;14 DE JULHO         ;99;2026-07-18 22:00:00;103.29;70.85;29.0;360.0;344.0;316.0;0.0;28.0;0.0;0.0
S ;Sul;Fio dagua                               ;JACUI          ;JIUHQJ;14 DE JULHO         ;99;2026-07-18 23:00:00;103.29;70.85;29.0;343.0;343.0;315.0;0.0;28.0;0.0;0.0
S ;Sul;Fio dagua                               ;JACUI          ;JIUHQJ;14 DE JULHO         ;99;2026-07-18 23:59:00;103.27;70.85;27.0;310.0;342.0;314.0;0.0;28.0;0.0;0.0
S ;Sul;Fio dagua                               ;JACUI          ;JIUHQJ;14 DE JULHO         ;99;2026-07-19 01:00:00;103.25;70.86;25.0;310.0;343.0;315.0;0.0;28.0;0.0;0.0
S ;Sul;Fio dagua                               ;JACUI          ;JIUHQJ;14 DE JULHO         ;99;2026-07-19 02:00:00;103.35;70.31;35.0;412.0;251.0;223.0;0.0;28.0;0.0;0.0
S ;Sul;Fio dagua                               ;JACUI          ;JIUHQJ;14 DE JULHO         ;99;2026-07-19 03:00:00;103.35;70.06;35.0;218.0;218.0;189.0;0.0;28.0;0.0;0.0
S ;Sul;Fio dagua                               ;JACUI          ;JIUHQJ;14 DE JULHO         ;99;2026-07-19 04:00:00;103.39;70.05;39.0;227.0;163.0;135.0;0.0;28.0;0.0;0.0
S ;Sul;Fio dagua                               ;JACUI          ;JIUHQJ;14 DE JULHO         ;99;2026-07-19 05:00:00;103.44;70.05;44.0;120.0;39.0;11.0;0.0;28.0;0.0;0.0
S ;Sul;Fio dagua                               ;JACUI          ;JIUHQJ;14 DE JULHO         ;99;2026-07-19 06:00:00;103.45;68.74;45.0;44.0;28.0;0.0;0.0;28.0;0.0;0.0
S ;Sul;Fio dagua                               ;JACUI          ;JIUHQJ;14 DE JULHO         ;99;2026-07-19 07:00:00;103.45;68.59;45.0;28.0;28.0;0.0;0.0;28.0;0.0;0.0
S ;Sul;Fio dagua                               ;JACUI          ;JIUHQJ;14 DE JULHO         ;99;2026-07-19 08:00:00;103.45;68.54;45.0;28.0;28.0;0.0;0.0;28.0;0.0;0.0
S ;Sul;Fio dagua                               ;JACUI          ;JIUHQJ;14 DE JULHO         ;99;2026-07-19 09:00:00;103.44;68.47;44.0;12.0;28.0;0.0;0.0;28.0;0.0;0.0
S ;Sul;Fio dagua                               ;JACUI          ;JIUHQJ;14 DE JULHO         ;99;2026-07-19 10:00:00;103.44;68.45;44.0;28.0;28.0;0.0;0.0;28.0;0.0;0.0
S ;Sul;Fio dagua                               ;JACUI          ;JIUHQJ;14 DE JULHO         ;99;2026-07-19 11:00:00;103.43;68.45;43.0;12.0;28.0;0.0;0.0;28.0;0.0;0.0
S ;Sul;Fio dagua                               ;JACUI          ;JIUHQJ;14 DE JULHO         ;99;2026-07-19 12:00:00;103.42;68.45;42.0;12.0;28.0;0.0;0.0;28.0;0.0;0.0
S ;Sul;Fio dagua                               ;JACUI          ;JIUHQJ;14 DE JULHO         ;99;2026-07-19 13:00:00;103.41;68.45;41.0;12.0;28.0;0.0;0.0;28.0;0.0;0.0
S ;Sul;Fio dagua                               ;JACUI          ;JIUHQJ;14 DE JULHO         ;99;2026-07-19 14:00:00;103.4;68.45;40.0;12.0;28.0;0.0;0.0;28.0;0.0;0.0
S ;Sul;Fio dagua                               ;JACUI          ;JIUHQJ;14 DE JULHO         ;99;2026-07-19 15:00:00;103.4;68.45;40.0;28.0;28.0;0.0;0.0;28.0;0.0;0.0
S ;Sul;Fio dagua                               ;JACUI          ;JIUHQJ;14 DE JULHO         ;99;2026-07-19 16:00:00;103.4;68.45;40.0;28.0;28.0;0.0;0.0;28.0;0.0;0.0
S ;Sul;Fio dagua                               ;JACUI          ;JIUHQJ;14 DE JULHO         ;99;2026-07-19 17:00:00;103.41;68.45;41.0;44.0;28.0;0.0;0.0;28.0;0.0;0.0
S ;Sul;Fio dagua                               ;JACUI          ;JIUHQJ;14 DE JULHO         ;99;2026-07-19 18:00:00;103.28;70.5;28.0;58.0;267.0;239.0;0.0;28.0;0.0;0.0
S ;Sul;Fio dagua                               ;JACUI          ;JIUHQJ;14 DE JULHO         ;99;2026-07-19 19:00:00;103.31;70.85;31.0;405.0;357.0;329.0;0.0;28.0;0.0;0.0
S ;Sul;Fio dagua                               ;JACUI          ;JIUHQJ;14 DE JULHO         ;99;2026-07-19 20:00:00;103.37;70.92;37.0;455.0;359.0;331.0;0.0;28.0;0.0;0.0
S ;Sul;Fio dagua                               ;JACUI          ;JIUHQJ;14 DE JULHO         ;99;2026-07-19 21:00:00;103.41;70.93;41.0;424.0;359.0;331.0;0.0;28.0;0.0;0.0
S ;Sul;Fio dagua                               ;JACUI          ;JIUHQJ;14 DE JULHO         ;99;2026-07-19 22:00:00;103.41;70.94;41.0;359.0;359.0;331.0;0.0;28.0;0.0;0.0
S ;Sul;Fio dagua                               ;JACUI          ;JIUHQJ;14 DE JULHO         ;99;2026-07-19 23:00:00;103.42;70.89;42.0;370.0;354.0;325.0;0.0;28.0;0.0;0.0
S ;Sul;Fio dagua                               ;JACUI          ;JIUHQJ;14 DE JULHO         ;99;2026-07-19 23:59:00;103.4;70.91;40.0;319.0;352.0;323.0;0.0;28.0;0.0;0.0
S ;Sul;Fio dagua                               ;JACUI          ;JIUHQJ;14 DE JULHO         ;99;2026-07-20 01:00:00;103.53;69.85;53.0;393.0;184.0;155.0;0.0;28.0;0.0;0.0
S ;Sul;Fio dagua                               ;JACUI          ;JIUHQJ;14 DE JULHO         ;99;2026-07-20 02:00:00;103.57;69.64;57.0;208.0;144.0;115.0;0.0;29.0;0.0;0.0
S ;Sul;Fio dagua                               ;JACUI          ;JIUHQJ;14 DE JULHO         ;99;2026-07-20 03:00:00;103.56;69.64;56.0;128.0;144.0;115.0;0.0;29.0;0.0;0.0
S ;Sul;Fio dagua                               ;JACUI          ;JIUHQJ;14 DE JULHO         ;99;2026-07-20 04:00:00;103.55;69.53;55.0;126.0;142.0;114.0;0.0;28.0;0.0;0.0
S ;Sul;Fio dagua                               ;JACUI          ;JIUHQJ;14 DE JULHO         ;99;2026-07-20 05:00:00;103.54;69.56;54.0;127.0;143.0;114.0;0.0;28.0;0.0;0.0
S ;Sul;Fio dagua                               ;JACUI          ;JIUHQJ;14 DE JULHO         ;99;2026-07-20 06:00:00;103.57;69.53;57.0;192.0;143.0;115.0;0.0;29.0;0.0;0.0
S ;Sul;Fio dagua                               ;JACUI          ;JIUHQJ;14 DE JULHO         ;99;2026-07-20 07:00:00;103.6;69.53;60.0;191.0;143.0;115.0;0.0;29.0;0.0;0.0
S ;Sul;Fio dagua                               ;JACUI          ;JIUHQJ;14 DE JULHO         ;99;2026-07-20 08:00:00;103.68;69.01;68.0;215.0;86.0;57.0;0.0;29.0;0.0;0.0
S ;Sul;Fio dagua                               ;JACUI          ;JIUHQJ;14 DE JULHO         ;99;2026-07-20 09:00:00;103.72;68.78;72.0;93.0;29.0;0.0;0.0;29.0;0.0;0.0
S ;Sul;Fio dagua                               ;JACUI          ;JIUHQJ;14 DE JULHO         ;99;2026-07-20 10:00:00;103.74;68.62;74.0;61.0;29.0;0.0;0.0;29.0;0.0;0.0
S ;Sul;Fio dagua                               ;JACUI          ;JIUHQJ;14 DE JULHO         ;99;2026-07-20 11:00:00;103.76;68.56;76.0;61.0;29.0;0.0;0.0;29.0;0.0;0.0
S ;Sul;Fio dagua                               ;JACUI          ;JIUHQJ;14 DE JULHO         ;99;2026-07-20 12:00:00;103.78;68.55;78.0;61.0;29.0;0.0;0.0;29.0;0.0;0.0
S ;Sul;Fio dagua                               ;JACUI          ;JIUHQJ;14 DE JULHO         ;99;2026-07-20 13:00:00;103.8;68.55;80.0;61.0;29.0;0.0;0.0;29.0;0.0;0.0
S ;Sul;Fio dagua                               ;JACUI          ;JIUHQJ;14 DE JULHO         ;99;2026-07-20 14:00:00;103.8;68.55;80.0;29.0;29.0;0.0;0.0;29.0;0.0;0.0
S ;Sul;Fio dagua                               ;JACUI          ;JIUHQJ;14 DE JULHO         ;99;2026-07-20 15:00:00;103.82;68.56;82.0;61.0;29.0;0.0;0.0;29.0;0.0;0.0
S ;Sul;Fio dagua                               ;JACUI          ;JIUHQJ;14 DE JULHO         ;99;2026-07-20 16:00:00;103.85;68.6;85.0;77.0;29.0;0.0;0.0;29.0;0.0;0.0
S ;Sul;Fio dagua                               ;JACUI          ;JIUHQJ;14 DE JULHO         ;99;2026-07-20 17:00:00;103.8;70.58;80.0;199.0;279.0;250.0;0.0;29.0;0.0;0.0
S ;Sul;Fio dagua                               ;JACUI          ;JIUHQJ;14 DE JULHO         ;99;2026-07-20 18:00:00;103.84;70.85;84.0;418.0;354.0;325.0;0.0;29.0;0.0;0.0
S ;Sul;Fio dagua                               ;JACUI          ;JIUHQJ;14 DE JULHO         ;99;2026-07-20 19:00:00;103.93;70.9;93.0;497.0;352.0;323.0;0.0;29.0;0.0;0.0
S ;Sul;Fio dagua                               ;JACUI          ;JIUHQJ;14 DE JULHO         ;99;2026-07-20 20:00:00;104.0;70.9;100.0;464.0;351.0;322.0;0.0;29.0;0.0;0.0
S ;Sul;Fio dagua                               ;JACUI          ;JIUHQJ;14 DE JULHO         ;99;2026-07-20 21:00:00;104.08;70.9;107.98;488.0;359.0;322.0;8.0;29.0;0.0;8.0
S ;Sul;Fio dagua                               ;JACUI          ;JIUHQJ;14 DE JULHO         ;99;2026-07-20 22:00:00;104.1;70.9;109.98;393.0;361.0;321.0;10.0;30.0;0.0;9.0
S ;Sul;Fio dagua                               ;JACUI          ;JIUHQJ;14 DE JULHO         ;99;2026-07-20 23:00:00;104.11;70.9;110.98;379.0;363.0;322.0;12.0;30.0;0.0;11.0
S ;Sul;Fio dagua                               ;JACUI          ;JIUHQJ;14 DE JULHO         ;99;2026-07-20 23:59:00;104.11;70.96;110.98;363.0;363.0;321.0;12.0;30.0;0.0;12.0
S ;Sul;Fio dagua                               ;JACUI          ;JIUHQJ;14 DE JULHO         ;99;2026-07-21 01:00:00;104.1;70.96;109.98;345.0;361.0;322.0;10.0;30.0;0.0;10.0
S ;Sul;Fio dagua                               ;JACUI          ;JIUHQJ;14 DE JULHO         ;99;2026-07-21 02:00:00;104.09;70.99;108.98;345.0;361.0;323.0;9.0;30.0;0.0;9.0
S ;Sul;Fio dagua                               ;JACUI          ;JIUHQJ;14 DE JULHO         ;99;2026-07-21 03:00:00;104.06;70.96;105.99;309.0;357.0;322.0;6.0;29.0;0.0;5.0
S ;Sul;Fio dagua                               ;JACUI          ;JIUHQJ;14 DE JULHO         ;99;2026-07-21 04:00:00;104.05;70.92;104.99;340.0;356.0;322.0;5.0;29.0;0.0;5.0
S ;Sul;Fio dagua                               ;JACUI          ;JIUHQJ;14 DE JULHO         ;99;2026-07-21 05:00:00;104.04;70.96;103.99;340.0;356.0;322.0;4.0;29.0;0.0;3.0
S ;Sul;Fio dagua                               ;JACUI          ;JIUHQJ;14 DE JULHO         ;99;2026-07-21 06:00:00;104.04;70.94;103.99;356.0;356.0;322.0;4.0;29.0;0.0;4.0
S ;Sul;Fio dagua                               ;JACUI          ;JIUHQJ;14 DE JULHO         ;99;2026-07-21 07:00:00;104.02;70.92;102.0;321.0;354.0;322.0;2.0;29.0;0.0;1.0
S ;Sul;Fio dagua                               ;JACUI          ;JIUHQJ;14 DE JULHO         ;99;2026-07-21 08:00:00;104.15;70.32;114.97;533.0;323.0;274.0;20.0;30.0;0.0;0.0
S ;Sul;Fio dagua                               ;JACUI          ;JIUHQJ;14 DE JULHO         ;99;2026-07-21 09:00:00;104.17;69.4;116.96;86.0;54.0;0.0;24.0;30.0;0.0;0.0
S ;Sul;Fio dagua                               ;JACUI          ;JIUHQJ;14 DE JULHO         ;99;2026-07-21 10:00:00;104.21;69.19;120.96;127.0;62.0;0.0;33.0;30.0;0.0;0.0
S ;Sul;Fio dagua                               ;JACUI          ;JIUHQJ;14 DE JULHO         ;99;2026-07-21 11:00:00;104.23;69.19;122.95;100.0;68.0;0.0;38.0;30.0;0.0;0.0
S ;Sul;Fio dagua                               ;JACUI          ;JIUHQJ;14 DE JULHO         ;99;2026-07-21 12:00:00;104.26;69.34;125.94;124.0;76.0;0.0;46.0;30.0;0.0;0.0
S ;Sul;Fio dagua                               ;JACUI          ;JIUHQJ;14 DE JULHO         ;99;2026-07-21 13:00:00;104.39;69.53;138.92;325.0;116.0;0.0;86.0;30.0;0.0;0.0
S ;Sul;Fio dagua                               ;JACUI          ;JIUHQJ;14 DE JULHO         ;99;2026-07-21 14:00:00;104.59;69.69;158.87;519.0;197.0;0.0;167.0;30.0;0.0;0.0
S ;Sul;Fio dagua                               ;JACUI          ;JIUHQJ;14 DE JULHO         ;99;2026-07-21 15:00:00;104.72;69.94;171.85;471.0;262.0;0.0;231.0;31.0;0.0;230.0
S ;Sul;Fio dagua                               ;JACUI          ;JIUHQJ;14 DE JULHO         ;99;2026-07-21 16:00:00;104.78;71.48;177.83;396.0;299.0;4.0;264.0;31.0;0.0;264.0
S ;Sul;Fio dagua                               ;JACUI          ;JIUHQJ;14 DE JULHO         ;99;2026-07-21 17:00:00;104.84;71.68;183.82;942.0;845.0;311.0;504.0;31.0;0.0;23.0
S ;Sul;Fio dagua                               ;JACUI          ;JIUHQJ;14 DE JULHO         ;99;2026-07-21 18:00:00;104.98;72.17;197.79;1170.0;944.0;321.0;592.0;31.0;0.0;16.0
S ;Sul;Fio dagua                               ;JACUI          ;JIUHQJ;14 DE JULHO         ;99;2026-07-21 19:00:00;105.31;72.51;240.92;1719.0;1187.0;321.0;834.0;32.0;0.0;16.0
S ;Sul;Fio dagua                               ;JACUI          ;JIUHQJ;14 DE JULHO         ;99;2026-07-21 20:00:00;105.59;73.14;278.08;2092.0;1641.0;325.0;1285.0;32.0;0.0;16.0
S ;Sul;Fio dagua                               ;JACUI          ;JIUHQJ;14 DE JULHO         ;99;2026-07-21 21:00:00;105.72;74.51;295.33;2803.0;2594.0;338.0;2224.0;32.0;0.0;17.0
S ;Sul;Fio dagua                               ;JACUI          ;JIUHQJ;14 DE JULHO         ;99;2026-07-21 22:00:00;106.05;75.52;339.12;3497.0;2965.0;345.0;2588.0;33.0;0.0;18.0
S ;Sul;Fio dagua                               ;JACUI          ;JIUHQJ;14 DE JULHO         ;99;2026-07-21 23:00:00;106.39;76.54;384.24;4718.0;4170.0;348.0;3788.0;33.0;0.0;22.0
S ;Sul;Fio dagua                               ;JACUI          ;JIUHQJ;14 DE JULHO         ;99;2026-07-21 23:59:00;106.58;77.48;409.45;5043.0;4737.0;277.0;4426.0;34.0;0.0;103.0
S ;Sul;Fio dagua                               ;JACUI          ;JIUHQJ;14 DE JULHO         ;99;2026-07-22 01:00:00;106.99;78.28;463.85;5706.0;5045.0;0.0;5011.0;34.0;0.0;385.0
S ;Sul;Fio dagua                               ;JACUI          ;JIUHQJ;14 DE JULHO         ;99;2026-07-22 02:00:00;107.42;79.0;520.91;6396.0;5703.0;0.0;5668.0;35.0;0.0;389.0
S ;Sul;Fio dagua                               ;JACUI          ;JIUHQJ;14 DE JULHO         ;99;2026-07-22 03:00:00;107.8;79.88;571.34;6948.0;6336.0;0.0;6300.0;36.0;0.0;396.0
S ;Sul;Fio dagua                               ;JACUI          ;JIUHQJ;14 DE JULHO         ;99;2026-07-22 04:00:00;108.11;80.64;612.47;7384.0;6885.0;0.0;6849.0;36.0;0.0;403.0
S ;Sul;Fio dagua                               ;JACUI          ;JIUHQJ;14 DE JULHO         ;99;2026-07-22 05:00:00;108.11;81.64;612.47;8060.0;8060.0;0.0;8024.0;36.0;0.0;418.0
S ;Sul;Fio dagua                               ;JACUI          ;JIUHQJ;14 DE JULHO         ;99;2026-07-22 06:00:00;108.15;82.4;617.78;8574.0;8510.0;0.0;8474.0;36.0;0.0;430.0
S ;Sul;Fio dagua                               ;JACUI          ;JIUHQJ;14 DE JULHO         ;99;2026-07-22 07:00:00;108.03;83.22;601.86;8830.0;9023.0;0.0;8987.0;36.0;0.0;446.0
S ;Sul;Fio dagua                               ;JACUI          ;JIUHQJ;14 DE JULHO         ;99;2026-07-22 08:00:00;108.11;83.52;612.47;9299.0;9170.0;0.0;9134.0;36.0;0.0;450.0
S ;Sul;Fio dagua                               ;JACUI          ;JIUHQJ;14 DE JULHO         ;99;2026-07-22 09:00:00;108.07;83.83;607.17;9387.0;9452.0;0.0;9416.0;36.0;0.0;457.0
S ;Sul;Fio dagua                               ;JACUI          ;JIUHQJ;14 DE JULHO         ;99;2026-07-22 10:00:00;108.04;83.97;603.18;9348.0;9396.0;0.0;9360.0;36.0;0.0;460.0
S ;Sul;Fio dagua                               ;JACUI          ;JIUHQJ;14 DE JULHO         ;99;2026-07-22 11:00:00;107.98;83.92;595.22;9188.0;9285.0;0.0;9249.0;36.0;0.0;460.0
S ;Sul;Fio dagua                               ;JACUI          ;JIUHQJ;14 DE JULHO         ;99;2026-07-22 12:00:00;107.89;83.85;583.28;8973.0;9118.0;0.0;9082.0;36.0;0.0;460.0
S ;Sul;Fio dagua                               ;JACUI          ;JIUHQJ;14 DE JULHO         ;99;2026-07-22 13:00:00;107.79;83.63;570.01;8775.0;8936.0;0.0;8901.0;36.0;0.0;458.0
S ;Sul;Fio dagua                               ;JACUI          ;JIUHQJ;14 DE JULHO         ;99;2026-07-22 14:00:00;107.66;83.36;552.76;8496.0;8705.0;0.0;8670.0;35.0;0.0;455.0
S ;Sul;Fio dagua                               ;JACUI          ;JIUHQJ;14 DE JULHO         ;99;2026-07-22 15:00:00;107.63;83.03;548.78;8254.0;8303.0;0.0;8267.0;35.0;0.0;450.0
S ;Sul;Fio dagua                               ;JACUI          ;JIUHQJ;14 DE JULHO         ;99;2026-07-22 16:00:00;107.55;82.72;538.16;8036.0;8165.0;0.0;8129.0;35.0;0.0;446.0
S ;Sul;Fio dagua                               ;JACUI          ;JIUHQJ;14 DE JULHO         ;99;2026-07-22 17:00:00;107.42;82.42;520.91;7735.0;7945.0;0.0;7910.0;35.0;0.0;443.0
S ;Sul;Fio dagua                               ;JACUI          ;JIUHQJ;14 DE JULHO         ;99;2026-07-22 18:00:00;107.27;82.1;501.01;7458.0;7699.0;0.0;7665.0;35.0;0.0;440.0
S ;Sul;Fio dagua                               ;JACUI          ;JIUHQJ;14 DE JULHO         ;99;2026-07-22 19:00:00;107.07;81.76;474.47;7061.0;7383.0;0.0;7349.0;34.0;0.0;437.0
S ;Sul;Fio dagua                               ;JACUI          ;JIUHQJ;14 DE JULHO         ;99;2026-07-22 20:00:00;106.9;81.45;451.91;6845.0;7119.0;0.0;7084.0;34.0;0.0;435.0
S ;Sul;Fio dagua                               ;JACUI          ;JIUHQJ;14 DE JULHO         ;99;2026-07-22 21:00:00;106.74;81.0;430.68;6272.0;6530.0;0.0;6496.0;34.0;0.0;430.0
S ;Sul;Fio dagua                               ;JACUI          ;JIUHQJ;14 DE JULHO         ;99;2026-07-22 22:00:00;106.7;80.39;425.37;6052.0;6117.0;0.0;6083.0;34.0;0.0;421.0
S ;Sul;Fio dagua                               ;JACUI          ;JIUHQJ;14 DE JULHO         ;99;2026-07-22 23:00:00;106.76;79.94;433.33;5938.0;5842.0;0.0;5808.0;34.0;0.0;413.0
S ;Sul;Fio dagua                               ;JACUI          ;JIUHQJ;14 DE JULHO         ;99;2026-07-22 23:59:00;106.92;79.47;454.56;5585.0;5327.0;0.0;5293.0;34.0;0.0;403.0
S ;Sul;Fio dagua                               ;JACUI          ;JIUHQJ;14 DE JULHO         ;99;2026-07-23 01:00:00;107.13;78.83;482.43;5592.0;5254.0;0.0;5220.0;35.0;0.0;391.0
S ;Sul;Fio dagua                               ;JACUI          ;JIUHQJ;14 DE JULHO         ;99;2026-07-23 02:00:00;107.13;78.66;482.43;5254.0;5254.0;0.0;5220.0;35.0;0.0;389.0
S ;Sul;Fio dagua                               ;JACUI          ;JIUHQJ;14 DE JULHO         ;99;2026-07-23 03:00:00;107.06;78.6;473.14;5037.0;5150.0;0.0;5115.0;34.0;0.0;389.0
S ;Sul;Fio dagua                               ;JACUI          ;JIUHQJ;14 DE JULHO         ;99;2026-07-23 04:00:00;106.95;78.44;458.55;4808.0;4986.0;0.0;4951.0;34.0;0.0;388.0
S ;Sul;Fio dagua                               ;JACUI          ;JIUHQJ;14 DE JULHO         ;99;2026-07-23 05:00:00;106.79;78.22;437.31;4494.0;4752.0;0.0;4718.0;34.0;0.0;387.0
S ;Sul;Fio dagua                               ;JACUI          ;JIUHQJ;14 DE JULHO         ;99;2026-07-23 06:00:00;106.58;77.91;409.45;4122.0;4460.0;0.0;4426.0;34.0;0.0;386.0
S ;Sul;Fio dagua                               ;JACUI          ;JIUHQJ;14 DE JULHO         ;99;2026-07-23 07:00:00;106.39;77.59;384.24;3904.0;4210.0;0.0;4176.0;33.0;0.0;384.0
S ;Sul;Fio dagua                               ;JACUI          ;JIUHQJ;14 DE JULHO         ;99;2026-07-23 08:00:00;106.21;77.25;360.35;3696.0;3986.0;0.0;3953.0;33.0;0.0;382.0
S ;Sul;Fio dagua                               ;JACUI          ;JIUHQJ;14 DE JULHO         ;99;2026-07-23 09:00:00;106.06;76.96;340.45;3566.0;3807.0;0.0;3774.0;33.0;0.0;380.0
S ;Sul;Fio dagua                               ;JACUI          ;JIUHQJ;14 DE JULHO         ;99;2026-07-23 10:00:00;105.92;76.69;321.87;3416.0;3642.0;0.0;3609.0;33.0;0.0;379.0
S ;Sul;Fio dagua                               ;JACUI          ;JIUHQJ;14 DE JULHO         ;99;2026-07-23 11:00:00;105.71;76.45;294.0;3071.0;3410.0;0.0;3377.0;32.0;0.0;378.0
S ;Sul;Fio dagua                               ;JACUI          ;JIUHQJ;14 DE JULHO         ;99;2026-07-23 12:00:00;105.51;76.15;267.46;2886.0;3208.0;0.0;3176.0;32.0;0.0;377.0
S ;Sul;Fio dagua                               ;JACUI          ;JIUHQJ;14 DE JULHO         ;99;2026-07-23 13:00:00;105.63;75.54;283.39;2753.0;2559.0;0.0;2527.0;32.0;0.0;368.0
S ;Sul;Fio dagua                               ;JACUI          ;JIUHQJ;14 DE JULHO         ;99;2026-07-23 14:00:00;105.71;75.34;294.0;2814.0;2685.0;44.0;2608.0;32.0;0.0;320.0
S ;Sul;Fio dagua                               ;JACUI          ;JIUHQJ;14 DE JULHO         ;99;2026-07-23 15:00:00;105.65;75.56;286.04;2741.0;2838.0;258.0;2548.0;32.0;0.0;110.0
S ;Sul;Fio dagua                               ;JACUI          ;JIUHQJ;14 DE JULHO         ;99;2026-07-23 16:00:00;105.54;75.62;271.44;2633.0;2810.0;338.0;2440.0;32.0;0.0;31.0
S ;Sul;Fio dagua                               ;JACUI          ;JIUHQJ;14 DE JULHO         ;99;2026-07-23 17:00:00;105.34;75.45;244.9;2307.0;2629.0;338.0;2259.0;32.0;0.0;32.0
S ;Sul;Fio dagua                               ;JACUI          ;JIUHQJ;14 DE JULHO         ;99;2026-07-23 18:00:00;105.19;75.23;225.0;2260.0;2502.0;336.0;2135.0;31.0;0.0;34.0
S ;Sul;Fio dagua                               ;JACUI          ;JIUHQJ;14 DE JULHO         ;99;2026-07-23 19:00:00;105.05;74.99;206.42;2170.0;2395.0;334.0;2030.0;31.0;0.0;34.0
S ;Sul;Fio dagua                               ;JACUI          ;JIUHQJ;14 DE JULHO         ;99;2026-07-23 20:00:00;105.07;74.7;209.08;2048.0;2016.0;329.0;1656.0;31.0;0.0;36.0
S ;Sul;Fio dagua                               ;JACUI          ;JIUHQJ;14 DE JULHO         ;99;2026-07-23 21:00:00;105.09;74.39;211.73;2059.0;2026.0;325.0;1670.0;31.0;0.0;35.0
S ;Sul;Fio dagua                               ;JACUI          ;JIUHQJ;14 DE JULHO         ;99;2026-07-23 22:00:00;105.02;74.33;202.44;1864.0;1977.0;326.0;1620.0;31.0;0.0;35.0
S ;Sul;Fio dagua                               ;JACUI          ;JIUHQJ;14 DE JULHO         ;99;2026-07-23 23:00:00;104.98;74.21;197.79;1884.0;1948.0;325.0;1592.0;31.0;0.0;35.0
S ;Sul;Fio dagua                               ;JACUI          ;JIUHQJ;14 DE JULHO         ;99;2026-07-23 23:59:00;104.94;74.12;193.8;1855.0;1919.0;323.0;1565.0;31.0;0.0;36.0
S ;Sul;Fio dagua                               ;JACUI          ;JIUHQJ;14 DE JULHO         ;99;2026-07-24 01:00:00;104.96;74.02;195.8;1767.0;1734.0;322.0;1381.0;31.0;0.0;36.0
S ;Sul;Fio dagua                               ;JACUI          ;JIUHQJ;14 DE JULHO         ;99;2026-07-24 02:00:00;105.11;73.66;214.38;1877.0;1635.0;315.0;1288.0;31.0;0.0;36.0
S ;Sul;Fio dagua                               ;JACUI          ;JIUHQJ;14 DE JULHO         ;99;2026-07-24 03:00:00;105.17;73.56;222.35;1575.0;1478.0;314.0;1132.0;31.0;0.0;36.0
S ;Sul;Fio dagua                               ;JACUI          ;JIUHQJ;14 DE JULHO         ;99;2026-07-24 04:00:00;105.19;73.45;225.0;1524.0;1492.0;313.0;1147.0;31.0;0.0;36.0
S ;Sul;Fio dagua                               ;JACUI          ;JIUHQJ;14 DE JULHO         ;99;2026-07-24 05:00:00;105.2;73.43;226.33;1516.0;1500.0;313.0;1155.0;31.0;0.0;35.0
S ;Sul;Fio dagua                               ;JACUI          ;JIUHQJ;14 DE JULHO         ;99;2026-07-24 06:00:00;105.2;73.42;226.33;1500.0;1500.0;314.0;1155.0;31.0;0.0;34.0
S ;Sul;Fio dagua                               ;JACUI          ;JIUHQJ;14 DE JULHO         ;99;2026-07-24 07:00:00;105.25;73.34;232.96;1435.0;1354.0;331.0;991.0;32.0;0.0;16.0
S ;Sul;Fio dagua                               ;JACUI          ;JIUHQJ;14 DE JULHO         ;99;2026-07-24 08:00:00;105.28;73.26;236.94;1428.0;1379.0;332.0;1015.0;32.0;0.0;13.0
S ;Sul;Fio dagua                               ;JACUI          ;JIUHQJ;14 DE JULHO         ;99;2026-07-24 09:00:00;105.28;73.2;236.94;1374.0;1374.0;327.0;1015.0;32.0;0.0;18.0
S ;Sul;Fio dagua                               ;JACUI          ;JIUHQJ;14 DE JULHO         ;99;2026-07-24 10:00:00;105.28;73.2;236.94;1373.0;1373.0;326.0;1015.0;32.0;0.0;19.0
S ;Sul;Fio dagua                               ;JACUI          ;JIUHQJ;14 DE JULHO         ;99;2026-07-24 11:00:00;105.26;73.23;234.29;1324.0;1356.0;326.0;999.0;32.0;0.0;20.0
S ;Sul;Fio dagua                               ;JACUI          ;JIUHQJ;14 DE JULHO         ;99;2026-07-24 12:00:00;105.22;73.16;228.98;1261.0;1325.0;326.0;968.0;31.0;0.0;19.0
S ;Sul;Fio dagua                               ;JACUI          ;JIUHQJ;14 DE JULHO         ;99;2026-07-24 13:00:00;105.18;73.15;223.67;1234.0;1298.0;330.0;937.0;31.0;0.0;16.0
S ;Sul;Fio dagua                               ;JACUI          ;JIUHQJ;14 DE JULHO         ;99;2026-07-24 14:00:00;105.26;72.93;234.29;1082.0;953.0;333.0;588.0;32.0;0.0;9.0
S ;Sul;Fio dagua                               ;JACUI          ;JIUHQJ;14 DE JULHO         ;99;2026-07-24 15:00:00;105.35;72.59;246.23;1159.0;1014.0;323.0;660.0;32.0;0.0;15.0
S ;Sul;Fio dagua                               ;JACUI          ;JIUHQJ;14 DE JULHO         ;99;2026-07-24 16:00:00;105.34;72.56;244.9;993.0;1009.0;326.0;652.0;32.0;0.0;12.0
S ;Sul;Fio dagua                               ;JACUI          ;JIUHQJ;14 DE JULHO         ;99;2026-07-24 17:00:00;105.35;72.56;246.23;1032.0;1016.0;324.0;660.0;32.0;0.0;13.0
S ;Sul;Fio dagua                               ;JACUI          ;JIUHQJ;14 DE JULHO         ;99;2026-07-24 18:00:00;105.37;72.58;248.89;1064.0;1032.0;324.0;676.0;32.0;0.0;13.0
S ;Sul;Fio dagua                               ;JACUI          ;JIUHQJ;14 DE JULHO         ;99;2026-07-24 19:00:00;105.37;72.58;248.89;1033.0;1033.0;325.0;676.0;32.0;0.0;13.0
S ;Sul;Fio dagua                               ;JACUI          ;JIUHQJ;14 DE JULHO         ;99;2026-07-24 20:00:00;105.36;72.64;247.56;1010.0;1027.0;327.0;668.0;32.0;0.0;11.0
S ;Sul;Fio dagua                               ;JACUI          ;JIUHQJ;14 DE JULHO         ;99;2026-07-24 21:00:00;105.35;72.62;246.23;1003.0;1019.0;327.0;660.0;32.0;0.0;11.0
S ;Sul;Fio dagua                               ;JACUI          ;JIUHQJ;14 DE JULHO         ;99;2026-07-24 22:00:00;105.34;72.58;244.9;994.0;1010.0;326.0;652.0;32.0;0.0;11.0
S ;Sul;Fio dagua                               ;JACUI          ;JIUHQJ;14 DE JULHO         ;99;2026-07-24 23:00:00;105.32;72.6;242.25;961.0;993.0;326.0;635.0;32.0;0.0;12.0
S ;Sul;Fio dagua                               ;JACUI          ;JIUHQJ;14 DE JULHO         ;99;2026-07-24 23:59:00;105.29;72.53;238.27;919.0;968.0;325.0;611.0;32.0;0.0;13.0
S ;Sul;Fio dagua                               ;JACUI          ;JIUHQJ;14 DE JULHO         ;99;2026-07-25 01:00:00;105.27;72.48;235.62;921.0;953.0;326.0;596.0;32.0;0.0;12.0
S ;Sul;Fio dagua                               ;JACUI          ;JIUHQJ;14 DE JULHO         ;99;2026-07-25 02:00:00;105.25;72.48;232.96;904.0;936.0;324.0;580.0;32.0;0.0;13.0
S ;Sul;Fio dagua                               ;JACUI          ;JIUHQJ;14 DE JULHO         ;99;2026-07-25 03:00:00;105.24;72.42;231.63;912.0;928.0;324.0;572.0;32.0;0.0;13.0
S ;Sul;Fio dagua                               ;JACUI          ;JIUHQJ;14 DE JULHO         ;99;2026-07-25 04:00:00;105.21;72.38;227.65;856.0;904.0;324.0;549.0;31.0;0.0;13.0
S ;Sul;Fio dagua                               ;JACUI          ;JIUHQJ;14 DE JULHO         ;99;2026-07-25 05:00:00;105.19;72.35;225.0;857.0;890.0;324.0;534.0;31.0;0.0;12.0
S ;Sul;Fio dagua                               ;JACUI          ;JIUHQJ;14 DE JULHO         ;99;2026-07-25 06:00:00;105.17;72.28;222.35;842.0;874.0;324.0;519.0;31.0;0.0;13.0
S ;Sul;Fio dagua                               ;JACUI          ;JIUHQJ;14 DE JULHO         ;99;2026-07-25 07:00:00;105.16;72.28;221.02;849.0;865.0;322.0;512.0;31.0;0.0;14.0
S ;Sul;Fio dagua                               ;JACUI          ;JIUHQJ;14 DE JULHO         ;99;2026-07-25 08:00:00;105.26;71.6;234.29;982.0;820.0;201.0;588.0;32.0;0.0;128.0
S ;Sul;Fio dagua                               ;JACUI          ;JIUHQJ;14 DE JULHO         ;99;2026-07-25 09:00:00;105.26;71.45;234.29;619.0;619.0;0.0;588.0;32.0;0.0;327.0
S ;Sul;Fio dagua                               ;JACUI          ;JIUHQJ;14 DE JULHO         ;99;2026-07-25 10:00:00;105.26;71.4;234.29;619.0;619.0;0.0;588.0;32.0;0.0;327.0
S ;Sul;Fio dagua                               ;JACUI          ;JIUHQJ;14 DE JULHO         ;99;2026-07-25 11:00:00;105.3;71.4;239.6;715.0;651.0;0.0;619.0;32.0;0.0;326.0
S ;Sul;Fio dagua                               ;JACUI          ;JIUHQJ;14 DE JULHO         ;99;2026-07-25 12:00:00;105.32;71.5;242.25;699.0;667.0;0.0;635.0;32.0;0.0;327.0
S ;Sul;Fio dagua                               ;JACUI          ;JIUHQJ;14 DE JULHO         ;99;2026-07-25 13:00:00;105.35;71.5;246.23;740.0;692.0;0.0;660.0;32.0;0.0;327.0
S ;Sul;Fio dagua                               ;JACUI          ;JIUHQJ;14 DE JULHO         ;99;2026-07-25 14:00:00;105.38;71.7;250.21;765.0;716.0;0.0;685.0;32.0;0.0;328.0
S ;Sul;Fio dagua                               ;JACUI          ;JIUHQJ;14 DE JULHO         ;99;2026-07-25 15:00:00;105.4;71.75;252.87;765.0;733.0;0.0;701.0;32.0;0.0;0.0
S ;Sul;Fio dagua                               ;JACUI          ;JIUHQJ;14 DE JULHO         ;99;2026-07-25 16:00:00;105.42;71.78;255.52;782.0;750.0;0.0;718.0;32.0;0.0;0.0
S ;Sul;Fio dagua                               ;JACUI          ;JIUHQJ;14 DE JULHO         ;99;2026-07-25 17:00:00;105.28;72.48;236.94;591.0;817.0;182.0;603.0;32.0;0.0;0.0
S ;Sul;Fio dagua                               ;JACUI          ;JIUHQJ;14 DE JULHO         ;99;2026-07-25 18:00:00;105.29;72.5;238.27;987.0;971.0;329.0;611.0;32.0;0.0;9.0
S ;Sul;Fio dagua                               ;JACUI          ;JIUHQJ;14 DE JULHO         ;99;2026-07-25 19:00:00;105.27;72.48;235.62;924.0;957.0;329.0;596.0;32.0;0.0;8.0
S ;Sul;Fio dagua                               ;JACUI          ;JIUHQJ;14 DE JULHO         ;99;2026-07-25 20:00:00;105.19;72.4;225.0;766.0;895.0;329.0;534.0;31.0;0.0;8.0
S ;Sul;Fio dagua                               ;JACUI          ;JIUHQJ;14 DE JULHO         ;99;2026-07-25 21:00:00;105.1;72.37;213.06;684.0;829.0;330.0;468.0;31.0;0.0;8.0
S ;Sul;Fio dagua                               ;JACUI          ;JIUHQJ;14 DE JULHO         ;99;2026-07-25 22:00:00;105.03;72.17;203.77;665.0;778.0;326.0;420.0;31.0;0.0;10.0
S ;Sul;Fio dagua                               ;JACUI          ;JIUHQJ;14 DE JULHO         ;99;2026-07-25 23:00:00;104.98;72.1;197.79;666.0;746.0;328.0;387.0;31.0;0.0;8.0
S ;Sul;Fio dagua                               ;JACUI          ;JIUHQJ;14 DE JULHO         ;99;2026-07-25 23:59:00;104.92;72.0;191.8;611.0;708.0;329.0;348.0;31.0;0.0;7.0
S ;Sul;Fio dagua                               ;JACUI          ;JIUHQJ;14 DE JULHO         ;99;2026-07-26 01:00:00;104.9;71.94;189.81;663.0;695.0;329.0;335.0;31.0;0.0;7.0
S ;Sul;Fio dagua                               ;JACUI          ;JIUHQJ;14 DE JULHO         ;99;2026-07-26 02:00:00;104.86;71.88;185.82;606.0;671.0;329.0;311.0;31.0;0.0;7.0
S ;Sul;Fio dagua                               ;JACUI          ;JIUHQJ;14 DE JULHO         ;99;2026-07-26 03:00:00;104.84;71.84;183.82;626.0;658.0;328.0;299.0;31.0;0.0;7.0
S ;Sul;Fio dagua                               ;JACUI          ;JIUHQJ;14 DE JULHO         ;99;2026-07-26 04:00:00;104.82;71.78;181.83;613.0;646.0;328.0;287.0;31.0;0.0;7.0
S ;Sul;Fio dagua                               ;JACUI          ;JIUHQJ;14 DE JULHO         ;99;2026-07-26 05:00:00;104.81;71.78;180.83;624.0;640.0;328.0;281.0;31.0;0.0;7.0
S ;Sul;Fio dagua                               ;JACUI          ;JIUHQJ;14 DE JULHO         ;99;2026-07-26 06:00:00;104.79;71.75;178.83;596.0;628.0;328.0;270.0;31.0;0.0;7.0
S ;Sul;Fio dagua                               ;JACUI          ;JIUHQJ;14 DE JULHO         ;99;2026-07-26 07:00:00;104.78;71.74;177.83;593.0;610.0;315.0;264.0;31.0;0.0;20.0
S ;Sul;Fio dagua                               ;JACUI          ;JIUHQJ;14 DE JULHO         ;99;2026-07-26 08:00:00;104.87;70.71;186.82;493.0;348.0;0.0;317.0;31.0;0.0;316.0
S ;Sul;Fio dagua                               ;JACUI          ;JIUHQJ;14 DE JULHO         ;99;2026-07-26 09:00:00;104.9;70.71;189.81;414.0;366.0;0.0;335.0;31.0;0.0;324.0
S ;Sul;Fio dagua                               ;JACUI          ;JIUHQJ;14 DE JULHO         ;99;2026-07-26 10:00:00;104.92;70.7;191.8;411.0;379.0;0.0;348.0;31.0;0.0;323.0
S ;Sul;Fio dagua                               ;JACUI          ;JIUHQJ;14 DE JULHO         ;99;2026-07-26 11:00:00;105.0;70.75;199.79;560.0;431.0;0.0;400.0;31.0;0.0;323.0
S ;Sul;Fio dagua                               ;JACUI          ;JIUHQJ;14 DE JULHO         ;99;2026-07-26 12:00:00;105.08;70.91;210.4;615.0;486.0;0.0;454.0;31.0;0.0;324.0
S ;Sul;Fio dagua                               ;JACUI          ;JIUHQJ;14 DE JULHO         ;99;2026-07-26 13:00:00;105.12;71.04;215.71;578.0;514.0;0.0;483.0;31.0;0.0;325.0
S ;Sul;Fio dagua                               ;JACUI          ;JIUHQJ;14 DE JULHO         ;99;2026-07-26 14:00:00;105.17;71.15;222.35;631.0;551.0;0.0;519.0;31.0;0.0;325.0
S ;Sul;Fio dagua                               ;JACUI          ;JIUHQJ;14 DE JULHO         ;99;2026-07-26 15:00:00;105.18;71.21;223.67;574.0;558.0;0.0;526.0;31.0;0.0;0.0
S ;Sul;Fio dagua                               ;JACUI          ;JIUHQJ;14 DE JULHO         ;99;2026-07-26 16:00:00;105.19;71.25;225.0;581.0;565.0;0.0;534.0;31.0;0.0;326.0
S ;Sul;Fio dagua                               ;JACUI          ;JIUHQJ;14 DE JULHO         ;99;2026-07-26 17:00:00;105.19;71.29;225.0;565.0;565.0;0.0;534.0;31.0;0.0;0.0
S ;Sul;Fio dagua                               ;JACUI          ;JIUHQJ;14 DE JULHO         ;99;2026-07-26 18:00:00;105.06;72.08;207.75;562.0;772.0;300.0;441.0;31.0;0.0;36.0
S ;Sul;Fio dagua                               ;JACUI          ;JIUHQJ;14 DE JULHO         ;99;2026-07-26 19:00:00;105.05;72.07;206.42;775.0;791.0;326.0;434.0;31.0;0.0;10.0
S ;Sul;Fio dagua                               ;JACUI          ;JIUHQJ;14 DE JULHO         ;99;2026-07-26 20:00:00;105.03;72.08;203.77;746.0;778.0;327.0;420.0;31.0;0.0;0.0
S ;Sul;Fio dagua                               ;JACUI          ;JIUHQJ;14 DE JULHO         ;99;2026-07-26 21:00:00;104.97;72.04;196.79;642.0;739.0;327.0;380.0;31.0;0.0;0.0
S ;Sul;Fio dagua                               ;JACUI          ;JIUHQJ;14 DE JULHO         ;99;2026-07-26 22:00:00;104.82;71.9;181.83;404.0;646.0;328.0;287.0;31.0;0.0;0.0
S ;Sul;Fio dagua                               ;JACUI          ;JIUHQJ;14 DE JULHO         ;99;2026-07-26 23:00:00;104.77;71.81;176.84;536.0;616.0;327.0;258.0;31.0;0.0;9.0
S ;Sul;Fio dagua                               ;JACUI          ;JIUHQJ;14 DE JULHO         ;99;2026-07-26 23:59:00;104.71;71.69;170.85;485.0;581.0;325.0;226.0;31.0;0.0;10.0
S ;Sul;Fio dagua                               ;JACUI          ;JIUHQJ;14 DE JULHO         ;99;2026-07-27 01:00:00;104.66;71.59;165.86;476.0;557.0;326.0;200.0;31.0;0.0;9.0
S ;Sul;Fio dagua                               ;JACUI          ;JIUHQJ;14 DE JULHO         ;99;2026-07-27 02:00:00;104.64;71.53;163.86;514.0;546.0;325.0;191.0;30.0;0.0;9.0
S ;Sul;Fio dagua                               ;JACUI          ;JIUHQJ;14 DE JULHO         ;99;2026-07-27 03:00:00;104.74;70.96;173.84;679.0;518.0;246.0;242.0;31.0;0.0;82.0
S ;Sul;Fio dagua                               ;JACUI          ;JIUHQJ;14 DE JULHO         ;99;2026-07-27 04:00:00;104.72;70.59;171.85;288.0;321.0;59.0;231.0;31.0;0.0;230.0
S ;Sul;Fio dagua                               ;JACUI          ;JIUHQJ;14 DE JULHO         ;99;2026-07-27 05:00:00;104.71;70.55;170.85;299.0;315.0;59.0;226.0;31.0;0.0;225.0
S ;Sul;Fio dagua                               ;JACUI          ;JIUHQJ;14 DE JULHO         ;99;2026-07-27 06:00:00;104.75;70.55;174.84;402.0;337.0;59.0;248.0;31.0;0.0;247.0
S ;Sul;Fio dagua                               ;JACUI          ;JIUHQJ;14 DE JULHO         ;99;2026-07-27 07:00:00;104.76;70.64;175.84;386.0;370.0;86.0;253.0;31.0;0.0;238.0
S ;Sul;Fio dagua                               ;JACUI          ;JIUHQJ;14 DE JULHO         ;99;2026-07-27 08:00:00;104.8;70.91;179.83;533.0;469.0;163.0;275.0;31.0;0.0;0.0
S ;Sul;Fio dagua                               ;JACUI          ;JIUHQJ;14 DE JULHO         ;99;2026-07-27 09:00:00;104.89;70.56;188.81;525.0;380.0;20.0;329.0;31.0;0.0;0.0
S ;Sul;Fio dagua                               ;JACUI          ;JIUHQJ;14 DE JULHO         ;99;2026-07-27 10:00:00;104.9;70.61;189.81;382.0;366.0;0.0;335.0;31.0;0.0;0.0
S ;Sul;Fio dagua                               ;JACUI          ;JIUHQJ;14 DE JULHO         ;99;2026-07-27 11:00:00;104.92;70.62;191.8;411.0;379.0;0.0;348.0;31.0;0.0;0.0
S ;Sul;Fio dagua                               ;JACUI          ;JIUHQJ;14 DE JULHO         ;99;2026-07-27 12:00:00;104.95;70.74;194.8;447.0;399.0;0.0;368.0;31.0;0.0;0.0
S ;Sul;Fio dagua                               ;JACUI          ;JIUHQJ;14 DE JULHO         ;99;2026-07-27 13:00:00;104.98;70.8;197.79;466.0;418.0;0.0;387.0;31.0;0.0;0.0
S ;Sul;Fio dagua                               ;JACUI          ;JIUHQJ;14 DE JULHO         ;99;2026-07-27 14:00:00;105.0;70.85;199.79;463.0;431.0;0.0;400.0;31.0;0.0;324.0
S ;Sul;Fio dagua                               ;JACUI          ;JIUHQJ;14 DE JULHO         ;99;2026-07-27 15:00:00;105.02;70.88;202.44;477.0;445.0;0.0;414.0;31.0;0.0;324.0
S ;Sul;Fio dagua                               ;JACUI          ;JIUHQJ;14 DE JULHO         ;99;2026-07-27 16:00:00;104.92;71.7;191.8;335.0;497.0;118.0;348.0;31.0;0.0;216.0
S ;Sul;Fio dagua                               ;JACUI          ;JIUHQJ;14 DE JULHO         ;99;2026-07-27 17:00:00;104.92;71.8;191.8;702.0;702.0;323.0;348.0;31.0;0.0;11.0
S ;Sul;Fio dagua                               ;JACUI          ;JIUHQJ;14 DE JULHO         ;99;2026-07-27 18:00:00;104.9;71.9;189.81;657.0;689.0;323.0;335.0;31.0;0.0;12.0
S ;Sul;Fio dagua                               ;JACUI          ;JIUHQJ;14 DE JULHO         ;99;2026-07-27 19:00:00;104.88;71.9;187.81;645.0;677.0;323.0;323.0;31.0;0.0;12.0
S ;Sul;Fio dagua                               ;JACUI          ;JIUHQJ;14 DE JULHO         ;99;2026-07-27 20:00:00;104.85;71.8;184.82;609.0;658.0;322.0;305.0;31.0;0.0;13.0
S ;Sul;Fio dagua                               ;JACUI          ;JIUHQJ;14 DE JULHO         ;99;2026-07-27 21:00:00;104.78;71.7;177.83;504.0;617.0;322.0;264.0;31.0;0.0;12.0
S ;Sul;Fio dagua                               ;JACUI          ;JIUHQJ;14 DE JULHO         ;99;2026-07-27 22:00:00;104.72;71.6;171.85;487.0;584.0;322.0;231.0;31.0;0.0;12.0
S ;Sul;Fio dagua                               ;JACUI          ;JIUHQJ;14 DE JULHO         ;99;2026-07-27 23:00:00;104.59;71.5;158.87;310.0;519.0;322.0;167.0;30.0;0.0;12.0
S ;Sul;Fio dagua                               ;JACUI          ;JIUHQJ;14 DE JULHO         ;99;2026-07-27 23:59:00;104.53;71.45;152.89;396.0;493.0;322.0;140.0;30.0;0.0;12.0
S ;Sul;Fio dagua                               ;JACUI          ;JIUHQJ;14 DE JULHO         ;99;2026-07-28 01:00:00;104.51;71.41;150.89;452.0;484.0;322.0;131.0;30.0;0.0;12.0
S ;Sul;Fio dagua                               ;JACUI          ;JIUHQJ;14 DE JULHO         ;99;2026-07-28 02:00:00;104.49;71.39;148.9;444.0;476.0;322.0;123.0;30.0;0.0;12.0
S ;Sul;Fio dagua                               ;JACUI          ;JIUHQJ;14 DE JULHO         ;99;2026-07-28 03:00:00;104.49;71.35;148.9;475.0;475.0;322.0;123.0;30.0;0.0;12.0
S ;Sul;Fio dagua                               ;JACUI          ;JIUHQJ;14 DE JULHO         ;99;2026-07-28 04:00:00;104.47;71.32;146.9;435.0;467.0;321.0;116.0;30.0;0.0;13.0
S ;Sul;Fio dagua                               ;JACUI          ;JIUHQJ;14 DE JULHO         ;99;2026-07-28 05:00:00;104.47;71.35;146.9;468.0;468.0;322.0;116.0;30.0;0.0;12.0
S ;Sul;Fio dagua                               ;JACUI          ;JIUHQJ;14 DE JULHO         ;99;2026-07-28 06:00:00;104.49;71.31;148.9;507.0;475.0;322.0;123.0;30.0;0.0;12.0
S ;Sul;Fio dagua                               ;JACUI          ;JIUHQJ;14 DE JULHO         ;99;2026-07-28 07:00:00;104.52;71.35;151.89;536.0;488.0;322.0;136.0;30.0;0.0;12.0
S ;Sul;Fio dagua                               ;JACUI          ;JIUHQJ;14 DE JULHO         ;99;2026-07-28 08:00:00;104.57;71.43;156.88;591.0;511.0;322.0;158.0;30.0;0.0;11.0
S ;Sul;Fio dagua                               ;JACUI          ;JIUHQJ;14 DE JULHO         ;99;2026-07-28 09:00:00;104.62;71.48;161.87;616.0;536.0;324.0;181.0;30.0;0.0;9.0
S ;Sul;Fio dagua                               ;JACUI          ;JIUHQJ;14 DE JULHO         ;99;2026-07-28 10:00:00;104.89;71.04;188.81;1035.0;600.0;240.0;329.0;31.0;0.0;87.0
S ;Sul;Fio dagua                               ;JACUI          ;JIUHQJ;14 DE JULHO         ;99;2026-07-28 11:00:00;104.96;70.81;195.8;518.0;405.0;0.0;374.0;31.0;0.0;324.0
S ;Sul;Fio dagua                               ;JACUI          ;JIUHQJ;14 DE JULHO         ;99;2026-07-28 12:00:00;105.07;71.04;209.08;656.0;479.0;0.0;448.0;31.0;0.0;325.0
S ;Sul;Fio dagua                               ;JACUI          ;JIUHQJ;14 DE JULHO         ;99;2026-07-28 13:00:00;105.28;71.28;236.94;973.0;635.0;0.0;603.0;32.0;0.0;325.0
S ;Sul;Fio dagua                               ;JACUI          ;JIUHQJ;14 DE JULHO         ;99;2026-07-28 14:00:00;105.57;71.89;275.42;1766.0;1298.0;0.0;1266.0;32.0;0.0;328.0
S ;Sul;Fio dagua                               ;JACUI          ;JIUHQJ;14 DE JULHO         ;99;2026-07-28 15:00:00;105.68;72.88;290.02;1991.0;1813.0;0.0;1781.0;32.0;0.0;337.0
S ;Sul;Fio dagua                               ;JACUI          ;JIUHQJ;14 DE JULHO         ;99;2026-07-28 16:00:00;105.59;74.21;278.08;1737.0;1882.0;157.0;1693.0;32.0;0.0;196.0
S ;Sul;Fio dagua                               ;JACUI          ;JIUHQJ;14 DE JULHO         ;99;2026-07-28 17:00:00;105.52;74.67;268.79;2289.0;2402.0;342.0;2028.0;32.0;0.0;17.0
S ;Sul;Fio dagua                               ;JACUI          ;JIUHQJ;14 DE JULHO         ;99;2026-07-28 18:00:00;105.46;74.98;260.83;2250.0;2347.0;342.0;1973.0;32.0;0.0;21.0
S ;Sul;Fio dagua                               ;JACUI          ;JIUHQJ;14 DE JULHO         ;99;2026-07-28 19:00:00;105.46;74.97;260.83;2341.0;2341.0;336.0;1973.0;32.0;0.0;26.0
S ;Sul;Fio dagua                               ;JACUI          ;JIUHQJ;14 DE JULHO         ;99;2026-07-28 20:00:00;105.61;75.03;280.73;2720.0;2478.0;333.0;2113.0;32.0;0.0;29.0
S ;Sul;Fio dagua                               ;JACUI          ;JIUHQJ;14 DE JULHO         ;99;2026-07-28 21:00:00;105.82;75.23;308.6;3033.0;2695.0;333.0;2329.0;32.0;0.0;28.0
S ;Sul;Fio dagua                               ;JACUI          ;JIUHQJ;14 DE JULHO         ;99;2026-07-28 22:00:00;106.01;75.52;333.81;3215.0;2909.0;335.0;2541.0;33.0;0.0;28.0
S ;Sul;Fio dagua                               ;JACUI          ;JIUHQJ;14 DE JULHO         ;99;2026-07-28 23:00:00;106.0;76.04;332.48;3284.0;3300.0;340.0;2928.0;33.0;0.0;30.0
S ;Sul;Fio dagua                               ;JACUI          ;JIUHQJ;14 DE JULHO         ;99;2026-07-28 23:59:00;106.04;76.03;337.79;3409.0;3344.0;337.0;2975.0;33.0;0.0;32.0
S ;Sul;Fio dagua                               ;JACUI          ;JIUHQJ;14 DE JULHO         ;99;2026-07-29 01:00:00;105.99;76.51;331.16;3599.0;3680.0;339.0;3307.0;33.0;0.0;36.0
S ;Sul;Fio dagua                               ;JACUI          ;JIUHQJ;14 DE JULHO         ;99;2026-07-29 02:00:00;105.99;76.85;331.16;3673.0;3673.0;333.0;3307.0;33.0;0.0;47.0
S ;Sul;Fio dagua                               ;JACUI          ;JIUHQJ;14 DE JULHO         ;99;2026-07-29 03:00:00;106.09;77.11;344.43;3951.0;3790.0;332.0;3425.0;33.0;0.0;50.0
S ;Sul;Fio dagua                               ;JACUI          ;JIUHQJ;14 DE JULHO         ;99;2026-07-29 04:00:00;106.07;77.52;341.77;4117.0;4150.0;331.0;3786.0;33.0;0.0;57.0
S ;Sul;Fio dagua                               ;JACUI          ;JIUHQJ;14 DE JULHO         ;99;2026-07-29 05:00:00;106.18;77.81;356.37;4459.0;4282.0;332.0;3917.0;33.0;0.0;58.0
S ;Sul;Fio dagua                               ;JACUI          ;JIUHQJ;14 DE JULHO         ;99;2026-07-29 06:00:00;106.38;78.0;382.91;4844.0;4522.0;324.0;4164.0;33.0;0.0;66.0
S ;Sul;Fio dagua                               ;JACUI          ;JIUHQJ;14 DE JULHO         ;99;2026-07-29 07:00:00;106.74;77.99;430.68;5441.0;4861.0;180.0;4647.0;34.0;0.0;205.0
S ;Sul;Fio dagua                               ;JACUI          ;JIUHQJ;14 DE JULHO         ;99;2026-07-29 08:00:00;106.91;78.24;453.24;5200.0;4926.0;0.0;4892.0;34.0;0.0;386.0
S ;Sul;Fio dagua                               ;JACUI          ;JIUHQJ;14 DE JULHO         ;99;2026-07-29 09:00:00;107.28;78.71;502.34;6079.0;5483.0;0.0;5448.0;35.0;0.0;387.0
S ;Sul;Fio dagua                               ;JACUI          ;JIUHQJ;14 DE JULHO         ;99;2026-07-29 10:00:00;107.48;79.05;528.87;6122.0;5800.0;0.0;5765.0;35.0;0.0;389.0
S ;Sul;Fio dagua                               ;JACUI          ;JIUHQJ;14 DE JULHO         ;99;2026-07-29 11:00:00;107.54;79.47;536.84;5995.0;5898.0;0.0;5863.0;35.0;0.0;394.0
S ;Sul;Fio dagua                               ;JACUI          ;JIUHQJ;14 DE JULHO         ;99;2026-07-29 12:00:00;107.62;79.67;547.45;6160.0;6031.0;0.0;5995.0;35.0;0.0;396.0
S ;Sul;Fio dagua                               ;JACUI          ;JIUHQJ;14 DE JULHO         ;99;2026-07-29 13:00:00;107.67;79.86;554.09;6195.0;6115.0;0.0;6079.0;35.0;0.0;398.0
S ;Sul;Fio dagua                               ;JACUI          ;JIUHQJ;14 DE JULHO         ;99;2026-07-29 14:00:00;107.69;79.97;556.74;6181.0;6148.0;0.0;6113.0;35.0;0.0;399.0
S ;Sul;Fio dagua                               ;JACUI          ;JIUHQJ;14 DE JULHO         ;99;2026-07-29 15:00:00;107.69;79.64;556.74;6148.0;6148.0;0.0;6113.0;35.0;0.0;395.0
S ;Sul;Fio dagua                               ;JACUI          ;JIUHQJ;14 DE JULHO         ;99;2026-07-29 16:00:00;107.68;79.9;555.41;6115.0;6132.0;0.0;6096.0;35.0;0.0;398.0
S ;Sul;Fio dagua                               ;JACUI          ;JIUHQJ;14 DE JULHO         ;99;2026-07-29 17:00:00;107.65;79.86;551.43;6033.0;6081.0;0.0;6046.0;35.0;0.0;398.0
S ;Sul;Fio dagua                               ;JACUI          ;JIUHQJ;14 DE JULHO         ;99;2026-07-29 18:00:00;107.62;79.79;547.45;5982.0;6031.0;0.0;5995.0;35.0;0.0;398.0
S ;Sul;Fio dagua                               ;JACUI          ;JIUHQJ;14 DE JULHO         ;99;2026-07-29 19:00:00;107.58;79.75;542.14;5900.0;5964.0;0.0;5929.0;35.0;0.0;398.0
S ;Sul;Fio dagua                               ;JACUI          ;JIUHQJ;14 DE JULHO         ;99;2026-07-29 20:00:00;107.51;79.59;532.86;5736.0;5849.0;0.0;5814.0;35.0;0.0;396.0
S ;Sul;Fio dagua                               ;JACUI          ;JIUHQJ;14 DE JULHO         ;99;2026-07-29 21:00:00;107.46;79.57;526.22;5687.0;5768.0;0.0;5733.0;35.0;0.0;397.0
S ;Sul;Fio dagua                               ;JACUI          ;JIUHQJ;14 DE JULHO         ;99;2026-07-29 22:00:00;107.38;79.38;515.61;5511.0;5640.0;0.0;5605.0;35.0;0.0;395.0
S ;Sul;Fio dagua                               ;JACUI          ;JIUHQJ;14 DE JULHO         ;99;2026-07-29 23:00:00;107.31;79.25;506.32;5417.0;5530.0;0.0;5495.0;35.0;0.0;394.0
S ;Sul;Fio dagua                               ;JACUI          ;JIUHQJ;14 DE JULHO         ;99;2026-07-29 23:59:00;107.2;79.1;491.72;5182.0;5359.0;0.0;5324.0;35.0;0.0;394.0
S ;Sul;Fio dagua                               ;JACUI          ;JIUHQJ;14 DE JULHO         ;99;2026-07-30 01:00:00;107.1;78.85;478.45;5048.0;5209.0;0.0;5175.0;35.0;0.0;392.0
S ;Sul;Fio dagua                               ;JACUI          ;JIUHQJ;14 DE JULHO         ;99;2026-07-30 02:00:00;107.0;78.65;465.18;4899.0;5060.0;0.0;5026.0;34.0;0.0;390.0
S ;Sul;Fio dagua                               ;JACUI          ;JIUHQJ;14 DE JULHO         ;99;2026-07-30 03:00:00;106.92;78.5;454.56;4812.0;4941.0;0.0;4907.0;34.0;0.0;389.0
S ;Sul;Fio dagua                               ;JACUI          ;JIUHQJ;14 DE JULHO         ;99;2026-07-30 04:00:00;106.82;78.3;441.3;4634.0;4795.0;0.0;4761.0;34.0;0.0;388.0
S ;Sul;Fio dagua                               ;JACUI          ;JIUHQJ;14 DE JULHO         ;99;2026-07-30 05:00:00;106.63;78.0;416.08;4222.0;4528.0;0.0;4494.0;34.0;0.0;387.0
S ;Sul;Fio dagua                               ;JACUI          ;JIUHQJ;14 DE JULHO         ;99;2026-07-30 06:00:00;106.52;77.8;401.49;4202.0;4379.0;0.0;4346.0;34.0;0.0;385.0
S ;Sul;Fio dagua                               ;JACUI          ;JIUHQJ;14 DE JULHO         ;99;2026-07-30 07:00:00;106.4;77.45;385.56;4029.0;4222.0;0.0;4189.0;33.0;0.0;382.0
S ;Sul;Fio dagua                               ;JACUI          ;JIUHQJ;14 DE JULHO         ;99;2026-07-30 08:00:00;106.28;77.18;369.64;3879.0;4072.0;0.0;4039.0;33.0;0.0;380.0
S ;Sul;Fio dagua                               ;JACUI          ;JIUHQJ;14 DE JULHO         ;99;2026-07-30 09:00:00;106.15;77.08;352.39;3705.0;3915.0;0.0;3881.0;33.0;0.0;381.0
S ;Sul;Fio dagua                               ;JACUI          ;JIUHQJ;14 DE JULHO         ;99;2026-07-30 10:00:00;106.06;76.79;340.45;3662.0;3807.0;0.0;3774.0;33.0;0.0;378.0
S ;Sul;Fio dagua                               ;JACUI          ;JIUHQJ;14 DE JULHO         ;99;2026-07-30 11:00:00;106.0;76.62;332.48;3639.0;3736.0;0.0;3703.0;33.0;0.0;377.0
S ;Sul;Fio dagua                               ;JACUI          ;JIUHQJ;14 DE JULHO         ;99;2026-07-30 12:00:00;105.96;76.33;327.18;3241.0;3305.0;0.0;3273.0;33.0;0.0;373.0
S ;Sul;Fio dagua                               ;JACUI          ;JIUHQJ;14 DE JULHO         ;99;2026-07-30 13:00:00;105.9;75.94;319.21;2944.0;3041.0;0.0;3008.0;33.0;0.0;369.0
S ;Sul;Fio dagua                               ;JACUI          ;JIUHQJ;14 DE JULHO         ;99;2026-07-30 14:00:00;106.1;75.52;345.75;3201.0;2878.0;0.0;2845.0;33.0;0.0;362.0
S ;Sul;Fio dagua                               ;JACUI          ;JIUHQJ;14 DE JULHO         ;99;2026-07-30 15:00:00;106.08;75.8;343.1;2717.0;2749.0;94.0;2623.0;33.0;0.0;272.0
S ;Sul;Fio dagua                               ;JACUI          ;JIUHQJ;14 DE JULHO         ;99;2026-07-30 16:00:00;106.15;75.78;352.39;3184.0;3071.0;335.0;2704.0;33.0;0.0;30.0
S ;Sul;Fio dagua                               ;JACUI          ;JIUHQJ;14 DE JULHO         ;99;2026-07-30 17:00:00;106.06;75.77;340.45;2826.0;2971.0;338.0;2599.0;33.0;0.0;27.0
S ;Sul;Fio dagua                               ;JACUI          ;JIUHQJ;14 DE JULHO         ;99;2026-07-30 18:00:00;105.92;75.62;321.87;2583.0;2808.0;337.0;2439.0;33.0;0.0;28.0
S ;Sul;Fio dagua                               ;JACUI          ;JIUHQJ;14 DE JULHO         ;99;2026-07-30 19:00:00;105.8;75.42;305.94;2481.0;2675.0;335.0;2307.0;32.0;0.0;29.0
S ;Sul;Fio dagua                               ;JACUI          ;JIUHQJ;14 DE JULHO         ;99;2026-07-30 20:00:00;105.84;75.16;311.25;2376.0;2312.0;332.0;1947.0;33.0;0.0;29.0
S ;Sul;Fio dagua                               ;JACUI          ;JIUHQJ;14 DE JULHO         ;99;2026-07-30 21:00:00;106.01;74.53;333.81;2370.0;2096.0;339.0;1724.0;33.0;0.0;13.0
S ;Sul;Fio dagua                               ;JACUI          ;JIUHQJ;14 DE JULHO         ;99;2026-07-30 22:00:00;106.07;74.48;341.77;2264.0;2167.0;342.0;1793.0;33.0;0.0;8.0
S ;Sul;Fio dagua                               ;JACUI          ;JIUHQJ;14 DE JULHO         ;99;2026-07-30 23:00:00;106.05;74.6;339.12;2113.0;2145.0;343.0;1770.0;33.0;0.0;9.0
S ;Sul;Fio dagua                               ;JACUI          ;JIUHQJ;14 DE JULHO         ;99;2026-07-30 23:59:00;106.01;74.53;333.81;2035.0;2100.0;343.0;1724.0;33.0;0.0;9.0
S ;Sul;Fio dagua                               ;JACUI          ;JIUHQJ;14 DE JULHO         ;99;2026-07-31 01:00:00;105.95;74.42;325.85;1935.0;2032.0;342.0;1657.0;33.0;0.0;8.0
S ;Sul;Fio dagua                               ;JACUI          ;JIUHQJ;14 DE JULHO         ;99;2026-07-31 02:00:00;105.92;74.38;321.87;1950.0;1998.0;342.0;1623.0;33.0;0.0;8.0
S ;Sul;Fio dagua                               ;JACUI          ;JIUHQJ;14 DE JULHO         ;99;2026-07-31 03:00:00;105.86;74.28;313.91;1836.0;1932.0;342.0;1558.0;33.0;0.0;9.0
S ;Sul;Fio dagua                               ;JACUI          ;JIUHQJ;14 DE JULHO         ;99;2026-07-31 04:00:00;105.83;73.96;309.93;1641.0;1689.0;339.0;1318.0;33.0;0.0;8.0
S ;Sul;Fio dagua                               ;JACUI          ;JIUHQJ;14 DE JULHO         ;99;2026-07-31 05:00:00;105.89;73.81;317.89;1638.0;1541.0;336.0;1172.0;33.0;0.0;9.0
S ;Sul;Fio dagua                               ;JACUI          ;JIUHQJ;14 DE JULHO         ;99;2026-07-31 06:00:00;105.95;73.63;325.85;1703.0;1606.0;335.0;1238.0;33.0;0.0;8.0
S ;Sul;Fio dagua                               ;JACUI          ;JIUHQJ;14 DE JULHO         ;99;2026-07-31 07:00:00;105.97;73.66;328.5;1660.0;1628.0;334.0;1261.0;33.0;0.0;8.0
S ;Sul;Fio dagua                               ;JACUI          ;JIUHQJ;14 DE JULHO         ;99;2026-07-31 08:00:00;105.96;73.7;327.18;1600.0;1616.0;334.0;1250.0;33.0;0.0;9.0
S ;Sul;Fio dagua                               ;JACUI          ;JIUHQJ;14 DE JULHO         ;99;2026-07-31 09:00:00;105.93;73.69;323.2;1535.0;1583.0;334.0;1216.0;33.0;0.0;9.0
S ;Sul;Fio dagua                               ;JACUI          ;JIUHQJ;14 DE JULHO         ;99;2026-07-31 10:00:00;105.9;73.66;319.21;1502.0;1551.0;335.0;1183.0;33.0;0.0;8.0
S ;Sul;Fio dagua                               ;JACUI          ;JIUHQJ;14 DE JULHO         ;99;2026-07-31 11:00:00;105.86;73.58;313.91;1443.0;1507.0;334.0;1141.0;33.0;0.0;9.0
S ;Sul;Fio dagua                               ;JACUI          ;JIUHQJ;14 DE JULHO         ;99;2026-07-31 12:00:00;105.82;73.53;308.6;1400.0;1465.0;334.0;1098.0;32.0;0.0;9.0
S ;Sul;Fio dagua                               ;JACUI          ;JIUHQJ;14 DE JULHO         ;99;2026-07-31 13:00:00;105.79;73.45;304.62;1385.0;1433.0;334.0;1067.0;32.0;0.0;8.0
S ;Sul;Fio dagua                               ;JACUI          ;JIUHQJ;14 DE JULHO         ;99;2026-07-31 14:00:00;105.76;73.4;300.64;1355.0;1403.0;334.0;1037.0;32.0;0.0;7.0
S ;Sul;Fio dagua                               ;JACUI          ;JIUHQJ;14 DE JULHO         ;99;2026-07-31 15:00:00;105.73;73.31;296.66;1321.0;1369.0;330.0;1006.0;32.0;0.0;11.0
S ;Sul;Fio dagua                               ;JACUI          ;JIUHQJ;14 DE JULHO         ;99;2026-07-31 16:00:00;105.69;73.28;291.35;1263.0;1327.0;329.0;966.0;32.0;0.0;13.0
S ;Sul;Fio dagua                               ;JACUI          ;JIUHQJ;14 DE JULHO         ;99;2026-07-31 17:00:00;105.66;73.19;287.37;1250.0;1298.0;329.0;937.0;32.0;0.0;12.0
S ;Sul;Fio dagua                               ;JACUI          ;JIUHQJ;14 DE JULHO         ;99;2026-07-31 18:00:00;105.63;73.16;283.39;1220.0;1269.0;328.0;908.0;32.0;0.0;12.0
S ;Sul;Fio dagua                               ;JACUI          ;JIUHQJ;14 DE JULHO         ;99;2026-07-31 19:00:00;105.6;73.12;279.41;1191.0;1239.0;328.0;879.0;32.0;0.0;13.0
S ;Sul;Fio dagua                               ;JACUI          ;JIUHQJ;14 DE JULHO         ;99;2026-07-31 20:00:00;105.55;72.02;272.77;1102.0;1183.0;317.0;834.0;32.0;0.0;13.0
S ;Sul;Fio dagua                               ;JACUI          ;JIUHQJ;14 DE JULHO         ;99;2026-07-31 21:00:00;105.52;72.96;268.79;1117.0;1165.0;327.0;806.0;32.0;0.0;13.0
S ;Sul;Fio dagua                               ;JACUI          ;JIUHQJ;14 DE JULHO         ;99;2026-07-31 22:00:00;105.5;72.89;266.14;1115.0;1147.0;327.0;788.0;32.0;0.0;12.0
S ;Sul;Fio dagua                               ;JACUI          ;JIUHQJ;14 DE JULHO         ;99;2026-07-31 23:00:00;105.48;72.83;263.48;1096.0;1129.0;326.0;771.0;32.0;0.0;13.0
S ;Sul;Fio dagua                               ;JACUI          ;JIUHQJ;14 DE JULHO         ;99;2026-07-31 23:59:00;105.45;72.8;259.5;1054.0;1102.0;326.0;744.0;32.0;0.0;13.0
S ;Sul;Fio dagua                               ;JACUI          ;JIUHCA;CASTRO ALVES        ;97;2026-07-01 01:00:00;240.15;148.35;117.42;185.0;185.0;157.0;9.0;19.0;0.0;2.0
S ;Sul;Fio dagua                               ;JACUI          ;JIUHCA;CASTRO ALVES        ;97;2026-07-01 02:00:00;240.15;148.33;117.42;185.0;185.0;157.0;9.0;19.0;0.0;2.0
S ;Sul;Fio dagua                               ;JACUI          ;JIUHCA;CASTRO ALVES        ;97;2026-07-01 03:00:00;240.15;148.42;117.42;185.0;185.0;157.0;9.0;19.0;0.0;2.0
S ;Sul;Fio dagua                               ;JACUI          ;JIUHCA;CASTRO ALVES        ;97;2026-07-01 04:00:00;240.15;148.53;117.42;185.0;185.0;157.0;9.0;19.0;0.0;3.0
S ;Sul;Fio dagua                               ;JACUI          ;JIUHCA;CASTRO ALVES        ;97;2026-07-01 05:00:00;240.14;148.58;116.25;169.0;184.0;157.0;8.0;19.0;0.0;3.0
S ;Sul;Fio dagua                               ;JACUI          ;JIUHCA;CASTRO ALVES        ;97;2026-07-01 06:00:00;240.14;148.47;116.25;184.0;184.0;157.0;8.0;19.0;0.0;3.0
S ;Sul;Fio dagua                               ;JACUI          ;JIUHCA;CASTRO ALVES        ;97;2026-07-01 07:00:00;240.14;148.34;116.25;184.0;184.0;157.0;8.0;19.0;0.0;2.0
S ;Sul;Fio dagua                               ;JACUI          ;JIUHCA;CASTRO ALVES        ;97;2026-07-01 08:00:00;240.14;148.31;116.25;184.0;184.0;157.0;8.0;19.0;0.0;2.0
S ;Sul;Fio dagua                               ;JACUI          ;JIUHCA;CASTRO ALVES        ;97;2026-07-01 09:00:00;240.15;148.3;117.42;200.0;185.0;157.0;9.0;19.0;0.0;2.0
S ;Sul;Fio dagua                               ;JACUI          ;JIUHCA;CASTRO ALVES        ;97;2026-07-01 10:00:00;240.18;148.3;120.9;232.0;188.0;157.0;12.0;19.0;0.0;2.0
S ;Sul;Fio dagua                               ;JACUI          ;JIUHCA;CASTRO ALVES        ;97;2026-07-01 11:00:00;240.23;148.71;126.7;267.0;193.0;157.0;17.0;19.0;0.0;3.0
S ;Sul;Fio dagua                               ;JACUI          ;JIUHCA;CASTRO ALVES        ;97;2026-07-01 12:00:00;240.26;148.8;130.19;241.0;197.0;157.0;21.0;19.0;0.0;3.0
S ;Sul;Fio dagua                               ;JACUI          ;JIUHCA;CASTRO ALVES        ;97;2026-07-01 13:00:00;240.32;148.87;137.15;293.0;204.0;157.0;28.0;19.0;0.0;3.0
S ;Sul;Fio dagua                               ;JACUI          ;JIUHCA;CASTRO ALVES        ;97;2026-07-01 14:00:00;240.34;148.91;139.48;237.0;207.0;157.0;31.0;19.0;0.0;3.0
S ;Sul;Fio dagua                               ;JACUI          ;JIUHCA;CASTRO ALVES        ;97;2026-07-01 15:00:00;240.37;148.87;142.96;256.0;212.0;157.0;36.0;19.0;0.0;3.0
S ;Sul;Fio dagua                               ;JACUI          ;JIUHCA;CASTRO ALVES        ;97;2026-07-01 16:00:00;240.4;148.61;146.44;261.0;216.0;157.0;40.0;19.0;0.0;3.0
S ;Sul;Fio dagua                               ;JACUI          ;JIUHCA;CASTRO ALVES        ;97;2026-07-01 17:00:00;240.42;148.51;148.76;249.0;219.0;156.0;43.0;19.0;0.0;3.0
S ;Sul;Fio dagua                               ;JACUI          ;JIUHCA;CASTRO ALVES        ;97;2026-07-01 18:00:00;240.43;148.54;149.92;235.0;221.0;156.0;45.0;19.0;0.0;3.0
S ;Sul;Fio dagua                               ;JACUI          ;JIUHCA;CASTRO ALVES        ;97;2026-07-01 19:00:00;240.44;148.56;151.09;237.0;222.0;156.0;47.0;19.0;0.0;3.0
S ;Sul;Fio dagua                               ;JACUI          ;JIUHCA;CASTRO ALVES        ;97;2026-07-01 20:00:00;240.47;148.57;154.57;272.0;228.0;156.0;52.0;19.0;0.0;3.0
S ;Sul;Fio dagua                               ;JACUI          ;JIUHCA;CASTRO ALVES        ;97;2026-07-01 21:00:00;240.48;148.6;155.73;244.0;229.0;156.0;54.0;19.0;0.0;3.0
S ;Sul;Fio dagua                               ;JACUI          ;JIUHCA;CASTRO ALVES        ;97;2026-07-01 22:00:00;240.49;148.7;156.89;246.0;231.0;157.0;55.0;19.0;0.0;3.0
S ;Sul;Fio dagua                               ;JACUI          ;JIUHCA;CASTRO ALVES        ;97;2026-07-01 23:00:00;240.5;148.74;158.05;248.0;233.0;156.0;57.0;19.0;0.0;3.0
S ;Sul;Fio dagua                               ;JACUI          ;JIUHCA;CASTRO ALVES        ;97;2026-07-01 23:59:00;240.53;148.84;161.54;283.0;239.0;156.0;63.0;19.0;0.0;3.0
S ;Sul;Fio dagua                               ;JACUI          ;JIUHCA;CASTRO ALVES        ;97;2026-07-02 01:00:00;240.57;149.17;166.18;306.0;246.0;157.0;70.0;19.0;0.0;3.0
S ;Sul;Fio dagua                               ;JACUI          ;JIUHCA;CASTRO ALVES        ;97;2026-07-02 02:00:00;240.64;149.2;174.31;364.0;260.0;156.0;85.0;20.0;0.0;4.0
S ;Sul;Fio dagua                               ;JACUI          ;JIUHCA;CASTRO ALVES        ;97;2026-07-02 03:00:00;240.71;149.25;182.43;380.0;276.0;156.0;100.0;20.0;0.0;4.0
S ;Sul;Fio dagua                               ;JACUI          ;JIUHCA;CASTRO ALVES        ;97;2026-07-02 04:00:00;240.77;149.33;189.4;379.0;290.0;156.0;114.0;20.0;0.0;3.0
S ;Sul;Fio dagua                               ;JACUI          ;JIUHCA;CASTRO ALVES        ;97;2026-07-02 05:00:00;240.86;149.38;199.85;536.0;403.0;156.0;227.0;20.0;0.0;3.0
S ;Sul;Fio dagua                               ;JACUI          ;JIUHCA;CASTRO ALVES        ;97;2026-07-02 06:00:00;240.93;149.13;207.98;538.0;434.0;157.0;257.0;20.0;0.0;3.0
S ;Sul;Fio dagua                               ;JACUI          ;JIUHCA;CASTRO ALVES        ;97;2026-07-02 07:00:00;240.99;149.13;214.94;551.0;462.0;157.0;285.0;20.0;0.0;2.0
S ;Sul;Fio dagua                               ;JACUI          ;JIUHCA;CASTRO ALVES        ;97;2026-07-02 08:00:00;241.03;149.37;219.59;539.0;480.0;157.0;303.0;20.0;0.0;2.0
S ;Sul;Fio dagua                               ;JACUI          ;JIUHCA;CASTRO ALVES        ;97;2026-07-02 09:00:00;241.05;149.49;221.91;519.0;489.0;157.0;312.0;20.0;0.0;2.0
S ;Sul;Fio dagua                               ;JACUI          ;JIUHCA;CASTRO ALVES        ;97;2026-07-02 10:00:00;241.11;149.33;228.88;606.0;517.0;157.0;340.0;20.0;0.0;2.0
S ;Sul;Fio dagua                               ;JACUI          ;JIUHCA;CASTRO ALVES        ;97;2026-07-02 11:00:00;241.2;149.32;239.32;695.0;561.0;157.0;384.0;20.0;0.0;2.0
S ;Sul;Fio dagua                               ;JACUI          ;JIUHCA;CASTRO ALVES        ;97;2026-07-02 12:00:00;241.35;149.36;256.74;861.0;639.0;157.0;462.0;20.0;0.0;2.0
S ;Sul;Fio dagua                               ;JACUI          ;JIUHCA;CASTRO ALVES        ;97;2026-07-02 13:00:00;241.49;149.48;273.0;924.0;717.0;157.0;540.0;20.0;0.0;2.0
S ;Sul;Fio dagua                               ;JACUI          ;JIUHCA;CASTRO ALVES        ;97;2026-07-02 14:00:00;241.64;149.55;290.41;1030.0;808.0;157.0;630.0;21.0;0.0;2.0
S ;Sul;Fio dagua                               ;JACUI          ;JIUHCA;CASTRO ALVES        ;97;2026-07-02 15:00:00;241.79;149.41;307.83;1127.0;905.0;156.0;728.0;21.0;0.0;2.0
S ;Sul;Fio dagua                               ;JACUI          ;JIUHCA;CASTRO ALVES        ;97;2026-07-02 16:00:00;241.87;149.55;317.11;1079.0;960.0;156.0;783.0;21.0;0.0;2.0
S ;Sul;Fio dagua                               ;JACUI          ;JIUHCA;CASTRO ALVES        ;97;2026-07-02 17:00:00;241.95;149.78;326.4;1135.0;1017.0;157.0;839.0;21.0;0.0;2.0
S ;Sul;Fio dagua                               ;JACUI          ;JIUHCA;CASTRO ALVES        ;97;2026-07-02 18:00:00;242.03;150.1;335.69;1194.0;1076.0;157.0;897.0;21.0;0.0;2.0
S ;Sul;Fio dagua                               ;JACUI          ;JIUHCA;CASTRO ALVES        ;97;2026-07-02 19:00:00;242.07;150.25;340.34;1164.0;1105.0;157.0;927.0;21.0;0.0;2.0
S ;Sul;Fio dagua                               ;JACUI          ;JIUHCA;CASTRO ALVES        ;97;2026-07-02 20:00:00;242.1;150.36;343.82;1172.0;1127.0;157.0;949.0;21.0;0.0;2.0
S ;Sul;Fio dagua                               ;JACUI          ;JIUHCA;CASTRO ALVES        ;97;2026-07-02 21:00:00;242.11;150.42;344.98;1150.0;1135.0;157.0;956.0;21.0;0.0;2.0
S ;Sul;Fio dagua                               ;JACUI          ;JIUHCA;CASTRO ALVES        ;97;2026-07-02 22:00:00;242.12;150.47;346.14;1157.0;1142.0;157.0;964.0;21.0;0.0;2.0
S ;Sul;Fio dagua                               ;JACUI          ;JIUHCA;CASTRO ALVES        ;97;2026-07-02 23:00:00;242.12;150.5;346.14;1142.0;1142.0;157.0;964.0;21.0;0.0;2.0
S ;Sul;Fio dagua                               ;JACUI          ;JIUHCA;CASTRO ALVES        ;97;2026-07-02 23:59:00;242.12;150.48;346.14;1142.0;1142.0;157.0;964.0;21.0;0.0;2.0
S ;Sul;Fio dagua                               ;JACUI          ;JIUHCA;CASTRO ALVES        ;97;2026-07-03 01:00:00;242.13;150.48;347.3;1164.0;1150.0;157.0;971.0;21.0;0.0;2.0
S ;Sul;Fio dagua                               ;JACUI          ;JIUHCA;CASTRO ALVES        ;97;2026-07-03 02:00:00;242.15;150.48;349.62;1194.0;1165.0;157.0;986.0;21.0;0.0;2.0
S ;Sul;Fio dagua                               ;JACUI          ;JIUHCA;CASTRO ALVES        ;97;2026-07-03 03:00:00;242.17;150.48;351.95;1210.0;1180.0;158.0;1001.0;21.0;0.0;2.0
S ;Sul;Fio dagua                               ;JACUI          ;JIUHCA;CASTRO ALVES        ;97;2026-07-03 04:00:00;242.17;150.48;351.95;1180.0;1180.0;157.0;1001.0;21.0;0.0;2.0
S ;Sul;Fio dagua                               ;JACUI          ;JIUHCA;CASTRO ALVES        ;97;2026-07-03 05:00:00;242.16;150.51;350.78;1158.0;1173.0;158.0;994.0;21.0;0.0;2.0
S ;Sul;Fio dagua                               ;JACUI          ;JIUHCA;CASTRO ALVES        ;97;2026-07-03 06:00:00;242.15;150.5;349.62;1150.0;1165.0;158.0;986.0;21.0;0.0;2.0
S ;Sul;Fio dagua                               ;JACUI          ;JIUHCA;CASTRO ALVES        ;97;2026-07-03 07:00:00;242.13;150.48;347.3;1120.0;1150.0;157.0;971.0;21.0;0.0;2.0
S ;Sul;Fio dagua                               ;JACUI          ;JIUHCA;CASTRO ALVES        ;97;2026-07-03 08:00:00;242.12;150.46;346.14;1127.0;1142.0;157.0;964.0;21.0;0.0;2.0
S ;Sul;Fio dagua                               ;JACUI          ;JIUHCA;CASTRO ALVES        ;97;2026-07-03 09:00:00;242.11;150.46;344.98;1120.0;1135.0;157.0;956.0;21.0;0.0;2.0
S ;Sul;Fio dagua                               ;JACUI          ;JIUHCA;CASTRO ALVES        ;97;2026-07-03 10:00:00;242.09;150.44;342.66;1090.0;1120.0;157.0;942.0;21.0;0.0;2.0
S ;Sul;Fio dagua                               ;JACUI          ;JIUHCA;CASTRO ALVES        ;97;2026-07-03 11:00:00;242.05;150.37;338.01;1031.0;1091.0;157.0;912.0;21.0;0.0;2.0
S ;Sul;Fio dagua                               ;JACUI          ;JIUHCA;CASTRO ALVES        ;97;2026-07-03 12:00:00;242.02;150.33;334.53;1023.0;1067.0;156.0;890.0;21.0;0.0;3.0
S ;Sul;Fio dagua                               ;JACUI          ;JIUHCA;CASTRO ALVES        ;97;2026-07-03 13:00:00;242.0;150.33;332.21;1024.0;1054.0;157.0;875.0;21.0;0.0;2.0
S ;Sul;Fio dagua                               ;JACUI          ;JIUHCA;CASTRO ALVES        ;97;2026-07-03 14:00:00;241.96;150.26;327.56;966.0;1025.0;157.0;846.0;21.0;0.0;2.0
S ;Sul;Fio dagua                               ;JACUI          ;JIUHCA;CASTRO ALVES        ;97;2026-07-03 15:00:00;241.92;150.19;322.92;937.0;996.0;157.0;818.0;21.0;0.0;2.0
S ;Sul;Fio dagua                               ;JACUI          ;JIUHCA;CASTRO ALVES        ;97;2026-07-03 16:00:00;241.88;149.91;318.28;907.0;967.0;156.0;790.0;21.0;0.0;3.0
S ;Sul;Fio dagua                               ;JACUI          ;JIUHCA;CASTRO ALVES        ;97;2026-07-03 17:00:00;241.84;149.69;313.63;878.0;937.0;154.0;762.0;21.0;0.0;5.0
S ;Sul;Fio dagua                               ;JACUI          ;JIUHCA;CASTRO ALVES        ;97;2026-07-03 18:00:00;241.79;149.81;307.83;829.0;903.0;154.0;728.0;21.0;0.0;5.0
S ;Sul;Fio dagua                               ;JACUI          ;JIUHCA;CASTRO ALVES        ;97;2026-07-03 19:00:00;241.75;149.86;303.18;817.0;877.0;154.0;702.0;21.0;0.0;5.0
S ;Sul;Fio dagua                               ;JACUI          ;JIUHCA;CASTRO ALVES        ;97;2026-07-03 20:00:00;241.71;149.81;298.54;791.0;850.0;154.0;675.0;21.0;0.0;5.0
S ;Sul;Fio dagua                               ;JACUI          ;JIUHCA;CASTRO ALVES        ;97;2026-07-03 21:00:00;241.66;149.72;292.73;744.0;818.0;154.0;643.0;21.0;0.0;5.0
S ;Sul;Fio dagua                               ;JACUI          ;JIUHCA;CASTRO ALVES        ;97;2026-07-03 22:00:00;241.61;149.65;286.93;713.0;787.0;154.0;612.0;21.0;0.0;5.0
S ;Sul;Fio dagua                               ;JACUI          ;JIUHCA;CASTRO ALVES        ;97;2026-07-03 23:00:00;241.58;149.56;283.44;724.0;768.0;154.0;593.0;21.0;0.0;5.0
S ;Sul;Fio dagua                               ;JACUI          ;JIUHCA;CASTRO ALVES        ;97;2026-07-03 23:59:00;241.53;149.47;277.64;663.0;737.0;154.0;563.0;21.0;0.0;5.0
S ;Sul;Fio dagua                               ;JACUI          ;JIUHCA;CASTRO ALVES        ;97;2026-07-04 01:00:00;241.5;149.4;274.16;676.0;720.0;154.0;545.0;20.0;0.0;5.0
S ;Sul;Fio dagua                               ;JACUI          ;JIUHCA;CASTRO ALVES        ;97;2026-07-04 02:00:00;241.44;149.32;267.19;602.0;691.0;154.0;511.0;25.0;0.0;5.0
S ;Sul;Fio dagua                               ;JACUI          ;JIUHCA;CASTRO ALVES        ;97;2026-07-04 03:00:00;241.41;149.24;263.71;625.0;669.0;154.0;495.0;20.0;0.0;5.0
S ;Sul;Fio dagua                               ;JACUI          ;JIUHCA;CASTRO ALVES        ;97;2026-07-04 04:00:00;241.38;149.28;260.22;608.0;653.0;154.0;478.0;20.0;0.0;5.0
S ;Sul;Fio dagua                               ;JACUI          ;JIUHCA;CASTRO ALVES        ;97;2026-07-04 05:00:00;241.34;149.29;255.58;572.0;631.0;154.0;457.0;20.0;0.0;5.0
S ;Sul;Fio dagua                               ;JACUI          ;JIUHCA;CASTRO ALVES        ;97;2026-07-04 06:00:00;241.31;149.23;252.1;571.0;615.0;154.0;441.0;20.0;0.0;5.0
S ;Sul;Fio dagua                               ;JACUI          ;JIUHCA;CASTRO ALVES        ;97;2026-07-04 07:00:00;241.28;149.16;248.61;555.0;599.0;154.0;425.0;20.0;0.0;5.0
S ;Sul;Fio dagua                               ;JACUI          ;JIUHCA;CASTRO ALVES        ;97;2026-07-04 08:00:00;241.24;149.32;243.97;520.0;579.0;154.0;404.0;20.0;0.0;5.0
S ;Sul;Fio dagua                               ;JACUI          ;JIUHCA;CASTRO ALVES        ;97;2026-07-04 09:00:00;241.2;149.4;239.32;500.0;559.0;155.0;384.0;20.0;0.0;5.0
S ;Sul;Fio dagua                               ;JACUI          ;JIUHCA;CASTRO ALVES        ;97;2026-07-04 10:00:00;241.16;149.38;234.68;480.0;539.0;155.0;364.0;20.0;0.0;5.0
S ;Sul;Fio dagua                               ;JACUI          ;JIUHCA;CASTRO ALVES        ;97;2026-07-04 11:00:00;241.12;149.3;230.04;460.0;520.0;155.0;345.0;20.0;0.0;5.0
S ;Sul;Fio dagua                               ;JACUI          ;JIUHCA;CASTRO ALVES        ;97;2026-07-04 12:00:00;241.09;149.27;226.55;461.0;505.0;155.0;331.0;20.0;0.0;5.0
S ;Sul;Fio dagua                               ;JACUI          ;JIUHCA;CASTRO ALVES        ;97;2026-07-04 13:00:00;241.07;149.21;224.23;466.0;496.0;155.0;321.0;20.0;0.0;5.0
S ;Sul;Fio dagua                               ;JACUI          ;JIUHCA;CASTRO ALVES        ;97;2026-07-04 14:00:00;241.04;149.15;220.75;438.0;482.0;155.0;307.0;20.0;0.0;5.0
S ;Sul;Fio dagua                               ;JACUI          ;JIUHCA;CASTRO ALVES        ;97;2026-07-04 15:00:00;241.02;149.1;218.43;442.0;472.0;154.0;298.0;20.0;0.0;5.0
S ;Sul;Fio dagua                               ;JACUI          ;JIUHCA;CASTRO ALVES        ;97;2026-07-04 16:00:00;241.0;149.07;216.1;433.0;463.0;154.0;289.0;20.0;0.0;5.0
S ;Sul;Fio dagua                               ;JACUI          ;JIUHCA;CASTRO ALVES        ;97;2026-07-04 17:00:00;240.98;148.78;213.78;424.0;453.0;153.0;280.0;20.0;0.0;5.0
S ;Sul;Fio dagua                               ;JACUI          ;JIUHCA;CASTRO ALVES        ;97;2026-07-04 18:00:00;240.96;148.86;211.46;415.0;444.0;153.0;271.0;20.0;0.0;6.0
S ;Sul;Fio dagua                               ;JACUI          ;JIUHCA;CASTRO ALVES        ;97;2026-07-04 19:00:00;240.95;148.94;210.3;425.0;440.0;153.0;266.0;20.0;0.0;6.0
S ;Sul;Fio dagua                               ;JACUI          ;JIUHCA;CASTRO ALVES        ;97;2026-07-04 20:00:00;240.92;148.95;206.82;382.0;426.0;153.0;253.0;20.0;0.0;6.0
S ;Sul;Fio dagua                               ;JACUI          ;JIUHCA;CASTRO ALVES        ;97;2026-07-04 21:00:00;240.9;148.96;204.49;388.0;417.0;153.0;244.0;20.0;0.0;6.0
S ;Sul;Fio dagua                               ;JACUI          ;JIUHCA;CASTRO ALVES        ;97;2026-07-04 22:00:00;240.88;148.92;202.17;379.0;409.0;153.0;235.0;20.0;0.0;6.0
S ;Sul;Fio dagua                               ;JACUI          ;JIUHCA;CASTRO ALVES        ;97;2026-07-04 23:00:00;240.86;148.89;199.85;370.0;400.0;153.0;227.0;20.0;0.0;6.0
S ;Sul;Fio dagua                               ;JACUI          ;JIUHCA;CASTRO ALVES        ;97;2026-07-04 23:59:00;240.83;148.82;196.37;343.0;387.0;153.0;214.0;20.0;0.0;6.0
S ;Sul;Fio dagua                               ;JACUI          ;JIUHCA;CASTRO ALVES        ;97;2026-07-05 01:00:00;240.81;148.78;194.04;349.0;379.0;153.0;206.0;20.0;0.0;5.0
S ;Sul;Fio dagua                               ;JACUI          ;JIUHCA;CASTRO ALVES        ;97;2026-07-05 02:00:00;240.8;148.75;192.88;360.0;375.0;154.0;202.0;20.0;0.0;5.0
S ;Sul;Fio dagua                               ;JACUI          ;JIUHCA;CASTRO ALVES        ;97;2026-07-05 03:00:00;240.77;148.72;189.4;318.0;363.0;154.0;190.0;20.0;0.0;5.0
S ;Sul;Fio dagua                               ;JACUI          ;JIUHCA;CASTRO ALVES        ;97;2026-07-05 04:00:00;240.75;148.67;187.08;325.0;355.0;154.0;182.0;20.0;0.0;5.0
S ;Sul;Fio dagua                               ;JACUI          ;JIUHCA;CASTRO ALVES        ;97;2026-07-05 05:00:00;240.74;148.64;185.92;336.0;351.0;153.0;178.0;20.0;0.0;5.0
S ;Sul;Fio dagua                               ;JACUI          ;JIUHCA;CASTRO ALVES        ;97;2026-07-05 06:00:00;240.71;148.7;182.43;295.0;340.0;154.0;166.0;20.0;0.0;5.0
S ;Sul;Fio dagua                               ;JACUI          ;JIUHCA;CASTRO ALVES        ;97;2026-07-05 07:00:00;240.7;148.7;181.27;321.0;336.0;154.0;163.0;20.0;0.0;5.0
S ;Sul;Fio dagua                               ;JACUI          ;JIUHCA;CASTRO ALVES        ;97;2026-07-05 08:00:00;240.69;148.9;180.11;318.0;332.0;154.0;159.0;20.0;0.0;5.0
S ;Sul;Fio dagua                               ;JACUI          ;JIUHCA;CASTRO ALVES        ;97;2026-07-05 09:00:00;240.68;149.0;178.95;314.0;329.0;154.0;155.0;20.0;0.0;5.0
S ;Sul;Fio dagua                               ;JACUI          ;JIUHCA;CASTRO ALVES        ;97;2026-07-05 10:00:00;240.67;149.05;177.79;311.0;325.0;154.0;152.0;20.0;0.0;5.0
S ;Sul;Fio dagua                               ;JACUI          ;JIUHCA;CASTRO ALVES        ;97;2026-07-05 11:00:00;240.65;149.1;175.47;289.0;318.0;154.0;145.0;20.0;0.0;6.0
S ;Sul;Fio dagua                               ;JACUI          ;JIUHCA;CASTRO ALVES        ;97;2026-07-05 12:00:00;240.64;149.1;174.31;300.0;315.0;154.0;141.0;20.0;0.0;6.0
S ;Sul;Fio dagua                               ;JACUI          ;JIUHCA;CASTRO ALVES        ;97;2026-07-05 13:00:00;240.62;149.1;171.98;278.0;308.0;154.0;134.0;20.0;0.0;5.0
S ;Sul;Fio dagua                               ;JACUI          ;JIUHCA;CASTRO ALVES        ;97;2026-07-05 14:00:00;240.61;149.1;170.82;290.0;304.0;154.0;131.0;20.0;0.0;5.0
S ;Sul;Fio dagua                               ;JACUI          ;JIUHCA;CASTRO ALVES        ;97;2026-07-05 15:00:00;240.58;149.12;167.34;250.0;294.0;154.0;121.0;19.0;0.0;5.0
S ;Sul;Fio dagua                               ;JACUI          ;JIUHCA;CASTRO ALVES        ;97;2026-07-05 16:00:00;240.56;149.12;165.02;260.0;290.0;156.0;114.0;19.0;0.0;3.0
S ;Sul;Fio dagua                               ;JACUI          ;JIUHCA;CASTRO ALVES        ;97;2026-07-05 17:00:00;240.54;148.88;162.7;255.0;285.0;158.0;108.0;19.0;0.0;2.0
S ;Sul;Fio dagua                               ;JACUI          ;JIUHCA;CASTRO ALVES        ;97;2026-07-05 18:00:00;240.53;148.78;161.54;267.0;282.0;158.0;104.0;19.0;0.0;1.0
S ;Sul;Fio dagua                               ;JACUI          ;JIUHCA;CASTRO ALVES        ;97;2026-07-05 19:00:00;240.52;148.73;160.37;264.0;279.0;158.0;101.0;19.0;0.0;1.0
S ;Sul;Fio dagua                               ;JACUI          ;JIUHCA;CASTRO ALVES        ;97;2026-07-05 20:00:00;240.51;148.72;159.21;261.0;276.0;158.0;98.0;19.0;0.0;1.0
S ;Sul;Fio dagua                               ;JACUI          ;JIUHCA;CASTRO ALVES        ;97;2026-07-05 21:00:00;240.5;148.71;158.05;258.0;273.0;158.0;95.0;19.0;0.0;1.0
S ;Sul;Fio dagua                               ;JACUI          ;JIUHCA;CASTRO ALVES        ;97;2026-07-05 22:00:00;240.48;148.7;155.73;237.0;267.0;158.0;89.0;19.0;0.0;1.0
S ;Sul;Fio dagua                               ;JACUI          ;JIUHCA;CASTRO ALVES        ;97;2026-07-05 23:00:00;240.47;148.71;154.57;249.0;264.0;158.0;86.0;19.0;0.0;1.0
S ;Sul;Fio dagua                               ;JACUI          ;JIUHCA;CASTRO ALVES        ;97;2026-07-05 23:59:00;240.45;148.67;152.25;229.0;258.0;158.0;81.0;19.0;0.0;1.0
S ;Sul;Fio dagua                               ;JACUI          ;JIUHCA;CASTRO ALVES        ;97;2026-07-06 01:00:00;240.45;148.65;152.25;258.0;258.0;158.0;81.0;19.0;0.0;1.0
S ;Sul;Fio dagua                               ;JACUI          ;JIUHCA;CASTRO ALVES        ;97;2026-07-06 02:00:00;240.44;148.63;151.09;240.0;255.0;158.0;78.0;19.0;0.0;1.0
S ;Sul;Fio dagua                               ;JACUI          ;JIUHCA;CASTRO ALVES        ;97;2026-07-06 03:00:00;240.42;148.63;148.76;220.0;250.0;158.0;72.0;19.0;0.0;1.0
S ;Sul;Fio dagua                               ;JACUI          ;JIUHCA;CASTRO ALVES        ;97;2026-07-06 04:00:00;240.41;148.61;147.6;232.0;247.0;158.0;70.0;19.0;0.0;1.0
S ;Sul;Fio dagua                               ;JACUI          ;JIUHCA;CASTRO ALVES        ;97;2026-07-06 05:00:00;240.4;148.61;146.44;230.0;244.0;158.0;67.0;19.0;0.0;1.0
S ;Sul;Fio dagua                               ;JACUI          ;JIUHCA;CASTRO ALVES        ;97;2026-07-06 06:00:00;240.39;148.56;145.28;227.0;242.0;158.0;64.0;19.0;0.0;1.0
S ;Sul;Fio dagua                               ;JACUI          ;JIUHCA;CASTRO ALVES        ;97;2026-07-06 07:00:00;240.38;148.57;144.12;224.0;239.0;158.0;62.0;19.0;0.0;1.0
S ;Sul;Fio dagua                               ;JACUI          ;JIUHCA;CASTRO ALVES        ;97;2026-07-06 08:00:00;240.37;148.54;142.96;221.0;235.0;157.0;59.0;19.0;0.0;2.0
S ;Sul;Fio dagua                               ;JACUI          ;JIUHCA;CASTRO ALVES        ;97;2026-07-06 09:00:00;240.36;148.87;141.8;217.0;232.0;156.0;57.0;19.0;0.0;4.0
S ;Sul;Fio dagua                               ;JACUI          ;JIUHCA;CASTRO ALVES        ;97;2026-07-06 10:00:00;240.41;148.93;147.6;249.0;175.0;86.0;70.0;19.0;0.0;69.0
S ;Sul;Fio dagua                               ;JACUI          ;JIUHCA;CASTRO ALVES        ;97;2026-07-06 11:00:00;240.48;148.81;155.73;212.0;109.0;0.0;89.0;19.0;0.0;89.0
S ;Sul;Fio dagua                               ;JACUI          ;JIUHCA;CASTRO ALVES        ;97;2026-07-06 12:00:00;240.5;148.86;158.05;203.0;174.0;59.0;95.0;19.0;0.0;95.0
S ;Sul;Fio dagua                               ;JACUI          ;JIUHCA;CASTRO ALVES        ;97;2026-07-06 13:00:00;240.46;148.98;153.41;200.0;259.0;156.0;84.0;19.0;0.0;4.0
S ;Sul;Fio dagua                               ;JACUI          ;JIUHCA;CASTRO ALVES        ;97;2026-07-06 14:00:00;240.43;149.02;149.92;206.0;251.0;157.0;75.0;19.0;0.0;3.0
S ;Sul;Fio dagua                               ;JACUI          ;JIUHCA;CASTRO ALVES        ;97;2026-07-06 15:00:00;240.41;149.02;147.6;216.0;246.0;157.0;70.0;19.0;0.0;3.0
S ;Sul;Fio dagua                               ;JACUI          ;JIUHCA;CASTRO ALVES        ;97;2026-07-06 16:00:00;240.38;148.71;144.12;194.0;238.0;157.0;62.0;19.0;0.0;2.0
S ;Sul;Fio dagua                               ;JACUI          ;JIUHCA;CASTRO ALVES        ;97;2026-07-06 17:00:00;240.35;148.56;140.64;186.0;231.0;157.0;54.0;19.0;0.0;2.0
S ;Sul;Fio dagua                               ;JACUI          ;JIUHCA;CASTRO ALVES        ;97;2026-07-06 18:00:00;240.33;148.51;138.31;197.0;226.0;158.0;50.0;19.0;0.0;2.0
S ;Sul;Fio dagua                               ;JACUI          ;JIUHCA;CASTRO ALVES        ;97;2026-07-06 19:00:00;240.31;148.48;135.99;192.0;222.0;158.0;45.0;19.0;0.0;2.0
S ;Sul;Fio dagua                               ;JACUI          ;JIUHCA;CASTRO ALVES        ;97;2026-07-06 20:00:00;240.29;148.75;133.67;188.0;218.0;158.0;41.0;19.0;0.0;2.0
S ;Sul;Fio dagua                               ;JACUI          ;JIUHCA;CASTRO ALVES        ;97;2026-07-06 21:00:00;240.27;148.45;131.35;183.0;213.0;158.0;36.0;19.0;0.0;2.0
S ;Sul;Fio dagua                               ;JACUI          ;JIUHCA;CASTRO ALVES        ;97;2026-07-06 22:00:00;240.27;148.4;131.35;213.0;213.0;158.0;36.0;19.0;0.0;2.0
S ;Sul;Fio dagua                               ;JACUI          ;JIUHCA;CASTRO ALVES        ;97;2026-07-06 23:00:00;240.25;148.39;129.03;179.0;209.0;158.0;32.0;19.0;0.0;2.0
S ;Sul;Fio dagua                               ;JACUI          ;JIUHCA;CASTRO ALVES        ;97;2026-07-06 23:59:00;240.24;148.39;127.86;192.0;207.0;158.0;30.0;19.0;0.0;2.0
S ;Sul;Fio dagua                               ;JACUI          ;JIUHCA;CASTRO ALVES        ;97;2026-07-07 01:00:00;240.23;148.36;126.7;190.0;205.0;158.0;28.0;19.0;0.0;2.0
S ;Sul;Fio dagua                               ;JACUI          ;JIUHCA;CASTRO ALVES        ;97;2026-07-07 02:00:00;240.22;148.33;125.54;188.0;203.0;157.0;26.0;19.0;0.0;2.0
S ;Sul;Fio dagua                               ;JACUI          ;JIUHCA;CASTRO ALVES        ;97;2026-07-07 03:00:00;240.21;148.33;124.38;186.0;201.0;157.0;25.0;19.0;0.0;2.0
S ;Sul;Fio dagua                               ;JACUI          ;JIUHCA;CASTRO ALVES        ;97;2026-07-07 04:00:00;240.2;148.33;123.22;185.0;199.0;157.0;23.0;19.0;0.0;2.0
S ;Sul;Fio dagua                               ;JACUI          ;JIUHCA;CASTRO ALVES        ;97;2026-07-07 05:00:00;240.2;148.31;123.22;199.0;199.0;157.0;23.0;19.0;0.0;2.0
S ;Sul;Fio dagua                               ;JACUI          ;JIUHCA;CASTRO ALVES        ;97;2026-07-07 06:00:00;240.19;148.31;122.06;183.0;198.0;157.0;21.0;19.0;0.0;2.0
S ;Sul;Fio dagua                               ;JACUI          ;JIUHCA;CASTRO ALVES        ;97;2026-07-07 07:00:00;240.18;148.31;120.9;181.0;196.0;157.0;19.0;19.0;0.0;2.0
S ;Sul;Fio dagua                               ;JACUI          ;JIUHCA;CASTRO ALVES        ;97;2026-07-07 08:00:00;240.17;148.41;119.74;179.0;194.0;157.0;18.0;19.0;0.0;2.0
S ;Sul;Fio dagua                               ;JACUI          ;JIUHCA;CASTRO ALVES        ;97;2026-07-07 09:00:00;240.17;148.72;119.74;194.0;194.0;158.0;18.0;19.0;0.0;2.0
S ;Sul;Fio dagua                               ;JACUI          ;JIUHCA;CASTRO ALVES        ;97;2026-07-07 10:00:00;240.17;148.79;119.74;193.0;193.0;157.0;18.0;19.0;0.0;3.0
S ;Sul;Fio dagua                               ;JACUI          ;JIUHCA;CASTRO ALVES        ;97;2026-07-07 11:00:00;240.17;148.84;119.74;193.0;193.0;156.0;18.0;19.0;0.0;4.0
S ;Sul;Fio dagua                               ;JACUI          ;JIUHCA;CASTRO ALVES        ;97;2026-07-07 12:00:00;240.16;148.96;118.58;176.0;191.0;156.0;16.0;19.0;0.0;4.0
S ;Sul;Fio dagua                               ;JACUI          ;JIUHCA;CASTRO ALVES        ;97;2026-07-07 13:00:00;240.15;148.85;117.42;175.0;190.0;156.0;15.0;19.0;0.0;4.0
S ;Sul;Fio dagua                               ;JACUI          ;JIUHCA;CASTRO ALVES        ;97;2026-07-07 14:00:00;240.15;148.86;117.42;190.0;190.0;156.0;15.0;19.0;0.0;4.0
S ;Sul;Fio dagua                               ;JACUI          ;JIUHCA;CASTRO ALVES        ;97;2026-07-07 15:00:00;240.15;148.86;117.42;190.0;190.0;156.0;15.0;19.0;0.0;4.0
S ;Sul;Fio dagua                               ;JACUI          ;JIUHCA;CASTRO ALVES        ;97;2026-07-07 16:00:00;240.15;148.8;117.42;190.0;190.0;156.0;15.0;19.0;0.0;4.0
S ;Sul;Fio dagua                               ;JACUI          ;JIUHCA;CASTRO ALVES        ;97;2026-07-07 17:00:00;240.14;148.5;116.25;174.0;189.0;156.0;13.0;19.0;0.0;3.0
S ;Sul;Fio dagua                               ;JACUI          ;JIUHCA;CASTRO ALVES        ;97;2026-07-07 18:00:00;240.13;148.3;115.09;172.0;187.0;156.0;12.0;19.0;0.0;3.0
S ;Sul;Fio dagua                               ;JACUI          ;JIUHCA;CASTRO ALVES        ;97;2026-07-07 19:00:00;240.12;148.3;113.93;170.0;185.0;156.0;10.0;19.0;0.0;3.0
S ;Sul;Fio dagua                               ;JACUI          ;JIUHCA;CASTRO ALVES        ;97;2026-07-07 20:00:00;240.11;148.2;112.77;169.0;184.0;156.0;9.0;19.0;0.0;3.0
S ;Sul;Fio dagua                               ;JACUI          ;JIUHCA;CASTRO ALVES        ;97;2026-07-07 21:00:00;240.11;148.2;112.77;184.0;184.0;156.0;9.0;19.0;0.0;3.0
S ;Sul;Fio dagua                               ;JACUI          ;JIUHCA;CASTRO ALVES        ;97;2026-07-07 22:00:00;240.1;148.15;111.61;168.0;182.0;156.0;8.0;19.0;0.0;3.0
S ;Sul;Fio dagua                               ;JACUI          ;JIUHCA;CASTRO ALVES        ;97;2026-07-07 23:00:00;240.09;148.16;110.45;166.0;181.0;156.0;7.0;19.0;0.0;3.0
S ;Sul;Fio dagua                               ;JACUI          ;JIUHCA;CASTRO ALVES        ;97;2026-07-07 23:59:00;240.09;148.14;110.45;181.0;181.0;156.0;7.0;19.0;0.0;3.0
S ;Sul;Fio dagua                               ;JACUI          ;JIUHCA;CASTRO ALVES        ;97;2026-07-08 01:00:00;240.08;148.14;109.29;166.0;180.0;156.0;6.0;19.0;0.0;3.0
S ;Sul;Fio dagua                               ;JACUI          ;JIUHCA;CASTRO ALVES        ;97;2026-07-08 02:00:00;240.07;148.16;108.13;165.0;179.0;156.0;5.0;19.0;0.0;3.0
S ;Sul;Fio dagua                               ;JACUI          ;JIUHCA;CASTRO ALVES        ;97;2026-07-08 03:00:00;240.06;148.11;106.97;164.0;178.0;156.0;4.0;19.0;0.0;3.0
S ;Sul;Fio dagua                               ;JACUI          ;JIUHCA;CASTRO ALVES        ;97;2026-07-08 04:00:00;240.06;148.11;106.97;178.0;178.0;156.0;4.0;19.0;0.0;3.0
S ;Sul;Fio dagua                               ;JACUI          ;JIUHCA;CASTRO ALVES        ;97;2026-07-08 05:00:00;240.05;149.08;105.81;164.0;179.0;158.0;3.0;19.0;0.0;2.0
S ;Sul;Fio dagua                               ;JACUI          ;JIUHCA;CASTRO ALVES        ;97;2026-07-08 06:00:00;240.05;149.08;105.81;179.0;179.0;158.0;3.0;19.0;0.0;2.0
S ;Sul;Fio dagua                               ;JACUI          ;JIUHCA;CASTRO ALVES        ;97;2026-07-08 07:00:00;240.05;148.08;105.81;177.0;177.0;156.0;3.0;19.0;0.0;2.0
S ;Sul;Fio dagua                               ;JACUI          ;JIUHCA;CASTRO ALVES        ;97;2026-07-08 08:00:00;240.05;148.09;105.81;178.0;178.0;156.0;3.0;19.0;0.0;2.0
S ;Sul;Fio dagua                               ;JACUI          ;JIUHCA;CASTRO ALVES        ;97;2026-07-08 09:00:00;240.04;148.07;104.64;163.0;177.0;157.0;2.0;19.0;0.0;1.0
S ;Sul;Fio dagua                               ;JACUI          ;JIUHCA;CASTRO ALVES        ;97;2026-07-08 10:00:00;240.04;148.08;104.64;178.0;178.0;157.0;2.0;19.0;0.0;1.0
S ;Sul;Fio dagua                               ;JACUI          ;JIUHCA;CASTRO ALVES        ;97;2026-07-08 11:00:00;240.03;148.47;103.48;163.0;178.0;158.0;1.0;19.0;0.0;1.0
S ;Sul;Fio dagua                               ;JACUI          ;JIUHCA;CASTRO ALVES        ;97;2026-07-08 12:00:00;240.03;148.68;103.48;178.0;178.0;158.0;1.0;19.0;0.0;1.0
S ;Sul;Fio dagua                               ;JACUI          ;JIUHCA;CASTRO ALVES        ;97;2026-07-08 13:00:00;240.03;148.72;103.48;178.0;178.0;158.0;1.0;19.0;0.0;1.0
S ;Sul;Fio dagua                               ;JACUI          ;JIUHCA;CASTRO ALVES        ;97;2026-07-08 14:00:00;240.03;148.73;103.48;177.0;177.0;157.0;1.0;19.0;0.0;1.0
S ;Sul;Fio dagua                               ;JACUI          ;JIUHCA;CASTRO ALVES        ;97;2026-07-08 15:00:00;240.02;148.73;102.32;161.0;176.0;157.0;1.0;19.0;0.0;0.0
S ;Sul;Fio dagua                               ;JACUI          ;JIUHCA;CASTRO ALVES        ;97;2026-07-08 16:00:00;240.0;148.61;100.0;146.0;175.0;156.0;0.0;19.0;0.0;0.0
S ;Sul;Fio dagua                               ;JACUI          ;JIUHCA;CASTRO ALVES        ;97;2026-07-08 17:00:00;239.99;148.37;99.0;160.0;175.0;156.0;0.0;19.0;0.0;0.0
S ;Sul;Fio dagua                               ;JACUI          ;JIUHCA;CASTRO ALVES        ;97;2026-07-08 18:00:00;239.98;148.17;98.0;160.0;174.0;156.0;0.0;19.0;0.0;0.0
S ;Sul;Fio dagua                               ;JACUI          ;JIUHCA;CASTRO ALVES        ;97;2026-07-08 19:00:00;239.97;148.09;97.0;159.0;174.0;155.0;0.0;19.0;0.0;0.0
S ;Sul;Fio dagua                               ;JACUI          ;JIUHCA;CASTRO ALVES        ;97;2026-07-08 20:00:00;239.97;148.05;97.0;174.0;174.0;155.0;0.0;19.0;0.0;0.0
S ;Sul;Fio dagua                               ;JACUI          ;JIUHCA;CASTRO ALVES        ;97;2026-07-08 21:00:00;239.96;148.04;96.0;159.0;174.0;155.0;0.0;19.0;0.0;0.0
S ;Sul;Fio dagua                               ;JACUI          ;JIUHCA;CASTRO ALVES        ;97;2026-07-08 22:00:00;239.96;148.01;96.0;174.0;174.0;155.0;0.0;19.0;0.0;0.0
S ;Sul;Fio dagua                               ;JACUI          ;JIUHCA;CASTRO ALVES        ;97;2026-07-08 23:00:00;239.95;148.01;95.0;159.0;174.0;155.0;0.0;19.0;0.0;0.0
S ;Sul;Fio dagua                               ;JACUI          ;JIUHCA;CASTRO ALVES        ;97;2026-07-08 23:59:00;239.94;147.96;94.0;159.0;174.0;155.0;0.0;19.0;0.0;0.0
S ;Sul;Fio dagua                               ;JACUI          ;JIUHCA;CASTRO ALVES        ;97;2026-07-09 01:00:00;239.94;147.96;94.0;174.0;174.0;155.0;0.0;19.0;0.0;0.0
S ;Sul;Fio dagua                               ;JACUI          ;JIUHCA;CASTRO ALVES        ;97;2026-07-09 02:00:00;239.93;147.96;93.0;159.0;174.0;155.0;0.0;19.0;0.0;0.0
S ;Sul;Fio dagua                               ;JACUI          ;JIUHCA;CASTRO ALVES        ;97;2026-07-09 03:00:00;239.93;147.96;93.0;174.0;174.0;155.0;0.0;19.0;0.0;0.0
S ;Sul;Fio dagua                               ;JACUI          ;JIUHCA;CASTRO ALVES        ;97;2026-07-09 04:00:00;239.92;147.96;92.0;159.0;174.0;155.0;0.0;19.0;0.0;0.0
S ;Sul;Fio dagua                               ;JACUI          ;JIUHCA;CASTRO ALVES        ;97;2026-07-09 05:00:00;239.91;147.93;91.0;159.0;174.0;155.0;0.0;19.0;0.0;0.0
S ;Sul;Fio dagua                               ;JACUI          ;JIUHCA;CASTRO ALVES        ;97;2026-07-09 06:00:00;239.91;147.92;91.0;174.0;174.0;155.0;0.0;19.0;0.0;0.0
S ;Sul;Fio dagua                               ;JACUI          ;JIUHCA;CASTRO ALVES        ;97;2026-07-09 07:00:00;239.91;147.9;91.0;174.0;174.0;155.0;0.0;19.0;0.0;0.0
S ;Sul;Fio dagua                               ;JACUI          ;JIUHCA;CASTRO ALVES        ;97;2026-07-09 08:00:00;239.9;147.95;90.0;159.0;174.0;155.0;0.0;19.0;0.0;0.0
S ;Sul;Fio dagua                               ;JACUI          ;JIUHCA;CASTRO ALVES        ;97;2026-07-09 09:00:00;239.89;148.32;89.0;161.0;176.0;157.0;0.0;19.0;0.0;0.0
S ;Sul;Fio dagua                               ;JACUI          ;JIUHCA;CASTRO ALVES        ;97;2026-07-09 10:00:00;239.88;148.58;88.0;161.0;176.0;157.0;0.0;19.0;0.0;0.0
S ;Sul;Fio dagua                               ;JACUI          ;JIUHCA;CASTRO ALVES        ;97;2026-07-09 11:00:00;239.88;148.62;88.0;176.0;176.0;157.0;0.0;19.0;0.0;0.0
S ;Sul;Fio dagua                               ;JACUI          ;JIUHCA;CASTRO ALVES        ;97;2026-07-09 12:00:00;239.87;148.65;87.0;161.0;176.0;157.0;0.0;19.0;0.0;0.0
S ;Sul;Fio dagua                               ;JACUI          ;JIUHCA;CASTRO ALVES        ;97;2026-07-09 13:00:00;239.87;148.67;87.0;176.0;176.0;157.0;0.0;19.0;0.0;0.0
S ;Sul;Fio dagua                               ;JACUI          ;JIUHCA;CASTRO ALVES        ;97;2026-07-09 14:00:00;239.86;148.67;86.0;161.0;176.0;157.0;0.0;19.0;0.0;0.0
S ;Sul;Fio dagua                               ;JACUI          ;JIUHCA;CASTRO ALVES        ;97;2026-07-09 15:00:00;239.85;148.67;85.0;161.0;176.0;157.0;0.0;19.0;0.0;0.0
S ;Sul;Fio dagua                               ;JACUI          ;JIUHCA;CASTRO ALVES        ;97;2026-07-09 16:00:00;239.85;148.47;85.0;176.0;176.0;157.0;0.0;19.0;0.0;0.0
S ;Sul;Fio dagua                               ;JACUI          ;JIUHCA;CASTRO ALVES        ;97;2026-07-09 17:00:00;239.85;148.19;85.0;175.0;175.0;157.0;0.0;19.0;0.0;0.0
S ;Sul;Fio dagua                               ;JACUI          ;JIUHCA;CASTRO ALVES        ;97;2026-07-09 18:00:00;239.85;148.04;85.0;175.0;175.0;156.0;0.0;19.0;0.0;0.0
S ;Sul;Fio dagua                               ;JACUI          ;JIUHCA;CASTRO ALVES        ;97;2026-07-09 19:00:00;239.85;148.0;85.0;174.0;174.0;156.0;0.0;19.0;0.0;0.0
S ;Sul;Fio dagua                               ;JACUI          ;JIUHCA;CASTRO ALVES        ;97;2026-07-09 20:00:00;239.85;147.91;85.0;174.0;174.0;155.0;0.0;19.0;0.0;0.0
S ;Sul;Fio dagua                               ;JACUI          ;JIUHCA;CASTRO ALVES        ;97;2026-07-09 21:00:00;239.85;147.85;85.0;174.0;174.0;155.0;0.0;19.0;0.0;0.0
S ;Sul;Fio dagua                               ;JACUI          ;JIUHCA;CASTRO ALVES        ;97;2026-07-09 22:00:00;239.85;147.82;85.0;174.0;174.0;155.0;0.0;19.0;0.0;0.0
S ;Sul;Fio dagua                               ;JACUI          ;JIUHCA;CASTRO ALVES        ;97;2026-07-09 23:00:00;239.85;147.8;85.0;174.0;174.0;155.0;0.0;19.0;0.0;0.0
S ;Sul;Fio dagua                               ;JACUI          ;JIUHCA;CASTRO ALVES        ;97;2026-07-09 23:59:00;239.85;147.8;85.0;174.0;174.0;155.0;0.0;19.0;0.0;0.0
S ;Sul;Fio dagua                               ;JACUI          ;JIUHCA;CASTRO ALVES        ;97;2026-07-10 01:00:00;239.85;147.8;85.0;174.0;174.0;155.0;0.0;19.0;0.0;0.0
S ;Sul;Fio dagua                               ;JACUI          ;JIUHCA;CASTRO ALVES        ;97;2026-07-10 02:00:00;239.84;147.8;84.0;159.0;174.0;155.0;0.0;19.0;0.0;0.0
S ;Sul;Fio dagua                               ;JACUI          ;JIUHCA;CASTRO ALVES        ;97;2026-07-10 03:00:00;239.84;147.8;84.0;174.0;174.0;155.0;0.0;19.0;0.0;0.0
S ;Sul;Fio dagua                               ;JACUI          ;JIUHCA;CASTRO ALVES        ;97;2026-07-10 04:00:00;239.84;147.8;84.0;174.0;174.0;155.0;0.0;19.0;0.0;0.0
S ;Sul;Fio dagua                               ;JACUI          ;JIUHCA;CASTRO ALVES        ;97;2026-07-10 05:00:00;239.82;147.75;82.0;144.0;174.0;155.0;0.0;19.0;0.0;0.0
S ;Sul;Fio dagua                               ;JACUI          ;JIUHCA;CASTRO ALVES        ;97;2026-07-10 06:00:00;239.81;147.7;81.0;159.0;173.0;155.0;0.0;19.0;0.0;0.0
S ;Sul;Fio dagua                               ;JACUI          ;JIUHCA;CASTRO ALVES        ;97;2026-07-10 07:00:00;239.79;147.7;79.0;144.0;173.0;155.0;0.0;19.0;0.0;0.0
S ;Sul;Fio dagua                               ;JACUI          ;JIUHCA;CASTRO ALVES        ;97;2026-07-10 08:00:00;239.76;147.85;76.0;129.0;174.0;155.0;0.0;19.0;0.0;0.0
S ;Sul;Fio dagua                               ;JACUI          ;JIUHCA;CASTRO ALVES        ;97;2026-07-10 09:00:00;239.75;148.25;75.0;160.0;175.0;156.0;0.0;19.0;0.0;0.0
S ;Sul;Fio dagua                               ;JACUI          ;JIUHCA;CASTRO ALVES        ;97;2026-07-10 10:00:00;239.74;148.46;74.0;160.0;175.0;157.0;0.0;18.0;0.0;0.0
S ;Sul;Fio dagua                               ;JACUI          ;JIUHCA;CASTRO ALVES        ;97;2026-07-10 11:00:00;239.73;148.55;73.0;161.0;176.0;157.0;0.0;18.0;0.0;0.0
S ;Sul;Fio dagua                               ;JACUI          ;JIUHCA;CASTRO ALVES        ;97;2026-07-10 12:00:00;239.76;148.6;76.0;220.0;176.0;157.0;0.0;19.0;0.0;0.0
S ;Sul;Fio dagua                               ;JACUI          ;JIUHCA;CASTRO ALVES        ;97;2026-07-10 13:00:00;239.78;148.6;78.0;205.0;176.0;157.0;0.0;19.0;0.0;0.0
S ;Sul;Fio dagua                               ;JACUI          ;JIUHCA;CASTRO ALVES        ;97;2026-07-10 14:00:00;239.77;148.6;77.0;161.0;176.0;157.0;0.0;19.0;0.0;0.0
S ;Sul;Fio dagua                               ;JACUI          ;JIUHCA;CASTRO ALVES        ;97;2026-07-10 15:00:00;239.76;148.6;76.0;161.0;176.0;157.0;0.0;19.0;0.0;0.0
S ;Sul;Fio dagua                               ;JACUI          ;JIUHCA;CASTRO ALVES        ;97;2026-07-10 16:00:00;239.75;148.34;75.0;161.0;175.0;157.0;0.0;19.0;0.0;0.0
S ;Sul;Fio dagua                               ;JACUI          ;JIUHCA;CASTRO ALVES        ;97;2026-07-10 17:00:00;239.75;148.08;75.0;175.0;175.0;157.0;0.0;19.0;0.0;0.0
S ;Sul;Fio dagua                               ;JACUI          ;JIUHCA;CASTRO ALVES        ;97;2026-07-10 18:00:00;239.74;147.95;74.0;160.0;175.0;157.0;0.0;18.0;0.0;0.0
S ;Sul;Fio dagua                               ;JACUI          ;JIUHCA;CASTRO ALVES        ;97;2026-07-10 19:00:00;239.74;147.85;74.0;175.0;175.0;156.0;0.0;18.0;0.0;0.0
S ;Sul;Fio dagua                               ;JACUI          ;JIUHCA;CASTRO ALVES        ;97;2026-07-10 20:00:00;239.73;147.8;73.0;160.0;175.0;156.0;0.0;18.0;0.0;0.0
S ;Sul;Fio dagua                               ;JACUI          ;JIUHCA;CASTRO ALVES        ;97;2026-07-10 21:00:00;239.73;147.75;73.0;175.0;175.0;156.0;0.0;18.0;0.0;0.0
S ;Sul;Fio dagua                               ;JACUI          ;JIUHCA;CASTRO ALVES        ;97;2026-07-10 22:00:00;239.72;147.72;72.0;160.0;175.0;156.0;0.0;18.0;0.0;0.0
S ;Sul;Fio dagua                               ;JACUI          ;JIUHCA;CASTRO ALVES        ;97;2026-07-10 23:00:00;239.72;147.66;72.0;175.0;175.0;156.0;0.0;18.0;0.0;0.0
S ;Sul;Fio dagua                               ;JACUI          ;JIUHCA;CASTRO ALVES        ;97;2026-07-10 23:59:00;239.71;147.62;71.0;160.0;175.0;156.0;0.0;18.0;0.0;0.0
S ;Sul;Fio dagua                               ;JACUI          ;JIUHCA;CASTRO ALVES        ;97;2026-07-11 01:00:00;239.71;147.58;71.0;175.0;175.0;156.0;0.0;18.0;0.0;0.0
S ;Sul;Fio dagua                               ;JACUI          ;JIUHCA;CASTRO ALVES        ;97;2026-07-11 02:00:00;239.7;147.54;70.0;160.0;175.0;156.0;0.0;18.0;0.0;0.0
S ;Sul;Fio dagua                               ;JACUI          ;JIUHCA;CASTRO ALVES        ;97;2026-07-11 03:00:00;239.69;147.49;69.0;160.0;175.0;156.0;0.0;18.0;0.0;0.0
S ;Sul;Fio dagua                               ;JACUI          ;JIUHCA;CASTRO ALVES        ;97;2026-07-11 04:00:00;239.69;147.44;69.0;175.0;175.0;156.0;0.0;18.0;0.0;0.0
S ;Sul;Fio dagua                               ;JACUI          ;JIUHCA;CASTRO ALVES        ;97;2026-07-11 05:00:00;239.69;147.39;69.0;175.0;175.0;156.0;0.0;18.0;0.0;0.0
S ;Sul;Fio dagua                               ;JACUI          ;JIUHCA;CASTRO ALVES        ;97;2026-07-11 06:00:00;239.68;147.35;68.0;160.0;174.0;156.0;0.0;18.0;0.0;0.0
S ;Sul;Fio dagua                               ;JACUI          ;JIUHCA;CASTRO ALVES        ;97;2026-07-11 07:00:00;239.67;147.33;67.0;160.0;174.0;156.0;0.0;18.0;0.0;0.0
S ;Sul;Fio dagua                               ;JACUI          ;JIUHCA;CASTRO ALVES        ;97;2026-07-11 08:00:00;239.66;147.68;66.0;160.0;175.0;156.0;0.0;18.0;0.0;0.0
S ;Sul;Fio dagua                               ;JACUI          ;JIUHCA;CASTRO ALVES        ;97;2026-07-11 09:00:00;239.65;148.02;65.0;160.0;175.0;157.0;0.0;18.0;0.0;0.0
S ;Sul;Fio dagua                               ;JACUI          ;JIUHCA;CASTRO ALVES        ;97;2026-07-11 10:00:00;239.64;148.38;64.0;161.0;176.0;157.0;0.0;18.0;0.0;0.0
S ;Sul;Fio dagua                               ;JACUI          ;JIUHCA;CASTRO ALVES        ;97;2026-07-11 11:00:00;239.63;148.5;63.0;161.0;176.0;157.0;0.0;18.0;0.0;0.0
S ;Sul;Fio dagua                               ;JACUI          ;JIUHCA;CASTRO ALVES        ;97;2026-07-11 12:00:00;239.62;148.55;62.0;161.0;176.0;157.0;0.0;18.0;0.0;0.0
S ;Sul;Fio dagua                               ;JACUI          ;JIUHCA;CASTRO ALVES        ;97;2026-07-11 13:00:00;239.6;148.58;60.0;146.0;176.0;157.0;0.0;18.0;0.0;0.0
S ;Sul;Fio dagua                               ;JACUI          ;JIUHCA;CASTRO ALVES        ;97;2026-07-11 14:00:00;239.59;148.6;59.0;161.0;176.0;157.0;0.0;18.0;0.0;0.0
S ;Sul;Fio dagua                               ;JACUI          ;JIUHCA;CASTRO ALVES        ;97;2026-07-11 15:00:00;239.57;148.6;57.0;146.0;176.0;157.0;0.0;18.0;0.0;0.0
S ;Sul;Fio dagua                               ;JACUI          ;JIUHCA;CASTRO ALVES        ;97;2026-07-11 16:00:00;239.53;148.59;53.0;116.0;175.0;157.0;0.0;18.0;0.0;0.0
S ;Sul;Fio dagua                               ;JACUI          ;JIUHCA;CASTRO ALVES        ;97;2026-07-11 17:00:00;239.51;148.31;51.0;145.0;175.0;157.0;0.0;18.0;0.0;0.0
S ;Sul;Fio dagua                               ;JACUI          ;JIUHCA;CASTRO ALVES        ;97;2026-07-11 18:00:00;239.49;148.06;49.0;145.0;175.0;157.0;0.0;18.0;0.0;0.0
S ;Sul;Fio dagua                               ;JACUI          ;JIUHCA;CASTRO ALVES        ;97;2026-07-11 19:00:00;239.46;147.92;46.0;130.0;175.0;157.0;0.0;18.0;0.0;0.0
S ;Sul;Fio dagua                               ;JACUI          ;JIUHCA;CASTRO ALVES        ;97;2026-07-11 20:00:00;239.44;147.86;44.0;145.0;175.0;157.0;0.0;18.0;0.0;0.0
S ;Sul;Fio dagua                               ;JACUI          ;JIUHCA;CASTRO ALVES        ;97;2026-07-11 21:00:00;239.41;147.79;41.0;130.0;175.0;157.0;0.0;18.0;0.0;0.0
S ;Sul;Fio dagua                               ;JACUI          ;JIUHCA;CASTRO ALVES        ;97;2026-07-11 22:00:00;239.39;147.77;39.0;145.0;175.0;157.0;0.0;18.0;0.0;0.0
S ;Sul;Fio dagua                               ;JACUI          ;JIUHCA;CASTRO ALVES        ;97;2026-07-11 23:00:00;239.36;147.71;36.0;130.0;175.0;157.0;0.0;18.0;0.0;0.0
S ;Sul;Fio dagua                               ;JACUI          ;JIUHCA;CASTRO ALVES        ;97;2026-07-11 23:59:00;239.35;147.69;35.0;160.0;175.0;157.0;0.0;18.0;0.0;0.0
S ;Sul;Fio dagua                               ;JACUI          ;JIUHCA;CASTRO ALVES        ;97;2026-07-12 01:00:00;239.32;147.67;32.0;130.0;175.0;157.0;0.0;18.0;0.0;0.0
S ;Sul;Fio dagua                               ;JACUI          ;JIUHCA;CASTRO ALVES        ;97;2026-07-12 02:00:00;239.3;147.64;30.0;145.0;175.0;157.0;0.0;18.0;0.0;0.0
S ;Sul;Fio dagua                               ;JACUI          ;JIUHCA;CASTRO ALVES        ;97;2026-07-12 03:00:00;239.29;147.61;29.0;160.0;175.0;157.0;0.0;18.0;0.0;0.0
S ;Sul;Fio dagua                               ;JACUI          ;JIUHCA;CASTRO ALVES        ;97;2026-07-12 04:00:00;239.27;147.58;27.0;145.0;175.0;157.0;0.0;18.0;0.0;0.0
S ;Sul;Fio dagua                               ;JACUI          ;JIUHCA;CASTRO ALVES        ;97;2026-07-12 05:00:00;239.26;147.61;26.0;160.0;175.0;157.0;0.0;18.0;0.0;0.0
S ;Sul;Fio dagua                               ;JACUI          ;JIUHCA;CASTRO ALVES        ;97;2026-07-12 06:00:00;239.26;147.58;26.0;175.0;175.0;157.0;0.0;18.0;0.0;0.0
S ;Sul;Fio dagua                               ;JACUI          ;JIUHCA;CASTRO ALVES        ;97;2026-07-12 07:00:00;239.27;147.58;27.0;190.0;175.0;157.0;0.0;18.0;0.0;0.0
S ;Sul;Fio dagua                               ;JACUI          ;JIUHCA;CASTRO ALVES        ;97;2026-07-12 08:00:00;239.29;148.2;29.0;206.0;176.0;157.0;0.0;19.0;0.0;0.0
S ;Sul;Fio dagua                               ;JACUI          ;JIUHCA;CASTRO ALVES        ;97;2026-07-12 09:00:00;239.3;148.49;30.0;192.0;177.0;157.0;0.0;20.0;0.0;0.0
S ;Sul;Fio dagua                               ;JACUI          ;JIUHCA;CASTRO ALVES        ;97;2026-07-12 10:00:00;239.32;148.62;32.0;206.0;176.0;157.0;0.0;19.0;0.0;0.0
S ;Sul;Fio dagua                               ;JACUI          ;JIUHCA;CASTRO ALVES        ;97;2026-07-12 11:00:00;239.32;148.7;32.0;176.0;176.0;157.0;0.0;19.0;0.0;0.0
S ;Sul;Fio dagua                               ;JACUI          ;JIUHCA;CASTRO ALVES        ;97;2026-07-12 12:00:00;239.32;148.73;32.0;176.0;176.0;157.0;0.0;19.0;0.0;0.0
S ;Sul;Fio dagua                               ;JACUI          ;JIUHCA;CASTRO ALVES        ;97;2026-07-12 13:00:00;239.32;148.78;32.0;176.0;176.0;157.0;0.0;19.0;0.0;0.0
S ;Sul;Fio dagua                               ;JACUI          ;JIUHCA;CASTRO ALVES        ;97;2026-07-12 14:00:00;239.32;148.79;32.0;176.0;176.0;157.0;0.0;19.0;0.0;0.0
S ;Sul;Fio dagua                               ;JACUI          ;JIUHCA;CASTRO ALVES        ;97;2026-07-12 15:00:00;239.32;148.83;32.0;176.0;176.0;157.0;0.0;19.0;0.0;0.0
S ;Sul;Fio dagua                               ;JACUI          ;JIUHCA;CASTRO ALVES        ;97;2026-07-12 16:00:00;239.32;148.83;32.0;176.0;176.0;157.0;0.0;19.0;0.0;0.0
S ;Sul;Fio dagua                               ;JACUI          ;JIUHCA;CASTRO ALVES        ;97;2026-07-12 17:00:00;239.32;148.68;32.0;176.0;176.0;157.0;0.0;19.0;0.0;0.0
S ;Sul;Fio dagua                               ;JACUI          ;JIUHCA;CASTRO ALVES        ;97;2026-07-12 18:00:00;239.32;148.4;32.0;176.0;176.0;157.0;0.0;19.0;0.0;0.0
S ;Sul;Fio dagua                               ;JACUI          ;JIUHCA;CASTRO ALVES        ;97;2026-07-12 19:00:00;239.31;148.3;31.0;161.0;176.0;157.0;0.0;19.0;0.0;0.0
S ;Sul;Fio dagua                               ;JACUI          ;JIUHCA;CASTRO ALVES        ;97;2026-07-12 20:00:00;239.3;148.27;30.0;161.0;176.0;157.0;0.0;19.0;0.0;0.0
S ;Sul;Fio dagua                               ;JACUI          ;JIUHCA;CASTRO ALVES        ;97;2026-07-12 21:00:00;239.29;148.27;29.0;161.0;176.0;157.0;0.0;19.0;0.0;0.0
S ;Sul;Fio dagua                               ;JACUI          ;JIUHCA;CASTRO ALVES        ;97;2026-07-12 22:00:00;239.28;148.23;28.0;161.0;176.0;157.0;0.0;19.0;0.0;0.0
S ;Sul;Fio dagua                               ;JACUI          ;JIUHCA;CASTRO ALVES        ;97;2026-07-12 23:00:00;239.27;148.23;27.0;161.0;176.0;157.0;0.0;19.0;0.0;0.0
S ;Sul;Fio dagua                               ;JACUI          ;JIUHCA;CASTRO ALVES        ;97;2026-07-12 23:59:00;239.25;148.2;25.0;146.0;176.0;157.0;0.0;19.0;0.0;0.0
S ;Sul;Fio dagua                               ;JACUI          ;JIUHCA;CASTRO ALVES        ;97;2026-07-13 01:00:00;239.23;148.2;23.0;147.0;176.0;157.0;0.0;19.0;0.0;0.0
S ;Sul;Fio dagua                               ;JACUI          ;JIUHCA;CASTRO ALVES        ;97;2026-07-13 02:00:00;239.21;148.19;21.0;146.0;176.0;157.0;0.0;19.0;0.0;0.0
S ;Sul;Fio dagua                               ;JACUI          ;JIUHCA;CASTRO ALVES        ;97;2026-07-13 03:00:00;239.2;148.19;20.0;161.0;176.0;157.0;0.0;19.0;0.0;0.0
S ;Sul;Fio dagua                               ;JACUI          ;JIUHCA;CASTRO ALVES        ;97;2026-07-13 04:00:00;239.18;148.16;18.0;146.0;176.0;157.0;0.0;19.0;0.0;0.0
S ;Sul;Fio dagua                               ;JACUI          ;JIUHCA;CASTRO ALVES        ;97;2026-07-13 05:00:00;239.16;148.16;16.0;146.0;176.0;157.0;0.0;19.0;0.0;0.0
S ;Sul;Fio dagua                               ;JACUI          ;JIUHCA;CASTRO ALVES        ;97;2026-07-13 06:00:00;239.14;148.16;14.0;146.0;176.0;157.0;0.0;19.0;0.0;0.0
S ;Sul;Fio dagua                               ;JACUI          ;JIUHCA;CASTRO ALVES        ;97;2026-07-13 07:00:00;239.11;148.16;11.0;132.0;176.0;157.0;0.0;19.0;0.0;0.0
S ;Sul;Fio dagua                               ;JACUI          ;JIUHCA;CASTRO ALVES        ;97;2026-07-13 08:00:00;239.09;148.15;9.0;146.0;176.0;157.0;0.0;19.0;0.0;0.0
S ;Sul;Fio dagua                               ;JACUI          ;JIUHCA;CASTRO ALVES        ;97;2026-07-13 09:00:00;239.06;148.11;6.0;131.0;176.0;157.0;0.0;19.0;0.0;0.0
S ;Sul;Fio dagua                               ;JACUI          ;JIUHCA;CASTRO ALVES        ;97;2026-07-13 10:00:00;239.03;148.12;3.0;131.0;176.0;157.0;0.0;19.0;0.0;0.0
S ;Sul;Fio dagua                               ;JACUI          ;JIUHCA;CASTRO ALVES        ;97;2026-07-13 11:00:00;238.99;148.08;-1.0;117.0;176.0;157.0;0.0;19.0;0.0;0.0
S ;Sul;Fio dagua                               ;JACUI          ;JIUHCA;CASTRO ALVES        ;97;2026-07-13 12:00:00;238.96;148.07;-4.0;131.0;176.0;157.0;0.0;19.0;0.0;0.0
S ;Sul;Fio dagua                               ;JACUI          ;JIUHCA;CASTRO ALVES        ;97;2026-07-13 13:00:00;238.91;148.08;-9.0;102.0;176.0;157.0;0.0;19.0;0.0;0.0
S ;Sul;Fio dagua                               ;JACUI          ;JIUHCA;CASTRO ALVES        ;97;2026-07-13 14:00:00;238.85;148.06;-15.0;87.0;176.0;157.0;0.0;18.0;0.0;0.0
S ;Sul;Fio dagua                               ;JACUI          ;JIUHCA;CASTRO ALVES        ;97;2026-07-13 15:00:00;238.81;148.05;-19.0;116.0;175.0;157.0;0.0;18.0;0.0;0.0
S ;Sul;Fio dagua                               ;JACUI          ;JIUHCA;CASTRO ALVES        ;97;2026-07-13 16:00:00;238.73;148.05;-27.0;57.0;175.0;157.0;0.0;18.0;0.0;0.0
S ;Sul;Fio dagua                               ;JACUI          ;JIUHCA;CASTRO ALVES        ;97;2026-07-13 17:00:00;238.69;148.04;-31.0;116.0;175.0;157.0;0.0;18.0;0.0;0.0
S ;Sul;Fio dagua                               ;JACUI          ;JIUHCA;CASTRO ALVES        ;97;2026-07-13 18:00:00;238.62;148.02;-38.0;72.0;175.0;157.0;0.0;18.0;0.0;0.0
S ;Sul;Fio dagua                               ;JACUI          ;JIUHCA;CASTRO ALVES        ;97;2026-07-13 19:00:00;238.56;148.01;-44.0;86.0;175.0;157.0;0.0;18.0;0.0;0.0
S ;Sul;Fio dagua                               ;JACUI          ;JIUHCA;CASTRO ALVES        ;97;2026-07-13 20:00:00;238.51;148.0;-49.0;101.0;175.0;157.0;0.0;18.0;0.0;0.0
S ;Sul;Fio dagua                               ;JACUI          ;JIUHCA;CASTRO ALVES        ;97;2026-07-13 21:00:00;238.45;147.97;-55.0;87.0;175.0;157.0;0.0;19.0;0.0;0.0
S ;Sul;Fio dagua                               ;JACUI          ;JIUHCA;CASTRO ALVES        ;97;2026-07-13 22:00:00;238.37;147.99;-63.0;57.0;175.0;157.0;0.0;18.0;0.0;0.0
S ;Sul;Fio dagua                               ;JACUI          ;JIUHCA;CASTRO ALVES        ;97;2026-07-13 23:00:00;238.32;147.97;-68.0;103.0;177.0;157.0;0.0;20.0;0.0;0.0
S ;Sul;Fio dagua                               ;JACUI          ;JIUHCA;CASTRO ALVES        ;97;2026-07-13 23:59:00;238.25;147.93;-75.0;73.0;177.0;157.0;0.0;20.0;0.0;0.0
S ;Sul;Fio dagua                               ;JACUI          ;JIUHCA;CASTRO ALVES        ;97;2026-07-14 01:00:00;238.16;147.92;-84.0;44.0;177.0;157.0;0.0;20.0;0.0;0.0
S ;Sul;Fio dagua                               ;JACUI          ;JIUHCA;CASTRO ALVES        ;97;2026-07-14 02:00:00;238.1;147.92;-90.0;88.0;177.0;157.0;0.0;20.0;0.0;0.0
S ;Sul;Fio dagua                               ;JACUI          ;JIUHCA;CASTRO ALVES        ;97;2026-07-14 03:00:00;238.03;147.91;-97.0;73.0;176.0;156.0;0.0;20.0;0.0;0.0
S ;Sul;Fio dagua                               ;JACUI          ;JIUHCA;CASTRO ALVES        ;97;2026-07-14 04:00:00;237.95;148.88;;59.0;178.0;158.0;0.0;20.0;0.0;0.0
S ;Sul;Fio dagua                               ;JACUI          ;JIUHCA;CASTRO ALVES        ;97;2026-07-14 05:00:00;237.88;147.87;;72.0;176.0;156.0;0.0;20.0;0.0;0.0
S ;Sul;Fio dagua                               ;JACUI          ;JIUHCA;CASTRO ALVES        ;97;2026-07-14 06:00:00;237.81;147.88;;72.0;176.0;156.0;0.0;20.0;0.0;0.0
S ;Sul;Fio dagua                               ;JACUI          ;JIUHCA;CASTRO ALVES        ;97;2026-07-14 07:00:00;237.76;147.86;;102.0;176.0;156.0;0.0;19.0;0.0;0.0
S ;Sul;Fio dagua                               ;JACUI          ;JIUHCA;CASTRO ALVES        ;97;2026-07-14 08:00:00;237.7;147.85;;86.0;175.0;155.0;0.0;19.0;0.0;0.0
S ;Sul;Fio dagua                               ;JACUI          ;JIUHCA;CASTRO ALVES        ;97;2026-07-14 09:00:00;237.64;148.0;;85.0;173.0;154.0;0.0;19.0;0.0;0.0
S ;Sul;Fio dagua                               ;JACUI          ;JIUHCA;CASTRO ALVES        ;97;2026-07-14 10:00:00;237.59;148.35;;100.0;174.0;155.0;0.0;19.0;0.0;0.0
S ;Sul;Fio dagua                               ;JACUI          ;JIUHCA;CASTRO ALVES        ;97;2026-07-14 11:00:00;237.54;148.56;;100.0;174.0;155.0;0.0;19.0;0.0;0.0
S ;Sul;Fio dagua                               ;JACUI          ;JIUHCA;CASTRO ALVES        ;97;2026-07-14 12:00:00;237.49;148.6;;100.0;174.0;155.0;0.0;19.0;0.0;0.0
S ;Sul;Fio dagua                               ;JACUI          ;JIUHCA;CASTRO ALVES        ;97;2026-07-14 13:00:00;237.44;148.65;;100.0;174.0;155.0;0.0;19.0;0.0;0.0
S ;Sul;Fio dagua                               ;JACUI          ;JIUHCA;CASTRO ALVES        ;97;2026-07-14 14:00:00;237.38;148.65;;85.0;174.0;155.0;0.0;19.0;0.0;0.0
S ;Sul;Fio dagua                               ;JACUI          ;JIUHCA;CASTRO ALVES        ;97;2026-07-14 15:00:00;237.34;148.63;;114.0;174.0;155.0;0.0;19.0;0.0;0.0
S ;Sul;Fio dagua                               ;JACUI          ;JIUHCA;CASTRO ALVES        ;97;2026-07-14 16:00:00;237.28;148.66;;83.0;172.0;154.0;0.0;19.0;0.0;0.0
S ;Sul;Fio dagua                               ;JACUI          ;JIUHCA;CASTRO ALVES        ;97;2026-07-14 17:00:00;237.23;148.31;;99.0;173.0;155.0;0.0;19.0;0.0;0.0
S ;Sul;Fio dagua                               ;JACUI          ;JIUHCA;CASTRO ALVES        ;97;2026-07-14 18:00:00;237.17;148.06;;84.0;173.0;155.0;0.0;18.0;0.0;0.0
S ;Sul;Fio dagua                               ;JACUI          ;JIUHCA;CASTRO ALVES        ;97;2026-07-14 19:00:00;237.11;147.97;;84.0;173.0;155.0;0.0;18.0;0.0;0.0
S ;Sul;Fio dagua                               ;JACUI          ;JIUHCA;CASTRO ALVES        ;97;2026-07-14 20:00:00;237.06;147.88;;99.0;173.0;154.0;0.0;18.0;0.0;0.0
S ;Sul;Fio dagua                               ;JACUI          ;JIUHCA;CASTRO ALVES        ;97;2026-07-14 21:00:00;237.01;147.82;;99.0;173.0;154.0;0.0;18.0;0.0;0.0
S ;Sul;Fio dagua                               ;JACUI          ;JIUHCA;CASTRO ALVES        ;97;2026-07-14 22:00:00;236.94;147.82;;69.0;173.0;155.0;0.0;18.0;0.0;0.0
S ;Sul;Fio dagua                               ;JACUI          ;JIUHCA;CASTRO ALVES        ;97;2026-07-14 23:00:00;236.92;147.8;;143.0;173.0;155.0;0.0;18.0;0.0;0.0
S ;Sul;Fio dagua                               ;JACUI          ;JIUHCA;CASTRO ALVES        ;97;2026-07-14 23:59:00;236.92;147.77;;172.0;172.0;154.0;0.0;18.0;0.0;0.0
S ;Sul;Fio dagua                               ;JACUI          ;JIUHCA;CASTRO ALVES        ;97;2026-07-15 01:00:00;236.92;147.55;;112.0;112.0;94.0;0.0;18.0;0.0;0.0
S ;Sul;Fio dagua                               ;JACUI          ;JIUHCA;CASTRO ALVES        ;97;2026-07-15 02:00:00;236.92;147.29;;82.0;82.0;64.0;0.0;18.0;0.0;0.0
S ;Sul;Fio dagua                               ;JACUI          ;JIUHCA;CASTRO ALVES        ;97;2026-07-15 03:00:00;236.92;147.08;;82.0;82.0;64.0;0.0;18.0;0.0;0.0
S ;Sul;Fio dagua                               ;JACUI          ;JIUHCA;CASTRO ALVES        ;97;2026-07-15 04:00:00;236.92;146.9;;82.0;82.0;64.0;0.0;18.0;0.0;0.0
S ;Sul;Fio dagua                               ;JACUI          ;JIUHCA;CASTRO ALVES        ;97;2026-07-15 05:00:00;236.92;146.76;;81.0;81.0;63.0;0.0;18.0;0.0;0.0
S ;Sul;Fio dagua                               ;JACUI          ;JIUHCA;CASTRO ALVES        ;97;2026-07-15 06:00:00;236.92;146.61;;81.0;81.0;63.0;0.0;18.0;0.0;0.0
S ;Sul;Fio dagua                               ;JACUI          ;JIUHCA;CASTRO ALVES        ;97;2026-07-15 07:00:00;236.92;146.61;;81.0;81.0;63.0;0.0;18.0;0.0;0.0
S ;Sul;Fio dagua                               ;JACUI          ;JIUHCA;CASTRO ALVES        ;97;2026-07-15 08:00:00;236.92;146.68;;81.0;81.0;63.0;0.0;18.0;0.0;0.0
S ;Sul;Fio dagua                               ;JACUI          ;JIUHCA;CASTRO ALVES        ;97;2026-07-15 09:00:00;236.98;146.95;;110.0;21.0;3.0;0.0;18.0;0.0;0.0
S ;Sul;Fio dagua                               ;JACUI          ;JIUHCA;CASTRO ALVES        ;97;2026-07-15 10:00:00;237.05;147.2;;122.0;18.0;0.0;0.0;18.0;0.0;0.0
S ;Sul;Fio dagua                               ;JACUI          ;JIUHCA;CASTRO ALVES        ;97;2026-07-15 11:00:00;237.16;147.4;;181.0;18.0;0.0;0.0;18.0;0.0;0.0
S ;Sul;Fio dagua                               ;JACUI          ;JIUHCA;CASTRO ALVES        ;97;2026-07-15 12:00:00;237.26;147.7;;167.0;19.0;0.0;0.0;19.0;0.0;0.0
S ;Sul;Fio dagua                               ;JACUI          ;JIUHCA;CASTRO ALVES        ;97;2026-07-15 13:00:00;237.31;148.05;;160.0;86.0;67.0;0.0;19.0;0.0;0.0
S ;Sul;Fio dagua                               ;JACUI          ;JIUHCA;CASTRO ALVES        ;97;2026-07-15 14:00:00;237.3;148.3;;144.0;159.0;140.0;0.0;19.0;0.0;0.0
S ;Sul;Fio dagua                               ;JACUI          ;JIUHCA;CASTRO ALVES        ;97;2026-07-15 15:00:00;237.29;148.5;;144.0;159.0;140.0;0.0;19.0;0.0;0.0
S ;Sul;Fio dagua                               ;JACUI          ;JIUHCA;CASTRO ALVES        ;97;2026-07-15 16:00:00;237.28;148.53;;144.0;159.0;140.0;0.0;19.0;0.0;0.0
S ;Sul;Fio dagua                               ;JACUI          ;JIUHCA;CASTRO ALVES        ;97;2026-07-15 17:00:00;237.28;148.58;;158.0;158.0;140.0;0.0;19.0;0.0;0.0
S ;Sul;Fio dagua                               ;JACUI          ;JIUHCA;CASTRO ALVES        ;97;2026-07-15 18:00:00;237.26;148.27;;141.0;170.0;152.0;0.0;19.0;0.0;0.0
S ;Sul;Fio dagua                               ;JACUI          ;JIUHCA;CASTRO ALVES        ;97;2026-07-15 19:00:00;237.22;148.05;;116.0;175.0;156.0;0.0;19.0;0.0;0.0
S ;Sul;Fio dagua                               ;JACUI          ;JIUHCA;CASTRO ALVES        ;97;2026-07-15 20:00:00;237.19;147.91;;131.0;175.0;157.0;0.0;18.0;0.0;0.0
S ;Sul;Fio dagua                               ;JACUI          ;JIUHCA;CASTRO ALVES        ;97;2026-07-15 21:00:00;237.13;147.85;;86.0;175.0;157.0;0.0;18.0;0.0;0.0
S ;Sul;Fio dagua                               ;JACUI          ;JIUHCA;CASTRO ALVES        ;97;2026-07-15 22:00:00;237.09;147.78;;116.0;175.0;157.0;0.0;18.0;0.0;0.0
S ;Sul;Fio dagua                               ;JACUI          ;JIUHCA;CASTRO ALVES        ;97;2026-07-15 23:00:00;237.04;147.73;;101.0;175.0;157.0;0.0;18.0;0.0;0.0
S ;Sul;Fio dagua                               ;JACUI          ;JIUHCA;CASTRO ALVES        ;97;2026-07-15 23:59:00;237.0;147.68;;115.0;175.0;156.0;0.0;18.0;0.0;0.0
S ;Sul;Fio dagua                               ;JACUI          ;JIUHCA;CASTRO ALVES        ;97;2026-07-16 01:00:00;237.0;147.64;;129.0;129.0;111.0;0.0;18.0;0.0;0.0
S ;Sul;Fio dagua                               ;JACUI          ;JIUHCA;CASTRO ALVES        ;97;2026-07-16 02:00:00;237.0;147.59;;115.0;115.0;96.0;0.0;18.0;0.0;0.0
S ;Sul;Fio dagua                               ;JACUI          ;JIUHCA;CASTRO ALVES        ;97;2026-07-16 03:00:00;237.0;147.55;;114.0;114.0;96.0;0.0;18.0;0.0;0.0
S ;Sul;Fio dagua                               ;JACUI          ;JIUHCA;CASTRO ALVES        ;97;2026-07-16 04:00:00;237.0;147.5;;114.0;114.0;96.0;0.0;18.0;0.0;0.0
S ;Sul;Fio dagua                               ;JACUI          ;JIUHCA;CASTRO ALVES        ;97;2026-07-16 05:00:00;237.0;147.46;;114.0;114.0;96.0;0.0;18.0;0.0;0.0
S ;Sul;Fio dagua                               ;JACUI          ;JIUHCA;CASTRO ALVES        ;97;2026-07-16 06:00:00;237.0;147.46;;114.0;114.0;96.0;0.0;18.0;0.0;0.0
S ;Sul;Fio dagua                               ;JACUI          ;JIUHCA;CASTRO ALVES        ;97;2026-07-16 07:00:00;237.0;147.43;;114.0;114.0;96.0;0.0;18.0;0.0;0.0
S ;Sul;Fio dagua                               ;JACUI          ;JIUHCA;CASTRO ALVES        ;97;2026-07-16 08:00:00;237.0;147.39;;114.0;114.0;96.0;0.0;18.0;0.0;0.0
S ;Sul;Fio dagua                               ;JACUI          ;JIUHCA;CASTRO ALVES        ;97;2026-07-16 09:00:00;237.0;147.42;;83.0;83.0;65.0;0.0;18.0;0.0;0.0
S ;Sul;Fio dagua                               ;JACUI          ;JIUHCA;CASTRO ALVES        ;97;2026-07-16 10:00:00;237.1;147.68;;166.0;18.0;0.0;0.0;18.0;0.0;0.0
S ;Sul;Fio dagua                               ;JACUI          ;JIUHCA;CASTRO ALVES        ;97;2026-07-16 11:00:00;237.18;147.8;;137.0;18.0;0.0;0.0;18.0;0.0;0.0
S ;Sul;Fio dagua                               ;JACUI          ;JIUHCA;CASTRO ALVES        ;97;2026-07-16 12:00:00;237.27;148.02;;152.0;19.0;0.0;0.0;19.0;0.0;0.0
S ;Sul;Fio dagua                               ;JACUI          ;JIUHCA;CASTRO ALVES        ;97;2026-07-16 13:00:00;237.34;148.1;;122.0;19.0;0.0;0.0;19.0;0.0;0.0
S ;Sul;Fio dagua                               ;JACUI          ;JIUHCA;CASTRO ALVES        ;97;2026-07-16 14:00:00;237.43;148.14;;152.0;19.0;0.0;0.0;19.0;0.0;0.0
S ;Sul;Fio dagua                               ;JACUI          ;JIUHCA;CASTRO ALVES        ;97;2026-07-16 15:00:00;237.47;148.28;;123.0;64.0;45.0;0.0;19.0;0.0;0.0
S ;Sul;Fio dagua                               ;JACUI          ;JIUHCA;CASTRO ALVES        ;97;2026-07-16 16:00:00;237.44;148.43;;115.0;160.0;141.0;0.0;19.0;0.0;0.0
S ;Sul;Fio dagua                               ;JACUI          ;JIUHCA;CASTRO ALVES        ;97;2026-07-16 17:00:00;237.43;148.51;;144.0;159.0;140.0;0.0;19.0;0.0;0.0
S ;Sul;Fio dagua                               ;JACUI          ;JIUHCA;CASTRO ALVES        ;97;2026-07-16 18:00:00;237.39;148.36;;99.0;158.0;139.0;0.0;19.0;0.0;0.0
S ;Sul;Fio dagua                               ;JACUI          ;JIUHCA;CASTRO ALVES        ;97;2026-07-16 19:00:00;237.35;148.14;;110.0;170.0;151.0;0.0;19.0;0.0;0.0
S ;Sul;Fio dagua                               ;JACUI          ;JIUHCA;CASTRO ALVES        ;97;2026-07-16 20:00:00;237.29;147.96;;86.0;175.0;156.0;0.0;19.0;0.0;0.0
S ;Sul;Fio dagua                               ;JACUI          ;JIUHCA;CASTRO ALVES        ;97;2026-07-16 21:00:00;237.22;147.85;;71.0;175.0;156.0;0.0;19.0;0.0;0.0
S ;Sul;Fio dagua                               ;JACUI          ;JIUHCA;CASTRO ALVES        ;97;2026-07-16 22:00:00;237.16;147.77;;86.0;175.0;156.0;0.0;18.0;0.0;0.0
S ;Sul;Fio dagua                               ;JACUI          ;JIUHCA;CASTRO ALVES        ;97;2026-07-16 23:00:00;237.07;147.71;;41.0;175.0;156.0;0.0;18.0;0.0;0.0
S ;Sul;Fio dagua                               ;JACUI          ;JIUHCA;CASTRO ALVES        ;97;2026-07-16 23:59:00;237.0;147.65;;71.0;175.0;156.0;0.0;18.0;0.0;0.0
S ;Sul;Fio dagua                               ;JACUI          ;JIUHCA;CASTRO ALVES        ;97;2026-07-17 01:00:00;236.93;147.58;;32.0;136.0;118.0;0.0;18.0;0.0;0.0
S ;Sul;Fio dagua                               ;JACUI          ;JIUHCA;CASTRO ALVES        ;97;2026-07-17 02:00:00;236.93;147.54;;114.0;114.0;96.0;0.0;18.0;0.0;0.0
S ;Sul;Fio dagua                               ;JACUI          ;JIUHCA;CASTRO ALVES        ;97;2026-07-17 03:00:00;236.92;147.49;;99.0;114.0;96.0;0.0;18.0;0.0;0.0
S ;Sul;Fio dagua                               ;JACUI          ;JIUHCA;CASTRO ALVES        ;97;2026-07-17 04:00:00;236.92;147.45;;114.0;114.0;96.0;0.0;18.0;0.0;0.0
S ;Sul;Fio dagua                               ;JACUI          ;JIUHCA;CASTRO ALVES        ;97;2026-07-17 05:00:00;236.92;147.4;;114.0;114.0;96.0;0.0;18.0;0.0;0.0
S ;Sul;Fio dagua                               ;JACUI          ;JIUHCA;CASTRO ALVES        ;97;2026-07-17 06:00:00;236.92;147.34;;114.0;114.0;96.0;0.0;18.0;0.0;0.0
S ;Sul;Fio dagua                               ;JACUI          ;JIUHCA;CASTRO ALVES        ;97;2026-07-17 07:00:00;236.92;147.29;;113.0;113.0;95.0;0.0;18.0;0.0;0.0
S ;Sul;Fio dagua                               ;JACUI          ;JIUHCA;CASTRO ALVES        ;97;2026-07-17 08:00:00;236.92;147.3;;82.0;82.0;64.0;0.0;18.0;0.0;0.0
S ;Sul;Fio dagua                               ;JACUI          ;JIUHCA;CASTRO ALVES        ;97;2026-07-17 09:00:00;236.93;147.5;;33.0;18.0;0.0;0.0;18.0;0.0;0.0
S ;Sul;Fio dagua                               ;JACUI          ;JIUHCA;CASTRO ALVES        ;97;2026-07-17 10:00:00;236.94;147.7;;33.0;18.0;0.0;0.0;18.0;0.0;0.0
S ;Sul;Fio dagua                               ;JACUI          ;JIUHCA;CASTRO ALVES        ;97;2026-07-17 11:00:00;236.94;147.85;;18.0;18.0;0.0;0.0;18.0;0.0;0.0
S ;Sul;Fio dagua                               ;JACUI          ;JIUHCA;CASTRO ALVES        ;97;2026-07-17 12:00:00;236.96;148.0;;48.0;18.0;0.0;0.0;18.0;0.0;0.0
S ;Sul;Fio dagua                               ;JACUI          ;JIUHCA;CASTRO ALVES        ;97;2026-07-17 13:00:00;236.97;148.1;;33.0;18.0;0.0;0.0;18.0;0.0;0.0
S ;Sul;Fio dagua                               ;JACUI          ;JIUHCA;CASTRO ALVES        ;97;2026-07-17 14:00:00;236.97;148.1;;18.0;18.0;0.0;0.0;18.0;0.0;0.0
S ;Sul;Fio dagua                               ;JACUI          ;JIUHCA;CASTRO ALVES        ;97;2026-07-17 15:00:00;236.99;148.15;;48.0;18.0;0.0;0.0;18.0;0.0;0.0
S ;Sul;Fio dagua                               ;JACUI          ;JIUHCA;CASTRO ALVES        ;97;2026-07-17 16:00:00;237.04;148.15;;92.0;18.0;0.0;0.0;18.0;0.0;0.0
S ;Sul;Fio dagua                               ;JACUI          ;JIUHCA;CASTRO ALVES        ;97;2026-07-17 17:00:00;237.07;148.16;;63.0;18.0;0.0;0.0;18.0;0.0;0.0
S ;Sul;Fio dagua                               ;JACUI          ;JIUHCA;CASTRO ALVES        ;97;2026-07-17 18:00:00;237.08;147.93;;81.0;67.0;48.0;0.0;18.0;0.0;0.0
S ;Sul;Fio dagua                               ;JACUI          ;JIUHCA;CASTRO ALVES        ;97;2026-07-17 19:00:00;237.07;147.8;;67.0;82.0;64.0;0.0;18.0;0.0;0.0
S ;Sul;Fio dagua                               ;JACUI          ;JIUHCA;CASTRO ALVES        ;97;2026-07-17 20:00:00;237.02;147.71;;41.0;115.0;97.0;0.0;18.0;0.0;0.0
S ;Sul;Fio dagua                               ;JACUI          ;JIUHCA;CASTRO ALVES        ;97;2026-07-17 21:00:00;237.0;147.7;;86.0;115.0;97.0;0.0;18.0;0.0;0.0
S ;Sul;Fio dagua                               ;JACUI          ;JIUHCA;CASTRO ALVES        ;97;2026-07-17 22:00:00;237.0;147.65;;115.0;115.0;97.0;0.0;18.0;0.0;0.0
S ;Sul;Fio dagua                               ;JACUI          ;JIUHCA;CASTRO ALVES        ;97;2026-07-17 23:00:00;237.0;147.58;;115.0;115.0;97.0;0.0;18.0;0.0;0.0
S ;Sul;Fio dagua                               ;JACUI          ;JIUHCA;CASTRO ALVES        ;97;2026-07-17 23:59:00;237.0;147.39;;105.0;105.0;86.0;0.0;18.0;0.0;0.0
S ;Sul;Fio dagua                               ;JACUI          ;JIUHCA;CASTRO ALVES        ;97;2026-07-18 01:00:00;237.0;147.07;;95.0;95.0;77.0;0.0;18.0;0.0;0.0
S ;Sul;Fio dagua                               ;JACUI          ;JIUHCA;CASTRO ALVES        ;97;2026-07-18 02:00:00;237.0;146.8;;94.0;94.0;76.0;0.0;18.0;0.0;0.0
S ;Sul;Fio dagua                               ;JACUI          ;JIUHCA;CASTRO ALVES        ;97;2026-07-18 03:00:00;237.0;146.51;;94.0;94.0;76.0;0.0;18.0;0.0;0.0
S ;Sul;Fio dagua                               ;JACUI          ;JIUHCA;CASTRO ALVES        ;97;2026-07-18 04:00:00;237.0;146.4;;103.0;103.0;85.0;0.0;18.0;0.0;0.0
S ;Sul;Fio dagua                               ;JACUI          ;JIUHCA;CASTRO ALVES        ;97;2026-07-18 05:00:00;237.0;146.4;;37.0;37.0;19.0;0.0;18.0;0.0;0.0
S ;Sul;Fio dagua                               ;JACUI          ;JIUHCA;CASTRO ALVES        ;97;2026-07-18 06:00:00;237.0;146.55;;18.0;18.0;0.0;0.0;18.0;0.0;0.0
S ;Sul;Fio dagua                               ;JACUI          ;JIUHCA;CASTRO ALVES        ;97;2026-07-18 07:00:00;237.0;146.84;;18.0;18.0;0.0;0.0;18.0;0.0;0.0
S ;Sul;Fio dagua                               ;JACUI          ;JIUHCA;CASTRO ALVES        ;97;2026-07-18 08:00:00;237.0;147.07;;18.0;18.0;0.0;0.0;18.0;0.0;0.0
S ;Sul;Fio dagua                               ;JACUI          ;JIUHCA;CASTRO ALVES        ;97;2026-07-18 09:00:00;237.0;147.28;;18.0;18.0;0.0;0.0;18.0;0.0;0.0
S ;Sul;Fio dagua                               ;JACUI          ;JIUHCA;CASTRO ALVES        ;97;2026-07-18 10:00:00;237.0;147.46;;18.0;18.0;0.0;0.0;18.0;0.0;0.0
S ;Sul;Fio dagua                               ;JACUI          ;JIUHCA;CASTRO ALVES        ;97;2026-07-18 11:00:00;237.01;147.65;;33.0;18.0;0.0;0.0;18.0;0.0;0.0
S ;Sul;Fio dagua                               ;JACUI          ;JIUHCA;CASTRO ALVES        ;97;2026-07-18 12:00:00;237.07;147.85;;107.0;18.0;0.0;0.0;18.0;0.0;0.0
S ;Sul;Fio dagua                               ;JACUI          ;JIUHCA;CASTRO ALVES        ;97;2026-07-18 13:00:00;237.11;147.96;;78.0;18.0;0.0;0.0;18.0;0.0;0.0
S ;Sul;Fio dagua                               ;JACUI          ;JIUHCA;CASTRO ALVES        ;97;2026-07-18 14:00:00;237.16;148.06;;92.0;18.0;0.0;0.0;18.0;0.0;0.0
S ;Sul;Fio dagua                               ;JACUI          ;JIUHCA;CASTRO ALVES        ;97;2026-07-18 15:00:00;237.22;148.08;;107.0;19.0;0.0;0.0;19.0;0.0;0.0
S ;Sul;Fio dagua                               ;JACUI          ;JIUHCA;CASTRO ALVES        ;97;2026-07-18 16:00:00;237.28;148.13;;107.0;19.0;0.0;0.0;19.0;0.0;0.0
S ;Sul;Fio dagua                               ;JACUI          ;JIUHCA;CASTRO ALVES        ;97;2026-07-18 17:00:00;237.34;148.09;;120.0;31.0;12.0;0.0;19.0;0.0;0.0
S ;Sul;Fio dagua                               ;JACUI          ;JIUHCA;CASTRO ALVES        ;97;2026-07-18 18:00:00;237.37;147.85;;171.0;127.0;108.0;0.0;19.0;0.0;0.0
S ;Sul;Fio dagua                               ;JACUI          ;JIUHCA;CASTRO ALVES        ;97;2026-07-18 19:00:00;237.34;147.8;;118.0;162.0;143.0;0.0;19.0;0.0;0.0
S ;Sul;Fio dagua                               ;JACUI          ;JIUHCA;CASTRO ALVES        ;97;2026-07-18 20:00:00;237.29;147.72;;102.0;176.0;157.0;0.0;19.0;0.0;0.0
S ;Sul;Fio dagua                               ;JACUI          ;JIUHCA;CASTRO ALVES        ;97;2026-07-18 21:00:00;237.23;147.61;;87.0;176.0;157.0;0.0;19.0;0.0;0.0
S ;Sul;Fio dagua                               ;JACUI          ;JIUHCA;CASTRO ALVES        ;97;2026-07-18 22:00:00;237.17;147.57;;87.0;175.0;157.0;0.0;18.0;0.0;0.0
S ;Sul;Fio dagua                               ;JACUI          ;JIUHCA;CASTRO ALVES        ;97;2026-07-18 23:00:00;237.11;147.47;;86.0;175.0;157.0;0.0;18.0;0.0;0.0
S ;Sul;Fio dagua                               ;JACUI          ;JIUHCA;CASTRO ALVES        ;97;2026-07-18 23:59:00;237.05;147.4;;86.0;175.0;157.0;0.0;18.0;0.0;0.0
S ;Sul;Fio dagua                               ;JACUI          ;JIUHCA;CASTRO ALVES        ;97;2026-07-19 01:00:00;236.99;147.34;;86.0;175.0;157.0;0.0;18.0;0.0;0.0
S ;Sul;Fio dagua                               ;JACUI          ;JIUHCA;CASTRO ALVES        ;97;2026-07-19 02:00:00;237.02;147.11;;125.0;80.0;62.0;0.0;18.0;0.0;0.0
S ;Sul;Fio dagua                               ;JACUI          ;JIUHCA;CASTRO ALVES        ;97;2026-07-19 03:00:00;237.04;147.01;;82.0;52.0;34.0;0.0;18.0;0.0;0.0
S ;Sul;Fio dagua                               ;JACUI          ;JIUHCA;CASTRO ALVES        ;97;2026-07-19 04:00:00;237.07;147.01;;117.0;73.0;55.0;0.0;18.0;0.0;0.0
S ;Sul;Fio dagua                               ;JACUI          ;JIUHCA;CASTRO ALVES        ;97;2026-07-19 05:00:00;237.12;147.03;;95.0;21.0;3.0;0.0;18.0;0.0;0.0
S ;Sul;Fio dagua                               ;JACUI          ;JIUHCA;CASTRO ALVES        ;97;2026-07-19 06:00:00;237.16;147.3;;78.0;18.0;0.0;0.0;18.0;0.0;0.0
S ;Sul;Fio dagua                               ;JACUI          ;JIUHCA;CASTRO ALVES        ;97;2026-07-19 07:00:00;237.2;147.42;;78.0;18.0;0.0;0.0;18.0;0.0;0.0
S ;Sul;Fio dagua                               ;JACUI          ;JIUHCA;CASTRO ALVES        ;97;2026-07-19 08:00:00;237.25;147.63;;93.0;19.0;0.0;0.0;19.0;0.0;0.0
S ;Sul;Fio dagua                               ;JACUI          ;JIUHCA;CASTRO ALVES        ;97;2026-07-19 09:00:00;237.3;147.84;;93.0;19.0;0.0;0.0;19.0;0.0;0.0
S ;Sul;Fio dagua                               ;JACUI          ;JIUHCA;CASTRO ALVES        ;97;2026-07-19 10:00:00;237.34;147.94;;78.0;19.0;0.0;0.0;19.0;0.0;0.0
S ;Sul;Fio dagua                               ;JACUI          ;JIUHCA;CASTRO ALVES        ;97;2026-07-19 11:00:00;237.37;148.0;;63.0;19.0;0.0;0.0;19.0;0.0;0.0
S ;Sul;Fio dagua                               ;JACUI          ;JIUHCA;CASTRO ALVES        ;97;2026-07-19 12:00:00;237.41;148.06;;78.0;19.0;0.0;0.0;19.0;0.0;0.0
S ;Sul;Fio dagua                               ;JACUI          ;JIUHCA;CASTRO ALVES        ;97;2026-07-19 13:00:00;237.44;148.08;;63.0;19.0;0.0;0.0;19.0;0.0;0.0
S ;Sul;Fio dagua                               ;JACUI          ;JIUHCA;CASTRO ALVES        ;97;2026-07-19 14:00:00;237.43;148.19;;78.0;93.0;74.0;0.0;19.0;0.0;0.0
S ;Sul;Fio dagua                               ;JACUI          ;JIUHCA;CASTRO ALVES        ;97;2026-07-19 15:00:00;237.39;148.28;;41.0;100.0;81.0;0.0;19.0;0.0;0.0
S ;Sul;Fio dagua                               ;JACUI          ;JIUHCA;CASTRO ALVES        ;97;2026-07-19 16:00:00;237.34;148.3;;26.0;100.0;81.0;0.0;19.0;0.0;0.0
S ;Sul;Fio dagua                               ;JACUI          ;JIUHCA;CASTRO ALVES        ;97;2026-07-19 17:00:00;237.32;148.31;;70.0;100.0;81.0;0.0;19.0;0.0;0.0
S ;Sul;Fio dagua                               ;JACUI          ;JIUHCA;CASTRO ALVES        ;97;2026-07-19 18:00:00;237.27;147.98;;43.0;117.0;99.0;0.0;19.0;0.0;0.0
S ;Sul;Fio dagua                               ;JACUI          ;JIUHCA;CASTRO ALVES        ;97;2026-07-19 19:00:00;237.2;147.68;;23.0;127.0;109.0;0.0;18.0;0.0;0.0
S ;Sul;Fio dagua                               ;JACUI          ;JIUHCA;CASTRO ALVES        ;97;2026-07-19 20:00:00;237.16;147.49;;68.0;127.0;108.0;0.0;18.0;0.0;0.0
S ;Sul;Fio dagua                               ;JACUI          ;JIUHCA;CASTRO ALVES        ;97;2026-07-19 21:00:00;237.12;147.27;;67.0;126.0;108.0;0.0;18.0;0.0;0.0
S ;Sul;Fio dagua                               ;JACUI          ;JIUHCA;CASTRO ALVES        ;97;2026-07-19 22:00:00;237.05;147.03;;22.0;126.0;108.0;0.0;18.0;0.0;0.0
S ;Sul;Fio dagua                               ;JACUI          ;JIUHCA;CASTRO ALVES        ;97;2026-07-19 23:00:00;237.01;146.78;;58.0;117.0;99.0;0.0;18.0;0.0;0.0
S ;Sul;Fio dagua                               ;JACUI          ;JIUHCA;CASTRO ALVES        ;97;2026-07-19 23:59:00;237.0;146.51;;79.0;94.0;76.0;0.0;18.0;0.0;0.0
S ;Sul;Fio dagua                               ;JACUI          ;JIUHCA;CASTRO ALVES        ;97;2026-07-20 01:00:00;237.0;146.52;;94.0;94.0;76.0;0.0;18.0;0.0;0.0
S ;Sul;Fio dagua                               ;JACUI          ;JIUHCA;CASTRO ALVES        ;97;2026-07-20 02:00:00;237.0;146.63;;93.0;93.0;75.0;0.0;18.0;0.0;0.0
S ;Sul;Fio dagua                               ;JACUI          ;JIUHCA;CASTRO ALVES        ;97;2026-07-20 03:00:00;237.0;146.73;;93.0;93.0;75.0;0.0;18.0;0.0;0.0
S ;Sul;Fio dagua                               ;JACUI          ;JIUHCA;CASTRO ALVES        ;97;2026-07-20 04:00:00;237.0;146.84;;94.0;94.0;76.0;0.0;18.0;0.0;0.0
S ;Sul;Fio dagua                               ;JACUI          ;JIUHCA;CASTRO ALVES        ;97;2026-07-20 05:00:00;237.0;146.87;;94.0;94.0;76.0;0.0;18.0;0.0;0.0
S ;Sul;Fio dagua                               ;JACUI          ;JIUHCA;CASTRO ALVES        ;97;2026-07-20 06:00:00;237.0;146.81;;94.0;94.0;76.0;0.0;18.0;0.0;0.0
S ;Sul;Fio dagua                               ;JACUI          ;JIUHCA;CASTRO ALVES        ;97;2026-07-20 07:00:00;237.0;146.77;;94.0;94.0;76.0;0.0;18.0;0.0;0.0
S ;Sul;Fio dagua                               ;JACUI          ;JIUHCA;CASTRO ALVES        ;97;2026-07-20 08:00:00;237.0;146.94;;88.0;88.0;70.0;0.0;18.0;0.0;0.0
S ;Sul;Fio dagua                               ;JACUI          ;JIUHCA;CASTRO ALVES        ;97;2026-07-20 09:00:00;237.0;147.22;;72.0;72.0;54.0;0.0;18.0;0.0;0.0
S ;Sul;Fio dagua                               ;JACUI          ;JIUHCA;CASTRO ALVES        ;97;2026-07-20 10:00:00;237.0;147.55;;72.0;72.0;54.0;0.0;18.0;0.0;0.0
S ;Sul;Fio dagua                               ;JACUI          ;JIUHCA;CASTRO ALVES        ;97;2026-07-20 11:00:00;237.0;147.82;;73.0;73.0;54.0;0.0;18.0;0.0;0.0
S ;Sul;Fio dagua                               ;JACUI          ;JIUHCA;CASTRO ALVES        ;97;2026-07-20 12:00:00;237.0;148.06;;73.0;73.0;55.0;0.0;18.0;0.0;0.0
S ;Sul;Fio dagua                               ;JACUI          ;JIUHCA;CASTRO ALVES        ;97;2026-07-20 13:00:00;237.0;148.2;;73.0;73.0;55.0;0.0;18.0;0.0;0.0
S ;Sul;Fio dagua                               ;JACUI          ;JIUHCA;CASTRO ALVES        ;97;2026-07-20 14:00:00;237.02;148.28;;103.0;73.0;55.0;0.0;18.0;0.0;0.0
S ;Sul;Fio dagua                               ;JACUI          ;JIUHCA;CASTRO ALVES        ;97;2026-07-20 15:00:00;237.04;148.33;;103.0;73.0;55.0;0.0;18.0;0.0;0.0
S ;Sul;Fio dagua                               ;JACUI          ;JIUHCA;CASTRO ALVES        ;97;2026-07-20 16:00:00;237.08;148.42;;132.0;73.0;55.0;0.0;18.0;0.0;0.0
S ;Sul;Fio dagua                               ;JACUI          ;JIUHCA;CASTRO ALVES        ;97;2026-07-20 17:00:00;237.07;148.25;;127.0;142.0;124.0;0.0;18.0;0.0;0.0
S ;Sul;Fio dagua                               ;JACUI          ;JIUHCA;CASTRO ALVES        ;97;2026-07-20 18:00:00;237.02;148.1;;100.0;174.0;156.0;0.0;18.0;0.0;0.0
S ;Sul;Fio dagua                               ;JACUI          ;JIUHCA;CASTRO ALVES        ;97;2026-07-20 19:00:00;237.0;148.05;;142.0;171.0;153.0;0.0;18.0;0.0;0.0
S ;Sul;Fio dagua                               ;JACUI          ;JIUHCA;CASTRO ALVES        ;97;2026-07-20 20:00:00;237.0;147.9;;157.0;157.0;139.0;0.0;18.0;0.0;0.0
S ;Sul;Fio dagua                               ;JACUI          ;JIUHCA;CASTRO ALVES        ;97;2026-07-20 21:00:00;237.0;147.9;;149.0;149.0;131.0;0.0;18.0;0.0;0.0
S ;Sul;Fio dagua                               ;JACUI          ;JIUHCA;CASTRO ALVES        ;97;2026-07-20 22:00:00;237.0;147.8;;149.0;149.0;131.0;0.0;18.0;0.0;0.0
S ;Sul;Fio dagua                               ;JACUI          ;JIUHCA;CASTRO ALVES        ;97;2026-07-20 23:00:00;237.0;147.8;;149.0;149.0;131.0;0.0;18.0;0.0;0.0
S ;Sul;Fio dagua                               ;JACUI          ;JIUHCA;CASTRO ALVES        ;97;2026-07-20 23:59:00;237.0;147.66;;149.0;149.0;131.0;0.0;18.0;0.0;0.0
S ;Sul;Fio dagua                               ;JACUI          ;JIUHCA;CASTRO ALVES        ;97;2026-07-21 01:00:00;237.04;147.61;;211.0;152.0;134.0;0.0;18.0;0.0;0.0
S ;Sul;Fio dagua                               ;JACUI          ;JIUHCA;CASTRO ALVES        ;97;2026-07-21 02:00:00;237.13;147.58;;301.0;167.0;149.0;0.0;18.0;0.0;0.0
S ;Sul;Fio dagua                               ;JACUI          ;JIUHCA;CASTRO ALVES        ;97;2026-07-21 03:00:00;237.2;147.58;;279.0;175.0;157.0;0.0;18.0;0.0;0.0
S ;Sul;Fio dagua                               ;JACUI          ;JIUHCA;CASTRO ALVES        ;97;2026-07-21 04:00:00;237.26;147.61;;264.0;175.0;157.0;0.0;19.0;0.0;0.0
S ;Sul;Fio dagua                               ;JACUI          ;JIUHCA;CASTRO ALVES        ;97;2026-07-21 05:00:00;237.35;147.63;;309.0;175.0;157.0;0.0;19.0;0.0;0.0
S ;Sul;Fio dagua                               ;JACUI          ;JIUHCA;CASTRO ALVES        ;97;2026-07-21 06:00:00;237.44;147.63;;309.0;176.0;157.0;0.0;19.0;0.0;0.0
S ;Sul;Fio dagua                               ;JACUI          ;JIUHCA;CASTRO ALVES        ;97;2026-07-21 07:00:00;237.55;147.65;;338.0;175.0;157.0;0.0;18.0;0.0;0.0
S ;Sul;Fio dagua                               ;JACUI          ;JIUHCA;CASTRO ALVES        ;97;2026-07-21 08:00:00;237.67;147.69;;353.0;175.0;157.0;0.0;18.0;0.0;0.0
S ;Sul;Fio dagua                               ;JACUI          ;JIUHCA;CASTRO ALVES        ;97;2026-07-21 09:00:00;237.84;148.27;;427.0;176.0;157.0;0.0;19.0;0.0;0.0
S ;Sul;Fio dagua                               ;JACUI          ;JIUHCA;CASTRO ALVES        ;97;2026-07-21 10:00:00;238.01;148.49;-99.0;427.0;176.0;157.0;0.0;19.0;0.0;0.0
S ;Sul;Fio dagua                               ;JACUI          ;JIUHCA;CASTRO ALVES        ;97;2026-07-21 11:00:00;238.21;148.59;-79.0;472.0;176.0;156.0;0.0;19.0;0.0;0.0
S ;Sul;Fio dagua                               ;JACUI          ;JIUHCA;CASTRO ALVES        ;97;2026-07-21 12:00:00;238.45;148.7;-55.0;532.0;176.0;156.0;0.0;20.0;0.0;0.0
S ;Sul;Fio dagua                               ;JACUI          ;JIUHCA;CASTRO ALVES        ;97;2026-07-21 13:00:00;238.75;148.75;-25.0;621.0;177.0;156.0;0.0;20.0;0.0;0.0
S ;Sul;Fio dagua                               ;JACUI          ;JIUHCA;CASTRO ALVES        ;97;2026-07-21 14:00:00;239.09;148.83;9.0;681.0;177.0;156.0;0.0;21.0;0.0;0.0
S ;Sul;Fio dagua                               ;JACUI          ;JIUHCA;CASTRO ALVES        ;97;2026-07-21 15:00:00;239.5;148.95;50.0;786.0;179.0;156.0;0.0;22.0;0.0;0.0
S ;Sul;Fio dagua                               ;JACUI          ;JIUHCA;CASTRO ALVES        ;97;2026-07-21 16:00:00;240.05;149.6;105.81;997.0;183.0;157.0;3.0;23.0;0.0;2.0
S ;Sul;Fio dagua                               ;JACUI          ;JIUHCA;CASTRO ALVES        ;97;2026-07-21 17:00:00;240.67;149.75;177.79;1250.0;332.0;156.0;152.0;24.0;0.0;5.0
S ;Sul;Fio dagua                               ;JACUI          ;JIUHCA;CASTRO ALVES        ;97;2026-07-21 18:00:00;241.35;149.98;256.74;1649.0;642.0;155.0;462.0;25.0;0.0;5.0
S ;Sul;Fio dagua                               ;JACUI          ;JIUHCA;CASTRO ALVES        ;97;2026-07-21 19:00:00;241.97;150.25;328.73;1952.0;1034.0;155.0;854.0;26.0;0.0;5.0
S ;Sul;Fio dagua                               ;JACUI          ;JIUHCA;CASTRO ALVES        ;97;2026-07-21 20:00:00;242.5;150.95;390.26;2231.0;1447.0;155.0;1265.0;26.0;0.0;5.0
S ;Sul;Fio dagua                               ;JACUI          ;JIUHCA;CASTRO ALVES        ;97;2026-07-21 21:00:00;242.96;151.81;443.67;2542.0;1861.0;156.0;1679.0;27.0;0.0;5.0
S ;Sul;Fio dagua                               ;JACUI          ;JIUHCA;CASTRO ALVES        ;97;2026-07-21 22:00:00;243.36;152.93;490.11;2853.0;2260.0;157.0;2081.0;22.0;0.0;5.0
S ;Sul;Fio dagua                               ;JACUI          ;JIUHCA;CASTRO ALVES        ;97;2026-07-21 23:00:00;243.69;153.85;528.42;3113.0;2624.0;156.0;2445.0;23.0;0.0;7.0
S ;Sul;Fio dagua                               ;JACUI          ;JIUHCA;CASTRO ALVES        ;97;2026-07-21 23:59:00;244.05;154.52;570.22;3529.0;2996.0;157.0;2839.0;0.0;0.0;7.0
S ;Sul;Fio dagua                               ;JACUI          ;JIUHCA;CASTRO ALVES        ;97;2026-07-22 01:00:00;244.38;154.88;608.54;3863.0;3374.0;155.0;3220.0;0.0;0.0;8.0
S ;Sul;Fio dagua                               ;JACUI          ;JIUHCA;CASTRO ALVES        ;97;2026-07-22 02:00:00;244.78;155.34;654.98;4480.0;3887.0;155.0;3732.0;0.0;0.0;9.0
S ;Sul;Fio dagua                               ;JACUI          ;JIUHCA;CASTRO ALVES        ;97;2026-07-22 03:00:00;245.23;155.97;710.59;5173.0;4507.0;150.0;4357.0;0.0;0.0;14.0
S ;Sul;Fio dagua                               ;JACUI          ;JIUHCA;CASTRO ALVES        ;97;2026-07-22 04:00:00;245.57;156.8;755.04;5478.0;4975.0;145.0;4830.0;0.0;0.0;20.0
S ;Sul;Fio dagua                               ;JACUI          ;JIUHCA;CASTRO ALVES        ;97;2026-07-22 05:00:00;245.81;157.02;786.42;5621.0;5265.0;99.0;5166.0;0.0;0.0;64.0
S ;Sul;Fio dagua                               ;JACUI          ;JIUHCA;CASTRO ALVES        ;97;2026-07-22 06:00:00;245.91;157.36;799.49;5457.0;5309.0;0.0;5309.0;0.0;0.0;162.0
S ;Sul;Fio dagua                               ;JACUI          ;JIUHCA;CASTRO ALVES        ;97;2026-07-22 07:00:00;245.92;157.56;800.8;5338.0;5323.0;0.0;5323.0;0.0;0.0;163.0
S ;Sul;Fio dagua                               ;JACUI          ;JIUHCA;CASTRO ALVES        ;97;2026-07-22 08:00:00;245.87;157.52;794.26;5178.0;5252.0;0.0;5252.0;0.0;0.0;163.0
S ;Sul;Fio dagua                               ;JACUI          ;JIUHCA;CASTRO ALVES        ;97;2026-07-22 09:00:00;245.77;157.47;781.19;4961.0;5109.0;0.0;5109.0;0.0;0.0;163.0
S ;Sul;Fio dagua                               ;JACUI          ;JIUHCA;CASTRO ALVES        ;97;2026-07-22 10:00:00;245.65;157.2;765.5;4763.0;4940.0;0.0;4940.0;0.0;0.0;162.0
S ;Sul;Fio dagua                               ;JACUI          ;JIUHCA;CASTRO ALVES        ;97;2026-07-22 11:00:00;245.52;157.05;748.51;4570.0;4762.0;0.0;4762.0;0.0;0.0;162.0
S ;Sul;Fio dagua                               ;JACUI          ;JIUHCA;CASTRO ALVES        ;97;2026-07-22 12:00:00;245.37;156.73;728.89;4337.0;4559.0;0.0;4559.0;0.0;0.0;162.0
S ;Sul;Fio dagua                               ;JACUI          ;JIUHCA;CASTRO ALVES        ;97;2026-07-22 13:00:00;245.21;156.54;707.98;4091.0;4328.0;0.0;4328.0;0.0;0.0;162.0
S ;Sul;Fio dagua                               ;JACUI          ;JIUHCA;CASTRO ALVES        ;97;2026-07-22 14:00:00;245.03;156.23;684.44;3807.0;4073.0;0.0;4073.0;0.0;0.0;162.0
S ;Sul;Fio dagua                               ;JACUI          ;JIUHCA;CASTRO ALVES        ;97;2026-07-22 15:00:00;244.85;155.87;663.1;3560.0;3827.0;0.0;3827.0;0.0;0.0;161.0
S ;Sul;Fio dagua                               ;JACUI          ;JIUHCA;CASTRO ALVES        ;97;2026-07-22 16:00:00;244.66;155.62;641.05;3290.0;3572.0;0.0;3572.0;0.0;0.0;161.0
S ;Sul;Fio dagua                               ;JACUI          ;JIUHCA;CASTRO ALVES        ;97;2026-07-22 17:00:00;244.47;155.22;618.99;3047.0;3328.0;0.0;3328.0;0.0;0.0;161.0
S ;Sul;Fio dagua                               ;JACUI          ;JIUHCA;CASTRO ALVES        ;97;2026-07-22 18:00:00;244.3;154.85;599.25;2873.0;3124.0;0.0;3124.0;0.0;0.0;161.0
S ;Sul;Fio dagua                               ;JACUI          ;JIUHCA;CASTRO ALVES        ;97;2026-07-22 19:00:00;244.14;154.44;580.67;2702.0;2939.0;0.0;2939.0;0.0;0.0;160.0
S ;Sul;Fio dagua                               ;JACUI          ;JIUHCA;CASTRO ALVES        ;97;2026-07-22 20:00:00;244.0;154.12;564.42;2576.0;2784.0;0.0;2784.0;0.0;0.0;160.0
S ;Sul;Fio dagua                               ;JACUI          ;JIUHCA;CASTRO ALVES        ;97;2026-07-22 21:00:00;243.84;153.69;545.84;2373.0;2610.0;0.0;2610.0;0.0;0.0;159.0
S ;Sul;Fio dagua                               ;JACUI          ;JIUHCA;CASTRO ALVES        ;97;2026-07-22 22:00:00;243.72;153.38;531.91;2302.0;2480.0;0.0;2480.0;0.0;0.0;159.0
S ;Sul;Fio dagua                               ;JACUI          ;JIUHCA;CASTRO ALVES        ;97;2026-07-22 23:00:00;243.6;153.08;517.97;2166.0;2343.0;0.0;2343.0;0.0;0.0;159.0
S ;Sul;Fio dagua                               ;JACUI          ;JIUHCA;CASTRO ALVES        ;97;2026-07-22 23:59:00;243.49;152.76;505.2;2058.0;2221.0;0.0;2221.0;0.0;0.0;158.0
S ;Sul;Fio dagua                               ;JACUI          ;JIUHCA;CASTRO ALVES        ;97;2026-07-23 01:00:00;243.31;152.69;484.3;1895.0;2162.0;133.0;2029.0;0.0;0.0;28.0
S ;Sul;Fio dagua                               ;JACUI          ;JIUHCA;CASTRO ALVES        ;97;2026-07-23 02:00:00;243.16;152.34;466.89;1811.0;2033.0;158.0;1875.0;0.0;0.0;3.0
S ;Sul;Fio dagua                               ;JACUI          ;JIUHCA;CASTRO ALVES        ;97;2026-07-23 03:00:00;243.03;151.87;451.8;1712.0;1904.0;158.0;1746.0;0.0;0.0;3.0
S ;Sul;Fio dagua                               ;JACUI          ;JIUHCA;CASTRO ALVES        ;97;2026-07-23 04:00:00;242.94;151.57;441.35;1684.0;1817.0;158.0;1660.0;0.0;0.0;2.0
S ;Sul;Fio dagua                               ;JACUI          ;JIUHCA;CASTRO ALVES        ;97;2026-07-23 05:00:00;242.85;151.41;430.9;1600.0;1733.0;158.0;1575.0;0.0;0.0;2.0
S ;Sul;Fio dagua                               ;JACUI          ;JIUHCA;CASTRO ALVES        ;97;2026-07-23 06:00:00;242.76;151.22;420.45;1517.0;1651.0;158.0;1492.0;0.0;0.0;2.0
S ;Sul;Fio dagua                               ;JACUI          ;JIUHCA;CASTRO ALVES        ;97;2026-07-23 07:00:00;242.68;151.14;411.16;1460.0;1579.0;158.0;1421.0;0.0;0.0;2.0
S ;Sul;Fio dagua                               ;JACUI          ;JIUHCA;CASTRO ALVES        ;97;2026-07-23 08:00:00;242.61;150.9;403.03;1414.0;1517.0;158.0;1359.0;0.0;0.0;2.0
S ;Sul;Fio dagua                               ;JACUI          ;JIUHCA;CASTRO ALVES        ;97;2026-07-23 09:00:00;242.54;150.64;394.9;1353.0;1457.0;158.0;1299.0;0.0;0.0;2.0
S ;Sul;Fio dagua                               ;JACUI          ;JIUHCA;CASTRO ALVES        ;97;2026-07-23 10:00:00;242.47;150.88;386.78;1295.0;1399.0;158.0;1240.0;0.0;0.0;1.0
S ;Sul;Fio dagua                               ;JACUI          ;JIUHCA;CASTRO ALVES        ;97;2026-07-23 11:00:00;242.41;150.82;379.81;1260.0;1349.0;158.0;1191.0;0.0;0.0;2.0
S ;Sul;Fio dagua                               ;JACUI          ;JIUHCA;CASTRO ALVES        ;97;2026-07-23 12:00:00;242.35;150.65;372.84;1211.0;1300.0;158.0;1142.0;0.0;0.0;1.0
S ;Sul;Fio dagua                               ;JACUI          ;JIUHCA;CASTRO ALVES        ;97;2026-07-23 13:00:00;242.3;150.48;367.04;1186.0;1260.0;158.0;1102.0;0.0;0.0;1.0
S ;Sul;Fio dagua                               ;JACUI          ;JIUHCA;CASTRO ALVES        ;97;2026-07-23 14:00:00;242.24;150.25;360.07;1124.0;1213.0;158.0;1055.0;0.0;0.0;1.0
S ;Sul;Fio dagua                               ;JACUI          ;JIUHCA;CASTRO ALVES        ;97;2026-07-23 15:00:00;242.19;150.25;354.27;1101.0;1175.0;158.0;1017.0;0.0;0.0;1.0
S ;Sul;Fio dagua                               ;JACUI          ;JIUHCA;CASTRO ALVES        ;97;2026-07-23 16:00:00;242.13;150.18;347.3;1041.0;1130.0;158.0;971.0;0.0;0.0;1.0
S ;Sul;Fio dagua                               ;JACUI          ;JIUHCA;CASTRO ALVES        ;97;2026-07-23 17:00:00;242.09;150.09;342.66;1041.0;1100.0;158.0;942.0;0.0;0.0;1.0
S ;Sul;Fio dagua                               ;JACUI          ;JIUHCA;CASTRO ALVES        ;97;2026-07-23 18:00:00;242.04;149.89;336.85;989.0;1063.0;158.0;905.0;0.0;0.0;1.0
S ;Sul;Fio dagua                               ;JACUI          ;JIUHCA;CASTRO ALVES        ;97;2026-07-23 19:00:00;241.99;149.77;331.05;952.0;1026.0;158.0;868.0;0.0;0.0;1.0
S ;Sul;Fio dagua                               ;JACUI          ;JIUHCA;CASTRO ALVES        ;97;2026-07-23 20:00:00;241.95;149.91;326.4;938.0;997.0;158.0;839.0;0.0;0.0;1.0
S ;Sul;Fio dagua                               ;JACUI          ;JIUHCA;CASTRO ALVES        ;97;2026-07-23 21:00:00;241.91;149.94;321.76;910.0;969.0;158.0;811.0;0.0;0.0;1.0
S ;Sul;Fio dagua                               ;JACUI          ;JIUHCA;CASTRO ALVES        ;97;2026-07-23 22:00:00;241.87;149.89;317.11;882.0;941.0;158.0;783.0;0.0;0.0;1.0
S ;Sul;Fio dagua                               ;JACUI          ;JIUHCA;CASTRO ALVES        ;97;2026-07-23 23:00:00;241.83;149.76;312.47;854.0;913.0;158.0;755.0;0.0;0.0;1.0
S ;Sul;Fio dagua                               ;JACUI          ;JIUHCA;CASTRO ALVES        ;97;2026-07-23 23:59:00;241.79;149.66;307.83;827.0;886.0;158.0;728.0;0.0;0.0;1.0
S ;Sul;Fio dagua                               ;JACUI          ;JIUHCA;CASTRO ALVES        ;97;2026-07-24 01:00:00;241.75;149.59;303.18;800.0;859.0;158.0;702.0;0.0;0.0;1.0
S ;Sul;Fio dagua                               ;JACUI          ;JIUHCA;CASTRO ALVES        ;97;2026-07-24 02:00:00;241.71;149.74;298.54;774.0;833.0;158.0;675.0;0.0;0.0;1.0
S ;Sul;Fio dagua                               ;JACUI          ;JIUHCA;CASTRO ALVES        ;97;2026-07-24 03:00:00;241.67;149.82;293.89;747.0;807.0;157.0;650.0;0.0;0.0;2.0
S ;Sul;Fio dagua                               ;JACUI          ;JIUHCA;CASTRO ALVES        ;97;2026-07-24 04:00:00;241.64;149.8;290.41;742.0;787.0;156.0;630.0;0.0;0.0;3.0
S ;Sul;Fio dagua                               ;JACUI          ;JIUHCA;CASTRO ALVES        ;97;2026-07-24 05:00:00;241.6;149.71;285.77;703.0;762.0;156.0;605.0;0.0;0.0;3.0
S ;Sul;Fio dagua                               ;JACUI          ;JIUHCA;CASTRO ALVES        ;97;2026-07-24 06:00:00;241.58;149.68;283.44;720.0;749.0;156.0;593.0;0.0;0.0;3.0
S ;Sul;Fio dagua                               ;JACUI          ;JIUHCA;CASTRO ALVES        ;97;2026-07-24 07:00:00;241.55;149.63;279.96;687.0;731.0;156.0;575.0;0.0;0.0;3.0
S ;Sul;Fio dagua                               ;JACUI          ;JIUHCA;CASTRO ALVES        ;97;2026-07-24 08:00:00;241.52;149.57;276.48;669.0;713.0;156.0;557.0;0.0;0.0;3.0
S ;Sul;Fio dagua                               ;JACUI          ;JIUHCA;CASTRO ALVES        ;97;2026-07-24 09:00:00;241.49;149.51;273.0;651.0;696.0;156.0;540.0;0.0;0.0;3.0
S ;Sul;Fio dagua                               ;JACUI          ;JIUHCA;CASTRO ALVES        ;97;2026-07-24 10:00:00;241.46;149.44;269.51;634.0;679.0;156.0;523.0;0.0;0.0;3.0
S ;Sul;Fio dagua                               ;JACUI          ;JIUHCA;CASTRO ALVES        ;97;2026-07-24 11:00:00;241.43;149.4;266.03;617.0;662.0;156.0;506.0;0.0;0.0;3.0
S ;Sul;Fio dagua                               ;JACUI          ;JIUHCA;CASTRO ALVES        ;97;2026-07-24 12:00:00;241.41;149.32;263.71;621.0;651.0;156.0;495.0;0.0;0.0;3.0
S ;Sul;Fio dagua                               ;JACUI          ;JIUHCA;CASTRO ALVES        ;97;2026-07-24 13:00:00;241.39;149.29;261.38;610.0;640.0;156.0;484.0;0.0;0.0;3.0
S ;Sul;Fio dagua                               ;JACUI          ;JIUHCA;CASTRO ALVES        ;97;2026-07-24 14:00:00;241.36;149.56;257.9;579.0;624.0;156.0;468.0;0.0;0.0;3.0
S ;Sul;Fio dagua                               ;JACUI          ;JIUHCA;CASTRO ALVES        ;97;2026-07-24 15:00:00;241.34;149.63;255.58;584.0;613.0;157.0;457.0;0.0;0.0;3.0
S ;Sul;Fio dagua                               ;JACUI          ;JIUHCA;CASTRO ALVES        ;97;2026-07-24 16:00:00;241.3;149.6;250.94;533.0;592.0;157.0;436.0;0.0;0.0;3.0
S ;Sul;Fio dagua                               ;JACUI          ;JIUHCA;CASTRO ALVES        ;97;2026-07-24 17:00:00;241.27;149.57;247.45;532.0;576.0;157.0;420.0;0.0;0.0;3.0
S ;Sul;Fio dagua                               ;JACUI          ;JIUHCA;CASTRO ALVES        ;97;2026-07-24 18:00:00;241.25;149.59;245.13;537.0;566.0;157.0;410.0;0.0;0.0;3.0
S ;Sul;Fio dagua                               ;JACUI          ;JIUHCA;CASTRO ALVES        ;97;2026-07-24 19:00:00;241.24;149.54;243.97;546.0;561.0;157.0;404.0;0.0;0.0;3.0
S ;Sul;Fio dagua                               ;JACUI          ;JIUHCA;CASTRO ALVES        ;97;2026-07-24 20:00:00;241.23;149.5;242.81;541.0;556.0;157.0;399.0;0.0;0.0;3.0
S ;Sul;Fio dagua                               ;JACUI          ;JIUHCA;CASTRO ALVES        ;97;2026-07-24 21:00:00;241.21;149.44;240.49;516.0;546.0;157.0;389.0;0.0;0.0;3.0
S ;Sul;Fio dagua                               ;JACUI          ;JIUHCA;CASTRO ALVES        ;97;2026-07-24 22:00:00;241.18;149.41;237.0;486.0;531.0;157.0;374.0;0.0;0.0;3.0
S ;Sul;Fio dagua                               ;JACUI          ;JIUHCA;CASTRO ALVES        ;97;2026-07-24 23:00:00;241.16;149.4;234.68;491.0;521.0;157.0;364.0;0.0;0.0;3.0
S ;Sul;Fio dagua                               ;JACUI          ;JIUHCA;CASTRO ALVES        ;97;2026-07-24 23:59:00;241.14;149.36;232.36;482.0;511.0;157.0;355.0;0.0;0.0;3.0
S ;Sul;Fio dagua                               ;JACUI          ;JIUHCA;CASTRO ALVES        ;97;2026-07-25 01:00:00;241.13;149.32;231.2;492.0;506.0;157.0;350.0;0.0;0.0;3.0
S ;Sul;Fio dagua                               ;JACUI          ;JIUHCA;CASTRO ALVES        ;97;2026-07-25 02:00:00;241.1;149.3;227.71;448.0;492.0;157.0;335.0;0.0;0.0;3.0
S ;Sul;Fio dagua                               ;JACUI          ;JIUHCA;CASTRO ALVES        ;97;2026-07-25 03:00:00;241.09;149.28;226.55;472.0;487.0;157.0;331.0;0.0;0.0;3.0
S ;Sul;Fio dagua                               ;JACUI          ;JIUHCA;CASTRO ALVES        ;97;2026-07-25 04:00:00;241.07;149.26;224.23;448.0;478.0;157.0;321.0;0.0;0.0;3.0
S ;Sul;Fio dagua                               ;JACUI          ;JIUHCA;CASTRO ALVES        ;97;2026-07-25 05:00:00;241.05;149.25;221.91;439.0;469.0;157.0;312.0;0.0;0.0;3.0
S ;Sul;Fio dagua                               ;JACUI          ;JIUHCA;CASTRO ALVES        ;97;2026-07-25 06:00:00;241.03;149.21;219.59;430.0;460.0;157.0;303.0;0.0;0.0;3.0
S ;Sul;Fio dagua                               ;JACUI          ;JIUHCA;CASTRO ALVES        ;97;2026-07-25 07:00:00;241.01;149.2;217.27;421.0;450.0;157.0;294.0;0.0;0.0;3.0
S ;Sul;Fio dagua                               ;JACUI          ;JIUHCA;CASTRO ALVES        ;97;2026-07-25 08:00:00;241.0;149.35;216.1;431.0;446.0;157.0;289.0;0.0;0.0;3.0
S ;Sul;Fio dagua                               ;JACUI          ;JIUHCA;CASTRO ALVES        ;97;2026-07-25 09:00:00;240.98;149.5;213.78;407.0;437.0;157.0;280.0;0.0;0.0;3.0
S ;Sul;Fio dagua                               ;JACUI          ;JIUHCA;CASTRO ALVES        ;97;2026-07-25 10:00:00;240.96;149.55;211.46;398.0;428.0;157.0;271.0;0.0;0.0;3.0
S ;Sul;Fio dagua                               ;JACUI          ;JIUHCA;CASTRO ALVES        ;97;2026-07-25 11:00:00;240.95;149.55;210.3;409.0;424.0;157.0;266.0;0.0;0.0;3.0
S ;Sul;Fio dagua                               ;JACUI          ;JIUHCA;CASTRO ALVES        ;97;2026-07-25 12:00:00;240.94;149.5;209.14;404.0;419.0;157.0;262.0;0.0;0.0;3.0
S ;Sul;Fio dagua                               ;JACUI          ;JIUHCA;CASTRO ALVES        ;97;2026-07-25 13:00:00;240.92;149.5;206.82;380.0;410.0;157.0;253.0;0.0;0.0;3.0
S ;Sul;Fio dagua                               ;JACUI          ;JIUHCA;CASTRO ALVES        ;97;2026-07-25 14:00:00;240.91;149.5;205.65;391.0;406.0;157.0;248.0;0.0;0.0;3.0
S ;Sul;Fio dagua                               ;JACUI          ;JIUHCA;CASTRO ALVES        ;97;2026-07-25 15:00:00;240.89;149.5;203.33;367.0;397.0;157.0;240.0;0.0;0.0;3.0
S ;Sul;Fio dagua                               ;JACUI          ;JIUHCA;CASTRO ALVES        ;97;2026-07-25 16:00:00;240.88;149.43;202.17;377.0;392.0;157.0;235.0;0.0;0.0;3.0
S ;Sul;Fio dagua                               ;JACUI          ;JIUHCA;CASTRO ALVES        ;97;2026-07-25 17:00:00;240.86;149.24;199.85;354.0;383.0;157.0;227.0;0.0;0.0;3.0
S ;Sul;Fio dagua                               ;JACUI          ;JIUHCA;CASTRO ALVES        ;97;2026-07-25 18:00:00;240.85;149.04;198.69;364.0;379.0;156.0;222.0;0.0;0.0;3.0
S ;Sul;Fio dagua                               ;JACUI          ;JIUHCA;CASTRO ALVES        ;97;2026-07-25 19:00:00;240.83;148.98;196.37;341.0;370.0;156.0;214.0;0.0;0.0;3.0
S ;Sul;Fio dagua                               ;JACUI          ;JIUHCA;CASTRO ALVES        ;97;2026-07-25 20:00:00;240.81;148.93;194.04;333.0;362.0;156.0;206.0;0.0;0.0;3.0
S ;Sul;Fio dagua                               ;JACUI          ;JIUHCA;CASTRO ALVES        ;97;2026-07-25 21:00:00;240.8;148.93;192.88;343.0;358.0;156.0;202.0;0.0;0.0;3.0
S ;Sul;Fio dagua                               ;JACUI          ;JIUHCA;CASTRO ALVES        ;97;2026-07-25 22:00:00;240.79;148.9;191.72;339.0;354.0;156.0;198.0;0.0;0.0;3.0
S ;Sul;Fio dagua                               ;JACUI          ;JIUHCA;CASTRO ALVES        ;97;2026-07-25 23:00:00;240.78;148.89;190.56;335.0;350.0;156.0;194.0;0.0;0.0;3.0
S ;Sul;Fio dagua                               ;JACUI          ;JIUHCA;CASTRO ALVES        ;97;2026-07-25 23:59:00;240.77;148.85;189.4;331.0;346.0;156.0;190.0;0.0;0.0;3.0
S ;Sul;Fio dagua                               ;JACUI          ;JIUHCA;CASTRO ALVES        ;97;2026-07-26 01:00:00;240.76;148.83;188.24;327.0;342.0;156.0;186.0;0.0;0.0;3.0
S ;Sul;Fio dagua                               ;JACUI          ;JIUHCA;CASTRO ALVES        ;97;2026-07-26 02:00:00;240.75;148.83;187.08;323.0;338.0;156.0;182.0;0.0;0.0;3.0
S ;Sul;Fio dagua                               ;JACUI          ;JIUHCA;CASTRO ALVES        ;97;2026-07-26 03:00:00;240.75;148.82;187.08;338.0;338.0;156.0;182.0;0.0;0.0;3.0
S ;Sul;Fio dagua                               ;JACUI          ;JIUHCA;CASTRO ALVES        ;97;2026-07-26 04:00:00;240.74;148.79;185.92;319.0;334.0;156.0;178.0;0.0;0.0;3.0
S ;Sul;Fio dagua                               ;JACUI          ;JIUHCA;CASTRO ALVES        ;97;2026-07-26 05:00:00;240.73;148.79;184.76;316.0;330.0;156.0;174.0;0.0;0.0;3.0
S ;Sul;Fio dagua                               ;JACUI          ;JIUHCA;CASTRO ALVES        ;97;2026-07-26 06:00:00;240.71;148.78;182.43;293.0;323.0;156.0;166.0;0.0;0.0;3.0
S ;Sul;Fio dagua                               ;JACUI          ;JIUHCA;CASTRO ALVES        ;97;2026-07-26 07:00:00;240.7;148.78;181.27;304.0;319.0;156.0;163.0;0.0;0.0;3.0
S ;Sul;Fio dagua                               ;JACUI          ;JIUHCA;CASTRO ALVES        ;97;2026-07-26 08:00:00;240.69;149.1;180.11;301.0;316.0;157.0;159.0;0.0;0.0;3.0
S ;Sul;Fio dagua                               ;JACUI          ;JIUHCA;CASTRO ALVES        ;97;2026-07-26 09:00:00;240.68;149.2;178.95;297.0;312.0;157.0;155.0;0.0;0.0;3.0
S ;Sul;Fio dagua                               ;JACUI          ;JIUHCA;CASTRO ALVES        ;97;2026-07-26 10:00:00;240.66;149.2;176.63;275.0;305.0;157.0;148.0;0.0;0.0;3.0
S ;Sul;Fio dagua                               ;JACUI          ;JIUHCA;CASTRO ALVES        ;97;2026-07-26 11:00:00;240.65;149.2;175.47;287.0;301.0;157.0;145.0;0.0;0.0;3.0
S ;Sul;Fio dagua                               ;JACUI          ;JIUHCA;CASTRO ALVES        ;97;2026-07-26 12:00:00;240.64;149.2;174.31;283.0;298.0;157.0;141.0;0.0;0.0;3.0
S ;Sul;Fio dagua                               ;JACUI          ;JIUHCA;CASTRO ALVES        ;97;2026-07-26 13:00:00;240.62;149.19;171.98;261.0;291.0;157.0;134.0;0.0;0.0;3.0
S ;Sul;Fio dagua                               ;JACUI          ;JIUHCA;CASTRO ALVES        ;97;2026-07-26 14:00:00;240.61;149.16;170.82;273.0;287.0;157.0;131.0;0.0;0.0;3.0
S ;Sul;Fio dagua                               ;JACUI          ;JIUHCA;CASTRO ALVES        ;97;2026-07-26 15:00:00;240.59;149.15;168.5;251.0;281.0;157.0;124.0;0.0;0.0;3.0
S ;Sul;Fio dagua                               ;JACUI          ;JIUHCA;CASTRO ALVES        ;97;2026-07-26 16:00:00;240.58;149.12;167.34;263.0;277.0;157.0;121.0;0.0;0.0;0.0
S ;Sul;Fio dagua                               ;JACUI          ;JIUHCA;CASTRO ALVES        ;97;2026-07-26 17:00:00;240.57;149.1;166.18;259.0;274.0;157.0;117.0;0.0;0.0;3.0
S ;Sul;Fio dagua                               ;JACUI          ;JIUHCA;CASTRO ALVES        ;97;2026-07-26 18:00:00;240.57;148.8;166.18;274.0;274.0;156.0;117.0;0.0;0.0;3.0
S ;Sul;Fio dagua                               ;JACUI          ;JIUHCA;CASTRO ALVES        ;97;2026-07-26 19:00:00;240.57;148.68;166.18;273.0;273.0;156.0;117.0;0.0;0.0;3.0
S ;Sul;Fio dagua                               ;JACUI          ;JIUHCA;CASTRO ALVES        ;97;2026-07-26 20:00:00;240.57;148.62;166.18;273.0;273.0;156.0;117.0;0.0;0.0;3.0
S ;Sul;Fio dagua                               ;JACUI          ;JIUHCA;CASTRO ALVES        ;97;2026-07-26 21:00:00;240.56;148.58;165.02;255.0;270.0;156.0;114.0;0.0;0.0;3.0
S ;Sul;Fio dagua                               ;JACUI          ;JIUHCA;CASTRO ALVES        ;97;2026-07-26 22:00:00;240.55;148.55;163.86;252.0;267.0;156.0;111.0;0.0;0.0;3.0
S ;Sul;Fio dagua                               ;JACUI          ;JIUHCA;CASTRO ALVES        ;97;2026-07-26 23:00:00;240.55;148.58;163.86;267.0;267.0;156.0;111.0;0.0;0.0;3.0
S ;Sul;Fio dagua                               ;JACUI          ;JIUHCA;CASTRO ALVES        ;97;2026-07-26 23:59:00;240.53;148.55;161.54;231.0;261.0;156.0;104.0;0.0;0.0;3.0
S ;Sul;Fio dagua                               ;JACUI          ;JIUHCA;CASTRO ALVES        ;97;2026-07-27 01:00:00;240.53;148.54;161.54;261.0;261.0;156.0;104.0;0.0;0.0;3.0
S ;Sul;Fio dagua                               ;JACUI          ;JIUHCA;CASTRO ALVES        ;97;2026-07-27 02:00:00;240.52;148.54;160.37;243.0;257.0;156.0;101.0;0.0;0.0;3.0
S ;Sul;Fio dagua                               ;JACUI          ;JIUHCA;CASTRO ALVES        ;97;2026-07-27 03:00:00;240.51;148.66;159.21;240.0;254.0;156.0;98.0;0.0;0.0;3.0
S ;Sul;Fio dagua                               ;JACUI          ;JIUHCA;CASTRO ALVES        ;97;2026-07-27 04:00:00;240.5;148.85;158.05;237.0;252.0;156.0;95.0;0.0;0.0;3.0
S ;Sul;Fio dagua                               ;JACUI          ;JIUHCA;CASTRO ALVES        ;97;2026-07-27 05:00:00;240.49;148.89;156.89;273.0;288.0;157.0;92.0;39.0;0.0;3.0
S ;Sul;Fio dagua                               ;JACUI          ;JIUHCA;CASTRO ALVES        ;97;2026-07-27 06:00:00;240.48;148.91;155.73;231.0;246.0;157.0;89.0;0.0;0.0;3.0
S ;Sul;Fio dagua                               ;JACUI          ;JIUHCA;CASTRO ALVES        ;97;2026-07-27 07:00:00;240.47;148.91;154.57;228.0;243.0;157.0;86.0;0.0;0.0;3.0
S ;Sul;Fio dagua                               ;JACUI          ;JIUHCA;CASTRO ALVES        ;97;2026-07-27 08:00:00;240.47;148.83;154.57;243.0;243.0;157.0;86.0;0.0;0.0;3.0
S ;Sul;Fio dagua                               ;JACUI          ;JIUHCA;CASTRO ALVES        ;97;2026-07-27 09:00:00;240.46;148.95;153.41;225.0;240.0;157.0;84.0;0.0;0.0;3.0
S ;Sul;Fio dagua                               ;JACUI          ;JIUHCA;CASTRO ALVES        ;97;2026-07-27 10:00:00;240.45;148.97;152.25;222.0;237.0;157.0;81.0;0.0;0.0;3.0
S ;Sul;Fio dagua                               ;JACUI          ;JIUHCA;CASTRO ALVES        ;97;2026-07-27 11:00:00;240.45;148.98;152.25;237.0;237.0;157.0;81.0;0.0;0.0;3.0
S ;Sul;Fio dagua                               ;JACUI          ;JIUHCA;CASTRO ALVES        ;97;2026-07-27 12:00:00;240.44;148.98;151.09;220.0;235.0;157.0;78.0;0.0;0.0;3.0
S ;Sul;Fio dagua                               ;JACUI          ;JIUHCA;CASTRO ALVES        ;97;2026-07-27 13:00:00;240.43;148.98;149.92;217.0;232.0;157.0;75.0;0.0;0.0;3.0
S ;Sul;Fio dagua                               ;JACUI          ;JIUHCA;CASTRO ALVES        ;97;2026-07-27 14:00:00;240.43;148.98;149.92;232.0;232.0;157.0;75.0;0.0;0.0;3.0
S ;Sul;Fio dagua                               ;JACUI          ;JIUHCA;CASTRO ALVES        ;97;2026-07-27 15:00:00;240.42;148.97;148.76;214.0;229.0;157.0;72.0;0.0;0.0;3.0
S ;Sul;Fio dagua                               ;JACUI          ;JIUHCA;CASTRO ALVES        ;97;2026-07-27 16:00:00;240.41;148.8;147.6;211.0;226.0;156.0;70.0;0.0;0.0;3.0
S ;Sul;Fio dagua                               ;JACUI          ;JIUHCA;CASTRO ALVES        ;97;2026-07-27 17:00:00;240.41;148.5;147.6;226.0;226.0;156.0;70.0;0.0;0.0;3.0
S ;Sul;Fio dagua                               ;JACUI          ;JIUHCA;CASTRO ALVES        ;97;2026-07-27 18:00:00;240.4;148.4;146.44;208.0;223.0;156.0;67.0;0.0;0.0;3.0
S ;Sul;Fio dagua                               ;JACUI          ;JIUHCA;CASTRO ALVES        ;97;2026-07-27 19:00:00;240.4;148.4;146.44;223.0;223.0;156.0;67.0;0.0;0.0;3.0
S ;Sul;Fio dagua                               ;JACUI          ;JIUHCA;CASTRO ALVES        ;97;2026-07-27 20:00:00;240.4;148.4;146.44;223.0;223.0;156.0;67.0;0.0;0.0;3.0
S ;Sul;Fio dagua                               ;JACUI          ;JIUHCA;CASTRO ALVES        ;97;2026-07-27 21:00:00;240.4;148.4;146.44;223.0;223.0;156.0;67.0;0.0;0.0;3.0
S ;Sul;Fio dagua                               ;JACUI          ;JIUHCA;CASTRO ALVES        ;97;2026-07-27 22:00:00;240.43;148.4;149.92;275.0;231.0;156.0;75.0;0.0;0.0;3.0
S ;Sul;Fio dagua                               ;JACUI          ;JIUHCA;CASTRO ALVES        ;97;2026-07-27 23:00:00;240.44;148.39;151.09;248.0;234.0;156.0;78.0;0.0;0.0;3.0
S ;Sul;Fio dagua                               ;JACUI          ;JIUHCA;CASTRO ALVES        ;97;2026-07-27 23:59:00;240.45;148.38;152.25;251.0;236.0;156.0;81.0;0.0;0.0;3.0
S ;Sul;Fio dagua                               ;JACUI          ;JIUHCA;CASTRO ALVES        ;97;2026-07-28 01:00:00;240.46;148.39;153.41;254.0;239.0;156.0;84.0;0.0;0.0;3.0
S ;Sul;Fio dagua                               ;JACUI          ;JIUHCA;CASTRO ALVES        ;97;2026-07-28 02:00:00;240.46;148.4;153.41;239.0;239.0;156.0;84.0;0.0;0.0;3.0
S ;Sul;Fio dagua                               ;JACUI          ;JIUHCA;CASTRO ALVES        ;97;2026-07-28 03:00:00;240.46;148.45;153.41;240.0;240.0;156.0;84.0;0.0;0.0;3.0
S ;Sul;Fio dagua                               ;JACUI          ;JIUHCA;CASTRO ALVES        ;97;2026-07-28 04:00:00;240.47;148.48;154.57;257.0;242.0;156.0;86.0;0.0;0.0;3.0
S ;Sul;Fio dagua                               ;JACUI          ;JIUHCA;CASTRO ALVES        ;97;2026-07-28 05:00:00;240.47;148.48;154.57;242.0;242.0;156.0;86.0;0.0;0.0;3.0
S ;Sul;Fio dagua                               ;JACUI          ;JIUHCA;CASTRO ALVES        ;97;2026-07-28 06:00:00;240.5;148.47;158.05;296.0;251.0;156.0;95.0;0.0;0.0;3.0
S ;Sul;Fio dagua                               ;JACUI          ;JIUHCA;CASTRO ALVES        ;97;2026-07-28 07:00:00;240.52;148.49;160.37;287.0;257.0;156.0;101.0;0.0;0.0;3.0
S ;Sul;Fio dagua                               ;JACUI          ;JIUHCA;CASTRO ALVES        ;97;2026-07-28 08:00:00;240.57;148.54;166.18;348.0;274.0;156.0;117.0;0.0;0.0;3.0
S ;Sul;Fio dagua                               ;JACUI          ;JIUHCA;CASTRO ALVES        ;97;2026-07-28 09:00:00;240.71;148.67;182.43;531.0;324.0;157.0;166.0;0.0;0.0;2.0
S ;Sul;Fio dagua                               ;JACUI          ;JIUHCA;CASTRO ALVES        ;97;2026-07-28 10:00:00;240.88;148.87;202.17;644.0;392.0;157.0;235.0;0.0;0.0;2.0
S ;Sul;Fio dagua                               ;JACUI          ;JIUHCA;CASTRO ALVES        ;97;2026-07-28 11:00:00;241.05;149.56;221.91;721.0;469.0;157.0;312.0;0.0;0.0;2.0
S ;Sul;Fio dagua                               ;JACUI          ;JIUHCA;CASTRO ALVES        ;97;2026-07-28 12:00:00;241.2;149.7;239.32;763.0;541.0;157.0;384.0;0.0;0.0;3.0
S ;Sul;Fio dagua                               ;JACUI          ;JIUHCA;CASTRO ALVES        ;97;2026-07-28 13:00:00;241.4;149.66;262.55;942.0;646.0;157.0;489.0;0.0;0.0;3.0
S ;Sul;Fio dagua                               ;JACUI          ;JIUHCA;CASTRO ALVES        ;97;2026-07-28 14:00:00;241.56;149.79;281.12;975.0;738.0;157.0;581.0;0.0;0.0;3.0
S ;Sul;Fio dagua                               ;JACUI          ;JIUHCA;CASTRO ALVES        ;97;2026-07-28 15:00:00;241.74;149.92;302.02;1118.0;852.0;157.0;695.0;0.0;0.0;3.0
S ;Sul;Fio dagua                               ;JACUI          ;JIUHCA;CASTRO ALVES        ;97;2026-07-28 16:00:00;241.93;150.02;324.08;1263.0;982.0;157.0;825.0;0.0;0.0;2.0
S ;Sul;Fio dagua                               ;JACUI          ;JIUHCA;CASTRO ALVES        ;97;2026-07-28 17:00:00;242.09;150.25;342.66;1335.0;1098.0;157.0;942.0;0.0;0.0;2.0
S ;Sul;Fio dagua                               ;JACUI          ;JIUHCA;CASTRO ALVES        ;97;2026-07-28 18:00:00;242.25;150.56;361.23;1457.0;1220.0;157.0;1063.0;0.0;0.0;2.0
S ;Sul;Fio dagua                               ;JACUI          ;JIUHCA;CASTRO ALVES        ;97;2026-07-28 19:00:00;242.4;150.62;378.65;1561.0;1339.0;157.0;1182.0;0.0;0.0;3.0
S ;Sul;Fio dagua                               ;JACUI          ;JIUHCA;CASTRO ALVES        ;97;2026-07-28 20:00:00;242.51;150.78;391.42;1594.0;1431.0;157.0;1274.0;0.0;0.0;2.0
S ;Sul;Fio dagua                               ;JACUI          ;JIUHCA;CASTRO ALVES        ;97;2026-07-28 21:00:00;242.62;150.9;404.19;1688.0;1525.0;157.0;1368.0;0.0;0.0;3.0
S ;Sul;Fio dagua                               ;JACUI          ;JIUHCA;CASTRO ALVES        ;97;2026-07-28 22:00:00;242.7;151.11;413.48;1714.0;1596.0;157.0;1439.0;0.0;0.0;3.0
S ;Sul;Fio dagua                               ;JACUI          ;JIUHCA;CASTRO ALVES        ;97;2026-07-28 23:00:00;242.79;151.3;423.93;1810.0;1677.0;157.0;1520.0;0.0;0.0;3.0
S ;Sul;Fio dagua                               ;JACUI          ;JIUHCA;CASTRO ALVES        ;97;2026-07-28 23:59:00;242.84;151.42;429.74;1797.0;1723.0;157.0;1566.0;0.0;0.0;3.0
S ;Sul;Fio dagua                               ;JACUI          ;JIUHCA;CASTRO ALVES        ;97;2026-07-29 01:00:00;242.91;151.54;437.86;1892.0;1788.0;157.0;1631.0;0.0;0.0;3.0
S ;Sul;Fio dagua                               ;JACUI          ;JIUHCA;CASTRO ALVES        ;97;2026-07-29 02:00:00;243.02;151.77;450.63;2056.0;1893.0;157.0;1736.0;0.0;0.0;3.0
S ;Sul;Fio dagua                               ;JACUI          ;JIUHCA;CASTRO ALVES        ;97;2026-07-29 03:00:00;243.15;152.16;465.73;2212.0;2020.0;155.0;1865.0;0.0;0.0;6.0
S ;Sul;Fio dagua                               ;JACUI          ;JIUHCA;CASTRO ALVES        ;97;2026-07-29 04:00:00;243.35;152.7;488.95;2523.0;2226.0;156.0;2070.0;0.0;0.0;5.0
S ;Sul;Fio dagua                               ;JACUI          ;JIUHCA;CASTRO ALVES        ;97;2026-07-29 05:00:00;243.53;153.21;509.85;2687.0;2421.0;155.0;2265.0;0.0;0.0;7.0
S ;Sul;Fio dagua                               ;JACUI          ;JIUHCA;CASTRO ALVES        ;97;2026-07-29 06:00:00;243.73;153.74;533.07;2943.0;2647.0;156.0;2492.0;0.0;0.0;7.0
S ;Sul;Fio dagua                               ;JACUI          ;JIUHCA;CASTRO ALVES        ;97;2026-07-29 07:00:00;243.88;154.15;550.48;3029.0;2807.0;155.0;2653.0;0.0;0.0;8.0
S ;Sul;Fio dagua                               ;JACUI          ;JIUHCA;CASTRO ALVES        ;97;2026-07-29 08:00:00;243.99;154.2;563.26;3090.0;2927.0;154.0;2773.0;0.0;0.0;9.0
S ;Sul;Fio dagua                               ;JACUI          ;JIUHCA;CASTRO ALVES        ;97;2026-07-29 09:00:00;244.11;154.41;577.19;3238.0;3060.0;154.0;2906.0;0.0;0.0;9.0
S ;Sul;Fio dagua                               ;JACUI          ;JIUHCA;CASTRO ALVES        ;97;2026-07-29 10:00:00;244.18;154.56;585.32;3243.0;3139.0;154.0;2984.0;0.0;0.0;9.0
S ;Sul;Fio dagua                               ;JACUI          ;JIUHCA;CASTRO ALVES        ;97;2026-07-29 11:00:00;244.23;154.61;591.12;3270.0;3196.0;154.0;3042.0;0.0;0.0;9.0
S ;Sul;Fio dagua                               ;JACUI          ;JIUHCA;CASTRO ALVES        ;97;2026-07-29 12:00:00;244.28;154.69;596.93;3329.0;3255.0;154.0;3101.0;0.0;0.0;9.0
S ;Sul;Fio dagua                               ;JACUI          ;JIUHCA;CASTRO ALVES        ;97;2026-07-29 13:00:00;244.31;154.7;600.41;3335.0;3290.0;154.0;3136.0;0.0;0.0;9.0
S ;Sul;Fio dagua                               ;JACUI          ;JIUHCA;CASTRO ALVES        ;97;2026-07-29 14:00:00;244.33;154.68;602.73;3344.0;3314.0;154.0;3160.0;0.0;0.0;9.0
S ;Sul;Fio dagua                               ;JACUI          ;JIUHCA;CASTRO ALVES        ;97;2026-07-29 15:00:00;244.32;154.67;601.57;3288.0;3302.0;154.0;3148.0;0.0;0.0;9.0
S ;Sul;Fio dagua                               ;JACUI          ;JIUHCA;CASTRO ALVES        ;97;2026-07-29 16:00:00;244.31;154.59;600.41;3276.0;3290.0;154.0;3136.0;0.0;0.0;9.0
S ;Sul;Fio dagua                               ;JACUI          ;JIUHCA;CASTRO ALVES        ;97;2026-07-29 17:00:00;244.29;154.52;598.09;3237.0;3267.0;154.0;3112.0;0.0;0.0;9.0
S ;Sul;Fio dagua                               ;JACUI          ;JIUHCA;CASTRO ALVES        ;97;2026-07-29 18:00:00;244.25;154.43;593.44;3160.0;3219.0;154.0;3065.0;0.0;0.0;9.0
S ;Sul;Fio dagua                               ;JACUI          ;JIUHCA;CASTRO ALVES        ;97;2026-07-29 19:00:00;244.18;154.37;585.32;3034.0;3138.0;153.0;2984.0;0.0;0.0;9.0
S ;Sul;Fio dagua                               ;JACUI          ;JIUHCA;CASTRO ALVES        ;97;2026-07-29 20:00:00;244.09;154.17;574.87;2903.0;3036.0;153.0;2883.0;0.0;0.0;10.0
S ;Sul;Fio dagua                               ;JACUI          ;JIUHCA;CASTRO ALVES        ;97;2026-07-29 21:00:00;244.0;153.97;564.42;2803.0;2936.0;153.0;2784.0;0.0;0.0;10.0
S ;Sul;Fio dagua                               ;JACUI          ;JIUHCA;CASTRO ALVES        ;97;2026-07-29 22:00:00;243.9;153.71;552.81;2679.0;2827.0;153.0;2674.0;0.0;0.0;10.0
S ;Sul;Fio dagua                               ;JACUI          ;JIUHCA;CASTRO ALVES        ;97;2026-07-29 23:00:00;243.81;153.56;542.36;2597.0;2730.0;153.0;2577.0;0.0;0.0;9.0
S ;Sul;Fio dagua                               ;JACUI          ;JIUHCA;CASTRO ALVES        ;97;2026-07-29 23:59:00;243.7;153.3;529.59;2448.0;2611.0;154.0;2457.0;0.0;0.0;7.0
S ;Sul;Fio dagua                               ;JACUI          ;JIUHCA;CASTRO ALVES        ;97;2026-07-30 01:00:00;243.61;153.05;519.14;2375.0;2509.0;154.0;2355.0;0.0;0.0;7.0
S ;Sul;Fio dagua                               ;JACUI          ;JIUHCA;CASTRO ALVES        ;97;2026-07-30 02:00:00;243.52;152.8;508.69;2275.0;2408.0;154.0;2254.0;0.0;0.0;7.0
S ;Sul;Fio dagua                               ;JACUI          ;JIUHCA;CASTRO ALVES        ;97;2026-07-30 03:00:00;243.42;152.7;497.08;2151.0;2299.0;154.0;2145.0;0.0;0.0;7.0
S ;Sul;Fio dagua                               ;JACUI          ;JIUHCA;CASTRO ALVES        ;97;2026-07-30 04:00:00;243.35;152.5;488.95;2120.0;2224.0;154.0;2070.0;0.0;0.0;7.0
S ;Sul;Fio dagua                               ;JACUI          ;JIUHCA;CASTRO ALVES        ;97;2026-07-30 05:00:00;243.23;152.2;475.02;1922.0;2099.0;153.0;1946.0;0.0;0.0;7.0
S ;Sul;Fio dagua                               ;JACUI          ;JIUHCA;CASTRO ALVES        ;97;2026-07-30 06:00:00;243.14;152.0;464.57;1875.0;2008.0;153.0;1855.0;0.0;0.0;7.0
S ;Sul;Fio dagua                               ;JACUI          ;JIUHCA;CASTRO ALVES        ;97;2026-07-30 07:00:00;243.05;151.75;454.12;1785.0;1919.0;153.0;1766.0;0.0;0.0;7.0
S ;Sul;Fio dagua                               ;JACUI          ;JIUHCA;CASTRO ALVES        ;97;2026-07-30 08:00:00;242.95;151.51;442.51;1674.0;1822.0;153.0;1669.0;0.0;0.0;7.0
S ;Sul;Fio dagua                               ;JACUI          ;JIUHCA;CASTRO ALVES        ;97;2026-07-30 09:00:00;242.86;151.31;432.06;1604.0;1737.0;153.0;1584.0;0.0;0.0;7.0
S ;Sul;Fio dagua                               ;JACUI          ;JIUHCA;CASTRO ALVES        ;97;2026-07-30 10:00:00;242.83;151.02;428.57;1599.0;1644.0;87.0;1556.0;0.0;0.0;71.0
S ;Sul;Fio dagua                               ;JACUI          ;JIUHCA;CASTRO ALVES        ;97;2026-07-30 11:00:00;242.81;150.84;426.25;1508.0;1538.0;0.0;1538.0;0.0;0.0;156.0
S ;Sul;Fio dagua                               ;JACUI          ;JIUHCA;CASTRO ALVES        ;97;2026-07-30 12:00:00;242.75;150.98;419.29;1443.0;1532.0;48.0;1483.0;0.0;0.0;109.0
S ;Sul;Fio dagua                               ;JACUI          ;JIUHCA;CASTRO ALVES        ;97;2026-07-30 13:00:00;242.63;151.03;405.35;1353.0;1530.0;154.0;1377.0;0.0;0.0;6.0
S ;Sul;Fio dagua                               ;JACUI          ;JIUHCA;CASTRO ALVES        ;97;2026-07-30 14:00:00;242.56;150.79;397.23;1366.0;1470.0;153.0;1316.0;0.0;0.0;6.0
S ;Sul;Fio dagua                               ;JACUI          ;JIUHCA;CASTRO ALVES        ;97;2026-07-30 15:00:00;242.48;150.6;387.94;1283.0;1402.0;153.0;1249.0;0.0;0.0;6.0
S ;Sul;Fio dagua                               ;JACUI          ;JIUHCA;CASTRO ALVES        ;97;2026-07-30 16:00:00;242.42;150.59;380.97;1265.0;1354.0;155.0;1199.0;0.0;0.0;4.0
S ;Sul;Fio dagua                               ;JACUI          ;JIUHCA;CASTRO ALVES        ;97;2026-07-30 17:00:00;242.36;150.46;374.01;1217.0;1306.0;156.0;1150.0;0.0;0.0;3.0
S ;Sul;Fio dagua                               ;JACUI          ;JIUHCA;CASTRO ALVES        ;97;2026-07-30 18:00:00;242.31;150.49;368.2;1194.0;1268.0;158.0;1110.0;0.0;0.0;1.0
S ;Sul;Fio dagua                               ;JACUI          ;JIUHCA;CASTRO ALVES        ;97;2026-07-30 19:00:00;242.26;150.42;362.4;1154.0;1228.0;158.0;1071.0;0.0;0.0;2.0
S ;Sul;Fio dagua                               ;JACUI          ;JIUHCA;CASTRO ALVES        ;97;2026-07-30 20:00:00;242.21;150.33;356.59;1116.0;1190.0;158.0;1032.0;0.0;0.0;2.0
S ;Sul;Fio dagua                               ;JACUI          ;JIUHCA;CASTRO ALVES        ;97;2026-07-30 21:00:00;242.17;150.22;351.95;1099.0;1158.0;157.0;1001.0;0.0;0.0;2.0
S ;Sul;Fio dagua                               ;JACUI          ;JIUHCA;CASTRO ALVES        ;97;2026-07-30 22:00:00;242.12;150.26;346.14;1047.0;1121.0;158.0;964.0;0.0;0.0;2.0
S ;Sul;Fio dagua                               ;JACUI          ;JIUHCA;CASTRO ALVES        ;97;2026-07-30 23:00:00;242.06;150.21;339.17;988.0;1077.0;158.0;920.0;0.0;0.0;2.0
S ;Sul;Fio dagua                               ;JACUI          ;JIUHCA;CASTRO ALVES        ;97;2026-07-30 23:59:00;242.02;150.09;334.53;988.0;1048.0;158.0;890.0;0.0;0.0;2.0
S ;Sul;Fio dagua                               ;JACUI          ;JIUHCA;CASTRO ALVES        ;97;2026-07-31 01:00:00;241.99;149.95;331.05;981.0;1025.0;157.0;868.0;0.0;0.0;2.0
S ;Sul;Fio dagua                               ;JACUI          ;JIUHCA;CASTRO ALVES        ;97;2026-07-31 02:00:00;241.96;150.11;327.56;960.0;1004.0;158.0;846.0;0.0;0.0;2.0
S ;Sul;Fio dagua                               ;JACUI          ;JIUHCA;CASTRO ALVES        ;97;2026-07-31 03:00:00;241.93;150.22;324.08;938.0;983.0;158.0;825.0;0.0;0.0;2.0
S ;Sul;Fio dagua                               ;JACUI          ;JIUHCA;CASTRO ALVES        ;97;2026-07-31 04:00:00;241.88;150.16;318.28;873.0;948.0;158.0;790.0;0.0;0.0;2.0
S ;Sul;Fio dagua                               ;JACUI          ;JIUHCA;CASTRO ALVES        ;97;2026-07-31 05:00:00;241.85;150.09;314.79;882.0;927.0;158.0;769.0;0.0;0.0;2.0
S ;Sul;Fio dagua                               ;JACUI          ;JIUHCA;CASTRO ALVES        ;97;2026-07-31 06:00:00;241.81;150.03;310.15;840.0;899.0;158.0;742.0;0.0;0.0;2.0
S ;Sul;Fio dagua                               ;JACUI          ;JIUHCA;CASTRO ALVES        ;97;2026-07-31 07:00:00;241.78;149.96;306.67;835.0;879.0;158.0;722.0;0.0;0.0;2.0
S ;Sul;Fio dagua                               ;JACUI          ;JIUHCA;CASTRO ALVES        ;97;2026-07-31 08:00:00;241.75;149.91;303.18;815.0;859.0;158.0;702.0;0.0;0.0;2.0
S ;Sul;Fio dagua                               ;JACUI          ;JIUHCA;CASTRO ALVES        ;97;2026-07-31 09:00:00;241.71;149.82;298.54;774.0;833.0;158.0;675.0;0.0;0.0;2.0
S ;Sul;Fio dagua                               ;JACUI          ;JIUHCA;CASTRO ALVES        ;97;2026-07-31 10:00:00;241.68;149.76;295.05;769.0;814.0;158.0;656.0;0.0;0.0;1.0
S ;Sul;Fio dagua                               ;JACUI          ;JIUHCA;CASTRO ALVES        ;97;2026-07-31 11:00:00;241.65;149.71;291.57;750.0;794.0;158.0;637.0;0.0;0.0;2.0
S ;Sul;Fio dagua                               ;JACUI          ;JIUHCA;CASTRO ALVES        ;97;2026-07-31 12:00:00;241.62;149.64;288.09;731.0;775.0;158.0;618.0;0.0;0.0;1.0
S ;Sul;Fio dagua                               ;JACUI          ;JIUHCA;CASTRO ALVES        ;97;2026-07-31 13:00:00;241.59;149.59;284.61;712.0;757.0;158.0;599.0;0.0;0.0;1.0
S ;Sul;Fio dagua                               ;JACUI          ;JIUHCA;CASTRO ALVES        ;97;2026-07-31 14:00:00;241.57;149.55;282.28;715.0;744.0;157.0;587.0;0.0;0.0;2.0
S ;Sul;Fio dagua                               ;JACUI          ;JIUHCA;CASTRO ALVES        ;97;2026-07-31 15:00:00;241.54;149.5;278.8;681.0;726.0;157.0;569.0;0.0;0.0;2.0
S ;Sul;Fio dagua                               ;JACUI          ;JIUHCA;CASTRO ALVES        ;97;2026-07-31 16:00:00;241.51;149.42;275.32;663.0;708.0;157.0;551.0;0.0;0.0;2.0
S ;Sul;Fio dagua                               ;JACUI          ;JIUHCA;CASTRO ALVES        ;97;2026-07-31 17:00:00;241.48;149.42;271.83;646.0;691.0;157.0;534.0;0.0;0.0;2.0
S ;Sul;Fio dagua                               ;JACUI          ;JIUHCA;CASTRO ALVES        ;97;2026-07-31 18:00:00;241.45;149.44;268.35;629.0;674.0;157.0;517.0;0.0;0.0;2.0
S ;Sul;Fio dagua                               ;JACUI          ;JIUHCA;CASTRO ALVES        ;97;2026-07-31 19:00:00;241.42;149.4;264.87;613.0;657.0;157.0;500.0;0.0;0.0;2.0
S ;Sul;Fio dagua                               ;JACUI          ;JIUHCA;CASTRO ALVES        ;97;2026-07-31 20:00:00;241.4;149.36;262.55;616.0;646.0;157.0;489.0;0.0;0.0;2.0
S ;Sul;Fio dagua                               ;JACUI          ;JIUHCA;CASTRO ALVES        ;97;2026-07-31 21:00:00;241.39;149.35;261.38;626.0;640.0;157.0;484.0;0.0;0.0;2.0
S ;Sul;Fio dagua                               ;JACUI          ;JIUHCA;CASTRO ALVES        ;97;2026-07-31 22:00:00;241.36;149.3;257.9;580.0;624.0;157.0;468.0;0.0;0.0;2.0
S ;Sul;Fio dagua                               ;JACUI          ;JIUHCA;CASTRO ALVES        ;97;2026-07-31 23:00:00;241.34;149.4;255.58;584.0;613.0;157.0;457.0;0.0;0.0;2.0
S ;Sul;Fio dagua                               ;JACUI          ;JIUHCA;CASTRO ALVES        ;97;2026-07-31 23:59:00;241.33;149.48;254.42;594.0;608.0;157.0;451.0;0.0;0.0;2.0
S ;Sul;Fio dagua                               ;JACUI          ;JIUHMC;MONTE CLARO         ;98;2026-07-01 01:00:00;148.61;107.19;166.46;423.0;431.0;281.0;145.0;6.0;0.0;80.0
S ;Sul;Fio dagua                               ;JACUI          ;JIUHMC;MONTE CLARO         ;98;2026-07-01 02:00:00;148.6;107.2;165.34;423.0;428.0;281.0;141.0;6.0;0.0;80.0
S ;Sul;Fio dagua                               ;JACUI          ;JIUHMC;MONTE CLARO         ;98;2026-07-01 03:00:00;148.66;106.99;172.07;433.0;408.0;239.0;164.0;6.0;0.0;120.0
S ;Sul;Fio dagua                               ;JACUI          ;JIUHMC;MONTE CLARO         ;98;2026-07-01 04:00:00;148.8;106.73;187.92;425.0;366.0;139.0;222.0;6.0;0.0;217.0
S ;Sul;Fio dagua                               ;JACUI          ;JIUHMC;MONTE CLARO         ;98;2026-07-01 05:00:00;148.88;106.73;197.04;434.0;401.0;138.0;257.0;6.0;0.0;217.0
S ;Sul;Fio dagua                               ;JACUI          ;JIUHMC;MONTE CLARO         ;98;2026-07-01 06:00:00;148.73;107.3;179.97;406.0;468.0;271.0;192.0;6.0;0.0;90.0
S ;Sul;Fio dagua                               ;JACUI          ;JIUHMC;MONTE CLARO         ;98;2026-07-01 07:00:00;148.63;107.41;168.7;396.0;437.0;280.0;152.0;6.0;0.0;83.0
S ;Sul;Fio dagua                               ;JACUI          ;JIUHMC;MONTE CLARO         ;98;2026-07-01 08:00:00;148.58;107.3;163.1;397.0;418.0;278.0;134.0;6.0;0.0;84.0
S ;Sul;Fio dagua                               ;JACUI          ;JIUHMC;MONTE CLARO         ;98;2026-07-01 09:00:00;148.56;107.22;160.87;402.0;410.0;277.0;127.0;6.0;0.0;84.0
S ;Sul;Fio dagua                               ;JACUI          ;JIUHMC;MONTE CLARO         ;98;2026-07-01 10:00:00;148.56;107.22;160.87;390.0;390.0;257.0;127.0;6.0;0.0;104.0
S ;Sul;Fio dagua                               ;JACUI          ;JIUHMC;MONTE CLARO         ;98;2026-07-01 11:00:00;148.96;106.13;206.23;466.0;299.0;0.0;294.0;6.0;0.0;293.0
S ;Sul;Fio dagua                               ;JACUI          ;JIUHMC;MONTE CLARO         ;98;2026-07-01 12:00:00;149.09;106.05;221.27;418.0;364.0;0.0;359.0;6.0;0.0;348.0
S ;Sul;Fio dagua                               ;JACUI          ;JIUHMC;MONTE CLARO         ;98;2026-07-01 13:00:00;149.16;106.63;229.42;431.0;401.0;0.0;396.0;6.0;0.0;352.0
S ;Sul;Fio dagua                               ;JACUI          ;JIUHMC;MONTE CLARO         ;98;2026-07-01 14:00:00;149.18;106.87;231.76;421.0;412.0;0.0;407.0;6.0;0.0;354.0
S ;Sul;Fio dagua                               ;JACUI          ;JIUHMC;MONTE CLARO         ;98;2026-07-01 15:00:00;149.08;107.56;220.11;396.0;437.0;78.0;353.0;6.0;0.0;282.0
S ;Sul;Fio dagua                               ;JACUI          ;JIUHMC;MONTE CLARO         ;98;2026-07-01 16:00:00;148.87;107.87;195.9;448.0;536.0;278.0;252.0;6.0;0.0;87.0
S ;Sul;Fio dagua                               ;JACUI          ;JIUHMC;MONTE CLARO         ;98;2026-07-01 17:00:00;148.79;107.72;186.77;468.0;502.0;278.0;218.0;6.0;0.0;86.0
S ;Sul;Fio dagua                               ;JACUI          ;JIUHMC;MONTE CLARO         ;98;2026-07-01 18:00:00;148.79;107.53;186.77;500.0;500.0;276.0;218.0;6.0;0.0;86.0
S ;Sul;Fio dagua                               ;JACUI          ;JIUHMC;MONTE CLARO         ;98;2026-07-01 19:00:00;148.8;107.41;187.92;507.0;503.0;275.0;222.0;6.0;0.0;86.0
S ;Sul;Fio dagua                               ;JACUI          ;JIUHMC;MONTE CLARO         ;98;2026-07-01 20:00:00;148.82;107.39;190.19;520.0;511.0;275.0;231.0;6.0;0.0;86.0
S ;Sul;Fio dagua                               ;JACUI          ;JIUHMC;MONTE CLARO         ;98;2026-07-01 21:00:00;148.86;107.4;194.76;545.0;529.0;275.0;248.0;6.0;0.0;86.0
S ;Sul;Fio dagua                               ;JACUI          ;JIUHMC;MONTE CLARO         ;98;2026-07-01 22:00:00;148.92;107.42;201.63;580.0;555.0;275.0;275.0;6.0;0.0;86.0
S ;Sul;Fio dagua                               ;JACUI          ;JIUHMC;MONTE CLARO         ;98;2026-07-01 23:00:00;149.01;107.47;211.99;636.0;598.0;275.0;318.0;6.0;0.0;86.0
S ;Sul;Fio dagua                               ;JACUI          ;JIUHMC;MONTE CLARO         ;98;2026-07-01 23:59:00;149.08;107.55;220.11;661.0;632.0;273.0;353.0;6.0;0.0;87.0
S ;Sul;Fio dagua                               ;JACUI          ;JIUHMC;MONTE CLARO         ;98;2026-07-02 01:00:00;149.44;106.9;262.37;769.0;619.0;52.0;562.0;6.0;0.0;300.0
S ;Sul;Fio dagua                               ;JACUI          ;JIUHMC;MONTE CLARO         ;98;2026-07-02 02:00:00;149.49;107.07;268.3;816.0;795.0;0.0;790.0;6.0;0.0;359.0
S ;Sul;Fio dagua                               ;JACUI          ;JIUHMC;MONTE CLARO         ;98;2026-07-02 03:00:00;149.48;107.71;267.11;743.0;747.0;0.0;742.0;6.0;0.0;364.0
S ;Sul;Fio dagua                               ;JACUI          ;JIUHMC;MONTE CLARO         ;98;2026-07-02 04:00:00;149.54;107.91;274.25;813.0;788.0;0.0;782.0;6.0;0.0;366.0
S ;Sul;Fio dagua                               ;JACUI          ;JIUHMC;MONTE CLARO         ;98;2026-07-02 05:00:00;149.58;107.91;279.02;832.0;815.0;0.0;809.0;6.0;0.0;365.0
S ;Sul;Fio dagua                               ;JACUI          ;JIUHMC;MONTE CLARO         ;98;2026-07-02 06:00:00;149.34;108.63;250.54;738.0;838.0;179.0;653.0;6.0;0.0;194.0
S ;Sul;Fio dagua                               ;JACUI          ;JIUHMC;MONTE CLARO         ;98;2026-07-02 07:00:00;149.36;108.67;252.9;932.0;924.0;281.0;637.0;6.0;0.0;93.0
S ;Sul;Fio dagua                               ;JACUI          ;JIUHMC;MONTE CLARO         ;98;2026-07-02 08:00:00;149.54;107.93;274.25;1053.0;978.0;219.0;754.0;6.0;0.0;147.0
S ;Sul;Fio dagua                               ;JACUI          ;JIUHMC;MONTE CLARO         ;98;2026-07-02 09:00:00;149.65;107.69;287.39;1160.0;1114.0;0.0;1108.0;6.0;0.0;363.0
S ;Sul;Fio dagua                               ;JACUI          ;JIUHMC;MONTE CLARO         ;98;2026-07-02 10:00:00;149.5;108.26;269.49;1083.0;1145.0;0.0;1140.0;6.0;0.0;369.0
S ;Sul;Fio dagua                               ;JACUI          ;JIUHMC;MONTE CLARO         ;98;2026-07-02 11:00:00;149.47;108.58;265.93;1113.0;1125.0;0.0;1120.0;6.0;0.0;372.0
S ;Sul;Fio dagua                               ;JACUI          ;JIUHMC;MONTE CLARO         ;98;2026-07-02 12:00:00;149.5;108.63;269.49;1158.0;1145.0;0.0;1140.0;6.0;0.0;372.0
S ;Sul;Fio dagua                               ;JACUI          ;JIUHMC;MONTE CLARO         ;98;2026-07-02 13:00:00;149.59;108.62;280.21;1245.0;1208.0;0.0;1202.0;6.0;0.0;371.0
S ;Sul;Fio dagua                               ;JACUI          ;JIUHMC;MONTE CLARO         ;98;2026-07-02 14:00:00;149.56;108.69;276.64;1443.0;1455.0;0.0;1450.0;6.0;0.0;372.0
S ;Sul;Fio dagua                               ;JACUI          ;JIUHMC;MONTE CLARO         ;98;2026-07-02 15:00:00;149.34;109.69;250.54;1418.0;1509.0;201.0;1303.0;6.0;0.0;182.0
S ;Sul;Fio dagua                               ;JACUI          ;JIUHMC;MONTE CLARO         ;98;2026-07-02 16:00:00;149.43;109.69;261.18;1691.0;1653.0;287.0;1361.0;6.0;0.0;95.0
S ;Sul;Fio dagua                               ;JACUI          ;JIUHMC;MONTE CLARO         ;98;2026-07-02 17:00:00;149.6;109.65;281.41;1840.0;1770.0;286.0;1478.0;6.0;0.0;94.0
S ;Sul;Fio dagua                               ;JACUI          ;JIUHMC;MONTE CLARO         ;98;2026-07-02 18:00:00;149.85;109.82;311.42;2062.0;1957.0;285.0;1667.0;6.0;0.0;94.0
S ;Sul;Fio dagua                               ;JACUI          ;JIUHMC;MONTE CLARO         ;98;2026-07-02 19:00:00;149.96;109.99;324.7;2091.0;2045.0;285.0;1755.0;6.0;0.0;95.0
S ;Sul;Fio dagua                               ;JACUI          ;JIUHMC;MONTE CLARO         ;98;2026-07-02 20:00:00;150.04;110.3;334.39;2146.0;2113.0;287.0;1820.0;6.0;0.0;95.0
S ;Sul;Fio dagua                               ;JACUI          ;JIUHMC;MONTE CLARO         ;98;2026-07-02 21:00:00;150.08;110.42;339.24;2164.0;2147.0;288.0;1854.0;6.0;0.0;95.0
S ;Sul;Fio dagua                               ;JACUI          ;JIUHMC;MONTE CLARO         ;98;2026-07-02 22:00:00;150.12;109.94;344.1;2337.0;2320.0;159.0;2155.0;6.0;0.0;219.0
S ;Sul;Fio dagua                               ;JACUI          ;JIUHMC;MONTE CLARO         ;98;2026-07-02 23:00:00;150.16;109.99;348.95;2212.0;2195.0;0.0;2190.0;6.0;0.0;378.0
S ;Sul;Fio dagua                               ;JACUI          ;JIUHMC;MONTE CLARO         ;98;2026-07-02 23:59:00;150.17;110.33;350.16;2208.0;2204.0;0.0;2199.0;6.0;0.0;381.0
S ;Sul;Fio dagua                               ;JACUI          ;JIUHMC;MONTE CLARO         ;98;2026-07-03 01:00:00;150.16;110.36;348.95;2191.0;2195.0;0.0;2190.0;6.0;0.0;381.0
S ;Sul;Fio dagua                               ;JACUI          ;JIUHMC;MONTE CLARO         ;98;2026-07-03 02:00:00;150.15;110.37;347.74;2183.0;2187.0;0.0;2181.0;6.0;0.0;382.0
S ;Sul;Fio dagua                               ;JACUI          ;JIUHMC;MONTE CLARO         ;98;2026-07-03 03:00:00;150.14;110.35;346.52;2174.0;2178.0;0.0;2173.0;6.0;0.0;382.0
S ;Sul;Fio dagua                               ;JACUI          ;JIUHMC;MONTE CLARO         ;98;2026-07-03 04:00:00;150.16;110.37;348.95;2204.0;2195.0;0.0;2190.0;6.0;0.0;382.0
S ;Sul;Fio dagua                               ;JACUI          ;JIUHMC;MONTE CLARO         ;98;2026-07-03 05:00:00;150.16;110.37;348.95;2195.0;2195.0;0.0;2190.0;6.0;0.0;382.0
S ;Sul;Fio dagua                               ;JACUI          ;JIUHMC;MONTE CLARO         ;98;2026-07-03 06:00:00;150.16;110.39;348.95;2195.0;2195.0;0.0;2190.0;6.0;0.0;382.0
S ;Sul;Fio dagua                               ;JACUI          ;JIUHMC;MONTE CLARO         ;98;2026-07-03 07:00:00;150.14;110.36;346.52;2170.0;2178.0;0.0;2173.0;6.0;0.0;382.0
S ;Sul;Fio dagua                               ;JACUI          ;JIUHMC;MONTE CLARO         ;98;2026-07-03 08:00:00;150.13;110.33;345.31;2165.0;2170.0;0.0;2164.0;6.0;0.0;381.0
S ;Sul;Fio dagua                               ;JACUI          ;JIUHMC;MONTE CLARO         ;98;2026-07-03 09:00:00;150.11;110.35;342.88;2144.0;2152.0;0.0;2147.0;6.0;0.0;382.0
S ;Sul;Fio dagua                               ;JACUI          ;JIUHMC;MONTE CLARO         ;98;2026-07-03 10:00:00;150.1;110.33;341.66;2140.0;2144.0;0.0;2138.0;6.0;0.0;382.0
S ;Sul;Fio dagua                               ;JACUI          ;JIUHMC;MONTE CLARO         ;98;2026-07-03 11:00:00;150.09;110.27;340.45;2131.0;2135.0;0.0;2130.0;6.0;0.0;381.0
S ;Sul;Fio dagua                               ;JACUI          ;JIUHMC;MONTE CLARO         ;98;2026-07-03 12:00:00;150.06;110.28;336.81;2097.0;2110.0;0.0;2104.0;6.0;0.0;382.0
S ;Sul;Fio dagua                               ;JACUI          ;JIUHMC;MONTE CLARO         ;98;2026-07-03 13:00:00;150.04;110.24;334.39;2084.0;2093.0;0.0;2087.0;6.0;0.0;381.0
S ;Sul;Fio dagua                               ;JACUI          ;JIUHMC;MONTE CLARO         ;98;2026-07-03 14:00:00;150.0;110.24;329.54;2042.0;2059.0;0.0;2054.0;6.0;0.0;382.0
S ;Sul;Fio dagua                               ;JACUI          ;JIUHMC;MONTE CLARO         ;98;2026-07-03 15:00:00;149.97;110.13;325.91;2022.0;2034.0;0.0;2029.0;6.0;0.0;381.0
S ;Sul;Fio dagua                               ;JACUI          ;JIUHMC;MONTE CLARO         ;98;2026-07-03 16:00:00;149.61;110.73;282.6;1825.0;1975.0;221.0;1748.0;6.0;0.0;169.0
S ;Sul;Fio dagua                               ;JACUI          ;JIUHMC;MONTE CLARO         ;98;2026-07-03 17:00:00;149.43;110.49;261.18;1846.0;1921.0;293.0;1622.0;6.0;0.0;96.0
S ;Sul;Fio dagua                               ;JACUI          ;JIUHMC;MONTE CLARO         ;98;2026-07-03 18:00:00;149.64;110.17;286.19;1889.0;1802.0;289.0;1507.0;6.0;0.0;96.0
S ;Sul;Fio dagua                               ;JACUI          ;JIUHMC;MONTE CLARO         ;98;2026-07-03 19:00:00;149.68;109.88;290.98;1845.0;1828.0;286.0;1537.0;6.0;0.0;95.0
S ;Sul;Fio dagua                               ;JACUI          ;JIUHMC;MONTE CLARO         ;98;2026-07-03 20:00:00;149.65;109.91;287.39;1794.0;1806.0;286.0;1515.0;6.0;0.0;96.0
S ;Sul;Fio dagua                               ;JACUI          ;JIUHMC;MONTE CLARO         ;98;2026-07-03 21:00:00;149.6;109.9;281.41;1750.0;1771.0;287.0;1478.0;6.0;0.0;95.0
S ;Sul;Fio dagua                               ;JACUI          ;JIUHMC;MONTE CLARO         ;98;2026-07-03 22:00:00;149.53;109.85;273.05;1693.0;1722.0;288.0;1429.0;6.0;0.0;95.0
S ;Sul;Fio dagua                               ;JACUI          ;JIUHMC;MONTE CLARO         ;98;2026-07-03 23:00:00;149.47;109.77;265.93;1655.0;1680.0;287.0;1388.0;6.0;0.0;95.0
S ;Sul;Fio dagua                               ;JACUI          ;JIUHMC;MONTE CLARO         ;98;2026-07-03 23:59:00;149.39;109.73;256.44;1594.0;1628.0;287.0;1335.0;6.0;0.0;95.0
S ;Sul;Fio dagua                               ;JACUI          ;JIUHMC;MONTE CLARO         ;98;2026-07-04 01:00:00;149.33;109.63;249.36;1564.0;1589.0;287.0;1296.0;6.0;0.0;95.0
S ;Sul;Fio dagua                               ;JACUI          ;JIUHMC;MONTE CLARO         ;98;2026-07-04 02:00:00;149.27;109.55;242.3;1527.0;1552.0;287.0;1259.0;6.0;0.0;95.0
S ;Sul;Fio dagua                               ;JACUI          ;JIUHMC;MONTE CLARO         ;98;2026-07-04 03:00:00;149.2;109.49;234.09;1481.0;1510.0;287.0;1218.0;6.0;0.0;96.0
S ;Sul;Fio dagua                               ;JACUI          ;JIUHMC;MONTE CLARO         ;98;2026-07-04 04:00:00;149.28;109.44;243.48;1457.0;1424.0;286.0;1132.0;6.0;0.0;95.0
S ;Sul;Fio dagua                               ;JACUI          ;JIUHMC;MONTE CLARO         ;98;2026-07-04 05:00:00;149.3;109.25;245.83;1443.0;1435.0;285.0;1145.0;6.0;0.0;95.0
S ;Sul;Fio dagua                               ;JACUI          ;JIUHMC;MONTE CLARO         ;98;2026-07-04 06:00:00;149.26;109.2;241.13;1394.0;1410.0;284.0;1120.0;6.0;0.0;95.0
S ;Sul;Fio dagua                               ;JACUI          ;JIUHMC;MONTE CLARO         ;98;2026-07-04 07:00:00;149.2;109.18;234.09;1350.0;1375.0;285.0;1085.0;6.0;0.0;95.0
S ;Sul;Fio dagua                               ;JACUI          ;JIUHMC;MONTE CLARO         ;98;2026-07-04 08:00:00;149.42;108.81;259.99;1406.0;1314.0;88.0;1221.0;6.0;0.0;286.0
S ;Sul;Fio dagua                               ;JACUI          ;JIUHMC;MONTE CLARO         ;98;2026-07-04 09:00:00;149.5;108.53;269.49;1313.0;1279.0;0.0;1274.0;6.0;0.0;371.0
S ;Sul;Fio dagua                               ;JACUI          ;JIUHMC;MONTE CLARO         ;98;2026-07-04 10:00:00;149.49;108.72;268.3;1268.0;1273.0;0.0;1267.0;6.0;0.0;373.0
S ;Sul;Fio dagua                               ;JACUI          ;JIUHMC;MONTE CLARO         ;98;2026-07-04 11:00:00;149.45;108.74;263.55;1229.0;1246.0;0.0;1240.0;6.0;0.0;373.0
S ;Sul;Fio dagua                               ;JACUI          ;JIUHMC;MONTE CLARO         ;98;2026-07-04 12:00:00;149.4;108.75;257.62;1192.0;1213.0;0.0;1208.0;6.0;0.0;374.0
S ;Sul;Fio dagua                               ;JACUI          ;JIUHMC;MONTE CLARO         ;98;2026-07-04 13:00:00;149.35;108.7;251.72;1160.0;1181.0;0.0;1176.0;6.0;0.0;374.0
S ;Sul;Fio dagua                               ;JACUI          ;JIUHMC;MONTE CLARO         ;98;2026-07-04 14:00:00;149.31;108.65;247.0;1140.0;1156.0;0.0;1151.0;6.0;0.0;374.0
S ;Sul;Fio dagua                               ;JACUI          ;JIUHMC;MONTE CLARO         ;98;2026-07-04 15:00:00;149.26;108.56;241.13;1105.0;1126.0;0.0;1120.0;6.0;0.0;373.0
S ;Sul;Fio dagua                               ;JACUI          ;JIUHMC;MONTE CLARO         ;98;2026-07-04 16:00:00;149.21;108.49;235.26;1076.0;1096.0;0.0;1091.0;6.0;0.0;373.0
S ;Sul;Fio dagua                               ;JACUI          ;JIUHMC;MONTE CLARO         ;98;2026-07-04 17:00:00;148.9;109.05;199.33;1003.0;1133.0;200.0;927.0;6.0;0.0;181.0
S ;Sul;Fio dagua                               ;JACUI          ;JIUHMC;MONTE CLARO         ;98;2026-07-04 18:00:00;149.01;108.95;211.99;917.0;871.0;286.0;580.0;6.0;0.0;94.0
S ;Sul;Fio dagua                               ;JACUI          ;JIUHMC;MONTE CLARO         ;98;2026-07-04 19:00:00;149.11;108.45;223.59;960.0;918.0;281.0;632.0;6.0;0.0;93.0
S ;Sul;Fio dagua                               ;JACUI          ;JIUHMC;MONTE CLARO         ;98;2026-07-04 20:00:00;149.12;108.24;224.76;926.0;921.0;279.0;637.0;6.0;0.0;93.0
S ;Sul;Fio dagua                               ;JACUI          ;JIUHMC;MONTE CLARO         ;98;2026-07-04 21:00:00;149.11;108.32;223.59;912.0;917.0;280.0;632.0;6.0;0.0;93.0
S ;Sul;Fio dagua                               ;JACUI          ;JIUHMC;MONTE CLARO         ;98;2026-07-04 22:00:00;149.09;108.32;221.27;898.0;907.0;280.0;621.0;6.0;0.0;92.0
S ;Sul;Fio dagua                               ;JACUI          ;JIUHMC;MONTE CLARO         ;98;2026-07-04 23:00:00;149.05;108.29;216.63;869.0;885.0;280.0;600.0;6.0;0.0;93.0
S ;Sul;Fio dagua                               ;JACUI          ;JIUHMC;MONTE CLARO         ;98;2026-07-04 23:59:00;149.01;108.29;211.99;849.0;866.0;281.0;580.0;6.0;0.0;93.0
S ;Sul;Fio dagua                               ;JACUI          ;JIUHMC;MONTE CLARO         ;98;2026-07-05 01:00:00;148.97;108.2;207.38;829.0;846.0;280.0;560.0;6.0;0.0;92.0
S ;Sul;Fio dagua                               ;JACUI          ;JIUHMC;MONTE CLARO         ;98;2026-07-05 02:00:00;148.94;108.2;203.93;819.0;832.0;281.0;546.0;6.0;0.0;93.0
S ;Sul;Fio dagua                               ;JACUI          ;JIUHMC;MONTE CLARO         ;98;2026-07-05 03:00:00;149.03;108.12;214.31;875.0;875.0;279.0;590.0;6.0;0.0;92.0
S ;Sul;Fio dagua                               ;JACUI          ;JIUHMC;MONTE CLARO         ;98;2026-07-05 04:00:00;149.02;108.11;213.16;865.0;870.0;279.0;585.0;6.0;0.0;92.0
S ;Sul;Fio dagua                               ;JACUI          ;JIUHMC;MONTE CLARO         ;98;2026-07-05 05:00:00;149.02;108.05;213.16;869.0;869.0;279.0;585.0;6.0;0.0;92.0
S ;Sul;Fio dagua                               ;JACUI          ;JIUHMC;MONTE CLARO         ;98;2026-07-05 06:00:00;149.01;108.02;211.99;791.0;796.0;279.0;511.0;6.0;0.0;92.0
S ;Sul;Fio dagua                               ;JACUI          ;JIUHMC;MONTE CLARO         ;98;2026-07-05 07:00:00;149.01;107.98;211.99;795.0;795.0;279.0;511.0;6.0;0.0;92.0
S ;Sul;Fio dagua                               ;JACUI          ;JIUHMC;MONTE CLARO         ;98;2026-07-05 08:00:00;149.1;107.3;222.43;732.0;694.0;131.0;557.0;6.0;0.0;233.0
S ;Sul;Fio dagua                               ;JACUI          ;JIUHMC;MONTE CLARO         ;98;2026-07-05 09:00:00;149.3;107.2;245.83;759.0;676.0;0.0;670.0;6.0;0.0;362.0
S ;Sul;Fio dagua                               ;JACUI          ;JIUHMC;MONTE CLARO         ;98;2026-07-05 10:00:00;149.38;107.4;255.26;758.0;725.0;0.0;719.0;6.0;0.0;363.0
S ;Sul;Fio dagua                               ;JACUI          ;JIUHMC;MONTE CLARO         ;98;2026-07-05 11:00:00;149.38;107.7;255.26;725.0;725.0;0.0;719.0;6.0;0.0;365.0
S ;Sul;Fio dagua                               ;JACUI          ;JIUHMC;MONTE CLARO         ;98;2026-07-05 12:00:00;149.38;107.7;255.26;655.0;655.0;0.0;650.0;6.0;0.0;365.0
S ;Sul;Fio dagua                               ;JACUI          ;JIUHMC;MONTE CLARO         ;98;2026-07-05 13:00:00;149.42;107.7;259.99;697.0;681.0;0.0;675.0;6.0;0.0;365.0
S ;Sul;Fio dagua                               ;JACUI          ;JIUHMC;MONTE CLARO         ;98;2026-07-05 14:00:00;149.41;107.7;258.81;670.0;674.0;0.0;669.0;6.0;0.0;365.0
S ;Sul;Fio dagua                               ;JACUI          ;JIUHMC;MONTE CLARO         ;98;2026-07-05 15:00:00;149.41;107.7;258.81;674.0;674.0;0.0;669.0;6.0;0.0;20.0
S ;Sul;Fio dagua                               ;JACUI          ;JIUHMC;MONTE CLARO         ;98;2026-07-05 16:00:00;149.38;107.68;255.26;643.0;655.0;0.0;650.0;6.0;0.0;20.0
S ;Sul;Fio dagua                               ;JACUI          ;JIUHMC;MONTE CLARO         ;98;2026-07-05 17:00:00;149.3;108.29;245.83;672.0;705.0;99.0;601.0;6.0;0.0;20.0
S ;Sul;Fio dagua                               ;JACUI          ;JIUHMC;MONTE CLARO         ;98;2026-07-05 18:00:00;149.03;108.34;214.31;557.0;670.0;281.0;383.0;6.0;0.0;93.0
S ;Sul;Fio dagua                               ;JACUI          ;JIUHMC;MONTE CLARO         ;98;2026-07-05 19:00:00;149.0;108.04;210.84;586.0;598.0;280.0;313.0;6.0;0.0;85.0
S ;Sul;Fio dagua                               ;JACUI          ;JIUHMC;MONTE CLARO         ;98;2026-07-05 20:00:00;148.98;107.74;208.54;578.0;586.0;277.0;304.0;6.0;0.0;85.0
S ;Sul;Fio dagua                               ;JACUI          ;JIUHMC;MONTE CLARO         ;98;2026-07-05 21:00:00;148.96;107.63;206.23;569.0;577.0;278.0;294.0;6.0;0.0;84.0
S ;Sul;Fio dagua                               ;JACUI          ;JIUHMC;MONTE CLARO         ;98;2026-07-05 22:00:00;148.95;107.59;205.08;568.0;572.0;278.0;289.0;6.0;0.0;84.0
S ;Sul;Fio dagua                               ;JACUI          ;JIUHMC;MONTE CLARO         ;98;2026-07-05 23:00:00;148.94;107.57;203.93;563.0;567.0;277.0;284.0;6.0;0.0;84.0
S ;Sul;Fio dagua                               ;JACUI          ;JIUHMC;MONTE CLARO         ;98;2026-07-05 23:59:00;148.92;107.54;201.63;550.0;558.0;278.0;275.0;6.0;0.0;84.0
S ;Sul;Fio dagua                               ;JACUI          ;JIUHMC;MONTE CLARO         ;98;2026-07-06 01:00:00;148.9;107.54;199.33;541.0;549.0;278.0;266.0;6.0;0.0;84.0
S ;Sul;Fio dagua                               ;JACUI          ;JIUHMC;MONTE CLARO         ;98;2026-07-06 02:00:00;148.89;107.5;198.19;540.0;544.0;277.0;261.0;6.0;0.0;84.0
S ;Sul;Fio dagua                               ;JACUI          ;JIUHMC;MONTE CLARO         ;98;2026-07-06 03:00:00;148.88;107.5;197.04;536.0;540.0;277.0;257.0;6.0;0.0;84.0
S ;Sul;Fio dagua                               ;JACUI          ;JIUHMC;MONTE CLARO         ;98;2026-07-06 04:00:00;148.86;107.47;194.76;522.0;531.0;277.0;248.0;6.0;0.0;84.0
S ;Sul;Fio dagua                               ;JACUI          ;JIUHMC;MONTE CLARO         ;98;2026-07-06 05:00:00;148.85;107.47;193.61;522.0;526.0;277.0;244.0;6.0;0.0;84.0
S ;Sul;Fio dagua                               ;JACUI          ;JIUHMC;MONTE CLARO         ;98;2026-07-06 06:00:00;148.84;107.43;192.47;518.0;522.0;277.0;239.0;6.0;0.0;84.0
S ;Sul;Fio dagua                               ;JACUI          ;JIUHMC;MONTE CLARO         ;98;2026-07-06 07:00:00;148.83;107.43;191.33;513.0;518.0;277.0;235.0;6.0;0.0;84.0
S ;Sul;Fio dagua                               ;JACUI          ;JIUHMC;MONTE CLARO         ;98;2026-07-06 08:00:00;148.81;107.41;189.05;482.0;490.0;258.0;226.0;6.0;0.0;103.0
S ;Sul;Fio dagua                               ;JACUI          ;JIUHMC;MONTE CLARO         ;98;2026-07-06 09:00:00;149.15;106.57;228.25;538.0;396.0;0.0;390.0;6.0;0.0;352.0
S ;Sul;Fio dagua                               ;JACUI          ;JIUHMC;MONTE CLARO         ;98;2026-07-06 10:00:00;149.16;106.57;229.42;406.0;401.0;0.0;396.0;6.0;0.0;352.0
S ;Sul;Fio dagua                               ;JACUI          ;JIUHMC;MONTE CLARO         ;98;2026-07-06 11:00:00;149.07;106.97;218.94;316.0;354.0;0.0;348.0;6.0;0.0;348.0
S ;Sul;Fio dagua                               ;JACUI          ;JIUHMC;MONTE CLARO         ;98;2026-07-06 12:00:00;149.1;107.04;222.43;382.0;369.0;0.0;364.0;6.0;0.0;356.0
S ;Sul;Fio dagua                               ;JACUI          ;JIUHMC;MONTE CLARO         ;98;2026-07-06 13:00:00;149.25;106.92;239.95;514.0;452.0;0.0;446.0;6.0;0.0;354.0
S ;Sul;Fio dagua                               ;JACUI          ;JIUHMC;MONTE CLARO         ;98;2026-07-06 14:00:00;149.31;106.99;247.0;512.0;487.0;0.0;481.0;6.0;0.0;354.0
S ;Sul;Fio dagua                               ;JACUI          ;JIUHMC;MONTE CLARO         ;98;2026-07-06 15:00:00;149.26;107.55;241.13;503.0;524.0;66.0;452.0;6.0;0.0;293.0
S ;Sul;Fio dagua                               ;JACUI          ;JIUHMC;MONTE CLARO         ;98;2026-07-06 16:00:00;148.98;108.04;208.54;475.0;592.0;283.0;304.0;6.0;0.0;83.0
S ;Sul;Fio dagua                               ;JACUI          ;JIUHMC;MONTE CLARO         ;98;2026-07-06 17:00:00;148.83;107.83;191.33;460.0;523.0;282.0;235.0;6.0;0.0;82.0
S ;Sul;Fio dagua                               ;JACUI          ;JIUHMC;MONTE CLARO         ;98;2026-07-06 18:00:00;148.78;107.63;185.64;480.0;501.0;282.0;214.0;6.0;0.0;81.0
S ;Sul;Fio dagua                               ;JACUI          ;JIUHMC;MONTE CLARO         ;98;2026-07-06 19:00:00;148.75;107.44;182.24;474.0;487.0;280.0;201.0;6.0;0.0;82.0
S ;Sul;Fio dagua                               ;JACUI          ;JIUHMC;MONTE CLARO         ;98;2026-07-06 20:00:00;148.72;107.35;178.84;461.0;474.0;280.0;188.0;6.0;0.0;81.0
S ;Sul;Fio dagua                               ;JACUI          ;JIUHMC;MONTE CLARO         ;98;2026-07-06 21:00:00;148.7;107.31;176.58;457.0;465.0;280.0;180.0;6.0;0.0;81.0
S ;Sul;Fio dagua                               ;JACUI          ;JIUHMC;MONTE CLARO         ;98;2026-07-06 22:00:00;148.68;107.31;174.33;449.0;457.0;280.0;171.0;6.0;0.0;81.0
S ;Sul;Fio dagua                               ;JACUI          ;JIUHMC;MONTE CLARO         ;98;2026-07-06 23:00:00;148.67;107.24;173.2;449.0;453.0;280.0;168.0;6.0;0.0;81.0
S ;Sul;Fio dagua                               ;JACUI          ;JIUHMC;MONTE CLARO         ;98;2026-07-06 23:59:00;148.65;107.24;170.95;437.0;445.0;280.0;160.0;6.0;0.0;81.0
S ;Sul;Fio dagua                               ;JACUI          ;JIUHMC;MONTE CLARO         ;98;2026-07-07 01:00:00;148.64;107.22;169.82;437.0;441.0;280.0;156.0;6.0;0.0;81.0
S ;Sul;Fio dagua                               ;JACUI          ;JIUHMC;MONTE CLARO         ;98;2026-07-07 02:00:00;148.62;107.19;167.58;425.0;434.0;280.0;148.0;6.0;0.0;81.0
S ;Sul;Fio dagua                               ;JACUI          ;JIUHMC;MONTE CLARO         ;98;2026-07-07 03:00:00;148.6;107.17;165.34;418.0;426.0;280.0;141.0;6.0;0.0;81.0
S ;Sul;Fio dagua                               ;JACUI          ;JIUHMC;MONTE CLARO         ;98;2026-07-07 04:00:00;148.59;107.16;164.22;418.0;423.0;280.0;138.0;6.0;0.0;81.0
S ;Sul;Fio dagua                               ;JACUI          ;JIUHMC;MONTE CLARO         ;98;2026-07-07 05:00:00;148.59;107.13;164.22;423.0;423.0;280.0;138.0;6.0;0.0;81.0
S ;Sul;Fio dagua                               ;JACUI          ;JIUHMC;MONTE CLARO         ;98;2026-07-07 06:00:00;148.58;107.12;163.1;415.0;419.0;280.0;134.0;6.0;0.0;81.0
S ;Sul;Fio dagua                               ;JACUI          ;JIUHMC;MONTE CLARO         ;98;2026-07-07 07:00:00;148.57;107.12;161.99;411.0;416.0;280.0;130.0;6.0;0.0;81.0
S ;Sul;Fio dagua                               ;JACUI          ;JIUHMC;MONTE CLARO         ;98;2026-07-07 08:00:00;148.71;106.52;177.71;416.0;357.0;168.0;184.0;6.0;0.0;183.0
S ;Sul;Fio dagua                               ;JACUI          ;JIUHMC;MONTE CLARO         ;98;2026-07-07 09:00:00;149.0;106.02;210.84;440.0;319.0;0.0;313.0;6.0;0.0;313.0
S ;Sul;Fio dagua                               ;JACUI          ;JIUHMC;MONTE CLARO         ;98;2026-07-07 10:00:00;149.11;106.05;223.59;420.0;375.0;0.0;369.0;6.0;0.0;348.0
S ;Sul;Fio dagua                               ;JACUI          ;JIUHMC;MONTE CLARO         ;98;2026-07-07 11:00:00;149.14;106.69;227.08;403.0;391.0;0.0;385.0;6.0;0.0;353.0
S ;Sul;Fio dagua                               ;JACUI          ;JIUHMC;MONTE CLARO         ;98;2026-07-07 12:00:00;149.14;106.96;227.08;391.0;391.0;0.0;385.0;6.0;0.0;355.0
S ;Sul;Fio dagua                               ;JACUI          ;JIUHMC;MONTE CLARO         ;98;2026-07-07 13:00:00;149.15;107.04;228.25;400.0;396.0;0.0;390.0;6.0;0.0;356.0
S ;Sul;Fio dagua                               ;JACUI          ;JIUHMC;MONTE CLARO         ;98;2026-07-07 14:00:00;149.14;107.03;227.08;386.0;391.0;0.0;385.0;6.0;0.0;356.0
S ;Sul;Fio dagua                               ;JACUI          ;JIUHMC;MONTE CLARO         ;98;2026-07-07 15:00:00;149.14;107.03;227.08;391.0;391.0;0.0;385.0;6.0;0.0;356.0
S ;Sul;Fio dagua                               ;JACUI          ;JIUHMC;MONTE CLARO         ;98;2026-07-07 16:00:00;149.0;107.6;210.84;339.0;397.0;78.0;313.0;6.0;0.0;283.0
S ;Sul;Fio dagua                               ;JACUI          ;JIUHMC;MONTE CLARO         ;98;2026-07-07 17:00:00;148.74;107.75;181.1;378.0;486.0;284.0;196.0;6.0;0.0;81.0
S ;Sul;Fio dagua                               ;JACUI          ;JIUHMC;MONTE CLARO         ;98;2026-07-07 18:00:00;148.58;107.65;163.1;357.0;424.0;285.0;134.0;6.0;0.0;80.0
S ;Sul;Fio dagua                               ;JACUI          ;JIUHMC;MONTE CLARO         ;98;2026-07-07 19:00:00;148.51;107.35;155.31;369.0;398.0;282.0;111.0;6.0;0.0;81.0
S ;Sul;Fio dagua                               ;JACUI          ;JIUHMC;MONTE CLARO         ;98;2026-07-07 20:00:00;148.48;107.2;151.98;376.0;388.0;281.0;101.0;6.0;0.0;81.0
S ;Sul;Fio dagua                               ;JACUI          ;JIUHMC;MONTE CLARO         ;98;2026-07-07 21:00:00;148.46;107.1;149.77;374.0;382.0;281.0;95.0;6.0;0.0;80.0
S ;Sul;Fio dagua                               ;JACUI          ;JIUHMC;MONTE CLARO         ;98;2026-07-07 22:00:00;148.45;107.05;148.66;375.0;379.0;281.0;92.0;6.0;0.0;80.0
S ;Sul;Fio dagua                               ;JACUI          ;JIUHMC;MONTE CLARO         ;98;2026-07-07 23:00:00;148.44;107.0;147.55;371.0;375.0;280.0;90.0;6.0;0.0;80.0
S ;Sul;Fio dagua                               ;JACUI          ;JIUHMC;MONTE CLARO         ;98;2026-07-07 23:59:00;148.43;106.99;146.45;369.0;373.0;281.0;87.0;6.0;0.0;80.0
S ;Sul;Fio dagua                               ;JACUI          ;JIUHMC;MONTE CLARO         ;98;2026-07-08 01:00:00;148.42;106.93;145.35;366.0;370.0;280.0;84.0;6.0;0.0;80.0
S ;Sul;Fio dagua                               ;JACUI          ;JIUHMC;MONTE CLARO         ;98;2026-07-08 02:00:00;148.41;106.96;144.25;363.0;367.0;281.0;81.0;6.0;0.0;80.0
S ;Sul;Fio dagua                               ;JACUI          ;JIUHMC;MONTE CLARO         ;98;2026-07-08 03:00:00;148.4;106.94;143.15;360.0;365.0;280.0;79.0;6.0;0.0;78.0
S ;Sul;Fio dagua                               ;JACUI          ;JIUHMC;MONTE CLARO         ;98;2026-07-08 04:00:00;148.39;106.92;142.05;358.0;362.0;280.0;76.0;6.0;0.0;76.0
S ;Sul;Fio dagua                               ;JACUI          ;JIUHMC;MONTE CLARO         ;98;2026-07-08 05:00:00;148.38;106.9;140.95;355.0;359.0;280.0;73.0;6.0;0.0;73.0
S ;Sul;Fio dagua                               ;JACUI          ;JIUHMC;MONTE CLARO         ;98;2026-07-08 06:00:00;148.37;106.89;139.85;353.0;357.0;280.0;71.0;6.0;0.0;70.0
S ;Sul;Fio dagua                               ;JACUI          ;JIUHMC;MONTE CLARO         ;98;2026-07-08 07:00:00;148.37;106.9;139.85;357.0;357.0;280.0;71.0;6.0;0.0;70.0
S ;Sul;Fio dagua                               ;JACUI          ;JIUHMC;MONTE CLARO         ;98;2026-07-08 08:00:00;148.36;106.89;138.75;349.0;354.0;280.0;68.0;6.0;0.0;68.0
S ;Sul;Fio dagua                               ;JACUI          ;JIUHMC;MONTE CLARO         ;98;2026-07-08 09:00:00;148.36;106.86;138.75;353.0;353.0;279.0;68.0;6.0;0.0;68.0
S ;Sul;Fio dagua                               ;JACUI          ;JIUHMC;MONTE CLARO         ;98;2026-07-08 10:00:00;148.36;106.86;138.75;340.0;340.0;266.0;68.0;6.0;0.0;68.0
S ;Sul;Fio dagua                               ;JACUI          ;JIUHMC;MONTE CLARO         ;98;2026-07-08 11:00:00;148.78;105.74;185.64;394.0;219.0;0.0;214.0;6.0;0.0;13.0
S ;Sul;Fio dagua                               ;JACUI          ;JIUHMC;MONTE CLARO         ;98;2026-07-08 12:00:00;148.97;105.47;207.38;383.0;304.0;0.0;299.0;6.0;0.0;13.0
S ;Sul;Fio dagua                               ;JACUI          ;JIUHMC;MONTE CLARO         ;98;2026-07-08 13:00:00;149.01;105.73;211.99;340.0;324.0;0.0;318.0;6.0;0.0;13.0
S ;Sul;Fio dagua                               ;JACUI          ;JIUHMC;MONTE CLARO         ;98;2026-07-08 14:00:00;149.03;106.5;214.31;342.0;334.0;0.0;328.0;6.0;0.0;13.0
S ;Sul;Fio dagua                               ;JACUI          ;JIUHMC;MONTE CLARO         ;98;2026-07-08 15:00:00;149.04;106.74;215.47;343.0;339.0;0.0;333.0;6.0;0.0;333.0
S ;Sul;Fio dagua                               ;JACUI          ;JIUHMC;MONTE CLARO         ;98;2026-07-08 16:00:00;148.92;107.21;201.63;324.0;374.0;94.0;275.0;6.0;0.0;265.0
S ;Sul;Fio dagua                               ;JACUI          ;JIUHMC;MONTE CLARO         ;98;2026-07-08 17:00:00;148.62;107.61;167.58;288.0;413.0;259.0;148.0;6.0;0.0;105.0
S ;Sul;Fio dagua                               ;JACUI          ;JIUHMC;MONTE CLARO         ;98;2026-07-08 18:00:00;148.47;107.49;150.87;323.0;386.0;282.0;98.0;6.0;0.0;83.0
S ;Sul;Fio dagua                               ;JACUI          ;JIUHMC;MONTE CLARO         ;98;2026-07-08 19:00:00;148.39;107.28;142.05;330.0;363.0;282.0;76.0;6.0;0.0;76.0
S ;Sul;Fio dagua                               ;JACUI          ;JIUHMC;MONTE CLARO         ;98;2026-07-08 20:00:00;148.34;107.08;136.57;328.0;349.0;280.0;64.0;6.0;0.0;63.0
S ;Sul;Fio dagua                               ;JACUI          ;JIUHMC;MONTE CLARO         ;98;2026-07-08 21:00:00;148.31;106.98;133.29;330.0;342.0;279.0;57.0;6.0;0.0;57.0
S ;Sul;Fio dagua                               ;JACUI          ;JIUHMC;MONTE CLARO         ;98;2026-07-08 22:00:00;148.29;106.89;131.11;329.0;338.0;279.0;53.0;6.0;0.0;52.0
S ;Sul;Fio dagua                               ;JACUI          ;JIUHMC;MONTE CLARO         ;98;2026-07-08 23:00:00;148.29;106.85;131.11;337.0;337.0;279.0;53.0;6.0;0.0;52.0
S ;Sul;Fio dagua                               ;JACUI          ;JIUHMC;MONTE CLARO         ;98;2026-07-08 23:59:00;148.26;106.86;127.85;320.0;332.0;280.0;47.0;6.0;0.0;47.0
S ;Sul;Fio dagua                               ;JACUI          ;JIUHMC;MONTE CLARO         ;98;2026-07-09 01:00:00;148.25;106.79;126.77;327.0;331.0;280.0;45.0;6.0;0.0;45.0
S ;Sul;Fio dagua                               ;JACUI          ;JIUHMC;MONTE CLARO         ;98;2026-07-09 02:00:00;148.24;106.8;125.68;325.0;329.0;280.0;43.0;6.0;0.0;43.0
S ;Sul;Fio dagua                               ;JACUI          ;JIUHMC;MONTE CLARO         ;98;2026-07-09 03:00:00;148.23;106.79;124.6;323.0;327.0;280.0;41.0;6.0;0.0;41.0
S ;Sul;Fio dagua                               ;JACUI          ;JIUHMC;MONTE CLARO         ;98;2026-07-09 04:00:00;148.22;106.77;123.52;321.0;326.0;280.0;40.0;6.0;0.0;39.0
S ;Sul;Fio dagua                               ;JACUI          ;JIUHMC;MONTE CLARO         ;98;2026-07-09 05:00:00;148.22;106.77;123.52;325.0;325.0;280.0;40.0;6.0;0.0;39.0
S ;Sul;Fio dagua                               ;JACUI          ;JIUHMC;MONTE CLARO         ;98;2026-07-09 06:00:00;148.21;106.75;122.44;319.0;324.0;280.0;38.0;6.0;0.0;37.0
S ;Sul;Fio dagua                               ;JACUI          ;JIUHMC;MONTE CLARO         ;98;2026-07-09 07:00:00;148.2;106.75;121.36;318.0;322.0;280.0;36.0;6.0;0.0;36.0
S ;Sul;Fio dagua                               ;JACUI          ;JIUHMC;MONTE CLARO         ;98;2026-07-09 08:00:00;148.25;106.32;126.77;297.0;276.0;225.0;45.0;6.0;0.0;45.0
S ;Sul;Fio dagua                               ;JACUI          ;JIUHMC;MONTE CLARO         ;98;2026-07-09 09:00:00;148.66;106.02;172.07;340.0;169.0;0.0;164.0;6.0;0.0;163.0
S ;Sul;Fio dagua                               ;JACUI          ;JIUHMC;MONTE CLARO         ;98;2026-07-09 10:00:00;148.89;105.11;198.19;363.0;267.0;0.0;261.0;6.0;0.0;261.0
S ;Sul;Fio dagua                               ;JACUI          ;JIUHMC;MONTE CLARO         ;98;2026-07-09 11:00:00;148.92;105.25;201.63;293.0;281.0;0.0;275.0;6.0;0.0;275.0
S ;Sul;Fio dagua                               ;JACUI          ;JIUHMC;MONTE CLARO         ;98;2026-07-09 12:00:00;148.94;105.36;203.93;298.0;290.0;0.0;284.0;6.0;0.0;284.0
S ;Sul;Fio dagua                               ;JACUI          ;JIUHMC;MONTE CLARO         ;98;2026-07-09 13:00:00;148.95;106.0;205.08;299.0;295.0;0.0;289.0;6.0;0.0;289.0
S ;Sul;Fio dagua                               ;JACUI          ;JIUHMC;MONTE CLARO         ;98;2026-07-09 14:00:00;148.95;106.72;205.08;295.0;295.0;0.0;289.0;6.0;0.0;289.0
S ;Sul;Fio dagua                               ;JACUI          ;JIUHMC;MONTE CLARO         ;98;2026-07-09 15:00:00;148.95;106.7;205.08;295.0;295.0;0.0;289.0;6.0;0.0;289.0
S ;Sul;Fio dagua                               ;JACUI          ;JIUHMC;MONTE CLARO         ;98;2026-07-09 16:00:00;148.75;107.38;182.24;248.0;331.0;125.0;201.0;6.0;0.0;200.0
S ;Sul;Fio dagua                               ;JACUI          ;JIUHMC;MONTE CLARO         ;98;2026-07-09 17:00:00;148.48;107.58;151.98;280.0;393.0;286.0;101.0;6.0;0.0;79.0
S ;Sul;Fio dagua                               ;JACUI          ;JIUHMC;MONTE CLARO         ;98;2026-07-09 18:00:00;148.31;107.39;133.29;277.0;348.0;286.0;57.0;6.0;0.0;57.0
S ;Sul;Fio dagua                               ;JACUI          ;JIUHMC;MONTE CLARO         ;98;2026-07-09 19:00:00;148.22;107.14;123.52;292.0;329.0;284.0;40.0;6.0;0.0;39.0
S ;Sul;Fio dagua                               ;JACUI          ;JIUHMC;MONTE CLARO         ;98;2026-07-09 20:00:00;148.17;107.02;118.13;299.0;320.0;283.0;31.0;6.0;0.0;31.0
S ;Sul;Fio dagua                               ;JACUI          ;JIUHMC;MONTE CLARO         ;98;2026-07-09 21:00:00;148.13;106.91;113.84;297.0;314.0;283.0;25.0;6.0;0.0;25.0
S ;Sul;Fio dagua                               ;JACUI          ;JIUHMC;MONTE CLARO         ;98;2026-07-09 22:00:00;148.1;106.83;110.63;297.0;310.0;283.0;22.0;6.0;0.0;21.0
S ;Sul;Fio dagua                               ;JACUI          ;JIUHMC;MONTE CLARO         ;98;2026-07-09 23:00:00;148.08;106.76;108.49;299.0;307.0;282.0;19.0;6.0;0.0;19.0
S ;Sul;Fio dagua                               ;JACUI          ;JIUHMC;MONTE CLARO         ;98;2026-07-09 23:59:00;148.06;106.76;106.37;297.0;305.0;282.0;17.0;6.0;0.0;17.0
S ;Sul;Fio dagua                               ;JACUI          ;JIUHMC;MONTE CLARO         ;98;2026-07-10 01:00:00;148.04;106.7;104.23;295.0;303.0;282.0;16.0;6.0;0.0;15.0
S ;Sul;Fio dagua                               ;JACUI          ;JIUHMC;MONTE CLARO         ;98;2026-07-10 02:00:00;148.02;106.7;102.12;294.0;302.0;282.0;14.0;6.0;0.0;14.0
S ;Sul;Fio dagua                               ;JACUI          ;JIUHMC;MONTE CLARO         ;98;2026-07-10 03:00:00;148.01;106.7;101.06;297.0;302.0;282.0;14.0;6.0;0.0;13.0
S ;Sul;Fio dagua                               ;JACUI          ;JIUHMC;MONTE CLARO         ;98;2026-07-10 04:00:00;148.0;106.7;100.0;297.0;301.0;282.0;13.0;6.0;0.0;13.0
S ;Sul;Fio dagua                               ;JACUI          ;JIUHMC;MONTE CLARO         ;98;2026-07-10 05:00:00;147.98;106.7;97.89;293.0;301.0;282.0;13.0;6.0;0.0;13.0
S ;Sul;Fio dagua                               ;JACUI          ;JIUHMC;MONTE CLARO         ;98;2026-07-10 06:00:00;147.97;106.7;96.83;297.0;302.0;283.0;13.0;6.0;0.0;13.0
S ;Sul;Fio dagua                               ;JACUI          ;JIUHMC;MONTE CLARO         ;98;2026-07-10 07:00:00;147.95;106.7;94.73;293.0;302.0;283.0;13.0;6.0;0.0;13.0
S ;Sul;Fio dagua                               ;JACUI          ;JIUHMC;MONTE CLARO         ;98;2026-07-10 08:00:00;148.05;106.02;105.3;291.0;249.0;227.0;16.0;6.0;0.0;16.0
S ;Sul;Fio dagua                               ;JACUI          ;JIUHMC;MONTE CLARO         ;98;2026-07-10 09:00:00;148.45;105.3;148.66;265.0;98.0;0.0;92.0;6.0;0.0;92.0
S ;Sul;Fio dagua                               ;JACUI          ;JIUHMC;MONTE CLARO         ;98;2026-07-10 10:00:00;148.75;105.02;182.24;331.0;206.0;0.0;201.0;6.0;0.0;200.0
S ;Sul;Fio dagua                               ;JACUI          ;JIUHMC;MONTE CLARO         ;98;2026-07-10 11:00:00;148.86;104.78;194.76;299.0;254.0;0.0;248.0;6.0;0.0;248.0
S ;Sul;Fio dagua                               ;JACUI          ;JIUHMC;MONTE CLARO         ;98;2026-07-10 12:00:00;148.9;105.6;199.33;288.0;271.0;0.0;266.0;6.0;0.0;265.0
S ;Sul;Fio dagua                               ;JACUI          ;JIUHMC;MONTE CLARO         ;98;2026-07-10 13:00:00;148.91;105.9;200.48;280.0;276.0;0.0;271.0;6.0;0.0;270.0
S ;Sul;Fio dagua                               ;JACUI          ;JIUHMC;MONTE CLARO         ;98;2026-07-10 14:00:00;148.91;106.52;200.48;276.0;276.0;0.0;271.0;6.0;0.0;270.0
S ;Sul;Fio dagua                               ;JACUI          ;JIUHMC;MONTE CLARO         ;98;2026-07-10 15:00:00;148.91;106.6;200.48;276.0;276.0;0.0;271.0;6.0;0.0;270.0
S ;Sul;Fio dagua                               ;JACUI          ;JIUHMC;MONTE CLARO         ;98;2026-07-10 16:00:00;148.66;107.38;172.07;259.0;364.0;194.0;164.0;6.0;0.0;163.0
S ;Sul;Fio dagua                               ;JACUI          ;JIUHMC;MONTE CLARO         ;98;2026-07-10 17:00:00;148.38;107.48;140.95;249.0;366.0;287.0;73.0;6.0;0.0;73.0
S ;Sul;Fio dagua                               ;JACUI          ;JIUHMC;MONTE CLARO         ;98;2026-07-10 18:00:00;148.23;107.28;124.6;271.0;334.0;287.0;41.0;6.0;0.0;41.0
S ;Sul;Fio dagua                               ;JACUI          ;JIUHMC;MONTE CLARO         ;98;2026-07-10 19:00:00;148.14;107.07;114.91;280.0;318.0;286.0;27.0;6.0;0.0;26.0
S ;Sul;Fio dagua                               ;JACUI          ;JIUHMC;MONTE CLARO         ;98;2026-07-10 20:00:00;148.08;106.92;108.49;285.0;310.0;285.0;19.0;6.0;0.0;19.0
S ;Sul;Fio dagua                               ;JACUI          ;JIUHMC;MONTE CLARO         ;98;2026-07-10 21:00:00;148.02;106.81;102.12;279.0;304.0;285.0;14.0;6.0;0.0;14.0
S ;Sul;Fio dagua                               ;JACUI          ;JIUHMC;MONTE CLARO         ;98;2026-07-10 22:00:00;147.98;106.8;97.89;288.0;304.0;285.0;13.0;6.0;0.0;13.0
S ;Sul;Fio dagua                               ;JACUI          ;JIUHMC;MONTE CLARO         ;98;2026-07-10 23:00:00;147.93;106.75;92.62;283.0;304.0;285.0;13.0;6.0;0.0;13.0
S ;Sul;Fio dagua                               ;JACUI          ;JIUHMC;MONTE CLARO         ;98;2026-07-10 23:59:00;147.88;106.72;87.39;283.0;304.0;285.0;13.0;6.0;0.0;13.0
S ;Sul;Fio dagua                               ;JACUI          ;JIUHMC;MONTE CLARO         ;98;2026-07-11 01:00:00;147.83;106.74;82.19;284.0;304.0;286.0;13.0;6.0;0.0;13.0
S ;Sul;Fio dagua                               ;JACUI          ;JIUHMC;MONTE CLARO         ;98;2026-07-11 02:00:00;147.78;106.68;77.01;283.0;304.0;285.0;13.0;6.0;0.0;13.0
S ;Sul;Fio dagua                               ;JACUI          ;JIUHMC;MONTE CLARO         ;98;2026-07-11 03:00:00;147.74;106.67;72.89;288.0;305.0;286.0;13.0;6.0;0.0;13.0
S ;Sul;Fio dagua                               ;JACUI          ;JIUHMC;MONTE CLARO         ;98;2026-07-11 04:00:00;147.68;106.68;66.74;280.0;305.0;286.0;13.0;6.0;0.0;13.0
S ;Sul;Fio dagua                               ;JACUI          ;JIUHMC;MONTE CLARO         ;98;2026-07-11 05:00:00;147.62;106.69;60.64;280.0;305.0;287.0;13.0;6.0;0.0;13.0
S ;Sul;Fio dagua                               ;JACUI          ;JIUHMC;MONTE CLARO         ;98;2026-07-11 06:00:00;147.56;106.64;54.58;280.0;305.0;286.0;13.0;6.0;0.0;13.0
S ;Sul;Fio dagua                               ;JACUI          ;JIUHMC;MONTE CLARO         ;98;2026-07-11 07:00:00;147.52;106.67;50.56;289.0;306.0;287.0;13.0;6.0;0.0;13.0
S ;Sul;Fio dagua                               ;JACUI          ;JIUHMC;MONTE CLARO         ;98;2026-07-11 08:00:00;147.85;105.55;84.27;292.0;155.0;136.0;13.0;6.0;0.0;13.0
S ;Sul;Fio dagua                               ;JACUI          ;JIUHMC;MONTE CLARO         ;98;2026-07-11 09:00:00;148.29;105.1;131.11;242.0;58.0;0.0;53.0;6.0;0.0;13.0
S ;Sul;Fio dagua                               ;JACUI          ;JIUHMC;MONTE CLARO         ;98;2026-07-11 10:00:00;148.66;104.8;172.07;323.0;169.0;0.0;164.0;6.0;0.0;13.0
S ;Sul;Fio dagua                               ;JACUI          ;JIUHMC;MONTE CLARO         ;98;2026-07-11 11:00:00;148.8;104.69;187.92;286.0;228.0;0.0;222.0;6.0;0.0;13.0
S ;Sul;Fio dagua                               ;JACUI          ;JIUHMC;MONTE CLARO         ;98;2026-07-11 12:00:00;148.85;104.68;193.61;270.0;249.0;0.0;244.0;6.0;0.0;13.0
S ;Sul;Fio dagua                               ;JACUI          ;JIUHMC;MONTE CLARO         ;98;2026-07-11 13:00:00;148.88;105.76;197.04;275.0;262.0;0.0;257.0;6.0;0.0;13.0
S ;Sul;Fio dagua                               ;JACUI          ;JIUHMC;MONTE CLARO         ;98;2026-07-11 14:00:00;148.89;106.38;198.19;271.0;267.0;0.0;261.0;6.0;0.0;13.0
S ;Sul;Fio dagua                               ;JACUI          ;JIUHMC;MONTE CLARO         ;98;2026-07-11 15:00:00;148.89;106.52;198.19;267.0;267.0;0.0;261.0;6.0;0.0;261.0
S ;Sul;Fio dagua                               ;JACUI          ;JIUHMC;MONTE CLARO         ;98;2026-07-11 16:00:00;148.89;106.59;198.19;267.0;267.0;0.0;261.0;6.0;0.0;261.0
S ;Sul;Fio dagua                               ;JACUI          ;JIUHMC;MONTE CLARO         ;98;2026-07-11 17:00:00;148.61;107.42;166.46;197.0;314.0;164.0;145.0;6.0;0.0;144.0
S ;Sul;Fio dagua                               ;JACUI          ;JIUHMC;MONTE CLARO         ;98;2026-07-11 18:00:00;148.36;107.12;138.75;250.0;354.0;280.0;68.0;6.0;0.0;68.0
S ;Sul;Fio dagua                               ;JACUI          ;JIUHMC;MONTE CLARO         ;98;2026-07-11 19:00:00;148.22;107.25;123.52;269.0;327.0;282.0;40.0;6.0;0.0;39.0
S ;Sul;Fio dagua                               ;JACUI          ;JIUHMC;MONTE CLARO         ;98;2026-07-11 20:00:00;148.14;107.09;114.91;281.0;314.0;282.0;27.0;6.0;0.0;26.0
S ;Sul;Fio dagua                               ;JACUI          ;JIUHMC;MONTE CLARO         ;98;2026-07-11 21:00:00;148.06;106.9;106.37;270.0;303.0;281.0;17.0;6.0;0.0;17.0
S ;Sul;Fio dagua                               ;JACUI          ;JIUHMC;MONTE CLARO         ;98;2026-07-11 22:00:00;148.02;106.79;102.12;283.0;300.0;280.0;14.0;6.0;0.0;14.0
S ;Sul;Fio dagua                               ;JACUI          ;JIUHMC;MONTE CLARO         ;98;2026-07-11 23:00:00;148.0;106.78;100.0;291.0;299.0;280.0;13.0;6.0;0.0;13.0
S ;Sul;Fio dagua                               ;JACUI          ;JIUHMC;MONTE CLARO         ;98;2026-07-11 23:59:00;147.97;106.73;96.83;287.0;299.0;280.0;13.0;6.0;0.0;13.0
S ;Sul;Fio dagua                               ;JACUI          ;JIUHMC;MONTE CLARO         ;98;2026-07-12 01:00:00;147.93;106.71;92.62;286.0;302.0;283.0;13.0;6.0;0.0;13.0
S ;Sul;Fio dagua                               ;JACUI          ;JIUHMC;MONTE CLARO         ;98;2026-07-12 02:00:00;147.9;106.69;89.48;291.0;304.0;285.0;13.0;6.0;0.0;13.0
S ;Sul;Fio dagua                               ;JACUI          ;JIUHMC;MONTE CLARO         ;98;2026-07-12 03:00:00;147.88;106.67;87.39;295.0;303.0;284.0;13.0;6.0;0.0;13.0
S ;Sul;Fio dagua                               ;JACUI          ;JIUHMC;MONTE CLARO         ;98;2026-07-12 04:00:00;147.86;106.66;85.31;295.0;303.0;284.0;13.0;6.0;0.0;13.0
S ;Sul;Fio dagua                               ;JACUI          ;JIUHMC;MONTE CLARO         ;98;2026-07-12 05:00:00;147.85;106.62;84.27;300.0;304.0;285.0;13.0;6.0;0.0;13.0
S ;Sul;Fio dagua                               ;JACUI          ;JIUHMC;MONTE CLARO         ;98;2026-07-12 06:00:00;147.84;106.65;83.23;300.0;304.0;285.0;13.0;6.0;0.0;13.0
S ;Sul;Fio dagua                               ;JACUI          ;JIUHMC;MONTE CLARO         ;98;2026-07-12 07:00:00;147.99;106.33;98.94;322.0;260.0;241.0;13.0;6.0;0.0;13.0
S ;Sul;Fio dagua                               ;JACUI          ;JIUHMC;MONTE CLARO         ;98;2026-07-12 08:00:00;148.48;105.2;151.98;311.0;107.0;0.0;101.0;6.0;0.0;13.0
S ;Sul;Fio dagua                               ;JACUI          ;JIUHMC;MONTE CLARO         ;98;2026-07-12 09:00:00;148.76;104.85;183.37;327.0;210.0;0.0;205.0;6.0;0.0;13.0
S ;Sul;Fio dagua                               ;JACUI          ;JIUHMC;MONTE CLARO         ;98;2026-07-12 10:00:00;148.91;104.7;200.48;339.0;276.0;0.0;271.0;6.0;0.0;13.0
S ;Sul;Fio dagua                               ;JACUI          ;JIUHMC;MONTE CLARO         ;98;2026-07-12 11:00:00;148.98;105.17;208.54;338.0;309.0;0.0;304.0;6.0;0.0;13.0
S ;Sul;Fio dagua                               ;JACUI          ;JIUHMC;MONTE CLARO         ;98;2026-07-12 12:00:00;149.04;106.31;215.47;364.0;339.0;0.0;333.0;6.0;0.0;13.0
S ;Sul;Fio dagua                               ;JACUI          ;JIUHMC;MONTE CLARO         ;98;2026-07-12 13:00:00;149.08;106.71;220.11;376.0;359.0;0.0;353.0;6.0;0.0;13.0
S ;Sul;Fio dagua                               ;JACUI          ;JIUHMC;MONTE CLARO         ;98;2026-07-12 14:00:00;149.1;106.8;222.43;378.0;369.0;0.0;364.0;6.0;0.0;13.0
S ;Sul;Fio dagua                               ;JACUI          ;JIUHMC;MONTE CLARO         ;98;2026-07-12 15:00:00;149.11;106.84;223.59;379.0;375.0;0.0;369.0;6.0;0.0;354.0
S ;Sul;Fio dagua                               ;JACUI          ;JIUHMC;MONTE CLARO         ;98;2026-07-12 16:00:00;149.13;106.96;225.92;394.0;385.0;0.0;380.0;6.0;0.0;355.0
S ;Sul;Fio dagua                               ;JACUI          ;JIUHMC;MONTE CLARO         ;98;2026-07-12 17:00:00;148.96;107.6;206.23;355.0;426.0;127.0;294.0;6.0;0.0;235.0
S ;Sul;Fio dagua                               ;JACUI          ;JIUHMC;MONTE CLARO         ;98;2026-07-12 18:00:00;148.68;107.72;174.33;341.0;458.0;281.0;171.0;6.0;0.0;84.0
S ;Sul;Fio dagua                               ;JACUI          ;JIUHMC;MONTE CLARO         ;98;2026-07-12 19:00:00;148.6;107.55;165.34;392.0;426.0;279.0;141.0;6.0;0.0;85.0
S ;Sul;Fio dagua                               ;JACUI          ;JIUHMC;MONTE CLARO         ;98;2026-07-12 20:00:00;148.55;107.28;159.75;386.0;407.0;278.0;124.0;6.0;0.0;85.0
S ;Sul;Fio dagua                               ;JACUI          ;JIUHMC;MONTE CLARO         ;98;2026-07-12 21:00:00;148.54;107.17;158.64;398.0;403.0;277.0;120.0;6.0;0.0;85.0
S ;Sul;Fio dagua                               ;JACUI          ;JIUHMC;MONTE CLARO         ;98;2026-07-12 22:00:00;148.53;107.08;157.53;395.0;399.0;276.0;117.0;6.0;0.0;84.0
S ;Sul;Fio dagua                               ;JACUI          ;JIUHMC;MONTE CLARO         ;98;2026-07-12 23:00:00;148.53;107.06;157.53;398.0;398.0;276.0;117.0;6.0;0.0;85.0
S ;Sul;Fio dagua                               ;JACUI          ;JIUHMC;MONTE CLARO         ;98;2026-07-12 23:59:00;148.51;107.05;155.31;389.0;397.0;281.0;111.0;6.0;0.0;80.0
S ;Sul;Fio dagua                               ;JACUI          ;JIUHMC;MONTE CLARO         ;98;2026-07-13 01:00:00;148.49;107.03;153.09;384.0;392.0;283.0;104.0;6.0;0.0;78.0
S ;Sul;Fio dagua                               ;JACUI          ;JIUHMC;MONTE CLARO         ;98;2026-07-13 02:00:00;148.48;107.02;151.98;385.0;390.0;283.0;101.0;6.0;0.0;78.0
S ;Sul;Fio dagua                               ;JACUI          ;JIUHMC;MONTE CLARO         ;98;2026-07-13 03:00:00;148.47;107.04;150.87;383.0;387.0;283.0;98.0;6.0;0.0;78.0
S ;Sul;Fio dagua                               ;JACUI          ;JIUHMC;MONTE CLARO         ;98;2026-07-13 04:00:00;148.45;107.0;148.66;373.0;381.0;283.0;92.0;6.0;0.0;77.0
S ;Sul;Fio dagua                               ;JACUI          ;JIUHMC;MONTE CLARO         ;98;2026-07-13 05:00:00;148.44;106.99;147.55;374.0;378.0;283.0;90.0;6.0;0.0;77.0
S ;Sul;Fio dagua                               ;JACUI          ;JIUHMC;MONTE CLARO         ;98;2026-07-13 06:00:00;148.43;106.98;146.45;371.0;376.0;283.0;87.0;6.0;0.0;77.0
S ;Sul;Fio dagua                               ;JACUI          ;JIUHMC;MONTE CLARO         ;98;2026-07-13 07:00:00;148.43;106.94;146.45;365.0;365.0;273.0;87.0;6.0;0.0;86.0
S ;Sul;Fio dagua                               ;JACUI          ;JIUHMC;MONTE CLARO         ;98;2026-07-13 08:00:00;148.42;106.94;145.35;363.0;367.0;278.0;84.0;6.0;0.0;83.0
S ;Sul;Fio dagua                               ;JACUI          ;JIUHMC;MONTE CLARO         ;98;2026-07-13 09:00:00;148.41;106.94;144.25;363.0;367.0;280.0;81.0;6.0;0.0;81.0
S ;Sul;Fio dagua                               ;JACUI          ;JIUHMC;MONTE CLARO         ;98;2026-07-13 10:00:00;148.39;106.92;142.05;353.0;362.0;280.0;76.0;6.0;0.0;76.0
S ;Sul;Fio dagua                               ;JACUI          ;JIUHMC;MONTE CLARO         ;98;2026-07-13 11:00:00;148.38;106.93;140.95;357.0;361.0;282.0;73.0;6.0;0.0;73.0
S ;Sul;Fio dagua                               ;JACUI          ;JIUHMC;MONTE CLARO         ;98;2026-07-13 12:00:00;148.37;106.91;139.85;354.0;358.0;282.0;71.0;6.0;0.0;70.0
S ;Sul;Fio dagua                               ;JACUI          ;JIUHMC;MONTE CLARO         ;98;2026-07-13 13:00:00;148.36;106.9;138.75;352.0;356.0;282.0;68.0;6.0;0.0;68.0
S ;Sul;Fio dagua                               ;JACUI          ;JIUHMC;MONTE CLARO         ;98;2026-07-13 14:00:00;148.34;106.88;136.57;343.0;351.0;282.0;64.0;6.0;0.0;63.0
S ;Sul;Fio dagua                               ;JACUI          ;JIUHMC;MONTE CLARO         ;98;2026-07-13 15:00:00;148.34;106.88;136.57;349.0;349.0;280.0;64.0;6.0;0.0;63.0
S ;Sul;Fio dagua                               ;JACUI          ;JIUHMC;MONTE CLARO         ;98;2026-07-13 16:00:00;148.32;106.85;134.38;338.0;347.0;282.0;59.0;6.0;0.0;59.0
S ;Sul;Fio dagua                               ;JACUI          ;JIUHMC;MONTE CLARO         ;98;2026-07-13 17:00:00;148.31;106.82;133.29;340.0;345.0;282.0;57.0;6.0;0.0;57.0
S ;Sul;Fio dagua                               ;JACUI          ;JIUHMC;MONTE CLARO         ;98;2026-07-13 18:00:00;148.3;106.85;132.2;338.0;343.0;282.0;55.0;6.0;0.0;55.0
S ;Sul;Fio dagua                               ;JACUI          ;JIUHMC;MONTE CLARO         ;98;2026-07-13 19:00:00;148.29;106.83;131.11;336.0;340.0;282.0;53.0;6.0;0.0;52.0
S ;Sul;Fio dagua                               ;JACUI          ;JIUHMC;MONTE CLARO         ;98;2026-07-13 20:00:00;148.27;106.83;128.94;328.0;336.0;282.0;49.0;6.0;0.0;48.0
S ;Sul;Fio dagua                               ;JACUI          ;JIUHMC;MONTE CLARO         ;98;2026-07-13 21:00:00;148.26;106.82;127.85;330.0;334.0;282.0;47.0;6.0;0.0;47.0
S ;Sul;Fio dagua                               ;JACUI          ;JIUHMC;MONTE CLARO         ;98;2026-07-13 22:00:00;148.25;106.81;126.77;328.0;333.0;282.0;45.0;6.0;0.0;45.0
S ;Sul;Fio dagua                               ;JACUI          ;JIUHMC;MONTE CLARO         ;98;2026-07-13 23:00:00;148.24;106.79;125.68;326.0;331.0;282.0;43.0;6.0;0.0;43.0
S ;Sul;Fio dagua                               ;JACUI          ;JIUHMC;MONTE CLARO         ;98;2026-07-13 23:59:00;148.22;106.78;123.52;319.0;327.0;282.0;40.0;6.0;0.0;39.0
S ;Sul;Fio dagua                               ;JACUI          ;JIUHMC;MONTE CLARO         ;98;2026-07-14 01:00:00;148.21;106.77;122.44;321.0;325.0;282.0;38.0;6.0;0.0;37.0
S ;Sul;Fio dagua                               ;JACUI          ;JIUHMC;MONTE CLARO         ;98;2026-07-14 02:00:00;148.2;106.78;121.36;320.0;324.0;282.0;36.0;6.0;0.0;36.0
S ;Sul;Fio dagua                               ;JACUI          ;JIUHMC;MONTE CLARO         ;98;2026-07-14 03:00:00;148.19;106.76;120.28;318.0;322.0;282.0;34.0;6.0;0.0;34.0
S ;Sul;Fio dagua                               ;JACUI          ;JIUHMC;MONTE CLARO         ;98;2026-07-14 04:00:00;148.18;106.71;119.21;316.0;320.0;282.0;33.0;6.0;0.0;32.0
S ;Sul;Fio dagua                               ;JACUI          ;JIUHMC;MONTE CLARO         ;98;2026-07-14 05:00:00;148.17;106.74;118.13;315.0;319.0;282.0;31.0;6.0;0.0;31.0
S ;Sul;Fio dagua                               ;JACUI          ;JIUHMC;MONTE CLARO         ;98;2026-07-14 06:00:00;148.16;106.72;117.05;313.0;317.0;282.0;30.0;6.0;0.0;29.0
S ;Sul;Fio dagua                               ;JACUI          ;JIUHMC;MONTE CLARO         ;98;2026-07-14 07:00:00;148.15;106.71;115.98;311.0;316.0;282.0;28.0;6.0;0.0;28.0
S ;Sul;Fio dagua                               ;JACUI          ;JIUHMC;MONTE CLARO         ;98;2026-07-14 08:00:00;148.14;106.72;114.91;310.0;314.0;282.0;27.0;6.0;0.0;26.0
S ;Sul;Fio dagua                               ;JACUI          ;JIUHMC;MONTE CLARO         ;98;2026-07-14 09:00:00;148.31;106.19;133.29;353.0;282.0;220.0;57.0;6.0;0.0;13.0
S ;Sul;Fio dagua                               ;JACUI          ;JIUHMC;MONTE CLARO         ;98;2026-07-14 10:00:00;148.68;106.34;174.33;331.0;177.0;0.0;171.0;6.0;0.0;13.0
S ;Sul;Fio dagua                               ;JACUI          ;JIUHMC;MONTE CLARO         ;98;2026-07-14 11:00:00;148.83;105.02;191.33;303.0;240.0;0.0;235.0;6.0;0.0;13.0
S ;Sul;Fio dagua                               ;JACUI          ;JIUHMC;MONTE CLARO         ;98;2026-07-14 12:00:00;148.98;105.04;208.54;372.0;309.0;0.0;304.0;6.0;0.0;13.0
S ;Sul;Fio dagua                               ;JACUI          ;JIUHMC;MONTE CLARO         ;98;2026-07-14 13:00:00;148.92;105.93;201.63;256.0;281.0;0.0;275.0;6.0;0.0;275.0
S ;Sul;Fio dagua                               ;JACUI          ;JIUHMC;MONTE CLARO         ;98;2026-07-14 14:00:00;148.94;105.57;203.93;298.0;290.0;0.0;284.0;6.0;0.0;13.0
S ;Sul;Fio dagua                               ;JACUI          ;JIUHMC;MONTE CLARO         ;98;2026-07-14 15:00:00;148.94;105.66;203.93;290.0;290.0;0.0;284.0;6.0;0.0;13.0
S ;Sul;Fio dagua                               ;JACUI          ;JIUHMC;MONTE CLARO         ;98;2026-07-14 16:00:00;148.9;106.82;199.33;255.0;271.0;0.0;266.0;6.0;0.0;13.0
S ;Sul;Fio dagua                               ;JACUI          ;JIUHMC;MONTE CLARO         ;98;2026-07-14 17:00:00;148.59;107.47;164.22;266.0;395.0;252.0;138.0;6.0;0.0;111.0
S ;Sul;Fio dagua                               ;JACUI          ;JIUHMC;MONTE CLARO         ;98;2026-07-14 18:00:00;148.37;107.47;139.85;269.0;361.0;285.0;71.0;6.0;0.0;70.0
S ;Sul;Fio dagua                               ;JACUI          ;JIUHMC;MONTE CLARO         ;98;2026-07-14 19:00:00;148.25;107.25;126.77;285.0;335.0;284.0;45.0;6.0;0.0;45.0
S ;Sul;Fio dagua                               ;JACUI          ;JIUHMC;MONTE CLARO         ;98;2026-07-14 20:00:00;148.17;107.04;118.13;286.0;320.0;283.0;31.0;6.0;0.0;31.0
S ;Sul;Fio dagua                               ;JACUI          ;JIUHMC;MONTE CLARO         ;98;2026-07-14 21:00:00;148.13;106.92;113.84;297.0;313.0;282.0;25.0;6.0;0.0;25.0
S ;Sul;Fio dagua                               ;JACUI          ;JIUHMC;MONTE CLARO         ;98;2026-07-14 22:00:00;148.08;106.81;108.49;286.0;307.0;282.0;19.0;6.0;0.0;19.0
S ;Sul;Fio dagua                               ;JACUI          ;JIUHMC;MONTE CLARO         ;98;2026-07-14 23:00:00;148.06;106.78;106.37;297.0;305.0;282.0;17.0;6.0;0.0;17.0
S ;Sul;Fio dagua                               ;JACUI          ;JIUHMC;MONTE CLARO         ;98;2026-07-14 23:59:00;148.04;106.74;104.23;294.0;303.0;282.0;16.0;6.0;0.0;15.0
S ;Sul;Fio dagua                               ;JACUI          ;JIUHMC;MONTE CLARO         ;98;2026-07-15 01:00:00;147.88;106.72;87.39;235.0;301.0;282.0;13.0;6.0;0.0;13.0
S ;Sul;Fio dagua                               ;JACUI          ;JIUHMC;MONTE CLARO         ;98;2026-07-15 02:00:00;147.64;106.72;62.67;203.0;303.0;284.0;13.0;6.0;0.0;13.0
S ;Sul;Fio dagua                               ;JACUI          ;JIUHMC;MONTE CLARO         ;98;2026-07-15 03:00:00;147.4;106.64;38.61;201.0;301.0;282.0;13.0;6.0;0.0;13.0
S ;Sul;Fio dagua                               ;JACUI          ;JIUHMC;MONTE CLARO         ;98;2026-07-15 04:00:00;147.22;106.6;21.01;211.0;286.0;267.0;13.0;6.0;0.0;13.0
S ;Sul;Fio dagua                               ;JACUI          ;JIUHMC;MONTE CLARO         ;98;2026-07-15 05:00:00;147.06;106.5;5.67;189.0;255.0;237.0;13.0;6.0;0.0;13.0
S ;Sul;Fio dagua                               ;JACUI          ;JIUHMC;MONTE CLARO         ;98;2026-07-15 06:00:00;147.01;106.46;0.94;230.0;251.0;233.0;13.0;6.0;0.0;13.0
S ;Sul;Fio dagua                               ;JACUI          ;JIUHMC;MONTE CLARO         ;98;2026-07-15 07:00:00;147.0;106.17;0.0;190.0;194.0;175.0;13.0;6.0;0.0;13.0
S ;Sul;Fio dagua                               ;JACUI          ;JIUHMC;MONTE CLARO         ;98;2026-07-15 08:00:00;147.0;106.1;0.0;180.0;180.0;161.0;13.0;6.0;0.0;13.0
S ;Sul;Fio dagua                               ;JACUI          ;JIUHMC;MONTE CLARO         ;98;2026-07-15 09:00:00;147.25;106.15;23.91;128.0;23.0;5.0;13.0;6.0;0.0;13.0
S ;Sul;Fio dagua                               ;JACUI          ;JIUHMC;MONTE CLARO         ;98;2026-07-15 10:00:00;147.5;105.0;48.56;123.0;19.0;0.0;13.0;6.0;0.0;13.0
S ;Sul;Fio dagua                               ;JACUI          ;JIUHMC;MONTE CLARO         ;98;2026-07-15 11:00:00;147.73;104.7;71.87;115.0;19.0;0.0;13.0;6.0;0.0;13.0
S ;Sul;Fio dagua                               ;JACUI          ;JIUHMC;MONTE CLARO         ;98;2026-07-15 12:00:00;147.98;104.7;97.89;123.0;19.0;0.0;13.0;6.0;0.0;13.0
S ;Sul;Fio dagua                               ;JACUI          ;JIUHMC;MONTE CLARO         ;98;2026-07-15 13:00:00;148.33;104.6;135.48;213.0;67.0;0.0;61.0;6.0;0.0;13.0
S ;Sul;Fio dagua                               ;JACUI          ;JIUHMC;MONTE CLARO         ;98;2026-07-15 14:00:00;148.6;104.6;165.34;259.0;147.0;0.0;141.0;6.0;0.0;13.0
S ;Sul;Fio dagua                               ;JACUI          ;JIUHMC;MONTE CLARO         ;98;2026-07-15 15:00:00;148.76;104.6;183.37;277.0;210.0;0.0;205.0;6.0;0.0;13.0
S ;Sul;Fio dagua                               ;JACUI          ;JIUHMC;MONTE CLARO         ;98;2026-07-15 16:00:00;148.82;104.57;190.19;261.0;236.0;0.0;231.0;6.0;0.0;13.0
S ;Sul;Fio dagua                               ;JACUI          ;JIUHMC;MONTE CLARO         ;98;2026-07-15 17:00:00;148.84;105.55;192.47;253.0;245.0;0.0;239.0;6.0;0.0;13.0
S ;Sul;Fio dagua                               ;JACUI          ;JIUHMC;MONTE CLARO         ;98;2026-07-15 18:00:00;148.6;107.19;165.34;256.0;356.0;209.0;141.0;6.0;0.0;13.0
S ;Sul;Fio dagua                               ;JACUI          ;JIUHMC;MONTE CLARO         ;98;2026-07-15 19:00:00;148.33;107.37;135.48;239.0;352.0;285.0;61.0;6.0;0.0;13.0
S ;Sul;Fio dagua                               ;JACUI          ;JIUHMC;MONTE CLARO         ;98;2026-07-15 20:00:00;148.21;107.24;122.44;278.0;328.0;285.0;38.0;6.0;0.0;13.0
S ;Sul;Fio dagua                               ;JACUI          ;JIUHMC;MONTE CLARO         ;98;2026-07-15 21:00:00;148.12;107.03;112.76;276.0;314.0;284.0;24.0;6.0;0.0;13.0
S ;Sul;Fio dagua                               ;JACUI          ;JIUHMC;MONTE CLARO         ;98;2026-07-15 22:00:00;148.06;106.9;106.37;281.0;306.0;283.0;17.0;6.0;0.0;13.0
S ;Sul;Fio dagua                               ;JACUI          ;JIUHMC;MONTE CLARO         ;98;2026-07-15 23:00:00;148.0;106.8;100.0;277.0;302.0;283.0;13.0;6.0;0.0;13.0
S ;Sul;Fio dagua                               ;JACUI          ;JIUHMC;MONTE CLARO         ;98;2026-07-15 23:59:00;147.96;106.74;95.78;285.0;302.0;283.0;13.0;6.0;0.0;13.0
S ;Sul;Fio dagua                               ;JACUI          ;JIUHMC;MONTE CLARO         ;98;2026-07-16 01:00:00;147.91;106.51;90.53;226.0;247.0;228.0;13.0;6.0;0.0;13.0
S ;Sul;Fio dagua                               ;JACUI          ;JIUHMC;MONTE CLARO         ;98;2026-07-16 02:00:00;147.9;106.42;89.48;229.0;233.0;214.0;13.0;6.0;0.0;13.0
S ;Sul;Fio dagua                               ;JACUI          ;JIUHMC;MONTE CLARO         ;98;2026-07-16 03:00:00;147.84;106.39;83.23;208.0;233.0;214.0;13.0;6.0;0.0;13.0
S ;Sul;Fio dagua                               ;JACUI          ;JIUHMC;MONTE CLARO         ;98;2026-07-16 04:00:00;147.78;106.37;77.01;209.0;234.0;215.0;13.0;6.0;0.0;13.0
S ;Sul;Fio dagua                               ;JACUI          ;JIUHMC;MONTE CLARO         ;98;2026-07-16 05:00:00;147.74;106.35;72.89;217.0;234.0;215.0;13.0;6.0;0.0;13.0
S ;Sul;Fio dagua                               ;JACUI          ;JIUHMC;MONTE CLARO         ;98;2026-07-16 06:00:00;147.73;106.36;71.87;230.0;234.0;215.0;13.0;6.0;0.0;13.0
S ;Sul;Fio dagua                               ;JACUI          ;JIUHMC;MONTE CLARO         ;98;2026-07-16 07:00:00;147.71;106.32;69.82;225.0;234.0;215.0;13.0;6.0;0.0;13.0
S ;Sul;Fio dagua                               ;JACUI          ;JIUHMC;MONTE CLARO         ;98;2026-07-16 08:00:00;147.68;106.36;66.74;221.0;234.0;215.0;13.0;6.0;0.0;13.0
S ;Sul;Fio dagua                               ;JACUI          ;JIUHMC;MONTE CLARO         ;98;2026-07-16 09:00:00;147.73;105.84;71.87;185.0;164.0;145.0;13.0;6.0;0.0;13.0
S ;Sul;Fio dagua                               ;JACUI          ;JIUHMC;MONTE CLARO         ;98;2026-07-16 10:00:00;147.94;105.04;93.68;106.0;19.0;0.0;13.0;6.0;0.0;13.0
S ;Sul;Fio dagua                               ;JACUI          ;JIUHMC;MONTE CLARO         ;98;2026-07-16 11:00:00;148.1;104.65;110.63;94.0;27.0;0.0;22.0;6.0;0.0;21.0
S ;Sul;Fio dagua                               ;JACUI          ;JIUHMC;MONTE CLARO         ;98;2026-07-16 12:00:00;148.3;104.65;132.2;144.0;61.0;0.0;55.0;6.0;0.0;55.0
S ;Sul;Fio dagua                               ;JACUI          ;JIUHMC;MONTE CLARO         ;98;2026-07-16 13:00:00;148.38;104.63;140.95;112.0;79.0;0.0;73.0;6.0;0.0;73.0
S ;Sul;Fio dagua                               ;JACUI          ;JIUHMC;MONTE CLARO         ;98;2026-07-16 14:00:00;148.42;104.6;145.35;106.0;90.0;0.0;84.0;6.0;0.0;84.0
S ;Sul;Fio dagua                               ;JACUI          ;JIUHMC;MONTE CLARO         ;98;2026-07-16 15:00:00;148.55;104.64;159.75;183.0;129.0;0.0;124.0;6.0;0.0;13.0
S ;Sul;Fio dagua                               ;JACUI          ;JIUHMC;MONTE CLARO         ;98;2026-07-16 16:00:00;148.87;104.93;195.9;391.0;258.0;0.0;252.0;6.0;0.0;13.0
S ;Sul;Fio dagua                               ;JACUI          ;JIUHMC;MONTE CLARO         ;98;2026-07-16 17:00:00;148.78;105.36;185.64;182.0;219.0;0.0;214.0;6.0;0.0;13.0
S ;Sul;Fio dagua                               ;JACUI          ;JIUHMC;MONTE CLARO         ;98;2026-07-16 18:00:00;148.67;106.59;173.2;207.0;253.0;80.0;168.0;6.0;0.0;13.0
S ;Sul;Fio dagua                               ;JACUI          ;JIUHMC;MONTE CLARO         ;98;2026-07-16 19:00:00;148.45;107.15;148.66;248.0;339.0;241.0;92.0;6.0;0.0;13.0
S ;Sul;Fio dagua                               ;JACUI          ;JIUHMC;MONTE CLARO         ;98;2026-07-16 20:00:00;148.24;107.26;125.68;246.0;333.0;284.0;43.0;6.0;0.0;13.0
S ;Sul;Fio dagua                               ;JACUI          ;JIUHMC;MONTE CLARO         ;98;2026-07-16 21:00:00;148.13;107.08;113.84;269.0;315.0;284.0;25.0;6.0;0.0;13.0
S ;Sul;Fio dagua                               ;JACUI          ;JIUHMC;MONTE CLARO         ;98;2026-07-16 22:00:00;148.05;106.93;105.3;272.0;306.0;284.0;16.0;6.0;0.0;13.0
S ;Sul;Fio dagua                               ;JACUI          ;JIUHMC;MONTE CLARO         ;98;2026-07-16 23:00:00;147.98;106.85;97.89;273.0;302.0;283.0;13.0;6.0;0.0;13.0
S ;Sul;Fio dagua                               ;JACUI          ;JIUHMC;MONTE CLARO         ;98;2026-07-16 23:59:00;147.92;106.72;91.58;277.0;302.0;283.0;13.0;6.0;0.0;13.0
S ;Sul;Fio dagua                               ;JACUI          ;JIUHMC;MONTE CLARO         ;98;2026-07-17 01:00:00;147.85;106.49;84.27;226.0;255.0;236.0;13.0;6.0;0.0;13.0
S ;Sul;Fio dagua                               ;JACUI          ;JIUHMC;MONTE CLARO         ;98;2026-07-17 02:00:00;147.83;106.41;82.19;226.0;234.0;215.0;13.0;6.0;0.0;13.0
S ;Sul;Fio dagua                               ;JACUI          ;JIUHMC;MONTE CLARO         ;98;2026-07-17 03:00:00;147.78;106.78;77.01;216.0;236.0;217.0;13.0;6.0;0.0;13.0
S ;Sul;Fio dagua                               ;JACUI          ;JIUHMC;MONTE CLARO         ;98;2026-07-17 04:00:00;147.73;106.38;71.87;214.0;234.0;216.0;13.0;6.0;0.0;13.0
S ;Sul;Fio dagua                               ;JACUI          ;JIUHMC;MONTE CLARO         ;98;2026-07-17 05:00:00;147.67;106.36;65.73;210.0;235.0;216.0;13.0;6.0;0.0;13.0
S ;Sul;Fio dagua                               ;JACUI          ;JIUHMC;MONTE CLARO         ;98;2026-07-17 06:00:00;147.62;106.36;60.64;214.0;235.0;216.0;13.0;6.0;0.0;13.0
S ;Sul;Fio dagua                               ;JACUI          ;JIUHMC;MONTE CLARO         ;98;2026-07-17 07:00:00;147.57;106.38;55.59;215.0;236.0;217.0;13.0;6.0;0.0;13.0
S ;Sul;Fio dagua                               ;JACUI          ;JIUHMC;MONTE CLARO         ;98;2026-07-17 08:00:00;147.65;105.95;63.69;199.0;166.0;147.0;13.0;6.0;0.0;13.0
S ;Sul;Fio dagua                               ;JACUI          ;JIUHMC;MONTE CLARO         ;98;2026-07-17 09:00:00;147.8;105.1;79.08;81.0;19.0;0.0;13.0;6.0;0.0;13.0
S ;Sul;Fio dagua                               ;JACUI          ;JIUHMC;MONTE CLARO         ;98;2026-07-17 10:00:00;147.99;104.8;98.94;98.0;19.0;0.0;13.0;6.0;0.0;13.0
S ;Sul;Fio dagua                               ;JACUI          ;JIUHMC;MONTE CLARO         ;98;2026-07-17 11:00:00;148.2;104.7;121.36;129.0;42.0;0.0;36.0;6.0;0.0;36.0
S ;Sul;Fio dagua                               ;JACUI          ;JIUHMC;MONTE CLARO         ;98;2026-07-17 12:00:00;148.3;104.65;132.2;102.0;61.0;0.0;55.0;6.0;0.0;55.0
S ;Sul;Fio dagua                               ;JACUI          ;JIUHMC;MONTE CLARO         ;98;2026-07-17 13:00:00;148.4;104.6;143.15;126.0;84.0;0.0;79.0;6.0;0.0;78.0
S ;Sul;Fio dagua                               ;JACUI          ;JIUHMC;MONTE CLARO         ;98;2026-07-17 14:00:00;148.43;104.6;146.45;105.0;92.0;0.0;87.0;6.0;0.0;86.0
S ;Sul;Fio dagua                               ;JACUI          ;JIUHMC;MONTE CLARO         ;98;2026-07-17 15:00:00;148.43;104.6;146.45;92.0;92.0;0.0;87.0;6.0;0.0;13.0
S ;Sul;Fio dagua                               ;JACUI          ;JIUHMC;MONTE CLARO         ;98;2026-07-17 16:00:00;148.44;104.89;147.55;99.0;95.0;0.0;90.0;6.0;0.0;13.0
S ;Sul;Fio dagua                               ;JACUI          ;JIUHMC;MONTE CLARO         ;98;2026-07-17 17:00:00;148.44;105.24;147.55;95.0;95.0;0.0;90.0;6.0;0.0;13.0
S ;Sul;Fio dagua                               ;JACUI          ;JIUHMC;MONTE CLARO         ;98;2026-07-17 18:00:00;148.23;106.43;124.6;122.0;210.0;163.0;41.0;6.0;0.0;41.0
S ;Sul;Fio dagua                               ;JACUI          ;JIUHMC;MONTE CLARO         ;98;2026-07-17 19:00:00;148.1;106.6;110.63;161.0;215.0;188.0;22.0;6.0;0.0;21.0
S ;Sul;Fio dagua                               ;JACUI          ;JIUHMC;MONTE CLARO         ;98;2026-07-17 20:00:00;148.07;106.52;107.42;200.0;212.0;188.0;18.0;6.0;0.0;18.0
S ;Sul;Fio dagua                               ;JACUI          ;JIUHMC;MONTE CLARO         ;98;2026-07-17 21:00:00;148.04;106.46;104.23;197.0;209.0;188.0;16.0;6.0;0.0;15.0
S ;Sul;Fio dagua                               ;JACUI          ;JIUHMC;MONTE CLARO         ;98;2026-07-17 22:00:00;147.99;106.43;98.94;197.0;218.0;199.0;13.0;6.0;0.0;13.0
S ;Sul;Fio dagua                               ;JACUI          ;JIUHMC;MONTE CLARO         ;98;2026-07-17 23:00:00;147.9;106.49;89.48;181.0;219.0;200.0;13.0;6.0;0.0;13.0
S ;Sul;Fio dagua                               ;JACUI          ;JIUHMC;MONTE CLARO         ;98;2026-07-17 23:59:00;147.71;106.61;69.82;205.0;284.0;265.0;13.0;6.0;0.0;13.0
S ;Sul;Fio dagua                               ;JACUI          ;JIUHMC;MONTE CLARO         ;98;2026-07-18 01:00:00;147.37;106.67;35.65;164.0;306.0;287.0;13.0;6.0;0.0;13.0
S ;Sul;Fio dagua                               ;JACUI          ;JIUHMC;MONTE CLARO         ;98;2026-07-18 02:00:00;147.09;106.78;8.52;192.0;308.0;290.0;13.0;6.0;0.0;13.0
S ;Sul;Fio dagua                               ;JACUI          ;JIUHMC;MONTE CLARO         ;98;2026-07-18 03:00:00;147.0;106.67;0.0;270.0;308.0;289.0;13.0;6.0;0.0;13.0
S ;Sul;Fio dagua                               ;JACUI          ;JIUHMC;MONTE CLARO         ;98;2026-07-18 04:00:00;147.0;106.44;0.0;244.0;244.0;225.0;13.0;6.0;0.0;13.0
S ;Sul;Fio dagua                               ;JACUI          ;JIUHMC;MONTE CLARO         ;98;2026-07-18 05:00:00;147.0;105.36;0.0;49.0;49.0;31.0;13.0;6.0;0.0;13.0
S ;Sul;Fio dagua                               ;JACUI          ;JIUHMC;MONTE CLARO         ;98;2026-07-18 06:00:00;147.0;104.96;0.0;19.0;19.0;0.0;13.0;6.0;0.0;13.0
S ;Sul;Fio dagua                               ;JACUI          ;JIUHMC;MONTE CLARO         ;98;2026-07-18 07:00:00;147.12;104.7;11.38;69.0;19.0;0.0;13.0;6.0;0.0;13.0
S ;Sul;Fio dagua                               ;JACUI          ;JIUHMC;MONTE CLARO         ;98;2026-07-18 08:00:00;147.38;104.59;36.64;127.0;19.0;0.0;13.0;6.0;0.0;13.0
S ;Sul;Fio dagua                               ;JACUI          ;JIUHMC;MONTE CLARO         ;98;2026-07-18 09:00:00;147.57;104.55;55.59;98.0;19.0;0.0;13.0;6.0;0.0;13.0
S ;Sul;Fio dagua                               ;JACUI          ;JIUHMC;MONTE CLARO         ;98;2026-07-18 10:00:00;147.75;104.57;73.92;94.0;19.0;0.0;13.0;6.0;0.0;13.0
S ;Sul;Fio dagua                               ;JACUI          ;JIUHMC;MONTE CLARO         ;98;2026-07-18 11:00:00;147.94;104.53;93.68;98.0;19.0;0.0;13.0;6.0;0.0;13.0
S ;Sul;Fio dagua                               ;JACUI          ;JIUHMC;MONTE CLARO         ;98;2026-07-18 12:00:00;148.18;104.54;119.21;138.0;38.0;0.0;33.0;6.0;0.0;13.0
S ;Sul;Fio dagua                               ;JACUI          ;JIUHMC;MONTE CLARO         ;98;2026-07-18 13:00:00;148.25;104.56;126.77;80.0;51.0;0.0;45.0;6.0;0.0;13.0
S ;Sul;Fio dagua                               ;JACUI          ;JIUHMC;MONTE CLARO         ;98;2026-07-18 14:00:00;148.32;104.53;134.38;94.0;65.0;0.0;59.0;6.0;0.0;13.0
S ;Sul;Fio dagua                               ;JACUI          ;JIUHMC;MONTE CLARO         ;98;2026-07-18 15:00:00;148.38;104.54;140.95;104.0;79.0;0.0;73.0;6.0;0.0;73.0
S ;Sul;Fio dagua                               ;JACUI          ;JIUHMC;MONTE CLARO         ;98;2026-07-18 16:00:00;148.4;104.56;143.15;93.0;84.0;0.0;79.0;6.0;0.0;78.0
S ;Sul;Fio dagua                               ;JACUI          ;JIUHMC;MONTE CLARO         ;98;2026-07-18 17:00:00;148.31;105.31;133.29;68.0;106.0;43.0;57.0;6.0;0.0;57.0
S ;Sul;Fio dagua                               ;JACUI          ;JIUHMC;MONTE CLARO         ;98;2026-07-18 18:00:00;148.22;106.51;123.52;233.0;271.0;226.0;40.0;6.0;0.0;39.0
S ;Sul;Fio dagua                               ;JACUI          ;JIUHMC;MONTE CLARO         ;98;2026-07-18 19:00:00;148.09;106.82;109.55;247.0;301.0;275.0;20.0;6.0;0.0;20.0
S ;Sul;Fio dagua                               ;JACUI          ;JIUHMC;MONTE CLARO         ;98;2026-07-18 20:00:00;147.99;106.89;98.94;260.0;302.0;283.0;13.0;6.0;0.0;13.0
S ;Sul;Fio dagua                               ;JACUI          ;JIUHMC;MONTE CLARO         ;98;2026-07-18 21:00:00;147.91;106.77;90.53;268.0;302.0;283.0;13.0;6.0;0.0;13.0
S ;Sul;Fio dagua                               ;JACUI          ;JIUHMC;MONTE CLARO         ;98;2026-07-18 22:00:00;147.82;106.72;81.15;264.0;302.0;283.0;13.0;6.0;0.0;13.0
S ;Sul;Fio dagua                               ;JACUI          ;JIUHMC;MONTE CLARO         ;98;2026-07-18 23:00:00;147.73;106.66;71.87;264.0;302.0;283.0;13.0;6.0;0.0;13.0
S ;Sul;Fio dagua                               ;JACUI          ;JIUHMC;MONTE CLARO         ;98;2026-07-18 23:59:00;147.63;106.67;61.66;261.0;302.0;284.0;13.0;6.0;0.0;13.0
S ;Sul;Fio dagua                               ;JACUI          ;JIUHMC;MONTE CLARO         ;98;2026-07-19 01:00:00;147.53;106.67;51.56;261.0;303.0;284.0;13.0;6.0;0.0;13.0
S ;Sul;Fio dagua                               ;JACUI          ;JIUHMC;MONTE CLARO         ;98;2026-07-19 02:00:00;147.45;106.12;43.57;178.0;211.0;192.0;13.0;6.0;0.0;13.0
S ;Sul;Fio dagua                               ;JACUI          ;JIUHMC;MONTE CLARO         ;98;2026-07-19 03:00:00;147.35;106.03;33.68;140.0;182.0;163.0;13.0;6.0;0.0;13.0
S ;Sul;Fio dagua                               ;JACUI          ;JIUHMC;MONTE CLARO         ;98;2026-07-19 04:00:00;147.39;106.07;37.62;210.0;194.0;175.0;13.0;6.0;0.0;13.0
S ;Sul;Fio dagua                               ;JACUI          ;JIUHMC;MONTE CLARO         ;98;2026-07-19 05:00:00;147.43;106.2;41.58;38.0;21.0;2.0;13.0;6.0;0.0;13.0
S ;Sul;Fio dagua                               ;JACUI          ;JIUHMC;MONTE CLARO         ;98;2026-07-19 06:00:00;147.56;104.8;54.58;73.0;19.0;0.0;13.0;6.0;0.0;13.0
S ;Sul;Fio dagua                               ;JACUI          ;JIUHMC;MONTE CLARO         ;98;2026-07-19 07:00:00;147.72;104.67;70.84;86.0;19.0;0.0;13.0;6.0;0.0;13.0
S ;Sul;Fio dagua                               ;JACUI          ;JIUHMC;MONTE CLARO         ;98;2026-07-19 08:00:00;147.91;104.54;90.53;98.0;19.0;0.0;13.0;6.0;0.0;13.0
S ;Sul;Fio dagua                               ;JACUI          ;JIUHMC;MONTE CLARO         ;98;2026-07-19 09:00:00;148.1;104.52;110.63;106.0;27.0;0.0;22.0;6.0;0.0;21.0
S ;Sul;Fio dagua                               ;JACUI          ;JIUHMC;MONTE CLARO         ;98;2026-07-19 10:00:00;148.22;104.54;123.52;95.0;45.0;0.0;40.0;6.0;0.0;39.0
S ;Sul;Fio dagua                               ;JACUI          ;JIUHMC;MONTE CLARO         ;98;2026-07-19 11:00:00;148.29;104.54;131.11;88.0;58.0;0.0;53.0;6.0;0.0;52.0
S ;Sul;Fio dagua                               ;JACUI          ;JIUHMC;MONTE CLARO         ;98;2026-07-19 12:00:00;148.33;104.56;135.48;84.0;67.0;0.0;61.0;6.0;0.0;61.0
S ;Sul;Fio dagua                               ;JACUI          ;JIUHMC;MONTE CLARO         ;98;2026-07-19 13:00:00;148.36;104.54;138.75;86.0;74.0;0.0;68.0;6.0;0.0;68.0
S ;Sul;Fio dagua                               ;JACUI          ;JIUHMC;MONTE CLARO         ;98;2026-07-19 14:00:00;148.52;104.65;156.41;186.0;119.0;0.0;114.0;6.0;0.0;113.0
S ;Sul;Fio dagua                               ;JACUI          ;JIUHMC;MONTE CLARO         ;98;2026-07-19 15:00:00;148.57;104.56;161.99;157.0;136.0;0.0;130.0;6.0;0.0;13.0
S ;Sul;Fio dagua                               ;JACUI          ;JIUHMC;MONTE CLARO         ;98;2026-07-19 16:00:00;148.6;105.24;165.34;159.0;147.0;0.0;141.0;6.0;0.0;13.0
S ;Sul;Fio dagua                               ;JACUI          ;JIUHMC;MONTE CLARO         ;98;2026-07-19 17:00:00;148.62;105.62;167.58;162.0;154.0;0.0;148.0;6.0;0.0;13.0
S ;Sul;Fio dagua                               ;JACUI          ;JIUHMC;MONTE CLARO         ;98;2026-07-19 18:00:00;148.33;106.89;135.48;162.0;283.0;216.0;61.0;6.0;0.0;61.0
S ;Sul;Fio dagua                               ;JACUI          ;JIUHMC;MONTE CLARO         ;98;2026-07-19 19:00:00;148.02;107.03;102.12;172.0;302.0;282.0;14.0;6.0;0.0;14.0
S ;Sul;Fio dagua                               ;JACUI          ;JIUHMC;MONTE CLARO         ;98;2026-07-19 20:00:00;147.83;107.03;82.19;222.0;302.0;283.0;13.0;6.0;0.0;13.0
S ;Sul;Fio dagua                               ;JACUI          ;JIUHMC;MONTE CLARO         ;98;2026-07-19 21:00:00;147.6;106.9;58.61;208.0;303.0;285.0;13.0;6.0;0.0;13.0
S ;Sul;Fio dagua                               ;JACUI          ;JIUHMC;MONTE CLARO         ;98;2026-07-19 22:00:00;147.35;106.77;33.68;200.0;304.0;285.0;13.0;6.0;0.0;13.0
S ;Sul;Fio dagua                               ;JACUI          ;JIUHMC;MONTE CLARO         ;98;2026-07-19 23:00:00;147.08;106.7;7.57;190.0;303.0;284.0;13.0;6.0;0.0;13.0
S ;Sul;Fio dagua                               ;JACUI          ;JIUHMC;MONTE CLARO         ;98;2026-07-19 23:59:00;147.0;106.69;0.0;260.0;294.0;275.0;13.0;6.0;0.0;13.0
S ;Sul;Fio dagua                               ;JACUI          ;JIUHMC;MONTE CLARO         ;98;2026-07-20 01:00:00;147.0;105.98;0.0;141.0;141.0;122.0;13.0;6.0;0.0;13.0
S ;Sul;Fio dagua                               ;JACUI          ;JIUHMC;MONTE CLARO         ;98;2026-07-20 02:00:00;147.0;105.77;0.0;126.0;126.0;108.0;13.0;6.0;0.0;13.0
S ;Sul;Fio dagua                               ;JACUI          ;JIUHMC;MONTE CLARO         ;98;2026-07-20 03:00:00;147.01;105.72;0.94;130.0;126.0;107.0;13.0;6.0;0.0;13.0
S ;Sul;Fio dagua                               ;JACUI          ;JIUHMC;MONTE CLARO         ;98;2026-07-20 04:00:00;147.13;105.69;12.35;176.0;126.0;107.0;13.0;6.0;0.0;13.0
S ;Sul;Fio dagua                               ;JACUI          ;JIUHMC;MONTE CLARO         ;98;2026-07-20 05:00:00;147.14;105.9;13.3;173.0;169.0;151.0;13.0;6.0;0.0;13.0
S ;Sul;Fio dagua                               ;JACUI          ;JIUHMC;MONTE CLARO         ;98;2026-07-20 06:00:00;147.11;106.04;10.43;181.0;194.0;175.0;13.0;6.0;0.0;13.0
S ;Sul;Fio dagua                               ;JACUI          ;JIUHMC;MONTE CLARO         ;98;2026-07-20 07:00:00;147.07;106.08;6.62;177.0;194.0;175.0;13.0;6.0;0.0;13.0
S ;Sul;Fio dagua                               ;JACUI          ;JIUHMC;MONTE CLARO         ;98;2026-07-20 08:00:00;147.28;105.2;26.83;186.0;98.0;80.0;13.0;6.0;0.0;13.0
S ;Sul;Fio dagua                               ;JACUI          ;JIUHMC;MONTE CLARO         ;98;2026-07-20 09:00:00;147.55;104.95;53.57;131.0;19.0;0.0;13.0;6.0;0.0;13.0
S ;Sul;Fio dagua                               ;JACUI          ;JIUHMC;MONTE CLARO         ;98;2026-07-20 10:00:00;147.8;104.74;79.08;123.0;19.0;0.0;13.0;6.0;0.0;13.0
S ;Sul;Fio dagua                               ;JACUI          ;JIUHMC;MONTE CLARO         ;98;2026-07-20 11:00:00;148.11;104.74;111.69;157.0;28.0;0.0;23.0;6.0;0.0;22.0
S ;Sul;Fio dagua                               ;JACUI          ;JIUHMC;MONTE CLARO         ;98;2026-07-20 12:00:00;148.38;104.7;140.95;191.0;79.0;0.0;73.0;6.0;0.0;73.0
S ;Sul;Fio dagua                               ;JACUI          ;JIUHMC;MONTE CLARO         ;98;2026-07-20 13:00:00;148.51;104.82;155.31;170.0;116.0;0.0;111.0;6.0;0.0;110.0
S ;Sul;Fio dagua                               ;JACUI          ;JIUHMC;MONTE CLARO         ;98;2026-07-20 14:00:00;148.57;104.89;161.99;161.0;136.0;0.0;130.0;6.0;0.0;130.0
S ;Sul;Fio dagua                               ;JACUI          ;JIUHMC;MONTE CLARO         ;98;2026-07-20 15:00:00;148.62;104.96;167.58;175.0;154.0;0.0;148.0;6.0;0.0;148.0
S ;Sul;Fio dagua                               ;JACUI          ;JIUHMC;MONTE CLARO         ;98;2026-07-20 16:00:00;148.7;105.6;176.58;218.0;185.0;0.0;180.0;6.0;0.0;179.0
S ;Sul;Fio dagua                               ;JACUI          ;JIUHMC;MONTE CLARO         ;98;2026-07-20 17:00:00;148.51;107.0;155.31;266.0;345.0;229.0;111.0;6.0;0.0;110.0
S ;Sul;Fio dagua                               ;JACUI          ;JIUHMC;MONTE CLARO         ;98;2026-07-20 18:00:00;148.4;107.15;143.15;313.0;359.0;275.0;79.0;6.0;0.0;78.0
S ;Sul;Fio dagua                               ;JACUI          ;JIUHMC;MONTE CLARO         ;98;2026-07-20 19:00:00;148.3;107.15;132.2;294.0;336.0;275.0;55.0;6.0;0.0;55.0
S ;Sul;Fio dagua                               ;JACUI          ;JIUHMC;MONTE CLARO         ;98;2026-07-20 20:00:00;148.2;107.1;121.36;275.0;317.0;276.0;36.0;6.0;0.0;36.0
S ;Sul;Fio dagua                               ;JACUI          ;JIUHMC;MONTE CLARO         ;98;2026-07-20 21:00:00;148.12;107.0;112.76;272.0;305.0;275.0;24.0;6.0;0.0;24.0
S ;Sul;Fio dagua                               ;JACUI          ;JIUHMC;MONTE CLARO         ;98;2026-07-20 22:00:00;148.04;106.9;104.23;263.0;296.0;275.0;16.0;6.0;0.0;15.0
S ;Sul;Fio dagua                               ;JACUI          ;JIUHMC;MONTE CLARO         ;98;2026-07-20 23:00:00;147.98;106.85;97.89;269.0;294.0;275.0;13.0;6.0;0.0;13.0
S ;Sul;Fio dagua                               ;JACUI          ;JIUHMC;MONTE CLARO         ;98;2026-07-20 23:59:00;147.92;106.81;91.58;269.0;294.0;275.0;13.0;6.0;0.0;13.0
S ;Sul;Fio dagua                               ;JACUI          ;JIUHMC;MONTE CLARO         ;98;2026-07-21 01:00:00;147.87;106.75;86.35;273.0;294.0;275.0;13.0;6.0;0.0;13.0
S ;Sul;Fio dagua                               ;JACUI          ;JIUHMC;MONTE CLARO         ;98;2026-07-21 02:00:00;147.83;106.69;82.19;278.0;295.0;276.0;13.0;6.0;0.0;13.0
S ;Sul;Fio dagua                               ;JACUI          ;JIUHMC;MONTE CLARO         ;98;2026-07-21 03:00:00;147.83;106.71;82.19;298.0;298.0;279.0;13.0;6.0;0.0;13.0
S ;Sul;Fio dagua                               ;JACUI          ;JIUHMC;MONTE CLARO         ;98;2026-07-21 04:00:00;147.84;106.71;83.23;304.0;300.0;281.0;13.0;6.0;0.0;13.0
S ;Sul;Fio dagua                               ;JACUI          ;JIUHMC;MONTE CLARO         ;98;2026-07-21 05:00:00;147.87;106.7;86.35;312.0;300.0;281.0;13.0;6.0;0.0;13.0
S ;Sul;Fio dagua                               ;JACUI          ;JIUHMC;MONTE CLARO         ;98;2026-07-21 06:00:00;147.89;106.7;88.44;308.0;299.0;280.0;13.0;6.0;0.0;13.0
S ;Sul;Fio dagua                               ;JACUI          ;JIUHMC;MONTE CLARO         ;98;2026-07-21 07:00:00;147.92;106.69;91.58;311.0;299.0;280.0;13.0;6.0;0.0;13.0
S ;Sul;Fio dagua                               ;JACUI          ;JIUHMC;MONTE CLARO         ;98;2026-07-21 08:00:00;148.07;106.36;107.42;322.0;259.0;236.0;18.0;6.0;0.0;13.0
S ;Sul;Fio dagua                               ;JACUI          ;JIUHMC;MONTE CLARO         ;98;2026-07-21 09:00:00;148.52;105.37;156.41;307.0;119.0;0.0;114.0;6.0;0.0;13.0
S ;Sul;Fio dagua                               ;JACUI          ;JIUHMC;MONTE CLARO         ;98;2026-07-21 10:00:00;148.77;105.18;184.51;319.0;215.0;0.0;209.0;6.0;0.0;13.0
S ;Sul;Fio dagua                               ;JACUI          ;JIUHMC;MONTE CLARO         ;98;2026-07-21 11:00:00;148.9;105.18;199.33;326.0;271.0;0.0;266.0;6.0;0.0;13.0
S ;Sul;Fio dagua                               ;JACUI          ;JIUHMC;MONTE CLARO         ;98;2026-07-21 12:00:00;148.98;106.08;208.54;342.0;309.0;0.0;304.0;6.0;0.0;13.0
S ;Sul;Fio dagua                               ;JACUI          ;JIUHMC;MONTE CLARO         ;98;2026-07-21 13:00:00;149.04;106.85;215.47;364.0;339.0;0.0;333.0;6.0;0.0;13.0
S ;Sul;Fio dagua                               ;JACUI          ;JIUHMC;MONTE CLARO         ;98;2026-07-21 14:00:00;149.11;107.03;223.59;404.0;375.0;0.0;369.0;6.0;0.0;13.0
S ;Sul;Fio dagua                               ;JACUI          ;JIUHMC;MONTE CLARO         ;98;2026-07-21 15:00:00;149.2;107.19;234.09;461.0;423.0;0.0;418.0;6.0;0.0;356.0
S ;Sul;Fio dagua                               ;JACUI          ;JIUHMC;MONTE CLARO         ;98;2026-07-21 16:00:00;149.6;108.02;281.41;911.0;745.0;0.0;739.0;6.0;0.0;366.0
S ;Sul;Fio dagua                               ;JACUI          ;JIUHMC;MONTE CLARO         ;98;2026-07-21 17:00:00;149.85;108.38;311.42;1476.0;1372.0;247.0;1120.0;6.0;0.0;120.0
S ;Sul;Fio dagua                               ;JACUI          ;JIUHMC;MONTE CLARO         ;98;2026-07-21 18:00:00;149.98;109.14;327.12;1840.0;1786.0;281.0;1499.0;6.0;0.0;91.0
S ;Sul;Fio dagua                               ;JACUI          ;JIUHMC;MONTE CLARO         ;98;2026-07-21 19:00:00;150.08;109.9;339.24;2321.0;2280.0;287.0;1988.0;6.0;0.0;91.0
S ;Sul;Fio dagua                               ;JACUI          ;JIUHMC;MONTE CLARO         ;98;2026-07-21 20:00:00;150.39;110.75;376.95;3085.0;2956.0;290.0;2660.0;6.0;0.0;92.0
S ;Sul;Fio dagua                               ;JACUI          ;JIUHMC;MONTE CLARO         ;98;2026-07-21 21:00:00;150.79;111.75;425.72;3783.0;3616.0;294.0;3316.0;6.0;0.0;94.0
S ;Sul;Fio dagua                               ;JACUI          ;JIUHMC;MONTE CLARO         ;98;2026-07-21 22:00:00;151.47;112.92;508.21;4658.0;4374.0;287.0;4082.0;6.0;0.0;106.0
S ;Sul;Fio dagua                               ;JACUI          ;JIUHMC;MONTE CLARO         ;98;2026-07-21 23:00:00;152.07;113.64;579.85;5492.0;5242.0;147.0;5090.0;6.0;0.0;248.0
S ;Sul;Fio dagua                               ;JACUI          ;JIUHMC;MONTE CLARO         ;98;2026-07-21 23:59:00;152.33;114.66;610.45;6047.0;5938.0;0.0;5933.0;6.0;0.0;402.0
S ;Sul;Fio dagua                               ;JACUI          ;JIUHMC;MONTE CLARO         ;98;2026-07-22 01:00:00;152.46;115.58;625.63;6286.0;6232.0;0.0;6227.0;6.0;0.0;410.0
S ;Sul;Fio dagua                               ;JACUI          ;JIUHMC;MONTE CLARO         ;98;2026-07-22 02:00:00;152.43;116.2;622.13;6909.0;6922.0;0.0;6916.0;6.0;0.0;417.0
S ;Sul;Fio dagua                               ;JACUI          ;JIUHMC;MONTE CLARO         ;98;2026-07-22 03:00:00;152.69;116.79;652.32;7498.0;7389.0;0.0;7384.0;6.0;0.0;421.0
S ;Sul;Fio dagua                               ;JACUI          ;JIUHMC;MONTE CLARO         ;98;2026-07-22 04:00:00;153.02;117.47;690.2;8871.0;8734.0;0.0;8728.0;6.0;0.0;425.0
S ;Sul;Fio dagua                               ;JACUI          ;JIUHMC;MONTE CLARO         ;98;2026-07-22 05:00:00;152.99;118.4;686.78;9561.0;9574.0;0.0;9568.0;6.0;0.0;436.0
S ;Sul;Fio dagua                               ;JACUI          ;JIUHMC;MONTE CLARO         ;98;2026-07-22 06:00:00;153.21;118.82;711.8;9999.0;9907.0;0.0;9902.0;6.0;0.0;438.0
S ;Sul;Fio dagua                               ;JACUI          ;JIUHMC;MONTE CLARO         ;98;2026-07-22 07:00:00;153.36;119.14;728.87;0.0;0.0;0.0;0.0;6.0;0.0;440.0
S ;Sul;Fio dagua                               ;JACUI          ;JIUHMC;MONTE CLARO         ;98;2026-07-22 08:00:00;153.39;119.32;732.25;0.0;0.0;0.0;0.0;6.0;0.0;442.0
S ;Sul;Fio dagua                               ;JACUI          ;JIUHMC;MONTE CLARO         ;98;2026-07-22 09:00:00;153.28;119.41;719.84;9969.0;0.0;0.0;0.0;6.0;0.0;445.0
S ;Sul;Fio dagua                               ;JACUI          ;JIUHMC;MONTE CLARO         ;98;2026-07-22 10:00:00;153.21;119.29;711.8;9878.0;9907.0;0.0;9902.0;6.0;0.0;444.0
S ;Sul;Fio dagua                               ;JACUI          ;JIUHMC;MONTE CLARO         ;98;2026-07-22 11:00:00;153.1;119.12;699.32;9694.0;9740.0;0.0;9734.0;6.0;0.0;443.0
S ;Sul;Fio dagua                               ;JACUI          ;JIUHMC;MONTE CLARO         ;98;2026-07-22 12:00:00;152.97;118.93;684.5;9490.0;9544.0;0.0;9538.0;6.0;0.0;443.0
S ;Sul;Fio dagua                               ;JACUI          ;JIUHMC;MONTE CLARO         ;98;2026-07-22 13:00:00;152.81;118.67;666.15;9239.0;9306.0;0.0;9300.0;6.0;0.0;441.0
S ;Sul;Fio dagua                               ;JACUI          ;JIUHMC;MONTE CLARO         ;98;2026-07-22 14:00:00;152.71;118.41;654.63;9117.0;9159.0;0.0;9153.0;6.0;0.0;439.0
S ;Sul;Fio dagua                               ;JACUI          ;JIUHMC;MONTE CLARO         ;98;2026-07-22 15:00:00;152.52;118.18;632.62;8804.0;8884.0;0.0;8878.0;6.0;0.0;439.0
S ;Sul;Fio dagua                               ;JACUI          ;JIUHMC;MONTE CLARO         ;98;2026-07-22 16:00:00;152.3;117.87;606.93;8480.0;8571.0;0.0;8566.0;6.0;0.0;438.0
S ;Sul;Fio dagua                               ;JACUI          ;JIUHMC;MONTE CLARO         ;98;2026-07-22 17:00:00;152.1;117.55;583.39;8210.0;8293.0;0.0;8288.0;6.0;0.0;436.0
S ;Sul;Fio dagua                               ;JACUI          ;JIUHMC;MONTE CLARO         ;98;2026-07-22 18:00:00;151.86;117.17;554.93;7856.0;7956.0;0.0;7950.0;6.0;0.0;435.0
S ;Sul;Fio dagua                               ;JACUI          ;JIUHMC;MONTE CLARO         ;98;2026-07-22 19:00:00;151.65;116.84;529.84;7575.0;7663.0;0.0;7657.0;6.0;0.0;433.0
S ;Sul;Fio dagua                               ;JACUI          ;JIUHMC;MONTE CLARO         ;98;2026-07-22 20:00:00;151.44;116.49;504.59;7286.0;7374.0;0.0;7368.0;6.0;0.0;432.0
S ;Sul;Fio dagua                               ;JACUI          ;JIUHMC;MONTE CLARO         ;98;2026-07-22 21:00:00;151.2;116.08;475.58;6951.0;7051.0;0.0;7046.0;6.0;0.0;430.0
S ;Sul;Fio dagua                               ;JACUI          ;JIUHMC;MONTE CLARO         ;98;2026-07-22 22:00:00;151.02;115.68;453.73;6745.0;6820.0;0.0;6815.0;6.0;0.0;427.0
S ;Sul;Fio dagua                               ;JACUI          ;JIUHMC;MONTE CLARO         ;98;2026-07-22 23:00:00;150.79;115.42;425.72;6442.0;6538.0;0.0;6533.0;6.0;0.0;427.0
S ;Sul;Fio dagua                               ;JACUI          ;JIUHMC;MONTE CLARO         ;98;2026-07-22 23:59:00;150.57;115.09;398.89;6186.0;6277.0;0.0;6272.0;6.0;0.0;425.0
S ;Sul;Fio dagua                               ;JACUI          ;JIUHMC;MONTE CLARO         ;98;2026-07-23 01:00:00;150.48;114.81;387.92;6131.0;6168.0;0.0;6168.0;0.0;0.0;423.0
S ;Sul;Fio dagua                               ;JACUI          ;JIUHMC;MONTE CLARO         ;98;2026-07-23 02:00:00;150.25;114.62;359.89;5823.0;5919.0;0.0;5913.0;6.0;0.0;424.0
S ;Sul;Fio dagua                               ;JACUI          ;JIUHMC;MONTE CLARO         ;98;2026-07-23 03:00:00;149.96;114.25;324.7;5495.0;5615.0;0.0;5610.0;6.0;0.0;423.0
S ;Sul;Fio dagua                               ;JACUI          ;JIUHMC;MONTE CLARO         ;98;2026-07-23 04:00:00;149.88;113.96;315.03;4769.0;4802.0;0.0;4797.0;6.0;0.0;421.0
S ;Sul;Fio dagua                               ;JACUI          ;JIUHMC;MONTE CLARO         ;98;2026-07-23 05:00:00;149.87;113.53;313.83;4056.0;4060.0;0.0;4055.0;6.0;0.0;416.0
S ;Sul;Fio dagua                               ;JACUI          ;JIUHMC;MONTE CLARO         ;98;2026-07-23 06:00:00;149.95;113.21;323.49;3849.0;3815.0;0.0;3810.0;6.0;0.0;412.0
S ;Sul;Fio dagua                               ;JACUI          ;JIUHMC;MONTE CLARO         ;98;2026-07-23 07:00:00;149.9;112.79;317.45;3643.0;3664.0;0.0;3658.0;6.0;0.0;408.0
S ;Sul;Fio dagua                               ;JACUI          ;JIUHMC;MONTE CLARO         ;98;2026-07-23 08:00:00;149.7;112.59;293.37;3411.0;3494.0;0.0;3489.0;6.0;0.0;408.0
S ;Sul;Fio dagua                               ;JACUI          ;JIUHMC;MONTE CLARO         ;98;2026-07-23 09:00:00;149.52;112.4;271.87;3276.0;3351.0;0.0;3345.0;6.0;0.0;408.0
S ;Sul;Fio dagua                               ;JACUI          ;JIUHMC;MONTE CLARO         ;98;2026-07-23 10:00:00;150.1;112.0;341.66;3151.0;2910.0;0.0;2904.0;6.0;0.0;398.0
S ;Sul;Fio dagua                               ;JACUI          ;JIUHMC;MONTE CLARO         ;98;2026-07-23 11:00:00;150.12;111.59;344.1;2936.0;2927.0;0.0;2922.0;6.0;0.0;393.0
S ;Sul;Fio dagua                               ;JACUI          ;JIUHMC;MONTE CLARO         ;98;2026-07-23 12:00:00;150.1;111.56;341.66;2901.0;2910.0;0.0;2904.0;6.0;0.0;393.0
S ;Sul;Fio dagua                               ;JACUI          ;JIUHMC;MONTE CLARO         ;98;2026-07-23 13:00:00;149.9;111.53;317.45;2655.0;2738.0;0.0;2732.0;6.0;0.0;395.0
S ;Sul;Fio dagua                               ;JACUI          ;JIUHMC;MONTE CLARO         ;98;2026-07-23 14:00:00;149.67;111.47;289.78;2515.0;2611.0;58.0;2547.0;6.0;0.0;338.0
S ;Sul;Fio dagua                               ;JACUI          ;JIUHMC;MONTE CLARO         ;98;2026-07-23 15:00:00;149.76;111.53;300.58;2286.0;2249.0;252.0;1991.0;6.0;0.0;144.0
S ;Sul;Fio dagua                               ;JACUI          ;JIUHMC;MONTE CLARO         ;98;2026-07-23 16:00:00;149.75;110.92;299.38;2284.0;2288.0;300.0;1983.0;6.0;0.0;91.0
S ;Sul;Fio dagua                               ;JACUI          ;JIUHMC;MONTE CLARO         ;98;2026-07-23 17:00:00;149.65;110.78;287.39;2170.0;2212.0;299.0;1907.0;6.0;0.0;91.0
S ;Sul;Fio dagua                               ;JACUI          ;JIUHMC;MONTE CLARO         ;98;2026-07-23 18:00:00;149.54;110.67;274.25;2085.0;2131.0;299.0;1826.0;6.0;0.0;91.0
S ;Sul;Fio dagua                               ;JACUI          ;JIUHMC;MONTE CLARO         ;98;2026-07-23 19:00:00;149.43;110.53;261.18;2008.0;2054.0;299.0;1750.0;6.0;0.0;91.0
S ;Sul;Fio dagua                               ;JACUI          ;JIUHMC;MONTE CLARO         ;98;2026-07-23 20:00:00;149.68;110.35;290.98;1940.0;1836.0;293.0;1537.0;6.0;0.0;92.0
S ;Sul;Fio dagua                               ;JACUI          ;JIUHMC;MONTE CLARO         ;98;2026-07-23 21:00:00;149.74;110.02;298.18;1903.0;1878.0;290.0;1582.0;6.0;0.0;92.0
S ;Sul;Fio dagua                               ;JACUI          ;JIUHMC;MONTE CLARO         ;98;2026-07-23 22:00:00;149.7;110.03;293.37;1831.0;1847.0;290.0;1552.0;6.0;0.0;93.0
S ;Sul;Fio dagua                               ;JACUI          ;JIUHMC;MONTE CLARO         ;98;2026-07-23 23:00:00;149.62;110.03;283.8;1756.0;1789.0;291.0;1493.0;6.0;0.0;92.0
S ;Sul;Fio dagua                               ;JACUI          ;JIUHMC;MONTE CLARO         ;98;2026-07-23 23:59:00;149.52;109.94;271.87;1677.0;1718.0;291.0;1422.0;6.0;0.0;92.0
S ;Sul;Fio dagua                               ;JACUI          ;JIUHMC;MONTE CLARO         ;98;2026-07-24 01:00:00;149.46;109.85;264.74;1652.0;1677.0;291.0;1381.0;6.0;0.0;93.0
S ;Sul;Fio dagua                               ;JACUI          ;JIUHMC;MONTE CLARO         ;98;2026-07-24 02:00:00;149.68;109.68;290.98;1651.0;1560.0;287.0;1267.0;6.0;0.0;93.0
S ;Sul;Fio dagua                               ;JACUI          ;JIUHMC;MONTE CLARO         ;98;2026-07-24 03:00:00;149.8;109.5;305.4;1562.0;1512.0;286.0;1221.0;6.0;0.0;91.0
S ;Sul;Fio dagua                               ;JACUI          ;JIUHMC;MONTE CLARO         ;98;2026-07-24 04:00:00;149.78;109.46;302.98;1487.0;1496.0;285.0;1205.0;6.0;0.0;92.0
S ;Sul;Fio dagua                               ;JACUI          ;JIUHMC;MONTE CLARO         ;98;2026-07-24 05:00:00;149.72;109.46;295.78;1426.0;1451.0;286.0;1160.0;6.0;0.0;92.0
S ;Sul;Fio dagua                               ;JACUI          ;JIUHMC;MONTE CLARO         ;98;2026-07-24 06:00:00;149.69;109.42;292.18;1417.0;1429.0;286.0;1138.0;6.0;0.0;91.0
S ;Sul;Fio dagua                               ;JACUI          ;JIUHMC;MONTE CLARO         ;98;2026-07-24 07:00:00;149.66;109.36;288.58;1395.0;1407.0;286.0;1116.0;6.0;0.0;91.0
S ;Sul;Fio dagua                               ;JACUI          ;JIUHMC;MONTE CLARO         ;98;2026-07-24 08:00:00;149.62;109.3;283.8;1361.0;1377.0;285.0;1087.0;6.0;0.0;92.0
S ;Sul;Fio dagua                               ;JACUI          ;JIUHMC;MONTE CLARO         ;98;2026-07-24 09:00:00;149.55;109.24;275.44;1163.0;1192.0;286.0;900.0;6.0;0.0;90.0
S ;Sul;Fio dagua                               ;JACUI          ;JIUHMC;MONTE CLARO         ;98;2026-07-24 10:00:00;149.5;109.2;269.49;1274.0;1295.0;286.0;1004.0;6.0;0.0;91.0
S ;Sul;Fio dagua                               ;JACUI          ;JIUHMC;MONTE CLARO         ;98;2026-07-24 11:00:00;149.46;109.17;264.74;1252.0;1269.0;286.0;977.0;6.0;0.0;91.0
S ;Sul;Fio dagua                               ;JACUI          ;JIUHMC;MONTE CLARO         ;98;2026-07-24 12:00:00;149.4;109.09;257.62;1206.0;1231.0;287.0;938.0;6.0;0.0;90.0
S ;Sul;Fio dagua                               ;JACUI          ;JIUHMC;MONTE CLARO         ;98;2026-07-24 13:00:00;149.35;109.05;251.72;1180.0;1201.0;289.0;907.0;6.0;0.0;88.0
S ;Sul;Fio dagua                               ;JACUI          ;JIUHMC;MONTE CLARO         ;98;2026-07-24 14:00:00;149.67;108.94;289.78;1142.0;1009.0;286.0;718.0;6.0;0.0;82.0
S ;Sul;Fio dagua                               ;JACUI          ;JIUHMC;MONTE CLARO         ;98;2026-07-24 15:00:00;149.75;108.67;299.38;1098.0;1065.0;283.0;776.0;6.0;0.0;81.0
S ;Sul;Fio dagua                               ;JACUI          ;JIUHMC;MONTE CLARO         ;98;2026-07-24 16:00:00;149.74;108.76;298.18;1054.0;1058.0;283.0;769.0;6.0;0.0;82.0
S ;Sul;Fio dagua                               ;JACUI          ;JIUHMC;MONTE CLARO         ;98;2026-07-24 17:00:00;149.71;108.75;294.58;1025.0;1038.0;285.0;747.0;6.0;0.0;80.0
S ;Sul;Fio dagua                               ;JACUI          ;JIUHMC;MONTE CLARO         ;98;2026-07-24 18:00:00;149.7;108.72;293.37;1025.0;1029.0;284.0;740.0;6.0;0.0;82.0
S ;Sul;Fio dagua                               ;JACUI          ;JIUHMC;MONTE CLARO         ;98;2026-07-24 19:00:00;149.68;108.7;290.98;1006.0;1014.0;284.0;725.0;6.0;0.0;81.0
S ;Sul;Fio dagua                               ;JACUI          ;JIUHMC;MONTE CLARO         ;98;2026-07-24 20:00:00;149.64;108.63;286.19;969.0;986.0;284.0;697.0;6.0;0.0;81.0
S ;Sul;Fio dagua                               ;JACUI          ;JIUHMC;MONTE CLARO         ;98;2026-07-24 21:00:00;149.61;108.59;282.6;952.0;965.0;284.0;676.0;6.0;0.0;81.0
S ;Sul;Fio dagua                               ;JACUI          ;JIUHMC;MONTE CLARO         ;98;2026-07-24 22:00:00;149.59;108.61;280.21;943.0;951.0;284.0;662.0;6.0;0.0;81.0
S ;Sul;Fio dagua                               ;JACUI          ;JIUHMC;MONTE CLARO         ;98;2026-07-24 23:00:00;149.57;108.57;277.83;929.0;937.0;284.0;648.0;6.0;0.0;81.0
S ;Sul;Fio dagua                               ;JACUI          ;JIUHMC;MONTE CLARO         ;98;2026-07-24 23:59:00;149.54;108.51;274.25;904.0;916.0;283.0;628.0;6.0;0.0;82.0
S ;Sul;Fio dagua                               ;JACUI          ;JIUHMC;MONTE CLARO         ;98;2026-07-25 01:00:00;149.52;108.46;271.87;894.0;903.0;283.0;614.0;6.0;0.0;81.0
S ;Sul;Fio dagua                               ;JACUI          ;JIUHMC;MONTE CLARO         ;98;2026-07-25 02:00:00;149.48;108.44;267.11;860.0;876.0;283.0;588.0;6.0;0.0;81.0
S ;Sul;Fio dagua                               ;JACUI          ;JIUHMC;MONTE CLARO         ;98;2026-07-25 03:00:00;149.47;108.38;265.93;865.0;869.0;283.0;581.0;6.0;0.0;81.0
S ;Sul;Fio dagua                               ;JACUI          ;JIUHMC;MONTE CLARO         ;98;2026-07-25 04:00:00;149.46;108.34;264.74;859.0;863.0;283.0;575.0;6.0;0.0;81.0
S ;Sul;Fio dagua                               ;JACUI          ;JIUHMC;MONTE CLARO         ;98;2026-07-25 05:00:00;149.44;108.34;262.37;842.0;850.0;283.0;562.0;6.0;0.0;81.0
S ;Sul;Fio dagua                               ;JACUI          ;JIUHMC;MONTE CLARO         ;98;2026-07-25 06:00:00;149.42;108.3;259.99;829.0;837.0;283.0;549.0;6.0;0.0;81.0
S ;Sul;Fio dagua                               ;JACUI          ;JIUHMC;MONTE CLARO         ;98;2026-07-25 07:00:00;149.4;108.3;257.62;815.0;824.0;282.0;536.0;6.0;0.0;82.0
S ;Sul;Fio dagua                               ;JACUI          ;JIUHMC;MONTE CLARO         ;98;2026-07-25 08:00:00;149.57;107.65;277.83;871.0;800.0;147.0;648.0;6.0;0.0;14.0
S ;Sul;Fio dagua                               ;JACUI          ;JIUHMC;MONTE CLARO         ;98;2026-07-25 09:00:00;149.75;107.6;299.38;857.0;782.0;0.0;776.0;6.0;0.0;14.0
S ;Sul;Fio dagua                               ;JACUI          ;JIUHMC;MONTE CLARO         ;98;2026-07-25 10:00:00;149.8;107.8;305.4;840.0;820.0;0.0;814.0;6.0;0.0;14.0
S ;Sul;Fio dagua                               ;JACUI          ;JIUHMC;MONTE CLARO         ;98;2026-07-25 11:00:00;149.8;108.0;305.4;820.0;820.0;0.0;814.0;6.0;0.0;14.0
S ;Sul;Fio dagua                               ;JACUI          ;JIUHMC;MONTE CLARO         ;98;2026-07-25 12:00:00;149.75;108.05;299.38;761.0;782.0;0.0;776.0;6.0;0.0;14.0
S ;Sul;Fio dagua                               ;JACUI          ;JIUHMC;MONTE CLARO         ;98;2026-07-25 13:00:00;149.73;108.05;296.98;759.0;767.0;0.0;762.0;6.0;0.0;14.0
S ;Sul;Fio dagua                               ;JACUI          ;JIUHMC;MONTE CLARO         ;98;2026-07-25 14:00:00;149.7;108.0;293.37;733.0;745.0;0.0;740.0;6.0;0.0;14.0
S ;Sul;Fio dagua                               ;JACUI          ;JIUHMC;MONTE CLARO         ;98;2026-07-25 15:00:00;149.68;108.0;290.98;722.0;731.0;0.0;725.0;6.0;0.0;14.0
S ;Sul;Fio dagua                               ;JACUI          ;JIUHMC;MONTE CLARO         ;98;2026-07-25 16:00:00;149.67;107.96;289.78;719.0;723.0;0.0;718.0;6.0;0.0;14.0
S ;Sul;Fio dagua                               ;JACUI          ;JIUHMC;MONTE CLARO         ;98;2026-07-25 17:00:00;149.47;107.53;265.93;650.0;733.0;151.0;581.0;1.0;0.0;14.0
S ;Sul;Fio dagua                               ;JACUI          ;JIUHMC;MONTE CLARO         ;98;2026-07-25 18:00:00;149.28;108.5;243.48;676.0;755.0;286.0;464.0;6.0;0.0;81.0
S ;Sul;Fio dagua                               ;JACUI          ;JIUHMC;MONTE CLARO         ;98;2026-07-25 19:00:00;149.21;108.27;235.26;684.0;713.0;284.0;424.0;6.0;0.0;81.0
S ;Sul;Fio dagua                               ;JACUI          ;JIUHMC;MONTE CLARO         ;98;2026-07-25 20:00:00;149.18;108.07;231.76;683.0;695.0;283.0;407.0;6.0;0.0;81.0
S ;Sul;Fio dagua                               ;JACUI          ;JIUHMC;MONTE CLARO         ;98;2026-07-25 21:00:00;149.15;107.97;228.25;666.0;678.0;282.0;390.0;6.0;0.0;81.0
S ;Sul;Fio dagua                               ;JACUI          ;JIUHMC;MONTE CLARO         ;98;2026-07-25 22:00:00;149.13;107.92;225.92;659.0;668.0;282.0;380.0;6.0;0.0;81.0
S ;Sul;Fio dagua                               ;JACUI          ;JIUHMC;MONTE CLARO         ;98;2026-07-25 23:00:00;149.11;107.88;223.59;648.0;657.0;282.0;369.0;6.0;0.0;81.0
S ;Sul;Fio dagua                               ;JACUI          ;JIUHMC;MONTE CLARO         ;98;2026-07-25 23:59:00;149.1;107.84;222.43;647.0;651.0;282.0;364.0;6.0;0.0;81.0
S ;Sul;Fio dagua                               ;JACUI          ;JIUHMC;MONTE CLARO         ;98;2026-07-26 01:00:00;149.08;107.83;220.11;632.0;641.0;282.0;353.0;6.0;0.0;81.0
S ;Sul;Fio dagua                               ;JACUI          ;JIUHMC;MONTE CLARO         ;98;2026-07-26 02:00:00;149.06;107.79;217.78;622.0;630.0;282.0;343.0;6.0;0.0;81.0
S ;Sul;Fio dagua                               ;JACUI          ;JIUHMC;MONTE CLARO         ;98;2026-07-26 03:00:00;149.06;107.77;217.78;630.0;630.0;282.0;343.0;6.0;0.0;81.0
S ;Sul;Fio dagua                               ;JACUI          ;JIUHMC;MONTE CLARO         ;98;2026-07-26 04:00:00;149.05;107.76;216.63;621.0;625.0;282.0;338.0;6.0;0.0;81.0
S ;Sul;Fio dagua                               ;JACUI          ;JIUHMC;MONTE CLARO         ;98;2026-07-26 05:00:00;149.04;107.76;215.47;616.0;620.0;282.0;333.0;6.0;0.0;81.0
S ;Sul;Fio dagua                               ;JACUI          ;JIUHMC;MONTE CLARO         ;98;2026-07-26 06:00:00;149.03;107.74;214.31;611.0;615.0;282.0;328.0;6.0;0.0;81.0
S ;Sul;Fio dagua                               ;JACUI          ;JIUHMC;MONTE CLARO         ;98;2026-07-26 07:00:00;149.02;107.72;213.16;587.0;591.0;262.0;323.0;6.0;0.0;100.0
S ;Sul;Fio dagua                               ;JACUI          ;JIUHMC;MONTE CLARO         ;98;2026-07-26 08:00:00;149.38;106.87;255.26;679.0;529.0;0.0;524.0;6.0;0.0;352.0
S ;Sul;Fio dagua                               ;JACUI          ;JIUHMC;MONTE CLARO         ;98;2026-07-26 09:00:00;149.44;107.0;262.37;592.0;567.0;0.0;562.0;6.0;0.0;353.0
S ;Sul;Fio dagua                               ;JACUI          ;JIUHMC;MONTE CLARO         ;98;2026-07-26 10:00:00;149.47;107.3;265.93;599.0;587.0;0.0;581.0;6.0;0.0;355.0
S ;Sul;Fio dagua                               ;JACUI          ;JIUHMC;MONTE CLARO         ;98;2026-07-26 11:00:00;149.47;107.48;265.93;587.0;587.0;0.0;581.0;6.0;0.0;357.0
S ;Sul;Fio dagua                               ;JACUI          ;JIUHMC;MONTE CLARO         ;98;2026-07-26 12:00:00;149.46;107.54;264.74;576.0;580.0;0.0;575.0;6.0;0.0;357.0
S ;Sul;Fio dagua                               ;JACUI          ;JIUHMC;MONTE CLARO         ;98;2026-07-26 13:00:00;149.45;107.52;263.55;569.0;574.0;0.0;568.0;6.0;0.0;357.0
S ;Sul;Fio dagua                               ;JACUI          ;JIUHMC;MONTE CLARO         ;98;2026-07-26 14:00:00;149.44;107.54;262.37;563.0;567.0;0.0;562.0;6.0;0.0;357.0
S ;Sul;Fio dagua                               ;JACUI          ;JIUHMC;MONTE CLARO         ;98;2026-07-26 15:00:00;149.43;107.5;261.18;557.0;561.0;0.0;555.0;6.0;0.0;14.0
S ;Sul;Fio dagua                               ;JACUI          ;JIUHMC;MONTE CLARO         ;98;2026-07-26 16:00:00;149.42;107.45;259.99;550.0;554.0;0.0;549.0;6.0;0.0;14.0
S ;Sul;Fio dagua                               ;JACUI          ;JIUHMC;MONTE CLARO         ;98;2026-07-26 17:00:00;149.41;107.45;258.81;544.0;548.0;0.0;543.0;6.0;0.0;14.0
S ;Sul;Fio dagua                               ;JACUI          ;JIUHMC;MONTE CLARO         ;98;2026-07-26 18:00:00;149.07;108.13;218.94;460.0;602.0;248.0;348.0;6.0;0.0;13.0
S ;Sul;Fio dagua                               ;JACUI          ;JIUHMC;MONTE CLARO         ;98;2026-07-26 19:00:00;148.92;108.0;201.63;503.0;566.0;285.0;275.0;6.0;0.0;80.0
S ;Sul;Fio dagua                               ;JACUI          ;JIUHMC;MONTE CLARO         ;98;2026-07-26 20:00:00;148.87;107.7;195.9;520.0;541.0;283.0;252.0;6.0;0.0;13.0
S ;Sul;Fio dagua                               ;JACUI          ;JIUHMC;MONTE CLARO         ;98;2026-07-26 21:00:00;148.84;107.55;192.47;514.0;527.0;282.0;239.0;6.0;0.0;13.0
S ;Sul;Fio dagua                               ;JACUI          ;JIUHMC;MONTE CLARO         ;98;2026-07-26 22:00:00;148.83;107.47;191.33;518.0;522.0;281.0;235.0;6.0;0.0;13.0
S ;Sul;Fio dagua                               ;JACUI          ;JIUHMC;MONTE CLARO         ;98;2026-07-26 23:00:00;148.82;107.41;190.19;513.0;517.0;281.0;231.0;6.0;0.0;80.0
S ;Sul;Fio dagua                               ;JACUI          ;JIUHMC;MONTE CLARO         ;98;2026-07-26 23:59:00;148.82;107.38;190.19;517.0;517.0;280.0;231.0;6.0;0.0;80.0
S ;Sul;Fio dagua                               ;JACUI          ;JIUHMC;MONTE CLARO         ;98;2026-07-27 01:00:00;148.81;107.37;189.05;508.0;512.0;280.0;226.0;6.0;0.0;81.0
S ;Sul;Fio dagua                               ;JACUI          ;JIUHMC;MONTE CLARO         ;98;2026-07-27 02:00:00;148.8;107.35;187.92;504.0;508.0;281.0;222.0;6.0;0.0;80.0
S ;Sul;Fio dagua                               ;JACUI          ;JIUHMC;MONTE CLARO         ;98;2026-07-27 03:00:00;148.91;106.97;200.48;536.0;490.0;214.0;271.0;6.0;0.0;143.0
S ;Sul;Fio dagua                               ;JACUI          ;JIUHMC;MONTE CLARO         ;98;2026-07-27 04:00:00;149.09;106.65;221.27;505.0;430.0;65.0;359.0;6.0;0.0;287.0
S ;Sul;Fio dagua                               ;JACUI          ;JIUHMC;MONTE CLARO         ;98;2026-07-27 05:00:00;149.17;106.78;230.59;505.0;472.0;65.0;401.0;6.0;0.0;288.0
S ;Sul;Fio dagua                               ;JACUI          ;JIUHMC;MONTE CLARO         ;98;2026-07-27 06:00:00;149.19;107.15;232.93;492.0;484.0;66.0;412.0;6.0;0.0;290.0
S ;Sul;Fio dagua                               ;JACUI          ;JIUHMC;MONTE CLARO         ;98;2026-07-27 07:00:00;149.17;107.26;230.59;475.0;483.0;77.0;401.0;6.0;0.0;281.0
S ;Sul;Fio dagua                               ;JACUI          ;JIUHMC;MONTE CLARO         ;98;2026-07-27 08:00:00;149.13;107.31;225.92;474.0;491.0;106.0;380.0;6.0;0.0;13.0
S ;Sul;Fio dagua                               ;JACUI          ;JIUHMC;MONTE CLARO         ;98;2026-07-27 09:00:00;149.22;107.04;236.43;484.0;447.0;12.0;429.0;6.0;0.0;13.0
S ;Sul;Fio dagua                               ;JACUI          ;JIUHMC;MONTE CLARO         ;98;2026-07-27 10:00:00;149.25;107.05;239.95;464.0;452.0;0.0;446.0;6.0;0.0;14.0
S ;Sul;Fio dagua                               ;JACUI          ;JIUHMC;MONTE CLARO         ;98;2026-07-27 11:00:00;149.26;107.12;241.13;462.0;458.0;0.0;452.0;6.0;0.0;14.0
S ;Sul;Fio dagua                               ;JACUI          ;JIUHMC;MONTE CLARO         ;98;2026-07-27 12:00:00;149.26;107.16;241.13;458.0;458.0;0.0;452.0;6.0;0.0;14.0
S ;Sul;Fio dagua                               ;JACUI          ;JIUHMC;MONTE CLARO         ;98;2026-07-27 13:00:00;149.27;107.2;242.3;468.0;463.0;0.0;458.0;6.0;0.0;356.0
S ;Sul;Fio dagua                               ;JACUI          ;JIUHMC;MONTE CLARO         ;98;2026-07-27 14:00:00;149.26;107.19;241.13;453.0;458.0;0.0;452.0;6.0;0.0;356.0
S ;Sul;Fio dagua                               ;JACUI          ;JIUHMC;MONTE CLARO         ;98;2026-07-27 15:00:00;149.23;107.2;237.61;428.0;440.0;0.0;435.0;6.0;0.0;356.0
S ;Sul;Fio dagua                               ;JACUI          ;JIUHMC;MONTE CLARO         ;98;2026-07-27 16:00:00;149.04;107.89;215.47;404.0;483.0;150.0;333.0;0.0;0.0;214.0
S ;Sul;Fio dagua                               ;JACUI          ;JIUHMC;MONTE CLARO         ;98;2026-07-27 17:00:00;148.8;107.9;187.92;412.0;512.0;284.0;222.0;6.0;0.0;81.0
S ;Sul;Fio dagua                               ;JACUI          ;JIUHMC;MONTE CLARO         ;98;2026-07-27 18:00:00;148.68;107.65;174.33;410.0;460.0;283.0;171.0;6.0;0.0;81.0
S ;Sul;Fio dagua                               ;JACUI          ;JIUHMC;MONTE CLARO         ;98;2026-07-27 19:00:00;148.65;107.4;170.95;435.0;447.0;282.0;160.0;6.0;0.0;81.0
S ;Sul;Fio dagua                               ;JACUI          ;JIUHMC;MONTE CLARO         ;98;2026-07-27 20:00:00;148.62;107.3;167.58;422.0;435.0;281.0;148.0;6.0;0.0;81.0
S ;Sul;Fio dagua                               ;JACUI          ;JIUHMC;MONTE CLARO         ;98;2026-07-27 21:00:00;148.61;107.2;166.46;427.0;431.0;281.0;145.0;6.0;0.0;81.0
S ;Sul;Fio dagua                               ;JACUI          ;JIUHMC;MONTE CLARO         ;98;2026-07-27 22:00:00;148.65;107.2;170.95;463.0;446.0;281.0;160.0;6.0;0.0;80.0
S ;Sul;Fio dagua                               ;JACUI          ;JIUHMC;MONTE CLARO         ;98;2026-07-27 23:00:00;148.65;107.19;170.95;446.0;446.0;280.0;160.0;6.0;0.0;80.0
S ;Sul;Fio dagua                               ;JACUI          ;JIUHMC;MONTE CLARO         ;98;2026-07-27 23:59:00;148.65;107.17;170.95;445.0;445.0;280.0;160.0;6.0;0.0;81.0
S ;Sul;Fio dagua                               ;JACUI          ;JIUHMC;MONTE CLARO         ;98;2026-07-28 01:00:00;148.65;107.18;170.95;446.0;446.0;281.0;160.0;6.0;0.0;80.0
S ;Sul;Fio dagua                               ;JACUI          ;JIUHMC;MONTE CLARO         ;98;2026-07-28 02:00:00;148.67;107.19;173.2;462.0;453.0;280.0;168.0;6.0;0.0;80.0
S ;Sul;Fio dagua                               ;JACUI          ;JIUHMC;MONTE CLARO         ;98;2026-07-28 03:00:00;148.7;107.17;176.58;478.0;465.0;280.0;180.0;6.0;0.0;80.0
S ;Sul;Fio dagua                               ;JACUI          ;JIUHMC;MONTE CLARO         ;98;2026-07-28 04:00:00;148.73;107.16;179.97;490.0;477.0;279.0;192.0;6.0;0.0;80.0
S ;Sul;Fio dagua                               ;JACUI          ;JIUHMC;MONTE CLARO         ;98;2026-07-28 05:00:00;148.73;107.23;179.97;477.0;477.0;280.0;192.0;6.0;0.0;81.0
S ;Sul;Fio dagua                               ;JACUI          ;JIUHMC;MONTE CLARO         ;98;2026-07-28 06:00:00;148.74;107.28;181.1;486.0;482.0;280.0;196.0;6.0;0.0;80.0
S ;Sul;Fio dagua                               ;JACUI          ;JIUHMC;MONTE CLARO         ;98;2026-07-28 07:00:00;148.74;107.34;181.1;483.0;483.0;281.0;196.0;6.0;0.0;80.0
S ;Sul;Fio dagua                               ;JACUI          ;JIUHMC;MONTE CLARO         ;98;2026-07-28 08:00:00;148.8;107.41;187.92;533.0;508.0;280.0;222.0;6.0;0.0;81.0
S ;Sul;Fio dagua                               ;JACUI          ;JIUHMC;MONTE CLARO         ;98;2026-07-28 09:00:00;148.87;107.6;195.9;568.0;539.0;281.0;252.0;6.0;0.0;82.0
S ;Sul;Fio dagua                               ;JACUI          ;JIUHMC;MONTE CLARO         ;98;2026-07-28 10:00:00;149.19;107.29;232.93;750.0;617.0;199.0;412.0;6.0;0.0;158.0
S ;Sul;Fio dagua                               ;JACUI          ;JIUHMC;MONTE CLARO         ;98;2026-07-28 11:00:00;149.72;107.12;295.78;981.0;760.0;0.0;754.0;6.0;0.0;352.0
S ;Sul;Fio dagua                               ;JACUI          ;JIUHMC;MONTE CLARO         ;98;2026-07-28 12:00:00;149.79;107.68;304.19;1385.0;1356.0;0.0;1350.0;6.0;0.0;362.0
S ;Sul;Fio dagua                               ;JACUI          ;JIUHMC;MONTE CLARO         ;98;2026-07-28 13:00:00;149.7;108.79;293.37;1386.0;1423.0;0.0;1418.0;6.0;0.0;372.0
S ;Sul;Fio dagua                               ;JACUI          ;JIUHMC;MONTE CLARO         ;98;2026-07-28 14:00:00;149.78;109.17;302.98;1585.0;1551.0;0.0;1546.0;6.0;0.0;374.0
S ;Sul;Fio dagua                               ;JACUI          ;JIUHMC;MONTE CLARO         ;98;2026-07-28 15:00:00;149.84;109.42;310.21;1690.0;1665.0;0.0;1659.0;6.0;0.0;376.0
S ;Sul;Fio dagua                               ;JACUI          ;JIUHMC;MONTE CLARO         ;98;2026-07-28 16:00:00;149.83;110.23;309.0;1790.0;1794.0;137.0;1652.0;6.0;0.0;246.0
S ;Sul;Fio dagua                               ;JACUI          ;JIUHMC;MONTE CLARO         ;98;2026-07-28 17:00:00;149.93;110.36;321.08;2071.0;2030.0;294.0;1730.0;6.0;0.0;90.0
S ;Sul;Fio dagua                               ;JACUI          ;JIUHMC;MONTE CLARO         ;98;2026-07-28 18:00:00;150.08;110.41;339.24;2481.0;2419.0;292.0;2121.0;6.0;0.0;90.0
S ;Sul;Fio dagua                               ;JACUI          ;JIUHMC;MONTE CLARO         ;98;2026-07-28 19:00:00;150.02;110.87;331.96;2608.0;2633.0;297.0;2331.0;6.0;0.0;91.0
S ;Sul;Fio dagua                               ;JACUI          ;JIUHMC;MONTE CLARO         ;98;2026-07-28 20:00:00;150.03;111.3;333.17;2904.0;2899.0;300.0;2594.0;6.0;0.0;92.0
S ;Sul;Fio dagua                               ;JACUI          ;JIUHMC;MONTE CLARO         ;98;2026-07-28 21:00:00;150.09;111.64;340.45;2977.0;2952.0;301.0;2646.0;6.0;0.0;94.0
S ;Sul;Fio dagua                               ;JACUI          ;JIUHMC;MONTE CLARO         ;98;2026-07-28 22:00:00;150.23;111.84;357.46;3134.0;3076.0;300.0;2770.0;6.0;0.0;95.0
S ;Sul;Fio dagua                               ;JACUI          ;JIUHMC;MONTE CLARO         ;98;2026-07-28 23:00:00;150.37;112.05;374.51;3262.0;3204.0;300.0;2899.0;6.0;0.0;96.0
S ;Sul;Fio dagua                               ;JACUI          ;JIUHMC;MONTE CLARO         ;98;2026-07-28 23:59:00;150.42;112.19;380.6;3272.0;3251.0;299.0;2946.0;6.0;0.0;97.0
S ;Sul;Fio dagua                               ;JACUI          ;JIUHMC;MONTE CLARO         ;98;2026-07-29 01:00:00;150.5;112.35;390.36;3362.0;3328.0;299.0;3023.0;6.0;0.0;98.0
S ;Sul;Fio dagua                               ;JACUI          ;JIUHMC;MONTE CLARO         ;98;2026-07-29 02:00:00;150.58;112.58;400.11;3441.0;3408.0;300.0;3102.0;6.0;0.0;99.0
S ;Sul;Fio dagua                               ;JACUI          ;JIUHMC;MONTE CLARO         ;98;2026-07-29 03:00:00;150.84;112.95;431.81;3782.0;3674.0;300.0;3368.0;6.0;0.0;99.0
S ;Sul;Fio dagua                               ;JACUI          ;JIUHMC;MONTE CLARO         ;98;2026-07-29 04:00:00;151.15;113.36;469.51;4136.0;4007.0;297.0;3705.0;6.0;0.0;104.0
S ;Sul;Fio dagua                               ;JACUI          ;JIUHMC;MONTE CLARO         ;98;2026-07-29 05:00:00;151.49;113.74;510.62;4549.0;4407.0;295.0;4106.0;6.0;0.0;106.0
S ;Sul;Fio dagua                               ;JACUI          ;JIUHMC;MONTE CLARO         ;98;2026-07-29 06:00:00;151.81;114.31;548.97;4931.0;4798.0;295.0;4497.0;6.0;0.0;109.0
S ;Sul;Fio dagua                               ;JACUI          ;JIUHMC;MONTE CLARO         ;98;2026-07-29 07:00:00;152.07;114.21;579.85;5875.0;5767.0;156.0;5606.0;6.0;0.0;244.0
S ;Sul;Fio dagua                               ;JACUI          ;JIUHMC;MONTE CLARO         ;98;2026-07-29 08:00:00;151.99;114.85;570.38;5478.0;5511.0;0.0;5506.0;6.0;0.0;407.0
S ;Sul;Fio dagua                               ;JACUI          ;JIUHMC;MONTE CLARO         ;98;2026-07-29 09:00:00;152.14;115.3;588.14;5761.0;5698.0;0.0;5693.0;6.0;0.0;411.0
S ;Sul;Fio dagua                               ;JACUI          ;JIUHMC;MONTE CLARO         ;98;2026-07-29 10:00:00;152.19;115.52;594.01;5907.0;5886.0;0.0;5880.0;6.0;0.0;412.0
S ;Sul;Fio dagua                               ;JACUI          ;JIUHMC;MONTE CLARO         ;98;2026-07-29 11:00:00;152.2;115.64;595.18;5903.0;5898.0;0.0;5893.0;6.0;0.0;413.0
S ;Sul;Fio dagua                               ;JACUI          ;JIUHMC;MONTE CLARO         ;98;2026-07-29 12:00:00;152.23;115.7;598.71;5949.0;5936.0;0.0;5931.0;6.0;0.0;414.0
S ;Sul;Fio dagua                               ;JACUI          ;JIUHMC;MONTE CLARO         ;98;2026-07-29 13:00:00;152.25;115.76;601.07;5970.0;5962.0;0.0;5956.0;6.0;0.0;414.0
S ;Sul;Fio dagua                               ;JACUI          ;JIUHMC;MONTE CLARO         ;98;2026-07-29 14:00:00;152.23;115.78;598.71;5928.0;5936.0;0.0;5931.0;6.0;0.0;415.0
S ;Sul;Fio dagua                               ;JACUI          ;JIUHMC;MONTE CLARO         ;98;2026-07-29 15:00:00;152.22;115.75;597.54;5920.0;5924.0;0.0;5918.0;6.0;0.0;414.0
S ;Sul;Fio dagua                               ;JACUI          ;JIUHMC;MONTE CLARO         ;98;2026-07-29 16:00:00;152.12;115.69;585.7;5756.0;5798.0;0.0;5792.0;6.0;0.0;415.0
S ;Sul;Fio dagua                               ;JACUI          ;JIUHMC;MONTE CLARO         ;98;2026-07-29 17:00:00;152.12;115.66;585.7;5798.0;5798.0;0.0;5792.0;6.0;0.0;415.0
S ;Sul;Fio dagua                               ;JACUI          ;JIUHMC;MONTE CLARO         ;98;2026-07-29 18:00:00;152.06;115.55;578.66;5698.0;5723.0;0.0;5717.0;6.0;0.0;414.0
S ;Sul;Fio dagua                               ;JACUI          ;JIUHMC;MONTE CLARO         ;98;2026-07-29 19:00:00;152.02;115.4;573.93;5657.0;5673.0;0.0;5668.0;6.0;0.0;413.0
S ;Sul;Fio dagua                               ;JACUI          ;JIUHMC;MONTE CLARO         ;98;2026-07-29 20:00:00;151.92;115.3;562.07;5501.0;5543.0;0.0;5538.0;6.0;0.0;413.0
S ;Sul;Fio dagua                               ;JACUI          ;JIUHMC;MONTE CLARO         ;98;2026-07-29 21:00:00;151.8;115.11;547.78;5339.0;5389.0;0.0;5383.0;6.0;0.0;412.0
S ;Sul;Fio dagua                               ;JACUI          ;JIUHMC;MONTE CLARO         ;98;2026-07-29 22:00:00;151.64;114.94;528.64;5121.0;5187.0;0.0;5182.0;6.0;0.0;412.0
S ;Sul;Fio dagua                               ;JACUI          ;JIUHMC;MONTE CLARO         ;98;2026-07-29 23:00:00;151.55;114.73;517.84;5039.0;5076.0;0.0;5071.0;6.0;0.0;411.0
S ;Sul;Fio dagua                               ;JACUI          ;JIUHMC;MONTE CLARO         ;98;2026-07-29 23:59:00;151.4;114.6;499.77;4825.0;4888.0;0.0;4882.0;6.0;0.0;411.0
S ;Sul;Fio dagua                               ;JACUI          ;JIUHMC;MONTE CLARO         ;98;2026-07-30 01:00:00;151.25;114.3;481.63;4643.0;4706.0;0.0;4700.0;6.0;0.0;409.0
S ;Sul;Fio dagua                               ;JACUI          ;JIUHMC;MONTE CLARO         ;98;2026-07-30 02:00:00;151.11;114.15;464.65;4483.0;4542.0;0.0;4536.0;6.0;0.0;409.0
S ;Sul;Fio dagua                               ;JACUI          ;JIUHMC;MONTE CLARO         ;98;2026-07-30 03:00:00;150.98;113.95;448.86;4341.0;4395.0;0.0;4389.0;6.0;0.0;408.0
S ;Sul;Fio dagua                               ;JACUI          ;JIUHMC;MONTE CLARO         ;98;2026-07-30 04:00:00;150.82;113.6;429.37;4154.0;4220.0;0.0;4215.0;6.0;0.0;407.0
S ;Sul;Fio dagua                               ;JACUI          ;JIUHMC;MONTE CLARO         ;98;2026-07-30 05:00:00;150.67;113.35;411.09;3999.0;4061.0;0.0;4056.0;6.0;0.0;405.0
S ;Sul;Fio dagua                               ;JACUI          ;JIUHMC;MONTE CLARO         ;98;2026-07-30 06:00:00;150.52;113.2;392.79;3844.0;3906.0;0.0;3901.0;6.0;0.0;405.0
S ;Sul;Fio dagua                               ;JACUI          ;JIUHMC;MONTE CLARO         ;98;2026-07-30 07:00:00;150.35;112.95;372.07;3667.0;3738.0;0.0;3732.0;6.0;0.0;405.0
S ;Sul;Fio dagua                               ;JACUI          ;JIUHMC;MONTE CLARO         ;98;2026-07-30 08:00:00;150.27;112.62;362.32;3628.0;3661.0;0.0;3656.0;6.0;0.0;402.0
S ;Sul;Fio dagua                               ;JACUI          ;JIUHMC;MONTE CLARO         ;98;2026-07-30 09:00:00;150.18;112.44;351.38;3424.0;3462.0;0.0;3456.0;6.0;0.0;401.0
S ;Sul;Fio dagua                               ;JACUI          ;JIUHMC;MONTE CLARO         ;98;2026-07-30 10:00:00;150.03;112.38;333.17;3264.0;3327.0;0.0;3321.0;6.0;0.0;402.0
S ;Sul;Fio dagua                               ;JACUI          ;JIUHMC;MONTE CLARO         ;98;2026-07-30 11:00:00;150.01;112.1;330.75;3065.0;3073.0;0.0;3068.0;6.0;0.0;399.0
S ;Sul;Fio dagua                               ;JACUI          ;JIUHMC;MONTE CLARO         ;98;2026-07-30 12:00:00;150.03;111.79;333.17;3099.0;3091.0;0.0;3085.0;6.0;0.0;396.0
S ;Sul;Fio dagua                               ;JACUI          ;JIUHMC;MONTE CLARO         ;98;2026-07-30 13:00:00;150.1;111.57;341.66;3060.0;3031.0;0.0;3026.0;6.0;0.0;393.0
S ;Sul;Fio dagua                               ;JACUI          ;JIUHMC;MONTE CLARO         ;98;2026-07-30 14:00:00;149.96;111.61;324.7;2851.0;2909.0;0.0;2904.0;6.0;0.0;395.0
S ;Sul;Fio dagua                               ;JACUI          ;JIUHMC;MONTE CLARO         ;98;2026-07-30 15:00:00;149.9;111.95;317.45;2785.0;2810.0;72.0;2732.0;6.0;0.0;327.0
S ;Sul;Fio dagua                               ;JACUI          ;JIUHMC;MONTE CLARO         ;98;2026-07-30 16:00:00;149.95;111.75;323.49;2600.0;2579.0;301.0;2272.0;6.0;0.0;95.0
S ;Sul;Fio dagua                               ;JACUI          ;JIUHMC;MONTE CLARO         ;98;2026-07-30 17:00:00;149.86;111.26;312.62;2469.0;2506.0;301.0;2199.0;6.0;0.0;91.0
S ;Sul;Fio dagua                               ;JACUI          ;JIUHMC;MONTE CLARO         ;98;2026-07-30 18:00:00;150.0;111.03;329.54;2419.0;2361.0;302.0;2054.0;6.0;0.0;87.0
S ;Sul;Fio dagua                               ;JACUI          ;JIUHMC;MONTE CLARO         ;98;2026-07-30 19:00:00;149.97;110.8;325.91;2321.0;2334.0;300.0;2029.0;6.0;0.0;88.0
S ;Sul;Fio dagua                               ;JACUI          ;JIUHMC;MONTE CLARO         ;98;2026-07-30 20:00:00;149.88;110.73;315.03;2224.0;2261.0;300.0;1956.0;6.0;0.0;88.0
S ;Sul;Fio dagua                               ;JACUI          ;JIUHMC;MONTE CLARO         ;98;2026-07-30 21:00:00;149.86;110.62;312.62;2104.0;2112.0;299.0;1808.0;6.0;0.0;87.0
S ;Sul;Fio dagua                               ;JACUI          ;JIUHMC;MONTE CLARO         ;98;2026-07-30 22:00:00;149.94;110.42;322.28;2075.0;2042.0;298.0;1738.0;6.0;0.0;86.0
S ;Sul;Fio dagua                               ;JACUI          ;JIUHMC;MONTE CLARO         ;98;2026-07-30 23:00:00;149.92;110.3;319.87;2016.0;2024.0;296.0;1722.0;6.0;0.0;87.0
S ;Sul;Fio dagua                               ;JACUI          ;JIUHMC;MONTE CLARO         ;98;2026-07-30 23:59:00;149.84;110.25;310.21;1928.0;1961.0;296.0;1659.0;6.0;0.0;87.0
S ;Sul;Fio dagua                               ;JACUI          ;JIUHMC;MONTE CLARO         ;98;2026-07-31 01:00:00;149.74;110.12;298.18;1842.0;1884.0;296.0;1582.0;6.0;0.0;87.0
S ;Sul;Fio dagua                               ;JACUI          ;JIUHMC;MONTE CLARO         ;98;2026-07-31 02:00:00;149.98;110.08;327.12;1761.0;1661.0;295.0;1361.0;6.0;0.0;86.0
S ;Sul;Fio dagua                               ;JACUI          ;JIUHMC;MONTE CLARO         ;98;2026-07-31 03:00:00;150.08;109.72;339.24;1781.0;1739.0;291.0;1443.0;6.0;0.0;86.0
S ;Sul;Fio dagua                               ;JACUI          ;JIUHMC;MONTE CLARO         ;98;2026-07-31 04:00:00;150.05;109.68;335.6;1701.0;1714.0;290.0;1418.0;6.0;0.0;86.0
S ;Sul;Fio dagua                               ;JACUI          ;JIUHMC;MONTE CLARO         ;98;2026-07-31 05:00:00;150.01;109.73;330.75;1665.0;1682.0;291.0;1385.0;6.0;0.0;86.0
S ;Sul;Fio dagua                               ;JACUI          ;JIUHMC;MONTE CLARO         ;98;2026-07-31 06:00:00;149.96;109.67;324.7;1621.0;1642.0;292.0;1345.0;6.0;0.0;85.0
S ;Sul;Fio dagua                               ;JACUI          ;JIUHMC;MONTE CLARO         ;98;2026-07-31 07:00:00;149.9;109.6;317.45;1569.0;1594.0;291.0;1297.0;6.0;0.0;86.0
S ;Sul;Fio dagua                               ;JACUI          ;JIUHMC;MONTE CLARO         ;98;2026-07-31 08:00:00;149.85;109.57;311.42;1534.0;1555.0;291.0;1259.0;6.0;0.0;86.0
S ;Sul;Fio dagua                               ;JACUI          ;JIUHMC;MONTE CLARO         ;98;2026-07-31 09:00:00;149.8;109.45;305.4;1495.0;1516.0;290.0;1221.0;6.0;0.0;86.0
S ;Sul;Fio dagua                               ;JACUI          ;JIUHMC;MONTE CLARO         ;98;2026-07-31 10:00:00;149.75;109.41;299.38;1458.0;1479.0;291.0;1182.0;6.0;0.0;85.0
S ;Sul;Fio dagua                               ;JACUI          ;JIUHMC;MONTE CLARO         ;98;2026-07-31 11:00:00;149.7;109.37;293.37;1421.0;1442.0;291.0;1145.0;6.0;0.0;86.0
S ;Sul;Fio dagua                               ;JACUI          ;JIUHMC;MONTE CLARO         ;98;2026-07-31 12:00:00;149.64;109.28;286.19;1372.0;1397.0;290.0;1101.0;6.0;0.0;86.0
S ;Sul;Fio dagua                               ;JACUI          ;JIUHMC;MONTE CLARO         ;98;2026-07-31 13:00:00;149.61;109.25;282.6;1364.0;1376.0;291.0;1080.0;6.0;0.0;86.0
S ;Sul;Fio dagua                               ;JACUI          ;JIUHMC;MONTE CLARO         ;98;2026-07-31 14:00:00;149.56;109.17;276.64;1320.0;1341.0;291.0;1045.0;6.0;0.0;85.0
S ;Sul;Fio dagua                               ;JACUI          ;JIUHMC;MONTE CLARO         ;98;2026-07-31 15:00:00;149.52;109.12;271.87;1297.0;1314.0;291.0;1017.0;6.0;0.0;86.0
S ;Sul;Fio dagua                               ;JACUI          ;JIUHMC;MONTE CLARO         ;98;2026-07-31 16:00:00;149.48;109.06;267.11;1269.0;1286.0;290.0;990.0;6.0;0.0;86.0
S ;Sul;Fio dagua                               ;JACUI          ;JIUHMC;MONTE CLARO         ;98;2026-07-31 17:00:00;149.44;109.0;262.37;1243.0;1260.0;290.0;964.0;6.0;0.0;85.0
S ;Sul;Fio dagua                               ;JACUI          ;JIUHMC;MONTE CLARO         ;98;2026-07-31 18:00:00;149.5;108.94;269.49;1186.0;1162.0;290.0;866.0;6.0;0.0;85.0
S ;Sul;Fio dagua                               ;JACUI          ;JIUHMC;MONTE CLARO         ;98;2026-07-31 19:00:00;149.51;108.77;270.68;1171.0;1167.0;288.0;873.0;6.0;0.0;85.0
S ;Sul;Fio dagua                               ;JACUI          ;JIUHMC;MONTE CLARO         ;98;2026-07-31 20:00:00;149.49;108.75;268.3;1145.0;1153.0;288.0;860.0;6.0;0.0;85.0
S ;Sul;Fio dagua                               ;JACUI          ;JIUHMC;MONTE CLARO         ;98;2026-07-31 21:00:00;149.45;108.74;263.55;1110.0;1127.0;288.0;833.0;6.0;0.0;85.0
S ;Sul;Fio dagua                               ;JACUI          ;JIUHMC;MONTE CLARO         ;98;2026-07-31 22:00:00;149.42;108.73;259.99;1095.0;1108.0;289.0;814.0;6.0;0.0;85.0
S ;Sul;Fio dagua                               ;JACUI          ;JIUHMC;MONTE CLARO         ;98;2026-07-31 23:00:00;149.51;108.67;270.68;1065.0;1027.0;288.0;734.0;6.0;0.0;84.0
S ;Sul;Fio dagua                               ;JACUI          ;JIUHMC;MONTE CLARO         ;98;2026-07-31 23:59:00;149.61;108.55;282.6;1007.0;965.0;284.0;676.0;6.0;0.0;80.0
