tau_hours,family,horizon_h,group_kind,group,subset,scheduled_rows,observed_n,paired_n,failures,hits,hit_fraction,mae_m,bias_m,p98_abs_m,max_abs_m
6,reference,1,event,594b4ac32b57fab12c848086,level_ge_7m,35,35,35,0,35,1.0,0.08205242466823001,-0.0014527133345480488,0.20879555812912454,0.22026281729690922
6,reference,1,event,a801ac814e2dfee4fc14bea5,level_ge_7m,135,135,133,2,116,0.8721804511278195,0.277534871723912,0.12977751994233525,1.0244666607588984,1.3540766916208895
6,reference,1,event,f803fdacd0779dfe9e87b834,level_ge_7m,49,49,49,0,49,1.0,0.1534912220416913,0.10005303018503718,0.3431280604302894,0.3989253938939443
6,reference,1,event,dcbe85f6ad3172a997c77a58,level_ge_7m,18,18,18,0,18,1.0,0.11137915102550193,-0.0691195218512483,0.32723623742793545,0.3641287673038027
6,reference,1,event,unassigned,level_ge_7m,0,0,0,0,0,,,,,
6,reference,1,trend,falling,all,850,846,845,1,837,0.9905325443786982,0.1376398363760691,0.08659881304197894,0.4485064144166865,0.88464632998729
6,reference,1,trend,falling,level_ge_7m,114,114,113,1,111,0.9823008849557522,0.1799985014148067,0.1512752138486651,0.4567724299483846,0.666153794402117
6,reference,1,trend,rising,all,458,457,457,0,431,0.9431072210065645,0.1812604386389189,-0.10710984868104835,0.5946002359282353,1.3540766916208895
6,reference,1,trend,rising,level_ge_7m,87,87,87,0,73,0.8390804597701149,0.2684615697754439,-0.008771029724894729,1.1193551588454531,1.3540766916208895
6,reference,1,trend,stable,all,627,627,627,0,618,0.9856459330143541,0.09752772999637363,-0.034222735340792836,0.4823509645265257,0.7078068447698262
6,reference,1,trend,stable,level_ge_7m,34,34,34,0,34,1.0,0.14264625887791235,0.1109730977514111,0.49507225754008266,0.4963854172268931
6,reference,1,trend,unknown,all,32,14,9,5,8,0.8888888888888888,0.2856821615502131,0.12788708920810457,0.7025072030540549,0.7639073689844622
6,reference,1,trend,unknown,level_ge_7m,2,2,1,1,0,0.0,0.7639073689844622,0.7639073689844622,0.7639073689844622,0.7639073689844622
6,reference,2,event,594b4ac32b57fab12c848086,level_ge_7m,35,35,35,0,35,1.0,0.11738783090447176,-0.01328281228097953,0.3128163817287777,0.32090880819162937
6,reference,2,event,a801ac814e2dfee4fc14bea5,level_ge_7m,135,135,133,2,77,0.5789473684210527,0.4619919044642436,0.20807441343822614,1.4325644521319223,2.1591250166535616
6,reference,2,event,f803fdacd0779dfe9e87b834,level_ge_7m,49,49,49,0,47,0.9591836734693877,0.2546393097427432,0.16764716133936033,0.5451482601427146,0.6338541071290784
6,reference,2,event,dcbe85f6ad3172a997c77a58,level_ge_7m,18,18,18,0,18,1.0,0.1727962419647955,-0.11818200545164093,0.49438993621089916,0.4955980620850813
6,reference,2,event,unassigned,level_ge_7m,0,0,0,0,0,,,,,
6,reference,2,trend,falling,all,850,844,843,1,756,0.896797153024911,0.2109955692600478,0.11372796421850655,0.7284613855578898,1.019932518362527
6,reference,2,trend,falling,level_ge_7m,110,110,109,1,85,0.7798165137614679,0.29331035275036516,0.25822042924185235,0.8130149077421638,0.9829043686341254
6,reference,2,trend,rising,all,457,456,456,0,386,0.8464912280701754,0.26134281217219224,-0.13921882990904524,0.9352895791726679,2.1591250166535616
6,reference,2,trend,rising,level_ge_7m,92,92,92,0,64,0.6956521739130435,0.44450837675660465,-0.02243567236135362,1.9956580202536278,2.1591250166535616
6,reference,2,trend,stable,all,627,627,627,0,590,0.9409888357256778,0.15556927956846317,-0.050405221608345645,0.7609016714893976,1.0150174275443038
6,reference,2,trend,stable,level_ge_7m,33,33,33,0,28,0.8484848484848485,0.22793766158885248,0.19578407486362037,0.8259178334244786,0.8296148626493931
6,reference,2,trend,unknown,all,32,16,9,7,7,0.7777777777777778,0.3854432812421997,0.15902300158979396,0.7250809733441353,0.7536139643320681
6,reference,2,trend,unknown,level_ge_7m,2,2,1,1,0,0.0,0.7536139643320681,0.7536139643320681,0.7536139643320681,0.7536139643320681
6,reference,3,event,594b4ac32b57fab12c848086,level_ge_7m,35,35,35,0,34,0.9714285714285714,0.153531007619832,-0.03115181011973327,0.3887654479653386,0.517125566077139
6,reference,3,event,a801ac814e2dfee4fc14bea5,level_ge_7m,135,135,133,2,64,0.48120300751879697,0.6314155338581657,0.26470473036479164,2.0982238976294263,2.8988829116145745
6,reference,3,event,f803fdacd0779dfe9e87b834,level_ge_7m,49,49,49,0,36,0.7346938775510204,0.33901145219942497,0.2311752495302429,0.6772633469838925,0.7492847927265354
6,reference,3,event,dcbe85f6ad3172a997c77a58,level_ge_7m,18,18,18,0,17,0.9444444444444444,0.23381618403976093,-0.13742180941470364,0.5429752044254395,0.5785445139741281
6,reference,3,event,unassigned,level_ge_7m,0,0,0,0,0,,,,,
6,reference,3,trend,falling,all,850,843,842,1,709,0.8420427553444181,0.2623419296684908,0.10613003759876,0.9647872693766909,1.149596227496386
6,reference,3,trend,falling,level_ge_7m,106,106,105,1,72,0.6857142857142857,0.38695748405499253,0.3472568810020966,1.0128630650699244,1.1070954869333303
6,reference,3,trend,rising,all,456,455,455,0,365,0.8021978021978022,0.3094446192986671,-0.13864015487777662,1.2988916613970425,2.8988829116145745
6,reference,3,trend,rising,level_ge_7m,96,96,96,0,54,0.5625,0.605960816277392,-0.025610406175102563,2.268954876097779,2.8988829116145745
6,reference,3,trend,stable,all,627,626,626,0,569,0.9089456869009584,0.19665798857077582,-0.04909215827844427,0.9466704977912626,1.1630808127593109
6,reference,3,trend,stable,level_ge_7m,33,33,33,0,25,0.7575757575757576,0.325142693561376,0.25231564439530685,1.1076021743942577,1.112408027232071
6,reference,3,trend,unknown,all,32,18,9,9,6,0.6666666666666666,0.4117653979705654,0.15128435921674155,0.747847940943244,0.7684626602870213
6,reference,3,trend,unknown,level_ge_7m,2,2,1,1,0,0.0,0.6396206643884135,0.6396206643884135,0.6396206643884135,0.6396206643884135
6,reference,4,event,594b4ac32b57fab12c848086,level_ge_7m,35,35,35,0,35,1.0,0.18270548757284208,-0.04882648685913539,0.4760567172212784,0.47753287760211194
6,reference,4,event,a801ac814e2dfee4fc14bea5,level_ge_7m,135,135,133,2,58,0.43609022556390975,0.7879458109906621,0.30275308864538897,2.7476187057577026,3.329018638853949
6,reference,4,event,f803fdacd0779dfe9e87b834,level_ge_7m,49,49,49,0,25,0.5102040816326531,0.4132430075116893,0.2891777388595173,0.8012689801115664,0.8185286692893872
6,reference,4,event,dcbe85f6ad3172a997c77a58,level_ge_7m,18,18,18,0,16,0.8888888888888888,0.26972406056383713,-0.15630468309810588,0.5200276112970367,0.5261751430440418
6,reference,4,event,unassigned,level_ge_7m,0,0,0,0,0,,,,,
6,reference,4,trend,falling,all,849,840,839,1,688,0.8200238379022646,0.29466335897771334,0.07538331606066949,1.1460374552227561,1.4113742639177325
6,reference,4,trend,falling,level_ge_7m,103,103,102,1,65,0.6372549019607843,0.4676729147293814,0.41557258967041594,1.2731708076642088,1.4113742639177325
6,reference,4,trend,rising,all,456,455,455,0,356,0.7824175824175824,0.3419676058599509,-0.1253619435903522,1.6494715927648715,3.329018638853949
6,reference,4,trend,rising,level_ge_7m,99,99,99,0,45,0.45454545454545453,0.7426098147086038,-0.02786551297059131,2.8098657543345134,3.329018638853949
6,reference,4,trend,stable,all,627,627,627,0,559,0.8915470494417863,0.23114890627339912,-0.029373895589675666,1.0632893676042574,1.7941023130621963
6,reference,4,trend,stable,level_ge_7m,33,33,33,0,24,0.7272727272727273,0.43903786737032163,0.29386586341101456,1.5247791371356483,1.7941023130621963
6,reference,4,trend,unknown,all,32,19,9,10,6,0.6666666666666666,0.32445511525330517,0.05710965136202092,0.7548366562120585,0.7869642472505305
6,reference,4,trend,unknown,level_ge_7m,2,2,1,1,0,0.0,0.5861668032600811,0.5861668032600811,0.5861668032600811,0.5861668032600811
6,reference,5,event,594b4ac32b57fab12c848086,level_ge_7m,35,35,35,0,35,1.0,0.2075837721501016,-0.07279926314923842,0.46162473195563974,0.47567704320398185
6,reference,5,event,a801ac814e2dfee4fc14bea5,level_ge_7m,135,135,133,2,51,0.38345864661654133,0.9422511165701802,0.3071098850769456,3.2821459484636946,4.023604409822896
6,reference,5,event,f803fdacd0779dfe9e87b834,level_ge_7m,49,49,49,0,24,0.4897959183673469,0.4730765662724363,0.34387112275212356,0.9069396074377877,0.9547350273569108
6,reference,5,event,dcbe85f6ad3172a997c77a58,level_ge_7m,18,18,18,0,17,0.9444444444444444,0.2834705256692343,-0.15151466800830013,0.5700143362265876,0.6185648329087776
6,reference,5,event,unassigned,level_ge_7m,0,0,0,0,0,,,,,
6,reference,5,trend,falling,all,848,839,838,1,660,0.7875894988066826,0.3230519525742537,0.029564587305220862,1.3331127871456252,1.7714551144196307
6,reference,5,trend,falling,level_ge_7m,101,101,100,1,57,0.57,0.5547657493922449,0.44538561608668076,1.5286621802128293,1.7714551144196307
6,reference,5,trend,rising,all,456,455,455,0,370,0.8131868131868132,0.3688678927468325,-0.11031840633580417,1.9903508757070492,4.023604409822896
6,reference,5,trend,rising,level_ge_7m,102,102,102,0,49,0.4803921568627451,0.8537667430307941,-0.03901086797099373,3.2925779027719186,4.023604409822896
6,reference,5,trend,stable,all,627,626,626,0,547,0.8738019169329073,0.2648666939188018,0.0031871314848253575,1.0660183636879845,2.707249273466646
6,reference,5,trend,stable,level_ge_7m,32,32,32,0,21,0.65625,0.5526206668084144,0.35116252336999976,2.000733561061258,2.707249273466646
6,reference,5,trend,unknown,all,32,20,9,11,6,0.6666666666666666,0.354823564570347,-0.10266069189858233,0.6077543795615915,0.6234076722483515
6,reference,5,trend,unknown,level_ge_7m,2,2,1,1,0,0.0,0.6234076722483515,0.6234076722483515,0.6234076722483515,0.6234076722483515
6,reference,6,event,594b4ac32b57fab12c848086,level_ge_7m,35,35,35,0,33,0.9428571428571428,0.23308736734620084,-0.10419315079492593,0.5329622261656313,0.5387685625801044
6,reference,6,event,a801ac814e2dfee4fc14bea5,level_ge_7m,135,135,133,2,45,0.3383458646616541,1.0914550560795864,0.3647225405301242,3.6961553594548313,4.815243764623784
6,reference,6,event,f803fdacd0779dfe9e87b834,level_ge_7m,49,49,49,0,23,0.46938775510204084,0.5254840097952437,0.3946573906641459,1.0154196384820775,1.0321538235361825
6,reference,6,event,dcbe85f6ad3172a997c77a58,level_ge_7m,18,18,18,0,16,0.8888888888888888,0.2978839862369931,-0.14634871600626287,0.659527663559649,0.6966985531283667
6,reference,6,event,unassigned,level_ge_7m,0,0,0,0,0,,,,,
6,reference,6,trend,falling,all,847,838,837,1,621,0.7419354838709677,0.36272164830011466,-0.021009661513148863,1.3983745314085751,2.8767744552142265
6,reference,6,trend,falling,level_ge_7m,98,98,97,1,50,0.5154639175257731,0.6521740868502934,0.455710436624836,1.8702942528337811,2.8767744552142265
6,reference,6,trend,rising,all,456,455,455,0,358,0.7868131868131868,0.3954926138460589,-0.07573821150673123,2.2301371491928963,4.815243764623784
6,reference,6,trend,rising,level_ge_7m,105,105,105,0,46,0.4380952380952381,0.9532801653573137,0.032868315952029756,4.077242205308781,4.815243764623784
6,reference,6,trend,stable,all,627,625,625,0,529,0.8464,0.29804476797098534,0.03986666397600357,1.100184219237336,3.228196029465634
6,reference,6,trend,stable,level_ge_7m,32,32,32,0,21,0.65625,0.634592337727095,0.4106324183084664,2.3238616711275055,3.228196029465634
6,reference,6,trend,unknown,all,32,21,9,12,6,0.6666666666666666,0.4070143949687178,-0.2323830191329886,0.7621170721019989,0.7699499536713823
6,reference,6,trend,unknown,level_ge_7m,2,2,1,1,0,0.0,0.7699499536713823,0.7699499536713823,0.7699499536713823,0.7699499536713823
6,reference,7,event,594b4ac32b57fab12c848086,level_ge_7m,35,35,35,0,30,0.8571428571428571,0.2685744168324693,-0.14483521761900303,0.6622573087758287,0.6714964260275398
6,reference,7,event,a801ac814e2dfee4fc14bea5,level_ge_7m,135,135,133,2,34,0.2556390977443609,1.2350388278571087,0.36436585459938403,4.1871940420437195,5.691324727293669
6,reference,7,event,f803fdacd0779dfe9e87b834,level_ge_7m,49,49,49,0,21,0.42857142857142855,0.5617774817409196,0.4410084814589895,1.075214102262541,1.0870256813516086
6,reference,7,event,dcbe85f6ad3172a997c77a58,level_ge_7m,18,18,18,0,15,0.8333333333333334,0.2957041049071811,-0.13077659951593162,0.7786473244714123,0.8009752325423563
6,reference,7,event,unassigned,level_ge_7m,0,0,0,0,0,,,,,
6,reference,7,trend,falling,all,846,838,837,1,572,0.6833930704898447,0.41256491433129244,-0.06880146267209766,1.370421476149771,3.937424309910652
6,reference,7,trend,falling,level_ge_7m,94,94,93,1,44,0.4731182795698925,0.7438637792794107,0.4743277025723172,3.26172330595917,3.937424309910652
6,reference,7,trend,rising,all,456,455,455,0,345,0.7582417582417582,0.42604650983008135,-0.054954879830343535,2.5217475069760433,5.691324727293669
6,reference,7,trend,rising,level_ge_7m,109,109,109,0,39,0.3577981651376147,1.0306125509705957,0.03862139126982287,4.444696071551491,5.691324727293669
6,reference,7,trend,stable,all,627,623,623,0,505,0.8105939004815409,0.3377991279367369,0.07120735815588641,1.3398255493042701,3.4328456680570287
6,reference,7,trend,stable,level_ge_7m,32,32,32,0,17,0.53125,0.7511385751810495,0.41772342513837524,2.4939603134832664,3.4328456680570287
6,reference,7,trend,unknown,all,32,22,9,13,5,0.5555555555555556,0.5274339071744679,-0.28753155385127654,0.9561333323039674,0.957505253192485
6,reference,7,trend,unknown,level_ge_7m,2,2,1,1,0,0.0,0.957505253192485,0.957505253192485,0.957505253192485,0.957505253192485
6,reference,8,event,594b4ac32b57fab12c848086,level_ge_7m,35,35,35,0,28,0.8,0.30446302282061205,-0.19339665316357926,0.773958368710772,0.7907800936536482
6,reference,8,event,a801ac814e2dfee4fc14bea5,level_ge_7m,135,135,133,2,31,0.23308270676691728,1.3748659224851614,0.34963712111637457,4.9794377910638286,6.120423180923719
6,reference,8,event,f803fdacd0779dfe9e87b834,level_ge_7m,49,49,49,0,20,0.40816326530612246,0.5849267576213454,0.47764673301920835,1.1141399540400307,1.1571793957334382
6,reference,8,event,dcbe85f6ad3172a997c77a58,level_ge_7m,18,18,18,0,15,0.8333333333333334,0.2965661820885368,-0.12272075999384402,0.9014918030575279,0.9375311055876532
6,reference,8,event,unassigned,level_ge_7m,0,0,0,0,0,,,,,
6,reference,8,trend,falling,all,845,837,836,1,511,0.611244019138756,0.4736060357182524,-0.10951209692395214,1.4308050433041566,4.652455920643014
6,reference,8,trend,falling,level_ge_7m,89,89,88,1,37,0.42045454545454547,0.8351372894440608,0.5049670970885048,3.952422497443254,4.652455920643014
6,reference,8,trend,rising,all,456,455,455,0,339,0.7450549450549451,0.4604117037850285,-0.03382211602097985,2.6576414340280925,6.120423180923719
6,reference,8,trend,rising,level_ge_7m,112,112,112,0,40,0.35714285714285715,1.1099830572259288,0.034420845065373365,5.193812623428749,6.120423180923719
6,reference,8,trend,stable,all,627,622,622,0,476,0.7652733118971061,0.37781427069669854,0.08959486215911204,1.5379421340009005,3.481113527001943
6,reference,8,trend,stable,level_ge_7m,34,34,34,0,17,0.5,0.842530864102115,0.340576137184121,3.1888551777032235,3.481113527001943
6,reference,8,trend,unknown,all,32,23,9,14,5,0.5555555555555556,0.5767424872189495,-0.2888392057792847,1.1818829529921049,1.205719204907893
6,reference,8,trend,unknown,level_ge_7m,2,2,1,1,0,0.0,1.0567426304342167,1.0567426304342167,1.0567426304342167,1.0567426304342167
6,reference,9,event,594b4ac32b57fab12c848086,level_ge_7m,35,35,35,0,25,0.7142857142857143,0.3456181177654304,-0.25569523377331305,1.0224266769233472,1.3498076176118659
6,reference,9,event,a801ac814e2dfee4fc14bea5,level_ge_7m,135,135,133,2,25,0.18796992481203006,1.5647345642601613,0.26069175236010683,6.385543655535948,7.366754135676329
6,reference,9,event,f803fdacd0779dfe9e87b834,level_ge_7m,49,49,49,0,20,0.40816326530612246,0.5977363480036091,0.4884026296921694,1.1994614582617742,1.2076031276435373
6,reference,9,event,dcbe85f6ad3172a997c77a58,level_ge_7m,18,18,18,0,14,0.7777777777777778,0.3339760250183274,-0.11198392848389076,1.0693891263781221,1.078891026406982
6,reference,9,event,unassigned,level_ge_7m,0,0,0,0,0,,,,,
6,reference,9,trend,falling,all,844,836,835,1,445,0.5329341317365269,0.5411876358146568,-0.14183991687496875,1.7001179232439758,5.194239871862412
6,reference,9,trend,falling,level_ge_7m,85,85,84,1,32,0.38095238095238093,0.9067060446363419,0.5391645630273963,4.3802628760615505,5.194239871862412
6,reference,9,trend,rising,all,456,454,454,0,321,0.7070484581497798,0.5166527302267266,-0.030163262238563398,3.0552517095295944,7.366754135676329
6,reference,9,trend,rising,level_ge_7m,115,115,115,0,36,0.3130434782608696,1.249459002321538,-0.05695510941995377,6.601307079767492,7.366754135676329
6,reference,9,trend,stable,all,627,622,622,0,436,0.7009646302250804,0.42298846740036167,0.09244596846453758,1.5811010470944606,4.209504100862993
6,reference,9,trend,stable,level_ge_7m,35,35,35,0,16,0.45714285714285713,0.9838024262341124,0.2193114164786611,3.7300995199803255,4.209504100862993
6,reference,9,trend,unknown,all,32,24,9,15,5,0.5555555555555556,0.6183595047251236,-0.2579972264580086,1.28696966481824,1.2991919369217615
6,reference,9,trend,unknown,level_ge_7m,2,2,1,1,0,0.0,1.2228027362747529,1.2228027362747529,1.2228027362747529,1.2228027362747529
6,reference,10,event,594b4ac32b57fab12c848086,level_ge_7m,35,35,35,0,22,0.6285714285714286,0.3953202672072349,-0.33360464199161177,1.437885662566635,1.4919475968824267
6,reference,10,event,a801ac814e2dfee4fc14bea5,level_ge_7m,135,135,133,2,23,0.17293233082706766,1.7153570018754165,0.20565953121589037,6.751695759004755,8.405707625670848
6,reference,10,event,f803fdacd0779dfe9e87b834,level_ge_7m,49,49,49,0,19,0.3877551020408163,0.6342809702944239,0.4846308991767013,1.232689517209795,1.2356625262625478
6,reference,10,event,dcbe85f6ad3172a997c77a58,level_ge_7m,18,18,18,0,14,0.7777777777777778,0.4240941394273433,-0.1296750137873149,1.3470417977155102,1.4117942558700838
6,reference,10,event,unassigned,level_ge_7m,0,0,0,0,0,,,,,
6,reference,10,trend,falling,all,843,835,834,1,397,0.47601918465227816,0.6029857486012121,-0.16509283956457138,1.7993158957522362,5.7443205338491365
6,reference,10,trend,falling,level_ge_7m,83,83,82,1,29,0.35365853658536583,0.9743190677835589,0.5461787025448361,4.644067420752443,5.7443205338491365
6,reference,10,trend,rising,all,456,453,453,0,311,0.6865342163355408,0.5688909422324191,-0.008540383198159642,3.228922433897867,8.405707625670848
6,reference,10,trend,rising,level_ge_7m,117,117,117,0,36,0.3076923076923077,1.3428425972418536,-0.08764754968439334,7.1156298238037605,8.405707625670848
6,reference,10,trend,stable,all,627,622,622,0,403,0.6479099678456591,0.4783301323400682,0.07552822738055835,1.732015951467496,5.0351078741646615
6,reference,10,trend,stable,level_ge_7m,35,35,35,0,13,0.37142857142857144,1.2082172824213806,0.03313223892530401,4.53399438311391,5.0351078741646615
6,reference,10,trend,unknown,all,32,25,9,16,5,0.5555555555555556,0.6549055549399498,-0.2082623065324358,1.3846229029822892,1.397800335505531
6,reference,10,trend,unknown,level_ge_7m,2,2,1,1,0,0.0,1.397800335505531,1.397800335505531,1.397800335505531,1.397800335505531
6,reference,11,event,594b4ac32b57fab12c848086,level_ge_7m,35,35,35,0,21,0.6,0.44687040825761226,-0.4158590794736155,1.5187231460202848,1.5605480950155286
6,reference,11,event,a801ac814e2dfee4fc14bea5,level_ge_7m,135,135,133,2,19,0.14285714285714285,1.8995749969780884,0.13990399789760413,7.087809759279551,9.391440266156348
6,reference,11,event,f803fdacd0779dfe9e87b834,level_ge_7m,49,49,49,0,19,0.3877551020408163,0.680514492941651,0.4649899352714447,1.2694843111656204,1.3266723060158885
6,reference,11,event,dcbe85f6ad3172a997c77a58,level_ge_7m,18,18,18,0,13,0.7222222222222222,0.5211004504672043,-0.1713263155298913,1.6432603598664348,1.664571398566559
6,reference,11,event,unassigned,level_ge_7m,0,0,0,0,0,,,,,
6,reference,11,trend,falling,all,843,834,833,1,361,0.43337334933973587,0.6549249149711018,-0.18511809420731432,1.9184345794339916,6.132562306480447
6,reference,11,trend,falling,level_ge_7m,82,82,81,1,27,0.3333333333333333,1.069860051289657,0.5180949424990218,4.874860491582583,6.132562306480447
6,reference,11,trend,rising,all,456,452,452,0,289,0.6393805309734514,0.6321445061298621,0.023395437481996545,3.433188923671788,9.391440266156348
6,reference,11,trend,rising,level_ge_7m,118,118,118,0,33,0.2796610169491525,1.449669420410715,-0.10110123498377555,7.540654940866026,9.391440266156348
6,reference,11,trend,stable,all,626,622,622,0,372,0.5980707395498392,0.5433178217391774,0.04364588204914601,1.985734801513766,5.6057393802483135
6,reference,11,trend,stable,level_ge_7m,35,35,35,0,12,0.34285714285714286,1.4791136778949823,-0.22295057677627114,5.298569304504536,5.6057393802483135
6,reference,11,trend,unknown,all,32,26,9,17,4,0.4444444444444444,0.6887539304388296,-0.16192308613028658,1.4835790687360049,1.5203226604017708
6,reference,11,trend,unknown,level_ge_7m,2,2,1,1,0,0.0,1.5203226604017708,1.5203226604017708,1.5203226604017708,1.5203226604017708
6,reference,12,event,594b4ac32b57fab12c848086,level_ge_7m,35,35,35,0,19,0.5428571428571428,0.5174796643416804,-0.5060710505075726,1.6243835699637643,1.69216862868951
6,reference,12,event,a801ac814e2dfee4fc14bea5,level_ge_7m,135,135,133,2,15,0.11278195488721804,2.1011988191279687,0.05695922064477697,7.432480566552885,10.418506922843463
6,reference,12,event,f803fdacd0779dfe9e87b834,level_ge_7m,49,49,49,0,13,0.2653061224489796,0.7371908764567295,0.43888252852263276,1.362640255509025,1.4028212579805697
6,reference,12,event,dcbe85f6ad3172a997c77a58,level_ge_7m,18,18,18,0,10,0.5555555555555556,0.6431755046783558,-0.2356449426472299,1.9025533259556462,1.9097810111933722
6,reference,12,event,unassigned,level_ge_7m,0,0,0,0,0,,,,,
6,reference,12,trend,falling,all,843,834,833,1,348,0.4177671068427371,0.6929524848502441,-0.20525847748395368,2.0387495263077398,6.458105997317192
6,reference,12,trend,falling,level_ge_7m,83,83,82,1,22,0.2682926829268293,1.1888546403543725,0.4351480656576217,5.077102128419609,6.458105997317192
6,reference,12,trend,rising,all,456,451,451,0,262,0.5809312638580931,0.7099026646562955,0.07008164336951224,3.6645975027949618,10.418506922843463
6,reference,12,trend,rising,level_ge_7m,119,119,119,0,26,0.2184873949579832,1.5630364675602062,-0.11088701375929562,7.933500367442904,10.418506922843463
6,reference,12,trend,stable,all,625,621,621,0,341,0.5491143317230274,0.6094446005758202,0.0001652585076322744,2.481734229546294,6.015574924178553
6,reference,12,trend,stable,level_ge_7m,33,33,33,0,9,0.2727272727272727,1.8377000787321893,-0.499972203584942,5.850483051079604,6.015574924178553
6,reference,12,trend,unknown,all,32,27,9,18,4,0.4444444444444444,0.6599211300886648,-0.1792312707798533,1.2436481581863719,1.263539144567884
6,reference,12,trend,unknown,level_ge_7m,2,2,1,1,0,0.0,1.1392204796834324,1.1392204796834324,1.1392204796834324,1.1392204796834324
6,julho_levels,1,event,594b4ac32b57fab12c848086,level_ge_7m,35,35,35,0,35,1.0,0.08231966045375351,0.00412515934859662,0.20236416866662635,0.21741130743566117
6,julho_levels,1,event,a801ac814e2dfee4fc14bea5,level_ge_7m,135,135,133,2,114,0.8571428571428571,0.27640751222065574,0.13269424083701958,0.983545251402182,1.3363363795546643
6,julho_levels,1,event,f803fdacd0779dfe9e87b834,level_ge_7m,49,49,49,0,49,1.0,0.1532500240540722,0.09956574353843106,0.3456941836783126,0.3996595539689354
6,julho_levels,1,event,dcbe85f6ad3172a997c77a58,level_ge_7m,18,18,18,0,18,1.0,0.11421083431874246,-0.06902986767242231,0.33183191857792815,0.37056986709367745
6,julho_levels,1,event,unassigned,level_ge_7m,0,0,0,0,0,,,,,
6,julho_levels,1,trend,falling,all,850,846,845,1,837,0.9905325443786982,0.1430220289028909,0.09328567569479573,0.45173423700713894,0.8922724086285623
6,julho_levels,1,trend,falling,level_ge_7m,114,114,113,1,111,0.9823008849557522,0.18154321294912,0.1538040001301352,0.45322421594669654,0.6708659771482903
6,julho_levels,1,trend,rising,all,458,457,457,0,427,0.9343544857768052,0.18286668465535597,-0.10996367354479031,0.598799400406836,1.3363363795546643
6,julho_levels,1,trend,rising,level_ge_7m,87,87,87,0,71,0.8160919540229885,0.2652632068712037,-0.006077122702215699,1.0985770591539423,1.3363363795546643
6,julho_levels,1,trend,stable,all,627,627,627,0,619,0.9872408293460925,0.09712760574076854,-0.03267067301696455,0.48547443924372785,0.7052775114414715
6,julho_levels,1,trend,stable,level_ge_7m,34,34,34,0,34,1.0,0.1424435361601706,0.11190249814903179,0.49109445859083334,0.4917741345202469
6,julho_levels,1,trend,unknown,all,32,14,9,5,8,0.8888888888888888,0.29325259524329816,0.13633887735372674,0.7136555061731916,0.773071147124412
6,julho_levels,1,trend,unknown,level_ge_7m,2,2,1,1,0,0.0,0.773071147124412,0.773071147124412,0.773071147124412,0.773071147124412
6,julho_levels,2,event,594b4ac32b57fab12c848086,level_ge_7m,35,35,35,0,35,1.0,0.11887842866293398,0.003995100962748285,0.29379639742510916,0.30793499698976046
6,julho_levels,2,event,a801ac814e2dfee4fc14bea5,level_ge_7m,135,135,133,2,78,0.5864661654135338,0.44995210437362815,0.2173525951933079,1.3913547055200923,2.1256756873033744
6,julho_levels,2,event,f803fdacd0779dfe9e87b834,level_ge_7m,49,49,49,0,45,0.9183673469387755,0.2534019862317924,0.16594201684066226,0.5487871879245384,0.6364265648470795
6,julho_levels,2,event,dcbe85f6ad3172a997c77a58,level_ge_7m,18,18,18,0,16,0.8888888888888888,0.1792915710293156,-0.11759689768263984,0.5066623127302133,0.5069708505103057
6,julho_levels,2,event,unassigned,level_ge_7m,0,0,0,0,0,,,,,
6,julho_levels,2,trend,falling,all,850,844,843,1,741,0.8790035587188612,0.22364468013612693,0.13214923948345106,0.7340817622764297,1.0522958392511654
6,julho_levels,2,trend,falling,level_ge_7m,110,110,109,1,83,0.7614678899082569,0.2971144481545545,0.26426733586206425,0.8250399634896769,0.9915040332100844
6,julho_levels,2,trend,rising,all,457,456,456,0,384,0.8421052631578947,0.2625279618234695,-0.14613740658272864,0.929110363428108,2.1256756873033744
6,julho_levels,2,trend,rising,level_ge_7m,92,92,92,0,63,0.6847826086956522,0.4234478611467913,-0.011469199739019565,1.9304597774248047,2.1256756873033744
6,julho_levels,2,trend,stable,all,627,627,627,0,589,0.9393939393939394,0.15594284619570312,-0.044251554543767585,0.7747106391308252,1.0346967140177243
6,julho_levels,2,trend,stable,level_ge_7m,33,33,33,0,28,0.8484848484848485,0.2280632904330778,0.19795791812721042,0.8158349409550331,0.8189906084581846
6,julho_levels,2,trend,unknown,all,32,16,9,7,6,0.6666666666666666,0.40072828148036366,0.18340856444929954,0.7539810969558678,0.7795538301379388
6,julho_levels,2,trend,unknown,level_ge_7m,2,2,1,1,0,0.0,0.7795538301379388,0.7795538301379388,0.7795538301379388,0.7795538301379388
6,julho_levels,3,event,594b4ac32b57fab12c848086,level_ge_7m,35,35,35,0,34,0.9714285714285714,0.15437150160885668,2.583488430342332e-05,0.35848097870128887,0.5074117616746747
6,julho_levels,3,event,a801ac814e2dfee4fc14bea5,level_ge_7m,135,135,133,2,65,0.48872180451127817,0.6110070502687598,0.28288053357347454,1.9282595527184252,2.769956886268055
6,julho_levels,3,event,f803fdacd0779dfe9e87b834,level_ge_7m,49,49,49,0,39,0.7959183673469388,0.33430631868217875,0.22662015543823727,0.6738408678439319,0.7547322603823936
6,julho_levels,3,event,dcbe85f6ad3172a997c77a58,level_ge_7m,18,18,18,0,17,0.9444444444444444,0.2414350569342577,-0.13856196400885587,0.5603642749656468,0.5943698399470323
6,julho_levels,3,event,unassigned,level_ge_7m,0,0,0,0,0,,,,,
6,julho_levels,3,trend,falling,all,850,843,842,1,690,0.8194774346793349,0.2811485465578328,0.13966078924686115,0.953508646167266,1.219249604539435
6,julho_levels,3,trend,falling,level_ge_7m,106,106,105,1,70,0.6666666666666666,0.3928434030446272,0.3568674321416293,0.9986268527808089,1.1349892961388157
6,julho_levels,3,trend,rising,all,456,455,455,0,369,0.810989010989011,0.30947318974429505,-0.14945969177572732,1.23670543088252,2.769956886268055
6,julho_levels,3,trend,rising,level_ge_7m,96,96,96,0,57,0.59375,0.5712835514014724,-0.004753967728538995,2.159968978118686,2.769956886268055
6,julho_levels,3,trend,stable,all,627,626,626,0,571,0.9121405750798722,0.20084216124760024,-0.03598110365236728,0.946643956890076,1.3012497749131193
6,julho_levels,3,trend,stable,level_ge_7m,33,33,33,0,28,0.8484848484848485,0.32168986831645463,0.25858639405992084,1.0883748610931305,1.0924822476350684
6,julho_levels,3,trend,unknown,all,32,18,9,9,6,0.6666666666666666,0.4332930658211136,0.19651165439883214,0.8060872257001065,0.8289158451423695
6,julho_levels,3,trend,unknown,level_ge_7m,2,2,1,1,0,0.0,0.6862369736282261,0.6862369736282261,0.6862369736282261,0.6862369736282261
6,julho_levels,4,event,594b4ac32b57fab12c848086,level_ge_7m,35,35,35,0,35,1.0,0.18446425750077422,-0.0023125048037938864,0.4591505757337843,0.4686447484964482
6,julho_levels,4,event,a801ac814e2dfee4fc14bea5,level_ge_7m,135,135,133,2,60,0.45112781954887216,0.7599454684402441,0.3276684795356005,2.3033474753920298,3.146640556692857
6,julho_levels,4,event,f803fdacd0779dfe9e87b834,level_ge_7m,49,49,49,0,27,0.5510204081632653,0.40663835341508214,0.28085450633262565,0.7922395372757985,0.8087228902134624
6,julho_levels,4,event,dcbe85f6ad3172a997c77a58,level_ge_7m,18,18,18,0,16,0.8888888888888888,0.27684600592007025,-0.15327844342057434,0.5413229388464115,0.5460260571935551
6,julho_levels,4,event,unassigned,level_ge_7m,0,0,0,0,0,,,,,
6,julho_levels,4,trend,falling,all,849,840,839,1,653,0.7783075089392133,0.3180881108651819,0.12607560443215257,1.10812059296958,1.4096883827579556
6,julho_levels,4,trend,falling,level_ge_7m,103,103,102,1,65,0.6372549019607843,0.4727766080884317,0.42993468226103604,1.2221448679931397,1.3740426100788525
6,julho_levels,4,trend,rising,all,456,455,455,0,360,0.7912087912087912,0.3392851499771833,-0.14116113595937005,1.5460143655638874,3.146640556692857
6,julho_levels,4,trend,rising,level_ge_7m,99,99,99,0,49,0.494949494949495,0.6992050697822098,-7.752602189009696e-05,2.6373010096971665,3.146640556692857
6,julho_levels,4,trend,stable,all,627,627,627,0,551,0.8787878787878788,0.24519797567591686,-0.007676125751304457,1.1428941711068785,1.620245806102604
6,julho_levels,4,trend,stable,level_ge_7m,33,33,33,0,24,0.7272727272727273,0.43443286041588863,0.30301403068409394,1.4419269934432883,1.620245806102604
6,julho_levels,4,trend,unknown,all,32,19,9,10,5,0.5555555555555556,0.35387560173081645,0.12676608876555545,0.8277722493267479,0.8603567898086539
6,julho_levels,4,trend,unknown,level_ge_7m,2,2,1,1,0,0.0,0.656703411796741,0.656703411796741,0.656703411796741,0.656703411796741
6,julho_levels,5,event,594b4ac32b57fab12c848086,level_ge_7m,35,35,35,0,35,1.0,0.21052192023124985,-0.00913131991315641,0.45299642339376917,0.4797322979840146
6,julho_levels,5,event,a801ac814e2dfee4fc14bea5,level_ge_7m,135,135,133,2,54,0.40601503759398494,0.9076834128487955,0.34833064262903246,2.839838902201719,3.210054029360098
6,julho_levels,5,event,f803fdacd0779dfe9e87b834,level_ge_7m,49,49,49,0,25,0.5102040816326531,0.46246009615390754,0.3300773314403214,0.8834662980265298,0.9173765210466271
6,julho_levels,5,event,dcbe85f6ad3172a997c77a58,level_ge_7m,18,18,18,0,17,0.9444444444444444,0.28573241122133375,-0.146051435377561,0.5527999864848061,0.5877977702668735
6,julho_levels,5,event,unassigned,level_ge_7m,0,0,0,0,0,,,,,
6,julho_levels,5,trend,falling,all,848,839,838,1,624,0.7446300715990454,0.3450878420879977,0.09983758991095332,1.2774824184233535,1.5994191166879679
6,julho_levels,5,trend,falling,level_ge_7m,101,101,100,1,57,0.57,0.5543973349816185,0.4669677734514601,1.4480408486475096,1.5994191166879679
6,julho_levels,5,trend,rising,all,456,455,455,0,367,0.8065934065934066,0.36422505795160914,-0.1291517234563337,1.8602701868056017,3.210054029360098
6,julho_levels,5,trend,rising,level_ge_7m,102,102,102,0,52,0.5098039215686274,0.806652094900324,0.004644961084813957,2.8475548125881422,3.210054029360098
6,julho_levels,5,trend,stable,all,627,626,626,0,522,0.8338658146964856,0.29082770672624025,0.034742086831289175,1.314043313381779,2.4751480097585237
6,julho_levels,5,trend,stable,level_ge_7m,32,32,32,0,22,0.6875,0.5454491058273172,0.3644190198326088,1.8841817015851072,2.4751480097585237
6,julho_levels,5,trend,unknown,all,32,20,9,11,6,0.6666666666666666,0.3856928832478898,-0.003426342588710687,0.6931425714225943,0.7212706660399704
6,julho_levels,5,trend,unknown,level_ge_7m,2,2,1,1,0,0.0,0.7212706660399704,0.7212706660399704,0.7212706660399704,0.7212706660399704
6,julho_levels,6,event,594b4ac32b57fab12c848086,level_ge_7m,35,35,35,0,35,1.0,0.23141226499480091,-0.018379641500752164,0.4495258192607796,0.44963100957772184
6,julho_levels,6,event,a801ac814e2dfee4fc14bea5,level_ge_7m,135,135,133,2,42,0.3157894736842105,1.0525693860218417,0.4061765429727299,3.305735699655333,4.190778631942209
6,julho_levels,6,event,f803fdacd0779dfe9e87b834,level_ge_7m,49,49,49,0,23,0.46938775510204084,0.5041258728510406,0.3730583369470898,0.9671096159784646,1.000946493904964
6,julho_levels,6,event,dcbe85f6ad3172a997c77a58,level_ge_7m,18,18,18,0,15,0.8333333333333334,0.29456301827653103,-0.13338409738742207,0.6265853775071659,0.6692817774562148
6,julho_levels,6,event,unassigned,level_ge_7m,0,0,0,0,0,,,,,
6,julho_levels,6,trend,falling,all,847,838,837,1,602,0.7192353643966547,0.3740884529102087,0.07050012614729236,1.3973612929330443,2.5864945747013266
6,julho_levels,6,trend,falling,level_ge_7m,98,98,97,1,50,0.5154639175257731,0.6433980493869029,0.486127433547483,1.6917030084864007,2.5864945747013266
6,julho_levels,6,trend,rising,all,456,455,455,0,368,0.8087912087912088,0.38888169119574906,-0.10221162103658472,2.160025940725111,4.190778631942209
6,julho_levels,6,trend,rising,level_ge_7m,105,105,105,0,44,0.41904761904761906,0.9040838389008845,0.07170926009139007,3.523126873334459,4.190778631942209
6,julho_levels,6,trend,stable,all,627,625,625,0,482,0.7712,0.3326025328464447,0.08307473836798461,1.3729711278439867,2.9373530427956407
6,julho_levels,6,trend,stable,level_ge_7m,32,32,32,0,21,0.65625,0.6205691429025607,0.42732721531817464,2.174303479568192,2.9373530427956407
6,julho_levels,6,trend,unknown,all,32,21,9,12,6,0.6666666666666666,0.3658059546164498,-0.09994656403178048,0.8669446125926626,0.8988332663971725
6,julho_levels,6,trend,unknown,level_ge_7m,2,2,1,1,0,0.0,0.8988332663971725,0.8988332663971725,0.8988332663971725,0.8988332663971725
6,julho_levels,7,event,594b4ac32b57fab12c848086,level_ge_7m,35,35,35,0,34,0.9714285714285714,0.24743995841162847,-0.032861965641909054,0.49354834927937236,0.5062743907755074
6,julho_levels,7,event,a801ac814e2dfee4fc14bea5,level_ge_7m,135,135,133,2,34,0.2556390977443609,1.1794072730123555,0.4235494987678945,3.480019267121343,4.913469515100857
6,julho_levels,7,event,f803fdacd0779dfe9e87b834,level_ge_7m,49,49,49,0,24,0.4897959183673469,0.54311597888767,0.40942561698886376,1.0325948355977166,1.0461711073311548
6,julho_levels,7,event,dcbe85f6ad3172a997c77a58,level_ge_7m,18,18,18,0,16,0.8888888888888888,0.28236881472079106,-0.10656852192811522,0.7245842144571432,0.7663716466815753
6,julho_levels,7,event,unassigned,level_ge_7m,0,0,0,0,0,,,,,
6,julho_levels,7,trend,falling,all,846,838,837,1,581,0.6941457586618877,0.40653914084684545,0.04505396867922721,1.3417481263021065,3.480506097726897
6,julho_levels,7,trend,falling,level_ge_7m,94,94,93,1,45,0.4838709677419355,0.7274820491503983,0.5092821842920123,2.839852605918164,3.480506097726897
6,julho_levels,7,trend,rising,all,456,455,455,0,357,0.7846153846153846,0.4146352928580963,-0.08301368475938638,2.428339495290345,4.913469515100857
6,julho_levels,7,trend,rising,level_ge_7m,109,109,109,0,43,0.3944954128440367,0.9678686202562385,0.09592958593797737,3.4395896553685206,4.913469515100857
6,julho_levels,7,trend,stable,all,627,623,623,0,459,0.7367576243980738,0.37398260137661615,0.12855157051077928,1.5020824410830438,3.084142211654555
6,julho_levels,7,trend,stable,level_ge_7m,32,32,32,0,20,0.625,0.7169937187274764,0.44957468945908285,2.309054518846492,3.084142211654555
6,julho_levels,7,trend,unknown,all,32,22,9,13,6,0.6666666666666666,0.48695783379202773,-0.11827469345564016,1.056520394758503,1.1195783073240726
6,julho_levels,7,trend,unknown,level_ge_7m,2,2,1,1,0,0.0,1.1195783073240726,1.1195783073240726,1.1195783073240726,1.1195783073240726
6,julho_levels,8,event,594b4ac32b57fab12c848086,level_ge_7m,35,35,35,0,28,0.8,0.2703020917931666,-0.052210817044937914,0.5813757921638173,0.5874964667146774
6,julho_levels,8,event,a801ac814e2dfee4fc14bea5,level_ge_7m,135,135,133,2,30,0.22556390977443608,1.3087753484034879,0.42025276354977514,4.196621987193001,5.290344913970436
6,julho_levels,8,event,f803fdacd0779dfe9e87b834,level_ge_7m,49,49,49,0,22,0.4489795918367347,0.5680355707118414,0.43674441553251697,1.0960473418043115,1.125597690206492
6,julho_levels,8,event,dcbe85f6ad3172a997c77a58,level_ge_7m,18,18,18,0,15,0.8333333333333334,0.29249487019600806,-0.08174358783478278,0.7854151744342293,0.8188976901754446
6,julho_levels,8,event,unassigned,level_ge_7m,0,0,0,0,0,,,,,
6,julho_levels,8,trend,falling,all,845,837,836,1,534,0.638755980861244,0.4399753011326757,0.02716983491412849,1.3507206571611723,4.128088884426527
6,julho_levels,8,trend,falling,level_ge_7m,89,89,88,1,38,0.4318181818181818,0.8112403947478721,0.5423507314929978,3.571146719053715,4.128088884426527
6,julho_levels,8,trend,rising,all,456,455,455,0,349,0.7670329670329671,0.4440285622294326,-0.0636991562122604,2.4601083405129103,5.290344913970436
6,julho_levels,8,trend,rising,level_ge_7m,112,112,112,0,40,0.35714285714285715,1.0426088141751353,0.10707084117147314,4.232255405638046,5.290344913970436
6,julho_levels,8,trend,stable,all,627,622,622,0,437,0.702572347266881,0.4112354741256223,0.16261761339917039,1.6905478888689185,3.076252751572131
6,julho_levels,8,trend,stable,level_ge_7m,34,34,34,0,17,0.5,0.8003806091871644,0.3830726356465926,2.743760458826556,3.076252751572131
6,julho_levels,8,trend,unknown,all,32,23,9,14,4,0.4444444444444444,0.5564587150671875,-0.08153310521419004,1.167993397592686,1.2520625410415747
6,julho_levels,8,trend,unknown,level_ge_7m,2,2,1,1,0,0.0,1.2520625410415747,1.2520625410415747,1.2520625410415747,1.2520625410415747
6,julho_levels,9,event,594b4ac32b57fab12c848086,level_ge_7m,35,35,35,0,28,0.8,0.299540552348241,-0.07900915432048168,0.7305156188739994,0.9638171092146628
6,julho_levels,9,event,a801ac814e2dfee4fc14bea5,level_ge_7m,135,135,133,2,27,0.20300751879699247,1.4869425254685733,0.34528512433798914,5.306803991178308,6.286673602768847
6,julho_levels,9,event,f803fdacd0779dfe9e87b834,level_ge_7m,49,49,49,0,23,0.46938775510204084,0.5791052058404951,0.4433929224595092,1.1592464183138842,1.1864113121110567
6,julho_levels,9,event,dcbe85f6ad3172a997c77a58,level_ge_7m,18,18,18,0,14,0.7777777777777778,0.33789070857304543,-0.0529511989537438,0.907954561543123,0.913769535525228
6,julho_levels,9,event,unassigned,level_ge_7m,0,0,0,0,0,,,,,
6,julho_levels,9,trend,falling,all,844,836,835,1,509,0.6095808383233533,0.4744959724033345,0.01679743620118022,1.4966032481447626,4.609121552424511
6,julho_levels,9,trend,falling,level_ge_7m,85,85,84,1,33,0.39285714285714285,0.8829826240323003,0.576888326758907,3.9316076334532895,4.609121552424511
6,julho_levels,9,trend,rising,all,456,454,454,0,343,0.7555066079295154,0.49032988274421163,-0.057885385526911505,2.7999044725363245,6.286673602768847
6,julho_levels,9,trend,rising,level_ge_7m,115,115,115,0,42,0.3652173913043478,1.1654310743633345,0.041528489233599225,5.642370528265717,6.286673602768847
6,julho_levels,9,trend,stable,all,627,622,622,0,425,0.6832797427652733,0.44320153433928505,0.18149567424015092,1.7264675280709707,3.6917755331820246
6,julho_levels,9,trend,stable,level_ge_7m,35,35,35,0,17,0.4857142857142857,0.9446089453235081,0.2642086012081128,3.252985268820772,3.6917755331820246
6,julho_levels,9,trend,unknown,all,32,24,9,15,4,0.4444444444444444,0.6069984480893214,-0.014115363587807591,1.3593018132475336,1.4490360031882155
6,julho_levels,9,trend,unknown,level_ge_7m,2,2,1,1,0,0.0,1.4490360031882155,1.4490360031882155,1.4490360031882155,1.4490360031882155
6,julho_levels,10,event,594b4ac32b57fab12c848086,level_ge_7m,35,35,35,0,28,0.8,0.32101729790959194,-0.11701890941132242,1.0221449335655555,1.1084769121311764
6,julho_levels,10,event,a801ac814e2dfee4fc14bea5,level_ge_7m,135,135,133,2,23,0.17293233082706766,1.6375025381959551,0.29897486340932455,6.153828647062534,7.189303791286582
6,julho_levels,10,event,f803fdacd0779dfe9e87b834,level_ge_7m,49,49,49,0,23,0.46938775510204084,0.6128578393547427,0.43686645680873726,1.2102729590383259,1.249529864987574
6,julho_levels,10,event,dcbe85f6ad3172a997c77a58,level_ge_7m,18,18,18,0,14,0.7777777777777778,0.3968894855324162,-0.05111150506796536,1.09260138831839,1.1361928278073368
6,julho_levels,10,event,unassigned,level_ge_7m,0,0,0,0,0,,,,,
6,julho_levels,10,trend,falling,all,843,835,834,1,482,0.5779376498800959,0.5077398617456812,0.014055041490289402,1.6286547008927483,5.106731355608688
6,julho_levels,10,trend,falling,level_ge_7m,83,83,82,1,30,0.36585365853658536,0.940886063517353,0.5835049232122298,4.141789123131776,5.106731355608688
6,julho_levels,10,trend,rising,all,456,453,453,0,332,0.7328918322295805,0.5284942626192548,-0.03339227789518781,2.931470762728497,7.189303791286582
6,julho_levels,10,trend,rising,level_ge_7m,117,117,117,0,44,0.37606837606837606,1.2560431359416033,0.03105518594110331,6.639418119535203,7.189303791286582
6,julho_levels,10,trend,stable,all,627,622,622,0,423,0.680064308681672,0.4688903871175974,0.18093624727368476,1.7591229901070358,4.473982040224118
6,julho_levels,10,trend,stable,level_ge_7m,35,35,35,0,14,0.4,1.1553551557522441,0.08637801508549028,4.066521353625828,4.473982040224118
6,julho_levels,10,trend,unknown,all,32,25,9,16,4,0.4444444444444444,0.6638165255165587,0.06833790444642994,1.5623403994344085,1.6503533099445367
6,julho_levels,10,trend,unknown,level_ge_7m,2,2,1,1,0,0.0,1.6503533099445367,1.6503533099445367,1.6503533099445367,1.6503533099445367
6,julho_levels,11,event,594b4ac32b57fab12c848086,level_ge_7m,35,35,35,0,28,0.8,0.3380301573431745,-0.15670239767686622,1.027395576171132,1.1423160980789797
6,julho_levels,11,event,a801ac814e2dfee4fc14bea5,level_ge_7m,135,135,133,2,23,0.17293233082706766,1.8073078813268963,0.23859155659585843,6.723852673585958,8.086268435347241
6,julho_levels,11,event,f803fdacd0779dfe9e87b834,level_ge_7m,49,49,49,0,21,0.42857142857142855,0.6482328869683882,0.4171069243799844,1.2343014764917881,1.274134929974153
6,julho_levels,11,event,dcbe85f6ad3172a997c77a58,level_ge_7m,18,18,18,0,13,0.7222222222222222,0.4807098280623625,-0.07240885156132043,1.346343943696474,1.3749060223549057
6,julho_levels,11,event,unassigned,level_ge_7m,0,0,0,0,0,,,,,
6,julho_levels,11,trend,falling,all,843,834,833,1,475,0.5702280912364946,0.5321075966968956,0.013927543447561381,1.882895510454571,5.451894885317248
6,julho_levels,11,trend,falling,level_ge_7m,82,82,81,1,27,0.3333333333333333,1.0236305696979617,0.5511468723716236,4.330941382512551,5.451894885317248
6,julho_levels,11,trend,rising,all,456,452,452,0,322,0.7123893805309734,0.575629022804639,0.0035404112170073603,3.101641734339142,8.086268435347241
6,julho_levels,11,trend,rising,level_ge_7m,118,118,118,0,47,0.3983050847457627,1.3505598068935056,0.034259490816427915,7.2294582663831095,8.086268435347241
6,julho_levels,11,trend,stable,all,626,622,622,0,414,0.6655948553054662,0.4935694337320298,0.16443527816340375,1.9966760425268013,5.011100002572546
6,julho_levels,11,trend,stable,level_ge_7m,35,35,35,0,11,0.3142857142857143,1.3869673426664304,-0.1456498640323992,4.802989244127397,5.011100002572546
6,julho_levels,11,trend,unknown,all,32,26,9,17,3,0.3333333333333333,0.7218674803995525,0.1433246861587789,1.7137484261648919,1.7952017377682807
6,julho_levels,11,trend,unknown,level_ge_7m,2,2,1,1,0,0.0,1.7952017377682807,1.7952017377682807,1.7952017377682807,1.7952017377682807
6,julho_levels,12,event,594b4ac32b57fab12c848086,level_ge_7m,35,35,35,0,26,0.7428571428571429,0.3508081641839517,-0.200981446821867,1.0452234089143335,1.1401360555014595
6,julho_levels,12,event,a801ac814e2dfee4fc14bea5,level_ge_7m,135,135,133,2,18,0.13533834586466165,2.005603881190738,0.1610418631696972,7.398892983368636,9.038315647130192
6,julho_levels,12,event,f803fdacd0779dfe9e87b834,level_ge_7m,49,49,49,0,17,0.3469387755102041,0.6944774035043071,0.3884574583072082,1.2265595117303125,1.243202839580574
6,julho_levels,12,event,dcbe85f6ad3172a997c77a58,level_ge_7m,18,18,18,0,10,0.5555555555555556,0.5620423033631003,-0.10083192870689055,1.495724505287371,1.5652579314131003
6,julho_levels,12,event,unassigned,level_ge_7m,0,0,0,0,0,,,,,
6,julho_levels,12,trend,falling,all,843,834,833,1,459,0.5510204081632653,0.5467395153739514,0.01105913195100683,1.8976291581505758,5.744059452108404
6,julho_levels,12,trend,falling,level_ge_7m,83,83,82,1,23,0.2804878048780488,1.1251913257414659,0.4705329538772144,4.506514493923486,5.744059452108404
6,julho_levels,12,trend,rising,all,456,451,451,0,303,0.6718403547671841,0.632987469535058,0.05845578051430158,3.2954224534490777,9.038315647130192
6,julho_levels,12,trend,rising,level_ge_7m,119,119,119,0,40,0.33613445378151263,1.4596691892637603,0.04450369738643119,7.860571847334439,9.038315647130192
6,julho_levels,12,trend,stable,all,625,621,621,0,394,0.6344605475040258,0.515819837023147,0.1374808287725611,2.2113346123408255,5.397027819743766
6,julho_levels,12,trend,stable,level_ge_7m,33,33,33,0,8,0.24242424242424243,1.6898713279930333,-0.41556558860238874,5.329452440924284,5.397027819743766
6,julho_levels,12,trend,unknown,all,32,27,9,18,3,0.3333333333333333,0.723717031748627,0.15158993996683165,1.4349783853979063,1.4376801200954965
6,julho_levels,12,trend,unknown,level_ge_7m,2,2,1,1,0,0.0,1.4376801200954965,1.4376801200954965,1.4376801200954965,1.4376801200954965
2,reference,1,event,594b4ac32b57fab12c848086,level_ge_7m,35,35,35,0,35,1.0,0.12249707337037774,-0.02281711328765993,0.32967354152388095,0.37597805036048815
2,reference,1,event,a801ac814e2dfee4fc14bea5,level_ge_7m,135,135,133,2,72,0.5413533834586466,0.533260991883742,0.37529325956741927,1.1608457439532613,1.4315772979691417
2,reference,1,event,f803fdacd0779dfe9e87b834,level_ge_7m,49,49,49,0,38,0.7755102040816326,0.3077756355200343,0.26339515474063213,0.577398413304809,0.6012455411410027
2,reference,1,event,dcbe85f6ad3172a997c77a58,level_ge_7m,18,18,18,0,18,1.0,0.19806983590589702,-0.1933393855124957,0.4680521350565845,0.48916956806402023
2,reference,1,event,unassigned,level_ge_7m,0,0,0,0,0,,,,,
2,reference,1,trend,falling,all,850,846,845,1,762,0.901775147928994,0.21845281444024048,0.11049276349092528,1.0049992479944063,1.4366862682698178
2,reference,1,trend,falling,level_ge_7m,114,114,113,1,72,0.6371681415929203,0.4148462943794455,0.40736520561138406,1.0857679397208657,1.1227629075487666
2,reference,1,trend,rising,all,458,457,457,0,426,0.9321663019693655,0.2444817593910029,-0.12573300234846047,0.9248425705697688,1.4315772979691417
2,reference,1,trend,rising,level_ge_7m,87,87,87,0,64,0.735632183908046,0.3997931557189096,0.02696821309621087,1.1692791057656389,1.4315772979691417
2,reference,1,trend,stable,all,627,627,627,0,605,0.9649122807017544,0.17621900605309826,-0.0669114360676556,0.6802626837160417,1.1583144563783119
2,reference,1,trend,stable,level_ge_7m,34,34,34,0,27,0.7941176470588235,0.33031078149281495,0.2704701510263948,1.1545453339484255,1.1583144563783119
2,reference,1,trend,unknown,all,32,14,9,5,8,0.8888888888888888,0.35280457422270095,0.10552498256660615,0.8743828599243477,0.9671702921105414
2,reference,1,trend,unknown,level_ge_7m,2,2,1,1,0,0.0,0.9671702921105414,0.9671702921105414,0.9671702921105414,0.9671702921105414
2,reference,2,event,594b4ac32b57fab12c848086,level_ge_7m,35,35,35,0,35,1.0,0.18348518226045715,-0.04675562130433222,0.44798623478455174,0.4876040182941823
2,reference,2,event,a801ac814e2dfee4fc14bea5,level_ge_7m,135,135,133,2,50,0.37593984962406013,0.796918536368608,0.5359184116877114,1.6798811788730945,2.070312570131458
2,reference,2,event,f803fdacd0779dfe9e87b834,level_ge_7m,49,49,49,0,29,0.5918367346938775,0.4494306983592353,0.3833917167826241,0.8077115549310174,0.8632355843372377
2,reference,2,event,dcbe85f6ad3172a997c77a58,level_ge_7m,18,18,18,0,15,0.8333333333333334,0.2813359623266443,-0.27639382413800606,0.6310145995252933,0.6551717538014827
2,reference,2,event,unassigned,level_ge_7m,0,0,0,0,0,,,,,
2,reference,2,trend,falling,all,850,844,843,1,701,0.8315539739027283,0.298876512171095,0.14180432611625945,1.478160897727694,1.673094370832513
2,reference,2,trend,falling,level_ge_7m,110,110,109,1,56,0.5137614678899083,0.6201321291803615,0.6049913835669692,1.5637778274588643,1.580823110195123
2,reference,2,trend,rising,all,457,456,456,0,373,0.8179824561403509,0.33673989545605626,-0.16637539194496517,1.3334521950586051,2.070312570131458
2,reference,2,trend,rising,level_ge_7m,92,92,92,0,48,0.5217391304347826,0.6011182729349978,0.030457900445752563,1.7242282446972126,2.070312570131458
2,reference,2,trend,stable,all,627,627,627,0,578,0.9218500797448166,0.2428234152497137,-0.09739633103711522,0.8946036673382866,1.6809112415486194
2,reference,2,trend,stable,level_ge_7m,33,33,33,0,25,0.7575757575757576,0.47205174869082633,0.4146155238400938,1.6679725028081893,1.6809112415486194
2,reference,2,trend,unknown,all,32,16,9,7,5,0.5555555555555556,0.47616146794863734,0.12603372436920812,0.9552496330472675,1.0233073601465037
2,reference,2,trend,unknown,level_ge_7m,2,2,1,1,0,0.0,1.0233073601465037,1.0233073601465037,1.0233073601465037,1.0233073601465037
2,reference,3,event,594b4ac32b57fab12c848086,level_ge_7m,35,35,35,0,34,0.9714285714285714,0.22421115489206292,-0.0698174530511838,0.495379599600587,0.5767485174657514
2,reference,3,event,a801ac814e2dfee4fc14bea5,level_ge_7m,135,135,133,2,40,0.3007518796992481,0.9812050554205722,0.619952992193978,2.2209606919072344,2.4235230764366538
2,reference,3,event,f803fdacd0779dfe9e87b834,level_ge_7m,49,49,49,0,23,0.46938775510204084,0.542038854279063,0.459969040068716,0.9818117418024125,1.0201967056862404
2,reference,3,event,dcbe85f6ad3172a997c77a58,level_ge_7m,18,18,18,0,15,0.8333333333333334,0.30482978194625876,-0.3000004327519659,0.6628843487426097,0.6715325520085154
2,reference,3,event,unassigned,level_ge_7m,0,0,0,0,0,,,,,
2,reference,3,trend,falling,all,850,843,842,1,680,0.8076009501187649,0.33538483771108,0.13339810244974956,1.5700002593573197,1.8932515900062974
2,reference,3,trend,falling,level_ge_7m,106,106,105,1,44,0.41904761904761906,0.7516734439479389,0.7290567310283914,1.8701315985849145,1.8932515900062974
2,reference,3,trend,rising,all,456,455,455,0,349,0.7670329670329671,0.38534178444578177,-0.16980232128429082,1.7064660774000024,2.4235230764366538
2,reference,3,trend,rising,level_ge_7m,96,96,96,0,43,0.4479166666666667,0.7559307736371658,0.029316126761868223,2.26280865639088,2.4235230764366538
2,reference,3,trend,stable,all,627,626,626,0,562,0.8977635782747604,0.27099469020948763,-0.10207505051564633,0.9384345917411534,1.9900266703765919
2,reference,3,trend,stable,level_ge_7m,33,33,33,0,25,0.7575757575757576,0.5445090791051446,0.510686973303791,1.9890283960778208,1.9900266703765919
2,reference,3,trend,unknown,all,32,18,9,9,4,0.4444444444444444,0.5116112611524741,0.11245050721823192,0.9061459829957207,0.9306372326937868
2,reference,3,trend,unknown,level_ge_7m,2,2,1,1,0,0.0,0.9306372326937868,0.9306372326937868,0.9306372326937868,0.9306372326937868
2,reference,4,event,594b4ac32b57fab12c848086,level_ge_7m,35,35,35,0,34,0.9714285714285714,0.2440555881074556,-0.08825948558796605,0.48603278388330656,0.5318706143606704
2,reference,4,event,a801ac814e2dfee4fc14bea5,level_ge_7m,135,135,133,2,36,0.2706766917293233,1.124298503049534,0.6535007310874682,2.566612753358455,2.886599746376149
2,reference,4,event,f803fdacd0779dfe9e87b834,level_ge_7m,49,49,49,0,22,0.4489795918367347,0.5991223076004114,0.5076417474799512,1.1092532454161395,1.2065501897273894
2,reference,4,event,dcbe85f6ad3172a997c77a58,level_ge_7m,18,18,18,0,13,0.7222222222222222,0.32860362874834154,-0.3133115731505389,0.6562196358436035,0.677206972055056
2,reference,4,event,unassigned,level_ge_7m,0,0,0,0,0,,,,,
2,reference,4,trend,falling,all,849,840,839,1,675,0.8045292014302742,0.34986291420789617,0.10013823770991089,1.6287591655383529,2.137161795819102
2,reference,4,trend,falling,level_ge_7m,103,103,102,1,39,0.38235294117647056,0.8303631950695022,0.8016949613322331,2.1013719560829833,2.137161795819102
2,reference,4,trend,rising,all,456,455,455,0,349,0.7670329670329671,0.41088221623029747,-0.15703769490249553,2.117328089404046,2.886599746376149
2,reference,4,trend,rising,level_ge_7m,99,99,99,0,44,0.4444444444444444,0.8761222304566426,0.025192581056937658,2.6056037961107394,2.886599746376149
2,reference,4,trend,stable,all,627,627,627,0,552,0.8803827751196173,0.2842818825608345,-0.08356496861418994,1.1348629565624466,2.217487923622299
2,reference,4,trend,stable,level_ge_7m,33,33,33,0,22,0.6666666666666666,0.6375401618428639,0.5430566103699954,2.1964753784152014,2.217487923622299
2,reference,4,trend,unknown,all,32,19,9,10,5,0.5555555555555556,0.4256951380427341,0.016199656428851447,0.8610354095891902,0.8735328261279136
2,reference,4,trend,unknown,level_ge_7m,2,2,1,1,0,0.0,0.8735328261279136,0.8735328261279136,0.8735328261279136,0.8735328261279136
2,reference,5,event,594b4ac32b57fab12c848086,level_ge_7m,35,35,35,0,32,0.9142857142857143,0.26066396636211164,-0.11055452978866402,0.5643365957404572,0.5872934314695488
2,reference,5,event,a801ac814e2dfee4fc14bea5,level_ge_7m,135,135,133,2,34,0.2556390977443609,1.2420527336505487,0.6366281834659444,3.0396889933767834,4.188705508185578
2,reference,5,event,f803fdacd0779dfe9e87b834,level_ge_7m,49,49,49,0,19,0.3877551020408163,0.6393881488405423,0.5406848670406894,1.2665413766086562,1.3140850728067779
2,reference,5,event,dcbe85f6ad3172a997c77a58,level_ge_7m,18,18,18,0,13,0.7222222222222222,0.34035953506981614,-0.29950217083757363,0.7154897687299816,0.7733429999587127
2,reference,5,event,unassigned,level_ge_7m,0,0,0,0,0,,,,,
2,reference,5,trend,falling,all,848,839,838,1,665,0.7935560859188544,0.36090822447935716,0.05081301782638934,1.621919786691673,2.3087030480443236
2,reference,5,trend,falling,level_ge_7m,101,101,100,1,37,0.37,0.8902629855050421,0.8139120120594372,2.283188747016611,2.3087030480443236
2,reference,5,trend,rising,all,456,455,455,0,348,0.7648351648351648,0.42788802945989546,-0.14056839871892463,2.2469718918120734,4.188705508185578
2,reference,5,trend,rising,level_ge_7m,102,102,102,0,42,0.4117647058823529,0.9612673461504052,0.008800492532570203,3.2340075250589355,4.188705508185578
2,reference,5,trend,stable,all,627,626,626,0,547,0.8738019169329073,0.29664827197719873,-0.04828698836048883,1.2686452512957658,2.3451062233716957
2,reference,5,trend,stable,level_ge_7m,32,32,32,0,19,0.59375,0.7438638288802988,0.5850710901060603,2.3131450801502726,2.3451062233716957
2,reference,5,trend,unknown,all,32,20,9,11,6,0.6666666666666666,0.4368522525087155,-0.14356343880592512,0.8581929350407917,0.8935329406250325
2,reference,5,trend,unknown,level_ge_7m,2,2,1,1,0,0.0,0.8935329406250325,0.8935329406250325,0.8935329406250325,0.8935329406250325
2,reference,6,event,594b4ac32b57fab12c848086,level_ge_7m,35,35,35,0,29,0.8285714285714286,0.2766274887255867,-0.1391519580981896,0.6579767441195375,0.6650648290305785
2,reference,6,event,a801ac814e2dfee4fc14bea5,level_ge_7m,135,135,133,2,32,0.24060150375939848,1.3564925136720458,0.6656866722459264,3.4278485358198325,4.985746705344257
2,reference,6,event,f803fdacd0779dfe9e87b834,level_ge_7m,49,49,49,0,18,0.3673469387755102,0.6655267501939927,0.5671333826417951,1.3389338526474446,1.355935419040069
2,reference,6,event,dcbe85f6ad3172a997c77a58,level_ge_7m,18,18,18,0,15,0.8333333333333334,0.3495684822908448,-0.28618186254493216,0.8656624475402044,0.9380786533527488
2,reference,6,event,unassigned,level_ge_7m,0,0,0,0,0,,,,,
2,reference,6,trend,falling,all,847,838,837,1,630,0.7526881720430108,0.3855796211924396,-0.002773506698639762,1.821969773079233,2.4918785047394394
2,reference,6,trend,falling,level_ge_7m,98,98,97,1,35,0.36082474226804123,0.9561706455962684,0.7995363506919325,2.4391279243169603,2.4918785047394394
2,reference,6,trend,rising,all,456,455,455,0,350,0.7692307692307693,0.4464413787778096,-0.10327493019015674,2.361469353247665,4.985746705344257
2,reference,6,trend,rising,level_ge_7m,105,105,105,0,42,0.4,1.0394919164534941,0.07506423458956213,4.129845068798279,4.985746705344257
2,reference,6,trend,stable,all,627,625,625,0,540,0.864,0.31493359050846575,-0.007183201983531967,1.3236821047553817,2.7510750299273123
2,reference,6,trend,stable,level_ge_7m,32,32,32,0,17,0.53125,0.8152333325604706,0.6203644086800242,2.5746841772012057,2.7510750299273123
2,reference,6,trend,unknown,all,32,21,9,12,5,0.5555555555555556,0.4971029073099782,-0.27136082461476063,0.9594430082969373,1.0158393721284789
2,reference,6,trend,unknown,level_ge_7m,2,2,1,1,0,0.0,1.0158393721284789,1.0158393721284789,1.0158393721284789,1.0158393721284789
2,reference,7,event,594b4ac32b57fab12c848086,level_ge_7m,35,35,35,0,26,0.7428571428571429,0.30204664515157525,-0.17675851251521835,0.7697759020825908,0.7906236806347593
2,reference,7,event,a801ac814e2dfee4fc14bea5,level_ge_7m,135,135,133,2,27,0.20300751879699247,1.4615692788089738,0.6320765488176665,4.029773745818823,5.84742129675511
2,reference,7,event,f803fdacd0779dfe9e87b834,level_ge_7m,49,49,49,0,17,0.3469387755102041,0.6920172216162328,0.5917302640480381,1.3578215497535666,1.373300182819536
2,reference,7,event,dcbe85f6ad3172a997c77a58,level_ge_7m,18,18,18,0,14,0.7777777777777778,0.34291140804876646,-0.262051482301597,0.9852610351057163,1.0113195062115894
2,reference,7,event,unassigned,level_ge_7m,0,0,0,0,0,,,,,
2,reference,7,trend,falling,all,846,838,837,1,584,0.6977299880525687,0.43076762657962325,-0.053088268719993774,1.9980969189511857,3.6132261473758422
2,reference,7,trend,falling,level_ge_7m,94,94,93,1,32,0.34408602150537637,1.0205288772001442,0.7898234311907216,2.964339682604271,3.6132261473758422
2,reference,7,trend,rising,all,456,455,455,0,346,0.7604395604395604,0.4681828406152754,-0.07977098739652742,2.508448681651521,5.84742129675511
2,reference,7,trend,rising,level_ge_7m,109,109,109,0,37,0.3394495412844037,1.0989064141338452,0.07319515183710565,4.5309790230750835,5.84742129675511
2,reference,7,trend,stable,all,627,623,623,0,514,0.8250401284109149,0.34776620419920085,0.029413547915370618,1.3718732301186038,3.032926459153529
2,reference,7,trend,stable,level_ge_7m,32,32,32,0,15,0.46875,0.9116933630235843,0.6108817228639345,2.723122318614806,3.032926459153529
2,reference,7,trend,unknown,all,32,22,9,13,4,0.4444444444444444,0.5850187563414866,-0.3233690832271279,1.152340926683795,1.1774235290146144
2,reference,7,trend,unknown,level_ge_7m,2,2,1,1,0,0.0,1.1774235290146144,1.1774235290146144,1.1774235290146144,1.1774235290146144
2,reference,8,event,594b4ac32b57fab12c848086,level_ge_7m,35,35,35,0,26,0.7428571428571429,0.33786663081743545,-0.22307897356180387,0.8677110031751107,0.8798140057354571
2,reference,8,event,a801ac814e2dfee4fc14bea5,level_ge_7m,135,135,133,2,23,0.17293233082706766,1.568507194257718,0.5839181183040633,4.852469357927596,6.265150780312863
2,reference,8,event,f803fdacd0779dfe9e87b834,level_ge_7m,49,49,49,0,16,0.32653061224489793,0.704748878907918,0.6108854153393776,1.3620604953603945,1.4034650085757328
2,reference,8,event,dcbe85f6ad3172a997c77a58,level_ge_7m,18,18,18,0,14,0.7777777777777778,0.33222722702463175,-0.2421589290914956,1.040687552295703,1.0600712519219089
2,reference,8,event,unassigned,level_ge_7m,0,0,0,0,0,,,,,
2,reference,8,trend,falling,all,845,837,836,1,523,0.6255980861244019,0.49034067630063616,-0.09563099279584039,1.9142644747755555,4.3820549964024025
2,reference,8,trend,falling,level_ge_7m,89,89,88,1,27,0.3068181818181818,1.088953979654452,0.7948248269828672,3.6668325112646483,4.3820549964024025
2,reference,8,trend,rising,all,456,455,455,0,338,0.7428571428571429,0.49640528868681716,-0.05585178820436947,2.614032113713455,6.265150780312863
2,reference,8,trend,rising,level_ge_7m,112,112,112,0,36,0.32142857142857145,1.1673911403979709,0.06282492232766322,5.307118796197508,6.265150780312863
2,reference,8,trend,stable,all,627,622,622,0,478,0.7684887459807074,0.3873348252380426,0.052960377459654234,1.5017982916555341,3.148330957019647
2,reference,8,trend,stable,level_ge_7m,34,34,34,0,16,0.47058823529411764,0.9741991050914995,0.5057602250596084,2.9537064046800543,3.148330957019647
2,reference,8,trend,unknown,all,32,23,9,14,5,0.5555555555555556,0.6124986776956115,-0.32053123288804786,1.2652601484116817,1.2679674984819909
2,reference,8,trend,unknown,level_ge_7m,2,2,1,1,0,0.0,1.2510465605425587,1.2510465605425587,1.2510465605425587,1.2510465605425587
2,reference,9,event,594b4ac32b57fab12c848086,level_ge_7m,35,35,35,0,24,0.6857142857142857,0.3783855855073822,-0.2834527750047218,1.093382823402966,1.4073910557231377
2,reference,9,event,a801ac814e2dfee4fc14bea5,level_ge_7m,135,135,133,2,23,0.17293233082706766,1.7324834642311007,0.46322928677410247,6.46893395994248,7.5023240547810435
2,reference,9,event,f803fdacd0779dfe9e87b834,level_ge_7m,49,49,49,0,17,0.3469387755102041,0.7012679171389989,0.6068645920699097,1.4130889143866268,1.4241817635229417
2,reference,9,event,dcbe85f6ad3172a997c77a58,level_ge_7m,18,18,18,0,14,0.7777777777777778,0.3190943966191601,-0.2152696750968028,1.1429434832866903,1.1556953182211167
2,reference,9,event,unassigned,level_ge_7m,0,0,0,0,0,,,,,
2,reference,9,trend,falling,all,844,836,835,1,455,0.5449101796407185,0.5588381302829586,-0.1295181089922236,1.883392185988728,4.995870417230264
2,reference,9,trend,falling,level_ge_7m,85,85,84,1,27,0.32142857142857145,1.1370708663074085,0.8007194256456084,4.138389891277265,4.995870417230264
2,reference,9,trend,rising,all,456,454,454,0,325,0.7158590308370044,0.5458138332717944,-0.0493247262736984,2.9885771224725284,7.5023240547810435
2,reference,9,trend,rising,level_ge_7m,115,115,115,0,36,0.3130434782608696,1.2940726211340068,-0.03263832103718777,6.6526673695786664,7.5023240547810435
2,reference,9,trend,stable,all,627,622,622,0,438,0.7041800643086816,0.43467148482647955,0.060659806770706017,1.5648099806877511,4.055807469587139
2,reference,9,trend,stable,level_ge_7m,35,35,35,0,15,0.42857142857142855,1.086996253786136,0.36144810882332246,3.4930565081630127,4.055807469587139
2,reference,9,trend,unknown,all,32,24,9,15,5,0.5555555555555556,0.638998117248415,-0.2855045392117108,1.3861207025897015,1.392450231702691
2,reference,9,trend,unknown,level_ge_7m,2,2,1,1,0,0.0,1.392450231702691,1.392450231702691,1.392450231702691,1.392450231702691
2,reference,10,event,594b4ac32b57fab12c848086,level_ge_7m,35,35,35,0,21,0.6,0.4262100833146853,-0.35782240199756377,1.4655963212263865,1.4751640832090347
2,reference,10,event,a801ac814e2dfee4fc14bea5,level_ge_7m,135,135,133,2,21,0.15789473684210525,1.8568578032234027,0.37960952588093566,6.824867784160311,8.531696542248588
2,reference,10,event,f803fdacd0779dfe9e87b834,level_ge_7m,49,49,49,0,14,0.2857142857142857,0.7199517264136697,0.5890792541234054,1.4185010495427177,1.4224964504828623
2,reference,10,event,dcbe85f6ad3172a997c77a58,level_ge_7m,18,18,18,0,13,0.7222222222222222,0.40094076346896335,-0.21657615712373568,1.3700735064499476,1.429426031488389
2,reference,10,event,unassigned,level_ge_7m,0,0,0,0,0,,,,,
2,reference,10,trend,falling,all,843,835,834,1,421,0.5047961630695443,0.6201118101847025,-0.15413949958754222,2.010039578369453,5.580317040668545
2,reference,10,trend,falling,level_ge_7m,83,83,82,1,24,0.2926829268292683,1.1719137168474227,0.7784545520802045,4.444413281480281,5.580317040668545
2,reference,10,trend,rising,all,456,453,453,0,308,0.6799116997792495,0.590416360130484,-0.02500610330403133,3.169433864167242,8.531696542248588
2,reference,10,trend,rising,level_ge_7m,117,117,117,0,33,0.28205128205128205,1.3810016006251389,-0.0671750474332756,7.163452964179422,8.531696542248588
2,reference,10,trend,stable,all,627,622,622,0,394,0.6334405144694534,0.49144237684006165,0.048249688004489706,1.7220521142136644,4.907854013363434
2,reference,10,trend,stable,level_ge_7m,35,35,35,0,12,0.34285714285714286,1.2901471716272708,0.15463590729521415,4.430293762918016,4.907854013363434
2,reference,10,trend,unknown,all,32,25,9,16,5,0.5555555555555556,0.6568013338080833,-0.231536696111926,1.5154575491881437,1.5447460198533083
2,reference,10,trend,unknown,level_ge_7m,2,2,1,1,0,0.0,1.5447460198533083,1.5447460198533083,1.5447460198533083,1.5447460198533083
2,reference,11,event,594b4ac32b57fab12c848086,level_ge_7m,35,35,35,0,20,0.5714285714285714,0.4723119150004408,-0.4352266875993604,1.5051020895912361,1.5464123628714752
2,reference,11,event,a801ac814e2dfee4fc14bea5,level_ge_7m,135,135,133,2,16,0.12030075187969924,2.01562506227673,0.2887115183047789,7.151976875173048,9.509669725391506
2,reference,11,event,f803fdacd0779dfe9e87b834,level_ge_7m,49,49,49,0,12,0.24489795918367346,0.7479653807578975,0.5559888383553997,1.4006525612919567,1.4205547494306465
2,reference,11,event,dcbe85f6ad3172a997c77a58,level_ge_7m,18,18,18,0,13,0.7222222222222222,0.4885254096883094,-0.2430562765154919,1.6583620459495456,1.6796994845143178
2,reference,11,event,unassigned,level_ge_7m,0,0,0,0,0,,,,,
2,reference,11,trend,falling,all,843,834,833,1,380,0.4561824729891957,0.6709173468714734,-0.17538209040856828,2.091437591109291,5.997042592051839
2,reference,11,trend,falling,level_ge_7m,82,82,81,1,20,0.24691358024691357,1.2313912878433395,0.721339989955669,4.709622407309015,5.997042592051839
2,reference,11,trend,rising,all,456,452,452,0,288,0.6371681415929203,0.6486754046583658,0.009369099096304963,3.4289879520276814,9.509669725391506
2,reference,11,trend,rising,level_ge_7m,118,118,118,0,30,0.2542372881355932,1.4809681701040964,-0.08378765022991569,7.583704503823852,9.509669725391506
2,reference,11,trend,stable,all,626,622,622,0,366,0.5884244372990354,0.5574744271854242,0.02041031081032911,1.9555238866116622,5.500736980416354
2,reference,11,trend,stable,level_ge_7m,35,35,35,0,11,0.3142857142857143,1.540246706146534,-0.11870562072028432,5.212940585259236,5.500736980416354
2,reference,11,trend,unknown,all,32,26,9,17,4,0.4444444444444444,0.6910922539585199,-0.18118902961164102,1.5965560331507571,1.6472382366245473
2,reference,11,trend,unknown,level_ge_7m,2,2,1,1,0,0.0,1.6472382366245473,1.6472382366245473,1.6472382366245473,1.6472382366245473
2,reference,12,event,594b4ac32b57fab12c848086,level_ge_7m,35,35,35,0,19,0.5428571428571428,0.5334056937002861,-0.5214431842365916,1.5904189269611966,1.611221517036972
2,reference,12,event,a801ac814e2dfee4fc14bea5,level_ge_7m,135,135,133,2,12,0.09022556390977443,2.1949480150910565,0.18381232531234015,7.489006336368711,10.531533904474678
2,reference,12,event,f803fdacd0779dfe9e87b834,level_ge_7m,49,49,49,0,10,0.20408163265306123,0.7876943918184757,0.5169730127971779,1.3938638179079241,1.4649908924748303
2,reference,12,event,dcbe85f6ad3172a997c77a58,level_ge_7m,18,18,18,0,11,0.6111111111111112,0.6232732784335057,-0.29366285911370027,1.915442042649689,1.9226502634092064
2,reference,12,event,unassigned,level_ge_7m,0,0,0,0,0,,,,,
2,reference,12,trend,falling,all,843,834,833,1,355,0.4261704681872749,0.7081080238598272,-0.1966953948494199,2.1855375771467362,6.346102777707225
2,reference,12,trend,falling,level_ge_7m,83,83,82,1,16,0.1951219512195122,1.3172984869617659,0.6084078820938313,4.939446926914683,6.346102777707225
2,reference,12,trend,rising,all,456,451,451,0,268,0.5942350332594235,0.7193534697766012,0.058123517621719085,3.698909033355708,10.531533904474678
2,reference,12,trend,rising,level_ge_7m,119,119,119,0,27,0.226890756302521,1.5893041463205269,-0.09642565301458347,7.972397457896386,10.531533904474678
2,reference,12,trend,stable,all,625,621,621,0,329,0.5297906602254429,0.6229903614211373,-0.01946880650402285,2.560931825844842,5.928883623285901
2,reference,12,trend,stable,level_ge_7m,33,33,33,0,9,0.2727272727272727,1.8792904542288382,-0.40677256989857136,5.778908177244483,5.928883623285901
2,reference,12,trend,unknown,all,32,27,9,18,4,0.4444444444444444,0.6625281678168712,-0.19464726883305575,1.2903849554067084,1.2978915821566015
2,reference,12,trend,unknown,level_ge_7m,2,2,1,1,0,0.0,1.2509751649697698,1.2509751649697698,1.2509751649697698,1.2509751649697698
2,julho_levels,1,event,594b4ac32b57fab12c848086,level_ge_7m,35,35,35,0,35,1.0,0.12266731092954021,-0.017232868710900563,0.32318482858563036,0.3730866477314514
2,julho_levels,1,event,a801ac814e2dfee4fc14bea5,level_ge_7m,135,135,133,2,73,0.5488721804511278,0.531522865690822,0.37822784923959457,1.1589746268340702,1.413746453726569
2,julho_levels,1,event,f803fdacd0779dfe9e87b834,level_ge_7m,49,49,49,0,37,0.7551020408163265,0.307515624875665,0.2628909161532901,0.5830509838772248,0.6057926761439081
2,julho_levels,1,event,dcbe85f6ad3172a997c77a58,level_ge_7m,18,18,18,0,18,1.0,0.199709038079509,-0.19325472779024258,0.4741288498907002,0.4956823379405684
2,julho_levels,1,event,unassigned,level_ge_7m,0,0,0,0,0,,,,,
2,julho_levels,1,trend,falling,all,850,846,845,1,757,0.8958579881656805,0.22073284627054365,0.11723856276969924,1.0130174672639984,1.4437372583595334
2,julho_levels,1,trend,falling,level_ge_7m,114,114,113,1,72,0.6371681415929203,0.4169900523759382,0.40987838246881736,1.0813829436223965,1.1184526604474705
2,julho_levels,1,trend,rising,all,458,457,457,0,426,0.9321663019693655,0.2467416687248254,-0.12862198837738315,0.9308101073933792,1.413746453726569
2,julho_levels,1,trend,rising,level_ge_7m,87,87,87,0,64,0.735632183908046,0.39480033060648034,0.029694479517469306,1.17167270132319,1.413746453726569
2,julho_levels,1,trend,stable,all,627,627,627,0,605,0.9649122807017544,0.17518516158482816,-0.06529975820833668,0.6952732097783065,1.1720991013656006
2,julho_levels,1,trend,stable,level_ge_7m,34,34,34,0,27,0.7941176470588235,0.32956321936404814,0.27141985923957856,1.1506699548103854,1.1538227022121301
2,julho_levels,1,trend,unknown,all,32,14,9,5,8,0.8888888888888888,0.3603659130812861,0.11400756950031636,0.8854711341545637,0.9762711841295335
2,julho_levels,1,trend,unknown,level_ge_7m,2,2,1,1,0,0.0,0.9762711841295335,0.9762711841295335,0.9762711841295335,0.9762711841295335
2,julho_levels,2,event,594b4ac32b57fab12c848086,level_ge_7m,35,35,35,0,35,1.0,0.18517805046117886,-0.029433715847702605,0.42876327599380865,0.4744320038204721
2,julho_levels,2,event,a801ac814e2dfee4fc14bea5,level_ge_7m,135,135,133,2,52,0.39097744360902253,0.7833215596951004,0.545245272615492,1.675916834025528,2.0071255579231
2,julho_levels,2,event,f803fdacd0779dfe9e87b834,level_ge_7m,49,49,49,0,29,0.5918367346938775,0.44864686611748494,0.3816361041011166,0.8168054944100298,0.8758178082389598
2,julho_levels,2,event,dcbe85f6ad3172a997c77a58,level_ge_7m,18,18,18,0,15,0.8333333333333334,0.2856705014657915,-0.27581662320053024,0.6442983550694119,0.669392822037552
2,julho_levels,2,event,unassigned,level_ge_7m,0,0,0,0,0,,,,,
2,julho_levels,2,trend,falling,all,850,844,843,1,695,0.8244365361803084,0.30500001781568986,0.16055293964081685,1.5025963707874745,1.7030314397688047
2,julho_levels,2,trend,falling,level_ge_7m,110,110,109,1,56,0.5137614678899083,0.6249314424437836,0.6110048661904111,1.5523070067487934,1.566785020699566
2,julho_levels,2,trend,rising,all,457,456,456,0,372,0.8157894736842105,0.339333043523082,-0.17341519942974845,1.3516913370346582,2.0071255579231
2,julho_levels,2,trend,rising,level_ge_7m,92,92,92,0,50,0.5434782608695652,0.5762804101450133,0.04149442724053305,1.7232330580360622,2.0071255579231
2,julho_levels,2,trend,stable,all,627,627,627,0,582,0.9282296650717703,0.23870772524310363,-0.09090922884144269,0.9227358115892645,1.6706304665786345
2,julho_levels,2,trend,stable,level_ge_7m,33,33,33,0,25,0.7575757575757576,0.4728616079908038,0.41687535507065776,1.6581861390247141,1.6706304665786345
2,julho_levels,2,trend,unknown,all,32,16,9,7,5,0.5555555555555556,0.4912980428749406,0.15082988474557368,0.9838410015667791,1.0490066483204572
2,julho_levels,2,trend,unknown,level_ge_7m,2,2,1,1,0,0.0,1.0490066483204572,1.0490066483204572,1.0490066483204572,1.0490066483204572
2,julho_levels,3,event,594b4ac32b57fab12c848086,level_ge_7m,35,35,35,0,34,0.9714285714285714,0.2255174110398651,-0.03853791602775399,0.4744118244546044,0.5669802632304686
2,julho_levels,3,event,a801ac814e2dfee4fc14bea5,level_ge_7m,135,135,133,2,39,0.2932330827067669,0.9632004687026032,0.6381688324210323,2.037240486463016,2.3601151286921986
2,julho_levels,3,event,f803fdacd0779dfe9e87b834,level_ge_7m,49,49,49,0,25,0.5102040816326531,0.5393195343666695,0.4553369967256321,0.9994354780312651,1.0024430402856908
2,julho_levels,3,event,dcbe85f6ad3172a997c77a58,level_ge_7m,18,18,18,0,14,0.7777777777777778,0.3144074025181991,-0.3011792512596666,0.680465195997942,0.6874893995429634
2,julho_levels,3,event,unassigned,level_ge_7m,0,0,0,0,0,,,,,
2,julho_levels,3,trend,falling,all,850,843,842,1,671,0.7969121140142518,0.3463727500400428,0.16770936376720835,1.6292574670125908,1.8583872592108488
2,julho_levels,3,trend,falling,level_ge_7m,106,106,105,1,44,0.41904761904761906,0.7592657335889424,0.7386239242477572,1.852735700683511,1.8583872592108488
2,julho_levels,3,trend,rising,all,456,455,455,0,341,0.7494505494505495,0.3891605590784849,-0.18083548407528513,1.580126585819837,2.3601151286921986
2,julho_levels,3,trend,rising,level_ge_7m,96,96,96,0,43,0.4479166666666667,0.7214365143586461,0.050289067388862296,2.1407575109393324,2.3601151286921986
2,julho_levels,3,trend,stable,all,627,626,626,0,565,0.902555910543131,0.26452324140073835,-0.08817792043019103,0.9695363413790397,1.9718137793571753
2,julho_levels,3,trend,stable,level_ge_7m,33,33,33,0,25,0.7575757575757576,0.5493084880304507,0.5169053578697144,1.9701334278556264,1.9718137793571753
2,julho_levels,3,trend,unknown,all,32,18,9,9,4,0.4444444444444444,0.5325620350876693,0.15887031001365673,0.9545515229996377,0.9767746428620399
2,julho_levels,3,trend,unknown,level_ge_7m,2,2,1,1,0,0.0,0.9767746428620399,0.9767746428620399,0.9767746428620399,0.9767746428620399
2,julho_levels,4,event,594b4ac32b57fab12c848086,level_ge_7m,35,35,35,0,34,0.9714285714285714,0.2456311695980436,-0.04157999967719189,0.4733450224600298,0.5110856224138685
2,julho_levels,4,event,a801ac814e2dfee4fc14bea5,level_ge_7m,135,135,133,2,37,0.2781954887218045,1.0966574768427586,0.67845360061386,2.2282970162845226,2.5639702064320034
2,julho_levels,4,event,f803fdacd0779dfe9e87b834,level_ge_7m,49,49,49,0,23,0.46938775510204084,0.5979751026689955,0.49920721017655556,1.0933470438228117,1.1802256370352016
2,julho_levels,4,event,dcbe85f6ad3172a997c77a58,level_ge_7m,18,18,18,0,13,0.7222222222222222,0.3354780025124066,-0.3102731697036928,0.648778788893664,0.6556263349730456
2,julho_levels,4,event,unassigned,level_ge_7m,0,0,0,0,0,,,,,
2,julho_levels,4,trend,falling,all,849,840,839,1,657,0.7830750893921334,0.36327262749538525,0.15210744403278034,1.647350450180361,2.081640298950534
2,julho_levels,4,trend,falling,level_ge_7m,103,103,102,1,40,0.39215686274509803,0.8410172584294404,0.8159488083980413,2.0722419491668482,2.081640298950534
2,julho_levels,4,trend,rising,all,456,455,455,0,346,0.7604395604395604,0.4134309026141845,-0.17312422248518702,2.0381070696356374,2.5639702064320034
2,julho_levels,4,trend,rising,level_ge_7m,99,99,99,0,44,0.4444444444444444,0.8289814607094153,0.0531645195722371,2.27222136516831,2.5639702064320034
2,julho_levels,4,trend,stable,all,627,627,627,0,562,0.8963317384370016,0.2792919677103473,-0.0605573694090778,1.1582844575385618,2.1868083713149797
2,julho_levels,4,trend,stable,level_ge_7m,33,33,33,0,23,0.696969696969697,0.6362321867195682,0.5521777861343341,2.1657085129576346,2.1868083713149797
2,julho_levels,4,trend,unknown,all,32,19,9,10,6,0.6666666666666666,0.458305505971234,0.08805363711440717,0.9313862883214077,0.943332300241714
2,julho_levels,4,trend,unknown,level_ge_7m,2,2,1,1,0,0.0,0.943332300241714,0.943332300241714,0.943332300241714,0.943332300241714
2,julho_levels,5,event,594b4ac32b57fab12c848086,level_ge_7m,35,35,35,0,35,1.0,0.26319183643964106,-0.046660323967169605,0.4712548340650079,0.4917214989555694
2,julho_levels,5,event,a801ac814e2dfee4fc14bea5,level_ge_7m,135,135,133,2,34,0.2556390977443609,1.210735596694789,0.6778118273269742,2.75794325632921,3.0150740418874165
2,julho_levels,5,event,f803fdacd0779dfe9e87b834,level_ge_7m,49,49,49,0,20,0.40816326530612246,0.6393969831209019,0.5267280185126072,1.243590577443764,1.2775676631136132
2,julho_levels,5,event,dcbe85f6ad3172a997c77a58,level_ge_7m,18,18,18,0,13,0.7222222222222222,0.3363766836871872,-0.2940204007778067,0.7065049880421698,0.7421453871988559
2,julho_levels,5,event,unassigned,level_ge_7m,0,0,0,0,0,,,,,
2,julho_levels,5,trend,falling,all,848,839,838,1,656,0.7828162291169452,0.37113537665504287,0.12284133900606543,1.6486723646649988,2.242031879145868
2,julho_levels,5,trend,falling,level_ge_7m,101,101,100,1,38,0.38,0.8985833563926876,0.835237838202606,2.226531877126182,2.242031879145868
2,julho_levels,5,trend,rising,all,456,455,455,0,350,0.7692307692307693,0.4296144785312298,-0.15974134165756657,2.263911898539363,3.0150740418874165
2,julho_levels,5,trend,rising,level_ge_7m,102,102,102,0,44,0.43137254901960786,0.9133187819344184,0.052666293011596615,2.8547806381168805,3.0150740418874165
2,julho_levels,5,trend,stable,all,627,626,626,0,546,0.8722044728434505,0.3047495387480827,-0.01493381514003078,1.4065617677927384,2.3006787091737753
2,julho_levels,5,trend,stable,level_ge_7m,32,32,32,0,20,0.625,0.7380475944078513,0.5983442182454105,2.2708436763851627,2.3006787091737753
2,julho_levels,5,trend,unknown,all,32,20,9,11,6,0.6666666666666666,0.44295812985945404,-0.04091858166873156,0.9321890300138305,0.9904066974572281
2,julho_levels,5,trend,unknown,level_ge_7m,2,2,1,1,0,0.0,0.9904066974572281,0.9904066974572281,0.9904066974572281,0.9904066974572281
2,julho_levels,6,event,594b4ac32b57fab12c848086,level_ge_7m,35,35,35,0,32,0.9142857142857143,0.27435268115924477,-0.05305915641191475,0.5259496184085426,0.536945288704219
2,julho_levels,6,event,a801ac814e2dfee4fc14bea5,level_ge_7m,135,135,133,2,33,0.24812030075187969,1.3195451678876444,0.7070179518693558,3.2131180614782604,4.356867017166412
2,julho_levels,6,event,f803fdacd0779dfe9e87b834,level_ge_7m,49,49,49,0,18,0.3673469387755102,0.6649992554702392,0.5453019520739734,1.2916107127477565,1.325358121169753
2,julho_levels,6,event,dcbe85f6ad3172a997c77a58,level_ge_7m,18,18,18,0,15,0.8333333333333334,0.3339457588688462,-0.273110316964194,0.8422578551287054,0.910027769538055
2,julho_levels,6,event,unassigned,level_ge_7m,0,0,0,0,0,,,,,
2,julho_levels,6,trend,falling,all,847,838,837,1,637,0.7610513739545998,0.38674512898950686,0.09084577921487814,1.7768390498056308,2.338992166050218
2,julho_levels,6,trend,falling,level_ge_7m,98,98,97,1,37,0.38144329896907214,0.9616593334918221,0.8295739126702687,2.3280192061036065,2.338992166050218
2,julho_levels,6,trend,rising,all,456,455,455,0,356,0.7824175824175824,0.44449654606277633,-0.13012340920100757,2.359485002783234,4.356867017166412
2,julho_levels,6,trend,rising,level_ge_7m,105,105,105,0,44,0.41904761904761906,0.985943666521075,0.11408888461259226,3.638329793643572,4.356867017166412
2,julho_levels,6,trend,stable,all,627,625,625,0,528,0.8448,0.33803780667566596,0.038248182897046366,1.3814746978116073,2.469520698823036
2,julho_levels,6,trend,stable,level_ge_7m,32,32,32,0,17,0.53125,0.8046652853705017,0.6371442429719587,2.429655043128521,2.469520698823036
2,julho_levels,6,trend,unknown,all,32,21,9,12,6,0.6666666666666666,0.4091949896867083,-0.13437964830862198,1.0754180088173422,1.1435088820355475
2,julho_levels,6,trend,unknown,level_ge_7m,2,2,1,1,0,0.0,1.1435088820355475,1.1435088820355475,1.1435088820355475,1.1435088820355475
2,julho_levels,7,event,594b4ac32b57fab12c848086,level_ge_7m,35,35,35,0,30,0.8571428571428571,0.2850280549556878,-0.06445045899963449,0.599706458057546,0.6239269816850932
2,julho_levels,7,event,a801ac814e2dfee4fc14bea5,level_ge_7m,135,135,133,2,28,0.21052631578947367,1.4105442324388089,0.6911951159398111,3.4282757622524116,5.064270287086755
2,julho_levels,7,event,f803fdacd0779dfe9e87b834,level_ge_7m,49,49,49,0,15,0.30612244897959184,0.6869745975658563,0.5598914020857559,1.3159541596889728,1.3331811847624984
2,julho_levels,7,event,dcbe85f6ad3172a997c77a58,level_ge_7m,18,18,18,0,14,0.7777777777777778,0.3103204774775853,-0.2375861332999777,0.930152744137916,0.9760323093297085
2,julho_levels,7,event,unassigned,level_ge_7m,0,0,0,0,0,,,,,
2,julho_levels,7,trend,falling,all,846,838,837,1,607,0.7252090800477897,0.41588694275391797,0.06306263063553724,1.9299346164080748,3.1689645436510006
2,julho_levels,7,trend,falling,level_ge_7m,94,94,93,1,34,0.3655913978494624,1.0221908354612883,0.8244519890247587,2.5540960892847644,3.1689645436510006
2,julho_levels,7,trend,rising,all,456,455,455,0,351,0.7714285714285715,0.4604104921437136,-0.10818547596286292,2.4376203903673637,5.064270287086755
2,julho_levels,7,trend,rising,level_ge_7m,109,109,109,0,40,0.3669724770642202,1.0309829640249264,0.13078552261205606,3.5197099941602565,5.064270287086755
2,julho_levels,7,trend,stable,all,627,623,623,0,493,0.7913322632423756,0.3743516104602772,0.08933029478040178,1.525620054619545,2.692827032441885
2,julho_levels,7,trend,stable,level_ge_7m,32,32,32,0,13,0.40625,0.8764656306743037,0.6426111862141806,2.5426752443963245,2.692827032441885
2,julho_levels,7,trend,unknown,all,32,22,9,13,5,0.5555555555555556,0.5156838524878902,-0.1485745963337857,1.2426809202904932,1.3380977549396356
2,julho_levels,7,trend,unknown,level_ge_7m,2,2,1,1,0,0.0,1.3380977549396356,1.3380977549396356,1.3380977549396356,1.3380977549396356
2,julho_levels,8,event,594b4ac32b57fab12c848086,level_ge_7m,35,35,35,0,28,0.8,0.2989436298615866,-0.08149381004996378,0.6578251862448669,0.6661089164889553
2,julho_levels,8,event,a801ac814e2dfee4fc14bea5,level_ge_7m,135,135,133,2,25,0.18796992481203006,1.5086657180996217,0.6545681277434809,4.295135336514656,5.321920693664499
2,julho_levels,8,event,f803fdacd0779dfe9e87b834,level_ge_7m,49,49,49,0,16,0.32653061224489793,0.698131361395398,0.5697410951430021,1.3457779551817912,1.372365857919661
2,julho_levels,8,event,dcbe85f6ad3172a997c77a58,level_ge_7m,18,18,18,0,15,0.8333333333333334,0.2883048259394732,-0.20078578340509912,0.9230675146831133,0.9400155214757131
2,julho_levels,8,event,unassigned,level_ge_7m,0,0,0,0,0,,,,,
2,julho_levels,8,trend,falling,all,845,837,836,1,576,0.6889952153110048,0.4504566516423321,0.0433912407683648,1.8257591372814175,3.8689722619411118
2,julho_levels,8,trend,falling,level_ge_7m,89,89,88,1,30,0.3409090909090909,1.0827024057484547,0.8319812332428843,3.2933281744549596,3.8689722619411118
2,julho_levels,8,trend,rising,all,456,455,455,0,345,0.7582417582417582,0.4803373398946068,-0.08604602761297285,2.534223079921724,5.321920693664499
2,julho_levels,8,trend,rising,level_ge_7m,112,112,112,0,39,0.3482142857142857,1.0934533537650908,0.135833143671964,4.305832214542005,5.321920693664499
2,julho_levels,8,trend,stable,all,627,622,622,0,468,0.752411575562701,0.4120128473465902,0.128770550626807,1.6867730210274408,2.7511920394893465
2,julho_levels,8,trend,stable,level_ge_7m,34,34,34,0,15,0.4411764705882353,0.9212959761673288,0.548116057993202,2.591242583298919,2.7511920394893465
2,julho_levels,8,trend,unknown,all,32,23,9,14,4,0.4444444444444444,0.5600457642646004,-0.10713331032445914,1.3322227061249863,1.4448406104468834
2,julho_levels,8,trend,unknown,level_ge_7m,2,2,1,1,0,0.0,1.4448406104468834,1.4448406104468834,1.4448406104468834,1.4448406104468834
2,julho_levels,9,event,594b4ac32b57fab12c848086,level_ge_7m,35,35,35,0,27,0.7714285714285715,0.32637255327246034,-0.10627207459083772,0.7930466236960417,1.0190723658840524
2,julho_levels,9,event,a801ac814e2dfee4fc14bea5,level_ge_7m,135,135,133,2,21,0.15789473684210525,1.658687058824076,0.5480253325599835,5.4167459069517445,6.400917573813567
2,julho_levels,9,event,f803fdacd0779dfe9e87b834,level_ge_7m,49,49,49,0,18,0.3673469387755102,0.6918895939015937,0.5615638624311168,1.374365964504796,1.4032736983501035
2,julho_levels,9,event,dcbe85f6ad3172a997c77a58,level_ge_7m,18,18,18,0,14,0.7777777777777778,0.31318937558095944,-0.15576400800174742,0.9893002687551519,1.0171407653336857
2,julho_levels,9,event,unassigned,level_ge_7m,0,0,0,0,0,,,,,
2,julho_levels,9,trend,falling,all,844,836,835,1,525,0.6287425149700598,0.48650733140013475,0.031398300879263395,1.7849713607056572,4.420710321632656
2,julho_levels,9,trend,falling,level_ge_7m,85,85,84,1,24,0.2857142857142857,1.126798597425176,0.8383475694963952,3.696865121916514,4.420710321632656
2,julho_levels,9,trend,rising,all,456,454,454,0,341,0.751101321585903,0.520343421752834,-0.07727892676773386,2.680126360269233,6.400917573813567
2,julho_levels,9,trend,rising,level_ge_7m,115,115,115,0,42,0.3652173913043478,1.2066383932655416,0.06628351968707247,5.759941328093063,6.400917573813567
2,julho_levels,9,trend,stable,all,627,622,622,0,436,0.7009646302250804,0.4455348305673815,0.15253632349403018,1.7557380369656188,3.545223192157235
2,julho_levels,9,trend,stable,level_ge_7m,35,35,35,0,14,0.4,1.043908787869042,0.4062803162307474,3.022852743517202,3.545223192157235
2,julho_levels,9,trend,unknown,all,32,24,9,15,4,0.4444444444444444,0.6108473340993991,-0.035350352723418736,1.4805767899132256,1.617112065105072
2,julho_levels,9,trend,unknown,level_ge_7m,2,2,1,1,0,0.0,1.617112065105072,1.617112065105072,1.617112065105072,1.617112065105072
2,julho_levels,10,event,594b4ac32b57fab12c848086,level_ge_7m,35,35,35,0,26,0.7428571428571429,0.33970161737269333,-0.14075514005111622,1.0486288927974845,1.092384000002398
2,julho_levels,10,event,a801ac814e2dfee4fc14bea5,level_ge_7m,135,135,133,2,17,0.12781954887218044,1.7816441379541956,0.4732364520132898,6.190155484115329,7.306052525412042
2,julho_levels,10,event,f803fdacd0779dfe9e87b834,level_ge_7m,49,49,49,0,17,0.3469387755102041,0.7035859173550938,0.5409831905876502,1.3973593236315982,1.4351046252261241
2,julho_levels,10,event,dcbe85f6ad3172a997c77a58,level_ge_7m,18,18,18,0,13,0.7222222222222222,0.37363085536445756,-0.13751622144404912,1.1150638124776604,1.1533213971690603
2,julho_levels,10,event,unassigned,level_ge_7m,0,0,0,0,0,,,,,
2,julho_levels,10,trend,falling,all,843,835,834,1,487,0.5839328537170264,0.5199167687001273,0.027165632315498765,1.8625875542861334,4.951162328495462
2,julho_levels,10,trend,falling,level_ge_7m,83,83,82,1,19,0.23170731707317074,1.1482078515476366,0.8157830395160377,3.9483954037419577,4.951162328495462
2,julho_levels,10,trend,rising,all,456,453,453,0,327,0.7218543046357616,0.5542455003964664,-0.050007755397530156,2.818265436296873,7.306052525412042
2,julho_levels,10,trend,rising,level_ge_7m,117,117,117,0,41,0.3504273504273504,1.2889430397129273,0.05197520118339884,6.668918101620375,7.306052525412042
2,julho_levels,10,trend,stable,all,627,622,622,0,426,0.684887459807074,0.47065999246999735,0.156393394416083,1.7278541748257616,4.352769802392881
2,julho_levels,10,trend,stable,level_ge_7m,35,35,35,0,13,0.37142857142857144,1.2369758763957315,0.20788107526471097,3.9672216170594976,4.352769802392881
2,julho_levels,10,trend,unknown,all,32,25,9,16,4,0.4444444444444444,0.6495305591686085,0.05106872382128537,1.6681255534137067,1.795757155742809
2,julho_levels,10,trend,unknown,level_ge_7m,2,2,1,1,0,0.0,1.795757155742809,1.795757155742809,1.795757155742809,1.795757155742809
2,julho_levels,11,event,594b4ac32b57fab12c848086,level_ge_7m,35,35,35,0,27,0.7714285714285715,0.3509478377983264,-0.17571834270370018,1.0495994218842601,1.128797417480781
2,julho_levels,11,event,a801ac814e2dfee4fc14bea5,level_ge_7m,135,135,133,2,18,0.13533834586466165,1.9212850787404456,0.38780597551697643,6.754758544778474,8.191642357933398
2,julho_levels,11,event,f803fdacd0779dfe9e87b834,level_ge_7m,49,49,49,0,16,0.32653061224489793,0.7212872958949899,0.5077369355823591,1.3932116984139926,1.4336068720559094
2,julho_levels,11,event,dcbe85f6ad3172a997c77a58,level_ge_7m,18,18,18,0,14,0.7777777777777778,0.44806697300515413,-0.1436563197001327,1.360968350710568,1.3895589321864614
2,julho_levels,11,event,unassigned,level_ge_7m,0,0,0,0,0,,,,,
2,julho_levels,11,trend,falling,all,843,834,833,1,474,0.5690276110444178,0.5434728558784954,0.025678585645900625,1.9244107814161353,5.323414276533427
2,julho_levels,11,trend,falling,level_ge_7m,82,82,81,1,18,0.2222222222222222,1.1892551068115071,0.7544798056569241,4.171055762494009,5.323414276533427
2,julho_levels,11,trend,rising,all,456,452,452,0,324,0.7168141592920354,0.593970576281231,-0.010552121074928367,3.1727837119345614,8.191642357933398
2,julho_levels,11,trend,rising,level_ge_7m,118,118,118,0,46,0.3898305084745763,1.3742853254968885,0.05202765061866081,7.254893381737267,8.191642357933398
2,julho_levels,11,trend,stable,all,626,622,622,0,410,0.6591639871382636,0.4965942559539852,0.14374686946681337,1.9584633033087655,4.9110857909989
2,julho_levels,11,trend,stable,level_ge_7m,35,35,35,0,11,0.3142857142857143,1.4516113396573456,-0.04146920151849106,4.721000956250032,4.9110857909989
2,julho_levels,11,trend,unknown,all,32,26,9,17,3,0.3333333333333333,0.7104264858623627,0.12952553579917522,1.8056355664791048,1.9206438599959128
2,julho_levels,11,trend,unknown,level_ge_7m,2,2,1,1,0,0.0,1.9206438599959128,1.9206438599959128,1.9206438599959128,1.9206438599959128
2,julho_levels,12,event,594b4ac32b57fab12c848086,level_ge_7m,35,35,35,0,24,0.6857142857142857,0.3597746285877796,-0.21616469811697409,1.0638168085386988,1.128824133472242
2,julho_levels,12,event,a801ac814e2dfee4fc14bea5,level_ge_7m,135,135,133,2,17,0.12781954887218044,2.100409399574297,0.28839587465927596,7.4554903019277585,9.1387501330785
2,julho_levels,12,event,f803fdacd0779dfe9e87b834,level_ge_7m,49,49,49,0,13,0.2653061224489796,0.7490628609201353,0.4661982838701986,1.36330474565186,1.379470050004798
2,julho_levels,12,event,dcbe85f6ad3172a997c77a58,level_ge_7m,18,18,18,0,11,0.6111111111111112,0.5381030187789678,-0.15838729423213158,1.5080693718833729,1.577731677358834
2,julho_levels,12,event,unassigned,level_ge_7m,0,0,0,0,0,,,,,
2,julho_levels,12,trend,falling,all,843,834,833,1,463,0.5558223289315727,0.5574145722445345,0.021459057190438884,1.9929819744099575,5.637861561352915
2,julho_levels,12,trend,falling,level_ge_7m,83,83,82,1,20,0.24390243902439024,1.2556962711968345,0.643932467388839,4.37331954226133,5.637861561352915
2,julho_levels,12,trend,rising,all,456,451,451,0,302,0.6696230598669624,0.6463535749081465,0.04649985980777433,3.3557513009604936,9.1387501330785
2,julho_levels,12,trend,rising,level_ge_7m,119,119,119,0,37,0.31092436974789917,1.4823867866357376,0.0594265651315381,7.8995306029980785,9.1387501330785
2,julho_levels,12,trend,stable,all,625,621,621,0,392,0.6312399355877617,0.5198248762460054,0.12018683622278985,2.391939530551833,5.314406218830339
2,julho_levels,12,trend,stable,level_ge_7m,33,33,33,0,8,0.24242424242424243,1.7399219550600296,-0.3223800718113508,5.260903007713636,5.314406218830339
2,julho_levels,12,trend,unknown,all,32,27,9,18,3,0.3333333333333333,0.7149153660989239,0.14094113480736453,1.5164606631106892,1.5479503022877115
2,julho_levels,12,trend,unknown,level_ge_7m,2,2,1,1,0,0.0,1.5479503022877115,1.5479503022877115,1.5479503022877115,1.5479503022877115
12,reference,1,event,594b4ac32b57fab12c848086,level_ge_7m,35,35,35,0,35,1.0,0.07716164078604851,0.005327427233469274,0.17011752581622694,0.17054927177993395
12,reference,1,event,a801ac814e2dfee4fc14bea5,level_ge_7m,135,135,133,2,122,0.9172932330827067,0.21339670212128534,0.04927166755741515,1.0975406406262316,1.3458884373571722
12,reference,1,event,f803fdacd0779dfe9e87b834,level_ge_7m,49,49,49,0,49,1.0,0.11973325057659356,0.04685901707728398,0.33831050892701003,0.4438829093885017
12,reference,1,event,dcbe85f6ad3172a997c77a58,level_ge_7m,18,18,18,0,18,1.0,0.10561978045206372,-0.02942258878295201,0.2960698556981363,0.3241345270844098
12,reference,1,event,unassigned,level_ge_7m,0,0,0,0,0,,,,,
12,reference,1,trend,falling,all,850,846,845,1,841,0.9952662721893492,0.12366073516452625,0.07809924793624683,0.3909369324884895,0.6967643595319197
12,reference,1,trend,falling,level_ge_7m,114,114,113,1,111,0.9823008849557522,0.12378705068924575,0.06748527613364057,0.4013962584199988,0.5946441406462686
12,reference,1,trend,rising,all,458,457,457,0,431,0.9431072210065645,0.16990687036695487,-0.1016735962947098,0.6159856367160764,1.3458884373571722
12,reference,1,trend,rising,level_ge_7m,87,87,87,0,79,0.9080459770114943,0.23559897108981007,-0.020861532284744105,1.2585777788933827,1.3458884373571722
12,reference,1,trend,stable,all,627,627,627,0,620,0.988835725677831,0.08349137461652917,-0.02438610893542076,0.39880724249183463,0.7967740659460554
12,reference,1,trend,stable,level_ge_7m,34,34,34,0,34,1.0,0.10786284873466213,0.058737471068136704,0.2788444805955552,0.2793238021122999
12,reference,1,trend,unknown,all,32,14,9,5,8,0.8888888888888888,0.2642342713222379,0.1346453478919648,0.6468797494649713,0.6981200663561218
12,reference,1,trend,unknown,level_ge_7m,2,2,1,1,0,0.0,0.6981200663561218,0.6981200663561218,0.6981200663561218,0.6981200663561218
12,reference,2,event,594b4ac32b57fab12c848086,level_ge_7m,35,35,35,0,35,1.0,0.10556096670176933,-0.00043899749286323086,0.26341058530436523,0.2658182289675821
12,reference,2,event,a801ac814e2dfee4fc14bea5,level_ge_7m,135,135,133,2,103,0.7744360902255639,0.3601059524044265,0.07678738002088913,1.4313872191926358,2.3628209226494157
12,reference,2,event,f803fdacd0779dfe9e87b834,level_ge_7m,49,49,49,0,48,0.9795918367346939,0.20102457704622698,0.08208127138892743,0.48815667428664594,0.7036191143932449
12,reference,2,event,dcbe85f6ad3172a997c77a58,level_ge_7m,18,18,18,0,18,1.0,0.17921185459362088,-0.05702849793590614,0.45021402062302185,0.46118880530753437
12,reference,2,event,unassigned,level_ge_7m,0,0,0,0,0,,,,,
12,reference,2,trend,falling,all,850,844,843,1,788,0.9347568208778173,0.19679457811065462,0.10109045207302744,0.6440497868688521,0.9266229757645283
12,reference,2,trend,falling,level_ge_7m,110,110,109,1,105,0.963302752293578,0.19860694817812255,0.11974778482452862,0.7039819243051929,0.86916771534435
12,reference,2,trend,rising,all,457,456,456,0,384,0.8421052631578947,0.24977992510473282,-0.1297535770030719,0.9641284186443599,2.3628209226494157
12,reference,2,trend,rising,level_ge_7m,92,92,92,0,66,0.717391304347826,0.3988172802566165,-0.044396584517959026,1.9912439736739742,2.3628209226494157
12,reference,2,trend,stable,all,627,627,627,0,595,0.94896331738437,0.14224666863987417,-0.03347632690796966,0.7473957044205511,1.1478632413037473
12,reference,2,trend,stable,level_ge_7m,33,33,33,0,33,1.0,0.17205712203917062,0.10840279380404692,0.48954139017443404,0.49051321357230826
12,reference,2,trend,unknown,all,32,16,9,7,7,0.7777777777777778,0.3505301038129872,0.17081423427078934,0.6353928949562981,0.6475109999842381
12,reference,2,trend,unknown,level_ge_7m,2,2,1,1,0,0.0,0.6475109999842381,0.6475109999842381,0.6475109999842381,0.6475109999842381
12,reference,3,event,594b4ac32b57fab12c848086,level_ge_7m,35,35,35,0,35,1.0,0.12858153632017263,-0.013305071696185321,0.3684071123278467,0.4892051625425582
12,reference,3,event,a801ac814e2dfee4fc14bea5,level_ge_7m,135,135,133,2,75,0.5639097744360902,0.4977354483113293,0.09305215408858068,2.2168663474816324,3.212712531115547
12,reference,3,event,f803fdacd0779dfe9e87b834,level_ge_7m,49,49,49,0,44,0.8979591836734694,0.2722966706182784,0.12182693144301311,0.5915432628840619,0.8366275347306704
12,reference,3,event,dcbe85f6ad3172a997c77a58,level_ge_7m,18,18,18,0,17,0.9444444444444444,0.23855258631221737,-0.06191105555082041,0.4870644882433879,0.5350840596423971
12,reference,3,event,unassigned,level_ge_7m,0,0,0,0,0,,,,,
12,reference,3,trend,falling,all,850,843,842,1,714,0.8479809976247031,0.2513988318506882,0.09097558513862668,0.808588656785272,1.0907827262821352
12,reference,3,trend,falling,level_ge_7m,106,106,105,1,84,0.8,0.25449737856040366,0.16329663151374346,0.7115375825065434,0.994656211746646
12,reference,3,trend,rising,all,456,455,455,0,369,0.810989010989011,0.29835029844315913,-0.12556191068931757,1.2526461307577463,3.212712531115547
12,reference,3,trend,rising,level_ge_7m,96,96,96,0,60,0.625,0.548404927850037,-0.053112026603335784,2.3319094859418157,3.212712531115547
12,reference,3,trend,stable,all,627,626,626,0,566,0.9041533546325878,0.18885271098150655,-0.026244364717284623,0.9068935097416251,1.221091188009034
12,reference,3,trend,stable,level_ge_7m,33,33,33,0,27,0.8181818181818182,0.2565098360550029,0.12776540823992172,0.7821641840210319,0.9458612034721323
12,reference,3,trend,unknown,all,32,18,9,9,7,0.7777777777777778,0.3658628952542386,0.1677257605159037,0.7221831389814002,0.7641743276888342
12,reference,3,trend,unknown,level_ge_7m,2,2,1,1,0,0.0,0.5017293982673721,0.5017293982673721,0.5017293982673721,0.5017293982673721
12,reference,4,event,594b4ac32b57fab12c848086,level_ge_7m,35,35,35,0,35,1.0,0.15525455380033545,-0.027081392036485522,0.45693183972030815,0.4848734253711804
12,reference,4,event,a801ac814e2dfee4fc14bea5,level_ge_7m,135,135,133,2,71,0.5338345864661654,0.631193312691133,0.10036062462643866,2.7311479369821066,3.671050545611749
12,reference,4,event,f803fdacd0779dfe9e87b834,level_ge_7m,49,49,49,0,37,0.7551020408163265,0.33710488255939314,0.1644950251936746,0.6840426677584938,0.9000053220821975
12,reference,4,event,dcbe85f6ad3172a997c77a58,level_ge_7m,18,18,18,0,18,1.0,0.27597542122405705,-0.06932413004415751,0.4666512537289487,0.47637234604002376
12,reference,4,event,unassigned,level_ge_7m,0,0,0,0,0,,,,,
12,reference,4,trend,falling,all,849,840,839,1,682,0.8128724672228844,0.2902863113022609,0.058714464657827446,0.925949272327917,1.310016406576957
12,reference,4,trend,falling,level_ge_7m,103,103,102,1,78,0.7647058823529411,0.30699488099686895,0.19324514091358944,0.7853719612500485,1.2469052392569093
12,reference,4,trend,rising,all,456,455,455,0,364,0.8,0.33250181725083827,-0.10941805683697817,1.5905854244172812,3.671050545611749
12,reference,4,trend,rising,level_ge_7m,99,99,99,0,55,0.5555555555555556,0.6824248601836989,-0.0594860777707109,2.9461969465306828,3.671050545611749
12,reference,4,trend,stable,all,627,627,627,0,549,0.8755980861244019,0.23217381228501513,-0.0014899164037090987,0.9961304291075475,2.1653239501211505
12,reference,4,trend,stable,level_ge_7m,33,33,33,0,27,0.8181818181818182,0.3506420047933296,0.1505170288945391,1.3475157007393557,2.1653239501211505
12,reference,4,trend,unknown,all,32,19,9,10,8,0.8888888888888888,0.27923828797523814,0.07757168787181246,0.7290531576791722,0.7822102036930065
12,reference,4,trend,unknown,level_ge_7m,2,2,1,1,1,1.0,0.42359162032903797,0.42359162032903797,0.42359162032903797,0.42359162032903797
12,reference,5,event,594b4ac32b57fab12c848086,level_ge_7m,35,35,35,0,35,1.0,0.1802583386211928,-0.04811270848451694,0.47328666703354816,0.4954140222409942
12,reference,5,event,a801ac814e2dfee4fc14bea5,level_ge_7m,135,135,133,2,66,0.49624060150375937,0.7702410036351144,0.08205862221155623,3.3427250361618692,3.9145393005861226
12,reference,5,event,f803fdacd0779dfe9e87b834,level_ge_7m,49,49,49,0,34,0.6938775510204082,0.38969783647914125,0.21083011461945003,0.8203625585474652,0.8878338728138049
12,reference,5,event,dcbe85f6ad3172a997c77a58,level_ge_7m,18,18,18,0,16,0.8888888888888888,0.27985525058654925,-0.054462683623719026,0.5318922142154258,0.53960423141885
12,reference,5,event,unassigned,level_ge_7m,0,0,0,0,0,,,,,
12,reference,5,trend,falling,all,848,839,838,1,646,0.7708830548926014,0.3254267574866417,0.012413927631075239,0.9935796679257923,2.1132505444046368
12,reference,5,trend,falling,level_ge_7m,101,101,100,1,73,0.73,0.3726478724514963,0.19406712042405108,1.3349858276821278,2.1132505444046368
12,reference,5,trend,rising,all,456,455,455,0,367,0.8065934065934066,0.3605672188028891,-0.0921723303176389,1.930266945592705,3.9145393005861226
12,reference,5,trend,rising,level_ge_7m,102,102,102,0,54,0.5294117647058824,0.7927299250947518,-0.07265801532156678,3.6654458285821194,3.9145393005861226
12,reference,5,trend,stable,all,627,626,626,0,529,0.8450479233226837,0.27233737805626096,0.034602843023042604,1.0143443434421493,3.091782156458689
12,reference,5,trend,stable,level_ge_7m,32,32,32,0,23,0.71875,0.4474380433930506,0.19194306090137045,1.8186702123879184,3.091782156458689
12,reference,5,trend,unknown,all,32,20,9,11,8,0.8888888888888888,0.31388812807468874,-0.07860173285212874,0.5492187492634613,0.562897121870916
12,reference,5,trend,unknown,level_ge_7m,2,2,1,1,1,1.0,0.4424268398558411,0.4424268398558411,0.4424268398558411,0.4424268398558411
12,reference,6,event,594b4ac32b57fab12c848086,level_ge_7m,35,35,35,0,35,1.0,0.20441968950408565,-0.07729160194588973,0.46905388441218604,0.47610540465352447
12,reference,6,event,a801ac814e2dfee4fc14bea5,level_ge_7m,135,135,133,2,59,0.44360902255639095,0.9126091066982575,0.1234240407028042,3.8925247394494935,4.682998924381193
12,reference,6,event,f803fdacd0779dfe9e87b834,level_ge_7m,49,49,49,0,30,0.6122448979591837,0.44062559913087784,0.25764593154204773,0.882666020563337,0.9031566438650849
12,reference,6,event,dcbe85f6ad3172a997c77a58,level_ge_7m,18,18,18,0,15,0.8333333333333334,0.2888403713577873,-0.0386131856720965,0.5934677882947192,0.6020244809052953
12,reference,6,event,unassigned,level_ge_7m,0,0,0,0,0,,,,,
12,reference,6,trend,falling,all,847,838,837,1,611,0.7299880525686977,0.3679637755318602,-0.03835705366119579,1.0363463520151353,3.1880180364816475
12,reference,6,trend,falling,level_ge_7m,98,98,97,1,68,0.7010309278350515,0.4555336286269217,0.18025665039084932,2.1485127263437,3.1880180364816475
12,reference,6,trend,rising,all,456,455,455,0,362,0.7956043956043956,0.38860898777160324,-0.05621237907349281,2.174131418731011,4.682998924381193
12,reference,6,trend,rising,level_ge_7m,105,105,105,0,51,0.4857142857142857,0.894015662234403,-0.0018985152792830343,3.986413241755321,4.682998924381193
12,reference,6,trend,stable,all,627,625,625,0,490,0.784,0.3085588245359092,0.0737140960191167,1.0391092108880458,3.612315515678514
12,reference,6,trend,stable,level_ge_7m,32,32,32,0,20,0.625,0.5214601867658712,0.2430595246190282,2.124399784208133,3.612315515678514
12,reference,6,trend,unknown,all,32,21,9,12,6,0.6666666666666666,0.3737884421265522,-0.20551229365270116,0.7592470710789341,0.7836583023324106
12,reference,6,trend,unknown,level_ge_7m,2,2,1,1,0,0.0,0.5763488774328529,0.5763488774328529,0.5763488774328529,0.5763488774328529
12,reference,7,event,594b4ac32b57fab12c848086,level_ge_7m,35,35,35,0,32,0.9142857142857143,0.24103693437591614,-0.11612804277846754,0.5713682448608212,0.5835880842131411
12,reference,7,event,a801ac814e2dfee4fc14bea5,level_ge_7m,135,135,133,2,52,0.39097744360902253,1.0528308536230824,0.11419954422461888,4.3365181956596235,5.550073726831386
12,reference,7,event,f803fdacd0779dfe9e87b834,level_ge_7m,49,49,49,0,28,0.5714285714285714,0.47287344104246326,0.3013689241482321,0.9255975962661608,0.9396780057759315
12,reference,7,event,dcbe85f6ad3172a997c77a58,level_ge_7m,18,18,18,0,13,0.7222222222222222,0.28910275354750103,-0.012715059186473976,0.6264140844022232,0.6334115261467614
12,reference,7,event,unassigned,level_ge_7m,0,0,0,0,0,,,,,
12,reference,7,trend,falling,all,846,838,837,1,557,0.6654719235364397,0.4162932730825099,-0.08616526738916813,1.155122811166609,4.241587326770981
12,reference,7,trend,falling,level_ge_7m,94,94,93,1,62,0.6666666666666666,0.5296263052282804,0.17959453114549706,3.540620932235724,4.241587326770981
12,reference,7,trend,rising,all,456,455,455,0,344,0.756043956043956,0.4209264186211819,-0.03427560226765413,2.457670386976981,5.550073726831386
12,reference,7,trend,rising,level_ge_7m,109,109,109,0,44,0.4036697247706422,0.976462597625153,0.005434184832023405,4.39845328195973,5.550073726831386
12,reference,7,trend,stable,all,627,623,623,0,466,0.7479935794542536,0.34866479402185385,0.10641821241241531,1.2078614526233662,3.806547928912014
12,reference,7,trend,stable,level_ge_7m,32,32,32,0,19,0.59375,0.6372598639781635,0.23788085387572683,2.5605806272937714,3.806547928912014
12,reference,7,trend,unknown,all,32,22,9,13,5,0.5555555555555556,0.5004178053751235,-0.2586964318504228,0.8834267213240637,0.8849193193721026
12,reference,7,trend,unknown,level_ge_7m,2,2,1,1,0,0.0,0.755459235289754,0.755459235289754,0.755459235289754,0.755459235289754
12,reference,8,event,594b4ac32b57fab12c848086,level_ge_7m,35,35,35,0,28,0.8,0.27406961672996116,-0.1624092076112784,0.7002961235672842,0.7064772411261258
12,reference,8,event,a801ac814e2dfee4fc14bea5,level_ge_7m,135,135,133,2,44,0.3308270676691729,1.1896245176800582,0.09614247186850741,5.118392664788345,5.968691882733831
12,reference,8,event,f803fdacd0779dfe9e87b834,level_ge_7m,49,49,49,0,26,0.5306122448979592,0.491691047629412,0.3346501675975564,0.9721297411730833,0.9812443496375121
12,reference,8,event,dcbe85f6ad3172a997c77a58,level_ge_7m,18,18,18,0,13,0.7222222222222222,0.3054805182463053,0.0019348359208648525,0.7564936315470955,0.8096713965156139
12,reference,8,event,unassigned,level_ge_7m,0,0,0,0,0,,,,,
12,reference,8,trend,falling,all,845,837,836,1,499,0.59688995215311,0.47288920092714315,-0.12706411437745618,1.2783824915491304,4.94514652098629
12,reference,8,trend,falling,level_ge_7m,89,89,88,1,54,0.6136363636363636,0.6059002545095628,0.19131613945147755,4.260888837033944,4.94514652098629
12,reference,8,trend,rising,all,456,455,455,0,325,0.7142857142857143,0.4548658744246107,-0.012397411131275952,2.722963779174888,5.968691882733831
12,reference,8,trend,rising,level_ge_7m,112,112,112,0,38,0.3392857142857143,1.0544811358490656,0.0028784603777088596,5.074786558517624,5.968691882733831
12,reference,8,trend,stable,all,627,622,622,0,446,0.7170418006430869,0.3881791217747673,0.12552066856520133,1.385138997607846,3.840085043335499
12,reference,8,trend,stable,level_ge_7m,34,34,34,0,19,0.5588235294117647,0.7392085242854008,0.16256750750907556,3.4423774605114907,3.840085043335499
12,reference,8,trend,unknown,all,32,23,9,14,5,0.5555555555555556,0.5677693994734072,-0.25917745528135355,1.1044868606116174,1.1412171263868442
12,reference,8,trend,unknown,level_ge_7m,2,2,1,1,0,0.0,0.8498086616305773,0.8498086616305773,0.8498086616305773,0.8498086616305773
12,reference,9,event,594b4ac32b57fab12c848086,level_ge_7m,35,35,35,0,26,0.7428571428571429,0.3139164709038499,-0.22225754819552468,0.9366234977556698,1.2801970568085652
12,reference,9,event,a801ac814e2dfee4fc14bea5,level_ge_7m,135,135,133,2,40,0.3007518796992481,1.3828587932164185,0.008449053719368663,6.284628055500839,7.203141808085833
12,reference,9,event,f803fdacd0779dfe9e87b834,level_ge_7m,49,49,49,0,24,0.4897959183673469,0.5089542079060548,0.341964515865629,1.0317442947307705,1.0586480432719423
12,reference,9,event,dcbe85f6ad3172a997c77a58,level_ge_7m,18,18,18,0,14,0.7777777777777778,0.3708534871181626,0.012380275348028165,0.9950768999387863,1.031260544955214
12,reference,9,event,unassigned,level_ge_7m,0,0,0,0,0,,,,,
12,reference,9,trend,falling,all,844,836,835,1,436,0.5221556886227545,0.535844729214055,-0.15952923282095352,1.4070569714693106,5.4408437712448565
12,reference,9,trend,falling,level_ge_7m,85,85,84,1,50,0.5952380952380952,0.6739711899618617,0.21332308752446874,4.680286673966462,5.4408437712448565
12,reference,9,trend,rising,all,456,454,454,0,316,0.6960352422907489,0.5116711408125176,-0.008571140281946084,3.0010185672488094,7.203141808085833
12,reference,9,trend,rising,level_ge_7m,115,115,115,0,36,0.3130434782608696,1.1989743076405215,-0.087975237142716,6.539032942242506,7.203141808085833
12,reference,9,trend,stable,all,627,622,622,0,425,0.6832797427652733,0.42938145461267785,0.12852404776537776,1.5114644008399825,4.399774495765733
12,reference,9,trend,stable,level_ge_7m,35,35,35,0,18,0.5142857142857142,0.8860326792988623,0.04306237962412572,4.02372731116452,4.399774495765733
12,reference,9,trend,unknown,all,32,24,9,15,3,0.3333333333333333,0.6154173780299886,-0.22817079511387023,1.199725686991642,1.2349789942232805
12,reference,9,trend,unknown,level_ge_7m,2,2,1,1,0,0.0,1.0146458240255392,1.0146458240255392,1.0146458240255392,1.0146458240255392
12,reference,10,event,594b4ac32b57fab12c848086,level_ge_7m,35,35,35,0,24,0.6857142857142857,0.3551635253932342,-0.30013669839288143,1.39952645443757,1.515417811620181
12,reference,10,event,a801ac814e2dfee4fc14bea5,level_ge_7m,135,135,133,2,35,0.2631578947368421,1.5463829178702868,-0.042325789941268954,6.650206865568913,8.23165757851788
12,reference,10,event,f803fdacd0779dfe9e87b834,level_ge_7m,49,49,49,0,23,0.46938775510204084,0.5476184912723135,0.3367376042132406,1.1134064539696467,1.2981935101197388
12,reference,10,event,dcbe85f6ad3172a997c77a58,level_ge_7m,18,18,18,0,15,0.8333333333333334,0.463969453218905,-0.009641697055795491,1.3150078865202353,1.387249865856968
12,reference,10,event,unassigned,level_ge_7m,0,0,0,0,0,,,,,
12,reference,10,trend,falling,all,843,835,834,1,389,0.46642685851318944,0.5930592164964799,-0.18284831530436152,1.518884230782873,5.977191409812729
12,reference,10,trend,falling,level_ge_7m,83,83,82,1,45,0.5487804878048781,0.7499258704866844,0.21490071928754934,4.927093262360116,5.977191409812729
12,reference,10,trend,rising,all,456,453,453,0,304,0.6710816777041942,0.5634833921858525,0.012813911390517404,3.171451833048327,8.23165757851788
12,reference,10,trend,rising,level_ge_7m,117,117,117,0,37,0.3162393162393162,1.2959675004093019,-0.11746738192056408,7.049196812718269,8.23165757851788
12,reference,10,trend,stable,all,627,622,622,0,404,0.6495176848874598,0.4774147970741269,0.11117867199874484,1.6567992713051944,5.215178160078225
12,reference,10,trend,stable,level_ge_7m,35,35,35,0,15,0.42857142857142855,1.1134587309273807,-0.13934088368309866,4.680462420727486,5.215178160078225
12,reference,10,trend,unknown,all,32,25,9,16,4,0.4444444444444444,0.6513034847166532,-0.17912062187342911,1.242261183074687,1.2519808016526737
12,reference,10,trend,unknown,level_ge_7m,2,2,1,1,0,0.0,1.1912331855402574,1.1912331855402574,1.1912331855402574,1.1912331855402574
12,reference,11,event,594b4ac32b57fab12c848086,level_ge_7m,35,35,35,0,21,0.6,0.4162865458761255,-0.3853768232947643,1.5980341325076697,1.6298032011071033
12,reference,11,event,a801ac814e2dfee4fc14bea5,level_ge_7m,135,135,133,2,29,0.21804511278195488,1.7279971358828512,-0.10172746495794072,6.986323919482441,9.205525346341107
12,reference,11,event,f803fdacd0779dfe9e87b834,level_ge_7m,49,49,49,0,21,0.42857142857142855,0.60181265558485,0.31816502893056553,1.4154374112390964,1.447565077807833
12,reference,11,event,dcbe85f6ad3172a997c77a58,level_ge_7m,18,18,18,0,12,0.6666666666666666,0.5730026625559145,-0.058249712639914235,1.6192854969689017,1.6405556216950652
12,reference,11,event,unassigned,level_ge_7m,0,0,0,0,0,,,,,
12,reference,11,trend,falling,all,843,834,833,1,357,0.42857142857142855,0.6395335429378235,-0.20286364902109305,1.6554394199214069,6.351385867223575
12,reference,11,trend,falling,level_ge_7m,82,82,81,1,38,0.4691358024691358,0.8445571504382304,0.18792240261342755,5.1413465251276795,6.351385867223575
12,reference,11,trend,rising,all,456,452,452,0,283,0.6261061946902655,0.6262048147660787,0.04421995195910646,3.373110085449334,9.205525346341107
12,reference,11,trend,rising,level_ge_7m,118,118,118,0,33,0.2796610169491525,1.4011547275786078,-0.129764252664448,7.472475273329663,9.205525346341107
12,reference,11,trend,stable,all,626,622,622,0,369,0.5932475884244373,0.535704728547239,0.07843118317025428,1.8716458866683239,5.774790737787124
12,reference,11,trend,stable,level_ge_7m,35,35,35,0,12,0.34285714285714286,1.4038336684571266,-0.3915095329686347,5.4362167606232035,5.774790737787124
12,reference,11,trend,unknown,all,32,26,9,17,4,0.4444444444444444,0.6841504194970018,-0.13419901053178263,1.302773754234154,1.3169507919758345
12,reference,11,trend,unknown,level_ge_7m,2,2,1,1,0,0.0,1.3169507919758345,1.3169507919758345,1.3169507919758345,1.3169507919758345
12,reference,12,event,594b4ac32b57fab12c848086,level_ge_7m,35,35,35,0,21,0.6,0.49021382374150385,-0.47865650236018426,1.7510082977648123,1.8403822851534466
12,reference,12,event,a801ac814e2dfee4fc14bea5,level_ge_7m,135,135,133,2,23,0.17293233082706766,1.9380929047729079,-0.17660472359947182,7.34167601144182,10.21734696475649
12,reference,12,event,f803fdacd0779dfe9e87b834,level_ge_7m,49,49,49,0,19,0.3877551020408163,0.6674491646950516,0.29598647841712444,1.5070760892978772,1.589652031914584
12,reference,12,event,dcbe85f6ad3172a997c77a58,level_ge_7m,18,18,18,0,9,0.5,0.6922458967549486,-0.1317423015436058,1.8793261948423,1.886589663529529
12,reference,12,event,unassigned,level_ge_7m,0,0,0,0,0,,,,,
12,reference,12,trend,falling,all,843,834,833,1,341,0.40936374549819926,0.6735742165820263,-0.2227672628965347,1.757417155839447,6.6629280443936345
12,reference,12,trend,falling,level_ge_7m,83,83,82,1,34,0.4146341463414634,0.9769319817320182,0.11601249927116997,5.3286132044092165,6.6629280443936345
12,reference,12,trend,rising,all,456,451,451,0,254,0.5631929046563193,0.7043721833740122,0.09032509086594455,3.6717246706815523,10.21734696475649
12,reference,12,trend,rising,level_ge_7m,119,119,119,0,29,0.24369747899159663,1.5182202138891008,-0.13799993132497865,7.863596052830173,10.21734696475649
12,reference,12,trend,stable,all,625,621,621,0,345,0.5555555555555556,0.5948859965845761,0.03367553968241585,2.100556399655067,6.173711855775941
12,reference,12,trend,stable,level_ge_7m,33,33,33,0,9,0.2727272727272727,1.7689911313596898,-0.67080009111949,5.980885183039928,6.173711855775941
12,reference,12,trend,unknown,all,32,27,9,18,4,0.4444444444444444,0.6726533850851502,-0.15390136069217183,1.1646988248052217,1.202427526155259
12,reference,12,trend,unknown,level_ge_7m,2,2,1,1,0,0.0,0.9359400876976878,0.9359400876976878,0.9359400876976878,0.9359400876976878
12,julho_levels,1,event,594b4ac32b57fab12c848086,level_ge_7m,35,35,35,0,35,1.0,0.07796582038749966,0.010903397342533086,0.1685801326404017,0.17042875704873417
12,julho_levels,1,event,a801ac814e2dfee4fc14bea5,level_ge_7m,135,135,133,2,122,0.9172932330827067,0.21274419800827346,0.052183201951538444,1.0564684980177168,1.3381064972736185
12,julho_levels,1,event,f803fdacd0779dfe9e87b834,level_ge_7m,49,49,49,0,49,1.0,0.11862904820106526,0.04637752100124087,0.3407847909228205,0.44461998151933635
12,julho_levels,1,event,dcbe85f6ad3172a997c77a58,level_ge_7m,18,18,18,0,18,1.0,0.10730915634730796,-0.029331420546320677,0.30065028214301076,0.3305531441832752
12,julho_levels,1,event,unassigned,level_ge_7m,0,0,0,0,0,,,,,
12,julho_levels,1,trend,falling,all,850,846,845,1,840,0.9940828402366864,0.12905290910018047,0.08477265657454341,0.4036629086380855,0.7046164489839555
12,julho_levels,1,trend,falling,level_ge_7m,114,114,113,1,111,0.9823008849557522,0.12474643992769706,0.0700191246699502,0.4046520336391387,0.5993759328522099
12,julho_levels,1,trend,rising,all,458,457,457,0,431,0.9431072210065645,0.17046587098508978,-0.10451670003823507,0.6193669689459885,1.3381064972736185
12,julho_levels,1,trend,rising,level_ge_7m,87,87,87,0,79,0.9080459770114943,0.23337829957307973,-0.018176903811775006,1.234678044213887,1.3381064972736185
12,julho_levels,1,trend,stable,all,627,627,627,0,620,0.988835725677831,0.08355638837662419,-0.02285152985975042,0.42457988114825224,0.7941763161586675
12,julho_levels,1,trend,stable,level_ge_7m,34,34,34,0,34,1.0,0.1076648824298602,0.05966008300666786,0.2750000834397527,0.2751672796471727
12,julho_levels,1,trend,unknown,all,32,14,9,5,8,0.8888888888888888,0.27180985114319195,0.1430908777743754,0.6580476920351321,0.707304447463649
12,julho_levels,1,trend,unknown,level_ge_7m,2,2,1,1,0,0.0,0.707304447463649,0.707304447463649,0.707304447463649,0.707304447463649
12,julho_levels,2,event,594b4ac32b57fab12c848086,level_ge_7m,35,35,35,0,35,1.0,0.10839781947458789,0.016822902393472536,0.25551614139140827,0.28098217128045455
12,julho_levels,2,event,a801ac814e2dfee4fc14bea5,level_ge_7m,135,135,133,2,105,0.7894736842105263,0.34968583446180496,0.08605082405052918,1.4050221470869773,2.284953358433355
12,julho_levels,2,event,f803fdacd0779dfe9e87b834,level_ge_7m,49,49,49,0,48,0.9795918367346939,0.19740520222232283,0.08039763764652214,0.4974332967423556,0.7062067930271194
12,julho_levels,2,event,dcbe85f6ad3172a997c77a58,level_ge_7m,18,18,18,0,18,1.0,0.1848410434809456,-0.056440639816173005,0.46243733027373435,0.4725265586439429
12,julho_levels,2,event,unassigned,level_ge_7m,0,0,0,0,0,,,,,
12,julho_levels,2,trend,falling,all,850,844,843,1,781,0.9264531435349941,0.2090510815080258,0.11941803042946693,0.6630575016467817,0.9477284126267009
12,julho_levels,2,trend,falling,level_ge_7m,110,110,109,1,105,0.963302752293578,0.20032001725492418,0.1258071700452562,0.7219023987383095,0.877824376492331
12,julho_levels,2,trend,rising,all,457,456,456,0,382,0.8377192982456141,0.2474182622354687,-0.13662909973922677,0.9562419040005363,2.284953358433355
12,julho_levels,2,trend,rising,level_ge_7m,92,92,92,0,68,0.7391304347826086,0.3813312929000462,-0.033448649751524194,1.9338011524722054,2.284953358433355
12,julho_levels,2,trend,stable,all,627,627,627,0,595,0.94896331738437,0.14357974220251143,-0.027437519761382426,0.7675465794654197,1.1369775592426237
12,julho_levels,2,trend,stable,level_ge_7m,33,33,33,0,33,1.0,0.17306743504533725,0.1105412418240407,0.4790810810858877,0.48060435555540515
12,julho_levels,2,trend,unknown,all,32,16,9,7,7,0.7777777777777778,0.3658720463067917,0.1950702589783317,0.6643808065402473,0.6735471724943451
12,julho_levels,2,trend,unknown,level_ge_7m,2,2,1,1,0,0.0,0.6735471724943451,0.6735471724943451,0.6735471724943451,0.6735471724943451
12,julho_levels,3,event,594b4ac32b57fab12c848086,level_ge_7m,35,35,35,0,35,1.0,0.13033814411235856,0.017827761560118432,0.3862559408053118,0.4795165791892053
12,julho_levels,3,event,a801ac814e2dfee4fc14bea5,level_ge_7m,135,135,133,2,80,0.6015037593984962,0.47725780444439914,0.11122093958936492,2.0999462110903915,3.0805352798009373
12,julho_levels,3,event,f803fdacd0779dfe9e87b834,level_ge_7m,49,49,49,0,44,0.8979591836734694,0.26443314475551843,0.1173122155913576,0.58810157719606,0.8421140935860345
12,julho_levels,3,event,dcbe85f6ad3172a997c77a58,level_ge_7m,18,18,18,0,17,0.9444444444444444,0.24366578601107003,-0.0630341660511345,0.5043662172990809,0.5508489006414212
12,julho_levels,3,event,unassigned,level_ge_7m,0,0,0,0,0,,,,,
12,julho_levels,3,trend,falling,all,850,843,842,1,685,0.8135391923990499,0.26972456965782726,0.12423437317905718,0.8259807615544796,1.1459965892118635
12,julho_levels,3,trend,falling,level_ge_7m,106,106,105,1,88,0.8380952380952381,0.2553931485725934,0.1729251011822078,0.7626727242869098,1.0227309048176298
12,julho_levels,3,trend,rising,all,456,455,455,0,367,0.8065934065934066,0.2926955871204326,-0.13629295960919474,1.1479425063548696,3.0805352798009373
12,julho_levels,3,trend,rising,level_ge_7m,96,96,96,0,61,0.6354166666666666,0.5176701021477677,-0.03229294718725731,2.2149598527865386,3.0805352798009373
12,julho_levels,3,trend,stable,all,627,626,626,0,565,0.902555910543131,0.19640443686392262,-0.013451182196862779,0.9636266277644043,1.2004596366449944
12,julho_levels,3,trend,stable,level_ge_7m,33,33,33,0,27,0.8181818181818182,0.2520952598995814,0.1340742487159865,0.7253888205511518,0.8241680755585978
12,julho_levels,3,trend,unknown,all,32,18,9,9,6,0.6666666666666666,0.3876207833107803,0.21250028394398604,0.7805151061827373,0.8246937372150478
12,julho_levels,3,trend,unknown,level_ge_7m,2,2,1,1,0,0.0,0.5485772932631079,0.5485772932631079,0.5485772932631079,0.5485772932631079
12,julho_levels,4,event,594b4ac32b57fab12c848086,level_ge_7m,35,35,35,0,35,1.0,0.1512204231543802,0.019345112189527162,0.440063480286122,0.47597919920120635
12,julho_levels,4,event,a801ac814e2dfee4fc14bea5,level_ge_7m,135,135,133,2,72,0.5413533834586466,0.6025184222244881,0.1252725689488661,2.3445380642691265,3.4841511059585457
12,julho_levels,4,event,f803fdacd0779dfe9e87b834,level_ge_7m,49,49,49,0,40,0.8163265306122449,0.32760129888201556,0.15624145437616446,0.720397129127917,0.9082435024057043
12,julho_levels,4,event,dcbe85f6ad3172a997c77a58,level_ge_7m,18,18,18,0,18,1.0,0.2822548977046502,-0.06630506465950879,0.48928038100371257,0.4961376263810289
12,julho_levels,4,event,unassigned,level_ge_7m,0,0,0,0,0,,,,,
12,julho_levels,4,trend,falling,all,849,840,839,1,627,0.7473182359952324,0.31234433584517524,0.10887080179577241,0.906485562971964,1.3759068342855563
12,julho_levels,4,trend,falling,level_ge_7m,103,103,102,1,77,0.7549019607843137,0.3063577258810663,0.20766780459289386,0.8024024019377457,1.2092255231639744
12,julho_levels,4,trend,rising,all,456,455,455,0,369,0.810989010989011,0.32143477340515775,-0.1250786213342421,1.4955870639225095,3.4841511059585457
12,julho_levels,4,trend,rising,level_ge_7m,99,99,99,0,60,0.6060606060606061,0.6414202732013806,-0.03177722817415551,2.845801059712851,3.4841511059585457
12,julho_levels,4,trend,stable,all,627,627,627,0,535,0.8532695374800638,0.24841284513386813,0.019585406814393105,1.063101590756583,1.98581486859407
12,julho_levels,4,trend,stable,level_ge_7m,33,33,33,0,27,0.8181818181818182,0.34294142840743064,0.15969532340144588,1.2622415172948973,1.98581486859407
12,julho_levels,4,trend,unknown,all,32,19,9,10,7,0.7777777777777778,0.3180110602089725,0.14624198723570753,0.8181680548686496,0.8556855785893966
12,julho_levels,4,trend,unknown,level_ge_7m,2,2,1,1,1,1.0,0.4945545459120524,0.4945545459120524,0.4945545459120524,0.4945545459120524
12,julho_levels,5,event,594b4ac32b57fab12c848086,level_ge_7m,35,35,35,0,35,1.0,0.17812281715008668,0.015412780180130474,0.46465372612576566,0.4994768126870017
12,julho_levels,5,event,a801ac814e2dfee4fc14bea5,level_ge_7m,135,135,133,2,66,0.49624060150375937,0.7347043010553219,0.12333199127194484,2.8166599824413705,3.5569203045668054
12,julho_levels,5,event,f803fdacd0779dfe9e87b834,level_ge_7m,49,49,49,0,35,0.7142857142857143,0.37610909914300944,0.19715452467370725,0.7769103068386286,0.8994297114158849
12,julho_levels,5,event,dcbe85f6ad3172a997c77a58,level_ge_7m,18,18,18,0,17,0.9444444444444444,0.2869405025414055,-0.049012520995012396,0.5119766877428781,0.5251376008528981
12,julho_levels,5,event,unassigned,level_ge_7m,0,0,0,0,0,,,,,
12,julho_levels,5,trend,falling,all,848,839,838,1,605,0.7219570405727923,0.34757611027206997,0.08179954861184661,0.9784897237268814,1.9360863632164227
12,julho_levels,5,trend,falling,level_ge_7m,101,101,100,1,73,0.73,0.3673438477594321,0.21583135344705084,1.2759934515473965,1.9360863632164227
12,julho_levels,5,trend,rising,all,456,455,455,0,367,0.8065934065934066,0.34557908922066155,-0.11081510195589768,1.802104585400317,3.5569203045668054
12,julho_levels,5,trend,rising,level_ge_7m,102,102,102,0,57,0.5588235294117647,0.7489729512978006,-0.029113663743687717,2.7954010398125497,3.5569203045668054
12,julho_levels,5,trend,stable,all,627,626,626,0,482,0.7699680511182109,0.2991837839371981,0.06515016325684651,1.0440101398368338,2.8525734413808337
12,julho_levels,5,trend,stable,level_ge_7m,32,32,32,0,23,0.71875,0.43355162158352734,0.20520121838605734,1.698829553225813,2.8525734413808337
12,julho_levels,5,trend,unknown,all,32,20,9,11,6,0.6666666666666666,0.36639006046665007,0.01883283641884168,0.5911412411825399,0.6006980784798075
12,julho_levels,5,trend,unknown,level_ge_7m,2,2,1,1,0,0.0,0.5409678453718847,0.5409678453718847,0.5409678453718847,0.5409678453718847
12,julho_levels,6,event,594b4ac32b57fab12c848086,level_ge_7m,35,35,35,0,35,1.0,0.20152399669213408,0.008314319461092267,0.43281067863083955,0.4700059828667431
12,julho_levels,6,event,a801ac814e2dfee4fc14bea5,level_ge_7m,135,135,133,2,57,0.42857142857142855,0.8702700972068117,0.16500514252122864,3.486993457351525,4.061902098043779
12,julho_levels,6,event,f803fdacd0779dfe9e87b834,level_ge_7m,49,49,49,0,28,0.5714285714285714,0.41858610646135186,0.23624028400086866,0.8066339710264914,0.8972264094005782
12,julho_levels,6,event,dcbe85f6ad3172a997c77a58,level_ge_7m,18,18,18,0,16,0.8888888888888888,0.28981748033359156,-0.025729421363285265,0.5682161540688395,0.5878313668520105
12,julho_levels,6,event,unassigned,level_ge_7m,0,0,0,0,0,,,,,
12,julho_levels,6,trend,falling,all,847,838,837,1,570,0.6810035842293907,0.3814918247243504,0.05186925427751479,1.0124506305368812,2.925072611845355
12,julho_levels,6,trend,falling,level_ge_7m,98,98,97,1,65,0.6701030927835051,0.43932431956820334,0.21098960767306396,1.7677739576014622,2.925072611845355
12,julho_levels,6,trend,rising,all,456,455,455,0,361,0.7934065934065934,0.3695429850575868,-0.08244032067755727,2.104662411640097,4.061902098043779
12,julho_levels,6,trend,rising,level_ge_7m,105,105,105,0,51,0.4857142857142857,0.8490541643361407,0.036827845445757824,3.533200721354287,4.061902098043779
12,julho_levels,6,trend,stable,all,627,625,625,0,450,0.72,0.343581250052526,0.1154542482827718,1.1549028739405847,3.3133786177111855
12,julho_levels,6,trend,stable,level_ge_7m,32,32,32,0,20,0.625,0.5017293953667381,0.2596938744274336,1.970914709964266,3.3133786177111855
12,julho_levels,6,trend,unknown,all,32,21,9,12,6,0.6666666666666666,0.3484404578850984,-0.07589977781508218,0.7028509092409932,0.706209770195418
12,julho_levels,6,trend,unknown,level_ge_7m,2,2,1,1,0,0.0,0.706209770195418,0.706209770195418,0.706209770195418,0.706209770195418
12,julho_levels,7,event,594b4ac32b57fab12c848086,level_ge_7m,35,35,35,0,35,1.0,0.2166432275186208,-0.004446694292512987,0.4294636883596001,0.43650357693489994
12,julho_levels,7,event,a801ac814e2dfee4fc14bea5,level_ge_7m,135,135,133,2,49,0.3684210526315789,0.9939406904690159,0.17346793435278868,3.606576790480667,4.776930482843849
12,julho_levels,7,event,f803fdacd0779dfe9e87b834,level_ge_7m,49,49,49,0,28,0.5714285714285714,0.4426422587475232,0.27003417050019235,0.8462104561401269,0.8700813136268817
12,julho_levels,7,event,dcbe85f6ad3172a997c77a58,level_ge_7m,18,18,18,0,14,0.7777777777777778,0.2904205083487331,0.011269144754802932,0.5797388062569685,0.580217461339303
12,julho_levels,7,event,unassigned,level_ge_7m,0,0,0,0,0,,,,,
12,julho_levels,7,trend,falling,all,846,838,837,1,542,0.6475507765830346,0.412025278032562,0.02601815053530485,1.028830423202814,3.7718983493250384
12,julho_levels,7,trend,falling,level_ge_7m,94,94,93,1,61,0.6559139784946236,0.5023432627356307,0.21485480899682968,3.1070231992259227,3.7718983493250384
12,julho_levels,7,trend,rising,all,456,455,455,0,359,0.789010989010989,0.39523499529810796,-0.06206631633509454,2.50354389274302,4.776930482843849
12,julho_levels,7,trend,rising,level_ge_7m,109,109,109,0,46,0.42201834862385323,0.9173283006077824,0.06251563113795414,3.47420128439042,4.776930482843849
12,julho_levels,7,trend,stable,all,627,623,623,0,429,0.6886035313001605,0.3873922902033083,0.16176526904260335,1.3517544763939673,3.4492642404141147
12,julho_levels,7,trend,stable,level_ge_7m,32,32,32,0,19,0.59375,0.5958784390986642,0.2698616414193493,2.167683998862497,3.4492642404141147
12,julho_levels,7,trend,unknown,all,32,22,9,13,5,0.5555555555555556,0.48297062027611243,-0.09348803341124053,0.88554266999376,0.9188463726174856
12,julho_levels,7,trend,unknown,level_ge_7m,2,2,1,1,0,0.0,0.9188463726174856,0.9188463726174856,0.9188463726174856,0.9188463726174856
12,julho_levels,8,event,594b4ac32b57fab12c848086,level_ge_7m,35,35,35,0,32,0.9142857142857143,0.24238205856295286,-0.021629000782924505,0.5293315985785872,0.5301411877113429
12,julho_levels,8,event,a801ac814e2dfee4fc14bea5,level_ge_7m,135,135,133,2,45,0.3383458646616541,1.1247173710676435,0.16673361056534808,4.266419144860597,5.256964042904428
12,julho_levels,8,event,f803fdacd0779dfe9e87b834,level_ge_7m,49,49,49,0,26,0.5306122448979592,0.45369763013572156,0.2940203468932523,0.8625398234336833,0.9071112841000328
12,julho_levels,8,event,dcbe85f6ad3172a997c77a58,level_ge_7m,18,18,18,0,13,0.7222222222222222,0.3115345183192781,0.04251109619218621,0.6426761513176625,0.6924753346348593
12,julho_levels,8,event,unassigned,level_ge_7m,0,0,0,0,0,,,,,
12,julho_levels,8,trend,falling,all,845,837,836,1,509,0.6088516746411483,0.4441623107791722,0.007592473539903773,1.1455723789075658,4.407805623038293
12,julho_levels,8,trend,falling,level_ge_7m,89,89,88,1,55,0.625,0.5704356358968625,0.228932017495433,3.870717713110066,4.407805623038293
12,julho_levels,8,trend,rising,all,456,455,455,0,343,0.7538461538461538,0.42617315790338145,-0.0419989235483265,2.5245467317295933,5.256964042904428
12,julho_levels,8,trend,rising,level_ge_7m,112,112,112,0,42,0.375,0.9939731892123935,0.07518101643823183,4.1546029666886195,5.256964042904428
12,julho_levels,8,trend,stable,all,627,622,622,0,414,0.6655948553054662,0.42518445022358264,0.1960078218317257,1.4368360227121086,3.4264352863586502
12,julho_levels,8,trend,stable,level_ge_7m,34,34,34,0,19,0.5588235294117647,0.6864548601043708,0.2052256268382617,2.988145959668177,3.4264352863586502
12,julho_levels,8,trend,unknown,all,32,23,9,14,4,0.4444444444444444,0.5516538093324022,-0.057108133054740495,1.0145014783573965,1.0467892138366874
12,julho_levels,8,trend,unknown,level_ge_7m,2,2,1,1,0,0.0,1.0467892138366874,1.0467892138366874,1.0467892138366874,1.0467892138366874
12,julho_levels,9,event,594b4ac32b57fab12c848086,level_ge_7m,35,35,35,0,28,0.8,0.26863434508181594,-0.04615346430259929,0.7145846890309058,0.8969728134939468
12,julho_levels,9,event,a801ac814e2dfee4fc14bea5,level_ge_7m,135,135,133,2,41,0.3082706766917293,1.3002451055785849,0.09279138196041414,5.2127430958828995,6.2540571168049155
12,julho_levels,9,event,f803fdacd0779dfe9e87b834,level_ge_7m,49,49,49,0,26,0.5306122448979592,0.46258163331080937,0.2973331413612284,0.9190328072134489,0.9354143680012843
12,julho_levels,9,event,dcbe85f6ad3172a997c77a58,level_ge_7m,18,18,18,0,15,0.8333333333333334,0.3676815792032279,0.07085834164883985,0.8292785476825093,0.8498853768568626
12,julho_levels,9,event,unassigned,level_ge_7m,0,0,0,0,0,,,,,
12,julho_levels,9,trend,falling,all,844,836,835,1,477,0.5712574850299401,0.4742522256418428,-0.003217048104258454,1.2471456587903216,4.842698869256679
12,julho_levels,9,trend,falling,level_ge_7m,85,85,84,1,51,0.6071428571428571,0.6235433539000967,0.2511338448502435,4.2223491219800735,4.842698869256679
12,julho_levels,9,trend,rising,all,456,454,454,0,330,0.7268722466960352,0.4718446816814721,-0.03606556132362756,3.0907535272306266,6.2540571168049155
12,julho_levels,9,trend,rising,level_ge_7m,115,115,115,0,42,0.3652173913043478,1.118647561972473,0.010010002571977664,5.517217736503784,6.2540571168049155
12,julho_levels,9,trend,stable,all,627,622,622,0,403,0.6479099678456591,0.45804203844197294,0.2145714416994652,1.572876774797985,3.872830640687015
12,julho_levels,9,trend,stable,level_ge_7m,35,35,35,0,17,0.4857142857142857,0.8387031585265531,0.08804044824269516,3.5376725702126812,3.872830640687015
12,julho_levels,9,trend,unknown,all,32,24,9,15,4,0.4444444444444444,0.6159710945567134,0.009399060794021974,1.2094231017694161,1.2428476748311876
12,julho_levels,9,trend,unknown,level_ge_7m,2,2,1,1,0,0.0,1.2428476748311876,1.2428476748311876,1.2428476748311876,1.2428476748311876
12,julho_levels,10,event,594b4ac32b57fab12c848086,level_ge_7m,35,35,35,0,30,0.8571428571428571,0.3015870728257098,-0.08420107133357842,0.9854518347325282,1.1309759004365452
12,julho_levels,10,event,a801ac814e2dfee4fc14bea5,level_ge_7m,135,135,133,2,38,0.2857142857142857,1.4590226688769314,0.050532727740349934,6.077205264051657,7.093352310556902
12,julho_levels,10,event,f803fdacd0779dfe9e87b834,level_ge_7m,49,49,49,0,26,0.5306122448979592,0.49827779189716137,0.28946693649304217,0.9932280956954297,1.1438676990098893
12,julho_levels,10,event,dcbe85f6ad3172a997c77a58,level_ge_7m,18,18,18,0,14,0.7777777777777778,0.44196575756731676,0.06825229165883417,1.061353375455916,1.1123449276894153
12,julho_levels,10,event,unassigned,level_ge_7m,0,0,0,0,0,,,,,
12,julho_levels,10,trend,falling,all,843,835,834,1,456,0.5467625899280576,0.5027360863025961,-0.0062743128243860176,1.3397062452037127,5.3271057865396365
12,julho_levels,10,trend,falling,level_ge_7m,83,83,82,1,47,0.573170731707317,0.6855187718405352,0.2521743431426364,4.4155724323736205,5.3271057865396365
12,julho_levels,10,trend,rising,all,456,453,453,0,325,0.717439293598234,0.5121268057121465,-0.011873064916437618,3.1737671523561604,7.093352310556902
12,julho_levels,10,trend,rising,level_ge_7m,117,117,117,0,47,0.4017094017094017,1.2166730706120534,0.00064592235504636,6.54934040458461,7.093352310556902
12,julho_levels,10,trend,stable,all,627,622,622,0,401,0.6446945337620579,0.47983401667591197,0.21320633852040355,1.654660768430776,4.645203322029855
12,julho_levels,10,trend,stable,level_ge_7m,35,35,35,0,14,0.4,1.0562077920679653,-0.08610369417767436,4.206579979582864,4.645203322029855
12,julho_levels,10,trend,unknown,all,32,25,9,16,3,0.3333333333333333,0.6820585050237371,0.09042240201389859,1.4127785794441259,1.4459966737913792
12,julho_levels,10,trend,unknown,level_ge_7m,2,2,1,1,0,0.0,1.4459966737913792,1.4459966737913792,1.4459966737913792,1.4459966737913792
12,julho_levels,11,event,594b4ac32b57fab12c848086,level_ge_7m,35,35,35,0,30,0.8571428571428571,0.32001147056006696,-0.1267483165620288,1.1040450279945058,1.1638633113494823
12,julho_levels,11,event,a801ac814e2dfee4fc14bea5,level_ge_7m,135,135,133,2,32,0.24060150375939848,1.639092612419952,-0.003724752680827814,6.674624252718472,7.920057324110807
12,julho_levels,11,event,f803fdacd0779dfe9e87b834,level_ge_7m,49,49,49,0,26,0.5306122448979592,0.5470105307700256,0.27090615937635554,1.23952113694213,1.2815856286805873
12,julho_levels,11,event,dcbe85f6ad3172a997c77a58,level_ge_7m,18,18,18,0,10,0.5555555555555556,0.5327321239969588,0.039923336929818594,1.3231226722366156,1.3516404041637387
12,julho_levels,11,event,unassigned,level_ge_7m,0,0,0,0,0,,,,,
12,julho_levels,11,trend,falling,all,843,834,833,1,454,0.5450180072028812,0.523907002863287,-0.00661002486907272,1.4429064493968,5.658938213499443
12,julho_levels,11,trend,falling,level_ge_7m,82,82,81,1,42,0.5185185185185185,0.7805288827622374,0.2207664228176667,4.588492260263401,5.658938213499443
12,julho_levels,11,trend,rising,all,456,452,452,0,316,0.6991150442477876,0.5602952298147281,0.02444396453679199,3.3384442479523857,7.920057324110807
12,julho_levels,11,trend,rising,level_ge_7m,118,118,118,0,46,0.3898305084745763,1.3144094027000657,0.004908762902579275,7.18895171205902,7.920057324110807
12,julho_levels,11,trend,stable,all,626,622,622,0,396,0.6366559485530546,0.5016327900822627,0.19557745419846687,1.7746000037120506,5.171884636889737
12,julho_levels,11,trend,stable,level_ge_7m,35,35,35,0,10,0.2857142857142857,1.3050008188168227,-0.31411745894208526,4.9346318772478215,5.171884636889737
12,julho_levels,11,trend,unknown,all,32,26,9,17,3,0.3333333333333333,0.7386757682914276,0.1635868929039825,1.565817009211538,1.5942354801946692
12,julho_levels,11,trend,unknown,level_ge_7m,2,2,1,1,0,0.0,1.5942354801946692,1.5942354801946692,1.5942354801946692,1.5942354801946692
12,julho_levels,12,event,594b4ac32b57fab12c848086,level_ge_7m,35,35,35,0,28,0.8,0.3377201694084918,-0.17386268852699205,1.1214010867935282,1.160597161003409
12,julho_levels,12,event,a801ac814e2dfee4fc14bea5,level_ge_7m,135,135,133,2,27,0.20300751879699247,1.8441946928116695,-0.07347751616987763,7.30561488677745,8.85887126130388
12,julho_levels,12,event,f803fdacd0779dfe9e87b834,level_ge_7m,49,49,49,0,22,0.4489795918367347,0.6061317396064589,0.24622990608962583,1.3296691518477997,1.4003460428757535
12,julho_levels,12,event,dcbe85f6ad3172a997c77a58,level_ge_7m,18,18,18,0,8,0.4444444444444444,0.6213967446313272,0.0022569936496570106,1.4734716417407423,1.5427731322340748
12,julho_levels,12,event,unassigned,level_ge_7m,0,0,0,0,0,,,,,
12,julho_levels,12,trend,falling,all,843,834,833,1,459,0.5510204081632653,0.53548953002798,-0.009383018400593133,1.5864531202598133,5.937937888734345
12,julho_levels,12,trend,falling,level_ge_7m,83,83,82,1,35,0.4268292682926829,0.9048505122574593,0.15106275181580114,4.749631865806368,5.937937888734345
12,julho_levels,12,trend,rising,all,456,451,451,0,300,0.6651884700665188,0.6230997560085889,0.07867873512899881,3.539545157505307,8.85887126130388
12,julho_levels,12,trend,rising,level_ge_7m,119,119,119,0,42,0.35294117647058826,1.4230055014402174,0.01659516304806135,7.795232449177382,8.85887126130388
12,julho_levels,12,trend,stable,all,625,621,621,0,380,0.6119162640901772,0.5177868494586456,0.16714274442018043,1.9205519106578992,5.547556768376333
12,julho_levels,12,trend,stable,level_ge_7m,33,33,33,0,8,0.24242424242424243,1.6124590568708497,-0.5863919297170282,5.454219695942762,5.547556768376333
12,julho_levels,12,trend,unknown,all,32,27,9,18,4,0.4444444444444444,0.7384754625486273,0.16940290068867736,1.4946583219988112,1.5437073044568732
12,julho_levels,12,trend,unknown,level_ge_7m,2,2,1,1,0,0.0,1.2371511640939854,1.2371511640939854,1.2371511640939854,1.2371511640939854
