dataset,period,horizon_h,population,subset,family,scheduled_rows,missing_truth,observed_targets,pairs,failures,hits,paired_hit_fraction,observed_target_hit_fraction,mae_m,bias_m,p98_abs_m,max_abs_m
original,validation,1,full_schedule,all,raw_original,6551,34,6517,6479,38,6478,0.9998456551937027,0.9940156513733313,0.022013911700025222,0.004282256256655598,0.11681982649743483,0.5943960587357431
original,validation,1,full_schedule,all,raw_plus2020,6551,34,6517,6479,38,6478,0.9998456551937027,0.9940156513733313,0.021325470203991347,-0.0017612280623678016,0.10562311323878076,0.5597202429980985
original,validation,1,full_schedule,all,normalized_original,6551,34,6517,6479,38,6478,0.9998456551937027,0.9940156513733313,0.02201364866188811,0.00428199321851848,0.11681982649743483,0.5943960587357431
original,validation,1,full_schedule,all,normalized_plus2020,6551,34,6517,6479,38,6478,0.9998456551937027,0.9940156513733313,0.021325309191858408,-0.0017613890745007434,0.10562311323878076,0.5597202429980985
original,validation,1,full_schedule,level_ge_7m,raw_original,6551,34,28,28,0,28,1.0,1.0,0.0666807029630848,0.020062143129802985,0.21438872115969643,0.25365721478517145
original,validation,1,full_schedule,level_ge_7m,raw_plus2020,6551,34,28,28,0,28,1.0,1.0,0.06333335504352917,0.007879169068211749,0.19488989712253313,0.24943821848564696
original,validation,1,full_schedule,level_ge_7m,normalized_original,6551,34,28,28,0,28,1.0,1.0,0.0666807029630848,0.020062143129802985,0.21438872115969643,0.25365721478517145
original,validation,1,full_schedule,level_ge_7m,normalized_plus2020,6551,34,28,28,0,28,1.0,1.0,0.06333335504352917,0.007879169068211749,0.19488989712253313,0.24943821848564696
original,validation,1,complete24,all,raw_original,5912,21,5891,5891,0,5890,0.9998302495331862,0.9998302495331862,0.01850954847976383,0.0010709660990267794,0.09500859502592271,0.5943960587357431
original,validation,1,complete24,all,raw_plus2020,5912,21,5891,5891,0,5891,1.0,1.0,0.01977903450196499,-0.0010824346536127455,0.0955944256509765,0.4359619156036265
original,validation,1,complete24,all,normalized_original,5912,21,5891,5891,0,5890,0.9998302495331862,0.9998302495331862,0.01850925918692893,0.0010706768061918815,0.09500859502592271,0.5943960587357431
original,validation,1,complete24,all,normalized_plus2020,5912,21,5891,5891,0,5891,1.0,1.0,0.019778857418683828,-0.0010826117368939081,0.0955944256509765,0.4359619156036265
original,validation,1,complete24,level_ge_7m,raw_original,5912,21,28,28,0,28,1.0,1.0,0.0666807029630848,0.020062143129802985,0.21438872115969643,0.25365721478517145
original,validation,1,complete24,level_ge_7m,raw_plus2020,5912,21,28,28,0,28,1.0,1.0,0.06333335504352917,0.007879169068211749,0.19488989712253313,0.24943821848564696
original,validation,1,complete24,level_ge_7m,normalized_original,5912,21,28,28,0,28,1.0,1.0,0.0666807029630848,0.020062143129802985,0.21438872115969643,0.25365721478517145
original,validation,1,complete24,level_ge_7m,normalized_plus2020,5912,21,28,28,0,28,1.0,1.0,0.06333335504352917,0.007879169068211749,0.19488989712253313,0.24943821848564696
original,validation,1,missing24,all,raw_original,639,13,626,588,38,588,1.0,0.939297124600639,0.057123101717984216,0.036455232988953847,0.18038087655427343,0.40240299407220514
original,validation,1,missing24,all,raw_plus2020,639,13,626,588,38,587,0.9982993197278912,0.9376996805111821,0.03681875714385063,-0.008561860666068543,0.20735871842959178,0.5597202429980985
original,validation,1,missing24,all,normalized_original,639,13,626,588,38,588,1.0,0.939297124600639,0.057123101717984216,0.036455232988953847,0.18038087655427343,0.40240299407220514
original,validation,1,missing24,all,normalized_plus2020,639,13,626,588,38,587,0.9982993197278912,0.9376996805111821,0.03681875714385063,-0.008561860666068543,0.20735871842959178,0.5597202429980985
original,validation,1,missing24,level_ge_7m,raw_original,639,13,0,0,0,0,,,,,,
original,validation,1,missing24,level_ge_7m,raw_plus2020,639,13,0,0,0,0,,,,,,
original,validation,1,missing24,level_ge_7m,normalized_original,639,13,0,0,0,0,,,,,,
original,validation,1,missing24,level_ge_7m,normalized_plus2020,639,13,0,0,0,0,,,,,,
original,validation,2,full_schedule,all,raw_original,6550,34,6516,6477,39,6466,0.9983016828778756,0.9923265807243707,0.03193842446827068,0.003102399367981166,0.16324216087463073,1.3024086910998092
original,validation,2,full_schedule,all,raw_plus2020,6550,34,6516,6477,39,6467,0.9984560753435232,0.9924800491098834,0.034535605108054784,-0.002041915449936154,0.17078087006476364,1.2825089321551792
original,validation,2,full_schedule,all,normalized_original,6550,34,6516,6477,39,6468,0.998610467809171,0.992633517495396,0.03191872676139778,0.0036232900454707625,0.16503089019902725,1.292327796985405
original,validation,2,full_schedule,all,normalized_plus2020,6550,34,6516,6477,39,6466,0.9983016828778756,0.9923265807243707,0.034206823936585584,-0.0020509120447853822,0.17203929494531914,1.2903949832562718
original,validation,2,full_schedule,level_ge_7m,raw_original,6550,34,28,28,0,28,1.0,1.0,0.11897886238198042,0.02382246183854456,0.3544459802504053,0.36191043129735867
original,validation,2,full_schedule,level_ge_7m,raw_plus2020,6550,34,28,28,0,28,1.0,1.0,0.11696550238526024,0.0012352105638357028,0.3594508607550828,0.3728587788332991
original,validation,2,full_schedule,level_ge_7m,normalized_original,6550,34,28,28,0,28,1.0,1.0,0.11874979650671791,0.025686494933103994,0.3572941692548376,0.3662419889911206
original,validation,2,full_schedule,level_ge_7m,normalized_plus2020,6550,34,28,28,0,28,1.0,1.0,0.11586171481890194,0.004254800067946667,0.3546644857667219,0.37013404300181296
original,validation,2,complete24,all,raw_original,5912,27,5885,5885,0,5878,0.9988105352591334,0.9988105352591334,0.0297706209205942,0.002997507842193795,0.14641257146592979,1.3024086910998092
original,validation,2,complete24,all,raw_plus2020,5912,27,5885,5885,0,5881,0.999320305862362,0.999320305862362,0.031023679524707307,-0.00023419724859867776,0.14844840373455798,1.1583319428999328
original,validation,2,complete24,all,normalized_original,5912,27,5885,5885,0,5878,0.9988105352591334,0.9988105352591334,0.02977685695747634,0.0033117087766044535,0.14342027519566514,1.292327796985405
original,validation,2,complete24,all,normalized_plus2020,5912,27,5885,5885,0,5880,0.9991503823279524,0.9991503823279524,0.03068683555376738,-0.00014796778251145788,0.1481814457580338,1.1479719499803664
original,validation,2,complete24,level_ge_7m,raw_original,5912,27,28,28,0,28,1.0,1.0,0.11897886238198042,0.02382246183854456,0.3544459802504053,0.36191043129735867
original,validation,2,complete24,level_ge_7m,raw_plus2020,5912,27,28,28,0,28,1.0,1.0,0.11696550238526024,0.0012352105638357028,0.3594508607550828,0.3728587788332991
original,validation,2,complete24,level_ge_7m,normalized_original,5912,27,28,28,0,28,1.0,1.0,0.11874979650671791,0.025686494933103994,0.3572941692548376,0.3662419889911206
original,validation,2,complete24,level_ge_7m,normalized_plus2020,5912,27,28,28,0,28,1.0,1.0,0.11586171481890194,0.004254800067946667,0.3546644857667219,0.37013404300181296
original,validation,2,missing24,all,raw_original,638,7,631,592,39,588,0.9932432432432432,0.9318541996830428,0.05348829588393969,0.004145113268755961,0.3307599152699826,0.6502628363690341
original,validation,2,missing24,all,raw_plus2020,638,7,631,592,39,586,0.9898648648648649,0.9286846275752774,0.06944723020602755,-0.02001222223181292,0.3253258566783537,1.2825089321551792
original,validation,2,missing24,all,normalized_original,638,7,631,592,39,590,0.9966216216216216,0.9350237717908082,0.053210793984501924,0.006720681544251557,0.33229069163497743,0.6293176106514173
original,validation,2,missing24,all,normalized_plus2020,638,7,631,592,39,586,0.9898648648648649,0.9286846275752774,0.06919860034348617,-0.02096784951688343,0.3342924802684018,1.2903949832562718
original,validation,2,missing24,level_ge_7m,raw_original,638,7,0,0,0,0,,,,,,
original,validation,2,missing24,level_ge_7m,raw_plus2020,638,7,0,0,0,0,,,,,,
original,validation,2,missing24,level_ge_7m,normalized_original,638,7,0,0,0,0,,,,,,
original,validation,2,missing24,level_ge_7m,normalized_plus2020,638,7,0,0,0,0,,,,,,
original,validation,3,full_schedule,all,raw_original,6549,34,6515,6476,39,6444,0.9950586781964176,0.9891020721412126,0.04525957105840351,0.007695788363354644,0.2640266271323174,1.537354044244438
original,validation,3,full_schedule,all,raw_plus2020,6549,34,6515,6476,39,6435,0.99366893143916,0.9877206446661551,0.052479042402043756,0.0005374707838122023,0.26964836105171885,1.5437613425998904
original,validation,3,full_schedule,all,normalized_original,6549,34,6515,6476,39,6441,0.9945954292773317,0.9886415963161934,0.04548444641053118,0.006589432937947058,0.26936418537984497,1.576166597600027
original,validation,3,full_schedule,all,normalized_plus2020,6549,34,6515,6476,39,6435,0.99366893143916,0.9877206446661551,0.052976333739717316,0.001707623622931398,0.27224056531453,1.4097378439307717
original,validation,3,full_schedule,level_ge_7m,raw_original,6549,34,28,28,0,26,0.9285714285714286,0.9285714285714286,0.16960676474370254,0.0480847892416398,0.5556545652840782,0.6140799441250824
original,validation,3,full_schedule,level_ge_7m,raw_plus2020,6549,34,28,28,0,26,0.9285714285714286,0.9285714285714286,0.1502673038111546,0.09533394613663794,0.5406408494591053,0.5506832464500686
original,validation,3,full_schedule,level_ge_7m,normalized_original,6549,34,28,28,0,26,0.9285714285714286,0.9285714285714286,0.17053312448485594,0.05278913967713853,0.5718399857851914,0.6316653597274993
original,validation,3,full_schedule,level_ge_7m,normalized_plus2020,6549,34,28,28,0,26,0.9285714285714286,0.9285714285714286,0.14103129977389464,0.09994658952576055,0.5621810374712696,0.6137224301475488
original,validation,3,complete24,all,raw_original,5912,26,5886,5886,0,5861,0.9957526333673122,0.9957526333673122,0.03993262475489892,0.004508093784665101,0.22687183754540666,1.537354044244438
original,validation,3,complete24,all,raw_plus2020,5912,26,5886,5886,0,5869,0.9971117906897723,0.9971117906897723,0.04592558613209309,0.0012754001617391814,0.23183086066858477,1.3431559959292265
original,validation,3,complete24,all,normalized_original,5912,26,5886,5886,0,5860,0.9955827387020048,0.9955827387020048,0.040485920397918186,0.003856530024163189,0.22965318576254048,1.576166597600027
original,validation,3,complete24,all,normalized_plus2020,5912,26,5886,5886,0,5869,0.9971117906897723,0.9971117906897723,0.04633252565770313,0.0020499906151820717,0.222597904676751,1.3696499190390323
original,validation,3,complete24,level_ge_7m,raw_original,5912,26,28,28,0,26,0.9285714285714286,0.9285714285714286,0.16960676474370254,0.0480847892416398,0.5556545652840782,0.6140799441250824
original,validation,3,complete24,level_ge_7m,raw_plus2020,5912,26,28,28,0,26,0.9285714285714286,0.9285714285714286,0.1502673038111546,0.09533394613663794,0.5406408494591053,0.5506832464500686
original,validation,3,complete24,level_ge_7m,normalized_original,5912,26,28,28,0,26,0.9285714285714286,0.9285714285714286,0.17053312448485594,0.05278913967713853,0.5718399857851914,0.6316653597274993
original,validation,3,complete24,level_ge_7m,normalized_plus2020,5912,26,28,28,0,26,0.9285714285714286,0.9285714285714286,0.14103129977389464,0.09994658952576055,0.5621810374712696,0.6137224301475488
original,validation,3,missing24,all,raw_original,637,8,629,590,39,583,0.988135593220339,0.9268680445151033,0.09840263197777305,0.03949709393990832,0.4597995446900129,0.9561634130213972
original,validation,3,missing24,all,raw_plus2020,637,8,629,590,39,566,0.9593220338983051,0.8998410174880763,0.11785809935955158,-0.006824312806828807,0.6359195125056528,1.5437613425998904
original,validation,3,missing24,all,normalized_original,637,8,629,590,39,581,0.9847457627118644,0.9236883942766295,0.0953510974448364,0.03385361353206883,0.452103797747238,0.9661699313222332
original,validation,3,missing24,all,normalized_plus2020,637,8,629,590,39,566,0.9593220338983051,0.8998410174880763,0.11925676487655719,-0.001707922337047366,0.6232805355994051,1.4097378439307717
original,validation,3,missing24,level_ge_7m,raw_original,637,8,0,0,0,0,,,,,,
original,validation,3,missing24,level_ge_7m,raw_plus2020,637,8,0,0,0,0,,,,,,
original,validation,3,missing24,level_ge_7m,normalized_original,637,8,0,0,0,0,,,,,,
original,validation,3,missing24,level_ge_7m,normalized_plus2020,637,8,0,0,0,0,,,,,,
original,validation,4,full_schedule,all,raw_original,6548,34,6514,6474,40,6431,0.9933580475749151,0.987258213079521,0.06104765754702062,0.014452144778230811,0.34029778549374,1.8219056508267162
original,validation,4,full_schedule,all,raw_plus2020,6548,34,6514,6474,40,6398,0.9882607352486871,0.9821922014123426,0.0691378063439237,0.0006965687631171053,0.3526391332466202,1.7827902731617415
original,validation,4,full_schedule,all,normalized_original,6548,34,6514,6474,40,6432,0.9935125115848007,0.987411728584587,0.06123232267757822,0.013718337307140342,0.34295527429018813,1.8541260734088905
original,validation,4,full_schedule,all,normalized_plus2020,6548,34,6514,6474,40,6405,0.9893419833178869,0.9832668099478047,0.06874768131543231,-0.00017920262012547088,0.3395334266768579,1.700231612007255
original,validation,4,full_schedule,level_ge_7m,raw_original,6548,34,28,28,0,26,0.9285714285714286,0.9285714285714286,0.16646123882897323,0.001845246880732779,0.532564298850716,0.560207741268413
original,validation,4,full_schedule,level_ge_7m,raw_plus2020,6548,34,28,28,0,23,0.8214285714285714,0.8214285714285714,0.2921228861579999,0.1828676187884579,0.6708210096405526,0.7093898649565311
original,validation,4,full_schedule,level_ge_7m,normalized_original,6548,34,28,28,0,26,0.9285714285714286,0.9285714285714286,0.16618220345897536,0.01827153500635673,0.5354375461168059,0.5385516740909324
original,validation,4,full_schedule,level_ge_7m,normalized_plus2020,6548,34,28,28,0,25,0.8928571428571429,0.8928571428571429,0.25929759495195964,0.14359885934496192,0.6240748519122304,0.6594312584086452
original,validation,4,complete24,all,raw_original,5912,32,5880,5880,0,5859,0.9964285714285714,0.9964285714285714,0.051990217427198344,0.007082108235585423,0.26578377883297893,1.8219056508267162
original,validation,4,complete24,all,raw_plus2020,5912,32,5880,5880,0,5846,0.9942176870748299,0.9942176870748299,0.06029086401861897,0.006447970303975127,0.2898970845121462,1.6104539350157747
original,validation,4,complete24,all,normalized_original,5912,32,5880,5880,0,5859,0.9964285714285714,0.9964285714285714,0.05211670900648635,0.006206972519927409,0.26907598983171893,1.8541260734088905
original,validation,4,complete24,all,normalized_plus2020,5912,32,5880,5880,0,5850,0.9948979591836735,0.9948979591836735,0.06012916987896258,0.00484072012105308,0.2842156098351102,1.5809491707457948
original,validation,4,complete24,level_ge_7m,raw_original,5912,32,28,28,0,26,0.9285714285714286,0.9285714285714286,0.16646123882897323,0.001845246880732779,0.532564298850716,0.560207741268413
original,validation,4,complete24,level_ge_7m,raw_plus2020,5912,32,28,28,0,23,0.8214285714285714,0.8214285714285714,0.2921228861579999,0.1828676187884579,0.6708210096405526,0.7093898649565311
original,validation,4,complete24,level_ge_7m,normalized_original,5912,32,28,28,0,26,0.9285714285714286,0.9285714285714286,0.16618220345897536,0.01827153500635673,0.5354375461168059,0.5385516740909324
original,validation,4,complete24,level_ge_7m,normalized_plus2020,5912,32,28,28,0,25,0.8928571428571429,0.8928571428571429,0.25929759495195964,0.14359885934496192,0.6240748519122304,0.6594312584086452
original,validation,4,missing24,all,raw_original,636,2,634,594,40,572,0.9629629629629629,0.9022082018927445,0.15070716580384713,0.08740806206906392,0.5385478587692857,0.7748820108780885
original,validation,4,missing24,all,raw_plus2020,636,2,634,594,40,552,0.9292929292929293,0.8706624605678234,0.1567135990590616,-0.056236496994871384,1.0036638627144159,1.7827902731617415
original,validation,4,missing24,all,normalized_original,636,2,634,594,40,573,0.9646464646464646,0.9037854889589906,0.15146769033081098,0.08807326146338959,0.544796721496038,0.7324959047751571
original,validation,4,missing24,all,normalized_plus2020,636,2,634,594,40,555,0.9343434343434344,0.8753943217665615,0.15406223896937496,-0.04987136712876163,1.0055051553164855,1.700231612007255
original,validation,4,missing24,level_ge_7m,raw_original,636,2,0,0,0,0,,,,,,
original,validation,4,missing24,level_ge_7m,raw_plus2020,636,2,0,0,0,0,,,,,,
original,validation,4,missing24,level_ge_7m,normalized_original,636,2,0,0,0,0,,,,,,
original,validation,4,missing24,level_ge_7m,normalized_plus2020,636,2,0,0,0,0,,,,,,
original,validation,5,full_schedule,all,raw_original,6547,34,6513,6473,40,6382,0.9859416035841186,0.9798863810839858,0.07820434668385372,0.014678548804149129,0.4203568296547843,1.9219038154095536
original,validation,5,full_schedule,all,raw_plus2020,6547,34,6513,6473,40,6356,0.9819249188938668,0.975894365115922,0.08870217529689338,-0.0019505467255046917,0.4694981454824089,2.135641354700273
original,validation,5,full_schedule,all,normalized_original,6547,34,6513,6473,40,6382,0.9859416035841186,0.9798863810839858,0.07752281677272503,0.013184238123249325,0.4185237410829687,1.959106180173876
original,validation,5,full_schedule,all,normalized_plus2020,6547,34,6513,6473,40,6349,0.9808435037849529,0.9748195915860587,0.08884842593746428,0.0016736753179163741,0.4950835041220115,2.1155263286953767
original,validation,5,full_schedule,level_ge_7m,raw_original,6547,34,28,28,0,25,0.8928571428571429,0.8928571428571429,0.2291228510791504,0.009423592718073819,0.7287224414582616,0.7553061347974745
original,validation,5,full_schedule,level_ge_7m,raw_plus2020,6547,34,28,28,0,25,0.8928571428571429,0.8928571428571429,0.2355024601811717,0.11675886546164316,0.7730412775641098,0.8954256355647745
original,validation,5,full_schedule,level_ge_7m,normalized_original,6547,34,28,28,0,25,0.8928571428571429,0.8928571428571429,0.22278906449722471,0.02131096291073664,0.6937225000239702,0.7475557409284077
original,validation,5,full_schedule,level_ge_7m,normalized_plus2020,6547,34,28,28,0,24,0.8571428571428571,0.8571428571428571,0.29526451403200404,0.15335227536572008,0.6814175045179602,0.7302356207783385
original,validation,5,complete24,all,raw_original,5912,29,5883,5883,0,5837,0.9921808601053884,0.9921808601053884,0.06794901057723474,0.0077014233809033755,0.3476726057691846,1.9219038154095536
original,validation,5,complete24,all,raw_plus2020,5912,29,5883,5883,0,5816,0.9886112527621962,0.9886112527621962,0.07609698992660811,0.005653367954541869,0.3840650487164163,1.9107186321302958
original,validation,5,complete24,all,normalized_original,5912,29,5883,5883,0,5836,0.9920108788033316,0.9920108788033316,0.06758584494001721,0.0068170944907133746,0.3415713520899117,1.959106180173876
original,validation,5,complete24,all,normalized_plus2020,5912,29,5883,5883,0,5812,0.9879313275539691,0.9879313275539691,0.07565128868048455,0.01050855575575759,0.3851308529857579,1.7234116789280183
original,validation,5,complete24,level_ge_7m,raw_original,5912,29,28,28,0,25,0.8928571428571429,0.8928571428571429,0.2291228510791504,0.009423592718073819,0.7287224414582616,0.7553061347974745
original,validation,5,complete24,level_ge_7m,raw_plus2020,5912,29,28,28,0,25,0.8928571428571429,0.8928571428571429,0.2355024601811717,0.11675886546164316,0.7730412775641098,0.8954256355647745
original,validation,5,complete24,level_ge_7m,normalized_original,5912,29,28,28,0,25,0.8928571428571429,0.8928571428571429,0.22278906449722471,0.02131096291073664,0.6937225000239702,0.7475557409284077
original,validation,5,complete24,level_ge_7m,normalized_plus2020,5912,29,28,28,0,24,0.8571428571428571,0.8571428571428571,0.29526451403200404,0.15335227536572008,0.6814175045179602,0.7302356207783385
original,validation,5,missing24,all,raw_original,635,5,630,590,40,545,0.923728813559322,0.8650793650793651,0.180462215014768,0.08424876721932674,0.7453921331758218,1.2266591094999009
original,validation,5,missing24,all,raw_plus2020,635,5,630,590,40,540,0.9152542372881356,0.8571428571428571,0.2143908287433139,-0.07777059767925709,1.368476413791877,2.135641354700273
original,validation,5,missing24,all,normalized_original,635,5,630,590,40,546,0.9254237288135593,0.8666666666666667,0.1766062155724201,0.07667221437784083,0.7519901564211099,1.2552903644876805
original,validation,5,missing24,all,normalized_plus2020,635,5,630,590,40,537,0.9101694915254237,0.8523809523809524,0.22043954201002658,-0.08642056470889697,1.4030954962881532,2.1155263286953767
original,validation,5,missing24,level_ge_7m,raw_original,635,5,0,0,0,0,,,,,,
original,validation,5,missing24,level_ge_7m,raw_plus2020,635,5,0,0,0,0,,,,,,
original,validation,5,missing24,level_ge_7m,normalized_original,635,5,0,0,0,0,,,,,,
original,validation,5,missing24,level_ge_7m,normalized_plus2020,635,5,0,0,0,0,,,,,,
original,validation,6,full_schedule,all,raw_original,6546,34,6512,6472,40,6322,0.9768232385661311,0.9708230958230958,0.09959606968428815,0.015818056626594208,0.521216742955346,2.0157117770796145
original,validation,6,full_schedule,all,raw_plus2020,6546,34,6512,6472,40,6269,0.9686341161928307,0.9626842751842751,0.10491230785389716,0.008202123752471452,0.5896514711595945,2.261363637376
original,validation,6,full_schedule,all,normalized_original,6546,34,6512,6472,40,6330,0.9780593325092707,0.972051597051597,0.09958388259262083,0.018186731312838964,0.5205508570803553,1.9510723701301718
original,validation,6,full_schedule,all,normalized_plus2020,6546,34,6512,6472,40,6281,0.9704882571075402,0.964527027027027,0.10470686928458256,0.003955848276123118,0.5803110326730042,2.1742000294398567
original,validation,6,full_schedule,level_ge_7m,raw_original,6546,34,28,28,0,24,0.8571428571428571,0.8571428571428571,0.2587119452642057,-0.04575799295960744,0.894448299163738,1.0962896884715265
original,validation,6,full_schedule,level_ge_7m,raw_plus2020,6546,34,28,28,0,21,0.75,0.75,0.3550741139148806,0.2457170568496924,1.047826571049586,1.386024455608342
original,validation,6,full_schedule,level_ge_7m,normalized_original,6546,34,28,28,0,23,0.8214285714285714,0.8214285714285714,0.2542991455371077,-0.014499424240466765,0.8742432895145562,1.086237371195586
original,validation,6,full_schedule,level_ge_7m,normalized_plus2020,6546,34,28,28,0,21,0.75,0.75,0.30378716463972805,0.19096572062241543,0.9899184283990676,1.2622987610809622
original,validation,6,complete24,all,raw_original,5912,31,5881,5881,0,5788,0.9841863628634586,0.9841863628634586,0.08955848593583714,0.011826010651543673,0.43268006928695163,2.0157117770796145
original,validation,6,complete24,all,raw_plus2020,5912,31,5881,5881,0,5769,0.9809556197925523,0.9809556197925523,0.08913795445105448,0.01867431738227167,0.4842370879562182,2.261363637376
original,validation,6,complete24,all,normalized_original,5912,31,5881,5881,0,5798,0.9858867539534093,0.9858867539534093,0.0894186606696782,0.013564610598145092,0.43303882784681097,1.9510723701301718
original,validation,6,complete24,all,normalized_plus2020,5912,31,5881,5881,0,5777,0.9823159326645129,0.9823159326645129,0.08896859168579778,0.01434437356728856,0.46791199042208764,2.150377557572414
original,validation,6,complete24,level_ge_7m,raw_original,5912,31,28,28,0,24,0.8571428571428571,0.8571428571428571,0.2587119452642057,-0.04575799295960744,0.894448299163738,1.0962896884715265
original,validation,6,complete24,level_ge_7m,raw_plus2020,5912,31,28,28,0,21,0.75,0.75,0.3550741139148806,0.2457170568496924,1.047826571049586,1.386024455608342
original,validation,6,complete24,level_ge_7m,normalized_original,5912,31,28,28,0,23,0.8214285714285714,0.8214285714285714,0.2542991455371077,-0.014499424240466765,0.8742432895145562,1.086237371195586
original,validation,6,complete24,level_ge_7m,normalized_plus2020,5912,31,28,28,0,21,0.75,0.75,0.30378716463972805,0.19096572062241543,0.9899184283990676,1.2622987610809622
original,validation,6,missing24,all,raw_original,634,3,631,591,40,534,0.9035532994923858,0.8462757527733756,0.19947936921836668,0.05554262918035423,0.9151751725811162,1.2704077599448484
original,validation,6,missing24,all,raw_plus2020,634,3,631,591,40,500,0.8460236886632826,0.7923930269413629,0.2618818042364992,-0.09600594856031208,1.6331128350187782,2.1561778840227177
original,validation,6,missing24,all,normalized_original,634,3,631,591,40,532,0.9001692047377327,0.8431061806656102,0.20073730074630214,0.06418113389002117,0.8988163003720885,1.262268413257421
original,validation,6,missing24,all,normalized_plus2020,634,3,631,591,40,504,0.8527918781725888,0.7987321711568938,0.26131737784372505,-0.09941964620330827,1.6558820504545502,2.1742000294398567
original,validation,6,missing24,level_ge_7m,raw_original,634,3,0,0,0,0,,,,,,
original,validation,6,missing24,level_ge_7m,raw_plus2020,634,3,0,0,0,0,,,,,,
original,validation,6,missing24,level_ge_7m,normalized_original,634,3,0,0,0,0,,,,,,
original,validation,6,missing24,level_ge_7m,normalized_plus2020,634,3,0,0,0,0,,,,,,
original,validation,7,full_schedule,all,raw_original,6545,34,6511,6471,40,6159,0.951784886416319,0.9459376439870988,0.13672023312714657,0.05841799343365365,0.6608837932413701,2.794810940153507
original,validation,7,full_schedule,all,raw_plus2020,6545,34,6511,6471,40,6196,0.957502704373358,0.9516203348180003,0.1366269888266911,0.0434972837493189,0.7304435345361106,2.808859380844501
original,validation,7,full_schedule,all,normalized_original,6545,34,6511,6471,40,6167,0.9530211713800031,0.9471663338964829,0.13569978282411607,0.05592969881248113,0.6530519302547255,2.7603854994577866
original,validation,7,full_schedule,all,normalized_plus2020,6545,34,6511,6471,40,6193,0.9570390975119765,0.9511595761019812,0.13642140543589937,0.04246687733891106,0.7196577693953801,2.9570158059859573
original,validation,7,full_schedule,level_ge_7m,raw_original,6545,34,28,28,0,18,0.6428571428571429,0.6428571428571429,0.4275016599210431,0.3297182360213466,1.6964790563889107,2.6556568259868305
original,validation,7,full_schedule,level_ge_7m,raw_plus2020,6545,34,28,28,0,22,0.7857142857142857,0.7857142857142857,0.36599592967606104,0.25358335707278684,1.3091012889627618,1.6104075559087958
original,validation,7,full_schedule,level_ge_7m,normalized_original,6545,34,28,28,0,18,0.6428571428571429,0.6428571428571429,0.4299736227075268,0.3303078318202794,1.672602345406892,2.604009097325245
original,validation,7,full_schedule,level_ge_7m,normalized_plus2020,6545,34,28,28,0,21,0.75,0.75,0.3881963676912018,0.2961891240252173,1.360039988735543,1.6027113082585442
original,validation,7,complete24,all,raw_original,5912,28,5884,5884,0,5660,0.9619306594153637,0.9619306594153637,0.12632267706871253,0.05400033590109299,0.5943925194522182,2.794810940153507
original,validation,7,complete24,all,raw_plus2020,5912,28,5884,5884,0,5693,0.9675390890550646,0.9675390890550646,0.12353747765661952,0.04855958046045547,0.6098035130276916,2.808859380844501
original,validation,7,complete24,all,normalized_original,5912,28,5884,5884,0,5665,0.9627804214819851,0.9627804214819851,0.12540713419508065,0.05173726432231731,0.597827091928677,2.7603854994577866
original,validation,7,complete24,all,normalized_plus2020,5912,28,5884,5884,0,5688,0.9666893269884432,0.9666893269884432,0.1234671146672953,0.04659823472976188,0.6158869922096056,2.9570158059859573
original,validation,7,complete24,level_ge_7m,raw_original,5912,28,28,28,0,18,0.6428571428571429,0.6428571428571429,0.4275016599210431,0.3297182360213466,1.6964790563889107,2.6556568259868305
original,validation,7,complete24,level_ge_7m,raw_plus2020,5912,28,28,28,0,22,0.7857142857142857,0.7857142857142857,0.36599592967606104,0.25358335707278684,1.3091012889627618,1.6104075559087958
original,validation,7,complete24,level_ge_7m,normalized_original,5912,28,28,28,0,18,0.6428571428571429,0.6428571428571429,0.4299736227075268,0.3303078318202794,1.672602345406892,2.604009097325245
original,validation,7,complete24,level_ge_7m,normalized_plus2020,5912,28,28,28,0,21,0.75,0.75,0.3881963676912018,0.2961891240252173,1.360039988735543,1.6027113082585442
original,validation,7,missing24,all,raw_original,633,6,627,587,40,499,0.8500851788756388,0.79585326953748,0.24094377630913266,0.10269993026770294,1.0498734597155641,1.61686335511456
original,validation,7,missing24,all,raw_plus2020,633,6,627,587,40,503,0.8568994889267462,0.8022328548644339,0.26783428648376295,-0.007246419569808257,1.4060305787951102,1.9099303063501614
original,validation,7,missing24,all,normalized_original,633,6,627,587,40,502,0.8551959114139693,0.8006379585326954,0.23887174966098904,0.09795403363381662,1.0469901804987725,1.5994599485309728
original,validation,7,missing24,all,normalized_plus2020,633,6,627,587,40,505,0.8603066439522998,0.8054226475279107,0.26627327406020296,0.001054770204726724,1.4810349860824081,1.9503543281725464
original,validation,7,missing24,level_ge_7m,raw_original,633,6,0,0,0,0,,,,,,
original,validation,7,missing24,level_ge_7m,raw_plus2020,633,6,0,0,0,0,,,,,,
original,validation,7,missing24,level_ge_7m,normalized_original,633,6,0,0,0,0,,,,,,
original,validation,7,missing24,level_ge_7m,normalized_plus2020,633,6,0,0,0,0,,,,,,
original,validation,8,full_schedule,all,raw_original,6544,34,6510,6470,40,5980,0.9242658423493045,0.9185867895545314,0.1737857161039854,0.07021685907380332,0.8389279903809922,2.692538070308298
original,validation,8,full_schedule,all,raw_plus2020,6544,34,6510,6470,40,6063,0.9370942812982999,0.9313364055299539,0.17592569270916875,0.05787056114404351,0.8317181234267347,3.2392303266477276
original,validation,8,full_schedule,all,normalized_original,6544,34,6510,6470,40,5997,0.9268933539412674,0.9211981566820276,0.17358653716331143,0.07167686497578893,0.8415473511213604,2.690148971436266
original,validation,8,full_schedule,all,normalized_plus2020,6544,34,6510,6470,40,6072,0.9384853168469861,0.9327188940092166,0.17542182507909007,0.05677571987300818,0.819676262240829,3.2373584988666737
original,validation,8,full_schedule,level_ge_7m,raw_original,6544,34,28,28,0,20,0.7142857142857143,0.7142857142857143,0.4882291267479996,0.34922148163674116,2.4609671216876006,2.5050304061770072
original,validation,8,full_schedule,level_ge_7m,raw_plus2020,6544,34,28,28,0,21,0.75,0.75,0.37579139202211265,0.19075273989476482,0.75207939358649,0.7601263675107086
original,validation,8,full_schedule,level_ge_7m,normalized_original,6544,34,28,28,0,20,0.7142857142857143,0.7142857142857143,0.4819940176575092,0.35021039510044016,2.487492483155291,2.5196661834589262
original,validation,8,full_schedule,level_ge_7m,normalized_plus2020,6544,34,28,28,0,21,0.75,0.75,0.3651397074878184,0.16986439063159056,0.724692903657884,0.7323997066654551
original,validation,8,complete24,all,raw_original,5912,30,5882,5882,0,5488,0.9330159809588575,0.9330159809588575,0.16373304279968726,0.06906971449483204,0.7926993911674007,2.692538070308298
original,validation,8,complete24,all,raw_plus2020,5912,30,5882,5882,0,5575,0.9478068684121047,0.9478068684121047,0.16402604541807303,0.061078149671365885,0.7436874505651233,3.2392303266477276
original,validation,8,complete24,all,normalized_original,5912,30,5882,5882,0,5502,0.9353961237674261,0.9353961237674261,0.16356904198080854,0.07101915946521956,0.7925080087680785,2.690148971436266
original,validation,8,complete24,all,normalized_plus2020,5912,30,5882,5882,0,5583,0.949166950017001,0.949166950017001,0.16345418733608183,0.05968048963219175,0.7302501057827323,3.2373584988666737
original,validation,8,complete24,level_ge_7m,raw_original,5912,30,28,28,0,20,0.7142857142857143,0.7142857142857143,0.4882291267479996,0.34922148163674116,2.4609671216876006,2.5050304061770072
original,validation,8,complete24,level_ge_7m,raw_plus2020,5912,30,28,28,0,21,0.75,0.75,0.37579139202211265,0.19075273989476482,0.75207939358649,0.7601263675107086
original,validation,8,complete24,level_ge_7m,normalized_original,5912,30,28,28,0,20,0.7142857142857143,0.7142857142857143,0.4819940176575092,0.35021039510044016,2.487492483155291,2.5196661834589262
original,validation,8,complete24,level_ge_7m,normalized_plus2020,5912,30,28,28,0,21,0.75,0.75,0.3651397074878184,0.16986439063159056,0.724692903657884,0.7323997066654551
original,validation,8,missing24,all,raw_original,632,4,628,588,40,492,0.8367346938775511,0.7834394904458599,0.274346641913308,0.08169220671582561,1.1132679089908313,1.6334763345769154
original,validation,8,missing24,all,raw_plus2020,632,4,628,588,40,488,0.8299319727891157,0.7770700636942676,0.29496264061091204,0.025783765705760905,1.3624432228760974,1.7116657964903772
original,validation,8,missing24,all,normalized_original,632,4,628,588,40,495,0.8418367346938775,0.7882165605095541,0.2737955621012062,0.07825615717505603,1.1172090748828496,1.574482551120548
original,validation,8,missing24,all,normalized_plus2020,632,4,628,588,40,489,0.8316326530612245,0.7786624203821656,0.2951389087599989,0.02771814211192363,1.364349093077479,1.7135266667826907
original,validation,8,missing24,level_ge_7m,raw_original,632,4,0,0,0,0,,,,,,
original,validation,8,missing24,level_ge_7m,raw_plus2020,632,4,0,0,0,0,,,,,,
original,validation,8,missing24,level_ge_7m,normalized_original,632,4,0,0,0,0,,,,,,
original,validation,8,missing24,level_ge_7m,normalized_plus2020,632,4,0,0,0,0,,,,,,
original,validation,9,full_schedule,all,raw_original,6543,34,6509,6470,39,5862,0.9060278207109738,0.9005991703794746,0.20975928763948337,0.0968513378323692,0.9493061748169647,3.5173872091375897
original,validation,9,full_schedule,all,raw_plus2020,6543,34,6509,6470,39,5870,0.9072642967542504,0.9018282378245506,0.20792455646294256,0.07669021108949949,0.9346271973484329,3.2044479055913695
original,validation,9,full_schedule,all,normalized_original,6543,34,6509,6470,39,5852,0.9044822256568779,0.8990628360731295,0.21157762397551472,0.0974187811581145,0.9513832693710454,3.5114932702595865
original,validation,9,full_schedule,all,normalized_plus2020,6543,34,6509,6470,39,5880,0.9088098918083463,0.9033645721308957,0.2061987378610645,0.07087295105717129,0.9188692006493245,3.2764343759451457
original,validation,9,full_schedule,level_ge_7m,raw_original,6543,34,28,28,0,17,0.6071428571428571,0.6071428571428571,0.6095633629892163,0.45822141749499146,2.059747594337603,2.1405087524778477
original,validation,9,full_schedule,level_ge_7m,raw_plus2020,6543,34,28,28,0,15,0.5357142857142857,0.5357142857142857,0.504473866873807,0.41883414957461657,0.9673487347378852,0.9834888366483341
original,validation,9,full_schedule,level_ge_7m,normalized_original,6543,34,28,28,0,17,0.6071428571428571,0.6071428571428571,0.6078073786710301,0.5035048272595889,2.0006717944109904,2.0756267167896514
original,validation,9,full_schedule,level_ge_7m,normalized_plus2020,6543,34,28,28,0,14,0.5,0.5,0.501553792567872,0.41922842290201867,0.9367851902649654,0.9436241981551454
original,validation,9,complete24,all,raw_original,5912,29,5883,5883,0,5395,0.9170491245962944,0.9170491245962944,0.19830282013669204,0.09168644836336785,0.8676598035546202,3.5173872091375897
original,validation,9,complete24,all,raw_plus2020,5912,29,5883,5883,0,5413,0.9201087880333163,0.9201087880333163,0.19417852192803312,0.08009353629055108,0.8338579531328729,3.2044479055913695
original,validation,9,complete24,all,normalized_original,5912,29,5883,5883,0,5386,0.9155192928777834,0.9155192928777834,0.20046594980040783,0.09264151713372136,0.8784016931173846,3.5114932702595865
original,validation,9,complete24,all,normalized_plus2020,5912,29,5883,5883,0,5421,0.9214686384497706,0.9214686384497706,0.19269148102955871,0.07409466841642372,0.8338184884449014,3.2764343759451457
original,validation,9,complete24,level_ge_7m,raw_original,5912,29,28,28,0,17,0.6071428571428571,0.6071428571428571,0.6095633629892163,0.45822141749499146,2.059747594337603,2.1405087524778477
original,validation,9,complete24,level_ge_7m,raw_plus2020,5912,29,28,28,0,15,0.5357142857142857,0.5357142857142857,0.504473866873807,0.41883414957461657,0.9673487347378852,0.9834888366483341
original,validation,9,complete24,level_ge_7m,normalized_original,5912,29,28,28,0,17,0.6071428571428571,0.6071428571428571,0.6078073786710301,0.5035048272595889,2.0006717944109904,2.0756267167896514
original,validation,9,complete24,level_ge_7m,normalized_plus2020,5912,29,28,28,0,14,0.5,0.5,0.501553792567872,0.41922842290201867,0.9367851902649654,0.9436241981551454
original,validation,9,missing24,all,raw_original,631,5,626,587,39,467,0.7955706984667802,0.7460063897763578,0.32457768341277304,0.14861461678660254,1.2432749814772845,1.956957320537746
original,validation,9,missing24,all,raw_plus2020,631,5,626,587,39,457,0.778534923339012,0.7300319488817891,0.34568932847124295,0.04258158731132832,1.5082145253690344,2.143115549804251
original,validation,9,missing24,all,normalized_original,631,5,626,587,39,466,0.7938671209540034,0.744408945686901,0.32294045050388587,0.14529722111638543,1.2227711546157014,1.9044576006761653
original,validation,9,missing24,all,normalized_plus2020,631,5,626,587,39,459,0.7819420783645656,0.7332268370607029,0.34157044474308906,0.038584427676452294,1.5009025172114594,2.129783461611974
original,validation,9,missing24,level_ge_7m,raw_original,631,5,0,0,0,0,,,,,,
original,validation,9,missing24,level_ge_7m,raw_plus2020,631,5,0,0,0,0,,,,,,
original,validation,9,missing24,level_ge_7m,normalized_original,631,5,0,0,0,0,,,,,,
original,validation,9,missing24,level_ge_7m,normalized_plus2020,631,5,0,0,0,0,,,,,,
original,validation,10,full_schedule,all,raw_original,6542,34,6508,6468,40,5604,0.8664192949907236,0.8610940381069453,0.2647682161240813,0.10887774402637874,1.0635666059005755,3.441071344514551
original,validation,10,full_schedule,all,raw_plus2020,6542,34,6508,6468,40,5635,0.8712121212121212,0.8658574062692072,0.26378337585836337,0.059607131085746994,1.0633246680608135,2.901590375790006
original,validation,10,full_schedule,all,normalized_original,6542,34,6508,6468,40,5590,0.8642547928262214,0.8589428395820529,0.26382707204097877,0.10683563151013546,1.0513490140066406,3.429928328264767
original,validation,10,full_schedule,all,normalized_plus2020,6542,34,6508,6468,40,5637,0.87152133580705,0.8661647203441918,0.26339084754699355,0.0585064162231707,1.0685086736705411,2.8932482644552127
original,validation,10,full_schedule,level_ge_7m,raw_original,6542,34,28,28,0,11,0.39285714285714285,0.39285714285714285,0.7637956998438623,0.659964362486402,1.639679570538911,1.6643311821088886
original,validation,10,full_schedule,level_ge_7m,raw_plus2020,6542,34,28,28,0,10,0.35714285714285715,0.35714285714285715,0.7356940778716989,0.648277275190976,1.5203038235819715,1.6713292291906034
original,validation,10,full_schedule,level_ge_7m,normalized_original,6542,34,28,28,0,11,0.39285714285714285,0.39285714285714285,0.7780425905951841,0.6701229687513675,1.6595616835289309,1.7070730361088824
original,validation,10,full_schedule,level_ge_7m,normalized_plus2020,6542,34,28,28,0,9,0.32142857142857145,0.32142857142857145,0.7499522794176509,0.6473830491314152,1.5683110939721516,1.7470876774146182
original,validation,10,complete24,all,raw_original,5912,31,5881,5881,0,5175,0.8799523890494814,0.8799523890494814,0.25411992278393764,0.10137152735858379,0.9922304166187986,3.441071344514551
original,validation,10,complete24,all,raw_plus2020,5912,31,5881,5881,0,5194,0.8831831321203877,0.8831831321203877,0.2508141131223843,0.06406189170370376,0.9764449855903814,2.901590375790006
original,validation,10,complete24,all,normalized_original,5912,31,5881,5881,0,5163,0.8779119197415406,0.8779119197415406,0.2532331397562406,0.09891028699668798,0.9883175249548302,3.429928328264767
original,validation,10,complete24,all,normalized_plus2020,5912,31,5881,5881,0,5198,0.883863288556368,0.883863288556368,0.2505761100026153,0.06324375059925624,0.9650434811415134,2.8932482644552127
original,validation,10,complete24,level_ge_7m,raw_original,5912,31,28,28,0,11,0.39285714285714285,0.39285714285714285,0.7637956998438623,0.659964362486402,1.639679570538911,1.6643311821088886
original,validation,10,complete24,level_ge_7m,raw_plus2020,5912,31,28,28,0,10,0.35714285714285715,0.35714285714285715,0.7356940778716989,0.648277275190976,1.5203038235819715,1.6713292291906034
original,validation,10,complete24,level_ge_7m,normalized_original,5912,31,28,28,0,11,0.39285714285714285,0.39285714285714285,0.7780425905951841,0.6701229687513675,1.6595616835289309,1.7070730361088824
original,validation,10,complete24,level_ge_7m,normalized_plus2020,5912,31,28,28,0,9,0.32142857142857145,0.32142857142857145,0.7499522794176509,0.6473830491314152,1.5683110939721516,1.7470876774146182
original,validation,10,missing24,all,raw_original,630,3,627,587,40,429,0.7308347529812607,0.6842105263157895,0.3714506916494385,0.1840805723454625,1.3276339108147426,2.5248999812959902
original,validation,10,missing24,all,raw_plus2020,630,3,627,587,40,441,0.7512776831345827,0.7033492822966507,0.3937190388060517,0.014976045576030324,1.5453929109411737,2.139645268827424
original,validation,10,missing24,all,normalized_original,630,3,627,587,40,427,0.727427597955707,0.6810207336523126,0.36996491832129424,0.1862375924702456,1.3258317251659635,2.540534376124264
original,validation,10,missing24,all,normalized_plus2020,630,3,627,587,40,439,0.747870528109029,0.7001594896331739,0.391778362876616,0.011044297882865622,1.5542247024631153,2.106103990764134
original,validation,10,missing24,level_ge_7m,raw_original,630,3,0,0,0,0,,,,,,
original,validation,10,missing24,level_ge_7m,raw_plus2020,630,3,0,0,0,0,,,,,,
original,validation,10,missing24,level_ge_7m,normalized_original,630,3,0,0,0,0,,,,,,
original,validation,10,missing24,level_ge_7m,normalized_plus2020,630,3,0,0,0,0,,,,,,
original,validation,11,full_schedule,all,raw_original,6541,34,6507,6468,39,5352,0.8274582560296846,0.8224988473951129,0.3066261661079817,0.11491541569817183,1.241458802231562,3.9782715851312767
original,validation,11,full_schedule,all,raw_plus2020,6541,34,6507,6468,39,5477,0.8467841682127396,0.8417089288458584,0.2877927949924353,0.07964505589330455,1.1112479441515761,3.1950126269354304
original,validation,11,full_schedule,all,normalized_original,6541,34,6507,6468,39,5348,0.8268398268398268,0.8218841247886891,0.30647525916495494,0.12024970095662184,1.221725763132037,3.8569346113987977
original,validation,11,full_schedule,all,normalized_plus2020,6541,34,6507,6468,39,5454,0.8432282003710575,0.8381742738589212,0.2876456865679105,0.07966517813681816,1.118256440675429,3.1392932823467903
original,validation,11,full_schedule,level_ge_7m,raw_original,6541,34,28,28,0,9,0.32142857142857145,0.32142857142857145,0.913230549267538,0.6934932305653457,2.2734377675153006,2.3488613754696814
original,validation,11,full_schedule,level_ge_7m,raw_plus2020,6541,34,28,28,0,11,0.39285714285714285,0.39285714285714285,0.7703725655892585,0.6608468246215481,1.7637393054753499,1.9131478636324442
original,validation,11,full_schedule,level_ge_7m,normalized_original,6541,34,28,28,0,9,0.32142857142857145,0.32142857142857145,0.9093274208958356,0.6950388928643544,2.306844635325291,2.3794393024975946
original,validation,11,full_schedule,level_ge_7m,normalized_plus2020,6541,34,28,28,0,10,0.35714285714285715,0.35714285714285715,0.807973199780149,0.6965135932272007,1.955594605245945,2.065739944467415
original,validation,11,complete24,all,raw_original,5912,30,5882,5882,0,4941,0.8400204012240734,0.8400204012240734,0.2954192516113556,0.10516865267842282,1.1899902207773405,3.2312729809688054
original,validation,11,complete24,all,raw_plus2020,5912,30,5882,5882,0,5048,0.8582114926895614,0.8582114926895614,0.27675811511614595,0.08449015833626065,1.0263772941730744,3.1950126269354304
original,validation,11,complete24,all,normalized_original,5912,30,5882,5882,0,4944,0.8405304318259096,0.8405304318259096,0.29549315790006636,0.11184894142266327,1.1882814694366968,3.186302021576795
original,validation,11,complete24,all,normalized_plus2020,5912,30,5882,5882,0,5031,0.8553213192791568,0.8553213192791568,0.2759291659468975,0.08484184658525731,1.0324488149807023,3.1392932823467903
original,validation,11,complete24,level_ge_7m,raw_original,5912,30,28,28,0,9,0.32142857142857145,0.32142857142857145,0.913230549267538,0.6934932305653457,2.2734377675153006,2.3488613754696814
original,validation,11,complete24,level_ge_7m,raw_plus2020,5912,30,28,28,0,11,0.39285714285714285,0.39285714285714285,0.7703725655892585,0.6608468246215481,1.7637393054753499,1.9131478636324442
original,validation,11,complete24,level_ge_7m,normalized_original,5912,30,28,28,0,9,0.32142857142857145,0.32142857142857145,0.9093274208958356,0.6950388928643544,2.306844635325291,2.3794393024975946
original,validation,11,complete24,level_ge_7m,normalized_plus2020,5912,30,28,28,0,10,0.35714285714285715,0.35714285714285715,0.807973199780149,0.6965135932272007,1.955594605245945,2.065739944467415
original,validation,11,missing24,all,raw_original,629,4,625,586,39,411,0.7013651877133106,0.6576,0.41911604847855294,0.21274896532643794,1.5642171053056644,3.9782715851312767
original,validation,11,missing24,all,raw_plus2020,629,4,625,586,39,429,0.7320819112627986,0.6864,0.3985538650134836,0.031012133419810062,1.5627043506134102,2.431315847559338
original,validation,11,missing24,all,normalized_original,629,4,625,586,39,404,0.689419795221843,0.6464,0.4167085691309528,0.20457268317290925,1.556140394180997,3.8569346113987977
original,validation,11,missing24,all,normalized_plus2020,629,4,625,586,39,423,0.7218430034129693,0.6768,0.4052507621528911,0.02770414773798021,1.6298866588553569,2.442608152364464
original,validation,11,missing24,level_ge_7m,raw_original,629,4,0,0,0,0,,,,,,
original,validation,11,missing24,level_ge_7m,raw_plus2020,629,4,0,0,0,0,,,,,,
original,validation,11,missing24,level_ge_7m,normalized_original,629,4,0,0,0,0,,,,,,
original,validation,11,missing24,level_ge_7m,normalized_plus2020,629,4,0,0,0,0,,,,,,
original,validation,12,full_schedule,all,raw_original,6540,34,6506,6466,40,5249,0.8117847200742344,0.8067937288656625,0.3268582657649666,0.11963700648451894,1.370846424054081,3.717391928882293
original,validation,12,full_schedule,all,raw_plus2020,6540,34,6506,6466,40,5325,0.823538509124652,0.8184752536120504,0.3117734855676877,0.08038849452214378,1.1609212257465609,2.983797332415948
original,validation,12,full_schedule,all,normalized_original,6540,34,6506,6466,40,5225,0.8080729972162078,0.8031048263141716,0.3281370062695423,0.11750958793462649,1.3976465773614843,3.648968540695506
original,validation,12,full_schedule,all,normalized_plus2020,6540,34,6506,6466,40,5318,0.822455923291061,0.8173993237011989,0.31085707730310785,0.08859473581726206,1.17118960658466,3.022678594415987
original,validation,12,full_schedule,level_ge_7m,raw_original,6540,34,28,28,0,7,0.25,0.25,0.9084925009708122,0.637657899731453,2.572327723114171,2.619470094800553
original,validation,12,full_schedule,level_ge_7m,raw_plus2020,6540,34,28,28,0,7,0.25,0.25,0.8928044255856857,0.6696284873467556,2.5379332789895725,2.6269778946483946
original,validation,12,full_schedule,level_ge_7m,normalized_original,6540,34,28,28,0,7,0.25,0.25,0.9130076638570204,0.6638723888410124,2.607216691174078,2.6277387493458075
original,validation,12,full_schedule,level_ge_7m,normalized_plus2020,6540,34,28,28,0,8,0.2857142857142857,0.2857142857142857,0.8815692711317881,0.6408466871845081,2.5255843917168077,2.61812734854062
original,validation,12,complete24,all,raw_original,5912,33,5879,5879,0,4843,0.8237795543459772,0.8237795543459772,0.3167512178798855,0.11510837400226699,1.2864206271699814,3.717391928882293
original,validation,12,complete24,all,raw_plus2020,5912,33,5879,5879,0,4909,0.8350059533934343,0.8350059533934343,0.29994436498987975,0.08490473871214511,1.101818591370571,2.983797332415948
original,validation,12,complete24,all,normalized_original,5912,33,5879,5879,0,4824,0.8205477121959517,0.8205477121959517,0.3183057489843906,0.11382626814004895,1.3188347236010622,3.648968540695506
original,validation,12,complete24,all,normalized_plus2020,5912,33,5879,5879,0,4907,0.8346657594829052,0.8346657594829052,0.29889816634018906,0.09403117118710383,1.094071733809093,3.022678594415987
original,validation,12,complete24,level_ge_7m,raw_original,5912,33,28,28,0,7,0.25,0.25,0.9084925009708122,0.637657899731453,2.572327723114171,2.619470094800553
original,validation,12,complete24,level_ge_7m,raw_plus2020,5912,33,28,28,0,7,0.25,0.25,0.8928044255856857,0.6696284873467556,2.5379332789895725,2.6269778946483946
original,validation,12,complete24,level_ge_7m,normalized_original,5912,33,28,28,0,7,0.25,0.25,0.9130076638570204,0.6638723888410124,2.607216691174078,2.6277387493458075
original,validation,12,complete24,level_ge_7m,normalized_plus2020,5912,33,28,28,0,8,0.2857142857142857,0.2857142857142857,0.8815692711317881,0.6408466871845081,2.5255843917168077,2.61812734854062
original,validation,12,missing24,all,raw_original,628,1,627,587,40,406,0.6916524701873935,0.6475279106858054,0.4280837078712551,0.16499276519518222,1.7489608022094945,3.079960103438171
original,validation,12,missing24,all,raw_plus2020,628,1,627,587,40,416,0.7086882453151618,0.6634768740031898,0.43024605776007746,0.035156808673731825,1.5999809415235495,2.965474622766652
original,validation,12,missing24,all,normalized_original,628,1,627,587,40,401,0.6831345826235093,0.6395534290271132,0.4266003139005591,0.15439925926737147,1.7595962337128686,3.1205929785296997
original,validation,12,missing24,all,normalized_plus2020,628,1,627,587,40,411,0.7001703577512777,0.6555023923444976,0.4306295433184392,0.03414702961743276,1.575939188370436,2.906024368037916
original,validation,12,missing24,level_ge_7m,raw_original,628,1,0,0,0,0,,,,,,
original,validation,12,missing24,level_ge_7m,raw_plus2020,628,1,0,0,0,0,,,,,,
original,validation,12,missing24,level_ge_7m,normalized_original,628,1,0,0,0,0,,,,,,
original,validation,12,missing24,level_ge_7m,normalized_plus2020,628,1,0,0,0,0,,,,,,
original,test,1,full_schedule,all,raw_original,1967,23,1944,1939,5,1932,0.9963898916967509,0.9938271604938271,0.03417566632254777,-0.00037019778640203215,0.18807584936837288,1.284834339803509
original,test,1,full_schedule,all,raw_plus2020,1967,23,1944,1939,5,1934,0.997421351211965,0.9948559670781894,0.03303731382773172,0.0005144306622822104,0.1775685378909698,0.9375133944874756
original,test,1,full_schedule,all,normalized_original,1967,23,1944,1939,5,1932,0.9963898916967509,0.9938271604938271,0.03417566632254777,-0.00037019778640203215,0.18807584936837288,1.284834339803509
original,test,1,full_schedule,all,normalized_plus2020,1967,23,1944,1939,5,1934,0.997421351211965,0.9948559670781894,0.03303731382773172,0.0005144306622822104,0.1775685378909698,0.9375133944874756
original,test,1,full_schedule,level_ge_7m,raw_original,1967,23,237,236,1,230,0.9745762711864406,0.9704641350210971,0.07747194053705365,-0.006832008882132252,0.5787276663094516,1.284834339803509
original,test,1,full_schedule,level_ge_7m,raw_plus2020,1967,23,237,236,1,231,0.9788135593220338,0.9746835443037974,0.06476384966726866,-0.0033801080469110065,0.3572067586884468,0.9375133944874756
original,test,1,full_schedule,level_ge_7m,normalized_original,1967,23,237,236,1,230,0.9745762711864406,0.9704641350210971,0.07747194053705365,-0.006832008882132252,0.5787276663094516,1.284834339803509
original,test,1,full_schedule,level_ge_7m,normalized_plus2020,1967,23,237,236,1,231,0.9788135593220338,0.9746835443037974,0.06476384966726866,-0.0033801080469110065,0.3572067586884468,0.9375133944874756
original,test,1,complete24,all,raw_original,1353,3,1350,1350,0,1350,1.0,1.0,0.028796905814397884,0.0009979671407739552,0.16400253994252656,0.4615443702601105
original,test,1,complete24,all,raw_plus2020,1353,3,1350,1350,0,1350,1.0,1.0,0.028517594513411588,0.0011730077834106215,0.1514381350283025,0.3861189384661712
original,test,1,complete24,all,normalized_original,1353,3,1350,1350,0,1350,1.0,1.0,0.028796905814397884,0.0009979671407739552,0.16400253994252656,0.4615443702601105
original,test,1,complete24,all,normalized_plus2020,1353,3,1350,1350,0,1350,1.0,1.0,0.028517594513411588,0.0011730077834106215,0.1514381350283025,0.3861189384661712
original,test,1,complete24,level_ge_7m,raw_original,1353,3,144,144,0,144,1.0,1.0,0.050459349309773,0.0008971132753594377,0.22944491102812148,0.3603095106937886
original,test,1,complete24,level_ge_7m,raw_plus2020,1353,3,144,144,0,144,1.0,1.0,0.04791738809901784,-0.0023561951612408654,0.1944411722378626,0.24578065758938905
original,test,1,complete24,level_ge_7m,normalized_original,1353,3,144,144,0,144,1.0,1.0,0.050459349309773,0.0008971132753594377,0.22944491102812148,0.3603095106937886
original,test,1,complete24,level_ge_7m,normalized_plus2020,1353,3,144,144,0,144,1.0,1.0,0.04791738809901784,-0.0023561951612408654,0.1944411722378626,0.24578065758938905
original,test,1,missing24,all,raw_original,614,20,594,589,5,582,0.9881154499151104,0.9797979797979798,0.046503894991482136,-0.0035060596738172834,0.25484412471888784,1.284834339803509
original,test,1,missing24,all,raw_plus2020,614,20,594,589,5,584,0.9915110356536503,0.9831649831649831,0.043396602578720155,-0.0009950415168745895,0.24111111284618253,0.9375133944874756
original,test,1,missing24,all,normalized_original,614,20,594,589,5,582,0.9881154499151104,0.9797979797979798,0.046503894991482136,-0.0035060596738172834,0.25484412471888784,1.284834339803509
original,test,1,missing24,all,normalized_plus2020,614,20,594,589,5,584,0.9915110356536503,0.9831649831649831,0.043396602578720155,-0.0009950415168745895,0.24111111284618253,0.9375133944874756
original,test,1,missing24,level_ge_7m,raw_original,614,20,93,92,1,86,0.9347826086956522,0.9247311827956989,0.11975251811018861,-0.018929765302554028,0.9950525636857123,1.284834339803509
original,test,1,missing24,level_ge_7m,raw_plus2020,614,20,93,92,1,87,0.9456521739130435,0.9354838709677419,0.09113222429583515,-0.004982754302742531,0.7378012706991512,0.9375133944874756
original,test,1,missing24,level_ge_7m,normalized_original,614,20,93,92,1,86,0.9347826086956522,0.9247311827956989,0.11975251811018861,-0.018929765302554028,0.9950525636857123,1.284834339803509
original,test,1,missing24,level_ge_7m,normalized_plus2020,614,20,93,92,1,87,0.9456521739130435,0.9354838709677419,0.09113222429583515,-0.004982754302742531,0.7378012706991512,0.9375133944874756
original,test,2,full_schedule,all,raw_original,1966,23,1943,1936,7,1916,0.9896694214876033,0.9861039629439012,0.06050415557115221,0.003778606149644099,0.3410080390290465,2.4854087637465963
original,test,2,full_schedule,all,raw_plus2020,1966,23,1943,1936,7,1916,0.9896694214876033,0.9861039629439012,0.060646842526988196,0.007066439032058223,0.39362389199506526,1.739874407090178
original,test,2,full_schedule,all,normalized_original,1966,23,1943,1936,7,1916,0.9896694214876033,0.9861039629439012,0.06050415557115221,0.003778606149644099,0.3410080390290465,2.4854087637465963
original,test,2,full_schedule,all,normalized_plus2020,1966,23,1943,1936,7,1916,0.9896694214876033,0.9861039629439012,0.060628448086349075,0.007096445972423643,0.3967053663624176,1.7397516160566324
original,test,2,full_schedule,level_ge_7m,raw_original,1966,23,237,236,1,225,0.9533898305084746,0.9493670886075949,0.14574519761403643,-0.014030602356920153,0.7202350736513357,2.4854087637465963
original,test,2,full_schedule,level_ge_7m,raw_plus2020,1966,23,237,236,1,225,0.9533898305084746,0.9493670886075949,0.13340345651541086,-0.0131910927040606,0.7643617226272912,1.739874407090178
original,test,2,full_schedule,level_ge_7m,normalized_original,1966,23,237,236,1,225,0.9533898305084746,0.9493670886075949,0.14574519761403643,-0.014030602356920153,0.7202350736513357,2.4854087637465963
original,test,2,full_schedule,level_ge_7m,normalized_plus2020,1966,23,237,236,1,225,0.9533898305084746,0.9493670886075949,0.1332639385839166,-0.013119818901492468,0.7644377692333894,1.7397516160566324
original,test,2,complete24,all,raw_original,1352,4,1348,1348,0,1343,0.9962908011869436,0.9962908011869436,0.050230393307000035,0.005540282128065949,0.26213798257547516,0.6421022110865842
original,test,2,complete24,all,raw_plus2020,1352,4,1348,1348,0,1339,0.9933234421364985,0.9933234421364985,0.05174925857118788,0.006558772178008039,0.3046140418173619,0.8402801500023518
original,test,2,complete24,all,normalized_original,1352,4,1348,1348,0,1343,0.9962908011869436,0.9962908011869436,0.050230393307000035,0.005540282128065949,0.26213798257547516,0.6421022110865842
original,test,2,complete24,all,normalized_plus2020,1352,4,1348,1348,0,1339,0.9933234421364985,0.9933234421364985,0.051726402804525506,0.006497151356175294,0.30435604107988284,0.8456405659081501
original,test,2,complete24,level_ge_7m,raw_original,1352,4,143,143,0,141,0.986013986013986,0.986013986013986,0.09890129071848962,0.00932233563299088,0.45435700357921155,0.6421022110865842
original,test,2,complete24,level_ge_7m,raw_plus2020,1352,4,143,143,0,138,0.965034965034965,0.965034965034965,0.10811652718126853,-0.0007373072095239643,0.5986314021215875,0.8402801500023518
original,test,2,complete24,level_ge_7m,normalized_original,1352,4,143,143,0,141,0.986013986013986,0.986013986013986,0.09890129071848962,0.00932233563299088,0.45435700357921155,0.6421022110865842
original,test,2,complete24,level_ge_7m,normalized_plus2020,1352,4,143,143,0,138,0.965034965034965,0.965034965034965,0.10799451810345449,-0.0008343493116159339,0.602906965420555,0.8456405659081501
original,test,2,missing24,all,raw_original,614,19,595,588,7,573,0.9744897959183674,0.9630252100840336,0.08405693028556914,-0.0002600659913638151,0.5831583766529707,2.4854087637465963
original,test,2,missing24,all,raw_plus2020,614,19,595,588,7,577,0.9812925170068028,0.9697478991596639,0.08104470506511544,0.008230273928758306,0.48845588694524944,1.739874407090178
original,test,2,missing24,all,normalized_original,614,19,595,588,7,573,0.9744897959183674,0.9630252100840336,0.08405693028556914,-0.0002600659913638151,0.5831583766529707,2.4854087637465963
original,test,2,missing24,all,normalized_plus2020,614,19,595,588,7,577,0.9812925170068028,0.9697478991596639,0.0810365382902575,0.00847033907225829,0.4917331329042403,1.7397516160566324
original,test,2,missing24,level_ge_7m,raw_original,614,19,94,93,1,84,0.9032258064516129,0.8936170212765957,0.2177740006899847,-0.049938883352159694,1.8580768137146602,2.4854087637465963
original,test,2,missing24,level_ge_7m,raw_plus2020,614,19,94,93,1,87,0.9354838709677419,0.925531914893617,0.1722855091474792,-0.03234046179781048,1.3655574301349855,1.739874407090178
original,test,2,missing24,level_ge_7m,normalized_original,614,19,94,93,1,84,0.9032258064516129,0.8936170212765957,0.2177740006899847,-0.049938883352159694,1.8580768137146602,2.4854087637465963
original,test,2,missing24,level_ge_7m,normalized_plus2020,614,19,94,93,1,87,0.9354838709677419,0.925531914893617,0.17211906900011098,-0.03201037966872197,1.3654477154003108,1.7397516160566324
original,test,3,full_schedule,all,raw_original,1965,23,1942,1933,9,1892,0.9787894464562855,0.9742533470648815,0.08569916437714672,-0.0036249483546946485,0.5128291638015096,3.5268719363183774
original,test,3,full_schedule,all,raw_plus2020,1965,23,1942,1933,9,1896,0.9808587687532333,0.976313079299691,0.08785915013353383,-0.0028915994833023785,0.49203442678609866,3.0549834478696507
original,test,3,full_schedule,all,normalized_original,1965,23,1942,1933,9,1892,0.9787894464562855,0.9742533470648815,0.08569916437714672,-0.0036249483546946485,0.5128291638015096,3.5268719363183774
original,test,3,full_schedule,all,normalized_plus2020,1965,23,1942,1933,9,1895,0.9803414381789963,0.9757981462409887,0.08861313368884402,-0.003202291919307624,0.4943553517476327,3.119749707203195
original,test,3,full_schedule,level_ge_7m,raw_original,1965,23,237,236,1,206,0.8728813559322034,0.869198312236287,0.2397801871519601,-0.04664766333988164,1.5175037737316026,3.5268719363183774
original,test,3,full_schedule,level_ge_7m,raw_plus2020,1965,23,237,236,1,218,0.923728813559322,0.919831223628692,0.2045290355720415,-0.05610829724312178,1.0269649947971589,3.0549834478696507
original,test,3,full_schedule,level_ge_7m,normalized_original,1965,23,237,236,1,206,0.8728813559322034,0.869198312236287,0.2397801871519601,-0.04664766333988164,1.5175037737316026,3.5268719363183774
original,test,3,full_schedule,level_ge_7m,normalized_plus2020,1965,23,237,236,1,218,0.923728813559322,0.919831223628692,0.2062624937532027,-0.0607626159592951,1.0493826970899494,3.119749707203195
original,test,3,complete24,all,raw_original,1351,5,1346,1346,0,1332,0.9895988112927192,0.9895988112927192,0.06737020692482651,0.0009264525702016789,0.36924670610294175,0.7989318288299483
original,test,3,complete24,all,raw_plus2020,1351,5,1346,1346,0,1330,0.9881129271916791,0.9881129271916791,0.07282055595596207,0.0008338197170898592,0.4288541181337628,0.9313893826081765
original,test,3,complete24,all,normalized_original,1351,5,1346,1346,0,1332,0.9895988112927192,0.9895988112927192,0.06737020692482651,0.0009264525702016789,0.36924670610294175,0.7989318288299483
original,test,3,complete24,all,normalized_plus2020,1351,5,1346,1346,0,1331,0.9888558692421991,0.9888558692421991,0.07304951011997729,0.001258462992436819,0.4092128722090224,0.9205672955222939
original,test,3,complete24,level_ge_7m,raw_original,1351,5,142,142,0,131,0.9225352112676056,0.9225352112676056,0.1557716333648826,-0.0043574334419621006,0.7152282823723896,0.7989318288299483
original,test,3,complete24,level_ge_7m,raw_plus2020,1351,5,142,142,0,133,0.9366197183098591,0.9366197183098591,0.1560131745792717,-0.018495061918982474,0.7587711004356658,0.8708905223897432
original,test,3,complete24,level_ge_7m,normalized_original,1351,5,142,142,0,131,0.9225352112676056,0.9225352112676056,0.1557716333648826,-0.0043574334419621006,0.7152282823723896,0.7989318288299483
original,test,3,complete24,level_ge_7m,normalized_plus2020,1351,5,142,142,0,133,0.9366197183098591,0.9366197183098591,0.1556299991972553,-0.022198783814910018,0.7539171976193555,0.8309378964581153
original,test,3,missing24,all,raw_original,614,18,596,587,9,560,0.9540034071550255,0.9395973154362416,0.12772774483851473,-0.014061380458460336,0.7771375948044326,3.5268719363183774
original,test,3,missing24,all,raw_plus2020,614,18,596,587,9,566,0.9642248722316865,0.9496644295302014,0.12234287715740365,-0.011434042828665157,0.6921589918244493,3.0549834478696507
original,test,3,missing24,all,normalized_original,614,18,596,587,9,560,0.9540034071550255,0.9395973154362416,0.12772774483851473,-0.014061380458460336,0.7771375948044326,3.5268719363183774
original,test,3,missing24,all,normalized_plus2020,614,18,596,587,9,564,0.9608177172061328,0.9463087248322147,0.12430076115680755,-0.013430871325113454,0.7146471462202864,3.119749707203195
original,test,3,missing24,level_ge_7m,raw_original,614,18,95,94,1,75,0.7978723404255319,0.7894736842105263,0.3666867258515879,-0.1105329042495048,2.8735248056564777,3.5268719363183774
original,test,3,missing24,level_ge_7m,raw_plus2020,614,18,95,94,1,85,0.9042553191489362,0.8947368421052632,0.2778189532419704,-0.11292829103065134,2.481327551340479,3.0549834478696507
original,test,3,missing24,level_ge_7m,normalized_original,614,18,95,94,1,75,0.7978723404255319,0.7894736842105263,0.3666867258515879,-0.1105329042495048,2.8735248056564777,3.5268719363183774
original,test,3,missing24,level_ge_7m,normalized_plus2020,614,18,95,94,1,85,0.9042553191489362,0.8947368421052632,0.2827498791462296,-0.11901861770932362,2.5285234893069295,3.119749707203195
original,test,4,full_schedule,all,raw_original,1964,23,1941,1931,10,1863,0.9647850854479544,0.9598145285935085,0.1145230902406845,-0.000881183735517365,0.6785520720348894,4.159274231826119
original,test,4,full_schedule,all,raw_plus2020,1964,23,1941,1931,10,1871,0.9689280165717244,0.9639361154044307,0.11528808753938709,-0.006839869921925697,0.624351770008096,3.789297893218299
original,test,4,full_schedule,all,normalized_original,1964,23,1941,1931,10,1867,0.9668565510098395,0.9618753219989696,0.1141029220855365,-0.00015026712491160245,0.6651539611364363,4.180672066798155
original,test,4,full_schedule,all,normalized_plus2020,1964,23,1941,1931,10,1868,0.9673744174003107,0.9623905203503349,0.11579801540597726,-0.005259700396011237,0.6296333388020763,3.7679250330308536
original,test,4,full_schedule,level_ge_7m,raw_original,1964,23,237,236,1,189,0.8008474576271186,0.7974683544303798,0.3477376475215351,-0.07556707368542755,1.9960798231165728,4.159274231826119
original,test,4,full_schedule,level_ge_7m,raw_plus2020,1964,23,237,236,1,195,0.826271186440678,0.8227848101265823,0.3120340189086519,-0.08175325499585838,1.9013562095715206,3.789297893218299
original,test,4,full_schedule,level_ge_7m,normalized_original,1964,23,237,236,1,193,0.8177966101694916,0.8143459915611815,0.34596340697892397,-0.07702363987645892,1.9984051479635023,4.180672066798155
original,test,4,full_schedule,level_ge_7m,normalized_plus2020,1964,23,237,236,1,194,0.8220338983050848,0.8185654008438819,0.3147116000080755,-0.07941896660005629,1.8882453121298777,3.7679250330308536
original,test,4,complete24,all,raw_original,1350,5,1345,1345,0,1312,0.9754646840148699,0.9754646840148699,0.09285500305212266,0.006918762609001936,0.5325510680699792,0.9417446867191668
original,test,4,complete24,all,raw_plus2020,1350,5,1345,1345,0,1318,0.9799256505576208,0.9799256505576208,0.09632377935494689,0.006720586923662088,0.4853240428343852,1.2689003460769523
original,test,4,complete24,all,normalized_original,1350,5,1345,1345,0,1315,0.9776951672862454,0.9776951672862454,0.09206449727219633,0.006734121715767433,0.5326744834861036,0.9355566922605405
original,test,4,complete24,all,normalized_plus2020,1350,5,1345,1345,0,1317,0.979182156133829,0.979182156133829,0.09609883744306619,0.0066231093442993315,0.5053987237700213,1.3727569892260458
original,test,4,complete24,level_ge_7m,raw_original,1350,5,141,141,0,121,0.8581560283687943,0.8581560283687943,0.22783298710313113,-0.019499205801815456,0.8363002432180178,0.9417446867191668
original,test,4,complete24,level_ge_7m,raw_plus2020,1350,5,141,141,0,122,0.8652482269503546,0.8652482269503546,0.2296920964673835,0.006962511715412252,1.0516969556915625,1.2689003460769523
original,test,4,complete24,level_ge_7m,normalized_original,1350,5,141,141,0,125,0.8865248226950354,0.8865248226950354,0.22317178730905987,-0.023592059422235804,0.8171961341241281,0.9355566922605405
original,test,4,complete24,level_ge_7m,normalized_plus2020,1350,5,141,141,0,121,0.8581560283687943,0.8581560283687943,0.23244142499756487,0.005568611891544078,1.0560757657093607,1.3727569892260458
original,test,4,missing24,all,raw_original,614,18,596,586,10,551,0.9402730375426621,0.924496644295302,0.164256157251974,-0.018783790959712686,0.9859819141535519,4.159274231826119
original,test,4,missing24,all,raw_plus2020,614,18,596,586,10,553,0.9436860068259386,0.9278523489932886,0.1588153819217626,-0.03796412667502394,0.8478250506483835,3.789297893218299
original,test,4,missing24,all,normalized_original,614,18,596,586,10,552,0.9419795221843004,0.9261744966442953,0.1646859961025033,-0.015951466767767063,1.008607608424385,4.180672066798155
original,test,4,missing24,all,normalized_plus2020,614,18,596,586,10,551,0.9402730375426621,0.924496644295302,0.16101199895566215,-0.03253338486822577,0.8536456081092021,3.7679250330308536
original,test,4,missing24,level_ge_7m,raw_original,614,18,96,95,1,68,0.7157894736842105,0.7083333333333334,0.5257014066688507,-0.1587835933863676,3.3449786649204833,4.159274231826119
original,test,4,missing24,level_ge_7m,raw_plus2020,614,18,96,95,1,73,0.7684210526315789,0.7604166666666666,0.43424676695306075,-0.21342612979890216,3.014879341681749,3.789297893218299
original,test,4,missing24,level_ge_7m,normalized_original,614,18,96,95,1,68,0.7157894736842105,0.7083333333333334,0.5282120214363013,-0.15632735402430584,3.3645106836667655,4.180672066798155
original,test,4,missing24,level_ge_7m,normalized_plus2020,614,18,96,95,1,73,0.7684210526315789,0.7604166666666666,0.4368178597605176,-0.20555842520337886,2.9672058751599213,3.7679250330308536
original,test,5,full_schedule,all,raw_original,1963,23,1940,1929,11,1837,0.9523068947641264,0.9469072164948453,0.15065775972061035,-0.005331912965777811,0.7897883141225097,4.732017992487203
original,test,5,full_schedule,all,raw_plus2020,1963,23,1940,1929,11,1840,0.9538621047174702,0.9484536082474226,0.14648152878419302,-0.022534881415235884,0.7662571924024014,4.197175167878556
original,test,5,full_schedule,all,normalized_original,1963,23,1940,1929,11,1834,0.9507516848107828,0.945360824742268,0.15170402021125728,-0.007763267472432878,0.8249700615428212,4.852710999481523
original,test,5,full_schedule,all,normalized_plus2020,1963,23,1940,1929,11,1850,0.9590461378952825,0.9536082474226805,0.15076964507690613,-0.015582616714871095,0.7453014411778972,4.645603153067796
original,test,5,full_schedule,level_ge_7m,raw_original,1963,23,237,236,1,174,0.7372881355932204,0.7341772151898734,0.44950094391357975,-0.08667631637036102,2.7581849813937223,4.732017992487203
original,test,5,full_schedule,level_ge_7m,raw_plus2020,1963,23,237,236,1,180,0.7627118644067796,0.759493670886076,0.41425014656526404,-0.14422542824706405,2.9616013832780985,4.197175167878556
original,test,5,full_schedule,level_ge_7m,normalized_original,1963,23,237,236,1,170,0.7203389830508474,0.7172995780590717,0.4567780122341141,-0.09173092005963368,2.7780047664295373,4.852710999481523
original,test,5,full_schedule,level_ge_7m,normalized_plus2020,1963,23,237,236,1,180,0.7627118644067796,0.759493670886076,0.4352576711808304,-0.14349621615615568,2.9438565662133303,4.645603153067796
original,test,5,complete24,all,raw_original,1349,5,1344,1344,0,1297,0.9650297619047619,0.9650297619047619,0.12718824911018403,0.00305215546363408,0.6057833899363805,1.2030473752915363
original,test,5,complete24,all,raw_plus2020,1349,5,1344,1344,0,1295,0.9635416666666666,0.9635416666666666,0.1280367333616565,-0.00866776922093456,0.644994015657609,1.5001280525683907
original,test,5,complete24,all,normalized_original,1349,5,1344,1344,0,1298,0.9657738095238095,0.9657738095238095,0.126989691602992,-0.00044000421806784267,0.5993140033649366,1.1678921711014834
original,test,5,complete24,all,normalized_plus2020,1349,5,1344,1344,0,1299,0.9665178571428571,0.9665178571428571,0.13100861116381468,-0.0008364502574926203,0.6331525309398376,1.5527603259182872
original,test,5,complete24,level_ge_7m,raw_original,1349,5,140,140,0,114,0.8142857142857143,0.8142857142857143,0.2915012986669781,-0.0116081579301826,1.084275274517138,1.2030473752915363
original,test,5,complete24,level_ge_7m,raw_plus2020,1349,5,140,140,0,110,0.7857142857142857,0.7857142857142857,0.3142566351592879,-0.04820217628960007,1.2672686490987561,1.5001280525683907
original,test,5,complete24,level_ge_7m,normalized_original,1349,5,140,140,0,113,0.8071428571428572,0.8071428571428572,0.29481953759760005,-0.02008939173661675,1.0764481769881924,1.1678921711014834
original,test,5,complete24,level_ge_7m,normalized_plus2020,1349,5,140,140,0,110,0.7857142857142857,0.7857142857142857,0.31776612970995827,-0.040502685650129586,1.1958036980211562,1.5527603259182872
original,test,5,missing24,all,raw_original,614,18,596,585,11,540,0.9230769230769231,0.9060402684563759,0.20457745589225645,-0.024593772742067702,1.3407488177851001,4.732017992487203
original,test,5,missing24,all,raw_plus2020,614,18,596,585,11,545,0.9316239316239316,0.9144295302013423,0.1888572639087897,-0.054393682764194824,1.3103354102472098,4.197175167878556
original,test,5,missing24,all,normalized_original,614,18,596,585,11,536,0.9162393162393162,0.8993288590604027,0.2084836059369129,-0.024587995359384347,1.3770077055419658,4.852710999481523
original,test,5,missing24,all,normalized_plus2020,614,18,596,585,11,551,0.9418803418803419,0.924496644295302,0.19616935375929054,-0.049460988883617524,1.449511632034915,4.645603153067796
original,test,5,missing24,level_ge_7m,raw_original,614,18,97,96,1,60,0.625,0.6185567010309279,0.6799170932315404,-0.19615071409562124,4.077646099222054,4.732017992487203
original,test,5,missing24,level_ge_7m,raw_plus2020,614,18,97,96,1,70,0.7291666666666666,0.7216494845360825,0.5600740173656459,-0.28425933735169906,3.705532619871754,4.197175167878556
original,test,5,missing24,level_ge_7m,normalized_original,614,18,97,96,1,57,0.59375,0.5876288659793815,0.692967454412364,-0.19620814886403337,4.1718389779232945,4.852710999481523
original,test,5,missing24,level_ge_7m,normalized_plus2020,614,18,97,96,1,70,0.7291666666666666,0.7216494845360825,0.6065995024925191,-0.293695114810777,3.969737274645586,4.645603153067796
original,test,6,full_schedule,all,raw_original,1962,23,1939,1927,12,1746,0.9060716139076285,0.9004641567818463,0.20676128900797808,-0.01485733796192006,0.9753946481774126,5.717300772050423
original,test,6,full_schedule,all,raw_plus2020,1962,23,1939,1927,12,1763,0.9148936170212766,0.9092315626611656,0.20145550510518553,-0.017895346805257173,1.0406244141498497,4.704522031131441
original,test,6,full_schedule,all,normalized_original,1962,23,1939,1927,12,1753,0.909704203425013,0.9040742650850954,0.20572360787190871,-0.011659969681287663,0.9523179852110097,5.758938829288425
original,test,6,full_schedule,all,normalized_plus2020,1962,23,1939,1927,12,1765,0.9159314997405293,0.9102630221763796,0.199738706478704,-0.018218486190513406,0.9986039695167248,4.704893046560072
original,test,6,full_schedule,level_ge_7m,raw_original,1962,23,237,236,1,149,0.6313559322033898,0.6286919831223629,0.5992745509944473,-0.1294956884565486,4.1687591231363985,5.717300772050423
original,test,6,full_schedule,level_ge_7m,raw_plus2020,1962,23,237,236,1,163,0.690677966101695,0.6877637130801688,0.5361155561391127,-0.09281554562528958,3.3684656186088886,4.704522031131441
original,test,6,full_schedule,level_ge_7m,normalized_original,1962,23,237,236,1,148,0.6271186440677966,0.6244725738396625,0.5976100205251076,-0.1292040008127634,4.158138175585052,5.758938829288425
original,test,6,full_schedule,level_ge_7m,normalized_plus2020,1962,23,237,236,1,162,0.6864406779661016,0.6835443037974683,0.5369040477055705,-0.08778515950488833,3.399241762609292,4.704893046560072
original,test,6,complete24,all,raw_original,1348,5,1343,1343,0,1238,0.9218168279970216,0.9218168279970216,0.1752328412121762,-0.008599035647258606,0.7627823988036752,1.4547899740867276
original,test,6,complete24,all,raw_plus2020,1348,5,1343,1343,0,1237,0.921072226358898,0.921072226358898,0.18381084603746725,-0.0030061245723086182,0.7646179657863305,1.757011556386856
original,test,6,complete24,all,normalized_original,1348,5,1343,1343,0,1243,0.9255398361876396,0.9255398361876396,0.1741975962987531,-0.005293709974759893,0.7668675145430609,1.4800427946355974
original,test,6,complete24,all,normalized_plus2020,1348,5,1343,1343,0,1244,0.9262844378257632,0.9262844378257632,0.17944153353090395,-0.004165493745564743,0.8309690799064959,1.75169603536464
original,test,6,complete24,level_ge_7m,raw_original,1348,5,140,140,0,105,0.75,0.75,0.3579782358561097,-0.03609021977148757,1.2191973066073383,1.4547899740867276
original,test,6,complete24,level_ge_7m,raw_plus2020,1348,5,140,140,0,103,0.7357142857142858,0.7357142857142858,0.3964262594351779,0.02529271295670357,1.419405260001209,1.6598792398444235
original,test,6,complete24,level_ge_7m,normalized_original,1348,5,140,140,0,104,0.7428571428571429,0.7428571428571429,0.354498415086102,-0.038830322435013234,1.1677629452989025,1.4800427946355974
original,test,6,complete24,level_ge_7m,normalized_plus2020,1348,5,140,140,0,106,0.7571428571428571,0.7571428571428571,0.3827411900646344,0.03726954229552819,1.5136423104294456,1.6318499464999086
original,test,6,missing24,all,raw_original,614,18,596,584,12,508,0.8698630136986302,0.8523489932885906,0.2792659215246937,-0.029249290031424055,1.9246037754111622,5.717300772050423
original,test,6,missing24,all,raw_plus2020,614,18,596,584,12,526,0.9006849315068494,0.8825503355704698,0.24203217826947598,-0.05213545889232892,1.479796198878852,4.704522031131441
original,test,6,missing24,all,normalized_original,614,18,596,584,12,510,0.8732876712328768,0.8557046979865772,0.27822263791086077,-0.02630018678037465,1.9812491070930478,5.758938829288425
original,test,6,missing24,all,normalized_plus2020,614,18,596,584,12,521,0.8921232876712328,0.8741610738255033,0.2464152531720181,-0.05053555614524983,1.6352701129157658,4.704893046560072
original,test,6,missing24,level_ge_7m,raw_original,614,18,97,96,1,44,0.4583333333333333,0.4536082474226804,0.9511650105711896,-0.2657119969555959,5.252529825361643,5.717300772050423
original,test,6,missing24,level_ge_7m,raw_plus2020,614,18,97,96,1,60,0.625,0.6185567010309279,0.7398291138323508,-0.2650567560573629,4.4350943670369345,4.704522031131441
original,test,6,missing24,level_ge_7m,normalized_original,614,18,97,96,1,44,0.4583333333333333,0.4536082474226804,0.9521477784569908,-0.2609989484469824,5.2570822946375895,5.758938829288425
original,test,6,missing24,level_ge_7m,normalized_plus2020,614,18,97,96,1,56,0.5833333333333334,0.5773195876288659,0.761724881765269,-0.27015659963049576,4.526840296824718,4.704893046560072
original,test,7,full_schedule,all,raw_original,1961,23,1938,1925,13,1689,0.8774025974025974,0.871517027863777,0.266131415523293,-0.009091682182165342,1.405744021711313,5.611443817837554
original,test,7,full_schedule,all,raw_plus2020,1961,23,1938,1925,13,1747,0.9075324675324675,0.9014447884416925,0.23111039155411123,-0.022498644908280845,1.0169913735490614,4.638033184969102
original,test,7,full_schedule,all,normalized_original,1961,23,1938,1925,13,1690,0.8779220779220779,0.8720330237358102,0.2666837109001212,-0.008837962845168666,1.4224669135223622,5.5788198938424145
original,test,7,full_schedule,all,normalized_plus2020,1961,23,1938,1925,13,1735,0.9012987012987013,0.8952528379772962,0.2328552810615003,-0.02477439972955618,1.0421015917015883,4.655934641123991
original,test,7,full_schedule,level_ge_7m,raw_original,1961,23,237,236,1,132,0.559322033898305,0.5569620253164557,0.7350302813017384,-0.10404518285848988,4.360257143310526,5.611443817837554
original,test,7,full_schedule,level_ge_7m,raw_plus2020,1961,23,237,236,1,164,0.6949152542372882,0.6919831223628692,0.5468895482338202,-0.1094290420749327,3.5381556050491545,4.638033184969102
original,test,7,full_schedule,level_ge_7m,normalized_original,1961,23,237,236,1,133,0.5635593220338984,0.5611814345991561,0.7337573473953839,-0.09540130474155066,4.333534294518113,5.5788198938424145
original,test,7,full_schedule,level_ge_7m,normalized_plus2020,1961,23,237,236,1,157,0.6652542372881356,0.6624472573839663,0.5516234598212364,-0.11214925630053789,3.5253571761248805,4.655934641123991
original,test,7,complete24,all,raw_original,1347,5,1342,1342,0,1206,0.8986587183308494,0.8986587183308494,0.2216363725976874,-0.01481920389470442,0.8973367131899892,2.195693440361058
original,test,7,complete24,all,raw_plus2020,1347,5,1342,1342,0,1226,0.9135618479880775,0.9135618479880775,0.21620755510159204,-0.009455507120683257,0.9082463743896287,3.4473294808642407
original,test,7,complete24,all,normalized_original,1347,5,1342,1342,0,1207,0.8994038748137109,0.8994038748137109,0.22227859916446138,-0.015446582495322884,0.8862018381041349,2.186201147678485
original,test,7,complete24,all,normalized_plus2020,1347,5,1342,1342,0,1216,0.9061102831594635,0.9061102831594635,0.21752442512804204,-0.012384335690566284,0.905974215631594,3.349050146759261
original,test,7,complete24,level_ge_7m,raw_original,1347,5,140,140,0,88,0.6285714285714286,0.6285714285714286,0.4766695811213026,-0.026345403490117495,1.6535350364488497,2.195693440361058
original,test,7,complete24,level_ge_7m,raw_plus2020,1347,5,140,140,0,102,0.7285714285714285,0.7285714285714285,0.4269963167031065,0.00557414432492188,2.423321797387317,3.4473294808642407
original,test,7,complete24,level_ge_7m,normalized_original,1347,5,140,140,0,88,0.6285714285714286,0.6285714285714286,0.4729636999349979,-0.020878565362192777,1.665877159557939,2.186201147678485
original,test,7,complete24,level_ge_7m,normalized_plus2020,1347,5,140,140,0,96,0.6857142857142857,0.6857142857142857,0.4322345991457748,0.003571253219931579,2.4617956686709976,3.349050146759261
original,test,7,missing24,all,raw_original,614,18,596,583,13,483,0.8284734133790738,0.8104026845637584,0.36855396716336625,0.00409242440141517,2.284727951517816,5.611443817837554
original,test,7,missing24,all,raw_plus2020,614,18,596,583,13,521,0.8936535162950258,0.8741610738255033,0.26541503395424976,-0.052522471513694144,1.3019853367313015,4.638033184969102
original,test,7,missing24,all,normalized_original,614,18,596,583,13,483,0.8284734133790738,0.8104026845637584,0.3688992511218288,0.006374331443865554,2.2937669401949297,5.5788198938424145
original,test,7,missing24,all,normalized_plus2020,614,18,596,583,13,519,0.8902229845626072,0.8708053691275168,0.26814517585172504,-0.0532949244985518,1.2948492510957428,4.655934641123991
original,test,7,missing24,level_ge_7m,raw_original,614,18,97,96,1,44,0.4583333333333333,0.4536082474226804,1.1118063023982077,-0.2173573611040329,5.210098256823384,5.611443817837554
original,test,7,missing24,level_ge_7m,raw_plus2020,614,18,97,96,1,62,0.6458333333333334,0.6391752577319587,0.7217338442161112,-0.27714202224138734,3.943698381559669,4.638033184969102
original,test,7,missing24,level_ge_7m,normalized_original,614,18,97,96,1,45,0.46875,0.4639175257731959,1.114081416608447,-0.20408029966978092,5.165510309849093,5.5788198938424145
original,test,7,missing24,level_ge_7m,normalized_plus2020,614,18,97,96,1,61,0.6354166666666666,0.6288659793814433,0.7257322149729512,-0.2809083326845559,3.970353271887408,4.655934641123991
original,test,8,full_schedule,all,raw_original,1960,23,1937,1923,14,1623,0.84399375975039,0.8378936499741869,0.32353407971972176,-0.00933242867113907,1.7064386498127462,6.185898482285559
original,test,8,full_schedule,all,raw_plus2020,1960,23,1937,1923,14,1660,0.8632345293811753,0.856995353639649,0.29427147175225193,-0.03534867438625561,1.2503160038271655,5.446067301688627
original,test,8,full_schedule,all,normalized_original,1960,23,1937,1923,14,1626,0.8455538221528861,0.839442436757873,0.3238226848883947,-0.00738653224204938,1.6672876701563297,6.133416995517493
original,test,8,full_schedule,all,normalized_plus2020,1960,23,1937,1923,14,1658,0.8621944877795111,0.8559628291171916,0.2957168376439923,-0.04376422716889984,1.2137695017357648,5.617786803646193
original,test,8,full_schedule,level_ge_7m,raw_original,1960,23,237,236,1,128,0.5423728813559322,0.540084388185654,0.8437648586743666,-0.14118542567397704,5.13793312352746,6.185898482285559
original,test,8,full_schedule,level_ge_7m,raw_plus2020,1960,23,237,236,1,143,0.6059322033898306,0.6033755274261603,0.6777920248435835,-0.16941932156969178,4.136055383292897,5.446067301688627
original,test,8,full_schedule,level_ge_7m,normalized_original,1960,23,237,236,1,129,0.5466101694915254,0.5443037974683544,0.845906712962715,-0.1302342051434126,5.200551808496869,6.133416995517493
original,test,8,full_schedule,level_ge_7m,normalized_plus2020,1960,23,237,236,1,142,0.6016949152542372,0.5991561181434599,0.6860332587643867,-0.18399806800842658,4.221390572210488,5.617786803646193
original,test,8,complete24,all,raw_original,1346,5,1341,1341,0,1154,0.8605518269947801,0.8605518269947801,0.2742195341762399,-0.00870396662414145,1.1095246220244477,2.2450205360724933
original,test,8,complete24,all,raw_plus2020,1346,5,1341,1341,0,1164,0.8680089485458613,0.8680089485458613,0.27518024545049113,-0.013336940351934235,1.0674866722341105,4.001534395703192
original,test,8,complete24,all,normalized_original,1346,5,1341,1341,0,1157,0.8627889634601044,0.8627889634601044,0.2745797666718031,-0.007750719008138347,1.1084223615544222,2.1976739497234536
original,test,8,complete24,all,normalized_plus2020,1346,5,1341,1341,0,1163,0.8672632363907532,0.8672632363907532,0.2749768012980216,-0.022374757849501138,1.0709397587190659,3.9794949816197054
original,test,8,complete24,level_ge_7m,raw_original,1346,5,140,140,0,87,0.6214285714285714,0.6214285714285714,0.5217053387310955,-0.04810808010578112,1.9728894378762705,2.2450205360724933
original,test,8,complete24,level_ge_7m,raw_plus2020,1346,5,140,140,0,90,0.6428571428571429,0.6428571428571429,0.5313115537913777,-0.012323649670040255,2.9432475225345454,4.001534395703192
original,test,8,complete24,level_ge_7m,normalized_original,1346,5,140,140,0,87,0.6214285714285714,0.6214285714285714,0.522096560512597,-0.046697211746300434,1.9184000085270236,2.1976739497234536
original,test,8,complete24,level_ge_7m,normalized_plus2020,1346,5,140,140,0,90,0.6428571428571429,0.6428571428571429,0.5308702718896999,-0.024322123217747064,2.8855844194459173,3.9794949816197054
original,test,8,missing24,all,raw_original,614,18,596,582,14,469,0.8058419243986255,0.7869127516778524,0.43716089342042486,-0.010780482975303693,2.606888978098579,6.185898482285559
original,test,8,missing24,all,raw_plus2020,614,18,596,582,14,496,0.852233676975945,0.8322147651006712,0.3382600189527007,-0.0860664327024497,1.8208623532078976,5.446067301688627
original,test,8,missing24,all,normalized_original,614,18,596,582,14,469,0.8058419243986255,0.7869127516778524,0.43728446036682983,-0.006547400878947492,2.6131452534434754,6.133416995517493
original,test,8,missing24,all,normalized_plus2020,614,18,596,582,14,495,0.8505154639175257,0.8305369127516778,0.343504447162801,-0.09304821060071021,1.7733189096630528,5.617786803646193
original,test,8,missing24,level_ge_7m,raw_original,614,18,97,96,1,41,0.4270833333333333,0.422680412371134,1.3134349919249704,-0.2769232212942628,5.942379150119271,6.185898482285559
original,test,8,missing24,level_ge_7m,raw_plus2020,614,18,97,96,1,53,0.5520833333333334,0.5463917525773195,0.8914093784613835,-0.39851717642335033,4.6152658447599295,5.446067301688627
original,test,8,missing24,level_ge_7m,normalized_original,614,18,97,96,1,42,0.4375,0.4329896907216495,1.3181298519524705,-0.25205898718086783,5.890749668673301,6.133416995517493
original,test,8,missing24,level_ge_7m,normalized_plus2020,614,18,97,96,1,52,0.5416666666666666,0.5360824742268041,0.9123126146233048,-0.4168588208281676,4.625700717427071,5.617786803646193
original,test,9,full_schedule,all,raw_original,1959,23,1936,1921,15,1536,0.799583550234253,0.7933884297520661,0.3755822991318277,-0.025467501166002663,1.8115698896474082,6.0003742492804815
original,test,9,full_schedule,all,raw_plus2020,1959,23,1936,1921,15,1570,0.8172826652785008,0.8109504132231405,0.3487222511981637,-0.05553871808746403,1.4194434564029965,6.169177317055857
original,test,9,full_schedule,all,normalized_original,1959,23,1936,1921,15,1543,0.8032274856845393,0.797004132231405,0.3758979697957148,-0.02649642919689323,1.8027808533977272,5.9108641024508355
original,test,9,full_schedule,all,normalized_plus2020,1959,23,1936,1921,15,1553,0.8084331077563769,0.8021694214876033,0.3495075417165309,-0.05869933525310873,1.45675311911958,6.3036563289208845
original,test,9,full_schedule,level_ge_7m,raw_original,1959,23,237,236,1,113,0.4788135593220339,0.4767932489451477,0.9692832556460395,-0.21216111648823835,5.315937681275884,6.0003742492804815
original,test,9,full_schedule,level_ge_7m,raw_plus2020,1959,23,237,236,1,124,0.5254237288135594,0.5232067510548524,0.8094479487623841,-0.23148685805560984,5.017554118971492,6.169177317055857
original,test,9,full_schedule,level_ge_7m,normalized_original,1959,23,237,236,1,113,0.4788135593220339,0.4767932489451477,0.9675536652457236,-0.2099903530776019,5.271012289880005,5.9108641024508355
original,test,9,full_schedule,level_ge_7m,normalized_plus2020,1959,23,237,236,1,122,0.5169491525423728,0.5147679324894515,0.8143456806383412,-0.24043742414464073,5.017271954370449,6.3036563289208845
original,test,9,complete24,all,raw_original,1345,5,1340,1340,0,1098,0.8194029850746268,0.8194029850746268,0.3175677428788755,-0.021088383212430253,1.3369776096830202,2.624021365195725
original,test,9,complete24,all,raw_plus2020,1345,5,1340,1340,0,1103,0.823134328358209,0.823134328358209,0.3179005101545452,-0.027182981274119052,1.2350309641094843,3.5201425118817706
original,test,9,complete24,all,normalized_original,1345,5,1340,1340,0,1102,0.8223880597014925,0.8223880597014925,0.3198887695883523,-0.02343883422710672,1.363910889143006,2.600001068781067
original,test,9,complete24,all,normalized_plus2020,1345,5,1340,1340,0,1094,0.8164179104477612,0.8164179104477612,0.3188840984425285,-0.03071306096152869,1.252507838928879,3.5786927887426696
original,test,9,complete24,level_ge_7m,raw_original,1345,5,140,140,0,81,0.5785714285714286,0.5785714285714286,0.6168905982663688,-0.0978193552799467,2.1333088784143555,2.624021365195725
original,test,9,complete24,level_ge_7m,raw_plus2020,1345,5,140,140,0,80,0.5714285714285714,0.5714285714285714,0.6147050076692072,-0.034797958294185236,2.7720887460385377,3.5201425118817706
original,test,9,complete24,level_ge_7m,normalized_original,1345,5,140,140,0,79,0.5642857142857143,0.5642857142857143,0.6239776274985667,-0.10408970528391212,2.1226452181868787,2.600001068781067
original,test,9,complete24,level_ge_7m,normalized_plus2020,1345,5,140,140,0,78,0.5571428571428572,0.5571428571428572,0.6218371621064743,-0.04398841902071688,2.8027490113954627,3.5786927887426696
original,test,9,missing24,all,raw_original,614,18,596,581,15,438,0.7538726333907056,0.7348993288590604,0.5093852343796006,-0.03556736012949155,3.0396446717160623,6.0003742492804815
original,test,9,missing24,all,raw_plus2020,614,18,596,581,15,467,0.8037865748709122,0.7835570469798657,0.4198085386309499,-0.12093749146075539,2.236098866048588,6.169177317055857
original,test,9,missing24,all,normalized_original,614,18,596,581,15,441,0.7590361445783133,0.7399328859060402,0.5050758153686336,-0.03354836940259704,2.965334212594666,5.9108641024508355
original,test,9,missing24,all,normalized_plus2020,614,18,596,581,15,459,0.7900172117039587,0.7701342281879194,0.4201364814534729,-0.1232459919669078,2.2352264227655376,6.3036563289208845
original,test,9,missing24,level_ge_7m,raw_original,614,18,97,96,1,32,0.3333333333333333,0.32989690721649484,1.4831892143247263,-0.3789095182503303,5.956247354578663,6.0003742492804815
original,test,9,missing24,level_ge_7m,raw_plus2020,614,18,97,96,1,44,0.4583333333333333,0.4536082474226804,1.093448071189934,-0.518324836874354,5.4390671759877405,6.169177317055857
original,test,9,missing24,level_ge_7m,normalized_original,614,18,97,96,1,34,0.3541666666666667,0.35051546391752575,1.4686020536269941,-0.36442879777673287,5.894860932082827,5.9108641024508355
original,test,9,missing24,level_ge_7m,normalized_plus2020,614,18,97,96,1,44,0.4583333333333333,0.4536082474226804,1.0950872701639807,-0.5269255566170296,5.525266081305558,6.3036563289208845
original,test,10,full_schedule,all,raw_original,1958,23,1935,1919,16,1447,0.7540385617509119,0.7478036175710594,0.42009415328289834,-0.05030017283826072,1.9336593909353288,6.464545216847842
original,test,10,full_schedule,all,raw_plus2020,1958,23,1935,1919,16,1427,0.7436164669098488,0.7374677002583979,0.40733359757313575,-0.05936382296390994,1.8123655371716896,6.448103913221744
original,test,10,full_schedule,all,normalized_original,1958,23,1935,1919,16,1447,0.7540385617509119,0.7478036175710594,0.4197439130438954,-0.04853088400394547,1.9472189537402835,6.430049517042873
original,test,10,full_schedule,all,normalized_plus2020,1958,23,1935,1919,16,1425,0.7425742574257426,0.7364341085271318,0.4077615217075361,-0.059497239398513674,1.8073878559818726,6.4581986365553155
original,test,10,full_schedule,level_ge_7m,raw_original,1958,23,237,236,1,93,0.3940677966101695,0.3924050632911392,1.0678142840693023,-0.29065485947811165,5.986627894174404,6.464545216847842
original,test,10,full_schedule,level_ge_7m,raw_plus2020,1958,23,237,236,1,109,0.461864406779661,0.459915611814346,0.9459917650300765,-0.27057125632441914,5.252062157984813,6.448103913221744
original,test,10,full_schedule,level_ge_7m,normalized_original,1958,23,237,236,1,94,0.3983050847457627,0.39662447257383965,1.0678556542913025,-0.2896013711251739,5.936652187200094,6.430049517042873
original,test,10,full_schedule,level_ge_7m,normalized_plus2020,1958,23,237,236,1,108,0.4576271186440678,0.45569620253164556,0.9447732230605537,-0.2744489884702782,5.261503193144768,6.4581986365553155
original,test,10,complete24,all,raw_original,1344,5,1339,1339,0,1030,0.7692307692307693,0.7692307692307693,0.366599222193221,-0.04279182440065845,1.5134687325977447,3.0163267685216333
original,test,10,complete24,all,raw_plus2020,1344,5,1339,1339,0,1007,0.7520537714712472,0.7520537714712472,0.37478967811721386,-0.043530142173024415,1.4179389578082173,3.131518577572445
original,test,10,complete24,all,normalized_original,1344,5,1339,1339,0,1032,0.7707244212098581,0.7707244212098581,0.3667017177081981,-0.038993200060378534,1.497831415736423,3.018651251220934
original,test,10,complete24,all,normalized_plus2020,1344,5,1339,1339,0,1004,0.7498132935026139,0.7498132935026139,0.37495774766162304,-0.04366134282066944,1.4158035643957207,3.1104901779666374
original,test,10,complete24,level_ge_7m,raw_original,1344,5,140,140,0,63,0.45,0.45,0.7366380787975849,-0.14673094493686847,2.3497611956484707,3.0163267685216333
original,test,10,complete24,level_ge_7m,raw_plus2020,1344,5,140,140,0,63,0.45,0.45,0.7586382845665304,-0.06322227709132065,2.7054814978993877,3.131518577572445
original,test,10,complete24,level_ge_7m,normalized_original,1344,5,140,140,0,64,0.45714285714285713,0.45714285714285713,0.7370399019038185,-0.1472482292019878,2.3504216997106786,3.018651251220934
original,test,10,complete24,level_ge_7m,normalized_plus2020,1344,5,140,140,0,62,0.44285714285714284,0.44285714285714284,0.7548713965729594,-0.06718406081951205,2.7008393658467096,3.1104901779666374
original,test,10,missing24,all,raw_original,614,18,596,580,16,417,0.7189655172413794,0.6996644295302014,0.5435936579882052,-0.06763410138644944,3.1307186635285453,6.464545216847842
original,test,10,missing24,all,raw_plus2020,614,18,596,580,16,420,0.7241379310344828,0.7046979865771812,0.48246516335154865,-0.09591778603114394,3.1709430320602,6.448103913221744
original,test,10,missing24,all,normalized_original,614,18,596,580,16,415,0.7155172413793104,0.6963087248322147,0.5421982226206171,-0.07054977848745606,3.122146583271025,6.430049517042873
original,test,10,missing24,all,normalized_plus2020,614,18,596,580,16,421,0.7258620689655172,0.7063758389261745,0.48349299316870437,-0.09605631787736442,3.1982890612759776,6.4581986365553155
original,test,10,missing24,level_ge_7m,raw_original,614,18,97,96,1,30,0.3125,0.30927835051546393,1.5507795834238898,-0.5005439015174247,6.345287673824832,6.464545216847842
original,test,10,missing24,level_ge_7m,raw_plus2020,614,18,97,96,1,46,0.4791666666666667,0.4742268041237113,1.2192155907060813,-0.5729551843726878,5.463090602490449,6.448103913221744
original,test,10,missing24,level_ge_7m,normalized_original,614,18,97,96,1,30,0.3125,0.30927835051546393,1.550295293189717,-0.4971997030964869,6.294951273139483,6.430049517042873
original,test,10,missing24,level_ge_7m,normalized_plus2020,614,18,97,96,1,46,0.4791666666666667,0.4742268041237113,1.221713386688295,-0.5767103412943122,5.468549098810776,6.4581986365553155
original,test,11,full_schedule,all,raw_original,1957,23,1934,1917,17,1395,0.7276995305164319,0.7213029989658738,0.44744592955284307,-0.06664032699182809,2.2157861404322308,6.566430652044184
original,test,11,full_schedule,all,raw_plus2020,1957,23,1934,1917,17,1387,0.7235263432446531,0.7171664943123061,0.4444657583436154,-0.07941473882145109,1.9981259799525586,7.526430836325472
original,test,11,full_schedule,all,normalized_original,1957,23,1934,1917,17,1397,0.7287428273343767,0.7223371251292657,0.4470973495704034,-0.06582580983104991,2.2203011010059583,6.563938512228388
original,test,11,full_schedule,all,normalized_plus2020,1957,23,1934,1917,17,1375,0.7172665623369848,0.7109617373319544,0.4446880897170021,-0.08298268880840097,2.0625194401265423,7.581365245726475
original,test,11,full_schedule,level_ge_7m,raw_original,1957,23,237,236,1,85,0.3601694915254237,0.35864978902953587,1.1782923476697535,-0.3919115260975247,6.145453272947169,6.566430652044184
original,test,11,full_schedule,level_ge_7m,raw_plus2020,1957,23,237,236,1,101,0.4279661016949153,0.42616033755274263,1.0918713368645792,-0.3724069578022857,5.971823327490132,7.526430836325472
original,test,11,full_schedule,level_ge_7m,normalized_original,1957,23,237,236,1,84,0.3559322033898305,0.35443037974683544,1.1792417158860335,-0.39197237385568456,6.143414388418595,6.563938512228388
original,test,11,full_schedule,level_ge_7m,normalized_plus2020,1957,23,237,236,1,100,0.423728813559322,0.4219409282700422,1.0946359637341014,-0.37513680715825554,6.012441048725,7.581365245726475
original,test,11,complete24,all,raw_original,1343,5,1338,1338,0,992,0.7414050822122571,0.7414050822122571,0.3973596033989489,-0.04309666276439455,1.7078802369210861,3.1051966727802007
original,test,11,complete24,all,raw_plus2020,1343,5,1338,1338,0,983,0.7346786248131539,0.7346786248131539,0.40382444508059534,-0.051689534772094196,1.6407460052917677,3.177706363826408
original,test,11,complete24,all,normalized_original,1343,5,1338,1338,0,995,0.7436472346786248,0.7436472346786248,0.39687074505087294,-0.042639342693048386,1.6964986322014382,3.1157711956477794
original,test,11,complete24,all,normalized_plus2020,1343,5,1338,1338,0,973,0.727204783258595,0.727204783258595,0.4040193167071288,-0.05672962142486631,1.580205111645778,3.0985986990875816
original,test,11,complete24,level_ge_7m,raw_original,1343,5,140,140,0,60,0.42857142857142855,0.42857142857142855,0.83693934928782,-0.2024579818036551,2.7911446958483634,3.1051966727802007
original,test,11,complete24,level_ge_7m,raw_plus2020,1343,5,140,140,0,61,0.4357142857142857,0.4357142857142857,0.8521662565268697,-0.09455608795196328,2.9812223656864405,3.177706363826408
original,test,11,complete24,level_ge_7m,normalized_original,1343,5,140,140,0,60,0.42857142857142855,0.42857142857142855,0.8381899924939619,-0.2012725918499543,2.789854497952364,3.1157711956477794
original,test,11,complete24,level_ge_7m,normalized_plus2020,1343,5,140,140,0,59,0.42142857142857143,0.42142857142857143,0.8538291955166437,-0.08147132990449724,2.910236088630984,3.0985986990875816
original,test,11,missing24,all,raw_original,614,18,596,579,17,403,0.696027633851468,0.6761744966442953,0.563189460457697,-0.12104692929978335,3.8838062494501173,6.566430652044184
original,test,11,missing24,all,raw_plus2020,614,18,596,579,17,404,0.697754749568221,0.6778523489932886,0.5383829900291437,-0.14348438133965402,4.238456808168239,7.526430836325472
original,test,11,missing24,all,normalized_original,614,18,596,579,17,402,0.694300518134715,0.674496644295302,0.5631650470611318,-0.11940697223285653,3.8912544472660064,6.563938512228388
original,test,11,missing24,all,normalized_plus2020,614,18,596,579,17,402,0.694300518134715,0.674496644295302,0.538668777605103,-0.1436503989278645,4.307212476222794,7.581365245726475
original,test,11,missing24,level_ge_7m,raw_original,614,18,97,96,1,25,0.2604166666666667,0.25773195876288657,1.6760988036434066,-0.6681979448594179,6.3678389136843165,6.566430652044184
original,test,11,missing24,level_ge_7m,raw_plus2020,614,18,97,96,1,40,0.4166666666666667,0.41237113402061853,1.4414412456904053,-0.7776061430006725,6.380608458353786,7.526430836325472
original,test,11,missing24,level_ge_7m,normalized_original,614,18,97,96,1,24,0.25,0.24742268041237114,1.6766088124994714,-0.6700762226140412,6.366367707871636,6.563938512228388
original,test,11,missing24,level_ge_7m,normalized_plus2020,614,18,97,96,1,41,0.4270833333333333,0.422680412371134,1.4458125007178937,-0.8033989614866531,6.335733529263216,7.581365245726475
original,test,12,full_schedule,all,raw_original,1956,23,1933,1915,18,1359,0.7096605744125326,0.7030522503879979,0.48871710136222485,-0.08514942632870051,2.4602772388695,7.5899965838495795
original,test,12,full_schedule,all,raw_plus2020,1956,23,1933,1915,18,1347,0.7033942558746736,0.6968442834971547,0.4745247131482198,-0.10005773626226167,2.1869609141940534,7.974639368367226
original,test,12,full_schedule,all,normalized_original,1956,23,1933,1915,18,1358,0.7091383812010443,0.702534919813761,0.4868747967527352,-0.08651964275862527,2.42972370689962,7.547984435499524
original,test,12,full_schedule,all,normalized_plus2020,1956,23,1933,1915,18,1334,0.6966057441253264,0.6901189860320744,0.4746555689207321,-0.1018805442429933,2.151478157242684,8.067396884334205
original,test,12,full_schedule,level_ge_7m,raw_original,1956,23,237,236,1,83,0.3516949152542373,0.350210970464135,1.3618131697950429,-0.49404041208717636,7.352671221251543,7.5899965838495795
original,test,12,full_schedule,level_ge_7m,raw_plus2020,1956,23,237,236,1,87,0.3686440677966102,0.3670886075949367,1.2303379463822062,-0.5466143494221529,6.811449894233653,7.974639368367226
original,test,12,full_schedule,level_ge_7m,normalized_original,1956,23,237,236,1,82,0.3474576271186441,0.3459915611814346,1.3587880186977104,-0.4942610811370031,7.339993099452548,7.547984435499524
original,test,12,full_schedule,level_ge_7m,normalized_plus2020,1956,23,237,236,1,89,0.3771186440677966,0.3755274261603376,1.2211999162451388,-0.5106169695594341,6.736050861987019,8.067396884334205
original,test,12,complete24,all,raw_original,1342,5,1337,1337,0,966,0.7225130890052356,0.7225130890052356,0.4276848348254855,-0.07060074771764521,1.9193187075231,3.3117110911197765
original,test,12,complete24,all,raw_plus2020,1342,5,1337,1337,0,962,0.7195213163799551,0.7195213163799551,0.430819946570549,-0.0773713022923976,1.7720116030223723,3.917588366545182
original,test,12,complete24,all,normalized_original,1342,5,1337,1337,0,965,0.7217651458489155,0.7217651458489155,0.42758344906162415,-0.07064336854603823,1.9237572882551321,3.3422455464661747
original,test,12,complete24,all,normalized_plus2020,1342,5,1337,1337,0,953,0.712789827973074,0.712789827973074,0.4309962630662014,-0.0794926188195049,1.8173145287902452,3.902568937578293
original,test,12,complete24,level_ge_7m,raw_original,1342,5,140,140,0,57,0.40714285714285714,0.40714285714285714,0.9287979863487319,-0.28704127589163336,3.2443492221416896,3.3117110911197765
original,test,12,complete24,level_ge_7m,raw_plus2020,1342,5,140,140,0,52,0.37142857142857144,0.37142857142857144,0.952282099462319,-0.23280090176352702,3.276428824525169,3.917588366545182
original,test,12,complete24,level_ge_7m,normalized_original,1342,5,140,140,0,56,0.4,0.4,0.9365085565806944,-0.2878410998523599,3.2704878658963827,3.3422455464661747
original,test,12,complete24,level_ge_7m,normalized_plus2020,1342,5,140,140,0,54,0.38571428571428573,0.38571428571428573,0.9461094965195069,-0.2081112682244519,3.271404203949315,3.902568937578293
original,test,12,missing24,all,raw_original,614,18,596,578,18,393,0.6799307958477508,0.6593959731543624,0.6298938147871741,-0.11880268463835607,4.87501312631336,7.5899965838495795
original,test,12,missing24,all,raw_plus2020,614,18,596,578,18,385,0.6660899653979239,0.6459731543624161,0.5756203410277108,-0.1525348335247327,5.125406727405441,7.974639368367226
original,test,12,missing24,all,normalized_original,614,18,596,578,18,393,0.6799307958477508,0.6593959731543624,0.6240245058582984,-0.12324382722614924,4.877185661296865,7.547984435499524
original,test,12,missing24,all,normalized_plus2020,614,18,596,578,18,381,0.6591695501730104,0.639261744966443,0.5756460393835477,-0.15366714682293095,5.027198277827664,8.067396884334205
original,test,12,missing24,level_ge_7m,raw_original,614,18,97,96,1,26,0.2708333333333333,0.26804123711340205,1.9932936456542467,-0.7959141523723433,7.4762508993920465,7.5899965838495795
original,test,12,missing24,level_ge_7m,raw_plus2020,614,18,97,96,1,35,0.3645833333333333,0.36082474226804123,1.635836056473708,-1.0042589605909822,7.153379196921339,7.974639368367226
original,test,12,missing24,level_ge_7m,normalized_original,614,18,97,96,1,26,0.2708333333333333,0.26804123711340205,1.974612234285025,-0.7952902205104412,7.475087455427013,7.547984435499524
original,test,12,missing24,level_ge_7m,normalized_plus2020,614,18,97,96,1,35,0.3645833333333333,0.36082474226804123,1.6223734450116858,-0.9517711173396165,7.1524374345001425,8.067396884334205
reused_development,2021,1,full_schedule,all,raw_original,743,0,743,743,0,743,1.0,1.0,0.03176970598058766,-0.022804183486977332,0.1179003728221668,0.303935811177126
reused_development,2021,1,full_schedule,all,raw_plus2020,743,0,743,743,0,743,1.0,1.0,0.04055697067663001,-0.02585969421406708,0.14434610084956478,0.33542148113290526
reused_development,2021,1,full_schedule,all,normalized_original,743,0,743,743,0,743,1.0,1.0,0.03176970598058766,-0.022804183486977332,0.1179003728221668,0.303935811177126
reused_development,2021,1,full_schedule,all,normalized_plus2020,743,0,743,743,0,743,1.0,1.0,0.04055746407392356,-0.02586576181858342,0.14434610084956478,0.33542148113290526
reused_development,2021,1,full_schedule,level_ge_7m,raw_original,743,0,11,11,0,11,1.0,1.0,0.04901198481827644,-0.031141353207400243,0.12626930982315482,0.13699274102333892
reused_development,2021,1,full_schedule,level_ge_7m,raw_plus2020,743,0,11,11,0,11,1.0,1.0,0.060750776917055334,-0.02222066020227635,0.13718519557293887,0.14337335699494513
reused_development,2021,1,full_schedule,level_ge_7m,normalized_original,743,0,11,11,0,11,1.0,1.0,0.04901198481827644,-0.031141353207400243,0.12626930982315482,0.13699274102333892
reused_development,2021,1,full_schedule,level_ge_7m,normalized_plus2020,743,0,11,11,0,11,1.0,1.0,0.060750776917055334,-0.02222066020227635,0.13718519557293887,0.14337335699494513
reused_development,2021,1,complete24,all,raw_original,0,0,0,0,0,0,,,,,,
reused_development,2021,1,complete24,all,raw_plus2020,0,0,0,0,0,0,,,,,,
reused_development,2021,1,complete24,all,normalized_original,0,0,0,0,0,0,,,,,,
reused_development,2021,1,complete24,all,normalized_plus2020,0,0,0,0,0,0,,,,,,
reused_development,2021,1,complete24,level_ge_7m,raw_original,0,0,0,0,0,0,,,,,,
reused_development,2021,1,complete24,level_ge_7m,raw_plus2020,0,0,0,0,0,0,,,,,,
reused_development,2021,1,complete24,level_ge_7m,normalized_original,0,0,0,0,0,0,,,,,,
reused_development,2021,1,complete24,level_ge_7m,normalized_plus2020,0,0,0,0,0,0,,,,,,
reused_development,2021,1,missing24,all,raw_original,743,0,743,743,0,743,1.0,1.0,0.03176970598058766,-0.022804183486977332,0.1179003728221668,0.303935811177126
reused_development,2021,1,missing24,all,raw_plus2020,743,0,743,743,0,743,1.0,1.0,0.04055697067663001,-0.02585969421406708,0.14434610084956478,0.33542148113290526
reused_development,2021,1,missing24,all,normalized_original,743,0,743,743,0,743,1.0,1.0,0.03176970598058766,-0.022804183486977332,0.1179003728221668,0.303935811177126
reused_development,2021,1,missing24,all,normalized_plus2020,743,0,743,743,0,743,1.0,1.0,0.04055746407392356,-0.02586576181858342,0.14434610084956478,0.33542148113290526
reused_development,2021,1,missing24,level_ge_7m,raw_original,743,0,11,11,0,11,1.0,1.0,0.04901198481827644,-0.031141353207400243,0.12626930982315482,0.13699274102333892
reused_development,2021,1,missing24,level_ge_7m,raw_plus2020,743,0,11,11,0,11,1.0,1.0,0.060750776917055334,-0.02222066020227635,0.13718519557293887,0.14337335699494513
reused_development,2021,1,missing24,level_ge_7m,normalized_original,743,0,11,11,0,11,1.0,1.0,0.04901198481827644,-0.031141353207400243,0.12626930982315482,0.13699274102333892
reused_development,2021,1,missing24,level_ge_7m,normalized_plus2020,743,0,11,11,0,11,1.0,1.0,0.060750776917055334,-0.02222066020227635,0.13718519557293887,0.14337335699494513
reused_development,2021,2,full_schedule,all,raw_original,742,0,742,742,0,740,0.9973045822102425,0.9973045822102425,0.05086323518500803,0.015027640595867768,0.286763084604054,0.6342456973448094
reused_development,2021,2,full_schedule,all,raw_plus2020,742,0,742,742,0,738,0.9946091644204852,0.9946091644204852,0.06602053684248134,-0.047649620361683576,0.2784771152114246,0.6360702113013028
reused_development,2021,2,full_schedule,all,normalized_original,742,0,742,742,0,740,0.9973045822102425,0.9973045822102425,0.05085960733070485,0.015056847324427813,0.286763084604054,0.6342456973448094
reused_development,2021,2,full_schedule,all,normalized_plus2020,742,0,742,742,0,738,0.9946091644204852,0.9946091644204852,0.06454792469149634,-0.04536589539411121,0.27929243916128266,0.6325043366618024
reused_development,2021,2,full_schedule,level_ge_7m,raw_original,742,0,11,11,0,11,1.0,1.0,0.12540874236325428,-0.03846955704905182,0.2771507150015996,0.2849241743743667
reused_development,2021,2,full_schedule,level_ge_7m,raw_plus2020,742,0,11,11,0,11,1.0,1.0,0.11317272734001675,-0.02935985772128046,0.34101078788541633,0.36291737356460096
reused_development,2021,2,full_schedule,level_ge_7m,normalized_original,742,0,11,11,0,11,1.0,1.0,0.12540874236325428,-0.03846955704905182,0.2771507150015996,0.2849241743743667
reused_development,2021,2,full_schedule,level_ge_7m,normalized_plus2020,742,0,11,11,0,11,1.0,1.0,0.11201416560472843,-0.029155253187417397,0.336023245047912,0.3568815902946598
reused_development,2021,2,complete24,all,raw_original,0,0,0,0,0,0,,,,,,
reused_development,2021,2,complete24,all,raw_plus2020,0,0,0,0,0,0,,,,,,
reused_development,2021,2,complete24,all,normalized_original,0,0,0,0,0,0,,,,,,
reused_development,2021,2,complete24,all,normalized_plus2020,0,0,0,0,0,0,,,,,,
reused_development,2021,2,complete24,level_ge_7m,raw_original,0,0,0,0,0,0,,,,,,
reused_development,2021,2,complete24,level_ge_7m,raw_plus2020,0,0,0,0,0,0,,,,,,
reused_development,2021,2,complete24,level_ge_7m,normalized_original,0,0,0,0,0,0,,,,,,
reused_development,2021,2,complete24,level_ge_7m,normalized_plus2020,0,0,0,0,0,0,,,,,,
reused_development,2021,2,missing24,all,raw_original,742,0,742,742,0,740,0.9973045822102425,0.9973045822102425,0.05086323518500803,0.015027640595867768,0.286763084604054,0.6342456973448094
reused_development,2021,2,missing24,all,raw_plus2020,742,0,742,742,0,738,0.9946091644204852,0.9946091644204852,0.06602053684248134,-0.047649620361683576,0.2784771152114246,0.6360702113013028
reused_development,2021,2,missing24,all,normalized_original,742,0,742,742,0,740,0.9973045822102425,0.9973045822102425,0.05085960733070485,0.015056847324427813,0.286763084604054,0.6342456973448094
reused_development,2021,2,missing24,all,normalized_plus2020,742,0,742,742,0,738,0.9946091644204852,0.9946091644204852,0.06454792469149634,-0.04536589539411121,0.27929243916128266,0.6325043366618024
reused_development,2021,2,missing24,level_ge_7m,raw_original,742,0,11,11,0,11,1.0,1.0,0.12540874236325428,-0.03846955704905182,0.2771507150015996,0.2849241743743667
reused_development,2021,2,missing24,level_ge_7m,raw_plus2020,742,0,11,11,0,11,1.0,1.0,0.11317272734001675,-0.02935985772128046,0.34101078788541633,0.36291737356460096
reused_development,2021,2,missing24,level_ge_7m,normalized_original,742,0,11,11,0,11,1.0,1.0,0.12540874236325428,-0.03846955704905182,0.2771507150015996,0.2849241743743667
reused_development,2021,2,missing24,level_ge_7m,normalized_plus2020,742,0,11,11,0,11,1.0,1.0,0.11201416560472843,-0.029155253187417397,0.336023245047912,0.3568815902946598
reused_development,2021,3,full_schedule,all,raw_original,741,0,741,741,0,731,0.9865047233468286,0.9865047233468286,0.09714056357585706,0.031563220118777595,0.4747600738114355,0.8006281654894924
reused_development,2021,3,full_schedule,all,raw_plus2020,741,0,741,741,0,732,0.9878542510121457,0.9878542510121457,0.09356467592984698,-0.006715913044357383,0.44947038217983387,0.9195036920337432
reused_development,2021,3,full_schedule,all,normalized_original,741,0,741,741,0,731,0.9865047233468286,0.9865047233468286,0.09714056357585706,0.031563220118777595,0.4747600738114355,0.8006281654894924
reused_development,2021,3,full_schedule,all,normalized_plus2020,741,0,741,741,0,732,0.9878542510121457,0.9878542510121457,0.09269863596807851,-0.005605805839257989,0.4396813790779606,0.8991669704199272
reused_development,2021,3,full_schedule,level_ge_7m,raw_original,741,0,11,11,0,11,1.0,1.0,0.13676156033205047,-0.08303120504120648,0.2793396078142628,0.28106805853045014
reused_development,2021,3,full_schedule,level_ge_7m,raw_plus2020,741,0,11,11,0,11,1.0,1.0,0.20935460203355652,0.09563395194196604,0.41378756823124246,0.42153870839435115
reused_development,2021,3,full_schedule,level_ge_7m,normalized_original,741,0,11,11,0,11,1.0,1.0,0.13676156033205047,-0.08303120504120648,0.2793396078142628,0.28106805853045014
reused_development,2021,3,full_schedule,level_ge_7m,normalized_plus2020,741,0,11,11,0,11,1.0,1.0,0.2125173854478812,0.09338045678302978,0.41343798817403227,0.4214300820597119
reused_development,2021,3,complete24,all,raw_original,0,0,0,0,0,0,,,,,,
reused_development,2021,3,complete24,all,raw_plus2020,0,0,0,0,0,0,,,,,,
reused_development,2021,3,complete24,all,normalized_original,0,0,0,0,0,0,,,,,,
reused_development,2021,3,complete24,all,normalized_plus2020,0,0,0,0,0,0,,,,,,
reused_development,2021,3,complete24,level_ge_7m,raw_original,0,0,0,0,0,0,,,,,,
reused_development,2021,3,complete24,level_ge_7m,raw_plus2020,0,0,0,0,0,0,,,,,,
reused_development,2021,3,complete24,level_ge_7m,normalized_original,0,0,0,0,0,0,,,,,,
reused_development,2021,3,complete24,level_ge_7m,normalized_plus2020,0,0,0,0,0,0,,,,,,
reused_development,2021,3,missing24,all,raw_original,741,0,741,741,0,731,0.9865047233468286,0.9865047233468286,0.09714056357585706,0.031563220118777595,0.4747600738114355,0.8006281654894924
reused_development,2021,3,missing24,all,raw_plus2020,741,0,741,741,0,732,0.9878542510121457,0.9878542510121457,0.09356467592984698,-0.006715913044357383,0.44947038217983387,0.9195036920337432
reused_development,2021,3,missing24,all,normalized_original,741,0,741,741,0,731,0.9865047233468286,0.9865047233468286,0.09714056357585706,0.031563220118777595,0.4747600738114355,0.8006281654894924
reused_development,2021,3,missing24,all,normalized_plus2020,741,0,741,741,0,732,0.9878542510121457,0.9878542510121457,0.09269863596807851,-0.005605805839257989,0.4396813790779606,0.8991669704199272
reused_development,2021,3,missing24,level_ge_7m,raw_original,741,0,11,11,0,11,1.0,1.0,0.13676156033205047,-0.08303120504120648,0.2793396078142628,0.28106805853045014
reused_development,2021,3,missing24,level_ge_7m,raw_plus2020,741,0,11,11,0,11,1.0,1.0,0.20935460203355652,0.09563395194196604,0.41378756823124246,0.42153870839435115
reused_development,2021,3,missing24,level_ge_7m,normalized_original,741,0,11,11,0,11,1.0,1.0,0.13676156033205047,-0.08303120504120648,0.2793396078142628,0.28106805853045014
reused_development,2021,3,missing24,level_ge_7m,normalized_plus2020,741,0,11,11,0,11,1.0,1.0,0.2125173854478812,0.09338045678302978,0.41343798817403227,0.4214300820597119
reused_development,2021,4,full_schedule,all,raw_original,740,0,740,740,0,716,0.9675675675675676,0.9675675675675676,0.1846111187143634,0.11003037129693607,0.5697088323933436,1.028971540581634
reused_development,2021,4,full_schedule,all,raw_plus2020,740,0,740,740,0,706,0.9540540540540541,0.9540540540540541,0.13256190370048768,-0.08117127966717308,0.6783906953111419,1.126566702418031
reused_development,2021,4,full_schedule,all,normalized_original,740,0,740,740,0,715,0.9662162162162162,0.9662162162162162,0.17376049690514708,0.09632136178839132,0.5759131415152813,1.0756000014850855
reused_development,2021,4,full_schedule,all,normalized_plus2020,740,0,740,740,0,706,0.9540540540540541,0.9540540540540541,0.14149566958623988,-0.08462011152213697,0.696968897130609,1.126055912567396
reused_development,2021,4,full_schedule,level_ge_7m,raw_original,740,0,11,11,0,11,1.0,1.0,0.1763075303324659,-0.11312085093396872,0.41803847018452445,0.4563349369465932
reused_development,2021,4,full_schedule,level_ge_7m,raw_plus2020,740,0,11,11,0,9,0.8181818181818182,0.8181818181818182,0.2595591458857527,-0.09760814797487928,0.6447166009664318,0.6699216282108251
reused_development,2021,4,full_schedule,level_ge_7m,normalized_original,740,0,11,11,0,11,1.0,1.0,0.19194655872508773,-0.14649772753841653,0.45191554307444654,0.4950007472629885
reused_development,2021,4,full_schedule,level_ge_7m,normalized_plus2020,740,0,11,11,0,9,0.8181818181818182,0.8181818181818182,0.2681874729667626,-0.09509992845322333,0.6351265035024849,0.6545336007216651
reused_development,2021,4,complete24,all,raw_original,0,0,0,0,0,0,,,,,,
reused_development,2021,4,complete24,all,raw_plus2020,0,0,0,0,0,0,,,,,,
reused_development,2021,4,complete24,all,normalized_original,0,0,0,0,0,0,,,,,,
reused_development,2021,4,complete24,all,normalized_plus2020,0,0,0,0,0,0,,,,,,
reused_development,2021,4,complete24,level_ge_7m,raw_original,0,0,0,0,0,0,,,,,,
reused_development,2021,4,complete24,level_ge_7m,raw_plus2020,0,0,0,0,0,0,,,,,,
reused_development,2021,4,complete24,level_ge_7m,normalized_original,0,0,0,0,0,0,,,,,,
reused_development,2021,4,complete24,level_ge_7m,normalized_plus2020,0,0,0,0,0,0,,,,,,
reused_development,2021,4,missing24,all,raw_original,740,0,740,740,0,716,0.9675675675675676,0.9675675675675676,0.1846111187143634,0.11003037129693607,0.5697088323933436,1.028971540581634
reused_development,2021,4,missing24,all,raw_plus2020,740,0,740,740,0,706,0.9540540540540541,0.9540540540540541,0.13256190370048768,-0.08117127966717308,0.6783906953111419,1.126566702418031
reused_development,2021,4,missing24,all,normalized_original,740,0,740,740,0,715,0.9662162162162162,0.9662162162162162,0.17376049690514708,0.09632136178839132,0.5759131415152813,1.0756000014850855
reused_development,2021,4,missing24,all,normalized_plus2020,740,0,740,740,0,706,0.9540540540540541,0.9540540540540541,0.14149566958623988,-0.08462011152213697,0.696968897130609,1.126055912567396
reused_development,2021,4,missing24,level_ge_7m,raw_original,740,0,11,11,0,11,1.0,1.0,0.1763075303324659,-0.11312085093396872,0.41803847018452445,0.4563349369465932
reused_development,2021,4,missing24,level_ge_7m,raw_plus2020,740,0,11,11,0,9,0.8181818181818182,0.8181818181818182,0.2595591458857527,-0.09760814797487928,0.6447166009664318,0.6699216282108251
reused_development,2021,4,missing24,level_ge_7m,normalized_original,740,0,11,11,0,11,1.0,1.0,0.19194655872508773,-0.14649772753841653,0.45191554307444654,0.4950007472629885
reused_development,2021,4,missing24,level_ge_7m,normalized_plus2020,740,0,11,11,0,9,0.8181818181818182,0.8181818181818182,0.2681874729667626,-0.09509992845322333,0.6351265035024849,0.6545336007216651
reused_development,2021,5,full_schedule,all,raw_original,739,0,739,739,0,698,0.9445196211096076,0.9445196211096076,0.19759122551934888,0.0836932795221943,0.6989447763375953,1.3439867254330542
reused_development,2021,5,full_schedule,all,raw_plus2020,739,0,739,739,0,697,0.9431664411366711,0.9431664411366711,0.14048851794877895,0.03390821408695307,0.6507457683037887,0.9475490547718379
reused_development,2021,5,full_schedule,all,normalized_original,739,0,739,739,0,692,0.9364005412719891,0.9364005412719891,0.20780815955072823,0.09451958836893197,0.7017359694097857,1.3668913627607582
reused_development,2021,5,full_schedule,all,normalized_plus2020,739,0,739,739,0,697,0.9431664411366711,0.9431664411366711,0.1580662108809568,0.016557255195443706,0.7015310788898638,0.916097275367389
reused_development,2021,5,full_schedule,level_ge_7m,raw_original,739,0,11,11,0,9,0.8181818181818182,0.8181818181818182,0.342960289333011,-0.342960289333011,0.7297652342488102,0.748924075238186
reused_development,2021,5,full_schedule,level_ge_7m,raw_plus2020,739,0,11,11,0,11,1.0,1.0,0.19529815963183628,-0.05566463155712966,0.37114475887098825,0.3746147107116977
reused_development,2021,5,full_schedule,level_ge_7m,normalized_original,739,0,11,11,0,9,0.8181818181818182,0.8181818181818182,0.36052484750258706,-0.36052484750258706,0.7777881290942852,0.7926558611211441
reused_development,2021,5,full_schedule,level_ge_7m,normalized_plus2020,739,0,11,11,0,11,1.0,1.0,0.22057945846827104,-0.05865515229233129,0.45852678939633235,0.4684026293070458
reused_development,2021,5,complete24,all,raw_original,0,0,0,0,0,0,,,,,,
reused_development,2021,5,complete24,all,raw_plus2020,0,0,0,0,0,0,,,,,,
reused_development,2021,5,complete24,all,normalized_original,0,0,0,0,0,0,,,,,,
reused_development,2021,5,complete24,all,normalized_plus2020,0,0,0,0,0,0,,,,,,
reused_development,2021,5,complete24,level_ge_7m,raw_original,0,0,0,0,0,0,,,,,,
reused_development,2021,5,complete24,level_ge_7m,raw_plus2020,0,0,0,0,0,0,,,,,,
reused_development,2021,5,complete24,level_ge_7m,normalized_original,0,0,0,0,0,0,,,,,,
reused_development,2021,5,complete24,level_ge_7m,normalized_plus2020,0,0,0,0,0,0,,,,,,
reused_development,2021,5,missing24,all,raw_original,739,0,739,739,0,698,0.9445196211096076,0.9445196211096076,0.19759122551934888,0.0836932795221943,0.6989447763375953,1.3439867254330542
reused_development,2021,5,missing24,all,raw_plus2020,739,0,739,739,0,697,0.9431664411366711,0.9431664411366711,0.14048851794877895,0.03390821408695307,0.6507457683037887,0.9475490547718379
reused_development,2021,5,missing24,all,normalized_original,739,0,739,739,0,692,0.9364005412719891,0.9364005412719891,0.20780815955072823,0.09451958836893197,0.7017359694097857,1.3668913627607582
reused_development,2021,5,missing24,all,normalized_plus2020,739,0,739,739,0,697,0.9431664411366711,0.9431664411366711,0.1580662108809568,0.016557255195443706,0.7015310788898638,0.916097275367389
reused_development,2021,5,missing24,level_ge_7m,raw_original,739,0,11,11,0,9,0.8181818181818182,0.8181818181818182,0.342960289333011,-0.342960289333011,0.7297652342488102,0.748924075238186
reused_development,2021,5,missing24,level_ge_7m,raw_plus2020,739,0,11,11,0,11,1.0,1.0,0.19529815963183628,-0.05566463155712966,0.37114475887098825,0.3746147107116977
reused_development,2021,5,missing24,level_ge_7m,normalized_original,739,0,11,11,0,9,0.8181818181818182,0.8181818181818182,0.36052484750258706,-0.36052484750258706,0.7777881290942852,0.7926558611211441
reused_development,2021,5,missing24,level_ge_7m,normalized_plus2020,739,0,11,11,0,11,1.0,1.0,0.22057945846827104,-0.05865515229233129,0.45852678939633235,0.4684026293070458
reused_development,2021,6,full_schedule,all,raw_original,738,0,738,738,0,670,0.907859078590786,0.907859078590786,0.2781717689523117,0.18854065698105368,0.6596527584537191,1.0246188908290073
reused_development,2021,6,full_schedule,all,raw_plus2020,738,0,738,738,0,684,0.926829268292683,0.926829268292683,0.17050491091407957,0.07168369620702254,0.7074631319850455,1.0071693843931842
reused_development,2021,6,full_schedule,all,normalized_original,738,0,738,738,0,640,0.8672086720867209,0.8672086720867209,0.31938310236176193,0.24247935075162524,0.6955730257320537,1.0267839655011182
reused_development,2021,6,full_schedule,all,normalized_plus2020,738,0,738,738,0,693,0.9390243902439024,0.9390243902439024,0.1458086037540999,-0.021707724863090996,0.6980668389399224,1.0460179362189206
reused_development,2021,6,full_schedule,level_ge_7m,raw_original,738,0,11,11,0,8,0.7272727272727273,0.7272727272727273,0.3474363456431569,-0.3456660162360741,0.7424507653193309,0.7555407290239282
reused_development,2021,6,full_schedule,level_ge_7m,raw_plus2020,738,0,11,11,0,9,0.8181818181818182,0.8181818181818182,0.23491198161598945,-0.12736884636109444,0.6119422041810888,0.6274279853034797
reused_development,2021,6,full_schedule,level_ge_7m,normalized_original,738,0,11,11,0,8,0.7272727272727273,0.7272727272727273,0.3108835937814262,-0.29019519193028637,0.7049249054996127,0.7148948267553221
reused_development,2021,6,full_schedule,level_ge_7m,normalized_plus2020,738,0,11,11,0,9,0.8181818181818182,0.8181818181818182,0.24800198397380058,-0.13980374261038395,0.6053993674115582,0.6210923754392468
reused_development,2021,6,complete24,all,raw_original,0,0,0,0,0,0,,,,,,
reused_development,2021,6,complete24,all,raw_plus2020,0,0,0,0,0,0,,,,,,
reused_development,2021,6,complete24,all,normalized_original,0,0,0,0,0,0,,,,,,
reused_development,2021,6,complete24,all,normalized_plus2020,0,0,0,0,0,0,,,,,,
reused_development,2021,6,complete24,level_ge_7m,raw_original,0,0,0,0,0,0,,,,,,
reused_development,2021,6,complete24,level_ge_7m,raw_plus2020,0,0,0,0,0,0,,,,,,
reused_development,2021,6,complete24,level_ge_7m,normalized_original,0,0,0,0,0,0,,,,,,
reused_development,2021,6,complete24,level_ge_7m,normalized_plus2020,0,0,0,0,0,0,,,,,,
reused_development,2021,6,missing24,all,raw_original,738,0,738,738,0,670,0.907859078590786,0.907859078590786,0.2781717689523117,0.18854065698105368,0.6596527584537191,1.0246188908290073
reused_development,2021,6,missing24,all,raw_plus2020,738,0,738,738,0,684,0.926829268292683,0.926829268292683,0.17050491091407957,0.07168369620702254,0.7074631319850455,1.0071693843931842
reused_development,2021,6,missing24,all,normalized_original,738,0,738,738,0,640,0.8672086720867209,0.8672086720867209,0.31938310236176193,0.24247935075162524,0.6955730257320537,1.0267839655011182
reused_development,2021,6,missing24,all,normalized_plus2020,738,0,738,738,0,693,0.9390243902439024,0.9390243902439024,0.1458086037540999,-0.021707724863090996,0.6980668389399224,1.0460179362189206
reused_development,2021,6,missing24,level_ge_7m,raw_original,738,0,11,11,0,8,0.7272727272727273,0.7272727272727273,0.3474363456431569,-0.3456660162360741,0.7424507653193309,0.7555407290239282
reused_development,2021,6,missing24,level_ge_7m,raw_plus2020,738,0,11,11,0,9,0.8181818181818182,0.8181818181818182,0.23491198161598945,-0.12736884636109444,0.6119422041810888,0.6274279853034797
reused_development,2021,6,missing24,level_ge_7m,normalized_original,738,0,11,11,0,8,0.7272727272727273,0.7272727272727273,0.3108835937814262,-0.29019519193028637,0.7049249054996127,0.7148948267553221
reused_development,2021,6,missing24,level_ge_7m,normalized_plus2020,738,0,11,11,0,9,0.8181818181818182,0.8181818181818182,0.24800198397380058,-0.13980374261038395,0.6053993674115582,0.6210923754392468
reused_development,2021,7,full_schedule,all,raw_original,737,0,737,737,0,161,0.21845318860244234,0.21845318860244234,0.5918019483141733,0.5458054470232235,1.0159286834438288,1.4848286906758732
reused_development,2021,7,full_schedule,all,raw_plus2020,737,0,737,737,0,618,0.8385345997286295,0.8385345997286295,0.29719121551773137,0.19390135130846056,0.8841357299963397,1.4631952151117718
reused_development,2021,7,full_schedule,all,normalized_original,737,0,737,737,0,135,0.18317503392130258,0.18317503392130258,0.6358114548162035,0.5929754228862624,1.0605504527226375,1.4857504386933025
reused_development,2021,7,full_schedule,all,normalized_plus2020,737,0,737,737,0,618,0.8385345997286295,0.8385345997286295,0.31023021323663097,0.21732185207023688,0.8553702875429667,1.430495452634851
reused_development,2021,7,full_schedule,level_ge_7m,raw_original,737,0,11,11,0,9,0.8181818181818182,0.8181818181818182,0.37113368639617317,0.08255606797247345,0.5531362738604573,0.5563514985729388
reused_development,2021,7,full_schedule,level_ge_7m,raw_plus2020,737,0,11,11,0,5,0.45454545454545453,0.45454545454545453,0.4784116089201626,-0.17688814906071426,0.8890774222530323,0.8906062921345601
reused_development,2021,7,full_schedule,level_ge_7m,normalized_original,737,0,11,11,0,9,0.8181818181818182,0.8181818181818182,0.37215242002086435,0.07546323482451464,0.5562327864307515,0.5563050334209159
reused_development,2021,7,full_schedule,level_ge_7m,normalized_plus2020,737,0,11,11,0,7,0.6363636363636364,0.6363636363636364,0.4654082623507195,-0.16849679960766997,0.8852976087301951,0.8989373295784926
reused_development,2021,7,complete24,all,raw_original,0,0,0,0,0,0,,,,,,
reused_development,2021,7,complete24,all,raw_plus2020,0,0,0,0,0,0,,,,,,
reused_development,2021,7,complete24,all,normalized_original,0,0,0,0,0,0,,,,,,
reused_development,2021,7,complete24,all,normalized_plus2020,0,0,0,0,0,0,,,,,,
reused_development,2021,7,complete24,level_ge_7m,raw_original,0,0,0,0,0,0,,,,,,
reused_development,2021,7,complete24,level_ge_7m,raw_plus2020,0,0,0,0,0,0,,,,,,
reused_development,2021,7,complete24,level_ge_7m,normalized_original,0,0,0,0,0,0,,,,,,
reused_development,2021,7,complete24,level_ge_7m,normalized_plus2020,0,0,0,0,0,0,,,,,,
reused_development,2021,7,missing24,all,raw_original,737,0,737,737,0,161,0.21845318860244234,0.21845318860244234,0.5918019483141733,0.5458054470232235,1.0159286834438288,1.4848286906758732
reused_development,2021,7,missing24,all,raw_plus2020,737,0,737,737,0,618,0.8385345997286295,0.8385345997286295,0.29719121551773137,0.19390135130846056,0.8841357299963397,1.4631952151117718
reused_development,2021,7,missing24,all,normalized_original,737,0,737,737,0,135,0.18317503392130258,0.18317503392130258,0.6358114548162035,0.5929754228862624,1.0605504527226375,1.4857504386933025
reused_development,2021,7,missing24,all,normalized_plus2020,737,0,737,737,0,618,0.8385345997286295,0.8385345997286295,0.31023021323663097,0.21732185207023688,0.8553702875429667,1.430495452634851
reused_development,2021,7,missing24,level_ge_7m,raw_original,737,0,11,11,0,9,0.8181818181818182,0.8181818181818182,0.37113368639617317,0.08255606797247345,0.5531362738604573,0.5563514985729388
reused_development,2021,7,missing24,level_ge_7m,raw_plus2020,737,0,11,11,0,5,0.45454545454545453,0.45454545454545453,0.4784116089201626,-0.17688814906071426,0.8890774222530323,0.8906062921345601
reused_development,2021,7,missing24,level_ge_7m,normalized_original,737,0,11,11,0,9,0.8181818181818182,0.8181818181818182,0.37215242002086435,0.07546323482451464,0.5562327864307515,0.5563050334209159
reused_development,2021,7,missing24,level_ge_7m,normalized_plus2020,737,0,11,11,0,7,0.6363636363636364,0.6363636363636364,0.4654082623507195,-0.16849679960766997,0.8852976087301951,0.8989373295784926
reused_development,2021,8,full_schedule,all,raw_original,736,0,736,736,0,65,0.08831521739130435,0.08831521739130435,0.8484241435487748,0.8304357091235343,1.2874694814707994,1.663018786673602
reused_development,2021,8,full_schedule,all,raw_plus2020,736,0,736,736,0,572,0.7771739130434783,0.7771739130434783,0.35593539460290985,0.2904768742483219,0.9070716877008339,1.3370527536688988
reused_development,2021,8,full_schedule,all,normalized_original,736,0,736,736,0,66,0.08967391304347826,0.08967391304347826,0.8368048616184288,0.8185298562047372,1.2666671030549352,1.6227927373344029
reused_development,2021,8,full_schedule,all,normalized_plus2020,736,0,736,736,0,582,0.7907608695652174,0.7907608695652174,0.3506140131023804,0.2834971693118733,0.9063002665393418,1.3405139045732666
reused_development,2021,8,full_schedule,level_ge_7m,raw_original,736,0,11,11,0,4,0.36363636363636365,0.36363636363636365,0.7500184561386763,0.7500184561386763,1.262122906690466,1.2829171508189772
reused_development,2021,8,full_schedule,level_ge_7m,raw_plus2020,736,0,11,11,0,5,0.45454545454545453,0.45454545454545453,0.5676187905499476,0.14481102401518092,1.2012115195676942,1.3370527536688988
reused_development,2021,8,full_schedule,level_ge_7m,normalized_original,736,0,11,11,0,5,0.45454545454545453,0.45454545454545453,0.728337001240515,0.728337001240515,1.2467151073490856,1.2634991249001457
reused_development,2021,8,full_schedule,level_ge_7m,normalized_plus2020,736,0,11,11,0,4,0.36363636363636365,0.36363636363636365,0.5505391755715073,0.15759615512740452,1.2010564831629715,1.3405139045732666
reused_development,2021,8,complete24,all,raw_original,0,0,0,0,0,0,,,,,,
reused_development,2021,8,complete24,all,raw_plus2020,0,0,0,0,0,0,,,,,,
reused_development,2021,8,complete24,all,normalized_original,0,0,0,0,0,0,,,,,,
reused_development,2021,8,complete24,all,normalized_plus2020,0,0,0,0,0,0,,,,,,
reused_development,2021,8,complete24,level_ge_7m,raw_original,0,0,0,0,0,0,,,,,,
reused_development,2021,8,complete24,level_ge_7m,raw_plus2020,0,0,0,0,0,0,,,,,,
reused_development,2021,8,complete24,level_ge_7m,normalized_original,0,0,0,0,0,0,,,,,,
reused_development,2021,8,complete24,level_ge_7m,normalized_plus2020,0,0,0,0,0,0,,,,,,
reused_development,2021,8,missing24,all,raw_original,736,0,736,736,0,65,0.08831521739130435,0.08831521739130435,0.8484241435487748,0.8304357091235343,1.2874694814707994,1.663018786673602
reused_development,2021,8,missing24,all,raw_plus2020,736,0,736,736,0,572,0.7771739130434783,0.7771739130434783,0.35593539460290985,0.2904768742483219,0.9070716877008339,1.3370527536688988
reused_development,2021,8,missing24,all,normalized_original,736,0,736,736,0,66,0.08967391304347826,0.08967391304347826,0.8368048616184288,0.8185298562047372,1.2666671030549352,1.6227927373344029
reused_development,2021,8,missing24,all,normalized_plus2020,736,0,736,736,0,582,0.7907608695652174,0.7907608695652174,0.3506140131023804,0.2834971693118733,0.9063002665393418,1.3405139045732666
reused_development,2021,8,missing24,level_ge_7m,raw_original,736,0,11,11,0,4,0.36363636363636365,0.36363636363636365,0.7500184561386763,0.7500184561386763,1.262122906690466,1.2829171508189772
reused_development,2021,8,missing24,level_ge_7m,raw_plus2020,736,0,11,11,0,5,0.45454545454545453,0.45454545454545453,0.5676187905499476,0.14481102401518092,1.2012115195676942,1.3370527536688988
reused_development,2021,8,missing24,level_ge_7m,normalized_original,736,0,11,11,0,5,0.45454545454545453,0.45454545454545453,0.728337001240515,0.728337001240515,1.2467151073490856,1.2634991249001457
reused_development,2021,8,missing24,level_ge_7m,normalized_plus2020,736,0,11,11,0,4,0.36363636363636365,0.36363636363636365,0.5505391755715073,0.15759615512740452,1.2010564831629715,1.3405139045732666
reused_development,2021,9,full_schedule,all,raw_original,735,0,735,735,0,39,0.053061224489795916,0.053061224489795916,1.0429328314503483,1.0269430916996758,1.475819540912229,1.88185234036969
reused_development,2021,9,full_schedule,all,raw_plus2020,735,0,735,735,0,489,0.6653061224489796,0.6653061224489796,0.4343485068213258,0.3880193461559392,1.0274752114196772,1.2622506102099593
reused_development,2021,9,full_schedule,all,normalized_original,735,0,735,735,0,46,0.06258503401360545,0.06258503401360545,1.0165667055146137,1.0008314962796956,1.4284067343911302,1.878431205657436
reused_development,2021,9,full_schedule,all,normalized_plus2020,735,0,735,735,0,507,0.689795918367347,0.689795918367347,0.41235350002377164,0.36264978919099294,1.0291336991526387,1.2367962151443583
reused_development,2021,9,full_schedule,level_ge_7m,raw_original,735,0,11,11,0,3,0.2727272727272727,0.2727272727272727,0.937873905262821,0.937873905262821,1.490177368549778,1.496698329321184
reused_development,2021,9,full_schedule,level_ge_7m,raw_plus2020,735,0,11,11,0,7,0.6363636363636364,0.6363636363636364,0.40391613419905764,0.34408506976646697,1.0515281733736166,1.058424163771062
reused_development,2021,9,full_schedule,level_ge_7m,normalized_original,735,0,11,11,0,3,0.2727272727272727,0.2727272727272727,0.9087703116381629,0.9087703116381629,1.4387769297210684,1.4393388362828592
reused_development,2021,9,full_schedule,level_ge_7m,normalized_plus2020,735,0,11,11,0,7,0.6363636363636364,0.6363636363636364,0.3692405200243911,0.3139444504042698,1.001138801156131,1.0156912762111743
reused_development,2021,9,complete24,all,raw_original,0,0,0,0,0,0,,,,,,
reused_development,2021,9,complete24,all,raw_plus2020,0,0,0,0,0,0,,,,,,
reused_development,2021,9,complete24,all,normalized_original,0,0,0,0,0,0,,,,,,
reused_development,2021,9,complete24,all,normalized_plus2020,0,0,0,0,0,0,,,,,,
reused_development,2021,9,complete24,level_ge_7m,raw_original,0,0,0,0,0,0,,,,,,
reused_development,2021,9,complete24,level_ge_7m,raw_plus2020,0,0,0,0,0,0,,,,,,
reused_development,2021,9,complete24,level_ge_7m,normalized_original,0,0,0,0,0,0,,,,,,
reused_development,2021,9,complete24,level_ge_7m,normalized_plus2020,0,0,0,0,0,0,,,,,,
reused_development,2021,9,missing24,all,raw_original,735,0,735,735,0,39,0.053061224489795916,0.053061224489795916,1.0429328314503483,1.0269430916996758,1.475819540912229,1.88185234036969
reused_development,2021,9,missing24,all,raw_plus2020,735,0,735,735,0,489,0.6653061224489796,0.6653061224489796,0.4343485068213258,0.3880193461559392,1.0274752114196772,1.2622506102099593
reused_development,2021,9,missing24,all,normalized_original,735,0,735,735,0,46,0.06258503401360545,0.06258503401360545,1.0165667055146137,1.0008314962796956,1.4284067343911302,1.878431205657436
reused_development,2021,9,missing24,all,normalized_plus2020,735,0,735,735,0,507,0.689795918367347,0.689795918367347,0.41235350002377164,0.36264978919099294,1.0291336991526387,1.2367962151443583
reused_development,2021,9,missing24,level_ge_7m,raw_original,735,0,11,11,0,3,0.2727272727272727,0.2727272727272727,0.937873905262821,0.937873905262821,1.490177368549778,1.496698329321184
reused_development,2021,9,missing24,level_ge_7m,raw_plus2020,735,0,11,11,0,7,0.6363636363636364,0.6363636363636364,0.40391613419905764,0.34408506976646697,1.0515281733736166,1.058424163771062
reused_development,2021,9,missing24,level_ge_7m,normalized_original,735,0,11,11,0,3,0.2727272727272727,0.2727272727272727,0.9087703116381629,0.9087703116381629,1.4387769297210684,1.4393388362828592
reused_development,2021,9,missing24,level_ge_7m,normalized_plus2020,735,0,11,11,0,7,0.6363636363636364,0.6363636363636364,0.3692405200243911,0.3139444504042698,1.001138801156131,1.0156912762111743
reused_development,2021,10,full_schedule,all,raw_original,734,0,734,734,0,96,0.1307901907356948,0.1307901907356948,0.7542057590424747,0.7403361305579323,1.2382733779975756,1.8401386260440837
reused_development,2021,10,full_schedule,all,raw_plus2020,734,0,734,734,0,667,0.9087193460490464,0.9087193460490464,0.22978304095773108,0.11137708863809376,0.9257193106477171,2.4856108408882696
reused_development,2021,10,full_schedule,all,normalized_original,734,0,734,734,0,107,0.14577656675749318,0.14577656675749318,0.7306386474159897,0.7150832401181721,1.205431969744639,1.8123633123382303
reused_development,2021,10,full_schedule,all,normalized_plus2020,734,0,734,734,0,666,0.9073569482288828,0.9073569482288828,0.2286794346369912,0.10680551039750358,0.9228655612148021,2.4792369499403604
reused_development,2021,10,full_schedule,level_ge_7m,raw_original,734,0,11,11,0,3,0.2727272727272727,0.2727272727272727,0.7420378589461959,0.7420378589461959,1.1018665634583,1.1121534604741887
reused_development,2021,10,full_schedule,level_ge_7m,raw_plus2020,734,0,11,11,0,10,0.9090909090909091,0.9090909090909091,0.2797350293934517,0.01763408392384709,0.513828886256601,0.5175395602076476
reused_development,2021,10,full_schedule,level_ge_7m,normalized_original,734,0,11,11,0,3,0.2727272727272727,0.2727272727272727,0.7071166216799617,0.7071166216799617,1.087819177338736,1.0982324640148642
reused_development,2021,10,full_schedule,level_ge_7m,normalized_plus2020,734,0,11,11,0,9,0.8181818181818182,0.8181818181818182,0.2760584719058265,-0.008706083638807094,0.535317069101478,0.5368974313626698
reused_development,2021,10,complete24,all,raw_original,0,0,0,0,0,0,,,,,,
reused_development,2021,10,complete24,all,raw_plus2020,0,0,0,0,0,0,,,,,,
reused_development,2021,10,complete24,all,normalized_original,0,0,0,0,0,0,,,,,,
reused_development,2021,10,complete24,all,normalized_plus2020,0,0,0,0,0,0,,,,,,
reused_development,2021,10,complete24,level_ge_7m,raw_original,0,0,0,0,0,0,,,,,,
reused_development,2021,10,complete24,level_ge_7m,raw_plus2020,0,0,0,0,0,0,,,,,,
reused_development,2021,10,complete24,level_ge_7m,normalized_original,0,0,0,0,0,0,,,,,,
reused_development,2021,10,complete24,level_ge_7m,normalized_plus2020,0,0,0,0,0,0,,,,,,
reused_development,2021,10,missing24,all,raw_original,734,0,734,734,0,96,0.1307901907356948,0.1307901907356948,0.7542057590424747,0.7403361305579323,1.2382733779975756,1.8401386260440837
reused_development,2021,10,missing24,all,raw_plus2020,734,0,734,734,0,667,0.9087193460490464,0.9087193460490464,0.22978304095773108,0.11137708863809376,0.9257193106477171,2.4856108408882696
reused_development,2021,10,missing24,all,normalized_original,734,0,734,734,0,107,0.14577656675749318,0.14577656675749318,0.7306386474159897,0.7150832401181721,1.205431969744639,1.8123633123382303
reused_development,2021,10,missing24,all,normalized_plus2020,734,0,734,734,0,666,0.9073569482288828,0.9073569482288828,0.2286794346369912,0.10680551039750358,0.9228655612148021,2.4792369499403604
reused_development,2021,10,missing24,level_ge_7m,raw_original,734,0,11,11,0,3,0.2727272727272727,0.2727272727272727,0.7420378589461959,0.7420378589461959,1.1018665634583,1.1121534604741887
reused_development,2021,10,missing24,level_ge_7m,raw_plus2020,734,0,11,11,0,10,0.9090909090909091,0.9090909090909091,0.2797350293934517,0.01763408392384709,0.513828886256601,0.5175395602076476
reused_development,2021,10,missing24,level_ge_7m,normalized_original,734,0,11,11,0,3,0.2727272727272727,0.2727272727272727,0.7071166216799617,0.7071166216799617,1.087819177338736,1.0982324640148642
reused_development,2021,10,missing24,level_ge_7m,normalized_plus2020,734,0,11,11,0,9,0.8181818181818182,0.8181818181818182,0.2760584719058265,-0.008706083638807094,0.535317069101478,0.5368974313626698
reused_development,2021,11,full_schedule,all,raw_original,733,0,733,733,0,553,0.7544338335607094,0.7544338335607094,0.3804315387346641,0.33231444024795603,0.9130328459721082,1.5329437114376967
reused_development,2021,11,full_schedule,all,raw_plus2020,733,0,733,733,0,657,0.8963165075034106,0.8963165075034106,0.2265420759488273,0.08619595421155053,0.9701380292085553,2.4367218893824427
reused_development,2021,11,full_schedule,all,normalized_original,733,0,733,733,0,549,0.7489768076398363,0.7489768076398363,0.3844212639648982,0.33712397879194766,0.9079671595764351,1.5615038605243985
reused_development,2021,11,full_schedule,all,normalized_plus2020,733,0,733,733,0,643,0.8772169167803547,0.8772169167803547,0.2951762525636981,0.21106352870688966,0.9743685445760687,2.5243866628274323
reused_development,2021,11,full_schedule,level_ge_7m,raw_original,733,0,11,11,0,3,0.2727272727272727,0.2727272727272727,0.5904562945587747,0.5904562945587747,0.8239770384670608,0.8278408208679364
reused_development,2021,11,full_schedule,level_ge_7m,raw_plus2020,733,0,11,11,0,9,0.8181818181818182,0.8181818181818182,0.29562798827660886,0.23510005423012642,0.6360304340447457,0.6516164283623382
reused_development,2021,11,full_schedule,level_ge_7m,normalized_original,733,0,11,11,0,3,0.2727272727272727,0.2727272727272727,0.5979896477731438,0.5979896477731438,0.8415625404449266,0.8454263189865605
reused_development,2021,11,full_schedule,level_ge_7m,normalized_plus2020,733,0,11,11,0,10,0.9090909090909091,0.9090909090909091,0.3472835456360049,0.3014214237534237,0.5883696193147061,0.6154548745978747
reused_development,2021,11,complete24,all,raw_original,0,0,0,0,0,0,,,,,,
reused_development,2021,11,complete24,all,raw_plus2020,0,0,0,0,0,0,,,,,,
reused_development,2021,11,complete24,all,normalized_original,0,0,0,0,0,0,,,,,,
reused_development,2021,11,complete24,all,normalized_plus2020,0,0,0,0,0,0,,,,,,
reused_development,2021,11,complete24,level_ge_7m,raw_original,0,0,0,0,0,0,,,,,,
reused_development,2021,11,complete24,level_ge_7m,raw_plus2020,0,0,0,0,0,0,,,,,,
reused_development,2021,11,complete24,level_ge_7m,normalized_original,0,0,0,0,0,0,,,,,,
reused_development,2021,11,complete24,level_ge_7m,normalized_plus2020,0,0,0,0,0,0,,,,,,
reused_development,2021,11,missing24,all,raw_original,733,0,733,733,0,553,0.7544338335607094,0.7544338335607094,0.3804315387346641,0.33231444024795603,0.9130328459721082,1.5329437114376967
reused_development,2021,11,missing24,all,raw_plus2020,733,0,733,733,0,657,0.8963165075034106,0.8963165075034106,0.2265420759488273,0.08619595421155053,0.9701380292085553,2.4367218893824427
reused_development,2021,11,missing24,all,normalized_original,733,0,733,733,0,549,0.7489768076398363,0.7489768076398363,0.3844212639648982,0.33712397879194766,0.9079671595764351,1.5615038605243985
reused_development,2021,11,missing24,all,normalized_plus2020,733,0,733,733,0,643,0.8772169167803547,0.8772169167803547,0.2951762525636981,0.21106352870688966,0.9743685445760687,2.5243866628274323
reused_development,2021,11,missing24,level_ge_7m,raw_original,733,0,11,11,0,3,0.2727272727272727,0.2727272727272727,0.5904562945587747,0.5904562945587747,0.8239770384670608,0.8278408208679364
reused_development,2021,11,missing24,level_ge_7m,raw_plus2020,733,0,11,11,0,9,0.8181818181818182,0.8181818181818182,0.29562798827660886,0.23510005423012642,0.6360304340447457,0.6516164283623382
reused_development,2021,11,missing24,level_ge_7m,normalized_original,733,0,11,11,0,3,0.2727272727272727,0.2727272727272727,0.5979896477731438,0.5979896477731438,0.8415625404449266,0.8454263189865605
reused_development,2021,11,missing24,level_ge_7m,normalized_plus2020,733,0,11,11,0,10,0.9090909090909091,0.9090909090909091,0.3472835456360049,0.3014214237534237,0.5883696193147061,0.6154548745978747
reused_development,2021,12,full_schedule,all,raw_original,732,0,732,732,0,484,0.6612021857923497,0.6612021857923497,0.4654291817772607,0.4329966007960689,1.0971342778234268,1.907365258669126
reused_development,2021,12,full_schedule,all,raw_plus2020,732,0,732,732,0,636,0.8688524590163934,0.8688524590163934,0.27905086601170187,0.00878207740026739,1.0603734037304995,2.5290678946117358
reused_development,2021,12,full_schedule,all,normalized_original,732,0,732,732,0,483,0.6598360655737705,0.6598360655737705,0.46753580027353836,0.43495904880490915,1.0967232650444583,1.8990546000856843
reused_development,2021,12,full_schedule,all,normalized_plus2020,732,0,732,732,0,629,0.8592896174863388,0.8592896174863388,0.284593318474382,0.07943567156101956,1.214255788129747,2.563844335010048
reused_development,2021,12,full_schedule,level_ge_7m,raw_original,732,0,11,11,0,6,0.5454545454545454,0.5454545454545454,0.4619525119497453,0.4619525119497453,0.7452415885824204,0.7455550653395893
reused_development,2021,12,full_schedule,level_ge_7m,raw_plus2020,732,0,11,11,0,10,0.9090909090909091,0.9090909090909091,0.26485987361598334,-0.17411485600483775,0.5641501697728252,0.6156729849910185
reused_development,2021,12,full_schedule,level_ge_7m,normalized_original,732,0,11,11,0,6,0.5454545454545454,0.5454545454545454,0.44192774385775074,0.44022185905250893,0.7392046909257554,0.7414578421924993
reused_development,2021,12,full_schedule,level_ge_7m,normalized_plus2020,732,0,11,11,0,11,1.0,1.0,0.1674138630395903,0.05800150653463554,0.46070900699370015,0.462490380439573
reused_development,2021,12,complete24,all,raw_original,0,0,0,0,0,0,,,,,,
reused_development,2021,12,complete24,all,raw_plus2020,0,0,0,0,0,0,,,,,,
reused_development,2021,12,complete24,all,normalized_original,0,0,0,0,0,0,,,,,,
reused_development,2021,12,complete24,all,normalized_plus2020,0,0,0,0,0,0,,,,,,
reused_development,2021,12,complete24,level_ge_7m,raw_original,0,0,0,0,0,0,,,,,,
reused_development,2021,12,complete24,level_ge_7m,raw_plus2020,0,0,0,0,0,0,,,,,,
reused_development,2021,12,complete24,level_ge_7m,normalized_original,0,0,0,0,0,0,,,,,,
reused_development,2021,12,complete24,level_ge_7m,normalized_plus2020,0,0,0,0,0,0,,,,,,
reused_development,2021,12,missing24,all,raw_original,732,0,732,732,0,484,0.6612021857923497,0.6612021857923497,0.4654291817772607,0.4329966007960689,1.0971342778234268,1.907365258669126
reused_development,2021,12,missing24,all,raw_plus2020,732,0,732,732,0,636,0.8688524590163934,0.8688524590163934,0.27905086601170187,0.00878207740026739,1.0603734037304995,2.5290678946117358
reused_development,2021,12,missing24,all,normalized_original,732,0,732,732,0,483,0.6598360655737705,0.6598360655737705,0.46753580027353836,0.43495904880490915,1.0967232650444583,1.8990546000856843
reused_development,2021,12,missing24,all,normalized_plus2020,732,0,732,732,0,629,0.8592896174863388,0.8592896174863388,0.284593318474382,0.07943567156101956,1.214255788129747,2.563844335010048
reused_development,2021,12,missing24,level_ge_7m,raw_original,732,0,11,11,0,6,0.5454545454545454,0.5454545454545454,0.4619525119497453,0.4619525119497453,0.7452415885824204,0.7455550653395893
reused_development,2021,12,missing24,level_ge_7m,raw_plus2020,732,0,11,11,0,10,0.9090909090909091,0.9090909090909091,0.26485987361598334,-0.17411485600483775,0.5641501697728252,0.6156729849910185
reused_development,2021,12,missing24,level_ge_7m,normalized_original,732,0,11,11,0,6,0.5454545454545454,0.5454545454545454,0.44192774385775074,0.44022185905250893,0.7392046909257554,0.7414578421924993
reused_development,2021,12,missing24,level_ge_7m,normalized_plus2020,732,0,11,11,0,11,1.0,1.0,0.1674138630395903,0.05800150653463554,0.46070900699370015,0.462490380439573
reused_development,2022,1,full_schedule,all,raw_original,1463,1,1462,1457,5,1450,0.9951956074124915,0.9917920656634747,0.04040695238373559,-0.01827991071694241,0.18347711053734436,1.1085347330164899
reused_development,2022,1,full_schedule,all,raw_plus2020,1463,1,1462,1457,5,1455,0.9986273164035689,0.9952120383036935,0.0423703058582959,-0.02211926142167111,0.17687428807629954,0.9829393638563504
reused_development,2022,1,full_schedule,all,normalized_original,1463,1,1462,1457,5,1450,0.9951956074124915,0.9917920656634747,0.04040695238373559,-0.01827991071694241,0.18347711053734436,1.1085347330164899
reused_development,2022,1,full_schedule,all,normalized_plus2020,1463,1,1462,1457,5,1455,0.9986273164035689,0.9952120383036935,0.0423703058582959,-0.02211926142167111,0.17687428807629954,0.9829393638563504
reused_development,2022,1,full_schedule,level_ge_7m,raw_original,1463,1,312,311,1,307,0.9871382636655949,0.9839743589743589,0.07390721381285606,-0.02357300519146435,0.30297321859755305,1.1085347330164899
reused_development,2022,1,full_schedule,level_ge_7m,raw_plus2020,1463,1,312,311,1,310,0.9967845659163987,0.9935897435897436,0.06519232319209195,-0.024054487422259938,0.22204319645721735,0.9829393638563504
reused_development,2022,1,full_schedule,level_ge_7m,normalized_original,1463,1,312,311,1,307,0.9871382636655949,0.9839743589743589,0.07390721381285606,-0.02357300519146435,0.30297321859755305,1.1085347330164899
reused_development,2022,1,full_schedule,level_ge_7m,normalized_plus2020,1463,1,312,311,1,310,0.9967845659163987,0.9935897435897436,0.06519232319209195,-0.024054487422259938,0.22204319645721735,0.9829393638563504
reused_development,2022,1,complete24,all,raw_original,0,0,0,0,0,0,,,,,,
reused_development,2022,1,complete24,all,raw_plus2020,0,0,0,0,0,0,,,,,,
reused_development,2022,1,complete24,all,normalized_original,0,0,0,0,0,0,,,,,,
reused_development,2022,1,complete24,all,normalized_plus2020,0,0,0,0,0,0,,,,,,
reused_development,2022,1,complete24,level_ge_7m,raw_original,0,0,0,0,0,0,,,,,,
reused_development,2022,1,complete24,level_ge_7m,raw_plus2020,0,0,0,0,0,0,,,,,,
reused_development,2022,1,complete24,level_ge_7m,normalized_original,0,0,0,0,0,0,,,,,,
reused_development,2022,1,complete24,level_ge_7m,normalized_plus2020,0,0,0,0,0,0,,,,,,
reused_development,2022,1,missing24,all,raw_original,1463,1,1462,1457,5,1450,0.9951956074124915,0.9917920656634747,0.04040695238373559,-0.01827991071694241,0.18347711053734436,1.1085347330164899
reused_development,2022,1,missing24,all,raw_plus2020,1463,1,1462,1457,5,1455,0.9986273164035689,0.9952120383036935,0.0423703058582959,-0.02211926142167111,0.17687428807629954,0.9829393638563504
reused_development,2022,1,missing24,all,normalized_original,1463,1,1462,1457,5,1450,0.9951956074124915,0.9917920656634747,0.04040695238373559,-0.01827991071694241,0.18347711053734436,1.1085347330164899
reused_development,2022,1,missing24,all,normalized_plus2020,1463,1,1462,1457,5,1455,0.9986273164035689,0.9952120383036935,0.0423703058582959,-0.02211926142167111,0.17687428807629954,0.9829393638563504
reused_development,2022,1,missing24,level_ge_7m,raw_original,1463,1,312,311,1,307,0.9871382636655949,0.9839743589743589,0.07390721381285606,-0.02357300519146435,0.30297321859755305,1.1085347330164899
reused_development,2022,1,missing24,level_ge_7m,raw_plus2020,1463,1,312,311,1,310,0.9967845659163987,0.9935897435897436,0.06519232319209195,-0.024054487422259938,0.22204319645721735,0.9829393638563504
reused_development,2022,1,missing24,level_ge_7m,normalized_original,1463,1,312,311,1,307,0.9871382636655949,0.9839743589743589,0.07390721381285606,-0.02357300519146435,0.30297321859755305,1.1085347330164899
reused_development,2022,1,missing24,level_ge_7m,normalized_plus2020,1463,1,312,311,1,310,0.9967845659163987,0.9935897435897436,0.06519232319209195,-0.024054487422259938,0.22204319645721735,0.9829393638563504
reused_development,2022,2,full_schedule,all,raw_original,1462,1,1461,1456,5,1431,0.9828296703296703,0.9794661190965093,0.07509746978457625,-0.019165813885349894,0.4676377995357118,1.8686908227421828
reused_development,2022,2,full_schedule,all,raw_plus2020,1462,1,1461,1456,5,1434,0.9848901098901099,0.9815195071868583,0.0906129521088555,-0.05116981826792836,0.45185568541827587,1.713055091769598
reused_development,2022,2,full_schedule,all,normalized_original,1462,1,1461,1456,5,1431,0.9828296703296703,0.9794661190965093,0.07509449294493455,-0.019150929687141407,0.4676377995357118,1.8686908227421828
reused_development,2022,2,full_schedule,all,normalized_plus2020,1462,1,1461,1456,5,1434,0.9848901098901099,0.9815195071868583,0.0907097255653258,-0.051301897840703284,0.45223673450172597,1.7126903578207058
reused_development,2022,2,full_schedule,level_ge_7m,raw_original,1462,1,312,311,1,294,0.9453376205787781,0.9423076923076923,0.1699285572091213,-0.053817412730196475,1.1296415329546505,1.8686908227421828
reused_development,2022,2,full_schedule,level_ge_7m,raw_plus2020,1462,1,312,311,1,299,0.9614147909967846,0.9583333333333334,0.15988128587278067,-0.07543771512310682,0.729348979692313,1.713055091769598
reused_development,2022,2,full_schedule,level_ge_7m,normalized_original,1462,1,312,311,1,294,0.9453376205787781,0.9423076923076923,0.1699285572091213,-0.053817412730196475,1.1296415329546505,1.8686908227421828
reused_development,2022,2,full_schedule,level_ge_7m,normalized_plus2020,1462,1,312,311,1,299,0.9614147909967846,0.9583333333333334,0.15982658553681794,-0.07553940910505567,0.7324569461938224,1.7126903578207058
reused_development,2022,2,complete24,all,raw_original,0,0,0,0,0,0,,,,,,
reused_development,2022,2,complete24,all,raw_plus2020,0,0,0,0,0,0,,,,,,
reused_development,2022,2,complete24,all,normalized_original,0,0,0,0,0,0,,,,,,
reused_development,2022,2,complete24,all,normalized_plus2020,0,0,0,0,0,0,,,,,,
reused_development,2022,2,complete24,level_ge_7m,raw_original,0,0,0,0,0,0,,,,,,
reused_development,2022,2,complete24,level_ge_7m,raw_plus2020,0,0,0,0,0,0,,,,,,
reused_development,2022,2,complete24,level_ge_7m,normalized_original,0,0,0,0,0,0,,,,,,
reused_development,2022,2,complete24,level_ge_7m,normalized_plus2020,0,0,0,0,0,0,,,,,,
reused_development,2022,2,missing24,all,raw_original,1462,1,1461,1456,5,1431,0.9828296703296703,0.9794661190965093,0.07509746978457625,-0.019165813885349894,0.4676377995357118,1.8686908227421828
reused_development,2022,2,missing24,all,raw_plus2020,1462,1,1461,1456,5,1434,0.9848901098901099,0.9815195071868583,0.0906129521088555,-0.05116981826792836,0.45185568541827587,1.713055091769598
reused_development,2022,2,missing24,all,normalized_original,1462,1,1461,1456,5,1431,0.9828296703296703,0.9794661190965093,0.07509449294493455,-0.019150929687141407,0.4676377995357118,1.8686908227421828
reused_development,2022,2,missing24,all,normalized_plus2020,1462,1,1461,1456,5,1434,0.9848901098901099,0.9815195071868583,0.0907097255653258,-0.051301897840703284,0.45223673450172597,1.7126903578207058
reused_development,2022,2,missing24,level_ge_7m,raw_original,1462,1,312,311,1,294,0.9453376205787781,0.9423076923076923,0.1699285572091213,-0.053817412730196475,1.1296415329546505,1.8686908227421828
reused_development,2022,2,missing24,level_ge_7m,raw_plus2020,1462,1,312,311,1,299,0.9614147909967846,0.9583333333333334,0.15988128587278067,-0.07543771512310682,0.729348979692313,1.713055091769598
reused_development,2022,2,missing24,level_ge_7m,normalized_original,1462,1,312,311,1,294,0.9453376205787781,0.9423076923076923,0.1699285572091213,-0.053817412730196475,1.1296415329546505,1.8686908227421828
reused_development,2022,2,missing24,level_ge_7m,normalized_plus2020,1462,1,312,311,1,299,0.9614147909967846,0.9583333333333334,0.15982658553681794,-0.07553940910505567,0.7324569461938224,1.7126903578207058
reused_development,2022,3,full_schedule,all,raw_original,1461,1,1460,1455,5,1410,0.9690721649484536,0.9657534246575342,0.11212745407617408,-0.02250751149147289,0.770029139743159,2.702134633656705
reused_development,2022,3,full_schedule,all,raw_plus2020,1461,1,1460,1455,5,1411,0.9697594501718213,0.9664383561643836,0.10494824269269676,-0.0143367613816236,0.6406557541684411,1.9927776152259398
reused_development,2022,3,full_schedule,all,normalized_original,1461,1,1460,1455,5,1410,0.9690721649484536,0.9657534246575342,0.11212745407617408,-0.02250751149147289,0.770029139743159,2.702134633656705
reused_development,2022,3,full_schedule,all,normalized_plus2020,1461,1,1460,1455,5,1412,0.970446735395189,0.9671232876712329,0.1047907038655064,-0.018896544391995576,0.6385252758727147,2.008881240370121
reused_development,2022,3,full_schedule,level_ge_7m,raw_original,1461,1,312,311,1,279,0.8971061093247589,0.8942307692307693,0.26488767288922893,-0.10419542046977451,1.822409642986264,2.702134633656705
reused_development,2022,3,full_schedule,level_ge_7m,raw_plus2020,1461,1,312,311,1,282,0.9067524115755627,0.9038461538461539,0.22059570678301965,0.02105936878533629,1.1037024166539808,1.9927776152259398
reused_development,2022,3,full_schedule,level_ge_7m,normalized_original,1461,1,312,311,1,279,0.8971061093247589,0.8942307692307693,0.26488767288922893,-0.10419542046977451,1.822409642986264,2.702134633656705
reused_development,2022,3,full_schedule,level_ge_7m,normalized_plus2020,1461,1,312,311,1,282,0.9067524115755627,0.9038461538461539,0.22069889214255708,0.01143119457793592,1.1113949949355972,2.008881240370121
reused_development,2022,3,complete24,all,raw_original,0,0,0,0,0,0,,,,,,
reused_development,2022,3,complete24,all,raw_plus2020,0,0,0,0,0,0,,,,,,
reused_development,2022,3,complete24,all,normalized_original,0,0,0,0,0,0,,,,,,
reused_development,2022,3,complete24,all,normalized_plus2020,0,0,0,0,0,0,,,,,,
reused_development,2022,3,complete24,level_ge_7m,raw_original,0,0,0,0,0,0,,,,,,
reused_development,2022,3,complete24,level_ge_7m,raw_plus2020,0,0,0,0,0,0,,,,,,
reused_development,2022,3,complete24,level_ge_7m,normalized_original,0,0,0,0,0,0,,,,,,
reused_development,2022,3,complete24,level_ge_7m,normalized_plus2020,0,0,0,0,0,0,,,,,,
reused_development,2022,3,missing24,all,raw_original,1461,1,1460,1455,5,1410,0.9690721649484536,0.9657534246575342,0.11212745407617408,-0.02250751149147289,0.770029139743159,2.702134633656705
reused_development,2022,3,missing24,all,raw_plus2020,1461,1,1460,1455,5,1411,0.9697594501718213,0.9664383561643836,0.10494824269269676,-0.0143367613816236,0.6406557541684411,1.9927776152259398
reused_development,2022,3,missing24,all,normalized_original,1461,1,1460,1455,5,1410,0.9690721649484536,0.9657534246575342,0.11212745407617408,-0.02250751149147289,0.770029139743159,2.702134633656705
reused_development,2022,3,missing24,all,normalized_plus2020,1461,1,1460,1455,5,1412,0.970446735395189,0.9671232876712329,0.1047907038655064,-0.018896544391995576,0.6385252758727147,2.008881240370121
reused_development,2022,3,missing24,level_ge_7m,raw_original,1461,1,312,311,1,279,0.8971061093247589,0.8942307692307693,0.26488767288922893,-0.10419542046977451,1.822409642986264,2.702134633656705
reused_development,2022,3,missing24,level_ge_7m,raw_plus2020,1461,1,312,311,1,282,0.9067524115755627,0.9038461538461539,0.22059570678301965,0.02105936878533629,1.1037024166539808,1.9927776152259398
reused_development,2022,3,missing24,level_ge_7m,normalized_original,1461,1,312,311,1,279,0.8971061093247589,0.8942307692307693,0.26488767288922893,-0.10419542046977451,1.822409642986264,2.702134633656705
reused_development,2022,3,missing24,level_ge_7m,normalized_plus2020,1461,1,312,311,1,282,0.9067524115755627,0.9038461538461539,0.22069889214255708,0.01143119457793592,1.1113949949355972,2.008881240370121
reused_development,2022,4,full_schedule,all,raw_original,1460,1,1459,1454,5,1367,0.9401650618982118,0.9369431117203564,0.16801566691623285,-0.03712610920704541,1.2021928011068013,3.326192234671896
reused_development,2022,4,full_schedule,all,raw_plus2020,1460,1,1459,1454,5,1387,0.953920220082531,0.9506511309115833,0.13672158135152954,-0.053997428575073614,0.8347826261530751,1.8879659130243205
reused_development,2022,4,full_schedule,all,normalized_original,1460,1,1459,1454,5,1364,0.938101788170564,0.9348869088416724,0.16345336636667374,-0.05485040350090533,1.2904090855271024,3.4023469239867
reused_development,2022,4,full_schedule,all,normalized_plus2020,1460,1,1459,1454,5,1385,0.952544704264099,0.9492803289924606,0.13823084634850444,-0.05326887878269217,0.8565476742101985,1.864362775581144
reused_development,2022,4,full_schedule,level_ge_7m,raw_original,1460,1,312,311,1,256,0.8231511254019293,0.8205128205128205,0.3881649904969358,-0.18714696515412818,2.5364377056133693,3.326192234671896
reused_development,2022,4,full_schedule,level_ge_7m,raw_plus2020,1460,1,312,311,1,272,0.8745980707395499,0.8717948717948718,0.2648526972535258,-0.07935223235046683,1.2955146302588667,1.8879659130243205
reused_development,2022,4,full_schedule,level_ge_7m,normalized_original,1460,1,312,311,1,255,0.819935691318328,0.8173076923076923,0.3972462539935671,-0.21277330507041914,2.6090915344190897,3.4023469239867
reused_development,2022,4,full_schedule,level_ge_7m,normalized_plus2020,1460,1,312,311,1,272,0.8745980707395499,0.8717948717948718,0.2664779794630235,-0.06935515817713966,1.3148741317191774,1.864362775581144
reused_development,2022,4,complete24,all,raw_original,0,0,0,0,0,0,,,,,,
reused_development,2022,4,complete24,all,raw_plus2020,0,0,0,0,0,0,,,,,,
reused_development,2022,4,complete24,all,normalized_original,0,0,0,0,0,0,,,,,,
reused_development,2022,4,complete24,all,normalized_plus2020,0,0,0,0,0,0,,,,,,
reused_development,2022,4,complete24,level_ge_7m,raw_original,0,0,0,0,0,0,,,,,,
reused_development,2022,4,complete24,level_ge_7m,raw_plus2020,0,0,0,0,0,0,,,,,,
reused_development,2022,4,complete24,level_ge_7m,normalized_original,0,0,0,0,0,0,,,,,,
reused_development,2022,4,complete24,level_ge_7m,normalized_plus2020,0,0,0,0,0,0,,,,,,
reused_development,2022,4,missing24,all,raw_original,1460,1,1459,1454,5,1367,0.9401650618982118,0.9369431117203564,0.16801566691623285,-0.03712610920704541,1.2021928011068013,3.326192234671896
reused_development,2022,4,missing24,all,raw_plus2020,1460,1,1459,1454,5,1387,0.953920220082531,0.9506511309115833,0.13672158135152954,-0.053997428575073614,0.8347826261530751,1.8879659130243205
reused_development,2022,4,missing24,all,normalized_original,1460,1,1459,1454,5,1364,0.938101788170564,0.9348869088416724,0.16345336636667374,-0.05485040350090533,1.2904090855271024,3.4023469239867
reused_development,2022,4,missing24,all,normalized_plus2020,1460,1,1459,1454,5,1385,0.952544704264099,0.9492803289924606,0.13823084634850444,-0.05326887878269217,0.8565476742101985,1.864362775581144
reused_development,2022,4,missing24,level_ge_7m,raw_original,1460,1,312,311,1,256,0.8231511254019293,0.8205128205128205,0.3881649904969358,-0.18714696515412818,2.5364377056133693,3.326192234671896
reused_development,2022,4,missing24,level_ge_7m,raw_plus2020,1460,1,312,311,1,272,0.8745980707395499,0.8717948717948718,0.2648526972535258,-0.07935223235046683,1.2955146302588667,1.8879659130243205
reused_development,2022,4,missing24,level_ge_7m,normalized_original,1460,1,312,311,1,255,0.819935691318328,0.8173076923076923,0.3972462539935671,-0.21277330507041914,2.6090915344190897,3.4023469239867
reused_development,2022,4,missing24,level_ge_7m,normalized_plus2020,1460,1,312,311,1,272,0.8745980707395499,0.8717948717948718,0.2664779794630235,-0.06935515817713966,1.3148741317191774,1.864362775581144
reused_development,2022,5,full_schedule,all,raw_original,1459,1,1458,1453,5,1329,0.9146593255333793,0.911522633744856,0.19956550512000593,-0.07362591670232492,1.7879921321319658,3.961728095483049
reused_development,2022,5,full_schedule,all,raw_plus2020,1459,1,1458,1453,5,1352,0.930488644184446,0.9272976680384087,0.15090200007373608,-0.02285180770766728,1.1239891921714076,1.8810856778817495
reused_development,2022,5,full_schedule,all,normalized_original,1459,1,1458,1453,5,1327,0.9132828630419821,0.9101508916323731,0.19993961902682897,-0.07716105205716836,1.7976216159722478,3.925921620751561
reused_development,2022,5,full_schedule,all,normalized_plus2020,1459,1,1458,1453,5,1360,0.9359944941500344,0.9327846364883402,0.14795104307743479,0.0031060324033403944,1.1052325090702522,2.0199780496110886
reused_development,2022,5,full_schedule,level_ge_7m,raw_original,1459,1,312,311,1,226,0.7266881028938906,0.7243589743589743,0.5198754914292881,-0.2935678831159969,2.8323571168764485,3.961728095483049
reused_development,2022,5,full_schedule,level_ge_7m,raw_plus2020,1459,1,312,311,1,239,0.7684887459807074,0.7660256410256411,0.3692740319439491,-0.06924973631974413,1.6641020536929436,1.8810856778817495
reused_development,2022,5,full_schedule,level_ge_7m,normalized_original,1459,1,312,311,1,225,0.7234726688102894,0.7211538461538461,0.5275312009513973,-0.3052759819877544,2.834528601824596,3.925921620751561
reused_development,2022,5,full_schedule,level_ge_7m,normalized_plus2020,1459,1,312,311,1,245,0.7877813504823151,0.7852564102564102,0.37395318332902633,-0.03837588080862157,1.6379496577085184,2.0199780496110886
reused_development,2022,5,complete24,all,raw_original,0,0,0,0,0,0,,,,,,
reused_development,2022,5,complete24,all,raw_plus2020,0,0,0,0,0,0,,,,,,
reused_development,2022,5,complete24,all,normalized_original,0,0,0,0,0,0,,,,,,
reused_development,2022,5,complete24,all,normalized_plus2020,0,0,0,0,0,0,,,,,,
reused_development,2022,5,complete24,level_ge_7m,raw_original,0,0,0,0,0,0,,,,,,
reused_development,2022,5,complete24,level_ge_7m,raw_plus2020,0,0,0,0,0,0,,,,,,
reused_development,2022,5,complete24,level_ge_7m,normalized_original,0,0,0,0,0,0,,,,,,
reused_development,2022,5,complete24,level_ge_7m,normalized_plus2020,0,0,0,0,0,0,,,,,,
reused_development,2022,5,missing24,all,raw_original,1459,1,1458,1453,5,1329,0.9146593255333793,0.911522633744856,0.19956550512000593,-0.07362591670232492,1.7879921321319658,3.961728095483049
reused_development,2022,5,missing24,all,raw_plus2020,1459,1,1458,1453,5,1352,0.930488644184446,0.9272976680384087,0.15090200007373608,-0.02285180770766728,1.1239891921714076,1.8810856778817495
reused_development,2022,5,missing24,all,normalized_original,1459,1,1458,1453,5,1327,0.9132828630419821,0.9101508916323731,0.19993961902682897,-0.07716105205716836,1.7976216159722478,3.925921620751561
reused_development,2022,5,missing24,all,normalized_plus2020,1459,1,1458,1453,5,1360,0.9359944941500344,0.9327846364883402,0.14795104307743479,0.0031060324033403944,1.1052325090702522,2.0199780496110886
reused_development,2022,5,missing24,level_ge_7m,raw_original,1459,1,312,311,1,226,0.7266881028938906,0.7243589743589743,0.5198754914292881,-0.2935678831159969,2.8323571168764485,3.961728095483049
reused_development,2022,5,missing24,level_ge_7m,raw_plus2020,1459,1,312,311,1,239,0.7684887459807074,0.7660256410256411,0.3692740319439491,-0.06924973631974413,1.6641020536929436,1.8810856778817495
reused_development,2022,5,missing24,level_ge_7m,normalized_original,1459,1,312,311,1,225,0.7234726688102894,0.7211538461538461,0.5275312009513973,-0.3052759819877544,2.834528601824596,3.925921620751561
reused_development,2022,5,missing24,level_ge_7m,normalized_plus2020,1459,1,312,311,1,245,0.7877813504823151,0.7852564102564102,0.37395318332902633,-0.03837588080862157,1.6379496577085184,2.0199780496110886
reused_development,2022,6,full_schedule,all,raw_original,1458,1,1457,1452,5,1295,0.8918732782369146,0.8888126286890872,0.23674826844190394,-0.08636778588681122,2.0083364886601442,3.7423398159057095
reused_development,2022,6,full_schedule,all,raw_plus2020,1458,1,1457,1452,5,1330,0.9159779614325069,0.91283459162663,0.20159577843616105,0.03302070941855405,1.4416009469814606,2.972565889347573
reused_development,2022,6,full_schedule,all,normalized_original,1458,1,1457,1452,5,1294,0.8911845730027548,0.8881262868908717,0.24548399659357156,-0.07072063460498791,1.9961642136144804,3.719968509507499
reused_development,2022,6,full_schedule,all,normalized_plus2020,1458,1,1457,1452,5,1325,0.912534435261708,0.9094028826355525,0.19564403079552384,0.004039654010417087,1.366040324733628,2.700151538037451
reused_development,2022,6,full_schedule,level_ge_7m,raw_original,1458,1,312,311,1,194,0.6237942122186495,0.6217948717948718,0.6405653115266721,-0.30923112239465866,3.1228215530136665,3.7423398159057095
reused_development,2022,6,full_schedule,level_ge_7m,raw_plus2020,1458,1,312,311,1,218,0.7009646302250804,0.6987179487179487,0.47137133420179084,-0.08093923877542179,2.097370127887367,2.972565889347573
reused_development,2022,6,full_schedule,level_ge_7m,normalized_original,1458,1,312,311,1,194,0.6237942122186495,0.6217948717948718,0.6434405559892369,-0.2909302170045096,3.1038977570914557,3.719968509507499
reused_development,2022,6,full_schedule,level_ge_7m,normalized_plus2020,1458,1,312,311,1,217,0.6977491961414791,0.6955128205128205,0.4537139707663907,-0.1276603251525767,1.9211294397690883,2.700151538037451
reused_development,2022,6,complete24,all,raw_original,0,0,0,0,0,0,,,,,,
reused_development,2022,6,complete24,all,raw_plus2020,0,0,0,0,0,0,,,,,,
reused_development,2022,6,complete24,all,normalized_original,0,0,0,0,0,0,,,,,,
reused_development,2022,6,complete24,all,normalized_plus2020,0,0,0,0,0,0,,,,,,
reused_development,2022,6,complete24,level_ge_7m,raw_original,0,0,0,0,0,0,,,,,,
reused_development,2022,6,complete24,level_ge_7m,raw_plus2020,0,0,0,0,0,0,,,,,,
reused_development,2022,6,complete24,level_ge_7m,normalized_original,0,0,0,0,0,0,,,,,,
reused_development,2022,6,complete24,level_ge_7m,normalized_plus2020,0,0,0,0,0,0,,,,,,
reused_development,2022,6,missing24,all,raw_original,1458,1,1457,1452,5,1295,0.8918732782369146,0.8888126286890872,0.23674826844190394,-0.08636778588681122,2.0083364886601442,3.7423398159057095
reused_development,2022,6,missing24,all,raw_plus2020,1458,1,1457,1452,5,1330,0.9159779614325069,0.91283459162663,0.20159577843616105,0.03302070941855405,1.4416009469814606,2.972565889347573
reused_development,2022,6,missing24,all,normalized_original,1458,1,1457,1452,5,1294,0.8911845730027548,0.8881262868908717,0.24548399659357156,-0.07072063460498791,1.9961642136144804,3.719968509507499
reused_development,2022,6,missing24,all,normalized_plus2020,1458,1,1457,1452,5,1325,0.912534435261708,0.9094028826355525,0.19564403079552384,0.004039654010417087,1.366040324733628,2.700151538037451
reused_development,2022,6,missing24,level_ge_7m,raw_original,1458,1,312,311,1,194,0.6237942122186495,0.6217948717948718,0.6405653115266721,-0.30923112239465866,3.1228215530136665,3.7423398159057095
reused_development,2022,6,missing24,level_ge_7m,raw_plus2020,1458,1,312,311,1,218,0.7009646302250804,0.6987179487179487,0.47137133420179084,-0.08093923877542179,2.097370127887367,2.972565889347573
reused_development,2022,6,missing24,level_ge_7m,normalized_original,1458,1,312,311,1,194,0.6237942122186495,0.6217948717948718,0.6434405559892369,-0.2909302170045096,3.1038977570914557,3.719968509507499
reused_development,2022,6,missing24,level_ge_7m,normalized_plus2020,1458,1,312,311,1,217,0.6977491961414791,0.6955128205128205,0.4537139707663907,-0.1276603251525767,1.9211294397690883,2.700151538037451
reused_development,2022,7,full_schedule,all,raw_original,1457,1,1456,1451,5,1272,0.8766368022053757,0.8736263736263736,0.2776386897093178,-0.10227924580811901,2.402426557538724,4.569209618198557
reused_development,2022,7,full_schedule,all,raw_plus2020,1457,1,1456,1451,5,1308,0.90144727773949,0.8983516483516484,0.22040066266682123,-0.0540132348309595,1.8027956154924762,3.3006971429938847
reused_development,2022,7,full_schedule,all,normalized_original,1457,1,1456,1451,5,1277,0.8800827015851137,0.8770604395604396,0.2726259236313561,-0.10870666499086395,2.429298415689379,4.53452860734774
reused_development,2022,7,full_schedule,all,normalized_plus2020,1457,1,1456,1451,5,1311,0.9035148173673329,0.9004120879120879,0.22004025978944658,-0.05003443524767375,1.8006065023099236,3.298786037695713
reused_development,2022,7,full_schedule,level_ge_7m,raw_original,1457,1,312,311,1,180,0.5787781350482315,0.5769230769230769,0.7201672822285525,-0.3259746295154921,3.784995577402448,4.569209618198557
reused_development,2022,7,full_schedule,level_ge_7m,raw_plus2020,1457,1,312,311,1,196,0.6302250803858521,0.6282051282051282,0.5881950250578271,-0.25672263420847385,2.391410812738005,3.3006971429938847
reused_development,2022,7,full_schedule,level_ge_7m,normalized_original,1457,1,312,311,1,180,0.5787781350482315,0.5769230769230769,0.7161391718085234,-0.33984706777936696,3.7934490648127017,4.53452860734774
reused_development,2022,7,full_schedule,level_ge_7m,normalized_plus2020,1457,1,312,311,1,200,0.6430868167202572,0.6410256410256411,0.5870613031532411,-0.2648642207362631,2.4672313130257257,3.298786037695713
reused_development,2022,7,complete24,all,raw_original,0,0,0,0,0,0,,,,,,
reused_development,2022,7,complete24,all,raw_plus2020,0,0,0,0,0,0,,,,,,
reused_development,2022,7,complete24,all,normalized_original,0,0,0,0,0,0,,,,,,
reused_development,2022,7,complete24,all,normalized_plus2020,0,0,0,0,0,0,,,,,,
reused_development,2022,7,complete24,level_ge_7m,raw_original,0,0,0,0,0,0,,,,,,
reused_development,2022,7,complete24,level_ge_7m,raw_plus2020,0,0,0,0,0,0,,,,,,
reused_development,2022,7,complete24,level_ge_7m,normalized_original,0,0,0,0,0,0,,,,,,
reused_development,2022,7,complete24,level_ge_7m,normalized_plus2020,0,0,0,0,0,0,,,,,,
reused_development,2022,7,missing24,all,raw_original,1457,1,1456,1451,5,1272,0.8766368022053757,0.8736263736263736,0.2776386897093178,-0.10227924580811901,2.402426557538724,4.569209618198557
reused_development,2022,7,missing24,all,raw_plus2020,1457,1,1456,1451,5,1308,0.90144727773949,0.8983516483516484,0.22040066266682123,-0.0540132348309595,1.8027956154924762,3.3006971429938847
reused_development,2022,7,missing24,all,normalized_original,1457,1,1456,1451,5,1277,0.8800827015851137,0.8770604395604396,0.2726259236313561,-0.10870666499086395,2.429298415689379,4.53452860734774
reused_development,2022,7,missing24,all,normalized_plus2020,1457,1,1456,1451,5,1311,0.9035148173673329,0.9004120879120879,0.22004025978944658,-0.05003443524767375,1.8006065023099236,3.298786037695713
reused_development,2022,7,missing24,level_ge_7m,raw_original,1457,1,312,311,1,180,0.5787781350482315,0.5769230769230769,0.7201672822285525,-0.3259746295154921,3.784995577402448,4.569209618198557
reused_development,2022,7,missing24,level_ge_7m,raw_plus2020,1457,1,312,311,1,196,0.6302250803858521,0.6282051282051282,0.5881950250578271,-0.25672263420847385,2.391410812738005,3.3006971429938847
reused_development,2022,7,missing24,level_ge_7m,normalized_original,1457,1,312,311,1,180,0.5787781350482315,0.5769230769230769,0.7161391718085234,-0.33984706777936696,3.7934490648127017,4.53452860734774
reused_development,2022,7,missing24,level_ge_7m,normalized_plus2020,1457,1,312,311,1,200,0.6430868167202572,0.6410256410256411,0.5870613031532411,-0.2648642207362631,2.4672313130257257,3.298786037695713
reused_development,2022,8,full_schedule,all,raw_original,1456,1,1455,1450,5,1253,0.8641379310344828,0.8611683848797251,0.29171880421851376,-0.09504495517559508,2.279908302969244,4.769363882540022
reused_development,2022,8,full_schedule,all,raw_plus2020,1456,1,1455,1450,5,1294,0.8924137931034483,0.8893470790378006,0.24811373898271516,-0.09710980073456937,1.9985507291025855,4.016142337131393
reused_development,2022,8,full_schedule,all,normalized_original,1456,1,1455,1450,5,1263,0.8710344827586207,0.8680412371134021,0.2830575423190656,-0.10185928931475506,2.28476799518391,4.7169059938230475
reused_development,2022,8,full_schedule,all,normalized_plus2020,1456,1,1455,1450,5,1301,0.8972413793103449,0.8941580756013746,0.25139023876917793,-0.10618925719498815,2.0067213459626356,3.9726443923618895
reused_development,2022,8,full_schedule,level_ge_7m,raw_original,1456,1,312,311,1,172,0.5530546623794212,0.5512820512820513,0.7424443781338623,-0.29723885378596754,3.94918556193552,4.769363882540022
reused_development,2022,8,full_schedule,level_ge_7m,raw_plus2020,1456,1,312,311,1,186,0.5980707395498392,0.5961538461538461,0.6639008556610227,-0.367688622335013,2.7143682143873766,4.016142337131393
reused_development,2022,8,full_schedule,level_ge_7m,normalized_original,1456,1,312,311,1,177,0.5691318327974276,0.5673076923076923,0.7270236262948566,-0.3129405514730011,3.912256354989656,4.7169059938230475
reused_development,2022,8,full_schedule,level_ge_7m,normalized_plus2020,1456,1,312,311,1,191,0.6141479099678456,0.6121794871794872,0.6750844369555701,-0.39548359279184286,2.7997679750810938,3.9726443923618895
reused_development,2022,8,complete24,all,raw_original,0,0,0,0,0,0,,,,,,
reused_development,2022,8,complete24,all,raw_plus2020,0,0,0,0,0,0,,,,,,
reused_development,2022,8,complete24,all,normalized_original,0,0,0,0,0,0,,,,,,
reused_development,2022,8,complete24,all,normalized_plus2020,0,0,0,0,0,0,,,,,,
reused_development,2022,8,complete24,level_ge_7m,raw_original,0,0,0,0,0,0,,,,,,
reused_development,2022,8,complete24,level_ge_7m,raw_plus2020,0,0,0,0,0,0,,,,,,
reused_development,2022,8,complete24,level_ge_7m,normalized_original,0,0,0,0,0,0,,,,,,
reused_development,2022,8,complete24,level_ge_7m,normalized_plus2020,0,0,0,0,0,0,,,,,,
reused_development,2022,8,missing24,all,raw_original,1456,1,1455,1450,5,1253,0.8641379310344828,0.8611683848797251,0.29171880421851376,-0.09504495517559508,2.279908302969244,4.769363882540022
reused_development,2022,8,missing24,all,raw_plus2020,1456,1,1455,1450,5,1294,0.8924137931034483,0.8893470790378006,0.24811373898271516,-0.09710980073456937,1.9985507291025855,4.016142337131393
reused_development,2022,8,missing24,all,normalized_original,1456,1,1455,1450,5,1263,0.8710344827586207,0.8680412371134021,0.2830575423190656,-0.10185928931475506,2.28476799518391,4.7169059938230475
reused_development,2022,8,missing24,all,normalized_plus2020,1456,1,1455,1450,5,1301,0.8972413793103449,0.8941580756013746,0.25139023876917793,-0.10618925719498815,2.0067213459626356,3.9726443923618895
reused_development,2022,8,missing24,level_ge_7m,raw_original,1456,1,312,311,1,172,0.5530546623794212,0.5512820512820513,0.7424443781338623,-0.29723885378596754,3.94918556193552,4.769363882540022
reused_development,2022,8,missing24,level_ge_7m,raw_plus2020,1456,1,312,311,1,186,0.5980707395498392,0.5961538461538461,0.6639008556610227,-0.367688622335013,2.7143682143873766,4.016142337131393
reused_development,2022,8,missing24,level_ge_7m,normalized_original,1456,1,312,311,1,177,0.5691318327974276,0.5673076923076923,0.7270236262948566,-0.3129405514730011,3.912256354989656,4.7169059938230475
reused_development,2022,8,missing24,level_ge_7m,normalized_plus2020,1456,1,312,311,1,191,0.6141479099678456,0.6121794871794872,0.6750844369555701,-0.39548359279184286,2.7997679750810938,3.9726443923618895
reused_development,2022,9,full_schedule,all,raw_original,1455,1,1454,1449,5,1257,0.8674948240165632,0.8645116918844566,0.33516518560754716,-0.20406710235904524,2.4795242478702137,5.254545046447809
reused_development,2022,9,full_schedule,all,raw_plus2020,1455,1,1454,1449,5,1267,0.8743961352657005,0.8713892709766162,0.2806864332466803,-0.06045707150617059,2.237004339865206,4.132870009052942
reused_development,2022,9,full_schedule,all,normalized_original,1455,1,1454,1449,5,1262,0.8709454796411318,0.8679504814305364,0.3179572390602064,-0.17947133192863615,2.5220929057004104,5.230475570797594
reused_development,2022,9,full_schedule,all,normalized_plus2020,1455,1,1454,1449,5,1264,0.8723257418909592,0.8693259972489684,0.2888468110508088,-0.1087804219166206,2.2545313984862783,4.083890560813792
reused_development,2022,9,full_schedule,level_ge_7m,raw_original,1455,1,312,311,1,170,0.5466237942122186,0.5448717948717948,0.8005388803105036,-0.45736918881267136,4.43910816016463,5.254545046447809
reused_development,2022,9,full_schedule,level_ge_7m,raw_plus2020,1455,1,312,311,1,167,0.5369774919614148,0.5352564102564102,0.7723358704627973,-0.3435584520003637,3.0581698501138583,4.132870009052942
reused_development,2022,9,full_schedule,level_ge_7m,normalized_original,1455,1,312,311,1,173,0.5562700964630225,0.5544871794871795,0.7968458242411826,-0.4490378415860381,4.369966198863022,5.230475570797594
reused_development,2022,9,full_schedule,level_ge_7m,normalized_plus2020,1455,1,312,311,1,163,0.5241157556270096,0.5224358974358975,0.7838769122140062,-0.37302290997026427,3.0286701868573243,4.083890560813792
reused_development,2022,9,complete24,all,raw_original,0,0,0,0,0,0,,,,,,
reused_development,2022,9,complete24,all,raw_plus2020,0,0,0,0,0,0,,,,,,
reused_development,2022,9,complete24,all,normalized_original,0,0,0,0,0,0,,,,,,
reused_development,2022,9,complete24,all,normalized_plus2020,0,0,0,0,0,0,,,,,,
reused_development,2022,9,complete24,level_ge_7m,raw_original,0,0,0,0,0,0,,,,,,
reused_development,2022,9,complete24,level_ge_7m,raw_plus2020,0,0,0,0,0,0,,,,,,
reused_development,2022,9,complete24,level_ge_7m,normalized_original,0,0,0,0,0,0,,,,,,
reused_development,2022,9,complete24,level_ge_7m,normalized_plus2020,0,0,0,0,0,0,,,,,,
reused_development,2022,9,missing24,all,raw_original,1455,1,1454,1449,5,1257,0.8674948240165632,0.8645116918844566,0.33516518560754716,-0.20406710235904524,2.4795242478702137,5.254545046447809
reused_development,2022,9,missing24,all,raw_plus2020,1455,1,1454,1449,5,1267,0.8743961352657005,0.8713892709766162,0.2806864332466803,-0.06045707150617059,2.237004339865206,4.132870009052942
reused_development,2022,9,missing24,all,normalized_original,1455,1,1454,1449,5,1262,0.8709454796411318,0.8679504814305364,0.3179572390602064,-0.17947133192863615,2.5220929057004104,5.230475570797594
reused_development,2022,9,missing24,all,normalized_plus2020,1455,1,1454,1449,5,1264,0.8723257418909592,0.8693259972489684,0.2888468110508088,-0.1087804219166206,2.2545313984862783,4.083890560813792
reused_development,2022,9,missing24,level_ge_7m,raw_original,1455,1,312,311,1,170,0.5466237942122186,0.5448717948717948,0.8005388803105036,-0.45736918881267136,4.43910816016463,5.254545046447809
reused_development,2022,9,missing24,level_ge_7m,raw_plus2020,1455,1,312,311,1,167,0.5369774919614148,0.5352564102564102,0.7723358704627973,-0.3435584520003637,3.0581698501138583,4.132870009052942
reused_development,2022,9,missing24,level_ge_7m,normalized_original,1455,1,312,311,1,173,0.5562700964630225,0.5544871794871795,0.7968458242411826,-0.4490378415860381,4.369966198863022,5.230475570797594
reused_development,2022,9,missing24,level_ge_7m,normalized_plus2020,1455,1,312,311,1,163,0.5241157556270096,0.5224358974358975,0.7838769122140062,-0.37302290997026427,3.0286701868573243,4.083890560813792
reused_development,2022,10,full_schedule,all,raw_original,1454,1,1453,1448,5,1211,0.8363259668508287,0.8334480385409497,0.3880006937658626,-0.27489782237928256,2.799177738956474,5.808953649485105
reused_development,2022,10,full_schedule,all,raw_plus2020,1454,1,1453,1448,5,1201,0.8294198895027625,0.8265657260839642,0.3662611093553871,-0.1989688249215439,2.245528235699593,4.84275269613387
reused_development,2022,10,full_schedule,all,normalized_original,1454,1,1453,1448,5,1206,0.8328729281767956,0.830006882312457,0.3916508910606877,-0.2844052802405713,2.8113188143914054,5.817101526280356
reused_development,2022,10,full_schedule,all,normalized_plus2020,1454,1,1453,1448,5,1201,0.8294198895027625,0.8265657260839642,0.36665576388587345,-0.1993949876527418,2.2585711122282914,4.8409445450246675
reused_development,2022,10,full_schedule,level_ge_7m,raw_original,1454,1,312,311,1,138,0.4437299035369775,0.4423076923076923,0.9395304802049467,-0.7289092666069523,4.8102702712527075,5.808953649485105
reused_development,2022,10,full_schedule,level_ge_7m,raw_plus2020,1454,1,312,311,1,125,0.40192926045016075,0.40064102564102566,0.9229076937977476,-0.5401274902972026,3.3618598815496696,4.84275269613387
reused_development,2022,10,full_schedule,level_ge_7m,normalized_original,1454,1,312,311,1,136,0.43729903536977494,0.4358974358974359,0.9455218048564833,-0.7431931707700091,4.809173293577136,5.817101526280356
reused_development,2022,10,full_schedule,level_ge_7m,normalized_plus2020,1454,1,312,311,1,124,0.3987138263665595,0.3974358974358974,0.9263213271282186,-0.5441056684256115,3.3784353671497245,4.8409445450246675
reused_development,2022,10,complete24,all,raw_original,0,0,0,0,0,0,,,,,,
reused_development,2022,10,complete24,all,raw_plus2020,0,0,0,0,0,0,,,,,,
reused_development,2022,10,complete24,all,normalized_original,0,0,0,0,0,0,,,,,,
reused_development,2022,10,complete24,all,normalized_plus2020,0,0,0,0,0,0,,,,,,
reused_development,2022,10,complete24,level_ge_7m,raw_original,0,0,0,0,0,0,,,,,,
reused_development,2022,10,complete24,level_ge_7m,raw_plus2020,0,0,0,0,0,0,,,,,,
reused_development,2022,10,complete24,level_ge_7m,normalized_original,0,0,0,0,0,0,,,,,,
reused_development,2022,10,complete24,level_ge_7m,normalized_plus2020,0,0,0,0,0,0,,,,,,
reused_development,2022,10,missing24,all,raw_original,1454,1,1453,1448,5,1211,0.8363259668508287,0.8334480385409497,0.3880006937658626,-0.27489782237928256,2.799177738956474,5.808953649485105
reused_development,2022,10,missing24,all,raw_plus2020,1454,1,1453,1448,5,1201,0.8294198895027625,0.8265657260839642,0.3662611093553871,-0.1989688249215439,2.245528235699593,4.84275269613387
reused_development,2022,10,missing24,all,normalized_original,1454,1,1453,1448,5,1206,0.8328729281767956,0.830006882312457,0.3916508910606877,-0.2844052802405713,2.8113188143914054,5.817101526280356
reused_development,2022,10,missing24,all,normalized_plus2020,1454,1,1453,1448,5,1201,0.8294198895027625,0.8265657260839642,0.36665576388587345,-0.1993949876527418,2.2585711122282914,4.8409445450246675
reused_development,2022,10,missing24,level_ge_7m,raw_original,1454,1,312,311,1,138,0.4437299035369775,0.4423076923076923,0.9395304802049467,-0.7289092666069523,4.8102702712527075,5.808953649485105
reused_development,2022,10,missing24,level_ge_7m,raw_plus2020,1454,1,312,311,1,125,0.40192926045016075,0.40064102564102566,0.9229076937977476,-0.5401274902972026,3.3618598815496696,4.84275269613387
reused_development,2022,10,missing24,level_ge_7m,normalized_original,1454,1,312,311,1,136,0.43729903536977494,0.4358974358974359,0.9455218048564833,-0.7431931707700091,4.809173293577136,5.817101526280356
reused_development,2022,10,missing24,level_ge_7m,normalized_plus2020,1454,1,312,311,1,124,0.3987138263665595,0.3974358974358974,0.9263213271282186,-0.5441056684256115,3.3784353671497245,4.8409445450246675
reused_development,2022,11,full_schedule,all,raw_original,1453,1,1452,1447,5,1183,0.8175535590877678,0.8147382920110193,0.4524534052205866,-0.3540261988534518,2.991350675131332,6.101533435936715
reused_development,2022,11,full_schedule,all,raw_plus2020,1453,1,1452,1447,5,1119,0.7733241188666206,0.7706611570247934,0.46154979098493454,-0.3346562943477128,2.5193656071362396,5.067030789417254
reused_development,2022,11,full_schedule,all,normalized_original,1453,1,1452,1447,5,1179,0.8147892190739461,0.8119834710743802,0.4559650963706627,-0.3578910720124449,2.984494474959496,6.070935566790798
reused_development,2022,11,full_schedule,all,normalized_plus2020,1453,1,1452,1447,5,1170,0.8085694540428473,0.8057851239669421,0.4366360605468786,-0.29683184046690897,2.4705810967324617,4.8886468622460235
reused_development,2022,11,full_schedule,level_ge_7m,raw_original,1453,1,312,311,1,146,0.4694533762057878,0.46794871794871795,0.9853116737393726,-0.8001313478588465,4.921585752806665,6.101533435936715
reused_development,2022,11,full_schedule,level_ge_7m,raw_plus2020,1453,1,312,311,1,118,0.37942122186495175,0.3782051282051282,1.0343521590895826,-0.714364075331628,4.004956333563028,5.067030789417254
reused_development,2022,11,full_schedule,level_ge_7m,normalized_original,1453,1,312,311,1,143,0.45980707395498394,0.4583333333333333,0.9867100464521571,-0.7998511427570019,4.9117531652981885,6.070935566790798
reused_development,2022,11,full_schedule,level_ge_7m,normalized_plus2020,1453,1,312,311,1,122,0.39228295819935693,0.391025641025641,1.0185456537060682,-0.677726090031527,3.96432936799935,4.8886468622460235
reused_development,2022,11,complete24,all,raw_original,0,0,0,0,0,0,,,,,,
reused_development,2022,11,complete24,all,raw_plus2020,0,0,0,0,0,0,,,,,,
reused_development,2022,11,complete24,all,normalized_original,0,0,0,0,0,0,,,,,,
reused_development,2022,11,complete24,all,normalized_plus2020,0,0,0,0,0,0,,,,,,
reused_development,2022,11,complete24,level_ge_7m,raw_original,0,0,0,0,0,0,,,,,,
reused_development,2022,11,complete24,level_ge_7m,raw_plus2020,0,0,0,0,0,0,,,,,,
reused_development,2022,11,complete24,level_ge_7m,normalized_original,0,0,0,0,0,0,,,,,,
reused_development,2022,11,complete24,level_ge_7m,normalized_plus2020,0,0,0,0,0,0,,,,,,
reused_development,2022,11,missing24,all,raw_original,1453,1,1452,1447,5,1183,0.8175535590877678,0.8147382920110193,0.4524534052205866,-0.3540261988534518,2.991350675131332,6.101533435936715
reused_development,2022,11,missing24,all,raw_plus2020,1453,1,1452,1447,5,1119,0.7733241188666206,0.7706611570247934,0.46154979098493454,-0.3346562943477128,2.5193656071362396,5.067030789417254
reused_development,2022,11,missing24,all,normalized_original,1453,1,1452,1447,5,1179,0.8147892190739461,0.8119834710743802,0.4559650963706627,-0.3578910720124449,2.984494474959496,6.070935566790798
reused_development,2022,11,missing24,all,normalized_plus2020,1453,1,1452,1447,5,1170,0.8085694540428473,0.8057851239669421,0.4366360605468786,-0.29683184046690897,2.4705810967324617,4.8886468622460235
reused_development,2022,11,missing24,level_ge_7m,raw_original,1453,1,312,311,1,146,0.4694533762057878,0.46794871794871795,0.9853116737393726,-0.8001313478588465,4.921585752806665,6.101533435936715
reused_development,2022,11,missing24,level_ge_7m,raw_plus2020,1453,1,312,311,1,118,0.37942122186495175,0.3782051282051282,1.0343521590895826,-0.714364075331628,4.004956333563028,5.067030789417254
reused_development,2022,11,missing24,level_ge_7m,normalized_original,1453,1,312,311,1,143,0.45980707395498394,0.4583333333333333,0.9867100464521571,-0.7998511427570019,4.9117531652981885,6.070935566790798
reused_development,2022,11,missing24,level_ge_7m,normalized_plus2020,1453,1,312,311,1,122,0.39228295819935693,0.391025641025641,1.0185456537060682,-0.677726090031527,3.96432936799935,4.8886468622460235
reused_development,2022,12,full_schedule,all,raw_original,1452,1,1451,1446,5,1099,0.760027662517289,0.757408683666437,0.4859319764846615,-0.3763688130623213,3.107323456535766,5.816916608456574
reused_development,2022,12,full_schedule,all,raw_plus2020,1452,1,1451,1446,5,1014,0.7012448132780082,0.698828394210889,0.4935030641849913,-0.3210978720065965,2.5726154563217936,4.877715042712763
reused_development,2022,12,full_schedule,all,normalized_original,1452,1,1451,1446,5,1114,0.7704011065006916,0.7677463818056512,0.48564404819968215,-0.3758719338632869,3.124769707241153,5.790282347246378
reused_development,2022,12,full_schedule,all,normalized_plus2020,1452,1,1451,1446,5,1013,0.7005532503457814,0.6981392143349414,0.4955287936047206,-0.3186083870819784,2.6595974147202965,4.7442356491800926
reused_development,2022,12,full_schedule,level_ge_7m,raw_original,1452,1,312,311,1,147,0.47266881028938906,0.47115384615384615,1.0271656385157095,-0.8276732235815286,4.770420827187254,5.816916608456574
reused_development,2022,12,full_schedule,level_ge_7m,raw_plus2020,1452,1,312,311,1,120,0.3858520900321543,0.38461538461538464,1.0630000511527986,-0.625412033588469,4.105274204797798,4.877715042712763
reused_development,2022,12,full_schedule,level_ge_7m,normalized_original,1452,1,312,311,1,144,0.4630225080385852,0.46153846153846156,1.0310720387804793,-0.8313997132807235,4.769569733180479,5.790282347246378
reused_development,2022,12,full_schedule,level_ge_7m,normalized_plus2020,1452,1,312,311,1,113,0.3633440514469453,0.36217948717948717,1.0618497316827507,-0.59563780589778,4.004618948471105,4.7442356491800926
reused_development,2022,12,complete24,all,raw_original,0,0,0,0,0,0,,,,,,
reused_development,2022,12,complete24,all,raw_plus2020,0,0,0,0,0,0,,,,,,
reused_development,2022,12,complete24,all,normalized_original,0,0,0,0,0,0,,,,,,
reused_development,2022,12,complete24,all,normalized_plus2020,0,0,0,0,0,0,,,,,,
reused_development,2022,12,complete24,level_ge_7m,raw_original,0,0,0,0,0,0,,,,,,
reused_development,2022,12,complete24,level_ge_7m,raw_plus2020,0,0,0,0,0,0,,,,,,
reused_development,2022,12,complete24,level_ge_7m,normalized_original,0,0,0,0,0,0,,,,,,
reused_development,2022,12,complete24,level_ge_7m,normalized_plus2020,0,0,0,0,0,0,,,,,,
reused_development,2022,12,missing24,all,raw_original,1452,1,1451,1446,5,1099,0.760027662517289,0.757408683666437,0.4859319764846615,-0.3763688130623213,3.107323456535766,5.816916608456574
reused_development,2022,12,missing24,all,raw_plus2020,1452,1,1451,1446,5,1014,0.7012448132780082,0.698828394210889,0.4935030641849913,-0.3210978720065965,2.5726154563217936,4.877715042712763
reused_development,2022,12,missing24,all,normalized_original,1452,1,1451,1446,5,1114,0.7704011065006916,0.7677463818056512,0.48564404819968215,-0.3758719338632869,3.124769707241153,5.790282347246378
reused_development,2022,12,missing24,all,normalized_plus2020,1452,1,1451,1446,5,1013,0.7005532503457814,0.6981392143349414,0.4955287936047206,-0.3186083870819784,2.6595974147202965,4.7442356491800926
reused_development,2022,12,missing24,level_ge_7m,raw_original,1452,1,312,311,1,147,0.47266881028938906,0.47115384615384615,1.0271656385157095,-0.8276732235815286,4.770420827187254,5.816916608456574
reused_development,2022,12,missing24,level_ge_7m,raw_plus2020,1452,1,312,311,1,120,0.3858520900321543,0.38461538461538464,1.0630000511527986,-0.625412033588469,4.105274204797798,4.877715042712763
reused_development,2022,12,missing24,level_ge_7m,normalized_original,1452,1,312,311,1,144,0.4630225080385852,0.46153846153846156,1.0310720387804793,-0.8313997132807235,4.769569733180479,5.790282347246378
reused_development,2022,12,missing24,level_ge_7m,normalized_plus2020,1452,1,312,311,1,113,0.3633440514469453,0.36217948717948717,1.0618497316827507,-0.59563780589778,4.004618948471105,4.7442356491800926
reused_development,pooled,1,full_schedule,all,raw_original,2206,1,2205,2200,5,2193,0.9968181818181818,0.9945578231292517,0.03748991871212699,-0.01980788102064057,0.15917866477116094,1.1085347330164899
reused_development,pooled,1,full_schedule,all,raw_plus2020,2206,1,2205,2200,5,2198,0.9990909090909091,0.9968253968253968,0.04175789311285146,-0.023382507587466655,0.1563484321958866,0.9829393638563504
reused_development,pooled,1,full_schedule,all,normalized_original,2206,1,2205,2200,5,2193,0.9968181818181818,0.9945578231292517,0.03748991871212699,-0.01980788102064057,0.15917866477116094,1.1085347330164899
reused_development,pooled,1,full_schedule,all,normalized_plus2020,2206,1,2205,2200,5,2198,0.9990909090909091,0.9968253968253968,0.04175805974657378,-0.023384556782991946,0.1563484321958866,0.9829393638563504
reused_development,pooled,1,full_schedule,level_ge_7m,raw_original,2206,1,323,322,1,318,0.9875776397515528,0.9845201238390093,0.07305675567950083,-0.02383155124169818,0.3004231271503978,1.1085347330164899
reused_development,pooled,1,full_schedule,level_ge_7m,raw_plus2020,2206,1,323,322,1,321,0.9968944099378882,0.9938080495356038,0.06504059335039815,-0.023991841150769813,0.2172195357798235,0.9829393638563504
reused_development,pooled,1,full_schedule,level_ge_7m,normalized_original,2206,1,323,322,1,318,0.9875776397515528,0.9845201238390093,0.07305675567950083,-0.02383155124169818,0.3004231271503978,1.1085347330164899
reused_development,pooled,1,full_schedule,level_ge_7m,normalized_plus2020,2206,1,323,322,1,321,0.9968944099378882,0.9938080495356038,0.06504059335039815,-0.023991841150769813,0.2172195357798235,0.9829393638563504
reused_development,pooled,1,complete24,all,raw_original,0,0,0,0,0,0,,,,,,
reused_development,pooled,1,complete24,all,raw_plus2020,0,0,0,0,0,0,,,,,,
reused_development,pooled,1,complete24,all,normalized_original,0,0,0,0,0,0,,,,,,
reused_development,pooled,1,complete24,all,normalized_plus2020,0,0,0,0,0,0,,,,,,
reused_development,pooled,1,complete24,level_ge_7m,raw_original,0,0,0,0,0,0,,,,,,
reused_development,pooled,1,complete24,level_ge_7m,raw_plus2020,0,0,0,0,0,0,,,,,,
reused_development,pooled,1,complete24,level_ge_7m,normalized_original,0,0,0,0,0,0,,,,,,
reused_development,pooled,1,complete24,level_ge_7m,normalized_plus2020,0,0,0,0,0,0,,,,,,
reused_development,pooled,1,missing24,all,raw_original,2206,1,2205,2200,5,2193,0.9968181818181818,0.9945578231292517,0.03748991871212699,-0.01980788102064057,0.15917866477116094,1.1085347330164899
reused_development,pooled,1,missing24,all,raw_plus2020,2206,1,2205,2200,5,2198,0.9990909090909091,0.9968253968253968,0.04175789311285146,-0.023382507587466655,0.1563484321958866,0.9829393638563504
reused_development,pooled,1,missing24,all,normalized_original,2206,1,2205,2200,5,2193,0.9968181818181818,0.9945578231292517,0.03748991871212699,-0.01980788102064057,0.15917866477116094,1.1085347330164899
reused_development,pooled,1,missing24,all,normalized_plus2020,2206,1,2205,2200,5,2198,0.9990909090909091,0.9968253968253968,0.04175805974657378,-0.023384556782991946,0.1563484321958866,0.9829393638563504
reused_development,pooled,1,missing24,level_ge_7m,raw_original,2206,1,323,322,1,318,0.9875776397515528,0.9845201238390093,0.07305675567950083,-0.02383155124169818,0.3004231271503978,1.1085347330164899
reused_development,pooled,1,missing24,level_ge_7m,raw_plus2020,2206,1,323,322,1,321,0.9968944099378882,0.9938080495356038,0.06504059335039815,-0.023991841150769813,0.2172195357798235,0.9829393638563504
reused_development,pooled,1,missing24,level_ge_7m,normalized_original,2206,1,323,322,1,318,0.9875776397515528,0.9845201238390093,0.07305675567950083,-0.02383155124169818,0.3004231271503978,1.1085347330164899
reused_development,pooled,1,missing24,level_ge_7m,normalized_plus2020,2206,1,323,322,1,321,0.9968944099378882,0.9938080495356038,0.06504059335039815,-0.023991841150769813,0.2172195357798235,0.9829393638563504
reused_development,pooled,2,full_schedule,all,raw_original,2204,1,2203,2198,5,2171,0.9877161055505005,0.9854743531547889,0.06691648612994494,-0.007622800589142658,0.40099912382676506,1.8686908227421828
reused_development,pooled,2,full_schedule,all,raw_plus2020,2204,1,2203,2198,5,2172,0.9881710646041856,0.9859282796187018,0.08231105396160818,-0.049981471204036815,0.42242780124933305,1.713055091769598
reused_development,pooled,2,full_schedule,all,normalized_original,2204,1,2203,2198,5,2171,0.9877161055505005,0.9854743531547889,0.06691328952102261,-0.00760308139661167,0.40099912382676506,1.8686908227421828
reused_development,pooled,2,full_schedule,all,normalized_plus2020,2204,1,2203,2198,5,2172,0.9881710646041856,0.9859282796187018,0.0818780348244789,-0.049298024403318694,0.4171464027457604,1.7126903578207058
reused_development,pooled,2,full_schedule,level_ge_7m,raw_original,2204,1,323,322,1,305,0.9472049689440993,0.9442724458204335,0.1684076939690451,-0.05329310710133749,1.1039072397623353,1.8686908227421828
reused_development,pooled,2,full_schedule,level_ge_7m,raw_plus2020,2204,1,323,322,1,310,0.9627329192546584,0.9597523219814241,0.15828565188563654,-0.07386362682677114,0.719733222718979,1.713055091769598
reused_development,pooled,2,full_schedule,level_ge_7m,normalized_original,2204,1,323,322,1,305,0.9472049689440993,0.9442724458204335,0.1684076939690451,-0.05329310710133749,1.1039072397623353,1.8686908227421828
reused_development,pooled,2,full_schedule,level_ge_7m,normalized_plus2020,2204,1,323,322,1,310,0.9627329192546584,0.9597523219814241,0.15819324199876517,-0.07395485719482581,0.7214044547450399,1.7126903578207058
reused_development,pooled,2,complete24,all,raw_original,0,0,0,0,0,0,,,,,,
reused_development,pooled,2,complete24,all,raw_plus2020,0,0,0,0,0,0,,,,,,
reused_development,pooled,2,complete24,all,normalized_original,0,0,0,0,0,0,,,,,,
reused_development,pooled,2,complete24,all,normalized_plus2020,0,0,0,0,0,0,,,,,,
reused_development,pooled,2,complete24,level_ge_7m,raw_original,0,0,0,0,0,0,,,,,,
reused_development,pooled,2,complete24,level_ge_7m,raw_plus2020,0,0,0,0,0,0,,,,,,
reused_development,pooled,2,complete24,level_ge_7m,normalized_original,0,0,0,0,0,0,,,,,,
reused_development,pooled,2,complete24,level_ge_7m,normalized_plus2020,0,0,0,0,0,0,,,,,,
reused_development,pooled,2,missing24,all,raw_original,2204,1,2203,2198,5,2171,0.9877161055505005,0.9854743531547889,0.06691648612994494,-0.007622800589142658,0.40099912382676506,1.8686908227421828
reused_development,pooled,2,missing24,all,raw_plus2020,2204,1,2203,2198,5,2172,0.9881710646041856,0.9859282796187018,0.08231105396160818,-0.049981471204036815,0.42242780124933305,1.713055091769598
reused_development,pooled,2,missing24,all,normalized_original,2204,1,2203,2198,5,2171,0.9877161055505005,0.9854743531547889,0.06691328952102261,-0.00760308139661167,0.40099912382676506,1.8686908227421828
reused_development,pooled,2,missing24,all,normalized_plus2020,2204,1,2203,2198,5,2172,0.9881710646041856,0.9859282796187018,0.0818780348244789,-0.049298024403318694,0.4171464027457604,1.7126903578207058
reused_development,pooled,2,missing24,level_ge_7m,raw_original,2204,1,323,322,1,305,0.9472049689440993,0.9442724458204335,0.1684076939690451,-0.05329310710133749,1.1039072397623353,1.8686908227421828
reused_development,pooled,2,missing24,level_ge_7m,raw_plus2020,2204,1,323,322,1,310,0.9627329192546584,0.9597523219814241,0.15828565188563654,-0.07386362682677114,0.719733222718979,1.713055091769598
reused_development,pooled,2,missing24,level_ge_7m,normalized_original,2204,1,323,322,1,305,0.9472049689440993,0.9442724458204335,0.1684076939690451,-0.05329310710133749,1.1039072397623353,1.8686908227421828
reused_development,pooled,2,missing24,level_ge_7m,normalized_plus2020,2204,1,323,322,1,310,0.9627329192546584,0.9597523219814241,0.15819324199876517,-0.07395485719482581,0.7214044547450399,1.7126903578207058
reused_development,pooled,3,full_schedule,all,raw_original,2202,1,2201,2196,5,2141,0.9749544626593807,0.9727396637891867,0.10707040222702338,-0.0042623329289976615,0.6199565958563561,2.702134633656705
reused_development,pooled,3,full_schedule,all,raw_plus2020,2202,1,2201,2196,5,2143,0.9758652094717668,0.9736483416628805,0.10110706647627066,-0.011765245617546067,0.554791122610751,1.9927776152259398
reused_development,pooled,3,full_schedule,all,normalized_original,2202,1,2201,2196,5,2141,0.9749544626593807,0.9727396637891867,0.10707040222702338,-0.0042623329289976615,0.6199565958563561,2.702134633656705
reused_development,pooled,3,full_schedule,all,normalized_plus2020,2202,1,2201,2196,5,2144,0.97632058287796,0.9741026805997274,0.10071045691104642,-0.014411827967779477,0.5517369536346522,2.008881240370121
reused_development,pooled,3,full_schedule,level_ge_7m,raw_original,2202,1,323,322,1,290,0.9006211180124224,0.8978328173374613,0.2605106938888284,-0.10347241932159362,1.7854353066635618,2.702134633656705
reused_development,pooled,3,full_schedule,level_ge_7m,raw_plus2020,2202,1,323,322,1,293,0.9099378881987578,0.9071207430340558,0.22021169388785167,0.023606947713047242,1.0846043488870893,1.9927776152259398
reused_development,pooled,3,full_schedule,level_ge_7m,normalized_original,2202,1,323,322,1,290,0.9006211180124224,0.8978328173374613,0.2605106938888284,-0.10347241932159362,1.7854353066635618,2.702134633656705
reused_development,pooled,3,full_schedule,level_ge_7m,normalized_plus2020,2202,1,323,322,1,293,0.9099378881987578,0.9071207430340558,0.2204193996778321,0.01423070353525279,1.0991309630145683,2.008881240370121
reused_development,pooled,3,complete24,all,raw_original,0,0,0,0,0,0,,,,,,
reused_development,pooled,3,complete24,all,raw_plus2020,0,0,0,0,0,0,,,,,,
reused_development,pooled,3,complete24,all,normalized_original,0,0,0,0,0,0,,,,,,
reused_development,pooled,3,complete24,all,normalized_plus2020,0,0,0,0,0,0,,,,,,
reused_development,pooled,3,complete24,level_ge_7m,raw_original,0,0,0,0,0,0,,,,,,
reused_development,pooled,3,complete24,level_ge_7m,raw_plus2020,0,0,0,0,0,0,,,,,,
reused_development,pooled,3,complete24,level_ge_7m,normalized_original,0,0,0,0,0,0,,,,,,
reused_development,pooled,3,complete24,level_ge_7m,normalized_plus2020,0,0,0,0,0,0,,,,,,
reused_development,pooled,3,missing24,all,raw_original,2202,1,2201,2196,5,2141,0.9749544626593807,0.9727396637891867,0.10707040222702338,-0.0042623329289976615,0.6199565958563561,2.702134633656705
reused_development,pooled,3,missing24,all,raw_plus2020,2202,1,2201,2196,5,2143,0.9758652094717668,0.9736483416628805,0.10110706647627066,-0.011765245617546067,0.554791122610751,1.9927776152259398
reused_development,pooled,3,missing24,all,normalized_original,2202,1,2201,2196,5,2141,0.9749544626593807,0.9727396637891867,0.10707040222702338,-0.0042623329289976615,0.6199565958563561,2.702134633656705
reused_development,pooled,3,missing24,all,normalized_plus2020,2202,1,2201,2196,5,2144,0.97632058287796,0.9741026805997274,0.10071045691104642,-0.014411827967779477,0.5517369536346522,2.008881240370121
reused_development,pooled,3,missing24,level_ge_7m,raw_original,2202,1,323,322,1,290,0.9006211180124224,0.8978328173374613,0.2605106938888284,-0.10347241932159362,1.7854353066635618,2.702134633656705
reused_development,pooled,3,missing24,level_ge_7m,raw_plus2020,2202,1,323,322,1,293,0.9099378881987578,0.9071207430340558,0.22021169388785167,0.023606947713047242,1.0846043488870893,1.9927776152259398
reused_development,pooled,3,missing24,level_ge_7m,normalized_original,2202,1,323,322,1,290,0.9006211180124224,0.8978328173374613,0.2605106938888284,-0.10347241932159362,1.7854353066635618,2.702134633656705
reused_development,pooled,3,missing24,level_ge_7m,normalized_plus2020,2202,1,323,322,1,293,0.9099378881987578,0.9071207430340558,0.2204193996778321,0.01423070353525279,1.0991309630145683,2.008881240370121
reused_development,pooled,4,full_schedule,all,raw_original,2200,1,2199,2194,5,2083,0.9494074749316317,0.9472487494315598,0.17361303899035163,0.012507343652091454,0.8612461877655423,3.326192234671896
reused_development,pooled,4,full_schedule,all,raw_plus2020,2200,1,2199,2194,5,2093,0.9539653600729262,0.9517962710322874,0.13531859071261843,-0.06316272019228128,0.7718275693378556,1.8879659130243205
reused_development,pooled,4,full_schedule,all,normalized_original,2200,1,2199,2194,5,2079,0.9475843208751139,0.9454297407912687,0.1669297914343448,-0.003862661334050489,0.9143495615404377,3.4023469239867
reused_development,pooled,4,full_schedule,all,normalized_plus2020,2200,1,2199,2194,5,2091,0.9530537830446673,0.9508867667121419,0.13933201735849723,-0.06384313230465623,0.7829572142641712,1.864362775581144
reused_development,pooled,4,full_schedule,level_ge_7m,raw_original,2200,1,323,322,1,267,0.8291925465838509,0.826625386996904,0.38092762384535456,-0.1846181227428805,2.5362602489044477,3.326192234671896
reused_development,pooled,4,full_schedule,level_ge_7m,raw_plus2020,2200,1,323,322,1,281,0.8726708074534162,0.8699690402476781,0.2646718616477944,-0.07997588164198402,1.2926856923398347,1.8879659130243205
reused_development,pooled,4,full_schedule,level_ge_7m,normalized_original,2200,1,323,322,1,266,0.8260869565217391,0.8235294117647058,0.390232910366383,-0.21050923254603393,2.5970367545915902,3.4023469239867
reused_development,pooled,4,full_schedule,level_ge_7m,normalized_plus2020,2200,1,323,322,1,281,0.8726708074534162,0.8699690402476781,0.2665363783094245,-0.07023463790706799,1.2954791765926719,1.864362775581144
reused_development,pooled,4,complete24,all,raw_original,0,0,0,0,0,0,,,,,,
reused_development,pooled,4,complete24,all,raw_plus2020,0,0,0,0,0,0,,,,,,
reused_development,pooled,4,complete24,all,normalized_original,0,0,0,0,0,0,,,,,,
reused_development,pooled,4,complete24,all,normalized_plus2020,0,0,0,0,0,0,,,,,,
reused_development,pooled,4,complete24,level_ge_7m,raw_original,0,0,0,0,0,0,,,,,,
reused_development,pooled,4,complete24,level_ge_7m,raw_plus2020,0,0,0,0,0,0,,,,,,
reused_development,pooled,4,complete24,level_ge_7m,normalized_original,0,0,0,0,0,0,,,,,,
reused_development,pooled,4,complete24,level_ge_7m,normalized_plus2020,0,0,0,0,0,0,,,,,,
reused_development,pooled,4,missing24,all,raw_original,2200,1,2199,2194,5,2083,0.9494074749316317,0.9472487494315598,0.17361303899035163,0.012507343652091454,0.8612461877655423,3.326192234671896
reused_development,pooled,4,missing24,all,raw_plus2020,2200,1,2199,2194,5,2093,0.9539653600729262,0.9517962710322874,0.13531859071261843,-0.06316272019228128,0.7718275693378556,1.8879659130243205
reused_development,pooled,4,missing24,all,normalized_original,2200,1,2199,2194,5,2079,0.9475843208751139,0.9454297407912687,0.1669297914343448,-0.003862661334050489,0.9143495615404377,3.4023469239867
reused_development,pooled,4,missing24,all,normalized_plus2020,2200,1,2199,2194,5,2091,0.9530537830446673,0.9508867667121419,0.13933201735849723,-0.06384313230465623,0.7829572142641712,1.864362775581144
reused_development,pooled,4,missing24,level_ge_7m,raw_original,2200,1,323,322,1,267,0.8291925465838509,0.826625386996904,0.38092762384535456,-0.1846181227428805,2.5362602489044477,3.326192234671896
reused_development,pooled,4,missing24,level_ge_7m,raw_plus2020,2200,1,323,322,1,281,0.8726708074534162,0.8699690402476781,0.2646718616477944,-0.07997588164198402,1.2926856923398347,1.8879659130243205
reused_development,pooled,4,missing24,level_ge_7m,normalized_original,2200,1,323,322,1,266,0.8260869565217391,0.8235294117647058,0.390232910366383,-0.21050923254603393,2.5970367545915902,3.4023469239867
reused_development,pooled,4,missing24,level_ge_7m,normalized_plus2020,2200,1,323,322,1,281,0.8726708074534162,0.8699690402476781,0.2665363783094245,-0.07023463790706799,1.2954791765926719,1.864362775581144
reused_development,pooled,5,full_schedule,all,raw_original,2198,1,2197,2192,5,2027,0.9247262773722628,0.9226217569412836,0.19889990629478443,-0.02058810374159512,1.2969515965300826,3.961728095483049
reused_development,pooled,5,full_schedule,all,raw_plus2020,2198,1,2197,2192,5,2049,0.9347627737226277,0.9326354119253527,0.14739125039748457,-0.003716015688404312,0.8850827051263342,1.8810856778817495
reused_development,pooled,5,full_schedule,all,normalized_original,2198,1,2197,2192,5,2019,0.9210766423357665,0.9189804278561675,0.20259237972352676,-0.01928149308139823,1.3064881861276227,3.925921620751561
reused_development,pooled,5,full_schedule,all,normalized_plus2020,2198,1,2197,2192,5,2057,0.9384124087591241,0.9362767410104689,0.15136122054404189,0.007640910890276681,0.8867331756921205,2.0199780496110886
reused_development,pooled,5,full_schedule,level_ge_7m,raw_original,2198,1,323,322,1,235,0.7298136645962733,0.7275541795665634,0.5138318044011544,-0.29525520134080174,2.8197576229584094,3.961728095483049
reused_development,pooled,5,full_schedule,level_ge_7m,raw_plus2020,2198,1,323,322,1,250,0.7763975155279503,0.7739938080495357,0.36333075680285204,-0.06878564888996537,1.6602653658655298,1.8810856778817495
reused_development,pooled,5,full_schedule,level_ge_7m,normalized_original,2198,1,323,322,1,234,0.7267080745341615,0.7244582043343654,0.5218260149640156,-0.30716336559229834,2.828641437528595,3.925921620751561
reused_development,pooled,5,full_schedule,level_ge_7m,normalized_plus2020,2198,1,323,322,1,256,0.7950310559006211,0.7925696594427245,0.36871370825614336,-0.039068650952475005,1.6314454940711771,2.0199780496110886
reused_development,pooled,5,complete24,all,raw_original,0,0,0,0,0,0,,,,,,
reused_development,pooled,5,complete24,all,raw_plus2020,0,0,0,0,0,0,,,,,,
reused_development,pooled,5,complete24,all,normalized_original,0,0,0,0,0,0,,,,,,
reused_development,pooled,5,complete24,all,normalized_plus2020,0,0,0,0,0,0,,,,,,
reused_development,pooled,5,complete24,level_ge_7m,raw_original,0,0,0,0,0,0,,,,,,
reused_development,pooled,5,complete24,level_ge_7m,raw_plus2020,0,0,0,0,0,0,,,,,,
reused_development,pooled,5,complete24,level_ge_7m,normalized_original,0,0,0,0,0,0,,,,,,
reused_development,pooled,5,complete24,level_ge_7m,normalized_plus2020,0,0,0,0,0,0,,,,,,
reused_development,pooled,5,missing24,all,raw_original,2198,1,2197,2192,5,2027,0.9247262773722628,0.9226217569412836,0.19889990629478443,-0.02058810374159512,1.2969515965300826,3.961728095483049
reused_development,pooled,5,missing24,all,raw_plus2020,2198,1,2197,2192,5,2049,0.9347627737226277,0.9326354119253527,0.14739125039748457,-0.003716015688404312,0.8850827051263342,1.8810856778817495
reused_development,pooled,5,missing24,all,normalized_original,2198,1,2197,2192,5,2019,0.9210766423357665,0.9189804278561675,0.20259237972352676,-0.01928149308139823,1.3064881861276227,3.925921620751561
reused_development,pooled,5,missing24,all,normalized_plus2020,2198,1,2197,2192,5,2057,0.9384124087591241,0.9362767410104689,0.15136122054404189,0.007640910890276681,0.8867331756921205,2.0199780496110886
reused_development,pooled,5,missing24,level_ge_7m,raw_original,2198,1,323,322,1,235,0.7298136645962733,0.7275541795665634,0.5138318044011544,-0.29525520134080174,2.8197576229584094,3.961728095483049
reused_development,pooled,5,missing24,level_ge_7m,raw_plus2020,2198,1,323,322,1,250,0.7763975155279503,0.7739938080495357,0.36333075680285204,-0.06878564888996537,1.6602653658655298,1.8810856778817495
reused_development,pooled,5,missing24,level_ge_7m,normalized_original,2198,1,323,322,1,234,0.7267080745341615,0.7244582043343654,0.5218260149640156,-0.30716336559229834,2.828641437528595,3.925921620751561
reused_development,pooled,5,missing24,level_ge_7m,normalized_plus2020,2198,1,323,322,1,256,0.7950310559006211,0.7925696594427245,0.36871370825614336,-0.039068650952475005,1.6314454940711771,2.0199780496110886
reused_development,pooled,6,full_schedule,all,raw_original,2196,1,2195,2190,5,1965,0.8972602739726028,0.8952164009111617,0.25070742066869883,0.006272593490578885,1.4525550398872784,3.7423398159057095
reused_development,pooled,6,full_schedule,all,raw_plus2020,2196,1,2195,2190,5,2014,0.919634703196347,0.9175398633257403,0.19111858198351442,0.04604960633631193,1.0884751899997949,2.972565889347573
reused_development,pooled,6,full_schedule,all,normalized_original,2196,1,2195,2190,5,1934,0.8831050228310502,0.8810933940774488,0.2703869829209344,0.034823470049432405,1.4519191987400573,3.719968509507499
reused_development,pooled,6,full_schedule,all,normalized_plus2020,2196,1,2195,2190,5,2018,0.9214611872146119,0.9193621867881548,0.17885017455964672,-0.00463685996613495,1.0662183382525114,2.700151538037451
reused_development,pooled,6,full_schedule,level_ge_7m,raw_original,2196,1,323,322,1,202,0.6273291925465838,0.6253869969040248,0.6305515890896575,-0.31047579268116665,3.086009085798635,3.7423398159057095
reused_development,pooled,6,full_schedule,level_ge_7m,raw_plus2020,2196,1,323,322,1,227,0.7049689440993789,0.7027863777089783,0.4632935302314684,-0.08252534338238575,2.096170524646501,2.972565889347573
reused_development,pooled,6,full_schedule,level_ge_7m,normalized_original,2196,1,323,322,1,202,0.6273291925465838,0.6253869969040248,0.6320799144231315,-0.2909051074522846,3.078758018268282,3.719968509507499
reused_development,pooled,6,full_schedule,level_ge_7m,normalized_plus2020,2196,1,323,322,1,226,0.7018633540372671,0.6996904024767802,0.44668654264614693,-0.12807516239492414,1.9173068182342672,2.700151538037451
reused_development,pooled,6,complete24,all,raw_original,0,0,0,0,0,0,,,,,,
reused_development,pooled,6,complete24,all,raw_plus2020,0,0,0,0,0,0,,,,,,
reused_development,pooled,6,complete24,all,normalized_original,0,0,0,0,0,0,,,,,,
reused_development,pooled,6,complete24,all,normalized_plus2020,0,0,0,0,0,0,,,,,,
reused_development,pooled,6,complete24,level_ge_7m,raw_original,0,0,0,0,0,0,,,,,,
reused_development,pooled,6,complete24,level_ge_7m,raw_plus2020,0,0,0,0,0,0,,,,,,
reused_development,pooled,6,complete24,level_ge_7m,normalized_original,0,0,0,0,0,0,,,,,,
reused_development,pooled,6,complete24,level_ge_7m,normalized_plus2020,0,0,0,0,0,0,,,,,,
reused_development,pooled,6,missing24,all,raw_original,2196,1,2195,2190,5,1965,0.8972602739726028,0.8952164009111617,0.25070742066869883,0.006272593490578885,1.4525550398872784,3.7423398159057095
reused_development,pooled,6,missing24,all,raw_plus2020,2196,1,2195,2190,5,2014,0.919634703196347,0.9175398633257403,0.19111858198351442,0.04604960633631193,1.0884751899997949,2.972565889347573
reused_development,pooled,6,missing24,all,normalized_original,2196,1,2195,2190,5,1934,0.8831050228310502,0.8810933940774488,0.2703869829209344,0.034823470049432405,1.4519191987400573,3.719968509507499
reused_development,pooled,6,missing24,all,normalized_plus2020,2196,1,2195,2190,5,2018,0.9214611872146119,0.9193621867881548,0.17885017455964672,-0.00463685996613495,1.0662183382525114,2.700151538037451
reused_development,pooled,6,missing24,level_ge_7m,raw_original,2196,1,323,322,1,202,0.6273291925465838,0.6253869969040248,0.6305515890896575,-0.31047579268116665,3.086009085798635,3.7423398159057095
reused_development,pooled,6,missing24,level_ge_7m,raw_plus2020,2196,1,323,322,1,227,0.7049689440993789,0.7027863777089783,0.4632935302314684,-0.08252534338238575,2.096170524646501,2.972565889347573
reused_development,pooled,6,missing24,level_ge_7m,normalized_original,2196,1,323,322,1,202,0.6273291925465838,0.6253869969040248,0.6320799144231315,-0.2909051074522846,3.078758018268282,3.719968509507499
reused_development,pooled,6,missing24,level_ge_7m,normalized_plus2020,2196,1,323,322,1,226,0.7018633540372671,0.6996904024767802,0.44668654264614693,-0.12807516239492414,1.9173068182342672,2.700151538037451
reused_development,pooled,7,full_schedule,all,raw_original,2194,1,2193,2188,5,1433,0.6549360146252285,0.6534427724578203,0.3834605917165292,0.1160198486236449,1.7666652598735657,4.569209618198557
reused_development,pooled,7,full_schedule,all,raw_plus2020,2194,1,2193,2188,5,1926,0.8802559414990859,0.8782489740082079,0.24626658471943583,0.02949364358985978,1.4661119138590546,3.3006971429938847
reused_development,pooled,7,full_schedule,all,normalized_original,2194,1,2193,2188,5,1412,0.6453382084095064,0.6438668490652075,0.39496035529645324,0.12764603097140395,1.7492140462761636,4.53452860734774
reused_development,pooled,7,full_schedule,all,normalized_plus2020,2194,1,2193,2188,5,1929,0.8816270566727605,0.8796169630642955,0.2504195996845905,0.040021133195333604,1.4415273250932987,3.298786037695713
reused_development,pooled,7,full_schedule,level_ge_7m,raw_original,2194,1,323,322,1,189,0.5869565217391305,0.5851393188854489,0.7082437742963906,-0.3120186118994435,3.774476898031513,4.569209618198557
reused_development,pooled,7,full_schedule,level_ge_7m,raw_plus2020,2194,1,323,322,1,201,0.6242236024844721,0.6222910216718266,0.5844446599102671,-0.2539953691878982,2.3680590004551663,3.3006971429938847
reused_development,pooled,7,full_schedule,level_ge_7m,normalized_original,2194,1,323,322,1,189,0.5869565217391305,0.5851393188854489,0.7043880715921749,-0.3256594487463151,3.785656627848931,4.53452860734774
reused_development,pooled,7,full_schedule,level_ge_7m,normalized_plus2020,2194,1,323,322,1,207,0.6428571428571429,0.6408668730650154,0.5829054539332793,-0.2615721659772118,2.443245679352574,3.298786037695713
reused_development,pooled,7,complete24,all,raw_original,0,0,0,0,0,0,,,,,,
reused_development,pooled,7,complete24,all,raw_plus2020,0,0,0,0,0,0,,,,,,
reused_development,pooled,7,complete24,all,normalized_original,0,0,0,0,0,0,,,,,,
reused_development,pooled,7,complete24,all,normalized_plus2020,0,0,0,0,0,0,,,,,,
reused_development,pooled,7,complete24,level_ge_7m,raw_original,0,0,0,0,0,0,,,,,,
reused_development,pooled,7,complete24,level_ge_7m,raw_plus2020,0,0,0,0,0,0,,,,,,
reused_development,pooled,7,complete24,level_ge_7m,normalized_original,0,0,0,0,0,0,,,,,,
reused_development,pooled,7,complete24,level_ge_7m,normalized_plus2020,0,0,0,0,0,0,,,,,,
reused_development,pooled,7,missing24,all,raw_original,2194,1,2193,2188,5,1433,0.6549360146252285,0.6534427724578203,0.3834605917165292,0.1160198486236449,1.7666652598735657,4.569209618198557
reused_development,pooled,7,missing24,all,raw_plus2020,2194,1,2193,2188,5,1926,0.8802559414990859,0.8782489740082079,0.24626658471943583,0.02949364358985978,1.4661119138590546,3.3006971429938847
reused_development,pooled,7,missing24,all,normalized_original,2194,1,2193,2188,5,1412,0.6453382084095064,0.6438668490652075,0.39496035529645324,0.12764603097140395,1.7492140462761636,4.53452860734774
reused_development,pooled,7,missing24,all,normalized_plus2020,2194,1,2193,2188,5,1929,0.8816270566727605,0.8796169630642955,0.2504195996845905,0.040021133195333604,1.4415273250932987,3.298786037695713
reused_development,pooled,7,missing24,level_ge_7m,raw_original,2194,1,323,322,1,189,0.5869565217391305,0.5851393188854489,0.7082437742963906,-0.3120186118994435,3.774476898031513,4.569209618198557
reused_development,pooled,7,missing24,level_ge_7m,raw_plus2020,2194,1,323,322,1,201,0.6242236024844721,0.6222910216718266,0.5844446599102671,-0.2539953691878982,2.3680590004551663,3.3006971429938847
reused_development,pooled,7,missing24,level_ge_7m,normalized_original,2194,1,323,322,1,189,0.5869565217391305,0.5851393188854489,0.7043880715921749,-0.3256594487463151,3.785656627848931,4.53452860734774
reused_development,pooled,7,missing24,level_ge_7m,normalized_plus2020,2194,1,323,322,1,207,0.6428571428571429,0.6408668730650154,0.5829054539332793,-0.2615721659772118,2.443245679352574,3.298786037695713
reused_development,pooled,8,full_schedule,all,raw_original,2192,1,2191,2186,5,1318,0.6029277218664227,0.6015518028297581,0.4791548196563327,0.21655329227370013,1.7080727501830653,4.769363882540022
reused_development,pooled,8,full_schedule,all,raw_plus2020,2192,1,2191,2186,5,1866,0.8536139066788655,0.851665905979005,0.28441599814852636,0.033385987365800264,1.592433061370437,4.016142337131393
reused_development,pooled,8,full_schedule,all,normalized_original,2192,1,2191,2186,5,1329,0.6079597438243367,0.6065723413966225,0.46949762786542026,0.20802470478512888,1.71969045737161,4.7169059938230475
reused_development,pooled,8,full_schedule,all,normalized_plus2020,2192,1,2191,2186,5,1883,0.8613906678865508,0.8594249201277955,0.28479769435437324,0.02501349207722139,1.6738816061954929,3.9726443923618895
reused_development,pooled,8,full_schedule,level_ge_7m,raw_original,2192,1,323,322,1,176,0.546583850931677,0.544891640866873,0.7427031199290579,-0.26146298295003245,3.918704347573281,4.769363882540022
reused_development,pooled,8,full_schedule,level_ge_7m,raw_plus2020,2192,1,323,322,1,191,0.593167701863354,0.5913312693498453,0.6606117167907686,-0.3501808704410622,2.6577816776048153,4.016142337131393
reused_development,pooled,8,full_schedule,level_ge_7m,normalized_original,2192,1,323,322,1,182,0.5652173913043478,0.5634674922600619,0.7270684931408264,-0.277368958057322,3.8886572575380502,4.7169059938230475
reused_development,pooled,8,full_schedule,level_ge_7m,normalized_plus2020,2192,1,323,322,1,195,0.6055900621118012,0.6037151702786377,0.6708297851691579,-0.3765895641362164,2.7780656795571317,3.9726443923618895
reused_development,pooled,8,complete24,all,raw_original,0,0,0,0,0,0,,,,,,
reused_development,pooled,8,complete24,all,raw_plus2020,0,0,0,0,0,0,,,,,,
reused_development,pooled,8,complete24,all,normalized_original,0,0,0,0,0,0,,,,,,
reused_development,pooled,8,complete24,all,normalized_plus2020,0,0,0,0,0,0,,,,,,
reused_development,pooled,8,complete24,level_ge_7m,raw_original,0,0,0,0,0,0,,,,,,
reused_development,pooled,8,complete24,level_ge_7m,raw_plus2020,0,0,0,0,0,0,,,,,,
reused_development,pooled,8,complete24,level_ge_7m,normalized_original,0,0,0,0,0,0,,,,,,
reused_development,pooled,8,complete24,level_ge_7m,normalized_plus2020,0,0,0,0,0,0,,,,,,
reused_development,pooled,8,missing24,all,raw_original,2192,1,2191,2186,5,1318,0.6029277218664227,0.6015518028297581,0.4791548196563327,0.21655329227370013,1.7080727501830653,4.769363882540022
reused_development,pooled,8,missing24,all,raw_plus2020,2192,1,2191,2186,5,1866,0.8536139066788655,0.851665905979005,0.28441599814852636,0.033385987365800264,1.592433061370437,4.016142337131393
reused_development,pooled,8,missing24,all,normalized_original,2192,1,2191,2186,5,1329,0.6079597438243367,0.6065723413966225,0.46949762786542026,0.20802470478512888,1.71969045737161,4.7169059938230475
reused_development,pooled,8,missing24,all,normalized_plus2020,2192,1,2191,2186,5,1883,0.8613906678865508,0.8594249201277955,0.28479769435437324,0.02501349207722139,1.6738816061954929,3.9726443923618895
reused_development,pooled,8,missing24,level_ge_7m,raw_original,2192,1,323,322,1,176,0.546583850931677,0.544891640866873,0.7427031199290579,-0.26146298295003245,3.918704347573281,4.769363882540022
reused_development,pooled,8,missing24,level_ge_7m,raw_plus2020,2192,1,323,322,1,191,0.593167701863354,0.5913312693498453,0.6606117167907686,-0.3501808704410622,2.6577816776048153,4.016142337131393
reused_development,pooled,8,missing24,level_ge_7m,normalized_original,2192,1,323,322,1,182,0.5652173913043478,0.5634674922600619,0.7270684931408264,-0.277368958057322,3.8886572575380502,4.7169059938230475
reused_development,pooled,8,missing24,level_ge_7m,normalized_plus2020,2192,1,323,322,1,195,0.6055900621118012,0.6037151702786377,0.6708297851691579,-0.3765895641362164,2.7780656795571317,3.9726443923618895
reused_development,pooled,9,full_schedule,all,raw_original,2190,1,2189,2184,5,1296,0.5934065934065934,0.5920511649154865,0.5733562202661823,0.21021517448763985,2.0538322055579252,5.254545046447809
reused_development,pooled,9,full_schedule,all,raw_plus2020,2190,1,2189,2184,5,1756,0.8040293040293041,0.8021927820922796,0.3323996310843013,0.09047249213011636,1.888595304699899,4.132870009052942
reused_development,pooled,9,full_schedule,all,normalized_original,2190,1,2189,2184,5,1308,0.5989010989010989,0.5975331201461854,0.5530661941169781,0.21774596602609095,1.9911527169230698,5.230475570797594
reused_development,pooled,9,full_schedule,all,normalized_plus2020,2190,1,2189,2184,5,1771,0.8108974358974359,0.8090452261306532,0.33041156214747897,0.0498739760522878,1.913456237691609,4.083890560813792
reused_development,pooled,9,full_schedule,level_ge_7m,raw_original,2190,1,323,322,1,173,0.5372670807453416,0.5356037151702786,0.8052304494858932,-0.40970560485357066,4.394736220664343,5.254545046447809
reused_development,pooled,9,full_schedule,level_ge_7m,raw_plus2020,2190,1,323,322,1,174,0.5403726708074534,0.5386996904024768,0.7597501030749056,-0.32006752423814283,3.0353590267867347,4.132870009052942
reused_development,pooled,9,full_schedule,level_ge_7m,normalized_original,2190,1,323,322,1,176,0.546583850931677,0.544891640866873,0.8006693315746197,-0.4026530910100561,4.345702464133143,5.230475570797594
reused_development,pooled,9,full_schedule,level_ge_7m,normalized_plus2020,2190,1,323,322,1,170,0.5279503105590062,0.5263157894736842,0.7697123149652927,-0.3495550808891467,3.0026056155988465,4.083890560813792
reused_development,pooled,9,complete24,all,raw_original,0,0,0,0,0,0,,,,,,
reused_development,pooled,9,complete24,all,raw_plus2020,0,0,0,0,0,0,,,,,,
reused_development,pooled,9,complete24,all,normalized_original,0,0,0,0,0,0,,,,,,
reused_development,pooled,9,complete24,all,normalized_plus2020,0,0,0,0,0,0,,,,,,
reused_development,pooled,9,complete24,level_ge_7m,raw_original,0,0,0,0,0,0,,,,,,
reused_development,pooled,9,complete24,level_ge_7m,raw_plus2020,0,0,0,0,0,0,,,,,,
reused_development,pooled,9,complete24,level_ge_7m,normalized_original,0,0,0,0,0,0,,,,,,
reused_development,pooled,9,complete24,level_ge_7m,normalized_plus2020,0,0,0,0,0,0,,,,,,
reused_development,pooled,9,missing24,all,raw_original,2190,1,2189,2184,5,1296,0.5934065934065934,0.5920511649154865,0.5733562202661823,0.21021517448763985,2.0538322055579252,5.254545046447809
reused_development,pooled,9,missing24,all,raw_plus2020,2190,1,2189,2184,5,1756,0.8040293040293041,0.8021927820922796,0.3323996310843013,0.09047249213011636,1.888595304699899,4.132870009052942
reused_development,pooled,9,missing24,all,normalized_original,2190,1,2189,2184,5,1308,0.5989010989010989,0.5975331201461854,0.5530661941169781,0.21774596602609095,1.9911527169230698,5.230475570797594
reused_development,pooled,9,missing24,all,normalized_plus2020,2190,1,2189,2184,5,1771,0.8108974358974359,0.8090452261306532,0.33041156214747897,0.0498739760522878,1.913456237691609,4.083890560813792
reused_development,pooled,9,missing24,level_ge_7m,raw_original,2190,1,323,322,1,173,0.5372670807453416,0.5356037151702786,0.8052304494858932,-0.40970560485357066,4.394736220664343,5.254545046447809
reused_development,pooled,9,missing24,level_ge_7m,raw_plus2020,2190,1,323,322,1,174,0.5403726708074534,0.5386996904024768,0.7597501030749056,-0.32006752423814283,3.0353590267867347,4.132870009052942
reused_development,pooled,9,missing24,level_ge_7m,normalized_original,2190,1,323,322,1,176,0.546583850931677,0.544891640866873,0.8006693315746197,-0.4026530910100561,4.345702464133143,5.230475570797594
reused_development,pooled,9,missing24,level_ge_7m,normalized_plus2020,2190,1,323,322,1,170,0.5279503105590062,0.5263157894736842,0.7697123149652927,-0.3495550808891467,3.0026056155988465,4.083890560813792
reused_development,pooled,10,full_schedule,all,raw_original,2188,1,2187,2182,5,1307,0.5989917506874427,0.5976223136716964,0.511187915540855,0.06661534052443686,2.361498806891629,5.808953649485105
reused_development,pooled,10,full_schedule,all,raw_plus2020,2188,1,2187,2182,5,1868,0.8560953253895509,0.85413808870599,0.32035143831786217,-0.09457198690469054,1.8418078271492972,4.84275269613387
reused_development,pooled,10,full_schedule,all,normalized_original,2188,1,2187,2182,5,1313,0.6017415215398717,0.6003657978966621,0.5056825194588508,0.051811298101920755,2.371760782768335,5.817101526280356
reused_development,pooled,10,full_schedule,all,normalized_plus2020,2188,1,2187,2182,5,1867,0.8556370302474794,0.8536808413351623,0.32024209492680866,-0.09639262029761801,1.8438754762868708,4.8409445450246675
reused_development,pooled,10,full_schedule,level_ge_7m,raw_original,2188,1,323,322,1,141,0.43788819875776397,0.43653250773993807,0.9327838378638094,-0.6786595200818447,4.723767417951268,5.808953649485105
reused_development,pooled,10,full_schedule,level_ge_7m,raw_plus2020,2188,1,323,322,1,135,0.4192546583850932,0.4179566563467492,0.9009359568149921,-0.5210735234759867,3.290910589320115,4.84275269613387
reused_development,pooled,10,full_schedule,level_ge_7m,normalized_original,2188,1,323,322,1,139,0.43167701863354035,0.43034055727554177,0.9373775284125648,-0.6936484263074326,4.726806581133584,5.817101526280356
reused_development,pooled,10,full_schedule,level_ge_7m,normalized_plus2020,2188,1,323,322,1,133,0.41304347826086957,0.4117647058823529,0.9041073786578885,-0.5258156204981119,3.3062645574176948,4.8409445450246675
reused_development,pooled,10,complete24,all,raw_original,0,0,0,0,0,0,,,,,,
reused_development,pooled,10,complete24,all,raw_plus2020,0,0,0,0,0,0,,,,,,
reused_development,pooled,10,complete24,all,normalized_original,0,0,0,0,0,0,,,,,,
reused_development,pooled,10,complete24,all,normalized_plus2020,0,0,0,0,0,0,,,,,,
reused_development,pooled,10,complete24,level_ge_7m,raw_original,0,0,0,0,0,0,,,,,,
reused_development,pooled,10,complete24,level_ge_7m,raw_plus2020,0,0,0,0,0,0,,,,,,
reused_development,pooled,10,complete24,level_ge_7m,normalized_original,0,0,0,0,0,0,,,,,,
reused_development,pooled,10,complete24,level_ge_7m,normalized_plus2020,0,0,0,0,0,0,,,,,,
reused_development,pooled,10,missing24,all,raw_original,2188,1,2187,2182,5,1307,0.5989917506874427,0.5976223136716964,0.511187915540855,0.06661534052443686,2.361498806891629,5.808953649485105
reused_development,pooled,10,missing24,all,raw_plus2020,2188,1,2187,2182,5,1868,0.8560953253895509,0.85413808870599,0.32035143831786217,-0.09457198690469054,1.8418078271492972,4.84275269613387
reused_development,pooled,10,missing24,all,normalized_original,2188,1,2187,2182,5,1313,0.6017415215398717,0.6003657978966621,0.5056825194588508,0.051811298101920755,2.371760782768335,5.817101526280356
reused_development,pooled,10,missing24,all,normalized_plus2020,2188,1,2187,2182,5,1867,0.8556370302474794,0.8536808413351623,0.32024209492680866,-0.09639262029761801,1.8438754762868708,4.8409445450246675
reused_development,pooled,10,missing24,level_ge_7m,raw_original,2188,1,323,322,1,141,0.43788819875776397,0.43653250773993807,0.9327838378638094,-0.6786595200818447,4.723767417951268,5.808953649485105
reused_development,pooled,10,missing24,level_ge_7m,raw_plus2020,2188,1,323,322,1,135,0.4192546583850932,0.4179566563467492,0.9009359568149921,-0.5210735234759867,3.290910589320115,4.84275269613387
reused_development,pooled,10,missing24,level_ge_7m,normalized_original,2188,1,323,322,1,139,0.43167701863354035,0.43034055727554177,0.9373775284125648,-0.6936484263074326,4.726806581133584,5.817101526280356
reused_development,pooled,10,missing24,level_ge_7m,normalized_plus2020,2188,1,323,322,1,133,0.41304347826086957,0.4117647058823529,0.9041073786578885,-0.5258156204981119,3.3062645574176948,4.8409445450246675
reused_development,pooled,11,full_schedule,all,raw_original,2186,1,2185,2180,5,1736,0.7963302752293578,0.7945080091533181,0.428236878553531,-0.12325202983449222,2.4927000019841645,6.101533435936715
reused_development,pooled,11,full_schedule,all,raw_plus2020,2186,1,2185,2180,5,1776,0.8146788990825689,0.8128146453089244,0.3825311418466471,-0.19314955205691461,2.2260379285534833,5.067030789417254
reused_development,pooled,11,full_schedule,all,normalized_original,2186,1,2185,2180,5,1728,0.7926605504587156,0.7908466819221968,0.43190930318101795,-0.1242002315355551,2.4909978419233543,6.070935566790798
reused_development,pooled,11,full_schedule,all,normalized_plus2020,2186,1,2185,2180,5,1813,0.831651376146789,0.8297482837528604,0.3890718223580385,-0.12605784707039777,2.1381411848227767,4.8886468622460235
reused_development,pooled,11,full_schedule,level_ge_7m,raw_original,2186,1,323,322,1,149,0.46273291925465837,0.4613003095975232,0.9718228253822714,-0.7526268010681825,4.89953579507205,6.101533435936715
reused_development,pooled,11,full_schedule,level_ge_7m,raw_plus2020,2186,1,323,322,1,127,0.3944099378881988,0.3931888544891641,1.0091162402108784,-0.6819289653155435,3.9790481856627564,5.067030789417254
reused_development,pooled,11,full_schedule,level_ge_7m,normalized_original,2186,1,323,322,1,146,0.453416149068323,0.4520123839009288,0.9734307781743027,-0.7520988176146677,4.892773312779264,6.070935566790798
reused_development,pooled,11,full_schedule,level_ge_7m,normalized_plus2020,2186,1,323,322,1,132,0.40993788819875776,0.4086687306501548,0.9956143394552274,-0.6442769513618547,3.938439733508058,4.8886468622460235
reused_development,pooled,11,complete24,all,raw_original,0,0,0,0,0,0,,,,,,
reused_development,pooled,11,complete24,all,raw_plus2020,0,0,0,0,0,0,,,,,,
reused_development,pooled,11,complete24,all,normalized_original,0,0,0,0,0,0,,,,,,
reused_development,pooled,11,complete24,all,normalized_plus2020,0,0,0,0,0,0,,,,,,
reused_development,pooled,11,complete24,level_ge_7m,raw_original,0,0,0,0,0,0,,,,,,
reused_development,pooled,11,complete24,level_ge_7m,raw_plus2020,0,0,0,0,0,0,,,,,,
reused_development,pooled,11,complete24,level_ge_7m,normalized_original,0,0,0,0,0,0,,,,,,
reused_development,pooled,11,complete24,level_ge_7m,normalized_plus2020,0,0,0,0,0,0,,,,,,
reused_development,pooled,11,missing24,all,raw_original,2186,1,2185,2180,5,1736,0.7963302752293578,0.7945080091533181,0.428236878553531,-0.12325202983449222,2.4927000019841645,6.101533435936715
reused_development,pooled,11,missing24,all,raw_plus2020,2186,1,2185,2180,5,1776,0.8146788990825689,0.8128146453089244,0.3825311418466471,-0.19314955205691461,2.2260379285534833,5.067030789417254
reused_development,pooled,11,missing24,all,normalized_original,2186,1,2185,2180,5,1728,0.7926605504587156,0.7908466819221968,0.43190930318101795,-0.1242002315355551,2.4909978419233543,6.070935566790798
reused_development,pooled,11,missing24,all,normalized_plus2020,2186,1,2185,2180,5,1813,0.831651376146789,0.8297482837528604,0.3890718223580385,-0.12605784707039777,2.1381411848227767,4.8886468622460235
reused_development,pooled,11,missing24,level_ge_7m,raw_original,2186,1,323,322,1,149,0.46273291925465837,0.4613003095975232,0.9718228253822714,-0.7526268010681825,4.89953579507205,6.101533435936715
reused_development,pooled,11,missing24,level_ge_7m,raw_plus2020,2186,1,323,322,1,127,0.3944099378881988,0.3931888544891641,1.0091162402108784,-0.6819289653155435,3.9790481856627564,5.067030789417254
reused_development,pooled,11,missing24,level_ge_7m,normalized_original,2186,1,323,322,1,146,0.453416149068323,0.4520123839009288,0.9734307781743027,-0.7520988176146677,4.892773312779264,6.070935566790798
reused_development,pooled,11,missing24,level_ge_7m,normalized_plus2020,2186,1,323,322,1,132,0.40993788819875776,0.4086687306501548,0.9956143394552274,-0.6442769513618547,3.938439733508058,4.8886468622460235
reused_development,pooled,12,full_schedule,all,raw_original,2184,1,2183,2178,5,1583,0.7268135904499541,0.7251488776912506,0.47904123005407495,-0.10435068498870258,2.489594393553119,5.816916608456574
reused_development,pooled,12,full_schedule,all,raw_plus2020,2184,1,2183,2178,5,1650,0.7575757575757576,0.7558405863490609,0.4214282207217921,-0.2102291286797717,2.037343202857719,4.877715042712763
reused_development,pooled,12,full_schedule,all,normalized_original,2184,1,2183,2178,5,1597,0.7332415059687787,0.7315620705451213,0.47955808057712146,-0.1033612454734248,2.4788478516200123,5.790282347246378
reused_development,pooled,12,full_schedule,all,normalized_plus2020,2184,1,2183,2178,5,1642,0.7539026629935721,0.7521759047182776,0.42463587909810535,-0.18483049409452457,2.015225106525756,4.7442356491800926
reused_development,pooled,12,full_schedule,level_ge_7m,raw_original,2184,1,323,322,1,153,0.4751552795031056,0.47368421052631576,1.007857115558487,-0.7836176860323235,4.765466797033357,5.816916608456574
reused_development,pooled,12,full_schedule,level_ge_7m,raw_plus2020,2184,1,323,322,1,130,0.40372670807453415,0.4024767801857585,1.0357343929139633,-0.6099950492610778,4.0201189128093855,4.877715042712763
reused_development,pooled,12,full_schedule,level_ge_7m,normalized_original,2184,1,323,322,1,150,0.4658385093167702,0.46439628482972134,1.0109459914383983,-0.7879592247848678,4.7663228337709755,5.790282347246378
reused_development,pooled,12,full_schedule,level_ge_7m,normalized_plus2020,2184,1,323,322,1,124,0.38509316770186336,0.38390092879256965,1.0312944690893509,-0.5733085126159273,3.9722489638099012,4.7442356491800926
reused_development,pooled,12,complete24,all,raw_original,0,0,0,0,0,0,,,,,,
reused_development,pooled,12,complete24,all,raw_plus2020,0,0,0,0,0,0,,,,,,
reused_development,pooled,12,complete24,all,normalized_original,0,0,0,0,0,0,,,,,,
reused_development,pooled,12,complete24,all,normalized_plus2020,0,0,0,0,0,0,,,,,,
reused_development,pooled,12,complete24,level_ge_7m,raw_original,0,0,0,0,0,0,,,,,,
reused_development,pooled,12,complete24,level_ge_7m,raw_plus2020,0,0,0,0,0,0,,,,,,
reused_development,pooled,12,complete24,level_ge_7m,normalized_original,0,0,0,0,0,0,,,,,,
reused_development,pooled,12,complete24,level_ge_7m,normalized_plus2020,0,0,0,0,0,0,,,,,,
reused_development,pooled,12,missing24,all,raw_original,2184,1,2183,2178,5,1583,0.7268135904499541,0.7251488776912506,0.47904123005407495,-0.10435068498870258,2.489594393553119,5.816916608456574
reused_development,pooled,12,missing24,all,raw_plus2020,2184,1,2183,2178,5,1650,0.7575757575757576,0.7558405863490609,0.4214282207217921,-0.2102291286797717,2.037343202857719,4.877715042712763
reused_development,pooled,12,missing24,all,normalized_original,2184,1,2183,2178,5,1597,0.7332415059687787,0.7315620705451213,0.47955808057712146,-0.1033612454734248,2.4788478516200123,5.790282347246378
reused_development,pooled,12,missing24,all,normalized_plus2020,2184,1,2183,2178,5,1642,0.7539026629935721,0.7521759047182776,0.42463587909810535,-0.18483049409452457,2.015225106525756,4.7442356491800926
reused_development,pooled,12,missing24,level_ge_7m,raw_original,2184,1,323,322,1,153,0.4751552795031056,0.47368421052631576,1.007857115558487,-0.7836176860323235,4.765466797033357,5.816916608456574
reused_development,pooled,12,missing24,level_ge_7m,raw_plus2020,2184,1,323,322,1,130,0.40372670807453415,0.4024767801857585,1.0357343929139633,-0.6099950492610778,4.0201189128093855,4.877715042712763
reused_development,pooled,12,missing24,level_ge_7m,normalized_original,2184,1,323,322,1,150,0.4658385093167702,0.46439628482972134,1.0109459914383983,-0.7879592247848678,4.7663228337709755,5.790282347246378
reused_development,pooled,12,missing24,level_ge_7m,normalized_plus2020,2184,1,323,322,1,124,0.38509316770186336,0.38390092879256965,1.0312944690893509,-0.5733085126159273,3.9722489638099012,4.7442356491800926
