{"type": "Feature", "properties": {"source": "ANA BHO2017 5K", "outlet_reach": 125779, "reach_upstream_area_km2": 16047.2535, "limit": "includes full local outlet catchment of 12.828 km2; not a surveyed gauge watershed"}, "geometry": {"type": "Polygon", "coordinates": [[[-51.71158839999998, -29.241720599195204], [-51.71446409999999, -29.242006399195176], [-51.715844800000006, -29.242114599195173], [-51.719603000000006, -29.242352799195174], [-51.72052869999999, -29.242464399195207], [-51.724414700000004, -29.243408599195174], [-51.7256671, -29.24366589919516], [-51.72684459999999, -29.24380039919516], [-51.7280677, -29.243839799195158], [-51.72930150000001, -29.243784999195164], [-51.73051370000002, -29.243635599195176], [-51.732420299999994, -29.243213799195157], [-51.73498169999999, -29.24240419919519], [-51.73638519999997, -29.241897699195178], [-51.73773970000003, -29.24133139919518], [-51.73888349999999, -29.240743999195228], [-51.73997109999999, -29.240106899195222], [-51.74254109999998, -29.23846109919525], [-51.746544400000005, -29.23577789919532], [-51.74797990000002, -29.234755999195322], [-51.75000369999998, -29.233224899195328], [-51.75098910000003, -29.232544599195343], [-51.752012099999995, -29.23191669919537], [-51.75357520000001, -29.231132399195346], [-51.75572379999999, -29.2303356991954], [-51.75687859999999, -29.230027099195368], [-51.75793299999997, -29.22985439919542], [-51.75898960000001, -29.229777199195397], [-51.761220499999986, -29.22978429919542], [-51.762331200000006, -29.22975499919542], [-51.76330050000002, -29.229624099195423], [-51.764831199999996, -29.229168399195405], [-51.76615129999999, -29.228516299195437], [-51.76706180000002, -29.227885099195408], [-51.76799060000002, -29.227064699195484], [-51.7687808, -29.226261599195453], [-51.76944639999999, -29.225506299195484], [-51.77008009999997, -29.224647399195476], [-51.77128800000003, -29.22285129919554], [-51.772335699999985, -29.221527199195567], [-51.77380399999998, -29.22009999919557], [-51.775017100000014, -29.219174899195572], [-51.77623249999999, -29.21838839919558], [-51.77704030000001, -29.2179108991956], [-51.779032700000016, -29.216859599195654], [-51.78050280000002, -29.21614849919561], [-51.78205170000001, -29.21548639919563], [-51.783187999999996, -29.21509699919568], [-51.78535790000001, -29.214502899195686], [-51.788043699999996, -29.21448719919568], [-51.78912020000001, -29.21455939919565], [-51.78971500000001, -29.215184999195678], [-51.79083689999999, -29.21535289919567], [-51.79285809999999, -29.215335999195638], [-51.794581900000026, -29.214347699195688], [-51.79569700000002, -29.213601399195696], [-51.796887500000025, -29.212685599195684], [-51.7980824, -29.2116573991957], [-51.7996794, -29.210098899195735], [-51.80150040000001, -29.20804969919578], [-51.80276079999999, -29.206711399195818], [-51.803941399999985, -29.205653299195806], [-51.80479539999999, -29.20482869919584], [-51.805608399999976, -29.203969599195844], [-51.80726800000002, -29.202110299195887], [-51.80845690000002, -29.200896999195898], [-51.80931399999997, -29.20009059919592], [-51.810205900000035, -29.19932779919592], [-51.8116961, -29.198267499195932], [-51.81275210000001, -29.197717199195967], [-51.81430419999998, -29.197209599195972], [-51.81571839999997, -29.19697639919594], [-51.81722079999997, -29.19699199919599], [-51.818462200000006, -29.197167399195976], [-51.82092239999997, -29.197628099195942], [-51.82264479999997, -29.19771839919594], [-51.824175500000024, -29.197602699195958], [-51.825796399999994, -29.197371399195973], [-51.82755850000001, -29.196989699195985], [-51.828558699999974, -29.196732599195986], [-51.829517399999986, -29.196418799195975], [-51.830801899999976, -29.195769799195986], [-51.832622800000024, -29.194442499196], [-51.833267999999975, -29.193834899196037], [-51.8346947, -29.192144199196022], [-51.835425600000015, -29.190977299196057], [-51.836088399999994, -29.18944209919611], [-51.83619169999997, -29.188669499196116], [-51.83821510000001, -29.188676199196088], [-51.83869099999998, -29.18783619919612], [-51.84249390000002, -29.187823799196124], [-51.84344110000001, -29.18791509919613], [-51.843955499999986, -29.188580899196086], [-51.8453586, -29.188669399196087], [-51.846516300000026, -29.187318699196133], [-51.84921300000002, -29.1848819991962], [-51.84990069999998, -29.184332899196207], [-51.851207199999976, -29.1835463991962], [-51.852042400000016, -29.18323149919618], [-51.85291649999999, -29.182997199196198], [-51.8556456, -29.182378199196236], [-51.85996940000001, -29.181270199196206], [-51.86250879999999, -29.18070309919627], [-51.863430100000016, -29.180521599196275], [-51.86621930000001, -29.18005279919626], [-51.86905380000002, -29.17939249919628], [-51.87017049999997, -29.179234699196275], [-51.871651199999974, -29.1791182991963], [-51.87323109999999, -29.178879699196262], [-51.87530340000001, -29.178384499196277], [-51.87632339999999, -29.1781984991963], [-51.87741429999999, -29.178054199196314], [-51.88085139999998, -29.177698799196275], [-51.881968700000016, -29.17754779919631], [-51.88304920000001, -29.177315399196306], [-51.88391360000003, -29.17701439919633], [-51.88482590000001, -29.176613199196343], [-51.88569080000002, -29.17612829919635], [-51.8864514, -29.175553899196352], [-51.88704069999999, -29.174935999196357], [-51.888172499999996, -29.17320579919639], [-51.888543500000026, -29.172379199196417], [-51.888690899999965, -29.172002999196412], [-51.887197000000015, -29.17129039919639], [-51.88600639999998, -29.170317399196424], [-51.884781499999974, -29.169131399196473], [-51.883905200000015, -29.168439999196433], [-51.883021299999996, -29.167669099196488], [-51.8822328, -29.166879899196505], [-51.88177889999997, -29.166118799196497], [-51.88168409999997, -29.165263799196513], [-51.8819843, -29.163927099196563], [-51.88199650000001, -29.163073199196525], [-51.881523000000016, -29.16226649919655], [-51.880869099999984, -29.161583699196576], [-51.880086600000034, -29.160593599196634], [-51.87931009999999, -29.159724199196646], [-51.877073199999984, -29.15740849919663], [-51.87648619999999, -29.156665799196656], [-51.875773400000014, -29.155269499196663], [-51.87545799999999, -29.153996899196684], [-51.875338399999976, -29.15240589919676], [-51.87535810000003, -29.152002799196737], [-51.876105999999986, -29.150366299196747], [-51.87641550000001, -29.149084199196793], [-51.8767057, -29.147608699196812], [-51.87692349999998, -29.146210099196857], [-51.87703640000001, -29.144396999196903], [-51.8769603, -29.143248799196872], [-51.87672470000001, -29.14198209919692], [-51.87639109999997, -29.14086769919694], [-51.875757599999986, -29.13922819919695], [-51.8755822, -29.138430799196964], [-51.87560539999998, -29.137639299196984], [-51.87582850000001, -29.13677129919703], [-51.876241400000026, -29.13597579919701], [-51.87764950000002, -29.134509299197035], [-51.87824130000001, -29.133691399197037], [-51.87861340000001, -29.132651799197095], [-51.87870120000002, -29.131480599197083], [-51.878622399999976, -29.130389099197124], [-51.8783295, -29.128320599197142], [-51.8781601, -29.1266329991972], [-51.878160799999996, -29.12559819919721], [-51.878268999999996, -29.12455679919721], [-51.87849490000002, -29.123535899197204], [-51.87886400000002, -29.122474599197233], [-51.87969880000002, -29.120573799197278], [-51.88015669999999, -29.119591999197326], [-51.880662400000006, -29.1186379991973], [-51.88146849999998, -29.117335899197332], [-51.88203679999998, -29.116336499197356], [-51.882451100000026, -29.11547139919736], [-51.88299119999999, -29.11412099919741], [-51.88334959999998, -29.11292859919739], [-51.8836167, -29.11124769919744], [-51.883612200000016, -29.10955259919745], [-51.88350239999999, -29.108359199197498], [-51.883210899999995, -29.107054999197526], [-51.88287159999999, -29.10624979919754], [-51.88230429999998, -29.105360899197546], [-51.881679500000025, -29.10463549919754], [-51.87932260000002, -29.102430899197596], [-51.878113499999984, -29.101214699197634], [-51.87748970000001, -29.100508299197642], [-51.8766789, -29.099286699197656], [-51.876316299999985, -29.098251899197663], [-51.8761892, -29.097172099197714], [-51.87626970000002, -29.095932699197693], [-51.87640879999998, -29.09513849919774], [-51.87697639999998, -29.09301229919776], [-51.87711960000001, -29.091884699197756], [-51.87691799999999, -29.0910595991978], [-51.876267299999995, -29.09015859919781], [-51.87514299999997, -29.08914629919781], [-51.87383590000002, -29.088261999197847], [-51.871583499999986, -29.08691779919786], [-51.87051029999998, -29.08614139919786], [-51.8695773, -29.085403699197876], [-51.86778420000002, -29.08384099919793], [-51.867027800000024, -29.083113399197934], [-51.8658451, -29.081719499197987], [-51.86490120000002, -29.080151899197954], [-51.86435640000003, -29.078918399198027], [-51.86377970000001, -29.076863699198032], [-51.863529099999994, -29.07524579919809], [-51.86342819999999, -29.073142699198108], [-51.86353539999999, -29.07195689919811], [-51.86376569999999, -29.070839099198142], [-51.86440169999997, -29.069045099198167], [-51.86514770000002, -29.067543699198183], [-51.865358300000025, -29.067002699198206], [-51.862201700000014, -29.064697599198247], [-51.861547299999984, -29.06415909919825], [-51.860906899999975, -29.06354129919828], [-51.860067500000014, -29.062477399198272], [-51.85934630000003, -29.061296599198304], [-51.85788170000001, -29.058561899198338], [-51.8571728, -29.057487399198386], [-51.85643040000002, -29.056605599198406], [-51.85556980000001, -29.0558235991984], [-51.854246699999976, -29.054991799198415], [-51.853411900000026, -29.05459679919845], [-51.85192439999998, -29.05395729919842], [-51.850280399999974, -29.05331529919847], [-51.84820650000001, -29.052604199198488], [-51.84674180000001, -29.05194929919847], [-51.84506870000001, -29.051067099198505], [-51.84425420000002, -29.050723699198493], [-51.84189570000001, -29.049906699198505], [-51.84087360000001, -29.049595499198528], [-51.83973500000002, -29.049297499198545], [-51.83621849999998, -29.04854759919853], [-51.835106800000005, -29.048378699198548], [-51.833971899999995, -29.04826469919854], [-51.831676099999974, -29.04811799919854], [-51.82989199999997, -29.047933099198573], [-51.8283753, -29.047632499198578], [-51.82668059999997, -29.04700619919856], [-51.82573450000001, -29.046564199198542], [-51.824250800000016, -29.04571399919857], [-51.82258999999999, -29.044401599198633], [-51.82149709999999, -29.04335159919862], [-51.81997799999999, -29.041688599198636], [-51.818513300000006, -29.039892999198695], [-51.816488499999984, -29.037322999198754], [-51.81619139999998, -29.03700339919874], [-51.81684439999998, -29.03601649919876], [-51.81718860000001, -29.03510309919878], [-51.81701700000002, -29.03427409919879], [-51.81578280000002, -29.033334099198786], [-51.8151724, -29.03266239919881], [-51.81471690000001, -29.031572799198827], [-51.814411399999976, -29.0284552991989], [-51.81428979999999, -29.027446299198903], [-51.814059999999984, -29.026550299198924], [-51.8135388, -29.025331599198957], [-51.81345809999999, -29.024373299198935], [-51.81372909999999, -29.02302789919896], [-51.81409409999998, -29.021762199199006], [-51.81423890000002, -29.020969199199047], [-51.814212399999974, -29.019992599199053], [-51.813782300000014, -29.01753069919909], [-51.81369310000003, -29.01657039919908], [-51.813691199999994, -29.016169799199098], [-51.815248999999994, -29.015876699199087], [-51.81631199999998, -29.015613099199104], [-51.817494599999975, -29.015243699199104], [-51.818682000000024, -29.01473959919911], [-51.81947839999999, -29.014279699199097], [-51.820216500000015, -29.013756199199133], [-51.82138329999999, -29.012712399199145], [-51.82242009999999, -29.011513399199202], [-51.82358210000002, -29.010046499199202], [-51.824402899999995, -29.009196599199214], [-51.82531289999998, -29.008414899199227], [-51.826631299999974, -29.007460899199266], [-51.828003000000024, -29.006374299199273], [-51.83021580000002, -29.004104299199298], [-51.83288299999998, -29.001903599199334], [-51.83374329999998, -29.001121499199375], [-51.834760200000005, -28.999879499199412], [-51.83525379999997, -28.99892789919942], [-51.83546669999999, -28.998161799199412], [-51.83553940000002, -28.997361399199413], [-51.83548059999998, -28.996556199199436], [-51.83522599999998, -28.995483899199463], [-51.834831099999974, -28.99442539919949], [-51.83355599999999, -28.99179939919952], [-51.83309939999998, -28.991044099199556], [-51.832374300000026, -28.990106299199525], [-51.83142109999999, -28.989076199199577], [-51.83052229999998, -28.987751999199595], [-51.83012380000002, -28.986810999199594], [-51.829770699999976, -28.98577319919961], [-51.82886109999999, -28.982685899199662], [-51.828560900000014, -28.981856599199702], [-51.8280843, -28.980983599199714], [-51.827339800000004, -28.980348299199733], [-51.82702510000002, -28.98033649919976], [-51.8290154, -28.97588019919981], [-51.82966019999998, -28.974530299199852], [-51.83042979999999, -28.973203899199838], [-51.831364300000025, -28.971946399199847], [-51.8320519, -28.971190399199894], [-51.833354799999995, -28.96996509919992], [-51.83438460000002, -28.969132799199926], [-51.83721910000003, -28.967066499199944], [-51.83804079999999, -28.966403099199947], [-51.83899839999998, -28.965520399199992], [-51.84129489999998, -28.963180099200013], [-51.8419748, -28.962328399200036], [-51.84254249999997, -28.961428099200027], [-51.84297559999999, -28.96047389920009], [-51.84326729999998, -28.959341799200093], [-51.84343310000002, -28.957660199200152], [-51.843472099999985, -28.956415899200174], [-51.84348540000003, -28.95368539920017], [-51.843642999999986, -28.952555299200178], [-51.8440774, -28.951149999200208], [-51.845057699999984, -28.948830499200255], [-51.84540329999999, -28.947842499200274], [-51.845659099999985, -28.946681299200336], [-51.84617079999999, -28.942460699200414], [-51.846501699999976, -28.941004599200408], [-51.84688490000002, -28.940081799200392], [-51.847433799999976, -28.93924939920043], [-51.84853179999999, -28.938250699200484], [-51.84977029999999, -28.937473699200464], [-51.85116629999999, -28.936794499200513], [-51.85375119999998, -28.935782099200484], [-51.855028000000004, -28.935251599200516], [-51.856676600000014, -28.934397599200537], [-51.85771390000002, -28.93372019920053], [-51.85867230000002, -28.93297839920057], [-51.861519699999974, -28.930397799200573], [-51.86410089999998, -28.928335099200662], [-51.86533350000002, -28.927211399200637], [-51.86646250000001, -28.92589339920068], [-51.8670808, -28.925005599200716], [-51.86782069999998, -28.923547999200693], [-51.86810960000002, -28.922548999200743], [-51.86826389999999, -28.921176399200732], [-51.86828600000001, -28.920226099200747], [-51.86821919999999, -28.915588099200832], [-51.8682344, -28.914228499200853], [-51.86831560000002, -28.912466099200923], [-51.86846400000002, -28.91143609920094], [-51.8690527, -28.909068199200945], [-51.86920889999999, -28.907394899200977], [-51.868699499999984, -28.90521719920103], [-51.86867319999999, -28.90429579920106], [-51.86892080000002, -28.903362799201098], [-51.869436500000006, -28.902602099201097], [-51.870432900000026, -28.901628199201113], [-51.87148350000001, -28.900891999201114], [-51.873516600000016, -28.89980349920116], [-51.87436359999998, -28.899428099201163], [-51.87596300000002, -28.898813299201116], [-51.87876230000001, -28.89782449920117], [-51.88005079999999, -28.897272899201194], [-51.881191899999976, -28.89700279920118], [-51.88120959999997, -28.89597069920121], [-51.880626199999995, -28.895289299201224], [-51.88010220000001, -28.89454169920122], [-51.87952519999999, -28.893669799201223], [-51.88030880000003, -28.89210329920124], [-51.88109350000002, -28.890809299201294], [-51.88157899999999, -28.890125399201292], [-51.8826123, -28.888954499201333], [-51.8833793, -28.888258599201308], [-51.88511340000002, -28.886779999201355], [-51.885899499999994, -28.88592849920134], [-51.88649989999999, -28.88494789920137], [-51.887180899999976, -28.883124399201407], [-51.88750270000003, -28.88203399920142], [-51.88785969999998, -28.88038739920149], [-51.888204599999995, -28.87940279920148], [-51.88917350000003, -28.877421499201546], [-51.8899025, -28.875589699201537], [-51.89064639999999, -28.873920999201584], [-51.891747399999986, -28.871981399201594], [-51.89249769999998, -28.87058449920164], [-51.89284919999999, -28.86975739920169], [-51.89310160000002, -28.868989699201656], [-51.89389080000001, -28.86792949920169], [-51.89631200000002, -28.866226699201754], [-51.8977395, -28.865415399201748], [-51.901925300000016, -28.863439699201777], [-51.903452200000004, -28.86275469920175], [-51.90436169999999, -28.8622468992018], [-51.908053499999994, -28.861981499201818], [-51.90913690000002, -28.86211349920181], [-51.9101751, -28.86298259920179], [-51.91099589999999, -28.86382689920176], [-51.9118866, -28.86470609920173], [-51.91262339999997, -28.865306199201758], [-51.91285770000002, -28.865336799201774], [-51.91443140000001, -28.86188089920181], [-51.91498999999999, -28.860521299201842], [-51.915235499999994, -28.859742999201814], [-51.91579760000002, -28.857045699201894], [-51.916367700000016, -28.85535319920194], [-51.916918599999974, -28.854188399201934], [-51.91755189999998, -28.85322629920196], [-51.919320200000016, -28.851015999202], [-51.91993960000002, -28.850035299202002], [-51.920460699999985, -28.84899119920203], [-51.920778600000006, -28.848178099202023], [-51.92193789999998, -28.844506199202115], [-51.92238279999998, -28.843601399202125], [-51.92310620000001, -28.842678399202146], [-51.92528270000002, -28.841086899202164], [-51.92721640000001, -28.8396714992022], [-51.928223, -28.838981299202207], [-51.9297608, -28.83804569920223], [-51.93134070000002, -28.83714189920224], [-51.93257299999999, -28.836498299202265], [-51.93354290000002, -28.83608149920223], [-51.93542850000001, -28.83534959920223], [-51.936939300000006, -28.83484919920228], [-51.9378893, -28.834616299202267], [-51.939324899999974, -28.83439969920228], [-51.94035819999999, -28.83450369920231], [-51.940366700000034, -28.83289219920231], [-51.94029979999999, -28.8319897992023], [-51.93980069999998, -28.830950499202324], [-51.93946620000003, -28.8294669992024], [-51.938875199999984, -28.828285499202376], [-51.938435899999995, -28.827207399202422], [-51.9376608, -28.826326499202416], [-51.93641409999998, -28.824995999202443], [-51.936191399999984, -28.82450369920243], [-51.93646319999999, -28.823472999202462], [-51.936164399999996, -28.822424099202465], [-51.93543790000001, -28.820833899202537], [-51.93514920000001, -28.820069799202543], [-51.935222899999985, -28.81898609920257], [-51.93665679999997, -28.816696199202607], [-51.937413100000015, -28.815020199202614], [-51.937612600000016, -28.813957299202652], [-51.937578599999995, -28.81285349920267], [-51.93655339999998, -28.809521899202707], [-51.93606670000002, -28.807508799202747], [-51.93571859999997, -28.806585899202783], [-51.93505379999999, -28.805605699202783], [-51.9332771, -28.803768899202836], [-51.932773300000015, -28.803059299202804], [-51.932214699999975, -28.80186449920287], [-51.932008499999995, -28.800819599202878], [-51.9320247, -28.800336599202865], [-51.93302849999997, -28.800312199202892], [-51.93431520000002, -28.800121999202865], [-51.9353436, -28.79982719920287], [-51.936381100000006, -28.799475999202933], [-51.93792930000001, -28.79852189920293], [-51.93825629999998, -28.797551999202927], [-51.937607500000006, -28.79641529920292], [-51.9362984, -28.794893099202994], [-51.93584120000003, -28.794182099203002], [-51.935555299999976, -28.793054699203033], [-51.9355516, -28.792240099203045], [-51.935932499999986, -28.790497599203036], [-51.936064199999976, -28.789110499203076], [-51.936015199999986, -28.788182199203085], [-51.935787600000026, -28.787278999203124], [-51.934974899999986, -28.785546799203157], [-51.934682399999986, -28.784776599203152], [-51.93452450000001, -28.783670199203193], [-51.935655699999984, -28.78319149920317], [-51.93711749999999, -28.78242879920318], [-51.93794759999997, -28.781886699203167], [-51.938973900000015, -28.780878699203246], [-51.93959139999999, -28.779580999203258], [-51.939687600000006, -28.777804899203247], [-51.939627599999994, -28.776105499203332], [-51.93937979999999, -28.774989299203344], [-51.938952700000016, -28.77408619920334], [-51.93853309999997, -28.773345899203335], [-51.93822990000001, -28.772492699203355], [-51.93825270000003, -28.771604499203416], [-51.938578699999994, -28.770568499203435], [-51.939073500000006, -28.76965299920343], [-51.93971160000001, -28.768787399203443], [-51.94112089999999, -28.767356699203454], [-51.941632000000034, -28.76655099920346], [-51.941772000000014, -28.765569799203472], [-51.94153080000001, -28.764678099203532], [-51.94109529999998, -28.763772099203507], [-51.940531599999986, -28.76288049920354], [-51.939586399999996, -28.761663299203565], [-51.9390616, -28.7607706992036], [-51.938278500000024, -28.75693669920363], [-51.93804, -28.75592399920366], [-51.93775590000001, -28.754979699203663], [-51.93742250000002, -28.754161399203685], [-51.93678169999998, -28.75319859920373], [-51.936191199999996, -28.752836799203724], [-51.93612189999999, -28.751600999203728], [-51.936543799999974, -28.750194499203797], [-51.937070100000035, -28.748887799203768], [-51.937859499999995, -28.747257999203807], [-51.938470800000005, -28.746179199203812], [-51.93930510000001, -28.744941399203874], [-51.940108599999974, -28.743923099203894], [-51.9410133, -28.742874699203906], [-51.94196640000001, -28.741875599203915], [-51.94340030000001, -28.74053779920396], [-51.9443569, -28.739373099203977], [-51.94476850000001, -28.738636299203964], [-51.94508270000001, -28.737870399204], [-51.945904799999994, -28.735507499204004], [-51.946670999999974, -28.734157699204083], [-51.947236499999974, -28.733423099204035], [-51.947932200000025, -28.732596099204095], [-51.94909310000003, -28.73130769920409], [-51.950098399999995, -28.730251499204126], [-51.95079529999999, -28.72958349920411], [-51.953371000000004, -28.727562999204142], [-51.95467359999997, -28.72650829920416], [-51.95583199999999, -28.725386399204197], [-51.95649020000002, -28.724537999204212], [-51.95696359999999, -28.72367729920424], [-51.95752829999998, -28.722002099204257], [-51.957650600000015, -28.720895699204316], [-51.95763069999998, -28.719077799204292], [-51.95767080000002, -28.71826599920436], [-51.95779279999999, -28.71745499920432], [-51.95820989999998, -28.715986499204348], [-51.95888789999997, -28.7142901992044], [-51.95919989999999, -28.713394499204423], [-51.95943599999998, -28.712392499204462], [-51.95951860000002, -28.711121899204485], [-51.95933789999998, -28.708982899204514], [-51.959414700000025, -28.707959599204504], [-51.95968720000002, -28.706944499204543], [-51.960102800000016, -28.706079899204568], [-51.961076100000014, -28.7046090992046], [-51.961647400000004, -28.70362219920457], [-51.9620984, -28.702693699204595], [-51.962522999999976, -28.70143509920465], [-51.962689000000005, -28.700577899204625], [-51.96296719999998, -28.697858699204673], [-51.96339089999998, -28.69444559920474], [-51.96356830000002, -28.69260869920478], [-51.963703399999986, -28.690679799204815], [-51.96389820000002, -28.6863497992049], [-51.963893799999994, -28.684896099204916], [-51.963825499999984, -28.683770399204953], [-51.963691600000004, -28.68283689920494], [-51.96455129999998, -28.682274599205], [-51.96541369999999, -28.681381599205], [-51.96617429999998, -28.680834799204995], [-51.96619129999999, -28.680337299205032], [-51.96517349999999, -28.678970399205053], [-51.96454699999998, -28.677455099205023], [-51.9641982, -28.676027199205098], [-51.96436049999999, -28.674707699205097], [-51.96433209999998, -28.67335439920511], [-51.96397319999999, -28.672450899205145], [-51.96321440000003, -28.671741899205127], [-51.96262159999998, -28.67104759920517], [-51.96221059999999, -28.670149599205182], [-51.96203969999999, -28.66894659920523], [-51.961939900000004, -28.666353199205254], [-51.961852599999986, -28.665449299205246], [-51.96164590000001, -28.664460399205286], [-51.9613339, -28.663321799205303], [-51.96119110000001, -28.662003999205368], [-51.96191160000001, -28.661153199205337], [-51.96306240000001, -28.659551699205373], [-51.96387570000002, -28.658261499205384], [-51.96473859999997, -28.656743199205412], [-51.965528000000006, -28.65553539920546], [-51.9672506, -28.65351739920548], [-51.968081499999975, -28.65234909920548], [-51.96861259999997, -28.65110539920553], [-51.969022300000006, -28.64993559920553], [-51.96924860000002, -28.64914199920554], [-51.96982079999998, -28.646680199205594], [-51.97004800000002, -28.6458891992056], [-51.971704400000014, -28.642402099205697], [-51.974156300000004, -28.638356799205734], [-51.9747021, -28.63729329920578], [-51.9749903, -28.636524599205753], [-51.97521690000002, -28.63570959920578], [-51.9754044, -28.63486539920582], [-51.975835399999994, -28.63259689920586], [-51.97595230000001, -28.631730799205872], [-51.97601570000001, -28.630842699205896], [-51.97602640000002, -28.629904299205904], [-51.9759803, -28.628831999205897], [-51.97553570000002, -28.624261399206027], [-51.9753915, -28.621960899206016], [-51.9753584, -28.620336899206055], [-51.97928039999999, -28.620349899206076], [-51.98019979999997, -28.620210899206086], [-51.980882699999995, -28.61945039920609], [-51.9811919, -28.618670599206066], [-51.98202450000002, -28.618670599206066], [-51.98222950000002, -28.617352999206094], [-51.982302300000015, -28.615868299206138], [-51.982355799999986, -28.613183599206216], [-51.98247120000002, -28.612063199206244], [-51.98267720000001, -28.61102229920624], [-51.9829873, -28.61013259920624], [-51.98358930000001, -28.609144399206254], [-51.984529899999984, -28.607955799206298], [-51.98645499999998, -28.604446699206335], [-51.98683360000001, -28.603594199206338], [-51.98716569999999, -28.601998599206397], [-51.98778879999998, -28.600594699206408], [-51.988364499999996, -28.59870439920642], [-51.98977000000002, -28.594728299206512], [-51.99056409999998, -28.593051599206586], [-51.99128780000001, -28.591963799206546], [-51.99416450000001, -28.58931339920661], [-51.99497339999999, -28.588335699206656], [-51.995615199999975, -28.587102699206667], [-51.99678879999998, -28.582672799206744], [-51.99702480000002, -28.582003299206747], [-51.998296400000015, -28.581875699206766], [-51.99970510000003, -28.58148079920677], [-52.001056399999975, -28.581286099206757], [-52.00268779999999, -28.581366999206768], [-52.00401190000002, -28.581712299206753], [-52.00493289999997, -28.581560399206754], [-52.00536219999997, -28.58054179920676], [-52.00559579999997, -28.579258899206827], [-52.006013199999984, -28.57819169920681], [-52.006310199999966, -28.576991299206817], [-52.007127500000024, -28.57562569920685], [-52.00777690000001, -28.574908399206898], [-52.00860349999999, -28.573921099206892], [-52.0095245, -28.573670399206925], [-52.00858950000003, -28.572408799206922], [-52.00792059999997, -28.571259599206964], [-52.007613100000015, -28.56857019920699], [-52.007449699999995, -28.567201099206994], [-52.00756869999998, -28.565404899207017], [-52.00749999999999, -28.564442599207062], [-52.00687349999998, -28.56250669920707], [-52.00673019999999, -28.561727699207122], [-52.00666710000002, -28.560469199207144], [-52.00638609999998, -28.559656899207138], [-52.00569330000002, -28.559031599207195], [-52.00347829999998, -28.558210599207165], [-52.00233830000002, -28.557624899207195], [-52.001551099999965, -28.5570272992072], [-52.00005060000001, -28.555400799207195], [-51.99921660000001, -28.554600299207245], [-51.998039399999975, -28.553861699207285], [-51.99702500000001, -28.553670299207273], [-51.99975439999997, -28.553144799207242], [-52.0012562, -28.552836199207267], [-52.00287320000001, -28.55241139920726], [-52.0047371, -28.551771999207315], [-52.0075031, -28.550658599207335], [-52.008561100000016, -28.550190399207338], [-52.01002549999998, -28.5494696992073], [-52.01194229999999, -28.54840119920735], [-52.01392240000002, -28.547191099207396], [-52.0147933, -28.546587899207402], [-52.0155858, -28.545933299207395], [-52.01641690000002, -28.545005499207413], [-52.01727879999998, -28.543676099207463], [-52.01765560000001, -28.542845099207483], [-52.01848760000002, -28.540354899207507], [-52.018956600000024, -28.53920389920753], [-52.01964170000002, -28.537958199207534], [-52.02018340000001, -28.537205399207554], [-52.02122889999998, -28.536141399207587], [-52.02194350000002, -28.535524699207567], [-52.022722999999985, -28.53496749920758], [-52.02365150000003, -28.53446889920758], [-52.025618099999974, -28.533781999207577], [-52.02702879999998, -28.533477999207612], [-52.028877500000014, -28.53312719920765], [-52.02999870000002, -28.532853999207617], [-52.031051900000016, -28.53250319920764], [-52.031987199999996, -28.532046899207653], [-52.03294060000001, -28.531300199207625], [-52.033916799999986, -28.530012499207675], [-52.034329800000016, -28.529071399207712], [-52.034662200000014, -28.527638899207723], [-52.03480209999997, -28.526595299207735], [-52.03488770000001, -28.52552609920773], [-52.03490529999999, -28.52436129920779], [-52.034755700000005, -28.522486099207796], [-52.03455439999999, -28.521117199207822], [-52.03425120000002, -28.51977489920788], [-52.033816, -28.518509499207877], [-52.03320070000001, -28.517379099207936], [-52.032468900000026, -28.51651519920794], [-52.03147699999999, -28.51572799920795], [-52.030390599999976, -28.515067299207953], [-52.02940369999999, -28.514545699207954], [-52.028411800000015, -28.514117499207963], [-52.027407100000005, -28.513817599207954], [-52.02638120000001, -28.513691999207953], [-52.02484479999998, -28.51383429920795], [-52.023135000000025, -28.514270799207974], [-52.021867799999995, -28.51465299920795], [-52.02062439999998, -28.515082399207927], [-52.018759699999976, -28.515860199207946], [-52.017292699999985, -28.51630179920794], [-52.01610010000001, -28.51636919920791], [-52.01487800000001, -28.51620009920791], [-52.013327000000004, -28.515260399207936], [-52.0126674, -28.51442949920796], [-52.011917700000026, -28.513219499207977], [-52.0114302, -28.512324599207997], [-52.0105628, -28.510862299208004], [-52.00930549999998, -28.50901339920807], [-52.0072538, -28.506179299208092], [-52.00642850000003, -28.504861299208137], [-52.0058942, -28.503877699208118], [-52.005437099999995, -28.502769299208175], [-52.005208900000014, -28.501778899208148], [-52.00535789999997, -28.501170199208183], [-52.00657589999997, -28.501042099208203], [-52.00823439999999, -28.500728999208174], [-52.01050950000001, -28.500349099208197], [-52.01167049999998, -28.50002529920822], [-52.012563899999975, -28.49949949920824], [-52.01321780000001, -28.498740299208244], [-52.013376900000026, -28.497636499208255], [-52.01316659999998, -28.496261199208277], [-52.0131209, -28.49470729920832], [-52.013253299999974, -28.493698499208325], [-52.014000399999986, -28.49172449920834], [-52.01412499999998, -28.49091389920839], [-52.0137016, -28.488010199208443], [-52.01347420000002, -28.48700779920847], [-52.011993099999984, -28.484366199208505], [-52.011492799999985, -28.483406399208498], [-52.01123510000003, -28.482618199208513], [-52.011191800000006, -28.48200399920855], [-52.01264079999999, -28.48169839920857], [-52.0135884, -28.481425699208536], [-52.01463649999999, -28.48104899920854], [-52.01543709999998, -28.480687699208538], [-52.01668740000002, -28.479986299208587], [-52.01762919999999, -28.4792804992086], [-52.01846640000002, -28.478511899208605], [-52.01981669999998, -28.477110399208634], [-52.0206083, -28.476006599208652], [-52.0210351, -28.475033499208653], [-52.021669799999984, -28.47236429920869], [-52.02193010000002, -28.471550699208752], [-52.02301540000002, -28.469142699208792], [-52.023482899999976, -28.46828639920879], [-52.024133000000006, -28.467320899208808], [-52.02488970000002, -28.466433799208822], [-52.025735499999996, -28.46561569920883], [-52.02662589999999, -28.46483729920884], [-52.0283556, -28.46343629920888], [-52.02961570000002, -28.462371099208877], [-52.031589800000006, -28.460410899208924], [-52.03258060000002, -28.459529399208954], [-52.03321740000001, -28.458827899208988], [-52.034066800000005, -28.457562399208946], [-52.034512699999986, -28.456688899209013], [-52.035781400000026, -28.452228199209056], [-52.03657470000002, -28.44954329920913], [-52.03736650000002, -28.447631399209136], [-52.037894400000035, -28.446606699209187], [-52.03834289999997, -28.445839699209202], [-52.03869120000002, -28.44533729920919], [-52.03769840000001, -28.444489999209193], [-52.03731010000001, -28.4437075992092], [-52.036863900000014, -28.441714399209275], [-52.03644489999999, -28.440549499209258], [-52.03611160000003, -28.439145899209336], [-52.0356074, -28.43829419920929], [-52.034673399999974, -28.437893399209347], [-52.033595400000024, -28.43760499920936], [-52.032462099999975, -28.436950099209344], [-52.03150460000001, -28.435895599209346], [-52.0312667, -28.43495209920936], [-52.031505700000025, -28.433954699209423], [-52.0322592, -28.43312929920944], [-52.0335834, -28.432211099209447], [-52.03369170000001, -28.432003599209416], [-52.0347481, -28.43160739920946], [-52.03548619999998, -28.43078559920944], [-52.035842, -28.4298756992095], [-52.035930500000006, -28.42853279920953], [-52.0358607, -28.427372999209506], [-52.03571149999999, -28.42611289920956], [-52.035478700000006, -28.42483209920957], [-52.035155799999984, -28.423613599209595], [-52.03449999999998, -28.421947399209643], [-52.03386019999999, -28.420626299209626], [-52.03340350000002, -28.419578199209646], [-52.03317470000002, -28.418530299209664], [-52.03326929999997, -28.417373199209678], [-52.033477300000015, -28.41659869920972], [-52.034068400000024, -28.415267499209754], [-52.035336700000016, -28.412926599209772], [-52.0357947, -28.41186719920982], [-52.03616199999999, -28.410699199209823], [-52.03643390000002, -28.409461099209828], [-52.03663319999998, -28.40818299920987], [-52.03677829999998, -28.406894899209885], [-52.037034699999985, -28.40324899920997], [-52.037420300000015, -28.399470199210022], [-52.037283499999994, -28.39660389921007], [-52.037266499999994, -28.3958009992101], [-52.03730610000002, -28.395003999210083], [-52.0374271, -28.393755299210127], [-52.03742810000001, -28.39294039921013], [-52.03733799999997, -28.39210609921014], [-52.037050299999976, -28.390810999210164], [-52.0367847, -28.389963399210192], [-52.03578679999998, -28.38751949921024], [-52.035336099999995, -28.38600709921023], [-52.035148600000014, -28.38492139921029], [-52.03505680000001, -28.383834699210325], [-52.035060499999986, -28.382783699210336], [-52.035358099999996, -28.38122039921037], [-52.035754899999965, -28.3803876992104], [-52.03632499999998, -28.379485099210378], [-52.03756229999999, -28.377689099210407], [-52.03857399999998, -28.376331799210433], [-52.039908700000005, -28.37470649921048], [-52.040839399999975, -28.3737124992105], [-52.04179549999998, -28.372873299210486], [-52.042702099999985, -28.372245899210505], [-52.04437419999999, -28.37128819921051], [-52.04532219999999, -28.37114259921051], [-52.04535800000002, -28.37033769921055], [-52.04479170000002, -28.368440999210595], [-52.04424469999998, -28.365990299210647], [-52.04371889999998, -28.363021799210685], [-52.043243399999994, -28.359355599210758], [-52.04307799999998, -28.35843919921079], [-52.04272270000001, -28.35694639921082], [-52.0423452, -28.35585619921081], [-52.0405136, -28.35218789921086], [-52.04013370000001, -28.351086499210894], [-52.039919699999984, -28.349864999210936], [-52.039987999999994, -28.348305799210934], [-52.0402143, -28.34728479921097], [-52.04098909999999, -28.34472229921101], [-52.041239099999984, -28.343733199211005], [-52.041357800000014, -28.342730099211025], [-52.04120219999999, -28.341143399211102], [-52.03992820000001, -28.336632199211156], [-52.03890430000001, -28.33344789921121], [-52.038700300000016, -28.33261239921125], [-52.03865100000001, -28.331158999211276], [-52.03897460000002, -28.328186899211303], [-52.03897619999998, -28.327249199211302], [-52.03885380000003, -28.326317499211353], [-52.03843610000001, -28.324110999211396], [-52.0383195, -28.322227299211423], [-52.03846520000002, -28.316588199211523], [-52.03859649999998, -28.315556399211538], [-52.03895260000001, -28.315210699211566], [-52.0382995, -28.314834099211538], [-52.037365599999994, -28.31440789921154], [-52.03650499999998, -28.314008299211572], [-52.03560140000002, -28.31409249921158], [-52.03528699999998, -28.313231199211593], [-52.03478180000002, -28.312537599211574], [-52.03473450000002, -28.31229729921161], [-52.0345279, -28.311777199211594], [-52.0339323, -28.311129299211615], [-52.03323870000002, -28.31057139921164], [-52.032504399999986, -28.31005119921161], [-52.03160359999998, -28.31011979921163], [-52.03079220000001, -28.31050919921164], [-52.03003489999997, -28.310069699211624], [-52.02961449999997, -28.30920829921168], [-52.028739400000006, -28.308970399211677], [-52.02791580000002, -28.30930889921166], [-52.02716129999999, -28.309783499211623], [-52.0261342, -28.309885699211634], [-52.02564080000002, -28.309094299211683], [-52.02497649999998, -28.308436999211686], [-52.024542, -28.30769149921165], [-52.024290399999984, -28.30692819921172], [-52.023840500000006, -28.30622639921173], [-52.02357269999999, -28.305466099211696], [-52.023823600000014, -28.304703499211747], [-52.02414440000001, -28.303893799211778], [-52.02430889999999, -28.303039899211743], [-52.02419600000002, -28.302230299211796], [-52.02392400000002, -28.301445399211758], [-52.02294699999999, -28.301351999211803], [-52.0221368, -28.300900099211788], [-52.02103219999998, -28.300807899211808], [-52.020117000000035, -28.3011160992118], [-52.019210999999984, -28.301183599211797], [-52.018375900000024, -28.300760299211774], [-52.01817799999998, -28.299986899211845], [-52.017560600000024, -28.299386899211836], [-52.016979900000024, -28.29872669921181], [-52.0170079, -28.297871999211843], [-52.01691469999997, -28.29705559921189], [-52.0162219, -28.2963866992119], [-52.015731200000005, -28.295647699211905], [-52.01512539999999, -28.29498219921191], [-52.0147698, -28.29418219921195], [-52.01479039999998, -28.29334609921194], [-52.0152784, -28.29262299921194], [-52.01565080000001, -28.29186409921197], [-52.01612510000001, -28.291150799211998], [-52.016701599999976, -28.290334299211974], [-52.016095, -28.28989899921199], [-52.015522299999986, -28.289277699212022], [-52.015069900000015, -28.28857029921202], [-52.014221099999986, -28.288273299212047], [-52.0135755, -28.288888999211995], [-52.01287550000001, -28.289551099211987], [-52.012025600000015, -28.290000799211967], [-52.01150209999997, -28.29067459921198], [-52.01074970000002, -28.291146999212003], [-52.009776199999976, -28.29155449921199], [-52.0091266, -28.292231999211968], [-52.0082807, -28.29275239921193], [-52.00802759999999, -28.291986399211947], [-52.007307000000026, -28.29149969921194], [-52.00677489999998, -28.290831399211996], [-52.00607519999999, -28.290113199212005], [-52.00538610000001, -28.289442099211985], [-52.00456600000001, -28.288994099212044], [-52.00361279999998, -28.288932899212046], [-52.002708999999975, -28.288931099212036], [-52.00173180000001, -28.28927699921205], [-52.001396, -28.290017499211967], [-52.00049689999997, -28.289862899212007], [-51.999598900000024, -28.289669099212034], [-51.99870609999999, -28.289757999212004], [-51.99778520000001, -28.28955059921199], [-51.99680940000002, -28.289416399212], [-51.99631820000001, -28.288752299212028], [-51.996142599999985, -28.287260499212053], [-51.994384500000024, -28.28816339921201], [-51.99371469999999, -28.28872369921201], [-51.9933355, -28.289482099211995], [-51.99253440000001, -28.289931799211978], [-51.99161600000002, -28.289732399212006], [-51.990943300000026, -28.289165099212006], [-51.9901951, -28.288686999212004], [-51.989267900000016, -28.28833079921201], [-51.988485399999995, -28.28790579921201], [-51.987570000000005, -28.288095999212022], [-51.98638199999999, -28.288326199211994], [-51.98556059999998, -28.28795219921204], [-51.9847398, -28.287587799212027], [-51.98385780000001, -28.287782099212045], [-51.98292670000001, -28.28787859921203], [-51.982026099999985, -28.287565399212045], [-51.98121400000002, -28.28797459921202], [-51.98087670000001, -28.288766799212034], [-51.98000960000001, -28.289114899212027], [-51.979043699999984, -28.28923569921201], [-51.97800590000003, -28.289164299212], [-51.97732619999999, -28.288616399212042], [-51.976523499999985, -28.289013699212006], [-51.97561259999998, -28.289268699211988], [-51.974655799999994, -28.289504699212014], [-51.97369450000002, -28.28936599921199], [-51.972989600000005, -28.288868799212008], [-51.97214380000003, -28.289203799212007], [-51.971264599999984, -28.28942589921203], [-51.97035469999997, -28.289241599212044], [-51.96936720000002, -28.289222499212013], [-51.967383999999974, -28.289198899211986], [-51.966467599999994, -28.28895849921198], [-51.96553560000001, -28.288962999212043], [-51.964578500000016, -28.289123299212044], [-51.96382510000001, -28.288688399212035], [-51.96299399999998, -28.288334599212018], [-51.96267080000001, -28.287595999212037], [-51.9619791, -28.287001099212056], [-51.96171750000002, -28.287780799212044], [-51.96168590000002, -28.28863949921201], [-51.96113630000002, -28.289404999212], [-51.96023630000002, -28.289774699212025], [-51.95931109999998, -28.28957849921201], [-51.95845880000002, -28.289844199212002], [-51.957646300000015, -28.290348599212013], [-51.957074499999976, -28.290966899211977], [-51.956784200000016, -28.291796099211968], [-51.95668540000002, -28.292610199211953], [-51.95687299999997, -28.29339809921193], [-51.95770199999998, -28.29375949921195], [-51.95810449999999, -28.29454239921192], [-51.95776460000001, -28.295484199211877], [-51.95757980000002, -28.29630429921186], [-51.957837100000006, -28.29714479921188], [-51.958038300000005, -28.297923199211866], [-51.95719989999998, -28.298323299211837], [-51.95651550000003, -28.297752099211884], [-51.95552470000001, -28.29776779921183], [-51.9548317, -28.29844729921187], [-51.953869699999984, -28.299008999211846], [-51.95337749999998, -28.300015499211796], [-51.953347199999996, -28.300844299211793], [-51.952878, -28.301599299211812], [-51.952806099999975, -28.303163999211744], [-51.95280739999999, -28.304079099211766], [-51.953095000000026, -28.304885199211736], [-51.9529278, -28.30569199921173], [-51.952785199999994, -28.30577129921172], [-51.95229699999999, -28.305877999211713], [-51.95130169999999, -28.3060735992117], [-51.95059040000001, -28.306579499211697], [-51.9507504, -28.307358299211668], [-51.951240600000006, -28.308101399211665], [-51.952099799999985, -28.308436399211672], [-51.9521249, -28.309252899211636], [-51.95247419999998, -28.310009399211644], [-51.95270310000001, -28.310778199211644], [-51.95261149999999, -28.3115781992116], [-51.9528027, -28.31242079921157], [-51.95219880000002, -28.313063199211573], [-51.95141840000002, -28.31357089921157], [-51.95105330000001, -28.314335199211573], [-51.950341499999986, -28.314899599211536], [-51.94971459999999, -28.31548069921156], [-51.94881720000001, -28.315423899211527], [-51.94789900000001, -28.315332499211546], [-51.947319600000014, -28.314649699211586], [-51.947564899999975, -28.313871899211545], [-51.94743349999998, -28.313067099211594], [-51.94679359999998, -28.3124790992116], [-51.946584099999995, -28.311664499211613], [-51.9461824, -28.31095209921162], [-51.945571599999994, -28.310195399211626], [-51.94482290000002, -28.310651799211648], [-51.94397889999999, -28.3110270992116], [-51.94318249999998, -28.311536299211614], [-51.94217049999998, -28.311681499211627], [-51.94170159999999, -28.31095309921163], [-51.94145709999998, -28.30984489921161], [-51.941061199999986, -28.309013199211645], [-51.94024350000001, -28.30866739921166], [-51.939246000000026, -28.30866539921166], [-51.93816909999998, -28.30845379921166], [-51.93732210000002, -28.308059999211693], [-51.936755000000005, -28.30741949921166], [-51.936382400000014, -28.30665339921171], [-51.93601319999999, -28.30590889921173], [-51.936481300000025, -28.30519949921174], [-51.93693769999999, -28.30450329921176], [-51.93656950000002, -28.30372699921173], [-51.93587839999998, -28.304348999211744], [-51.934966900000006, -28.304289999211726], [-51.93424570000002, -28.30380909921177], [-51.933440099999984, -28.303431199211726], [-51.932511299999994, -28.303657799211752], [-51.93140280000001, -28.303840499211727], [-51.931351199999995, -28.304647799211722], [-51.9313654, -28.305461099211723], [-51.93111299999998, -28.306242599211714], [-51.9304328, -28.30677629921173], [-51.92939050000001, -28.30645379921168], [-51.928403100000025, -28.30631779921169], [-51.92749700000002, -28.30617529921171], [-51.926574800000026, -28.306414699211704], [-51.925728799999995, -28.306964699211672], [-51.92499750000001, -28.307442099211684], [-51.924116200000014, -28.30763269921167], [-51.92322919999997, -28.307325299211687], [-51.922610399999996, -28.306664399211687], [-51.921935000000026, -28.306017899211685], [-51.92110359999998, -28.305601399211714], [-51.920602299999985, -28.304919499211714], [-51.92019929999998, -28.30395199921173], [-51.919092999999975, -28.30382289921175], [-51.918201599999975, -28.304015299211745], [-51.91728239999998, -28.30397099921174], [-51.91619530000003, -28.303816699211783], [-51.9153412, -28.303274599211758], [-51.91454199999998, -28.30278419921179], [-51.91363560000003, -28.302379599211765], [-51.91308989999999, -28.301723499211768], [-51.91271510000001, -28.301982899211765], [-51.91204779999998, -28.302611999211777], [-51.91106719999999, -28.302895599211766], [-51.91038090000001, -28.30344659921172], [-51.909683900000005, -28.304172699211723], [-51.90875870000002, -28.304303499211745], [-51.907968200000035, -28.304746199211742], [-51.90718099999999, -28.30523689921172], [-51.90659929999998, -28.305860399211685], [-51.905839000000014, -28.30634019921172], [-51.904924600000015, -28.306530999211706], [-51.904011000000025, -28.306664699211705], [-51.90307760000001, -28.306727199211707], [-51.90118460000003, -28.306728799211676], [-51.90024140000003, -28.306499699211717], [-51.89931630000001, -28.3061352992117], [-51.89840779999997, -28.306021099211712], [-51.89763749999997, -28.30653709921171], [-51.89680290000001, -28.30691219921169], [-51.89620489999998, -28.306313299211695], [-51.895554000000004, -28.305734599211707], [-51.89469470000001, -28.305384199211716], [-51.89403110000001, -28.304826099211745], [-51.893180700000016, -28.304492199211765], [-51.892456100000004, -28.304008199211747], [-51.891760200000014, -28.303342799211745], [-51.89113609999998, -28.30261479921179], [-51.89086759999998, -28.30172359921178], [-51.88922819999999, -28.301728299211767], [-51.888294099999996, -28.301890699211793], [-51.887470199999996, -28.301503899211784], [-51.88661760000002, -28.301106299211817], [-51.885682799999984, -28.300891499211772], [-51.88476050000003, -28.300935699211824], [-51.88398369999998, -28.30049019921182], [-51.88423039999998, -28.29969359921185], [-51.88447919999998, -28.298901499211834], [-51.884486200000026, -28.297900299211832], [-51.884391999999984, -28.29707159921185], [-51.88413619999999, -28.29629179921189], [-51.88353050000001, -28.295639899211913], [-51.88255959999998, -28.295889099211898], [-51.88162529999999, -28.29583779921191], [-51.88068079999999, -28.29562419921191], [-51.87967090000001, -28.295555799211883], [-51.87898469999999, -28.295004799211924], [-51.87836290000001, -28.29436039921194], [-51.87814809999998, -28.293526099211935], [-51.87790510000002, -28.29273619921193], [-51.8777607, -28.291865599211956], [-51.877004899999974, -28.29135529921199], [-51.87636759999997, -28.290726199211978], [-51.875867400000004, -28.29005699921199], [-51.875218399999994, -28.290121499212], [-51.874324899999976, -28.290433999212], [-51.8739438, -28.291184699211946], [-51.873631100000004, -28.292082899211987], [-51.87285379999997, -28.292555599211973], [-51.8718399, -28.29256429921192], [-51.870711799999974, -28.292525099211925], [-51.8698134, -28.292872899211957], [-51.8692193, -28.293495899211916], [-51.868924799999995, -28.294275499211942], [-51.86893470000001, -28.295091999211923], [-51.86851660000002, -28.295876599211887], [-51.86756500000001, -28.295946299211913], [-51.86660949999998, -28.296110999211876], [-51.86594020000001, -28.295557699211916], [-51.8651347, -28.294969499211888], [-51.864222999999974, -28.29481419921193], [-51.86329970000003, -28.295054299211913], [-51.8623685, -28.295043499211932], [-51.861616200000014, -28.294569799211896], [-51.86097619999998, -28.293854299211954], [-51.86047189999999, -28.293130799211905], [-51.85959860000003, -28.29333899921194], [-51.85868449999998, -28.29366229921192], [-51.857775199999985, -28.293525999211912], [-51.8569784, -28.29311259921192], [-51.85689769999999, -28.293133699211936], [-51.85670809999999, -28.293912199211956], [-51.85686779999997, -28.29488569921191], [-51.8559894, -28.295148499211887], [-51.85514319999998, -28.295420599211894], [-51.85428980000001, -28.295834699211888], [-51.853363800000004, -28.296133699211868], [-51.85250330000003, -28.296465999211886], [-51.85194849999999, -28.297163999211865], [-51.85136269999999, -28.297793899211843], [-51.85048260000002, -28.298200899211817], [-51.84952290000001, -28.298325799211828], [-51.84868710000001, -28.29879339921187], [-51.84776900000003, -28.298948399211806], [-51.84665610000001, -28.298970199211816], [-51.84575109999997, -28.29914879921184], [-51.84518209999999, -28.298499599211855], [-51.84437059999999, -28.298066399211827], [-51.8435915, -28.297657099211836], [-51.84278649999999, -28.297244799211853], [-51.841882999999996, -28.297002799211857], [-51.84095409999998, -28.296925999211854], [-51.84006299999999, -28.29681349921185], [-51.83918920000002, -28.297218399211896], [-51.838099399999976, -28.297531099211874], [-51.83697669999998, -28.298070499211846], [-51.836976400000026, -28.298893699211856], [-51.83619420000002, -28.299305099211857], [-51.835352199999996, -28.299616399211814], [-51.83527559999998, -28.299661499211833], [-51.8343089, -28.299704199211828], [-51.83338079999999, -28.299469699211798], [-51.83263499999998, -28.29899879921183], [-51.831905600000034, -28.298448599211813], [-51.83118389999999, -28.29784819921183], [-51.83022840000002, -28.29749679921183], [-51.829479499999984, -28.297029699211866], [-51.82864489999997, -28.296723799211865], [-51.828608299999985, -28.296824199211873], [-51.828378999999984, -28.297599299211864], [-51.82823459999997, -28.29863639921187], [-51.827758800000026, -28.299367499211844], [-51.82735250000001, -28.300140399211788], [-51.82678850000002, -28.300842399211813], [-51.8259276, -28.300485799211803], [-51.82515269999999, -28.30003809921181], [-51.824403200000006, -28.299561499211805], [-51.82381140000002, -28.298958699211855], [-51.82290180000001, -28.298656699211815], [-51.82181889999999, -28.298681399211862], [-51.82106429999999, -28.29916769921183], [-51.82009900000003, -28.299576999211826], [-51.81926040000002, -28.299161399211833], [-51.8194618, -28.298349199211867], [-51.819237499999986, -28.29750589921183], [-51.81896310000001, -28.29673629921189], [-51.81825980000002, -28.296119799211862], [-51.81742860000003, -28.295688999211876], [-51.81651920000001, -28.295610499211907], [-51.815585899999974, -28.295861399211866], [-51.81456639999998, -28.296136999211875], [-51.813799700000004, -28.295642999211875], [-51.81299580000001, -28.295283699211936], [-51.8122568, -28.2947786992119], [-51.811844800000024, -28.29397869921194], [-51.81114480000002, -28.293390499211913], [-51.8108598, -28.293250699211924], [-51.80995680000001, -28.293050799211944], [-51.80918550000001, -28.29259679921196], [-51.8082685, -28.292552599211966], [-51.80736330000003, -28.292326599211975], [-51.80645600000002, -28.29187989921199], [-51.80566909999999, -28.291494099212002], [-51.80468039999999, -28.291494599211987], [-51.803763300000014, -28.291741699211958], [-51.80284360000002, -28.291986799211987], [-51.801814999999976, -28.29223949921195], [-51.80091779999998, -28.292550099211983], [-51.799984600000016, -28.292546399211943], [-51.799074099999984, -28.29231299921193], [-51.79819220000002, -28.292485599211965], [-51.797494400000005, -28.291950399211984], [-51.79701260000002, -28.29127069921195], [-51.79615919999998, -28.290996799212003], [-51.795475399999994, -28.290349799212], [-51.79458779999999, -28.28995779921203], [-51.7936588, -28.289807999211995], [-51.79285729999998, -28.290185499212004], [-51.79201610000001, -28.290606999212006], [-51.79111139999997, -28.290464999211977], [-51.7902325, -28.290276999212], [-51.78929219999998, -28.29006729921198], [-51.788195900000005, -28.28997189921201], [-51.7875808, -28.289371299212036], [-51.78728, -28.28862369921204], [-51.7870436, -28.28778249921203], [-51.78661369999997, -28.28707079921203], [-51.78632169999997, -28.28624879921208], [-51.785700599999984, -28.285656899212068], [-51.785281399999974, -28.28491629921211], [-51.784515399999975, -28.28444059921208], [-51.78356029999998, -28.284555499212097], [-51.7826422, -28.284792399212098], [-51.78189579999997, -28.285269399212083], [-51.781362399999985, -28.286027899212108], [-51.78063780000002, -28.286577799212047], [-51.77975570000001, -28.28700169921207], [-51.77776590000002, -28.287010299212078], [-51.77685409999998, -28.28725709921202], [-51.775953200000004, -28.287509299212054], [-51.77503730000001, -28.28770319921205], [-51.774125000000026, -28.287502199212057], [-51.77335679999998, -28.287042699212027], [-51.772547799999984, -28.286619999212082], [-51.772254499999974, -28.285858299212048], [-51.77206189999998, -28.284706599212083], [-51.77175349999999, -28.283947699212103], [-51.77195760000001, -28.283163599212152], [-51.772186600000005, -28.28222539921216], [-51.772682799999984, -28.281417699212177], [-51.77295409999999, -28.28065309921216], [-51.77360920000001, -28.280003799212157], [-51.77383129999998, -28.279151199212194], [-51.774431100000015, -28.278538399212202], [-51.77510080000002, -28.277888199212228], [-51.77562640000002, -28.27711719921226], [-51.77609749999999, -28.276375299212226], [-51.77574729999998, -28.27564479921227], [-51.77525689999998, -28.274933099212276], [-51.77439160000001, -28.274592099212285], [-51.773469999999975, -28.27477169921225], [-51.77274, -28.27428439921229], [-51.772394299999974, -28.27350219921229], [-51.771728499999995, -28.272904899212328], [-51.771359399999994, -28.272144099212316], [-51.77079409999999, -28.271500499212344], [-51.77058679999999, -28.270659399212345], [-51.77081850000002, -28.26983799921236], [-51.77063770000001, -28.26898859921238], [-51.77049119999998, -28.268192299212394], [-51.77031190000003, -28.267412399212414], [-51.770316200000025, -28.266508699212395], [-51.77010369999999, -28.265550099212426], [-51.76919989999999, -28.265335099212457], [-51.768679899999995, -28.265292899212465], [-51.76792060000002, -28.264825199212478], [-51.767052400000004, -28.264287599212448], [-51.766188199999995, -28.26400369921245], [-51.76547699999998, -28.263479999212493], [-51.76459219999998, -28.263298999212495], [-51.76394549999998, -28.2627227992125], [-51.763550899999984, -28.261882199212504], [-51.76263349999999, -28.261712299212522], [-51.76176379999998, -28.262046199212485], [-51.76086789999999, -28.262526099212504], [-51.75998550000003, -28.26298209921247], [-51.75920289999999, -28.26340899921249], [-51.758970499999975, -28.26418079921249], [-51.75889999999998, -28.26501989921248], [-51.758206099999995, -28.265574299212464], [-51.75741540000002, -28.266079999212423], [-51.75703349999998, -28.266849299212407], [-51.757252300000005, -28.267691699212406], [-51.757438200000024, -28.268789599212383], [-51.75695580000001, -28.26946139921239], [-51.75600969999999, -28.26952909921236], [-51.755120900000016, -28.269849499212388], [-51.75424429999998, -28.270185399212373], [-51.7535747, -28.270834999212326], [-51.753261000000016, -28.271639599212346], [-51.75278800000001, -28.272353799212333], [-51.75221249999998, -28.272985999212313], [-51.7513945, -28.273413099212323], [-51.751047700000015, -28.274147099212282], [-51.750803899999994, -28.274917499212282], [-51.750037299999974, -28.275387299212245], [-51.74912849999998, -28.27554629921223], [-51.748538699999976, -28.274868899212276], [-51.747956999999985, -28.274255999212272], [-51.746991700000024, -28.273887399212285], [-51.74606369999998, -28.27391879921228], [-51.74558200000001, -28.27461549921225], [-51.745817199999976, -28.275503599212236], [-51.74541540000001, -28.276248199212244], [-51.74494249999998, -28.276928699212217], [-51.74466399999999, -28.27776199921221], [-51.74409300000002, -28.278438699212188], [-51.74344009999999, -28.279007399212215], [-51.74273670000002, -28.279736999212187], [-51.741818799999976, -28.279775499212207], [-51.741215099999984, -28.279170999212205], [-51.740506900000014, -28.278452299212237], [-51.74006559999998, -28.277653399212234], [-51.73960119999999, -28.276910199212214], [-51.73916639999999, -28.276198099212234], [-51.738546499999984, -28.275594599212226], [-51.73787870000001, -28.276227899212227], [-51.73700869999999, -28.276562299212266], [-51.73615009999998, -28.276862499212232], [-51.73614190000001, -28.27766689921221], [-51.73592660000003, -28.27862369921223], [-51.73524800000001, -28.279227599212206], [-51.73427270000002, -28.279246499212203], [-51.73336760000001, -28.279366799212173], [-51.73255360000002, -28.278843299212205], [-51.73195290000001, -28.278226199212217], [-51.73114420000002, -28.277835199212245], [-51.73114959999998, -28.278213699212188], [-51.73093, -28.278997099212226], [-51.73052319999999, -28.2799124992122], [-51.730274200000004, -28.28067629921215], [-51.729904200000014, -28.28141729921214], [-51.72914420000001, -28.281957499212126], [-51.72827460000001, -28.28227479921212], [-51.72728089999998, -28.282394299212168], [-51.7263992, -28.28273269921213], [-51.726227, -28.283585799212137], [-51.72661260000001, -28.284303399212096], [-51.72663290000003, -28.285169299212097], [-51.725929399999984, -28.285706799212093], [-51.725601299999994, -28.286485599212046], [-51.72585989999999, -28.28733069921203], [-51.72566380000001, -28.288167999212018], [-51.72506770000001, -28.28888079921205], [-51.72438879999999, -28.289492899212036], [-51.7242129, -28.289544099212005], [-51.72378179999998, -28.290297199211995], [-51.723317699999996, -28.29103699921199], [-51.722476400000005, -28.291442799211996], [-51.721545100000014, -28.291475999211958], [-51.72074650000002, -28.291910999211982], [-51.71977609999998, -28.29200509921195], [-51.71889299999998, -28.29184989921195], [-51.71796740000003, -28.291975199211983], [-51.717085, -28.292246699211983], [-51.71617850000001, -28.292350199211942], [-51.71552559999998, -28.291779999211986], [-51.714673800000014, -28.291263499211983], [-51.714596599999986, -28.291235699211995], [-51.71383079999998, -28.291165299211972], [-51.71297729999998, -28.290701999212], [-51.71208810000002, -28.290524599212016], [-51.7113056, -28.290017199212024], [-51.710673499999984, -28.289413499212028], [-51.71014220000001, -28.288671599212016], [-51.70934490000002, -28.289118199212037], [-51.70844390000002, -28.28944069921201], [-51.70757209999999, -28.28971949921199], [-51.707047999999986, -28.290397299211975], [-51.70614410000002, -28.290613099211964], [-51.705483000000015, -28.290848499211968], [-51.70451980000001, -28.291017399211967], [-51.70384589999997, -28.29166479921195], [-51.703200700000025, -28.292245599211967], [-51.70235639999998, -28.292728999211956], [-51.701450799999975, -28.292661499211945], [-51.70096439999998, -28.29333209921192], [-51.7000683, -28.293656099211944], [-51.698988199999974, -28.293999399211938], [-51.69838709999999, -28.294611299211905], [-51.697901100000024, -28.295407599211867], [-51.69745799999998, -28.296108699211885], [-51.69673940000001, -28.296663399211873], [-51.696166800000015, -28.29748319921185], [-51.695887400000004, -28.298244399211836], [-51.695857999999994, -28.299103299211843], [-51.69502249999999, -28.299507599211857], [-51.69403820000002, -28.299595099211803], [-51.69325229999998, -28.3000996992118], [-51.69260109999999, -28.30066769921182], [-51.691909399999986, -28.301393199211795], [-51.69160649999997, -28.302213599211782], [-51.691238399999975, -28.30303289921176], [-51.690423, -28.302617299211786], [-51.689564099999984, -28.30206109921179], [-51.68871319999999, -28.301669099211814], [-51.68778049999997, -28.30143019921182], [-51.68685729999998, -28.30119059921178], [-51.68573679999997, -28.300918999211817], [-51.68479439999999, -28.300482599211826], [-51.68467650000002, -28.29963269921184], [-51.68475560000002, -28.29882419921185], [-51.68424829999997, -28.29801859921183], [-51.68349940000002, -28.297514599211848], [-51.682810599999975, -28.29700209921186], [-51.681964100000016, -28.297217399211885], [-51.68099719999998, -28.29752099921187], [-51.68004450000001, -28.297963799211853], [-51.679971799999976, -28.298798499211813], [-51.679389000000015, -28.299494899211844], [-51.6783648, -28.299810499211794], [-51.67749579999998, -28.300213799211807], [-51.67687669999998, -28.300816299211807], [-51.6763072, -28.301439699211794], [-51.675417700000025, -28.301231699211822], [-51.67467720000002, -28.3006776992118], [-51.6741361, -28.29992339921183], [-51.6736305, -28.29920619921185], [-51.67316260000001, -28.29848249921182], [-51.67222700000002, -28.298551799211815], [-51.67142050000001, -28.298917799211868], [-51.6704019, -28.299312399211843], [-51.66950029999998, -28.299118999211842], [-51.66887800000001, -28.298518199211827], [-51.667981300000015, -28.298701599211856], [-51.667334100000005, -28.299286899211857], [-51.666454499999986, -28.299780099211844], [-51.66551449999997, -28.299734799211834], [-51.6645593, -28.29949979921181], [-51.66364390000001, -28.299224399211845], [-51.66348599999998, -28.299411999211838], [-51.66256720000001, -28.299767099211817], [-51.66149810000002, -28.29999549921184], [-51.6606208, -28.300176499211826], [-51.65986830000003, -28.30063159921178], [-51.65927019999997, -28.301233399211796], [-51.6584057, -28.301593799211766], [-51.657857299999996, -28.30222139921178], [-51.6578078, -28.303016199211765], [-51.65781229999999, -28.304239399211713], [-51.65781879999998, -28.30515919921172], [-51.657751399999995, -28.306019999211692], [-51.65719059999998, -28.306672999211692], [-51.656527299999986, -28.30723209921171], [-51.655706099999975, -28.307657199211672], [-51.65537339999998, -28.30846129921164], [-51.6553826, -28.30927949921165], [-51.6546459, -28.309827599211648], [-51.654110600000024, -28.310532199211643], [-51.653990599999986, -28.311384399211615], [-51.653550800000005, -28.312095399211568], [-51.6526336, -28.312008499211597], [-51.65169819999999, -28.31225079921161], [-51.650634700000005, -28.31254819921157], [-51.649767999999995, -28.31218329921161], [-51.6492179, -28.311525099211593], [-51.64893439999998, -28.310748799211623], [-51.648927399999984, -28.309933399211616], [-51.648540000000025, -28.309029899211637], [-51.647624399999984, -28.309158299211635], [-51.64677310000002, -28.308894999211667], [-51.64603290000002, -28.308347799211646], [-51.645250499999975, -28.3078835992117], [-51.64441470000003, -28.307565999211693], [-51.643379700000025, -28.30751909921166], [-51.64263369999997, -28.307054699211672], [-51.6417897, -28.306483199211698], [-51.64066759999998, -28.306322699211712], [-51.639841400000016, -28.306953199211694], [-51.63889080000001, -28.3070143992117], [-51.6373787, -28.306988999211672], [-51.636615000000006, -28.306514299211706], [-51.63596150000001, -28.305814699211705], [-51.635348299999976, -28.305212099211733], [-51.63479, -28.304551199211723], [-51.63476170000001, -28.30370119921173], [-51.63478120000001, -28.30283489921175], [-51.63387790000002, -28.302572899211746], [-51.632965399999996, -28.30262699921174], [-51.63203060000001, -28.302685399211736], [-51.63137080000001, -28.303260699211773], [-51.63047519999997, -28.303600899211748], [-51.62951800000002, -28.30355459921173], [-51.62918860000002, -28.302800099211787], [-51.62919699999998, -28.301791899211803], [-51.62929559999997, -28.300963699211813], [-51.62889339999998, -28.300188499211817], [-51.62796850000001, -28.300309599211804], [-51.627041899999995, -28.30001159921182], [-51.62671160000002, -28.299271599211824], [-51.62648789999997, -28.298455399211864], [-51.625560800000024, -28.298535099211833], [-51.62464560000001, -28.29850719921187], [-51.62374199999999, -28.29866369921187], [-51.62263630000002, -28.29857609921184], [-51.62172079999999, -28.29877149921182], [-51.621045299999984, -28.299426999211803], [-51.62017980000002, -28.299772399211815], [-51.61924859999999, -28.29965949921184], [-51.61853580000002, -28.29903439921182], [-51.617783299999985, -28.298505499211817], [-51.6169769, -28.29811339921182], [-51.61646969999998, -28.298658299211848], [-51.61548749999997, -28.298934699211852], [-51.61451599999997, -28.299070599211834], [-51.6139599, -28.29973519921181], [-51.6138196, -28.300532099211807], [-51.61319750000001, -28.301123299211767], [-51.61246579999999, -28.301671599211797], [-51.61215220000002, -28.30247929921179], [-51.61158119999999, -28.30311379921177], [-51.61064970000001, -28.303174299211786], [-51.610286099999996, -28.302396299211775], [-51.6096549, -28.30180469921178], [-51.60887999999999, -28.301294599211797], [-51.608034299999986, -28.300914999211777], [-51.607388000000014, -28.30147009921181], [-51.6069991, -28.302206199211778], [-51.60651960000001, -28.30291939921178], [-51.60643800000003, -28.30372859921175], [-51.60606339999998, -28.30450359921171], [-51.604843200000005, -28.304724299211696], [-51.60398529999998, -28.305115999211722], [-51.6029835, -28.30514819921174], [-51.60206210000001, -28.305270799211744], [-51.60124280000002, -28.30569919921171], [-51.600420799999995, -28.306091399211724], [-51.59949390000003, -28.305854099211682], [-51.59852769999998, -28.305810799211734], [-51.59757930000001, -28.305768499211716], [-51.59689259999999, -28.305125299211706], [-51.59643790000001, -28.304359099211748], [-51.596259599999996, -28.30350809921173], [-51.595478699999994, -28.303911099211746], [-51.59454479999999, -28.30395519921176], [-51.593642699999975, -28.30419179921176], [-51.592693199999985, -28.304482899211724], [-51.59155529999998, -28.304750699211734], [-51.59060390000002, -28.304809999211713], [-51.590038100000015, -28.305466599211705], [-51.589682900000014, -28.306389699211707], [-51.58899109999998, -28.3070593992117], [-51.5886572, -28.30779369921167], [-51.58779349999998, -28.308437399211677], [-51.58683500000001, -28.30841439921168], [-51.58596219999998, -28.308745899211676], [-51.585072000000025, -28.308555799211693], [-51.584709499999974, -28.307781399211688], [-51.58446450000003, -28.30701199921167], [-51.58379400000001, -28.30645959921169], [-51.58284020000002, -28.30639869921169], [-51.58186110000002, -28.30636559921169], [-51.58091480000002, -28.306322299211676], [-51.580129899999974, -28.30581509921173], [-51.57949530000002, -28.305228499211726], [-51.57918410000002, -28.304362399211747], [-51.57871890000001, -28.30360579921177], [-51.57811500000002, -28.302999499211758], [-51.57781360000001, -28.302177999211796], [-51.57695810000001, -28.301828799211794], [-51.57610940000001, -28.301513299211805], [-51.575231299999984, -28.301716299211794], [-51.57430460000001, -28.301503699211803], [-51.57364330000001, -28.30089129921179], [-51.57314000000002, -28.301274499211775], [-51.57243299999999, -28.301776499211797], [-51.5714744, -28.301740099211806], [-51.570538699999986, -28.301733999211784], [-51.5696365, -28.302044499211807], [-51.56875450000001, -28.302315499211797], [-51.567843700000026, -28.302347499211766], [-51.56746800000002, -28.3015951992118], [-51.56692220000002, -28.300957299211795], [-51.56683559999998, -28.300856299211816], [-51.56657209999998, -28.300085299211787], [-51.56617449999999, -28.29929219921185], [-51.56567059999997, -28.298602799211874], [-51.56494679999997, -28.298118099211873], [-51.56407999999999, -28.29785519921187], [-51.56319619999999, -28.297596299211868], [-51.56232, -28.297113799211843], [-51.56151940000001, -28.297492199211888], [-51.56058760000003, -28.29728019921185], [-51.5605984, -28.298336699211838], [-51.56038749999999, -28.29916699921184], [-51.559963499999974, -28.299920299211816], [-51.5605112, -28.300670599211788], [-51.56112680000001, -28.30146759921181], [-51.561578999999995, -28.302384599211756], [-51.561058600000024, -28.30304669921174], [-51.560324200000025, -28.30352879921173], [-51.55945689999999, -28.303191099211755], [-51.558691099999976, -28.303650299211757], [-51.55777740000002, -28.30396419921175], [-51.55731960000003, -28.304647199211708], [-51.55686880000002, -28.305382899211704], [-51.55603380000002, -28.305803999211744], [-51.555083500000016, -28.306025499211685], [-51.55440549999997, -28.306673199211666], [-51.5535476, -28.30701349921168], [-51.552646700000025, -28.306921999211678], [-51.55211830000002, -28.306205199211732], [-51.55142030000002, -28.30564589921172], [-51.550505799999996, -28.30512339921174], [-51.54984949999999, -28.304426399211753], [-51.54975250000001, -28.30360389921174], [-51.54973619999998, -28.302316899211775], [-51.5489023, -28.30199219921175], [-51.54756730000002, -28.301875399211756], [-51.54666989999998, -28.30171419921178], [-51.5456964, -28.301806799211796], [-51.545216100000005, -28.302482499211767], [-51.544761900000026, -28.303212299211747], [-51.54390059999997, -28.303560399211744], [-51.543093999999996, -28.303920399211727], [-51.54208860000001, -28.30421059921173], [-51.5411431, -28.304224799211724], [-51.54049509999999, -28.304129399211767], [-51.539509899999985, -28.304151599211757], [-51.538986200000004, -28.30493239921171], [-51.538907699999974, -28.305770699211706], [-51.53810299999998, -28.306225099211712], [-51.537036, -28.306325499211713], [-51.53649439999998, -28.307061399211705], [-51.53579680000001, -28.307781199211703], [-51.53536189999999, -28.308525999211632], [-51.535068700000004, -28.30928209921168], [-51.534387700000025, -28.310072799211635], [-51.533481800000004, -28.309980599211666], [-51.53286480000003, -28.309362099211636], [-51.532194600000025, -28.30878279921167], [-51.531896500000016, -28.308848999211676], [-51.531361000000004, -28.308937999211675], [-51.5302749, -28.308905099211668], [-51.52986090000002, -28.308719799211666], [-51.52894820000001, -28.30827719921169], [-51.52815099999998, -28.30778509921166], [-51.52737339999999, -28.30725899921167], [-51.5267622, -28.306673899211724], [-51.525937699999986, -28.306111399211733], [-51.525364000000025, -28.3054776992117], [-51.52479699999998, -28.304838699211725], [-51.524349599999994, -28.30397429921174], [-51.523630000000026, -28.303426599211775], [-51.52274469999997, -28.303165599211763], [-51.521887600000014, -28.302779999211758], [-51.52120969999999, -28.302226999211783], [-51.520567299999975, -28.301608699211755], [-51.5195822, -28.301439699211794], [-51.51862510000001, -28.301487499211795], [-51.517733299999975, -28.301790299211778], [-51.51713189999999, -28.301193899211786], [-51.51627860000002, -28.300898099211786], [-51.515519600000005, -28.30139289921179], [-51.51475449999998, -28.30197129921178], [-51.51380710000001, -28.30254149921178], [-51.512902300000015, -28.30283679921178], [-51.51182440000003, -28.302866599211775], [-51.5108983, -28.30310219921178], [-51.509998499999995, -28.30296209921177], [-51.5090386, -28.30284199921176], [-51.507995799999996, -28.302785999211796], [-51.50725410000001, -28.30228029921178], [-51.50687699999998, -28.301526399211784], [-51.50618059999999, -28.300953999211792], [-51.50530950000001, -28.300613799211817], [-51.50517860000002, -28.30087749921181], [-51.50471190000002, -28.30160659921179], [-51.503986199999986, -28.302074899211753], [-51.50311929999998, -28.301799099211756], [-51.50244420000001, -28.301197199211785], [-51.501511300000004, -28.3014439992118], [-51.50074000000001, -28.30197529921176], [-51.49996509999999, -28.30250489921175], [-51.49942069999997, -28.303254799211746], [-51.49865440000002, -28.303711499211772], [-51.49773320000003, -28.303949399211767], [-51.496737800000005, -28.30395779921173], [-51.495755299999985, -28.30375799921176], [-51.49504280000002, -28.30319269921177], [-51.494793300000026, -28.302226999211783], [-51.4950197, -28.30140979921178], [-51.49515500000001, -28.300361099211777], [-51.495549600000004, -28.299554399211797], [-51.49559549999997, -28.29873059921183], [-51.495130399999994, -28.297864299211877], [-51.494196999999986, -28.29759379921187], [-51.49344430000002, -28.298048799211866], [-51.492599999999975, -28.298466499211862], [-51.491727000000026, -28.29819699921186], [-51.491217099999965, -28.297500999211877], [-51.49041, -28.29704939921186], [-51.489554, -28.29674809921188], [-51.4886487, -28.29656429921188], [-51.48769229999999, -28.296700899211892], [-51.48672160000001, -28.296729499211907], [-51.48510390000001, -28.296720899211902], [-51.48419460000002, -28.29647609921189], [-51.483242500000024, -28.296186599211882], [-51.482360099999994, -28.296389299211867], [-51.48161740000001, -28.29693639921187], [-51.48094529999997, -28.297537099211855], [-51.480535499999974, -28.29825369921181], [-51.479960500000004, -28.298890399211853], [-51.479272099999996, -28.299561799211823], [-51.478572199999974, -28.30027969921179], [-51.477920600000004, -28.300847299211792], [-51.47713649999997, -28.301353399211788], [-51.47626150000002, -28.301745999211775], [-51.475650599999994, -28.302331299211765], [-51.4748285, -28.30289659921176], [-51.47401359999998, -28.30347339921173], [-51.47348169999998, -28.30416909921177], [-51.47380750000002, -28.30494229921172], [-51.47365079999997, -28.305764099211682], [-51.473645100000006, -28.306674599211703], [-51.47334289999998, -28.307447999211703], [-51.47284130000003, -28.308164999211638], [-51.4725631, -28.30893069921168], [-51.471782700000006, -28.30946099921164], [-51.47084740000002, -28.309460899211633], [-51.47003439999997, -28.308917499211674], [-51.469269300000015, -28.308335199211655], [-51.46859619999998, -28.307688099211685], [-51.46783169999998, -28.307169699211663], [-51.46730789999998, -28.306400199211687], [-51.46698049999998, -28.30557149921171], [-51.46722879999999, -28.304738499211712], [-51.46722629999999, -28.303898999211746], [-51.466734700000025, -28.303214699211768], [-51.46669819999999, -28.303113899211784], [-51.465948200000014, -28.303623899211747], [-51.4650565, -28.30382809921172], [-51.464090399999975, -28.30376249921176], [-51.46319810000001, -28.303440099211745], [-51.462591299999985, -28.30278739921177], [-51.46223359999999, -28.302008999211793], [-51.461517699999995, -28.301468699211775], [-51.460827600000016, -28.302057599211786], [-51.46002220000003, -28.302532999211756], [-51.459097199999974, -28.302570299211784], [-51.45819749999998, -28.302269499211793], [-51.45760139999998, -28.301669399211764], [-51.45690550000001, -28.300947999211807], [-51.456306600000005, -28.300352999211782], [-51.455273499999976, -28.30004649921182], [-51.454391799999996, -28.29956999921184], [-51.453890100000024, -28.298878799211845], [-51.453509999999994, -28.29814579921183], [-51.45297199999999, -28.297408999211875], [-51.452050299999996, -28.297436199211855], [-51.451208099999974, -28.29711099921185], [-51.450361499999985, -28.29740659921186], [-51.44971149999998, -28.297992499211873], [-51.44883279999999, -28.298361399211817], [-51.44796600000001, -28.29814239921187], [-51.447115499999995, -28.297830899211867], [-51.446178999999965, -28.297814899211847], [-51.44526880000001, -28.298000699211848], [-51.44441060000003, -28.298278499211822], [-51.444013900000016, -28.297776499211857], [-51.443784300000004, -28.297040599211876], [-51.443163200000015, -28.296386499211856], [-51.44245749999999, -28.29567299921193], [-51.441770299999966, -28.295000199211916], [-51.44127919999999, -28.29426029921194], [-51.44071550000001, -28.293639199211903], [-51.44082420000001, -28.292823699211926], [-51.4411424, -28.29200289921196], [-51.440864799999986, -28.29181899921194], [-51.43997389999998, -28.29126759921201], [-51.43909239999999, -28.291443799211994], [-51.43809590000001, -28.29144749921199], [-51.4372535, -28.291169499212], [-51.436265400000025, -28.291173399211967], [-51.435300700000035, -28.290930099212], [-51.43453790000001, -28.29047159921199], [-51.4337425, -28.290060599212], [-51.432825599999994, -28.290013099212004], [-51.4320485, -28.289577899212], [-51.431156699999974, -28.289479399212013], [-51.43079660000001, -28.288730699212], [-51.43058079999997, -28.287938299212048], [-51.430078200000025, -28.28718589921205], [-51.429405100000004, -28.28650369921209], [-51.428707299999985, -28.28583979921209], [-51.42786150000001, -28.285479399212054], [-51.427203399999996, -28.28491319921209], [-51.426440899999996, -28.284393399212103], [-51.426095299999986, -28.28361249921212], [-51.42572510000002, -28.282867999212133], [-51.42552369999998, -28.282073699212166], [-51.425261999999975, -28.28130869921216], [-51.424753399999986, -28.28061399921218], [-51.42371780000002, -28.280618099212194], [-51.42280890000001, -28.280336199212197], [-51.422660300000025, -28.28058509921216], [-51.42206149999998, -28.281238299212124], [-51.421305200000006, -28.281702699212126], [-51.42036890000003, -28.28173149921213], [-51.419539999999984, -28.282054499212162], [-51.4189437, -28.282670199212117], [-51.41851509999998, -28.28336669921211], [-51.41778340000002, -28.2839276992121], [-51.41683719999997, -28.28393789921212], [-51.41619700000001, -28.28335089921213], [-51.41561519999999, -28.28262839921215], [-51.4151071, -28.281942099212127], [-51.41445299999998, -28.281280199212183], [-51.41368720000002, -28.28076319921218], [-51.41301379999998, -28.280116699212183], [-51.41236029999998, -28.27955059921219], [-51.411619299999984, -28.27900999921222], [-51.410998600000035, -28.27835849921222], [-51.41074040000001, -28.277583499212206], [-51.410274800000025, -28.27684489921224], [-51.409475499999985, -28.276447399212245], [-51.40848820000002, -28.27666299921222], [-51.40762310000002, -28.27695229921223], [-51.406774499999976, -28.277231399212223], [-51.4058536, -28.27742879921222], [-51.405109400000015, -28.276948499212242], [-51.40423750000002, -28.276456299212256], [-51.40325819999998, -28.27625009921227], [-51.402340400000014, -28.275955699212243], [-51.40142559999999, -28.27602829921225], [-51.4005631, -28.275731699212244], [-51.39973739999999, -28.275374699212243], [-51.39882469999998, -28.275134699212295], [-51.39795959999998, -28.274808099212247], [-51.39722110000003, -28.274250799212282], [-51.39672050000001, -28.27355869921232], [-51.3963569, -28.272979199212312], [-51.39613179999998, -28.27215599921232], [-51.396142, -28.271169599212342], [-51.396072100000026, -28.27116949921233], [-51.39516029999998, -28.270926099212335], [-51.39413089999999, -28.270486099212377], [-51.39417839999999, -28.269645599212364], [-51.39398160000002, -28.268810099212388], [-51.39343869999999, -28.267953899212404], [-51.39327489999999, -28.267175499212424], [-51.39255200000002, -28.266615699212412], [-51.392244800000014, -28.26584799921244], [-51.39224350000001, -28.264931099212458], [-51.3916658, -28.26422769921245], [-51.39069009999997, -28.263997699212474], [-51.38978580000003, -28.26355089921246], [-51.389474199999995, -28.2627063992125], [-51.389343699999976, -28.261756199212495], [-51.38871870000003, -28.26110689921253], [-51.387899800000014, -28.260532199212538], [-51.38770629999999, -28.259714699212562], [-51.3880615, -28.258931999212574], [-51.388320299999975, -28.25815899921255], [-51.3883902, -28.25732149921258], [-51.38872709999998, -28.256515499212586], [-51.3891698, -28.255684299212596], [-51.389732599999995, -28.254946899212626], [-51.39003819999999, -28.25418599921265], [-51.38975299999998, -28.25339179921263], [-51.389471300000025, -28.253387499212632], [-51.388664300000016, -28.253003599212672], [-51.388062400000024, -28.2523923992127], [-51.38729460000002, -28.251876699212715], [-51.386719200000016, -28.2512409992127], [-51.386153799999995, -28.250500999212697], [-51.38632999999999, -28.249721899212734], [-51.387047199999984, -28.249006599212716], [-51.38784140000002, -28.24837379921277], [-51.38809170000002, -28.24758809921274], [-51.388151999999984, -28.246322699212815], [-51.38871110000002, -28.24566569921282], [-51.3889216, -28.244826999212798], [-51.3886895, -28.244005799212857], [-51.3888695, -28.243157199212842], [-51.389019899999994, -28.24231649921287], [-51.38891960000001, -28.24144739921291], [-51.38793290000001, -28.241448099212892], [-51.38705909999999, -28.241678999212844], [-51.38617929999998, -28.241942999212874], [-51.38539220000001, -28.241515299212878], [-51.3844732, -28.241204199212913], [-51.383701099999996, -28.2405667992129], [-51.38306380000001, -28.239891299212914], [-51.382252900000026, -28.239502999212924], [-51.381873600000006, -28.239691899212936], [-51.38094030000001, -28.240009599212918], [-51.37995080000002, -28.240000199212897], [-51.37907649999999, -28.240319099212925], [-51.37820529999999, -28.240526199212866], [-51.377433999999994, -28.24006129921289], [-51.37651799999998, -28.240137699212895], [-51.375697600000024, -28.24053759921288], [-51.374767599999984, -28.240307899212898], [-51.3739438, -28.239947599212897], [-51.3731545, -28.23944849921289], [-51.37250970000002, -28.238831999212923], [-51.371563700000024, -28.23865369921291], [-51.37078309999998, -28.23812569921295], [-51.369837399999994, -28.23812679921292], [-51.368920100000025, -28.23838689921295], [-51.368000600000016, -28.238113999212928], [-51.36683979999998, -28.23812509921292], [-51.36579949999999, -28.237887899212918], [-51.364964499999985, -28.23756979921297], [-51.364033000000006, -28.237537199212973], [-51.36328020000002, -28.23706989921297], [-51.362647299999985, -28.236387799212967], [-51.36213729999997, -28.235706499212977], [-51.36126100000001, -28.235314999213003], [-51.360660800000005, -28.234720999212986], [-51.35991180000002, -28.234042399213042], [-51.35900270000002, -28.233788299213032], [-51.35846529999998, -28.233081699213045], [-51.357754899999975, -28.232550199213023], [-51.35695559999999, -28.23211099921302], [-51.35614160000001, -28.23172519921309], [-51.35607709999999, -28.23187329921307], [-51.355474300000026, -28.232548999213044], [-51.354648699999984, -28.23304109921301], [-51.3537546, -28.232891599213055], [-51.35290500000002, -28.23247769921304], [-51.352064499999976, -28.23205579921306], [-51.35120690000003, -28.232322099213015], [-51.350321099999974, -28.232591299213063], [-51.34939220000001, -28.23289689921305], [-51.34893579999999, -28.23361099921301], [-51.34838769999998, -28.23439269921301], [-51.34749870000002, -28.23494819921301], [-51.34658830000001, -28.23486529921302], [-51.345620999999994, -28.234894099213015], [-51.344825300000025, -28.235394799212983], [-51.34406899999999, -28.235868199213005], [-51.34344609999999, -28.236527699212978], [-51.343157599999984, -28.237341199212953], [-51.34236090000002, -28.237748899212928], [-51.3415205, -28.23805419921296], [-51.34088179999998, -28.238682799212924], [-51.340612799999974, -28.239525599212897], [-51.34026810000001, -28.240407999212906], [-51.33941340000001, -28.240789899212874], [-51.338707399999976, -28.240293599212876], [-51.338146300000005, -28.2396282992129], [-51.338004000000005, -28.23882159921292], [-51.338069700000005, -28.238014899212935], [-51.33870539999998, -28.237421699212977], [-51.339181, -28.236708799212927], [-51.338659800000016, -28.236032399212974], [-51.337620800000025, -28.236016199212976], [-51.33666440000002, -28.236008099212963], [-51.33569619999997, -28.23598049921297], [-51.334807599999976, -28.236174399212953], [-51.33384899999998, -28.235952599213004], [-51.333241999999984, -28.23536009921296], [-51.33249669999998, -28.23489889921301], [-51.331756799999994, -28.23444559921303], [-51.33126040000002, -28.233731299213], [-51.33148060000001, -28.233453299213032], [-51.33195169999999, -28.232687499213018], [-51.3328343, -28.23224039921308], [-51.333810700000015, -28.23211769921305], [-51.333657599999974, -28.231334299213074], [-51.33357130000002, -28.23033649921311], [-51.33266939999998, -28.230088699213105], [-51.33153229999999, -28.229763999213077], [-51.33094019999999, -28.229159899213116], [-51.33008510000002, -28.228689599213105], [-51.32911990000002, -28.2287178992131], [-51.328199100000006, -28.228380099213098], [-51.32754840000001, -28.22782249921313], [-51.32717709999997, -28.227063199213113], [-51.32654550000001, -28.226417799213134], [-51.326170299999994, -28.225656699213175], [-51.32627980000001, -28.224815399213192], [-51.3265715, -28.22397669921319], [-51.32593839999999, -28.223335599213186], [-51.32516290000001, -28.222911599213194], [-51.32441560000001, -28.222425299213217], [-51.3242684, -28.221643199213258], [-51.32419249999998, -28.22083779921327], [-51.32477849999997, -28.220174599213273], [-51.32558549999999, -28.219780999213288], [-51.3258636, -28.218947499213304], [-51.3252746, -28.21848819921332], [-51.324683100000016, -28.21789189921329], [-51.324170700000025, -28.217135599213332], [-51.323237500000005, -28.217094299213315], [-51.322341600000016, -28.217503099213296], [-51.32148710000002, -28.217891399213286], [-51.320625800000016, -28.21824349921333], [-51.31973199999999, -28.2184013992133], [-51.318835200000024, -28.218340999213297], [-51.318036800000016, -28.21796909921331], [-51.31710850000002, -28.217728599213288], [-51.316615300000024, -28.217063099213338], [-51.31644160000002, -28.216219199213338], [-51.31667019999998, -28.21543339921334], [-51.31636950000001, -28.214639699213386], [-51.3159594, -28.213871399213396], [-51.3158221, -28.213071599213364], [-51.31548980000002, -28.2123111992134], [-51.315231600000004, -28.211472099213406], [-51.314289299999984, -28.211733799213413], [-51.31337129999997, -28.211695199213434], [-51.31252469999998, -28.211420599213422], [-51.31164960000001, -28.211019499213442], [-51.310711200000014, -28.21086779921345], [-51.310422800000026, -28.21008199921345], [-51.30982760000001, -28.20944729921348], [-51.30921769999997, -28.20874619921349], [-51.3089162, -28.20789819921348], [-51.308721400000024, -28.20702459921352], [-51.30798820000001, -28.206525499213512], [-51.307284400000015, -28.205985399213493], [-51.30666289999999, -28.20534329921352], [-51.30578009999999, -28.205061299213543], [-51.30486380000002, -28.20482499921358], [-51.304002099999984, -28.20450009921357], [-51.3032935, -28.204003499213552], [-51.30298820000002, -28.203192199213564], [-51.30233190000002, -28.202614499213567], [-51.30139029999998, -28.20254669921361], [-51.30054009999998, -28.20226909921362], [-51.30031550000002, -28.201476599213585], [-51.3002209, -28.2006243992136], [-51.29989380000001, -28.19981579921365], [-51.29942160000002, -28.199082399213655], [-51.298984700000005, -28.19833939921367], [-51.298387400000024, -28.19772459921368], [-51.29801950000001, -28.19687069921366], [-51.297596699999986, -28.196116399213697], [-51.29700329999997, -28.195405899213743], [-51.29644139999999, -28.194669399213737], [-51.295945800000034, -28.193875699213724], [-51.29588460000002, -28.193071399213768], [-51.29614099999998, -28.192280899213785], [-51.29612759999998, -28.19185359921378], [-51.29569029999999, -28.19108489921382], [-51.295197400000006, -28.19034299921379], [-51.294280000000015, -28.190057599213798], [-51.2934252, -28.190390999213786], [-51.29248940000002, -28.190198199213825], [-51.291690800000026, -28.18981049921384], [-51.2908195, -28.189493499213846], [-51.28991130000003, -28.189489199213842], [-51.28873590000001, -28.189689799213813], [-51.28784439999998, -28.18938039921384], [-51.28691070000002, -28.189222999213854], [-51.285972000000015, -28.189462199213807], [-51.28502959999997, -28.189541899213825], [-51.284072499999986, -28.18925499921383], [-51.2831787, -28.18887349921383], [-51.28273369999999, -28.188173499213868], [-51.28204440000001, -28.18750259921387], [-51.28123149999999, -28.187057699213895], [-51.28037010000003, -28.186675399213886], [-51.27954269999998, -28.186114999213867], [-51.27899129999997, -28.185454499213897], [-51.2787748, -28.184613799213935], [-51.27785449999999, -28.184375299213915], [-51.27694739999998, -28.184470799213898], [-51.27614540000002, -28.184096299213934], [-51.275971200000015, -28.183227999213916], [-51.27581600000002, -28.182417099213957], [-51.275036500000006, -28.181967899213973], [-51.274224600000025, -28.18161049921395], [-51.27347580000002, -28.181153699213958], [-51.2728075, -28.18061429921399], [-51.27279820000001, -28.181045399213996], [-51.27233890000002, -28.181799999213975], [-51.271566699999994, -28.182271499213964], [-51.27063479999998, -28.182147199213926], [-51.26964179999999, -28.182202799213986], [-51.268816300000026, -28.181822599213938], [-51.2681862, -28.181201499213966], [-51.26734299999998, -28.18079759921399], [-51.26642479999998, -28.18092719921396], [-51.265520900000006, -28.181174199213974], [-51.26448190000002, -28.181144999213995], [-51.26377050000002, -28.180639699213952], [-51.26288090000003, -28.180434199213963], [-51.2620225, -28.18075759921397], [-51.26101790000001, -28.180913899213984], [-51.26021370000001, -28.18136629921395], [-51.259644200000025, -28.18204939921394], [-51.25891849999999, -28.182558799213925], [-51.25875309999998, -28.182954699213926], [-51.25931209999999, -28.183648499213938], [-51.26010700000001, -28.184168899213898], [-51.260572500000016, -28.18487749921393], [-51.2602989, -28.18569589921387], [-51.259748699999996, -28.186396199213863], [-51.25882039999999, -28.18638269921391], [-51.257950699999974, -28.186698299213862], [-51.25699750000001, -28.186760099213885], [-51.256179299999985, -28.18712659921386], [-51.255402300000014, -28.18763469921385], [-51.25463860000002, -28.188087899213876], [-51.25401679999999, -28.188736499213846], [-51.25372299999997, -28.18957779921382], [-51.253684599999985, -28.190380499213823], [-51.25387549999999, -28.191229999213807], [-51.25339960000002, -28.191936899213747], [-51.25287880000002, -28.19261569921374], [-51.25231860000003, -28.193269099213765], [-51.2521749, -28.194065199213743], [-51.25171599999999, -28.194827199213737], [-51.25187089999997, -28.195690099213685], [-51.252023200000004, -28.19648999921368], [-51.252253499999995, -28.1973352992137], [-51.251869699999986, -28.19810149921367], [-51.2508858, -28.19843539921366], [-51.25013339999998, -28.19890209921365], [-51.24930069999999, -28.19929549921366], [-51.24839220000002, -28.199351199213663], [-51.24771019999997, -28.199977399213655], [-51.24688889999999, -28.200394999213643], [-51.246044100000006, -28.20081499921359], [-51.2451962, -28.201215899213626], [-51.244402799999996, -28.2016283992136], [-51.24392169999999, -28.201765399213595], [-51.242961700000016, -28.20175969921362], [-51.241990199999975, -28.2013446992136], [-51.24134450000003, -28.20066979921363], [-51.240941099999986, -28.19992069921364], [-51.24087050000003, -28.19912189921367], [-51.24010750000002, -28.19861129921363], [-51.239495299999994, -28.19800139921367], [-51.238678900000025, -28.197647199213677], [-51.23785229999998, -28.198037799213665], [-51.236973999999975, -28.19783669921365], [-51.23686930000003, -28.19803259921364], [-51.23602469999997, -28.198577799213663], [-51.23524179999998, -28.199084299213627], [-51.234847100000025, -28.199849399213637], [-51.23499329999999, -28.200633299213607], [-51.23469540000002, -28.201398999213577], [-51.23445479999998, -28.20224899921358], [-51.2336856, -28.2027215992136], [-51.2327942, -28.202318099213596], [-51.231836699999974, -28.202271299213592], [-51.230685900000026, -28.202358999213594], [-51.2297595, -28.202589499213573], [-51.229163400000004, -28.20318189921358], [-51.22860240000001, -28.203831699213584], [-51.22770250000002, -28.20415389921355], [-51.22679240000002, -28.20395689921355], [-51.225871600000005, -28.203994099213542], [-51.22495120000002, -28.20374019921359], [-51.224744499999986, -28.202877599213593], [-51.22474779999999, -28.201870599213606], [-51.22452199999998, -28.20094679921361], [-51.22468909999997, -28.20012809921361], [-51.2241821, -28.19943299921364], [-51.2237245, -28.200125999213643], [-51.22296619999997, -28.200593499213657], [-51.222076200000004, -28.200974099213607], [-51.221323100000006, -28.201439999213605], [-51.2203083, -28.201618999213597], [-51.21968079999999, -28.202225399213557], [-51.21882709999999, -28.202561099213614], [-51.21784359999998, -28.2026879992136], [-51.21692860000002, -28.202556899213583], [-51.216173700000006, -28.20204179921361], [-51.21520739999999, -28.201913799213607], [-51.214361499999995, -28.202198799213615], [-51.21341039999999, -28.20213019921359], [-51.21272909999999, -28.20277169921361], [-51.212074599999994, -28.20347299921355], [-51.211586899999986, -28.20421519921359], [-51.21068919999999, -28.204514499213552], [-51.209765600000026, -28.204475699213543], [-51.20883409999999, -28.204167499213536], [-51.20806859999999, -28.20370539921355], [-51.20712250000003, -28.203660799213587], [-51.20611179999997, -28.203659899213555], [-51.20515019999999, -28.203697999213542], [-51.20456730000001, -28.204385999213542], [-51.203757800000005, -28.204003799213567], [-51.20281410000001, -28.203635499213586], [-51.2025294, -28.202836799213582], [-51.201566000000014, -28.202938499213605], [-51.2013791, -28.20371469921355], [-51.20102050000003, -28.204482699213575], [-51.20029950000003, -28.205033499213545], [-51.19937950000001, -28.20506869921356], [-51.198473799999995, -28.20482989921354], [-51.1975587, -28.204520899213527], [-51.1964845, -28.204172599213543], [-51.1958884, -28.20355579921358], [-51.19545379999999, -28.202860999213556], [-51.19460049999998, -28.20258019921359], [-51.19369219999999, -28.202816699213617], [-51.1927986, -28.202603999213586], [-51.19199309999999, -28.202081499213616], [-51.19156370000002, -28.201201999213634], [-51.19083890000002, -28.200612499213594], [-51.189930300000015, -28.200806899213593], [-51.18908520000003, -28.201081799213604], [-51.18820340000001, -28.20147019921362], [-51.18759460000001, -28.202067299213606], [-51.18665750000002, -28.20228609921358], [-51.1858833, -28.201806899213604], [-51.185529599999995, -28.20102969921361], [-51.18491560000001, -28.200427799213617], [-51.183972299999986, -28.200200899213645], [-51.18310930000001, -28.19966909921364], [-51.1823412, -28.19915389921365], [-51.181999500000025, -28.198351899213645], [-51.181935899999985, -28.197509899213685], [-51.18138229999999, -28.19684699921368], [-51.180527999999974, -28.196479399213686], [-51.17985040000002, -28.19593229921368], [-51.17900930000001, -28.1955176992137], [-51.17802490000002, -28.195401399213704], [-51.17766979999999, -28.19613289921371], [-51.176798700000006, -28.196454499213704], [-51.1758777, -28.196412999213713], [-51.17491639999997, -28.196493099213694], [-51.17400320000002, -28.19629839921368], [-51.17343460000001, -28.19568049921369], [-51.172471299999984, -28.195539999213707], [-51.171944100000026, -28.194897499213745], [-51.17119279999997, -28.19436889921371], [-51.170341699999994, -28.193960099213776], [-51.16942519999998, -28.193797999213768], [-51.168654300000014, -28.193345399213744], [-51.16883919999998, -28.19250839921378], [-51.16926610000002, -28.19167759921378], [-51.169283699999994, -28.190835399213825], [-51.168577200000016, -28.190111399213805], [-51.16825849999998, -28.189309099213826], [-51.16763630000003, -28.188717799213844], [-51.16725159999998, -28.187983699213866], [-51.16718609999998, -28.18715369921387], [-51.166629, -28.18650139921388], [-51.16597200000001, -28.1857839992139], [-51.165360099999994, -28.185187799213892], [-51.16443340000001, -28.185205299213905], [-51.16356769999999, -28.18555459921388], [-51.162937899999974, -28.186200999213874], [-51.162675999999976, -28.18699359921386], [-51.16242949999997, -28.187764899213843], [-51.161692200000005, -28.188264099213875], [-51.16083459999999, -28.187956799213847], [-51.16002869999999, -28.187602399213866], [-51.15915050000002, -28.18797519921383], [-51.158332900000005, -28.187607399213846], [-51.15736770000001, -28.18740059921385], [-51.156440999999965, -28.18745979921387], [-51.15579209999998, -28.18678449921385], [-51.15519199999999, -28.186182999213916], [-51.154268, -28.185905099213905], [-51.153348300000005, -28.1856673992139], [-51.153854000000024, -28.1849253992139], [-51.15471869999999, -28.1845185992139], [-51.155738900000024, -28.18398989921389], [-51.15614729999999, -28.183250099213954], [-51.15562610000001, -28.18257329921395], [-51.15475370000001, -28.182280399213976], [-51.1544763, -28.181505299213995], [-51.1542647, -28.180466899213982], [-51.15401179999998, -28.179706199214007], [-51.15357, -28.179004099214005], [-51.1527787, -28.178370499214058], [-51.152427999999986, -28.177639899214014], [-51.15218650000003, -28.176870099214035], [-51.15169559999998, -28.176170299214085], [-51.151542199999994, -28.176415899214064], [-51.15087210000002, -28.177109699214064], [-51.150592500000016, -28.17788229921405], [-51.150808299999994, -28.17867499921401], [-51.15050289999999, -28.17943709921397], [-51.14984679999998, -28.18000119921399], [-51.148893199999975, -28.179817299214022], [-51.14794239999998, -28.179882399214005], [-51.1472847, -28.18045489921396], [-51.14697100000001, -28.181298999214004], [-51.1469108, -28.182133299213934], [-51.14648820000002, -28.18289399921392], [-51.146123999999986, -28.183663799213903], [-51.145467600000025, -28.18421919921389], [-51.144575299999985, -28.184008399213898], [-51.1442849, -28.183196999213944], [-51.144459100000006, -28.18232179921397], [-51.143835000000024, -28.181730899213957], [-51.14297160000001, -28.181405299213964], [-51.14235430000002, -28.18080969921398], [-51.142190200000016, -28.180030399214022], [-51.14136830000001, -28.179689499213996], [-51.14066270000001, -28.179156799214], [-51.13972990000002, -28.179230999214013], [-51.138795000000016, -28.179539799213995], [-51.137917300000026, -28.17980019921399], [-51.13765110000003, -28.180597499213963], [-51.13753400000002, -28.181433999213994], [-51.13749760000002, -28.18233599921397], [-51.136866300000015, -28.182931999213935], [-51.13596619999998, -28.182837399213927], [-51.135003900000015, -28.182601699213983], [-51.13402230000002, -28.18247569921395], [-51.13309179999999, -28.18224909921393], [-51.13238089999999, -28.181680899213976], [-51.13178599999998, -28.181046499213952], [-51.13147500000002, -28.18185279921396], [-51.130983800000024, -28.18258099921397], [-51.13002879999999, -28.182836999213958], [-51.13012309999999, -28.183296399213955], [-51.130628, -28.1840983992139], [-51.13150710000002, -28.18443219921392], [-51.13237629999998, -28.18475539921388], [-51.1332251, -28.185094799213907], [-51.133499700000016, -28.185856599213917], [-51.134390800000006, -28.186392899213864], [-51.13528789999998, -28.186483399213863], [-51.136107200000026, -28.186846199213864], [-51.13661789999998, -28.187631599213823], [-51.13666250000001, -28.188430499213815], [-51.1361857, -28.18916759921385], [-51.13592039999997, -28.189928899213808], [-51.135853, -28.190780499213815], [-51.13587180000001, -28.19187199921377], [-51.13630749999999, -28.192647299213746], [-51.13660620000001, -28.193463999213762], [-51.13716599999998, -28.194108899213745], [-51.1375779, -28.194836399213717], [-51.13837619999998, -28.195241599213684], [-51.1385659, -28.196094099213685], [-51.138234899999986, -28.1969739992137], [-51.13736499999999, -28.197383799213675], [-51.13643080000003, -28.197532499213693], [-51.135624500000006, -28.197157399213665], [-51.13492450000001, -28.196552599213728], [-51.13399659999999, -28.1965072992137], [-51.1331849, -28.196093999213712], [-51.1328666, -28.19528829921373], [-51.13243030000001, -28.19457409921374], [-51.132148099999995, -28.19366849921374], [-51.13241449999998, -28.192856799213782], [-51.13194060000001, -28.19212089921379], [-51.13112819999998, -28.191748999213797], [-51.130241599999984, -28.191939099213794], [-51.12949950000001, -28.192392699213794], [-51.12862660000002, -28.192733399213775], [-51.1280175, -28.19353859921376], [-51.1273923, -28.194264899213742], [-51.1270022, -28.195037899213713], [-51.1260853, -28.195342699213732], [-51.12556699999999, -28.19603019921369], [-51.12509920000002, -28.196782199213665], [-51.12423289999998, -28.1971261992137], [-51.12338440000003, -28.197669699213677], [-51.12304740000002, -28.19845559921365], [-51.122285799999986, -28.198941799213657], [-51.121343799999984, -28.19900869921363], [-51.120407399999976, -28.199306599213646], [-51.119482800000014, -28.199536799213607], [-51.11873989999998, -28.200070999213608], [-51.11839109999999, -28.2008005992136], [-51.1182637, -28.201654899213597], [-51.1176006, -28.201119199213604], [-51.11669749999999, -28.20112469921359], [-51.115682600000014, -28.20152409921358], [-51.115049899999974, -28.202112899213567], [-51.11453879999999, -28.202889499213605], [-51.11390010000003, -28.20351079921357], [-51.11330880000003, -28.20412859921354], [-51.113356700000004, -28.204999699213516], [-51.11334190000002, -28.20585689921354], [-51.1129818, -28.206650899213503], [-51.11274049999997, -28.20742949921348], [-51.11300019999999, -28.208193699213464], [-51.11271210000001, -28.20900089921345], [-51.1120411, -28.209570699213426], [-51.1110635, -28.20973559921344], [-51.110377700000015, -28.20917349921349], [-51.109637599999985, -28.208483599213505], [-51.10875140000002, -28.208158999213506], [-51.10800469999998, -28.207622999213505], [-51.10722759999999, -28.20700189921354], [-51.10632270000002, -28.207199299213517], [-51.1054881, -28.207616199213508], [-51.10500539999998, -28.208285099213494], [-51.10436520000002, -28.208861699213468], [-51.10344079999998, -28.20872909921349], [-51.102453200000014, -28.20872379921345], [-51.10175939999999, -28.209276799213466], [-51.100942599999996, -28.209733099213448], [-51.10001620000003, -28.209932699213475], [-51.099172200000005, -28.209615899213468], [-51.09891520000002, -28.208811799213446], [-51.09939300000001, -28.208053299213503], [-51.10011259999999, -28.207330199213498], [-51.100110599999994, -28.206522999213522], [-51.09926910000001, -28.2061122992135], [-51.098813800000016, -28.205410299213522], [-51.09874530000002, -28.20458459921352], [-51.09882219999997, -28.203755299213576], [-51.0982022, -28.203097099213558], [-51.09807319999999, -28.202313099213615], [-51.09808379999999, -28.201403599213595], [-51.09836200000001, -28.200614899213637], [-51.096066399999984, -28.20061559921361], [-51.095187399999986, -28.20042099921363], [-51.094305099999985, -28.200244899213597], [-51.09349529999997, -28.20064519921361], [-51.09297379999998, -28.201337599213595], [-51.09282230000002, -28.201312999213627], [-51.09191629999998, -28.20118229921364], [-51.091027000000004, -28.20136779921362], [-51.090164000000016, -28.201144099213636], [-51.08947790000002, -28.200580399213596], [-51.08871779999998, -28.200116099213638], [-51.08784350000002, -28.199926099213663], [-51.0869343, -28.199926699213623], [-51.086067300000025, -28.20027619921364], [-51.085310400000026, -28.200895699213607], [-51.084890599999994, -28.201689799213607], [-51.084494500000005, -28.202425799213607], [-51.0840205, -28.203203399213592], [-51.08304750000002, -28.203377699213554], [-51.08206630000001, -28.203462599213587], [-51.081796999999995, -28.204227599213585], [-51.081139699999994, -28.204781599213536], [-51.08165059999999, -28.205286899213505], [-51.08170519999999, -28.20615819921352], [-51.0816825, -28.207148499213528], [-51.08142909999998, -28.207980299213464], [-51.081208100000026, -28.209027899213496], [-51.08175160000002, -28.209729699213472], [-51.080784300000005, -28.209790499213437], [-51.07982540000001, -28.209996999213438], [-51.07888409999998, -28.21006649921343], [-51.078083100000015, -28.210542199213457], [-51.078199299999994, -28.211350299213418], [-51.07908179999999, -28.211539099213407], [-51.079882999999995, -28.211972299213443], [-51.080587200000025, -28.212596699213414], [-51.080795299999984, -28.21344609921338], [-51.08122150000003, -28.214160699213352], [-51.08187400000003, -28.21486099921335], [-51.082788900000025, -28.21509869921336], [-51.08354889999998, -28.215559299213343], [-51.084183800000005, -28.216264999213355], [-51.0837846, -28.21703709921336], [-51.0833902, -28.217766099213318], [-51.082991400000026, -28.218596299213292], [-51.082399099999975, -28.21921719921328], [-51.081930899999975, -28.220046799213236], [-51.082424100000026, -28.220976399213235], [-51.08274469999998, -28.221775599213238], [-51.08311470000002, -28.222535899213245], [-51.083361799999984, -28.223354699213225], [-51.0833614, -28.22426369921319], [-51.08311359999998, -28.225081999213167], [-51.08278180000002, -28.22596559921316], [-51.08248550000002, -28.226788099213174], [-51.08225090000002, -28.227559499213125], [-51.08270399999998, -28.228196199213134], [-51.08325259999998, -28.228902599213132], [-51.08399120000001, -28.229445299213122], [-51.08465319999999, -28.230007199213063], [-51.085315499999986, -28.23074969921306], [-51.085171100000025, -28.231608599213065], [-51.08422780000001, -28.23177319921307], [-51.08367629999998, -28.23247559921303], [-51.08365839999999, -28.232729699213028], [-51.083898799999986, -28.233525199213], [-51.083927200000005, -28.23431679921298], [-51.083902200000004, -28.235301499212976], [-51.083265400000016, -28.23595069921297], [-51.08259479999998, -28.236513699212964], [-51.08162329999999, -28.236676299212967], [-51.080900199999974, -28.236187599212965], [-51.07993219999997, -28.235890799212978], [-51.078904799999975, -28.23574639921297], [-51.078143899999986, -28.236210899212978], [-51.07748049999997, -28.23678149921296], [-51.0769689, -28.237506499212945], [-51.077105500000016, -28.238353399212933], [-51.0775223, -28.239078799212933], [-51.07753079999998, -28.239938099212928], [-51.07698579999998, -28.24059199921289], [-51.07611209999999, -28.241055699212886], [-51.07530650000002, -28.2414483992129], [-51.074259400000024, -28.241599299212897], [-51.07399550000002, -28.242422199212886], [-51.07413220000001, -28.243247499212842], [-51.07339350000001, -28.243785999212843], [-51.07282029999998, -28.244449399212836], [-51.072781099999986, -28.24530059921282], [-51.07193969999997, -28.245621699212823], [-51.070596799999976, -28.24564729921278], [-51.06996520000002, -28.24630509921277], [-51.06954409999997, -28.24706179921275], [-51.06887260000002, -28.24771599921279], [-51.067942099999975, -28.247818199212748], [-51.066970200000014, -28.24760519921278], [-51.06604850000002, -28.247887499212748], [-51.06514520000002, -28.24813789921278], [-51.064195299999994, -28.24811509921276], [-51.06360919999997, -28.24855969921274], [-51.063447, -28.249423399212745], [-51.064037600000006, -28.250035799212696], [-51.06470660000002, -28.25057849921273], [-51.0647386, -28.251403199212724], [-51.064469299999985, -28.25222299921269], [-51.064192400000024, -28.252834499212675], [-51.063484500000015, -28.25341679921268], [-51.0628825, -28.254009599212665], [-51.06240330000003, -28.25468429921264], [-51.061604199999984, -28.25505689921263], [-51.06059490000001, -28.255209399212657], [-51.06009080000001, -28.255957999212637], [-51.0601274, -28.25680189921263], [-51.059563200000014, -28.257502499212578], [-51.05882179999997, -28.258038499212578], [-51.058198600000026, -28.25862969921254], [-51.05741599999999, -28.259142699212546], [-51.056519299999984, -28.259229199212548], [-51.055559800000026, -28.258985999212545], [-51.05457580000001, -28.258970099212558], [-51.05370540000001, -28.25942439921255], [-51.0533719, -28.260301599212532], [-51.053364699999975, -28.261217899212525], [-51.05297780000001, -28.261999699212492], [-51.05209389999999, -28.26225599921248], [-51.051130899999976, -28.262184699212472], [-51.050477, -28.262882899212517], [-51.04975380000002, -28.26336909921246], [-51.048826399999996, -28.263630899212483], [-51.047897200000016, -28.263488999212473], [-51.04702470000001, -28.263808999212447], [-51.04602019999999, -28.263982399212445], [-51.04510529999999, -28.263608599212482], [-51.044252099999994, -28.263122799212507], [-51.043362, -28.263346999212494], [-51.042616599999974, -28.26382519921245], [-51.041921100000025, -28.264417599212468], [-51.041495499999996, -28.26512879921246], [-51.04119659999998, -28.26589129921245], [-51.04141299999998, -28.26668449921242], [-51.04108480000002, -28.267512099212382], [-51.040234, -28.267834599212414], [-51.039230299999986, -28.26783209921242], [-51.0383602, -28.26820649921242], [-51.03811350000001, -28.268997399212363], [-51.037798899999984, -28.26974519921236], [-51.03692949999998, -28.270075999212374], [-51.0362606, -28.270666999212345], [-51.03665130000002, -28.27140489921233], [-51.03661390000002, -28.27220709921233], [-51.036356399999995, -28.272971599212305], [-51.0356372, -28.273527899212272], [-51.03491489999998, -28.274135499212278], [-51.03402870000002, -28.27445979921227], [-51.0331271, -28.274908899212278], [-51.032503399999996, -28.275780299212254], [-51.03169559999998, -28.276202899212233], [-51.03107490000002, -28.276859799212247], [-51.0305103, -28.27750069921224], [-51.029968999999994, -28.278252899212195], [-51.029404399999976, -28.278893799212188], [-51.02870940000002, -28.279559899212167], [-51.0278467, -28.27990679921217], [-51.027015300000016, -28.28024159921219], [-51.02672310000002, -28.281028199212145], [-51.026272000000006, -28.281832199212143], [-51.0257924, -28.28250419921214], [-51.02506740000002, -28.28310199921212], [-51.024224300000014, -28.283509199212144], [-51.02343910000002, -28.284013499212126], [-51.02294389999997, -28.284680899212105], [-51.02198800000002, -28.284649699212082], [-51.0214775, -28.284408099212097], [-51.02087870000002, -28.284238999212107], [-51.02022629999998, -28.2842866992121], [-51.019306700000016, -28.28441479921208], [-51.01852200000002, -28.283912599212115], [-51.01773300000002, -28.283451499212127], [-51.01718119999998, -28.282702799212114], [-51.01697969999998, -28.28186759921215], [-51.0172313, -28.281034199212186], [-51.0174348, -28.280233499212187], [-51.01746429999997, -28.279356099212166], [-51.016720299999974, -28.27883599921221], [-51.0159999, -28.278356699212228], [-51.015469800000005, -28.277651099212235], [-51.01458059999999, -28.277329099212203], [-51.013716699999975, -28.276842599212248], [-51.01363279999998, -28.276009599212262], [-51.01363989999999, -28.27500389921227], [-51.0132544, -28.2742381992123], [-51.012176899999986, -28.27388359921227], [-51.01149129999999, -28.273327499212282], [-51.010742300000004, -28.272849899212286], [-51.00986890000001, -28.273127899212316], [-51.009264299999984, -28.273729399212268], [-51.008341400000006, -28.273723299212264], [-51.00744909999997, -28.273616799212302], [-51.00662369999998, -28.273165799212318], [-51.00569109999998, -28.273040199212332], [-51.00499719999999, -28.272493799212327], [-51.004617800000005, -28.27175969921236], [-51.0037112, -28.27111359921232], [-51.002771800000005, -28.270880199212364], [-51.00186009999999, -28.270571899212342], [-51.001194699999985, -28.270012799212378], [-51.00034190000002, -28.26964869921237], [-51.000263899999986, -28.268841899212372], [-51.000712099999994, -28.268147999212392], [-51.001345300000025, -28.267502599212413], [-51.00195710000002, -28.266713999212403], [-51.002528299999994, -28.26589309921246], [-51.00246129999999, -28.265733399212433], [-51.0020402, -28.265005899212458], [-51.00148940000002, -28.26416869921249], [-51.00068559999999, -28.263589599212462], [-50.999750500000005, -28.26339309921245], [-50.99975640000002, -28.263887299212485], [-50.99957310000001, -28.264862299212464], [-50.99943810000002, -28.26566339921244], [-50.99886809999998, -28.26631679921245], [-50.99809699999997, -28.266829499212395], [-50.99760850000001, -28.267623999212415], [-50.99686509999997, -28.26816259921238], [-50.99598270000001, -28.268415899212368], [-50.99518560000001, -28.2688523992124], [-50.994300399999986, -28.26917759921236], [-50.993648, -28.26978899921237], [-50.99321889999999, -28.270560299212352], [-50.99334329999999, -28.271367599212354], [-50.9936406, -28.27223629921229], [-50.993652699999984, -28.27314529921231], [-50.99346689999999, -28.274031999212266], [-50.992711799999995, -28.27449719921227], [-50.99171969999997, -28.274801899212278], [-50.99144000000001, -28.275633599212256], [-50.99107129999999, -28.27639429921224], [-50.990420400000005, -28.276962499212257], [-50.9898349, -28.277568199212247], [-50.98947270000002, -28.27839319921219], [-50.99006320000001, -28.278815499212197], [-50.99090799999999, -28.279233899212198], [-50.99140540000001, -28.279917799212196], [-50.991644699999995, -28.28069319921214], [-50.992424200000016, -28.281254399212177], [-50.9930349, -28.28185979921216], [-50.99326589999998, -28.282633199212153], [-50.993026799999996, -28.283474699212114], [-50.992458899999974, -28.284171499212125], [-50.99202969999999, -28.28492419921207], [-50.99177639999999, -28.285692299212077], [-50.991871300000014, -28.286521799212068], [-50.9924815, -28.287132799212046], [-50.992968399999995, -28.287856599212038], [-50.99309390000002, -28.288658199212016], [-50.99309410000001, -28.29010769921202], [-50.99236159999998, -28.290620799211993], [-50.9914306, -28.290653899211982], [-50.990502100000015, -28.29095469921197], [-50.990043800000024, -28.29164629921199], [-50.98954009999999, -28.29241419921196], [-50.9893088, -28.293204499211935], [-50.98929320000003, -28.294021899211945], [-50.98919330000001, -28.294836499211886], [-50.988813600000015, -28.295606099211877], [-50.988083899999985, -28.2961709992119], [-50.98808029999998, -28.297090499211887], [-50.988082299999974, -28.298435599211853], [-50.98843269999997, -28.29916979921185], [-50.988904400000024, -28.29991859921184], [-50.98934200000002, -28.30071999921181], [-50.98947529999998, -28.30152259921179], [-50.989528800000016, -28.302691899211784], [-50.9899984, -28.30337279921173], [-50.990616699999975, -28.304015799211744], [-50.99111879999998, -28.304710799211744], [-50.991376600000024, -28.305600399211716], [-50.99151230000001, -28.306434099211693], [-50.99224270000002, -28.307022699211696], [-50.9922148, -28.30798929921165], [-50.99156199999999, -28.308563199211637], [-50.99112969999998, -28.309261299211652], [-50.991166899999996, -28.310110199211632], [-50.9915426, -28.31086569921164], [-50.99226119999997, -28.311368399211595], [-50.993151599999976, -28.311502399211612], [-50.993757000000016, -28.310893799211595], [-50.994669199999976, -28.310608999211627], [-50.99559479999999, -28.31084539921163], [-50.996138099999996, -28.31148869921159], [-50.99652579999997, -28.3124731992116], [-50.99741330000001, -28.312796499211576], [-50.99819600000001, -28.313303999211602], [-50.998897399999976, -28.313874499211558], [-50.999262699999974, -28.314641899211576], [-50.9992709, -28.315489899211528], [-50.9991311, -28.316295199211545], [-50.998731299999974, -28.317081799211493], [-50.998820799999976, -28.317915399211497], [-50.99871460000003, -28.318728199211485], [-50.99891739999998, -28.31950429921147], [-50.99979769999999, -28.319322299211468], [-51.000749999999975, -28.31924039921148], [-51.001501899999994, -28.319729999211457], [-51.00079699999998, -28.320281399211442], [-51.00066759999998, -28.321084999211415], [-51.0005314, -28.32186889921144], [-51.00015350000001, -28.32261039921138], [-51.0000627, -28.323441899211364], [-50.9997156, -28.324381499211388], [-50.998893399999986, -28.324807399211355], [-50.998639700000005, -28.325615499211374], [-50.9987122, -28.32561349921133], [-50.99949729999997, -28.32605899921133], [-51.00010040000001, -28.326669199211356], [-51.0007013, -28.327262899211313], [-51.00148039999999, -28.327791499211305], [-51.00240600000001, -28.328199799211298], [-51.003339100000005, -28.328125299211322], [-51.004272599999986, -28.32816609921128], [-51.004937900000016, -28.328742299211278], [-51.005541600000015, -28.329352999211316], [-51.006208000000015, -28.33000529921125], [-51.00663800000002, -28.330753799211287], [-51.007211100000006, -28.331446599211244], [-51.00823559999998, -28.331594799211253], [-51.009081499999986, -28.33195999921122], [-51.00993039999997, -28.332360399211264], [-51.01077129999998, -28.33278339921121], [-51.01169900000003, -28.333081799211218], [-51.01269439999998, -28.33349119921124], [-51.013241300000004, -28.334118499211186], [-51.01283430000001, -28.334826899211187], [-51.012796200000025, -28.335628499211143], [-51.01301669999998, -28.336500899211135], [-51.013357600000006, -28.33741659921112], [-51.01342920000002, -28.338243899211133], [-51.01400150000001, -28.338894899211127], [-51.01413769999999, -28.339723499211093], [-51.01343500000001, -28.340392899211068], [-51.0128431, -28.341107399211072], [-51.01254560000002, -28.341909199211035], [-51.01200440000002, -28.342639599211033], [-51.011681899999985, -28.343437999211023], [-51.01141230000002, -28.344226399211045], [-51.011690199999975, -28.345073899210995], [-51.011687999999985, -28.346128099210976], [-51.01178679999998, -28.347209099210954], [-51.012039399999985, -28.34796999921092], [-51.012244399999986, -28.348806999210964], [-51.012315300000004, -28.349632599210924], [-51.01287839999998, -28.35028019921089], [-51.013423699999976, -28.351029199210927], [-51.01363420000001, -28.3518618992109], [-51.01376959999999, -28.35280799921084], [-51.014504800000005, -28.35327539921083], [-51.01540619999997, -28.353591399210874], [-51.015919100000026, -28.35427759921083], [-51.016139899999985, -28.355059899210833], [-51.01625059999998, -28.3552508992108], [-51.016974800000014, -28.355891999210783], [-51.01724109999997, -28.35667499921079], [-51.017383499999994, -28.357527999210774], [-51.01800750000002, -28.358177199210765], [-51.018720099999996, -28.358888999210727], [-51.01931860000003, -28.35950129921072], [-51.01934770000002, -28.360024699210722], [-51.01886080000003, -28.360750299210732], [-51.018386899999996, -28.361467999210706], [-51.0180315, -28.362424999210667], [-51.01733359999997, -28.3629911992107], [-51.017361300000005, -28.36311269921067], [-51.01753339999999, -28.363119199210708], [-51.01839699999999, -28.363550999210638], [-51.018895499999985, -28.364272499210685], [-51.019392900000014, -28.36527989921065], [-51.01929919999998, -28.36609809921062], [-51.01954469999998, -28.366858799210586], [-51.019690000000026, -28.367691699210617], [-51.01932199999999, -28.368416999210602], [-51.01919659999999, -28.369201599210566], [-51.0191944, -28.370109699210555], [-51.018855900000005, -28.37084519921055], [-51.01815479999999, -28.37138779921051], [-51.0174073, -28.371887199210516], [-51.0170655, -28.3726273992105], [-51.016965700000014, -28.373452099210503], [-51.01720710000001, -28.37536949921043], [-51.01739470000001, -28.376161399210446], [-51.01712889999999, -28.376975699210433], [-51.01674129999998, -28.377797899210425], [-51.01655840000001, -28.378635399210395], [-51.01600250000001, -28.37926489921038], [-51.015737899999976, -28.38003589921036], [-51.01512250000002, -28.380701099210363], [-51.01461929999999, -28.38142449921033], [-51.015289199999984, -28.382010899210343], [-51.01564669999999, -28.382879799210336], [-51.016419600000006, -28.383299199210317], [-51.0167108, -28.384088299210273], [-51.017167099999995, -28.384850899210285], [-51.01789430000003, -28.38533869921025], [-51.018820699999985, -28.3855193992103], [-51.01975220000003, -28.385576199210274], [-51.020635700000014, -28.386036399210287], [-51.021408099999974, -28.38655689921027], [-51.02192769999999, -28.38723139921025], [-51.021852000000024, -28.38752739921025], [-51.02122730000003, -28.38818059921023], [-51.020467499999995, -28.388651099210218], [-51.019428699999985, -28.388958399210182], [-51.01893339999998, -28.38964929921018], [-51.018369199999995, -28.390295399210203], [-51.017474600000014, -28.3900829992102], [-51.016669999999976, -28.390503199210194], [-51.015745100000004, -28.390642599210164], [-51.01487500000002, -28.39090799921021], [-51.0141956, -28.391448899210157], [-51.01357789999997, -28.391780199210185], [-51.01284559999999, -28.39117379921016], [-51.011934000000004, -28.391038799210165], [-51.0110689, -28.391386499210178], [-51.010311699999995, -28.392007999210126], [-51.010012200000006, -28.39282439921014], [-51.00934949999998, -28.39337509921015], [-51.008400100000024, -28.393516199210143], [-51.007669700000015, -28.393987699210147], [-51.006912399999976, -28.3945006992101], [-51.00587610000002, -28.394550199210126], [-51.00492559999998, -28.394595699210136], [-51.00411559999998, -28.394989999210107], [-51.00339480000003, -28.39546169921009], [-51.00285650000001, -28.396165999210076], [-51.003289800000005, -28.396873399210072], [-51.00316299999997, -28.397705799210044], [-51.00290159999997, -28.398467099210055], [-51.00229589999998, -28.39907709921003], [-51.001719700000024, -28.39970889921002], [-51.00137289999998, -28.400672399210016], [-51.00089439999999, -28.401382099209968], [-51.00037639999999, -28.402060199209966], [-50.999811299999976, -28.402710299209982], [-50.999742500000025, -28.40357349920994], [-50.999760299999984, -28.40500839920991], [-50.999831700000016, -28.405913099209922], [-50.9993326, -28.406688499209867], [-50.99973979999998, -28.40741859920991], [-50.99953929999998, -28.408253899209836], [-50.998979700000014, -28.40909069920982], [-50.99860480000001, -28.409849399209808], [-50.99811490000002, -28.41057659920984], [-50.99821170000001, -28.41141109920981], [-50.99881829999998, -28.412083499209793], [-50.99893020000002, -28.412908199209777], [-50.99888770000001, -28.413998799209764], [-50.99864000000002, -28.41478229920976], [-50.9988095, -28.41569359920973], [-50.9996797, -28.416158399209703], [-51.00061599999998, -28.416077999209758], [-51.000883800000004, -28.416855699209695], [-51.001319299999984, -28.417641399209675], [-51.00142610000001, -28.418438799209675], [-51.00123580000002, -28.419303399209646], [-51.00113859999998, -28.420111099209638], [-51.00131729999998, -28.420969599209606], [-51.001022999999975, -28.421747299209617], [-51.0011695, -28.422542999209615], [-51.00098229999997, -28.4233491992096], [-51.00013009999998, -28.423749599209593], [-50.9995356, -28.424377299209574], [-50.9994046, -28.425182599209577], [-50.9991407, -28.42600429920953], [-50.99896610000002, -28.426423399209504], [-50.99819710000003, -28.426927899209538], [-50.997296500000004, -28.42666529920956], [-50.9964026, -28.427009799209536], [-50.99541319999997, -28.42692199920952], [-50.99450710000002, -28.42660139920952], [-50.993607499999996, -28.42673519920952], [-50.99288139999999, -28.427220199209547], [-50.99195329999998, -28.427299999209527], [-50.9910036, -28.427531799209515], [-50.990059900000006, -28.427677499209533], [-50.9892605, -28.42816749920948], [-50.98882020000002, -28.428871899209483], [-50.988224100000025, -28.429679199209485], [-50.98733099999998, -28.430011199209492], [-50.986483299999975, -28.43038279920948], [-50.98582520000003, -28.43105289920945], [-50.98501670000002, -28.43142269920943], [-50.98413670000002, -28.43122859920945], [-50.98329200000001, -28.430894199209465], [-50.98232300000001, -28.430894399209453], [-50.98140890000002, -28.431146399209442], [-50.98038300000002, -28.431290099209455], [-50.979786, -28.430626199209474], [-50.97904349999999, -28.430164899209487], [-50.978639999999984, -28.430893499209475], [-50.97854899999998, -28.431931999209464], [-50.97827059999997, -28.43276479920939], [-50.9778296, -28.433504399209404], [-50.97745830000002, -28.434355699209423], [-50.97690890000001, -28.435008699209412], [-50.97658689999997, -28.435853299209384], [-50.97677379999999, -28.436720199209383], [-50.977158799999984, -28.437480199209322], [-50.976461900000004, -28.438053699209334], [-50.97596179999999, -28.438750899209317], [-50.9758099, -28.439542299209332], [-50.97557920000003, -28.4403850992093], [-50.97575869999997, -28.44125669920927], [-50.97646329999998, -28.44183909920924], [-50.9774008, -28.441744899209258], [-50.97816990000001, -28.442221699209252], [-50.97854330000001, -28.443002699209263], [-50.97797859999997, -28.44365309920923], [-50.977195300000005, -28.444181499209233], [-50.9762437, -28.444504699209194], [-50.975228300000026, -28.44456999920921], [-50.97428930000001, -28.444785399209206], [-50.97327660000001, -28.444725499209213], [-50.97241330000002, -28.444305699209195], [-50.971566199999984, -28.444667899209218], [-50.97094040000002, -28.44527149920919], [-50.97004020000003, -28.445616099209193], [-50.97002959999998, -28.445626499209194], [-50.969926699999974, -28.44581349920918], [-50.96975759999998, -28.446615399209158], [-50.96953500000001, -28.447891299209136], [-50.9691919, -28.448622899209116], [-50.96933439999998, -28.449468399209138], [-50.969955500000026, -28.450197399209085], [-50.9695147, -28.450943099209113], [-50.96919159999999, -28.451697599209083], [-50.968306299999995, -28.451905099209057], [-50.96831100000003, -28.45221989920906], [-50.96858329999998, -28.452520099209085], [-50.96876150000003, -28.453370899209034], [-50.969248499999985, -28.45409569920903], [-50.969743699999974, -28.45482639920902], [-50.969536000000005, -28.455613499209047], [-50.96973430000003, -28.456397399209013], [-50.969874699999984, -28.457256699208997], [-50.97023710000002, -28.457995699208993], [-50.9704486, -28.45884169920894], [-50.970998899999984, -28.459493799208953], [-50.97086359999997, -28.460293999208897], [-50.971212200000025, -28.46111179920894], [-50.971684400000015, -28.461858399208886], [-50.971772499999986, -28.46268709920886], [-50.97175870000001, -28.463530999208864], [-50.971273199999985, -28.464259899208855], [-50.9711264, -28.465045799208827], [-50.97122180000002, -28.46610389920883], [-50.97182559999999, -28.466702499208818], [-50.97248050000002, -28.467409399208808], [-50.97222390000002, -28.46817959920877], [-50.97195310000001, -28.468937599208783], [-50.971088399999985, -28.46924059920874], [-50.97021269999999, -28.469031599208755], [-50.969350099999986, -28.468682899208748], [-50.96833720000001, -28.46857889920879], [-50.96769039999999, -28.46912809920876], [-50.96680909999998, -28.469316399208797], [-50.96594750000003, -28.46972369920873], [-50.965093599999996, -28.47011189920876], [-50.96475120000002, -28.470893599208747], [-50.96478769999999, -28.471187399208745], [-50.965425900000014, -28.471766699208718], [-50.96604839999998, -28.47236269920873], [-50.966097, -28.473159399208676], [-50.96642109999999, -28.47391929920865], [-50.9670471, -28.474557999208667], [-50.96644400000003, -28.47516679920867], [-50.96613580000002, -28.476023399208625], [-50.965959, -28.47707749920863], [-50.966118, -28.477859999208633], [-50.966288899999995, -28.478850599208585], [-50.96573480000001, -28.479472799208576], [-50.9651, -28.48011669920857], [-50.9645165, -28.48083719920855], [-50.96425620000002, -28.48159819920856], [-50.96334280000002, -28.48205189920852], [-50.962449900000024, -28.48193819920854], [-50.96151789999999, -28.48207839920851], [-50.961020099999985, -28.48275579920853], [-50.960115299999984, -28.482850899208536], [-50.95962700000001, -28.48212559920855], [-50.95892470000001, -28.481574499208577], [-50.9591858, -28.482332599208544], [-50.95897500000001, -28.48317119920853], [-50.958837500000016, -28.484004499208524], [-50.95932110000001, -28.48467889920849], [-50.96000070000002, -28.485267899208463], [-50.9604822, -28.485977199208442], [-50.96099370000002, -28.486633599208457], [-50.961689499999984, -28.487165699208436], [-50.96106739999999, -28.487772999208442], [-50.9605957, -28.488620299208396], [-50.960210599999975, -28.489705799208423], [-50.95937170000002, -28.49011219920839], [-50.958635000000015, -28.490580199208406], [-50.957649, -28.490989499208393], [-50.95727019999998, -28.49174219920834], [-50.95692229999997, -28.492704699208325], [-50.95629919999999, -28.49331589920837], [-50.955306699999994, -28.493393699208344], [-50.95477390000003, -28.493491199208318], [-50.953997300000026, -28.493975699208345], [-50.95352860000003, -28.494673399208324], [-50.95335540000002, -28.495582999208313], [-50.953405599999996, -28.4970500992083], [-50.953885000000014, -28.497802999208233], [-50.953796599999976, -28.49863909920823], [-50.953065200000026, -28.499254499208234], [-50.9524872, -28.49993429920822], [-50.951695599999994, -28.500338199208205], [-50.95149809999998, -28.50174819920819], [-50.95218449999999, -28.5023372992082], [-50.952629100000024, -28.503042499208167], [-50.95294430000002, -28.503938899208126], [-50.95280760000003, -28.504738199208155], [-50.95310490000003, -28.505630699208094], [-50.95268549999998, -28.5063360992081], [-50.95253109999999, -28.50714729920809], [-50.953075800000015, -28.507809999208085], [-50.95400000000001, -28.508327999208074], [-50.95471759999998, -28.509001399208046], [-50.95495829999999, -28.50983899920804], [-50.955761100000025, -28.51041899920805], [-50.95668150000001, -28.51065199920801], [-50.9574925, -28.511015999208], [-50.95817249999999, -28.511662399207978], [-50.95862699999998, -28.512460299207984], [-50.95831479999998, -28.513256499207987], [-50.95773850000001, -28.51389849920795], [-50.9572063, -28.51457939920796], [-50.95633729999997, -28.514328599207964], [-50.95585679999999, -28.513982199207963], [-50.954941200000015, -28.51393739920794], [-50.954040899999995, -28.514127899207963], [-50.95318329999997, -28.514459899207974], [-50.95234279999999, -28.51485569920794], [-50.95146349999999, -28.515189299207922], [-50.95089280000002, -28.515825499207942], [-50.9501884, -28.516428699207925], [-50.949225300000016, -28.516936299207902], [-50.94852429999997, -28.51754669920793], [-50.94763870000003, -28.5178089992079], [-50.9466185, -28.51764059920789], [-50.94586329999999, -28.51702159920793], [-50.94559989999999, -28.517783599207867], [-50.94556440000002, -28.518639099207842], [-50.945057299999974, -28.51934229920788], [-50.94470990000002, -28.520119999207868], [-50.9444618, -28.52088439920784], [-50.943789400000014, -28.521432099207857], [-50.942833399999984, -28.52148759920783], [-50.94204919999999, -28.521880099207802], [-50.9412605, -28.522304899207807], [-50.940481799999986, -28.522756199207798], [-50.939618499999995, -28.52309079920778], [-50.938668699999994, -28.523231999207802], [-50.93809499999997, -28.523903399207786], [-50.937687499999974, -28.524770099207778], [-50.936772399999995, -28.524458899207787], [-50.936029399999995, -28.523906299207813], [-50.9352475, -28.523441199207774], [-50.93428540000002, -28.523118299207812], [-50.933320200000026, -28.523100399207774], [-50.93247680000001, -28.522694699207804], [-50.931530399999986, -28.52255929920782], [-50.930426899999986, -28.522542099207826], [-50.929562200000014, -28.522210899207824], [-50.928797900000006, -28.521794499207815], [-50.92819680000002, -28.52238119920779], [-50.9278688, -28.523124399207777], [-50.92742670000001, -28.523852399207797], [-50.92660239999998, -28.523476699207798], [-50.925820699999974, -28.522975399207816], [-50.924909800000016, -28.523088699207822], [-50.92399160000002, -28.522785499207814], [-50.923265500000014, -28.52229749920779], [-50.92237260000002, -28.521907999207823], [-50.92199690000002, -28.521145199207826], [-50.92146109999999, -28.520347899207845], [-50.92058909999997, -28.52002379920784], [-50.91985699999998, -28.519544999207863], [-50.919008899999994, -28.519258799207865], [-50.918111099999976, -28.519382599207834], [-50.91728519999999, -28.51977679920785], [-50.91625269999997, -28.519955599207854], [-50.915609599999975, -28.519399599207848], [-50.91513129999998, -28.518664799207897], [-50.914309600000024, -28.518302899207864], [-50.9134545, -28.517891299207864], [-50.91280660000001, -28.51728279920788], [-50.91203619999999, -28.517061499207927], [-50.911118699999975, -28.516768799207938], [-50.91023819999998, -28.51650399920792], [-50.909571700000015, -28.515948199207962], [-50.9089338, -28.51532469920795], [-50.90866310000001, -28.51436129920798], [-50.90856309999998, -28.513560799207966], [-50.90805999999997, -28.513534799207974], [-50.90711390000001, -28.513689599207986], [-50.90619049999998, -28.513938199207953], [-50.905251400000004, -28.51395539920796], [-50.9043312, -28.51394299920796], [-50.90357030000001, -28.51344829920797], [-50.9029726, -28.51284509920798], [-50.90203020000001, -28.512544099207997], [-50.90115750000001, -28.512977899208003], [-50.9004357, -28.51365689920798], [-50.89950790000001, -28.513417099208002], [-50.89835340000002, -28.513155599207987], [-50.8975858, -28.512699599208002], [-50.89701359999998, -28.512011699208017], [-50.89625150000001, -28.511528899207978], [-50.89533540000002, -28.51171769920803], [-50.8944778, -28.511358599208013], [-50.893995000000025, -28.510552799208053], [-50.89308419999997, -28.51033839920806], [-50.89308519999997, -28.510661999208054], [-50.89263949999997, -28.511405199208028], [-50.89186990000002, -28.51192529920798], [-50.891280900000034, -28.51254019920798], [-50.89036110000001, -28.512718399207966], [-50.8897058, -28.512127699208015], [-50.888908500000014, -28.511756299208006], [-50.88811579999998, -28.512209899208024], [-50.88830519999999, -28.51305559920796], [-50.88884460000003, -28.513830299207957], [-50.88913550000001, -28.514648899207955], [-50.88862399999999, -28.51536919920795], [-50.88793709999999, -28.51588469920794], [-50.887015899999994, -28.515874199207907], [-50.886844199999985, -28.51508449920794], [-50.8862565, -28.514423499207975], [-50.88527169999997, -28.514482999207942], [-50.88425269999999, -28.514536499207974], [-50.883301200000005, -28.514776299207934], [-50.882392700000025, -28.514544099207985], [-50.88168940000003, -28.513896099207976], [-50.88168200000001, -28.51308289920796], [-50.881235300000014, -28.512383299208004], [-50.881072500000016, -28.511604099208007], [-50.880517, -28.51094749920801], [-50.87981899999999, -28.51028389920802], [-50.879064400000004, -28.509792299208065], [-50.87813249999999, -28.50999419920802], [-50.87729189999998, -28.51046399920805], [-50.8766172, -28.51111099920805], [-50.875906799999996, -28.51167819920801], [-50.8750083, -28.512042199207993], [-50.87409170000001, -28.512269099208012], [-50.873818700000015, -28.513047299207965], [-50.873386400000015, -28.51380839920798], [-50.87257349999999, -28.513276899207973], [-50.87182990000002, -28.512732099207987], [-50.87148610000003, -28.511950199208005], [-50.870741800000026, -28.511469999207982], [-50.869854799999985, -28.511156499208045], [-50.86959280000002, -28.510366199208057], [-50.86975050000001, -28.509548199208037], [-50.86941150000001, -28.508723099208066], [-50.86898120000001, -28.507964499208086], [-50.868849800000014, -28.507159899208062], [-50.86845219999998, -28.506374999208088], [-50.8683479, -28.50552969920812], [-50.868512099999975, -28.50456399920815], [-50.86881929999999, -28.503771099208137], [-50.868549900000005, -28.50300259920817], [-50.8678716, -28.502409099208187], [-50.8677811, -28.501587799208163], [-50.86753700000003, -28.50074899920819], [-50.867518099999984, -28.49983989920821], [-50.86783159999999, -28.49906389920825], [-50.86836169999998, -28.498393999208265], [-50.868246699999986, -28.498323099208235], [-50.867929000000004, -28.497535899208266], [-50.86704950000001, -28.497273699208257], [-50.86602290000002, -28.497274899208247], [-50.86493869999998, -28.497338299208288], [-50.864018699999974, -28.49720969920825], [-50.8631906, -28.496784999208256], [-50.86231149999998, -28.496609299208266], [-50.86151369999999, -28.496183499208264], [-50.860571300000004, -28.49613749920826], [-50.859921400000026, -28.49553159920828], [-50.85892719999998, -28.49562739920828], [-50.85791160000002, -28.495387499208285], [-50.85706499999998, -28.494979899208282], [-50.8562033, -28.494609399208308], [-50.85530610000001, -28.49450509920835], [-50.85508220000003, -28.49469469920833], [-50.854154300000005, -28.494495399208315], [-50.85332890000001, -28.494066899208327], [-50.852589500000015, -28.493610799208334], [-50.851642200000015, -28.493232899208344], [-50.85110830000002, -28.493890999208343], [-50.85020609999998, -28.494220599208315], [-50.84968959999998, -28.494925299208287], [-50.84919830000001, -28.49565819920827], [-50.84966429999997, -28.496344699208297], [-50.84975370000001, -28.497156399208258], [-50.84924380000001, -28.49784139920828], [-50.848365, -28.498071199208276], [-50.84757100000001, -28.497635899208245], [-50.846858499999996, -28.498159999208227], [-50.84594060000001, -28.498398399208224], [-50.84521669999999, -28.497914999208223], [-50.8445299, -28.49728029920827], [-50.84362060000001, -28.49703029920827], [-50.84270839999999, -28.497246499208288], [-50.84220269999997, -28.49790659920827], [-50.841287599999994, -28.49801469920825], [-50.84057869999998, -28.497521299208284], [-50.8396811, -28.49735239920828], [-50.839095100000016, -28.49803169920827], [-50.838236300000005, -28.49837869920823], [-50.837267800000006, -28.498434199208262], [-50.83645319999999, -28.498774799208203], [-50.836879099999976, -28.499611899208208], [-50.83666629999999, -28.500400499208226], [-50.83629130000003, -28.501143799208222], [-50.83535089999997, -28.5017203992082], [-50.83419489999999, -28.501727399208182], [-50.83420159999997, -28.501989899208183], [-50.83400769999997, -28.503465399208128], [-50.834170400000005, -28.504246699208146], [-50.83428500000002, -28.505141599208123], [-50.83420119999999, -28.505969199208092], [-50.834194500000024, -28.506776299208113], [-50.83380119999998, -28.5075420992081], [-50.8331359, -28.508082199208054], [-50.832957799999974, -28.508922999208036], [-50.83225040000002, -28.509505199208025], [-50.83208309999998, -28.51022749920802], [-50.83243190000002, -28.51100569920802], [-50.83171229999999, -28.511487799208012], [-50.83118689999998, -28.51213459920803], [-50.83088889999999, -28.512885499207975], [-50.83065129999999, -28.51372579920795], [-50.830056300000024, -28.514342499207967], [-50.82953320000002, -28.515110099207966], [-50.82895430000002, -28.51583729920792], [-50.82874220000002, -28.516611699207917], [-50.8286556, -28.5174145992079], [-50.82842340000002, -28.518313399207898], [-50.82838429999998, -28.51915259920786], [-50.82864469999999, -28.519921699207842], [-50.82859159999998, -28.520751999207853], [-50.82797360000001, -28.521361099207812], [-50.82706380000002, -28.521454199207824], [-50.8263665, -28.522058799207855], [-50.826111200000014, -28.522824399207803], [-50.82535589999998, -28.52333829920777], [-50.824555499999974, -28.522912799207774], [-50.824353599999995, -28.522872399207795], [-50.82342440000002, -28.522831699207785], [-50.822664599999996, -28.522319999207788], [-50.821803300000006, -28.52190569920781], [-50.8208924, -28.5217723992078], [-50.82016809999999, -28.522259499207827], [-50.81923879999999, -28.522167799207804], [-50.81833499999999, -28.521764899207817], [-50.81738610000002, -28.521693599207826], [-50.816406599999986, -28.52148819920784], [-50.815622399999995, -28.521946899207805], [-50.81485300000003, -28.522484999207837], [-50.814002899999984, -28.522088399207796], [-50.813084600000025, -28.52197479920783], [-50.81338759999999, -28.522908999207832], [-50.81389730000001, -28.52360199920777], [-50.81397879999997, -28.52445829920776], [-50.81345219999997, -28.525135399207784], [-50.81255599999997, -28.525020699207793], [-50.8117977, -28.52458159920775], [-50.81097119999998, -28.524978099207768], [-50.81005040000002, -28.52477909920776], [-50.80950869999998, -28.525423099207767], [-50.80906160000001, -28.526129099207743], [-50.808367299999986, -28.52665819920773], [-50.808277999999966, -28.527464099207705], [-50.80787780000003, -28.52817389920773], [-50.80723390000003, -28.528845099207718], [-50.80642019999999, -28.529268099207716], [-50.805524100000014, -28.529478799207688], [-50.8046473, -28.529698799207676], [-50.80399219999998, -28.530273499207706], [-50.80361549999998, -28.531019799207687], [-50.80357909999998, -28.531852599207625], [-50.80332609999999, -28.532624099207652], [-50.8030314, -28.533445099207615], [-50.802317000000016, -28.534003799207596], [-50.801717199999985, -28.534657499207576], [-50.80119150000002, -28.535335999207547], [-50.800366699999984, -28.5349323992076], [-50.7999145, -28.534245999207602], [-50.7989427, -28.53390409920757], [-50.79801939999999, -28.533677299207625], [-50.797088299999984, -28.533642199207584], [-50.796167399999995, -28.533611599207585], [-50.795206399999984, -28.533872599207605], [-50.794228299999986, -28.533954899207632], [-50.79329510000002, -28.53416939920761], [-50.79235870000002, -28.534597599207576], [-50.79150249999997, -28.535008699207573], [-50.790655399999984, -28.53472779920758], [-50.78979399999997, -28.53433949920758], [-50.788916900000004, -28.534783199207588], [-50.78889220000002, -28.535842799207586], [-50.78878750000001, -28.53663559920757], [-50.788339099999966, -28.53735459920756], [-50.787895400000025, -28.538054499207522], [-50.787523299999975, -28.53882909920752], [-50.78749670000002, -28.539752399207508], [-50.787006899999994, -28.540441099207513], [-50.78730469999999, -28.54131389920745], [-50.787896699999976, -28.54193299920744], [-50.78877299999999, -28.542261799207473], [-50.789730299999974, -28.542317399207462], [-50.7905556, -28.542683799207474], [-50.79104319999999, -28.543558399207427], [-50.790475500000014, -28.54420769920744], [-50.78968659999998, -28.54473409920744], [-50.7889022, -28.545301999207393], [-50.78871179999999, -28.546095099207392], [-50.788926300000014, -28.546867299207353], [-50.78940030000001, -28.54761829920738], [-50.78974690000002, -28.54835369920735], [-50.789760100000024, -28.549163999207344], [-50.78997099999998, -28.549939899207345], [-50.789979899999985, -28.550748599207328], [-50.78970220000002, -28.551502099207283], [-50.78884849999997, -28.5517958992073], [-50.78797950000001, -28.55220009920727], [-50.7870188, -28.552287999207255], [-50.786334599999975, -28.553001199207245], [-50.786427100000026, -28.55386189920726], [-50.78630590000001, -28.55470649920724], [-50.78617509999998, -28.555489899207224], [-50.78691359999999, -28.556031199207215], [-50.7875464, -28.556627699207176], [-50.78780840000002, -28.557424599207177], [-50.78749929999998, -28.55818689920718], [-50.78673199999997, -28.55860049920718], [-50.7860351, -28.55913699920718], [-50.785864600000025, -28.560046999207135], [-50.7858296, -28.560941799207146], [-50.785269899999996, -28.561606399207125], [-50.784390099999996, -28.561804599207118], [-50.783936600000004, -28.562486299207084], [-50.78417990000003, -28.563254799207066], [-50.784403, -28.56410659920707], [-50.784539800000005, -28.56490749920706], [-50.78523280000002, -28.565496999207028], [-50.78553499999998, -28.566240899207056], [-50.78527079999998, -28.567061499207032], [-50.78478819999998, -28.567804299206987], [-50.78475040000001, -28.568672199206976], [-50.7847544, -28.56965129920694], [-50.7847582, -28.570736099206922], [-50.78454240000002, -28.571506199206926], [-50.78410339999999, -28.57221439920694], [-50.78383029999998, -28.573034299206924], [-50.78369420000001, -28.57381439920689], [-50.783342800000014, -28.57458279920687], [-50.78276199999999, -28.57521589920686], [-50.781812399999986, -28.5751525992069], [-50.7808948, -28.575212399206873], [-50.779998400000004, -28.575066499206866], [-50.77893490000003, -28.57502279920688], [-50.777993400000014, -28.57478539920688], [-50.77713840000001, -28.575188599206854], [-50.7777549, -28.576041899206864], [-50.77759750000001, -28.576865999206838], [-50.777051099999994, -28.57762239920683], [-50.776680899999974, -28.578383199206836], [-50.77602189999999, -28.578933899206792], [-50.77503949999999, -28.57894799920683], [-50.773947099999994, -28.579159899206783], [-50.77345020000001, -28.579859099206814], [-50.77336200000002, -28.580663199206768], [-50.7736132, -28.58148969920678], [-50.773637199999996, -28.582341099206747], [-50.773392, -28.583139699206733], [-50.77303480000001, -28.584096899206727], [-50.77260230000002, -28.584848099206695], [-50.771788500000014, -28.585298999206707], [-50.77086930000002, -28.585115599206684], [-50.77043229999998, -28.585842899206668], [-50.769761700000004, -28.586679499206674], [-50.76964989999999, -28.587491999206655], [-50.76885390000001, -28.587897999206643], [-50.76787810000002, -28.587564299206655], [-50.766829499999965, -28.58733419920664], [-50.76586140000001, -28.58700559920666], [-50.76573289999999, -28.587251499206634], [-50.76593409999998, -28.588054699206626], [-50.766559700000016, -28.58864229920663], [-50.76747510000001, -28.588900399206622], [-50.767310099999975, -28.5897378992066], [-50.767113300000005, -28.59057839920663], [-50.766709400000025, -28.591309899206596], [-50.76645480000002, -28.592338699206593], [-50.76589230000002, -28.593101099206564], [-50.7650251, -28.593729299206558], [-50.76502579999999, -28.5945522992065], [-50.76457099999999, -28.595289599206517], [-50.76364769999997, -28.59510399920651], [-50.762544, -28.59480699920652], [-50.761632299999974, -28.594714299206544], [-50.761368800000014, -28.593912799206535], [-50.76095759999998, -28.593172899206564], [-50.7602402, -28.592611799206544], [-50.75954760000002, -28.592052399206572], [-50.758613500000024, -28.59200249920655], [-50.75777399999998, -28.59244079920658], [-50.757014000000034, -28.592972899206565], [-50.756266700000026, -28.593568099206575], [-50.755349000000024, -28.593543499206557], [-50.75502640000001, -28.59455499920654], [-50.755364400000026, -28.595288999206492], [-50.75568670000001, -28.596095899206517], [-50.75607339999999, -28.596866599206486], [-50.75573200000002, -28.597598199206466], [-50.75528639999999, -28.59828999920649], [-50.75464979999998, -28.598849899206456], [-50.7536872, -28.59882149920643], [-50.75280809999998, -28.599187799206426], [-50.751933399999984, -28.598804299206424], [-50.751059, -28.59861499920644], [-50.75030579999998, -28.59811679920647], [-50.7500182, -28.59849499920647], [-50.749114399999996, -28.598731299206445], [-50.748396800000016, -28.599211799206422], [-50.747527900000016, -28.599537499206427], [-50.74661279999997, -28.59984679920646], [-50.74582989999999, -28.600308799206424], [-50.744880299999984, -28.60031669920643], [-50.743921699999994, -28.60020669920642], [-50.74385169999999, -28.6010120992064], [-50.743592999999976, -28.60179489920641], [-50.74330650000002, -28.60260519920641], [-50.74362350000001, -28.60343969920639], [-50.743688099999986, -28.604270599206366], [-50.74454400000001, -28.604571699206357], [-50.745342300000004, -28.60493959920637], [-50.74612430000002, -28.60544429920631], [-50.746685300000024, -28.606189799206305], [-50.74695680000002, -28.607188099206276], [-50.746169099999975, -28.6076045992063], [-50.7453046, -28.60786899920628], [-50.74457489999997, -28.608344599206287], [-50.743972799999995, -28.609000799206253], [-50.74377010000001, -28.609789799206247], [-50.743153300000024, -28.610388899206217], [-50.74255010000002, -28.61103849920624], [-50.74220850000001, -28.611886699206238], [-50.7412807, -28.612004799206247], [-50.74030579999999, -28.61200569920621], [-50.74043769999997, -28.61206299920619], [-50.74122649999998, -28.61262449920619], [-50.7418692, -28.613199199206193], [-50.7428491, -28.6133933992062], [-50.74384520000001, -28.61339669920619], [-50.7446182, -28.61391029920617], [-50.74508450000002, -28.61465279920615], [-50.74597899999998, -28.614831299206152], [-50.746836599999995, -28.61506779920618], [-50.74769359999999, -28.615431099206177], [-50.748077900000006, -28.61619099920616], [-50.74827069999998, -28.617129099206114], [-50.747508700000026, -28.61758529920609], [-50.74714899999998, -28.61831309920613], [-50.746903599999996, -28.619080299206104], [-50.74670420000001, -28.61992189920608], [-50.74660189999997, -28.620821999206036], [-50.74576510000003, -28.62117009920603], [-50.744855900000005, -28.621391599206028], [-50.74501370000002, -28.622202099206014], [-50.74524550000001, -28.623040399205994], [-50.7453289, -28.62396679920601], [-50.74504460000003, -28.62483279920597], [-50.7452404, -28.62567499920597], [-50.74507840000002, -28.626471099205954], [-50.74388019999998, -28.626239299205974], [-50.743049499999984, -28.626604099205966], [-50.742097, -28.626734599205978], [-50.741055000000024, -28.62666609920598], [-50.740140699999984, -28.626469699205927], [-50.7393644, -28.626913799205962], [-50.73848220000002, -28.627263899205943], [-50.7378468, -28.62786199920593], [-50.737598400000024, -28.628734699205896], [-50.7372082, -28.629477999205914], [-50.73627370000003, -28.629480299205916], [-50.73536139999999, -28.629501299205916], [-50.73553500000003, -28.630313199205876], [-50.7354277, -28.631152799205868], [-50.735731799999996, -28.631973199205863], [-50.73590159999998, -28.632818799205833], [-50.735044000000016, -28.633283899205818], [-50.7342003, -28.633713399205813], [-50.73324459999998, -28.633706399205824], [-50.73238989999999, -28.633416499205843], [-50.73149189999997, -28.63321299920585], [-50.73069789999999, -28.633689699205824], [-50.730126299999995, -28.634306399205833], [-50.72957539999999, -28.635010799205787], [-50.72893049999998, -28.63563079920579], [-50.72864399999998, -28.636588799205796], [-50.72884809999999, -28.637426499205763], [-50.7294172, -28.638172499205744], [-50.73016710000002, -28.63866319920574], [-50.72946319999999, -28.639189399205762], [-50.728476, -28.639317599205746], [-50.72763930000002, -28.639741399205715], [-50.7266927, -28.64010509920574], [-50.72580090000002, -28.640266099205732], [-50.725796100000025, -28.640264799205728], [-50.72504989999999, -28.639805399205724], [-50.724117499999984, -28.639726699205706], [-50.72329239999999, -28.63928029920572], [-50.722426900000016, -28.638753499205748], [-50.72150249999999, -28.638885599205715], [-50.720558400000016, -28.63895219920574], [-50.71800810000003, -28.638953999205743], [-50.7171252, -28.63853079920575], [-50.71623130000001, -28.638371899205726], [-50.71564410000002, -28.637689899205746], [-50.715518900000006, -28.636880599205757], [-50.714965800000016, -28.636221499205767], [-50.714275199999975, -28.635669199205783], [-50.71332289999998, -28.635441799205825], [-50.7124245, -28.63560069920579], [-50.712152600000024, -28.63638389920578], [-50.7114588, -28.63689049920576], [-50.71090049999999, -28.636226199205794], [-50.71073319999999, -28.63536879920578], [-50.71034090000001, -28.634541299205836], [-50.71030569999999, -28.633672499205826], [-50.70999499999999, -28.633732699205826], [-50.70918699999998, -28.63420869920581], [-50.708188199999995, -28.634220399205816], [-50.707401800000014, -28.633701399205833], [-50.70655429999999, -28.633206599205828], [-50.70561679999997, -28.633333899205866], [-50.704714900000006, -28.63340089920586], [-50.70380160000002, -28.633714599205852], [-50.702977799999985, -28.634149299205806], [-50.70207260000001, -28.634209999205815], [-50.70104889999999, -28.63414379920582], [-50.700484099999976, -28.63491399920579], [-50.6995905, -28.635077299205786], [-50.69885119999998, -28.635576299205812], [-50.69799690000003, -28.635842899205787], [-50.69731780000001, -28.635291699205784], [-50.6967176, -28.634673499205828], [-50.69627809999997, -28.633977599205814], [-50.69563729999998, -28.633418299205847], [-50.694793499999996, -28.633799799205857], [-50.694098, -28.634428899205815], [-50.69324039999998, -28.634767999205817], [-50.69225690000001, -28.63490759920582], [-50.69138340000001, -28.635164599205808], [-50.690935799999984, -28.6359556992058], [-50.69044439999999, -28.63662469920581], [-50.68951980000003, -28.636836199205778], [-50.68881840000001, -28.637350099205747], [-50.688710800000024, -28.63816719920575], [-50.688166200000005, -28.638832799205726], [-50.68764060000001, -28.639493099205705], [-50.6870025, -28.639477799205732], [-50.68604620000002, -28.639299999205726], [-50.685137699999984, -28.63927419920572], [-50.68430139999998, -28.638756899205713], [-50.68339359999999, -28.638818299205766], [-50.682491500000026, -28.63845109920574], [-50.68158729999999, -28.638668999205738], [-50.68060559999998, -28.638683199205747], [-50.67966799999999, -28.638604499205734], [-50.678745100000015, -28.638626299205743], [-50.677904800000015, -28.63903179920574], [-50.67710140000002, -28.638654499205703], [-50.67671560000002, -28.63791699920576], [-50.67620049999999, -28.637131899205766], [-50.676129300000014, -28.636262599205782], [-50.67613599999999, -28.635298199205838], [-50.67558330000003, -28.63422819920582], [-50.67499099999998, -28.634239299205813], [-50.67437840000002, -28.634894699205823], [-50.673570299999994, -28.635287999205797], [-50.6727123, -28.635872899205772], [-50.672796300000016, -28.636674999205795], [-50.672713499999986, -28.637485099205758], [-50.672138700000005, -28.638115399205763], [-50.67120540000003, -28.638370499205745], [-50.6708001, -28.63799239920573], [-50.67020059999999, -28.637369099205763], [-50.669524000000024, -28.63681399920579], [-50.66884399999998, -28.636172799205784], [-50.66787499999998, -28.63638509920576], [-50.66698100000002, -28.63647759920576], [-50.666425600000025, -28.637139499205755], [-50.666077400000006, -28.638068099205746], [-50.665231899999974, -28.63839159920573], [-50.6642286, -28.638388999205766], [-50.663367100000016, -28.638803899205772], [-50.663142600000015, -28.63964599920575], [-50.66253339999997, -28.640312299205718], [-50.661614499999985, -28.640832099205717], [-50.661130300000025, -28.641504399205665], [-50.66057460000002, -28.64218429920567], [-50.65977939999999, -28.64255109920567], [-50.658838199999984, -28.642618399205677], [-50.657901200000026, -28.642915999205677], [-50.657139200000024, -28.643382899205662], [-50.656949, -28.644184299205644], [-50.65674710000002, -28.64506299920562], [-50.65754750000002, -28.645503499205624], [-50.6585073, -28.645640399205607], [-50.65938890000001, -28.64589789920564], [-50.66011609999998, -28.646380699205608], [-50.66058179999999, -28.6471446992056], [-50.66059410000003, -28.647954399205585], [-50.66037030000001, -28.64872549920557], [-50.66002350000002, -28.64955099920552], [-50.660246099999995, -28.650396199205524], [-50.66039380000001, -28.65123529920552], [-50.6596366, -28.651716299205486], [-50.65865739999998, -28.6517408992055], [-50.65755330000002, -28.651618299205506], [-50.65664559999999, -28.651449499205526], [-50.656130500000025, -28.650740599205527], [-50.656076499999976, -28.649656099205565], [-50.655357700000025, -28.64908029920554], [-50.65441099999998, -28.648892799205555], [-50.65372719999999, -28.649445099205526], [-50.65280699999999, -28.649272399205522], [-50.65168419999998, -28.648928699205563], [-50.65113659999997, -28.648270599205564], [-50.65082560000002, -28.647513099205607], [-50.65015090000003, -28.646960499205566], [-50.64934019999998, -28.6464541992056], [-50.6485422, -28.646914599205598], [-50.64883630000002, -28.647701299205586], [-50.648443499999985, -28.648452299205537], [-50.647835600000015, -28.649252199205517], [-50.647431799999985, -28.649991399205522], [-50.64656179999997, -28.650336299205527], [-50.645665399999984, -28.650193299205554], [-50.64527020000003, -28.649443499205574], [-50.64478079999997, -28.64874079920554], [-50.64416440000003, -28.64815389920559], [-50.64322420000003, -28.648224199205593], [-50.64229319999998, -28.64841319920556], [-50.641415800000004, -28.648121199205562], [-50.640999700000016, -28.647321199205603], [-50.64052609999998, -28.64658859920558], [-50.64011620000002, -28.645824299205632], [-50.63974980000001, -28.645061699205613], [-50.63963130000002, -28.645129599205653], [-50.63932599999998, -28.64589579920563], [-50.638962400000025, -28.64668949920558], [-50.63878599999998, -28.64753379920561], [-50.63815549999998, -28.648185299205604], [-50.63714879999998, -28.648214999205567], [-50.636304199999984, -28.647933299205548], [-50.635353399999985, -28.647708399205577], [-50.634676599999985, -28.647058699205587], [-50.633813299999986, -28.646518699205604], [-50.6329106, -28.64671519920562], [-50.631883800000026, -28.646779099205602], [-50.63114660000002, -28.647229799205572], [-50.6314304, -28.647984199205574], [-50.630900800000006, -28.648661699205547], [-50.6298668, -28.64896989920556], [-50.629272000000014, -28.64956859920555], [-50.628526299999976, -28.650049899205545], [-50.627513799999974, -28.65030779920552], [-50.6265856, -28.65015539920555], [-50.62569259999998, -28.649968899205508], [-50.624768700000004, -28.649819999205516], [-50.62385169999999, -28.65004879920552], [-50.62292339999999, -28.650093499205568], [-50.62199509999999, -28.65033629920552], [-50.62113640000002, -28.650070599205538], [-50.62060220000001, -28.649306799205526], [-50.620027400000026, -28.648672799205553], [-50.618576700000006, -28.64852299920558], [-50.61768760000001, -28.647859399205593], [-50.61680810000001, -28.64760339920556], [-50.615960099999995, -28.647201399205557], [-50.61499059999999, -28.646996999205584], [-50.614036899999974, -28.647038999205602], [-50.61313100000001, -28.647331499205603], [-50.613052599999996, -28.6465042992056], [-50.612753699999985, -28.64575279920563], [-50.61224959999998, -28.64506179920564], [-50.61163420000002, -28.645165499205653], [-50.61084540000002, -28.645581099205632], [-50.609860500000025, -28.64561869920562], [-50.608693500000015, -28.645609799205605], [-50.60780519999997, -28.645895199205597], [-50.6072006, -28.646597299205595], [-50.60647719999997, -28.64715169920559], [-50.606104200000004, -28.647904899205592], [-50.605181200000004, -28.64787809920559], [-50.60422469999998, -28.647727599205577], [-50.60329289999998, -28.647493399205548], [-50.60283240000001, -28.6467992992056], [-50.60213870000001, -28.646187399205584], [-50.60101450000002, -28.645919899205637], [-50.60003649999999, -28.645515699205603], [-50.59949890000001, -28.644831699205632], [-50.59953949999999, -28.644030499205638], [-50.59921350000002, -28.64328929920566], [-50.59835290000001, -28.642960099205645], [-50.59794479999999, -28.642223899205653], [-50.59702349999998, -28.642110799205692], [-50.59640489999998, -28.64269059920565], [-50.59553940000001, -28.643013199205658], [-50.59474940000001, -28.64339509920568], [-50.594751299999984, -28.64463009920561], [-50.59494749999999, -28.645423899205653], [-50.59465269999998, -28.646222099205588], [-50.5939899, -28.6467858992056], [-50.593432199999995, -28.6474586992056], [-50.593608399999994, -28.64831069920559], [-50.59400690000001, -28.649185999205546], [-50.593898700000004, -28.65002049920553], [-50.592950299999984, -28.650089699205566], [-50.592075099999995, -28.650425799205532], [-50.59129339999998, -28.650866699205515], [-50.590370500000006, -28.650738099205544], [-50.5897607, -28.651378899205504], [-50.589974600000005, -28.65221959920553], [-50.59084899999999, -28.652667999205498], [-50.5914085, -28.6533253992055], [-50.59132119999999, -28.654143599205458], [-50.59060340000003, -28.65470819920547], [-50.59030999999999, -28.655659099205426], [-50.5905553, -28.656506799205403], [-50.59058809999999, -28.657302999205424], [-50.59051720000002, -28.658798199205364], [-50.590306199999986, -28.659646199205362], [-50.59049140000001, -28.66041979920536], [-50.59058820000001, -28.66123749920537], [-50.590076700000004, -28.66194419920533], [-50.5891626, -28.661962999205343], [-50.588577100000016, -28.662694499205305], [-50.5888281, -28.663528699205276], [-50.58800120000001, -28.663925699205283], [-50.587140999999974, -28.663630099205278], [-50.5862315, -28.66332459920531], [-50.58524560000001, -28.663830199205297], [-50.584457300000004, -28.664260199205287], [-50.583601499999986, -28.66456249920526], [-50.58277259999999, -28.664942199205267], [-50.5818213, -28.66508279920527], [-50.580941600000024, -28.665404299205253], [-50.58031770000002, -28.66603689920526], [-50.58030960000002, -28.66684919920523], [-50.57980900000001, -28.667560299205217], [-50.57890759999997, -28.667802699205204], [-50.578351699999985, -28.668426999205217], [-50.578410899999994, -28.66928189920519], [-50.57814830000001, -28.670066599205164], [-50.57723870000001, -28.670271499205196], [-50.57637770000002, -28.670359699205182], [-50.5755934, -28.67075289920519], [-50.57463519999999, -28.670538499205193], [-50.5737514, -28.670377999205208], [-50.57289179999998, -28.67009209920515], [-50.572218899999996, -28.670687599205177], [-50.57131420000002, -28.670933999205154], [-50.57030500000002, -28.670617499205157], [-50.56930970000002, -28.670923399205165], [-50.56838679999998, -28.671173599205133], [-50.5674563, -28.67095829920516], [-50.56676700000003, -28.670282099205195], [-50.566087900000014, -28.669639199205196], [-50.56524489999998, -28.66927639920519], [-50.5645634, -28.668726399205237], [-50.56367870000002, -28.668442599205207], [-50.56277299999999, -28.668499899205177], [-50.56206559999998, -28.669042099205218], [-50.56122060000001, -28.669385899205206], [-50.56035209999999, -28.668964499205224], [-50.559380900000015, -28.668955299205198], [-50.55846409999997, -28.66912389920519], [-50.55785450000002, -28.668492299205244], [-50.55681800000002, -28.66784349920523], [-50.55560989999998, -28.667852099205223], [-50.554659500000014, -28.667792099205215], [-50.55401060000003, -28.667208699205236], [-50.553869099999986, -28.666412399205257], [-50.553217700000005, -28.66578759920524], [-50.55286749999999, -28.66496529920528], [-50.55207819999998, -28.664513499205288], [-50.55121700000001, -28.664846699205267], [-50.55025069999999, -28.664790899205286], [-50.54941880000001, -28.664362599205294], [-50.54870549999998, -28.663822899205297], [-50.54787310000001, -28.66334309920532], [-50.54699269999998, -28.66307989920532], [-50.54624130000002, -28.662613099205302], [-50.54539419999998, -28.662212999205334], [-50.544745499999976, -28.66163899920531], [-50.544487300000014, -28.66082349920535], [-50.54377890000001, -28.660316099205343], [-50.543041200000005, -28.659863399205364], [-50.54214480000002, -28.659768099205376], [-50.54124869999998, -28.65969639920534], [-50.5405925, -28.65913049920537], [-50.53965470000002, -28.659189599205366], [-50.53876050000002, -28.658859399205365], [-50.5382899, -28.658174599205392], [-50.537865700000005, -28.657420799205415], [-50.5373414, -28.65677819920544], [-50.53646900000001, -28.656453499205423], [-50.536415799999986, -28.656173099205425], [-50.53549559999999, -28.656452199205418], [-50.53455659999997, -28.65667629920543], [-50.53370059999998, -28.65639959920541], [-50.5328225, -28.656206399205402], [-50.53191750000002, -28.656351899205426], [-50.53096990000001, -28.65637159920543], [-50.53012469999999, -28.65594689920544], [-50.52962230000003, -28.655289199205484], [-50.529467399999994, -28.65417729920548], [-50.52917359999998, -28.65331939920547], [-50.52846740000001, -28.65275429920552], [-50.5278672, -28.65214069920552], [-50.52736090000002, -28.651487899205524], [-50.52650419999998, -28.651216699205545], [-50.525596500000006, -28.651043699205527], [-50.52509789999999, -28.650334799205535], [-50.52423279999999, -28.650069799205518], [-50.52365770000001, -28.650737799205523], [-50.52305189999999, -28.650096199205553], [-50.522194000000006, -28.649706499205525], [-50.52151600000003, -28.64914889920555], [-50.5207479, -28.64862979920554], [-50.52020879999998, -28.647915999205594], [-50.51980109999999, -28.6471489992056], [-50.519434900000014, -28.646379799205587], [-50.51922089999999, -28.645558799205627], [-50.51971179999998, -28.64488549920562], [-50.51895680000002, -28.644418099205627], [-50.518324500000006, -28.64381269920566], [-50.51780450000001, -28.643395399205627], [-50.51692480000003, -28.64382209920567], [-50.51610340000002, -28.644393299205625], [-50.515154800000005, -28.644545199205623], [-50.514261799999986, -28.644456799205624], [-50.513592399999986, -28.64380499920564], [-50.512825899999996, -28.64328609920567], [-50.51217839999998, -28.642617399205683], [-50.511550399999976, -28.64201209920567], [-50.510840299999984, -28.6426447992057], [-50.51025750000002, -28.643278199205653], [-50.50927380000002, -28.643077299205682], [-50.50804679999999, -28.64312149920567], [-50.5071562, -28.643460799205673], [-50.50628519999998, -28.64371249920565], [-50.505357199999985, -28.643544999205677], [-50.50469179999999, -28.642975199205683], [-50.50387269999999, -28.642506199205688], [-50.50305320000001, -28.642033899205682], [-50.5027824, -28.64119379920569], [-50.50231120000001, -28.64047549920569], [-50.50162139999998, -28.639839199205706], [-50.50114000000002, -28.639097499205718], [-50.501330300000006, -28.638254499205768], [-50.500738399999996, -28.63765619920574], [-50.4994863, -28.63784009920577], [-50.4985949, -28.637999999205736], [-50.4977121, -28.63819129920577], [-50.4969145, -28.63779649920574], [-50.496297500000026, -28.637206099205784], [-50.496409700000015, -28.636399899205802], [-50.4964314, -28.63558049920581], [-50.49611249999998, -28.6348098992058], [-50.49514640000001, -28.634868699205835], [-50.494441800000004, -28.635472099205817], [-50.494000200000016, -28.634721299205832], [-50.49394919999997, -28.63391259920581], [-50.49397079999999, -28.633117099205837], [-50.49421030000001, -28.632305999205883], [-50.49446310000002, -28.631490899205886], [-50.49379879999998, -28.630941099205856], [-50.49282249999999, -28.63086329920587], [-50.49249630000002, -28.63010759920587], [-50.49193589999999, -28.629358999205927], [-50.49095529999999, -28.629461999205894], [-50.490119499999984, -28.629154299205904], [-50.489228200000014, -28.6288220992059], [-50.488281900000004, -28.62917309920591], [-50.48736600000001, -28.629493899205908], [-50.48695609999998, -28.628630099205925], [-50.486676999999986, -28.62775589920595], [-50.485922200000005, -28.627298299205947], [-50.4850255, -28.62751429920591], [-50.484151499999996, -28.627279299205945], [-50.48340710000003, -28.626682999205972], [-50.48287399999998, -28.626038399205992], [-50.483412799999996, -28.625201399205974], [-50.483691599999986, -28.624447299205986], [-50.483883999999996, -28.623601199206014], [-50.483401399999984, -28.622906399206], [-50.48221649999999, -28.623131699206], [-50.48131230000001, -28.623366399206027], [-50.48054000000001, -28.622779599206027], [-50.480156700000016, -28.621997299206015], [-50.48042199999997, -28.621202599206068], [-50.481098900000006, -28.620632699206045], [-50.48192949999998, -28.620214499206046], [-50.48229900000002, -28.61945419920609], [-50.48294720000001, -28.618728299206087], [-50.4830819, -28.61867319920609], [-50.48337249999997, -28.617874899206107], [-50.48304949999999, -28.617127699206147], [-50.48219829999999, -28.61658299920613], [-50.481256599999995, -28.616350699206137], [-50.480561799999975, -28.615769599206175], [-50.47965599999998, -28.615882199206133], [-50.47875670000002, -28.615820499206126], [-50.4778316, -28.61577169920613], [-50.476889299999975, -28.61556479920618], [-50.47597480000002, -28.61524859920614], [-50.47519640000002, -28.61473479920618], [-50.4742943, -28.61450149920619], [-50.47337590000001, -28.614544499206186], [-50.47247360000001, -28.614761599206176], [-50.47156899999999, -28.614530199206165], [-50.47061409999997, -28.61449999920619], [-50.46965340000003, -28.614706399206156], [-50.46878880000003, -28.61504419920616], [-50.46780239999998, -28.615069999206153], [-50.46613739999998, -28.615062199206175], [-50.465610500000025, -28.61573319920618], [-50.465257399999985, -28.61650649920615], [-50.463827900000005, -28.61673339920611], [-50.46291719999999, -28.617026199206126], [-50.462196199999994, -28.617717299206088], [-50.46120339999999, -28.617520999206132], [-50.46020099999998, -28.617352799206124], [-50.45936130000001, -28.616958799206145], [-50.458460100000025, -28.616797199206143], [-50.45754979999998, -28.617010299206132], [-50.45713269999999, -28.617760599206107], [-50.4569027, -28.618540299206106], [-50.457158600000014, -28.619303699206075], [-50.45725110000001, -28.62012429920605], [-50.456982400000015, -28.62090159920608], [-50.456078400000024, -28.62068219920604], [-50.455469600000015, -28.620078799206063], [-50.45456899999999, -28.619778399206055], [-50.45364840000002, -28.61973169920607], [-50.452780700000005, -28.620228699206056], [-50.451920099999995, -28.620610599206085], [-50.45101690000001, -28.620311599206048], [-50.450305500000006, -28.619783199206047], [-50.449916099999996, -28.619033299206095], [-50.4495397, -28.61825919920612], [-50.44975640000001, -28.616951399206137], [-50.450002100000006, -28.616092099206146], [-50.44937370000002, -28.615415799206147], [-50.44852279999998, -28.615019499206184], [-50.4478757, -28.614449999206155], [-50.446939600000015, -28.614496899206184], [-50.446692799999994, -28.614506699206167], [-50.44667879999997, -28.61450569920616], [-50.44589589999998, -28.61490729920619], [-50.445216500000015, -28.615554599206156], [-50.444871400000004, -28.61642879920613], [-50.444860199999994, -28.61723079920613], [-50.444192799999996, -28.61783999920611], [-50.443935099999976, -28.618578299206117], [-50.44342549999999, -28.619281599206104], [-50.44308960000001, -28.620037799206052], [-50.443028200000015, -28.620932299206054], [-50.44230570000002, -28.621415199206055], [-50.4422424, -28.622247099206014], [-50.44195960000002, -28.623016499206035], [-50.441142800000016, -28.623392999206033], [-50.44063970000002, -28.62407189920599], [-50.44009440000002, -28.62493509920601], [-50.44019279999998, -28.625786099206003], [-50.439636500000006, -28.626429999205982], [-50.43877409999999, -28.626836999205985], [-50.43862009999997, -28.62761459920595], [-50.438699199999974, -28.628464799205936], [-50.438524700000016, -28.629280499205898], [-50.43771320000002, -28.629711199205865], [-50.43676720000003, -28.62979849920589], [-50.43621400000001, -28.6304401992059], [-50.436179100000004, -28.631240099205883], [-50.43547560000001, -28.631766099205866], [-50.43447600000002, -28.631484299205884], [-50.433390900000006, -28.631183399205867], [-50.43242570000002, -28.630996499205864], [-50.431482700000004, -28.630843899205882], [-50.43066219999997, -28.63039979920591], [-50.42976859999999, -28.63030439920589], [-50.42890190000003, -28.630041199205888], [-50.428359300000004, -28.629380599205888], [-50.42813560000002, -28.628533699205914], [-50.427437300000015, -28.62803069920594], [-50.42658110000002, -28.6284453992059], [-50.42592289999999, -28.629018099205904], [-50.42499939999999, -28.62880909920592], [-50.42419269999999, -28.628395699205925], [-50.42332520000003, -28.62844809920594], [-50.42252159999998, -28.628915999205915], [-50.4215782, -28.629489299205893], [-50.42069670000001, -28.62979329920591], [-50.42006709999998, -28.630501699205915], [-50.41996160000002, -28.631389699205876], [-50.419416099999985, -28.632147199205882], [-50.41917799999999, -28.632979799205827], [-50.418481400000026, -28.633493399205857], [-50.417982499999994, -28.634153899205824], [-50.41740889999999, -28.63478109920581], [-50.41644179999997, -28.6346829992058], [-50.41574509999998, -28.63417129920581], [-50.414793299999985, -28.634158999205834], [-50.414260599999984, -28.634835399205784], [-50.41347639999997, -28.635300299205785], [-50.41247299999998, -28.635624899205776], [-50.411871399999995, -28.636226899205784], [-50.41113710000001, -28.636729099205798], [-50.41094989999999, -28.63701589920576], [-50.41085930000003, -28.637188699205783], [-50.41085529999998, -28.637303999205738], [-50.41097680000002, -28.638499599205733], [-50.41090780000002, -28.63929049920575], [-50.4113504, -28.639995999205713], [-50.41097500000001, -28.64073069920571], [-50.41148249999998, -28.641400199205712], [-50.41186929999998, -28.642171699205683], [-50.4111848, -28.642687099205663], [-50.410599299999994, -28.643438299205673], [-50.41075710000002, -28.644300899205657], [-50.41049229999999, -28.645057099205594], [-50.41030069999999, -28.64583289920563], [-50.410409000000016, -28.64662739920559], [-50.41057230000001, -28.647431399205615], [-50.41016719999999, -28.648180999205593], [-50.41009989999998, -28.649006899205574], [-50.40963130000001, -28.649688499205567], [-50.40883580000002, -28.650062199205514], [-50.407923600000004, -28.650320399205544], [-50.40729959999999, -28.6508921992055], [-50.40693390000001, -28.65161639920554], [-50.40610179999999, -28.6519385992055], [-50.405215, -28.65179149920552], [-50.40454, -28.652336099205506], [-50.40409410000001, -28.6530393992055], [-50.40340589999999, -28.65362329920547], [-50.40259049999997, -28.653962699205486], [-50.401618799999994, -28.65373869920549], [-50.4006925, -28.6536653992055], [-50.40058010000001, -28.65375099920548], [-50.400572399999994, -28.654172399205464], [-50.40080469999998, -28.65512199920545], [-50.401240299999984, -28.655923099205435], [-50.40047850000001, -28.65635159920543], [-50.39958150000001, -28.656091899205414], [-50.39878629999998, -28.655709299205455], [-50.397895800000015, -28.655855599205427], [-50.3970764, -28.655394899205426], [-50.3962712, -28.65500829920547], [-50.395486300000016, -28.655511899205454], [-50.39499669999998, -28.65624299920545], [-50.39451730000002, -28.656952499205403], [-50.39417930000002, -28.657742099205407], [-50.39354309999999, -28.658353999205353], [-50.3926229, -28.658169199205368], [-50.39196399999998, -28.658776199205352], [-50.391195400000015, -28.6583409992054], [-50.39140839999999, -28.65751439920543], [-50.39107790000003, -28.656780199205443], [-50.39027349999998, -28.656290699205428], [-50.38920539999998, -28.656177299205467], [-50.38824710000001, -28.65591139920541], [-50.3880757, -28.654821999205485], [-50.38778669999999, -28.654057499205496], [-50.387016800000026, -28.653543999205496], [-50.3864504, -28.652856899205517], [-50.38641480000001, -28.652562499205477], [-50.38549389999997, -28.65229619920553], [-50.38454439999998, -28.65228399920552], [-50.38417190000001, -28.651467899205507], [-50.38327149999997, -28.651707499205504], [-50.38232879999998, -28.652010999205523], [-50.38042610000003, -28.65200419920553], [-50.379433800000015, -28.652019699205486], [-50.37849640000002, -28.65226419920548], [-50.37755559999999, -28.652416799205522], [-50.37686930000001, -28.651817299205526], [-50.376054899999986, -28.651450199205513], [-50.3754356, -28.651419699205537], [-50.37523199999998, -28.65138959920553], [-50.37434000000002, -28.65117479920551], [-50.373359100000016, -28.65117369920554], [-50.37331899999998, -28.651271399205495], [-50.372530299999994, -28.65170739920553], [-50.37146539999998, -28.65198549920554], [-50.370571299999995, -28.651769499205507], [-50.369761600000004, -28.652201499205493], [-50.36950089999999, -28.653019299205468], [-50.369246499999974, -28.653807999205508], [-50.368873399999984, -28.654577899205453], [-50.36802089999998, -28.654843299205435], [-50.36728099999999, -28.654286699205468], [-50.36654320000003, -28.654800099205445], [-50.3662703, -28.655565199205462], [-50.36585330000003, -28.65633929920544], [-50.36612530000002, -28.657182199205437], [-50.3652884, -28.657491299205407], [-50.36482059999997, -28.65817599920542], [-50.36422010000002, -28.658788299205405], [-50.36381790000001, -28.659615099205364], [-50.362912900000026, -28.65987199920537], [-50.36225189999999, -28.66043619920534], [-50.3617997, -28.661259699205363], [-50.361692600000026, -28.66206989920533], [-50.36096500000002, -28.66258079920532], [-50.360039700000016, -28.662537599205322], [-50.35931929999999, -28.661975599205327], [-50.358566499999995, -28.66149329920535], [-50.357743200000016, -28.660939999205333], [-50.356890899999996, -28.660615599205382], [-50.35605020000003, -28.661004899205373], [-50.35519369999998, -28.661364199205305], [-50.35424280000001, -28.661590899205365], [-50.3534247, -28.662170899205297], [-50.35254359999998, -28.6619673992053], [-50.35159329999999, -28.661780099205323], [-50.350893799999994, -28.6623349992053], [-50.35055560000001, -28.663082599205303], [-50.349654199999975, -28.663316599205288], [-50.3488395, -28.662909599205292], [-50.34819110000001, -28.66233149920532], [-50.34742390000003, -28.661810499205338], [-50.346566800000005, -28.661477799205347], [-50.34563250000002, -28.661030899205365], [-50.345564000000024, -28.66017319920532], [-50.345607900000005, -28.65924299920537], [-50.34510089999997, -28.65856749920539], [-50.3442369, -28.658169299205394], [-50.34336239999999, -28.65759799920541], [-50.342391099999986, -28.657619799205428], [-50.34151609999998, -28.65696899920541], [-50.340596000000005, -28.65701409920544], [-50.3397478, -28.65728489920538], [-50.33969389999998, -28.658543999205392], [-50.339428600000026, -28.659339499205366], [-50.338872400000014, -28.65995969920535], [-50.33808119999998, -28.66034049920538], [-50.33827100000002, -28.66068079920537], [-50.33884690000002, -28.661589799205338], [-50.3386284, -28.66242189920534], [-50.338377499999986, -28.663258199205277], [-50.33813780000003, -28.664089199205268], [-50.337588400000016, -28.664937799205287], [-50.33751619999998, -28.66580619920528], [-50.33752290000002, -28.666770499205224], [-50.3377436, -28.66759089920522], [-50.338159099999984, -28.668333899205212], [-50.338769099999986, -28.668926599205225], [-50.339700199999974, -28.66908219920519], [-50.340381200000024, -28.66972299920517], [-50.34059050000001, -28.670580599205174], [-50.340587400000004, -28.671590999205137], [-50.340401799999995, -28.67334149920511], [-50.339674300000006, -28.673892999205144], [-50.339203499999996, -28.674633699205124], [-50.33948349999998, -28.67544219920511], [-50.34037009999997, -28.675621199205107], [-50.34085429999999, -28.676336299205065], [-50.340238699999986, -28.67695009920506], [-50.33953730000002, -28.677615799205068], [-50.338674899999994, -28.67796339920506], [-50.33782029999998, -28.67850209920504], [-50.33724790000002, -28.679229399205028], [-50.33730489999999, -28.680195899205017], [-50.33788820000001, -28.680839999204988], [-50.338429599999984, -28.68150919920498], [-50.3380052, -28.68221579920497], [-50.33766429999997, -28.683006399204967], [-50.33681309999997, -28.683360299204946], [-50.33582280000001, -28.683838299204933], [-50.334882100000016, -28.68393689920493], [-50.33394329999998, -28.683695499204934], [-50.33301280000001, -28.683451199204924], [-50.33215519999999, -28.68291439920497], [-50.331281900000015, -28.682587999204976], [-50.33035180000002, -28.682431599204936], [-50.330234899999994, -28.682339599204948], [-50.32981910000001, -28.68195039920498], [-50.3290323, -28.68146039920498], [-50.32808510000001, -28.68147049920498], [-50.32771550000001, -28.68221829920496], [-50.327246, -28.682972699204942], [-50.3273074, -28.68379819920494], [-50.32787860000001, -28.684459999204922], [-50.32796480000002, -28.685309199204923], [-50.32729649999999, -28.685887999204876], [-50.32644579999999, -28.68616019920491], [-50.325314100000014, -28.686552299204905], [-50.32528450000001, -28.687410699204868], [-50.32528819999999, -28.68836329920485], [-50.32462479999998, -28.688932399204848], [-50.3239633, -28.689634399204834], [-50.32423540000002, -28.69039669920483], [-50.3246082, -28.691162599204795], [-50.32447810000002, -28.691979899204767], [-50.324468799999984, -28.692888299204775], [-50.324137500000006, -28.693630099204768], [-50.32352070000002, -28.694269999204774], [-50.32280730000002, -28.69479079920476], [-50.32241149999999, -28.69554029920474], [-50.32226589999999, -28.696340299204692], [-50.32286429999999, -28.696943199204725], [-50.32282520000001, -28.697785499204706], [-50.3227167, -28.698601299204693], [-50.322391700000026, -28.69947589920464], [-50.32166319999999, -28.699960199204675], [-50.320832499999995, -28.700269899204667], [-50.320000400000026, -28.699937299204638], [-50.31908290000001, -28.699752499204653], [-50.318358999999994, -28.699229499204666], [-50.318201699999975, -28.69928459920467], [-50.3175665, -28.699873199204667], [-50.31677109999998, -28.700314799204644], [-50.31593379999998, -28.700606499204635], [-50.31512980000002, -28.700973199204654], [-50.31414250000001, -28.701178499204662], [-50.31325729999998, -28.70150169920462], [-50.313318700000025, -28.70230049920459], [-50.313011000000024, -28.70305709920462], [-50.31253989999998, -28.703810899204598], [-50.31234009999997, -28.704580699204566], [-50.31189769999998, -28.705282899204533], [-50.31126949999998, -28.705928199204564], [-50.31102729999998, -28.706688999204506], [-50.31027030000001, -28.7072782992045], [-50.309502099999975, -28.707730399204536], [-50.30870709999999, -28.708320899204498], [-50.307799999999986, -28.70837609920452], [-50.307988799999976, -28.70930319920452], [-50.30824069999999, -28.710084099204494], [-50.30836249999998, -28.710872499204452], [-50.308414700000014, -28.712058099204416], [-50.30806910000001, -28.712804999204423], [-50.30708859999999, -28.71293279920441], [-50.30643250000003, -28.713502899204396], [-50.30606460000001, -28.714357299204412], [-50.30550610000001, -28.71500359920436], [-50.30504289999998, -28.71576399920436], [-50.304514400000016, -28.716675899204354], [-50.30366909999997, -28.716341899204338], [-50.30286289999998, -28.71597699920438], [-50.30205840000002, -28.71582189920435], [-50.302004599999975, -28.715029799204405], [-50.3022292, -28.714180799204414], [-50.30202700000001, -28.71339439920445], [-50.30245989999997, -28.712700199204402], [-50.30283889999998, -28.71193879920442], [-50.303079099999984, -28.71112749920443], [-50.302839500000005, -28.710316799204445], [-50.30242659999999, -28.70958689920446], [-50.301920199999984, -28.708894799204487], [-50.30169219999999, -28.708118399204487], [-50.300865499999986, -28.707734999204533], [-50.30090569999999, -28.70693499920451], [-50.3004272, -28.706222799204518], [-50.29971069999999, -28.705717399204584], [-50.2991922, -28.705062899204528], [-50.29860200000002, -28.70507549920459], [-50.29767199999998, -28.705309799204567], [-50.296822899999995, -28.705648999204552], [-50.29638929999999, -28.70634059920452], [-50.29575920000002, -28.706935999204514], [-50.294915, -28.70721249920455], [-50.29401849999999, -28.707105799204545], [-50.293132500000006, -28.706968399204527], [-50.29276110000001, -28.706217099204547], [-50.29268120000001, -28.705392299204586], [-50.29201469999998, -28.70484319920459], [-50.29124580000001, -28.704275499204574], [-50.29060509999999, -28.70365479920456], [-50.29013689999999, -28.702884699204635], [-50.28935180000002, -28.70230549920464], [-50.28854039999999, -28.701806199204633], [-50.28777680000002, -28.70128759920464], [-50.287051399999996, -28.700784499204637], [-50.28620860000001, -28.700336699204623], [-50.28506470000002, -28.70046559920461], [-50.284144500000025, -28.700618899204635], [-50.28272199999998, -28.700679099204645], [-50.28184479999999, -28.700428399204664], [-50.28094809999998, -28.700491999204633], [-50.28040850000002, -28.70112449920462], [-50.27962539999998, -28.701724599204617], [-50.27868160000002, -28.701894199204645], [-50.27835640000001, -28.70114879920462], [-50.278294200000005, -28.70021309920463], [-50.27789530000001, -28.699433999204654], [-50.27755509999997, -28.698650299204672], [-50.27708460000002, -28.69788179920469], [-50.27630240000003, -28.697296699204685], [-50.27540320000003, -28.696996299204727], [-50.27441140000002, -28.697080099204694], [-50.2736673, -28.697551999204666], [-50.272690800000014, -28.697384799204706], [-50.27173970000001, -28.697155599204677], [-50.27090490000001, -28.696594399204688], [-50.27033069999999, -28.69597489920473], [-50.2693802, -28.696112499204744], [-50.2684941, -28.695793399204735], [-50.267834400000034, -28.69522399920473], [-50.266959199999974, -28.69499539920473], [-50.2662904, -28.695593699204743], [-50.26537080000003, -28.695950299204714], [-50.264769, -28.696561699204736], [-50.264285099999995, -28.697359699204693], [-50.26381509999999, -28.698042499204675], [-50.262969399999974, -28.69845689920468], [-50.26201529999998, -28.698557399204702], [-50.261380900000006, -28.69777789920469], [-50.2608146, -28.69709959920471], [-50.25997760000001, -28.696728999204716], [-50.25879900000002, -28.696892299204706], [-50.25789020000003, -28.696943899204708], [-50.257041300000026, -28.697339199204706], [-50.256306600000016, -28.697887599204687], [-50.25558080000001, -28.698396399204665], [-50.25532020000003, -28.698707699204665], [-50.25503950000001, -28.699467299204645], [-50.254707800000006, -28.700219799204664], [-50.253836999999976, -28.700413999204674], [-50.252914799999985, -28.700590399204657], [-50.25212049999998, -28.700172599204635], [-50.25166810000002, -28.700867199204648], [-50.25103309999997, -28.70150169920462], [-50.250375399999996, -28.702069799204622], [-50.24967570000002, -28.702731399204605], [-50.2487749, -28.702823499204623], [-50.24895040000001, -28.703633099204588], [-50.248966600000024, -28.704454299204574], [-50.248436799999986, -28.70540119920454], [-50.24782959999999, -28.706123599204556], [-50.24752510000002, -28.706948199204533], [-50.247298, -28.70778859920453], [-50.246950500000025, -28.708566399204496], [-50.24618479999998, -28.709083199204503], [-50.24553959999997, -28.7096598992045], [-50.244693400000024, -28.710039599204503], [-50.24403219999999, -28.71062939920447], [-50.24311979999999, -28.711020099204447], [-50.24254029999997, -28.711767099204422], [-50.2425184, -28.712557699204417], [-50.2425303, -28.714183699204376], [-50.24202250000002, -28.71492459920441], [-50.241388900000004, -28.71552519920439], [-50.240572799999995, -28.71516569920439], [-50.23976959999999, -28.71480929920441], [-50.239757699999984, -28.714811699204372], [-50.239673100000005, -28.71482809920437], [-50.23892919999997, -28.7151629992044], [-50.238120200000026, -28.715641699204365], [-50.23820349999999, -28.716433699204348], [-50.23760770000001, -28.717067499204337], [-50.23690570000002, -28.717716499204332], [-50.2361497, -28.718268399204327], [-50.23522159999999, -28.71807039920433], [-50.234405100000004, -28.717615899204343], [-50.23371809999997, -28.717061699204333], [-50.232775100000026, -28.716982999204394], [-50.23190249999999, -28.717367799204318], [-50.23187580000001, -28.71818909920436], [-50.23172490000002, -28.718971999204328], [-50.231360900000034, -28.719927699204337], [-50.23079189999998, -28.720570099204256], [-50.22998089999999, -28.721125499204298], [-50.22900720000001, -28.721234399204288], [-50.22868319999998, -28.721971499204262], [-50.2285018, -28.72281919920425], [-50.22755110000003, -28.723255299204254], [-50.226943000000006, -28.722666299204263], [-50.22603099999998, -28.722542999204222], [-50.22589190000002, -28.723352199204264], [-50.2252565, -28.723964599204205], [-50.2242771, -28.723741899204228], [-50.2234742, -28.723379199204242], [-50.22288099999997, -28.722778799204256], [-50.222115599999995, -28.72230979920426], [-50.221183, -28.722155499204245], [-50.220578699999976, -28.721471299204296], [-50.220364700000005, -28.721124999204246], [-50.21993379999998, -28.720413699204293], [-50.219319600000006, -28.71968349920429], [-50.219184299999995, -28.718865399204354], [-50.219193700000005, -28.717726199204364], [-50.2189487, -28.71679469920434], [-50.2186362, -28.715896499204348], [-50.21830829999999, -28.716109399204374], [-50.217676900000015, -28.71672089920434], [-50.21706419999998, -28.717316099204353], [-50.216589899999974, -28.718018599204335], [-50.21623269999997, -28.718763499204343], [-50.215486199999994, -28.719307099204283], [-50.214614299999994, -28.71896619920433], [-50.213685699999985, -28.71907529920431], [-50.213313400000004, -28.719846899204303], [-50.21252980000003, -28.72029729920432], [-50.211550699999975, -28.720170999204292], [-50.210762300000006, -28.720668999204268], [-50.20980639999999, -28.720622599204304], [-50.2088167, -28.7204083992043], [-50.20790290000002, -28.72041189920428], [-50.20699250000001, -28.72062379920428], [-50.20586029999998, -28.720680599204254], [-50.20559179999998, -28.721475299204283], [-50.205561699999976, -28.722496799204244], [-50.20551599999999, -28.72333819920424], [-50.2049983, -28.724020799204233], [-50.20450069999998, -28.72472029920422], [-50.203990499999975, -28.725417099204233], [-50.2030355, -28.72548689920422], [-50.20226709999997, -28.724958199204213], [-50.201715999999976, -28.72430339920421], [-50.20135570000002, -28.723535499204257], [-50.200556199999994, -28.723121799204254], [-50.199654599999974, -28.72291469920424], [-50.198753099999976, -28.722829099204265], [-50.197813, -28.72286969920423], [-50.1969909, -28.72322799920424], [-50.196211500000004, -28.72373539920424], [-50.19571989999997, -28.724404799204212], [-50.194840399999975, -28.724732399204214], [-50.19401529999999, -28.724323999204245], [-50.19312630000002, -28.72443769920423], [-50.19270979999999, -28.7251719992042], [-50.191974000000016, -28.72562539920422], [-50.19146460000002, -28.726403699204173], [-50.19136930000002, -28.727234199204176], [-50.190496800000005, -28.726965599204203], [-50.18985020000002, -28.726372299204172], [-50.18956789999998, -28.725614299204228], [-50.18865, -28.725305299204216], [-50.188077299999975, -28.72466889920421], [-50.188009799999975, -28.723856599204204], [-50.18728379999999, -28.723257299204242], [-50.18633429999999, -28.723453999204246], [-50.18564400000002, -28.724013399204214], [-50.18467070000003, -28.7241844992042], [-50.1838037, -28.723767499204236], [-50.182890999999984, -28.723558199204252], [-50.18196760000001, -28.72356799920423], [-50.181170899999984, -28.723944199204237], [-50.180199200000004, -28.72416939920422], [-50.17927229999999, -28.72434109920422], [-50.17912039999999, -28.72356159920421], [-50.17873659999998, -28.72276179920425], [-50.17842810000002, -28.72195209920427], [-50.1776337, -28.721365499204264], [-50.17699399999997, -28.720811799204267], [-50.176253799999984, -28.720320799204316], [-50.175646900000004, -28.719731999204324], [-50.17508750000001, -28.71907469920434], [-50.17496399999999, -28.718271599204318], [-50.174647400000026, -28.71751159920437], [-50.17391359999999, -28.717007799204328], [-50.17383100000001, -28.717007599204344], [-50.172826799999996, -28.717022699204318], [-50.17189350000001, -28.716790299204362], [-50.1713876, -28.716102599204373], [-50.1706863, -28.715534399204415], [-50.169712600000025, -28.715343899204374], [-50.16865760000002, -28.71529869920439], [-50.16795000000002, -28.714752399204407], [-50.167518400000006, -28.714003699204365], [-50.16776010000001, -28.713187299204424], [-50.168244200000004, -28.712522299204423], [-50.16810190000001, -28.711737299204433], [-50.16722440000001, -28.711562699204446], [-50.1664136, -28.711174499204482], [-50.16582210000001, -28.711172399204468], [-50.164892699999996, -28.711501099204472], [-50.163957900000014, -28.71163889920447], [-50.16304309999998, -28.711449599204435], [-50.16198259999999, -28.711456999204454], [-50.161020099999966, -28.711266199204463], [-50.16007469999999, -28.711039099204452], [-50.1594149, -28.71046389920444], [-50.1584828, -28.710428999204442], [-50.15766930000001, -28.710879899204464], [-50.15674689999997, -28.71077089920446], [-50.155887699999994, -28.710359499204447], [-50.15485860000001, -28.7100481992045], [-50.15426009999999, -28.70945289920445], [-50.15349070000002, -28.708730999204494], [-50.152609299999995, -28.708945999204524], [-50.151681499999995, -28.70928299920453], [-50.15128149999998, -28.710031999204492], [-50.15067909999999, -28.71069779920446], [-50.15022649999998, -28.711391799204456], [-50.14957390000001, -28.712091399204464], [-50.149256700000024, -28.712893499204426], [-50.14848690000002, -28.71350119920442], [-50.14801399999999, -28.714187799204396], [-50.14755409999998, -28.71491549920441], [-50.146719899999994, -28.714532799204363], [-50.14578310000002, -28.714451199204373], [-50.145090799999984, -28.71389979920439], [-50.1445304, -28.713255199204415], [-50.14376709999999, -28.71280999920442], [-50.14280230000003, -28.71256339920446], [-50.14282250000002, -28.713331499204397], [-50.1424159, -28.714143599204405], [-50.141451200000006, -28.714280299204386], [-50.140720499999986, -28.71474999920437], [-50.14002570000002, -28.71538179920438], [-50.13969370000001, -28.716317399204343], [-50.13892809999999, -28.71683439920433], [-50.13860360000001, -28.717630499204315], [-50.13780839999998, -28.718096199204325], [-50.1369019, -28.718130799204307], [-50.13581629999999, -28.718688299204317], [-50.135479799999985, -28.71943749920433], [-50.13538699999998, -28.720256199204293], [-50.13532070000002, -28.721125499204298], [-50.13519309999999, -28.721925899204237], [-50.134608199999995, -28.722561199204222], [-50.13488810000001, -28.72335929920427], [-50.135208499999976, -28.724155899204263], [-50.13463919999998, -28.72476919920423], [-50.13375899999999, -28.725167299204223], [-50.1329596, -28.725602399204213], [-50.132038799999975, -28.725294799204182], [-50.131307600000014, -28.724865499204228], [-50.13042089999998, -28.725011599204223], [-50.12952730000001, -28.72532899920419], [-50.12857279999997, -28.725362899204193], [-50.127680699999985, -28.72564019920419], [-50.12763130000002, -28.725667299204197], [-50.127338699999996, -28.72592589920419], [-50.12692850000002, -28.72665169920416], [-50.12613099999999, -28.727026199204186], [-50.12639569999999, -28.72780129920417], [-50.126326999999996, -28.72859999920412], [-50.12574919999997, -28.72921629920416], [-50.12493940000002, -28.7295664992041], [-50.12401920000002, -28.72987009920416], [-50.12318640000001, -28.730293199204112], [-50.1224431, -28.730831999204117], [-50.121908399999995, -28.73158939920411], [-50.121647300000014, -28.732343399204073], [-50.12139430000001, -28.733103899204064], [-50.12101560000003, -28.733863699204033], [-50.12030470000002, -28.734449199204015], [-50.120561399999985, -28.735296799204036], [-50.12055400000003, -28.736155199203992], [-50.11958709999999, -28.736102499204023], [-50.1187491, -28.735817899203987], [-50.1187491, -28.735817999204023], [-50.11829920000003, -28.736401999204006], [-50.11700509999997, -28.737498699203993], [-50.1159682, -28.738091199203968], [-50.114333800000004, -28.738997699203992], [-50.1136821, -28.73957519920394], [-50.11302219999998, -28.740122499203927], [-50.11200860000003, -28.739910399203936], [-50.1110127, -28.740155099203925], [-50.1101549, -28.739761399203964], [-50.109787200000035, -28.739013399203934], [-50.10944749999999, -28.738232499203967], [-50.108584399999984, -28.737650499203955], [-50.10780360000001, -28.73694959920401], [-50.10713470000002, -28.73617359920399], [-50.10596959999998, -28.734371899204035], [-50.10533220000002, -28.733501299204075], [-50.10401890000003, -28.731836299204087], [-50.102999599999976, -28.73034909920412], [-50.10238750000001, -28.729342299204124], [-50.101808199999994, -28.728303599204157], [-50.100368100000026, -28.725255499204213], [-50.09902899999997, -28.723105099204236], [-50.098124600000006, -28.721928299204272], [-50.09690940000002, -28.720528799204292], [-50.096088099999974, -28.719706199204325], [-50.09488540000002, -28.71892189920432], [-50.094537600000024, -28.718193699204306], [-50.093639199999984, -28.71787029920434], [-50.09276990000001, -28.71740399920433], [-50.09196859999997, -28.71700799920438], [-50.091971899999976, -28.71724209920438], [-50.09196480000003, -28.718280899204352], [-50.09151989999999, -28.719045599204335], [-50.09087740000001, -28.719660099204305], [-50.08994180000002, -28.719752399204307], [-50.08914249999998, -28.7201932992043], [-50.08898599999998, -28.721041999204292], [-50.088447299999984, -28.72167429920429], [-50.0876442, -28.722029699204263], [-50.08704460000001, -28.72262419920424], [-50.0862988, -28.723305899204252], [-50.0853252, -28.72343559920425], [-50.084501699999976, -28.723793699204222], [-50.08391310000002, -28.724508099204193], [-50.083760900000016, -28.72501929920419], [-50.08310999999998, -28.72573589920421], [-50.0825117, -28.726410899204208], [-50.08171210000001, -28.72683979920418], [-50.081230500000004, -28.72763949920418], [-50.08092629999999, -28.728451799204166], [-50.080195600000025, -28.729000599204138], [-50.07953889999999, -28.729564099204133], [-50.07916979999999, -28.73032459920414], [-50.07852759999997, -28.730943999204122], [-50.077635699999966, -28.731263699204096], [-50.07702130000002, -28.731864899204094], [-50.07666619999998, -28.73263669920407], [-50.07636150000002, -28.733435299204054], [-50.07561529999998, -28.733795799204042], [-50.0747839, -28.73416859920402], [-50.07448160000001, -28.73492829920401], [-50.07375510000003, -28.73570489920399], [-50.072840600000006, -28.73588009920399], [-50.07193109999997, -28.736050299204006], [-50.07103760000002, -28.73637659920403], [-50.07043970000001, -28.736985399203967], [-50.06941330000001, -28.737224499204018], [-50.06893480000002, -28.73648399920403], [-50.068237099999976, -28.73591949920403], [-50.06738680000001, -28.735507399204046], [-50.06689260000002, -28.73484639920402], [-50.0662021, -28.734176999204042], [-50.06541950000002, -28.733654899204037], [-50.064702899999986, -28.733123899204074], [-50.06399959999999, -28.733620699204078], [-50.06316240000001, -28.733906899204083], [-50.062336800000026, -28.734358099204044], [-50.06177439999999, -28.73373519920406], [-50.060825500000014, -28.73382319920407], [-50.059940900000015, -28.73401579920406], [-50.05902209999999, -28.73401319920404], [-50.058016000000016, -28.73382349920408], [-50.057464700000025, -28.734465299204057], [-50.05660080000001, -28.734789399204058], [-50.055685600000004, -28.734696699204008], [-50.05475319999999, -28.73453799920402], [-50.05402989999999, -28.735084899204047], [-50.05369139999999, -28.735819299204014], [-50.05389880000001, -28.736586099204004], [-50.05385260000003, -28.737411799204], [-50.0532996, -28.738078999204006], [-50.05268339999998, -28.738779799203947], [-50.051690699999995, -28.73867489920395], [-50.05165579999999, -28.738776799203954], [-50.051162999999974, -28.739439599203983], [-50.05066729999998, -28.740143299203936], [-50.05015819999999, -28.740841799203928], [-50.050565800000015, -28.741582199203904], [-50.05038459999998, -28.74238699920393], [-50.050032999999985, -28.743160099203898], [-50.05056669999998, -28.74389899920387], [-50.050724100000025, -28.744677299203836], [-50.04978729999999, -28.744832399203876], [-50.04898209999999, -28.745275099203873], [-50.04800449999999, -28.745402399203833], [-50.04731859999998, -28.745954799203837], [-50.04647670000003, -28.74645429920381], [-50.04560980000002, -28.746902699203847], [-50.0453746, -28.7476933992038], [-50.04479190000001, -28.748389199203817], [-50.04391950000002, -28.74871179920381], [-50.04298310000001, -28.74894399920378], [-50.0420019, -28.7490719992038], [-50.04121079999999, -28.749568599203755], [-50.04046599999998, -28.750047099203783], [-50.039471900000024, -28.750312799203787], [-50.038597700000025, -28.75057689920376], [-50.03763350000003, -28.75084579920373], [-50.0367076, -28.750891599203733], [-50.03651280000003, -28.750907599203753], [-50.0357813, -28.751392199203742], [-50.03536129999998, -28.75214829920372], [-50.034822899999995, -28.7527797992037], [-50.03395849999998, -28.753063199203698], [-50.033431199999995, -28.753733799203726], [-50.03276010000001, -28.754382499203714], [-50.03193670000002, -28.754805099203693], [-50.03121909999999, -28.755282199203688], [-50.03036559999999, -28.755670299203686], [-50.029518800000005, -28.756029899203643], [-50.02867629999997, -28.75657819920364], [-50.02805289999998, -28.757172299203628], [-50.02724619999998, -28.757563899203607], [-50.027552300000025, -28.758277999203642], [-50.028156000000024, -28.758892899203595], [-50.02836989999997, -28.759757799203584], [-50.0283263, -28.760945299203577], [-50.02795800000002, -28.761707099203573], [-50.02730580000002, -28.762295099203577], [-50.0271474, -28.763151399203558], [-50.02749799999998, -28.76397439920351], [-50.02788420000002, -28.764726899203534], [-50.02834130000003, -28.765519999203473], [-50.02791180000003, -28.76625809920349], [-50.027518799999996, -28.76701559920345], [-50.026719300000025, -28.76742359920343], [-50.025906299999974, -28.766874799203453], [-50.025113499999975, -28.76647919920347], [-50.0242839, -28.76679669920346], [-50.0236893, -28.76743509920346], [-50.0236966, -28.768242199203417], [-50.023872600000004, -28.76901549920346], [-50.023511799999994, -28.76975839920343], [-50.022888000000016, -28.7704105992034], [-50.022013800000025, -28.770895099203422], [-50.021025699999996, -28.770909499203423], [-50.02013099999999, -28.77081549920342], [-50.01927970000002, -28.770397499203415], [-50.01843350000002, -28.77012389920339], [-50.01754089999997, -28.770030199203422], [-50.016706899999974, -28.76964469920343], [-50.0163713, -28.76916919920345], [-50.01589369999999, -28.768438699203433], [-50.015953000000025, -28.76763939920346], [-50.015807300000006, -28.766776499203463], [-50.01519200000001, -28.766130999203458], [-50.01431150000002, -28.765800999203503], [-50.01350830000001, -28.765368899203494], [-50.01255930000002, -28.764850499203522], [-50.012226399999975, -28.764061099203516], [-50.0117348, -28.763400499203517], [-50.01078230000002, -28.76320159920354], [-50.01001719999999, -28.763660899203522], [-50.00904630000002, -28.76383569920354], [-50.00853239999998, -28.763143799203547], [-50.00777770000002, -28.762490899203534], [-50.00730060000001, -28.761807899203568], [-50.006353499999996, -28.76165699920358], [-50.006130799999994, -28.760857199203556], [-50.005963399999985, -28.760053099203585], [-50.00511640000002, -28.75956109920359], [-50.00430970000003, -28.759209399203574], [-50.003702499999974, -28.758621199203613], [-50.00292280000002, -28.758155699203606], [-50.00189669999998, -28.757849499203648], [-50.000923899999975, -28.75783769920362], [-50.00003850000002, -28.757459599203628], [-49.999398299999996, -28.75678629920364], [-49.99864359999998, -28.756199699203687], [-49.99779000000001, -28.75592789920369], [-49.99683349999998, -28.755890399203675], [-49.99557290000002, -28.75589529920368], [-49.99419039999999, -28.755897299203674], [-49.994059900000025, -28.75595759920366], [-49.9932493, -28.756470599203656], [-49.99249579999997, -28.75595509920366], [-49.99216009999998, -28.755132099203713], [-49.99149249999999, -28.754553199203674], [-49.99050410000001, -28.754552299203684], [-49.989711399999976, -28.754942699203692], [-49.98897629999999, -28.755406299203685], [-49.988000899999975, -28.755572999203697], [-49.98731079999999, -28.755016399203672], [-49.98674829999999, -28.754370099203708], [-49.98638849999997, -28.753601699203696], [-49.9856795, -28.75303279920374], [-49.984669, -28.75286539920374], [-49.98417030000002, -28.75356879920369], [-49.983567900000025, -28.754187499203695], [-49.98271749999997, -28.75445759920371], [-49.98180769999999, -28.75421769920372], [-49.98094489999999, -28.753940499203704], [-49.98013250000002, -28.753514699203695], [-49.979232000000025, -28.7535508992037], [-49.97835550000002, -28.75314199920374], [-49.97728749999999, -28.752970499203723], [-49.9766707, -28.753561799203702], [-49.975880700000005, -28.753937099203682], [-49.97489719999999, -28.754073499203717], [-49.974342700000015, -28.7547601992037], [-49.973471399999994, -28.75502279920369], [-49.97249529999999, -28.75550879920365], [-49.9716775, -28.75586689920367], [-49.97074880000002, -28.755716999203674], [-49.969851300000016, -28.755538299203685], [-49.96892079999998, -28.75531099920368], [-49.96828670000002, -28.754672699203706], [-49.96786259999999, -28.7539184992037], [-49.96709579999998, -28.753369299203683], [-49.966392600000006, -28.752877699203715], [-49.96541189999999, -28.75275369920375], [-49.96447840000002, -28.752531199203755], [-49.963676599999985, -28.752160299203737], [-49.962958800000024, -28.751548799203768], [-49.96202290000002, -28.751316399203763], [-49.96128570000002, -28.750718699203745], [-49.96040449999998, -28.750527999203737], [-49.95985000000002, -28.749905999203783], [-49.959449199999995, -28.750129099203747], [-49.95944859999997, -28.750131299203787], [-49.95938589999997, -28.75019719920377], [-49.95932319999998, -28.750263099203746], [-49.95927599999998, -28.750278699203783], [-49.95898649999997, -28.750521099203777], [-49.958114099999996, -28.75071689920375], [-49.957205699999975, -28.750635099203762], [-49.95630360000001, -28.75048669920377], [-49.955573300000026, -28.75002779920376], [-49.95460939999998, -28.750434999203737], [-49.95461799999998, -28.750788099203774], [-49.9546077, -28.751580799203737], [-49.954660999999994, -28.752369999203722], [-49.9548355, -28.753156899203738], [-49.95479799999998, -28.753945699203676], [-49.954622700000016, -28.754742699203703], [-49.953865500000006, -28.755181399203696], [-49.95327090000001, -28.755776099203658], [-49.95318900000001, -28.756570299203677], [-49.95333140000002, -28.75737059920364], [-49.95366749999999, -28.758119899203624], [-49.953295500000024, -28.758844899203602], [-49.95299479999999, -28.759587099203575], [-49.95258580000001, -28.760303399203593], [-49.952402500000005, -28.761080499203565], [-49.95192750000001, -28.761754199203533], [-49.951510299999995, -28.762453899203578], [-49.95111589999999, -28.763190999203545], [-49.95116710000002, -28.76398439920355], [-49.95177860000002, -28.76456989920353], [-49.952299400000015, -28.76521879920351], [-49.95318020000002, -28.76541889920349], [-49.953916400000026, -28.765904399203496], [-49.954783299999974, -28.766190199203464], [-49.95497310000002, -28.76697969920344], [-49.95485609999997, -28.76778519920345], [-49.954942000000024, -28.768582699203467], [-49.95585599999999, -28.768674899203443], [-49.95669429999998, -28.76838779920347], [-49.9575825, -28.768557599203447], [-49.958383000000026, -28.76894509920343], [-49.95889330000001, -28.769610599203443], [-49.9594692, -28.77023129920339], [-49.96020179999999, -28.770687199203405], [-49.96103929999999, -28.77102729920341], [-49.96166549999998, -28.77161669920337], [-49.961978999999985, -28.77235739920335], [-49.961739200000004, -28.77313519920337], [-49.96156619999999, -28.773915199203326], [-49.9619186, -28.774642299203315], [-49.96224419999999, -28.77539149920334], [-49.96159849999998, -28.775951599203296], [-49.96092299999998, -28.776470799203327], [-49.96159419999998, -28.777014799203307], [-49.9621358, -28.7776596992033], [-49.96257919999999, -28.778362099203253], [-49.962437799999975, -28.779148199203267], [-49.96178930000003, -28.779720899203216], [-49.96142789999999, -28.780447299203217], [-49.96096970000002, -28.781136599203236], [-49.96077070000002, -28.781915999203225], [-49.959948999999995, -28.782277399203203], [-49.95921809999999, -28.782742599203193], [-49.95877089999999, -28.783443399203183], [-49.95843509999997, -28.78418109920317], [-49.958260499999994, -28.784956099203143], [-49.9585778, -28.785713099203154], [-49.95919550000002, -28.78628499920315], [-49.959531399999996, -28.78701929920311], [-49.95944750000001, -28.78780419920309], [-49.95944859999998, -28.788606199203095], [-49.95922730000001, -28.789373299203092], [-49.9590948, -28.790167299203063], [-49.95927599999999, -28.79095079920307], [-49.95900160000002, -28.791702699203004], [-49.95895289999999, -28.792503399203003], [-49.95872800000001, -28.79327489920297], [-49.958715499999975, -28.794086799202994], [-49.958770000000015, -28.794894099202992], [-49.958980699999984, -28.795682799202982], [-49.95932049999999, -28.79641659920294], [-49.95960359999997, -28.797169699202904], [-49.95991559999999, -28.79791439920294], [-49.959997499999986, -28.797974199202915], [-49.960885700000006, -28.797847799202923], [-49.96175340000002, -28.798079099202916], [-49.962510699999996, -28.79850369920293], [-49.962839499999966, -28.79925389920291], [-49.963000599999994, -28.800028399202866], [-49.96257000000003, -28.80072669920286], [-49.96277800000002, -28.801497899202882], [-49.96316489999999, -28.802225599202835], [-49.963347999999996, -28.80300319920281], [-49.96321719999998, -28.803782699202824], [-49.96295199999997, -28.80456179920279], [-49.9625059, -28.805267899202782], [-49.962242899999985, -28.806030999202793], [-49.962609799999996, -28.80675939920274], [-49.963516200000015, -28.806874599202775], [-49.96431469999999, -28.80727879920276], [-49.96497479999999, -28.80783699920275], [-49.9657287, -28.808290799202748], [-49.965727800000025, -28.809081699202697], [-49.9649263, -28.809442399202744], [-49.96415990000003, -28.80989319920268], [-49.96463849999998, -28.810573699202717], [-49.964628000000005, -28.81137389920265], [-49.96496560000003, -28.812105599202663], [-49.965159700000015, -28.812878499202668], [-49.96526540000002, -28.813660899202656], [-49.96549140000002, -28.814434199202626], [-49.96549620000002, -28.8144732992026], [-49.965522899999996, -28.814490199202645], [-49.96564250000001, -28.815285299202642], [-49.96576010000001, -28.816082099202617], [-49.96615939999998, -28.816813799202567], [-49.96625810000001, -28.817611499202567], [-49.966069600000026, -28.818393499202575], [-49.965835099999985, -28.819172099202547], [-49.96604480000003, -28.81996489920253], [-49.96606700000001, -28.82077249920249], [-49.96589460000001, -28.8215539992025], [-49.96576520000002, -28.822352399202487], [-49.96549049999998, -28.823125399202457], [-49.96494860000002, -28.823764999202453], [-49.96519269999999, -28.824527199202432], [-49.9657158, -28.82518919920245], [-49.96625719999997, -28.825817699202453], [-49.96716570000002, -28.825975299202405], [-49.9668711, -28.82671889920242], [-49.966479900000024, -28.82743369920238], [-49.966537899999985, -28.828236499202394], [-49.966785200000004, -28.82899889920236], [-49.966505100000006, -28.82975669920238], [-49.965648999999985, -28.830026999202328], [-49.96479840000001, -28.83028849920235], [-49.96406669999999, -28.83074579920234], [-49.96346840000001, -28.83135119920231], [-49.96255880000001, -28.831459599202347], [-49.96165389999999, -28.83141469920232], [-49.961371600000014, -28.83216219920236], [-49.96093350000001, -28.8328726992023], [-49.96005280000002, -28.83308999920234], [-49.9601897, -28.833189299202314], [-49.96056170000003, -28.83392049920226], [-49.960545799999984, -28.83471829920229], [-49.959996900000014, -28.835357799202253], [-49.9595539, -28.83605539920227], [-49.959749699999975, -28.83682989920224], [-49.959971800000005, -28.837598099202193], [-49.960819500000014, -28.837909899202227], [-49.961637100000026, -28.83826819920224], [-49.96218249999999, -28.838908699202193], [-49.9627428, -28.83952449920218], [-49.963065900000004, -28.840261499202168], [-49.963026300000024, -28.841066999202177], [-49.96253359999997, -28.84174389920213], [-49.96210589999998, -28.842455899202143], [-49.961353299999985, -28.842889099202104], [-49.96074729999998, -28.843493099202117], [-49.96114699999998, -28.844217799202134], [-49.961648500000024, -28.844879799202094], [-49.962017100000025, -28.845619899202052], [-49.9624293, -28.84633289920206], [-49.962595599999986, -28.84712039920205], [-49.962283300000024, -28.847573999202055], [-49.96178839999999, -28.848236899202053], [-49.962087800000006, -28.848989099202004], [-49.962649899999974, -28.849638499202037], [-49.96279659999999, -28.850424899202014], [-49.962793299999994, -28.851216399201988], [-49.96254429999999, -28.851989699201965], [-49.962534600000026, -28.852793299201927], [-49.96249749999999, -28.85359169920192], [-49.961936700000024, -28.85423009920192], [-49.961177099999986, -28.8546706992019], [-49.960331800000006, -28.854971299201907], [-49.95946800000002, -28.855249199201914], [-49.958713400000015, -28.855678399201903], [-49.95787089999999, -28.855965299201888], [-49.95710939999998, -28.85641799920191], [-49.95621060000002, -28.85655559920186], [-49.9562105, -28.85655559920186], [-49.95627250000001, -28.856777899201873], [-49.9565293, -28.857546699201876], [-49.95619909999999, -28.85828229920185], [-49.95613320000001, -28.85908209920187], [-49.95656580000002, -28.859773199201847], [-49.95741160000001, -28.860089299201853], [-49.95803380000001, -28.860659899201785], [-49.95818600000001, -28.861456499201775], [-49.958691699999974, -28.862118999201794], [-49.95947419999999, -28.862529499201784], [-49.96033619999997, -28.862806999201766], [-49.96088780000002, -28.86342939920174], [-49.96152619999998, -28.86399119920174], [-49.96235849999999, -28.864322199201762], [-49.9629453, -28.86493799920174], [-49.963749199999995, -28.865299999201728], [-49.964592900000014, -28.86561789920175], [-49.965186800000026, -28.86620969920173], [-49.9659304, -28.866673699201687], [-49.966792500000004, -28.8669386992017], [-49.96758890000001, -28.86731619920171], [-49.96837290000002, -28.867706699201676], [-49.969009700000015, -28.868265899201663], [-49.969292300000006, -28.869019099201676], [-49.969256400000006, -28.86980899920163], [-49.9696323, -28.870542999201643], [-49.96995449999997, -28.87129309920163], [-49.96979270000003, -28.872086999201642], [-49.96944109999998, -28.872810899201585], [-49.968915900000006, -28.87347139920163], [-49.96953780000002, -28.874066499201607], [-49.96944800000001, -28.87486629920158], [-49.96973939999998, -28.87561549920154], [-49.970534799999996, -28.87598429920158], [-49.971413900000016, -28.876166599201518], [-49.97196380000002, -28.876790699201553], [-49.97260649999998, -28.87735329920151], [-49.97309869999998, -28.87803619920151], [-49.97332669999997, -28.8787978992015], [-49.97367809999997, -28.879545599201457], [-49.97355709999999, -28.880337399201444], [-49.97373700000003, -28.88110869920149], [-49.973946000000005, -28.881890199201436], [-49.974230999999975, -28.88264849920146], [-49.9738097, -28.88334869920142], [-49.973031100000014, -28.883761099201426], [-49.9721849, -28.884066699201416], [-49.97247759999999, -28.88481209920137], [-49.97243459999999, -28.885612799201372], [-49.972195899999974, -28.8863920992014], [-49.972219300000006, -28.887195599201338], [-49.9721634, -28.887992699201316], [-49.97184490000001, -28.888737399201357], [-49.97098260000001, -28.888990099201333], [-49.97008249999999, -28.8891780992013], [-49.969252600000004, -28.889480599201324], [-49.96844909999999, -28.88986029920132], [-49.967549599999984, -28.889895399201304], [-49.96667450000001, -28.88964449920129], [-49.965866999999996, -28.889269499201326], [-49.96496969999998, -28.889457299201318], [-49.964698100000014, -28.89021179920128], [-49.964136199999984, -28.890855499201276], [-49.963611199999995, -28.891515799201258], [-49.9629466, -28.892050599201273], [-49.96230589999998, -28.891490999201256], [-49.96148149999999, -28.89111869920128], [-49.9605866, -28.890953499201306], [-49.959699199999996, -28.890804399201272], [-49.958796199999995, -28.89076599920127], [-49.9580745, -28.890278499201315], [-49.95729319999998, -28.8898490992013], [-49.95647980000001, -28.88950079920132], [-49.95566170000001, -28.889169399201347], [-49.95556540000001, -28.889217499201305], [-49.95502340000001, -28.88985369920131], [-49.9550294, -28.890665699201296], [-49.95487259999999, -28.89144509920128], [-49.953981899999974, -28.89164679920126], [-49.953356600000006, -28.892218599201254], [-49.953096500000015, -28.892975499201228], [-49.952816299999995, -28.89372309920123], [-49.9519684, -28.89399189920123], [-49.951958699999985, -28.894782899201214], [-49.951442799999995, -28.89545669920122], [-49.9509708, -28.89613149920123], [-49.95105109999997, -28.896924099201172], [-49.951867100000015, -28.89726159920115], [-49.952767600000016, -28.89706369920117], [-49.95343120000001, -28.897597799201197], [-49.95337269999999, -28.89838349920118], [-49.95322540000001, -28.89917989920112], [-49.954127700000015, -28.898994499201162], [-49.95505250000002, -28.898565899201156], [-49.95561559999998, -28.899212099201154], [-49.95611889999998, -28.899872799201166], [-49.95622930000002, -28.89984629920112], [-49.957088100000014, -28.899544599201146], [-49.957894399999994, -28.899193999201174], [-49.95859580000001, -28.899702299201135], [-49.959014000000025, -28.90041349920115], [-49.95972929999999, -28.900891799201123], [-49.95966820000001, -28.90169279920109], [-49.95934140000003, -28.902443899201067], [-49.95908989999998, -28.90322619920109], [-49.958732199999986, -28.903953199201062], [-49.95859500000001, -28.90473609920103], [-49.9588991, -28.905477999201047], [-49.95901140000001, -28.906264999201035], [-49.959277999999976, -28.907037299201022], [-49.95976619999999, -28.907705299200966], [-49.960602199999975, -28.90804959920102], [-49.96111719999999, -28.90871179920097], [-49.960655599999996, -28.90939799920098], [-49.9603846, -28.91015339920097], [-49.96089840000002, -28.91082059920096], [-49.961159699999996, -28.911589799200932], [-49.96173570000001, -28.912207099200916], [-49.96217389999999, -28.91290039920092], [-49.96301399999999, -28.913202199200903], [-49.96389859999999, -28.913348299200894], [-49.96380499999998, -28.91415569920087], [-49.963985200000025, -28.914943699200855], [-49.96389770000002, -28.91574899920085], [-49.96405140000001, -28.916532099200822], [-49.96470790000001, -28.917102999200825], [-49.96537330000001, -28.917633899200816], [-49.96609080000002, -28.91813029920079], [-49.9669753, -28.91830649920084], [-49.96782680000001, -28.91862419920081], [-49.96870940000002, -28.918460499200798], [-49.969615499999975, -28.918554699200833], [-49.96957290000001, -28.918706399200833], [-49.969492600000024, -28.919510199200776], [-49.96942360000003, -28.9203091992008], [-49.969609400000024, -28.921093499200737], [-49.97007230000003, -28.921775899200743], [-49.970538999999974, -28.922457699200727], [-49.970607700000016, -28.92325939920073], [-49.9703571, -28.92403609920073], [-49.96960660000002, -28.924482599200683], [-49.96880110000001, -28.924859099200678], [-49.968162199999995, -28.925450199200675], [-49.9672908, -28.925687799200677], [-49.96644850000001, -28.925973299200688], [-49.96555510000002, -28.92609999920068], [-49.96465599999999, -28.926221799200672], [-49.96374179999998, -28.92612499920069], [-49.962854600000014, -28.926277199200676], [-49.96223830000002, -28.926852399200637], [-49.9617432, -28.927529299200643], [-49.96200290000001, -28.92828949920064], [-49.9619745, -28.929097199200612], [-49.961980400000016, -28.929313099200616], [-49.962015800000025, -28.92946809920062], [-49.96202249999999, -28.92949669920062], [-49.9615278, -28.930170799200585], [-49.96065809999999, -28.930404999200597], [-49.9598302, -28.930744999200588], [-49.95910020000002, -28.931204899200583], [-49.958223299999986, -28.931434399200572], [-49.95822900000001, -28.932219299200543], [-49.95847980000002, -28.933000199200535], [-49.95878090000002, -28.933756299200567], [-49.95907440000002, -28.934507399200506], [-49.959024399999976, -28.93530749920053], [-49.95877860000001, -28.936066799200496], [-49.95923479999999, -28.93675409920046], [-49.959513500000014, -28.937526799200487], [-49.959620099999995, -28.937708099200464], [-49.959650899999986, -28.937936599200466], [-49.95922380000002, -28.938632499200434], [-49.95908830000002, -28.93943149920044], [-49.95888409999998, -28.940226499200413], [-49.9586266, -28.94098399920043], [-49.958234300000015, -28.94171869920042], [-49.9582676, -28.942513499200405], [-49.95850330000002, -28.94329479920037], [-49.958714199999974, -28.944069899200347], [-49.958706199999995, -28.94487329920033], [-49.95826119999998, -28.945557699200325], [-49.957719999999995, -28.9462128992003], [-49.95801110000002, -28.94697579920033], [-49.95840500000003, -28.947702399200306], [-49.958784700000024, -28.9484392992003], [-49.9589838, -28.949219599200266], [-49.958918400000016, -28.95001799920025], [-49.95842069999998, -28.950693899200207], [-49.95775259999999, -28.951232599200246], [-49.9570367, -28.951750099200243], [-49.95725129999999, -28.952532999200233], [-49.957535399999976, -28.953291699200225], [-49.95690730000001, -28.953860199200196], [-49.95666499999999, -28.954631699200167], [-49.95698700000003, -28.955386799200156], [-49.95713430000001, -28.956187299200153], [-49.95775409999999, -28.956786799200117], [-49.95830280000002, -28.95743519920014], [-49.958966100000005, -28.957983399200106], [-49.9596454, -28.95861609920007], [-49.9594242, -28.95940909920011], [-49.959243500000014, -28.960487899200043], [-49.95917789999999, -28.961951199200033], [-49.959348499999976, -28.963526099200042], [-49.95946659999999, -28.964497199199986], [-49.95907990000001, -28.96529199919996], [-49.95818009999999, -28.965199299199984], [-49.95766329999998, -28.965849099199996], [-49.95685090000001, -28.96547649920002], [-49.956014499999974, -28.965154399200014], [-49.95510089999999, -28.965198299199994], [-49.95454849999998, -28.96581839919996], [-49.95368889999998, -28.96557519919997], [-49.952771199999965, -28.965603399200003], [-49.9518779, -28.96574929920001], [-49.951052499999996, -28.96539259919996], [-49.95026469999999, -28.964972499199988], [-49.94940839999999, -28.964725399200024], [-49.94851049999999, -28.964689199200006], [-49.94798589999999, -28.964041799200032], [-49.94808549999999, -28.963259599200036], [-49.94734959999999, -28.962775899200032], [-49.94646210000002, -28.96292099920003], [-49.94647320000002, -28.963716199200046], [-49.94622600000003, -28.964494999199992], [-49.945499100000006, -28.96498129919997], [-49.94458159999999, -28.96504249919997], [-49.944098100000026, -28.96570769919999], [-49.94393289999999, -28.966501899199994], [-49.943559300000004, -28.967223799199957], [-49.94344000000002, -28.968015699199952], [-49.94330359999997, -28.968797099199953], [-49.94331030000001, -28.96959219919992], [-49.94289859999998, -28.970297899199895], [-49.94240789999998, -28.970966999199867], [-49.94184790000003, -28.971598499199903], [-49.94149349999998, -28.972338899199887], [-49.94067269999999, -28.972711099199884], [-49.94065840000002, -28.97273939919988], [-49.940678100000014, -28.972747599199856], [-49.94152780000002, -28.973022099199834], [-49.942428199999995, -28.973153899199847], [-49.9427986, -28.973873099199828], [-49.942762800000025, -28.97465869919984], [-49.94264559999999, -28.975447799199802], [-49.942395999999974, -28.976227199199784], [-49.94222330000002, -28.977012599199814], [-49.941585299999986, -28.97757859919979], [-49.940921600000024, -28.978125399199783], [-49.94098059999998, -28.97891659919974], [-49.94098279999997, -28.979719899199758], [-49.94117230000001, -28.98050309919974], [-49.941487100000025, -28.981258999199735], [-49.94196369999998, -28.981941899199676], [-49.94274600000001, -28.9823444991997], [-49.943594299999965, -28.98260649919966], [-49.94421479999999, -28.98317969919967], [-49.94476470000001, -28.98383879919966], [-49.94510120000001, -28.98459179919963], [-49.945802800000024, -28.98512189919966], [-49.946479700000005, -28.98564449919961], [-49.946716400000014, -28.98640639919964], [-49.94715389999999, -28.987102199199583], [-49.947510599999994, -28.9872369991996], [-49.94819410000002, -28.98775389919956], [-49.94842060000002, -28.988527599199582], [-49.9482921, -28.98931979919956], [-49.947986000000014, -28.990085799199523], [-49.94765710000002, -28.990841899199562], [-49.947893299999976, -28.991603799199538], [-49.94833920000002, -28.992298199199514], [-49.948705700000005, -28.993039499199515], [-49.94886300000002, -28.993815099199495], [-49.949069, -28.99458549919951], [-49.94924090000001, -28.995379499199483], [-49.949089300000026, -28.996170599199477], [-49.94971620000001, -28.996761999199432], [-49.950299400000006, -28.997360599199418], [-49.951042700000016, -28.997848899199425], [-49.95178520000002, -28.998297499199392], [-49.95259609999999, -28.99863669919943], [-49.953181400000005, -28.999251799199424], [-49.95407030000002, -28.999421699199424], [-49.95498500000002, -28.999339699199403], [-49.95574800000003, -28.999762399199398], [-49.95630840000001, -29.000379399199357], [-49.95670480000001, -29.00109529919934], [-49.95736499999998, -29.001629999199324], [-49.957976900000006, -29.002227699199334], [-49.95754360000001, -29.002916399199343], [-49.95761099999998, -29.003717799199332], [-49.957991600000014, -29.004444499199288], [-49.958320300000025, -29.005184599199293], [-49.95831099999998, -29.005986899199257], [-49.95807689999999, -29.00675809919928], [-49.95802309999999, -29.007559899199236], [-49.95891940000001, -29.007495899199245], [-49.959391100000005, -29.006824399199292], [-49.96016129999998, -29.00640339919929], [-49.96107890000001, -29.00627059919927], [-49.96191190000002, -29.00660899919929], [-49.96279249999997, -29.006807799199255], [-49.96370070000001, -29.006873899199274], [-49.96447810000001, -29.00726899919927], [-49.96517619999997, -29.00776799919924], [-49.96598779999999, -29.00740009919924], [-49.9668952, -29.007503099199262], [-49.967794500000025, -29.00766899919927], [-49.968523000000005, -29.008130499199233], [-49.96912099999997, -29.008720899199247], [-49.96948889999999, -29.00945579919923], [-49.96933969999998, -29.01002769919923], [-49.969785, -29.010721899199215], [-49.969994299999996, -29.01149449919921], [-49.96992979999999, -29.012298699199146], [-49.969748700000025, -29.013069799199137], [-49.969899699999985, -29.01385189919916], [-49.96923579999998, -29.014398999199148], [-49.96893790000002, -29.015156199199094], [-49.969454600000006, -29.015817499199137], [-49.968958199999975, -29.01647369919909], [-49.968046500000014, -29.016593899199062], [-49.96742189999998, -29.017162699199044], [-49.967010500000015, -29.017876399199057], [-49.96637750000003, -29.01844609919908], [-49.96699360000003, -29.019020699199046], [-49.96785460000001, -29.019313699199046], [-49.968708900000024, -29.019566399199014], [-49.96960969999998, -29.019671099199016], [-49.97010829999999, -29.020329699199017], [-49.96983649999999, -29.02110189919903], [-49.969626000000005, -29.021878199198994], [-49.97033420000003, -29.022381999198977], [-49.970859399999995, -29.023043699198993], [-49.971559199999994, -29.023574199198958], [-49.97245750000002, -29.023437199198963], [-49.973193400000014, -29.023893699198936], [-49.97399819999998, -29.02424339919895], [-49.974899600000015, -29.024305399198962], [-49.97577230000002, -29.024504799198933], [-49.9766224, -29.024216199198985], [-49.97745939999999, -29.023924599198953], [-49.97807219999999, -29.02334959919899], [-49.97886970000002, -29.02294899919896], [-49.97970170000003, -29.02264639919897], [-49.98044679999998, -29.022192799199008], [-49.98129290000003, -29.021911599199008], [-49.9819751, -29.021396099199013], [-49.982517599999994, -29.02203609919898], [-49.982914999999984, -29.022759399198964], [-49.98268150000001, -29.023538699198983], [-49.98271440000003, -29.023558299198964], [-49.98341609999999, -29.023961099198978], [-49.98409149999998, -29.02448229919894], [-49.985147700000034, -29.02492509919896], [-49.985720699999995, -29.025555099198957], [-49.98651829999999, -29.02593529919894], [-49.98717820000002, -29.02648669919894], [-49.987861699999996, -29.02700189919894], [-49.98781330000003, -29.02729699919888], [-49.987282100000016, -29.02801419919886], [-49.9868234, -29.02869709919887], [-49.98684050000003, -29.02948679919885], [-49.98678330000001, -29.03028119919884], [-49.98598459999999, -29.029889199198877], [-49.98513140000001, -29.02962679919888], [-49.98445110000001, -29.02911049919887], [-49.98365580000001, -29.028738899198892], [-49.98287349999998, -29.028344899198867], [-49.981973700000026, -29.02826559919888], [-49.981115300000006, -29.028507599198896], [-49.980406599999974, -29.028994699198872], [-49.97995880000002, -29.029676699198852], [-49.97923530000003, -29.030149399198876], [-49.978334399999994, -29.030212599198876], [-49.977472499999976, -29.02994289919885], [-49.97660550000001, -29.02973149919889], [-49.97592709999998, -29.029209599198882], [-49.97500839999998, -29.029228299198884], [-49.974241, -29.029639399198885], [-49.97333090000001, -29.02958999919885], [-49.972643500000004, -29.029074799198867], [-49.97248350000001, -29.028296899198867], [-49.9716105, -29.028101099198903], [-49.971196700000014, -29.028803099198875], [-49.97034550000001, -29.029081599198875], [-49.969650899999976, -29.029583299198887], [-49.96942769999999, -29.03035649919885], [-49.96887240000001, -29.030975399198837], [-49.9684158, -29.031662099198837], [-49.96824170000002, -29.03244889919883], [-49.96755530000001, -29.032988799198808], [-49.96672610000001, -29.033302099198814], [-49.96598999999998, -29.033784199198816], [-49.9651857, -29.034134099198795], [-49.96438669999997, -29.034502099198775], [-49.96370489999998, -29.03503119919876], [-49.963255000000004, -29.035725599198734], [-49.963299800000016, -29.035811399198746], [-49.9639376, -29.036368299198738], [-49.96472779999999, -29.036757299198722], [-49.96522729999998, -29.037434199198742], [-49.965507499999994, -29.038184099198734], [-49.96596660000001, -29.038873499198733], [-49.96623290000002, -29.039645399198672], [-49.96661169999999, -29.04036289919866], [-49.96571210000002, -29.040201899198685], [-49.96489350000002, -29.03985919919871], [-49.96398579999999, -29.0398022991987], [-49.96313170000002, -29.04007059919866], [-49.962217399999986, -29.039955099198675], [-49.961802499999976, -29.039236199198694], [-49.96090500000002, -29.0391792991987], [-49.96001660000001, -29.03940509919871], [-49.95913460000003, -29.039617799198666], [-49.95825839999998, -29.039875899198705], [-49.95742969999998, -29.040235899198702], [-49.95700340000002, -29.04093969919869], [-49.957800700000014, -29.04134109919868], [-49.95871060000002, -29.041399499198672], [-49.95962530000003, -29.04145429919865], [-49.960051799999974, -29.04215749919862], [-49.96006, -29.042951799198658], [-49.96070209999999, -29.043501199198605], [-49.961190199999976, -29.044175899198642], [-49.96128670000002, -29.044968199198628], [-49.9615255, -29.045742999198602], [-49.962373300000024, -29.046010899198567], [-49.96324090000002, -29.046241999198582], [-49.964152000000006, -29.04611479919857], [-49.965072799999966, -29.046165899198584], [-49.965861099999984, -29.046571799198563], [-49.966729999999984, -29.04633109919855], [-49.96764539999998, -29.04632859919856], [-49.96843319999999, -29.046727999198538], [-49.96871329999999, -29.047489399198568], [-49.968559500000026, -29.04826899919855], [-49.968440699999974, -29.049048599198525], [-49.96878129999999, -29.049781199198495], [-49.96944130000003, -29.050351499198484], [-49.97034689999999, -29.050410299198504], [-49.97116729999999, -29.05077739919851], [-49.9710723, -29.051561799198485], [-49.97207150000003, -29.052232799198485], [-49.97292199999999, -29.052512399198474], [-49.97349580000002, -29.053140299198446], [-49.973931799999995, -29.053827299198474], [-49.97444919999998, -29.054488599198454], [-49.9751392, -29.05500049919843], [-49.97579860000002, -29.055564999198424], [-49.97640999999999, -29.0561567991984], [-49.976760099999986, -29.056892599198417], [-49.97731440000001, -29.05753539919838], [-49.97767240000002, -29.05827659919837], [-49.97856630000001, -29.058379399198348], [-49.979478599999986, -29.05844799919836], [-49.98039560000001, -29.058407999198355], [-49.980983400000014, -29.05902339919836], [-49.98183180000001, -29.05928809919835], [-49.98187169999999, -29.059282699198327], [-49.98234109999998, -29.059188099198327], [-49.98322289999999, -29.05897509919835], [-49.984129499999995, -29.059010099198392], [-49.98503729999999, -29.05885579919835], [-49.985816800000016, -29.059271199198353], [-49.9863656, -29.059905899198327], [-49.987095700000005, -29.060371299198312], [-49.98800619999998, -29.06024229919836], [-49.98883749999999, -29.059930999198347], [-49.98952259999999, -29.059401299198345], [-49.990378899999996, -29.059656199198354], [-49.99093979999998, -29.060277299198322], [-49.99148880000001, -29.060917799198347], [-49.992292099999986, -29.061311899198333], [-49.993203900000026, -29.061329699198307], [-49.9941187, -29.061289699198287], [-49.994941600000004, -29.061652999198287], [-49.9952897, -29.062392599198308], [-49.995696399999986, -29.0631125991983], [-49.995880699999994, -29.06389409919829], [-49.99654090000001, -29.06444379919825], [-49.99720769999999, -29.06500639919826], [-49.99810259999999, -29.064852399198266], [-49.998623899999984, -29.065515599198275], [-49.999287100000004, -29.064960799198246], [-50.00005249999998, -29.064507499198257], [-50.000922800000005, -29.064268499198285], [-50.00178069999998, -29.064531399198277], [-50.0022609, -29.06522349919825], [-50.003151600000024, -29.065382299198248], [-50.0039084, -29.06494209919824], [-50.00476329999998, -29.064626899198274], [-50.00558100000001, -29.064268799198246], [-50.00647950000002, -29.064444699198276], [-50.00643500000002, -29.06524059919822], [-50.006392300000016, -29.066026099198215], [-50.006400499999984, -29.066812999198245], [-50.0069378, -29.067459099198224], [-50.007165499999985, -29.06823609919818], [-50.007360300000016, -29.069013899198183], [-50.00793149999999, -29.069628499198192], [-50.00873139999999, -29.070008799198142], [-50.00963000000002, -29.06992369919816], [-50.0105471, -29.069942699198183], [-50.01136459999998, -29.0702799991982], [-50.012258299999985, -29.07047189919813], [-50.013006800000035, -29.07092789919816], [-50.01386050000002, -29.07117499919813], [-50.01394529999999, -29.071959799198137], [-50.014228, -29.072719499198126], [-50.01456009999998, -29.073473399198114], [-50.014754400000015, -29.0742403991981], [-50.01471049999997, -29.07504499919807], [-50.014693299999976, -29.075853499198068], [-50.01516079999999, -29.076539399198055], [-50.01574219999997, -29.077148299198008], [-50.01639069999999, -29.07771269919803], [-50.01575559999998, -29.07829879919804], [-50.015355399999976, -29.079015099198003], [-50.01486269999998, -29.079700299198016], [-50.01396879999999, -29.079856899197967], [-50.0130441, -29.079816799198], [-50.01211719999998, -29.079836999197987], [-50.011329800000006, -29.080248799197985], [-50.01062039999999, -29.080774399197967], [-50.0097116, -29.080891299198], [-50.008799899999985, -29.08077559919796], [-50.00788519999998, -29.080789099197982], [-50.00672359999999, -29.08169309919795], [-50.0057498, -29.08271969919793], [-50.00524630000001, -29.083673499197904], [-50.004956900000025, -29.084425599197882], [-50.00491349999999, -29.085212599197874], [-50.00520920000002, -29.08596369919787], [-50.004531199999974, -29.08649389919787], [-50.003630799999996, -29.086554199197895], [-50.0028403, -29.086931899197893], [-50.00217420000001, -29.08749739919788], [-50.00170059999999, -29.08817639919786], [-50.000962300000026, -29.088648899197853], [-50.000734099999995, -29.089117199197805], [-50.00077959999999, -29.089918499197832], [-50.00112619999999, -29.090667399197773], [-50.00123860000002, -29.09145819919777], [-50.00108369999998, -29.092231999197793], [-50.00122329999999, -29.093010199197753], [-50.00162879999999, -29.09372719919774], [-50.002498800000005, -29.094005699197766], [-50.00290380000001, -29.094716599197756], [-50.00318470000001, -29.095462599197745], [-50.003284199999996, -29.09625359919772], [-50.003748499999965, -29.0969340991977], [-50.00459380000001, -29.09722599919766], [-50.00502890000001, -29.09793659919771], [-50.00582869999999, -29.098294699197663], [-50.00667299999998, -29.09861769919765], [-50.0070255, -29.09934579919764], [-50.00692550000002, -29.10014679919765], [-50.006887000000006, -29.100941999197595], [-50.00661539999999, -29.101713799197636], [-50.00586900000002, -29.102156899197613], [-50.005860900000016, -29.10296769919761], [-50.00586449999997, -29.103775299197565], [-50.00554699999998, -29.104526399197567], [-50.005335, -29.105293799197575], [-50.005371000000025, -29.105504599197555], [-50.0056844, -29.106023799197544], [-50.005682099999994, -29.106808899197503], [-50.00520280000001, -29.107477799197543], [-50.005982099999976, -29.107868799197522], [-50.00668439999998, -29.108373099197486], [-50.00740960000002, -29.108838799197486], [-50.00831199999999, -29.108874699197496], [-50.00923289999998, -29.1088028991975], [-50.0098246, -29.10939889919746], [-50.0095015, -29.110134899197455], [-50.009506999999985, -29.110926599197487], [-50.00997660000002, -29.112118199197425], [-50.01073769999999, -29.11352239919742], [-50.01128249999999, -29.115451699197376], [-50.01118939999998, -29.11626429919738], [-50.01096569999998, -29.117043899197345], [-50.01118389999999, -29.117258199197323], [-50.011780999999985, -29.11785529919731], [-50.012114, -29.11859849919735], [-50.01263080000001, -29.11925629919733], [-50.01298609999998, -29.119995799197333], [-50.01315230000001, -29.12079379919728], [-50.01309409999999, -29.12158209919728], [-50.012793999999985, -29.122332899197257], [-50.012676399999975, -29.123117299197226], [-50.013347899999985, -29.123664899197227], [-50.0140849, -29.124127599197244], [-50.01480780000002, -29.124613199197213], [-50.01553740000002, -29.125088599197234], [-50.01638409999998, -29.12540089919719], [-50.0173006, -29.125502799197193], [-50.018188099999975, -29.125696399197178], [-50.01904860000002, -29.12594899919719], [-50.01995979999998, -29.126008699197197], [-50.020840400000004, -29.125831299197213], [-50.021725300000014, -29.12610349919719], [-50.0226318, -29.126049999197207], [-50.02354700000001, -29.125934099197192], [-50.024461299999984, -29.125891899197207], [-50.02538980000003, -29.125809299197208], [-50.02629619999999, -29.12579899919717], [-50.027195199999994, -29.12581439919722], [-50.02801290000002, -29.126183499197214], [-50.02821369999998, -29.126954399197167], [-50.0283594, -29.12773379919716], [-50.02844390000001, -29.128529999197166], [-50.028475000000014, -29.129315099197125], [-50.028437499999995, -29.130113999197114], [-50.0283288, -29.130907599197105], [-50.028240900000014, -29.1313314991971], [-50.028026899999986, -29.132107699197096], [-50.02774849999997, -29.13286399919707], [-50.02739380000003, -29.13361059919707], [-50.0269735, -29.134319399197032], [-50.0264851, -29.13499319919703], [-50.02593409999997, -29.135621099197003], [-50.025323300000025, -29.13619869919703], [-50.02464550000002, -29.136727899196995], [-50.02391290000003, -29.137193999197024], [-50.02312060000003, -29.13759559919699], [-50.02228580000002, -29.13792549919698], [-50.02143250000001, -29.138182999197003], [-50.020544900000004, -29.138364699197], [-50.01964299999997, -29.13845609919696], [-50.01874159999999, -29.138490999196968], [-50.017830000000004, -29.138555399196946], [-50.01702280000001, -29.138950399196972], [-50.01699209999998, -29.139749699196933], [-50.01713139999998, -29.140547399196947], [-50.01737919999999, -29.141318499196938], [-50.01755800000001, -29.14210419919692], [-50.01766450000002, -29.142897699196894], [-50.01776389999998, -29.143682599196858], [-50.01777179999999, -29.143681299196917], [-50.01867060000001, -29.143587499196915], [-50.01959040000002, -29.14357659919691], [-50.020486300000016, -29.14364659919689], [-50.021376499999974, -29.143806899196907], [-50.0222435, -29.144055199196917], [-50.0230808, -29.14438849919688], [-50.023857599999985, -29.144790999196864], [-50.024587999999994, -29.145267399196882], [-50.02526910000001, -29.145805599196862], [-50.02588550000001, -29.146400699196857], [-50.026428399999986, -29.147033099196815], [-50.02691670000001, -29.147694899196793], [-50.02735639999998, -29.148402499196777], [-50.027717499999994, -29.149122499196768], [-50.02801440000002, -29.149876399196767], [-50.0282431, -29.15065729919674], [-50.02841699999999, -29.15143469919673], [-50.02854209999999, -29.152244799196744], [-50.02865669999999, -29.153045199196733], [-50.0288162, -29.153819599196737], [-50.02859280000001, -29.154592699196723], [-50.02789100000001, -29.155111599196697], [-50.0277916, -29.155891899196646], [-50.02766759999997, -29.15668499919665], [-50.02759099999997, -29.157483899196645], [-50.027400899999975, -29.158253099196664], [-50.02691609999999, -29.15891999919665], [-50.02615450000002, -29.15935189919661], [-50.026113399999986, -29.16014379919661], [-50.02615930000002, -29.160939999196568], [-50.0270362, -29.161146799196562], [-50.02694139999999, -29.161929899196583], [-50.026302199999975, -29.162511599196577], [-50.026146200000035, -29.16328869919656], [-50.026069800000016, -29.164070899196545], [-50.02517890000002, -29.16420769919655], [-50.02540019999998, -29.164983199196524], [-50.02466340000001, -29.165451499196532], [-50.02432190000002, -29.16619429919649], [-50.02487209999998, -29.166820599196484], [-50.02535440000003, -29.167486599196497], [-50.02604869999999, -29.168005199196458], [-50.0264398, -29.16872649919646], [-50.02712359999998, -29.169255899196443], [-50.02769699999998, -29.169875199196408], [-50.028459999999995, -29.170333399196434], [-50.02898299999998, -29.170977399196456], [-50.029743499999995, -29.171401499196406], [-50.03066910000001, -29.17135749919641], [-50.03156369999999, -29.17144679919642], [-50.032462899999985, -29.171270499196396], [-50.03336389999998, -29.17124389919639], [-50.03424339999998, -29.171047399196446], [-50.03486270000002, -29.171620599196388], [-50.03541469999999, -29.172264499196366], [-50.03598249999999, -29.172883499196402], [-50.0365622, -29.173503899196383], [-50.037101899999975, -29.174158499196334], [-50.037102000000004, -29.174158499196334], [-50.03794549999998, -29.17428529919637], [-50.03798899999998, -29.175087899196342], [-50.038421599999985, -29.175799399196357], [-50.038115, -29.1765371991963], [-50.03831309999998, -29.17732479919632], [-50.03918429999999, -29.177587199196314], [-50.04001249999999, -29.177914099196315], [-50.04048879999999, -29.178587299196288], [-50.041222, -29.17904839919627], [-50.04160389999998, -29.17976629919625], [-50.041970900000024, -29.180497299196265], [-50.04197099999999, -29.180497299196265], [-50.041987199999994, -29.180488499196276], [-50.042293400000005, -29.179744399196274], [-50.04254959999997, -29.17898529919629], [-50.043406699999984, -29.178746299196288], [-50.044026400000014, -29.17816719919631], [-50.044912200000006, -29.178329499196312], [-50.04570339999997, -29.17871749919629], [-50.04662170000001, -29.178717399196252], [-50.047532499999996, -29.178725899196305], [-50.04843360000001, -29.178702499196273], [-50.04928389999998, -29.178409999196276], [-50.05019420000002, -29.178303699196302], [-50.05027589999998, -29.17752159919628], [-50.04974549999997, -29.17687409919634], [-50.04905600000001, -29.176351599196295], [-50.048541, -29.175686299196332], [-50.04795159999997, -29.175086399196356], [-50.04780099999999, -29.174295199196372], [-50.047086099999994, -29.173815899196395], [-50.04648389999999, -29.17322829919638], [-50.04586380000001, -29.172654199196394], [-50.04517010000001, -29.172148499196396], [-50.045174900000006, -29.17134499919638], [-50.04592969999999, -29.170886399196394], [-50.04678860000002, -29.17060289919643], [-50.047675500000025, -29.170390499196422], [-50.04857559999999, -29.170269199196433], [-50.04948059999998, -29.170215899196446], [-50.05040009999999, -29.17023359919645], [-50.05111820000002, -29.16975289919643], [-50.0516227, -29.169100399196452], [-50.052181099999984, -29.16848569919648], [-50.05280770000002, -29.167898199196493], [-50.053485799999976, -29.167373999196467], [-50.05422809999999, -29.16690659919648], [-50.05501650000002, -29.166512399196485], [-50.0558628, -29.166189699196526], [-50.056736600000015, -29.165953599196527], [-50.057627399999994, -29.165814299196526], [-50.05763700000001, -29.16621559919649], [-50.0576489, -29.167017999196464], [-50.05773310000001, -29.167807699196505], [-50.05782160000001, -29.168598699196476], [-50.05800240000002, -29.16939299919646], [-50.05838069999999, -29.170104799196416], [-50.0585294, -29.17088189919641], [-50.05911600000002, -29.17150599919643], [-50.059758699999975, -29.1720799991964], [-50.060447599999975, -29.17258509919639], [-50.06120140000002, -29.173027599196395], [-50.06210520000002, -29.173063199196374], [-50.063020900000026, -29.17306509919636], [-50.06379129999999, -29.172653899196387], [-50.064420600000005, -29.173234199196404], [-50.06522150000001, -29.173590299196377], [-50.06606290000002, -29.17392579919636], [-50.066925000000026, -29.174210099196344], [-50.0678226, -29.17429669919637], [-50.06856399999998, -29.17474979919633], [-50.06883559999999, -29.175504599196355], [-50.06874479999999, -29.17630479919636], [-50.0692444, -29.176977499196337], [-50.070069699999976, -29.177319699196303], [-50.07087289999998, -29.17772109919629], [-50.071660699999995, -29.178111599196313], [-50.0723964, -29.17856679919629], [-50.07323380000002, -29.178861199196255], [-50.073929299999975, -29.17936049919625], [-50.07476780000001, -29.17966589919625], [-50.0747791, -29.178877299196284], [-50.07473399999998, -29.17807429919629], [-50.07495110000002, -29.177313199196334], [-50.075045699999976, -29.17651809919633], [-50.07532739999999, -29.175772999196337], [-50.07540879999999, -29.17497399919637], [-50.07559170000001, -29.17419839919639], [-50.07615700000003, -29.173572799196364], [-50.07667950000001, -29.17292339919639], [-50.07669670000001, -29.172121299196416], [-50.076696700000014, -29.172091499196426], [-50.0758588, -29.17183389919644], [-50.0750779, -29.17141949919643], [-50.07430879999998, -29.170989499196438], [-50.073411899999996, -29.17082279919642], [-50.07250329999999, -29.17070119919642], [-50.072333300000025, -29.169928699196454], [-50.07181669999999, -29.169272499196417], [-50.07102020000002, -29.168908599196463], [-50.071612500000015, -29.168309299196444], [-50.071804999999976, -29.167525899196473], [-50.07109430000003, -29.16703689919651], [-50.07042819999998, -29.166475899196506], [-50.069841800000006, -29.16587789919652], [-50.069309600000004, -29.16522159919651], [-50.068841599999985, -29.16454189919655], [-50.06842150000001, -29.16384749919651], [-50.06840820000003, -29.16382339919656], [-50.0681022, -29.16320109919654], [-50.06781000000001, -29.16245829919659], [-50.06758079999997, -29.161673899196558], [-50.06742600000002, -29.160887899196567], [-50.06733129999997, -29.160104199196585], [-50.0672738, -29.159312699196608], [-50.06729100000001, -29.158430799196662], [-50.0673817, -29.157634099196652], [-50.067541800000015, -29.15685289919665], [-50.06777130000001, -29.156086599196655], [-50.06806960000001, -29.155339899196697], [-50.06844669999998, -29.15459999919672], [-50.0688854, -29.15390499919672], [-50.06938839999998, -29.15324969919673], [-50.06995860000001, -29.152631899196752], [-50.07057420000001, -29.152050299196727], [-50.071238600000015, -29.15151469919676], [-50.071998199999996, -29.151043199196767], [-50.07278839999998, -29.15064249919677], [-50.07368100000002, -29.150477099196753], [-50.074248399999995, -29.151110799196783], [-50.07466069999998, -29.15181939919678], [-50.075124200000005, -29.152512799196735], [-50.075739999999996, -29.153098199196712], [-50.07660179999999, -29.153350299196727], [-50.07697350000001, -29.154069199196698], [-50.07771760000003, -29.15451329919672], [-50.07818320000001, -29.155206199196694], [-50.07897120000001, -29.155618299196693], [-50.07945969999997, -29.155439199196675], [-50.08033660000001, -29.155237899196663], [-50.081238600000006, -29.15517729919668], [-50.08213360000003, -29.155052299196708], [-50.08304629999997, -29.155108599196698], [-50.083933899999984, -29.155242499196678], [-50.084820200000024, -29.155379899196696], [-50.08574570000002, -29.155417499196684], [-50.08574629999998, -29.15541749919669], [-50.08574900000002, -29.155417499196684], [-50.08575739999998, -29.155417499196684], [-50.08577539999999, -29.155417499196684], [-50.08580360000002, -29.155417499196684], [-50.0858384, -29.155417499196684], [-50.085875300000005, -29.155417499196677], [-50.08591200000001, -29.155417499196684], [-50.08594729999998, -29.155417499196684], [-50.08597980000002, -29.155417499196684], [-50.08600969999998, -29.155417499196684], [-50.08603879999998, -29.155417499196677], [-50.08606850000001, -29.155417499196684], [-50.08609849999999, -29.155417399196665], [-50.086127999999974, -29.15541719919667], [-50.0861567, -29.155416899196663], [-50.08618539999998, -29.15541649919668], [-50.08621549999998, -29.15541589919666], [-50.08624639999999, -29.155415299196704], [-50.08627630000001, -29.155414699196694], [-50.08630479999999, -29.155413999196696], [-50.086334799999975, -29.155413299196702], [-50.08636790000003, -29.155412299196726], [-50.086402299999975, -29.15541109919667], [-50.08643499999999, -29.15540929919667], [-50.08646440000001, -29.15540629919667], [-50.0864909, -29.15540099919667], [-50.086515099999986, -29.155391799196707], [-50.08653820000001, -29.155378299196673], [-50.086560899999995, -29.155363399196688], [-50.086583399999995, -29.155352699196662], [-50.086605599999984, -29.155350299196694], [-50.086627899999996, -29.155355099196694], [-50.086652199999996, -29.15536159919667], [-50.08668019999999, -29.155364499196708], [-50.0867116, -29.15536159919667], [-50.086744599999975, -29.155353699196667], [-50.086777900000016, -29.1553436991967], [-50.08681130000002, -29.155334999196675], [-50.08684440000002, -29.155329299196694], [-50.08687720000001, -29.155326099196706], [-50.08691090000003, -29.15532379919671], [-50.08694580000002, -29.15532039919669], [-50.08698040000001, -29.15531399919666], [-50.087012000000016, -29.155303099196704], [-50.08704, -29.15528719919667], [-50.087065300000006, -29.15526719919672], [-50.087088999999985, -29.155245099196687], [-50.087112199999986, -29.155222299196687], [-50.08713519999998, -29.15519939919669], [-50.08715819999997, -29.155176399196712], [-50.08718110000001, -29.155153399196703], [-50.08720410000001, -29.155130499196694], [-50.08722710000001, -29.155107499196678], [-50.08724999999998, -29.155084499196683], [-50.08727299999998, -29.155061599196703], [-50.08729599999998, -29.155038599196715], [-50.08731890000001, -29.15501559919671], [-50.087341900000006, -29.15499269919668], [-50.08736490000001, -29.154969699196677], [-50.08738779999999, -29.154946699196675], [-50.087410799999994, -29.15492379919671], [-50.08743379999999, -29.1549007991967], [-50.08745670000002, -29.154877799196697], [-50.08747970000002, -29.154854899196675], [-50.087502700000016, -29.154831899196672], [-50.08752559999999, -29.154808899196677], [-50.08754859999999, -29.154785999196697], [-50.08757159999999, -29.154762999196702], [-50.08759450000002, -29.154739999196696], [-50.087617500000015, -29.154717099196723], [-50.08764050000002, -29.15469409919667], [-50.0876634, -29.15467109919667], [-50.087686399999996, -29.154648199196703], [-50.087709399999994, -29.154625199196694], [-50.08773230000003, -29.1546021991967], [-50.087755300000026, -29.154579299196726], [-50.08777830000003, -29.15455629919673], [-50.087801199999994, -29.15453329919673], [-50.08782419999999, -29.15451039919669], [-50.0878472, -29.15448739919669], [-50.08787019999999, -29.154464399196694], [-50.08789339999999, -29.154441599196684], [-50.08791730000002, -29.15441949919672], [-50.087942, -29.154399599196676], [-50.087967699999986, -29.154383799196705], [-50.08799479999999, -29.15437299919672], [-50.08802409999998, -29.154366699196736], [-50.0880558, -29.15436339919673], [-50.08808779999998, -29.154361599196715], [-50.088118399999985, -29.154360199196695], [-50.08814869999998, -29.15435859919673], [-50.08818100000002, -29.15435559919668], [-50.08821519999998, -29.15435019919672], [-50.08824920000001, -29.15434209919672], [-50.08828110000002, -29.154332599196678], [-50.088311299999994, -29.154324099196696], [-50.08834050000001, -29.154318099196715], [-50.088368899999985, -29.15431409919672], [-50.08839619999998, -29.15430999919672], [-50.088421700000026, -29.154303499196725], [-50.088445200000024, -29.154292699196688], [-50.08846729999999, -29.15427749919669], [-50.08848899999998, -29.154260299196686], [-50.08851120000003, -29.154244799196707], [-50.08853549999997, -29.15423429919669], [-50.08856359999998, -29.15423049919669], [-50.08859510000002, -29.154233199196735], [-50.088627599999995, -29.154240699196706], [-50.08865830000002, -29.154249999196704], [-50.08868669999998, -29.154258099196706], [-50.088713600000005, -29.154263399196697], [-50.08874070000002, -29.15426639919669], [-50.08876939999999, -29.154267999196712], [-50.08880019999998, -29.15426909919672], [-50.08883220000001, -29.154270099196722], [-50.088865699999985, -29.154271399196734], [-50.08890120000001, -29.15427339919673], [-50.08893710000001, -29.154276799196694], [-50.08896920000001, -29.15428229919669], [-50.08899550000001, -29.154289999196717], [-50.08901809999997, -29.15429869919672], [-50.0890415, -29.154305599196686], [-50.089068499999996, -29.154308199196706], [-50.08909790000001, -29.154305099196698], [-50.08912659999998, -29.154296999196692], [-50.08915300000001, -29.154286099196685], [-50.08917819999999, -29.154274599196714], [-50.089203199999986, -29.154262799196733], [-50.08922719999998, -29.154248799196704], [-50.089249800000005, -29.15423139919673], [-50.08927190000003, -29.15421099919668], [-50.08929410000002, -29.154189799196693], [-50.08931610000002, -29.154171699196713], [-50.08933639999998, -29.154162299196706], [-50.089352899999994, -29.154165899196716], [-50.0893643, -29.15418209919672], [-50.08937070000002, -29.154205799196706], [-50.08937400000002, -29.154232299196696], [-50.089376300000026, -29.15426029919668], [-50.08937980000002, -29.15428949919672], [-50.08938610000002, -29.154318599196724], [-50.08939700000003, -29.154345999196682], [-50.08941299999998, -29.15437119919672], [-50.0894328, -29.15439499919673], [-50.08945410000001, -29.154417899196694], [-50.089474199999984, -29.15443999919673], [-50.08949080000002, -29.15446149919672], [-50.08950229999999, -29.154482999196734], [-50.0895094, -29.154504899196716], [-50.089514800000025, -29.15452779919669], [-50.08952190000002, -29.15455199919672], [-50.08953359999998, -29.15457709919669], [-50.08955020000002, -29.154601599196685], [-50.0895706, -29.154625199196694], [-50.0895928, -29.154648199196703], [-50.0896156, -29.15467109919667], [-50.089638599999994, -29.15469409919667], [-50.08966149999998, -29.154717099196723], [-50.08968449999997, -29.1547399991967], [-50.089707499999975, -29.154762999196702], [-50.08973040000001, -29.15478599919668], [-50.089753400000006, -29.154808899196677], [-50.08977640000001, -29.154831899196672], [-50.08979929999998, -29.154854899196675], [-50.08982229999998, -29.154877799196697], [-50.08984529999998, -29.1549007991967], [-50.08986820000001, -29.154923699196686], [-50.08989120000001, -29.154945699196677], [-50.08991420000001, -29.15496459919672], [-50.08993709999999, -29.154975899196696], [-50.089960099999985, -29.154975899196707], [-50.08998309999998, -29.15496459919672], [-50.090006200000005, -29.154945899196665], [-50.090029800000025, -29.15492459919671], [-50.090054599999974, -29.154904399196717], [-50.090081199999986, -29.154887899196705], [-50.090108999999984, -29.154876599196704], [-50.09013679999998, -29.1548704991967], [-50.090164300000026, -29.154868299196668], [-50.09019230000001, -29.154868799196674], [-50.09022140000002, -29.15487159919667], [-50.09025009999999, -29.154877099196714], [-50.09027659999998, -29.154885299196682], [-50.0903012, -29.154894999196703], [-50.0903265, -29.154904099196717], [-50.09035449999999, -29.15491199919672], [-50.09038479999999, -29.1549199991967], [-50.090414599999974, -29.1549282991967], [-50.09044189999997, -29.154934299196672], [-50.09046799999999, -29.154934499196713], [-50.09049470000003, -29.1549288991967], [-50.0905224, -29.154921499196693], [-50.090550199999996, -29.154915899196688], [-50.09057769999998, -29.15491279919667], [-50.090605700000026, -29.154910399196698], [-50.0906349, -29.15490699919667], [-50.090664100000026, -29.154900599196722], [-50.090691400000026, -29.154889699196698], [-50.09071669999997, -29.154873799196725], [-50.090740400000016, -29.15485399919669], [-50.090763100000004, -29.154832599196716], [-50.09078520000003, -29.1548122991967], [-50.090807900000016, -29.154794899196713], [-50.09083179999999, -29.154780899196695], [-50.09085620000002, -29.154769099196706], [-50.090879400000006, -29.154757699196704], [-50.09090140000001, -29.154746899196713], [-50.09092479999998, -29.15473869919669], [-50.090952000000016, -29.1547356991967], [-50.090982, -29.154739399196682], [-50.09101170000002, -29.154749599196712], [-50.09103879999998, -29.15476409919672], [-50.09106379999997, -29.154779099196688], [-50.09108850000001, -29.15479119919667], [-50.09111339999998, -29.15479929919668], [-50.091139199999986, -29.15480429919672], [-50.09116640000002, -29.154807799196707], [-50.09119529999999, -29.154810599196704], [-50.091225699999995, -29.15481289919672], [-50.091256999999985, -29.15481479919669], [-50.09128879999997, -29.154816099196708], [-50.091320600000024, -29.154817199196728], [-50.09135170000002, -29.154817899196708], [-50.091382099999976, -29.154818499196676], [-50.0914138, -29.154819099196686], [-50.091448199999995, -29.154819499196666], [-50.0914846, -29.154819799196684], [-50.09151939999998, -29.15482009919669], [-50.091550100000006, -29.154820199196713], [-50.09157709999999, -29.154820399196705], [-50.091602799999976, -29.15482049919672], [-50.091618900000014, -29.154820599196693], [-50.09162950000001, -29.154820699196705], [-50.091658499999994, -29.154820999196723], [-50.09168920000002, -29.154821399196702], [-50.09171989999998, -29.154821799196675], [-50.09174949999999, -29.15482219919671], [-50.09177829999999, -29.154822499196715], [-50.091806899999995, -29.154822999196718], [-50.09183569999999, -29.15482339919669], [-50.091864799999996, -29.1548238991967], [-50.09189379999998, -29.154824399196688], [-50.09192239999999, -29.154824999196705], [-50.09195110000002, -29.154825499196708], [-50.09197999999998, -29.154826099196676], [-50.092008599999986, -29.154826799196712], [-50.09203680000001, -29.154827699196687], [-50.092065400000024, -29.154829199196694], [-50.092095400000005, -29.154831799196714], [-50.092126699999994, -29.15483699919667], [-50.09215699999999, -29.154846199196697], [-50.09218459999999, -29.1548605991967], [-50.0922099, -29.154879499196685], [-50.092233599999986, -29.154901099196717], [-50.09225679999997, -29.154923799196695], [-50.09227979999997, -29.154946699196675], [-50.092302700000005, -29.154969699196677], [-50.0923257, -29.154992599196717], [-50.092348699999995, -29.15501549919669], [-50.09237180000002, -29.155037699196683], [-50.09239539999999, -29.155057999196693], [-50.09242030000002, -29.155074499196708], [-50.09244690000003, -29.155085999196675], [-50.09247479999999, -29.155092899196692], [-50.09250309999999, -29.155096999196708], [-50.09253080000002, -29.15510089919667], [-50.092558, -29.155106599196703], [-50.092585499999984, -29.155114499196724], [-50.092614000000026, -29.15512329919671], [-50.092643399999986, -29.1551308991967], [-50.09267269999998, -29.15513609919668], [-50.0927014, -29.15513909919669], [-50.09272950000002, -29.155140499196694], [-50.09275730000002, -29.15514109919667], [-50.092785100000015, -29.15514079919672], [-50.092812700000025, -29.155139899196683], [-50.0928399, -29.155138399196694], [-50.092866500000014, -29.155136399196692], [-50.092892500000005, -29.155133999196664], [-50.09291830000001, -29.1551305991967], [-50.0929438, -29.155124899196654], [-50.0929688, -29.15511499919671], [-50.0929936, -29.155100099196723], [-50.09301850000003, -29.155082899196724], [-50.09304470000001, -29.155068499196716], [-50.093072099999965, -29.155061399196708], [-50.09309990000003, -29.155063299196694], [-50.093126299999994, -29.15507349919671], [-50.093149100000005, -29.155090799196675], [-50.093166199999985, -29.15511369919671], [-50.093177200000014, -29.15514039919668], [-50.09318280000002, -29.15516769919668], [-50.09318459999997, -29.155193999196698], [-50.093184099999974, -29.15521999919667], [-50.09318139999999, -29.155247799196673], [-50.093176099999994, -29.1552779991967], [-50.093168, -29.15530919919666], [-50.093158500000015, -29.15534019919669], [-50.093150200000025, -29.15537019919669], [-50.09314460000001, -29.155398799196696], [-50.093141499999994, -29.15542649919667], [-50.09313909999997, -29.1554544991967], [-50.093135700000005, -29.15548379919671], [-50.09312940000001, -29.155512899196694], [-50.093118600000025, -29.15553999919666], [-50.09310340000002, -29.155564699196695], [-50.093085900000005, -29.155587699196698], [-50.09306939999999, -29.155610699196703], [-50.093055400000026, -29.155634799196662], [-50.09304279999998, -29.155659599196664], [-50.09302880000001, -29.155683699196686], [-50.09301129999999, -29.15570629919669], [-50.092990799999995, -29.15572839919667], [-50.092968600000006, -29.155750799196703], [-50.092945799999995, -29.155773499196698], [-50.092922999999985, -29.15579639919667], [-50.09290069999997, -29.155818599196664], [-50.092878600000006, -29.155839199196677], [-50.09285599999998, -29.155857399196684], [-50.0928323, -29.155873799196673], [-50.09280869999998, -29.155891199196667], [-50.09278790000002, -29.1559120991967], [-50.09277049999998, -29.1559355991967], [-50.092754500000005, -29.15595899919666], [-50.092738199999985, -29.155980799196676], [-50.09272229999999, -29.156001199196663], [-50.09270880000003, -29.156021999196682], [-50.09269870000002, -29.15604489919666], [-50.09269169999999, -29.156070499196684], [-50.0926872, -29.15609809919668], [-50.09268450000002, -29.156126299196668], [-50.09268300000002, -29.1561542991967], [-50.09268220000001, -29.156182199196653], [-50.092681500000026, -29.15620989919669], [-50.092680799999975, -29.15623749919665], [-50.09267990000001, -29.15626479919665], [-50.09267890000001, -29.15629139919666], [-50.092677700000024, -29.156317399196645], [-50.09267599999998, -29.156343099196697], [-50.09267310000001, -29.156368599196668], [-50.092668100000026, -29.156393399196684], [-50.09266170000001, -29.156416699196697], [-50.09265740000001, -29.156437099196673], [-50.09266050000002, -29.15645319919666], [-50.092674300000006, -29.156464899196674], [-50.09269819999997, -29.15647319919666], [-50.09272800000002, -29.15648039919669], [-50.09275880000001, -29.156487899196676], [-50.092787999999985, -29.156495399196647], [-50.092815799999975, -29.156501899196698], [-50.09284439999999, -29.156506899196682], [-50.092874800000004, -29.156510699196676], [-50.092905299999984, -29.15651359919665], [-50.092934300000024, -29.156515499196686], [-50.09296260000002, -29.156516799196698], [-50.092992200000026, -29.156517699196666], [-50.0930227, -29.156518399196642], [-50.093053199999986, -29.156518999196667], [-50.09308390000001, -29.156519399196647], [-50.093115300000015, -29.156519599196695], [-50.0931471, -29.15651969919666], [-50.0931784, -29.156519599196695], [-50.09320869999999, -29.156519299196667], [-50.093239100000005, -29.156518899196644], [-50.093271000000016, -29.156518399196642], [-50.09330369999998, -29.156517699196666], [-50.093335299999985, -29.156517099196638], [-50.09336560000003, -29.156516499196684], [-50.09339729999999, -29.15651569919667], [-50.09343239999998, -29.156514699196677], [-50.09346879999998, -29.156513499196677], [-50.09350339999998, -29.156511699196685], [-50.09353429999999, -29.15650889919668], [-50.09356159999999, -29.156504399196677], [-50.09358600000001, -29.15649779919668], [-50.093609500000014, -29.156490399196667], [-50.09363359999998, -29.156485499196638], [-50.09365810000003, -29.156486099196663], [-50.09368139999997, -29.156492599196643], [-50.093703300000016, -29.15650219919664], [-50.09372669999999, -29.156511599196655], [-50.0937538, -29.156519599196695], [-50.09378340000001, -29.15652769919669], [-50.093812000000014, -29.15653739919666], [-50.09383730000002, -29.156548199196646], [-50.09386000000001, -29.156558699196673], [-50.09388150000001, -29.15656979919667], [-50.09390250000001, -29.156584699196667], [-50.093922299999974, -29.156606399196647], [-50.09393899999998, -29.156634999196662], [-50.09395139999998, -29.15666729919665], [-50.09395919999997, -29.15669939919664], [-50.09396349999998, -29.156728399196677], [-50.09396559999999, -29.15675439919667], [-50.09396670000001, -29.156779999196694], [-50.09396700000002, -29.156807299196682], [-50.093966799999976, -29.156836199196647], [-50.09396629999998, -29.156863999196652], [-50.09396559999999, -29.15688939919668], [-50.09396479999997, -29.15691369919669], [-50.09396379999998, -29.156938899196657], [-50.09396270000002, -29.156965099196643], [-50.093961200000024, -29.15699029919668], [-50.09395840000002, -29.157013799196676], [-50.09395299999999, -29.157036699196656], [-50.093943299999985, -29.15705989919664], [-50.093929, -29.157083699196644], [-50.09391249999999, -29.15710849919666], [-50.093897200000015, -29.15713489919667], [-50.093886199999986, -29.157162699196682], [-50.093880099999986, -29.15719049919667], [-50.093877899999995, -29.157217899196635], [-50.09387850000002, -29.157245999196643], [-50.09388139999999, -29.157275199196665], [-50.093887600000016, -29.157304299196674], [-50.0938984, -29.157331799196662], [-50.09391340000002, -29.15735759919666], [-50.09393030000001, -29.157382199196615], [-50.09394529999998, -29.15740619919668], [-50.093955900000026, -29.157430199196686], [-50.09396220000002, -29.15745569919667], [-50.093965500000024, -29.157482899196648], [-50.093967299999974, -29.15751029919667], [-50.0939687, -29.157536599196664], [-50.093970300000024, -29.157562599196652], [-50.093973300000016, -29.15759009919664], [-50.09397869999998, -29.157619099196626], [-50.093987099999985, -29.15764749919664], [-50.09399739999998, -29.15767459919666], [-50.09400849999997, -29.157700799196625], [-50.09402019999999, -29.157726399196644], [-50.09403420000001, -29.157750699196654], [-50.0940516, -29.157773299196613], [-50.094071999999976, -29.157795399196647], [-50.09409410000001, -29.157817599196637], [-50.0941163, -29.157839699196657], [-50.09413840000002, -29.15786019919667], [-50.094160999999986, -29.157877599196656], [-50.094184900000016, -29.157891499196655], [-50.09420910000001, -29.157903399196655], [-50.09423229999999, -29.15791499919665], [-50.0942546, -29.15792689919666], [-50.094277499999976, -29.15793829919665], [-50.094301200000025, -29.15794949919661], [-50.09432420000002, -29.15796089919662], [-50.09434640000001, -29.15797279919662], [-50.09436959999999, -29.157984399196625], [-50.09439379999998, -29.157996299196626], [-50.09441750000002, -29.15801009919666], [-50.09443950000002, -29.15802669919664], [-50.09446070000001, -29.158044799196677], [-50.094482700000015, -29.15806139919665], [-50.0945064, -29.15807529919664], [-50.09453070000001, -29.158087099196624], [-50.09455380000003, -29.158098699196625], [-50.09457609999998, -29.158110599196636], [-50.09459939999999, -29.158122099196657], [-50.09462430000002, -29.158133199196648], [-50.09465, -29.15814439919666], [-50.09467619999998, -29.158155399196648], [-50.09470320000002, -29.158164299196653], [-50.09473040000001, -29.15816999919662], [-50.0947577, -29.158173099196656], [-50.09478569999999, -29.158175399196644], [-50.09481490000002, -29.158178699196647], [-50.094844200000004, -29.158184299196662], [-50.0948722, -29.15819249919662], [-50.094899399999974, -29.15820209919663], [-50.09492690000001, -29.158210599196664], [-50.094955200000015, -29.158216499196623], [-50.09498339999999, -29.158220499196673], [-50.09501060000002, -29.158224399196634], [-50.09503560000002, -29.15823019919663], [-50.09505830000001, -29.158238499196617], [-50.095080300000006, -29.15824809919662], [-50.095104100000015, -29.15825719919663], [-50.09513149999998, -29.158265099196644], [-50.09516109999998, -29.158273199196636], [-50.095189800000014, -29.158283099196645], [-50.09521619999998, -29.158294399196624], [-50.095241499999986, -29.158305999196617], [-50.095266400000014, -29.158317799196656], [-50.09529040000001, -29.15833179919662], [-50.0953131, -29.158349199196604], [-50.0953351, -29.158369699196616], [-50.09535749999998, -29.15839189919666], [-50.09538029999999, -29.158414599196654], [-50.09540340000001, -29.15843679919665], [-50.09542699999997, -29.158457099196657], [-50.0954519, -29.158473599196615], [-50.09547859999998, -29.158485099196636], [-50.0955065, -29.15849199919666], [-50.09553460000001, -29.158496099196622], [-50.095561799999984, -29.158500099196655], [-50.09558679999998, -29.158505799196636], [-50.09560950000002, -29.158514099196623], [-50.095631500000025, -29.158523699196625], [-50.0956554, -29.158532799196614], [-50.095683, -29.158540699196642], [-50.0957133, -29.158548799196627], [-50.09574359999999, -29.158558499196662], [-50.0957722, -29.158568899196617], [-50.095800000000004, -29.158577899196636], [-50.095828100000006, -29.158583999196647], [-50.095856200000014, -29.158587999196637], [-50.09588339999999, -29.15859209919665], [-50.09590889999998, -29.158598599196637], [-50.0959325, -29.15860949919664], [-50.095955100000026, -29.158625499196663], [-50.09597760000003, -29.158645399196637], [-50.09600039999998, -29.158667499196614], [-50.09602339999998, -29.158690299196614], [-50.096046300000005, -29.158713299196602], [-50.09606910000003, -29.15873609919664], [-50.09609150000001, -29.15875829919661], [-50.0961135, -29.158778799196625], [-50.09613619999999, -29.1587961991966], [-50.096160199999986, -29.158810299196656], [-50.096185100000014, -29.158822899196654], [-50.09620899999999, -29.15883689919661], [-50.09623119999997, -29.15885349919665], [-50.096252400000026, -29.15887139919664], [-50.09627419999998, -29.158887299196635], [-50.0962983, -29.158899199196636], [-50.09632629999999, -29.158907999196625], [-50.09635739999999, -29.15891609919662], [-50.0963888, -29.158925399196605], [-50.096418299999975, -29.15893519919659], [-50.09644650000001, -29.158943399196627], [-50.096475999999996, -29.15894889919661], [-50.096507599999995, -29.158952099196643], [-50.09653960000003, -29.158953999196623], [-50.096570199999974, -29.15895529919663], [-50.09660050000002, -29.15895689919665], [-50.09663280000001, -29.158959899196635], [-50.096667000000025, -29.158965299196606], [-50.096701, -29.158973399196597], [-50.096732900000006, -29.158982899196637], [-50.09676309999997, -29.158991399196612], [-50.0967923, -29.158997399196604], [-50.09682070000003, -29.159001399196647], [-50.09684800000003, -29.15900549919659], [-50.096873500000015, -29.159011999196633], [-50.0968969, -29.159022799196624], [-50.09691889999999, -29.159037999196627], [-50.09694050000001, -29.159055499196647], [-50.09696300000002, -29.159071999196605], [-50.09698700000001, -29.15908589919661], [-50.097011899999984, -29.159098499196645], [-50.09703589999998, -29.15911259919663], [-50.0970585, -29.159129999196644], [-50.09708039999998, -29.159150399196612], [-50.097102199999995, -29.159171899196615], [-50.097124099999974, -29.159192199196628], [-50.0971467, -29.15920959919662], [-50.097170600000034, -29.15922359919664], [-50.09719510000002, -29.159235399196618], [-50.09721830000001, -29.159246799196627], [-50.09724019999999, -29.159257999196647], [-50.097263699999985, -29.15926759919664], [-50.097290999999984, -29.15927559919661], [-50.09732200000002, -29.159283699196635], [-50.09735439999998, -29.15929339919665], [-50.09738629999998, -29.15930379919659], [-50.09741600000001, -29.15931249919662], [-50.0974415, -29.159317699196592], [-50.09746100000001, -29.15931959919662], [-50.09749690000001, -29.159321899196634], [-50.0974974, -29.159321899196634], [-50.097499700000014, -29.15932139919663], [-50.09750559999998, -29.15931919919665], [-50.09751590000002, -29.159313099196645], [-50.097528399999995, -29.15930099919664], [-50.097539299999994, -29.159283399196617], [-50.097546299999976, -29.15926279919665], [-50.09755000000001, -29.159241199196615], [-50.0975525, -29.159218799196644], [-50.097556, -29.159195399196605], [-50.09756229999999, -29.15917159919659], [-50.0975732, -29.159148599196605], [-50.097589200000016, -29.159126099196605], [-50.0976091, -29.159103499196632], [-50.09763120000002, -29.159080699196615], [-50.09765399999998, -29.15905779919665], [-50.097676999999976, -29.1590347991966], [-50.09769990000001, -29.159011899196624], [-50.09772290000001, -29.158988899196622], [-50.09774590000001, -29.158965899196627], [-50.097769200000016, -29.15894309919662], [-50.097793500000016, -29.15892099919665], [-50.09781930000002, -29.158901099196612], [-50.097846300000015, -29.158885299196648], [-50.09787349999999, -29.15887459919661], [-50.09790029999999, -29.158868499196622], [-50.0979274, -29.158865499196622], [-50.0979562, -29.158864099196645], [-50.097986900000016, -29.158863599196636], [-50.098019000000015, -29.158863899196596], [-50.09805249999999, -29.158864899196647], [-50.09808800000002, -29.15886679919662], [-50.09812390000002, -29.158870299196618], [-50.098156500000016, -29.158876599196617], [-50.0981835, -29.158886799196633], [-50.09820610000003, -29.158901299196646], [-50.09822730000001, -29.158918199196645], [-50.09824930000002, -29.158934299196623], [-50.098273199999994, -29.15894819919662], [-50.09829799999999, -29.158960699196648], [-50.098322100000026, -29.15897479919664], [-50.098344699999984, -29.158992199196632], [-50.09836680000001, -29.15901269919663], [-50.09838910000003, -29.159034999196642], [-50.098411899999974, -29.15905779919665], [-50.098434699999984, -29.159080599196596], [-50.098456999999996, -29.159102899196615], [-50.0984775, -29.159124999196628], [-50.0984949, -29.1591475991966], [-50.09850899999998, -29.159171699196623], [-50.09852160000003, -29.159196499196632], [-50.09853559999999, -29.159220599196647], [-50.098553100000004, -29.15924319919662], [-50.09857340000002, -29.159265099196645], [-50.09859490000002, -29.159286899196612], [-50.09861530000001, -29.15930879919664], [-50.098632699999996, -29.159331399196603], [-50.098646799999976, -29.159355399196603], [-50.09865939999998, -29.159380299196634], [-50.098673399999996, -29.159404299196627], [-50.0986909, -29.159426899196635], [-50.09871140000001, -29.15944899919662], [-50.0987336, -29.159471399196583], [-50.09875629999999, -29.1594941991966], [-50.098778400000015, -29.159516999196615], [-50.09879710000001, -29.159539199196594], [-50.09880770000001, -29.159559499196604], [-50.09880579999998, -29.159575999196633], [-50.098790800000025, -29.1595874991966], [-50.09876700000001, -29.159594399196617], [-50.09873979999998, -29.159598499196626], [-50.09871270000002, -29.159602599196653], [-50.09868760000001, -29.159608999196603], [-50.098665900000015, -29.15961949919663], [-50.098648000000026, -29.159635199196643], [-50.09863430000001, -29.15965629919661], [-50.098624400000006, -29.159681299196606], [-50.09861769999998, -29.1597080991966], [-50.09861360000003, -29.159735299196637], [-50.09861110000003, -29.159763299196634], [-50.098609500000016, -29.15979249919659], [-50.09860850000001, -29.159821499196628], [-50.098607800000025, -29.159849199196607], [-50.09860730000003, -29.159876999196605], [-50.09860689999999, -29.15990679919659], [-50.098606299999965, -29.159938299196632], [-50.098605599999985, -29.159968699196583], [-50.0986049, -29.159996399196622], [-50.098604099999996, -29.160022899196612], [-50.098603200000014, -29.160050399196603], [-50.098602000000035, -29.160078899196595], [-50.09860049999997, -29.160106399196618], [-50.098598200000026, -29.16013189919661], [-50.098594400000025, -29.16015649919663], [-50.09858910000003, -29.16018149919663], [-50.098582799999974, -29.16020789919659], [-50.0985766, -29.160235899196586], [-50.0985713, -29.160264899196616], [-50.098567600000024, -29.160294199196617], [-50.09856509999997, -29.16032449919661], [-50.09856359999998, -29.1603560991966], [-50.098562500000014, -29.16038749919661], [-50.0985619, -29.160417399196565], [-50.09856159999998, -29.160446399196616], [-50.09856159999998, -29.1604748991966], [-50.0985619, -29.160502099196577], [-50.09856230000002, -29.160527599196634], [-50.098562800000025, -29.160552699196582], [-50.09856339999999, -29.160578499196582], [-50.09856419999999, -29.160605799196585], [-50.09856519999999, -29.160635499196605], [-50.098566300000016, -29.160666399196625], [-50.09856780000001, -29.160696199196614], [-50.098570400000035, -29.1607236991966], [-50.098575200000035, -29.16074979919661], [-50.09858259999999, -29.16077509919662], [-50.09859199999999, -29.160800099196603], [-50.09860229999998, -29.160825099196607], [-50.09861369999999, -29.160850199196627], [-50.09862750000002, -29.160874199196627], [-50.09864470000002, -29.160896699196606], [-50.098664600000006, -29.16091799919657], [-50.09868599999999, -29.16093789919661], [-50.09870849999999, -29.160955099196617], [-50.098732499999976, -29.160969099196578], [-50.09875749999998, -29.160980899196616], [-50.09878220000002, -29.160992299196568], [-50.09880679999998, -29.161003299196594], [-50.098832500000015, -29.1610123991966], [-50.09885980000002, -29.161018499196597], [-50.0988878, -29.161022499196594], [-50.0989151, -29.16102639919661], [-50.0989406, -29.161032199196615], [-50.0989649, -29.16104039919659], [-50.098989399999994, -29.16104999919658], [-50.09901559999997, -29.16105849919661], [-50.09904340000002, -29.161064399196572], [-50.09907149999997, -29.16106839919657], [-50.09909870000001, -29.161072299196586], [-50.099123700000014, -29.16107809919659], [-50.099146399999995, -29.16108639919658], [-50.099168399999996, -29.161095999196565], [-50.099192200000005, -29.16110509919657], [-50.09921969999999, -29.16111299919659], [-50.099249499999985, -29.161121099196592], [-50.099278200000015, -29.16113079919661], [-50.09930429999998, -29.16114129919658], [-50.09932980000002, -29.16115089919658], [-50.099357499999996, -29.161158899196565], [-50.09938710000001, -29.161166999196567], [-50.09941570000001, -29.161176899196573], [-50.099442099999976, -29.16118829919659], [-50.099467300000015, -29.161199599196568], [-50.09949180000002, -29.161210699196616], [-50.099515, -29.161221999196602], [-50.09953689999997, -29.161233099196597], [-50.09956030000001, -29.161242699196595], [-50.099587499999984, -29.161250799196587], [-50.09961770000002, -29.161258899196596], [-50.09964789999998, -29.161268599196603], [-50.09967660000001, -29.161278999196572], [-50.09970440000001, -29.161287999196613], [-50.0997324, -29.161294099196603], [-50.0997605, -29.161298099196586], [-50.09978769999997, -29.161301999196567], [-50.09981269999997, -29.161307799196564], [-50.09983540000002, -29.16131599919657], [-50.09985740000001, -29.161325699196606], [-50.099881200000034, -29.161334799196613], [-50.099908700000015, -29.161342699196556], [-50.09993850000001, -29.16135069919659], [-50.09996719999998, -29.161360399196564], [-50.099993299999994, -29.16137099919656], [-50.10001879999998, -29.16138059919656], [-50.1000467, -29.161388599196595], [-50.100077, -29.161396699196604], [-50.1001073, -29.161406399196554], [-50.1001359, -29.16141679919657], [-50.100163699999996, -29.161425799196596], [-50.10019180000001, -29.161431899196607], [-50.10021990000001, -29.161435899196597], [-50.10024709999999, -29.161439999196602], [-50.100272500000024, -29.161446599196562], [-50.100295500000016, -29.161457799196576], [-50.1003157, -29.161474799196593], [-50.1003321, -29.16149679919659], [-50.100343599999974, -29.161521399196598], [-50.10034999999999, -29.161546199196547], [-50.100352799999996, -29.16156979919657], [-50.10035379999999, -29.16159249919656], [-50.10035399999998, -29.16161659919658], [-50.100354100000004, -29.161644599196578], [-50.100354100000004, -29.161676399196555], [-50.100354100000004, -29.161709599196573], [-50.100353999999975, -29.161741099196558], [-50.1003536, -29.161769599196592], [-50.10035269999997, -29.16179639919661], [-50.10035099999999, -29.161822499196596], [-50.100348100000026, -29.161847799196554], [-50.100344199999995, -29.16187199919659], [-50.100339599999984, -29.161896199196583], [-50.100335200000025, -29.16192169919656], [-50.100331600000004, -29.161948199196548], [-50.10032910000001, -29.16197479919656], [-50.10032749999999, -29.162002099196577], [-50.1003265, -29.162030599196545], [-50.10032589999997, -29.162058999196564], [-50.100325399999974, -29.16208609919658], [-50.10032510000001, -29.16211319919659], [-50.10032480000002, -29.162142399196565], [-50.10032430000002, -29.162173099196593], [-50.10032369999999, -29.16220279919656], [-50.100322999999996, -29.162229899196575], [-50.100322300000016, -29.16225569919658], [-50.10032150000001, -29.162282599196594], [-50.10032050000001, -29.162310499196547], [-50.10031909999997, -29.162337399196588], [-50.10031709999999, -29.16236229919656], [-50.10031370000002, -29.1623864991966], [-50.10030920000003, -29.162410799196536], [-50.10030419999998, -29.16243469919658], [-50.100299500000006, -29.16245809919654], [-50.10029559999998, -29.162482199196567], [-50.100292299999985, -29.16250869919655], [-50.100289599999996, -29.162538099196574], [-50.100287700000024, -29.162569299196544], [-50.100286400000016, -29.162600099196595], [-50.10028560000001, -29.162628499196543], [-50.10028510000001, -29.16265469919658], [-50.100284699999975, -29.162680199196572], [-50.10028440000002, -29.162706099196544], [-50.100284199999976, -29.162732399196546], [-50.100283999999995, -29.162758299196575], [-50.10028369999998, -29.16278329919657], [-50.10028340000002, -29.162808499196544], [-50.10028299999999, -29.16283479919654], [-50.10028260000001, -29.162861899196553], [-50.100282100000015, -29.162887999196567], [-50.10028160000002, -29.16291309919658], [-50.100280999999995, -29.16293929919655], [-50.10028030000001, -29.162968299196546], [-50.10027939999998, -29.162998399196546], [-50.10027810000002, -29.16302699919656], [-50.10027589999998, -29.16305269919653], [-50.100272099999984, -29.163075799196555], [-50.10026570000002, -29.163096699196547], [-50.10025689999998, -29.163116599196584], [-50.10024709999999, -29.16313769919655], [-50.10023840000002, -29.16316209919658], [-50.100232000000005, -29.163190599196565], [-50.100227700000005, -29.163221499196574], [-50.10022500000003, -29.16325219919654], [-50.10022350000003, -29.163281199196533], [-50.10022259999999, -29.16330839919656], [-50.10022199999997, -29.163334399196557], [-50.1002216, -29.163360499196557], [-50.10022129999999, -29.163387099196584], [-50.1002211, -29.163413499196533], [-50.10022079999999, -29.16344029919654], [-50.10022049999998, -29.16346889919655], [-50.10021999999998, -29.163499999196564], [-50.100219400000015, -29.16353169919656], [-50.10021879999999, -29.163561099196535], [-50.10021819999997, -29.163587099196516], [-50.10021749999999, -29.163611099196565], [-50.1002168, -29.163636099196562], [-50.100215900000016, -29.163663699196512], [-50.10021469999998, -29.163692399196538], [-50.10021299999999, -29.16371959919652], [-50.100210300000015, -29.163744399196528], [-50.100206000000014, -29.16376769919654], [-50.10019970000002, -29.163791599196568], [-50.100192100000015, -29.163818099196565], [-50.1001852, -29.163847199196564], [-50.100180400000006, -29.16387679919657], [-50.10017779999998, -29.163904199196526], [-50.1001764, -29.163929099196565], [-50.10017499999998, -29.163953299196546], [-50.100172600000015, -29.163979099196546], [-50.1001683, -29.164007099196535], [-50.10016180000002, -29.164036399196522], [-50.10015420000001, -29.164065799196546], [-50.100147499999984, -29.164094699196554], [-50.100143, -29.164122399196533], [-50.100140500000016, -29.164149299196545], [-50.10013859999999, -29.164176599196544], [-50.100135799999975, -29.164205199196566], [-50.100130999999976, -29.164233899196535], [-50.100123800000006, -29.164261499196552], [-50.100115200000005, -29.164287599196562], [-50.10010649999998, -29.164312299196542], [-50.10009739999998, -29.16433529919653], [-50.10008599999998, -29.16435669919652], [-50.100071599999985, -29.16437779919655], [-50.10005610000001, -29.164400199196518], [-50.10004279999998, -29.164424699196516], [-50.10003369999998, -29.164450599196538], [-50.10002850000001, -29.164476699196552], [-50.10002580000002, -29.164502299196517], [-50.10002450000002, -29.164527499196552], [-50.10002370000001, -29.164552399196527], [-50.1000232, -29.16457719919653], [-50.10002259999999, -29.1646018991965], [-50.10002179999998, -29.16462629919653], [-50.10002100000003, -29.164649999196524], [-50.100019900000014, -29.164673299196537], [-50.100018499999976, -29.164696399196544], [-50.100016100000005, -29.164719599196548], [-50.10001190000003, -29.164743399196553], [-50.100005899999985, -29.16476819919655], [-50.099999000000025, -29.164793699196544], [-50.0999931, -29.164819299196505], [-50.09998890000003, -29.164844699196525], [-50.0999865, -29.164869499196527], [-50.09998519999999, -29.164893999196522], [-50.099984399999975, -29.164918299196525], [-50.09998380000002, -29.16494239919649], [-50.09998300000001, -29.16496649919652], [-50.09998200000002, -29.164990199196488], [-50.09998089999999, -29.165013399196543], [-50.09997950000002, -29.16503599919651], [-50.09997770000002, -29.16505849919651], [-50.09997470000002, -29.16508099919651], [-50.099970299999995, -29.165104199196488], [-50.09996460000002, -29.165128599196525], [-50.0999587, -29.16515489919652], [-50.099953700000015, -29.165182899196516], [-50.099949700000025, -29.16521129919652], [-50.09994669999997, -29.165238199196498], [-50.099944300000004, -29.165263399196522], [-50.09994219999999, -29.165289399196528], [-50.09994019999999, -29.165318499196527], [-50.0999385, -29.165349299196514], [-50.099937099999984, -29.16537839919653], [-50.099936300000024, -29.165403999196535], [-50.09993559999998, -29.165427499196532], [-50.09993509999998, -29.165452299196545], [-50.099934500000025, -29.165480799196537], [-50.09993400000001, -29.165512299196497], [-50.09993350000002, -29.165543999196522], [-50.09993309999999, -29.165573699196507], [-50.099932799999976, -29.165600799196508], [-50.09993259999999, -29.16562569919653], [-50.09993239999999, -29.165649099196514], [-50.09993229999998, -29.165672399196527], [-50.09993209999999, -29.165697199196504], [-50.099932000000024, -29.16572379919653], [-50.099932000000024, -29.165750699196508], [-50.099931899999994, -29.165776599196523], [-50.09993179999998, -29.165801599196527], [-50.09993159999999, -29.165827599196515], [-50.099931500000025, -29.16585469919653], [-50.09993120000001, -29.165881699196497], [-50.099931000000026, -29.165908299196524], [-50.09993079999998, -29.165935699196492], [-50.09993050000003, -29.165963699196514], [-50.09993029999998, -29.165990399196506], [-50.099930099999995, -29.166015799196533], [-50.09992979999998, -29.16604279919652], [-50.09992949999997, -29.166072799196492], [-50.09992920000002, -29.16610379919648], [-50.09992890000001, -29.16613259919653], [-50.0999286, -29.166158999196504], [-50.09992829999999, -29.166185999196482], [-50.09992790000001, -29.16621529919647], [-50.09992749999998, -29.166244999196493], [-50.09992710000001, -29.166272699196476], [-50.099926700000026, -29.166298199196532], [-50.09992629999999, -29.166322299196487], [-50.09992569999997, -29.16634599919648], [-50.099924999999985, -29.16637009919649], [-50.09992399999999, -29.166395299196477], [-50.09992269999997, -29.166420399196497], [-50.09992080000001, -29.166444199196487], [-50.09991789999998, -29.166467899196476], [-50.0999137, -29.16649369919648], [-50.0999086, -29.16652229919649], [-50.099903900000015, -29.166552999196522], [-50.099900400000024, -29.166584399196463], [-50.09989830000001, -29.166615699196512], [-50.099897100000014, -29.166646499196503], [-50.09989639999998, -29.166677099196516], [-50.09989580000001, -29.166707499196473], [-50.099895100000026, -29.16673779919652], [-50.099894199999994, -29.16676769919647], [-50.099893099999974, -29.166796899196502], [-50.09989180000002, -29.16682539919649], [-50.09989009999998, -29.166853699196484], [-50.09988729999997, -29.16688139919652], [-50.09988299999998, -29.166908099196494], [-50.099877100000015, -29.166933399196502], [-50.09987030000002, -29.166958299196455], [-50.099863400000004, -29.16698519919649], [-50.099857499999985, -29.167015499196488], [-50.09985310000002, -29.16704829919647], [-50.09985039999998, -29.167080399196468], [-50.099848899999984, -29.167109399196498], [-50.099848099999974, -29.1671353991965], [-50.09984780000001, -29.167160999196504], [-50.099847899999986, -29.167188299196507], [-50.09984830000002, -29.167217199196465], [-50.099848899999984, -29.16724509919649], [-50.09984960000002, -29.16727049919646], [-50.09985039999998, -29.167294699196493], [-50.09985130000001, -29.167319899196478], [-50.0998525, -29.167346099196457], [-50.09985399999999, -29.1673712991965], [-50.09985660000001, -29.167394799196483], [-50.09986120000002, -29.167417499196475], [-50.09986679999997, -29.16743979919649], [-50.09986939999999, -29.167460299196502], [-50.09986379999998, -29.167476899196483], [-50.099847599999976, -29.167488199196455], [-50.099823500000014, -29.167494999196457], [-50.099796200000014, -29.16749909919647], [-50.0997691, -29.16750319919648], [-50.09974360000001, -29.167509699196465], [-50.09972010000001, -29.167520699196494], [-50.09969760000001, -29.167536799196473], [-50.09967599999999, -29.167557199196455], [-50.09965620000003, -29.167579999196462], [-50.0996404, -29.167603499196453], [-50.09962960000001, -29.167626999196457], [-50.099623399999984, -29.167650599196485], [-50.099620300000026, -29.167672799196463], [-50.099619000000025, -29.167691199196458], [-50.09961770000002, -29.1677277991965], [-50.09961820000001, -29.1677277991965], [-50.099620200000004, -29.1677282991965], [-50.09962610000002, -29.167730299196496], [-50.09963749999997, -29.16773619919645], [-50.099654699999974, -29.16774759919646], [-50.099675400000024, -29.1677646991965], [-50.09969719999998, -29.167785199196498], [-50.099717399999975, -29.1678066991965], [-50.09973389999999, -29.16782819919645], [-50.09974510000001, -29.16784969919645], [-50.09975050000003, -29.16787159919649], [-50.09975070000001, -29.167894499196457], [-50.09974620000003, -29.16791869919644], [-50.099739, -29.167943599196473], [-50.099733399999984, -29.167967499196454], [-50.09973350000001, -29.16799019919649], [-50.09974, -29.16801289919647], [-50.09975009999999, -29.16803689919647], [-50.099761899999976, -29.16806169919647], [-50.0997759, -29.168085799196444], [-50.09979329999999, -29.168108399196466], [-50.099813600000004, -29.16813059919644], [-50.099835100000014, -29.16815359919645], [-50.09985519999998, -29.168178299196484], [-50.099871699999994, -29.16820479919648], [-50.09988310000001, -29.16823269919644], [-50.09988950000002, -29.16826049919643], [-50.09989280000001, -29.168287899196457], [-50.099895100000026, -29.16831599919647], [-50.09989860000002, -29.168345199196434], [-50.09990490000001, -29.16837429919644], [-50.09991580000002, -29.168401699196473], [-50.09993179999998, -29.168426899196454], [-50.09995170000002, -29.16845079919648], [-50.09997379999999, -29.168474099196494], [-50.0999966, -29.16849709919649], [-50.100019599999996, -29.16852009919648], [-50.100042599999995, -29.168543099196487], [-50.100065900000004, -29.168565899196423], [-50.10009020000001, -29.168587999196465], [-50.100116000000014, -29.16860789919643], [-50.100143, -29.16862369919646], [-50.10017019999998, -29.168634399196435], [-50.10019699999998, -29.168640499196435], [-50.10022409999999, -29.16864359919646], [-50.10025289999998, -29.168645199196476], [-50.10028360000001, -29.168646299196432], [-50.10031570000001, -29.168647299196437], [-50.10034919999998, -29.168648599196448], [-50.100384700000006, -29.16865069919645], [-50.10042060000001, -29.168654199196446], [-50.100453200000004, -29.168660499196452], [-50.10048030000002, -29.168670899196446], [-50.100503600000025, -29.168686099196464], [-50.100525699999984, -29.16870539919648], [-50.10054800000001, -29.16872709919647], [-50.100570800000014, -29.168749799196465], [-50.10059380000001, -29.16877279919645], [-50.10061669999999, -29.16879569919643], [-50.10063969999999, -29.168818699196425], [-50.10066260000002, -29.16884169919642], [-50.1006855, -29.168864499196445], [-50.10070769999999, -29.168887099196454], [-50.100728000000004, -29.16890909919646], [-50.10074450000002, -29.168930599196454], [-50.10075610000001, -29.168952099196463], [-50.10076320000002, -29.168973999196453], [-50.10076839999999, -29.168996799196453], [-50.1007748, -29.169020599196468], [-50.10078370000002, -29.16904469919644], [-50.100793899999985, -29.169067799196444], [-50.10080240000002, -29.169089899196475], [-50.10080720000002, -29.169111799196447], [-50.10080720000002, -29.16913449919644], [-50.1008026, -29.16915819919648], [-50.1007942, -29.16918229919644], [-50.10078470000002, -29.16920649919643], [-50.100778400000024, -29.169231199196464], [-50.10077919999998, -29.169255999196473], [-50.10078800000002, -29.169279899196436], [-50.10080319999997, -29.16930189919645], [-50.100820999999996, -29.16932309919643], [-50.10083759999998, -29.169345099196434], [-50.1008516, -29.169368999196454], [-50.10086419999999, -29.169393799196474], [-50.10087829999998, -29.16941789919643], [-50.100895700000024, -29.169440499196444], [-50.10091619999997, -29.16946249919644], [-50.10093840000002, -29.169484799196454], [-50.100961400000024, -29.169506799196466], [-50.10098499999997, -29.16952709919643], [-50.10100990000001, -29.169543599196444], [-50.10103650000002, -29.16955509919646], [-50.101064399999984, -29.169561999196418], [-50.10109260000002, -29.16956609919643], [-50.101119900000015, -29.169570099196434], [-50.10114549999998, -29.169575799196462], [-50.101169700000014, -29.16958409919645], [-50.1011942, -29.169593599196425], [-50.10122039999999, -29.169602099196464], [-50.101248199999986, -29.169608099196445], [-50.101276299999995, -29.169612099196442], [-50.10130340000001, -29.16961599919646], [-50.10132829999998, -29.16962179919646], [-50.10135100000002, -29.169630299196424], [-50.10137320000001, -29.169640599196427], [-50.101396599999994, -29.169651599196456], [-50.101420700000006, -29.16966259919641], [-50.101443200000006, -29.169674399196463], [-50.1014634, -29.169687599196422], [-50.1014816, -29.16970269919646], [-50.101497600000016, -29.16971989919646], [-50.101510700000006, -29.16973969919642], [-50.10152069999999, -29.169762499196427], [-50.10152859999999, -29.169788799196436], [-50.10153459999998, -29.169818399196433], [-50.10153889999998, -29.169849799196445], [-50.10154180000001, -29.169880799196434], [-50.10154369999998, -29.169909499196454], [-50.10154490000002, -29.169935899196414], [-50.101545699999974, -29.169961599196455], [-50.101546299999995, -29.16998769919643], [-50.10154669999997, -29.170014199196462], [-50.101547100000005, -29.17004029919643], [-50.101547499999974, -29.17006559919642], [-50.101547900000014, -29.170090899196424], [-50.10154849999998, -29.170117399196407], [-50.1015491, -29.170144699196406], [-50.10154970000002, -29.170171099196438], [-50.101550400000015, -29.170196299196412], [-50.101551099999995, -29.170222799196406], [-50.10155209999999, -29.170251999196434], [-50.1015534, -29.170282299196426], [-50.10155520000001, -29.170311099196418], [-50.10155809999998, -29.170337199196428], [-50.101563399999975, -29.170360699196426], [-50.10157270000002, -29.170382799196467], [-50.10158710000002, -29.170404499196454], [-50.10160589999998, -29.170426699196433], [-50.10162759999997, -29.17044939919642], [-50.10165030000002, -29.170472299196394], [-50.10167319999999, -29.170495299196446], [-50.101696000000004, -29.170517999196445], [-50.10171819999999, -29.170540399196415], [-50.10173850000001, -29.170562499196446], [-50.101754400000004, -29.170585099196412], [-50.10176339999999, -29.170609299196446], [-50.10176419999999, -29.170634799196435], [-50.10175800000002, -29.17066069919641], [-50.101748499999985, -29.17068689919645], [-50.10174000000001, -29.170713899196432], [-50.10173459999999, -29.170741099196405], [-50.10173259999999, -29.170768399196405], [-50.10173309999999, -29.17079639919639], [-50.101735899999994, -29.1708254991964], [-50.10174139999999, -29.17085419919642], [-50.10174960000001, -29.170880599196387], [-50.10175909999998, -29.17090439919641], [-50.10176760000002, -29.17092679919643], [-50.10177390000001, -29.17094909919639], [-50.1017789, -29.170972499196427], [-50.101785199999995, -29.170998599196444], [-50.10179369999997, -29.1710274991964], [-50.10180329999997, -29.171057999196435], [-50.10181130000001, -29.171088399196385], [-50.10181669999997, -29.171117899196425], [-50.1018196, -29.171146499196436], [-50.101821099999995, -29.171174699196413], [-50.101821700000016, -29.171202499196408], [-50.101821799999975, -29.17123019919643], [-50.101821400000006, -29.171257899196412], [-50.10182070000001, -29.171285099196396], [-50.10181970000002, -29.171311699196394], [-50.10181849999998, -29.171337699196403], [-50.101816799999995, -29.171363399196416], [-50.10181399999999, -29.1713887991964], [-50.101809, -29.171413299196388], [-50.10180159999999, -29.171436499196435], [-50.101792800000005, -29.17145809919641], [-50.10178500000001, -29.171478999196395], [-50.10177909999999, -29.171500499196384], [-50.10177420000002, -29.17152299919639], [-50.10176780000001, -29.171546699196423], [-50.10175859999998, -29.171570799196388], [-50.10174749999999, -29.1715950991964], [-50.10173600000001, -29.171619699196413], [-50.10172419999998, -29.171644599196384], [-50.10171070000001, -29.171668699196402], [-50.10169530000002, -29.171691799196413], [-50.10168010000001, -29.171715099196376], [-50.10166800000002, -29.171739599196425], [-50.101659900000016, -29.17176519919639], [-50.10165480000001, -29.17179199919639], [-50.10165130000002, -29.17182019919643], [-50.101648599999976, -29.1718496991964], [-50.10164630000003, -29.17187899919638], [-50.101644599999986, -29.171906899196415], [-50.1016434, -29.17193279919638], [-50.10164250000002, -29.171958299196373], [-50.101641799999975, -29.171985299196418], [-50.101641200000024, -29.172014299196405], [-50.1016406, -29.172043599196403], [-50.10164020000001, -29.17207119919641], [-50.10163979999999, -29.172096499196407], [-50.10163959999999, -29.172120299196422], [-50.10163929999999, -29.172143799196412], [-50.10163920000002, -29.17216839919637], [-50.101638999999984, -29.172194599196402], [-50.10163890000001, -29.17222159919641], [-50.10163879999999, -29.172248299196383], [-50.101638700000024, -29.172274799196416], [-50.10163840000001, -29.172302599196424], [-50.1016381, -29.17233289919641], [-50.101637799999985, -29.17236489919638], [-50.101637400000016, -29.17239679919639], [-50.10163699999998, -29.1724276991964], [-50.101636600000006, -29.172457699196393], [-50.10163619999997, -29.17248739919641], [-50.101635699999974, -29.1725173991964], [-50.1016353, -29.17254779919641], [-50.10163469999997, -29.172577899196416], [-50.10163419999997, -29.172607399196387], [-50.10163369999998, -29.1726359991964], [-50.101633199999974, -29.17266249919639], [-50.101632699999975, -29.172686399196355], [-50.10163210000002, -29.17270849919638], [-50.101631399999974, -29.172730499196394], [-50.1016305, -29.17275239919637], [-50.10162919999999, -29.172774699196374], [-50.101627000000015, -29.172798599196426], [-50.1016229, -29.172825699196366], [-50.101616499999984, -29.172855599196378], [-50.10160860000003, -29.172886499196387], [-50.10160139999999, -29.172916699196364], [-50.101596700000016, -29.172945499196405], [-50.10159479999999, -29.17297309919636], [-50.101595299999985, -29.17300119919637], [-50.101598299999985, -29.1730303991964], [-50.10160450000001, -29.1730594991964], [-50.10161520000003, -29.17308669919638], [-50.10163039999997, -29.173111399196358], [-50.10164789999999, -29.173134399196364], [-50.101664400000004, -29.1731572991964], [-50.10167819999999, -29.173181699196366], [-50.1016899, -29.173207499196366], [-50.10170099999999, -29.173233299196383], [-50.10171120000001, -29.173257999196355], [-50.1017195, -29.173281599196375], [-50.1017248, -29.173304699196397], [-50.101727700000026, -29.17332829919636], [-50.1017291, -29.173353499196388], [-50.101729600000006, -29.173380399196358], [-50.10172929999999, -29.17340839919641], [-50.10172829999999, -29.173437799196364], [-50.10172640000002, -29.173468799196392], [-50.10172299999999, -29.17350019919636], [-50.1017175, -29.173528599196366], [-50.10170979999998, -29.173552099196378], [-50.10170099999999, -29.173572499196347], [-50.10169309999998, -29.173592399196394], [-50.101687200000015, -29.17361349919636], [-50.10168229999999, -29.17363609919639], [-50.101675899999975, -29.173659899196394], [-50.10166700000001, -29.17368399919636], [-50.10165669999998, -29.173707099196367], [-50.10164780000002, -29.1737291991964], [-50.101641400000005, -29.17375109919637], [-50.10163619999997, -29.173773999196346], [-50.10162910000002, -29.173798299196367], [-50.1016176, -29.173823399196372], [-50.1016017, -29.173848599196354], [-50.101584, -29.173873999196374], [-50.1015683, -29.17390069919635], [-50.10155709999998, -29.17392839919638], [-50.101550599999996, -29.173956299196355], [-50.10154740000001, -29.173983699196377], [-50.10154499999999, -29.17401169919636], [-50.10154160000001, -29.17404099919636], [-50.1015352, -29.174070099196356], [-50.1015243, -29.174097499196385], [-50.1015084, -29.174122699196353], [-50.10148839999999, -29.17414659919634], [-50.10146630000003, -29.17416989919635], [-50.101443700000004, -29.174192799196373], [-50.10142150000002, -29.17421539919634], [-50.1014012, -29.174237399196336], [-50.10138460000002, -29.17425889919634], [-50.10137309999999, -29.17428039919635], [-50.101365999999985, -29.174302299196388], [-50.10136060000002, -29.174325199196353], [-50.101353500000016, -29.17434939919635], [-50.1013418, -29.17437449919636], [-50.10132520000002, -29.174398999196356], [-50.10130479999998, -29.174422599196372], [-50.10128259999999, -29.174445599196375], [-50.10125970000001, -29.17446849919635], [-50.10123629999998, -29.17449129919635], [-50.1012116, -29.17451339919637], [-50.101184699999976, -29.17453329919636], [-50.101155800000015, -29.17454919919636], [-50.101126000000015, -29.174559799196356], [-50.10109660000001, -29.17456589919636], [-50.101067899999975, -29.174568999196374], [-50.10103980000003, -29.174570499196374], [-50.1010119, -29.174571099196335], [-50.10098420000003, -29.174571199196365], [-50.100956499999995, -29.174570799196385], [-50.10092930000002, -29.17457009919635], [-50.100902700000006, -29.17456909919634], [-50.100876700000015, -29.174567899196354], [-50.10085099999998, -29.174566199196377], [-50.100825499999985, -29.174563399196362], [-50.100800400000026, -29.17455839919638], [-50.10077560000002, -29.17455099919636], [-50.10075069999999, -29.174542199196384], [-50.10072459999998, -29.1745343991964], [-50.10069709999999, -29.174528799196366], [-50.10066899999998, -29.174524899196356], [-50.10064169999998, -29.174520999196382], [-50.100615600000026, -29.17451519919634], [-50.10059009999998, -29.174506999196364], [-50.1005639, -29.174497499196328], [-50.100536499999976, -29.17448919919634], [-50.10050890000002, -29.174483599196325], [-50.1004815, -29.174480499196374], [-50.10045339999999, -29.174478199196365], [-50.10042390000001, -29.174474899196365], [-50.10039360000002, -29.174469299196353], [-50.10036289999999, -29.17446109919634], [-50.100330999999976, -29.174451599196352], [-50.10029789999999, -29.174443199196343], [-50.10026460000001, -29.174437699196353], [-50.10023159999997, -29.174434599196342], [-50.10019799999998, -29.174432299196333], [-50.1001632, -29.174429199196382], [-50.10012899999998, -29.17442459919636], [-50.10009710000002, -29.17441839919634], [-50.10006629999998, -29.174411199196374], [-50.100033300000014, -29.174403999196343], [-50.0999964, -29.174397999196366], [-50.09995730000003, -29.174393699196358], [-50.09991930000001, -29.174390999196383], [-50.099884999999965, -29.174389599196342], [-50.09985419999998, -29.17438889919635], [-50.09982400000001, -29.17438859919635], [-50.099791700000026, -29.174388699196363], [-50.099757599999975, -29.174389099196347], [-50.0997246, -29.174389699196364], [-50.09969460000002, -29.17439039919636], [-50.09966600000002, -29.174391199196364], [-50.09963620000002, -29.174392099196332], [-50.099605199999985, -29.174393299196378], [-50.09957539999999, -29.174394799196378], [-50.099548000000034, -29.174397399196334], [-50.09952190000001, -29.174402099196374], [-50.09949649999999, -29.174409499196372], [-50.099471600000015, -29.174418899196336], [-50.099446500000006, -29.174429299196348], [-50.099421500000005, -29.174440699196346], [-50.099397500000016, -29.17445449919638], [-50.099375, -29.174471699196385], [-50.09935359999997, -29.174491599196365], [-50.09933369999999, -29.174512899196383], [-50.099316499999986, -29.17453539919639], [-50.0993024, -29.174558999196353], [-50.09928980000001, -29.174581799196346], [-50.09927570000002, -29.17460039919633], [-50.09925820000001, -29.174613199196372], [-50.099237200000005, -29.174622599196386], [-50.09921370000001, -29.174631899196363], [-50.0991884, -29.17464159919632], [-50.09916229999999, -29.17464989919638], [-50.09913660000001, -29.174655099196354], [-50.099111300000004, -29.174657899196358], [-50.0990855, -29.17465989919635], [-50.09905820000001, -29.174662599196335], [-50.09902959999999, -29.17466709919637], [-50.09900030000001, -29.17467349919634], [-50.09897059999998, -29.17468079919633], [-50.09894100000002, -29.174686999196364], [-50.09891210000001, -29.17469129919636], [-50.098884500000004, -29.174693699196332], [-50.09885919999999, -29.17469489919638], [-50.09883769999999, -29.174695499196332], [-50.098821199999975, -29.174695699196324], [-50.09879089999998, -29.174696099196364], [-50.09879089999999, -29.1770063991963], [-50.09879160000003, -29.1770063991963], [-50.09879489999997, -29.1770063991963], [-50.09880409999999, -29.1770063991963], [-50.09882219999997, -29.1770063991963], [-50.098848499999974, -29.177006799196338], [-50.09887859999998, -29.17700849919631], [-50.098907699999984, -29.17701289919633], [-50.09893340000002, -29.177021199196325], [-50.0989553, -29.177033099196333], [-50.0989745, -29.177047799196345], [-50.09899200000001, -29.17706429919629], [-50.099007900000004, -29.177082399196333], [-50.09902199999999, -29.177102599196324], [-50.099033899999995, -29.17712649919629], [-50.099043800000004, -29.17715449919628], [-50.09905149999997, -29.177184399196292], [-50.09905700000002, -29.177212899196284], [-50.09906059999997, -29.1772392991963], [-50.09906289999998, -29.177264999196282], [-50.0990645, -29.177291199196326], [-50.09906539999997, -29.177317599196293], [-50.099065800000005, -29.177343699196303], [-50.099065699999976, -29.177368999196307], [-50.099065399999965, -29.177394299196312], [-50.09906489999997, -29.177420899196324], [-50.09906430000001, -29.177448199196323], [-50.099063600000015, -29.17747449919633], [-50.099063, -29.177499699196304], [-50.09906219999999, -29.177526199196294], [-50.099061199999994, -29.177555399196315], [-50.09906000000001, -29.17758579919628], [-50.0990582, -29.177614599196335], [-50.0990554, -29.177640799196304], [-50.099050999999974, -29.177664799196304], [-50.09904469999998, -29.177687599196318], [-50.09903750000001, -29.177709999196292], [-50.09903079999998, -29.177733299196294], [-50.099025900000015, -29.177758499196294], [-50.09902310000001, -29.177785599196305], [-50.09902190000002, -29.177812999196327], [-50.09902199999999, -29.177839299196325], [-50.09902319999998, -29.17786529919631], [-50.09902620000002, -29.17789299919628], [-50.099032299999976, -29.177922499196328], [-50.09904310000002, -29.177951899196287], [-50.09905900000001, -29.177979299196295], [-50.09907900000001, -29.178004399196322], [-50.099101099999984, -29.17802819919632], [-50.099123899999995, -29.178051299196294], [-50.09914680000003, -29.17807429919629], [-50.09916980000003, -29.178097299196292], [-50.099192800000026, -29.178120299196287], [-50.0992157, -29.17814319919631], [-50.0992387, -29.178166199196312], [-50.0992617, -29.17818919919632], [-50.099284599999976, -29.178212099196287], [-50.099307599999975, -29.178235099196282], [-50.09933059999997, -29.178258099196285], [-50.099353500000014, -29.178280999196318], [-50.099376500000005, -29.17830399919632], [-50.0993995, -29.178326999196315], [-50.09942239999997, -29.178349899196302], [-50.09944539999998, -29.178372899196283], [-50.09946839999998, -29.178395899196286], [-50.09949130000001, -29.178418799196265], [-50.09951430000001, -29.17844179919626], [-50.09953730000001, -29.178464799196256], [-50.09956019999999, -29.178487699196292], [-50.099583199999984, -29.178510699196295], [-50.09960619999998, -29.17853369919629], [-50.09962919999999, -29.178556599196266], [-50.099652100000014, -29.17857959919626], [-50.09967510000001, -29.178602599196257], [-50.09967979999999, -29.17860729919629], [-50.09969810000001, -29.178625499196293], [-50.09972099999999, -29.178648499196296], [-50.09974399999999, -29.178671499196284], [-50.099766999999986, -29.178694399196264], [-50.09978990000002, -29.17871739919626], [-50.099812900000025, -29.17874039919626], [-50.099835900000016, -29.178763299196316], [-50.0998588, -29.1787862991963], [-50.09988179999999, -29.178809299196296], [-50.09990479999999, -29.17883219919627], [-50.09992770000002, -29.178855199196274], [-50.099950700000015, -29.178878199196266], [-50.09997370000002, -29.178901099196306], [-50.0999966, -29.1789240991963], [-50.100019599999996, -29.17894709919631], [-50.100042599999995, -29.178969999196262], [-50.10006550000003, -29.17899299919628], [-50.10008850000003, -29.17901599919628], [-50.100111500000025, -29.179038899196303], [-50.10013440000001, -29.1790618991963], [-50.1001574, -29.179084899196308], [-50.100180400000006, -29.179107799196277], [-50.100203299999976, -29.179130799196276], [-50.10022629999998, -29.17915379919627], [-50.10024929999997, -29.17917669919631], [-50.100272200000006, -29.1791996991963], [-50.100295200000005, -29.179222699196302], [-50.100318200000004, -29.179245599196275], [-50.10034109999998, -29.17926859919627], [-50.10036409999998, -29.179291599196286], [-50.10038709999997, -29.17931449919626], [-50.10041000000001, -29.17933749919624], [-50.10043300000001, -29.17936049919625], [-50.10045600000001, -29.179383399196272], [-50.10047889999999, -29.17940639919628], [-50.10050189999998, -29.179429399196263], [-50.10052489999998, -29.179452299196253], [-50.100547800000015, -29.17947529919625], [-50.10057080000002, -29.179498299196258], [-50.10059380000001, -29.179521199196277], [-50.10061669999999, -29.179544199196283], [-50.10063969999999, -29.179567199196278], [-50.100662600000014, -29.17959009919625], [-50.1006855, -29.17961289919625], [-50.10070769999999, -29.179635299196235], [-50.10072819999999, -29.179657399196266], [-50.10074559999998, -29.179679999196285], [-50.10075960000001, -29.179703799196293], [-50.100771399999985, -29.179728099196243], [-50.10078299999998, -29.17975119919626], [-50.10079489999999, -29.17977349919628], [-50.100806499999976, -29.179796699196263], [-50.10081839999998, -29.17982099919627], [-50.10083229999998, -29.179844799196275], [-50.100849700000026, -29.17986739919625], [-50.10087019999998, -29.17988949919626], [-50.1008923, -29.179911699196246], [-50.10091449999999, -29.179933799196274], [-50.10093660000001, -29.17995429919628], [-50.10095919999997, -29.179971699196276], [-50.100983299999996, -29.17998559919626], [-50.10100820000003, -29.179997399196246], [-50.10103299999997, -29.180008799196248], [-50.101057500000024, -29.180019799196284], [-50.101083200000005, -29.180028499196244], [-50.10111060000003, -29.180033499196238], [-50.10113860000001, -29.180034599196258], [-50.101165700000024, -29.180032499196233], [-50.10119070000002, -29.18002719919624], [-50.101213400000006, -29.18001899919629], [-50.1012354, -29.180009399196273], [-50.101259200000015, -29.180000299196283], [-50.10128659999998, -29.179992399196262], [-50.10131630000001, -29.179984299196263], [-50.10134499999999, -29.179974399196254], [-50.10137129999998, -29.179963099196275], [-50.1013964, -29.179951699196266], [-50.10142080000002, -29.179940599196282], [-50.10144389999999, -29.17992909919625], [-50.10146609999998, -29.179917199196236], [-50.10148909999999, -29.179905799196227], [-50.10151280000002, -29.179894699196232], [-50.10153580000002, -29.179883399196264], [-50.10155800000001, -29.179873099196275], [-50.10158119999999, -29.179866699196253], [-50.10160539999998, -29.17986739919625], [-50.10162930000001, -29.179876399196274], [-50.10165189999998, -29.17989239919628], [-50.101674, -29.179912599196292], [-50.10169639999998, -29.17993479919628], [-50.1017192, -29.179957599196293], [-50.101742100000024, -29.17998059919628], [-50.10176510000002, -29.18000349919626], [-50.101788, -29.180026499196256], [-50.101811, -29.18004949919625], [-50.101834, -29.180072399196234], [-50.10185689999997, -29.18009539919629], [-50.10187989999998, -29.18011839919629], [-50.10190290000003, -29.180141299196258], [-50.10192580000001, -29.180164299196264], [-50.10194880000001, -29.18018729919626], [-50.1019718, -29.18021019919623], [-50.10199469999998, -29.18023319919624], [-50.10201769999997, -29.18025619919623], [-50.10204069999998, -29.18027909919625], [-50.10206360000001, -29.18030209919626], [-50.10208660000001, -29.180325099196256], [-50.102109600000006, -29.180347999196236], [-50.10213249999998, -29.18037099919625], [-50.102155499999974, -29.180393999196234], [-50.10217849999998, -29.180416899196263], [-50.10220140000001, -29.180439899196262], [-50.102224400000004, -29.18046289919627], [-50.10224740000001, -29.180485799196237], [-50.10227029999999, -29.18050879919624], [-50.10229329999999, -29.180531799196235], [-50.102316299999984, -29.18055469919627], [-50.10233920000002, -29.180577699196252], [-50.102362200000016, -29.18060069919627], [-50.10238520000002, -29.18062359919624], [-50.10240809999999, -29.180646599196244], [-50.10243109999999, -29.180669599196232], [-50.10245400000002, -29.18069249919626], [-50.10247659999999, -29.180715199196264], [-50.10249770000001, -29.18073729919622], [-50.102515900000014, -29.180758699196275], [-50.10253019999999, -29.180780099196255], [-50.10254040000001, -29.180803199196255], [-50.1025474, -29.180828799196227], [-50.10255189999999, -29.180856299196265], [-50.10255460000002, -29.18088449919624], [-50.10255599999999, -29.180912599196237], [-50.10255669999998, -29.180940399196245], [-50.1025568, -29.18096819919624], [-50.102556400000026, -29.18099579919625], [-50.10255560000002, -29.181022999196237], [-50.10255460000002, -29.18104959919624], [-50.10255339999998, -29.181075599196227], [-50.102551800000015, -29.181101399196248], [-50.10254889999999, -29.18112669919623], [-50.1025439, -29.18115099919624], [-50.102536199999975, -29.181174199196228], [-50.1025267, -29.18119689919621], [-50.10251629999999, -29.181220399196214], [-50.102504899999985, -29.181244899196265], [-50.1024911, -29.181268799196236], [-50.10247370000001, -29.181291399196258], [-50.102453200000014, -29.181313399196263], [-50.102431200000005, -29.181335699196204], [-50.10240890000001, -29.181357699196216], [-50.1023869, -29.181378199196224], [-50.10236420000001, -29.18139559919622], [-50.10234020000001, -29.181409199196253], [-50.102314999999976, -29.18142009919626], [-50.102288999999985, -29.181429499196216], [-50.102261, -29.181438199196247], [-50.10222939999999, -29.181445699196207], [-50.10219510000002, -29.181451599196244], [-50.10216070000001, -29.181455499196264], [-50.10212799999999, -29.181457899196232], [-50.10209730000002, -29.181459299196206], [-50.10206790000001, -29.181460199196245], [-50.10203819999998, -29.181460799196262], [-50.10200750000001, -29.181461299196254], [-50.10197740000001, -29.181461599196215], [-50.101949400000024, -29.181461599196215], [-50.10192330000001, -29.181461499196242], [-50.10189759999997, -29.181461299196254], [-50.10187050000002, -29.181460899196217], [-50.101841200000024, -29.18146029919626], [-50.10181119999999, -29.18145969919625], [-50.101782699999994, -29.181459099196218], [-50.10175559999999, -29.18145839919623], [-50.10172729999999, -29.181457699196248], [-50.10169619999999, -29.18145669919625], [-50.10166379999998, -29.181455399196235], [-50.101633100000015, -29.18145369919625], [-50.101605300000024, -29.181450899196253], [-50.1015802, -29.181446399196247], [-50.10155639999999, -29.181439699196233], [-50.10153200000002, -29.181431799196226], [-50.10150579999999, -29.181424699196214], [-50.10147810000001, -29.181420299196244], [-50.10144989999998, -29.181419399196226], [-50.10142270000001, -29.18142169919622], [-50.10139720000001, -29.181427699196206], [-50.10137370000001, -29.181438599196213], [-50.10135109999999, -29.181454499196207], [-50.10132850000002, -29.181474499196224], [-50.10130570000001, -29.18149659919624], [-50.10128279999998, -29.181519399196258], [-50.10125979999997, -29.181542299196224], [-50.1012369, -29.18156509919623], [-50.101214399999996, -29.181587299196217], [-50.10119229999998, -29.181607599196244], [-50.10117000000003, -29.181623999196237], [-50.10114570000002, -29.18163459919623], [-50.10111790000002, -29.181638299196216], [-50.101087699999994, -29.18163469919625], [-50.10105809999998, -29.18162409919626], [-50.10103140000001, -29.181607699196217], [-50.101007200000026, -29.181587399196246], [-50.100984100000005, -29.18156509919623], [-50.10096119999997, -29.181542299196224], [-50.10093819999997, -29.181519399196258], [-50.10091490000002, -29.18149659919624], [-50.10089060000001, -29.181474499196224], [-50.10086480000002, -29.181454599196226], [-50.10083780000002, -29.181438699196242], [-50.100810700000004, -29.181427999196224], [-50.10078379999999, -29.181421999196225], [-50.100756699999984, -29.181418899196217], [-50.100728000000004, -29.18141719919624], [-50.10069720000001, -29.181416199196242], [-50.10066519999998, -29.181415099196222], [-50.10063170000001, -29.181413799196218], [-50.10059610000002, -29.181411799196216], [-50.10056020000002, -29.181408299196228], [-50.10052760000002, -29.18140199919623], [-50.10050030000002, -29.181391699196247], [-50.1004764, -29.181377299196253], [-50.10045250000002, -29.18136069919628], [-50.100426500000026, -29.181345399196243], [-50.100398900000016, -29.181334299196234], [-50.10037110000002, -29.181327899196226], [-50.100343699999996, -29.18132459919622], [-50.10031559999999, -29.181322299196218], [-50.10028640000002, -29.181318799196223], [-50.10025730000001, -29.181312499196224], [-50.10022989999999, -29.181301599196217], [-50.100204700000006, -29.18128559919627], [-50.100180799999976, -29.18126569919622], [-50.10015750000002, -29.181243599196257], [-50.1001344, -29.18122079919625], [-50.100111500000025, -29.18119779919624], [-50.10008850000003, -29.18117489919622], [-50.10006550000003, -29.18115189919621], [-50.100042599999995, -29.181128999196243], [-50.100019599999996, -29.181106899196216], [-50.0999966, -29.18108809919626], [-50.09997370000002, -29.18107679919628], [-50.09995070000002, -29.18107679919629], [-50.09992770000002, -29.181088099196266], [-50.09990479999999, -29.181106899196216], [-50.09988179999999, -29.181128999196243], [-50.09985879999999, -29.18115189919621], [-50.099835900000016, -29.181174799196246], [-50.099813100000006, -29.181197699196233], [-50.09979070000003, -29.18121989919621], [-50.099768600000004, -29.181240399196216], [-50.09974599999998, -29.181257799196256], [-50.099721699999975, -29.181271799196235], [-50.099695699999984, -29.18128359919621], [-50.099668199999996, -29.181294999196215], [-50.099639000000025, -29.18130589919622], [-50.09960760000001, -29.18131479919624], [-50.099575300000026, -29.18132049919627], [-50.09954260000001, -29.18132369919626], [-50.09950900000001, -29.181325999196254], [-50.09947399999999, -29.18132939919623], [-50.09943950000002, -29.181335799196233], [-50.099407799999994, -29.181346699196247], [-50.09937980000001, -29.181362699196267], [-50.09935460000002, -29.181382599196247], [-50.099330800000025, -29.18140469919621], [-50.099307599999975, -29.18142749919622], [-50.09928459999998, -29.181450499196206], [-50.09926169999999, -29.18147339919626], [-50.0992387, -29.18149639919624], [-50.09921570000001, -29.181519399196258], [-50.09919280000003, -29.18154229919621], [-50.09916980000003, -29.18156529919622], [-50.09914680000003, -29.18158829919622], [-50.099123899999995, -29.181611299196224], [-50.099101399999995, -29.18163469919625], [-50.09908059999998, -29.181658699196248], [-50.09906360000002, -29.181683199196236], [-50.099051799999984, -29.18170739919623], [-50.09904469999998, -29.181731599196212], [-50.0990405, -29.181756999196235], [-50.0990377, -29.181783499196218], [-50.09903550000002, -29.18181009919623], [-50.09903379999997, -29.18183529919622], [-50.0990324, -29.181859099196227], [-50.09903109999999, -29.181881799196223], [-50.09903000000003, -29.181903999196198], [-50.09902890000001, -29.181925499196208], [-50.099027999999976, -29.181946399196246], [-50.0990271, -29.181968099196226], [-50.09902629999999, -29.181992199196248], [-50.09902549999998, -29.18201909919621], [-50.09902490000002, -29.182048199196228], [-50.099024299999996, -29.18207819919621], [-50.09902390000002, -29.182106799196216], [-50.09902349999999, -29.182133199196233], [-50.09902319999998, -29.18215749919624], [-50.09902290000002, -29.182180799196253], [-50.099022600000005, -29.182202699196242], [-50.099022400000024, -29.182223099196218], [-50.09902219999998, -29.18224299919626], [-50.09902199999999, -29.18226359919623], [-50.0990218, -29.18228509919623], [-50.099021600000015, -29.182307899196232], [-50.09902140000003, -29.182333099196214], [-50.099021300000004, -29.182361599196206], [-50.099021100000016, -29.182392499196222], [-50.09902099999999, -29.182424199196245], [-50.09902090000003, -29.182455699196204], [-50.099020800000005, -29.182486599196228], [-50.09902069999998, -29.18251539919622], [-50.09902060000002, -29.182541499196226], [-50.09902060000002, -29.18256619919621], [-50.099020499999995, -29.182590499196223], [-50.09902039999997, -29.182614199196216], [-50.099019999999996, -29.18263739919619], [-50.09901919999999, -29.1826609991962], [-50.099018199999996, -29.182686399196246], [-50.09901689999998, -29.18271299919619], [-50.09901559999997, -29.182738299196206], [-50.09901439999999, -29.18276149919625], [-50.099013300000024, -29.182783799196194], [-50.099012000000016, -29.182806999196245], [-50.09901059999999, -29.182832499196238], [-50.09900920000001, -29.18285959919619], [-50.09900770000001, -29.182886799196222], [-50.09900620000003, -29.182913699196185], [-50.09900470000002, -29.182941099196213], [-50.099003100000004, -29.18296919919621], [-50.09900140000003, -29.18299759919623], [-50.09899969999998, -29.18302529919621], [-50.09899789999997, -29.183051099196202], [-50.09899630000002, -29.18307469919623], [-50.098994600000026, -29.183097199196222], [-50.098992899999985, -29.183120999196234], [-50.09899100000001, -29.183146799196187], [-50.09898909999998, -29.183173099196182], [-50.09898720000001, -29.1831976991962], [-50.098985500000026, -29.18321999919621], [-50.098983799999985, -29.183241199196207], [-50.0989821, -29.183262799196232], [-50.098980100000006, -29.183286199196207], [-50.09897760000001, -29.183313399196177], [-50.098974399999975, -29.183344999196176], [-50.098970399999985, -29.183378299196214], [-50.09896589999999, -29.183410099196216], [-50.09896070000002, -29.183439199196215], [-50.09895460000002, -29.183466399196195], [-50.09894730000001, -29.18349309919622], [-50.09893920000002, -29.183519199196166], [-50.098930499999994, -29.18354319919618], [-50.09892070000001, -29.183564099196207], [-50.09890860000002, -29.1835821991962], [-50.09889290000001, -29.18359769919621], [-50.098873000000026, -29.183610299196193], [-50.09884929999998, -29.183620499196223], [-50.09882199999998, -29.183629799196208], [-50.098791500000004, -29.183640599196192], [-50.098760700000014, -29.183655099196205], [-50.098734200000024, -29.183674099196203], [-50.098715599999984, -29.183696799196206], [-50.09870480000001, -29.183722199196175], [-50.09869880000002, -29.183749699196227], [-50.09869409999999, -29.18377889919619], [-50.09868740000002, -29.183807999196187], [-50.09867639999999, -29.183835399196223], [-50.098660499999994, -29.183860599196205], [-50.09864049999999, -29.183884499196168], [-50.09861840000002, -29.183907799196174], [-50.09859560000002, -29.183930899196206], [-50.09857269999998, -29.183953799196185], [-50.09854969999998, -29.183976799196174], [-50.098526799999995, -29.18399979919616], [-50.098503900000026, -29.184022499196217], [-50.09848169999998, -29.184044899196188], [-50.098461199999974, -29.18406699919622], [-50.098443799999984, -29.18408969919622], [-50.098430199999996, -29.184114299196164], [-50.09841949999998, -29.18414129919622], [-50.09841069999998, -29.18417039919622], [-50.09840350000002, -29.184200599196174], [-50.09839820000002, -29.184230499196193], [-50.09839469999997, -29.1842587991962], [-50.09839240000002, -29.184284799196185], [-50.09839069999998, -29.184308899196207], [-50.0983893, -29.18433169919616], [-50.098388, -29.184354899196197], [-50.098386600000026, -29.18438009919619], [-50.09838530000002, -29.184406799196157], [-50.0983842, -29.184432899196175], [-50.098383300000016, -29.184457999196187], [-50.098382500000014, -29.18448389919616], [-50.09838180000003, -29.18451169919616], [-50.098381200000006, -29.184540199196192], [-50.09838079999997, -29.18456749919621], [-50.098380399999996, -29.184592599196158], [-50.09838009999999, -29.184616099196212], [-50.098379799999975, -29.184639499196194], [-50.09837950000002, -29.184663599196202], [-50.09837920000001, -29.184688299196196], [-50.09837900000002, -29.184712699196155], [-50.09837870000001, -29.18473609919618], [-50.098378500000024, -29.184758799196175], [-50.0983784, -29.184782999196162], [-50.09837820000002, -29.18481009919618], [-50.09837809999999, -29.184839599196167], [-50.0983779, -29.184869699196156], [-50.09837779999997, -29.184899799196153], [-50.098377700000015, -29.184929199196183], [-50.09837759999999, -29.18495659919619], [-50.09837759999999, -29.184981499196173], [-50.098377500000026, -29.18500499919615], [-50.098377500000026, -29.185028099196188], [-50.098377500000026, -29.185050699196154], [-50.09837759999999, -29.185072799196163], [-50.09837759999999, -29.18509549919616], [-50.09837779999997, -29.185121399196195], [-50.098378000000025, -29.185151699196187], [-50.098378299999986, -29.18518469919615], [-50.098378500000024, -29.18521839919617], [-50.09837879999998, -29.1852515991962], [-50.098379099999995, -29.185282499196205], [-50.098379299999976, -29.18531009919615], [-50.09837950000002, -29.185335999196187], [-50.09837970000001, -29.185361999196182], [-50.0983799, -29.185388799196165], [-50.09838020000001, -29.185415799196157], [-50.098380399999996, -29.185442499196196], [-50.09838070000001, -29.18546879919619], [-50.09838100000002, -29.185496399196158], [-50.09838130000003, -29.185525999196155], [-50.098381599999975, -29.185555599196157], [-50.09838200000001, -29.185583299196196], [-50.098382300000026, -29.18561049919616], [-50.09838259999998, -29.18563829919616], [-50.09838289999999, -29.18566519919618], [-50.0983832, -29.18569009919616], [-50.09838359999998, -29.18571659919615], [-50.09838400000001, -29.185746599196186], [-50.098384599999974, -29.18577839919617], [-50.09838530000002, -29.185808699196155], [-50.09838600000001, -29.1858363991962], [-50.09838689999998, -29.185862499196137], [-50.09838799999999, -29.18588859919616], [-50.098389499999996, -29.185915699196165], [-50.098391900000024, -29.185943399196137], [-50.09839640000001, -29.18597069919614], [-50.098404899999984, -29.185996799196165], [-50.09841849999998, -29.186021099196164], [-50.09843690000003, -29.18604419919617], [-50.098458199999975, -29.186066899196167], [-50.0984808, -29.18608979919615], [-50.0985038, -29.186112699196176], [-50.098526600000014, -29.186135499196123], [-50.0985488, -29.186157899196175], [-50.0985693, -29.186179899196173], [-50.0985867, -29.186202599196164], [-50.09860070000002, -29.186226799196138], [-50.0986125, -29.186252199196165], [-50.09862390000001, -29.18627809919613], [-50.09863489999998, -29.186304399196146], [-50.09864379999999, -29.186331299196166], [-50.09864950000002, -29.18635849919613], [-50.09865259999998, -29.186385799196128], [-50.098654899999985, -29.186413799196174], [-50.09865819999999, -29.186442799196154], [-50.0986638, -29.18647139919617], [-50.098672299999976, -29.18649789919616], [-50.09868269999998, -29.186522799196133], [-50.09869359999999, -29.18654769919615], [-50.0987045, -29.186572999196155], [-50.09871579999998, -29.18659749919615], [-50.09872669999998, -29.186620699196133], [-50.0987356, -29.18664319919614], [-50.09874129999997, -29.18666529919616], [-50.0987445, -29.186687199196143], [-50.098746800000015, -29.18670959919612], [-50.098750199999984, -29.186733099196175], [-50.0987566, -29.18675679919616], [-50.0987675, -29.186779799196163], [-50.0987834, -29.186802299196163], [-50.09880340000001, -29.186824899196118], [-50.098825499999975, -29.18684769919612], [-50.098848299999986, -29.186870599196165], [-50.09887120000002, -29.186893599196154], [-50.098894200000025, -29.186916599196163], [-50.09891699999997, -29.186939399196174], [-50.098939400000006, -29.186961599196163], [-50.09896140000001, -29.18698209919616], [-50.098984099999996, -29.186999499196155], [-50.0990081, -29.18701359919613], [-50.0990329, -29.187026199196122], [-50.09905680000003, -29.187040199196158], [-50.09907879999998, -29.187056799196128], [-50.09910000000002, -29.18707489919617], [-50.099122099999995, -29.18709149919615], [-50.099146200000014, -29.18710529919612], [-50.099172200000005, -29.187117199196127], [-50.09919960000003, -29.18712859919613], [-50.099228900000014, -29.187139499196135], [-50.0992602, -29.187148399196154], [-50.09929260000001, -29.18715409919612], [-50.09932529999997, -29.18715719919615], [-50.09935890000003, -29.18715959919611], [-50.099393700000014, -29.187162899196117], [-50.09942790000002, -29.18716849919613], [-50.099458700000014, -29.18717669919615], [-50.09948600000002, -29.187186299196142], [-50.09951260000002, -29.187195399196156], [-50.0995411, -29.187203399196125], [-50.0995711, -29.1872121991961], [-50.09959889999999, -29.187224499196155], [-50.099620800000025, -29.187242099196133], [-50.09963620000002, -29.187265699196153], [-50.09964639999998, -29.18729419919613], [-50.09965299999999, -29.187324999196118], [-50.0996571, -29.18735549919615], [-50.09965949999997, -29.18738419919613], [-50.099660899999996, -29.187410999196135], [-50.09966179999998, -29.187436699196112], [-50.09966250000003, -29.187462799196116], [-50.0996629, -29.18748959919613], [-50.099663200000016, -29.18751589919612], [-50.099663299999975, -29.187540499196146], [-50.099663200000016, -29.187563299196157], [-50.0996629, -29.187585699196134], [-50.09966250000002, -29.187609499196142], [-50.09966200000002, -29.187635099196154], [-50.0996614, -29.187661399196156], [-50.09966079999999, -29.187686299196127], [-50.099660099999994, -29.1877099991961], [-50.099659299999985, -29.18773469919615], [-50.09965840000001, -29.187761999196155], [-50.0996571, -29.187790299196145], [-50.099655299999995, -29.187817199196115], [-50.099652400000025, -29.187841599196144], [-50.099647300000015, -29.18786359919615], [-50.09963859999999, -29.187883799196126], [-50.099625100000026, -29.187902399196126], [-50.09960660000001, -29.187918699196135], [-50.09958390000002, -29.187932399196146], [-50.099559399999976, -29.1879450991961], [-50.099536300000004, -29.187959599196127], [-50.09951669999998, -29.18797779919613], [-50.09950179999998, -29.18799899919611], [-50.09949160000002, -29.188022199196098], [-50.099485500000014, -29.188047599196125], [-50.09948220000001, -29.188074699196132], [-50.099480400000004, -29.188102199196116], [-50.09947899999998, -29.188128399196106], [-50.09947740000001, -29.1881543991961], [-50.09947440000002, -29.188181899196152], [-50.09946889999997, -29.188210899196118], [-50.099460599999986, -29.188239299196134], [-50.0994503, -29.188266399196102], [-50.09943929999997, -29.188292499196116], [-50.09942840000002, -29.18831769919615], [-50.09941709999999, -29.18834099919609], [-50.0994061, -29.18836229919611], [-50.099397099999976, -29.188382799196116], [-50.09939070000001, -29.188404099196134], [-50.0993856, -29.18842699919612], [-50.099379399999975, -29.18845169919609], [-50.09937079999997, -29.18847749919609], [-50.09936119999998, -29.18850269919613], [-50.09935309999997, -29.18852739919612], [-50.09934759999999, -29.188552899196104], [-50.09934440000001, -29.188579999196108], [-50.09934249999998, -29.188607399196123], [-50.099341200000026, -29.18863369919613], [-50.09933960000001, -29.18865969919613], [-50.099336600000015, -29.188687199196114], [-50.09933109999998, -29.188716099196135], [-50.09932279999999, -29.188744599196113], [-50.099312499999996, -29.18877159919609], [-50.09930140000001, -29.188797899196114], [-50.099289699999986, -29.188823499196122], [-50.09927570000002, -29.18884779919613], [-50.09925829999997, -29.188870399196087], [-50.099237800000026, -29.188892499196122], [-50.09921559999997, -29.188914899196092], [-50.099192800000026, -29.188937699196103], [-50.09916980000003, -29.188960599196083], [-50.09914680000003, -29.188983599196078], [-50.099123899999995, -29.189006499196108], [-50.099100899999996, -29.18902949919611], [-50.09907800000003, -29.189052499196105], [-50.09905509999999, -29.189075199196107], [-50.099033099999986, -29.18909719919609], [-50.099013300000024, -29.189117399196093], [-50.09899830000001, -29.189135099196093], [-50.098989399999994, -29.189150099196112], [-50.09897460000003, -29.189178799196075], [-50.09897460000002, -29.18917919919611], [-50.09897460000002, -29.18918079919607], [-50.09897460000003, -29.1891856991961], [-50.09897460000002, -29.1891957991961], [-50.098974399999975, -29.189211399196083], [-50.0989735, -29.1892311991961], [-50.09897089999998, -29.189253699196087], [-50.09896459999999, -29.18927789919609], [-50.09895319999998, -29.18930289919607], [-50.0989366, -29.189327499196086], [-50.098916299999985, -29.189351099196113], [-50.098894099999995, -29.189374099196108], [-50.09887120000002, -29.189396999196088], [-50.098848299999986, -29.189419899196118], [-50.09882529999999, -29.18944289919612], [-50.09880229999999, -29.189465899196115], [-50.09877940000001, -29.18948879919609], [-50.09875640000001, -29.189511799196094], [-50.09873340000002, -29.18953479919607], [-50.09871049999998, -29.189557699196126], [-50.09868749999998, -29.189580699196114], [-50.098664600000006, -29.189603699196116], [-50.098642100000006, -29.1896263991961], [-50.09862090000002, -29.18964849919607], [-50.09860270000001, -29.18966979919609], [-50.098588500000005, -29.18969119919612], [-50.09857820000002, -29.18971429919608], [-50.09857119999998, -29.18973989919611], [-50.09856669999999, -29.189767499196094], [-50.098564099999976, -29.189795699196083], [-50.09856259999998, -29.189823699196072], [-50.0985619, -29.189851599196096], [-50.09856189999999, -29.189879299196065], [-50.098562300000026, -29.18990689919609], [-50.098563000000006, -29.189934199196074], [-50.09856400000001, -29.189960699196053], [-50.098565199999996, -29.189986799196078], [-50.09856689999998, -29.19001249919611], [-50.098569699999985, -29.190037999196104], [-50.09857469999997, -29.190063099196067], [-50.09858209999998, -29.190087399196067], [-50.09859080000001, -29.190111099196116], [-50.09859849999998, -29.190133999196075], [-50.09860370000001, -29.19015619919609], [-50.09860670000001, -29.190178099196114], [-50.09860900000001, -29.190200599196114], [-50.09861239999998, -29.19022399919609], [-50.098618800000004, -29.19024779919609], [-50.098629700000004, -29.1902707991961], [-50.0986456, -29.190293299196092], [-50.098665600000004, -29.190315799196092], [-50.09868770000002, -29.1903385991961], [-50.09871049999998, -29.190361599196113], [-50.098733400000015, -29.19038459919609], [-50.09875640000001, -29.19040749919608], [-50.098779200000024, -29.190430299196088], [-50.0988016, -29.190452599196092], [-50.0988236, -29.190473099196097], [-50.098846200000025, -29.190490499196084], [-50.0988701, -29.190504399196094], [-50.098894400000006, -29.19051629919609], [-50.09891750000003, -29.190527899196084], [-50.09893979999998, -29.190539799196088], [-50.098963000000026, -29.19055139919608], [-50.09898720000001, -29.1905632991961], [-50.099011099999984, -29.190577199196085], [-50.09903370000001, -29.190594599196068], [-50.099055599999986, -29.19061499919606], [-50.09907739999999, -29.19063639919609], [-50.09909929999998, -29.19065679919608], [-50.0991219, -29.190674199196064], [-50.099145899999996, -29.19068829919605], [-50.099170800000024, -29.1907008991961], [-50.099194800000014, -29.19071499919609], [-50.099217399999986, -29.190732399196083], [-50.09923950000001, -29.190752899196088], [-50.09926189999999, -29.190775099196077], [-50.099284700000005, -29.19079789919608], [-50.09930750000001, -29.190820699196095], [-50.0993297, -29.190843099196066], [-50.0993502, -29.1908651991961], [-50.099367599999994, -29.19088779919606], [-50.09938169999999, -29.19091179919605], [-50.09939429999997, -29.190936699196083], [-50.099408400000016, -29.190960699196083], [-50.099425800000006, -29.19098339919607], [-50.09944630000001, -29.19100539919606], [-50.09946830000002, -29.191027699196074], [-50.09949060000003, -29.19104969919607], [-50.099512600000025, -29.191070199196083], [-50.099535199999984, -29.19108759919607], [-50.09955910000002, -29.191101599196095], [-50.09958339999997, -29.191113399196077], [-50.09960649999999, -29.191124999196074], [-50.0996288, -29.191136899196074], [-50.099651800000004, -29.19114839919605], [-50.099675400000024, -29.19115949919609], [-50.09969840000002, -29.191170999196068], [-50.09972069999998, -29.19118279919605], [-50.099743699999976, -29.191194299196074], [-50.09976760000001, -29.19120539919608], [-50.099790600000006, -29.191216699196065], [-50.099812499999985, -29.19122779919605], [-50.09983590000001, -29.191237399196037], [-50.099862900000005, -29.19124549919605], [-50.099892300000015, -29.191253599196045], [-50.09992099999999, -29.19126349919606], [-50.09994740000001, -29.191274799196044], [-50.09997240000002, -29.191286199196053], [-50.099996799999985, -29.191297299196037], [-50.10001990000001, -29.19130879919607], [-50.100042200000026, -29.191320599196043], [-50.10006540000001, -29.19133229919606], [-50.10008959999999, -29.191344099196048], [-50.10011350000002, -29.191358099196073], [-50.100136099999986, -29.191375499196067], [-50.10015820000001, -29.191395999196057], [-50.10018050000002, -29.191418199196054], [-50.10020309999999, -29.191440899196042], [-50.10022550000002, -29.191463099196085], [-50.10024759999999, -29.19148359919609], [-50.10027020000001, -29.191500999196087], [-50.10029420000001, -29.19151509919607], [-50.10031909999997, -29.191527699196058], [-50.100343099999975, -29.19154179919605], [-50.10036580000002, -29.191559199196032], [-50.10038780000002, -29.191579699196044], [-50.1004102, -29.191601899196087], [-50.10043239999999, -29.191624699196037], [-50.10045309999998, -29.19164719919603], [-50.100469799999985, -29.191669199196028], [-50.100481100000025, -29.191691099196078], [-50.10048699999999, -29.191714899196082], [-50.100489400000015, -29.191742499196042], [-50.10049020000002, -29.19177339919605], [-50.10049040000001, -29.191805299196055], [-50.10049040000001, -29.19183579919605], [-50.10049040000001, -29.191863899196054], [-50.100490400000005, -29.191890499196056], [-50.100490400000005, -29.191917199196027], [-50.10049040000001, -29.191944499196026], [-50.100490400000005, -29.191971199196065], [-50.10049049999998, -29.191995899196062], [-50.10049070000002, -29.192018799196084], [-50.10049099999997, -29.192041299196077], [-50.100491499999976, -29.19206499919607], [-50.100491999999974, -29.192090699196054], [-50.1004926, -29.192116899196023], [-50.10049320000002, -29.192141899196077], [-50.1004939, -29.19216559919606], [-50.10049470000001, -29.19219029919605], [-50.10049559999999, -29.19221759919604], [-50.10049689999999, -29.19224589919603], [-50.1004987, -29.192272799196058], [-50.10050159999997, -29.192297099196058], [-50.10050690000003, -29.19231929919605], [-50.100516200000015, -29.192340299196058], [-50.100530600000006, -29.192361299196058], [-50.10054930000001, -29.192382899196033], [-50.10057019999999, -29.19240489919603], [-50.10059039999999, -29.19242689919603], [-50.10060779999998, -29.19244949919605], [-50.10062140000002, -29.19247339919603], [-50.10063229999997, -29.19249779919606], [-50.10064169999998, -29.19252139919603], [-50.100650400000006, -29.192544799196046], [-50.100658099999976, -29.192570699196036], [-50.100664300000005, -29.192600699196067], [-50.100668600000006, -29.192633299196054], [-50.10067129999999, -29.19266539919605], [-50.100672700000025, -29.192694399196036], [-50.100673400000005, -29.19272049919606], [-50.100673700000016, -29.192746099196064], [-50.10067359999999, -29.192773399196064], [-50.10067320000002, -29.19280219919605], [-50.100672599999996, -29.19283009919602], [-50.10067190000001, -29.19285549919606], [-50.10067110000001, -29.192879699196038], [-50.10067020000002, -29.192904999196035], [-50.10066899999998, -29.192931199196003], [-50.10066749999998, -29.19295639919605], [-50.10066490000003, -29.192980199196057], [-50.10066030000001, -29.193003899196047], [-50.10065350000002, -29.193028799196018], [-50.10064569999997, -29.193053999196056], [-50.10063869999999, -29.19307849919605], [-50.1006339, -29.193101999196035], [-50.10063109999999, -29.19312569919604], [-50.10062970000001, -29.19315089919601], [-50.10062929999998, -29.193177799196036], [-50.10062950000002, -29.19320589919604], [-50.10063050000003, -29.193235199196035], [-50.10063250000002, -29.193266299196036], [-50.100636, -29.193297699196048], [-50.10064219999998, -29.19332649919604], [-50.10065259999999, -29.193350999196042], [-50.10066760000001, -29.193372599196003], [-50.10068639999997, -29.19339329919606], [-50.10070719999999, -29.19341309919601], [-50.10072950000001, -29.193430299196024], [-50.10075339999997, -29.19344419919601], [-50.100777600000015, -29.19345599919606], [-50.1008008, -29.193467699196006], [-50.100823100000014, -29.19347949919605], [-50.10084619999998, -29.193491099196052], [-50.10087049999999, -29.193502999196046], [-50.100894400000016, -29.19351699919601], [-50.10091699999998, -29.193534399196004], [-50.10093879999999, -29.193554699196028], [-50.10096060000001, -29.193576199196016], [-50.100982499999986, -29.193596599196], [-50.1010051, -29.19361399919605], [-50.10102920000003, -29.19362809919604], [-50.101053999999976, -29.19364069919603], [-50.101077900000014, -29.19365459919603], [-50.10109990000001, -29.193671299196033], [-50.1011211, -29.19368929919604], [-50.1011431, -29.19370599919605], [-50.10116699999998, -29.19371989919604], [-50.10119179999998, -29.19373249919603], [-50.1012159, -29.193746599196025], [-50.10123850000002, -29.193763999196], [-50.101260599999996, -29.19378449919602], [-50.10128300000002, -29.19380679919603], [-50.10130579999997, -29.193829599196036], [-50.10132870000002, -29.19385249919601], [-50.1013517, -29.19387549919601], [-50.101374599999986, -29.193898499196017], [-50.101397599999984, -29.193921399196046], [-50.10142059999999, -29.19394439919604], [-50.101443500000016, -29.193967399196033], [-50.10146650000001, -29.193990299196017], [-50.101489500000014, -29.194013299196005], [-50.10151239999999, -29.194036299196014], [-50.10153539999999, -29.194059199196044], [-50.10155839999999, -29.194082199196046], [-50.10158130000002, -29.19410519919604], [-50.1016042, -29.19412789919602], [-50.10162639999999, -29.194150299196007], [-50.10164689999999, -29.194172399196027], [-50.10166429999998, -29.194194999196], [-50.10167819999999, -29.194218999195993], [-50.101690099999985, -29.19424339919601], [-50.10170149999999, -29.194266499196047], [-50.10171250000001, -29.19428769919604], [-50.10172160000002, -29.194308299196013], [-50.101727900000014, -29.194329599196013], [-50.101733000000024, -29.19435219919604], [-50.101739399999985, -29.19437599919599], [-50.1017483, -29.194400099196002], [-50.10175859999998, -29.194423199196034], [-50.101767499999994, -29.194445299196005], [-50.1017738, -29.19446719919603], [-50.10177889999999, -29.194489899196018], [-50.10178530000001, -29.194513499196038], [-50.10179449999999, -29.194537699196015], [-50.10180559999998, -29.194561899196003], [-50.10181690000002, -29.19458639919599], [-50.10182800000001, -29.194610699196005], [-50.10183949999998, -29.19463379919603], [-50.10185139999998, -29.194655999196023], [-50.101862900000015, -29.194678999196025], [-50.10187400000001, -29.194702699196], [-50.10188549999998, -29.19472559919603], [-50.10189730000001, -29.19474789919598], [-50.1019088, -29.19477089919599], [-50.10191989999998, -29.194794499196], [-50.10193140000001, -29.194817499196], [-50.101943199999994, -29.194839799196018], [-50.1019549, -29.194862899195986], [-50.1019667, -29.194887199195993], [-50.101980500000025, -29.194910899196028], [-50.10199720000003, -29.194932899196026], [-50.10201519999998, -29.194954099196018], [-50.102031899999986, -29.19497609919602], [-50.10204570000002, -29.194999799196015], [-50.10205760000002, -29.195023999195996], [-50.102069200000024, -29.195047199195976], [-50.102081100000014, -29.19506949919599], [-50.102092700000014, -29.19509259919601], [-50.102104499999996, -29.195116799195993], [-50.10211829999998, -29.19514049919598], [-50.10213499999997, -29.195162599196], [-50.10215299999999, -29.19518369919597], [-50.10216969999999, -29.19520579919599], [-50.10218370000001, -29.195229599196004], [-50.10219619999998, -29.195254399196006], [-50.1022102, -29.195278299195977], [-50.10222690000001, -29.195300399196004], [-50.10224490000002, -29.195321499195977], [-50.10226160000002, -29.195343599196004], [-50.10227550000002, -29.195367399196], [-50.10228810000002, -29.19539219919601], [-50.10230209999997, -29.195416099195985], [-50.10231870000001, -29.195438199196012], [-50.10233679999998, -29.195459299195974], [-50.10235340000003, -29.19548139919601], [-50.1023672, -29.195505099195987], [-50.10237910000001, -29.195529499196017], [-50.102390500000006, -29.19555259919597], [-50.10240149999998, -29.195573799195955], [-50.10241059999998, -29.19559439919599], [-50.10241689999998, -29.195615699196022], [-50.10242210000001, -29.195638399195985], [-50.10242929999999, -29.195662699196003], [-50.10244089999998, -29.195687699196], [-50.10245759999998, -29.195712299196014], [-50.1024779, -29.195735799196004], [-50.10249929999997, -29.195758699195995], [-50.10251840000001, -29.19578089919597], [-50.10253060000002, -29.195801099195982], [-50.10253119999999, -29.19581779919597], [-50.102518599999996, -29.195829899195985], [-50.10249520000002, -29.19583869919602], [-50.102466400000026, -29.195846999196], [-50.10243780000002, -29.19585689919601], [-50.102411399999994, -29.195868199196003], [-50.1023864, -29.195879599195994], [-50.10236200000003, -29.19589069919599], [-50.10233890000001, -29.195902199195967], [-50.102316599999995, -29.195913999196005], [-50.102293700000025, -29.195925499195972], [-50.102269999999976, -29.19593659919597], [-50.10224699999998, -29.19594809919599], [-50.10222479999999, -29.195959899195973], [-50.102201799999996, -29.19597139919601], [-50.1021781, -29.195982499196003], [-50.102155100000004, -29.19599399919597], [-50.102132900000015, -29.196005899195974], [-50.10210990000002, -29.196017399196002], [-50.102086199999974, -29.196028499196], [-50.1020633, -29.196039999195968], [-50.102040999999986, -29.196051799195995], [-50.10201790000002, -29.196063399195992], [-50.10199369999999, -29.19607509919595], [-50.101970600000016, -29.196088499195962], [-50.10195049999999, -29.196104999195978], [-50.10193400000003, -29.196125099196003], [-50.101920500000006, -29.196148399196012], [-50.10190799999999, -29.19617319919595], [-50.10189400000001, -29.19619719919596], [-50.10187669999999, -29.19621969919596], [-50.101856600000026, -29.196240999195968], [-50.10183519999998, -29.196260699195978], [-50.10181299999999, -29.196276899195972], [-50.101788699999986, -29.196287499195968], [-50.10176100000001, -29.196291199196015], [-50.1017309, -29.196287799195986], [-50.10170210000002, -29.196277799195997], [-50.101677800000004, -29.196262199195964], [-50.10165919999997, -29.196242199195947], [-50.101645099999985, -29.196218899196005], [-50.101633400000026, -29.196194099196003], [-50.10162200000002, -29.196169799195996], [-50.10161099999999, -29.196146499195983], [-50.10160209999998, -29.196123999195983], [-50.101596400000005, -29.19610189919596], [-50.10159329999999, -29.196080099195996], [-50.10159090000002, -29.196057599195996], [-50.101587499999994, -29.196034199195964], [-50.10158130000003, -29.196010599196015], [-50.10157099999998, -29.195988299195992], [-50.101556000000016, -29.19596819919597], [-50.101536399999986, -29.19595129919598], [-50.1015132, -29.195937299196007], [-50.101488500000016, -29.19592479919599], [-50.101464599999986, -29.195910799195964], [-50.101442399999996, -29.195894199195983], [-50.101421200000004, -29.19587629919598], [-50.101399399999984, -29.195860399195997], [-50.10137529999997, -29.195848399195977], [-50.101347299999986, -29.19583969919601], [-50.10131619999999, -29.195831599196012], [-50.101284799999966, -29.195822199195998], [-50.10125529999999, -29.195812499195984], [-50.101227100000024, -29.195804299196002], [-50.10119759999998, -29.195798699196], [-50.10116599999998, -29.19579559919598], [-50.101134, -29.195793699196013], [-50.1011034, -29.195792399196], [-50.10107310000001, -29.19579069919597], [-50.10104069999999, -29.195787799196005], [-50.10100590000001, -29.19578239919597], [-50.10097080000003, -29.19577429919597], [-50.100937199999976, -29.195764799196006], [-50.10090580000002, -29.195756399195986], [-50.100876700000015, -29.195750899196003], [-50.10084899999998, -29.19574779919598], [-50.100820899999974, -29.195745399196014], [-50.10079189999999, -29.195742099196014], [-50.10076329999998, -29.195736499196002], [-50.10073690000002, -29.195728099195986], [-50.10071199999999, -29.19571769919598], [-50.10068719999998, -29.19570679919597], [-50.10066260000002, -29.195695799196006], [-50.10063939999997, -29.195684299195978], [-50.100617100000015, -29.195672499195997], [-50.10059389999998, -29.195660899196], [-50.10056959999997, -29.195648999196], [-50.10054580000002, -29.19563499919597], [-50.1005232, -29.19561769919601], [-50.10050130000002, -29.195597299195967], [-50.100479500000006, -29.195575799195964], [-50.10045760000002, -29.19555539919598], [-50.100435000000004, -29.19553799919599], [-50.100411199999996, -29.195524099195993], [-50.10038689999999, -29.19551229919601], [-50.100363800000025, -29.195501299195993], [-50.100341599999986, -29.195492299196015], [-50.10031900000001, -29.19548939919599], [-50.10029709999998, -29.195495999195987], [-50.100279399999984, -29.19551109919597], [-50.1002681, -29.195530899195987], [-50.10026240000003, -29.19555239919599], [-50.10025919999998, -29.195574799195967], [-50.1002555, -29.195598299195964], [-50.100249099999985, -29.195621999196007], [-50.10023819999997, -29.19564499919601], [-50.10022220000002, -29.19566749919601], [-50.10020229999998, -29.195690099195975], [-50.10018020000001, -29.195712899195975], [-50.1001574, -29.19573579919601], [-50.1001344, -29.195758799196014], [-50.100111500000025, -29.195781799196002], [-50.100088700000015, -29.195804599195963], [-50.10006629999998, -29.19582679919601], [-50.10004420000001, -29.195847299196018], [-50.1000216, -29.195864699196], [-50.09999779999998, -29.19587869919597], [-50.09997349999998, -29.195890499196008], [-50.09995029999998, -29.195902099195997], [-50.0999281, -29.195913999196005], [-50.09990499999998, -29.195925499195972], [-50.09988120000003, -29.19593659919597], [-50.09985820000003, -29.195947899196007], [-50.099836200000034, -29.19595899919601], [-50.09981279999999, -29.195968599195993], [-50.09978560000002, -29.195976299195962], [-50.0997552, -29.195983399195974], [-50.09972429999999, -29.195990899196012], [-50.09969510000002, -29.19599839919599], [-50.09966730000003, -29.196004799196004], [-50.099638700000014, -29.196009799196], [-50.0996083, -29.196013699195966], [-50.09957780000002, -29.196016599195993], [-50.09954879999998, -29.196018499195958], [-50.09952049999998, -29.196019699196004], [-50.099490899999985, -29.19602069919601], [-50.0994604, -29.196021399195985], [-50.09942990000002, -29.196021899195994], [-50.09939989999998, -29.196022299195953], [-50.099371399999995, -29.196022599195967], [-50.09934720000001, -29.19602269919599], [-50.0993292, -29.196022799195962], [-50.09929610000001, -29.196022899195977], [-50.099296100000004, -29.196022999196014], [-50.09929610000001, -29.196023399195987], [-50.09929610000001, -29.19602559919596], [-50.09929610000001, -29.196032499195983], [-50.099296100000004, -29.196047299195957], [-50.099296100000004, -29.196070599195966], [-50.099296100000004, -29.19609919919598], [-50.09929610000001, -29.19612889919599], [-50.09929610000001, -29.196157599195978], [-50.099296100000004, -29.19618439919598], [-50.09929610000001, -29.196210099195962], [-50.099296100000004, -29.196236099196003], [-50.099296100000004, -29.196262899196], [-50.099296100000004, -29.196289299195954], [-50.099295999999974, -29.196313799195973], [-50.099295799999986, -29.196336599195973], [-50.09929549999998, -29.196359099195966], [-50.099295100000006, -29.196382799195966], [-50.099294499999985, -29.196408399195978], [-50.09929390000002, -29.19643469919599], [-50.09929330000001, -29.196459599196007], [-50.09929260000002, -29.196483299195997], [-50.09929190000003, -29.196508099195995], [-50.09929090000003, -29.196535299195958], [-50.09928960000003, -29.196563699195984], [-50.09928780000001, -29.196590599195947], [-50.099284899999994, -29.196614899195968], [-50.099279599999996, -29.196636999195988], [-50.0992703, -29.196657999195995], [-50.0992559, -29.19667899919599], [-50.099237200000005, -29.196700699195986], [-50.09921630000002, -29.196722699195977], [-50.09919609999997, -29.19674469919599], [-50.09917869999998, -29.196767299195955], [-50.09916479999999, -29.19679149919598], [-50.099153100000024, -29.19681689919596], [-50.099141999999965, -29.196841599196], [-50.09913169999999, -29.196864999195974], [-50.09912339999999, -29.196888099195984], [-50.09911790000001, -29.196912899195947], [-50.099114699999966, -29.19693999919595], [-50.09911290000002, -29.196967399195973], [-50.09911149999999, -29.196993599195952], [-50.09910989999997, -29.19701959919595], [-50.09910689999998, -29.197047099196], [-50.09910150000002, -29.19707609919597], [-50.099093400000015, -29.19710449919599], [-50.099084600000026, -29.197131599195938], [-50.09907870000001, -29.197157799195995], [-50.09907959999998, -29.197183499195962], [-50.099088600000016, -29.19720769919595], [-50.09910450000001, -29.197230299195965], [-50.09912459999998, -29.19725219919594], [-50.09914609999998, -29.197273999195957], [-50.099166500000024, -29.197295899195943], [-50.099183900000014, -29.19731849919596], [-50.09919800000001, -29.197342599195977], [-50.09921059999999, -29.19736739919599], [-50.09922469999998, -29.19739149919595], [-50.099242100000026, -29.19741409919597], [-50.099262399999986, -29.197435999195946], [-50.09928389999999, -29.19745779919594], [-50.09930429999998, -29.197479599195965], [-50.09932170000002, -29.19750229919596], [-50.09933560000002, -29.19752669919599], [-50.09934729999998, -29.197552899195966], [-50.099358300000006, -29.197579699195963], [-50.09936859999999, -29.197606399195944], [-50.09937680000002, -29.197632599195977], [-50.09938219999998, -29.197658399195976], [-50.099385100000006, -29.19768379919594], [-50.099386599999995, -29.19770879919595], [-50.09938720000002, -29.197733599195963], [-50.09938729999999, -29.19775819919597], [-50.09938690000001, -29.19778279919598], [-50.099386200000026, -29.197806999195965], [-50.09938519999997, -29.197830599195928], [-50.09938399999998, -29.197853699195953], [-50.0993823, -29.19787659919593], [-50.0993795, -29.19789909919593], [-50.09937450000001, -29.197920899195932], [-50.099366799999984, -29.197942099195934], [-50.09935730000001, -29.19796349919597], [-50.09934690000001, -29.197986399195944], [-50.099335499999995, -29.19801069919595], [-50.09932170000002, -29.19803459919598], [-50.09930429999998, -29.198057199195937], [-50.09928380000002, -29.19807919919595], [-50.09926150000001, -29.198101599195923], [-50.099238699999994, -29.19812439919593], [-50.0992157, -29.198147299195966], [-50.099192800000026, -29.19817029919597], [-50.09916980000003, -29.198193299195957], [-50.09914680000002, -29.198216199195947], [-50.09912389999999, -29.19823919919594], [-50.099100899999996, -29.198262199195934], [-50.0990779, -29.198285099195964], [-50.09905500000002, -29.19830809919597], [-50.09903200000002, -29.19833109919596], [-50.099009000000024, -29.198353999195938], [-50.09898609999999, -29.19837699919593], [-50.09896309999999, -29.198399999195942], [-50.098940400000004, -29.19842279919595], [-50.09891829999998, -29.198444699195917], [-50.098897900000004, -29.198464099195963], [-50.098880099999974, -29.19847879919592], [-50.098865199999985, -29.198487899195918], [-50.098836800000015, -29.198503299195966], [-50.09883680000001, -29.198503399195932], [-50.098836800000015, -29.19850379919597], [-50.098836800000015, -29.19850599919594], [-50.098836800000015, -29.198512099195955], [-50.098836800000015, -29.198524299195917], [-50.09883660000003, -29.198542199195966], [-50.09883589999998, -29.198563799195934], [-50.09883339999999, -29.19858709919594], [-50.0988279, -29.19861089919596], [-50.098819100000014, -29.198635299195917], [-50.09880889999999, -29.198660799195974], [-50.098800100000005, -29.19868749919594], [-50.0987945, -29.19871469919593], [-50.098791300000016, -29.19874199919593], [-50.09878900000001, -29.198769999195967], [-50.09878570000001, -29.198798999195947], [-50.0987801, -29.19882759919596], [-50.098771699999986, -29.19885399919592], [-50.098761299999985, -29.198878899195943], [-50.0987503, -29.198903699195945], [-50.09873929999997, -29.1989282991959], [-50.09872789999997, -29.198951499195953], [-50.09871600000003, -29.19897379919591], [-50.098704600000026, -29.198996799195903], [-50.098693399999995, -29.19902039919593], [-50.098681899999974, -29.199043399195933], [-50.0986701, -29.19906569919594], [-50.09865860000003, -29.199088999195936], [-50.09864750000003, -29.19911389919591], [-50.09863630000001, -29.199139599195952], [-50.09862529999998, -29.199165799195946], [-50.09861640000003, -29.199192699195955], [-50.098610699999995, -29.199219999195954], [-50.09860759999998, -29.199247199195934], [-50.09860529999997, -29.199275299195943], [-50.09860200000003, -29.199304799195918], [-50.098596499999985, -29.199334799195903], [-50.098588699999986, -29.199363899195912], [-50.09857979999998, -29.199391199195905], [-50.09857219999997, -29.199416699195897], [-50.09856700000001, -29.199440699195954], [-50.09856400000002, -29.19946459919592], [-50.09856239999999, -29.199489799195913], [-50.09856129999998, -29.199516599195913], [-50.098560299999974, -29.199544699195922], [-50.09855900000002, -29.199573999195902], [-50.09855700000003, -29.199605099195907], [-50.09855360000001, -29.199636499195925], [-50.098548100000016, -29.199664799195915], [-50.0985404, -29.19968839919593], [-50.0985316, -29.199708699195895], [-50.09852369999999, -29.199728699195905], [-50.09851780000003, -29.199749799195928], [-50.098512700000015, -29.199772499195912], [-50.09850560000001, -29.1997966991959], [-50.09849400000002, -29.199821699195905], [-50.09847730000002, -29.199846299195908], [-50.098456899999974, -29.19986989919593], [-50.09843469999998, -29.199892899195927], [-50.09841189999997, -29.199915799195903], [-50.09838889999997, -29.199938799195905], [-50.098366000000006, -29.199961699195928], [-50.09834319999999, -29.199984499195953], [-50.09832080000001, -29.200006799195894], [-50.09829880000001, -29.2000272991959], [-50.09827610000002, -29.200044699195896], [-50.098252100000025, -29.20005879919594], [-50.0982272, -29.20007139919593], [-50.09820330000002, -29.200085299195933], [-50.09818109999998, -29.200101999195937], [-50.09815989999998, -29.200119799195896], [-50.09813810000002, -29.200135699195897], [-50.09811400000001, -29.200147699195913], [-50.09808639999999, -29.200156399195937], [-50.09805660000001, -29.20016469919593], [-50.09802789999998, -29.200174399195888], [-50.09800180000002, -29.200185099195906], [-50.09797630000003, -29.200195399195895], [-50.09794879999998, -29.200205899195936], [-50.09791990000002, -29.20021959919594], [-50.097893699999986, -29.200238699195918], [-50.09787299999999, -29.20026179919593], [-50.0978571, -29.200285799195925], [-50.0978447, -29.200308899195885], [-50.097835599999996, -29.200331499195915], [-50.09782990000002, -29.20035349919592], [-50.097826699999985, -29.20037539919589], [-50.09782439999998, -29.200397799195933], [-50.097821099999976, -29.200421199195908], [-50.09781550000002, -29.20044449919591], [-50.0978073, -29.200466599195938], [-50.097797699999994, -29.20048769919591], [-50.09778920000002, -29.20050869919591], [-50.09778299999999, -29.200530499195914], [-50.097778000000005, -29.200553499195912], [-50.09777170000001, -29.2005781991959], [-50.09776310000001, -29.200603999195902], [-50.097753599999976, -29.20062919919589], [-50.09774540000001, -29.2006537991959], [-50.09773990000002, -29.20067939919592], [-50.097736699999984, -29.20070649919592], [-50.09773489999998, -29.200733899195885], [-50.097733500000004, -29.200760199195898], [-50.097731899999985, -29.20078619919589], [-50.09772889999999, -29.2008137991959], [-50.09772349999997, -29.200842899195884], [-50.097715400000034, -29.200871299195917], [-50.09770589999999, -29.200897299195912], [-50.097697400000015, -29.200920899195918], [-50.09769110000002, -29.20094359919592], [-50.097686099999976, -29.2009667991959], [-50.097679700000015, -29.200991699195875], [-50.09767080000001, -29.201018599195898], [-50.09766050000002, -29.201046799195865], [-50.097651799999994, -29.20107519919589], [-50.09764610000001, -29.201103099195908], [-50.097643000000005, -29.201130499195873], [-50.09764069999999, -29.20115849919592], [-50.097637399999996, -29.20118759919592], [-50.09763170000002, -29.201216099195904], [-50.09762330000001, -29.201242599195908], [-50.0976129, -29.20126749919587], [-50.09760180000001, -29.201292399195886], [-50.09759009999999, -29.201317599195875], [-50.097576300000014, -29.201341499195905], [-50.09755969999998, -29.201363599195876], [-50.09754159999999, -29.201384799195917], [-50.09752500000002, -29.201406799195865], [-50.097511, -29.2014306991959], [-50.097498400000006, -29.201455499195898], [-50.097484500000014, -29.20147939919587], [-50.0974678, -29.201501399195866], [-50.09744979999999, -29.201522599195858], [-50.097433099999996, -29.201544599195866], [-50.09741930000002, -29.201568299195905], [-50.097407499999974, -29.2015924991959], [-50.09739619999999, -29.20161559919591], [-50.09738620000002, -29.201637599195916], [-50.097380499999986, -29.20165909919586], [-50.09738149999998, -29.201678599195855], [-50.09738850000002, -29.201693199195912], [-50.097412899999995, -29.201718599195893], [-50.09775189999999, -29.20162739919589], [-50.09862029999999, -29.20184829919588], [-50.099378100000024, -29.20231339919586], [-50.10025109999998, -29.202546399195896], [-50.10104069999999, -29.202920799195883], [-50.10188049999999, -29.203228999195883], [-50.10277480000002, -29.203137799195833], [-50.10310500000003, -29.20386949919585], [-50.10378450000001, -29.204390999195834], [-50.10433999999998, -29.205035999195825], [-50.10491689999997, -29.20567079919583], [-50.10564040000003, -29.206140899195795], [-50.106266699999985, -29.2067170991958], [-50.107165899999984, -29.206679199195804], [-50.108063200000004, -29.206600099195807], [-50.108723999999995, -29.206047899195802], [-50.10917189999998, -29.205347399195812], [-50.10930380000002, -29.204952099195843], [-50.108948, -29.20421719919586], [-50.10934409999999, -29.203498599195854], [-50.11022830000001, -29.203288199195832], [-50.11083439999999, -29.202698999195853], [-50.110729400000025, -29.20191249919589], [-50.11045230000002, -29.2011510991959], [-50.11005319999998, -29.200427099195927], [-50.11077390000003, -29.199956099195923], [-50.1112243, -29.19927319919593], [-50.111309500000004, -29.19849079919595], [-50.11104449999999, -29.19773479919594], [-50.1106127, -29.19702459919599], [-50.110052800000005, -29.196379599195986], [-50.10932279999997, -29.195876999195985], [-50.10880759999998, -29.19521139919601], [-50.109432500000025, -29.194632199196015], [-50.11011350000001, -29.194114399196014], [-50.1108572, -29.19365609919603], [-50.11155000000002, -29.193125099196017], [-50.11189730000001, -29.192390599196063], [-50.11231190000001, -29.191688399196043], [-50.112838399999994, -29.191021299196066], [-50.11352470000003, -29.191533599196077], [-50.11353600000001, -29.19233699919606], [-50.114020400000015, -29.19300069919607], [-50.114829199999974, -29.193370799196053], [-50.11572589999997, -29.193452899196053], [-50.11659020000002, -29.193675899196045], [-50.11747439999999, -29.193829599196036], [-50.11822569999998, -29.194288199196034], [-50.11906440000001, -29.194600799196], [-50.11976979999998, -29.195112299196], [-50.12053049999997, -29.19555519919598], [-50.12110660000002, -29.196169499195978], [-50.12202180000003, -29.19614919919596], [-50.12265810000003, -29.195567199196027], [-50.123353899999984, -29.195046799196003], [-50.124025200000005, -29.19450959919602], [-50.124935300000004, -29.194661799196005], [-50.1249148, -29.19387469919601], [-50.12452999999999, -29.19313559919604], [-50.12470939999997, -29.19236059919602], [-50.12560430000002, -29.19249379919607], [-50.126511900000025, -29.19238969919602], [-50.12683479999999, -29.19165059919606], [-50.12731320000001, -29.190979199196086], [-50.12764979999997, -29.19024169919609], [-50.12838529999999, -29.19070239919609], [-50.12838360000001, -29.189902199196094], [-50.12803839999998, -29.189167999196112], [-50.128949499999976, -29.189109499196075], [-50.129497800000024, -29.189746499196108], [-50.129359299999976, -29.190541699196068], [-50.12994709999998, -29.191141399196052], [-50.13063440000002, -29.191647799196062], [-50.13122950000002, -29.19223599919603], [-50.13181179999998, -29.192841099196045], [-50.13238560000001, -29.193468199196023], [-50.13322720000002, -29.193789599196023], [-50.13401959999999, -29.19339649919603], [-50.13375880000001, -29.19263529919605], [-50.13437879999998, -29.19206019919607], [-50.135190799999975, -29.191668699196033], [-50.135630900000024, -29.190983299196112], [-50.13652269999999, -29.190872999196095], [-50.13741399999998, -29.19072359919609], [-50.1382471, -29.190414999196054], [-50.139166999999986, -29.190781299196107], [-50.14005570000001, -29.19095379919606], [-50.140739499999995, -29.191463199196047], [-50.14124240000001, -29.192124999196036], [-50.14195960000001, -29.19262569919605], [-50.14276180000002, -29.193028199196046], [-50.14325680000002, -29.19369449919602], [-50.14404450000001, -29.194093099196003], [-50.144907699999976, -29.19386449919605], [-50.145815299999974, -29.19392789919603], [-50.14646370000003, -29.194494699196017], [-50.1470951, -29.19506389919598], [-50.147799700000014, -29.195566699195954], [-50.14827279999997, -29.196240899195995], [-50.148892999999994, -29.196814799195995], [-50.14973070000001, -29.19712559919597], [-50.14978280000003, -29.197917999195962], [-50.15000429999998, -29.198693199195933], [-50.15087069999999, -29.19892259919593], [-50.15169500000002, -29.19858369919591], [-50.152291199999986, -29.197987399195934], [-50.153194900000024, -29.197968299195956], [-50.153113399999995, -29.198767799195913], [-50.153621799999996, -29.199426199195937], [-50.154421800000016, -29.199804199195935], [-50.15484240000001, -29.20051109919593], [-50.155557999999985, -29.20001979919592], [-50.15635689999999, -29.199624599195914], [-50.157138299999986, -29.200024699195886], [-50.1574076, -29.200788399195922], [-50.157361499999986, -29.2015879991959], [-50.15755050000001, -29.20236199919587], [-50.157554399999974, -29.2023772991959], [-50.15817670000001, -29.20294629919587], [-50.15813539999999, -29.203732399195832], [-50.15748170000001, -29.204280299195826], [-50.15736600000002, -29.205079099195803], [-50.157114200000024, -29.20584729919584], [-50.15626520000001, -29.20612339919583], [-50.155360900000005, -29.20609199919583], [-50.154705999999976, -29.205526899195817], [-50.1541737, -29.204880499195834], [-50.1533114, -29.205128499195823], [-50.152402600000016, -29.205021899195856], [-50.15174940000003, -29.20557489919581], [-50.15150640000002, -29.206351499195794], [-50.15155720000001, -29.207150299195806], [-50.151973399999974, -29.207866899195782], [-50.15137340000001, -29.208459399195753], [-50.15055159999997, -29.208778999195754], [-50.14967589999998, -29.208955799195778], [-50.14875710000001, -29.208950499195772], [-50.14858579999998, -29.208171999195766], [-50.14890050000003, -29.207420999195797], [-50.14830310000002, -29.20683249919582], [-50.1476096, -29.20630409919582], [-50.14726239999999, -29.205565599195833], [-50.14640420000001, -29.205263999195832], [-50.14588950000001, -29.205907099195816], [-50.14499510000002, -29.20603749919579], [-50.14408789999999, -29.20591089919581], [-50.14342240000002, -29.2053710991958], [-50.1425284, -29.205501999195842], [-50.14179869999999, -29.205986299195825], [-50.14104170000002, -29.205544299195807], [-50.14034859999998, -29.205026199195846], [-50.13943060000002, -29.20506049919582], [-50.13886960000002, -29.205701199195836], [-50.138250700000015, -29.206298199195793], [-50.13819050000001, -29.20710439919578], [-50.138666899999976, -29.207793799195784], [-50.13920180000002, -29.208437399195734], [-50.13975740000001, -29.209055699195787], [-50.14037029999997, -29.20964479919573], [-50.140877400000015, -29.210296799195724], [-50.141159500000015, -29.21105179919574], [-50.14064789999997, -29.211697799195736], [-50.14009659999999, -29.212320999195676], [-50.139616499999995, -29.212997999195714], [-50.13916710000001, -29.213699199195702], [-50.13898280000001, -29.214488199195678], [-50.139499, -29.214796199195685], [-50.140405799999996, -29.214756099195657], [-50.141327800000006, -29.21467119919567], [-50.14205390000001, -29.21516459919564], [-50.1425744, -29.215828299195643], [-50.14312899999999, -29.216454499195635], [-50.14402159999998, -29.216321399195657], [-50.1448719, -29.216040399195634], [-50.14520090000002, -29.21677379919563], [-50.146023300000024, -29.217112399195642], [-50.14687529999998, -29.216863599195626], [-50.147768799999994, -29.216699499195627], [-50.14831880000003, -29.217324699195622], [-50.14913760000002, -29.217711099195594], [-50.14997269999998, -29.218025699195614], [-50.150767299999984, -29.218407199195603], [-50.15073669999998, -29.21919669919559], [-50.1503399, -29.219919899195542], [-50.14981239999998, -29.220564099195556], [-50.14967949999999, -29.22135279919553], [-50.15056629999998, -29.221483299195537], [-50.15115209999998, -29.22209759919553], [-50.15111000000001, -29.222904499195558], [-50.15158029999998, -29.2235886991955], [-50.152394800000025, -29.223958299195502], [-50.153303600000015, -29.223973099195526], [-50.153968299999974, -29.224529699195497], [-50.154852699999985, -29.224731399195484], [-50.15565520000001, -29.225090699195498], [-50.15592090000001, -29.2258453991955], [-50.156518000000005, -29.22644249919549], [-50.16353779999998, -29.226365299195464], [-50.17119450000001, -29.227835099195435], [-50.170966299999975, -29.228319699195406], [-50.170423400000004, -29.228957399195437], [-50.168579599999994, -29.230954199195374], [-50.16751779999998, -29.23227829919538], [-50.1668186, -29.233433599195344], [-50.166410400000025, -29.234396599195343], [-50.166194500000024, -29.2352989991953], [-50.1662149, -29.236178399195268], [-50.16658619999998, -29.23691919919527], [-50.16751850000003, -29.237626199195294], [-50.16918320000002, -29.238317499195258], [-50.17136190000002, -29.239182099195236], [-50.17220400000002, -29.239840599195215], [-50.17304660000003, -29.24090259919524], [-50.17370299999999, -29.242016799195177], [-50.174983699999984, -29.243317599195198], [-50.1757207, -29.24377879919514], [-50.17651569999998, -29.24416239919515], [-50.17698150000001, -29.244838899195138], [-50.177705300000014, -29.245309699195147], [-50.178451300000006, -29.24575759919512], [-50.179062199999976, -29.246345099195107], [-50.17934700000001, -29.247112599195088], [-50.18023410000001, -29.2473358991951], [-50.18115310000002, -29.247409199195094], [-50.182057499999985, -29.24748569919513], [-50.182836899999984, -29.24787559919509], [-50.183549200000016, -29.248374899195074], [-50.18419299999999, -29.248926999195046], [-50.184740799999986, -29.249569999195074], [-50.184642800000006, -29.25036209919507], [-50.18447550000002, -29.25113789919505], [-50.184234499999995, -29.25191319919501], [-50.18392460000002, -29.252663499195005], [-50.183550700000005, -29.253378899194967], [-50.183097400000015, -29.25408149919497], [-50.18257740000002, -29.25474289919498], [-50.18200209999998, -29.255348399194975], [-50.18135130000001, -29.255916099194938], [-50.18067300000001, -29.256454999194958], [-50.17996190000002, -29.25695349919494], [-50.179193999999995, -29.257404999194936], [-50.17840030000003, -29.257796099194927], [-50.1775667, -29.25810879919492], [-50.176683000000025, -29.258342499194942], [-50.17578459999999, -29.2584848991949], [-50.174879799999985, -29.258555199194888], [-50.173962800000034, -29.258583299194907], [-50.17306339999999, -29.258526799194925], [-50.172142099999974, -29.25843579919488], [-50.17123509999999, -29.2582914991949], [-50.170351400000015, -29.25813149919491], [-50.16948819999999, -29.257903499194924], [-50.16863719999998, -29.257621399194928], [-50.16772489999999, -29.257471299194943], [-50.16681030000001, -29.25745299919493], [-50.16588780000001, -29.257498899194918], [-50.16517809999999, -29.258008399194907], [-50.164632900000015, -29.25866329919493], [-50.16403059999999, -29.2592610991949], [-50.16337170000003, -29.259800799194878], [-50.162642800000015, -29.260289099194893], [-50.16186620000002, -29.260704999194843], [-50.16103349999998, -29.26104959919485], [-50.16016309999998, -29.261310499194845], [-50.15927540000001, -29.261508999194852], [-50.1587806, -29.262187199194877], [-50.158279400000026, -29.262840999194815], [-50.15770040000001, -29.26346989919485], [-50.15706940000001, -29.264040799194788], [-50.15657099999998, -29.264693499194813], [-50.15652949999998, -29.265497299194777], [-50.15648740000001, -29.265852799194782], [-50.15634160000002, -29.266639499194767], [-50.15612420000002, -29.26741519919478], [-50.15587570000002, -29.268186399194732], [-50.155918999999976, -29.26897559919471], [-50.15590759999998, -29.26977999919474], [-50.15582239999998, -29.27058619919473], [-50.15579600000001, -29.271383699194704], [-50.155824499999994, -29.272183999194652], [-50.15585520000002, -29.27299619919468], [-50.15609069999999, -29.273774099194686], [-50.15665539999998, -29.274397199194645], [-50.1571472, -29.275053399194622], [-50.15757359999998, -29.275746499194636], [-50.15795989999998, -29.276473099194575], [-50.15832510000001, -29.277214799194613], [-50.1583468, -29.277263099194613], [-50.15864149999999, -29.278010899194612], [-50.15891399999998, -29.27875849919454], [-50.15913089999998, -29.27953859919457], [-50.159475900000025, -29.28028559919455], [-50.15985549999999, -29.28101589919453], [-50.16016250000002, -29.28177009919452], [-50.160404400000004, -29.282536099194516], [-50.160665900000026, -29.283298099194514], [-50.160871499999985, -29.284082799194486], [-50.16100260000002, -29.28485899919444], [-50.16106580000001, -29.28566379919445], [-50.16106500000001, -29.286454599194442], [-50.16100230000001, -29.287242099194433], [-50.160871199999974, -29.2880183991944], [-50.16066719999998, -29.288798199194357], [-50.160391300000015, -29.289563999194364], [-50.16004650000002, -29.290302799194368], [-50.15962819999998, -29.29101979919436], [-50.15913949999998, -29.291703099194343], [-50.15859330000001, -29.292333699194298], [-50.165837899999985, -29.297282699194223], [-50.170572100000015, -29.300516799194217], [-50.1779866, -29.305581899194088], [-50.1779874, -29.30558249919412], [-50.17798749999997, -29.305582599194086], [-50.178540999999996, -29.306009299194134], [-50.17922670000001, -29.3065395991941], [-50.17989519999998, -29.307063999194106], [-50.17989799999998, -29.307055299194076], [-50.18015860000003, -29.307256099194095], [-50.18092610000003, -29.307932299194064], [-50.18137389999998, -29.308381199194038], [-50.18181040000002, -29.308896399194033], [-50.18229630000001, -29.30946969919406], [-50.182837099999965, -29.31020039919401], [-50.18307060000001, -29.31052579919401], [-50.183305099999984, -29.310867699194034], [-50.183748200000025, -29.311551799194028], [-50.18402789999999, -29.311996699194008], [-50.18447520000001, -29.312686399194], [-50.1849795, -29.313357399193936], [-50.18557670000001, -29.313971399193967], [-50.1862572, -29.314504899193928], [-50.187060700000025, -29.314883199193943], [-50.187979299999995, -29.314985999193922], [-50.18887719999998, -29.314792799193974], [-50.189646400000015, -29.31438539919394], [-50.1903408, -29.313849899193944], [-50.190970300000004, -29.31327129919396], [-50.19153899999998, -29.312657299193997], [-50.19206209999999, -29.311998599193974], [-50.19254990000002, -29.31133419919399], [-50.19315940000002, -29.310480799194004], [-50.19379600000002, -29.309655799194015], [-50.19456259999998, -29.308843599194034], [-50.19541370000002, -29.308126899194043], [-50.1962373, -29.307586099194044], [-50.19677869999998, -29.307288699194086], [-50.19722380000002, -29.3070818991941], [-50.197801200000015, -29.30686049919411], [-50.198766299999996, -29.30661759919407], [-50.199394900000016, -29.306526899194086], [-50.200698999999986, -29.306433099194077], [-50.20201939999998, -29.306433099194077], [-50.20266779999997, -29.306470699194065], [-50.203684599999974, -29.306617599194063], [-50.20492839999997, -29.306943999194058], [-50.20639749999999, -29.30737889919408], [-50.20646249999999, -29.30739809919407], [-50.20728919999999, -29.30763539919405], [-50.208143800000016, -29.307877199194078], [-50.20900110000002, -29.30811119919405], [-50.20986720000002, -29.308335999194053], [-50.21157240000002, -29.30876509919407], [-50.2127759, -29.309137299194013], [-50.21290169999998, -29.309175899194056], [-50.213752500000005, -29.309435699194033], [-50.2146219, -29.309697599194028], [-50.21549429999999, -29.309950699194033], [-50.21636569999998, -29.310184899194045], [-50.217245600000005, -29.31035159919401], [-50.21815750000002, -29.310449999194017], [-50.21908029999997, -29.310431899194054], [-50.21997479999999, -29.31029209919405], [-50.2208534, -29.310053799194012], [-50.22168429999999, -29.30974379919401], [-50.22249360000001, -29.30940059919404], [-50.22336259999997, -29.309015199194025], [-50.2243368, -29.30864709919403], [-50.2247969, -29.308494499194044], [-50.224822500000016, -29.30848599919407], [-50.22534730000001, -29.308311799194072], [-50.22598679999998, -29.308113199194047], [-50.226542600000016, -29.307967399194048], [-50.22719710000002, -29.307802199194093], [-50.2280811, -29.307590899194054], [-50.22850340000002, -29.307488299194045], [-50.22937940000003, -29.30725169919406], [-50.23019690000001, -29.30688619919408], [-50.230890499999994, -29.30637239919408], [-50.231385800000005, -29.305712699194114], [-50.2317822, -29.304992699194123], [-50.23212109999997, -29.30425669919412], [-50.23244019999998, -29.30351279919416], [-50.232741299999994, -29.30275039919413], [-50.233187799999996, -29.301577999194183], [-50.23360550000002, -29.30058689919418], [-50.233943599999975, -29.299846099194227], [-50.23400290000001, -29.299716099194217], [-50.234395800000016, -29.298854499194228], [-50.23446139999999, -29.298761499194224], [-50.234527000000014, -29.298668499194243], [-50.23506279999998, -29.298663299194214], [-50.23520330000002, -29.298682499194204], [-50.23528870000001, -29.298724799194222], [-50.23534369999999, -29.298848899194216], [-50.23536280000002, -29.299094699194224], [-50.23546620000002, -29.29945509919419], [-50.23637789999998, -29.299507699194198], [-50.237027000000005, -29.29950199919423], [-50.23701460000001, -29.299594699194206], [-50.23716189999999, -29.299832599194207], [-50.23784039999998, -29.30035879919422], [-50.23788350000001, -29.30038709919421], [-50.237886600000024, -29.300389099194213], [-50.23817700000001, -29.300550799194184], [-50.2389806, -29.300908899194205], [-50.23981709999998, -29.30119799919418], [-50.240682400000026, -29.301437099194178], [-50.24155839999997, -29.301639799194145], [-50.24245300000001, -29.30183409919418], [-50.24253909999999, -29.301852299194184], [-50.2425968, -29.301864599194154], [-50.24380350000001, -29.30211939919415], [-50.245277199999975, -29.302484699194135], [-50.247268700000006, -29.303108899194125], [-50.248252200000024, -29.303491299194153], [-50.249076600000016, -29.303911999194156], [-50.24989549999997, -29.30447949919414], [-50.25046529999997, -29.304949999194132], [-50.25099749999999, -29.305394199194126], [-50.25164619999999, -29.305943299194116], [-50.252355799999975, -29.30655129919411], [-50.253401499999995, -29.30753909919405], [-50.25345019999998, -29.3075849991941], [-50.25365390000002, -29.30777309919409], [-50.254290200000014, -29.308353699194043], [-50.25493849999998, -29.308924899194068], [-50.255617500000035, -29.30945679919405], [-50.25631370000002, -29.30996329919403], [-50.2570417, -29.310450699194014], [-50.25776600000001, -29.310915899194008], [-50.258514699999985, -29.311388399194], [-50.25925310000002, -29.31184839919397], [-50.259380599999986, -29.311927499194017], [-50.2612694, -29.31309769919399], [-50.26194789999999, -29.31355299919397], [-50.26295219999997, -29.314314599193946], [-50.26297749999998, -29.314333699193966], [-50.263345000000015, -29.314605999193972], [-50.264038700000015, -29.315112899193913], [-50.26476869999999, -29.31557949919394], [-50.265538900000024, -29.316012099193944], [-50.26631389999999, -29.316442499193915], [-50.267102400000006, -29.31687579919391], [-50.26787810000001, -29.317300499193895], [-50.26794719999998, -29.3173381991939], [-50.268294500000025, -29.317527899193912], [-50.268617, -29.31770399919389], [-50.26866630000001, -29.317730899193908], [-50.26873519999999, -29.31776859919392], [-50.2692581, -29.31805399919391], [-50.270187299999975, -29.318639999193902], [-50.27111660000002, -29.31939889919388], [-50.2715784, -29.319867199193844], [-50.27191740000001, -29.320259599193847], [-50.272426900000035, -29.320968699193816], [-50.27287860000001, -29.321722099193813], [-50.273307499999994, -29.32252939919383], [-50.27334489999999, -29.32259979919378], [-50.2738531, -29.32355599919379], [-50.27423929999998, -29.32436189919378], [-50.2746608, -29.325241199193755], [-50.2752041, -29.32657649919373], [-50.27550609999997, -29.327387199193712], [-50.27551490000002, -29.327410699193702], [-50.275763299999994, -29.3280412991937], [-50.27606989999998, -29.328778599193733], [-50.27641840000001, -29.329524699193684], [-50.276781200000016, -29.330253599193675], [-50.27718759999998, -29.330964799193676], [-50.2776369, -29.33164509919366], [-50.27815950000002, -29.332300299193633], [-50.27876370000001, -29.332890799193613], [-50.27946830000002, -29.333417499193622], [-50.280231300000025, -29.33384539919359], [-50.281074400000016, -29.334163499193608], [-50.28194639999998, -29.334371799193597], [-50.28286179999998, -29.33449689919358], [-50.28299550000003, -29.33449699919361], [-50.28322589999999, -29.334488099193607], [-50.28365719999999, -29.33474579919361], [-50.284108600000025, -29.335357299193596], [-50.284263599999974, -29.335786299193586], [-50.28439400000002, -29.336146799193568], [-50.284404699999975, -29.33617669919358], [-50.284414200000015, -29.336204699193576], [-50.28442230000002, -29.336231499193573], [-50.28442869999998, -29.336257799193568], [-50.28443390000001, -29.336284199193585], [-50.284438200000004, -29.33631129919355], [-50.28444239999999, -29.33633949919359], [-50.2844465, -29.336368899193612], [-50.28445049999999, -29.336397999193558], [-50.28445420000003, -29.336425299193543], [-50.28445770000002, -29.336450699193577], [-50.2844609, -29.336475399193557], [-50.28446439999999, -29.336501499193574], [-50.284468100000026, -29.336529399193584], [-50.2844718, -29.33655759919356], [-50.284475199999974, -29.336584099193548], [-50.28447840000001, -29.33660849919358], [-50.284481400000004, -29.33663119919358], [-50.28449060000003, -29.336702299193583], [-50.28457400000002, -29.33734849919358], [-50.284483799999975, -29.33854309919352], [-50.284119499999974, -29.339733199193535], [-50.28371190000002, -29.340468599193514], [-50.283196499999974, -29.341156399193483], [-50.282700499999976, -29.341697099193453], [-50.28226919999997, -29.34209579919346], [-50.28168670000002, -29.342553899193454], [-50.280429500000025, -29.34329499919347], [-50.2780922, -29.344293299193446], [-50.277183200000024, -29.34465559919345], [-50.2765536, -29.34490949919346], [-50.27572700000002, -29.34525679919344], [-50.27495040000002, -29.34567419919344], [-50.27426809999997, -29.346187099193422], [-50.27368969999998, -29.346810799193413], [-50.273260600000015, -29.347522699193405], [-50.27302300000002, -29.3482831991934], [-50.27294760000001, -29.349084299193372], [-50.27292920000002, -29.349889099193334], [-50.27293589999999, -29.35050039919333], [-50.272894399999984, -29.351306999193344], [-50.27271430000002, -29.352096999193325], [-50.272355000000005, -29.352944099193294], [-50.27216579999998, -29.353257899193306], [-50.271597400000026, -29.353981699193298], [-50.2713291, -29.354227799193268], [-50.270962999999995, -29.354503299193233], [-50.27048689999998, -29.35477149919329], [-50.26998950000001, -29.354980099193234], [-50.269238400000006, -29.35524019919327], [-50.26906359999998, -29.35530299919325], [-50.26822609999999, -29.355613799193254], [-50.26739650000002, -29.355957299193232], [-50.266574100000014, -29.35633069919323], [-50.26583060000001, -29.3567825991932], [-50.265201900000015, -29.357353899193235], [-50.2646939, -29.35803149919319], [-50.26429869999998, -29.35874329919322], [-50.263923799999986, -29.35948089919318], [-50.26335899999998, -29.36062149919314], [-50.26282930000002, -29.361495999193135], [-50.26147479999998, -29.36341189919313], [-50.2614469, -29.363451399193092], [-50.26141849999999, -29.363491599193086], [-50.26133709999999, -29.36360679919312], [-50.26129529999998, -29.363665899193105], [-50.26082120000001, -29.364340799193073], [-50.26036110000001, -29.365019399193095], [-50.25991449999998, -29.365707599193087], [-50.259308100000005, -29.366662099193046], [-50.25805059999999, -29.368390699193046], [-50.25753850000001, -29.369026099193004], [-50.25751969999999, -29.369049399193013], [-50.25696859999999, -29.36973339919298], [-50.25663609999999, -29.370101899193006], [-50.256203200000016, -29.370557199192998], [-50.255424600000026, -29.37130019919298], [-50.255337699999984, -29.371383199193], [-50.2547331, -29.371963999192964], [-50.25413200000003, -29.372546999192966], [-50.253544799999986, -29.373154199192932], [-50.25298240000001, -29.37377249919292], [-50.25243729999999, -29.374398899192936], [-50.2519226, -29.3750461991929], [-50.251497599999986, -29.375762999192915], [-50.25124679999999, -29.376536299192885], [-50.25108419999998, -29.377329299192866], [-50.25096280000002, -29.37812189919287], [-50.250948300000005, -29.378226799192845], [-50.25338420000003, -29.383445599192793], [-50.25766490000001, -29.386219199192766], [-50.258103999999996, -29.394826299192562], [-50.25800370000002, -29.407257299192388], [-50.258003900000006, -29.407257299192388], [-50.258665599999965, -29.40680149919235], [-50.259312799999975, -29.40624709919237], [-50.25989079999999, -29.40562879919238], [-50.260364900000006, -29.404947299192408], [-50.260750900000005, -29.40422859919242], [-50.26108099999999, -29.403496099192406], [-50.261388599999975, -29.402756699192437], [-50.26168030000003, -29.402055299192423], [-50.26218849999998, -29.40112709919246], [-50.262637299999994, -29.400490199192458], [-50.26314739999998, -29.399832199192485], [-50.263716999999986, -29.399097299192498], [-50.264354200000014, -29.3983443991925], [-50.26520369999997, -29.39751449919253], [-50.2665748, -29.396433399192528], [-50.267594599999995, -29.395737799192563], [-50.26806929999998, -29.39544889919259], [-50.26868760000002, -29.395101899192568], [-50.269221200000004, -29.39484349919256], [-50.2692793, -29.394815199192564], [-50.269292500000006, -29.394808899192565], [-50.269336099999975, -29.3947877991926], [-50.26936460000002, -29.39477399919256], [-50.26944120000002, -29.394737799192548], [-50.270261000000005, -29.394369299192565], [-50.270623100000016, -29.394207399192616], [-50.27142220000002, -29.39384439919257], [-50.27222189999998, -29.393462499192594], [-50.27301749999998, -29.393064699192635], [-50.2737841, -29.392621099192592], [-50.274543300000005, -29.392160999192615], [-50.275277800000026, -29.39170769919262], [-50.276025000000004, -29.39124289919265], [-50.27676839999998, -29.390779499192654], [-50.277497400000016, -29.390318599192668], [-50.278052, -29.38995909919266], [-50.278977199999986, -29.38942379919265], [-50.279505900000004, -29.38917799919269], [-50.2801687, -29.388963199192656], [-50.28084990000002, -29.388830099192678], [-50.28170699999998, -29.388748599192663], [-50.28233719999997, -29.388681099192656], [-50.28325039999999, -29.388566399192683], [-50.28414959999998, -29.38841249919271], [-50.28504809999999, -29.388234599192664], [-50.28593890000002, -29.388039099192707], [-50.28681280000001, -29.3878357991927], [-50.28802189999998, -29.38754729919271], [-50.28930070000002, -29.387303899192712], [-50.2893866, -29.38728719919272], [-50.29027259999998, -29.387109499192718], [-50.291166400000016, -29.386924199192723], [-50.292066499999976, -29.386723999192732], [-50.29345999999998, -29.386402999192697], [-50.29426769999998, -29.386260799192737], [-50.295559000000026, -29.386120999192727], [-50.29655389999999, -29.38607239919272], [-50.29684329999997, -29.386057199192706], [-50.29774040000001, -29.386007399192707], [-50.29865319999999, -29.385926699192755], [-50.29954099999997, -29.385777899192714], [-50.300347300000006, -29.385403899192706], [-50.30036050000001, -29.38533549919273], [-50.30046279999999, -29.385331299192757], [-50.300623099999996, -29.38541429919271], [-50.30094839999998, -29.385724199192754], [-50.30136939999999, -29.386313399192733], [-50.30183740000002, -29.38721909919269], [-50.30224900000002, -29.38815899919268], [-50.30240570000001, -29.388512599192698], [-50.30273549999998, -29.389251199192664], [-50.30308609999997, -29.389984999192688], [-50.30347710000001, -29.39070299919262], [-50.3039162, -29.391392699192618], [-50.30444799999998, -29.39205499919265], [-50.30503140000002, -29.392688699192615], [-50.30529519999999, -29.392930299192603], [-50.305995800000005, -29.393453999192637], [-50.30679409999999, -29.393864199192596], [-50.30758980000001, -29.394227899192565], [-50.30839900000001, -29.394589399192558], [-50.309213399999976, -29.394948999192565], [-50.310038099999986, -29.39530899919256], [-50.310855199999985, -29.395652499192547], [-50.31168600000001, -29.39598649919255], [-50.31251659999998, -29.396294199192553], [-50.31337780000001, -29.39656139919255], [-50.31425189999999, -29.396747999192552], [-50.3151459, -29.39689799919256], [-50.31604390000001, -29.397034199192554], [-50.317724, -29.397281999192554], [-50.31844339999997, -29.39745439919255], [-50.319131700000014, -29.397688999192546], [-50.319939299999994, -29.39807239919251], [-50.32143719999999, -29.398917099192513], [-50.32168969999998, -29.399059499192525], [-50.32244930000002, -29.399478299192502], [-50.323225999999984, -29.399876499192487], [-50.32404759999998, -29.400259399192464], [-50.32486060000002, -29.40061389919248], [-50.32572470000002, -29.400975399192472], [-50.326407500000016, -29.40129229919248], [-50.32871879999998, -29.40255099919247], [-50.3287434, -29.402564399192467], [-50.3287914, -29.402590499192424], [-50.32881579999997, -29.402603799192455], [-50.32886610000003, -29.402631199192413], [-50.32894979999997, -29.40267679919243], [-50.33155360000001, -29.40409469919239], [-50.333528699999995, -29.40529779919243], [-50.3351399, -29.406483599192388], [-50.335199800000005, -29.406527599192383], [-50.3381268, -29.4064881991924], [-50.34223459999998, -29.407511899192333], [-50.34694600000001, -29.40854859919237], [-50.34899330000002, -29.40990039919235], [-50.351824299999976, -29.412164499192297], [-50.351840700000025, -29.412196699192265], [-50.3518593, -29.41221589919226], [-50.35205330000002, -29.412582699192253], [-50.35204040000002, -29.41270899919228], [-50.35202759999999, -29.412835199192298], [-50.35448530000002, -29.412844299192297], [-50.35592350000001, -29.412620199192276], [-50.356732299999976, -29.41218109919229], [-50.357716900000014, -29.411970999192288], [-50.35865630000001, -29.41125799919227], [-50.35909179999999, -29.410429999192335], [-50.360152400000004, -29.40955789919232], [-50.36106810000002, -29.409124999192358], [-50.362026699999994, -29.407834799192358], [-50.36194690000002, -29.407666499192366], [-50.36110609999997, -29.40645219919237], [-50.359137299999986, -29.40341469919242], [-50.35827389999997, -29.402211299192444], [-50.35701210000003, -29.400540399192494], [-50.35597560000002, -29.398996199192506], [-50.35544119999997, -29.397386199192564], [-50.3557935, -29.39599999919258], [-50.35622030000002, -29.395211099192554], [-50.35756809999998, -29.3931818991926], [-50.358139600000015, -29.392387499192612], [-50.35912589999998, -29.391250999192643], [-50.360293099999986, -29.389995399192635], [-50.361101899999994, -29.389204399192664], [-50.36306130000002, -29.38739019919274], [-50.363737599999986, -29.386653499192747], [-50.364326000000005, -29.385797199192744], [-50.36480740000002, -29.384881199192748], [-50.365393799999985, -29.383496499192756], [-50.36588019999999, -29.381924399192794], [-50.3660779, -29.380812499192817], [-50.3663047, -29.378853899192876], [-50.366540799999996, -29.3776029991929], [-50.366827899999976, -29.376390699192903], [-50.367161099999976, -29.3754964991929], [-50.367659, -29.374551199192915], [-50.368850200000004, -29.372845299192942], [-50.369246299999986, -29.372031699192945], [-50.369500800000026, -29.370577699193003], [-50.369426499999975, -29.369705999193005], [-50.36914400000001, -29.368362599193038], [-50.368734599999975, -29.366747799193043], [-50.36870199999998, -29.365668199193088], [-50.36905899999999, -29.364693499193088], [-50.370812300000004, -29.36142789919318], [-50.37131210000001, -29.360281399193195], [-50.3727771, -29.356147899193232], [-50.373694, -29.353668499193297], [-50.374323000000004, -29.352882999193316], [-50.375447399999985, -29.352222299193304], [-50.376659399999994, -29.3517122991933], [-50.37792630000001, -29.35099169919334], [-50.3791329, -29.34983189919338], [-50.38075300000003, -29.348952799193366], [-50.38288180000001, -29.348475299193392], [-50.383959600000026, -29.34819159919338], [-50.385085600000025, -29.348186399193356], [-50.3865778, -29.348481899193402], [-50.38788490000002, -29.34842139919338], [-50.38929940000003, -29.347574899193372], [-50.39003819999999, -29.3467578991934], [-50.39119360000001, -29.34616839919342], [-50.3907969, -29.34527259919341], [-50.39012789999998, -29.34332399919345], [-50.38971729999997, -29.342426699193446], [-50.38912640000001, -29.34157369919351], [-50.38893839999997, -29.340495799193494], [-50.38939620000002, -29.339383299193535], [-50.390569500000026, -29.338189999193553], [-50.391265600000004, -29.33725559919356], [-50.39219179999998, -29.33654869919355], [-50.393095800000026, -29.336375799193544], [-50.39459900000003, -29.336423199193582], [-50.39605449999999, -29.33597009919358], [-50.397853999999995, -29.335174699193583], [-50.398664499999995, -29.334692599193595], [-50.40041589999999, -29.333169599193646], [-50.401193999999975, -29.33283539919365], [-50.400552800000014, -29.331174699193696], [-50.39964020000002, -29.32848869919369], [-50.39844729999999, -29.325527099193746], [-50.39827029999997, -29.324310399193784], [-50.39843680000001, -29.323084399193835], [-50.39890029999998, -29.322101299193818], [-50.39955320000001, -29.32120349919387], [-50.400329199999995, -29.32037889919383], [-50.401474399999984, -29.319534199193892], [-50.40359640000002, -29.31821309919387], [-50.404544999999985, -29.31777829919389], [-50.40610839999999, -29.31736849919389], [-50.4081516, -29.31678829919389], [-50.40950570000002, -29.31629819919391], [-50.41056090000001, -29.31568209919394], [-50.41241150000002, -29.31418729919397], [-50.414153199999994, -29.312575999193957], [-50.415100499999994, -29.311655099193995], [-50.41594470000001, -29.310898399194], [-50.41699319999998, -29.30984839919405], [-50.4180336, -29.30868349919403], [-50.41891390000001, -29.307474499194083], [-50.41991089999999, -29.30579389919414], [-50.42036039999999, -29.305335699194107], [-50.42140860000001, -29.305335899194095], [-50.42209489999999, -29.30476309919413], [-50.422918400000015, -29.303923699194126], [-50.42418159999999, -29.30360609919416], [-50.424527099999985, -29.30283549919416], [-50.425456999999994, -29.302835799194174], [-50.426259200000004, -29.303378499194153], [-50.427198200000014, -29.304365799194148], [-50.42803020000002, -29.305199899194104], [-50.42952709999997, -29.30533529919414], [-50.4295275, -29.304501799194153], [-50.43095570000002, -29.30445219919414], [-50.43187390000003, -29.304327999194122], [-50.43317059999998, -29.303915699194135], [-50.43424119999998, -29.30372949919411], [-50.435907400000026, -29.303672099194113], [-50.44025290000002, -29.30366989919413], [-50.44186300000001, -29.303567499194124], [-50.44350350000002, -29.303015799194167], [-50.44476689999999, -29.302694699194166], [-50.44590149999999, -29.302262199194136], [-50.44725119999998, -29.30204079919415], [-50.44869369999998, -29.30200219919417], [-50.448679500000026, -29.300205399194184], [-50.4493483, -29.299360699194235], [-50.4501942, -29.29853689919422], [-50.4507739, -29.29788559919421], [-50.45119410000001, -29.29783519919424], [-50.45021009999999, -29.295736099194276], [-50.44914999999998, -29.293068099194354], [-50.44770499999999, -29.290634499194372], [-50.44740999999999, -29.289602999194376], [-50.447374399999994, -29.288484699194427], [-50.447558300000026, -29.287399799194404], [-50.4480676, -29.285833999194466], [-50.44821769999999, -29.28487389919444], [-50.448184200000014, -29.283893399194486], [-50.447638600000005, -29.28024989919454], [-50.447577799999976, -29.278713199194588], [-50.44747000000001, -29.277752999194593], [-50.44665789999999, -29.27499419919461], [-50.446415899999984, -29.273664399194633], [-50.44637180000001, -29.272844199194676], [-50.44637399999999, -29.27197209919471], [-50.4465055, -29.27025239919472], [-50.44702719999998, -29.267835699194727], [-50.450174000000004, -29.266541599194753], [-50.45609300000001, -29.263943899194828], [-50.45868130000002, -29.26289689919482], [-50.46047929999997, -29.26212859919484], [-50.46143790000002, -29.261627799194834], [-50.4622529, -29.26112069919485], [-50.463209800000016, -29.260396199194876], [-50.4639406, -29.2597894991949], [-50.4655525, -29.258265199194906], [-50.46696179999998, -29.257027499194933], [-50.46761220000001, -29.256355599194944], [-50.468216600000005, -29.255470699194955], [-50.468801299999996, -29.254232999194997], [-50.46937350000002, -29.252443299194997], [-50.469967699999984, -29.250240199195062], [-50.470513700000026, -29.24903929919506], [-50.47137090000001, -29.247726599195104], [-50.472333900000024, -29.246786499195093], [-50.473208800000016, -29.246231699195135], [-50.47484800000001, -29.24579499919513], [-50.47581380000002, -29.245746999195124], [-50.4778013, -29.245725099195145], [-50.48157759999999, -29.245359899195115], [-50.485385699999995, -29.245207899195165], [-50.486584199999974, -29.245026099195165], [-50.487665900000025, -29.244677599195136], [-50.48848650000002, -29.24420599919518], [-50.48924299999999, -29.24361409919518], [-50.49068540000002, -29.242157799195166], [-50.492299600000024, -29.240132899195217], [-50.49320419999998, -29.239065899195253], [-50.4939776, -29.238300299195245], [-50.494911, -29.237538399195284], [-50.49584420000002, -29.236984699195283], [-50.49698969999998, -29.2365403991953], [-50.49817839999997, -29.236248799195288], [-50.499810000000025, -29.235958599195303], [-50.500723199999975, -29.235740099195286], [-50.501591099999985, -29.23543509919534], [-50.502471300000025, -29.234975899195316], [-50.50333050000001, -29.234358199195288], [-50.50443739999997, -29.233482699195363], [-50.50522130000002, -29.232954199195348], [-50.50732579999999, -29.23205189919536], [-50.508556, -29.23116629919537], [-50.50934280000001, -29.230284399195412], [-50.50994020000002, -29.22950909919538], [-50.51050249999997, -29.228671899195408], [-50.5109281, -29.22793279919544], [-50.511966400000006, -29.225923799195442], [-50.51251580000001, -29.224660199195498], [-50.51301330000001, -29.223353599195512], [-50.51356129999999, -29.222722999195497], [-50.51462689999999, -29.222739899195545], [-50.515633999999984, -29.22333189919552], [-50.51772940000001, -29.22525789919545], [-50.518586099999986, -29.22604019919547], [-50.519435699999974, -29.22668029919546], [-50.5202536, -29.22717249919545], [-50.52122630000002, -29.227638899195426], [-50.52273129999997, -29.228071599195452], [-50.524338, -29.228232399195452], [-50.52534459999998, -29.22825579919543], [-50.52801419999998, -29.228247599195413], [-50.53024970000001, -29.228400099195415], [-50.531240399999994, -29.22837789919541], [-50.532679599999994, -29.228218099195423], [-50.5381428, -29.227163399195444], [-50.540410099999974, -29.226734199195462], [-50.541611999999986, -29.22653329919549], [-50.54328190000001, -29.226344499195445], [-50.544215000000015, -29.226309999195475], [-50.54656510000001, -29.226383599195483], [-50.548190999999974, -29.226492699195468], [-50.556091200000026, -29.227115199195467], [-50.558025999999984, -29.22735989919545], [-50.559540200000015, -29.22764909919545], [-50.56036069999999, -29.227835199195457], [-50.56257199999999, -29.226767299195455], [-50.56391129999997, -29.225989099195456], [-50.56607939999998, -29.224641299195465], [-50.568324200000006, -29.22344869919551], [-50.5693971, -29.222682199195532], [-50.57003409999999, -29.221742799195564], [-50.57016770000002, -29.220772399195535], [-50.57012359999999, -29.219513699195574], [-50.569117199999994, -29.21282859919572], [-50.56896549999999, -29.210348499195746], [-50.56857159999998, -29.207434099195776], [-50.568530599999974, -29.2064670991958], [-50.568751099999986, -29.205534599195836], [-50.5703345, -29.20363069919588], [-50.57092239999998, -29.202597599195865], [-50.5713801, -29.201485099195907], [-50.5716314, -29.20058759919592], [-50.57184109999997, -29.199558199195938], [-50.5720179, -29.198451499195922], [-50.57257149999998, -29.19432339919599], [-50.57286049999999, -29.192835199196026], [-50.57420180000002, -29.19293689919605], [-50.57493169999998, -29.19361199919599], [-50.57701759999998, -29.193676599196035], [-50.57798960000002, -29.194261299196008], [-50.579526699999974, -29.194502499196016], [-50.58065190000002, -29.193299999196057], [-50.58183559999998, -29.191364199196073], [-50.582609400000024, -29.190195799196115], [-50.583149699999986, -29.189532799196094], [-50.58415200000002, -29.188778299196144], [-50.58511520000002, -29.188494799196107], [-50.586678800000016, -29.188286599196147], [-50.5877428, -29.188083799196136], [-50.58879999999999, -29.18778869919613], [-50.59054689999999, -29.187038199196152], [-50.59236499999997, -29.186083199196155], [-50.59364950000002, -29.18530469919619], [-50.59510690000002, -29.184322299196204], [-50.5965142, -29.183303099196195], [-50.59741439999999, -29.18254949919622], [-50.59948759999997, -29.18054749919624], [-50.600105999999975, -29.179839299196303], [-50.600656800000024, -29.17898499919629], [-50.60105040000001, -29.17796809919628], [-50.601493000000005, -29.176088499196318], [-50.601857300000006, -29.175141599196365], [-50.602326800000014, -29.174385699196367], [-50.60296169999998, -29.17354929919635], [-50.60411210000001, -29.172281699196382], [-50.60493889999997, -29.17149689919644], [-50.605829400000005, -29.170741899196408], [-50.60807540000002, -29.169072599196436], [-50.60906189999997, -29.16829399919646], [-50.610748399999984, -29.166758699196492], [-50.612335099999996, -29.16514279919653], [-50.6137602, -29.163516399196542], [-50.614526899999994, -29.162446499196555], [-50.615249000000006, -29.161060599196563], [-50.6153597, -29.160335999196576], [-50.61631010000002, -29.159671599196646], [-50.617986799999976, -29.159021599196638], [-50.619408799999974, -29.158624699196643], [-50.62157159999999, -29.158195499196612], [-50.62299839999997, -29.158014699196674], [-50.624256, -29.157934799196656], [-50.62561770000002, -29.157935599196623], [-50.627414600000016, -29.15807489919662], [-50.62864569999999, -29.158306599196642], [-50.62981430000002, -29.158480199196624], [-50.6312178, -29.158555299196628], [-50.632692700000014, -29.158492899196627], [-50.6346643, -29.158252799196646], [-50.638715400000024, -29.15766439919664], [-50.64035310000002, -29.157400899196684], [-50.641921000000025, -29.157089299196652], [-50.64624199999997, -29.155994599196667], [-50.647732700000006, -29.155701499196706], [-50.64876320000002, -29.155576699196672], [-50.64972540000003, -29.155592199196683], [-50.6507436, -29.15580559919669], [-50.65217469999999, -29.156249899196656], [-50.65315579999998, -29.156508799196665], [-50.65432279999999, -29.156689099196665], [-50.6555121, -29.15674919919664], [-50.65769030000002, -29.15670299919665], [-50.65862040000002, -29.156769299196664], [-50.660639100000026, -29.157161599196648], [-50.66376309999998, -29.158080199196604], [-50.66466009999999, -29.158294499196668], [-50.665754299999996, -29.15846339919665], [-50.66706429999999, -29.15837799919667], [-50.668123999999985, -29.15805839919666], [-50.67056339999999, -29.157033399196642], [-50.67166329999998, -29.15661349919666], [-50.67367389999998, -29.156049899196713], [-50.67509919999998, -29.155788599196665], [-50.67669360000002, -29.15560789919669], [-50.678306099999986, -29.155584499196657], [-50.679486199999985, -29.155623399196724], [-50.682234900000026, -29.155787199196702], [-50.68602229999999, -29.155914099196693], [-50.688691199999994, -29.155848599196695], [-50.68966979999999, -29.155764099196684], [-50.6909774, -29.15540149919667], [-50.69178390000002, -29.154980899196683], [-50.69250290000002, -29.154460499196727], [-50.69335189999998, -29.153575899196746], [-50.6942143, -29.15214069919676], [-50.694715099999996, -29.151404099196732], [-50.69581299999998, -29.150226399196782], [-50.696777300000015, -29.149444599196773], [-50.69789889999998, -29.148700499196835], [-50.69898389999997, -29.14810769919683], [-50.70109209999998, -29.147076499196857], [-50.702429300000006, -29.14627329919686], [-50.7030671, -29.145695599196866], [-50.70363529999997, -29.144800699196885], [-50.7036931, -29.144502599196894], [-50.70461260000001, -29.144521699196858], [-50.70607680000001, -29.144972399196835], [-50.70715289999998, -29.14544539919688], [-50.70844499999998, -29.146147399196863], [-50.709552200000026, -29.14684809919683], [-50.71384660000001, -29.149752699196803], [-50.71532350000001, -29.150809299196748], [-50.716013799999985, -29.15134519919674], [-50.71686519999997, -29.152121099196727], [-50.718612399999984, -29.153968299196688], [-50.71991639999999, -29.155106799196687], [-50.72100490000003, -29.155644799196676], [-50.72267260000001, -29.155664199196668], [-50.72578099999998, -29.15484139919671], [-50.72675590000001, -29.154691099196672], [-50.72810390000001, -29.154728399196703], [-50.729108499999995, -29.154937299196668], [-50.73054719999998, -29.1553985991967], [-50.732080699999976, -29.155977199196684], [-50.733104899999994, -29.15628329919665], [-50.73492700000003, -29.156503599196675], [-50.736165200000016, -29.15639269919669], [-50.7373609, -29.156087999196693], [-50.738439400000004, -29.15573199919668], [-50.74202009999999, -29.15446839919669], [-50.74352110000001, -29.153881899196694], [-50.74447120000002, -29.153449099196717], [-50.74681179999999, -29.15200989919674], [-50.74772519999999, -29.151520299196775], [-50.74856940000001, -29.151155499196772], [-50.75223, -29.149777799196762], [-50.75424029999999, -29.149055999196772], [-50.75560589999998, -29.148512599196813], [-50.7567583, -29.148009699196795], [-50.75852600000002, -29.147162499196803], [-50.7596567, -29.146590499196844], [-50.76036010000002, -29.146168899196866], [-50.75965509999997, -29.145485499196862], [-50.75897170000002, -29.144505599196865], [-50.758710800000024, -29.14363379919687], [-50.75851319999998, -29.14210829919693], [-50.758265600000016, -29.14102219919694], [-50.7588437, -29.13919119919699], [-50.75977660000001, -29.13777039919701], [-50.76007229999999, -29.136697799196995], [-50.75998529999998, -29.13577439919702], [-50.76046789999998, -29.13495859919704], [-50.76137310000001, -29.13422089919705], [-50.76278639999998, -29.1322368991971], [-50.76285960000001, -29.132002299197083], [-50.76418640000003, -29.13208729919711], [-50.76514659999998, -29.132041099197064], [-50.76627639999999, -29.131915299197097], [-50.77006529999999, -29.131209099197083], [-50.77167730000002, -29.13094679919711], [-50.772772599999996, -29.13083219919709], [-50.77386439999997, -29.130777699197132], [-50.775457500000016, -29.13079119919708], [-50.77884599999999, -29.130914999197124], [-50.780090599999994, -29.130928899197112], [-50.78291550000001, -29.13089459919709], [-50.78499240000002, -29.130921199197093], [-50.78645920000003, -29.130858999197102], [-50.78970490000001, -29.130220699197128], [-50.791067999999996, -29.129971999197135], [-50.79393229999999, -29.129536099197136], [-50.797616000000005, -29.12859039919714], [-50.79860889999997, -29.128370999197163], [-50.799577399999976, -29.12820199919714], [-50.80060839999999, -29.128078199197155], [-50.80158419999998, -29.12808149919716], [-50.8029196, -29.128350699197146], [-50.8049317, -29.12910909919713], [-50.80642920000002, -29.129366399197124], [-50.807962299999986, -29.129031099197167], [-50.8092972, -29.128400799197163], [-50.812762099999986, -29.126236999197182], [-50.81446599999999, -29.125223799197222], [-50.81629479999998, -29.124005899197208], [-50.81700489999997, -29.12346409919721], [-50.81781139999998, -29.122667199197274], [-50.8186278, -29.121725499197304], [-50.819689900000014, -29.120443999197313], [-50.820431600000006, -29.119374899197336], [-50.8209746, -29.118443199197326], [-50.821987200000024, -29.11650409919734], [-50.82255489999999, -29.115602799197347], [-50.823667199999996, -29.114313399197407], [-50.824442999999974, -29.113675799197413], [-50.82452680000001, -29.113669499197414], [-50.8270119, -29.11365859919741], [-50.827929900000015, -29.114276399197387], [-50.828693699999974, -29.113669199197414], [-50.83077700000001, -29.114698199197406], [-50.83178850000001, -29.115551799197373], [-50.83250750000002, -29.11649439919737], [-50.83302709999998, -29.117868499197318], [-50.83383739999999, -29.118480199197347], [-50.8349599, -29.118375199197327], [-50.83641749999998, -29.117465999197325], [-50.83818430000002, -29.117908799197345], [-50.839461899999996, -29.118422599197306], [-50.84090859999998, -29.11867789919734], [-50.84119279999998, -29.118669299197347], [-50.84148950000002, -29.117445399197347], [-50.84218390000001, -29.11658279919736], [-50.84322150000002, -29.115688699197392], [-50.844399599999974, -29.114938799197393], [-50.84787319999998, -29.113145499197376], [-50.84875899999997, -29.112666999197405], [-50.849525200000016, -29.11220949919744], [-50.85044460000001, -29.11150299919746], [-50.85148609999999, -29.110329599197467], [-50.8518934, -29.109541799197466], [-50.8521748, -29.10870149919749], [-50.85252079999998, -29.107368199197523], [-50.85280230000001, -29.10648489919754], [-50.853220299999975, -29.105455999197552], [-50.8540848, -29.10360769919758], [-50.85492549999998, -29.10238329919758], [-50.85600279999999, -29.101519399197592], [-50.85817800000001, -29.100374599197647], [-50.85924779999999, -29.09972259919765], [-50.860337699999995, -29.098719999197677], [-50.86137070000001, -29.097314799197687], [-50.862455899999986, -29.09628869919772], [-50.86411409999999, -29.094968599197752], [-50.86810889999998, -29.09142789919778], [-50.86962060000002, -29.0902975991978], [-50.872762000000016, -29.088261899197875], [-50.87348470000001, -29.08773339919786], [-50.8751168, -29.086383499197893], [-50.87598780000002, -29.085553499197886], [-50.877026, -29.084502699197895], [-50.87807060000001, -29.08520619919791], [-50.87884120000001, -29.085642099197866], [-50.87983750000001, -29.085927199197897], [-50.880823299999975, -29.085965799197886], [-50.88288840000001, -29.08515169919787], [-50.88382990000002, -29.08441869919793], [-50.88687320000003, -29.084527499197893], [-50.887846000000025, -29.084694499197926], [-50.8893741, -29.08518549919792], [-50.89106939999999, -29.08560979919788], [-50.89201159999999, -29.085537899197917], [-50.893444699999975, -29.08422739919789], [-50.894121900000016, -29.08369839919793], [-50.8950635, -29.083149399197957], [-50.89616849999999, -29.08284109919793], [-50.89707299999998, -29.083353799197933], [-50.89814050000001, -29.083711899197947], [-50.898800800000004, -29.084278199197946], [-50.89983940000002, -29.084518799197923], [-50.90202679999998, -29.084502199197892], [-50.902924900000016, -29.08488389919794], [-50.90368489999998, -29.086048199197887], [-50.9041527, -29.08712729919789], [-50.90552500000002, -29.090950999197812], [-50.906053199999974, -29.092105199197764], [-50.90675470000002, -29.09321339919779], [-50.90748109999999, -29.094007399197753], [-50.90862160000001, -29.094876099197744], [-50.90944230000002, -29.095282399197696], [-50.9106516, -29.095469999197697], [-50.9124491, -29.09506149919771], [-50.91338880000001, -29.09490949919776], [-50.914852800000006, -29.095033599197762], [-50.91591699999998, -29.095324299197742], [-50.91691370000001, -29.09564869919775], [-50.92112229999998, -29.097218299197692], [-50.92200439999999, -29.097614699197692], [-50.92354510000001, -29.09855739919768], [-50.92492229999999, -29.099818199197664], [-50.9257121, -29.100705299197653], [-50.9268328, -29.102168899197597], [-50.92757929999999, -29.103286099197582], [-50.928419700000006, -29.104679499197534], [-50.92923289999999, -29.105673499197565], [-50.9301084, -29.10635829919754], [-50.931123300000024, -29.10684519919753], [-50.93204800000001, -29.107035399197496], [-50.93311610000001, -29.107060499197516], [-50.93424040000002, -29.106928399197542], [-50.93575229999999, -29.106548999197503], [-50.93796370000001, -29.105817699197527], [-50.93921610000001, -29.105450899197532], [-50.940148299999976, -29.10528379919755], [-50.94119269999998, -29.105336099197533], [-50.942099799999994, -29.10613329919755], [-50.944655300000015, -29.107941899197517], [-50.94545290000002, -29.108541299197512], [-50.95110979999998, -29.1133027991974], [-50.951746300000025, -29.113873899197383], [-50.9529579, -29.115184199197362], [-50.95448090000003, -29.11730289919737], [-50.955098299999975, -29.118084599197307], [-50.95580180000002, -29.118729299197298], [-50.956654300000025, -29.119191199197303], [-50.95752060000001, -29.11941199919732], [-50.95925519999997, -29.119453199197327], [-50.96037940000002, -29.11938019919733], [-50.96158129999998, -29.119267899197325], [-50.96282309999997, -29.119115299197293], [-50.967965600000014, -29.1184119991973], [-50.97173909999998, -29.11785759919731], [-50.973102400000016, -29.117813999197352], [-50.9742713, -29.11806889919735], [-50.97523940000003, -29.118979699197332], [-50.97576350000003, -29.11986779919731], [-50.97611599999999, -29.120635099197294], [-50.9764151, -29.12153579919727], [-50.976750700000025, -29.122701199197245], [-50.97734350000002, -29.123914099197208], [-50.97821809999999, -29.12501919919721], [-50.978938899999996, -29.12560879919721], [-50.979789100000005, -29.126072999197216], [-50.98065059999999, -29.126431099197173], [-50.982669999999985, -29.127176799197144], [-50.98439569999999, -29.127670399197175], [-50.986587799999995, -29.127946099197125], [-50.9881173, -29.127967799197183], [-50.990725699999984, -29.12782999919717], [-50.9923215, -29.127688799197152], [-50.99382489999999, -29.127510599197166], [-50.995345799999996, -29.12725669919715], [-50.99690450000003, -29.12687479919717], [-50.998529099999985, -29.126291299197174], [-50.998693, -29.12616919919719], [-50.99946490000002, -29.12542669919719], [-51.000452300000006, -29.124970499197225], [-51.002261799999985, -29.12430199919722], [-51.00449149999997, -29.123425499197232], [-51.00581240000003, -29.122690899197256], [-51.00743940000002, -29.121250299197275], [-51.00828389999998, -29.120794099197294], [-51.0093134, -29.12061399919728], [-51.010416400000004, -29.1206221991973], [-51.01145489999999, -29.120798599197286], [-51.0132759, -29.121406399197284], [-51.01448290000002, -29.121471199197245], [-51.01567990000001, -29.121047099197277], [-51.01746600000002, -29.11992249919728], [-51.018832799999984, -29.119266499197288], [-51.019782299999974, -29.118926099197317], [-51.02259950000001, -29.118176099197356], [-51.02373290000003, -29.11773339919736], [-51.02454970000003, -29.11706869919735], [-51.026595199999974, -29.117727399197303], [-51.02764050000002, -29.118289999197327], [-51.02830959999999, -29.119096199197315], [-51.02881719999999, -29.120861999197267], [-51.02908769999999, -29.121688999197268], [-51.0297291, -29.122952199197226], [-51.03052650000001, -29.123953499197256], [-51.031568499999985, -29.124865899197186], [-51.03216279999998, -29.12555849919722], [-51.03311250000002, -29.12791179919715], [-51.033756900000014, -29.12903579919713], [-51.03472909999999, -29.130174399197113], [-51.03535670000002, -29.130754199197128], [-51.03635259999999, -29.131459699197098], [-51.03731399999999, -29.131830799197083], [-51.040963999999974, -29.132496199197067], [-51.0420262, -29.13283589919705], [-51.04396969999999, -29.131687599197125], [-51.04752639999998, -29.12969939919712], [-51.050228999999995, -29.128120699197165], [-51.05154759999999, -29.127254199197168], [-51.05344960000002, -29.125920599197176], [-51.05503060000001, -29.125060399197203], [-51.05628400000001, -29.12467739919722], [-51.05761130000001, -29.124463699197204], [-51.061093200000016, -29.12421629919722], [-51.06327490000001, -29.124152899197245], [-51.06441669999998, -29.124076599197252], [-51.06608940000001, -29.123830199197222], [-51.06846969999997, -29.12340879919724], [-51.070242699999994, -29.123196299197257], [-51.071359700000016, -29.12316099919722], [-51.07247869999998, -29.123216899197228], [-51.074798699999974, -29.123548399197237], [-51.07660959999998, -29.12390409919723], [-51.0777498, -29.12406679919721], [-51.07901379999999, -29.12409339919723], [-51.08021630000002, -29.12392709919723], [-51.081189600000016, -29.123613299197228], [-51.08215569999998, -29.123133199197227], [-51.08355130000001, -29.12220219919726], [-51.084583899999984, -29.12088519919725], [-51.085798899999986, -29.117588199197343], [-51.086322300000006, -29.11677529919732], [-51.08729460000001, -29.116341999197346], [-51.090055199999995, -29.116246899197385], [-51.09169800000001, -29.11612429919739], [-51.09260710000001, -29.115987999197376], [-51.094194000000016, -29.115641899197385], [-51.095545000000016, -29.115237399197387], [-51.0963779, -29.114917799197386], [-51.09734179999998, -29.11452449919741], [-51.09917309999997, -29.115303899197396], [-51.100336500000026, -29.116058999197378], [-51.10209919999999, -29.117794799197345], [-51.10305979999998, -29.118381299197328], [-51.104095400000006, -29.118583599197343], [-51.10526779999998, -29.118676199197306], [-51.10885050000002, -29.11881789919732], [-51.11075140000003, -29.119081199197293], [-51.11193309999998, -29.119019499197297], [-51.11368649999997, -29.119288799197296], [-51.11495719999999, -29.119311999197294], [-51.11589300000003, -29.119136399197316], [-51.11779059999997, -29.11843569919734], [-51.118932700000016, -29.11795859919733], [-51.11952600000001, -29.117835799197366], [-51.119999199999995, -29.118679799197327], [-51.1204237, -29.120108699197292], [-51.12066440000001, -29.121346799197298], [-51.12118420000002, -29.122336599197244], [-51.12333960000001, -29.123301999197263], [-51.12528359999999, -29.123848399197207], [-51.12660799999997, -29.12452049919722], [-51.12727469999999, -29.12525059919722], [-51.12735670000001, -29.127187999197165], [-51.12740530000002, -29.127995899197142], [-51.12766859999999, -29.12941209919716], [-51.12793829999998, -29.13207619919707], [-51.12812930000001, -29.133093599197068], [-51.1286662, -29.134029099197083], [-51.129504499999996, -29.13467859919701], [-51.13110760000001, -29.135652599197044], [-51.13202610000001, -29.136169099197033], [-51.13195459999997, -29.138281699196966], [-51.131972899999994, -29.139895399196952], [-51.13208750000002, -29.140703799196924], [-51.13256180000002, -29.141577899196925], [-51.134189100000015, -29.142270999196906], [-51.13590499999998, -29.142935599196885], [-51.1367745, -29.143456699196896], [-51.13770590000001, -29.14463499919687], [-51.13838500000003, -29.145595999196857], [-51.138921700000026, -29.147239899196812], [-51.13921179999999, -29.148046099196808], [-51.13927369999999, -29.14883569919681], [-51.13911409999997, -29.1496785991968], [-51.138786900000014, -29.15060829919676], [-51.13869249999998, -29.15116959919676], [-51.139553700000015, -29.152082299196763], [-51.141032199999984, -29.153224199196746], [-51.14232590000001, -29.154070199196696], [-51.143577600000015, -29.15450159919671], [-51.14495959999999, -29.154795399196708], [-51.14625769999998, -29.155244399196707], [-51.148209399999985, -29.156575799196645], [-51.14953439999999, -29.157835099196642], [-51.1507029, -29.159221199196605], [-51.15149170000001, -29.160060899196637], [-51.152415399999995, -29.160759899196613], [-51.15350910000001, -29.161265499196595], [-51.15499010000002, -29.161583699196576], [-51.15699990000002, -29.161732099196566], [-51.15878379999998, -29.16212449919657], [-51.15986029999999, -29.16248399919657], [-51.1609593, -29.163036199196576], [-51.161913899999995, -29.16374169919654], [-51.16266969999998, -29.164620299196557], [-51.163636499999996, -29.166235099196502], [-51.16427260000001, -29.16751989919648], [-51.1648485, -29.169093399196463], [-51.1652517, -29.17036649919643], [-51.16546570000002, -29.171341999196393], [-51.16535970000001, -29.172002599196396], [-51.1664523, -29.17189419919641], [-51.16787709999999, -29.171550199196425], [-51.16885509999997, -29.171424399196386], [-51.1700553, -29.171543699196377], [-51.171093600000006, -29.171820599196387], [-51.172548199999994, -29.171777999196426], [-51.17340689999997, -29.17134489919642], [-51.17403139999999, -29.170609499196438], [-51.174957000000006, -29.169914699196426], [-51.17596150000003, -29.169722299196433], [-51.17729220000001, -29.16995069919645], [-51.178398800000025, -29.169960699196437], [-51.179396300000015, -29.169686299196467], [-51.180612499999995, -29.169426199196423], [-51.18148869999999, -29.169123699196454], [-51.18266649999998, -29.168235999196447], [-51.18357500000002, -29.168053599196487], [-51.18430349999999, -29.168568799196475], [-51.185388100000004, -29.169614699196448], [-51.18724159999999, -29.17210099919639], [-51.18789800000002, -29.17271519919641], [-51.18889359999997, -29.173204899196357], [-51.1903959, -29.173456699196347], [-51.191569800000025, -29.174185899196363], [-51.19252820000003, -29.175597299196337], [-51.193260099999975, -29.176864099196298], [-51.19397029999999, -29.177585599196288], [-51.194706800000006, -29.178082299196326], [-51.19552590000001, -29.178513899196275], [-51.196593699999994, -29.178994899196308], [-51.197421899999995, -29.179628199196298], [-51.19936000000001, -29.182575699196196], [-51.20024510000002, -29.184265699196217], [-51.20094169999999, -29.185217899196175], [-51.20119290000002, -29.185336099196153], [-51.20204940000002, -29.184978399196154], [-51.202901699999984, -29.184115899196186], [-51.204057499999976, -29.1831288991962], [-51.205659500000024, -29.182213299196224], [-51.20668439999997, -29.18169839919624], [-51.207903499999986, -29.180969699196233], [-51.208885599999974, -29.180181899196242], [-51.20977370000003, -29.179894499196248], [-51.210782600000016, -29.18005619919628], [-51.21168540000002, -29.18018899919625], [-51.212715100000025, -29.180258899196275], [-51.21378900000002, -29.180271499196262], [-51.21483469999998, -29.180212299196256], [-51.215762400000024, -29.18003329919625], [-51.21684060000001, -29.179514699196293], [-51.2175795, -29.1789417991963], [-51.218078600000005, -29.178245199196287], [-51.21862900000002, -29.177216499196295], [-51.21963899999997, -29.177600099196315], [-51.22065550000002, -29.17786529919631], [-51.221245899999985, -29.179043799196275], [-51.222548399999994, -29.179616299196287], [-51.223235999999986, -29.180235199196275], [-51.224525400000005, -29.180335899196255], [-51.2253943, -29.18116949919626], [-51.22657129999999, -29.18246869919623], [-51.227436599999976, -29.18354549919619], [-51.2283152, -29.18476559919617], [-51.2292913, -29.186340899196175], [-51.231718199999996, -29.19082129919605], [-51.23216070000001, -29.19158109919607], [-51.23265400000002, -29.19225209919607], [-51.23397920000002, -29.193184899196037], [-51.2353779, -29.19355539919602], [-51.23670559999999, -29.193726499196057], [-51.2392987, -29.193721999196008], [-51.24040400000001, -29.193765999196014], [-51.24153000000001, -29.19389689919605], [-51.24449090000002, -29.194534299196004], [-51.2464685, -29.195043099196024], [-51.252181699999994, -29.19689449919595], [-51.253349000000014, -29.197291199195956], [-51.25445330000002, -29.197736499195976], [-51.25605280000001, -29.198606999195928], [-51.256999099999966, -29.19931939919591], [-51.258121000000024, -29.200490299195916], [-51.25860060000002, -29.20126379919589], [-51.258962800000006, -29.20208779919589], [-51.25923990000002, -29.202922399195838], [-51.25956230000003, -29.20412979919583], [-51.25982069999998, -29.20492319919583], [-51.26034179999999, -29.205781099195843], [-51.26152059999998, -29.206334699195825], [-51.26310990000002, -29.20657359919581], [-51.26438940000003, -29.2068738991958], [-51.26631809999998, -29.20779029919579], [-51.2676411, -29.208714199195754], [-51.26849229999999, -29.20975399919573], [-51.268692499999986, -29.210335799195725], [-51.26954089999998, -29.21095249919575], [-51.2708328, -29.211173399195733], [-51.271192400000025, -29.210336099195743], [-51.27223570000001, -29.210505999195746], [-51.2733384, -29.211229699195712], [-51.27433070000001, -29.21193639919572], [-51.27563930000002, -29.21261279919569], [-51.276585000000004, -29.212964799195696], [-51.27731610000001, -29.213437599195718], [-51.278216799999996, -29.2138261991957], [-51.27889959999999, -29.214950299195657], [-51.27994960000001, -29.21601299919562], [-51.28035940000001, -29.21616929919563], [-51.281289800000025, -29.216805999195657], [-51.2823555, -29.217041399195654], [-51.282963300000006, -29.217633199195625], [-51.28390030000003, -29.217850599195625], [-51.28619250000003, -29.217835999195582], [-51.29024720000001, -29.217853799195606], [-51.291154500000005, -29.217555699195614], [-51.291192000000024, -29.215335699195677], [-51.2922413, -29.215349299195665], [-51.294729700000005, -29.21639069919561], [-51.29752050000002, -29.217323899195613], [-51.29845990000001, -29.217748599195616], [-51.300386600000024, -29.219191599195575], [-51.30129829999998, -29.21981879919555], [-51.30233290000001, -29.22037929919556], [-51.303357500000004, -29.220794099195533], [-51.30444369999998, -29.221149799195526], [-51.3059872, -29.221562399195527], [-51.30756050000002, -29.22186039919556], [-51.30871130000003, -29.22198339919554], [-51.309842, -29.222023799195515], [-51.31255729999998, -29.222028999195565], [-51.3135178, -29.222117599195517], [-51.314974099999965, -29.222881299195496], [-51.315536500000015, -29.223533699195528], [-51.317128500000024, -29.225641399195442], [-51.31800820000001, -29.22713369919547], [-51.31878499999999, -29.228984999195447], [-51.31919069999998, -29.229768699195418], [-51.32041079999999, -29.2307158991954], [-51.32172120000001, -29.230953599195406], [-51.32261940000001, -29.23100659919538], [-51.323564799999986, -29.23100659919538], [-51.324517800000024, -29.230959799195375], [-51.32691110000002, -29.230777299195385], [-51.32799369999998, -29.230795599195396], [-51.33166349999999, -29.2312308991954], [-51.333039499999984, -29.23132539919538], [-51.335817099999986, -29.231414699195394], [-51.33727470000003, -29.231532599195354], [-51.33827439999999, -29.231755199195387], [-51.338691900000015, -29.232002899195372], [-51.339561600000025, -29.232495599195357], [-51.34054850000001, -29.232159499195387], [-51.341482499999984, -29.231415299195362], [-51.343186100000025, -29.23102069919537], [-51.34396889999999, -29.230557599195386], [-51.34492289999997, -29.230211399195376], [-51.345641, -29.229727299195392], [-51.34659140000003, -29.229266699195406], [-51.3470337, -29.228193099195426], [-51.34869229999998, -29.22783599919546], [-51.349418500000006, -29.228652199195423], [-51.35136690000002, -29.229820599195385], [-51.353445799999974, -29.230693999195417], [-51.35492010000002, -29.231739299195382], [-51.3566854, -29.232848599195368], [-51.357607099999996, -29.23328329919533], [-51.3587407, -29.233541099195357], [-51.3600202, -29.233637799195332], [-51.361335199999985, -29.233617499195326], [-51.36259059999997, -29.233475899195327], [-51.36468500000001, -29.23282709919535], [-51.36619919999998, -29.232234599195387], [-51.36875939999999, -29.231385899195395], [-51.37030170000003, -29.231005299195374], [-51.37241560000001, -29.2303692991954], [-51.37506769999999, -29.229656299195398], [-51.37619189999999, -29.2295025991954], [-51.37794580000002, -29.22946079919544], [-51.379587300000026, -29.22947739919542], [-51.3811963, -29.22961389919541], [-51.382350299999985, -29.229950699195413], [-51.383387599999985, -29.23106799919537], [-51.383917999999994, -29.231960399195366], [-51.38361279999998, -29.235082199195336], [-51.38329590000001, -29.236343799195282], [-51.383256500000016, -29.237632599195255], [-51.3834473, -29.238566299195252], [-51.38372079999999, -29.241485599195173], [-51.38390670000001, -29.242410599195217], [-51.38449800000001, -29.24322579919518], [-51.385588299999995, -29.24377199919515], [-51.387240399999996, -29.244277499195153], [-51.3878588, -29.244502299195176], [-51.38885620000002, -29.244336799195146], [-51.38997490000003, -29.243597199195175], [-51.39055330000002, -29.242990499195198], [-51.391319399999986, -29.242380299195162], [-51.39372980000002, -29.241899399195212], [-51.39517139999998, -29.241020499195212], [-51.395948999999966, -29.240142499195215], [-51.396461699999975, -29.23892669919522], [-51.396918400000004, -29.23817439919524], [-51.39828790000001, -29.237998099195288], [-51.40028460000002, -29.238544799195257], [-51.40271439999997, -29.239167799195258], [-51.403637300000014, -29.23951199919523], [-51.40476380000001, -29.240158699195216], [-51.4057775, -29.240944699195207], [-51.40712009999999, -29.241658699195213], [-51.40797889999999, -29.241945899195212], [-51.41044570000002, -29.24267279919517], [-51.411716599999984, -29.24299749919517], [-51.413324199999984, -29.2431421991952], [-51.418100700000025, -29.242691099195188], [-51.42544320000002, -29.242702699195174], [-51.426658100000004, -29.242826199195203], [-51.4276787, -29.243243499195174], [-51.42848939999999, -29.24393259919517], [-51.429906800000026, -29.2458009991951], [-51.43072960000001, -29.24679069919514], [-51.43184739999998, -29.247819399195123], [-51.4326322, -29.2482647991951], [-51.43442440000001, -29.248964399195057], [-51.43535850000001, -29.249502499195074], [-51.437430000000006, -29.249521699195082], [-51.43957649999999, -29.249597499195044], [-51.44079019999999, -29.24969249919504], [-51.442308399999995, -29.249997999195056], [-51.443333300000006, -29.24990129919505], [-51.44428799999997, -29.24930019919506], [-51.44551439999998, -29.24838109919511], [-51.44660609999999, -29.247939199195116], [-51.447912599999995, -29.247659099195126], [-51.44902960000002, -29.2473343991951], [-51.45049519999998, -29.247237699195136], [-51.45146970000002, -29.247421599195096], [-51.45244939999998, -29.247275499195105], [-51.45343600000001, -29.245677599195165], [-51.4536918, -29.244502599195137], [-51.45452569999998, -29.244502199195146], [-51.45585249999999, -29.24518329919516], [-51.45727740000001, -29.245886899195153], [-51.45868059999999, -29.246758799195117], [-51.459738800000025, -29.247684999195098], [-51.460622100000016, -29.249015899195083], [-51.4608556, -29.24990419919506], [-51.46087189999997, -29.251563499195008], [-51.46093839999998, -29.253263699195], [-51.46081270000001, -29.25471109919498], [-51.46080779999999, -29.25555599919498], [-51.46118940000002, -29.257530799194917], [-51.46147800000001, -29.258590099194905], [-51.461921000000025, -29.259548899194918], [-51.463164800000015, -29.261552899194882], [-51.46401789999999, -29.263387199194845], [-51.46469059999998, -29.264711299194794], [-51.4660255, -29.26717159919475], [-51.46702529999999, -29.269502599194716], [-51.4678586, -29.27033609919471], [-51.46949019999999, -29.27043669919471], [-51.47048660000001, -29.270591299194685], [-51.471397000000024, -29.2707971991947], [-51.47243850000001, -29.27065199919469], [-51.47314849999998, -29.270019199194696], [-51.4743115, -29.269733299194712], [-51.4753033, -29.270119899194707], [-51.47632449999998, -29.271220599194685], [-51.477301599999976, -29.271783599194677], [-51.4783301, -29.27172989919471], [-51.48004580000003, -29.271012999194678], [-51.481610699999976, -29.270070099194715], [-51.482482300000015, -29.269281099194725], [-51.48339470000002, -29.26866419919473], [-51.4837627, -29.269446699194727], [-51.485358599999984, -29.26950249919471], [-51.485078499999986, -29.271969599194655], [-51.48450900000001, -29.272637999194636], [-51.48452579999997, -29.273668799194645], [-51.485894599999995, -29.274193399194637], [-51.48678819999998, -29.274682999194624], [-51.48902120000003, -29.27603459919461], [-51.490154200000006, -29.276570199194595], [-51.49113039999997, -29.276857099194554], [-51.49304719999998, -29.277504999194612], [-51.49393300000003, -29.277737999194574], [-51.49506769999999, -29.277914099194547], [-51.49622870000002, -29.277992599194583], [-51.497151599999995, -29.277793899194588], [-51.49849219999999, -29.276820299194593], [-51.49968819999998, -29.27577819919461], [-51.500412799999985, -29.27524309919463], [-51.501718700000026, -29.274683199194666], [-51.50314900000001, -29.27423279919463], [-51.50554690000001, -29.27317989919467], [-51.506593599999974, -29.272792299194666], [-51.50755989999999, -29.272713299194685], [-51.50897980000002, -29.27295969919467], [-51.510136699999975, -29.272989799194665], [-51.51177070000001, -29.272582799194684], [-51.51284160000001, -29.27182149919467], [-51.5133859, -29.2710623991947], [-51.51374120000003, -29.2702803991947], [-51.514644299999986, -29.27037559919474], [-51.5177683, -29.271507799194683], [-51.5192983, -29.272003999194666], [-51.52064150000001, -29.272309699194654], [-51.5220453, -29.272508899194662], [-51.52343730000001, -29.2725982991947], [-51.5255318, -29.27255739919465], [-51.5267887, -29.272428399194705], [-51.52988529999999, -29.271861099194705], [-51.53125429999999, -29.27172419919467], [-51.53267160000002, -29.271685699194663], [-51.534079799999965, -29.271745699194685], [-51.5359909, -29.2719543991947], [-51.537122599999975, -29.272125899194656], [-51.53833580000003, -29.272355199194664], [-51.53950570000001, -29.27261609919466], [-51.5414207, -29.27321519919464], [-51.54262319999998, -29.273734599194658], [-51.54409820000001, -29.274676999194632], [-51.54482890000003, -29.275298399194618], [-51.545610899999986, -29.276174799194592], [-51.547305800000004, -29.27879499919456], [-51.548290399999985, -29.28019449919454], [-51.5493404, -29.281436199194495], [-51.55132709999998, -29.283604899194486], [-51.552489900000005, -29.284799999194483], [-51.55341379999999, -29.285693899194463], [-51.554298800000026, -29.28643379919442], [-51.555248600000034, -29.287099199194415], [-51.556274299999984, -29.28767089919443], [-51.557394999999985, -29.2881245991944], [-51.55866630000003, -29.288438899194407], [-51.56001500000002, -29.288607799194423], [-51.5613811, -29.288652799194423], [-51.56540610000002, -29.288475099194425], [-51.56746620000001, -29.288525799194392], [-51.56921599999998, -29.28881389919437], [-51.57027099999999, -29.289093599194377], [-51.5719052, -29.289717799194385], [-51.5743438, -29.290903799194385], [-51.57542460000002, -29.291310099194323], [-51.5765763, -29.29166279919432], [-51.577765, -29.291982799194365], [-51.58044769999997, -29.29265589919432], [-51.581835700000006, -29.29289859919432], [-51.58326310000001, -29.29305969919433], [-51.584686499999975, -29.2931525991943], [-51.59039100000001, -29.293264299194284], [-51.59142700000001, -29.2933047991943], [-51.592563600000005, -29.293426299194323], [-51.59368719999998, -29.29367019919431], [-51.59732989999998, -29.294667399194264], [-51.60144170000001, -29.295665499194257], [-51.60277070000001, -29.29607219919429], [-51.60469219999999, -29.296851599194284], [-51.60572939999997, -29.297340899194232], [-51.607327199999986, -29.298209999194217], [-51.60857629999999, -29.299016499194206], [-51.609682400000004, -29.29991469919419], [-51.61081780000001, -29.3012319991942], [-51.61163060000001, -29.30256089919416], [-51.61204539999999, -29.303540299194147], [-51.61276429999998, -29.30556239919408], [-51.613183900000024, -29.306550699194087], [-51.61370579999999, -29.307454099194057], [-51.6142944, -29.30816349919404], [-51.615054699999966, -29.30884949919405], [-51.61632070000001, -29.309571599194065], [-51.61810359999999, -29.309903599194016], [-51.619477399999994, -29.30976369919404], [-51.620858999999996, -29.309373099194048], [-51.623421500000006, -29.30845389919407], [-51.62459910000001, -29.308160899194075], [-51.6255832, -29.30804679919406], [-51.6268953, -29.308138899194077], [-51.62782149999998, -29.30856129919406], [-51.627858300000014, -29.30866949919406], [-51.628031299999975, -29.307898999194087], [-51.62870370000002, -29.307220099194065], [-51.62869219999998, -29.30533579919413], [-51.62846209999998, -29.30492159919412], [-51.628375800000015, -29.304124199194113], [-51.62839500000001, -29.30302539919417], [-51.628684599999985, -29.301110499194174], [-51.629135700000006, -29.2994889991942], [-51.629692499999976, -29.298044099194264], [-51.63034490000001, -29.296658399194268], [-51.6310345, -29.295374999194255], [-51.6320556, -29.293672799194336], [-51.63306579999999, -29.292141199194337], [-51.63396019999999, -29.290933799194356], [-51.63460759999998, -29.290194399194384], [-51.63579729999998, -29.28914789919438], [-51.63686230000002, -29.288321899194422], [-51.63791279999998, -29.287656999194436], [-51.63893439999998, -29.2871420991944], [-51.64068520000001, -29.28637549919446], [-51.64288929999998, -29.285492899194455], [-51.64529429999999, -29.284461799194435], [-51.64680550000003, -29.283899599194463], [-51.64836630000002, -29.283418599194494], [-51.649524799999995, -29.283128899194487], [-51.6518011, -29.28265519919452], [-51.652976900000006, -29.28236619919451], [-51.6540938, -29.281974899194527], [-51.656293300000016, -29.281047299194526], [-51.65770789999999, -29.280516899194538], [-51.66001670000003, -29.279869999194567], [-51.66156189999998, -29.27961089919457], [-51.662860000000016, -29.279542099194565], [-51.664233000000024, -29.279564399194584], [-51.66566080000001, -29.27965519919453], [-51.66711529999998, -29.27982969919453], [-51.66868740000001, -29.280119399194533], [-51.672849600000006, -29.281124099194525], [-51.675127599999996, -29.28148239919452], [-51.67657329999997, -29.281548999194495], [-51.677713600000004, -29.281522299194517], [-51.67863990000001, -29.281441499194553], [-51.67952530000002, -29.281168999194506], [-51.679500200000014, -29.280468899194553], [-51.67954839999999, -29.27872659919459], [-51.67963830000003, -29.277616299194563], [-51.6797944, -29.2764271991946], [-51.6800316, -29.275222799194626], [-51.68049580000002, -29.273604399194657], [-51.68080120000002, -29.27276059919469], [-51.68141489999999, -29.27142209919468], [-51.68323579999997, -29.26813579919472], [-51.68384830000002, -29.267126499194777], [-51.68450999999999, -29.266157299194752], [-51.68522919999999, -29.265233499194824], [-51.68607780000002, -29.264239699194825], [-51.688028700000025, -29.262309699194848], [-51.68878690000002, -29.261415999194856], [-51.68951320000002, -29.26032659919485], [-51.69009369999998, -29.2592926991949], [-51.6930921, -29.253193199195007], [-51.694143800000006, -29.250904099195054], [-51.69456630000002, -29.25019779919507], [-51.695312100000024, -29.249294099195062], [-51.69609989999998, -29.24859679919505], [-51.697310800000025, -29.247732299195096], [-51.69921440000002, -29.246525699195125], [-51.701246000000026, -29.245474199195122], [-51.704058599999996, -29.24421259919517], [-51.7054799, -29.243513699195177], [-51.7070521, -29.242636399195167], [-51.70785819999997, -29.2420026991952], [-51.70893530000001, -29.24172379919518], [-51.71035999999998, -29.24164989919523], [-51.71158839999998, -29.241720599195204]]]}}