station,timestamp,sigma_m,sace_m,difference_m
86510000,2026-08-21T21:15:00-03:00,3.34,3.34,0.0
86510000,2026-08-21T21:30:00-03:00,3.39,3.39,0.0
86510000,2026-08-21T21:45:00-03:00,3.45,3.45,0.0
86510000,2026-08-21T22:00:00-03:00,3.51,3.51,0.0
86510000,2026-08-21T22:15:00-03:00,3.56,3.56,0.0
86510000,2026-08-21T22:30:00-03:00,3.62,3.67,0.04999999999999982
86510000,2026-08-21T22:45:00-03:00,3.67,3.67,0.0
86510000,2026-08-21T23:00:00-03:00,3.71,3.71,0.0
86510000,2026-08-21T23:15:00-03:00,3.75,3.75,0.0
86510000,2026-08-21T23:30:00-03:00,3.78,3.78,0.0
86510000,2026-08-22T00:00:00-03:00,3.83,3.83,0.0
86510000,2026-08-22T00:15:00-03:00,3.84,3.84,0.0
86510000,2026-08-22T00:30:00-03:00,3.86,3.86,0.0
86510000,2026-08-22T00:45:00-03:00,3.87,3.87,0.0
86510000,2026-08-22T01:00:00-03:00,3.87,3.87,0.0
86510000,2026-08-22T01:15:00-03:00,3.88,3.88,0.0
86510000,2026-08-22T01:30:00-03:00,3.88,3.88,0.0
86510000,2026-08-22T01:45:00-03:00,3.88,3.88,0.0
86510000,2026-08-22T02:00:00-03:00,3.88,3.88,0.0
86510000,2026-08-22T02:15:00-03:00,3.87,3.87,0.0
86510000,2026-08-22T02:30:00-03:00,3.87,3.87,0.0
86510000,2026-08-22T02:45:00-03:00,3.86,3.86,0.0
86510000,2026-08-22T03:00:00-03:00,3.86,3.86,0.0
86510000,2026-08-22T03:15:00-03:00,3.85,3.85,0.0
86510000,2026-08-22T03:30:00-03:00,3.84,3.84,0.0
86510000,2026-08-22T03:45:00-03:00,3.83,3.83,0.0
86510000,2026-08-22T04:00:00-03:00,3.83,3.83,0.0
86510000,2026-08-22T04:15:00-03:00,3.82,3.82,0.0
86510000,2026-08-22T04:30:00-03:00,3.81,3.81,0.0
86510000,2026-08-22T04:45:00-03:00,3.8,3.8,0.0
86510000,2026-08-22T05:00:00-03:00,3.79,3.79,0.0
86510000,2026-08-22T05:15:00-03:00,3.79,3.79,0.0
86510000,2026-08-22T05:30:00-03:00,3.78,3.78,0.0
86510000,2026-08-22T05:45:00-03:00,3.78,3.78,0.0
86510000,2026-08-22T06:00:00-03:00,3.76,3.76,0.0
86510000,2026-08-22T06:15:00-03:00,3.76,3.76,0.0
86510000,2026-08-22T06:30:00-03:00,3.76,3.76,0.0
86510000,2026-08-22T06:45:00-03:00,3.76,3.76,0.0
86510000,2026-08-22T07:00:00-03:00,3.75,3.75,0.0
86510000,2026-08-22T07:15:00-03:00,3.75,3.75,0.0
86510000,2026-08-22T07:30:00-03:00,3.75,3.75,0.0
86510000,2026-08-22T07:45:00-03:00,3.75,3.75,0.0
86510000,2026-08-22T08:00:00-03:00,3.74,3.74,0.0
86510000,2026-08-22T08:15:00-03:00,3.74,3.74,0.0
86510000,2026-08-22T08:30:00-03:00,3.74,3.74,0.0
86510000,2026-08-22T08:45:00-03:00,3.73,3.73,0.0
86510000,2026-08-22T09:00:00-03:00,3.73,3.73,0.0
86510000,2026-08-22T09:15:00-03:00,3.73,3.73,0.0
86510000,2026-08-22T09:30:00-03:00,3.72,3.72,0.0
86510000,2026-08-22T09:45:00-03:00,3.72,3.72,0.0
86510000,2026-08-22T10:00:00-03:00,3.71,3.71,0.0
86510000,2026-08-22T10:15:00-03:00,3.71,3.71,0.0
86510000,2026-08-22T10:30:00-03:00,3.7,3.7,0.0
86510000,2026-08-22T10:45:00-03:00,3.69,3.69,0.0
86510000,2026-08-22T11:00:00-03:00,3.68,3.68,0.0
86510000,2026-08-22T11:15:00-03:00,3.66,3.66,0.0
86510000,2026-08-22T11:30:00-03:00,3.64,3.64,0.0
86510000,2026-08-22T11:45:00-03:00,3.61,3.61,0.0
86510000,2026-08-22T12:00:00-03:00,3.58,3.58,0.0
86510000,2026-08-22T12:15:00-03:00,3.54,3.54,0.0
86510000,2026-08-22T12:30:00-03:00,3.5,3.5,0.0
86510000,2026-08-22T12:45:00-03:00,3.45,3.45,0.0
86510000,2026-08-22T13:00:00-03:00,3.39,3.39,0.0
86510000,2026-08-22T13:15:00-03:00,3.33,3.33,0.0
86510000,2026-08-22T13:30:00-03:00,3.27,3.27,0.0
86510000,2026-08-22T13:45:00-03:00,3.2,3.2,0.0
86510000,2026-08-22T14:00:00-03:00,3.14,3.14,0.0
86510000,2026-08-22T14:15:00-03:00,3.07,3.07,0.0
86510000,2026-08-22T14:30:00-03:00,3.01,3.01,0.0
86510000,2026-08-22T14:45:00-03:00,2.96,2.96,0.0
86510000,2026-08-22T15:00:00-03:00,2.91,2.91,0.0
86510000,2026-08-22T15:15:00-03:00,2.86,2.86,0.0
86510000,2026-08-22T15:30:00-03:00,2.81,2.81,0.0
86510000,2026-08-22T15:45:00-03:00,2.77,2.77,0.0
86510000,2026-08-22T16:00:00-03:00,2.73,2.73,0.0
86510000,2026-08-22T16:15:00-03:00,2.68,2.68,0.0
86510000,2026-08-22T16:30:00-03:00,2.64,2.64,0.0
86510000,2026-08-22T16:45:00-03:00,2.61,2.61,0.0
86510000,2026-08-22T17:00:00-03:00,2.58,2.58,0.0
86510000,2026-08-22T17:15:00-03:00,2.56,2.56,0.0
86510000,2026-08-22T17:30:00-03:00,2.54,2.54,0.0
86510000,2026-08-22T17:45:00-03:00,2.52,2.52,0.0
86510000,2026-08-22T18:00:00-03:00,2.51,2.51,0.0
86510000,2026-08-22T18:15:00-03:00,2.5,2.5,0.0
86510000,2026-08-22T18:30:00-03:00,2.49,2.49,0.0
86510000,2026-08-22T18:45:00-03:00,2.49,2.49,0.0
86510000,2026-08-22T19:00:00-03:00,2.5,2.5,0.0
86510000,2026-08-22T19:15:00-03:00,2.51,2.51,0.0
86510000,2026-08-22T19:30:00-03:00,2.52,2.52,0.0
86510000,2026-08-22T19:45:00-03:00,2.55,2.55,0.0
86510000,2026-08-22T20:00:00-03:00,2.58,2.58,0.0
86510000,2026-08-22T20:15:00-03:00,2.61,2.61,0.0
86510000,2026-08-22T20:30:00-03:00,2.65,2.65,0.0
86510000,2026-08-22T20:45:00-03:00,2.72,2.72,0.0
86510000,2026-08-22T21:00:00-03:00,2.78,2.78,0.0
86510000,2026-08-22T21:15:00-03:00,2.87,2.87,0.0
86510000,2026-08-22T21:30:00-03:00,2.97,2.97,0.0
86510000,2026-08-22T21:45:00-03:00,3.09,3.09,0.0
86510000,2026-08-22T22:00:00-03:00,3.2,3.2,0.0
86510000,2026-08-22T22:15:00-03:00,3.31,3.31,0.0
86510000,2026-08-22T22:30:00-03:00,3.43,3.43,0.0
86510000,2026-08-22T22:45:00-03:00,3.55,3.55,0.0
86510000,2026-08-22T23:00:00-03:00,3.66,3.66,0.0
86510000,2026-08-22T23:15:00-03:00,3.75,3.75,0.0
86510000,2026-08-22T23:30:00-03:00,3.83,3.83,0.0
86510000,2026-08-23T00:00:00-03:00,3.95,3.95,0.0
86510000,2026-08-23T00:15:00-03:00,3.99,3.99,0.0
86510000,2026-08-23T00:30:00-03:00,4.02,4.02,0.0
86510000,2026-08-23T00:45:00-03:00,4.04,4.04,0.0
86510000,2026-08-23T01:00:00-03:00,4.06,4.06,0.0
86510000,2026-08-23T01:15:00-03:00,4.08,4.08,0.0
86510000,2026-08-23T01:30:00-03:00,4.09,4.09,0.0
86510000,2026-08-23T01:45:00-03:00,4.09,4.09,0.0
86510000,2026-08-23T02:00:00-03:00,4.09,4.09,0.0
86510000,2026-08-23T02:15:00-03:00,4.09,4.09,0.0
86510000,2026-08-23T02:30:00-03:00,4.09,4.09,0.0
86510000,2026-08-23T02:45:00-03:00,4.09,4.09,0.0
86510000,2026-08-23T03:00:00-03:00,4.08,4.08,0.0
86510000,2026-08-23T03:15:00-03:00,4.07,4.07,0.0
86510000,2026-08-23T03:30:00-03:00,4.05,4.05,0.0
86510000,2026-08-23T03:45:00-03:00,4.04,4.04,0.0
86510000,2026-08-23T04:00:00-03:00,4.03,4.03,0.0
86510000,2026-08-23T04:15:00-03:00,4.02,4.02,0.0
86510000,2026-08-23T04:30:00-03:00,4.0,4.0,0.0
86510000,2026-08-23T04:45:00-03:00,3.99,3.99,0.0
86510000,2026-08-23T05:00:00-03:00,3.96,3.96,0.0
86510000,2026-08-23T05:15:00-03:00,3.95,3.95,0.0
86510000,2026-08-23T05:30:00-03:00,3.93,3.93,0.0
86510000,2026-08-23T05:45:00-03:00,3.91,3.91,0.0
86510000,2026-08-23T06:00:00-03:00,3.89,3.89,0.0
86510000,2026-08-23T06:15:00-03:00,3.87,3.87,0.0
86510000,2026-08-23T06:30:00-03:00,3.85,3.85,0.0
86510000,2026-08-23T06:45:00-03:00,3.83,3.83,0.0
86510000,2026-08-23T07:00:00-03:00,3.81,3.81,0.0
86510000,2026-08-23T07:15:00-03:00,3.79,3.79,0.0
86510000,2026-08-23T07:30:00-03:00,3.78,3.78,0.0
86510000,2026-08-23T07:45:00-03:00,3.76,3.76,0.0
86510000,2026-08-23T08:00:00-03:00,3.74,3.74,0.0
86510000,2026-08-23T08:15:00-03:00,3.72,3.72,0.0
86510000,2026-08-23T08:30:00-03:00,3.71,3.71,0.0
86510000,2026-08-23T08:45:00-03:00,3.69,3.69,0.0
86510000,2026-08-23T09:00:00-03:00,3.68,3.68,0.0
86510000,2026-08-23T09:15:00-03:00,3.66,3.66,0.0
86510000,2026-08-23T09:30:00-03:00,3.65,3.65,0.0
86510000,2026-08-23T09:45:00-03:00,3.63,3.63,0.0
86510000,2026-08-23T10:00:00-03:00,3.61,3.61,0.0
86510000,2026-08-23T10:15:00-03:00,3.6,3.6,0.0
86510000,2026-08-23T10:30:00-03:00,3.57,3.57,0.0
86510000,2026-08-23T10:45:00-03:00,3.56,3.56,0.0
86510000,2026-08-23T11:00:00-03:00,3.53,3.53,0.0
86510000,2026-08-23T11:15:00-03:00,3.5,3.5,0.0
86510000,2026-08-23T11:30:00-03:00,3.46,3.46,0.0
86510000,2026-08-23T11:45:00-03:00,3.42,3.42,0.0
86510000,2026-08-23T12:00:00-03:00,3.37,3.37,0.0
86510000,2026-08-23T12:15:00-03:00,3.31,3.31,0.0
86510000,2026-08-23T12:30:00-03:00,3.25,3.25,0.0
86510000,2026-08-23T12:45:00-03:00,3.19,3.19,0.0
86510000,2026-08-23T13:00:00-03:00,3.13,3.13,0.0
86510000,2026-08-23T13:15:00-03:00,3.06,3.06,0.0
86510000,2026-08-23T13:30:00-03:00,3.0,3.0,0.0
86510000,2026-08-23T13:45:00-03:00,2.94,2.94,0.0
86510000,2026-08-23T14:00:00-03:00,2.88,2.88,0.0
86510000,2026-08-23T14:15:00-03:00,2.82,2.82,0.0
86510000,2026-08-23T14:30:00-03:00,2.77,2.77,0.0
86510000,2026-08-23T14:45:00-03:00,2.72,2.72,0.0
86510000,2026-08-23T15:00:00-03:00,2.66,2.66,0.0
86510000,2026-08-23T15:15:00-03:00,2.6,2.6,0.0
86510000,2026-08-23T15:30:00-03:00,2.55,2.55,0.0
86510000,2026-08-23T15:45:00-03:00,2.51,2.51,0.0
86510000,2026-08-23T16:00:00-03:00,2.47,2.47,0.0
86510000,2026-08-23T16:15:00-03:00,2.43,2.43,0.0
86510000,2026-08-23T16:30:00-03:00,2.4,2.4,0.0
86510000,2026-08-23T16:45:00-03:00,2.36,2.36,0.0
86510000,2026-08-23T17:00:00-03:00,2.34,2.34,0.0
86510000,2026-08-23T17:15:00-03:00,2.31,2.31,0.0
86510000,2026-08-23T17:30:00-03:00,2.29,2.29,0.0
86510000,2026-08-23T17:45:00-03:00,2.27,2.27,0.0
86510000,2026-08-23T18:00:00-03:00,2.25,2.25,0.0
86510000,2026-08-23T18:15:00-03:00,2.23,2.23,0.0
86510000,2026-08-23T18:30:00-03:00,2.22,2.22,0.0
86510000,2026-08-23T18:45:00-03:00,2.21,2.21,0.0
86510000,2026-08-23T19:00:00-03:00,2.21,2.21,0.0
86510000,2026-08-23T19:15:00-03:00,2.21,2.21,0.0
86510000,2026-08-23T19:30:00-03:00,2.21,2.21,0.0
86510000,2026-08-23T19:45:00-03:00,2.21,2.21,0.0
86510000,2026-08-23T20:00:00-03:00,2.22,2.22,0.0
86510000,2026-08-23T20:15:00-03:00,2.24,2.24,0.0
86510000,2026-08-23T20:30:00-03:00,2.26,2.26,0.0
86510000,2026-08-23T20:45:00-03:00,2.28,2.28,0.0
86510000,2026-08-23T21:00:00-03:00,2.31,2.31,0.0
86510000,2026-08-23T21:15:00-03:00,2.35,2.35,0.0
86510000,2026-08-23T21:30:00-03:00,2.39,2.39,0.0
86510000,2026-08-23T21:45:00-03:00,2.44,2.44,0.0
86510000,2026-08-23T22:00:00-03:00,2.51,2.51,0.0
86510000,2026-08-23T22:15:00-03:00,2.6,2.6,0.0
86510000,2026-08-23T22:30:00-03:00,2.71,2.71,0.0
86510000,2026-08-23T22:45:00-03:00,2.85,2.85,0.0
86510000,2026-08-23T23:00:00-03:00,2.98,2.98,0.0
86510000,2026-08-23T23:15:00-03:00,3.11,3.11,0.0
86510000,2026-08-24T00:00:00-03:00,3.48,3.48,0.0
86510000,2026-08-24T00:15:00-03:00,3.58,3.58,0.0
86510000,2026-08-24T00:30:00-03:00,3.66,3.66,0.0
86510000,2026-08-24T00:45:00-03:00,3.73,3.73,0.0
86510000,2026-08-24T01:00:00-03:00,3.78,3.78,0.0
86510000,2026-08-24T01:15:00-03:00,3.83,3.83,0.0
86510000,2026-08-24T01:30:00-03:00,3.86,3.86,0.0
86510000,2026-08-24T01:45:00-03:00,3.89,3.89,0.0
86510000,2026-08-24T02:00:00-03:00,3.91,3.91,0.0
86510000,2026-08-24T02:15:00-03:00,3.93,3.93,0.0
86510000,2026-08-24T02:30:00-03:00,3.93,3.93,0.0
86510000,2026-08-24T02:45:00-03:00,3.94,3.94,0.0
86510000,2026-08-24T03:00:00-03:00,3.94,3.94,0.0
86510000,2026-08-24T03:15:00-03:00,3.93,3.93,0.0
86510000,2026-08-24T03:30:00-03:00,3.93,3.93,0.0
86510000,2026-08-24T03:45:00-03:00,3.92,3.92,0.0
86510000,2026-08-24T04:00:00-03:00,3.91,3.91,0.0
86510000,2026-08-24T04:15:00-03:00,3.89,3.89,0.0
86510000,2026-08-24T04:30:00-03:00,3.88,3.88,0.0
86510000,2026-08-24T04:45:00-03:00,3.86,3.86,0.0
86510000,2026-08-24T05:00:00-03:00,3.84,3.84,0.0
86510000,2026-08-24T05:15:00-03:00,3.82,3.82,0.0
86510000,2026-08-24T05:30:00-03:00,3.8,3.8,0.0
86510000,2026-08-24T05:45:00-03:00,3.79,3.79,0.0
86510000,2026-08-24T06:00:00-03:00,3.76,3.76,0.0
86510000,2026-08-24T06:15:00-03:00,3.74,3.74,0.0
86510000,2026-08-24T06:30:00-03:00,3.72,3.72,0.0
86510000,2026-08-24T06:45:00-03:00,3.7,3.7,0.0
86510000,2026-08-24T07:00:00-03:00,3.68,3.68,0.0
86510000,2026-08-24T07:15:00-03:00,3.67,3.67,0.0
86510000,2026-08-24T07:30:00-03:00,3.65,3.65,0.0
86510000,2026-08-24T07:45:00-03:00,3.63,3.63,0.0
86510000,2026-08-24T08:00:00-03:00,3.61,3.61,0.0
86510000,2026-08-24T08:15:00-03:00,3.6,3.6,0.0
86510000,2026-08-24T08:30:00-03:00,3.58,3.58,0.0
86510000,2026-08-24T08:45:00-03:00,3.56,3.56,0.0
86510000,2026-08-24T09:00:00-03:00,3.55,3.55,0.0
86510000,2026-08-24T09:15:00-03:00,3.54,3.54,0.0
86510000,2026-08-24T09:30:00-03:00,3.52,3.52,0.0
86510000,2026-08-24T09:45:00-03:00,3.51,3.51,0.0
86510000,2026-08-24T10:00:00-03:00,3.49,3.49,0.0
86510000,2026-08-24T10:15:00-03:00,3.48,3.48,0.0
86510000,2026-08-24T10:30:00-03:00,3.47,3.47,0.0
86510000,2026-08-24T10:45:00-03:00,3.46,3.46,0.0
86510000,2026-08-24T11:00:00-03:00,3.44,3.44,0.0
86510000,2026-08-24T11:15:00-03:00,3.42,3.42,0.0
86510000,2026-08-24T11:30:00-03:00,3.4,3.4,0.0
86510000,2026-08-24T11:45:00-03:00,3.37,3.37,0.0
86510000,2026-08-24T12:00:00-03:00,3.34,3.34,0.0
86510000,2026-08-24T12:15:00-03:00,3.3,3.3,0.0
86510000,2026-08-24T12:30:00-03:00,3.26,3.26,0.0
86510000,2026-08-24T12:45:00-03:00,3.21,3.21,0.0
86510000,2026-08-24T13:00:00-03:00,3.1,3.1,0.0
86510000,2026-08-24T13:15:00-03:00,3.04,3.04,0.0
86510000,2026-08-24T13:30:00-03:00,2.98,2.98,0.0
86510000,2026-08-24T13:45:00-03:00,2.92,2.92,0.0
86510000,2026-08-24T14:00:00-03:00,2.87,2.87,0.0
86510000,2026-08-24T14:15:00-03:00,2.81,2.81,0.0
86510000,2026-08-24T14:30:00-03:00,2.76,2.76,0.0
86510000,2026-08-24T14:45:00-03:00,2.7,2.7,0.0
86510000,2026-08-24T15:00:00-03:00,2.64,2.64,0.0
86510000,2026-08-24T15:15:00-03:00,2.58,2.58,0.0
86510000,2026-08-24T15:30:00-03:00,2.52,2.52,0.0
86510000,2026-08-24T15:45:00-03:00,2.47,2.47,0.0
86510000,2026-08-24T16:00:00-03:00,2.42,2.42,0.0
86510000,2026-08-24T16:15:00-03:00,2.37,2.37,0.0
86510000,2026-08-24T16:30:00-03:00,2.37,2.37,0.0
86510000,2026-08-24T16:45:00-03:00,2.33,2.33,0.0
86510000,2026-08-24T17:00:00-03:00,2.29,2.29,0.0
86510000,2026-08-24T17:15:00-03:00,2.25,2.25,0.0
86510000,2026-08-24T17:30:00-03:00,2.21,2.21,0.0
86510000,2026-08-24T17:45:00-03:00,2.18,2.18,0.0
86510000,2026-08-24T18:00:00-03:00,2.15,2.15,0.0
86510000,2026-08-24T18:15:00-03:00,2.12,2.12,0.0
86510000,2026-08-24T18:30:00-03:00,2.1,2.1,0.0
86510000,2026-08-24T18:45:00-03:00,2.07,2.07,0.0
86510000,2026-08-24T19:00:00-03:00,2.05,2.05,0.0
86510000,2026-08-24T19:15:00-03:00,2.03,2.03,0.0
86510000,2026-08-24T19:30:00-03:00,2.01,2.01,0.0
86510000,2026-08-24T19:45:00-03:00,2.0,2.0,0.0
86510000,2026-08-24T20:00:00-03:00,1.98,1.98,0.0
86510000,2026-08-24T20:15:00-03:00,1.97,1.97,0.0
86510000,2026-08-24T20:30:00-03:00,1.96,1.96,0.0
86510000,2026-08-24T20:45:00-03:00,1.95,1.95,0.0
86510000,2026-08-24T21:00:00-03:00,1.95,1.95,0.0
86510000,2026-08-24T21:15:00-03:00,1.96,1.96,0.0
86510000,2026-08-24T21:30:00-03:00,1.98,1.98,0.0
86510000,2026-08-24T21:45:00-03:00,2.02,2.02,0.0
86510000,2026-08-24T22:00:00-03:00,2.1,2.1,0.0
86510000,2026-08-24T22:15:00-03:00,2.22,2.22,0.0
86510000,2026-08-24T22:30:00-03:00,2.38,2.38,0.0
86510000,2026-08-24T22:45:00-03:00,2.57,2.57,0.0
86510000,2026-08-24T23:00:00-03:00,2.77,2.77,0.0
86510000,2026-08-24T23:15:00-03:00,2.95,2.95,0.0
86510000,2026-08-25T00:00:00-03:00,3.35,3.35,0.0
86510000,2026-08-25T00:15:00-03:00,3.44,3.44,0.0
86510000,2026-08-25T00:30:00-03:00,3.51,3.51,0.0
86510000,2026-08-25T00:45:00-03:00,3.57,3.57,0.0
86510000,2026-08-25T01:00:00-03:00,3.61,3.61,0.0
86510000,2026-08-25T01:15:00-03:00,3.64,3.64,0.0
86510000,2026-08-25T01:30:00-03:00,3.67,3.67,0.0
86510000,2026-08-25T01:45:00-03:00,3.69,3.69,0.0
86510000,2026-08-25T02:00:00-03:00,3.7,3.7,0.0
86510000,2026-08-25T02:15:00-03:00,3.7,3.7,0.0
86510000,2026-08-25T02:30:00-03:00,3.7,3.7,0.0
86510000,2026-08-25T02:45:00-03:00,3.7,3.7,0.0
86510000,2026-08-25T03:00:00-03:00,3.7,3.7,0.0
86510000,2026-08-25T03:15:00-03:00,3.68,3.68,0.0
86510000,2026-08-25T03:30:00-03:00,3.67,3.67,0.0
86510000,2026-08-25T03:45:00-03:00,3.66,3.66,0.0
86510000,2026-08-25T04:00:00-03:00,3.65,3.65,0.0
86510000,2026-08-25T04:15:00-03:00,3.63,3.63,0.0
86510000,2026-08-25T04:30:00-03:00,3.62,3.62,0.0
86510000,2026-08-25T04:45:00-03:00,3.6,3.6,0.0
86510000,2026-08-25T05:00:00-03:00,3.58,3.58,0.0
86510000,2026-08-25T05:15:00-03:00,3.57,3.57,0.0
86510000,2026-08-25T05:30:00-03:00,3.55,3.55,0.0
86510000,2026-08-25T05:45:00-03:00,3.53,3.53,0.0
86510000,2026-08-25T06:00:00-03:00,3.51,3.51,0.0
86510000,2026-08-25T06:15:00-03:00,3.5,3.5,0.0
86510000,2026-08-25T06:30:00-03:00,3.48,3.48,0.0
86510000,2026-08-25T06:45:00-03:00,3.46,3.46,0.0
86510000,2026-08-25T07:00:00-03:00,3.45,3.45,0.0
86510000,2026-08-25T07:15:00-03:00,3.43,3.43,0.0
86510000,2026-08-25T07:30:00-03:00,3.42,3.42,0.0
86510000,2026-08-25T07:45:00-03:00,3.41,3.41,0.0
86510000,2026-08-25T08:00:00-03:00,3.4,3.4,0.0
86510000,2026-08-25T08:15:00-03:00,3.38,3.38,0.0
86510000,2026-08-25T08:30:00-03:00,3.37,3.37,0.0
86510000,2026-08-25T08:45:00-03:00,3.36,3.36,0.0
86510000,2026-08-25T09:00:00-03:00,3.35,3.35,0.0
86510000,2026-08-25T09:15:00-03:00,3.35,3.35,0.0
86510000,2026-08-25T09:30:00-03:00,3.34,3.34,0.0
86510000,2026-08-25T09:45:00-03:00,3.34,3.34,0.0
86510000,2026-08-25T10:00:00-03:00,3.33,3.33,0.0
86510000,2026-08-25T10:15:00-03:00,3.33,3.33,0.0
86510000,2026-08-25T10:30:00-03:00,3.33,3.33,0.0
86510000,2026-08-25T10:45:00-03:00,3.32,3.32,0.0
86510000,2026-08-25T11:00:00-03:00,3.32,3.32,0.0
86510000,2026-08-25T11:15:00-03:00,3.32,3.32,0.0
86510000,2026-08-25T11:30:00-03:00,3.31,3.31,0.0
86510000,2026-08-25T11:45:00-03:00,3.31,3.31,0.0
86510000,2026-08-25T12:00:00-03:00,3.3,3.3,0.0
86510000,2026-08-25T12:15:00-03:00,3.29,3.29,0.0
86510000,2026-08-25T12:30:00-03:00,3.28,3.28,0.0
86510000,2026-08-25T12:45:00-03:00,3.26,3.26,0.0
86510000,2026-08-25T13:00:00-03:00,3.24,3.24,0.0
86510000,2026-08-25T13:15:00-03:00,3.21,3.21,0.0
86510000,2026-08-25T13:30:00-03:00,3.18,3.18,0.0
86510000,2026-08-25T13:45:00-03:00,3.14,3.14,0.0
86510000,2026-08-25T14:00:00-03:00,3.05,3.1,0.050000000000000266
86510000,2026-08-25T14:15:00-03:00,3.05,3.05,0.0
86510000,2026-08-25T14:30:00-03:00,3.0,3.0,0.0
86510000,2026-08-25T14:45:00-03:00,2.95,2.95,0.0
86510000,2026-08-25T15:00:00-03:00,2.9,2.9,0.0
86510000,2026-08-25T15:15:00-03:00,2.84,2.84,0.0
86510000,2026-08-25T15:30:00-03:00,2.79,2.79,0.0
86510000,2026-08-25T15:45:00-03:00,2.73,2.73,0.0
86510000,2026-08-25T16:00:00-03:00,2.67,2.67,0.0
86510000,2026-08-25T16:15:00-03:00,2.61,2.61,0.0
86510000,2026-08-25T16:30:00-03:00,2.55,2.55,0.0
86510000,2026-08-25T16:45:00-03:00,2.5,2.5,0.0
86510000,2026-08-25T17:00:00-03:00,2.44,2.44,0.0
86510000,2026-08-25T17:15:00-03:00,2.39,2.39,0.0
86510000,2026-08-25T17:30:00-03:00,2.34,2.34,0.0
86510000,2026-08-25T17:45:00-03:00,2.29,2.29,0.0
86510000,2026-08-25T18:00:00-03:00,2.25,2.25,0.0
86510000,2026-08-25T18:15:00-03:00,2.21,2.21,0.0
86510000,2026-08-25T18:30:00-03:00,2.17,2.17,0.0
86510000,2026-08-25T18:45:00-03:00,2.14,2.14,0.0
86510000,2026-08-25T19:00:00-03:00,2.1,2.1,0.0
86510000,2026-08-25T19:15:00-03:00,2.07,2.07,0.0
86510000,2026-08-25T19:30:00-03:00,2.04,2.04,0.0
86510000,2026-08-25T19:45:00-03:00,2.01,2.01,0.0
86510000,2026-08-25T20:00:00-03:00,1.98,1.98,0.0
86510000,2026-08-25T20:15:00-03:00,1.96,1.96,0.0
86510000,2026-08-25T20:30:00-03:00,1.94,1.94,0.0
86510000,2026-08-25T20:45:00-03:00,1.92,1.92,0.0
86510000,2026-08-25T21:00:00-03:00,1.91,1.91,0.0
86510000,2026-08-25T21:15:00-03:00,1.9,1.9,0.0
86510000,2026-08-25T21:30:00-03:00,1.91,1.91,0.0
86510000,2026-08-25T21:45:00-03:00,1.93,1.93,0.0
86510000,2026-08-25T22:00:00-03:00,1.99,1.99,0.0
86510000,2026-08-25T22:15:00-03:00,2.09,2.09,0.0
86510000,2026-08-25T22:30:00-03:00,2.22,2.22,0.0
86510000,2026-08-25T22:45:00-03:00,2.38,2.38,0.0
86510000,2026-08-25T23:00:00-03:00,2.55,2.55,0.0
86510000,2026-08-25T23:15:00-03:00,2.73,2.73,0.0
86510000,2026-08-26T00:00:00-03:00,3.12,3.12,0.0
86510000,2026-08-26T00:15:00-03:00,3.21,3.21,0.0
86510000,2026-08-26T00:30:00-03:00,3.28,3.28,0.0
86510000,2026-08-26T00:45:00-03:00,3.33,3.33,0.0
86510000,2026-08-26T01:00:00-03:00,3.38,3.38,0.0
86510000,2026-08-26T01:15:00-03:00,3.42,3.42,0.0
86510000,2026-08-26T01:30:00-03:00,3.45,3.45,0.0
86510000,2026-08-26T01:45:00-03:00,3.47,3.47,0.0
86510000,2026-08-26T02:00:00-03:00,3.48,3.48,0.0
86510000,2026-08-26T02:15:00-03:00,3.49,3.49,0.0
86510000,2026-08-26T02:30:00-03:00,3.49,3.49,0.0
86510000,2026-08-26T02:45:00-03:00,3.5,3.5,0.0
86510000,2026-08-26T03:00:00-03:00,3.49,3.49,0.0
86510000,2026-08-26T03:15:00-03:00,3.49,3.49,0.0
86510000,2026-08-26T03:30:00-03:00,3.47,3.48,0.009999999999999787
86510000,2026-08-26T03:45:00-03:00,3.46,3.47,0.010000000000000231
86510000,2026-08-26T04:00:00-03:00,3.46,3.46,0.0
86510000,2026-08-26T04:15:00-03:00,3.45,3.45,0.0
86510000,2026-08-26T04:30:00-03:00,3.44,3.44,0.0
86510000,2026-08-26T04:45:00-03:00,3.42,3.42,0.0
86510000,2026-08-26T05:00:00-03:00,3.41,3.41,0.0
86510000,2026-08-26T05:15:00-03:00,3.4,3.4,0.0
86510000,2026-08-26T05:30:00-03:00,3.39,3.39,0.0
86510000,2026-08-26T05:45:00-03:00,3.37,3.37,0.0
86510000,2026-08-26T06:00:00-03:00,3.36,3.36,0.0
86510000,2026-08-26T06:15:00-03:00,3.34,3.34,0.0
86510000,2026-08-26T06:30:00-03:00,3.33,3.33,0.0
86510000,2026-08-26T06:45:00-03:00,3.32,3.32,0.0
86510000,2026-08-26T07:00:00-03:00,3.31,3.31,0.0
86510000,2026-08-26T07:15:00-03:00,3.3,3.3,0.0
86510000,2026-08-26T07:30:00-03:00,3.29,3.29,0.0
86510000,2026-08-26T07:45:00-03:00,3.28,3.28,0.0
86510000,2026-08-26T08:00:00-03:00,3.26,3.26,0.0
86510000,2026-08-26T08:15:00-03:00,3.26,3.26,0.0
86510000,2026-08-26T08:30:00-03:00,3.24,3.24,0.0
86510000,2026-08-26T08:45:00-03:00,3.24,3.24,0.0
86510000,2026-08-26T09:00:00-03:00,3.23,3.23,0.0
86510000,2026-08-26T09:15:00-03:00,3.22,3.22,0.0
86510000,2026-08-26T09:30:00-03:00,3.21,3.21,0.0
86510000,2026-08-26T09:45:00-03:00,3.2,3.2,0.0
86510000,2026-08-26T10:00:00-03:00,3.19,3.19,0.0
86510000,2026-08-26T10:15:00-03:00,3.19,3.19,0.0
86510000,2026-08-26T10:30:00-03:00,3.18,3.18,0.0
86510000,2026-08-26T10:45:00-03:00,3.17,3.17,0.0
86510000,2026-08-26T11:00:00-03:00,3.16,3.16,0.0
86510000,2026-08-26T11:15:00-03:00,3.15,3.15,0.0
86510000,2026-08-26T11:30:00-03:00,3.14,3.14,0.0
86510000,2026-08-26T11:45:00-03:00,3.13,3.13,0.0
86510000,2026-08-26T12:00:00-03:00,3.1,3.1,0.0
86510000,2026-08-26T12:15:00-03:00,3.08,3.08,0.0
86510000,2026-08-26T12:30:00-03:00,3.05,3.05,0.0
86510000,2026-08-26T12:45:00-03:00,3.01,3.01,0.0
86510000,2026-08-26T13:00:00-03:00,2.97,2.97,0.0
86510000,2026-08-26T13:15:00-03:00,2.93,2.93,0.0
86510000,2026-08-26T13:30:00-03:00,2.88,2.88,0.0
86510000,2026-08-26T13:45:00-03:00,2.83,2.83,0.0
86510000,2026-08-26T14:00:00-03:00,2.78,2.78,0.0
86510000,2026-08-26T14:15:00-03:00,2.72,2.72,0.0
86510000,2026-08-26T14:30:00-03:00,2.66,2.66,0.0
86510000,2026-08-26T14:45:00-03:00,2.6,2.6,0.0
86510000,2026-08-26T15:00:00-03:00,2.54,2.54,0.0
86510000,2026-08-26T15:15:00-03:00,2.48,2.48,0.0
86510000,2026-08-26T15:30:00-03:00,2.43,2.43,0.0
86510000,2026-08-26T15:45:00-03:00,2.37,2.37,0.0
86510000,2026-08-26T16:00:00-03:00,2.32,2.32,0.0
86510000,2026-08-26T16:15:00-03:00,2.27,2.27,0.0
86510000,2026-08-26T16:30:00-03:00,2.22,2.22,0.0
86510000,2026-08-26T16:45:00-03:00,2.18,2.18,0.0
86510000,2026-08-26T17:00:00-03:00,2.14,2.14,0.0
86510000,2026-08-26T17:15:00-03:00,2.09,2.09,0.0
86510000,2026-08-26T17:30:00-03:00,2.05,2.05,0.0
86510000,2026-08-26T17:45:00-03:00,2.02,2.02,0.0
86510000,2026-08-26T18:00:00-03:00,1.98,1.98,0.0
86510000,2026-08-26T18:15:00-03:00,1.94,1.94,0.0
86510000,2026-08-26T18:30:00-03:00,1.91,1.91,0.0
86510000,2026-08-26T18:45:00-03:00,1.88,1.88,0.0
86510000,2026-08-26T19:00:00-03:00,1.85,1.85,0.0
86510000,2026-08-26T19:15:00-03:00,1.82,1.82,0.0
86510000,2026-08-26T19:30:00-03:00,1.79,1.79,0.0
86510000,2026-08-26T19:45:00-03:00,1.77,1.77,0.0
86510000,2026-08-26T20:00:00-03:00,1.74,1.74,0.0
86510000,2026-08-26T20:15:00-03:00,1.72,1.72,0.0
86510000,2026-08-26T20:30:00-03:00,1.71,1.71,0.0
86510000,2026-08-26T20:45:00-03:00,1.7,1.7,0.0
86510000,2026-08-26T21:00:00-03:00,1.7,1.7,0.0
86510000,2026-08-26T21:15:00-03:00,1.71,1.71,0.0
86510000,2026-08-26T21:30:00-03:00,1.76,1.76,0.0
86510000,2026-08-26T21:45:00-03:00,1.84,1.84,0.0
86510000,2026-08-26T22:00:00-03:00,1.96,1.96,0.0
86510000,2026-08-26T22:15:00-03:00,2.11,2.11,0.0
86510000,2026-08-26T22:30:00-03:00,2.28,2.28,0.0
86510000,2026-08-26T22:45:00-03:00,2.43,2.43,0.0
86510000,2026-08-26T23:00:00-03:00,2.57,2.57,0.0
86510000,2026-08-26T23:15:00-03:00,2.69,2.69,0.0
86510000,2026-08-27T00:00:00-03:00,2.94,2.94,0.0
86510000,2026-08-27T00:15:00-03:00,2.99,2.99,0.0
86510000,2026-08-27T00:30:00-03:00,3.04,3.04,0.0
86510000,2026-08-27T00:45:00-03:00,3.07,3.07,0.0
86510000,2026-08-27T01:00:00-03:00,3.1,3.1,0.0
86510000,2026-08-27T01:15:00-03:00,3.12,3.12,0.0
86510000,2026-08-27T01:30:00-03:00,3.14,3.14,0.0
86510000,2026-08-27T01:45:00-03:00,3.16,3.16,0.0
86510000,2026-08-27T02:00:00-03:00,3.17,3.17,0.0
86510000,2026-08-27T02:15:00-03:00,3.18,3.18,0.0
86510000,2026-08-27T02:30:00-03:00,3.19,3.19,0.0
86510000,2026-08-27T02:45:00-03:00,3.2,3.2,0.0
86510000,2026-08-27T03:00:00-03:00,3.2,3.2,0.0
86510000,2026-08-27T03:15:00-03:00,3.21,3.21,0.0
86510000,2026-08-27T03:30:00-03:00,3.21,3.21,0.0
86510000,2026-08-27T03:45:00-03:00,3.22,3.22,0.0
86510000,2026-08-27T04:00:00-03:00,3.22,3.22,0.0
86510000,2026-08-27T04:15:00-03:00,3.22,3.22,0.0
86510000,2026-08-27T04:30:00-03:00,3.21,3.21,0.0
86510000,2026-08-27T04:45:00-03:00,3.22,3.22,0.0
86510000,2026-08-27T05:00:00-03:00,3.21,3.21,0.0
86510000,2026-08-27T05:15:00-03:00,3.21,3.21,0.0
86510000,2026-08-27T05:30:00-03:00,3.21,3.21,0.0
86510000,2026-08-27T05:45:00-03:00,3.21,3.21,0.0
86510000,2026-08-27T06:00:00-03:00,3.21,3.21,0.0
86510000,2026-08-27T06:15:00-03:00,3.21,3.21,0.0
86510000,2026-08-27T06:30:00-03:00,3.21,3.21,0.0
86510000,2026-08-27T06:45:00-03:00,3.21,3.21,0.0
86510000,2026-08-27T07:00:00-03:00,3.21,3.21,0.0
86510000,2026-08-27T07:15:00-03:00,3.21,3.21,0.0
86510000,2026-08-27T07:30:00-03:00,3.21,3.21,0.0
86510000,2026-08-27T07:45:00-03:00,3.21,3.21,0.0
86510000,2026-08-27T08:00:00-03:00,3.21,3.21,0.0
86510000,2026-08-27T08:15:00-03:00,3.21,3.21,0.0
86510000,2026-08-27T08:30:00-03:00,3.21,3.21,0.0
86510000,2026-08-27T08:45:00-03:00,3.21,3.21,0.0
86510000,2026-08-27T09:00:00-03:00,3.21,3.21,0.0
86510000,2026-08-27T09:15:00-03:00,3.21,3.21,0.0
86510000,2026-08-27T09:30:00-03:00,3.21,3.21,0.0
86510000,2026-08-27T09:45:00-03:00,3.2,3.2,0.0
86510000,2026-08-27T10:00:00-03:00,3.2,3.2,0.0
86510000,2026-08-27T10:15:00-03:00,3.2,3.2,0.0
86510000,2026-08-27T10:30:00-03:00,3.2,3.2,0.0
86510000,2026-08-27T10:45:00-03:00,3.2,3.2,0.0
86510000,2026-08-27T11:00:00-03:00,3.19,3.19,0.0
86510000,2026-08-27T11:15:00-03:00,3.19,3.19,0.0
86510000,2026-08-27T11:30:00-03:00,3.2,3.2,0.0
86510000,2026-08-27T11:45:00-03:00,3.19,3.19,0.0
86510000,2026-08-27T12:00:00-03:00,3.19,3.19,0.0
86510000,2026-08-27T12:15:00-03:00,3.19,3.19,0.0
86510000,2026-08-27T12:30:00-03:00,3.19,3.19,0.0
86510000,2026-08-27T12:45:00-03:00,3.18,3.18,0.0
86510000,2026-08-27T13:00:00-03:00,3.18,3.18,0.0
86510000,2026-08-27T13:15:00-03:00,3.18,3.18,0.0
86510000,2026-08-27T13:30:00-03:00,3.18,3.18,0.0
86510000,2026-08-27T13:45:00-03:00,3.16,3.17,0.009999999999999787
86510000,2026-08-27T14:00:00-03:00,3.14,3.16,0.020000000000000018
86510000,2026-08-27T14:15:00-03:00,3.14,3.14,0.0
86510000,2026-08-27T14:30:00-03:00,3.12,3.12,0.0
86510000,2026-08-27T14:45:00-03:00,3.09,3.09,0.0
86510000,2026-08-27T15:00:00-03:00,3.06,3.06,0.0
86510000,2026-08-27T15:15:00-03:00,3.02,3.02,0.0
86510000,2026-08-27T15:30:00-03:00,2.97,2.97,0.0
86510000,2026-08-27T15:45:00-03:00,2.93,2.93,0.0
86510000,2026-08-27T16:00:00-03:00,2.88,2.88,0.0
86510000,2026-08-27T16:15:00-03:00,2.83,2.83,0.0
86510000,2026-08-27T16:30:00-03:00,2.78,2.78,0.0
86510000,2026-08-27T16:45:00-03:00,2.72,2.72,0.0
86510000,2026-08-27T17:00:00-03:00,2.66,2.66,0.0
86510000,2026-08-27T17:15:00-03:00,2.6,2.6,0.0
86510000,2026-08-27T17:30:00-03:00,2.54,2.54,0.0
86510000,2026-08-27T17:45:00-03:00,2.48,2.48,0.0
86510000,2026-08-27T18:00:00-03:00,2.43,2.43,0.0
86510000,2026-08-27T18:15:00-03:00,2.37,2.37,0.0
86510000,2026-08-27T18:30:00-03:00,2.32,2.32,0.0
86510000,2026-08-27T18:45:00-03:00,2.23,2.27,0.040000000000000036
86510000,2026-08-27T19:00:00-03:00,2.18,2.23,0.04999999999999982
86510000,2026-08-27T19:15:00-03:00,2.13,2.18,0.050000000000000266
86510000,2026-08-27T19:30:00-03:00,2.13,2.13,0.0
86510000,2026-08-27T19:45:00-03:00,2.09,2.09,0.0
86510000,2026-08-27T20:00:00-03:00,2.05,2.05,0.0
86510000,2026-08-27T20:15:00-03:00,2.01,2.01,0.0
86510000,2026-08-27T20:30:00-03:00,1.98,1.98,0.0
86510000,2026-08-27T20:45:00-03:00,1.94,1.94,0.0
86510000,2026-08-27T21:00:00-03:00,1.91,1.91,0.0
86510000,2026-08-27T21:15:00-03:00,1.89,1.89,0.0
86510000,2026-08-27T21:30:00-03:00,1.87,1.87,0.0
86510000,2026-08-27T22:00:00-03:00,1.87,1.87,0.0
86510000,2026-08-27T22:15:00-03:00,1.91,1.91,0.0
86510000,2026-08-27T22:30:00-03:00,1.96,1.96,0.0
86510000,2026-08-27T22:45:00-03:00,2.04,2.04,0.0
86510000,2026-08-27T23:00:00-03:00,2.14,2.14,0.0
86510000,2026-08-27T23:15:00-03:00,2.24,2.24,0.0
86510000,2026-08-28T00:00:00-03:00,2.53,2.53,0.0
86510000,2026-08-28T00:15:00-03:00,2.61,2.61,0.0
86510000,2026-08-28T00:30:00-03:00,2.67,2.67,0.0
86510000,2026-08-28T00:45:00-03:00,2.72,2.72,0.0
86510000,2026-08-28T01:00:00-03:00,2.76,2.76,0.0
86510000,2026-08-28T01:15:00-03:00,2.8,2.8,0.0
86510000,2026-08-28T01:30:00-03:00,2.83,2.83,0.0
86510000,2026-08-28T01:45:00-03:00,2.85,2.85,0.0
86510000,2026-08-28T02:00:00-03:00,2.87,2.87,0.0
86510000,2026-08-28T02:15:00-03:00,2.89,2.89,0.0
86510000,2026-08-28T02:30:00-03:00,2.9,2.9,0.0
86510000,2026-08-28T02:45:00-03:00,2.91,2.91,0.0
86510000,2026-08-28T03:00:00-03:00,2.91,2.91,0.0
86510000,2026-08-28T03:15:00-03:00,2.92,2.92,0.0
86510000,2026-08-28T03:30:00-03:00,2.93,2.93,0.0
86510000,2026-08-28T03:45:00-03:00,2.92,2.92,0.0
86510000,2026-08-28T04:00:00-03:00,2.93,2.93,0.0
86510000,2026-08-28T04:15:00-03:00,2.93,2.93,0.0
86510000,2026-08-28T04:30:00-03:00,2.93,2.93,0.0
86510000,2026-08-28T04:45:00-03:00,2.93,2.93,0.0
86510000,2026-08-28T05:00:00-03:00,2.94,2.94,0.0
86510000,2026-08-28T05:15:00-03:00,2.94,2.94,0.0
86510000,2026-08-28T05:30:00-03:00,2.94,2.94,0.0
86510000,2026-08-28T05:45:00-03:00,2.95,2.95,0.0
86510000,2026-08-28T06:00:00-03:00,2.96,2.96,0.0
86510000,2026-08-28T06:15:00-03:00,2.96,2.96,0.0
86510000,2026-08-28T06:30:00-03:00,2.98,2.98,0.0
86510000,2026-08-28T06:45:00-03:00,2.99,2.99,0.0
86510000,2026-08-28T07:00:00-03:00,3.0,3.0,0.0
86510000,2026-08-28T07:15:00-03:00,3.01,3.01,0.0
86510000,2026-08-28T07:30:00-03:00,3.03,3.03,0.0
86510000,2026-08-28T07:45:00-03:00,3.04,3.04,0.0
86510000,2026-08-28T08:00:00-03:00,3.05,3.05,0.0
86510000,2026-08-28T08:15:00-03:00,3.06,3.06,0.0
86510000,2026-08-28T08:30:00-03:00,3.07,3.07,0.0
86510000,2026-08-28T08:45:00-03:00,3.08,3.08,0.0
86510000,2026-08-28T09:00:00-03:00,3.08,3.08,0.0
86510000,2026-08-28T09:15:00-03:00,3.1,3.1,0.0
86510000,2026-08-28T09:30:00-03:00,3.09,3.09,0.0
86510000,2026-08-28T09:45:00-03:00,3.1,3.1,0.0
86510000,2026-08-28T10:00:00-03:00,3.11,3.11,0.0
86510000,2026-08-28T10:15:00-03:00,3.12,3.12,0.0
86510000,2026-08-28T10:30:00-03:00,3.12,3.12,0.0
86510000,2026-08-28T10:45:00-03:00,3.12,3.12,0.0
86510000,2026-08-28T11:00:00-03:00,3.13,3.13,0.0
86510000,2026-08-28T11:15:00-03:00,3.13,3.13,0.0
86510000,2026-08-28T11:30:00-03:00,3.14,3.14,0.0
86510000,2026-08-28T11:45:00-03:00,3.14,3.14,0.0
86510000,2026-08-28T12:00:00-03:00,3.14,3.14,0.0
86510000,2026-08-28T12:15:00-03:00,3.13,3.13,0.0
86510000,2026-08-28T12:30:00-03:00,3.12,3.12,0.0
86510000,2026-08-28T12:45:00-03:00,3.1,3.1,0.0
86510000,2026-08-28T13:00:00-03:00,3.08,3.08,0.0
86510000,2026-08-28T13:15:00-03:00,3.05,3.05,0.0
86510000,2026-08-28T13:30:00-03:00,3.02,3.02,0.0
86510000,2026-08-28T13:45:00-03:00,2.98,2.98,0.0
86510000,2026-08-28T14:00:00-03:00,2.94,2.94,0.0
86510000,2026-08-28T14:15:00-03:00,2.89,2.89,0.0
86510000,2026-08-28T14:30:00-03:00,2.84,2.84,0.0
86510000,2026-08-28T14:45:00-03:00,2.79,2.79,0.0
86510000,2026-08-28T15:00:00-03:00,2.74,2.74,0.0
86510000,2026-08-28T15:15:00-03:00,2.68,2.68,0.0
86510000,2026-08-28T15:30:00-03:00,2.62,2.62,0.0
86510000,2026-08-28T15:45:00-03:00,2.56,2.56,0.0
86510000,2026-08-28T16:00:00-03:00,2.51,2.51,0.0
86510000,2026-08-28T16:15:00-03:00,2.45,2.45,0.0
86510000,2026-08-28T16:30:00-03:00,2.39,2.39,0.0
86510000,2026-08-28T16:45:00-03:00,2.34,2.34,0.0
86510000,2026-08-28T17:00:00-03:00,2.29,2.29,0.0
86510000,2026-08-28T17:15:00-03:00,2.24,2.24,0.0
86510000,2026-08-28T17:30:00-03:00,2.19,2.19,0.0
86510000,2026-08-28T17:45:00-03:00,2.16,2.16,0.0
86510000,2026-08-28T18:00:00-03:00,2.12,2.12,0.0
86510000,2026-08-28T18:15:00-03:00,2.07,2.07,0.0
86510000,2026-08-28T18:30:00-03:00,2.03,2.03,0.0
86510000,2026-08-28T18:45:00-03:00,2.0,2.0,0.0
86510000,2026-08-28T19:00:00-03:00,1.96,1.96,0.0
86510000,2026-08-28T19:15:00-03:00,1.89,1.89,0.0
86510000,2026-08-28T19:30:00-03:00,1.89,1.89,0.0
86510000,2026-08-28T19:45:00-03:00,1.86,1.86,0.0
86510000,2026-08-28T20:00:00-03:00,1.83,1.83,0.0
86510000,2026-08-28T20:15:00-03:00,1.81,1.81,0.0
86510000,2026-08-28T20:30:00-03:00,1.78,1.78,0.0
86510000,2026-08-28T20:45:00-03:00,1.76,1.76,0.0
86510000,2026-08-28T21:00:00-03:00,1.73,1.73,0.0
86510000,2026-08-28T21:15:00-03:00,1.71,1.71,0.0
86510000,2026-08-28T21:30:00-03:00,1.69,1.69,0.0
86510000,2026-08-28T21:45:00-03:00,1.68,1.68,0.0
86510000,2026-08-28T22:00:00-03:00,1.66,1.66,0.0
86510000,2026-08-28T22:15:00-03:00,1.65,1.65,0.0
86510000,2026-08-28T22:30:00-03:00,1.65,1.65,0.0
86510000,2026-08-28T22:45:00-03:00,1.66,1.66,0.0
86510000,2026-08-28T23:00:00-03:00,1.7,1.7,0.0
86510000,2026-08-28T23:15:00-03:00,1.78,1.78,0.0
86510000,2026-08-28T23:30:00-03:00,1.9,1.9,0.0
86510000,2026-08-29T00:00:00-03:00,2.23,2.23,0.0
86510000,2026-08-29T00:15:00-03:00,2.4,2.4,0.0
86510000,2026-08-29T00:30:00-03:00,2.55,2.55,0.0
86510000,2026-08-29T00:45:00-03:00,2.69,2.69,0.0
86510000,2026-08-29T01:00:00-03:00,2.79,2.79,0.0
86510000,2026-08-29T01:15:00-03:00,2.88,2.88,0.0
86510000,2026-08-29T01:30:00-03:00,2.95,2.95,0.0
86510000,2026-08-29T01:45:00-03:00,3.0,3.0,0.0
86510000,2026-08-29T02:00:00-03:00,3.04,3.04,0.0
86510000,2026-08-29T02:15:00-03:00,3.07,3.07,0.0
86510000,2026-08-29T02:30:00-03:00,3.1,3.1,0.0
86510000,2026-08-29T02:45:00-03:00,3.11,3.11,0.0
86510000,2026-08-29T03:00:00-03:00,3.13,3.13,0.0
86510000,2026-08-29T03:15:00-03:00,3.14,3.14,0.0
86510000,2026-08-29T03:30:00-03:00,3.15,3.15,0.0
86510000,2026-08-29T03:45:00-03:00,3.15,3.15,0.0
86510000,2026-08-29T04:00:00-03:00,3.17,3.17,0.0
86510000,2026-08-29T04:15:00-03:00,3.17,3.17,0.0
86510000,2026-08-29T04:30:00-03:00,3.17,3.17,0.0
86510000,2026-08-29T04:45:00-03:00,3.18,3.18,0.0
86510000,2026-08-29T05:00:00-03:00,3.18,3.18,0.0
86510000,2026-08-29T05:15:00-03:00,3.18,3.18,0.0
86510000,2026-08-29T05:30:00-03:00,3.18,3.18,0.0
86510000,2026-08-29T05:45:00-03:00,3.18,3.18,0.0
86510000,2026-08-29T06:00:00-03:00,3.18,3.18,0.0
86510000,2026-08-29T06:15:00-03:00,3.18,3.18,0.0
86510000,2026-08-29T06:30:00-03:00,3.18,3.18,0.0
86510000,2026-08-29T06:45:00-03:00,3.18,3.18,0.0
86510000,2026-08-29T07:00:00-03:00,3.18,3.18,0.0
86510000,2026-08-29T07:15:00-03:00,3.18,3.18,0.0
86510000,2026-08-29T07:30:00-03:00,3.18,3.18,0.0
86510000,2026-08-29T07:45:00-03:00,3.18,3.18,0.0
86510000,2026-08-29T08:00:00-03:00,3.18,3.18,0.0
86510000,2026-08-29T08:15:00-03:00,3.19,3.19,0.0
86510000,2026-08-29T08:30:00-03:00,3.18,3.18,0.0
86510000,2026-08-29T08:45:00-03:00,3.18,3.18,0.0
86510000,2026-08-29T09:00:00-03:00,3.18,3.18,0.0
86510000,2026-08-29T09:15:00-03:00,3.19,3.19,0.0
86510000,2026-08-29T09:30:00-03:00,3.19,3.19,0.0
86510000,2026-08-29T09:45:00-03:00,3.19,3.19,0.0
86510000,2026-08-29T10:00:00-03:00,3.19,3.19,0.0
86510000,2026-08-29T10:15:00-03:00,3.19,3.19,0.0
86510000,2026-08-29T10:30:00-03:00,3.2,3.2,0.0
86510000,2026-08-29T10:45:00-03:00,3.19,3.19,0.0
86510000,2026-08-29T11:00:00-03:00,3.2,3.2,0.0
86510000,2026-08-29T11:15:00-03:00,3.2,3.2,0.0
86510000,2026-08-29T11:30:00-03:00,3.21,3.21,0.0
86510000,2026-08-29T11:45:00-03:00,3.22,3.22,0.0
86510000,2026-08-29T12:00:00-03:00,3.22,3.22,0.0
86510000,2026-08-29T12:15:00-03:00,3.22,3.22,0.0
86510000,2026-08-29T12:30:00-03:00,3.23,3.23,0.0
86510000,2026-08-29T12:45:00-03:00,3.24,3.24,0.0
86510000,2026-08-29T13:00:00-03:00,3.24,3.24,0.0
86510000,2026-08-29T13:15:00-03:00,3.24,3.24,0.0
86510000,2026-08-29T13:30:00-03:00,3.24,3.24,0.0
86510000,2026-08-29T13:45:00-03:00,3.23,3.23,0.0
86510000,2026-08-29T14:00:00-03:00,3.22,3.22,0.0
86510000,2026-08-29T14:15:00-03:00,3.2,3.2,0.0
86510000,2026-08-29T14:30:00-03:00,3.17,3.17,0.0
86510000,2026-08-29T14:45:00-03:00,3.14,3.14,0.0
86510000,2026-08-29T15:00:00-03:00,3.11,3.11,0.0
86510000,2026-08-29T15:15:00-03:00,3.07,3.07,0.0
86510000,2026-08-29T15:30:00-03:00,3.03,3.03,0.0
86510000,2026-08-29T15:45:00-03:00,2.98,2.98,0.0
86510000,2026-08-29T16:00:00-03:00,2.93,2.93,0.0
86510000,2026-08-29T16:15:00-03:00,2.88,2.88,0.0
86510000,2026-08-29T16:30:00-03:00,2.82,2.82,0.0
86510000,2026-08-29T16:45:00-03:00,2.77,2.77,0.0
86510000,2026-08-29T17:00:00-03:00,2.72,2.72,0.0
86510000,2026-08-29T17:15:00-03:00,2.67,2.67,0.0
86510000,2026-08-29T17:30:00-03:00,2.61,2.61,0.0
86510000,2026-08-29T17:45:00-03:00,2.56,2.56,0.0
86510000,2026-08-29T18:00:00-03:00,2.51,2.51,0.0
86510000,2026-08-29T18:15:00-03:00,2.46,2.46,0.0
86510000,2026-08-29T18:30:00-03:00,2.41,2.41,0.0
86510000,2026-08-29T18:45:00-03:00,2.37,2.37,0.0
86510000,2026-08-29T19:00:00-03:00,2.34,2.34,0.0
86510000,2026-08-29T19:15:00-03:00,2.31,2.31,0.0
86510000,2026-08-29T19:30:00-03:00,2.29,2.29,0.0
86510000,2026-08-29T19:45:00-03:00,2.26,2.26,0.0
86510000,2026-08-29T20:00:00-03:00,2.24,2.24,0.0
86510000,2026-08-29T20:15:00-03:00,2.22,2.22,0.0
86510000,2026-08-29T20:30:00-03:00,2.19,2.19,0.0
86510000,2026-08-29T20:45:00-03:00,2.17,2.17,0.0
86510000,2026-08-29T21:00:00-03:00,2.16,2.16,0.0
86510000,2026-08-29T21:15:00-03:00,2.14,2.14,0.0
86510000,2026-08-29T21:30:00-03:00,2.13,2.13,0.0
86510000,2026-08-29T21:45:00-03:00,2.12,2.12,0.0
86510000,2026-08-29T22:00:00-03:00,2.12,2.12,0.0
86510000,2026-08-29T22:15:00-03:00,2.12,2.12,0.0
86510000,2026-08-29T22:30:00-03:00,2.12,2.12,0.0
86510000,2026-08-29T22:45:00-03:00,2.14,2.14,0.0
86510000,2026-08-29T23:00:00-03:00,2.17,2.17,0.0
86510000,2026-08-29T23:15:00-03:00,2.23,2.23,0.0
86510000,2026-08-29T23:30:00-03:00,2.31,2.31,0.0
86510000,2026-08-30T00:00:00-03:00,2.56,2.56,0.0
86510000,2026-08-30T00:15:00-03:00,2.71,2.71,0.0
86510000,2026-08-30T00:30:00-03:00,2.86,2.86,0.0
86510000,2026-08-30T00:45:00-03:00,3.02,3.02,0.0
86510000,2026-08-30T01:00:00-03:00,3.17,3.17,0.0
86510000,2026-08-30T01:15:00-03:00,3.3,3.3,0.0
86510000,2026-08-30T01:30:00-03:00,3.42,3.42,0.0
86510000,2026-08-30T01:45:00-03:00,3.53,3.53,0.0
86510000,2026-08-30T02:00:00-03:00,3.63,3.63,0.0
86510000,2026-08-30T02:15:00-03:00,3.73,3.73,0.0
86510000,2026-08-30T02:30:00-03:00,3.83,3.83,0.0
86510000,2026-08-30T02:45:00-03:00,3.93,3.93,0.0
86510000,2026-08-30T03:00:00-03:00,4.03,4.03,0.0
86510000,2026-08-30T03:15:00-03:00,4.11,4.11,0.0
86510000,2026-08-30T03:30:00-03:00,4.19,4.19,0.0
86510000,2026-08-30T03:45:00-03:00,4.25,4.25,0.0
86510000,2026-08-30T04:00:00-03:00,4.31,4.31,0.0
86510000,2026-08-30T04:15:00-03:00,4.36,4.36,0.0
86510000,2026-08-30T04:30:00-03:00,4.4,4.4,0.0
86510000,2026-08-30T04:45:00-03:00,4.44,4.44,0.0
86510000,2026-08-30T05:00:00-03:00,4.47,4.47,0.0
86510000,2026-08-30T05:15:00-03:00,4.51,4.51,0.0
86510000,2026-08-30T05:30:00-03:00,4.53,4.53,0.0
86510000,2026-08-30T05:45:00-03:00,4.55,4.55,0.0
86510000,2026-08-30T06:00:00-03:00,4.57,4.57,0.0
86510000,2026-08-30T06:15:00-03:00,4.58,4.58,0.0
86510000,2026-08-30T06:30:00-03:00,4.59,4.59,0.0
86510000,2026-08-30T06:45:00-03:00,4.59,4.59,0.0
86510000,2026-08-30T07:00:00-03:00,4.6,4.6,0.0
86510000,2026-08-30T07:15:00-03:00,4.6,4.6,0.0
86510000,2026-08-30T07:30:00-03:00,4.6,4.6,0.0
86510000,2026-08-30T07:45:00-03:00,4.6,4.6,0.0
86510000,2026-08-30T08:00:00-03:00,4.59,4.59,0.0
86510000,2026-08-30T08:15:00-03:00,4.59,4.59,0.0
86510000,2026-08-30T08:30:00-03:00,4.58,4.58,0.0
86510000,2026-08-30T08:45:00-03:00,4.58,4.58,0.0
86510000,2026-08-30T09:00:00-03:00,4.57,4.57,0.0
86510000,2026-08-30T09:15:00-03:00,4.57,4.57,0.0
86510000,2026-08-30T09:30:00-03:00,4.56,4.56,0.0
86510000,2026-08-30T09:45:00-03:00,4.55,4.55,0.0
86510000,2026-08-30T10:00:00-03:00,4.55,4.55,0.0
86510000,2026-08-30T10:15:00-03:00,4.54,4.54,0.0
86510000,2026-08-30T10:30:00-03:00,4.53,4.53,0.0
86510000,2026-08-30T10:45:00-03:00,4.52,4.52,0.0
86510000,2026-08-30T11:00:00-03:00,4.51,4.51,0.0
86510000,2026-08-30T11:15:00-03:00,4.48,4.48,0.0
86510000,2026-08-30T11:30:00-03:00,4.45,4.45,0.0
86510000,2026-08-30T11:45:00-03:00,4.42,4.42,0.0
86510000,2026-08-30T12:00:00-03:00,4.38,4.38,0.0
86510000,2026-08-30T12:15:00-03:00,4.34,4.34,0.0
86510000,2026-08-30T12:30:00-03:00,4.29,4.29,0.0
86510000,2026-08-30T12:45:00-03:00,4.24,4.24,0.0
86510000,2026-08-30T13:00:00-03:00,4.19,4.19,0.0
86510000,2026-08-30T13:15:00-03:00,4.14,4.14,0.0
86510000,2026-08-30T13:30:00-03:00,4.09,4.09,0.0
86510000,2026-08-30T13:45:00-03:00,4.05,4.05,0.0
86510000,2026-08-30T14:00:00-03:00,4.01,4.01,0.0
86510000,2026-08-30T14:15:00-03:00,3.97,3.97,0.0
86510000,2026-08-30T14:30:00-03:00,3.94,3.94,0.0
86510000,2026-08-30T14:45:00-03:00,3.92,3.92,0.0
86510000,2026-08-30T15:00:00-03:00,3.9,3.9,0.0
86510000,2026-08-30T15:15:00-03:00,3.89,3.89,0.0
86510000,2026-08-30T15:30:00-03:00,3.89,3.89,0.0
86510000,2026-08-30T15:45:00-03:00,3.91,3.91,0.0
86510000,2026-08-30T16:00:00-03:00,3.92,3.92,0.0
86510000,2026-08-30T16:15:00-03:00,3.95,3.95,0.0
86510000,2026-08-30T16:30:00-03:00,3.99,3.99,0.0
86510000,2026-08-30T16:45:00-03:00,4.03,4.03,0.0
86510000,2026-08-30T17:00:00-03:00,4.07,4.07,0.0
86510000,2026-08-30T17:15:00-03:00,4.12,4.12,0.0
86510000,2026-08-30T17:30:00-03:00,4.18,4.18,0.0
86510000,2026-08-30T17:45:00-03:00,4.24,4.24,0.0
86510000,2026-08-30T18:00:00-03:00,4.3,4.3,0.0
86510000,2026-08-30T18:15:00-03:00,4.36,4.36,0.0
86510000,2026-08-30T18:30:00-03:00,4.41,4.41,0.0
86510000,2026-08-30T18:45:00-03:00,4.47,4.47,0.0
86510000,2026-08-30T19:00:00-03:00,4.53,4.53,0.0
86510000,2026-08-30T19:15:00-03:00,4.58,4.58,0.0
86510000,2026-08-30T19:30:00-03:00,4.64,4.64,0.0
86510000,2026-08-30T19:45:00-03:00,4.69,4.69,0.0
86510000,2026-08-30T20:00:00-03:00,4.75,4.75,0.0
86510000,2026-08-30T20:15:00-03:00,4.81,4.81,0.0
86510000,2026-08-30T20:30:00-03:00,4.89,4.89,0.0
86510000,2026-08-30T20:45:00-03:00,4.98,4.98,0.0
86510000,2026-08-30T21:00:00-03:00,5.09,5.09,0.0
86510000,2026-08-30T21:15:00-03:00,5.2,5.2,0.0
86510000,2026-08-30T21:30:00-03:00,5.32,5.32,0.0
86510000,2026-08-30T21:45:00-03:00,5.44,5.44,0.0
86510000,2026-08-30T22:00:00-03:00,5.55,5.55,0.0
86510000,2026-08-30T22:15:00-03:00,5.64,5.64,0.0
86510000,2026-08-30T22:30:00-03:00,5.73,5.73,0.0
86510000,2026-08-30T22:45:00-03:00,5.81,5.81,0.0
86510000,2026-08-30T23:00:00-03:00,5.88,5.88,0.0
86510000,2026-08-30T23:15:00-03:00,5.93,5.93,0.0
86510000,2026-08-30T23:30:00-03:00,5.98,5.98,0.0
86510000,2026-08-31T00:00:00-03:00,6.05,6.05,0.0
86510000,2026-08-31T00:15:00-03:00,6.1,6.1,0.0
86510000,2026-08-31T00:30:00-03:00,6.13,6.13,0.0
86510000,2026-08-31T00:45:00-03:00,6.16,6.16,0.0
86510000,2026-08-31T01:00:00-03:00,6.19,6.19,0.0
86510000,2026-08-31T01:15:00-03:00,6.22,6.22,0.0
86510000,2026-08-31T01:30:00-03:00,6.25,6.25,0.0
86510000,2026-08-31T01:45:00-03:00,6.26,6.26,0.0
86510000,2026-08-31T02:00:00-03:00,6.27,6.27,0.0
86510000,2026-08-31T02:15:00-03:00,6.29,6.29,0.0
86510000,2026-08-31T02:30:00-03:00,6.31,6.31,0.0
86510000,2026-08-31T02:45:00-03:00,6.35,6.35,0.0
86510000,2026-08-31T03:00:00-03:00,6.39,6.39,0.0
86510000,2026-08-31T03:15:00-03:00,6.42,6.42,0.0
86510000,2026-08-31T03:30:00-03:00,6.47,6.47,0.0
86510000,2026-08-31T03:45:00-03:00,6.51,6.51,0.0
86510000,2026-08-31T04:00:00-03:00,6.57,6.57,0.0
86510000,2026-08-31T04:15:00-03:00,6.65,6.65,0.0
86510000,2026-08-31T04:30:00-03:00,6.74,6.74,0.0
86510000,2026-08-31T04:45:00-03:00,6.84,6.84,0.0
86510000,2026-08-31T05:00:00-03:00,6.94,6.94,0.0
86510000,2026-08-31T05:15:00-03:00,7.06,7.06,0.0
86510000,2026-08-31T05:30:00-03:00,7.14,7.14,0.0
86510000,2026-08-31T05:45:00-03:00,7.29,7.29,0.0
86510000,2026-08-31T06:00:00-03:00,7.29,7.29,0.0
86510000,2026-08-31T06:15:00-03:00,7.36,7.36,0.0
86510000,2026-08-31T06:30:00-03:00,7.41,7.41,0.0
86510000,2026-08-31T06:45:00-03:00,7.45,7.45,0.0
86510000,2026-08-31T07:00:00-03:00,7.49,7.49,0.0
86510000,2026-08-31T07:15:00-03:00,7.52,7.52,0.0
86510000,2026-08-31T07:30:00-03:00,7.52,7.52,0.0
86510000,2026-08-31T07:45:00-03:00,7.54,7.54,0.0
86510000,2026-08-31T08:00:00-03:00,7.54,7.54,0.0
86510000,2026-08-31T08:15:00-03:00,7.54,7.54,0.0
86510000,2026-08-31T08:30:00-03:00,7.53,7.53,0.0
86510000,2026-08-31T08:45:00-03:00,7.53,7.53,0.0
86510000,2026-08-31T09:00:00-03:00,7.53,7.53,0.0
86510000,2026-08-31T09:15:00-03:00,7.52,7.52,0.0
86510000,2026-08-31T09:30:00-03:00,7.51,7.51,0.0
86510000,2026-08-31T09:45:00-03:00,7.52,7.52,0.0
86510000,2026-08-31T10:00:00-03:00,7.5,7.5,0.0
86510000,2026-08-31T10:15:00-03:00,7.5,7.5,0.0
86510000,2026-08-31T10:30:00-03:00,7.5,7.5,0.0
86510000,2026-08-31T10:45:00-03:00,7.49,7.49,0.0
86510000,2026-08-31T11:00:00-03:00,7.49,7.49,0.0
86510000,2026-08-31T11:15:00-03:00,7.47,7.47,0.0
86510000,2026-08-31T11:30:00-03:00,7.48,7.48,0.0
86510000,2026-08-31T11:45:00-03:00,7.45,7.45,0.0
86510000,2026-08-31T12:00:00-03:00,7.42,7.42,0.0
86510000,2026-08-31T12:15:00-03:00,7.39,7.39,0.0
86510000,2026-08-31T12:30:00-03:00,7.35,7.35,0.0
86510000,2026-08-31T12:45:00-03:00,7.3,7.3,0.0
86510000,2026-08-31T13:00:00-03:00,7.26,7.26,0.0
86510000,2026-08-31T13:15:00-03:00,7.22,7.22,0.0
86510000,2026-08-31T13:30:00-03:00,7.21,7.21,0.0
86510000,2026-08-31T13:45:00-03:00,7.16,7.16,0.0
86510000,2026-08-31T14:00:00-03:00,7.08,7.12,0.040000000000000036
86510000,2026-08-31T14:15:00-03:00,7.08,7.08,0.0
86510000,2026-08-31T14:30:00-03:00,7.06,7.06,0.0
86510000,2026-08-31T14:45:00-03:00,7.03,7.03,0.0
86510000,2026-08-31T15:00:00-03:00,7.02,7.02,0.0
86510000,2026-08-31T15:15:00-03:00,7.01,7.01,0.0
86510000,2026-08-31T15:30:00-03:00,7.0,7.0,0.0
86510000,2026-08-31T15:45:00-03:00,7.0,7.0,0.0
86510000,2026-08-31T16:00:00-03:00,7.01,7.01,0.0
86510000,2026-08-31T16:15:00-03:00,7.02,7.02,0.0
86510000,2026-08-31T16:30:00-03:00,7.04,7.04,0.0
86510000,2026-08-31T16:45:00-03:00,7.07,7.07,0.0
86510000,2026-08-31T17:00:00-03:00,7.13,7.13,0.0
86510000,2026-08-31T17:15:00-03:00,7.15,7.15,0.0
86510000,2026-08-31T17:30:00-03:00,7.19,7.19,0.0
86510000,2026-08-31T17:45:00-03:00,7.23,7.23,0.0
86510000,2026-08-31T18:00:00-03:00,7.27,7.27,0.0
86510000,2026-08-31T18:15:00-03:00,7.33,7.3,0.03000000000000025
86510000,2026-08-31T18:30:00-03:00,7.33,7.33,0.0
86510000,2026-08-31T18:45:00-03:00,7.35,7.35,0.0
86510000,2026-08-31T19:00:00-03:00,7.38,7.38,0.0
86510000,2026-08-31T19:15:00-03:00,7.38,7.38,0.0
86510000,2026-08-31T19:30:00-03:00,7.39,7.39,0.0
86510000,2026-08-31T19:45:00-03:00,7.39,7.39,0.0
86510000,2026-08-31T20:00:00-03:00,7.39,7.39,0.0
86510000,2026-08-31T20:15:00-03:00,7.38,7.38,0.0
86510000,2026-08-31T20:30:00-03:00,7.36,7.36,0.0
86510000,2026-08-31T20:45:00-03:00,7.35,7.35,0.0
86510000,2026-08-31T21:00:00-03:00,7.33,7.33,0.0
86510000,2026-08-31T21:15:00-03:00,7.31,7.31,0.0
86510000,2026-08-31T21:30:00-03:00,7.3,7.3,0.0
86510000,2026-08-31T21:45:00-03:00,7.27,7.27,0.0
86510000,2026-08-31T22:00:00-03:00,7.25,7.25,0.0
86510000,2026-08-31T22:15:00-03:00,7.22,7.22,0.0
86510000,2026-08-31T22:30:00-03:00,7.18,7.18,0.0
86510000,2026-08-31T22:45:00-03:00,7.14,7.14,0.0
86510000,2026-08-31T23:00:00-03:00,7.1,7.1,0.0
86510000,2026-08-31T23:15:00-03:00,7.06,7.06,0.0
86510000,2026-09-01T00:00:00-03:00,6.95,6.95,0.0
86510000,2026-09-01T00:15:00-03:00,6.92,6.92,0.0
86510000,2026-09-01T00:30:00-03:00,6.89,6.89,0.0
86510000,2026-09-01T00:45:00-03:00,6.87,6.87,0.0
86510000,2026-09-01T01:00:00-03:00,6.86,6.86,0.0
86510000,2026-09-01T01:15:00-03:00,6.84,6.84,0.0
86510000,2026-09-01T01:30:00-03:00,6.83,6.83,0.0
86510000,2026-09-01T01:45:00-03:00,6.83,6.83,0.0
86510000,2026-09-01T02:00:00-03:00,6.83,6.83,0.0
86510000,2026-09-01T02:15:00-03:00,6.83,6.83,0.0
86510000,2026-09-01T02:30:00-03:00,6.83,6.83,0.0
86510000,2026-09-01T02:45:00-03:00,6.84,6.84,0.0
86510000,2026-09-01T03:00:00-03:00,6.84,6.84,0.0
86510000,2026-09-01T03:15:00-03:00,6.85,6.85,0.0
86510000,2026-09-01T03:30:00-03:00,6.86,6.86,0.0
86510000,2026-09-01T03:45:00-03:00,6.88,6.88,0.0
86510000,2026-09-01T04:00:00-03:00,6.88,6.88,0.0
86510000,2026-09-01T04:15:00-03:00,6.89,6.89,0.0
86510000,2026-09-01T04:30:00-03:00,6.91,6.91,0.0
86510000,2026-09-01T04:45:00-03:00,6.91,6.91,0.0
86510000,2026-09-01T05:00:00-03:00,6.92,6.92,0.0
86510000,2026-09-01T05:15:00-03:00,6.92,6.92,0.0
86510000,2026-09-01T05:30:00-03:00,6.92,6.92,0.0
86510000,2026-09-01T05:45:00-03:00,6.92,6.92,0.0
86510000,2026-09-01T06:00:00-03:00,6.93,6.93,0.0
86510000,2026-09-01T06:15:00-03:00,6.92,6.92,0.0
86510000,2026-09-01T06:30:00-03:00,6.93,6.93,0.0
86510000,2026-09-01T06:45:00-03:00,6.92,6.92,0.0
86510000,2026-09-01T07:00:00-03:00,6.92,6.92,0.0
86510000,2026-09-01T07:15:00-03:00,6.91,6.91,0.0
86510000,2026-09-01T07:30:00-03:00,6.91,6.91,0.0
86510000,2026-09-01T07:45:00-03:00,6.91,6.91,0.0
86510000,2026-09-01T08:00:00-03:00,6.9,6.9,0.0
86510000,2026-09-01T08:15:00-03:00,6.9,6.9,0.0
86510000,2026-09-01T08:30:00-03:00,6.88,6.88,0.0
86510000,2026-09-01T08:45:00-03:00,6.88,6.88,0.0
86510000,2026-09-01T09:00:00-03:00,6.87,6.87,0.0
86510000,2026-09-01T09:15:00-03:00,6.86,6.86,0.0
86510000,2026-09-01T09:30:00-03:00,6.86,6.86,0.0
86510000,2026-09-01T09:45:00-03:00,6.84,6.84,0.0
86510000,2026-09-01T10:00:00-03:00,6.84,6.84,0.0
86510000,2026-09-01T10:15:00-03:00,6.82,6.82,0.0
86510000,2026-09-01T10:30:00-03:00,6.81,6.81,0.0
86510000,2026-09-01T10:45:00-03:00,6.8,6.8,0.0
86510000,2026-09-01T11:00:00-03:00,6.8,6.8,0.0
86510000,2026-09-01T11:15:00-03:00,6.79,6.79,0.0
86510000,2026-09-01T11:30:00-03:00,6.77,6.77,0.0
86510000,2026-09-01T11:45:00-03:00,6.76,6.76,0.0
86510000,2026-09-01T12:00:00-03:00,6.74,6.74,0.0
86510000,2026-09-01T12:15:00-03:00,6.72,6.72,0.0
86510000,2026-09-01T12:30:00-03:00,6.7,6.7,0.0
86510000,2026-09-01T12:45:00-03:00,6.66,6.66,0.0
86510000,2026-09-01T13:00:00-03:00,6.62,6.62,0.0
86510000,2026-09-01T13:15:00-03:00,6.59,6.59,0.0
86510000,2026-09-01T13:30:00-03:00,6.54,6.54,0.0
86510000,2026-09-01T13:45:00-03:00,6.51,6.51,0.0
86510000,2026-09-01T14:00:00-03:00,6.47,6.47,0.0
86510000,2026-09-01T14:15:00-03:00,6.44,6.44,0.0
86510000,2026-09-01T14:30:00-03:00,6.4,6.4,0.0
86510000,2026-09-01T14:45:00-03:00,6.38,6.38,0.0
86510000,2026-09-01T15:00:00-03:00,6.36,6.36,0.0
86510000,2026-09-01T15:15:00-03:00,6.33,6.33,0.0
86510000,2026-09-01T15:30:00-03:00,6.32,6.32,0.0
86510000,2026-09-01T15:45:00-03:00,6.3,6.3,0.0
86510000,2026-09-01T16:00:00-03:00,6.3,6.3,0.0
86510000,2026-09-01T16:15:00-03:00,6.28,6.28,0.0
86510000,2026-09-01T16:30:00-03:00,6.27,6.27,0.0
86510000,2026-09-01T16:45:00-03:00,6.27,6.27,0.0
86510000,2026-09-01T17:00:00-03:00,6.26,6.26,0.0
86510000,2026-09-01T17:15:00-03:00,6.25,6.25,0.0
86510000,2026-09-01T17:30:00-03:00,6.24,6.24,0.0
86510000,2026-09-01T17:45:00-03:00,6.24,6.24,0.0
86510000,2026-09-01T18:00:00-03:00,6.24,6.24,0.0
86510000,2026-09-01T18:15:00-03:00,6.24,6.24,0.0
86510000,2026-09-01T18:30:00-03:00,6.24,6.24,0.0
86510000,2026-09-01T18:45:00-03:00,6.24,6.24,0.0
86510000,2026-09-01T19:00:00-03:00,6.26,6.26,0.0
86510000,2026-09-01T19:15:00-03:00,6.28,6.28,0.0
86510000,2026-09-01T19:30:00-03:00,6.31,6.31,0.0
86510000,2026-09-01T19:45:00-03:00,6.34,6.34,0.0
86510000,2026-09-01T20:00:00-03:00,6.38,6.38,0.0
86510000,2026-09-01T20:15:00-03:00,6.42,6.42,0.0
86510000,2026-09-01T20:30:00-03:00,6.45,6.45,0.0
86510000,2026-09-01T20:45:00-03:00,6.5,6.5,0.0
86510000,2026-09-01T21:00:00-03:00,6.52,6.52,0.0
86510000,2026-09-01T21:15:00-03:00,6.54,6.54,0.0
86510000,2026-09-01T21:30:00-03:00,6.56,6.56,0.0
86510000,2026-09-01T21:45:00-03:00,6.58,6.58,0.0
86510000,2026-09-01T22:00:00-03:00,6.58,6.58,0.0
86510000,2026-09-01T22:15:00-03:00,6.59,6.59,0.0
86510000,2026-09-01T22:30:00-03:00,6.58,6.58,0.0
86510000,2026-09-01T22:45:00-03:00,6.57,6.57,0.0
86510000,2026-09-01T23:00:00-03:00,6.56,6.56,0.0
86510000,2026-09-01T23:15:00-03:00,6.55,6.55,0.0
86510000,2026-09-01T23:30:00-03:00,6.52,6.52,0.0
86510000,2026-09-02T00:00:00-03:00,6.49,6.49,0.0
86510000,2026-09-02T00:15:00-03:00,6.47,6.47,0.0
86510000,2026-09-02T00:30:00-03:00,6.45,6.43,0.020000000000000462
86510000,2026-09-02T00:45:00-03:00,6.43,6.43,0.0
86510000,2026-09-02T01:00:00-03:00,6.41,6.41,0.0
86510000,2026-09-02T01:15:00-03:00,6.37,6.37,0.0
86510000,2026-09-02T01:30:00-03:00,6.34,6.34,0.0
86510000,2026-09-02T01:45:00-03:00,6.32,6.32,0.0
86510000,2026-09-02T02:00:00-03:00,6.28,6.28,0.0
86510000,2026-09-02T02:15:00-03:00,6.25,6.25,0.0
86510000,2026-09-02T02:30:00-03:00,6.21,6.21,0.0
86510000,2026-09-02T02:45:00-03:00,6.15,6.15,0.0
86510000,2026-09-02T03:00:00-03:00,6.05,6.05,0.0
86510000,2026-09-02T03:15:00-03:00,5.98,5.98,0.0
86510000,2026-09-02T03:30:00-03:00,5.91,5.91,0.0
86510000,2026-09-02T03:45:00-03:00,5.86,5.86,0.0
86510000,2026-09-02T04:00:00-03:00,5.81,5.81,0.0
86510000,2026-09-02T04:15:00-03:00,5.77,5.77,0.0
86510000,2026-09-02T04:30:00-03:00,5.73,5.73,0.0
86510000,2026-09-02T04:45:00-03:00,5.71,5.71,0.0
86510000,2026-09-02T05:00:00-03:00,5.7,5.7,0.0
86510000,2026-09-02T05:15:00-03:00,5.69,5.69,0.0
86510000,2026-09-02T05:30:00-03:00,5.68,5.68,0.0
86510000,2026-09-02T05:45:00-03:00,5.68,5.68,0.0
86510000,2026-09-02T06:00:00-03:00,5.68,5.68,0.0
86510000,2026-09-02T06:15:00-03:00,5.68,5.68,0.0
86510000,2026-09-02T06:30:00-03:00,5.69,5.69,0.0
86510000,2026-09-02T06:45:00-03:00,5.7,5.7,0.0
86510000,2026-09-02T07:00:00-03:00,5.7,5.7,0.0
86510000,2026-09-02T07:15:00-03:00,5.71,5.71,0.0
86510000,2026-09-02T07:30:00-03:00,5.72,5.72,0.0
86510000,2026-09-02T07:45:00-03:00,5.72,5.72,0.0
86510000,2026-09-02T08:00:00-03:00,5.72,5.72,0.0
86510000,2026-09-02T08:15:00-03:00,5.73,5.73,0.0
86510000,2026-09-02T08:30:00-03:00,5.73,5.73,0.0
86510000,2026-09-02T08:45:00-03:00,5.73,5.73,0.0
86510000,2026-09-02T09:00:00-03:00,5.73,5.73,0.0
86510000,2026-09-02T09:15:00-03:00,5.74,5.74,0.0
86510000,2026-09-02T09:30:00-03:00,5.73,5.73,0.0
86510000,2026-09-02T09:45:00-03:00,5.73,5.73,0.0
86510000,2026-09-02T10:00:00-03:00,5.72,5.72,0.0
86510000,2026-09-02T10:15:00-03:00,5.72,5.72,0.0
86510000,2026-09-02T10:30:00-03:00,5.71,5.71,0.0
86510000,2026-09-02T10:45:00-03:00,5.68,5.68,0.0
86510000,2026-09-02T11:00:00-03:00,5.68,5.68,0.0
86510000,2026-09-02T11:15:00-03:00,5.66,5.66,0.0
86510000,2026-09-02T11:30:00-03:00,5.63,5.63,0.0
86510000,2026-09-02T11:45:00-03:00,5.59,5.59,0.0
86510000,2026-09-02T12:00:00-03:00,5.55,5.55,0.0
86510000,2026-09-02T12:15:00-03:00,5.5,5.5,0.0
86510000,2026-09-02T12:30:00-03:00,5.45,5.45,0.0
86510000,2026-09-02T12:45:00-03:00,5.4,5.4,0.0
86510000,2026-09-02T13:00:00-03:00,5.35,5.35,0.0
86510000,2026-09-02T13:15:00-03:00,5.31,5.31,0.0
86510000,2026-09-02T13:30:00-03:00,5.27,5.27,0.0
86510000,2026-09-02T13:45:00-03:00,5.21,5.21,0.0
86510000,2026-09-02T14:00:00-03:00,5.21,5.21,0.0
86510000,2026-09-02T14:15:00-03:00,5.19,5.19,0.0
86510000,2026-09-02T14:30:00-03:00,5.17,5.17,0.0
86510000,2026-09-02T14:45:00-03:00,5.17,5.17,0.0
86510000,2026-09-02T15:00:00-03:00,5.17,5.17,0.0
86510000,2026-09-02T15:15:00-03:00,5.18,5.18,0.0
86510000,2026-09-02T15:30:00-03:00,5.19,5.19,0.0
86510000,2026-09-02T15:45:00-03:00,5.2,5.2,0.0
86510000,2026-09-02T16:00:00-03:00,5.21,5.21,0.0
86510000,2026-09-02T16:15:00-03:00,5.23,5.23,0.0
86510000,2026-09-02T16:30:00-03:00,5.24,5.24,0.0
86510000,2026-09-02T16:45:00-03:00,5.27,5.25,0.019999999999999574
86510000,2026-09-02T17:00:00-03:00,5.28,5.27,0.010000000000000675
86510000,2026-09-02T17:15:00-03:00,5.28,5.28,0.0
86510000,2026-09-02T17:30:00-03:00,5.29,5.29,0.0
86510000,2026-09-02T17:45:00-03:00,5.31,5.31,0.0
86510000,2026-09-02T18:00:00-03:00,5.32,5.32,0.0
86510000,2026-09-02T18:15:00-03:00,5.34,5.34,0.0
86510000,2026-09-02T18:30:00-03:00,5.35,5.35,0.0
86510000,2026-09-02T18:45:00-03:00,5.37,5.37,0.0
86510000,2026-09-02T19:00:00-03:00,5.39,5.39,0.0
86510000,2026-09-02T19:15:00-03:00,5.41,5.41,0.0
86510000,2026-09-02T19:30:00-03:00,5.44,5.44,0.0
86510000,2026-09-02T19:45:00-03:00,5.46,5.46,0.0
86510000,2026-09-02T20:00:00-03:00,5.47,5.47,0.0
86510000,2026-09-02T20:15:00-03:00,5.49,5.49,0.0
86510000,2026-09-02T20:30:00-03:00,5.5,5.5,0.0
86510000,2026-09-02T20:45:00-03:00,5.5,5.5,0.0
86510000,2026-09-02T21:00:00-03:00,5.5,5.5,0.0
86510000,2026-09-02T21:15:00-03:00,5.49,5.49,0.0
86510000,2026-09-02T21:30:00-03:00,5.49,5.49,0.0
86510000,2026-09-02T21:45:00-03:00,5.48,5.48,0.0
86510000,2026-09-02T22:00:00-03:00,5.45,5.45,0.0
86510000,2026-09-02T22:15:00-03:00,5.44,5.44,0.0
86510000,2026-09-02T22:30:00-03:00,5.43,5.43,0.0
86510000,2026-09-02T22:45:00-03:00,5.4,5.4,0.0
86510000,2026-09-02T23:00:00-03:00,5.38,5.38,0.0
86510000,2026-09-02T23:15:00-03:00,5.36,5.36,0.0
86510000,2026-09-03T00:00:00-03:00,5.3,5.3,0.0
86510000,2026-09-03T00:15:00-03:00,5.28,5.28,0.0
86510000,2026-09-03T00:30:00-03:00,5.26,5.26,0.0
86510000,2026-09-03T00:45:00-03:00,5.24,5.24,0.0
86510000,2026-09-03T01:00:00-03:00,5.23,5.23,0.0
86510000,2026-09-03T01:15:00-03:00,5.2,5.2,0.0
86510000,2026-09-03T01:30:00-03:00,5.19,5.19,0.0
86510000,2026-09-03T01:45:00-03:00,5.17,5.17,0.0
86510000,2026-09-03T02:00:00-03:00,5.16,5.16,0.0
86510000,2026-09-03T02:15:00-03:00,5.14,5.14,0.0
86510000,2026-09-03T02:30:00-03:00,5.11,5.11,0.0
86510000,2026-09-03T02:45:00-03:00,5.11,5.11,0.0
86510000,2026-09-03T03:00:00-03:00,5.1,5.1,0.0
86510000,2026-09-03T03:15:00-03:00,5.09,5.09,0.0
86510000,2026-09-03T03:30:00-03:00,5.08,5.08,0.0
86510000,2026-09-03T03:45:00-03:00,5.06,5.06,0.0
86510000,2026-09-03T04:00:00-03:00,5.05,5.05,0.0
86510000,2026-09-03T04:15:00-03:00,5.04,5.04,0.0
86510000,2026-09-03T04:30:00-03:00,5.03,5.03,0.0
86510000,2026-09-03T04:45:00-03:00,5.02,5.02,0.0
86510000,2026-09-03T05:00:00-03:00,5.01,5.01,0.0
86510000,2026-09-03T05:15:00-03:00,5.0,5.0,0.0
86510000,2026-09-03T05:30:00-03:00,4.99,4.99,0.0
86510000,2026-09-03T05:45:00-03:00,4.97,4.97,0.0
86510000,2026-09-03T06:00:00-03:00,4.96,4.96,0.0
86510000,2026-09-03T06:15:00-03:00,4.95,4.95,0.0
86510000,2026-09-03T06:30:00-03:00,4.95,4.94,0.009999999999999787
86510000,2026-09-03T06:45:00-03:00,4.94,4.94,0.0
86510000,2026-09-03T07:00:00-03:00,4.93,4.93,0.0
86510000,2026-09-03T07:15:00-03:00,4.92,4.92,0.0
86510000,2026-09-03T07:30:00-03:00,4.92,4.92,0.0
86510000,2026-09-03T07:45:00-03:00,4.9,4.9,0.0
86510000,2026-09-03T08:00:00-03:00,4.89,4.89,0.0
86510000,2026-09-03T08:15:00-03:00,4.89,4.89,0.0
86510000,2026-09-03T08:30:00-03:00,4.88,4.88,0.0
86510000,2026-09-03T08:45:00-03:00,4.87,4.87,0.0
86510000,2026-09-03T09:00:00-03:00,4.86,4.86,0.0
86510000,2026-09-03T09:15:00-03:00,4.85,4.85,0.0
86510000,2026-09-03T09:30:00-03:00,4.85,4.85,0.0
86510000,2026-09-03T09:45:00-03:00,4.83,4.83,0.0
86510000,2026-09-03T10:00:00-03:00,4.83,4.83,0.0
86510000,2026-09-03T10:15:00-03:00,4.82,4.82,0.0
86510000,2026-09-03T10:30:00-03:00,4.81,4.81,0.0
86510000,2026-09-03T10:45:00-03:00,4.8,4.8,0.0
86510000,2026-09-03T11:00:00-03:00,4.78,4.78,0.0
86510000,2026-09-03T11:15:00-03:00,4.76,4.76,0.0
86510000,2026-09-03T11:30:00-03:00,4.74,4.74,0.0
86510000,2026-09-03T11:45:00-03:00,4.7,4.7,0.0
86510000,2026-09-03T12:00:00-03:00,4.66,4.66,0.0
86510000,2026-09-03T12:15:00-03:00,4.62,4.62,0.0
86510000,2026-09-03T12:30:00-03:00,4.56,4.56,0.0
86510000,2026-09-03T12:45:00-03:00,4.51,4.51,0.0
86510000,2026-09-03T13:00:00-03:00,4.45,4.45,0.0
86510000,2026-09-03T13:15:00-03:00,4.39,4.39,0.0
86510000,2026-09-03T13:30:00-03:00,4.32,4.32,0.0
86510000,2026-09-03T13:45:00-03:00,4.27,4.27,0.0
86510000,2026-09-03T14:00:00-03:00,4.22,4.22,0.0
86510000,2026-09-03T14:15:00-03:00,4.18,4.18,0.0
86510000,2026-09-03T14:30:00-03:00,4.14,4.14,0.0
86510000,2026-09-03T14:45:00-03:00,4.11,4.11,0.0
86510000,2026-09-03T15:00:00-03:00,4.09,4.09,0.0
86510000,2026-09-03T15:15:00-03:00,4.08,4.08,0.0
86510000,2026-09-03T15:30:00-03:00,4.07,4.07,0.0
86510000,2026-09-03T15:45:00-03:00,4.08,4.08,0.0
86510000,2026-09-03T16:00:00-03:00,4.09,4.09,0.0
86510000,2026-09-03T16:15:00-03:00,4.11,4.11,0.0
86510000,2026-09-03T16:30:00-03:00,4.13,4.13,0.0
86510000,2026-09-03T16:45:00-03:00,4.16,4.16,0.0
86510000,2026-09-03T17:00:00-03:00,4.18,4.18,0.0
86510000,2026-09-03T17:15:00-03:00,4.2,4.2,0.0
86510000,2026-09-03T17:30:00-03:00,4.23,4.23,0.0
86510000,2026-09-03T17:45:00-03:00,4.26,4.26,0.0
86510000,2026-09-03T18:00:00-03:00,4.28,4.28,0.0
86510000,2026-09-03T18:15:00-03:00,4.3,4.3,0.0
86510000,2026-09-03T18:30:00-03:00,4.32,4.32,0.0
86510000,2026-09-03T18:45:00-03:00,4.34,4.34,0.0
86510000,2026-09-03T19:00:00-03:00,4.36,4.36,0.0
86510000,2026-09-03T19:15:00-03:00,4.38,4.38,0.0
86510000,2026-09-03T19:30:00-03:00,4.41,4.41,0.0
86510000,2026-09-03T19:45:00-03:00,4.45,4.45,0.0
86510000,2026-09-03T20:00:00-03:00,4.5,4.5,0.0
86510000,2026-09-03T20:15:00-03:00,4.56,4.56,0.0
86510000,2026-09-03T20:30:00-03:00,4.62,4.62,0.0
86510000,2026-09-03T20:45:00-03:00,4.69,4.69,0.0
86510000,2026-09-03T21:00:00-03:00,4.75,4.75,0.0
86510000,2026-09-03T21:15:00-03:00,4.8,4.8,0.0
86510000,2026-09-03T21:30:00-03:00,4.85,4.85,0.0
86510000,2026-09-03T21:45:00-03:00,4.89,4.89,0.0
86510000,2026-09-03T22:00:00-03:00,4.91,4.91,0.0
86510000,2026-09-03T22:15:00-03:00,4.92,4.92,0.0
86510000,2026-09-03T22:30:00-03:00,4.92,4.92,0.0
86510000,2026-09-03T22:45:00-03:00,4.92,4.92,0.0
86510000,2026-09-03T23:00:00-03:00,4.91,4.91,0.0
86510000,2026-09-03T23:15:00-03:00,4.89,4.89,0.0
86510000,2026-09-04T00:00:00-03:00,4.82,4.82,0.0
86510000,2026-09-04T00:15:00-03:00,4.79,4.79,0.0
86510000,2026-09-04T00:30:00-03:00,4.77,4.77,0.0
86510000,2026-09-04T00:45:00-03:00,4.74,4.74,0.0
86510000,2026-09-04T01:00:00-03:00,4.71,4.71,0.0
86510000,2026-09-04T01:15:00-03:00,4.68,4.68,0.0
86510000,2026-09-04T01:30:00-03:00,4.65,4.65,0.0
86510000,2026-09-04T01:45:00-03:00,4.63,4.63,0.0
86510000,2026-09-04T02:00:00-03:00,4.6,4.6,0.0
86510000,2026-09-04T02:15:00-03:00,4.58,4.58,0.0
86510000,2026-09-04T02:30:00-03:00,4.55,4.55,0.0
86510000,2026-09-04T02:45:00-03:00,4.53,4.53,0.0
86510000,2026-09-04T03:00:00-03:00,4.51,4.51,0.0
86510000,2026-09-04T03:15:00-03:00,4.49,4.49,0.0
86510000,2026-09-04T03:30:00-03:00,4.47,4.47,0.0
86510000,2026-09-04T03:45:00-03:00,4.45,4.45,0.0
86510000,2026-09-04T04:00:00-03:00,4.43,4.43,0.0
86510000,2026-09-04T04:15:00-03:00,4.42,4.42,0.0
86510000,2026-09-04T04:30:00-03:00,4.41,4.41,0.0
86510000,2026-09-04T04:45:00-03:00,4.39,4.39,0.0
86510000,2026-09-04T05:00:00-03:00,4.38,4.38,0.0
86510000,2026-09-04T05:15:00-03:00,4.36,4.36,0.0
86510000,2026-09-04T05:30:00-03:00,4.35,4.35,0.0
86510000,2026-09-04T05:45:00-03:00,4.34,4.34,0.0
86510000,2026-09-04T06:00:00-03:00,4.33,4.33,0.0
86510000,2026-09-04T06:15:00-03:00,4.31,4.31,0.0
86510000,2026-09-04T06:30:00-03:00,4.3,4.3,0.0
86510000,2026-09-04T06:45:00-03:00,4.29,4.29,0.0
86510000,2026-09-04T07:00:00-03:00,4.27,4.27,0.0
86510000,2026-09-04T07:15:00-03:00,4.26,4.26,0.0
86510000,2026-09-04T07:30:00-03:00,4.25,4.25,0.0
86510000,2026-09-04T07:45:00-03:00,4.24,4.24,0.0
86510000,2026-09-04T08:00:00-03:00,4.23,4.23,0.0
86510000,2026-09-04T08:15:00-03:00,4.22,4.22,0.0
86510000,2026-09-04T08:30:00-03:00,4.21,4.21,0.0
86510000,2026-09-04T08:45:00-03:00,4.19,4.19,0.0
86510000,2026-09-04T09:00:00-03:00,4.19,4.19,0.0
86510000,2026-09-04T09:15:00-03:00,4.17,4.17,0.0
86510000,2026-09-04T09:30:00-03:00,4.16,4.16,0.0
86510000,2026-09-04T09:45:00-03:00,4.15,4.15,0.0
86510000,2026-09-04T10:00:00-03:00,4.14,4.14,0.0
86510000,2026-09-04T10:15:00-03:00,4.13,4.13,0.0
86510000,2026-09-04T10:30:00-03:00,4.12,4.12,0.0
86510000,2026-09-04T10:45:00-03:00,4.11,4.11,0.0
86510000,2026-09-04T11:00:00-03:00,4.11,4.11,0.0
86510000,2026-09-04T11:15:00-03:00,4.09,4.09,0.0
86510000,2026-09-04T11:30:00-03:00,4.09,4.09,0.0
86510000,2026-09-04T11:45:00-03:00,4.08,4.08,0.0
86510000,2026-09-04T12:00:00-03:00,4.07,4.07,0.0
86510000,2026-09-04T12:15:00-03:00,4.06,4.06,0.0
86510000,2026-09-04T12:30:00-03:00,4.06,4.06,0.0
86510000,2026-09-04T12:45:00-03:00,4.05,4.05,0.0
86510000,2026-09-04T13:00:00-03:00,4.04,4.04,0.0
86510000,2026-09-04T13:15:00-03:00,4.03,4.03,0.0
86510000,2026-09-04T13:30:00-03:00,4.02,4.02,0.0
86510000,2026-09-04T13:45:00-03:00,4.02,4.02,0.0
86510000,2026-09-04T14:00:00-03:00,4.01,4.01,0.0
86510000,2026-09-04T14:15:00-03:00,4.01,4.01,0.0
86510000,2026-09-04T14:30:00-03:00,4.0,4.0,0.0
86510000,2026-09-04T14:45:00-03:00,4.0,4.0,0.0
86510000,2026-09-04T15:00:00-03:00,3.99,3.99,0.0
86510000,2026-09-04T15:15:00-03:00,3.98,3.98,0.0
86510000,2026-09-04T15:30:00-03:00,3.98,3.98,0.0
86510000,2026-09-04T15:45:00-03:00,3.97,3.97,0.0
86510000,2026-09-04T16:00:00-03:00,3.97,3.97,0.0
86510000,2026-09-04T16:15:00-03:00,3.97,3.97,0.0
86510000,2026-09-04T16:30:00-03:00,3.96,3.96,0.0
86510000,2026-09-04T16:45:00-03:00,3.95,3.95,0.0
86510000,2026-09-04T17:00:00-03:00,3.95,3.95,0.0
86510000,2026-09-04T17:15:00-03:00,3.95,3.95,0.0
86510000,2026-09-04T17:30:00-03:00,3.94,3.94,0.0
86510000,2026-09-04T17:45:00-03:00,3.94,3.94,0.0
86510000,2026-09-04T18:00:00-03:00,3.93,3.93,0.0
86510000,2026-09-04T18:15:00-03:00,3.93,3.93,0.0
86510000,2026-09-04T18:30:00-03:00,3.92,3.92,0.0
86510000,2026-09-04T18:45:00-03:00,3.91,3.91,0.0
86510000,2026-09-04T19:00:00-03:00,3.91,3.91,0.0
86510000,2026-09-04T19:15:00-03:00,3.9,3.9,0.0
86510000,2026-09-04T19:30:00-03:00,3.89,3.89,0.0
86510000,2026-09-04T19:45:00-03:00,3.89,3.89,0.0
86510000,2026-09-04T20:00:00-03:00,3.89,3.89,0.0
86510000,2026-09-04T20:15:00-03:00,3.88,3.88,0.0
86510000,2026-09-04T20:30:00-03:00,3.88,3.88,0.0
86510000,2026-09-04T20:45:00-03:00,3.87,3.87,0.0
86510000,2026-09-04T21:00:00-03:00,3.87,3.87,0.0
86510000,2026-09-04T21:15:00-03:00,3.86,3.86,0.0
86510000,2026-09-04T21:30:00-03:00,3.86,3.86,0.0
86510000,2026-09-04T21:45:00-03:00,3.86,3.86,0.0
86510000,2026-09-04T22:00:00-03:00,3.85,3.85,0.0
86510000,2026-09-04T22:15:00-03:00,3.84,3.84,0.0
86510000,2026-09-04T22:30:00-03:00,3.84,3.84,0.0
86510000,2026-09-04T22:45:00-03:00,3.83,3.83,0.0
86510000,2026-09-04T23:00:00-03:00,3.83,3.83,0.0
86510000,2026-09-04T23:15:00-03:00,3.82,3.82,0.0
86510000,2026-09-05T00:00:00-03:00,3.81,3.81,0.0
86510000,2026-09-05T00:15:00-03:00,3.8,3.8,0.0
86510000,2026-09-05T00:30:00-03:00,3.8,3.8,0.0
86510000,2026-09-05T00:45:00-03:00,3.79,3.79,0.0
86510000,2026-09-05T01:00:00-03:00,3.79,3.79,0.0
86510000,2026-09-05T01:15:00-03:00,3.78,3.78,0.0
86510000,2026-09-05T01:30:00-03:00,3.78,3.78,0.0
86510000,2026-09-05T01:45:00-03:00,3.77,3.77,0.0
86510000,2026-09-05T02:00:00-03:00,3.76,3.76,0.0
86510000,2026-09-05T02:15:00-03:00,3.76,3.76,0.0
86510000,2026-09-05T02:30:00-03:00,3.76,3.76,0.0
86510000,2026-09-05T02:45:00-03:00,3.75,3.75,0.0
86510000,2026-09-05T03:00:00-03:00,3.75,3.75,0.0
86510000,2026-09-05T03:15:00-03:00,3.75,3.75,0.0
86510000,2026-09-05T03:30:00-03:00,3.74,3.74,0.0
86510000,2026-09-05T03:45:00-03:00,3.74,3.74,0.0
86510000,2026-09-05T04:00:00-03:00,3.74,3.74,0.0
86510000,2026-09-05T04:15:00-03:00,3.74,3.74,0.0
86510000,2026-09-05T04:30:00-03:00,3.74,3.74,0.0
86510000,2026-09-05T04:45:00-03:00,3.74,3.74,0.0
86510000,2026-09-05T05:00:00-03:00,3.75,3.75,0.0
86510000,2026-09-05T05:15:00-03:00,3.75,3.75,0.0
86510000,2026-09-05T05:30:00-03:00,3.76,3.76,0.0
86510000,2026-09-05T05:45:00-03:00,3.76,3.76,0.0
86510000,2026-09-05T06:00:00-03:00,3.76,3.76,0.0
86510000,2026-09-05T06:15:00-03:00,3.77,3.77,0.0
86510000,2026-09-05T06:30:00-03:00,3.77,3.77,0.0
86510000,2026-09-05T06:45:00-03:00,3.77,3.77,0.0
86510000,2026-09-05T07:00:00-03:00,3.77,3.77,0.0
86510000,2026-09-05T07:15:00-03:00,3.78,3.78,0.0
86510000,2026-09-05T07:30:00-03:00,3.78,3.78,0.0
86510000,2026-09-05T07:45:00-03:00,3.78,3.78,0.0
86510000,2026-09-05T08:00:00-03:00,3.77,3.77,0.0
86510000,2026-09-05T08:15:00-03:00,3.77,3.77,0.0
86510000,2026-09-05T08:30:00-03:00,3.77,3.77,0.0
86510000,2026-09-05T08:45:00-03:00,3.77,3.77,0.0
86510000,2026-09-05T09:00:00-03:00,3.76,3.76,0.0
86510000,2026-09-05T09:15:00-03:00,3.76,3.76,0.0
86510000,2026-09-05T09:30:00-03:00,3.76,3.76,0.0
86510000,2026-09-05T09:45:00-03:00,3.75,3.75,0.0
86510000,2026-09-05T10:00:00-03:00,3.75,3.75,0.0
86510000,2026-09-05T10:15:00-03:00,3.74,3.74,0.0
86510000,2026-09-05T10:30:00-03:00,3.73,3.73,0.0
86510000,2026-09-05T10:45:00-03:00,3.72,3.72,0.0
86510000,2026-09-05T11:00:00-03:00,3.71,3.71,0.0
86510000,2026-09-05T11:15:00-03:00,3.69,3.69,0.0
86510000,2026-09-05T11:30:00-03:00,3.67,3.67,0.0
86510000,2026-09-05T11:45:00-03:00,3.64,3.64,0.0
86510000,2026-09-05T12:00:00-03:00,3.6,3.6,0.0
86510000,2026-09-05T12:15:00-03:00,3.56,3.56,0.0
86510000,2026-09-05T12:30:00-03:00,3.51,3.51,0.0
86510000,2026-09-05T12:45:00-03:00,3.46,3.46,0.0
86510000,2026-09-05T13:00:00-03:00,3.4,3.4,0.0
86510000,2026-09-05T13:15:00-03:00,3.34,3.34,0.0
86510000,2026-09-05T13:30:00-03:00,3.28,3.28,0.0
86510000,2026-09-05T13:45:00-03:00,3.23,3.23,0.0
86510000,2026-09-05T14:00:00-03:00,3.17,3.17,0.0
86510000,2026-09-05T14:15:00-03:00,3.11,3.11,0.0
86510000,2026-09-05T14:30:00-03:00,3.06,3.06,0.0
86510000,2026-09-05T14:45:00-03:00,3.01,3.01,0.0
86510000,2026-09-05T15:00:00-03:00,2.96,2.96,0.0
86510000,2026-09-05T15:15:00-03:00,2.93,2.93,0.0
86510000,2026-09-05T15:30:00-03:00,2.9,2.9,0.0
86510000,2026-09-05T15:45:00-03:00,2.87,2.87,0.0
86510000,2026-09-05T16:00:00-03:00,2.86,2.86,0.0
86510000,2026-09-05T16:15:00-03:00,2.85,2.85,0.0
86510000,2026-09-05T16:30:00-03:00,2.85,2.85,0.0
86510000,2026-09-05T16:45:00-03:00,2.87,2.87,0.0
86510000,2026-09-05T17:00:00-03:00,2.89,2.89,0.0
86510000,2026-09-05T17:15:00-03:00,2.92,2.92,0.0
86510000,2026-09-05T17:30:00-03:00,2.96,2.96,0.0
86510000,2026-09-05T17:45:00-03:00,3.0,3.0,0.0
86510000,2026-09-05T18:00:00-03:00,3.04,3.04,0.0
86510000,2026-09-05T18:15:00-03:00,3.08,3.08,0.0
86510000,2026-09-05T18:30:00-03:00,3.12,3.12,0.0
86510000,2026-09-05T18:45:00-03:00,3.16,3.16,0.0
86510000,2026-09-05T19:00:00-03:00,3.2,3.2,0.0
86510000,2026-09-05T19:15:00-03:00,3.23,3.23,0.0
86510000,2026-09-05T19:30:00-03:00,3.26,3.26,0.0
86510000,2026-09-05T19:45:00-03:00,3.29,3.29,0.0
86510000,2026-09-05T20:00:00-03:00,3.31,3.31,0.0
86510000,2026-09-05T20:15:00-03:00,3.33,3.33,0.0
86510000,2026-09-05T20:30:00-03:00,3.35,3.35,0.0
86510000,2026-09-05T20:45:00-03:00,3.37,3.37,0.0
86510000,2026-09-05T21:00:00-03:00,3.4,3.4,0.0
86510000,2026-09-05T21:15:00-03:00,3.43,3.43,0.0
86510000,2026-09-05T21:30:00-03:00,3.48,3.48,0.0
86510000,2026-09-05T21:45:00-03:00,3.54,3.54,0.0
86510000,2026-09-05T22:00:00-03:00,3.6,3.6,0.0
86510000,2026-09-05T22:15:00-03:00,3.67,3.67,0.0
86510000,2026-09-05T22:30:00-03:00,3.75,3.75,0.0
86510000,2026-09-05T22:45:00-03:00,3.82,3.82,0.0
86510000,2026-09-05T23:00:00-03:00,3.89,3.89,0.0
86510000,2026-09-05T23:15:00-03:00,3.94,3.94,0.0
86510000,2026-09-06T00:00:00-03:00,4.04,4.04,0.0
86510000,2026-09-06T00:15:00-03:00,4.06,4.06,0.0
86510000,2026-09-06T00:30:00-03:00,4.06,4.06,0.0
86510000,2026-09-06T00:45:00-03:00,4.06,4.06,0.0
86510000,2026-09-06T01:00:00-03:00,4.05,4.05,0.0
86510000,2026-09-06T01:15:00-03:00,4.04,4.04,0.0
86510000,2026-09-06T01:30:00-03:00,4.02,4.02,0.0
86510000,2026-09-06T01:45:00-03:00,4.0,4.0,0.0
86510000,2026-09-06T02:00:00-03:00,3.98,3.98,0.0
86510000,2026-09-06T02:15:00-03:00,3.95,3.95,0.0
86510000,2026-09-06T02:30:00-03:00,3.93,3.93,0.0
86510000,2026-09-06T02:45:00-03:00,3.91,3.91,0.0
86510000,2026-09-06T03:00:00-03:00,3.89,3.89,0.0
86510000,2026-09-06T03:15:00-03:00,3.86,3.86,0.0
86510000,2026-09-06T03:30:00-03:00,3.84,3.84,0.0
86510000,2026-09-06T03:45:00-03:00,3.82,3.82,0.0
86510000,2026-09-06T04:00:00-03:00,3.8,3.8,0.0
86510000,2026-09-06T04:15:00-03:00,3.78,3.78,0.0
86510000,2026-09-06T04:30:00-03:00,3.76,3.76,0.0
86510000,2026-09-06T04:45:00-03:00,3.74,3.74,0.0
86510000,2026-09-06T05:00:00-03:00,3.72,3.72,0.0
86510000,2026-09-06T05:15:00-03:00,3.7,3.7,0.0
86510000,2026-09-06T05:30:00-03:00,3.68,3.68,0.0
86510000,2026-09-06T05:45:00-03:00,3.67,3.67,0.0
86510000,2026-09-06T06:00:00-03:00,3.65,3.65,0.0
86510000,2026-09-06T06:15:00-03:00,3.63,3.63,0.0
86510000,2026-09-06T06:30:00-03:00,3.62,3.62,0.0
86510000,2026-09-06T06:45:00-03:00,3.6,3.6,0.0
86510000,2026-09-06T07:00:00-03:00,3.59,3.59,0.0
86510000,2026-09-06T07:15:00-03:00,3.58,3.58,0.0
86510000,2026-09-06T07:30:00-03:00,3.57,3.57,0.0
86510000,2026-09-06T07:45:00-03:00,3.56,3.56,0.0
86510000,2026-09-06T08:00:00-03:00,3.55,3.55,0.0
86510000,2026-09-06T08:15:00-03:00,3.54,3.54,0.0
86510000,2026-09-06T08:30:00-03:00,3.52,3.52,0.0
86510000,2026-09-06T08:45:00-03:00,3.52,3.52,0.0
86510000,2026-09-06T09:00:00-03:00,3.51,3.51,0.0
86510000,2026-09-06T09:15:00-03:00,3.49,3.49,0.0
86510000,2026-09-06T09:30:00-03:00,3.48,3.48,0.0
86510000,2026-09-06T09:45:00-03:00,3.47,3.47,0.0
86510000,2026-09-06T10:00:00-03:00,3.46,3.46,0.0
86510000,2026-09-06T10:15:00-03:00,3.45,3.45,0.0
86510000,2026-09-06T10:30:00-03:00,3.44,3.44,0.0
86510000,2026-09-06T10:45:00-03:00,3.42,3.42,0.0
86510000,2026-09-06T11:00:00-03:00,3.4,3.4,0.0
86510000,2026-09-06T11:15:00-03:00,3.37,3.37,0.0
86510000,2026-09-06T11:30:00-03:00,3.34,3.34,0.0
86510000,2026-09-06T11:45:00-03:00,3.3,3.3,0.0
86510000,2026-09-06T12:00:00-03:00,3.26,3.26,0.0
86510000,2026-09-06T12:15:00-03:00,3.21,3.21,0.0
86510000,2026-09-06T12:30:00-03:00,3.15,3.15,0.0
86510000,2026-09-06T12:45:00-03:00,3.1,3.1,0.0
86510000,2026-09-06T13:00:00-03:00,3.04,3.04,0.0
86510000,2026-09-06T13:15:00-03:00,2.98,2.98,0.0
86510000,2026-09-06T13:30:00-03:00,2.93,2.93,0.0
86510000,2026-09-06T13:45:00-03:00,2.87,2.87,0.0
86510000,2026-09-06T14:00:00-03:00,2.81,2.81,0.0
86510000,2026-09-06T14:15:00-03:00,2.76,2.76,0.0
86510000,2026-09-06T14:30:00-03:00,2.71,2.71,0.0
86510000,2026-09-06T14:45:00-03:00,2.66,2.66,0.0
86510000,2026-09-06T15:00:00-03:00,2.6,2.6,0.0
86510000,2026-09-06T15:15:00-03:00,2.55,2.55,0.0
86510000,2026-09-06T15:30:00-03:00,2.51,2.51,0.0
86510000,2026-09-06T15:45:00-03:00,2.47,2.47,0.0
86510000,2026-09-06T16:00:00-03:00,2.45,2.45,0.0
86510000,2026-09-06T16:15:00-03:00,2.43,2.43,0.0
86510000,2026-09-06T16:30:00-03:00,2.42,2.42,0.0
86510000,2026-09-06T16:45:00-03:00,2.41,2.41,0.0
86510000,2026-09-06T17:00:00-03:00,2.42,2.42,0.0
86510000,2026-09-06T17:15:00-03:00,2.43,2.43,0.0
86510000,2026-09-06T17:30:00-03:00,2.46,2.46,0.0
86510000,2026-09-06T17:45:00-03:00,2.49,2.49,0.0
86510000,2026-09-06T18:00:00-03:00,2.53,2.53,0.0
86510000,2026-09-06T18:15:00-03:00,2.58,2.58,0.0
86510000,2026-09-06T18:30:00-03:00,2.63,2.63,0.0
86510000,2026-09-06T18:45:00-03:00,2.68,2.68,0.0
86510000,2026-09-06T19:00:00-03:00,2.73,2.73,0.0
86510000,2026-09-06T19:15:00-03:00,2.78,2.78,0.0
86510000,2026-09-06T19:30:00-03:00,2.82,2.82,0.0
86510000,2026-09-06T19:45:00-03:00,2.86,2.86,0.0
86510000,2026-09-06T20:00:00-03:00,2.91,2.91,0.0
86510000,2026-09-06T20:15:00-03:00,2.96,2.96,0.0
86510000,2026-09-06T20:30:00-03:00,3.01,3.01,0.0
86510000,2026-09-06T20:45:00-03:00,3.07,3.07,0.0
86510000,2026-09-06T21:00:00-03:00,3.14,3.14,0.0
86510000,2026-09-06T21:15:00-03:00,3.23,3.23,0.0
86510000,2026-09-06T21:30:00-03:00,3.32,3.32,0.0
86510000,2026-09-06T21:45:00-03:00,3.41,3.41,0.0
86510000,2026-09-06T22:00:00-03:00,3.5,3.5,0.0
86510000,2026-09-06T22:15:00-03:00,3.59,3.59,0.0
86510000,2026-09-06T22:30:00-03:00,3.66,3.66,0.0
86510000,2026-09-06T22:45:00-03:00,3.72,3.72,0.0
86510000,2026-09-06T23:00:00-03:00,3.77,3.77,0.0
86510000,2026-09-06T23:15:00-03:00,3.81,3.81,0.0
86510000,2026-09-07T00:00:00-03:00,3.85,3.85,0.0
86510000,2026-09-07T00:15:00-03:00,3.85,3.85,0.0
86510000,2026-09-07T00:30:00-03:00,3.84,3.84,0.0
86510000,2026-09-07T00:45:00-03:00,3.82,3.82,0.0
86510000,2026-09-07T01:00:00-03:00,3.79,3.79,0.0
86510000,2026-09-07T01:15:00-03:00,3.79,3.79,0.0
86510000,2026-09-07T01:30:00-03:00,3.76,3.76,0.0
86510000,2026-09-07T01:45:00-03:00,3.74,3.74,0.0
86510000,2026-09-07T02:00:00-03:00,3.72,3.72,0.0
86510000,2026-09-07T02:15:00-03:00,3.7,3.7,0.0
86510000,2026-09-07T02:30:00-03:00,3.67,3.67,0.0
86510000,2026-09-07T02:45:00-03:00,3.65,3.65,0.0
86510000,2026-09-07T03:00:00-03:00,3.62,3.62,0.0
86510000,2026-09-07T03:15:00-03:00,3.6,3.6,0.0
86510000,2026-09-07T03:30:00-03:00,3.58,3.58,0.0
86510000,2026-09-07T03:45:00-03:00,3.56,3.56,0.0
86510000,2026-09-07T04:00:00-03:00,3.54,3.54,0.0
86510000,2026-09-07T04:15:00-03:00,3.52,3.52,0.0
86510000,2026-09-07T04:30:00-03:00,3.5,3.5,0.0
86510000,2026-09-07T04:45:00-03:00,3.48,3.48,0.0
86510000,2026-09-07T05:00:00-03:00,3.45,3.45,0.0
86510000,2026-09-07T05:15:00-03:00,3.43,3.43,0.0
86510000,2026-09-07T05:30:00-03:00,3.41,3.41,0.0
86510000,2026-09-07T05:45:00-03:00,3.39,3.39,0.0
86510000,2026-09-07T06:00:00-03:00,3.38,3.38,0.0
86510000,2026-09-07T06:15:00-03:00,3.36,3.36,0.0
86510000,2026-09-07T06:30:00-03:00,3.34,3.34,0.0
86510000,2026-09-07T06:45:00-03:00,3.33,3.33,0.0
86510000,2026-09-07T07:00:00-03:00,3.32,3.32,0.0
86510000,2026-09-07T07:15:00-03:00,3.3,3.3,0.0
86510000,2026-09-07T07:30:00-03:00,3.29,3.29,0.0
86510000,2026-09-07T07:45:00-03:00,3.28,3.28,0.0
86510000,2026-09-07T08:00:00-03:00,3.27,3.27,0.0
86510000,2026-09-07T08:15:00-03:00,3.26,3.26,0.0
86510000,2026-09-07T08:30:00-03:00,3.25,3.25,0.0
86510000,2026-09-07T08:45:00-03:00,3.24,3.24,0.0
86510000,2026-09-07T09:00:00-03:00,3.23,3.23,0.0
86510000,2026-09-07T09:15:00-03:00,3.22,3.22,0.0
86510000,2026-09-07T09:30:00-03:00,3.21,3.21,0.0
86510000,2026-09-07T09:45:00-03:00,3.2,3.2,0.0
86510000,2026-09-07T10:00:00-03:00,3.2,3.2,0.0
86510000,2026-09-07T10:15:00-03:00,3.19,3.19,0.0
86510000,2026-09-07T10:30:00-03:00,3.18,3.18,0.0
86510000,2026-09-07T10:45:00-03:00,3.16,3.16,0.0
86510000,2026-09-07T11:00:00-03:00,3.15,3.15,0.0
86510000,2026-09-07T11:15:00-03:00,3.13,3.13,0.0
86510000,2026-09-07T11:30:00-03:00,3.1,3.1,0.0
86510000,2026-09-07T11:45:00-03:00,3.07,3.07,0.0
86510000,2026-09-07T12:00:00-03:00,3.03,3.03,0.0
86510000,2026-09-07T12:15:00-03:00,3.0,3.0,0.0
86510000,2026-09-07T12:30:00-03:00,2.95,2.95,0.0
86510000,2026-09-07T12:45:00-03:00,2.9,2.9,0.0
86510000,2026-09-07T13:00:00-03:00,2.85,2.85,0.0
86510000,2026-09-07T13:15:00-03:00,2.8,2.8,0.0
86510000,2026-09-07T13:30:00-03:00,2.75,2.75,0.0
86510000,2026-09-07T13:45:00-03:00,2.7,2.7,0.0
86510000,2026-09-07T14:00:00-03:00,2.64,2.64,0.0
86510000,2026-09-07T14:15:00-03:00,2.58,2.58,0.0
86510000,2026-09-07T14:30:00-03:00,2.52,2.52,0.0
86510000,2026-09-07T14:45:00-03:00,2.47,2.47,0.0
86510000,2026-09-07T15:00:00-03:00,2.42,2.42,0.0
86510000,2026-09-07T15:15:00-03:00,2.37,2.37,0.0
86510000,2026-09-07T15:30:00-03:00,2.32,2.32,0.0
86510000,2026-09-07T15:45:00-03:00,2.28,2.28,0.0
86510000,2026-09-07T16:00:00-03:00,2.23,2.23,0.0
86510000,2026-09-07T16:15:00-03:00,2.2,2.2,0.0
86510000,2026-09-07T16:30:00-03:00,2.16,2.16,0.0
86510000,2026-09-07T16:45:00-03:00,2.13,2.13,0.0
86510000,2026-09-07T17:00:00-03:00,2.1,2.1,0.0
86510000,2026-09-07T17:15:00-03:00,2.08,2.08,0.0
86510000,2026-09-07T17:30:00-03:00,2.07,2.07,0.0
86510000,2026-09-07T17:45:00-03:00,2.06,2.06,0.0
86510000,2026-09-07T18:00:00-03:00,2.06,2.06,0.0
86510000,2026-09-07T18:15:00-03:00,2.07,2.07,0.0
86510000,2026-09-07T18:30:00-03:00,2.09,2.09,0.0
86510000,2026-09-07T18:45:00-03:00,2.12,2.12,0.0
86510000,2026-09-07T19:00:00-03:00,2.16,2.16,0.0
86510000,2026-09-07T19:15:00-03:00,2.2,2.2,0.0
86510000,2026-09-07T19:30:00-03:00,2.25,2.25,0.0
86510000,2026-09-07T19:45:00-03:00,2.31,2.31,0.0
86510000,2026-09-07T20:00:00-03:00,2.37,2.37,0.0
86510000,2026-09-07T20:15:00-03:00,2.43,2.43,0.0
86510000,2026-09-07T20:30:00-03:00,2.49,2.49,0.0
86510000,2026-09-07T20:45:00-03:00,2.56,2.56,0.0
86510000,2026-09-07T21:00:00-03:00,2.63,2.63,0.0
86510000,2026-09-07T21:15:00-03:00,2.72,2.72,0.0
86510000,2026-09-07T21:30:00-03:00,2.81,2.81,0.0
86510000,2026-09-07T21:45:00-03:00,2.92,2.92,0.0
86510000,2026-09-07T22:00:00-03:00,3.03,3.03,0.0
86510000,2026-09-07T22:15:00-03:00,3.15,3.15,0.0
86510000,2026-09-07T22:30:00-03:00,3.26,3.26,0.0
86510000,2026-09-07T22:45:00-03:00,3.35,3.35,0.0
86510000,2026-09-07T23:00:00-03:00,3.44,3.44,0.0
86510000,2026-09-07T23:15:00-03:00,3.51,3.51,0.0
86510000,2026-09-08T00:00:00-03:00,3.63,3.63,0.0
86510000,2026-09-08T00:15:00-03:00,3.65,3.65,0.0
86510000,2026-09-08T00:30:00-03:00,3.66,3.66,0.0
86510000,2026-09-08T00:45:00-03:00,3.66,3.66,0.0
86510000,2026-09-08T01:00:00-03:00,3.65,3.65,0.0
86510000,2026-09-08T01:15:00-03:00,3.64,3.64,0.0
86510000,2026-09-08T01:30:00-03:00,3.63,3.63,0.0
86510000,2026-09-08T01:45:00-03:00,3.62,3.62,0.0
86510000,2026-09-08T02:00:00-03:00,3.6,3.6,0.0
86510000,2026-09-08T02:15:00-03:00,3.58,3.58,0.0
86510000,2026-09-08T02:30:00-03:00,3.56,3.56,0.0
86510000,2026-09-08T02:45:00-03:00,3.54,3.54,0.0
86510000,2026-09-08T03:00:00-03:00,3.52,3.52,0.0
86510000,2026-09-08T03:15:00-03:00,3.5,3.5,0.0
86510000,2026-09-08T03:30:00-03:00,3.48,3.48,0.0
86510000,2026-09-08T03:45:00-03:00,3.46,3.46,0.0
86510000,2026-09-08T04:00:00-03:00,3.45,3.45,0.0
86510000,2026-09-08T04:15:00-03:00,3.43,3.43,0.0
86510000,2026-09-08T04:30:00-03:00,3.42,3.42,0.0
86510000,2026-09-08T04:45:00-03:00,3.4,3.4,0.0
86510000,2026-09-08T05:00:00-03:00,3.37,3.37,0.0
86510000,2026-09-08T05:15:00-03:00,3.37,3.37,0.0
86510000,2026-09-08T05:30:00-03:00,3.35,3.35,0.0
86510000,2026-09-08T05:45:00-03:00,3.34,3.34,0.0
86510000,2026-09-08T06:00:00-03:00,3.33,3.33,0.0
86510000,2026-09-08T06:15:00-03:00,3.32,3.32,0.0
86510000,2026-09-08T06:30:00-03:00,3.31,3.31,0.0
86510000,2026-09-08T06:45:00-03:00,3.3,3.3,0.0
86510000,2026-09-08T07:00:00-03:00,3.29,3.29,0.0
86510000,2026-09-08T07:15:00-03:00,3.28,3.28,0.0
86510000,2026-09-08T07:30:00-03:00,3.27,3.27,0.0
86510000,2026-09-08T07:45:00-03:00,3.27,3.27,0.0
86510000,2026-09-08T08:00:00-03:00,3.26,3.26,0.0
86510000,2026-09-08T08:15:00-03:00,3.26,3.26,0.0
86510000,2026-09-08T08:30:00-03:00,3.25,3.25,0.0
86510000,2026-09-08T08:45:00-03:00,3.24,3.24,0.0
86510000,2026-09-08T09:00:00-03:00,3.24,3.24,0.0
86510000,2026-09-08T09:15:00-03:00,3.23,3.23,0.0
86510000,2026-09-08T09:30:00-03:00,3.23,3.23,0.0
86510000,2026-09-08T09:45:00-03:00,3.23,3.23,0.0
86510000,2026-09-08T10:00:00-03:00,3.22,3.22,0.0
86510000,2026-09-08T10:15:00-03:00,3.22,3.22,0.0
86510000,2026-09-08T10:30:00-03:00,3.22,3.22,0.0
86510000,2026-09-08T10:45:00-03:00,3.22,3.22,0.0
86510000,2026-09-08T11:00:00-03:00,3.22,3.22,0.0
86510000,2026-09-08T11:15:00-03:00,3.22,3.22,0.0
86510000,2026-09-08T11:30:00-03:00,3.21,3.21,0.0
86510000,2026-09-08T11:45:00-03:00,3.21,3.21,0.0
86510000,2026-09-08T12:00:00-03:00,3.2,3.2,0.0
86510000,2026-09-08T12:15:00-03:00,3.2,3.2,0.0
86510000,2026-09-08T12:30:00-03:00,3.18,3.18,0.0
86510000,2026-09-08T12:45:00-03:00,3.16,3.16,0.0
86510000,2026-09-08T13:00:00-03:00,3.14,3.14,0.0
86510000,2026-09-08T13:15:00-03:00,3.11,3.11,0.0
86510000,2026-09-08T13:30:00-03:00,3.07,3.07,0.0
86510000,2026-09-08T13:45:00-03:00,3.03,3.03,0.0
86510000,2026-09-08T14:00:00-03:00,2.99,2.99,0.0
86510000,2026-09-08T14:15:00-03:00,2.94,2.94,0.0
86510000,2026-09-08T14:30:00-03:00,2.89,2.89,0.0
86510000,2026-09-08T14:45:00-03:00,2.84,2.84,0.0
86510000,2026-09-08T15:00:00-03:00,2.78,2.78,0.0
86510000,2026-09-08T15:15:00-03:00,2.73,2.73,0.0
86510000,2026-09-08T15:30:00-03:00,2.67,2.67,0.0
86510000,2026-09-08T15:45:00-03:00,2.61,2.61,0.0
86510000,2026-09-08T16:00:00-03:00,2.55,2.55,0.0
86510000,2026-09-08T16:15:00-03:00,2.49,2.49,0.0
86510000,2026-09-08T16:30:00-03:00,2.43,2.43,0.0
86510000,2026-09-08T16:45:00-03:00,2.38,2.38,0.0
86510000,2026-09-08T17:00:00-03:00,2.33,2.33,0.0
86510000,2026-09-08T17:15:00-03:00,2.28,2.28,0.0
86510000,2026-09-08T17:30:00-03:00,2.24,2.24,0.0
86510000,2026-09-08T17:45:00-03:00,2.19,2.19,0.0
86510000,2026-09-08T18:00:00-03:00,2.15,2.15,0.0
86510000,2026-09-08T18:15:00-03:00,2.11,2.11,0.0
86510000,2026-09-08T18:30:00-03:00,2.07,2.07,0.0
86510000,2026-09-08T18:45:00-03:00,2.04,2.04,0.0
86510000,2026-09-08T19:00:00-03:00,2.01,2.01,0.0
86510000,2026-09-08T19:15:00-03:00,1.98,1.98,0.0
86510000,2026-09-08T19:30:00-03:00,1.95,1.95,0.0
86510000,2026-09-08T19:45:00-03:00,1.92,1.92,0.0
86510000,2026-09-08T20:00:00-03:00,1.9,1.9,0.0
86510000,2026-09-08T20:15:00-03:00,1.88,1.88,0.0
86510000,2026-09-08T20:30:00-03:00,1.87,1.87,0.0
86510000,2026-09-08T20:45:00-03:00,1.86,1.86,0.0
86510000,2026-09-08T21:00:00-03:00,1.87,1.87,0.0
86510000,2026-09-08T21:15:00-03:00,1.89,1.89,0.0
86510000,2026-09-08T21:30:00-03:00,1.95,1.95,0.0
86510000,2026-09-08T21:45:00-03:00,2.04,2.04,0.0
86510000,2026-09-08T22:00:00-03:00,2.18,2.18,0.0
86510000,2026-09-08T22:15:00-03:00,2.37,2.37,0.0
86510000,2026-09-08T22:30:00-03:00,2.63,2.63,0.0
86510000,2026-09-08T22:45:00-03:00,2.82,2.82,0.0
86510000,2026-09-08T23:00:00-03:00,2.99,2.99,0.0
86510000,2026-09-08T23:15:00-03:00,3.12,3.12,0.0
86510000,2026-09-09T00:00:00-03:00,3.34,3.34,0.0
86510000,2026-09-09T00:15:00-03:00,3.37,3.37,0.0
86510000,2026-09-09T00:30:00-03:00,3.39,3.39,0.0
86510000,2026-09-09T00:45:00-03:00,3.41,3.41,0.0
86510000,2026-09-09T01:00:00-03:00,3.4,3.4,0.0
86510000,2026-09-09T01:15:00-03:00,3.4,3.4,0.0
86510000,2026-09-09T01:30:00-03:00,3.4,3.4,0.0
86510000,2026-09-09T01:45:00-03:00,3.38,3.38,0.0
86510000,2026-09-09T02:00:00-03:00,3.37,3.37,0.0
86510000,2026-09-09T02:15:00-03:00,3.36,3.36,0.0
86510000,2026-09-09T02:30:00-03:00,3.34,3.34,0.0
86510000,2026-09-09T02:45:00-03:00,3.33,3.33,0.0
86510000,2026-09-09T03:00:00-03:00,3.3,3.3,0.0
86510000,2026-09-09T03:15:00-03:00,3.29,3.29,0.0
86510000,2026-09-09T03:30:00-03:00,3.27,3.27,0.0
86510000,2026-09-09T03:45:00-03:00,3.25,3.25,0.0
86510000,2026-09-09T04:00:00-03:00,3.24,3.24,0.0
86510000,2026-09-09T04:15:00-03:00,3.22,3.22,0.0
86510000,2026-09-09T04:30:00-03:00,3.21,3.21,0.0
86510000,2026-09-09T04:45:00-03:00,3.19,3.19,0.0
86510000,2026-09-09T05:00:00-03:00,3.18,3.18,0.0
86510000,2026-09-09T05:15:00-03:00,3.17,3.17,0.0
86510000,2026-09-09T05:30:00-03:00,3.15,3.15,0.0
86510000,2026-09-09T05:45:00-03:00,3.14,3.14,0.0
86510000,2026-09-09T06:00:00-03:00,3.13,3.13,0.0
86510000,2026-09-09T06:15:00-03:00,3.12,3.12,0.0
86510000,2026-09-09T06:30:00-03:00,3.1,3.1,0.0
86510000,2026-09-09T06:45:00-03:00,3.08,3.08,0.0
86510000,2026-09-09T07:00:00-03:00,3.06,3.06,0.0
86510000,2026-09-09T07:15:00-03:00,3.03,3.03,0.0
86510000,2026-09-09T07:30:00-03:00,3.0,3.0,0.0
86510000,2026-09-09T07:45:00-03:00,2.97,2.97,0.0
86510000,2026-09-09T08:00:00-03:00,2.93,2.93,0.0
86510000,2026-09-09T08:15:00-03:00,2.89,2.89,0.0
86510000,2026-09-09T08:30:00-03:00,2.85,2.85,0.0
86510000,2026-09-09T08:45:00-03:00,2.8,2.8,0.0
86510000,2026-09-09T09:00:00-03:00,2.75,2.75,0.0
86510000,2026-09-09T09:15:00-03:00,2.7,2.7,0.0
86510000,2026-09-09T09:30:00-03:00,2.64,2.64,0.0
86510000,2026-09-09T09:45:00-03:00,2.59,2.59,0.0
86510000,2026-09-09T10:00:00-03:00,2.53,2.53,0.0
86510000,2026-09-09T10:15:00-03:00,2.48,2.48,0.0
86510000,2026-09-09T10:30:00-03:00,2.43,2.43,0.0
86510000,2026-09-09T10:45:00-03:00,2.38,2.38,0.0
86510000,2026-09-09T11:00:00-03:00,2.33,2.33,0.0
86510000,2026-09-09T11:15:00-03:00,2.29,2.29,0.0
86510000,2026-09-09T11:30:00-03:00,2.24,2.24,0.0
86510000,2026-09-09T11:45:00-03:00,2.2,2.2,0.0
86510000,2026-09-09T12:00:00-03:00,2.17,2.17,0.0
86510000,2026-09-09T12:15:00-03:00,2.14,2.14,0.0
86510000,2026-09-09T12:30:00-03:00,2.12,2.12,0.0
86510000,2026-09-09T12:45:00-03:00,2.1,2.1,0.0
86510000,2026-09-09T13:00:00-03:00,2.09,2.09,0.0
86510000,2026-09-09T13:15:00-03:00,2.1,2.1,0.0
86510000,2026-09-09T13:30:00-03:00,2.13,2.13,0.0
86510000,2026-09-09T13:45:00-03:00,2.17,2.17,0.0
86510000,2026-09-09T14:00:00-03:00,2.22,2.22,0.0
86510000,2026-09-09T14:15:00-03:00,2.29,2.29,0.0
86510000,2026-09-09T14:30:00-03:00,2.36,2.36,0.0
86510000,2026-09-09T14:45:00-03:00,2.5,2.43,0.06999999999999984
86510000,2026-09-09T15:00:00-03:00,2.5,2.5,0.0
86510000,2026-09-09T15:15:00-03:00,2.55,2.55,0.0
86510000,2026-09-09T15:30:00-03:00,2.6,2.6,0.0
86510000,2026-09-09T15:45:00-03:00,2.63,2.63,0.0
86510000,2026-09-09T16:00:00-03:00,2.65,2.65,0.0
86510000,2026-09-09T16:15:00-03:00,2.66,2.66,0.0
86510000,2026-09-09T16:30:00-03:00,2.65,2.65,0.0
86510000,2026-09-09T16:45:00-03:00,2.64,2.64,0.0
86510000,2026-09-09T17:00:00-03:00,2.63,2.63,0.0
86510000,2026-09-09T17:15:00-03:00,2.61,2.61,0.0
86510000,2026-09-09T17:30:00-03:00,2.58,2.58,0.0
86510000,2026-09-09T17:45:00-03:00,2.56,2.56,0.0
86510000,2026-09-09T18:00:00-03:00,2.53,2.53,0.0
86510000,2026-09-09T18:15:00-03:00,2.51,2.51,0.0
86510000,2026-09-09T18:30:00-03:00,2.48,2.48,0.0
86510000,2026-09-09T18:45:00-03:00,2.46,2.46,0.0
86510000,2026-09-09T19:00:00-03:00,2.44,2.44,0.0
86510000,2026-09-09T19:15:00-03:00,2.42,2.42,0.0
86510000,2026-09-09T19:30:00-03:00,2.4,2.4,0.0
86510000,2026-09-09T19:45:00-03:00,2.39,2.39,0.0
86510000,2026-09-09T20:00:00-03:00,2.38,2.38,0.0
86510000,2026-09-09T20:15:00-03:00,2.38,2.38,0.0
86510000,2026-09-09T20:30:00-03:00,2.39,2.39,0.0
86510000,2026-09-09T20:45:00-03:00,2.41,2.41,0.0
86510000,2026-09-09T21:00:00-03:00,2.45,2.45,0.0
86510000,2026-09-09T21:15:00-03:00,2.51,2.51,0.0
86510000,2026-09-09T21:30:00-03:00,2.59,2.59,0.0
86510000,2026-09-09T21:45:00-03:00,2.71,2.71,0.0
86510000,2026-09-09T22:00:00-03:00,2.84,2.84,0.0
86510000,2026-09-09T22:15:00-03:00,3.0,3.0,0.0
86510000,2026-09-09T22:30:00-03:00,3.11,3.11,0.0
86510000,2026-09-09T22:45:00-03:00,3.21,3.21,0.0
86510000,2026-09-09T23:00:00-03:00,3.3,3.3,0.0
86510000,2026-09-09T23:15:00-03:00,3.36,3.36,0.0
86510000,2026-09-10T00:00:00-03:00,3.46,3.46,0.0
86510000,2026-09-10T00:15:00-03:00,3.48,3.48,0.0
86510000,2026-09-10T00:30:00-03:00,3.48,3.48,0.0
86510000,2026-09-10T00:45:00-03:00,3.48,3.48,0.0
86510000,2026-09-10T01:00:00-03:00,3.47,3.47,0.0
86510000,2026-09-10T01:15:00-03:00,3.46,3.46,0.0
86510000,2026-09-10T01:30:00-03:00,3.45,3.45,0.0
86510000,2026-09-10T01:45:00-03:00,3.43,3.43,0.0
86510000,2026-09-10T02:00:00-03:00,3.42,3.42,0.0
86510000,2026-09-10T02:15:00-03:00,3.4,3.4,0.0
86510000,2026-09-10T02:30:00-03:00,3.38,3.38,0.0
86510000,2026-09-10T02:45:00-03:00,3.37,3.37,0.0
86510000,2026-09-10T03:00:00-03:00,3.35,3.35,0.0
86510000,2026-09-10T03:15:00-03:00,3.34,3.34,0.0
86510000,2026-09-10T03:30:00-03:00,3.32,3.32,0.0
86510000,2026-09-10T03:45:00-03:00,3.3,3.3,0.0
86510000,2026-09-10T04:00:00-03:00,3.29,3.29,0.0
86510000,2026-09-10T04:15:00-03:00,3.28,3.28,0.0
86510000,2026-09-10T04:30:00-03:00,3.27,3.27,0.0
86510000,2026-09-10T04:45:00-03:00,3.25,3.25,0.0
86510000,2026-09-10T05:00:00-03:00,3.23,3.23,0.0
86510000,2026-09-10T05:15:00-03:00,3.23,3.23,0.0
86510000,2026-09-10T05:30:00-03:00,3.22,3.22,0.0
86510000,2026-09-10T05:45:00-03:00,3.21,3.21,0.0
86510000,2026-09-10T06:00:00-03:00,3.2,3.2,0.0
86510000,2026-09-10T06:15:00-03:00,3.2,3.2,0.0
86510000,2026-09-10T06:30:00-03:00,3.19,3.19,0.0
86510000,2026-09-10T06:45:00-03:00,3.18,3.18,0.0
86510000,2026-09-10T07:00:00-03:00,3.17,3.17,0.0
86510000,2026-09-10T07:15:00-03:00,3.17,3.17,0.0
86510000,2026-09-10T07:30:00-03:00,3.17,3.17,0.0
86510000,2026-09-10T07:45:00-03:00,3.16,3.16,0.0
86510000,2026-09-10T08:00:00-03:00,3.16,3.16,0.0
86510000,2026-09-10T08:15:00-03:00,3.16,3.16,0.0
86510000,2026-09-10T08:30:00-03:00,3.16,3.16,0.0
86510000,2026-09-10T08:45:00-03:00,3.16,3.16,0.0
86510000,2026-09-10T09:00:00-03:00,3.15,3.15,0.0
86510000,2026-09-10T09:15:00-03:00,3.15,3.15,0.0
86510000,2026-09-10T09:30:00-03:00,3.15,3.15,0.0
86510000,2026-09-10T09:45:00-03:00,3.15,3.15,0.0
86510000,2026-09-10T10:00:00-03:00,3.15,3.15,0.0
86510000,2026-09-10T10:15:00-03:00,3.16,3.16,0.0
86510000,2026-09-10T10:30:00-03:00,3.16,3.16,0.0
86510000,2026-09-10T10:45:00-03:00,3.16,3.16,0.0
86510000,2026-09-10T11:00:00-03:00,3.17,3.17,0.0
86510000,2026-09-10T11:15:00-03:00,3.17,3.17,0.0
86510000,2026-09-10T11:30:00-03:00,3.18,3.18,0.0
86510000,2026-09-10T11:45:00-03:00,3.18,3.18,0.0
86510000,2026-09-10T12:00:00-03:00,3.19,3.19,0.0
86510000,2026-09-10T12:15:00-03:00,3.2,3.2,0.0
86510000,2026-09-10T12:30:00-03:00,3.21,3.21,0.0
86510000,2026-09-10T12:45:00-03:00,3.22,3.22,0.0
86510000,2026-09-10T13:00:00-03:00,3.22,3.22,0.0
86510000,2026-09-10T13:15:00-03:00,3.23,3.23,0.0
86510000,2026-09-10T13:30:00-03:00,3.24,3.24,0.0
86510000,2026-09-10T13:45:00-03:00,3.24,3.24,0.0
86510000,2026-09-10T14:00:00-03:00,3.25,3.25,0.0
86510000,2026-09-10T14:15:00-03:00,3.25,3.25,0.0
86510000,2026-09-10T14:30:00-03:00,3.26,3.26,0.0
86510000,2026-09-10T14:45:00-03:00,3.26,3.26,0.0
86510000,2026-09-10T15:00:00-03:00,3.26,3.26,0.0
86510000,2026-09-10T15:15:00-03:00,3.26,3.26,0.0
86510000,2026-09-10T15:30:00-03:00,3.25,3.25,0.0
86510000,2026-09-10T15:45:00-03:00,3.25,3.25,0.0
86510000,2026-09-10T16:00:00-03:00,3.24,3.24,0.0
86510000,2026-09-10T16:15:00-03:00,3.23,3.23,0.0
86510000,2026-09-10T16:30:00-03:00,3.21,3.21,0.0
86510000,2026-09-10T16:45:00-03:00,3.19,3.19,0.0
86510000,2026-09-10T17:00:00-03:00,3.17,3.17,0.0
86510000,2026-09-10T17:15:00-03:00,3.14,3.14,0.0
86510000,2026-09-10T17:30:00-03:00,3.11,3.11,0.0
86510000,2026-09-10T17:45:00-03:00,3.09,3.09,0.0
86510000,2026-09-10T18:00:00-03:00,3.06,3.06,0.0
86510000,2026-09-10T18:15:00-03:00,3.03,3.03,0.0
86510000,2026-09-10T18:30:00-03:00,2.99,2.99,0.0
86510000,2026-09-10T18:45:00-03:00,2.97,2.97,0.0
86510000,2026-09-10T19:00:00-03:00,2.94,2.94,0.0
86510000,2026-09-10T19:15:00-03:00,2.92,2.92,0.0
86510000,2026-09-10T19:30:00-03:00,2.9,2.9,0.0
86510000,2026-09-10T19:45:00-03:00,2.89,2.89,0.0
86510000,2026-09-10T20:00:00-03:00,2.88,2.88,0.0
86510000,2026-09-10T20:15:00-03:00,2.88,2.88,0.0
86510000,2026-09-10T20:30:00-03:00,2.89,2.89,0.0
86510000,2026-09-10T20:45:00-03:00,2.91,2.91,0.0
86510000,2026-09-10T21:00:00-03:00,2.93,2.93,0.0
86510000,2026-09-10T21:15:00-03:00,2.96,2.96,0.0
86510000,2026-09-10T21:30:00-03:00,2.99,2.99,0.0
86510000,2026-09-10T21:45:00-03:00,3.02,3.02,0.0
86510000,2026-09-10T22:00:00-03:00,3.04,3.04,0.0
86510000,2026-09-10T22:15:00-03:00,3.07,3.07,0.0
86510000,2026-09-10T22:30:00-03:00,3.1,3.1,0.0
86510000,2026-09-10T22:45:00-03:00,3.12,3.12,0.0
86510000,2026-09-10T23:00:00-03:00,3.13,3.13,0.0
86510000,2026-09-10T23:15:00-03:00,3.14,3.14,0.0
86510000,2026-09-11T00:00:00-03:00,3.16,3.16,0.0
86510000,2026-09-11T00:15:00-03:00,3.16,3.16,0.0
86510000,2026-09-11T00:30:00-03:00,3.17,3.17,0.0
86510000,2026-09-11T00:45:00-03:00,3.16,3.16,0.0
86510000,2026-09-11T01:00:00-03:00,3.16,3.16,0.0
86510000,2026-09-11T01:15:00-03:00,3.16,3.16,0.0
86510000,2026-09-11T01:30:00-03:00,3.15,3.15,0.0
86510000,2026-09-11T01:45:00-03:00,3.15,3.15,0.0
86510000,2026-09-11T02:00:00-03:00,3.14,3.14,0.0
86510000,2026-09-11T02:15:00-03:00,3.14,3.14,0.0
86510000,2026-09-11T02:30:00-03:00,3.14,3.14,0.0
86510000,2026-09-11T02:45:00-03:00,3.13,3.13,0.0
86510000,2026-09-11T03:00:00-03:00,3.12,3.12,0.0
86510000,2026-09-11T03:15:00-03:00,3.11,3.11,0.0
86510000,2026-09-11T03:30:00-03:00,3.1,3.1,0.0
86510000,2026-09-11T03:45:00-03:00,3.09,3.09,0.0
86510000,2026-09-11T04:00:00-03:00,3.08,3.08,0.0
86510000,2026-09-11T04:15:00-03:00,3.06,3.06,0.0
86510000,2026-09-11T04:30:00-03:00,3.05,3.05,0.0
86510000,2026-09-11T04:45:00-03:00,3.03,3.03,0.0
86510000,2026-09-11T05:00:00-03:00,3.01,3.01,0.0
86510000,2026-09-11T05:15:00-03:00,2.99,2.99,0.0
86510000,2026-09-11T05:30:00-03:00,2.97,2.97,0.0
86510000,2026-09-11T05:45:00-03:00,2.95,2.95,0.0
86510000,2026-09-11T06:00:00-03:00,2.93,2.93,0.0
86510000,2026-09-11T06:15:00-03:00,2.9,2.9,0.0
86510000,2026-09-11T06:30:00-03:00,2.88,2.88,0.0
86510000,2026-09-11T06:45:00-03:00,2.85,2.85,0.0
86510000,2026-09-11T07:00:00-03:00,2.78,2.78,0.0
86510000,2026-09-11T07:15:00-03:00,2.78,2.78,0.0
86510000,2026-09-11T07:30:00-03:00,2.76,2.76,0.0
86510000,2026-09-11T07:45:00-03:00,2.72,2.72,0.0
86510000,2026-09-11T08:00:00-03:00,2.7,2.7,0.0
86510000,2026-09-11T08:15:00-03:00,2.69,2.69,0.0
86510000,2026-09-11T08:30:00-03:00,2.67,2.67,0.0
86510000,2026-09-11T08:45:00-03:00,2.65,2.65,0.0
86510000,2026-09-11T09:00:00-03:00,2.61,2.61,0.0
86510000,2026-09-11T09:15:00-03:00,2.58,2.58,0.0
86510000,2026-09-11T09:30:00-03:00,2.56,2.56,0.0
86510000,2026-09-11T09:45:00-03:00,2.53,2.53,0.0
86510000,2026-09-11T10:00:00-03:00,2.51,2.51,0.0
86510000,2026-09-11T10:15:00-03:00,2.5,2.5,0.0
86510000,2026-09-11T10:30:00-03:00,2.49,2.49,0.0
86510000,2026-09-11T10:45:00-03:00,2.5,2.5,0.0
86510000,2026-09-11T11:00:00-03:00,2.5,2.5,0.0
86510000,2026-09-11T11:15:00-03:00,2.51,2.51,0.0
86510000,2026-09-11T11:30:00-03:00,2.53,2.53,0.0
86510000,2026-09-11T11:45:00-03:00,2.54,2.54,0.0
86510000,2026-09-11T12:00:00-03:00,2.56,2.56,0.0
86510000,2026-09-11T12:15:00-03:00,2.58,2.58,0.0
86510000,2026-09-11T12:30:00-03:00,2.59,2.59,0.0
86510000,2026-09-11T12:45:00-03:00,2.61,2.61,0.0
86510000,2026-09-11T13:00:00-03:00,2.62,2.62,0.0
86510000,2026-09-11T13:15:00-03:00,2.62,2.62,0.0
86510000,2026-09-11T13:30:00-03:00,2.63,2.63,0.0
86510000,2026-09-11T13:45:00-03:00,2.62,2.62,0.0
86510000,2026-09-11T14:00:00-03:00,2.62,2.62,0.0
86510000,2026-09-11T14:15:00-03:00,2.62,2.62,0.0
86510000,2026-09-11T14:30:00-03:00,2.61,2.61,0.0
86510000,2026-09-11T14:45:00-03:00,2.6,2.6,0.0
86510000,2026-09-11T15:00:00-03:00,2.59,2.59,0.0
86510000,2026-09-11T15:15:00-03:00,2.59,2.59,0.0
86510000,2026-09-11T15:30:00-03:00,2.58,2.58,0.0
86510000,2026-09-11T15:45:00-03:00,2.57,2.57,0.0
86510000,2026-09-11T16:00:00-03:00,2.57,2.57,0.0
86510000,2026-09-11T16:15:00-03:00,2.56,2.56,0.0
86510000,2026-09-11T16:30:00-03:00,2.56,2.56,0.0
86510000,2026-09-11T16:45:00-03:00,2.56,2.56,0.0
86510000,2026-09-11T17:00:00-03:00,2.56,2.56,0.0
86510000,2026-09-11T17:15:00-03:00,2.56,2.56,0.0
86510000,2026-09-11T17:30:00-03:00,2.56,2.56,0.0
86510000,2026-09-11T17:45:00-03:00,2.56,2.56,0.0
86510000,2026-09-11T18:00:00-03:00,2.57,2.57,0.0
86510000,2026-09-11T18:15:00-03:00,2.56,2.56,0.0
86510000,2026-09-11T18:30:00-03:00,2.56,2.56,0.0
86510000,2026-09-11T18:45:00-03:00,2.56,2.56,0.0
86510000,2026-09-11T19:00:00-03:00,2.57,2.57,0.0
86510000,2026-09-11T19:15:00-03:00,2.57,2.57,0.0
86510000,2026-09-11T19:30:00-03:00,2.58,2.58,0.0
86510000,2026-09-11T19:45:00-03:00,2.59,2.59,0.0
86510000,2026-09-11T20:00:00-03:00,2.6,2.6,0.0
86510000,2026-09-11T20:15:00-03:00,2.63,2.63,0.0
86510000,2026-09-11T20:30:00-03:00,2.66,2.66,0.0
86510000,2026-09-11T20:45:00-03:00,2.72,2.72,0.0
86510000,2026-09-11T21:00:00-03:00,2.81,2.81,0.0
86510000,2026-09-11T21:15:00-03:00,3.0,3.0,0.0
86510000,2026-09-11T21:30:00-03:00,3.17,3.17,0.0
86510000,2026-09-11T21:45:00-03:00,3.35,3.35,0.0
86510000,2026-09-11T22:00:00-03:00,3.51,3.51,0.0
86510000,2026-09-11T22:15:00-03:00,3.68,3.68,0.0
86510000,2026-09-11T22:30:00-03:00,3.82,3.82,0.0
86510000,2026-09-11T22:45:00-03:00,3.94,3.94,0.0
86510000,2026-09-11T23:00:00-03:00,4.05,4.05,0.0
86510000,2026-09-11T23:15:00-03:00,4.14,4.14,0.0
86510000,2026-09-12T00:00:00-03:00,4.31,4.31,0.0
86510000,2026-09-12T00:15:00-03:00,4.35,4.35,0.0
86510000,2026-09-12T00:30:00-03:00,4.4,4.4,0.0
86510000,2026-09-12T00:45:00-03:00,4.43,4.43,0.0
86510000,2026-09-12T01:00:00-03:00,4.47,4.47,0.0
86510000,2026-09-12T01:15:00-03:00,4.51,4.51,0.0
86510000,2026-09-12T01:30:00-03:00,4.55,4.55,0.0
86510000,2026-09-12T01:45:00-03:00,4.6,4.6,0.0
86510000,2026-09-12T02:00:00-03:00,4.65,4.65,0.0
86510000,2026-09-12T02:15:00-03:00,4.7,4.7,0.0
86510000,2026-09-12T02:30:00-03:00,4.76,4.76,0.0
86510000,2026-09-12T02:45:00-03:00,4.81,4.81,0.0
86510000,2026-09-12T03:00:00-03:00,4.87,4.87,0.0
86510000,2026-09-12T03:15:00-03:00,4.92,4.92,0.0
86510000,2026-09-12T03:30:00-03:00,4.97,4.97,0.0
86510000,2026-09-12T03:45:00-03:00,5.02,5.02,0.0
86510000,2026-09-12T04:00:00-03:00,5.08,5.08,0.0
86510000,2026-09-12T04:15:00-03:00,5.13,5.13,0.0
86510000,2026-09-12T04:30:00-03:00,5.18,5.18,0.0
86510000,2026-09-12T04:45:00-03:00,5.24,5.24,0.0
86510000,2026-09-12T05:00:00-03:00,5.3,5.3,0.0
86510000,2026-09-12T05:15:00-03:00,5.36,5.36,0.0
86510000,2026-09-12T05:30:00-03:00,5.42,5.42,0.0
86510000,2026-09-12T05:45:00-03:00,5.49,5.49,0.0
86510000,2026-09-12T06:00:00-03:00,5.55,5.55,0.0
86510000,2026-09-12T06:15:00-03:00,5.61,5.61,0.0
86510000,2026-09-12T06:30:00-03:00,5.68,5.68,0.0
86510000,2026-09-12T06:45:00-03:00,5.72,5.72,0.0
86510000,2026-09-12T07:00:00-03:00,5.78,5.78,0.0
86510000,2026-09-12T07:15:00-03:00,5.83,5.83,0.0
86510000,2026-09-12T07:30:00-03:00,5.88,5.88,0.0
86510000,2026-09-12T07:45:00-03:00,5.93,5.93,0.0
86510000,2026-09-12T08:00:00-03:00,5.98,5.98,0.0
86510000,2026-09-12T08:15:00-03:00,6.03,6.03,0.0
86510000,2026-09-12T08:30:00-03:00,6.07,6.07,0.0
86510000,2026-09-12T08:45:00-03:00,6.11,6.11,0.0
86510000,2026-09-12T09:00:00-03:00,6.15,6.15,0.0
86510000,2026-09-12T09:15:00-03:00,6.18,6.18,0.0
86510000,2026-09-12T09:30:00-03:00,6.22,6.22,0.0
86510000,2026-09-12T09:45:00-03:00,6.24,6.24,0.0
86510000,2026-09-12T10:00:00-03:00,6.25,6.25,0.0
86510000,2026-09-12T10:15:00-03:00,6.25,6.25,0.0
86510000,2026-09-12T10:30:00-03:00,6.27,6.27,0.0
86510000,2026-09-12T10:45:00-03:00,6.31,6.31,0.0
86510000,2026-09-12T11:00:00-03:00,6.34,6.34,0.0
86510000,2026-09-12T11:15:00-03:00,6.37,6.37,0.0
86510000,2026-09-12T11:30:00-03:00,6.41,6.41,0.0
86510000,2026-09-12T11:45:00-03:00,6.44,6.44,0.0
86510000,2026-09-12T12:00:00-03:00,6.47,6.47,0.0
86510000,2026-09-12T12:15:00-03:00,6.51,6.51,0.0
86510000,2026-09-12T12:30:00-03:00,6.54,6.54,0.0
86510000,2026-09-12T12:45:00-03:00,6.57,6.57,0.0
86510000,2026-09-12T13:00:00-03:00,6.6,6.6,0.0
86510000,2026-09-12T13:15:00-03:00,6.62,6.62,0.0
86510000,2026-09-12T13:30:00-03:00,6.63,6.63,0.0
86510000,2026-09-12T13:45:00-03:00,6.66,6.66,0.0
86510000,2026-09-12T14:00:00-03:00,6.67,6.67,0.0
86510000,2026-09-12T14:15:00-03:00,6.68,6.68,0.0
86510000,2026-09-12T14:30:00-03:00,6.7,6.7,0.0
86510000,2026-09-12T14:45:00-03:00,6.71,6.71,0.0
86510000,2026-09-12T15:00:00-03:00,6.73,6.73,0.0
86510000,2026-09-12T15:15:00-03:00,6.74,6.74,0.0
86510000,2026-09-12T15:30:00-03:00,6.75,6.75,0.0
86510000,2026-09-12T15:45:00-03:00,6.76,6.76,0.0
86510000,2026-09-12T16:00:00-03:00,6.77,6.77,0.0
86510000,2026-09-12T16:15:00-03:00,6.79,6.79,0.0
86510000,2026-09-12T16:30:00-03:00,6.8,6.8,0.0
86510000,2026-09-12T16:45:00-03:00,6.79,6.79,0.0
86510000,2026-09-12T17:00:00-03:00,6.79,6.79,0.0
86510000,2026-09-12T17:15:00-03:00,6.8,6.8,0.0
86510000,2026-09-12T17:30:00-03:00,6.8,6.8,0.0
86510000,2026-09-12T17:45:00-03:00,6.79,6.79,0.0
86510000,2026-09-12T18:00:00-03:00,6.78,6.78,0.0
86510000,2026-09-12T18:15:00-03:00,6.76,6.76,0.0
86510000,2026-09-12T18:30:00-03:00,6.76,6.76,0.0
86510000,2026-09-12T18:45:00-03:00,6.77,6.77,0.0
86510000,2026-09-12T19:00:00-03:00,6.78,6.78,0.0
86510000,2026-09-12T19:15:00-03:00,6.79,6.79,0.0
86510000,2026-09-12T19:30:00-03:00,6.81,6.81,0.0
86510000,2026-09-12T19:45:00-03:00,6.82,6.82,0.0
86510000,2026-09-12T20:00:00-03:00,6.83,6.83,0.0
86510000,2026-09-12T20:15:00-03:00,6.84,6.84,0.0
86510000,2026-09-12T20:30:00-03:00,6.85,6.85,0.0
86510000,2026-09-12T20:45:00-03:00,6.86,6.86,0.0
86510000,2026-09-12T21:00:00-03:00,6.86,6.86,0.0
86510000,2026-09-12T21:15:00-03:00,6.87,6.87,0.0
86510000,2026-09-12T21:30:00-03:00,6.86,6.86,0.0
86510000,2026-09-12T21:45:00-03:00,6.85,6.85,0.0
86510000,2026-09-12T22:00:00-03:00,6.84,6.84,0.0
86510000,2026-09-12T22:15:00-03:00,6.84,6.84,0.0
86510000,2026-09-12T22:30:00-03:00,6.82,6.82,0.0
86510000,2026-09-12T22:45:00-03:00,6.81,6.81,0.0
86510000,2026-09-12T23:00:00-03:00,6.8,6.8,0.0
86510000,2026-09-12T23:15:00-03:00,6.79,6.79,0.0
86510000,2026-09-13T00:00:00-03:00,6.76,6.76,0.0
86510000,2026-09-13T00:15:00-03:00,6.75,6.75,0.0
86510000,2026-09-13T00:30:00-03:00,6.75,6.75,0.0
86510000,2026-09-13T00:45:00-03:00,6.74,6.74,0.0
86510000,2026-09-13T01:00:00-03:00,6.73,6.73,0.0
86510000,2026-09-13T01:15:00-03:00,6.73,6.73,0.0
86510000,2026-09-13T01:30:00-03:00,6.72,6.72,0.0
86510000,2026-09-13T01:45:00-03:00,6.72,6.72,0.0
86510000,2026-09-13T02:00:00-03:00,6.71,6.71,0.0
86510000,2026-09-13T02:15:00-03:00,6.71,6.71,0.0
86510000,2026-09-13T02:30:00-03:00,6.7,6.7,0.0
86510000,2026-09-13T02:45:00-03:00,6.7,6.7,0.0
86510000,2026-09-13T03:00:00-03:00,6.69,6.69,0.0
86510000,2026-09-13T03:15:00-03:00,6.69,6.69,0.0
86510000,2026-09-13T03:30:00-03:00,6.69,6.69,0.0
86510000,2026-09-13T03:45:00-03:00,6.68,6.68,0.0
86510000,2026-09-13T04:00:00-03:00,6.67,6.67,0.0
86510000,2026-09-13T04:15:00-03:00,6.66,6.66,0.0
86510000,2026-09-13T04:30:00-03:00,6.66,6.66,0.0
86510000,2026-09-13T04:45:00-03:00,6.65,6.65,0.0
86510000,2026-09-13T05:00:00-03:00,6.64,6.64,0.0
86510000,2026-09-13T05:15:00-03:00,6.63,6.63,0.0
86510000,2026-09-13T05:30:00-03:00,6.63,6.63,0.0
86510000,2026-09-13T05:45:00-03:00,6.62,6.62,0.0
86510000,2026-09-13T06:00:00-03:00,6.6,6.6,0.0
86510000,2026-09-13T06:15:00-03:00,6.59,6.59,0.0
86510000,2026-09-13T06:30:00-03:00,6.59,6.59,0.0
86510000,2026-09-13T06:45:00-03:00,6.58,6.58,0.0
86510000,2026-09-13T07:00:00-03:00,6.57,6.57,0.0
86510000,2026-09-13T07:15:00-03:00,6.55,6.55,0.0
86510000,2026-09-13T07:30:00-03:00,6.53,6.53,0.0
86510000,2026-09-13T07:45:00-03:00,6.52,6.52,0.0
86510000,2026-09-13T08:00:00-03:00,6.51,6.51,0.0
86510000,2026-09-13T08:15:00-03:00,6.49,6.49,0.0
86510000,2026-09-13T08:30:00-03:00,6.48,6.48,0.0
86510000,2026-09-13T08:45:00-03:00,6.46,6.46,0.0
86510000,2026-09-13T09:00:00-03:00,6.44,6.44,0.0
86510000,2026-09-13T09:15:00-03:00,6.43,6.43,0.0
86510000,2026-09-13T09:30:00-03:00,6.4,6.4,0.0
86510000,2026-09-13T09:45:00-03:00,6.38,6.38,0.0
86510000,2026-09-13T10:00:00-03:00,6.36,6.36,0.0
86510000,2026-09-13T10:15:00-03:00,6.33,6.33,0.0
86510000,2026-09-13T10:30:00-03:00,6.31,6.31,0.0
86510000,2026-09-13T10:45:00-03:00,6.28,6.28,0.0
86510000,2026-09-13T11:00:00-03:00,6.24,6.24,0.0
86510000,2026-09-13T11:15:00-03:00,6.19,6.19,0.0
86510000,2026-09-13T11:30:00-03:00,6.07,6.07,0.0
86510000,2026-09-13T11:45:00-03:00,5.98,5.98,0.0
86510000,2026-09-13T12:00:00-03:00,5.91,5.91,0.0
86510000,2026-09-13T12:15:00-03:00,5.86,5.86,0.0
86510000,2026-09-13T12:30:00-03:00,5.82,5.82,0.0
86510000,2026-09-13T12:45:00-03:00,5.79,5.79,0.0
86510000,2026-09-13T13:00:00-03:00,5.76,5.76,0.0
86510000,2026-09-13T13:15:00-03:00,5.74,5.74,0.0
86510000,2026-09-13T13:30:00-03:00,5.72,5.72,0.0
86510000,2026-09-13T13:45:00-03:00,5.71,5.71,0.0
86510000,2026-09-13T14:00:00-03:00,5.7,5.7,0.0
86510000,2026-09-13T14:15:00-03:00,5.7,5.7,0.0
86510000,2026-09-13T14:30:00-03:00,5.7,5.7,0.0
86510000,2026-09-13T14:45:00-03:00,5.7,5.7,0.0
86510000,2026-09-13T15:00:00-03:00,5.7,5.7,0.0
86510000,2026-09-13T15:15:00-03:00,5.7,5.7,0.0
86510000,2026-09-13T15:30:00-03:00,5.7,5.7,0.0
86510000,2026-09-13T15:45:00-03:00,5.7,5.7,0.0
86510000,2026-09-13T16:00:00-03:00,5.71,5.71,0.0
86510000,2026-09-13T16:15:00-03:00,5.7,5.7,0.0
86510000,2026-09-13T16:30:00-03:00,5.7,5.7,0.0
86510000,2026-09-13T16:45:00-03:00,5.7,5.7,0.0
86510000,2026-09-13T17:00:00-03:00,5.7,5.7,0.0
86510000,2026-09-13T17:15:00-03:00,5.69,5.69,0.0
86510000,2026-09-13T17:30:00-03:00,5.69,5.69,0.0
86510000,2026-09-13T17:45:00-03:00,5.68,5.68,0.0
86510000,2026-09-13T18:00:00-03:00,5.67,5.67,0.0
86510000,2026-09-13T18:15:00-03:00,5.66,5.66,0.0
86510000,2026-09-13T18:30:00-03:00,5.65,5.65,0.0
86510000,2026-09-13T18:45:00-03:00,5.64,5.64,0.0
86510000,2026-09-13T19:00:00-03:00,5.63,5.63,0.0
86510000,2026-09-13T19:15:00-03:00,5.61,5.61,0.0
86510000,2026-09-13T19:30:00-03:00,5.59,5.59,0.0
86510000,2026-09-13T19:45:00-03:00,5.58,5.58,0.0
86510000,2026-09-13T20:00:00-03:00,5.56,5.56,0.0
86510000,2026-09-13T20:15:00-03:00,5.55,5.55,0.0
86510000,2026-09-13T20:30:00-03:00,5.53,5.53,0.0
86510000,2026-09-13T20:45:00-03:00,5.52,5.52,0.0
86510000,2026-09-13T21:00:00-03:00,5.5,5.5,0.0
86510000,2026-09-13T21:15:00-03:00,5.48,5.48,0.0
86510000,2026-09-13T21:30:00-03:00,5.46,5.46,0.0
86510000,2026-09-13T21:45:00-03:00,5.45,5.45,0.0
86510000,2026-09-13T22:00:00-03:00,5.43,5.43,0.0
86510000,2026-09-13T22:15:00-03:00,5.42,5.42,0.0
86510000,2026-09-13T22:30:00-03:00,5.4,5.4,0.0
86510000,2026-09-13T22:45:00-03:00,5.38,5.38,0.0
86510000,2026-09-13T23:00:00-03:00,5.37,5.37,0.0
86510000,2026-09-13T23:15:00-03:00,5.36,5.36,0.0
86510000,2026-09-14T00:00:00-03:00,5.32,5.32,0.0
86510000,2026-09-14T00:15:00-03:00,5.31,5.31,0.0
86510000,2026-09-14T00:30:00-03:00,5.3,5.3,0.0
86510000,2026-09-14T00:45:00-03:00,5.29,5.29,0.0
86510000,2026-09-14T01:00:00-03:00,5.27,5.27,0.0
86510000,2026-09-14T01:15:00-03:00,5.26,5.26,0.0
86510000,2026-09-14T01:30:00-03:00,5.24,5.24,0.0
86510000,2026-09-14T01:45:00-03:00,5.24,5.24,0.0
86510000,2026-09-14T02:00:00-03:00,5.22,5.22,0.0
86510000,2026-09-14T02:15:00-03:00,5.21,5.21,0.0
86510000,2026-09-14T02:30:00-03:00,5.2,5.2,0.0
86510000,2026-09-14T02:45:00-03:00,5.18,5.18,0.0
86510000,2026-09-14T03:00:00-03:00,5.17,5.17,0.0
86510000,2026-09-14T03:15:00-03:00,5.15,5.15,0.0
86510000,2026-09-14T03:30:00-03:00,5.13,5.13,0.0
86510000,2026-09-14T03:45:00-03:00,5.12,5.12,0.0
86510000,2026-09-14T04:00:00-03:00,5.11,5.11,0.0
86510000,2026-09-14T04:15:00-03:00,5.09,5.09,0.0
86510000,2026-09-14T04:30:00-03:00,5.08,5.08,0.0
86510000,2026-09-14T04:45:00-03:00,5.06,5.06,0.0
86510000,2026-09-14T05:00:00-03:00,5.05,5.05,0.0
86510000,2026-09-14T05:15:00-03:00,5.04,5.04,0.0
86510000,2026-09-14T05:30:00-03:00,5.02,5.02,0.0
86510000,2026-09-14T05:45:00-03:00,5.01,5.01,0.0
86510000,2026-09-14T06:00:00-03:00,5.0,5.0,0.0
86510000,2026-09-14T06:15:00-03:00,4.99,4.99,0.0
86510000,2026-09-14T06:30:00-03:00,4.98,4.98,0.0
86510000,2026-09-14T06:45:00-03:00,4.97,4.97,0.0
86510000,2026-09-14T07:00:00-03:00,4.96,4.96,0.0
86510000,2026-09-14T07:15:00-03:00,4.95,4.95,0.0
86510000,2026-09-14T07:30:00-03:00,4.94,4.94,0.0
86510000,2026-09-14T07:45:00-03:00,4.93,4.93,0.0
86510000,2026-09-14T08:00:00-03:00,4.92,4.92,0.0
86510000,2026-09-14T08:15:00-03:00,4.91,4.91,0.0
86510000,2026-09-14T08:30:00-03:00,4.9,4.9,0.0
86510000,2026-09-14T08:45:00-03:00,4.89,4.89,0.0
86510000,2026-09-14T09:00:00-03:00,4.88,4.88,0.0
86510000,2026-09-14T09:15:00-03:00,4.88,4.88,0.0
86510000,2026-09-14T09:30:00-03:00,4.86,4.86,0.0
86510000,2026-09-14T09:45:00-03:00,4.86,4.86,0.0
86510000,2026-09-14T10:00:00-03:00,4.85,4.85,0.0
86510000,2026-09-14T10:15:00-03:00,4.84,4.84,0.0
86510000,2026-09-14T10:30:00-03:00,4.83,4.83,0.0
86510000,2026-09-14T10:45:00-03:00,4.82,4.82,0.0
86510000,2026-09-14T11:00:00-03:00,4.81,4.81,0.0
86510000,2026-09-14T11:15:00-03:00,4.8,4.8,0.0
86510000,2026-09-14T11:30:00-03:00,4.79,4.79,0.0
86510000,2026-09-14T11:45:00-03:00,4.78,4.78,0.0
86510000,2026-09-14T12:00:00-03:00,4.77,4.77,0.0
86510000,2026-09-14T12:15:00-03:00,4.76,4.76,0.0
86510000,2026-09-14T12:30:00-03:00,4.75,4.75,0.0
86510000,2026-09-14T12:45:00-03:00,4.74,4.74,0.0
86510000,2026-09-14T13:00:00-03:00,4.72,4.72,0.0
86510000,2026-09-14T13:15:00-03:00,4.71,4.71,0.0
86510000,2026-09-14T13:30:00-03:00,4.7,4.7,0.0
86510000,2026-09-14T13:45:00-03:00,4.68,4.68,0.0
86510000,2026-09-14T14:00:00-03:00,4.67,4.67,0.0
86510000,2026-09-14T14:15:00-03:00,4.65,4.65,0.0
86510000,2026-09-14T14:30:00-03:00,4.64,4.64,0.0
86510000,2026-09-14T14:45:00-03:00,4.62,4.62,0.0
86510000,2026-09-14T15:00:00-03:00,4.6,4.6,0.0
86510000,2026-09-14T15:15:00-03:00,4.59,4.59,0.0
86510000,2026-09-14T15:30:00-03:00,4.57,4.57,0.0
86510000,2026-09-14T15:45:00-03:00,4.56,4.56,0.0
86510000,2026-09-14T16:00:00-03:00,4.55,4.55,0.0
86510000,2026-09-14T16:15:00-03:00,4.54,4.54,0.0
86510000,2026-09-14T16:30:00-03:00,4.53,4.53,0.0
86510000,2026-09-14T16:45:00-03:00,4.52,4.52,0.0
86510000,2026-09-14T17:00:00-03:00,4.51,4.51,0.0
86510000,2026-09-14T17:15:00-03:00,4.5,4.5,0.0
86510000,2026-09-14T17:30:00-03:00,4.49,4.49,0.0
86510000,2026-09-14T17:45:00-03:00,4.48,4.48,0.0
86510000,2026-09-14T18:00:00-03:00,4.48,4.48,0.0
86510000,2026-09-14T18:15:00-03:00,4.47,4.47,0.0
86510000,2026-09-14T18:30:00-03:00,4.47,4.47,0.0
86510000,2026-09-14T18:45:00-03:00,4.46,4.46,0.0
86510000,2026-09-14T19:00:00-03:00,4.46,4.46,0.0
86510000,2026-09-14T19:15:00-03:00,4.45,4.45,0.0
86510000,2026-09-14T19:30:00-03:00,4.45,4.45,0.0
86510000,2026-09-14T19:45:00-03:00,4.45,4.45,0.0
86510000,2026-09-14T20:00:00-03:00,4.45,4.45,0.0
86510000,2026-09-14T20:15:00-03:00,4.45,4.45,0.0
86510000,2026-09-14T20:30:00-03:00,4.45,4.45,0.0
86510000,2026-09-14T20:45:00-03:00,4.46,4.46,0.0
86510000,2026-09-14T21:00:00-03:00,4.47,4.47,0.0
86510000,2026-09-14T21:15:00-03:00,4.48,4.48,0.0
86510000,2026-09-14T21:30:00-03:00,4.49,4.49,0.0
86510000,2026-09-14T21:45:00-03:00,4.5,4.5,0.0
86510000,2026-09-14T22:00:00-03:00,4.51,4.51,0.0
86510000,2026-09-14T22:15:00-03:00,4.51,4.51,0.0
86510000,2026-09-14T22:30:00-03:00,4.52,4.52,0.0
86510000,2026-09-14T22:45:00-03:00,4.53,4.53,0.0
86510000,2026-09-14T23:00:00-03:00,4.53,4.53,0.0
86510000,2026-09-14T23:15:00-03:00,4.53,4.53,0.0
86510000,2026-09-15T00:00:00-03:00,4.53,4.53,0.0
86510000,2026-09-15T00:15:00-03:00,4.52,4.52,0.0
86510000,2026-09-15T00:30:00-03:00,4.51,4.51,0.0
86510000,2026-09-15T00:45:00-03:00,4.5,4.5,0.0
86510000,2026-09-15T01:00:00-03:00,4.49,4.49,0.0
86510000,2026-09-15T01:15:00-03:00,4.48,4.48,0.0
86510000,2026-09-15T01:30:00-03:00,4.47,4.47,0.0
86510000,2026-09-15T01:45:00-03:00,4.46,4.46,0.0
86510000,2026-09-15T02:00:00-03:00,4.45,4.45,0.0
86510000,2026-09-15T02:15:00-03:00,4.43,4.43,0.0
86510000,2026-09-15T02:30:00-03:00,4.41,4.41,0.0
86510000,2026-09-15T02:45:00-03:00,4.4,4.4,0.0
86510000,2026-09-15T03:00:00-03:00,4.38,4.38,0.0
86510000,2026-09-15T03:15:00-03:00,4.37,4.37,0.0
86510000,2026-09-15T03:30:00-03:00,4.36,4.36,0.0
86510000,2026-09-15T03:45:00-03:00,4.34,4.34,0.0
86510000,2026-09-15T04:00:00-03:00,4.33,4.33,0.0
86510000,2026-09-15T04:15:00-03:00,4.31,4.31,0.0
86510000,2026-09-15T04:30:00-03:00,4.3,4.3,0.0
86510000,2026-09-15T04:45:00-03:00,4.29,4.29,0.0
86510000,2026-09-15T05:00:00-03:00,4.28,4.28,0.0
86510000,2026-09-15T05:15:00-03:00,4.27,4.27,0.0
86510000,2026-09-15T05:30:00-03:00,4.26,4.26,0.0
86510000,2026-09-15T05:45:00-03:00,4.24,4.24,0.0
86510000,2026-09-15T06:00:00-03:00,4.23,4.23,0.0
86510000,2026-09-15T06:15:00-03:00,4.22,4.22,0.0
86510000,2026-09-15T06:30:00-03:00,4.2,4.2,0.0
86510000,2026-09-15T06:45:00-03:00,4.18,4.18,0.0
86510000,2026-09-15T07:00:00-03:00,4.16,4.16,0.0
86510000,2026-09-15T07:15:00-03:00,4.13,4.13,0.0
86510000,2026-09-15T07:30:00-03:00,4.1,4.1,0.0
86510000,2026-09-15T07:45:00-03:00,4.06,4.06,0.0
86510000,2026-09-15T08:00:00-03:00,4.03,4.03,0.0
86510000,2026-09-15T08:15:00-03:00,3.99,3.99,0.0
86510000,2026-09-15T08:30:00-03:00,3.96,3.96,0.0
86510000,2026-09-15T08:45:00-03:00,3.92,3.92,0.0
86510000,2026-09-15T09:00:00-03:00,3.89,3.89,0.0
86510000,2026-09-15T09:15:00-03:00,3.86,3.86,0.0
86510000,2026-09-15T09:30:00-03:00,3.84,3.84,0.0
86510000,2026-09-15T09:45:00-03:00,3.82,3.82,0.0
86510000,2026-09-15T10:00:00-03:00,3.8,3.8,0.0
86510000,2026-09-15T10:15:00-03:00,3.79,3.79,0.0
86510000,2026-09-15T10:30:00-03:00,3.78,3.78,0.0
86510000,2026-09-15T10:45:00-03:00,3.78,3.78,0.0
86510000,2026-09-15T11:00:00-03:00,3.78,3.78,0.0
86510000,2026-09-15T11:15:00-03:00,3.78,3.78,0.0
86510000,2026-09-15T11:30:00-03:00,3.79,3.79,0.0
86510000,2026-09-15T11:45:00-03:00,3.79,3.79,0.0
86510000,2026-09-15T12:00:00-03:00,3.8,3.8,0.0
86510000,2026-09-15T12:15:00-03:00,3.81,3.81,0.0
86510000,2026-09-15T12:30:00-03:00,3.81,3.81,0.0
86510000,2026-09-15T12:45:00-03:00,3.82,3.82,0.0
86510000,2026-09-15T13:00:00-03:00,3.81,3.81,0.0
86510000,2026-09-15T13:15:00-03:00,3.81,3.81,0.0
86510000,2026-09-15T13:30:00-03:00,3.8,3.8,0.0
86510000,2026-09-15T13:45:00-03:00,3.79,3.79,0.0
86510000,2026-09-15T14:00:00-03:00,3.76,3.76,0.0
86510000,2026-09-15T14:15:00-03:00,3.74,3.74,0.0
86510000,2026-09-15T14:30:00-03:00,3.72,3.72,0.0
86510000,2026-09-15T14:45:00-03:00,3.7,3.7,0.0
86510000,2026-09-15T15:00:00-03:00,3.67,3.67,0.0
86510000,2026-09-15T15:15:00-03:00,3.65,3.65,0.0
86510000,2026-09-15T15:30:00-03:00,3.63,3.63,0.0
86510000,2026-09-15T15:45:00-03:00,3.6,3.6,0.0
86510000,2026-09-15T16:00:00-03:00,3.56,3.58,0.020000000000000018
86510000,2026-09-15T16:15:00-03:00,3.56,3.56,0.0
86510000,2026-09-15T16:30:00-03:00,3.55,3.55,0.0
86510000,2026-09-15T16:45:00-03:00,3.53,3.53,0.0
86510000,2026-09-15T17:00:00-03:00,3.52,3.52,0.0
86510000,2026-09-15T17:15:00-03:00,3.51,3.51,0.0
86510000,2026-09-15T17:30:00-03:00,3.5,3.5,0.0
86510000,2026-09-15T17:45:00-03:00,3.5,3.5,0.0
86510000,2026-09-15T18:00:00-03:00,3.5,3.5,0.0
86510000,2026-09-15T18:15:00-03:00,3.5,3.5,0.0
86510000,2026-09-15T18:30:00-03:00,3.5,3.5,0.0
86510000,2026-09-15T18:45:00-03:00,3.5,3.5,0.0
86510000,2026-09-15T19:00:00-03:00,3.51,3.51,0.0
86510000,2026-09-15T19:15:00-03:00,3.51,3.51,0.0
86510000,2026-09-15T19:30:00-03:00,3.52,3.52,0.0
86510000,2026-09-15T19:45:00-03:00,3.53,3.53,0.0
86510000,2026-09-15T20:00:00-03:00,3.54,3.54,0.0
86510000,2026-09-15T20:15:00-03:00,3.56,3.56,0.0
86510000,2026-09-15T20:30:00-03:00,3.58,3.58,0.0
86510000,2026-09-15T20:45:00-03:00,3.61,3.61,0.0
86510000,2026-09-15T21:00:00-03:00,3.64,3.64,0.0
86510000,2026-09-15T21:15:00-03:00,3.69,3.69,0.0
86510000,2026-09-15T21:30:00-03:00,3.75,3.75,0.0
86510000,2026-09-15T21:45:00-03:00,3.82,3.82,0.0
86510000,2026-09-15T22:00:00-03:00,3.9,3.9,0.0
86510000,2026-09-15T22:15:00-03:00,3.98,3.98,0.0
86510000,2026-09-15T22:30:00-03:00,4.06,4.06,0.0
86510000,2026-09-15T22:45:00-03:00,4.13,4.13,0.0
86510000,2026-09-15T23:00:00-03:00,4.2,4.2,0.0
86510000,2026-09-15T23:15:00-03:00,4.25,4.25,0.0
86510000,2026-09-16T00:00:00-03:00,4.36,4.36,0.0
86510000,2026-09-16T00:15:00-03:00,4.38,4.38,0.0
86510000,2026-09-16T00:30:00-03:00,4.38,4.38,0.0
86510000,2026-09-16T00:45:00-03:00,4.39,4.39,0.0
86510000,2026-09-16T01:00:00-03:00,4.38,4.38,0.0
86510000,2026-09-16T01:15:00-03:00,4.38,4.38,0.0
86510000,2026-09-16T01:30:00-03:00,4.36,4.36,0.0
86510000,2026-09-16T01:45:00-03:00,4.35,4.35,0.0
86510000,2026-09-16T02:00:00-03:00,4.33,4.33,0.0
86510000,2026-09-16T02:15:00-03:00,4.32,4.32,0.0
86510000,2026-09-16T02:30:00-03:00,4.3,4.3,0.0
86510000,2026-09-16T02:45:00-03:00,4.28,4.28,0.0
86510000,2026-09-16T03:00:00-03:00,4.25,4.25,0.0
86510000,2026-09-16T03:15:00-03:00,4.23,4.23,0.0
86510000,2026-09-16T03:30:00-03:00,4.21,4.21,0.0
86510000,2026-09-16T03:45:00-03:00,4.19,4.19,0.0
86510000,2026-09-16T04:00:00-03:00,4.17,4.17,0.0
86510000,2026-09-16T04:15:00-03:00,4.15,4.15,0.0
86510000,2026-09-16T04:30:00-03:00,4.13,4.13,0.0
86510000,2026-09-16T04:45:00-03:00,4.11,4.11,0.0
86510000,2026-09-16T05:00:00-03:00,4.09,4.09,0.0
86510000,2026-09-16T05:15:00-03:00,4.07,4.07,0.0
86510000,2026-09-16T05:30:00-03:00,4.06,4.06,0.0
86510000,2026-09-16T05:45:00-03:00,4.04,4.04,0.0
86510000,2026-09-16T06:00:00-03:00,4.02,4.02,0.0
86510000,2026-09-16T06:15:00-03:00,4.01,4.01,0.0
86510000,2026-09-16T06:30:00-03:00,3.99,3.99,0.0
86510000,2026-09-16T06:45:00-03:00,3.98,3.98,0.0
86510000,2026-09-16T07:00:00-03:00,3.96,3.96,0.0
86510000,2026-09-16T07:15:00-03:00,3.95,3.95,0.0
86510000,2026-09-16T07:30:00-03:00,3.94,3.94,0.0
86510000,2026-09-16T07:45:00-03:00,3.92,3.92,0.0
86510000,2026-09-16T08:00:00-03:00,3.91,3.91,0.0
86510000,2026-09-16T08:15:00-03:00,3.9,3.9,0.0
86510000,2026-09-16T08:30:00-03:00,3.89,3.89,0.0
86510000,2026-09-16T08:45:00-03:00,3.88,3.88,0.0
86510000,2026-09-16T09:00:00-03:00,3.87,3.87,0.0
86510000,2026-09-16T09:15:00-03:00,3.85,3.85,0.0
86510000,2026-09-16T09:30:00-03:00,3.84,3.84,0.0
86510000,2026-09-16T09:45:00-03:00,3.84,3.84,0.0
86510000,2026-09-16T10:00:00-03:00,3.83,3.83,0.0
86510000,2026-09-16T10:15:00-03:00,3.82,3.82,0.0
86510000,2026-09-16T10:30:00-03:00,3.81,3.81,0.0
86510000,2026-09-16T10:45:00-03:00,3.8,3.8,0.0
86510000,2026-09-16T11:00:00-03:00,3.79,3.79,0.0
86510000,2026-09-16T11:15:00-03:00,3.78,3.78,0.0
86510000,2026-09-16T11:30:00-03:00,3.77,3.77,0.0
86510000,2026-09-16T11:45:00-03:00,3.76,3.76,0.0
86510000,2026-09-16T12:00:00-03:00,3.75,3.75,0.0
86510000,2026-09-16T12:15:00-03:00,3.73,3.73,0.0
86510000,2026-09-16T12:30:00-03:00,3.71,3.71,0.0
86510000,2026-09-16T12:45:00-03:00,3.68,3.68,0.0
86510000,2026-09-16T13:00:00-03:00,3.65,3.65,0.0
86510000,2026-09-16T13:15:00-03:00,3.61,3.61,0.0
86510000,2026-09-16T13:30:00-03:00,3.56,3.56,0.0
86510000,2026-09-16T13:45:00-03:00,3.51,3.51,0.0
86510000,2026-09-16T14:00:00-03:00,3.46,3.46,0.0
86510000,2026-09-16T14:15:00-03:00,3.4,3.4,0.0
86510000,2026-09-16T14:30:00-03:00,3.34,3.34,0.0
86510000,2026-09-16T14:45:00-03:00,3.28,3.28,0.0
86510000,2026-09-16T15:00:00-03:00,3.22,3.22,0.0
86510000,2026-09-16T15:15:00-03:00,3.16,3.16,0.0
86510000,2026-09-16T15:30:00-03:00,3.11,3.11,0.0
86510000,2026-09-16T15:45:00-03:00,3.05,3.05,0.0
86510000,2026-09-16T16:00:00-03:00,3.0,3.0,0.0
86510000,2026-09-16T16:15:00-03:00,2.96,2.96,0.0
86510000,2026-09-16T16:30:00-03:00,2.91,2.91,0.0
86510000,2026-09-16T16:45:00-03:00,2.87,2.87,0.0
86510000,2026-09-16T17:00:00-03:00,2.84,2.84,0.0
86510000,2026-09-16T17:15:00-03:00,2.81,2.81,0.0
86510000,2026-09-16T17:30:00-03:00,2.78,2.78,0.0
86510000,2026-09-16T17:45:00-03:00,2.76,2.76,0.0
86510000,2026-09-16T18:00:00-03:00,2.75,2.75,0.0
86510000,2026-09-16T18:15:00-03:00,2.74,2.74,0.0
86510000,2026-09-16T18:30:00-03:00,2.73,2.73,0.0
86510000,2026-09-16T18:45:00-03:00,2.73,2.73,0.0
86510000,2026-09-16T19:00:00-03:00,2.74,2.74,0.0
86510000,2026-09-16T19:15:00-03:00,2.75,2.75,0.0
86510000,2026-09-16T19:30:00-03:00,2.76,2.76,0.0
86510000,2026-09-16T19:45:00-03:00,2.79,2.79,0.0
86510000,2026-09-16T20:00:00-03:00,2.81,2.81,0.0
86510000,2026-09-16T20:15:00-03:00,2.84,2.84,0.0
86510000,2026-09-16T20:30:00-03:00,2.88,2.88,0.0
86510000,2026-09-16T20:45:00-03:00,2.93,2.93,0.0
86510000,2026-09-16T21:00:00-03:00,2.99,2.99,0.0
86510000,2026-09-16T21:15:00-03:00,3.06,3.06,0.0
86510000,2026-09-16T21:30:00-03:00,3.14,3.14,0.0
86510000,2026-09-16T21:45:00-03:00,3.23,3.23,0.0
86510000,2026-09-16T22:00:00-03:00,3.33,3.33,0.0
86510000,2026-09-16T22:15:00-03:00,3.44,3.44,0.0
86510000,2026-09-16T22:30:00-03:00,3.55,3.55,0.0
86510000,2026-09-16T22:45:00-03:00,3.65,3.65,0.0
86510000,2026-09-16T23:00:00-03:00,3.75,3.75,0.0
86510000,2026-09-16T23:15:00-03:00,3.82,3.82,0.0
86510000,2026-09-17T00:00:00-03:00,3.98,3.98,0.0
86510000,2026-09-17T00:15:00-03:00,4.01,4.01,0.0
86510000,2026-09-17T00:30:00-03:00,4.03,4.03,0.0
86510000,2026-09-17T00:45:00-03:00,4.05,4.05,0.0
86510000,2026-09-17T01:00:00-03:00,4.05,4.05,0.0
86510000,2026-09-17T01:15:00-03:00,4.06,4.06,0.0
86510000,2026-09-17T01:30:00-03:00,4.05,4.05,0.0
86510000,2026-09-17T01:45:00-03:00,4.04,4.04,0.0
86510000,2026-09-17T02:00:00-03:00,4.03,4.03,0.0
86510000,2026-09-17T02:15:00-03:00,4.02,4.02,0.0
86510000,2026-09-17T02:30:00-03:00,4.01,4.01,0.0
86510000,2026-09-17T02:45:00-03:00,3.99,3.99,0.0
86510000,2026-09-17T03:00:00-03:00,3.97,3.97,0.0
86510000,2026-09-17T03:15:00-03:00,3.95,3.95,0.0
86510000,2026-09-17T03:30:00-03:00,3.93,3.93,0.0
86510000,2026-09-17T03:45:00-03:00,3.91,3.91,0.0
86510000,2026-09-17T04:00:00-03:00,3.88,3.88,0.0
86510000,2026-09-17T04:15:00-03:00,3.86,3.86,0.0
86510000,2026-09-17T04:30:00-03:00,3.84,3.84,0.0
86510000,2026-09-17T04:45:00-03:00,3.82,3.82,0.0
86510000,2026-09-17T05:00:00-03:00,3.79,3.79,0.0
86510000,2026-09-17T05:15:00-03:00,3.77,3.77,0.0
86510000,2026-09-17T05:30:00-03:00,3.75,3.75,0.0
86510000,2026-09-17T05:45:00-03:00,3.73,3.73,0.0
86510000,2026-09-17T06:00:00-03:00,3.7,3.7,0.0
86510000,2026-09-17T06:15:00-03:00,3.68,3.68,0.0
86510000,2026-09-17T06:30:00-03:00,3.66,3.66,0.0
86510000,2026-09-17T06:45:00-03:00,3.64,3.64,0.0
86510000,2026-09-17T07:00:00-03:00,3.62,3.62,0.0
86510000,2026-09-17T07:15:00-03:00,3.6,3.6,0.0
86510000,2026-09-17T07:30:00-03:00,3.58,3.58,0.0
86510000,2026-09-17T07:45:00-03:00,3.56,3.56,0.0
86510000,2026-09-17T08:00:00-03:00,3.54,3.54,0.0
86510000,2026-09-17T08:15:00-03:00,3.53,3.53,0.0
86510000,2026-09-17T08:30:00-03:00,3.51,3.51,0.0
86510000,2026-09-17T08:45:00-03:00,3.5,3.5,0.0
86510000,2026-09-17T09:00:00-03:00,3.48,3.48,0.0
86510000,2026-09-17T09:15:00-03:00,3.47,3.47,0.0
86510000,2026-09-17T09:30:00-03:00,3.46,3.46,0.0
86510000,2026-09-17T09:45:00-03:00,3.45,3.45,0.0
86510000,2026-09-17T10:00:00-03:00,3.44,3.44,0.0
86510000,2026-09-17T10:15:00-03:00,3.43,3.43,0.0
86510000,2026-09-17T10:30:00-03:00,3.43,3.43,0.0
86510000,2026-09-17T10:45:00-03:00,3.42,3.42,0.0
86510000,2026-09-17T11:00:00-03:00,3.42,3.42,0.0
86510000,2026-09-17T11:15:00-03:00,3.41,3.41,0.0
86510000,2026-09-17T11:30:00-03:00,3.41,3.41,0.0
86510000,2026-09-17T11:45:00-03:00,3.41,3.41,0.0
86510000,2026-09-17T12:00:00-03:00,3.4,3.4,0.0
86510000,2026-09-17T12:15:00-03:00,3.4,3.4,0.0
86510000,2026-09-17T12:30:00-03:00,3.39,3.39,0.0
86510000,2026-09-17T12:45:00-03:00,3.37,3.37,0.0
86510000,2026-09-17T13:00:00-03:00,3.35,3.35,0.0
86510000,2026-09-17T13:15:00-03:00,3.33,3.33,0.0
86510000,2026-09-17T13:30:00-03:00,3.29,3.29,0.0
86510000,2026-09-17T13:45:00-03:00,3.25,3.25,0.0
86510000,2026-09-17T14:00:00-03:00,3.21,3.21,0.0
86510000,2026-09-17T14:15:00-03:00,3.16,3.16,0.0
86510000,2026-09-17T14:30:00-03:00,3.11,3.11,0.0
86510000,2026-09-17T14:45:00-03:00,3.06,3.06,0.0
86510000,2026-09-17T15:00:00-03:00,3.0,3.0,0.0
86510000,2026-09-17T15:15:00-03:00,2.95,2.95,0.0
86510000,2026-09-17T15:30:00-03:00,2.89,2.89,0.0
86510000,2026-09-17T15:45:00-03:00,2.84,2.84,0.0
86510000,2026-09-17T16:00:00-03:00,2.78,2.78,0.0
86510000,2026-09-17T16:15:00-03:00,2.73,2.73,0.0
86510000,2026-09-17T16:30:00-03:00,2.66,2.66,0.0
86510000,2026-09-17T16:45:00-03:00,2.61,2.61,0.0
86510000,2026-09-17T17:00:00-03:00,2.55,2.55,0.0
86510000,2026-09-17T17:15:00-03:00,2.5,2.5,0.0
86510000,2026-09-17T17:30:00-03:00,2.45,2.45,0.0
86510000,2026-09-17T17:45:00-03:00,2.41,2.41,0.0
86510000,2026-09-17T18:00:00-03:00,2.37,2.37,0.0
86510000,2026-09-17T18:15:00-03:00,2.34,2.34,0.0
86510000,2026-09-17T18:30:00-03:00,2.31,2.31,0.0
86510000,2026-09-17T18:45:00-03:00,2.28,2.28,0.0
86510000,2026-09-17T19:00:00-03:00,2.25,2.25,0.0
86510000,2026-09-17T19:15:00-03:00,2.24,2.24,0.0
86510000,2026-09-17T19:30:00-03:00,2.22,2.22,0.0
86510000,2026-09-17T19:45:00-03:00,2.21,2.21,0.0
86510000,2026-09-17T20:00:00-03:00,2.2,2.2,0.0
86510000,2026-09-17T20:15:00-03:00,2.21,2.21,0.0
86510000,2026-09-17T20:30:00-03:00,2.21,2.21,0.0
86510000,2026-09-17T20:45:00-03:00,2.22,2.22,0.0
86510000,2026-09-17T21:00:00-03:00,2.24,2.24,0.0
86510000,2026-09-17T21:15:00-03:00,2.27,2.27,0.0
86510000,2026-09-17T21:30:00-03:00,2.31,2.31,0.0
86510000,2026-09-17T21:45:00-03:00,2.36,2.36,0.0
86510000,2026-09-17T22:00:00-03:00,2.42,2.42,0.0
86510000,2026-09-17T22:15:00-03:00,2.52,2.52,0.0
86510000,2026-09-17T22:30:00-03:00,2.64,2.64,0.0
86510000,2026-09-17T22:45:00-03:00,2.79,2.79,0.0
86510000,2026-09-17T23:00:00-03:00,2.95,2.95,0.0
86510000,2026-09-17T23:15:00-03:00,3.11,3.11,0.0
86510000,2026-09-18T00:00:00-03:00,3.49,3.49,0.0
86510000,2026-09-18T00:15:00-03:00,3.58,3.58,0.0
86510000,2026-09-18T00:30:00-03:00,3.66,3.66,0.0
86510000,2026-09-18T00:45:00-03:00,3.71,3.71,0.0
86510000,2026-09-18T01:00:00-03:00,3.76,3.76,0.0
86510000,2026-09-18T01:15:00-03:00,3.79,3.79,0.0
86510000,2026-09-18T01:30:00-03:00,3.81,3.81,0.0
86510000,2026-09-18T01:45:00-03:00,3.83,3.83,0.0
86510000,2026-09-18T02:00:00-03:00,3.84,3.84,0.0
86510000,2026-09-18T02:15:00-03:00,3.84,3.84,0.0
86510000,2026-09-18T02:30:00-03:00,3.84,3.84,0.0
86510000,2026-09-18T02:45:00-03:00,3.83,3.83,0.0
86510000,2026-09-18T03:00:00-03:00,3.82,3.82,0.0
86510000,2026-09-18T03:15:00-03:00,3.81,3.81,0.0
86510000,2026-09-18T03:30:00-03:00,3.8,3.8,0.0
86510000,2026-09-18T03:45:00-03:00,3.79,3.79,0.0
86510000,2026-09-18T04:00:00-03:00,3.77,3.77,0.0
86510000,2026-09-18T04:15:00-03:00,3.75,3.75,0.0
86510000,2026-09-18T04:30:00-03:00,3.74,3.74,0.0
86510000,2026-09-18T04:45:00-03:00,3.72,3.72,0.0
86510000,2026-09-18T05:00:00-03:00,3.7,3.7,0.0
86510000,2026-09-18T05:15:00-03:00,3.68,3.68,0.0
86510000,2026-09-18T05:30:00-03:00,3.67,3.67,0.0
86510000,2026-09-18T05:45:00-03:00,3.65,3.65,0.0
86510000,2026-09-18T06:00:00-03:00,3.63,3.63,0.0
86510000,2026-09-18T06:15:00-03:00,3.61,3.61,0.0
86510000,2026-09-18T06:30:00-03:00,3.6,3.6,0.0
86510000,2026-09-18T06:45:00-03:00,3.58,3.58,0.0
86510000,2026-09-18T07:00:00-03:00,3.56,3.56,0.0
86510000,2026-09-18T07:15:00-03:00,3.55,3.55,0.0
86510000,2026-09-18T07:30:00-03:00,3.53,3.53,0.0
86510000,2026-09-18T07:45:00-03:00,3.52,3.52,0.0
86510000,2026-09-18T08:00:00-03:00,3.5,3.5,0.0
86510000,2026-09-18T08:15:00-03:00,3.49,3.49,0.0
86510000,2026-09-18T08:30:00-03:00,3.48,3.48,0.0
86510000,2026-09-18T08:45:00-03:00,3.46,3.46,0.0
86510000,2026-09-18T09:00:00-03:00,3.45,3.45,0.0
86510000,2026-09-18T09:15:00-03:00,3.44,3.44,0.0
86510000,2026-09-18T09:30:00-03:00,3.43,3.43,0.0
86510000,2026-09-18T09:45:00-03:00,3.41,3.41,0.0
86510000,2026-09-18T10:00:00-03:00,3.41,3.41,0.0
86510000,2026-09-18T10:15:00-03:00,3.39,3.39,0.0
86510000,2026-09-18T10:30:00-03:00,3.38,3.38,0.0
86510000,2026-09-18T10:45:00-03:00,3.38,3.38,0.0
86510000,2026-09-18T11:00:00-03:00,3.37,3.37,0.0
86510000,2026-09-18T11:15:00-03:00,3.35,3.35,0.0
86510000,2026-09-18T11:30:00-03:00,3.34,3.34,0.0
86510000,2026-09-18T11:45:00-03:00,3.32,3.32,0.0
86510000,2026-09-18T12:00:00-03:00,3.3,3.3,0.0
86510000,2026-09-18T12:15:00-03:00,3.27,3.27,0.0
86510000,2026-09-18T12:30:00-03:00,3.24,3.24,0.0
86510000,2026-09-18T12:45:00-03:00,3.2,3.2,0.0
86510000,2026-09-18T13:00:00-03:00,3.16,3.16,0.0
86510000,2026-09-18T13:15:00-03:00,3.11,3.11,0.0
86510000,2026-09-18T13:30:00-03:00,3.06,3.06,0.0
86510000,2026-09-18T13:45:00-03:00,3.01,3.01,0.0
86510000,2026-09-18T14:00:00-03:00,2.96,2.96,0.0
86510000,2026-09-18T14:15:00-03:00,2.9,2.9,0.0
86510000,2026-09-18T14:30:00-03:00,2.84,2.84,0.0
86510000,2026-09-18T14:45:00-03:00,2.78,2.78,0.0
86510000,2026-09-18T15:00:00-03:00,2.72,2.72,0.0
86510000,2026-09-18T15:15:00-03:00,2.66,2.66,0.0
86510000,2026-09-18T15:30:00-03:00,2.59,2.59,0.0
86510000,2026-09-18T15:45:00-03:00,2.53,2.53,0.0
86510000,2026-09-18T16:00:00-03:00,2.48,2.48,0.0
86510000,2026-09-18T16:15:00-03:00,2.43,2.43,0.0
86510000,2026-09-18T16:30:00-03:00,2.38,2.38,0.0
86510000,2026-09-18T16:45:00-03:00,2.33,2.33,0.0
86510000,2026-09-18T17:00:00-03:00,2.28,2.28,0.0
86510000,2026-09-18T17:15:00-03:00,2.24,2.24,0.0
86510000,2026-09-18T17:30:00-03:00,2.2,2.2,0.0
86510000,2026-09-18T17:45:00-03:00,2.16,2.16,0.0
86510000,2026-09-18T18:00:00-03:00,2.12,2.12,0.0
86510000,2026-09-18T18:15:00-03:00,2.08,2.08,0.0
86510000,2026-09-18T18:30:00-03:00,2.05,2.05,0.0
86510000,2026-09-18T18:45:00-03:00,2.02,2.02,0.0
86510000,2026-09-18T19:00:00-03:00,1.99,1.99,0.0
86510000,2026-09-18T19:15:00-03:00,1.97,1.97,0.0
86510000,2026-09-18T19:30:00-03:00,1.94,1.94,0.0
86510000,2026-09-18T19:45:00-03:00,1.92,1.92,0.0
86510000,2026-09-18T20:00:00-03:00,1.91,1.91,0.0
86510000,2026-09-18T20:15:00-03:00,1.89,1.89,0.0
86510000,2026-09-18T20:30:00-03:00,1.88,1.88,0.0
86510000,2026-09-18T20:45:00-03:00,1.87,1.87,0.0
86510000,2026-09-18T21:00:00-03:00,1.87,1.87,0.0
86510000,2026-09-18T21:15:00-03:00,1.88,1.88,0.0
86510000,2026-09-18T21:30:00-03:00,1.89,1.89,0.0
86510000,2026-09-18T21:45:00-03:00,1.92,1.92,0.0
86510000,2026-09-18T22:00:00-03:00,1.96,1.96,0.0
86510000,2026-09-18T22:15:00-03:00,2.03,2.03,0.0
86510000,2026-09-18T22:30:00-03:00,2.14,2.14,0.0
86510000,2026-09-18T22:45:00-03:00,2.28,2.28,0.0
86510000,2026-09-18T23:00:00-03:00,2.46,2.46,0.0
86510000,2026-09-18T23:15:00-03:00,2.66,2.66,0.0
86510000,2026-09-19T00:00:00-03:00,3.17,3.17,0.0
86510000,2026-09-19T00:15:00-03:00,3.29,3.29,0.0
86510000,2026-09-19T00:30:00-03:00,3.38,3.38,0.0
86510000,2026-09-19T00:45:00-03:00,3.45,3.45,0.0
86510000,2026-09-19T01:00:00-03:00,3.51,3.51,0.0
86510000,2026-09-19T01:15:00-03:00,3.55,3.55,0.0
86510000,2026-09-19T01:30:00-03:00,3.58,3.58,0.0
86510000,2026-09-19T01:45:00-03:00,3.6,3.6,0.0
86510000,2026-09-19T02:00:00-03:00,3.61,3.61,0.0
86510000,2026-09-19T02:15:00-03:00,3.62,3.62,0.0
86510000,2026-09-19T02:30:00-03:00,3.62,3.62,0.0
86510000,2026-09-19T02:45:00-03:00,3.62,3.62,0.0
86510000,2026-09-19T03:00:00-03:00,3.61,3.61,0.0
86510000,2026-09-19T03:15:00-03:00,3.61,3.61,0.0
86510000,2026-09-19T03:30:00-03:00,3.6,3.6,0.0
86510000,2026-09-19T03:45:00-03:00,3.59,3.59,0.0
86510000,2026-09-19T04:00:00-03:00,3.57,3.57,0.0
86510000,2026-09-19T04:15:00-03:00,3.56,3.56,0.0
86510000,2026-09-19T04:30:00-03:00,3.54,3.54,0.0
86510000,2026-09-19T04:45:00-03:00,3.53,3.53,0.0
86510000,2026-09-19T05:00:00-03:00,3.52,3.52,0.0
86510000,2026-09-19T05:15:00-03:00,3.5,3.5,0.0
86510000,2026-09-19T05:30:00-03:00,3.48,3.48,0.0
86510000,2026-09-19T05:45:00-03:00,3.47,3.47,0.0
86510000,2026-09-19T06:00:00-03:00,3.45,3.45,0.0
86510000,2026-09-19T06:15:00-03:00,3.44,3.44,0.0
86510000,2026-09-19T06:30:00-03:00,3.42,3.42,0.0
86510000,2026-09-19T06:45:00-03:00,3.41,3.41,0.0
86510000,2026-09-19T07:00:00-03:00,3.39,3.39,0.0
86510000,2026-09-19T07:15:00-03:00,3.38,3.38,0.0
86510000,2026-09-19T07:30:00-03:00,3.36,3.36,0.0
86510000,2026-09-19T07:45:00-03:00,3.35,3.35,0.0
86510000,2026-09-19T08:00:00-03:00,3.34,3.34,0.0
86510000,2026-09-19T08:15:00-03:00,3.32,3.32,0.0
86510000,2026-09-19T08:30:00-03:00,3.31,3.31,0.0
86510000,2026-09-19T08:45:00-03:00,3.3,3.3,0.0
86510000,2026-09-19T09:00:00-03:00,3.29,3.29,0.0
86510000,2026-09-19T09:15:00-03:00,3.28,3.28,0.0
86510000,2026-09-19T09:30:00-03:00,3.27,3.27,0.0
86510000,2026-09-19T09:45:00-03:00,3.26,3.26,0.0
86510000,2026-09-19T10:00:00-03:00,3.25,3.25,0.0
86510000,2026-09-19T10:15:00-03:00,3.24,3.24,0.0
86510000,2026-09-19T10:30:00-03:00,3.23,3.23,0.0
86510000,2026-09-19T10:45:00-03:00,3.23,3.23,0.0
86510000,2026-09-19T11:00:00-03:00,3.22,3.22,0.0
86510000,2026-09-19T11:15:00-03:00,3.21,3.21,0.0
86510000,2026-09-19T11:30:00-03:00,3.19,3.19,0.0
86510000,2026-09-19T11:45:00-03:00,3.18,3.18,0.0
86510000,2026-09-19T12:00:00-03:00,3.16,3.16,0.0
86510000,2026-09-19T12:15:00-03:00,3.13,3.13,0.0
86510000,2026-09-19T12:30:00-03:00,3.1,3.1,0.0
86510000,2026-09-19T12:45:00-03:00,3.06,3.06,0.0
86510000,2026-09-19T13:00:00-03:00,3.02,3.02,0.0
86510000,2026-09-19T13:15:00-03:00,2.98,2.98,0.0
86510000,2026-09-19T13:30:00-03:00,2.93,2.93,0.0
86510000,2026-09-19T13:45:00-03:00,2.88,2.88,0.0
86510000,2026-09-19T14:00:00-03:00,2.83,2.83,0.0
86510000,2026-09-19T14:15:00-03:00,2.77,2.77,0.0
86510000,2026-09-19T14:30:00-03:00,2.72,2.72,0.0
86510000,2026-09-19T14:45:00-03:00,2.66,2.66,0.0
86510000,2026-09-19T15:00:00-03:00,2.6,2.6,0.0
86510000,2026-09-19T15:15:00-03:00,2.54,2.54,0.0
86510000,2026-09-19T15:30:00-03:00,2.49,2.49,0.0
86510000,2026-09-19T15:45:00-03:00,2.43,2.43,0.0
86510000,2026-09-19T16:00:00-03:00,2.38,2.38,0.0
86510000,2026-09-19T16:15:00-03:00,2.34,2.34,0.0
86510000,2026-09-19T16:30:00-03:00,2.29,2.29,0.0
86510000,2026-09-19T16:45:00-03:00,2.25,2.25,0.0
86510000,2026-09-19T17:00:00-03:00,2.2,2.2,0.0
86510000,2026-09-19T17:15:00-03:00,2.16,2.16,0.0
86510000,2026-09-19T17:30:00-03:00,2.12,2.12,0.0
86510000,2026-09-19T17:45:00-03:00,2.09,2.09,0.0
86510000,2026-09-19T18:00:00-03:00,2.05,2.05,0.0
86510000,2026-09-19T18:15:00-03:00,2.02,2.02,0.0
86510000,2026-09-19T18:30:00-03:00,1.99,1.99,0.0
86510000,2026-09-19T18:45:00-03:00,1.96,1.96,0.0
86510000,2026-09-19T19:00:00-03:00,1.93,1.93,0.0
86510000,2026-09-19T19:15:00-03:00,1.91,1.91,0.0
86510000,2026-09-19T19:30:00-03:00,1.88,1.88,0.0
86510000,2026-09-19T19:45:00-03:00,1.86,1.86,0.0
86510000,2026-09-19T20:00:00-03:00,1.84,1.84,0.0
86510000,2026-09-19T20:15:00-03:00,1.83,1.83,0.0
86510000,2026-09-19T20:30:00-03:00,1.81,1.81,0.0
86510000,2026-09-19T20:45:00-03:00,1.8,1.8,0.0
86510000,2026-09-19T21:00:00-03:00,1.8,1.8,0.0
86510000,2026-09-19T21:15:00-03:00,1.8,1.8,0.0
86510000,2026-09-19T21:30:00-03:00,1.8,1.8,0.0
86510000,2026-09-19T21:45:00-03:00,1.81,1.81,0.0
86510000,2026-09-19T22:00:00-03:00,1.83,1.83,0.0
86510000,2026-09-19T22:15:00-03:00,1.87,1.87,0.0
86510000,2026-09-19T22:30:00-03:00,1.93,1.93,0.0
86510000,2026-09-19T22:45:00-03:00,2.03,2.03,0.0
86510000,2026-09-19T23:00:00-03:00,2.17,2.17,0.0
86510000,2026-09-19T23:15:00-03:00,2.35,2.35,0.0
86510000,2026-09-20T00:00:00-03:00,3.08,3.08,0.0
86510000,2026-09-20T00:15:00-03:00,3.23,3.23,0.0
86510000,2026-09-20T00:30:00-03:00,3.34,3.34,0.0
86510000,2026-09-20T00:45:00-03:00,3.44,3.44,0.0
86510000,2026-09-20T01:00:00-03:00,3.51,3.51,0.0
86510000,2026-09-20T01:15:00-03:00,3.56,3.56,0.0
86510000,2026-09-20T01:30:00-03:00,3.6,3.6,0.0
86510000,2026-09-20T01:45:00-03:00,3.64,3.64,0.0
86510000,2026-09-20T02:00:00-03:00,3.66,3.66,0.0
86510000,2026-09-20T02:15:00-03:00,3.68,3.68,0.0
86510000,2026-09-20T02:30:00-03:00,3.68,3.68,0.0
86510000,2026-09-20T02:45:00-03:00,3.69,3.69,0.0
86510000,2026-09-20T03:00:00-03:00,3.69,3.69,0.0
86510000,2026-09-20T03:15:00-03:00,3.7,3.7,0.0
86510000,2026-09-20T03:30:00-03:00,3.69,3.69,0.0
86510000,2026-09-20T03:45:00-03:00,3.68,3.68,0.0
86510000,2026-09-20T04:00:00-03:00,3.68,3.68,0.0
86510000,2026-09-20T04:15:00-03:00,3.67,3.67,0.0
86510000,2026-09-20T04:30:00-03:00,3.66,3.66,0.0
86510000,2026-09-20T04:45:00-03:00,3.65,3.65,0.0
86510000,2026-09-20T05:00:00-03:00,3.64,3.64,0.0
86510000,2026-09-20T05:15:00-03:00,3.64,3.64,0.0
86510000,2026-09-20T05:30:00-03:00,3.62,3.62,0.0
86510000,2026-09-20T05:45:00-03:00,3.61,3.61,0.0
86510000,2026-09-20T06:00:00-03:00,3.6,3.6,0.0
86510000,2026-09-20T06:15:00-03:00,3.59,3.59,0.0
86510000,2026-09-20T06:30:00-03:00,3.58,3.58,0.0
86510000,2026-09-20T06:45:00-03:00,3.58,3.58,0.0
86510000,2026-09-20T07:00:00-03:00,3.57,3.57,0.0
86510000,2026-09-20T07:15:00-03:00,3.56,3.56,0.0
86510000,2026-09-20T07:30:00-03:00,3.55,3.55,0.0
86510000,2026-09-20T07:45:00-03:00,3.55,3.55,0.0
86510000,2026-09-20T08:00:00-03:00,3.54,3.54,0.0
86510000,2026-09-20T08:15:00-03:00,3.53,3.53,0.0
86510000,2026-09-20T08:30:00-03:00,3.53,3.53,0.0
86510000,2026-09-20T08:45:00-03:00,3.52,3.52,0.0
86510000,2026-09-20T09:00:00-03:00,3.52,3.52,0.0
86510000,2026-09-20T09:15:00-03:00,3.51,3.51,0.0
86510000,2026-09-20T09:30:00-03:00,3.5,3.5,0.0
86510000,2026-09-20T09:45:00-03:00,3.5,3.5,0.0
86510000,2026-09-20T10:00:00-03:00,3.49,3.49,0.0
86510000,2026-09-20T10:15:00-03:00,3.48,3.48,0.0
86510000,2026-09-20T10:30:00-03:00,3.47,3.47,0.0
86510000,2026-09-20T10:45:00-03:00,3.46,3.46,0.0
86510000,2026-09-20T11:00:00-03:00,3.46,3.46,0.0
86510000,2026-09-20T11:15:00-03:00,3.45,3.45,0.0
86510000,2026-09-20T11:30:00-03:00,3.44,3.44,0.0
86510000,2026-09-20T11:45:00-03:00,3.44,3.44,0.0
86510000,2026-09-20T12:00:00-03:00,3.43,3.43,0.0
86510000,2026-09-20T12:15:00-03:00,3.41,3.41,0.0
86510000,2026-09-20T12:30:00-03:00,3.4,3.4,0.0
86510000,2026-09-20T12:45:00-03:00,3.38,3.38,0.0
86510000,2026-09-20T13:00:00-03:00,3.36,3.36,0.0
86510000,2026-09-20T13:15:00-03:00,3.34,3.34,0.0
86510000,2026-09-20T13:30:00-03:00,3.31,3.31,0.0
86510000,2026-09-20T13:45:00-03:00,3.27,3.27,0.0
86510000,2026-09-20T14:00:00-03:00,3.23,3.23,0.0
86510000,2026-09-20T14:15:00-03:00,3.18,3.18,0.0
86510000,2026-09-20T14:30:00-03:00,3.14,3.14,0.0
86510000,2026-09-20T14:45:00-03:00,3.09,3.09,0.0
86510000,2026-09-20T15:00:00-03:00,3.03,3.03,0.0
86510000,2026-09-20T15:15:00-03:00,2.97,2.97,0.0
86510000,2026-09-20T15:30:00-03:00,2.92,2.92,0.0
86510000,2026-09-20T15:45:00-03:00,2.87,2.87,0.0
86510000,2026-09-20T16:00:00-03:00,2.81,2.81,0.0
86510000,2026-09-20T16:15:00-03:00,2.76,2.76,0.0
86510000,2026-09-20T16:30:00-03:00,2.71,2.71,0.0
86510000,2026-09-20T16:45:00-03:00,2.66,2.66,0.0
86510000,2026-09-20T17:00:00-03:00,2.61,2.61,0.0
86510000,2026-09-20T17:15:00-03:00,2.58,2.58,0.0
86510000,2026-09-20T17:30:00-03:00,2.53,2.53,0.0
86510000,2026-09-20T17:45:00-03:00,2.5,2.5,0.0
86510000,2026-09-20T18:00:00-03:00,2.47,2.47,0.0
86510000,2026-09-20T18:15:00-03:00,2.44,2.44,0.0
86510000,2026-09-20T18:30:00-03:00,2.43,2.43,0.0
86510000,2026-09-20T18:45:00-03:00,2.42,2.42,0.0
86510000,2026-09-20T19:00:00-03:00,2.42,2.42,0.0
86510000,2026-09-20T19:15:00-03:00,2.43,2.43,0.0
86510000,2026-09-20T19:30:00-03:00,2.45,2.45,0.0
86510000,2026-09-20T19:45:00-03:00,2.47,2.47,0.0
86510000,2026-09-20T20:00:00-03:00,2.51,2.51,0.0
86510000,2026-09-20T20:15:00-03:00,2.55,2.55,0.0
86510000,2026-09-20T20:30:00-03:00,2.61,2.61,0.0
86510000,2026-09-20T20:45:00-03:00,2.68,2.68,0.0
86510000,2026-09-20T21:00:00-03:00,2.74,2.74,0.0
86510000,2026-09-20T21:15:00-03:00,2.82,2.82,0.0
86510000,2026-09-20T21:30:00-03:00,2.9,2.9,0.0
86510000,2026-09-20T21:45:00-03:00,3.01,3.01,0.0
86510000,2026-09-20T22:00:00-03:00,3.14,3.14,0.0
86510000,2026-09-20T22:15:00-03:00,3.26,3.26,0.0
86510000,2026-09-20T22:30:00-03:00,3.41,3.41,0.0
86510000,2026-09-20T22:45:00-03:00,3.54,3.54,0.0
86510000,2026-09-20T23:00:00-03:00,3.67,3.67,0.0
86510000,2026-09-20T23:15:00-03:00,3.79,3.79,0.0
86510000,2026-09-21T00:00:00-03:00,4.05,4.05,0.0
86510000,2026-09-21T00:15:00-03:00,4.1,4.1,0.0
86510000,2026-09-21T00:30:00-03:00,4.14,4.14,0.0
86510000,2026-09-21T00:45:00-03:00,4.17,4.17,0.0
86510000,2026-09-21T01:00:00-03:00,4.19,4.19,0.0
86510000,2026-09-21T01:15:00-03:00,4.2,4.2,0.0
86510000,2026-09-21T01:30:00-03:00,4.19,4.19,0.0
86510000,2026-09-21T01:45:00-03:00,4.19,4.19,0.0
86510000,2026-09-21T02:00:00-03:00,4.19,4.19,0.0
86510000,2026-09-21T02:15:00-03:00,4.18,4.18,0.0
86510000,2026-09-21T02:30:00-03:00,4.16,4.16,0.0
86510000,2026-09-21T02:45:00-03:00,4.15,4.15,0.0
86510000,2026-09-21T03:00:00-03:00,4.13,4.13,0.0
86510000,2026-09-21T03:15:00-03:00,4.11,4.11,0.0
86510000,2026-09-21T03:30:00-03:00,4.09,4.09,0.0
86510000,2026-09-21T03:45:00-03:00,4.08,4.08,0.0
86510000,2026-09-21T04:00:00-03:00,4.06,4.06,0.0
86510000,2026-09-21T04:15:00-03:00,4.05,4.05,0.0
86510000,2026-09-21T04:30:00-03:00,4.01,4.01,0.0
86510000,2026-09-21T04:45:00-03:00,4.01,4.01,0.0
86510000,2026-09-21T05:00:00-03:00,3.98,3.98,0.0
86510000,2026-09-21T05:15:00-03:00,3.96,3.96,0.0
86510000,2026-09-21T05:30:00-03:00,3.94,3.94,0.0
86510000,2026-09-21T05:45:00-03:00,3.93,3.93,0.0
86510000,2026-09-21T06:00:00-03:00,3.92,3.92,0.0
86510000,2026-09-21T06:15:00-03:00,3.93,3.93,0.0
86510000,2026-09-21T06:30:00-03:00,3.95,3.95,0.0
86510000,2026-09-21T06:45:00-03:00,3.93,3.93,0.0
86510000,2026-09-21T07:00:00-03:00,3.95,3.95,0.0
86510000,2026-09-21T07:15:00-03:00,3.97,3.97,0.0
86510000,2026-09-21T07:30:00-03:00,4.02,4.02,0.0
86510000,2026-09-21T07:45:00-03:00,4.08,4.08,0.0
86510000,2026-09-21T08:00:00-03:00,4.17,4.17,0.0
86510000,2026-09-21T08:15:00-03:00,4.29,4.29,0.0
86510000,2026-09-21T08:30:00-03:00,4.45,4.45,0.0
86510000,2026-09-21T08:45:00-03:00,4.66,4.66,0.0
86510000,2026-09-21T09:00:00-03:00,4.93,4.93,0.0
86510000,2026-09-21T09:15:00-03:00,5.17,5.17,0.0
86510000,2026-09-21T09:30:00-03:00,5.4,5.4,0.0
86510000,2026-09-21T09:45:00-03:00,5.61,5.61,0.0
86510000,2026-09-21T10:00:00-03:00,5.82,5.82,0.0
86510000,2026-09-21T10:15:00-03:00,6.02,6.02,0.0
86510000,2026-09-21T10:30:00-03:00,6.24,6.24,0.0
86510000,2026-09-21T10:45:00-03:00,6.33,6.33,0.0
86510000,2026-09-21T11:00:00-03:00,6.5,6.5,0.0
86510000,2026-09-21T11:15:00-03:00,6.65,6.65,0.0
86510000,2026-09-21T11:30:00-03:00,6.81,6.81,0.0
86510000,2026-09-21T11:45:00-03:00,6.95,6.95,0.0
86510000,2026-09-21T12:00:00-03:00,7.08,7.08,0.0
86510000,2026-09-21T12:15:00-03:00,7.2,7.2,0.0
86472000,2026-08-21T21:15:00-03:00,5.34,5.34,0.0
86472000,2026-08-21T21:30:00-03:00,5.34,5.34,0.0
86472000,2026-08-21T21:45:00-03:00,5.32,5.32,0.0
86472000,2026-08-21T22:00:00-03:00,5.32,5.32,0.0
86472000,2026-08-21T22:15:00-03:00,5.32,5.32,0.0
86472000,2026-08-21T22:30:00-03:00,5.31,5.31,0.0
86472000,2026-08-21T22:45:00-03:00,5.3,5.3,0.0
86472000,2026-08-21T23:00:00-03:00,5.29,5.29,0.0
86472000,2026-08-21T23:15:00-03:00,5.27,5.27,0.0
86472000,2026-08-21T23:30:00-03:00,5.27,5.27,0.0
86472000,2026-08-21T23:45:00-03:00,5.25,5.25,0.0
86472000,2026-08-22T00:00:00-03:00,5.24,5.24,0.0
86472000,2026-08-22T00:15:00-03:00,5.23,5.23,0.0
86472000,2026-08-22T00:30:00-03:00,5.22,5.22,0.0
86472000,2026-08-22T00:45:00-03:00,5.21,5.21,0.0
86472000,2026-08-22T01:00:00-03:00,5.2,5.2,0.0
86472000,2026-08-22T01:15:00-03:00,5.19,5.19,0.0
86472000,2026-08-22T01:30:00-03:00,5.19,5.19,0.0
86472000,2026-08-22T01:45:00-03:00,5.18,5.18,0.0
86472000,2026-08-22T02:00:00-03:00,5.18,5.18,0.0
86472000,2026-08-22T02:15:00-03:00,5.17,5.17,0.0
86472000,2026-08-22T02:30:00-03:00,5.17,5.17,0.0
86472000,2026-08-22T02:45:00-03:00,5.17,5.17,0.0
86472000,2026-08-22T03:00:00-03:00,5.17,5.17,0.0
86472000,2026-08-22T03:15:00-03:00,5.16,5.16,0.0
86472000,2026-08-22T03:30:00-03:00,5.16,5.16,0.0
86472000,2026-08-22T03:45:00-03:00,5.16,5.16,0.0
86472000,2026-08-22T04:00:00-03:00,5.16,5.16,0.0
86472000,2026-08-22T04:15:00-03:00,5.15,5.15,0.0
86472000,2026-08-22T04:30:00-03:00,5.15,5.15,0.0
86472000,2026-08-22T04:45:00-03:00,5.15,5.15,0.0
86472000,2026-08-22T05:00:00-03:00,5.14,5.14,0.0
86472000,2026-08-22T05:15:00-03:00,5.14,5.14,0.0
86472000,2026-08-22T05:30:00-03:00,5.14,5.14,0.0
86472000,2026-08-22T05:45:00-03:00,5.13,5.13,0.0
86472000,2026-08-22T06:00:00-03:00,5.13,5.13,0.0
86472000,2026-08-22T06:15:00-03:00,5.12,5.12,0.0
86472000,2026-08-22T06:30:00-03:00,5.12,5.12,0.0
86472000,2026-08-22T06:45:00-03:00,5.12,5.12,0.0
86472000,2026-08-22T07:00:00-03:00,5.11,5.11,0.0
86472000,2026-08-22T07:15:00-03:00,5.1,5.1,0.0
86472000,2026-08-22T07:30:00-03:00,5.1,5.1,0.0
86472000,2026-08-22T07:45:00-03:00,5.09,5.09,0.0
86472000,2026-08-22T08:00:00-03:00,4.99,4.99,0.0
86472000,2026-08-22T08:15:00-03:00,4.85,4.85,0.0
86472000,2026-08-22T08:30:00-03:00,4.68,4.68,0.0
86472000,2026-08-22T08:45:00-03:00,4.53,4.53,0.0
86472000,2026-08-22T09:00:00-03:00,4.39,4.39,0.0
86472000,2026-08-22T09:15:00-03:00,4.27,4.27,0.0
86472000,2026-08-22T09:30:00-03:00,4.17,4.17,0.0
86472000,2026-08-22T09:45:00-03:00,4.09,4.09,0.0
86472000,2026-08-22T10:00:00-03:00,4.03,4.03,0.0
86472000,2026-08-22T10:15:00-03:00,3.99,3.99,0.0
86472000,2026-08-22T10:30:00-03:00,3.95,3.95,0.0
86472000,2026-08-22T10:45:00-03:00,3.93,3.93,0.0
86472000,2026-08-22T11:00:00-03:00,3.91,3.91,0.0
86472000,2026-08-22T11:15:00-03:00,3.9,3.9,0.0
86472000,2026-08-22T11:30:00-03:00,3.89,3.89,0.0
86472000,2026-08-22T11:45:00-03:00,3.88,3.88,0.0
86472000,2026-08-22T12:00:00-03:00,3.88,3.88,0.0
86472000,2026-08-22T12:15:00-03:00,3.87,3.87,0.0
86472000,2026-08-22T12:30:00-03:00,3.87,3.87,0.0
86472000,2026-08-22T12:45:00-03:00,3.87,3.87,0.0
86472000,2026-08-22T13:00:00-03:00,3.88,3.88,0.0
86472000,2026-08-22T13:15:00-03:00,3.89,3.89,0.0
86472000,2026-08-22T13:30:00-03:00,3.91,3.91,0.0
86472000,2026-08-22T13:45:00-03:00,3.93,3.93,0.0
86472000,2026-08-22T14:00:00-03:00,3.97,3.97,0.0
86472000,2026-08-22T14:15:00-03:00,4.0,4.0,0.0
86472000,2026-08-22T14:30:00-03:00,4.04,4.04,0.0
86472000,2026-08-22T14:45:00-03:00,4.09,4.09,0.0
86472000,2026-08-22T15:00:00-03:00,4.14,4.14,0.0
86472000,2026-08-22T15:15:00-03:00,4.19,4.19,0.0
86472000,2026-08-22T15:30:00-03:00,4.24,4.24,0.0
86472000,2026-08-22T15:45:00-03:00,4.29,4.29,0.0
86472000,2026-08-22T16:00:00-03:00,4.34,4.34,0.0
86472000,2026-08-22T16:15:00-03:00,4.39,4.39,0.0
86472000,2026-08-22T16:30:00-03:00,4.43,4.43,0.0
86472000,2026-08-22T16:45:00-03:00,4.47,4.47,0.0
86472000,2026-08-22T17:00:00-03:00,4.51,4.51,0.0
86472000,2026-08-22T17:15:00-03:00,4.56,4.56,0.0
86472000,2026-08-22T17:30:00-03:00,4.71,4.71,0.0
86472000,2026-08-22T17:45:00-03:00,4.93,4.93,0.0
86472000,2026-08-22T18:00:00-03:00,5.15,5.15,0.0
86472000,2026-08-22T18:15:00-03:00,5.32,5.32,0.0
86472000,2026-08-22T18:30:00-03:00,5.45,5.45,0.0
86472000,2026-08-22T18:45:00-03:00,5.53,5.53,0.0
86472000,2026-08-22T19:00:00-03:00,5.58,5.58,0.0
86472000,2026-08-22T19:15:00-03:00,5.6,5.6,0.0
86472000,2026-08-22T19:30:00-03:00,5.61,5.61,0.0
86472000,2026-08-22T19:45:00-03:00,5.61,5.61,0.0
86472000,2026-08-22T20:00:00-03:00,5.6,5.6,0.0
86472000,2026-08-22T20:15:00-03:00,5.59,5.59,0.0
86472000,2026-08-22T20:30:00-03:00,5.59,5.59,0.0
86472000,2026-08-22T20:45:00-03:00,5.58,5.58,0.0
86472000,2026-08-22T21:00:00-03:00,5.58,5.58,0.0
86472000,2026-08-22T21:15:00-03:00,5.58,5.58,0.0
86472000,2026-08-22T21:30:00-03:00,5.58,5.58,0.0
86472000,2026-08-22T21:45:00-03:00,5.57,5.57,0.0
86472000,2026-08-22T22:00:00-03:00,5.57,5.57,0.0
86472000,2026-08-22T22:15:00-03:00,5.57,5.57,0.0
86472000,2026-08-22T22:30:00-03:00,5.56,5.56,0.0
86472000,2026-08-22T23:45:00-03:00,5.5,5.5,0.0
86472000,2026-08-23T00:00:00-03:00,5.48,5.48,0.0
86472000,2026-08-23T00:15:00-03:00,5.46,5.46,0.0
86472000,2026-08-23T00:30:00-03:00,5.44,5.44,0.0
86472000,2026-08-23T00:45:00-03:00,5.41,5.41,0.0
86472000,2026-08-23T01:00:00-03:00,5.39,5.39,0.0
86472000,2026-08-23T01:15:00-03:00,5.37,5.37,0.0
86472000,2026-08-23T01:30:00-03:00,5.34,5.34,0.0
86472000,2026-08-23T01:45:00-03:00,5.32,5.32,0.0
86472000,2026-08-23T02:00:00-03:00,5.3,5.3,0.0
86472000,2026-08-23T02:15:00-03:00,5.27,5.27,0.0
86472000,2026-08-23T02:30:00-03:00,5.26,5.26,0.0
86472000,2026-08-23T02:45:00-03:00,5.24,5.24,0.0
86472000,2026-08-23T03:00:00-03:00,5.22,5.22,0.0
86472000,2026-08-23T03:15:00-03:00,5.19,5.19,0.0
86472000,2026-08-23T03:30:00-03:00,5.18,5.18,0.0
86472000,2026-08-23T03:45:00-03:00,5.16,5.16,0.0
86472000,2026-08-23T04:00:00-03:00,5.14,5.14,0.0
86472000,2026-08-23T04:15:00-03:00,5.12,5.12,0.0
86472000,2026-08-23T04:30:00-03:00,5.11,5.11,0.0
86472000,2026-08-23T04:45:00-03:00,5.1,5.1,0.0
86472000,2026-08-23T05:00:00-03:00,5.08,5.08,0.0
86472000,2026-08-23T05:15:00-03:00,5.06,5.06,0.0
86472000,2026-08-23T05:30:00-03:00,5.05,5.05,0.0
86472000,2026-08-23T05:45:00-03:00,5.04,5.04,0.0
86472000,2026-08-23T06:00:00-03:00,5.03,5.03,0.0
86472000,2026-08-23T06:15:00-03:00,5.02,5.02,0.0
86472000,2026-08-23T06:30:00-03:00,5.01,5.01,0.0
86472000,2026-08-23T06:45:00-03:00,4.99,4.99,0.0
86472000,2026-08-23T07:00:00-03:00,4.99,4.99,0.0
86472000,2026-08-23T07:15:00-03:00,4.92,4.92,0.0
86472000,2026-08-23T07:30:00-03:00,4.81,4.81,0.0
86472000,2026-08-23T07:45:00-03:00,4.65,4.65,0.0
86472000,2026-08-23T08:00:00-03:00,4.49,4.49,0.0
86472000,2026-08-23T08:15:00-03:00,4.34,4.34,0.0
86472000,2026-08-23T08:30:00-03:00,4.2,4.2,0.0
86472000,2026-08-23T08:45:00-03:00,4.08,4.08,0.0
86472000,2026-08-23T09:00:00-03:00,3.99,3.99,0.0
86472000,2026-08-23T09:15:00-03:00,3.91,3.91,0.0
86472000,2026-08-23T09:30:00-03:00,3.85,3.85,0.0
86472000,2026-08-23T09:45:00-03:00,3.8,3.8,0.0
86472000,2026-08-23T10:00:00-03:00,3.76,3.76,0.0
86472000,2026-08-23T10:15:00-03:00,3.72,3.72,0.0
86472000,2026-08-23T10:30:00-03:00,3.7,3.7,0.0
86472000,2026-08-23T10:45:00-03:00,3.68,3.68,0.0
86472000,2026-08-23T11:00:00-03:00,3.67,3.67,0.0
86472000,2026-08-23T11:15:00-03:00,3.65,3.65,0.0
86472000,2026-08-23T11:30:00-03:00,3.64,3.64,0.0
86472000,2026-08-23T11:45:00-03:00,3.64,3.64,0.0
86472000,2026-08-23T12:00:00-03:00,3.63,3.63,0.0
86472000,2026-08-23T12:15:00-03:00,3.62,3.62,0.0
86472000,2026-08-23T12:30:00-03:00,3.62,3.62,0.0
86472000,2026-08-23T12:45:00-03:00,3.62,3.62,0.0
86472000,2026-08-23T13:00:00-03:00,3.62,3.62,0.0
86472000,2026-08-23T13:15:00-03:00,3.63,3.63,0.0
86472000,2026-08-23T13:30:00-03:00,3.64,3.64,0.0
86472000,2026-08-23T13:45:00-03:00,3.66,3.66,0.0
86472000,2026-08-23T14:00:00-03:00,3.68,3.68,0.0
86472000,2026-08-23T14:15:00-03:00,3.71,3.71,0.0
86472000,2026-08-23T14:30:00-03:00,3.75,3.75,0.0
86472000,2026-08-23T14:45:00-03:00,3.78,3.78,0.0
86472000,2026-08-23T15:00:00-03:00,3.82,3.82,0.0
86472000,2026-08-23T15:15:00-03:00,3.86,3.86,0.0
86472000,2026-08-23T15:30:00-03:00,3.91,3.91,0.0
86472000,2026-08-23T15:45:00-03:00,3.96,3.96,0.0
86472000,2026-08-23T16:00:00-03:00,4.0,4.0,0.0
86472000,2026-08-23T16:15:00-03:00,4.05,4.05,0.0
86472000,2026-08-23T16:30:00-03:00,4.1,4.1,0.0
86472000,2026-08-23T16:45:00-03:00,4.13,4.13,0.0
86472000,2026-08-23T17:00:00-03:00,4.18,4.18,0.0
86472000,2026-08-23T17:15:00-03:00,4.21,4.21,0.0
86472000,2026-08-23T17:30:00-03:00,4.25,4.25,0.0
86472000,2026-08-23T17:45:00-03:00,4.28,4.28,0.0
86472000,2026-08-23T18:00:00-03:00,4.38,4.38,0.0
86472000,2026-08-23T18:15:00-03:00,4.59,4.59,0.0
86472000,2026-08-23T18:30:00-03:00,4.82,4.82,0.0
86472000,2026-08-23T18:45:00-03:00,5.01,5.01,0.0
86472000,2026-08-23T19:00:00-03:00,5.17,5.17,0.0
86472000,2026-08-23T19:15:00-03:00,5.27,5.27,0.0
86472000,2026-08-23T19:30:00-03:00,5.34,5.34,0.0
86472000,2026-08-23T19:45:00-03:00,5.38,5.38,0.0
86472000,2026-08-23T20:00:00-03:00,5.4,5.4,0.0
86472000,2026-08-23T20:15:00-03:00,5.43,5.43,0.0
86472000,2026-08-23T20:30:00-03:00,5.43,5.43,0.0
86472000,2026-08-23T20:45:00-03:00,5.45,5.45,0.0
86472000,2026-08-23T21:00:00-03:00,5.46,5.46,0.0
86472000,2026-08-23T21:15:00-03:00,5.47,5.47,0.0
86472000,2026-08-23T21:30:00-03:00,5.47,5.47,0.0
86472000,2026-08-23T21:45:00-03:00,5.47,5.47,0.0
86472000,2026-08-23T22:00:00-03:00,5.48,5.48,0.0
86472000,2026-08-23T22:15:00-03:00,5.48,5.48,0.0
86472000,2026-08-23T22:30:00-03:00,5.47,5.47,0.0
86472000,2026-08-23T22:45:00-03:00,5.46,5.46,0.0
86472000,2026-08-23T23:00:00-03:00,5.45,5.45,0.0
86472000,2026-08-23T23:15:00-03:00,5.43,5.43,0.0
86472000,2026-08-23T23:30:00-03:00,5.41,5.41,0.0
86472000,2026-08-23T23:45:00-03:00,5.39,5.39,0.0
86472000,2026-08-24T00:00:00-03:00,5.37,5.37,0.0
86472000,2026-08-24T00:15:00-03:00,5.34,5.34,0.0
86472000,2026-08-24T00:30:00-03:00,5.32,5.32,0.0
86472000,2026-08-24T00:45:00-03:00,5.29,5.29,0.0
86472000,2026-08-24T01:00:00-03:00,5.27,5.27,0.0
86472000,2026-08-24T01:15:00-03:00,5.25,5.25,0.0
86472000,2026-08-24T01:30:00-03:00,5.22,5.22,0.0
86472000,2026-08-24T01:45:00-03:00,5.2,5.2,0.0
86472000,2026-08-24T02:00:00-03:00,5.18,5.18,0.0
86472000,2026-08-24T02:15:00-03:00,5.16,5.16,0.0
86472000,2026-08-24T02:30:00-03:00,5.13,5.13,0.0
86472000,2026-08-24T02:45:00-03:00,5.11,5.11,0.0
86472000,2026-08-24T03:00:00-03:00,5.09,5.09,0.0
86472000,2026-08-24T03:15:00-03:00,5.07,5.07,0.0
86472000,2026-08-24T03:30:00-03:00,5.05,5.05,0.0
86472000,2026-08-24T03:45:00-03:00,5.04,5.04,0.0
86472000,2026-08-24T04:00:00-03:00,5.02,5.02,0.0
86472000,2026-08-24T04:15:00-03:00,5.01,5.01,0.0
86472000,2026-08-24T04:30:00-03:00,4.99,4.99,0.0
86472000,2026-08-24T04:45:00-03:00,4.98,4.98,0.0
86472000,2026-08-24T05:00:00-03:00,4.97,4.97,0.0
86472000,2026-08-24T05:15:00-03:00,4.95,4.95,0.0
86472000,2026-08-24T05:30:00-03:00,4.94,4.94,0.0
86472000,2026-08-24T05:45:00-03:00,4.93,4.93,0.0
86472000,2026-08-24T06:00:00-03:00,4.92,4.92,0.0
86472000,2026-08-24T06:15:00-03:00,4.91,4.91,0.0
86472000,2026-08-24T06:30:00-03:00,4.9,4.9,0.0
86472000,2026-08-24T06:45:00-03:00,4.89,4.89,0.0
86472000,2026-08-24T07:00:00-03:00,4.89,4.89,0.0
86472000,2026-08-24T07:15:00-03:00,4.88,4.88,0.0
86472000,2026-08-24T07:30:00-03:00,4.87,4.87,0.0
86472000,2026-08-24T07:45:00-03:00,4.84,4.84,0.0
86472000,2026-08-24T08:00:00-03:00,4.74,4.74,0.0
86472000,2026-08-24T08:15:00-03:00,4.59,4.59,0.0
86472000,2026-08-24T08:30:00-03:00,4.44,4.44,0.0
86472000,2026-08-24T08:45:00-03:00,4.28,4.28,0.0
86472000,2026-08-24T09:00:00-03:00,4.14,4.14,0.0
86472000,2026-08-24T09:15:00-03:00,4.01,4.01,0.0
86472000,2026-08-24T09:30:00-03:00,3.9,3.9,0.0
86472000,2026-08-24T09:45:00-03:00,3.81,3.81,0.0
86472000,2026-08-24T10:00:00-03:00,3.73,3.73,0.0
86472000,2026-08-24T10:15:00-03:00,3.67,3.67,0.0
86472000,2026-08-24T10:30:00-03:00,3.62,3.62,0.0
86472000,2026-08-24T10:45:00-03:00,3.57,3.57,0.0
86472000,2026-08-24T11:00:00-03:00,3.54,3.54,0.0
86472000,2026-08-24T11:15:00-03:00,3.51,3.51,0.0
86472000,2026-08-24T11:30:00-03:00,3.48,3.48,0.0
86472000,2026-08-24T11:45:00-03:00,3.46,3.46,0.0
86472000,2026-08-24T12:00:00-03:00,3.45,3.45,0.0
86472000,2026-08-24T12:15:00-03:00,3.43,3.43,0.0
86472000,2026-08-24T12:30:00-03:00,3.42,3.42,0.0
86472000,2026-08-24T12:45:00-03:00,3.41,3.41,0.0
86472000,2026-08-24T13:00:00-03:00,3.4,3.4,0.0
86472000,2026-08-24T13:15:00-03:00,3.4,3.4,0.0
86472000,2026-08-24T13:30:00-03:00,3.39,3.39,0.0
86472000,2026-08-24T13:45:00-03:00,3.38,3.38,0.0
86472000,2026-08-24T14:00:00-03:00,3.38,3.38,0.0
86472000,2026-08-24T14:15:00-03:00,3.38,3.38,0.0
86472000,2026-08-24T14:30:00-03:00,3.38,3.38,0.0
86472000,2026-08-24T14:45:00-03:00,3.39,3.39,0.0
86472000,2026-08-24T15:00:00-03:00,3.4,3.4,0.0
86472000,2026-08-24T15:15:00-03:00,3.42,3.42,0.0
86472000,2026-08-24T15:30:00-03:00,3.44,3.44,0.0
86472000,2026-08-24T15:45:00-03:00,3.47,3.47,0.0
86472000,2026-08-24T16:00:00-03:00,3.5,3.5,0.0
86472000,2026-08-24T16:15:00-03:00,3.54,3.54,0.0
86472000,2026-08-24T16:30:00-03:00,3.59,3.59,0.0
86472000,2026-08-24T16:45:00-03:00,3.66,3.66,0.0
86472000,2026-08-24T17:00:00-03:00,3.82,3.82,0.0
86472000,2026-08-24T17:15:00-03:00,4.09,4.09,0.0
86472000,2026-08-24T17:30:00-03:00,4.38,4.38,0.0
86472000,2026-08-24T17:45:00-03:00,4.62,4.62,0.0
86472000,2026-08-24T18:00:00-03:00,4.8,4.8,0.0
86472000,2026-08-24T18:15:00-03:00,4.94,4.94,0.0
86472000,2026-08-24T18:30:00-03:00,5.03,5.03,0.0
86472000,2026-08-24T18:45:00-03:00,5.09,5.09,0.0
86472000,2026-08-24T19:00:00-03:00,5.15,5.15,0.0
86472000,2026-08-24T19:15:00-03:00,5.18,5.18,0.0
86472000,2026-08-24T19:30:00-03:00,5.2,5.2,0.0
86472000,2026-08-24T19:45:00-03:00,5.22,5.22,0.0
86472000,2026-08-24T20:00:00-03:00,5.24,5.24,0.0
86472000,2026-08-24T20:15:00-03:00,5.26,5.26,0.0
86472000,2026-08-24T20:30:00-03:00,5.27,5.27,0.0
86472000,2026-08-24T20:45:00-03:00,5.28,5.28,0.0
86472000,2026-08-24T21:00:00-03:00,5.28,5.28,0.0
86472000,2026-08-24T21:15:00-03:00,5.28,5.28,0.0
86472000,2026-08-24T21:30:00-03:00,5.28,5.28,0.0
86472000,2026-08-24T21:45:00-03:00,5.27,5.27,0.0
86472000,2026-08-24T22:00:00-03:00,5.26,5.26,0.0
86472000,2026-08-24T22:15:00-03:00,5.25,5.25,0.0
86472000,2026-08-24T22:30:00-03:00,5.23,5.23,0.0
86472000,2026-08-24T22:45:00-03:00,5.22,5.22,0.0
86472000,2026-08-24T23:00:00-03:00,5.19,5.19,0.0
86472000,2026-08-24T23:15:00-03:00,5.17,5.17,0.0
86472000,2026-08-24T23:30:00-03:00,5.15,5.15,0.0
86472000,2026-08-24T23:45:00-03:00,5.13,5.13,0.0
86472000,2026-08-25T00:00:00-03:00,5.11,5.11,0.0
86472000,2026-08-25T00:15:00-03:00,5.08,5.08,0.0
86472000,2026-08-25T00:30:00-03:00,5.07,5.07,0.0
86472000,2026-08-25T00:45:00-03:00,5.04,5.04,0.0
86472000,2026-08-25T01:00:00-03:00,5.02,5.02,0.0
86472000,2026-08-25T01:15:00-03:00,5.0,5.0,0.0
86472000,2026-08-25T01:30:00-03:00,4.98,4.98,0.0
86472000,2026-08-25T01:45:00-03:00,4.96,4.96,0.0
86472000,2026-08-25T02:00:00-03:00,4.94,4.94,0.0
86472000,2026-08-25T02:15:00-03:00,4.93,4.93,0.0
86472000,2026-08-25T02:30:00-03:00,4.92,4.92,0.0
86472000,2026-08-25T02:45:00-03:00,4.9,4.9,0.0
86472000,2026-08-25T03:00:00-03:00,4.88,4.88,0.0
86472000,2026-08-25T03:15:00-03:00,4.88,4.88,0.0
86472000,2026-08-25T03:30:00-03:00,4.87,4.87,0.0
86472000,2026-08-25T03:45:00-03:00,4.85,4.85,0.0
86472000,2026-08-25T04:00:00-03:00,4.84,4.84,0.0
86472000,2026-08-25T04:15:00-03:00,4.83,4.83,0.0
86472000,2026-08-25T04:30:00-03:00,4.82,4.82,0.0
86472000,2026-08-25T04:45:00-03:00,4.82,4.82,0.0
86472000,2026-08-25T05:00:00-03:00,4.81,4.81,0.0
86472000,2026-08-25T05:15:00-03:00,4.81,4.81,0.0
86472000,2026-08-25T05:30:00-03:00,4.8,4.8,0.0
86472000,2026-08-25T05:45:00-03:00,4.8,4.8,0.0
86472000,2026-08-25T06:00:00-03:00,4.8,4.8,0.0
86472000,2026-08-25T06:15:00-03:00,4.8,4.8,0.0
86472000,2026-08-25T06:30:00-03:00,4.8,4.8,0.0
86472000,2026-08-25T06:45:00-03:00,4.8,4.8,0.0
86472000,2026-08-25T07:00:00-03:00,4.79,4.79,0.0
86472000,2026-08-25T07:15:00-03:00,4.79,4.79,0.0
86472000,2026-08-25T07:30:00-03:00,4.77,4.77,0.0
86472000,2026-08-25T07:45:00-03:00,4.77,4.77,0.0
86472000,2026-08-25T08:00:00-03:00,4.76,4.76,0.0
86472000,2026-08-25T08:15:00-03:00,4.76,4.76,0.0
86472000,2026-08-25T08:30:00-03:00,4.76,4.76,0.0
86472000,2026-08-25T08:45:00-03:00,4.75,4.75,0.0
86472000,2026-08-25T09:00:00-03:00,4.7,4.7,0.0
86472000,2026-08-25T09:15:00-03:00,4.61,4.61,0.0
86472000,2026-08-25T09:30:00-03:00,4.46,4.46,0.0
86472000,2026-08-25T09:45:00-03:00,4.31,4.31,0.0
86472000,2026-08-25T10:00:00-03:00,4.16,4.16,0.0
86472000,2026-08-25T10:15:00-03:00,4.03,4.03,0.0
86472000,2026-08-25T10:30:00-03:00,3.91,3.91,0.0
86472000,2026-08-25T10:45:00-03:00,3.8,3.8,0.0
86472000,2026-08-25T11:00:00-03:00,3.71,3.71,0.0
86472000,2026-08-25T11:15:00-03:00,3.64,3.64,0.0
86472000,2026-08-25T11:30:00-03:00,3.57,3.57,0.0
86472000,2026-08-25T11:45:00-03:00,3.51,3.51,0.0
86472000,2026-08-25T12:00:00-03:00,3.47,3.47,0.0
86472000,2026-08-25T12:15:00-03:00,3.43,3.43,0.0
86472000,2026-08-25T12:30:00-03:00,3.4,3.4,0.0
86472000,2026-08-25T12:45:00-03:00,3.37,3.37,0.0
86472000,2026-08-25T13:00:00-03:00,3.34,3.34,0.0
86472000,2026-08-25T13:15:00-03:00,3.33,3.33,0.0
86472000,2026-08-25T13:30:00-03:00,3.31,3.31,0.0
86472000,2026-08-25T13:45:00-03:00,3.3,3.3,0.0
86472000,2026-08-25T14:00:00-03:00,3.29,3.29,0.0
86472000,2026-08-25T14:15:00-03:00,3.28,3.28,0.0
86472000,2026-08-25T14:30:00-03:00,3.27,3.27,0.0
86472000,2026-08-25T14:45:00-03:00,3.26,3.26,0.0
86472000,2026-08-25T15:00:00-03:00,3.25,3.25,0.0
86472000,2026-08-25T15:15:00-03:00,3.25,3.25,0.0
86472000,2026-08-25T15:30:00-03:00,3.24,3.24,0.0
86472000,2026-08-25T15:45:00-03:00,3.24,3.24,0.0
86472000,2026-08-25T16:00:00-03:00,3.29,3.29,0.0
86472000,2026-08-25T16:15:00-03:00,3.4,3.4,0.0
86472000,2026-08-25T16:30:00-03:00,3.57,3.57,0.0
86472000,2026-08-25T16:45:00-03:00,3.8,3.8,0.0
86472000,2026-08-25T17:00:00-03:00,4.02,4.02,0.0
86472000,2026-08-25T17:15:00-03:00,4.22,4.22,0.0
86472000,2026-08-25T17:30:00-03:00,4.39,4.39,0.0
86472000,2026-08-25T17:45:00-03:00,4.52,4.52,0.0
86472000,2026-08-25T18:00:00-03:00,4.62,4.62,0.0
86472000,2026-08-25T18:15:00-03:00,4.7,4.7,0.0
86472000,2026-08-25T18:30:00-03:00,4.76,4.76,0.0
86472000,2026-08-25T18:45:00-03:00,4.81,4.81,0.0
86472000,2026-08-25T19:00:00-03:00,4.86,4.86,0.0
86472000,2026-08-25T19:15:00-03:00,4.9,4.9,0.0
86472000,2026-08-25T19:30:00-03:00,4.94,4.94,0.0
86472000,2026-08-25T19:45:00-03:00,4.97,4.97,0.0
86472000,2026-08-25T20:00:00-03:00,5.0,5.0,0.0
86472000,2026-08-25T20:15:00-03:00,5.02,5.02,0.0
86472000,2026-08-25T20:30:00-03:00,5.03,5.03,0.0
86472000,2026-08-25T20:45:00-03:00,5.05,5.05,0.0
86472000,2026-08-25T21:00:00-03:00,5.05,5.05,0.0
86472000,2026-08-25T21:15:00-03:00,5.06,5.06,0.0
86472000,2026-08-25T21:30:00-03:00,5.06,5.06,0.0
86472000,2026-08-25T21:45:00-03:00,5.05,5.05,0.0
86472000,2026-08-25T22:00:00-03:00,5.04,5.04,0.0
86472000,2026-08-25T22:15:00-03:00,5.03,5.03,0.0
86472000,2026-08-25T22:30:00-03:00,5.02,5.02,0.0
86472000,2026-08-25T22:45:00-03:00,5.01,5.01,0.0
86472000,2026-08-25T23:00:00-03:00,4.99,4.99,0.0
86472000,2026-08-25T23:15:00-03:00,4.98,4.98,0.0
86472000,2026-08-25T23:30:00-03:00,4.95,4.95,0.0
86472000,2026-08-25T23:45:00-03:00,4.94,4.94,0.0
86472000,2026-08-26T00:00:00-03:00,4.93,4.93,0.0
86472000,2026-08-26T00:15:00-03:00,4.91,4.91,0.0
86472000,2026-08-26T00:30:00-03:00,4.89,4.89,0.0
86472000,2026-08-26T00:45:00-03:00,4.88,4.88,0.0
86472000,2026-08-26T01:00:00-03:00,4.86,4.86,0.0
86472000,2026-08-26T01:15:00-03:00,4.85,4.85,0.0
86472000,2026-08-26T01:30:00-03:00,4.84,4.84,0.0
86472000,2026-08-26T01:45:00-03:00,4.82,4.82,0.0
86472000,2026-08-26T02:00:00-03:00,4.81,4.81,0.0
86472000,2026-08-26T02:15:00-03:00,4.8,4.8,0.0
86472000,2026-08-26T02:30:00-03:00,4.79,4.79,0.0
86472000,2026-08-26T02:45:00-03:00,4.78,4.78,0.0
86472000,2026-08-26T03:00:00-03:00,4.77,4.77,0.0
86472000,2026-08-26T03:15:00-03:00,4.76,4.76,0.0
86472000,2026-08-26T03:30:00-03:00,4.75,4.75,0.0
86472000,2026-08-26T03:45:00-03:00,4.74,4.74,0.0
86472000,2026-08-26T04:00:00-03:00,4.74,4.74,0.0
86472000,2026-08-26T04:15:00-03:00,4.72,4.72,0.0
86472000,2026-08-26T04:30:00-03:00,4.72,4.72,0.0
86472000,2026-08-26T04:45:00-03:00,4.71,4.71,0.0
86472000,2026-08-26T05:00:00-03:00,4.7,4.7,0.0
86472000,2026-08-26T05:15:00-03:00,4.69,4.69,0.0
86472000,2026-08-26T05:30:00-03:00,4.69,4.69,0.0
86472000,2026-08-26T05:45:00-03:00,4.68,4.68,0.0
86472000,2026-08-26T06:00:00-03:00,4.68,4.68,0.0
86472000,2026-08-26T06:15:00-03:00,4.67,4.67,0.0
86472000,2026-08-26T06:30:00-03:00,4.67,4.67,0.0
86472000,2026-08-26T06:45:00-03:00,4.66,4.66,0.0
86472000,2026-08-26T07:00:00-03:00,4.66,4.66,0.0
86472000,2026-08-26T07:15:00-03:00,4.66,4.66,0.0
86472000,2026-08-26T07:30:00-03:00,4.65,4.65,0.0
86472000,2026-08-26T07:45:00-03:00,4.65,4.65,0.0
86472000,2026-08-26T08:00:00-03:00,4.57,4.57,0.0
86472000,2026-08-26T08:15:00-03:00,4.45,4.45,0.0
86472000,2026-08-26T08:30:00-03:00,4.3,4.3,0.0
86472000,2026-08-26T08:45:00-03:00,4.15,4.15,0.0
86472000,2026-08-26T09:00:00-03:00,4.0,4.0,0.0
86472000,2026-08-26T09:15:00-03:00,3.87,3.87,0.0
86472000,2026-08-26T09:30:00-03:00,3.75,3.75,0.0
86472000,2026-08-26T09:45:00-03:00,3.64,3.64,0.0
86472000,2026-08-26T10:00:00-03:00,3.55,3.55,0.0
86472000,2026-08-26T10:15:00-03:00,3.48,3.48,0.0
86472000,2026-08-26T10:30:00-03:00,3.41,3.41,0.0
86472000,2026-08-26T10:45:00-03:00,3.35,3.35,0.0
86472000,2026-08-26T11:00:00-03:00,3.3,3.3,0.0
86472000,2026-08-26T11:15:00-03:00,3.26,3.26,0.0
86472000,2026-08-26T11:30:00-03:00,3.22,3.22,0.0
86472000,2026-08-26T11:45:00-03:00,3.19,3.19,0.0
86472000,2026-08-26T12:00:00-03:00,3.17,3.17,0.0
86472000,2026-08-26T12:15:00-03:00,3.14,3.14,0.0
86472000,2026-08-26T12:30:00-03:00,3.12,3.12,0.0
86472000,2026-08-26T12:45:00-03:00,3.11,3.11,0.0
86472000,2026-08-26T13:00:00-03:00,3.09,3.09,0.0
86472000,2026-08-26T13:15:00-03:00,3.08,3.08,0.0
86472000,2026-08-26T13:30:00-03:00,3.07,3.07,0.0
86472000,2026-08-26T13:45:00-03:00,3.06,3.06,0.0
86472000,2026-08-26T14:00:00-03:00,3.05,3.05,0.0
86472000,2026-08-26T14:15:00-03:00,3.05,3.05,0.0
86472000,2026-08-26T14:30:00-03:00,3.04,3.04,0.0
86472000,2026-08-26T14:45:00-03:00,3.04,3.04,0.0
86472000,2026-08-26T15:00:00-03:00,3.07,3.07,0.0
86472000,2026-08-26T15:15:00-03:00,3.16,3.16,0.0
86472000,2026-08-26T15:30:00-03:00,3.32,3.32,0.0
86472000,2026-08-26T15:45:00-03:00,3.55,3.55,0.0
86472000,2026-08-26T16:00:00-03:00,3.78,3.78,0.0
86472000,2026-08-26T16:15:00-03:00,3.98,3.98,0.0
86472000,2026-08-26T16:30:00-03:00,4.16,4.16,0.0
86472000,2026-08-26T16:45:00-03:00,4.3,4.3,0.0
86472000,2026-08-26T17:00:00-03:00,4.39,4.39,0.0
86472000,2026-08-26T17:15:00-03:00,4.47,4.47,0.0
86472000,2026-08-26T17:30:00-03:00,4.53,4.53,0.0
86472000,2026-08-26T17:45:00-03:00,4.57,4.57,0.0
86472000,2026-08-26T18:00:00-03:00,4.59,4.59,0.0
86472000,2026-08-26T18:15:00-03:00,4.61,4.61,0.0
86472000,2026-08-26T18:30:00-03:00,4.63,4.63,0.0
86472000,2026-08-26T18:45:00-03:00,4.64,4.64,0.0
86472000,2026-08-26T19:00:00-03:00,4.65,4.65,0.0
86472000,2026-08-26T19:15:00-03:00,4.65,4.65,0.0
86472000,2026-08-26T19:30:00-03:00,4.67,4.67,0.0
86472000,2026-08-26T19:45:00-03:00,4.68,4.68,0.0
86472000,2026-08-26T20:00:00-03:00,4.68,4.68,0.0
86472000,2026-08-26T20:15:00-03:00,4.7,4.7,0.0
86472000,2026-08-26T20:30:00-03:00,4.71,4.71,0.0
86472000,2026-08-26T20:45:00-03:00,4.71,4.71,0.0
86472000,2026-08-26T21:00:00-03:00,4.72,4.72,0.0
86472000,2026-08-26T21:15:00-03:00,4.73,4.73,0.0
86472000,2026-08-26T21:30:00-03:00,4.73,4.73,0.0
86472000,2026-08-26T21:45:00-03:00,4.75,4.75,0.0
86472000,2026-08-26T22:00:00-03:00,4.75,4.75,0.0
86472000,2026-08-26T22:15:00-03:00,4.76,4.76,0.0
86472000,2026-08-26T22:30:00-03:00,4.75,4.75,0.0
86472000,2026-08-26T23:45:00-03:00,4.74,4.74,0.0
86472000,2026-08-27T00:00:00-03:00,4.73,4.73,0.0
86472000,2026-08-27T00:15:00-03:00,4.73,4.73,0.0
86472000,2026-08-27T00:30:00-03:00,4.73,4.73,0.0
86472000,2026-08-27T00:45:00-03:00,4.73,4.73,0.0
86472000,2026-08-27T01:00:00-03:00,4.72,4.72,0.0
86472000,2026-08-27T01:15:00-03:00,4.72,4.72,0.0
86472000,2026-08-27T01:30:00-03:00,4.72,4.72,0.0
86472000,2026-08-27T01:45:00-03:00,4.71,4.71,0.0
86472000,2026-08-27T02:00:00-03:00,4.71,4.71,0.0
86472000,2026-08-27T02:15:00-03:00,4.71,4.71,0.0
86472000,2026-08-27T02:30:00-03:00,4.71,4.71,0.0
86472000,2026-08-27T02:45:00-03:00,4.71,4.71,0.0
86472000,2026-08-27T03:00:00-03:00,4.71,4.71,0.0
86472000,2026-08-27T03:15:00-03:00,4.71,4.71,0.0
86472000,2026-08-27T03:30:00-03:00,4.71,4.71,0.0
86472000,2026-08-27T03:45:00-03:00,4.7,4.7,0.0
86472000,2026-08-27T04:00:00-03:00,4.7,4.7,0.0
86472000,2026-08-27T04:15:00-03:00,4.71,4.71,0.0
86472000,2026-08-27T04:30:00-03:00,4.7,4.7,0.0
86472000,2026-08-27T04:45:00-03:00,4.7,4.7,0.0
86472000,2026-08-27T05:00:00-03:00,4.7,4.7,0.0
86472000,2026-08-27T05:15:00-03:00,4.69,4.69,0.0
86472000,2026-08-27T05:30:00-03:00,4.69,4.69,0.0
86472000,2026-08-27T05:45:00-03:00,4.69,4.69,0.0
86472000,2026-08-27T06:00:00-03:00,4.69,4.69,0.0
86472000,2026-08-27T06:15:00-03:00,4.69,4.69,0.0
86472000,2026-08-27T06:30:00-03:00,4.69,4.69,0.0
86472000,2026-08-27T06:45:00-03:00,4.69,4.69,0.0
86472000,2026-08-27T07:00:00-03:00,4.68,4.68,0.0
86472000,2026-08-27T07:15:00-03:00,4.68,4.68,0.0
86472000,2026-08-27T07:30:00-03:00,4.68,4.68,0.0
86472000,2026-08-27T07:45:00-03:00,4.68,4.68,0.0
86472000,2026-08-27T08:00:00-03:00,4.68,4.68,0.0
86472000,2026-08-27T08:15:00-03:00,4.68,4.68,0.0
86472000,2026-08-27T08:30:00-03:00,4.68,4.68,0.0
86472000,2026-08-27T08:45:00-03:00,4.68,4.68,0.0
86472000,2026-08-27T09:00:00-03:00,4.68,4.68,0.0
86472000,2026-08-27T09:15:00-03:00,4.68,4.68,0.0
86472000,2026-08-27T09:30:00-03:00,4.67,4.67,0.0
86472000,2026-08-27T09:45:00-03:00,4.67,4.67,0.0
86472000,2026-08-27T10:00:00-03:00,4.66,4.66,0.0
86472000,2026-08-27T10:15:00-03:00,4.64,4.64,0.0
86472000,2026-08-27T10:30:00-03:00,4.56,4.56,0.0
86472000,2026-08-27T10:45:00-03:00,4.42,4.42,0.0
86472000,2026-08-27T11:00:00-03:00,4.28,4.28,0.0
86472000,2026-08-27T11:15:00-03:00,4.13,4.13,0.0
86472000,2026-08-27T11:30:00-03:00,3.99,3.99,0.0
86472000,2026-08-27T11:45:00-03:00,3.86,3.86,0.0
86472000,2026-08-27T12:00:00-03:00,3.75,3.75,0.0
86472000,2026-08-27T12:15:00-03:00,3.65,3.65,0.0
86472000,2026-08-27T12:30:00-03:00,3.56,3.56,0.0
86472000,2026-08-27T12:45:00-03:00,3.48,3.48,0.0
86472000,2026-08-27T13:00:00-03:00,3.41,3.41,0.0
86472000,2026-08-27T13:15:00-03:00,3.35,3.35,0.0
86472000,2026-08-27T13:30:00-03:00,3.3,3.3,0.0
86472000,2026-08-27T13:45:00-03:00,3.25,3.25,0.0
86472000,2026-08-27T14:00:00-03:00,3.21,3.21,0.0
86472000,2026-08-27T14:15:00-03:00,3.17,3.17,0.0
86472000,2026-08-27T14:30:00-03:00,3.14,3.14,0.0
86472000,2026-08-27T14:45:00-03:00,3.1,3.1,0.0
86472000,2026-08-27T15:00:00-03:00,3.08,3.08,0.0
86472000,2026-08-27T15:15:00-03:00,3.06,3.06,0.0
86472000,2026-08-27T15:30:00-03:00,3.08,3.08,0.0
86472000,2026-08-27T15:45:00-03:00,3.16,3.16,0.0
86472000,2026-08-27T16:00:00-03:00,3.29,3.29,0.0
86472000,2026-08-27T16:15:00-03:00,3.47,3.47,0.0
86472000,2026-08-27T16:30:00-03:00,3.65,3.65,0.0
86472000,2026-08-27T16:45:00-03:00,3.82,3.82,0.0
86472000,2026-08-27T17:00:00-03:00,3.97,3.97,0.0
86472000,2026-08-27T17:15:00-03:00,4.09,4.09,0.0
86472000,2026-08-27T17:30:00-03:00,4.18,4.18,0.0
86472000,2026-08-27T17:45:00-03:00,4.26,4.26,0.0
86472000,2026-08-27T18:00:00-03:00,4.32,4.32,0.0
86472000,2026-08-27T18:15:00-03:00,4.36,4.36,0.0
86472000,2026-08-27T18:30:00-03:00,4.39,4.39,0.0
86472000,2026-08-27T18:45:00-03:00,4.41,4.41,0.0
86472000,2026-08-27T19:00:00-03:00,4.42,4.42,0.0
86472000,2026-08-27T19:15:00-03:00,4.43,4.43,0.0
86472000,2026-08-27T19:30:00-03:00,4.44,4.44,0.0
86472000,2026-08-27T19:45:00-03:00,4.44,4.44,0.0
86472000,2026-08-27T20:00:00-03:00,4.45,4.45,0.0
86472000,2026-08-27T20:15:00-03:00,4.45,4.45,0.0
86472000,2026-08-27T20:30:00-03:00,4.45,4.45,0.0
86472000,2026-08-27T20:45:00-03:00,4.45,4.45,0.0
86472000,2026-08-27T21:00:00-03:00,4.45,4.45,0.0
86472000,2026-08-27T21:15:00-03:00,4.45,4.45,0.0
86472000,2026-08-27T21:30:00-03:00,4.46,4.46,0.0
86472000,2026-08-27T21:45:00-03:00,4.46,4.46,0.0
86472000,2026-08-27T22:00:00-03:00,4.46,4.46,0.0
86472000,2026-08-27T22:15:00-03:00,4.47,4.47,0.0
86472000,2026-08-27T22:30:00-03:00,4.46,4.46,0.0
86472000,2026-08-27T22:45:00-03:00,4.46,4.46,0.0
86472000,2026-08-27T23:00:00-03:00,4.46,4.46,0.0
86472000,2026-08-27T23:15:00-03:00,4.46,4.46,0.0
86472000,2026-08-27T23:30:00-03:00,4.46,4.46,0.0
86472000,2026-08-27T23:45:00-03:00,4.46,4.46,0.0
86472000,2026-08-28T00:00:00-03:00,4.46,4.46,0.0
86472000,2026-08-28T00:15:00-03:00,4.46,4.46,0.0
86472000,2026-08-28T00:30:00-03:00,4.45,4.45,0.0
86472000,2026-08-28T00:45:00-03:00,4.45,4.45,0.0
86472000,2026-08-28T01:00:00-03:00,4.46,4.46,0.0
86472000,2026-08-28T01:15:00-03:00,4.46,4.46,0.0
86472000,2026-08-28T01:30:00-03:00,4.49,4.49,0.0
86472000,2026-08-28T01:45:00-03:00,4.51,4.51,0.0
86472000,2026-08-28T02:00:00-03:00,4.54,4.54,0.0
86472000,2026-08-28T02:15:00-03:00,4.56,4.56,0.0
86472000,2026-08-28T02:30:00-03:00,4.58,4.58,0.0
86472000,2026-08-28T02:45:00-03:00,4.6,4.6,0.0
86472000,2026-08-28T03:00:00-03:00,4.61,4.61,0.0
86472000,2026-08-28T03:15:00-03:00,4.62,4.62,0.0
86472000,2026-08-28T03:30:00-03:00,4.62,4.62,0.0
86472000,2026-08-28T03:45:00-03:00,4.63,4.63,0.0
86472000,2026-08-28T04:00:00-03:00,4.63,4.63,0.0
86472000,2026-08-28T04:15:00-03:00,4.63,4.63,0.0
86472000,2026-08-28T04:30:00-03:00,4.64,4.64,0.0
86472000,2026-08-28T04:45:00-03:00,4.64,4.64,0.0
86472000,2026-08-28T05:00:00-03:00,4.64,4.64,0.0
86472000,2026-08-28T05:15:00-03:00,4.64,4.64,0.0
86472000,2026-08-28T05:30:00-03:00,4.64,4.64,0.0
86472000,2026-08-28T05:45:00-03:00,4.64,4.64,0.0
86472000,2026-08-28T06:00:00-03:00,4.64,4.64,0.0
86472000,2026-08-28T06:15:00-03:00,4.65,4.65,0.0
86472000,2026-08-28T06:30:00-03:00,4.65,4.65,0.0
86472000,2026-08-28T06:45:00-03:00,4.65,4.65,0.0
86472000,2026-08-28T07:00:00-03:00,4.65,4.65,0.0
86472000,2026-08-28T07:15:00-03:00,4.65,4.65,0.0
86472000,2026-08-28T07:30:00-03:00,4.65,4.65,0.0
86472000,2026-08-28T07:45:00-03:00,4.65,4.65,0.0
86472000,2026-08-28T08:00:00-03:00,4.65,4.65,0.0
86472000,2026-08-28T08:15:00-03:00,4.65,4.65,0.0
86472000,2026-08-28T08:30:00-03:00,4.65,4.65,0.0
86472000,2026-08-28T08:45:00-03:00,4.59,4.59,0.0
86472000,2026-08-28T09:00:00-03:00,4.48,4.48,0.0
86472000,2026-08-28T09:15:00-03:00,4.33,4.33,0.0
86472000,2026-08-28T09:30:00-03:00,4.18,4.18,0.0
86472000,2026-08-28T09:45:00-03:00,4.03,4.03,0.0
86472000,2026-08-28T10:00:00-03:00,3.89,3.89,0.0
86472000,2026-08-28T10:15:00-03:00,3.77,3.77,0.0
86472000,2026-08-28T10:30:00-03:00,3.66,3.66,0.0
86472000,2026-08-28T10:45:00-03:00,3.56,3.56,0.0
86472000,2026-08-28T11:00:00-03:00,3.47,3.47,0.0
86472000,2026-08-28T11:15:00-03:00,3.4,3.4,0.0
86472000,2026-08-28T11:30:00-03:00,3.34,3.34,0.0
86472000,2026-08-28T11:45:00-03:00,3.29,3.29,0.0
86472000,2026-08-28T12:00:00-03:00,3.24,3.24,0.0
86472000,2026-08-28T12:15:00-03:00,3.2,3.2,0.0
86472000,2026-08-28T12:30:00-03:00,3.16,3.16,0.0
86472000,2026-08-28T12:45:00-03:00,3.13,3.13,0.0
86472000,2026-08-28T13:00:00-03:00,3.1,3.1,0.0
86472000,2026-08-28T13:15:00-03:00,3.07,3.07,0.0
86472000,2026-08-28T13:30:00-03:00,3.05,3.05,0.0
86472000,2026-08-28T13:45:00-03:00,3.03,3.03,0.0
86472000,2026-08-28T14:00:00-03:00,3.01,3.01,0.0
86472000,2026-08-28T14:15:00-03:00,3.0,3.0,0.0
86472000,2026-08-28T14:30:00-03:00,2.98,2.98,0.0
86472000,2026-08-28T14:45:00-03:00,2.97,2.97,0.0
86472000,2026-08-28T15:00:00-03:00,2.96,2.96,0.0
86472000,2026-08-28T15:15:00-03:00,2.95,2.95,0.0
86472000,2026-08-28T15:30:00-03:00,2.94,2.94,0.0
86472000,2026-08-28T15:45:00-03:00,2.93,2.93,0.0
86472000,2026-08-28T16:00:00-03:00,2.93,2.93,0.0
86472000,2026-08-28T16:15:00-03:00,2.93,2.93,0.0
86472000,2026-08-28T16:30:00-03:00,2.97,2.97,0.0
86472000,2026-08-28T16:45:00-03:00,3.07,3.07,0.0
86472000,2026-08-28T17:00:00-03:00,3.25,3.25,0.0
86472000,2026-08-28T17:15:00-03:00,3.49,3.49,0.0
86472000,2026-08-28T17:30:00-03:00,3.72,3.72,0.0
86472000,2026-08-28T17:45:00-03:00,3.94,3.94,0.0
86472000,2026-08-28T18:00:00-03:00,4.13,4.13,0.0
86472000,2026-08-28T18:15:00-03:00,4.27,4.27,0.0
86472000,2026-08-28T18:30:00-03:00,4.39,4.39,0.0
86472000,2026-08-28T18:45:00-03:00,4.47,4.47,0.0
86472000,2026-08-28T19:00:00-03:00,4.53,4.53,0.0
86472000,2026-08-28T19:15:00-03:00,4.58,4.58,0.0
86472000,2026-08-28T19:30:00-03:00,4.61,4.61,0.0
86472000,2026-08-28T19:45:00-03:00,4.63,4.63,0.0
86472000,2026-08-28T20:00:00-03:00,4.64,4.64,0.0
86472000,2026-08-28T20:15:00-03:00,4.65,4.65,0.0
86472000,2026-08-28T20:30:00-03:00,4.65,4.65,0.0
86472000,2026-08-28T20:45:00-03:00,4.66,4.66,0.0
86472000,2026-08-28T21:00:00-03:00,4.66,4.66,0.0
86472000,2026-08-28T21:15:00-03:00,4.66,4.66,0.0
86472000,2026-08-28T21:30:00-03:00,4.66,4.66,0.0
86472000,2026-08-28T21:45:00-03:00,4.66,4.66,0.0
86472000,2026-08-28T22:00:00-03:00,4.66,4.66,0.0
86472000,2026-08-28T22:15:00-03:00,4.66,4.66,0.0
86472000,2026-08-28T22:30:00-03:00,4.66,4.66,0.0
86472000,2026-08-28T23:45:00-03:00,4.67,4.67,0.0
86472000,2026-08-29T00:00:00-03:00,4.67,4.67,0.0
86472000,2026-08-29T00:15:00-03:00,4.67,4.67,0.0
86472000,2026-08-29T00:30:00-03:00,4.67,4.67,0.0
86472000,2026-08-29T00:45:00-03:00,4.67,4.67,0.0
86472000,2026-08-29T01:00:00-03:00,4.67,4.67,0.0
86472000,2026-08-29T01:15:00-03:00,4.67,4.67,0.0
86472000,2026-08-29T01:30:00-03:00,4.67,4.67,0.0
86472000,2026-08-29T01:45:00-03:00,4.67,4.67,0.0
86472000,2026-08-29T02:00:00-03:00,4.67,4.67,0.0
86472000,2026-08-29T02:15:00-03:00,4.67,4.67,0.0
86472000,2026-08-29T02:30:00-03:00,4.66,4.66,0.0
86472000,2026-08-29T02:45:00-03:00,4.67,4.67,0.0
86472000,2026-08-29T03:00:00-03:00,4.67,4.67,0.0
86472000,2026-08-29T03:15:00-03:00,4.66,4.66,0.0
86472000,2026-08-29T03:30:00-03:00,4.66,4.66,0.0
86472000,2026-08-29T03:45:00-03:00,4.66,4.66,0.0
86472000,2026-08-29T04:00:00-03:00,4.66,4.66,0.0
86472000,2026-08-29T04:15:00-03:00,4.66,4.66,0.0
86472000,2026-08-29T04:30:00-03:00,4.67,4.67,0.0
86472000,2026-08-29T04:45:00-03:00,4.67,4.67,0.0
86472000,2026-08-29T05:00:00-03:00,4.67,4.67,0.0
86472000,2026-08-29T05:15:00-03:00,4.67,4.67,0.0
86472000,2026-08-29T05:30:00-03:00,4.67,4.67,0.0
86472000,2026-08-29T05:45:00-03:00,4.67,4.67,0.0
86472000,2026-08-29T06:00:00-03:00,4.67,4.67,0.0
86472000,2026-08-29T06:15:00-03:00,4.67,4.67,0.0
86472000,2026-08-29T06:30:00-03:00,4.67,4.67,0.0
86472000,2026-08-29T06:45:00-03:00,4.67,4.67,0.0
86472000,2026-08-29T07:00:00-03:00,4.67,4.67,0.0
86472000,2026-08-29T07:15:00-03:00,4.67,4.67,0.0
86472000,2026-08-29T07:30:00-03:00,4.68,4.68,0.0
86472000,2026-08-29T07:45:00-03:00,4.68,4.68,0.0
86472000,2026-08-29T08:00:00-03:00,4.68,4.68,0.0
86472000,2026-08-29T08:15:00-03:00,4.69,4.69,0.0
86472000,2026-08-29T08:30:00-03:00,4.68,4.68,0.0
86472000,2026-08-29T08:45:00-03:00,4.68,4.68,0.0
86472000,2026-08-29T09:00:00-03:00,4.68,4.68,0.0
86472000,2026-08-29T09:15:00-03:00,4.68,4.68,0.0
86472000,2026-08-29T09:30:00-03:00,4.69,4.69,0.0
86472000,2026-08-29T09:45:00-03:00,4.7,4.7,0.0
86472000,2026-08-29T10:00:00-03:00,4.65,4.65,0.0
86472000,2026-08-29T10:15:00-03:00,4.56,4.56,0.0
86472000,2026-08-29T10:30:00-03:00,4.41,4.41,0.0
86472000,2026-08-29T10:45:00-03:00,4.26,4.26,0.0
86472000,2026-08-29T11:00:00-03:00,4.11,4.11,0.0
86472000,2026-08-29T11:15:00-03:00,3.97,3.97,0.0
86472000,2026-08-29T11:30:00-03:00,3.85,3.85,0.0
86472000,2026-08-29T11:45:00-03:00,3.75,3.75,0.0
86472000,2026-08-29T12:00:00-03:00,3.66,3.66,0.0
86472000,2026-08-29T12:15:00-03:00,3.58,3.58,0.0
86472000,2026-08-29T12:30:00-03:00,3.51,3.51,0.0
86472000,2026-08-29T12:45:00-03:00,3.45,3.45,0.0
86472000,2026-08-29T13:00:00-03:00,3.41,3.41,0.0
86472000,2026-08-29T13:15:00-03:00,3.36,3.36,0.0
86472000,2026-08-29T13:30:00-03:00,3.33,3.33,0.0
86472000,2026-08-29T13:45:00-03:00,3.3,3.3,0.0
86472000,2026-08-29T14:00:00-03:00,3.27,3.27,0.0
86472000,2026-08-29T14:15:00-03:00,3.26,3.26,0.0
86472000,2026-08-29T14:30:00-03:00,3.24,3.24,0.0
86472000,2026-08-29T14:45:00-03:00,3.23,3.23,0.0
86472000,2026-08-29T15:00:00-03:00,3.22,3.22,0.0
86472000,2026-08-29T15:15:00-03:00,3.22,3.22,0.0
86472000,2026-08-29T15:30:00-03:00,3.22,3.22,0.0
86472000,2026-08-29T15:45:00-03:00,3.23,3.23,0.0
86472000,2026-08-29T16:00:00-03:00,3.23,3.23,0.0
86472000,2026-08-29T16:15:00-03:00,3.24,3.24,0.0
86472000,2026-08-29T16:30:00-03:00,3.24,3.24,0.0
86472000,2026-08-29T16:45:00-03:00,3.25,3.25,0.0
86472000,2026-08-29T17:00:00-03:00,3.26,3.26,0.0
86472000,2026-08-29T17:15:00-03:00,3.29,3.29,0.0
86472000,2026-08-29T17:30:00-03:00,3.35,3.35,0.0
86472000,2026-08-29T17:45:00-03:00,3.45,3.45,0.0
86472000,2026-08-29T18:00:00-03:00,3.59,3.59,0.0
86472000,2026-08-29T18:15:00-03:00,3.74,3.74,0.0
86472000,2026-08-29T18:30:00-03:00,3.91,3.91,0.0
86472000,2026-08-29T18:45:00-03:00,4.08,4.08,0.0
86472000,2026-08-29T19:00:00-03:00,4.24,4.24,0.0
86472000,2026-08-29T19:15:00-03:00,4.4,4.4,0.0
86472000,2026-08-29T19:30:00-03:00,4.53,4.53,0.0
86472000,2026-08-29T19:45:00-03:00,4.63,4.63,0.0
86472000,2026-08-29T20:00:00-03:00,4.72,4.72,0.0
86472000,2026-08-29T20:15:00-03:00,4.79,4.79,0.0
86472000,2026-08-29T20:30:00-03:00,4.85,4.85,0.0
86472000,2026-08-29T20:45:00-03:00,4.91,4.91,0.0
86472000,2026-08-29T21:00:00-03:00,4.95,4.95,0.0
86472000,2026-08-29T21:15:00-03:00,5.0,5.0,0.0
86472000,2026-08-29T21:30:00-03:00,5.03,5.03,0.0
86472000,2026-08-29T21:45:00-03:00,5.06,5.06,0.0
86472000,2026-08-29T22:00:00-03:00,5.1,5.1,0.0
86472000,2026-08-29T22:15:00-03:00,5.15,5.15,0.0
86472000,2026-08-29T22:30:00-03:00,5.21,5.21,0.0
86472000,2026-08-29T22:45:00-03:00,5.27,5.27,0.0
86472000,2026-08-29T23:00:00-03:00,5.33,5.33,0.0
86472000,2026-08-29T23:15:00-03:00,5.36,5.36,0.0
86472000,2026-08-29T23:30:00-03:00,5.4,5.4,0.0
86472000,2026-08-29T23:45:00-03:00,5.43,5.43,0.0
86472000,2026-08-30T00:00:00-03:00,5.45,5.45,0.0
86472000,2026-08-30T00:15:00-03:00,5.47,5.47,0.0
86472000,2026-08-30T00:30:00-03:00,5.49,5.49,0.0
86472000,2026-08-30T00:45:00-03:00,5.52,5.52,0.0
86472000,2026-08-30T01:00:00-03:00,5.54,5.54,0.0
86472000,2026-08-30T01:15:00-03:00,5.56,5.56,0.0
86472000,2026-08-30T01:30:00-03:00,5.58,5.58,0.0
86472000,2026-08-30T01:45:00-03:00,5.61,5.61,0.0
86472000,2026-08-30T02:00:00-03:00,5.62,5.62,0.0
86472000,2026-08-30T02:15:00-03:00,5.63,5.63,0.0
86472000,2026-08-30T02:30:00-03:00,5.64,5.64,0.0
86472000,2026-08-30T02:45:00-03:00,5.64,5.64,0.0
86472000,2026-08-30T03:00:00-03:00,5.64,5.64,0.0
86472000,2026-08-30T03:15:00-03:00,5.64,5.64,0.0
86472000,2026-08-30T03:30:00-03:00,5.63,5.63,0.0
86472000,2026-08-30T03:45:00-03:00,5.62,5.62,0.0
86472000,2026-08-30T04:00:00-03:00,5.61,5.61,0.0
86472000,2026-08-30T04:15:00-03:00,5.6,5.6,0.0
86472000,2026-08-30T04:30:00-03:00,5.6,5.6,0.0
86472000,2026-08-30T04:45:00-03:00,5.59,5.59,0.0
86472000,2026-08-30T05:00:00-03:00,5.59,5.59,0.0
86472000,2026-08-30T05:15:00-03:00,5.58,5.58,0.0
86472000,2026-08-30T05:30:00-03:00,5.58,5.58,0.0
86472000,2026-08-30T05:45:00-03:00,5.58,5.58,0.0
86472000,2026-08-30T06:00:00-03:00,5.58,5.58,0.0
86472000,2026-08-30T06:15:00-03:00,5.58,5.58,0.0
86472000,2026-08-30T06:30:00-03:00,5.59,5.59,0.0
86472000,2026-08-30T06:45:00-03:00,5.59,5.59,0.0
86472000,2026-08-30T07:00:00-03:00,5.59,5.59,0.0
86472000,2026-08-30T07:15:00-03:00,5.6,5.6,0.0
86472000,2026-08-30T07:30:00-03:00,5.6,5.6,0.0
86472000,2026-08-30T07:45:00-03:00,5.61,5.61,0.0
86472000,2026-08-30T08:00:00-03:00,5.57,5.57,0.0
86472000,2026-08-30T08:15:00-03:00,5.47,5.47,0.0
86472000,2026-08-30T08:30:00-03:00,5.32,5.32,0.0
86472000,2026-08-30T08:45:00-03:00,5.19,5.19,0.0
86472000,2026-08-30T09:00:00-03:00,5.07,5.07,0.0
86472000,2026-08-30T09:15:00-03:00,4.97,4.97,0.0
86472000,2026-08-30T09:30:00-03:00,4.9,4.9,0.0
86472000,2026-08-30T09:45:00-03:00,4.86,4.86,0.0
86472000,2026-08-30T10:00:00-03:00,4.83,4.83,0.0
86472000,2026-08-30T10:15:00-03:00,4.83,4.83,0.0
86472000,2026-08-30T10:30:00-03:00,4.83,4.83,0.0
86472000,2026-08-30T10:45:00-03:00,4.85,4.85,0.0
86472000,2026-08-30T11:00:00-03:00,4.88,4.88,0.0
86472000,2026-08-30T11:15:00-03:00,4.91,4.91,0.0
86472000,2026-08-30T11:30:00-03:00,4.95,4.95,0.0
86472000,2026-08-30T11:45:00-03:00,4.99,4.99,0.0
86472000,2026-08-30T12:00:00-03:00,5.04,5.04,0.0
86472000,2026-08-30T12:15:00-03:00,5.1,5.1,0.0
86472000,2026-08-30T12:30:00-03:00,5.16,5.16,0.0
86472000,2026-08-30T12:45:00-03:00,5.22,5.22,0.0
86472000,2026-08-30T13:00:00-03:00,5.29,5.29,0.0
86472000,2026-08-30T13:15:00-03:00,5.36,5.36,0.0
86472000,2026-08-30T13:30:00-03:00,5.43,5.43,0.0
86472000,2026-08-30T13:45:00-03:00,5.5,5.5,0.0
86472000,2026-08-30T14:00:00-03:00,5.56,5.56,0.0
86472000,2026-08-30T14:15:00-03:00,5.63,5.63,0.0
86472000,2026-08-30T14:30:00-03:00,5.68,5.68,0.0
86472000,2026-08-30T14:45:00-03:00,5.74,5.74,0.0
86472000,2026-08-30T15:00:00-03:00,5.79,5.79,0.0
86472000,2026-08-30T15:15:00-03:00,5.84,5.84,0.0
86472000,2026-08-30T15:30:00-03:00,5.88,5.88,0.0
86472000,2026-08-30T15:45:00-03:00,5.91,5.91,0.0
86472000,2026-08-30T16:00:00-03:00,5.96,5.96,0.0
86472000,2026-08-30T16:15:00-03:00,5.99,5.99,0.0
86472000,2026-08-30T16:30:00-03:00,6.04,6.04,0.0
86472000,2026-08-30T16:45:00-03:00,6.09,6.09,0.0
86472000,2026-08-30T17:00:00-03:00,6.12,6.12,0.0
86472000,2026-08-30T17:15:00-03:00,6.18,6.18,0.0
86472000,2026-08-30T17:30:00-03:00,6.24,6.24,0.0
86472000,2026-08-30T17:45:00-03:00,6.31,6.31,0.0
86472000,2026-08-30T18:00:00-03:00,6.51,6.51,0.0
86472000,2026-08-30T18:15:00-03:00,6.74,6.74,0.0
86472000,2026-08-30T18:30:00-03:00,6.93,6.93,0.0
86472000,2026-08-30T18:45:00-03:00,7.07,7.07,0.0
86472000,2026-08-30T19:00:00-03:00,7.18,7.18,0.0
86472000,2026-08-30T19:15:00-03:00,7.24,7.24,0.0
86472000,2026-08-30T19:30:00-03:00,7.29,7.29,0.0
86472000,2026-08-30T19:45:00-03:00,7.32,7.32,0.0
86472000,2026-08-30T20:00:00-03:00,7.36,7.36,0.0
86472000,2026-08-30T20:15:00-03:00,7.38,7.38,0.0
86472000,2026-08-30T20:30:00-03:00,7.41,7.41,0.0
86472000,2026-08-30T20:45:00-03:00,7.42,7.42,0.0
86472000,2026-08-30T21:00:00-03:00,7.45,7.45,0.0
86472000,2026-08-30T21:15:00-03:00,7.44,7.44,0.0
86472000,2026-08-30T21:30:00-03:00,7.44,7.44,0.0
86472000,2026-08-30T21:45:00-03:00,7.45,7.45,0.0
86472000,2026-08-30T22:00:00-03:00,7.46,7.46,0.0
86472000,2026-08-30T22:15:00-03:00,7.47,7.47,0.0
86472000,2026-08-30T22:30:00-03:00,7.49,7.49,0.0
86472000,2026-08-30T22:45:00-03:00,7.52,7.52,0.0
86472000,2026-08-30T23:00:00-03:00,7.53,7.53,0.0
86472000,2026-08-30T23:15:00-03:00,7.55,7.55,0.0
86472000,2026-08-30T23:30:00-03:00,7.57,7.57,0.0
86472000,2026-08-30T23:45:00-03:00,7.6,7.6,0.0
86472000,2026-08-31T00:00:00-03:00,7.62,7.62,0.0
86472000,2026-08-31T00:15:00-03:00,7.63,7.63,0.0
86472000,2026-08-31T00:30:00-03:00,7.66,7.66,0.0
86472000,2026-08-31T00:45:00-03:00,7.68,7.68,0.0
86472000,2026-08-31T01:00:00-03:00,7.71,7.71,0.0
86472000,2026-08-31T01:15:00-03:00,7.75,7.75,0.0
86472000,2026-08-31T01:30:00-03:00,7.79,7.79,0.0
86472000,2026-08-31T01:45:00-03:00,7.91,7.91,0.0
86472000,2026-08-31T02:00:00-03:00,8.06,8.06,0.0
86472000,2026-08-31T02:15:00-03:00,8.26,8.26,0.0
86472000,2026-08-31T02:30:00-03:00,8.47,8.47,0.0
86472000,2026-08-31T02:45:00-03:00,8.64,8.64,0.0
86472000,2026-08-31T03:00:00-03:00,8.76,8.76,0.0
86472000,2026-08-31T03:15:00-03:00,8.84,8.84,0.0
86472000,2026-08-31T03:30:00-03:00,8.88,8.88,0.0
86472000,2026-08-31T03:45:00-03:00,8.89,8.89,0.0
86472000,2026-08-31T04:00:00-03:00,8.88,8.88,0.0
86472000,2026-08-31T04:15:00-03:00,8.86,8.86,0.0
86472000,2026-08-31T04:30:00-03:00,8.83,8.83,0.0
86472000,2026-08-31T04:45:00-03:00,8.8,8.8,0.0
86472000,2026-08-31T05:00:00-03:00,8.77,8.77,0.0
86472000,2026-08-31T05:15:00-03:00,8.75,8.75,0.0
86472000,2026-08-31T05:30:00-03:00,8.72,8.72,0.0
86472000,2026-08-31T05:45:00-03:00,8.71,8.71,0.0
86472000,2026-08-31T06:00:00-03:00,8.7,8.7,0.0
86472000,2026-08-31T06:15:00-03:00,8.69,8.69,0.0
86472000,2026-08-31T06:30:00-03:00,8.68,8.68,0.0
86472000,2026-08-31T06:45:00-03:00,8.67,8.67,0.0
86472000,2026-08-31T07:00:00-03:00,8.68,8.68,0.0
86472000,2026-08-31T07:15:00-03:00,8.68,8.68,0.0
86472000,2026-08-31T07:30:00-03:00,8.66,8.66,0.0
86472000,2026-08-31T07:45:00-03:00,8.67,8.67,0.0
86472000,2026-08-31T08:00:00-03:00,8.66,8.66,0.0
86472000,2026-08-31T08:15:00-03:00,8.66,8.66,0.0
86472000,2026-08-31T08:30:00-03:00,8.65,8.65,0.0
86472000,2026-08-31T08:45:00-03:00,8.65,8.65,0.0
86472000,2026-08-31T09:00:00-03:00,8.64,8.64,0.0
86472000,2026-08-31T09:15:00-03:00,8.65,8.65,0.0
86472000,2026-08-31T09:30:00-03:00,8.64,8.64,0.0
86472000,2026-08-31T09:45:00-03:00,8.58,8.58,0.0
86472000,2026-08-31T10:00:00-03:00,8.45,8.45,0.0
86472000,2026-08-31T10:15:00-03:00,8.31,8.31,0.0
86472000,2026-08-31T10:30:00-03:00,8.21,8.21,0.0
86472000,2026-08-31T10:45:00-03:00,8.14,8.14,0.0
86472000,2026-08-31T11:00:00-03:00,8.09,8.09,0.0
86472000,2026-08-31T11:15:00-03:00,8.04,8.04,0.0
86472000,2026-08-31T11:30:00-03:00,8.03,8.03,0.0
86472000,2026-08-31T11:45:00-03:00,8.03,8.03,0.0
86472000,2026-08-31T12:00:00-03:00,8.04,8.04,0.0
86472000,2026-08-31T12:15:00-03:00,8.04,8.04,0.0
86472000,2026-08-31T12:30:00-03:00,8.08,8.08,0.0
86472000,2026-08-31T12:45:00-03:00,8.1,8.1,0.0
86472000,2026-08-31T13:00:00-03:00,8.13,8.13,0.0
86472000,2026-08-31T13:15:00-03:00,8.15,8.15,0.0
86472000,2026-08-31T13:30:00-03:00,8.17,8.17,0.0
86472000,2026-08-31T13:45:00-03:00,8.21,8.21,0.0
86472000,2026-08-31T14:00:00-03:00,8.23,8.23,0.0
86472000,2026-08-31T14:15:00-03:00,8.25,8.25,0.0
86472000,2026-08-31T14:30:00-03:00,8.27,8.27,0.0
86472000,2026-08-31T14:45:00-03:00,8.45,8.45,0.0
86472000,2026-08-31T15:00:00-03:00,8.58,8.58,0.0
86472000,2026-08-31T15:15:00-03:00,8.7,8.7,0.0
86472000,2026-08-31T15:30:00-03:00,8.77,8.77,0.0
86472000,2026-08-31T15:45:00-03:00,8.79,8.79,0.0
86472000,2026-08-31T16:00:00-03:00,8.8,8.8,0.0
86472000,2026-08-31T16:15:00-03:00,8.78,8.78,0.0
86472000,2026-08-31T16:30:00-03:00,8.77,8.77,0.0
86472000,2026-08-31T16:45:00-03:00,8.73,8.73,0.0
86472000,2026-08-31T17:00:00-03:00,8.7,8.7,0.0
86472000,2026-08-31T17:15:00-03:00,8.68,8.68,0.0
86472000,2026-08-31T17:30:00-03:00,8.65,8.65,0.0
86472000,2026-08-31T17:45:00-03:00,8.62,8.62,0.0
86472000,2026-08-31T18:00:00-03:00,8.59,8.59,0.0
86472000,2026-08-31T18:15:00-03:00,8.55,8.55,0.0
86472000,2026-08-31T18:30:00-03:00,8.52,8.52,0.0
86472000,2026-08-31T18:45:00-03:00,8.5,8.5,0.0
86472000,2026-08-31T19:00:00-03:00,8.48,8.48,0.0
86472000,2026-08-31T19:15:00-03:00,8.47,8.47,0.0
86472000,2026-08-31T19:30:00-03:00,8.43,8.43,0.0
86472000,2026-08-31T19:45:00-03:00,8.42,8.42,0.0
86472000,2026-08-31T20:00:00-03:00,8.4,8.4,0.0
86472000,2026-08-31T20:15:00-03:00,8.34,8.34,0.0
86472000,2026-08-31T20:30:00-03:00,8.25,8.25,0.0
86472000,2026-08-31T20:45:00-03:00,8.14,8.14,0.0
86472000,2026-08-31T21:00:00-03:00,8.06,8.06,0.0
86472000,2026-08-31T21:15:00-03:00,8.0,8.0,0.0
86472000,2026-08-31T21:30:00-03:00,7.97,7.97,0.0
86472000,2026-08-31T21:45:00-03:00,7.95,7.95,0.0
86472000,2026-08-31T22:00:00-03:00,7.96,7.96,0.0
86472000,2026-08-31T22:15:00-03:00,7.96,7.96,0.0
86472000,2026-08-31T22:30:00-03:00,7.99,7.99,0.0
86472000,2026-08-31T22:45:00-03:00,8.01,8.01,0.0
86472000,2026-08-31T23:00:00-03:00,8.04,8.04,0.0
86472000,2026-08-31T23:15:00-03:00,8.06,8.06,0.0
86472000,2026-08-31T23:30:00-03:00,8.09,8.09,0.0
86472000,2026-08-31T23:45:00-03:00,8.11,8.11,0.0
86472000,2026-09-01T00:00:00-03:00,8.12,8.12,0.0
86472000,2026-09-01T00:15:00-03:00,8.14,8.14,0.0
86472000,2026-09-01T00:30:00-03:00,8.17,8.17,0.0
86472000,2026-09-01T00:45:00-03:00,8.17,8.17,0.0
86472000,2026-09-01T01:00:00-03:00,8.2,8.2,0.0
86472000,2026-09-01T01:15:00-03:00,8.21,8.21,0.0
86472000,2026-09-01T01:30:00-03:00,8.21,8.21,0.0
86472000,2026-09-01T01:45:00-03:00,8.22,8.22,0.0
86472000,2026-09-01T02:00:00-03:00,8.24,8.24,0.0
86472000,2026-09-01T02:15:00-03:00,8.23,8.23,0.0
86472000,2026-09-01T02:30:00-03:00,8.26,8.26,0.0
86472000,2026-09-01T02:45:00-03:00,8.26,8.26,0.0
86472000,2026-09-01T03:00:00-03:00,8.26,8.26,0.0
86472000,2026-09-01T03:15:00-03:00,8.25,8.25,0.0
86472000,2026-09-01T03:30:00-03:00,8.24,8.24,0.0
86472000,2026-09-01T03:45:00-03:00,8.25,8.25,0.0
86472000,2026-09-01T04:00:00-03:00,8.24,8.24,0.0
86472000,2026-09-01T04:15:00-03:00,8.24,8.24,0.0
86472000,2026-09-01T04:30:00-03:00,8.23,8.23,0.0
86472000,2026-09-01T04:45:00-03:00,8.21,8.21,0.0
86472000,2026-09-01T05:00:00-03:00,8.21,8.21,0.0
86472000,2026-09-01T05:15:00-03:00,8.21,8.21,0.0
86472000,2026-09-01T05:30:00-03:00,8.2,8.2,0.0
86472000,2026-09-01T05:45:00-03:00,8.18,8.18,0.0
86472000,2026-09-01T06:00:00-03:00,8.18,8.18,0.0
86472000,2026-09-01T06:15:00-03:00,8.16,8.16,0.0
86472000,2026-09-01T06:30:00-03:00,8.16,8.16,0.0
86472000,2026-09-01T06:45:00-03:00,8.14,8.14,0.0
86472000,2026-09-01T07:00:00-03:00,8.13,8.13,0.0
86472000,2026-09-01T07:15:00-03:00,8.12,8.12,0.0
86472000,2026-09-01T07:30:00-03:00,8.1,8.1,0.0
86472000,2026-09-01T07:45:00-03:00,8.09,8.09,0.0
86472000,2026-09-01T08:00:00-03:00,8.08,8.08,0.0
86472000,2026-09-01T08:15:00-03:00,8.07,8.07,0.0
86472000,2026-09-01T08:30:00-03:00,8.05,8.05,0.0
86472000,2026-09-01T08:45:00-03:00,8.05,8.05,0.0
86472000,2026-09-01T09:00:00-03:00,8.04,8.04,0.0
86472000,2026-09-01T09:15:00-03:00,8.03,8.03,0.0
86472000,2026-09-01T09:30:00-03:00,8.02,8.02,0.0
86472000,2026-09-01T09:45:00-03:00,8.0,8.0,0.0
86472000,2026-09-01T10:00:00-03:00,7.99,7.99,0.0
86472000,2026-09-01T10:15:00-03:00,7.88,7.88,0.0
86472000,2026-09-01T10:30:00-03:00,7.72,7.72,0.0
86472000,2026-09-01T10:45:00-03:00,7.59,7.59,0.0
86472000,2026-09-01T11:00:00-03:00,7.49,7.49,0.0
86472000,2026-09-01T11:15:00-03:00,7.43,7.43,0.0
86472000,2026-09-01T11:30:00-03:00,7.39,7.39,0.0
86472000,2026-09-01T11:45:00-03:00,7.38,7.38,0.0
86472000,2026-09-01T12:00:00-03:00,7.4,7.4,0.0
86472000,2026-09-01T12:15:00-03:00,7.42,7.42,0.0
86472000,2026-09-01T12:30:00-03:00,7.45,7.45,0.0
86472000,2026-09-01T12:45:00-03:00,7.47,7.47,0.0
86472000,2026-09-01T13:00:00-03:00,7.49,7.49,0.0
86472000,2026-09-01T13:15:00-03:00,7.5,7.5,0.0
86472000,2026-09-01T13:30:00-03:00,7.52,7.52,0.0
86472000,2026-09-01T13:45:00-03:00,7.53,7.53,0.0
86472000,2026-09-01T14:00:00-03:00,7.52,7.52,0.0
86472000,2026-09-01T14:15:00-03:00,7.52,7.52,0.0
86472000,2026-09-01T14:30:00-03:00,7.51,7.51,0.0
86472000,2026-09-01T14:45:00-03:00,7.5,7.5,0.0
86472000,2026-09-01T15:00:00-03:00,7.49,7.49,0.0
86472000,2026-09-01T15:15:00-03:00,7.49,7.49,0.0
86472000,2026-09-01T15:30:00-03:00,7.49,7.49,0.0
86472000,2026-09-01T15:45:00-03:00,7.48,7.48,0.0
86472000,2026-09-01T16:00:00-03:00,7.5,7.5,0.0
86472000,2026-09-01T16:15:00-03:00,7.51,7.51,0.0
86472000,2026-09-01T16:30:00-03:00,7.52,7.52,0.0
86472000,2026-09-01T16:45:00-03:00,7.54,7.54,0.0
86472000,2026-09-01T17:00:00-03:00,7.64,7.64,0.0
86472000,2026-09-01T17:15:00-03:00,7.81,7.81,0.0
86472000,2026-09-01T17:30:00-03:00,7.95,7.95,0.0
86472000,2026-09-01T17:45:00-03:00,8.03,8.03,0.0
86472000,2026-09-01T18:00:00-03:00,8.1,8.1,0.0
86472000,2026-09-01T18:15:00-03:00,8.12,8.12,0.0
86472000,2026-09-01T18:30:00-03:00,8.12,8.12,0.0
86472000,2026-09-01T18:45:00-03:00,8.09,8.09,0.0
86472000,2026-09-01T19:00:00-03:00,8.06,8.06,0.0
86472000,2026-09-01T19:15:00-03:00,8.03,8.03,0.0
86472000,2026-09-01T19:30:00-03:00,7.98,7.98,0.0
86472000,2026-09-01T19:45:00-03:00,7.94,7.94,0.0
86472000,2026-09-01T20:00:00-03:00,7.9,7.9,0.0
86472000,2026-09-01T20:15:00-03:00,7.86,7.86,0.0
86472000,2026-09-01T20:30:00-03:00,7.82,7.82,0.0
86472000,2026-09-01T20:45:00-03:00,7.79,7.79,0.0
86472000,2026-09-01T21:00:00-03:00,7.75,7.75,0.0
86472000,2026-09-01T21:15:00-03:00,7.72,7.72,0.0
86472000,2026-09-01T21:30:00-03:00,7.69,7.69,0.0
86472000,2026-09-01T21:45:00-03:00,7.66,7.66,0.0
86472000,2026-09-01T22:00:00-03:00,7.63,7.63,0.0
86472000,2026-09-01T22:15:00-03:00,7.6,7.6,0.0
86472000,2026-09-01T22:30:00-03:00,7.58,7.58,0.0
86472000,2026-09-01T22:45:00-03:00,7.54,7.54,0.0
86472000,2026-09-01T23:00:00-03:00,7.5,7.5,0.0
86472000,2026-09-01T23:15:00-03:00,7.46,7.46,0.0
86472000,2026-09-01T23:30:00-03:00,7.4,7.4,0.0
86472000,2026-09-01T23:45:00-03:00,7.29,7.29,0.0
86472000,2026-09-02T00:00:00-03:00,7.16,7.16,0.0
86472000,2026-09-02T00:15:00-03:00,7.03,7.03,0.0
86472000,2026-09-02T00:30:00-03:00,6.93,6.93,0.0
86472000,2026-09-02T00:45:00-03:00,6.87,6.87,0.0
86472000,2026-09-02T01:00:00-03:00,6.83,6.83,0.0
86472000,2026-09-02T01:15:00-03:00,6.81,6.81,0.0
86472000,2026-09-02T01:30:00-03:00,6.82,6.82,0.0
86472000,2026-09-02T01:45:00-03:00,6.84,6.84,0.0
86472000,2026-09-02T02:00:00-03:00,6.86,6.86,0.0
86472000,2026-09-02T02:15:00-03:00,6.89,6.89,0.0
86472000,2026-09-02T02:30:00-03:00,6.92,6.92,0.0
86472000,2026-09-02T02:45:00-03:00,6.95,6.95,0.0
86472000,2026-09-02T03:00:00-03:00,6.98,6.98,0.0
86472000,2026-09-02T03:15:00-03:00,7.0,7.0,0.0
86472000,2026-09-02T03:30:00-03:00,7.02,7.02,0.0
86472000,2026-09-02T03:45:00-03:00,7.04,7.04,0.0
86472000,2026-09-02T04:00:00-03:00,7.05,7.05,0.0
86472000,2026-09-02T04:15:00-03:00,7.05,7.05,0.0
86472000,2026-09-02T04:30:00-03:00,7.06,7.06,0.0
86472000,2026-09-02T04:45:00-03:00,7.07,7.07,0.0
86472000,2026-09-02T05:00:00-03:00,7.07,7.07,0.0
86472000,2026-09-02T05:15:00-03:00,7.06,7.06,0.0
86472000,2026-09-02T05:30:00-03:00,7.06,7.06,0.0
86472000,2026-09-02T05:45:00-03:00,7.06,7.06,0.0
86472000,2026-09-02T06:00:00-03:00,7.06,7.06,0.0
86472000,2026-09-02T06:15:00-03:00,7.05,7.05,0.0
86472000,2026-09-02T06:30:00-03:00,7.05,7.05,0.0
86472000,2026-09-02T06:45:00-03:00,7.04,7.04,0.0
86472000,2026-09-02T07:00:00-03:00,7.04,7.04,0.0
86472000,2026-09-02T07:15:00-03:00,7.03,7.03,0.0
86472000,2026-09-02T07:30:00-03:00,7.03,7.03,0.0
86472000,2026-09-02T07:45:00-03:00,7.02,7.02,0.0
86472000,2026-09-02T08:00:00-03:00,7.01,7.01,0.0
86472000,2026-09-02T08:15:00-03:00,7.0,7.0,0.0
86472000,2026-09-02T08:30:00-03:00,6.99,6.99,0.0
86472000,2026-09-02T08:45:00-03:00,6.94,6.94,0.0
86472000,2026-09-02T09:00:00-03:00,6.8,6.8,0.0
86472000,2026-09-02T09:15:00-03:00,6.63,6.63,0.0
86472000,2026-09-02T09:30:00-03:00,6.5,6.5,0.0
86472000,2026-09-02T09:45:00-03:00,6.39,6.39,0.0
86472000,2026-09-02T10:00:00-03:00,6.33,6.33,0.0
86472000,2026-09-02T10:15:00-03:00,6.3,6.3,0.0
86472000,2026-09-02T10:30:00-03:00,6.29,6.29,0.0
86472000,2026-09-02T10:45:00-03:00,6.32,6.32,0.0
86472000,2026-09-02T11:00:00-03:00,6.35,6.35,0.0
86472000,2026-09-02T11:15:00-03:00,6.39,6.39,0.0
86472000,2026-09-02T11:30:00-03:00,6.43,6.43,0.0
86472000,2026-09-02T11:45:00-03:00,6.46,6.46,0.0
86472000,2026-09-02T12:00:00-03:00,6.5,6.5,0.0
86472000,2026-09-02T12:15:00-03:00,6.53,6.53,0.0
86472000,2026-09-02T12:30:00-03:00,6.55,6.55,0.0
86472000,2026-09-02T12:45:00-03:00,6.58,6.58,0.0
86472000,2026-09-02T13:00:00-03:00,6.59,6.59,0.0
86472000,2026-09-02T13:15:00-03:00,6.61,6.61,0.0
86472000,2026-09-02T13:30:00-03:00,6.62,6.62,0.0
86472000,2026-09-02T13:45:00-03:00,6.63,6.63,0.0
86472000,2026-09-02T14:00:00-03:00,6.64,6.64,0.0
86472000,2026-09-02T14:15:00-03:00,6.65,6.65,0.0
86472000,2026-09-02T14:30:00-03:00,6.65,6.65,0.0
86472000,2026-09-02T14:45:00-03:00,6.65,6.65,0.0
86472000,2026-09-02T15:00:00-03:00,6.64,6.64,0.0
86472000,2026-09-02T15:15:00-03:00,6.69,6.69,0.0
86472000,2026-09-02T15:30:00-03:00,6.74,6.74,0.0
86472000,2026-09-02T15:45:00-03:00,6.78,6.78,0.0
86472000,2026-09-02T16:00:00-03:00,6.79,6.79,0.0
86472000,2026-09-02T16:15:00-03:00,6.82,6.82,0.0
86472000,2026-09-02T16:30:00-03:00,6.87,6.87,0.0
86472000,2026-09-02T16:45:00-03:00,6.91,6.91,0.0
86472000,2026-09-02T17:00:00-03:00,6.94,6.94,0.0
86472000,2026-09-02T17:15:00-03:00,6.94,6.94,0.0
86472000,2026-09-02T17:30:00-03:00,6.94,6.94,0.0
86472000,2026-09-02T17:45:00-03:00,6.91,6.91,0.0
86472000,2026-09-02T18:00:00-03:00,6.89,6.89,0.0
86472000,2026-09-02T18:15:00-03:00,6.85,6.85,0.0
86472000,2026-09-02T18:30:00-03:00,6.82,6.82,0.0
86472000,2026-09-02T18:45:00-03:00,6.79,6.79,0.0
86472000,2026-09-02T19:00:00-03:00,6.76,6.76,0.0
86472000,2026-09-02T19:15:00-03:00,6.72,6.72,0.0
86472000,2026-09-02T19:30:00-03:00,6.69,6.69,0.0
86472000,2026-09-02T19:45:00-03:00,6.66,6.66,0.0
86472000,2026-09-02T20:00:00-03:00,6.64,6.64,0.0
86472000,2026-09-02T20:15:00-03:00,6.61,6.61,0.0
86472000,2026-09-02T20:30:00-03:00,6.59,6.59,0.0
86472000,2026-09-02T20:45:00-03:00,6.57,6.57,0.0
86472000,2026-09-02T21:00:00-03:00,6.55,6.55,0.0
86472000,2026-09-02T21:15:00-03:00,6.54,6.54,0.0
86472000,2026-09-02T21:30:00-03:00,6.52,6.52,0.0
86472000,2026-09-02T21:45:00-03:00,6.5,6.5,0.0
86472000,2026-09-02T22:00:00-03:00,6.49,6.49,0.0
86472000,2026-09-02T22:15:00-03:00,6.47,6.47,0.0
86472000,2026-09-02T22:30:00-03:00,6.46,6.46,0.0
86472000,2026-09-02T22:45:00-03:00,6.45,6.45,0.0
86472000,2026-09-02T23:00:00-03:00,6.43,6.43,0.0
86472000,2026-09-02T23:15:00-03:00,6.42,6.42,0.0
86472000,2026-09-02T23:30:00-03:00,6.41,6.41,0.0
86472000,2026-09-02T23:45:00-03:00,6.39,6.39,0.0
86472000,2026-09-03T00:00:00-03:00,6.38,6.38,0.0
86472000,2026-09-03T00:15:00-03:00,6.38,6.38,0.0
86472000,2026-09-03T00:30:00-03:00,6.36,6.36,0.0
86472000,2026-09-03T00:45:00-03:00,6.36,6.36,0.0
86472000,2026-09-03T01:00:00-03:00,6.34,6.34,0.0
86472000,2026-09-03T01:15:00-03:00,6.34,6.34,0.0
86472000,2026-09-03T01:30:00-03:00,6.33,6.33,0.0
86472000,2026-09-03T01:45:00-03:00,6.32,6.32,0.0
86472000,2026-09-03T02:00:00-03:00,6.31,6.31,0.0
86472000,2026-09-03T02:15:00-03:00,6.3,6.3,0.0
86472000,2026-09-03T02:30:00-03:00,6.29,6.29,0.0
86472000,2026-09-03T02:45:00-03:00,6.28,6.28,0.0
86472000,2026-09-03T03:00:00-03:00,6.26,6.26,0.0
86472000,2026-09-03T03:15:00-03:00,6.26,6.26,0.0
86472000,2026-09-03T03:30:00-03:00,6.25,6.25,0.0
86472000,2026-09-03T03:45:00-03:00,6.24,6.24,0.0
86472000,2026-09-03T04:00:00-03:00,6.23,6.23,0.0
86472000,2026-09-03T04:15:00-03:00,6.22,6.22,0.0
86472000,2026-09-03T04:30:00-03:00,6.22,6.22,0.0
86472000,2026-09-03T04:45:00-03:00,6.21,6.21,0.0
86472000,2026-09-03T05:00:00-03:00,6.2,6.2,0.0
86472000,2026-09-03T05:15:00-03:00,6.19,6.19,0.0
86472000,2026-09-03T05:30:00-03:00,6.18,6.18,0.0
86472000,2026-09-03T05:45:00-03:00,6.18,6.18,0.0
86472000,2026-09-03T06:00:00-03:00,6.17,6.17,0.0
86472000,2026-09-03T06:15:00-03:00,6.16,6.16,0.0
86472000,2026-09-03T06:30:00-03:00,6.15,6.15,0.0
86472000,2026-09-03T06:45:00-03:00,6.14,6.14,0.0
86472000,2026-09-03T07:00:00-03:00,6.13,6.13,0.0
86472000,2026-09-03T07:15:00-03:00,6.12,6.12,0.0
86472000,2026-09-03T07:30:00-03:00,6.11,6.11,0.0
86472000,2026-09-03T07:45:00-03:00,6.11,6.11,0.0
86472000,2026-09-03T08:00:00-03:00,6.1,6.1,0.0
86472000,2026-09-03T08:15:00-03:00,6.09,6.09,0.0
86472000,2026-09-03T08:30:00-03:00,6.06,6.06,0.0
86472000,2026-09-03T08:45:00-03:00,5.93,5.93,0.0
86472000,2026-09-03T09:00:00-03:00,5.77,5.77,0.0
86472000,2026-09-03T09:15:00-03:00,5.61,5.61,0.0
86472000,2026-09-03T09:30:00-03:00,5.47,5.47,0.0
86472000,2026-09-03T09:45:00-03:00,5.37,5.37,0.0
86472000,2026-09-03T10:00:00-03:00,5.31,5.31,0.0
86472000,2026-09-03T10:15:00-03:00,5.27,5.27,0.0
86472000,2026-09-03T10:30:00-03:00,5.25,5.25,0.0
86472000,2026-09-03T10:45:00-03:00,5.26,5.26,0.0
86472000,2026-09-03T11:00:00-03:00,5.28,5.28,0.0
86472000,2026-09-03T11:15:00-03:00,5.31,5.31,0.0
86472000,2026-09-03T11:30:00-03:00,5.35,5.35,0.0
86472000,2026-09-03T11:45:00-03:00,5.39,5.39,0.0
86472000,2026-09-03T12:00:00-03:00,5.43,5.43,0.0
86472000,2026-09-03T12:15:00-03:00,5.47,5.47,0.0
86472000,2026-09-03T12:30:00-03:00,5.52,5.52,0.0
86472000,2026-09-03T12:45:00-03:00,5.55,5.55,0.0
86472000,2026-09-03T13:00:00-03:00,5.6,5.6,0.0
86472000,2026-09-03T13:15:00-03:00,5.63,5.63,0.0
86472000,2026-09-03T13:30:00-03:00,5.66,5.66,0.0
86472000,2026-09-03T13:45:00-03:00,5.69,5.69,0.0
86472000,2026-09-03T14:00:00-03:00,5.71,5.71,0.0
86472000,2026-09-03T14:15:00-03:00,5.72,5.72,0.0
86472000,2026-09-03T14:30:00-03:00,5.74,5.74,0.0
86472000,2026-09-03T14:45:00-03:00,5.75,5.75,0.0
86472000,2026-09-03T15:00:00-03:00,5.75,5.75,0.0
86472000,2026-09-03T15:15:00-03:00,5.76,5.76,0.0
86472000,2026-09-03T15:30:00-03:00,5.77,5.77,0.0
86472000,2026-09-03T15:45:00-03:00,5.77,5.77,0.0
86472000,2026-09-03T16:00:00-03:00,5.78,5.78,0.0
86472000,2026-09-03T16:15:00-03:00,5.78,5.78,0.0
86472000,2026-09-03T16:30:00-03:00,5.78,5.78,0.0
86472000,2026-09-03T16:45:00-03:00,5.88,5.88,0.0
86472000,2026-09-03T17:00:00-03:00,6.06,6.06,0.0
86472000,2026-09-03T17:15:00-03:00,6.23,6.23,0.0
86472000,2026-09-03T17:30:00-03:00,6.37,6.37,0.0
86472000,2026-09-03T17:45:00-03:00,6.46,6.46,0.0
86472000,2026-09-03T18:00:00-03:00,6.49,6.49,0.0
86472000,2026-09-03T18:15:00-03:00,6.51,6.51,0.0
86472000,2026-09-03T18:30:00-03:00,6.49,6.49,0.0
86472000,2026-09-03T18:45:00-03:00,6.45,6.45,0.0
86472000,2026-09-03T19:00:00-03:00,6.41,6.41,0.0
86472000,2026-09-03T19:15:00-03:00,6.36,6.36,0.0
86472000,2026-09-03T19:30:00-03:00,6.31,6.31,0.0
86472000,2026-09-03T19:45:00-03:00,6.26,6.26,0.0
86472000,2026-09-03T20:00:00-03:00,6.22,6.22,0.0
86472000,2026-09-03T20:15:00-03:00,6.17,6.17,0.0
86472000,2026-09-03T20:30:00-03:00,6.13,6.13,0.0
86472000,2026-09-03T20:45:00-03:00,6.09,6.09,0.0
86472000,2026-09-03T21:00:00-03:00,6.05,6.05,0.0
86472000,2026-09-03T21:15:00-03:00,6.02,6.02,0.0
86472000,2026-09-03T21:30:00-03:00,6.0,6.0,0.0
86472000,2026-09-03T21:45:00-03:00,5.96,5.96,0.0
86472000,2026-09-03T22:00:00-03:00,5.94,5.94,0.0
86472000,2026-09-03T22:15:00-03:00,5.91,5.91,0.0
86472000,2026-09-03T22:30:00-03:00,5.89,5.89,0.0
86472000,2026-09-03T22:45:00-03:00,5.87,5.87,0.0
86472000,2026-09-03T23:00:00-03:00,5.85,5.85,0.0
86472000,2026-09-03T23:15:00-03:00,5.83,5.83,0.0
86472000,2026-09-03T23:30:00-03:00,5.81,5.81,0.0
86472000,2026-09-03T23:45:00-03:00,5.79,5.79,0.0
86472000,2026-09-04T00:00:00-03:00,5.78,5.78,0.0
86472000,2026-09-04T00:15:00-03:00,5.76,5.76,0.0
86472000,2026-09-04T00:30:00-03:00,5.75,5.75,0.0
86472000,2026-09-04T00:45:00-03:00,5.74,5.74,0.0
86472000,2026-09-04T01:00:00-03:00,5.72,5.72,0.0
86472000,2026-09-04T01:15:00-03:00,5.71,5.71,0.0
86472000,2026-09-04T01:30:00-03:00,5.7,5.7,0.0
86472000,2026-09-04T01:45:00-03:00,5.69,5.69,0.0
86472000,2026-09-04T02:00:00-03:00,5.68,5.68,0.0
86472000,2026-09-04T02:15:00-03:00,5.67,5.67,0.0
86472000,2026-09-04T02:30:00-03:00,5.66,5.66,0.0
86472000,2026-09-04T02:45:00-03:00,5.65,5.65,0.0
86472000,2026-09-04T03:00:00-03:00,5.64,5.64,0.0
86472000,2026-09-04T03:15:00-03:00,5.62,5.62,0.0
86472000,2026-09-04T03:30:00-03:00,5.62,5.62,0.0
86472000,2026-09-04T03:45:00-03:00,5.6,5.6,0.0
86472000,2026-09-04T04:00:00-03:00,5.6,5.6,0.0
86472000,2026-09-04T04:15:00-03:00,5.59,5.59,0.0
86472000,2026-09-04T04:30:00-03:00,5.57,5.57,0.0
86472000,2026-09-04T04:45:00-03:00,5.56,5.56,0.0
86472000,2026-09-04T05:00:00-03:00,5.55,5.55,0.0
86472000,2026-09-04T05:15:00-03:00,5.55,5.55,0.0
86472000,2026-09-04T05:30:00-03:00,5.53,5.53,0.0
86472000,2026-09-04T05:45:00-03:00,5.53,5.53,0.0
86472000,2026-09-04T06:00:00-03:00,5.52,5.52,0.0
86472000,2026-09-04T06:15:00-03:00,5.51,5.51,0.0
86472000,2026-09-04T06:30:00-03:00,5.5,5.5,0.0
86472000,2026-09-04T06:45:00-03:00,5.49,5.49,0.0
86472000,2026-09-04T07:00:00-03:00,5.49,5.49,0.0
86472000,2026-09-04T07:15:00-03:00,5.48,5.48,0.0
86472000,2026-09-04T07:30:00-03:00,5.47,5.47,0.0
86472000,2026-09-04T07:45:00-03:00,5.47,5.47,0.0
86472000,2026-09-04T08:00:00-03:00,5.46,5.46,0.0
86472000,2026-09-04T08:15:00-03:00,5.45,5.45,0.0
86472000,2026-09-04T08:30:00-03:00,5.44,5.44,0.0
86472000,2026-09-04T08:45:00-03:00,5.44,5.44,0.0
86472000,2026-09-04T09:00:00-03:00,5.43,5.43,0.0
86472000,2026-09-04T09:15:00-03:00,5.43,5.43,0.0
86472000,2026-09-04T09:30:00-03:00,5.42,5.42,0.0
86472000,2026-09-04T09:45:00-03:00,5.41,5.41,0.0
86472000,2026-09-04T10:00:00-03:00,5.41,5.41,0.0
86472000,2026-09-04T10:15:00-03:00,5.4,5.4,0.0
86472000,2026-09-04T10:30:00-03:00,5.4,5.4,0.0
86472000,2026-09-04T10:45:00-03:00,5.39,5.39,0.0
86472000,2026-09-04T11:00:00-03:00,5.39,5.39,0.0
86472000,2026-09-04T11:15:00-03:00,5.39,5.39,0.0
86472000,2026-09-04T11:30:00-03:00,5.38,5.38,0.0
86472000,2026-09-04T11:45:00-03:00,5.38,5.38,0.0
86472000,2026-09-04T12:00:00-03:00,5.37,5.37,0.0
86472000,2026-09-04T12:15:00-03:00,5.36,5.36,0.0
86472000,2026-09-04T12:30:00-03:00,5.36,5.36,0.0
86472000,2026-09-04T12:45:00-03:00,5.36,5.36,0.0
86472000,2026-09-04T13:00:00-03:00,5.35,5.35,0.0
86472000,2026-09-04T13:15:00-03:00,5.35,5.35,0.0
86472000,2026-09-04T13:30:00-03:00,5.34,5.34,0.0
86472000,2026-09-04T13:45:00-03:00,5.33,5.33,0.0
86472000,2026-09-04T14:00:00-03:00,5.33,5.33,0.0
86472000,2026-09-04T14:15:00-03:00,5.32,5.32,0.0
86472000,2026-09-04T14:30:00-03:00,5.32,5.32,0.0
86472000,2026-09-04T14:45:00-03:00,5.32,5.32,0.0
86472000,2026-09-04T15:00:00-03:00,5.31,5.31,0.0
86472000,2026-09-04T15:15:00-03:00,5.3,5.3,0.0
86472000,2026-09-04T15:30:00-03:00,5.3,5.3,0.0
86472000,2026-09-04T15:45:00-03:00,5.3,5.3,0.0
86472000,2026-09-04T16:00:00-03:00,5.29,5.29,0.0
86472000,2026-09-04T16:15:00-03:00,5.29,5.29,0.0
86472000,2026-09-04T16:30:00-03:00,5.28,5.28,0.0
86472000,2026-09-04T16:45:00-03:00,5.28,5.28,0.0
86472000,2026-09-04T17:00:00-03:00,5.27,5.27,0.0
86472000,2026-09-04T17:15:00-03:00,5.27,5.27,0.0
86472000,2026-09-04T17:30:00-03:00,5.26,5.26,0.0
86472000,2026-09-04T17:45:00-03:00,5.26,5.26,0.0
86472000,2026-09-04T18:00:00-03:00,5.26,5.26,0.0
86472000,2026-09-04T18:15:00-03:00,5.25,5.25,0.0
86472000,2026-09-04T18:30:00-03:00,5.25,5.25,0.0
86472000,2026-09-04T18:45:00-03:00,5.24,5.24,0.0
86472000,2026-09-04T19:00:00-03:00,5.24,5.24,0.0
86472000,2026-09-04T19:15:00-03:00,5.23,5.23,0.0
86472000,2026-09-04T19:30:00-03:00,5.23,5.23,0.0
86472000,2026-09-04T19:45:00-03:00,5.22,5.22,0.0
86472000,2026-09-04T20:00:00-03:00,5.22,5.22,0.0
86472000,2026-09-04T20:15:00-03:00,5.21,5.21,0.0
86472000,2026-09-04T20:30:00-03:00,5.21,5.21,0.0
86472000,2026-09-04T20:45:00-03:00,5.2,5.2,0.0
86472000,2026-09-04T21:00:00-03:00,5.2,5.2,0.0
86472000,2026-09-04T21:15:00-03:00,5.19,5.19,0.0
86472000,2026-09-04T21:30:00-03:00,5.19,5.19,0.0
86472000,2026-09-04T21:45:00-03:00,5.19,5.19,0.0
86472000,2026-09-04T22:00:00-03:00,5.18,5.18,0.0
86472000,2026-09-04T22:15:00-03:00,5.18,5.18,0.0
86472000,2026-09-04T22:30:00-03:00,5.19,5.19,0.0
86472000,2026-09-04T22:45:00-03:00,5.18,5.18,0.0
86472000,2026-09-04T23:00:00-03:00,5.17,5.17,0.0
86472000,2026-09-04T23:15:00-03:00,5.17,5.17,0.0
86472000,2026-09-04T23:30:00-03:00,5.16,5.16,0.0
86472000,2026-09-04T23:45:00-03:00,5.16,5.16,0.0
86472000,2026-09-05T00:00:00-03:00,5.15,5.15,0.0
86472000,2026-09-05T00:15:00-03:00,5.15,5.15,0.0
86472000,2026-09-05T00:30:00-03:00,5.15,5.15,0.0
86472000,2026-09-05T00:45:00-03:00,5.16,5.16,0.0
86472000,2026-09-05T01:00:00-03:00,5.16,5.16,0.0
86472000,2026-09-05T01:15:00-03:00,5.17,5.17,0.0
86472000,2026-09-05T01:30:00-03:00,5.18,5.18,0.0
86472000,2026-09-05T01:45:00-03:00,5.18,5.18,0.0
86472000,2026-09-05T02:00:00-03:00,5.19,5.19,0.0
86472000,2026-09-05T02:15:00-03:00,5.19,5.19,0.0
86472000,2026-09-05T02:30:00-03:00,5.19,5.19,0.0
86472000,2026-09-05T02:45:00-03:00,5.2,5.2,0.0
86472000,2026-09-05T03:00:00-03:00,5.19,5.19,0.0
86472000,2026-09-05T03:15:00-03:00,5.19,5.19,0.0
86472000,2026-09-05T03:30:00-03:00,5.19,5.19,0.0
86472000,2026-09-05T03:45:00-03:00,5.18,5.18,0.0
86472000,2026-09-05T04:00:00-03:00,5.18,5.18,0.0
86472000,2026-09-05T04:15:00-03:00,5.18,5.18,0.0
86472000,2026-09-05T04:30:00-03:00,5.17,5.17,0.0
86472000,2026-09-05T04:45:00-03:00,5.17,5.17,0.0
86472000,2026-09-05T05:00:00-03:00,5.16,5.16,0.0
86472000,2026-09-05T05:15:00-03:00,5.16,5.16,0.0
86472000,2026-09-05T05:30:00-03:00,5.15,5.15,0.0
86472000,2026-09-05T05:45:00-03:00,5.15,5.15,0.0
86472000,2026-09-05T06:00:00-03:00,5.15,5.15,0.0
86472000,2026-09-05T06:15:00-03:00,5.14,5.14,0.0
86472000,2026-09-05T06:30:00-03:00,5.14,5.14,0.0
86472000,2026-09-05T06:45:00-03:00,5.13,5.13,0.0
86472000,2026-09-05T07:00:00-03:00,5.13,5.13,0.0
86472000,2026-09-05T07:15:00-03:00,5.12,5.12,0.0
86472000,2026-09-05T07:30:00-03:00,5.12,5.12,0.0
86472000,2026-09-05T07:45:00-03:00,5.08,5.08,0.0
86472000,2026-09-05T08:00:00-03:00,4.98,4.98,0.0
86472000,2026-09-05T08:15:00-03:00,4.83,4.83,0.0
86472000,2026-09-05T08:30:00-03:00,4.68,4.68,0.0
86472000,2026-09-05T08:45:00-03:00,4.52,4.52,0.0
86472000,2026-09-05T09:00:00-03:00,4.39,4.39,0.0
86472000,2026-09-05T09:15:00-03:00,4.28,4.28,0.0
86472000,2026-09-05T09:30:00-03:00,4.18,4.18,0.0
86472000,2026-09-05T09:45:00-03:00,4.11,4.11,0.0
86472000,2026-09-05T10:00:00-03:00,4.06,4.06,0.0
86472000,2026-09-05T10:15:00-03:00,4.04,4.04,0.0
86472000,2026-09-05T10:30:00-03:00,4.04,4.04,0.0
86472000,2026-09-05T10:45:00-03:00,4.05,4.05,0.0
86472000,2026-09-05T11:00:00-03:00,4.08,4.08,0.0
86472000,2026-09-05T11:15:00-03:00,4.13,4.13,0.0
86472000,2026-09-05T11:30:00-03:00,4.18,4.18,0.0
86472000,2026-09-05T11:45:00-03:00,4.24,4.24,0.0
86472000,2026-09-05T12:00:00-03:00,4.31,4.31,0.0
86472000,2026-09-05T12:15:00-03:00,4.37,4.37,0.0
86472000,2026-09-05T12:30:00-03:00,4.43,4.43,0.0
86472000,2026-09-05T12:45:00-03:00,4.48,4.48,0.0
86472000,2026-09-05T13:00:00-03:00,4.53,4.53,0.0
86472000,2026-09-05T13:15:00-03:00,4.59,4.59,0.0
86472000,2026-09-05T13:30:00-03:00,4.64,4.64,0.0
86472000,2026-09-05T13:45:00-03:00,4.67,4.67,0.0
86472000,2026-09-05T14:00:00-03:00,4.71,4.71,0.0
86472000,2026-09-05T14:15:00-03:00,4.74,4.74,0.0
86472000,2026-09-05T14:30:00-03:00,4.76,4.76,0.0
86472000,2026-09-05T14:45:00-03:00,4.78,4.78,0.0
86472000,2026-09-05T15:00:00-03:00,4.8,4.8,0.0
86472000,2026-09-05T15:15:00-03:00,4.81,4.81,0.0
86472000,2026-09-05T15:30:00-03:00,4.82,4.82,0.0
86472000,2026-09-05T15:45:00-03:00,4.83,4.83,0.0
86472000,2026-09-05T16:00:00-03:00,4.84,4.84,0.0
86472000,2026-09-05T16:15:00-03:00,4.85,4.85,0.0
86472000,2026-09-05T16:30:00-03:00,4.85,4.85,0.0
86472000,2026-09-05T16:45:00-03:00,4.85,4.85,0.0
86472000,2026-09-05T17:00:00-03:00,4.86,4.86,0.0
86472000,2026-09-05T17:15:00-03:00,4.86,4.86,0.0
86472000,2026-09-05T17:30:00-03:00,4.87,4.87,0.0
86472000,2026-09-05T17:45:00-03:00,4.97,4.97,0.0
86472000,2026-09-05T18:00:00-03:00,5.15,5.15,0.0
86472000,2026-09-05T18:15:00-03:00,5.34,5.34,0.0
86472000,2026-09-05T18:30:00-03:00,5.49,5.49,0.0
86472000,2026-09-05T18:45:00-03:00,5.59,5.59,0.0
86472000,2026-09-05T19:00:00-03:00,5.66,5.66,0.0
86472000,2026-09-05T19:15:00-03:00,5.7,5.7,0.0
86472000,2026-09-05T19:30:00-03:00,5.7,5.7,0.0
86472000,2026-09-05T19:45:00-03:00,5.69,5.69,0.0
86472000,2026-09-05T20:00:00-03:00,5.66,5.66,0.0
86472000,2026-09-05T20:15:00-03:00,5.63,5.63,0.0
86472000,2026-09-05T20:30:00-03:00,5.59,5.59,0.0
86472000,2026-09-05T20:45:00-03:00,5.55,5.55,0.0
86472000,2026-09-05T21:00:00-03:00,5.51,5.51,0.0
86472000,2026-09-05T21:15:00-03:00,5.47,5.47,0.0
86472000,2026-09-05T21:30:00-03:00,5.43,5.43,0.0
86472000,2026-09-05T21:45:00-03:00,5.4,5.4,0.0
86472000,2026-09-05T22:00:00-03:00,5.37,5.37,0.0
86472000,2026-09-05T22:15:00-03:00,5.34,5.34,0.0
86472000,2026-09-05T22:30:00-03:00,5.31,5.31,0.0
86472000,2026-09-05T22:45:00-03:00,5.28,5.28,0.0
86472000,2026-09-05T23:00:00-03:00,5.26,5.26,0.0
86472000,2026-09-05T23:15:00-03:00,5.23,5.23,0.0
86472000,2026-09-05T23:30:00-03:00,5.21,5.21,0.0
86472000,2026-09-05T23:45:00-03:00,5.19,5.19,0.0
86472000,2026-09-06T00:00:00-03:00,5.16,5.16,0.0
86472000,2026-09-06T00:15:00-03:00,5.15,5.15,0.0
86472000,2026-09-06T00:30:00-03:00,5.13,5.13,0.0
86472000,2026-09-06T00:45:00-03:00,5.11,5.11,0.0
86472000,2026-09-06T01:00:00-03:00,5.09,5.09,0.0
86472000,2026-09-06T01:15:00-03:00,5.08,5.08,0.0
86472000,2026-09-06T01:30:00-03:00,5.07,5.07,0.0
86472000,2026-09-06T01:45:00-03:00,5.05,5.05,0.0
86472000,2026-09-06T02:00:00-03:00,5.04,5.04,0.0
86472000,2026-09-06T02:15:00-03:00,5.03,5.03,0.0
86472000,2026-09-06T02:30:00-03:00,5.01,5.01,0.0
86472000,2026-09-06T02:45:00-03:00,5.01,5.01,0.0
86472000,2026-09-06T03:00:00-03:00,4.99,4.99,0.0
86472000,2026-09-06T03:15:00-03:00,4.98,4.98,0.0
86472000,2026-09-06T03:30:00-03:00,4.97,4.97,0.0
86472000,2026-09-06T03:45:00-03:00,4.96,4.96,0.0
86472000,2026-09-06T04:00:00-03:00,4.95,4.95,0.0
86472000,2026-09-06T04:15:00-03:00,4.94,4.94,0.0
86472000,2026-09-06T04:30:00-03:00,4.94,4.94,0.0
86472000,2026-09-06T04:45:00-03:00,4.93,4.93,0.0
86472000,2026-09-06T05:00:00-03:00,4.92,4.92,0.0
86472000,2026-09-06T05:15:00-03:00,4.91,4.91,0.0
86472000,2026-09-06T05:30:00-03:00,4.91,4.91,0.0
86472000,2026-09-06T05:45:00-03:00,4.9,4.9,0.0
86472000,2026-09-06T06:00:00-03:00,4.89,4.89,0.0
86472000,2026-09-06T06:15:00-03:00,4.88,4.88,0.0
86472000,2026-09-06T06:30:00-03:00,4.88,4.88,0.0
86472000,2026-09-06T06:45:00-03:00,4.87,4.87,0.0
86472000,2026-09-06T07:00:00-03:00,4.86,4.86,0.0
86472000,2026-09-06T07:15:00-03:00,4.78,4.78,0.0
86472000,2026-09-06T07:30:00-03:00,4.65,4.65,0.0
86472000,2026-09-06T07:45:00-03:00,4.5,4.5,0.0
86472000,2026-09-06T08:00:00-03:00,4.35,4.35,0.0
86472000,2026-09-06T08:15:00-03:00,4.2,4.2,0.0
86472000,2026-09-06T08:30:00-03:00,4.07,4.07,0.0
86472000,2026-09-06T08:45:00-03:00,3.96,3.96,0.0
86472000,2026-09-06T09:00:00-03:00,3.87,3.87,0.0
86472000,2026-09-06T09:15:00-03:00,3.79,3.79,0.0
86472000,2026-09-06T09:30:00-03:00,3.73,3.73,0.0
86472000,2026-09-06T09:45:00-03:00,3.69,3.69,0.0
86472000,2026-09-06T10:00:00-03:00,3.67,3.67,0.0
86472000,2026-09-06T10:15:00-03:00,3.66,3.66,0.0
86472000,2026-09-06T10:30:00-03:00,3.66,3.66,0.0
86472000,2026-09-06T10:45:00-03:00,3.69,3.69,0.0
86472000,2026-09-06T11:00:00-03:00,3.73,3.73,0.0
86472000,2026-09-06T11:15:00-03:00,3.77,3.77,0.0
86472000,2026-09-06T11:30:00-03:00,3.83,3.83,0.0
86472000,2026-09-06T11:45:00-03:00,3.89,3.89,0.0
86472000,2026-09-06T12:00:00-03:00,3.96,3.96,0.0
86472000,2026-09-06T12:15:00-03:00,4.02,4.02,0.0
86472000,2026-09-06T12:30:00-03:00,4.09,4.09,0.0
86472000,2026-09-06T12:45:00-03:00,4.15,4.15,0.0
86472000,2026-09-06T13:00:00-03:00,4.2,4.2,0.0
86472000,2026-09-06T13:15:00-03:00,4.25,4.25,0.0
86472000,2026-09-06T13:30:00-03:00,4.3,4.3,0.0
86472000,2026-09-06T13:45:00-03:00,4.34,4.34,0.0
86472000,2026-09-06T14:00:00-03:00,4.38,4.38,0.0
86472000,2026-09-06T14:15:00-03:00,4.41,4.41,0.0
86472000,2026-09-06T14:30:00-03:00,4.44,4.44,0.0
86472000,2026-09-06T14:45:00-03:00,4.47,4.47,0.0
86472000,2026-09-06T15:00:00-03:00,4.49,4.49,0.0
86472000,2026-09-06T15:15:00-03:00,4.52,4.52,0.0
86472000,2026-09-06T15:30:00-03:00,4.54,4.54,0.0
86472000,2026-09-06T15:45:00-03:00,4.56,4.56,0.0
86472000,2026-09-06T16:00:00-03:00,4.57,4.57,0.0
86472000,2026-09-06T16:15:00-03:00,4.59,4.59,0.0
86472000,2026-09-06T16:30:00-03:00,4.6,4.6,0.0
86472000,2026-09-06T16:45:00-03:00,4.64,4.64,0.0
86472000,2026-09-06T17:00:00-03:00,4.77,4.77,0.0
86472000,2026-09-06T17:15:00-03:00,4.98,4.98,0.0
86472000,2026-09-06T17:30:00-03:00,5.18,5.18,0.0
86472000,2026-09-06T17:45:00-03:00,5.32,5.32,0.0
86472000,2026-09-06T18:00:00-03:00,5.42,5.42,0.0
86472000,2026-09-06T18:15:00-03:00,5.49,5.49,0.0
86472000,2026-09-06T18:30:00-03:00,5.52,5.52,0.0
86472000,2026-09-06T18:45:00-03:00,5.52,5.52,0.0
86472000,2026-09-06T19:00:00-03:00,5.51,5.51,0.0
86472000,2026-09-06T19:15:00-03:00,5.49,5.49,0.0
86472000,2026-09-06T19:30:00-03:00,5.46,5.46,0.0
86472000,2026-09-06T19:45:00-03:00,5.42,5.42,0.0
86472000,2026-09-06T20:00:00-03:00,5.38,5.38,0.0
86472000,2026-09-06T20:15:00-03:00,5.34,5.34,0.0
86472000,2026-09-06T20:30:00-03:00,5.3,5.3,0.0
86472000,2026-09-06T20:45:00-03:00,5.27,5.27,0.0
86472000,2026-09-06T21:00:00-03:00,5.23,5.23,0.0
86472000,2026-09-06T21:15:00-03:00,5.19,5.19,0.0
86472000,2026-09-06T21:30:00-03:00,5.16,5.16,0.0
86472000,2026-09-06T21:45:00-03:00,5.13,5.13,0.0
86472000,2026-09-06T22:00:00-03:00,5.1,5.1,0.0
86472000,2026-09-06T22:15:00-03:00,5.08,5.08,0.0
86472000,2026-09-06T22:30:00-03:00,5.05,5.05,0.0
86472000,2026-09-06T22:45:00-03:00,5.03,5.03,0.0
86472000,2026-09-06T23:00:00-03:00,5.0,5.0,0.0
86472000,2026-09-06T23:15:00-03:00,4.98,4.98,0.0
86472000,2026-09-06T23:30:00-03:00,4.96,4.96,0.0
86472000,2026-09-06T23:45:00-03:00,4.94,4.94,0.0
86472000,2026-09-07T00:00:00-03:00,4.93,4.93,0.0
86472000,2026-09-07T00:15:00-03:00,4.91,4.91,0.0
86472000,2026-09-07T00:30:00-03:00,4.89,4.89,0.0
86472000,2026-09-07T00:45:00-03:00,4.86,4.86,0.0
86472000,2026-09-07T01:00:00-03:00,4.85,4.85,0.0
86472000,2026-09-07T01:15:00-03:00,4.83,4.83,0.0
86472000,2026-09-07T01:30:00-03:00,4.81,4.81,0.0
86472000,2026-09-07T01:45:00-03:00,4.8,4.8,0.0
86472000,2026-09-07T02:00:00-03:00,4.78,4.78,0.0
86472000,2026-09-07T02:15:00-03:00,4.77,4.77,0.0
86472000,2026-09-07T02:30:00-03:00,4.76,4.76,0.0
86472000,2026-09-07T02:45:00-03:00,4.75,4.75,0.0
86472000,2026-09-07T03:00:00-03:00,4.74,4.74,0.0
86472000,2026-09-07T03:15:00-03:00,4.74,4.74,0.0
86472000,2026-09-07T03:30:00-03:00,4.73,4.73,0.0
86472000,2026-09-07T03:45:00-03:00,4.72,4.72,0.0
86472000,2026-09-07T04:00:00-03:00,4.71,4.71,0.0
86472000,2026-09-07T04:15:00-03:00,4.7,4.7,0.0
86472000,2026-09-07T04:30:00-03:00,4.69,4.69,0.0
86472000,2026-09-07T04:45:00-03:00,4.69,4.69,0.0
86472000,2026-09-07T05:00:00-03:00,4.68,4.68,0.0
86472000,2026-09-07T05:15:00-03:00,4.68,4.68,0.0
86472000,2026-09-07T05:30:00-03:00,4.67,4.67,0.0
86472000,2026-09-07T05:45:00-03:00,4.67,4.67,0.0
86472000,2026-09-07T06:00:00-03:00,4.67,4.67,0.0
86472000,2026-09-07T06:15:00-03:00,4.66,4.66,0.0
86472000,2026-09-07T06:30:00-03:00,4.66,4.66,0.0
86472000,2026-09-07T06:45:00-03:00,4.66,4.66,0.0
86472000,2026-09-07T07:00:00-03:00,4.65,4.65,0.0
86472000,2026-09-07T07:15:00-03:00,4.56,4.56,0.0
86472000,2026-09-07T07:30:00-03:00,4.43,4.43,0.0
86472000,2026-09-07T07:45:00-03:00,4.28,4.28,0.0
86472000,2026-09-07T08:00:00-03:00,4.13,4.13,0.0
86472000,2026-09-07T08:15:00-03:00,3.99,3.99,0.0
86472000,2026-09-07T08:30:00-03:00,3.86,3.86,0.0
86472000,2026-09-07T08:45:00-03:00,3.75,3.75,0.0
86472000,2026-09-07T09:00:00-03:00,3.66,3.66,0.0
86472000,2026-09-07T09:15:00-03:00,3.58,3.58,0.0
86472000,2026-09-07T09:30:00-03:00,3.51,3.51,0.0
86472000,2026-09-07T09:45:00-03:00,3.46,3.46,0.0
86472000,2026-09-07T10:00:00-03:00,3.41,3.41,0.0
86472000,2026-09-07T10:15:00-03:00,3.38,3.38,0.0
86472000,2026-09-07T10:30:00-03:00,3.36,3.36,0.0
86472000,2026-09-07T10:45:00-03:00,3.35,3.35,0.0
86472000,2026-09-07T11:00:00-03:00,3.34,3.34,0.0
86472000,2026-09-07T11:15:00-03:00,3.36,3.36,0.0
86472000,2026-09-07T11:30:00-03:00,3.38,3.38,0.0
86472000,2026-09-07T11:45:00-03:00,3.41,3.41,0.0
86472000,2026-09-07T12:00:00-03:00,3.46,3.46,0.0
86472000,2026-09-07T12:15:00-03:00,3.51,3.51,0.0
86472000,2026-09-07T12:30:00-03:00,3.58,3.58,0.0
86472000,2026-09-07T12:45:00-03:00,3.65,3.65,0.0
86472000,2026-09-07T13:00:00-03:00,3.72,3.72,0.0
86472000,2026-09-07T13:15:00-03:00,3.79,3.79,0.0
86472000,2026-09-07T13:30:00-03:00,3.86,3.86,0.0
86472000,2026-09-07T13:45:00-03:00,3.92,3.92,0.0
86472000,2026-09-07T14:00:00-03:00,3.98,3.98,0.0
86472000,2026-09-07T14:15:00-03:00,4.03,4.03,0.0
86472000,2026-09-07T14:30:00-03:00,4.08,4.08,0.0
86472000,2026-09-07T14:45:00-03:00,4.12,4.12,0.0
86472000,2026-09-07T15:00:00-03:00,4.17,4.17,0.0
86472000,2026-09-07T15:15:00-03:00,4.2,4.2,0.0
86472000,2026-09-07T15:30:00-03:00,4.23,4.23,0.0
86472000,2026-09-07T15:45:00-03:00,4.25,4.25,0.0
86472000,2026-09-07T16:00:00-03:00,4.28,4.28,0.0
86472000,2026-09-07T16:15:00-03:00,4.3,4.3,0.0
86472000,2026-09-07T16:30:00-03:00,4.32,4.32,0.0
86472000,2026-09-07T16:45:00-03:00,4.33,4.33,0.0
86472000,2026-09-07T17:00:00-03:00,4.39,4.39,0.0
86472000,2026-09-07T17:15:00-03:00,4.54,4.54,0.0
86472000,2026-09-07T17:30:00-03:00,4.76,4.76,0.0
86472000,2026-09-07T17:45:00-03:00,4.95,4.95,0.0
86472000,2026-09-07T18:00:00-03:00,5.1,5.1,0.0
86472000,2026-09-07T18:15:00-03:00,5.22,5.22,0.0
86472000,2026-09-07T18:30:00-03:00,5.29,5.29,0.0
86472000,2026-09-07T18:45:00-03:00,5.33,5.33,0.0
86472000,2026-09-07T19:00:00-03:00,5.34,5.34,0.0
86472000,2026-09-07T19:15:00-03:00,5.33,5.33,0.0
86472000,2026-09-07T19:30:00-03:00,5.32,5.32,0.0
86472000,2026-09-07T19:45:00-03:00,5.29,5.29,0.0
86472000,2026-09-07T20:00:00-03:00,5.26,5.26,0.0
86472000,2026-09-07T20:15:00-03:00,5.22,5.22,0.0
86472000,2026-09-07T20:30:00-03:00,5.19,5.19,0.0
86472000,2026-09-07T20:45:00-03:00,5.16,5.16,0.0
86472000,2026-09-07T21:00:00-03:00,5.13,5.13,0.0
86472000,2026-09-07T21:15:00-03:00,5.09,5.09,0.0
86472000,2026-09-07T21:30:00-03:00,5.06,5.06,0.0
86472000,2026-09-07T21:45:00-03:00,5.03,5.03,0.0
86472000,2026-09-07T22:00:00-03:00,5.01,5.01,0.0
86472000,2026-09-07T22:15:00-03:00,4.98,4.98,0.0
86472000,2026-09-07T22:30:00-03:00,4.96,4.96,0.0
86472000,2026-09-07T22:45:00-03:00,4.94,4.94,0.0
86472000,2026-09-07T23:00:00-03:00,4.92,4.92,0.0
86472000,2026-09-07T23:15:00-03:00,4.9,4.9,0.0
86472000,2026-09-07T23:30:00-03:00,4.88,4.88,0.0
86472000,2026-09-07T23:45:00-03:00,4.86,4.86,0.0
86472000,2026-09-08T00:00:00-03:00,4.85,4.85,0.0
86472000,2026-09-08T00:15:00-03:00,4.83,4.83,0.0
86472000,2026-09-08T00:30:00-03:00,4.82,4.82,0.0
86472000,2026-09-08T00:45:00-03:00,4.81,4.81,0.0
86472000,2026-09-08T01:00:00-03:00,4.8,4.8,0.0
86472000,2026-09-08T01:15:00-03:00,4.79,4.79,0.0
86472000,2026-09-08T01:30:00-03:00,4.78,4.78,0.0
86472000,2026-09-08T01:45:00-03:00,4.77,4.77,0.0
86472000,2026-09-08T02:00:00-03:00,4.76,4.76,0.0
86472000,2026-09-08T02:15:00-03:00,4.75,4.75,0.0
86472000,2026-09-08T02:30:00-03:00,4.74,4.74,0.0
86472000,2026-09-08T02:45:00-03:00,4.74,4.74,0.0
86472000,2026-09-08T03:00:00-03:00,4.73,4.73,0.0
86472000,2026-09-08T03:15:00-03:00,4.72,4.72,0.0
86472000,2026-09-08T03:30:00-03:00,4.72,4.72,0.0
86472000,2026-09-08T03:45:00-03:00,4.71,4.71,0.0
86472000,2026-09-08T04:00:00-03:00,4.71,4.71,0.0
86472000,2026-09-08T04:15:00-03:00,4.71,4.71,0.0
86472000,2026-09-08T04:30:00-03:00,4.7,4.7,0.0
86472000,2026-09-08T04:45:00-03:00,4.7,4.7,0.0
86472000,2026-09-08T05:00:00-03:00,4.7,4.7,0.0
86472000,2026-09-08T05:15:00-03:00,4.7,4.7,0.0
86472000,2026-09-08T05:30:00-03:00,4.7,4.7,0.0
86472000,2026-09-08T05:45:00-03:00,4.69,4.69,0.0
86472000,2026-09-08T06:00:00-03:00,4.69,4.69,0.0
86472000,2026-09-08T06:15:00-03:00,4.69,4.69,0.0
86472000,2026-09-08T06:30:00-03:00,4.69,4.69,0.0
86472000,2026-09-08T06:45:00-03:00,4.69,4.69,0.0
86472000,2026-09-08T07:00:00-03:00,4.69,4.69,0.0
86472000,2026-09-08T07:15:00-03:00,4.7,4.7,0.0
86472000,2026-09-08T07:30:00-03:00,4.69,4.69,0.0
86472000,2026-09-08T07:45:00-03:00,4.69,4.69,0.0
86472000,2026-09-08T08:00:00-03:00,4.7,4.7,0.0
86472000,2026-09-08T08:15:00-03:00,4.7,4.7,0.0
86472000,2026-09-08T08:30:00-03:00,4.69,4.69,0.0
86472000,2026-09-08T08:45:00-03:00,4.61,4.61,0.0
86472000,2026-09-08T09:00:00-03:00,4.49,4.49,0.0
86472000,2026-09-08T09:15:00-03:00,4.34,4.34,0.0
86472000,2026-09-08T09:30:00-03:00,4.19,4.19,0.0
86472000,2026-09-08T09:45:00-03:00,4.05,4.05,0.0
86472000,2026-09-08T10:00:00-03:00,3.92,3.92,0.0
86472000,2026-09-08T10:15:00-03:00,3.8,3.8,0.0
86472000,2026-09-08T10:30:00-03:00,3.7,3.7,0.0
86472000,2026-09-08T10:45:00-03:00,3.62,3.62,0.0
86472000,2026-09-08T11:00:00-03:00,3.54,3.54,0.0
86472000,2026-09-08T11:15:00-03:00,3.47,3.47,0.0
86472000,2026-09-08T11:30:00-03:00,3.42,3.42,0.0
86472000,2026-09-08T11:45:00-03:00,3.37,3.37,0.0
86472000,2026-09-08T12:00:00-03:00,3.33,3.33,0.0
86472000,2026-09-08T12:15:00-03:00,3.29,3.29,0.0
86472000,2026-09-08T12:30:00-03:00,3.26,3.26,0.0
86472000,2026-09-08T12:45:00-03:00,3.24,3.24,0.0
86472000,2026-09-08T13:00:00-03:00,3.22,3.22,0.0
86472000,2026-09-08T13:15:00-03:00,3.21,3.21,0.0
86472000,2026-09-08T13:30:00-03:00,3.2,3.2,0.0
86472000,2026-09-08T13:45:00-03:00,3.21,3.21,0.0
86472000,2026-09-08T14:00:00-03:00,3.22,3.22,0.0
86472000,2026-09-08T14:15:00-03:00,3.25,3.25,0.0
86472000,2026-09-08T14:30:00-03:00,3.29,3.29,0.0
86472000,2026-09-08T14:45:00-03:00,3.33,3.33,0.0
86472000,2026-09-08T15:00:00-03:00,3.39,3.39,0.0
86472000,2026-09-08T15:15:00-03:00,3.44,3.44,0.0
86472000,2026-09-08T15:30:00-03:00,3.51,3.51,0.0
86472000,2026-09-08T15:45:00-03:00,3.58,3.58,0.0
86472000,2026-09-08T16:00:00-03:00,3.64,3.64,0.0
86472000,2026-09-08T16:15:00-03:00,3.7,3.7,0.0
86472000,2026-09-08T16:30:00-03:00,3.79,3.79,0.0
86472000,2026-09-08T16:45:00-03:00,3.95,3.95,0.0
86472000,2026-09-08T17:00:00-03:00,4.23,4.23,0.0
86472000,2026-09-08T17:15:00-03:00,4.5,4.5,0.0
86472000,2026-09-08T17:30:00-03:00,4.72,4.72,0.0
86472000,2026-09-08T17:45:00-03:00,4.88,4.88,0.0
86472000,2026-09-08T18:00:00-03:00,4.99,4.99,0.0
86472000,2026-09-08T18:15:00-03:00,5.07,5.07,0.0
86472000,2026-09-08T18:30:00-03:00,5.1,5.1,0.0
86472000,2026-09-08T18:45:00-03:00,5.12,5.12,0.0
86472000,2026-09-08T19:00:00-03:00,5.12,5.12,0.0
86472000,2026-09-08T19:15:00-03:00,5.11,5.11,0.0
86472000,2026-09-08T19:30:00-03:00,5.09,5.09,0.0
86472000,2026-09-08T19:45:00-03:00,5.06,5.06,0.0
86472000,2026-09-08T20:00:00-03:00,5.03,5.03,0.0
86472000,2026-09-08T20:15:00-03:00,5.01,5.01,0.0
86472000,2026-09-08T20:30:00-03:00,4.98,4.98,0.0
86472000,2026-09-08T20:45:00-03:00,4.95,4.95,0.0
86472000,2026-09-08T21:00:00-03:00,4.92,4.92,0.0
86472000,2026-09-08T21:15:00-03:00,4.89,4.89,0.0
86472000,2026-09-08T21:30:00-03:00,4.87,4.87,0.0
86472000,2026-09-08T21:45:00-03:00,4.84,4.84,0.0
86472000,2026-09-08T22:00:00-03:00,4.82,4.82,0.0
86472000,2026-09-08T22:15:00-03:00,4.8,4.8,0.0
86472000,2026-09-08T22:30:00-03:00,4.78,4.78,0.0
86472000,2026-09-08T22:45:00-03:00,4.76,4.76,0.0
86472000,2026-09-08T23:00:00-03:00,4.74,4.74,0.0
86472000,2026-09-08T23:15:00-03:00,4.72,4.72,0.0
86472000,2026-09-08T23:30:00-03:00,4.71,4.71,0.0
86472000,2026-09-08T23:45:00-03:00,4.69,4.69,0.0
86472000,2026-09-09T00:00:00-03:00,4.68,4.68,0.0
86472000,2026-09-09T00:15:00-03:00,4.67,4.67,0.0
86472000,2026-09-09T00:30:00-03:00,4.66,4.66,0.0
86472000,2026-09-09T00:45:00-03:00,4.65,4.65,0.0
86472000,2026-09-09T01:00:00-03:00,4.64,4.64,0.0
86472000,2026-09-09T01:15:00-03:00,4.63,4.63,0.0
86472000,2026-09-09T01:30:00-03:00,4.62,4.62,0.0
86472000,2026-09-09T01:45:00-03:00,4.61,4.61,0.0
86472000,2026-09-09T02:00:00-03:00,4.61,4.61,0.0
86472000,2026-09-09T02:15:00-03:00,4.6,4.6,0.0
86472000,2026-09-09T02:30:00-03:00,4.6,4.6,0.0
86472000,2026-09-09T02:45:00-03:00,4.58,4.58,0.0
86472000,2026-09-09T03:00:00-03:00,4.5,4.5,0.0
86472000,2026-09-09T03:15:00-03:00,4.37,4.37,0.0
86472000,2026-09-09T03:30:00-03:00,4.23,4.23,0.0
86472000,2026-09-09T03:45:00-03:00,4.09,4.09,0.0
86472000,2026-09-09T04:00:00-03:00,3.96,3.96,0.0
86472000,2026-09-09T04:15:00-03:00,3.84,3.84,0.0
86472000,2026-09-09T04:30:00-03:00,3.74,3.74,0.0
86472000,2026-09-09T04:45:00-03:00,3.65,3.65,0.0
86472000,2026-09-09T05:00:00-03:00,3.57,3.57,0.0
86472000,2026-09-09T05:15:00-03:00,3.5,3.5,0.0
86472000,2026-09-09T05:30:00-03:00,3.44,3.44,0.0
86472000,2026-09-09T05:45:00-03:00,3.39,3.39,0.0
86472000,2026-09-09T06:00:00-03:00,3.36,3.36,0.0
86472000,2026-09-09T06:15:00-03:00,3.34,3.34,0.0
86472000,2026-09-09T06:30:00-03:00,3.33,3.33,0.0
86472000,2026-09-09T06:45:00-03:00,3.35,3.35,0.0
86472000,2026-09-09T07:00:00-03:00,3.37,3.37,0.0
86472000,2026-09-09T07:15:00-03:00,3.42,3.42,0.0
86472000,2026-09-09T07:30:00-03:00,3.48,3.48,0.0
86472000,2026-09-09T07:45:00-03:00,3.58,3.58,0.0
86472000,2026-09-09T08:00:00-03:00,3.7,3.7,0.0
86472000,2026-09-09T08:15:00-03:00,3.83,3.83,0.0
86472000,2026-09-09T08:30:00-03:00,3.95,3.95,0.0
86472000,2026-09-09T08:45:00-03:00,4.07,4.07,0.0
86472000,2026-09-09T09:00:00-03:00,4.16,4.16,0.0
86472000,2026-09-09T09:15:00-03:00,4.24,4.24,0.0
86472000,2026-09-09T09:30:00-03:00,4.3,4.3,0.0
86472000,2026-09-09T09:45:00-03:00,4.34,4.34,0.0
86472000,2026-09-09T10:00:00-03:00,4.38,4.38,0.0
86472000,2026-09-09T10:15:00-03:00,4.4,4.4,0.0
86472000,2026-09-09T10:30:00-03:00,4.42,4.42,0.0
86472000,2026-09-09T10:45:00-03:00,4.4,4.4,0.0
86472000,2026-09-09T11:00:00-03:00,4.34,4.34,0.0
86472000,2026-09-09T11:15:00-03:00,4.26,4.26,0.0
86472000,2026-09-09T11:30:00-03:00,4.18,4.18,0.0
86472000,2026-09-09T11:45:00-03:00,4.1,4.1,0.0
86472000,2026-09-09T12:00:00-03:00,4.02,4.02,0.0
86472000,2026-09-09T12:15:00-03:00,3.96,3.96,0.0
86472000,2026-09-09T12:30:00-03:00,3.9,3.9,0.0
86472000,2026-09-09T12:45:00-03:00,3.86,3.86,0.0
86472000,2026-09-09T13:00:00-03:00,3.83,3.83,0.0
86472000,2026-09-09T13:15:00-03:00,3.81,3.81,0.0
86472000,2026-09-09T13:30:00-03:00,3.8,3.8,0.0
86472000,2026-09-09T13:45:00-03:00,3.8,3.8,0.0
86472000,2026-09-09T14:00:00-03:00,3.8,3.8,0.0
86472000,2026-09-09T14:15:00-03:00,3.82,3.82,0.0
86472000,2026-09-09T14:30:00-03:00,3.83,3.83,0.0
86472000,2026-09-09T14:45:00-03:00,3.85,3.85,0.0
86472000,2026-09-09T15:00:00-03:00,3.88,3.88,0.0
86472000,2026-09-09T15:15:00-03:00,3.91,3.91,0.0
86472000,2026-09-09T15:30:00-03:00,3.94,3.94,0.0
86472000,2026-09-09T15:45:00-03:00,3.96,3.96,0.0
86472000,2026-09-09T16:00:00-03:00,3.99,3.99,0.0
86472000,2026-09-09T16:15:00-03:00,4.01,4.01,0.0
86472000,2026-09-09T16:30:00-03:00,4.06,4.06,0.0
86472000,2026-09-09T16:45:00-03:00,4.18,4.18,0.0
86472000,2026-09-09T17:00:00-03:00,4.42,4.42,0.0
86472000,2026-09-09T17:15:00-03:00,4.66,4.66,0.0
86472000,2026-09-09T17:30:00-03:00,4.85,4.85,0.0
86472000,2026-09-09T17:45:00-03:00,5.0,5.0,0.0
86472000,2026-09-09T18:00:00-03:00,5.09,5.09,0.0
86472000,2026-09-09T18:15:00-03:00,5.15,5.15,0.0
86472000,2026-09-09T18:30:00-03:00,5.18,5.18,0.0
86472000,2026-09-09T18:45:00-03:00,5.19,5.19,0.0
86472000,2026-09-09T19:00:00-03:00,5.17,5.17,0.0
86472000,2026-09-09T19:15:00-03:00,5.16,5.16,0.0
86472000,2026-09-09T19:30:00-03:00,5.13,5.13,0.0
86472000,2026-09-09T19:45:00-03:00,5.1,5.1,0.0
86472000,2026-09-09T20:00:00-03:00,5.07,5.07,0.0
86472000,2026-09-09T20:15:00-03:00,5.04,5.04,0.0
86472000,2026-09-09T20:30:00-03:00,5.0,5.0,0.0
86472000,2026-09-09T20:45:00-03:00,4.98,4.98,0.0
86472000,2026-09-09T21:00:00-03:00,4.95,4.95,0.0
86472000,2026-09-09T21:15:00-03:00,4.93,4.93,0.0
86472000,2026-09-09T21:30:00-03:00,4.9,4.9,0.0
86472000,2026-09-09T21:45:00-03:00,4.88,4.88,0.0
86472000,2026-09-09T22:00:00-03:00,4.86,4.86,0.0
86472000,2026-09-09T22:15:00-03:00,4.84,4.84,0.0
86472000,2026-09-09T22:30:00-03:00,4.82,4.82,0.0
86472000,2026-09-09T22:45:00-03:00,4.8,4.8,0.0
86472000,2026-09-09T23:00:00-03:00,4.79,4.79,0.0
86472000,2026-09-09T23:15:00-03:00,4.77,4.77,0.0
86472000,2026-09-09T23:30:00-03:00,4.76,4.76,0.0
86472000,2026-09-09T23:45:00-03:00,4.75,4.75,0.0
86472000,2026-09-10T00:00:00-03:00,4.74,4.74,0.0
86472000,2026-09-10T00:15:00-03:00,4.72,4.72,0.0
86472000,2026-09-10T00:30:00-03:00,4.71,4.71,0.0
86472000,2026-09-10T00:45:00-03:00,4.71,4.71,0.0
86472000,2026-09-10T01:00:00-03:00,4.7,4.7,0.0
86472000,2026-09-10T01:15:00-03:00,4.69,4.69,0.0
86472000,2026-09-10T01:30:00-03:00,4.68,4.68,0.0
86472000,2026-09-10T01:45:00-03:00,4.68,4.68,0.0
86472000,2026-09-10T02:00:00-03:00,4.67,4.67,0.0
86472000,2026-09-10T02:15:00-03:00,4.67,4.67,0.0
86472000,2026-09-10T02:30:00-03:00,4.67,4.67,0.0
86472000,2026-09-10T02:45:00-03:00,4.67,4.67,0.0
86472000,2026-09-10T03:00:00-03:00,4.66,4.66,0.0
86472000,2026-09-10T03:15:00-03:00,4.66,4.66,0.0
86472000,2026-09-10T03:30:00-03:00,4.66,4.66,0.0
86472000,2026-09-10T03:45:00-03:00,4.66,4.66,0.0
86472000,2026-09-10T04:00:00-03:00,4.65,4.65,0.0
86472000,2026-09-10T04:15:00-03:00,4.65,4.65,0.0
86472000,2026-09-10T04:30:00-03:00,4.65,4.65,0.0
86472000,2026-09-10T04:45:00-03:00,4.65,4.65,0.0
86472000,2026-09-10T05:00:00-03:00,4.65,4.65,0.0
86472000,2026-09-10T05:15:00-03:00,4.66,4.66,0.0
86472000,2026-09-10T05:30:00-03:00,4.66,4.66,0.0
86472000,2026-09-10T05:45:00-03:00,4.66,4.66,0.0
86472000,2026-09-10T06:00:00-03:00,4.66,4.66,0.0
86472000,2026-09-10T06:15:00-03:00,4.66,4.66,0.0
86472000,2026-09-10T06:30:00-03:00,4.67,4.67,0.0
86472000,2026-09-10T06:45:00-03:00,4.67,4.67,0.0
86472000,2026-09-10T07:00:00-03:00,4.68,4.68,0.0
86472000,2026-09-10T07:15:00-03:00,4.69,4.69,0.0
86472000,2026-09-10T07:30:00-03:00,4.7,4.7,0.0
86472000,2026-09-10T07:45:00-03:00,4.71,4.71,0.0
86472000,2026-09-10T08:00:00-03:00,4.71,4.71,0.0
86472000,2026-09-10T08:15:00-03:00,4.72,4.72,0.0
86472000,2026-09-10T08:30:00-03:00,4.73,4.73,0.0
86472000,2026-09-10T08:45:00-03:00,4.74,4.74,0.0
86472000,2026-09-10T09:00:00-03:00,4.74,4.74,0.0
86472000,2026-09-10T09:15:00-03:00,4.74,4.74,0.0
86472000,2026-09-10T09:30:00-03:00,4.75,4.75,0.0
86472000,2026-09-10T09:45:00-03:00,4.75,4.75,0.0
86472000,2026-09-10T10:00:00-03:00,4.75,4.75,0.0
86472000,2026-09-10T10:15:00-03:00,4.75,4.75,0.0
86472000,2026-09-10T10:30:00-03:00,4.75,4.75,0.0
86472000,2026-09-10T10:45:00-03:00,4.75,4.75,0.0
86472000,2026-09-10T11:00:00-03:00,4.75,4.75,0.0
86472000,2026-09-10T11:15:00-03:00,4.76,4.76,0.0
86472000,2026-09-10T11:30:00-03:00,4.76,4.76,0.0
86472000,2026-09-10T11:45:00-03:00,4.76,4.76,0.0
86472000,2026-09-10T12:00:00-03:00,4.73,4.73,0.0
86472000,2026-09-10T12:15:00-03:00,4.69,4.69,0.0
86472000,2026-09-10T12:30:00-03:00,4.62,4.62,0.0
86472000,2026-09-10T12:45:00-03:00,4.54,4.54,0.0
86472000,2026-09-10T13:00:00-03:00,4.47,4.47,0.0
86472000,2026-09-10T13:15:00-03:00,4.4,4.4,0.0
86472000,2026-09-10T13:30:00-03:00,4.35,4.35,0.0
86472000,2026-09-10T13:45:00-03:00,4.31,4.31,0.0
86472000,2026-09-10T14:00:00-03:00,4.27,4.27,0.0
86472000,2026-09-10T14:15:00-03:00,4.25,4.25,0.0
86472000,2026-09-10T14:30:00-03:00,4.23,4.23,0.0
86472000,2026-09-10T14:45:00-03:00,4.21,4.21,0.0
86472000,2026-09-10T15:00:00-03:00,4.2,4.2,0.0
86472000,2026-09-10T15:15:00-03:00,4.21,4.21,0.0
86472000,2026-09-10T15:30:00-03:00,4.23,4.23,0.0
86472000,2026-09-10T15:45:00-03:00,4.31,4.31,0.0
86472000,2026-09-10T16:00:00-03:00,4.39,4.39,0.0
86472000,2026-09-10T16:15:00-03:00,4.46,4.46,0.0
86472000,2026-09-10T16:30:00-03:00,4.53,4.53,0.0
86472000,2026-09-10T16:45:00-03:00,4.59,4.59,0.0
86472000,2026-09-10T17:00:00-03:00,4.63,4.63,0.0
86472000,2026-09-10T17:15:00-03:00,4.66,4.66,0.0
86472000,2026-09-10T17:30:00-03:00,4.68,4.68,0.0
86472000,2026-09-10T17:45:00-03:00,4.69,4.69,0.0
86472000,2026-09-10T18:00:00-03:00,4.7,4.7,0.0
86472000,2026-09-10T18:15:00-03:00,4.7,4.7,0.0
86472000,2026-09-10T18:30:00-03:00,4.71,4.71,0.0
86472000,2026-09-10T18:45:00-03:00,4.7,4.7,0.0
86472000,2026-09-10T19:00:00-03:00,4.7,4.7,0.0
86472000,2026-09-10T19:15:00-03:00,4.69,4.69,0.0
86472000,2026-09-10T19:30:00-03:00,4.68,4.68,0.0
86472000,2026-09-10T19:45:00-03:00,4.68,4.68,0.0
86472000,2026-09-10T20:00:00-03:00,4.67,4.67,0.0
86472000,2026-09-10T20:15:00-03:00,4.67,4.67,0.0
86472000,2026-09-10T20:30:00-03:00,4.67,4.67,0.0
86472000,2026-09-10T20:45:00-03:00,4.66,4.66,0.0
86472000,2026-09-10T21:00:00-03:00,4.65,4.65,0.0
86472000,2026-09-10T21:15:00-03:00,4.65,4.65,0.0
86472000,2026-09-10T21:30:00-03:00,4.65,4.65,0.0
86472000,2026-09-10T21:45:00-03:00,4.65,4.65,0.0
86472000,2026-09-10T22:00:00-03:00,4.65,4.65,0.0
86472000,2026-09-10T22:15:00-03:00,4.65,4.65,0.0
86472000,2026-09-10T22:30:00-03:00,4.64,4.64,0.0
86472000,2026-09-10T22:45:00-03:00,4.64,4.64,0.0
86472000,2026-09-10T23:00:00-03:00,4.64,4.64,0.0
86472000,2026-09-10T23:15:00-03:00,4.62,4.62,0.0
86472000,2026-09-10T23:30:00-03:00,4.58,4.58,0.0
86472000,2026-09-10T23:45:00-03:00,4.54,4.54,0.0
86472000,2026-09-11T00:00:00-03:00,4.5,4.5,0.0
86472000,2026-09-11T00:15:00-03:00,4.46,4.46,0.0
86472000,2026-09-11T00:30:00-03:00,4.44,4.44,0.0
86472000,2026-09-11T00:45:00-03:00,4.41,4.41,0.0
86472000,2026-09-11T01:00:00-03:00,4.39,4.39,0.0
86472000,2026-09-11T01:15:00-03:00,4.37,4.37,0.0
86472000,2026-09-11T01:30:00-03:00,4.34,4.34,0.0
86472000,2026-09-11T01:45:00-03:00,4.31,4.31,0.0
86472000,2026-09-11T02:00:00-03:00,4.27,4.27,0.0
86472000,2026-09-11T02:15:00-03:00,4.2,4.2,0.0
86472000,2026-09-11T02:30:00-03:00,4.14,4.14,0.0
86472000,2026-09-11T02:45:00-03:00,4.07,4.07,0.0
86472000,2026-09-11T03:00:00-03:00,4.02,4.02,0.0
86472000,2026-09-11T03:15:00-03:00,3.96,3.96,0.0
86472000,2026-09-11T03:30:00-03:00,3.92,3.92,0.0
86472000,2026-09-11T03:45:00-03:00,3.88,3.88,0.0
86472000,2026-09-11T04:00:00-03:00,3.85,3.85,0.0
86472000,2026-09-11T04:15:00-03:00,3.83,3.83,0.0
86472000,2026-09-11T04:30:00-03:00,3.81,3.81,0.0
86472000,2026-09-11T04:45:00-03:00,3.8,3.8,0.0
86472000,2026-09-11T05:00:00-03:00,3.79,3.79,0.0
86472000,2026-09-11T05:15:00-03:00,3.79,3.79,0.0
86472000,2026-09-11T05:30:00-03:00,3.8,3.8,0.0
86472000,2026-09-11T05:45:00-03:00,3.82,3.82,0.0
86472000,2026-09-11T06:00:00-03:00,3.84,3.84,0.0
86472000,2026-09-11T06:15:00-03:00,3.87,3.87,0.0
86472000,2026-09-11T06:30:00-03:00,3.91,3.91,0.0
86472000,2026-09-11T06:45:00-03:00,3.96,3.96,0.0
86472000,2026-09-11T07:00:00-03:00,4.0,4.0,0.0
86472000,2026-09-11T07:15:00-03:00,4.04,4.04,0.0
86472000,2026-09-11T07:30:00-03:00,4.09,4.09,0.0
86472000,2026-09-11T07:45:00-03:00,4.08,4.08,0.0
86472000,2026-09-11T08:00:00-03:00,4.04,4.04,0.0
86472000,2026-09-11T08:15:00-03:00,3.97,3.97,0.0
86472000,2026-09-11T08:30:00-03:00,3.89,3.89,0.0
86472000,2026-09-11T08:45:00-03:00,3.83,3.83,0.0
86472000,2026-09-11T09:00:00-03:00,3.74,3.74,0.0
86472000,2026-09-11T09:15:00-03:00,3.66,3.66,0.0
86472000,2026-09-11T09:30:00-03:00,3.59,3.59,0.0
86472000,2026-09-11T09:45:00-03:00,3.53,3.53,0.0
86472000,2026-09-11T10:00:00-03:00,3.48,3.48,0.0
86472000,2026-09-11T10:15:00-03:00,3.43,3.43,0.0
86472000,2026-09-11T10:30:00-03:00,3.39,3.39,0.0
86472000,2026-09-11T10:45:00-03:00,3.36,3.36,0.0
86472000,2026-09-11T11:00:00-03:00,3.34,3.34,0.0
86472000,2026-09-11T11:15:00-03:00,3.32,3.32,0.0
86472000,2026-09-11T11:30:00-03:00,3.3,3.3,0.0
86472000,2026-09-11T11:45:00-03:00,3.3,3.3,0.0
86472000,2026-09-11T12:00:00-03:00,3.29,3.29,0.0
86472000,2026-09-11T12:15:00-03:00,3.28,3.28,0.0
86472000,2026-09-11T12:30:00-03:00,3.28,3.28,0.0
86472000,2026-09-11T12:45:00-03:00,3.27,3.27,0.0
86472000,2026-09-11T13:00:00-03:00,3.27,3.27,0.0
86472000,2026-09-11T13:15:00-03:00,3.27,3.27,0.0
86472000,2026-09-11T13:30:00-03:00,3.28,3.28,0.0
86472000,2026-09-11T13:45:00-03:00,3.28,3.28,0.0
86472000,2026-09-11T14:00:00-03:00,3.29,3.29,0.0
86472000,2026-09-11T14:15:00-03:00,3.3,3.3,0.0
86472000,2026-09-11T14:30:00-03:00,3.32,3.32,0.0
86472000,2026-09-11T14:45:00-03:00,3.33,3.33,0.0
86472000,2026-09-11T15:00:00-03:00,3.35,3.35,0.0
86472000,2026-09-11T15:15:00-03:00,3.36,3.36,0.0
86472000,2026-09-11T15:30:00-03:00,3.41,3.41,0.0
86472000,2026-09-11T15:45:00-03:00,3.49,3.49,0.0
86472000,2026-09-11T16:00:00-03:00,3.63,3.63,0.0
86472000,2026-09-11T16:15:00-03:00,3.8,3.8,0.0
86472000,2026-09-11T16:30:00-03:00,3.98,3.98,0.0
86472000,2026-09-11T16:45:00-03:00,4.17,4.17,0.0
86472000,2026-09-11T17:00:00-03:00,4.39,4.39,0.0
86472000,2026-09-11T17:15:00-03:00,4.64,4.64,0.0
86472000,2026-09-11T17:30:00-03:00,4.87,4.87,0.0
86472000,2026-09-11T17:45:00-03:00,5.04,5.04,0.0
86472000,2026-09-11T18:00:00-03:00,5.18,5.18,0.0
86472000,2026-09-11T18:15:00-03:00,5.28,5.28,0.0
86472000,2026-09-11T18:30:00-03:00,5.36,5.36,0.0
86472000,2026-09-11T18:45:00-03:00,5.41,5.41,0.0
86472000,2026-09-11T19:00:00-03:00,5.45,5.45,0.0
86472000,2026-09-11T19:15:00-03:00,5.47,5.47,0.0
86472000,2026-09-11T19:30:00-03:00,5.49,5.49,0.0
86472000,2026-09-11T19:45:00-03:00,5.5,5.5,0.0
86472000,2026-09-11T20:00:00-03:00,5.5,5.5,0.0
86472000,2026-09-11T20:15:00-03:00,5.51,5.51,0.0
86472000,2026-09-11T20:30:00-03:00,5.52,5.52,0.0
86472000,2026-09-11T20:45:00-03:00,5.52,5.52,0.0
86472000,2026-09-11T21:00:00-03:00,5.53,5.53,0.0
86472000,2026-09-11T21:15:00-03:00,5.53,5.53,0.0
86472000,2026-09-11T21:30:00-03:00,5.54,5.54,0.0
86472000,2026-09-11T21:45:00-03:00,5.55,5.55,0.0
86472000,2026-09-11T22:00:00-03:00,5.55,5.55,0.0
86472000,2026-09-11T22:15:00-03:00,5.57,5.57,0.0
86472000,2026-09-11T22:30:00-03:00,5.61,5.61,0.0
86472000,2026-09-11T22:45:00-03:00,5.67,5.67,0.0
86472000,2026-09-11T23:00:00-03:00,5.75,5.75,0.0
86472000,2026-09-11T23:15:00-03:00,5.82,5.82,0.0
86472000,2026-09-11T23:30:00-03:00,5.88,5.88,0.0
86472000,2026-09-11T23:45:00-03:00,5.93,5.93,0.0
86472000,2026-09-12T00:00:00-03:00,5.97,5.97,0.0
86472000,2026-09-12T00:15:00-03:00,6.01,6.01,0.0
86472000,2026-09-12T00:30:00-03:00,6.03,6.03,0.0
86472000,2026-09-12T00:45:00-03:00,6.06,6.06,0.0
86472000,2026-09-12T01:00:00-03:00,6.11,6.11,0.0
86472000,2026-09-12T01:15:00-03:00,6.17,6.17,0.0
86472000,2026-09-12T01:30:00-03:00,6.23,6.23,0.0
86472000,2026-09-12T01:45:00-03:00,6.29,6.29,0.0
86472000,2026-09-12T02:00:00-03:00,6.36,6.36,0.0
86472000,2026-09-12T02:15:00-03:00,6.44,6.44,0.0
86472000,2026-09-12T02:30:00-03:00,6.49,6.49,0.0
86472000,2026-09-12T02:45:00-03:00,6.57,6.57,0.0
86472000,2026-09-12T03:00:00-03:00,6.63,6.63,0.0
86472000,2026-09-12T03:15:00-03:00,6.69,6.69,0.0
86472000,2026-09-12T03:30:00-03:00,6.75,6.75,0.0
86472000,2026-09-12T03:45:00-03:00,6.8,6.8,0.0
86472000,2026-09-12T04:00:00-03:00,6.86,6.86,0.0
86472000,2026-09-12T04:15:00-03:00,6.91,6.91,0.0
86472000,2026-09-12T04:30:00-03:00,6.95,6.95,0.0
86472000,2026-09-12T04:45:00-03:00,7.0,7.0,0.0
86472000,2026-09-12T05:00:00-03:00,7.05,7.05,0.0
86472000,2026-09-12T05:15:00-03:00,7.09,7.09,0.0
86472000,2026-09-12T05:30:00-03:00,7.13,7.13,0.0
86472000,2026-09-12T05:45:00-03:00,7.17,7.17,0.0
86472000,2026-09-12T06:00:00-03:00,7.21,7.21,0.0
86472000,2026-09-12T06:15:00-03:00,7.25,7.25,0.0
86472000,2026-09-12T06:30:00-03:00,7.3,7.3,0.0
86472000,2026-09-12T06:45:00-03:00,7.36,7.36,0.0
86472000,2026-09-12T07:00:00-03:00,7.37,7.37,0.0
86472000,2026-09-12T07:15:00-03:00,7.31,7.31,0.0
86472000,2026-09-12T07:30:00-03:00,7.23,7.23,0.0
86472000,2026-09-12T07:45:00-03:00,7.21,7.21,0.0
86472000,2026-09-12T08:00:00-03:00,7.26,7.26,0.0
86472000,2026-09-12T08:15:00-03:00,7.35,7.35,0.0
86472000,2026-09-12T08:30:00-03:00,7.43,7.43,0.0
86472000,2026-09-12T08:45:00-03:00,7.51,7.51,0.0
86472000,2026-09-12T09:00:00-03:00,7.57,7.57,0.0
86472000,2026-09-12T09:15:00-03:00,7.63,7.63,0.0
86472000,2026-09-12T09:30:00-03:00,7.66,7.66,0.0
86472000,2026-09-12T09:45:00-03:00,7.69,7.69,0.0
86472000,2026-09-12T10:00:00-03:00,7.72,7.72,0.0
86472000,2026-09-12T10:15:00-03:00,7.74,7.74,0.0
86472000,2026-09-12T10:30:00-03:00,7.74,7.74,0.0
86472000,2026-09-12T10:45:00-03:00,7.75,7.75,0.0
86472000,2026-09-12T11:00:00-03:00,7.76,7.76,0.0
86472000,2026-09-12T11:15:00-03:00,7.77,7.77,0.0
86472000,2026-09-12T11:30:00-03:00,7.75,7.75,0.0
86472000,2026-09-12T11:45:00-03:00,7.76,7.76,0.0
86472000,2026-09-12T12:00:00-03:00,7.77,7.77,0.0
86472000,2026-09-12T12:15:00-03:00,7.77,7.77,0.0
86472000,2026-09-12T12:30:00-03:00,7.79,7.79,0.0
86472000,2026-09-12T12:45:00-03:00,7.83,7.83,0.0
86472000,2026-09-12T13:00:00-03:00,7.87,7.87,0.0
86472000,2026-09-12T13:15:00-03:00,7.92,7.92,0.0
86472000,2026-09-12T13:30:00-03:00,7.97,7.97,0.0
86472000,2026-09-12T13:45:00-03:00,7.97,7.97,0.0
86472000,2026-09-12T14:00:00-03:00,7.96,7.96,0.0
86472000,2026-09-12T14:15:00-03:00,7.95,7.95,0.0
86472000,2026-09-12T14:30:00-03:00,7.94,7.94,0.0
86472000,2026-09-12T14:45:00-03:00,7.91,7.91,0.0
86472000,2026-09-12T15:00:00-03:00,7.89,7.89,0.0
86472000,2026-09-12T15:15:00-03:00,7.87,7.87,0.0
86472000,2026-09-12T15:30:00-03:00,7.84,7.84,0.0
86472000,2026-09-12T15:45:00-03:00,7.83,7.83,0.0
86472000,2026-09-12T16:00:00-03:00,7.81,7.81,0.0
86472000,2026-09-12T16:15:00-03:00,7.77,7.77,0.0
86472000,2026-09-12T16:30:00-03:00,7.76,7.76,0.0
86472000,2026-09-12T16:45:00-03:00,7.89,7.89,0.0
86472000,2026-09-12T17:00:00-03:00,8.02,8.02,0.0
86472000,2026-09-12T17:15:00-03:00,8.09,8.09,0.0
86472000,2026-09-12T17:30:00-03:00,8.15,8.15,0.0
86472000,2026-09-12T17:45:00-03:00,8.18,8.18,0.0
86472000,2026-09-12T18:00:00-03:00,8.16,8.16,0.0
86472000,2026-09-12T18:15:00-03:00,8.14,8.14,0.0
86472000,2026-09-12T18:30:00-03:00,8.1,8.1,0.0
86472000,2026-09-12T18:45:00-03:00,8.07,8.07,0.0
86472000,2026-09-12T19:00:00-03:00,8.04,8.04,0.0
86472000,2026-09-12T19:15:00-03:00,8.03,8.03,0.0
86472000,2026-09-12T19:30:00-03:00,8.0,8.0,0.0
86472000,2026-09-12T19:45:00-03:00,7.98,7.98,0.0
86472000,2026-09-12T20:00:00-03:00,7.96,7.96,0.0
86472000,2026-09-12T20:15:00-03:00,7.94,7.94,0.0
86472000,2026-09-12T20:30:00-03:00,7.94,7.94,0.0
86472000,2026-09-12T20:45:00-03:00,7.93,7.93,0.0
86472000,2026-09-12T21:00:00-03:00,7.92,7.92,0.0
86472000,2026-09-12T21:15:00-03:00,7.93,7.93,0.0
86472000,2026-09-12T21:30:00-03:00,7.93,7.93,0.0
86472000,2026-09-12T21:45:00-03:00,7.92,7.92,0.0
86472000,2026-09-12T22:00:00-03:00,7.93,7.93,0.0
86472000,2026-09-12T22:15:00-03:00,7.93,7.93,0.0
86472000,2026-09-12T22:30:00-03:00,7.92,7.92,0.0
86472000,2026-09-12T22:45:00-03:00,7.93,7.93,0.0
86472000,2026-09-12T23:00:00-03:00,7.93,7.93,0.0
86472000,2026-09-12T23:15:00-03:00,7.92,7.92,0.0
86472000,2026-09-12T23:30:00-03:00,7.93,7.93,0.0
86472000,2026-09-12T23:45:00-03:00,7.93,7.93,0.0
86472000,2026-09-13T00:00:00-03:00,7.91,7.91,0.0
86472000,2026-09-13T00:15:00-03:00,7.91,7.91,0.0
86472000,2026-09-13T00:30:00-03:00,7.9,7.9,0.0
86472000,2026-09-13T00:45:00-03:00,7.91,7.91,0.0
86472000,2026-09-13T01:00:00-03:00,7.89,7.89,0.0
86472000,2026-09-13T01:15:00-03:00,7.89,7.89,0.0
86472000,2026-09-13T01:30:00-03:00,7.9,7.9,0.0
86472000,2026-09-13T01:45:00-03:00,7.88,7.88,0.0
86472000,2026-09-13T02:00:00-03:00,7.87,7.87,0.0
86472000,2026-09-13T02:15:00-03:00,7.86,7.86,0.0
86472000,2026-09-13T02:30:00-03:00,7.86,7.86,0.0
86472000,2026-09-13T02:45:00-03:00,7.84,7.84,0.0
86472000,2026-09-13T03:00:00-03:00,7.83,7.83,0.0
86472000,2026-09-13T03:15:00-03:00,7.82,7.82,0.0
86472000,2026-09-13T03:30:00-03:00,7.82,7.82,0.0
86472000,2026-09-13T03:45:00-03:00,7.8,7.8,0.0
86472000,2026-09-13T04:00:00-03:00,7.79,7.79,0.0
86472000,2026-09-13T04:15:00-03:00,7.78,7.78,0.0
86472000,2026-09-13T04:30:00-03:00,7.77,7.77,0.0
86472000,2026-09-13T04:45:00-03:00,7.75,7.75,0.0
86472000,2026-09-13T05:00:00-03:00,7.71,7.71,0.0
86472000,2026-09-13T05:15:00-03:00,7.68,7.68,0.0
86472000,2026-09-13T05:30:00-03:00,7.64,7.64,0.0
86472000,2026-09-13T05:45:00-03:00,7.61,7.61,0.0
86472000,2026-09-13T06:00:00-03:00,7.6,7.6,0.0
86472000,2026-09-13T06:15:00-03:00,7.58,7.58,0.0
86472000,2026-09-13T06:30:00-03:00,7.57,7.57,0.0
86472000,2026-09-13T06:45:00-03:00,7.55,7.55,0.0
86472000,2026-09-13T07:00:00-03:00,7.54,7.54,0.0
86472000,2026-09-13T07:15:00-03:00,7.53,7.53,0.0
86472000,2026-09-13T07:30:00-03:00,7.51,7.51,0.0
86472000,2026-09-13T07:45:00-03:00,7.44,7.44,0.0
86472000,2026-09-13T08:00:00-03:00,7.34,7.34,0.0
86472000,2026-09-13T08:15:00-03:00,7.22,7.22,0.0
86472000,2026-09-13T08:30:00-03:00,7.09,7.09,0.0
86472000,2026-09-13T08:45:00-03:00,7.0,7.0,0.0
86472000,2026-09-13T09:00:00-03:00,6.92,6.92,0.0
86472000,2026-09-13T09:15:00-03:00,6.87,6.87,0.0
86472000,2026-09-13T09:30:00-03:00,6.84,6.84,0.0
86472000,2026-09-13T09:45:00-03:00,6.84,6.84,0.0
86472000,2026-09-13T10:00:00-03:00,6.84,6.84,0.0
86472000,2026-09-13T10:15:00-03:00,6.85,6.85,0.0
86472000,2026-09-13T10:30:00-03:00,6.88,6.88,0.0
86472000,2026-09-13T10:45:00-03:00,6.89,6.89,0.0
86472000,2026-09-13T11:00:00-03:00,6.92,6.92,0.0
86472000,2026-09-13T11:15:00-03:00,6.94,6.94,0.0
86472000,2026-09-13T11:30:00-03:00,6.96,6.96,0.0
86472000,2026-09-13T11:45:00-03:00,6.97,6.97,0.0
86472000,2026-09-13T12:00:00-03:00,6.99,6.99,0.0
86472000,2026-09-13T12:15:00-03:00,6.99,6.99,0.0
86472000,2026-09-13T12:30:00-03:00,7.0,7.0,0.0
86472000,2026-09-13T12:45:00-03:00,7.0,7.0,0.0
86472000,2026-09-13T13:00:00-03:00,7.01,7.01,0.0
86472000,2026-09-13T13:15:00-03:00,7.0,7.0,0.0
86472000,2026-09-13T13:30:00-03:00,7.0,7.0,0.0
86472000,2026-09-13T13:45:00-03:00,6.99,6.99,0.0
86472000,2026-09-13T14:00:00-03:00,6.98,6.98,0.0
86472000,2026-09-13T14:15:00-03:00,6.98,6.98,0.0
86472000,2026-09-13T14:30:00-03:00,6.96,6.96,0.0
86472000,2026-09-13T14:45:00-03:00,6.95,6.95,0.0
86472000,2026-09-13T15:00:00-03:00,6.93,6.93,0.0
86472000,2026-09-13T15:15:00-03:00,6.92,6.92,0.0
86472000,2026-09-13T15:30:00-03:00,6.91,6.91,0.0
86472000,2026-09-13T15:45:00-03:00,6.89,6.89,0.0
86472000,2026-09-13T16:00:00-03:00,6.87,6.87,0.0
86472000,2026-09-13T16:15:00-03:00,6.86,6.86,0.0
86472000,2026-09-13T16:30:00-03:00,6.83,6.83,0.0
86472000,2026-09-13T16:45:00-03:00,6.81,6.81,0.0
86472000,2026-09-13T17:00:00-03:00,6.79,6.79,0.0
86472000,2026-09-13T17:15:00-03:00,6.78,6.78,0.0
86472000,2026-09-13T17:30:00-03:00,6.76,6.76,0.0
86472000,2026-09-13T17:45:00-03:00,6.75,6.75,0.0
86472000,2026-09-13T18:00:00-03:00,6.72,6.72,0.0
86472000,2026-09-13T18:15:00-03:00,6.71,6.71,0.0
86472000,2026-09-13T18:30:00-03:00,6.69,6.69,0.0
86472000,2026-09-13T18:45:00-03:00,6.67,6.67,0.0
86472000,2026-09-13T19:00:00-03:00,6.65,6.65,0.0
86472000,2026-09-13T19:15:00-03:00,6.64,6.64,0.0
86472000,2026-09-13T19:30:00-03:00,6.63,6.63,0.0
86472000,2026-09-13T19:45:00-03:00,6.62,6.62,0.0
86472000,2026-09-13T20:00:00-03:00,6.61,6.61,0.0
86472000,2026-09-13T20:15:00-03:00,6.6,6.6,0.0
86472000,2026-09-13T20:30:00-03:00,6.58,6.58,0.0
86472000,2026-09-13T20:45:00-03:00,6.57,6.57,0.0
86472000,2026-09-13T21:00:00-03:00,6.57,6.57,0.0
86472000,2026-09-13T21:15:00-03:00,6.55,6.55,0.0
86472000,2026-09-13T21:30:00-03:00,6.55,6.55,0.0
86472000,2026-09-13T21:45:00-03:00,6.53,6.53,0.0
86472000,2026-09-13T22:00:00-03:00,6.52,6.52,0.0
86472000,2026-09-13T22:15:00-03:00,6.51,6.51,0.0
86472000,2026-09-13T22:30:00-03:00,6.5,6.5,0.0
86472000,2026-09-13T22:45:00-03:00,6.48,6.48,0.0
86472000,2026-09-13T23:00:00-03:00,6.49,6.49,0.0
86472000,2026-09-13T23:15:00-03:00,6.46,6.46,0.0
86472000,2026-09-13T23:30:00-03:00,6.44,6.44,0.0
86472000,2026-09-13T23:45:00-03:00,6.43,6.43,0.0
86472000,2026-09-14T00:00:00-03:00,6.41,6.41,0.0
86472000,2026-09-14T00:15:00-03:00,6.39,6.39,0.0
86472000,2026-09-14T00:30:00-03:00,6.37,6.37,0.0
86472000,2026-09-14T00:45:00-03:00,6.35,6.35,0.0
86472000,2026-09-14T01:00:00-03:00,6.33,6.33,0.0
86472000,2026-09-14T01:15:00-03:00,6.33,6.33,0.0
86472000,2026-09-14T01:30:00-03:00,6.31,6.31,0.0
86472000,2026-09-14T01:45:00-03:00,6.3,6.3,0.0
86472000,2026-09-14T02:00:00-03:00,6.29,6.29,0.0
86472000,2026-09-14T02:15:00-03:00,6.28,6.28,0.0
86472000,2026-09-14T02:30:00-03:00,6.27,6.27,0.0
86472000,2026-09-14T02:45:00-03:00,6.26,6.26,0.0
86472000,2026-09-14T03:00:00-03:00,6.25,6.25,0.0
86472000,2026-09-14T03:15:00-03:00,6.24,6.24,0.0
86472000,2026-09-14T03:30:00-03:00,6.24,6.24,0.0
86472000,2026-09-14T03:45:00-03:00,6.22,6.22,0.0
86472000,2026-09-14T04:00:00-03:00,6.21,6.21,0.0
86472000,2026-09-14T04:15:00-03:00,6.21,6.21,0.0
86472000,2026-09-14T04:30:00-03:00,6.2,6.2,0.0
86472000,2026-09-14T04:45:00-03:00,6.19,6.19,0.0
86472000,2026-09-14T05:00:00-03:00,6.18,6.18,0.0
86472000,2026-09-14T05:15:00-03:00,6.17,6.17,0.0
86472000,2026-09-14T05:30:00-03:00,6.16,6.16,0.0
86472000,2026-09-14T05:45:00-03:00,6.16,6.16,0.0
86472000,2026-09-14T06:00:00-03:00,6.14,6.14,0.0
86472000,2026-09-14T06:15:00-03:00,6.13,6.13,0.0
86472000,2026-09-14T06:30:00-03:00,6.12,6.12,0.0
86472000,2026-09-14T06:45:00-03:00,6.12,6.12,0.0
86472000,2026-09-14T07:00:00-03:00,6.11,6.11,0.0
86472000,2026-09-14T07:15:00-03:00,6.1,6.1,0.0
86472000,2026-09-14T07:30:00-03:00,6.09,6.09,0.0
86472000,2026-09-14T07:45:00-03:00,6.08,6.08,0.0
86472000,2026-09-14T08:00:00-03:00,6.07,6.07,0.0
86472000,2026-09-14T08:15:00-03:00,6.06,6.06,0.0
86472000,2026-09-14T08:30:00-03:00,6.05,6.05,0.0
86472000,2026-09-14T08:45:00-03:00,6.04,6.04,0.0
86472000,2026-09-14T09:00:00-03:00,6.03,6.03,0.0
86472000,2026-09-14T09:15:00-03:00,6.02,6.02,0.0
86472000,2026-09-14T09:30:00-03:00,6.01,6.01,0.0
86472000,2026-09-14T09:45:00-03:00,6.0,6.0,0.0
86472000,2026-09-14T10:00:00-03:00,5.98,5.98,0.0
86472000,2026-09-14T10:15:00-03:00,5.96,5.96,0.0
86472000,2026-09-14T10:30:00-03:00,5.93,5.93,0.0
86472000,2026-09-14T10:45:00-03:00,5.91,5.91,0.0
86472000,2026-09-14T11:00:00-03:00,5.89,5.89,0.0
86472000,2026-09-14T11:15:00-03:00,5.87,5.87,0.0
86472000,2026-09-14T11:30:00-03:00,5.86,5.86,0.0
86472000,2026-09-14T11:45:00-03:00,5.84,5.84,0.0
86472000,2026-09-14T12:00:00-03:00,5.83,5.83,0.0
86472000,2026-09-14T12:15:00-03:00,5.82,5.82,0.0
86472000,2026-09-14T12:30:00-03:00,5.81,5.81,0.0
86472000,2026-09-14T12:45:00-03:00,5.8,5.8,0.0
86472000,2026-09-14T13:00:00-03:00,5.79,5.79,0.0
86472000,2026-09-14T13:15:00-03:00,5.78,5.78,0.0
86472000,2026-09-14T13:30:00-03:00,5.79,5.79,0.0
86472000,2026-09-14T13:45:00-03:00,5.78,5.78,0.0
86472000,2026-09-14T14:00:00-03:00,5.77,5.77,0.0
86472000,2026-09-14T14:15:00-03:00,5.77,5.77,0.0
86472000,2026-09-14T14:30:00-03:00,5.76,5.76,0.0
86472000,2026-09-14T14:45:00-03:00,5.76,5.76,0.0
86472000,2026-09-14T15:00:00-03:00,5.76,5.76,0.0
86472000,2026-09-14T15:15:00-03:00,5.75,5.75,0.0
86472000,2026-09-14T15:30:00-03:00,5.75,5.75,0.0
86472000,2026-09-14T15:45:00-03:00,5.75,5.75,0.0
86472000,2026-09-14T16:00:00-03:00,5.75,5.75,0.0
86472000,2026-09-14T16:15:00-03:00,5.75,5.75,0.0
86472000,2026-09-14T16:30:00-03:00,5.75,5.75,0.0
86472000,2026-09-14T16:45:00-03:00,5.75,5.75,0.0
86472000,2026-09-14T17:00:00-03:00,5.77,5.77,0.0
86472000,2026-09-14T17:15:00-03:00,5.78,5.78,0.0
86472000,2026-09-14T17:30:00-03:00,5.81,5.81,0.0
86472000,2026-09-14T17:45:00-03:00,5.83,5.83,0.0
86472000,2026-09-14T18:00:00-03:00,5.85,5.85,0.0
86472000,2026-09-14T18:15:00-03:00,5.86,5.86,0.0
86472000,2026-09-14T18:30:00-03:00,5.88,5.88,0.0
86472000,2026-09-14T18:45:00-03:00,5.89,5.89,0.0
86472000,2026-09-14T19:00:00-03:00,5.9,5.9,0.0
86472000,2026-09-14T19:15:00-03:00,5.9,5.9,0.0
86472000,2026-09-14T19:30:00-03:00,5.9,5.9,0.0
86472000,2026-09-14T19:45:00-03:00,5.89,5.89,0.0
86472000,2026-09-14T20:00:00-03:00,5.89,5.89,0.0
86472000,2026-09-14T20:15:00-03:00,5.87,5.87,0.0
86472000,2026-09-14T20:30:00-03:00,5.86,5.86,0.0
86472000,2026-09-14T20:45:00-03:00,5.85,5.85,0.0
86472000,2026-09-14T21:00:00-03:00,5.84,5.84,0.0
86472000,2026-09-14T21:15:00-03:00,5.82,5.82,0.0
86472000,2026-09-14T21:30:00-03:00,5.8,5.8,0.0
86472000,2026-09-14T21:45:00-03:00,5.79,5.79,0.0
86472000,2026-09-14T22:00:00-03:00,5.77,5.77,0.0
86472000,2026-09-14T22:15:00-03:00,5.75,5.75,0.0
86472000,2026-09-14T22:30:00-03:00,5.74,5.74,0.0
86472000,2026-09-14T22:45:00-03:00,5.73,5.73,0.0
86472000,2026-09-14T23:00:00-03:00,5.71,5.71,0.0
86472000,2026-09-14T23:15:00-03:00,5.69,5.69,0.0
86472000,2026-09-14T23:30:00-03:00,5.68,5.68,0.0
86472000,2026-09-14T23:45:00-03:00,5.66,5.66,0.0
86472000,2026-09-15T00:00:00-03:00,5.64,5.64,0.0
86472000,2026-09-15T00:15:00-03:00,5.63,5.63,0.0
86472000,2026-09-15T00:30:00-03:00,5.62,5.62,0.0
86472000,2026-09-15T00:45:00-03:00,5.61,5.61,0.0
86472000,2026-09-15T01:00:00-03:00,5.6,5.6,0.0
86472000,2026-09-15T01:15:00-03:00,5.59,5.59,0.0
86472000,2026-09-15T01:30:00-03:00,5.58,5.58,0.0
86472000,2026-09-15T01:45:00-03:00,5.57,5.57,0.0
86472000,2026-09-15T02:00:00-03:00,5.57,5.57,0.0
86472000,2026-09-15T02:15:00-03:00,5.56,5.56,0.0
86472000,2026-09-15T02:30:00-03:00,5.54,5.54,0.0
86472000,2026-09-15T02:45:00-03:00,5.54,5.54,0.0
86472000,2026-09-15T03:00:00-03:00,5.53,5.53,0.0
86472000,2026-09-15T03:15:00-03:00,5.52,5.52,0.0
86472000,2026-09-15T03:30:00-03:00,5.47,5.47,0.0
86472000,2026-09-15T03:45:00-03:00,5.39,5.39,0.0
86472000,2026-09-15T04:00:00-03:00,5.3,5.3,0.0
86472000,2026-09-15T04:15:00-03:00,5.22,5.22,0.0
86472000,2026-09-15T04:30:00-03:00,5.15,5.15,0.0
86472000,2026-09-15T04:45:00-03:00,5.1,5.1,0.0
86472000,2026-09-15T05:00:00-03:00,5.07,5.07,0.0
86472000,2026-09-15T05:15:00-03:00,5.05,5.05,0.0
86472000,2026-09-15T05:30:00-03:00,5.04,5.04,0.0
86472000,2026-09-15T05:45:00-03:00,5.04,5.04,0.0
86472000,2026-09-15T06:00:00-03:00,5.05,5.05,0.0
86472000,2026-09-15T06:15:00-03:00,5.06,5.06,0.0
86472000,2026-09-15T06:30:00-03:00,5.08,5.08,0.0
86472000,2026-09-15T06:45:00-03:00,5.1,5.1,0.0
86472000,2026-09-15T07:00:00-03:00,5.11,5.11,0.0
86472000,2026-09-15T07:15:00-03:00,5.13,5.13,0.0
86472000,2026-09-15T07:30:00-03:00,5.15,5.15,0.0
86472000,2026-09-15T07:45:00-03:00,5.17,5.17,0.0
86472000,2026-09-15T08:00:00-03:00,5.18,5.18,0.0
86472000,2026-09-15T08:15:00-03:00,5.21,5.21,0.0
86472000,2026-09-15T08:30:00-03:00,5.22,5.22,0.0
86472000,2026-09-15T08:45:00-03:00,5.23,5.23,0.0
86472000,2026-09-15T09:00:00-03:00,5.24,5.24,0.0
86472000,2026-09-15T09:15:00-03:00,5.25,5.25,0.0
86472000,2026-09-15T09:30:00-03:00,5.23,5.23,0.0
86472000,2026-09-15T09:45:00-03:00,5.16,5.16,0.0
86472000,2026-09-15T10:00:00-03:00,5.09,5.09,0.0
86472000,2026-09-15T10:15:00-03:00,5.01,5.01,0.0
86472000,2026-09-15T10:30:00-03:00,4.96,4.96,0.0
86472000,2026-09-15T10:45:00-03:00,4.92,4.92,0.0
86472000,2026-09-15T11:00:00-03:00,4.89,4.89,0.0
86472000,2026-09-15T11:15:00-03:00,4.87,4.87,0.0
86472000,2026-09-15T11:30:00-03:00,4.86,4.86,0.0
86472000,2026-09-15T11:45:00-03:00,4.85,4.85,0.0
86472000,2026-09-15T12:00:00-03:00,4.84,4.84,0.0
86472000,2026-09-15T12:15:00-03:00,4.84,4.84,0.0
86472000,2026-09-15T12:30:00-03:00,4.84,4.84,0.0
86472000,2026-09-15T12:45:00-03:00,4.83,4.83,0.0
86472000,2026-09-15T13:00:00-03:00,4.83,4.83,0.0
86472000,2026-09-15T13:15:00-03:00,4.82,4.82,0.0
86472000,2026-09-15T13:30:00-03:00,4.83,4.83,0.0
86472000,2026-09-15T13:45:00-03:00,4.82,4.82,0.0
86472000,2026-09-15T14:00:00-03:00,4.83,4.83,0.0
86472000,2026-09-15T14:15:00-03:00,4.84,4.84,0.0
86472000,2026-09-15T14:30:00-03:00,4.85,4.85,0.0
86472000,2026-09-15T14:45:00-03:00,4.87,4.87,0.0
86472000,2026-09-15T15:00:00-03:00,4.88,4.88,0.0
86472000,2026-09-15T15:15:00-03:00,4.9,4.9,0.0
86472000,2026-09-15T15:30:00-03:00,4.92,4.92,0.0
86472000,2026-09-15T15:45:00-03:00,4.94,4.94,0.0
86472000,2026-09-15T16:00:00-03:00,4.96,4.96,0.0
86472000,2026-09-15T16:15:00-03:00,4.98,4.98,0.0
86472000,2026-09-15T16:30:00-03:00,5.0,5.0,0.0
86472000,2026-09-15T16:45:00-03:00,5.01,5.01,0.0
86472000,2026-09-15T17:00:00-03:00,5.03,5.03,0.0
86472000,2026-09-15T17:15:00-03:00,5.04,5.04,0.0
86472000,2026-09-15T17:30:00-03:00,5.11,5.11,0.0
86472000,2026-09-15T17:45:00-03:00,5.23,5.23,0.0
86472000,2026-09-15T18:00:00-03:00,5.39,5.39,0.0
86472000,2026-09-15T18:15:00-03:00,5.56,5.56,0.0
86472000,2026-09-15T18:30:00-03:00,5.7,5.7,0.0
86472000,2026-09-15T18:45:00-03:00,5.79,5.79,0.0
86472000,2026-09-15T19:00:00-03:00,5.85,5.85,0.0
86472000,2026-09-15T19:15:00-03:00,5.89,5.89,0.0
86472000,2026-09-15T19:30:00-03:00,5.91,5.91,0.0
86472000,2026-09-15T19:45:00-03:00,5.91,5.91,0.0
86472000,2026-09-15T20:00:00-03:00,5.9,5.9,0.0
86472000,2026-09-15T20:15:00-03:00,5.89,5.89,0.0
86472000,2026-09-15T20:30:00-03:00,5.88,5.88,0.0
86472000,2026-09-15T20:45:00-03:00,5.86,5.86,0.0
86472000,2026-09-15T21:00:00-03:00,5.84,5.84,0.0
86472000,2026-09-15T21:15:00-03:00,5.81,5.81,0.0
86472000,2026-09-15T21:30:00-03:00,5.79,5.79,0.0
86472000,2026-09-15T21:45:00-03:00,5.77,5.77,0.0
86472000,2026-09-15T22:00:00-03:00,5.73,5.73,0.0
86472000,2026-09-15T22:15:00-03:00,5.71,5.71,0.0
86472000,2026-09-15T22:30:00-03:00,5.68,5.68,0.0
86472000,2026-09-15T22:45:00-03:00,5.65,5.65,0.0
86472000,2026-09-15T23:00:00-03:00,5.62,5.62,0.0
86472000,2026-09-15T23:15:00-03:00,5.59,5.59,0.0
86472000,2026-09-15T23:30:00-03:00,5.56,5.56,0.0
86472000,2026-09-15T23:45:00-03:00,5.54,5.54,0.0
86472000,2026-09-16T00:00:00-03:00,5.51,5.51,0.0
86472000,2026-09-16T00:15:00-03:00,5.49,5.49,0.0
86472000,2026-09-16T00:30:00-03:00,5.47,5.47,0.0
86472000,2026-09-16T00:45:00-03:00,5.45,5.45,0.0
86472000,2026-09-16T01:00:00-03:00,5.43,5.43,0.0
86472000,2026-09-16T01:15:00-03:00,5.41,5.41,0.0
86472000,2026-09-16T01:30:00-03:00,5.4,5.4,0.0
86472000,2026-09-16T01:45:00-03:00,5.38,5.38,0.0
86472000,2026-09-16T02:00:00-03:00,5.37,5.37,0.0
86472000,2026-09-16T02:15:00-03:00,5.36,5.36,0.0
86472000,2026-09-16T02:30:00-03:00,5.34,5.34,0.0
86472000,2026-09-16T02:45:00-03:00,5.32,5.32,0.0
86472000,2026-09-16T03:00:00-03:00,5.31,5.31,0.0
86472000,2026-09-16T03:15:00-03:00,5.3,5.3,0.0
86472000,2026-09-16T03:30:00-03:00,5.29,5.29,0.0
86472000,2026-09-16T03:45:00-03:00,5.27,5.27,0.0
86472000,2026-09-16T04:00:00-03:00,5.26,5.26,0.0
86472000,2026-09-16T04:15:00-03:00,5.25,5.25,0.0
86472000,2026-09-16T04:30:00-03:00,5.24,5.24,0.0
86472000,2026-09-16T04:45:00-03:00,5.23,5.23,0.0
86472000,2026-09-16T05:00:00-03:00,5.22,5.22,0.0
86472000,2026-09-16T05:15:00-03:00,5.21,5.21,0.0
86472000,2026-09-16T05:30:00-03:00,5.2,5.2,0.0
86472000,2026-09-16T05:45:00-03:00,5.2,5.2,0.0
86472000,2026-09-16T06:00:00-03:00,5.19,5.19,0.0
86472000,2026-09-16T06:15:00-03:00,5.18,5.18,0.0
86472000,2026-09-16T06:30:00-03:00,5.17,5.17,0.0
86472000,2026-09-16T06:45:00-03:00,5.16,5.16,0.0
86472000,2026-09-16T07:00:00-03:00,5.16,5.16,0.0
86472000,2026-09-16T07:15:00-03:00,5.15,5.15,0.0
86472000,2026-09-16T07:30:00-03:00,5.14,5.14,0.0
86472000,2026-09-16T07:45:00-03:00,5.13,5.13,0.0
86472000,2026-09-16T08:00:00-03:00,5.13,5.13,0.0
86472000,2026-09-16T08:15:00-03:00,5.12,5.12,0.0
86472000,2026-09-16T08:30:00-03:00,5.11,5.11,0.0
86472000,2026-09-16T08:45:00-03:00,5.1,5.1,0.0
86472000,2026-09-16T09:00:00-03:00,5.01,5.01,0.0
86472000,2026-09-16T09:15:00-03:00,4.88,4.88,0.0
86472000,2026-09-16T09:30:00-03:00,4.72,4.72,0.0
86472000,2026-09-16T09:45:00-03:00,4.57,4.57,0.0
86472000,2026-09-16T10:00:00-03:00,4.43,4.43,0.0
86472000,2026-09-16T10:15:00-03:00,4.32,4.32,0.0
86472000,2026-09-16T10:30:00-03:00,4.22,4.22,0.0
86472000,2026-09-16T10:45:00-03:00,4.14,4.14,0.0
86472000,2026-09-16T11:00:00-03:00,4.09,4.09,0.0
86472000,2026-09-16T11:15:00-03:00,4.04,4.04,0.0
86472000,2026-09-16T11:30:00-03:00,4.01,4.01,0.0
86472000,2026-09-16T11:45:00-03:00,3.99,3.99,0.0
86472000,2026-09-16T12:00:00-03:00,3.99,3.99,0.0
86472000,2026-09-16T12:15:00-03:00,3.99,3.99,0.0
86472000,2026-09-16T12:30:00-03:00,4.0,4.0,0.0
86472000,2026-09-16T12:45:00-03:00,4.01,4.01,0.0
86472000,2026-09-16T13:00:00-03:00,4.02,4.02,0.0
86472000,2026-09-16T13:15:00-03:00,4.04,4.04,0.0
86472000,2026-09-16T13:30:00-03:00,4.06,4.06,0.0
86472000,2026-09-16T13:45:00-03:00,4.09,4.09,0.0
86472000,2026-09-16T14:00:00-03:00,4.12,4.12,0.0
86472000,2026-09-16T14:15:00-03:00,4.15,4.15,0.0
86472000,2026-09-16T14:30:00-03:00,4.19,4.19,0.0
86472000,2026-09-16T14:45:00-03:00,4.23,4.23,0.0
86472000,2026-09-16T15:00:00-03:00,4.27,4.27,0.0
86472000,2026-09-16T15:15:00-03:00,4.31,4.31,0.0
86472000,2026-09-16T15:30:00-03:00,4.35,4.35,0.0
86472000,2026-09-16T15:45:00-03:00,4.39,4.39,0.0
86472000,2026-09-16T16:00:00-03:00,4.43,4.43,0.0
86472000,2026-09-16T16:15:00-03:00,4.47,4.47,0.0
86472000,2026-09-16T16:30:00-03:00,4.5,4.5,0.0
86472000,2026-09-16T16:45:00-03:00,4.54,4.54,0.0
86472000,2026-09-16T17:00:00-03:00,4.56,4.56,0.0
86472000,2026-09-16T17:15:00-03:00,4.6,4.6,0.0
86472000,2026-09-16T17:30:00-03:00,4.73,4.73,0.0
86472000,2026-09-16T17:45:00-03:00,4.94,4.94,0.0
86472000,2026-09-16T18:00:00-03:00,5.15,5.15,0.0
86472000,2026-09-16T18:15:00-03:00,5.32,5.32,0.0
86472000,2026-09-16T18:30:00-03:00,5.44,5.44,0.0
86472000,2026-09-16T18:45:00-03:00,5.52,5.52,0.0
86472000,2026-09-16T19:00:00-03:00,5.57,5.57,0.0
86472000,2026-09-16T19:15:00-03:00,5.59,5.59,0.0
86472000,2026-09-16T19:30:00-03:00,5.6,5.6,0.0
86472000,2026-09-16T19:45:00-03:00,5.6,5.6,0.0
86472000,2026-09-16T20:00:00-03:00,5.6,5.6,0.0
86472000,2026-09-16T20:15:00-03:00,5.58,5.58,0.0
86472000,2026-09-16T20:30:00-03:00,5.57,5.57,0.0
86472000,2026-09-16T20:45:00-03:00,5.56,5.56,0.0
86472000,2026-09-16T21:00:00-03:00,5.55,5.55,0.0
86472000,2026-09-16T21:15:00-03:00,5.53,5.53,0.0
86472000,2026-09-16T21:30:00-03:00,5.51,5.51,0.0
86472000,2026-09-16T21:45:00-03:00,5.49,5.49,0.0
86472000,2026-09-16T22:00:00-03:00,5.47,5.47,0.0
86472000,2026-09-16T22:15:00-03:00,5.45,5.45,0.0
86472000,2026-09-16T22:30:00-03:00,5.43,5.43,0.0
86472000,2026-09-16T22:45:00-03:00,5.41,5.41,0.0
86472000,2026-09-16T23:00:00-03:00,5.38,5.38,0.0
86472000,2026-09-16T23:15:00-03:00,5.35,5.35,0.0
86472000,2026-09-16T23:30:00-03:00,5.33,5.33,0.0
86472000,2026-09-16T23:45:00-03:00,5.3,5.3,0.0
86472000,2026-09-17T00:00:00-03:00,5.27,5.27,0.0
86472000,2026-09-17T00:15:00-03:00,5.24,5.24,0.0
86472000,2026-09-17T00:30:00-03:00,5.21,5.21,0.0
86472000,2026-09-17T00:45:00-03:00,5.19,5.19,0.0
86472000,2026-09-17T01:00:00-03:00,5.17,5.17,0.0
86472000,2026-09-17T01:15:00-03:00,5.15,5.15,0.0
86472000,2026-09-17T01:30:00-03:00,5.12,5.12,0.0
86472000,2026-09-17T01:45:00-03:00,5.1,5.1,0.0
86472000,2026-09-17T02:00:00-03:00,5.08,5.08,0.0
86472000,2026-09-17T02:15:00-03:00,5.06,5.06,0.0
86472000,2026-09-17T02:30:00-03:00,5.04,5.04,0.0
86472000,2026-09-17T02:45:00-03:00,5.02,5.02,0.0
86472000,2026-09-17T03:00:00-03:00,5.0,5.0,0.0
86472000,2026-09-17T03:15:00-03:00,4.98,4.98,0.0
86472000,2026-09-17T03:30:00-03:00,4.96,4.96,0.0
86472000,2026-09-17T03:45:00-03:00,4.95,4.95,0.0
86472000,2026-09-17T04:00:00-03:00,4.93,4.93,0.0
86472000,2026-09-17T04:15:00-03:00,4.92,4.92,0.0
86472000,2026-09-17T04:30:00-03:00,4.9,4.9,0.0
86472000,2026-09-17T04:45:00-03:00,4.89,4.89,0.0
86472000,2026-09-17T05:00:00-03:00,4.88,4.88,0.0
86472000,2026-09-17T05:15:00-03:00,4.87,4.87,0.0
86472000,2026-09-17T05:30:00-03:00,4.87,4.87,0.0
86472000,2026-09-17T05:45:00-03:00,4.86,4.86,0.0
86472000,2026-09-17T06:00:00-03:00,4.86,4.86,0.0
86472000,2026-09-17T06:15:00-03:00,4.86,4.86,0.0
86472000,2026-09-17T06:30:00-03:00,4.85,4.85,0.0
86472000,2026-09-17T06:45:00-03:00,4.85,4.85,0.0
86472000,2026-09-17T07:00:00-03:00,4.85,4.85,0.0
86472000,2026-09-17T07:15:00-03:00,4.85,4.85,0.0
86472000,2026-09-17T07:30:00-03:00,4.85,4.85,0.0
86472000,2026-09-17T07:45:00-03:00,4.85,4.85,0.0
86472000,2026-09-17T08:00:00-03:00,4.85,4.85,0.0
86472000,2026-09-17T08:15:00-03:00,4.85,4.85,0.0
86472000,2026-09-17T08:30:00-03:00,4.84,4.84,0.0
86472000,2026-09-17T08:45:00-03:00,4.84,4.84,0.0
86472000,2026-09-17T09:00:00-03:00,4.8,4.8,0.0
86472000,2026-09-17T09:15:00-03:00,4.7,4.7,0.0
86472000,2026-09-17T09:30:00-03:00,4.56,4.56,0.0
86472000,2026-09-17T09:45:00-03:00,4.4,4.4,0.0
86472000,2026-09-17T10:00:00-03:00,4.25,4.25,0.0
86472000,2026-09-17T10:15:00-03:00,4.11,4.11,0.0
86472000,2026-09-17T10:30:00-03:00,3.99,3.99,0.0
86472000,2026-09-17T10:45:00-03:00,3.88,3.88,0.0
86472000,2026-09-17T11:00:00-03:00,3.79,3.79,0.0
86472000,2026-09-17T11:15:00-03:00,3.72,3.72,0.0
86472000,2026-09-17T11:30:00-03:00,3.66,3.66,0.0
86472000,2026-09-17T11:45:00-03:00,3.62,3.62,0.0
86472000,2026-09-17T12:00:00-03:00,3.58,3.58,0.0
86472000,2026-09-17T12:15:00-03:00,3.56,3.56,0.0
86472000,2026-09-17T12:30:00-03:00,3.54,3.54,0.0
86472000,2026-09-17T12:45:00-03:00,3.53,3.53,0.0
86472000,2026-09-17T13:00:00-03:00,3.53,3.53,0.0
86472000,2026-09-17T13:15:00-03:00,3.54,3.54,0.0
86472000,2026-09-17T13:30:00-03:00,3.55,3.55,0.0
86472000,2026-09-17T13:45:00-03:00,3.56,3.56,0.0
86472000,2026-09-17T14:00:00-03:00,3.58,3.58,0.0
86472000,2026-09-17T14:15:00-03:00,3.6,3.6,0.0
86472000,2026-09-17T14:30:00-03:00,3.63,3.63,0.0
86472000,2026-09-17T14:45:00-03:00,3.66,3.66,0.0
86472000,2026-09-17T15:00:00-03:00,3.7,3.7,0.0
86472000,2026-09-17T15:15:00-03:00,3.74,3.74,0.0
86472000,2026-09-17T15:30:00-03:00,3.78,3.78,0.0
86472000,2026-09-17T15:45:00-03:00,3.83,3.83,0.0
86472000,2026-09-17T16:00:00-03:00,3.87,3.87,0.0
86472000,2026-09-17T16:15:00-03:00,3.92,3.92,0.0
86472000,2026-09-17T16:30:00-03:00,3.97,3.97,0.0
86472000,2026-09-17T16:45:00-03:00,4.01,4.01,0.0
86472000,2026-09-17T17:00:00-03:00,4.06,4.06,0.0
86472000,2026-09-17T17:15:00-03:00,4.11,4.11,0.0
86472000,2026-09-17T17:30:00-03:00,4.15,4.15,0.0
86472000,2026-09-17T17:45:00-03:00,4.23,4.23,0.0
86472000,2026-09-17T18:00:00-03:00,4.39,4.39,0.0
86472000,2026-09-17T18:15:00-03:00,4.64,4.64,0.0
86472000,2026-09-17T18:30:00-03:00,4.87,4.87,0.0
86472000,2026-09-17T18:45:00-03:00,5.05,5.05,0.0
86472000,2026-09-17T19:00:00-03:00,5.19,5.19,0.0
86472000,2026-09-17T19:15:00-03:00,5.28,5.28,0.0
86472000,2026-09-17T19:30:00-03:00,5.34,5.34,0.0
86472000,2026-09-17T19:45:00-03:00,5.37,5.37,0.0
86472000,2026-09-17T20:00:00-03:00,5.39,5.39,0.0
86472000,2026-09-17T20:15:00-03:00,5.4,5.4,0.0
86472000,2026-09-17T20:30:00-03:00,5.4,5.4,0.0
86472000,2026-09-17T20:45:00-03:00,5.4,5.4,0.0
86472000,2026-09-17T21:00:00-03:00,5.4,5.4,0.0
86472000,2026-09-17T21:15:00-03:00,5.39,5.39,0.0
86472000,2026-09-17T21:30:00-03:00,5.38,5.38,0.0
86472000,2026-09-17T21:45:00-03:00,5.35,5.35,0.0
86472000,2026-09-17T22:00:00-03:00,5.34,5.34,0.0
86472000,2026-09-17T22:15:00-03:00,5.32,5.32,0.0
86472000,2026-09-17T22:30:00-03:00,5.31,5.31,0.0
86472000,2026-09-17T22:45:00-03:00,5.29,5.29,0.0
86472000,2026-09-17T23:00:00-03:00,5.26,5.26,0.0
86472000,2026-09-17T23:15:00-03:00,5.24,5.24,0.0
86472000,2026-09-17T23:30:00-03:00,5.23,5.23,0.0
86472000,2026-09-17T23:45:00-03:00,5.2,5.2,0.0
86472000,2026-09-18T00:00:00-03:00,5.18,5.18,0.0
86472000,2026-09-18T00:15:00-03:00,5.16,5.16,0.0
86472000,2026-09-18T00:30:00-03:00,5.14,5.14,0.0
86472000,2026-09-18T00:45:00-03:00,5.12,5.12,0.0
86472000,2026-09-18T01:00:00-03:00,5.09,5.09,0.0
86472000,2026-09-18T01:15:00-03:00,5.07,5.07,0.0
86472000,2026-09-18T01:30:00-03:00,5.05,5.05,0.0
86472000,2026-09-18T01:45:00-03:00,5.03,5.03,0.0
86472000,2026-09-18T02:00:00-03:00,5.02,5.02,0.0
86472000,2026-09-18T02:15:00-03:00,5.0,5.0,0.0
86472000,2026-09-18T02:30:00-03:00,4.98,4.98,0.0
86472000,2026-09-18T02:45:00-03:00,4.96,4.96,0.0
86472000,2026-09-18T03:00:00-03:00,4.95,4.95,0.0
86472000,2026-09-18T03:15:00-03:00,4.93,4.93,0.0
86472000,2026-09-18T03:30:00-03:00,4.92,4.92,0.0
86472000,2026-09-18T03:45:00-03:00,4.91,4.91,0.0
86472000,2026-09-18T04:00:00-03:00,4.89,4.89,0.0
86472000,2026-09-18T04:15:00-03:00,4.89,4.89,0.0
86472000,2026-09-18T04:30:00-03:00,4.88,4.88,0.0
86472000,2026-09-18T04:45:00-03:00,4.86,4.86,0.0
86472000,2026-09-18T05:00:00-03:00,4.85,4.85,0.0
86472000,2026-09-18T05:15:00-03:00,4.84,4.84,0.0
86472000,2026-09-18T05:30:00-03:00,4.83,4.83,0.0
86472000,2026-09-18T05:45:00-03:00,4.83,4.83,0.0
86472000,2026-09-18T06:00:00-03:00,4.82,4.82,0.0
86472000,2026-09-18T06:15:00-03:00,4.81,4.81,0.0
86472000,2026-09-18T06:30:00-03:00,4.8,4.8,0.0
86472000,2026-09-18T06:45:00-03:00,4.8,4.8,0.0
86472000,2026-09-18T07:00:00-03:00,4.79,4.79,0.0
86472000,2026-09-18T07:15:00-03:00,4.78,4.78,0.0
86472000,2026-09-18T07:30:00-03:00,4.77,4.77,0.0
86472000,2026-09-18T07:45:00-03:00,4.76,4.76,0.0
86472000,2026-09-18T08:00:00-03:00,4.74,4.74,0.0
86472000,2026-09-18T08:15:00-03:00,4.65,4.65,0.0
86472000,2026-09-18T08:30:00-03:00,4.52,4.52,0.0
86472000,2026-09-18T08:45:00-03:00,4.37,4.37,0.0
86472000,2026-09-18T09:00:00-03:00,4.21,4.21,0.0
86472000,2026-09-18T09:15:00-03:00,4.07,4.07,0.0
86472000,2026-09-18T09:30:00-03:00,3.94,3.94,0.0
86472000,2026-09-18T09:45:00-03:00,3.82,3.82,0.0
86472000,2026-09-18T10:00:00-03:00,3.72,3.72,0.0
86472000,2026-09-18T10:15:00-03:00,3.64,3.64,0.0
86472000,2026-09-18T10:30:00-03:00,3.56,3.56,0.0
86472000,2026-09-18T10:45:00-03:00,3.5,3.5,0.0
86472000,2026-09-18T11:00:00-03:00,3.45,3.45,0.0
86472000,2026-09-18T11:15:00-03:00,3.4,3.4,0.0
86472000,2026-09-18T11:30:00-03:00,3.36,3.36,0.0
86472000,2026-09-18T11:45:00-03:00,3.33,3.33,0.0
86472000,2026-09-18T12:00:00-03:00,3.31,3.31,0.0
86472000,2026-09-18T12:15:00-03:00,3.28,3.28,0.0
86472000,2026-09-18T12:30:00-03:00,3.27,3.27,0.0
86472000,2026-09-18T12:45:00-03:00,3.26,3.26,0.0
86472000,2026-09-18T13:00:00-03:00,3.25,3.25,0.0
86472000,2026-09-18T13:15:00-03:00,3.25,3.25,0.0
86472000,2026-09-18T13:30:00-03:00,3.25,3.25,0.0
86472000,2026-09-18T13:45:00-03:00,3.25,3.25,0.0
86472000,2026-09-18T14:00:00-03:00,3.26,3.26,0.0
86472000,2026-09-18T14:15:00-03:00,3.28,3.28,0.0
86472000,2026-09-18T14:30:00-03:00,3.3,3.3,0.0
86472000,2026-09-18T14:45:00-03:00,3.33,3.33,0.0
86472000,2026-09-18T15:00:00-03:00,3.37,3.37,0.0
86472000,2026-09-18T15:15:00-03:00,3.41,3.41,0.0
86472000,2026-09-18T15:30:00-03:00,3.45,3.45,0.0
86472000,2026-09-18T15:45:00-03:00,3.51,3.51,0.0
86472000,2026-09-18T16:00:00-03:00,3.56,3.56,0.0
86472000,2026-09-18T16:15:00-03:00,3.62,3.62,0.0
86472000,2026-09-18T16:30:00-03:00,3.68,3.68,0.0
86472000,2026-09-18T16:45:00-03:00,3.74,3.74,0.0
86472000,2026-09-18T17:00:00-03:00,3.8,3.8,0.0
86472000,2026-09-18T17:15:00-03:00,3.85,3.85,0.0
86472000,2026-09-18T17:30:00-03:00,3.92,3.92,0.0
86472000,2026-09-18T17:45:00-03:00,4.07,4.07,0.0
86472000,2026-09-18T18:00:00-03:00,4.32,4.32,0.0
86472000,2026-09-18T18:15:00-03:00,4.59,4.59,0.0
86472000,2026-09-18T18:30:00-03:00,4.8,4.8,0.0
86472000,2026-09-18T18:45:00-03:00,4.96,4.96,0.0
86472000,2026-09-18T19:00:00-03:00,5.06,5.06,0.0
86472000,2026-09-18T19:15:00-03:00,5.13,5.13,0.0
86472000,2026-09-18T19:30:00-03:00,5.18,5.18,0.0
86472000,2026-09-18T19:45:00-03:00,5.21,5.21,0.0
86472000,2026-09-18T20:00:00-03:00,5.22,5.22,0.0
86472000,2026-09-18T20:15:00-03:00,5.22,5.22,0.0
86472000,2026-09-18T20:30:00-03:00,5.22,5.22,0.0
86472000,2026-09-18T20:45:00-03:00,5.21,5.21,0.0
86472000,2026-09-18T21:00:00-03:00,5.2,5.2,0.0
86472000,2026-09-18T21:15:00-03:00,5.2,5.2,0.0
86472000,2026-09-18T21:30:00-03:00,5.19,5.19,0.0
86472000,2026-09-18T21:45:00-03:00,5.17,5.17,0.0
86472000,2026-09-18T22:00:00-03:00,5.16,5.16,0.0
86472000,2026-09-18T22:15:00-03:00,5.14,5.14,0.0
86472000,2026-09-18T22:30:00-03:00,5.13,5.13,0.0
86472000,2026-09-18T22:45:00-03:00,5.11,5.11,0.0
86472000,2026-09-18T23:00:00-03:00,5.09,5.09,0.0
86472000,2026-09-18T23:15:00-03:00,5.08,5.08,0.0
86472000,2026-09-18T23:30:00-03:00,5.06,5.06,0.0
86472000,2026-09-18T23:45:00-03:00,5.04,5.04,0.0
86472000,2026-09-19T00:00:00-03:00,5.02,5.02,0.0
86472000,2026-09-19T00:15:00-03:00,5.0,5.0,0.0
86472000,2026-09-19T00:30:00-03:00,4.98,4.98,0.0
86472000,2026-09-19T00:45:00-03:00,4.96,4.96,0.0
86472000,2026-09-19T01:00:00-03:00,4.94,4.94,0.0
86472000,2026-09-19T01:15:00-03:00,4.92,4.92,0.0
86472000,2026-09-19T01:30:00-03:00,4.9,4.9,0.0
86472000,2026-09-19T01:45:00-03:00,4.89,4.89,0.0
86472000,2026-09-19T02:00:00-03:00,4.87,4.87,0.0
86472000,2026-09-19T02:15:00-03:00,4.86,4.86,0.0
86472000,2026-09-19T02:30:00-03:00,4.84,4.84,0.0
86472000,2026-09-19T02:45:00-03:00,4.83,4.83,0.0
86472000,2026-09-19T03:00:00-03:00,4.81,4.81,0.0
86472000,2026-09-19T03:15:00-03:00,4.8,4.8,0.0
86472000,2026-09-19T03:30:00-03:00,4.79,4.79,0.0
86472000,2026-09-19T03:45:00-03:00,4.77,4.77,0.0
86472000,2026-09-19T04:00:00-03:00,4.76,4.76,0.0
86472000,2026-09-19T04:15:00-03:00,4.75,4.75,0.0
86472000,2026-09-19T04:30:00-03:00,4.74,4.74,0.0
86472000,2026-09-19T04:45:00-03:00,4.73,4.73,0.0
86472000,2026-09-19T05:00:00-03:00,4.72,4.72,0.0
86472000,2026-09-19T05:15:00-03:00,4.72,4.72,0.0
86472000,2026-09-19T05:30:00-03:00,4.71,4.71,0.0
86472000,2026-09-19T05:45:00-03:00,4.7,4.7,0.0
86472000,2026-09-19T06:00:00-03:00,4.69,4.69,0.0
86472000,2026-09-19T06:15:00-03:00,4.69,4.69,0.0
86472000,2026-09-19T06:30:00-03:00,4.68,4.68,0.0
86472000,2026-09-19T06:45:00-03:00,4.68,4.68,0.0
86472000,2026-09-19T07:00:00-03:00,4.67,4.67,0.0
86472000,2026-09-19T07:15:00-03:00,4.67,4.67,0.0
86472000,2026-09-19T07:30:00-03:00,4.66,4.66,0.0
86472000,2026-09-19T07:45:00-03:00,4.65,4.65,0.0
86472000,2026-09-19T08:00:00-03:00,4.56,4.56,0.0
86472000,2026-09-19T08:15:00-03:00,4.44,4.44,0.0
86472000,2026-09-19T08:30:00-03:00,4.29,4.29,0.0
86472000,2026-09-19T08:45:00-03:00,4.15,4.15,0.0
86472000,2026-09-19T09:00:00-03:00,4.01,4.01,0.0
86472000,2026-09-19T09:15:00-03:00,3.89,3.89,0.0
86472000,2026-09-19T09:30:00-03:00,3.78,3.78,0.0
86472000,2026-09-19T09:45:00-03:00,3.69,3.69,0.0
86472000,2026-09-19T10:00:00-03:00,3.61,3.61,0.0
86472000,2026-09-19T10:15:00-03:00,3.55,3.55,0.0
86472000,2026-09-19T10:30:00-03:00,3.49,3.49,0.0
86472000,2026-09-19T10:45:00-03:00,3.44,3.44,0.0
86472000,2026-09-19T11:00:00-03:00,3.39,3.39,0.0
86472000,2026-09-19T11:15:00-03:00,3.35,3.35,0.0
86472000,2026-09-19T11:30:00-03:00,3.31,3.31,0.0
86472000,2026-09-19T11:45:00-03:00,3.28,3.28,0.0
86472000,2026-09-19T12:00:00-03:00,3.25,3.25,0.0
86472000,2026-09-19T12:15:00-03:00,3.23,3.23,0.0
86472000,2026-09-19T12:30:00-03:00,3.21,3.21,0.0
86472000,2026-09-19T12:45:00-03:00,3.19,3.19,0.0
86472000,2026-09-19T13:00:00-03:00,3.18,3.18,0.0
86472000,2026-09-19T13:15:00-03:00,3.17,3.17,0.0
86472000,2026-09-19T13:30:00-03:00,3.17,3.17,0.0
86472000,2026-09-19T13:45:00-03:00,3.17,3.17,0.0
86472000,2026-09-19T14:00:00-03:00,3.18,3.18,0.0
86472000,2026-09-19T14:15:00-03:00,3.19,3.19,0.0
86472000,2026-09-19T14:30:00-03:00,3.21,3.21,0.0
86472000,2026-09-19T14:45:00-03:00,3.23,3.23,0.0
86472000,2026-09-19T15:00:00-03:00,3.26,3.26,0.0
86472000,2026-09-19T15:15:00-03:00,3.29,3.29,0.0
86472000,2026-09-19T15:30:00-03:00,3.34,3.34,0.0
86472000,2026-09-19T15:45:00-03:00,3.38,3.38,0.0
86472000,2026-09-19T16:00:00-03:00,3.44,3.44,0.0
86472000,2026-09-19T16:15:00-03:00,3.5,3.5,0.0
86472000,2026-09-19T16:30:00-03:00,3.55,3.55,0.0
86472000,2026-09-19T16:45:00-03:00,3.61,3.61,0.0
86472000,2026-09-19T17:00:00-03:00,3.68,3.68,0.0
86472000,2026-09-19T17:15:00-03:00,3.73,3.73,0.0
86472000,2026-09-19T17:30:00-03:00,3.79,3.79,0.0
86472000,2026-09-19T17:45:00-03:00,3.84,3.84,0.0
86472000,2026-09-19T18:00:00-03:00,3.97,3.97,0.0
86472000,2026-09-19T18:15:00-03:00,4.2,4.2,0.0
86472000,2026-09-19T18:30:00-03:00,4.47,4.47,0.0
86472000,2026-09-19T18:45:00-03:00,4.71,4.71,0.0
86472000,2026-09-19T19:00:00-03:00,4.89,4.89,0.0
86472000,2026-09-19T19:15:00-03:00,5.02,5.02,0.0
86472000,2026-09-19T19:30:00-03:00,5.11,5.11,0.0
86472000,2026-09-19T19:45:00-03:00,5.16,5.16,0.0
86472000,2026-09-19T20:00:00-03:00,5.19,5.19,0.0
86472000,2026-09-19T20:15:00-03:00,5.21,5.21,0.0
86472000,2026-09-19T20:30:00-03:00,5.21,5.21,0.0
86472000,2026-09-19T20:45:00-03:00,5.21,5.21,0.0
86472000,2026-09-19T21:00:00-03:00,5.21,5.21,0.0
86472000,2026-09-19T21:15:00-03:00,5.21,5.21,0.0
86472000,2026-09-19T21:30:00-03:00,5.21,5.21,0.0
86472000,2026-09-19T21:45:00-03:00,5.2,5.2,0.0
86472000,2026-09-19T22:00:00-03:00,5.19,5.19,0.0
86472000,2026-09-19T22:15:00-03:00,5.18,5.18,0.0
86472000,2026-09-19T22:30:00-03:00,5.17,5.17,0.0
86472000,2026-09-19T22:45:00-03:00,5.17,5.17,0.0
86472000,2026-09-19T23:00:00-03:00,5.16,5.16,0.0
86472000,2026-09-19T23:15:00-03:00,5.15,5.15,0.0
86472000,2026-09-19T23:30:00-03:00,5.14,5.14,0.0
86472000,2026-09-19T23:45:00-03:00,5.13,5.13,0.0
86472000,2026-09-20T00:00:00-03:00,5.11,5.11,0.0
86472000,2026-09-20T00:15:00-03:00,5.1,5.1,0.0
86472000,2026-09-20T00:30:00-03:00,5.09,5.09,0.0
86472000,2026-09-20T00:45:00-03:00,5.08,5.08,0.0
86472000,2026-09-20T01:00:00-03:00,5.06,5.06,0.0
86472000,2026-09-20T01:15:00-03:00,5.05,5.05,0.0
86472000,2026-09-20T01:30:00-03:00,5.04,5.04,0.0
86472000,2026-09-20T01:45:00-03:00,5.02,5.02,0.0
86472000,2026-09-20T02:00:00-03:00,5,5.0,0.0
86472000,2026-09-20T02:15:00-03:00,4.99,4.99,0.0
86472000,2026-09-20T02:30:00-03:00,4.98,4.98,0.0
86472000,2026-09-20T02:45:00-03:00,4.96,4.96,0.0
86472000,2026-09-20T03:00:00-03:00,4.95,4.95,0.0
86472000,2026-09-20T03:15:00-03:00,4.95,4.95,0.0
86472000,2026-09-20T03:30:00-03:00,4.94,4.94,0.0
86472000,2026-09-20T03:45:00-03:00,4.94,4.94,0.0
86472000,2026-09-20T04:00:00-03:00,4.93,4.93,0.0
86472000,2026-09-20T04:15:00-03:00,4.93,4.93,0.0
86472000,2026-09-20T04:30:00-03:00,4.93,4.93,0.0
86472000,2026-09-20T04:45:00-03:00,4.92,4.92,0.0
86472000,2026-09-20T05:00:00-03:00,4.92,4.92,0.0
86472000,2026-09-20T05:15:00-03:00,4.92,4.92,0.0
86472000,2026-09-20T05:30:00-03:00,4.91,4.91,0.0
86472000,2026-09-20T05:45:00-03:00,4.91,4.91,0.0
86472000,2026-09-20T06:00:00-03:00,4.9,4.9,0.0
86472000,2026-09-20T06:15:00-03:00,4.89,4.89,0.0
86472000,2026-09-20T06:30:00-03:00,4.88,4.88,0.0
86472000,2026-09-20T06:45:00-03:00,4.86,4.86,0.0
86472000,2026-09-20T07:00:00-03:00,4.86,4.86,0.0
86472000,2026-09-20T07:15:00-03:00,4.84,4.84,0.0
86472000,2026-09-20T07:30:00-03:00,4.83,4.83,0.0
86472000,2026-09-20T07:45:00-03:00,4.83,4.83,0.0
86472000,2026-09-20T08:00:00-03:00,4.82,4.82,0.0
86472000,2026-09-20T08:15:00-03:00,4.81,4.81,0.0
86472000,2026-09-20T08:30:00-03:00,4.81,4.81,0.0
86472000,2026-09-20T08:45:00-03:00,4.8,4.8,0.0
86472000,2026-09-20T09:00:00-03:00,4.8,4.8,0.0
86472000,2026-09-20T09:15:00-03:00,4.76,4.76,0.0
86472000,2026-09-20T09:30:00-03:00,4.66,4.66,0.0
86472000,2026-09-20T09:45:00-03:00,4.52,4.52,0.0
86472000,2026-09-20T10:00:00-03:00,4.37,4.37,0.0
86472000,2026-09-20T10:15:00-03:00,4.23,4.23,0.0
86472000,2026-09-20T10:30:00-03:00,4.09,4.09,0.0
86472000,2026-09-20T10:45:00-03:00,3.98,3.98,0.0
86472000,2026-09-20T11:00:00-03:00,3.87,3.87,0.0
86472000,2026-09-20T11:15:00-03:00,3.79,3.79,0.0
86472000,2026-09-20T11:30:00-03:00,3.72,3.72,0.0
86472000,2026-09-20T11:45:00-03:00,3.66,3.66,0.0
86472000,2026-09-20T12:00:00-03:00,3.62,3.62,0.0
86472000,2026-09-20T12:15:00-03:00,3.58,3.58,0.0
86472000,2026-09-20T12:30:00-03:00,3.56,3.56,0.0
86472000,2026-09-20T12:45:00-03:00,3.55,3.55,0.0
86472000,2026-09-20T13:00:00-03:00,3.56,3.56,0.0
86472000,2026-09-20T13:15:00-03:00,3.58,3.58,0.0
86472000,2026-09-20T13:30:00-03:00,3.63,3.63,0.0
86472000,2026-09-20T13:45:00-03:00,3.68,3.68,0.0
86472000,2026-09-20T14:00:00-03:00,3.74,3.74,0.0
86472000,2026-09-20T14:15:00-03:00,3.81,3.81,0.0
86472000,2026-09-20T14:30:00-03:00,3.87,3.87,0.0
86472000,2026-09-20T14:45:00-03:00,3.93,3.93,0.0
86472000,2026-09-20T15:00:00-03:00,3.99,3.99,0.0
86472000,2026-09-20T15:15:00-03:00,4.05,4.05,0.0
86472000,2026-09-20T15:30:00-03:00,4.1,4.1,0.0
86472000,2026-09-20T15:45:00-03:00,4.16,4.16,0.0
86472000,2026-09-20T16:00:00-03:00,4.22,4.22,0.0
86472000,2026-09-20T16:15:00-03:00,4.27,4.27,0.0
86472000,2026-09-20T16:30:00-03:00,4.33,4.33,0.0
86472000,2026-09-20T16:45:00-03:00,4.38,4.38,0.0
86472000,2026-09-20T17:00:00-03:00,4.43,4.43,0.0
86472000,2026-09-20T17:15:00-03:00,4.48,4.48,0.0
86472000,2026-09-20T17:30:00-03:00,4.53,4.53,0.0
86472000,2026-09-20T17:45:00-03:00,4.58,4.58,0.0
86472000,2026-09-20T18:00:00-03:00,4.68,4.68,0.0
86472000,2026-09-20T18:15:00-03:00,4.87,4.87,0.0
86472000,2026-09-20T18:30:00-03:00,5.1,5.1,0.0
86472000,2026-09-20T18:45:00-03:00,5.32,5.32,0.0
86472000,2026-09-20T19:00:00-03:00,5.47,5.47,0.0
86472000,2026-09-20T19:15:00-03:00,5.57,5.57,0.0
86472000,2026-09-20T19:30:00-03:00,5.64,5.64,0.0
86472000,2026-09-20T19:45:00-03:00,5.67,5.67,0.0
86472000,2026-09-20T20:00:00-03:00,5.68,5.68,0.0
86472000,2026-09-20T20:15:00-03:00,5.69,5.69,0.0
86472000,2026-09-20T20:30:00-03:00,5.68,5.68,0.0
86472000,2026-09-20T20:45:00-03:00,5.66,5.66,0.0
86472000,2026-09-20T21:00:00-03:00,5.64,5.64,0.0
86472000,2026-09-20T21:15:00-03:00,5.63,5.63,0.0
86472000,2026-09-20T21:30:00-03:00,5.61,5.61,0.0
86472000,2026-09-20T21:45:00-03:00,5.59,5.59,0.0
86472000,2026-09-20T22:00:00-03:00,5.57,5.57,0.0
86472000,2026-09-20T22:15:00-03:00,5.55,5.55,0.0
86472000,2026-09-20T22:30:00-03:00,5.53,5.53,0.0
86472000,2026-09-20T22:45:00-03:00,5.5,5.5,0.0
86472000,2026-09-20T23:00:00-03:00,5.48,5.48,0.0
86472000,2026-09-20T23:15:00-03:00,5.46,5.46,0.0
86472000,2026-09-20T23:30:00-03:00,5.44,5.44,0.0
86472000,2026-09-20T23:45:00-03:00,5.42,5.42,0.0
86472000,2026-09-21T00:00:00-03:00,5.39,5.39,0.0
86472000,2026-09-21T00:15:00-03:00,5.37,5.37,0.0
86472000,2026-09-21T00:30:00-03:00,5.34,5.34,0.0
86472000,2026-09-21T00:45:00-03:00,5.32,5.32,0.0
86472000,2026-09-21T01:00:00-03:00,5.3,5.3,0.0
86472000,2026-09-21T01:15:00-03:00,5.28,5.28,0.0
86472000,2026-09-21T01:30:00-03:00,5.25,5.25,0.0
86472000,2026-09-21T01:45:00-03:00,5.24,5.24,0.0
86472000,2026-09-21T02:00:00-03:00,5.22,5.22,0.0
86472000,2026-09-21T02:15:00-03:00,5.21,5.21,0.0
86472000,2026-09-21T02:30:00-03:00,5.19,5.19,0.0
86472000,2026-09-21T02:45:00-03:00,5.18,5.18,0.0
86472000,2026-09-21T03:00:00-03:00,5.16,5.16,0.0
86472000,2026-09-21T03:15:00-03:00,5.15,5.15,0.0
86472000,2026-09-21T03:30:00-03:00,5.14,5.14,0.0
86472000,2026-09-21T03:45:00-03:00,5.13,5.13,0.0
86472000,2026-09-21T04:00:00-03:00,5.12,5.12,0.0
86472000,2026-09-21T04:15:00-03:00,5.12,5.12,0.0
86472000,2026-09-21T04:30:00-03:00,5.1,5.1,0.0
86472000,2026-09-21T04:45:00-03:00,5.1,5.1,0.0
86472000,2026-09-21T05:00:00-03:00,5.09,5.09,0.0
86472000,2026-09-21T05:15:00-03:00,5.08,5.08,0.0
86472000,2026-09-21T05:30:00-03:00,5.08,5.08,0.0
86472000,2026-09-21T05:45:00-03:00,5.07,5.07,0.0
86472000,2026-09-21T06:00:00-03:00,5.07,5.07,0.0
86472000,2026-09-21T06:15:00-03:00,5.07,5.07,0.0
86472000,2026-09-21T06:30:00-03:00,5.06,5.06,0.0
86472000,2026-09-21T06:45:00-03:00,5.07,5.07,0.0
86472000,2026-09-21T07:00:00-03:00,5.07,5.07,0.0
86472000,2026-09-21T07:15:00-03:00,5.07,5.07,0.0
86472000,2026-09-21T07:30:00-03:00,5.07,5.07,0.0
86472000,2026-09-21T07:45:00-03:00,5.09,5.09,0.0
86472000,2026-09-21T08:00:00-03:00,5.12,5.12,0.0
86472000,2026-09-21T08:15:00-03:00,5.18,5.18,0.0
86472000,2026-09-21T08:30:00-03:00,5.27,5.27,0.0
86472000,2026-09-21T08:45:00-03:00,5.39,5.39,0.0
86472000,2026-09-21T09:00:00-03:00,5.6,5.6,0.0
86472000,2026-09-21T09:15:00-03:00,5.83,5.83,0.0
86472000,2026-09-21T09:30:00-03:00,6.11,6.11,0.0
86472000,2026-09-21T09:45:00-03:00,6.44,6.44,0.0
86472000,2026-09-21T10:00:00-03:00,6.73,6.73,0.0
86472000,2026-09-21T10:15:00-03:00,6.89,6.89,0.0
86472000,2026-09-21T10:30:00-03:00,6.9,6.9,0.0
86472000,2026-09-21T10:45:00-03:00,6.83,6.83,0.0
86472000,2026-09-21T11:00:00-03:00,6.8,6.8,0.0
86472000,2026-09-21T11:15:00-03:00,6.81,6.81,0.0
86472000,2026-09-21T11:30:00-03:00,6.92,6.92,0.0
86472000,2026-09-21T11:45:00-03:00,6.94,6.94,0.0
86472000,2026-09-21T12:00:00-03:00,7.15,7.15,0.0
86472000,2026-09-21T12:15:00-03:00,7.32,7.32,0.0
86472000,2026-09-21T12:30:00-03:00,7.34,7.34,0.0
86472600,2026-08-21T21:15:00-03:00,3.9,3.9,0.0
86472600,2026-08-21T21:30:00-03:00,3.9,3.9,0.0
86472600,2026-08-21T21:45:00-03:00,3.91,3.91,0.0
86472600,2026-08-21T22:00:00-03:00,3.91,3.91,0.0
86472600,2026-08-21T22:15:00-03:00,3.92,3.92,0.0
86472600,2026-08-21T22:30:00-03:00,3.92,3.92,0.0
86472600,2026-08-21T22:45:00-03:00,3.92,3.92,0.0
86472600,2026-08-21T23:00:00-03:00,3.92,3.92,0.0
86472600,2026-08-21T23:15:00-03:00,3.92,3.92,0.0
86472600,2026-08-21T23:30:00-03:00,3.91,3.91,0.0
86472600,2026-08-21T23:45:00-03:00,3.91,3.91,0.0
86472600,2026-08-22T00:00:00-03:00,3.9,3.9,0.0
86472600,2026-08-22T00:15:00-03:00,3.9,3.9,0.0
86472600,2026-08-22T00:30:00-03:00,3.89,3.89,0.0
86472600,2026-08-22T00:45:00-03:00,3.88,3.88,0.0
86472600,2026-08-22T01:00:00-03:00,3.87,3.87,0.0
86472600,2026-08-22T01:15:00-03:00,3.86,3.86,0.0
86472600,2026-08-22T01:30:00-03:00,3.85,3.85,0.0
86472600,2026-08-22T01:45:00-03:00,3.84,3.84,0.0
86472600,2026-08-22T02:00:00-03:00,3.83,3.83,0.0
86472600,2026-08-22T02:15:00-03:00,3.82,3.82,0.0
86472600,2026-08-22T02:30:00-03:00,3.82,3.82,0.0
86472600,2026-08-22T02:45:00-03:00,3.81,3.81,0.0
86472600,2026-08-22T03:00:00-03:00,3.8,3.8,0.0
86472600,2026-08-22T03:15:00-03:00,3.8,3.8,0.0
86472600,2026-08-22T03:30:00-03:00,3.79,3.79,0.0
86472600,2026-08-22T03:45:00-03:00,3.79,3.79,0.0
86472600,2026-08-22T04:00:00-03:00,3.79,3.79,0.0
86472600,2026-08-22T04:15:00-03:00,3.79,3.79,0.0
86472600,2026-08-22T04:30:00-03:00,3.78,3.78,0.0
86472600,2026-08-22T04:45:00-03:00,3.78,3.78,0.0
86472600,2026-08-22T05:00:00-03:00,3.78,3.78,0.0
86472600,2026-08-22T05:15:00-03:00,3.78,3.78,0.0
86472600,2026-08-22T05:30:00-03:00,3.77,3.77,0.0
86472600,2026-08-22T05:45:00-03:00,3.77,3.77,0.0
86472600,2026-08-22T06:00:00-03:00,3.77,3.77,0.0
86472600,2026-08-22T06:15:00-03:00,3.77,3.77,0.0
86472600,2026-08-22T06:30:00-03:00,3.76,3.76,0.0
86472600,2026-08-22T06:45:00-03:00,3.76,3.76,0.0
86472600,2026-08-22T07:00:00-03:00,3.76,3.76,0.0
86472600,2026-08-22T07:15:00-03:00,3.76,3.76,0.0
86472600,2026-08-22T07:30:00-03:00,3.75,3.75,0.0
86472600,2026-08-22T07:45:00-03:00,3.75,3.75,0.0
86472600,2026-08-22T08:00:00-03:00,3.74,3.74,0.0
86472600,2026-08-22T08:15:00-03:00,3.74,3.74,0.0
86472600,2026-08-22T08:30:00-03:00,3.73,3.73,0.0
86472600,2026-08-22T08:45:00-03:00,3.72,3.72,0.0
86472600,2026-08-22T09:00:00-03:00,3.7,3.7,0.0
86472600,2026-08-22T09:15:00-03:00,3.67,3.67,0.0
86472600,2026-08-22T09:30:00-03:00,3.62,3.62,0.0
86472600,2026-08-22T09:45:00-03:00,3.57,3.57,0.0
86472600,2026-08-22T10:00:00-03:00,3.5,3.5,0.0
86472600,2026-08-22T10:15:00-03:00,3.42,3.42,0.0
86472600,2026-08-22T10:30:00-03:00,3.34,3.34,0.0
86472600,2026-08-22T10:45:00-03:00,3.25,3.25,0.0
86472600,2026-08-22T11:00:00-03:00,3.17,3.17,0.0
86472600,2026-08-22T11:15:00-03:00,3.1,3.1,0.0
86472600,2026-08-22T11:30:00-03:00,3.02,3.02,0.0
86472600,2026-08-22T11:45:00-03:00,2.96,2.96,0.0
86472600,2026-08-22T12:00:00-03:00,2.89,2.89,0.0
86472600,2026-08-22T12:15:00-03:00,2.84,2.84,0.0
86472600,2026-08-22T12:30:00-03:00,2.79,2.79,0.0
86472600,2026-08-22T12:45:00-03:00,2.75,2.75,0.0
86472600,2026-08-22T13:00:00-03:00,2.71,2.71,0.0
86472600,2026-08-22T13:15:00-03:00,2.68,2.68,0.0
86472600,2026-08-22T13:30:00-03:00,2.66,2.66,0.0
86472600,2026-08-22T13:45:00-03:00,2.64,2.64,0.0
86472600,2026-08-22T14:00:00-03:00,2.62,2.62,0.0
86472600,2026-08-22T14:15:00-03:00,2.61,2.61,0.0
86472600,2026-08-22T14:30:00-03:00,2.6,2.6,0.0
86472600,2026-08-22T14:45:00-03:00,2.59,2.59,0.0
86472600,2026-08-22T15:00:00-03:00,2.59,2.59,0.0
86472600,2026-08-22T15:15:00-03:00,2.6,2.6,0.0
86472600,2026-08-22T15:30:00-03:00,2.6,2.6,0.0
86472600,2026-08-22T15:45:00-03:00,2.61,2.61,0.0
86472600,2026-08-22T16:00:00-03:00,2.63,2.63,0.0
86472600,2026-08-22T16:15:00-03:00,2.65,2.65,0.0
86472600,2026-08-22T16:30:00-03:00,2.68,2.68,0.0
86472600,2026-08-22T16:45:00-03:00,2.72,2.72,0.0
86472600,2026-08-22T17:00:00-03:00,2.75,2.75,0.0
86472600,2026-08-22T17:15:00-03:00,2.8,2.8,0.0
86472600,2026-08-22T17:30:00-03:00,2.84,2.84,0.0
86472600,2026-08-22T17:45:00-03:00,2.88,2.88,0.0
86472600,2026-08-22T18:00:00-03:00,2.93,2.93,0.0
86472600,2026-08-22T18:15:00-03:00,2.97,2.97,0.0
86472600,2026-08-22T18:30:00-03:00,3.03,3.03,0.0
86472600,2026-08-22T18:45:00-03:00,3.1,3.1,0.0
86472600,2026-08-22T19:00:00-03:00,3.19,3.19,0.0
86472600,2026-08-22T19:15:00-03:00,3.31,3.31,0.0
86472600,2026-08-22T19:30:00-03:00,3.45,3.45,0.0
86472600,2026-08-22T19:45:00-03:00,3.59,3.59,0.0
86472600,2026-08-22T20:00:00-03:00,3.72,3.72,0.0
86472600,2026-08-22T20:15:00-03:00,3.83,3.83,0.0
86472600,2026-08-22T20:30:00-03:00,3.92,3.92,0.0
86472600,2026-08-22T20:45:00-03:00,3.99,3.99,0.0
86472600,2026-08-22T21:00:00-03:00,4.04,4.04,0.0
86472600,2026-08-22T21:15:00-03:00,4.08,4.08,0.0
86472600,2026-08-22T21:30:00-03:00,4.1,4.1,0.0
86472600,2026-08-22T21:45:00-03:00,4.11,4.11,0.0
86472600,2026-08-22T22:00:00-03:00,4.12,4.12,0.0
86472600,2026-08-22T22:15:00-03:00,4.13,4.13,0.0
86472600,2026-08-22T22:30:00-03:00,4.13,4.13,0.0
86472600,2026-08-22T22:45:00-03:00,4.13,4.13,0.0
86472600,2026-08-23T00:00:00-03:00,4.12,4.12,0.0
86472600,2026-08-23T00:15:00-03:00,4.12,4.12,0.0
86472600,2026-08-23T00:30:00-03:00,4.1,4.1,0.0
86472600,2026-08-23T00:45:00-03:00,4.1,4.1,0.0
86472600,2026-08-23T01:00:00-03:00,4.08,4.08,0.0
86472600,2026-08-23T01:15:00-03:00,4.07,4.07,0.0
86472600,2026-08-23T01:30:00-03:00,4.06,4.06,0.0
86472600,2026-08-23T01:45:00-03:00,4.04,4.04,0.0
86472600,2026-08-23T02:00:00-03:00,4.02,4.02,0.0
86472600,2026-08-23T02:15:00-03:00,4.0,4.0,0.0
86472600,2026-08-23T02:30:00-03:00,3.98,3.98,0.0
86472600,2026-08-23T02:45:00-03:00,3.96,3.96,0.0
86472600,2026-08-23T03:00:00-03:00,3.95,3.95,0.0
86472600,2026-08-23T03:15:00-03:00,3.92,3.92,0.0
86472600,2026-08-23T03:30:00-03:00,3.9,3.9,0.0
86472600,2026-08-23T03:45:00-03:00,3.89,3.89,0.0
86472600,2026-08-23T04:00:00-03:00,3.87,3.87,0.0
86472600,2026-08-23T04:15:00-03:00,3.85,3.85,0.0
86472600,2026-08-23T04:30:00-03:00,3.83,3.83,0.0
86472600,2026-08-23T04:45:00-03:00,3.81,3.81,0.0
86472600,2026-08-23T05:00:00-03:00,3.79,3.79,0.0
86472600,2026-08-23T05:15:00-03:00,3.78,3.78,0.0
86472600,2026-08-23T05:30:00-03:00,3.76,3.76,0.0
86472600,2026-08-23T05:45:00-03:00,3.75,3.75,0.0
86472600,2026-08-23T06:00:00-03:00,3.73,3.73,0.0
86472600,2026-08-23T06:15:00-03:00,3.71,3.71,0.0
86472600,2026-08-23T06:30:00-03:00,3.7,3.7,0.0
86472600,2026-08-23T06:45:00-03:00,3.69,3.69,0.0
86472600,2026-08-23T07:00:00-03:00,3.67,3.67,0.0
86472600,2026-08-23T07:15:00-03:00,3.66,3.66,0.0
86472600,2026-08-23T07:30:00-03:00,3.65,3.65,0.0
86472600,2026-08-23T07:45:00-03:00,3.64,3.64,0.0
86472600,2026-08-23T08:00:00-03:00,3.63,3.63,0.0
86472600,2026-08-23T08:15:00-03:00,3.61,3.61,0.0
86472600,2026-08-23T08:30:00-03:00,3.58,3.58,0.0
86472600,2026-08-23T08:45:00-03:00,3.55,3.55,0.0
86472600,2026-08-23T09:00:00-03:00,3.49,3.49,0.0
86472600,2026-08-23T09:15:00-03:00,3.43,3.43,0.0
86472600,2026-08-23T09:30:00-03:00,3.36,3.36,0.0
86472600,2026-08-23T09:45:00-03:00,3.28,3.28,0.0
86472600,2026-08-23T10:00:00-03:00,3.2,3.2,0.0
86472600,2026-08-23T10:15:00-03:00,3.11,3.11,0.0
86472600,2026-08-23T10:30:00-03:00,3.03,3.03,0.0
86472600,2026-08-23T10:45:00-03:00,2.95,2.95,0.0
86472600,2026-08-23T11:00:00-03:00,2.88,2.88,0.0
86472600,2026-08-23T11:15:00-03:00,2.81,2.81,0.0
86472600,2026-08-23T11:30:00-03:00,2.74,2.74,0.0
86472600,2026-08-23T11:45:00-03:00,2.68,2.68,0.0
86472600,2026-08-23T12:00:00-03:00,2.63,2.63,0.0
86472600,2026-08-23T12:15:00-03:00,2.59,2.59,0.0
86472600,2026-08-23T12:30:00-03:00,2.54,2.54,0.0
86472600,2026-08-23T12:45:00-03:00,2.51,2.51,0.0
86472600,2026-08-23T13:00:00-03:00,2.48,2.48,0.0
86472600,2026-08-23T13:15:00-03:00,2.45,2.45,0.0
86472600,2026-08-23T13:30:00-03:00,2.43,2.43,0.0
86472600,2026-08-23T13:45:00-03:00,2.41,2.41,0.0
86472600,2026-08-23T14:00:00-03:00,2.39,2.39,0.0
86472600,2026-08-23T14:15:00-03:00,2.37,2.37,0.0
86472600,2026-08-23T14:30:00-03:00,2.36,2.36,0.0
86472600,2026-08-23T14:45:00-03:00,2.35,2.35,0.0
86472600,2026-08-23T15:00:00-03:00,2.35,2.35,0.0
86472600,2026-08-23T15:15:00-03:00,2.35,2.35,0.0
86472600,2026-08-23T15:30:00-03:00,2.34,2.34,0.0
86472600,2026-08-23T15:45:00-03:00,2.35,2.35,0.0
86472600,2026-08-23T16:00:00-03:00,2.36,2.36,0.0
86472600,2026-08-23T16:15:00-03:00,2.37,2.37,0.0
86472600,2026-08-23T16:30:00-03:00,2.39,2.39,0.0
86472600,2026-08-23T16:45:00-03:00,2.41,2.41,0.0
86472600,2026-08-23T17:00:00-03:00,2.43,2.43,0.0
86472600,2026-08-23T17:15:00-03:00,2.46,2.46,0.0
86472600,2026-08-23T17:30:00-03:00,2.5,2.5,0.0
86472600,2026-08-23T17:45:00-03:00,2.53,2.53,0.0
86472600,2026-08-23T18:00:00-03:00,2.57,2.57,0.0
86472600,2026-08-23T18:15:00-03:00,2.61,2.61,0.0
86472600,2026-08-23T18:30:00-03:00,2.65,2.65,0.0
86472600,2026-08-23T18:45:00-03:00,2.69,2.69,0.0
86472600,2026-08-23T19:00:00-03:00,2.73,2.73,0.0
86472600,2026-08-23T19:15:00-03:00,2.78,2.78,0.0
86472600,2026-08-23T19:30:00-03:00,2.85,2.85,0.0
86472600,2026-08-23T19:45:00-03:00,2.94,2.94,0.0
86472600,2026-08-23T20:00:00-03:00,3.07,3.07,0.0
86472600,2026-08-23T20:15:00-03:00,3.21,3.21,0.0
86472600,2026-08-23T20:30:00-03:00,3.36,3.36,0.0
86472600,2026-08-23T20:45:00-03:00,3.5,3.5,0.0
86472600,2026-08-23T21:00:00-03:00,3.61,3.61,0.0
86472600,2026-08-23T21:15:00-03:00,3.71,3.71,0.0
86472600,2026-08-23T21:30:00-03:00,3.79,3.79,0.0
86472600,2026-08-23T21:45:00-03:00,3.84,3.84,0.0
86472600,2026-08-23T22:00:00-03:00,3.89,3.89,0.0
86472600,2026-08-23T22:15:00-03:00,3.92,3.92,0.0
86472600,2026-08-23T22:30:00-03:00,3.95,3.95,0.0
86472600,2026-08-23T22:45:00-03:00,3.97,3.97,0.0
86472600,2026-08-24T00:00:00-03:00,4.01,4.01,0.0
86472600,2026-08-24T00:15:00-03:00,4.0,4.0,0.0
86472600,2026-08-24T00:30:00-03:00,4.0,4.0,0.0
86472600,2026-08-24T00:45:00-03:00,3.99,3.99,0.0
86472600,2026-08-24T01:00:00-03:00,3.97,3.97,0.0
86472600,2026-08-24T01:15:00-03:00,3.96,3.96,0.0
86472600,2026-08-24T01:30:00-03:00,3.95,3.95,0.0
86472600,2026-08-24T01:45:00-03:00,3.93,3.93,0.0
86472600,2026-08-24T02:00:00-03:00,3.91,3.91,0.0
86472600,2026-08-24T02:15:00-03:00,3.89,3.89,0.0
86472600,2026-08-24T02:30:00-03:00,3.87,3.87,0.0
86472600,2026-08-24T02:45:00-03:00,3.85,3.85,0.0
86472600,2026-08-24T03:00:00-03:00,3.83,3.83,0.0
86472600,2026-08-24T03:15:00-03:00,3.81,3.81,0.0
86472600,2026-08-24T03:30:00-03:00,3.79,3.79,0.0
86472600,2026-08-24T03:45:00-03:00,3.77,3.77,0.0
86472600,2026-08-24T04:00:00-03:00,3.75,3.75,0.0
86472600,2026-08-24T04:15:00-03:00,3.73,3.73,0.0
86472600,2026-08-24T04:30:00-03:00,3.71,3.71,0.0
86472600,2026-08-24T04:45:00-03:00,3.69,3.69,0.0
86472600,2026-08-24T05:00:00-03:00,3.67,3.67,0.0
86472600,2026-08-24T05:15:00-03:00,3.66,3.66,0.0
86472600,2026-08-24T05:30:00-03:00,3.64,3.64,0.0
86472600,2026-08-24T05:45:00-03:00,3.62,3.62,0.0
86472600,2026-08-24T06:00:00-03:00,3.61,3.61,0.0
86472600,2026-08-24T06:15:00-03:00,3.6,3.6,0.0
86472600,2026-08-24T06:30:00-03:00,3.58,3.58,0.0
86472600,2026-08-24T06:45:00-03:00,3.57,3.57,0.0
86472600,2026-08-24T07:00:00-03:00,3.56,3.56,0.0
86472600,2026-08-24T07:15:00-03:00,3.55,3.55,0.0
86472600,2026-08-24T07:30:00-03:00,3.54,3.54,0.0
86472600,2026-08-24T07:45:00-03:00,3.53,3.53,0.0
86472600,2026-08-24T08:00:00-03:00,3.52,3.52,0.0
86472600,2026-08-24T08:15:00-03:00,3.51,3.51,0.0
86472600,2026-08-24T08:30:00-03:00,3.51,3.51,0.0
86472600,2026-08-24T08:45:00-03:00,3.49,3.49,0.0
86472600,2026-08-24T09:00:00-03:00,3.48,3.48,0.0
86472600,2026-08-24T09:15:00-03:00,3.45,3.45,0.0
86472600,2026-08-24T09:30:00-03:00,3.41,3.41,0.0
86472600,2026-08-24T09:45:00-03:00,3.35,3.35,0.0
86472600,2026-08-24T10:00:00-03:00,3.28,3.28,0.0
86472600,2026-08-24T10:15:00-03:00,3.21,3.21,0.0
86472600,2026-08-24T10:30:00-03:00,3.13,3.13,0.0
86472600,2026-08-24T10:45:00-03:00,3.05,3.05,0.0
86472600,2026-08-24T11:00:00-03:00,2.97,2.97,0.0
86472600,2026-08-24T11:15:00-03:00,2.89,2.89,0.0
86472600,2026-08-24T11:30:00-03:00,2.81,2.81,0.0
86472600,2026-08-24T11:45:00-03:00,2.74,2.74,0.0
86472600,2026-08-24T12:00:00-03:00,2.67,2.67,0.0
86472600,2026-08-24T12:15:00-03:00,2.6,2.6,0.0
86472600,2026-08-24T12:30:00-03:00,2.54,2.54,0.0
86472600,2026-08-24T12:45:00-03:00,2.48,2.48,0.0
86472600,2026-08-24T13:00:00-03:00,2.43,2.43,0.0
86472600,2026-08-24T13:15:00-03:00,2.39,2.39,0.0
86472600,2026-08-24T13:30:00-03:00,2.35,2.35,0.0
86472600,2026-08-24T13:45:00-03:00,2.31,2.31,0.0
86472600,2026-08-24T14:00:00-03:00,2.28,2.28,0.0
86472600,2026-08-24T14:15:00-03:00,2.25,2.25,0.0
86472600,2026-08-24T14:30:00-03:00,2.23,2.23,0.0
86472600,2026-08-24T14:45:00-03:00,2.21,2.21,0.0
86472600,2026-08-24T15:00:00-03:00,2.19,2.19,0.0
86472600,2026-08-24T15:15:00-03:00,2.17,2.17,0.0
86472600,2026-08-24T15:30:00-03:00,2.16,2.16,0.0
86472600,2026-08-24T15:45:00-03:00,2.14,2.14,0.0
86472600,2026-08-24T16:00:00-03:00,2.13,2.13,0.0
86472600,2026-08-24T16:15:00-03:00,2.13,2.13,0.0
86472600,2026-08-24T16:30:00-03:00,2.12,2.12,0.0
86472600,2026-08-24T16:45:00-03:00,2.12,2.12,0.0
86472600,2026-08-24T17:00:00-03:00,2.11,2.11,0.0
86472600,2026-08-24T17:15:00-03:00,2.12,2.12,0.0
86472600,2026-08-24T17:30:00-03:00,2.12,2.12,0.0
86472600,2026-08-24T17:45:00-03:00,2.13,2.13,0.0
86472600,2026-08-24T18:00:00-03:00,2.14,2.14,0.0
86472600,2026-08-24T18:15:00-03:00,2.17,2.17,0.0
86472600,2026-08-24T18:30:00-03:00,2.21,2.21,0.0
86472600,2026-08-24T18:45:00-03:00,2.27,2.27,0.0
86472600,2026-08-24T19:00:00-03:00,2.39,2.39,0.0
86472600,2026-08-24T19:15:00-03:00,2.55,2.55,0.0
86472600,2026-08-24T19:30:00-03:00,2.74,2.74,0.0
86472600,2026-08-24T19:45:00-03:00,2.94,2.94,0.0
86472600,2026-08-24T20:00:00-03:00,3.13,3.13,0.0
86472600,2026-08-24T20:15:00-03:00,3.28,3.28,0.0
86472600,2026-08-24T20:30:00-03:00,3.41,3.41,0.0
86472600,2026-08-24T20:45:00-03:00,3.51,3.51,0.0
86472600,2026-08-24T21:00:00-03:00,3.58,3.58,0.0
86472600,2026-08-24T21:15:00-03:00,3.64,3.64,0.0
86472600,2026-08-24T21:30:00-03:00,3.69,3.69,0.0
86472600,2026-08-24T21:45:00-03:00,3.72,3.72,0.0
86472600,2026-08-24T22:00:00-03:00,3.75,3.75,0.0
86472600,2026-08-24T22:15:00-03:00,3.77,3.77,0.0
86472600,2026-08-24T22:30:00-03:00,3.78,3.78,0.0
86472600,2026-08-24T22:45:00-03:00,3.79,3.79,0.0
86472600,2026-08-25T00:00:00-03:00,3.79,3.79,0.0
86472600,2026-08-25T00:15:00-03:00,3.77,3.77,0.0
86472600,2026-08-25T00:30:00-03:00,3.76,3.76,0.0
86472600,2026-08-25T00:45:00-03:00,3.75,3.75,0.0
86472600,2026-08-25T01:00:00-03:00,3.73,3.73,0.0
86472600,2026-08-25T01:15:00-03:00,3.72,3.72,0.0
86472600,2026-08-25T01:30:00-03:00,3.7,3.7,0.0
86472600,2026-08-25T01:45:00-03:00,3.68,3.68,0.0
86472600,2026-08-25T02:00:00-03:00,3.66,3.66,0.0
86472600,2026-08-25T02:15:00-03:00,3.64,3.64,0.0
86472600,2026-08-25T02:30:00-03:00,3.62,3.62,0.0
86472600,2026-08-25T02:45:00-03:00,3.6,3.6,0.0
86472600,2026-08-25T03:00:00-03:00,3.58,3.58,0.0
86472600,2026-08-25T03:15:00-03:00,3.57,3.57,0.0
86472600,2026-08-25T03:30:00-03:00,3.55,3.55,0.0
86472600,2026-08-25T03:45:00-03:00,3.53,3.53,0.0
86472600,2026-08-25T04:00:00-03:00,3.52,3.52,0.0
86472600,2026-08-25T04:15:00-03:00,3.5,3.5,0.0
86472600,2026-08-25T04:30:00-03:00,3.49,3.49,0.0
86472600,2026-08-25T04:45:00-03:00,3.48,3.48,0.0
86472600,2026-08-25T05:00:00-03:00,3.47,3.47,0.0
86472600,2026-08-25T05:15:00-03:00,3.46,3.46,0.0
86472600,2026-08-25T05:30:00-03:00,3.45,3.45,0.0
86472600,2026-08-25T05:45:00-03:00,3.44,3.44,0.0
86472600,2026-08-25T06:00:00-03:00,3.43,3.43,0.0
86472600,2026-08-25T06:15:00-03:00,3.42,3.42,0.0
86472600,2026-08-25T06:30:00-03:00,3.42,3.42,0.0
86472600,2026-08-25T06:45:00-03:00,3.41,3.41,0.0
86472600,2026-08-25T07:00:00-03:00,3.41,3.41,0.0
86472600,2026-08-25T07:15:00-03:00,3.41,3.41,0.0
86472600,2026-08-25T07:30:00-03:00,3.41,3.41,0.0
86472600,2026-08-25T07:45:00-03:00,3.41,3.41,0.0
86472600,2026-08-25T08:00:00-03:00,3.41,3.41,0.0
86472600,2026-08-25T08:15:00-03:00,3.4,3.4,0.0
86472600,2026-08-25T08:30:00-03:00,3.4,3.4,0.0
86472600,2026-08-25T08:45:00-03:00,3.39,3.39,0.0
86472600,2026-08-25T09:00:00-03:00,3.39,3.39,0.0
86472600,2026-08-25T09:15:00-03:00,3.39,3.39,0.0
86472600,2026-08-25T09:30:00-03:00,3.39,3.39,0.0
86472600,2026-08-25T09:45:00-03:00,3.38,3.38,0.0
86472600,2026-08-25T10:00:00-03:00,3.37,3.37,0.0
86472600,2026-08-25T10:15:00-03:00,3.36,3.36,0.0
86472600,2026-08-25T10:30:00-03:00,3.33,3.33,0.0
86472600,2026-08-25T10:45:00-03:00,3.29,3.29,0.0
86472600,2026-08-25T11:00:00-03:00,3.24,3.24,0.0
86472600,2026-08-25T11:15:00-03:00,3.18,3.18,0.0
86472600,2026-08-25T11:30:00-03:00,3.11,3.11,0.0
86472600,2026-08-25T11:45:00-03:00,3.04,3.04,0.0
86472600,2026-08-25T12:00:00-03:00,2.96,2.96,0.0
86472600,2026-08-25T12:15:00-03:00,2.88,2.88,0.0
86472600,2026-08-25T12:30:00-03:00,2.81,2.81,0.0
86472600,2026-08-25T12:45:00-03:00,2.73,2.73,0.0
86472600,2026-08-25T13:00:00-03:00,2.66,2.66,0.0
86472600,2026-08-25T13:15:00-03:00,2.59,2.59,0.0
86472600,2026-08-25T13:30:00-03:00,2.52,2.52,0.0
86472600,2026-08-25T13:45:00-03:00,2.46,2.46,0.0
86472600,2026-08-25T14:00:00-03:00,2.41,2.41,0.0
86472600,2026-08-25T14:15:00-03:00,2.36,2.36,0.0
86472600,2026-08-25T14:30:00-03:00,2.31,2.31,0.0
86472600,2026-08-25T14:45:00-03:00,2.27,2.27,0.0
86472600,2026-08-25T15:00:00-03:00,2.23,2.23,0.0
86472600,2026-08-25T15:15:00-03:00,2.19,2.19,0.0
86472600,2026-08-25T15:30:00-03:00,2.16,2.16,0.0
86472600,2026-08-25T15:45:00-03:00,2.13,2.13,0.0
86472600,2026-08-25T16:00:00-03:00,2.11,2.11,0.0
86472600,2026-08-25T16:15:00-03:00,2.09,2.09,0.0
86472600,2026-08-25T16:30:00-03:00,2.07,2.07,0.0
86472600,2026-08-25T16:45:00-03:00,2.05,2.05,0.0
86472600,2026-08-25T17:00:00-03:00,2.03,2.03,0.0
86472600,2026-08-25T17:15:00-03:00,2.02,2.02,0.0
86472600,2026-08-25T17:30:00-03:00,2.01,2.01,0.0
86472600,2026-08-25T17:45:00-03:00,2.01,2.01,0.0
86472600,2026-08-25T18:00:00-03:00,2.02,2.02,0.0
86472600,2026-08-25T18:15:00-03:00,2.04,2.04,0.0
86472600,2026-08-25T18:30:00-03:00,2.1,2.1,0.0
86472600,2026-08-25T18:45:00-03:00,2.2,2.2,0.0
86472600,2026-08-25T19:00:00-03:00,2.34,2.34,0.0
86472600,2026-08-25T19:15:00-03:00,2.51,2.51,0.0
86472600,2026-08-25T19:30:00-03:00,2.69,2.69,0.0
86472600,2026-08-25T19:45:00-03:00,2.86,2.86,0.0
86472600,2026-08-25T20:00:00-03:00,3.0,3.0,0.0
86472600,2026-08-25T20:15:00-03:00,3.13,3.13,0.0
86472600,2026-08-25T20:30:00-03:00,3.23,3.23,0.0
86472600,2026-08-25T20:45:00-03:00,3.31,3.31,0.0
86472600,2026-08-25T21:00:00-03:00,3.38,3.38,0.0
86472600,2026-08-25T21:15:00-03:00,3.43,3.43,0.0
86472600,2026-08-25T21:30:00-03:00,3.48,3.48,0.0
86472600,2026-08-25T21:45:00-03:00,3.51,3.51,0.0
86472600,2026-08-25T22:00:00-03:00,3.54,3.54,0.0
86472600,2026-08-25T22:15:00-03:00,3.57,3.57,0.0
86472600,2026-08-25T22:30:00-03:00,3.58,3.58,0.0
86472600,2026-08-25T22:45:00-03:00,3.6,3.6,0.0
86472600,2026-08-26T00:00:00-03:00,3.6,3.6,0.0
86472600,2026-08-26T00:15:00-03:00,3.59,3.59,0.0
86472600,2026-08-26T00:30:00-03:00,3.58,3.58,0.0
86472600,2026-08-26T00:45:00-03:00,3.57,3.57,0.0
86472600,2026-08-26T01:00:00-03:00,3.55,3.55,0.0
86472600,2026-08-26T01:15:00-03:00,3.54,3.54,0.0
86472600,2026-08-26T01:30:00-03:00,3.53,3.53,0.0
86472600,2026-08-26T01:45:00-03:00,3.51,3.51,0.0
86472600,2026-08-26T02:00:00-03:00,3.5,3.5,0.0
86472600,2026-08-26T02:15:00-03:00,3.48,3.48,0.0
86472600,2026-08-26T02:30:00-03:00,3.47,3.47,0.0
86472600,2026-08-26T02:45:00-03:00,3.46,3.46,0.0
86472600,2026-08-26T03:00:00-03:00,3.44,3.44,0.0
86472600,2026-08-26T03:15:00-03:00,3.43,3.43,0.0
86472600,2026-08-26T03:30:00-03:00,3.42,3.42,0.0
86472600,2026-08-26T03:45:00-03:00,3.41,3.41,0.0
86472600,2026-08-26T04:00:00-03:00,3.39,3.39,0.0
86472600,2026-08-26T04:15:00-03:00,3.38,3.38,0.0
86472600,2026-08-26T04:30:00-03:00,3.37,3.37,0.0
86472600,2026-08-26T04:45:00-03:00,3.36,3.36,0.0
86472600,2026-08-26T05:00:00-03:00,3.35,3.35,0.0
86472600,2026-08-26T05:15:00-03:00,3.34,3.34,0.0
86472600,2026-08-26T05:30:00-03:00,3.33,3.33,0.0
86472600,2026-08-26T05:45:00-03:00,3.32,3.32,0.0
86472600,2026-08-26T06:00:00-03:00,3.32,3.32,0.0
86472600,2026-08-26T06:15:00-03:00,3.31,3.31,0.0
86472600,2026-08-26T06:30:00-03:00,3.3,3.3,0.0
86472600,2026-08-26T06:45:00-03:00,3.29,3.29,0.0
86472600,2026-08-26T07:00:00-03:00,3.29,3.29,0.0
86472600,2026-08-26T07:15:00-03:00,3.28,3.28,0.0
86472600,2026-08-26T07:30:00-03:00,3.27,3.27,0.0
86472600,2026-08-26T07:45:00-03:00,3.27,3.27,0.0
86472600,2026-08-26T08:00:00-03:00,3.26,3.26,0.0
86472600,2026-08-26T08:15:00-03:00,3.26,3.26,0.0
86472600,2026-08-26T08:30:00-03:00,3.26,3.26,0.0
86472600,2026-08-26T08:45:00-03:00,3.25,3.25,0.0
86472600,2026-08-26T09:00:00-03:00,3.24,3.24,0.0
86472600,2026-08-26T09:15:00-03:00,3.23,3.23,0.0
86472600,2026-08-26T09:30:00-03:00,3.2,3.2,0.0
86472600,2026-08-26T09:45:00-03:00,3.16,3.16,0.0
86472600,2026-08-26T10:00:00-03:00,3.11,3.11,0.0
86472600,2026-08-26T10:15:00-03:00,3.05,3.05,0.0
86472600,2026-08-26T10:30:00-03:00,2.98,2.98,0.0
86472600,2026-08-26T10:45:00-03:00,2.9,2.9,0.0
86472600,2026-08-26T11:00:00-03:00,2.83,2.83,0.0
86472600,2026-08-26T11:15:00-03:00,2.75,2.75,0.0
86472600,2026-08-26T11:30:00-03:00,2.67,2.67,0.0
86472600,2026-08-26T11:45:00-03:00,2.6,2.6,0.0
86472600,2026-08-26T12:00:00-03:00,2.52,2.52,0.0
86472600,2026-08-26T12:15:00-03:00,2.45,2.45,0.0
86472600,2026-08-26T12:30:00-03:00,2.39,2.39,0.0
86472600,2026-08-26T12:45:00-03:00,2.32,2.32,0.0
86472600,2026-08-26T13:00:00-03:00,2.27,2.27,0.0
86472600,2026-08-26T13:15:00-03:00,2.21,2.21,0.0
86472600,2026-08-26T13:30:00-03:00,2.16,2.16,0.0
86472600,2026-08-26T13:45:00-03:00,2.12,2.12,0.0
86472600,2026-08-26T14:00:00-03:00,2.08,2.08,0.0
86472600,2026-08-26T14:15:00-03:00,2.04,2.04,0.0
86472600,2026-08-26T14:30:00-03:00,2.0,2.0,0.0
86472600,2026-08-26T14:45:00-03:00,1.97,1.97,0.0
86472600,2026-08-26T15:00:00-03:00,1.94,1.94,0.0
86472600,2026-08-26T15:15:00-03:00,1.91,1.91,0.0
86472600,2026-08-26T15:30:00-03:00,1.89,1.89,0.0
86472600,2026-08-26T15:45:00-03:00,1.87,1.87,0.0
86472600,2026-08-26T16:00:00-03:00,1.85,1.85,0.0
86472600,2026-08-26T16:15:00-03:00,1.83,1.83,0.0
86472600,2026-08-26T16:30:00-03:00,1.81,1.81,0.0
86472600,2026-08-26T16:45:00-03:00,1.8,1.8,0.0
86472600,2026-08-26T17:00:00-03:00,1.8,1.8,0.0
86472600,2026-08-26T17:15:00-03:00,1.8,1.8,0.0
86472600,2026-08-26T17:30:00-03:00,1.82,1.82,0.0
86472600,2026-08-26T17:45:00-03:00,1.87,1.87,0.0
86472600,2026-08-26T18:00:00-03:00,1.97,1.97,0.0
86472600,2026-08-26T18:15:00-03:00,2.11,2.11,0.0
86472600,2026-08-26T18:30:00-03:00,2.28,2.28,0.0
86472600,2026-08-26T18:45:00-03:00,2.46,2.46,0.0
86472600,2026-08-26T19:00:00-03:00,2.63,2.63,0.0
86472600,2026-08-26T19:15:00-03:00,2.77,2.77,0.0
86472600,2026-08-26T19:30:00-03:00,2.88,2.88,0.0
86472600,2026-08-26T19:45:00-03:00,2.97,2.97,0.0
86472600,2026-08-26T20:00:00-03:00,3.04,3.04,0.0
86472600,2026-08-26T20:15:00-03:00,3.1,3.1,0.0
86472600,2026-08-26T20:30:00-03:00,3.14,3.14,0.0
86472600,2026-08-26T20:45:00-03:00,3.17,3.17,0.0
86472600,2026-08-26T21:00:00-03:00,3.19,3.19,0.0
86472600,2026-08-26T21:15:00-03:00,3.21,3.21,0.0
86472600,2026-08-26T21:30:00-03:00,3.23,3.23,0.0
86472600,2026-08-26T21:45:00-03:00,3.24,3.24,0.0
86472600,2026-08-26T22:00:00-03:00,3.26,3.26,0.0
86472600,2026-08-26T22:15:00-03:00,3.27,3.27,0.0
86472600,2026-08-26T22:30:00-03:00,3.28,3.28,0.0
86472600,2026-08-26T22:45:00-03:00,3.29,3.29,0.0
86472600,2026-08-27T00:00:00-03:00,3.32,3.32,0.0
86472600,2026-08-27T00:15:00-03:00,3.32,3.32,0.0
86472600,2026-08-27T00:30:00-03:00,3.32,3.32,0.0
86472600,2026-08-27T00:45:00-03:00,3.32,3.32,0.0
86472600,2026-08-27T01:00:00-03:00,3.32,3.32,0.0
86472600,2026-08-27T01:15:00-03:00,3.32,3.32,0.0
86472600,2026-08-27T01:30:00-03:00,3.32,3.32,0.0
86472600,2026-08-27T01:45:00-03:00,3.32,3.32,0.0
86472600,2026-08-27T02:00:00-03:00,3.32,3.32,0.0
86472600,2026-08-27T02:15:00-03:00,3.31,3.31,0.0
86472600,2026-08-27T02:30:00-03:00,3.31,3.31,0.0
86472600,2026-08-27T02:45:00-03:00,3.31,3.31,0.0
86472600,2026-08-27T03:00:00-03:00,3.31,3.31,0.0
86472600,2026-08-27T03:15:00-03:00,3.31,3.31,0.0
86472600,2026-08-27T03:30:00-03:00,3.3,3.3,0.0
86472600,2026-08-27T03:45:00-03:00,3.3,3.3,0.0
86472600,2026-08-27T04:00:00-03:00,3.31,3.31,0.0
86472600,2026-08-27T04:15:00-03:00,3.31,3.31,0.0
86472600,2026-08-27T04:30:00-03:00,3.31,3.31,0.0
86472600,2026-08-27T04:45:00-03:00,3.31,3.31,0.0
86472600,2026-08-27T05:00:00-03:00,3.31,3.31,0.0
86472600,2026-08-27T05:15:00-03:00,3.31,3.31,0.0
86472600,2026-08-27T05:30:00-03:00,3.31,3.31,0.0
86472600,2026-08-27T05:45:00-03:00,3.31,3.31,0.0
86472600,2026-08-27T06:00:00-03:00,3.3,3.3,0.0
86472600,2026-08-27T06:15:00-03:00,3.3,3.3,0.0
86472600,2026-08-27T06:30:00-03:00,3.31,3.31,0.0
86472600,2026-08-27T06:45:00-03:00,3.3,3.3,0.0
86472600,2026-08-27T07:00:00-03:00,3.3,3.3,0.0
86472600,2026-08-27T07:15:00-03:00,3.3,3.3,0.0
86472600,2026-08-27T07:30:00-03:00,3.3,3.3,0.0
86472600,2026-08-27T07:45:00-03:00,3.3,3.3,0.0
86472600,2026-08-27T08:00:00-03:00,3.3,3.3,0.0
86472600,2026-08-27T08:15:00-03:00,3.3,3.3,0.0
86472600,2026-08-27T08:30:00-03:00,3.29,3.29,0.0
86472600,2026-08-27T08:45:00-03:00,3.29,3.29,0.0
86472600,2026-08-27T09:00:00-03:00,3.29,3.29,0.0
86472600,2026-08-27T09:15:00-03:00,3.29,3.29,0.0
86472600,2026-08-27T09:30:00-03:00,3.29,3.29,0.0
86472600,2026-08-27T09:45:00-03:00,3.29,3.29,0.0
86472600,2026-08-27T10:00:00-03:00,3.29,3.29,0.0
86472600,2026-08-27T10:15:00-03:00,3.28,3.28,0.0
86472600,2026-08-27T10:30:00-03:00,3.28,3.28,0.0
86472600,2026-08-27T10:45:00-03:00,3.28,3.28,0.0
86472600,2026-08-27T11:00:00-03:00,3.28,3.28,0.0
86472600,2026-08-27T11:15:00-03:00,3.28,3.28,0.0
86472600,2026-08-27T11:30:00-03:00,3.27,3.27,0.0
86472600,2026-08-27T11:45:00-03:00,3.25,3.25,0.0
86472600,2026-08-27T12:00:00-03:00,3.22,3.22,0.0
86472600,2026-08-27T12:15:00-03:00,3.17,3.17,0.0
86472600,2026-08-27T12:30:00-03:00,3.12,3.12,0.0
86472600,2026-08-27T12:45:00-03:00,3.05,3.05,0.0
86472600,2026-08-27T13:00:00-03:00,2.98,2.98,0.0
86472600,2026-08-27T13:15:00-03:00,2.91,2.91,0.0
86472600,2026-08-27T13:30:00-03:00,2.83,2.83,0.0
86472600,2026-08-27T13:45:00-03:00,2.75,2.75,0.0
86472600,2026-08-27T14:00:00-03:00,2.67,2.67,0.0
86472600,2026-08-27T14:15:00-03:00,2.6,2.6,0.0
86472600,2026-08-27T14:30:00-03:00,2.53,2.53,0.0
86472600,2026-08-27T14:45:00-03:00,2.46,2.46,0.0
86472600,2026-08-27T15:00:00-03:00,2.39,2.39,0.0
86472600,2026-08-27T15:15:00-03:00,2.33,2.33,0.0
86472600,2026-08-27T15:30:00-03:00,2.27,2.27,0.0
86472600,2026-08-27T15:45:00-03:00,2.22,2.22,0.0
86472600,2026-08-27T16:00:00-03:00,2.17,2.17,0.0
86472600,2026-08-27T16:15:00-03:00,2.12,2.12,0.0
86472600,2026-08-27T16:30:00-03:00,2.07,2.07,0.0
86472600,2026-08-27T16:45:00-03:00,2.03,2.03,0.0
86472600,2026-08-27T17:00:00-03:00,1.99,1.99,0.0
86472600,2026-08-27T17:15:00-03:00,1.96,1.96,0.0
86472600,2026-08-27T17:30:00-03:00,1.93,1.93,0.0
86472600,2026-08-27T17:45:00-03:00,1.91,1.91,0.0
86472600,2026-08-27T18:00:00-03:00,1.91,1.91,0.0
86472600,2026-08-27T18:15:00-03:00,1.93,1.93,0.0
86472600,2026-08-27T18:30:00-03:00,1.98,1.98,0.0
86472600,2026-08-27T18:45:00-03:00,2.07,2.07,0.0
86472600,2026-08-27T19:00:00-03:00,2.18,2.18,0.0
86472600,2026-08-27T19:15:00-03:00,2.31,2.31,0.0
86472600,2026-08-27T19:30:00-03:00,2.45,2.45,0.0
86472600,2026-08-27T19:45:00-03:00,2.57,2.57,0.0
86472600,2026-08-27T20:00:00-03:00,2.68,2.68,0.0
86472600,2026-08-27T20:15:00-03:00,2.77,2.77,0.0
86472600,2026-08-27T20:30:00-03:00,2.84,2.84,0.0
86472600,2026-08-27T20:45:00-03:00,2.89,2.89,0.0
86472600,2026-08-27T21:00:00-03:00,2.93,2.93,0.0
86472600,2026-08-27T21:15:00-03:00,2.96,2.96,0.0
86472600,2026-08-27T21:30:00-03:00,2.99,2.99,0.0
86472600,2026-08-27T21:45:00-03:00,3.01,3.01,0.0
86472600,2026-08-27T22:00:00-03:00,3.02,3.02,0.0
86472600,2026-08-27T22:15:00-03:00,3.03,3.03,0.0
86472600,2026-08-27T22:30:00-03:00,3.04,3.04,0.0
86472600,2026-08-27T22:45:00-03:00,3.04,3.04,0.0
86472600,2026-08-28T00:00:00-03:00,3.06,3.06,0.0
86472600,2026-08-28T00:15:00-03:00,3.06,3.06,0.0
86472600,2026-08-28T00:30:00-03:00,3.06,3.06,0.0
86472600,2026-08-28T00:45:00-03:00,3.06,3.06,0.0
86472600,2026-08-28T01:00:00-03:00,3.06,3.06,0.0
86472600,2026-08-28T01:15:00-03:00,3.06,3.06,0.0
86472600,2026-08-28T01:30:00-03:00,3.06,3.06,0.0
86472600,2026-08-28T01:45:00-03:00,3.06,3.06,0.0
86472600,2026-08-28T02:00:00-03:00,3.06,3.06,0.0
86472600,2026-08-28T02:15:00-03:00,3.06,3.06,0.0
86472600,2026-08-28T02:30:00-03:00,3.06,3.06,0.0
86472600,2026-08-28T02:45:00-03:00,3.06,3.06,0.0
86472600,2026-08-28T03:00:00-03:00,3.07,3.07,0.0
86472600,2026-08-28T03:15:00-03:00,3.08,3.08,0.0
86472600,2026-08-28T03:30:00-03:00,3.09,3.09,0.0
86472600,2026-08-28T03:45:00-03:00,3.11,3.11,0.0
86472600,2026-08-28T04:00:00-03:00,3.12,3.12,0.0
86472600,2026-08-28T04:15:00-03:00,3.14,3.14,0.0
86472600,2026-08-28T04:30:00-03:00,3.15,3.15,0.0
86472600,2026-08-28T04:45:00-03:00,3.17,3.17,0.0
86472600,2026-08-28T05:00:00-03:00,3.18,3.18,0.0
86472600,2026-08-28T05:15:00-03:00,3.19,3.19,0.0
86472600,2026-08-28T05:30:00-03:00,3.2,3.2,0.0
86472600,2026-08-28T05:45:00-03:00,3.2,3.2,0.0
86472600,2026-08-28T06:00:00-03:00,3.21,3.21,0.0
86472600,2026-08-28T06:15:00-03:00,3.21,3.21,0.0
86472600,2026-08-28T06:30:00-03:00,3.22,3.22,0.0
86472600,2026-08-28T06:45:00-03:00,3.22,3.22,0.0
86472600,2026-08-28T07:00:00-03:00,3.22,3.22,0.0
86472600,2026-08-28T07:15:00-03:00,3.23,3.23,0.0
86472600,2026-08-28T07:30:00-03:00,3.23,3.23,0.0
86472600,2026-08-28T07:45:00-03:00,3.23,3.23,0.0
86472600,2026-08-28T08:00:00-03:00,3.23,3.23,0.0
86472600,2026-08-28T08:15:00-03:00,3.23,3.23,0.0
86472600,2026-08-28T08:30:00-03:00,3.23,3.23,0.0
86472600,2026-08-28T08:45:00-03:00,3.24,3.24,0.0
86472600,2026-08-28T09:00:00-03:00,3.24,3.24,0.0
86472600,2026-08-28T09:15:00-03:00,3.24,3.24,0.0
86472600,2026-08-28T09:30:00-03:00,3.24,3.24,0.0
86472600,2026-08-28T09:45:00-03:00,3.23,3.23,0.0
86472600,2026-08-28T10:00:00-03:00,3.22,3.22,0.0
86472600,2026-08-28T10:15:00-03:00,3.2,3.2,0.0
86472600,2026-08-28T10:30:00-03:00,3.17,3.17,0.0
86472600,2026-08-28T10:45:00-03:00,3.12,3.12,0.0
86472600,2026-08-28T11:00:00-03:00,3.06,3.06,0.0
86472600,2026-08-28T11:15:00-03:00,3.0,3.0,0.0
86472600,2026-08-28T11:30:00-03:00,2.93,2.93,0.0
86472600,2026-08-28T11:45:00-03:00,2.85,2.85,0.0
86472600,2026-08-28T12:00:00-03:00,2.77,2.77,0.0
86472600,2026-08-28T12:15:00-03:00,2.69,2.69,0.0
86472600,2026-08-28T12:30:00-03:00,2.62,2.62,0.0
86472600,2026-08-28T12:45:00-03:00,2.54,2.54,0.0
86472600,2026-08-28T13:00:00-03:00,2.47,2.47,0.0
86472600,2026-08-28T13:15:00-03:00,2.4,2.4,0.0
86472600,2026-08-28T13:30:00-03:00,2.34,2.34,0.0
86472600,2026-08-28T13:45:00-03:00,2.28,2.28,0.0
86472600,2026-08-28T14:00:00-03:00,2.22,2.22,0.0
86472600,2026-08-28T14:15:00-03:00,2.17,2.17,0.0
86472600,2026-08-28T14:30:00-03:00,2.12,2.12,0.0
86472600,2026-08-28T14:45:00-03:00,2.07,2.07,0.0
86472600,2026-08-28T15:00:00-03:00,2.03,2.03,0.0
86472600,2026-08-28T15:15:00-03:00,2.0,2.0,0.0
86472600,2026-08-28T15:30:00-03:00,1.96,1.96,0.0
86472600,2026-08-28T15:45:00-03:00,1.94,1.94,0.0
86472600,2026-08-28T16:00:00-03:00,1.91,1.91,0.0
86472600,2026-08-28T16:15:00-03:00,1.88,1.88,0.0
86472600,2026-08-28T16:30:00-03:00,1.86,1.86,0.0
86472600,2026-08-28T16:45:00-03:00,1.84,1.84,0.0
86472600,2026-08-28T17:00:00-03:00,1.83,1.83,0.0
86472600,2026-08-28T17:15:00-03:00,1.81,1.81,0.0
86472600,2026-08-28T17:30:00-03:00,1.8,1.8,0.0
86472600,2026-08-28T17:45:00-03:00,1.79,1.79,0.0
86472600,2026-08-28T18:00:00-03:00,1.78,1.78,0.0
86472600,2026-08-28T18:15:00-03:00,1.77,1.77,0.0
86472600,2026-08-28T18:30:00-03:00,1.76,1.76,0.0
86472600,2026-08-28T18:45:00-03:00,1.76,1.76,0.0
86472600,2026-08-28T19:00:00-03:00,1.77,1.77,0.0
86472600,2026-08-28T19:15:00-03:00,1.82,1.82,0.0
86472600,2026-08-28T19:30:00-03:00,1.91,1.91,0.0
86472600,2026-08-28T19:45:00-03:00,2.04,2.04,0.0
86472600,2026-08-28T20:00:00-03:00,2.22,2.22,0.0
86472600,2026-08-28T20:15:00-03:00,2.42,2.42,0.0
86472600,2026-08-28T20:30:00-03:00,2.61,2.61,0.0
86472600,2026-08-28T20:45:00-03:00,2.76,2.76,0.0
86472600,2026-08-28T21:00:00-03:00,2.89,2.89,0.0
86472600,2026-08-28T21:15:00-03:00,2.99,2.99,0.0
86472600,2026-08-28T21:30:00-03:00,3.07,3.07,0.0
86472600,2026-08-28T21:45:00-03:00,3.12,3.12,0.0
86472600,2026-08-28T22:00:00-03:00,3.17,3.17,0.0
86472600,2026-08-28T22:15:00-03:00,3.2,3.2,0.0
86472600,2026-08-28T22:30:00-03:00,3.22,3.22,0.0
86472600,2026-08-28T22:45:00-03:00,3.23,3.23,0.0
86472600,2026-08-29T00:00:00-03:00,3.26,3.26,0.0
86472600,2026-08-29T00:15:00-03:00,3.27,3.27,0.0
86472600,2026-08-29T00:30:00-03:00,3.27,3.27,0.0
86472600,2026-08-29T00:45:00-03:00,3.27,3.27,0.0
86472600,2026-08-29T01:00:00-03:00,3.27,3.27,0.0
86472600,2026-08-29T01:15:00-03:00,3.27,3.27,0.0
86472600,2026-08-29T01:30:00-03:00,3.27,3.27,0.0
86472600,2026-08-29T01:45:00-03:00,3.28,3.28,0.0
86472600,2026-08-29T02:00:00-03:00,3.27,3.27,0.0
86472600,2026-08-29T02:15:00-03:00,3.28,3.28,0.0
86472600,2026-08-29T02:30:00-03:00,3.28,3.28,0.0
86472600,2026-08-29T02:45:00-03:00,3.28,3.28,0.0
86472600,2026-08-29T03:00:00-03:00,3.28,3.28,0.0
86472600,2026-08-29T03:15:00-03:00,3.28,3.28,0.0
86472600,2026-08-29T03:30:00-03:00,3.28,3.28,0.0
86472600,2026-08-29T03:45:00-03:00,3.28,3.28,0.0
86472600,2026-08-29T04:00:00-03:00,3.28,3.28,0.0
86472600,2026-08-29T04:15:00-03:00,3.28,3.28,0.0
86472600,2026-08-29T04:30:00-03:00,3.28,3.28,0.0
86472600,2026-08-29T04:45:00-03:00,3.27,3.27,0.0
86472600,2026-08-29T05:00:00-03:00,3.28,3.28,0.0
86472600,2026-08-29T05:15:00-03:00,3.27,3.27,0.0
86472600,2026-08-29T05:30:00-03:00,3.27,3.27,0.0
86472600,2026-08-29T05:45:00-03:00,3.27,3.27,0.0
86472600,2026-08-29T06:00:00-03:00,3.27,3.27,0.0
86472600,2026-08-29T06:15:00-03:00,3.27,3.27,0.0
86472600,2026-08-29T06:30:00-03:00,3.27,3.27,0.0
86472600,2026-08-29T06:45:00-03:00,3.27,3.27,0.0
86472600,2026-08-29T07:00:00-03:00,3.27,3.27,0.0
86472600,2026-08-29T07:15:00-03:00,3.28,3.28,0.0
86472600,2026-08-29T07:30:00-03:00,3.28,3.28,0.0
86472600,2026-08-29T07:45:00-03:00,3.28,3.28,0.0
86472600,2026-08-29T08:00:00-03:00,3.29,3.29,0.0
86472600,2026-08-29T08:15:00-03:00,3.29,3.29,0.0
86472600,2026-08-29T08:30:00-03:00,3.29,3.29,0.0
86472600,2026-08-29T08:45:00-03:00,3.29,3.29,0.0
86472600,2026-08-29T09:00:00-03:00,3.29,3.29,0.0
86472600,2026-08-29T09:15:00-03:00,3.3,3.3,0.0
86472600,2026-08-29T09:30:00-03:00,3.3,3.3,0.0
86472600,2026-08-29T09:45:00-03:00,3.3,3.3,0.0
86472600,2026-08-29T10:00:00-03:00,3.3,3.3,0.0
86472600,2026-08-29T10:15:00-03:00,3.31,3.31,0.0
86472600,2026-08-29T10:30:00-03:00,3.31,3.31,0.0
86472600,2026-08-29T10:45:00-03:00,3.31,3.31,0.0
86472600,2026-08-29T11:00:00-03:00,3.31,3.31,0.0
86472600,2026-08-29T11:15:00-03:00,3.3,3.3,0.0
86472600,2026-08-29T11:30:00-03:00,3.28,3.28,0.0
86472600,2026-08-29T11:45:00-03:00,3.25,3.25,0.0
86472600,2026-08-29T12:00:00-03:00,3.21,3.21,0.0
86472600,2026-08-29T12:15:00-03:00,3.15,3.15,0.0
86472600,2026-08-29T12:30:00-03:00,3.08,3.08,0.0
86472600,2026-08-29T12:45:00-03:00,3.01,3.01,0.0
86472600,2026-08-29T13:00:00-03:00,2.94,2.94,0.0
86472600,2026-08-29T13:15:00-03:00,2.86,2.86,0.0
86472600,2026-08-29T13:30:00-03:00,2.79,2.79,0.0
86472600,2026-08-29T13:45:00-03:00,2.71,2.71,0.0
86472600,2026-08-29T14:00:00-03:00,2.64,2.64,0.0
86472600,2026-08-29T14:15:00-03:00,2.58,2.58,0.0
86472600,2026-08-29T14:30:00-03:00,2.51,2.51,0.0
86472600,2026-08-29T14:45:00-03:00,2.45,2.45,0.0
86472600,2026-08-29T15:00:00-03:00,2.4,2.4,0.0
86472600,2026-08-29T15:15:00-03:00,2.35,2.35,0.0
86472600,2026-08-29T15:30:00-03:00,2.3,2.3,0.0
86472600,2026-08-29T15:45:00-03:00,2.26,2.26,0.0
86472600,2026-08-29T16:00:00-03:00,2.22,2.22,0.0
86472600,2026-08-29T16:15:00-03:00,2.19,2.19,0.0
86472600,2026-08-29T16:30:00-03:00,2.16,2.16,0.0
86472600,2026-08-29T16:45:00-03:00,2.13,2.13,0.0
86472600,2026-08-29T17:00:00-03:00,2.11,2.11,0.0
86472600,2026-08-29T17:15:00-03:00,2.09,2.09,0.0
86472600,2026-08-29T17:30:00-03:00,2.08,2.08,0.0
86472600,2026-08-29T17:45:00-03:00,2.07,2.07,0.0
86472600,2026-08-29T18:00:00-03:00,2.06,2.06,0.0
86472600,2026-08-29T18:15:00-03:00,2.05,2.05,0.0
86472600,2026-08-29T18:30:00-03:00,2.05,2.05,0.0
86472600,2026-08-29T18:45:00-03:00,2.05,2.05,0.0
86472600,2026-08-29T19:00:00-03:00,2.06,2.06,0.0
86472600,2026-08-29T19:15:00-03:00,2.08,2.08,0.0
86472600,2026-08-29T19:30:00-03:00,2.11,2.11,0.0
86472600,2026-08-29T19:45:00-03:00,2.16,2.16,0.0
86472600,2026-08-29T20:00:00-03:00,2.23,2.23,0.0
86472600,2026-08-29T20:15:00-03:00,2.32,2.32,0.0
86472600,2026-08-29T20:30:00-03:00,2.44,2.44,0.0
86472600,2026-08-29T20:45:00-03:00,2.59,2.59,0.0
86472600,2026-08-29T21:00:00-03:00,2.74,2.74,0.0
86472600,2026-08-29T21:15:00-03:00,2.9,2.9,0.0
86472600,2026-08-29T21:30:00-03:00,3.04,3.04,0.0
86472600,2026-08-29T21:45:00-03:00,3.17,3.17,0.0
86472600,2026-08-29T22:00:00-03:00,3.28,3.28,0.0
86472600,2026-08-29T22:15:00-03:00,3.38,3.38,0.0
86472600,2026-08-29T22:30:00-03:00,3.46,3.46,0.0
86472600,2026-08-29T22:45:00-03:00,3.53,3.53,0.0
86472600,2026-08-29T23:00:00-03:00,3.6,3.6,0.0
86472600,2026-08-29T23:15:00-03:00,3.66,3.66,0.0
86472600,2026-08-29T23:30:00-03:00,3.71,3.71,0.0
86472600,2026-08-29T23:45:00-03:00,3.78,3.78,0.0
86472600,2026-08-30T00:00:00-03:00,3.84,3.84,0.0
86472600,2026-08-30T00:15:00-03:00,3.9,3.9,0.0
86472600,2026-08-30T00:30:00-03:00,3.96,3.96,0.0
86472600,2026-08-30T00:45:00-03:00,4.01,4.01,0.0
86472600,2026-08-30T01:00:00-03:00,4.05,4.05,0.0
86472600,2026-08-30T01:15:00-03:00,4.09,4.09,0.0
86472600,2026-08-30T01:30:00-03:00,4.13,4.13,0.0
86472600,2026-08-30T01:45:00-03:00,4.16,4.16,0.0
86472600,2026-08-30T02:00:00-03:00,4.19,4.19,0.0
86472600,2026-08-30T02:15:00-03:00,4.22,4.22,0.0
86472600,2026-08-30T02:30:00-03:00,4.25,4.25,0.0
86472600,2026-08-30T02:45:00-03:00,4.28,4.28,0.0
86472600,2026-08-30T03:00:00-03:00,4.3,4.3,0.0
86472600,2026-08-30T03:15:00-03:00,4.32,4.32,0.0
86472600,2026-08-30T03:30:00-03:00,4.34,4.34,0.0
86472600,2026-08-30T03:45:00-03:00,4.35,4.35,0.0
86472600,2026-08-30T04:00:00-03:00,4.36,4.36,0.0
86472600,2026-08-30T04:15:00-03:00,4.37,4.37,0.0
86472600,2026-08-30T04:30:00-03:00,4.37,4.37,0.0
86472600,2026-08-30T04:45:00-03:00,4.37,4.37,0.0
86472600,2026-08-30T05:00:00-03:00,4.36,4.36,0.0
86472600,2026-08-30T05:15:00-03:00,4.36,4.36,0.0
86472600,2026-08-30T05:30:00-03:00,4.35,4.35,0.0
86472600,2026-08-30T05:45:00-03:00,4.34,4.34,0.0
86472600,2026-08-30T06:00:00-03:00,4.34,4.34,0.0
86472600,2026-08-30T06:15:00-03:00,4.33,4.33,0.0
86472600,2026-08-30T06:30:00-03:00,4.32,4.32,0.0
86472600,2026-08-30T06:45:00-03:00,4.32,4.32,0.0
86472600,2026-08-30T07:00:00-03:00,4.31,4.31,0.0
86472600,2026-08-30T07:15:00-03:00,4.31,4.31,0.0
86472600,2026-08-30T07:30:00-03:00,4.31,4.31,0.0
86472600,2026-08-30T07:45:00-03:00,4.31,4.31,0.0
86472600,2026-08-30T08:00:00-03:00,4.3,4.3,0.0
86472600,2026-08-30T08:15:00-03:00,4.3,4.3,0.0
86472600,2026-08-30T08:30:00-03:00,4.3,4.3,0.0
86472600,2026-08-30T08:45:00-03:00,4.3,4.3,0.0
86472600,2026-08-30T09:00:00-03:00,4.29,4.29,0.0
86472600,2026-08-30T09:15:00-03:00,4.26,4.26,0.0
86472600,2026-08-30T09:30:00-03:00,4.22,4.22,0.0
86472600,2026-08-30T09:45:00-03:00,4.17,4.17,0.0
86472600,2026-08-30T10:00:00-03:00,4.1,4.1,0.0
86472600,2026-08-30T10:15:00-03:00,4.03,4.03,0.0
86472600,2026-08-30T10:30:00-03:00,3.96,3.96,0.0
86472600,2026-08-30T10:45:00-03:00,3.89,3.89,0.0
86472600,2026-08-30T11:00:00-03:00,3.83,3.83,0.0
86472600,2026-08-30T11:15:00-03:00,3.78,3.78,0.0
86472600,2026-08-30T11:30:00-03:00,3.73,3.73,0.0
86472600,2026-08-30T11:45:00-03:00,3.7,3.7,0.0
86472600,2026-08-30T12:00:00-03:00,3.68,3.68,0.0
86472600,2026-08-30T12:15:00-03:00,3.67,3.67,0.0
86472600,2026-08-30T12:30:00-03:00,3.67,3.67,0.0
86472600,2026-08-30T12:45:00-03:00,3.68,3.68,0.0
86472600,2026-08-30T13:00:00-03:00,3.69,3.69,0.0
86472600,2026-08-30T13:15:00-03:00,3.72,3.72,0.0
86472600,2026-08-30T13:30:00-03:00,3.75,3.75,0.0
86472600,2026-08-30T13:45:00-03:00,3.79,3.79,0.0
86472600,2026-08-30T14:00:00-03:00,3.83,3.83,0.0
86472600,2026-08-30T14:15:00-03:00,3.88,3.88,0.0
86472600,2026-08-30T14:30:00-03:00,3.94,3.94,0.0
86472600,2026-08-30T14:45:00-03:00,4.0,4.0,0.0
86472600,2026-08-30T15:00:00-03:00,4.06,4.06,0.0
86472600,2026-08-30T15:15:00-03:00,4.12,4.12,0.0
86472600,2026-08-30T15:30:00-03:00,4.17,4.17,0.0
86472600,2026-08-30T15:45:00-03:00,4.23,4.23,0.0
86472600,2026-08-30T16:00:00-03:00,4.29,4.29,0.0
86472600,2026-08-30T16:15:00-03:00,4.34,4.34,0.0
86472600,2026-08-30T16:30:00-03:00,4.39,4.39,0.0
86472600,2026-08-30T16:45:00-03:00,4.44,4.44,0.0
86472600,2026-08-30T17:00:00-03:00,4.48,4.48,0.0
86472600,2026-08-30T17:15:00-03:00,4.52,4.52,0.0
86472600,2026-08-30T17:30:00-03:00,4.56,4.56,0.0
86472600,2026-08-30T17:45:00-03:00,4.6,4.6,0.0
86472600,2026-08-30T18:00:00-03:00,4.65,4.65,0.0
86472600,2026-08-30T18:15:00-03:00,4.69,4.69,0.0
86472600,2026-08-30T18:30:00-03:00,4.75,4.75,0.0
86472600,2026-08-30T18:45:00-03:00,4.82,4.82,0.0
86472600,2026-08-30T19:00:00-03:00,4.93,4.93,0.0
86472600,2026-08-30T19:15:00-03:00,5.05,5.05,0.0
86472600,2026-08-30T19:30:00-03:00,5.2,5.2,0.0
86472600,2026-08-30T19:45:00-03:00,5.33,5.33,0.0
86472600,2026-08-30T20:00:00-03:00,5.45,5.45,0.0
86472600,2026-08-30T20:15:00-03:00,5.54,5.54,0.0
86472600,2026-08-30T20:30:00-03:00,5.63,5.63,0.0
86472600,2026-08-30T20:45:00-03:00,5.69,5.69,0.0
86472600,2026-08-30T21:00:00-03:00,5.76,5.76,0.0
86472600,2026-08-30T21:15:00-03:00,5.81,5.81,0.0
86472600,2026-08-30T21:30:00-03:00,5.84,5.84,0.0
86472600,2026-08-30T21:45:00-03:00,5.87,5.87,0.0
86472600,2026-08-30T22:00:00-03:00,5.9,5.9,0.0
86472600,2026-08-30T22:15:00-03:00,5.92,5.92,0.0
86472600,2026-08-30T22:30:00-03:00,5.94,5.94,0.0
86472600,2026-08-30T22:45:00-03:00,5.95,5.95,0.0
86472600,2026-08-30T23:00:00-03:00,5.96,5.96,0.0
86472600,2026-08-30T23:15:00-03:00,5.99,5.99,0.0
86472600,2026-08-30T23:30:00-03:00,6.0,6.0,0.0
86472600,2026-08-30T23:45:00-03:00,6.02,6.02,0.0
86472600,2026-08-31T00:00:00-03:00,6.04,6.04,0.0
86472600,2026-08-31T00:15:00-03:00,6.06,6.06,0.0
86472600,2026-08-31T00:30:00-03:00,6.09,6.09,0.0
86472600,2026-08-31T00:45:00-03:00,6.11,6.11,0.0
86472600,2026-08-31T01:00:00-03:00,6.13,6.13,0.0
86472600,2026-08-31T01:15:00-03:00,6.16,6.16,0.0
86472600,2026-08-31T01:30:00-03:00,6.19,6.19,0.0
86472600,2026-08-31T01:45:00-03:00,6.21,6.21,0.0
86472600,2026-08-31T02:00:00-03:00,6.24,6.24,0.0
86472600,2026-08-31T02:15:00-03:00,6.28,6.28,0.0
86472600,2026-08-31T02:30:00-03:00,6.35,6.35,0.0
86472600,2026-08-31T02:45:00-03:00,6.44,6.44,0.0
86472600,2026-08-31T03:00:00-03:00,6.55,6.55,0.0
86472600,2026-08-31T03:15:00-03:00,6.68,6.68,0.0
86472600,2026-08-31T03:30:00-03:00,6.81,6.81,0.0
86472600,2026-08-31T03:45:00-03:00,6.92,6.92,0.0
86472600,2026-08-31T04:00:00-03:00,7.01,7.01,0.0
86472600,2026-08-31T04:15:00-03:00,7.09,7.09,0.0
86472600,2026-08-31T04:30:00-03:00,7.15,7.15,0.0
86472600,2026-08-31T04:45:00-03:00,7.17,7.17,0.0
86472600,2026-08-31T05:00:00-03:00,7.19,7.19,0.0
86472600,2026-08-31T05:15:00-03:00,7.2,7.2,0.0
86472600,2026-08-31T05:30:00-03:00,7.2,7.2,0.0
86472600,2026-08-31T05:45:00-03:00,7.19,7.19,0.0
86472600,2026-08-31T06:00:00-03:00,7.17,7.17,0.0
86472600,2026-08-31T06:15:00-03:00,7.16,7.16,0.0
86472600,2026-08-31T06:30:00-03:00,7.15,7.15,0.0
86472600,2026-08-31T06:45:00-03:00,7.14,7.14,0.0
86472600,2026-08-31T07:00:00-03:00,7.12,7.12,0.0
86472600,2026-08-31T07:15:00-03:00,7.11,7.11,0.0
86472600,2026-08-31T07:30:00-03:00,7.11,7.11,0.0
86472600,2026-08-31T07:45:00-03:00,7.11,7.11,0.0
86472600,2026-08-31T08:00:00-03:00,7.08,7.08,0.0
86472600,2026-08-31T08:15:00-03:00,7.09,7.09,0.0
86472600,2026-08-31T08:30:00-03:00,7.08,7.08,0.0
86472600,2026-08-31T08:45:00-03:00,7.08,7.08,0.0
86472600,2026-08-31T09:00:00-03:00,7.07,7.07,0.0
86472600,2026-08-31T09:15:00-03:00,7.07,7.07,0.0
86472600,2026-08-31T09:30:00-03:00,7.06,7.06,0.0
86472600,2026-08-31T09:45:00-03:00,7.06,7.06,0.0
86472600,2026-08-31T10:00:00-03:00,7.05,7.05,0.0
86472600,2026-08-31T10:15:00-03:00,7.04,7.04,0.0
86472600,2026-08-31T10:30:00-03:00,7.02,7.02,0.0
86472600,2026-08-31T10:45:00-03:00,6.95,6.95,0.0
86472600,2026-08-31T11:00:00-03:00,6.9,6.9,0.0
86472600,2026-08-31T11:15:00-03:00,6.82,6.82,0.0
86472600,2026-08-31T11:30:00-03:00,6.77,6.77,0.0
86472600,2026-08-31T11:45:00-03:00,6.71,6.71,0.0
86472600,2026-08-31T12:00:00-03:00,6.67,6.67,0.0
86472600,2026-08-31T12:15:00-03:00,6.63,6.63,0.0
86472600,2026-08-31T12:30:00-03:00,6.6,6.6,0.0
86472600,2026-08-31T12:45:00-03:00,6.58,6.58,0.0
86472600,2026-08-31T13:00:00-03:00,6.57,6.57,0.0
86472600,2026-08-31T13:15:00-03:00,6.57,6.57,0.0
86472600,2026-08-31T13:30:00-03:00,6.57,6.57,0.0
86472600,2026-08-31T13:45:00-03:00,6.58,6.58,0.0
86472600,2026-08-31T14:00:00-03:00,6.59,6.59,0.0
86472600,2026-08-31T14:15:00-03:00,6.6,6.6,0.0
86472600,2026-08-31T14:30:00-03:00,6.63,6.63,0.0
86472600,2026-08-31T14:45:00-03:00,6.64,6.64,0.0
86472600,2026-08-31T15:00:00-03:00,6.67,6.67,0.0
86472600,2026-08-31T15:15:00-03:00,6.71,6.71,0.0
86472600,2026-08-31T15:30:00-03:00,6.77,6.77,0.0
86472600,2026-08-31T15:45:00-03:00,6.84,6.84,0.0
86472600,2026-08-31T16:00:00-03:00,6.91,6.91,0.0
86472600,2026-08-31T16:15:00-03:00,6.97,6.97,0.0
86472600,2026-08-31T16:30:00-03:00,7.02,7.02,0.0
86472600,2026-08-31T16:45:00-03:00,7.06,7.06,0.0
86472600,2026-08-31T17:00:00-03:00,7.07,7.07,0.0
86472600,2026-08-31T17:15:00-03:00,7.08,7.08,0.0
86472600,2026-08-31T17:30:00-03:00,7.07,7.07,0.0
86472600,2026-08-31T17:45:00-03:00,7.07,7.07,0.0
86472600,2026-08-31T18:00:00-03:00,7.06,7.06,0.0
86472600,2026-08-31T18:15:00-03:00,7.04,7.04,0.0
86472600,2026-08-31T18:30:00-03:00,7.03,7.03,0.0
86472600,2026-08-31T18:45:00-03:00,7.01,7.01,0.0
86472600,2026-08-31T19:00:00-03:00,6.98,6.98,0.0
86472600,2026-08-31T19:15:00-03:00,6.97,6.97,0.0
86472600,2026-08-31T19:30:00-03:00,6.95,6.95,0.0
86472600,2026-08-31T19:45:00-03:00,6.93,6.93,0.0
86472600,2026-08-31T20:00:00-03:00,6.91,6.91,0.0
86472600,2026-08-31T20:15:00-03:00,6.88,6.88,0.0
86472600,2026-08-31T20:30:00-03:00,6.86,6.86,0.0
86472600,2026-08-31T20:45:00-03:00,6.83,6.83,0.0
86472600,2026-08-31T21:00:00-03:00,6.8,6.8,0.0
86472600,2026-08-31T21:15:00-03:00,6.76,6.76,0.0
86472600,2026-08-31T21:30:00-03:00,6.71,6.71,0.0
86472600,2026-08-31T21:45:00-03:00,6.65,6.65,0.0
86472600,2026-08-31T22:00:00-03:00,6.6,6.6,0.0
86472600,2026-08-31T22:15:00-03:00,6.56,6.56,0.0
86472600,2026-08-31T22:30:00-03:00,6.52,6.52,0.0
86472600,2026-08-31T22:45:00-03:00,6.5,6.5,0.0
86472600,2026-09-01T00:00:00-03:00,6.49,6.49,0.0
86472600,2026-09-01T00:15:00-03:00,6.5,6.5,0.0
86472600,2026-09-01T00:30:00-03:00,6.52,6.52,0.0
86472600,2026-09-01T00:45:00-03:00,6.54,6.54,0.0
86472600,2026-09-01T01:00:00-03:00,6.55,6.55,0.0
86472600,2026-09-01T01:15:00-03:00,6.56,6.56,0.0
86472600,2026-09-01T01:30:00-03:00,6.58,6.58,0.0
86472600,2026-09-01T01:45:00-03:00,6.59,6.59,0.0
86472600,2026-09-01T02:00:00-03:00,6.6,6.6,0.0
86472600,2026-09-01T02:15:00-03:00,6.61,6.61,0.0
86472600,2026-09-01T02:30:00-03:00,6.64,6.64,0.0
86472600,2026-09-01T02:45:00-03:00,6.64,6.64,0.0
86472600,2026-09-01T03:00:00-03:00,6.65,6.65,0.0
86472600,2026-09-01T03:15:00-03:00,6.66,6.66,0.0
86472600,2026-09-01T03:30:00-03:00,6.67,6.67,0.0
86472600,2026-09-01T03:45:00-03:00,6.67,6.67,0.0
86472600,2026-09-01T04:00:00-03:00,6.67,6.67,0.0
86472600,2026-09-01T04:15:00-03:00,6.67,6.67,0.0
86472600,2026-09-01T04:30:00-03:00,6.66,6.66,0.0
86472600,2026-09-01T04:45:00-03:00,6.67,6.67,0.0
86472600,2026-09-01T05:00:00-03:00,6.66,6.66,0.0
86472600,2026-09-01T05:15:00-03:00,6.67,6.67,0.0
86472600,2026-09-01T05:30:00-03:00,6.66,6.66,0.0
86472600,2026-09-01T05:45:00-03:00,6.65,6.65,0.0
86472600,2026-09-01T06:00:00-03:00,6.65,6.65,0.0
86472600,2026-09-01T06:15:00-03:00,6.64,6.64,0.0
86472600,2026-09-01T06:30:00-03:00,6.64,6.64,0.0
86472600,2026-09-01T06:45:00-03:00,6.62,6.62,0.0
86472600,2026-09-01T07:00:00-03:00,6.62,6.62,0.0
86472600,2026-09-01T07:15:00-03:00,6.6,6.6,0.0
86472600,2026-09-01T07:30:00-03:00,6.6,6.6,0.0
86472600,2026-09-01T07:45:00-03:00,6.59,6.59,0.0
86472600,2026-09-01T08:00:00-03:00,6.58,6.58,0.0
86472600,2026-09-01T08:15:00-03:00,6.57,6.57,0.0
86472600,2026-09-01T08:30:00-03:00,6.56,6.56,0.0
86472600,2026-09-01T08:45:00-03:00,6.54,6.54,0.0
86472600,2026-09-01T09:00:00-03:00,6.54,6.54,0.0
86472600,2026-09-01T09:15:00-03:00,6.53,6.53,0.0
86472600,2026-09-01T09:30:00-03:00,6.52,6.52,0.0
86472600,2026-09-01T09:45:00-03:00,6.51,6.51,0.0
86472600,2026-09-01T10:00:00-03:00,6.5,6.5,0.0
86472600,2026-09-01T10:15:00-03:00,6.49,6.49,0.0
86472600,2026-09-01T10:30:00-03:00,6.47,6.47,0.0
86472600,2026-09-01T10:45:00-03:00,6.45,6.45,0.0
86472600,2026-09-01T11:00:00-03:00,6.41,6.41,0.0
86472600,2026-09-01T11:15:00-03:00,6.34,6.34,0.0
86472600,2026-09-01T11:30:00-03:00,6.28,6.28,0.0
86472600,2026-09-01T11:45:00-03:00,6.2,6.2,0.0
86472600,2026-09-01T12:00:00-03:00,6.14,6.14,0.0
86472600,2026-09-01T12:15:00-03:00,6.08,6.08,0.0
86472600,2026-09-01T12:30:00-03:00,6.03,6.03,0.0
86472600,2026-09-01T12:45:00-03:00,6.0,6.0,0.0
86472600,2026-09-01T13:00:00-03:00,5.98,5.98,0.0
86472600,2026-09-01T13:15:00-03:00,5.97,5.97,0.0
86472600,2026-09-01T13:30:00-03:00,5.97,5.97,0.0
86472600,2026-09-01T13:45:00-03:00,5.97,5.97,0.0
86472600,2026-09-01T14:00:00-03:00,5.98,5.98,0.0
86472600,2026-09-01T14:15:00-03:00,5.98,5.98,0.0
86472600,2026-09-01T14:30:00-03:00,5.99,5.99,0.0
86472600,2026-09-01T14:45:00-03:00,5.99,5.99,0.0
86472600,2026-09-01T15:00:00-03:00,6.0,6.0,0.0
86472600,2026-09-01T15:15:00-03:00,6.0,6.0,0.0
86472600,2026-09-01T15:30:00-03:00,6.0,6.0,0.0
86472600,2026-09-01T15:45:00-03:00,5.99,5.99,0.0
86472600,2026-09-01T16:00:00-03:00,5.99,5.99,0.0
86472600,2026-09-01T16:15:00-03:00,5.99,5.99,0.0
86472600,2026-09-01T16:30:00-03:00,5.99,5.99,0.0
86472600,2026-09-01T16:45:00-03:00,5.98,5.98,0.0
86472600,2026-09-01T17:00:00-03:00,5.99,5.99,0.0
86472600,2026-09-01T17:15:00-03:00,6.0,6.0,0.0
86472600,2026-09-01T17:30:00-03:00,6.02,6.02,0.0
86472600,2026-09-01T17:45:00-03:00,6.07,6.07,0.0
86472600,2026-09-01T18:00:00-03:00,6.13,6.13,0.0
86472600,2026-09-01T18:15:00-03:00,6.21,6.21,0.0
86472600,2026-09-01T18:30:00-03:00,6.29,6.29,0.0
86472600,2026-09-01T18:45:00-03:00,6.35,6.35,0.0
86472600,2026-09-01T19:00:00-03:00,6.4,6.4,0.0
86472600,2026-09-01T19:15:00-03:00,6.44,6.44,0.0
86472600,2026-09-01T19:30:00-03:00,6.46,6.46,0.0
86472600,2026-09-01T19:45:00-03:00,6.47,6.47,0.0
86472600,2026-09-01T20:00:00-03:00,6.46,6.46,0.0
86472600,2026-09-01T20:15:00-03:00,6.46,6.46,0.0
86472600,2026-09-01T20:30:00-03:00,6.44,6.44,0.0
86472600,2026-09-01T20:45:00-03:00,6.42,6.42,0.0
86472600,2026-09-01T21:00:00-03:00,6.39,6.39,0.0
86472600,2026-09-01T21:15:00-03:00,6.36,6.36,0.0
86472600,2026-09-01T21:30:00-03:00,6.34,6.34,0.0
86472600,2026-09-01T21:45:00-03:00,6.31,6.31,0.0
86472600,2026-09-01T22:00:00-03:00,6.27,6.27,0.0
86472600,2026-09-01T22:15:00-03:00,6.26,6.26,0.0
86472600,2026-09-01T22:30:00-03:00,6.22,6.22,0.0
86472600,2026-09-01T22:45:00-03:00,6.2,6.2,0.0
86472600,2026-09-01T23:00:00-03:00,6.17,6.17,0.0
86472600,2026-09-01T23:15:00-03:00,6.13,6.13,0.0
86472600,2026-09-01T23:30:00-03:00,6.1,6.1,0.0
86472600,2026-09-01T23:45:00-03:00,6.08,6.08,0.0
86472600,2026-09-02T00:00:00-03:00,6.04,6.04,0.0
86472600,2026-09-02T00:15:00-03:00,6.0,6.0,0.0
86472600,2026-09-02T00:30:00-03:00,5.95,5.95,0.0
86472600,2026-09-02T00:45:00-03:00,5.88,5.88,0.0
86472600,2026-09-02T01:00:00-03:00,5.81,5.81,0.0
86472600,2026-09-02T01:15:00-03:00,5.73,5.73,0.0
86472600,2026-09-02T01:30:00-03:00,5.66,5.66,0.0
86472600,2026-09-02T01:45:00-03:00,5.6,5.6,0.0
86472600,2026-09-02T02:00:00-03:00,5.54,5.54,0.0
86472600,2026-09-02T02:15:00-03:00,5.5,5.5,0.0
86472600,2026-09-02T02:30:00-03:00,5.48,5.48,0.0
86472600,2026-09-02T02:45:00-03:00,5.45,5.45,0.0
86472600,2026-09-02T03:00:00-03:00,5.44,5.44,0.0
86472600,2026-09-02T03:15:00-03:00,5.45,5.45,0.0
86472600,2026-09-02T03:30:00-03:00,5.46,5.46,0.0
86472600,2026-09-02T03:45:00-03:00,5.47,5.47,0.0
86472600,2026-09-02T04:00:00-03:00,5.49,5.49,0.0
86472600,2026-09-02T04:15:00-03:00,5.51,5.51,0.0
86472600,2026-09-02T04:30:00-03:00,5.52,5.52,0.0
86472600,2026-09-02T04:45:00-03:00,5.53,5.53,0.0
86472600,2026-09-02T05:00:00-03:00,5.55,5.55,0.0
86472600,2026-09-02T05:15:00-03:00,5.56,5.56,0.0
86472600,2026-09-02T05:30:00-03:00,5.57,5.57,0.0
86472600,2026-09-02T05:45:00-03:00,5.57,5.57,0.0
86472600,2026-09-02T06:00:00-03:00,5.58,5.58,0.0
86472600,2026-09-02T06:15:00-03:00,5.58,5.58,0.0
86472600,2026-09-02T06:30:00-03:00,5.58,5.58,0.0
86472600,2026-09-02T06:45:00-03:00,5.59,5.59,0.0
86472600,2026-09-02T07:00:00-03:00,5.58,5.58,0.0
86472600,2026-09-02T07:15:00-03:00,5.58,5.58,0.0
86472600,2026-09-02T07:30:00-03:00,5.58,5.58,0.0
86472600,2026-09-02T07:45:00-03:00,5.58,5.58,0.0
86472600,2026-09-02T08:00:00-03:00,5.57,5.57,0.0
86472600,2026-09-02T08:15:00-03:00,5.56,5.56,0.0
86472600,2026-09-02T08:30:00-03:00,5.56,5.56,0.0
86472600,2026-09-02T08:45:00-03:00,5.55,5.55,0.0
86472600,2026-09-02T09:00:00-03:00,5.55,5.55,0.0
86472600,2026-09-02T09:15:00-03:00,5.53,5.53,0.0
86472600,2026-09-02T09:30:00-03:00,5.52,5.52,0.0
86472600,2026-09-02T09:45:00-03:00,5.47,5.47,0.0
86472600,2026-09-02T10:00:00-03:00,5.41,5.41,0.0
86472600,2026-09-02T10:15:00-03:00,5.34,5.34,0.0
86472600,2026-09-02T10:30:00-03:00,5.26,5.26,0.0
86472600,2026-09-02T10:45:00-03:00,5.19,5.19,0.0
86472600,2026-09-02T11:00:00-03:00,5.12,5.12,0.0
86472600,2026-09-02T11:15:00-03:00,5.06,5.06,0.0
86472600,2026-09-02T11:30:00-03:00,5.02,5.02,0.0
86472600,2026-09-02T11:45:00-03:00,4.99,4.99,0.0
86472600,2026-09-02T12:00:00-03:00,4.98,4.98,0.0
86472600,2026-09-02T12:15:00-03:00,4.97,4.97,0.0
86472600,2026-09-02T12:30:00-03:00,4.98,4.98,0.0
86472600,2026-09-02T12:45:00-03:00,5.0,5.0,0.0
86472600,2026-09-02T13:00:00-03:00,5.01,5.01,0.0
86472600,2026-09-02T13:15:00-03:00,5.04,5.04,0.0
86472600,2026-09-02T13:30:00-03:00,5.06,5.06,0.0
86472600,2026-09-02T13:45:00-03:00,5.09,5.09,0.0
86472600,2026-09-02T14:00:00-03:00,5.1,5.1,0.0
86472600,2026-09-02T14:15:00-03:00,5.12,5.12,0.0
86472600,2026-09-02T14:30:00-03:00,5.14,5.14,0.0
86472600,2026-09-02T14:45:00-03:00,5.15,5.15,0.0
86472600,2026-09-02T15:00:00-03:00,5.16,5.16,0.0
86472600,2026-09-02T15:15:00-03:00,5.17,5.17,0.0
86472600,2026-09-02T15:30:00-03:00,5.17,5.17,0.0
86472600,2026-09-02T15:45:00-03:00,5.18,5.18,0.0
86472600,2026-09-02T16:00:00-03:00,5.19,5.19,0.0
86472600,2026-09-02T16:15:00-03:00,5.21,5.21,0.0
86472600,2026-09-02T16:30:00-03:00,5.24,5.24,0.0
86472600,2026-09-02T16:45:00-03:00,5.26,5.26,0.0
86472600,2026-09-02T17:00:00-03:00,5.28,5.28,0.0
86472600,2026-09-02T17:15:00-03:00,5.31,5.31,0.0
86472600,2026-09-02T17:30:00-03:00,5.34,5.34,0.0
86472600,2026-09-02T17:45:00-03:00,5.37,5.37,0.0
86472600,2026-09-02T18:00:00-03:00,5.39,5.39,0.0
86472600,2026-09-02T18:15:00-03:00,5.41,5.41,0.0
86472600,2026-09-02T18:30:00-03:00,5.41,5.41,0.0
86472600,2026-09-02T18:45:00-03:00,5.42,5.42,0.0
86472600,2026-09-02T19:00:00-03:00,5.41,5.41,0.0
86472600,2026-09-02T19:15:00-03:00,5.4,5.4,0.0
86472600,2026-09-02T19:30:00-03:00,5.38,5.38,0.0
86472600,2026-09-02T19:45:00-03:00,5.36,5.36,0.0
86472600,2026-09-02T20:00:00-03:00,5.34,5.34,0.0
86472600,2026-09-02T20:15:00-03:00,5.31,5.31,0.0
86472600,2026-09-02T20:30:00-03:00,5.29,5.29,0.0
86472600,2026-09-02T20:45:00-03:00,5.27,5.27,0.0
86472600,2026-09-02T21:00:00-03:00,5.24,5.24,0.0
86472600,2026-09-02T21:15:00-03:00,5.21,5.21,0.0
86472600,2026-09-02T21:30:00-03:00,5.19,5.19,0.0
86472600,2026-09-02T21:45:00-03:00,5.17,5.17,0.0
86472600,2026-09-02T22:00:00-03:00,5.15,5.15,0.0
86472600,2026-09-02T22:15:00-03:00,5.13,5.13,0.0
86472600,2026-09-02T22:30:00-03:00,5.11,5.11,0.0
86472600,2026-09-02T22:45:00-03:00,5.1,5.1,0.0
86472600,2026-09-03T00:00:00-03:00,5.02,5.02,0.0
86472600,2026-09-03T00:15:00-03:00,5.0,5.0,0.0
86472600,2026-09-03T00:30:00-03:00,5.0,5.0,0.0
86472600,2026-09-03T00:45:00-03:00,4.98,4.98,0.0
86472600,2026-09-03T01:00:00-03:00,4.97,4.97,0.0
86472600,2026-09-03T01:15:00-03:00,4.96,4.96,0.0
86472600,2026-09-03T01:30:00-03:00,4.95,4.95,0.0
86472600,2026-09-03T01:45:00-03:00,4.94,4.94,0.0
86472600,2026-09-03T02:00:00-03:00,4.93,4.93,0.0
86472600,2026-09-03T02:15:00-03:00,4.92,4.92,0.0
86472600,2026-09-03T02:30:00-03:00,4.91,4.91,0.0
86472600,2026-09-03T02:45:00-03:00,4.9,4.9,0.0
86472600,2026-09-03T03:00:00-03:00,4.89,4.89,0.0
86472600,2026-09-03T03:15:00-03:00,4.88,4.88,0.0
86472600,2026-09-03T03:30:00-03:00,4.88,4.88,0.0
86472600,2026-09-03T03:45:00-03:00,4.86,4.86,0.0
86472600,2026-09-03T04:00:00-03:00,4.86,4.86,0.0
86472600,2026-09-03T04:15:00-03:00,4.85,4.85,0.0
86472600,2026-09-03T04:30:00-03:00,4.84,4.84,0.0
86472600,2026-09-03T04:45:00-03:00,4.83,4.83,0.0
86472600,2026-09-03T05:00:00-03:00,4.82,4.82,0.0
86472600,2026-09-03T05:15:00-03:00,4.82,4.82,0.0
86472600,2026-09-03T05:30:00-03:00,4.81,4.81,0.0
86472600,2026-09-03T05:45:00-03:00,4.8,4.8,0.0
86472600,2026-09-03T06:00:00-03:00,4.8,4.8,0.0
86472600,2026-09-03T06:15:00-03:00,4.79,4.79,0.0
86472600,2026-09-03T06:30:00-03:00,4.78,4.78,0.0
86472600,2026-09-03T06:45:00-03:00,4.77,4.77,0.0
86472600,2026-09-03T07:00:00-03:00,4.76,4.76,0.0
86472600,2026-09-03T07:15:00-03:00,4.75,4.75,0.0
86472600,2026-09-03T07:30:00-03:00,4.74,4.74,0.0
86472600,2026-09-03T07:45:00-03:00,4.74,4.74,0.0
86472600,2026-09-03T08:00:00-03:00,4.73,4.73,0.0
86472600,2026-09-03T08:15:00-03:00,4.72,4.72,0.0
86472600,2026-09-03T08:30:00-03:00,4.71,4.71,0.0
86472600,2026-09-03T08:45:00-03:00,4.7,4.7,0.0
86472600,2026-09-03T09:00:00-03:00,4.7,4.7,0.0
86472600,2026-09-03T09:15:00-03:00,4.68,4.68,0.0
86472600,2026-09-03T09:30:00-03:00,4.66,4.66,0.0
86472600,2026-09-03T09:45:00-03:00,4.62,4.62,0.0
86472600,2026-09-03T10:00:00-03:00,4.56,4.56,0.0
86472600,2026-09-03T10:15:00-03:00,4.49,4.49,0.0
86472600,2026-09-03T10:30:00-03:00,4.41,4.41,0.0
86472600,2026-09-03T10:45:00-03:00,4.32,4.32,0.0
86472600,2026-09-03T11:00:00-03:00,4.25,4.25,0.0
86472600,2026-09-03T11:15:00-03:00,4.17,4.17,0.0
86472600,2026-09-03T11:30:00-03:00,4.11,4.11,0.0
86472600,2026-09-03T11:45:00-03:00,4.05,4.05,0.0
86472600,2026-09-03T12:00:00-03:00,4.01,4.01,0.0
86472600,2026-09-03T12:15:00-03:00,3.99,3.99,0.0
86472600,2026-09-03T12:30:00-03:00,3.97,3.97,0.0
86472600,2026-09-03T12:45:00-03:00,3.97,3.97,0.0
86472600,2026-09-03T13:00:00-03:00,3.98,3.98,0.0
86472600,2026-09-03T13:15:00-03:00,4.0,4.0,0.0
86472600,2026-09-03T13:30:00-03:00,4.02,4.02,0.0
86472600,2026-09-03T13:45:00-03:00,4.05,4.05,0.0
86472600,2026-09-03T14:00:00-03:00,4.08,4.08,0.0
86472600,2026-09-03T14:15:00-03:00,4.12,4.12,0.0
86472600,2026-09-03T14:30:00-03:00,4.15,4.15,0.0
86472600,2026-09-03T14:45:00-03:00,4.18,4.18,0.0
86472600,2026-09-03T15:00:00-03:00,4.21,4.21,0.0
86472600,2026-09-03T15:15:00-03:00,4.24,4.24,0.0
86472600,2026-09-03T15:30:00-03:00,4.26,4.26,0.0
86472600,2026-09-03T15:45:00-03:00,4.29,4.29,0.0
86472600,2026-09-03T16:00:00-03:00,4.3,4.3,0.0
86472600,2026-09-03T16:15:00-03:00,4.32,4.32,0.0
86472600,2026-09-03T16:30:00-03:00,4.33,4.33,0.0
86472600,2026-09-03T16:45:00-03:00,4.34,4.34,0.0
86472600,2026-09-03T17:00:00-03:00,4.35,4.35,0.0
86472600,2026-09-03T17:15:00-03:00,4.36,4.36,0.0
86472600,2026-09-03T17:30:00-03:00,4.38,4.38,0.0
86472600,2026-09-03T17:45:00-03:00,4.41,4.41,0.0
86472600,2026-09-03T18:00:00-03:00,4.48,4.48,0.0
86472600,2026-09-03T18:15:00-03:00,4.56,4.56,0.0
86472600,2026-09-03T18:30:00-03:00,4.66,4.66,0.0
86472600,2026-09-03T18:45:00-03:00,4.75,4.75,0.0
86472600,2026-09-03T19:00:00-03:00,4.82,4.82,0.0
86472600,2026-09-03T19:15:00-03:00,4.88,4.88,0.0
86472600,2026-09-03T19:30:00-03:00,4.92,4.92,0.0
86472600,2026-09-03T19:45:00-03:00,4.93,4.93,0.0
86472600,2026-09-03T20:00:00-03:00,4.93,4.93,0.0
86472600,2026-09-03T20:15:00-03:00,4.92,4.92,0.0
86472600,2026-09-03T20:30:00-03:00,4.9,4.9,0.0
86472600,2026-09-03T20:45:00-03:00,4.88,4.88,0.0
86472600,2026-09-03T21:00:00-03:00,4.84,4.84,0.0
86472600,2026-09-03T21:15:00-03:00,4.82,4.82,0.0
86472600,2026-09-03T21:30:00-03:00,4.78,4.78,0.0
86472600,2026-09-03T21:45:00-03:00,4.75,4.75,0.0
86472600,2026-09-03T22:00:00-03:00,4.72,4.72,0.0
86472600,2026-09-03T22:15:00-03:00,4.69,4.69,0.0
86472600,2026-09-03T22:30:00-03:00,4.65,4.65,0.0
86472600,2026-09-03T22:45:00-03:00,4.62,4.62,0.0
86472600,2026-09-04T00:00:00-03:00,4.5,4.5,0.0
86472600,2026-09-04T00:15:00-03:00,4.48,4.48,0.0
86472600,2026-09-04T00:30:00-03:00,4.46,4.46,0.0
86472600,2026-09-04T00:45:00-03:00,4.44,4.44,0.0
86472600,2026-09-04T01:00:00-03:00,4.42,4.42,0.0
86472600,2026-09-04T01:15:00-03:00,4.4,4.4,0.0
86472600,2026-09-04T01:30:00-03:00,4.39,4.39,0.0
86472600,2026-09-04T01:45:00-03:00,4.37,4.37,0.0
86472600,2026-09-04T02:00:00-03:00,4.36,4.36,0.0
86472600,2026-09-04T02:15:00-03:00,4.34,4.34,0.0
86472600,2026-09-04T02:30:00-03:00,4.33,4.33,0.0
86472600,2026-09-04T02:45:00-03:00,4.32,4.32,0.0
86472600,2026-09-04T03:00:00-03:00,4.31,4.31,0.0
86472600,2026-09-04T03:15:00-03:00,4.3,4.3,0.0
86472600,2026-09-04T03:30:00-03:00,4.29,4.29,0.0
86472600,2026-09-04T03:45:00-03:00,4.27,4.27,0.0
86472600,2026-09-04T04:00:00-03:00,4.26,4.26,0.0
86472600,2026-09-04T04:15:00-03:00,4.25,4.25,0.0
86472600,2026-09-04T04:30:00-03:00,4.24,4.24,0.0
86472600,2026-09-04T04:45:00-03:00,4.23,4.23,0.0
86472600,2026-09-04T05:00:00-03:00,4.22,4.22,0.0
86472600,2026-09-04T05:15:00-03:00,4.21,4.21,0.0
86472600,2026-09-04T05:30:00-03:00,4.2,4.2,0.0
86472600,2026-09-04T05:45:00-03:00,4.19,4.19,0.0
86472600,2026-09-04T06:00:00-03:00,4.18,4.18,0.0
86472600,2026-09-04T06:15:00-03:00,4.17,4.17,0.0
86472600,2026-09-04T06:30:00-03:00,4.16,4.16,0.0
86472600,2026-09-04T06:45:00-03:00,4.15,4.15,0.0
86472600,2026-09-04T07:00:00-03:00,4.14,4.14,0.0
86472600,2026-09-04T07:15:00-03:00,4.13,4.13,0.0
86472600,2026-09-04T07:30:00-03:00,4.12,4.12,0.0
86472600,2026-09-04T07:45:00-03:00,4.11,4.11,0.0
86472600,2026-09-04T08:00:00-03:00,4.1,4.1,0.0
86472600,2026-09-04T08:15:00-03:00,4.09,4.09,0.0
86472600,2026-09-04T08:30:00-03:00,4.09,4.09,0.0
86472600,2026-09-04T08:45:00-03:00,4.08,4.08,0.0
86472600,2026-09-04T09:00:00-03:00,4.07,4.07,0.0
86472600,2026-09-04T09:15:00-03:00,4.06,4.06,0.0
86472600,2026-09-04T09:30:00-03:00,4.05,4.05,0.0
86472600,2026-09-04T09:45:00-03:00,4.05,4.05,0.0
86472600,2026-09-04T10:00:00-03:00,4.04,4.04,0.0
86472600,2026-09-04T10:15:00-03:00,4.03,4.03,0.0
86472600,2026-09-04T10:30:00-03:00,4.03,4.03,0.0
86472600,2026-09-04T10:45:00-03:00,4.03,4.03,0.0
86472600,2026-09-04T11:00:00-03:00,4.02,4.02,0.0
86472600,2026-09-04T11:15:00-03:00,4.01,4.01,0.0
86472600,2026-09-04T11:30:00-03:00,4.01,4.01,0.0
86472600,2026-09-04T11:45:00-03:00,4.0,4.0,0.0
86472600,2026-09-04T12:00:00-03:00,4.0,4.0,0.0
86472600,2026-09-04T12:15:00-03:00,3.99,3.99,0.0
86472600,2026-09-04T12:30:00-03:00,3.99,3.99,0.0
86472600,2026-09-04T12:45:00-03:00,3.98,3.98,0.0
86472600,2026-09-04T13:00:00-03:00,3.98,3.98,0.0
86472600,2026-09-04T13:15:00-03:00,3.97,3.97,0.0
86472600,2026-09-04T13:30:00-03:00,3.97,3.97,0.0
86472600,2026-09-04T13:45:00-03:00,3.97,3.97,0.0
86472600,2026-09-04T14:00:00-03:00,3.96,3.96,0.0
86472600,2026-09-04T14:15:00-03:00,3.96,3.96,0.0
86472600,2026-09-04T14:30:00-03:00,3.95,3.95,0.0
86472600,2026-09-04T14:45:00-03:00,3.95,3.95,0.0
86472600,2026-09-04T15:00:00-03:00,3.94,3.94,0.0
86472600,2026-09-04T15:15:00-03:00,3.94,3.94,0.0
86472600,2026-09-04T15:30:00-03:00,3.93,3.93,0.0
86472600,2026-09-04T15:45:00-03:00,3.93,3.93,0.0
86472600,2026-09-04T16:00:00-03:00,3.92,3.92,0.0
86472600,2026-09-04T16:15:00-03:00,3.92,3.92,0.0
86472600,2026-09-04T16:30:00-03:00,3.92,3.92,0.0
86472600,2026-09-04T16:45:00-03:00,3.91,3.91,0.0
86472600,2026-09-04T17:00:00-03:00,3.9,3.9,0.0
86472600,2026-09-04T17:15:00-03:00,3.9,3.9,0.0
86472600,2026-09-04T17:30:00-03:00,3.89,3.89,0.0
86472600,2026-09-04T17:45:00-03:00,3.89,3.89,0.0
86472600,2026-09-04T18:00:00-03:00,3.89,3.89,0.0
86472600,2026-09-04T18:15:00-03:00,3.88,3.88,0.0
86472600,2026-09-04T18:30:00-03:00,3.88,3.88,0.0
86472600,2026-09-04T18:45:00-03:00,3.87,3.87,0.0
86472600,2026-09-04T19:00:00-03:00,3.87,3.87,0.0
86472600,2026-09-04T19:15:00-03:00,3.87,3.87,0.0
86472600,2026-09-04T19:30:00-03:00,3.86,3.86,0.0
86472600,2026-09-04T19:45:00-03:00,3.86,3.86,0.0
86472600,2026-09-04T20:00:00-03:00,3.85,3.85,0.0
86472600,2026-09-04T20:15:00-03:00,3.85,3.85,0.0
86472600,2026-09-04T20:30:00-03:00,3.84,3.84,0.0
86472600,2026-09-04T20:45:00-03:00,3.84,3.84,0.0
86472600,2026-09-04T21:00:00-03:00,3.83,3.83,0.0
86472600,2026-09-04T21:15:00-03:00,3.83,3.83,0.0
86472600,2026-09-04T21:30:00-03:00,3.82,3.82,0.0
86472600,2026-09-04T21:45:00-03:00,3.82,3.82,0.0
86472600,2026-09-04T22:00:00-03:00,3.81,3.81,0.0
86472600,2026-09-04T22:15:00-03:00,3.81,3.81,0.0
86472600,2026-09-04T22:30:00-03:00,3.8,3.8,0.0
86472600,2026-09-04T22:45:00-03:00,3.8,3.8,0.0
86472600,2026-09-05T00:00:00-03:00,3.78,3.78,0.0
86472600,2026-09-05T00:15:00-03:00,3.77,3.77,0.0
86472600,2026-09-05T00:30:00-03:00,3.77,3.77,0.0
86472600,2026-09-05T00:45:00-03:00,3.77,3.77,0.0
86472600,2026-09-05T01:00:00-03:00,3.77,3.77,0.0
86472600,2026-09-05T01:15:00-03:00,3.76,3.76,0.0
86472600,2026-09-05T01:30:00-03:00,3.76,3.76,0.0
86472600,2026-09-05T01:45:00-03:00,3.76,3.76,0.0
86472600,2026-09-05T02:00:00-03:00,3.76,3.76,0.0
86472600,2026-09-05T02:15:00-03:00,3.77,3.77,0.0
86472600,2026-09-05T02:30:00-03:00,3.77,3.77,0.0
86472600,2026-09-05T02:45:00-03:00,3.78,3.78,0.0
86472600,2026-09-05T03:00:00-03:00,3.79,3.79,0.0
86472600,2026-09-05T03:15:00-03:00,3.79,3.79,0.0
86472600,2026-09-05T03:30:00-03:00,3.8,3.8,0.0
86472600,2026-09-05T03:45:00-03:00,3.8,3.8,0.0
86472600,2026-09-05T04:00:00-03:00,3.8,3.8,0.0
86472600,2026-09-05T04:15:00-03:00,3.81,3.81,0.0
86472600,2026-09-05T04:30:00-03:00,3.81,3.81,0.0
86472600,2026-09-05T04:45:00-03:00,3.81,3.81,0.0
86472600,2026-09-05T05:00:00-03:00,3.81,3.81,0.0
86472600,2026-09-05T05:15:00-03:00,3.8,3.8,0.0
86472600,2026-09-05T05:30:00-03:00,3.81,3.81,0.0
86472600,2026-09-05T05:45:00-03:00,3.8,3.8,0.0
86472600,2026-09-05T06:00:00-03:00,3.8,3.8,0.0
86472600,2026-09-05T06:15:00-03:00,3.8,3.8,0.0
86472600,2026-09-05T06:30:00-03:00,3.79,3.79,0.0
86472600,2026-09-05T06:45:00-03:00,3.78,3.78,0.0
86472600,2026-09-05T07:00:00-03:00,3.78,3.78,0.0
86472600,2026-09-05T07:15:00-03:00,3.78,3.78,0.0
86472600,2026-09-05T07:30:00-03:00,3.77,3.77,0.0
86472600,2026-09-05T07:45:00-03:00,3.77,3.77,0.0
86472600,2026-09-05T08:00:00-03:00,3.77,3.77,0.0
86472600,2026-09-05T08:15:00-03:00,3.76,3.76,0.0
86472600,2026-09-05T08:30:00-03:00,3.76,3.76,0.0
86472600,2026-09-05T08:45:00-03:00,3.75,3.75,0.0
86472600,2026-09-05T09:00:00-03:00,3.72,3.72,0.0
86472600,2026-09-05T09:15:00-03:00,3.69,3.69,0.0
86472600,2026-09-05T09:30:00-03:00,3.64,3.64,0.0
86472600,2026-09-05T09:45:00-03:00,3.58,3.58,0.0
86472600,2026-09-05T10:00:00-03:00,3.51,3.51,0.0
86472600,2026-09-05T10:15:00-03:00,3.43,3.43,0.0
86472600,2026-09-05T10:30:00-03:00,3.35,3.35,0.0
86472600,2026-09-05T10:45:00-03:00,3.27,3.27,0.0
86472600,2026-09-05T11:00:00-03:00,3.19,3.19,0.0
86472600,2026-09-05T11:15:00-03:00,3.11,3.11,0.0
86472600,2026-09-05T11:30:00-03:00,3.04,3.04,0.0
86472600,2026-09-05T11:45:00-03:00,2.98,2.98,0.0
86472600,2026-09-05T12:00:00-03:00,2.93,2.93,0.0
86472600,2026-09-05T12:15:00-03:00,2.89,2.89,0.0
86472600,2026-09-05T12:30:00-03:00,2.86,2.86,0.0
86472600,2026-09-05T12:45:00-03:00,2.85,2.85,0.0
86472600,2026-09-05T13:00:00-03:00,2.84,2.84,0.0
86472600,2026-09-05T13:15:00-03:00,2.85,2.85,0.0
86472600,2026-09-05T13:30:00-03:00,2.88,2.88,0.0
86472600,2026-09-05T13:45:00-03:00,2.91,2.91,0.0
86472600,2026-09-05T14:00:00-03:00,2.95,2.95,0.0
86472600,2026-09-05T14:15:00-03:00,2.99,2.99,0.0
86472600,2026-09-05T14:30:00-03:00,3.05,3.05,0.0
86472600,2026-09-05T14:45:00-03:00,3.09,3.09,0.0
86472600,2026-09-05T15:00:00-03:00,3.15,3.15,0.0
86472600,2026-09-05T15:15:00-03:00,3.19,3.19,0.0
86472600,2026-09-05T15:30:00-03:00,3.24,3.24,0.0
86472600,2026-09-05T15:45:00-03:00,3.28,3.28,0.0
86472600,2026-09-05T16:00:00-03:00,3.31,3.31,0.0
86472600,2026-09-05T16:15:00-03:00,3.34,3.34,0.0
86472600,2026-09-05T16:30:00-03:00,3.37,3.37,0.0
86472600,2026-09-05T16:45:00-03:00,3.39,3.39,0.0
86472600,2026-09-05T17:00:00-03:00,3.41,3.41,0.0
86472600,2026-09-05T17:15:00-03:00,3.42,3.42,0.0
86472600,2026-09-05T17:30:00-03:00,3.43,3.43,0.0
86472600,2026-09-05T17:45:00-03:00,3.44,3.44,0.0
86472600,2026-09-05T18:00:00-03:00,3.45,3.45,0.0
86472600,2026-09-05T18:15:00-03:00,3.46,3.46,0.0
86472600,2026-09-05T18:30:00-03:00,3.47,3.47,0.0
86472600,2026-09-05T18:45:00-03:00,3.49,3.49,0.0
86472600,2026-09-05T19:00:00-03:00,3.52,3.52,0.0
86472600,2026-09-05T19:15:00-03:00,3.58,3.58,0.0
86472600,2026-09-05T19:30:00-03:00,3.66,3.66,0.0
86472600,2026-09-05T19:45:00-03:00,3.76,3.76,0.0
86472600,2026-09-05T20:00:00-03:00,3.86,3.86,0.0
86472600,2026-09-05T20:15:00-03:00,3.96,3.96,0.0
86472600,2026-09-05T20:30:00-03:00,4.03,4.03,0.0
86472600,2026-09-05T20:45:00-03:00,4.09,4.09,0.0
86472600,2026-09-05T21:00:00-03:00,4.13,4.13,0.0
86472600,2026-09-05T21:15:00-03:00,4.15,4.15,0.0
86472600,2026-09-05T21:30:00-03:00,4.16,4.16,0.0
86472600,2026-09-05T21:45:00-03:00,4.16,4.16,0.0
86472600,2026-09-05T22:00:00-03:00,4.14,4.14,0.0
86472600,2026-09-05T22:15:00-03:00,4.12,4.12,0.0
86472600,2026-09-05T22:30:00-03:00,4.1,4.1,0.0
86472600,2026-09-05T22:45:00-03:00,4.07,4.07,0.0
86472600,2026-09-06T00:00:00-03:00,3.94,3.94,0.0
86472600,2026-09-06T00:15:00-03:00,3.91,3.91,0.0
86472600,2026-09-06T00:30:00-03:00,3.89,3.89,0.0
86472600,2026-09-06T00:45:00-03:00,3.86,3.86,0.0
86472600,2026-09-06T01:00:00-03:00,3.84,3.84,0.0
86472600,2026-09-06T01:15:00-03:00,3.82,3.82,0.0
86472600,2026-09-06T01:30:00-03:00,3.8,3.8,0.0
86472600,2026-09-06T01:45:00-03:00,3.78,3.78,0.0
86472600,2026-09-06T02:00:00-03:00,3.76,3.76,0.0
86472600,2026-09-06T02:15:00-03:00,3.74,3.74,0.0
86472600,2026-09-06T02:30:00-03:00,3.72,3.72,0.0
86472600,2026-09-06T02:45:00-03:00,3.71,3.71,0.0
86472600,2026-09-06T03:00:00-03:00,3.69,3.69,0.0
86472600,2026-09-06T03:15:00-03:00,3.68,3.68,0.0
86472600,2026-09-06T03:30:00-03:00,3.67,3.67,0.0
86472600,2026-09-06T03:45:00-03:00,3.65,3.65,0.0
86472600,2026-09-06T04:00:00-03:00,3.64,3.64,0.0
86472600,2026-09-06T04:15:00-03:00,3.63,3.63,0.0
86472600,2026-09-06T04:30:00-03:00,3.62,3.62,0.0
86472600,2026-09-06T04:45:00-03:00,3.61,3.61,0.0
86472600,2026-09-06T05:00:00-03:00,3.6,3.6,0.0
86472600,2026-09-06T05:15:00-03:00,3.59,3.59,0.0
86472600,2026-09-06T05:30:00-03:00,3.58,3.58,0.0
86472600,2026-09-06T05:45:00-03:00,3.57,3.57,0.0
86472600,2026-09-06T06:00:00-03:00,3.56,3.56,0.0
86472600,2026-09-06T06:15:00-03:00,3.55,3.55,0.0
86472600,2026-09-06T06:30:00-03:00,3.54,3.54,0.0
86472600,2026-09-06T06:45:00-03:00,3.53,3.53,0.0
86472600,2026-09-06T07:00:00-03:00,3.53,3.53,0.0
86472600,2026-09-06T07:15:00-03:00,3.52,3.52,0.0
86472600,2026-09-06T07:30:00-03:00,3.51,3.51,0.0
86472600,2026-09-06T07:45:00-03:00,3.51,3.51,0.0
86472600,2026-09-06T08:00:00-03:00,3.5,3.5,0.0
86472600,2026-09-06T08:15:00-03:00,3.48,3.48,0.0
86472600,2026-09-06T08:30:00-03:00,3.46,3.46,0.0
86472600,2026-09-06T08:45:00-03:00,3.43,3.43,0.0
86472600,2026-09-06T09:00:00-03:00,3.38,3.38,0.0
86472600,2026-09-06T09:15:00-03:00,3.31,3.31,0.0
86472600,2026-09-06T09:30:00-03:00,3.25,3.25,0.0
86472600,2026-09-06T09:45:00-03:00,3.17,3.17,0.0
86472600,2026-09-06T10:00:00-03:00,3.09,3.09,0.0
86472600,2026-09-06T10:15:00-03:00,3.01,3.01,0.0
86472600,2026-09-06T10:30:00-03:00,2.93,2.93,0.0
86472600,2026-09-06T10:45:00-03:00,2.86,2.86,0.0
86472600,2026-09-06T11:00:00-03:00,2.78,2.78,0.0
86472600,2026-09-06T11:15:00-03:00,2.71,2.71,0.0
86472600,2026-09-06T11:30:00-03:00,2.65,2.65,0.0
86472600,2026-09-06T11:45:00-03:00,2.6,2.6,0.0
86472600,2026-09-06T12:00:00-03:00,2.56,2.56,0.0
86472600,2026-09-06T12:15:00-03:00,2.52,2.52,0.0
86472600,2026-09-06T12:30:00-03:00,2.49,2.49,0.0
86472600,2026-09-06T12:45:00-03:00,2.47,2.47,0.0
86472600,2026-09-06T13:00:00-03:00,2.46,2.46,0.0
86472600,2026-09-06T13:15:00-03:00,2.47,2.47,0.0
86472600,2026-09-06T13:30:00-03:00,2.49,2.49,0.0
86472600,2026-09-06T13:45:00-03:00,2.52,2.52,0.0
86472600,2026-09-06T14:00:00-03:00,2.56,2.56,0.0
86472600,2026-09-06T14:15:00-03:00,2.6,2.6,0.0
86472600,2026-09-06T14:30:00-03:00,2.65,2.65,0.0
86472600,2026-09-06T14:45:00-03:00,2.7,2.7,0.0
86472600,2026-09-06T15:00:00-03:00,2.75,2.75,0.0
86472600,2026-09-06T15:15:00-03:00,2.81,2.81,0.0
86472600,2026-09-06T15:30:00-03:00,2.86,2.86,0.0
86472600,2026-09-06T15:45:00-03:00,2.91,2.91,0.0
86472600,2026-09-06T16:00:00-03:00,2.95,2.95,0.0
86472600,2026-09-06T16:15:00-03:00,2.99,2.99,0.0
86472600,2026-09-06T16:30:00-03:00,3.02,3.02,0.0
86472600,2026-09-06T16:45:00-03:00,3.06,3.06,0.0
86472600,2026-09-06T17:00:00-03:00,3.09,3.09,0.0
86472600,2026-09-06T17:15:00-03:00,3.11,3.11,0.0
86472600,2026-09-06T17:30:00-03:00,3.13,3.13,0.0
86472600,2026-09-06T17:45:00-03:00,3.15,3.15,0.0
86472600,2026-09-06T18:00:00-03:00,3.18,3.18,0.0
86472600,2026-09-06T18:15:00-03:00,3.23,3.23,0.0
86472600,2026-09-06T18:30:00-03:00,3.3,3.3,0.0
86472600,2026-09-06T18:45:00-03:00,3.39,3.39,0.0
86472600,2026-09-06T19:00:00-03:00,3.51,3.51,0.0
86472600,2026-09-06T19:15:00-03:00,3.62,3.62,0.0
86472600,2026-09-06T19:30:00-03:00,3.73,3.73,0.0
86472600,2026-09-06T19:45:00-03:00,3.82,3.82,0.0
86472600,2026-09-06T20:00:00-03:00,3.89,3.89,0.0
86472600,2026-09-06T20:15:00-03:00,3.93,3.93,0.0
86472600,2026-09-06T20:30:00-03:00,3.96,3.96,0.0
86472600,2026-09-06T20:45:00-03:00,3.97,3.97,0.0
86472600,2026-09-06T21:00:00-03:00,3.98,3.98,0.0
86472600,2026-09-06T21:15:00-03:00,3.97,3.97,0.0
86472600,2026-09-06T21:30:00-03:00,3.95,3.95,0.0
86472600,2026-09-06T21:45:00-03:00,3.93,3.93,0.0
86472600,2026-09-06T22:00:00-03:00,3.91,3.91,0.0
86472600,2026-09-06T22:15:00-03:00,3.88,3.88,0.0
86472600,2026-09-06T22:30:00-03:00,3.85,3.85,0.0
86472600,2026-09-06T22:45:00-03:00,3.82,3.82,0.0
86472600,2026-09-07T00:00:00-03:00,3.69,3.69,0.0
86472600,2026-09-07T00:15:00-03:00,3.67,3.67,0.0
86472600,2026-09-07T00:30:00-03:00,3.64,3.64,0.0
86472600,2026-09-07T00:45:00-03:00,3.62,3.62,0.0
86472600,2026-09-07T01:00:00-03:00,3.6,3.6,0.0
86472600,2026-09-07T01:15:00-03:00,3.58,3.58,0.0
86472600,2026-09-07T01:30:00-03:00,3.56,3.56,0.0
86472600,2026-09-07T01:45:00-03:00,3.54,3.54,0.0
86472600,2026-09-07T02:00:00-03:00,3.52,3.52,0.0
86472600,2026-09-07T02:15:00-03:00,3.5,3.5,0.0
86472600,2026-09-07T02:30:00-03:00,3.48,3.48,0.0
86472600,2026-09-07T02:45:00-03:00,3.46,3.46,0.0
86472600,2026-09-07T03:00:00-03:00,3.45,3.45,0.0
86472600,2026-09-07T03:15:00-03:00,3.43,3.43,0.0
86472600,2026-09-07T03:30:00-03:00,3.41,3.41,0.0
86472600,2026-09-07T03:45:00-03:00,3.4,3.4,0.0
86472600,2026-09-07T04:00:00-03:00,3.39,3.39,0.0
86472600,2026-09-07T04:15:00-03:00,3.37,3.37,0.0
86472600,2026-09-07T04:30:00-03:00,3.36,3.36,0.0
86472600,2026-09-07T04:45:00-03:00,3.35,3.35,0.0
86472600,2026-09-07T05:00:00-03:00,3.34,3.34,0.0
86472600,2026-09-07T05:15:00-03:00,3.33,3.33,0.0
86472600,2026-09-07T05:30:00-03:00,3.32,3.32,0.0
86472600,2026-09-07T05:45:00-03:00,3.31,3.31,0.0
86472600,2026-09-07T06:00:00-03:00,3.31,3.31,0.0
86472600,2026-09-07T06:15:00-03:00,3.3,3.3,0.0
86472600,2026-09-07T06:30:00-03:00,3.29,3.29,0.0
86472600,2026-09-07T06:45:00-03:00,3.28,3.28,0.0
86472600,2026-09-07T07:00:00-03:00,3.28,3.28,0.0
86472600,2026-09-07T07:15:00-03:00,3.27,3.27,0.0
86472600,2026-09-07T07:30:00-03:00,3.27,3.27,0.0
86472600,2026-09-07T07:45:00-03:00,3.27,3.27,0.0
86472600,2026-09-07T08:00:00-03:00,3.26,3.26,0.0
86472600,2026-09-07T08:15:00-03:00,3.25,3.25,0.0
86472600,2026-09-07T08:30:00-03:00,3.23,3.23,0.0
86472600,2026-09-07T08:45:00-03:00,3.2,3.2,0.0
86472600,2026-09-07T09:00:00-03:00,3.16,3.16,0.0
86472600,2026-09-07T09:15:00-03:00,3.11,3.11,0.0
86472600,2026-09-07T09:30:00-03:00,3.05,3.05,0.0
86472600,2026-09-07T09:45:00-03:00,2.98,2.98,0.0
86472600,2026-09-07T10:00:00-03:00,2.91,2.91,0.0
86472600,2026-09-07T10:15:00-03:00,2.83,2.83,0.0
86472600,2026-09-07T10:30:00-03:00,2.76,2.76,0.0
86472600,2026-09-07T10:45:00-03:00,2.68,2.68,0.0
86472600,2026-09-07T11:00:00-03:00,2.61,2.61,0.0
86472600,2026-09-07T11:15:00-03:00,2.54,2.54,0.0
86472600,2026-09-07T11:30:00-03:00,2.48,2.48,0.0
86472600,2026-09-07T11:45:00-03:00,2.42,2.42,0.0
86472600,2026-09-07T12:00:00-03:00,2.37,2.37,0.0
86472600,2026-09-07T12:15:00-03:00,2.32,2.32,0.0
86472600,2026-09-07T12:30:00-03:00,2.27,2.27,0.0
86472600,2026-09-07T12:45:00-03:00,2.23,2.23,0.0
86472600,2026-09-07T13:00:00-03:00,2.2,2.2,0.0
86472600,2026-09-07T13:15:00-03:00,2.18,2.18,0.0
86472600,2026-09-07T13:30:00-03:00,2.16,2.16,0.0
86472600,2026-09-07T13:45:00-03:00,2.15,2.15,0.0
86472600,2026-09-07T14:00:00-03:00,2.15,2.15,0.0
86472600,2026-09-07T14:15:00-03:00,2.16,2.16,0.0
86472600,2026-09-07T14:30:00-03:00,2.19,2.19,0.0
86472600,2026-09-07T14:45:00-03:00,2.22,2.22,0.0
86472600,2026-09-07T15:00:00-03:00,2.26,2.26,0.0
86472600,2026-09-07T15:15:00-03:00,2.31,2.31,0.0
86472600,2026-09-07T15:30:00-03:00,2.37,2.37,0.0
86472600,2026-09-07T15:45:00-03:00,2.43,2.43,0.0
86472600,2026-09-07T16:00:00-03:00,2.49,2.49,0.0
86472600,2026-09-07T16:15:00-03:00,2.56,2.56,0.0
86472600,2026-09-07T16:30:00-03:00,2.61,2.61,0.0
86472600,2026-09-07T16:45:00-03:00,2.67,2.67,0.0
86472600,2026-09-07T17:00:00-03:00,2.72,2.72,0.0
86472600,2026-09-07T17:15:00-03:00,2.76,2.76,0.0
86472600,2026-09-07T17:30:00-03:00,2.8,2.8,0.0
86472600,2026-09-07T17:45:00-03:00,2.83,2.83,0.0
86472600,2026-09-07T18:00:00-03:00,2.86,2.86,0.0
86472600,2026-09-07T18:15:00-03:00,2.9,2.9,0.0
86472600,2026-09-07T18:30:00-03:00,2.94,2.94,0.0
86472600,2026-09-07T18:45:00-03:00,3.01,3.01,0.0
86472600,2026-09-07T19:00:00-03:00,3.11,3.11,0.0
86472600,2026-09-07T19:15:00-03:00,3.23,3.23,0.0
86472600,2026-09-07T19:30:00-03:00,3.35,3.35,0.0
86472600,2026-09-07T19:45:00-03:00,3.47,3.47,0.0
86472600,2026-09-07T20:00:00-03:00,3.58,3.58,0.0
86472600,2026-09-07T20:15:00-03:00,3.66,3.66,0.0
86472600,2026-09-07T20:30:00-03:00,3.73,3.73,0.0
86472600,2026-09-07T20:45:00-03:00,3.77,3.77,0.0
86472600,2026-09-07T21:00:00-03:00,3.79,3.79,0.0
86472600,2026-09-07T21:15:00-03:00,3.8,3.8,0.0
86472600,2026-09-07T21:30:00-03:00,3.8,3.8,0.0
86472600,2026-09-07T21:45:00-03:00,3.79,3.79,0.0
86472600,2026-09-07T22:00:00-03:00,3.78,3.78,0.0
86472600,2026-09-07T22:15:00-03:00,3.76,3.76,0.0
86472600,2026-09-07T22:30:00-03:00,3.74,3.74,0.0
86472600,2026-09-07T22:45:00-03:00,3.71,3.71,0.0
86472600,2026-09-08T00:00:00-03:00,3.6,3.6,0.0
86472600,2026-09-08T00:15:00-03:00,3.57,3.57,0.0
86472600,2026-09-08T00:30:00-03:00,3.56,3.56,0.0
86472600,2026-09-08T00:45:00-03:00,3.54,3.54,0.0
86472600,2026-09-08T01:00:00-03:00,3.52,3.52,0.0
86472600,2026-09-08T01:15:00-03:00,3.5,3.5,0.0
86472600,2026-09-08T01:30:00-03:00,3.48,3.48,0.0
86472600,2026-09-08T01:45:00-03:00,3.47,3.47,0.0
86472600,2026-09-08T02:00:00-03:00,3.45,3.45,0.0
86472600,2026-09-08T02:15:00-03:00,3.44,3.44,0.0
86472600,2026-09-08T02:30:00-03:00,3.43,3.43,0.0
86472600,2026-09-08T02:45:00-03:00,3.42,3.42,0.0
86472600,2026-09-08T03:00:00-03:00,3.41,3.41,0.0
86472600,2026-09-08T03:15:00-03:00,3.39,3.39,0.0
86472600,2026-09-08T03:30:00-03:00,3.39,3.39,0.0
86472600,2026-09-08T03:45:00-03:00,3.38,3.38,0.0
86472600,2026-09-08T04:00:00-03:00,3.37,3.37,0.0
86472600,2026-09-08T04:15:00-03:00,3.36,3.36,0.0
86472600,2026-09-08T04:30:00-03:00,3.35,3.35,0.0
86472600,2026-09-08T04:45:00-03:00,3.35,3.35,0.0
86472600,2026-09-08T05:00:00-03:00,3.34,3.34,0.0
86472600,2026-09-08T05:15:00-03:00,3.33,3.33,0.0
86472600,2026-09-08T05:30:00-03:00,3.33,3.33,0.0
86472600,2026-09-08T05:45:00-03:00,3.32,3.32,0.0
86472600,2026-09-08T06:00:00-03:00,3.32,3.32,0.0
86472600,2026-09-08T06:15:00-03:00,3.32,3.32,0.0
86472600,2026-09-08T06:30:00-03:00,3.31,3.31,0.0
86472600,2026-09-08T06:45:00-03:00,3.31,3.31,0.0
86472600,2026-09-08T07:00:00-03:00,3.31,3.31,0.0
86472600,2026-09-08T07:15:00-03:00,3.31,3.31,0.0
86472600,2026-09-08T07:30:00-03:00,3.31,3.31,0.0
86472600,2026-09-08T07:45:00-03:00,3.3,3.3,0.0
86472600,2026-09-08T08:00:00-03:00,3.3,3.3,0.0
86472600,2026-09-08T08:15:00-03:00,3.3,3.3,0.0
86472600,2026-09-08T08:30:00-03:00,3.3,3.3,0.0
86472600,2026-09-08T08:45:00-03:00,3.3,3.3,0.0
86472600,2026-09-08T09:00:00-03:00,3.3,3.3,0.0
86472600,2026-09-08T09:15:00-03:00,3.3,3.3,0.0
86472600,2026-09-08T09:30:00-03:00,3.3,3.3,0.0
86472600,2026-09-08T09:45:00-03:00,3.3,3.3,0.0
86472600,2026-09-08T10:00:00-03:00,3.28,3.28,0.0
86472600,2026-09-08T10:15:00-03:00,3.25,3.25,0.0
86472600,2026-09-08T10:30:00-03:00,3.21,3.21,0.0
86472600,2026-09-08T10:45:00-03:00,3.16,3.16,0.0
86472600,2026-09-08T11:00:00-03:00,3.1,3.1,0.0
86472600,2026-09-08T11:15:00-03:00,3.03,3.03,0.0
86472600,2026-09-08T11:30:00-03:00,2.96,2.96,0.0
86472600,2026-09-08T11:45:00-03:00,2.88,2.88,0.0
86472600,2026-09-08T12:00:00-03:00,2.8,2.8,0.0
86472600,2026-09-08T12:15:00-03:00,2.72,2.72,0.0
86472600,2026-09-08T12:30:00-03:00,2.65,2.65,0.0
86472600,2026-09-08T12:45:00-03:00,2.58,2.58,0.0
86472600,2026-09-08T13:00:00-03:00,2.51,2.51,0.0
86472600,2026-09-08T13:15:00-03:00,2.45,2.45,0.0
86472600,2026-09-08T13:30:00-03:00,2.39,2.39,0.0
86472600,2026-09-08T13:45:00-03:00,2.33,2.33,0.0
86472600,2026-09-08T14:00:00-03:00,2.28,2.28,0.0
86472600,2026-09-08T14:15:00-03:00,2.23,2.23,0.0
86472600,2026-09-08T14:30:00-03:00,2.18,2.18,0.0
86472600,2026-09-08T14:45:00-03:00,2.14,2.14,0.0
86472600,2026-09-08T15:00:00-03:00,2.11,2.11,0.0
86472600,2026-09-08T15:15:00-03:00,2.07,2.07,0.0
86472600,2026-09-08T15:30:00-03:00,2.05,2.05,0.0
86472600,2026-09-08T15:45:00-03:00,2.02,2.02,0.0
86472600,2026-09-08T16:00:00-03:00,2.01,2.01,0.0
86472600,2026-09-08T16:15:00-03:00,1.99,1.99,0.0
86472600,2026-09-08T16:30:00-03:00,1.99,1.99,0.0
86472600,2026-09-08T16:45:00-03:00,1.99,1.99,0.0
86472600,2026-09-08T17:00:00-03:00,1.99,1.99,0.0
86472600,2026-09-08T17:15:00-03:00,2.01,2.01,0.0
86472600,2026-09-08T17:30:00-03:00,2.03,2.03,0.0
86472600,2026-09-08T17:45:00-03:00,2.07,2.07,0.0
86472600,2026-09-08T18:00:00-03:00,2.11,2.11,0.0
86472600,2026-09-08T18:15:00-03:00,2.18,2.18,0.0
86472600,2026-09-08T18:30:00-03:00,2.28,2.28,0.0
86472600,2026-09-08T18:45:00-03:00,2.43,2.43,0.0
86472600,2026-09-08T19:00:00-03:00,2.61,2.61,0.0
86472600,2026-09-08T19:15:00-03:00,2.82,2.82,0.0
86472600,2026-09-08T19:30:00-03:00,3.01,3.01,0.0
86472600,2026-09-08T19:45:00-03:00,3.18,3.18,0.0
86472600,2026-09-08T20:00:00-03:00,3.32,3.32,0.0
86472600,2026-09-08T20:15:00-03:00,3.42,3.42,0.0
86472600,2026-09-08T20:30:00-03:00,3.49,3.49,0.0
86472600,2026-09-08T20:45:00-03:00,3.54,3.54,0.0
86472600,2026-09-08T21:00:00-03:00,3.57,3.57,0.0
86472600,2026-09-08T21:15:00-03:00,3.58,3.58,0.0
86472600,2026-09-08T21:30:00-03:00,3.58,3.58,0.0
86472600,2026-09-08T21:45:00-03:00,3.58,3.58,0.0
86472600,2026-09-08T22:00:00-03:00,3.56,3.56,0.0
86472600,2026-09-08T22:15:00-03:00,3.54,3.54,0.0
86472600,2026-09-08T22:30:00-03:00,3.53,3.53,0.0
86472600,2026-09-08T22:45:00-03:00,3.51,3.51,0.0
86472600,2026-09-09T00:00:00-03:00,3.4,3.4,0.0
86472600,2026-09-09T00:15:00-03:00,3.38,3.38,0.0
86472600,2026-09-09T00:30:00-03:00,3.36,3.36,0.0
86472600,2026-09-09T00:45:00-03:00,3.34,3.34,0.0
86472600,2026-09-09T01:00:00-03:00,3.32,3.32,0.0
86472600,2026-09-09T01:15:00-03:00,3.31,3.31,0.0
86472600,2026-09-09T01:30:00-03:00,3.29,3.29,0.0
86472600,2026-09-09T01:45:00-03:00,3.28,3.28,0.0
86472600,2026-09-09T02:00:00-03:00,3.26,3.26,0.0
86472600,2026-09-09T02:15:00-03:00,3.25,3.25,0.0
86472600,2026-09-09T02:30:00-03:00,3.24,3.24,0.0
86472600,2026-09-09T02:45:00-03:00,3.23,3.23,0.0
86472600,2026-09-09T03:00:00-03:00,3.22,3.22,0.0
86472600,2026-09-09T03:15:00-03:00,3.21,3.21,0.0
86472600,2026-09-09T03:30:00-03:00,3.2,3.2,0.0
86472600,2026-09-09T03:45:00-03:00,3.19,3.19,0.0
86472600,2026-09-09T04:00:00-03:00,3.18,3.18,0.0
86472600,2026-09-09T04:15:00-03:00,3.17,3.17,0.0
86472600,2026-09-09T04:30:00-03:00,3.14,3.14,0.0
86472600,2026-09-09T04:45:00-03:00,3.1,3.1,0.0
86472600,2026-09-09T05:00:00-03:00,3.06,3.06,0.0
86472600,2026-09-09T05:15:00-03:00,3.0,3.0,0.0
86472600,2026-09-09T05:30:00-03:00,2.94,2.94,0.0
86472600,2026-09-09T05:45:00-03:00,2.87,2.87,0.0
86472600,2026-09-09T06:00:00-03:00,2.8,2.8,0.0
86472600,2026-09-09T06:15:00-03:00,2.73,2.73,0.0
86472600,2026-09-09T06:30:00-03:00,2.66,2.66,0.0
86472600,2026-09-09T06:45:00-03:00,2.59,2.59,0.0
86472600,2026-09-09T07:00:00-03:00,2.52,2.52,0.0
86472600,2026-09-09T07:15:00-03:00,2.46,2.46,0.0
86472600,2026-09-09T07:30:00-03:00,2.4,2.4,0.0
86472600,2026-09-09T07:45:00-03:00,2.35,2.35,0.0
86472600,2026-09-09T08:00:00-03:00,2.3,2.3,0.0
86472600,2026-09-09T08:15:00-03:00,2.25,2.25,0.0
86472600,2026-09-09T08:30:00-03:00,2.22,2.22,0.0
86472600,2026-09-09T08:45:00-03:00,2.19,2.19,0.0
86472600,2026-09-09T09:00:00-03:00,2.17,2.17,0.0
86472600,2026-09-09T09:15:00-03:00,2.16,2.16,0.0
86472600,2026-09-09T09:30:00-03:00,2.17,2.17,0.0
86472600,2026-09-09T09:45:00-03:00,2.19,2.19,0.0
86472600,2026-09-09T10:00:00-03:00,2.23,2.23,0.0
86472600,2026-09-09T10:15:00-03:00,2.3,2.3,0.0
86472600,2026-09-09T10:30:00-03:00,2.39,2.39,0.0
86472600,2026-09-09T10:45:00-03:00,2.48,2.48,0.0
86472600,2026-09-09T11:00:00-03:00,2.58,2.58,0.0
86472600,2026-09-09T11:15:00-03:00,2.67,2.67,0.0
86472600,2026-09-09T11:30:00-03:00,2.76,2.76,0.0
86472600,2026-09-09T11:45:00-03:00,2.83,2.83,0.0
86472600,2026-09-09T12:00:00-03:00,2.88,2.88,0.0
86472600,2026-09-09T12:15:00-03:00,2.92,2.92,0.0
86472600,2026-09-09T12:30:00-03:00,2.93,2.93,0.0
86472600,2026-09-09T12:45:00-03:00,2.93,2.93,0.0
86472600,2026-09-09T13:00:00-03:00,2.92,2.92,0.0
86472600,2026-09-09T13:15:00-03:00,2.89,2.89,0.0
86472600,2026-09-09T13:30:00-03:00,2.86,2.86,0.0
86472600,2026-09-09T13:45:00-03:00,2.82,2.82,0.0
86472600,2026-09-09T14:00:00-03:00,2.78,2.78,0.0
86472600,2026-09-09T14:15:00-03:00,2.74,2.74,0.0
86472600,2026-09-09T14:30:00-03:00,2.69,2.69,0.0
86472600,2026-09-09T14:45:00-03:00,2.65,2.65,0.0
86472600,2026-09-09T15:00:00-03:00,2.62,2.62,0.0
86472600,2026-09-09T15:15:00-03:00,2.59,2.59,0.0
86472600,2026-09-09T15:30:00-03:00,2.56,2.56,0.0
86472600,2026-09-09T15:45:00-03:00,2.54,2.54,0.0
86472600,2026-09-09T16:00:00-03:00,2.52,2.52,0.0
86472600,2026-09-09T16:15:00-03:00,2.51,2.51,0.0
86472600,2026-09-09T16:30:00-03:00,2.5,2.5,0.0
86472600,2026-09-09T16:45:00-03:00,2.5,2.5,0.0
86472600,2026-09-09T17:00:00-03:00,2.51,2.51,0.0
86472600,2026-09-09T17:15:00-03:00,2.52,2.52,0.0
86472600,2026-09-09T17:30:00-03:00,2.53,2.53,0.0
86472600,2026-09-09T17:45:00-03:00,2.56,2.56,0.0
86472600,2026-09-09T18:00:00-03:00,2.59,2.59,0.0
86472600,2026-09-09T18:15:00-03:00,2.64,2.64,0.0
86472600,2026-09-09T18:30:00-03:00,2.72,2.72,0.0
86472600,2026-09-09T18:45:00-03:00,2.83,2.83,0.0
86472600,2026-09-09T19:00:00-03:00,2.97,2.97,0.0
86472600,2026-09-09T19:15:00-03:00,3.12,3.12,0.0
86472600,2026-09-09T19:30:00-03:00,3.27,3.27,0.0
86472600,2026-09-09T19:45:00-03:00,3.39,3.39,0.0
86472600,2026-09-09T20:00:00-03:00,3.48,3.48,0.0
86472600,2026-09-09T20:15:00-03:00,3.55,3.55,0.0
86472600,2026-09-09T20:30:00-03:00,3.6,3.6,0.0
86472600,2026-09-09T20:45:00-03:00,3.63,3.63,0.0
86472600,2026-09-09T21:00:00-03:00,3.64,3.64,0.0
86472600,2026-09-09T21:15:00-03:00,3.64,3.64,0.0
86472600,2026-09-09T21:30:00-03:00,3.64,3.64,0.0
86472600,2026-09-09T21:45:00-03:00,3.62,3.62,0.0
86472600,2026-09-09T22:00:00-03:00,3.61,3.61,0.0
86472600,2026-09-09T22:15:00-03:00,3.58,3.58,0.0
86472600,2026-09-09T22:30:00-03:00,3.56,3.56,0.0
86472600,2026-09-09T22:45:00-03:00,3.54,3.54,0.0
86472600,2026-09-10T00:00:00-03:00,3.44,3.44,0.0
86472600,2026-09-10T00:15:00-03:00,3.42,3.42,0.0
86472600,2026-09-10T00:30:00-03:00,3.4,3.4,0.0
86472600,2026-09-10T00:45:00-03:00,3.39,3.39,0.0
86472600,2026-09-10T01:00:00-03:00,3.37,3.37,0.0
86472600,2026-09-10T01:15:00-03:00,3.36,3.36,0.0
86472600,2026-09-10T01:30:00-03:00,3.35,3.35,0.0
86472600,2026-09-10T01:45:00-03:00,3.34,3.34,0.0
86472600,2026-09-10T02:00:00-03:00,3.33,3.33,0.0
86472600,2026-09-10T02:15:00-03:00,3.32,3.32,0.0
86472600,2026-09-10T02:30:00-03:00,3.31,3.31,0.0
86472600,2026-09-10T02:45:00-03:00,3.3,3.3,0.0
86472600,2026-09-10T03:00:00-03:00,3.29,3.29,0.0
86472600,2026-09-10T03:15:00-03:00,3.28,3.28,0.0
86472600,2026-09-10T03:30:00-03:00,3.28,3.28,0.0
86472600,2026-09-10T03:45:00-03:00,3.27,3.27,0.0
86472600,2026-09-10T04:00:00-03:00,3.27,3.27,0.0
86472600,2026-09-10T04:15:00-03:00,3.26,3.26,0.0
86472600,2026-09-10T04:30:00-03:00,3.26,3.26,0.0
86472600,2026-09-10T04:45:00-03:00,3.26,3.26,0.0
86472600,2026-09-10T05:00:00-03:00,3.25,3.25,0.0
86472600,2026-09-10T05:15:00-03:00,3.25,3.25,0.0
86472600,2026-09-10T05:30:00-03:00,3.25,3.25,0.0
86472600,2026-09-10T05:45:00-03:00,3.25,3.25,0.0
86472600,2026-09-10T06:00:00-03:00,3.25,3.25,0.0
86472600,2026-09-10T06:15:00-03:00,3.25,3.25,0.0
86472600,2026-09-10T06:30:00-03:00,3.25,3.25,0.0
86472600,2026-09-10T06:45:00-03:00,3.25,3.25,0.0
86472600,2026-09-10T07:00:00-03:00,3.25,3.25,0.0
86472600,2026-09-10T07:15:00-03:00,3.25,3.25,0.0
86472600,2026-09-10T07:30:00-03:00,3.25,3.25,0.0
86472600,2026-09-10T07:45:00-03:00,3.25,3.25,0.0
86472600,2026-09-10T08:00:00-03:00,3.26,3.26,0.0
86472600,2026-09-10T08:15:00-03:00,3.26,3.26,0.0
86472600,2026-09-10T08:30:00-03:00,3.27,3.27,0.0
86472600,2026-09-10T08:45:00-03:00,3.27,3.27,0.0
86472600,2026-09-10T09:00:00-03:00,3.28,3.28,0.0
86472600,2026-09-10T09:15:00-03:00,3.29,3.29,0.0
86472600,2026-09-10T09:30:00-03:00,3.3,3.3,0.0
86472600,2026-09-10T09:45:00-03:00,3.31,3.31,0.0
86472600,2026-09-10T10:00:00-03:00,3.32,3.32,0.0
86472600,2026-09-10T10:15:00-03:00,3.33,3.33,0.0
86472600,2026-09-10T10:30:00-03:00,3.33,3.33,0.0
86472600,2026-09-10T10:45:00-03:00,3.34,3.34,0.0
86472600,2026-09-10T11:00:00-03:00,3.35,3.35,0.0
86472600,2026-09-10T11:15:00-03:00,3.35,3.35,0.0
86472600,2026-09-10T11:30:00-03:00,3.35,3.35,0.0
86472600,2026-09-10T11:45:00-03:00,3.36,3.36,0.0
86472600,2026-09-10T12:00:00-03:00,3.36,3.36,0.0
86472600,2026-09-10T12:15:00-03:00,3.36,3.36,0.0
86472600,2026-09-10T12:30:00-03:00,3.36,3.36,0.0
86472600,2026-09-10T12:45:00-03:00,3.36,3.36,0.0
86472600,2026-09-10T13:00:00-03:00,3.36,3.36,0.0
86472600,2026-09-10T13:15:00-03:00,3.36,3.36,0.0
86472600,2026-09-10T13:30:00-03:00,3.35,3.35,0.0
86472600,2026-09-10T13:45:00-03:00,3.33,3.33,0.0
86472600,2026-09-10T14:00:00-03:00,3.3,3.3,0.0
86472600,2026-09-10T14:15:00-03:00,3.27,3.27,0.0
86472600,2026-09-10T14:30:00-03:00,3.23,3.23,0.0
86472600,2026-09-10T14:45:00-03:00,3.19,3.19,0.0
86472600,2026-09-10T15:00:00-03:00,3.15,3.15,0.0
86472600,2026-09-10T15:15:00-03:00,3.11,3.11,0.0
86472600,2026-09-10T15:30:00-03:00,3.07,3.07,0.0
86472600,2026-09-10T15:45:00-03:00,3.03,3.03,0.0
86472600,2026-09-10T16:00:00-03:00,3.0,3.0,0.0
86472600,2026-09-10T16:15:00-03:00,2.97,2.97,0.0
86472600,2026-09-10T16:30:00-03:00,2.95,2.95,0.0
86472600,2026-09-10T16:45:00-03:00,2.93,2.93,0.0
86472600,2026-09-10T17:00:00-03:00,2.93,2.93,0.0
86472600,2026-09-10T17:15:00-03:00,2.93,2.93,0.0
86472600,2026-09-10T17:30:00-03:00,2.95,2.95,0.0
86472600,2026-09-10T17:45:00-03:00,2.98,2.98,0.0
86472600,2026-09-10T18:00:00-03:00,3.01,3.01,0.0
86472600,2026-09-10T18:15:00-03:00,3.06,3.06,0.0
86472600,2026-09-10T18:30:00-03:00,3.1,3.1,0.0
86472600,2026-09-10T18:45:00-03:00,3.15,3.15,0.0
86472600,2026-09-10T19:00:00-03:00,3.18,3.18,0.0
86472600,2026-09-10T19:15:00-03:00,3.21,3.21,0.0
86472600,2026-09-10T19:30:00-03:00,3.24,3.24,0.0
86472600,2026-09-10T19:45:00-03:00,3.26,3.26,0.0
86472600,2026-09-10T20:00:00-03:00,3.27,3.27,0.0
86472600,2026-09-10T20:15:00-03:00,3.28,3.28,0.0
86472600,2026-09-10T20:30:00-03:00,3.29,3.29,0.0
86472600,2026-09-10T20:45:00-03:00,3.29,3.29,0.0
86472600,2026-09-10T21:00:00-03:00,3.29,3.29,0.0
86472600,2026-09-10T21:15:00-03:00,3.28,3.28,0.0
86472600,2026-09-10T21:30:00-03:00,3.28,3.28,0.0
86472600,2026-09-10T21:45:00-03:00,3.27,3.27,0.0
86472600,2026-09-10T22:00:00-03:00,3.27,3.27,0.0
86472600,2026-09-10T22:15:00-03:00,3.26,3.26,0.0
86472600,2026-09-10T22:30:00-03:00,3.25,3.25,0.0
86472600,2026-09-10T22:45:00-03:00,3.25,3.25,0.0
86472600,2026-09-11T00:00:00-03:00,3.23,3.23,0.0
86472600,2026-09-11T00:15:00-03:00,3.22,3.22,0.0
86472600,2026-09-11T00:30:00-03:00,3.21,3.21,0.0
86472600,2026-09-11T00:45:00-03:00,3.2,3.2,0.0
86472600,2026-09-11T01:00:00-03:00,3.19,3.19,0.0
86472600,2026-09-11T01:15:00-03:00,3.17,3.17,0.0
86472600,2026-09-11T01:30:00-03:00,3.15,3.15,0.0
86472600,2026-09-11T01:45:00-03:00,3.13,3.13,0.0
86472600,2026-09-11T02:00:00-03:00,3.11,3.11,0.0
86472600,2026-09-11T02:15:00-03:00,3.09,3.09,0.0
86472600,2026-09-11T02:30:00-03:00,3.06,3.06,0.0
86472600,2026-09-11T02:45:00-03:00,3.04,3.04,0.0
86472600,2026-09-11T03:00:00-03:00,3.02,3.02,0.0
86472600,2026-09-11T03:15:00-03:00,2.99,2.99,0.0
86472600,2026-09-11T03:30:00-03:00,2.97,2.97,0.0
86472600,2026-09-11T03:45:00-03:00,2.94,2.94,0.0
86472600,2026-09-11T04:00:00-03:00,2.9,2.9,0.0
86472600,2026-09-11T04:15:00-03:00,2.87,2.87,0.0
86472600,2026-09-11T04:30:00-03:00,2.83,2.83,0.0
86472600,2026-09-11T04:45:00-03:00,2.79,2.79,0.0
86472600,2026-09-11T05:00:00-03:00,2.75,2.75,0.0
86472600,2026-09-11T05:15:00-03:00,2.71,2.71,0.0
86472600,2026-09-11T05:30:00-03:00,2.67,2.67,0.0
86472600,2026-09-11T05:45:00-03:00,2.63,2.63,0.0
86472600,2026-09-11T06:00:00-03:00,2.6,2.6,0.0
86472600,2026-09-11T06:15:00-03:00,2.57,2.57,0.0
86472600,2026-09-11T06:30:00-03:00,2.55,2.55,0.0
86472600,2026-09-11T06:45:00-03:00,2.52,2.52,0.0
86472600,2026-09-11T07:00:00-03:00,2.51,2.51,0.0
86472600,2026-09-11T07:15:00-03:00,2.5,2.5,0.0
86472600,2026-09-11T07:30:00-03:00,2.49,2.49,0.0
86472600,2026-09-11T07:45:00-03:00,2.49,2.49,0.0
86472600,2026-09-11T08:00:00-03:00,2.5,2.5,0.0
86472600,2026-09-11T08:15:00-03:00,2.52,2.52,0.0
86472600,2026-09-11T08:30:00-03:00,2.56,2.56,0.0
86472600,2026-09-11T08:45:00-03:00,2.59,2.59,0.0
86472600,2026-09-11T09:00:00-03:00,2.62,2.62,0.0
86472600,2026-09-11T09:15:00-03:00,2.65,2.65,0.0
86472600,2026-09-11T09:30:00-03:00,2.67,2.67,0.0
86472600,2026-09-11T09:45:00-03:00,2.68,2.68,0.0
86472600,2026-09-11T10:00:00-03:00,2.68,2.68,0.0
86472600,2026-09-11T10:15:00-03:00,2.66,2.66,0.0
86472600,2026-09-11T10:30:00-03:00,2.64,2.64,0.0
86472600,2026-09-11T10:45:00-03:00,2.61,2.61,0.0
86472600,2026-09-11T11:00:00-03:00,2.58,2.58,0.0
86472600,2026-09-11T11:15:00-03:00,2.55,2.55,0.0
86472600,2026-09-11T11:30:00-03:00,2.51,2.51,0.0
86472600,2026-09-11T11:45:00-03:00,2.48,2.48,0.0
86472600,2026-09-11T12:00:00-03:00,2.46,2.46,0.0
86472600,2026-09-11T12:15:00-03:00,2.44,2.44,0.0
86472600,2026-09-11T12:30:00-03:00,2.45,2.45,0.0
86472600,2026-09-11T12:45:00-03:00,2.45,2.45,0.0
86472600,2026-09-11T13:00:00-03:00,2.44,2.44,0.0
86472600,2026-09-11T13:15:00-03:00,2.43,2.43,0.0
86472600,2026-09-11T13:30:00-03:00,2.42,2.42,0.0
86472600,2026-09-11T13:45:00-03:00,2.4,2.4,0.0
86472600,2026-09-11T14:00:00-03:00,2.41,2.41,0.0
86472600,2026-09-11T14:15:00-03:00,2.43,2.43,0.0
86472600,2026-09-11T14:30:00-03:00,2.43,2.43,0.0
86472600,2026-09-11T14:45:00-03:00,2.43,2.43,0.0
86472600,2026-09-11T15:00:00-03:00,2.42,2.42,0.0
86472600,2026-09-11T15:15:00-03:00,2.42,2.42,0.0
86472600,2026-09-11T15:30:00-03:00,2.42,2.42,0.0
86472600,2026-09-11T15:45:00-03:00,2.43,2.43,0.0
86472600,2026-09-11T16:00:00-03:00,2.43,2.43,0.0
86472600,2026-09-11T16:15:00-03:00,2.44,2.44,0.0
86472600,2026-09-11T16:30:00-03:00,2.46,2.46,0.0
86472600,2026-09-11T16:45:00-03:00,2.47,2.47,0.0
86472600,2026-09-11T17:00:00-03:00,2.49,2.49,0.0
86472600,2026-09-11T17:15:00-03:00,2.52,2.52,0.0
86472600,2026-09-11T17:30:00-03:00,2.55,2.55,0.0
86472600,2026-09-11T17:45:00-03:00,2.59,2.59,0.0
86472600,2026-09-11T18:00:00-03:00,2.65,2.65,0.0
86472600,2026-09-11T18:15:00-03:00,2.75,2.75,0.0
86472600,2026-09-11T18:30:00-03:00,2.87,2.87,0.0
86472600,2026-09-11T18:45:00-03:00,3.04,3.04,0.0
86472600,2026-09-11T19:00:00-03:00,3.23,3.23,0.0
86472600,2026-09-11T19:15:00-03:00,3.43,3.43,0.0
86472600,2026-09-11T19:30:00-03:00,3.61,3.61,0.0
86472600,2026-09-11T19:45:00-03:00,3.77,3.77,0.0
86472600,2026-09-11T20:00:00-03:00,3.9,3.9,0.0
86472600,2026-09-11T20:15:00-03:00,4.0,4.0,0.0
86472600,2026-09-11T20:30:00-03:00,4.07,4.07,0.0
86472600,2026-09-11T20:45:00-03:00,4.13,4.13,0.0
86472600,2026-09-11T21:00:00-03:00,4.17,4.17,0.0
86472600,2026-09-11T21:15:00-03:00,4.2,4.2,0.0
86472600,2026-09-11T21:30:00-03:00,4.22,4.22,0.0
86472600,2026-09-11T21:45:00-03:00,4.24,4.24,0.0
86472600,2026-09-11T22:00:00-03:00,4.25,4.25,0.0
86472600,2026-09-11T22:15:00-03:00,4.26,4.26,0.0
86472600,2026-09-11T22:30:00-03:00,4.27,4.27,0.0
86472600,2026-09-11T22:45:00-03:00,4.27,4.27,0.0
86472600,2026-09-12T00:00:00-03:00,4.39,4.39,0.0
86472600,2026-09-12T00:15:00-03:00,4.45,4.45,0.0
86472600,2026-09-12T00:30:00-03:00,4.5,4.5,0.0
86472600,2026-09-12T00:45:00-03:00,4.55,4.55,0.0
86472600,2026-09-12T01:00:00-03:00,4.6,4.6,0.0
86472600,2026-09-12T01:15:00-03:00,4.65,4.65,0.0
86472600,2026-09-12T01:30:00-03:00,4.69,4.69,0.0
86472600,2026-09-12T01:45:00-03:00,4.73,4.73,0.0
86472600,2026-09-12T02:00:00-03:00,4.77,4.77,0.0
86472600,2026-09-12T02:15:00-03:00,4.81,4.81,0.0
86472600,2026-09-12T02:30:00-03:00,4.85,4.85,0.0
86472600,2026-09-12T02:45:00-03:00,4.9,4.9,0.0
86472600,2026-09-12T03:00:00-03:00,4.95,4.95,0.0
86472600,2026-09-12T03:15:00-03:00,5.0,5.0,0.0
86472600,2026-09-12T03:30:00-03:00,5.06,5.06,0.0
86472600,2026-09-12T03:45:00-03:00,5.12,5.12,0.0
86472600,2026-09-12T04:00:00-03:00,5.18,5.18,0.0
86472600,2026-09-12T04:15:00-03:00,5.23,5.23,0.0
86472600,2026-09-12T04:30:00-03:00,5.29,5.29,0.0
86472600,2026-09-12T04:45:00-03:00,5.34,5.34,0.0
86472600,2026-09-12T05:00:00-03:00,5.38,5.38,0.0
86472600,2026-09-12T05:15:00-03:00,5.42,5.42,0.0
86472600,2026-09-12T05:30:00-03:00,5.47,5.47,0.0
86472600,2026-09-12T05:45:00-03:00,5.51,5.51,0.0
86472600,2026-09-12T06:00:00-03:00,5.56,5.56,0.0
86472600,2026-09-12T06:15:00-03:00,5.6,5.6,0.0
86472600,2026-09-12T06:30:00-03:00,5.64,5.64,0.0
86472600,2026-09-12T06:45:00-03:00,5.68,5.68,0.0
86472600,2026-09-12T07:00:00-03:00,5.72,5.72,0.0
86472600,2026-09-12T07:15:00-03:00,5.77,5.77,0.0
86472600,2026-09-12T07:30:00-03:00,5.82,5.82,0.0
86472600,2026-09-12T07:45:00-03:00,5.85,5.85,0.0
86472600,2026-09-12T08:00:00-03:00,5.88,5.88,0.0
86472600,2026-09-12T08:15:00-03:00,5.88,5.88,0.0
86472600,2026-09-12T08:30:00-03:00,5.89,5.89,0.0
86472600,2026-09-12T08:45:00-03:00,5.91,5.91,0.0
86472600,2026-09-12T09:00:00-03:00,5.93,5.93,0.0
86472600,2026-09-12T09:15:00-03:00,5.97,5.97,0.0
86472600,2026-09-12T09:30:00-03:00,6.01,6.01,0.0
86472600,2026-09-12T09:45:00-03:00,6.06,6.06,0.0
86472600,2026-09-12T10:00:00-03:00,6.1,6.1,0.0
86472600,2026-09-12T10:15:00-03:00,6.15,6.15,0.0
86472600,2026-09-12T10:30:00-03:00,6.2,6.2,0.0
86472600,2026-09-12T10:45:00-03:00,6.22,6.22,0.0
86472600,2026-09-12T11:00:00-03:00,6.25,6.25,0.0
86472600,2026-09-12T11:15:00-03:00,6.28,6.28,0.0
86472600,2026-09-12T11:30:00-03:00,6.3,6.3,0.0
86472600,2026-09-12T11:45:00-03:00,6.31,6.31,0.0
86472600,2026-09-12T12:00:00-03:00,6.33,6.33,0.0
86472600,2026-09-12T12:15:00-03:00,6.33,6.33,0.0
86472600,2026-09-12T12:30:00-03:00,6.34,6.34,0.0
86472600,2026-09-12T12:45:00-03:00,6.35,6.35,0.0
86472600,2026-09-12T13:00:00-03:00,6.36,6.36,0.0
86472600,2026-09-12T13:15:00-03:00,6.37,6.37,0.0
86472600,2026-09-12T13:30:00-03:00,6.38,6.38,0.0
86472600,2026-09-12T13:45:00-03:00,6.4,6.4,0.0
86472600,2026-09-12T14:00:00-03:00,6.42,6.42,0.0
86472600,2026-09-12T14:15:00-03:00,6.45,6.45,0.0
86472600,2026-09-12T14:30:00-03:00,6.46,6.46,0.0
86472600,2026-09-12T14:45:00-03:00,6.48,6.48,0.0
86472600,2026-09-12T15:00:00-03:00,6.48,6.48,0.0
86472600,2026-09-12T15:15:00-03:00,6.48,6.48,0.0
86472600,2026-09-12T15:30:00-03:00,6.48,6.48,0.0
86472600,2026-09-12T15:45:00-03:00,6.47,6.47,0.0
86472600,2026-09-12T16:00:00-03:00,6.45,6.45,0.0
86472600,2026-09-12T16:15:00-03:00,6.44,6.44,0.0
86472600,2026-09-12T16:30:00-03:00,6.43,6.43,0.0
86472600,2026-09-12T16:45:00-03:00,6.41,6.41,0.0
86472600,2026-09-12T17:00:00-03:00,6.39,6.39,0.0
86472600,2026-09-12T17:15:00-03:00,6.4,6.4,0.0
86472600,2026-09-12T17:30:00-03:00,6.42,6.42,0.0
86472600,2026-09-12T17:45:00-03:00,6.46,6.46,0.0
86472600,2026-09-12T18:00:00-03:00,6.5,6.5,0.0
86472600,2026-09-12T18:15:00-03:00,6.53,6.53,0.0
86472600,2026-09-12T18:30:00-03:00,6.57,6.57,0.0
86472600,2026-09-12T18:45:00-03:00,6.59,6.59,0.0
86472600,2026-09-12T19:00:00-03:00,6.6,6.6,0.0
86472600,2026-09-12T19:15:00-03:00,6.6,6.6,0.0
86472600,2026-09-12T19:30:00-03:00,6.6,6.6,0.0
86472600,2026-09-12T19:45:00-03:00,6.58,6.58,0.0
86472600,2026-09-12T20:00:00-03:00,6.57,6.57,0.0
86472600,2026-09-12T20:15:00-03:00,6.55,6.55,0.0
86472600,2026-09-12T20:30:00-03:00,6.54,6.54,0.0
86472600,2026-09-12T20:45:00-03:00,6.52,6.52,0.0
86472600,2026-09-12T21:00:00-03:00,6.51,6.51,0.0
86472600,2026-09-12T21:15:00-03:00,6.5,6.5,0.0
86472600,2026-09-12T21:30:00-03:00,6.49,6.49,0.0
86472600,2026-09-12T21:45:00-03:00,6.47,6.47,0.0
86472600,2026-09-12T22:00:00-03:00,6.46,6.46,0.0
86472600,2026-09-12T22:15:00-03:00,6.46,6.46,0.0
86472600,2026-09-12T22:30:00-03:00,6.45,6.45,0.0
86472600,2026-09-12T22:45:00-03:00,6.46,6.46,0.0
86472600,2026-09-13T00:00:00-03:00,6.45,6.45,0.0
86472600,2026-09-13T00:15:00-03:00,6.44,6.44,0.0
86472600,2026-09-13T00:30:00-03:00,6.43,6.43,0.0
86472600,2026-09-13T00:45:00-03:00,6.43,6.43,0.0
86472600,2026-09-13T01:00:00-03:00,6.43,6.43,0.0
86472600,2026-09-13T01:15:00-03:00,6.43,6.43,0.0
86472600,2026-09-13T01:30:00-03:00,6.42,6.42,0.0
86472600,2026-09-13T01:45:00-03:00,6.42,6.42,0.0
86472600,2026-09-13T02:00:00-03:00,6.41,6.41,0.0
86472600,2026-09-13T02:15:00-03:00,6.41,6.41,0.0
86472600,2026-09-13T02:30:00-03:00,6.4,6.4,0.0
86472600,2026-09-13T02:45:00-03:00,6.39,6.39,0.0
86472600,2026-09-13T03:00:00-03:00,6.39,6.39,0.0
86472600,2026-09-13T03:15:00-03:00,6.38,6.38,0.0
86472600,2026-09-13T03:30:00-03:00,6.37,6.37,0.0
86472600,2026-09-13T03:45:00-03:00,6.36,6.36,0.0
86472600,2026-09-13T04:00:00-03:00,6.35,6.35,0.0
86472600,2026-09-13T04:15:00-03:00,6.35,6.35,0.0
86472600,2026-09-13T04:30:00-03:00,6.34,6.34,0.0
86472600,2026-09-13T04:45:00-03:00,6.33,6.33,0.0
86472600,2026-09-13T05:00:00-03:00,6.32,6.32,0.0
86472600,2026-09-13T05:15:00-03:00,6.31,6.31,0.0
86472600,2026-09-13T05:30:00-03:00,6.29,6.29,0.0
86472600,2026-09-13T05:45:00-03:00,6.27,6.27,0.0
86472600,2026-09-13T06:00:00-03:00,6.25,6.25,0.0
86472600,2026-09-13T06:15:00-03:00,6.23,6.23,0.0
86472600,2026-09-13T06:30:00-03:00,6.21,6.21,0.0
86472600,2026-09-13T06:45:00-03:00,6.18,6.18,0.0
86472600,2026-09-13T07:00:00-03:00,6.16,6.16,0.0
86472600,2026-09-13T07:15:00-03:00,6.14,6.14,0.0
86472600,2026-09-13T07:30:00-03:00,6.12,6.12,0.0
86472600,2026-09-13T07:45:00-03:00,6.11,6.11,0.0
86472600,2026-09-13T08:00:00-03:00,6.09,6.09,0.0
86472600,2026-09-13T08:15:00-03:00,6.07,6.07,0.0
86472600,2026-09-13T08:30:00-03:00,6.04,6.04,0.0
86472600,2026-09-13T08:45:00-03:00,6.0,6.0,0.0
86472600,2026-09-13T09:00:00-03:00,5.95,5.95,0.0
86472600,2026-09-13T09:15:00-03:00,5.88,5.88,0.0
86472600,2026-09-13T09:30:00-03:00,5.81,5.81,0.0
86472600,2026-09-13T09:45:00-03:00,5.74,5.74,0.0
86472600,2026-09-13T10:00:00-03:00,5.68,5.68,0.0
86472600,2026-09-13T10:15:00-03:00,5.61,5.61,0.0
86472600,2026-09-13T10:30:00-03:00,5.57,5.57,0.0
86472600,2026-09-13T10:45:00-03:00,5.53,5.53,0.0
86472600,2026-09-13T11:00:00-03:00,5.5,5.5,0.0
86472600,2026-09-13T11:15:00-03:00,5.49,5.49,0.0
86472600,2026-09-13T11:30:00-03:00,5.48,5.48,0.0
86472600,2026-09-13T11:45:00-03:00,5.48,5.48,0.0
86472600,2026-09-13T12:00:00-03:00,5.49,5.49,0.0
86472600,2026-09-13T12:15:00-03:00,5.49,5.49,0.0
86472600,2026-09-13T12:30:00-03:00,5.5,5.5,0.0
86472600,2026-09-13T12:45:00-03:00,5.51,5.51,0.0
86472600,2026-09-13T13:00:00-03:00,5.52,5.52,0.0
86472600,2026-09-13T13:15:00-03:00,5.53,5.53,0.0
86472600,2026-09-13T13:30:00-03:00,5.54,5.54,0.0
86472600,2026-09-13T13:45:00-03:00,5.54,5.54,0.0
86472600,2026-09-13T14:00:00-03:00,5.55,5.55,0.0
86472600,2026-09-13T14:15:00-03:00,5.55,5.55,0.0
86472600,2026-09-13T14:30:00-03:00,5.55,5.55,0.0
86472600,2026-09-13T14:45:00-03:00,5.54,5.54,0.0
86472600,2026-09-13T15:00:00-03:00,5.54,5.54,0.0
86472600,2026-09-13T15:15:00-03:00,5.53,5.53,0.0
86472600,2026-09-13T15:30:00-03:00,5.53,5.53,0.0
86472600,2026-09-13T15:45:00-03:00,5.52,5.52,0.0
86472600,2026-09-13T16:00:00-03:00,5.51,5.51,0.0
86472600,2026-09-13T16:15:00-03:00,5.5,5.5,0.0
86472600,2026-09-13T16:30:00-03:00,5.49,5.49,0.0
86472600,2026-09-13T16:45:00-03:00,5.48,5.48,0.0
86472600,2026-09-13T17:00:00-03:00,5.46,5.46,0.0
86472600,2026-09-13T17:15:00-03:00,5.45,5.45,0.0
86472600,2026-09-13T17:30:00-03:00,5.43,5.43,0.0
86472600,2026-09-13T17:45:00-03:00,5.41,5.41,0.0
86472600,2026-09-13T18:00:00-03:00,5.4,5.4,0.0
86472600,2026-09-13T18:15:00-03:00,5.38,5.38,0.0
86472600,2026-09-13T18:30:00-03:00,5.36,5.36,0.0
86472600,2026-09-13T18:45:00-03:00,5.35,5.35,0.0
86472600,2026-09-13T19:00:00-03:00,5.32,5.32,0.0
86472600,2026-09-13T19:15:00-03:00,5.3,5.3,0.0
86472600,2026-09-13T19:30:00-03:00,5.29,5.29,0.0
86472600,2026-09-13T19:45:00-03:00,5.28,5.28,0.0
86472600,2026-09-13T20:00:00-03:00,5.26,5.26,0.0
86472600,2026-09-13T20:15:00-03:00,5.25,5.25,0.0
86472600,2026-09-13T20:30:00-03:00,5.23,5.23,0.0
86472600,2026-09-13T20:45:00-03:00,5.22,5.22,0.0
86472600,2026-09-13T21:00:00-03:00,5.21,5.21,0.0
86472600,2026-09-13T21:15:00-03:00,5.2,5.2,0.0
86472600,2026-09-13T21:30:00-03:00,5.19,5.19,0.0
86472600,2026-09-13T21:45:00-03:00,5.17,5.17,0.0
86472600,2026-09-13T22:00:00-03:00,5.17,5.17,0.0
86472600,2026-09-13T22:15:00-03:00,5.15,5.15,0.0
86472600,2026-09-13T22:30:00-03:00,5.14,5.14,0.0
86472600,2026-09-13T22:45:00-03:00,5.13,5.13,0.0
86472600,2026-09-13T23:00:00-03:00,5.12,5.12,0.0
86472600,2026-09-14T00:00:00-03:00,5.08,5.08,0.0
86472600,2026-09-14T00:15:00-03:00,5.07,5.07,0.0
86472600,2026-09-14T00:30:00-03:00,5.05,5.05,0.0
86472600,2026-09-14T00:45:00-03:00,5.04,5.04,0.0
86472600,2026-09-14T01:00:00-03:00,5.03,5.03,0.0
86472600,2026-09-14T01:15:00-03:00,5.01,5.01,0.0
86472600,2026-09-14T01:30:00-03:00,4.99,4.99,0.0
86472600,2026-09-14T01:45:00-03:00,4.98,4.98,0.0
86472600,2026-09-14T02:00:00-03:00,4.97,4.97,0.0
86472600,2026-09-14T02:15:00-03:00,4.95,4.95,0.0
86472600,2026-09-14T02:30:00-03:00,4.94,4.94,0.0
86472600,2026-09-14T02:45:00-03:00,4.92,4.92,0.0
86472600,2026-09-14T03:00:00-03:00,4.91,4.91,0.0
86472600,2026-09-14T03:15:00-03:00,4.9,4.9,0.0
86472600,2026-09-14T03:30:00-03:00,4.89,4.89,0.0
86472600,2026-09-14T03:45:00-03:00,4.88,4.88,0.0
86472600,2026-09-14T04:00:00-03:00,4.87,4.87,0.0
86472600,2026-09-14T04:15:00-03:00,4.86,4.86,0.0
86472600,2026-09-14T04:30:00-03:00,4.85,4.85,0.0
86472600,2026-09-14T04:45:00-03:00,4.84,4.84,0.0
86472600,2026-09-14T05:00:00-03:00,4.83,4.83,0.0
86472600,2026-09-14T05:15:00-03:00,4.82,4.82,0.0
86472600,2026-09-14T05:30:00-03:00,4.82,4.82,0.0
86472600,2026-09-14T05:45:00-03:00,4.81,4.81,0.0
86472600,2026-09-14T06:00:00-03:00,4.8,4.8,0.0
86472600,2026-09-14T06:15:00-03:00,4.79,4.79,0.0
86472600,2026-09-14T06:30:00-03:00,4.78,4.78,0.0
86472600,2026-09-14T06:45:00-03:00,4.78,4.78,0.0
86472600,2026-09-14T07:00:00-03:00,4.77,4.77,0.0
86472600,2026-09-14T07:15:00-03:00,4.76,4.76,0.0
86472600,2026-09-14T07:30:00-03:00,4.75,4.75,0.0
86472600,2026-09-14T07:45:00-03:00,4.74,4.74,0.0
86472600,2026-09-14T08:00:00-03:00,4.73,4.73,0.0
86472600,2026-09-14T08:15:00-03:00,4.72,4.72,0.0
86472600,2026-09-14T08:30:00-03:00,4.72,4.72,0.0
86472600,2026-09-14T08:45:00-03:00,4.71,4.71,0.0
86472600,2026-09-14T09:00:00-03:00,4.7,4.7,0.0
86472600,2026-09-14T09:15:00-03:00,4.69,4.69,0.0
86472600,2026-09-14T09:30:00-03:00,4.68,4.68,0.0
86472600,2026-09-14T09:45:00-03:00,4.67,4.67,0.0
86472600,2026-09-14T10:00:00-03:00,4.66,4.66,0.0
86472600,2026-09-14T10:15:00-03:00,4.65,4.65,0.0
86472600,2026-09-14T10:30:00-03:00,4.64,4.64,0.0
86472600,2026-09-14T10:45:00-03:00,4.63,4.63,0.0
86472600,2026-09-14T11:00:00-03:00,4.62,4.62,0.0
86472600,2026-09-14T11:15:00-03:00,4.61,4.61,0.0
86472600,2026-09-14T11:30:00-03:00,4.59,4.59,0.0
86472600,2026-09-14T11:45:00-03:00,4.58,4.58,0.0
86472600,2026-09-14T12:00:00-03:00,4.56,4.56,0.0
86472600,2026-09-14T12:15:00-03:00,4.54,4.54,0.0
86472600,2026-09-14T12:30:00-03:00,4.52,4.52,0.0
86472600,2026-09-14T12:45:00-03:00,4.51,4.51,0.0
86472600,2026-09-14T13:00:00-03:00,4.49,4.49,0.0
86472600,2026-09-14T13:15:00-03:00,4.48,4.48,0.0
86472600,2026-09-14T13:30:00-03:00,4.47,4.47,0.0
86472600,2026-09-14T13:45:00-03:00,4.45,4.45,0.0
86472600,2026-09-14T14:00:00-03:00,4.44,4.44,0.0
86472600,2026-09-14T14:15:00-03:00,4.43,4.43,0.0
86472600,2026-09-14T14:30:00-03:00,4.42,4.42,0.0
86472600,2026-09-14T14:45:00-03:00,4.41,4.41,0.0
86472600,2026-09-14T15:00:00-03:00,4.41,4.41,0.0
86472600,2026-09-14T15:15:00-03:00,4.4,4.4,0.0
86472600,2026-09-14T15:30:00-03:00,4.4,4.4,0.0
86472600,2026-09-14T15:45:00-03:00,4.4,4.4,0.0
86472600,2026-09-14T16:00:00-03:00,4.39,4.39,0.0
86472600,2026-09-14T16:15:00-03:00,4.39,4.39,0.0
86472600,2026-09-14T16:30:00-03:00,4.38,4.38,0.0
86472600,2026-09-14T16:45:00-03:00,4.38,4.38,0.0
86472600,2026-09-14T17:00:00-03:00,4.38,4.38,0.0
86472600,2026-09-14T17:15:00-03:00,4.37,4.37,0.0
86472600,2026-09-14T17:30:00-03:00,4.37,4.37,0.0
86472600,2026-09-14T17:45:00-03:00,4.37,4.37,0.0
86472600,2026-09-14T18:00:00-03:00,4.37,4.37,0.0
86472600,2026-09-14T18:15:00-03:00,4.38,4.38,0.0
86472600,2026-09-14T18:30:00-03:00,4.38,4.38,0.0
86472600,2026-09-14T18:45:00-03:00,4.39,4.39,0.0
86472600,2026-09-14T19:00:00-03:00,4.41,4.41,0.0
86472600,2026-09-14T19:15:00-03:00,4.42,4.42,0.0
86472600,2026-09-14T19:30:00-03:00,4.44,4.44,0.0
86472600,2026-09-14T19:45:00-03:00,4.45,4.45,0.0
86472600,2026-09-14T20:00:00-03:00,4.46,4.46,0.0
86472600,2026-09-14T20:15:00-03:00,4.47,4.47,0.0
86472600,2026-09-14T20:30:00-03:00,4.48,4.48,0.0
86472600,2026-09-14T20:45:00-03:00,4.48,4.48,0.0
86472600,2026-09-14T21:00:00-03:00,4.48,4.48,0.0
86472600,2026-09-14T21:15:00-03:00,4.48,4.48,0.0
86472600,2026-09-14T21:30:00-03:00,4.48,4.48,0.0
86472600,2026-09-14T21:45:00-03:00,4.47,4.47,0.0
86472600,2026-09-14T22:00:00-03:00,4.46,4.46,0.0
86472600,2026-09-14T22:15:00-03:00,4.45,4.45,0.0
86472600,2026-09-14T22:30:00-03:00,4.44,4.44,0.0
86472600,2026-09-14T22:45:00-03:00,4.43,4.43,0.0
86472600,2026-09-15T00:00:00-03:00,4.36,4.36,0.0
86472600,2026-09-15T00:15:00-03:00,4.34,4.34,0.0
86472600,2026-09-15T00:30:00-03:00,4.33,4.33,0.0
86472600,2026-09-15T00:45:00-03:00,4.32,4.32,0.0
86472600,2026-09-15T01:00:00-03:00,4.3,4.3,0.0
86472600,2026-09-15T01:15:00-03:00,4.29,4.29,0.0
86472600,2026-09-15T01:30:00-03:00,4.28,4.28,0.0
86472600,2026-09-15T01:45:00-03:00,4.26,4.26,0.0
86472600,2026-09-15T02:00:00-03:00,4.25,4.25,0.0
86472600,2026-09-15T02:15:00-03:00,4.24,4.24,0.0
86472600,2026-09-15T02:30:00-03:00,4.23,4.23,0.0
86472600,2026-09-15T02:45:00-03:00,4.22,4.22,0.0
86472600,2026-09-15T03:00:00-03:00,4.21,4.21,0.0
86472600,2026-09-15T03:15:00-03:00,4.2,4.2,0.0
86472600,2026-09-15T03:30:00-03:00,4.19,4.19,0.0
86472600,2026-09-15T03:45:00-03:00,4.18,4.18,0.0
86472600,2026-09-15T04:00:00-03:00,4.17,4.17,0.0
86472600,2026-09-15T04:15:00-03:00,4.16,4.16,0.0
86472600,2026-09-15T04:30:00-03:00,4.14,4.14,0.0
86472600,2026-09-15T04:45:00-03:00,4.12,4.12,0.0
86472600,2026-09-15T05:00:00-03:00,4.08,4.08,0.0
86472600,2026-09-15T05:15:00-03:00,4.04,4.04,0.0
86472600,2026-09-15T05:30:00-03:00,4.0,4.0,0.0
86472600,2026-09-15T05:45:00-03:00,3.95,3.95,0.0
86472600,2026-09-15T06:00:00-03:00,3.9,3.9,0.0
86472600,2026-09-15T06:15:00-03:00,3.86,3.86,0.0
86472600,2026-09-15T06:30:00-03:00,3.82,3.82,0.0
86472600,2026-09-15T06:45:00-03:00,3.79,3.79,0.0
86472600,2026-09-15T07:00:00-03:00,3.77,3.77,0.0
86472600,2026-09-15T07:15:00-03:00,3.75,3.75,0.0
86472600,2026-09-15T07:30:00-03:00,3.74,3.74,0.0
86472600,2026-09-15T07:45:00-03:00,3.74,3.74,0.0
86472600,2026-09-15T08:00:00-03:00,3.74,3.74,0.0
86472600,2026-09-15T08:15:00-03:00,3.74,3.74,0.0
86472600,2026-09-15T08:30:00-03:00,3.75,3.75,0.0
86472600,2026-09-15T08:45:00-03:00,3.76,3.76,0.0
86472600,2026-09-15T09:00:00-03:00,3.78,3.78,0.0
86472600,2026-09-15T09:15:00-03:00,3.79,3.79,0.0
86472600,2026-09-15T09:30:00-03:00,3.8,3.8,0.0
86472600,2026-09-15T09:45:00-03:00,3.82,3.82,0.0
86472600,2026-09-15T10:00:00-03:00,3.83,3.83,0.0
86472600,2026-09-15T10:15:00-03:00,3.84,3.84,0.0
86472600,2026-09-15T10:30:00-03:00,3.85,3.85,0.0
86472600,2026-09-15T10:45:00-03:00,3.84,3.84,0.0
86472600,2026-09-15T11:00:00-03:00,3.83,3.83,0.0
86472600,2026-09-15T11:15:00-03:00,3.81,3.81,0.0
86472600,2026-09-15T11:30:00-03:00,3.78,3.78,0.0
86472600,2026-09-15T11:45:00-03:00,3.75,3.75,0.0
86472600,2026-09-15T12:00:00-03:00,3.71,3.71,0.0
86472600,2026-09-15T12:15:00-03:00,3.67,3.67,0.0
86472600,2026-09-15T12:30:00-03:00,3.64,3.64,0.0
86472600,2026-09-15T12:45:00-03:00,3.61,3.61,0.0
86472600,2026-09-15T13:00:00-03:00,3.59,3.59,0.0
86472600,2026-09-15T13:15:00-03:00,3.57,3.57,0.0
86472600,2026-09-15T13:30:00-03:00,3.55,3.55,0.0
86472600,2026-09-15T13:45:00-03:00,3.54,3.54,0.0
86472600,2026-09-15T14:00:00-03:00,3.53,3.53,0.0
86472600,2026-09-15T14:15:00-03:00,3.52,3.52,0.0
86472600,2026-09-15T14:30:00-03:00,3.51,3.51,0.0
86472600,2026-09-15T14:45:00-03:00,3.51,3.51,0.0
86472600,2026-09-15T15:00:00-03:00,3.5,3.5,0.0
86472600,2026-09-15T15:15:00-03:00,3.5,3.5,0.0
86472600,2026-09-15T15:30:00-03:00,3.5,3.5,0.0
86472600,2026-09-15T15:45:00-03:00,3.5,3.5,0.0
86472600,2026-09-15T16:00:00-03:00,3.51,3.51,0.0
86472600,2026-09-15T16:15:00-03:00,3.52,3.52,0.0
86472600,2026-09-15T16:30:00-03:00,3.53,3.53,0.0
86472600,2026-09-15T16:45:00-03:00,3.54,3.54,0.0
86472600,2026-09-15T17:00:00-03:00,3.55,3.55,0.0
86472600,2026-09-15T17:15:00-03:00,3.57,3.57,0.0
86472600,2026-09-15T17:30:00-03:00,3.58,3.58,0.0
86472600,2026-09-15T17:45:00-03:00,3.6,3.6,0.0
86472600,2026-09-15T18:00:00-03:00,3.61,3.61,0.0
86472600,2026-09-15T18:15:00-03:00,3.63,3.63,0.0
86472600,2026-09-15T18:30:00-03:00,3.65,3.65,0.0
86472600,2026-09-15T18:45:00-03:00,3.69,3.69,0.0
86472600,2026-09-15T19:00:00-03:00,3.74,3.74,0.0
86472600,2026-09-15T19:15:00-03:00,3.82,3.82,0.0
86472600,2026-09-15T19:30:00-03:00,3.91,3.91,0.0
86472600,2026-09-15T19:45:00-03:00,4.01,4.01,0.0
86472600,2026-09-15T20:00:00-03:00,4.11,4.11,0.0
86472600,2026-09-15T20:15:00-03:00,4.19,4.19,0.0
86472600,2026-09-15T20:30:00-03:00,4.27,4.27,0.0
86472600,2026-09-15T20:45:00-03:00,4.32,4.32,0.0
86472600,2026-09-15T21:00:00-03:00,4.36,4.36,0.0
86472600,2026-09-15T21:15:00-03:00,4.39,4.39,0.0
86472600,2026-09-15T21:30:00-03:00,4.41,4.41,0.0
86472600,2026-09-15T21:45:00-03:00,4.41,4.41,0.0
86472600,2026-09-15T22:00:00-03:00,4.41,4.41,0.0
86472600,2026-09-15T22:15:00-03:00,4.41,4.41,0.0
86472600,2026-09-15T22:30:00-03:00,4.4,4.4,0.0
86472600,2026-09-15T22:45:00-03:00,4.38,4.38,0.0
86472600,2026-09-16T00:00:00-03:00,4.28,4.28,0.0
86472600,2026-09-16T00:15:00-03:00,4.25,4.25,0.0
86472600,2026-09-16T00:30:00-03:00,4.23,4.23,0.0
86472600,2026-09-16T00:45:00-03:00,4.21,4.21,0.0
86472600,2026-09-16T01:00:00-03:00,4.18,4.18,0.0
86472600,2026-09-16T01:15:00-03:00,4.16,4.16,0.0
86472600,2026-09-16T01:30:00-03:00,4.14,4.14,0.0
86472600,2026-09-16T01:45:00-03:00,4.12,4.12,0.0
86472600,2026-09-16T02:00:00-03:00,4.1,4.1,0.0
86472600,2026-09-16T02:15:00-03:00,4.08,4.08,0.0
86472600,2026-09-16T02:30:00-03:00,4.07,4.07,0.0
86472600,2026-09-16T02:45:00-03:00,4.05,4.05,0.0
86472600,2026-09-16T03:00:00-03:00,4.04,4.04,0.0
86472600,2026-09-16T03:15:00-03:00,4.02,4.02,0.0
86472600,2026-09-16T03:30:00-03:00,4.01,4.01,0.0
86472600,2026-09-16T03:45:00-03:00,3.99,3.99,0.0
86472600,2026-09-16T04:00:00-03:00,3.98,3.98,0.0
86472600,2026-09-16T04:15:00-03:00,3.97,3.97,0.0
86472600,2026-09-16T04:30:00-03:00,3.95,3.95,0.0
86472600,2026-09-16T04:45:00-03:00,3.94,3.94,0.0
86472600,2026-09-16T05:00:00-03:00,3.93,3.93,0.0
86472600,2026-09-16T05:15:00-03:00,3.92,3.92,0.0
86472600,2026-09-16T05:30:00-03:00,3.91,3.91,0.0
86472600,2026-09-16T05:45:00-03:00,3.89,3.89,0.0
86472600,2026-09-16T06:00:00-03:00,3.88,3.88,0.0
86472600,2026-09-16T06:15:00-03:00,3.87,3.87,0.0
86472600,2026-09-16T06:30:00-03:00,3.86,3.86,0.0
86472600,2026-09-16T06:45:00-03:00,3.86,3.86,0.0
86472600,2026-09-16T07:00:00-03:00,3.85,3.85,0.0
86472600,2026-09-16T07:15:00-03:00,3.83,3.83,0.0
86472600,2026-09-16T07:30:00-03:00,3.83,3.83,0.0
86472600,2026-09-16T07:45:00-03:00,3.82,3.82,0.0
86472600,2026-09-16T08:00:00-03:00,3.81,3.81,0.0
86472600,2026-09-16T08:15:00-03:00,3.81,3.81,0.0
86472600,2026-09-16T08:30:00-03:00,3.8,3.8,0.0
86472600,2026-09-16T08:45:00-03:00,3.79,3.79,0.0
86472600,2026-09-16T09:00:00-03:00,3.79,3.79,0.0
86472600,2026-09-16T09:15:00-03:00,3.78,3.78,0.0
86472600,2026-09-16T09:30:00-03:00,3.77,3.77,0.0
86472600,2026-09-16T09:45:00-03:00,3.76,3.76,0.0
86472600,2026-09-16T10:00:00-03:00,3.75,3.75,0.0
86472600,2026-09-16T10:15:00-03:00,3.72,3.72,0.0
86472600,2026-09-16T10:30:00-03:00,3.67,3.67,0.0
86472600,2026-09-16T10:45:00-03:00,3.62,3.62,0.0
86472600,2026-09-16T11:00:00-03:00,3.55,3.55,0.0
86472600,2026-09-16T11:15:00-03:00,3.47,3.47,0.0
86472600,2026-09-16T11:30:00-03:00,3.39,3.39,0.0
86472600,2026-09-16T11:45:00-03:00,3.31,3.31,0.0
86472600,2026-09-16T12:00:00-03:00,3.23,3.23,0.0
86472600,2026-09-16T12:15:00-03:00,3.16,3.16,0.0
86472600,2026-09-16T12:30:00-03:00,3.09,3.09,0.0
86472600,2026-09-16T12:45:00-03:00,3.02,3.02,0.0
86472600,2026-09-16T13:00:00-03:00,2.97,2.97,0.0
86472600,2026-09-16T13:15:00-03:00,2.91,2.91,0.0
86472600,2026-09-16T13:30:00-03:00,2.87,2.87,0.0
86472600,2026-09-16T13:45:00-03:00,2.84,2.84,0.0
86472600,2026-09-16T14:00:00-03:00,2.81,2.81,0.0
86472600,2026-09-16T14:15:00-03:00,2.79,2.79,0.0
86472600,2026-09-16T14:30:00-03:00,2.78,2.78,0.0
86472600,2026-09-16T14:45:00-03:00,2.77,2.77,0.0
86472600,2026-09-16T15:00:00-03:00,2.77,2.77,0.0
86472600,2026-09-16T15:15:00-03:00,2.77,2.77,0.0
86472600,2026-09-16T15:30:00-03:00,2.78,2.78,0.0
86472600,2026-09-16T15:45:00-03:00,2.8,2.8,0.0
86472600,2026-09-16T16:00:00-03:00,2.82,2.82,0.0
86472600,2026-09-16T16:15:00-03:00,2.84,2.84,0.0
86472600,2026-09-16T16:30:00-03:00,2.87,2.87,0.0
86472600,2026-09-16T16:45:00-03:00,2.9,2.9,0.0
86472600,2026-09-16T17:00:00-03:00,2.93,2.93,0.0
86472600,2026-09-16T17:15:00-03:00,2.96,2.96,0.0
86472600,2026-09-16T17:30:00-03:00,3.0,3.0,0.0
86472600,2026-09-16T17:45:00-03:00,3.03,3.03,0.0
86472600,2026-09-16T18:00:00-03:00,3.07,3.07,0.0
86472600,2026-09-16T18:15:00-03:00,3.1,3.1,0.0
86472600,2026-09-16T18:30:00-03:00,3.14,3.14,0.0
86472600,2026-09-16T18:45:00-03:00,3.2,3.2,0.0
86472600,2026-09-16T19:00:00-03:00,3.28,3.28,0.0
86472600,2026-09-16T19:15:00-03:00,3.38,3.38,0.0
86472600,2026-09-16T19:30:00-03:00,3.5,3.5,0.0
86472600,2026-09-16T19:45:00-03:00,3.63,3.63,0.0
86472600,2026-09-16T20:00:00-03:00,3.76,3.76,0.0
86472600,2026-09-16T20:15:00-03:00,3.86,3.86,0.0
86472600,2026-09-16T20:30:00-03:00,3.94,3.94,0.0
86472600,2026-09-16T20:45:00-03:00,4.01,4.01,0.0
86472600,2026-09-16T21:00:00-03:00,4.05,4.05,0.0
86472600,2026-09-16T21:15:00-03:00,4.08,4.08,0.0
86472600,2026-09-16T21:30:00-03:00,4.1,4.1,0.0
86472600,2026-09-16T21:45:00-03:00,4.11,4.11,0.0
86472600,2026-09-16T22:00:00-03:00,4.12,4.12,0.0
86472600,2026-09-16T22:15:00-03:00,4.12,4.12,0.0
86472600,2026-09-16T22:30:00-03:00,4.11,4.11,0.0
86472600,2026-09-16T22:45:00-03:00,4.1,4.1,0.0
86472600,2026-09-17T00:00:00-03:00,4.03,4.03,0.0
86472600,2026-09-17T00:15:00-03:00,4.01,4.01,0.0
86472600,2026-09-17T00:30:00-03:00,3.99,3.99,0.0
86472600,2026-09-17T00:45:00-03:00,3.96,3.96,0.0
86472600,2026-09-17T01:00:00-03:00,3.94,3.94,0.0
86472600,2026-09-17T01:15:00-03:00,3.92,3.92,0.0
86472600,2026-09-17T01:30:00-03:00,3.89,3.89,0.0
86472600,2026-09-17T01:45:00-03:00,3.87,3.87,0.0
86472600,2026-09-17T02:00:00-03:00,3.84,3.84,0.0
86472600,2026-09-17T02:15:00-03:00,3.82,3.82,0.0
86472600,2026-09-17T02:30:00-03:00,3.8,3.8,0.0
86472600,2026-09-17T02:45:00-03:00,3.77,3.77,0.0
86472600,2026-09-17T03:00:00-03:00,3.75,3.75,0.0
86472600,2026-09-17T03:15:00-03:00,3.73,3.73,0.0
86472600,2026-09-17T03:30:00-03:00,3.71,3.71,0.0
86472600,2026-09-17T03:45:00-03:00,3.69,3.69,0.0
86472600,2026-09-17T04:00:00-03:00,3.67,3.67,0.0
86472600,2026-09-17T04:15:00-03:00,3.65,3.65,0.0
86472600,2026-09-17T04:30:00-03:00,3.63,3.63,0.0
86472600,2026-09-17T04:45:00-03:00,3.61,3.61,0.0
86472600,2026-09-17T05:00:00-03:00,3.59,3.59,0.0
86472600,2026-09-17T05:15:00-03:00,3.58,3.58,0.0
86472600,2026-09-17T05:30:00-03:00,3.56,3.56,0.0
86472600,2026-09-17T05:45:00-03:00,3.54,3.54,0.0
86472600,2026-09-17T06:00:00-03:00,3.53,3.53,0.0
86472600,2026-09-17T06:15:00-03:00,3.51,3.51,0.0
86472600,2026-09-17T06:30:00-03:00,3.5,3.5,0.0
86472600,2026-09-17T06:45:00-03:00,3.49,3.49,0.0
86472600,2026-09-17T07:00:00-03:00,3.48,3.48,0.0
86472600,2026-09-17T07:15:00-03:00,3.48,3.48,0.0
86472600,2026-09-17T07:30:00-03:00,3.47,3.47,0.0
86472600,2026-09-17T07:45:00-03:00,3.47,3.47,0.0
86472600,2026-09-17T08:00:00-03:00,3.46,3.46,0.0
86472600,2026-09-17T08:15:00-03:00,3.46,3.46,0.0
86472600,2026-09-17T08:30:00-03:00,3.46,3.46,0.0
86472600,2026-09-17T08:45:00-03:00,3.46,3.46,0.0
86472600,2026-09-17T09:00:00-03:00,3.46,3.46,0.0
86472600,2026-09-17T09:15:00-03:00,3.46,3.46,0.0
86472600,2026-09-17T09:30:00-03:00,3.46,3.46,0.0
86472600,2026-09-17T09:45:00-03:00,3.46,3.46,0.0
86472600,2026-09-17T10:00:00-03:00,3.46,3.46,0.0
86472600,2026-09-17T10:15:00-03:00,3.44,3.44,0.0
86472600,2026-09-17T10:30:00-03:00,3.42,3.42,0.0
86472600,2026-09-17T10:45:00-03:00,3.38,3.38,0.0
86472600,2026-09-17T11:00:00-03:00,3.33,3.33,0.0
86472600,2026-09-17T11:15:00-03:00,3.27,3.27,0.0
86472600,2026-09-17T11:30:00-03:00,3.2,3.2,0.0
86472600,2026-09-17T11:45:00-03:00,3.12,3.12,0.0
86472600,2026-09-17T12:00:00-03:00,3.04,3.04,0.0
86472600,2026-09-17T12:15:00-03:00,2.96,2.96,0.0
86472600,2026-09-17T12:30:00-03:00,2.88,2.88,0.0
86472600,2026-09-17T12:45:00-03:00,2.8,2.8,0.0
86472600,2026-09-17T13:00:00-03:00,2.73,2.73,0.0
86472600,2026-09-17T13:15:00-03:00,2.66,2.66,0.0
86472600,2026-09-17T13:30:00-03:00,2.6,2.6,0.0
86472600,2026-09-17T13:45:00-03:00,2.55,2.55,0.0
86472600,2026-09-17T14:00:00-03:00,2.5,2.5,0.0
86472600,2026-09-17T14:15:00-03:00,2.45,2.45,0.0
86472600,2026-09-17T14:30:00-03:00,2.41,2.41,0.0
86472600,2026-09-17T14:45:00-03:00,2.38,2.38,0.0
86472600,2026-09-17T15:00:00-03:00,2.35,2.35,0.0
86472600,2026-09-17T15:15:00-03:00,2.33,2.33,0.0
86472600,2026-09-17T15:30:00-03:00,2.32,2.32,0.0
86472600,2026-09-17T15:45:00-03:00,2.31,2.31,0.0
86472600,2026-09-17T16:00:00-03:00,2.31,2.31,0.0
86472600,2026-09-17T16:15:00-03:00,2.31,2.31,0.0
86472600,2026-09-17T16:30:00-03:00,2.32,2.32,0.0
86472600,2026-09-17T16:45:00-03:00,2.33,2.33,0.0
86472600,2026-09-17T17:00:00-03:00,2.35,2.35,0.0
86472600,2026-09-17T17:15:00-03:00,2.37,2.37,0.0
86472600,2026-09-17T17:30:00-03:00,2.4,2.4,0.0
86472600,2026-09-17T17:45:00-03:00,2.43,2.43,0.0
86472600,2026-09-17T18:00:00-03:00,2.47,2.47,0.0
86472600,2026-09-17T18:15:00-03:00,2.5,2.5,0.0
86472600,2026-09-17T18:30:00-03:00,2.55,2.55,0.0
86472600,2026-09-17T18:45:00-03:00,2.59,2.59,0.0
86472600,2026-09-17T19:00:00-03:00,2.64,2.64,0.0
86472600,2026-09-17T19:15:00-03:00,2.7,2.7,0.0
86472600,2026-09-17T19:30:00-03:00,2.79,2.79,0.0
86472600,2026-09-17T19:45:00-03:00,2.91,2.91,0.0
86472600,2026-09-17T20:00:00-03:00,3.05,3.05,0.0
86472600,2026-09-17T20:15:00-03:00,3.21,3.21,0.0
86472600,2026-09-17T20:30:00-03:00,3.37,3.37,0.0
86472600,2026-09-17T20:45:00-03:00,3.51,3.51,0.0
86472600,2026-09-17T21:00:00-03:00,3.63,3.63,0.0
86472600,2026-09-17T21:15:00-03:00,3.73,3.73,0.0
86472600,2026-09-17T21:30:00-03:00,3.8,3.8,0.0
86472600,2026-09-17T21:45:00-03:00,3.85,3.85,0.0
86472600,2026-09-17T22:00:00-03:00,3.88,3.88,0.0
86472600,2026-09-17T22:15:00-03:00,3.91,3.91,0.0
86472600,2026-09-17T22:30:00-03:00,3.92,3.92,0.0
86472600,2026-09-17T22:45:00-03:00,3.92,3.92,0.0
86472600,2026-09-18T00:00:00-03:00,3.9,3.9,0.0
86472600,2026-09-18T00:15:00-03:00,3.88,3.88,0.0
86472600,2026-09-18T00:30:00-03:00,3.87,3.87,0.0
86472600,2026-09-18T00:45:00-03:00,3.86,3.86,0.0
86472600,2026-09-18T01:00:00-03:00,3.84,3.84,0.0
86472600,2026-09-18T01:15:00-03:00,3.82,3.82,0.0
86472600,2026-09-18T01:30:00-03:00,3.8,3.8,0.0
86472600,2026-09-18T01:45:00-03:00,3.78,3.78,0.0
86472600,2026-09-18T02:00:00-03:00,3.77,3.77,0.0
86472600,2026-09-18T02:15:00-03:00,3.75,3.75,0.0
86472600,2026-09-18T02:30:00-03:00,3.73,3.73,0.0
86472600,2026-09-18T02:45:00-03:00,3.71,3.71,0.0
86472600,2026-09-18T03:00:00-03:00,3.69,3.69,0.0
86472600,2026-09-18T03:15:00-03:00,3.67,3.67,0.0
86472600,2026-09-18T03:30:00-03:00,3.65,3.65,0.0
86472600,2026-09-18T03:45:00-03:00,3.64,3.64,0.0
86472600,2026-09-18T04:00:00-03:00,3.62,3.62,0.0
86472600,2026-09-18T04:15:00-03:00,3.6,3.6,0.0
86472600,2026-09-18T04:30:00-03:00,3.59,3.59,0.0
86472600,2026-09-18T04:45:00-03:00,3.57,3.57,0.0
86472600,2026-09-18T05:00:00-03:00,3.56,3.56,0.0
86472600,2026-09-18T05:15:00-03:00,3.55,3.55,0.0
86472600,2026-09-18T05:30:00-03:00,3.53,3.53,0.0
86472600,2026-09-18T05:45:00-03:00,3.52,3.52,0.0
86472600,2026-09-18T06:00:00-03:00,3.51,3.51,0.0
86472600,2026-09-18T06:15:00-03:00,3.5,3.5,0.0
86472600,2026-09-18T06:30:00-03:00,3.49,3.49,0.0
86472600,2026-09-18T06:45:00-03:00,3.48,3.48,0.0
86472600,2026-09-18T07:00:00-03:00,3.47,3.47,0.0
86472600,2026-09-18T07:15:00-03:00,3.46,3.46,0.0
86472600,2026-09-18T07:30:00-03:00,3.45,3.45,0.0
86472600,2026-09-18T07:45:00-03:00,3.44,3.44,0.0
86472600,2026-09-18T08:00:00-03:00,3.43,3.43,0.0
86472600,2026-09-18T08:15:00-03:00,3.43,3.43,0.0
86472600,2026-09-18T08:30:00-03:00,3.42,3.42,0.0
86472600,2026-09-18T08:45:00-03:00,3.41,3.41,0.0
86472600,2026-09-18T09:00:00-03:00,3.4,3.4,0.0
86472600,2026-09-18T09:15:00-03:00,3.39,3.39,0.0
86472600,2026-09-18T09:30:00-03:00,3.36,3.36,0.0
86472600,2026-09-18T09:45:00-03:00,3.33,3.33,0.0
86472600,2026-09-18T10:00:00-03:00,3.28,3.28,0.0
86472600,2026-09-18T10:15:00-03:00,3.22,3.22,0.0
86472600,2026-09-18T10:30:00-03:00,3.15,3.15,0.0
86472600,2026-09-18T10:45:00-03:00,3.08,3.08,0.0
86472600,2026-09-18T11:00:00-03:00,3.0,3.0,0.0
86472600,2026-09-18T11:15:00-03:00,2.92,2.92,0.0
86472600,2026-09-18T11:30:00-03:00,2.84,2.84,0.0
86472600,2026-09-18T11:45:00-03:00,2.76,2.76,0.0
86472600,2026-09-18T12:00:00-03:00,2.68,2.68,0.0
86472600,2026-09-18T12:15:00-03:00,2.61,2.61,0.0
86472600,2026-09-18T12:30:00-03:00,2.54,2.54,0.0
86472600,2026-09-18T12:45:00-03:00,2.48,2.48,0.0
86472600,2026-09-18T13:00:00-03:00,2.42,2.42,0.0
86472600,2026-09-18T13:15:00-03:00,2.36,2.36,0.0
86472600,2026-09-18T13:30:00-03:00,2.31,2.31,0.0
86472600,2026-09-18T13:45:00-03:00,2.27,2.27,0.0
86472600,2026-09-18T14:00:00-03:00,2.22,2.22,0.0
86472600,2026-09-18T14:15:00-03:00,2.19,2.19,0.0
86472600,2026-09-18T14:30:00-03:00,2.15,2.15,0.0
86472600,2026-09-18T14:45:00-03:00,2.12,2.12,0.0
86472600,2026-09-18T15:00:00-03:00,2.09,2.09,0.0
86472600,2026-09-18T15:15:00-03:00,2.07,2.07,0.0
86472600,2026-09-18T15:30:00-03:00,2.05,2.05,0.0
86472600,2026-09-18T15:45:00-03:00,2.03,2.03,0.0
86472600,2026-09-18T16:00:00-03:00,2.02,2.02,0.0
86472600,2026-09-18T16:15:00-03:00,2.01,2.01,0.0
86472600,2026-09-18T16:30:00-03:00,2.01,2.01,0.0
86472600,2026-09-18T16:45:00-03:00,2.01,2.01,0.0
86472600,2026-09-18T17:00:00-03:00,2.02,2.02,0.0
86472600,2026-09-18T17:15:00-03:00,2.03,2.03,0.0
86472600,2026-09-18T17:30:00-03:00,2.05,2.05,0.0
86472600,2026-09-18T17:45:00-03:00,2.08,2.08,0.0
86472600,2026-09-18T18:00:00-03:00,2.11,2.11,0.0
86472600,2026-09-18T18:15:00-03:00,2.15,2.15,0.0
86472600,2026-09-18T18:30:00-03:00,2.19,2.19,0.0
86472600,2026-09-18T18:45:00-03:00,2.24,2.24,0.0
86472600,2026-09-18T19:00:00-03:00,2.31,2.31,0.0
86472600,2026-09-18T19:15:00-03:00,2.38,2.38,0.0
86472600,2026-09-18T19:30:00-03:00,2.49,2.49,0.0
86472600,2026-09-18T19:45:00-03:00,2.64,2.64,0.0
86472600,2026-09-18T20:00:00-03:00,2.81,2.81,0.0
86472600,2026-09-18T20:15:00-03:00,2.99,2.99,0.0
86472600,2026-09-18T20:30:00-03:00,3.17,3.17,0.0
86472600,2026-09-18T20:45:00-03:00,3.32,3.32,0.0
86472600,2026-09-18T21:00:00-03:00,3.45,3.45,0.0
86472600,2026-09-18T21:15:00-03:00,3.54,3.54,0.0
86472600,2026-09-18T21:30:00-03:00,3.61,3.61,0.0
86472600,2026-09-18T21:45:00-03:00,3.66,3.66,0.0
86472600,2026-09-18T22:00:00-03:00,3.69,3.69,0.0
86472600,2026-09-18T22:15:00-03:00,3.71,3.71,0.0
86472600,2026-09-18T22:30:00-03:00,3.73,3.73,0.0
86472600,2026-09-18T22:45:00-03:00,3.73,3.73,0.0
86472600,2026-09-19T00:00:00-03:00,3.71,3.71,0.0
86472600,2026-09-19T00:15:00-03:00,3.7,3.7,0.0
86472600,2026-09-19T00:30:00-03:00,3.68,3.68,0.0
86472600,2026-09-19T00:45:00-03:00,3.67,3.67,0.0
86472600,2026-09-19T01:00:00-03:00,3.65,3.65,0.0
86472600,2026-09-19T01:15:00-03:00,3.64,3.64,0.0
86472600,2026-09-19T01:30:00-03:00,3.62,3.62,0.0
86472600,2026-09-19T01:45:00-03:00,3.6,3.6,0.0
86472600,2026-09-19T02:00:00-03:00,3.59,3.59,0.0
86472600,2026-09-19T02:15:00-03:00,3.57,3.57,0.0
86472600,2026-09-19T02:30:00-03:00,3.55,3.55,0.0
86472600,2026-09-19T02:45:00-03:00,3.54,3.54,0.0
86472600,2026-09-19T03:00:00-03:00,3.52,3.52,0.0
86472600,2026-09-19T03:15:00-03:00,3.5,3.5,0.0
86472600,2026-09-19T03:30:00-03:00,3.49,3.49,0.0
86472600,2026-09-19T03:45:00-03:00,3.47,3.47,0.0
86472600,2026-09-19T04:00:00-03:00,3.46,3.46,0.0
86472600,2026-09-19T04:15:00-03:00,3.45,3.45,0.0
86472600,2026-09-19T04:30:00-03:00,3.43,3.43,0.0
86472600,2026-09-19T04:45:00-03:00,3.42,3.42,0.0
86472600,2026-09-19T05:00:00-03:00,3.4,3.4,0.0
86472600,2026-09-19T05:15:00-03:00,3.39,3.39,0.0
86472600,2026-09-19T05:30:00-03:00,3.38,3.38,0.0
86472600,2026-09-19T05:45:00-03:00,3.37,3.37,0.0
86472600,2026-09-19T06:00:00-03:00,3.36,3.36,0.0
86472600,2026-09-19T06:15:00-03:00,3.35,3.35,0.0
86472600,2026-09-19T06:30:00-03:00,3.34,3.34,0.0
86472600,2026-09-19T06:45:00-03:00,3.33,3.33,0.0
86472600,2026-09-19T07:00:00-03:00,3.32,3.32,0.0
86472600,2026-09-19T07:15:00-03:00,3.32,3.32,0.0
86472600,2026-09-19T07:30:00-03:00,3.31,3.31,0.0
86472600,2026-09-19T07:45:00-03:00,3.3,3.3,0.0
86472600,2026-09-19T08:00:00-03:00,3.3,3.3,0.0
86472600,2026-09-19T08:15:00-03:00,3.29,3.29,0.0
86472600,2026-09-19T08:30:00-03:00,3.28,3.28,0.0
86472600,2026-09-19T08:45:00-03:00,3.28,3.28,0.0
86472600,2026-09-19T09:00:00-03:00,3.27,3.27,0.0
86472600,2026-09-19T09:15:00-03:00,3.25,3.25,0.0
86472600,2026-09-19T09:30:00-03:00,3.22,3.22,0.0
86472600,2026-09-19T09:45:00-03:00,3.18,3.18,0.0
86472600,2026-09-19T10:00:00-03:00,3.13,3.13,0.0
86472600,2026-09-19T10:15:00-03:00,3.07,3.07,0.0
86472600,2026-09-19T10:30:00-03:00,3.0,3.0,0.0
86472600,2026-09-19T10:45:00-03:00,2.93,2.93,0.0
86472600,2026-09-19T11:00:00-03:00,2.86,2.86,0.0
86472600,2026-09-19T11:15:00-03:00,2.78,2.78,0.0
86472600,2026-09-19T11:30:00-03:00,2.71,2.71,0.0
86472600,2026-09-19T11:45:00-03:00,2.64,2.64,0.0
86472600,2026-09-19T12:00:00-03:00,2.57,2.57,0.0
86472600,2026-09-19T12:15:00-03:00,2.51,2.51,0.0
86472600,2026-09-19T12:30:00-03:00,2.45,2.45,0.0
86472600,2026-09-19T12:45:00-03:00,2.4,2.4,0.0
86472600,2026-09-19T13:00:00-03:00,2.34,2.34,0.0
86472600,2026-09-19T13:15:00-03:00,2.29,2.29,0.0
86472600,2026-09-19T13:30:00-03:00,2.25,2.25,0.0
86472600,2026-09-19T13:45:00-03:00,2.21,2.21,0.0
86472600,2026-09-19T14:00:00-03:00,2.17,2.17,0.0
86472600,2026-09-19T14:15:00-03:00,2.13,2.13,0.0
86472600,2026-09-19T14:30:00-03:00,2.1,2.1,0.0
86472600,2026-09-19T14:45:00-03:00,2.07,2.07,0.0
86472600,2026-09-19T15:00:00-03:00,2.04,2.04,0.0
86472600,2026-09-19T15:15:00-03:00,2.02,2.02,0.0
86472600,2026-09-19T15:30:00-03:00,2.0,2.0,0.0
86472600,2026-09-19T15:45:00-03:00,1.98,1.98,0.0
86472600,2026-09-19T16:00:00-03:00,1.96,1.96,0.0
86472600,2026-09-19T16:15:00-03:00,1.95,1.95,0.0
86472600,2026-09-19T16:30:00-03:00,1.94,1.94,0.0
86472600,2026-09-19T16:45:00-03:00,1.94,1.94,0.0
86472600,2026-09-19T17:00:00-03:00,1.94,1.94,0.0
86472600,2026-09-19T17:15:00-03:00,1.95,1.95,0.0
86472600,2026-09-19T17:30:00-03:00,1.96,1.96,0.0
86472600,2026-09-19T17:45:00-03:00,1.98,1.98,0.0
86472600,2026-09-19T18:00:00-03:00,2,2.0,0.0
86472600,2026-09-19T18:15:00-03:00,2.04,2.04,0.0
86472600,2026-09-19T18:30:00-03:00,2.08,2.08,0.0
86472600,2026-09-19T18:45:00-03:00,2.12,2.12,0.0
86472600,2026-09-19T19:00:00-03:00,2.18,2.18,0.0
86472600,2026-09-19T19:15:00-03:00,2.24,2.24,0.0
86472600,2026-09-19T19:30:00-03:00,2.31,2.31,0.0
86472600,2026-09-19T19:45:00-03:00,2.41,2.41,0.0
86472600,2026-09-19T20:00:00-03:00,2.55,2.55,0.0
86472600,2026-09-19T20:15:00-03:00,2.71,2.71,0.0
86472600,2026-09-19T20:30:00-03:00,2.91,2.91,0.0
86472600,2026-09-19T20:45:00-03:00,3.1,3.1,0.0
86472600,2026-09-19T21:00:00-03:00,3.26,3.26,0.0
86472600,2026-09-19T21:15:00-03:00,3.4,3.4,0.0
86472600,2026-09-19T21:30:00-03:00,3.51,3.51,0.0
86472600,2026-09-19T21:45:00-03:00,3.59,3.59,0.0
86472600,2026-09-19T22:00:00-03:00,3.65,3.65,0.0
86472600,2026-09-19T22:15:00-03:00,3.69,3.69,0.0
86472600,2026-09-19T22:30:00-03:00,3.72,3.72,0.0
86472600,2026-09-19T22:45:00-03:00,3.74,3.74,0.0
86472600,2026-09-19T23:00:00-03:00,3.71,3.71,0.0
86472600,2026-09-20T00:00:00-03:00,3.77,3.77,0.0
86472600,2026-09-20T00:15:00-03:00,3.76,3.76,0.0
86472600,2026-09-20T00:30:00-03:00,3.76,3.76,0.0
86472600,2026-09-20T00:45:00-03:00,3.75,3.75,0.0
86472600,2026-09-20T01:00:00-03:00,3.74,3.74,0.0
86472600,2026-09-20T01:15:00-03:00,3.73,3.73,0.0
86472600,2026-09-20T01:30:00-03:00,3.72,3.72,0.0
86472600,2026-09-20T01:45:00-03:00,3.72,3.72,0.0
86472600,2026-09-20T02:00:00-03:00,3.7,3.7,0.0
86472600,2026-09-20T02:15:00-03:00,3.69,3.69,0.0
86472600,2026-09-20T02:30:00-03:00,3.68,3.68,0.0
86472600,2026-09-20T02:45:00-03:00,3.67,3.67,0.0
86472600,2026-09-20T03:00:00-03:00,3.66,3.66,0.0
86472600,2026-09-20T03:15:00-03:00,3.65,3.65,0.0
86472600,2026-09-20T03:30:00-03:00,3.64,3.64,0.0
86472600,2026-09-20T03:45:00-03:00,3.62,3.62,0.0
86472600,2026-09-20T04:00:00-03:00,3.61,3.61,0.0
86472600,2026-09-20T04:15:00-03:00,3.61,3.61,0.0
86472600,2026-09-20T04:30:00-03:00,3.6,3.6,0.0
86472600,2026-09-20T04:45:00-03:00,3.6,3.6,0.0
86472600,2026-09-20T05:00:00-03:00,3.59,3.59,0.0
86472600,2026-09-20T05:15:00-03:00,3.59,3.59,0.0
86472600,2026-09-20T05:30:00-03:00,3.58,3.58,0.0
86472600,2026-09-20T05:45:00-03:00,3.58,3.58,0.0
86472600,2026-09-20T06:00:00-03:00,3.57,3.57,0.0
86472600,2026-09-20T06:15:00-03:00,3.57,3.57,0.0
86472600,2026-09-20T06:30:00-03:00,3.56,3.56,0.0
86472600,2026-09-20T06:45:00-03:00,3.56,3.56,0.0
86472600,2026-09-20T07:00:00-03:00,3.55,3.55,0.0
86472600,2026-09-20T07:15:00-03:00,3.55,3.55,0.0
86472600,2026-09-20T07:30:00-03:00,3.54,3.54,0.0
86472600,2026-09-20T07:45:00-03:00,3.53,3.53,0.0
86472600,2026-09-20T08:00:00-03:00,3.52,3.52,0.0
86472600,2026-09-20T08:15:00-03:00,3.52,3.52,0.0
86472600,2026-09-20T08:30:00-03:00,3.51,3.51,0.0
86472600,2026-09-20T08:45:00-03:00,3.5,3.5,0.0
86472600,2026-09-20T09:00:00-03:00,3.49,3.49,0.0
86472600,2026-09-20T09:15:00-03:00,3.48,3.48,0.0
86472600,2026-09-20T09:30:00-03:00,3.47,3.47,0.0
86472600,2026-09-20T09:45:00-03:00,3.47,3.47,0.0
86472600,2026-09-20T10:00:00-03:00,3.46,3.46,0.0
86472600,2026-09-20T10:15:00-03:00,3.45,3.45,0.0
86472600,2026-09-20T10:30:00-03:00,3.43,3.43,0.0
86472600,2026-09-20T10:45:00-03:00,3.41,3.41,0.0
86472600,2026-09-20T11:00:00-03:00,3.37,3.37,0.0
86472600,2026-09-20T11:15:00-03:00,3.32,3.32,0.0
86472600,2026-09-20T11:30:00-03:00,3.26,3.26,0.0
86472600,2026-09-20T11:45:00-03:00,3.19,3.19,0.0
86472600,2026-09-20T12:00:00-03:00,3.12,3.12,0.0
86472600,2026-09-20T12:15:00-03:00,3.04,3.04,0.0
86472600,2026-09-20T12:30:00-03:00,2.96,2.96,0.0
86472600,2026-09-20T12:45:00-03:00,2.88,2.88,0.0
86472600,2026-09-20T13:00:00-03:00,2.81,2.81,0.0
86472600,2026-09-20T13:15:00-03:00,2.74,2.74,0.0
86472600,2026-09-20T13:30:00-03:00,2.67,2.67,0.0
86472600,2026-09-20T13:45:00-03:00,2.62,2.62,0.0
86472600,2026-09-20T14:00:00-03:00,2.56,2.56,0.0
86472600,2026-09-20T14:15:00-03:00,2.51,2.51,0.0
86472600,2026-09-20T14:30:00-03:00,2.47,2.47,0.0
86472600,2026-09-20T14:45:00-03:00,2.44,2.44,0.0
86472600,2026-09-20T15:00:00-03:00,2.42,2.42,0.0
86472600,2026-09-20T15:15:00-03:00,2.4,2.4,0.0
86472600,2026-09-20T15:30:00-03:00,2.41,2.41,0.0
86472600,2026-09-20T15:45:00-03:00,2.42,2.42,0.0
86472600,2026-09-20T16:00:00-03:00,2.44,2.44,0.0
86472600,2026-09-20T16:15:00-03:00,2.48,2.48,0.0
86472600,2026-09-20T16:30:00-03:00,2.52,2.52,0.0
86472600,2026-09-20T16:45:00-03:00,2.57,2.57,0.0
86472600,2026-09-20T17:00:00-03:00,2.62,2.62,0.0
86472600,2026-09-20T17:15:00-03:00,2.68,2.68,0.0
86472600,2026-09-20T17:30:00-03:00,2.74,2.74,0.0
86472600,2026-09-20T17:45:00-03:00,2.8,2.8,0.0
86472600,2026-09-20T18:00:00-03:00,2.86,2.86,0.0
86472600,2026-09-20T18:15:00-03:00,2.91,2.91,0.0
86472600,2026-09-20T18:30:00-03:00,2.97,2.97,0.0
86472600,2026-09-20T18:45:00-03:00,3.03,3.03,0.0
86472600,2026-09-20T19:00:00-03:00,3.08,3.08,0.0
86472600,2026-09-20T19:15:00-03:00,3.15,3.15,0.0
86472600,2026-09-20T19:30:00-03:00,3.24,3.24,0.0
86472600,2026-09-20T19:45:00-03:00,3.36,3.36,0.0
86472600,2026-09-20T20:00:00-03:00,3.5,3.5,0.0
86472600,2026-09-20T20:15:00-03:00,3.65,3.65,0.0
86472600,2026-09-20T20:30:00-03:00,3.79,3.79,0.0
86472600,2026-09-20T20:45:00-03:00,3.91,3.91,0.0
86472600,2026-09-20T21:00:00-03:00,4.01,4.01,0.0
86472600,2026-09-20T21:15:00-03:00,4.09,4.09,0.0
86472600,2026-09-20T21:30:00-03:00,4.14,4.14,0.0
86472600,2026-09-20T21:45:00-03:00,4.17,4.17,0.0
86472600,2026-09-20T22:00:00-03:00,4.2,4.2,0.0
86472600,2026-09-20T22:15:00-03:00,4.21,4.21,0.0
86472600,2026-09-20T22:30:00-03:00,4.21,4.21,0.0
86472600,2026-09-20T22:45:00-03:00,4.21,4.21,0.0
86472600,2026-09-20T23:00:00-03:00,4.17,4.17,0.0
86472600,2026-09-21T00:00:00-03:00,4.14,4.14,0.0
86472600,2026-09-21T00:15:00-03:00,4.12,4.12,0.0
86472600,2026-09-21T00:30:00-03:00,4.1,4.1,0.0
86472600,2026-09-21T00:45:00-03:00,4.08,4.08,0.0
86472600,2026-09-21T01:00:00-03:00,4.06,4.06,0.0
86472600,2026-09-21T01:15:00-03:00,4.04,4.04,0.0
86472600,2026-09-21T01:30:00-03:00,4.02,4.02,0.0
86472600,2026-09-21T01:45:00-03:00,4,4.0,0.0
86472600,2026-09-21T02:00:00-03:00,3.98,3.98,0.0
86472600,2026-09-21T02:15:00-03:00,3.96,3.96,0.0
86472600,2026-09-21T02:30:00-03:00,3.94,3.94,0.0
86472600,2026-09-21T02:45:00-03:00,3.92,3.92,0.0
86472600,2026-09-21T03:00:00-03:00,3.9,3.9,0.0
86472600,2026-09-21T03:15:00-03:00,3.88,3.88,0.0
86472600,2026-09-21T03:30:00-03:00,3.87,3.87,0.0
86472600,2026-09-21T03:45:00-03:00,3.85,3.85,0.0
86472600,2026-09-21T04:00:00-03:00,3.83,3.83,0.0
86472600,2026-09-21T04:15:00-03:00,3.82,3.82,0.0
86472600,2026-09-21T04:30:00-03:00,3.81,3.81,0.0
86472600,2026-09-21T04:45:00-03:00,3.79,3.79,0.0
86472600,2026-09-21T05:00:00-03:00,3.78,3.78,0.0
86472600,2026-09-21T05:15:00-03:00,3.77,3.77,0.0
86472600,2026-09-21T05:30:00-03:00,3.76,3.76,0.0
86472600,2026-09-21T05:45:00-03:00,3.75,3.75,0.0
86472600,2026-09-21T06:00:00-03:00,3.75,3.75,0.0
86472600,2026-09-21T06:15:00-03:00,3.75,3.75,0.0
86472600,2026-09-21T06:30:00-03:00,3.77,3.77,0.0
86472600,2026-09-21T06:45:00-03:00,3.79,3.79,0.0
86472600,2026-09-21T07:00:00-03:00,3.81,3.81,0.0
86472600,2026-09-21T07:15:00-03:00,3.83,3.83,0.0
86472600,2026-09-21T07:30:00-03:00,3.87,3.87,0.0
86472600,2026-09-21T07:45:00-03:00,3.94,3.94,0.0
86472600,2026-09-21T08:00:00-03:00,4.12,4.12,0.0
86472600,2026-09-21T08:15:00-03:00,4.36,4.36,0.0
86472600,2026-09-21T08:30:00-03:00,4.64,4.64,0.0
86472600,2026-09-21T08:45:00-03:00,4.96,4.96,0.0
86472600,2026-09-21T09:00:00-03:00,5.19,5.19,0.0
86472600,2026-09-21T09:15:00-03:00,5.34,5.34,0.0
86472600,2026-09-21T09:30:00-03:00,5.34,5.34,0.0
86472600,2026-09-21T09:45:00-03:00,5.46,5.46,0.0
86472600,2026-09-21T10:00:00-03:00,5.55,5.55,0.0
86472600,2026-09-21T10:15:00-03:00,5.64,5.64,0.0
86472600,2026-09-21T10:30:00-03:00,5.76,5.76,0.0
86472600,2026-09-21T10:45:00-03:00,5.91,5.91,0.0
86472600,2026-09-21T11:00:00-03:00,6.06,6.06,0.0
86472600,2026-09-21T11:15:00-03:00,6.19,6.19,0.0
86472600,2026-09-21T11:30:00-03:00,6.27,6.27,0.0
86472600,2026-09-21T11:45:00-03:00,6.33,6.33,0.0
86500000,2026-08-21T21:15:00-03:00,2.04,2.035,0.004999999999999893
86500000,2026-08-21T21:30:00-03:00,2.04,2.036,0.0040000000000000036
86500000,2026-08-21T21:45:00-03:00,2.03,2.0340000000000003,0.004000000000000448
86500000,2026-08-21T22:00:00-03:00,2.03,2.03,0.0
86500000,2026-08-21T22:15:00-03:00,2.03,2.028,0.0019999999999997797
86500000,2026-08-21T22:30:00-03:00,1.93,1.9269999999999998,0.0030000000000001137
86500000,2026-08-21T22:45:00-03:00,1.81,1.808,0.0020000000000000018
86500000,2026-08-21T23:00:00-03:00,1.76,1.7630000000000001,0.0030000000000001137
86500000,2026-08-21T23:15:00-03:00,1.75,1.7480000000000002,0.0019999999999997797
86500000,2026-08-21T23:30:00-03:00,1.74,1.744,0.0040000000000000036
86500000,2026-08-21T23:45:00-03:00,1.74,1.74,0.0
86500000,2026-08-22T00:00:00-03:00,1.74,1.7369999999999999,0.0030000000000001137
86500000,2026-08-22T00:15:00-03:00,1.73,1.734,0.0040000000000000036
86500000,2026-08-22T00:30:00-03:00,1.74,1.739,0.0009999999999998899
86500000,2026-08-22T00:45:00-03:00,1.74,1.7409999999999999,0.0009999999999998899
86500000,2026-08-22T01:00:00-03:00,1.74,1.7409999999999999,0.0009999999999998899
86500000,2026-08-22T01:15:00-03:00,1.74,1.742,0.0020000000000000018
86500000,2026-08-22T01:30:00-03:00,1.74,1.739,0.0009999999999998899
86500000,2026-08-22T01:45:00-03:00,1.74,1.7380000000000002,0.0019999999999997797
86500000,2026-08-22T02:00:00-03:00,1.74,1.742,0.0020000000000000018
86500000,2026-08-22T02:15:00-03:00,1.74,1.744,0.0040000000000000036
86500000,2026-08-22T02:30:00-03:00,1.73,1.73,0.0
86500000,2026-08-22T02:45:00-03:00,1.72,1.7180000000000002,0.0019999999999997797
86500000,2026-08-22T03:00:00-03:00,1.72,1.716,0.0040000000000000036
86500000,2026-08-22T03:15:00-03:00,1.71,1.713,0.0030000000000001137
86500000,2026-08-22T03:30:00-03:00,1.7,1.703,0.0030000000000001137
86500000,2026-08-22T03:45:00-03:00,1.69,1.686,0.0040000000000000036
86500000,2026-08-22T04:00:00-03:00,1.67,1.673,0.0030000000000001137
86500000,2026-08-22T04:15:00-03:00,1.67,1.67,0.0
86500000,2026-08-22T04:30:00-03:00,1.67,1.67,0.0
86500000,2026-08-22T04:45:00-03:00,1.67,1.67,0.0
86500000,2026-08-22T05:00:00-03:00,1.67,1.67,0.0
86500000,2026-08-22T05:15:00-03:00,1.67,1.67,0.0
86500000,2026-08-22T05:30:00-03:00,1.67,1.67,0.0
86500000,2026-08-22T05:45:00-03:00,1.68,1.675,0.004999999999999893
86500000,2026-08-22T06:00:00-03:00,1.67,1.673,0.0030000000000001137
86500000,2026-08-22T06:15:00-03:00,1.67,1.6669999999999998,0.0030000000000001137
86500000,2026-08-22T06:30:00-03:00,1.64,1.6380000000000001,0.0019999999999997797
86500000,2026-08-22T06:45:00-03:00,1.51,1.51,0.0
86500000,2026-08-22T07:00:00-03:00,1.42,1.422,0.0020000000000000018
86500000,2026-08-22T07:15:00-03:00,1.38,1.379,0.0009999999999998899
86500000,2026-08-22T07:30:00-03:00,1.37,1.3659999999999999,0.004000000000000226
86500000,2026-08-22T07:45:00-03:00,1.36,1.36,0.0
86500000,2026-08-22T08:00:00-03:00,1.36,1.36,0.0
86500000,2026-08-22T08:15:00-03:00,1.36,1.36,0.0
86500000,2026-08-22T08:30:00-03:00,1.36,1.36,0.0
86500000,2026-08-22T08:45:00-03:00,1.35,1.35,0.0
86500000,2026-08-22T09:00:00-03:00,1.36,1.36,0.0
86500000,2026-08-22T09:15:00-03:00,1.38,1.38,0.0
86500000,2026-08-22T09:30:00-03:00,1.41,1.41,0.0
86500000,2026-08-22T09:45:00-03:00,1.42,1.42,0.0
86500000,2026-08-22T10:00:00-03:00,1.42,1.42,0.0
86500000,2026-08-22T10:15:00-03:00,1.42,1.42,0.0
86500000,2026-08-22T10:30:00-03:00,1.42,1.42,0.0
86500000,2026-08-22T10:45:00-03:00,1.42,1.42,0.0
86500000,2026-08-22T11:00:00-03:00,1.42,1.42,0.0
86500000,2026-08-22T11:15:00-03:00,1.42,1.42,0.0
86500000,2026-08-22T11:30:00-03:00,1.43,1.43,0.0
86500000,2026-08-22T11:45:00-03:00,1.43,1.43,0.0
86500000,2026-08-22T12:00:00-03:00,1.42,1.42,0.0
86500000,2026-08-22T12:15:00-03:00,1.42,1.42,0.0
86500000,2026-08-22T12:30:00-03:00,1.42,1.42,0.0
86500000,2026-08-22T12:45:00-03:00,1.42,1.423,0.0030000000000001137
86500000,2026-08-22T13:00:00-03:00,1.43,1.4269999999999998,0.0030000000000001137
86500000,2026-08-22T13:15:00-03:00,1.43,1.4269999999999998,0.0030000000000001137
86500000,2026-08-22T13:30:00-03:00,1.42,1.4169999999999998,0.0030000000000001137
86500000,2026-08-22T13:45:00-03:00,1.39,1.39,0.0
86500000,2026-08-22T14:00:00-03:00,1.38,1.375,0.004999999999999893
86500000,2026-08-22T14:15:00-03:00,1.37,1.367,0.0030000000000001137
86500000,2026-08-22T14:30:00-03:00,1.36,1.364,0.0040000000000000036
86500000,2026-08-22T14:45:00-03:00,1.36,1.3630000000000002,0.0030000000000001137
86500000,2026-08-22T15:00:00-03:00,1.36,1.3630000000000002,0.0030000000000001137
86500000,2026-08-22T15:15:00-03:00,1.36,1.359,0.001000000000000112
86500000,2026-08-22T15:30:00-03:00,1.36,1.36,0.0
86500000,2026-08-22T15:45:00-03:00,1.36,1.361,0.0009999999999998899
86500000,2026-08-22T16:00:00-03:00,1.36,1.3630000000000002,0.0030000000000001137
86500000,2026-08-22T16:15:00-03:00,1.36,1.357,0.0030000000000001137
86500000,2026-08-22T16:30:00-03:00,1.36,1.36,0.0
86500000,2026-08-22T16:45:00-03:00,1.5,1.495,0.004999999999999893
86500000,2026-08-22T17:00:00-03:00,1.66,1.6640000000000001,0.004000000000000226
86500000,2026-08-22T17:15:00-03:00,1.72,1.72,0.0
86500000,2026-08-22T17:30:00-03:00,1.74,1.735,0.004999999999999893
86500000,2026-08-22T17:45:00-03:00,1.74,1.7380000000000002,0.0019999999999997797
86500000,2026-08-22T18:00:00-03:00,1.81,1.808,0.0020000000000000018
86500000,2026-08-22T18:15:00-03:00,1.94,1.942,0.0020000000000000018
86500000,2026-08-22T18:30:00-03:00,1.99,1.994,0.0040000000000000036
86500000,2026-08-22T18:45:00-03:00,2.0,2.002,0.0019999999999997797
86500000,2026-08-22T19:00:00-03:00,2.01,2.009,0.0009999999999998899
86500000,2026-08-22T19:15:00-03:00,2.01,2.0140000000000002,0.004000000000000448
86500000,2026-08-22T19:30:00-03:00,2.02,2.015,0.004999999999999893
86500000,2026-08-22T19:45:00-03:00,2.02,2.016,0.0040000000000000036
86500000,2026-08-22T20:00:00-03:00,2.02,2.019,0.0009999999999998899
86500000,2026-08-22T20:15:00-03:00,2.02,2.02,0.0
86500000,2026-08-22T20:30:00-03:00,2.02,2.022,0.0019999999999997797
86500000,2026-08-22T20:45:00-03:00,2.02,2.02,0.0
86500000,2026-08-22T21:00:00-03:00,2.02,2.019,0.0009999999999998899
86500000,2026-08-22T21:15:00-03:00,2.02,2.022,0.0019999999999997797
86500000,2026-08-22T21:30:00-03:00,2.02,2.022,0.0019999999999997797
86500000,2026-08-22T21:45:00-03:00,2.02,2.02,0.0
86500000,2026-08-22T22:00:00-03:00,2.02,2.0180000000000002,0.0019999999999997797
86500000,2026-08-22T22:15:00-03:00,2.01,2.012,0.002000000000000224
86500000,2026-08-22T22:30:00-03:00,2.01,2.01,0.0
86500000,2026-08-22T23:45:00-03:00,1.73,1.73,0.0
86500000,2026-08-23T00:00:00-03:00,1.72,1.72,0.0
86500000,2026-08-23T00:15:00-03:00,1.72,1.7169999999999999,0.0030000000000001137
86500000,2026-08-23T00:30:00-03:00,1.72,1.724,0.0040000000000000036
86500000,2026-08-23T00:45:00-03:00,1.73,1.73,0.0
86500000,2026-08-23T01:00:00-03:00,1.72,1.72,0.0
86500000,2026-08-23T01:15:00-03:00,1.72,1.72,0.0
86500000,2026-08-23T01:30:00-03:00,1.72,1.72,0.0
86500000,2026-08-23T01:45:00-03:00,1.72,1.72,0.0
86500000,2026-08-23T02:00:00-03:00,1.72,1.72,0.0
86500000,2026-08-23T02:15:00-03:00,1.72,1.72,0.0
86500000,2026-08-23T02:30:00-03:00,1.72,1.72,0.0
86500000,2026-08-23T02:45:00-03:00,1.72,1.7169999999999999,0.0030000000000001137
86500000,2026-08-23T03:00:00-03:00,1.72,1.724,0.0040000000000000036
86500000,2026-08-23T03:15:00-03:00,1.73,1.725,0.004999999999999893
86500000,2026-08-23T03:30:00-03:00,1.73,1.725,0.004999999999999893
86500000,2026-08-23T03:45:00-03:00,1.73,1.725,0.004999999999999893
86500000,2026-08-23T04:00:00-03:00,1.72,1.724,0.0040000000000000036
86500000,2026-08-23T04:15:00-03:00,1.72,1.723,0.0030000000000001137
86500000,2026-08-23T04:30:00-03:00,1.72,1.724,0.0040000000000000036
86500000,2026-08-23T04:45:00-03:00,1.72,1.723,0.0030000000000001137
86500000,2026-08-23T05:00:00-03:00,1.72,1.724,0.0040000000000000036
86500000,2026-08-23T05:15:00-03:00,1.72,1.724,0.0040000000000000036
86500000,2026-08-23T05:30:00-03:00,1.72,1.722,0.0020000000000000018
86500000,2026-08-23T05:45:00-03:00,1.72,1.719,0.0009999999999998899
86500000,2026-08-23T06:00:00-03:00,1.72,1.7180000000000002,0.0019999999999997797
86500000,2026-08-23T06:15:00-03:00,1.72,1.7180000000000002,0.0019999999999997797
86500000,2026-08-23T06:30:00-03:00,1.71,1.709,0.0009999999999998899
86500000,2026-08-23T06:45:00-03:00,1.57,1.57,0.0
86500000,2026-08-23T07:00:00-03:00,1.47,1.465,0.004999999999999893
86500000,2026-08-23T07:15:00-03:00,1.42,1.416,0.0040000000000000036
86500000,2026-08-23T07:30:00-03:00,1.39,1.3940000000000001,0.004000000000000226
86500000,2026-08-23T07:45:00-03:00,1.39,1.386,0.0040000000000000036
86500000,2026-08-23T08:00:00-03:00,1.38,1.3840000000000001,0.004000000000000226
86500000,2026-08-23T08:15:00-03:00,1.38,1.381,0.001000000000000112
86500000,2026-08-23T08:30:00-03:00,1.38,1.38,0.0
86500000,2026-08-23T08:45:00-03:00,1.3,1.3,0.0
86500000,2026-08-23T09:00:00-03:00,1.14,1.14,0.0
86500000,2026-08-23T09:15:00-03:00,1.02,1.02,0.0
86500000,2026-08-23T09:30:00-03:00,0.94,0.94,0.0
86500000,2026-08-23T09:45:00-03:00,0.87,0.87,0.0
86500000,2026-08-23T10:00:00-03:00,0.82,0.82,0.0
86500000,2026-08-23T10:15:00-03:00,0.79,0.79,0.0
86500000,2026-08-23T10:30:00-03:00,0.76,0.76,0.0
86500000,2026-08-23T10:45:00-03:00,0.75,0.75,0.0
86500000,2026-08-23T11:00:00-03:00,0.73,0.73,0.0
86500000,2026-08-23T11:15:00-03:00,0.72,0.72,0.0
86500000,2026-08-23T11:30:00-03:00,0.72,0.72,0.0
86500000,2026-08-23T11:45:00-03:00,0.71,0.71,0.0
86500000,2026-08-23T12:00:00-03:00,0.71,0.71,0.0
86500000,2026-08-23T12:15:00-03:00,0.71,0.71,0.0
86500000,2026-08-23T12:30:00-03:00,0.7,0.7,0.0
86500000,2026-08-23T12:45:00-03:00,0.7,0.7,0.0
86500000,2026-08-23T13:00:00-03:00,0.7,0.7,0.0
86500000,2026-08-23T13:15:00-03:00,0.7,0.7,0.0
86500000,2026-08-23T13:30:00-03:00,0.7,0.7,0.0
86500000,2026-08-23T13:45:00-03:00,0.7,0.7020000000000001,0.002000000000000113
86500000,2026-08-23T14:00:00-03:00,0.7,0.7020000000000001,0.002000000000000113
86500000,2026-08-23T14:15:00-03:00,0.75,0.754,0.0040000000000000036
86500000,2026-08-23T14:30:00-03:00,1.03,1.03,0.0
86500000,2026-08-23T14:45:00-03:00,1.2,1.202,0.0020000000000000018
86500000,2026-08-23T15:00:00-03:00,1.28,1.2819999999999998,0.0019999999999997797
86500000,2026-08-23T15:15:00-03:00,1.31,1.315,0.004999999999999893
86500000,2026-08-23T15:30:00-03:00,1.33,1.329,0.001000000000000112
86500000,2026-08-23T15:45:00-03:00,1.33,1.33,0.0
86500000,2026-08-23T16:00:00-03:00,1.33,1.334,0.0040000000000000036
86500000,2026-08-23T16:15:00-03:00,1.33,1.3330000000000002,0.0030000000000001137
86500000,2026-08-23T16:30:00-03:00,1.33,1.331,0.0009999999999998899
86500000,2026-08-23T16:45:00-03:00,1.33,1.334,0.0040000000000000036
86500000,2026-08-23T17:00:00-03:00,1.34,1.3430000000000002,0.0030000000000001137
86500000,2026-08-23T17:15:00-03:00,1.34,1.344,0.0040000000000000036
86500000,2026-08-23T17:30:00-03:00,1.36,1.3630000000000002,0.0030000000000001137
86500000,2026-08-23T17:45:00-03:00,1.39,1.391,0.001000000000000112
86500000,2026-08-23T18:00:00-03:00,1.41,1.405,0.004999999999999893
86500000,2026-08-23T18:15:00-03:00,1.41,1.413,0.0030000000000001137
86500000,2026-08-23T18:30:00-03:00,1.44,1.4409999999999998,0.0009999999999998899
86500000,2026-08-23T18:45:00-03:00,1.61,1.608,0.0020000000000000018
86500000,2026-08-23T19:00:00-03:00,1.71,1.7080000000000002,0.0019999999999997797
86500000,2026-08-23T19:15:00-03:00,1.74,1.742,0.0020000000000000018
86500000,2026-08-23T19:30:00-03:00,1.75,1.7519999999999998,0.0019999999999997797
86500000,2026-08-23T19:45:00-03:00,1.76,1.756,0.0040000000000000036
86500000,2026-08-23T20:00:00-03:00,1.75,1.754,0.0040000000000000036
86500000,2026-08-23T20:15:00-03:00,1.75,1.755,0.004999999999999893
86500000,2026-08-23T20:30:00-03:00,1.75,1.7530000000000001,0.0030000000000001137
86500000,2026-08-23T20:45:00-03:00,1.75,1.7530000000000001,0.0030000000000001137
86500000,2026-08-23T21:00:00-03:00,1.75,1.7530000000000001,0.0030000000000001137
86500000,2026-08-23T21:15:00-03:00,1.75,1.7530000000000001,0.0030000000000001137
86500000,2026-08-23T21:30:00-03:00,1.75,1.755,0.004999999999999893
86500000,2026-08-23T21:45:00-03:00,1.76,1.758,0.0020000000000000018
86500000,2026-08-23T22:00:00-03:00,1.76,1.756,0.0040000000000000036
86500000,2026-08-23T22:15:00-03:00,1.75,1.754,0.0040000000000000036
86500000,2026-08-23T22:30:00-03:00,1.76,1.756,0.0040000000000000036
86500000,2026-08-23T22:45:00-03:00,1.75,1.7519999999999998,0.0019999999999997797
86500000,2026-08-23T23:00:00-03:00,1.75,1.7530000000000001,0.0030000000000001137
86500000,2026-08-23T23:15:00-03:00,1.75,1.7530000000000001,0.0030000000000001137
86500000,2026-08-23T23:30:00-03:00,1.75,1.7519999999999998,0.0019999999999997797
86500000,2026-08-23T23:45:00-03:00,1.75,1.75,0.0
86500000,2026-08-24T00:00:00-03:00,1.75,1.7530000000000001,0.0030000000000001137
86500000,2026-08-24T00:15:00-03:00,1.75,1.751,0.0009999999999998899
86500000,2026-08-24T00:30:00-03:00,1.75,1.7519999999999998,0.0019999999999997797
86500000,2026-08-24T00:45:00-03:00,1.75,1.751,0.0009999999999998899
86500000,2026-08-24T01:00:00-03:00,1.75,1.751,0.0009999999999998899
86500000,2026-08-24T01:15:00-03:00,1.75,1.751,0.0009999999999998899
86500000,2026-08-24T01:30:00-03:00,1.74,1.742,0.0020000000000000018
86500000,2026-08-24T01:45:00-03:00,1.74,1.735,0.004999999999999893
86500000,2026-08-24T02:00:00-03:00,1.73,1.732,0.0020000000000000018
86500000,2026-08-24T02:15:00-03:00,1.73,1.7309999999999999,0.0009999999999998899
86500000,2026-08-24T02:30:00-03:00,1.73,1.733,0.0030000000000001137
86500000,2026-08-24T02:45:00-03:00,1.74,1.736,0.0040000000000000036
86500000,2026-08-24T03:00:00-03:00,1.74,1.7380000000000002,0.0019999999999997797
86500000,2026-08-24T03:15:00-03:00,1.74,1.735,0.004999999999999893
86500000,2026-08-24T03:30:00-03:00,1.73,1.734,0.0040000000000000036
86500000,2026-08-24T03:45:00-03:00,1.73,1.734,0.0040000000000000036
86500000,2026-08-24T04:00:00-03:00,1.73,1.733,0.0030000000000001137
86500000,2026-08-24T04:15:00-03:00,1.73,1.733,0.0030000000000001137
86500000,2026-08-24T04:30:00-03:00,1.74,1.736,0.0040000000000000036
86500000,2026-08-24T04:45:00-03:00,1.74,1.735,0.004999999999999893
86500000,2026-08-24T05:00:00-03:00,1.74,1.735,0.004999999999999893
86500000,2026-08-24T05:15:00-03:00,1.74,1.7369999999999999,0.0030000000000001137
86500000,2026-08-24T05:30:00-03:00,1.74,1.7369999999999999,0.0030000000000001137
86500000,2026-08-24T05:45:00-03:00,1.73,1.733,0.0030000000000001137
86500000,2026-08-24T06:00:00-03:00,1.73,1.733,0.0030000000000001137
86500000,2026-08-24T06:15:00-03:00,1.73,1.733,0.0030000000000001137
86500000,2026-08-24T06:30:00-03:00,1.74,1.7380000000000002,0.0019999999999997797
86500000,2026-08-24T06:45:00-03:00,1.74,1.7369999999999999,0.0030000000000001137
86500000,2026-08-24T07:00:00-03:00,1.73,1.7269999999999999,0.0030000000000001137
86500000,2026-08-24T07:15:00-03:00,1.73,1.7309999999999999,0.0009999999999998899
86500000,2026-08-24T07:30:00-03:00,1.74,1.7369999999999999,0.0030000000000001137
86500000,2026-08-24T07:45:00-03:00,1.73,1.732,0.0020000000000000018
86500000,2026-08-24T08:00:00-03:00,1.63,1.629,0.0009999999999998899
86500000,2026-08-24T08:15:00-03:00,1.49,1.492,0.0020000000000000018
86500000,2026-08-24T08:30:00-03:00,1.41,1.411,0.001000000000000112
86500000,2026-08-24T08:45:00-03:00,1.36,1.36,0.0
86500000,2026-08-24T09:00:00-03:00,1.34,1.34,0.0
86500000,2026-08-24T09:15:00-03:00,1.33,1.33,0.0
86500000,2026-08-24T09:30:00-03:00,1.33,1.33,0.0
86500000,2026-08-24T09:45:00-03:00,1.34,1.34,0.0
86500000,2026-08-24T10:00:00-03:00,1.33,1.33,0.0
86500000,2026-08-24T10:15:00-03:00,1.34,1.34,0.0
86500000,2026-08-24T10:30:00-03:00,1.32,1.32,0.0
86500000,2026-08-24T10:45:00-03:00,1.19,1.19,0.0
86500000,2026-08-24T11:00:00-03:00,1.05,1.05,0.0
86500000,2026-08-24T11:15:00-03:00,0.96,0.96,0.0
86500000,2026-08-24T11:30:00-03:00,0.89,0.89,0.0
86500000,2026-08-24T11:45:00-03:00,0.83,0.83,0.0
86500000,2026-08-24T12:00:00-03:00,0.79,0.79,0.0
86500000,2026-08-24T12:15:00-03:00,0.77,0.77,0.0
86500000,2026-08-24T12:30:00-03:00,0.75,0.75,0.0
86500000,2026-08-24T12:45:00-03:00,0.73,0.73,0.0
86500000,2026-08-24T13:00:00-03:00,0.72,0.72,0.0
86500000,2026-08-24T13:15:00-03:00,0.72,0.72,0.0
86500000,2026-08-24T13:30:00-03:00,0.71,0.71,0.0
86500000,2026-08-24T13:45:00-03:00,0.71,0.71,0.0
86500000,2026-08-24T14:00:00-03:00,0.7,0.7,0.0
86500000,2026-08-24T14:15:00-03:00,0.7,0.7,0.0
86500000,2026-08-24T14:30:00-03:00,0.7,0.7,0.0
86500000,2026-08-24T14:45:00-03:00,0.76,0.76,0.0
86500000,2026-08-24T15:00:00-03:00,1.06,1.06,0.0
86500000,2026-08-24T15:15:00-03:00,1.24,1.24,0.0
86500000,2026-08-24T15:30:00-03:00,1.32,1.32,0.0
86500000,2026-08-24T15:45:00-03:00,1.36,1.36,0.0
86500000,2026-08-24T16:00:00-03:00,1.38,1.38,0.0
86500000,2026-08-24T16:15:00-03:00,1.38,1.38,0.0
86500000,2026-08-24T16:30:00-03:00,1.38,1.38,0.0
86500000,2026-08-24T16:45:00-03:00,1.4,1.403,0.0030000000000001137
86500000,2026-08-24T17:00:00-03:00,1.6,1.6,0.0
86500000,2026-08-24T17:15:00-03:00,1.71,1.706,0.0040000000000000036
86500000,2026-08-24T17:30:00-03:00,1.75,1.749,0.0009999999999998899
86500000,2026-08-24T17:45:00-03:00,1.76,1.756,0.0040000000000000036
86500000,2026-08-24T18:00:00-03:00,1.76,1.7619999999999998,0.0019999999999997797
86500000,2026-08-24T18:15:00-03:00,1.76,1.7590000000000001,0.0009999999999998899
86500000,2026-08-24T18:30:00-03:00,1.76,1.7619999999999998,0.0019999999999997797
86500000,2026-08-24T18:45:00-03:00,1.76,1.7630000000000001,0.0030000000000001137
86500000,2026-08-24T19:00:00-03:00,1.76,1.765,0.004999999999999893
86500000,2026-08-24T19:15:00-03:00,1.77,1.77,0.0
86500000,2026-08-24T19:30:00-03:00,1.78,1.7830000000000001,0.0030000000000001137
86500000,2026-08-24T19:45:00-03:00,1.79,1.788,0.0020000000000000018
86500000,2026-08-24T20:00:00-03:00,1.79,1.7919999999999998,0.0019999999999997797
86500000,2026-08-24T20:15:00-03:00,1.79,1.7930000000000001,0.0030000000000001137
86500000,2026-08-24T20:30:00-03:00,1.8,1.796,0.0040000000000000036
86500000,2026-08-24T20:45:00-03:00,1.79,1.7930000000000001,0.0030000000000001137
86500000,2026-08-24T21:00:00-03:00,1.79,1.795,0.004999999999999893
86500000,2026-08-24T21:15:00-03:00,1.79,1.7930000000000001,0.0030000000000001137
86500000,2026-08-24T21:30:00-03:00,1.79,1.7930000000000001,0.0030000000000001137
86500000,2026-08-24T21:45:00-03:00,1.79,1.7930000000000001,0.0030000000000001137
86500000,2026-08-24T22:00:00-03:00,1.79,1.795,0.004999999999999893
86500000,2026-08-24T22:15:00-03:00,1.79,1.79,0.0
86500000,2026-08-24T22:30:00-03:00,1.79,1.7890000000000001,0.0009999999999998899
86500000,2026-08-24T22:45:00-03:00,1.79,1.787,0.0030000000000001137
86500000,2026-08-24T23:00:00-03:00,1.79,1.794,0.0040000000000000036
86500000,2026-08-24T23:15:00-03:00,1.79,1.7890000000000001,0.0009999999999998899
86500000,2026-08-24T23:30:00-03:00,1.79,1.788,0.0020000000000000018
86500000,2026-08-24T23:45:00-03:00,1.79,1.79,0.0
86500000,2026-08-25T00:00:00-03:00,1.78,1.784,0.0040000000000000036
86500000,2026-08-25T00:15:00-03:00,1.78,1.784,0.0040000000000000036
86500000,2026-08-25T00:30:00-03:00,1.78,1.785,0.004999999999999893
86500000,2026-08-25T00:45:00-03:00,1.78,1.7819999999999998,0.0019999999999997797
86500000,2026-08-25T01:00:00-03:00,1.78,1.7830000000000001,0.0030000000000001137
86500000,2026-08-25T01:15:00-03:00,1.78,1.7830000000000001,0.0030000000000001137
86500000,2026-08-25T01:30:00-03:00,1.78,1.785,0.004999999999999893
86500000,2026-08-25T01:45:00-03:00,1.76,1.7590000000000001,0.0009999999999998899
86500000,2026-08-25T02:00:00-03:00,1.73,1.733,0.0030000000000001137
86500000,2026-08-25T02:15:00-03:00,1.73,1.725,0.004999999999999893
86500000,2026-08-25T02:30:00-03:00,1.72,1.724,0.0040000000000000036
86500000,2026-08-25T02:45:00-03:00,1.72,1.724,0.0040000000000000036
86500000,2026-08-25T03:00:00-03:00,1.73,1.725,0.004999999999999893
86500000,2026-08-25T03:15:00-03:00,1.74,1.743,0.0030000000000001137
86500000,2026-08-25T03:30:00-03:00,1.75,1.7530000000000001,0.0030000000000001137
86500000,2026-08-25T03:45:00-03:00,1.75,1.7530000000000001,0.0030000000000001137
86500000,2026-08-25T04:00:00-03:00,1.75,1.751,0.0009999999999998899
86500000,2026-08-25T04:15:00-03:00,1.63,1.6280000000000001,0.0019999999999997797
86500000,2026-08-25T04:30:00-03:00,1.49,1.493,0.0030000000000001137
86500000,2026-08-25T04:45:00-03:00,1.43,1.429,0.0009999999999998899
86500000,2026-08-25T05:00:00-03:00,1.4,1.401,0.001000000000000112
86500000,2026-08-25T05:15:00-03:00,1.39,1.39,0.0
86500000,2026-08-25T05:30:00-03:00,1.39,1.386,0.0040000000000000036
86500000,2026-08-25T05:45:00-03:00,1.39,1.3869999999999998,0.0030000000000001137
86500000,2026-08-25T06:00:00-03:00,1.39,1.386,0.0040000000000000036
86500000,2026-08-25T06:15:00-03:00,1.38,1.383,0.0030000000000001137
86500000,2026-08-25T06:30:00-03:00,1.39,1.386,0.0040000000000000036
86500000,2026-08-25T06:45:00-03:00,1.38,1.3840000000000001,0.004000000000000226
86500000,2026-08-25T07:00:00-03:00,1.38,1.38,0.0
86500000,2026-08-25T07:15:00-03:00,1.38,1.375,0.004999999999999893
86500000,2026-08-25T07:30:00-03:00,1.37,1.3659999999999999,0.004000000000000226
86500000,2026-08-25T07:45:00-03:00,1.35,1.3530000000000002,0.0030000000000001137
86500000,2026-08-25T08:00:00-03:00,1.34,1.3430000000000002,0.0030000000000001137
86500000,2026-08-25T08:15:00-03:00,1.34,1.3359999999999999,0.004000000000000226
86500000,2026-08-25T08:30:00-03:00,1.34,1.338,0.0020000000000000018
86500000,2026-08-25T08:45:00-03:00,1.33,1.335,0.004999999999999893
86500000,2026-08-25T09:00:00-03:00,1.33,1.334,0.0040000000000000036
86500000,2026-08-25T09:15:00-03:00,1.33,1.335,0.004999999999999893
86500000,2026-08-25T09:30:00-03:00,1.33,1.335,0.004999999999999893
86500000,2026-08-25T09:45:00-03:00,1.34,1.3359999999999999,0.004000000000000226
86500000,2026-08-25T10:00:00-03:00,1.33,1.334,0.0040000000000000036
86500000,2026-08-25T10:15:00-03:00,1.33,1.334,0.0040000000000000036
86500000,2026-08-25T10:30:00-03:00,1.33,1.334,0.0040000000000000036
86500000,2026-08-25T10:45:00-03:00,1.33,1.33,0.0
86500000,2026-08-25T11:00:00-03:00,1.34,1.34,0.0
86500000,2026-08-25T11:15:00-03:00,1.33,1.33,0.0
86500000,2026-08-25T11:30:00-03:00,1.33,1.33,0.0
86500000,2026-08-25T11:45:00-03:00,1.33,1.33,0.0
86500000,2026-08-25T12:00:00-03:00,1.33,1.33,0.0
86500000,2026-08-25T12:15:00-03:00,1.33,1.33,0.0
86500000,2026-08-25T12:30:00-03:00,1.33,1.33,0.0
86500000,2026-08-25T12:45:00-03:00,1.33,1.33,0.0
86500000,2026-08-25T13:00:00-03:00,1.33,1.33,0.0
86500000,2026-08-25T13:15:00-03:00,1.33,1.33,0.0
86500000,2026-08-25T13:30:00-03:00,1.33,1.33,0.0
86500000,2026-08-25T13:45:00-03:00,1.31,1.31,0.0
86500000,2026-08-25T14:00:00-03:00,1.16,1.16,0.0
86500000,2026-08-25T14:15:00-03:00,1.04,1.04,0.0
86500000,2026-08-25T14:30:00-03:00,0.94,0.94,0.0
86500000,2026-08-25T14:45:00-03:00,0.87,0.87,0.0
86500000,2026-08-25T15:00:00-03:00,0.82,0.82,0.0
86500000,2026-08-25T15:15:00-03:00,0.78,0.78,0.0
86500000,2026-08-25T15:30:00-03:00,0.76,0.76,0.0
86500000,2026-08-25T15:45:00-03:00,0.74,0.74,0.0
86500000,2026-08-25T16:00:00-03:00,0.72,0.72,0.0
86500000,2026-08-25T16:15:00-03:00,0.71,0.71,0.0
86500000,2026-08-25T16:30:00-03:00,0.71,0.71,0.0
86500000,2026-08-25T16:45:00-03:00,0.7,0.703,0.0030000000000000027
86500000,2026-08-25T17:00:00-03:00,0.9,0.903,0.0030000000000000027
86500000,2026-08-25T17:15:00-03:00,1.13,1.129,0.0009999999999998899
86500000,2026-08-25T17:30:00-03:00,1.24,1.2409999999999999,0.0009999999999998899
86500000,2026-08-25T17:45:00-03:00,1.29,1.2930000000000001,0.0030000000000001137
86500000,2026-08-25T18:00:00-03:00,1.31,1.3130000000000002,0.0030000000000001137
86500000,2026-08-25T18:15:00-03:00,1.32,1.3219999999999998,0.0019999999999997797
86500000,2026-08-25T18:30:00-03:00,1.33,1.3259999999999998,0.004000000000000226
86500000,2026-08-25T18:45:00-03:00,1.33,1.331,0.0009999999999998899
86500000,2026-08-25T19:00:00-03:00,1.33,1.3319999999999999,0.0019999999999997797
86500000,2026-08-25T19:15:00-03:00,1.33,1.3330000000000002,0.0030000000000001137
86500000,2026-08-25T19:30:00-03:00,1.33,1.33,0.0
86500000,2026-08-25T19:45:00-03:00,1.33,1.329,0.001000000000000112
86500000,2026-08-25T20:00:00-03:00,1.33,1.33,0.0
86500000,2026-08-25T20:15:00-03:00,1.33,1.334,0.0040000000000000036
86500000,2026-08-25T20:30:00-03:00,1.34,1.339,0.001000000000000112
86500000,2026-08-25T20:45:00-03:00,1.34,1.34,0.0
86500000,2026-08-25T21:00:00-03:00,1.34,1.337,0.0030000000000001137
86500000,2026-08-25T21:15:00-03:00,1.34,1.337,0.0030000000000001137
86500000,2026-08-25T21:30:00-03:00,1.34,1.3359999999999999,0.004000000000000226
86500000,2026-08-25T21:45:00-03:00,1.34,1.341,0.0009999999999998899
86500000,2026-08-25T22:00:00-03:00,1.34,1.344,0.0040000000000000036
86500000,2026-08-25T22:15:00-03:00,1.34,1.337,0.0030000000000001137
86500000,2026-08-25T22:30:00-03:00,1.33,1.335,0.004999999999999893
86500000,2026-08-25T22:45:00-03:00,1.33,1.329,0.001000000000000112
86500000,2026-08-25T23:00:00-03:00,1.33,1.328,0.0020000000000000018
86500000,2026-08-25T23:15:00-03:00,1.33,1.3259999999999998,0.004000000000000226
86500000,2026-08-25T23:30:00-03:00,1.32,1.3230000000000002,0.0030000000000001137
86500000,2026-08-25T23:45:00-03:00,1.32,1.32,0.0
86500000,2026-08-26T00:00:00-03:00,1.32,1.3230000000000002,0.0030000000000001137
86500000,2026-08-26T00:15:00-03:00,1.32,1.32,0.0
86500000,2026-08-26T00:30:00-03:00,1.32,1.325,0.004999999999999893
86500000,2026-08-26T00:45:00-03:00,1.33,1.33,0.0
86500000,2026-08-26T01:00:00-03:00,1.32,1.32,0.0
86500000,2026-08-26T01:15:00-03:00,1.33,1.33,0.0
86500000,2026-08-26T01:30:00-03:00,1.32,1.32,0.0
86500000,2026-08-26T01:45:00-03:00,1.33,1.3259999999999998,0.004000000000000226
86500000,2026-08-26T02:00:00-03:00,1.32,1.3230000000000002,0.0030000000000001137
86500000,2026-08-26T02:15:00-03:00,1.32,1.3230000000000002,0.0030000000000001137
86500000,2026-08-26T02:30:00-03:00,1.32,1.3230000000000002,0.0030000000000001137
86500000,2026-08-26T02:45:00-03:00,1.32,1.324,0.0040000000000000036
86500000,2026-08-26T03:00:00-03:00,1.33,1.327,0.0030000000000001137
86500000,2026-08-26T03:15:00-03:00,1.33,1.328,0.0020000000000000018
86500000,2026-08-26T03:30:00-03:00,1.33,1.3259999999999998,0.004000000000000226
86500000,2026-08-26T03:45:00-03:00,1.32,1.324,0.0040000000000000036
86500000,2026-08-26T04:00:00-03:00,1.32,1.324,0.0040000000000000036
86500000,2026-08-26T04:15:00-03:00,1.32,1.325,0.004999999999999893
86500000,2026-08-26T04:30:00-03:00,1.33,1.327,0.0030000000000001137
86500000,2026-08-26T04:45:00-03:00,1.32,1.325,0.004999999999999893
86500000,2026-08-26T05:00:00-03:00,1.32,1.325,0.004999999999999893
86500000,2026-08-26T05:15:00-03:00,1.33,1.3259999999999998,0.004000000000000226
86500000,2026-08-26T05:30:00-03:00,1.33,1.328,0.0020000000000000018
86500000,2026-08-26T05:45:00-03:00,1.33,1.327,0.0030000000000001137
86500000,2026-08-26T06:00:00-03:00,1.32,1.325,0.004999999999999893
86500000,2026-08-26T06:15:00-03:00,1.33,1.329,0.001000000000000112
86500000,2026-08-26T06:30:00-03:00,1.33,1.331,0.0009999999999998899
86500000,2026-08-26T06:45:00-03:00,1.33,1.328,0.0020000000000000018
86500000,2026-08-26T07:00:00-03:00,1.32,1.325,0.004999999999999893
86500000,2026-08-26T07:15:00-03:00,1.32,1.319,0.001000000000000112
86500000,2026-08-26T07:30:00-03:00,1.32,1.321,0.0009999999999998899
86500000,2026-08-26T07:45:00-03:00,1.32,1.3219999999999998,0.0019999999999997797
86500000,2026-08-26T08:00:00-03:00,1.32,1.3230000000000002,0.0030000000000001137
86500000,2026-08-26T08:15:00-03:00,1.32,1.3230000000000002,0.0030000000000001137
86500000,2026-08-26T08:30:00-03:00,1.32,1.324,0.0040000000000000036
86500000,2026-08-26T08:45:00-03:00,1.33,1.328,0.0020000000000000018
86500000,2026-08-26T09:00:00-03:00,1.33,1.328,0.0020000000000000018
86500000,2026-08-26T09:15:00-03:00,1.32,1.325,0.004999999999999893
86500000,2026-08-26T09:30:00-03:00,1.32,1.325,0.004999999999999893
86500000,2026-08-26T09:45:00-03:00,1.32,1.325,0.004999999999999893
86500000,2026-08-26T10:00:00-03:00,1.33,1.327,0.0030000000000001137
86500000,2026-08-26T10:15:00-03:00,1.33,1.328,0.0020000000000000018
86500000,2026-08-26T10:30:00-03:00,1.33,1.3259999999999998,0.004000000000000226
86500000,2026-08-26T10:45:00-03:00,1.33,1.3259999999999998,0.004000000000000226
86500000,2026-08-26T11:00:00-03:00,1.33,1.3259999999999998,0.004000000000000226
86500000,2026-08-26T11:15:00-03:00,1.32,1.325,0.004999999999999893
86500000,2026-08-26T11:30:00-03:00,1.32,1.3230000000000002,0.0030000000000001137
86500000,2026-08-26T11:45:00-03:00,1.32,1.324,0.0040000000000000036
86500000,2026-08-26T12:00:00-03:00,1.33,1.3259999999999998,0.004000000000000226
86500000,2026-08-26T12:15:00-03:00,1.33,1.327,0.0030000000000001137
86500000,2026-08-26T12:30:00-03:00,1.32,1.3219999999999998,0.0019999999999997797
86500000,2026-08-26T12:45:00-03:00,1.32,1.32,0.0
86500000,2026-08-26T13:00:00-03:00,1.32,1.32,0.0
86500000,2026-08-26T13:15:00-03:00,1.33,1.33,0.0
86500000,2026-08-26T13:30:00-03:00,1.33,1.33,0.0
86500000,2026-08-26T13:45:00-03:00,1.33,1.33,0.0
86500000,2026-08-26T14:00:00-03:00,1.33,1.33,0.0
86500000,2026-08-26T14:15:00-03:00,1.33,1.33,0.0
86500000,2026-08-26T14:30:00-03:00,1.32,1.32,0.0
86500000,2026-08-26T14:45:00-03:00,1.33,1.33,0.0
86500000,2026-08-26T15:00:00-03:00,1.33,1.33,0.0
86500000,2026-08-26T15:15:00-03:00,1.33,1.33,0.0
86500000,2026-08-26T15:30:00-03:00,1.33,1.33,0.0
86500000,2026-08-26T15:45:00-03:00,1.33,1.33,0.0
86500000,2026-08-26T16:00:00-03:00,1.32,1.32,0.0
86500000,2026-08-26T16:15:00-03:00,1.32,1.32,0.0
86500000,2026-08-26T16:30:00-03:00,1.32,1.32,0.0
86500000,2026-08-26T16:45:00-03:00,1.32,1.3219999999999998,0.0019999999999997797
86500000,2026-08-26T17:00:00-03:00,1.33,1.3330000000000002,0.0030000000000001137
86500000,2026-08-26T17:15:00-03:00,1.5,1.4980000000000002,0.0019999999999997797
86500000,2026-08-26T17:30:00-03:00,1.62,1.6159999999999999,0.004000000000000226
86500000,2026-08-26T17:45:00-03:00,1.66,1.659,0.0009999999999998899
86500000,2026-08-26T18:00:00-03:00,1.67,1.669,0.0009999999999998899
86500000,2026-08-26T18:15:00-03:00,1.67,1.671,0.001000000000000112
86500000,2026-08-26T18:30:00-03:00,1.67,1.672,0.0020000000000000018
86500000,2026-08-26T18:45:00-03:00,1.68,1.676,0.0040000000000000036
86500000,2026-08-26T19:00:00-03:00,1.68,1.675,0.004999999999999893
86500000,2026-08-26T19:15:00-03:00,1.67,1.669,0.0009999999999998899
86500000,2026-08-26T19:30:00-03:00,1.67,1.6669999999999998,0.0030000000000001137
86500000,2026-08-26T19:45:00-03:00,1.67,1.672,0.0020000000000000018
86500000,2026-08-26T20:00:00-03:00,1.68,1.676,0.0040000000000000036
86500000,2026-08-26T20:15:00-03:00,1.68,1.6769999999999998,0.0030000000000001137
86500000,2026-08-26T20:30:00-03:00,1.68,1.6769999999999998,0.0030000000000001137
86500000,2026-08-26T20:45:00-03:00,1.68,1.6780000000000002,0.0019999999999997797
86500000,2026-08-26T21:00:00-03:00,1.68,1.679,0.0009999999999998899
86500000,2026-08-26T21:15:00-03:00,1.68,1.676,0.0040000000000000036
86500000,2026-08-26T21:30:00-03:00,1.57,1.5719999999999998,0.0019999999999997797
86500000,2026-08-26T21:45:00-03:00,1.45,1.446,0.0040000000000000036
86500000,2026-08-26T22:00:00-03:00,1.38,1.379,0.0009999999999998899
86500000,2026-08-26T22:15:00-03:00,1.35,1.351,0.0009999999999998899
86500000,2026-08-26T22:30:00-03:00,1.34,1.339,0.001000000000000112
86500000,2026-08-26T23:45:00-03:00,1.34,1.34,0.0
86500000,2026-08-27T00:00:00-03:00,1.34,1.3430000000000002,0.0030000000000001137
86500000,2026-08-27T00:15:00-03:00,1.34,1.3419999999999999,0.0019999999999997797
86500000,2026-08-27T00:30:00-03:00,1.34,1.344,0.0040000000000000036
86500000,2026-08-27T00:45:00-03:00,1.35,1.3459999999999999,0.004000000000000226
86500000,2026-08-27T01:00:00-03:00,1.35,1.349,0.001000000000000112
86500000,2026-08-27T01:15:00-03:00,1.35,1.348,0.0020000000000000018
86500000,2026-08-27T01:30:00-03:00,1.35,1.354,0.0040000000000000036
86500000,2026-08-27T01:45:00-03:00,1.35,1.3530000000000002,0.0030000000000001137
86500000,2026-08-27T02:00:00-03:00,1.35,1.3530000000000002,0.0030000000000001137
86500000,2026-08-27T02:15:00-03:00,1.35,1.349,0.001000000000000112
86500000,2026-08-27T02:30:00-03:00,1.35,1.3459999999999999,0.004000000000000226
86500000,2026-08-27T02:45:00-03:00,1.35,1.347,0.0030000000000001137
86500000,2026-08-27T03:00:00-03:00,1.35,1.351,0.0009999999999998899
86500000,2026-08-27T03:15:00-03:00,1.35,1.347,0.0030000000000001137
86500000,2026-08-27T03:30:00-03:00,1.35,1.3459999999999999,0.004000000000000226
86500000,2026-08-27T03:45:00-03:00,1.35,1.3459999999999999,0.004000000000000226
86500000,2026-08-27T04:00:00-03:00,1.34,1.344,0.0040000000000000036
86500000,2026-08-27T04:15:00-03:00,1.34,1.3430000000000002,0.0030000000000001137
86500000,2026-08-27T04:30:00-03:00,1.34,1.345,0.004999999999999893
86500000,2026-08-27T04:45:00-03:00,1.34,1.345,0.004999999999999893
86500000,2026-08-27T05:00:00-03:00,1.35,1.347,0.0030000000000001137
86500000,2026-08-27T05:15:00-03:00,1.35,1.348,0.0020000000000000018
86500000,2026-08-27T05:30:00-03:00,1.35,1.35,0.0
86500000,2026-08-27T05:45:00-03:00,1.35,1.348,0.0020000000000000018
86500000,2026-08-27T06:00:00-03:00,1.34,1.345,0.004999999999999893
86500000,2026-08-27T06:15:00-03:00,1.34,1.345,0.004999999999999893
86500000,2026-08-27T06:30:00-03:00,1.34,1.337,0.0030000000000001137
86500000,2026-08-27T06:45:00-03:00,1.33,1.328,0.0020000000000000018
86500000,2026-08-27T07:00:00-03:00,1.32,1.318,0.0020000000000000018
86500000,2026-08-27T07:15:00-03:00,1.32,1.319,0.001000000000000112
86500000,2026-08-27T07:30:00-03:00,1.32,1.324,0.0040000000000000036
86500000,2026-08-27T07:45:00-03:00,1.33,1.327,0.0030000000000001137
86500000,2026-08-27T08:00:00-03:00,1.33,1.328,0.0020000000000000018
86500000,2026-08-27T08:15:00-03:00,1.33,1.33,0.0
86500000,2026-08-27T08:30:00-03:00,1.33,1.328,0.0020000000000000018
86500000,2026-08-27T08:45:00-03:00,1.32,1.3230000000000002,0.0030000000000001137
86500000,2026-08-27T09:00:00-03:00,1.32,1.319,0.001000000000000112
86500000,2026-08-27T09:15:00-03:00,1.32,1.32,0.0
86500000,2026-08-27T09:30:00-03:00,1.32,1.321,0.0009999999999998899
86500000,2026-08-27T09:45:00-03:00,1.32,1.317,0.0030000000000001137
86500000,2026-08-27T10:00:00-03:00,1.32,1.3159999999999998,0.004000000000000226
86500000,2026-08-27T10:15:00-03:00,1.32,1.318,0.0020000000000000018
86500000,2026-08-27T10:30:00-03:00,1.32,1.3219999999999998,0.0019999999999997797
86500000,2026-08-27T10:45:00-03:00,1.32,1.3219999999999998,0.0019999999999997797
86500000,2026-08-27T11:00:00-03:00,1.32,1.32,0.0
86500000,2026-08-27T11:15:00-03:00,1.32,1.317,0.0030000000000001137
86500000,2026-08-27T11:30:00-03:00,1.32,1.318,0.0020000000000000018
86500000,2026-08-27T11:45:00-03:00,1.32,1.3159999999999998,0.004000000000000226
86500000,2026-08-27T12:00:00-03:00,1.32,1.3159999999999998,0.004000000000000226
86500000,2026-08-27T12:15:00-03:00,1.31,1.3130000000000002,0.0030000000000001137
86500000,2026-08-27T12:30:00-03:00,1.31,1.3130000000000002,0.0030000000000001137
86500000,2026-08-27T12:45:00-03:00,1.31,1.31,0.0
86500000,2026-08-27T13:00:00-03:00,1.31,1.31,0.0
86500000,2026-08-27T13:15:00-03:00,1.32,1.32,0.0
86500000,2026-08-27T13:30:00-03:00,1.32,1.32,0.0
86500000,2026-08-27T13:45:00-03:00,1.32,1.32,0.0
86500000,2026-08-27T14:00:00-03:00,1.32,1.32,0.0
86500000,2026-08-27T14:15:00-03:00,1.32,1.32,0.0
86500000,2026-08-27T14:30:00-03:00,1.32,1.32,0.0
86500000,2026-08-27T14:45:00-03:00,1.32,1.32,0.0
86500000,2026-08-27T15:00:00-03:00,1.32,1.32,0.0
86500000,2026-08-27T15:15:00-03:00,1.32,1.32,0.0
86500000,2026-08-27T15:30:00-03:00,1.32,1.32,0.0
86500000,2026-08-27T15:45:00-03:00,1.32,1.32,0.0
86500000,2026-08-27T16:00:00-03:00,1.31,1.31,0.0
86500000,2026-08-27T16:15:00-03:00,1.31,1.31,0.0
86500000,2026-08-27T16:30:00-03:00,1.31,1.31,0.0
86500000,2026-08-27T16:45:00-03:00,1.32,1.32,0.0
86500000,2026-08-27T17:00:00-03:00,1.32,1.32,0.0
86500000,2026-08-27T17:15:00-03:00,1.32,1.32,0.0
86500000,2026-08-27T17:30:00-03:00,1.32,1.32,0.0
86500000,2026-08-27T17:45:00-03:00,1.32,1.3159999999999998,0.004000000000000226
86500000,2026-08-27T18:00:00-03:00,1.32,1.3159999999999998,0.004000000000000226
86500000,2026-08-27T18:15:00-03:00,1.32,1.3159999999999998,0.004000000000000226
86500000,2026-08-27T18:30:00-03:00,1.31,1.315,0.004999999999999893
86500000,2026-08-27T18:45:00-03:00,1.32,1.3159999999999998,0.004000000000000226
86500000,2026-08-27T19:00:00-03:00,1.32,1.318,0.0020000000000000018
86500000,2026-08-27T19:15:00-03:00,1.32,1.317,0.0030000000000001137
86500000,2026-08-27T19:30:00-03:00,1.32,1.319,0.001000000000000112
86500000,2026-08-27T19:45:00-03:00,1.32,1.317,0.0030000000000001137
86500000,2026-08-27T20:00:00-03:00,1.32,1.319,0.001000000000000112
86500000,2026-08-27T20:15:00-03:00,1.32,1.319,0.001000000000000112
86500000,2026-08-27T20:30:00-03:00,1.32,1.32,0.0
86500000,2026-08-27T20:45:00-03:00,1.32,1.321,0.0009999999999998899
86500000,2026-08-27T21:00:00-03:00,1.32,1.32,0.0
86500000,2026-08-27T21:15:00-03:00,1.32,1.3159999999999998,0.004000000000000226
86500000,2026-08-27T21:30:00-03:00,1.32,1.32,0.0
86500000,2026-08-27T21:45:00-03:00,1.32,1.324,0.0040000000000000036
86500000,2026-08-27T22:00:00-03:00,1.32,1.3219999999999998,0.0019999999999997797
86500000,2026-08-27T22:15:00-03:00,1.32,1.3159999999999998,0.004000000000000226
86500000,2026-08-27T22:30:00-03:00,1.31,1.314,0.0040000000000000036
86500000,2026-08-27T22:45:00-03:00,1.31,1.3130000000000002,0.0030000000000001137
86500000,2026-08-27T23:00:00-03:00,1.31,1.315,0.004999999999999893
86500000,2026-08-27T23:15:00-03:00,1.31,1.314,0.0040000000000000036
86500000,2026-08-27T23:30:00-03:00,1.31,1.315,0.004999999999999893
86500000,2026-08-27T23:45:00-03:00,1.31,1.31,0.0
86500000,2026-08-28T00:00:00-03:00,1.31,1.314,0.0040000000000000036
86500000,2026-08-28T00:15:00-03:00,1.31,1.314,0.0040000000000000036
86500000,2026-08-28T00:30:00-03:00,1.32,1.319,0.001000000000000112
86500000,2026-08-28T00:45:00-03:00,1.32,1.317,0.0030000000000001137
86500000,2026-08-28T01:00:00-03:00,1.32,1.317,0.0030000000000001137
86500000,2026-08-28T01:15:00-03:00,1.32,1.317,0.0030000000000001137
86500000,2026-08-28T01:30:00-03:00,1.32,1.3159999999999998,0.004000000000000226
86500000,2026-08-28T01:45:00-03:00,1.31,1.315,0.004999999999999893
86500000,2026-08-28T02:00:00-03:00,1.32,1.317,0.0030000000000001137
86500000,2026-08-28T02:15:00-03:00,1.32,1.3159999999999998,0.004000000000000226
86500000,2026-08-28T02:30:00-03:00,1.31,1.315,0.004999999999999893
86500000,2026-08-28T02:45:00-03:00,1.31,1.315,0.004999999999999893
86500000,2026-08-28T03:00:00-03:00,1.32,1.3159999999999998,0.004000000000000226
86500000,2026-08-28T03:15:00-03:00,1.31,1.3119999999999998,0.0019999999999997797
86500000,2026-08-28T03:30:00-03:00,1.31,1.314,0.0040000000000000036
86500000,2026-08-28T03:45:00-03:00,1.32,1.317,0.0030000000000001137
86500000,2026-08-28T04:00:00-03:00,1.32,1.3159999999999998,0.004000000000000226
86500000,2026-08-28T04:15:00-03:00,1.32,1.317,0.0030000000000001137
86500000,2026-08-28T04:30:00-03:00,1.32,1.319,0.001000000000000112
86500000,2026-08-28T04:45:00-03:00,1.32,1.319,0.001000000000000112
86500000,2026-08-28T05:00:00-03:00,1.32,1.321,0.0009999999999998899
86500000,2026-08-28T05:15:00-03:00,1.32,1.321,0.0009999999999998899
86500000,2026-08-28T05:30:00-03:00,1.32,1.3219999999999998,0.0019999999999997797
86500000,2026-08-28T05:45:00-03:00,1.32,1.321,0.0009999999999998899
86500000,2026-08-28T06:00:00-03:00,1.32,1.321,0.0009999999999998899
86500000,2026-08-28T06:15:00-03:00,1.32,1.319,0.001000000000000112
86500000,2026-08-28T06:30:00-03:00,1.32,1.319,0.001000000000000112
86500000,2026-08-28T06:45:00-03:00,1.32,1.319,0.001000000000000112
86500000,2026-08-28T07:00:00-03:00,1.32,1.318,0.0020000000000000018
86500000,2026-08-28T07:15:00-03:00,1.32,1.317,0.0030000000000001137
86500000,2026-08-28T07:30:00-03:00,1.32,1.3159999999999998,0.004000000000000226
86500000,2026-08-28T07:45:00-03:00,1.31,1.315,0.004999999999999893
86500000,2026-08-28T08:00:00-03:00,1.32,1.3219999999999998,0.0019999999999997797
86500000,2026-08-28T08:15:00-03:00,1.33,1.329,0.001000000000000112
86500000,2026-08-28T08:30:00-03:00,1.33,1.335,0.004999999999999893
86500000,2026-08-28T08:45:00-03:00,1.33,1.334,0.0040000000000000036
86500000,2026-08-28T09:00:00-03:00,1.33,1.334,0.0040000000000000036
86500000,2026-08-28T09:15:00-03:00,1.33,1.3319999999999999,0.0019999999999997797
86500000,2026-08-28T09:30:00-03:00,1.33,1.3319999999999999,0.0019999999999997797
86500000,2026-08-28T09:45:00-03:00,1.33,1.331,0.0009999999999998899
86500000,2026-08-28T10:00:00-03:00,1.33,1.3319999999999999,0.0019999999999997797
86500000,2026-08-28T10:15:00-03:00,1.33,1.334,0.0040000000000000036
86500000,2026-08-28T10:30:00-03:00,1.33,1.3319999999999999,0.0019999999999997797
86500000,2026-08-28T10:45:00-03:00,1.34,1.337,0.0030000000000001137
86500000,2026-08-28T11:00:00-03:00,1.34,1.3359999999999999,0.004000000000000226
86500000,2026-08-28T11:15:00-03:00,1.33,1.3319999999999999,0.0019999999999997797
86500000,2026-08-28T11:30:00-03:00,1.33,1.331,0.0009999999999998899
86500000,2026-08-28T11:45:00-03:00,1.33,1.331,0.0009999999999998899
86500000,2026-08-28T12:00:00-03:00,1.33,1.331,0.0009999999999998899
86500000,2026-08-28T12:15:00-03:00,1.33,1.33,0.0
86500000,2026-08-28T12:30:00-03:00,1.33,1.329,0.001000000000000112
86500000,2026-08-28T12:45:00-03:00,1.33,1.331,0.0009999999999998899
86500000,2026-08-28T13:00:00-03:00,1.33,1.331,0.0009999999999998899
86500000,2026-08-28T13:15:00-03:00,1.33,1.329,0.001000000000000112
86500000,2026-08-28T13:30:00-03:00,1.33,1.3319999999999999,0.0019999999999997797
86500000,2026-08-28T13:45:00-03:00,1.33,1.33,0.0
86500000,2026-08-28T14:00:00-03:00,1.33,1.33,0.0
86500000,2026-08-28T14:15:00-03:00,1.33,1.33,0.0
86500000,2026-08-28T14:30:00-03:00,1.33,1.33,0.0
86500000,2026-08-28T14:45:00-03:00,1.33,1.33,0.0
86500000,2026-08-28T15:00:00-03:00,1.33,1.33,0.0
86500000,2026-08-28T15:15:00-03:00,1.34,1.34,0.0
86500000,2026-08-28T15:30:00-03:00,1.34,1.34,0.0
86500000,2026-08-28T15:45:00-03:00,1.34,1.34,0.0
86500000,2026-08-28T16:00:00-03:00,1.34,1.34,0.0
86500000,2026-08-28T16:15:00-03:00,1.33,1.33,0.0
86500000,2026-08-28T16:30:00-03:00,1.33,1.33,0.0
86500000,2026-08-28T16:45:00-03:00,1.33,1.33,0.0
86500000,2026-08-28T17:00:00-03:00,1.34,1.34,0.0
86500000,2026-08-28T17:15:00-03:00,1.34,1.34,0.0
86500000,2026-08-28T17:30:00-03:00,1.34,1.34,0.0
86500000,2026-08-28T17:45:00-03:00,1.34,1.341,0.0009999999999998899
86500000,2026-08-28T18:00:00-03:00,1.34,1.339,0.001000000000000112
86500000,2026-08-28T18:15:00-03:00,1.34,1.337,0.0030000000000001137
86500000,2026-08-28T18:30:00-03:00,1.34,1.341,0.0009999999999998899
86500000,2026-08-28T18:45:00-03:00,1.34,1.34,0.0
86500000,2026-08-28T19:00:00-03:00,1.34,1.34,0.0
86500000,2026-08-28T19:15:00-03:00,1.34,1.34,0.0
86500000,2026-08-28T19:30:00-03:00,1.34,1.34,0.0
86500000,2026-08-28T19:45:00-03:00,1.33,1.33,0.0
86500000,2026-08-28T20:00:00-03:00,1.34,1.34,0.0
86500000,2026-08-28T20:15:00-03:00,1.34,1.34,0.0
86500000,2026-08-28T20:30:00-03:00,1.34,1.34,0.0
86500000,2026-08-28T20:45:00-03:00,1.34,1.345,0.004999999999999893
86500000,2026-08-28T21:00:00-03:00,1.35,1.348,0.0020000000000000018
86500000,2026-08-28T21:15:00-03:00,1.34,1.345,0.004999999999999893
86500000,2026-08-28T21:30:00-03:00,1.34,1.3430000000000002,0.0030000000000001137
86500000,2026-08-28T21:45:00-03:00,1.35,1.3459999999999999,0.004000000000000226
86500000,2026-08-28T22:00:00-03:00,1.34,1.345,0.004999999999999893
86500000,2026-08-28T22:15:00-03:00,1.34,1.341,0.0009999999999998899
86500000,2026-08-28T22:30:00-03:00,1.34,1.341,0.0009999999999998899
86500000,2026-08-28T23:45:00-03:00,1.38,1.38,0.0
86500000,2026-08-29T00:00:00-03:00,1.39,1.392,0.0020000000000000018
86500000,2026-08-29T00:15:00-03:00,1.4,1.3980000000000001,0.0019999999999997797
86500000,2026-08-29T00:30:00-03:00,1.4,1.4,0.0
86500000,2026-08-29T00:45:00-03:00,1.4,1.401,0.001000000000000112
86500000,2026-08-29T01:00:00-03:00,1.4,1.403,0.0030000000000001137
86500000,2026-08-29T01:15:00-03:00,1.4,1.401,0.001000000000000112
86500000,2026-08-29T01:30:00-03:00,1.4,1.403,0.0030000000000001137
86500000,2026-08-29T01:45:00-03:00,1.4,1.401,0.001000000000000112
86500000,2026-08-29T02:00:00-03:00,1.4,1.3980000000000001,0.0019999999999997797
86500000,2026-08-29T02:15:00-03:00,1.39,1.391,0.001000000000000112
86500000,2026-08-29T02:30:00-03:00,1.39,1.39,0.0
86500000,2026-08-29T02:45:00-03:00,1.39,1.39,0.0
86500000,2026-08-29T03:00:00-03:00,1.39,1.3880000000000001,0.0019999999999997797
86500000,2026-08-29T03:15:00-03:00,1.39,1.386,0.0040000000000000036
86500000,2026-08-29T03:30:00-03:00,1.39,1.389,0.0009999999999998899
86500000,2026-08-29T03:45:00-03:00,1.39,1.3869999999999998,0.0030000000000001137
86500000,2026-08-29T04:00:00-03:00,1.39,1.3880000000000001,0.0019999999999997797
86500000,2026-08-29T04:15:00-03:00,1.39,1.3880000000000001,0.0019999999999997797
86500000,2026-08-29T04:30:00-03:00,1.39,1.391,0.001000000000000112
86500000,2026-08-29T04:45:00-03:00,1.39,1.391,0.001000000000000112
86500000,2026-08-29T05:00:00-03:00,1.39,1.3880000000000001,0.0019999999999997797
86500000,2026-08-29T05:15:00-03:00,1.39,1.391,0.001000000000000112
86500000,2026-08-29T05:30:00-03:00,1.39,1.392,0.0020000000000000018
86500000,2026-08-29T05:45:00-03:00,1.39,1.39,0.0
86500000,2026-08-29T06:00:00-03:00,1.39,1.392,0.0020000000000000018
86500000,2026-08-29T06:15:00-03:00,1.39,1.39,0.0
86500000,2026-08-29T06:30:00-03:00,1.39,1.39,0.0
86500000,2026-08-29T06:45:00-03:00,1.41,1.413,0.0030000000000001137
86500000,2026-08-29T07:00:00-03:00,1.41,1.409,0.0009999999999998899
86500000,2026-08-29T07:15:00-03:00,1.4,1.4040000000000001,0.004000000000000226
86500000,2026-08-29T07:30:00-03:00,1.41,1.413,0.0030000000000001137
86500000,2026-08-29T07:45:00-03:00,1.42,1.4169999999999998,0.0030000000000001137
86500000,2026-08-29T08:00:00-03:00,1.42,1.4169999999999998,0.0030000000000001137
86500000,2026-08-29T08:15:00-03:00,1.42,1.4169999999999998,0.0030000000000001137
86500000,2026-08-29T08:30:00-03:00,1.43,1.433,0.0030000000000001137
86500000,2026-08-29T08:45:00-03:00,1.44,1.44,0.0
86500000,2026-08-29T09:00:00-03:00,1.44,1.443,0.0030000000000001137
86500000,2026-08-29T09:15:00-03:00,1.45,1.4480000000000002,0.0019999999999997797
86500000,2026-08-29T09:30:00-03:00,1.45,1.452,0.0020000000000000018
86500000,2026-08-29T09:45:00-03:00,1.46,1.4569999999999999,0.0030000000000001137
86500000,2026-08-29T10:00:00-03:00,1.46,1.4609999999999999,0.0009999999999998899
86500000,2026-08-29T10:15:00-03:00,1.57,1.567,0.0030000000000001137
86500000,2026-08-29T10:30:00-03:00,1.74,1.7380000000000002,0.0019999999999997797
86500000,2026-08-29T10:45:00-03:00,1.8,1.801,0.0009999999999998899
86500000,2026-08-29T11:00:00-03:00,1.82,1.819,0.001000000000000112
86500000,2026-08-29T11:15:00-03:00,1.82,1.824,0.0040000000000000036
86500000,2026-08-29T11:30:00-03:00,1.82,1.821,0.0009999999999998899
86500000,2026-08-29T11:45:00-03:00,1.76,1.7619999999999998,0.0019999999999997797
86500000,2026-08-29T12:00:00-03:00,1.72,1.7180000000000002,0.0019999999999997797
86500000,2026-08-29T12:15:00-03:00,1.77,1.775,0.004999999999999893
86500000,2026-08-29T12:30:00-03:00,1.8,1.796,0.0040000000000000036
86500000,2026-08-29T12:45:00-03:00,1.81,1.806,0.0040000000000000036
86500000,2026-08-29T13:00:00-03:00,1.81,1.807,0.0030000000000001137
86500000,2026-08-29T13:15:00-03:00,1.81,1.807,0.0030000000000001137
86500000,2026-08-29T13:30:00-03:00,1.81,1.807,0.0030000000000001137
86500000,2026-08-29T13:45:00-03:00,1.81,1.81,0.0
86500000,2026-08-29T14:00:00-03:00,1.81,1.81,0.0
86500000,2026-08-29T14:15:00-03:00,1.8,1.8,0.0
86500000,2026-08-29T14:30:00-03:00,1.8,1.8,0.0
86500000,2026-08-29T14:45:00-03:00,1.9,1.9,0.0
86500000,2026-08-29T15:00:00-03:00,2.04,2.04,0.0
86500000,2026-08-29T15:15:00-03:00,2.09,2.09,0.0
86500000,2026-08-29T15:30:00-03:00,2.11,2.11,0.0
86500000,2026-08-29T15:45:00-03:00,2.1,2.1,0.0
86500000,2026-08-29T16:00:00-03:00,2.11,2.11,0.0
86500000,2026-08-29T16:15:00-03:00,2.12,2.12,0.0
86500000,2026-08-29T16:30:00-03:00,2.12,2.12,0.0
86500000,2026-08-29T16:45:00-03:00,2.11,2.108,0.0019999999999997797
86500000,2026-08-29T17:00:00-03:00,2.11,2.109,0.0009999999999998899
86500000,2026-08-29T17:15:00-03:00,2.1,2.104,0.0040000000000000036
86500000,2026-08-29T17:30:00-03:00,2.11,2.114,0.0040000000000000036
86500000,2026-08-29T17:45:00-03:00,2.12,2.1180000000000003,0.0019999999999997797
86500000,2026-08-29T18:00:00-03:00,2.12,2.123,0.0030000000000001137
86500000,2026-08-29T18:15:00-03:00,2.13,2.133,0.0030000000000001137
86500000,2026-08-29T18:30:00-03:00,2.15,2.149,0.0009999999999998899
86500000,2026-08-29T18:45:00-03:00,2.16,2.157,0.0030000000000001137
86500000,2026-08-29T19:00:00-03:00,2.16,2.1590000000000003,0.0009999999999998899
86500000,2026-08-29T19:15:00-03:00,2.17,2.166,0.0040000000000000036
86500000,2026-08-29T19:30:00-03:00,2.18,2.1830000000000003,0.0030000000000001137
86500000,2026-08-29T19:45:00-03:00,2.21,2.208,0.0019999999999997797
86500000,2026-08-29T20:00:00-03:00,2.23,2.226,0.0040000000000000036
86500000,2026-08-29T20:15:00-03:00,2.23,2.2319999999999998,0.0019999999999997797
86500000,2026-08-29T20:30:00-03:00,2.24,2.239,0.001000000000000334
86500000,2026-08-29T20:45:00-03:00,2.24,2.239,0.001000000000000334
86500000,2026-08-29T21:00:00-03:00,2.25,2.252,0.0019999999999997797
86500000,2026-08-29T21:15:00-03:00,2.26,2.256,0.0040000000000000036
86500000,2026-08-29T21:30:00-03:00,2.25,2.251,0.0009999999999998899
86500000,2026-08-29T21:45:00-03:00,2.25,2.249,0.0009999999999998899
86500000,2026-08-29T22:00:00-03:00,2.24,2.244,0.0040000000000000036
86500000,2026-08-29T22:15:00-03:00,2.23,2.234,0.0040000000000000036
86500000,2026-08-29T22:30:00-03:00,2.23,2.23,0.0
86500000,2026-08-29T22:45:00-03:00,2.22,2.221,0.0009999999999998899
86500000,2026-08-29T23:00:00-03:00,2.22,2.2159999999999997,0.004000000000000448
86500000,2026-08-29T23:15:00-03:00,2.21,2.214,0.0040000000000000036
86500000,2026-08-29T23:30:00-03:00,2.21,2.2119999999999997,0.0019999999999997797
86500000,2026-08-29T23:45:00-03:00,2.21,2.21,0.0
86500000,2026-08-30T00:00:00-03:00,2.21,2.205,0.004999999999999893
86500000,2026-08-30T00:15:00-03:00,2.2,2.204,0.0040000000000000036
86500000,2026-08-30T00:30:00-03:00,2.2,2.197,0.0030000000000001137
86500000,2026-08-30T00:45:00-03:00,2.19,2.185,0.004999999999999893
86500000,2026-08-30T01:00:00-03:00,2.18,2.182,0.0019999999999997797
86500000,2026-08-30T01:15:00-03:00,2.18,2.178,0.002000000000000224
86500000,2026-08-30T01:30:00-03:00,2.17,2.17,0.0
86500000,2026-08-30T01:45:00-03:00,2.17,2.17,0.0
86500000,2026-08-30T02:00:00-03:00,2.17,2.168,0.0019999999999997797
86500000,2026-08-30T02:15:00-03:00,2.17,2.168,0.0019999999999997797
86500000,2026-08-30T02:30:00-03:00,2.17,2.166,0.0040000000000000036
86500000,2026-08-30T02:45:00-03:00,2.16,2.16,0.0
86500000,2026-08-30T03:00:00-03:00,2.16,2.157,0.0030000000000001137
86500000,2026-08-30T03:15:00-03:00,2.16,2.157,0.0030000000000001137
86500000,2026-08-30T03:30:00-03:00,2.16,2.16,0.0
86500000,2026-08-30T03:45:00-03:00,2.16,2.164,0.0040000000000000036
86500000,2026-08-30T04:00:00-03:00,2.18,2.181,0.0009999999999998899
86500000,2026-08-30T04:15:00-03:00,2.21,2.209,0.0009999999999998899
86500000,2026-08-30T04:30:00-03:00,2.25,2.248,0.0019999999999997797
86500000,2026-08-30T04:45:00-03:00,2.28,2.281,0.001000000000000334
86500000,2026-08-30T05:00:00-03:00,2.31,2.3080000000000003,0.0019999999999997797
86500000,2026-08-30T05:15:00-03:00,2.32,2.3209999999999997,0.0009999999999998899
86500000,2026-08-30T05:30:00-03:00,2.32,2.32,0.0
86500000,2026-08-30T05:45:00-03:00,2.31,2.306,0.0040000000000000036
86500000,2026-08-30T06:00:00-03:00,2.28,2.2840000000000003,0.004000000000000448
86500000,2026-08-30T06:15:00-03:00,2.26,2.256,0.0040000000000000036
86500000,2026-08-30T06:30:00-03:00,2.23,2.233,0.0030000000000001137
86500000,2026-08-30T06:45:00-03:00,2.21,2.215,0.004999999999999893
86500000,2026-08-30T07:00:00-03:00,2.19,2.195,0.004999999999999893
86500000,2026-08-30T07:15:00-03:00,2.18,2.176,0.0040000000000000036
86500000,2026-08-30T07:30:00-03:00,2.17,2.168,0.0019999999999997797
86500000,2026-08-30T07:45:00-03:00,2.16,2.1590000000000003,0.0009999999999998899
86500000,2026-08-30T08:00:00-03:00,2.15,2.154,0.0040000000000000036
86500000,2026-08-30T08:15:00-03:00,2.15,2.153,0.0030000000000001137
86500000,2026-08-30T08:30:00-03:00,2.15,2.151,0.0009999999999998899
86500000,2026-08-30T08:45:00-03:00,2.15,2.148,0.0019999999999997797
86500000,2026-08-30T09:00:00-03:00,2.14,2.144,0.0040000000000000036
86500000,2026-08-30T09:15:00-03:00,2.14,2.142,0.0019999999999997797
86500000,2026-08-30T09:30:00-03:00,2.13,2.131,0.0009999999999998899
86500000,2026-08-30T09:45:00-03:00,2.12,2.125,0.004999999999999893
86500000,2026-08-30T10:00:00-03:00,2.12,2.123,0.0030000000000001137
86500000,2026-08-30T10:15:00-03:00,2.12,2.125,0.004999999999999893
86500000,2026-08-30T10:30:00-03:00,2.13,2.126,0.0040000000000000036
86500000,2026-08-30T10:45:00-03:00,2.12,2.12,0.0
86500000,2026-08-30T11:00:00-03:00,2.12,2.12,0.0
86500000,2026-08-30T11:15:00-03:00,2.12,2.12,0.0
86500000,2026-08-30T11:30:00-03:00,2.12,2.12,0.0
86500000,2026-08-30T11:45:00-03:00,2.12,2.12,0.0
86500000,2026-08-30T12:00:00-03:00,2.12,2.12,0.0
86500000,2026-08-30T12:15:00-03:00,2.12,2.12,0.0
86500000,2026-08-30T12:30:00-03:00,2.12,2.12,0.0
86500000,2026-08-30T12:45:00-03:00,2.12,2.12,0.0
86500000,2026-08-30T13:00:00-03:00,2.12,2.12,0.0
86500000,2026-08-30T13:15:00-03:00,2.11,2.11,0.0
86500000,2026-08-30T13:30:00-03:00,2.12,2.12,0.0
86500000,2026-08-30T13:45:00-03:00,2.11,2.11,0.0
86500000,2026-08-30T14:00:00-03:00,2.11,2.11,0.0
86500000,2026-08-30T14:15:00-03:00,2.12,2.12,0.0
86500000,2026-08-30T14:30:00-03:00,2.12,2.12,0.0
86500000,2026-08-30T14:45:00-03:00,2.11,2.11,0.0
86500000,2026-08-30T15:00:00-03:00,2.11,2.11,0.0
86500000,2026-08-30T15:15:00-03:00,2.12,2.12,0.0
86500000,2026-08-30T15:30:00-03:00,2.13,2.13,0.0
86500000,2026-08-30T15:45:00-03:00,2.13,2.128,0.0019999999999997797
86500000,2026-08-30T16:00:00-03:00,2.15,2.146,0.0040000000000000036
86500000,2026-08-30T16:15:00-03:00,2.16,2.1590000000000003,0.0009999999999998899
86500000,2026-08-30T16:30:00-03:00,2.16,2.158,0.002000000000000224
86500000,2026-08-30T16:45:00-03:00,2.16,2.157,0.0030000000000001137
86500000,2026-08-30T17:00:00-03:00,2.16,2.158,0.002000000000000224
86500000,2026-08-30T17:15:00-03:00,2.16,2.1630000000000003,0.0030000000000001137
86500000,2026-08-30T17:30:00-03:00,2.14,2.1430000000000002,0.0030000000000001137
86500000,2026-08-30T17:45:00-03:00,1.74,1.74,0.0
86500000,2026-08-30T18:00:00-03:00,1.46,1.4580000000000002,0.0019999999999997797
86500000,2026-08-30T18:15:00-03:00,1.87,1.869,0.001000000000000112
86500000,2026-08-30T18:30:00-03:00,2.14,2.136,0.0040000000000000036
86500000,2026-08-30T18:45:00-03:00,2.2,2.204,0.0040000000000000036
86500000,2026-08-30T19:00:00-03:00,2.21,2.2119999999999997,0.0019999999999997797
86500000,2026-08-30T19:15:00-03:00,2.22,2.22,0.0
86500000,2026-08-30T19:30:00-03:00,2.24,2.24,0.0
86500000,2026-08-30T19:45:00-03:00,2.27,2.265,0.004999999999999893
86500000,2026-08-30T20:00:00-03:00,2.28,2.28,0.0
86500000,2026-08-30T20:15:00-03:00,2.28,2.2840000000000003,0.004000000000000448
86500000,2026-08-30T20:30:00-03:00,2.28,2.2769999999999997,0.0030000000000001137
86500000,2026-08-30T20:45:00-03:00,2.26,2.258,0.0019999999999997797
86500000,2026-08-30T21:00:00-03:00,2.26,2.256,0.0040000000000000036
86500000,2026-08-30T21:15:00-03:00,2.29,2.287,0.0030000000000001137
86500000,2026-08-30T21:30:00-03:00,2.35,2.35,0.0
86500000,2026-08-30T21:45:00-03:00,2.42,2.419,0.0009999999999998899
86500000,2026-08-30T22:00:00-03:00,2.48,2.477,0.0030000000000001137
86500000,2026-08-30T22:15:00-03:00,2.52,2.5180000000000002,0.0019999999999997797
86500000,2026-08-30T22:30:00-03:00,2.54,2.539,0.0009999999999998899
86500000,2026-08-30T22:45:00-03:00,2.55,2.5540000000000003,0.004000000000000448
86500000,2026-08-30T23:00:00-03:00,2.57,2.574,0.0040000000000000036
86500000,2026-08-30T23:15:00-03:00,2.58,2.583,0.0030000000000001137
86500000,2026-08-30T23:30:00-03:00,2.59,2.5860000000000003,0.0039999999999995595
86500000,2026-08-30T23:45:00-03:00,2.59,2.59,0.0
86500000,2026-08-31T00:00:00-03:00,2.58,2.576,0.0040000000000000036
86500000,2026-08-31T00:15:00-03:00,2.55,2.5540000000000003,0.004000000000000448
86500000,2026-08-31T00:30:00-03:00,2.53,2.526,0.0040000000000000036
86500000,2026-08-31T00:45:00-03:00,2.49,2.49,0.0
86500000,2026-08-31T01:00:00-03:00,2.46,2.456,0.0040000000000000036
86500000,2026-08-31T01:15:00-03:00,2.42,2.419,0.0009999999999998899
86500000,2026-08-31T01:30:00-03:00,2.39,2.3930000000000002,0.0030000000000001137
86500000,2026-08-31T01:45:00-03:00,2.38,2.375,0.004999999999999893
86500000,2026-08-31T02:00:00-03:00,2.37,2.37,0.0
86500000,2026-08-31T02:15:00-03:00,2.39,2.392,0.0019999999999997797
86500000,2026-08-31T02:30:00-03:00,2.42,2.421,0.0009999999999998899
86500000,2026-08-31T02:45:00-03:00,2.45,2.448,0.002000000000000224
86500000,2026-08-31T03:00:00-03:00,2.48,2.478,0.0019999999999997797
86500000,2026-08-31T03:15:00-03:00,2.51,2.506,0.0040000000000000036
86500000,2026-08-31T03:30:00-03:00,2.52,2.525,0.004999999999999893
86500000,2026-08-31T03:45:00-03:00,2.53,2.529,0.0009999999999998899
86500000,2026-08-31T04:00:00-03:00,2.52,2.52,0.0
86500000,2026-08-31T04:15:00-03:00,2.5,2.502,0.0019999999999997797
86500000,2026-08-31T04:30:00-03:00,2.48,2.475,0.004999999999999893
86500000,2026-08-31T04:45:00-03:00,2.45,2.45,0.0
86500000,2026-08-31T05:00:00-03:00,2.42,2.42,0.0
86500000,2026-08-31T05:15:00-03:00,2.41,2.41,0.0
86500000,2026-08-31T05:30:00-03:00,2.39,2.39,0.0
86500000,2026-08-31T05:45:00-03:00,2.38,2.379,0.0009999999999998899
86500000,2026-08-31T06:00:00-03:00,2.37,2.371,0.0009999999999998899
86500000,2026-08-31T06:15:00-03:00,2.37,2.366,0.0040000000000000036
86500000,2026-08-31T06:30:00-03:00,2.35,2.352,0.0019999999999997797
86500000,2026-08-31T06:45:00-03:00,2.33,2.331,0.0009999999999998899
86500000,2026-08-31T07:00:00-03:00,2.33,2.327,0.0030000000000001137
86500000,2026-08-31T07:15:00-03:00,2.33,2.329,0.0009999999999998899
86500000,2026-08-31T07:30:00-03:00,2.35,2.345,0.004999999999999893
86500000,2026-08-31T07:45:00-03:00,2.36,2.3569999999999998,0.0030000000000001137
86500000,2026-08-31T08:00:00-03:00,2.38,2.38,0.0
86500000,2026-08-31T08:15:00-03:00,2.39,2.392,0.0019999999999997797
86500000,2026-08-31T08:30:00-03:00,2.4,2.404,0.0040000000000000036
86500000,2026-08-31T08:45:00-03:00,2.41,2.41,0.0
86500000,2026-08-31T09:00:00-03:00,2.41,2.412,0.0019999999999997797
86500000,2026-08-31T09:15:00-03:00,2.41,2.414,0.0040000000000000036
86500000,2026-08-31T09:30:00-03:00,2.42,2.415,0.004999999999999893
86500000,2026-08-31T09:45:00-03:00,2.41,2.4090000000000003,0.0009999999999998899
86500000,2026-08-31T10:00:00-03:00,2.4,2.401,0.0009999999999998899
86500000,2026-08-31T10:15:00-03:00,2.39,2.392,0.0019999999999997797
86500000,2026-08-31T10:30:00-03:00,2.38,2.381,0.0009999999999998899
86500000,2026-08-31T10:45:00-03:00,2.36,2.364,0.0040000000000000036
86500000,2026-08-31T11:00:00-03:00,2.34,2.343,0.0030000000000001137
86500000,2026-08-31T11:15:00-03:00,2.32,2.3169999999999997,0.0030000000000001137
86500000,2026-08-31T11:30:00-03:00,2.29,2.293,0.0030000000000001137
86500000,2026-08-31T11:45:00-03:00,2.27,2.27,0.0
86500000,2026-08-31T12:00:00-03:00,2.25,2.25,0.0
86500000,2026-08-31T12:15:00-03:00,2.23,2.23,0.0
86500000,2026-08-31T12:30:00-03:00,2.23,2.23,0.0
86500000,2026-08-31T12:45:00-03:00,2.22,2.22,0.0
86500000,2026-08-31T13:00:00-03:00,2.2,2.2,0.0
86500000,2026-08-31T13:15:00-03:00,2.19,2.19,0.0
86500000,2026-08-31T13:30:00-03:00,2.19,2.19,0.0
86500000,2026-08-31T13:45:00-03:00,2.18,2.18,0.0
86500000,2026-08-31T14:00:00-03:00,2.17,2.17,0.0
86500000,2026-08-31T14:15:00-03:00,2.15,2.15,0.0
86500000,2026-08-31T14:30:00-03:00,2.16,2.16,0.0
86500000,2026-08-31T14:45:00-03:00,2.16,2.16,0.0
86500000,2026-08-31T15:00:00-03:00,2.15,2.15,0.0
86500000,2026-08-31T15:15:00-03:00,2.15,2.15,0.0
86500000,2026-08-31T15:30:00-03:00,2.15,2.15,0.0
86500000,2026-08-31T15:45:00-03:00,2.14,2.14,0.0
86500000,2026-08-31T16:00:00-03:00,2.14,2.14,0.0
86500000,2026-08-31T16:15:00-03:00,2.14,2.14,0.0
86500000,2026-08-31T16:30:00-03:00,2.14,2.14,0.0
86500000,2026-08-31T16:45:00-03:00,2.14,2.14,0.0
86500000,2026-08-31T17:00:00-03:00,2.15,2.15,0.0
86500000,2026-08-31T17:15:00-03:00,2.12,2.12,0.0
86500000,2026-08-31T17:30:00-03:00,2.13,2.13,0.0
86500000,2026-08-31T17:45:00-03:00,2.13,2.127,0.0030000000000001137
86500000,2026-08-31T18:00:00-03:00,2.13,2.13,0.0
86500000,2026-08-31T18:15:00-03:00,2.13,2.128,0.0019999999999997797
86500000,2026-08-31T18:30:00-03:00,2.13,2.133,0.0030000000000001137
86500000,2026-08-31T18:45:00-03:00,2.15,2.145,0.004999999999999893
86500000,2026-08-31T19:00:00-03:00,2.17,2.168,0.0019999999999997797
86500000,2026-08-31T19:15:00-03:00,2.2,2.2030000000000003,0.0030000000000001137
86500000,2026-08-31T19:30:00-03:00,2.24,2.244,0.0040000000000000036
86500000,2026-08-31T19:45:00-03:00,2.27,2.27,0.0
86500000,2026-08-31T20:00:00-03:00,2.3,2.2969999999999997,0.0030000000000001137
86500000,2026-08-31T20:15:00-03:00,2.31,2.313,0.0030000000000001137
86500000,2026-08-31T20:30:00-03:00,2.32,2.324,0.0040000000000000036
86500000,2026-08-31T20:45:00-03:00,2.33,2.33,0.0
86500000,2026-08-31T21:00:00-03:00,2.34,2.338,0.0019999999999997797
86500000,2026-08-31T21:15:00-03:00,2.34,2.3409999999999997,0.0009999999999998899
86500000,2026-08-31T21:30:00-03:00,2.34,2.34,0.0
86500000,2026-08-31T21:45:00-03:00,2.34,2.3369999999999997,0.0030000000000001137
86500000,2026-08-31T22:00:00-03:00,2.33,2.335,0.004999999999999893
86500000,2026-08-31T22:15:00-03:00,2.33,2.332,0.0019999999999997797
86500000,2026-08-31T22:30:00-03:00,2.33,2.333,0.0030000000000001137
86500000,2026-08-31T22:45:00-03:00,2.32,2.324,0.0040000000000000036
86500000,2026-08-31T23:00:00-03:00,2.32,2.323,0.0030000000000001137
86500000,2026-08-31T23:15:00-03:00,2.33,2.325,0.004999999999999893
86500000,2026-08-31T23:30:00-03:00,2.31,2.315,0.004999999999999893
86500000,2026-08-31T23:45:00-03:00,2.31,2.31,0.0
86500000,2026-09-01T00:00:00-03:00,2.31,2.31,0.0
86500000,2026-09-01T00:15:00-03:00,2.31,2.31,0.0
86500000,2026-09-01T00:30:00-03:00,2.3,2.3,0.0
86500000,2026-09-01T00:45:00-03:00,2.29,2.29,0.0
86500000,2026-09-01T01:00:00-03:00,2.29,2.29,0.0
86500000,2026-09-01T01:15:00-03:00,2.28,2.28,0.0
86500000,2026-09-01T01:30:00-03:00,2.28,2.28,0.0
86500000,2026-09-01T01:45:00-03:00,2.29,2.2880000000000003,0.0019999999999997797
86500000,2026-09-01T02:00:00-03:00,2.29,2.294,0.0040000000000000036
86500000,2026-09-01T02:15:00-03:00,2.31,2.306,0.0040000000000000036
86500000,2026-09-01T02:30:00-03:00,2.31,2.313,0.0030000000000001137
86500000,2026-09-01T02:45:00-03:00,2.32,2.32,0.0
86500000,2026-09-01T03:00:00-03:00,2.33,2.33,0.0
86500000,2026-09-01T03:15:00-03:00,2.33,2.33,0.0
86500000,2026-09-01T03:30:00-03:00,2.33,2.33,0.0
86500000,2026-09-01T03:45:00-03:00,2.33,2.329,0.0009999999999998899
86500000,2026-09-01T04:00:00-03:00,2.33,2.325,0.004999999999999893
86500000,2026-09-01T04:15:00-03:00,2.32,2.322,0.002000000000000224
86500000,2026-09-01T04:30:00-03:00,2.32,2.323,0.0030000000000001137
86500000,2026-09-01T04:45:00-03:00,2.32,2.3209999999999997,0.0009999999999998899
86500000,2026-09-01T05:00:00-03:00,2.33,2.326,0.0040000000000000036
86500000,2026-09-01T05:15:00-03:00,2.33,2.327,0.0030000000000001137
86500000,2026-09-01T05:30:00-03:00,2.33,2.3280000000000003,0.0019999999999997797
86500000,2026-09-01T05:45:00-03:00,2.32,2.318,0.0019999999999997797
86500000,2026-09-01T06:00:00-03:00,2.29,2.295,0.004999999999999893
86500000,2026-09-01T06:15:00-03:00,2.28,2.278,0.0019999999999997797
86500000,2026-09-01T06:30:00-03:00,2.26,2.2569999999999997,0.0030000000000001137
86500000,2026-09-01T06:45:00-03:00,2.23,2.229,0.0009999999999998899
86500000,2026-09-01T07:00:00-03:00,2.2,2.2030000000000003,0.0030000000000001137
86500000,2026-09-01T07:15:00-03:00,2.18,2.1790000000000003,0.0009999999999998899
86500000,2026-09-01T07:30:00-03:00,2.17,2.1719999999999997,0.0019999999999997797
86500000,2026-09-01T07:45:00-03:00,2.17,2.174,0.0040000000000000036
86500000,2026-09-01T08:00:00-03:00,2.2,2.198,0.002000000000000224
86500000,2026-09-01T08:15:00-03:00,2.23,2.234,0.0040000000000000036
86500000,2026-09-01T08:30:00-03:00,2.29,2.2880000000000003,0.0019999999999997797
86500000,2026-09-01T08:45:00-03:00,2.32,2.322,0.002000000000000224
86500000,2026-09-01T09:00:00-03:00,2.33,2.329,0.0009999999999998899
86500000,2026-09-01T09:15:00-03:00,2.31,2.311,0.0009999999999998899
86500000,2026-09-01T09:30:00-03:00,2.3,2.301,0.001000000000000334
86500000,2026-09-01T09:45:00-03:00,2.28,2.282,0.002000000000000224
86500000,2026-09-01T10:00:00-03:00,2.27,2.27,0.0
86500000,2026-09-01T10:15:00-03:00,2.32,2.323,0.0030000000000001137
86500000,2026-09-01T10:30:00-03:00,2.44,2.439,0.0009999999999998899
86500000,2026-09-01T10:45:00-03:00,2.53,2.53,0.0
86500000,2026-09-01T11:00:00-03:00,2.57,2.568,0.0019999999999997797
86500000,2026-09-01T11:15:00-03:00,2.58,2.575,0.004999999999999893
86500000,2026-09-01T11:30:00-03:00,2.58,2.576,0.0040000000000000036
86500000,2026-09-01T11:45:00-03:00,2.57,2.5669999999999997,0.0030000000000001137
86500000,2026-09-01T12:00:00-03:00,2.55,2.551,0.001000000000000334
86500000,2026-09-01T12:15:00-03:00,2.54,2.539,0.0009999999999998899
86500000,2026-09-01T12:30:00-03:00,2.54,2.5380000000000003,0.0019999999999997797
86500000,2026-09-01T12:45:00-03:00,2.54,2.536,0.0040000000000000036
86500000,2026-09-01T13:00:00-03:00,2.54,2.536,0.0040000000000000036
86500000,2026-09-01T13:15:00-03:00,2.53,2.532,0.002000000000000224
86500000,2026-09-01T13:30:00-03:00,2.52,2.524,0.0040000000000000036
86500000,2026-09-01T13:45:00-03:00,2.52,2.52,0.0
86500000,2026-09-01T14:00:00-03:00,2.51,2.51,0.0
86500000,2026-09-01T14:15:00-03:00,2.52,2.52,0.0
86500000,2026-09-01T14:30:00-03:00,2.53,2.53,0.0
86500000,2026-09-01T14:45:00-03:00,2.52,2.52,0.0
86500000,2026-09-01T15:00:00-03:00,2.53,2.53,0.0
86500000,2026-09-01T15:15:00-03:00,2.53,2.53,0.0
86500000,2026-09-01T15:30:00-03:00,2.53,2.53,0.0
86500000,2026-09-01T15:45:00-03:00,2.53,2.53,0.0
86500000,2026-09-01T16:00:00-03:00,2.53,2.53,0.0
86500000,2026-09-01T16:15:00-03:00,2.52,2.52,0.0
86500000,2026-09-01T16:30:00-03:00,2.52,2.52,0.0
86500000,2026-09-01T16:45:00-03:00,2.51,2.51,0.0
86500000,2026-09-01T17:00:00-03:00,2.5,2.5,0.0
86500000,2026-09-01T17:15:00-03:00,2.5,2.5,0.0
86500000,2026-09-01T17:30:00-03:00,2.5,2.5,0.0
86500000,2026-09-01T17:45:00-03:00,2.5,2.5,0.0
86500000,2026-09-01T18:00:00-03:00,2.5,2.5,0.0
86500000,2026-09-01T18:15:00-03:00,2.49,2.49,0.0
86500000,2026-09-01T18:30:00-03:00,2.49,2.49,0.0
86500000,2026-09-01T18:45:00-03:00,2.49,2.491,0.0009999999999998899
86500000,2026-09-01T19:00:00-03:00,2.49,2.488,0.002000000000000224
86500000,2026-09-01T19:15:00-03:00,2.48,2.485,0.004999999999999893
86500000,2026-09-01T19:30:00-03:00,2.49,2.491,0.0009999999999998899
86500000,2026-09-01T19:45:00-03:00,2.52,2.519,0.0009999999999998899
86500000,2026-09-01T20:00:00-03:00,2.57,2.5669999999999997,0.0030000000000001137
86500000,2026-09-01T20:15:00-03:00,2.62,2.616,0.0040000000000000036
86500000,2026-09-01T20:30:00-03:00,2.64,2.6430000000000002,0.0030000000000001137
86500000,2026-09-01T20:45:00-03:00,2.65,2.647,0.0030000000000001137
86500000,2026-09-01T21:00:00-03:00,2.64,2.639,0.001000000000000334
86500000,2026-09-01T21:15:00-03:00,2.61,2.612,0.002000000000000224
86500000,2026-09-01T21:30:00-03:00,2.59,2.593,0.0030000000000001137
86500000,2026-09-01T21:45:00-03:00,2.56,2.5639999999999996,0.0039999999999995595
86500000,2026-09-01T22:00:00-03:00,2.54,2.541,0.0009999999999998899
86500000,2026-09-01T22:15:00-03:00,2.52,2.519,0.0009999999999998899
86500000,2026-09-01T22:30:00-03:00,2.5,2.502,0.0019999999999997797
86500000,2026-09-01T22:45:00-03:00,2.48,2.485,0.004999999999999893
86500000,2026-09-01T23:00:00-03:00,2.48,2.476,0.0040000000000000036
86500000,2026-09-01T23:15:00-03:00,2.46,2.465,0.004999999999999893
86500000,2026-09-01T23:30:00-03:00,2.46,2.456,0.0040000000000000036
86500000,2026-09-01T23:45:00-03:00,2.45,2.45,0.0
86500000,2026-09-02T00:00:00-03:00,2.44,2.441,0.0009999999999998899
86500000,2026-09-02T00:15:00-03:00,2.44,2.437,0.0030000000000001137
86500000,2026-09-02T00:30:00-03:00,2.43,2.4330000000000003,0.0030000000000001137
86500000,2026-09-02T00:45:00-03:00,2.43,2.4330000000000003,0.0030000000000001137
86500000,2026-09-02T01:00:00-03:00,2.43,2.43,0.0
86500000,2026-09-02T01:15:00-03:00,2.43,2.426,0.0040000000000000036
86500000,2026-09-02T01:30:00-03:00,2.42,2.424,0.0040000000000000036
86500000,2026-09-02T01:45:00-03:00,2.42,2.417,0.0030000000000001137
86500000,2026-09-02T02:00:00-03:00,2.41,2.4130000000000003,0.0030000000000001137
86500000,2026-09-02T02:15:00-03:00,2.41,2.408,0.002000000000000224
86500000,2026-09-02T02:30:00-03:00,2.4,2.405,0.004999999999999893
86500000,2026-09-02T02:45:00-03:00,2.4,2.4019999999999997,0.0019999999999997797
86500000,2026-09-02T03:00:00-03:00,2.4,2.401,0.0009999999999998899
86500000,2026-09-02T03:15:00-03:00,2.4,2.401,0.0009999999999998899
86500000,2026-09-02T03:30:00-03:00,2.4,2.396,0.0040000000000000036
86500000,2026-09-02T03:45:00-03:00,2.39,2.3930000000000002,0.0030000000000001137
86500000,2026-09-02T04:00:00-03:00,2.39,2.392,0.0019999999999997797
86500000,2026-09-02T04:15:00-03:00,2.39,2.388,0.002000000000000224
86500000,2026-09-02T04:30:00-03:00,2.39,2.3890000000000002,0.0009999999999998899
86500000,2026-09-02T04:45:00-03:00,2.39,2.388,0.002000000000000224
86500000,2026-09-02T05:00:00-03:00,2.38,2.3819999999999997,0.0019999999999997797
86500000,2026-09-02T05:15:00-03:00,2.38,2.379,0.0009999999999998899
86500000,2026-09-02T05:30:00-03:00,2.38,2.377,0.0030000000000001137
86500000,2026-09-02T05:45:00-03:00,2.37,2.371,0.0009999999999998899
86500000,2026-09-02T06:00:00-03:00,2.37,2.37,0.0
86500000,2026-09-02T06:15:00-03:00,2.37,2.367,0.0030000000000001137
86500000,2026-09-02T06:30:00-03:00,2.36,2.364,0.0040000000000000036
86500000,2026-09-02T06:45:00-03:00,2.36,2.3609999999999998,0.0009999999999998899
86500000,2026-09-02T07:00:00-03:00,2.36,2.356,0.0040000000000000036
86500000,2026-09-02T07:15:00-03:00,2.35,2.352,0.0019999999999997797
86500000,2026-09-02T07:30:00-03:00,2.35,2.355,0.004999999999999893
86500000,2026-09-02T07:45:00-03:00,2.35,2.351,0.0009999999999998899
86500000,2026-09-02T08:00:00-03:00,2.34,2.343,0.0030000000000001137
86500000,2026-09-02T08:15:00-03:00,2.34,2.339,0.0009999999999998899
86500000,2026-09-02T08:30:00-03:00,2.34,2.34,0.0
86500000,2026-09-02T08:45:00-03:00,2.34,2.34,0.0
86500000,2026-09-02T09:00:00-03:00,2.34,2.34,0.0
86500000,2026-09-02T09:15:00-03:00,2.33,2.33,0.0
86500000,2026-09-02T09:30:00-03:00,2.33,2.33,0.0
86500000,2026-09-02T09:45:00-03:00,2.33,2.331,0.0009999999999998899
86500000,2026-09-02T10:00:00-03:00,2.33,2.326,0.0040000000000000036
86500000,2026-09-02T10:15:00-03:00,2.33,2.33,0.0
86500000,2026-09-02T10:30:00-03:00,2.32,2.324,0.0040000000000000036
86500000,2026-09-02T10:45:00-03:00,2.32,2.32,0.0
86500000,2026-09-02T11:00:00-03:00,2.32,2.32,0.0
86500000,2026-09-02T11:15:00-03:00,2.32,2.32,0.0
86500000,2026-09-02T11:30:00-03:00,2.31,2.31,0.0
86500000,2026-09-02T11:45:00-03:00,2.31,2.309,0.0009999999999998899
86500000,2026-09-02T12:00:00-03:00,2.31,2.305,0.004999999999999893
86500000,2026-09-02T12:15:00-03:00,2.3,2.296,0.0040000000000000036
86500000,2026-09-02T12:30:00-03:00,2.3,2.298,0.0019999999999997797
86500000,2026-09-02T12:45:00-03:00,2.29,2.293,0.0030000000000001137
86500000,2026-09-02T13:00:00-03:00,2.29,2.29,0.0
86500000,2026-09-02T13:15:00-03:00,2.29,2.293,0.0030000000000001137
86500000,2026-09-02T13:30:00-03:00,2.29,2.286,0.0040000000000000036
86500000,2026-09-02T13:45:00-03:00,2.28,2.2840000000000003,0.004000000000000448
86500000,2026-09-02T14:00:00-03:00,2.28,2.283,0.0030000000000001137
86500000,2026-09-02T14:15:00-03:00,2.27,2.275,0.004999999999999893
86500000,2026-09-02T14:30:00-03:00,2.27,2.275,0.004999999999999893
86500000,2026-09-02T14:45:00-03:00,2.27,2.27,0.0
86500000,2026-09-02T15:00:00-03:00,2.27,2.269,0.0009999999999998899
86500000,2026-09-02T15:15:00-03:00,2.26,2.256,0.0040000000000000036
86500000,2026-09-02T15:30:00-03:00,2.26,2.259,0.0009999999999998899
86500000,2026-09-02T15:45:00-03:00,2.26,2.256,0.0040000000000000036
86500000,2026-09-02T16:00:00-03:00,2.25,2.255,0.004999999999999893
86500000,2026-09-02T16:15:00-03:00,2.25,2.249,0.0009999999999998899
86500000,2026-09-02T16:30:00-03:00,2.25,2.25,0.0
86500000,2026-09-02T16:45:00-03:00,2.24,2.24,0.0
86500000,2026-09-02T17:00:00-03:00,2.24,2.24,0.0
86500000,2026-09-02T17:15:00-03:00,2.24,2.24,0.0
86500000,2026-09-02T17:30:00-03:00,2.24,2.24,0.0
86500000,2026-09-02T17:45:00-03:00,2.24,2.24,0.0
86500000,2026-09-02T18:00:00-03:00,2.24,2.24,0.0
86500000,2026-09-02T18:15:00-03:00,2.23,2.23,0.0
86500000,2026-09-02T18:30:00-03:00,2.23,2.23,0.0
86500000,2026-09-02T18:45:00-03:00,2.23,2.23,0.0
86500000,2026-09-02T19:00:00-03:00,2.23,2.23,0.0
86500000,2026-09-02T19:15:00-03:00,2.23,2.23,0.0
86500000,2026-09-02T19:30:00-03:00,2.23,2.23,0.0
86500000,2026-09-02T19:45:00-03:00,2.23,2.23,0.0
86500000,2026-09-02T20:00:00-03:00,2.23,2.23,0.0
86500000,2026-09-02T20:15:00-03:00,2.23,2.23,0.0
86500000,2026-09-02T20:30:00-03:00,2.23,2.23,0.0
86500000,2026-09-02T20:45:00-03:00,2.23,2.226,0.0040000000000000036
86500000,2026-09-02T21:00:00-03:00,2.22,2.221,0.0009999999999998899
86500000,2026-09-02T21:15:00-03:00,2.22,2.2159999999999997,0.004000000000000448
86500000,2026-09-02T21:30:00-03:00,2.22,2.219,0.001000000000000334
86500000,2026-09-02T21:45:00-03:00,2.22,2.219,0.001000000000000334
86500000,2026-09-02T22:00:00-03:00,2.22,2.22,0.0
86500000,2026-09-02T22:15:00-03:00,2.22,2.217,0.0030000000000001137
86500000,2026-09-02T22:30:00-03:00,2.22,2.2159999999999997,0.004000000000000448
86500000,2026-09-02T22:45:00-03:00,2.22,2.219,0.001000000000000334
86500000,2026-09-02T23:00:00-03:00,2.21,2.214,0.0040000000000000036
86500000,2026-09-02T23:15:00-03:00,2.21,2.211,0.0009999999999998899
86500000,2026-09-02T23:30:00-03:00,2.21,2.211,0.0009999999999998899
86500000,2026-09-02T23:45:00-03:00,2.21,2.21,0.0
86500000,2026-09-03T00:00:00-03:00,2.21,2.207,0.0030000000000001137
86500000,2026-09-03T00:15:00-03:00,2.2,2.198,0.002000000000000224
86500000,2026-09-03T00:30:00-03:00,2.19,2.193,0.0030000000000001137
86500000,2026-09-03T00:45:00-03:00,2.19,2.186,0.0040000000000000036
86500000,2026-09-03T01:00:00-03:00,2.18,2.181,0.0009999999999998899
86500000,2026-09-03T01:15:00-03:00,2.17,2.173,0.0030000000000001137
86500000,2026-09-03T01:30:00-03:00,2.16,2.1630000000000003,0.0030000000000001137
86500000,2026-09-03T01:45:00-03:00,2.15,2.151,0.0009999999999998899
86500000,2026-09-03T02:00:00-03:00,2.15,2.151,0.0009999999999998899
86500000,2026-09-03T02:15:00-03:00,2.15,2.146,0.0040000000000000036
86500000,2026-09-03T02:30:00-03:00,2.14,2.137,0.0030000000000001137
86500000,2026-09-03T02:45:00-03:00,2.13,2.131,0.0009999999999998899
86500000,2026-09-03T03:00:00-03:00,2.13,2.129,0.0009999999999998899
86500000,2026-09-03T03:15:00-03:00,2.13,2.127,0.0030000000000001137
86500000,2026-09-03T03:30:00-03:00,2.13,2.133,0.0030000000000001137
86500000,2026-09-03T03:45:00-03:00,2.13,2.1319999999999997,0.0019999999999997797
86500000,2026-09-03T04:00:00-03:00,2.13,2.1319999999999997,0.0019999999999997797
86500000,2026-09-03T04:15:00-03:00,2.13,2.128,0.0019999999999997797
86500000,2026-09-03T04:30:00-03:00,2.13,2.13,0.0
86500000,2026-09-03T04:45:00-03:00,2.13,2.128,0.0019999999999997797
86500000,2026-09-03T05:00:00-03:00,2.13,2.129,0.0009999999999998899
86500000,2026-09-03T05:15:00-03:00,2.12,2.124,0.0040000000000000036
86500000,2026-09-03T05:30:00-03:00,2.13,2.126,0.0040000000000000036
86500000,2026-09-03T05:45:00-03:00,2.12,2.117,0.0030000000000001137
86500000,2026-09-03T06:00:00-03:00,2.11,2.113,0.0030000000000001137
86500000,2026-09-03T06:15:00-03:00,2.11,2.114,0.0040000000000000036
86500000,2026-09-03T06:30:00-03:00,2.12,2.116,0.0040000000000000036
86500000,2026-09-03T06:45:00-03:00,2.1,2.105,0.004999999999999893
86500000,2026-09-03T07:00:00-03:00,2.1,2.103,0.0030000000000001137
86500000,2026-09-03T07:15:00-03:00,2.12,2.115,0.004999999999999893
86500000,2026-09-03T07:30:00-03:00,2.13,2.129,0.0009999999999998899
86500000,2026-09-03T07:45:00-03:00,2.11,2.113,0.0030000000000001137
86500000,2026-09-03T08:00:00-03:00,2.11,2.109,0.0009999999999998899
86500000,2026-09-03T08:15:00-03:00,2.12,2.115,0.004999999999999893
86500000,2026-09-03T08:30:00-03:00,2.12,2.1180000000000003,0.0019999999999997797
86500000,2026-09-03T08:45:00-03:00,2.12,2.116,0.0040000000000000036
86500000,2026-09-03T09:00:00-03:00,2.12,2.115,0.004999999999999893
86500000,2026-09-03T09:15:00-03:00,2.12,2.12,0.0
86500000,2026-09-03T09:30:00-03:00,2.12,2.12,0.0
86500000,2026-09-03T09:45:00-03:00,2.12,2.115,0.004999999999999893
86500000,2026-09-03T10:00:00-03:00,2.12,2.115,0.004999999999999893
86500000,2026-09-03T10:15:00-03:00,2.11,2.114,0.0040000000000000036
86500000,2026-09-03T10:30:00-03:00,2.11,2.11,0.0
86500000,2026-09-03T10:45:00-03:00,2.1,2.103,0.0030000000000001137
86500000,2026-09-03T11:00:00-03:00,2.1,2.105,0.004999999999999893
86500000,2026-09-03T11:15:00-03:00,2.11,2.106,0.0040000000000000036
86500000,2026-09-03T11:30:00-03:00,2.11,2.1069999999999998,0.0030000000000001137
86500000,2026-09-03T11:45:00-03:00,2.1,2.104,0.0040000000000000036
86500000,2026-09-03T12:00:00-03:00,2.1,2.104,0.0040000000000000036
86500000,2026-09-03T12:15:00-03:00,2.1,2.0980000000000003,0.0019999999999997797
86500000,2026-09-03T12:30:00-03:00,2.1,2.101,0.0009999999999998899
86500000,2026-09-03T12:45:00-03:00,2.1,2.105,0.004999999999999893
86500000,2026-09-03T13:00:00-03:00,2.1,2.101,0.0009999999999998899
86500000,2026-09-03T13:15:00-03:00,2.1,2.105,0.004999999999999893
86500000,2026-09-03T13:30:00-03:00,2.1,2.102,0.0019999999999997797
86500000,2026-09-03T13:45:00-03:00,2.1,2.105,0.004999999999999893
86500000,2026-09-03T14:00:00-03:00,2.1,2.102,0.0019999999999997797
86500000,2026-09-03T14:15:00-03:00,2.1,2.102,0.0019999999999997797
86500000,2026-09-03T14:30:00-03:00,2.1,2.102,0.0019999999999997797
86500000,2026-09-03T14:45:00-03:00,2.1,2.097,0.0030000000000001137
86500000,2026-09-03T15:00:00-03:00,2.1,2.097,0.0030000000000001137
86500000,2026-09-03T15:15:00-03:00,2.1,2.099,0.0009999999999998899
86500000,2026-09-03T15:30:00-03:00,2.1,2.099,0.0009999999999998899
86500000,2026-09-03T15:45:00-03:00,2.1,2.0980000000000003,0.0019999999999997797
86500000,2026-09-03T16:00:00-03:00,2.11,2.1069999999999998,0.0030000000000001137
86500000,2026-09-03T16:15:00-03:00,2.1,2.095,0.004999999999999893
86500000,2026-09-03T16:30:00-03:00,2.09,2.092,0.002000000000000224
86500000,2026-09-03T16:45:00-03:00,2.07,2.069,0.0009999999999998899
86500000,2026-09-03T17:00:00-03:00,2.07,2.07,0.0
86500000,2026-09-03T17:15:00-03:00,2.06,2.064,0.0040000000000000036
86500000,2026-09-03T17:30:00-03:00,2.07,2.0709999999999997,0.0009999999999998899
86500000,2026-09-03T17:45:00-03:00,2.07,2.07,0.0
86500000,2026-09-03T18:00:00-03:00,2.07,2.07,0.0
86500000,2026-09-03T18:15:00-03:00,2.06,2.06,0.0
86500000,2026-09-03T18:30:00-03:00,2.06,2.06,0.0
86500000,2026-09-03T18:45:00-03:00,2.07,2.07,0.0
86500000,2026-09-03T19:00:00-03:00,2.06,2.06,0.0
86500000,2026-09-03T19:15:00-03:00,2.05,2.05,0.0
86500000,2026-09-03T19:30:00-03:00,2.06,2.06,0.0
86500000,2026-09-03T19:45:00-03:00,2.06,2.06,0.0
86500000,2026-09-03T20:00:00-03:00,2.06,2.06,0.0
86500000,2026-09-03T20:15:00-03:00,1.99,1.99,0.0
86500000,2026-09-03T20:30:00-03:00,1.86,1.86,0.0
86500000,2026-09-03T20:45:00-03:00,1.81,1.81,0.0
86500000,2026-09-03T21:00:00-03:00,1.8,1.8,0.0
86500000,2026-09-03T21:15:00-03:00,1.79,1.79,0.0
86500000,2026-09-03T21:30:00-03:00,1.78,1.78,0.0
86500000,2026-09-03T21:45:00-03:00,1.77,1.77,0.0
86500000,2026-09-03T22:00:00-03:00,1.77,1.77,0.0
86500000,2026-09-03T22:15:00-03:00,1.77,1.77,0.0
86500000,2026-09-03T22:30:00-03:00,1.77,1.77,0.0
86500000,2026-09-03T22:45:00-03:00,1.77,1.771,0.0009999999999998899
86500000,2026-09-03T23:00:00-03:00,1.77,1.767,0.0030000000000001137
86500000,2026-09-03T23:15:00-03:00,1.77,1.768,0.0020000000000000018
86500000,2026-09-03T23:30:00-03:00,1.77,1.768,0.0020000000000000018
86500000,2026-09-03T23:45:00-03:00,1.77,1.77,0.0
86500000,2026-09-04T00:00:00-03:00,1.77,1.7690000000000001,0.0009999999999998899
86500000,2026-09-04T00:15:00-03:00,1.77,1.766,0.0040000000000000036
86500000,2026-09-04T00:30:00-03:00,1.77,1.767,0.0030000000000001137
86500000,2026-09-04T00:45:00-03:00,1.77,1.767,0.0030000000000001137
86500000,2026-09-04T01:00:00-03:00,1.76,1.765,0.004999999999999893
86500000,2026-09-04T01:15:00-03:00,1.77,1.766,0.0040000000000000036
86500000,2026-09-04T01:30:00-03:00,1.77,1.768,0.0020000000000000018
86500000,2026-09-04T01:45:00-03:00,1.77,1.7690000000000001,0.0009999999999998899
86500000,2026-09-04T02:00:00-03:00,1.77,1.768,0.0020000000000000018
86500000,2026-09-04T02:15:00-03:00,1.77,1.7690000000000001,0.0009999999999998899
86500000,2026-09-04T02:30:00-03:00,1.77,1.767,0.0030000000000001137
86500000,2026-09-04T02:45:00-03:00,1.76,1.764,0.0040000000000000036
86500000,2026-09-04T03:00:00-03:00,1.76,1.7630000000000001,0.0030000000000001137
86500000,2026-09-04T03:15:00-03:00,1.76,1.76,0.0
86500000,2026-09-04T03:30:00-03:00,1.76,1.7619999999999998,0.0019999999999997797
86500000,2026-09-04T03:45:00-03:00,1.76,1.7630000000000001,0.0030000000000001137
86500000,2026-09-04T04:00:00-03:00,1.76,1.76,0.0
86500000,2026-09-04T04:15:00-03:00,1.76,1.761,0.0009999999999998899
86500000,2026-09-04T04:30:00-03:00,1.76,1.7630000000000001,0.0030000000000001137
86500000,2026-09-04T04:45:00-03:00,1.76,1.764,0.0040000000000000036
86500000,2026-09-04T05:00:00-03:00,1.76,1.761,0.0009999999999998899
86500000,2026-09-04T05:15:00-03:00,1.76,1.764,0.0040000000000000036
86500000,2026-09-04T05:30:00-03:00,1.77,1.7690000000000001,0.0009999999999998899
86500000,2026-09-04T05:45:00-03:00,1.77,1.768,0.0020000000000000018
86500000,2026-09-04T06:00:00-03:00,1.76,1.765,0.004999999999999893
86500000,2026-09-04T06:15:00-03:00,1.77,1.7690000000000001,0.0009999999999998899
86500000,2026-09-04T06:30:00-03:00,1.77,1.768,0.0020000000000000018
86500000,2026-09-04T06:45:00-03:00,1.77,1.767,0.0030000000000001137
86500000,2026-09-04T07:00:00-03:00,1.76,1.765,0.004999999999999893
86500000,2026-09-04T07:15:00-03:00,1.77,1.77,0.0
86500000,2026-09-04T07:30:00-03:00,1.78,1.776,0.0040000000000000036
86500000,2026-09-04T07:45:00-03:00,1.77,1.7719999999999998,0.0019999999999997797
86500000,2026-09-04T08:00:00-03:00,1.78,1.776,0.0040000000000000036
86500000,2026-09-04T08:15:00-03:00,1.78,1.777,0.0030000000000001137
86500000,2026-09-04T08:30:00-03:00,1.78,1.778,0.0020000000000000018
86500000,2026-09-04T08:45:00-03:00,1.78,1.778,0.0020000000000000018
86500000,2026-09-04T09:00:00-03:00,1.78,1.777,0.0030000000000001137
86500000,2026-09-04T09:15:00-03:00,1.78,1.78,0.0
86500000,2026-09-04T09:30:00-03:00,1.78,1.781,0.0009999999999998899
86500000,2026-09-04T09:45:00-03:00,1.78,1.781,0.0009999999999998899
86500000,2026-09-04T10:00:00-03:00,1.78,1.7790000000000001,0.0009999999999998899
86500000,2026-09-04T10:15:00-03:00,1.7,1.699,0.0009999999999998899
86500000,2026-09-04T10:30:00-03:00,1.54,1.5419999999999998,0.0019999999999997797
86500000,2026-09-04T10:45:00-03:00,1.46,1.456,0.0040000000000000036
86500000,2026-09-04T11:00:00-03:00,1.42,1.422,0.0020000000000000018
86500000,2026-09-04T11:15:00-03:00,1.41,1.41,0.0
86500000,2026-09-04T11:30:00-03:00,1.41,1.405,0.004999999999999893
86500000,2026-09-04T11:45:00-03:00,1.4,1.403,0.0030000000000001137
86500000,2026-09-04T12:00:00-03:00,1.4,1.402,0.0020000000000000018
86500000,2026-09-04T12:15:00-03:00,1.4,1.399,0.0009999999999998899
86500000,2026-09-04T12:30:00-03:00,1.4,1.401,0.001000000000000112
86500000,2026-09-04T12:45:00-03:00,1.4,1.402,0.0020000000000000018
86500000,2026-09-04T13:00:00-03:00,1.49,1.4869999999999999,0.0030000000000001137
86500000,2026-09-04T13:15:00-03:00,1.67,1.671,0.001000000000000112
86500000,2026-09-04T13:30:00-03:00,1.75,1.7469999999999999,0.0030000000000001137
86500000,2026-09-04T13:45:00-03:00,1.77,1.771,0.0009999999999998899
86500000,2026-09-04T14:00:00-03:00,1.78,1.78,0.0
86500000,2026-09-04T14:15:00-03:00,1.78,1.78,0.0
86500000,2026-09-04T14:30:00-03:00,1.78,1.784,0.0040000000000000036
86500000,2026-09-04T14:45:00-03:00,1.78,1.7830000000000001,0.0030000000000001137
86500000,2026-09-04T15:00:00-03:00,1.78,1.785,0.004999999999999893
86500000,2026-09-04T15:15:00-03:00,1.78,1.7790000000000001,0.0009999999999998899
86500000,2026-09-04T15:30:00-03:00,1.78,1.784,0.0040000000000000036
86500000,2026-09-04T15:45:00-03:00,1.78,1.785,0.004999999999999893
86500000,2026-09-04T16:00:00-03:00,1.78,1.784,0.0040000000000000036
86500000,2026-09-04T16:15:00-03:00,1.78,1.7830000000000001,0.0030000000000001137
86500000,2026-09-04T16:30:00-03:00,1.92,1.923,0.0030000000000001137
86500000,2026-09-04T16:45:00-03:00,2.04,2.037,0.0030000000000001137
86500000,2026-09-04T17:00:00-03:00,2.08,2.085,0.004999999999999893
86500000,2026-09-04T17:15:00-03:00,2.1,2.095,0.004999999999999893
86500000,2026-09-04T17:30:00-03:00,2.1,2.104,0.0040000000000000036
86500000,2026-09-04T17:45:00-03:00,2.1,2.099,0.0009999999999998899
86500000,2026-09-04T18:00:00-03:00,2.1,2.102,0.0019999999999997797
86500000,2026-09-04T18:15:00-03:00,2.1,2.096,0.0040000000000000036
86500000,2026-09-04T18:30:00-03:00,2.1,2.0980000000000003,0.0019999999999997797
86500000,2026-09-04T18:45:00-03:00,2.09,2.089,0.0009999999999998899
86500000,2026-09-04T19:00:00-03:00,2.08,2.082,0.0019999999999997797
86500000,2026-09-04T19:15:00-03:00,2.08,2.076,0.0040000000000000036
86500000,2026-09-04T19:30:00-03:00,2.08,2.077,0.0030000000000001137
86500000,2026-09-04T19:45:00-03:00,2.09,2.09,0.0
86500000,2026-09-04T20:00:00-03:00,2.09,2.09,0.0
86500000,2026-09-04T20:15:00-03:00,2.09,2.09,0.0
86500000,2026-09-04T20:30:00-03:00,2.08,2.08,0.0
86500000,2026-09-04T20:45:00-03:00,2.03,2.03,0.0
86500000,2026-09-04T21:00:00-03:00,2.01,2.01,0.0
86500000,2026-09-04T21:15:00-03:00,1.99,1.99,0.0
86500000,2026-09-04T21:30:00-03:00,2.0,2.0,0.0
86500000,2026-09-04T21:45:00-03:00,2.01,2.01,0.0
86500000,2026-09-04T22:00:00-03:00,2.01,2.01,0.0
86500000,2026-09-04T22:15:00-03:00,2.0,2.0,0.0
86500000,2026-09-04T22:30:00-03:00,1.98,1.98,0.0
86500000,2026-09-04T22:45:00-03:00,1.98,1.98,0.0
86500000,2026-09-04T23:00:00-03:00,1.98,1.98,0.0
86500000,2026-09-04T23:15:00-03:00,1.98,1.98,0.0
86500000,2026-09-04T23:30:00-03:00,1.98,1.98,0.0
86500000,2026-09-04T23:45:00-03:00,1.97,1.97,0.0
86500000,2026-09-05T00:00:00-03:00,1.97,1.972,0.0020000000000000018
86500000,2026-09-05T00:15:00-03:00,1.97,1.97,0.0
86500000,2026-09-05T00:30:00-03:00,1.98,1.9769999999999999,0.0030000000000001137
86500000,2026-09-05T00:45:00-03:00,1.98,1.9769999999999999,0.0030000000000001137
86500000,2026-09-05T01:00:00-03:00,1.98,1.9809999999999999,0.0009999999999998899
86500000,2026-09-05T01:15:00-03:00,1.98,1.9769999999999999,0.0030000000000001137
86500000,2026-09-05T01:30:00-03:00,1.98,1.98,0.0
86500000,2026-09-05T01:45:00-03:00,1.98,1.979,0.0009999999999998899
86500000,2026-09-05T02:00:00-03:00,1.98,1.976,0.0040000000000000036
86500000,2026-09-05T02:15:00-03:00,1.98,1.975,0.004999999999999893
86500000,2026-09-05T02:30:00-03:00,1.98,1.976,0.0040000000000000036
86500000,2026-09-05T02:45:00-03:00,1.98,1.976,0.0040000000000000036
86500000,2026-09-05T03:00:00-03:00,1.97,1.973,0.0030000000000001137
86500000,2026-09-05T03:15:00-03:00,1.97,1.972,0.0020000000000000018
86500000,2026-09-05T03:30:00-03:00,1.96,1.9569999999999999,0.0030000000000001137
86500000,2026-09-05T03:45:00-03:00,1.83,1.83,0.0
86500000,2026-09-05T04:00:00-03:00,1.76,1.758,0.0020000000000000018
86500000,2026-09-05T04:15:00-03:00,1.73,1.7309999999999999,0.0009999999999998899
86500000,2026-09-05T04:30:00-03:00,1.72,1.724,0.0040000000000000036
86500000,2026-09-05T04:45:00-03:00,1.72,1.724,0.0040000000000000036
86500000,2026-09-05T05:00:00-03:00,1.72,1.723,0.0030000000000001137
86500000,2026-09-05T05:15:00-03:00,1.72,1.724,0.0040000000000000036
86500000,2026-09-05T05:30:00-03:00,1.72,1.723,0.0030000000000001137
86500000,2026-09-05T05:45:00-03:00,1.72,1.724,0.0040000000000000036
86500000,2026-09-05T06:00:00-03:00,1.73,1.7269999999999999,0.0030000000000001137
86500000,2026-09-05T06:15:00-03:00,1.72,1.723,0.0030000000000001137
86500000,2026-09-05T06:30:00-03:00,1.72,1.723,0.0030000000000001137
86500000,2026-09-05T06:45:00-03:00,1.72,1.72,0.0
86500000,2026-09-05T07:00:00-03:00,1.73,1.725,0.004999999999999893
86500000,2026-09-05T07:15:00-03:00,1.73,1.725,0.004999999999999893
86500000,2026-09-05T07:30:00-03:00,1.73,1.7280000000000002,0.0019999999999997797
86500000,2026-09-05T07:45:00-03:00,1.73,1.725,0.004999999999999893
86500000,2026-09-05T08:00:00-03:00,1.72,1.722,0.0020000000000000018
86500000,2026-09-05T08:15:00-03:00,1.72,1.719,0.0009999999999998899
86500000,2026-09-05T08:30:00-03:00,1.72,1.716,0.0040000000000000036
86500000,2026-09-05T08:45:00-03:00,1.72,1.7180000000000002,0.0019999999999997797
86500000,2026-09-05T09:00:00-03:00,1.72,1.7169999999999999,0.0030000000000001137
86500000,2026-09-05T09:15:00-03:00,1.72,1.716,0.0040000000000000036
86500000,2026-09-05T09:30:00-03:00,1.72,1.716,0.0040000000000000036
86500000,2026-09-05T09:45:00-03:00,1.72,1.7169999999999999,0.0030000000000001137
86500000,2026-09-05T10:00:00-03:00,1.72,1.7180000000000002,0.0019999999999997797
86500000,2026-09-05T10:15:00-03:00,1.72,1.719,0.0009999999999998899
86500000,2026-09-05T10:30:00-03:00,1.73,1.725,0.004999999999999893
86500000,2026-09-05T10:45:00-03:00,1.73,1.729,0.0009999999999998899
86500000,2026-09-05T11:00:00-03:00,1.73,1.729,0.0009999999999998899
86500000,2026-09-05T11:15:00-03:00,1.72,1.7180000000000002,0.0019999999999997797
86500000,2026-09-05T11:30:00-03:00,1.66,1.663,0.0030000000000001137
86500000,2026-09-05T11:45:00-03:00,1.51,1.5119999999999998,0.0019999999999997797
86500000,2026-09-05T12:00:00-03:00,1.42,1.423,0.0030000000000001137
86500000,2026-09-05T12:15:00-03:00,1.38,1.3840000000000001,0.004000000000000226
86500000,2026-09-05T12:30:00-03:00,1.37,1.367,0.0030000000000001137
86500000,2026-09-05T12:45:00-03:00,1.36,1.359,0.001000000000000112
86500000,2026-09-05T13:00:00-03:00,1.36,1.357,0.0030000000000001137
86500000,2026-09-05T13:15:00-03:00,1.36,1.357,0.0030000000000001137
86500000,2026-09-05T13:30:00-03:00,1.36,1.358,0.0020000000000000018
86500000,2026-09-05T13:45:00-03:00,1.36,1.359,0.001000000000000112
86500000,2026-09-05T14:00:00-03:00,1.36,1.358,0.0020000000000000018
86500000,2026-09-05T14:15:00-03:00,1.36,1.3559999999999999,0.004000000000000226
86500000,2026-09-05T14:30:00-03:00,1.36,1.357,0.0030000000000001137
86500000,2026-09-05T14:45:00-03:00,1.36,1.358,0.0020000000000000018
86500000,2026-09-05T15:00:00-03:00,1.36,1.358,0.0020000000000000018
86500000,2026-09-05T15:15:00-03:00,1.36,1.359,0.001000000000000112
86500000,2026-09-05T15:30:00-03:00,1.36,1.357,0.0030000000000001137
86500000,2026-09-05T15:45:00-03:00,1.36,1.358,0.0020000000000000018
86500000,2026-09-05T16:00:00-03:00,1.36,1.36,0.0
86500000,2026-09-05T16:15:00-03:00,1.36,1.361,0.0009999999999998899
86500000,2026-09-05T16:30:00-03:00,1.36,1.361,0.0009999999999998899
86500000,2026-09-05T16:45:00-03:00,1.41,1.409,0.0009999999999998899
86500000,2026-09-05T17:00:00-03:00,1.57,1.5719999999999998,0.0019999999999997797
86500000,2026-09-05T17:15:00-03:00,1.64,1.642,0.0020000000000000018
86500000,2026-09-05T17:30:00-03:00,1.68,1.6780000000000002,0.0019999999999997797
86500000,2026-09-05T17:45:00-03:00,1.69,1.69,0.0
86500000,2026-09-05T18:00:00-03:00,1.69,1.694,0.0040000000000000036
86500000,2026-09-05T18:15:00-03:00,1.69,1.69,0.0
86500000,2026-09-05T18:30:00-03:00,1.69,1.69,0.0
86500000,2026-09-05T18:45:00-03:00,1.69,1.6880000000000002,0.0019999999999997797
86500000,2026-09-05T19:00:00-03:00,1.69,1.686,0.0040000000000000036
86500000,2026-09-05T19:15:00-03:00,1.69,1.6880000000000002,0.0019999999999997797
86500000,2026-09-05T19:30:00-03:00,1.69,1.69,0.0
86500000,2026-09-05T19:45:00-03:00,1.69,1.693,0.0030000000000001137
86500000,2026-09-05T20:00:00-03:00,1.69,1.692,0.0020000000000000018
86500000,2026-09-05T20:15:00-03:00,1.69,1.69,0.0
86500000,2026-09-05T20:30:00-03:00,1.69,1.69,0.0
86500000,2026-09-05T20:45:00-03:00,1.69,1.6909999999999998,0.0009999999999998899
86500000,2026-09-05T21:00:00-03:00,1.7,1.695,0.004999999999999893
86500000,2026-09-05T21:15:00-03:00,1.69,1.694,0.0040000000000000036
86500000,2026-09-05T21:30:00-03:00,1.69,1.694,0.0040000000000000036
86500000,2026-09-05T21:45:00-03:00,1.69,1.694,0.0040000000000000036
86500000,2026-09-05T22:00:00-03:00,1.69,1.693,0.0030000000000001137
86500000,2026-09-05T22:15:00-03:00,1.69,1.6909999999999998,0.0009999999999998899
86500000,2026-09-05T22:30:00-03:00,1.69,1.6909999999999998,0.0009999999999998899
86500000,2026-09-05T22:45:00-03:00,1.69,1.69,0.0
86500000,2026-09-05T23:00:00-03:00,1.69,1.69,0.0
86500000,2026-09-05T23:15:00-03:00,1.69,1.69,0.0
86500000,2026-09-05T23:30:00-03:00,1.69,1.69,0.0
86500000,2026-09-05T23:45:00-03:00,1.69,1.69,0.0
86500000,2026-09-06T00:00:00-03:00,1.69,1.69,0.0
86500000,2026-09-06T00:15:00-03:00,1.69,1.69,0.0
86500000,2026-09-06T00:30:00-03:00,1.69,1.69,0.0
86500000,2026-09-06T00:45:00-03:00,1.69,1.69,0.0
86500000,2026-09-06T01:00:00-03:00,1.69,1.69,0.0
86500000,2026-09-06T01:15:00-03:00,1.69,1.69,0.0
86500000,2026-09-06T01:30:00-03:00,1.69,1.69,0.0
86500000,2026-09-06T01:45:00-03:00,1.69,1.69,0.0
86500000,2026-09-06T02:00:00-03:00,1.69,1.69,0.0
86500000,2026-09-06T02:15:00-03:00,1.69,1.69,0.0
86500000,2026-09-06T02:30:00-03:00,1.69,1.69,0.0
86500000,2026-09-06T02:45:00-03:00,1.69,1.69,0.0
86500000,2026-09-06T03:00:00-03:00,1.69,1.69,0.0
86500000,2026-09-06T03:15:00-03:00,1.69,1.692,0.0020000000000000018
86500000,2026-09-06T03:30:00-03:00,1.69,1.6880000000000002,0.0019999999999997797
86500000,2026-09-06T03:45:00-03:00,1.69,1.6880000000000002,0.0019999999999997797
86500000,2026-09-06T04:00:00-03:00,1.67,1.666,0.0040000000000000036
86500000,2026-09-06T04:15:00-03:00,1.53,1.528,0.0020000000000000018
86500000,2026-09-06T04:30:00-03:00,1.44,1.435,0.004999999999999893
86500000,2026-09-06T04:45:00-03:00,1.39,1.39,0.0
86500000,2026-09-06T05:00:00-03:00,1.37,1.3719999999999999,0.0019999999999997797
86500000,2026-09-06T05:15:00-03:00,1.36,1.365,0.004999999999999893
86500000,2026-09-06T05:30:00-03:00,1.36,1.3630000000000002,0.0030000000000001137
86500000,2026-09-06T05:45:00-03:00,1.36,1.3630000000000002,0.0030000000000001137
86500000,2026-09-06T06:00:00-03:00,1.36,1.361,0.0009999999999998899
86500000,2026-09-06T06:15:00-03:00,1.36,1.36,0.0
86500000,2026-09-06T06:30:00-03:00,1.36,1.3619999999999999,0.0019999999999997797
86500000,2026-09-06T06:45:00-03:00,1.37,1.37,0.0
86500000,2026-09-06T07:00:00-03:00,1.37,1.3719999999999999,0.0019999999999997797
86500000,2026-09-06T07:15:00-03:00,1.37,1.371,0.0009999999999998899
86500000,2026-09-06T07:30:00-03:00,1.37,1.3719999999999999,0.0019999999999997797
86500000,2026-09-06T07:45:00-03:00,1.37,1.374,0.0040000000000000036
86500000,2026-09-06T08:00:00-03:00,1.38,1.375,0.004999999999999893
86500000,2026-09-06T08:15:00-03:00,1.37,1.374,0.0040000000000000036
86500000,2026-09-06T08:30:00-03:00,1.37,1.3730000000000002,0.0030000000000001137
86500000,2026-09-06T08:45:00-03:00,1.37,1.374,0.0040000000000000036
86500000,2026-09-06T09:00:00-03:00,1.37,1.3719999999999999,0.0019999999999997797
86500000,2026-09-06T09:15:00-03:00,1.37,1.371,0.0009999999999998899
86500000,2026-09-06T09:30:00-03:00,1.37,1.3730000000000002,0.0030000000000001137
86500000,2026-09-06T09:45:00-03:00,1.37,1.3719999999999999,0.0019999999999997797
86500000,2026-09-06T10:00:00-03:00,1.37,1.37,0.0
86500000,2026-09-06T10:15:00-03:00,1.37,1.371,0.0009999999999998899
86500000,2026-09-06T10:30:00-03:00,1.37,1.371,0.0009999999999998899
86500000,2026-09-06T10:45:00-03:00,1.37,1.3719999999999999,0.0019999999999997797
86500000,2026-09-06T11:00:00-03:00,1.37,1.3730000000000002,0.0030000000000001137
86500000,2026-09-06T11:15:00-03:00,1.37,1.3730000000000002,0.0030000000000001137
86500000,2026-09-06T11:30:00-03:00,1.37,1.3730000000000002,0.0030000000000001137
86500000,2026-09-06T11:45:00-03:00,1.37,1.374,0.0040000000000000036
86500000,2026-09-06T12:00:00-03:00,1.38,1.375,0.004999999999999893
86500000,2026-09-06T12:15:00-03:00,1.37,1.374,0.0040000000000000036
86500000,2026-09-06T12:30:00-03:00,1.37,1.3730000000000002,0.0030000000000001137
86500000,2026-09-06T12:45:00-03:00,1.37,1.3730000000000002,0.0030000000000001137
86500000,2026-09-06T13:00:00-03:00,1.37,1.3730000000000002,0.0030000000000001137
86500000,2026-09-06T13:15:00-03:00,1.37,1.374,0.0040000000000000036
86500000,2026-09-06T13:30:00-03:00,1.37,1.3730000000000002,0.0030000000000001137
86500000,2026-09-06T13:45:00-03:00,1.37,1.371,0.0009999999999998899
86500000,2026-09-06T14:00:00-03:00,1.37,1.369,0.001000000000000112
86500000,2026-09-06T14:15:00-03:00,1.37,1.37,0.0
86500000,2026-09-06T14:30:00-03:00,1.37,1.3730000000000002,0.0030000000000001137
86500000,2026-09-06T14:45:00-03:00,1.37,1.371,0.0009999999999998899
86500000,2026-09-06T15:00:00-03:00,1.37,1.3730000000000002,0.0030000000000001137
86500000,2026-09-06T15:15:00-03:00,1.37,1.37,0.0
86500000,2026-09-06T15:30:00-03:00,1.37,1.3719999999999999,0.0019999999999997797
86500000,2026-09-06T15:45:00-03:00,1.37,1.3719999999999999,0.0019999999999997797
86500000,2026-09-06T16:00:00-03:00,1.37,1.3730000000000002,0.0030000000000001137
86500000,2026-09-06T16:15:00-03:00,1.37,1.37,0.0
86500000,2026-09-06T16:30:00-03:00,1.37,1.37,0.0
86500000,2026-09-06T16:45:00-03:00,1.37,1.371,0.0009999999999998899
86500000,2026-09-06T17:00:00-03:00,1.37,1.3719999999999999,0.0019999999999997797
86500000,2026-09-06T17:15:00-03:00,1.37,1.3719999999999999,0.0019999999999997797
86500000,2026-09-06T17:30:00-03:00,1.37,1.371,0.0009999999999998899
86500000,2026-09-06T17:45:00-03:00,1.37,1.37,0.0
86500000,2026-09-06T18:00:00-03:00,1.37,1.369,0.001000000000000112
86500000,2026-09-06T18:15:00-03:00,1.37,1.369,0.001000000000000112
86500000,2026-09-06T18:30:00-03:00,1.37,1.37,0.0
86500000,2026-09-06T18:45:00-03:00,1.37,1.369,0.001000000000000112
86500000,2026-09-06T19:00:00-03:00,1.37,1.369,0.001000000000000112
86500000,2026-09-06T19:15:00-03:00,1.37,1.369,0.001000000000000112
86500000,2026-09-06T19:30:00-03:00,1.37,1.369,0.001000000000000112
86500000,2026-09-06T19:45:00-03:00,1.37,1.3730000000000002,0.0030000000000001137
86500000,2026-09-06T20:00:00-03:00,1.37,1.374,0.0040000000000000036
86500000,2026-09-06T20:15:00-03:00,1.37,1.371,0.0009999999999998899
86500000,2026-09-06T20:30:00-03:00,1.37,1.3719999999999999,0.0019999999999997797
86500000,2026-09-06T20:45:00-03:00,1.37,1.3719999999999999,0.0019999999999997797
86500000,2026-09-06T21:00:00-03:00,1.37,1.371,0.0009999999999998899
86500000,2026-09-06T21:15:00-03:00,1.37,1.3719999999999999,0.0019999999999997797
86500000,2026-09-06T21:30:00-03:00,1.37,1.3730000000000002,0.0030000000000001137
86500000,2026-09-06T21:45:00-03:00,1.37,1.374,0.0040000000000000036
86500000,2026-09-06T22:00:00-03:00,1.37,1.3730000000000002,0.0030000000000001137
86500000,2026-09-06T22:15:00-03:00,1.37,1.374,0.0040000000000000036
86500000,2026-09-06T22:30:00-03:00,1.37,1.374,0.0040000000000000036
86500000,2026-09-06T22:45:00-03:00,1.38,1.3769999999999998,0.0030000000000001137
86500000,2026-09-06T23:00:00-03:00,1.51,1.5130000000000001,0.0030000000000001137
86500000,2026-09-06T23:15:00-03:00,1.67,1.665,0.004999999999999893
86500000,2026-09-06T23:30:00-03:00,1.72,1.72,0.0
86500000,2026-09-06T23:45:00-03:00,1.74,1.74,0.0
86500000,2026-09-07T00:00:00-03:00,1.74,1.743,0.0030000000000001137
86500000,2026-09-07T00:15:00-03:00,1.74,1.743,0.0030000000000001137
86500000,2026-09-07T00:30:00-03:00,1.75,1.7480000000000002,0.0019999999999997797
86500000,2026-09-07T00:45:00-03:00,1.73,1.73,0.0
86500000,2026-09-07T01:00:00-03:00,1.71,1.71,0.0
86500000,2026-09-07T01:15:00-03:00,1.7,1.7,0.0
86500000,2026-09-07T01:30:00-03:00,1.7,1.7,0.0
86500000,2026-09-07T01:45:00-03:00,1.69,1.69,0.0
86500000,2026-09-07T02:00:00-03:00,1.68,1.68,0.0
86500000,2026-09-07T02:15:00-03:00,1.69,1.69,0.0
86500000,2026-09-07T02:30:00-03:00,1.69,1.69,0.0
86500000,2026-09-07T02:45:00-03:00,1.69,1.69,0.0
86500000,2026-09-07T03:00:00-03:00,1.69,1.69,0.0
86500000,2026-09-07T03:15:00-03:00,1.7,1.7,0.0
86500000,2026-09-07T03:30:00-03:00,1.69,1.69,0.0
86500000,2026-09-07T03:45:00-03:00,1.64,1.64,0.0
86500000,2026-09-07T04:00:00-03:00,1.49,1.49,0.0
86500000,2026-09-07T04:15:00-03:00,1.41,1.41,0.0
86500000,2026-09-07T04:30:00-03:00,1.37,1.37,0.0
86500000,2026-09-07T04:45:00-03:00,1.36,1.36,0.0
86500000,2026-09-07T05:00:00-03:00,1.35,1.35,0.0
86500000,2026-09-07T05:15:00-03:00,1.35,1.35,0.0
86500000,2026-09-07T05:30:00-03:00,1.35,1.35,0.0
86500000,2026-09-07T05:45:00-03:00,1.35,1.347,0.0030000000000001137
86500000,2026-09-07T06:00:00-03:00,1.34,1.345,0.004999999999999893
86500000,2026-09-07T06:15:00-03:00,1.34,1.3430000000000002,0.0030000000000001137
86500000,2026-09-07T06:30:00-03:00,1.34,1.3419999999999999,0.0019999999999997797
86500000,2026-09-07T06:45:00-03:00,1.34,1.339,0.001000000000000112
86500000,2026-09-07T07:00:00-03:00,1.34,1.345,0.004999999999999893
86500000,2026-09-07T07:15:00-03:00,1.35,1.348,0.0020000000000000018
86500000,2026-09-07T07:30:00-03:00,1.35,1.348,0.0020000000000000018
86500000,2026-09-07T07:45:00-03:00,1.34,1.344,0.0040000000000000036
86500000,2026-09-07T08:00:00-03:00,1.34,1.3419999999999999,0.0019999999999997797
86500000,2026-09-07T08:15:00-03:00,1.33,1.334,0.0040000000000000036
86500000,2026-09-07T08:30:00-03:00,1.33,1.334,0.0040000000000000036
86500000,2026-09-07T08:45:00-03:00,1.33,1.3330000000000002,0.0030000000000001137
86500000,2026-09-07T09:00:00-03:00,1.33,1.33,0.0
86500000,2026-09-07T09:15:00-03:00,1.33,1.328,0.0020000000000000018
86500000,2026-09-07T09:30:00-03:00,1.33,1.3259999999999998,0.004000000000000226
86500000,2026-09-07T09:45:00-03:00,1.33,1.3259999999999998,0.004000000000000226
86500000,2026-09-07T10:00:00-03:00,1.33,1.329,0.001000000000000112
86500000,2026-09-07T10:15:00-03:00,1.33,1.331,0.0009999999999998899
86500000,2026-09-07T10:30:00-03:00,1.33,1.33,0.0
86500000,2026-09-07T10:45:00-03:00,1.33,1.33,0.0
86500000,2026-09-07T11:00:00-03:00,1.33,1.3330000000000002,0.0030000000000001137
86500000,2026-09-07T11:15:00-03:00,1.33,1.3319999999999999,0.0019999999999997797
86500000,2026-09-07T11:30:00-03:00,1.33,1.334,0.0040000000000000036
86500000,2026-09-07T11:45:00-03:00,1.33,1.335,0.004999999999999893
86500000,2026-09-07T12:00:00-03:00,1.33,1.334,0.0040000000000000036
86500000,2026-09-07T12:15:00-03:00,1.33,1.3330000000000002,0.0030000000000001137
86500000,2026-09-07T12:30:00-03:00,1.33,1.3330000000000002,0.0030000000000001137
86500000,2026-09-07T12:45:00-03:00,1.33,1.334,0.0040000000000000036
86500000,2026-09-07T13:00:00-03:00,1.33,1.335,0.004999999999999893
86500000,2026-09-07T13:15:00-03:00,1.33,1.3319999999999999,0.0019999999999997797
86500000,2026-09-07T13:30:00-03:00,1.33,1.331,0.0009999999999998899
86500000,2026-09-07T13:45:00-03:00,1.33,1.331,0.0009999999999998899
86500000,2026-09-07T14:00:00-03:00,1.33,1.331,0.0009999999999998899
86500000,2026-09-07T14:15:00-03:00,1.33,1.331,0.0009999999999998899
86500000,2026-09-07T14:30:00-03:00,1.33,1.331,0.0009999999999998899
86500000,2026-09-07T14:45:00-03:00,1.33,1.334,0.0040000000000000036
86500000,2026-09-07T15:00:00-03:00,1.33,1.3330000000000002,0.0030000000000001137
86500000,2026-09-07T15:15:00-03:00,1.33,1.331,0.0009999999999998899
86500000,2026-09-07T15:30:00-03:00,1.33,1.328,0.0020000000000000018
86500000,2026-09-07T15:45:00-03:00,1.33,1.33,0.0
86500000,2026-09-07T16:00:00-03:00,1.33,1.33,0.0
86500000,2026-09-07T16:15:00-03:00,1.33,1.33,0.0
86500000,2026-09-07T16:30:00-03:00,1.33,1.33,0.0
86500000,2026-09-07T16:45:00-03:00,1.33,1.329,0.001000000000000112
86500000,2026-09-07T17:00:00-03:00,1.33,1.331,0.0009999999999998899
86500000,2026-09-07T17:15:00-03:00,1.33,1.327,0.0030000000000001137
86500000,2026-09-07T17:30:00-03:00,1.41,1.413,0.0030000000000001137
86500000,2026-09-07T17:45:00-03:00,1.6,1.597,0.0030000000000001137
86500000,2026-09-07T18:00:00-03:00,1.67,1.6740000000000002,0.004000000000000226
86500000,2026-09-07T18:15:00-03:00,1.7,1.6969999999999998,0.0030000000000001137
86500000,2026-09-07T18:30:00-03:00,1.71,1.709,0.0009999999999998899
86500000,2026-09-07T18:45:00-03:00,1.71,1.712,0.0020000000000000018
86500000,2026-09-07T19:00:00-03:00,1.71,1.71,0.0
86500000,2026-09-07T19:15:00-03:00,1.71,1.7069999999999999,0.0030000000000001137
86500000,2026-09-07T19:30:00-03:00,1.71,1.7080000000000002,0.0019999999999997797
86500000,2026-09-07T19:45:00-03:00,1.71,1.7069999999999999,0.0030000000000001137
86500000,2026-09-07T20:00:00-03:00,1.7,1.704,0.0040000000000000036
86500000,2026-09-07T20:15:00-03:00,1.71,1.705,0.004999999999999893
86500000,2026-09-07T20:30:00-03:00,1.7,1.703,0.0030000000000001137
86500000,2026-09-07T20:45:00-03:00,1.71,1.706,0.0040000000000000036
86500000,2026-09-07T21:00:00-03:00,1.71,1.706,0.0040000000000000036
86500000,2026-09-07T21:15:00-03:00,1.71,1.705,0.004999999999999893
86500000,2026-09-07T21:30:00-03:00,1.7,1.704,0.0040000000000000036
86500000,2026-09-07T21:45:00-03:00,1.7,1.7009999999999998,0.0009999999999998899
86500000,2026-09-07T22:00:00-03:00,1.7,1.703,0.0030000000000001137
86500000,2026-09-07T22:15:00-03:00,1.7,1.702,0.0020000000000000018
86500000,2026-09-07T22:30:00-03:00,1.7,1.7009999999999998,0.0009999999999998899
86500000,2026-09-07T22:45:00-03:00,1.7,1.7,0.0
86500000,2026-09-07T23:00:00-03:00,1.7,1.702,0.0020000000000000018
86500000,2026-09-07T23:15:00-03:00,1.71,1.705,0.004999999999999893
86500000,2026-09-07T23:30:00-03:00,1.7,1.704,0.0040000000000000036
86500000,2026-09-07T23:45:00-03:00,1.7,1.7,0.0
86500000,2026-09-08T00:00:00-03:00,1.71,1.706,0.0040000000000000036
86500000,2026-09-08T00:15:00-03:00,1.7,1.702,0.0020000000000000018
86500000,2026-09-08T00:30:00-03:00,1.69,1.692,0.0020000000000000018
86500000,2026-09-08T00:45:00-03:00,1.55,1.55,0.0
86500000,2026-09-08T01:00:00-03:00,1.44,1.435,0.004999999999999893
86500000,2026-09-08T01:15:00-03:00,1.38,1.3780000000000001,0.0019999999999997797
86500000,2026-09-08T01:30:00-03:00,1.35,1.354,0.0040000000000000036
86500000,2026-09-08T01:45:00-03:00,1.34,1.34,0.0
86500000,2026-09-08T02:00:00-03:00,1.34,1.34,0.0
86500000,2026-09-08T02:15:00-03:00,1.34,1.34,0.0
86500000,2026-09-08T02:30:00-03:00,1.34,1.34,0.0
86500000,2026-09-08T02:45:00-03:00,1.34,1.34,0.0
86500000,2026-09-08T03:00:00-03:00,1.34,1.34,0.0
86500000,2026-09-08T03:15:00-03:00,1.33,1.33,0.0
86500000,2026-09-08T03:30:00-03:00,1.34,1.34,0.0
86500000,2026-09-08T03:45:00-03:00,1.33,1.33,0.0
86500000,2026-09-08T04:00:00-03:00,1.33,1.33,0.0
86500000,2026-09-08T04:15:00-03:00,1.33,1.33,0.0
86500000,2026-09-08T04:30:00-03:00,1.33,1.33,0.0
86500000,2026-09-08T04:45:00-03:00,1.29,1.29,0.0
86500000,2026-09-08T05:00:00-03:00,1.15,1.15,0.0
86500000,2026-09-08T05:15:00-03:00,1.03,1.03,0.0
86500000,2026-09-08T05:30:00-03:00,0.94,0.94,0.0
86500000,2026-09-08T05:45:00-03:00,0.87,0.87,0.0
86500000,2026-09-08T06:00:00-03:00,0.82,0.82,0.0
86500000,2026-09-08T06:15:00-03:00,0.79,0.79,0.0
86500000,2026-09-08T06:30:00-03:00,0.76,0.76,0.0
86500000,2026-09-08T06:45:00-03:00,0.75,0.75,0.0
86500000,2026-09-08T07:00:00-03:00,0.74,0.74,0.0
86500000,2026-09-08T07:15:00-03:00,0.73,0.73,0.0
86500000,2026-09-08T07:30:00-03:00,0.72,0.72,0.0
86500000,2026-09-08T07:45:00-03:00,0.72,0.716,0.0040000000000000036
86500000,2026-09-08T08:00:00-03:00,0.71,0.7140000000000001,0.004000000000000115
86500000,2026-09-08T08:15:00-03:00,0.71,0.7120000000000001,0.002000000000000113
86500000,2026-09-08T08:30:00-03:00,0.71,0.71,0.0
86500000,2026-09-08T08:45:00-03:00,0.71,0.7090000000000001,0.0009999999999998899
86500000,2026-09-08T09:00:00-03:00,0.71,0.7090000000000001,0.0009999999999998899
86500000,2026-09-08T09:15:00-03:00,0.71,0.708,0.0020000000000000018
86500000,2026-09-08T09:30:00-03:00,0.71,0.708,0.0020000000000000018
86500000,2026-09-08T09:45:00-03:00,0.71,0.7090000000000001,0.0009999999999998899
86500000,2026-09-08T10:00:00-03:00,0.71,0.708,0.0020000000000000018
86500000,2026-09-08T10:15:00-03:00,0.71,0.71,0.0
86500000,2026-09-08T10:30:00-03:00,0.71,0.71,0.0
86500000,2026-09-08T10:45:00-03:00,0.71,0.71,0.0
86500000,2026-09-08T11:00:00-03:00,0.71,0.71,0.0
86500000,2026-09-08T11:15:00-03:00,0.71,0.711,0.0010000000000000009
86500000,2026-09-08T11:30:00-03:00,0.71,0.711,0.0010000000000000009
86500000,2026-09-08T11:45:00-03:00,0.71,0.711,0.0010000000000000009
86500000,2026-09-08T12:00:00-03:00,0.71,0.71,0.0
86500000,2026-09-08T12:15:00-03:00,0.71,0.711,0.0010000000000000009
86500000,2026-09-08T12:30:00-03:00,0.71,0.7120000000000001,0.002000000000000113
86500000,2026-09-08T12:45:00-03:00,0.71,0.713,0.0030000000000000027
86500000,2026-09-08T13:00:00-03:00,0.71,0.713,0.0030000000000000027
86500000,2026-09-08T13:15:00-03:00,0.88,0.878,0.0020000000000000018
86500000,2026-09-08T13:30:00-03:00,1.12,1.124,0.0040000000000000036
86500000,2026-09-08T13:45:00-03:00,1.25,1.251,0.0009999999999998899
86500000,2026-09-08T14:00:00-03:00,1.3,1.305,0.004999999999999893
86500000,2026-09-08T14:15:00-03:00,1.33,1.3259999999999998,0.004000000000000226
86500000,2026-09-08T14:30:00-03:00,1.33,1.335,0.004999999999999893
86500000,2026-09-08T14:45:00-03:00,1.34,1.338,0.0020000000000000018
86500000,2026-09-08T15:00:00-03:00,1.34,1.34,0.0
86500000,2026-09-08T15:15:00-03:00,1.34,1.341,0.0009999999999998899
86500000,2026-09-08T15:30:00-03:00,1.34,1.338,0.0020000000000000018
86500000,2026-09-08T15:45:00-03:00,1.34,1.34,0.0
86500000,2026-09-08T16:00:00-03:00,1.34,1.341,0.0009999999999998899
86500000,2026-09-08T16:15:00-03:00,1.34,1.339,0.001000000000000112
86500000,2026-09-08T16:30:00-03:00,1.34,1.338,0.0020000000000000018
86500000,2026-09-08T16:45:00-03:00,1.34,1.34,0.0
86500000,2026-09-08T17:00:00-03:00,1.34,1.339,0.001000000000000112
86500000,2026-09-08T17:15:00-03:00,1.34,1.34,0.0
86500000,2026-09-08T17:30:00-03:00,1.34,1.338,0.0020000000000000018
86500000,2026-09-08T17:45:00-03:00,1.34,1.34,0.0
86500000,2026-09-08T18:00:00-03:00,1.34,1.337,0.0030000000000001137
86500000,2026-09-08T18:15:00-03:00,1.34,1.3430000000000002,0.0030000000000001137
86500000,2026-09-08T18:30:00-03:00,1.49,1.486,0.0040000000000000036
86500000,2026-09-08T18:45:00-03:00,1.62,1.624,0.0040000000000000036
86500000,2026-09-08T19:00:00-03:00,1.67,1.672,0.0020000000000000018
86500000,2026-09-08T19:15:00-03:00,1.69,1.686,0.0040000000000000036
86500000,2026-09-08T19:30:00-03:00,1.69,1.692,0.0020000000000000018
86500000,2026-09-08T19:45:00-03:00,1.69,1.692,0.0020000000000000018
86500000,2026-09-08T20:00:00-03:00,1.7,1.695,0.004999999999999893
86500000,2026-09-08T20:15:00-03:00,1.7,1.695,0.004999999999999893
86500000,2026-09-08T20:30:00-03:00,1.69,1.693,0.0030000000000001137
86500000,2026-09-08T20:45:00-03:00,1.7,1.6969999999999998,0.0030000000000001137
86500000,2026-09-08T21:00:00-03:00,1.7,1.6969999999999998,0.0030000000000001137
86500000,2026-09-08T21:15:00-03:00,1.69,1.693,0.0030000000000001137
86500000,2026-09-08T21:30:00-03:00,1.7,1.695,0.004999999999999893
86500000,2026-09-08T21:45:00-03:00,1.69,1.694,0.0040000000000000036
86500000,2026-09-08T22:00:00-03:00,1.69,1.689,0.0009999999999998899
86500000,2026-09-08T22:15:00-03:00,1.69,1.6869999999999998,0.0030000000000001137
86500000,2026-09-08T22:30:00-03:00,1.69,1.6909999999999998,0.0009999999999998899
86500000,2026-09-08T22:45:00-03:00,1.69,1.689,0.0009999999999998899
86500000,2026-09-08T23:00:00-03:00,1.69,1.686,0.0040000000000000036
86500000,2026-09-08T23:15:00-03:00,1.69,1.6880000000000002,0.0019999999999997797
86500000,2026-09-08T23:30:00-03:00,1.7,1.696,0.0040000000000000036
86500000,2026-09-08T23:45:00-03:00,1.7,1.7,0.0
86500000,2026-09-09T00:00:00-03:00,1.7,1.6969999999999998,0.0030000000000001137
86500000,2026-09-09T00:15:00-03:00,1.69,1.692,0.0020000000000000018
86500000,2026-09-09T00:30:00-03:00,1.69,1.6909999999999998,0.0009999999999998899
86500000,2026-09-09T00:45:00-03:00,1.69,1.692,0.0020000000000000018
86500000,2026-09-09T01:00:00-03:00,1.69,1.693,0.0030000000000001137
86500000,2026-09-09T01:15:00-03:00,1.69,1.689,0.0009999999999998899
86500000,2026-09-09T01:30:00-03:00,1.69,1.6909999999999998,0.0009999999999998899
86500000,2026-09-09T01:45:00-03:00,1.69,1.6869999999999998,0.0030000000000001137
86500000,2026-09-09T02:00:00-03:00,1.64,1.6440000000000001,0.004000000000000226
86500000,2026-09-09T02:15:00-03:00,1.5,1.4980000000000002,0.0019999999999997797
86500000,2026-09-09T02:30:00-03:00,1.41,1.4080000000000001,0.0019999999999997797
86500000,2026-09-09T02:45:00-03:00,1.37,1.367,0.0030000000000001137
86500000,2026-09-09T03:00:00-03:00,1.35,1.347,0.0030000000000001137
86500000,2026-09-09T03:15:00-03:00,1.34,1.338,0.0020000000000000018
86500000,2026-09-09T03:30:00-03:00,1.34,1.3359999999999999,0.004000000000000226
86500000,2026-09-09T03:45:00-03:00,1.33,1.33,0.0
86500000,2026-09-09T04:00:00-03:00,1.33,1.33,0.0
86500000,2026-09-09T04:15:00-03:00,1.33,1.33,0.0
86500000,2026-09-09T04:30:00-03:00,1.34,1.34,0.0
86500000,2026-09-09T04:45:00-03:00,1.34,1.34,0.0
86500000,2026-09-09T05:00:00-03:00,1.34,1.34,0.0
86500000,2026-09-09T05:15:00-03:00,1.33,1.33,0.0
86500000,2026-09-09T05:30:00-03:00,1.34,1.34,0.0
86500000,2026-09-09T05:45:00-03:00,1.34,1.34,0.0
86500000,2026-09-09T06:00:00-03:00,1.34,1.34,0.0
86500000,2026-09-09T06:15:00-03:00,1.34,1.34,0.0
86500000,2026-09-09T06:30:00-03:00,1.34,1.34,0.0
86500000,2026-09-09T06:45:00-03:00,1.32,1.32,0.0
86500000,2026-09-09T07:00:00-03:00,1.19,1.19,0.0
86500000,2026-09-09T07:15:00-03:00,1.06,1.06,0.0
86500000,2026-09-09T07:30:00-03:00,0.96,0.96,0.0
86500000,2026-09-09T07:45:00-03:00,0.89,0.89,0.0
86500000,2026-09-09T08:00:00-03:00,0.84,0.84,0.0
86500000,2026-09-09T08:15:00-03:00,0.8,0.8,0.0
86500000,2026-09-09T08:30:00-03:00,0.77,0.77,0.0
86500000,2026-09-09T08:45:00-03:00,0.75,0.75,0.0
86500000,2026-09-09T09:00:00-03:00,0.74,0.74,0.0
86500000,2026-09-09T09:15:00-03:00,0.73,0.73,0.0
86500000,2026-09-09T09:30:00-03:00,0.72,0.72,0.0
86500000,2026-09-09T09:45:00-03:00,0.72,0.716,0.0040000000000000036
86500000,2026-09-09T10:00:00-03:00,0.71,0.7120000000000001,0.002000000000000113
86500000,2026-09-09T10:15:00-03:00,0.71,0.711,0.0010000000000000009
86500000,2026-09-09T10:30:00-03:00,0.71,0.7090000000000001,0.0009999999999998899
86500000,2026-09-09T10:45:00-03:00,0.71,0.7070000000000001,0.0029999999999998916
86500000,2026-09-09T11:00:00-03:00,0.71,0.7070000000000001,0.0029999999999998916
86500000,2026-09-09T11:15:00-03:00,0.71,0.7070000000000001,0.0029999999999998916
86500000,2026-09-09T11:30:00-03:00,0.71,0.708,0.0020000000000000018
86500000,2026-09-09T11:45:00-03:00,0.7,0.705,0.0050000000000000044
86500000,2026-09-09T12:00:00-03:00,0.71,0.706,0.0040000000000000036
86500000,2026-09-09T12:15:00-03:00,0.71,0.7070000000000001,0.0029999999999998916
86500000,2026-09-09T12:30:00-03:00,0.71,0.708,0.0020000000000000018
86500000,2026-09-09T12:45:00-03:00,0.71,0.7090000000000001,0.0009999999999998899
86500000,2026-09-09T13:00:00-03:00,0.81,0.8079999999999999,0.002000000000000113
86500000,2026-09-09T13:15:00-03:00,1.07,1.075,0.004999999999999893
86500000,2026-09-09T13:30:00-03:00,1.23,1.226,0.0040000000000000036
86500000,2026-09-09T13:45:00-03:00,1.37,1.3719999999999999,0.0019999999999997797
86500000,2026-09-09T14:00:00-03:00,1.59,1.5859999999999999,0.004000000000000226
86500000,2026-09-09T14:15:00-03:00,1.67,1.6740000000000002,0.004000000000000226
86500000,2026-09-09T14:30:00-03:00,1.7,1.699,0.0009999999999998899
86500000,2026-09-09T14:45:00-03:00,1.71,1.7069999999999999,0.0030000000000001137
86500000,2026-09-09T15:00:00-03:00,1.7,1.6969999999999998,0.0030000000000001137
86500000,2026-09-09T15:15:00-03:00,1.7,1.702,0.0020000000000000018
86500000,2026-09-09T15:30:00-03:00,1.71,1.714,0.0040000000000000036
86500000,2026-09-09T15:45:00-03:00,1.73,1.726,0.0040000000000000036
86500000,2026-09-09T16:00:00-03:00,1.72,1.7180000000000002,0.0019999999999997797
86500000,2026-09-09T16:15:00-03:00,1.71,1.7069999999999999,0.0030000000000001137
86500000,2026-09-09T16:30:00-03:00,1.57,1.571,0.0009999999999998899
86500000,2026-09-09T16:45:00-03:00,1.46,1.4580000000000002,0.0019999999999997797
86500000,2026-09-09T17:00:00-03:00,1.4,1.402,0.0020000000000000018
86500000,2026-09-09T17:15:00-03:00,1.38,1.3780000000000001,0.0019999999999997797
86500000,2026-09-09T17:30:00-03:00,1.37,1.367,0.0030000000000001137
86500000,2026-09-09T17:45:00-03:00,1.36,1.365,0.004999999999999893
86500000,2026-09-09T18:00:00-03:00,1.36,1.3619999999999999,0.0019999999999997797
86500000,2026-09-09T18:15:00-03:00,1.36,1.358,0.0020000000000000018
86500000,2026-09-09T18:30:00-03:00,1.36,1.359,0.001000000000000112
86500000,2026-09-09T18:45:00-03:00,1.36,1.3619999999999999,0.0019999999999997797
86500000,2026-09-09T19:00:00-03:00,1.36,1.3619999999999999,0.0019999999999997797
86500000,2026-09-09T19:15:00-03:00,1.36,1.3619999999999999,0.0019999999999997797
86500000,2026-09-09T19:30:00-03:00,1.36,1.361,0.0009999999999998899
86500000,2026-09-09T19:45:00-03:00,1.36,1.361,0.0009999999999998899
86500000,2026-09-09T20:00:00-03:00,1.36,1.3630000000000002,0.0030000000000001137
86500000,2026-09-09T20:15:00-03:00,1.36,1.3619999999999999,0.0019999999999997797
86500000,2026-09-09T20:30:00-03:00,1.36,1.3630000000000002,0.0030000000000001137
86500000,2026-09-09T20:45:00-03:00,1.45,1.4509999999999998,0.0009999999999998899
86500000,2026-09-09T21:00:00-03:00,1.61,1.609,0.001000000000000112
86500000,2026-09-09T21:15:00-03:00,1.67,1.671,0.001000000000000112
86500000,2026-09-09T21:30:00-03:00,1.69,1.694,0.0040000000000000036
86500000,2026-09-09T21:45:00-03:00,1.7,1.703,0.0030000000000001137
86500000,2026-09-09T22:00:00-03:00,1.71,1.709,0.0009999999999998899
86500000,2026-09-09T22:15:00-03:00,1.71,1.7080000000000002,0.0019999999999997797
86500000,2026-09-09T22:30:00-03:00,1.71,1.7069999999999999,0.0030000000000001137
86500000,2026-09-09T22:45:00-03:00,1.71,1.712,0.0020000000000000018
86500000,2026-09-09T23:00:00-03:00,1.71,1.712,0.0020000000000000018
86500000,2026-09-09T23:15:00-03:00,1.71,1.706,0.0040000000000000036
86500000,2026-09-09T23:30:00-03:00,1.71,1.706,0.0040000000000000036
86500000,2026-09-09T23:45:00-03:00,1.71,1.71,0.0
86500000,2026-09-10T00:00:00-03:00,1.71,1.71,0.0
86500000,2026-09-10T00:15:00-03:00,1.7,1.704,0.0040000000000000036
86500000,2026-09-10T00:30:00-03:00,1.71,1.7069999999999999,0.0030000000000001137
86500000,2026-09-10T00:45:00-03:00,1.71,1.706,0.0040000000000000036
86500000,2026-09-10T01:00:00-03:00,1.7,1.704,0.0040000000000000036
86500000,2026-09-10T01:15:00-03:00,1.71,1.705,0.004999999999999893
86500000,2026-09-10T01:30:00-03:00,1.71,1.71,0.0
86500000,2026-09-10T01:45:00-03:00,1.71,1.7109999999999999,0.0009999999999998899
86500000,2026-09-10T02:00:00-03:00,1.71,1.7109999999999999,0.0009999999999998899
86500000,2026-09-10T02:15:00-03:00,1.71,1.7080000000000002,0.0019999999999997797
86500000,2026-09-10T02:30:00-03:00,1.71,1.709,0.0009999999999998899
86500000,2026-09-10T02:45:00-03:00,1.71,1.71,0.0
86500000,2026-09-10T03:00:00-03:00,1.71,1.706,0.0040000000000000036
86500000,2026-09-10T03:15:00-03:00,1.71,1.7069999999999999,0.0030000000000001137
86500000,2026-09-10T03:30:00-03:00,1.71,1.7069999999999999,0.0030000000000001137
86500000,2026-09-10T03:45:00-03:00,1.71,1.705,0.004999999999999893
86500000,2026-09-10T04:00:00-03:00,1.71,1.7069999999999999,0.0030000000000001137
86500000,2026-09-10T04:15:00-03:00,1.71,1.706,0.0040000000000000036
86500000,2026-09-10T04:30:00-03:00,1.71,1.7109999999999999,0.0009999999999998899
86500000,2026-09-10T04:45:00-03:00,1.71,1.7109999999999999,0.0009999999999998899
86500000,2026-09-10T05:00:00-03:00,1.71,1.7109999999999999,0.0009999999999998899
86500000,2026-09-10T05:15:00-03:00,1.71,1.712,0.0020000000000000018
86500000,2026-09-10T05:30:00-03:00,1.71,1.713,0.0030000000000001137
86500000,2026-09-10T05:45:00-03:00,1.71,1.71,0.0
86500000,2026-09-10T06:00:00-03:00,1.71,1.7080000000000002,0.0019999999999997797
86500000,2026-09-10T06:15:00-03:00,1.71,1.7080000000000002,0.0019999999999997797
86500000,2026-09-10T06:30:00-03:00,1.6,1.599,0.001000000000000112
86500000,2026-09-10T06:45:00-03:00,1.47,1.47,0.0
86500000,2026-09-10T07:00:00-03:00,1.39,1.39,0.0
86500000,2026-09-10T07:15:00-03:00,1.36,1.36,0.0
86500000,2026-09-10T07:30:00-03:00,1.22,1.22,0.0
86500000,2026-09-10T07:45:00-03:00,1.08,1.08,0.0
86500000,2026-09-10T08:00:00-03:00,0.98,0.98,0.0
86500000,2026-09-10T08:15:00-03:00,0.9,0.9,0.0
86500000,2026-09-10T08:30:00-03:00,0.84,0.84,0.0
86500000,2026-09-10T08:45:00-03:00,0.8,0.8,0.0
86500000,2026-09-10T09:00:00-03:00,0.77,0.77,0.0
86500000,2026-09-10T09:15:00-03:00,0.75,0.75,0.0
86500000,2026-09-10T09:30:00-03:00,0.74,0.74,0.0
86500000,2026-09-10T09:45:00-03:00,0.72,0.72,0.0
86500000,2026-09-10T10:00:00-03:00,0.72,0.72,0.0
86500000,2026-09-10T10:15:00-03:00,0.71,0.71,0.0
86500000,2026-09-10T10:30:00-03:00,0.71,0.71,0.0
86500000,2026-09-10T10:45:00-03:00,0.7,0.7,0.0
86500000,2026-09-10T11:00:00-03:00,0.7,0.7,0.0
86500000,2026-09-10T11:15:00-03:00,0.7,0.7,0.0
86500000,2026-09-10T11:30:00-03:00,0.7,0.7,0.0
86500000,2026-09-10T11:45:00-03:00,0.7,0.7,0.0
86500000,2026-09-10T12:00:00-03:00,0.7,0.7,0.0
86500000,2026-09-10T12:15:00-03:00,0.7,0.7,0.0
86500000,2026-09-10T12:30:00-03:00,0.7,0.7,0.0
86500000,2026-09-10T12:45:00-03:00,0.7,0.6990000000000001,0.0009999999999998899
86500000,2026-09-10T13:00:00-03:00,0.7,0.7,0.0
86500000,2026-09-10T13:15:00-03:00,0.7,0.7,0.0
86500000,2026-09-10T13:30:00-03:00,0.7,0.7,0.0
86500000,2026-09-10T13:45:00-03:00,0.7,0.701,0.0010000000000000009
86500000,2026-09-10T14:00:00-03:00,0.7,0.7,0.0
86500000,2026-09-10T14:15:00-03:00,0.7,0.701,0.0010000000000000009
86500000,2026-09-10T14:30:00-03:00,0.7,0.701,0.0010000000000000009
86500000,2026-09-10T14:45:00-03:00,0.7,0.7020000000000001,0.002000000000000113
86500000,2026-09-10T15:00:00-03:00,0.7,0.7020000000000001,0.002000000000000113
86500000,2026-09-10T15:15:00-03:00,0.7,0.701,0.0010000000000000009
86500000,2026-09-10T15:30:00-03:00,0.7,0.703,0.0030000000000000027
86500000,2026-09-10T15:45:00-03:00,0.7,0.703,0.0030000000000000027
86500000,2026-09-10T16:00:00-03:00,0.7,0.7040000000000001,0.004000000000000115
86500000,2026-09-10T16:15:00-03:00,0.7,0.7040000000000001,0.004000000000000115
86500000,2026-09-10T16:30:00-03:00,0.7,0.7040000000000001,0.004000000000000115
86500000,2026-09-10T16:45:00-03:00,0.7,0.7040000000000001,0.004000000000000115
86500000,2026-09-10T17:00:00-03:00,0.7,0.7040000000000001,0.004000000000000115
86500000,2026-09-10T17:15:00-03:00,0.7,0.703,0.0030000000000000027
86500000,2026-09-10T17:30:00-03:00,0.7,0.703,0.0030000000000000027
86500000,2026-09-10T17:45:00-03:00,0.7,0.705,0.0050000000000000044
86500000,2026-09-10T18:00:00-03:00,0.7,0.7040000000000001,0.004000000000000115
86500000,2026-09-10T18:15:00-03:00,0.7,0.703,0.0030000000000000027
86500000,2026-09-10T18:30:00-03:00,0.7,0.7040000000000001,0.004000000000000115
86500000,2026-09-10T18:45:00-03:00,0.7,0.703,0.0030000000000000027
86500000,2026-09-10T19:00:00-03:00,0.8,0.799,0.0010000000000000009
86500000,2026-09-10T19:15:00-03:00,1.3,1.298,0.0020000000000000018
86500000,2026-09-10T19:30:00-03:00,1.58,1.578,0.0020000000000000018
86500000,2026-09-10T19:45:00-03:00,1.67,1.671,0.001000000000000112
86500000,2026-09-10T20:00:00-03:00,1.7,1.696,0.0040000000000000036
86500000,2026-09-10T20:15:00-03:00,1.71,1.7069999999999999,0.0030000000000001137
86500000,2026-09-10T20:30:00-03:00,1.72,1.7169999999999999,0.0030000000000001137
86500000,2026-09-10T20:45:00-03:00,1.72,1.722,0.0020000000000000018
86500000,2026-09-10T21:00:00-03:00,1.73,1.725,0.004999999999999893
86500000,2026-09-10T21:15:00-03:00,1.72,1.722,0.0020000000000000018
86500000,2026-09-10T21:30:00-03:00,1.72,1.72,0.0
86500000,2026-09-10T21:45:00-03:00,1.72,1.723,0.0030000000000001137
86500000,2026-09-10T22:00:00-03:00,1.72,1.7209999999999999,0.0009999999999998899
86500000,2026-09-10T22:15:00-03:00,1.72,1.7209999999999999,0.0009999999999998899
86500000,2026-09-10T22:30:00-03:00,1.72,1.72,0.0
86500000,2026-09-10T22:45:00-03:00,1.72,1.722,0.0020000000000000018
86500000,2026-09-10T23:00:00-03:00,1.72,1.72,0.0
86500000,2026-09-10T23:15:00-03:00,1.72,1.715,0.004999999999999893
86500000,2026-09-10T23:30:00-03:00,1.71,1.714,0.0040000000000000036
86500000,2026-09-10T23:45:00-03:00,1.72,1.72,0.0
86500000,2026-09-11T00:00:00-03:00,1.72,1.72,0.0
86500000,2026-09-11T00:15:00-03:00,1.71,1.714,0.0040000000000000036
86500000,2026-09-11T00:30:00-03:00,1.72,1.7169999999999999,0.0030000000000001137
86500000,2026-09-11T00:45:00-03:00,1.71,1.712,0.0020000000000000018
86500000,2026-09-11T01:00:00-03:00,1.71,1.7109999999999999,0.0009999999999998899
86500000,2026-09-11T01:15:00-03:00,1.71,1.7080000000000002,0.0019999999999997797
86500000,2026-09-11T01:30:00-03:00,1.71,1.709,0.0009999999999998899
86500000,2026-09-11T01:45:00-03:00,1.71,1.712,0.0020000000000000018
86500000,2026-09-11T02:00:00-03:00,1.71,1.713,0.0030000000000001137
86500000,2026-09-11T02:15:00-03:00,1.71,1.7109999999999999,0.0009999999999998899
86500000,2026-09-11T02:30:00-03:00,1.71,1.7080000000000002,0.0019999999999997797
86500000,2026-09-11T02:45:00-03:00,1.71,1.71,0.0
86500000,2026-09-11T03:00:00-03:00,1.71,1.71,0.0
86500000,2026-09-11T03:15:00-03:00,1.71,1.71,0.0
86500000,2026-09-11T03:30:00-03:00,1.71,1.714,0.0040000000000000036
86500000,2026-09-11T03:45:00-03:00,1.72,1.715,0.004999999999999893
86500000,2026-09-11T04:00:00-03:00,1.72,1.7169999999999999,0.0030000000000001137
86500000,2026-09-11T04:15:00-03:00,1.72,1.715,0.004999999999999893
86500000,2026-09-11T04:30:00-03:00,1.72,1.716,0.0040000000000000036
86500000,2026-09-11T04:45:00-03:00,1.72,1.72,0.0
86500000,2026-09-11T05:00:00-03:00,1.73,1.725,0.004999999999999893
86500000,2026-09-11T05:15:00-03:00,1.73,1.726,0.0040000000000000036
86500000,2026-09-11T05:30:00-03:00,1.73,1.7280000000000002,0.0019999999999997797
86500000,2026-09-11T05:45:00-03:00,1.62,1.619,0.001000000000000112
86500000,2026-09-11T06:00:00-03:00,1.48,1.4780000000000002,0.0019999999999997797
86500000,2026-09-11T06:15:00-03:00,1.4,1.402,0.0020000000000000018
86500000,2026-09-11T06:30:00-03:00,1.37,1.3719999999999999,0.0019999999999997797
86500000,2026-09-11T06:45:00-03:00,1.35,1.354,0.0040000000000000036
86500000,2026-09-11T07:00:00-03:00,1.34,1.345,0.004999999999999893
86500000,2026-09-11T07:15:00-03:00,1.34,1.339,0.001000000000000112
86500000,2026-09-11T07:30:00-03:00,1.34,1.3419999999999999,0.0019999999999997797
86500000,2026-09-11T07:45:00-03:00,1.35,1.3459999999999999,0.004000000000000226
86500000,2026-09-11T08:00:00-03:00,1.35,1.347,0.0030000000000001137
86500000,2026-09-11T08:15:00-03:00,1.35,1.349,0.001000000000000112
86500000,2026-09-11T08:30:00-03:00,1.35,1.351,0.0009999999999998899
86500000,2026-09-11T08:45:00-03:00,1.36,1.36,0.0
86500000,2026-09-11T09:00:00-03:00,1.36,1.36,0.0
86500000,2026-09-11T09:15:00-03:00,1.35,1.35,0.0
86500000,2026-09-11T09:30:00-03:00,1.35,1.35,0.0
86500000,2026-09-11T09:45:00-03:00,1.36,1.36,0.0
86500000,2026-09-11T10:00:00-03:00,1.36,1.36,0.0
86500000,2026-09-11T10:15:00-03:00,1.36,1.36,0.0
86500000,2026-09-11T10:30:00-03:00,1.36,1.36,0.0
86500000,2026-09-11T10:45:00-03:00,1.36,1.36,0.0
86500000,2026-09-11T11:00:00-03:00,1.36,1.36,0.0
86500000,2026-09-11T11:15:00-03:00,1.36,1.36,0.0
86500000,2026-09-11T11:30:00-03:00,1.36,1.36,0.0
86500000,2026-09-11T11:45:00-03:00,1.37,1.37,0.0
86500000,2026-09-11T12:00:00-03:00,1.37,1.37,0.0
86500000,2026-09-11T12:15:00-03:00,1.37,1.37,0.0
86500000,2026-09-11T12:30:00-03:00,1.38,1.38,0.0
86500000,2026-09-11T12:45:00-03:00,1.38,1.38,0.0
86500000,2026-09-11T13:00:00-03:00,1.39,1.39,0.0
86500000,2026-09-11T13:15:00-03:00,1.39,1.39,0.0
86500000,2026-09-11T13:30:00-03:00,1.39,1.39,0.0
86500000,2026-09-11T13:45:00-03:00,1.4,1.399,0.0009999999999998899
86500000,2026-09-11T14:00:00-03:00,1.41,1.405,0.004999999999999893
86500000,2026-09-11T14:15:00-03:00,1.41,1.41,0.0
86500000,2026-09-11T14:30:00-03:00,1.43,1.4280000000000002,0.0019999999999997797
86500000,2026-09-11T14:45:00-03:00,1.46,1.4609999999999999,0.0009999999999998899
86500000,2026-09-11T15:00:00-03:00,1.48,1.484,0.0040000000000000036
86500000,2026-09-11T15:15:00-03:00,1.49,1.493,0.0030000000000001137
86500000,2026-09-11T15:30:00-03:00,1.53,1.5319999999999998,0.0019999999999997797
86500000,2026-09-11T15:45:00-03:00,1.89,1.891,0.001000000000000112
86500000,2026-09-11T16:00:00-03:00,2.09,2.0909999999999997,0.0009999999999998899
86500000,2026-09-11T16:15:00-03:00,2.08,2.0780000000000003,0.0019999999999997797
86500000,2026-09-11T16:30:00-03:00,2.0,1.999,0.0009999999999998899
86500000,2026-09-11T16:45:00-03:00,2.1,2.0980000000000003,0.0019999999999997797
86500000,2026-09-11T17:00:00-03:00,2.14,2.142,0.0019999999999997797
86500000,2026-09-11T17:15:00-03:00,2.14,2.138,0.002000000000000224
86500000,2026-09-11T17:30:00-03:00,2.14,2.142,0.0019999999999997797
86500000,2026-09-11T17:45:00-03:00,2.14,2.1390000000000002,0.0009999999999998899
86500000,2026-09-11T18:00:00-03:00,2.13,2.134,0.0040000000000000036
86500000,2026-09-11T18:15:00-03:00,2.14,2.136,0.0040000000000000036
86500000,2026-09-11T18:30:00-03:00,2.14,2.137,0.0030000000000001137
86500000,2026-09-11T18:45:00-03:00,2.14,2.1390000000000002,0.0009999999999998899
86500000,2026-09-11T19:00:00-03:00,2.14,2.136,0.0040000000000000036
86500000,2026-09-11T19:15:00-03:00,2.13,2.1319999999999997,0.0019999999999997797
86500000,2026-09-11T19:30:00-03:00,2.13,2.135,0.004999999999999893
86500000,2026-09-11T19:45:00-03:00,2.13,2.128,0.0019999999999997797
86500000,2026-09-11T20:00:00-03:00,2.12,2.12,0.0
86500000,2026-09-11T20:15:00-03:00,2.12,2.117,0.0030000000000001137
86500000,2026-09-11T20:30:00-03:00,2.12,2.12,0.0
86500000,2026-09-11T20:45:00-03:00,2.12,2.122,0.0019999999999997797
86500000,2026-09-11T21:00:00-03:00,2.12,2.12,0.0
86500000,2026-09-11T21:15:00-03:00,2.13,2.126,0.0040000000000000036
86500000,2026-09-11T21:30:00-03:00,2.14,2.141,0.0009999999999998899
86500000,2026-09-11T21:45:00-03:00,2.16,2.1630000000000003,0.0030000000000001137
86500000,2026-09-11T22:00:00-03:00,2.18,2.184,0.0040000000000000036
86500000,2026-09-11T22:15:00-03:00,2.2,2.2,0.0
86500000,2026-09-11T22:30:00-03:00,2.21,2.215,0.004999999999999893
86500000,2026-09-11T22:45:00-03:00,2.23,2.234,0.0040000000000000036
86500000,2026-09-11T23:00:00-03:00,2.25,2.248,0.0019999999999997797
86500000,2026-09-11T23:15:00-03:00,2.25,2.253,0.0030000000000001137
86500000,2026-09-11T23:30:00-03:00,2.26,2.261,0.001000000000000334
86500000,2026-09-11T23:45:00-03:00,2.27,2.27,0.0
86500000,2026-09-12T00:00:00-03:00,2.27,2.273,0.0030000000000001137
86500000,2026-09-12T00:15:00-03:00,2.27,2.272,0.0019999999999997797
86500000,2026-09-12T00:30:00-03:00,2.27,2.27,0.0
86500000,2026-09-12T00:45:00-03:00,2.27,2.274,0.0040000000000000036
86500000,2026-09-12T01:00:00-03:00,2.32,2.324,0.0040000000000000036
86500000,2026-09-12T01:15:00-03:00,2.53,2.5340000000000003,0.004000000000000448
86500000,2026-09-12T01:30:00-03:00,2.83,2.826,0.0040000000000000036
86500000,2026-09-12T01:45:00-03:00,3.05,3.049,0.0009999999999998899
86500000,2026-09-12T02:00:00-03:00,3.2,3.2,0.0
86500000,2026-09-12T02:15:00-03:00,3.31,3.305,0.004999999999999893
86500000,2026-09-12T02:30:00-03:00,3.38,3.3810000000000002,0.001000000000000334
86500000,2026-09-12T02:45:00-03:00,3.43,3.429,0.001000000000000334
86500000,2026-09-12T03:00:00-03:00,3.47,3.468,0.002000000000000224
86500000,2026-09-12T03:15:00-03:00,3.5,3.503,0.0030000000000001137
86500000,2026-09-12T03:30:00-03:00,3.52,3.5210000000000004,0.001000000000000334
86500000,2026-09-12T03:45:00-03:00,3.53,3.53,0.0
86500000,2026-09-12T04:00:00-03:00,3.54,3.54,0.0
86500000,2026-09-12T04:15:00-03:00,3.55,3.551,0.001000000000000334
86500000,2026-09-12T04:30:00-03:00,3.56,3.556,0.0040000000000000036
86500000,2026-09-12T04:45:00-03:00,3.56,3.562,0.0019999999999997797
86500000,2026-09-12T05:00:00-03:00,3.56,3.5639999999999996,0.0039999999999995595
86500000,2026-09-12T05:15:00-03:00,3.56,3.5639999999999996,0.0039999999999995595
86500000,2026-09-12T05:30:00-03:00,3.57,3.568,0.0019999999999997797
86500000,2026-09-12T05:45:00-03:00,3.57,3.57,0.0
86500000,2026-09-12T06:00:00-03:00,3.56,3.563,0.0030000000000001137
86500000,2026-09-12T06:15:00-03:00,3.56,3.5580000000000003,0.0019999999999997797
86500000,2026-09-12T06:30:00-03:00,3.55,3.554,0.0040000000000000036
86500000,2026-09-12T06:45:00-03:00,3.55,3.548,0.0019999999999997797
86500000,2026-09-12T07:00:00-03:00,3.54,3.5380000000000003,0.0019999999999997797
86500000,2026-09-12T07:15:00-03:00,3.53,3.5260000000000002,0.0039999999999995595
86500000,2026-09-12T07:30:00-03:00,3.52,3.5180000000000002,0.0019999999999997797
86500000,2026-09-12T07:45:00-03:00,3.5,3.5039999999999996,0.0039999999999995595
86500000,2026-09-12T08:00:00-03:00,3.49,3.487,0.0030000000000001137
86500000,2026-09-12T08:15:00-03:00,3.48,3.4760000000000004,0.0039999999999995595
86500000,2026-09-12T08:30:00-03:00,3.46,3.4619999999999997,0.0019999999999997797
86500000,2026-09-12T08:45:00-03:00,3.45,3.447,0.0030000000000001137
86500000,2026-09-12T09:00:00-03:00,3.42,3.425,0.004999999999999893
86500000,2026-09-12T09:15:00-03:00,3.42,3.417,0.0030000000000001137
86500000,2026-09-12T09:30:00-03:00,3.4,3.395,0.004999999999999893
86500000,2026-09-12T09:45:00-03:00,3.38,3.3810000000000002,0.001000000000000334
86500000,2026-09-12T10:00:00-03:00,3.37,3.367,0.0030000000000001137
86500000,2026-09-12T10:15:00-03:00,3.35,3.3489999999999998,0.001000000000000334
86500000,2026-09-12T10:30:00-03:00,3.33,3.3310000000000004,0.001000000000000334
86500000,2026-09-12T10:45:00-03:00,3.31,3.31,0.0
86500000,2026-09-12T11:00:00-03:00,3.29,3.29,0.0
86500000,2026-09-12T11:15:00-03:00,3.28,3.28,0.0
86500000,2026-09-12T11:30:00-03:00,3.26,3.26,0.0
86500000,2026-09-12T11:45:00-03:00,3.25,3.25,0.0
86500000,2026-09-12T12:00:00-03:00,3.23,3.23,0.0
86500000,2026-09-12T12:15:00-03:00,3.22,3.22,0.0
86500000,2026-09-12T12:30:00-03:00,3.2,3.2,0.0
86500000,2026-09-12T12:45:00-03:00,3.19,3.19,0.0
86500000,2026-09-12T13:00:00-03:00,3.17,3.17,0.0
86500000,2026-09-12T13:15:00-03:00,3.16,3.16,0.0
86500000,2026-09-12T13:30:00-03:00,3.15,3.15,0.0
86500000,2026-09-12T13:45:00-03:00,3.14,3.14,0.0
86500000,2026-09-12T14:00:00-03:00,3.13,3.13,0.0
86500000,2026-09-12T14:15:00-03:00,3.11,3.11,0.0
86500000,2026-09-12T14:30:00-03:00,3.09,3.09,0.0
86500000,2026-09-12T14:45:00-03:00,3.08,3.0839999999999996,0.0039999999999995595
86500000,2026-09-12T15:00:00-03:00,3.08,3.08,0.0
86500000,2026-09-12T15:15:00-03:00,3.07,3.068,0.0019999999999997797
86500000,2026-09-12T15:30:00-03:00,3.06,3.062,0.0019999999999997797
86500000,2026-09-12T15:45:00-03:00,3.05,3.053,0.0030000000000001137
86500000,2026-09-12T16:00:00-03:00,3.04,3.0439999999999996,0.0039999999999995595
86500000,2026-09-12T16:15:00-03:00,3.03,3.029,0.0009999999999998899
86500000,2026-09-12T16:30:00-03:00,3.02,3.023,0.0030000000000001137
86500000,2026-09-12T16:45:00-03:00,3.0,3.002,0.0019999999999997797
86500000,2026-09-12T17:00:00-03:00,3.0,3.0010000000000003,0.001000000000000334
86500000,2026-09-12T17:15:00-03:00,2.97,2.971,0.0009999999999998899
86500000,2026-09-12T17:30:00-03:00,2.98,2.977,0.0030000000000001137
86500000,2026-09-12T17:45:00-03:00,2.97,2.9730000000000003,0.0030000000000001137
86500000,2026-09-12T18:00:00-03:00,2.98,2.975,0.004999999999999893
86500000,2026-09-12T18:15:00-03:00,2.97,2.97,0.0
86500000,2026-09-12T18:30:00-03:00,2.96,2.9610000000000003,0.001000000000000334
86500000,2026-09-12T18:45:00-03:00,2.95,2.949,0.001000000000000334
86500000,2026-09-12T19:00:00-03:00,2.94,2.935,0.004999999999999893
86500000,2026-09-12T19:15:00-03:00,2.93,2.926,0.0040000000000000036
86500000,2026-09-12T19:30:00-03:00,2.92,2.918,0.0019999999999997797
86500000,2026-09-12T19:45:00-03:00,2.91,2.9139999999999997,0.0039999999999995595
86500000,2026-09-12T20:00:00-03:00,2.9,2.904,0.0040000000000000036
86500000,2026-09-12T20:15:00-03:00,2.9,2.8960000000000004,0.0039999999999995595
86500000,2026-09-12T20:30:00-03:00,2.89,2.888,0.002000000000000224
86500000,2026-09-12T20:45:00-03:00,2.88,2.8810000000000002,0.001000000000000334
86500000,2026-09-12T21:00:00-03:00,2.87,2.8689999999999998,0.001000000000000334
86500000,2026-09-12T21:15:00-03:00,2.86,2.861,0.001000000000000334
86500000,2026-09-12T21:30:00-03:00,2.85,2.852,0.0019999999999997797
86500000,2026-09-12T21:45:00-03:00,2.84,2.84,0.0
86500000,2026-09-12T22:00:00-03:00,2.84,2.838,0.0019999999999997797
86500000,2026-09-12T22:15:00-03:00,2.83,2.832,0.0019999999999997797
86500000,2026-09-12T22:30:00-03:00,2.82,2.824,0.0040000000000000036
86500000,2026-09-12T22:45:00-03:00,2.82,2.82,0.0
86500000,2026-09-12T23:00:00-03:00,2.81,2.81,0.0
86500000,2026-09-12T23:15:00-03:00,2.8,2.802,0.002000000000000224
86500000,2026-09-12T23:30:00-03:00,2.79,2.785,0.004999999999999893
86500000,2026-09-12T23:45:00-03:00,2.78,2.78,0.0
86500000,2026-09-13T00:00:00-03:00,2.77,2.773,0.0030000000000001137
86500000,2026-09-13T00:15:00-03:00,2.77,2.773,0.0030000000000001137
86500000,2026-09-13T00:30:00-03:00,2.77,2.765,0.004999999999999893
86500000,2026-09-13T00:45:00-03:00,2.75,2.7539999999999996,0.0039999999999995595
86500000,2026-09-13T01:00:00-03:00,2.75,2.7460000000000004,0.0039999999999995595
86500000,2026-09-13T01:15:00-03:00,2.74,2.739,0.001000000000000334
86500000,2026-09-13T01:30:00-03:00,2.73,2.73,0.0
86500000,2026-09-13T01:45:00-03:00,2.73,2.7310000000000003,0.001000000000000334
86500000,2026-09-13T02:00:00-03:00,2.73,2.728,0.0019999999999997797
86500000,2026-09-13T02:15:00-03:00,2.72,2.719,0.001000000000000334
86500000,2026-09-13T02:30:00-03:00,2.71,2.713,0.0030000000000001137
86500000,2026-09-13T02:45:00-03:00,2.71,2.707,0.0030000000000001137
86500000,2026-09-13T03:00:00-03:00,2.71,2.7060000000000004,0.0039999999999995595
86500000,2026-09-13T03:15:00-03:00,2.7,2.697,0.0030000000000001137
86500000,2026-09-13T03:30:00-03:00,2.69,2.693,0.0030000000000001137
86500000,2026-09-13T03:45:00-03:00,2.69,2.6860000000000004,0.0039999999999995595
86500000,2026-09-13T04:00:00-03:00,2.68,2.679,0.001000000000000334
86500000,2026-09-13T04:15:00-03:00,2.67,2.6719999999999997,0.0019999999999997797
86500000,2026-09-13T04:30:00-03:00,2.67,2.665,0.004999999999999893
86500000,2026-09-13T04:45:00-03:00,2.66,2.657,0.0030000000000001137
86500000,2026-09-13T05:00:00-03:00,2.65,2.655,0.004999999999999893
86500000,2026-09-13T05:15:00-03:00,2.65,2.655,0.004999999999999893
86500000,2026-09-13T05:30:00-03:00,2.64,2.6439999999999997,0.0039999999999995595
86500000,2026-09-13T05:45:00-03:00,2.64,2.636,0.0040000000000000036
86500000,2026-09-13T06:00:00-03:00,2.63,2.6310000000000002,0.001000000000000334
86500000,2026-09-13T06:15:00-03:00,2.63,2.627,0.0030000000000001137
86500000,2026-09-13T06:30:00-03:00,2.62,2.617,0.0030000000000001137
86500000,2026-09-13T06:45:00-03:00,2.61,2.613,0.0030000000000001137
86500000,2026-09-13T07:00:00-03:00,2.61,2.6069999999999998,0.0030000000000001137
86500000,2026-09-13T07:15:00-03:00,2.6,2.6,0.0
86500000,2026-09-13T07:30:00-03:00,2.59,2.593,0.0030000000000001137
86500000,2026-09-13T07:45:00-03:00,2.59,2.592,0.002000000000000224
86500000,2026-09-13T08:00:00-03:00,2.59,2.5860000000000003,0.0039999999999995595
86500000,2026-09-13T08:15:00-03:00,2.58,2.582,0.0019999999999997797
86500000,2026-09-13T08:30:00-03:00,2.58,2.5789999999999997,0.001000000000000334
86500000,2026-09-13T08:45:00-03:00,2.58,2.58,0.0
86500000,2026-09-13T09:00:00-03:00,2.57,2.572,0.002000000000000224
86500000,2026-09-13T09:15:00-03:00,2.57,2.5669999999999997,0.0030000000000001137
86500000,2026-09-13T09:30:00-03:00,2.56,2.559,0.0009999999999998899
86500000,2026-09-13T09:45:00-03:00,2.55,2.5540000000000003,0.004000000000000448
86500000,2026-09-13T10:00:00-03:00,2.55,2.55,0.0
86500000,2026-09-13T10:15:00-03:00,2.55,2.5469999999999997,0.0030000000000001137
86500000,2026-09-13T10:30:00-03:00,2.54,2.54,0.0
86500000,2026-09-13T10:45:00-03:00,2.54,2.54,0.0
86500000,2026-09-13T11:00:00-03:00,2.53,2.53,0.0
86500000,2026-09-13T11:15:00-03:00,2.52,2.52,0.0
86500000,2026-09-13T11:30:00-03:00,2.52,2.52,0.0
86500000,2026-09-13T11:45:00-03:00,2.52,2.52,0.0
86500000,2026-09-13T12:00:00-03:00,2.51,2.51,0.0
86500000,2026-09-13T12:15:00-03:00,2.5,2.5,0.0
86500000,2026-09-13T12:30:00-03:00,2.5,2.5,0.0
86500000,2026-09-13T12:45:00-03:00,2.49,2.49,0.0
86500000,2026-09-13T13:00:00-03:00,2.49,2.49,0.0
86500000,2026-09-13T13:15:00-03:00,2.49,2.49,0.0
86500000,2026-09-13T13:30:00-03:00,2.48,2.48,0.0
86500000,2026-09-13T13:45:00-03:00,2.48,2.48,0.0
86500000,2026-09-13T14:00:00-03:00,2.47,2.47,0.0
86500000,2026-09-13T14:15:00-03:00,2.47,2.47,0.0
86500000,2026-09-13T14:30:00-03:00,2.46,2.46,0.0
86500000,2026-09-13T14:45:00-03:00,2.46,2.46,0.0
86500000,2026-09-13T15:00:00-03:00,2.45,2.45,0.0
86500000,2026-09-13T15:15:00-03:00,2.45,2.45,0.0
86500000,2026-09-13T15:30:00-03:00,2.44,2.44,0.0
86500000,2026-09-13T15:45:00-03:00,2.44,2.44,0.0
86500000,2026-09-13T16:00:00-03:00,2.43,2.4330000000000003,0.0030000000000001137
86500000,2026-09-13T16:15:00-03:00,2.42,2.425,0.004999999999999893
86500000,2026-09-13T16:30:00-03:00,2.42,2.424,0.0040000000000000036
86500000,2026-09-13T16:45:00-03:00,2.43,2.428,0.002000000000000224
86500000,2026-09-13T17:00:00-03:00,2.42,2.423,0.0030000000000001137
86500000,2026-09-13T17:15:00-03:00,2.41,2.411,0.0009999999999998899
86500000,2026-09-13T17:30:00-03:00,2.41,2.408,0.002000000000000224
86500000,2026-09-13T17:45:00-03:00,2.39,2.392,0.0019999999999997797
86500000,2026-09-13T18:00:00-03:00,2.39,2.392,0.0019999999999997797
86500000,2026-09-13T18:15:00-03:00,2.39,2.392,0.0019999999999997797
86500000,2026-09-13T18:30:00-03:00,2.39,2.3930000000000002,0.0030000000000001137
86500000,2026-09-13T18:45:00-03:00,2.4,2.401,0.0009999999999998899
86500000,2026-09-13T19:00:00-03:00,2.39,2.392,0.0019999999999997797
86500000,2026-09-13T19:15:00-03:00,2.39,2.388,0.002000000000000224
86500000,2026-09-13T19:30:00-03:00,2.38,2.3819999999999997,0.0019999999999997797
86500000,2026-09-13T19:45:00-03:00,2.37,2.372,0.0019999999999997797
86500000,2026-09-13T20:00:00-03:00,2.37,2.369,0.0009999999999998899
86500000,2026-09-13T20:15:00-03:00,2.37,2.366,0.0040000000000000036
86500000,2026-09-13T20:30:00-03:00,2.37,2.37,0.0
86500000,2026-09-13T20:45:00-03:00,2.36,2.364,0.0040000000000000036
86500000,2026-09-13T21:00:00-03:00,2.36,2.362,0.002000000000000224
86500000,2026-09-13T21:15:00-03:00,2.36,2.359,0.0009999999999998899
86500000,2026-09-13T21:30:00-03:00,2.36,2.3569999999999998,0.0030000000000001137
86500000,2026-09-13T21:45:00-03:00,2.35,2.352,0.0019999999999997797
86500000,2026-09-13T22:00:00-03:00,2.34,2.343,0.0030000000000001137
86500000,2026-09-13T22:15:00-03:00,2.34,2.338,0.0019999999999997797
86500000,2026-09-13T22:30:00-03:00,2.33,2.331,0.0009999999999998899
86500000,2026-09-13T22:45:00-03:00,2.32,2.323,0.0030000000000001137
86500000,2026-09-13T23:00:00-03:00,2.33,2.327,0.0030000000000001137
86500000,2026-09-13T23:15:00-03:00,2.32,2.3209999999999997,0.0009999999999998899
86500000,2026-09-13T23:30:00-03:00,2.33,2.326,0.0040000000000000036
86500000,2026-09-13T23:45:00-03:00,2.32,2.32,0.0
86500000,2026-09-14T00:00:00-03:00,2.32,2.324,0.0040000000000000036
86500000,2026-09-14T00:15:00-03:00,2.32,2.319,0.0009999999999998899
86500000,2026-09-14T00:30:00-03:00,2.32,2.3169999999999997,0.0030000000000001137
86500000,2026-09-14T00:45:00-03:00,2.31,2.307,0.0030000000000001137
86500000,2026-09-14T01:00:00-03:00,2.31,2.3080000000000003,0.0019999999999997797
86500000,2026-09-14T01:15:00-03:00,2.3,2.303,0.0030000000000001137
86500000,2026-09-14T01:30:00-03:00,2.3,2.295,0.004999999999999893
86500000,2026-09-14T01:45:00-03:00,2.29,2.293,0.0030000000000001137
86500000,2026-09-14T02:00:00-03:00,2.29,2.289,0.0009999999999998899
86500000,2026-09-14T02:15:00-03:00,2.28,2.279,0.0009999999999998899
86500000,2026-09-14T02:30:00-03:00,2.28,2.282,0.002000000000000224
86500000,2026-09-14T02:45:00-03:00,2.28,2.278,0.0019999999999997797
86500000,2026-09-14T03:00:00-03:00,2.28,2.276,0.0040000000000000036
86500000,2026-09-14T03:15:00-03:00,2.28,2.278,0.0019999999999997797
86500000,2026-09-14T03:30:00-03:00,2.28,2.276,0.0040000000000000036
86500000,2026-09-14T03:45:00-03:00,2.27,2.269,0.0009999999999998899
86500000,2026-09-14T04:00:00-03:00,2.27,2.266,0.0040000000000000036
86500000,2026-09-14T04:15:00-03:00,2.26,2.26,0.0
86500000,2026-09-14T04:30:00-03:00,2.26,2.256,0.0040000000000000036
86500000,2026-09-14T04:45:00-03:00,2.25,2.255,0.004999999999999893
86500000,2026-09-14T05:00:00-03:00,2.25,2.253,0.0030000000000001137
86500000,2026-09-14T05:15:00-03:00,2.25,2.253,0.0030000000000001137
86500000,2026-09-14T05:30:00-03:00,2.25,2.247,0.0030000000000001137
86500000,2026-09-14T05:45:00-03:00,2.24,2.2430000000000003,0.0030000000000001137
86500000,2026-09-14T06:00:00-03:00,2.25,2.247,0.0030000000000001137
86500000,2026-09-14T06:15:00-03:00,2.25,2.245,0.004999999999999893
86500000,2026-09-14T06:30:00-03:00,2.24,2.241,0.0009999999999998899
86500000,2026-09-14T06:45:00-03:00,2.23,2.228,0.0019999999999997797
86500000,2026-09-14T07:00:00-03:00,2.23,2.227,0.0030000000000001137
86500000,2026-09-14T07:15:00-03:00,2.23,2.227,0.0030000000000001137
86500000,2026-09-14T07:30:00-03:00,2.22,2.224,0.0040000000000000036
86500000,2026-09-14T07:45:00-03:00,2.23,2.227,0.0030000000000001137
86500000,2026-09-14T08:00:00-03:00,2.22,2.218,0.002000000000000224
86500000,2026-09-14T08:15:00-03:00,2.22,2.217,0.0030000000000001137
86500000,2026-09-14T08:30:00-03:00,2.22,2.2159999999999997,0.004000000000000448
86500000,2026-09-14T08:45:00-03:00,2.21,2.208,0.0019999999999997797
86500000,2026-09-14T09:00:00-03:00,2.21,2.208,0.0019999999999997797
86500000,2026-09-14T09:15:00-03:00,2.21,2.214,0.0040000000000000036
86500000,2026-09-14T09:30:00-03:00,2.22,2.2159999999999997,0.004000000000000448
86500000,2026-09-14T09:45:00-03:00,2.22,2.219,0.001000000000000334
86500000,2026-09-14T10:00:00-03:00,2.21,2.215,0.004999999999999893
86500000,2026-09-14T10:15:00-03:00,2.21,2.214,0.0040000000000000036
86500000,2026-09-14T10:30:00-03:00,2.21,2.208,0.0019999999999997797
86500000,2026-09-14T10:45:00-03:00,2.21,2.206,0.0040000000000000036
86500000,2026-09-14T11:00:00-03:00,2.2,2.202,0.0019999999999997797
86500000,2026-09-14T11:15:00-03:00,2.2,2.199,0.001000000000000334
86500000,2026-09-14T11:30:00-03:00,2.2,2.201,0.0009999999999998899
86500000,2026-09-14T11:45:00-03:00,2.19,2.189,0.0009999999999998899
86500000,2026-09-14T12:00:00-03:00,2.18,2.1830000000000003,0.0030000000000001137
86500000,2026-09-14T12:15:00-03:00,2.18,2.181,0.0009999999999998899
86500000,2026-09-14T12:30:00-03:00,2.18,2.182,0.0019999999999997797
86500000,2026-09-14T12:45:00-03:00,2.18,2.18,0.0
86500000,2026-09-14T13:00:00-03:00,2.18,2.18,0.0
86500000,2026-09-14T13:15:00-03:00,2.18,2.18,0.0
86500000,2026-09-14T13:30:00-03:00,2.18,2.18,0.0
86500000,2026-09-14T13:45:00-03:00,2.17,2.173,0.0030000000000001137
86500000,2026-09-14T14:00:00-03:00,2.17,2.175,0.004999999999999893
86500000,2026-09-14T14:15:00-03:00,2.17,2.173,0.0030000000000001137
86500000,2026-09-14T14:30:00-03:00,2.15,2.154,0.0040000000000000036
86500000,2026-09-14T14:45:00-03:00,2.14,2.14,0.0
86500000,2026-09-14T15:00:00-03:00,2.14,2.14,0.0
86500000,2026-09-14T15:15:00-03:00,2.12,2.12,0.0
86500000,2026-09-14T15:30:00-03:00,2.12,2.12,0.0
86500000,2026-09-14T15:45:00-03:00,2.12,2.12,0.0
86500000,2026-09-14T16:00:00-03:00,2.11,2.11,0.0
86500000,2026-09-14T16:15:00-03:00,2.1,2.1,0.0
86500000,2026-09-14T16:30:00-03:00,2.1,2.1,0.0
86500000,2026-09-14T16:45:00-03:00,2.1,2.105,0.004999999999999893
86500000,2026-09-14T17:00:00-03:00,2.1,2.0980000000000003,0.0019999999999997797
86500000,2026-09-14T17:15:00-03:00,2.09,2.089,0.0009999999999998899
86500000,2026-09-14T17:30:00-03:00,2.09,2.092,0.002000000000000224
86500000,2026-09-14T17:45:00-03:00,2.09,2.0909999999999997,0.0009999999999998899
86500000,2026-09-14T18:00:00-03:00,2.09,2.089,0.0009999999999998899
86500000,2026-09-14T18:15:00-03:00,2.09,2.086,0.0040000000000000036
86500000,2026-09-14T18:30:00-03:00,2.09,2.0869999999999997,0.0030000000000001137
86500000,2026-09-14T18:45:00-03:00,2.09,2.0869999999999997,0.0030000000000001137
86500000,2026-09-14T19:00:00-03:00,2.09,2.09,0.0
86500000,2026-09-14T19:15:00-03:00,2.08,2.085,0.004999999999999893
86500000,2026-09-14T19:30:00-03:00,2.09,2.086,0.0040000000000000036
86500000,2026-09-14T19:45:00-03:00,2.08,2.085,0.004999999999999893
86500000,2026-09-14T20:00:00-03:00,2.08,2.083,0.0030000000000001137
86500000,2026-09-14T20:15:00-03:00,2.09,2.086,0.0040000000000000036
86500000,2026-09-14T20:30:00-03:00,2.09,2.088,0.0019999999999997797
86500000,2026-09-14T20:45:00-03:00,2.09,2.092,0.002000000000000224
86500000,2026-09-14T21:00:00-03:00,2.09,2.086,0.0040000000000000036
86500000,2026-09-14T21:15:00-03:00,2.08,2.082,0.0019999999999997797
86500000,2026-09-14T21:30:00-03:00,2.08,2.079,0.0009999999999998899
86500000,2026-09-14T21:45:00-03:00,2.08,2.082,0.0019999999999997797
86500000,2026-09-14T22:00:00-03:00,2.08,2.08,0.0
86500000,2026-09-14T22:15:00-03:00,2.08,2.083,0.0030000000000001137
86500000,2026-09-14T22:30:00-03:00,2.09,2.086,0.0040000000000000036
86500000,2026-09-14T22:45:00-03:00,2.08,2.082,0.0019999999999997797
86500000,2026-09-14T23:00:00-03:00,2.08,2.084,0.0040000000000000036
86500000,2026-09-14T23:15:00-03:00,2.08,2.085,0.004999999999999893
86500000,2026-09-14T23:30:00-03:00,2.08,2.079,0.0009999999999998899
86500000,2026-09-14T23:45:00-03:00,2.08,2.08,0.0
86500000,2026-09-15T00:00:00-03:00,2.08,2.083,0.0030000000000001137
86500000,2026-09-15T00:15:00-03:00,2.08,2.081,0.0009999999999998899
86500000,2026-09-15T00:30:00-03:00,2.09,2.0869999999999997,0.0030000000000001137
86500000,2026-09-15T00:45:00-03:00,2.08,2.08,0.0
86500000,2026-09-15T01:00:00-03:00,2.08,2.076,0.0040000000000000036
86500000,2026-09-15T01:15:00-03:00,2.08,2.076,0.0040000000000000036
86500000,2026-09-15T01:30:00-03:00,2.08,2.082,0.0019999999999997797
86500000,2026-09-15T01:45:00-03:00,2.08,2.084,0.0040000000000000036
86500000,2026-09-15T02:00:00-03:00,2.08,2.082,0.0019999999999997797
86500000,2026-09-15T02:15:00-03:00,2.08,2.084,0.0040000000000000036
86500000,2026-09-15T02:30:00-03:00,2.09,2.086,0.0040000000000000036
86500000,2026-09-15T02:45:00-03:00,2.09,2.0869999999999997,0.0030000000000001137
86500000,2026-09-15T03:00:00-03:00,2.08,2.084,0.0040000000000000036
86500000,2026-09-15T03:15:00-03:00,2.08,2.081,0.0009999999999998899
86500000,2026-09-15T03:30:00-03:00,2.08,2.082,0.0019999999999997797
86500000,2026-09-15T03:45:00-03:00,2.08,2.083,0.0030000000000001137
86500000,2026-09-15T04:00:00-03:00,2.08,2.084,0.0040000000000000036
86500000,2026-09-15T04:15:00-03:00,2.08,2.085,0.004999999999999893
86500000,2026-09-15T04:30:00-03:00,2.08,2.085,0.004999999999999893
86500000,2026-09-15T04:45:00-03:00,2.09,2.086,0.0040000000000000036
86500000,2026-09-15T05:00:00-03:00,2.08,2.083,0.0030000000000001137
86500000,2026-09-15T05:15:00-03:00,2.08,2.076,0.0040000000000000036
86500000,2026-09-15T05:30:00-03:00,2.08,2.08,0.0
86500000,2026-09-15T05:45:00-03:00,2.08,2.084,0.0040000000000000036
86500000,2026-09-15T06:00:00-03:00,2.08,2.085,0.004999999999999893
86500000,2026-09-15T06:15:00-03:00,2.08,2.083,0.0030000000000001137
86500000,2026-09-15T06:30:00-03:00,2.08,2.084,0.0040000000000000036
86500000,2026-09-15T06:45:00-03:00,2.08,2.079,0.0009999999999998899
86500000,2026-09-15T07:00:00-03:00,2.08,2.082,0.0019999999999997797
86500000,2026-09-15T07:15:00-03:00,2.08,2.083,0.0030000000000001137
86500000,2026-09-15T07:30:00-03:00,2.09,2.092,0.002000000000000224
86500000,2026-09-15T07:45:00-03:00,2.08,2.08,0.0
86500000,2026-09-15T08:00:00-03:00,2.06,2.063,0.0030000000000001137
86500000,2026-09-15T08:15:00-03:00,2.05,2.051,0.001000000000000334
86500000,2026-09-15T08:30:00-03:00,2.05,2.05,0.0
86500000,2026-09-15T08:45:00-03:00,2.05,2.046,0.0040000000000000036
86500000,2026-09-15T09:00:00-03:00,2.04,2.044,0.0040000000000000036
86500000,2026-09-15T09:15:00-03:00,2.04,2.039,0.0009999999999998899
86500000,2026-09-15T09:30:00-03:00,2.05,2.046,0.0040000000000000036
86500000,2026-09-15T09:45:00-03:00,2.05,2.048,0.0019999999999997797
86500000,2026-09-15T10:00:00-03:00,2.05,2.046,0.0040000000000000036
86500000,2026-09-15T10:15:00-03:00,2.04,2.036,0.0040000000000000036
86500000,2026-09-15T10:30:00-03:00,2.04,2.035,0.004999999999999893
86500000,2026-09-15T10:45:00-03:00,2.04,2.043,0.0030000000000001137
86500000,2026-09-15T11:00:00-03:00,2.05,2.052,0.002000000000000224
86500000,2026-09-15T11:15:00-03:00,2.02,2.024,0.0040000000000000036
86500000,2026-09-15T11:30:00-03:00,1.87,1.8719999999999999,0.0019999999999997797
86500000,2026-09-15T11:45:00-03:00,1.8,1.796,0.0040000000000000036
86500000,2026-09-15T12:00:00-03:00,1.77,1.767,0.0030000000000001137
86500000,2026-09-15T12:15:00-03:00,1.75,1.7530000000000001,0.0030000000000001137
86500000,2026-09-15T12:30:00-03:00,1.75,1.751,0.0009999999999998899
86500000,2026-09-15T12:45:00-03:00,1.75,1.754,0.0040000000000000036
86500000,2026-09-15T13:00:00-03:00,1.75,1.754,0.0040000000000000036
86500000,2026-09-15T13:15:00-03:00,1.76,1.76,0.0
86500000,2026-09-15T13:30:00-03:00,1.76,1.764,0.0040000000000000036
86500000,2026-09-15T13:45:00-03:00,1.76,1.761,0.0009999999999998899
86500000,2026-09-15T14:00:00-03:00,1.76,1.757,0.0030000000000001137
86500000,2026-09-15T14:15:00-03:00,1.76,1.756,0.0040000000000000036
86500000,2026-09-15T14:30:00-03:00,1.76,1.756,0.0040000000000000036
86500000,2026-09-15T14:45:00-03:00,1.76,1.756,0.0040000000000000036
86500000,2026-09-15T15:00:00-03:00,1.76,1.756,0.0040000000000000036
86500000,2026-09-15T15:15:00-03:00,1.76,1.757,0.0030000000000001137
86500000,2026-09-15T15:30:00-03:00,1.76,1.757,0.0030000000000001137
86500000,2026-09-15T15:45:00-03:00,1.76,1.76,0.0
86500000,2026-09-15T16:00:00-03:00,1.89,1.88,0.010000000000000009
86500000,2026-09-15T16:15:00-03:00,2.01,2.01,0.0
86500000,2026-09-15T16:30:00-03:00,2.06,2.06,0.0
86500000,2026-09-15T16:45:00-03:00,2.08,2.08,0.0
86500000,2026-09-15T17:00:00-03:00,2.09,2.09,0.0
86500000,2026-09-15T17:15:00-03:00,2.09,2.09,0.0
86500000,2026-09-15T17:30:00-03:00,2.09,2.09,0.0
86500000,2026-09-15T17:45:00-03:00,2.08,2.08,0.0
86500000,2026-09-15T18:00:00-03:00,2.08,2.08,0.0
86500000,2026-09-15T18:15:00-03:00,2.08,2.08,0.0
86500000,2026-09-15T18:30:00-03:00,2.08,2.08,0.0
86500000,2026-09-15T18:45:00-03:00,2.09,2.089,0.0009999999999998899
86500000,2026-09-15T19:00:00-03:00,2.09,2.089,0.0009999999999998899
86500000,2026-09-15T19:15:00-03:00,2.09,2.09,0.0
86500000,2026-09-15T19:30:00-03:00,2.09,2.0869999999999997,0.0030000000000001137
86500000,2026-09-15T19:45:00-03:00,2.09,2.088,0.0019999999999997797
86500000,2026-09-15T20:00:00-03:00,2.09,2.0869999999999997,0.0030000000000001137
86500000,2026-09-15T20:15:00-03:00,2.09,2.089,0.0009999999999998899
86500000,2026-09-15T20:30:00-03:00,2.09,2.0869999999999997,0.0030000000000001137
86500000,2026-09-15T20:45:00-03:00,2.09,2.086,0.0040000000000000036
86500000,2026-09-15T21:00:00-03:00,2.09,2.088,0.0019999999999997797
86500000,2026-09-15T21:15:00-03:00,2.09,2.086,0.0040000000000000036
86500000,2026-09-15T21:30:00-03:00,2.09,2.088,0.0019999999999997797
86500000,2026-09-15T21:45:00-03:00,2.08,2.083,0.0030000000000001137
86500000,2026-09-15T22:00:00-03:00,2.08,2.082,0.0019999999999997797
86500000,2026-09-15T22:15:00-03:00,2.08,2.076,0.0040000000000000036
86500000,2026-09-15T22:30:00-03:00,2.08,2.08,0.0
86500000,2026-09-15T22:45:00-03:00,2.08,2.076,0.0040000000000000036
86500000,2026-09-15T23:00:00-03:00,2.07,2.072,0.002000000000000224
86500000,2026-09-15T23:15:00-03:00,2.07,2.07,0.0
86500000,2026-09-15T23:30:00-03:00,2.07,2.072,0.002000000000000224
86500000,2026-09-15T23:45:00-03:00,2.07,2.07,0.0
86500000,2026-09-16T00:00:00-03:00,2.07,2.074,0.0040000000000000036
86500000,2026-09-16T00:15:00-03:00,2.07,2.069,0.0009999999999998899
86500000,2026-09-16T00:30:00-03:00,2.07,2.074,0.0040000000000000036
86500000,2026-09-16T00:45:00-03:00,2.07,2.072,0.002000000000000224
86500000,2026-09-16T01:00:00-03:00,2.07,2.069,0.0009999999999998899
86500000,2026-09-16T01:15:00-03:00,2.07,2.07,0.0
86500000,2026-09-16T01:30:00-03:00,2.07,2.072,0.002000000000000224
86500000,2026-09-16T01:45:00-03:00,2.07,2.0709999999999997,0.0009999999999998899
86500000,2026-09-16T02:00:00-03:00,2.07,2.069,0.0009999999999998899
86500000,2026-09-16T02:15:00-03:00,2.07,2.073,0.0030000000000001137
86500000,2026-09-16T02:30:00-03:00,2.08,2.075,0.004999999999999893
86500000,2026-09-16T02:45:00-03:00,2.07,2.0709999999999997,0.0009999999999998899
86500000,2026-09-16T03:00:00-03:00,2.07,2.07,0.0
86500000,2026-09-16T03:15:00-03:00,2.07,2.072,0.002000000000000224
86500000,2026-09-16T03:30:00-03:00,2.08,2.075,0.004999999999999893
86500000,2026-09-16T03:45:00-03:00,2.08,2.076,0.0040000000000000036
86500000,2026-09-16T04:00:00-03:00,2.08,2.0780000000000003,0.0019999999999997797
86500000,2026-09-16T04:15:00-03:00,2.08,2.075,0.004999999999999893
86500000,2026-09-16T04:30:00-03:00,2.07,2.072,0.002000000000000224
86500000,2026-09-16T04:45:00-03:00,2.08,2.076,0.0040000000000000036
86500000,2026-09-16T05:00:00-03:00,2.07,2.074,0.0040000000000000036
86500000,2026-09-16T05:15:00-03:00,2.08,2.076,0.0040000000000000036
86500000,2026-09-16T05:30:00-03:00,2.08,2.08,0.0
86500000,2026-09-16T05:45:00-03:00,2.08,2.082,0.0019999999999997797
86500000,2026-09-16T06:00:00-03:00,2.08,2.082,0.0019999999999997797
86500000,2026-09-16T06:15:00-03:00,2.08,2.0780000000000003,0.0019999999999997797
86500000,2026-09-16T06:30:00-03:00,2.08,2.08,0.0
86500000,2026-09-16T06:45:00-03:00,2.08,2.076,0.0040000000000000036
86500000,2026-09-16T07:00:00-03:00,2.07,2.074,0.0040000000000000036
86500000,2026-09-16T07:15:00-03:00,2.07,2.066,0.0040000000000000036
86500000,2026-09-16T07:30:00-03:00,2.07,2.072,0.002000000000000224
86500000,2026-09-16T07:45:00-03:00,2.07,2.072,0.002000000000000224
86500000,2026-09-16T08:00:00-03:00,2.07,2.0669999999999997,0.0030000000000001137
86500000,2026-09-16T08:15:00-03:00,2.06,2.065,0.004999999999999893
86500000,2026-09-16T08:30:00-03:00,2.07,2.072,0.002000000000000224
86500000,2026-09-16T08:45:00-03:00,2.07,2.072,0.002000000000000224
86500000,2026-09-16T09:00:00-03:00,2.0,2.003,0.0030000000000001137
86500000,2026-09-16T09:15:00-03:00,1.86,1.858,0.0020000000000000018
86500000,2026-09-16T09:30:00-03:00,1.8,1.7990000000000002,0.0009999999999998899
86500000,2026-09-16T09:45:00-03:00,1.78,1.785,0.004999999999999893
86500000,2026-09-16T10:00:00-03:00,1.64,1.636,0.0040000000000000036
86500000,2026-09-16T10:15:00-03:00,1.51,1.507,0.0030000000000001137
86500000,2026-09-16T10:30:00-03:00,1.45,1.4480000000000002,0.0019999999999997797
86500000,2026-09-16T10:45:00-03:00,1.42,1.423,0.0030000000000001137
86500000,2026-09-16T11:00:00-03:00,1.41,1.406,0.0040000000000000036
86500000,2026-09-16T11:15:00-03:00,1.39,1.392,0.0020000000000000018
86500000,2026-09-16T11:30:00-03:00,1.39,1.39,0.0
86500000,2026-09-16T11:45:00-03:00,1.39,1.3880000000000001,0.0019999999999997797
86500000,2026-09-16T12:00:00-03:00,1.39,1.385,0.004999999999999893
86500000,2026-09-16T12:15:00-03:00,1.38,1.382,0.0020000000000000018
86500000,2026-09-16T12:30:00-03:00,1.29,1.295,0.004999999999999893
86500000,2026-09-16T12:45:00-03:00,1.14,1.14,0.0
86500000,2026-09-16T13:00:00-03:00,1.02,1.02,0.0
86500000,2026-09-16T13:15:00-03:00,0.93,0.934,0.0040000000000000036
86500000,2026-09-16T13:30:00-03:00,0.87,0.8740000000000001,0.004000000000000115
86500000,2026-09-16T13:45:00-03:00,0.83,0.828,0.0020000000000000018
86500000,2026-09-16T14:00:00-03:00,0.8,0.7959999999999999,0.004000000000000115
86500000,2026-09-16T14:15:00-03:00,0.77,0.774,0.0040000000000000036
86500000,2026-09-16T14:30:00-03:00,0.76,0.757,0.0030000000000000027
86500000,2026-09-16T14:45:00-03:00,0.75,0.746,0.0040000000000000036
86500000,2026-09-16T15:00:00-03:00,0.74,0.7390000000000001,0.0009999999999998899
86500000,2026-09-16T15:15:00-03:00,0.73,0.733,0.0030000000000000027
86500000,2026-09-16T15:30:00-03:00,0.73,0.7290000000000001,0.0009999999999998899
86500000,2026-09-16T15:45:00-03:00,0.73,0.73,0.0
86500000,2026-09-16T16:00:00-03:00,0.72,0.72,0.0
86500000,2026-09-16T16:15:00-03:00,0.72,0.72,0.0
86500000,2026-09-16T16:30:00-03:00,0.72,0.72,0.0
86500000,2026-09-16T16:45:00-03:00,0.72,0.72,0.0
86500000,2026-09-16T17:00:00-03:00,0.72,0.72,0.0
86500000,2026-09-16T17:15:00-03:00,0.72,0.72,0.0
86500000,2026-09-16T17:30:00-03:00,0.72,0.72,0.0
86500000,2026-09-16T17:45:00-03:00,0.82,0.82,0.0
86500000,2026-09-16T18:00:00-03:00,1.1,1.1,0.0
86500000,2026-09-16T18:15:00-03:00,1.25,1.25,0.0
86500000,2026-09-16T18:30:00-03:00,1.47,1.47,0.0
86500000,2026-09-16T18:45:00-03:00,1.66,1.66,0.0
86500000,2026-09-16T19:00:00-03:00,1.72,1.72,0.0
86500000,2026-09-16T19:15:00-03:00,1.74,1.74,0.0
86500000,2026-09-16T19:30:00-03:00,1.75,1.75,0.0
86500000,2026-09-16T19:45:00-03:00,1.75,1.75,0.0
86500000,2026-09-16T20:00:00-03:00,1.75,1.75,0.0
86500000,2026-09-16T20:15:00-03:00,1.75,1.7530000000000001,0.0030000000000001137
86500000,2026-09-16T20:30:00-03:00,1.76,1.758,0.0020000000000000018
86500000,2026-09-16T20:45:00-03:00,1.76,1.756,0.0040000000000000036
86500000,2026-09-16T21:00:00-03:00,1.75,1.755,0.004999999999999893
86500000,2026-09-16T21:15:00-03:00,1.75,1.754,0.0040000000000000036
86500000,2026-09-16T21:30:00-03:00,1.76,1.756,0.0040000000000000036
86500000,2026-09-16T21:45:00-03:00,1.76,1.7619999999999998,0.0019999999999997797
86500000,2026-09-16T22:00:00-03:00,1.76,1.756,0.0040000000000000036
86500000,2026-09-16T22:15:00-03:00,1.75,1.75,0.0
86500000,2026-09-16T22:30:00-03:00,1.75,1.75,0.0
86500000,2026-09-16T22:45:00-03:00,1.75,1.754,0.0040000000000000036
86500000,2026-09-16T23:00:00-03:00,1.75,1.7530000000000001,0.0030000000000001137
86500000,2026-09-16T23:15:00-03:00,1.75,1.7519999999999998,0.0019999999999997797
86500000,2026-09-16T23:30:00-03:00,1.75,1.751,0.0009999999999998899
86500000,2026-09-16T23:45:00-03:00,1.75,1.75,0.0
86500000,2026-09-17T00:00:00-03:00,1.75,1.7519999999999998,0.0019999999999997797
86500000,2026-09-17T00:15:00-03:00,1.76,1.756,0.0040000000000000036
86500000,2026-09-17T00:30:00-03:00,1.75,1.7519999999999998,0.0019999999999997797
86500000,2026-09-17T00:45:00-03:00,1.75,1.749,0.0009999999999998899
86500000,2026-09-17T01:00:00-03:00,1.73,1.729,0.0009999999999998899
86500000,2026-09-17T01:15:00-03:00,1.71,1.709,0.0009999999999998899
86500000,2026-09-17T01:30:00-03:00,1.7,1.704,0.0040000000000000036
86500000,2026-09-17T01:45:00-03:00,1.7,1.699,0.0009999999999998899
86500000,2026-09-17T02:00:00-03:00,1.7,1.695,0.004999999999999893
86500000,2026-09-17T02:15:00-03:00,1.7,1.696,0.0040000000000000036
86500000,2026-09-17T02:30:00-03:00,1.7,1.7009999999999998,0.0009999999999998899
86500000,2026-09-17T02:45:00-03:00,1.7,1.702,0.0020000000000000018
86500000,2026-09-17T03:00:00-03:00,1.7,1.699,0.0009999999999998899
86500000,2026-09-17T03:15:00-03:00,1.7,1.6969999999999998,0.0030000000000001137
86500000,2026-09-17T03:30:00-03:00,1.7,1.7,0.0
86500000,2026-09-17T03:45:00-03:00,1.7,1.699,0.0009999999999998899
86500000,2026-09-17T04:00:00-03:00,1.69,1.692,0.0020000000000000018
86500000,2026-09-17T04:15:00-03:00,1.69,1.686,0.0040000000000000036
86500000,2026-09-17T04:30:00-03:00,1.69,1.685,0.004999999999999893
86500000,2026-09-17T04:45:00-03:00,1.69,1.686,0.0040000000000000036
86500000,2026-09-17T05:00:00-03:00,1.69,1.69,0.0
86500000,2026-09-17T05:15:00-03:00,1.69,1.6869999999999998,0.0030000000000001137
86500000,2026-09-17T05:30:00-03:00,1.69,1.686,0.0040000000000000036
86500000,2026-09-17T05:45:00-03:00,1.68,1.682,0.0020000000000000018
86500000,2026-09-17T06:00:00-03:00,1.68,1.6780000000000002,0.0019999999999997797
86500000,2026-09-17T06:15:00-03:00,1.68,1.676,0.0040000000000000036
86500000,2026-09-17T06:30:00-03:00,1.68,1.6769999999999998,0.0030000000000001137
86500000,2026-09-17T06:45:00-03:00,1.67,1.6740000000000002,0.004000000000000226
86500000,2026-09-17T07:00:00-03:00,1.67,1.672,0.0020000000000000018
86500000,2026-09-17T07:15:00-03:00,1.68,1.676,0.0040000000000000036
86500000,2026-09-17T07:30:00-03:00,1.67,1.665,0.004999999999999893
86500000,2026-09-17T07:45:00-03:00,1.53,1.526,0.0040000000000000036
86500000,2026-09-17T08:00:00-03:00,1.42,1.416,0.0040000000000000036
86500000,2026-09-17T08:15:00-03:00,1.37,1.3719999999999999,0.0019999999999997797
86500000,2026-09-17T08:30:00-03:00,1.36,1.359,0.001000000000000112
86500000,2026-09-17T08:45:00-03:00,1.35,1.3530000000000002,0.0030000000000001137
86500000,2026-09-17T09:00:00-03:00,1.35,1.347,0.0030000000000001137
86500000,2026-09-17T09:15:00-03:00,1.34,1.345,0.004999999999999893
86500000,2026-09-17T09:30:00-03:00,1.34,1.3419999999999999,0.0019999999999997797
86500000,2026-09-17T09:45:00-03:00,1.34,1.34,0.0
86500000,2026-09-17T10:00:00-03:00,1.34,1.344,0.0040000000000000036
86500000,2026-09-17T10:15:00-03:00,1.35,1.347,0.0030000000000001137
86500000,2026-09-17T10:30:00-03:00,1.35,1.35,0.0
86500000,2026-09-17T10:45:00-03:00,1.35,1.35,0.0
86500000,2026-09-17T11:00:00-03:00,1.35,1.349,0.001000000000000112
86500000,2026-09-17T11:15:00-03:00,1.35,1.35,0.0
86500000,2026-09-17T11:30:00-03:00,1.35,1.351,0.0009999999999998899
86500000,2026-09-17T11:45:00-03:00,1.39,1.3940000000000001,0.004000000000000226
86500000,2026-09-17T12:00:00-03:00,1.57,1.5730000000000002,0.0030000000000001137
86500000,2026-09-17T12:15:00-03:00,1.66,1.663,0.0030000000000001137
86500000,2026-09-17T12:30:00-03:00,1.69,1.694,0.0040000000000000036
86500000,2026-09-17T12:45:00-03:00,1.7,1.703,0.0030000000000001137
86500000,2026-09-17T13:00:00-03:00,1.71,1.706,0.0040000000000000036
86500000,2026-09-17T13:15:00-03:00,1.71,1.71,0.0
86500000,2026-09-17T13:30:00-03:00,1.71,1.706,0.0040000000000000036
86500000,2026-09-17T13:45:00-03:00,1.71,1.705,0.004999999999999893
86500000,2026-09-17T14:00:00-03:00,1.7,1.702,0.0020000000000000018
86500000,2026-09-17T14:15:00-03:00,1.7,1.703,0.0030000000000001137
86500000,2026-09-17T14:30:00-03:00,1.71,1.705,0.004999999999999893
86500000,2026-09-17T14:45:00-03:00,1.69,1.692,0.0020000000000000018
86500000,2026-09-17T15:00:00-03:00,1.55,1.5519999999999998,0.0019999999999997797
86500000,2026-09-17T15:15:00-03:00,1.44,1.439,0.0009999999999998899
86500000,2026-09-17T15:30:00-03:00,1.39,1.3880000000000001,0.0019999999999997797
86500000,2026-09-17T15:45:00-03:00,1.37,1.3719999999999999,0.0019999999999997797
86500000,2026-09-17T16:00:00-03:00,1.36,1.365,0.004999999999999893
86500000,2026-09-17T16:15:00-03:00,1.36,1.364,0.0040000000000000036
86500000,2026-09-17T16:30:00-03:00,1.36,1.3630000000000002,0.0030000000000001137
86500000,2026-09-17T16:45:00-03:00,1.36,1.36,0.0
86500000,2026-09-17T17:00:00-03:00,1.37,1.37,0.0
86500000,2026-09-17T17:15:00-03:00,1.36,1.36,0.0
86500000,2026-09-17T17:30:00-03:00,1.36,1.36,0.0
86500000,2026-09-17T17:45:00-03:00,1.36,1.36,0.0
86500000,2026-09-17T18:00:00-03:00,1.36,1.36,0.0
86500000,2026-09-17T18:15:00-03:00,1.36,1.36,0.0
86500000,2026-09-17T18:30:00-03:00,1.45,1.45,0.0
86500000,2026-09-17T18:45:00-03:00,1.64,1.64,0.0
86500000,2026-09-17T19:00:00-03:00,1.73,1.73,0.0
86500000,2026-09-17T19:15:00-03:00,1.75,1.75,0.0
86500000,2026-09-17T19:30:00-03:00,1.76,1.76,0.0
86500000,2026-09-17T19:45:00-03:00,1.76,1.76,0.0
86500000,2026-09-17T20:00:00-03:00,1.76,1.76,0.0
86500000,2026-09-17T20:15:00-03:00,1.75,1.76,0.010000000000000009
86500000,2026-09-17T20:30:00-03:00,1.76,1.76,0.0
86500000,2026-09-17T20:45:00-03:00,1.76,1.76,0.0
86500000,2026-09-17T21:00:00-03:00,1.76,1.761,0.0009999999999998899
86500000,2026-09-17T21:15:00-03:00,1.76,1.7590000000000001,0.0009999999999998899
86500000,2026-09-17T21:30:00-03:00,1.76,1.761,0.0009999999999998899
86500000,2026-09-17T21:45:00-03:00,1.76,1.761,0.0009999999999998899
86500000,2026-09-17T22:00:00-03:00,1.76,1.7630000000000001,0.0030000000000001137
86500000,2026-09-17T22:15:00-03:00,1.76,1.7590000000000001,0.0009999999999998899
86500000,2026-09-17T22:30:00-03:00,1.76,1.758,0.0020000000000000018
86500000,2026-09-17T22:45:00-03:00,1.76,1.757,0.0030000000000001137
86500000,2026-09-17T23:00:00-03:00,1.76,1.756,0.0040000000000000036
86500000,2026-09-17T23:15:00-03:00,1.76,1.757,0.0030000000000001137
86500000,2026-09-17T23:30:00-03:00,1.76,1.756,0.0040000000000000036
86500000,2026-09-17T23:45:00-03:00,1.75,1.75,0.0
86500000,2026-09-18T00:00:00-03:00,1.76,1.756,0.0040000000000000036
86500000,2026-09-18T00:15:00-03:00,1.75,1.755,0.004999999999999893
86500000,2026-09-18T00:30:00-03:00,1.72,1.7169999999999999,0.0030000000000001137
86500000,2026-09-18T00:45:00-03:00,1.54,1.544,0.0040000000000000036
86500000,2026-09-18T01:00:00-03:00,1.43,1.431,0.001000000000000112
86500000,2026-09-18T01:15:00-03:00,1.38,1.376,0.0040000000000000036
86500000,2026-09-18T01:30:00-03:00,1.35,1.354,0.0040000000000000036
86500000,2026-09-18T01:45:00-03:00,1.34,1.3430000000000002,0.0030000000000001137
86500000,2026-09-18T02:00:00-03:00,1.34,1.3419999999999999,0.0019999999999997797
86500000,2026-09-18T02:15:00-03:00,1.34,1.34,0.0
86500000,2026-09-18T02:30:00-03:00,1.34,1.337,0.0030000000000001137
86500000,2026-09-18T02:45:00-03:00,1.34,1.338,0.0020000000000000018
86500000,2026-09-18T03:00:00-03:00,1.34,1.3419999999999999,0.0019999999999997797
86500000,2026-09-18T03:15:00-03:00,1.34,1.341,0.0009999999999998899
86500000,2026-09-18T03:30:00-03:00,1.34,1.337,0.0030000000000001137
86500000,2026-09-18T03:45:00-03:00,1.33,1.327,0.0030000000000001137
86500000,2026-09-18T04:00:00-03:00,1.32,1.3219999999999998,0.0019999999999997797
86500000,2026-09-18T04:15:00-03:00,1.32,1.321,0.0009999999999998899
86500000,2026-09-18T04:30:00-03:00,1.32,1.321,0.0009999999999998899
86500000,2026-09-18T04:45:00-03:00,1.32,1.3219999999999998,0.0019999999999997797
86500000,2026-09-18T05:00:00-03:00,1.32,1.3219999999999998,0.0019999999999997797
86500000,2026-09-18T05:15:00-03:00,1.32,1.325,0.004999999999999893
86500000,2026-09-18T05:30:00-03:00,1.33,1.3259999999999998,0.004000000000000226
86500000,2026-09-18T05:45:00-03:00,1.32,1.324,0.0040000000000000036
86500000,2026-09-18T06:00:00-03:00,1.33,1.3259999999999998,0.004000000000000226
86500000,2026-09-18T06:15:00-03:00,1.32,1.325,0.004999999999999893
86500000,2026-09-18T06:30:00-03:00,1.33,1.3259999999999998,0.004000000000000226
86500000,2026-09-18T06:45:00-03:00,1.32,1.3219999999999998,0.0019999999999997797
86500000,2026-09-18T07:00:00-03:00,1.32,1.32,0.0
86500000,2026-09-18T07:15:00-03:00,1.32,1.32,0.0
86500000,2026-09-18T07:30:00-03:00,1.32,1.3230000000000002,0.0030000000000001137
86500000,2026-09-18T07:45:00-03:00,1.32,1.321,0.0009999999999998899
86500000,2026-09-18T08:00:00-03:00,1.32,1.3219999999999998,0.0019999999999997797
86500000,2026-09-18T08:15:00-03:00,1.32,1.3219999999999998,0.0019999999999997797
86500000,2026-09-18T08:30:00-03:00,1.32,1.319,0.001000000000000112
86500000,2026-09-18T08:45:00-03:00,1.32,1.32,0.0
86500000,2026-09-18T09:00:00-03:00,1.32,1.319,0.001000000000000112
86500000,2026-09-18T09:15:00-03:00,1.32,1.3219999999999998,0.0019999999999997797
86500000,2026-09-18T09:30:00-03:00,1.32,1.324,0.0040000000000000036
86500000,2026-09-18T09:45:00-03:00,1.32,1.324,0.0040000000000000036
86500000,2026-09-18T10:00:00-03:00,1.32,1.3230000000000002,0.0030000000000001137
86500000,2026-09-18T10:15:00-03:00,1.32,1.3230000000000002,0.0030000000000001137
86500000,2026-09-18T10:30:00-03:00,1.32,1.325,0.004999999999999893
86500000,2026-09-18T10:45:00-03:00,1.33,1.3259999999999998,0.004000000000000226
86500000,2026-09-18T11:00:00-03:00,1.32,1.324,0.0040000000000000036
86500000,2026-09-18T11:15:00-03:00,1.32,1.321,0.0009999999999998899
86500000,2026-09-18T11:30:00-03:00,1.32,1.321,0.0009999999999998899
86500000,2026-09-18T11:45:00-03:00,1.32,1.3230000000000002,0.0030000000000001137
86500000,2026-09-18T12:00:00-03:00,1.33,1.3259999999999998,0.004000000000000226
86500000,2026-09-18T12:15:00-03:00,1.32,1.325,0.004999999999999893
86500000,2026-09-18T12:30:00-03:00,1.32,1.321,0.0009999999999998899
86500000,2026-09-18T12:45:00-03:00,1.32,1.321,0.0009999999999998899
86500000,2026-09-18T13:00:00-03:00,1.32,1.321,0.0009999999999998899
86500000,2026-09-18T13:15:00-03:00,1.32,1.3230000000000002,0.0030000000000001137
86500000,2026-09-18T13:30:00-03:00,1.32,1.321,0.0009999999999998899
86500000,2026-09-18T13:45:00-03:00,1.32,1.32,0.0
86500000,2026-09-18T14:00:00-03:00,1.32,1.3230000000000002,0.0030000000000001137
86500000,2026-09-18T14:15:00-03:00,1.32,1.321,0.0009999999999998899
86500000,2026-09-18T14:30:00-03:00,1.32,1.321,0.0009999999999998899
86500000,2026-09-18T14:45:00-03:00,1.32,1.32,0.0
86500000,2026-09-18T15:00:00-03:00,1.32,1.318,0.0020000000000000018
86500000,2026-09-18T15:15:00-03:00,1.32,1.319,0.001000000000000112
86500000,2026-09-18T15:30:00-03:00,1.32,1.318,0.0020000000000000018
86500000,2026-09-18T15:45:00-03:00,1.32,1.321,0.0009999999999998899
86500000,2026-09-18T16:00:00-03:00,1.32,1.321,0.0009999999999998899
86500000,2026-09-18T16:15:00-03:00,1.32,1.319,0.001000000000000112
86500000,2026-09-18T16:30:00-03:00,1.32,1.321,0.0009999999999998899
86500000,2026-09-18T16:45:00-03:00,1.32,1.324,0.0040000000000000036
86500000,2026-09-18T17:00:00-03:00,1.33,1.3259999999999998,0.004000000000000226
86500000,2026-09-18T17:15:00-03:00,1.32,1.319,0.001000000000000112
86500000,2026-09-18T17:30:00-03:00,1.32,1.318,0.0020000000000000018
86500000,2026-09-18T17:45:00-03:00,1.32,1.32,0.0
86500000,2026-09-18T18:00:00-03:00,1.32,1.32,0.0
86500000,2026-09-18T18:15:00-03:00,1.32,1.32,0.0
86500000,2026-09-18T18:30:00-03:00,1.31,1.31,0.0
86500000,2026-09-18T18:45:00-03:00,1.32,1.32,0.0
86500000,2026-09-18T19:00:00-03:00,1.32,1.32,0.0
86500000,2026-09-18T19:15:00-03:00,1.32,1.32,0.0
86500000,2026-09-18T19:30:00-03:00,1.48,1.48,0.0
86500000,2026-09-18T19:45:00-03:00,1.64,1.64,0.0
86500000,2026-09-18T20:00:00-03:00,1.7,1.7,0.0
86500000,2026-09-18T20:15:00-03:00,1.72,1.72,0.0
86500000,2026-09-18T20:30:00-03:00,1.73,1.73,0.0
86500000,2026-09-18T20:45:00-03:00,1.73,1.73,0.0
86500000,2026-09-18T21:00:00-03:00,1.73,1.73,0.0
86500000,2026-09-18T21:15:00-03:00,1.73,1.73,0.0
86500000,2026-09-18T21:30:00-03:00,1.73,1.73,0.0
86500000,2026-09-18T21:45:00-03:00,1.73,1.729,0.0009999999999998899
86500000,2026-09-18T22:00:00-03:00,1.73,1.734,0.0040000000000000036
86500000,2026-09-18T22:15:00-03:00,1.73,1.732,0.0020000000000000018
86500000,2026-09-18T22:30:00-03:00,1.73,1.7280000000000002,0.0019999999999997797
86500000,2026-09-18T22:45:00-03:00,1.73,1.7280000000000002,0.0019999999999997797
86500000,2026-09-18T23:00:00-03:00,1.73,1.733,0.0030000000000001137
86500000,2026-09-18T23:15:00-03:00,1.73,1.73,0.0
86500000,2026-09-18T23:30:00-03:00,1.73,1.733,0.0030000000000001137
86500000,2026-09-18T23:45:00-03:00,1.73,1.73,0.0
86500000,2026-09-19T00:00:00-03:00,1.72,1.724,0.0040000000000000036
86500000,2026-09-19T00:15:00-03:00,1.72,1.722,0.0020000000000000018
86500000,2026-09-19T00:30:00-03:00,1.73,1.726,0.0040000000000000036
86500000,2026-09-19T00:45:00-03:00,1.73,1.726,0.0040000000000000036
86500000,2026-09-19T01:00:00-03:00,1.73,1.7280000000000002,0.0019999999999997797
86500000,2026-09-19T01:15:00-03:00,1.71,1.705,0.004999999999999893
86500000,2026-09-19T01:30:00-03:00,1.55,1.5519999999999998,0.0019999999999997797
86500000,2026-09-19T01:45:00-03:00,1.45,1.445,0.004999999999999893
86500000,2026-09-19T02:00:00-03:00,1.4,1.399,0.0009999999999998899
86500000,2026-09-19T02:15:00-03:00,1.38,1.3780000000000001,0.0019999999999997797
86500000,2026-09-19T02:30:00-03:00,1.37,1.368,0.0020000000000000018
86500000,2026-09-19T02:45:00-03:00,1.36,1.364,0.0040000000000000036
86500000,2026-09-19T03:00:00-03:00,1.36,1.3630000000000002,0.0030000000000001137
86500000,2026-09-19T03:15:00-03:00,1.36,1.364,0.0040000000000000036
86500000,2026-09-19T03:30:00-03:00,1.37,1.367,0.0030000000000001137
86500000,2026-09-19T03:45:00-03:00,1.36,1.3630000000000002,0.0030000000000001137
86500000,2026-09-19T04:00:00-03:00,1.36,1.3630000000000002,0.0030000000000001137
86500000,2026-09-19T04:15:00-03:00,1.36,1.365,0.004999999999999893
86500000,2026-09-19T04:30:00-03:00,1.36,1.365,0.004999999999999893
86500000,2026-09-19T04:45:00-03:00,1.36,1.365,0.004999999999999893
86500000,2026-09-19T05:00:00-03:00,1.36,1.3630000000000002,0.0030000000000001137
86500000,2026-09-19T05:15:00-03:00,1.36,1.364,0.0040000000000000036
86500000,2026-09-19T05:30:00-03:00,1.36,1.364,0.0040000000000000036
86500000,2026-09-19T05:45:00-03:00,1.36,1.365,0.004999999999999893
86500000,2026-09-19T06:00:00-03:00,1.36,1.3619999999999999,0.0019999999999997797
86500000,2026-09-19T06:15:00-03:00,1.36,1.358,0.0020000000000000018
86500000,2026-09-19T06:30:00-03:00,1.36,1.358,0.0020000000000000018
86500000,2026-09-19T06:45:00-03:00,1.36,1.3559999999999999,0.004000000000000226
86500000,2026-09-19T07:00:00-03:00,1.36,1.357,0.0030000000000001137
86500000,2026-09-19T07:15:00-03:00,1.36,1.359,0.001000000000000112
86500000,2026-09-19T07:30:00-03:00,1.36,1.361,0.0009999999999998899
86500000,2026-09-19T07:45:00-03:00,1.36,1.36,0.0
86500000,2026-09-19T08:00:00-03:00,1.36,1.3619999999999999,0.0019999999999997797
86500000,2026-09-19T08:15:00-03:00,1.36,1.358,0.0020000000000000018
86500000,2026-09-19T08:30:00-03:00,1.36,1.359,0.001000000000000112
86500000,2026-09-19T08:45:00-03:00,1.36,1.3619999999999999,0.0019999999999997797
86500000,2026-09-19T09:00:00-03:00,1.36,1.361,0.0009999999999998899
86500000,2026-09-19T09:15:00-03:00,1.36,1.3619999999999999,0.0019999999999997797
86500000,2026-09-19T09:30:00-03:00,1.36,1.3619999999999999,0.0019999999999997797
86500000,2026-09-19T09:45:00-03:00,1.36,1.359,0.001000000000000112
86500000,2026-09-19T10:00:00-03:00,1.36,1.361,0.0009999999999998899
86500000,2026-09-19T10:15:00-03:00,1.36,1.3630000000000002,0.0030000000000001137
86500000,2026-09-19T10:30:00-03:00,1.36,1.3630000000000002,0.0030000000000001137
86500000,2026-09-19T10:45:00-03:00,1.36,1.3630000000000002,0.0030000000000001137
86500000,2026-09-19T11:00:00-03:00,1.36,1.3619999999999999,0.0019999999999997797
86500000,2026-09-19T11:15:00-03:00,1.36,1.36,0.0
86500000,2026-09-19T11:30:00-03:00,1.36,1.361,0.0009999999999998899
86500000,2026-09-19T11:45:00-03:00,1.36,1.361,0.0009999999999998899
86500000,2026-09-19T12:00:00-03:00,1.36,1.3630000000000002,0.0030000000000001137
86500000,2026-09-19T12:15:00-03:00,1.36,1.361,0.0009999999999998899
86500000,2026-09-19T12:30:00-03:00,1.36,1.359,0.001000000000000112
86500000,2026-09-19T12:45:00-03:00,1.36,1.36,0.0
86500000,2026-09-19T13:00:00-03:00,1.36,1.36,0.0
86500000,2026-09-19T13:15:00-03:00,1.36,1.359,0.001000000000000112
86500000,2026-09-19T13:30:00-03:00,1.36,1.361,0.0009999999999998899
86500000,2026-09-19T13:45:00-03:00,1.36,1.361,0.0009999999999998899
86500000,2026-09-19T14:00:00-03:00,1.36,1.3619999999999999,0.0019999999999997797
86500000,2026-09-19T14:15:00-03:00,1.36,1.3619999999999999,0.0019999999999997797
86500000,2026-09-19T14:30:00-03:00,1.36,1.361,0.0009999999999998899
86500000,2026-09-19T14:45:00-03:00,1.36,1.3619999999999999,0.0019999999999997797
86500000,2026-09-19T15:00:00-03:00,1.36,1.3619999999999999,0.0019999999999997797
86500000,2026-09-19T15:15:00-03:00,1.36,1.3619999999999999,0.0019999999999997797
86500000,2026-09-19T15:30:00-03:00,1.36,1.3619999999999999,0.0019999999999997797
86500000,2026-09-19T15:45:00-03:00,1.37,1.3659999999999999,0.004000000000000226
86500000,2026-09-19T16:00:00-03:00,1.36,1.364,0.0040000000000000036
86500000,2026-09-19T16:15:00-03:00,1.36,1.365,0.004999999999999893
86500000,2026-09-19T16:30:00-03:00,1.36,1.365,0.004999999999999893
86500000,2026-09-19T16:45:00-03:00,1.37,1.3659999999999999,0.004000000000000226
86500000,2026-09-19T17:00:00-03:00,1.37,1.368,0.0020000000000000018
86500000,2026-09-19T17:15:00-03:00,1.37,1.3659999999999999,0.004000000000000226
86500000,2026-09-19T17:30:00-03:00,1.39,1.3869999999999998,0.0030000000000001137
86500000,2026-09-19T17:45:00-03:00,1.56,1.564,0.0040000000000000036
86500000,2026-09-19T18:00:00-03:00,1.67,1.673,0.0030000000000001137
86500000,2026-09-19T18:15:00-03:00,1.71,1.71,0.0
86500000,2026-09-19T18:30:00-03:00,1.72,1.722,0.0020000000000000018
86500000,2026-09-19T18:45:00-03:00,1.73,1.7309999999999999,0.0009999999999998899
86500000,2026-09-19T19:00:00-03:00,1.73,1.7280000000000002,0.0019999999999997797
86500000,2026-09-19T19:15:00-03:00,1.73,1.7269999999999999,0.0030000000000001137
86500000,2026-09-19T19:30:00-03:00,1.74,1.736,0.0040000000000000036
86500000,2026-09-19T19:45:00-03:00,1.74,1.74,0.0
86500000,2026-09-19T20:00:00-03:00,1.74,1.74,0.0
86500000,2026-09-19T20:15:00-03:00,1.74,1.74,0.0
86500000,2026-09-19T20:30:00-03:00,1.74,1.74,0.0
86500000,2026-09-19T20:45:00-03:00,1.74,1.74,0.0
86500000,2026-09-19T21:00:00-03:00,1.74,1.74,0.0
86500000,2026-09-19T21:15:00-03:00,1.74,1.74,0.0
86500000,2026-09-19T21:30:00-03:00,1.74,1.74,0.0
86500000,2026-09-19T21:45:00-03:00,1.75,1.75,0.0
86500000,2026-09-19T22:00:00-03:00,1.75,1.75,0.0
86500000,2026-09-19T22:15:00-03:00,1.75,1.75,0.0
86500000,2026-09-19T22:30:00-03:00,1.75,1.75,0.0
86500000,2026-09-19T22:45:00-03:00,1.75,1.75,0.0
86500000,2026-09-19T23:00:00-03:00,1.75,1.75,0.0
86500000,2026-09-19T23:15:00-03:00,1.75,1.75,0.0
86500000,2026-09-19T23:30:00-03:00,1.76,1.76,0.0
86500000,2026-09-19T23:45:00-03:00,1.73,1.73,0.0
86500000,2026-09-20T00:00:00-03:00,1.58,1.58,0.0
86500000,2026-09-20T00:15:00-03:00,1.48,1.48,0.0
86500000,2026-09-20T00:30:00-03:00,1.44,1.44,0.0
86500000,2026-09-20T01:45:00-03:00,1.55,1.55,0.0
86500000,2026-09-20T02:00:00-03:00,1.72,1.7169999999999999,0.0030000000000001137
86500000,2026-09-20T02:15:00-03:00,1.79,1.787,0.0030000000000001137
86500000,2026-09-20T02:30:00-03:00,1.81,1.8090000000000002,0.0009999999999998899
86500000,2026-09-20T02:45:00-03:00,1.82,1.819,0.001000000000000112
86500000,2026-09-20T03:00:00-03:00,1.82,1.824,0.0040000000000000036
86500000,2026-09-20T03:15:00-03:00,1.83,1.827,0.0030000000000001137
86500000,2026-09-20T03:30:00-03:00,1.83,1.828,0.0020000000000000018
86500000,2026-09-20T03:45:00-03:00,1.82,1.8219999999999998,0.0019999999999997797
86500000,2026-09-20T04:00:00-03:00,1.82,1.821,0.0009999999999998899
86500000,2026-09-20T04:15:00-03:00,1.82,1.8219999999999998,0.0019999999999997797
86500000,2026-09-20T04:30:00-03:00,1.82,1.825,0.004999999999999893
86500000,2026-09-20T04:45:00-03:00,1.83,1.828,0.0020000000000000018
86500000,2026-09-20T05:00:00-03:00,1.83,1.828,0.0020000000000000018
86500000,2026-09-20T05:15:00-03:00,1.84,1.8359999999999999,0.004000000000000226
86500000,2026-09-20T05:30:00-03:00,1.98,1.984,0.0040000000000000036
86500000,2026-09-20T05:45:00-03:00,2.05,2.05,0.0
86500000,2026-09-20T06:00:00-03:00,2.06,2.063,0.0030000000000001137
86500000,2026-09-20T06:15:00-03:00,2.06,2.061,0.0009999999999998899
86500000,2026-09-20T06:30:00-03:00,2.06,2.0580000000000003,0.0019999999999997797
86500000,2026-09-20T06:45:00-03:00,2.06,2.059,0.0009999999999998899
86500000,2026-09-20T07:00:00-03:00,2.07,2.066,0.0040000000000000036
86500000,2026-09-20T07:15:00-03:00,2.09,2.094,0.0040000000000000036
86500000,2026-09-20T07:30:00-03:00,2.1,2.102,0.0019999999999997797
86500000,2026-09-20T07:45:00-03:00,2.1,2.099,0.0009999999999998899
86500000,2026-09-20T08:00:00-03:00,2.1,2.0980000000000003,0.0019999999999997797
86500000,2026-09-20T08:15:00-03:00,2.1,2.102,0.0019999999999997797
86500000,2026-09-20T08:30:00-03:00,2.11,2.106,0.0040000000000000036
86500000,2026-09-20T08:45:00-03:00,2.1,2.105,0.004999999999999893
86500000,2026-09-20T09:00:00-03:00,2.11,2.11,0.0
86500000,2026-09-20T09:15:00-03:00,2.11,2.108,0.0019999999999997797
86500000,2026-09-20T09:30:00-03:00,2.1,2.102,0.0019999999999997797
86500000,2026-09-20T09:45:00-03:00,2.1,2.095,0.004999999999999893
86500000,2026-09-20T10:00:00-03:00,2.1,2.104,0.0040000000000000036
86500000,2026-09-20T10:15:00-03:00,2.1,2.101,0.0009999999999998899
86500000,2026-09-20T10:30:00-03:00,2.11,2.1069999999999998,0.0030000000000001137
86500000,2026-09-20T10:45:00-03:00,2.11,2.1069999999999998,0.0030000000000001137
86500000,2026-09-20T11:00:00-03:00,2.1,2.104,0.0040000000000000036
86500000,2026-09-20T11:15:00-03:00,2.1,2.102,0.0019999999999997797
86500000,2026-09-20T11:30:00-03:00,2.07,2.074,0.0040000000000000036
86500000,2026-09-20T11:45:00-03:00,2.06,2.063,0.0030000000000001137
86500000,2026-09-20T12:00:00-03:00,2.06,2.062,0.0019999999999997797
86500000,2026-09-20T12:15:00-03:00,2.06,2.06,0.0
86500000,2026-09-20T12:30:00-03:00,2.06,2.06,0.0
86500000,2026-09-20T12:45:00-03:00,2.06,2.059,0.0009999999999998899
86500000,2026-09-20T13:00:00-03:00,2.05,2.053,0.0030000000000001137
86500000,2026-09-20T13:15:00-03:00,2.02,2.016,0.0040000000000000036
86500000,2026-09-20T13:30:00-03:00,1.87,1.8730000000000002,0.0030000000000001137
86500000,2026-09-20T13:45:00-03:00,1.8,1.7990000000000002,0.0009999999999998899
86500000,2026-09-20T14:00:00-03:00,1.77,1.7730000000000001,0.0030000000000001137
86500000,2026-09-20T14:15:00-03:00,1.76,1.765,0.004999999999999893
86500000,2026-09-20T14:30:00-03:00,1.76,1.7619999999999998,0.0019999999999997797
86500000,2026-09-20T14:45:00-03:00,1.76,1.756,0.0040000000000000036
86500000,2026-09-20T15:00:00-03:00,1.75,1.755,0.004999999999999893
86500000,2026-09-20T15:15:00-03:00,1.76,1.757,0.0030000000000001137
86500000,2026-09-20T15:30:00-03:00,1.76,1.757,0.0030000000000001137
86500000,2026-09-20T15:45:00-03:00,1.76,1.761,0.0009999999999998899
86500000,2026-09-20T16:00:00-03:00,1.75,1.7530000000000001,0.0030000000000001137
86500000,2026-09-20T16:15:00-03:00,1.75,1.75,0.0
86500000,2026-09-20T16:30:00-03:00,1.75,1.75,0.0
86500000,2026-09-20T16:45:00-03:00,1.75,1.749,0.0009999999999998899
86500000,2026-09-20T17:00:00-03:00,1.75,1.7530000000000001,0.0030000000000001137
86500000,2026-09-20T17:15:00-03:00,1.75,1.754,0.0040000000000000036
86500000,2026-09-20T17:30:00-03:00,1.75,1.751,0.0009999999999998899
86500000,2026-09-20T17:45:00-03:00,1.76,1.756,0.0040000000000000036
86500000,2026-09-20T18:00:00-03:00,1.75,1.754,0.0040000000000000036
86500000,2026-09-20T18:15:00-03:00,1.75,1.751,0.0009999999999998899
86500000,2026-09-20T18:30:00-03:00,1.75,1.754,0.0040000000000000036
86500000,2026-09-20T18:45:00-03:00,1.75,1.755,0.004999999999999893
86500000,2026-09-20T19:00:00-03:00,1.75,1.7519999999999998,0.0019999999999997797
86500000,2026-09-20T19:15:00-03:00,1.75,1.7469999999999999,0.0030000000000001137
86500000,2026-09-20T19:30:00-03:00,1.75,1.749,0.0009999999999998899
86500000,2026-09-20T19:45:00-03:00,1.75,1.746,0.0040000000000000036
86500000,2026-09-20T20:00:00-03:00,1.74,1.744,0.0040000000000000036
86500000,2026-09-20T20:15:00-03:00,1.74,1.7409999999999999,0.0009999999999998899
86500000,2026-09-20T20:30:00-03:00,1.75,1.745,0.004999999999999893
86500000,2026-09-20T20:45:00-03:00,1.75,1.7469999999999999,0.0030000000000001137
86500000,2026-09-20T21:00:00-03:00,1.75,1.7469999999999999,0.0030000000000001137
86500000,2026-09-20T21:15:00-03:00,1.75,1.746,0.0040000000000000036
86500000,2026-09-20T21:30:00-03:00,1.75,1.745,0.004999999999999893
86500000,2026-09-20T21:45:00-03:00,1.75,1.75,0.0
86500000,2026-09-20T22:00:00-03:00,1.75,1.75,0.0
86500000,2026-09-20T22:15:00-03:00,1.75,1.75,0.0
86500000,2026-09-20T22:30:00-03:00,1.74,1.74,0.0
86500000,2026-09-20T22:45:00-03:00,1.74,1.74,0.0
86500000,2026-09-20T23:00:00-03:00,1.75,1.75,0.0
86500000,2026-09-20T23:15:00-03:00,1.75,1.75,0.0
86500000,2026-09-20T23:30:00-03:00,1.75,1.75,0.0
86500000,2026-09-20T23:45:00-03:00,1.74,1.74,0.0
86500000,2026-09-21T00:00:00-03:00,1.74,1.74,0.0
86500000,2026-09-21T00:15:00-03:00,1.74,1.74,0.0
86500000,2026-09-21T00:30:00-03:00,1.74,1.74,0.0
86500000,2026-09-21T00:45:00-03:00,1.75,1.745,0.004999999999999893
86500000,2026-09-21T01:00:00-03:00,1.75,1.7469999999999999,0.0030000000000001137
86500000,2026-09-21T01:15:00-03:00,1.75,1.7469999999999999,0.0030000000000001137
86500000,2026-09-21T01:30:00-03:00,1.74,1.742,0.0020000000000000018
86500000,2026-09-21T01:45:00-03:00,1.74,1.74,0.0
86500000,2026-09-21T02:00:00-03:00,1.75,1.745,0.004999999999999893
86500000,2026-09-21T02:15:00-03:00,1.75,1.7469999999999999,0.0030000000000001137
86500000,2026-09-21T02:30:00-03:00,1.74,1.744,0.0040000000000000036
86500000,2026-09-21T02:45:00-03:00,1.74,1.743,0.0030000000000001137
86500000,2026-09-21T03:00:00-03:00,1.74,1.744,0.0040000000000000036
86500000,2026-09-21T03:15:00-03:00,1.74,1.739,0.0009999999999998899
86500000,2026-09-21T03:30:00-03:00,1.75,1.745,0.004999999999999893
86500000,2026-09-21T03:45:00-03:00,1.75,1.7480000000000002,0.0019999999999997797
86500000,2026-09-21T04:00:00-03:00,1.75,1.7469999999999999,0.0030000000000001137
86500000,2026-09-21T04:15:00-03:00,1.75,1.7469999999999999,0.0030000000000001137
86500000,2026-09-21T04:30:00-03:00,1.75,1.749,0.0009999999999998899
86500000,2026-09-21T04:45:00-03:00,1.75,1.751,0.0009999999999998899
86500000,2026-09-21T05:00:00-03:00,1.75,1.7519999999999998,0.0019999999999997797
86500000,2026-09-21T05:15:00-03:00,1.75,1.755,0.004999999999999893
86500000,2026-09-21T05:30:00-03:00,1.75,1.7530000000000001,0.0030000000000001137
86500000,2026-09-21T05:45:00-03:00,1.75,1.7530000000000001,0.0030000000000001137
86500000,2026-09-21T06:00:00-03:00,1.75,1.751,0.0009999999999998899
86500000,2026-09-21T06:15:00-03:00,1.86,1.8619999999999999,0.0019999999999997797
86500000,2026-09-21T06:30:00-03:00,1.99,1.985,0.004999999999999893
86500000,2026-09-21T06:45:00-03:00,2.01,2.01,0.0
86500000,2026-09-21T07:00:00-03:00,2.01,2.006,0.0040000000000000036
86500000,2026-09-21T07:15:00-03:00,2.01,2.0140000000000002,0.004000000000000448
86500000,2026-09-21T07:30:00-03:00,2.06,2.055,0.004999999999999893
86500000,2026-09-21T07:45:00-03:00,2.07,2.073,0.0030000000000001137
86500000,2026-09-21T08:00:00-03:00,2.08,2.079,0.0009999999999998899
86500000,2026-09-21T08:15:00-03:00,2.08,2.081,0.0009999999999998899
86500000,2026-09-21T08:30:00-03:00,2.1,2.101,0.0009999999999998899
86500000,2026-09-21T08:45:00-03:00,2.12,2.119,0.0009999999999998899
86500000,2026-09-21T09:00:00-03:00,2.13,2.1319999999999997,0.0019999999999997797
86500000,2026-09-21T09:15:00-03:00,2.2,2.197,0.0030000000000001137
86500000,2026-09-21T09:30:00-03:00,2.26,2.26,0.0
86500000,2026-09-21T09:45:00-03:00,2.3,2.3040000000000003,0.004000000000000448
86500000,2026-09-21T10:00:00-03:00,2.42,2.425,0.004999999999999893
86500000,2026-09-21T10:15:00-03:00,2.59,2.5869999999999997,0.0030000000000001137
86500000,2026-09-21T10:30:00-03:00,2.76,2.761,0.001000000000000334
86500000,2026-09-21T10:45:00-03:00,2.91,2.907,0.0030000000000001137
86500000,2026-09-21T11:00:00-03:00,2.99,2.991,0.0009999999999998899
86500000,2026-09-21T11:15:00-03:00,3.08,3.0789999999999997,0.001000000000000334
86500000,2026-09-21T11:30:00-03:00,3.34,3.341,0.001000000000000334
86500000,2026-09-21T11:45:00-03:00,3.63,3.6319999999999997,0.0019999999999997797
86500000,2026-09-21T12:00:00-03:00,3.83,3.835,0.004999999999999893
86500000,2026-09-21T12:15:00-03:00,3.93,3.9330000000000003,0.0030000000000001137
86500000,2026-09-21T12:30:00-03:00,3.94,3.944,0.0040000000000000036
