year,origin,query,source_time,age_seconds,raw_level,qc,base_finite,source_file,source_record_index
2021,2021-05-01T00:00:00-03:00,2021-04-30T23:45:00-03:00,2021-04-30 23:45:00,0.0,81.00,Dado aprovado,True,outputs/pesquisa-cobertura-reserva-2021-20260922/raw/ana-86510000-2021-04-28--2021-04-30.xml,1
2021,2021-05-01T01:00:00-03:00,2021-05-01T00:45:00-03:00,2021-05-01 00:45:00,0.0,81.00,Dado aprovado,True,outputs/pesquisa-cobertura-reserva-2021-20260922/raw/ana-86510000-2021-05-01--2021-05-31.xml,2973
2021,2021-05-01T02:00:00-03:00,2021-05-01T01:45:00-03:00,2021-05-01 01:45:00,0.0,81.00,Dado aprovado,True,outputs/pesquisa-cobertura-reserva-2021-20260922/raw/ana-86510000-2021-05-01--2021-05-31.xml,2969
2021,2021-05-01T03:00:00-03:00,2021-05-01T02:45:00-03:00,2021-05-01 02:45:00,0.0,81.00,Dado aprovado,True,outputs/pesquisa-cobertura-reserva-2021-20260922/raw/ana-86510000-2021-05-01--2021-05-31.xml,2965
2021,2021-05-01T04:00:00-03:00,2021-05-01T03:45:00-03:00,2021-05-01 03:45:00,0.0,81.00,Dado aprovado,True,outputs/pesquisa-cobertura-reserva-2021-20260922/raw/ana-86510000-2021-05-01--2021-05-31.xml,2961
2021,2021-05-01T05:00:00-03:00,2021-05-01T04:45:00-03:00,2021-05-01 04:45:00,0.0,81.00,Dado aprovado,True,outputs/pesquisa-cobertura-reserva-2021-20260922/raw/ana-86510000-2021-05-01--2021-05-31.xml,2957
2021,2021-05-01T06:00:00-03:00,2021-05-01T05:45:00-03:00,2021-05-01 05:45:00,0.0,81.00,Dado aprovado,True,outputs/pesquisa-cobertura-reserva-2021-20260922/raw/ana-86510000-2021-05-01--2021-05-31.xml,2953
2021,2021-05-01T07:00:00-03:00,2021-05-01T06:45:00-03:00,2021-05-01 06:45:00,0.0,81.00,Dado aprovado,True,outputs/pesquisa-cobertura-reserva-2021-20260922/raw/ana-86510000-2021-05-01--2021-05-31.xml,2949
2021,2021-05-01T08:00:00-03:00,2021-05-01T07:45:00-03:00,2021-05-01 07:45:00,0.0,81.00,Dado aprovado,True,outputs/pesquisa-cobertura-reserva-2021-20260922/raw/ana-86510000-2021-05-01--2021-05-31.xml,2945
2021,2021-05-01T09:00:00-03:00,2021-05-01T08:45:00-03:00,2021-05-01 08:45:00,0.0,81.00,Dado aprovado,True,outputs/pesquisa-cobertura-reserva-2021-20260922/raw/ana-86510000-2021-05-01--2021-05-31.xml,2941
2021,2021-05-01T10:00:00-03:00,2021-05-01T09:45:00-03:00,2021-05-01 09:45:00,0.0,81.00,Dado aprovado,True,outputs/pesquisa-cobertura-reserva-2021-20260922/raw/ana-86510000-2021-05-01--2021-05-31.xml,2937
2021,2021-05-01T11:00:00-03:00,2021-05-01T10:45:00-03:00,2021-05-01 10:45:00,0.0,81.00,Dado aprovado,True,outputs/pesquisa-cobertura-reserva-2021-20260922/raw/ana-86510000-2021-05-01--2021-05-31.xml,2933
2021,2021-05-01T12:00:00-03:00,2021-05-01T11:45:00-03:00,2021-05-01 11:45:00,0.0,81.00,Dado aprovado,True,outputs/pesquisa-cobertura-reserva-2021-20260922/raw/ana-86510000-2021-05-01--2021-05-31.xml,2929
2021,2021-05-01T13:00:00-03:00,2021-05-01T12:45:00-03:00,2021-05-01 12:45:00,0.0,81.00,Dado aprovado,True,outputs/pesquisa-cobertura-reserva-2021-20260922/raw/ana-86510000-2021-05-01--2021-05-31.xml,2925
2021,2021-05-01T14:00:00-03:00,2021-05-01T13:45:00-03:00,2021-05-01 13:45:00,0.0,81.00,Dado aprovado,True,outputs/pesquisa-cobertura-reserva-2021-20260922/raw/ana-86510000-2021-05-01--2021-05-31.xml,2921
2021,2021-05-01T15:00:00-03:00,2021-05-01T14:45:00-03:00,2021-05-01 14:45:00,0.0,81.00,Dado aprovado,True,outputs/pesquisa-cobertura-reserva-2021-20260922/raw/ana-86510000-2021-05-01--2021-05-31.xml,2917
2021,2021-05-01T16:00:00-03:00,2021-05-01T15:45:00-03:00,2021-05-01 15:45:00,0.0,81.00,Dado aprovado,True,outputs/pesquisa-cobertura-reserva-2021-20260922/raw/ana-86510000-2021-05-01--2021-05-31.xml,2913
2021,2021-05-01T17:00:00-03:00,2021-05-01T16:45:00-03:00,2021-05-01 16:45:00,0.0,81.00,Dado aprovado,True,outputs/pesquisa-cobertura-reserva-2021-20260922/raw/ana-86510000-2021-05-01--2021-05-31.xml,2909
2021,2021-05-01T18:00:00-03:00,2021-05-01T17:45:00-03:00,2021-05-01 17:45:00,0.0,81.00,Dado aprovado,True,outputs/pesquisa-cobertura-reserva-2021-20260922/raw/ana-86510000-2021-05-01--2021-05-31.xml,2905
2021,2021-05-01T19:00:00-03:00,2021-05-01T18:45:00-03:00,2021-05-01 18:45:00,0.0,81.00,Dado aprovado,True,outputs/pesquisa-cobertura-reserva-2021-20260922/raw/ana-86510000-2021-05-01--2021-05-31.xml,2901
2021,2021-05-01T20:00:00-03:00,2021-05-01T19:45:00-03:00,2021-05-01 19:45:00,0.0,81.00,Dado aprovado,True,outputs/pesquisa-cobertura-reserva-2021-20260922/raw/ana-86510000-2021-05-01--2021-05-31.xml,2897
2021,2021-05-01T21:00:00-03:00,2021-05-01T20:45:00-03:00,2021-05-01 20:45:00,0.0,81.00,Dado aprovado,True,outputs/pesquisa-cobertura-reserva-2021-20260922/raw/ana-86510000-2021-05-01--2021-05-31.xml,2893
2021,2021-05-01T22:00:00-03:00,2021-05-01T21:45:00-03:00,2021-05-01 21:45:00,0.0,81.00,Dado aprovado,True,outputs/pesquisa-cobertura-reserva-2021-20260922/raw/ana-86510000-2021-05-01--2021-05-31.xml,2889
2021,2021-05-01T23:00:00-03:00,2021-05-01T22:45:00-03:00,2021-05-01 22:45:00,0.0,81.00,Dado aprovado,True,outputs/pesquisa-cobertura-reserva-2021-20260922/raw/ana-86510000-2021-05-01--2021-05-31.xml,2885
2021,2021-05-02T00:00:00-03:00,2021-05-01T23:45:00-03:00,2021-05-01 23:45:00,0.0,81.00,Dado aprovado,True,outputs/pesquisa-cobertura-reserva-2021-20260922/raw/ana-86510000-2021-05-01--2021-05-31.xml,2881
2021,2021-05-02T01:00:00-03:00,2021-05-02T00:45:00-03:00,2021-05-02 00:45:00,0.0,81.00,Dado aprovado,True,outputs/pesquisa-cobertura-reserva-2021-20260922/raw/ana-86510000-2021-05-01--2021-05-31.xml,2877
2021,2021-05-02T02:00:00-03:00,2021-05-02T01:45:00-03:00,2021-05-02 01:45:00,0.0,81.00,Dado aprovado,True,outputs/pesquisa-cobertura-reserva-2021-20260922/raw/ana-86510000-2021-05-01--2021-05-31.xml,2873
2021,2021-05-02T03:00:00-03:00,2021-05-02T02:45:00-03:00,2021-05-02 02:45:00,0.0,81.00,Dado aprovado,True,outputs/pesquisa-cobertura-reserva-2021-20260922/raw/ana-86510000-2021-05-01--2021-05-31.xml,2869
2021,2021-05-02T04:00:00-03:00,2021-05-02T03:45:00-03:00,2021-05-02 03:45:00,0.0,81.00,Dado aprovado,True,outputs/pesquisa-cobertura-reserva-2021-20260922/raw/ana-86510000-2021-05-01--2021-05-31.xml,2865
2021,2021-05-02T05:00:00-03:00,2021-05-02T04:45:00-03:00,2021-05-02 04:45:00,0.0,81.00,Dado aprovado,True,outputs/pesquisa-cobertura-reserva-2021-20260922/raw/ana-86510000-2021-05-01--2021-05-31.xml,2861
2021,2021-05-02T06:00:00-03:00,2021-05-02T05:45:00-03:00,2021-05-02 05:45:00,0.0,81.00,Dado aprovado,True,outputs/pesquisa-cobertura-reserva-2021-20260922/raw/ana-86510000-2021-05-01--2021-05-31.xml,2857
2021,2021-05-02T07:00:00-03:00,2021-05-02T06:45:00-03:00,2021-05-02 06:45:00,0.0,81.00,Dado aprovado,True,outputs/pesquisa-cobertura-reserva-2021-20260922/raw/ana-86510000-2021-05-01--2021-05-31.xml,2853
2021,2021-05-02T08:00:00-03:00,2021-05-02T07:45:00-03:00,2021-05-02 07:45:00,0.0,81.00,Dado aprovado,True,outputs/pesquisa-cobertura-reserva-2021-20260922/raw/ana-86510000-2021-05-01--2021-05-31.xml,2849
2021,2021-05-02T09:00:00-03:00,2021-05-02T08:45:00-03:00,2021-05-02 08:45:00,0.0,81.00,Dado aprovado,True,outputs/pesquisa-cobertura-reserva-2021-20260922/raw/ana-86510000-2021-05-01--2021-05-31.xml,2845
2021,2021-05-02T10:00:00-03:00,2021-05-02T09:45:00-03:00,2021-05-02 09:45:00,0.0,81.00,Dado aprovado,True,outputs/pesquisa-cobertura-reserva-2021-20260922/raw/ana-86510000-2021-05-01--2021-05-31.xml,2841
2021,2021-05-02T11:00:00-03:00,2021-05-02T10:45:00-03:00,2021-05-02 10:45:00,0.0,81.00,Dado aprovado,True,outputs/pesquisa-cobertura-reserva-2021-20260922/raw/ana-86510000-2021-05-01--2021-05-31.xml,2837
2021,2021-05-02T12:00:00-03:00,2021-05-02T11:45:00-03:00,2021-05-02 11:45:00,0.0,81.00,Dado aprovado,True,outputs/pesquisa-cobertura-reserva-2021-20260922/raw/ana-86510000-2021-05-01--2021-05-31.xml,2833
2021,2021-05-02T13:00:00-03:00,2021-05-02T12:45:00-03:00,2021-05-02 12:45:00,0.0,81.00,Dado aprovado,True,outputs/pesquisa-cobertura-reserva-2021-20260922/raw/ana-86510000-2021-05-01--2021-05-31.xml,2829
2021,2021-05-02T14:00:00-03:00,2021-05-02T13:45:00-03:00,2021-05-02 13:45:00,0.0,81.00,Dado aprovado,True,outputs/pesquisa-cobertura-reserva-2021-20260922/raw/ana-86510000-2021-05-01--2021-05-31.xml,2825
2021,2021-05-02T15:00:00-03:00,2021-05-02T14:45:00-03:00,2021-05-02 14:45:00,0.0,81.00,Dado aprovado,True,outputs/pesquisa-cobertura-reserva-2021-20260922/raw/ana-86510000-2021-05-01--2021-05-31.xml,2821
2021,2021-05-02T16:00:00-03:00,2021-05-02T15:45:00-03:00,2021-05-02 15:45:00,0.0,81.00,Dado aprovado,True,outputs/pesquisa-cobertura-reserva-2021-20260922/raw/ana-86510000-2021-05-01--2021-05-31.xml,2817
2021,2021-05-02T17:00:00-03:00,2021-05-02T16:45:00-03:00,2021-05-02 16:45:00,0.0,81.00,Dado aprovado,True,outputs/pesquisa-cobertura-reserva-2021-20260922/raw/ana-86510000-2021-05-01--2021-05-31.xml,2813
2021,2021-05-02T18:00:00-03:00,2021-05-02T17:45:00-03:00,2021-05-02 17:45:00,0.0,81.00,Dado aprovado,True,outputs/pesquisa-cobertura-reserva-2021-20260922/raw/ana-86510000-2021-05-01--2021-05-31.xml,2809
2021,2021-05-02T19:00:00-03:00,2021-05-02T18:45:00-03:00,2021-05-02 18:45:00,0.0,81.00,Dado aprovado,True,outputs/pesquisa-cobertura-reserva-2021-20260922/raw/ana-86510000-2021-05-01--2021-05-31.xml,2805
2021,2021-05-02T20:00:00-03:00,2021-05-02T19:45:00-03:00,2021-05-02 19:45:00,0.0,81.00,Dado aprovado,True,outputs/pesquisa-cobertura-reserva-2021-20260922/raw/ana-86510000-2021-05-01--2021-05-31.xml,2801
2021,2021-05-02T21:00:00-03:00,2021-05-02T20:45:00-03:00,2021-05-02 20:45:00,0.0,81.00,Dado aprovado,True,outputs/pesquisa-cobertura-reserva-2021-20260922/raw/ana-86510000-2021-05-01--2021-05-31.xml,2797
2021,2021-05-02T22:00:00-03:00,2021-05-02T21:45:00-03:00,2021-05-02 21:45:00,0.0,81.00,Dado aprovado,True,outputs/pesquisa-cobertura-reserva-2021-20260922/raw/ana-86510000-2021-05-01--2021-05-31.xml,2793
2021,2021-05-02T23:00:00-03:00,2021-05-02T22:45:00-03:00,2021-05-02 22:45:00,0.0,81.00,Dado aprovado,True,outputs/pesquisa-cobertura-reserva-2021-20260922/raw/ana-86510000-2021-05-01--2021-05-31.xml,2789
2021,2021-05-03T00:00:00-03:00,2021-05-02T23:45:00-03:00,2021-05-02 23:45:00,0.0,81.00,Dado aprovado,True,outputs/pesquisa-cobertura-reserva-2021-20260922/raw/ana-86510000-2021-05-01--2021-05-31.xml,2785
2021,2021-05-03T01:00:00-03:00,2021-05-03T00:45:00-03:00,2021-05-03 00:45:00,0.0,81.00,Dado aprovado,True,outputs/pesquisa-cobertura-reserva-2021-20260922/raw/ana-86510000-2021-05-01--2021-05-31.xml,2781
2021,2021-05-03T02:00:00-03:00,2021-05-03T01:45:00-03:00,2021-05-03 01:45:00,0.0,81.00,Dado aprovado,True,outputs/pesquisa-cobertura-reserva-2021-20260922/raw/ana-86510000-2021-05-01--2021-05-31.xml,2777
2021,2021-05-03T03:00:00-03:00,2021-05-03T02:45:00-03:00,2021-05-03 02:45:00,0.0,81.00,Dado aprovado,True,outputs/pesquisa-cobertura-reserva-2021-20260922/raw/ana-86510000-2021-05-01--2021-05-31.xml,2773
2021,2021-05-03T04:00:00-03:00,2021-05-03T03:45:00-03:00,2021-05-03 03:45:00,0.0,81.00,Dado aprovado,True,outputs/pesquisa-cobertura-reserva-2021-20260922/raw/ana-86510000-2021-05-01--2021-05-31.xml,2769
2021,2021-05-03T05:00:00-03:00,2021-05-03T04:45:00-03:00,2021-05-03 04:45:00,0.0,81.00,Dado aprovado,True,outputs/pesquisa-cobertura-reserva-2021-20260922/raw/ana-86510000-2021-05-01--2021-05-31.xml,2765
2021,2021-05-03T06:00:00-03:00,2021-05-03T05:45:00-03:00,2021-05-03 05:45:00,0.0,81.00,Dado aprovado,True,outputs/pesquisa-cobertura-reserva-2021-20260922/raw/ana-86510000-2021-05-01--2021-05-31.xml,2761
2021,2021-05-03T07:00:00-03:00,2021-05-03T06:45:00-03:00,2021-05-03 06:45:00,0.0,81.00,Dado aprovado,True,outputs/pesquisa-cobertura-reserva-2021-20260922/raw/ana-86510000-2021-05-01--2021-05-31.xml,2757
2021,2021-05-03T08:00:00-03:00,2021-05-03T07:45:00-03:00,2021-05-03 07:45:00,0.0,81.00,Dado aprovado,True,outputs/pesquisa-cobertura-reserva-2021-20260922/raw/ana-86510000-2021-05-01--2021-05-31.xml,2753
2021,2021-05-03T09:00:00-03:00,2021-05-03T08:45:00-03:00,2021-05-03 08:45:00,0.0,81.00,Dado aprovado,True,outputs/pesquisa-cobertura-reserva-2021-20260922/raw/ana-86510000-2021-05-01--2021-05-31.xml,2749
2021,2021-05-03T10:00:00-03:00,2021-05-03T09:45:00-03:00,2021-05-03 09:45:00,0.0,80.00,Dado aprovado,True,outputs/pesquisa-cobertura-reserva-2021-20260922/raw/ana-86510000-2021-05-01--2021-05-31.xml,2745
2021,2021-05-03T11:00:00-03:00,2021-05-03T10:45:00-03:00,2021-05-03 10:45:00,0.0,80.00,Dado aprovado,True,outputs/pesquisa-cobertura-reserva-2021-20260922/raw/ana-86510000-2021-05-01--2021-05-31.xml,2741
2021,2021-05-03T12:00:00-03:00,2021-05-03T11:45:00-03:00,2021-05-03 11:45:00,0.0,80.00,Dado aprovado,True,outputs/pesquisa-cobertura-reserva-2021-20260922/raw/ana-86510000-2021-05-01--2021-05-31.xml,2737
2021,2021-05-03T13:00:00-03:00,2021-05-03T12:45:00-03:00,2021-05-03 12:45:00,0.0,80.00,Dado aprovado,True,outputs/pesquisa-cobertura-reserva-2021-20260922/raw/ana-86510000-2021-05-01--2021-05-31.xml,2733
2021,2021-05-03T14:00:00-03:00,2021-05-03T13:45:00-03:00,2021-05-03 13:45:00,0.0,81.00,Dado aprovado,True,outputs/pesquisa-cobertura-reserva-2021-20260922/raw/ana-86510000-2021-05-01--2021-05-31.xml,2729
2021,2021-05-03T15:00:00-03:00,2021-05-03T14:45:00-03:00,2021-05-03 14:45:00,0.0,80.00,Dado aprovado,True,outputs/pesquisa-cobertura-reserva-2021-20260922/raw/ana-86510000-2021-05-01--2021-05-31.xml,2725
2021,2021-05-03T16:00:00-03:00,2021-05-03T15:45:00-03:00,2021-05-03 15:45:00,0.0,80.00,Dado aprovado,True,outputs/pesquisa-cobertura-reserva-2021-20260922/raw/ana-86510000-2021-05-01--2021-05-31.xml,2721
2021,2021-05-03T17:00:00-03:00,2021-05-03T16:45:00-03:00,2021-05-03 16:45:00,0.0,80.00,Dado aprovado,True,outputs/pesquisa-cobertura-reserva-2021-20260922/raw/ana-86510000-2021-05-01--2021-05-31.xml,2717
2021,2021-05-03T18:00:00-03:00,2021-05-03T17:45:00-03:00,2021-05-03 17:45:00,0.0,80.00,Dado aprovado,True,outputs/pesquisa-cobertura-reserva-2021-20260922/raw/ana-86510000-2021-05-01--2021-05-31.xml,2713
2021,2021-05-03T19:00:00-03:00,2021-05-03T18:45:00-03:00,2021-05-03 18:45:00,0.0,80.00,Dado aprovado,True,outputs/pesquisa-cobertura-reserva-2021-20260922/raw/ana-86510000-2021-05-01--2021-05-31.xml,2709
2021,2021-05-03T20:00:00-03:00,2021-05-03T19:45:00-03:00,2021-05-03 19:45:00,0.0,80.00,Dado aprovado,True,outputs/pesquisa-cobertura-reserva-2021-20260922/raw/ana-86510000-2021-05-01--2021-05-31.xml,2705
2021,2021-05-03T21:00:00-03:00,2021-05-03T20:45:00-03:00,2021-05-03 20:45:00,0.0,80.00,Dado aprovado,True,outputs/pesquisa-cobertura-reserva-2021-20260922/raw/ana-86510000-2021-05-01--2021-05-31.xml,2701
2021,2021-05-03T22:00:00-03:00,2021-05-03T21:45:00-03:00,2021-05-03 21:45:00,0.0,80.00,Dado aprovado,True,outputs/pesquisa-cobertura-reserva-2021-20260922/raw/ana-86510000-2021-05-01--2021-05-31.xml,2697
2021,2021-05-03T23:00:00-03:00,2021-05-03T22:45:00-03:00,2021-05-03 22:45:00,0.0,80.00,Dado aprovado,True,outputs/pesquisa-cobertura-reserva-2021-20260922/raw/ana-86510000-2021-05-01--2021-05-31.xml,2693
2021,2021-05-04T00:00:00-03:00,2021-05-03T23:45:00-03:00,2021-05-03 23:45:00,0.0,80.00,Dado aprovado,True,outputs/pesquisa-cobertura-reserva-2021-20260922/raw/ana-86510000-2021-05-01--2021-05-31.xml,2689
2021,2021-05-04T01:00:00-03:00,2021-05-04T00:45:00-03:00,2021-05-04 00:45:00,0.0,80.00,Dado aprovado,True,outputs/pesquisa-cobertura-reserva-2021-20260922/raw/ana-86510000-2021-05-01--2021-05-31.xml,2685
2021,2021-05-04T02:00:00-03:00,2021-05-04T01:45:00-03:00,2021-05-04 01:45:00,0.0,80.00,Dado aprovado,True,outputs/pesquisa-cobertura-reserva-2021-20260922/raw/ana-86510000-2021-05-01--2021-05-31.xml,2681
2021,2021-05-04T03:00:00-03:00,2021-05-04T02:45:00-03:00,2021-05-04 02:45:00,0.0,80.00,Dado aprovado,True,outputs/pesquisa-cobertura-reserva-2021-20260922/raw/ana-86510000-2021-05-01--2021-05-31.xml,2677
2021,2021-05-04T04:00:00-03:00,2021-05-04T03:45:00-03:00,2021-05-04 03:45:00,0.0,80.00,Dado aprovado,True,outputs/pesquisa-cobertura-reserva-2021-20260922/raw/ana-86510000-2021-05-01--2021-05-31.xml,2673
2021,2021-05-04T05:00:00-03:00,2021-05-04T04:45:00-03:00,2021-05-04 04:45:00,0.0,80.00,Dado aprovado,True,outputs/pesquisa-cobertura-reserva-2021-20260922/raw/ana-86510000-2021-05-01--2021-05-31.xml,2669
2021,2021-05-04T06:00:00-03:00,2021-05-04T05:45:00-03:00,2021-05-04 05:45:00,0.0,80.00,Dado aprovado,True,outputs/pesquisa-cobertura-reserva-2021-20260922/raw/ana-86510000-2021-05-01--2021-05-31.xml,2665
2021,2021-05-04T07:00:00-03:00,2021-05-04T06:45:00-03:00,2021-05-04 06:45:00,0.0,80.00,Dado aprovado,True,outputs/pesquisa-cobertura-reserva-2021-20260922/raw/ana-86510000-2021-05-01--2021-05-31.xml,2661
2021,2021-05-04T08:00:00-03:00,2021-05-04T07:45:00-03:00,2021-05-04 07:45:00,0.0,80.00,Dado aprovado,True,outputs/pesquisa-cobertura-reserva-2021-20260922/raw/ana-86510000-2021-05-01--2021-05-31.xml,2657
2021,2021-05-04T09:00:00-03:00,2021-05-04T08:45:00-03:00,2021-05-04 08:45:00,0.0,80.00,Dado aprovado,True,outputs/pesquisa-cobertura-reserva-2021-20260922/raw/ana-86510000-2021-05-01--2021-05-31.xml,2653
2021,2021-05-04T10:00:00-03:00,2021-05-04T09:45:00-03:00,2021-05-04 09:45:00,0.0,80.00,Dado aprovado,True,outputs/pesquisa-cobertura-reserva-2021-20260922/raw/ana-86510000-2021-05-01--2021-05-31.xml,2649
2021,2021-05-04T11:00:00-03:00,2021-05-04T10:45:00-03:00,2021-05-04 10:45:00,0.0,79.00,Dado aprovado,True,outputs/pesquisa-cobertura-reserva-2021-20260922/raw/ana-86510000-2021-05-01--2021-05-31.xml,2645
2021,2021-05-04T12:00:00-03:00,2021-05-04T11:45:00-03:00,2021-05-04 11:45:00,0.0,79.00,Dado aprovado,True,outputs/pesquisa-cobertura-reserva-2021-20260922/raw/ana-86510000-2021-05-01--2021-05-31.xml,2641
2021,2021-05-04T13:00:00-03:00,2021-05-04T12:45:00-03:00,2021-05-04 12:45:00,0.0,78.00,Dado aprovado,True,outputs/pesquisa-cobertura-reserva-2021-20260922/raw/ana-86510000-2021-05-01--2021-05-31.xml,2637
2021,2021-05-04T14:00:00-03:00,2021-05-04T13:45:00-03:00,2021-05-04 13:45:00,0.0,78.00,Dado aprovado,True,outputs/pesquisa-cobertura-reserva-2021-20260922/raw/ana-86510000-2021-05-01--2021-05-31.xml,2633
2021,2021-05-04T15:00:00-03:00,2021-05-04T14:45:00-03:00,2021-05-04 14:45:00,0.0,77.00,Dado aprovado,True,outputs/pesquisa-cobertura-reserva-2021-20260922/raw/ana-86510000-2021-05-01--2021-05-31.xml,2629
2021,2021-05-04T16:00:00-03:00,2021-05-04T15:45:00-03:00,2021-05-04 15:45:00,0.0,77.00,Dado aprovado,True,outputs/pesquisa-cobertura-reserva-2021-20260922/raw/ana-86510000-2021-05-01--2021-05-31.xml,2625
2021,2021-05-04T17:00:00-03:00,2021-05-04T16:45:00-03:00,2021-05-04 16:45:00,0.0,77.00,Dado aprovado,True,outputs/pesquisa-cobertura-reserva-2021-20260922/raw/ana-86510000-2021-05-01--2021-05-31.xml,2621
2021,2021-05-04T18:00:00-03:00,2021-05-04T17:45:00-03:00,2021-05-04 17:45:00,0.0,76.00,Dado aprovado,True,outputs/pesquisa-cobertura-reserva-2021-20260922/raw/ana-86510000-2021-05-01--2021-05-31.xml,2617
2021,2021-05-04T19:00:00-03:00,2021-05-04T18:45:00-03:00,2021-05-04 18:45:00,0.0,76.00,Dado aprovado,True,outputs/pesquisa-cobertura-reserva-2021-20260922/raw/ana-86510000-2021-05-01--2021-05-31.xml,2613
2021,2021-05-04T20:00:00-03:00,2021-05-04T19:45:00-03:00,2021-05-04 19:45:00,0.0,76.00,Dado aprovado,True,outputs/pesquisa-cobertura-reserva-2021-20260922/raw/ana-86510000-2021-05-01--2021-05-31.xml,2609
2021,2021-05-04T21:00:00-03:00,2021-05-04T20:45:00-03:00,2021-05-04 20:45:00,0.0,76.00,Dado aprovado,True,outputs/pesquisa-cobertura-reserva-2021-20260922/raw/ana-86510000-2021-05-01--2021-05-31.xml,2605
2021,2021-05-04T22:00:00-03:00,2021-05-04T21:45:00-03:00,2021-05-04 21:45:00,0.0,76.00,Dado aprovado,True,outputs/pesquisa-cobertura-reserva-2021-20260922/raw/ana-86510000-2021-05-01--2021-05-31.xml,2601
2021,2021-05-04T23:00:00-03:00,2021-05-04T22:45:00-03:00,2021-05-04 22:45:00,0.0,76.00,Dado aprovado,True,outputs/pesquisa-cobertura-reserva-2021-20260922/raw/ana-86510000-2021-05-01--2021-05-31.xml,2597
2021,2021-05-05T00:00:00-03:00,2021-05-04T23:45:00-03:00,2021-05-04 23:45:00,0.0,76.00,Dado aprovado,True,outputs/pesquisa-cobertura-reserva-2021-20260922/raw/ana-86510000-2021-05-01--2021-05-31.xml,2593
2021,2021-05-05T01:00:00-03:00,2021-05-05T00:45:00-03:00,2021-05-05 00:45:00,0.0,76.00,Dado aprovado,True,outputs/pesquisa-cobertura-reserva-2021-20260922/raw/ana-86510000-2021-05-01--2021-05-31.xml,2589
2021,2021-05-05T02:00:00-03:00,2021-05-05T01:45:00-03:00,2021-05-05 01:45:00,0.0,77.00,Dado aprovado,True,outputs/pesquisa-cobertura-reserva-2021-20260922/raw/ana-86510000-2021-05-01--2021-05-31.xml,2585
2021,2021-05-05T03:00:00-03:00,2021-05-05T02:45:00-03:00,2021-05-05 02:45:00,0.0,77.00,Dado aprovado,True,outputs/pesquisa-cobertura-reserva-2021-20260922/raw/ana-86510000-2021-05-01--2021-05-31.xml,2581
2021,2021-05-05T04:00:00-03:00,2021-05-05T03:45:00-03:00,2021-05-05 03:45:00,0.0,77.00,Dado aprovado,True,outputs/pesquisa-cobertura-reserva-2021-20260922/raw/ana-86510000-2021-05-01--2021-05-31.xml,2577
2021,2021-05-05T05:00:00-03:00,2021-05-05T04:45:00-03:00,2021-05-05 04:45:00,0.0,77.00,Dado aprovado,True,outputs/pesquisa-cobertura-reserva-2021-20260922/raw/ana-86510000-2021-05-01--2021-05-31.xml,2573
2021,2021-05-05T06:00:00-03:00,2021-05-05T05:45:00-03:00,2021-05-05 05:45:00,0.0,77.00,Dado aprovado,True,outputs/pesquisa-cobertura-reserva-2021-20260922/raw/ana-86510000-2021-05-01--2021-05-31.xml,2569
2021,2021-05-05T07:00:00-03:00,2021-05-05T06:45:00-03:00,2021-05-05 06:45:00,0.0,77.00,Dado aprovado,True,outputs/pesquisa-cobertura-reserva-2021-20260922/raw/ana-86510000-2021-05-01--2021-05-31.xml,2565
2021,2021-05-05T08:00:00-03:00,2021-05-05T07:45:00-03:00,2021-05-05 07:45:00,0.0,78.00,Dado aprovado,True,outputs/pesquisa-cobertura-reserva-2021-20260922/raw/ana-86510000-2021-05-01--2021-05-31.xml,2561
2021,2021-05-05T09:00:00-03:00,2021-05-05T08:45:00-03:00,2021-05-05 08:45:00,0.0,78.00,Dado aprovado,True,outputs/pesquisa-cobertura-reserva-2021-20260922/raw/ana-86510000-2021-05-01--2021-05-31.xml,2557
2021,2021-05-05T10:00:00-03:00,2021-05-05T09:45:00-03:00,2021-05-05 09:45:00,0.0,79.00,Dado aprovado,True,outputs/pesquisa-cobertura-reserva-2021-20260922/raw/ana-86510000-2021-05-01--2021-05-31.xml,2553
2021,2021-05-05T11:00:00-03:00,2021-05-05T10:45:00-03:00,2021-05-05 10:45:00,0.0,80.00,Dado aprovado,True,outputs/pesquisa-cobertura-reserva-2021-20260922/raw/ana-86510000-2021-05-01--2021-05-31.xml,2549
2021,2021-05-05T12:00:00-03:00,2021-05-05T11:45:00-03:00,2021-05-05 11:45:00,0.0,81.00,Dado aprovado,True,outputs/pesquisa-cobertura-reserva-2021-20260922/raw/ana-86510000-2021-05-01--2021-05-31.xml,2545
2021,2021-05-05T13:00:00-03:00,2021-05-05T12:45:00-03:00,2021-05-05 12:45:00,0.0,81.00,Dado aprovado,True,outputs/pesquisa-cobertura-reserva-2021-20260922/raw/ana-86510000-2021-05-01--2021-05-31.xml,2541
2021,2021-05-05T14:00:00-03:00,2021-05-05T13:45:00-03:00,2021-05-05 13:45:00,0.0,83.00,Dado aprovado,True,outputs/pesquisa-cobertura-reserva-2021-20260922/raw/ana-86510000-2021-05-01--2021-05-31.xml,2537
2021,2021-05-05T15:00:00-03:00,2021-05-05T14:45:00-03:00,2021-05-05 14:45:00,0.0,83.00,Dado aprovado,True,outputs/pesquisa-cobertura-reserva-2021-20260922/raw/ana-86510000-2021-05-01--2021-05-31.xml,2533
2021,2021-05-05T16:00:00-03:00,2021-05-05T15:45:00-03:00,2021-05-05 15:45:00,0.0,83.00,Dado aprovado,True,outputs/pesquisa-cobertura-reserva-2021-20260922/raw/ana-86510000-2021-05-01--2021-05-31.xml,2529
2021,2021-05-05T17:00:00-03:00,2021-05-05T16:45:00-03:00,2021-05-05 16:45:00,0.0,84.00,Dado aprovado,True,outputs/pesquisa-cobertura-reserva-2021-20260922/raw/ana-86510000-2021-05-01--2021-05-31.xml,2525
2021,2021-05-05T18:00:00-03:00,2021-05-05T17:45:00-03:00,2021-05-05 17:45:00,0.0,84.00,Dado aprovado,True,outputs/pesquisa-cobertura-reserva-2021-20260922/raw/ana-86510000-2021-05-01--2021-05-31.xml,2521
2021,2021-05-05T19:00:00-03:00,2021-05-05T18:45:00-03:00,2021-05-05 18:45:00,0.0,84.00,Dado aprovado,True,outputs/pesquisa-cobertura-reserva-2021-20260922/raw/ana-86510000-2021-05-01--2021-05-31.xml,2517
2021,2021-05-05T20:00:00-03:00,2021-05-05T19:45:00-03:00,2021-05-05 19:45:00,0.0,84.00,Dado aprovado,True,outputs/pesquisa-cobertura-reserva-2021-20260922/raw/ana-86510000-2021-05-01--2021-05-31.xml,2513
2021,2021-05-05T21:00:00-03:00,2021-05-05T20:45:00-03:00,2021-05-05 20:45:00,0.0,84.00,Dado aprovado,True,outputs/pesquisa-cobertura-reserva-2021-20260922/raw/ana-86510000-2021-05-01--2021-05-31.xml,2509
2021,2021-05-05T22:00:00-03:00,2021-05-05T21:45:00-03:00,2021-05-05 21:45:00,0.0,84.00,Dado aprovado,True,outputs/pesquisa-cobertura-reserva-2021-20260922/raw/ana-86510000-2021-05-01--2021-05-31.xml,2505
2021,2021-05-05T23:00:00-03:00,2021-05-05T22:45:00-03:00,2021-05-05 22:45:00,0.0,84.00,Dado aprovado,True,outputs/pesquisa-cobertura-reserva-2021-20260922/raw/ana-86510000-2021-05-01--2021-05-31.xml,2501
2021,2021-05-06T00:00:00-03:00,2021-05-05T23:45:00-03:00,2021-05-05 23:45:00,0.0,85.00,Dado aprovado,True,outputs/pesquisa-cobertura-reserva-2021-20260922/raw/ana-86510000-2021-05-01--2021-05-31.xml,2497
2021,2021-05-06T01:00:00-03:00,2021-05-06T00:45:00-03:00,2021-05-06 00:45:00,0.0,86.00,Dado aprovado,True,outputs/pesquisa-cobertura-reserva-2021-20260922/raw/ana-86510000-2021-05-01--2021-05-31.xml,2493
2021,2021-05-06T02:00:00-03:00,2021-05-06T01:45:00-03:00,2021-05-06 01:45:00,0.0,88.00,Dado aprovado,True,outputs/pesquisa-cobertura-reserva-2021-20260922/raw/ana-86510000-2021-05-01--2021-05-31.xml,2489
2021,2021-05-06T03:00:00-03:00,2021-05-06T02:45:00-03:00,2021-05-06 02:45:00,0.0,90.00,Dado aprovado,True,outputs/pesquisa-cobertura-reserva-2021-20260922/raw/ana-86510000-2021-05-01--2021-05-31.xml,2485
2021,2021-05-06T04:00:00-03:00,2021-05-06T03:45:00-03:00,2021-05-06 03:45:00,0.0,92.00,Dado aprovado,True,outputs/pesquisa-cobertura-reserva-2021-20260922/raw/ana-86510000-2021-05-01--2021-05-31.xml,2481
2021,2021-05-06T05:00:00-03:00,2021-05-06T04:45:00-03:00,2021-05-06 04:45:00,0.0,92.00,Dado aprovado,True,outputs/pesquisa-cobertura-reserva-2021-20260922/raw/ana-86510000-2021-05-01--2021-05-31.xml,2477
2021,2021-05-06T06:00:00-03:00,2021-05-06T05:45:00-03:00,2021-05-06 05:45:00,0.0,91.00,Dado aprovado,True,outputs/pesquisa-cobertura-reserva-2021-20260922/raw/ana-86510000-2021-05-01--2021-05-31.xml,2473
2021,2021-05-06T07:00:00-03:00,2021-05-06T06:45:00-03:00,2021-05-06 06:45:00,0.0,90.00,Dado aprovado,True,outputs/pesquisa-cobertura-reserva-2021-20260922/raw/ana-86510000-2021-05-01--2021-05-31.xml,2469
2021,2021-05-06T08:00:00-03:00,2021-05-06T07:45:00-03:00,2021-05-06 07:45:00,0.0,89.00,Dado aprovado,True,outputs/pesquisa-cobertura-reserva-2021-20260922/raw/ana-86510000-2021-05-01--2021-05-31.xml,2465
2021,2021-05-06T09:00:00-03:00,2021-05-06T08:45:00-03:00,2021-05-06 08:45:00,0.0,88.00,Dado aprovado,True,outputs/pesquisa-cobertura-reserva-2021-20260922/raw/ana-86510000-2021-05-01--2021-05-31.xml,2461
2021,2021-05-06T10:00:00-03:00,2021-05-06T09:45:00-03:00,2021-05-06 09:45:00,0.0,87.00,Dado aprovado,True,outputs/pesquisa-cobertura-reserva-2021-20260922/raw/ana-86510000-2021-05-01--2021-05-31.xml,2457
2021,2021-05-06T11:00:00-03:00,2021-05-06T10:45:00-03:00,2021-05-06 10:45:00,0.0,87.00,Dado aprovado,True,outputs/pesquisa-cobertura-reserva-2021-20260922/raw/ana-86510000-2021-05-01--2021-05-31.xml,2453
2021,2021-05-06T12:00:00-03:00,2021-05-06T11:45:00-03:00,2021-05-06 11:45:00,0.0,86.00,Dado aprovado,True,outputs/pesquisa-cobertura-reserva-2021-20260922/raw/ana-86510000-2021-05-01--2021-05-31.xml,2449
2021,2021-05-06T13:00:00-03:00,2021-05-06T12:45:00-03:00,2021-05-06 12:45:00,0.0,85.00,Dado aprovado,True,outputs/pesquisa-cobertura-reserva-2021-20260922/raw/ana-86510000-2021-05-01--2021-05-31.xml,2445
2021,2021-05-06T14:00:00-03:00,2021-05-06T13:45:00-03:00,2021-05-06 13:45:00,0.0,85.00,Dado aprovado,True,outputs/pesquisa-cobertura-reserva-2021-20260922/raw/ana-86510000-2021-05-01--2021-05-31.xml,2441
2021,2021-05-06T15:00:00-03:00,2021-05-06T14:45:00-03:00,2021-05-06 14:45:00,0.0,84.00,Dado aprovado,True,outputs/pesquisa-cobertura-reserva-2021-20260922/raw/ana-86510000-2021-05-01--2021-05-31.xml,2437
2021,2021-05-06T16:00:00-03:00,2021-05-06T15:45:00-03:00,2021-05-06 15:45:00,0.0,84.00,Dado aprovado,True,outputs/pesquisa-cobertura-reserva-2021-20260922/raw/ana-86510000-2021-05-01--2021-05-31.xml,2433
2021,2021-05-06T17:00:00-03:00,2021-05-06T16:45:00-03:00,2021-05-06 16:45:00,0.0,84.00,Dado aprovado,True,outputs/pesquisa-cobertura-reserva-2021-20260922/raw/ana-86510000-2021-05-01--2021-05-31.xml,2429
2021,2021-05-06T18:00:00-03:00,2021-05-06T17:45:00-03:00,2021-05-06 17:45:00,0.0,84.00,Dado aprovado,True,outputs/pesquisa-cobertura-reserva-2021-20260922/raw/ana-86510000-2021-05-01--2021-05-31.xml,2425
2021,2021-05-06T19:00:00-03:00,2021-05-06T18:45:00-03:00,2021-05-06 18:45:00,0.0,84.00,Dado aprovado,True,outputs/pesquisa-cobertura-reserva-2021-20260922/raw/ana-86510000-2021-05-01--2021-05-31.xml,2421
2021,2021-05-06T20:00:00-03:00,2021-05-06T19:45:00-03:00,2021-05-06 19:45:00,0.0,84.00,Dado aprovado,True,outputs/pesquisa-cobertura-reserva-2021-20260922/raw/ana-86510000-2021-05-01--2021-05-31.xml,2417
2021,2021-05-06T21:00:00-03:00,2021-05-06T20:45:00-03:00,2021-05-06 20:45:00,0.0,83.00,Dado aprovado,True,outputs/pesquisa-cobertura-reserva-2021-20260922/raw/ana-86510000-2021-05-01--2021-05-31.xml,2413
2021,2021-05-06T22:00:00-03:00,2021-05-06T21:45:00-03:00,2021-05-06 21:45:00,0.0,83.00,Dado aprovado,True,outputs/pesquisa-cobertura-reserva-2021-20260922/raw/ana-86510000-2021-05-01--2021-05-31.xml,2409
2021,2021-05-06T23:00:00-03:00,2021-05-06T22:45:00-03:00,2021-05-06 22:45:00,0.0,83.00,Dado aprovado,True,outputs/pesquisa-cobertura-reserva-2021-20260922/raw/ana-86510000-2021-05-01--2021-05-31.xml,2405
2021,2021-05-07T00:00:00-03:00,2021-05-06T23:45:00-03:00,2021-05-06 23:45:00,0.0,83.00,Dado aprovado,True,outputs/pesquisa-cobertura-reserva-2021-20260922/raw/ana-86510000-2021-05-01--2021-05-31.xml,2401
2021,2021-05-07T01:00:00-03:00,2021-05-07T00:45:00-03:00,2021-05-07 00:45:00,0.0,84.00,Dado aprovado,True,outputs/pesquisa-cobertura-reserva-2021-20260922/raw/ana-86510000-2021-05-01--2021-05-31.xml,2397
2021,2021-05-07T02:00:00-03:00,2021-05-07T01:45:00-03:00,2021-05-07 01:45:00,0.0,84.00,Dado aprovado,True,outputs/pesquisa-cobertura-reserva-2021-20260922/raw/ana-86510000-2021-05-01--2021-05-31.xml,2393
2021,2021-05-07T03:00:00-03:00,2021-05-07T02:45:00-03:00,2021-05-07 02:45:00,0.0,84.00,Dado aprovado,True,outputs/pesquisa-cobertura-reserva-2021-20260922/raw/ana-86510000-2021-05-01--2021-05-31.xml,2389
2021,2021-05-07T04:00:00-03:00,2021-05-07T03:45:00-03:00,2021-05-07 03:45:00,0.0,84.00,Dado aprovado,True,outputs/pesquisa-cobertura-reserva-2021-20260922/raw/ana-86510000-2021-05-01--2021-05-31.xml,2385
2021,2021-05-07T05:00:00-03:00,2021-05-07T04:45:00-03:00,2021-05-07 04:45:00,0.0,85.00,Dado aprovado,True,outputs/pesquisa-cobertura-reserva-2021-20260922/raw/ana-86510000-2021-05-01--2021-05-31.xml,2381
2021,2021-05-07T06:00:00-03:00,2021-05-07T05:45:00-03:00,2021-05-07 05:45:00,0.0,85.00,Dado aprovado,True,outputs/pesquisa-cobertura-reserva-2021-20260922/raw/ana-86510000-2021-05-01--2021-05-31.xml,2377
2021,2021-05-07T07:00:00-03:00,2021-05-07T06:45:00-03:00,2021-05-07 06:45:00,0.0,85.00,Dado aprovado,True,outputs/pesquisa-cobertura-reserva-2021-20260922/raw/ana-86510000-2021-05-01--2021-05-31.xml,2373
2021,2021-05-07T08:00:00-03:00,2021-05-07T07:45:00-03:00,2021-05-07 07:45:00,0.0,85.00,Dado aprovado,True,outputs/pesquisa-cobertura-reserva-2021-20260922/raw/ana-86510000-2021-05-01--2021-05-31.xml,2369
2021,2021-05-07T09:00:00-03:00,2021-05-07T08:45:00-03:00,2021-05-07 08:45:00,0.0,85.00,Dado aprovado,True,outputs/pesquisa-cobertura-reserva-2021-20260922/raw/ana-86510000-2021-05-01--2021-05-31.xml,2365
2021,2021-05-07T10:00:00-03:00,2021-05-07T09:45:00-03:00,2021-05-07 09:45:00,0.0,85.00,Dado aprovado,True,outputs/pesquisa-cobertura-reserva-2021-20260922/raw/ana-86510000-2021-05-01--2021-05-31.xml,2361
2021,2021-05-07T11:00:00-03:00,2021-05-07T10:45:00-03:00,2021-05-07 10:45:00,0.0,86.00,Dado aprovado,True,outputs/pesquisa-cobertura-reserva-2021-20260922/raw/ana-86510000-2021-05-01--2021-05-31.xml,2357
2021,2021-05-07T12:00:00-03:00,2021-05-07T11:45:00-03:00,2021-05-07 11:45:00,0.0,87.00,Dado aprovado,True,outputs/pesquisa-cobertura-reserva-2021-20260922/raw/ana-86510000-2021-05-01--2021-05-31.xml,2353
2021,2021-05-07T13:00:00-03:00,2021-05-07T12:45:00-03:00,2021-05-07 12:45:00,0.0,88.00,Dado aprovado,True,outputs/pesquisa-cobertura-reserva-2021-20260922/raw/ana-86510000-2021-05-01--2021-05-31.xml,2349
2021,2021-05-07T14:00:00-03:00,2021-05-07T13:45:00-03:00,2021-05-07 13:45:00,0.0,91.00,Dado aprovado,True,outputs/pesquisa-cobertura-reserva-2021-20260922/raw/ana-86510000-2021-05-01--2021-05-31.xml,2345
2021,2021-05-07T15:00:00-03:00,2021-05-07T14:45:00-03:00,2021-05-07 14:45:00,0.0,94.00,Dado aprovado,True,outputs/pesquisa-cobertura-reserva-2021-20260922/raw/ana-86510000-2021-05-01--2021-05-31.xml,2341
2021,2021-05-07T16:00:00-03:00,2021-05-07T15:45:00-03:00,2021-05-07 15:45:00,0.0,96.00,Dado aprovado,True,outputs/pesquisa-cobertura-reserva-2021-20260922/raw/ana-86510000-2021-05-01--2021-05-31.xml,2337
2021,2021-05-07T17:00:00-03:00,2021-05-07T16:45:00-03:00,2021-05-07 16:45:00,0.0,97.00,Dado aprovado,True,outputs/pesquisa-cobertura-reserva-2021-20260922/raw/ana-86510000-2021-05-01--2021-05-31.xml,2333
2021,2021-05-07T18:00:00-03:00,2021-05-07T17:45:00-03:00,2021-05-07 17:45:00,0.0,96.00,Dado aprovado,True,outputs/pesquisa-cobertura-reserva-2021-20260922/raw/ana-86510000-2021-05-01--2021-05-31.xml,2329
2021,2021-05-07T19:00:00-03:00,2021-05-07T18:45:00-03:00,2021-05-07 18:45:00,0.0,95.00,Dado aprovado,True,outputs/pesquisa-cobertura-reserva-2021-20260922/raw/ana-86510000-2021-05-01--2021-05-31.xml,2325
2021,2021-05-07T20:00:00-03:00,2021-05-07T19:45:00-03:00,2021-05-07 19:45:00,0.0,94.00,Dado aprovado,True,outputs/pesquisa-cobertura-reserva-2021-20260922/raw/ana-86510000-2021-05-01--2021-05-31.xml,2321
2021,2021-05-07T21:00:00-03:00,2021-05-07T20:45:00-03:00,2021-05-07 20:45:00,0.0,92.00,Dado aprovado,True,outputs/pesquisa-cobertura-reserva-2021-20260922/raw/ana-86510000-2021-05-01--2021-05-31.xml,2317
2021,2021-05-07T22:00:00-03:00,2021-05-07T21:45:00-03:00,2021-05-07 21:45:00,0.0,91.00,Dado aprovado,True,outputs/pesquisa-cobertura-reserva-2021-20260922/raw/ana-86510000-2021-05-01--2021-05-31.xml,2313
2021,2021-05-07T23:00:00-03:00,2021-05-07T22:45:00-03:00,2021-05-07 22:45:00,0.0,90.00,Dado aprovado,True,outputs/pesquisa-cobertura-reserva-2021-20260922/raw/ana-86510000-2021-05-01--2021-05-31.xml,2309
2021,2021-05-08T00:00:00-03:00,2021-05-07T23:45:00-03:00,2021-05-07 23:45:00,0.0,90.00,Dado aprovado,True,outputs/pesquisa-cobertura-reserva-2021-20260922/raw/ana-86510000-2021-05-01--2021-05-31.xml,2305
2021,2021-05-08T01:00:00-03:00,2021-05-08T00:45:00-03:00,2021-05-08 00:45:00,0.0,92.00,Dado aprovado,True,outputs/pesquisa-cobertura-reserva-2021-20260922/raw/ana-86510000-2021-05-01--2021-05-31.xml,2301
2021,2021-05-08T02:00:00-03:00,2021-05-08T01:45:00-03:00,2021-05-08 01:45:00,0.0,95.00,Dado aprovado,True,outputs/pesquisa-cobertura-reserva-2021-20260922/raw/ana-86510000-2021-05-01--2021-05-31.xml,2297
2021,2021-05-08T03:00:00-03:00,2021-05-08T02:45:00-03:00,2021-05-08 02:45:00,0.0,98.00,Dado aprovado,True,outputs/pesquisa-cobertura-reserva-2021-20260922/raw/ana-86510000-2021-05-01--2021-05-31.xml,2293
2021,2021-05-08T04:00:00-03:00,2021-05-08T03:45:00-03:00,2021-05-08 03:45:00,0.0,100.00,Dado aprovado,True,outputs/pesquisa-cobertura-reserva-2021-20260922/raw/ana-86510000-2021-05-01--2021-05-31.xml,2289
2021,2021-05-08T05:00:00-03:00,2021-05-08T04:45:00-03:00,2021-05-08 04:45:00,0.0,102.00,Dado aprovado,True,outputs/pesquisa-cobertura-reserva-2021-20260922/raw/ana-86510000-2021-05-01--2021-05-31.xml,2285
2021,2021-05-08T06:00:00-03:00,2021-05-08T05:45:00-03:00,2021-05-08 05:45:00,0.0,102.00,Dado aprovado,True,outputs/pesquisa-cobertura-reserva-2021-20260922/raw/ana-86510000-2021-05-01--2021-05-31.xml,2281
2021,2021-05-08T07:00:00-03:00,2021-05-08T06:45:00-03:00,2021-05-08 06:45:00,0.0,101.00,Dado aprovado,True,outputs/pesquisa-cobertura-reserva-2021-20260922/raw/ana-86510000-2021-05-01--2021-05-31.xml,2277
2021,2021-05-08T08:00:00-03:00,2021-05-08T07:45:00-03:00,2021-05-08 07:45:00,0.0,99.00,Dado aprovado,True,outputs/pesquisa-cobertura-reserva-2021-20260922/raw/ana-86510000-2021-05-01--2021-05-31.xml,2273
2021,2021-05-08T09:00:00-03:00,2021-05-08T08:45:00-03:00,2021-05-08 08:45:00,0.0,98.00,Dado aprovado,True,outputs/pesquisa-cobertura-reserva-2021-20260922/raw/ana-86510000-2021-05-01--2021-05-31.xml,2269
2021,2021-05-08T10:00:00-03:00,2021-05-08T09:45:00-03:00,2021-05-08 09:45:00,0.0,96.00,Dado aprovado,True,outputs/pesquisa-cobertura-reserva-2021-20260922/raw/ana-86510000-2021-05-01--2021-05-31.xml,2265
2021,2021-05-08T11:00:00-03:00,2021-05-08T10:45:00-03:00,2021-05-08 10:45:00,0.0,94.00,Dado aprovado,True,outputs/pesquisa-cobertura-reserva-2021-20260922/raw/ana-86510000-2021-05-01--2021-05-31.xml,2261
2021,2021-05-08T12:00:00-03:00,2021-05-08T11:45:00-03:00,2021-05-08 11:45:00,0.0,92.00,Dado aprovado,True,outputs/pesquisa-cobertura-reserva-2021-20260922/raw/ana-86510000-2021-05-01--2021-05-31.xml,2257
2021,2021-05-08T13:00:00-03:00,2021-05-08T12:45:00-03:00,2021-05-08 12:45:00,0.0,90.00,Dado aprovado,True,outputs/pesquisa-cobertura-reserva-2021-20260922/raw/ana-86510000-2021-05-01--2021-05-31.xml,2253
2021,2021-05-08T14:00:00-03:00,2021-05-08T13:45:00-03:00,2021-05-08 13:45:00,0.0,89.00,Dado aprovado,True,outputs/pesquisa-cobertura-reserva-2021-20260922/raw/ana-86510000-2021-05-01--2021-05-31.xml,2249
2021,2021-05-08T15:00:00-03:00,2021-05-08T14:45:00-03:00,2021-05-08 14:45:00,0.0,88.00,Dado aprovado,True,outputs/pesquisa-cobertura-reserva-2021-20260922/raw/ana-86510000-2021-05-01--2021-05-31.xml,2245
2021,2021-05-08T16:00:00-03:00,2021-05-08T15:45:00-03:00,2021-05-08 15:45:00,0.0,87.00,Dado aprovado,True,outputs/pesquisa-cobertura-reserva-2021-20260922/raw/ana-86510000-2021-05-01--2021-05-31.xml,2241
2021,2021-05-08T17:00:00-03:00,2021-05-08T16:45:00-03:00,2021-05-08 16:45:00,0.0,86.00,Dado aprovado,True,outputs/pesquisa-cobertura-reserva-2021-20260922/raw/ana-86510000-2021-05-01--2021-05-31.xml,2237
2021,2021-05-08T18:00:00-03:00,2021-05-08T17:45:00-03:00,2021-05-08 17:45:00,0.0,86.00,Dado aprovado,True,outputs/pesquisa-cobertura-reserva-2021-20260922/raw/ana-86510000-2021-05-01--2021-05-31.xml,2233
2021,2021-05-08T19:00:00-03:00,2021-05-08T18:45:00-03:00,2021-05-08 18:45:00,0.0,85.00,Dado aprovado,True,outputs/pesquisa-cobertura-reserva-2021-20260922/raw/ana-86510000-2021-05-01--2021-05-31.xml,2229
2021,2021-05-08T20:00:00-03:00,2021-05-08T19:45:00-03:00,2021-05-08 19:45:00,0.0,85.00,Dado aprovado,True,outputs/pesquisa-cobertura-reserva-2021-20260922/raw/ana-86510000-2021-05-01--2021-05-31.xml,2225
2021,2021-05-08T21:00:00-03:00,2021-05-08T20:45:00-03:00,2021-05-08 20:45:00,0.0,85.00,Dado aprovado,True,outputs/pesquisa-cobertura-reserva-2021-20260922/raw/ana-86510000-2021-05-01--2021-05-31.xml,2221
2021,2021-05-08T22:00:00-03:00,2021-05-08T21:45:00-03:00,2021-05-08 21:45:00,0.0,85.00,Dado aprovado,True,outputs/pesquisa-cobertura-reserva-2021-20260922/raw/ana-86510000-2021-05-01--2021-05-31.xml,2217
2021,2021-05-08T23:00:00-03:00,2021-05-08T22:45:00-03:00,2021-05-08 22:45:00,0.0,85.00,Dado aprovado,True,outputs/pesquisa-cobertura-reserva-2021-20260922/raw/ana-86510000-2021-05-01--2021-05-31.xml,2213
2021,2021-05-09T00:00:00-03:00,2021-05-08T23:45:00-03:00,2021-05-08 23:45:00,0.0,86.00,Dado aprovado,True,outputs/pesquisa-cobertura-reserva-2021-20260922/raw/ana-86510000-2021-05-01--2021-05-31.xml,2209
2021,2021-05-09T01:00:00-03:00,2021-05-09T00:45:00-03:00,2021-05-09 00:45:00,0.0,88.00,Dado aprovado,True,outputs/pesquisa-cobertura-reserva-2021-20260922/raw/ana-86510000-2021-05-01--2021-05-31.xml,2205
2021,2021-05-09T02:00:00-03:00,2021-05-09T01:45:00-03:00,2021-05-09 01:45:00,0.0,91.00,Dado aprovado,True,outputs/pesquisa-cobertura-reserva-2021-20260922/raw/ana-86510000-2021-05-01--2021-05-31.xml,2201
2021,2021-05-09T03:00:00-03:00,2021-05-09T02:45:00-03:00,2021-05-09 02:45:00,0.0,98.00,Dado aprovado,True,outputs/pesquisa-cobertura-reserva-2021-20260922/raw/ana-86510000-2021-05-01--2021-05-31.xml,2197
2021,2021-05-09T04:00:00-03:00,2021-05-09T03:45:00-03:00,2021-05-09 03:45:00,0.0,123.00,Dado aprovado,True,outputs/pesquisa-cobertura-reserva-2021-20260922/raw/ana-86510000-2021-05-01--2021-05-31.xml,2193
2021,2021-05-09T05:00:00-03:00,2021-05-09T04:45:00-03:00,2021-05-09 04:45:00,0.0,161.00,Dado aprovado,True,outputs/pesquisa-cobertura-reserva-2021-20260922/raw/ana-86510000-2021-05-01--2021-05-31.xml,2189
2021,2021-05-09T06:00:00-03:00,2021-05-09T05:45:00-03:00,2021-05-09 05:45:00,0.0,185.00,Dado aprovado,True,outputs/pesquisa-cobertura-reserva-2021-20260922/raw/ana-86510000-2021-05-01--2021-05-31.xml,2185
2021,2021-05-09T07:00:00-03:00,2021-05-09T06:45:00-03:00,2021-05-09 06:45:00,0.0,194.00,Dado aprovado,True,outputs/pesquisa-cobertura-reserva-2021-20260922/raw/ana-86510000-2021-05-01--2021-05-31.xml,2181
2021,2021-05-09T08:00:00-03:00,2021-05-09T07:45:00-03:00,2021-05-09 07:45:00,0.0,194.00,Dado aprovado,True,outputs/pesquisa-cobertura-reserva-2021-20260922/raw/ana-86510000-2021-05-01--2021-05-31.xml,2177
2021,2021-05-09T09:00:00-03:00,2021-05-09T08:45:00-03:00,2021-05-09 08:45:00,0.0,191.00,Dado aprovado,True,outputs/pesquisa-cobertura-reserva-2021-20260922/raw/ana-86510000-2021-05-01--2021-05-31.xml,2173
2021,2021-05-09T10:00:00-03:00,2021-05-09T09:45:00-03:00,2021-05-09 09:45:00,0.0,186.00,Dado aprovado,True,outputs/pesquisa-cobertura-reserva-2021-20260922/raw/ana-86510000-2021-05-01--2021-05-31.xml,2169
2021,2021-05-09T11:00:00-03:00,2021-05-09T10:45:00-03:00,2021-05-09 10:45:00,0.0,183.00,Dado aprovado,True,outputs/pesquisa-cobertura-reserva-2021-20260922/raw/ana-86510000-2021-05-01--2021-05-31.xml,2165
2021,2021-05-09T12:00:00-03:00,2021-05-09T11:45:00-03:00,2021-05-09 11:45:00,0.0,179.00,Dado aprovado,True,outputs/pesquisa-cobertura-reserva-2021-20260922/raw/ana-86510000-2021-05-01--2021-05-31.xml,2161
2021,2021-05-09T13:00:00-03:00,2021-05-09T12:45:00-03:00,2021-05-09 12:45:00,0.0,176.00,Dado aprovado,True,outputs/pesquisa-cobertura-reserva-2021-20260922/raw/ana-86510000-2021-05-01--2021-05-31.xml,2157
2021,2021-05-09T14:00:00-03:00,2021-05-09T13:45:00-03:00,2021-05-09 13:45:00,0.0,173.00,Dado aprovado,True,outputs/pesquisa-cobertura-reserva-2021-20260922/raw/ana-86510000-2021-05-01--2021-05-31.xml,2153
2021,2021-05-09T15:00:00-03:00,2021-05-09T14:45:00-03:00,2021-05-09 14:45:00,0.0,169.00,Dado aprovado,True,outputs/pesquisa-cobertura-reserva-2021-20260922/raw/ana-86510000-2021-05-01--2021-05-31.xml,2149
2021,2021-05-09T16:00:00-03:00,2021-05-09T15:45:00-03:00,2021-05-09 15:45:00,0.0,165.00,Dado aprovado,True,outputs/pesquisa-cobertura-reserva-2021-20260922/raw/ana-86510000-2021-05-01--2021-05-31.xml,2145
2021,2021-05-09T17:00:00-03:00,2021-05-09T16:45:00-03:00,2021-05-09 16:45:00,0.0,161.00,Dado aprovado,True,outputs/pesquisa-cobertura-reserva-2021-20260922/raw/ana-86510000-2021-05-01--2021-05-31.xml,2141
2021,2021-05-09T18:00:00-03:00,2021-05-09T17:45:00-03:00,2021-05-09 17:45:00,0.0,158.00,Dado aprovado,True,outputs/pesquisa-cobertura-reserva-2021-20260922/raw/ana-86510000-2021-05-01--2021-05-31.xml,2137
2021,2021-05-09T19:00:00-03:00,2021-05-09T18:45:00-03:00,2021-05-09 18:45:00,0.0,154.00,Dado aprovado,True,outputs/pesquisa-cobertura-reserva-2021-20260922/raw/ana-86510000-2021-05-01--2021-05-31.xml,2133
2021,2021-05-09T20:00:00-03:00,2021-05-09T19:45:00-03:00,2021-05-09 19:45:00,0.0,151.00,Dado aprovado,True,outputs/pesquisa-cobertura-reserva-2021-20260922/raw/ana-86510000-2021-05-01--2021-05-31.xml,2129
2021,2021-05-09T21:00:00-03:00,2021-05-09T20:45:00-03:00,2021-05-09 20:45:00,0.0,149.00,Dado aprovado,True,outputs/pesquisa-cobertura-reserva-2021-20260922/raw/ana-86510000-2021-05-01--2021-05-31.xml,2125
2021,2021-05-09T22:00:00-03:00,2021-05-09T21:45:00-03:00,2021-05-09 21:45:00,0.0,148.00,Dado aprovado,True,outputs/pesquisa-cobertura-reserva-2021-20260922/raw/ana-86510000-2021-05-01--2021-05-31.xml,2121
2021,2021-05-09T23:00:00-03:00,2021-05-09T22:45:00-03:00,2021-05-09 22:45:00,0.0,147.00,Dado aprovado,True,outputs/pesquisa-cobertura-reserva-2021-20260922/raw/ana-86510000-2021-05-01--2021-05-31.xml,2117
2021,2021-05-10T00:00:00-03:00,2021-05-09T23:45:00-03:00,2021-05-09 23:45:00,0.0,146.00,Dado aprovado,True,outputs/pesquisa-cobertura-reserva-2021-20260922/raw/ana-86510000-2021-05-01--2021-05-31.xml,2113
2021,2021-05-10T01:00:00-03:00,2021-05-10T00:45:00-03:00,2021-05-10 00:45:00,0.0,146.00,Dado aprovado,True,outputs/pesquisa-cobertura-reserva-2021-20260922/raw/ana-86510000-2021-05-01--2021-05-31.xml,2109
2021,2021-05-10T02:00:00-03:00,2021-05-10T01:45:00-03:00,2021-05-10 01:45:00,0.0,145.00,Dado aprovado,True,outputs/pesquisa-cobertura-reserva-2021-20260922/raw/ana-86510000-2021-05-01--2021-05-31.xml,2105
2021,2021-05-10T03:00:00-03:00,2021-05-10T02:45:00-03:00,2021-05-10 02:45:00,0.0,145.00,Dado aprovado,True,outputs/pesquisa-cobertura-reserva-2021-20260922/raw/ana-86510000-2021-05-01--2021-05-31.xml,2101
2021,2021-05-10T04:00:00-03:00,2021-05-10T03:45:00-03:00,2021-05-10 03:45:00,0.0,145.00,Dado aprovado,True,outputs/pesquisa-cobertura-reserva-2021-20260922/raw/ana-86510000-2021-05-01--2021-05-31.xml,2097
2021,2021-05-10T05:00:00-03:00,2021-05-10T04:45:00-03:00,2021-05-10 04:45:00,0.0,145.00,Dado aprovado,True,outputs/pesquisa-cobertura-reserva-2021-20260922/raw/ana-86510000-2021-05-01--2021-05-31.xml,2093
2021,2021-05-10T06:00:00-03:00,2021-05-10T05:45:00-03:00,2021-05-10 05:45:00,0.0,145.00,Dado aprovado,True,outputs/pesquisa-cobertura-reserva-2021-20260922/raw/ana-86510000-2021-05-01--2021-05-31.xml,2089
2021,2021-05-10T07:00:00-03:00,2021-05-10T06:45:00-03:00,2021-05-10 06:45:00,0.0,146.00,Dado aprovado,True,outputs/pesquisa-cobertura-reserva-2021-20260922/raw/ana-86510000-2021-05-01--2021-05-31.xml,2085
2021,2021-05-10T08:00:00-03:00,2021-05-10T07:45:00-03:00,2021-05-10 07:45:00,0.0,147.00,Dado aprovado,True,outputs/pesquisa-cobertura-reserva-2021-20260922/raw/ana-86510000-2021-05-01--2021-05-31.xml,2081
2021,2021-05-10T09:00:00-03:00,2021-05-10T08:45:00-03:00,2021-05-10 08:45:00,0.0,146.00,Dado aprovado,True,outputs/pesquisa-cobertura-reserva-2021-20260922/raw/ana-86510000-2021-05-01--2021-05-31.xml,2077
2021,2021-05-10T10:00:00-03:00,2021-05-10T09:45:00-03:00,2021-05-10 09:45:00,0.0,143.00,Dado aprovado,True,outputs/pesquisa-cobertura-reserva-2021-20260922/raw/ana-86510000-2021-05-01--2021-05-31.xml,2073
2021,2021-05-10T11:00:00-03:00,2021-05-10T10:45:00-03:00,2021-05-10 10:45:00,0.0,138.00,Dado aprovado,True,outputs/pesquisa-cobertura-reserva-2021-20260922/raw/ana-86510000-2021-05-01--2021-05-31.xml,2069
2021,2021-05-10T12:00:00-03:00,2021-05-10T11:45:00-03:00,2021-05-10 11:45:00,0.0,132.00,Dado aprovado,True,outputs/pesquisa-cobertura-reserva-2021-20260922/raw/ana-86510000-2021-05-01--2021-05-31.xml,2065
2021,2021-05-10T13:00:00-03:00,2021-05-10T12:45:00-03:00,2021-05-10 12:45:00,0.0,125.00,Dado aprovado,True,outputs/pesquisa-cobertura-reserva-2021-20260922/raw/ana-86510000-2021-05-01--2021-05-31.xml,2061
2021,2021-05-10T14:00:00-03:00,2021-05-10T13:45:00-03:00,2021-05-10 13:45:00,0.0,119.00,Dado aprovado,True,outputs/pesquisa-cobertura-reserva-2021-20260922/raw/ana-86510000-2021-05-01--2021-05-31.xml,2057
2021,2021-05-10T15:00:00-03:00,2021-05-10T14:45:00-03:00,2021-05-10 14:45:00,0.0,113.00,Dado aprovado,True,outputs/pesquisa-cobertura-reserva-2021-20260922/raw/ana-86510000-2021-05-01--2021-05-31.xml,2053
2021,2021-05-10T16:00:00-03:00,2021-05-10T15:45:00-03:00,2021-05-10 15:45:00,0.0,107.00,Dado aprovado,True,outputs/pesquisa-cobertura-reserva-2021-20260922/raw/ana-86510000-2021-05-01--2021-05-31.xml,2049
2021,2021-05-10T17:00:00-03:00,2021-05-10T16:45:00-03:00,2021-05-10 16:45:00,0.0,103.00,Dado aprovado,True,outputs/pesquisa-cobertura-reserva-2021-20260922/raw/ana-86510000-2021-05-01--2021-05-31.xml,2045
2021,2021-05-10T18:00:00-03:00,2021-05-10T17:45:00-03:00,2021-05-10 17:45:00,0.0,99.00,Dado aprovado,True,outputs/pesquisa-cobertura-reserva-2021-20260922/raw/ana-86510000-2021-05-01--2021-05-31.xml,2041
2021,2021-05-10T19:00:00-03:00,2021-05-10T18:45:00-03:00,2021-05-10 18:45:00,0.0,97.00,Dado aprovado,True,outputs/pesquisa-cobertura-reserva-2021-20260922/raw/ana-86510000-2021-05-01--2021-05-31.xml,2037
2021,2021-05-10T20:00:00-03:00,2021-05-10T19:45:00-03:00,2021-05-10 19:45:00,0.0,95.00,Dado aprovado,True,outputs/pesquisa-cobertura-reserva-2021-20260922/raw/ana-86510000-2021-05-01--2021-05-31.xml,2033
2021,2021-05-10T21:00:00-03:00,2021-05-10T20:45:00-03:00,2021-05-10 20:45:00,0.0,95.00,Dado aprovado,True,outputs/pesquisa-cobertura-reserva-2021-20260922/raw/ana-86510000-2021-05-01--2021-05-31.xml,2029
2021,2021-05-10T22:00:00-03:00,2021-05-10T21:45:00-03:00,2021-05-10 21:45:00,0.0,95.00,Dado aprovado,True,outputs/pesquisa-cobertura-reserva-2021-20260922/raw/ana-86510000-2021-05-01--2021-05-31.xml,2025
2021,2021-05-10T23:00:00-03:00,2021-05-10T22:45:00-03:00,2021-05-10 22:45:00,0.0,95.00,Dado aprovado,True,outputs/pesquisa-cobertura-reserva-2021-20260922/raw/ana-86510000-2021-05-01--2021-05-31.xml,2021
2021,2021-05-11T00:00:00-03:00,2021-05-10T23:45:00-03:00,2021-05-10 23:45:00,0.0,94.00,Dado aprovado,True,outputs/pesquisa-cobertura-reserva-2021-20260922/raw/ana-86510000-2021-05-01--2021-05-31.xml,2017
2021,2021-05-11T01:00:00-03:00,2021-05-11T00:45:00-03:00,2021-05-11 00:45:00,0.0,93.00,Dado aprovado,True,outputs/pesquisa-cobertura-reserva-2021-20260922/raw/ana-86510000-2021-05-01--2021-05-31.xml,2013
2021,2021-05-11T02:00:00-03:00,2021-05-11T01:45:00-03:00,2021-05-11 01:45:00,0.0,93.00,Dado aprovado,True,outputs/pesquisa-cobertura-reserva-2021-20260922/raw/ana-86510000-2021-05-01--2021-05-31.xml,2009
2021,2021-05-11T03:00:00-03:00,2021-05-11T02:45:00-03:00,2021-05-11 02:45:00,0.0,98.00,Dado aprovado,True,outputs/pesquisa-cobertura-reserva-2021-20260922/raw/ana-86510000-2021-05-01--2021-05-31.xml,2005
2021,2021-05-11T04:00:00-03:00,2021-05-11T03:45:00-03:00,2021-05-11 03:45:00,0.0,115.00,Dado aprovado,True,outputs/pesquisa-cobertura-reserva-2021-20260922/raw/ana-86510000-2021-05-01--2021-05-31.xml,2001
2021,2021-05-11T05:00:00-03:00,2021-05-11T04:45:00-03:00,2021-05-11 04:45:00,0.0,141.00,Dado aprovado,True,outputs/pesquisa-cobertura-reserva-2021-20260922/raw/ana-86510000-2021-05-01--2021-05-31.xml,1997
2021,2021-05-11T06:00:00-03:00,2021-05-11T05:45:00-03:00,2021-05-11 05:45:00,0.0,161.00,Dado aprovado,True,outputs/pesquisa-cobertura-reserva-2021-20260922/raw/ana-86510000-2021-05-01--2021-05-31.xml,1993
2021,2021-05-11T07:00:00-03:00,2021-05-11T06:45:00-03:00,2021-05-11 06:45:00,0.0,172.00,Dado aprovado,True,outputs/pesquisa-cobertura-reserva-2021-20260922/raw/ana-86510000-2021-05-01--2021-05-31.xml,1989
2021,2021-05-11T08:00:00-03:00,2021-05-11T07:45:00-03:00,2021-05-11 07:45:00,0.0,173.00,Dado aprovado,True,outputs/pesquisa-cobertura-reserva-2021-20260922/raw/ana-86510000-2021-05-01--2021-05-31.xml,1985
2021,2021-05-11T09:00:00-03:00,2021-05-11T08:45:00-03:00,2021-05-11 08:45:00,0.0,169.00,Dado aprovado,True,outputs/pesquisa-cobertura-reserva-2021-20260922/raw/ana-86510000-2021-05-01--2021-05-31.xml,1981
2021,2021-05-11T10:00:00-03:00,2021-05-11T09:45:00-03:00,2021-05-11 09:45:00,0.0,161.00,Dado aprovado,True,outputs/pesquisa-cobertura-reserva-2021-20260922/raw/ana-86510000-2021-05-01--2021-05-31.xml,1977
2021,2021-05-11T11:00:00-03:00,2021-05-11T10:45:00-03:00,2021-05-11 10:45:00,0.0,152.00,Dado aprovado,True,outputs/pesquisa-cobertura-reserva-2021-20260922/raw/ana-86510000-2021-05-01--2021-05-31.xml,1973
2021,2021-05-11T12:00:00-03:00,2021-05-11T11:45:00-03:00,2021-05-11 11:45:00,0.0,143.00,Dado aprovado,True,outputs/pesquisa-cobertura-reserva-2021-20260922/raw/ana-86510000-2021-05-01--2021-05-31.xml,1969
2021,2021-05-11T13:00:00-03:00,2021-05-11T12:45:00-03:00,2021-05-11 12:45:00,0.0,133.00,Dado aprovado,True,outputs/pesquisa-cobertura-reserva-2021-20260922/raw/ana-86510000-2021-05-01--2021-05-31.xml,1965
2021,2021-05-11T14:00:00-03:00,2021-05-11T13:45:00-03:00,2021-05-11 13:45:00,0.0,125.00,Dado aprovado,True,outputs/pesquisa-cobertura-reserva-2021-20260922/raw/ana-86510000-2021-05-01--2021-05-31.xml,1961
2021,2021-05-11T15:00:00-03:00,2021-05-11T14:45:00-03:00,2021-05-11 14:45:00,0.0,117.00,Dado aprovado,True,outputs/pesquisa-cobertura-reserva-2021-20260922/raw/ana-86510000-2021-05-01--2021-05-31.xml,1957
2021,2021-05-11T16:00:00-03:00,2021-05-11T15:45:00-03:00,2021-05-11 15:45:00,0.0,111.00,Dado aprovado,True,outputs/pesquisa-cobertura-reserva-2021-20260922/raw/ana-86510000-2021-05-01--2021-05-31.xml,1953
2021,2021-05-11T17:00:00-03:00,2021-05-11T16:45:00-03:00,2021-05-11 16:45:00,0.0,105.00,Dado aprovado,True,outputs/pesquisa-cobertura-reserva-2021-20260922/raw/ana-86510000-2021-05-01--2021-05-31.xml,1949
2021,2021-05-11T18:00:00-03:00,2021-05-11T17:45:00-03:00,2021-05-11 17:45:00,0.0,101.00,Dado aprovado,True,outputs/pesquisa-cobertura-reserva-2021-20260922/raw/ana-86510000-2021-05-01--2021-05-31.xml,1945
2021,2021-05-11T19:00:00-03:00,2021-05-11T18:45:00-03:00,2021-05-11 18:45:00,0.0,97.00,Dado aprovado,True,outputs/pesquisa-cobertura-reserva-2021-20260922/raw/ana-86510000-2021-05-01--2021-05-31.xml,1941
2021,2021-05-11T20:00:00-03:00,2021-05-11T19:45:00-03:00,2021-05-11 19:45:00,0.0,94.00,Dado aprovado,True,outputs/pesquisa-cobertura-reserva-2021-20260922/raw/ana-86510000-2021-05-01--2021-05-31.xml,1937
2021,2021-05-11T21:00:00-03:00,2021-05-11T20:45:00-03:00,2021-05-11 20:45:00,0.0,91.00,Dado aprovado,True,outputs/pesquisa-cobertura-reserva-2021-20260922/raw/ana-86510000-2021-05-01--2021-05-31.xml,1933
2021,2021-05-11T22:00:00-03:00,2021-05-11T21:45:00-03:00,2021-05-11 21:45:00,0.0,89.00,Dado aprovado,True,outputs/pesquisa-cobertura-reserva-2021-20260922/raw/ana-86510000-2021-05-01--2021-05-31.xml,1929
2021,2021-05-11T23:00:00-03:00,2021-05-11T22:45:00-03:00,2021-05-11 22:45:00,0.0,88.00,Dado aprovado,True,outputs/pesquisa-cobertura-reserva-2021-20260922/raw/ana-86510000-2021-05-01--2021-05-31.xml,1925
2021,2021-05-12T00:00:00-03:00,2021-05-11T23:45:00-03:00,2021-05-11 23:45:00,0.0,87.00,Dado aprovado,True,outputs/pesquisa-cobertura-reserva-2021-20260922/raw/ana-86510000-2021-05-01--2021-05-31.xml,1921
2021,2021-05-12T01:00:00-03:00,2021-05-12T00:45:00-03:00,2021-05-12 00:45:00,0.0,86.00,Dado aprovado,True,outputs/pesquisa-cobertura-reserva-2021-20260922/raw/ana-86510000-2021-05-01--2021-05-31.xml,1917
2021,2021-05-12T02:00:00-03:00,2021-05-12T01:45:00-03:00,2021-05-12 01:45:00,0.0,86.00,Dado aprovado,True,outputs/pesquisa-cobertura-reserva-2021-20260922/raw/ana-86510000-2021-05-01--2021-05-31.xml,1913
2021,2021-05-12T03:00:00-03:00,2021-05-12T02:45:00-03:00,2021-05-12 02:45:00,0.0,87.00,Dado aprovado,True,outputs/pesquisa-cobertura-reserva-2021-20260922/raw/ana-86510000-2021-05-01--2021-05-31.xml,1909
2021,2021-05-12T04:00:00-03:00,2021-05-12T03:45:00-03:00,2021-05-12 03:45:00,0.0,89.00,Dado aprovado,True,outputs/pesquisa-cobertura-reserva-2021-20260922/raw/ana-86510000-2021-05-01--2021-05-31.xml,1905
2021,2021-05-12T05:00:00-03:00,2021-05-12T04:45:00-03:00,2021-05-12 04:45:00,0.0,91.00,Dado aprovado,True,outputs/pesquisa-cobertura-reserva-2021-20260922/raw/ana-86510000-2021-05-01--2021-05-31.xml,1901
2021,2021-05-12T06:00:00-03:00,2021-05-12T05:45:00-03:00,2021-05-12 05:45:00,0.0,96.00,Dado aprovado,True,outputs/pesquisa-cobertura-reserva-2021-20260922/raw/ana-86510000-2021-05-01--2021-05-31.xml,1897
2021,2021-05-12T07:00:00-03:00,2021-05-12T06:45:00-03:00,2021-05-12 06:45:00,0.0,107.00,Dado aprovado,True,outputs/pesquisa-cobertura-reserva-2021-20260922/raw/ana-86510000-2021-05-01--2021-05-31.xml,1893
2021,2021-05-12T08:00:00-03:00,2021-05-12T07:45:00-03:00,2021-05-12 07:45:00,0.0,123.00,Dado aprovado,True,outputs/pesquisa-cobertura-reserva-2021-20260922/raw/ana-86510000-2021-05-01--2021-05-31.xml,1889
2021,2021-05-12T09:00:00-03:00,2021-05-12T08:45:00-03:00,2021-05-12 08:45:00,0.0,135.00,Dado aprovado,True,outputs/pesquisa-cobertura-reserva-2021-20260922/raw/ana-86510000-2021-05-01--2021-05-31.xml,1885
2021,2021-05-12T10:00:00-03:00,2021-05-12T09:45:00-03:00,2021-05-12 09:45:00,0.0,140.00,Dado aprovado,True,outputs/pesquisa-cobertura-reserva-2021-20260922/raw/ana-86510000-2021-05-01--2021-05-31.xml,1881
2021,2021-05-12T11:00:00-03:00,2021-05-12T10:45:00-03:00,2021-05-12 10:45:00,0.0,139.00,Dado aprovado,True,outputs/pesquisa-cobertura-reserva-2021-20260922/raw/ana-86510000-2021-05-01--2021-05-31.xml,1877
2021,2021-05-12T12:00:00-03:00,2021-05-12T11:45:00-03:00,2021-05-12 11:45:00,0.0,134.00,Dado aprovado,True,outputs/pesquisa-cobertura-reserva-2021-20260922/raw/ana-86510000-2021-05-01--2021-05-31.xml,1873
2021,2021-05-12T13:00:00-03:00,2021-05-12T12:45:00-03:00,2021-05-12 12:45:00,0.0,129.00,Dado aprovado,True,outputs/pesquisa-cobertura-reserva-2021-20260922/raw/ana-86510000-2021-05-01--2021-05-31.xml,1869
2021,2021-05-12T14:00:00-03:00,2021-05-12T13:45:00-03:00,2021-05-12 13:45:00,0.0,122.00,Dado aprovado,True,outputs/pesquisa-cobertura-reserva-2021-20260922/raw/ana-86510000-2021-05-01--2021-05-31.xml,1865
2021,2021-05-12T15:00:00-03:00,2021-05-12T14:45:00-03:00,2021-05-12 14:45:00,0.0,116.00,Dado aprovado,True,outputs/pesquisa-cobertura-reserva-2021-20260922/raw/ana-86510000-2021-05-01--2021-05-31.xml,1861
2021,2021-05-12T16:00:00-03:00,2021-05-12T15:45:00-03:00,2021-05-12 15:45:00,0.0,110.00,Dado aprovado,True,outputs/pesquisa-cobertura-reserva-2021-20260922/raw/ana-86510000-2021-05-01--2021-05-31.xml,1857
2021,2021-05-12T17:00:00-03:00,2021-05-12T16:45:00-03:00,2021-05-12 16:45:00,0.0,105.00,Dado aprovado,True,outputs/pesquisa-cobertura-reserva-2021-20260922/raw/ana-86510000-2021-05-01--2021-05-31.xml,1853
2021,2021-05-12T18:00:00-03:00,2021-05-12T17:45:00-03:00,2021-05-12 17:45:00,0.0,101.00,Dado aprovado,True,outputs/pesquisa-cobertura-reserva-2021-20260922/raw/ana-86510000-2021-05-01--2021-05-31.xml,1849
2021,2021-05-12T19:00:00-03:00,2021-05-12T18:45:00-03:00,2021-05-12 18:45:00,0.0,97.00,Dado aprovado,True,outputs/pesquisa-cobertura-reserva-2021-20260922/raw/ana-86510000-2021-05-01--2021-05-31.xml,1845
2021,2021-05-12T20:00:00-03:00,2021-05-12T19:45:00-03:00,2021-05-12 19:45:00,0.0,94.00,Dado aprovado,True,outputs/pesquisa-cobertura-reserva-2021-20260922/raw/ana-86510000-2021-05-01--2021-05-31.xml,1841
2021,2021-05-12T21:00:00-03:00,2021-05-12T20:45:00-03:00,2021-05-12 20:45:00,0.0,91.00,Dado aprovado,True,outputs/pesquisa-cobertura-reserva-2021-20260922/raw/ana-86510000-2021-05-01--2021-05-31.xml,1837
2021,2021-05-12T22:00:00-03:00,2021-05-12T21:45:00-03:00,2021-05-12 21:45:00,0.0,89.00,Dado aprovado,True,outputs/pesquisa-cobertura-reserva-2021-20260922/raw/ana-86510000-2021-05-01--2021-05-31.xml,1833
2021,2021-05-12T23:00:00-03:00,2021-05-12T22:45:00-03:00,2021-05-12 22:45:00,0.0,87.00,Dado aprovado,True,outputs/pesquisa-cobertura-reserva-2021-20260922/raw/ana-86510000-2021-05-01--2021-05-31.xml,1829
2021,2021-05-13T00:00:00-03:00,2021-05-12T23:45:00-03:00,2021-05-12 23:45:00,0.0,86.00,Dado aprovado,True,outputs/pesquisa-cobertura-reserva-2021-20260922/raw/ana-86510000-2021-05-01--2021-05-31.xml,1825
2021,2021-05-13T01:00:00-03:00,2021-05-13T00:45:00-03:00,2021-05-13 00:45:00,0.0,85.00,Dado aprovado,True,outputs/pesquisa-cobertura-reserva-2021-20260922/raw/ana-86510000-2021-05-01--2021-05-31.xml,1821
2021,2021-05-13T02:00:00-03:00,2021-05-13T01:45:00-03:00,2021-05-13 01:45:00,0.0,85.00,Dado aprovado,True,outputs/pesquisa-cobertura-reserva-2021-20260922/raw/ana-86510000-2021-05-01--2021-05-31.xml,1817
2021,2021-05-13T03:00:00-03:00,2021-05-13T02:45:00-03:00,2021-05-13 02:45:00,0.0,84.00,Dado aprovado,True,outputs/pesquisa-cobertura-reserva-2021-20260922/raw/ana-86510000-2021-05-01--2021-05-31.xml,1813
2021,2021-05-13T04:00:00-03:00,2021-05-13T03:45:00-03:00,2021-05-13 03:45:00,0.0,84.00,Dado aprovado,True,outputs/pesquisa-cobertura-reserva-2021-20260922/raw/ana-86510000-2021-05-01--2021-05-31.xml,1809
2021,2021-05-13T05:00:00-03:00,2021-05-13T04:45:00-03:00,2021-05-13 04:45:00,0.0,86.00,Dado aprovado,True,outputs/pesquisa-cobertura-reserva-2021-20260922/raw/ana-86510000-2021-05-01--2021-05-31.xml,1805
2021,2021-05-13T06:00:00-03:00,2021-05-13T05:45:00-03:00,2021-05-13 05:45:00,0.0,94.00,Dado aprovado,True,outputs/pesquisa-cobertura-reserva-2021-20260922/raw/ana-86510000-2021-05-01--2021-05-31.xml,1801
2021,2021-05-13T07:00:00-03:00,2021-05-13T06:45:00-03:00,2021-05-13 06:45:00,0.0,111.00,Dado aprovado,True,outputs/pesquisa-cobertura-reserva-2021-20260922/raw/ana-86510000-2021-05-01--2021-05-31.xml,1797
2021,2021-05-13T08:00:00-03:00,2021-05-13T07:45:00-03:00,2021-05-13 07:45:00,0.0,129.00,Dado aprovado,True,outputs/pesquisa-cobertura-reserva-2021-20260922/raw/ana-86510000-2021-05-01--2021-05-31.xml,1793
2021,2021-05-13T09:00:00-03:00,2021-05-13T08:45:00-03:00,2021-05-13 08:45:00,0.0,138.00,Dado aprovado,True,outputs/pesquisa-cobertura-reserva-2021-20260922/raw/ana-86510000-2021-05-01--2021-05-31.xml,1789
2021,2021-05-13T10:00:00-03:00,2021-05-13T09:45:00-03:00,2021-05-13 09:45:00,0.0,139.00,Dado aprovado,True,outputs/pesquisa-cobertura-reserva-2021-20260922/raw/ana-86510000-2021-05-01--2021-05-31.xml,1785
2021,2021-05-13T11:00:00-03:00,2021-05-13T10:45:00-03:00,2021-05-13 10:45:00,0.0,136.00,Dado aprovado,True,outputs/pesquisa-cobertura-reserva-2021-20260922/raw/ana-86510000-2021-05-01--2021-05-31.xml,1781
2021,2021-05-13T12:00:00-03:00,2021-05-13T11:45:00-03:00,2021-05-13 11:45:00,0.0,131.00,Dado aprovado,True,outputs/pesquisa-cobertura-reserva-2021-20260922/raw/ana-86510000-2021-05-01--2021-05-31.xml,1777
2021,2021-05-13T13:00:00-03:00,2021-05-13T12:45:00-03:00,2021-05-13 12:45:00,0.0,125.00,Dado aprovado,True,outputs/pesquisa-cobertura-reserva-2021-20260922/raw/ana-86510000-2021-05-01--2021-05-31.xml,1773
2021,2021-05-13T14:00:00-03:00,2021-05-13T13:45:00-03:00,2021-05-13 13:45:00,0.0,118.00,Dado aprovado,True,outputs/pesquisa-cobertura-reserva-2021-20260922/raw/ana-86510000-2021-05-01--2021-05-31.xml,1769
2021,2021-05-13T15:00:00-03:00,2021-05-13T14:45:00-03:00,2021-05-13 14:45:00,0.0,112.00,Dado aprovado,True,outputs/pesquisa-cobertura-reserva-2021-20260922/raw/ana-86510000-2021-05-01--2021-05-31.xml,1765
2021,2021-05-13T16:00:00-03:00,2021-05-13T15:45:00-03:00,2021-05-13 15:45:00,0.0,107.00,Dado aprovado,True,outputs/pesquisa-cobertura-reserva-2021-20260922/raw/ana-86510000-2021-05-01--2021-05-31.xml,1761
2021,2021-05-13T17:00:00-03:00,2021-05-13T16:45:00-03:00,2021-05-13 16:45:00,0.0,102.00,Dado aprovado,True,outputs/pesquisa-cobertura-reserva-2021-20260922/raw/ana-86510000-2021-05-01--2021-05-31.xml,1757
2021,2021-05-13T18:00:00-03:00,2021-05-13T17:45:00-03:00,2021-05-13 17:45:00,0.0,98.00,Dado aprovado,True,outputs/pesquisa-cobertura-reserva-2021-20260922/raw/ana-86510000-2021-05-01--2021-05-31.xml,1753
2021,2021-05-13T19:00:00-03:00,2021-05-13T18:45:00-03:00,2021-05-13 18:45:00,0.0,95.00,Dado aprovado,True,outputs/pesquisa-cobertura-reserva-2021-20260922/raw/ana-86510000-2021-05-01--2021-05-31.xml,1749
2021,2021-05-13T20:00:00-03:00,2021-05-13T19:45:00-03:00,2021-05-13 19:45:00,0.0,92.00,Dado aprovado,True,outputs/pesquisa-cobertura-reserva-2021-20260922/raw/ana-86510000-2021-05-01--2021-05-31.xml,1745
2021,2021-05-13T21:00:00-03:00,2021-05-13T20:45:00-03:00,2021-05-13 20:45:00,0.0,90.00,Dado aprovado,True,outputs/pesquisa-cobertura-reserva-2021-20260922/raw/ana-86510000-2021-05-01--2021-05-31.xml,1741
2021,2021-05-13T22:00:00-03:00,2021-05-13T21:45:00-03:00,2021-05-13 21:45:00,0.0,88.00,Dado aprovado,True,outputs/pesquisa-cobertura-reserva-2021-20260922/raw/ana-86510000-2021-05-01--2021-05-31.xml,1737
2021,2021-05-13T23:00:00-03:00,2021-05-13T22:45:00-03:00,2021-05-13 22:45:00,0.0,87.00,Dado aprovado,True,outputs/pesquisa-cobertura-reserva-2021-20260922/raw/ana-86510000-2021-05-01--2021-05-31.xml,1733
2021,2021-05-14T00:00:00-03:00,2021-05-13T23:45:00-03:00,2021-05-13 23:45:00,0.0,85.00,Dado aprovado,True,outputs/pesquisa-cobertura-reserva-2021-20260922/raw/ana-86510000-2021-05-01--2021-05-31.xml,1729
2021,2021-05-14T01:00:00-03:00,2021-05-14T00:45:00-03:00,2021-05-14 00:45:00,0.0,85.00,Dado aprovado,True,outputs/pesquisa-cobertura-reserva-2021-20260922/raw/ana-86510000-2021-05-01--2021-05-31.xml,1725
2021,2021-05-14T02:00:00-03:00,2021-05-14T01:45:00-03:00,2021-05-14 01:45:00,0.0,84.00,Dado aprovado,True,outputs/pesquisa-cobertura-reserva-2021-20260922/raw/ana-86510000-2021-05-01--2021-05-31.xml,1721
2021,2021-05-14T03:00:00-03:00,2021-05-14T02:45:00-03:00,2021-05-14 02:45:00,0.0,84.00,Dado aprovado,True,outputs/pesquisa-cobertura-reserva-2021-20260922/raw/ana-86510000-2021-05-01--2021-05-31.xml,1717
2021,2021-05-14T04:00:00-03:00,2021-05-14T03:45:00-03:00,2021-05-14 03:45:00,0.0,83.00,Dado aprovado,True,outputs/pesquisa-cobertura-reserva-2021-20260922/raw/ana-86510000-2021-05-01--2021-05-31.xml,1713
2021,2021-05-14T05:00:00-03:00,2021-05-14T04:45:00-03:00,2021-05-14 04:45:00,0.0,83.00,Dado aprovado,True,outputs/pesquisa-cobertura-reserva-2021-20260922/raw/ana-86510000-2021-05-01--2021-05-31.xml,1709
2021,2021-05-14T06:00:00-03:00,2021-05-14T05:45:00-03:00,2021-05-14 05:45:00,0.0,83.00,Dado aprovado,True,outputs/pesquisa-cobertura-reserva-2021-20260922/raw/ana-86510000-2021-05-01--2021-05-31.xml,1705
2021,2021-05-14T07:00:00-03:00,2021-05-14T06:45:00-03:00,2021-05-14 06:45:00,0.0,83.00,Dado aprovado,True,outputs/pesquisa-cobertura-reserva-2021-20260922/raw/ana-86510000-2021-05-01--2021-05-31.xml,1701
2021,2021-05-14T08:00:00-03:00,2021-05-14T07:45:00-03:00,2021-05-14 07:45:00,0.0,83.00,Dado aprovado,True,outputs/pesquisa-cobertura-reserva-2021-20260922/raw/ana-86510000-2021-05-01--2021-05-31.xml,1697
2021,2021-05-14T09:00:00-03:00,2021-05-14T08:45:00-03:00,2021-05-14 08:45:00,0.0,83.00,Dado aprovado,True,outputs/pesquisa-cobertura-reserva-2021-20260922/raw/ana-86510000-2021-05-01--2021-05-31.xml,1693
2021,2021-05-14T10:00:00-03:00,2021-05-14T09:45:00-03:00,2021-05-14 09:45:00,0.0,83.00,Dado aprovado,True,outputs/pesquisa-cobertura-reserva-2021-20260922/raw/ana-86510000-2021-05-01--2021-05-31.xml,1689
2021,2021-05-14T11:00:00-03:00,2021-05-14T10:45:00-03:00,2021-05-14 10:45:00,0.0,83.00,Dado aprovado,True,outputs/pesquisa-cobertura-reserva-2021-20260922/raw/ana-86510000-2021-05-01--2021-05-31.xml,1685
2021,2021-05-14T12:00:00-03:00,2021-05-14T11:45:00-03:00,2021-05-14 11:45:00,0.0,83.00,Dado aprovado,True,outputs/pesquisa-cobertura-reserva-2021-20260922/raw/ana-86510000-2021-05-01--2021-05-31.xml,1681
2021,2021-05-14T13:00:00-03:00,2021-05-14T12:45:00-03:00,2021-05-14 12:45:00,0.0,83.00,Dado aprovado,True,outputs/pesquisa-cobertura-reserva-2021-20260922/raw/ana-86510000-2021-05-01--2021-05-31.xml,1677
2021,2021-05-14T14:00:00-03:00,2021-05-14T13:45:00-03:00,2021-05-14 13:45:00,0.0,83.00,Dado aprovado,True,outputs/pesquisa-cobertura-reserva-2021-20260922/raw/ana-86510000-2021-05-01--2021-05-31.xml,1673
2021,2021-05-14T15:00:00-03:00,2021-05-14T14:45:00-03:00,2021-05-14 14:45:00,0.0,82.00,Dado aprovado,True,outputs/pesquisa-cobertura-reserva-2021-20260922/raw/ana-86510000-2021-05-01--2021-05-31.xml,1669
2021,2021-05-14T16:00:00-03:00,2021-05-14T15:45:00-03:00,2021-05-14 15:45:00,0.0,83.00,Dado aprovado,True,outputs/pesquisa-cobertura-reserva-2021-20260922/raw/ana-86510000-2021-05-01--2021-05-31.xml,1665
2021,2021-05-14T17:00:00-03:00,2021-05-14T16:45:00-03:00,2021-05-14 16:45:00,0.0,83.00,Dado aprovado,True,outputs/pesquisa-cobertura-reserva-2021-20260922/raw/ana-86510000-2021-05-01--2021-05-31.xml,1661
2021,2021-05-14T18:00:00-03:00,2021-05-14T17:45:00-03:00,2021-05-14 17:45:00,0.0,84.00,Dado aprovado,True,outputs/pesquisa-cobertura-reserva-2021-20260922/raw/ana-86510000-2021-05-01--2021-05-31.xml,1657
2021,2021-05-14T19:00:00-03:00,2021-05-14T18:45:00-03:00,2021-05-14 18:45:00,0.0,87.00,Dado aprovado,True,outputs/pesquisa-cobertura-reserva-2021-20260922/raw/ana-86510000-2021-05-01--2021-05-31.xml,1653
2021,2021-05-14T20:00:00-03:00,2021-05-14T19:45:00-03:00,2021-05-14 19:45:00,0.0,90.00,Dado aprovado,True,outputs/pesquisa-cobertura-reserva-2021-20260922/raw/ana-86510000-2021-05-01--2021-05-31.xml,1649
2021,2021-05-14T21:00:00-03:00,2021-05-14T20:45:00-03:00,2021-05-14 20:45:00,0.0,93.00,Dado aprovado,True,outputs/pesquisa-cobertura-reserva-2021-20260922/raw/ana-86510000-2021-05-01--2021-05-31.xml,1645
2021,2021-05-14T22:00:00-03:00,2021-05-14T21:45:00-03:00,2021-05-14 21:45:00,0.0,95.00,Dado aprovado,True,outputs/pesquisa-cobertura-reserva-2021-20260922/raw/ana-86510000-2021-05-01--2021-05-31.xml,1641
2021,2021-05-14T23:00:00-03:00,2021-05-14T22:45:00-03:00,2021-05-14 22:45:00,0.0,96.00,Dado aprovado,True,outputs/pesquisa-cobertura-reserva-2021-20260922/raw/ana-86510000-2021-05-01--2021-05-31.xml,1637
2021,2021-05-15T00:00:00-03:00,2021-05-14T23:45:00-03:00,2021-05-14 23:45:00,0.0,96.00,Dado aprovado,True,outputs/pesquisa-cobertura-reserva-2021-20260922/raw/ana-86510000-2021-05-01--2021-05-31.xml,1633
2021,2021-05-15T01:00:00-03:00,2021-05-15T00:45:00-03:00,2021-05-15 00:45:00,0.0,94.00,Dado aprovado,True,outputs/pesquisa-cobertura-reserva-2021-20260922/raw/ana-86510000-2021-05-01--2021-05-31.xml,1629
2021,2021-05-15T02:00:00-03:00,2021-05-15T01:45:00-03:00,2021-05-15 01:45:00,0.0,93.00,Dado aprovado,True,outputs/pesquisa-cobertura-reserva-2021-20260922/raw/ana-86510000-2021-05-01--2021-05-31.xml,1625
2021,2021-05-15T03:00:00-03:00,2021-05-15T02:45:00-03:00,2021-05-15 02:45:00,0.0,91.00,Dado aprovado,True,outputs/pesquisa-cobertura-reserva-2021-20260922/raw/ana-86510000-2021-05-01--2021-05-31.xml,1621
2021,2021-05-15T04:00:00-03:00,2021-05-15T03:45:00-03:00,2021-05-15 03:45:00,0.0,89.00,Dado aprovado,True,outputs/pesquisa-cobertura-reserva-2021-20260922/raw/ana-86510000-2021-05-01--2021-05-31.xml,1617
2021,2021-05-15T05:00:00-03:00,2021-05-15T04:45:00-03:00,2021-05-15 04:45:00,0.0,88.00,Dado aprovado,True,outputs/pesquisa-cobertura-reserva-2021-20260922/raw/ana-86510000-2021-05-01--2021-05-31.xml,1613
2021,2021-05-15T06:00:00-03:00,2021-05-15T05:45:00-03:00,2021-05-15 05:45:00,0.0,86.00,Dado aprovado,True,outputs/pesquisa-cobertura-reserva-2021-20260922/raw/ana-86510000-2021-05-01--2021-05-31.xml,1609
2021,2021-05-15T07:00:00-03:00,2021-05-15T06:45:00-03:00,2021-05-15 06:45:00,0.0,85.00,Dado aprovado,True,outputs/pesquisa-cobertura-reserva-2021-20260922/raw/ana-86510000-2021-05-01--2021-05-31.xml,1605
2021,2021-05-15T08:00:00-03:00,2021-05-15T07:45:00-03:00,2021-05-15 07:45:00,0.0,84.00,Dado aprovado,True,outputs/pesquisa-cobertura-reserva-2021-20260922/raw/ana-86510000-2021-05-01--2021-05-31.xml,1601
2021,2021-05-15T09:00:00-03:00,2021-05-15T08:45:00-03:00,2021-05-15 08:45:00,0.0,83.00,Dado aprovado,True,outputs/pesquisa-cobertura-reserva-2021-20260922/raw/ana-86510000-2021-05-01--2021-05-31.xml,1597
2021,2021-05-15T10:00:00-03:00,2021-05-15T09:45:00-03:00,2021-05-15 09:45:00,0.0,83.00,Dado aprovado,True,outputs/pesquisa-cobertura-reserva-2021-20260922/raw/ana-86510000-2021-05-01--2021-05-31.xml,1593
2021,2021-05-15T11:00:00-03:00,2021-05-15T10:45:00-03:00,2021-05-15 10:45:00,0.0,82.00,Dado aprovado,True,outputs/pesquisa-cobertura-reserva-2021-20260922/raw/ana-86510000-2021-05-01--2021-05-31.xml,1589
2021,2021-05-15T12:00:00-03:00,2021-05-15T11:45:00-03:00,2021-05-15 11:45:00,0.0,82.00,Dado aprovado,True,outputs/pesquisa-cobertura-reserva-2021-20260922/raw/ana-86510000-2021-05-01--2021-05-31.xml,1585
2021,2021-05-15T13:00:00-03:00,2021-05-15T12:45:00-03:00,2021-05-15 12:45:00,0.0,82.00,Dado aprovado,True,outputs/pesquisa-cobertura-reserva-2021-20260922/raw/ana-86510000-2021-05-01--2021-05-31.xml,1581
2021,2021-05-15T14:00:00-03:00,2021-05-15T13:45:00-03:00,2021-05-15 13:45:00,0.0,82.00,Dado aprovado,True,outputs/pesquisa-cobertura-reserva-2021-20260922/raw/ana-86510000-2021-05-01--2021-05-31.xml,1577
2021,2021-05-15T15:00:00-03:00,2021-05-15T14:45:00-03:00,2021-05-15 14:45:00,0.0,82.00,Dado aprovado,True,outputs/pesquisa-cobertura-reserva-2021-20260922/raw/ana-86510000-2021-05-01--2021-05-31.xml,1573
2021,2021-05-15T16:00:00-03:00,2021-05-15T15:45:00-03:00,2021-05-15 15:45:00,0.0,82.00,Dado aprovado,True,outputs/pesquisa-cobertura-reserva-2021-20260922/raw/ana-86510000-2021-05-01--2021-05-31.xml,1569
2021,2021-05-15T17:00:00-03:00,2021-05-15T16:45:00-03:00,2021-05-15 16:45:00,0.0,82.00,Dado aprovado,True,outputs/pesquisa-cobertura-reserva-2021-20260922/raw/ana-86510000-2021-05-01--2021-05-31.xml,1565
2021,2021-05-15T18:00:00-03:00,2021-05-15T17:45:00-03:00,2021-05-15 17:45:00,0.0,82.00,Dado aprovado,True,outputs/pesquisa-cobertura-reserva-2021-20260922/raw/ana-86510000-2021-05-01--2021-05-31.xml,1561
2021,2021-05-15T19:00:00-03:00,2021-05-15T18:45:00-03:00,2021-05-15 18:45:00,0.0,82.00,Dado aprovado,True,outputs/pesquisa-cobertura-reserva-2021-20260922/raw/ana-86510000-2021-05-01--2021-05-31.xml,1557
2021,2021-05-15T20:00:00-03:00,2021-05-15T19:45:00-03:00,2021-05-15 19:45:00,0.0,82.00,Dado aprovado,True,outputs/pesquisa-cobertura-reserva-2021-20260922/raw/ana-86510000-2021-05-01--2021-05-31.xml,1553
2021,2021-05-15T21:00:00-03:00,2021-05-15T20:45:00-03:00,2021-05-15 20:45:00,0.0,82.00,Dado aprovado,True,outputs/pesquisa-cobertura-reserva-2021-20260922/raw/ana-86510000-2021-05-01--2021-05-31.xml,1549
2021,2021-05-15T22:00:00-03:00,2021-05-15T21:45:00-03:00,2021-05-15 21:45:00,0.0,82.00,Dado aprovado,True,outputs/pesquisa-cobertura-reserva-2021-20260922/raw/ana-86510000-2021-05-01--2021-05-31.xml,1545
2021,2021-05-15T23:00:00-03:00,2021-05-15T22:45:00-03:00,2021-05-15 22:45:00,0.0,82.00,Dado aprovado,True,outputs/pesquisa-cobertura-reserva-2021-20260922/raw/ana-86510000-2021-05-01--2021-05-31.xml,1541
2021,2021-05-16T00:00:00-03:00,2021-05-15T23:45:00-03:00,2021-05-15 23:45:00,0.0,82.00,Dado aprovado,True,outputs/pesquisa-cobertura-reserva-2021-20260922/raw/ana-86510000-2021-05-01--2021-05-31.xml,1537
2021,2021-05-16T01:00:00-03:00,2021-05-16T00:45:00-03:00,2021-05-16 00:45:00,0.0,82.00,Dado aprovado,True,outputs/pesquisa-cobertura-reserva-2021-20260922/raw/ana-86510000-2021-05-01--2021-05-31.xml,1533
2021,2021-05-16T02:00:00-03:00,2021-05-16T01:45:00-03:00,2021-05-16 01:45:00,0.0,82.00,Dado aprovado,True,outputs/pesquisa-cobertura-reserva-2021-20260922/raw/ana-86510000-2021-05-01--2021-05-31.xml,1529
2021,2021-05-16T03:00:00-03:00,2021-05-16T02:45:00-03:00,2021-05-16 02:45:00,0.0,82.00,Dado aprovado,True,outputs/pesquisa-cobertura-reserva-2021-20260922/raw/ana-86510000-2021-05-01--2021-05-31.xml,1525
2021,2021-05-16T04:00:00-03:00,2021-05-16T03:45:00-03:00,2021-05-16 03:45:00,0.0,82.00,Dado aprovado,True,outputs/pesquisa-cobertura-reserva-2021-20260922/raw/ana-86510000-2021-05-01--2021-05-31.xml,1521
2021,2021-05-16T05:00:00-03:00,2021-05-16T04:45:00-03:00,2021-05-16 04:45:00,0.0,82.00,Dado aprovado,True,outputs/pesquisa-cobertura-reserva-2021-20260922/raw/ana-86510000-2021-05-01--2021-05-31.xml,1517
2021,2021-05-16T06:00:00-03:00,2021-05-16T05:45:00-03:00,2021-05-16 05:45:00,0.0,82.00,Dado aprovado,True,outputs/pesquisa-cobertura-reserva-2021-20260922/raw/ana-86510000-2021-05-01--2021-05-31.xml,1513
2021,2021-05-16T07:00:00-03:00,2021-05-16T06:45:00-03:00,2021-05-16 06:45:00,0.0,82.00,Dado aprovado,True,outputs/pesquisa-cobertura-reserva-2021-20260922/raw/ana-86510000-2021-05-01--2021-05-31.xml,1509
2021,2021-05-16T08:00:00-03:00,2021-05-16T07:45:00-03:00,2021-05-16 07:45:00,0.0,82.00,Dado aprovado,True,outputs/pesquisa-cobertura-reserva-2021-20260922/raw/ana-86510000-2021-05-01--2021-05-31.xml,1505
2021,2021-05-16T09:00:00-03:00,2021-05-16T08:45:00-03:00,2021-05-16 08:45:00,0.0,82.00,Dado aprovado,True,outputs/pesquisa-cobertura-reserva-2021-20260922/raw/ana-86510000-2021-05-01--2021-05-31.xml,1501
2021,2021-05-16T10:00:00-03:00,2021-05-16T09:45:00-03:00,2021-05-16 09:45:00,0.0,82.00,Dado aprovado,True,outputs/pesquisa-cobertura-reserva-2021-20260922/raw/ana-86510000-2021-05-01--2021-05-31.xml,1497
2021,2021-05-16T11:00:00-03:00,2021-05-16T10:45:00-03:00,2021-05-16 10:45:00,0.0,82.00,Dado aprovado,True,outputs/pesquisa-cobertura-reserva-2021-20260922/raw/ana-86510000-2021-05-01--2021-05-31.xml,1493
2021,2021-05-16T12:00:00-03:00,2021-05-16T11:45:00-03:00,2021-05-16 11:45:00,0.0,82.00,Dado aprovado,True,outputs/pesquisa-cobertura-reserva-2021-20260922/raw/ana-86510000-2021-05-01--2021-05-31.xml,1489
2021,2021-05-16T13:00:00-03:00,2021-05-16T12:45:00-03:00,2021-05-16 12:45:00,0.0,82.00,Dado aprovado,True,outputs/pesquisa-cobertura-reserva-2021-20260922/raw/ana-86510000-2021-05-01--2021-05-31.xml,1485
2021,2021-05-16T14:00:00-03:00,2021-05-16T13:45:00-03:00,2021-05-16 13:45:00,0.0,82.00,Dado aprovado,True,outputs/pesquisa-cobertura-reserva-2021-20260922/raw/ana-86510000-2021-05-01--2021-05-31.xml,1481
2021,2021-05-16T15:00:00-03:00,2021-05-16T14:45:00-03:00,2021-05-16 14:45:00,0.0,82.00,Dado aprovado,True,outputs/pesquisa-cobertura-reserva-2021-20260922/raw/ana-86510000-2021-05-01--2021-05-31.xml,1477
2021,2021-05-16T16:00:00-03:00,2021-05-16T15:45:00-03:00,2021-05-16 15:45:00,0.0,82.00,Dado aprovado,True,outputs/pesquisa-cobertura-reserva-2021-20260922/raw/ana-86510000-2021-05-01--2021-05-31.xml,1473
2021,2021-05-16T17:00:00-03:00,2021-05-16T16:45:00-03:00,2021-05-16 16:45:00,0.0,82.00,Dado aprovado,True,outputs/pesquisa-cobertura-reserva-2021-20260922/raw/ana-86510000-2021-05-01--2021-05-31.xml,1469
2021,2021-05-16T18:00:00-03:00,2021-05-16T17:45:00-03:00,2021-05-16 17:45:00,0.0,82.00,Dado aprovado,True,outputs/pesquisa-cobertura-reserva-2021-20260922/raw/ana-86510000-2021-05-01--2021-05-31.xml,1465
2021,2021-05-16T19:00:00-03:00,2021-05-16T18:45:00-03:00,2021-05-16 18:45:00,0.0,82.00,Dado aprovado,True,outputs/pesquisa-cobertura-reserva-2021-20260922/raw/ana-86510000-2021-05-01--2021-05-31.xml,1461
2021,2021-05-16T20:00:00-03:00,2021-05-16T19:45:00-03:00,2021-05-16 19:45:00,0.0,82.00,Dado aprovado,True,outputs/pesquisa-cobertura-reserva-2021-20260922/raw/ana-86510000-2021-05-01--2021-05-31.xml,1457
2021,2021-05-16T21:00:00-03:00,2021-05-16T20:45:00-03:00,2021-05-16 20:45:00,0.0,83.00,Dado aprovado,True,outputs/pesquisa-cobertura-reserva-2021-20260922/raw/ana-86510000-2021-05-01--2021-05-31.xml,1453
2021,2021-05-16T22:00:00-03:00,2021-05-16T21:45:00-03:00,2021-05-16 21:45:00,0.0,83.00,Dado aprovado,True,outputs/pesquisa-cobertura-reserva-2021-20260922/raw/ana-86510000-2021-05-01--2021-05-31.xml,1449
2021,2021-05-16T23:00:00-03:00,2021-05-16T22:45:00-03:00,2021-05-16 22:45:00,0.0,83.00,Dado aprovado,True,outputs/pesquisa-cobertura-reserva-2021-20260922/raw/ana-86510000-2021-05-01--2021-05-31.xml,1445
2021,2021-05-17T00:00:00-03:00,2021-05-16T23:45:00-03:00,2021-05-16 23:45:00,0.0,83.00,Dado aprovado,True,outputs/pesquisa-cobertura-reserva-2021-20260922/raw/ana-86510000-2021-05-01--2021-05-31.xml,1441
2021,2021-05-17T01:00:00-03:00,2021-05-17T00:45:00-03:00,2021-05-17 00:45:00,0.0,83.00,Dado aprovado,True,outputs/pesquisa-cobertura-reserva-2021-20260922/raw/ana-86510000-2021-05-01--2021-05-31.xml,1437
2021,2021-05-17T02:00:00-03:00,2021-05-17T01:45:00-03:00,2021-05-17 01:45:00,0.0,83.00,Dado aprovado,True,outputs/pesquisa-cobertura-reserva-2021-20260922/raw/ana-86510000-2021-05-01--2021-05-31.xml,1433
2021,2021-05-17T03:00:00-03:00,2021-05-17T02:45:00-03:00,2021-05-17 02:45:00,0.0,83.00,Dado aprovado,True,outputs/pesquisa-cobertura-reserva-2021-20260922/raw/ana-86510000-2021-05-01--2021-05-31.xml,1429
2021,2021-05-17T04:00:00-03:00,2021-05-17T03:45:00-03:00,2021-05-17 03:45:00,0.0,83.00,Dado aprovado,True,outputs/pesquisa-cobertura-reserva-2021-20260922/raw/ana-86510000-2021-05-01--2021-05-31.xml,1425
2021,2021-05-17T05:00:00-03:00,2021-05-17T04:45:00-03:00,2021-05-17 04:45:00,0.0,83.00,Dado aprovado,True,outputs/pesquisa-cobertura-reserva-2021-20260922/raw/ana-86510000-2021-05-01--2021-05-31.xml,1421
2021,2021-05-17T06:00:00-03:00,2021-05-17T05:45:00-03:00,2021-05-17 05:45:00,0.0,83.00,Dado aprovado,True,outputs/pesquisa-cobertura-reserva-2021-20260922/raw/ana-86510000-2021-05-01--2021-05-31.xml,1417
2021,2021-05-17T07:00:00-03:00,2021-05-17T06:45:00-03:00,2021-05-17 06:45:00,0.0,84.00,Dado aprovado,True,outputs/pesquisa-cobertura-reserva-2021-20260922/raw/ana-86510000-2021-05-01--2021-05-31.xml,1413
2021,2021-05-17T08:00:00-03:00,2021-05-17T07:45:00-03:00,2021-05-17 07:45:00,0.0,84.00,Dado aprovado,True,outputs/pesquisa-cobertura-reserva-2021-20260922/raw/ana-86510000-2021-05-01--2021-05-31.xml,1409
2021,2021-05-17T09:00:00-03:00,2021-05-17T08:45:00-03:00,2021-05-17 08:45:00,0.0,85.00,Dado aprovado,True,outputs/pesquisa-cobertura-reserva-2021-20260922/raw/ana-86510000-2021-05-01--2021-05-31.xml,1405
2021,2021-05-17T10:00:00-03:00,2021-05-17T09:45:00-03:00,2021-05-17 09:45:00,0.0,86.00,Dado aprovado,True,outputs/pesquisa-cobertura-reserva-2021-20260922/raw/ana-86510000-2021-05-01--2021-05-31.xml,1401
2021,2021-05-17T11:00:00-03:00,2021-05-17T10:45:00-03:00,2021-05-17 10:45:00,0.0,87.00,Dado aprovado,True,outputs/pesquisa-cobertura-reserva-2021-20260922/raw/ana-86510000-2021-05-01--2021-05-31.xml,1397
2021,2021-05-17T12:00:00-03:00,2021-05-17T11:45:00-03:00,2021-05-17 11:45:00,0.0,87.00,Dado aprovado,True,outputs/pesquisa-cobertura-reserva-2021-20260922/raw/ana-86510000-2021-05-01--2021-05-31.xml,1393
2021,2021-05-17T13:00:00-03:00,2021-05-17T12:45:00-03:00,2021-05-17 12:45:00,0.0,86.00,Dado aprovado,True,outputs/pesquisa-cobertura-reserva-2021-20260922/raw/ana-86510000-2021-05-01--2021-05-31.xml,1389
2021,2021-05-17T14:00:00-03:00,2021-05-17T13:45:00-03:00,2021-05-17 13:45:00,0.0,86.00,Dado aprovado,True,outputs/pesquisa-cobertura-reserva-2021-20260922/raw/ana-86510000-2021-05-01--2021-05-31.xml,1385
2021,2021-05-17T15:00:00-03:00,2021-05-17T14:45:00-03:00,2021-05-17 14:45:00,0.0,85.00,Dado aprovado,True,outputs/pesquisa-cobertura-reserva-2021-20260922/raw/ana-86510000-2021-05-01--2021-05-31.xml,1381
2021,2021-05-17T16:00:00-03:00,2021-05-17T15:45:00-03:00,2021-05-17 15:45:00,0.0,85.00,Dado aprovado,True,outputs/pesquisa-cobertura-reserva-2021-20260922/raw/ana-86510000-2021-05-01--2021-05-31.xml,1377
2021,2021-05-17T17:00:00-03:00,2021-05-17T16:45:00-03:00,2021-05-17 16:45:00,0.0,84.00,Dado aprovado,True,outputs/pesquisa-cobertura-reserva-2021-20260922/raw/ana-86510000-2021-05-01--2021-05-31.xml,1373
2021,2021-05-17T18:00:00-03:00,2021-05-17T17:45:00-03:00,2021-05-17 17:45:00,0.0,84.00,Dado aprovado,True,outputs/pesquisa-cobertura-reserva-2021-20260922/raw/ana-86510000-2021-05-01--2021-05-31.xml,1369
2021,2021-05-17T19:00:00-03:00,2021-05-17T18:45:00-03:00,2021-05-17 18:45:00,0.0,84.00,Dado aprovado,True,outputs/pesquisa-cobertura-reserva-2021-20260922/raw/ana-86510000-2021-05-01--2021-05-31.xml,1365
2021,2021-05-17T20:00:00-03:00,2021-05-17T19:45:00-03:00,2021-05-17 19:45:00,0.0,83.00,Dado aprovado,True,outputs/pesquisa-cobertura-reserva-2021-20260922/raw/ana-86510000-2021-05-01--2021-05-31.xml,1361
2021,2021-05-17T21:00:00-03:00,2021-05-17T20:45:00-03:00,2021-05-17 20:45:00,0.0,83.00,Dado aprovado,True,outputs/pesquisa-cobertura-reserva-2021-20260922/raw/ana-86510000-2021-05-01--2021-05-31.xml,1357
2021,2021-05-17T22:00:00-03:00,2021-05-17T21:45:00-03:00,2021-05-17 21:45:00,0.0,84.00,Dado aprovado,True,outputs/pesquisa-cobertura-reserva-2021-20260922/raw/ana-86510000-2021-05-01--2021-05-31.xml,1353
2021,2021-05-17T23:00:00-03:00,2021-05-17T22:45:00-03:00,2021-05-17 22:45:00,0.0,84.00,Dado aprovado,True,outputs/pesquisa-cobertura-reserva-2021-20260922/raw/ana-86510000-2021-05-01--2021-05-31.xml,1349
2021,2021-05-18T00:00:00-03:00,2021-05-17T23:45:00-03:00,2021-05-17 23:45:00,0.0,86.00,Dado aprovado,True,outputs/pesquisa-cobertura-reserva-2021-20260922/raw/ana-86510000-2021-05-01--2021-05-31.xml,1345
2021,2021-05-18T01:00:00-03:00,2021-05-18T00:45:00-03:00,2021-05-18 00:45:00,0.0,88.00,Dado aprovado,True,outputs/pesquisa-cobertura-reserva-2021-20260922/raw/ana-86510000-2021-05-01--2021-05-31.xml,1341
2021,2021-05-18T02:00:00-03:00,2021-05-18T01:45:00-03:00,2021-05-18 01:45:00,0.0,90.00,Dado aprovado,True,outputs/pesquisa-cobertura-reserva-2021-20260922/raw/ana-86510000-2021-05-01--2021-05-31.xml,1337
2021,2021-05-18T03:00:00-03:00,2021-05-18T02:45:00-03:00,2021-05-18 02:45:00,0.0,91.00,Dado aprovado,True,outputs/pesquisa-cobertura-reserva-2021-20260922/raw/ana-86510000-2021-05-01--2021-05-31.xml,1333
2021,2021-05-18T04:00:00-03:00,2021-05-18T03:45:00-03:00,2021-05-18 03:45:00,0.0,91.00,Dado aprovado,True,outputs/pesquisa-cobertura-reserva-2021-20260922/raw/ana-86510000-2021-05-01--2021-05-31.xml,1329
2021,2021-05-18T05:00:00-03:00,2021-05-18T04:45:00-03:00,2021-05-18 04:45:00,0.0,91.00,Dado aprovado,True,outputs/pesquisa-cobertura-reserva-2021-20260922/raw/ana-86510000-2021-05-01--2021-05-31.xml,1325
2021,2021-05-18T06:00:00-03:00,2021-05-18T05:45:00-03:00,2021-05-18 05:45:00,0.0,90.00,Dado aprovado,True,outputs/pesquisa-cobertura-reserva-2021-20260922/raw/ana-86510000-2021-05-01--2021-05-31.xml,1321
2021,2021-05-18T07:00:00-03:00,2021-05-18T06:45:00-03:00,2021-05-18 06:45:00,0.0,89.00,Dado aprovado,True,outputs/pesquisa-cobertura-reserva-2021-20260922/raw/ana-86510000-2021-05-01--2021-05-31.xml,1317
2021,2021-05-18T08:00:00-03:00,2021-05-18T07:45:00-03:00,2021-05-18 07:45:00,0.0,88.00,Dado aprovado,True,outputs/pesquisa-cobertura-reserva-2021-20260922/raw/ana-86510000-2021-05-01--2021-05-31.xml,1313
2021,2021-05-18T09:00:00-03:00,2021-05-18T08:45:00-03:00,2021-05-18 08:45:00,0.0,87.00,Dado aprovado,True,outputs/pesquisa-cobertura-reserva-2021-20260922/raw/ana-86510000-2021-05-01--2021-05-31.xml,1309
2021,2021-05-18T10:00:00-03:00,2021-05-18T09:45:00-03:00,2021-05-18 09:45:00,0.0,86.00,Dado aprovado,True,outputs/pesquisa-cobertura-reserva-2021-20260922/raw/ana-86510000-2021-05-01--2021-05-31.xml,1305
2021,2021-05-18T11:00:00-03:00,2021-05-18T10:45:00-03:00,2021-05-18 10:45:00,0.0,85.00,Dado aprovado,True,outputs/pesquisa-cobertura-reserva-2021-20260922/raw/ana-86510000-2021-05-01--2021-05-31.xml,1301
2021,2021-05-18T12:00:00-03:00,2021-05-18T11:45:00-03:00,2021-05-18 11:45:00,0.0,84.00,Dado aprovado,True,outputs/pesquisa-cobertura-reserva-2021-20260922/raw/ana-86510000-2021-05-01--2021-05-31.xml,1297
2021,2021-05-18T13:00:00-03:00,2021-05-18T12:45:00-03:00,2021-05-18 12:45:00,0.0,84.00,Dado aprovado,True,outputs/pesquisa-cobertura-reserva-2021-20260922/raw/ana-86510000-2021-05-01--2021-05-31.xml,1293
2021,2021-05-18T14:00:00-03:00,2021-05-18T13:45:00-03:00,2021-05-18 13:45:00,0.0,84.00,Dado aprovado,True,outputs/pesquisa-cobertura-reserva-2021-20260922/raw/ana-86510000-2021-05-01--2021-05-31.xml,1289
2021,2021-05-18T15:00:00-03:00,2021-05-18T14:45:00-03:00,2021-05-18 14:45:00,0.0,83.00,Dado aprovado,True,outputs/pesquisa-cobertura-reserva-2021-20260922/raw/ana-86510000-2021-05-01--2021-05-31.xml,1285
2021,2021-05-18T16:00:00-03:00,2021-05-18T15:45:00-03:00,2021-05-18 15:45:00,0.0,83.00,Dado aprovado,True,outputs/pesquisa-cobertura-reserva-2021-20260922/raw/ana-86510000-2021-05-01--2021-05-31.xml,1281
2021,2021-05-18T17:00:00-03:00,2021-05-18T16:45:00-03:00,2021-05-18 16:45:00,0.0,83.00,Dado aprovado,True,outputs/pesquisa-cobertura-reserva-2021-20260922/raw/ana-86510000-2021-05-01--2021-05-31.xml,1277
2021,2021-05-18T18:00:00-03:00,2021-05-18T17:45:00-03:00,2021-05-18 17:45:00,0.0,83.00,Dado aprovado,True,outputs/pesquisa-cobertura-reserva-2021-20260922/raw/ana-86510000-2021-05-01--2021-05-31.xml,1273
2021,2021-05-18T19:00:00-03:00,2021-05-18T18:45:00-03:00,2021-05-18 18:45:00,0.0,83.00,Dado aprovado,True,outputs/pesquisa-cobertura-reserva-2021-20260922/raw/ana-86510000-2021-05-01--2021-05-31.xml,1269
2021,2021-05-18T20:00:00-03:00,2021-05-18T19:45:00-03:00,2021-05-18 19:45:00,0.0,83.00,Dado aprovado,True,outputs/pesquisa-cobertura-reserva-2021-20260922/raw/ana-86510000-2021-05-01--2021-05-31.xml,1265
2021,2021-05-18T21:00:00-03:00,2021-05-18T20:45:00-03:00,2021-05-18 20:45:00,0.0,83.00,Dado aprovado,True,outputs/pesquisa-cobertura-reserva-2021-20260922/raw/ana-86510000-2021-05-01--2021-05-31.xml,1261
2021,2021-05-18T22:00:00-03:00,2021-05-18T21:45:00-03:00,2021-05-18 21:45:00,0.0,83.00,Dado aprovado,True,outputs/pesquisa-cobertura-reserva-2021-20260922/raw/ana-86510000-2021-05-01--2021-05-31.xml,1257
2021,2021-05-18T23:00:00-03:00,2021-05-18T22:45:00-03:00,2021-05-18 22:45:00,0.0,83.00,Dado aprovado,True,outputs/pesquisa-cobertura-reserva-2021-20260922/raw/ana-86510000-2021-05-01--2021-05-31.xml,1253
2021,2021-05-19T00:00:00-03:00,2021-05-18T23:45:00-03:00,2021-05-18 23:45:00,0.0,83.00,Dado aprovado,True,outputs/pesquisa-cobertura-reserva-2021-20260922/raw/ana-86510000-2021-05-01--2021-05-31.xml,1249
2021,2021-05-19T01:00:00-03:00,2021-05-19T00:45:00-03:00,2021-05-19 00:45:00,0.0,82.00,Dado aprovado,True,outputs/pesquisa-cobertura-reserva-2021-20260922/raw/ana-86510000-2021-05-01--2021-05-31.xml,1245
2021,2021-05-19T02:00:00-03:00,2021-05-19T01:45:00-03:00,2021-05-19 01:45:00,0.0,82.00,Dado aprovado,True,outputs/pesquisa-cobertura-reserva-2021-20260922/raw/ana-86510000-2021-05-01--2021-05-31.xml,1241
2021,2021-05-19T03:00:00-03:00,2021-05-19T02:45:00-03:00,2021-05-19 02:45:00,0.0,82.00,Dado aprovado,True,outputs/pesquisa-cobertura-reserva-2021-20260922/raw/ana-86510000-2021-05-01--2021-05-31.xml,1237
2021,2021-05-19T04:00:00-03:00,2021-05-19T03:45:00-03:00,2021-05-19 03:45:00,0.0,82.00,Dado aprovado,True,outputs/pesquisa-cobertura-reserva-2021-20260922/raw/ana-86510000-2021-05-01--2021-05-31.xml,1233
2021,2021-05-19T05:00:00-03:00,2021-05-19T04:45:00-03:00,2021-05-19 04:45:00,0.0,82.00,Dado aprovado,True,outputs/pesquisa-cobertura-reserva-2021-20260922/raw/ana-86510000-2021-05-01--2021-05-31.xml,1229
2021,2021-05-19T06:00:00-03:00,2021-05-19T05:45:00-03:00,2021-05-19 05:45:00,0.0,83.00,Dado aprovado,True,outputs/pesquisa-cobertura-reserva-2021-20260922/raw/ana-86510000-2021-05-01--2021-05-31.xml,1225
2021,2021-05-19T07:00:00-03:00,2021-05-19T06:45:00-03:00,2021-05-19 06:45:00,0.0,87.00,Dado aprovado,True,outputs/pesquisa-cobertura-reserva-2021-20260922/raw/ana-86510000-2021-05-01--2021-05-31.xml,1221
2021,2021-05-19T08:00:00-03:00,2021-05-19T07:45:00-03:00,2021-05-19 07:45:00,0.0,98.00,Dado aprovado,True,outputs/pesquisa-cobertura-reserva-2021-20260922/raw/ana-86510000-2021-05-01--2021-05-31.xml,1217
2021,2021-05-19T09:00:00-03:00,2021-05-19T08:45:00-03:00,2021-05-19 08:45:00,0.0,114.00,Dado aprovado,True,outputs/pesquisa-cobertura-reserva-2021-20260922/raw/ana-86510000-2021-05-01--2021-05-31.xml,1213
2021,2021-05-19T10:00:00-03:00,2021-05-19T09:45:00-03:00,2021-05-19 09:45:00,0.0,124.00,Dado aprovado,True,outputs/pesquisa-cobertura-reserva-2021-20260922/raw/ana-86510000-2021-05-01--2021-05-31.xml,1209
2021,2021-05-19T11:00:00-03:00,2021-05-19T10:45:00-03:00,2021-05-19 10:45:00,0.0,126.00,Dado aprovado,True,outputs/pesquisa-cobertura-reserva-2021-20260922/raw/ana-86510000-2021-05-01--2021-05-31.xml,1205
2021,2021-05-19T12:00:00-03:00,2021-05-19T11:45:00-03:00,2021-05-19 11:45:00,0.0,124.00,Dado aprovado,True,outputs/pesquisa-cobertura-reserva-2021-20260922/raw/ana-86510000-2021-05-01--2021-05-31.xml,1201
2021,2021-05-19T13:00:00-03:00,2021-05-19T12:45:00-03:00,2021-05-19 12:45:00,0.0,120.00,Dado aprovado,True,outputs/pesquisa-cobertura-reserva-2021-20260922/raw/ana-86510000-2021-05-01--2021-05-31.xml,1197
2021,2021-05-19T14:00:00-03:00,2021-05-19T13:45:00-03:00,2021-05-19 13:45:00,0.0,115.00,Dado aprovado,True,outputs/pesquisa-cobertura-reserva-2021-20260922/raw/ana-86510000-2021-05-01--2021-05-31.xml,1193
2021,2021-05-19T15:00:00-03:00,2021-05-19T14:45:00-03:00,2021-05-19 14:45:00,0.0,110.00,Dado aprovado,True,outputs/pesquisa-cobertura-reserva-2021-20260922/raw/ana-86510000-2021-05-01--2021-05-31.xml,1189
2021,2021-05-19T16:00:00-03:00,2021-05-19T15:45:00-03:00,2021-05-19 15:45:00,0.0,105.00,Dado aprovado,True,outputs/pesquisa-cobertura-reserva-2021-20260922/raw/ana-86510000-2021-05-01--2021-05-31.xml,1185
2021,2021-05-19T17:00:00-03:00,2021-05-19T16:45:00-03:00,2021-05-19 16:45:00,0.0,101.00,Dado aprovado,True,outputs/pesquisa-cobertura-reserva-2021-20260922/raw/ana-86510000-2021-05-01--2021-05-31.xml,1181
2021,2021-05-19T18:00:00-03:00,2021-05-19T17:45:00-03:00,2021-05-19 17:45:00,0.0,97.00,Dado aprovado,True,outputs/pesquisa-cobertura-reserva-2021-20260922/raw/ana-86510000-2021-05-01--2021-05-31.xml,1177
2021,2021-05-19T19:00:00-03:00,2021-05-19T18:45:00-03:00,2021-05-19 18:45:00,0.0,94.00,Dado aprovado,True,outputs/pesquisa-cobertura-reserva-2021-20260922/raw/ana-86510000-2021-05-01--2021-05-31.xml,1173
2021,2021-05-19T20:00:00-03:00,2021-05-19T19:45:00-03:00,2021-05-19 19:45:00,0.0,91.00,Dado aprovado,True,outputs/pesquisa-cobertura-reserva-2021-20260922/raw/ana-86510000-2021-05-01--2021-05-31.xml,1169
2021,2021-05-19T21:00:00-03:00,2021-05-19T20:45:00-03:00,2021-05-19 20:45:00,0.0,89.00,Dado aprovado,True,outputs/pesquisa-cobertura-reserva-2021-20260922/raw/ana-86510000-2021-05-01--2021-05-31.xml,1165
2021,2021-05-19T22:00:00-03:00,2021-05-19T21:45:00-03:00,2021-05-19 21:45:00,0.0,87.00,Dado aprovado,True,outputs/pesquisa-cobertura-reserva-2021-20260922/raw/ana-86510000-2021-05-01--2021-05-31.xml,1161
2021,2021-05-19T23:00:00-03:00,2021-05-19T22:45:00-03:00,2021-05-19 22:45:00,0.0,86.00,Dado aprovado,True,outputs/pesquisa-cobertura-reserva-2021-20260922/raw/ana-86510000-2021-05-01--2021-05-31.xml,1157
2021,2021-05-20T00:00:00-03:00,2021-05-19T23:45:00-03:00,2021-05-19 23:45:00,0.0,85.00,Dado aprovado,True,outputs/pesquisa-cobertura-reserva-2021-20260922/raw/ana-86510000-2021-05-01--2021-05-31.xml,1153
2021,2021-05-20T01:00:00-03:00,2021-05-20T00:45:00-03:00,2021-05-20 00:45:00,0.0,84.00,Dado aprovado,True,outputs/pesquisa-cobertura-reserva-2021-20260922/raw/ana-86510000-2021-05-01--2021-05-31.xml,1149
2021,2021-05-20T02:00:00-03:00,2021-05-20T01:45:00-03:00,2021-05-20 01:45:00,0.0,84.00,Dado aprovado,True,outputs/pesquisa-cobertura-reserva-2021-20260922/raw/ana-86510000-2021-05-01--2021-05-31.xml,1145
2021,2021-05-20T03:00:00-03:00,2021-05-20T02:45:00-03:00,2021-05-20 02:45:00,0.0,83.00,Dado aprovado,True,outputs/pesquisa-cobertura-reserva-2021-20260922/raw/ana-86510000-2021-05-01--2021-05-31.xml,1141
2021,2021-05-20T04:00:00-03:00,2021-05-20T03:45:00-03:00,2021-05-20 03:45:00,0.0,83.00,Dado aprovado,True,outputs/pesquisa-cobertura-reserva-2021-20260922/raw/ana-86510000-2021-05-01--2021-05-31.xml,1137
2021,2021-05-20T05:00:00-03:00,2021-05-20T04:45:00-03:00,2021-05-20 04:45:00,0.0,83.00,Dado aprovado,True,outputs/pesquisa-cobertura-reserva-2021-20260922/raw/ana-86510000-2021-05-01--2021-05-31.xml,1133
2021,2021-05-20T06:00:00-03:00,2021-05-20T05:45:00-03:00,2021-05-20 05:45:00,0.0,83.00,Dado aprovado,True,outputs/pesquisa-cobertura-reserva-2021-20260922/raw/ana-86510000-2021-05-01--2021-05-31.xml,1129
2021,2021-05-20T07:00:00-03:00,2021-05-20T06:45:00-03:00,2021-05-20 06:45:00,0.0,83.00,Dado aprovado,True,outputs/pesquisa-cobertura-reserva-2021-20260922/raw/ana-86510000-2021-05-01--2021-05-31.xml,1125
2021,2021-05-20T08:00:00-03:00,2021-05-20T07:45:00-03:00,2021-05-20 07:45:00,0.0,83.00,Dado aprovado,True,outputs/pesquisa-cobertura-reserva-2021-20260922/raw/ana-86510000-2021-05-01--2021-05-31.xml,1121
2021,2021-05-20T09:00:00-03:00,2021-05-20T08:45:00-03:00,2021-05-20 08:45:00,0.0,83.00,Dado aprovado,True,outputs/pesquisa-cobertura-reserva-2021-20260922/raw/ana-86510000-2021-05-01--2021-05-31.xml,1117
2021,2021-05-20T10:00:00-03:00,2021-05-20T09:45:00-03:00,2021-05-20 09:45:00,0.0,83.00,Dado aprovado,True,outputs/pesquisa-cobertura-reserva-2021-20260922/raw/ana-86510000-2021-05-01--2021-05-31.xml,1113
2021,2021-05-20T11:00:00-03:00,2021-05-20T10:45:00-03:00,2021-05-20 10:45:00,0.0,83.00,Dado aprovado,True,outputs/pesquisa-cobertura-reserva-2021-20260922/raw/ana-86510000-2021-05-01--2021-05-31.xml,1109
2021,2021-05-20T12:00:00-03:00,2021-05-20T11:45:00-03:00,2021-05-20 11:45:00,0.0,83.00,Dado aprovado,True,outputs/pesquisa-cobertura-reserva-2021-20260922/raw/ana-86510000-2021-05-01--2021-05-31.xml,1105
2021,2021-05-20T13:00:00-03:00,2021-05-20T12:45:00-03:00,2021-05-20 12:45:00,0.0,83.00,Dado aprovado,True,outputs/pesquisa-cobertura-reserva-2021-20260922/raw/ana-86510000-2021-05-01--2021-05-31.xml,1101
2021,2021-05-20T14:00:00-03:00,2021-05-20T13:45:00-03:00,2021-05-20 13:45:00,0.0,83.00,Dado aprovado,True,outputs/pesquisa-cobertura-reserva-2021-20260922/raw/ana-86510000-2021-05-01--2021-05-31.xml,1097
2021,2021-05-20T15:00:00-03:00,2021-05-20T14:45:00-03:00,2021-05-20 14:45:00,0.0,83.00,Dado aprovado,True,outputs/pesquisa-cobertura-reserva-2021-20260922/raw/ana-86510000-2021-05-01--2021-05-31.xml,1093
2021,2021-05-20T16:00:00-03:00,2021-05-20T15:45:00-03:00,2021-05-20 15:45:00,0.0,83.00,Dado aprovado,True,outputs/pesquisa-cobertura-reserva-2021-20260922/raw/ana-86510000-2021-05-01--2021-05-31.xml,1089
2021,2021-05-20T17:00:00-03:00,2021-05-20T16:45:00-03:00,2021-05-20 16:45:00,0.0,83.00,Dado aprovado,True,outputs/pesquisa-cobertura-reserva-2021-20260922/raw/ana-86510000-2021-05-01--2021-05-31.xml,1085
2021,2021-05-20T18:00:00-03:00,2021-05-20T17:45:00-03:00,2021-05-20 17:45:00,0.0,83.00,Dado aprovado,True,outputs/pesquisa-cobertura-reserva-2021-20260922/raw/ana-86510000-2021-05-01--2021-05-31.xml,1081
2021,2021-05-20T19:00:00-03:00,2021-05-20T18:45:00-03:00,2021-05-20 18:45:00,0.0,83.00,Dado aprovado,True,outputs/pesquisa-cobertura-reserva-2021-20260922/raw/ana-86510000-2021-05-01--2021-05-31.xml,1077
2021,2021-05-20T20:00:00-03:00,2021-05-20T19:45:00-03:00,2021-05-20 19:45:00,0.0,83.00,Dado aprovado,True,outputs/pesquisa-cobertura-reserva-2021-20260922/raw/ana-86510000-2021-05-01--2021-05-31.xml,1073
2021,2021-05-20T21:00:00-03:00,2021-05-20T20:45:00-03:00,2021-05-20 20:45:00,0.0,84.00,Dado aprovado,True,outputs/pesquisa-cobertura-reserva-2021-20260922/raw/ana-86510000-2021-05-01--2021-05-31.xml,1069
2021,2021-05-20T22:00:00-03:00,2021-05-20T21:45:00-03:00,2021-05-20 21:45:00,0.0,84.00,Dado aprovado,True,outputs/pesquisa-cobertura-reserva-2021-20260922/raw/ana-86510000-2021-05-01--2021-05-31.xml,1065
2021,2021-05-20T23:00:00-03:00,2021-05-20T22:45:00-03:00,2021-05-20 22:45:00,0.0,85.00,Dado aprovado,True,outputs/pesquisa-cobertura-reserva-2021-20260922/raw/ana-86510000-2021-05-01--2021-05-31.xml,1061
2021,2021-05-21T00:00:00-03:00,2021-05-20T23:45:00-03:00,2021-05-20 23:45:00,0.0,84.00,Dado aprovado,True,outputs/pesquisa-cobertura-reserva-2021-20260922/raw/ana-86510000-2021-05-01--2021-05-31.xml,1057
2021,2021-05-21T01:00:00-03:00,2021-05-21T00:45:00-03:00,2021-05-21 00:45:00,0.0,85.00,Dado aprovado,True,outputs/pesquisa-cobertura-reserva-2021-20260922/raw/ana-86510000-2021-05-01--2021-05-31.xml,1053
2021,2021-05-21T02:00:00-03:00,2021-05-21T01:45:00-03:00,2021-05-21 01:45:00,0.0,84.00,Dado aprovado,True,outputs/pesquisa-cobertura-reserva-2021-20260922/raw/ana-86510000-2021-05-01--2021-05-31.xml,1049
2021,2021-05-21T03:00:00-03:00,2021-05-21T02:45:00-03:00,2021-05-21 02:45:00,0.0,84.00,Dado aprovado,True,outputs/pesquisa-cobertura-reserva-2021-20260922/raw/ana-86510000-2021-05-01--2021-05-31.xml,1045
2021,2021-05-21T04:00:00-03:00,2021-05-21T03:45:00-03:00,2021-05-21 03:45:00,0.0,84.00,Dado aprovado,True,outputs/pesquisa-cobertura-reserva-2021-20260922/raw/ana-86510000-2021-05-01--2021-05-31.xml,1041
2021,2021-05-21T05:00:00-03:00,2021-05-21T04:45:00-03:00,2021-05-21 04:45:00,0.0,85.00,Dado aprovado,True,outputs/pesquisa-cobertura-reserva-2021-20260922/raw/ana-86510000-2021-05-01--2021-05-31.xml,1037
2021,2021-05-21T06:00:00-03:00,2021-05-21T05:45:00-03:00,2021-05-21 05:45:00,0.0,86.00,Dado aprovado,True,outputs/pesquisa-cobertura-reserva-2021-20260922/raw/ana-86510000-2021-05-01--2021-05-31.xml,1033
2021,2021-05-21T07:00:00-03:00,2021-05-21T06:45:00-03:00,2021-05-21 06:45:00,0.0,92.00,Dado aprovado,True,outputs/pesquisa-cobertura-reserva-2021-20260922/raw/ana-86510000-2021-05-01--2021-05-31.xml,1029
2021,2021-05-21T08:00:00-03:00,2021-05-21T07:45:00-03:00,2021-05-21 07:45:00,0.0,105.00,Dado aprovado,True,outputs/pesquisa-cobertura-reserva-2021-20260922/raw/ana-86510000-2021-05-01--2021-05-31.xml,1025
2021,2021-05-21T09:00:00-03:00,2021-05-21T08:45:00-03:00,2021-05-21 08:45:00,0.0,119.00,Dado aprovado,True,outputs/pesquisa-cobertura-reserva-2021-20260922/raw/ana-86510000-2021-05-01--2021-05-31.xml,1021
2021,2021-05-21T10:00:00-03:00,2021-05-21T09:45:00-03:00,2021-05-21 09:45:00,0.0,126.00,Dado aprovado,True,outputs/pesquisa-cobertura-reserva-2021-20260922/raw/ana-86510000-2021-05-01--2021-05-31.xml,1017
2021,2021-05-21T11:00:00-03:00,2021-05-21T10:45:00-03:00,2021-05-21 10:45:00,0.0,127.00,Dado aprovado,True,outputs/pesquisa-cobertura-reserva-2021-20260922/raw/ana-86510000-2021-05-01--2021-05-31.xml,1013
2021,2021-05-21T12:00:00-03:00,2021-05-21T11:45:00-03:00,2021-05-21 11:45:00,0.0,124.00,Dado aprovado,True,outputs/pesquisa-cobertura-reserva-2021-20260922/raw/ana-86510000-2021-05-01--2021-05-31.xml,1009
2021,2021-05-21T13:00:00-03:00,2021-05-21T12:45:00-03:00,2021-05-21 12:45:00,0.0,120.00,Dado aprovado,True,outputs/pesquisa-cobertura-reserva-2021-20260922/raw/ana-86510000-2021-05-01--2021-05-31.xml,1005
2021,2021-05-21T14:00:00-03:00,2021-05-21T13:45:00-03:00,2021-05-21 13:45:00,0.0,116.00,Dado aprovado,True,outputs/pesquisa-cobertura-reserva-2021-20260922/raw/ana-86510000-2021-05-01--2021-05-31.xml,1001
2021,2021-05-21T15:00:00-03:00,2021-05-21T14:45:00-03:00,2021-05-21 14:45:00,0.0,111.00,Dado aprovado,True,outputs/pesquisa-cobertura-reserva-2021-20260922/raw/ana-86510000-2021-05-01--2021-05-31.xml,997
2021,2021-05-21T16:00:00-03:00,2021-05-21T15:45:00-03:00,2021-05-21 15:45:00,0.0,107.00,Dado aprovado,True,outputs/pesquisa-cobertura-reserva-2021-20260922/raw/ana-86510000-2021-05-01--2021-05-31.xml,993
2021,2021-05-21T17:00:00-03:00,2021-05-21T16:45:00-03:00,2021-05-21 16:45:00,0.0,105.00,Dado aprovado,True,outputs/pesquisa-cobertura-reserva-2021-20260922/raw/ana-86510000-2021-05-01--2021-05-31.xml,989
2021,2021-05-21T18:00:00-03:00,2021-05-21T17:45:00-03:00,2021-05-21 17:45:00,0.0,103.00,Dado aprovado,True,outputs/pesquisa-cobertura-reserva-2021-20260922/raw/ana-86510000-2021-05-01--2021-05-31.xml,985
2021,2021-05-21T19:00:00-03:00,2021-05-21T18:45:00-03:00,2021-05-21 18:45:00,0.0,101.00,Dado aprovado,True,outputs/pesquisa-cobertura-reserva-2021-20260922/raw/ana-86510000-2021-05-01--2021-05-31.xml,981
2021,2021-05-21T20:00:00-03:00,2021-05-21T19:45:00-03:00,2021-05-21 19:45:00,0.0,100.00,Dado aprovado,True,outputs/pesquisa-cobertura-reserva-2021-20260922/raw/ana-86510000-2021-05-01--2021-05-31.xml,977
2021,2021-05-21T21:00:00-03:00,2021-05-21T20:45:00-03:00,2021-05-21 20:45:00,0.0,99.00,Dado aprovado,True,outputs/pesquisa-cobertura-reserva-2021-20260922/raw/ana-86510000-2021-05-01--2021-05-31.xml,973
2021,2021-05-21T22:00:00-03:00,2021-05-21T21:45:00-03:00,2021-05-21 21:45:00,0.0,100.00,Dado aprovado,True,outputs/pesquisa-cobertura-reserva-2021-20260922/raw/ana-86510000-2021-05-01--2021-05-31.xml,969
2021,2021-05-21T23:00:00-03:00,2021-05-21T22:45:00-03:00,2021-05-21 22:45:00,0.0,102.00,Dado aprovado,True,outputs/pesquisa-cobertura-reserva-2021-20260922/raw/ana-86510000-2021-05-01--2021-05-31.xml,965
2021,2021-05-22T00:00:00-03:00,2021-05-21T23:45:00-03:00,2021-05-21 23:45:00,0.0,104.00,Dado aprovado,True,outputs/pesquisa-cobertura-reserva-2021-20260922/raw/ana-86510000-2021-05-01--2021-05-31.xml,961
2021,2021-05-22T01:00:00-03:00,2021-05-22T00:45:00-03:00,2021-05-22 00:45:00,0.0,110.00,Dado aprovado,True,outputs/pesquisa-cobertura-reserva-2021-20260922/raw/ana-86510000-2021-05-01--2021-05-31.xml,957
2021,2021-05-22T02:00:00-03:00,2021-05-22T01:45:00-03:00,2021-05-22 01:45:00,0.0,114.00,Dado aprovado,True,outputs/pesquisa-cobertura-reserva-2021-20260922/raw/ana-86510000-2021-05-01--2021-05-31.xml,953
2021,2021-05-22T03:00:00-03:00,2021-05-22T02:45:00-03:00,2021-05-22 02:45:00,0.0,119.00,Dado aprovado,True,outputs/pesquisa-cobertura-reserva-2021-20260922/raw/ana-86510000-2021-05-01--2021-05-31.xml,949
2021,2021-05-22T04:00:00-03:00,2021-05-22T03:45:00-03:00,2021-05-22 03:45:00,0.0,125.00,Dado aprovado,True,outputs/pesquisa-cobertura-reserva-2021-20260922/raw/ana-86510000-2021-05-01--2021-05-31.xml,945
2021,2021-05-22T05:00:00-03:00,2021-05-22T04:45:00-03:00,2021-05-22 04:45:00,0.0,135.00,Dado aprovado,True,outputs/pesquisa-cobertura-reserva-2021-20260922/raw/ana-86510000-2021-05-01--2021-05-31.xml,941
2021,2021-05-22T06:00:00-03:00,2021-05-22T05:45:00-03:00,2021-05-22 05:45:00,0.0,153.00,Dado aprovado,True,outputs/pesquisa-cobertura-reserva-2021-20260922/raw/ana-86510000-2021-05-01--2021-05-31.xml,937
2021,2021-05-22T07:00:00-03:00,2021-05-22T06:45:00-03:00,2021-05-22 06:45:00,0.0,175.00,Dado aprovado,True,outputs/pesquisa-cobertura-reserva-2021-20260922/raw/ana-86510000-2021-05-01--2021-05-31.xml,933
2021,2021-05-22T08:00:00-03:00,2021-05-22T07:45:00-03:00,2021-05-22 07:45:00,0.0,188.00,Dado aprovado,True,outputs/pesquisa-cobertura-reserva-2021-20260922/raw/ana-86510000-2021-05-01--2021-05-31.xml,929
2021,2021-05-22T09:00:00-03:00,2021-05-22T08:45:00-03:00,2021-05-22 08:45:00,0.0,192.00,Dado aprovado,True,outputs/pesquisa-cobertura-reserva-2021-20260922/raw/ana-86510000-2021-05-01--2021-05-31.xml,925
2021,2021-05-22T10:00:00-03:00,2021-05-22T09:45:00-03:00,2021-05-22 09:45:00,0.0,190.00,Dado aprovado,True,outputs/pesquisa-cobertura-reserva-2021-20260922/raw/ana-86510000-2021-05-01--2021-05-31.xml,921
2021,2021-05-22T11:00:00-03:00,2021-05-22T10:45:00-03:00,2021-05-22 10:45:00,0.0,186.00,Dado aprovado,True,outputs/pesquisa-cobertura-reserva-2021-20260922/raw/ana-86510000-2021-05-01--2021-05-31.xml,917
2021,2021-05-22T12:00:00-03:00,2021-05-22T11:45:00-03:00,2021-05-22 11:45:00,0.0,181.00,Dado aprovado,True,outputs/pesquisa-cobertura-reserva-2021-20260922/raw/ana-86510000-2021-05-01--2021-05-31.xml,913
2021,2021-05-22T13:00:00-03:00,2021-05-22T12:45:00-03:00,2021-05-22 12:45:00,0.0,181.00,Dado aprovado,True,outputs/pesquisa-cobertura-reserva-2021-20260922/raw/ana-86510000-2021-05-01--2021-05-31.xml,909
2021,2021-05-22T14:00:00-03:00,2021-05-22T13:45:00-03:00,2021-05-22 13:45:00,0.0,182.00,Dado aprovado,True,outputs/pesquisa-cobertura-reserva-2021-20260922/raw/ana-86510000-2021-05-01--2021-05-31.xml,905
2021,2021-05-22T15:00:00-03:00,2021-05-22T14:45:00-03:00,2021-05-22 14:45:00,0.0,184.00,Dado aprovado,True,outputs/pesquisa-cobertura-reserva-2021-20260922/raw/ana-86510000-2021-05-01--2021-05-31.xml,901
2021,2021-05-22T16:00:00-03:00,2021-05-22T15:45:00-03:00,2021-05-22 15:45:00,0.0,193.00,Dado aprovado,True,outputs/pesquisa-cobertura-reserva-2021-20260922/raw/ana-86510000-2021-05-01--2021-05-31.xml,897
2021,2021-05-22T17:00:00-03:00,2021-05-22T16:45:00-03:00,2021-05-22 16:45:00,0.0,229.00,Dado aprovado,True,outputs/pesquisa-cobertura-reserva-2021-20260922/raw/ana-86510000-2021-05-01--2021-05-31.xml,893
2021,2021-05-22T18:00:00-03:00,2021-05-22T17:45:00-03:00,2021-05-22 17:45:00,0.0,268.00,Dado aprovado,True,outputs/pesquisa-cobertura-reserva-2021-20260922/raw/ana-86510000-2021-05-01--2021-05-31.xml,889
2021,2021-05-22T19:00:00-03:00,2021-05-22T18:45:00-03:00,2021-05-22 18:45:00,0.0,289.00,Dado aprovado,True,outputs/pesquisa-cobertura-reserva-2021-20260922/raw/ana-86510000-2021-05-01--2021-05-31.xml,885
2021,2021-05-22T20:00:00-03:00,2021-05-22T19:45:00-03:00,2021-05-22 19:45:00,0.0,297.00,Dado aprovado,True,outputs/pesquisa-cobertura-reserva-2021-20260922/raw/ana-86510000-2021-05-01--2021-05-31.xml,881
2021,2021-05-22T21:00:00-03:00,2021-05-22T20:45:00-03:00,2021-05-22 20:45:00,0.0,300.00,Dado aprovado,True,outputs/pesquisa-cobertura-reserva-2021-20260922/raw/ana-86510000-2021-05-01--2021-05-31.xml,877
2021,2021-05-22T22:00:00-03:00,2021-05-22T21:45:00-03:00,2021-05-22 21:45:00,0.0,301.00,Dado aprovado,True,outputs/pesquisa-cobertura-reserva-2021-20260922/raw/ana-86510000-2021-05-01--2021-05-31.xml,873
2021,2021-05-22T23:00:00-03:00,2021-05-22T22:45:00-03:00,2021-05-22 22:45:00,0.0,300.00,Dado aprovado,True,outputs/pesquisa-cobertura-reserva-2021-20260922/raw/ana-86510000-2021-05-01--2021-05-31.xml,869
2021,2021-05-23T00:00:00-03:00,2021-05-22T23:45:00-03:00,2021-05-22 23:45:00,0.0,300.00,Dado aprovado,True,outputs/pesquisa-cobertura-reserva-2021-20260922/raw/ana-86510000-2021-05-01--2021-05-31.xml,865
2021,2021-05-23T01:00:00-03:00,2021-05-23T00:45:00-03:00,2021-05-23 00:45:00,0.0,297.00,Dado aprovado,True,outputs/pesquisa-cobertura-reserva-2021-20260922/raw/ana-86510000-2021-05-01--2021-05-31.xml,861
2021,2021-05-23T02:00:00-03:00,2021-05-23T01:45:00-03:00,2021-05-23 01:45:00,0.0,294.00,Dado aprovado,True,outputs/pesquisa-cobertura-reserva-2021-20260922/raw/ana-86510000-2021-05-01--2021-05-31.xml,857
2021,2021-05-23T03:00:00-03:00,2021-05-23T02:45:00-03:00,2021-05-23 02:45:00,0.0,288.00,Dado aprovado,True,outputs/pesquisa-cobertura-reserva-2021-20260922/raw/ana-86510000-2021-05-01--2021-05-31.xml,853
2021,2021-05-23T04:00:00-03:00,2021-05-23T03:45:00-03:00,2021-05-23 03:45:00,0.0,284.00,Dado aprovado,True,outputs/pesquisa-cobertura-reserva-2021-20260922/raw/ana-86510000-2021-05-01--2021-05-31.xml,849
2021,2021-05-23T05:00:00-03:00,2021-05-23T04:45:00-03:00,2021-05-23 04:45:00,0.0,281.00,Dado aprovado,True,outputs/pesquisa-cobertura-reserva-2021-20260922/raw/ana-86510000-2021-05-01--2021-05-31.xml,845
2021,2021-05-23T06:00:00-03:00,2021-05-23T05:45:00-03:00,2021-05-23 05:45:00,0.0,277.00,Dado aprovado,True,outputs/pesquisa-cobertura-reserva-2021-20260922/raw/ana-86510000-2021-05-01--2021-05-31.xml,841
2021,2021-05-23T07:00:00-03:00,2021-05-23T06:45:00-03:00,2021-05-23 06:45:00,0.0,276.00,Dado aprovado,True,outputs/pesquisa-cobertura-reserva-2021-20260922/raw/ana-86510000-2021-05-01--2021-05-31.xml,837
2021,2021-05-23T08:00:00-03:00,2021-05-23T07:45:00-03:00,2021-05-23 07:45:00,0.0,272.00,Dado aprovado,True,outputs/pesquisa-cobertura-reserva-2021-20260922/raw/ana-86510000-2021-05-01--2021-05-31.xml,833
2021,2021-05-23T09:00:00-03:00,2021-05-23T08:45:00-03:00,2021-05-23 08:45:00,0.0,270.00,Dado aprovado,True,outputs/pesquisa-cobertura-reserva-2021-20260922/raw/ana-86510000-2021-05-01--2021-05-31.xml,829
2021,2021-05-23T10:00:00-03:00,2021-05-23T09:45:00-03:00,2021-05-23 09:45:00,0.0,267.00,Dado aprovado,True,outputs/pesquisa-cobertura-reserva-2021-20260922/raw/ana-86510000-2021-05-01--2021-05-31.xml,825
2021,2021-05-23T11:00:00-03:00,2021-05-23T10:45:00-03:00,2021-05-23 10:45:00,0.0,264.00,Dado aprovado,True,outputs/pesquisa-cobertura-reserva-2021-20260922/raw/ana-86510000-2021-05-01--2021-05-31.xml,821
2021,2021-05-23T12:00:00-03:00,2021-05-23T11:45:00-03:00,2021-05-23 11:45:00,0.0,260.00,Dado aprovado,True,outputs/pesquisa-cobertura-reserva-2021-20260922/raw/ana-86510000-2021-05-01--2021-05-31.xml,817
2021,2021-05-23T13:00:00-03:00,2021-05-23T12:45:00-03:00,2021-05-23 12:45:00,0.0,256.00,Dado aprovado,True,outputs/pesquisa-cobertura-reserva-2021-20260922/raw/ana-86510000-2021-05-01--2021-05-31.xml,813
2021,2021-05-23T14:00:00-03:00,2021-05-23T13:45:00-03:00,2021-05-23 13:45:00,0.0,251.00,Dado aprovado,True,outputs/pesquisa-cobertura-reserva-2021-20260922/raw/ana-86510000-2021-05-01--2021-05-31.xml,809
2021,2021-05-23T15:00:00-03:00,2021-05-23T14:45:00-03:00,2021-05-23 14:45:00,0.0,247.00,Dado aprovado,True,outputs/pesquisa-cobertura-reserva-2021-20260922/raw/ana-86510000-2021-05-01--2021-05-31.xml,805
2021,2021-05-23T16:00:00-03:00,2021-05-23T15:45:00-03:00,2021-05-23 15:45:00,0.0,244.00,Dado aprovado,True,outputs/pesquisa-cobertura-reserva-2021-20260922/raw/ana-86510000-2021-05-01--2021-05-31.xml,801
2021,2021-05-23T17:00:00-03:00,2021-05-23T16:45:00-03:00,2021-05-23 16:45:00,0.0,240.00,Dado aprovado,True,outputs/pesquisa-cobertura-reserva-2021-20260922/raw/ana-86510000-2021-05-01--2021-05-31.xml,797
2021,2021-05-23T18:00:00-03:00,2021-05-23T17:45:00-03:00,2021-05-23 17:45:00,0.0,238.00,Dado aprovado,True,outputs/pesquisa-cobertura-reserva-2021-20260922/raw/ana-86510000-2021-05-01--2021-05-31.xml,793
2021,2021-05-23T19:00:00-03:00,2021-05-23T18:45:00-03:00,2021-05-23 18:45:00,0.0,236.00,Dado aprovado,True,outputs/pesquisa-cobertura-reserva-2021-20260922/raw/ana-86510000-2021-05-01--2021-05-31.xml,789
2021,2021-05-23T20:00:00-03:00,2021-05-23T19:45:00-03:00,2021-05-23 19:45:00,0.0,235.00,Dado aprovado,True,outputs/pesquisa-cobertura-reserva-2021-20260922/raw/ana-86510000-2021-05-01--2021-05-31.xml,785
2021,2021-05-23T21:00:00-03:00,2021-05-23T20:45:00-03:00,2021-05-23 20:45:00,0.0,237.00,Dado aprovado,True,outputs/pesquisa-cobertura-reserva-2021-20260922/raw/ana-86510000-2021-05-01--2021-05-31.xml,781
2021,2021-05-23T22:00:00-03:00,2021-05-23T21:45:00-03:00,2021-05-23 21:45:00,0.0,244.00,Dado aprovado,True,outputs/pesquisa-cobertura-reserva-2021-20260922/raw/ana-86510000-2021-05-01--2021-05-31.xml,777
2021,2021-05-23T23:00:00-03:00,2021-05-23T22:45:00-03:00,2021-05-23 22:45:00,0.0,259.00,Dado aprovado,True,outputs/pesquisa-cobertura-reserva-2021-20260922/raw/ana-86510000-2021-05-01--2021-05-31.xml,773
2021,2021-05-24T00:00:00-03:00,2021-05-23T23:45:00-03:00,2021-05-23 23:45:00,0.0,274.00,Dado aprovado,True,outputs/pesquisa-cobertura-reserva-2021-20260922/raw/ana-86510000-2021-05-01--2021-05-31.xml,769
2021,2021-05-24T01:00:00-03:00,2021-05-24T00:45:00-03:00,2021-05-24 00:45:00,0.0,283.00,Dado aprovado,True,outputs/pesquisa-cobertura-reserva-2021-20260922/raw/ana-86510000-2021-05-01--2021-05-31.xml,765
2021,2021-05-24T02:00:00-03:00,2021-05-24T01:45:00-03:00,2021-05-24 01:45:00,0.0,288.00,Dado aprovado,True,outputs/pesquisa-cobertura-reserva-2021-20260922/raw/ana-86510000-2021-05-01--2021-05-31.xml,761
2021,2021-05-24T03:00:00-03:00,2021-05-24T02:45:00-03:00,2021-05-24 02:45:00,0.0,290.00,Dado aprovado,True,outputs/pesquisa-cobertura-reserva-2021-20260922/raw/ana-86510000-2021-05-01--2021-05-31.xml,757
2021,2021-05-24T04:00:00-03:00,2021-05-24T03:45:00-03:00,2021-05-24 03:45:00,0.0,293.00,Dado aprovado,True,outputs/pesquisa-cobertura-reserva-2021-20260922/raw/ana-86510000-2021-05-01--2021-05-31.xml,753
2021,2021-05-24T05:00:00-03:00,2021-05-24T04:45:00-03:00,2021-05-24 04:45:00,0.0,295.00,Dado aprovado,True,outputs/pesquisa-cobertura-reserva-2021-20260922/raw/ana-86510000-2021-05-01--2021-05-31.xml,749
2021,2021-05-24T06:00:00-03:00,2021-05-24T05:45:00-03:00,2021-05-24 05:45:00,0.0,298.00,Dado aprovado,True,outputs/pesquisa-cobertura-reserva-2021-20260922/raw/ana-86510000-2021-05-01--2021-05-31.xml,745
2021,2021-05-24T07:00:00-03:00,2021-05-24T06:45:00-03:00,2021-05-24 06:45:00,0.0,298.00,Dado aprovado,True,outputs/pesquisa-cobertura-reserva-2021-20260922/raw/ana-86510000-2021-05-01--2021-05-31.xml,741
2021,2021-05-24T08:00:00-03:00,2021-05-24T07:45:00-03:00,2021-05-24 07:45:00,0.0,299.00,Dado aprovado,True,outputs/pesquisa-cobertura-reserva-2021-20260922/raw/ana-86510000-2021-05-01--2021-05-31.xml,737
2021,2021-05-24T09:00:00-03:00,2021-05-24T08:45:00-03:00,2021-05-24 08:45:00,0.0,300.00,Dado aprovado,True,outputs/pesquisa-cobertura-reserva-2021-20260922/raw/ana-86510000-2021-05-01--2021-05-31.xml,733
2021,2021-05-24T10:00:00-03:00,2021-05-24T09:45:00-03:00,2021-05-24 09:45:00,0.0,299.00,Dado aprovado,True,outputs/pesquisa-cobertura-reserva-2021-20260922/raw/ana-86510000-2021-05-01--2021-05-31.xml,729
2021,2021-05-24T11:00:00-03:00,2021-05-24T10:45:00-03:00,2021-05-24 10:45:00,0.0,299.00,Dado aprovado,True,outputs/pesquisa-cobertura-reserva-2021-20260922/raw/ana-86510000-2021-05-01--2021-05-31.xml,725
2021,2021-05-24T12:00:00-03:00,2021-05-24T11:45:00-03:00,2021-05-24 11:45:00,0.0,299.00,Dado aprovado,True,outputs/pesquisa-cobertura-reserva-2021-20260922/raw/ana-86510000-2021-05-01--2021-05-31.xml,721
2021,2021-05-24T13:00:00-03:00,2021-05-24T12:45:00-03:00,2021-05-24 12:45:00,0.0,298.00,Dado aprovado,True,outputs/pesquisa-cobertura-reserva-2021-20260922/raw/ana-86510000-2021-05-01--2021-05-31.xml,717
2021,2021-05-24T14:00:00-03:00,2021-05-24T13:45:00-03:00,2021-05-24 13:45:00,0.0,298.00,Dado aprovado,True,outputs/pesquisa-cobertura-reserva-2021-20260922/raw/ana-86510000-2021-05-01--2021-05-31.xml,713
2021,2021-05-24T15:00:00-03:00,2021-05-24T14:45:00-03:00,2021-05-24 14:45:00,0.0,296.00,Dado aprovado,True,outputs/pesquisa-cobertura-reserva-2021-20260922/raw/ana-86510000-2021-05-01--2021-05-31.xml,709
2021,2021-05-24T16:00:00-03:00,2021-05-24T15:45:00-03:00,2021-05-24 15:45:00,0.0,293.00,Dado aprovado,True,outputs/pesquisa-cobertura-reserva-2021-20260922/raw/ana-86510000-2021-05-01--2021-05-31.xml,705
2021,2021-05-24T17:00:00-03:00,2021-05-24T16:45:00-03:00,2021-05-24 16:45:00,0.0,290.00,Dado aprovado,True,outputs/pesquisa-cobertura-reserva-2021-20260922/raw/ana-86510000-2021-05-01--2021-05-31.xml,701
2021,2021-05-24T18:00:00-03:00,2021-05-24T17:45:00-03:00,2021-05-24 17:45:00,0.0,290.00,Dado aprovado,True,outputs/pesquisa-cobertura-reserva-2021-20260922/raw/ana-86510000-2021-05-01--2021-05-31.xml,697
2021,2021-05-24T19:00:00-03:00,2021-05-24T18:45:00-03:00,2021-05-24 18:45:00,0.0,292.00,Dado aprovado,True,outputs/pesquisa-cobertura-reserva-2021-20260922/raw/ana-86510000-2021-05-01--2021-05-31.xml,693
2021,2021-05-24T20:00:00-03:00,2021-05-24T19:45:00-03:00,2021-05-24 19:45:00,0.0,293.00,Dado aprovado,True,outputs/pesquisa-cobertura-reserva-2021-20260922/raw/ana-86510000-2021-05-01--2021-05-31.xml,689
2021,2021-05-24T21:00:00-03:00,2021-05-24T20:45:00-03:00,2021-05-24 20:45:00,0.0,292.00,Dado aprovado,True,outputs/pesquisa-cobertura-reserva-2021-20260922/raw/ana-86510000-2021-05-01--2021-05-31.xml,685
2021,2021-05-24T22:00:00-03:00,2021-05-24T21:45:00-03:00,2021-05-24 21:45:00,0.0,291.00,Dado aprovado,True,outputs/pesquisa-cobertura-reserva-2021-20260922/raw/ana-86510000-2021-05-01--2021-05-31.xml,681
2021,2021-05-24T23:00:00-03:00,2021-05-24T22:45:00-03:00,2021-05-24 22:45:00,0.0,289.00,Dado aprovado,True,outputs/pesquisa-cobertura-reserva-2021-20260922/raw/ana-86510000-2021-05-01--2021-05-31.xml,677
2021,2021-05-25T00:00:00-03:00,2021-05-24T23:45:00-03:00,2021-05-24 23:45:00,0.0,285.00,Dado aprovado,True,outputs/pesquisa-cobertura-reserva-2021-20260922/raw/ana-86510000-2021-05-01--2021-05-31.xml,673
2021,2021-05-25T01:00:00-03:00,2021-05-25T00:45:00-03:00,2021-05-25 00:45:00,0.0,278.00,Dado aprovado,True,outputs/pesquisa-cobertura-reserva-2021-20260922/raw/ana-86510000-2021-05-01--2021-05-31.xml,669
2021,2021-05-25T02:00:00-03:00,2021-05-25T01:45:00-03:00,2021-05-25 01:45:00,0.0,269.00,Dado aprovado,True,outputs/pesquisa-cobertura-reserva-2021-20260922/raw/ana-86510000-2021-05-01--2021-05-31.xml,665
2021,2021-05-25T03:00:00-03:00,2021-05-25T02:45:00-03:00,2021-05-25 02:45:00,0.0,260.00,Dado aprovado,True,outputs/pesquisa-cobertura-reserva-2021-20260922/raw/ana-86510000-2021-05-01--2021-05-31.xml,661
2021,2021-05-25T04:00:00-03:00,2021-05-25T03:45:00-03:00,2021-05-25 03:45:00,0.0,251.00,Dado aprovado,True,outputs/pesquisa-cobertura-reserva-2021-20260922/raw/ana-86510000-2021-05-01--2021-05-31.xml,657
2021,2021-05-25T05:00:00-03:00,2021-05-25T04:45:00-03:00,2021-05-25 04:45:00,0.0,246.00,Dado aprovado,True,outputs/pesquisa-cobertura-reserva-2021-20260922/raw/ana-86510000-2021-05-01--2021-05-31.xml,653
2021,2021-05-25T06:00:00-03:00,2021-05-25T05:45:00-03:00,2021-05-25 05:45:00,0.0,243.00,Dado aprovado,True,outputs/pesquisa-cobertura-reserva-2021-20260922/raw/ana-86510000-2021-05-01--2021-05-31.xml,649
2021,2021-05-25T07:00:00-03:00,2021-05-25T06:45:00-03:00,2021-05-25 06:45:00,0.0,241.00,Dado aprovado,True,outputs/pesquisa-cobertura-reserva-2021-20260922/raw/ana-86510000-2021-05-01--2021-05-31.xml,645
2021,2021-05-25T08:00:00-03:00,2021-05-25T07:45:00-03:00,2021-05-25 07:45:00,0.0,240.00,Dado aprovado,True,outputs/pesquisa-cobertura-reserva-2021-20260922/raw/ana-86510000-2021-05-01--2021-05-31.xml,641
2021,2021-05-25T09:00:00-03:00,2021-05-25T08:45:00-03:00,2021-05-25 08:45:00,0.0,239.00,Dado aprovado,True,outputs/pesquisa-cobertura-reserva-2021-20260922/raw/ana-86510000-2021-05-01--2021-05-31.xml,637
2021,2021-05-25T10:00:00-03:00,2021-05-25T09:45:00-03:00,2021-05-25 09:45:00,0.0,238.00,Dado aprovado,True,outputs/pesquisa-cobertura-reserva-2021-20260922/raw/ana-86510000-2021-05-01--2021-05-31.xml,633
2021,2021-05-25T11:00:00-03:00,2021-05-25T10:45:00-03:00,2021-05-25 10:45:00,0.0,237.00,Dado aprovado,True,outputs/pesquisa-cobertura-reserva-2021-20260922/raw/ana-86510000-2021-05-01--2021-05-31.xml,629
2021,2021-05-25T12:00:00-03:00,2021-05-25T11:45:00-03:00,2021-05-25 11:45:00,0.0,237.00,Dado aprovado,True,outputs/pesquisa-cobertura-reserva-2021-20260922/raw/ana-86510000-2021-05-01--2021-05-31.xml,625
2021,2021-05-25T13:00:00-03:00,2021-05-25T12:45:00-03:00,2021-05-25 12:45:00,0.0,236.00,Dado aprovado,True,outputs/pesquisa-cobertura-reserva-2021-20260922/raw/ana-86510000-2021-05-01--2021-05-31.xml,621
2021,2021-05-25T14:00:00-03:00,2021-05-25T13:45:00-03:00,2021-05-25 13:45:00,0.0,233.00,Dado aprovado,True,outputs/pesquisa-cobertura-reserva-2021-20260922/raw/ana-86510000-2021-05-01--2021-05-31.xml,617
2021,2021-05-25T15:00:00-03:00,2021-05-25T14:45:00-03:00,2021-05-25 14:45:00,0.0,231.00,Dado aprovado,True,outputs/pesquisa-cobertura-reserva-2021-20260922/raw/ana-86510000-2021-05-01--2021-05-31.xml,613
2021,2021-05-25T16:00:00-03:00,2021-05-25T15:45:00-03:00,2021-05-25 15:45:00,0.0,227.00,Dado aprovado,True,outputs/pesquisa-cobertura-reserva-2021-20260922/raw/ana-86510000-2021-05-01--2021-05-31.xml,609
2021,2021-05-25T17:00:00-03:00,2021-05-25T16:45:00-03:00,2021-05-25 16:45:00,0.0,222.00,Dado aprovado,True,outputs/pesquisa-cobertura-reserva-2021-20260922/raw/ana-86510000-2021-05-01--2021-05-31.xml,605
2021,2021-05-25T18:00:00-03:00,2021-05-25T17:45:00-03:00,2021-05-25 17:45:00,0.0,212.00,Dado aprovado,True,outputs/pesquisa-cobertura-reserva-2021-20260922/raw/ana-86510000-2021-05-01--2021-05-31.xml,601
2021,2021-05-25T19:00:00-03:00,2021-05-25T18:45:00-03:00,2021-05-25 18:45:00,0.0,201.00,Dado aprovado,True,outputs/pesquisa-cobertura-reserva-2021-20260922/raw/ana-86510000-2021-05-01--2021-05-31.xml,597
2021,2021-05-25T20:00:00-03:00,2021-05-25T19:45:00-03:00,2021-05-25 19:45:00,0.0,190.00,Dado aprovado,True,outputs/pesquisa-cobertura-reserva-2021-20260922/raw/ana-86510000-2021-05-01--2021-05-31.xml,593
2021,2021-05-25T21:00:00-03:00,2021-05-25T20:45:00-03:00,2021-05-25 20:45:00,0.0,179.00,Dado aprovado,True,outputs/pesquisa-cobertura-reserva-2021-20260922/raw/ana-86510000-2021-05-01--2021-05-31.xml,589
2021,2021-05-25T22:00:00-03:00,2021-05-25T21:45:00-03:00,2021-05-25 21:45:00,0.0,169.00,Dado aprovado,True,outputs/pesquisa-cobertura-reserva-2021-20260922/raw/ana-86510000-2021-05-01--2021-05-31.xml,585
2021,2021-05-25T23:00:00-03:00,2021-05-25T22:45:00-03:00,2021-05-25 22:45:00,0.0,161.00,Dado aprovado,True,outputs/pesquisa-cobertura-reserva-2021-20260922/raw/ana-86510000-2021-05-01--2021-05-31.xml,581
2021,2021-05-26T00:00:00-03:00,2021-05-25T23:45:00-03:00,2021-05-25 23:45:00,0.0,163.00,Dado aprovado,True,outputs/pesquisa-cobertura-reserva-2021-20260922/raw/ana-86510000-2021-05-01--2021-05-31.xml,577
2021,2021-05-26T01:00:00-03:00,2021-05-26T00:45:00-03:00,2021-05-26 00:45:00,0.0,192.00,Dado aprovado,True,outputs/pesquisa-cobertura-reserva-2021-20260922/raw/ana-86510000-2021-05-01--2021-05-31.xml,573
2021,2021-05-26T02:00:00-03:00,2021-05-26T01:45:00-03:00,2021-05-26 01:45:00,0.0,228.00,Dado aprovado,True,outputs/pesquisa-cobertura-reserva-2021-20260922/raw/ana-86510000-2021-05-01--2021-05-31.xml,569
2021,2021-05-26T03:00:00-03:00,2021-05-26T02:45:00-03:00,2021-05-26 02:45:00,0.0,248.00,Dado aprovado,True,outputs/pesquisa-cobertura-reserva-2021-20260922/raw/ana-86510000-2021-05-01--2021-05-31.xml,565
2021,2021-05-26T04:00:00-03:00,2021-05-26T03:45:00-03:00,2021-05-26 03:45:00,0.0,255.00,Dado aprovado,True,outputs/pesquisa-cobertura-reserva-2021-20260922/raw/ana-86510000-2021-05-01--2021-05-31.xml,561
2021,2021-05-26T05:00:00-03:00,2021-05-26T04:45:00-03:00,2021-05-26 04:45:00,0.0,257.00,Dado aprovado,True,outputs/pesquisa-cobertura-reserva-2021-20260922/raw/ana-86510000-2021-05-01--2021-05-31.xml,557
2021,2021-05-26T06:00:00-03:00,2021-05-26T05:45:00-03:00,2021-05-26 05:45:00,0.0,255.00,Dado aprovado,True,outputs/pesquisa-cobertura-reserva-2021-20260922/raw/ana-86510000-2021-05-01--2021-05-31.xml,553
2021,2021-05-26T07:00:00-03:00,2021-05-26T06:45:00-03:00,2021-05-26 06:45:00,0.0,247.00,Dado aprovado,True,outputs/pesquisa-cobertura-reserva-2021-20260922/raw/ana-86510000-2021-05-01--2021-05-31.xml,549
2021,2021-05-26T08:00:00-03:00,2021-05-26T07:45:00-03:00,2021-05-26 07:45:00,0.0,237.00,Dado aprovado,True,outputs/pesquisa-cobertura-reserva-2021-20260922/raw/ana-86510000-2021-05-01--2021-05-31.xml,545
2021,2021-05-26T09:00:00-03:00,2021-05-26T08:45:00-03:00,2021-05-26 08:45:00,0.0,225.00,Dado aprovado,True,outputs/pesquisa-cobertura-reserva-2021-20260922/raw/ana-86510000-2021-05-01--2021-05-31.xml,541
2021,2021-05-26T10:00:00-03:00,2021-05-26T09:45:00-03:00,2021-05-26 09:45:00,0.0,216.00,Dado aprovado,True,outputs/pesquisa-cobertura-reserva-2021-20260922/raw/ana-86510000-2021-05-01--2021-05-31.xml,537
2021,2021-05-26T11:00:00-03:00,2021-05-26T10:45:00-03:00,2021-05-26 10:45:00,0.0,210.00,Dado aprovado,True,outputs/pesquisa-cobertura-reserva-2021-20260922/raw/ana-86510000-2021-05-01--2021-05-31.xml,533
2021,2021-05-26T12:00:00-03:00,2021-05-26T11:45:00-03:00,2021-05-26 11:45:00,0.0,206.00,Dado aprovado,True,outputs/pesquisa-cobertura-reserva-2021-20260922/raw/ana-86510000-2021-05-01--2021-05-31.xml,529
2021,2021-05-26T13:00:00-03:00,2021-05-26T12:45:00-03:00,2021-05-26 12:45:00,0.0,204.00,Dado aprovado,True,outputs/pesquisa-cobertura-reserva-2021-20260922/raw/ana-86510000-2021-05-01--2021-05-31.xml,525
2021,2021-05-26T14:00:00-03:00,2021-05-26T13:45:00-03:00,2021-05-26 13:45:00,0.0,203.00,Dado aprovado,True,outputs/pesquisa-cobertura-reserva-2021-20260922/raw/ana-86510000-2021-05-01--2021-05-31.xml,521
2021,2021-05-26T15:00:00-03:00,2021-05-26T14:45:00-03:00,2021-05-26 14:45:00,0.0,202.00,Dado aprovado,True,outputs/pesquisa-cobertura-reserva-2021-20260922/raw/ana-86510000-2021-05-01--2021-05-31.xml,517
2021,2021-05-26T16:00:00-03:00,2021-05-26T15:45:00-03:00,2021-05-26 15:45:00,0.0,200.00,Dado aprovado,True,outputs/pesquisa-cobertura-reserva-2021-20260922/raw/ana-86510000-2021-05-01--2021-05-31.xml,513
2021,2021-05-26T17:00:00-03:00,2021-05-26T16:45:00-03:00,2021-05-26 16:45:00,0.0,200.00,Dado aprovado,True,outputs/pesquisa-cobertura-reserva-2021-20260922/raw/ana-86510000-2021-05-01--2021-05-31.xml,509
2021,2021-05-26T18:00:00-03:00,2021-05-26T17:45:00-03:00,2021-05-26 17:45:00,0.0,199.00,Dado aprovado,True,outputs/pesquisa-cobertura-reserva-2021-20260922/raw/ana-86510000-2021-05-01--2021-05-31.xml,505
2021,2021-05-26T19:00:00-03:00,2021-05-26T18:45:00-03:00,2021-05-26 18:45:00,0.0,198.00,Dado aprovado,True,outputs/pesquisa-cobertura-reserva-2021-20260922/raw/ana-86510000-2021-05-01--2021-05-31.xml,501
2021,2021-05-26T20:00:00-03:00,2021-05-26T19:45:00-03:00,2021-05-26 19:45:00,0.0,197.00,Dado aprovado,True,outputs/pesquisa-cobertura-reserva-2021-20260922/raw/ana-86510000-2021-05-01--2021-05-31.xml,497
2021,2021-05-26T21:00:00-03:00,2021-05-26T20:45:00-03:00,2021-05-26 20:45:00,0.0,195.00,Dado aprovado,True,outputs/pesquisa-cobertura-reserva-2021-20260922/raw/ana-86510000-2021-05-01--2021-05-31.xml,493
2021,2021-05-26T22:00:00-03:00,2021-05-26T21:45:00-03:00,2021-05-26 21:45:00,0.0,193.00,Dado aprovado,True,outputs/pesquisa-cobertura-reserva-2021-20260922/raw/ana-86510000-2021-05-01--2021-05-31.xml,489
2021,2021-05-26T23:00:00-03:00,2021-05-26T22:45:00-03:00,2021-05-26 22:45:00,0.0,191.00,Dado aprovado,True,outputs/pesquisa-cobertura-reserva-2021-20260922/raw/ana-86510000-2021-05-01--2021-05-31.xml,485
2021,2021-05-27T00:00:00-03:00,2021-05-26T23:45:00-03:00,2021-05-26 23:45:00,0.0,190.00,Dado aprovado,True,outputs/pesquisa-cobertura-reserva-2021-20260922/raw/ana-86510000-2021-05-01--2021-05-31.xml,481
2021,2021-05-27T01:00:00-03:00,2021-05-27T00:45:00-03:00,2021-05-27 00:45:00,0.0,188.00,Dado aprovado,True,outputs/pesquisa-cobertura-reserva-2021-20260922/raw/ana-86510000-2021-05-01--2021-05-31.xml,477
2021,2021-05-27T02:00:00-03:00,2021-05-27T01:45:00-03:00,2021-05-27 01:45:00,0.0,187.00,Dado aprovado,True,outputs/pesquisa-cobertura-reserva-2021-20260922/raw/ana-86510000-2021-05-01--2021-05-31.xml,473
2021,2021-05-27T03:00:00-03:00,2021-05-27T02:45:00-03:00,2021-05-27 02:45:00,0.0,186.00,Dado aprovado,True,outputs/pesquisa-cobertura-reserva-2021-20260922/raw/ana-86510000-2021-05-01--2021-05-31.xml,469
2021,2021-05-27T04:00:00-03:00,2021-05-27T03:45:00-03:00,2021-05-27 03:45:00,0.0,186.00,Dado aprovado,True,outputs/pesquisa-cobertura-reserva-2021-20260922/raw/ana-86510000-2021-05-01--2021-05-31.xml,465
2021,2021-05-27T05:00:00-03:00,2021-05-27T04:45:00-03:00,2021-05-27 04:45:00,0.0,187.00,Dado aprovado,True,outputs/pesquisa-cobertura-reserva-2021-20260922/raw/ana-86510000-2021-05-01--2021-05-31.xml,461
2021,2021-05-27T06:00:00-03:00,2021-05-27T05:45:00-03:00,2021-05-27 05:45:00,0.0,189.00,Dado aprovado,True,outputs/pesquisa-cobertura-reserva-2021-20260922/raw/ana-86510000-2021-05-01--2021-05-31.xml,457
2021,2021-05-27T07:00:00-03:00,2021-05-27T06:45:00-03:00,2021-05-27 06:45:00,0.0,189.00,Dado aprovado,True,outputs/pesquisa-cobertura-reserva-2021-20260922/raw/ana-86510000-2021-05-01--2021-05-31.xml,453
2021,2021-05-27T08:00:00-03:00,2021-05-27T07:45:00-03:00,2021-05-27 07:45:00,0.0,186.00,Dado aprovado,True,outputs/pesquisa-cobertura-reserva-2021-20260922/raw/ana-86510000-2021-05-01--2021-05-31.xml,449
2021,2021-05-27T09:00:00-03:00,2021-05-27T08:45:00-03:00,2021-05-27 08:45:00,0.0,180.00,Dado aprovado,True,outputs/pesquisa-cobertura-reserva-2021-20260922/raw/ana-86510000-2021-05-01--2021-05-31.xml,445
2021,2021-05-27T10:00:00-03:00,2021-05-27T09:45:00-03:00,2021-05-27 09:45:00,0.0,171.00,Dado aprovado,True,outputs/pesquisa-cobertura-reserva-2021-20260922/raw/ana-86510000-2021-05-01--2021-05-31.xml,441
2021,2021-05-27T11:00:00-03:00,2021-05-27T10:45:00-03:00,2021-05-27 10:45:00,0.0,162.00,Dado aprovado,True,outputs/pesquisa-cobertura-reserva-2021-20260922/raw/ana-86510000-2021-05-01--2021-05-31.xml,437
2021,2021-05-27T12:00:00-03:00,2021-05-27T11:45:00-03:00,2021-05-27 11:45:00,0.0,153.00,Dado aprovado,True,outputs/pesquisa-cobertura-reserva-2021-20260922/raw/ana-86510000-2021-05-01--2021-05-31.xml,433
2021,2021-05-27T13:00:00-03:00,2021-05-27T12:45:00-03:00,2021-05-27 12:45:00,0.0,145.00,Dado aprovado,True,outputs/pesquisa-cobertura-reserva-2021-20260922/raw/ana-86510000-2021-05-01--2021-05-31.xml,429
2021,2021-05-27T14:00:00-03:00,2021-05-27T13:45:00-03:00,2021-05-27 13:45:00,0.0,138.00,Dado aprovado,True,outputs/pesquisa-cobertura-reserva-2021-20260922/raw/ana-86510000-2021-05-01--2021-05-31.xml,425
2021,2021-05-27T15:00:00-03:00,2021-05-27T14:45:00-03:00,2021-05-27 14:45:00,0.0,132.00,Dado aprovado,True,outputs/pesquisa-cobertura-reserva-2021-20260922/raw/ana-86510000-2021-05-01--2021-05-31.xml,421
2021,2021-05-27T16:00:00-03:00,2021-05-27T15:45:00-03:00,2021-05-27 15:45:00,0.0,127.00,Dado aprovado,True,outputs/pesquisa-cobertura-reserva-2021-20260922/raw/ana-86510000-2021-05-01--2021-05-31.xml,417
2021,2021-05-27T17:00:00-03:00,2021-05-27T16:45:00-03:00,2021-05-27 16:45:00,0.0,124.00,Dado aprovado,True,outputs/pesquisa-cobertura-reserva-2021-20260922/raw/ana-86510000-2021-05-01--2021-05-31.xml,413
2021,2021-05-27T18:00:00-03:00,2021-05-27T17:45:00-03:00,2021-05-27 17:45:00,0.0,121.00,Dado aprovado,True,outputs/pesquisa-cobertura-reserva-2021-20260922/raw/ana-86510000-2021-05-01--2021-05-31.xml,409
2021,2021-05-27T19:00:00-03:00,2021-05-27T18:45:00-03:00,2021-05-27 18:45:00,0.0,118.00,Dado aprovado,True,outputs/pesquisa-cobertura-reserva-2021-20260922/raw/ana-86510000-2021-05-01--2021-05-31.xml,405
2021,2021-05-27T20:00:00-03:00,2021-05-27T19:45:00-03:00,2021-05-27 19:45:00,0.0,116.00,Dado aprovado,True,outputs/pesquisa-cobertura-reserva-2021-20260922/raw/ana-86510000-2021-05-01--2021-05-31.xml,401
2021,2021-05-27T21:00:00-03:00,2021-05-27T20:45:00-03:00,2021-05-27 20:45:00,0.0,115.00,Dado aprovado,True,outputs/pesquisa-cobertura-reserva-2021-20260922/raw/ana-86510000-2021-05-01--2021-05-31.xml,397
2021,2021-05-27T22:00:00-03:00,2021-05-27T21:45:00-03:00,2021-05-27 21:45:00,0.0,113.00,Dado aprovado,True,outputs/pesquisa-cobertura-reserva-2021-20260922/raw/ana-86510000-2021-05-01--2021-05-31.xml,393
2021,2021-05-27T23:00:00-03:00,2021-05-27T22:45:00-03:00,2021-05-27 22:45:00,0.0,112.00,Dado aprovado,True,outputs/pesquisa-cobertura-reserva-2021-20260922/raw/ana-86510000-2021-05-01--2021-05-31.xml,389
2021,2021-05-28T00:00:00-03:00,2021-05-27T23:45:00-03:00,2021-05-27 23:45:00,0.0,111.00,Dado aprovado,True,outputs/pesquisa-cobertura-reserva-2021-20260922/raw/ana-86510000-2021-05-01--2021-05-31.xml,385
2021,2021-05-28T01:00:00-03:00,2021-05-28T00:45:00-03:00,2021-05-28 00:45:00,0.0,115.00,Dado aprovado,True,outputs/pesquisa-cobertura-reserva-2021-20260922/raw/ana-86510000-2021-05-01--2021-05-31.xml,381
2021,2021-05-28T02:00:00-03:00,2021-05-28T01:45:00-03:00,2021-05-28 01:45:00,0.0,148.00,Dado aprovado,True,outputs/pesquisa-cobertura-reserva-2021-20260922/raw/ana-86510000-2021-05-01--2021-05-31.xml,377
2021,2021-05-28T03:00:00-03:00,2021-05-28T02:45:00-03:00,2021-05-28 02:45:00,0.0,186.00,Dado aprovado,True,outputs/pesquisa-cobertura-reserva-2021-20260922/raw/ana-86510000-2021-05-01--2021-05-31.xml,373
2021,2021-05-28T04:00:00-03:00,2021-05-28T03:45:00-03:00,2021-05-28 03:45:00,0.0,202.00,Dado aprovado,True,outputs/pesquisa-cobertura-reserva-2021-20260922/raw/ana-86510000-2021-05-01--2021-05-31.xml,369
2021,2021-05-28T05:00:00-03:00,2021-05-28T04:45:00-03:00,2021-05-28 04:45:00,0.0,208.00,Dado aprovado,True,outputs/pesquisa-cobertura-reserva-2021-20260922/raw/ana-86510000-2021-05-01--2021-05-31.xml,365
2021,2021-05-28T06:00:00-03:00,2021-05-28T05:45:00-03:00,2021-05-28 05:45:00,0.0,211.00,Dado aprovado,True,outputs/pesquisa-cobertura-reserva-2021-20260922/raw/ana-86510000-2021-05-01--2021-05-31.xml,361
2021,2021-05-28T07:00:00-03:00,2021-05-28T06:45:00-03:00,2021-05-28 06:45:00,0.0,214.00,Dado aprovado,True,outputs/pesquisa-cobertura-reserva-2021-20260922/raw/ana-86510000-2021-05-01--2021-05-31.xml,357
2021,2021-05-28T08:00:00-03:00,2021-05-28T07:45:00-03:00,2021-05-28 07:45:00,0.0,213.00,Dado aprovado,True,outputs/pesquisa-cobertura-reserva-2021-20260922/raw/ana-86510000-2021-05-01--2021-05-31.xml,353
2021,2021-05-28T09:00:00-03:00,2021-05-28T08:45:00-03:00,2021-05-28 08:45:00,0.0,209.00,Dado aprovado,True,outputs/pesquisa-cobertura-reserva-2021-20260922/raw/ana-86510000-2021-05-01--2021-05-31.xml,349
2021,2021-05-28T10:00:00-03:00,2021-05-28T09:45:00-03:00,2021-05-28 09:45:00,0.0,202.00,Dado aprovado,True,outputs/pesquisa-cobertura-reserva-2021-20260922/raw/ana-86510000-2021-05-01--2021-05-31.xml,345
2021,2021-05-28T11:00:00-03:00,2021-05-28T10:45:00-03:00,2021-05-28 10:45:00,0.0,195.00,Dado aprovado,True,outputs/pesquisa-cobertura-reserva-2021-20260922/raw/ana-86510000-2021-05-01--2021-05-31.xml,341
2021,2021-05-28T12:00:00-03:00,2021-05-28T11:45:00-03:00,2021-05-28 11:45:00,0.0,187.00,Dado aprovado,True,outputs/pesquisa-cobertura-reserva-2021-20260922/raw/ana-86510000-2021-05-01--2021-05-31.xml,337
2021,2021-05-28T13:00:00-03:00,2021-05-28T12:45:00-03:00,2021-05-28 12:45:00,0.0,179.00,Dado aprovado,True,outputs/pesquisa-cobertura-reserva-2021-20260922/raw/ana-86510000-2021-05-01--2021-05-31.xml,333
2021,2021-05-28T14:00:00-03:00,2021-05-28T13:45:00-03:00,2021-05-28 13:45:00,0.0,174.00,Dado aprovado,True,outputs/pesquisa-cobertura-reserva-2021-20260922/raw/ana-86510000-2021-05-01--2021-05-31.xml,329
2021,2021-05-28T15:00:00-03:00,2021-05-28T14:45:00-03:00,2021-05-28 14:45:00,0.0,169.00,Dado aprovado,True,outputs/pesquisa-cobertura-reserva-2021-20260922/raw/ana-86510000-2021-05-01--2021-05-31.xml,325
2021,2021-05-28T16:00:00-03:00,2021-05-28T15:45:00-03:00,2021-05-28 15:45:00,0.0,169.00,Dado aprovado,True,outputs/pesquisa-cobertura-reserva-2021-20260922/raw/ana-86510000-2021-05-01--2021-05-31.xml,321
2021,2021-05-28T17:00:00-03:00,2021-05-28T16:45:00-03:00,2021-05-28 16:45:00,0.0,170.00,Dado aprovado,True,outputs/pesquisa-cobertura-reserva-2021-20260922/raw/ana-86510000-2021-05-01--2021-05-31.xml,317
2021,2021-05-28T18:00:00-03:00,2021-05-28T17:45:00-03:00,2021-05-28 17:45:00,0.0,171.00,Dado aprovado,True,outputs/pesquisa-cobertura-reserva-2021-20260922/raw/ana-86510000-2021-05-01--2021-05-31.xml,313
2021,2021-05-28T19:00:00-03:00,2021-05-28T18:45:00-03:00,2021-05-28 18:45:00,0.0,175.00,Dado aprovado,True,outputs/pesquisa-cobertura-reserva-2021-20260922/raw/ana-86510000-2021-05-01--2021-05-31.xml,309
2021,2021-05-28T20:00:00-03:00,2021-05-28T19:45:00-03:00,2021-05-28 19:45:00,0.0,181.00,Dado aprovado,True,outputs/pesquisa-cobertura-reserva-2021-20260922/raw/ana-86510000-2021-05-01--2021-05-31.xml,305
2021,2021-05-28T21:00:00-03:00,2021-05-28T20:45:00-03:00,2021-05-28 20:45:00,0.0,194.00,Dado aprovado,True,outputs/pesquisa-cobertura-reserva-2021-20260922/raw/ana-86510000-2021-05-01--2021-05-31.xml,301
2021,2021-05-28T22:00:00-03:00,2021-05-28T21:45:00-03:00,2021-05-28 21:45:00,0.0,215.00,Dado aprovado,True,outputs/pesquisa-cobertura-reserva-2021-20260922/raw/ana-86510000-2021-05-01--2021-05-31.xml,297
2021,2021-05-28T23:00:00-03:00,2021-05-28T22:45:00-03:00,2021-05-28 22:45:00,0.0,245.00,Dado aprovado,True,outputs/pesquisa-cobertura-reserva-2021-20260922/raw/ana-86510000-2021-05-01--2021-05-31.xml,293
2021,2021-05-29T00:00:00-03:00,2021-05-28T23:45:00-03:00,2021-05-28 23:45:00,0.0,270.00,Dado aprovado,True,outputs/pesquisa-cobertura-reserva-2021-20260922/raw/ana-86510000-2021-05-01--2021-05-31.xml,289
2021,2021-05-29T01:00:00-03:00,2021-05-29T00:45:00-03:00,2021-05-29 00:45:00,0.0,299.00,Dado aprovado,True,outputs/pesquisa-cobertura-reserva-2021-20260922/raw/ana-86510000-2021-05-01--2021-05-31.xml,285
2021,2021-05-29T02:00:00-03:00,2021-05-29T01:45:00-03:00,2021-05-29 01:45:00,0.0,332.00,Dado aprovado,True,outputs/pesquisa-cobertura-reserva-2021-20260922/raw/ana-86510000-2021-05-01--2021-05-31.xml,281
2021,2021-05-29T03:00:00-03:00,2021-05-29T02:45:00-03:00,2021-05-29 02:45:00,0.0,372.00,Dado aprovado,True,outputs/pesquisa-cobertura-reserva-2021-20260922/raw/ana-86510000-2021-05-01--2021-05-31.xml,277
2021,2021-05-29T04:00:00-03:00,2021-05-29T03:45:00-03:00,2021-05-29 03:45:00,0.0,406.00,Dado aprovado,True,outputs/pesquisa-cobertura-reserva-2021-20260922/raw/ana-86510000-2021-05-01--2021-05-31.xml,273
2021,2021-05-29T05:00:00-03:00,2021-05-29T04:45:00-03:00,2021-05-29 04:45:00,0.0,435.00,Dado aprovado,True,outputs/pesquisa-cobertura-reserva-2021-20260922/raw/ana-86510000-2021-05-01--2021-05-31.xml,269
2021,2021-05-29T06:00:00-03:00,2021-05-29T05:45:00-03:00,2021-05-29 05:45:00,0.0,477.00,Dado aprovado,True,outputs/pesquisa-cobertura-reserva-2021-20260922/raw/ana-86510000-2021-05-01--2021-05-31.xml,265
2021,2021-05-29T07:00:00-03:00,2021-05-29T06:45:00-03:00,2021-05-29 06:45:00,0.0,520.00,Dado aprovado,True,outputs/pesquisa-cobertura-reserva-2021-20260922/raw/ana-86510000-2021-05-01--2021-05-31.xml,261
2021,2021-05-29T08:00:00-03:00,2021-05-29T07:45:00-03:00,2021-05-29 07:45:00,0.0,546.00,Dado aprovado,True,outputs/pesquisa-cobertura-reserva-2021-20260922/raw/ana-86510000-2021-05-01--2021-05-31.xml,257
2021,2021-05-29T09:00:00-03:00,2021-05-29T08:45:00-03:00,2021-05-29 08:45:00,0.0,557.00,Dado aprovado,True,outputs/pesquisa-cobertura-reserva-2021-20260922/raw/ana-86510000-2021-05-01--2021-05-31.xml,253
2021,2021-05-29T10:00:00-03:00,2021-05-29T09:45:00-03:00,2021-05-29 09:45:00,0.0,565.00,Dado aprovado,True,outputs/pesquisa-cobertura-reserva-2021-20260922/raw/ana-86510000-2021-05-01--2021-05-31.xml,249
2021,2021-05-29T11:00:00-03:00,2021-05-29T10:45:00-03:00,2021-05-29 10:45:00,0.0,569.00,Dado aprovado,True,outputs/pesquisa-cobertura-reserva-2021-20260922/raw/ana-86510000-2021-05-01--2021-05-31.xml,245
2021,2021-05-29T12:00:00-03:00,2021-05-29T11:45:00-03:00,2021-05-29 11:45:00,0.0,566.00,Dado aprovado,True,outputs/pesquisa-cobertura-reserva-2021-20260922/raw/ana-86510000-2021-05-01--2021-05-31.xml,241
2021,2021-05-29T13:00:00-03:00,2021-05-29T12:45:00-03:00,2021-05-29 12:45:00,0.0,559.00,Dado aprovado,True,outputs/pesquisa-cobertura-reserva-2021-20260922/raw/ana-86510000-2021-05-01--2021-05-31.xml,237
2021,2021-05-29T14:00:00-03:00,2021-05-29T13:45:00-03:00,2021-05-29 13:45:00,0.0,558.00,Dado aprovado,True,outputs/pesquisa-cobertura-reserva-2021-20260922/raw/ana-86510000-2021-05-01--2021-05-31.xml,233
2021,2021-05-29T15:00:00-03:00,2021-05-29T14:45:00-03:00,2021-05-29 14:45:00,0.0,569.00,Dado aprovado,True,outputs/pesquisa-cobertura-reserva-2021-20260922/raw/ana-86510000-2021-05-01--2021-05-31.xml,229
2021,2021-05-29T16:00:00-03:00,2021-05-29T15:45:00-03:00,2021-05-29 15:45:00,0.0,584.00,Dado aprovado,True,outputs/pesquisa-cobertura-reserva-2021-20260922/raw/ana-86510000-2021-05-01--2021-05-31.xml,225
2021,2021-05-29T17:00:00-03:00,2021-05-29T16:45:00-03:00,2021-05-29 16:45:00,0.0,607.00,Dado aprovado,True,outputs/pesquisa-cobertura-reserva-2021-20260922/raw/ana-86510000-2021-05-01--2021-05-31.xml,221
2021,2021-05-29T18:00:00-03:00,2021-05-29T17:45:00-03:00,2021-05-29 17:45:00,0.0,636.00,Dado aprovado,True,outputs/pesquisa-cobertura-reserva-2021-20260922/raw/ana-86510000-2021-05-01--2021-05-31.xml,217
2021,2021-05-29T19:00:00-03:00,2021-05-29T18:45:00-03:00,2021-05-29 18:45:00,0.0,662.00,Dado aprovado,True,outputs/pesquisa-cobertura-reserva-2021-20260922/raw/ana-86510000-2021-05-01--2021-05-31.xml,213
2021,2021-05-29T20:00:00-03:00,2021-05-29T19:45:00-03:00,2021-05-29 19:45:00,0.0,686.00,Dado aprovado,True,outputs/pesquisa-cobertura-reserva-2021-20260922/raw/ana-86510000-2021-05-01--2021-05-31.xml,209
2021,2021-05-29T21:00:00-03:00,2021-05-29T20:45:00-03:00,2021-05-29 20:45:00,0.0,699.00,Dado aprovado,True,outputs/pesquisa-cobertura-reserva-2021-20260922/raw/ana-86510000-2021-05-01--2021-05-31.xml,205
2021,2021-05-29T22:00:00-03:00,2021-05-29T21:45:00-03:00,2021-05-29 21:45:00,0.0,705.00,Dado aprovado,True,outputs/pesquisa-cobertura-reserva-2021-20260922/raw/ana-86510000-2021-05-01--2021-05-31.xml,201
2021,2021-05-29T23:00:00-03:00,2021-05-29T22:45:00-03:00,2021-05-29 22:45:00,0.0,706.00,Dado aprovado,True,outputs/pesquisa-cobertura-reserva-2021-20260922/raw/ana-86510000-2021-05-01--2021-05-31.xml,197
2021,2021-05-30T00:00:00-03:00,2021-05-29T23:45:00-03:00,2021-05-29 23:45:00,0.0,703.00,Dado aprovado,True,outputs/pesquisa-cobertura-reserva-2021-20260922/raw/ana-86510000-2021-05-01--2021-05-31.xml,193
2021,2021-05-30T01:00:00-03:00,2021-05-30T00:45:00-03:00,2021-05-30 00:45:00,0.0,701.00,Dado aprovado,True,outputs/pesquisa-cobertura-reserva-2021-20260922/raw/ana-86510000-2021-05-01--2021-05-31.xml,189
2021,2021-05-30T02:00:00-03:00,2021-05-30T01:45:00-03:00,2021-05-30 01:45:00,0.0,696.00,Dado aprovado,True,outputs/pesquisa-cobertura-reserva-2021-20260922/raw/ana-86510000-2021-05-01--2021-05-31.xml,185
2021,2021-05-30T03:00:00-03:00,2021-05-30T02:45:00-03:00,2021-05-30 02:45:00,0.0,694.00,Dado aprovado,True,outputs/pesquisa-cobertura-reserva-2021-20260922/raw/ana-86510000-2021-05-01--2021-05-31.xml,181
2021,2021-05-30T04:00:00-03:00,2021-05-30T03:45:00-03:00,2021-05-30 03:45:00,0.0,695.00,Dado aprovado,True,outputs/pesquisa-cobertura-reserva-2021-20260922/raw/ana-86510000-2021-05-01--2021-05-31.xml,177
2021,2021-05-30T05:00:00-03:00,2021-05-30T04:45:00-03:00,2021-05-30 04:45:00,0.0,702.00,Dado aprovado,True,outputs/pesquisa-cobertura-reserva-2021-20260922/raw/ana-86510000-2021-05-01--2021-05-31.xml,173
2021,2021-05-30T06:00:00-03:00,2021-05-30T05:45:00-03:00,2021-05-30 05:45:00,0.0,705.00,Dado aprovado,True,outputs/pesquisa-cobertura-reserva-2021-20260922/raw/ana-86510000-2021-05-01--2021-05-31.xml,169
2021,2021-05-30T07:00:00-03:00,2021-05-30T06:45:00-03:00,2021-05-30 06:45:00,0.0,711.00,Dado aprovado,True,outputs/pesquisa-cobertura-reserva-2021-20260922/raw/ana-86510000-2021-05-01--2021-05-31.xml,165
2021,2021-05-30T08:00:00-03:00,2021-05-30T07:45:00-03:00,2021-05-30 07:45:00,0.0,715.00,Dado aprovado,True,outputs/pesquisa-cobertura-reserva-2021-20260922/raw/ana-86510000-2021-05-01--2021-05-31.xml,161
2021,2021-05-30T09:00:00-03:00,2021-05-30T08:45:00-03:00,2021-05-30 08:45:00,0.0,712.00,Dado aprovado,True,outputs/pesquisa-cobertura-reserva-2021-20260922/raw/ana-86510000-2021-05-01--2021-05-31.xml,157
2021,2021-05-30T10:00:00-03:00,2021-05-30T09:45:00-03:00,2021-05-30 09:45:00,0.0,710.00,Dado aprovado,True,outputs/pesquisa-cobertura-reserva-2021-20260922/raw/ana-86510000-2021-05-01--2021-05-31.xml,153
2021,2021-05-30T11:00:00-03:00,2021-05-30T10:45:00-03:00,2021-05-30 10:45:00,0.0,702.00,Dado aprovado,True,outputs/pesquisa-cobertura-reserva-2021-20260922/raw/ana-86510000-2021-05-01--2021-05-31.xml,149
2021,2021-05-30T12:00:00-03:00,2021-05-30T11:45:00-03:00,2021-05-30 11:45:00,0.0,693.00,Dado aprovado,True,outputs/pesquisa-cobertura-reserva-2021-20260922/raw/ana-86510000-2021-05-01--2021-05-31.xml,145
2021,2021-05-30T13:00:00-03:00,2021-05-30T12:45:00-03:00,2021-05-30 12:45:00,0.0,681.00,Dado aprovado,True,outputs/pesquisa-cobertura-reserva-2021-20260922/raw/ana-86510000-2021-05-01--2021-05-31.xml,141
2021,2021-05-30T14:00:00-03:00,2021-05-30T13:45:00-03:00,2021-05-30 13:45:00,0.0,666.00,Dado aprovado,True,outputs/pesquisa-cobertura-reserva-2021-20260922/raw/ana-86510000-2021-05-01--2021-05-31.xml,137
2021,2021-05-30T15:00:00-03:00,2021-05-30T14:45:00-03:00,2021-05-30 14:45:00,0.0,651.00,Dado aprovado,True,outputs/pesquisa-cobertura-reserva-2021-20260922/raw/ana-86510000-2021-05-01--2021-05-31.xml,133
2021,2021-05-30T16:00:00-03:00,2021-05-30T15:45:00-03:00,2021-05-30 15:45:00,0.0,636.00,Dado aprovado,True,outputs/pesquisa-cobertura-reserva-2021-20260922/raw/ana-86510000-2021-05-01--2021-05-31.xml,129
2021,2021-05-30T17:00:00-03:00,2021-05-30T16:45:00-03:00,2021-05-30 16:45:00,0.0,621.00,Dado aprovado,True,outputs/pesquisa-cobertura-reserva-2021-20260922/raw/ana-86510000-2021-05-01--2021-05-31.xml,125
2021,2021-05-30T18:00:00-03:00,2021-05-30T17:45:00-03:00,2021-05-30 17:45:00,0.0,614.00,Dado aprovado,True,outputs/pesquisa-cobertura-reserva-2021-20260922/raw/ana-86510000-2021-05-01--2021-05-31.xml,121
2021,2021-05-30T19:00:00-03:00,2021-05-30T18:45:00-03:00,2021-05-30 18:45:00,0.0,607.00,Dado aprovado,True,outputs/pesquisa-cobertura-reserva-2021-20260922/raw/ana-86510000-2021-05-01--2021-05-31.xml,117
2021,2021-05-30T20:00:00-03:00,2021-05-30T19:45:00-03:00,2021-05-30 19:45:00,0.0,602.00,Dado aprovado,True,outputs/pesquisa-cobertura-reserva-2021-20260922/raw/ana-86510000-2021-05-01--2021-05-31.xml,113
2021,2021-05-30T21:00:00-03:00,2021-05-30T20:45:00-03:00,2021-05-30 20:45:00,0.0,592.00,Dado aprovado,True,outputs/pesquisa-cobertura-reserva-2021-20260922/raw/ana-86510000-2021-05-01--2021-05-31.xml,109
2021,2021-05-30T22:00:00-03:00,2021-05-30T21:45:00-03:00,2021-05-30 21:45:00,0.0,582.00,Dado aprovado,True,outputs/pesquisa-cobertura-reserva-2021-20260922/raw/ana-86510000-2021-05-01--2021-05-31.xml,105
2021,2021-05-30T23:00:00-03:00,2021-05-30T22:45:00-03:00,2021-05-30 22:45:00,0.0,570.00,Dado aprovado,True,outputs/pesquisa-cobertura-reserva-2021-20260922/raw/ana-86510000-2021-05-01--2021-05-31.xml,101
2021,2021-05-31T00:00:00-03:00,2021-05-30T23:45:00-03:00,2021-05-30 23:45:00,0.0,557.00,Dado aprovado,True,outputs/pesquisa-cobertura-reserva-2021-20260922/raw/ana-86510000-2021-05-01--2021-05-31.xml,97
2021,2021-05-31T01:00:00-03:00,2021-05-31T00:45:00-03:00,2021-05-31 00:45:00,0.0,547.00,Dado aprovado,True,outputs/pesquisa-cobertura-reserva-2021-20260922/raw/ana-86510000-2021-05-01--2021-05-31.xml,93
2021,2021-05-31T02:00:00-03:00,2021-05-31T01:45:00-03:00,2021-05-31 01:45:00,0.0,536.00,Dado aprovado,True,outputs/pesquisa-cobertura-reserva-2021-20260922/raw/ana-86510000-2021-05-01--2021-05-31.xml,89
2021,2021-05-31T03:00:00-03:00,2021-05-31T02:45:00-03:00,2021-05-31 02:45:00,0.0,526.00,Dado aprovado,True,outputs/pesquisa-cobertura-reserva-2021-20260922/raw/ana-86510000-2021-05-01--2021-05-31.xml,85
2021,2021-05-31T04:00:00-03:00,2021-05-31T03:45:00-03:00,2021-05-31 03:45:00,0.0,517.00,Dado aprovado,True,outputs/pesquisa-cobertura-reserva-2021-20260922/raw/ana-86510000-2021-05-01--2021-05-31.xml,81
2021,2021-05-31T05:00:00-03:00,2021-05-31T04:45:00-03:00,2021-05-31 04:45:00,0.0,510.00,Dado aprovado,True,outputs/pesquisa-cobertura-reserva-2021-20260922/raw/ana-86510000-2021-05-01--2021-05-31.xml,77
2021,2021-05-31T06:00:00-03:00,2021-05-31T05:45:00-03:00,2021-05-31 05:45:00,0.0,501.00,Dado aprovado,True,outputs/pesquisa-cobertura-reserva-2021-20260922/raw/ana-86510000-2021-05-01--2021-05-31.xml,73
2021,2021-05-31T07:00:00-03:00,2021-05-31T06:45:00-03:00,2021-05-31 06:45:00,0.0,492.00,Dado aprovado,True,outputs/pesquisa-cobertura-reserva-2021-20260922/raw/ana-86510000-2021-05-01--2021-05-31.xml,69
2021,2021-05-31T08:00:00-03:00,2021-05-31T07:45:00-03:00,2021-05-31 07:45:00,0.0,483.00,Dado aprovado,True,outputs/pesquisa-cobertura-reserva-2021-20260922/raw/ana-86510000-2021-05-01--2021-05-31.xml,65
2021,2021-05-31T09:00:00-03:00,2021-05-31T08:45:00-03:00,2021-05-31 08:45:00,0.0,477.00,Dado aprovado,True,outputs/pesquisa-cobertura-reserva-2021-20260922/raw/ana-86510000-2021-05-01--2021-05-31.xml,61
2021,2021-05-31T10:00:00-03:00,2021-05-31T09:45:00-03:00,2021-05-31 09:45:00,0.0,468.00,Dado aprovado,True,outputs/pesquisa-cobertura-reserva-2021-20260922/raw/ana-86510000-2021-05-01--2021-05-31.xml,57
2021,2021-05-31T11:00:00-03:00,2021-05-31T10:45:00-03:00,2021-05-31 10:45:00,0.0,461.00,Dado aprovado,True,outputs/pesquisa-cobertura-reserva-2021-20260922/raw/ana-86510000-2021-05-01--2021-05-31.xml,53
2021,2021-05-31T12:00:00-03:00,2021-05-31T11:45:00-03:00,2021-05-31 11:45:00,0.0,456.00,Dado aprovado,True,outputs/pesquisa-cobertura-reserva-2021-20260922/raw/ana-86510000-2021-05-01--2021-05-31.xml,49
2021,2021-05-31T13:00:00-03:00,2021-05-31T12:45:00-03:00,2021-05-31 12:45:00,0.0,447.00,Dado aprovado,True,outputs/pesquisa-cobertura-reserva-2021-20260922/raw/ana-86510000-2021-05-01--2021-05-31.xml,45
2021,2021-05-31T14:00:00-03:00,2021-05-31T13:45:00-03:00,2021-05-31 13:45:00,0.0,441.00,Dado aprovado,True,outputs/pesquisa-cobertura-reserva-2021-20260922/raw/ana-86510000-2021-05-01--2021-05-31.xml,41
2021,2021-05-31T15:00:00-03:00,2021-05-31T14:45:00-03:00,2021-05-31 14:45:00,0.0,433.00,Dado aprovado,True,outputs/pesquisa-cobertura-reserva-2021-20260922/raw/ana-86510000-2021-05-01--2021-05-31.xml,37
2021,2021-05-31T16:00:00-03:00,2021-05-31T15:45:00-03:00,2021-05-31 15:45:00,0.0,421.00,Dado aprovado,True,outputs/pesquisa-cobertura-reserva-2021-20260922/raw/ana-86510000-2021-05-01--2021-05-31.xml,33
2021,2021-05-31T17:00:00-03:00,2021-05-31T16:45:00-03:00,2021-05-31 16:45:00,0.0,411.00,Dado aprovado,True,outputs/pesquisa-cobertura-reserva-2021-20260922/raw/ana-86510000-2021-05-01--2021-05-31.xml,29
2021,2021-05-31T18:00:00-03:00,2021-05-31T17:45:00-03:00,2021-05-31 17:45:00,0.0,403.00,Dado aprovado,True,outputs/pesquisa-cobertura-reserva-2021-20260922/raw/ana-86510000-2021-05-01--2021-05-31.xml,25
2021,2021-05-31T19:00:00-03:00,2021-05-31T18:45:00-03:00,2021-05-31 18:45:00,0.0,396.00,Dado aprovado,True,outputs/pesquisa-cobertura-reserva-2021-20260922/raw/ana-86510000-2021-05-01--2021-05-31.xml,21
2021,2021-05-31T20:00:00-03:00,2021-05-31T19:45:00-03:00,2021-05-31 19:45:00,0.0,393.00,Dado aprovado,True,outputs/pesquisa-cobertura-reserva-2021-20260922/raw/ana-86510000-2021-05-01--2021-05-31.xml,17
2021,2021-05-31T21:00:00-03:00,2021-05-31T20:45:00-03:00,2021-05-31 20:45:00,0.0,390.00,Dado aprovado,True,outputs/pesquisa-cobertura-reserva-2021-20260922/raw/ana-86510000-2021-05-01--2021-05-31.xml,13
2021,2021-05-31T22:00:00-03:00,2021-05-31T21:45:00-03:00,2021-05-31 21:45:00,0.0,388.00,Dado aprovado,True,outputs/pesquisa-cobertura-reserva-2021-20260922/raw/ana-86510000-2021-05-01--2021-05-31.xml,9
2021,2021-05-31T23:00:00-03:00,2021-05-31T22:45:00-03:00,2021-05-31 22:45:00,0.0,386.00,Dado aprovado,True,outputs/pesquisa-cobertura-reserva-2021-20260922/raw/ana-86510000-2021-05-01--2021-05-31.xml,5
2022,2022-05-01T00:00:00-03:00,2022-04-30T23:45:00-03:00,2022-04-30 23:45:00,0.0,220.00,Dado aprovado,True,outputs/pesquisa-cobertura-reserva-2022-20260922/raw/ana-86510000-2022-04-28--2022-04-30.xml,1
2022,2022-05-01T01:00:00-03:00,2022-05-01T00:45:00-03:00,2022-05-01 00:45:00,0.0,219.00,Dado aprovado,True,outputs/pesquisa-cobertura-reserva-2022-20260922/raw/ana-86510000-2022-05-01--2022-05-31.xml,2973
2022,2022-05-01T02:00:00-03:00,2022-05-01T01:45:00-03:00,2022-05-01 01:45:00,0.0,222.00,Dado aprovado,True,outputs/pesquisa-cobertura-reserva-2022-20260922/raw/ana-86510000-2022-05-01--2022-05-31.xml,2969
2022,2022-05-01T03:00:00-03:00,2022-05-01T02:45:00-03:00,2022-05-01 02:45:00,0.0,228.00,Dado aprovado,True,outputs/pesquisa-cobertura-reserva-2022-20260922/raw/ana-86510000-2022-05-01--2022-05-31.xml,2965
2022,2022-05-01T04:00:00-03:00,2022-05-01T03:45:00-03:00,2022-05-01 03:45:00,0.0,235.00,Dado aprovado,True,outputs/pesquisa-cobertura-reserva-2022-20260922/raw/ana-86510000-2022-05-01--2022-05-31.xml,2961
2022,2022-05-01T05:00:00-03:00,2022-05-01T04:45:00-03:00,2022-05-01 04:45:00,0.0,242.00,Dado aprovado,True,outputs/pesquisa-cobertura-reserva-2022-20260922/raw/ana-86510000-2022-05-01--2022-05-31.xml,2957
2022,2022-05-01T06:00:00-03:00,2022-05-01T05:45:00-03:00,2022-05-01 05:45:00,0.0,245.00,Dado aprovado,True,outputs/pesquisa-cobertura-reserva-2022-20260922/raw/ana-86510000-2022-05-01--2022-05-31.xml,2953
2022,2022-05-01T07:00:00-03:00,2022-05-01T06:45:00-03:00,2022-05-01 06:45:00,0.0,244.00,Dado aprovado,True,outputs/pesquisa-cobertura-reserva-2022-20260922/raw/ana-86510000-2022-05-01--2022-05-31.xml,2949
2022,2022-05-01T08:00:00-03:00,2022-05-01T07:45:00-03:00,2022-05-01 07:45:00,0.0,237.00,Dado aprovado,True,outputs/pesquisa-cobertura-reserva-2022-20260922/raw/ana-86510000-2022-05-01--2022-05-31.xml,2945
2022,2022-05-01T09:00:00-03:00,2022-05-01T08:45:00-03:00,2022-05-01 08:45:00,0.0,227.00,Dado aprovado,True,outputs/pesquisa-cobertura-reserva-2022-20260922/raw/ana-86510000-2022-05-01--2022-05-31.xml,2941
2022,2022-05-01T10:00:00-03:00,2022-05-01T09:45:00-03:00,2022-05-01 09:45:00,0.0,215.00,Dado aprovado,True,outputs/pesquisa-cobertura-reserva-2022-20260922/raw/ana-86510000-2022-05-01--2022-05-31.xml,2937
2022,2022-05-01T11:00:00-03:00,2022-05-01T10:45:00-03:00,2022-05-01 10:45:00,0.0,207.00,Dado aprovado,True,outputs/pesquisa-cobertura-reserva-2022-20260922/raw/ana-86510000-2022-05-01--2022-05-31.xml,2933
2022,2022-05-01T12:00:00-03:00,2022-05-01T11:45:00-03:00,2022-05-01 11:45:00,0.0,204.00,Dado aprovado,True,outputs/pesquisa-cobertura-reserva-2022-20260922/raw/ana-86510000-2022-05-01--2022-05-31.xml,2929
2022,2022-05-01T13:00:00-03:00,2022-05-01T12:45:00-03:00,2022-05-01 12:45:00,0.0,202.00,Dado aprovado,True,outputs/pesquisa-cobertura-reserva-2022-20260922/raw/ana-86510000-2022-05-01--2022-05-31.xml,2925
2022,2022-05-01T14:00:00-03:00,2022-05-01T13:45:00-03:00,2022-05-01 13:45:00,0.0,207.00,Dado aprovado,True,outputs/pesquisa-cobertura-reserva-2022-20260922/raw/ana-86510000-2022-05-01--2022-05-31.xml,2921
2022,2022-05-01T15:00:00-03:00,2022-05-01T14:45:00-03:00,2022-05-01 14:45:00,0.0,219.00,Dado aprovado,True,outputs/pesquisa-cobertura-reserva-2022-20260922/raw/ana-86510000-2022-05-01--2022-05-31.xml,2917
2022,2022-05-01T16:00:00-03:00,2022-05-01T15:45:00-03:00,2022-05-01 15:45:00,0.0,260.00,Dado aprovado,True,outputs/pesquisa-cobertura-reserva-2022-20260922/raw/ana-86510000-2022-05-01--2022-05-31.xml,2913
2022,2022-05-01T17:00:00-03:00,2022-05-01T16:45:00-03:00,2022-05-01 16:45:00,0.0,372.00,Dado aprovado,True,outputs/pesquisa-cobertura-reserva-2022-20260922/raw/ana-86510000-2022-05-01--2022-05-31.xml,2909
2022,2022-05-01T18:00:00-03:00,2022-05-01T17:45:00-03:00,2022-05-01 17:45:00,0.0,456.00,Dado aprovado,True,outputs/pesquisa-cobertura-reserva-2022-20260922/raw/ana-86510000-2022-05-01--2022-05-31.xml,2905
2022,2022-05-01T19:00:00-03:00,2022-05-01T18:45:00-03:00,2022-05-01 18:45:00,0.0,510.00,Dado aprovado,True,outputs/pesquisa-cobertura-reserva-2022-20260922/raw/ana-86510000-2022-05-01--2022-05-31.xml,2901
2022,2022-05-01T20:00:00-03:00,2022-05-01T19:45:00-03:00,2022-05-01 19:45:00,0.0,543.00,Dado aprovado,True,outputs/pesquisa-cobertura-reserva-2022-20260922/raw/ana-86510000-2022-05-01--2022-05-31.xml,2897
2022,2022-05-01T21:00:00-03:00,2022-05-01T20:45:00-03:00,2022-05-01 20:45:00,0.0,567.00,Dado aprovado,True,outputs/pesquisa-cobertura-reserva-2022-20260922/raw/ana-86510000-2022-05-01--2022-05-31.xml,2893
2022,2022-05-01T22:00:00-03:00,2022-05-01T21:45:00-03:00,2022-05-01 21:45:00,0.0,599.00,Dado aprovado,True,outputs/pesquisa-cobertura-reserva-2022-20260922/raw/ana-86510000-2022-05-01--2022-05-31.xml,2889
2022,2022-05-01T23:00:00-03:00,2022-05-01T22:45:00-03:00,2022-05-01 22:45:00,0.0,630.00,Dado aprovado,True,outputs/pesquisa-cobertura-reserva-2022-20260922/raw/ana-86510000-2022-05-01--2022-05-31.xml,2885
2022,2022-05-02T00:00:00-03:00,2022-05-01T23:45:00-03:00,2022-05-01 23:45:00,0.0,653.00,Dado aprovado,True,outputs/pesquisa-cobertura-reserva-2022-20260922/raw/ana-86510000-2022-05-01--2022-05-31.xml,2881
2022,2022-05-02T01:00:00-03:00,2022-05-02T00:45:00-03:00,2022-05-02 00:45:00,0.0,665.00,Dado aprovado,True,outputs/pesquisa-cobertura-reserva-2022-20260922/raw/ana-86510000-2022-05-01--2022-05-31.xml,2877
2022,2022-05-02T02:00:00-03:00,2022-05-02T01:45:00-03:00,2022-05-02 01:45:00,0.0,673.00,Dado aprovado,True,outputs/pesquisa-cobertura-reserva-2022-20260922/raw/ana-86510000-2022-05-01--2022-05-31.xml,2873
2022,2022-05-02T03:00:00-03:00,2022-05-02T02:45:00-03:00,2022-05-02 02:45:00,0.0,676.00,Dado aprovado,True,outputs/pesquisa-cobertura-reserva-2022-20260922/raw/ana-86510000-2022-05-01--2022-05-31.xml,2869
2022,2022-05-02T04:00:00-03:00,2022-05-02T03:45:00-03:00,2022-05-02 03:45:00,0.0,676.00,Dado aprovado,True,outputs/pesquisa-cobertura-reserva-2022-20260922/raw/ana-86510000-2022-05-01--2022-05-31.xml,2865
2022,2022-05-02T05:00:00-03:00,2022-05-02T04:45:00-03:00,2022-05-02 04:45:00,0.0,672.00,Dado aprovado,True,outputs/pesquisa-cobertura-reserva-2022-20260922/raw/ana-86510000-2022-05-01--2022-05-31.xml,2861
2022,2022-05-02T06:00:00-03:00,2022-05-02T05:45:00-03:00,2022-05-02 05:45:00,0.0,671.00,Dado aprovado,True,outputs/pesquisa-cobertura-reserva-2022-20260922/raw/ana-86510000-2022-05-01--2022-05-31.xml,2857
2022,2022-05-02T07:00:00-03:00,2022-05-02T06:45:00-03:00,2022-05-02 06:45:00,0.0,674.00,Dado aprovado,True,outputs/pesquisa-cobertura-reserva-2022-20260922/raw/ana-86510000-2022-05-01--2022-05-31.xml,2853
2022,2022-05-02T08:00:00-03:00,2022-05-02T07:45:00-03:00,2022-05-02 07:45:00,0.0,688.00,Dado aprovado,True,outputs/pesquisa-cobertura-reserva-2022-20260922/raw/ana-86510000-2022-05-01--2022-05-31.xml,2849
2022,2022-05-02T09:00:00-03:00,2022-05-02T08:45:00-03:00,2022-05-02 08:45:00,0.0,699.00,Dado aprovado,True,outputs/pesquisa-cobertura-reserva-2022-20260922/raw/ana-86510000-2022-05-01--2022-05-31.xml,2845
2022,2022-05-02T10:00:00-03:00,2022-05-02T09:45:00-03:00,2022-05-02 09:45:00,0.0,712.00,Dado aprovado,True,outputs/pesquisa-cobertura-reserva-2022-20260922/raw/ana-86510000-2022-05-01--2022-05-31.xml,2841
2022,2022-05-02T11:00:00-03:00,2022-05-02T10:45:00-03:00,2022-05-02 10:45:00,0.0,720.00,Dado aprovado,True,outputs/pesquisa-cobertura-reserva-2022-20260922/raw/ana-86510000-2022-05-01--2022-05-31.xml,2837
2022,2022-05-02T12:00:00-03:00,2022-05-02T11:45:00-03:00,2022-05-02 11:45:00,0.0,729.00,Dado aprovado,True,outputs/pesquisa-cobertura-reserva-2022-20260922/raw/ana-86510000-2022-05-01--2022-05-31.xml,2833
2022,2022-05-02T13:00:00-03:00,2022-05-02T12:45:00-03:00,2022-05-02 12:45:00,0.0,736.00,Dado aprovado,True,outputs/pesquisa-cobertura-reserva-2022-20260922/raw/ana-86510000-2022-05-01--2022-05-31.xml,2829
2022,2022-05-02T14:00:00-03:00,2022-05-02T13:45:00-03:00,2022-05-02 13:45:00,0.0,749.00,Dado aprovado,True,outputs/pesquisa-cobertura-reserva-2022-20260922/raw/ana-86510000-2022-05-01--2022-05-31.xml,2825
2022,2022-05-02T15:00:00-03:00,2022-05-02T14:45:00-03:00,2022-05-02 14:45:00,0.0,762.00,Dado aprovado,True,outputs/pesquisa-cobertura-reserva-2022-20260922/raw/ana-86510000-2022-05-01--2022-05-31.xml,2821
2022,2022-05-02T16:00:00-03:00,2022-05-02T15:45:00-03:00,2022-05-02 15:45:00,0.0,776.00,Dado aprovado,True,outputs/pesquisa-cobertura-reserva-2022-20260922/raw/ana-86510000-2022-05-01--2022-05-31.xml,2817
2022,2022-05-02T17:00:00-03:00,2022-05-02T16:45:00-03:00,2022-05-02 16:45:00,0.0,794.00,Dado aprovado,True,outputs/pesquisa-cobertura-reserva-2022-20260922/raw/ana-86510000-2022-05-01--2022-05-31.xml,2813
2022,2022-05-02T18:00:00-03:00,2022-05-02T17:45:00-03:00,2022-05-02 17:45:00,0.0,808.00,Dado aprovado,True,outputs/pesquisa-cobertura-reserva-2022-20260922/raw/ana-86510000-2022-05-01--2022-05-31.xml,2809
2022,2022-05-02T19:00:00-03:00,2022-05-02T18:45:00-03:00,2022-05-02 18:45:00,0.0,823.00,Dado aprovado,True,outputs/pesquisa-cobertura-reserva-2022-20260922/raw/ana-86510000-2022-05-01--2022-05-31.xml,2805
2022,2022-05-02T20:00:00-03:00,2022-05-02T19:45:00-03:00,2022-05-02 19:45:00,0.0,838.00,Dado aprovado,True,outputs/pesquisa-cobertura-reserva-2022-20260922/raw/ana-86510000-2022-05-01--2022-05-31.xml,2801
2022,2022-05-02T21:00:00-03:00,2022-05-02T20:45:00-03:00,2022-05-02 20:45:00,0.0,852.00,Dado aprovado,True,outputs/pesquisa-cobertura-reserva-2022-20260922/raw/ana-86510000-2022-05-01--2022-05-31.xml,2797
2022,2022-05-02T22:00:00-03:00,2022-05-02T21:45:00-03:00,2022-05-02 21:45:00,0.0,864.00,Dado aprovado,True,outputs/pesquisa-cobertura-reserva-2022-20260922/raw/ana-86510000-2022-05-01--2022-05-31.xml,2793
2022,2022-05-02T23:00:00-03:00,2022-05-02T22:45:00-03:00,2022-05-02 22:45:00,0.0,877.00,Dado aprovado,True,outputs/pesquisa-cobertura-reserva-2022-20260922/raw/ana-86510000-2022-05-01--2022-05-31.xml,2789
2022,2022-05-03T00:00:00-03:00,2022-05-02T23:45:00-03:00,2022-05-02 23:45:00,0.0,895.00,Dado aprovado,True,outputs/pesquisa-cobertura-reserva-2022-20260922/raw/ana-86510000-2022-05-01--2022-05-31.xml,2785
2022,2022-05-03T01:00:00-03:00,2022-05-03T00:45:00-03:00,2022-05-03 00:45:00,0.0,918.00,Dado aprovado,True,outputs/pesquisa-cobertura-reserva-2022-20260922/raw/ana-86510000-2022-05-01--2022-05-31.xml,2781
2022,2022-05-03T02:00:00-03:00,2022-05-03T01:45:00-03:00,2022-05-03 01:45:00,0.0,951.00,Dado aprovado,True,outputs/pesquisa-cobertura-reserva-2022-20260922/raw/ana-86510000-2022-05-01--2022-05-31.xml,2777
2022,2022-05-03T03:00:00-03:00,2022-05-03T02:45:00-03:00,2022-05-03 02:45:00,0.0,984.00,Dado aprovado,True,outputs/pesquisa-cobertura-reserva-2022-20260922/raw/ana-86510000-2022-05-01--2022-05-31.xml,2773
2022,2022-05-03T04:00:00-03:00,2022-05-03T03:45:00-03:00,2022-05-03 03:45:00,0.0,1012.00,Dado aprovado,True,outputs/pesquisa-cobertura-reserva-2022-20260922/raw/ana-86510000-2022-05-01--2022-05-31.xml,2769
2022,2022-05-03T05:00:00-03:00,2022-05-03T04:45:00-03:00,2022-05-03 04:45:00,0.0,1044.00,Dado aprovado,True,outputs/pesquisa-cobertura-reserva-2022-20260922/raw/ana-86510000-2022-05-01--2022-05-31.xml,2765
2022,2022-05-03T06:00:00-03:00,2022-05-03T05:45:00-03:00,2022-05-03 05:45:00,0.0,1060.00,Dado aprovado,True,outputs/pesquisa-cobertura-reserva-2022-20260922/raw/ana-86510000-2022-05-01--2022-05-31.xml,2761
2022,2022-05-03T07:00:00-03:00,2022-05-03T06:45:00-03:00,2022-05-03 06:45:00,0.0,1064.00,Dado aprovado,True,outputs/pesquisa-cobertura-reserva-2022-20260922/raw/ana-86510000-2022-05-01--2022-05-31.xml,2757
2022,2022-05-03T08:00:00-03:00,2022-05-03T07:45:00-03:00,2022-05-03 07:45:00,0.0,1062.00,Dado aprovado,True,outputs/pesquisa-cobertura-reserva-2022-20260922/raw/ana-86510000-2022-05-01--2022-05-31.xml,2753
2022,2022-05-03T09:00:00-03:00,2022-05-03T08:45:00-03:00,2022-05-03 08:45:00,0.0,1059.00,Dado aprovado,True,outputs/pesquisa-cobertura-reserva-2022-20260922/raw/ana-86510000-2022-05-01--2022-05-31.xml,2749
2022,2022-05-03T10:00:00-03:00,2022-05-03T09:45:00-03:00,2022-05-03 09:45:00,0.0,1052.00,Dado aprovado,True,outputs/pesquisa-cobertura-reserva-2022-20260922/raw/ana-86510000-2022-05-01--2022-05-31.xml,2745
2022,2022-05-03T11:00:00-03:00,2022-05-03T10:45:00-03:00,2022-05-03 10:45:00,0.0,1053.00,Dado aprovado,True,outputs/pesquisa-cobertura-reserva-2022-20260922/raw/ana-86510000-2022-05-01--2022-05-31.xml,2741
2022,2022-05-03T12:00:00-03:00,2022-05-03T11:45:00-03:00,2022-05-03 11:45:00,0.0,1061.00,Dado aprovado,True,outputs/pesquisa-cobertura-reserva-2022-20260922/raw/ana-86510000-2022-05-01--2022-05-31.xml,2737
2022,2022-05-03T13:00:00-03:00,2022-05-03T12:45:00-03:00,2022-05-03 12:45:00,0.0,1078.00,Dado aprovado,True,outputs/pesquisa-cobertura-reserva-2022-20260922/raw/ana-86510000-2022-05-01--2022-05-31.xml,2733
2022,2022-05-03T14:00:00-03:00,2022-05-03T13:45:00-03:00,2022-05-03 13:45:00,0.0,1094.00,Dado aprovado,True,outputs/pesquisa-cobertura-reserva-2022-20260922/raw/ana-86510000-2022-05-01--2022-05-31.xml,2729
2022,2022-05-03T15:00:00-03:00,2022-05-03T14:45:00-03:00,2022-05-03 14:45:00,0.0,1120.00,Dado aprovado,True,outputs/pesquisa-cobertura-reserva-2022-20260922/raw/ana-86510000-2022-05-01--2022-05-31.xml,2725
2022,2022-05-03T16:00:00-03:00,2022-05-03T15:45:00-03:00,2022-05-03 15:45:00,0.0,1141.00,Dado aprovado,True,outputs/pesquisa-cobertura-reserva-2022-20260922/raw/ana-86510000-2022-05-01--2022-05-31.xml,2721
2022,2022-05-03T17:00:00-03:00,2022-05-03T16:45:00-03:00,2022-05-03 16:45:00,0.0,1159.00,Dado aprovado,True,outputs/pesquisa-cobertura-reserva-2022-20260922/raw/ana-86510000-2022-05-01--2022-05-31.xml,2717
2022,2022-05-03T18:00:00-03:00,2022-05-03T17:45:00-03:00,2022-05-03 17:45:00,0.0,1177.00,Dado aprovado,True,outputs/pesquisa-cobertura-reserva-2022-20260922/raw/ana-86510000-2022-05-01--2022-05-31.xml,2713
2022,2022-05-03T19:00:00-03:00,2022-05-03T18:45:00-03:00,2022-05-03 18:45:00,0.0,1198.00,Dado aprovado,True,outputs/pesquisa-cobertura-reserva-2022-20260922/raw/ana-86510000-2022-05-01--2022-05-31.xml,2709
2022,2022-05-03T20:00:00-03:00,2022-05-03T19:45:00-03:00,2022-05-03 19:45:00,0.0,1213.00,Dado aprovado,True,outputs/pesquisa-cobertura-reserva-2022-20260922/raw/ana-86510000-2022-05-01--2022-05-31.xml,2705
2022,2022-05-03T21:00:00-03:00,2022-05-03T20:45:00-03:00,2022-05-03 20:45:00,0.0,1232.00,Dado aprovado,True,outputs/pesquisa-cobertura-reserva-2022-20260922/raw/ana-86510000-2022-05-01--2022-05-31.xml,2701
2022,2022-05-03T22:00:00-03:00,2022-05-03T21:45:00-03:00,2022-05-03 21:45:00,0.0,1255.00,Dado aprovado,True,outputs/pesquisa-cobertura-reserva-2022-20260922/raw/ana-86510000-2022-05-01--2022-05-31.xml,2697
2022,2022-05-03T23:00:00-03:00,2022-05-03T22:45:00-03:00,2022-05-03 22:45:00,0.0,1275.00,Dado aprovado,True,outputs/pesquisa-cobertura-reserva-2022-20260922/raw/ana-86510000-2022-05-01--2022-05-31.xml,2693
2022,2022-05-04T00:00:00-03:00,2022-05-03T23:45:00-03:00,2022-05-03 23:45:00,0.0,1288.00,Dado aprovado,True,outputs/pesquisa-cobertura-reserva-2022-20260922/raw/ana-86510000-2022-05-01--2022-05-31.xml,2689
2022,2022-05-04T01:00:00-03:00,2022-05-04T00:45:00-03:00,2022-05-04 00:45:00,0.0,1305.00,Dado aprovado,True,outputs/pesquisa-cobertura-reserva-2022-20260922/raw/ana-86510000-2022-05-01--2022-05-31.xml,2685
2022,2022-05-04T02:00:00-03:00,2022-05-04T01:45:00-03:00,2022-05-04 01:45:00,0.0,1314.00,Dado aprovado,True,outputs/pesquisa-cobertura-reserva-2022-20260922/raw/ana-86510000-2022-05-01--2022-05-31.xml,2681
2022,2022-05-04T03:00:00-03:00,2022-05-04T02:45:00-03:00,2022-05-04 02:45:00,0.0,1328.00,Dado aprovado,True,outputs/pesquisa-cobertura-reserva-2022-20260922/raw/ana-86510000-2022-05-01--2022-05-31.xml,2677
2022,2022-05-04T04:00:00-03:00,2022-05-04T03:45:00-03:00,2022-05-04 03:45:00,0.0,1331.00,Dado aprovado,True,outputs/pesquisa-cobertura-reserva-2022-20260922/raw/ana-86510000-2022-05-01--2022-05-31.xml,2673
2022,2022-05-04T05:00:00-03:00,2022-05-04T04:45:00-03:00,2022-05-04 04:45:00,0.0,1336.00,Dado aprovado,True,outputs/pesquisa-cobertura-reserva-2022-20260922/raw/ana-86510000-2022-05-01--2022-05-31.xml,2669
2022,2022-05-04T06:00:00-03:00,2022-05-04T05:45:00-03:00,2022-05-04 05:45:00,0.0,1335.00,Dado aprovado,True,outputs/pesquisa-cobertura-reserva-2022-20260922/raw/ana-86510000-2022-05-01--2022-05-31.xml,2665
2022,2022-05-04T07:00:00-03:00,2022-05-04T06:45:00-03:00,2022-05-04 06:45:00,0.0,1328.00,Dado aprovado,True,outputs/pesquisa-cobertura-reserva-2022-20260922/raw/ana-86510000-2022-05-01--2022-05-31.xml,2661
2022,2022-05-04T08:00:00-03:00,2022-05-04T07:45:00-03:00,2022-05-04 07:45:00,0.0,1314.00,Dado aprovado,True,outputs/pesquisa-cobertura-reserva-2022-20260922/raw/ana-86510000-2022-05-01--2022-05-31.xml,2657
2022,2022-05-04T09:00:00-03:00,2022-05-04T08:45:00-03:00,2022-05-04 08:45:00,0.0,1309.00,Dado aprovado,True,outputs/pesquisa-cobertura-reserva-2022-20260922/raw/ana-86510000-2022-05-01--2022-05-31.xml,2653
2022,2022-05-04T10:00:00-03:00,2022-05-04T09:45:00-03:00,2022-05-04 09:45:00,0.0,1292.00,Dado aprovado,True,outputs/pesquisa-cobertura-reserva-2022-20260922/raw/ana-86510000-2022-05-01--2022-05-31.xml,2649
2022,2022-05-04T11:00:00-03:00,2022-05-04T10:45:00-03:00,2022-05-04 10:45:00,0.0,1277.00,Dado aprovado,True,outputs/pesquisa-cobertura-reserva-2022-20260922/raw/ana-86510000-2022-05-01--2022-05-31.xml,2645
2022,2022-05-04T12:00:00-03:00,2022-05-04T11:45:00-03:00,2022-05-04 11:45:00,0.0,1268.00,Dado aprovado,True,outputs/pesquisa-cobertura-reserva-2022-20260922/raw/ana-86510000-2022-05-01--2022-05-31.xml,2641
2022,2022-05-04T13:00:00-03:00,2022-05-04T12:45:00-03:00,2022-05-04 12:45:00,0.0,1256.00,Dado aprovado,True,outputs/pesquisa-cobertura-reserva-2022-20260922/raw/ana-86510000-2022-05-01--2022-05-31.xml,2637
2022,2022-05-04T14:00:00-03:00,2022-05-04T13:45:00-03:00,2022-05-04 13:45:00,0.0,1242.00,Dado aprovado,True,outputs/pesquisa-cobertura-reserva-2022-20260922/raw/ana-86510000-2022-05-01--2022-05-31.xml,2633
2022,2022-05-04T15:00:00-03:00,2022-05-04T14:45:00-03:00,2022-05-04 14:45:00,0.0,1229.00,Dado aprovado,True,outputs/pesquisa-cobertura-reserva-2022-20260922/raw/ana-86510000-2022-05-01--2022-05-31.xml,2629
2022,2022-05-04T16:00:00-03:00,2022-05-04T15:45:00-03:00,2022-05-04 15:45:00,0.0,1220.00,Dado aprovado,True,outputs/pesquisa-cobertura-reserva-2022-20260922/raw/ana-86510000-2022-05-01--2022-05-31.xml,2625
2022,2022-05-04T17:00:00-03:00,2022-05-04T16:45:00-03:00,2022-05-04 16:45:00,0.0,1202.00,Dado aprovado,True,outputs/pesquisa-cobertura-reserva-2022-20260922/raw/ana-86510000-2022-05-01--2022-05-31.xml,2621
2022,2022-05-04T18:00:00-03:00,2022-05-04T17:45:00-03:00,2022-05-04 17:45:00,0.0,1193.00,Dado aprovado,True,outputs/pesquisa-cobertura-reserva-2022-20260922/raw/ana-86510000-2022-05-01--2022-05-31.xml,2617
2022,2022-05-04T19:00:00-03:00,2022-05-04T18:45:00-03:00,2022-05-04 18:45:00,0.0,1181.00,Dado aprovado,True,outputs/pesquisa-cobertura-reserva-2022-20260922/raw/ana-86510000-2022-05-01--2022-05-31.xml,2613
2022,2022-05-04T20:00:00-03:00,2022-05-04T19:45:00-03:00,2022-05-04 19:45:00,0.0,1170.00,Dado aprovado,True,outputs/pesquisa-cobertura-reserva-2022-20260922/raw/ana-86510000-2022-05-01--2022-05-31.xml,2609
2022,2022-05-04T21:00:00-03:00,2022-05-04T20:45:00-03:00,2022-05-04 20:45:00,0.0,1159.00,Dado aprovado,True,outputs/pesquisa-cobertura-reserva-2022-20260922/raw/ana-86510000-2022-05-01--2022-05-31.xml,2605
2022,2022-05-04T22:00:00-03:00,2022-05-04T21:45:00-03:00,2022-05-04 21:45:00,0.0,1146.00,Dado aprovado,True,outputs/pesquisa-cobertura-reserva-2022-20260922/raw/ana-86510000-2022-05-01--2022-05-31.xml,2601
2022,2022-05-04T23:00:00-03:00,2022-05-04T22:45:00-03:00,2022-05-04 22:45:00,0.0,1133.00,Dado aprovado,True,outputs/pesquisa-cobertura-reserva-2022-20260922/raw/ana-86510000-2022-05-01--2022-05-31.xml,2597
2022,2022-05-05T00:00:00-03:00,2022-05-04T23:45:00-03:00,2022-05-04 23:45:00,0.0,1117.00,Dado aprovado,True,outputs/pesquisa-cobertura-reserva-2022-20260922/raw/ana-86510000-2022-05-01--2022-05-31.xml,2593
2022,2022-05-05T01:00:00-03:00,2022-05-05T00:45:00-03:00,2022-05-05 00:45:00,0.0,1104.00,Dado aprovado,True,outputs/pesquisa-cobertura-reserva-2022-20260922/raw/ana-86510000-2022-05-01--2022-05-31.xml,2589
2022,2022-05-05T02:00:00-03:00,2022-05-05T01:45:00-03:00,2022-05-05 01:45:00,0.0,1086.00,Dado aprovado,True,outputs/pesquisa-cobertura-reserva-2022-20260922/raw/ana-86510000-2022-05-01--2022-05-31.xml,2585
2022,2022-05-05T03:00:00-03:00,2022-05-05T02:45:00-03:00,2022-05-05 02:45:00,0.0,1065.00,Dado aprovado,True,outputs/pesquisa-cobertura-reserva-2022-20260922/raw/ana-86510000-2022-05-01--2022-05-31.xml,2581
2022,2022-05-05T04:00:00-03:00,2022-05-05T03:45:00-03:00,2022-05-05 03:45:00,0.0,1041.00,Dado aprovado,True,outputs/pesquisa-cobertura-reserva-2022-20260922/raw/ana-86510000-2022-05-01--2022-05-31.xml,2577
2022,2022-05-05T05:00:00-03:00,2022-05-05T04:45:00-03:00,2022-05-05 04:45:00,0.0,1014.00,Dado aprovado,True,outputs/pesquisa-cobertura-reserva-2022-20260922/raw/ana-86510000-2022-05-01--2022-05-31.xml,2573
2022,2022-05-05T06:00:00-03:00,2022-05-05T05:45:00-03:00,2022-05-05 05:45:00,0.0,990.00,Dado aprovado,True,outputs/pesquisa-cobertura-reserva-2022-20260922/raw/ana-86510000-2022-05-01--2022-05-31.xml,2569
2022,2022-05-05T07:00:00-03:00,2022-05-05T06:45:00-03:00,2022-05-05 06:45:00,0.0,971.00,Dado aprovado,True,outputs/pesquisa-cobertura-reserva-2022-20260922/raw/ana-86510000-2022-05-01--2022-05-31.xml,2565
2022,2022-05-05T08:00:00-03:00,2022-05-05T07:45:00-03:00,2022-05-05 07:45:00,0.0,953.00,Dado aprovado,True,outputs/pesquisa-cobertura-reserva-2022-20260922/raw/ana-86510000-2022-05-01--2022-05-31.xml,2561
2022,2022-05-05T09:00:00-03:00,2022-05-05T08:45:00-03:00,2022-05-05 08:45:00,0.0,935.00,Dado aprovado,True,outputs/pesquisa-cobertura-reserva-2022-20260922/raw/ana-86510000-2022-05-01--2022-05-31.xml,2557
2022,2022-05-05T10:00:00-03:00,2022-05-05T09:45:00-03:00,2022-05-05 09:45:00,0.0,918.00,Dado aprovado,True,outputs/pesquisa-cobertura-reserva-2022-20260922/raw/ana-86510000-2022-05-01--2022-05-31.xml,2553
2022,2022-05-05T11:00:00-03:00,2022-05-05T10:45:00-03:00,2022-05-05 10:45:00,0.0,896.00,Dado aprovado,True,outputs/pesquisa-cobertura-reserva-2022-20260922/raw/ana-86510000-2022-05-01--2022-05-31.xml,2549
2022,2022-05-05T12:00:00-03:00,2022-05-05T11:45:00-03:00,2022-05-05 11:45:00,0.0,884.00,Dado aprovado,True,outputs/pesquisa-cobertura-reserva-2022-20260922/raw/ana-86510000-2022-05-01--2022-05-31.xml,2545
2022,2022-05-05T13:00:00-03:00,2022-05-05T12:45:00-03:00,2022-05-05 12:45:00,0.0,875.00,Dado aprovado,True,outputs/pesquisa-cobertura-reserva-2022-20260922/raw/ana-86510000-2022-05-01--2022-05-31.xml,2541
2022,2022-05-05T14:00:00-03:00,2022-05-05T13:45:00-03:00,2022-05-05 13:45:00,0.0,867.00,Dado aprovado,True,outputs/pesquisa-cobertura-reserva-2022-20260922/raw/ana-86510000-2022-05-01--2022-05-31.xml,2537
2022,2022-05-05T15:00:00-03:00,2022-05-05T14:45:00-03:00,2022-05-05 14:45:00,0.0,855.00,Dado aprovado,True,outputs/pesquisa-cobertura-reserva-2022-20260922/raw/ana-86510000-2022-05-01--2022-05-31.xml,2533
2022,2022-05-05T16:00:00-03:00,2022-05-05T15:45:00-03:00,2022-05-05 15:45:00,0.0,847.00,Dado aprovado,True,outputs/pesquisa-cobertura-reserva-2022-20260922/raw/ana-86510000-2022-05-01--2022-05-31.xml,2529
2022,2022-05-05T17:00:00-03:00,2022-05-05T16:45:00-03:00,2022-05-05 16:45:00,0.0,831.00,Dado aprovado,True,outputs/pesquisa-cobertura-reserva-2022-20260922/raw/ana-86510000-2022-05-01--2022-05-31.xml,2525
2022,2022-05-05T18:00:00-03:00,2022-05-05T17:45:00-03:00,2022-05-05 17:45:00,0.0,822.00,Dado aprovado,True,outputs/pesquisa-cobertura-reserva-2022-20260922/raw/ana-86510000-2022-05-01--2022-05-31.xml,2521
2022,2022-05-05T19:00:00-03:00,2022-05-05T18:45:00-03:00,2022-05-05 18:45:00,0.0,810.00,Dado aprovado,True,outputs/pesquisa-cobertura-reserva-2022-20260922/raw/ana-86510000-2022-05-01--2022-05-31.xml,2517
2022,2022-05-05T20:00:00-03:00,2022-05-05T19:45:00-03:00,2022-05-05 19:45:00,0.0,798.00,Dado aprovado,True,outputs/pesquisa-cobertura-reserva-2022-20260922/raw/ana-86510000-2022-05-01--2022-05-31.xml,2513
2022,2022-05-05T21:00:00-03:00,2022-05-05T20:45:00-03:00,2022-05-05 20:45:00,0.0,788.00,Dado aprovado,True,outputs/pesquisa-cobertura-reserva-2022-20260922/raw/ana-86510000-2022-05-01--2022-05-31.xml,2509
2022,2022-05-05T22:00:00-03:00,2022-05-05T21:45:00-03:00,2022-05-05 21:45:00,0.0,779.00,Dado aprovado,True,outputs/pesquisa-cobertura-reserva-2022-20260922/raw/ana-86510000-2022-05-01--2022-05-31.xml,2505
2022,2022-05-05T23:00:00-03:00,2022-05-05T22:45:00-03:00,2022-05-05 22:45:00,0.0,770.00,Dado aprovado,True,outputs/pesquisa-cobertura-reserva-2022-20260922/raw/ana-86510000-2022-05-01--2022-05-31.xml,2501
2022,2022-05-06T00:00:00-03:00,2022-05-05T23:45:00-03:00,2022-05-05 23:45:00,0.0,764.00,Dado aprovado,True,outputs/pesquisa-cobertura-reserva-2022-20260922/raw/ana-86510000-2022-05-01--2022-05-31.xml,2497
2022,2022-05-06T01:00:00-03:00,2022-05-06T00:45:00-03:00,2022-05-06 00:45:00,0.0,757.00,Dado aprovado,True,outputs/pesquisa-cobertura-reserva-2022-20260922/raw/ana-86510000-2022-05-01--2022-05-31.xml,2493
2022,2022-05-06T02:00:00-03:00,2022-05-06T01:45:00-03:00,2022-05-06 01:45:00,0.0,749.00,Dado aprovado,True,outputs/pesquisa-cobertura-reserva-2022-20260922/raw/ana-86510000-2022-05-01--2022-05-31.xml,2489
2022,2022-05-06T03:00:00-03:00,2022-05-06T02:45:00-03:00,2022-05-06 02:45:00,0.0,744.00,Dado aprovado,True,outputs/pesquisa-cobertura-reserva-2022-20260922/raw/ana-86510000-2022-05-01--2022-05-31.xml,2485
2022,2022-05-06T04:00:00-03:00,2022-05-06T03:45:00-03:00,2022-05-06 03:45:00,0.0,733.00,Dado aprovado,True,outputs/pesquisa-cobertura-reserva-2022-20260922/raw/ana-86510000-2022-05-01--2022-05-31.xml,2481
2022,2022-05-06T05:00:00-03:00,2022-05-06T04:45:00-03:00,2022-05-06 04:45:00,0.0,722.00,Dado aprovado,True,outputs/pesquisa-cobertura-reserva-2022-20260922/raw/ana-86510000-2022-05-01--2022-05-31.xml,2477
2022,2022-05-06T06:00:00-03:00,2022-05-06T05:45:00-03:00,2022-05-06 05:45:00,0.0,710.00,Dado aprovado,True,outputs/pesquisa-cobertura-reserva-2022-20260922/raw/ana-86510000-2022-05-01--2022-05-31.xml,2473
2022,2022-05-06T07:00:00-03:00,2022-05-06T06:45:00-03:00,2022-05-06 06:45:00,0.0,700.00,Dado aprovado,True,outputs/pesquisa-cobertura-reserva-2022-20260922/raw/ana-86510000-2022-05-01--2022-05-31.xml,2469
2022,2022-05-06T08:00:00-03:00,2022-05-06T07:45:00-03:00,2022-05-06 07:45:00,0.0,693.00,Dado aprovado,True,outputs/pesquisa-cobertura-reserva-2022-20260922/raw/ana-86510000-2022-05-01--2022-05-31.xml,2465
2022,2022-05-06T09:00:00-03:00,2022-05-06T08:45:00-03:00,2022-05-06 08:45:00,0.0,688.00,Dado aprovado,True,outputs/pesquisa-cobertura-reserva-2022-20260922/raw/ana-86510000-2022-05-01--2022-05-31.xml,2461
2022,2022-05-06T10:00:00-03:00,2022-05-06T09:45:00-03:00,2022-05-06 09:45:00,0.0,679.00,Dado aprovado,True,outputs/pesquisa-cobertura-reserva-2022-20260922/raw/ana-86510000-2022-05-01--2022-05-31.xml,2457
2022,2022-05-06T11:00:00-03:00,2022-05-06T10:45:00-03:00,2022-05-06 10:45:00,0.0,671.00,Dado aprovado,True,outputs/pesquisa-cobertura-reserva-2022-20260922/raw/ana-86510000-2022-05-01--2022-05-31.xml,2453
2022,2022-05-06T12:00:00-03:00,2022-05-06T11:45:00-03:00,2022-05-06 11:45:00,0.0,662.00,Dado aprovado,True,outputs/pesquisa-cobertura-reserva-2022-20260922/raw/ana-86510000-2022-05-01--2022-05-31.xml,2449
2022,2022-05-06T13:00:00-03:00,2022-05-06T12:45:00-03:00,2022-05-06 12:45:00,0.0,654.00,Dado aprovado,True,outputs/pesquisa-cobertura-reserva-2022-20260922/raw/ana-86510000-2022-05-01--2022-05-31.xml,2445
2022,2022-05-06T14:00:00-03:00,2022-05-06T13:45:00-03:00,2022-05-06 13:45:00,0.0,646.00,Dado aprovado,True,outputs/pesquisa-cobertura-reserva-2022-20260922/raw/ana-86510000-2022-05-01--2022-05-31.xml,2441
2022,2022-05-06T15:00:00-03:00,2022-05-06T14:45:00-03:00,2022-05-06 14:45:00,0.0,638.00,Dado aprovado,True,outputs/pesquisa-cobertura-reserva-2022-20260922/raw/ana-86510000-2022-05-01--2022-05-31.xml,2437
2022,2022-05-06T16:00:00-03:00,2022-05-06T15:45:00-03:00,2022-05-06 15:45:00,0.0,634.00,Dado aprovado,True,outputs/pesquisa-cobertura-reserva-2022-20260922/raw/ana-86510000-2022-05-01--2022-05-31.xml,2433
2022,2022-05-06T17:00:00-03:00,2022-05-06T16:45:00-03:00,2022-05-06 16:45:00,0.0,624.00,Dado aprovado,True,outputs/pesquisa-cobertura-reserva-2022-20260922/raw/ana-86510000-2022-05-01--2022-05-31.xml,2429
2022,2022-05-06T18:00:00-03:00,2022-05-06T17:45:00-03:00,2022-05-06 17:45:00,0.0,618.00,Dado aprovado,True,outputs/pesquisa-cobertura-reserva-2022-20260922/raw/ana-86510000-2022-05-01--2022-05-31.xml,2425
2022,2022-05-06T19:00:00-03:00,2022-05-06T18:45:00-03:00,2022-05-06 18:45:00,0.0,608.00,Dado aprovado,True,outputs/pesquisa-cobertura-reserva-2022-20260922/raw/ana-86510000-2022-05-01--2022-05-31.xml,2421
2022,2022-05-06T20:00:00-03:00,2022-05-06T19:45:00-03:00,2022-05-06 19:45:00,0.0,603.00,Dado aprovado,True,outputs/pesquisa-cobertura-reserva-2022-20260922/raw/ana-86510000-2022-05-01--2022-05-31.xml,2417
2022,2022-05-06T21:00:00-03:00,2022-05-06T20:45:00-03:00,2022-05-06 20:45:00,0.0,597.00,Dado aprovado,True,outputs/pesquisa-cobertura-reserva-2022-20260922/raw/ana-86510000-2022-05-01--2022-05-31.xml,2413
2022,2022-05-06T22:00:00-03:00,2022-05-06T21:45:00-03:00,2022-05-06 21:45:00,0.0,591.00,Dado aprovado,True,outputs/pesquisa-cobertura-reserva-2022-20260922/raw/ana-86510000-2022-05-01--2022-05-31.xml,2409
2022,2022-05-06T23:00:00-03:00,2022-05-06T22:45:00-03:00,2022-05-06 22:45:00,0.0,582.00,Dado aprovado,True,outputs/pesquisa-cobertura-reserva-2022-20260922/raw/ana-86510000-2022-05-01--2022-05-31.xml,2405
2022,2022-05-07T00:00:00-03:00,2022-05-06T23:45:00-03:00,2022-05-06 23:45:00,0.0,576.00,Dado aprovado,True,outputs/pesquisa-cobertura-reserva-2022-20260922/raw/ana-86510000-2022-05-01--2022-05-31.xml,2401
2022,2022-05-07T01:00:00-03:00,2022-05-07T00:45:00-03:00,2022-05-07 00:45:00,0.0,569.00,Dado aprovado,True,outputs/pesquisa-cobertura-reserva-2022-20260922/raw/ana-86510000-2022-05-01--2022-05-31.xml,2397
2022,2022-05-07T02:00:00-03:00,2022-05-07T01:45:00-03:00,2022-05-07 01:45:00,0.0,566.00,Dado aprovado,True,outputs/pesquisa-cobertura-reserva-2022-20260922/raw/ana-86510000-2022-05-01--2022-05-31.xml,2393
2022,2022-05-07T03:00:00-03:00,2022-05-07T02:45:00-03:00,2022-05-07 02:45:00,0.0,559.00,Dado aprovado,True,outputs/pesquisa-cobertura-reserva-2022-20260922/raw/ana-86510000-2022-05-01--2022-05-31.xml,2389
2022,2022-05-07T04:00:00-03:00,2022-05-07T03:45:00-03:00,2022-05-07 03:45:00,0.0,554.00,Dado aprovado,True,outputs/pesquisa-cobertura-reserva-2022-20260922/raw/ana-86510000-2022-05-01--2022-05-31.xml,2385
2022,2022-05-07T05:00:00-03:00,2022-05-07T04:45:00-03:00,2022-05-07 04:45:00,0.0,547.00,Dado aprovado,True,outputs/pesquisa-cobertura-reserva-2022-20260922/raw/ana-86510000-2022-05-01--2022-05-31.xml,2381
2022,2022-05-07T06:00:00-03:00,2022-05-07T05:45:00-03:00,2022-05-07 05:45:00,0.0,541.00,Dado aprovado,True,outputs/pesquisa-cobertura-reserva-2022-20260922/raw/ana-86510000-2022-05-01--2022-05-31.xml,2377
2022,2022-05-07T07:00:00-03:00,2022-05-07T06:45:00-03:00,2022-05-07 06:45:00,0.0,538.00,Dado aprovado,True,outputs/pesquisa-cobertura-reserva-2022-20260922/raw/ana-86510000-2022-05-01--2022-05-31.xml,2373
2022,2022-05-07T08:00:00-03:00,2022-05-07T07:45:00-03:00,2022-05-07 07:45:00,0.0,530.00,Dado aprovado,True,outputs/pesquisa-cobertura-reserva-2022-20260922/raw/ana-86510000-2022-05-01--2022-05-31.xml,2369
2022,2022-05-07T09:00:00-03:00,2022-05-07T08:45:00-03:00,2022-05-07 08:45:00,0.0,526.00,Dado aprovado,True,outputs/pesquisa-cobertura-reserva-2022-20260922/raw/ana-86510000-2022-05-01--2022-05-31.xml,2365
2022,2022-05-07T10:00:00-03:00,2022-05-07T09:45:00-03:00,2022-05-07 09:45:00,0.0,521.00,Dado aprovado,True,outputs/pesquisa-cobertura-reserva-2022-20260922/raw/ana-86510000-2022-05-01--2022-05-31.xml,2361
2022,2022-05-07T11:00:00-03:00,2022-05-07T10:45:00-03:00,2022-05-07 10:45:00,0.0,515.00,Dado aprovado,True,outputs/pesquisa-cobertura-reserva-2022-20260922/raw/ana-86510000-2022-05-01--2022-05-31.xml,2357
2022,2022-05-07T12:00:00-03:00,2022-05-07T11:45:00-03:00,2022-05-07 11:45:00,0.0,510.00,Dado aprovado,True,outputs/pesquisa-cobertura-reserva-2022-20260922/raw/ana-86510000-2022-05-01--2022-05-31.xml,2353
2022,2022-05-07T13:00:00-03:00,2022-05-07T12:45:00-03:00,2022-05-07 12:45:00,0.0,505.00,Dado aprovado,True,outputs/pesquisa-cobertura-reserva-2022-20260922/raw/ana-86510000-2022-05-01--2022-05-31.xml,2349
2022,2022-05-07T14:00:00-03:00,2022-05-07T13:45:00-03:00,2022-05-07 13:45:00,0.0,502.00,Dado aprovado,True,outputs/pesquisa-cobertura-reserva-2022-20260922/raw/ana-86510000-2022-05-01--2022-05-31.xml,2345
2022,2022-05-07T15:00:00-03:00,2022-05-07T14:45:00-03:00,2022-05-07 14:45:00,0.0,497.00,Dado aprovado,True,outputs/pesquisa-cobertura-reserva-2022-20260922/raw/ana-86510000-2022-05-01--2022-05-31.xml,2341
2022,2022-05-07T16:00:00-03:00,2022-05-07T15:45:00-03:00,2022-05-07 15:45:00,0.0,491.00,Dado aprovado,True,outputs/pesquisa-cobertura-reserva-2022-20260922/raw/ana-86510000-2022-05-01--2022-05-31.xml,2337
2022,2022-05-07T17:00:00-03:00,2022-05-07T16:45:00-03:00,2022-05-07 16:45:00,0.0,485.00,Dado aprovado,True,outputs/pesquisa-cobertura-reserva-2022-20260922/raw/ana-86510000-2022-05-01--2022-05-31.xml,2333
2022,2022-05-07T18:00:00-03:00,2022-05-07T17:45:00-03:00,2022-05-07 17:45:00,0.0,482.00,Dado aprovado,True,outputs/pesquisa-cobertura-reserva-2022-20260922/raw/ana-86510000-2022-05-01--2022-05-31.xml,2329
2022,2022-05-07T19:00:00-03:00,2022-05-07T18:45:00-03:00,2022-05-07 18:45:00,0.0,479.00,Dado aprovado,True,outputs/pesquisa-cobertura-reserva-2022-20260922/raw/ana-86510000-2022-05-01--2022-05-31.xml,2325
2022,2022-05-07T20:00:00-03:00,2022-05-07T19:45:00-03:00,2022-05-07 19:45:00,0.0,475.00,Dado aprovado,True,outputs/pesquisa-cobertura-reserva-2022-20260922/raw/ana-86510000-2022-05-01--2022-05-31.xml,2321
2022,2022-05-07T21:00:00-03:00,2022-05-07T20:45:00-03:00,2022-05-07 20:45:00,0.0,475.00,Dado aprovado,True,outputs/pesquisa-cobertura-reserva-2022-20260922/raw/ana-86510000-2022-05-01--2022-05-31.xml,2317
2022,2022-05-07T22:00:00-03:00,2022-05-07T21:45:00-03:00,2022-05-07 21:45:00,0.0,472.00,Dado aprovado,True,outputs/pesquisa-cobertura-reserva-2022-20260922/raw/ana-86510000-2022-05-01--2022-05-31.xml,2313
2022,2022-05-07T23:00:00-03:00,2022-05-07T22:45:00-03:00,2022-05-07 22:45:00,0.0,470.00,Dado aprovado,True,outputs/pesquisa-cobertura-reserva-2022-20260922/raw/ana-86510000-2022-05-01--2022-05-31.xml,2309
2022,2022-05-08T00:00:00-03:00,2022-05-07T23:45:00-03:00,2022-05-07 23:45:00,0.0,468.00,Dado aprovado,True,outputs/pesquisa-cobertura-reserva-2022-20260922/raw/ana-86510000-2022-05-01--2022-05-31.xml,2305
2022,2022-05-08T01:00:00-03:00,2022-05-08T00:45:00-03:00,2022-05-08 00:45:00,0.0,464.00,Dado aprovado,True,outputs/pesquisa-cobertura-reserva-2022-20260922/raw/ana-86510000-2022-05-01--2022-05-31.xml,2301
2022,2022-05-08T02:00:00-03:00,2022-05-08T01:45:00-03:00,2022-05-08 01:45:00,0.0,461.00,Dado aprovado,True,outputs/pesquisa-cobertura-reserva-2022-20260922/raw/ana-86510000-2022-05-01--2022-05-31.xml,2297
2022,2022-05-08T03:00:00-03:00,2022-05-08T02:45:00-03:00,2022-05-08 02:45:00,0.0,457.00,Dado aprovado,True,outputs/pesquisa-cobertura-reserva-2022-20260922/raw/ana-86510000-2022-05-01--2022-05-31.xml,2293
2022,2022-05-08T04:00:00-03:00,2022-05-08T03:45:00-03:00,2022-05-08 03:45:00,0.0,453.00,Dado aprovado,True,outputs/pesquisa-cobertura-reserva-2022-20260922/raw/ana-86510000-2022-05-01--2022-05-31.xml,2289
2022,2022-05-08T05:00:00-03:00,2022-05-08T04:45:00-03:00,2022-05-08 04:45:00,0.0,450.00,Dado aprovado,True,outputs/pesquisa-cobertura-reserva-2022-20260922/raw/ana-86510000-2022-05-01--2022-05-31.xml,2285
2022,2022-05-08T06:00:00-03:00,2022-05-08T05:45:00-03:00,2022-05-08 05:45:00,0.0,444.00,Dado aprovado,True,outputs/pesquisa-cobertura-reserva-2022-20260922/raw/ana-86510000-2022-05-01--2022-05-31.xml,2281
2022,2022-05-08T07:00:00-03:00,2022-05-08T06:45:00-03:00,2022-05-08 06:45:00,0.0,442.00,Dado aprovado,True,outputs/pesquisa-cobertura-reserva-2022-20260922/raw/ana-86510000-2022-05-01--2022-05-31.xml,2277
2022,2022-05-08T08:00:00-03:00,2022-05-08T07:45:00-03:00,2022-05-08 07:45:00,0.0,438.00,Dado aprovado,True,outputs/pesquisa-cobertura-reserva-2022-20260922/raw/ana-86510000-2022-05-01--2022-05-31.xml,2273
2022,2022-05-08T09:00:00-03:00,2022-05-08T08:45:00-03:00,2022-05-08 08:45:00,0.0,436.00,Dado aprovado,True,outputs/pesquisa-cobertura-reserva-2022-20260922/raw/ana-86510000-2022-05-01--2022-05-31.xml,2269
2022,2022-05-08T10:00:00-03:00,2022-05-08T09:45:00-03:00,2022-05-08 09:45:00,0.0,432.00,Dado aprovado,True,outputs/pesquisa-cobertura-reserva-2022-20260922/raw/ana-86510000-2022-05-01--2022-05-31.xml,2265
2022,2022-05-08T11:00:00-03:00,2022-05-08T10:45:00-03:00,2022-05-08 10:45:00,0.0,429.00,Dado aprovado,True,outputs/pesquisa-cobertura-reserva-2022-20260922/raw/ana-86510000-2022-05-01--2022-05-31.xml,2261
2022,2022-05-08T12:00:00-03:00,2022-05-08T11:45:00-03:00,2022-05-08 11:45:00,0.0,425.00,Dado aprovado,True,outputs/pesquisa-cobertura-reserva-2022-20260922/raw/ana-86510000-2022-05-01--2022-05-31.xml,2257
2022,2022-05-08T13:00:00-03:00,2022-05-08T12:45:00-03:00,2022-05-08 12:45:00,0.0,421.00,Dado aprovado,True,outputs/pesquisa-cobertura-reserva-2022-20260922/raw/ana-86510000-2022-05-01--2022-05-31.xml,2253
2022,2022-05-08T14:00:00-03:00,2022-05-08T13:45:00-03:00,2022-05-08 13:45:00,0.0,414.00,Dado aprovado,True,outputs/pesquisa-cobertura-reserva-2022-20260922/raw/ana-86510000-2022-05-01--2022-05-31.xml,2249
2022,2022-05-08T15:00:00-03:00,2022-05-08T14:45:00-03:00,2022-05-08 14:45:00,0.0,408.00,Dado aprovado,True,outputs/pesquisa-cobertura-reserva-2022-20260922/raw/ana-86510000-2022-05-01--2022-05-31.xml,2245
2022,2022-05-08T16:00:00-03:00,2022-05-08T15:45:00-03:00,2022-05-08 15:45:00,0.0,402.00,Dado aprovado,True,outputs/pesquisa-cobertura-reserva-2022-20260922/raw/ana-86510000-2022-05-01--2022-05-31.xml,2241
2022,2022-05-08T17:00:00-03:00,2022-05-08T16:45:00-03:00,2022-05-08 16:45:00,0.0,398.00,Dado aprovado,True,outputs/pesquisa-cobertura-reserva-2022-20260922/raw/ana-86510000-2022-05-01--2022-05-31.xml,2237
2022,2022-05-08T18:00:00-03:00,2022-05-08T17:45:00-03:00,2022-05-08 17:45:00,0.0,401.00,Dado aprovado,True,outputs/pesquisa-cobertura-reserva-2022-20260922/raw/ana-86510000-2022-05-01--2022-05-31.xml,2233
2022,2022-05-08T19:00:00-03:00,2022-05-08T18:45:00-03:00,2022-05-08 18:45:00,0.0,402.00,Dado aprovado,True,outputs/pesquisa-cobertura-reserva-2022-20260922/raw/ana-86510000-2022-05-01--2022-05-31.xml,2229
2022,2022-05-08T20:00:00-03:00,2022-05-08T19:45:00-03:00,2022-05-08 19:45:00,0.0,404.00,Dado aprovado,True,outputs/pesquisa-cobertura-reserva-2022-20260922/raw/ana-86510000-2022-05-01--2022-05-31.xml,2225
2022,2022-05-08T21:00:00-03:00,2022-05-08T20:45:00-03:00,2022-05-08 20:45:00,0.0,404.00,Dado aprovado,True,outputs/pesquisa-cobertura-reserva-2022-20260922/raw/ana-86510000-2022-05-01--2022-05-31.xml,2221
2022,2022-05-08T22:00:00-03:00,2022-05-08T21:45:00-03:00,2022-05-08 21:45:00,0.0,403.00,Dado aprovado,True,outputs/pesquisa-cobertura-reserva-2022-20260922/raw/ana-86510000-2022-05-01--2022-05-31.xml,2217
2022,2022-05-08T23:00:00-03:00,2022-05-08T22:45:00-03:00,2022-05-08 22:45:00,0.0,402.00,Dado aprovado,True,outputs/pesquisa-cobertura-reserva-2022-20260922/raw/ana-86510000-2022-05-01--2022-05-31.xml,2213
2022,2022-05-09T00:00:00-03:00,2022-05-08T23:45:00-03:00,2022-05-08 23:45:00,0.0,399.00,Dado aprovado,True,outputs/pesquisa-cobertura-reserva-2022-20260922/raw/ana-86510000-2022-05-01--2022-05-31.xml,2209
2022,2022-05-09T01:00:00-03:00,2022-05-09T00:45:00-03:00,2022-05-09 00:45:00,0.0,395.00,Dado aprovado,True,outputs/pesquisa-cobertura-reserva-2022-20260922/raw/ana-86510000-2022-05-01--2022-05-31.xml,2205
2022,2022-05-09T02:00:00-03:00,2022-05-09T01:45:00-03:00,2022-05-09 01:45:00,0.0,393.00,Dado aprovado,True,outputs/pesquisa-cobertura-reserva-2022-20260922/raw/ana-86510000-2022-05-01--2022-05-31.xml,2201
2022,2022-05-09T03:00:00-03:00,2022-05-09T02:45:00-03:00,2022-05-09 02:45:00,0.0,392.00,Dado aprovado,True,outputs/pesquisa-cobertura-reserva-2022-20260922/raw/ana-86510000-2022-05-01--2022-05-31.xml,2197
2022,2022-05-09T04:00:00-03:00,2022-05-09T03:45:00-03:00,2022-05-09 03:45:00,0.0,388.00,Dado aprovado,True,outputs/pesquisa-cobertura-reserva-2022-20260922/raw/ana-86510000-2022-05-01--2022-05-31.xml,2193
2022,2022-05-09T05:00:00-03:00,2022-05-09T04:45:00-03:00,2022-05-09 04:45:00,0.0,386.00,Dado aprovado,True,outputs/pesquisa-cobertura-reserva-2022-20260922/raw/ana-86510000-2022-05-01--2022-05-31.xml,2189
2022,2022-05-09T06:00:00-03:00,2022-05-09T05:45:00-03:00,2022-05-09 05:45:00,0.0,383.00,Dado aprovado,True,outputs/pesquisa-cobertura-reserva-2022-20260922/raw/ana-86510000-2022-05-01--2022-05-31.xml,2185
2022,2022-05-09T07:00:00-03:00,2022-05-09T06:45:00-03:00,2022-05-09 06:45:00,0.0,382.00,Dado aprovado,True,outputs/pesquisa-cobertura-reserva-2022-20260922/raw/ana-86510000-2022-05-01--2022-05-31.xml,2181
2022,2022-05-09T08:00:00-03:00,2022-05-09T07:45:00-03:00,2022-05-09 07:45:00,0.0,379.00,Dado aprovado,True,outputs/pesquisa-cobertura-reserva-2022-20260922/raw/ana-86510000-2022-05-01--2022-05-31.xml,2177
2022,2022-05-09T09:00:00-03:00,2022-05-09T08:45:00-03:00,2022-05-09 08:45:00,0.0,378.00,Dado aprovado,True,outputs/pesquisa-cobertura-reserva-2022-20260922/raw/ana-86510000-2022-05-01--2022-05-31.xml,2173
2022,2022-05-09T10:00:00-03:00,2022-05-09T09:45:00-03:00,2022-05-09 09:45:00,0.0,375.00,Dado aprovado,True,outputs/pesquisa-cobertura-reserva-2022-20260922/raw/ana-86510000-2022-05-01--2022-05-31.xml,2169
2022,2022-05-09T11:00:00-03:00,2022-05-09T10:45:00-03:00,2022-05-09 10:45:00,0.0,374.00,Dado aprovado,True,outputs/pesquisa-cobertura-reserva-2022-20260922/raw/ana-86510000-2022-05-01--2022-05-31.xml,2165
2022,2022-05-09T12:00:00-03:00,2022-05-09T11:45:00-03:00,2022-05-09 11:45:00,0.0,372.00,Dado aprovado,True,outputs/pesquisa-cobertura-reserva-2022-20260922/raw/ana-86510000-2022-05-01--2022-05-31.xml,2161
2022,2022-05-09T13:00:00-03:00,2022-05-09T12:45:00-03:00,2022-05-09 12:45:00,0.0,370.00,Dado aprovado,True,outputs/pesquisa-cobertura-reserva-2022-20260922/raw/ana-86510000-2022-05-01--2022-05-31.xml,2157
2022,2022-05-09T14:00:00-03:00,2022-05-09T13:45:00-03:00,2022-05-09 13:45:00,0.0,369.00,Dado aprovado,True,outputs/pesquisa-cobertura-reserva-2022-20260922/raw/ana-86510000-2022-05-01--2022-05-31.xml,2153
2022,2022-05-09T15:00:00-03:00,2022-05-09T14:45:00-03:00,2022-05-09 14:45:00,0.0,367.00,Dado aprovado,True,outputs/pesquisa-cobertura-reserva-2022-20260922/raw/ana-86510000-2022-05-01--2022-05-31.xml,2149
2022,2022-05-09T16:00:00-03:00,2022-05-09T15:45:00-03:00,2022-05-09 15:45:00,0.0,366.00,Dado aprovado,True,outputs/pesquisa-cobertura-reserva-2022-20260922/raw/ana-86510000-2022-05-01--2022-05-31.xml,2145
2022,2022-05-09T17:00:00-03:00,2022-05-09T16:45:00-03:00,2022-05-09 16:45:00,0.0,364.00,Dado aprovado,True,outputs/pesquisa-cobertura-reserva-2022-20260922/raw/ana-86510000-2022-05-01--2022-05-31.xml,2141
2022,2022-05-09T18:00:00-03:00,2022-05-09T17:45:00-03:00,2022-05-09 17:45:00,0.0,362.00,Dado aprovado,True,outputs/pesquisa-cobertura-reserva-2022-20260922/raw/ana-86510000-2022-05-01--2022-05-31.xml,2137
2022,2022-05-09T19:00:00-03:00,2022-05-09T18:45:00-03:00,2022-05-09 18:45:00,0.0,361.00,Dado aprovado,True,outputs/pesquisa-cobertura-reserva-2022-20260922/raw/ana-86510000-2022-05-01--2022-05-31.xml,2133
2022,2022-05-09T20:00:00-03:00,2022-05-09T19:45:00-03:00,2022-05-09 19:45:00,0.0,358.00,Dado aprovado,True,outputs/pesquisa-cobertura-reserva-2022-20260922/raw/ana-86510000-2022-05-01--2022-05-31.xml,2129
2022,2022-05-09T21:00:00-03:00,2022-05-09T20:45:00-03:00,2022-05-09 20:45:00,0.0,358.00,Dado aprovado,True,outputs/pesquisa-cobertura-reserva-2022-20260922/raw/ana-86510000-2022-05-01--2022-05-31.xml,2125
2022,2022-05-09T22:00:00-03:00,2022-05-09T21:45:00-03:00,2022-05-09 21:45:00,0.0,355.00,Dado aprovado,True,outputs/pesquisa-cobertura-reserva-2022-20260922/raw/ana-86510000-2022-05-01--2022-05-31.xml,2121
2022,2022-05-09T23:00:00-03:00,2022-05-09T22:45:00-03:00,2022-05-09 22:45:00,0.0,353.00,Dado aprovado,True,outputs/pesquisa-cobertura-reserva-2022-20260922/raw/ana-86510000-2022-05-01--2022-05-31.xml,2117
2022,2022-05-10T00:00:00-03:00,2022-05-09T23:45:00-03:00,2022-05-09 23:45:00,0.0,349.00,Dado aprovado,True,outputs/pesquisa-cobertura-reserva-2022-20260922/raw/ana-86510000-2022-05-01--2022-05-31.xml,2113
2022,2022-05-10T01:00:00-03:00,2022-05-10T00:45:00-03:00,2022-05-10 00:45:00,0.0,347.00,Dado aprovado,True,outputs/pesquisa-cobertura-reserva-2022-20260922/raw/ana-86510000-2022-05-01--2022-05-31.xml,2109
2022,2022-05-10T02:00:00-03:00,2022-05-10T01:45:00-03:00,2022-05-10 01:45:00,0.0,345.00,Dado aprovado,True,outputs/pesquisa-cobertura-reserva-2022-20260922/raw/ana-86510000-2022-05-01--2022-05-31.xml,2105
2022,2022-05-10T03:00:00-03:00,2022-05-10T02:45:00-03:00,2022-05-10 02:45:00,0.0,342.00,Dado aprovado,True,outputs/pesquisa-cobertura-reserva-2022-20260922/raw/ana-86510000-2022-05-01--2022-05-31.xml,2101
2022,2022-05-10T04:00:00-03:00,2022-05-10T03:45:00-03:00,2022-05-10 03:45:00,0.0,341.00,Dado aprovado,True,outputs/pesquisa-cobertura-reserva-2022-20260922/raw/ana-86510000-2022-05-01--2022-05-31.xml,2097
2022,2022-05-10T05:00:00-03:00,2022-05-10T04:45:00-03:00,2022-05-10 04:45:00,0.0,339.00,Dado aprovado,True,outputs/pesquisa-cobertura-reserva-2022-20260922/raw/ana-86510000-2022-05-01--2022-05-31.xml,2093
2022,2022-05-10T06:00:00-03:00,2022-05-10T05:45:00-03:00,2022-05-10 05:45:00,0.0,338.00,Dado aprovado,True,outputs/pesquisa-cobertura-reserva-2022-20260922/raw/ana-86510000-2022-05-01--2022-05-31.xml,2089
2022,2022-05-10T07:00:00-03:00,2022-05-10T06:45:00-03:00,2022-05-10 06:45:00,0.0,338.00,Dado aprovado,True,outputs/pesquisa-cobertura-reserva-2022-20260922/raw/ana-86510000-2022-05-01--2022-05-31.xml,2085
2022,2022-05-10T08:00:00-03:00,2022-05-10T07:45:00-03:00,2022-05-10 07:45:00,0.0,339.00,Dado aprovado,True,outputs/pesquisa-cobertura-reserva-2022-20260922/raw/ana-86510000-2022-05-01--2022-05-31.xml,2081
2022,2022-05-10T09:00:00-03:00,2022-05-10T08:45:00-03:00,2022-05-10 08:45:00,0.0,339.00,Dado aprovado,True,outputs/pesquisa-cobertura-reserva-2022-20260922/raw/ana-86510000-2022-05-01--2022-05-31.xml,2077
2022,2022-05-10T10:00:00-03:00,2022-05-10T09:45:00-03:00,2022-05-10 09:45:00,0.0,339.00,Dado aprovado,True,outputs/pesquisa-cobertura-reserva-2022-20260922/raw/ana-86510000-2022-05-01--2022-05-31.xml,2073
2022,2022-05-10T11:00:00-03:00,2022-05-10T10:45:00-03:00,2022-05-10 10:45:00,0.0,339.00,Dado aprovado,True,outputs/pesquisa-cobertura-reserva-2022-20260922/raw/ana-86510000-2022-05-01--2022-05-31.xml,2069
2022,2022-05-10T12:00:00-03:00,2022-05-10T11:45:00-03:00,2022-05-10 11:45:00,0.0,337.00,Dado aprovado,True,outputs/pesquisa-cobertura-reserva-2022-20260922/raw/ana-86510000-2022-05-01--2022-05-31.xml,2065
2022,2022-05-10T13:00:00-03:00,2022-05-10T12:45:00-03:00,2022-05-10 12:45:00,0.0,335.00,Dado aprovado,True,outputs/pesquisa-cobertura-reserva-2022-20260922/raw/ana-86510000-2022-05-01--2022-05-31.xml,2061
2022,2022-05-10T14:00:00-03:00,2022-05-10T13:45:00-03:00,2022-05-10 13:45:00,0.0,333.00,Dado aprovado,True,outputs/pesquisa-cobertura-reserva-2022-20260922/raw/ana-86510000-2022-05-01--2022-05-31.xml,2057
2022,2022-05-10T15:00:00-03:00,2022-05-10T14:45:00-03:00,2022-05-10 14:45:00,0.0,330.00,Dado aprovado,True,outputs/pesquisa-cobertura-reserva-2022-20260922/raw/ana-86510000-2022-05-01--2022-05-31.xml,2053
2022,2022-05-10T16:00:00-03:00,2022-05-10T15:45:00-03:00,2022-05-10 15:45:00,0.0,328.00,Dado aprovado,True,outputs/pesquisa-cobertura-reserva-2022-20260922/raw/ana-86510000-2022-05-01--2022-05-31.xml,2049
2022,2022-05-10T17:00:00-03:00,2022-05-10T16:45:00-03:00,2022-05-10 16:45:00,0.0,327.00,Dado aprovado,True,outputs/pesquisa-cobertura-reserva-2022-20260922/raw/ana-86510000-2022-05-01--2022-05-31.xml,2045
2022,2022-05-10T18:00:00-03:00,2022-05-10T17:45:00-03:00,2022-05-10 17:45:00,0.0,326.00,Dado aprovado,True,outputs/pesquisa-cobertura-reserva-2022-20260922/raw/ana-86510000-2022-05-01--2022-05-31.xml,2041
2022,2022-05-10T19:00:00-03:00,2022-05-10T18:45:00-03:00,2022-05-10 18:45:00,0.0,325.00,Dado aprovado,True,outputs/pesquisa-cobertura-reserva-2022-20260922/raw/ana-86510000-2022-05-01--2022-05-31.xml,2037
2022,2022-05-10T20:00:00-03:00,2022-05-10T19:45:00-03:00,2022-05-10 19:45:00,0.0,323.00,Dado aprovado,True,outputs/pesquisa-cobertura-reserva-2022-20260922/raw/ana-86510000-2022-05-01--2022-05-31.xml,2033
2022,2022-05-10T21:00:00-03:00,2022-05-10T20:45:00-03:00,2022-05-10 20:45:00,0.0,323.00,Dado aprovado,True,outputs/pesquisa-cobertura-reserva-2022-20260922/raw/ana-86510000-2022-05-01--2022-05-31.xml,2029
2022,2022-05-10T22:00:00-03:00,2022-05-10T21:45:00-03:00,2022-05-10 21:45:00,0.0,322.00,Dado aprovado,True,outputs/pesquisa-cobertura-reserva-2022-20260922/raw/ana-86510000-2022-05-01--2022-05-31.xml,2025
2022,2022-05-10T23:00:00-03:00,2022-05-10T22:45:00-03:00,2022-05-10 22:45:00,0.0,320.00,Dado aprovado,True,outputs/pesquisa-cobertura-reserva-2022-20260922/raw/ana-86510000-2022-05-01--2022-05-31.xml,2021
2022,2022-05-11T00:00:00-03:00,2022-05-10T23:45:00-03:00,2022-05-10 23:45:00,0.0,320.00,Dado aprovado,True,outputs/pesquisa-cobertura-reserva-2022-20260922/raw/ana-86510000-2022-05-01--2022-05-31.xml,2017
2022,2022-05-11T01:00:00-03:00,2022-05-11T00:45:00-03:00,2022-05-11 00:45:00,0.0,319.00,Dado aprovado,True,outputs/pesquisa-cobertura-reserva-2022-20260922/raw/ana-86510000-2022-05-01--2022-05-31.xml,2013
2022,2022-05-11T02:00:00-03:00,2022-05-11T01:45:00-03:00,2022-05-11 01:45:00,0.0,318.00,Dado aprovado,True,outputs/pesquisa-cobertura-reserva-2022-20260922/raw/ana-86510000-2022-05-01--2022-05-31.xml,2009
2022,2022-05-11T03:00:00-03:00,2022-05-11T02:45:00-03:00,2022-05-11 02:45:00,0.0,318.00,Dado aprovado,True,outputs/pesquisa-cobertura-reserva-2022-20260922/raw/ana-86510000-2022-05-01--2022-05-31.xml,2005
2022,2022-05-11T04:00:00-03:00,2022-05-11T03:45:00-03:00,2022-05-11 03:45:00,0.0,317.00,Dado aprovado,True,outputs/pesquisa-cobertura-reserva-2022-20260922/raw/ana-86510000-2022-05-01--2022-05-31.xml,2001
2022,2022-05-11T05:00:00-03:00,2022-05-11T04:45:00-03:00,2022-05-11 04:45:00,0.0,317.00,Dado aprovado,True,outputs/pesquisa-cobertura-reserva-2022-20260922/raw/ana-86510000-2022-05-01--2022-05-31.xml,1997
2022,2022-05-11T06:00:00-03:00,2022-05-11T05:45:00-03:00,2022-05-11 05:45:00,0.0,316.00,Dado aprovado,True,outputs/pesquisa-cobertura-reserva-2022-20260922/raw/ana-86510000-2022-05-01--2022-05-31.xml,1993
2022,2022-05-11T07:00:00-03:00,2022-05-11T06:45:00-03:00,2022-05-11 06:45:00,0.0,315.00,Dado aprovado,True,outputs/pesquisa-cobertura-reserva-2022-20260922/raw/ana-86510000-2022-05-01--2022-05-31.xml,1989
2022,2022-05-11T08:00:00-03:00,2022-05-11T07:45:00-03:00,2022-05-11 07:45:00,0.0,315.00,Dado aprovado,True,outputs/pesquisa-cobertura-reserva-2022-20260922/raw/ana-86510000-2022-05-01--2022-05-31.xml,1985
2022,2022-05-11T09:00:00-03:00,2022-05-11T08:45:00-03:00,2022-05-11 08:45:00,0.0,315.00,Dado aprovado,True,outputs/pesquisa-cobertura-reserva-2022-20260922/raw/ana-86510000-2022-05-01--2022-05-31.xml,1981
2022,2022-05-11T10:00:00-03:00,2022-05-11T09:45:00-03:00,2022-05-11 09:45:00,0.0,315.00,Dado aprovado,True,outputs/pesquisa-cobertura-reserva-2022-20260922/raw/ana-86510000-2022-05-01--2022-05-31.xml,1977
2022,2022-05-11T11:00:00-03:00,2022-05-11T10:45:00-03:00,2022-05-11 10:45:00,0.0,315.00,Dado aprovado,True,outputs/pesquisa-cobertura-reserva-2022-20260922/raw/ana-86510000-2022-05-01--2022-05-31.xml,1973
2022,2022-05-11T12:00:00-03:00,2022-05-11T11:45:00-03:00,2022-05-11 11:45:00,0.0,315.00,Dado aprovado,True,outputs/pesquisa-cobertura-reserva-2022-20260922/raw/ana-86510000-2022-05-01--2022-05-31.xml,1969
2022,2022-05-11T13:00:00-03:00,2022-05-11T12:45:00-03:00,2022-05-11 12:45:00,0.0,313.00,Dado aprovado,True,outputs/pesquisa-cobertura-reserva-2022-20260922/raw/ana-86510000-2022-05-01--2022-05-31.xml,1965
2022,2022-05-11T14:00:00-03:00,2022-05-11T13:45:00-03:00,2022-05-11 13:45:00,0.0,312.00,Dado aprovado,True,outputs/pesquisa-cobertura-reserva-2022-20260922/raw/ana-86510000-2022-05-01--2022-05-31.xml,1961
2022,2022-05-11T15:00:00-03:00,2022-05-11T14:45:00-03:00,2022-05-11 14:45:00,0.0,311.00,Dado aprovado,True,outputs/pesquisa-cobertura-reserva-2022-20260922/raw/ana-86510000-2022-05-01--2022-05-31.xml,1957
2022,2022-05-11T16:00:00-03:00,2022-05-11T15:45:00-03:00,2022-05-11 15:45:00,0.0,310.00,Dado aprovado,True,outputs/pesquisa-cobertura-reserva-2022-20260922/raw/ana-86510000-2022-05-01--2022-05-31.xml,1953
2022,2022-05-11T17:00:00-03:00,2022-05-11T16:45:00-03:00,2022-05-11 16:45:00,0.0,309.00,Dado aprovado,True,outputs/pesquisa-cobertura-reserva-2022-20260922/raw/ana-86510000-2022-05-01--2022-05-31.xml,1949
2022,2022-05-11T18:00:00-03:00,2022-05-11T17:45:00-03:00,2022-05-11 17:45:00,0.0,309.00,Dado aprovado,True,outputs/pesquisa-cobertura-reserva-2022-20260922/raw/ana-86510000-2022-05-01--2022-05-31.xml,1945
2022,2022-05-11T19:00:00-03:00,2022-05-11T18:45:00-03:00,2022-05-11 18:45:00,0.0,308.00,Dado aprovado,True,outputs/pesquisa-cobertura-reserva-2022-20260922/raw/ana-86510000-2022-05-01--2022-05-31.xml,1941
2022,2022-05-11T20:00:00-03:00,2022-05-11T19:45:00-03:00,2022-05-11 19:45:00,0.0,308.00,Dado aprovado,True,outputs/pesquisa-cobertura-reserva-2022-20260922/raw/ana-86510000-2022-05-01--2022-05-31.xml,1937
2022,2022-05-11T21:00:00-03:00,2022-05-11T20:45:00-03:00,2022-05-11 20:45:00,0.0,308.00,Dado aprovado,True,outputs/pesquisa-cobertura-reserva-2022-20260922/raw/ana-86510000-2022-05-01--2022-05-31.xml,1933
2022,2022-05-11T22:00:00-03:00,2022-05-11T21:45:00-03:00,2022-05-11 21:45:00,0.0,308.00,Dado aprovado,True,outputs/pesquisa-cobertura-reserva-2022-20260922/raw/ana-86510000-2022-05-01--2022-05-31.xml,1929
2022,2022-05-11T23:00:00-03:00,2022-05-11T22:45:00-03:00,2022-05-11 22:45:00,0.0,307.00,Dado aprovado,True,outputs/pesquisa-cobertura-reserva-2022-20260922/raw/ana-86510000-2022-05-01--2022-05-31.xml,1925
2022,2022-05-12T00:00:00-03:00,2022-05-11T23:45:00-03:00,2022-05-11 23:45:00,0.0,307.00,Dado aprovado,True,outputs/pesquisa-cobertura-reserva-2022-20260922/raw/ana-86510000-2022-05-01--2022-05-31.xml,1921
2022,2022-05-12T01:00:00-03:00,2022-05-12T00:45:00-03:00,2022-05-12 00:45:00,0.0,306.00,Dado aprovado,True,outputs/pesquisa-cobertura-reserva-2022-20260922/raw/ana-86510000-2022-05-01--2022-05-31.xml,1917
2022,2022-05-12T02:00:00-03:00,2022-05-12T01:45:00-03:00,2022-05-12 01:45:00,0.0,306.00,Dado aprovado,True,outputs/pesquisa-cobertura-reserva-2022-20260922/raw/ana-86510000-2022-05-01--2022-05-31.xml,1913
2022,2022-05-12T03:00:00-03:00,2022-05-12T02:45:00-03:00,2022-05-12 02:45:00,0.0,306.00,Dado aprovado,True,outputs/pesquisa-cobertura-reserva-2022-20260922/raw/ana-86510000-2022-05-01--2022-05-31.xml,1909
2022,2022-05-12T04:00:00-03:00,2022-05-12T03:45:00-03:00,2022-05-12 03:45:00,0.0,306.00,Dado aprovado,True,outputs/pesquisa-cobertura-reserva-2022-20260922/raw/ana-86510000-2022-05-01--2022-05-31.xml,1905
2022,2022-05-12T05:00:00-03:00,2022-05-12T04:45:00-03:00,2022-05-12 04:45:00,0.0,306.00,Dado aprovado,True,outputs/pesquisa-cobertura-reserva-2022-20260922/raw/ana-86510000-2022-05-01--2022-05-31.xml,1901
2022,2022-05-12T06:00:00-03:00,2022-05-12T05:45:00-03:00,2022-05-12 05:45:00,0.0,306.00,Dado aprovado,True,outputs/pesquisa-cobertura-reserva-2022-20260922/raw/ana-86510000-2022-05-01--2022-05-31.xml,1897
2022,2022-05-12T07:00:00-03:00,2022-05-12T06:45:00-03:00,2022-05-12 06:45:00,0.0,307.00,Dado aprovado,True,outputs/pesquisa-cobertura-reserva-2022-20260922/raw/ana-86510000-2022-05-01--2022-05-31.xml,1893
2022,2022-05-12T08:00:00-03:00,2022-05-12T07:45:00-03:00,2022-05-12 07:45:00,0.0,306.00,Dado aprovado,True,outputs/pesquisa-cobertura-reserva-2022-20260922/raw/ana-86510000-2022-05-01--2022-05-31.xml,1889
2022,2022-05-12T09:00:00-03:00,2022-05-12T08:45:00-03:00,2022-05-12 08:45:00,0.0,306.00,Dado aprovado,True,outputs/pesquisa-cobertura-reserva-2022-20260922/raw/ana-86510000-2022-05-01--2022-05-31.xml,1885
2022,2022-05-12T10:00:00-03:00,2022-05-12T09:45:00-03:00,2022-05-12 09:45:00,0.0,305.00,Dado aprovado,True,outputs/pesquisa-cobertura-reserva-2022-20260922/raw/ana-86510000-2022-05-01--2022-05-31.xml,1881
2022,2022-05-12T11:00:00-03:00,2022-05-12T10:45:00-03:00,2022-05-12 10:45:00,0.0,305.00,Dado aprovado,True,outputs/pesquisa-cobertura-reserva-2022-20260922/raw/ana-86510000-2022-05-01--2022-05-31.xml,1877
2022,2022-05-12T12:00:00-03:00,2022-05-12T11:45:00-03:00,2022-05-12 11:45:00,0.0,,,False,outputs/pesquisa-cobertura-reserva-2022-20260922/raw/ana-86510000-2022-05-01--2022-05-31.xml,1873
2022,2022-05-12T13:00:00-03:00,2022-05-12T12:45:00-03:00,2022-05-12 12:45:00,0.0,303.00,Dado aprovado,True,outputs/pesquisa-cobertura-reserva-2022-20260922/raw/ana-86510000-2022-05-01--2022-05-31.xml,1869
2022,2022-05-12T14:00:00-03:00,2022-05-12T13:45:00-03:00,2022-05-12 13:45:00,0.0,302.00,Dado aprovado,True,outputs/pesquisa-cobertura-reserva-2022-20260922/raw/ana-86510000-2022-05-01--2022-05-31.xml,1865
2022,2022-05-12T15:00:00-03:00,2022-05-12T14:45:00-03:00,2022-05-12 14:45:00,0.0,302.00,Dado aprovado,True,outputs/pesquisa-cobertura-reserva-2022-20260922/raw/ana-86510000-2022-05-01--2022-05-31.xml,1861
2022,2022-05-12T16:00:00-03:00,2022-05-12T15:45:00-03:00,2022-05-12 15:45:00,0.0,302.00,Dado aprovado,True,outputs/pesquisa-cobertura-reserva-2022-20260922/raw/ana-86510000-2022-05-01--2022-05-31.xml,1857
2022,2022-05-12T17:00:00-03:00,2022-05-12T16:45:00-03:00,2022-05-12 16:45:00,0.0,301.00,Dado aprovado,True,outputs/pesquisa-cobertura-reserva-2022-20260922/raw/ana-86510000-2022-05-01--2022-05-31.xml,1853
2022,2022-05-12T18:00:00-03:00,2022-05-12T17:45:00-03:00,2022-05-12 17:45:00,0.0,301.00,Dado aprovado,True,outputs/pesquisa-cobertura-reserva-2022-20260922/raw/ana-86510000-2022-05-01--2022-05-31.xml,1849
2022,2022-05-12T19:00:00-03:00,2022-05-12T18:45:00-03:00,2022-05-12 18:45:00,0.0,301.00,Dado aprovado,True,outputs/pesquisa-cobertura-reserva-2022-20260922/raw/ana-86510000-2022-05-01--2022-05-31.xml,1845
2022,2022-05-12T20:00:00-03:00,2022-05-12T19:45:00-03:00,2022-05-12 19:45:00,0.0,301.00,Dado aprovado,True,outputs/pesquisa-cobertura-reserva-2022-20260922/raw/ana-86510000-2022-05-01--2022-05-31.xml,1841
2022,2022-05-12T21:00:00-03:00,2022-05-12T20:45:00-03:00,2022-05-12 20:45:00,0.0,300.00,Dado aprovado,True,outputs/pesquisa-cobertura-reserva-2022-20260922/raw/ana-86510000-2022-05-01--2022-05-31.xml,1837
2022,2022-05-12T22:00:00-03:00,2022-05-12T21:45:00-03:00,2022-05-12 21:45:00,0.0,301.00,Dado aprovado,True,outputs/pesquisa-cobertura-reserva-2022-20260922/raw/ana-86510000-2022-05-01--2022-05-31.xml,1833
2022,2022-05-12T23:00:00-03:00,2022-05-12T22:45:00-03:00,2022-05-12 22:45:00,0.0,300.00,Dado aprovado,True,outputs/pesquisa-cobertura-reserva-2022-20260922/raw/ana-86510000-2022-05-01--2022-05-31.xml,1829
2022,2022-05-13T00:00:00-03:00,2022-05-12T23:45:00-03:00,2022-05-12 23:45:00,0.0,300.00,Dado aprovado,True,outputs/pesquisa-cobertura-reserva-2022-20260922/raw/ana-86510000-2022-05-01--2022-05-31.xml,1825
2022,2022-05-13T01:00:00-03:00,2022-05-13T00:45:00-03:00,2022-05-13 00:45:00,0.0,299.00,Dado aprovado,True,outputs/pesquisa-cobertura-reserva-2022-20260922/raw/ana-86510000-2022-05-01--2022-05-31.xml,1821
2022,2022-05-13T02:00:00-03:00,2022-05-13T01:45:00-03:00,2022-05-13 01:45:00,0.0,300.00,Dado aprovado,True,outputs/pesquisa-cobertura-reserva-2022-20260922/raw/ana-86510000-2022-05-01--2022-05-31.xml,1817
2022,2022-05-13T03:00:00-03:00,2022-05-13T02:45:00-03:00,2022-05-13 02:45:00,0.0,299.00,Dado aprovado,True,outputs/pesquisa-cobertura-reserva-2022-20260922/raw/ana-86510000-2022-05-01--2022-05-31.xml,1813
2022,2022-05-13T04:00:00-03:00,2022-05-13T03:45:00-03:00,2022-05-13 03:45:00,0.0,299.00,Dado aprovado,True,outputs/pesquisa-cobertura-reserva-2022-20260922/raw/ana-86510000-2022-05-01--2022-05-31.xml,1809
2022,2022-05-13T05:00:00-03:00,2022-05-13T04:45:00-03:00,2022-05-13 04:45:00,0.0,299.00,Dado aprovado,True,outputs/pesquisa-cobertura-reserva-2022-20260922/raw/ana-86510000-2022-05-01--2022-05-31.xml,1805
2022,2022-05-13T06:00:00-03:00,2022-05-13T05:45:00-03:00,2022-05-13 05:45:00,0.0,299.00,Dado aprovado,True,outputs/pesquisa-cobertura-reserva-2022-20260922/raw/ana-86510000-2022-05-01--2022-05-31.xml,1801
2022,2022-05-13T07:00:00-03:00,2022-05-13T06:45:00-03:00,2022-05-13 06:45:00,0.0,299.00,Dado aprovado,True,outputs/pesquisa-cobertura-reserva-2022-20260922/raw/ana-86510000-2022-05-01--2022-05-31.xml,1797
2022,2022-05-13T08:00:00-03:00,2022-05-13T07:45:00-03:00,2022-05-13 07:45:00,0.0,299.00,Dado aprovado,True,outputs/pesquisa-cobertura-reserva-2022-20260922/raw/ana-86510000-2022-05-01--2022-05-31.xml,1793
2022,2022-05-13T09:00:00-03:00,2022-05-13T08:45:00-03:00,2022-05-13 08:45:00,0.0,298.00,Dado aprovado,True,outputs/pesquisa-cobertura-reserva-2022-20260922/raw/ana-86510000-2022-05-01--2022-05-31.xml,1789
2022,2022-05-13T10:00:00-03:00,2022-05-13T09:45:00-03:00,2022-05-13 09:45:00,0.0,297.00,Dado aprovado,True,outputs/pesquisa-cobertura-reserva-2022-20260922/raw/ana-86510000-2022-05-01--2022-05-31.xml,1785
2022,2022-05-13T11:00:00-03:00,2022-05-13T10:45:00-03:00,2022-05-13 10:45:00,0.0,295.00,Dado aprovado,True,outputs/pesquisa-cobertura-reserva-2022-20260922/raw/ana-86510000-2022-05-01--2022-05-31.xml,1781
2022,2022-05-13T12:00:00-03:00,2022-05-13T11:45:00-03:00,2022-05-13 11:45:00,0.0,294.00,Dado aprovado,True,outputs/pesquisa-cobertura-reserva-2022-20260922/raw/ana-86510000-2022-05-01--2022-05-31.xml,1777
2022,2022-05-13T13:00:00-03:00,2022-05-13T12:45:00-03:00,2022-05-13 12:45:00,0.0,293.00,Dado aprovado,True,outputs/pesquisa-cobertura-reserva-2022-20260922/raw/ana-86510000-2022-05-01--2022-05-31.xml,1773
2022,2022-05-13T14:00:00-03:00,2022-05-13T13:45:00-03:00,2022-05-13 13:45:00,0.0,292.00,Dado aprovado,True,outputs/pesquisa-cobertura-reserva-2022-20260922/raw/ana-86510000-2022-05-01--2022-05-31.xml,1769
2022,2022-05-13T15:00:00-03:00,2022-05-13T14:45:00-03:00,2022-05-13 14:45:00,0.0,290.00,Dado aprovado,True,outputs/pesquisa-cobertura-reserva-2022-20260922/raw/ana-86510000-2022-05-01--2022-05-31.xml,1765
2022,2022-05-13T16:00:00-03:00,2022-05-13T15:45:00-03:00,2022-05-13 15:45:00,0.0,290.00,Dado aprovado,True,outputs/pesquisa-cobertura-reserva-2022-20260922/raw/ana-86510000-2022-05-01--2022-05-31.xml,1761
2022,2022-05-13T17:00:00-03:00,2022-05-13T16:45:00-03:00,2022-05-13 16:45:00,0.0,290.00,Dado aprovado,True,outputs/pesquisa-cobertura-reserva-2022-20260922/raw/ana-86510000-2022-05-01--2022-05-31.xml,1757
2022,2022-05-13T18:00:00-03:00,2022-05-13T17:45:00-03:00,2022-05-13 17:45:00,0.0,292.00,Dado aprovado,True,outputs/pesquisa-cobertura-reserva-2022-20260922/raw/ana-86510000-2022-05-01--2022-05-31.xml,1753
2022,2022-05-13T19:00:00-03:00,2022-05-13T18:45:00-03:00,2022-05-13 18:45:00,0.0,294.00,Dado aprovado,True,outputs/pesquisa-cobertura-reserva-2022-20260922/raw/ana-86510000-2022-05-01--2022-05-31.xml,1749
2022,2022-05-13T20:00:00-03:00,2022-05-13T19:45:00-03:00,2022-05-13 19:45:00,0.0,296.00,Dado aprovado,True,outputs/pesquisa-cobertura-reserva-2022-20260922/raw/ana-86510000-2022-05-01--2022-05-31.xml,1745
2022,2022-05-13T21:00:00-03:00,2022-05-13T20:45:00-03:00,2022-05-13 20:45:00,0.0,296.00,Dado aprovado,True,outputs/pesquisa-cobertura-reserva-2022-20260922/raw/ana-86510000-2022-05-01--2022-05-31.xml,1741
2022,2022-05-13T22:00:00-03:00,2022-05-13T21:45:00-03:00,2022-05-13 21:45:00,0.0,295.00,Dado aprovado,True,outputs/pesquisa-cobertura-reserva-2022-20260922/raw/ana-86510000-2022-05-01--2022-05-31.xml,1737
2022,2022-05-13T23:00:00-03:00,2022-05-13T22:45:00-03:00,2022-05-13 22:45:00,0.0,295.00,Dado aprovado,True,outputs/pesquisa-cobertura-reserva-2022-20260922/raw/ana-86510000-2022-05-01--2022-05-31.xml,1733
2022,2022-05-14T00:00:00-03:00,2022-05-13T23:45:00-03:00,2022-05-13 23:45:00,0.0,294.00,Dado aprovado,True,outputs/pesquisa-cobertura-reserva-2022-20260922/raw/ana-86510000-2022-05-01--2022-05-31.xml,1729
2022,2022-05-14T01:00:00-03:00,2022-05-14T00:45:00-03:00,2022-05-14 00:45:00,0.0,293.00,Dado aprovado,True,outputs/pesquisa-cobertura-reserva-2022-20260922/raw/ana-86510000-2022-05-01--2022-05-31.xml,1725
2022,2022-05-14T02:00:00-03:00,2022-05-14T01:45:00-03:00,2022-05-14 01:45:00,0.0,292.00,Dado aprovado,True,outputs/pesquisa-cobertura-reserva-2022-20260922/raw/ana-86510000-2022-05-01--2022-05-31.xml,1721
2022,2022-05-14T03:00:00-03:00,2022-05-14T02:45:00-03:00,2022-05-14 02:45:00,0.0,290.00,Dado aprovado,True,outputs/pesquisa-cobertura-reserva-2022-20260922/raw/ana-86510000-2022-05-01--2022-05-31.xml,1717
2022,2022-05-14T04:00:00-03:00,2022-05-14T03:45:00-03:00,2022-05-14 03:45:00,0.0,289.00,Dado aprovado,True,outputs/pesquisa-cobertura-reserva-2022-20260922/raw/ana-86510000-2022-05-01--2022-05-31.xml,1713
2022,2022-05-14T05:00:00-03:00,2022-05-14T04:45:00-03:00,2022-05-14 04:45:00,0.0,288.00,Dado aprovado,True,outputs/pesquisa-cobertura-reserva-2022-20260922/raw/ana-86510000-2022-05-01--2022-05-31.xml,1709
2022,2022-05-14T06:00:00-03:00,2022-05-14T05:45:00-03:00,2022-05-14 05:45:00,0.0,288.00,Dado aprovado,True,outputs/pesquisa-cobertura-reserva-2022-20260922/raw/ana-86510000-2022-05-01--2022-05-31.xml,1705
2022,2022-05-14T07:00:00-03:00,2022-05-14T06:45:00-03:00,2022-05-14 06:45:00,0.0,286.00,Dado aprovado,True,outputs/pesquisa-cobertura-reserva-2022-20260922/raw/ana-86510000-2022-05-01--2022-05-31.xml,1701
2022,2022-05-14T08:00:00-03:00,2022-05-14T07:45:00-03:00,2022-05-14 07:45:00,0.0,282.00,Dado aprovado,True,outputs/pesquisa-cobertura-reserva-2022-20260922/raw/ana-86510000-2022-05-01--2022-05-31.xml,1697
2022,2022-05-14T09:00:00-03:00,2022-05-14T08:45:00-03:00,2022-05-14 08:45:00,0.0,275.00,Dado aprovado,True,outputs/pesquisa-cobertura-reserva-2022-20260922/raw/ana-86510000-2022-05-01--2022-05-31.xml,1693
2022,2022-05-14T10:00:00-03:00,2022-05-14T09:45:00-03:00,2022-05-14 09:45:00,0.0,266.00,Dado aprovado,True,outputs/pesquisa-cobertura-reserva-2022-20260922/raw/ana-86510000-2022-05-01--2022-05-31.xml,1689
2022,2022-05-14T11:00:00-03:00,2022-05-14T10:45:00-03:00,2022-05-14 10:45:00,0.0,259.00,Dado aprovado,True,outputs/pesquisa-cobertura-reserva-2022-20260922/raw/ana-86510000-2022-05-01--2022-05-31.xml,1685
2022,2022-05-14T12:00:00-03:00,2022-05-14T11:45:00-03:00,2022-05-14 11:45:00,0.0,254.00,Dado aprovado,True,outputs/pesquisa-cobertura-reserva-2022-20260922/raw/ana-86510000-2022-05-01--2022-05-31.xml,1681
2022,2022-05-14T13:00:00-03:00,2022-05-14T12:45:00-03:00,2022-05-14 12:45:00,0.0,252.00,Dado aprovado,True,outputs/pesquisa-cobertura-reserva-2022-20260922/raw/ana-86510000-2022-05-01--2022-05-31.xml,1677
2022,2022-05-14T14:00:00-03:00,2022-05-14T13:45:00-03:00,2022-05-14 13:45:00,0.0,257.00,Dado aprovado,True,outputs/pesquisa-cobertura-reserva-2022-20260922/raw/ana-86510000-2022-05-01--2022-05-31.xml,1673
2022,2022-05-14T15:00:00-03:00,2022-05-14T14:45:00-03:00,2022-05-14 14:45:00,0.0,268.00,Dado aprovado,True,outputs/pesquisa-cobertura-reserva-2022-20260922/raw/ana-86510000-2022-05-01--2022-05-31.xml,1669
2022,2022-05-14T16:00:00-03:00,2022-05-14T15:45:00-03:00,2022-05-14 15:45:00,0.0,278.00,Dado aprovado,True,outputs/pesquisa-cobertura-reserva-2022-20260922/raw/ana-86510000-2022-05-01--2022-05-31.xml,1665
2022,2022-05-14T17:00:00-03:00,2022-05-14T16:45:00-03:00,2022-05-14 16:45:00,0.0,285.00,Dado aprovado,True,outputs/pesquisa-cobertura-reserva-2022-20260922/raw/ana-86510000-2022-05-01--2022-05-31.xml,1661
2022,2022-05-14T18:00:00-03:00,2022-05-14T17:45:00-03:00,2022-05-14 17:45:00,0.0,290.00,Dado aprovado,True,outputs/pesquisa-cobertura-reserva-2022-20260922/raw/ana-86510000-2022-05-01--2022-05-31.xml,1657
2022,2022-05-14T19:00:00-03:00,2022-05-14T18:45:00-03:00,2022-05-14 18:45:00,0.0,292.00,Dado aprovado,True,outputs/pesquisa-cobertura-reserva-2022-20260922/raw/ana-86510000-2022-05-01--2022-05-31.xml,1653
2022,2022-05-14T20:00:00-03:00,2022-05-14T19:45:00-03:00,2022-05-14 19:45:00,0.0,293.00,Dado aprovado,True,outputs/pesquisa-cobertura-reserva-2022-20260922/raw/ana-86510000-2022-05-01--2022-05-31.xml,1649
2022,2022-05-14T21:00:00-03:00,2022-05-14T20:45:00-03:00,2022-05-14 20:45:00,0.0,294.00,Dado aprovado,True,outputs/pesquisa-cobertura-reserva-2022-20260922/raw/ana-86510000-2022-05-01--2022-05-31.xml,1645
2022,2022-05-14T22:00:00-03:00,2022-05-14T21:45:00-03:00,2022-05-14 21:45:00,0.0,294.00,Dado aprovado,True,outputs/pesquisa-cobertura-reserva-2022-20260922/raw/ana-86510000-2022-05-01--2022-05-31.xml,1641
2022,2022-05-14T23:00:00-03:00,2022-05-14T22:45:00-03:00,2022-05-14 22:45:00,0.0,293.00,Dado aprovado,True,outputs/pesquisa-cobertura-reserva-2022-20260922/raw/ana-86510000-2022-05-01--2022-05-31.xml,1637
2022,2022-05-15T00:00:00-03:00,2022-05-14T23:45:00-03:00,2022-05-14 23:45:00,0.0,293.00,Dado aprovado,True,outputs/pesquisa-cobertura-reserva-2022-20260922/raw/ana-86510000-2022-05-01--2022-05-31.xml,1633
2022,2022-05-15T01:00:00-03:00,2022-05-15T00:45:00-03:00,2022-05-15 00:45:00,0.0,292.00,Dado aprovado,True,outputs/pesquisa-cobertura-reserva-2022-20260922/raw/ana-86510000-2022-05-01--2022-05-31.xml,1629
2022,2022-05-15T02:00:00-03:00,2022-05-15T01:45:00-03:00,2022-05-15 01:45:00,0.0,290.00,Dado aprovado,True,outputs/pesquisa-cobertura-reserva-2022-20260922/raw/ana-86510000-2022-05-01--2022-05-31.xml,1625
2022,2022-05-15T03:00:00-03:00,2022-05-15T02:45:00-03:00,2022-05-15 02:45:00,0.0,289.00,Dado aprovado,True,outputs/pesquisa-cobertura-reserva-2022-20260922/raw/ana-86510000-2022-05-01--2022-05-31.xml,1621
2022,2022-05-15T04:00:00-03:00,2022-05-15T03:45:00-03:00,2022-05-15 03:45:00,0.0,288.00,Dado aprovado,True,outputs/pesquisa-cobertura-reserva-2022-20260922/raw/ana-86510000-2022-05-01--2022-05-31.xml,1617
2022,2022-05-15T05:00:00-03:00,2022-05-15T04:45:00-03:00,2022-05-15 04:45:00,0.0,286.00,Dado aprovado,True,outputs/pesquisa-cobertura-reserva-2022-20260922/raw/ana-86510000-2022-05-01--2022-05-31.xml,1613
2022,2022-05-15T06:00:00-03:00,2022-05-15T05:45:00-03:00,2022-05-15 05:45:00,0.0,280.00,Dado aprovado,True,outputs/pesquisa-cobertura-reserva-2022-20260922/raw/ana-86510000-2022-05-01--2022-05-31.xml,1609
2022,2022-05-15T07:00:00-03:00,2022-05-15T06:45:00-03:00,2022-05-15 06:45:00,0.0,272.00,Dado aprovado,True,outputs/pesquisa-cobertura-reserva-2022-20260922/raw/ana-86510000-2022-05-01--2022-05-31.xml,1605
2022,2022-05-15T08:00:00-03:00,2022-05-15T07:45:00-03:00,2022-05-15 07:45:00,0.0,264.00,Dado aprovado,True,outputs/pesquisa-cobertura-reserva-2022-20260922/raw/ana-86510000-2022-05-01--2022-05-31.xml,1601
2022,2022-05-15T09:00:00-03:00,2022-05-15T08:45:00-03:00,2022-05-15 08:45:00,0.0,259.00,Dado aprovado,True,outputs/pesquisa-cobertura-reserva-2022-20260922/raw/ana-86510000-2022-05-01--2022-05-31.xml,1597
2022,2022-05-15T10:00:00-03:00,2022-05-15T09:45:00-03:00,2022-05-15 09:45:00,0.0,255.00,Dado aprovado,True,outputs/pesquisa-cobertura-reserva-2022-20260922/raw/ana-86510000-2022-05-01--2022-05-31.xml,1593
2022,2022-05-15T11:00:00-03:00,2022-05-15T10:45:00-03:00,2022-05-15 10:45:00,0.0,253.00,Dado aprovado,True,outputs/pesquisa-cobertura-reserva-2022-20260922/raw/ana-86510000-2022-05-01--2022-05-31.xml,1589
2022,2022-05-15T12:00:00-03:00,2022-05-15T11:45:00-03:00,2022-05-15 11:45:00,0.0,251.00,Dado aprovado,True,outputs/pesquisa-cobertura-reserva-2022-20260922/raw/ana-86510000-2022-05-01--2022-05-31.xml,1585
2022,2022-05-15T13:00:00-03:00,2022-05-15T12:45:00-03:00,2022-05-15 12:45:00,0.0,250.00,Dado aprovado,True,outputs/pesquisa-cobertura-reserva-2022-20260922/raw/ana-86510000-2022-05-01--2022-05-31.xml,1581
2022,2022-05-15T14:00:00-03:00,2022-05-15T13:45:00-03:00,2022-05-15 13:45:00,0.0,250.00,Dado aprovado,True,outputs/pesquisa-cobertura-reserva-2022-20260922/raw/ana-86510000-2022-05-01--2022-05-31.xml,1577
2022,2022-05-15T15:00:00-03:00,2022-05-15T14:45:00-03:00,2022-05-15 14:45:00,0.0,250.00,Dado aprovado,True,outputs/pesquisa-cobertura-reserva-2022-20260922/raw/ana-86510000-2022-05-01--2022-05-31.xml,1573
2022,2022-05-15T16:00:00-03:00,2022-05-15T15:45:00-03:00,2022-05-15 15:45:00,0.0,251.00,Dado aprovado,True,outputs/pesquisa-cobertura-reserva-2022-20260922/raw/ana-86510000-2022-05-01--2022-05-31.xml,1569
2022,2022-05-15T17:00:00-03:00,2022-05-15T16:45:00-03:00,2022-05-15 16:45:00,0.0,253.00,Dado aprovado,True,outputs/pesquisa-cobertura-reserva-2022-20260922/raw/ana-86510000-2022-05-01--2022-05-31.xml,1565
2022,2022-05-15T18:00:00-03:00,2022-05-15T17:45:00-03:00,2022-05-15 17:45:00,0.0,258.00,Dado aprovado,True,outputs/pesquisa-cobertura-reserva-2022-20260922/raw/ana-86510000-2022-05-01--2022-05-31.xml,1561
2022,2022-05-15T19:00:00-03:00,2022-05-15T18:45:00-03:00,2022-05-15 18:45:00,0.0,266.00,Dado aprovado,True,outputs/pesquisa-cobertura-reserva-2022-20260922/raw/ana-86510000-2022-05-01--2022-05-31.xml,1557
2022,2022-05-15T20:00:00-03:00,2022-05-15T19:45:00-03:00,2022-05-15 19:45:00,0.0,274.00,Dado aprovado,True,outputs/pesquisa-cobertura-reserva-2022-20260922/raw/ana-86510000-2022-05-01--2022-05-31.xml,1553
2022,2022-05-15T21:00:00-03:00,2022-05-15T20:45:00-03:00,2022-05-15 20:45:00,0.0,281.00,Dado aprovado,True,outputs/pesquisa-cobertura-reserva-2022-20260922/raw/ana-86510000-2022-05-01--2022-05-31.xml,1549
2022,2022-05-15T22:00:00-03:00,2022-05-15T21:45:00-03:00,2022-05-15 21:45:00,0.0,284.00,Dado aprovado,True,outputs/pesquisa-cobertura-reserva-2022-20260922/raw/ana-86510000-2022-05-01--2022-05-31.xml,1545
2022,2022-05-15T23:00:00-03:00,2022-05-15T22:45:00-03:00,2022-05-15 22:45:00,0.0,286.00,Dado aprovado,True,outputs/pesquisa-cobertura-reserva-2022-20260922/raw/ana-86510000-2022-05-01--2022-05-31.xml,1541
2022,2022-05-16T00:00:00-03:00,2022-05-15T23:45:00-03:00,2022-05-15 23:45:00,0.0,288.00,Dado aprovado,True,outputs/pesquisa-cobertura-reserva-2022-20260922/raw/ana-86510000-2022-05-01--2022-05-31.xml,1537
2022,2022-05-16T01:00:00-03:00,2022-05-16T00:45:00-03:00,2022-05-16 00:45:00,0.0,292.00,Dado aprovado,True,outputs/pesquisa-cobertura-reserva-2022-20260922/raw/ana-86510000-2022-05-01--2022-05-31.xml,1533
2022,2022-05-16T02:00:00-03:00,2022-05-16T01:45:00-03:00,2022-05-16 01:45:00,0.0,297.00,Dado aprovado,True,outputs/pesquisa-cobertura-reserva-2022-20260922/raw/ana-86510000-2022-05-01--2022-05-31.xml,1529
2022,2022-05-16T03:00:00-03:00,2022-05-16T02:45:00-03:00,2022-05-16 02:45:00,0.0,299.00,Dado aprovado,True,outputs/pesquisa-cobertura-reserva-2022-20260922/raw/ana-86510000-2022-05-01--2022-05-31.xml,1525
2022,2022-05-16T04:00:00-03:00,2022-05-16T03:45:00-03:00,2022-05-16 03:45:00,0.0,301.00,Dado aprovado,True,outputs/pesquisa-cobertura-reserva-2022-20260922/raw/ana-86510000-2022-05-01--2022-05-31.xml,1521
2022,2022-05-16T05:00:00-03:00,2022-05-16T04:45:00-03:00,2022-05-16 04:45:00,0.0,302.00,Dado aprovado,True,outputs/pesquisa-cobertura-reserva-2022-20260922/raw/ana-86510000-2022-05-01--2022-05-31.xml,1517
2022,2022-05-16T06:00:00-03:00,2022-05-16T05:45:00-03:00,2022-05-16 05:45:00,0.0,301.00,Dado aprovado,True,outputs/pesquisa-cobertura-reserva-2022-20260922/raw/ana-86510000-2022-05-01--2022-05-31.xml,1513
2022,2022-05-16T07:00:00-03:00,2022-05-16T06:45:00-03:00,2022-05-16 06:45:00,0.0,299.00,Dado aprovado,True,outputs/pesquisa-cobertura-reserva-2022-20260922/raw/ana-86510000-2022-05-01--2022-05-31.xml,1509
2022,2022-05-16T08:00:00-03:00,2022-05-16T07:45:00-03:00,2022-05-16 07:45:00,0.0,297.00,Dado aprovado,True,outputs/pesquisa-cobertura-reserva-2022-20260922/raw/ana-86510000-2022-05-01--2022-05-31.xml,1505
2022,2022-05-16T09:00:00-03:00,2022-05-16T08:45:00-03:00,2022-05-16 08:45:00,0.0,296.00,Dado aprovado,True,outputs/pesquisa-cobertura-reserva-2022-20260922/raw/ana-86510000-2022-05-01--2022-05-31.xml,1501
2022,2022-05-16T10:00:00-03:00,2022-05-16T09:45:00-03:00,2022-05-16 09:45:00,0.0,296.00,Dado aprovado,True,outputs/pesquisa-cobertura-reserva-2022-20260922/raw/ana-86510000-2022-05-01--2022-05-31.xml,1497
2022,2022-05-16T11:00:00-03:00,2022-05-16T10:45:00-03:00,2022-05-16 10:45:00,0.0,298.00,Dado aprovado,True,outputs/pesquisa-cobertura-reserva-2022-20260922/raw/ana-86510000-2022-05-01--2022-05-31.xml,1493
2022,2022-05-16T12:00:00-03:00,2022-05-16T11:45:00-03:00,2022-05-16 11:45:00,0.0,301.00,Dado aprovado,True,outputs/pesquisa-cobertura-reserva-2022-20260922/raw/ana-86510000-2022-05-01--2022-05-31.xml,1489
2022,2022-05-16T13:00:00-03:00,2022-05-16T12:45:00-03:00,2022-05-16 12:45:00,0.0,303.00,Dado aprovado,True,outputs/pesquisa-cobertura-reserva-2022-20260922/raw/ana-86510000-2022-05-01--2022-05-31.xml,1485
2022,2022-05-16T14:00:00-03:00,2022-05-16T13:45:00-03:00,2022-05-16 13:45:00,0.0,304.00,Dado aprovado,True,outputs/pesquisa-cobertura-reserva-2022-20260922/raw/ana-86510000-2022-05-01--2022-05-31.xml,1481
2022,2022-05-16T15:00:00-03:00,2022-05-16T14:45:00-03:00,2022-05-16 14:45:00,0.0,301.00,Dado aprovado,True,outputs/pesquisa-cobertura-reserva-2022-20260922/raw/ana-86510000-2022-05-01--2022-05-31.xml,1477
2022,2022-05-16T16:00:00-03:00,2022-05-16T15:45:00-03:00,2022-05-16 15:45:00,0.0,295.00,Dado aprovado,True,outputs/pesquisa-cobertura-reserva-2022-20260922/raw/ana-86510000-2022-05-01--2022-05-31.xml,1473
2022,2022-05-16T17:00:00-03:00,2022-05-16T16:45:00-03:00,2022-05-16 16:45:00,0.0,287.00,Dado aprovado,True,outputs/pesquisa-cobertura-reserva-2022-20260922/raw/ana-86510000-2022-05-01--2022-05-31.xml,1469
2022,2022-05-16T18:00:00-03:00,2022-05-16T17:45:00-03:00,2022-05-16 17:45:00,0.0,281.00,Dado aprovado,True,outputs/pesquisa-cobertura-reserva-2022-20260922/raw/ana-86510000-2022-05-01--2022-05-31.xml,1465
2022,2022-05-16T19:00:00-03:00,2022-05-16T18:45:00-03:00,2022-05-16 18:45:00,0.0,277.00,Dado aprovado,True,outputs/pesquisa-cobertura-reserva-2022-20260922/raw/ana-86510000-2022-05-01--2022-05-31.xml,1461
2022,2022-05-16T20:00:00-03:00,2022-05-16T19:45:00-03:00,2022-05-16 19:45:00,0.0,274.00,Dado aprovado,True,outputs/pesquisa-cobertura-reserva-2022-20260922/raw/ana-86510000-2022-05-01--2022-05-31.xml,1457
2022,2022-05-16T21:00:00-03:00,2022-05-16T20:45:00-03:00,2022-05-16 20:45:00,0.0,270.00,Dado aprovado,True,outputs/pesquisa-cobertura-reserva-2022-20260922/raw/ana-86510000-2022-05-01--2022-05-31.xml,1453
2022,2022-05-16T22:00:00-03:00,2022-05-16T21:45:00-03:00,2022-05-16 21:45:00,0.0,268.00,Dado aprovado,True,outputs/pesquisa-cobertura-reserva-2022-20260922/raw/ana-86510000-2022-05-01--2022-05-31.xml,1449
2022,2022-05-16T23:00:00-03:00,2022-05-16T22:45:00-03:00,2022-05-16 22:45:00,0.0,274.00,Dado aprovado,True,outputs/pesquisa-cobertura-reserva-2022-20260922/raw/ana-86510000-2022-05-01--2022-05-31.xml,1445
2022,2022-05-17T00:00:00-03:00,2022-05-16T23:45:00-03:00,2022-05-16 23:45:00,0.0,287.00,Dado aprovado,True,outputs/pesquisa-cobertura-reserva-2022-20260922/raw/ana-86510000-2022-05-01--2022-05-31.xml,1441
2022,2022-05-17T01:00:00-03:00,2022-05-17T00:45:00-03:00,2022-05-17 00:45:00,0.0,298.00,Dado aprovado,True,outputs/pesquisa-cobertura-reserva-2022-20260922/raw/ana-86510000-2022-05-01--2022-05-31.xml,1437
2022,2022-05-17T02:00:00-03:00,2022-05-17T01:45:00-03:00,2022-05-17 01:45:00,0.0,304.00,Dado aprovado,True,outputs/pesquisa-cobertura-reserva-2022-20260922/raw/ana-86510000-2022-05-01--2022-05-31.xml,1433
2022,2022-05-17T03:00:00-03:00,2022-05-17T02:45:00-03:00,2022-05-17 02:45:00,0.0,307.00,Dado aprovado,True,outputs/pesquisa-cobertura-reserva-2022-20260922/raw/ana-86510000-2022-05-01--2022-05-31.xml,1429
2022,2022-05-17T04:00:00-03:00,2022-05-17T03:45:00-03:00,2022-05-17 03:45:00,0.0,308.00,Dado aprovado,True,outputs/pesquisa-cobertura-reserva-2022-20260922/raw/ana-86510000-2022-05-01--2022-05-31.xml,1425
2022,2022-05-17T05:00:00-03:00,2022-05-17T04:45:00-03:00,2022-05-17 04:45:00,0.0,309.00,Dado aprovado,True,outputs/pesquisa-cobertura-reserva-2022-20260922/raw/ana-86510000-2022-05-01--2022-05-31.xml,1421
2022,2022-05-17T06:00:00-03:00,2022-05-17T05:45:00-03:00,2022-05-17 05:45:00,0.0,309.00,Dado aprovado,True,outputs/pesquisa-cobertura-reserva-2022-20260922/raw/ana-86510000-2022-05-01--2022-05-31.xml,1417
2022,2022-05-17T07:00:00-03:00,2022-05-17T06:45:00-03:00,2022-05-17 06:45:00,0.0,309.00,Dado aprovado,True,outputs/pesquisa-cobertura-reserva-2022-20260922/raw/ana-86510000-2022-05-01--2022-05-31.xml,1413
2022,2022-05-17T08:00:00-03:00,2022-05-17T07:45:00-03:00,2022-05-17 07:45:00,0.0,309.00,Dado aprovado,True,outputs/pesquisa-cobertura-reserva-2022-20260922/raw/ana-86510000-2022-05-01--2022-05-31.xml,1409
2022,2022-05-17T09:00:00-03:00,2022-05-17T08:45:00-03:00,2022-05-17 08:45:00,0.0,308.00,Dado aprovado,True,outputs/pesquisa-cobertura-reserva-2022-20260922/raw/ana-86510000-2022-05-01--2022-05-31.xml,1405
2022,2022-05-17T10:00:00-03:00,2022-05-17T09:45:00-03:00,2022-05-17 09:45:00,0.0,308.00,Dado aprovado,True,outputs/pesquisa-cobertura-reserva-2022-20260922/raw/ana-86510000-2022-05-01--2022-05-31.xml,1401
2022,2022-05-17T11:00:00-03:00,2022-05-17T10:45:00-03:00,2022-05-17 10:45:00,0.0,308.00,Dado aprovado,True,outputs/pesquisa-cobertura-reserva-2022-20260922/raw/ana-86510000-2022-05-01--2022-05-31.xml,1397
2022,2022-05-17T12:00:00-03:00,2022-05-17T11:45:00-03:00,2022-05-17 11:45:00,0.0,308.00,Dado aprovado,True,outputs/pesquisa-cobertura-reserva-2022-20260922/raw/ana-86510000-2022-05-01--2022-05-31.xml,1393
2022,2022-05-17T13:00:00-03:00,2022-05-17T12:45:00-03:00,2022-05-17 12:45:00,0.0,308.00,Dado aprovado,True,outputs/pesquisa-cobertura-reserva-2022-20260922/raw/ana-86510000-2022-05-01--2022-05-31.xml,1389
2022,2022-05-17T14:00:00-03:00,2022-05-17T13:45:00-03:00,2022-05-17 13:45:00,0.0,308.00,Dado aprovado,True,outputs/pesquisa-cobertura-reserva-2022-20260922/raw/ana-86510000-2022-05-01--2022-05-31.xml,1385
2022,2022-05-17T15:00:00-03:00,2022-05-17T14:45:00-03:00,2022-05-17 14:45:00,0.0,308.00,Dado aprovado,True,outputs/pesquisa-cobertura-reserva-2022-20260922/raw/ana-86510000-2022-05-01--2022-05-31.xml,1381
2022,2022-05-17T16:00:00-03:00,2022-05-17T15:45:00-03:00,2022-05-17 15:45:00,0.0,308.00,Dado aprovado,True,outputs/pesquisa-cobertura-reserva-2022-20260922/raw/ana-86510000-2022-05-01--2022-05-31.xml,1377
2022,2022-05-17T17:00:00-03:00,2022-05-17T16:45:00-03:00,2022-05-17 16:45:00,0.0,310.00,Dado aprovado,True,outputs/pesquisa-cobertura-reserva-2022-20260922/raw/ana-86510000-2022-05-01--2022-05-31.xml,1373
2022,2022-05-17T18:00:00-03:00,2022-05-17T17:45:00-03:00,2022-05-17 17:45:00,0.0,313.00,Dado aprovado,True,outputs/pesquisa-cobertura-reserva-2022-20260922/raw/ana-86510000-2022-05-01--2022-05-31.xml,1369
2022,2022-05-17T19:00:00-03:00,2022-05-17T18:45:00-03:00,2022-05-17 18:45:00,0.0,315.00,Dado aprovado,True,outputs/pesquisa-cobertura-reserva-2022-20260922/raw/ana-86510000-2022-05-01--2022-05-31.xml,1365
2022,2022-05-17T20:00:00-03:00,2022-05-17T19:45:00-03:00,2022-05-17 19:45:00,0.0,315.00,Dado aprovado,True,outputs/pesquisa-cobertura-reserva-2022-20260922/raw/ana-86510000-2022-05-01--2022-05-31.xml,1361
2022,2022-05-17T21:00:00-03:00,2022-05-17T20:45:00-03:00,2022-05-17 20:45:00,0.0,314.00,Dado aprovado,True,outputs/pesquisa-cobertura-reserva-2022-20260922/raw/ana-86510000-2022-05-01--2022-05-31.xml,1357
2022,2022-05-17T22:00:00-03:00,2022-05-17T21:45:00-03:00,2022-05-17 21:45:00,0.0,312.00,Dado aprovado,True,outputs/pesquisa-cobertura-reserva-2022-20260922/raw/ana-86510000-2022-05-01--2022-05-31.xml,1353
2022,2022-05-17T23:00:00-03:00,2022-05-17T22:45:00-03:00,2022-05-17 22:45:00,0.0,310.00,Dado aprovado,True,outputs/pesquisa-cobertura-reserva-2022-20260922/raw/ana-86510000-2022-05-01--2022-05-31.xml,1349
2022,2022-05-18T00:00:00-03:00,2022-05-17T23:45:00-03:00,2022-05-17 23:45:00,0.0,308.00,Dado aprovado,True,outputs/pesquisa-cobertura-reserva-2022-20260922/raw/ana-86510000-2022-05-01--2022-05-31.xml,1345
2022,2022-05-18T01:00:00-03:00,2022-05-18T00:45:00-03:00,2022-05-18 00:45:00,0.0,307.00,Dado aprovado,True,outputs/pesquisa-cobertura-reserva-2022-20260922/raw/ana-86510000-2022-05-01--2022-05-31.xml,1341
2022,2022-05-18T02:00:00-03:00,2022-05-18T01:45:00-03:00,2022-05-18 01:45:00,0.0,307.00,Dado aprovado,True,outputs/pesquisa-cobertura-reserva-2022-20260922/raw/ana-86510000-2022-05-01--2022-05-31.xml,1337
2022,2022-05-18T03:00:00-03:00,2022-05-18T02:45:00-03:00,2022-05-18 02:45:00,0.0,308.00,Dado aprovado,True,outputs/pesquisa-cobertura-reserva-2022-20260922/raw/ana-86510000-2022-05-01--2022-05-31.xml,1333
2022,2022-05-18T04:00:00-03:00,2022-05-18T03:45:00-03:00,2022-05-18 03:45:00,0.0,309.00,Dado aprovado,True,outputs/pesquisa-cobertura-reserva-2022-20260922/raw/ana-86510000-2022-05-01--2022-05-31.xml,1329
2022,2022-05-18T05:00:00-03:00,2022-05-18T04:45:00-03:00,2022-05-18 04:45:00,0.0,309.00,Dado aprovado,True,outputs/pesquisa-cobertura-reserva-2022-20260922/raw/ana-86510000-2022-05-01--2022-05-31.xml,1325
2022,2022-05-18T06:00:00-03:00,2022-05-18T05:45:00-03:00,2022-05-18 05:45:00,0.0,311.00,Dado aprovado,True,outputs/pesquisa-cobertura-reserva-2022-20260922/raw/ana-86510000-2022-05-01--2022-05-31.xml,1321
2022,2022-05-18T07:00:00-03:00,2022-05-18T06:45:00-03:00,2022-05-18 06:45:00,0.0,312.00,Dado aprovado,True,outputs/pesquisa-cobertura-reserva-2022-20260922/raw/ana-86510000-2022-05-01--2022-05-31.xml,1317
2022,2022-05-18T08:00:00-03:00,2022-05-18T07:45:00-03:00,2022-05-18 07:45:00,0.0,313.00,Dado aprovado,True,outputs/pesquisa-cobertura-reserva-2022-20260922/raw/ana-86510000-2022-05-01--2022-05-31.xml,1313
2022,2022-05-18T09:00:00-03:00,2022-05-18T08:45:00-03:00,2022-05-18 08:45:00,0.0,314.00,Dado aprovado,True,outputs/pesquisa-cobertura-reserva-2022-20260922/raw/ana-86510000-2022-05-01--2022-05-31.xml,1309
2022,2022-05-18T10:00:00-03:00,2022-05-18T09:45:00-03:00,2022-05-18 09:45:00,0.0,315.00,Dado aprovado,True,outputs/pesquisa-cobertura-reserva-2022-20260922/raw/ana-86510000-2022-05-01--2022-05-31.xml,1305
2022,2022-05-18T11:00:00-03:00,2022-05-18T10:45:00-03:00,2022-05-18 10:45:00,0.0,316.00,Dado aprovado,True,outputs/pesquisa-cobertura-reserva-2022-20260922/raw/ana-86510000-2022-05-01--2022-05-31.xml,1301
2022,2022-05-18T12:00:00-03:00,2022-05-18T11:45:00-03:00,2022-05-18 11:45:00,0.0,316.00,Dado aprovado,True,outputs/pesquisa-cobertura-reserva-2022-20260922/raw/ana-86510000-2022-05-01--2022-05-31.xml,1297
2022,2022-05-18T13:00:00-03:00,2022-05-18T12:45:00-03:00,2022-05-18 12:45:00,0.0,316.00,Dado aprovado,True,outputs/pesquisa-cobertura-reserva-2022-20260922/raw/ana-86510000-2022-05-01--2022-05-31.xml,1293
2022,2022-05-18T14:00:00-03:00,2022-05-18T13:45:00-03:00,2022-05-18 13:45:00,0.0,316.00,Dado aprovado,True,outputs/pesquisa-cobertura-reserva-2022-20260922/raw/ana-86510000-2022-05-01--2022-05-31.xml,1289
2022,2022-05-18T15:00:00-03:00,2022-05-18T14:45:00-03:00,2022-05-18 14:45:00,0.0,317.00,Dado aprovado,True,outputs/pesquisa-cobertura-reserva-2022-20260922/raw/ana-86510000-2022-05-01--2022-05-31.xml,1285
2022,2022-05-18T16:00:00-03:00,2022-05-18T15:45:00-03:00,2022-05-18 15:45:00,0.0,317.00,Dado aprovado,True,outputs/pesquisa-cobertura-reserva-2022-20260922/raw/ana-86510000-2022-05-01--2022-05-31.xml,1281
2022,2022-05-18T17:00:00-03:00,2022-05-18T16:45:00-03:00,2022-05-18 16:45:00,0.0,318.00,Dado aprovado,True,outputs/pesquisa-cobertura-reserva-2022-20260922/raw/ana-86510000-2022-05-01--2022-05-31.xml,1277
2022,2022-05-18T18:00:00-03:00,2022-05-18T17:45:00-03:00,2022-05-18 17:45:00,0.0,318.00,Dado aprovado,True,outputs/pesquisa-cobertura-reserva-2022-20260922/raw/ana-86510000-2022-05-01--2022-05-31.xml,1273
2022,2022-05-18T19:00:00-03:00,2022-05-18T18:45:00-03:00,2022-05-18 18:45:00,0.0,319.00,Dado aprovado,True,outputs/pesquisa-cobertura-reserva-2022-20260922/raw/ana-86510000-2022-05-01--2022-05-31.xml,1269
2022,2022-05-18T20:00:00-03:00,2022-05-18T19:45:00-03:00,2022-05-18 19:45:00,0.0,319.00,Dado aprovado,True,outputs/pesquisa-cobertura-reserva-2022-20260922/raw/ana-86510000-2022-05-01--2022-05-31.xml,1265
2022,2022-05-18T21:00:00-03:00,2022-05-18T20:45:00-03:00,2022-05-18 20:45:00,0.0,318.00,Dado aprovado,True,outputs/pesquisa-cobertura-reserva-2022-20260922/raw/ana-86510000-2022-05-01--2022-05-31.xml,1261
2022,2022-05-18T22:00:00-03:00,2022-05-18T21:45:00-03:00,2022-05-18 21:45:00,0.0,318.00,Dado aprovado,True,outputs/pesquisa-cobertura-reserva-2022-20260922/raw/ana-86510000-2022-05-01--2022-05-31.xml,1257
2022,2022-05-18T23:00:00-03:00,2022-05-18T22:45:00-03:00,2022-05-18 22:45:00,0.0,318.00,Dado aprovado,True,outputs/pesquisa-cobertura-reserva-2022-20260922/raw/ana-86510000-2022-05-01--2022-05-31.xml,1253
2022,2022-05-19T00:00:00-03:00,2022-05-18T23:45:00-03:00,2022-05-18 23:45:00,0.0,318.00,Dado aprovado,True,outputs/pesquisa-cobertura-reserva-2022-20260922/raw/ana-86510000-2022-05-01--2022-05-31.xml,1249
2022,2022-05-19T01:00:00-03:00,2022-05-19T00:45:00-03:00,2022-05-19 00:45:00,0.0,318.00,Dado aprovado,True,outputs/pesquisa-cobertura-reserva-2022-20260922/raw/ana-86510000-2022-05-01--2022-05-31.xml,1245
2022,2022-05-19T02:00:00-03:00,2022-05-19T01:45:00-03:00,2022-05-19 01:45:00,0.0,319.00,Dado aprovado,True,outputs/pesquisa-cobertura-reserva-2022-20260922/raw/ana-86510000-2022-05-01--2022-05-31.xml,1241
2022,2022-05-19T03:00:00-03:00,2022-05-19T02:45:00-03:00,2022-05-19 02:45:00,0.0,318.00,Dado aprovado,True,outputs/pesquisa-cobertura-reserva-2022-20260922/raw/ana-86510000-2022-05-01--2022-05-31.xml,1237
2022,2022-05-19T04:00:00-03:00,2022-05-19T03:45:00-03:00,2022-05-19 03:45:00,0.0,318.00,Dado aprovado,True,outputs/pesquisa-cobertura-reserva-2022-20260922/raw/ana-86510000-2022-05-01--2022-05-31.xml,1233
2022,2022-05-19T05:00:00-03:00,2022-05-19T04:45:00-03:00,2022-05-19 04:45:00,0.0,318.00,Dado aprovado,True,outputs/pesquisa-cobertura-reserva-2022-20260922/raw/ana-86510000-2022-05-01--2022-05-31.xml,1229
2022,2022-05-19T06:00:00-03:00,2022-05-19T05:45:00-03:00,2022-05-19 05:45:00,0.0,318.00,Dado aprovado,True,outputs/pesquisa-cobertura-reserva-2022-20260922/raw/ana-86510000-2022-05-01--2022-05-31.xml,1225
2022,2022-05-19T07:00:00-03:00,2022-05-19T06:45:00-03:00,2022-05-19 06:45:00,0.0,319.00,Dado aprovado,True,outputs/pesquisa-cobertura-reserva-2022-20260922/raw/ana-86510000-2022-05-01--2022-05-31.xml,1221
2022,2022-05-19T08:00:00-03:00,2022-05-19T07:45:00-03:00,2022-05-19 07:45:00,0.0,323.00,Dado aprovado,True,outputs/pesquisa-cobertura-reserva-2022-20260922/raw/ana-86510000-2022-05-01--2022-05-31.xml,1217
2022,2022-05-19T09:00:00-03:00,2022-05-19T08:45:00-03:00,2022-05-19 08:45:00,0.0,327.00,Dado aprovado,True,outputs/pesquisa-cobertura-reserva-2022-20260922/raw/ana-86510000-2022-05-01--2022-05-31.xml,1213
2022,2022-05-19T10:00:00-03:00,2022-05-19T09:45:00-03:00,2022-05-19 09:45:00,0.0,331.00,Dado aprovado,True,outputs/pesquisa-cobertura-reserva-2022-20260922/raw/ana-86510000-2022-05-01--2022-05-31.xml,1209
2022,2022-05-19T11:00:00-03:00,2022-05-19T10:45:00-03:00,2022-05-19 10:45:00,0.0,333.00,Dado aprovado,True,outputs/pesquisa-cobertura-reserva-2022-20260922/raw/ana-86510000-2022-05-01--2022-05-31.xml,1205
2022,2022-05-19T12:00:00-03:00,2022-05-19T11:45:00-03:00,2022-05-19 11:45:00,0.0,334.00,Dado aprovado,True,outputs/pesquisa-cobertura-reserva-2022-20260922/raw/ana-86510000-2022-05-01--2022-05-31.xml,1201
2022,2022-05-19T13:00:00-03:00,2022-05-19T12:45:00-03:00,2022-05-19 12:45:00,0.0,335.00,Dado aprovado,True,outputs/pesquisa-cobertura-reserva-2022-20260922/raw/ana-86510000-2022-05-01--2022-05-31.xml,1197
2022,2022-05-19T14:00:00-03:00,2022-05-19T13:45:00-03:00,2022-05-19 13:45:00,0.0,334.00,Dado aprovado,True,outputs/pesquisa-cobertura-reserva-2022-20260922/raw/ana-86510000-2022-05-01--2022-05-31.xml,1193
2022,2022-05-19T15:00:00-03:00,2022-05-19T14:45:00-03:00,2022-05-19 14:45:00,0.0,334.00,Dado aprovado,True,outputs/pesquisa-cobertura-reserva-2022-20260922/raw/ana-86510000-2022-05-01--2022-05-31.xml,1189
2022,2022-05-19T16:00:00-03:00,2022-05-19T15:45:00-03:00,2022-05-19 15:45:00,0.0,333.00,Dado aprovado,True,outputs/pesquisa-cobertura-reserva-2022-20260922/raw/ana-86510000-2022-05-01--2022-05-31.xml,1185
2022,2022-05-19T17:00:00-03:00,2022-05-19T16:45:00-03:00,2022-05-19 16:45:00,0.0,332.00,Dado aprovado,True,outputs/pesquisa-cobertura-reserva-2022-20260922/raw/ana-86510000-2022-05-01--2022-05-31.xml,1181
2022,2022-05-19T18:00:00-03:00,2022-05-19T17:45:00-03:00,2022-05-19 17:45:00,0.0,329.00,Dado aprovado,True,outputs/pesquisa-cobertura-reserva-2022-20260922/raw/ana-86510000-2022-05-01--2022-05-31.xml,1177
2022,2022-05-19T19:00:00-03:00,2022-05-19T18:45:00-03:00,2022-05-19 18:45:00,0.0,327.00,Dado aprovado,True,outputs/pesquisa-cobertura-reserva-2022-20260922/raw/ana-86510000-2022-05-01--2022-05-31.xml,1173
2022,2022-05-19T20:00:00-03:00,2022-05-19T19:45:00-03:00,2022-05-19 19:45:00,0.0,325.00,Dado aprovado,True,outputs/pesquisa-cobertura-reserva-2022-20260922/raw/ana-86510000-2022-05-01--2022-05-31.xml,1169
2022,2022-05-19T21:00:00-03:00,2022-05-19T20:45:00-03:00,2022-05-19 20:45:00,0.0,326.00,Dado aprovado,True,outputs/pesquisa-cobertura-reserva-2022-20260922/raw/ana-86510000-2022-05-01--2022-05-31.xml,1165
2022,2022-05-19T22:00:00-03:00,2022-05-19T21:45:00-03:00,2022-05-19 21:45:00,0.0,330.00,Dado aprovado,True,outputs/pesquisa-cobertura-reserva-2022-20260922/raw/ana-86510000-2022-05-01--2022-05-31.xml,1161
2022,2022-05-19T23:00:00-03:00,2022-05-19T22:45:00-03:00,2022-05-19 22:45:00,0.0,336.00,Dado aprovado,True,outputs/pesquisa-cobertura-reserva-2022-20260922/raw/ana-86510000-2022-05-01--2022-05-31.xml,1157
2022,2022-05-20T00:00:00-03:00,2022-05-19T23:45:00-03:00,2022-05-19 23:45:00,0.0,341.00,Dado aprovado,True,outputs/pesquisa-cobertura-reserva-2022-20260922/raw/ana-86510000-2022-05-01--2022-05-31.xml,1153
2022,2022-05-20T01:00:00-03:00,2022-05-20T00:45:00-03:00,2022-05-20 00:45:00,0.0,345.00,Dado aprovado,True,outputs/pesquisa-cobertura-reserva-2022-20260922/raw/ana-86510000-2022-05-01--2022-05-31.xml,1149
2022,2022-05-20T02:00:00-03:00,2022-05-20T01:45:00-03:00,2022-05-20 01:45:00,0.0,347.00,Dado aprovado,True,outputs/pesquisa-cobertura-reserva-2022-20260922/raw/ana-86510000-2022-05-01--2022-05-31.xml,1145
2022,2022-05-20T03:00:00-03:00,2022-05-20T02:45:00-03:00,2022-05-20 02:45:00,0.0,348.00,Dado aprovado,True,outputs/pesquisa-cobertura-reserva-2022-20260922/raw/ana-86510000-2022-05-01--2022-05-31.xml,1141
2022,2022-05-20T04:00:00-03:00,2022-05-20T03:45:00-03:00,2022-05-20 03:45:00,0.0,349.00,Dado aprovado,True,outputs/pesquisa-cobertura-reserva-2022-20260922/raw/ana-86510000-2022-05-01--2022-05-31.xml,1137
2022,2022-05-20T05:00:00-03:00,2022-05-20T04:45:00-03:00,2022-05-20 04:45:00,0.0,350.00,Dado aprovado,True,outputs/pesquisa-cobertura-reserva-2022-20260922/raw/ana-86510000-2022-05-01--2022-05-31.xml,1133
2022,2022-05-20T06:00:00-03:00,2022-05-20T05:45:00-03:00,2022-05-20 05:45:00,0.0,354.00,Dado aprovado,True,outputs/pesquisa-cobertura-reserva-2022-20260922/raw/ana-86510000-2022-05-01--2022-05-31.xml,1129
2022,2022-05-20T07:00:00-03:00,2022-05-20T06:45:00-03:00,2022-05-20 06:45:00,0.0,357.00,Dado aprovado,True,outputs/pesquisa-cobertura-reserva-2022-20260922/raw/ana-86510000-2022-05-01--2022-05-31.xml,1125
2022,2022-05-20T08:00:00-03:00,2022-05-20T07:45:00-03:00,2022-05-20 07:45:00,0.0,359.00,Dado aprovado,True,outputs/pesquisa-cobertura-reserva-2022-20260922/raw/ana-86510000-2022-05-01--2022-05-31.xml,1121
2022,2022-05-20T09:00:00-03:00,2022-05-20T08:45:00-03:00,2022-05-20 08:45:00,0.0,361.00,Dado aprovado,True,outputs/pesquisa-cobertura-reserva-2022-20260922/raw/ana-86510000-2022-05-01--2022-05-31.xml,1117
2022,2022-05-20T10:00:00-03:00,2022-05-20T09:45:00-03:00,2022-05-20 09:45:00,0.0,360.00,Dado aprovado,True,outputs/pesquisa-cobertura-reserva-2022-20260922/raw/ana-86510000-2022-05-01--2022-05-31.xml,1113
2022,2022-05-20T11:00:00-03:00,2022-05-20T10:45:00-03:00,2022-05-20 10:45:00,0.0,360.00,Dado aprovado,True,outputs/pesquisa-cobertura-reserva-2022-20260922/raw/ana-86510000-2022-05-01--2022-05-31.xml,1109
2022,2022-05-20T12:00:00-03:00,2022-05-20T11:45:00-03:00,2022-05-20 11:45:00,0.0,358.00,Dado aprovado,True,outputs/pesquisa-cobertura-reserva-2022-20260922/raw/ana-86510000-2022-05-01--2022-05-31.xml,1105
2022,2022-05-20T13:00:00-03:00,2022-05-20T12:45:00-03:00,2022-05-20 12:45:00,0.0,357.00,Dado aprovado,True,outputs/pesquisa-cobertura-reserva-2022-20260922/raw/ana-86510000-2022-05-01--2022-05-31.xml,1101
2022,2022-05-20T14:00:00-03:00,2022-05-20T13:45:00-03:00,2022-05-20 13:45:00,0.0,355.00,Dado aprovado,True,outputs/pesquisa-cobertura-reserva-2022-20260922/raw/ana-86510000-2022-05-01--2022-05-31.xml,1097
2022,2022-05-20T15:00:00-03:00,2022-05-20T14:45:00-03:00,2022-05-20 14:45:00,0.0,352.00,Dado aprovado,True,outputs/pesquisa-cobertura-reserva-2022-20260922/raw/ana-86510000-2022-05-01--2022-05-31.xml,1093
2022,2022-05-20T16:00:00-03:00,2022-05-20T15:45:00-03:00,2022-05-20 15:45:00,0.0,351.00,Dado aprovado,True,outputs/pesquisa-cobertura-reserva-2022-20260922/raw/ana-86510000-2022-05-01--2022-05-31.xml,1089
2022,2022-05-20T17:00:00-03:00,2022-05-20T16:45:00-03:00,2022-05-20 16:45:00,0.0,345.00,Dado aprovado,True,outputs/pesquisa-cobertura-reserva-2022-20260922/raw/ana-86510000-2022-05-01--2022-05-31.xml,1085
2022,2022-05-20T18:00:00-03:00,2022-05-20T17:45:00-03:00,2022-05-20 17:45:00,0.0,341.00,Dado aprovado,True,outputs/pesquisa-cobertura-reserva-2022-20260922/raw/ana-86510000-2022-05-01--2022-05-31.xml,1081
2022,2022-05-20T19:00:00-03:00,2022-05-20T18:45:00-03:00,2022-05-20 18:45:00,0.0,337.00,Dado aprovado,True,outputs/pesquisa-cobertura-reserva-2022-20260922/raw/ana-86510000-2022-05-01--2022-05-31.xml,1077
2022,2022-05-20T20:00:00-03:00,2022-05-20T19:45:00-03:00,2022-05-20 19:45:00,0.0,336.00,Dado aprovado,True,outputs/pesquisa-cobertura-reserva-2022-20260922/raw/ana-86510000-2022-05-01--2022-05-31.xml,1073
2022,2022-05-20T21:00:00-03:00,2022-05-20T20:45:00-03:00,2022-05-20 20:45:00,0.0,339.00,Dado aprovado,True,outputs/pesquisa-cobertura-reserva-2022-20260922/raw/ana-86510000-2022-05-01--2022-05-31.xml,1069
2022,2022-05-20T22:00:00-03:00,2022-05-20T21:45:00-03:00,2022-05-20 21:45:00,0.0,348.00,Dado aprovado,True,outputs/pesquisa-cobertura-reserva-2022-20260922/raw/ana-86510000-2022-05-01--2022-05-31.xml,1065
2022,2022-05-20T23:00:00-03:00,2022-05-20T22:45:00-03:00,2022-05-20 22:45:00,0.0,356.00,Dado aprovado,True,outputs/pesquisa-cobertura-reserva-2022-20260922/raw/ana-86510000-2022-05-01--2022-05-31.xml,1061
2022,2022-05-21T00:00:00-03:00,2022-05-20T23:45:00-03:00,2022-05-20 23:45:00,0.0,364.00,Dado aprovado,True,outputs/pesquisa-cobertura-reserva-2022-20260922/raw/ana-86510000-2022-05-01--2022-05-31.xml,1057
2022,2022-05-21T01:00:00-03:00,2022-05-21T00:45:00-03:00,2022-05-21 00:45:00,0.0,367.00,Dado aprovado,True,outputs/pesquisa-cobertura-reserva-2022-20260922/raw/ana-86510000-2022-05-01--2022-05-31.xml,1053
2022,2022-05-21T02:00:00-03:00,2022-05-21T01:45:00-03:00,2022-05-21 01:45:00,0.0,368.00,Dado aprovado,True,outputs/pesquisa-cobertura-reserva-2022-20260922/raw/ana-86510000-2022-05-01--2022-05-31.xml,1049
2022,2022-05-21T03:00:00-03:00,2022-05-21T02:45:00-03:00,2022-05-21 02:45:00,0.0,367.00,Dado aprovado,True,outputs/pesquisa-cobertura-reserva-2022-20260922/raw/ana-86510000-2022-05-01--2022-05-31.xml,1045
2022,2022-05-21T04:00:00-03:00,2022-05-21T03:45:00-03:00,2022-05-21 03:45:00,0.0,365.00,Dado aprovado,True,outputs/pesquisa-cobertura-reserva-2022-20260922/raw/ana-86510000-2022-05-01--2022-05-31.xml,1041
2022,2022-05-21T05:00:00-03:00,2022-05-21T04:45:00-03:00,2022-05-21 04:45:00,0.0,362.00,Dado aprovado,True,outputs/pesquisa-cobertura-reserva-2022-20260922/raw/ana-86510000-2022-05-01--2022-05-31.xml,1037
2022,2022-05-21T06:00:00-03:00,2022-05-21T05:45:00-03:00,2022-05-21 05:45:00,0.0,360.00,Dado aprovado,True,outputs/pesquisa-cobertura-reserva-2022-20260922/raw/ana-86510000-2022-05-01--2022-05-31.xml,1033
2022,2022-05-21T07:00:00-03:00,2022-05-21T06:45:00-03:00,2022-05-21 06:45:00,0.0,359.00,Dado aprovado,True,outputs/pesquisa-cobertura-reserva-2022-20260922/raw/ana-86510000-2022-05-01--2022-05-31.xml,1029
2022,2022-05-21T08:00:00-03:00,2022-05-21T07:45:00-03:00,2022-05-21 07:45:00,0.0,357.00,Dado aprovado,True,outputs/pesquisa-cobertura-reserva-2022-20260922/raw/ana-86510000-2022-05-01--2022-05-31.xml,1025
2022,2022-05-21T09:00:00-03:00,2022-05-21T08:45:00-03:00,2022-05-21 08:45:00,0.0,357.00,Dado aprovado,True,outputs/pesquisa-cobertura-reserva-2022-20260922/raw/ana-86510000-2022-05-01--2022-05-31.xml,1021
2022,2022-05-21T10:00:00-03:00,2022-05-21T09:45:00-03:00,2022-05-21 09:45:00,0.0,356.00,Dado aprovado,True,outputs/pesquisa-cobertura-reserva-2022-20260922/raw/ana-86510000-2022-05-01--2022-05-31.xml,1017
2022,2022-05-21T11:00:00-03:00,2022-05-21T10:45:00-03:00,2022-05-21 10:45:00,0.0,356.00,Dado aprovado,True,outputs/pesquisa-cobertura-reserva-2022-20260922/raw/ana-86510000-2022-05-01--2022-05-31.xml,1013
2022,2022-05-21T12:00:00-03:00,2022-05-21T11:45:00-03:00,2022-05-21 11:45:00,0.0,355.00,Dado aprovado,True,outputs/pesquisa-cobertura-reserva-2022-20260922/raw/ana-86510000-2022-05-01--2022-05-31.xml,1009
2022,2022-05-21T13:00:00-03:00,2022-05-21T12:45:00-03:00,2022-05-21 12:45:00,0.0,354.00,Dado aprovado,True,outputs/pesquisa-cobertura-reserva-2022-20260922/raw/ana-86510000-2022-05-01--2022-05-31.xml,1005
2022,2022-05-21T14:00:00-03:00,2022-05-21T13:45:00-03:00,2022-05-21 13:45:00,0.0,353.00,Dado aprovado,True,outputs/pesquisa-cobertura-reserva-2022-20260922/raw/ana-86510000-2022-05-01--2022-05-31.xml,1001
2022,2022-05-21T15:00:00-03:00,2022-05-21T14:45:00-03:00,2022-05-21 14:45:00,0.0,352.00,Dado aprovado,True,outputs/pesquisa-cobertura-reserva-2022-20260922/raw/ana-86510000-2022-05-01--2022-05-31.xml,997
2022,2022-05-21T16:00:00-03:00,2022-05-21T15:45:00-03:00,2022-05-21 15:45:00,0.0,348.00,Dado aprovado,True,outputs/pesquisa-cobertura-reserva-2022-20260922/raw/ana-86510000-2022-05-01--2022-05-31.xml,993
2022,2022-05-21T17:00:00-03:00,2022-05-21T16:45:00-03:00,2022-05-21 16:45:00,0.0,343.00,Dado aprovado,True,outputs/pesquisa-cobertura-reserva-2022-20260922/raw/ana-86510000-2022-05-01--2022-05-31.xml,989
2022,2022-05-21T18:00:00-03:00,2022-05-21T17:45:00-03:00,2022-05-21 17:45:00,0.0,337.00,Dado aprovado,True,outputs/pesquisa-cobertura-reserva-2022-20260922/raw/ana-86510000-2022-05-01--2022-05-31.xml,985
2022,2022-05-21T19:00:00-03:00,2022-05-21T18:45:00-03:00,2022-05-21 18:45:00,0.0,335.00,Dado aprovado,True,outputs/pesquisa-cobertura-reserva-2022-20260922/raw/ana-86510000-2022-05-01--2022-05-31.xml,981
2022,2022-05-21T20:00:00-03:00,2022-05-21T19:45:00-03:00,2022-05-21 19:45:00,0.0,334.00,Dado aprovado,True,outputs/pesquisa-cobertura-reserva-2022-20260922/raw/ana-86510000-2022-05-01--2022-05-31.xml,977
2022,2022-05-21T21:00:00-03:00,2022-05-21T20:45:00-03:00,2022-05-21 20:45:00,0.0,338.00,Dado aprovado,True,outputs/pesquisa-cobertura-reserva-2022-20260922/raw/ana-86510000-2022-05-01--2022-05-31.xml,973
2022,2022-05-21T22:00:00-03:00,2022-05-21T21:45:00-03:00,2022-05-21 21:45:00,0.0,342.00,Dado aprovado,True,outputs/pesquisa-cobertura-reserva-2022-20260922/raw/ana-86510000-2022-05-01--2022-05-31.xml,969
2022,2022-05-21T23:00:00-03:00,2022-05-21T22:45:00-03:00,2022-05-21 22:45:00,0.0,345.00,Dado aprovado,True,outputs/pesquisa-cobertura-reserva-2022-20260922/raw/ana-86510000-2022-05-01--2022-05-31.xml,965
2022,2022-05-22T00:00:00-03:00,2022-05-21T23:45:00-03:00,2022-05-21 23:45:00,0.0,345.00,Dado aprovado,True,outputs/pesquisa-cobertura-reserva-2022-20260922/raw/ana-86510000-2022-05-01--2022-05-31.xml,961
2022,2022-05-22T01:00:00-03:00,2022-05-22T00:45:00-03:00,2022-05-22 00:45:00,0.0,344.00,Dado aprovado,True,outputs/pesquisa-cobertura-reserva-2022-20260922/raw/ana-86510000-2022-05-01--2022-05-31.xml,957
2022,2022-05-22T02:00:00-03:00,2022-05-22T01:45:00-03:00,2022-05-22 01:45:00,0.0,341.00,Dado aprovado,True,outputs/pesquisa-cobertura-reserva-2022-20260922/raw/ana-86510000-2022-05-01--2022-05-31.xml,953
2022,2022-05-22T03:00:00-03:00,2022-05-22T02:45:00-03:00,2022-05-22 02:45:00,0.0,339.00,Dado aprovado,True,outputs/pesquisa-cobertura-reserva-2022-20260922/raw/ana-86510000-2022-05-01--2022-05-31.xml,949
2022,2022-05-22T04:00:00-03:00,2022-05-22T03:45:00-03:00,2022-05-22 03:45:00,0.0,337.00,Dado aprovado,True,outputs/pesquisa-cobertura-reserva-2022-20260922/raw/ana-86510000-2022-05-01--2022-05-31.xml,945
2022,2022-05-22T05:00:00-03:00,2022-05-22T04:45:00-03:00,2022-05-22 04:45:00,0.0,334.00,Dado aprovado,True,outputs/pesquisa-cobertura-reserva-2022-20260922/raw/ana-86510000-2022-05-01--2022-05-31.xml,941
2022,2022-05-22T06:00:00-03:00,2022-05-22T05:45:00-03:00,2022-05-22 05:45:00,0.0,334.00,Dado aprovado,True,outputs/pesquisa-cobertura-reserva-2022-20260922/raw/ana-86510000-2022-05-01--2022-05-31.xml,937
2022,2022-05-22T07:00:00-03:00,2022-05-22T06:45:00-03:00,2022-05-22 06:45:00,0.0,331.00,Dado aprovado,True,outputs/pesquisa-cobertura-reserva-2022-20260922/raw/ana-86510000-2022-05-01--2022-05-31.xml,933
2022,2022-05-22T08:00:00-03:00,2022-05-22T07:45:00-03:00,2022-05-22 07:45:00,0.0,329.00,Dado aprovado,True,outputs/pesquisa-cobertura-reserva-2022-20260922/raw/ana-86510000-2022-05-01--2022-05-31.xml,929
2022,2022-05-22T09:00:00-03:00,2022-05-22T08:45:00-03:00,2022-05-22 08:45:00,0.0,327.00,Dado aprovado,True,outputs/pesquisa-cobertura-reserva-2022-20260922/raw/ana-86510000-2022-05-01--2022-05-31.xml,925
2022,2022-05-22T10:00:00-03:00,2022-05-22T09:45:00-03:00,2022-05-22 09:45:00,0.0,326.00,Dado aprovado,True,outputs/pesquisa-cobertura-reserva-2022-20260922/raw/ana-86510000-2022-05-01--2022-05-31.xml,921
2022,2022-05-22T11:00:00-03:00,2022-05-22T10:45:00-03:00,2022-05-22 10:45:00,0.0,325.00,Dado aprovado,True,outputs/pesquisa-cobertura-reserva-2022-20260922/raw/ana-86510000-2022-05-01--2022-05-31.xml,917
2022,2022-05-22T12:00:00-03:00,2022-05-22T11:45:00-03:00,2022-05-22 11:45:00,0.0,324.00,Dado aprovado,True,outputs/pesquisa-cobertura-reserva-2022-20260922/raw/ana-86510000-2022-05-01--2022-05-31.xml,913
2022,2022-05-22T13:00:00-03:00,2022-05-22T12:45:00-03:00,2022-05-22 12:45:00,0.0,322.00,Dado aprovado,True,outputs/pesquisa-cobertura-reserva-2022-20260922/raw/ana-86510000-2022-05-01--2022-05-31.xml,909
2022,2022-05-22T14:00:00-03:00,2022-05-22T13:45:00-03:00,2022-05-22 13:45:00,0.0,321.00,Dado aprovado,True,outputs/pesquisa-cobertura-reserva-2022-20260922/raw/ana-86510000-2022-05-01--2022-05-31.xml,905
2022,2022-05-22T15:00:00-03:00,2022-05-22T14:45:00-03:00,2022-05-22 14:45:00,0.0,320.00,Dado aprovado,True,outputs/pesquisa-cobertura-reserva-2022-20260922/raw/ana-86510000-2022-05-01--2022-05-31.xml,901
2022,2022-05-22T16:00:00-03:00,2022-05-22T15:45:00-03:00,2022-05-22 15:45:00,0.0,319.00,Dado aprovado,True,outputs/pesquisa-cobertura-reserva-2022-20260922/raw/ana-86510000-2022-05-01--2022-05-31.xml,897
2022,2022-05-22T17:00:00-03:00,2022-05-22T16:45:00-03:00,2022-05-22 16:45:00,0.0,318.00,Dado aprovado,True,outputs/pesquisa-cobertura-reserva-2022-20260922/raw/ana-86510000-2022-05-01--2022-05-31.xml,893
2022,2022-05-22T18:00:00-03:00,2022-05-22T17:45:00-03:00,2022-05-22 17:45:00,0.0,316.00,Dado aprovado,True,outputs/pesquisa-cobertura-reserva-2022-20260922/raw/ana-86510000-2022-05-01--2022-05-31.xml,889
2022,2022-05-22T19:00:00-03:00,2022-05-22T18:45:00-03:00,2022-05-22 18:45:00,0.0,315.00,Dado aprovado,True,outputs/pesquisa-cobertura-reserva-2022-20260922/raw/ana-86510000-2022-05-01--2022-05-31.xml,885
2022,2022-05-22T20:00:00-03:00,2022-05-22T19:45:00-03:00,2022-05-22 19:45:00,0.0,314.00,Dado aprovado,True,outputs/pesquisa-cobertura-reserva-2022-20260922/raw/ana-86510000-2022-05-01--2022-05-31.xml,881
2022,2022-05-22T21:00:00-03:00,2022-05-22T20:45:00-03:00,2022-05-22 20:45:00,0.0,313.00,Dado aprovado,True,outputs/pesquisa-cobertura-reserva-2022-20260922/raw/ana-86510000-2022-05-01--2022-05-31.xml,877
2022,2022-05-22T22:00:00-03:00,2022-05-22T21:45:00-03:00,2022-05-22 21:45:00,0.0,312.00,Dado aprovado,True,outputs/pesquisa-cobertura-reserva-2022-20260922/raw/ana-86510000-2022-05-01--2022-05-31.xml,873
2022,2022-05-22T23:00:00-03:00,2022-05-22T22:45:00-03:00,2022-05-22 22:45:00,0.0,311.00,Dado aprovado,True,outputs/pesquisa-cobertura-reserva-2022-20260922/raw/ana-86510000-2022-05-01--2022-05-31.xml,869
2022,2022-05-23T00:00:00-03:00,2022-05-22T23:45:00-03:00,2022-05-22 23:45:00,0.0,310.00,Dado aprovado,True,outputs/pesquisa-cobertura-reserva-2022-20260922/raw/ana-86510000-2022-05-01--2022-05-31.xml,865
2022,2022-05-23T01:00:00-03:00,2022-05-23T00:45:00-03:00,2022-05-23 00:45:00,0.0,309.00,Dado aprovado,True,outputs/pesquisa-cobertura-reserva-2022-20260922/raw/ana-86510000-2022-05-01--2022-05-31.xml,861
2022,2022-05-23T02:00:00-03:00,2022-05-23T01:45:00-03:00,2022-05-23 01:45:00,0.0,308.00,Dado aprovado,True,outputs/pesquisa-cobertura-reserva-2022-20260922/raw/ana-86510000-2022-05-01--2022-05-31.xml,857
2022,2022-05-23T03:00:00-03:00,2022-05-23T02:45:00-03:00,2022-05-23 02:45:00,0.0,307.00,Dado aprovado,True,outputs/pesquisa-cobertura-reserva-2022-20260922/raw/ana-86510000-2022-05-01--2022-05-31.xml,853
2022,2022-05-23T04:00:00-03:00,2022-05-23T03:45:00-03:00,2022-05-23 03:45:00,0.0,306.00,Dado aprovado,True,outputs/pesquisa-cobertura-reserva-2022-20260922/raw/ana-86510000-2022-05-01--2022-05-31.xml,849
2022,2022-05-23T05:00:00-03:00,2022-05-23T04:45:00-03:00,2022-05-23 04:45:00,0.0,305.00,Dado aprovado,True,outputs/pesquisa-cobertura-reserva-2022-20260922/raw/ana-86510000-2022-05-01--2022-05-31.xml,845
2022,2022-05-23T06:00:00-03:00,2022-05-23T05:45:00-03:00,2022-05-23 05:45:00,0.0,304.00,Dado aprovado,True,outputs/pesquisa-cobertura-reserva-2022-20260922/raw/ana-86510000-2022-05-01--2022-05-31.xml,841
2022,2022-05-23T07:00:00-03:00,2022-05-23T06:45:00-03:00,2022-05-23 06:45:00,0.0,304.00,Dado aprovado,True,outputs/pesquisa-cobertura-reserva-2022-20260922/raw/ana-86510000-2022-05-01--2022-05-31.xml,837
2022,2022-05-23T08:00:00-03:00,2022-05-23T07:45:00-03:00,2022-05-23 07:45:00,0.0,303.00,Dado aprovado,True,outputs/pesquisa-cobertura-reserva-2022-20260922/raw/ana-86510000-2022-05-01--2022-05-31.xml,833
2022,2022-05-23T09:00:00-03:00,2022-05-23T08:45:00-03:00,2022-05-23 08:45:00,0.0,302.00,Dado aprovado,True,outputs/pesquisa-cobertura-reserva-2022-20260922/raw/ana-86510000-2022-05-01--2022-05-31.xml,829
2022,2022-05-23T10:00:00-03:00,2022-05-23T09:45:00-03:00,2022-05-23 09:45:00,0.0,302.00,Dado aprovado,True,outputs/pesquisa-cobertura-reserva-2022-20260922/raw/ana-86510000-2022-05-01--2022-05-31.xml,825
2022,2022-05-23T11:00:00-03:00,2022-05-23T10:45:00-03:00,2022-05-23 10:45:00,0.0,301.00,Dado aprovado,True,outputs/pesquisa-cobertura-reserva-2022-20260922/raw/ana-86510000-2022-05-01--2022-05-31.xml,821
2022,2022-05-23T12:00:00-03:00,2022-05-23T11:45:00-03:00,2022-05-23 11:45:00,0.0,300.00,Dado aprovado,True,outputs/pesquisa-cobertura-reserva-2022-20260922/raw/ana-86510000-2022-05-01--2022-05-31.xml,817
2022,2022-05-23T13:00:00-03:00,2022-05-23T12:45:00-03:00,2022-05-23 12:45:00,0.0,,,False,outputs/pesquisa-cobertura-reserva-2022-20260922/raw/ana-86510000-2022-05-01--2022-05-31.xml,813
2022,2022-05-23T14:00:00-03:00,2022-05-23T13:45:00-03:00,2022-05-23 13:45:00,0.0,300.00,Dado aprovado,True,outputs/pesquisa-cobertura-reserva-2022-20260922/raw/ana-86510000-2022-05-01--2022-05-31.xml,809
2022,2022-05-23T15:00:00-03:00,2022-05-23T14:45:00-03:00,2022-05-23 14:45:00,0.0,300.00,Dado aprovado,True,outputs/pesquisa-cobertura-reserva-2022-20260922/raw/ana-86510000-2022-05-01--2022-05-31.xml,805
2022,2022-05-23T16:00:00-03:00,2022-05-23T15:45:00-03:00,2022-05-23 15:45:00,0.0,299.00,Dado aprovado,True,outputs/pesquisa-cobertura-reserva-2022-20260922/raw/ana-86510000-2022-05-01--2022-05-31.xml,801
2022,2022-05-23T17:00:00-03:00,2022-05-23T16:45:00-03:00,2022-05-23 16:45:00,0.0,298.00,Dado aprovado,True,outputs/pesquisa-cobertura-reserva-2022-20260922/raw/ana-86510000-2022-05-01--2022-05-31.xml,797
2022,2022-05-23T18:00:00-03:00,2022-05-23T17:45:00-03:00,2022-05-23 17:45:00,0.0,297.00,Dado aprovado,True,outputs/pesquisa-cobertura-reserva-2022-20260922/raw/ana-86510000-2022-05-01--2022-05-31.xml,793
2022,2022-05-23T19:00:00-03:00,2022-05-23T18:45:00-03:00,2022-05-23 18:45:00,0.0,296.00,Dado aprovado,True,outputs/pesquisa-cobertura-reserva-2022-20260922/raw/ana-86510000-2022-05-01--2022-05-31.xml,789
2022,2022-05-23T20:00:00-03:00,2022-05-23T19:45:00-03:00,2022-05-23 19:45:00,0.0,295.00,Dado aprovado,True,outputs/pesquisa-cobertura-reserva-2022-20260922/raw/ana-86510000-2022-05-01--2022-05-31.xml,785
2022,2022-05-23T21:00:00-03:00,2022-05-23T20:45:00-03:00,2022-05-23 20:45:00,0.0,295.00,Dado aprovado,True,outputs/pesquisa-cobertura-reserva-2022-20260922/raw/ana-86510000-2022-05-01--2022-05-31.xml,781
2022,2022-05-23T22:00:00-03:00,2022-05-23T21:45:00-03:00,2022-05-23 21:45:00,0.0,294.00,Dado aprovado,True,outputs/pesquisa-cobertura-reserva-2022-20260922/raw/ana-86510000-2022-05-01--2022-05-31.xml,777
2022,2022-05-23T23:00:00-03:00,2022-05-23T22:45:00-03:00,2022-05-23 22:45:00,0.0,294.00,Dado aprovado,True,outputs/pesquisa-cobertura-reserva-2022-20260922/raw/ana-86510000-2022-05-01--2022-05-31.xml,773
2022,2022-05-24T00:00:00-03:00,2022-05-23T23:45:00-03:00,2022-05-23 23:45:00,0.0,294.00,Dado aprovado,True,outputs/pesquisa-cobertura-reserva-2022-20260922/raw/ana-86510000-2022-05-01--2022-05-31.xml,769
2022,2022-05-24T01:00:00-03:00,2022-05-24T00:45:00-03:00,2022-05-24 00:45:00,0.0,295.00,Dado aprovado,True,outputs/pesquisa-cobertura-reserva-2022-20260922/raw/ana-86510000-2022-05-01--2022-05-31.xml,765
2022,2022-05-24T02:00:00-03:00,2022-05-24T01:45:00-03:00,2022-05-24 01:45:00,0.0,296.00,Dado aprovado,True,outputs/pesquisa-cobertura-reserva-2022-20260922/raw/ana-86510000-2022-05-01--2022-05-31.xml,761
2022,2022-05-24T03:00:00-03:00,2022-05-24T02:45:00-03:00,2022-05-24 02:45:00,0.0,297.00,Dado aprovado,True,outputs/pesquisa-cobertura-reserva-2022-20260922/raw/ana-86510000-2022-05-01--2022-05-31.xml,757
2022,2022-05-24T04:00:00-03:00,2022-05-24T03:45:00-03:00,2022-05-24 03:45:00,0.0,299.00,Dado aprovado,True,outputs/pesquisa-cobertura-reserva-2022-20260922/raw/ana-86510000-2022-05-01--2022-05-31.xml,753
2022,2022-05-24T05:00:00-03:00,2022-05-24T04:45:00-03:00,2022-05-24 04:45:00,0.0,298.00,Dado aprovado,True,outputs/pesquisa-cobertura-reserva-2022-20260922/raw/ana-86510000-2022-05-01--2022-05-31.xml,749
2022,2022-05-24T06:00:00-03:00,2022-05-24T05:45:00-03:00,2022-05-24 05:45:00,0.0,291.00,Dado aprovado,True,outputs/pesquisa-cobertura-reserva-2022-20260922/raw/ana-86510000-2022-05-01--2022-05-31.xml,745
2022,2022-05-24T07:00:00-03:00,2022-05-24T06:45:00-03:00,2022-05-24 06:45:00,0.0,278.00,Dado aprovado,True,outputs/pesquisa-cobertura-reserva-2022-20260922/raw/ana-86510000-2022-05-01--2022-05-31.xml,741
2022,2022-05-24T08:00:00-03:00,2022-05-24T07:45:00-03:00,2022-05-24 07:45:00,0.0,263.00,Dado aprovado,True,outputs/pesquisa-cobertura-reserva-2022-20260922/raw/ana-86510000-2022-05-01--2022-05-31.xml,737
2022,2022-05-24T09:00:00-03:00,2022-05-24T08:45:00-03:00,2022-05-24 08:45:00,0.0,248.00,Dado aprovado,True,outputs/pesquisa-cobertura-reserva-2022-20260922/raw/ana-86510000-2022-05-01--2022-05-31.xml,733
2022,2022-05-24T10:00:00-03:00,2022-05-24T09:45:00-03:00,2022-05-24 09:45:00,0.0,237.00,Dado aprovado,True,outputs/pesquisa-cobertura-reserva-2022-20260922/raw/ana-86510000-2022-05-01--2022-05-31.xml,729
2022,2022-05-24T11:00:00-03:00,2022-05-24T10:45:00-03:00,2022-05-24 10:45:00,0.0,229.00,Dado aprovado,True,outputs/pesquisa-cobertura-reserva-2022-20260922/raw/ana-86510000-2022-05-01--2022-05-31.xml,725
2022,2022-05-24T12:00:00-03:00,2022-05-24T11:45:00-03:00,2022-05-24 11:45:00,0.0,226.00,Dado aprovado,True,outputs/pesquisa-cobertura-reserva-2022-20260922/raw/ana-86510000-2022-05-01--2022-05-31.xml,721
2022,2022-05-24T13:00:00-03:00,2022-05-24T12:45:00-03:00,2022-05-24 12:45:00,0.0,228.00,Dado aprovado,True,outputs/pesquisa-cobertura-reserva-2022-20260922/raw/ana-86510000-2022-05-01--2022-05-31.xml,717
2022,2022-05-24T14:00:00-03:00,2022-05-24T13:45:00-03:00,2022-05-24 13:45:00,0.0,238.00,Dado aprovado,True,outputs/pesquisa-cobertura-reserva-2022-20260922/raw/ana-86510000-2022-05-01--2022-05-31.xml,713
2022,2022-05-24T15:00:00-03:00,2022-05-24T14:45:00-03:00,2022-05-24 14:45:00,0.0,248.00,Dado aprovado,True,outputs/pesquisa-cobertura-reserva-2022-20260922/raw/ana-86510000-2022-05-01--2022-05-31.xml,709
2022,2022-05-24T16:00:00-03:00,2022-05-24T15:45:00-03:00,2022-05-24 15:45:00,0.0,254.00,Dado aprovado,True,outputs/pesquisa-cobertura-reserva-2022-20260922/raw/ana-86510000-2022-05-01--2022-05-31.xml,705
2022,2022-05-24T17:00:00-03:00,2022-05-24T16:45:00-03:00,2022-05-24 16:45:00,0.0,257.00,Dado aprovado,True,outputs/pesquisa-cobertura-reserva-2022-20260922/raw/ana-86510000-2022-05-01--2022-05-31.xml,701
2022,2022-05-24T18:00:00-03:00,2022-05-24T17:45:00-03:00,2022-05-24 17:45:00,0.0,258.00,Dado aprovado,True,outputs/pesquisa-cobertura-reserva-2022-20260922/raw/ana-86510000-2022-05-01--2022-05-31.xml,697
2022,2022-05-24T19:00:00-03:00,2022-05-24T18:45:00-03:00,2022-05-24 18:45:00,0.0,257.00,Dado aprovado,True,outputs/pesquisa-cobertura-reserva-2022-20260922/raw/ana-86510000-2022-05-01--2022-05-31.xml,693
2022,2022-05-24T20:00:00-03:00,2022-05-24T19:45:00-03:00,2022-05-24 19:45:00,0.0,256.00,Dado aprovado,True,outputs/pesquisa-cobertura-reserva-2022-20260922/raw/ana-86510000-2022-05-01--2022-05-31.xml,689
2022,2022-05-24T21:00:00-03:00,2022-05-24T20:45:00-03:00,2022-05-24 20:45:00,0.0,259.00,Dado aprovado,True,outputs/pesquisa-cobertura-reserva-2022-20260922/raw/ana-86510000-2022-05-01--2022-05-31.xml,685
2022,2022-05-24T22:00:00-03:00,2022-05-24T21:45:00-03:00,2022-05-24 21:45:00,0.0,268.00,Dado aprovado,True,outputs/pesquisa-cobertura-reserva-2022-20260922/raw/ana-86510000-2022-05-01--2022-05-31.xml,681
2022,2022-05-24T23:00:00-03:00,2022-05-24T22:45:00-03:00,2022-05-24 22:45:00,0.0,278.00,Dado aprovado,True,outputs/pesquisa-cobertura-reserva-2022-20260922/raw/ana-86510000-2022-05-01--2022-05-31.xml,677
2022,2022-05-25T00:00:00-03:00,2022-05-24T23:45:00-03:00,2022-05-24 23:45:00,0.0,285.00,Dado aprovado,True,outputs/pesquisa-cobertura-reserva-2022-20260922/raw/ana-86510000-2022-05-01--2022-05-31.xml,673
2022,2022-05-25T01:00:00-03:00,2022-05-25T00:45:00-03:00,2022-05-25 00:45:00,0.0,288.00,Dado aprovado,True,outputs/pesquisa-cobertura-reserva-2022-20260922/raw/ana-86510000-2022-05-01--2022-05-31.xml,669
2022,2022-05-25T02:00:00-03:00,2022-05-25T01:45:00-03:00,2022-05-25 01:45:00,0.0,290.00,Dado aprovado,True,outputs/pesquisa-cobertura-reserva-2022-20260922/raw/ana-86510000-2022-05-01--2022-05-31.xml,665
2022,2022-05-25T03:00:00-03:00,2022-05-25T02:45:00-03:00,2022-05-25 02:45:00,0.0,290.00,Dado aprovado,True,outputs/pesquisa-cobertura-reserva-2022-20260922/raw/ana-86510000-2022-05-01--2022-05-31.xml,661
2022,2022-05-25T04:00:00-03:00,2022-05-25T03:45:00-03:00,2022-05-25 03:45:00,0.0,290.00,Dado aprovado,True,outputs/pesquisa-cobertura-reserva-2022-20260922/raw/ana-86510000-2022-05-01--2022-05-31.xml,657
2022,2022-05-25T05:00:00-03:00,2022-05-25T04:45:00-03:00,2022-05-25 04:45:00,0.0,288.00,Dado aprovado,True,outputs/pesquisa-cobertura-reserva-2022-20260922/raw/ana-86510000-2022-05-01--2022-05-31.xml,653
2022,2022-05-25T06:00:00-03:00,2022-05-25T05:45:00-03:00,2022-05-25 05:45:00,0.0,281.00,Dado aprovado,True,outputs/pesquisa-cobertura-reserva-2022-20260922/raw/ana-86510000-2022-05-01--2022-05-31.xml,649
2022,2022-05-25T07:00:00-03:00,2022-05-25T06:45:00-03:00,2022-05-25 06:45:00,0.0,270.00,Dado aprovado,True,outputs/pesquisa-cobertura-reserva-2022-20260922/raw/ana-86510000-2022-05-01--2022-05-31.xml,645
2022,2022-05-25T08:00:00-03:00,2022-05-25T07:45:00-03:00,2022-05-25 07:45:00,0.0,257.00,Dado aprovado,True,outputs/pesquisa-cobertura-reserva-2022-20260922/raw/ana-86510000-2022-05-01--2022-05-31.xml,641
2022,2022-05-25T09:00:00-03:00,2022-05-25T08:45:00-03:00,2022-05-25 08:45:00,0.0,246.00,Dado aprovado,True,outputs/pesquisa-cobertura-reserva-2022-20260922/raw/ana-86510000-2022-05-01--2022-05-31.xml,637
2022,2022-05-25T10:00:00-03:00,2022-05-25T09:45:00-03:00,2022-05-25 09:45:00,0.0,238.00,Dado aprovado,True,outputs/pesquisa-cobertura-reserva-2022-20260922/raw/ana-86510000-2022-05-01--2022-05-31.xml,633
2022,2022-05-25T11:00:00-03:00,2022-05-25T10:45:00-03:00,2022-05-25 10:45:00,0.0,233.00,Dado aprovado,True,outputs/pesquisa-cobertura-reserva-2022-20260922/raw/ana-86510000-2022-05-01--2022-05-31.xml,629
2022,2022-05-25T12:00:00-03:00,2022-05-25T11:45:00-03:00,2022-05-25 11:45:00,0.0,230.00,Dado aprovado,True,outputs/pesquisa-cobertura-reserva-2022-20260922/raw/ana-86510000-2022-05-01--2022-05-31.xml,625
2022,2022-05-25T13:00:00-03:00,2022-05-25T12:45:00-03:00,2022-05-25 12:45:00,0.0,229.00,Dado aprovado,True,outputs/pesquisa-cobertura-reserva-2022-20260922/raw/ana-86510000-2022-05-01--2022-05-31.xml,621
2022,2022-05-25T14:00:00-03:00,2022-05-25T13:45:00-03:00,2022-05-25 13:45:00,0.0,228.00,Dado aprovado,True,outputs/pesquisa-cobertura-reserva-2022-20260922/raw/ana-86510000-2022-05-01--2022-05-31.xml,617
2022,2022-05-25T15:00:00-03:00,2022-05-25T14:45:00-03:00,2022-05-25 14:45:00,0.0,229.00,Dado aprovado,True,outputs/pesquisa-cobertura-reserva-2022-20260922/raw/ana-86510000-2022-05-01--2022-05-31.xml,613
2022,2022-05-25T16:00:00-03:00,2022-05-25T15:45:00-03:00,2022-05-25 15:45:00,0.0,234.00,Dado aprovado,True,outputs/pesquisa-cobertura-reserva-2022-20260922/raw/ana-86510000-2022-05-01--2022-05-31.xml,609
2022,2022-05-25T17:00:00-03:00,2022-05-25T16:45:00-03:00,2022-05-25 16:45:00,0.0,249.00,Dado aprovado,True,outputs/pesquisa-cobertura-reserva-2022-20260922/raw/ana-86510000-2022-05-01--2022-05-31.xml,605
2022,2022-05-25T18:00:00-03:00,2022-05-25T17:45:00-03:00,2022-05-25 17:45:00,0.0,266.00,Dado aprovado,True,outputs/pesquisa-cobertura-reserva-2022-20260922/raw/ana-86510000-2022-05-01--2022-05-31.xml,601
2022,2022-05-25T19:00:00-03:00,2022-05-25T18:45:00-03:00,2022-05-25 18:45:00,0.0,279.00,Dado aprovado,True,outputs/pesquisa-cobertura-reserva-2022-20260922/raw/ana-86510000-2022-05-01--2022-05-31.xml,597
2022,2022-05-25T20:00:00-03:00,2022-05-25T19:45:00-03:00,2022-05-25 19:45:00,0.0,,,False,outputs/pesquisa-cobertura-reserva-2022-20260922/raw/ana-86510000-2022-05-01--2022-05-31.xml,593
2022,2022-05-25T21:00:00-03:00,2022-05-25T20:45:00-03:00,2022-05-25 20:45:00,0.0,286.00,Dado aprovado,True,outputs/pesquisa-cobertura-reserva-2022-20260922/raw/ana-86510000-2022-05-01--2022-05-31.xml,589
2022,2022-05-25T22:00:00-03:00,2022-05-25T21:45:00-03:00,2022-05-25 21:45:00,0.0,285.00,Dado aprovado,True,outputs/pesquisa-cobertura-reserva-2022-20260922/raw/ana-86510000-2022-05-01--2022-05-31.xml,585
2022,2022-05-25T23:00:00-03:00,2022-05-25T22:45:00-03:00,2022-05-25 22:45:00,0.0,282.00,Dado aprovado,True,outputs/pesquisa-cobertura-reserva-2022-20260922/raw/ana-86510000-2022-05-01--2022-05-31.xml,581
2022,2022-05-26T00:00:00-03:00,2022-05-25T23:45:00-03:00,2022-05-25 23:45:00,0.0,279.00,Dado aprovado,True,outputs/pesquisa-cobertura-reserva-2022-20260922/raw/ana-86510000-2022-05-01--2022-05-31.xml,577
2022,2022-05-26T01:00:00-03:00,2022-05-26T00:45:00-03:00,2022-05-26 00:45:00,0.0,277.00,Dado aprovado,True,outputs/pesquisa-cobertura-reserva-2022-20260922/raw/ana-86510000-2022-05-01--2022-05-31.xml,573
2022,2022-05-26T02:00:00-03:00,2022-05-26T01:45:00-03:00,2022-05-26 01:45:00,0.0,277.00,Dado aprovado,True,outputs/pesquisa-cobertura-reserva-2022-20260922/raw/ana-86510000-2022-05-01--2022-05-31.xml,569
2022,2022-05-26T03:00:00-03:00,2022-05-26T02:45:00-03:00,2022-05-26 02:45:00,0.0,278.00,Dado aprovado,True,outputs/pesquisa-cobertura-reserva-2022-20260922/raw/ana-86510000-2022-05-01--2022-05-31.xml,565
2022,2022-05-26T04:00:00-03:00,2022-05-26T03:45:00-03:00,2022-05-26 03:45:00,0.0,279.00,Dado aprovado,True,outputs/pesquisa-cobertura-reserva-2022-20260922/raw/ana-86510000-2022-05-01--2022-05-31.xml,561
2022,2022-05-26T05:00:00-03:00,2022-05-26T04:45:00-03:00,2022-05-26 04:45:00,0.0,278.00,Dado aprovado,True,outputs/pesquisa-cobertura-reserva-2022-20260922/raw/ana-86510000-2022-05-01--2022-05-31.xml,557
2022,2022-05-26T06:00:00-03:00,2022-05-26T05:45:00-03:00,2022-05-26 05:45:00,0.0,273.00,Dado aprovado,True,outputs/pesquisa-cobertura-reserva-2022-20260922/raw/ana-86510000-2022-05-01--2022-05-31.xml,553
2022,2022-05-26T07:00:00-03:00,2022-05-26T06:45:00-03:00,2022-05-26 06:45:00,0.0,262.00,Dado aprovado,True,outputs/pesquisa-cobertura-reserva-2022-20260922/raw/ana-86510000-2022-05-01--2022-05-31.xml,549
2022,2022-05-26T08:00:00-03:00,2022-05-26T07:45:00-03:00,2022-05-26 07:45:00,0.0,249.00,Dado aprovado,True,outputs/pesquisa-cobertura-reserva-2022-20260922/raw/ana-86510000-2022-05-01--2022-05-31.xml,545
2022,2022-05-26T09:00:00-03:00,2022-05-26T08:45:00-03:00,2022-05-26 08:45:00,0.0,234.00,Dado aprovado,True,outputs/pesquisa-cobertura-reserva-2022-20260922/raw/ana-86510000-2022-05-01--2022-05-31.xml,541
2022,2022-05-26T10:00:00-03:00,2022-05-26T09:45:00-03:00,2022-05-26 09:45:00,0.0,222.00,Dado aprovado,True,outputs/pesquisa-cobertura-reserva-2022-20260922/raw/ana-86510000-2022-05-01--2022-05-31.xml,537
2022,2022-05-26T11:00:00-03:00,2022-05-26T10:45:00-03:00,2022-05-26 10:45:00,0.0,212.00,Dado aprovado,True,outputs/pesquisa-cobertura-reserva-2022-20260922/raw/ana-86510000-2022-05-01--2022-05-31.xml,533
2022,2022-05-26T12:00:00-03:00,2022-05-26T11:45:00-03:00,2022-05-26 11:45:00,0.0,205.00,Dado aprovado,True,outputs/pesquisa-cobertura-reserva-2022-20260922/raw/ana-86510000-2022-05-01--2022-05-31.xml,529
2022,2022-05-26T13:00:00-03:00,2022-05-26T12:45:00-03:00,2022-05-26 12:45:00,0.0,203.00,Dado aprovado,True,outputs/pesquisa-cobertura-reserva-2022-20260922/raw/ana-86510000-2022-05-01--2022-05-31.xml,525
2022,2022-05-26T14:00:00-03:00,2022-05-26T13:45:00-03:00,2022-05-26 13:45:00,0.0,207.00,Dado aprovado,True,outputs/pesquisa-cobertura-reserva-2022-20260922/raw/ana-86510000-2022-05-01--2022-05-31.xml,521
2022,2022-05-26T15:00:00-03:00,2022-05-26T14:45:00-03:00,2022-05-26 14:45:00,0.0,224.00,Dado aprovado,True,outputs/pesquisa-cobertura-reserva-2022-20260922/raw/ana-86510000-2022-05-01--2022-05-31.xml,517
2022,2022-05-26T16:00:00-03:00,2022-05-26T15:45:00-03:00,2022-05-26 15:45:00,0.0,246.00,Dado aprovado,True,outputs/pesquisa-cobertura-reserva-2022-20260922/raw/ana-86510000-2022-05-01--2022-05-31.xml,513
2022,2022-05-26T17:00:00-03:00,2022-05-26T16:45:00-03:00,2022-05-26 16:45:00,0.0,259.00,Dado aprovado,True,outputs/pesquisa-cobertura-reserva-2022-20260922/raw/ana-86510000-2022-05-01--2022-05-31.xml,509
2022,2022-05-26T18:00:00-03:00,2022-05-26T17:45:00-03:00,2022-05-26 17:45:00,0.0,265.00,Dado aprovado,True,outputs/pesquisa-cobertura-reserva-2022-20260922/raw/ana-86510000-2022-05-01--2022-05-31.xml,505
2022,2022-05-26T19:00:00-03:00,2022-05-26T18:45:00-03:00,2022-05-26 18:45:00,0.0,268.00,Dado aprovado,True,outputs/pesquisa-cobertura-reserva-2022-20260922/raw/ana-86510000-2022-05-01--2022-05-31.xml,501
2022,2022-05-26T20:00:00-03:00,2022-05-26T19:45:00-03:00,2022-05-26 19:45:00,0.0,268.00,Dado aprovado,True,outputs/pesquisa-cobertura-reserva-2022-20260922/raw/ana-86510000-2022-05-01--2022-05-31.xml,497
2022,2022-05-26T21:00:00-03:00,2022-05-26T20:45:00-03:00,2022-05-26 20:45:00,0.0,269.00,Dado aprovado,True,outputs/pesquisa-cobertura-reserva-2022-20260922/raw/ana-86510000-2022-05-01--2022-05-31.xml,493
2022,2022-05-26T22:00:00-03:00,2022-05-26T21:45:00-03:00,2022-05-26 21:45:00,0.0,270.00,Dado aprovado,True,outputs/pesquisa-cobertura-reserva-2022-20260922/raw/ana-86510000-2022-05-01--2022-05-31.xml,489
2022,2022-05-26T23:00:00-03:00,2022-05-26T22:45:00-03:00,2022-05-26 22:45:00,0.0,272.00,Dado aprovado,True,outputs/pesquisa-cobertura-reserva-2022-20260922/raw/ana-86510000-2022-05-01--2022-05-31.xml,485
2022,2022-05-27T00:00:00-03:00,2022-05-26T23:45:00-03:00,2022-05-26 23:45:00,0.0,275.00,Dado aprovado,True,outputs/pesquisa-cobertura-reserva-2022-20260922/raw/ana-86510000-2022-05-01--2022-05-31.xml,481
2022,2022-05-27T01:00:00-03:00,2022-05-27T00:45:00-03:00,2022-05-27 00:45:00,0.0,278.00,Dado aprovado,True,outputs/pesquisa-cobertura-reserva-2022-20260922/raw/ana-86510000-2022-05-01--2022-05-31.xml,477
2022,2022-05-27T02:00:00-03:00,2022-05-27T01:45:00-03:00,2022-05-27 01:45:00,0.0,279.00,Dado aprovado,True,outputs/pesquisa-cobertura-reserva-2022-20260922/raw/ana-86510000-2022-05-01--2022-05-31.xml,473
2022,2022-05-27T03:00:00-03:00,2022-05-27T02:45:00-03:00,2022-05-27 02:45:00,0.0,281.00,Dado aprovado,True,outputs/pesquisa-cobertura-reserva-2022-20260922/raw/ana-86510000-2022-05-01--2022-05-31.xml,469
2022,2022-05-27T04:00:00-03:00,2022-05-27T03:45:00-03:00,2022-05-27 03:45:00,0.0,282.00,Dado aprovado,True,outputs/pesquisa-cobertura-reserva-2022-20260922/raw/ana-86510000-2022-05-01--2022-05-31.xml,465
2022,2022-05-27T05:00:00-03:00,2022-05-27T04:45:00-03:00,2022-05-27 04:45:00,0.0,282.00,Dado aprovado,True,outputs/pesquisa-cobertura-reserva-2022-20260922/raw/ana-86510000-2022-05-01--2022-05-31.xml,461
2022,2022-05-27T06:00:00-03:00,2022-05-27T05:45:00-03:00,2022-05-27 05:45:00,0.0,278.00,Dado aprovado,True,outputs/pesquisa-cobertura-reserva-2022-20260922/raw/ana-86510000-2022-05-01--2022-05-31.xml,457
2022,2022-05-27T07:00:00-03:00,2022-05-27T06:45:00-03:00,2022-05-27 06:45:00,0.0,269.00,Dado aprovado,True,outputs/pesquisa-cobertura-reserva-2022-20260922/raw/ana-86510000-2022-05-01--2022-05-31.xml,453
2022,2022-05-27T08:00:00-03:00,2022-05-27T07:45:00-03:00,2022-05-27 07:45:00,0.0,256.00,Dado aprovado,True,outputs/pesquisa-cobertura-reserva-2022-20260922/raw/ana-86510000-2022-05-01--2022-05-31.xml,449
2022,2022-05-27T09:00:00-03:00,2022-05-27T08:45:00-03:00,2022-05-27 08:45:00,0.0,243.00,Dado aprovado,True,outputs/pesquisa-cobertura-reserva-2022-20260922/raw/ana-86510000-2022-05-01--2022-05-31.xml,445
2022,2022-05-27T10:00:00-03:00,2022-05-27T09:45:00-03:00,2022-05-27 09:45:00,0.0,232.00,Dado aprovado,True,outputs/pesquisa-cobertura-reserva-2022-20260922/raw/ana-86510000-2022-05-01--2022-05-31.xml,441
2022,2022-05-27T11:00:00-03:00,2022-05-27T10:45:00-03:00,2022-05-27 10:45:00,0.0,224.00,Dado aprovado,True,outputs/pesquisa-cobertura-reserva-2022-20260922/raw/ana-86510000-2022-05-01--2022-05-31.xml,437
2022,2022-05-27T12:00:00-03:00,2022-05-27T11:45:00-03:00,2022-05-27 11:45:00,0.0,219.00,Dado aprovado,True,outputs/pesquisa-cobertura-reserva-2022-20260922/raw/ana-86510000-2022-05-01--2022-05-31.xml,433
2022,2022-05-27T13:00:00-03:00,2022-05-27T12:45:00-03:00,2022-05-27 12:45:00,0.0,217.00,Dado aprovado,True,outputs/pesquisa-cobertura-reserva-2022-20260922/raw/ana-86510000-2022-05-01--2022-05-31.xml,429
2022,2022-05-27T14:00:00-03:00,2022-05-27T13:45:00-03:00,2022-05-27 13:45:00,0.0,218.00,Dado aprovado,True,outputs/pesquisa-cobertura-reserva-2022-20260922/raw/ana-86510000-2022-05-01--2022-05-31.xml,425
2022,2022-05-27T15:00:00-03:00,2022-05-27T14:45:00-03:00,2022-05-27 14:45:00,0.0,225.00,Dado aprovado,True,outputs/pesquisa-cobertura-reserva-2022-20260922/raw/ana-86510000-2022-05-01--2022-05-31.xml,421
2022,2022-05-27T16:00:00-03:00,2022-05-27T15:45:00-03:00,2022-05-27 15:45:00,0.0,236.00,Dado aprovado,True,outputs/pesquisa-cobertura-reserva-2022-20260922/raw/ana-86510000-2022-05-01--2022-05-31.xml,417
2022,2022-05-27T17:00:00-03:00,2022-05-27T16:45:00-03:00,2022-05-27 16:45:00,0.0,244.00,Dado aprovado,True,outputs/pesquisa-cobertura-reserva-2022-20260922/raw/ana-86510000-2022-05-01--2022-05-31.xml,413
2022,2022-05-27T18:00:00-03:00,2022-05-27T17:45:00-03:00,2022-05-27 17:45:00,0.0,250.00,Dado aprovado,True,outputs/pesquisa-cobertura-reserva-2022-20260922/raw/ana-86510000-2022-05-01--2022-05-31.xml,409
2022,2022-05-27T19:00:00-03:00,2022-05-27T18:45:00-03:00,2022-05-27 18:45:00,0.0,254.00,Dado aprovado,True,outputs/pesquisa-cobertura-reserva-2022-20260922/raw/ana-86510000-2022-05-01--2022-05-31.xml,405
2022,2022-05-27T20:00:00-03:00,2022-05-27T19:45:00-03:00,2022-05-27 19:45:00,0.0,259.00,Dado aprovado,True,outputs/pesquisa-cobertura-reserva-2022-20260922/raw/ana-86510000-2022-05-01--2022-05-31.xml,401
2022,2022-05-27T21:00:00-03:00,2022-05-27T20:45:00-03:00,2022-05-27 20:45:00,0.0,263.00,Dado aprovado,True,outputs/pesquisa-cobertura-reserva-2022-20260922/raw/ana-86510000-2022-05-01--2022-05-31.xml,397
2022,2022-05-27T22:00:00-03:00,2022-05-27T21:45:00-03:00,2022-05-27 21:45:00,0.0,266.00,Dado aprovado,True,outputs/pesquisa-cobertura-reserva-2022-20260922/raw/ana-86510000-2022-05-01--2022-05-31.xml,393
2022,2022-05-27T23:00:00-03:00,2022-05-27T22:45:00-03:00,2022-05-27 22:45:00,0.0,268.00,Dado aprovado,True,outputs/pesquisa-cobertura-reserva-2022-20260922/raw/ana-86510000-2022-05-01--2022-05-31.xml,389
2022,2022-05-28T00:00:00-03:00,2022-05-27T23:45:00-03:00,2022-05-27 23:45:00,0.0,268.00,Dado aprovado,True,outputs/pesquisa-cobertura-reserva-2022-20260922/raw/ana-86510000-2022-05-01--2022-05-31.xml,385
2022,2022-05-28T01:00:00-03:00,2022-05-28T00:45:00-03:00,2022-05-28 00:45:00,0.0,270.00,Dado aprovado,True,outputs/pesquisa-cobertura-reserva-2022-20260922/raw/ana-86510000-2022-05-01--2022-05-31.xml,381
2022,2022-05-28T02:00:00-03:00,2022-05-28T01:45:00-03:00,2022-05-28 01:45:00,0.0,272.00,Dado aprovado,True,outputs/pesquisa-cobertura-reserva-2022-20260922/raw/ana-86510000-2022-05-01--2022-05-31.xml,377
2022,2022-05-28T03:00:00-03:00,2022-05-28T02:45:00-03:00,2022-05-28 02:45:00,0.0,275.00,Dado aprovado,True,outputs/pesquisa-cobertura-reserva-2022-20260922/raw/ana-86510000-2022-05-01--2022-05-31.xml,373
2022,2022-05-28T04:00:00-03:00,2022-05-28T03:45:00-03:00,2022-05-28 03:45:00,0.0,277.00,Dado aprovado,True,outputs/pesquisa-cobertura-reserva-2022-20260922/raw/ana-86510000-2022-05-01--2022-05-31.xml,369
2022,2022-05-28T05:00:00-03:00,2022-05-28T04:45:00-03:00,2022-05-28 04:45:00,0.0,278.00,Dado aprovado,True,outputs/pesquisa-cobertura-reserva-2022-20260922/raw/ana-86510000-2022-05-01--2022-05-31.xml,365
2022,2022-05-28T06:00:00-03:00,2022-05-28T05:45:00-03:00,2022-05-28 05:45:00,0.0,275.00,Dado aprovado,True,outputs/pesquisa-cobertura-reserva-2022-20260922/raw/ana-86510000-2022-05-01--2022-05-31.xml,361
2022,2022-05-28T07:00:00-03:00,2022-05-28T06:45:00-03:00,2022-05-28 06:45:00,0.0,268.00,Dado aprovado,True,outputs/pesquisa-cobertura-reserva-2022-20260922/raw/ana-86510000-2022-05-01--2022-05-31.xml,357
2022,2022-05-28T08:00:00-03:00,2022-05-28T07:45:00-03:00,2022-05-28 07:45:00,0.0,260.00,Dado aprovado,True,outputs/pesquisa-cobertura-reserva-2022-20260922/raw/ana-86510000-2022-05-01--2022-05-31.xml,353
2022,2022-05-28T09:00:00-03:00,2022-05-28T08:45:00-03:00,2022-05-28 08:45:00,0.0,252.00,Dado aprovado,True,outputs/pesquisa-cobertura-reserva-2022-20260922/raw/ana-86510000-2022-05-01--2022-05-31.xml,349
2022,2022-05-28T10:00:00-03:00,2022-05-28T09:45:00-03:00,2022-05-28 09:45:00,0.0,246.00,Dado aprovado,True,outputs/pesquisa-cobertura-reserva-2022-20260922/raw/ana-86510000-2022-05-01--2022-05-31.xml,345
2022,2022-05-28T11:00:00-03:00,2022-05-28T10:45:00-03:00,2022-05-28 10:45:00,0.0,243.00,Dado aprovado,True,outputs/pesquisa-cobertura-reserva-2022-20260922/raw/ana-86510000-2022-05-01--2022-05-31.xml,341
2022,2022-05-28T12:00:00-03:00,2022-05-28T11:45:00-03:00,2022-05-28 11:45:00,0.0,241.00,Dado aprovado,True,outputs/pesquisa-cobertura-reserva-2022-20260922/raw/ana-86510000-2022-05-01--2022-05-31.xml,337
2022,2022-05-28T13:00:00-03:00,2022-05-28T12:45:00-03:00,2022-05-28 12:45:00,0.0,241.00,Dado aprovado,True,outputs/pesquisa-cobertura-reserva-2022-20260922/raw/ana-86510000-2022-05-01--2022-05-31.xml,333
2022,2022-05-28T14:00:00-03:00,2022-05-28T13:45:00-03:00,2022-05-28 13:45:00,0.0,240.00,Dado aprovado,True,outputs/pesquisa-cobertura-reserva-2022-20260922/raw/ana-86510000-2022-05-01--2022-05-31.xml,329
2022,2022-05-28T15:00:00-03:00,2022-05-28T14:45:00-03:00,2022-05-28 14:45:00,0.0,241.00,Dado aprovado,True,outputs/pesquisa-cobertura-reserva-2022-20260922/raw/ana-86510000-2022-05-01--2022-05-31.xml,325
2022,2022-05-28T16:00:00-03:00,2022-05-28T15:45:00-03:00,2022-05-28 15:45:00,0.0,241.00,Dado aprovado,True,outputs/pesquisa-cobertura-reserva-2022-20260922/raw/ana-86510000-2022-05-01--2022-05-31.xml,321
2022,2022-05-28T17:00:00-03:00,2022-05-28T16:45:00-03:00,2022-05-28 16:45:00,0.0,242.00,Dado aprovado,True,outputs/pesquisa-cobertura-reserva-2022-20260922/raw/ana-86510000-2022-05-01--2022-05-31.xml,317
2022,2022-05-28T18:00:00-03:00,2022-05-28T17:45:00-03:00,2022-05-28 17:45:00,0.0,242.00,Dado aprovado,True,outputs/pesquisa-cobertura-reserva-2022-20260922/raw/ana-86510000-2022-05-01--2022-05-31.xml,313
2022,2022-05-28T19:00:00-03:00,2022-05-28T18:45:00-03:00,2022-05-28 18:45:00,0.0,242.00,Dado aprovado,True,outputs/pesquisa-cobertura-reserva-2022-20260922/raw/ana-86510000-2022-05-01--2022-05-31.xml,309
2022,2022-05-28T20:00:00-03:00,2022-05-28T19:45:00-03:00,2022-05-28 19:45:00,0.0,242.00,Dado aprovado,True,outputs/pesquisa-cobertura-reserva-2022-20260922/raw/ana-86510000-2022-05-01--2022-05-31.xml,305
2022,2022-05-28T21:00:00-03:00,2022-05-28T20:45:00-03:00,2022-05-28 20:45:00,0.0,242.00,Dado aprovado,True,outputs/pesquisa-cobertura-reserva-2022-20260922/raw/ana-86510000-2022-05-01--2022-05-31.xml,301
2022,2022-05-28T22:00:00-03:00,2022-05-28T21:45:00-03:00,2022-05-28 21:45:00,0.0,242.00,Dado aprovado,True,outputs/pesquisa-cobertura-reserva-2022-20260922/raw/ana-86510000-2022-05-01--2022-05-31.xml,297
2022,2022-05-28T23:00:00-03:00,2022-05-28T22:45:00-03:00,2022-05-28 22:45:00,0.0,242.00,Dado aprovado,True,outputs/pesquisa-cobertura-reserva-2022-20260922/raw/ana-86510000-2022-05-01--2022-05-31.xml,293
2022,2022-05-29T00:00:00-03:00,2022-05-28T23:45:00-03:00,2022-05-28 23:45:00,0.0,243.00,Dado aprovado,True,outputs/pesquisa-cobertura-reserva-2022-20260922/raw/ana-86510000-2022-05-01--2022-05-31.xml,289
2022,2022-05-29T01:00:00-03:00,2022-05-29T00:45:00-03:00,2022-05-29 00:45:00,0.0,245.00,Dado aprovado,True,outputs/pesquisa-cobertura-reserva-2022-20260922/raw/ana-86510000-2022-05-01--2022-05-31.xml,285
2022,2022-05-29T02:00:00-03:00,2022-05-29T01:45:00-03:00,2022-05-29 01:45:00,0.0,251.00,Dado aprovado,True,outputs/pesquisa-cobertura-reserva-2022-20260922/raw/ana-86510000-2022-05-01--2022-05-31.xml,281
2022,2022-05-29T03:00:00-03:00,2022-05-29T02:45:00-03:00,2022-05-29 02:45:00,0.0,262.00,Dado aprovado,True,outputs/pesquisa-cobertura-reserva-2022-20260922/raw/ana-86510000-2022-05-01--2022-05-31.xml,277
2022,2022-05-29T04:00:00-03:00,2022-05-29T03:45:00-03:00,2022-05-29 03:45:00,0.0,274.00,Dado aprovado,True,outputs/pesquisa-cobertura-reserva-2022-20260922/raw/ana-86510000-2022-05-01--2022-05-31.xml,273
2022,2022-05-29T05:00:00-03:00,2022-05-29T04:45:00-03:00,2022-05-29 04:45:00,0.0,282.00,Dado aprovado,True,outputs/pesquisa-cobertura-reserva-2022-20260922/raw/ana-86510000-2022-05-01--2022-05-31.xml,269
2022,2022-05-29T06:00:00-03:00,2022-05-29T05:45:00-03:00,2022-05-29 05:45:00,0.0,285.00,Dado aprovado,True,outputs/pesquisa-cobertura-reserva-2022-20260922/raw/ana-86510000-2022-05-01--2022-05-31.xml,265
2022,2022-05-29T07:00:00-03:00,2022-05-29T06:45:00-03:00,2022-05-29 06:45:00,0.0,282.00,Dado aprovado,True,outputs/pesquisa-cobertura-reserva-2022-20260922/raw/ana-86510000-2022-05-01--2022-05-31.xml,261
2022,2022-05-29T08:00:00-03:00,2022-05-29T07:45:00-03:00,2022-05-29 07:45:00,0.0,277.00,Dado aprovado,True,outputs/pesquisa-cobertura-reserva-2022-20260922/raw/ana-86510000-2022-05-01--2022-05-31.xml,257
2022,2022-05-29T09:00:00-03:00,2022-05-29T08:45:00-03:00,2022-05-29 08:45:00,0.0,276.00,Dado aprovado,True,outputs/pesquisa-cobertura-reserva-2022-20260922/raw/ana-86510000-2022-05-01--2022-05-31.xml,253
2022,2022-05-29T10:00:00-03:00,2022-05-29T09:45:00-03:00,2022-05-29 09:45:00,0.0,287.00,Dado aprovado,True,outputs/pesquisa-cobertura-reserva-2022-20260922/raw/ana-86510000-2022-05-01--2022-05-31.xml,249
2022,2022-05-29T11:00:00-03:00,2022-05-29T10:45:00-03:00,2022-05-29 10:45:00,0.0,312.00,Dado aprovado,True,outputs/pesquisa-cobertura-reserva-2022-20260922/raw/ana-86510000-2022-05-01--2022-05-31.xml,245
2022,2022-05-29T12:00:00-03:00,2022-05-29T11:45:00-03:00,2022-05-29 11:45:00,0.0,340.00,Dado aprovado,True,outputs/pesquisa-cobertura-reserva-2022-20260922/raw/ana-86510000-2022-05-01--2022-05-31.xml,241
2022,2022-05-29T13:00:00-03:00,2022-05-29T12:45:00-03:00,2022-05-29 12:45:00,0.0,359.00,Dado aprovado,True,outputs/pesquisa-cobertura-reserva-2022-20260922/raw/ana-86510000-2022-05-01--2022-05-31.xml,237
2022,2022-05-29T14:00:00-03:00,2022-05-29T13:45:00-03:00,2022-05-29 13:45:00,0.0,371.00,Dado aprovado,True,outputs/pesquisa-cobertura-reserva-2022-20260922/raw/ana-86510000-2022-05-01--2022-05-31.xml,233
2022,2022-05-29T15:00:00-03:00,2022-05-29T14:45:00-03:00,2022-05-29 14:45:00,0.0,392.00,Dado aprovado,True,outputs/pesquisa-cobertura-reserva-2022-20260922/raw/ana-86510000-2022-05-01--2022-05-31.xml,229
2022,2022-05-29T16:00:00-03:00,2022-05-29T15:45:00-03:00,2022-05-29 15:45:00,0.0,425.00,Dado aprovado,True,outputs/pesquisa-cobertura-reserva-2022-20260922/raw/ana-86510000-2022-05-01--2022-05-31.xml,225
2022,2022-05-29T17:00:00-03:00,2022-05-29T16:45:00-03:00,2022-05-29 16:45:00,0.0,458.00,Dado aprovado,True,outputs/pesquisa-cobertura-reserva-2022-20260922/raw/ana-86510000-2022-05-01--2022-05-31.xml,221
2022,2022-05-29T18:00:00-03:00,2022-05-29T17:45:00-03:00,2022-05-29 17:45:00,0.0,488.00,Dado aprovado,True,outputs/pesquisa-cobertura-reserva-2022-20260922/raw/ana-86510000-2022-05-01--2022-05-31.xml,217
2022,2022-05-29T19:00:00-03:00,2022-05-29T18:45:00-03:00,2022-05-29 18:45:00,0.0,519.00,Dado aprovado,True,outputs/pesquisa-cobertura-reserva-2022-20260922/raw/ana-86510000-2022-05-01--2022-05-31.xml,213
2022,2022-05-29T20:00:00-03:00,2022-05-29T19:45:00-03:00,2022-05-29 19:45:00,0.0,571.00,Dado aprovado,True,outputs/pesquisa-cobertura-reserva-2022-20260922/raw/ana-86510000-2022-05-01--2022-05-31.xml,209
2022,2022-05-29T21:00:00-03:00,2022-05-29T20:45:00-03:00,2022-05-29 20:45:00,0.0,666.00,Dado aprovado,True,outputs/pesquisa-cobertura-reserva-2022-20260922/raw/ana-86510000-2022-05-01--2022-05-31.xml,205
2022,2022-05-29T22:00:00-03:00,2022-05-29T21:45:00-03:00,2022-05-29 21:45:00,0.0,781.00,Dado aprovado,True,outputs/pesquisa-cobertura-reserva-2022-20260922/raw/ana-86510000-2022-05-01--2022-05-31.xml,201
2022,2022-05-29T23:00:00-03:00,2022-05-29T22:45:00-03:00,2022-05-29 22:45:00,0.0,903.00,Dado aprovado,True,outputs/pesquisa-cobertura-reserva-2022-20260922/raw/ana-86510000-2022-05-01--2022-05-31.xml,197
2022,2022-05-30T00:00:00-03:00,2022-05-29T23:45:00-03:00,2022-05-29 23:45:00,0.0,1015.00,Dado aprovado,True,outputs/pesquisa-cobertura-reserva-2022-20260922/raw/ana-86510000-2022-05-01--2022-05-31.xml,193
2022,2022-05-30T01:00:00-03:00,2022-05-30T00:45:00-03:00,2022-05-30 00:45:00,0.0,1096.00,Dado aprovado,True,outputs/pesquisa-cobertura-reserva-2022-20260922/raw/ana-86510000-2022-05-01--2022-05-31.xml,189
2022,2022-05-30T02:00:00-03:00,2022-05-30T01:45:00-03:00,2022-05-30 01:45:00,0.0,1153.00,Dado aprovado,True,outputs/pesquisa-cobertura-reserva-2022-20260922/raw/ana-86510000-2022-05-01--2022-05-31.xml,185
2022,2022-05-30T03:00:00-03:00,2022-05-30T02:45:00-03:00,2022-05-30 02:45:00,0.0,1192.00,Dado aprovado,True,outputs/pesquisa-cobertura-reserva-2022-20260922/raw/ana-86510000-2022-05-01--2022-05-31.xml,181
2022,2022-05-30T04:00:00-03:00,2022-05-30T03:45:00-03:00,2022-05-30 03:45:00,0.0,1221.00,Dado aprovado,True,outputs/pesquisa-cobertura-reserva-2022-20260922/raw/ana-86510000-2022-05-01--2022-05-31.xml,177
2022,2022-05-30T05:00:00-03:00,2022-05-30T04:45:00-03:00,2022-05-30 04:45:00,0.0,1241.00,Dado aprovado,True,outputs/pesquisa-cobertura-reserva-2022-20260922/raw/ana-86510000-2022-05-01--2022-05-31.xml,173
2022,2022-05-30T06:00:00-03:00,2022-05-30T05:45:00-03:00,2022-05-30 05:45:00,0.0,1256.00,Dado aprovado,True,outputs/pesquisa-cobertura-reserva-2022-20260922/raw/ana-86510000-2022-05-01--2022-05-31.xml,169
2022,2022-05-30T07:00:00-03:00,2022-05-30T06:45:00-03:00,2022-05-30 06:45:00,0.0,1263.00,Dado aprovado,True,outputs/pesquisa-cobertura-reserva-2022-20260922/raw/ana-86510000-2022-05-01--2022-05-31.xml,165
2022,2022-05-30T08:00:00-03:00,2022-05-30T07:45:00-03:00,2022-05-30 07:45:00,0.0,1268.00,Dado aprovado,True,outputs/pesquisa-cobertura-reserva-2022-20260922/raw/ana-86510000-2022-05-01--2022-05-31.xml,161
2022,2022-05-30T09:00:00-03:00,2022-05-30T08:45:00-03:00,2022-05-30 08:45:00,0.0,1280.00,Dado aprovado,True,outputs/pesquisa-cobertura-reserva-2022-20260922/raw/ana-86510000-2022-05-01--2022-05-31.xml,157
2022,2022-05-30T10:00:00-03:00,2022-05-30T09:45:00-03:00,2022-05-30 09:45:00,0.0,1275.00,Dado aprovado,True,outputs/pesquisa-cobertura-reserva-2022-20260922/raw/ana-86510000-2022-05-01--2022-05-31.xml,153
2022,2022-05-30T11:00:00-03:00,2022-05-30T10:45:00-03:00,2022-05-30 10:45:00,0.0,1269.00,Dado aprovado,True,outputs/pesquisa-cobertura-reserva-2022-20260922/raw/ana-86510000-2022-05-01--2022-05-31.xml,149
2022,2022-05-30T12:00:00-03:00,2022-05-30T11:45:00-03:00,2022-05-30 11:45:00,0.0,1266.00,Dado aprovado,True,outputs/pesquisa-cobertura-reserva-2022-20260922/raw/ana-86510000-2022-05-01--2022-05-31.xml,145
2022,2022-05-30T13:00:00-03:00,2022-05-30T12:45:00-03:00,2022-05-30 12:45:00,0.0,1253.00,Dado aprovado,True,outputs/pesquisa-cobertura-reserva-2022-20260922/raw/ana-86510000-2022-05-01--2022-05-31.xml,141
2022,2022-05-30T14:00:00-03:00,2022-05-30T13:45:00-03:00,2022-05-30 13:45:00,0.0,1237.00,Dado aprovado,True,outputs/pesquisa-cobertura-reserva-2022-20260922/raw/ana-86510000-2022-05-01--2022-05-31.xml,137
2022,2022-05-30T15:00:00-03:00,2022-05-30T14:45:00-03:00,2022-05-30 14:45:00,0.0,1225.00,Dado aprovado,True,outputs/pesquisa-cobertura-reserva-2022-20260922/raw/ana-86510000-2022-05-01--2022-05-31.xml,133
2022,2022-05-30T16:00:00-03:00,2022-05-30T15:45:00-03:00,2022-05-30 15:45:00,0.0,1208.00,Dado aprovado,True,outputs/pesquisa-cobertura-reserva-2022-20260922/raw/ana-86510000-2022-05-01--2022-05-31.xml,129
2022,2022-05-30T17:00:00-03:00,2022-05-30T16:45:00-03:00,2022-05-30 16:45:00,0.0,1186.00,Dado aprovado,True,outputs/pesquisa-cobertura-reserva-2022-20260922/raw/ana-86510000-2022-05-01--2022-05-31.xml,125
2022,2022-05-30T18:00:00-03:00,2022-05-30T17:45:00-03:00,2022-05-30 17:45:00,0.0,1172.00,Dado aprovado,True,outputs/pesquisa-cobertura-reserva-2022-20260922/raw/ana-86510000-2022-05-01--2022-05-31.xml,121
2022,2022-05-30T19:00:00-03:00,2022-05-30T18:45:00-03:00,2022-05-30 18:45:00,0.0,1151.00,Dado aprovado,True,outputs/pesquisa-cobertura-reserva-2022-20260922/raw/ana-86510000-2022-05-01--2022-05-31.xml,117
2022,2022-05-30T20:00:00-03:00,2022-05-30T19:45:00-03:00,2022-05-30 19:45:00,0.0,1126.00,Dado aprovado,True,outputs/pesquisa-cobertura-reserva-2022-20260922/raw/ana-86510000-2022-05-01--2022-05-31.xml,113
2022,2022-05-30T21:00:00-03:00,2022-05-30T20:45:00-03:00,2022-05-30 20:45:00,0.0,1107.00,Dado aprovado,True,outputs/pesquisa-cobertura-reserva-2022-20260922/raw/ana-86510000-2022-05-01--2022-05-31.xml,109
2022,2022-05-30T22:00:00-03:00,2022-05-30T21:45:00-03:00,2022-05-30 21:45:00,0.0,1084.00,Dado aprovado,True,outputs/pesquisa-cobertura-reserva-2022-20260922/raw/ana-86510000-2022-05-01--2022-05-31.xml,105
2022,2022-05-30T23:00:00-03:00,2022-05-30T22:45:00-03:00,2022-05-30 22:45:00,0.0,1062.00,Dado aprovado,True,outputs/pesquisa-cobertura-reserva-2022-20260922/raw/ana-86510000-2022-05-01--2022-05-31.xml,101
2022,2022-05-31T00:00:00-03:00,2022-05-30T23:45:00-03:00,2022-05-30 23:45:00,0.0,1039.00,Dado aprovado,True,outputs/pesquisa-cobertura-reserva-2022-20260922/raw/ana-86510000-2022-05-01--2022-05-31.xml,97
2022,2022-05-31T01:00:00-03:00,2022-05-31T00:45:00-03:00,2022-05-31 00:45:00,0.0,1019.00,Dado aprovado,True,outputs/pesquisa-cobertura-reserva-2022-20260922/raw/ana-86510000-2022-05-01--2022-05-31.xml,93
2022,2022-05-31T02:00:00-03:00,2022-05-31T01:45:00-03:00,2022-05-31 01:45:00,0.0,991.00,Dado aprovado,True,outputs/pesquisa-cobertura-reserva-2022-20260922/raw/ana-86510000-2022-05-01--2022-05-31.xml,89
2022,2022-05-31T03:00:00-03:00,2022-05-31T02:45:00-03:00,2022-05-31 02:45:00,0.0,967.00,Dado aprovado,True,outputs/pesquisa-cobertura-reserva-2022-20260922/raw/ana-86510000-2022-05-01--2022-05-31.xml,85
2022,2022-05-31T04:00:00-03:00,2022-05-31T03:45:00-03:00,2022-05-31 03:45:00,0.0,942.00,Dado aprovado,True,outputs/pesquisa-cobertura-reserva-2022-20260922/raw/ana-86510000-2022-05-01--2022-05-31.xml,81
2022,2022-05-31T05:00:00-03:00,2022-05-31T04:45:00-03:00,2022-05-31 04:45:00,0.0,920.00,Dado aprovado,True,outputs/pesquisa-cobertura-reserva-2022-20260922/raw/ana-86510000-2022-05-01--2022-05-31.xml,77
2022,2022-05-31T06:00:00-03:00,2022-05-31T05:45:00-03:00,2022-05-31 05:45:00,0.0,902.00,Dado aprovado,True,outputs/pesquisa-cobertura-reserva-2022-20260922/raw/ana-86510000-2022-05-01--2022-05-31.xml,73
2022,2022-05-31T07:00:00-03:00,2022-05-31T06:45:00-03:00,2022-05-31 06:45:00,0.0,886.00,Dado aprovado,True,outputs/pesquisa-cobertura-reserva-2022-20260922/raw/ana-86510000-2022-05-01--2022-05-31.xml,69
2022,2022-05-31T08:00:00-03:00,2022-05-31T07:45:00-03:00,2022-05-31 07:45:00,0.0,872.00,Dado aprovado,True,outputs/pesquisa-cobertura-reserva-2022-20260922/raw/ana-86510000-2022-05-01--2022-05-31.xml,65
2022,2022-05-31T09:00:00-03:00,2022-05-31T08:45:00-03:00,2022-05-31 08:45:00,0.0,858.00,Dado aprovado,True,outputs/pesquisa-cobertura-reserva-2022-20260922/raw/ana-86510000-2022-05-01--2022-05-31.xml,61
2022,2022-05-31T10:00:00-03:00,2022-05-31T09:45:00-03:00,2022-05-31 09:45:00,0.0,843.00,Dado aprovado,True,outputs/pesquisa-cobertura-reserva-2022-20260922/raw/ana-86510000-2022-05-01--2022-05-31.xml,57
2022,2022-05-31T11:00:00-03:00,2022-05-31T10:45:00-03:00,2022-05-31 10:45:00,0.0,827.00,Dado aprovado,True,outputs/pesquisa-cobertura-reserva-2022-20260922/raw/ana-86510000-2022-05-01--2022-05-31.xml,53
2022,2022-05-31T12:00:00-03:00,2022-05-31T11:45:00-03:00,2022-05-31 11:45:00,0.0,807.00,Dado aprovado,True,outputs/pesquisa-cobertura-reserva-2022-20260922/raw/ana-86510000-2022-05-01--2022-05-31.xml,49
2022,2022-05-31T13:00:00-03:00,2022-05-31T12:45:00-03:00,2022-05-31 12:45:00,0.0,784.00,Dado aprovado,True,outputs/pesquisa-cobertura-reserva-2022-20260922/raw/ana-86510000-2022-05-01--2022-05-31.xml,45
2022,2022-05-31T14:00:00-03:00,2022-05-31T13:45:00-03:00,2022-05-31 13:45:00,0.0,766.00,Dado aprovado,True,outputs/pesquisa-cobertura-reserva-2022-20260922/raw/ana-86510000-2022-05-01--2022-05-31.xml,41
2022,2022-05-31T15:00:00-03:00,2022-05-31T14:45:00-03:00,2022-05-31 14:45:00,0.0,751.00,Dado aprovado,True,outputs/pesquisa-cobertura-reserva-2022-20260922/raw/ana-86510000-2022-05-01--2022-05-31.xml,37
2022,2022-05-31T16:00:00-03:00,2022-05-31T15:45:00-03:00,2022-05-31 15:45:00,0.0,731.00,Dado aprovado,True,outputs/pesquisa-cobertura-reserva-2022-20260922/raw/ana-86510000-2022-05-01--2022-05-31.xml,33
2022,2022-05-31T17:00:00-03:00,2022-05-31T16:45:00-03:00,2022-05-31 16:45:00,0.0,712.00,Dado aprovado,True,outputs/pesquisa-cobertura-reserva-2022-20260922/raw/ana-86510000-2022-05-01--2022-05-31.xml,29
2022,2022-05-31T18:00:00-03:00,2022-05-31T17:45:00-03:00,2022-05-31 17:45:00,0.0,700.00,Dado aprovado,True,outputs/pesquisa-cobertura-reserva-2022-20260922/raw/ana-86510000-2022-05-01--2022-05-31.xml,25
2022,2022-05-31T19:00:00-03:00,2022-05-31T18:45:00-03:00,2022-05-31 18:45:00,0.0,702.00,Dado aprovado,True,outputs/pesquisa-cobertura-reserva-2022-20260922/raw/ana-86510000-2022-05-01--2022-05-31.xml,21
2022,2022-05-31T20:00:00-03:00,2022-05-31T19:45:00-03:00,2022-05-31 19:45:00,0.0,696.00,Dado aprovado,True,outputs/pesquisa-cobertura-reserva-2022-20260922/raw/ana-86510000-2022-05-01--2022-05-31.xml,17
2022,2022-05-31T21:00:00-03:00,2022-05-31T20:45:00-03:00,2022-05-31 20:45:00,0.0,686.00,Dado aprovado,True,outputs/pesquisa-cobertura-reserva-2022-20260922/raw/ana-86510000-2022-05-01--2022-05-31.xml,13
2022,2022-05-31T22:00:00-03:00,2022-05-31T21:45:00-03:00,2022-05-31 21:45:00,0.0,676.00,Dado aprovado,True,outputs/pesquisa-cobertura-reserva-2022-20260922/raw/ana-86510000-2022-05-01--2022-05-31.xml,9
2022,2022-05-31T23:00:00-03:00,2022-05-31T22:45:00-03:00,2022-05-31 22:45:00,0.0,664.00,Dado aprovado,True,outputs/pesquisa-cobertura-reserva-2022-20260922/raw/ana-86510000-2022-05-01--2022-05-31.xml,5
2022,2022-06-01T00:00:00-03:00,2022-05-31T23:45:00-03:00,2022-05-31 23:45:00,0.0,659.00,Dado aprovado,True,outputs/pesquisa-cobertura-reserva-2022-20260922/raw/ana-86510000-2022-05-01--2022-05-31.xml,1
2022,2022-06-01T01:00:00-03:00,2022-06-01T00:45:00-03:00,2022-06-01 00:45:00,0.0,649.00,Dado aprovado,True,outputs/pesquisa-cobertura-reserva-2022-20260922/raw/ana-86510000-2022-06-01--2022-06-30.xml,2877
2022,2022-06-01T02:00:00-03:00,2022-06-01T01:45:00-03:00,2022-06-01 01:45:00,0.0,644.00,Dado aprovado,True,outputs/pesquisa-cobertura-reserva-2022-20260922/raw/ana-86510000-2022-06-01--2022-06-30.xml,2873
2022,2022-06-01T03:00:00-03:00,2022-06-01T02:45:00-03:00,2022-06-01 02:45:00,0.0,636.00,Dado aprovado,True,outputs/pesquisa-cobertura-reserva-2022-20260922/raw/ana-86510000-2022-06-01--2022-06-30.xml,2869
2022,2022-06-01T04:00:00-03:00,2022-06-01T03:45:00-03:00,2022-06-01 03:45:00,0.0,628.00,Dado aprovado,True,outputs/pesquisa-cobertura-reserva-2022-20260922/raw/ana-86510000-2022-06-01--2022-06-30.xml,2865
2022,2022-06-01T05:00:00-03:00,2022-06-01T04:45:00-03:00,2022-06-01 04:45:00,0.0,621.00,Dado aprovado,True,outputs/pesquisa-cobertura-reserva-2022-20260922/raw/ana-86510000-2022-06-01--2022-06-30.xml,2861
2022,2022-06-01T06:00:00-03:00,2022-06-01T05:45:00-03:00,2022-06-01 05:45:00,0.0,613.00,Dado aprovado,True,outputs/pesquisa-cobertura-reserva-2022-20260922/raw/ana-86510000-2022-06-01--2022-06-30.xml,2857
2022,2022-06-01T07:00:00-03:00,2022-06-01T06:45:00-03:00,2022-06-01 06:45:00,0.0,608.00,Dado aprovado,True,outputs/pesquisa-cobertura-reserva-2022-20260922/raw/ana-86510000-2022-06-01--2022-06-30.xml,2853
2022,2022-06-01T08:00:00-03:00,2022-06-01T07:45:00-03:00,2022-06-01 07:45:00,0.0,600.00,Dado aprovado,True,outputs/pesquisa-cobertura-reserva-2022-20260922/raw/ana-86510000-2022-06-01--2022-06-30.xml,2849
2022,2022-06-01T09:00:00-03:00,2022-06-01T08:45:00-03:00,2022-06-01 08:45:00,0.0,591.00,Dado aprovado,True,outputs/pesquisa-cobertura-reserva-2022-20260922/raw/ana-86510000-2022-06-01--2022-06-30.xml,2845
2022,2022-06-01T10:00:00-03:00,2022-06-01T09:45:00-03:00,2022-06-01 09:45:00,0.0,585.00,Dado aprovado,True,outputs/pesquisa-cobertura-reserva-2022-20260922/raw/ana-86510000-2022-06-01--2022-06-30.xml,2841
2022,2022-06-01T11:00:00-03:00,2022-06-01T10:45:00-03:00,2022-06-01 10:45:00,0.0,581.00,Dado aprovado,True,outputs/pesquisa-cobertura-reserva-2022-20260922/raw/ana-86510000-2022-06-01--2022-06-30.xml,2837
2022,2022-06-01T12:00:00-03:00,2022-06-01T11:45:00-03:00,2022-06-01 11:45:00,0.0,570.00,Dado aprovado,True,outputs/pesquisa-cobertura-reserva-2022-20260922/raw/ana-86510000-2022-06-01--2022-06-30.xml,2833
2022,2022-06-01T13:00:00-03:00,2022-06-01T12:45:00-03:00,2022-06-01 12:45:00,0.0,564.00,Dado aprovado,True,outputs/pesquisa-cobertura-reserva-2022-20260922/raw/ana-86510000-2022-06-01--2022-06-30.xml,2829
2022,2022-06-01T14:00:00-03:00,2022-06-01T13:45:00-03:00,2022-06-01 13:45:00,0.0,559.00,Dado aprovado,True,outputs/pesquisa-cobertura-reserva-2022-20260922/raw/ana-86510000-2022-06-01--2022-06-30.xml,2825
2022,2022-06-01T15:00:00-03:00,2022-06-01T14:45:00-03:00,2022-06-01 14:45:00,0.0,551.00,Dado aprovado,True,outputs/pesquisa-cobertura-reserva-2022-20260922/raw/ana-86510000-2022-06-01--2022-06-30.xml,2821
2022,2022-06-01T16:00:00-03:00,2022-06-01T15:45:00-03:00,2022-06-01 15:45:00,0.0,546.00,Dado aprovado,True,outputs/pesquisa-cobertura-reserva-2022-20260922/raw/ana-86510000-2022-06-01--2022-06-30.xml,2817
2022,2022-06-01T17:00:00-03:00,2022-06-01T16:45:00-03:00,2022-06-01 16:45:00,0.0,541.00,Dado aprovado,True,outputs/pesquisa-cobertura-reserva-2022-20260922/raw/ana-86510000-2022-06-01--2022-06-30.xml,2813
2022,2022-06-01T18:00:00-03:00,2022-06-01T17:45:00-03:00,2022-06-01 17:45:00,0.0,534.00,Dado aprovado,True,outputs/pesquisa-cobertura-reserva-2022-20260922/raw/ana-86510000-2022-06-01--2022-06-30.xml,2809
2022,2022-06-01T19:00:00-03:00,2022-06-01T18:45:00-03:00,2022-06-01 18:45:00,0.0,530.00,Dado aprovado,True,outputs/pesquisa-cobertura-reserva-2022-20260922/raw/ana-86510000-2022-06-01--2022-06-30.xml,2805
2022,2022-06-01T20:00:00-03:00,2022-06-01T19:45:00-03:00,2022-06-01 19:45:00,0.0,522.00,Dado aprovado,True,outputs/pesquisa-cobertura-reserva-2022-20260922/raw/ana-86510000-2022-06-01--2022-06-30.xml,2801
2022,2022-06-01T21:00:00-03:00,2022-06-01T20:45:00-03:00,2022-06-01 20:45:00,0.0,511.00,Dado aprovado,True,outputs/pesquisa-cobertura-reserva-2022-20260922/raw/ana-86510000-2022-06-01--2022-06-30.xml,2797
2022,2022-06-01T22:00:00-03:00,2022-06-01T21:45:00-03:00,2022-06-01 21:45:00,0.0,505.00,Dado aprovado,True,outputs/pesquisa-cobertura-reserva-2022-20260922/raw/ana-86510000-2022-06-01--2022-06-30.xml,2793
2022,2022-06-01T23:00:00-03:00,2022-06-01T22:45:00-03:00,2022-06-01 22:45:00,0.0,496.00,Dado aprovado,True,outputs/pesquisa-cobertura-reserva-2022-20260922/raw/ana-86510000-2022-06-01--2022-06-30.xml,2789
2022,2022-06-02T00:00:00-03:00,2022-06-01T23:45:00-03:00,2022-06-01 23:45:00,0.0,494.00,Dado aprovado,True,outputs/pesquisa-cobertura-reserva-2022-20260922/raw/ana-86510000-2022-06-01--2022-06-30.xml,2785
2022,2022-06-02T01:00:00-03:00,2022-06-02T00:45:00-03:00,2022-06-02 00:45:00,0.0,494.00,Dado aprovado,True,outputs/pesquisa-cobertura-reserva-2022-20260922/raw/ana-86510000-2022-06-01--2022-06-30.xml,2781
2022,2022-06-02T02:00:00-03:00,2022-06-02T01:45:00-03:00,2022-06-02 01:45:00,0.0,495.00,Dado aprovado,True,outputs/pesquisa-cobertura-reserva-2022-20260922/raw/ana-86510000-2022-06-01--2022-06-30.xml,2777
2022,2022-06-02T03:00:00-03:00,2022-06-02T02:45:00-03:00,2022-06-02 02:45:00,0.0,495.00,Dado aprovado,True,outputs/pesquisa-cobertura-reserva-2022-20260922/raw/ana-86510000-2022-06-01--2022-06-30.xml,2773
2022,2022-06-02T04:00:00-03:00,2022-06-02T03:45:00-03:00,2022-06-02 03:45:00,0.0,493.00,Dado aprovado,True,outputs/pesquisa-cobertura-reserva-2022-20260922/raw/ana-86510000-2022-06-01--2022-06-30.xml,2769
2022,2022-06-02T05:00:00-03:00,2022-06-02T04:45:00-03:00,2022-06-02 04:45:00,0.0,490.00,Dado aprovado,True,outputs/pesquisa-cobertura-reserva-2022-20260922/raw/ana-86510000-2022-06-01--2022-06-30.xml,2765
2022,2022-06-02T06:00:00-03:00,2022-06-02T05:45:00-03:00,2022-06-02 05:45:00,0.0,487.00,Dado aprovado,True,outputs/pesquisa-cobertura-reserva-2022-20260922/raw/ana-86510000-2022-06-01--2022-06-30.xml,2761
2022,2022-06-02T07:00:00-03:00,2022-06-02T06:45:00-03:00,2022-06-02 06:45:00,0.0,482.00,Dado aprovado,True,outputs/pesquisa-cobertura-reserva-2022-20260922/raw/ana-86510000-2022-06-01--2022-06-30.xml,2757
2022,2022-06-02T08:00:00-03:00,2022-06-02T07:45:00-03:00,2022-06-02 07:45:00,0.0,478.00,Dado aprovado,True,outputs/pesquisa-cobertura-reserva-2022-20260922/raw/ana-86510000-2022-06-01--2022-06-30.xml,2753
2022,2022-06-02T09:00:00-03:00,2022-06-02T08:45:00-03:00,2022-06-02 08:45:00,0.0,473.00,Dado aprovado,True,outputs/pesquisa-cobertura-reserva-2022-20260922/raw/ana-86510000-2022-06-01--2022-06-30.xml,2749
2022,2022-06-02T10:00:00-03:00,2022-06-02T09:45:00-03:00,2022-06-02 09:45:00,0.0,468.00,Dado aprovado,True,outputs/pesquisa-cobertura-reserva-2022-20260922/raw/ana-86510000-2022-06-01--2022-06-30.xml,2745
2022,2022-06-02T11:00:00-03:00,2022-06-02T10:45:00-03:00,2022-06-02 10:45:00,0.0,466.00,Dado aprovado,True,outputs/pesquisa-cobertura-reserva-2022-20260922/raw/ana-86510000-2022-06-01--2022-06-30.xml,2741
2022,2022-06-02T12:00:00-03:00,2022-06-02T11:45:00-03:00,2022-06-02 11:45:00,0.0,462.00,Dado aprovado,True,outputs/pesquisa-cobertura-reserva-2022-20260922/raw/ana-86510000-2022-06-01--2022-06-30.xml,2737
2022,2022-06-02T13:00:00-03:00,2022-06-02T12:45:00-03:00,2022-06-02 12:45:00,0.0,457.00,Dado aprovado,True,outputs/pesquisa-cobertura-reserva-2022-20260922/raw/ana-86510000-2022-06-01--2022-06-30.xml,2733
2022,2022-06-02T14:00:00-03:00,2022-06-02T13:45:00-03:00,2022-06-02 13:45:00,0.0,454.00,Dado aprovado,True,outputs/pesquisa-cobertura-reserva-2022-20260922/raw/ana-86510000-2022-06-01--2022-06-30.xml,2729
2022,2022-06-02T15:00:00-03:00,2022-06-02T14:45:00-03:00,2022-06-02 14:45:00,0.0,451.00,Dado aprovado,True,outputs/pesquisa-cobertura-reserva-2022-20260922/raw/ana-86510000-2022-06-01--2022-06-30.xml,2725
2022,2022-06-02T16:00:00-03:00,2022-06-02T15:45:00-03:00,2022-06-02 15:45:00,0.0,449.00,Dado aprovado,True,outputs/pesquisa-cobertura-reserva-2022-20260922/raw/ana-86510000-2022-06-01--2022-06-30.xml,2721
2022,2022-06-02T17:00:00-03:00,2022-06-02T16:45:00-03:00,2022-06-02 16:45:00,0.0,444.00,Dado aprovado,True,outputs/pesquisa-cobertura-reserva-2022-20260922/raw/ana-86510000-2022-06-01--2022-06-30.xml,2717
2022,2022-06-02T18:00:00-03:00,2022-06-02T17:45:00-03:00,2022-06-02 17:45:00,0.0,443.00,Dado aprovado,True,outputs/pesquisa-cobertura-reserva-2022-20260922/raw/ana-86510000-2022-06-01--2022-06-30.xml,2713
2022,2022-06-02T19:00:00-03:00,2022-06-02T18:45:00-03:00,2022-06-02 18:45:00,0.0,441.00,Dado aprovado,True,outputs/pesquisa-cobertura-reserva-2022-20260922/raw/ana-86510000-2022-06-01--2022-06-30.xml,2709
2022,2022-06-02T20:00:00-03:00,2022-06-02T19:45:00-03:00,2022-06-02 19:45:00,0.0,437.00,Dado aprovado,True,outputs/pesquisa-cobertura-reserva-2022-20260922/raw/ana-86510000-2022-06-01--2022-06-30.xml,2705
2022,2022-06-02T21:00:00-03:00,2022-06-02T20:45:00-03:00,2022-06-02 20:45:00,0.0,434.00,Dado aprovado,True,outputs/pesquisa-cobertura-reserva-2022-20260922/raw/ana-86510000-2022-06-01--2022-06-30.xml,2701
2022,2022-06-02T22:00:00-03:00,2022-06-02T21:45:00-03:00,2022-06-02 21:45:00,0.0,432.00,Dado aprovado,True,outputs/pesquisa-cobertura-reserva-2022-20260922/raw/ana-86510000-2022-06-01--2022-06-30.xml,2697
2022,2022-06-02T23:00:00-03:00,2022-06-02T22:45:00-03:00,2022-06-02 22:45:00,0.0,429.00,Dado aprovado,True,outputs/pesquisa-cobertura-reserva-2022-20260922/raw/ana-86510000-2022-06-01--2022-06-30.xml,2693
2022,2022-06-03T00:00:00-03:00,2022-06-02T23:45:00-03:00,2022-06-02 23:45:00,0.0,426.00,Dado aprovado,True,outputs/pesquisa-cobertura-reserva-2022-20260922/raw/ana-86510000-2022-06-01--2022-06-30.xml,2689
2022,2022-06-03T01:00:00-03:00,2022-06-03T00:45:00-03:00,2022-06-03 00:45:00,0.0,425.00,Dado aprovado,True,outputs/pesquisa-cobertura-reserva-2022-20260922/raw/ana-86510000-2022-06-01--2022-06-30.xml,2685
2022,2022-06-03T02:00:00-03:00,2022-06-03T01:45:00-03:00,2022-06-03 01:45:00,0.0,422.00,Dado aprovado,True,outputs/pesquisa-cobertura-reserva-2022-20260922/raw/ana-86510000-2022-06-01--2022-06-30.xml,2681
2022,2022-06-03T03:00:00-03:00,2022-06-03T02:45:00-03:00,2022-06-03 02:45:00,0.0,420.00,Dado aprovado,True,outputs/pesquisa-cobertura-reserva-2022-20260922/raw/ana-86510000-2022-06-01--2022-06-30.xml,2677
2022,2022-06-03T04:00:00-03:00,2022-06-03T03:45:00-03:00,2022-06-03 03:45:00,0.0,418.00,Dado aprovado,True,outputs/pesquisa-cobertura-reserva-2022-20260922/raw/ana-86510000-2022-06-01--2022-06-30.xml,2673
2022,2022-06-03T05:00:00-03:00,2022-06-03T04:45:00-03:00,2022-06-03 04:45:00,0.0,416.00,Dado aprovado,True,outputs/pesquisa-cobertura-reserva-2022-20260922/raw/ana-86510000-2022-06-01--2022-06-30.xml,2669
2022,2022-06-03T06:00:00-03:00,2022-06-03T05:45:00-03:00,2022-06-03 05:45:00,0.0,414.00,Dado aprovado,True,outputs/pesquisa-cobertura-reserva-2022-20260922/raw/ana-86510000-2022-06-01--2022-06-30.xml,2665
2022,2022-06-03T07:00:00-03:00,2022-06-03T06:45:00-03:00,2022-06-03 06:45:00,0.0,413.00,Dado aprovado,True,outputs/pesquisa-cobertura-reserva-2022-20260922/raw/ana-86510000-2022-06-01--2022-06-30.xml,2661
2022,2022-06-03T08:00:00-03:00,2022-06-03T07:45:00-03:00,2022-06-03 07:45:00,0.0,409.00,Dado aprovado,True,outputs/pesquisa-cobertura-reserva-2022-20260922/raw/ana-86510000-2022-06-01--2022-06-30.xml,2657
2022,2022-06-03T09:00:00-03:00,2022-06-03T08:45:00-03:00,2022-06-03 08:45:00,0.0,409.00,Dado aprovado,True,outputs/pesquisa-cobertura-reserva-2022-20260922/raw/ana-86510000-2022-06-01--2022-06-30.xml,2653
2022,2022-06-03T10:00:00-03:00,2022-06-03T09:45:00-03:00,2022-06-03 09:45:00,0.0,407.00,Dado aprovado,True,outputs/pesquisa-cobertura-reserva-2022-20260922/raw/ana-86510000-2022-06-01--2022-06-30.xml,2649
2022,2022-06-03T11:00:00-03:00,2022-06-03T10:45:00-03:00,2022-06-03 10:45:00,0.0,406.00,Dado aprovado,True,outputs/pesquisa-cobertura-reserva-2022-20260922/raw/ana-86510000-2022-06-01--2022-06-30.xml,2645
2022,2022-06-03T12:00:00-03:00,2022-06-03T11:45:00-03:00,2022-06-03 11:45:00,0.0,405.00,Dado aprovado,True,outputs/pesquisa-cobertura-reserva-2022-20260922/raw/ana-86510000-2022-06-01--2022-06-30.xml,2641
2022,2022-06-03T13:00:00-03:00,2022-06-03T12:45:00-03:00,2022-06-03 12:45:00,0.0,401.00,Dado aprovado,True,outputs/pesquisa-cobertura-reserva-2022-20260922/raw/ana-86510000-2022-06-01--2022-06-30.xml,2637
2022,2022-06-03T14:00:00-03:00,2022-06-03T13:45:00-03:00,2022-06-03 13:45:00,0.0,401.00,Dado aprovado,True,outputs/pesquisa-cobertura-reserva-2022-20260922/raw/ana-86510000-2022-06-01--2022-06-30.xml,2633
2022,2022-06-03T15:00:00-03:00,2022-06-03T14:45:00-03:00,2022-06-03 14:45:00,0.0,400.00,Dado aprovado,True,outputs/pesquisa-cobertura-reserva-2022-20260922/raw/ana-86510000-2022-06-01--2022-06-30.xml,2629
2022,2022-06-03T16:00:00-03:00,2022-06-03T15:45:00-03:00,2022-06-03 15:45:00,0.0,397.00,Dado aprovado,True,outputs/pesquisa-cobertura-reserva-2022-20260922/raw/ana-86510000-2022-06-01--2022-06-30.xml,2625
2022,2022-06-03T17:00:00-03:00,2022-06-03T16:45:00-03:00,2022-06-03 16:45:00,0.0,395.00,Dado aprovado,True,outputs/pesquisa-cobertura-reserva-2022-20260922/raw/ana-86510000-2022-06-01--2022-06-30.xml,2621
2022,2022-06-03T18:00:00-03:00,2022-06-03T17:45:00-03:00,2022-06-03 17:45:00,0.0,394.00,Dado aprovado,True,outputs/pesquisa-cobertura-reserva-2022-20260922/raw/ana-86510000-2022-06-01--2022-06-30.xml,2617
2022,2022-06-03T19:00:00-03:00,2022-06-03T18:45:00-03:00,2022-06-03 18:45:00,0.0,394.00,Dado aprovado,True,outputs/pesquisa-cobertura-reserva-2022-20260922/raw/ana-86510000-2022-06-01--2022-06-30.xml,2613
2022,2022-06-03T20:00:00-03:00,2022-06-03T19:45:00-03:00,2022-06-03 19:45:00,0.0,390.00,Dado aprovado,True,outputs/pesquisa-cobertura-reserva-2022-20260922/raw/ana-86510000-2022-06-01--2022-06-30.xml,2609
2022,2022-06-03T21:00:00-03:00,2022-06-03T20:45:00-03:00,2022-06-03 20:45:00,0.0,389.00,Dado aprovado,True,outputs/pesquisa-cobertura-reserva-2022-20260922/raw/ana-86510000-2022-06-01--2022-06-30.xml,2605
2022,2022-06-03T22:00:00-03:00,2022-06-03T21:45:00-03:00,2022-06-03 21:45:00,0.0,387.00,Dado aprovado,True,outputs/pesquisa-cobertura-reserva-2022-20260922/raw/ana-86510000-2022-06-01--2022-06-30.xml,2601
2022,2022-06-03T23:00:00-03:00,2022-06-03T22:45:00-03:00,2022-06-03 22:45:00,0.0,384.00,Dado aprovado,True,outputs/pesquisa-cobertura-reserva-2022-20260922/raw/ana-86510000-2022-06-01--2022-06-30.xml,2597
2022,2022-06-04T00:00:00-03:00,2022-06-03T23:45:00-03:00,2022-06-03 23:45:00,0.0,382.00,Dado aprovado,True,outputs/pesquisa-cobertura-reserva-2022-20260922/raw/ana-86510000-2022-06-01--2022-06-30.xml,2593
2022,2022-06-04T01:00:00-03:00,2022-06-04T00:45:00-03:00,2022-06-04 00:45:00,0.0,381.00,Dado aprovado,True,outputs/pesquisa-cobertura-reserva-2022-20260922/raw/ana-86510000-2022-06-01--2022-06-30.xml,2589
2022,2022-06-04T02:00:00-03:00,2022-06-04T01:45:00-03:00,2022-06-04 01:45:00,0.0,379.00,Dado aprovado,True,outputs/pesquisa-cobertura-reserva-2022-20260922/raw/ana-86510000-2022-06-01--2022-06-30.xml,2585
2022,2022-06-04T03:00:00-03:00,2022-06-04T02:45:00-03:00,2022-06-04 02:45:00,0.0,377.00,Dado aprovado,True,outputs/pesquisa-cobertura-reserva-2022-20260922/raw/ana-86510000-2022-06-01--2022-06-30.xml,2581
2022,2022-06-04T04:00:00-03:00,2022-06-04T03:45:00-03:00,2022-06-04 03:45:00,0.0,376.00,Dado aprovado,True,outputs/pesquisa-cobertura-reserva-2022-20260922/raw/ana-86510000-2022-06-01--2022-06-30.xml,2577
2022,2022-06-04T05:00:00-03:00,2022-06-04T04:45:00-03:00,2022-06-04 04:45:00,0.0,375.00,Dado aprovado,True,outputs/pesquisa-cobertura-reserva-2022-20260922/raw/ana-86510000-2022-06-01--2022-06-30.xml,2573
2022,2022-06-04T06:00:00-03:00,2022-06-04T05:45:00-03:00,2022-06-04 05:45:00,0.0,373.00,Dado aprovado,True,outputs/pesquisa-cobertura-reserva-2022-20260922/raw/ana-86510000-2022-06-01--2022-06-30.xml,2569
2022,2022-06-04T07:00:00-03:00,2022-06-04T06:45:00-03:00,2022-06-04 06:45:00,0.0,372.00,Dado aprovado,True,outputs/pesquisa-cobertura-reserva-2022-20260922/raw/ana-86510000-2022-06-01--2022-06-30.xml,2565
2022,2022-06-04T08:00:00-03:00,2022-06-04T07:45:00-03:00,2022-06-04 07:45:00,0.0,370.00,Dado aprovado,True,outputs/pesquisa-cobertura-reserva-2022-20260922/raw/ana-86510000-2022-06-01--2022-06-30.xml,2561
2022,2022-06-04T09:00:00-03:00,2022-06-04T08:45:00-03:00,2022-06-04 08:45:00,0.0,370.00,Dado aprovado,True,outputs/pesquisa-cobertura-reserva-2022-20260922/raw/ana-86510000-2022-06-01--2022-06-30.xml,2557
2022,2022-06-04T10:00:00-03:00,2022-06-04T09:45:00-03:00,2022-06-04 09:45:00,0.0,368.00,Dado aprovado,True,outputs/pesquisa-cobertura-reserva-2022-20260922/raw/ana-86510000-2022-06-01--2022-06-30.xml,2553
2022,2022-06-04T11:00:00-03:00,2022-06-04T10:45:00-03:00,2022-06-04 10:45:00,0.0,366.00,Dado aprovado,True,outputs/pesquisa-cobertura-reserva-2022-20260922/raw/ana-86510000-2022-06-01--2022-06-30.xml,2549
2022,2022-06-04T12:00:00-03:00,2022-06-04T11:45:00-03:00,2022-06-04 11:45:00,0.0,367.00,Dado aprovado,True,outputs/pesquisa-cobertura-reserva-2022-20260922/raw/ana-86510000-2022-06-01--2022-06-30.xml,2545
2022,2022-06-04T13:00:00-03:00,2022-06-04T12:45:00-03:00,2022-06-04 12:45:00,0.0,365.00,Dado aprovado,True,outputs/pesquisa-cobertura-reserva-2022-20260922/raw/ana-86510000-2022-06-01--2022-06-30.xml,2541
2022,2022-06-04T14:00:00-03:00,2022-06-04T13:45:00-03:00,2022-06-04 13:45:00,0.0,363.00,Dado aprovado,True,outputs/pesquisa-cobertura-reserva-2022-20260922/raw/ana-86510000-2022-06-01--2022-06-30.xml,2537
2022,2022-06-04T15:00:00-03:00,2022-06-04T14:45:00-03:00,2022-06-04 14:45:00,0.0,362.00,Dado aprovado,True,outputs/pesquisa-cobertura-reserva-2022-20260922/raw/ana-86510000-2022-06-01--2022-06-30.xml,2533
2022,2022-06-04T16:00:00-03:00,2022-06-04T15:45:00-03:00,2022-06-04 15:45:00,0.0,361.00,Dado aprovado,True,outputs/pesquisa-cobertura-reserva-2022-20260922/raw/ana-86510000-2022-06-01--2022-06-30.xml,2529
2022,2022-06-04T17:00:00-03:00,2022-06-04T16:45:00-03:00,2022-06-04 16:45:00,0.0,360.00,Dado aprovado,True,outputs/pesquisa-cobertura-reserva-2022-20260922/raw/ana-86510000-2022-06-01--2022-06-30.xml,2525
2022,2022-06-04T18:00:00-03:00,2022-06-04T17:45:00-03:00,2022-06-04 17:45:00,0.0,358.00,Dado aprovado,True,outputs/pesquisa-cobertura-reserva-2022-20260922/raw/ana-86510000-2022-06-01--2022-06-30.xml,2521
2022,2022-06-04T19:00:00-03:00,2022-06-04T18:45:00-03:00,2022-06-04 18:45:00,0.0,358.00,Dado aprovado,True,outputs/pesquisa-cobertura-reserva-2022-20260922/raw/ana-86510000-2022-06-01--2022-06-30.xml,2517
2022,2022-06-04T20:00:00-03:00,2022-06-04T19:45:00-03:00,2022-06-04 19:45:00,0.0,356.00,Dado aprovado,True,outputs/pesquisa-cobertura-reserva-2022-20260922/raw/ana-86510000-2022-06-01--2022-06-30.xml,2513
2022,2022-06-04T21:00:00-03:00,2022-06-04T20:45:00-03:00,2022-06-04 20:45:00,0.0,355.00,Dado aprovado,True,outputs/pesquisa-cobertura-reserva-2022-20260922/raw/ana-86510000-2022-06-01--2022-06-30.xml,2509
2022,2022-06-04T22:00:00-03:00,2022-06-04T21:45:00-03:00,2022-06-04 21:45:00,0.0,354.00,Dado aprovado,True,outputs/pesquisa-cobertura-reserva-2022-20260922/raw/ana-86510000-2022-06-01--2022-06-30.xml,2505
2022,2022-06-04T23:00:00-03:00,2022-06-04T22:45:00-03:00,2022-06-04 22:45:00,0.0,353.00,Dado aprovado,True,outputs/pesquisa-cobertura-reserva-2022-20260922/raw/ana-86510000-2022-06-01--2022-06-30.xml,2501
2022,2022-06-05T00:00:00-03:00,2022-06-04T23:45:00-03:00,2022-06-04 23:45:00,0.0,353.00,Dado aprovado,True,outputs/pesquisa-cobertura-reserva-2022-20260922/raw/ana-86510000-2022-06-01--2022-06-30.xml,2497
2022,2022-06-05T01:00:00-03:00,2022-06-05T00:45:00-03:00,2022-06-05 00:45:00,0.0,351.00,Dado aprovado,True,outputs/pesquisa-cobertura-reserva-2022-20260922/raw/ana-86510000-2022-06-01--2022-06-30.xml,2493
2022,2022-06-05T02:00:00-03:00,2022-06-05T01:45:00-03:00,2022-06-05 01:45:00,0.0,350.00,Dado aprovado,True,outputs/pesquisa-cobertura-reserva-2022-20260922/raw/ana-86510000-2022-06-01--2022-06-30.xml,2489
2022,2022-06-05T03:00:00-03:00,2022-06-05T02:45:00-03:00,2022-06-05 02:45:00,0.0,349.00,Dado aprovado,True,outputs/pesquisa-cobertura-reserva-2022-20260922/raw/ana-86510000-2022-06-01--2022-06-30.xml,2485
2022,2022-06-05T04:00:00-03:00,2022-06-05T03:45:00-03:00,2022-06-05 03:45:00,0.0,349.00,Dado aprovado,True,outputs/pesquisa-cobertura-reserva-2022-20260922/raw/ana-86510000-2022-06-01--2022-06-30.xml,2481
2022,2022-06-05T05:00:00-03:00,2022-06-05T04:45:00-03:00,2022-06-05 04:45:00,0.0,348.00,Dado aprovado,True,outputs/pesquisa-cobertura-reserva-2022-20260922/raw/ana-86510000-2022-06-01--2022-06-30.xml,2477
2022,2022-06-05T06:00:00-03:00,2022-06-05T05:45:00-03:00,2022-06-05 05:45:00,0.0,347.00,Dado aprovado,True,outputs/pesquisa-cobertura-reserva-2022-20260922/raw/ana-86510000-2022-06-01--2022-06-30.xml,2473
2022,2022-06-05T07:00:00-03:00,2022-06-05T06:45:00-03:00,2022-06-05 06:45:00,0.0,345.00,Dado aprovado,True,outputs/pesquisa-cobertura-reserva-2022-20260922/raw/ana-86510000-2022-06-01--2022-06-30.xml,2469
2022,2022-06-05T08:00:00-03:00,2022-06-05T07:45:00-03:00,2022-06-05 07:45:00,0.0,345.00,Dado aprovado,True,outputs/pesquisa-cobertura-reserva-2022-20260922/raw/ana-86510000-2022-06-01--2022-06-30.xml,2465
2022,2022-06-05T09:00:00-03:00,2022-06-05T08:45:00-03:00,2022-06-05 08:45:00,0.0,344.00,Dado aprovado,True,outputs/pesquisa-cobertura-reserva-2022-20260922/raw/ana-86510000-2022-06-01--2022-06-30.xml,2461
2022,2022-06-05T10:00:00-03:00,2022-06-05T09:45:00-03:00,2022-06-05 09:45:00,0.0,343.00,Dado aprovado,True,outputs/pesquisa-cobertura-reserva-2022-20260922/raw/ana-86510000-2022-06-01--2022-06-30.xml,2457
2022,2022-06-05T11:00:00-03:00,2022-06-05T10:45:00-03:00,2022-06-05 10:45:00,0.0,342.00,Dado aprovado,True,outputs/pesquisa-cobertura-reserva-2022-20260922/raw/ana-86510000-2022-06-01--2022-06-30.xml,2453
2022,2022-06-05T12:00:00-03:00,2022-06-05T11:45:00-03:00,2022-06-05 11:45:00,0.0,340.00,Dado aprovado,True,outputs/pesquisa-cobertura-reserva-2022-20260922/raw/ana-86510000-2022-06-01--2022-06-30.xml,2449
2022,2022-06-05T13:00:00-03:00,2022-06-05T12:45:00-03:00,2022-06-05 12:45:00,0.0,338.00,Dado aprovado,True,outputs/pesquisa-cobertura-reserva-2022-20260922/raw/ana-86510000-2022-06-01--2022-06-30.xml,2445
2022,2022-06-05T14:00:00-03:00,2022-06-05T13:45:00-03:00,2022-06-05 13:45:00,0.0,337.00,Dado aprovado,True,outputs/pesquisa-cobertura-reserva-2022-20260922/raw/ana-86510000-2022-06-01--2022-06-30.xml,2441
2022,2022-06-05T15:00:00-03:00,2022-06-05T14:45:00-03:00,2022-06-05 14:45:00,0.0,336.00,Dado aprovado,True,outputs/pesquisa-cobertura-reserva-2022-20260922/raw/ana-86510000-2022-06-01--2022-06-30.xml,2437
2022,2022-06-05T16:00:00-03:00,2022-06-05T15:45:00-03:00,2022-06-05 15:45:00,0.0,335.00,Dado aprovado,True,outputs/pesquisa-cobertura-reserva-2022-20260922/raw/ana-86510000-2022-06-01--2022-06-30.xml,2433
2022,2022-06-05T17:00:00-03:00,2022-06-05T16:45:00-03:00,2022-06-05 16:45:00,0.0,336.00,Dado aprovado,True,outputs/pesquisa-cobertura-reserva-2022-20260922/raw/ana-86510000-2022-06-01--2022-06-30.xml,2429
2022,2022-06-05T18:00:00-03:00,2022-06-05T17:45:00-03:00,2022-06-05 17:45:00,0.0,336.00,Dado aprovado,True,outputs/pesquisa-cobertura-reserva-2022-20260922/raw/ana-86510000-2022-06-01--2022-06-30.xml,2425
2022,2022-06-05T19:00:00-03:00,2022-06-05T18:45:00-03:00,2022-06-05 18:45:00,0.0,336.00,Dado aprovado,True,outputs/pesquisa-cobertura-reserva-2022-20260922/raw/ana-86510000-2022-06-01--2022-06-30.xml,2421
2022,2022-06-05T20:00:00-03:00,2022-06-05T19:45:00-03:00,2022-06-05 19:45:00,0.0,,,False,outputs/pesquisa-cobertura-reserva-2022-20260922/raw/ana-86510000-2022-06-01--2022-06-30.xml,2417
2022,2022-06-05T21:00:00-03:00,2022-06-05T20:45:00-03:00,2022-06-05 20:45:00,0.0,338.00,Dado aprovado,True,outputs/pesquisa-cobertura-reserva-2022-20260922/raw/ana-86510000-2022-06-01--2022-06-30.xml,2413
2022,2022-06-05T22:00:00-03:00,2022-06-05T21:45:00-03:00,2022-06-05 21:45:00,0.0,338.00,Dado aprovado,True,outputs/pesquisa-cobertura-reserva-2022-20260922/raw/ana-86510000-2022-06-01--2022-06-30.xml,2409
2022,2022-06-05T23:00:00-03:00,2022-06-05T22:45:00-03:00,2022-06-05 22:45:00,0.0,338.00,Dado aprovado,True,outputs/pesquisa-cobertura-reserva-2022-20260922/raw/ana-86510000-2022-06-01--2022-06-30.xml,2405
2022,2022-06-06T00:00:00-03:00,2022-06-05T23:45:00-03:00,2022-06-05 23:45:00,0.0,338.00,Dado aprovado,True,outputs/pesquisa-cobertura-reserva-2022-20260922/raw/ana-86510000-2022-06-01--2022-06-30.xml,2401
2022,2022-06-06T01:00:00-03:00,2022-06-06T00:45:00-03:00,2022-06-06 00:45:00,0.0,340.00,Dado aprovado,True,outputs/pesquisa-cobertura-reserva-2022-20260922/raw/ana-86510000-2022-06-01--2022-06-30.xml,2397
2022,2022-06-06T02:00:00-03:00,2022-06-06T01:45:00-03:00,2022-06-06 01:45:00,0.0,342.00,Dado aprovado,True,outputs/pesquisa-cobertura-reserva-2022-20260922/raw/ana-86510000-2022-06-01--2022-06-30.xml,2393
2022,2022-06-06T03:00:00-03:00,2022-06-06T02:45:00-03:00,2022-06-06 02:45:00,0.0,351.00,Dado aprovado,True,outputs/pesquisa-cobertura-reserva-2022-20260922/raw/ana-86510000-2022-06-01--2022-06-30.xml,2389
2022,2022-06-06T04:00:00-03:00,2022-06-06T03:45:00-03:00,2022-06-06 03:45:00,0.0,360.00,Dado aprovado,True,outputs/pesquisa-cobertura-reserva-2022-20260922/raw/ana-86510000-2022-06-01--2022-06-30.xml,2385
2022,2022-06-06T05:00:00-03:00,2022-06-06T04:45:00-03:00,2022-06-06 04:45:00,0.0,366.00,Dado aprovado,True,outputs/pesquisa-cobertura-reserva-2022-20260922/raw/ana-86510000-2022-06-01--2022-06-30.xml,2381
2022,2022-06-06T06:00:00-03:00,2022-06-06T05:45:00-03:00,2022-06-06 05:45:00,0.0,374.00,Dado aprovado,True,outputs/pesquisa-cobertura-reserva-2022-20260922/raw/ana-86510000-2022-06-01--2022-06-30.xml,2377
2022,2022-06-06T07:00:00-03:00,2022-06-06T06:45:00-03:00,2022-06-06 06:45:00,0.0,387.00,Dado aprovado,True,outputs/pesquisa-cobertura-reserva-2022-20260922/raw/ana-86510000-2022-06-01--2022-06-30.xml,2373
2022,2022-06-06T08:00:00-03:00,2022-06-06T07:45:00-03:00,2022-06-06 07:45:00,0.0,405.00,Dado aprovado,True,outputs/pesquisa-cobertura-reserva-2022-20260922/raw/ana-86510000-2022-06-01--2022-06-30.xml,2369
2022,2022-06-06T09:00:00-03:00,2022-06-06T08:45:00-03:00,2022-06-06 08:45:00,0.0,427.00,Dado aprovado,True,outputs/pesquisa-cobertura-reserva-2022-20260922/raw/ana-86510000-2022-06-01--2022-06-30.xml,2365
2022,2022-06-06T10:00:00-03:00,2022-06-06T09:45:00-03:00,2022-06-06 09:45:00,0.0,452.00,Dado aprovado,True,outputs/pesquisa-cobertura-reserva-2022-20260922/raw/ana-86510000-2022-06-01--2022-06-30.xml,2361
2022,2022-06-06T11:00:00-03:00,2022-06-06T10:45:00-03:00,2022-06-06 10:45:00,0.0,483.00,Dado aprovado,True,outputs/pesquisa-cobertura-reserva-2022-20260922/raw/ana-86510000-2022-06-01--2022-06-30.xml,2357
2022,2022-06-06T12:00:00-03:00,2022-06-06T11:45:00-03:00,2022-06-06 11:45:00,0.0,513.00,Dado aprovado,True,outputs/pesquisa-cobertura-reserva-2022-20260922/raw/ana-86510000-2022-06-01--2022-06-30.xml,2353
2022,2022-06-06T13:00:00-03:00,2022-06-06T12:45:00-03:00,2022-06-06 12:45:00,0.0,543.00,Dado aprovado,True,outputs/pesquisa-cobertura-reserva-2022-20260922/raw/ana-86510000-2022-06-01--2022-06-30.xml,2349
2022,2022-06-06T14:00:00-03:00,2022-06-06T13:45:00-03:00,2022-06-06 13:45:00,0.0,584.00,Dado aprovado,True,outputs/pesquisa-cobertura-reserva-2022-20260922/raw/ana-86510000-2022-06-01--2022-06-30.xml,2345
2022,2022-06-06T15:00:00-03:00,2022-06-06T14:45:00-03:00,2022-06-06 14:45:00,0.0,662.00,Dado aprovado,True,outputs/pesquisa-cobertura-reserva-2022-20260922/raw/ana-86510000-2022-06-01--2022-06-30.xml,2341
2022,2022-06-06T16:00:00-03:00,2022-06-06T15:45:00-03:00,2022-06-06 15:45:00,0.0,754.00,Dado aprovado,True,outputs/pesquisa-cobertura-reserva-2022-20260922/raw/ana-86510000-2022-06-01--2022-06-30.xml,2337
2022,2022-06-06T17:00:00-03:00,2022-06-06T16:45:00-03:00,2022-06-06 16:45:00,0.0,839.00,Dado aprovado,True,outputs/pesquisa-cobertura-reserva-2022-20260922/raw/ana-86510000-2022-06-01--2022-06-30.xml,2333
2022,2022-06-06T18:00:00-03:00,2022-06-06T17:45:00-03:00,2022-06-06 17:45:00,0.0,916.00,Dado aprovado,True,outputs/pesquisa-cobertura-reserva-2022-20260922/raw/ana-86510000-2022-06-01--2022-06-30.xml,2329
2022,2022-06-06T19:00:00-03:00,2022-06-06T18:45:00-03:00,2022-06-06 18:45:00,0.0,973.00,Dado aprovado,True,outputs/pesquisa-cobertura-reserva-2022-20260922/raw/ana-86510000-2022-06-01--2022-06-30.xml,2325
2022,2022-06-06T20:00:00-03:00,2022-06-06T19:45:00-03:00,2022-06-06 19:45:00,0.0,1020.00,Dado aprovado,True,outputs/pesquisa-cobertura-reserva-2022-20260922/raw/ana-86510000-2022-06-01--2022-06-30.xml,2321
2022,2022-06-06T21:00:00-03:00,2022-06-06T20:45:00-03:00,2022-06-06 20:45:00,0.0,1060.00,Dado aprovado,True,outputs/pesquisa-cobertura-reserva-2022-20260922/raw/ana-86510000-2022-06-01--2022-06-30.xml,2317
2022,2022-06-06T22:00:00-03:00,2022-06-06T21:45:00-03:00,2022-06-06 21:45:00,0.0,1096.00,Dado aprovado,True,outputs/pesquisa-cobertura-reserva-2022-20260922/raw/ana-86510000-2022-06-01--2022-06-30.xml,2313
2022,2022-06-06T23:00:00-03:00,2022-06-06T22:45:00-03:00,2022-06-06 22:45:00,0.0,1127.00,Dado aprovado,True,outputs/pesquisa-cobertura-reserva-2022-20260922/raw/ana-86510000-2022-06-01--2022-06-30.xml,2309
2022,2022-06-07T00:00:00-03:00,2022-06-06T23:45:00-03:00,2022-06-06 23:45:00,0.0,1162.00,Dado aprovado,True,outputs/pesquisa-cobertura-reserva-2022-20260922/raw/ana-86510000-2022-06-01--2022-06-30.xml,2305
2022,2022-06-07T01:00:00-03:00,2022-06-07T00:45:00-03:00,2022-06-07 00:45:00,0.0,1186.00,Dado aprovado,True,outputs/pesquisa-cobertura-reserva-2022-20260922/raw/ana-86510000-2022-06-01--2022-06-30.xml,2301
2022,2022-06-07T02:00:00-03:00,2022-06-07T01:45:00-03:00,2022-06-07 01:45:00,0.0,1209.00,Dado aprovado,True,outputs/pesquisa-cobertura-reserva-2022-20260922/raw/ana-86510000-2022-06-01--2022-06-30.xml,2297
2022,2022-06-07T03:00:00-03:00,2022-06-07T02:45:00-03:00,2022-06-07 02:45:00,0.0,1228.00,Dado aprovado,True,outputs/pesquisa-cobertura-reserva-2022-20260922/raw/ana-86510000-2022-06-01--2022-06-30.xml,2293
2022,2022-06-07T04:00:00-03:00,2022-06-07T03:45:00-03:00,2022-06-07 03:45:00,0.0,1237.00,Dado aprovado,True,outputs/pesquisa-cobertura-reserva-2022-20260922/raw/ana-86510000-2022-06-01--2022-06-30.xml,2289
2022,2022-06-07T05:00:00-03:00,2022-06-07T04:45:00-03:00,2022-06-07 04:45:00,0.0,1238.00,Dado aprovado,True,outputs/pesquisa-cobertura-reserva-2022-20260922/raw/ana-86510000-2022-06-01--2022-06-30.xml,2285
2022,2022-06-07T06:00:00-03:00,2022-06-07T05:45:00-03:00,2022-06-07 05:45:00,0.0,1243.00,Dado aprovado,True,outputs/pesquisa-cobertura-reserva-2022-20260922/raw/ana-86510000-2022-06-01--2022-06-30.xml,2281
2022,2022-06-07T07:00:00-03:00,2022-06-07T06:45:00-03:00,2022-06-07 06:45:00,0.0,1236.00,Dado aprovado,True,outputs/pesquisa-cobertura-reserva-2022-20260922/raw/ana-86510000-2022-06-01--2022-06-30.xml,2277
2022,2022-06-07T08:00:00-03:00,2022-06-07T07:45:00-03:00,2022-06-07 07:45:00,0.0,1230.00,Dado aprovado,True,outputs/pesquisa-cobertura-reserva-2022-20260922/raw/ana-86510000-2022-06-01--2022-06-30.xml,2273
2022,2022-06-07T09:00:00-03:00,2022-06-07T08:45:00-03:00,2022-06-07 08:45:00,0.0,1220.00,Dado aprovado,True,outputs/pesquisa-cobertura-reserva-2022-20260922/raw/ana-86510000-2022-06-01--2022-06-30.xml,2269
2022,2022-06-07T10:00:00-03:00,2022-06-07T09:45:00-03:00,2022-06-07 09:45:00,0.0,1210.00,Dado aprovado,True,outputs/pesquisa-cobertura-reserva-2022-20260922/raw/ana-86510000-2022-06-01--2022-06-30.xml,2265
2022,2022-06-07T11:00:00-03:00,2022-06-07T10:45:00-03:00,2022-06-07 10:45:00,0.0,1200.00,Dado aprovado,True,outputs/pesquisa-cobertura-reserva-2022-20260922/raw/ana-86510000-2022-06-01--2022-06-30.xml,2261
2022,2022-06-07T12:00:00-03:00,2022-06-07T11:45:00-03:00,2022-06-07 11:45:00,0.0,1182.00,Dado aprovado,True,outputs/pesquisa-cobertura-reserva-2022-20260922/raw/ana-86510000-2022-06-01--2022-06-30.xml,2257
2022,2022-06-07T13:00:00-03:00,2022-06-07T12:45:00-03:00,2022-06-07 12:45:00,0.0,1169.00,Dado aprovado,True,outputs/pesquisa-cobertura-reserva-2022-20260922/raw/ana-86510000-2022-06-01--2022-06-30.xml,2253
2022,2022-06-07T14:00:00-03:00,2022-06-07T13:45:00-03:00,2022-06-07 13:45:00,0.0,1150.00,Dado aprovado,True,outputs/pesquisa-cobertura-reserva-2022-20260922/raw/ana-86510000-2022-06-01--2022-06-30.xml,2249
2022,2022-06-07T15:00:00-03:00,2022-06-07T14:45:00-03:00,2022-06-07 14:45:00,0.0,1131.00,Dado aprovado,True,outputs/pesquisa-cobertura-reserva-2022-20260922/raw/ana-86510000-2022-06-01--2022-06-30.xml,2245
2022,2022-06-07T16:00:00-03:00,2022-06-07T15:45:00-03:00,2022-06-07 15:45:00,0.0,1113.00,Dado aprovado,True,outputs/pesquisa-cobertura-reserva-2022-20260922/raw/ana-86510000-2022-06-01--2022-06-30.xml,2241
2022,2022-06-07T17:00:00-03:00,2022-06-07T16:45:00-03:00,2022-06-07 16:45:00,0.0,1094.00,Dado aprovado,True,outputs/pesquisa-cobertura-reserva-2022-20260922/raw/ana-86510000-2022-06-01--2022-06-30.xml,2237
2022,2022-06-07T18:00:00-03:00,2022-06-07T17:45:00-03:00,2022-06-07 17:45:00,0.0,1072.00,Dado aprovado,True,outputs/pesquisa-cobertura-reserva-2022-20260922/raw/ana-86510000-2022-06-01--2022-06-30.xml,2233
2022,2022-06-07T19:00:00-03:00,2022-06-07T18:45:00-03:00,2022-06-07 18:45:00,0.0,1052.00,Dado aprovado,True,outputs/pesquisa-cobertura-reserva-2022-20260922/raw/ana-86510000-2022-06-01--2022-06-30.xml,2229
2022,2022-06-07T20:00:00-03:00,2022-06-07T19:45:00-03:00,2022-06-07 19:45:00,0.0,1026.00,Dado aprovado,True,outputs/pesquisa-cobertura-reserva-2022-20260922/raw/ana-86510000-2022-06-01--2022-06-30.xml,2225
2022,2022-06-07T21:00:00-03:00,2022-06-07T20:45:00-03:00,2022-06-07 20:45:00,0.0,1005.00,Dado aprovado,True,outputs/pesquisa-cobertura-reserva-2022-20260922/raw/ana-86510000-2022-06-01--2022-06-30.xml,2221
2022,2022-06-07T22:00:00-03:00,2022-06-07T21:45:00-03:00,2022-06-07 21:45:00,0.0,986.00,Dado aprovado,True,outputs/pesquisa-cobertura-reserva-2022-20260922/raw/ana-86510000-2022-06-01--2022-06-30.xml,2217
2022,2022-06-07T23:00:00-03:00,2022-06-07T22:45:00-03:00,2022-06-07 22:45:00,0.0,969.00,Dado aprovado,True,outputs/pesquisa-cobertura-reserva-2022-20260922/raw/ana-86510000-2022-06-01--2022-06-30.xml,2213
2022,2022-06-08T00:00:00-03:00,2022-06-07T23:45:00-03:00,2022-06-07 23:45:00,0.0,,,False,outputs/pesquisa-cobertura-reserva-2022-20260922/raw/ana-86510000-2022-06-01--2022-06-30.xml,2209
2022,2022-06-08T01:00:00-03:00,2022-06-08T00:45:00-03:00,2022-06-08 00:45:00,0.0,925.00,Dado aprovado,True,outputs/pesquisa-cobertura-reserva-2022-20260922/raw/ana-86510000-2022-06-01--2022-06-30.xml,2205
2022,2022-06-08T02:00:00-03:00,2022-06-08T01:45:00-03:00,2022-06-08 01:45:00,0.0,904.00,Dado aprovado,True,outputs/pesquisa-cobertura-reserva-2022-20260922/raw/ana-86510000-2022-06-01--2022-06-30.xml,2201
2022,2022-06-08T03:00:00-03:00,2022-06-08T02:45:00-03:00,2022-06-08 02:45:00,0.0,883.00,Dado aprovado,True,outputs/pesquisa-cobertura-reserva-2022-20260922/raw/ana-86510000-2022-06-01--2022-06-30.xml,2197
2022,2022-06-08T04:00:00-03:00,2022-06-08T03:45:00-03:00,2022-06-08 03:45:00,0.0,868.00,Dado aprovado,True,outputs/pesquisa-cobertura-reserva-2022-20260922/raw/ana-86510000-2022-06-01--2022-06-30.xml,2193
2022,2022-06-08T05:00:00-03:00,2022-06-08T04:45:00-03:00,2022-06-08 04:45:00,0.0,853.00,Dado aprovado,True,outputs/pesquisa-cobertura-reserva-2022-20260922/raw/ana-86510000-2022-06-01--2022-06-30.xml,2189
2022,2022-06-08T06:00:00-03:00,2022-06-08T05:45:00-03:00,2022-06-08 05:45:00,0.0,844.00,Dado aprovado,True,outputs/pesquisa-cobertura-reserva-2022-20260922/raw/ana-86510000-2022-06-01--2022-06-30.xml,2185
2022,2022-06-08T07:00:00-03:00,2022-06-08T06:45:00-03:00,2022-06-08 06:45:00,0.0,833.00,Dado aprovado,True,outputs/pesquisa-cobertura-reserva-2022-20260922/raw/ana-86510000-2022-06-01--2022-06-30.xml,2181
2022,2022-06-08T08:00:00-03:00,2022-06-08T07:45:00-03:00,2022-06-08 07:45:00,0.0,819.00,Dado aprovado,True,outputs/pesquisa-cobertura-reserva-2022-20260922/raw/ana-86510000-2022-06-01--2022-06-30.xml,2177
2022,2022-06-08T09:00:00-03:00,2022-06-08T08:45:00-03:00,2022-06-08 08:45:00,0.0,802.00,Dado aprovado,True,outputs/pesquisa-cobertura-reserva-2022-20260922/raw/ana-86510000-2022-06-01--2022-06-30.xml,2173
2022,2022-06-08T10:00:00-03:00,2022-06-08T09:45:00-03:00,2022-06-08 09:45:00,0.0,785.00,Dado aprovado,True,outputs/pesquisa-cobertura-reserva-2022-20260922/raw/ana-86510000-2022-06-01--2022-06-30.xml,2169
2022,2022-06-08T11:00:00-03:00,2022-06-08T10:45:00-03:00,2022-06-08 10:45:00,0.0,771.00,Dado aprovado,True,outputs/pesquisa-cobertura-reserva-2022-20260922/raw/ana-86510000-2022-06-01--2022-06-30.xml,2165
2022,2022-06-08T12:00:00-03:00,2022-06-08T11:45:00-03:00,2022-06-08 11:45:00,0.0,755.00,Dado aprovado,True,outputs/pesquisa-cobertura-reserva-2022-20260922/raw/ana-86510000-2022-06-01--2022-06-30.xml,2161
2022,2022-06-08T13:00:00-03:00,2022-06-08T12:45:00-03:00,2022-06-08 12:45:00,0.0,745.00,Dado aprovado,True,outputs/pesquisa-cobertura-reserva-2022-20260922/raw/ana-86510000-2022-06-01--2022-06-30.xml,2157
2022,2022-06-08T14:00:00-03:00,2022-06-08T13:45:00-03:00,2022-06-08 13:45:00,0.0,738.00,Dado aprovado,True,outputs/pesquisa-cobertura-reserva-2022-20260922/raw/ana-86510000-2022-06-01--2022-06-30.xml,2153
2022,2022-06-08T15:00:00-03:00,2022-06-08T14:45:00-03:00,2022-06-08 14:45:00,0.0,728.00,Dado aprovado,True,outputs/pesquisa-cobertura-reserva-2022-20260922/raw/ana-86510000-2022-06-01--2022-06-30.xml,2149
2022,2022-06-08T16:00:00-03:00,2022-06-08T15:45:00-03:00,2022-06-08 15:45:00,0.0,719.00,Dado aprovado,True,outputs/pesquisa-cobertura-reserva-2022-20260922/raw/ana-86510000-2022-06-01--2022-06-30.xml,2145
2022,2022-06-08T17:00:00-03:00,2022-06-08T16:45:00-03:00,2022-06-08 16:45:00,0.0,708.00,Dado aprovado,True,outputs/pesquisa-cobertura-reserva-2022-20260922/raw/ana-86510000-2022-06-01--2022-06-30.xml,2141
2022,2022-06-08T18:00:00-03:00,2022-06-08T17:45:00-03:00,2022-06-08 17:45:00,0.0,703.00,Dado aprovado,True,outputs/pesquisa-cobertura-reserva-2022-20260922/raw/ana-86510000-2022-06-01--2022-06-30.xml,2137
2022,2022-06-08T19:00:00-03:00,2022-06-08T18:45:00-03:00,2022-06-08 18:45:00,0.0,696.00,Dado aprovado,True,outputs/pesquisa-cobertura-reserva-2022-20260922/raw/ana-86510000-2022-06-01--2022-06-30.xml,2133
2022,2022-06-08T20:00:00-03:00,2022-06-08T19:45:00-03:00,2022-06-08 19:45:00,0.0,689.00,Dado aprovado,True,outputs/pesquisa-cobertura-reserva-2022-20260922/raw/ana-86510000-2022-06-01--2022-06-30.xml,2129
2022,2022-06-08T21:00:00-03:00,2022-06-08T20:45:00-03:00,2022-06-08 20:45:00,0.0,682.00,Dado aprovado,True,outputs/pesquisa-cobertura-reserva-2022-20260922/raw/ana-86510000-2022-06-01--2022-06-30.xml,2125
2022,2022-06-08T22:00:00-03:00,2022-06-08T21:45:00-03:00,2022-06-08 21:45:00,0.0,675.00,Dado aprovado,True,outputs/pesquisa-cobertura-reserva-2022-20260922/raw/ana-86510000-2022-06-01--2022-06-30.xml,2121
2022,2022-06-08T23:00:00-03:00,2022-06-08T22:45:00-03:00,2022-06-08 22:45:00,0.0,668.00,Dado aprovado,True,outputs/pesquisa-cobertura-reserva-2022-20260922/raw/ana-86510000-2022-06-01--2022-06-30.xml,2117
2022,2022-06-09T00:00:00-03:00,2022-06-08T23:45:00-03:00,2022-06-08 23:45:00,0.0,663.00,Dado aprovado,True,outputs/pesquisa-cobertura-reserva-2022-20260922/raw/ana-86510000-2022-06-01--2022-06-30.xml,2113
2022,2022-06-09T01:00:00-03:00,2022-06-09T00:45:00-03:00,2022-06-09 00:45:00,0.0,653.00,Dado aprovado,True,outputs/pesquisa-cobertura-reserva-2022-20260922/raw/ana-86510000-2022-06-01--2022-06-30.xml,2109
2022,2022-06-09T02:00:00-03:00,2022-06-09T01:45:00-03:00,2022-06-09 01:45:00,0.0,647.00,Dado aprovado,True,outputs/pesquisa-cobertura-reserva-2022-20260922/raw/ana-86510000-2022-06-01--2022-06-30.xml,2105
2022,2022-06-09T03:00:00-03:00,2022-06-09T02:45:00-03:00,2022-06-09 02:45:00,0.0,638.00,Dado aprovado,True,outputs/pesquisa-cobertura-reserva-2022-20260922/raw/ana-86510000-2022-06-01--2022-06-30.xml,2101
2022,2022-06-09T04:00:00-03:00,2022-06-09T03:45:00-03:00,2022-06-09 03:45:00,0.0,631.00,Dado aprovado,True,outputs/pesquisa-cobertura-reserva-2022-20260922/raw/ana-86510000-2022-06-01--2022-06-30.xml,2097
2022,2022-06-09T05:00:00-03:00,2022-06-09T04:45:00-03:00,2022-06-09 04:45:00,0.0,626.00,Dado aprovado,True,outputs/pesquisa-cobertura-reserva-2022-20260922/raw/ana-86510000-2022-06-01--2022-06-30.xml,2093
2022,2022-06-09T06:00:00-03:00,2022-06-09T05:45:00-03:00,2022-06-09 05:45:00,0.0,620.00,Dado aprovado,True,outputs/pesquisa-cobertura-reserva-2022-20260922/raw/ana-86510000-2022-06-01--2022-06-30.xml,2089
2022,2022-06-09T07:00:00-03:00,2022-06-09T06:45:00-03:00,2022-06-09 06:45:00,0.0,614.00,Dado aprovado,True,outputs/pesquisa-cobertura-reserva-2022-20260922/raw/ana-86510000-2022-06-01--2022-06-30.xml,2085
2022,2022-06-09T08:00:00-03:00,2022-06-09T07:45:00-03:00,2022-06-09 07:45:00,0.0,611.00,Dado aprovado,True,outputs/pesquisa-cobertura-reserva-2022-20260922/raw/ana-86510000-2022-06-01--2022-06-30.xml,2081
2022,2022-06-09T09:00:00-03:00,2022-06-09T08:45:00-03:00,2022-06-09 08:45:00,0.0,607.00,Dado aprovado,True,outputs/pesquisa-cobertura-reserva-2022-20260922/raw/ana-86510000-2022-06-01--2022-06-30.xml,2077
2022,2022-06-09T10:00:00-03:00,2022-06-09T09:45:00-03:00,2022-06-09 09:45:00,0.0,597.00,Dado aprovado,True,outputs/pesquisa-cobertura-reserva-2022-20260922/raw/ana-86510000-2022-06-01--2022-06-30.xml,2073
2022,2022-06-09T11:00:00-03:00,2022-06-09T10:45:00-03:00,2022-06-09 10:45:00,0.0,590.00,Dado aprovado,True,outputs/pesquisa-cobertura-reserva-2022-20260922/raw/ana-86510000-2022-06-01--2022-06-30.xml,2069
2022,2022-06-09T12:00:00-03:00,2022-06-09T11:45:00-03:00,2022-06-09 11:45:00,0.0,586.00,Dado aprovado,True,outputs/pesquisa-cobertura-reserva-2022-20260922/raw/ana-86510000-2022-06-01--2022-06-30.xml,2065
2022,2022-06-09T13:00:00-03:00,2022-06-09T12:45:00-03:00,2022-06-09 12:45:00,0.0,579.00,Dado aprovado,True,outputs/pesquisa-cobertura-reserva-2022-20260922/raw/ana-86510000-2022-06-01--2022-06-30.xml,2061
2022,2022-06-09T14:00:00-03:00,2022-06-09T13:45:00-03:00,2022-06-09 13:45:00,0.0,577.00,Dado aprovado,True,outputs/pesquisa-cobertura-reserva-2022-20260922/raw/ana-86510000-2022-06-01--2022-06-30.xml,2057
2022,2022-06-09T15:00:00-03:00,2022-06-09T14:45:00-03:00,2022-06-09 14:45:00,0.0,569.00,Dado aprovado,True,outputs/pesquisa-cobertura-reserva-2022-20260922/raw/ana-86510000-2022-06-01--2022-06-30.xml,2053
2022,2022-06-09T16:00:00-03:00,2022-06-09T15:45:00-03:00,2022-06-09 15:45:00,0.0,565.00,Dado aprovado,True,outputs/pesquisa-cobertura-reserva-2022-20260922/raw/ana-86510000-2022-06-01--2022-06-30.xml,2049
2022,2022-06-09T17:00:00-03:00,2022-06-09T16:45:00-03:00,2022-06-09 16:45:00,0.0,559.00,Dado aprovado,True,outputs/pesquisa-cobertura-reserva-2022-20260922/raw/ana-86510000-2022-06-01--2022-06-30.xml,2045
2022,2022-06-09T18:00:00-03:00,2022-06-09T17:45:00-03:00,2022-06-09 17:45:00,0.0,555.00,Dado aprovado,True,outputs/pesquisa-cobertura-reserva-2022-20260922/raw/ana-86510000-2022-06-01--2022-06-30.xml,2041
2022,2022-06-09T19:00:00-03:00,2022-06-09T18:45:00-03:00,2022-06-09 18:45:00,0.0,550.00,Dado aprovado,True,outputs/pesquisa-cobertura-reserva-2022-20260922/raw/ana-86510000-2022-06-01--2022-06-30.xml,2037
2022,2022-06-09T20:00:00-03:00,2022-06-09T19:45:00-03:00,2022-06-09 19:45:00,0.0,545.00,Dado aprovado,True,outputs/pesquisa-cobertura-reserva-2022-20260922/raw/ana-86510000-2022-06-01--2022-06-30.xml,2033
2022,2022-06-09T21:00:00-03:00,2022-06-09T20:45:00-03:00,2022-06-09 20:45:00,0.0,540.00,Dado aprovado,True,outputs/pesquisa-cobertura-reserva-2022-20260922/raw/ana-86510000-2022-06-01--2022-06-30.xml,2029
2022,2022-06-09T22:00:00-03:00,2022-06-09T21:45:00-03:00,2022-06-09 21:45:00,0.0,534.00,Dado aprovado,True,outputs/pesquisa-cobertura-reserva-2022-20260922/raw/ana-86510000-2022-06-01--2022-06-30.xml,2025
2022,2022-06-09T23:00:00-03:00,2022-06-09T22:45:00-03:00,2022-06-09 22:45:00,0.0,531.00,Dado aprovado,True,outputs/pesquisa-cobertura-reserva-2022-20260922/raw/ana-86510000-2022-06-01--2022-06-30.xml,2021
2022,2022-06-10T00:00:00-03:00,2022-06-09T23:45:00-03:00,2022-06-09 23:45:00,0.0,527.00,Dado aprovado,True,outputs/pesquisa-cobertura-reserva-2022-20260922/raw/ana-86510000-2022-06-01--2022-06-30.xml,2017
2022,2022-06-10T01:00:00-03:00,2022-06-10T00:45:00-03:00,2022-06-10 00:45:00,0.0,521.00,Dado aprovado,True,outputs/pesquisa-cobertura-reserva-2022-20260922/raw/ana-86510000-2022-06-01--2022-06-30.xml,2013
2022,2022-06-10T02:00:00-03:00,2022-06-10T01:45:00-03:00,2022-06-10 01:45:00,0.0,516.00,Dado aprovado,True,outputs/pesquisa-cobertura-reserva-2022-20260922/raw/ana-86510000-2022-06-01--2022-06-30.xml,2009
2022,2022-06-10T03:00:00-03:00,2022-06-10T02:45:00-03:00,2022-06-10 02:45:00,0.0,513.00,Dado aprovado,True,outputs/pesquisa-cobertura-reserva-2022-20260922/raw/ana-86510000-2022-06-01--2022-06-30.xml,2005
2022,2022-06-10T04:00:00-03:00,2022-06-10T03:45:00-03:00,2022-06-10 03:45:00,0.0,509.00,Dado aprovado,True,outputs/pesquisa-cobertura-reserva-2022-20260922/raw/ana-86510000-2022-06-01--2022-06-30.xml,2001
2022,2022-06-10T05:00:00-03:00,2022-06-10T04:45:00-03:00,2022-06-10 04:45:00,0.0,505.00,Dado aprovado,True,outputs/pesquisa-cobertura-reserva-2022-20260922/raw/ana-86510000-2022-06-01--2022-06-30.xml,1997
2022,2022-06-10T06:00:00-03:00,2022-06-10T05:45:00-03:00,2022-06-10 05:45:00,0.0,499.00,Dado aprovado,True,outputs/pesquisa-cobertura-reserva-2022-20260922/raw/ana-86510000-2022-06-01--2022-06-30.xml,1993
2022,2022-06-10T07:00:00-03:00,2022-06-10T06:45:00-03:00,2022-06-10 06:45:00,0.0,495.00,Dado aprovado,True,outputs/pesquisa-cobertura-reserva-2022-20260922/raw/ana-86510000-2022-06-01--2022-06-30.xml,1989
2022,2022-06-10T08:00:00-03:00,2022-06-10T07:45:00-03:00,2022-06-10 07:45:00,0.0,492.00,Dado aprovado,True,outputs/pesquisa-cobertura-reserva-2022-20260922/raw/ana-86510000-2022-06-01--2022-06-30.xml,1985
2022,2022-06-10T09:00:00-03:00,2022-06-10T08:45:00-03:00,2022-06-10 08:45:00,0.0,491.00,Dado aprovado,True,outputs/pesquisa-cobertura-reserva-2022-20260922/raw/ana-86510000-2022-06-01--2022-06-30.xml,1981
2022,2022-06-10T10:00:00-03:00,2022-06-10T09:45:00-03:00,2022-06-10 09:45:00,0.0,487.00,Dado aprovado,True,outputs/pesquisa-cobertura-reserva-2022-20260922/raw/ana-86510000-2022-06-01--2022-06-30.xml,1977
2022,2022-06-10T11:00:00-03:00,2022-06-10T10:45:00-03:00,2022-06-10 10:45:00,0.0,483.00,Dado aprovado,True,outputs/pesquisa-cobertura-reserva-2022-20260922/raw/ana-86510000-2022-06-01--2022-06-30.xml,1973
2022,2022-06-10T12:00:00-03:00,2022-06-10T11:45:00-03:00,2022-06-10 11:45:00,0.0,479.00,Dado aprovado,True,outputs/pesquisa-cobertura-reserva-2022-20260922/raw/ana-86510000-2022-06-01--2022-06-30.xml,1969
2022,2022-06-10T13:00:00-03:00,2022-06-10T12:45:00-03:00,2022-06-10 12:45:00,0.0,475.00,Dado aprovado,True,outputs/pesquisa-cobertura-reserva-2022-20260922/raw/ana-86510000-2022-06-01--2022-06-30.xml,1965
2022,2022-06-10T14:00:00-03:00,2022-06-10T13:45:00-03:00,2022-06-10 13:45:00,0.0,472.00,Dado aprovado,True,outputs/pesquisa-cobertura-reserva-2022-20260922/raw/ana-86510000-2022-06-01--2022-06-30.xml,1961
2022,2022-06-10T15:00:00-03:00,2022-06-10T14:45:00-03:00,2022-06-10 14:45:00,0.0,469.00,Dado aprovado,True,outputs/pesquisa-cobertura-reserva-2022-20260922/raw/ana-86510000-2022-06-01--2022-06-30.xml,1957
2022,2022-06-10T16:00:00-03:00,2022-06-10T15:45:00-03:00,2022-06-10 15:45:00,0.0,467.00,Dado aprovado,True,outputs/pesquisa-cobertura-reserva-2022-20260922/raw/ana-86510000-2022-06-01--2022-06-30.xml,1953
2022,2022-06-10T17:00:00-03:00,2022-06-10T16:45:00-03:00,2022-06-10 16:45:00,0.0,464.00,Dado aprovado,True,outputs/pesquisa-cobertura-reserva-2022-20260922/raw/ana-86510000-2022-06-01--2022-06-30.xml,1949
2022,2022-06-10T18:00:00-03:00,2022-06-10T17:45:00-03:00,2022-06-10 17:45:00,0.0,460.00,Dado aprovado,True,outputs/pesquisa-cobertura-reserva-2022-20260922/raw/ana-86510000-2022-06-01--2022-06-30.xml,1945
2022,2022-06-10T19:00:00-03:00,2022-06-10T18:45:00-03:00,2022-06-10 18:45:00,0.0,458.00,Dado aprovado,True,outputs/pesquisa-cobertura-reserva-2022-20260922/raw/ana-86510000-2022-06-01--2022-06-30.xml,1941
2022,2022-06-10T20:00:00-03:00,2022-06-10T19:45:00-03:00,2022-06-10 19:45:00,0.0,453.00,Dado aprovado,True,outputs/pesquisa-cobertura-reserva-2022-20260922/raw/ana-86510000-2022-06-01--2022-06-30.xml,1937
2022,2022-06-10T21:00:00-03:00,2022-06-10T20:45:00-03:00,2022-06-10 20:45:00,0.0,450.00,Dado aprovado,True,outputs/pesquisa-cobertura-reserva-2022-20260922/raw/ana-86510000-2022-06-01--2022-06-30.xml,1933
2022,2022-06-10T22:00:00-03:00,2022-06-10T21:45:00-03:00,2022-06-10 21:45:00,0.0,450.00,Dado aprovado,True,outputs/pesquisa-cobertura-reserva-2022-20260922/raw/ana-86510000-2022-06-01--2022-06-30.xml,1929
2022,2022-06-10T23:00:00-03:00,2022-06-10T22:45:00-03:00,2022-06-10 22:45:00,0.0,445.00,Dado aprovado,True,outputs/pesquisa-cobertura-reserva-2022-20260922/raw/ana-86510000-2022-06-01--2022-06-30.xml,1925
2022,2022-06-11T00:00:00-03:00,2022-06-10T23:45:00-03:00,2022-06-10 23:45:00,0.0,442.00,Dado aprovado,True,outputs/pesquisa-cobertura-reserva-2022-20260922/raw/ana-86510000-2022-06-01--2022-06-30.xml,1921
2022,2022-06-11T01:00:00-03:00,2022-06-11T00:45:00-03:00,2022-06-11 00:45:00,0.0,442.00,Dado aprovado,True,outputs/pesquisa-cobertura-reserva-2022-20260922/raw/ana-86510000-2022-06-01--2022-06-30.xml,1917
2022,2022-06-11T02:00:00-03:00,2022-06-11T01:45:00-03:00,2022-06-11 01:45:00,0.0,438.00,Dado aprovado,True,outputs/pesquisa-cobertura-reserva-2022-20260922/raw/ana-86510000-2022-06-01--2022-06-30.xml,1913
2022,2022-06-11T03:00:00-03:00,2022-06-11T02:45:00-03:00,2022-06-11 02:45:00,0.0,436.00,Dado aprovado,True,outputs/pesquisa-cobertura-reserva-2022-20260922/raw/ana-86510000-2022-06-01--2022-06-30.xml,1909
2022,2022-06-11T04:00:00-03:00,2022-06-11T03:45:00-03:00,2022-06-11 03:45:00,0.0,434.00,Dado aprovado,True,outputs/pesquisa-cobertura-reserva-2022-20260922/raw/ana-86510000-2022-06-01--2022-06-30.xml,1905
2022,2022-06-11T05:00:00-03:00,2022-06-11T04:45:00-03:00,2022-06-11 04:45:00,0.0,430.00,Dado aprovado,True,outputs/pesquisa-cobertura-reserva-2022-20260922/raw/ana-86510000-2022-06-01--2022-06-30.xml,1901
2022,2022-06-11T06:00:00-03:00,2022-06-11T05:45:00-03:00,2022-06-11 05:45:00,0.0,429.00,Dado aprovado,True,outputs/pesquisa-cobertura-reserva-2022-20260922/raw/ana-86510000-2022-06-01--2022-06-30.xml,1897
2022,2022-06-11T07:00:00-03:00,2022-06-11T06:45:00-03:00,2022-06-11 06:45:00,0.0,426.00,Dado aprovado,True,outputs/pesquisa-cobertura-reserva-2022-20260922/raw/ana-86510000-2022-06-01--2022-06-30.xml,1893
2022,2022-06-11T08:00:00-03:00,2022-06-11T07:45:00-03:00,2022-06-11 07:45:00,0.0,424.00,Dado aprovado,True,outputs/pesquisa-cobertura-reserva-2022-20260922/raw/ana-86510000-2022-06-01--2022-06-30.xml,1889
2022,2022-06-11T09:00:00-03:00,2022-06-11T08:45:00-03:00,2022-06-11 08:45:00,0.0,421.00,Dado aprovado,True,outputs/pesquisa-cobertura-reserva-2022-20260922/raw/ana-86510000-2022-06-01--2022-06-30.xml,1885
2022,2022-06-11T10:00:00-03:00,2022-06-11T09:45:00-03:00,2022-06-11 09:45:00,0.0,418.00,Dado aprovado,True,outputs/pesquisa-cobertura-reserva-2022-20260922/raw/ana-86510000-2022-06-01--2022-06-30.xml,1881
2022,2022-06-11T11:00:00-03:00,2022-06-11T10:45:00-03:00,2022-06-11 10:45:00,0.0,416.00,Dado aprovado,True,outputs/pesquisa-cobertura-reserva-2022-20260922/raw/ana-86510000-2022-06-01--2022-06-30.xml,1877
2022,2022-06-11T12:00:00-03:00,2022-06-11T11:45:00-03:00,2022-06-11 11:45:00,0.0,415.00,Dado aprovado,True,outputs/pesquisa-cobertura-reserva-2022-20260922/raw/ana-86510000-2022-06-01--2022-06-30.xml,1873
2022,2022-06-11T13:00:00-03:00,2022-06-11T12:45:00-03:00,2022-06-11 12:45:00,0.0,412.00,Dado aprovado,True,outputs/pesquisa-cobertura-reserva-2022-20260922/raw/ana-86510000-2022-06-01--2022-06-30.xml,1869
2022,2022-06-11T14:00:00-03:00,2022-06-11T13:45:00-03:00,2022-06-11 13:45:00,0.0,410.00,Dado aprovado,True,outputs/pesquisa-cobertura-reserva-2022-20260922/raw/ana-86510000-2022-06-01--2022-06-30.xml,1865
2022,2022-06-11T15:00:00-03:00,2022-06-11T14:45:00-03:00,2022-06-11 14:45:00,0.0,408.00,Dado aprovado,True,outputs/pesquisa-cobertura-reserva-2022-20260922/raw/ana-86510000-2022-06-01--2022-06-30.xml,1861
2022,2022-06-11T16:00:00-03:00,2022-06-11T15:45:00-03:00,2022-06-11 15:45:00,0.0,406.00,Dado aprovado,True,outputs/pesquisa-cobertura-reserva-2022-20260922/raw/ana-86510000-2022-06-01--2022-06-30.xml,1857
2022,2022-06-11T17:00:00-03:00,2022-06-11T16:45:00-03:00,2022-06-11 16:45:00,0.0,404.00,Dado aprovado,True,outputs/pesquisa-cobertura-reserva-2022-20260922/raw/ana-86510000-2022-06-01--2022-06-30.xml,1853
2022,2022-06-11T18:00:00-03:00,2022-06-11T17:45:00-03:00,2022-06-11 17:45:00,0.0,403.00,Dado aprovado,True,outputs/pesquisa-cobertura-reserva-2022-20260922/raw/ana-86510000-2022-06-01--2022-06-30.xml,1849
2022,2022-06-11T19:00:00-03:00,2022-06-11T18:45:00-03:00,2022-06-11 18:45:00,0.0,401.00,Dado aprovado,True,outputs/pesquisa-cobertura-reserva-2022-20260922/raw/ana-86510000-2022-06-01--2022-06-30.xml,1845
2022,2022-06-11T20:00:00-03:00,2022-06-11T19:45:00-03:00,2022-06-11 19:45:00,0.0,398.00,Dado aprovado,True,outputs/pesquisa-cobertura-reserva-2022-20260922/raw/ana-86510000-2022-06-01--2022-06-30.xml,1841
2022,2022-06-11T21:00:00-03:00,2022-06-11T20:45:00-03:00,2022-06-11 20:45:00,0.0,398.00,Dado aprovado,True,outputs/pesquisa-cobertura-reserva-2022-20260922/raw/ana-86510000-2022-06-01--2022-06-30.xml,1837
2022,2022-06-11T22:00:00-03:00,2022-06-11T21:45:00-03:00,2022-06-11 21:45:00,0.0,395.00,Dado aprovado,True,outputs/pesquisa-cobertura-reserva-2022-20260922/raw/ana-86510000-2022-06-01--2022-06-30.xml,1833
2022,2022-06-11T23:00:00-03:00,2022-06-11T22:45:00-03:00,2022-06-11 22:45:00,0.0,394.00,Dado aprovado,True,outputs/pesquisa-cobertura-reserva-2022-20260922/raw/ana-86510000-2022-06-01--2022-06-30.xml,1829
2022,2022-06-12T00:00:00-03:00,2022-06-11T23:45:00-03:00,2022-06-11 23:45:00,0.0,392.00,Dado aprovado,True,outputs/pesquisa-cobertura-reserva-2022-20260922/raw/ana-86510000-2022-06-01--2022-06-30.xml,1825
2022,2022-06-12T01:00:00-03:00,2022-06-12T00:45:00-03:00,2022-06-12 00:45:00,0.0,390.00,Dado aprovado,True,outputs/pesquisa-cobertura-reserva-2022-20260922/raw/ana-86510000-2022-06-01--2022-06-30.xml,1821
2022,2022-06-12T02:00:00-03:00,2022-06-12T01:45:00-03:00,2022-06-12 01:45:00,0.0,389.00,Dado aprovado,True,outputs/pesquisa-cobertura-reserva-2022-20260922/raw/ana-86510000-2022-06-01--2022-06-30.xml,1817
2022,2022-06-12T03:00:00-03:00,2022-06-12T02:45:00-03:00,2022-06-12 02:45:00,0.0,387.00,Dado aprovado,True,outputs/pesquisa-cobertura-reserva-2022-20260922/raw/ana-86510000-2022-06-01--2022-06-30.xml,1813
2022,2022-06-12T04:00:00-03:00,2022-06-12T03:45:00-03:00,2022-06-12 03:45:00,0.0,385.00,Dado aprovado,True,outputs/pesquisa-cobertura-reserva-2022-20260922/raw/ana-86510000-2022-06-01--2022-06-30.xml,1809
2022,2022-06-12T05:00:00-03:00,2022-06-12T04:45:00-03:00,2022-06-12 04:45:00,0.0,384.00,Dado aprovado,True,outputs/pesquisa-cobertura-reserva-2022-20260922/raw/ana-86510000-2022-06-01--2022-06-30.xml,1805
2022,2022-06-12T06:00:00-03:00,2022-06-12T05:45:00-03:00,2022-06-12 05:45:00,0.0,382.00,Dado aprovado,True,outputs/pesquisa-cobertura-reserva-2022-20260922/raw/ana-86510000-2022-06-01--2022-06-30.xml,1801
2022,2022-06-12T07:00:00-03:00,2022-06-12T06:45:00-03:00,2022-06-12 06:45:00,0.0,381.00,Dado aprovado,True,outputs/pesquisa-cobertura-reserva-2022-20260922/raw/ana-86510000-2022-06-01--2022-06-30.xml,1797
2022,2022-06-12T08:00:00-03:00,2022-06-12T07:45:00-03:00,2022-06-12 07:45:00,0.0,379.00,Dado aprovado,True,outputs/pesquisa-cobertura-reserva-2022-20260922/raw/ana-86510000-2022-06-01--2022-06-30.xml,1793
2022,2022-06-12T09:00:00-03:00,2022-06-12T08:45:00-03:00,2022-06-12 08:45:00,0.0,379.00,Dado aprovado,True,outputs/pesquisa-cobertura-reserva-2022-20260922/raw/ana-86510000-2022-06-01--2022-06-30.xml,1789
2022,2022-06-12T10:00:00-03:00,2022-06-12T09:45:00-03:00,2022-06-12 09:45:00,0.0,377.00,Dado aprovado,True,outputs/pesquisa-cobertura-reserva-2022-20260922/raw/ana-86510000-2022-06-01--2022-06-30.xml,1785
2022,2022-06-12T11:00:00-03:00,2022-06-12T10:45:00-03:00,2022-06-12 10:45:00,0.0,374.00,Dado aprovado,True,outputs/pesquisa-cobertura-reserva-2022-20260922/raw/ana-86510000-2022-06-01--2022-06-30.xml,1781
2022,2022-06-12T12:00:00-03:00,2022-06-12T11:45:00-03:00,2022-06-12 11:45:00,0.0,373.00,Dado aprovado,True,outputs/pesquisa-cobertura-reserva-2022-20260922/raw/ana-86510000-2022-06-01--2022-06-30.xml,1777
2022,2022-06-12T13:00:00-03:00,2022-06-12T12:45:00-03:00,2022-06-12 12:45:00,0.0,372.00,Dado aprovado,True,outputs/pesquisa-cobertura-reserva-2022-20260922/raw/ana-86510000-2022-06-01--2022-06-30.xml,1773
2022,2022-06-12T14:00:00-03:00,2022-06-12T13:45:00-03:00,2022-06-12 13:45:00,0.0,370.00,Dado aprovado,True,outputs/pesquisa-cobertura-reserva-2022-20260922/raw/ana-86510000-2022-06-01--2022-06-30.xml,1769
2022,2022-06-12T15:00:00-03:00,2022-06-12T14:45:00-03:00,2022-06-12 14:45:00,0.0,368.00,Dado aprovado,True,outputs/pesquisa-cobertura-reserva-2022-20260922/raw/ana-86510000-2022-06-01--2022-06-30.xml,1765
2022,2022-06-12T16:00:00-03:00,2022-06-12T15:45:00-03:00,2022-06-12 15:45:00,0.0,366.00,Dado aprovado,True,outputs/pesquisa-cobertura-reserva-2022-20260922/raw/ana-86510000-2022-06-01--2022-06-30.xml,1761
2022,2022-06-12T17:00:00-03:00,2022-06-12T16:45:00-03:00,2022-06-12 16:45:00,0.0,364.00,Dado aprovado,True,outputs/pesquisa-cobertura-reserva-2022-20260922/raw/ana-86510000-2022-06-01--2022-06-30.xml,1757
2022,2022-06-12T18:00:00-03:00,2022-06-12T17:45:00-03:00,2022-06-12 17:45:00,0.0,361.00,Dado aprovado,True,outputs/pesquisa-cobertura-reserva-2022-20260922/raw/ana-86510000-2022-06-01--2022-06-30.xml,1753
2022,2022-06-12T19:00:00-03:00,2022-06-12T18:45:00-03:00,2022-06-12 18:45:00,0.0,359.00,Dado aprovado,True,outputs/pesquisa-cobertura-reserva-2022-20260922/raw/ana-86510000-2022-06-01--2022-06-30.xml,1749
2022,2022-06-12T20:00:00-03:00,2022-06-12T19:45:00-03:00,2022-06-12 19:45:00,0.0,357.00,Dado aprovado,True,outputs/pesquisa-cobertura-reserva-2022-20260922/raw/ana-86510000-2022-06-01--2022-06-30.xml,1745
2022,2022-06-12T21:00:00-03:00,2022-06-12T20:45:00-03:00,2022-06-12 20:45:00,0.0,355.00,Dado aprovado,True,outputs/pesquisa-cobertura-reserva-2022-20260922/raw/ana-86510000-2022-06-01--2022-06-30.xml,1741
2022,2022-06-12T22:00:00-03:00,2022-06-12T21:45:00-03:00,2022-06-12 21:45:00,0.0,353.00,Dado aprovado,True,outputs/pesquisa-cobertura-reserva-2022-20260922/raw/ana-86510000-2022-06-01--2022-06-30.xml,1737
2022,2022-06-12T23:00:00-03:00,2022-06-12T22:45:00-03:00,2022-06-12 22:45:00,0.0,351.00,Dado aprovado,True,outputs/pesquisa-cobertura-reserva-2022-20260922/raw/ana-86510000-2022-06-01--2022-06-30.xml,1733
2022,2022-06-13T00:00:00-03:00,2022-06-12T23:45:00-03:00,2022-06-12 23:45:00,0.0,350.00,Dado aprovado,True,outputs/pesquisa-cobertura-reserva-2022-20260922/raw/ana-86510000-2022-06-01--2022-06-30.xml,1729
2022,2022-06-13T01:00:00-03:00,2022-06-13T00:45:00-03:00,2022-06-13 00:45:00,0.0,348.00,Dado aprovado,True,outputs/pesquisa-cobertura-reserva-2022-20260922/raw/ana-86510000-2022-06-01--2022-06-30.xml,1725
2022,2022-06-13T02:00:00-03:00,2022-06-13T01:45:00-03:00,2022-06-13 01:45:00,0.0,347.00,Dado aprovado,True,outputs/pesquisa-cobertura-reserva-2022-20260922/raw/ana-86510000-2022-06-01--2022-06-30.xml,1721
2022,2022-06-13T03:00:00-03:00,2022-06-13T02:45:00-03:00,2022-06-13 02:45:00,0.0,345.00,Dado aprovado,True,outputs/pesquisa-cobertura-reserva-2022-20260922/raw/ana-86510000-2022-06-01--2022-06-30.xml,1717
2022,2022-06-13T04:00:00-03:00,2022-06-13T03:45:00-03:00,2022-06-13 03:45:00,0.0,343.00,Dado aprovado,True,outputs/pesquisa-cobertura-reserva-2022-20260922/raw/ana-86510000-2022-06-01--2022-06-30.xml,1713
2022,2022-06-13T05:00:00-03:00,2022-06-13T04:45:00-03:00,2022-06-13 04:45:00,0.0,342.00,Dado aprovado,True,outputs/pesquisa-cobertura-reserva-2022-20260922/raw/ana-86510000-2022-06-01--2022-06-30.xml,1709
2022,2022-06-13T06:00:00-03:00,2022-06-13T05:45:00-03:00,2022-06-13 05:45:00,0.0,342.00,Dado aprovado,True,outputs/pesquisa-cobertura-reserva-2022-20260922/raw/ana-86510000-2022-06-01--2022-06-30.xml,1705
2022,2022-06-13T07:00:00-03:00,2022-06-13T06:45:00-03:00,2022-06-13 06:45:00,0.0,340.00,Dado aprovado,True,outputs/pesquisa-cobertura-reserva-2022-20260922/raw/ana-86510000-2022-06-01--2022-06-30.xml,1701
2022,2022-06-13T08:00:00-03:00,2022-06-13T07:45:00-03:00,2022-06-13 07:45:00,0.0,340.00,Dado aprovado,True,outputs/pesquisa-cobertura-reserva-2022-20260922/raw/ana-86510000-2022-06-01--2022-06-30.xml,1697
2022,2022-06-13T09:00:00-03:00,2022-06-13T08:45:00-03:00,2022-06-13 08:45:00,0.0,338.00,Dado aprovado,True,outputs/pesquisa-cobertura-reserva-2022-20260922/raw/ana-86510000-2022-06-01--2022-06-30.xml,1693
2022,2022-06-13T10:00:00-03:00,2022-06-13T09:45:00-03:00,2022-06-13 09:45:00,0.0,337.00,Dado aprovado,True,outputs/pesquisa-cobertura-reserva-2022-20260922/raw/ana-86510000-2022-06-01--2022-06-30.xml,1689
2022,2022-06-13T11:00:00-03:00,2022-06-13T10:45:00-03:00,2022-06-13 10:45:00,0.0,337.00,Dado aprovado,True,outputs/pesquisa-cobertura-reserva-2022-20260922/raw/ana-86510000-2022-06-01--2022-06-30.xml,1685
2022,2022-06-13T12:00:00-03:00,2022-06-13T11:45:00-03:00,2022-06-13 11:45:00,0.0,335.00,Dado aprovado,True,outputs/pesquisa-cobertura-reserva-2022-20260922/raw/ana-86510000-2022-06-01--2022-06-30.xml,1681
2022,2022-06-13T13:00:00-03:00,2022-06-13T12:45:00-03:00,2022-06-13 12:45:00,0.0,334.00,Dado aprovado,True,outputs/pesquisa-cobertura-reserva-2022-20260922/raw/ana-86510000-2022-06-01--2022-06-30.xml,1677
2022,2022-06-13T14:00:00-03:00,2022-06-13T13:45:00-03:00,2022-06-13 13:45:00,0.0,333.00,Dado aprovado,True,outputs/pesquisa-cobertura-reserva-2022-20260922/raw/ana-86510000-2022-06-01--2022-06-30.xml,1673
2022,2022-06-13T15:00:00-03:00,2022-06-13T14:45:00-03:00,2022-06-13 14:45:00,0.0,332.00,Dado aprovado,True,outputs/pesquisa-cobertura-reserva-2022-20260922/raw/ana-86510000-2022-06-01--2022-06-30.xml,1669
2022,2022-06-13T16:00:00-03:00,2022-06-13T15:45:00-03:00,2022-06-13 15:45:00,0.0,331.00,Dado aprovado,True,outputs/pesquisa-cobertura-reserva-2022-20260922/raw/ana-86510000-2022-06-01--2022-06-30.xml,1665
2022,2022-06-13T17:00:00-03:00,2022-06-13T16:45:00-03:00,2022-06-13 16:45:00,0.0,330.00,Dado aprovado,True,outputs/pesquisa-cobertura-reserva-2022-20260922/raw/ana-86510000-2022-06-01--2022-06-30.xml,1661
2022,2022-06-13T18:00:00-03:00,2022-06-13T17:45:00-03:00,2022-06-13 17:45:00,0.0,330.00,Dado aprovado,True,outputs/pesquisa-cobertura-reserva-2022-20260922/raw/ana-86510000-2022-06-01--2022-06-30.xml,1657
2022,2022-06-13T19:00:00-03:00,2022-06-13T18:45:00-03:00,2022-06-13 18:45:00,0.0,329.00,Dado aprovado,True,outputs/pesquisa-cobertura-reserva-2022-20260922/raw/ana-86510000-2022-06-01--2022-06-30.xml,1653
2022,2022-06-13T20:00:00-03:00,2022-06-13T19:45:00-03:00,2022-06-13 19:45:00,0.0,328.00,Dado aprovado,True,outputs/pesquisa-cobertura-reserva-2022-20260922/raw/ana-86510000-2022-06-01--2022-06-30.xml,1649
2022,2022-06-13T21:00:00-03:00,2022-06-13T20:45:00-03:00,2022-06-13 20:45:00,0.0,327.00,Dado aprovado,True,outputs/pesquisa-cobertura-reserva-2022-20260922/raw/ana-86510000-2022-06-01--2022-06-30.xml,1645
2022,2022-06-13T22:00:00-03:00,2022-06-13T21:45:00-03:00,2022-06-13 21:45:00,0.0,327.00,Dado aprovado,True,outputs/pesquisa-cobertura-reserva-2022-20260922/raw/ana-86510000-2022-06-01--2022-06-30.xml,1641
2022,2022-06-13T23:00:00-03:00,2022-06-13T22:45:00-03:00,2022-06-13 22:45:00,0.0,326.00,Dado aprovado,True,outputs/pesquisa-cobertura-reserva-2022-20260922/raw/ana-86510000-2022-06-01--2022-06-30.xml,1637
2022,2022-06-14T00:00:00-03:00,2022-06-13T23:45:00-03:00,2022-06-13 23:45:00,0.0,325.00,Dado aprovado,True,outputs/pesquisa-cobertura-reserva-2022-20260922/raw/ana-86510000-2022-06-01--2022-06-30.xml,1633
2022,2022-06-14T01:00:00-03:00,2022-06-14T00:45:00-03:00,2022-06-14 00:45:00,0.0,324.00,Dado aprovado,True,outputs/pesquisa-cobertura-reserva-2022-20260922/raw/ana-86510000-2022-06-01--2022-06-30.xml,1629
2022,2022-06-14T02:00:00-03:00,2022-06-14T01:45:00-03:00,2022-06-14 01:45:00,0.0,323.00,Dado aprovado,True,outputs/pesquisa-cobertura-reserva-2022-20260922/raw/ana-86510000-2022-06-01--2022-06-30.xml,1625
2022,2022-06-14T03:00:00-03:00,2022-06-14T02:45:00-03:00,2022-06-14 02:45:00,0.0,322.00,Dado aprovado,True,outputs/pesquisa-cobertura-reserva-2022-20260922/raw/ana-86510000-2022-06-01--2022-06-30.xml,1621
2022,2022-06-14T04:00:00-03:00,2022-06-14T03:45:00-03:00,2022-06-14 03:45:00,0.0,321.00,Dado aprovado,True,outputs/pesquisa-cobertura-reserva-2022-20260922/raw/ana-86510000-2022-06-01--2022-06-30.xml,1617
2022,2022-06-14T05:00:00-03:00,2022-06-14T04:45:00-03:00,2022-06-14 04:45:00,0.0,319.00,Dado aprovado,True,outputs/pesquisa-cobertura-reserva-2022-20260922/raw/ana-86510000-2022-06-01--2022-06-30.xml,1613
2022,2022-06-14T06:00:00-03:00,2022-06-14T05:45:00-03:00,2022-06-14 05:45:00,0.0,318.00,Dado aprovado,True,outputs/pesquisa-cobertura-reserva-2022-20260922/raw/ana-86510000-2022-06-01--2022-06-30.xml,1609
2022,2022-06-14T07:00:00-03:00,2022-06-14T06:45:00-03:00,2022-06-14 06:45:00,0.0,317.00,Dado aprovado,True,outputs/pesquisa-cobertura-reserva-2022-20260922/raw/ana-86510000-2022-06-01--2022-06-30.xml,1605
2022,2022-06-14T08:00:00-03:00,2022-06-14T07:45:00-03:00,2022-06-14 07:45:00,0.0,316.00,Dado aprovado,True,outputs/pesquisa-cobertura-reserva-2022-20260922/raw/ana-86510000-2022-06-01--2022-06-30.xml,1601
2022,2022-06-14T09:00:00-03:00,2022-06-14T08:45:00-03:00,2022-06-14 08:45:00,0.0,315.00,Dado aprovado,True,outputs/pesquisa-cobertura-reserva-2022-20260922/raw/ana-86510000-2022-06-01--2022-06-30.xml,1597
2022,2022-06-14T10:00:00-03:00,2022-06-14T09:45:00-03:00,2022-06-14 09:45:00,0.0,314.00,Dado aprovado,True,outputs/pesquisa-cobertura-reserva-2022-20260922/raw/ana-86510000-2022-06-01--2022-06-30.xml,1593
2022,2022-06-14T11:00:00-03:00,2022-06-14T10:45:00-03:00,2022-06-14 10:45:00,0.0,312.00,Dado aprovado,True,outputs/pesquisa-cobertura-reserva-2022-20260922/raw/ana-86510000-2022-06-01--2022-06-30.xml,1589
2022,2022-06-14T12:00:00-03:00,2022-06-14T11:45:00-03:00,2022-06-14 11:45:00,0.0,312.00,Dado aprovado,True,outputs/pesquisa-cobertura-reserva-2022-20260922/raw/ana-86510000-2022-06-01--2022-06-30.xml,1585
2022,2022-06-14T13:00:00-03:00,2022-06-14T12:45:00-03:00,2022-06-14 12:45:00,0.0,311.00,Dado aprovado,True,outputs/pesquisa-cobertura-reserva-2022-20260922/raw/ana-86510000-2022-06-01--2022-06-30.xml,1581
2022,2022-06-14T14:00:00-03:00,2022-06-14T13:45:00-03:00,2022-06-14 13:45:00,0.0,311.00,Dado aprovado,True,outputs/pesquisa-cobertura-reserva-2022-20260922/raw/ana-86510000-2022-06-01--2022-06-30.xml,1577
2022,2022-06-14T15:00:00-03:00,2022-06-14T14:45:00-03:00,2022-06-14 14:45:00,0.0,311.00,Dado aprovado,True,outputs/pesquisa-cobertura-reserva-2022-20260922/raw/ana-86510000-2022-06-01--2022-06-30.xml,1573
2022,2022-06-14T16:00:00-03:00,2022-06-14T15:45:00-03:00,2022-06-14 15:45:00,0.0,310.00,Dado aprovado,True,outputs/pesquisa-cobertura-reserva-2022-20260922/raw/ana-86510000-2022-06-01--2022-06-30.xml,1569
2022,2022-06-14T17:00:00-03:00,2022-06-14T16:45:00-03:00,2022-06-14 16:45:00,0.0,310.00,Dado aprovado,True,outputs/pesquisa-cobertura-reserva-2022-20260922/raw/ana-86510000-2022-06-01--2022-06-30.xml,1565
2022,2022-06-14T18:00:00-03:00,2022-06-14T17:45:00-03:00,2022-06-14 17:45:00,0.0,310.00,Dado aprovado,True,outputs/pesquisa-cobertura-reserva-2022-20260922/raw/ana-86510000-2022-06-01--2022-06-30.xml,1561
2022,2022-06-14T19:00:00-03:00,2022-06-14T18:45:00-03:00,2022-06-14 18:45:00,0.0,309.00,Dado aprovado,True,outputs/pesquisa-cobertura-reserva-2022-20260922/raw/ana-86510000-2022-06-01--2022-06-30.xml,1557
2022,2022-06-14T20:00:00-03:00,2022-06-14T19:45:00-03:00,2022-06-14 19:45:00,0.0,309.00,Dado aprovado,True,outputs/pesquisa-cobertura-reserva-2022-20260922/raw/ana-86510000-2022-06-01--2022-06-30.xml,1553
2022,2022-06-14T21:00:00-03:00,2022-06-14T20:45:00-03:00,2022-06-14 20:45:00,0.0,309.00,Dado aprovado,True,outputs/pesquisa-cobertura-reserva-2022-20260922/raw/ana-86510000-2022-06-01--2022-06-30.xml,1549
2022,2022-06-14T22:00:00-03:00,2022-06-14T21:45:00-03:00,2022-06-14 21:45:00,0.0,309.00,Dado aprovado,True,outputs/pesquisa-cobertura-reserva-2022-20260922/raw/ana-86510000-2022-06-01--2022-06-30.xml,1545
2022,2022-06-14T23:00:00-03:00,2022-06-14T22:45:00-03:00,2022-06-14 22:45:00,0.0,308.00,Dado aprovado,True,outputs/pesquisa-cobertura-reserva-2022-20260922/raw/ana-86510000-2022-06-01--2022-06-30.xml,1541
2022,2022-06-15T00:00:00-03:00,2022-06-14T23:45:00-03:00,2022-06-14 23:45:00,0.0,308.00,Dado aprovado,True,outputs/pesquisa-cobertura-reserva-2022-20260922/raw/ana-86510000-2022-06-01--2022-06-30.xml,1537
2022,2022-06-15T01:00:00-03:00,2022-06-15T00:45:00-03:00,2022-06-15 00:45:00,0.0,308.00,Dado aprovado,True,outputs/pesquisa-cobertura-reserva-2022-20260922/raw/ana-86510000-2022-06-01--2022-06-30.xml,1533
2022,2022-06-15T02:00:00-03:00,2022-06-15T01:45:00-03:00,2022-06-15 01:45:00,0.0,308.00,Dado aprovado,True,outputs/pesquisa-cobertura-reserva-2022-20260922/raw/ana-86510000-2022-06-01--2022-06-30.xml,1529
2022,2022-06-15T03:00:00-03:00,2022-06-15T02:45:00-03:00,2022-06-15 02:45:00,0.0,307.00,Dado aprovado,True,outputs/pesquisa-cobertura-reserva-2022-20260922/raw/ana-86510000-2022-06-01--2022-06-30.xml,1525
2022,2022-06-15T04:00:00-03:00,2022-06-15T03:45:00-03:00,2022-06-15 03:45:00,0.0,305.00,Dado aprovado,True,outputs/pesquisa-cobertura-reserva-2022-20260922/raw/ana-86510000-2022-06-01--2022-06-30.xml,1521
2022,2022-06-15T05:00:00-03:00,2022-06-15T04:45:00-03:00,2022-06-15 04:45:00,0.0,304.00,Dado aprovado,True,outputs/pesquisa-cobertura-reserva-2022-20260922/raw/ana-86510000-2022-06-01--2022-06-30.xml,1517
2022,2022-06-15T06:00:00-03:00,2022-06-15T05:45:00-03:00,2022-06-15 05:45:00,0.0,303.00,Dado aprovado,True,outputs/pesquisa-cobertura-reserva-2022-20260922/raw/ana-86510000-2022-06-01--2022-06-30.xml,1513
2022,2022-06-15T07:00:00-03:00,2022-06-15T06:45:00-03:00,2022-06-15 06:45:00,0.0,302.00,Dado aprovado,True,outputs/pesquisa-cobertura-reserva-2022-20260922/raw/ana-86510000-2022-06-01--2022-06-30.xml,1509
2022,2022-06-15T08:00:00-03:00,2022-06-15T07:45:00-03:00,2022-06-15 07:45:00,0.0,300.00,Dado aprovado,True,outputs/pesquisa-cobertura-reserva-2022-20260922/raw/ana-86510000-2022-06-01--2022-06-30.xml,1505
2022,2022-06-15T09:00:00-03:00,2022-06-15T08:45:00-03:00,2022-06-15 08:45:00,0.0,298.00,Dado aprovado,True,outputs/pesquisa-cobertura-reserva-2022-20260922/raw/ana-86510000-2022-06-01--2022-06-30.xml,1501
2022,2022-06-15T10:00:00-03:00,2022-06-15T09:45:00-03:00,2022-06-15 09:45:00,0.0,293.00,Dado aprovado,True,outputs/pesquisa-cobertura-reserva-2022-20260922/raw/ana-86510000-2022-06-01--2022-06-30.xml,1497
2022,2022-06-15T11:00:00-03:00,2022-06-15T10:45:00-03:00,2022-06-15 10:45:00,0.0,289.00,Dado aprovado,True,outputs/pesquisa-cobertura-reserva-2022-20260922/raw/ana-86510000-2022-06-01--2022-06-30.xml,1493
2022,2022-06-15T12:00:00-03:00,2022-06-15T11:45:00-03:00,2022-06-15 11:45:00,0.0,286.00,Dado aprovado,True,outputs/pesquisa-cobertura-reserva-2022-20260922/raw/ana-86510000-2022-06-01--2022-06-30.xml,1489
2022,2022-06-15T13:00:00-03:00,2022-06-15T12:45:00-03:00,2022-06-15 12:45:00,0.0,285.00,Dado aprovado,True,outputs/pesquisa-cobertura-reserva-2022-20260922/raw/ana-86510000-2022-06-01--2022-06-30.xml,1485
2022,2022-06-15T14:00:00-03:00,2022-06-15T13:45:00-03:00,2022-06-15 13:45:00,0.0,288.00,Dado aprovado,True,outputs/pesquisa-cobertura-reserva-2022-20260922/raw/ana-86510000-2022-06-01--2022-06-30.xml,1481
2022,2022-06-15T15:00:00-03:00,2022-06-15T14:45:00-03:00,2022-06-15 14:45:00,0.0,291.00,Dado aprovado,True,outputs/pesquisa-cobertura-reserva-2022-20260922/raw/ana-86510000-2022-06-01--2022-06-30.xml,1477
2022,2022-06-15T16:00:00-03:00,2022-06-15T15:45:00-03:00,2022-06-15 15:45:00,0.0,293.00,Dado aprovado,True,outputs/pesquisa-cobertura-reserva-2022-20260922/raw/ana-86510000-2022-06-01--2022-06-30.xml,1473
2022,2022-06-15T17:00:00-03:00,2022-06-15T16:45:00-03:00,2022-06-15 16:45:00,0.0,295.00,Dado aprovado,True,outputs/pesquisa-cobertura-reserva-2022-20260922/raw/ana-86510000-2022-06-01--2022-06-30.xml,1469
2022,2022-06-15T18:00:00-03:00,2022-06-15T17:45:00-03:00,2022-06-15 17:45:00,0.0,296.00,Dado aprovado,True,outputs/pesquisa-cobertura-reserva-2022-20260922/raw/ana-86510000-2022-06-01--2022-06-30.xml,1465
2022,2022-06-15T19:00:00-03:00,2022-06-15T18:45:00-03:00,2022-06-15 18:45:00,0.0,297.00,Dado aprovado,True,outputs/pesquisa-cobertura-reserva-2022-20260922/raw/ana-86510000-2022-06-01--2022-06-30.xml,1461
2022,2022-06-15T20:00:00-03:00,2022-06-15T19:45:00-03:00,2022-06-15 19:45:00,0.0,298.00,Dado aprovado,True,outputs/pesquisa-cobertura-reserva-2022-20260922/raw/ana-86510000-2022-06-01--2022-06-30.xml,1457
2022,2022-06-15T21:00:00-03:00,2022-06-15T20:45:00-03:00,2022-06-15 20:45:00,0.0,298.00,Dado aprovado,True,outputs/pesquisa-cobertura-reserva-2022-20260922/raw/ana-86510000-2022-06-01--2022-06-30.xml,1453
2022,2022-06-15T22:00:00-03:00,2022-06-15T21:45:00-03:00,2022-06-15 21:45:00,0.0,298.00,Dado aprovado,True,outputs/pesquisa-cobertura-reserva-2022-20260922/raw/ana-86510000-2022-06-01--2022-06-30.xml,1449
2022,2022-06-15T23:00:00-03:00,2022-06-15T22:45:00-03:00,2022-06-15 22:45:00,0.0,298.00,Dado aprovado,True,outputs/pesquisa-cobertura-reserva-2022-20260922/raw/ana-86510000-2022-06-01--2022-06-30.xml,1445
2022,2022-06-16T00:00:00-03:00,2022-06-15T23:45:00-03:00,2022-06-15 23:45:00,0.0,296.00,Dado aprovado,True,outputs/pesquisa-cobertura-reserva-2022-20260922/raw/ana-86510000-2022-06-01--2022-06-30.xml,1441
2022,2022-06-16T01:00:00-03:00,2022-06-16T00:45:00-03:00,2022-06-16 00:45:00,0.0,295.00,Dado aprovado,True,outputs/pesquisa-cobertura-reserva-2022-20260922/raw/ana-86510000-2022-06-01--2022-06-30.xml,1437
2022,2022-06-16T02:00:00-03:00,2022-06-16T01:45:00-03:00,2022-06-16 01:45:00,0.0,293.00,Dado aprovado,True,outputs/pesquisa-cobertura-reserva-2022-20260922/raw/ana-86510000-2022-06-01--2022-06-30.xml,1433
2022,2022-06-16T03:00:00-03:00,2022-06-16T02:45:00-03:00,2022-06-16 02:45:00,0.0,292.00,Dado aprovado,True,outputs/pesquisa-cobertura-reserva-2022-20260922/raw/ana-86510000-2022-06-01--2022-06-30.xml,1429
2022,2022-06-16T04:00:00-03:00,2022-06-16T03:45:00-03:00,2022-06-16 03:45:00,0.0,290.00,Dado aprovado,True,outputs/pesquisa-cobertura-reserva-2022-20260922/raw/ana-86510000-2022-06-01--2022-06-30.xml,1425
2022,2022-06-16T05:00:00-03:00,2022-06-16T04:45:00-03:00,2022-06-16 04:45:00,0.0,290.00,Dado aprovado,True,outputs/pesquisa-cobertura-reserva-2022-20260922/raw/ana-86510000-2022-06-01--2022-06-30.xml,1421
2022,2022-06-16T06:00:00-03:00,2022-06-16T05:45:00-03:00,2022-06-16 05:45:00,0.0,287.00,Dado aprovado,True,outputs/pesquisa-cobertura-reserva-2022-20260922/raw/ana-86510000-2022-06-01--2022-06-30.xml,1417
2022,2022-06-16T07:00:00-03:00,2022-06-16T06:45:00-03:00,2022-06-16 06:45:00,0.0,284.00,Dado aprovado,True,outputs/pesquisa-cobertura-reserva-2022-20260922/raw/ana-86510000-2022-06-01--2022-06-30.xml,1413
2022,2022-06-16T08:00:00-03:00,2022-06-16T07:45:00-03:00,2022-06-16 07:45:00,0.0,282.00,Dado aprovado,True,outputs/pesquisa-cobertura-reserva-2022-20260922/raw/ana-86510000-2022-06-01--2022-06-30.xml,1409
2022,2022-06-16T09:00:00-03:00,2022-06-16T08:45:00-03:00,2022-06-16 08:45:00,0.0,280.00,Dado aprovado,True,outputs/pesquisa-cobertura-reserva-2022-20260922/raw/ana-86510000-2022-06-01--2022-06-30.xml,1405
2022,2022-06-16T10:00:00-03:00,2022-06-16T09:45:00-03:00,2022-06-16 09:45:00,0.0,279.00,Dado aprovado,True,outputs/pesquisa-cobertura-reserva-2022-20260922/raw/ana-86510000-2022-06-01--2022-06-30.xml,1401
2022,2022-06-16T11:00:00-03:00,2022-06-16T10:45:00-03:00,2022-06-16 10:45:00,0.0,281.00,Dado aprovado,True,outputs/pesquisa-cobertura-reserva-2022-20260922/raw/ana-86510000-2022-06-01--2022-06-30.xml,1397
2022,2022-06-16T12:00:00-03:00,2022-06-16T11:45:00-03:00,2022-06-16 11:45:00,0.0,282.00,Dado aprovado,True,outputs/pesquisa-cobertura-reserva-2022-20260922/raw/ana-86510000-2022-06-01--2022-06-30.xml,1393
2022,2022-06-16T13:00:00-03:00,2022-06-16T12:45:00-03:00,2022-06-16 12:45:00,0.0,284.00,Dado aprovado,True,outputs/pesquisa-cobertura-reserva-2022-20260922/raw/ana-86510000-2022-06-01--2022-06-30.xml,1389
2022,2022-06-16T14:00:00-03:00,2022-06-16T13:45:00-03:00,2022-06-16 13:45:00,0.0,286.00,Dado aprovado,True,outputs/pesquisa-cobertura-reserva-2022-20260922/raw/ana-86510000-2022-06-01--2022-06-30.xml,1385
2022,2022-06-16T15:00:00-03:00,2022-06-16T14:45:00-03:00,2022-06-16 14:45:00,0.0,289.00,Dado aprovado,True,outputs/pesquisa-cobertura-reserva-2022-20260922/raw/ana-86510000-2022-06-01--2022-06-30.xml,1381
2022,2022-06-16T16:00:00-03:00,2022-06-16T15:45:00-03:00,2022-06-16 15:45:00,0.0,291.00,Dado aprovado,True,outputs/pesquisa-cobertura-reserva-2022-20260922/raw/ana-86510000-2022-06-01--2022-06-30.xml,1377
2022,2022-06-16T17:00:00-03:00,2022-06-16T16:45:00-03:00,2022-06-16 16:45:00,0.0,293.00,Dado aprovado,True,outputs/pesquisa-cobertura-reserva-2022-20260922/raw/ana-86510000-2022-06-01--2022-06-30.xml,1373
2022,2022-06-16T18:00:00-03:00,2022-06-16T17:45:00-03:00,2022-06-16 17:45:00,0.0,295.00,Dado aprovado,True,outputs/pesquisa-cobertura-reserva-2022-20260922/raw/ana-86510000-2022-06-01--2022-06-30.xml,1369
2022,2022-06-16T19:00:00-03:00,2022-06-16T18:45:00-03:00,2022-06-16 18:45:00,0.0,296.00,Dado aprovado,True,outputs/pesquisa-cobertura-reserva-2022-20260922/raw/ana-86510000-2022-06-01--2022-06-30.xml,1365
2022,2022-06-16T20:00:00-03:00,2022-06-16T19:45:00-03:00,2022-06-16 19:45:00,0.0,298.00,Dado aprovado,True,outputs/pesquisa-cobertura-reserva-2022-20260922/raw/ana-86510000-2022-06-01--2022-06-30.xml,1361
2022,2022-06-16T21:00:00-03:00,2022-06-16T20:45:00-03:00,2022-06-16 20:45:00,0.0,299.00,Dado aprovado,True,outputs/pesquisa-cobertura-reserva-2022-20260922/raw/ana-86510000-2022-06-01--2022-06-30.xml,1357
2022,2022-06-16T22:00:00-03:00,2022-06-16T21:45:00-03:00,2022-06-16 21:45:00,0.0,299.00,Dado aprovado,True,outputs/pesquisa-cobertura-reserva-2022-20260922/raw/ana-86510000-2022-06-01--2022-06-30.xml,1353
2022,2022-06-16T23:00:00-03:00,2022-06-16T22:45:00-03:00,2022-06-16 22:45:00,0.0,295.00,Dado aprovado,True,outputs/pesquisa-cobertura-reserva-2022-20260922/raw/ana-86510000-2022-06-01--2022-06-30.xml,1349
2022,2022-06-17T00:00:00-03:00,2022-06-16T23:45:00-03:00,2022-06-16 23:45:00,0.0,288.00,Dado aprovado,True,outputs/pesquisa-cobertura-reserva-2022-20260922/raw/ana-86510000-2022-06-01--2022-06-30.xml,1345
2022,2022-06-17T01:00:00-03:00,2022-06-17T00:45:00-03:00,2022-06-17 00:45:00,0.0,283.00,Dado aprovado,True,outputs/pesquisa-cobertura-reserva-2022-20260922/raw/ana-86510000-2022-06-01--2022-06-30.xml,1341
2022,2022-06-17T02:00:00-03:00,2022-06-17T01:45:00-03:00,2022-06-17 01:45:00,0.0,280.00,Dado aprovado,True,outputs/pesquisa-cobertura-reserva-2022-20260922/raw/ana-86510000-2022-06-01--2022-06-30.xml,1337
2022,2022-06-17T03:00:00-03:00,2022-06-17T02:45:00-03:00,2022-06-17 02:45:00,0.0,279.00,Dado aprovado,True,outputs/pesquisa-cobertura-reserva-2022-20260922/raw/ana-86510000-2022-06-01--2022-06-30.xml,1333
2022,2022-06-17T04:00:00-03:00,2022-06-17T03:45:00-03:00,2022-06-17 03:45:00,0.0,278.00,Dado aprovado,True,outputs/pesquisa-cobertura-reserva-2022-20260922/raw/ana-86510000-2022-06-01--2022-06-30.xml,1329
2022,2022-06-17T05:00:00-03:00,2022-06-17T04:45:00-03:00,2022-06-17 04:45:00,0.0,278.00,Dado aprovado,True,outputs/pesquisa-cobertura-reserva-2022-20260922/raw/ana-86510000-2022-06-01--2022-06-30.xml,1325
2022,2022-06-17T06:00:00-03:00,2022-06-17T05:45:00-03:00,2022-06-17 05:45:00,0.0,278.00,Dado aprovado,True,outputs/pesquisa-cobertura-reserva-2022-20260922/raw/ana-86510000-2022-06-01--2022-06-30.xml,1321
2022,2022-06-17T07:00:00-03:00,2022-06-17T06:45:00-03:00,2022-06-17 06:45:00,0.0,273.00,Dado aprovado,True,outputs/pesquisa-cobertura-reserva-2022-20260922/raw/ana-86510000-2022-06-01--2022-06-30.xml,1317
2022,2022-06-17T08:00:00-03:00,2022-06-17T07:45:00-03:00,2022-06-17 07:45:00,0.0,265.00,Dado aprovado,True,outputs/pesquisa-cobertura-reserva-2022-20260922/raw/ana-86510000-2022-06-01--2022-06-30.xml,1313
2022,2022-06-17T09:00:00-03:00,2022-06-17T08:45:00-03:00,2022-06-17 08:45:00,0.0,256.00,Dado aprovado,True,outputs/pesquisa-cobertura-reserva-2022-20260922/raw/ana-86510000-2022-06-01--2022-06-30.xml,1309
2022,2022-06-17T10:00:00-03:00,2022-06-17T09:45:00-03:00,2022-06-17 09:45:00,0.0,249.00,Dado aprovado,True,outputs/pesquisa-cobertura-reserva-2022-20260922/raw/ana-86510000-2022-06-01--2022-06-30.xml,1305
2022,2022-06-17T11:00:00-03:00,2022-06-17T10:45:00-03:00,2022-06-17 10:45:00,0.0,247.00,Dado aprovado,True,outputs/pesquisa-cobertura-reserva-2022-20260922/raw/ana-86510000-2022-06-01--2022-06-30.xml,1301
2022,2022-06-17T12:00:00-03:00,2022-06-17T11:45:00-03:00,2022-06-17 11:45:00,0.0,248.00,Dado aprovado,True,outputs/pesquisa-cobertura-reserva-2022-20260922/raw/ana-86510000-2022-06-01--2022-06-30.xml,1297
2022,2022-06-17T13:00:00-03:00,2022-06-17T12:45:00-03:00,2022-06-17 12:45:00,0.0,254.00,Dado aprovado,True,outputs/pesquisa-cobertura-reserva-2022-20260922/raw/ana-86510000-2022-06-01--2022-06-30.xml,1293
2022,2022-06-17T14:00:00-03:00,2022-06-17T13:45:00-03:00,2022-06-17 13:45:00,0.0,275.00,Dado aprovado,True,outputs/pesquisa-cobertura-reserva-2022-20260922/raw/ana-86510000-2022-06-01--2022-06-30.xml,1289
2022,2022-06-17T15:00:00-03:00,2022-06-17T14:45:00-03:00,2022-06-17 14:45:00,0.0,307.00,Dado aprovado,True,outputs/pesquisa-cobertura-reserva-2022-20260922/raw/ana-86510000-2022-06-01--2022-06-30.xml,1285
2022,2022-06-17T16:00:00-03:00,2022-06-17T15:45:00-03:00,2022-06-17 15:45:00,0.0,337.00,Dado aprovado,True,outputs/pesquisa-cobertura-reserva-2022-20260922/raw/ana-86510000-2022-06-01--2022-06-30.xml,1281
2022,2022-06-17T17:00:00-03:00,2022-06-17T16:45:00-03:00,2022-06-17 16:45:00,0.0,357.00,Dado aprovado,True,outputs/pesquisa-cobertura-reserva-2022-20260922/raw/ana-86510000-2022-06-01--2022-06-30.xml,1277
2022,2022-06-17T18:00:00-03:00,2022-06-17T17:45:00-03:00,2022-06-17 17:45:00,0.0,366.00,Dado aprovado,True,outputs/pesquisa-cobertura-reserva-2022-20260922/raw/ana-86510000-2022-06-01--2022-06-30.xml,1273
2022,2022-06-17T19:00:00-03:00,2022-06-17T18:45:00-03:00,2022-06-17 18:45:00,0.0,371.00,Dado aprovado,True,outputs/pesquisa-cobertura-reserva-2022-20260922/raw/ana-86510000-2022-06-01--2022-06-30.xml,1269
2022,2022-06-17T20:00:00-03:00,2022-06-17T19:45:00-03:00,2022-06-17 19:45:00,0.0,376.00,Dado aprovado,True,outputs/pesquisa-cobertura-reserva-2022-20260922/raw/ana-86510000-2022-06-01--2022-06-30.xml,1265
2022,2022-06-17T21:00:00-03:00,2022-06-17T20:45:00-03:00,2022-06-17 20:45:00,0.0,381.00,Dado aprovado,True,outputs/pesquisa-cobertura-reserva-2022-20260922/raw/ana-86510000-2022-06-01--2022-06-30.xml,1261
2022,2022-06-17T22:00:00-03:00,2022-06-17T21:45:00-03:00,2022-06-17 21:45:00,0.0,391.00,Dado aprovado,True,outputs/pesquisa-cobertura-reserva-2022-20260922/raw/ana-86510000-2022-06-01--2022-06-30.xml,1257
2022,2022-06-17T23:00:00-03:00,2022-06-17T22:45:00-03:00,2022-06-17 22:45:00,0.0,409.00,Dado aprovado,True,outputs/pesquisa-cobertura-reserva-2022-20260922/raw/ana-86510000-2022-06-01--2022-06-30.xml,1253
2022,2022-06-18T00:00:00-03:00,2022-06-17T23:45:00-03:00,2022-06-17 23:45:00,0.0,433.00,Dado aprovado,True,outputs/pesquisa-cobertura-reserva-2022-20260922/raw/ana-86510000-2022-06-01--2022-06-30.xml,1249
2022,2022-06-18T01:00:00-03:00,2022-06-18T00:45:00-03:00,2022-06-18 00:45:00,0.0,454.00,Dado aprovado,True,outputs/pesquisa-cobertura-reserva-2022-20260922/raw/ana-86510000-2022-06-01--2022-06-30.xml,1245
2022,2022-06-18T02:00:00-03:00,2022-06-18T01:45:00-03:00,2022-06-18 01:45:00,0.0,475.00,Dado aprovado,True,outputs/pesquisa-cobertura-reserva-2022-20260922/raw/ana-86510000-2022-06-01--2022-06-30.xml,1241
2022,2022-06-18T03:00:00-03:00,2022-06-18T02:45:00-03:00,2022-06-18 02:45:00,0.0,517.00,Dado aprovado,True,outputs/pesquisa-cobertura-reserva-2022-20260922/raw/ana-86510000-2022-06-01--2022-06-30.xml,1237
2022,2022-06-18T04:00:00-03:00,2022-06-18T03:45:00-03:00,2022-06-18 03:45:00,0.0,581.00,Dado aprovado,True,outputs/pesquisa-cobertura-reserva-2022-20260922/raw/ana-86510000-2022-06-01--2022-06-30.xml,1233
2022,2022-06-18T05:00:00-03:00,2022-06-18T04:45:00-03:00,2022-06-18 04:45:00,0.0,656.00,Dado aprovado,True,outputs/pesquisa-cobertura-reserva-2022-20260922/raw/ana-86510000-2022-06-01--2022-06-30.xml,1229
2022,2022-06-18T06:00:00-03:00,2022-06-18T05:45:00-03:00,2022-06-18 05:45:00,0.0,716.00,Dado aprovado,True,outputs/pesquisa-cobertura-reserva-2022-20260922/raw/ana-86510000-2022-06-01--2022-06-30.xml,1225
2022,2022-06-18T07:00:00-03:00,2022-06-18T06:45:00-03:00,2022-06-18 06:45:00,0.0,765.00,Dado aprovado,True,outputs/pesquisa-cobertura-reserva-2022-20260922/raw/ana-86510000-2022-06-01--2022-06-30.xml,1221
2022,2022-06-18T08:00:00-03:00,2022-06-18T07:45:00-03:00,2022-06-18 07:45:00,0.0,796.00,Dado aprovado,True,outputs/pesquisa-cobertura-reserva-2022-20260922/raw/ana-86510000-2022-06-01--2022-06-30.xml,1217
2022,2022-06-18T09:00:00-03:00,2022-06-18T08:45:00-03:00,2022-06-18 08:45:00,0.0,818.00,Dado aprovado,True,outputs/pesquisa-cobertura-reserva-2022-20260922/raw/ana-86510000-2022-06-01--2022-06-30.xml,1213
2022,2022-06-18T10:00:00-03:00,2022-06-18T09:45:00-03:00,2022-06-18 09:45:00,0.0,830.00,Dado aprovado,True,outputs/pesquisa-cobertura-reserva-2022-20260922/raw/ana-86510000-2022-06-01--2022-06-30.xml,1209
2022,2022-06-18T11:00:00-03:00,2022-06-18T10:45:00-03:00,2022-06-18 10:45:00,0.0,836.00,Dado aprovado,True,outputs/pesquisa-cobertura-reserva-2022-20260922/raw/ana-86510000-2022-06-01--2022-06-30.xml,1205
2022,2022-06-18T12:00:00-03:00,2022-06-18T11:45:00-03:00,2022-06-18 11:45:00,0.0,838.00,Dado aprovado,True,outputs/pesquisa-cobertura-reserva-2022-20260922/raw/ana-86510000-2022-06-01--2022-06-30.xml,1201
2022,2022-06-18T13:00:00-03:00,2022-06-18T12:45:00-03:00,2022-06-18 12:45:00,0.0,832.00,Dado aprovado,True,outputs/pesquisa-cobertura-reserva-2022-20260922/raw/ana-86510000-2022-06-01--2022-06-30.xml,1197
2022,2022-06-18T14:00:00-03:00,2022-06-18T13:45:00-03:00,2022-06-18 13:45:00,0.0,831.00,Dado aprovado,True,outputs/pesquisa-cobertura-reserva-2022-20260922/raw/ana-86510000-2022-06-01--2022-06-30.xml,1193
2022,2022-06-18T15:00:00-03:00,2022-06-18T14:45:00-03:00,2022-06-18 14:45:00,0.0,829.00,Dado aprovado,True,outputs/pesquisa-cobertura-reserva-2022-20260922/raw/ana-86510000-2022-06-01--2022-06-30.xml,1189
2022,2022-06-18T16:00:00-03:00,2022-06-18T15:45:00-03:00,2022-06-18 15:45:00,0.0,831.00,Dado aprovado,True,outputs/pesquisa-cobertura-reserva-2022-20260922/raw/ana-86510000-2022-06-01--2022-06-30.xml,1185
2022,2022-06-18T17:00:00-03:00,2022-06-18T16:45:00-03:00,2022-06-18 16:45:00,0.0,835.00,Dado aprovado,True,outputs/pesquisa-cobertura-reserva-2022-20260922/raw/ana-86510000-2022-06-01--2022-06-30.xml,1181
2022,2022-06-18T18:00:00-03:00,2022-06-18T17:45:00-03:00,2022-06-18 17:45:00,0.0,833.00,Dado aprovado,True,outputs/pesquisa-cobertura-reserva-2022-20260922/raw/ana-86510000-2022-06-01--2022-06-30.xml,1177
2022,2022-06-18T19:00:00-03:00,2022-06-18T18:45:00-03:00,2022-06-18 18:45:00,0.0,838.00,Dado aprovado,True,outputs/pesquisa-cobertura-reserva-2022-20260922/raw/ana-86510000-2022-06-01--2022-06-30.xml,1173
2022,2022-06-18T20:00:00-03:00,2022-06-18T19:45:00-03:00,2022-06-18 19:45:00,0.0,830.00,Dado aprovado,True,outputs/pesquisa-cobertura-reserva-2022-20260922/raw/ana-86510000-2022-06-01--2022-06-30.xml,1169
2022,2022-06-18T21:00:00-03:00,2022-06-18T20:45:00-03:00,2022-06-18 20:45:00,0.0,827.00,Dado aprovado,True,outputs/pesquisa-cobertura-reserva-2022-20260922/raw/ana-86510000-2022-06-01--2022-06-30.xml,1165
2022,2022-06-18T22:00:00-03:00,2022-06-18T21:45:00-03:00,2022-06-18 21:45:00,0.0,821.00,Dado aprovado,True,outputs/pesquisa-cobertura-reserva-2022-20260922/raw/ana-86510000-2022-06-01--2022-06-30.xml,1161
2022,2022-06-18T23:00:00-03:00,2022-06-18T22:45:00-03:00,2022-06-18 22:45:00,0.0,810.00,Dado aprovado,True,outputs/pesquisa-cobertura-reserva-2022-20260922/raw/ana-86510000-2022-06-01--2022-06-30.xml,1157
2022,2022-06-19T00:00:00-03:00,2022-06-18T23:45:00-03:00,2022-06-18 23:45:00,0.0,799.00,Dado aprovado,True,outputs/pesquisa-cobertura-reserva-2022-20260922/raw/ana-86510000-2022-06-01--2022-06-30.xml,1153
2022,2022-06-19T01:00:00-03:00,2022-06-19T00:45:00-03:00,2022-06-19 00:45:00,0.0,787.00,Dado aprovado,True,outputs/pesquisa-cobertura-reserva-2022-20260922/raw/ana-86510000-2022-06-01--2022-06-30.xml,1149
2022,2022-06-19T02:00:00-03:00,2022-06-19T01:45:00-03:00,2022-06-19 01:45:00,0.0,771.00,Dado aprovado,True,outputs/pesquisa-cobertura-reserva-2022-20260922/raw/ana-86510000-2022-06-01--2022-06-30.xml,1145
2022,2022-06-19T03:00:00-03:00,2022-06-19T02:45:00-03:00,2022-06-19 02:45:00,0.0,754.00,Dado aprovado,True,outputs/pesquisa-cobertura-reserva-2022-20260922/raw/ana-86510000-2022-06-01--2022-06-30.xml,1141
2022,2022-06-19T04:00:00-03:00,2022-06-19T03:45:00-03:00,2022-06-19 03:45:00,0.0,743.00,Dado aprovado,True,outputs/pesquisa-cobertura-reserva-2022-20260922/raw/ana-86510000-2022-06-01--2022-06-30.xml,1137
2022,2022-06-19T05:00:00-03:00,2022-06-19T04:45:00-03:00,2022-06-19 04:45:00,0.0,732.00,Dado aprovado,True,outputs/pesquisa-cobertura-reserva-2022-20260922/raw/ana-86510000-2022-06-01--2022-06-30.xml,1133
2022,2022-06-19T06:00:00-03:00,2022-06-19T05:45:00-03:00,2022-06-19 05:45:00,0.0,721.00,Dado aprovado,True,outputs/pesquisa-cobertura-reserva-2022-20260922/raw/ana-86510000-2022-06-01--2022-06-30.xml,1129
2022,2022-06-19T07:00:00-03:00,2022-06-19T06:45:00-03:00,2022-06-19 06:45:00,0.0,712.00,Dado aprovado,True,outputs/pesquisa-cobertura-reserva-2022-20260922/raw/ana-86510000-2022-06-01--2022-06-30.xml,1125
2022,2022-06-19T08:00:00-03:00,2022-06-19T07:45:00-03:00,2022-06-19 07:45:00,0.0,706.00,Dado aprovado,True,outputs/pesquisa-cobertura-reserva-2022-20260922/raw/ana-86510000-2022-06-01--2022-06-30.xml,1121
2022,2022-06-19T09:00:00-03:00,2022-06-19T08:45:00-03:00,2022-06-19 08:45:00,0.0,694.00,Dado aprovado,True,outputs/pesquisa-cobertura-reserva-2022-20260922/raw/ana-86510000-2022-06-01--2022-06-30.xml,1117
2022,2022-06-19T10:00:00-03:00,2022-06-19T09:45:00-03:00,2022-06-19 09:45:00,0.0,682.00,Dado aprovado,True,outputs/pesquisa-cobertura-reserva-2022-20260922/raw/ana-86510000-2022-06-01--2022-06-30.xml,1113
2022,2022-06-19T11:00:00-03:00,2022-06-19T10:45:00-03:00,2022-06-19 10:45:00,0.0,672.00,Dado aprovado,True,outputs/pesquisa-cobertura-reserva-2022-20260922/raw/ana-86510000-2022-06-01--2022-06-30.xml,1109
2022,2022-06-19T12:00:00-03:00,2022-06-19T11:45:00-03:00,2022-06-19 11:45:00,0.0,660.00,Dado aprovado,True,outputs/pesquisa-cobertura-reserva-2022-20260922/raw/ana-86510000-2022-06-01--2022-06-30.xml,1105
2022,2022-06-19T13:00:00-03:00,2022-06-19T12:45:00-03:00,2022-06-19 12:45:00,0.0,648.00,Dado aprovado,True,outputs/pesquisa-cobertura-reserva-2022-20260922/raw/ana-86510000-2022-06-01--2022-06-30.xml,1101
2022,2022-06-19T14:00:00-03:00,2022-06-19T13:45:00-03:00,2022-06-19 13:45:00,0.0,638.00,Dado aprovado,True,outputs/pesquisa-cobertura-reserva-2022-20260922/raw/ana-86510000-2022-06-01--2022-06-30.xml,1097
2022,2022-06-19T15:00:00-03:00,2022-06-19T14:45:00-03:00,2022-06-19 14:45:00,0.0,628.00,Dado aprovado,True,outputs/pesquisa-cobertura-reserva-2022-20260922/raw/ana-86510000-2022-06-01--2022-06-30.xml,1093
2022,2022-06-19T16:00:00-03:00,2022-06-19T15:45:00-03:00,2022-06-19 15:45:00,0.0,618.00,Dado aprovado,True,outputs/pesquisa-cobertura-reserva-2022-20260922/raw/ana-86510000-2022-06-01--2022-06-30.xml,1089
2022,2022-06-19T17:00:00-03:00,2022-06-19T16:45:00-03:00,2022-06-19 16:45:00,0.0,610.00,Dado aprovado,True,outputs/pesquisa-cobertura-reserva-2022-20260922/raw/ana-86510000-2022-06-01--2022-06-30.xml,1085
2022,2022-06-19T18:00:00-03:00,2022-06-19T17:45:00-03:00,2022-06-19 17:45:00,0.0,603.00,Dado aprovado,True,outputs/pesquisa-cobertura-reserva-2022-20260922/raw/ana-86510000-2022-06-01--2022-06-30.xml,1081
2022,2022-06-19T19:00:00-03:00,2022-06-19T18:45:00-03:00,2022-06-19 18:45:00,0.0,594.00,Dado aprovado,True,outputs/pesquisa-cobertura-reserva-2022-20260922/raw/ana-86510000-2022-06-01--2022-06-30.xml,1077
2022,2022-06-19T20:00:00-03:00,2022-06-19T19:45:00-03:00,2022-06-19 19:45:00,0.0,587.00,Dado aprovado,True,outputs/pesquisa-cobertura-reserva-2022-20260922/raw/ana-86510000-2022-06-01--2022-06-30.xml,1073
2022,2022-06-19T21:00:00-03:00,2022-06-19T20:45:00-03:00,2022-06-19 20:45:00,0.0,580.00,Dado aprovado,True,outputs/pesquisa-cobertura-reserva-2022-20260922/raw/ana-86510000-2022-06-01--2022-06-30.xml,1069
2022,2022-06-19T22:00:00-03:00,2022-06-19T21:45:00-03:00,2022-06-19 21:45:00,0.0,571.00,Dado aprovado,True,outputs/pesquisa-cobertura-reserva-2022-20260922/raw/ana-86510000-2022-06-01--2022-06-30.xml,1065
2022,2022-06-19T23:00:00-03:00,2022-06-19T22:45:00-03:00,2022-06-19 22:45:00,0.0,567.00,Dado aprovado,True,outputs/pesquisa-cobertura-reserva-2022-20260922/raw/ana-86510000-2022-06-01--2022-06-30.xml,1061
2022,2022-06-20T00:00:00-03:00,2022-06-19T23:45:00-03:00,2022-06-19 23:45:00,0.0,558.00,Dado aprovado,True,outputs/pesquisa-cobertura-reserva-2022-20260922/raw/ana-86510000-2022-06-01--2022-06-30.xml,1057
2022,2022-06-20T01:00:00-03:00,2022-06-20T00:45:00-03:00,2022-06-20 00:45:00,0.0,550.00,Dado aprovado,True,outputs/pesquisa-cobertura-reserva-2022-20260922/raw/ana-86510000-2022-06-01--2022-06-30.xml,1053
2022,2022-06-20T02:00:00-03:00,2022-06-20T01:45:00-03:00,2022-06-20 01:45:00,0.0,544.00,Dado aprovado,True,outputs/pesquisa-cobertura-reserva-2022-20260922/raw/ana-86510000-2022-06-01--2022-06-30.xml,1049
2022,2022-06-20T03:00:00-03:00,2022-06-20T02:45:00-03:00,2022-06-20 02:45:00,0.0,537.00,Dado aprovado,True,outputs/pesquisa-cobertura-reserva-2022-20260922/raw/ana-86510000-2022-06-01--2022-06-30.xml,1045
2022,2022-06-20T04:00:00-03:00,2022-06-20T03:45:00-03:00,2022-06-20 03:45:00,0.0,530.00,Dado aprovado,True,outputs/pesquisa-cobertura-reserva-2022-20260922/raw/ana-86510000-2022-06-01--2022-06-30.xml,1041
2022,2022-06-20T05:00:00-03:00,2022-06-20T04:45:00-03:00,2022-06-20 04:45:00,0.0,525.00,Dado aprovado,True,outputs/pesquisa-cobertura-reserva-2022-20260922/raw/ana-86510000-2022-06-01--2022-06-30.xml,1037
2022,2022-06-20T06:00:00-03:00,2022-06-20T05:45:00-03:00,2022-06-20 05:45:00,0.0,519.00,Dado aprovado,True,outputs/pesquisa-cobertura-reserva-2022-20260922/raw/ana-86510000-2022-06-01--2022-06-30.xml,1033
2022,2022-06-20T07:00:00-03:00,2022-06-20T06:45:00-03:00,2022-06-20 06:45:00,0.0,512.00,Dado aprovado,True,outputs/pesquisa-cobertura-reserva-2022-20260922/raw/ana-86510000-2022-06-01--2022-06-30.xml,1029
2022,2022-06-20T08:00:00-03:00,2022-06-20T07:45:00-03:00,2022-06-20 07:45:00,0.0,506.00,Dado aprovado,True,outputs/pesquisa-cobertura-reserva-2022-20260922/raw/ana-86510000-2022-06-01--2022-06-30.xml,1025
2022,2022-06-20T09:00:00-03:00,2022-06-20T08:45:00-03:00,2022-06-20 08:45:00,0.0,502.00,Dado aprovado,True,outputs/pesquisa-cobertura-reserva-2022-20260922/raw/ana-86510000-2022-06-01--2022-06-30.xml,1021
2022,2022-06-20T10:00:00-03:00,2022-06-20T09:45:00-03:00,2022-06-20 09:45:00,0.0,496.00,Dado aprovado,True,outputs/pesquisa-cobertura-reserva-2022-20260922/raw/ana-86510000-2022-06-01--2022-06-30.xml,1017
2022,2022-06-20T11:00:00-03:00,2022-06-20T10:45:00-03:00,2022-06-20 10:45:00,0.0,490.00,Dado aprovado,True,outputs/pesquisa-cobertura-reserva-2022-20260922/raw/ana-86510000-2022-06-01--2022-06-30.xml,1013
2022,2022-06-20T12:00:00-03:00,2022-06-20T11:45:00-03:00,2022-06-20 11:45:00,0.0,484.00,Dado aprovado,True,outputs/pesquisa-cobertura-reserva-2022-20260922/raw/ana-86510000-2022-06-01--2022-06-30.xml,1009
2022,2022-06-20T13:00:00-03:00,2022-06-20T12:45:00-03:00,2022-06-20 12:45:00,0.0,478.00,Dado aprovado,True,outputs/pesquisa-cobertura-reserva-2022-20260922/raw/ana-86510000-2022-06-01--2022-06-30.xml,1005
2022,2022-06-20T14:00:00-03:00,2022-06-20T13:45:00-03:00,2022-06-20 13:45:00,0.0,475.00,Dado aprovado,True,outputs/pesquisa-cobertura-reserva-2022-20260922/raw/ana-86510000-2022-06-01--2022-06-30.xml,1001
2022,2022-06-20T15:00:00-03:00,2022-06-20T14:45:00-03:00,2022-06-20 14:45:00,0.0,471.00,Dado aprovado,True,outputs/pesquisa-cobertura-reserva-2022-20260922/raw/ana-86510000-2022-06-01--2022-06-30.xml,997
2022,2022-06-20T16:00:00-03:00,2022-06-20T15:45:00-03:00,2022-06-20 15:45:00,0.0,468.00,Dado aprovado,True,outputs/pesquisa-cobertura-reserva-2022-20260922/raw/ana-86510000-2022-06-01--2022-06-30.xml,993
2022,2022-06-20T17:00:00-03:00,2022-06-20T16:45:00-03:00,2022-06-20 16:45:00,0.0,462.00,Dado aprovado,True,outputs/pesquisa-cobertura-reserva-2022-20260922/raw/ana-86510000-2022-06-01--2022-06-30.xml,989
2022,2022-06-20T18:00:00-03:00,2022-06-20T17:45:00-03:00,2022-06-20 17:45:00,0.0,459.00,Dado aprovado,True,outputs/pesquisa-cobertura-reserva-2022-20260922/raw/ana-86510000-2022-06-01--2022-06-30.xml,985
2022,2022-06-20T19:00:00-03:00,2022-06-20T18:45:00-03:00,2022-06-20 18:45:00,0.0,455.00,Dado aprovado,True,outputs/pesquisa-cobertura-reserva-2022-20260922/raw/ana-86510000-2022-06-01--2022-06-30.xml,981
2022,2022-06-20T20:00:00-03:00,2022-06-20T19:45:00-03:00,2022-06-20 19:45:00,0.0,450.00,Dado aprovado,True,outputs/pesquisa-cobertura-reserva-2022-20260922/raw/ana-86510000-2022-06-01--2022-06-30.xml,977
2022,2022-06-20T21:00:00-03:00,2022-06-20T20:45:00-03:00,2022-06-20 20:45:00,0.0,447.00,Dado aprovado,True,outputs/pesquisa-cobertura-reserva-2022-20260922/raw/ana-86510000-2022-06-01--2022-06-30.xml,973
2022,2022-06-20T22:00:00-03:00,2022-06-20T21:45:00-03:00,2022-06-20 21:45:00,0.0,444.00,Dado aprovado,True,outputs/pesquisa-cobertura-reserva-2022-20260922/raw/ana-86510000-2022-06-01--2022-06-30.xml,969
2022,2022-06-20T23:00:00-03:00,2022-06-20T22:45:00-03:00,2022-06-20 22:45:00,0.0,441.00,Dado aprovado,True,outputs/pesquisa-cobertura-reserva-2022-20260922/raw/ana-86510000-2022-06-01--2022-06-30.xml,965
2022,2022-06-21T00:00:00-03:00,2022-06-20T23:45:00-03:00,2022-06-20 23:45:00,0.0,437.00,Dado aprovado,True,outputs/pesquisa-cobertura-reserva-2022-20260922/raw/ana-86510000-2022-06-01--2022-06-30.xml,961
2022,2022-06-21T01:00:00-03:00,2022-06-21T00:45:00-03:00,2022-06-21 00:45:00,0.0,434.00,Dado aprovado,True,outputs/pesquisa-cobertura-reserva-2022-20260922/raw/ana-86510000-2022-06-01--2022-06-30.xml,957
2022,2022-06-21T02:00:00-03:00,2022-06-21T01:45:00-03:00,2022-06-21 01:45:00,0.0,431.00,Dado aprovado,True,outputs/pesquisa-cobertura-reserva-2022-20260922/raw/ana-86510000-2022-06-01--2022-06-30.xml,953
2022,2022-06-21T03:00:00-03:00,2022-06-21T02:45:00-03:00,2022-06-21 02:45:00,0.0,429.00,Dado aprovado,True,outputs/pesquisa-cobertura-reserva-2022-20260922/raw/ana-86510000-2022-06-01--2022-06-30.xml,949
2022,2022-06-21T04:00:00-03:00,2022-06-21T03:45:00-03:00,2022-06-21 03:45:00,0.0,425.00,Dado aprovado,True,outputs/pesquisa-cobertura-reserva-2022-20260922/raw/ana-86510000-2022-06-01--2022-06-30.xml,945
2022,2022-06-21T05:00:00-03:00,2022-06-21T04:45:00-03:00,2022-06-21 04:45:00,0.0,422.00,Dado aprovado,True,outputs/pesquisa-cobertura-reserva-2022-20260922/raw/ana-86510000-2022-06-01--2022-06-30.xml,941
2022,2022-06-21T06:00:00-03:00,2022-06-21T05:45:00-03:00,2022-06-21 05:45:00,0.0,419.00,Dado aprovado,True,outputs/pesquisa-cobertura-reserva-2022-20260922/raw/ana-86510000-2022-06-01--2022-06-30.xml,937
2022,2022-06-21T07:00:00-03:00,2022-06-21T06:45:00-03:00,2022-06-21 06:45:00,0.0,416.00,Dado aprovado,True,outputs/pesquisa-cobertura-reserva-2022-20260922/raw/ana-86510000-2022-06-01--2022-06-30.xml,933
2022,2022-06-21T08:00:00-03:00,2022-06-21T07:45:00-03:00,2022-06-21 07:45:00,0.0,415.00,Dado aprovado,True,outputs/pesquisa-cobertura-reserva-2022-20260922/raw/ana-86510000-2022-06-01--2022-06-30.xml,929
2022,2022-06-21T09:00:00-03:00,2022-06-21T08:45:00-03:00,2022-06-21 08:45:00,0.0,413.00,Dado aprovado,True,outputs/pesquisa-cobertura-reserva-2022-20260922/raw/ana-86510000-2022-06-01--2022-06-30.xml,925
2022,2022-06-21T10:00:00-03:00,2022-06-21T09:45:00-03:00,2022-06-21 09:45:00,0.0,409.00,Dado aprovado,True,outputs/pesquisa-cobertura-reserva-2022-20260922/raw/ana-86510000-2022-06-01--2022-06-30.xml,921
2022,2022-06-21T11:00:00-03:00,2022-06-21T10:45:00-03:00,2022-06-21 10:45:00,0.0,408.00,Dado aprovado,True,outputs/pesquisa-cobertura-reserva-2022-20260922/raw/ana-86510000-2022-06-01--2022-06-30.xml,917
2022,2022-06-21T12:00:00-03:00,2022-06-21T11:45:00-03:00,2022-06-21 11:45:00,0.0,407.00,Dado aprovado,True,outputs/pesquisa-cobertura-reserva-2022-20260922/raw/ana-86510000-2022-06-01--2022-06-30.xml,913
2022,2022-06-21T13:00:00-03:00,2022-06-21T12:45:00-03:00,2022-06-21 12:45:00,0.0,407.00,Dado aprovado,True,outputs/pesquisa-cobertura-reserva-2022-20260922/raw/ana-86510000-2022-06-01--2022-06-30.xml,909
2022,2022-06-21T14:00:00-03:00,2022-06-21T13:45:00-03:00,2022-06-21 13:45:00,0.0,407.00,Dado aprovado,True,outputs/pesquisa-cobertura-reserva-2022-20260922/raw/ana-86510000-2022-06-01--2022-06-30.xml,905
2022,2022-06-21T15:00:00-03:00,2022-06-21T14:45:00-03:00,2022-06-21 14:45:00,0.0,405.00,Dado aprovado,True,outputs/pesquisa-cobertura-reserva-2022-20260922/raw/ana-86510000-2022-06-01--2022-06-30.xml,901
2022,2022-06-21T16:00:00-03:00,2022-06-21T15:45:00-03:00,2022-06-21 15:45:00,0.0,405.00,Dado aprovado,True,outputs/pesquisa-cobertura-reserva-2022-20260922/raw/ana-86510000-2022-06-01--2022-06-30.xml,897
2022,2022-06-21T17:00:00-03:00,2022-06-21T16:45:00-03:00,2022-06-21 16:45:00,0.0,404.00,Dado aprovado,True,outputs/pesquisa-cobertura-reserva-2022-20260922/raw/ana-86510000-2022-06-01--2022-06-30.xml,893
2022,2022-06-21T18:00:00-03:00,2022-06-21T17:45:00-03:00,2022-06-21 17:45:00,0.0,403.00,Dado aprovado,True,outputs/pesquisa-cobertura-reserva-2022-20260922/raw/ana-86510000-2022-06-01--2022-06-30.xml,889
2022,2022-06-21T19:00:00-03:00,2022-06-21T18:45:00-03:00,2022-06-21 18:45:00,0.0,406.00,Dado aprovado,True,outputs/pesquisa-cobertura-reserva-2022-20260922/raw/ana-86510000-2022-06-01--2022-06-30.xml,885
2022,2022-06-21T20:00:00-03:00,2022-06-21T19:45:00-03:00,2022-06-21 19:45:00,0.0,412.00,Dado aprovado,True,outputs/pesquisa-cobertura-reserva-2022-20260922/raw/ana-86510000-2022-06-01--2022-06-30.xml,881
2022,2022-06-21T21:00:00-03:00,2022-06-21T20:45:00-03:00,2022-06-21 20:45:00,0.0,420.00,Dado aprovado,True,outputs/pesquisa-cobertura-reserva-2022-20260922/raw/ana-86510000-2022-06-01--2022-06-30.xml,877
2022,2022-06-21T22:00:00-03:00,2022-06-21T21:45:00-03:00,2022-06-21 21:45:00,0.0,431.00,Dado aprovado,True,outputs/pesquisa-cobertura-reserva-2022-20260922/raw/ana-86510000-2022-06-01--2022-06-30.xml,873
2022,2022-06-21T23:00:00-03:00,2022-06-21T22:45:00-03:00,2022-06-21 22:45:00,0.0,444.00,Dado aprovado,True,outputs/pesquisa-cobertura-reserva-2022-20260922/raw/ana-86510000-2022-06-01--2022-06-30.xml,869
2022,2022-06-22T00:00:00-03:00,2022-06-21T23:45:00-03:00,2022-06-21 23:45:00,0.0,459.00,Dado aprovado,True,outputs/pesquisa-cobertura-reserva-2022-20260922/raw/ana-86510000-2022-06-01--2022-06-30.xml,865
2022,2022-06-22T01:00:00-03:00,2022-06-22T00:45:00-03:00,2022-06-22 00:45:00,0.0,477.00,Dado aprovado,True,outputs/pesquisa-cobertura-reserva-2022-20260922/raw/ana-86510000-2022-06-01--2022-06-30.xml,861
2022,2022-06-22T02:00:00-03:00,2022-06-22T01:45:00-03:00,2022-06-22 01:45:00,0.0,496.00,Dado aprovado,True,outputs/pesquisa-cobertura-reserva-2022-20260922/raw/ana-86510000-2022-06-01--2022-06-30.xml,857
2022,2022-06-22T03:00:00-03:00,2022-06-22T02:45:00-03:00,2022-06-22 02:45:00,0.0,520.00,Dado aprovado,True,outputs/pesquisa-cobertura-reserva-2022-20260922/raw/ana-86510000-2022-06-01--2022-06-30.xml,853
2022,2022-06-22T04:00:00-03:00,2022-06-22T03:45:00-03:00,2022-06-22 03:45:00,0.0,548.00,Dado aprovado,True,outputs/pesquisa-cobertura-reserva-2022-20260922/raw/ana-86510000-2022-06-01--2022-06-30.xml,849
2022,2022-06-22T05:00:00-03:00,2022-06-22T04:45:00-03:00,2022-06-22 04:45:00,0.0,589.00,Dado aprovado,True,outputs/pesquisa-cobertura-reserva-2022-20260922/raw/ana-86510000-2022-06-01--2022-06-30.xml,845
2022,2022-06-22T06:00:00-03:00,2022-06-22T05:45:00-03:00,2022-06-22 05:45:00,0.0,645.00,Dado aprovado,True,outputs/pesquisa-cobertura-reserva-2022-20260922/raw/ana-86510000-2022-06-01--2022-06-30.xml,841
2022,2022-06-22T07:00:00-03:00,2022-06-22T06:45:00-03:00,2022-06-22 06:45:00,0.0,704.00,Dado aprovado,True,outputs/pesquisa-cobertura-reserva-2022-20260922/raw/ana-86510000-2022-06-01--2022-06-30.xml,837
2022,2022-06-22T08:00:00-03:00,2022-06-22T07:45:00-03:00,2022-06-22 07:45:00,0.0,758.00,Dado aprovado,True,outputs/pesquisa-cobertura-reserva-2022-20260922/raw/ana-86510000-2022-06-01--2022-06-30.xml,833
2022,2022-06-22T09:00:00-03:00,2022-06-22T08:45:00-03:00,2022-06-22 08:45:00,0.0,804.00,Dado aprovado,True,outputs/pesquisa-cobertura-reserva-2022-20260922/raw/ana-86510000-2022-06-01--2022-06-30.xml,829
2022,2022-06-22T10:00:00-03:00,2022-06-22T09:45:00-03:00,2022-06-22 09:45:00,0.0,842.00,Dado aprovado,True,outputs/pesquisa-cobertura-reserva-2022-20260922/raw/ana-86510000-2022-06-01--2022-06-30.xml,825
2022,2022-06-22T11:00:00-03:00,2022-06-22T10:45:00-03:00,2022-06-22 10:45:00,0.0,878.00,Dado aprovado,True,outputs/pesquisa-cobertura-reserva-2022-20260922/raw/ana-86510000-2022-06-01--2022-06-30.xml,821
2022,2022-06-22T12:00:00-03:00,2022-06-22T11:45:00-03:00,2022-06-22 11:45:00,0.0,904.00,Dado aprovado,True,outputs/pesquisa-cobertura-reserva-2022-20260922/raw/ana-86510000-2022-06-01--2022-06-30.xml,817
2022,2022-06-22T13:00:00-03:00,2022-06-22T12:45:00-03:00,2022-06-22 12:45:00,0.0,932.00,Dado aprovado,True,outputs/pesquisa-cobertura-reserva-2022-20260922/raw/ana-86510000-2022-06-01--2022-06-30.xml,813
2022,2022-06-22T14:00:00-03:00,2022-06-22T13:45:00-03:00,2022-06-22 13:45:00,0.0,964.00,Dado aprovado,True,outputs/pesquisa-cobertura-reserva-2022-20260922/raw/ana-86510000-2022-06-01--2022-06-30.xml,809
2022,2022-06-22T15:00:00-03:00,2022-06-22T14:45:00-03:00,2022-06-22 14:45:00,0.0,983.00,Dado aprovado,True,outputs/pesquisa-cobertura-reserva-2022-20260922/raw/ana-86510000-2022-06-01--2022-06-30.xml,805
2022,2022-06-22T16:00:00-03:00,2022-06-22T15:45:00-03:00,2022-06-22 15:45:00,0.0,994.00,Dado aprovado,True,outputs/pesquisa-cobertura-reserva-2022-20260922/raw/ana-86510000-2022-06-01--2022-06-30.xml,801
2022,2022-06-22T17:00:00-03:00,2022-06-22T16:45:00-03:00,2022-06-22 16:45:00,0.0,1007.00,Dado aprovado,True,outputs/pesquisa-cobertura-reserva-2022-20260922/raw/ana-86510000-2022-06-01--2022-06-30.xml,797
2022,2022-06-22T18:00:00-03:00,2022-06-22T17:45:00-03:00,2022-06-22 17:45:00,0.0,1030.00,Dado aprovado,True,outputs/pesquisa-cobertura-reserva-2022-20260922/raw/ana-86510000-2022-06-01--2022-06-30.xml,793
2022,2022-06-22T19:00:00-03:00,2022-06-22T18:45:00-03:00,2022-06-22 18:45:00,0.0,1055.00,Dado aprovado,True,outputs/pesquisa-cobertura-reserva-2022-20260922/raw/ana-86510000-2022-06-01--2022-06-30.xml,789
2022,2022-06-22T20:00:00-03:00,2022-06-22T19:45:00-03:00,2022-06-22 19:45:00,0.0,1075.00,Dado aprovado,True,outputs/pesquisa-cobertura-reserva-2022-20260922/raw/ana-86510000-2022-06-01--2022-06-30.xml,785
2022,2022-06-22T21:00:00-03:00,2022-06-22T20:45:00-03:00,2022-06-22 20:45:00,0.0,1094.00,Dado aprovado,True,outputs/pesquisa-cobertura-reserva-2022-20260922/raw/ana-86510000-2022-06-01--2022-06-30.xml,781
2022,2022-06-22T22:00:00-03:00,2022-06-22T21:45:00-03:00,2022-06-22 21:45:00,0.0,1098.00,Dado aprovado,True,outputs/pesquisa-cobertura-reserva-2022-20260922/raw/ana-86510000-2022-06-01--2022-06-30.xml,777
2022,2022-06-22T23:00:00-03:00,2022-06-22T22:45:00-03:00,2022-06-22 22:45:00,0.0,1110.00,Dado aprovado,True,outputs/pesquisa-cobertura-reserva-2022-20260922/raw/ana-86510000-2022-06-01--2022-06-30.xml,773
2022,2022-06-23T00:00:00-03:00,2022-06-22T23:45:00-03:00,2022-06-22 23:45:00,0.0,1111.00,Dado aprovado,True,outputs/pesquisa-cobertura-reserva-2022-20260922/raw/ana-86510000-2022-06-01--2022-06-30.xml,769
2022,2022-06-23T01:00:00-03:00,2022-06-23T00:45:00-03:00,2022-06-23 00:45:00,0.0,1109.00,Dado aprovado,True,outputs/pesquisa-cobertura-reserva-2022-20260922/raw/ana-86510000-2022-06-01--2022-06-30.xml,765
2022,2022-06-23T02:00:00-03:00,2022-06-23T01:45:00-03:00,2022-06-23 01:45:00,0.0,1110.00,Dado aprovado,True,outputs/pesquisa-cobertura-reserva-2022-20260922/raw/ana-86510000-2022-06-01--2022-06-30.xml,761
2022,2022-06-23T03:00:00-03:00,2022-06-23T02:45:00-03:00,2022-06-23 02:45:00,0.0,1107.00,Dado aprovado,True,outputs/pesquisa-cobertura-reserva-2022-20260922/raw/ana-86510000-2022-06-01--2022-06-30.xml,757
2022,2022-06-23T04:00:00-03:00,2022-06-23T03:45:00-03:00,2022-06-23 03:45:00,0.0,1106.00,Dado aprovado,True,outputs/pesquisa-cobertura-reserva-2022-20260922/raw/ana-86510000-2022-06-01--2022-06-30.xml,753
2022,2022-06-23T05:00:00-03:00,2022-06-23T04:45:00-03:00,2022-06-23 04:45:00,0.0,1103.00,Dado aprovado,True,outputs/pesquisa-cobertura-reserva-2022-20260922/raw/ana-86510000-2022-06-01--2022-06-30.xml,749
2022,2022-06-23T06:00:00-03:00,2022-06-23T05:45:00-03:00,2022-06-23 05:45:00,0.0,1101.00,Dado aprovado,True,outputs/pesquisa-cobertura-reserva-2022-20260922/raw/ana-86510000-2022-06-01--2022-06-30.xml,745
2022,2022-06-23T07:00:00-03:00,2022-06-23T06:45:00-03:00,2022-06-23 06:45:00,0.0,1094.00,Dado aprovado,True,outputs/pesquisa-cobertura-reserva-2022-20260922/raw/ana-86510000-2022-06-01--2022-06-30.xml,741
2022,2022-06-23T08:00:00-03:00,2022-06-23T07:45:00-03:00,2022-06-23 07:45:00,0.0,1087.00,Dado aprovado,True,outputs/pesquisa-cobertura-reserva-2022-20260922/raw/ana-86510000-2022-06-01--2022-06-30.xml,737
2022,2022-06-23T09:00:00-03:00,2022-06-23T08:45:00-03:00,2022-06-23 08:45:00,0.0,1081.00,Dado aprovado,True,outputs/pesquisa-cobertura-reserva-2022-20260922/raw/ana-86510000-2022-06-01--2022-06-30.xml,733
2022,2022-06-23T10:00:00-03:00,2022-06-23T09:45:00-03:00,2022-06-23 09:45:00,0.0,1076.00,Dado aprovado,True,outputs/pesquisa-cobertura-reserva-2022-20260922/raw/ana-86510000-2022-06-01--2022-06-30.xml,729
2022,2022-06-23T11:00:00-03:00,2022-06-23T10:45:00-03:00,2022-06-23 10:45:00,0.0,1069.00,Dado aprovado,True,outputs/pesquisa-cobertura-reserva-2022-20260922/raw/ana-86510000-2022-06-01--2022-06-30.xml,725
2022,2022-06-23T12:00:00-03:00,2022-06-23T11:45:00-03:00,2022-06-23 11:45:00,0.0,1066.00,Dado aprovado,True,outputs/pesquisa-cobertura-reserva-2022-20260922/raw/ana-86510000-2022-06-01--2022-06-30.xml,721
2022,2022-06-23T13:00:00-03:00,2022-06-23T12:45:00-03:00,2022-06-23 12:45:00,0.0,1070.00,Dado aprovado,True,outputs/pesquisa-cobertura-reserva-2022-20260922/raw/ana-86510000-2022-06-01--2022-06-30.xml,717
2022,2022-06-23T14:00:00-03:00,2022-06-23T13:45:00-03:00,2022-06-23 13:45:00,0.0,1068.00,Dado aprovado,True,outputs/pesquisa-cobertura-reserva-2022-20260922/raw/ana-86510000-2022-06-01--2022-06-30.xml,713
2022,2022-06-23T15:00:00-03:00,2022-06-23T14:45:00-03:00,2022-06-23 14:45:00,0.0,1076.00,Dado aprovado,True,outputs/pesquisa-cobertura-reserva-2022-20260922/raw/ana-86510000-2022-06-01--2022-06-30.xml,709
2022,2022-06-23T16:00:00-03:00,2022-06-23T15:45:00-03:00,2022-06-23 15:45:00,0.0,1084.00,Dado aprovado,True,outputs/pesquisa-cobertura-reserva-2022-20260922/raw/ana-86510000-2022-06-01--2022-06-30.xml,705
2022,2022-06-23T17:00:00-03:00,2022-06-23T16:45:00-03:00,2022-06-23 16:45:00,0.0,1087.00,Dado aprovado,True,outputs/pesquisa-cobertura-reserva-2022-20260922/raw/ana-86510000-2022-06-01--2022-06-30.xml,701
2022,2022-06-23T18:00:00-03:00,2022-06-23T17:45:00-03:00,2022-06-23 17:45:00,0.0,1089.00,Dado aprovado,True,outputs/pesquisa-cobertura-reserva-2022-20260922/raw/ana-86510000-2022-06-01--2022-06-30.xml,697
2022,2022-06-23T19:00:00-03:00,2022-06-23T18:45:00-03:00,2022-06-23 18:45:00,0.0,1090.00,Dado aprovado,True,outputs/pesquisa-cobertura-reserva-2022-20260922/raw/ana-86510000-2022-06-01--2022-06-30.xml,693
2022,2022-06-23T20:00:00-03:00,2022-06-23T19:45:00-03:00,2022-06-23 19:45:00,0.0,1093.00,Dado aprovado,True,outputs/pesquisa-cobertura-reserva-2022-20260922/raw/ana-86510000-2022-06-01--2022-06-30.xml,689
2022,2022-06-23T21:00:00-03:00,2022-06-23T20:45:00-03:00,2022-06-23 20:45:00,0.0,1095.00,Dado aprovado,True,outputs/pesquisa-cobertura-reserva-2022-20260922/raw/ana-86510000-2022-06-01--2022-06-30.xml,685
2022,2022-06-23T22:00:00-03:00,2022-06-23T21:45:00-03:00,2022-06-23 21:45:00,0.0,1092.00,Dado aprovado,True,outputs/pesquisa-cobertura-reserva-2022-20260922/raw/ana-86510000-2022-06-01--2022-06-30.xml,681
2022,2022-06-23T23:00:00-03:00,2022-06-23T22:45:00-03:00,2022-06-23 22:45:00,0.0,1089.00,Dado aprovado,True,outputs/pesquisa-cobertura-reserva-2022-20260922/raw/ana-86510000-2022-06-01--2022-06-30.xml,677
2022,2022-06-24T00:00:00-03:00,2022-06-23T23:45:00-03:00,2022-06-23 23:45:00,0.0,1084.00,Dado aprovado,True,outputs/pesquisa-cobertura-reserva-2022-20260922/raw/ana-86510000-2022-06-01--2022-06-30.xml,673
2022,2022-06-24T01:00:00-03:00,2022-06-24T00:45:00-03:00,2022-06-24 00:45:00,0.0,1078.00,Dado aprovado,True,outputs/pesquisa-cobertura-reserva-2022-20260922/raw/ana-86510000-2022-06-01--2022-06-30.xml,669
2022,2022-06-24T02:00:00-03:00,2022-06-24T01:45:00-03:00,2022-06-24 01:45:00,0.0,1069.00,Dado aprovado,True,outputs/pesquisa-cobertura-reserva-2022-20260922/raw/ana-86510000-2022-06-01--2022-06-30.xml,665
2022,2022-06-24T03:00:00-03:00,2022-06-24T02:45:00-03:00,2022-06-24 02:45:00,0.0,1057.00,Dado aprovado,True,outputs/pesquisa-cobertura-reserva-2022-20260922/raw/ana-86510000-2022-06-01--2022-06-30.xml,661
2022,2022-06-24T04:00:00-03:00,2022-06-24T03:45:00-03:00,2022-06-24 03:45:00,0.0,1047.00,Dado aprovado,True,outputs/pesquisa-cobertura-reserva-2022-20260922/raw/ana-86510000-2022-06-01--2022-06-30.xml,657
2022,2022-06-24T05:00:00-03:00,2022-06-24T04:45:00-03:00,2022-06-24 04:45:00,0.0,1033.00,Dado aprovado,True,outputs/pesquisa-cobertura-reserva-2022-20260922/raw/ana-86510000-2022-06-01--2022-06-30.xml,653
2022,2022-06-24T06:00:00-03:00,2022-06-24T05:45:00-03:00,2022-06-24 05:45:00,0.0,1018.00,Dado aprovado,True,outputs/pesquisa-cobertura-reserva-2022-20260922/raw/ana-86510000-2022-06-01--2022-06-30.xml,649
2022,2022-06-24T07:00:00-03:00,2022-06-24T06:45:00-03:00,2022-06-24 06:45:00,0.0,1005.00,Dado aprovado,True,outputs/pesquisa-cobertura-reserva-2022-20260922/raw/ana-86510000-2022-06-01--2022-06-30.xml,645
2022,2022-06-24T08:00:00-03:00,2022-06-24T07:45:00-03:00,2022-06-24 07:45:00,0.0,990.00,Dado aprovado,True,outputs/pesquisa-cobertura-reserva-2022-20260922/raw/ana-86510000-2022-06-01--2022-06-30.xml,641
2022,2022-06-24T09:00:00-03:00,2022-06-24T08:45:00-03:00,2022-06-24 08:45:00,0.0,971.00,Dado aprovado,True,outputs/pesquisa-cobertura-reserva-2022-20260922/raw/ana-86510000-2022-06-01--2022-06-30.xml,637
2022,2022-06-24T10:00:00-03:00,2022-06-24T09:45:00-03:00,2022-06-24 09:45:00,0.0,955.00,Dado aprovado,True,outputs/pesquisa-cobertura-reserva-2022-20260922/raw/ana-86510000-2022-06-01--2022-06-30.xml,633
2022,2022-06-24T11:00:00-03:00,2022-06-24T10:45:00-03:00,2022-06-24 10:45:00,0.0,940.00,Dado aprovado,True,outputs/pesquisa-cobertura-reserva-2022-20260922/raw/ana-86510000-2022-06-01--2022-06-30.xml,629
2022,2022-06-24T12:00:00-03:00,2022-06-24T11:45:00-03:00,2022-06-24 11:45:00,0.0,919.00,Dado aprovado,True,outputs/pesquisa-cobertura-reserva-2022-20260922/raw/ana-86510000-2022-06-01--2022-06-30.xml,625
2022,2022-06-24T13:00:00-03:00,2022-06-24T12:45:00-03:00,2022-06-24 12:45:00,0.0,912.00,Dado aprovado,True,outputs/pesquisa-cobertura-reserva-2022-20260922/raw/ana-86510000-2022-06-01--2022-06-30.xml,621
2022,2022-06-24T14:00:00-03:00,2022-06-24T13:45:00-03:00,2022-06-24 13:45:00,0.0,901.00,Dado aprovado,True,outputs/pesquisa-cobertura-reserva-2022-20260922/raw/ana-86510000-2022-06-01--2022-06-30.xml,617
2022,2022-06-24T15:00:00-03:00,2022-06-24T14:45:00-03:00,2022-06-24 14:45:00,0.0,891.00,Dado aprovado,True,outputs/pesquisa-cobertura-reserva-2022-20260922/raw/ana-86510000-2022-06-01--2022-06-30.xml,613
2022,2022-06-24T16:00:00-03:00,2022-06-24T15:45:00-03:00,2022-06-24 15:45:00,0.0,880.00,Dado aprovado,True,outputs/pesquisa-cobertura-reserva-2022-20260922/raw/ana-86510000-2022-06-01--2022-06-30.xml,609
2022,2022-06-24T17:00:00-03:00,2022-06-24T16:45:00-03:00,2022-06-24 16:45:00,0.0,872.00,Dado aprovado,True,outputs/pesquisa-cobertura-reserva-2022-20260922/raw/ana-86510000-2022-06-01--2022-06-30.xml,605
2022,2022-06-24T18:00:00-03:00,2022-06-24T17:45:00-03:00,2022-06-24 17:45:00,0.0,857.00,Dado aprovado,True,outputs/pesquisa-cobertura-reserva-2022-20260922/raw/ana-86510000-2022-06-01--2022-06-30.xml,601
2022,2022-06-24T19:00:00-03:00,2022-06-24T18:45:00-03:00,2022-06-24 18:45:00,0.0,844.00,Dado aprovado,True,outputs/pesquisa-cobertura-reserva-2022-20260922/raw/ana-86510000-2022-06-01--2022-06-30.xml,597
2022,2022-06-24T20:00:00-03:00,2022-06-24T19:45:00-03:00,2022-06-24 19:45:00,0.0,829.00,Dado aprovado,True,outputs/pesquisa-cobertura-reserva-2022-20260922/raw/ana-86510000-2022-06-01--2022-06-30.xml,593
2022,2022-06-24T21:00:00-03:00,2022-06-24T20:45:00-03:00,2022-06-24 20:45:00,0.0,810.00,Dado aprovado,True,outputs/pesquisa-cobertura-reserva-2022-20260922/raw/ana-86510000-2022-06-01--2022-06-30.xml,589
2022,2022-06-24T22:00:00-03:00,2022-06-24T21:45:00-03:00,2022-06-24 21:45:00,0.0,799.00,Dado aprovado,True,outputs/pesquisa-cobertura-reserva-2022-20260922/raw/ana-86510000-2022-06-01--2022-06-30.xml,585
2022,2022-06-24T23:00:00-03:00,2022-06-24T22:45:00-03:00,2022-06-24 22:45:00,0.0,792.00,Dado aprovado,True,outputs/pesquisa-cobertura-reserva-2022-20260922/raw/ana-86510000-2022-06-01--2022-06-30.xml,581
2022,2022-06-25T00:00:00-03:00,2022-06-24T23:45:00-03:00,2022-06-24 23:45:00,0.0,794.00,Dado aprovado,True,outputs/pesquisa-cobertura-reserva-2022-20260922/raw/ana-86510000-2022-06-01--2022-06-30.xml,577
2022,2022-06-25T01:00:00-03:00,2022-06-25T00:45:00-03:00,2022-06-25 00:45:00,0.0,795.00,Dado aprovado,True,outputs/pesquisa-cobertura-reserva-2022-20260922/raw/ana-86510000-2022-06-01--2022-06-30.xml,573
2022,2022-06-25T02:00:00-03:00,2022-06-25T01:45:00-03:00,2022-06-25 01:45:00,0.0,796.00,Dado aprovado,True,outputs/pesquisa-cobertura-reserva-2022-20260922/raw/ana-86510000-2022-06-01--2022-06-30.xml,569
2022,2022-06-25T03:00:00-03:00,2022-06-25T02:45:00-03:00,2022-06-25 02:45:00,0.0,796.00,Dado aprovado,True,outputs/pesquisa-cobertura-reserva-2022-20260922/raw/ana-86510000-2022-06-01--2022-06-30.xml,565
2022,2022-06-25T04:00:00-03:00,2022-06-25T03:45:00-03:00,2022-06-25 03:45:00,0.0,800.00,Dado aprovado,True,outputs/pesquisa-cobertura-reserva-2022-20260922/raw/ana-86510000-2022-06-01--2022-06-30.xml,561
2022,2022-06-25T05:00:00-03:00,2022-06-25T04:45:00-03:00,2022-06-25 04:45:00,0.0,800.00,Dado aprovado,True,outputs/pesquisa-cobertura-reserva-2022-20260922/raw/ana-86510000-2022-06-01--2022-06-30.xml,557
2022,2022-06-25T06:00:00-03:00,2022-06-25T05:45:00-03:00,2022-06-25 05:45:00,0.0,799.00,Dado aprovado,True,outputs/pesquisa-cobertura-reserva-2022-20260922/raw/ana-86510000-2022-06-01--2022-06-30.xml,553
2022,2022-06-25T07:00:00-03:00,2022-06-25T06:45:00-03:00,2022-06-25 06:45:00,0.0,800.00,Dado aprovado,True,outputs/pesquisa-cobertura-reserva-2022-20260922/raw/ana-86510000-2022-06-01--2022-06-30.xml,549
2022,2022-06-25T08:00:00-03:00,2022-06-25T07:45:00-03:00,2022-06-25 07:45:00,0.0,801.00,Dado aprovado,True,outputs/pesquisa-cobertura-reserva-2022-20260922/raw/ana-86510000-2022-06-01--2022-06-30.xml,545
2022,2022-06-25T09:00:00-03:00,2022-06-25T08:45:00-03:00,2022-06-25 08:45:00,0.0,798.00,Dado aprovado,True,outputs/pesquisa-cobertura-reserva-2022-20260922/raw/ana-86510000-2022-06-01--2022-06-30.xml,541
2022,2022-06-25T10:00:00-03:00,2022-06-25T09:45:00-03:00,2022-06-25 09:45:00,0.0,798.00,Dado aprovado,True,outputs/pesquisa-cobertura-reserva-2022-20260922/raw/ana-86510000-2022-06-01--2022-06-30.xml,537
2022,2022-06-25T11:00:00-03:00,2022-06-25T10:45:00-03:00,2022-06-25 10:45:00,0.0,803.00,Dado aprovado,True,outputs/pesquisa-cobertura-reserva-2022-20260922/raw/ana-86510000-2022-06-01--2022-06-30.xml,533
2022,2022-06-25T12:00:00-03:00,2022-06-25T11:45:00-03:00,2022-06-25 11:45:00,0.0,804.00,Dado aprovado,True,outputs/pesquisa-cobertura-reserva-2022-20260922/raw/ana-86510000-2022-06-01--2022-06-30.xml,529
2022,2022-06-25T13:00:00-03:00,2022-06-25T12:45:00-03:00,2022-06-25 12:45:00,0.0,802.00,Dado aprovado,True,outputs/pesquisa-cobertura-reserva-2022-20260922/raw/ana-86510000-2022-06-01--2022-06-30.xml,525
2022,2022-06-25T14:00:00-03:00,2022-06-25T13:45:00-03:00,2022-06-25 13:45:00,0.0,804.00,Dado aprovado,True,outputs/pesquisa-cobertura-reserva-2022-20260922/raw/ana-86510000-2022-06-01--2022-06-30.xml,521
2022,2022-06-25T15:00:00-03:00,2022-06-25T14:45:00-03:00,2022-06-25 14:45:00,0.0,802.00,Dado aprovado,True,outputs/pesquisa-cobertura-reserva-2022-20260922/raw/ana-86510000-2022-06-01--2022-06-30.xml,517
2022,2022-06-25T16:00:00-03:00,2022-06-25T15:45:00-03:00,2022-06-25 15:45:00,0.0,799.00,Dado aprovado,True,outputs/pesquisa-cobertura-reserva-2022-20260922/raw/ana-86510000-2022-06-01--2022-06-30.xml,513
2022,2022-06-25T17:00:00-03:00,2022-06-25T16:45:00-03:00,2022-06-25 16:45:00,0.0,799.00,Dado aprovado,True,outputs/pesquisa-cobertura-reserva-2022-20260922/raw/ana-86510000-2022-06-01--2022-06-30.xml,509
2022,2022-06-25T18:00:00-03:00,2022-06-25T17:45:00-03:00,2022-06-25 17:45:00,0.0,792.00,Dado aprovado,True,outputs/pesquisa-cobertura-reserva-2022-20260922/raw/ana-86510000-2022-06-01--2022-06-30.xml,505
2022,2022-06-25T19:00:00-03:00,2022-06-25T18:45:00-03:00,2022-06-25 18:45:00,0.0,789.00,Dado aprovado,True,outputs/pesquisa-cobertura-reserva-2022-20260922/raw/ana-86510000-2022-06-01--2022-06-30.xml,501
2022,2022-06-25T20:00:00-03:00,2022-06-25T19:45:00-03:00,2022-06-25 19:45:00,0.0,786.00,Dado aprovado,True,outputs/pesquisa-cobertura-reserva-2022-20260922/raw/ana-86510000-2022-06-01--2022-06-30.xml,497
2022,2022-06-25T21:00:00-03:00,2022-06-25T20:45:00-03:00,2022-06-25 20:45:00,0.0,781.00,Dado aprovado,True,outputs/pesquisa-cobertura-reserva-2022-20260922/raw/ana-86510000-2022-06-01--2022-06-30.xml,493
2022,2022-06-25T22:00:00-03:00,2022-06-25T21:45:00-03:00,2022-06-25 21:45:00,0.0,771.00,Dado aprovado,True,outputs/pesquisa-cobertura-reserva-2022-20260922/raw/ana-86510000-2022-06-01--2022-06-30.xml,489
2022,2022-06-25T23:00:00-03:00,2022-06-25T22:45:00-03:00,2022-06-25 22:45:00,0.0,763.00,Dado aprovado,True,outputs/pesquisa-cobertura-reserva-2022-20260922/raw/ana-86510000-2022-06-01--2022-06-30.xml,485
2022,2022-06-26T00:00:00-03:00,2022-06-25T23:45:00-03:00,2022-06-25 23:45:00,0.0,754.00,Dado aprovado,True,outputs/pesquisa-cobertura-reserva-2022-20260922/raw/ana-86510000-2022-06-01--2022-06-30.xml,481
2022,2022-06-26T01:00:00-03:00,2022-06-26T00:45:00-03:00,2022-06-26 00:45:00,0.0,744.00,Dado aprovado,True,outputs/pesquisa-cobertura-reserva-2022-20260922/raw/ana-86510000-2022-06-01--2022-06-30.xml,477
2022,2022-06-26T02:00:00-03:00,2022-06-26T01:45:00-03:00,2022-06-26 01:45:00,0.0,734.00,Dado aprovado,True,outputs/pesquisa-cobertura-reserva-2022-20260922/raw/ana-86510000-2022-06-01--2022-06-30.xml,473
2022,2022-06-26T03:00:00-03:00,2022-06-26T02:45:00-03:00,2022-06-26 02:45:00,0.0,722.00,Dado aprovado,True,outputs/pesquisa-cobertura-reserva-2022-20260922/raw/ana-86510000-2022-06-01--2022-06-30.xml,469
2022,2022-06-26T04:00:00-03:00,2022-06-26T03:45:00-03:00,2022-06-26 03:45:00,0.0,712.00,Dado aprovado,True,outputs/pesquisa-cobertura-reserva-2022-20260922/raw/ana-86510000-2022-06-01--2022-06-30.xml,465
2022,2022-06-26T05:00:00-03:00,2022-06-26T04:45:00-03:00,2022-06-26 04:45:00,0.0,709.00,Dado aprovado,True,outputs/pesquisa-cobertura-reserva-2022-20260922/raw/ana-86510000-2022-06-01--2022-06-30.xml,461
2022,2022-06-26T06:00:00-03:00,2022-06-26T05:45:00-03:00,2022-06-26 05:45:00,0.0,700.00,Dado aprovado,True,outputs/pesquisa-cobertura-reserva-2022-20260922/raw/ana-86510000-2022-06-01--2022-06-30.xml,457
2022,2022-06-26T07:00:00-03:00,2022-06-26T06:45:00-03:00,2022-06-26 06:45:00,0.0,695.00,Dado aprovado,True,outputs/pesquisa-cobertura-reserva-2022-20260922/raw/ana-86510000-2022-06-01--2022-06-30.xml,453
2022,2022-06-26T08:00:00-03:00,2022-06-26T07:45:00-03:00,2022-06-26 07:45:00,0.0,690.00,Dado aprovado,True,outputs/pesquisa-cobertura-reserva-2022-20260922/raw/ana-86510000-2022-06-01--2022-06-30.xml,449
2022,2022-06-26T09:00:00-03:00,2022-06-26T08:45:00-03:00,2022-06-26 08:45:00,0.0,688.00,Dado aprovado,True,outputs/pesquisa-cobertura-reserva-2022-20260922/raw/ana-86510000-2022-06-01--2022-06-30.xml,445
2022,2022-06-26T10:00:00-03:00,2022-06-26T09:45:00-03:00,2022-06-26 09:45:00,0.0,683.00,Dado aprovado,True,outputs/pesquisa-cobertura-reserva-2022-20260922/raw/ana-86510000-2022-06-01--2022-06-30.xml,441
2022,2022-06-26T11:00:00-03:00,2022-06-26T10:45:00-03:00,2022-06-26 10:45:00,0.0,672.00,Dado aprovado,True,outputs/pesquisa-cobertura-reserva-2022-20260922/raw/ana-86510000-2022-06-01--2022-06-30.xml,437
2022,2022-06-26T12:00:00-03:00,2022-06-26T11:45:00-03:00,2022-06-26 11:45:00,0.0,662.00,Dado aprovado,True,outputs/pesquisa-cobertura-reserva-2022-20260922/raw/ana-86510000-2022-06-01--2022-06-30.xml,433
2022,2022-06-26T13:00:00-03:00,2022-06-26T12:45:00-03:00,2022-06-26 12:45:00,0.0,654.00,Dado aprovado,True,outputs/pesquisa-cobertura-reserva-2022-20260922/raw/ana-86510000-2022-06-01--2022-06-30.xml,429
2022,2022-06-26T14:00:00-03:00,2022-06-26T13:45:00-03:00,2022-06-26 13:45:00,0.0,645.00,Dado aprovado,True,outputs/pesquisa-cobertura-reserva-2022-20260922/raw/ana-86510000-2022-06-01--2022-06-30.xml,425
2022,2022-06-26T15:00:00-03:00,2022-06-26T14:45:00-03:00,2022-06-26 14:45:00,0.0,638.00,Dado aprovado,True,outputs/pesquisa-cobertura-reserva-2022-20260922/raw/ana-86510000-2022-06-01--2022-06-30.xml,421
2022,2022-06-26T16:00:00-03:00,2022-06-26T15:45:00-03:00,2022-06-26 15:45:00,0.0,635.00,Dado aprovado,True,outputs/pesquisa-cobertura-reserva-2022-20260922/raw/ana-86510000-2022-06-01--2022-06-30.xml,417
2022,2022-06-26T17:00:00-03:00,2022-06-26T16:45:00-03:00,2022-06-26 16:45:00,0.0,629.00,Dado aprovado,True,outputs/pesquisa-cobertura-reserva-2022-20260922/raw/ana-86510000-2022-06-01--2022-06-30.xml,413
2022,2022-06-26T18:00:00-03:00,2022-06-26T17:45:00-03:00,2022-06-26 17:45:00,0.0,625.00,Dado aprovado,True,outputs/pesquisa-cobertura-reserva-2022-20260922/raw/ana-86510000-2022-06-01--2022-06-30.xml,409
2022,2022-06-26T19:00:00-03:00,2022-06-26T18:45:00-03:00,2022-06-26 18:45:00,0.0,622.00,Dado aprovado,True,outputs/pesquisa-cobertura-reserva-2022-20260922/raw/ana-86510000-2022-06-01--2022-06-30.xml,405
2022,2022-06-26T20:00:00-03:00,2022-06-26T19:45:00-03:00,2022-06-26 19:45:00,0.0,617.00,Dado aprovado,True,outputs/pesquisa-cobertura-reserva-2022-20260922/raw/ana-86510000-2022-06-01--2022-06-30.xml,401
2022,2022-06-26T21:00:00-03:00,2022-06-26T20:45:00-03:00,2022-06-26 20:45:00,0.0,614.00,Dado aprovado,True,outputs/pesquisa-cobertura-reserva-2022-20260922/raw/ana-86510000-2022-06-01--2022-06-30.xml,397
2022,2022-06-26T22:00:00-03:00,2022-06-26T21:45:00-03:00,2022-06-26 21:45:00,0.0,608.00,Dado aprovado,True,outputs/pesquisa-cobertura-reserva-2022-20260922/raw/ana-86510000-2022-06-01--2022-06-30.xml,393
2022,2022-06-26T23:00:00-03:00,2022-06-26T22:45:00-03:00,2022-06-26 22:45:00,0.0,601.00,Dado aprovado,True,outputs/pesquisa-cobertura-reserva-2022-20260922/raw/ana-86510000-2022-06-01--2022-06-30.xml,389
2022,2022-06-27T00:00:00-03:00,2022-06-26T23:45:00-03:00,2022-06-26 23:45:00,0.0,593.00,Dado aprovado,True,outputs/pesquisa-cobertura-reserva-2022-20260922/raw/ana-86510000-2022-06-01--2022-06-30.xml,385
2022,2022-06-27T01:00:00-03:00,2022-06-27T00:45:00-03:00,2022-06-27 00:45:00,0.0,588.00,Dado aprovado,True,outputs/pesquisa-cobertura-reserva-2022-20260922/raw/ana-86510000-2022-06-01--2022-06-30.xml,381
2022,2022-06-27T02:00:00-03:00,2022-06-27T01:45:00-03:00,2022-06-27 01:45:00,0.0,585.00,Dado aprovado,True,outputs/pesquisa-cobertura-reserva-2022-20260922/raw/ana-86510000-2022-06-01--2022-06-30.xml,377
2022,2022-06-27T03:00:00-03:00,2022-06-27T02:45:00-03:00,2022-06-27 02:45:00,0.0,578.00,Dado aprovado,True,outputs/pesquisa-cobertura-reserva-2022-20260922/raw/ana-86510000-2022-06-01--2022-06-30.xml,373
2022,2022-06-27T04:00:00-03:00,2022-06-27T03:45:00-03:00,2022-06-27 03:45:00,0.0,577.00,Dado aprovado,True,outputs/pesquisa-cobertura-reserva-2022-20260922/raw/ana-86510000-2022-06-01--2022-06-30.xml,369
2022,2022-06-27T05:00:00-03:00,2022-06-27T04:45:00-03:00,2022-06-27 04:45:00,0.0,572.00,Dado aprovado,True,outputs/pesquisa-cobertura-reserva-2022-20260922/raw/ana-86510000-2022-06-01--2022-06-30.xml,365
2022,2022-06-27T06:00:00-03:00,2022-06-27T05:45:00-03:00,2022-06-27 05:45:00,0.0,569.00,Dado aprovado,True,outputs/pesquisa-cobertura-reserva-2022-20260922/raw/ana-86510000-2022-06-01--2022-06-30.xml,361
2022,2022-06-27T07:00:00-03:00,2022-06-27T06:45:00-03:00,2022-06-27 06:45:00,0.0,565.00,Dado aprovado,True,outputs/pesquisa-cobertura-reserva-2022-20260922/raw/ana-86510000-2022-06-01--2022-06-30.xml,357
2022,2022-06-27T08:00:00-03:00,2022-06-27T07:45:00-03:00,2022-06-27 07:45:00,0.0,559.00,Dado aprovado,True,outputs/pesquisa-cobertura-reserva-2022-20260922/raw/ana-86510000-2022-06-01--2022-06-30.xml,353
2022,2022-06-27T09:00:00-03:00,2022-06-27T08:45:00-03:00,2022-06-27 08:45:00,0.0,556.00,Dado aprovado,True,outputs/pesquisa-cobertura-reserva-2022-20260922/raw/ana-86510000-2022-06-01--2022-06-30.xml,349
2022,2022-06-27T10:00:00-03:00,2022-06-27T09:45:00-03:00,2022-06-27 09:45:00,0.0,554.00,Dado aprovado,True,outputs/pesquisa-cobertura-reserva-2022-20260922/raw/ana-86510000-2022-06-01--2022-06-30.xml,345
2022,2022-06-27T11:00:00-03:00,2022-06-27T10:45:00-03:00,2022-06-27 10:45:00,0.0,549.00,Dado aprovado,True,outputs/pesquisa-cobertura-reserva-2022-20260922/raw/ana-86510000-2022-06-01--2022-06-30.xml,341
2022,2022-06-27T12:00:00-03:00,2022-06-27T11:45:00-03:00,2022-06-27 11:45:00,0.0,544.00,Dado aprovado,True,outputs/pesquisa-cobertura-reserva-2022-20260922/raw/ana-86510000-2022-06-01--2022-06-30.xml,337
2022,2022-06-27T13:00:00-03:00,2022-06-27T12:45:00-03:00,2022-06-27 12:45:00,0.0,539.00,Dado aprovado,True,outputs/pesquisa-cobertura-reserva-2022-20260922/raw/ana-86510000-2022-06-01--2022-06-30.xml,333
2022,2022-06-27T14:00:00-03:00,2022-06-27T13:45:00-03:00,2022-06-27 13:45:00,0.0,536.00,Dado aprovado,True,outputs/pesquisa-cobertura-reserva-2022-20260922/raw/ana-86510000-2022-06-01--2022-06-30.xml,329
2022,2022-06-27T15:00:00-03:00,2022-06-27T14:45:00-03:00,2022-06-27 14:45:00,0.0,531.00,Dado aprovado,True,outputs/pesquisa-cobertura-reserva-2022-20260922/raw/ana-86510000-2022-06-01--2022-06-30.xml,325
2022,2022-06-27T16:00:00-03:00,2022-06-27T15:45:00-03:00,2022-06-27 15:45:00,0.0,522.00,Dado aprovado,True,outputs/pesquisa-cobertura-reserva-2022-20260922/raw/ana-86510000-2022-06-01--2022-06-30.xml,321
2022,2022-06-27T17:00:00-03:00,2022-06-27T16:45:00-03:00,2022-06-27 16:45:00,0.0,504.00,Dado aprovado,True,outputs/pesquisa-cobertura-reserva-2022-20260922/raw/ana-86510000-2022-06-01--2022-06-30.xml,317
2022,2022-06-27T18:00:00-03:00,2022-06-27T17:45:00-03:00,2022-06-27 17:45:00,0.0,500.00,Dado aprovado,True,outputs/pesquisa-cobertura-reserva-2022-20260922/raw/ana-86510000-2022-06-01--2022-06-30.xml,313
2022,2022-06-27T19:00:00-03:00,2022-06-27T18:45:00-03:00,2022-06-27 18:45:00,0.0,510.00,Dado aprovado,True,outputs/pesquisa-cobertura-reserva-2022-20260922/raw/ana-86510000-2022-06-01--2022-06-30.xml,309
2022,2022-06-27T20:00:00-03:00,2022-06-27T19:45:00-03:00,2022-06-27 19:45:00,0.0,518.00,Dado aprovado,True,outputs/pesquisa-cobertura-reserva-2022-20260922/raw/ana-86510000-2022-06-01--2022-06-30.xml,305
2022,2022-06-27T21:00:00-03:00,2022-06-27T20:45:00-03:00,2022-06-27 20:45:00,0.0,517.00,Dado aprovado,True,outputs/pesquisa-cobertura-reserva-2022-20260922/raw/ana-86510000-2022-06-01--2022-06-30.xml,301
2022,2022-06-27T22:00:00-03:00,2022-06-27T21:45:00-03:00,2022-06-27 21:45:00,0.0,515.00,Dado aprovado,True,outputs/pesquisa-cobertura-reserva-2022-20260922/raw/ana-86510000-2022-06-01--2022-06-30.xml,297
2022,2022-06-27T23:00:00-03:00,2022-06-27T22:45:00-03:00,2022-06-27 22:45:00,0.0,509.00,Dado aprovado,True,outputs/pesquisa-cobertura-reserva-2022-20260922/raw/ana-86510000-2022-06-01--2022-06-30.xml,293
2022,2022-06-28T00:00:00-03:00,2022-06-27T23:45:00-03:00,2022-06-27 23:45:00,0.0,503.00,Dado aprovado,True,outputs/pesquisa-cobertura-reserva-2022-20260922/raw/ana-86510000-2022-06-01--2022-06-30.xml,289
2022,2022-06-28T01:00:00-03:00,2022-06-28T00:45:00-03:00,2022-06-28 00:45:00,0.0,499.00,Dado aprovado,True,outputs/pesquisa-cobertura-reserva-2022-20260922/raw/ana-86510000-2022-06-01--2022-06-30.xml,285
2022,2022-06-28T02:00:00-03:00,2022-06-28T01:45:00-03:00,2022-06-28 01:45:00,0.0,494.00,Dado aprovado,True,outputs/pesquisa-cobertura-reserva-2022-20260922/raw/ana-86510000-2022-06-01--2022-06-30.xml,281
2022,2022-06-28T03:00:00-03:00,2022-06-28T02:45:00-03:00,2022-06-28 02:45:00,0.0,493.00,Dado aprovado,True,outputs/pesquisa-cobertura-reserva-2022-20260922/raw/ana-86510000-2022-06-01--2022-06-30.xml,277
2022,2022-06-28T04:00:00-03:00,2022-06-28T03:45:00-03:00,2022-06-28 03:45:00,0.0,488.00,Dado aprovado,True,outputs/pesquisa-cobertura-reserva-2022-20260922/raw/ana-86510000-2022-06-01--2022-06-30.xml,273
2022,2022-06-28T05:00:00-03:00,2022-06-28T04:45:00-03:00,2022-06-28 04:45:00,0.0,484.00,Dado aprovado,True,outputs/pesquisa-cobertura-reserva-2022-20260922/raw/ana-86510000-2022-06-01--2022-06-30.xml,269
2022,2022-06-28T06:00:00-03:00,2022-06-28T05:45:00-03:00,2022-06-28 05:45:00,0.0,480.00,Dado aprovado,True,outputs/pesquisa-cobertura-reserva-2022-20260922/raw/ana-86510000-2022-06-01--2022-06-30.xml,265
2022,2022-06-28T07:00:00-03:00,2022-06-28T06:45:00-03:00,2022-06-28 06:45:00,0.0,478.00,Dado aprovado,True,outputs/pesquisa-cobertura-reserva-2022-20260922/raw/ana-86510000-2022-06-01--2022-06-30.xml,261
2022,2022-06-28T08:00:00-03:00,2022-06-28T07:45:00-03:00,2022-06-28 07:45:00,0.0,474.00,Dado aprovado,True,outputs/pesquisa-cobertura-reserva-2022-20260922/raw/ana-86510000-2022-06-01--2022-06-30.xml,257
2022,2022-06-28T09:00:00-03:00,2022-06-28T08:45:00-03:00,2022-06-28 08:45:00,0.0,471.00,Dado aprovado,True,outputs/pesquisa-cobertura-reserva-2022-20260922/raw/ana-86510000-2022-06-01--2022-06-30.xml,253
2022,2022-06-28T10:00:00-03:00,2022-06-28T09:45:00-03:00,2022-06-28 09:45:00,0.0,469.00,Dado aprovado,True,outputs/pesquisa-cobertura-reserva-2022-20260922/raw/ana-86510000-2022-06-01--2022-06-30.xml,249
2022,2022-06-28T11:00:00-03:00,2022-06-28T10:45:00-03:00,2022-06-28 10:45:00,0.0,467.00,Dado aprovado,True,outputs/pesquisa-cobertura-reserva-2022-20260922/raw/ana-86510000-2022-06-01--2022-06-30.xml,245
2022,2022-06-28T12:00:00-03:00,2022-06-28T11:45:00-03:00,2022-06-28 11:45:00,0.0,462.00,Dado aprovado,True,outputs/pesquisa-cobertura-reserva-2022-20260922/raw/ana-86510000-2022-06-01--2022-06-30.xml,241
2022,2022-06-28T13:00:00-03:00,2022-06-28T12:45:00-03:00,2022-06-28 12:45:00,0.0,461.00,Dado aprovado,True,outputs/pesquisa-cobertura-reserva-2022-20260922/raw/ana-86510000-2022-06-01--2022-06-30.xml,237
2022,2022-06-28T14:00:00-03:00,2022-06-28T13:45:00-03:00,2022-06-28 13:45:00,0.0,458.00,Dado aprovado,True,outputs/pesquisa-cobertura-reserva-2022-20260922/raw/ana-86510000-2022-06-01--2022-06-30.xml,233
2022,2022-06-28T15:00:00-03:00,2022-06-28T14:45:00-03:00,2022-06-28 14:45:00,0.0,455.00,Dado aprovado,True,outputs/pesquisa-cobertura-reserva-2022-20260922/raw/ana-86510000-2022-06-01--2022-06-30.xml,229
2022,2022-06-28T16:00:00-03:00,2022-06-28T15:45:00-03:00,2022-06-28 15:45:00,0.0,454.00,Dado aprovado,True,outputs/pesquisa-cobertura-reserva-2022-20260922/raw/ana-86510000-2022-06-01--2022-06-30.xml,225
2022,2022-06-28T17:00:00-03:00,2022-06-28T16:45:00-03:00,2022-06-28 16:45:00,0.0,451.00,Dado aprovado,True,outputs/pesquisa-cobertura-reserva-2022-20260922/raw/ana-86510000-2022-06-01--2022-06-30.xml,221
2022,2022-06-28T18:00:00-03:00,2022-06-28T17:45:00-03:00,2022-06-28 17:45:00,0.0,450.00,Dado aprovado,True,outputs/pesquisa-cobertura-reserva-2022-20260922/raw/ana-86510000-2022-06-01--2022-06-30.xml,217
2022,2022-06-28T19:00:00-03:00,2022-06-28T18:45:00-03:00,2022-06-28 18:45:00,0.0,447.00,Dado aprovado,True,outputs/pesquisa-cobertura-reserva-2022-20260922/raw/ana-86510000-2022-06-01--2022-06-30.xml,213
2022,2022-06-28T20:00:00-03:00,2022-06-28T19:45:00-03:00,2022-06-28 19:45:00,0.0,446.00,Dado aprovado,True,outputs/pesquisa-cobertura-reserva-2022-20260922/raw/ana-86510000-2022-06-01--2022-06-30.xml,209
2022,2022-06-28T21:00:00-03:00,2022-06-28T20:45:00-03:00,2022-06-28 20:45:00,0.0,443.00,Dado aprovado,True,outputs/pesquisa-cobertura-reserva-2022-20260922/raw/ana-86510000-2022-06-01--2022-06-30.xml,205
2022,2022-06-28T22:00:00-03:00,2022-06-28T21:45:00-03:00,2022-06-28 21:45:00,0.0,439.00,Dado aprovado,True,outputs/pesquisa-cobertura-reserva-2022-20260922/raw/ana-86510000-2022-06-01--2022-06-30.xml,201
2022,2022-06-28T23:00:00-03:00,2022-06-28T22:45:00-03:00,2022-06-28 22:45:00,0.0,437.00,Dado aprovado,True,outputs/pesquisa-cobertura-reserva-2022-20260922/raw/ana-86510000-2022-06-01--2022-06-30.xml,197
2022,2022-06-29T00:00:00-03:00,2022-06-28T23:45:00-03:00,2022-06-28 23:45:00,0.0,435.00,Dado aprovado,True,outputs/pesquisa-cobertura-reserva-2022-20260922/raw/ana-86510000-2022-06-01--2022-06-30.xml,193
2022,2022-06-29T01:00:00-03:00,2022-06-29T00:45:00-03:00,2022-06-29 00:45:00,0.0,433.00,Dado aprovado,True,outputs/pesquisa-cobertura-reserva-2022-20260922/raw/ana-86510000-2022-06-01--2022-06-30.xml,189
2022,2022-06-29T02:00:00-03:00,2022-06-29T01:45:00-03:00,2022-06-29 01:45:00,0.0,431.00,Dado aprovado,True,outputs/pesquisa-cobertura-reserva-2022-20260922/raw/ana-86510000-2022-06-01--2022-06-30.xml,185
2022,2022-06-29T03:00:00-03:00,2022-06-29T02:45:00-03:00,2022-06-29 02:45:00,0.0,429.00,Dado aprovado,True,outputs/pesquisa-cobertura-reserva-2022-20260922/raw/ana-86510000-2022-06-01--2022-06-30.xml,181
2022,2022-06-29T04:00:00-03:00,2022-06-29T03:45:00-03:00,2022-06-29 03:45:00,0.0,428.00,Dado aprovado,True,outputs/pesquisa-cobertura-reserva-2022-20260922/raw/ana-86510000-2022-06-01--2022-06-30.xml,177
2022,2022-06-29T05:00:00-03:00,2022-06-29T04:45:00-03:00,2022-06-29 04:45:00,0.0,426.00,Dado aprovado,True,outputs/pesquisa-cobertura-reserva-2022-20260922/raw/ana-86510000-2022-06-01--2022-06-30.xml,173
2022,2022-06-29T06:00:00-03:00,2022-06-29T05:45:00-03:00,2022-06-29 05:45:00,0.0,425.00,Dado aprovado,True,outputs/pesquisa-cobertura-reserva-2022-20260922/raw/ana-86510000-2022-06-01--2022-06-30.xml,169
2022,2022-06-29T07:00:00-03:00,2022-06-29T06:45:00-03:00,2022-06-29 06:45:00,0.0,423.00,Dado aprovado,True,outputs/pesquisa-cobertura-reserva-2022-20260922/raw/ana-86510000-2022-06-01--2022-06-30.xml,165
2022,2022-06-29T08:00:00-03:00,2022-06-29T07:45:00-03:00,2022-06-29 07:45:00,0.0,422.00,Dado aprovado,True,outputs/pesquisa-cobertura-reserva-2022-20260922/raw/ana-86510000-2022-06-01--2022-06-30.xml,161
2022,2022-06-29T09:00:00-03:00,2022-06-29T08:45:00-03:00,2022-06-29 08:45:00,0.0,420.00,Dado aprovado,True,outputs/pesquisa-cobertura-reserva-2022-20260922/raw/ana-86510000-2022-06-01--2022-06-30.xml,157
2022,2022-06-29T10:00:00-03:00,2022-06-29T09:45:00-03:00,2022-06-29 09:45:00,0.0,419.00,Dado aprovado,True,outputs/pesquisa-cobertura-reserva-2022-20260922/raw/ana-86510000-2022-06-01--2022-06-30.xml,153
2022,2022-06-29T11:00:00-03:00,2022-06-29T10:45:00-03:00,2022-06-29 10:45:00,0.0,417.00,Dado aprovado,True,outputs/pesquisa-cobertura-reserva-2022-20260922/raw/ana-86510000-2022-06-01--2022-06-30.xml,149
2022,2022-06-29T12:00:00-03:00,2022-06-29T11:45:00-03:00,2022-06-29 11:45:00,0.0,416.00,Dado aprovado,True,outputs/pesquisa-cobertura-reserva-2022-20260922/raw/ana-86510000-2022-06-01--2022-06-30.xml,145
2022,2022-06-29T13:00:00-03:00,2022-06-29T12:45:00-03:00,2022-06-29 12:45:00,0.0,415.00,Dado aprovado,True,outputs/pesquisa-cobertura-reserva-2022-20260922/raw/ana-86510000-2022-06-01--2022-06-30.xml,141
2022,2022-06-29T14:00:00-03:00,2022-06-29T13:45:00-03:00,2022-06-29 13:45:00,0.0,414.00,Dado aprovado,True,outputs/pesquisa-cobertura-reserva-2022-20260922/raw/ana-86510000-2022-06-01--2022-06-30.xml,137
2022,2022-06-29T15:00:00-03:00,2022-06-29T14:45:00-03:00,2022-06-29 14:45:00,0.0,415.00,Dado aprovado,True,outputs/pesquisa-cobertura-reserva-2022-20260922/raw/ana-86510000-2022-06-01--2022-06-30.xml,133
2022,2022-06-29T16:00:00-03:00,2022-06-29T15:45:00-03:00,2022-06-29 15:45:00,0.0,413.00,Dado aprovado,True,outputs/pesquisa-cobertura-reserva-2022-20260922/raw/ana-86510000-2022-06-01--2022-06-30.xml,129
2022,2022-06-29T17:00:00-03:00,2022-06-29T16:45:00-03:00,2022-06-29 16:45:00,0.0,414.00,Dado aprovado,True,outputs/pesquisa-cobertura-reserva-2022-20260922/raw/ana-86510000-2022-06-01--2022-06-30.xml,125
2022,2022-06-29T18:00:00-03:00,2022-06-29T17:45:00-03:00,2022-06-29 17:45:00,0.0,412.00,Dado aprovado,True,outputs/pesquisa-cobertura-reserva-2022-20260922/raw/ana-86510000-2022-06-01--2022-06-30.xml,121
2022,2022-06-29T19:00:00-03:00,2022-06-29T18:45:00-03:00,2022-06-29 18:45:00,0.0,412.00,Dado aprovado,True,outputs/pesquisa-cobertura-reserva-2022-20260922/raw/ana-86510000-2022-06-01--2022-06-30.xml,117
2022,2022-06-29T20:00:00-03:00,2022-06-29T19:45:00-03:00,2022-06-29 19:45:00,0.0,410.00,Dado aprovado,True,outputs/pesquisa-cobertura-reserva-2022-20260922/raw/ana-86510000-2022-06-01--2022-06-30.xml,113
2022,2022-06-29T21:00:00-03:00,2022-06-29T20:45:00-03:00,2022-06-29 20:45:00,0.0,410.00,Dado aprovado,True,outputs/pesquisa-cobertura-reserva-2022-20260922/raw/ana-86510000-2022-06-01--2022-06-30.xml,109
2022,2022-06-29T22:00:00-03:00,2022-06-29T21:45:00-03:00,2022-06-29 21:45:00,0.0,409.00,Dado aprovado,True,outputs/pesquisa-cobertura-reserva-2022-20260922/raw/ana-86510000-2022-06-01--2022-06-30.xml,105
2022,2022-06-29T23:00:00-03:00,2022-06-29T22:45:00-03:00,2022-06-29 22:45:00,0.0,408.00,Dado aprovado,True,outputs/pesquisa-cobertura-reserva-2022-20260922/raw/ana-86510000-2022-06-01--2022-06-30.xml,101
2022,2022-06-30T00:00:00-03:00,2022-06-29T23:45:00-03:00,2022-06-29 23:45:00,0.0,408.00,Dado aprovado,True,outputs/pesquisa-cobertura-reserva-2022-20260922/raw/ana-86510000-2022-06-01--2022-06-30.xml,97
2022,2022-06-30T01:00:00-03:00,2022-06-30T00:45:00-03:00,2022-06-30 00:45:00,0.0,407.00,Dado aprovado,True,outputs/pesquisa-cobertura-reserva-2022-20260922/raw/ana-86510000-2022-06-01--2022-06-30.xml,93
2022,2022-06-30T02:00:00-03:00,2022-06-30T01:45:00-03:00,2022-06-30 01:45:00,0.0,405.00,Dado aprovado,True,outputs/pesquisa-cobertura-reserva-2022-20260922/raw/ana-86510000-2022-06-01--2022-06-30.xml,89
2022,2022-06-30T03:00:00-03:00,2022-06-30T02:45:00-03:00,2022-06-30 02:45:00,0.0,406.00,Dado aprovado,True,outputs/pesquisa-cobertura-reserva-2022-20260922/raw/ana-86510000-2022-06-01--2022-06-30.xml,85
2022,2022-06-30T04:00:00-03:00,2022-06-30T03:45:00-03:00,2022-06-30 03:45:00,0.0,404.00,Dado aprovado,True,outputs/pesquisa-cobertura-reserva-2022-20260922/raw/ana-86510000-2022-06-01--2022-06-30.xml,81
2022,2022-06-30T05:00:00-03:00,2022-06-30T04:45:00-03:00,2022-06-30 04:45:00,0.0,404.00,Dado aprovado,True,outputs/pesquisa-cobertura-reserva-2022-20260922/raw/ana-86510000-2022-06-01--2022-06-30.xml,77
2022,2022-06-30T06:00:00-03:00,2022-06-30T05:45:00-03:00,2022-06-30 05:45:00,0.0,403.00,Dado aprovado,True,outputs/pesquisa-cobertura-reserva-2022-20260922/raw/ana-86510000-2022-06-01--2022-06-30.xml,73
2022,2022-06-30T07:00:00-03:00,2022-06-30T06:45:00-03:00,2022-06-30 06:45:00,0.0,401.00,Dado aprovado,True,outputs/pesquisa-cobertura-reserva-2022-20260922/raw/ana-86510000-2022-06-01--2022-06-30.xml,69
2022,2022-06-30T08:00:00-03:00,2022-06-30T07:45:00-03:00,2022-06-30 07:45:00,0.0,402.00,Dado aprovado,True,outputs/pesquisa-cobertura-reserva-2022-20260922/raw/ana-86510000-2022-06-01--2022-06-30.xml,65
2022,2022-06-30T09:00:00-03:00,2022-06-30T08:45:00-03:00,2022-06-30 08:45:00,0.0,400.00,Dado aprovado,True,outputs/pesquisa-cobertura-reserva-2022-20260922/raw/ana-86510000-2022-06-01--2022-06-30.xml,61
2022,2022-06-30T10:00:00-03:00,2022-06-30T09:45:00-03:00,2022-06-30 09:45:00,0.0,398.00,Dado aprovado,True,outputs/pesquisa-cobertura-reserva-2022-20260922/raw/ana-86510000-2022-06-01--2022-06-30.xml,57
2022,2022-06-30T11:00:00-03:00,2022-06-30T10:45:00-03:00,2022-06-30 10:45:00,0.0,398.00,Dado aprovado,True,outputs/pesquisa-cobertura-reserva-2022-20260922/raw/ana-86510000-2022-06-01--2022-06-30.xml,53
2022,2022-06-30T12:00:00-03:00,2022-06-30T11:45:00-03:00,2022-06-30 11:45:00,0.0,398.00,Dado aprovado,True,outputs/pesquisa-cobertura-reserva-2022-20260922/raw/ana-86510000-2022-06-01--2022-06-30.xml,49
2022,2022-06-30T13:00:00-03:00,2022-06-30T12:45:00-03:00,2022-06-30 12:45:00,0.0,397.00,Dado aprovado,True,outputs/pesquisa-cobertura-reserva-2022-20260922/raw/ana-86510000-2022-06-01--2022-06-30.xml,45
2022,2022-06-30T14:00:00-03:00,2022-06-30T13:45:00-03:00,2022-06-30 13:45:00,0.0,396.00,Dado aprovado,True,outputs/pesquisa-cobertura-reserva-2022-20260922/raw/ana-86510000-2022-06-01--2022-06-30.xml,41
2022,2022-06-30T15:00:00-03:00,2022-06-30T14:45:00-03:00,2022-06-30 14:45:00,0.0,396.00,Dado aprovado,True,outputs/pesquisa-cobertura-reserva-2022-20260922/raw/ana-86510000-2022-06-01--2022-06-30.xml,37
2022,2022-06-30T16:00:00-03:00,2022-06-30T15:45:00-03:00,2022-06-30 15:45:00,0.0,395.00,Dado aprovado,True,outputs/pesquisa-cobertura-reserva-2022-20260922/raw/ana-86510000-2022-06-01--2022-06-30.xml,33
2022,2022-06-30T17:00:00-03:00,2022-06-30T16:45:00-03:00,2022-06-30 16:45:00,0.0,394.00,Dado aprovado,True,outputs/pesquisa-cobertura-reserva-2022-20260922/raw/ana-86510000-2022-06-01--2022-06-30.xml,29
2022,2022-06-30T18:00:00-03:00,2022-06-30T17:45:00-03:00,2022-06-30 17:45:00,0.0,394.00,Dado aprovado,True,outputs/pesquisa-cobertura-reserva-2022-20260922/raw/ana-86510000-2022-06-01--2022-06-30.xml,25
2022,2022-06-30T19:00:00-03:00,2022-06-30T18:45:00-03:00,2022-06-30 18:45:00,0.0,393.00,Dado aprovado,True,outputs/pesquisa-cobertura-reserva-2022-20260922/raw/ana-86510000-2022-06-01--2022-06-30.xml,21
2022,2022-06-30T20:00:00-03:00,2022-06-30T19:45:00-03:00,2022-06-30 19:45:00,0.0,391.00,Dado aprovado,True,outputs/pesquisa-cobertura-reserva-2022-20260922/raw/ana-86510000-2022-06-01--2022-06-30.xml,17
2022,2022-06-30T21:00:00-03:00,2022-06-30T20:45:00-03:00,2022-06-30 20:45:00,0.0,390.00,Dado aprovado,True,outputs/pesquisa-cobertura-reserva-2022-20260922/raw/ana-86510000-2022-06-01--2022-06-30.xml,13
2022,2022-06-30T22:00:00-03:00,2022-06-30T21:45:00-03:00,2022-06-30 21:45:00,0.0,389.00,Dado aprovado,True,outputs/pesquisa-cobertura-reserva-2022-20260922/raw/ana-86510000-2022-06-01--2022-06-30.xml,9
2022,2022-06-30T23:00:00-03:00,2022-06-30T22:45:00-03:00,2022-06-30 22:45:00,0.0,,,False,outputs/pesquisa-cobertura-reserva-2022-20260922/raw/ana-86510000-2022-06-01--2022-06-30.xml,5
