h,phase,model,group,n,mae_m,rmse_m,bias_m,p90_abs_m,p98_abs_m,max_abs_m,within_10cm_rate,within_20cm_rate,within_50cm_rate,within_50cm_hits
1,validation,contemporaneous,water_ge_7m,14,0.02638997496630007,0.03164212341425232,-0.0019696969947784787,0.04939380881951741,0.0662604329243397,0.06967621392966095,1.0,1.0,1.0,14
1,validation,contemporaneous,water_ge_9m,2,0.03704509784526522,0.04936728685352866,0.03704509784526522,0.0631499907127818,0.06837096928628511,0.06967621392966095,1.0,1.0,1.0,2
1,validation,contemporaneous,rapid_target_rise_ge_1m,0,,,,,,,,,,
1,validation,contemporaneous,origin_rising,318,0.041235559805001834,0.0653919214837703,-0.021673752498418956,0.1016531702170373,0.19306874749410052,0.3917754003948146,0.8930817610062893,0.9874213836477987,1.0,318
1,validation,contemporaneous,origin_falling,985,0.014380409221827303,0.022045816826091084,0.0033210177205892895,0.03093179376917128,0.06351306422381164,0.13972460328458403,0.9928934010152284,1.0,1.0,985
1,validation,contemporaneous,origin_stable,2136,0.01462120663098075,0.02533697609773684,-2.6486069029139077e-05,0.02861189256050578,0.08793489720045872,0.2613044472897985,0.9854868913857678,0.9995318352059925,1.0,2136
1,test,contemporaneous,water_ge_7m,83,0.040901305497519025,0.06102969596735598,-0.011360645950724424,0.09358817501979855,0.1700005442715498,0.26581642311267295,0.9036144578313253,0.9759036144578314,1.0,83
1,test,contemporaneous,water_ge_9m,47,0.03663829727304002,0.04989751232355302,-0.006134364924124869,0.08809420201851306,0.12268297797851671,0.13722822613590324,0.8936170212765957,1.0,1.0,47
1,test,contemporaneous,rapid_target_rise_ge_1m,2,0.1671250005440159,0.1940895738968545,-0.09869142256865704,0.24607813859894154,0.26186876620992666,0.26581642311267295,0.5,0.5,1.0,2
1,test,contemporaneous,origin_rising,192,0.0544760669003416,0.08221234312937463,-0.00405266787861647,0.12445620680073054,0.2465507534352167,0.38623240095668043,0.8645833333333334,0.953125,1.0,192
1,test,contemporaneous,origin_falling,357,0.026223571814567137,0.0397167764085358,0.003226422055189444,0.06085784531861373,0.12089934663207917,0.1937391829533146,0.9523809523809523,1.0,1.0,357
1,test,contemporaneous,origin_stable,222,0.019099966677579787,0.04053181152459804,-0.006863512731449872,0.033612783777223994,0.1363316674828611,0.26640971457448925,0.972972972972973,0.9864864864864865,1.0,222
1,stress_current,contemporaneous,water_ge_7m,44,0.08844123559722882,0.17106241107045875,-0.013700097043357255,0.1673136712519728,0.6531111365151053,0.7536013912369839,0.7954545454545454,0.9090909090909091,0.9545454545454546,42
1,stress_current,contemporaneous,water_ge_9m,38,0.08727583112193926,0.1744099060742393,-0.016736888555484396,0.1583893821658091,0.6671330325228091,0.7536013912369839,0.8157894736842105,0.9473684210526315,0.9473684210526315,36
1,stress_current,contemporaneous,rapid_target_rise_ge_1m,3,0.47032863400440367,0.569735080132045,-0.04582712877810321,0.7302315645574773,0.7489274259010825,0.7536013912369839,0.3333333333333333,0.3333333333333333,0.3333333333333333,1
1,stress_current,contemporaneous,origin_rising,18,0.14700755633455534,0.255902488355094,0.02907256194548038,0.38135292144093647,0.7138726858818226,0.7536013912369839,0.6666666666666666,0.7777777777777778,0.8888888888888888,16
1,stress_current,contemporaneous,origin_falling,27,0.04572410867748945,0.06334266770532446,-0.041310480257870735,0.09622124990888431,0.16726068856537907,0.16738592037005517,0.8888888888888888,1.0,1.0,27
1,stress_current,contemporaneous,origin_stable,1,0.02464127042635056,0.02464127042635056,-0.02464127042635056,0.02464127042635056,0.02464127042635056,0.02464127042635056,1.0,1.0,1.0,1
1,stress_current,contemporaneous,pre_peak,14,0.16203566653655227,0.28507932246918066,0.008707687370065902,0.5272953993829449,0.7232206165536252,0.7536013912369839,0.6428571428571429,0.7142857142857143,0.8571428571428571,12
1,stress_current,contemporaneous,peak_window,7,0.06501500404450107,0.07873224012060863,0.04627573514806877,0.12130995624573304,0.14797154001814647,0.15463693596124983,0.8571428571428571,1.0,1.0,7
1,stress_current,contemporaneous,recession,25,0.04726895435669291,0.06527302080130713,-0.04250223566350471,0.10334023494936458,0.1672703217811234,0.16738592037005517,0.88,1.0,1.0,25
1,validation,lagged,water_ge_7m,14,0.03199865046996475,0.03876849291317833,0.005681824092742792,0.06348145108378099,0.07491894235889707,0.0777777011966787,1.0,1.0,1.0,14
1,validation,lagged,water_ge_9m,2,0.02805741751767421,0.031021972003278237,0.013234200739413282,0.03864477810920484,0.04076225022751096,0.04129161825708749,1.0,1.0,1.0,2
1,validation,lagged,rapid_target_rise_ge_1m,0,,,,,,,,,,
1,validation,lagged,origin_rising,318,0.032091028321376634,0.05280440509623388,-0.014204964521028771,0.07827428565041046,0.1462455553171395,0.36135437659245007,0.9339622641509434,0.9937106918238994,1.0,318
1,validation,lagged,origin_falling,985,0.016034187008741235,0.022263354175392356,-0.005056475721082649,0.032731499986859355,0.0595132180827048,0.14254232602566463,0.9949238578680203,1.0,1.0,985
1,validation,lagged,origin_stable,2136,0.01712302325523167,0.028105578825300064,0.0008134879009877754,0.03447413179333947,0.09741141943518074,0.3109641694915519,0.9817415730337079,0.9990636704119851,1.0,2136
1,test,lagged,water_ge_7m,83,0.042904808785916834,0.059241488707046173,-0.008569859651249923,0.086437078890334,0.16389386087330024,0.21685456951624893,0.927710843373494,0.9759036144578314,1.0,83
1,test,lagged,water_ge_9m,47,0.042039245863967664,0.05289421091433607,-0.005992484206906303,0.08206128106687308,0.122593488223683,0.13725457835382748,0.9361702127659575,1.0,1.0,47
1,test,lagged,rapid_target_rise_ge_1m,2,0.16908659016865535,0.1757044530619954,-0.04776797934759358,0.20730097364673022,0.21494385034234517,0.21685456951624893,0.0,0.5,1.0,2
1,test,lagged,origin_rising,192,0.04961300956407608,0.0751329350399657,-0.00885546050675864,0.11428466918965642,0.2269083350924989,0.3647114516922607,0.875,0.9635416666666666,1.0,192
1,test,lagged,origin_falling,357,0.029326971458359736,0.04306276373767164,0.009319574120967176,0.06985996929442173,0.12666302997499954,0.1918428299645596,0.9551820728291317,1.0,1.0,357
1,test,lagged,origin_stable,222,0.020678901980398533,0.039606971830998025,-0.007712023113619264,0.0409826641752292,0.12055797168794005,0.2613178706489214,0.963963963963964,0.9864864864864865,1.0,222
1,stress_current,lagged,water_ge_7m,44,0.09274599644126474,0.1650394261438066,-0.009680096668717508,0.15773798140813705,0.5915744852191916,0.7200056002569166,0.7045454545454546,0.9090909090909091,0.9545454545454546,42
1,stress_current,lagged,water_ge_9m,38,0.09331290119953592,0.16807436154207292,-0.01893693870983222,0.15093451364529029,0.6094951059221296,0.7200056002569166,0.7105263157894737,0.9210526315789473,0.9473684210526315,36
1,stress_current,lagged,rapid_target_rise_ge_1m,3,0.47883486915972284,0.5370710517330367,0.09839013956032498,0.6901378990853526,0.7140320600226038,0.7200056002569166,0.0,0.3333333333333333,0.3333333333333333,1
1,stress_current,lagged,origin_rising,18,0.1564890002767562,0.24765270906088072,0.008586161374526934,0.4017614486436373,0.6692305082652579,0.7200056002569166,0.3888888888888889,0.7777777777777778,0.8888888888888888,16
1,stress_current,lagged,origin_falling,27,0.04499849647338653,0.0580360815985562,-0.019681952759720518,0.07861440722565195,0.14759208849503425,0.1628405822302721,0.9259259259259259,1.0,1.0,27
1,stress_current,lagged,origin_stable,1,0.06078843884021268,0.06078843884021268,-0.06078843884021268,0.06078843884021268,0.06078843884021268,0.06078843884021268,1.0,1.0,1.0,1
1,stress_current,lagged,pre_peak,14,0.1879978055545755,0.2786951595889059,-0.0005752975023459886,0.4982789605039001,0.6811775887338835,0.7200056002569166,0.2857142857142857,0.7142857142857143,0.8571428571428571,12
1,stress_current,lagged,peak_window,7,0.047107809075729534,0.06054076278586015,0.0025261619231109478,0.09101616500957734,0.11333629566789795,0.11891632833247812,0.8571428571428571,1.0,1.0,7
1,stress_current,lagged,recession,25,0.04523303629236388,0.05850116549291543,-0.017891169081604586,0.07949446456620922,0.14876504955159098,0.1628405822302721,0.92,1.0,1.0,25
1,validation,persistence,water_ge_7m,14,0.07857142857142854,0.09554355775546272,-0.008571428571428516,0.1540000000000003,0.1674,0.16999999999999993,0.6428571428571429,1.0,1.0,14
1,validation,persistence,water_ge_9m,2,0.054999999999999716,0.07106335201775921,-0.054999999999999716,0.09099999999999966,0.09819999999999965,0.09999999999999964,1.0,1.0,1.0,2
1,validation,persistence,rapid_target_rise_ge_1m,0,,,,,,,,,,
1,validation,persistence,origin_rising,318,0.1598427672955975,0.223568120273253,-0.15657232704402516,0.3690000000000006,0.5963999999999989,0.9900000000000002,0.4716981132075472,0.7075471698113207,0.9622641509433962,306
1,validation,persistence,origin_falling,985,0.08461928934010152,0.09894109409907918,0.08108629441624365,0.16000000000000014,0.23999999999999977,0.27,0.7360406091370558,0.9401015228426396,1.0,985
1,validation,persistence,origin_stable,2136,0.029060159176029964,0.049771510933080965,0.007861657303370788,0.06000000000000005,0.13999999999999996,0.52,0.9602059925093633,0.9906367041198502,0.9990636704119851,2134
1,test,persistence,water_ge_7m,83,0.1878313253012048,0.2778206928027457,-0.015783132530120477,0.34999999999999964,0.8975999999999998,1.0300000000000002,0.40963855421686746,0.7228915662650602,0.927710843373494,77
1,test,persistence,water_ge_9m,47,0.2027659574468085,0.2805427869668884,-0.016808510638297892,0.36200000000000004,0.8527999999999996,1.0,0.3617021276595745,0.6595744680851063,0.9361702127659575,44
1,test,persistence,rapid_target_rise_ge_1m,2,1.0150000000000001,1.015110831387391,-1.0150000000000001,1.0270000000000001,1.0294000000000003,1.0300000000000002,0.0,0.0,0.0,0
1,test,persistence,origin_rising,192,0.25161458333333336,0.3306346485674684,-0.24703125,0.54,0.8608000000000005,1.0300000000000002,0.2760416666666667,0.5104166666666666,0.8697916666666666,167
1,test,persistence,origin_falling,357,0.13064425770308125,0.15189005311505463,0.113781512605042,0.22999999999999998,0.3087999999999987,0.3500000000000001,0.40336134453781514,0.7563025210084033,1.0,357
1,test,persistence,origin_stable,222,0.07932432432432436,0.12749315473587008,-0.014639639639639651,0.15900000000000022,0.4347999999999992,0.6299999999999999,0.7657657657657657,0.9234234234234234,0.9864864864864865,219
1,stress_current,persistence,water_ge_7m,44,0.4990909090909091,0.6200366558079083,-0.029545454545454562,0.7609999999999999,1.6318000000000004,1.950000000000001,0.022727272727272728,0.1590909090909091,0.5909090909090909,26
1,stress_current,persistence,water_ge_9m,38,0.5342105263157896,0.6538670394378034,-0.023684210526315797,0.8089999999999998,1.6761999999999997,1.950000000000001,0.02631578947368421,0.07894736842105263,0.5526315789473685,21
1,stress_current,persistence,rapid_target_rise_ge_1m,3,1.6200000000000003,1.6398983708348114,-1.6200000000000003,1.8760000000000008,1.935200000000001,1.950000000000001,0.0,0.0,0.0,0
1,stress_current,persistence,origin_rising,18,0.6561111111111112,0.824543644825562,-0.6361111111111111,1.4050000000000002,1.8242000000000007,1.950000000000001,0.1111111111111111,0.16666666666666666,0.3333333333333333,6
1,stress_current,persistence,origin_falling,27,0.3718518518518518,0.4142015970067751,0.3718518518518518,0.6400000000000008,0.7388000000000002,0.7699999999999996,0.037037037037037035,0.2222222222222222,0.7777777777777778,21
1,stress_current,persistence,origin_stable,1,0.23000000000000043,0.23000000000000043,0.23000000000000043,0.23000000000000043,0.23000000000000043,0.23000000000000043,0.0,0.0,1.0,1
1,stress_current,persistence,pre_peak,14,0.7592857142857143,0.9174849161858585,-0.7421428571428571,1.5050000000000003,1.853800000000001,1.950000000000001,0.14285714285714285,0.14285714285714285,0.21428571428571427,3
1,stress_current,persistence,peak_window,7,0.2585714285714289,0.29878324680515245,-0.06142857142857139,0.42599999999999916,0.4932000000000011,0.5100000000000016,0.14285714285714285,0.2857142857142857,0.8571428571428571,6
1,stress_current,persistence,recession,25,0.38559999999999994,0.4248764526306441,0.38559999999999994,0.6600000000000003,0.7412000000000002,0.7699999999999996,0.0,0.2,0.76,19
1,validation,local_trend_2h,water_ge_7m,14,0.054642857142857694,0.06583257986307865,0.008214285714285856,0.1010000000000009,0.13220000000000073,0.14000000000000057,0.8571428571428571,1.0,1.0,14
1,validation,local_trend_2h,water_ge_9m,2,0.08000000000000096,0.0854400374531763,0.08000000000000096,0.10400000000000116,0.1088000000000012,0.11000000000000121,0.5,1.0,1.0,2
1,validation,local_trend_2h,rapid_target_rise_ge_1m,0,,,,,,,,,,
1,validation,local_trend_2h,origin_rising,318,0.11424528301886797,0.15618939076058758,0.0010691823899371114,0.25800000000000023,0.42649999999999927,0.6150000000000002,0.5786163522012578,0.8333333333333334,0.9937106918238994,316
1,validation,local_trend_2h,origin_falling,985,0.029147208121827434,0.04625629330210931,-0.012294416243654837,0.07300000000000025,0.13999999999999999,0.3250000000000002,0.9390862944162437,0.9949238578680203,1.0,985
1,validation,local_trend_2h,origin_stable,2136,0.02052083333333334,0.04263517416221842,-0.004121020599250934,0.04499999999999993,0.12150000000000116,0.5,0.9723782771535581,0.9906367041198502,1.0,2136
1,test,local_trend_2h,water_ge_7m,83,0.07933734939759025,0.11396073092417004,0.005361445783132416,0.17500000000000054,0.36360000000000053,0.3949999999999996,0.7349397590361446,0.9397590361445783,1.0,83
1,test,local_trend_2h,water_ge_9m,47,0.07755319148936161,0.11064366803661094,0.029468085106382862,0.17500000000000143,0.3193999999999995,0.370000000000001,0.7446808510638298,0.9361702127659575,1.0,47
1,test,local_trend_2h,rapid_target_rise_ge_1m,2,0.2574999999999994,0.29191180174840436,-0.2574999999999994,0.36749999999999955,0.38949999999999957,0.3949999999999996,0.0,0.5,1.0,2
1,test,local_trend_2h,origin_rising,192,0.15039062499999994,0.19478988412731635,-0.018151041666666663,0.29450000000000004,0.5144000000000005,0.7250000000000001,0.375,0.7604166666666666,0.9791666666666666,188
1,test,local_trend_2h,origin_falling,357,0.06894957983193276,0.0902645504925951,-0.02421568627450984,0.12700000000000067,0.2182000000000003,0.3999999999999999,0.7675070028011205,0.9747899159663865,1.0,357
1,test,local_trend_2h,origin_stable,222,0.06842342342342345,0.12102788004318571,-0.023018018018018022,0.15900000000000022,0.42559999999999903,0.6149999999999998,0.8108108108108109,0.9369369369369369,0.9864864864864865,219
1,stress_current,local_trend_2h,water_ge_7m,44,0.1656818181818183,0.27417230813022425,0.027272727272727216,0.34049999999999975,0.8672000000000007,1.0649999999999995,0.5,0.7727272727272727,0.9318181818181818,41
1,stress_current,local_trend_2h,water_ge_9m,38,0.17539473684210533,0.29033216004758206,0.030657894736842082,0.3930000000000004,0.8948,1.0649999999999995,0.47368421052631576,0.7631578947368421,0.9210526315789473,35
1,stress_current,local_trend_2h,rapid_target_rise_ge_1m,3,0.7783333333333337,0.8207059968912945,-0.4883333333333333,1.0189999999999997,1.0557999999999996,1.0649999999999995,0.0,0.0,0.3333333333333333,1
1,stress_current,local_trend_2h,origin_rising,18,0.2969444444444447,0.41291477463407783,0.06416666666666664,0.7685000000000017,0.9868,1.0649999999999995,0.2222222222222222,0.5,0.8333333333333334,15
1,stress_current,local_trend_2h,origin_falling,27,0.0705555555555555,0.09055896380770875,-0.0009259259259260377,0.15599999999999992,0.1866,0.21000000000000085,0.7037037037037037,0.9629629629629629,1.0,27
1,stress_current,local_trend_2h,origin_stable,1,0.18500000000000227,0.18500000000000227,0.18500000000000227,0.18500000000000227,0.18500000000000227,0.18500000000000227,0.0,1.0,1.0,1
1,stress_current,local_trend_2h,pre_peak,14,0.31607142857142895,0.4524911206705769,0.014642857142857211,0.8065000000000013,1.0051999999999999,1.0649999999999995,0.2857142857142857,0.5714285714285714,0.7857142857142857,11
1,stress_current,local_trend_2h,peak_window,7,0.18357142857142858,0.19426601790916928,0.18357142857142858,0.24800000000000041,0.2575999999999985,0.259999999999998,0.14285714285714285,0.5714285714285714,1.0,7
1,stress_current,local_trend_2h,recession,25,0.06899999999999999,0.08808518604169482,-0.0070000000000001,0.14399999999999943,0.1884,0.21000000000000085,0.72,0.96,1.0,25
2,validation,contemporaneous,water_ge_7m,14,0.05060125615445012,0.05829978818957577,0.004283867419275873,0.09596403302661492,0.11090077569679022,0.1133317794278419,0.8571428571428571,1.0,1.0,14
2,validation,contemporaneous,water_ge_9m,3,0.06943139095757604,0.07701077136773189,0.06943139095757604,0.10312462224283685,0.11129034799084088,0.1133317794278419,0.6666666666666666,1.0,1.0,3
2,validation,contemporaneous,rapid_target_rise_ge_1m,10,0.3418323866261091,0.3896268717099916,-0.3418323866261091,0.5070157506563204,0.7260538518996155,0.7808133772104391,0.1,0.1,0.9,9
2,validation,contemporaneous,origin_rising,320,0.08575492954784956,0.12319440360907842,-0.04942630079749707,0.20514730662594463,0.326096705363184,0.7808133772104391,0.696875,0.89375,0.996875,319
2,validation,contemporaneous,origin_falling,985,0.03522724369000965,0.05075447314202267,-0.003912579733682732,0.06933020959238614,0.14246071273812347,0.3226356860226649,0.9532994923857868,0.9898477157360406,1.0,985
2,validation,contemporaneous,origin_stable,2132,0.04362363129620061,0.06271123715715035,-0.01825238386965572,0.0822627291461764,0.18711811198736536,0.38943788926989553,0.9385553470919324,0.9821763602251408,1.0,2132
2,test,contemporaneous,water_ge_7m,81,0.10098619520935549,0.14953279902866043,-0.041382135826438154,0.20366965246669988,0.45775929355533335,0.7104214488322373,0.654320987654321,0.8888888888888888,0.9876543209876543,80
2,test,contemporaneous,water_ge_9m,47,0.10684708593011215,0.1448590453657899,-0.055561503212808186,0.21614052347603088,0.45701311214506135,0.4591583836995934,0.5957446808510638,0.8723404255319149,1.0,47
2,test,contemporaneous,rapid_target_rise_ge_1m,23,0.3053776321959792,0.3393288317051872,-0.24944615106850246,0.4586315895261028,0.6139899675677072,0.7104214488322373,0.08695652173913043,0.17391304347826086,0.9565217391304348,22
2,test,contemporaneous,origin_rising,191,0.10403702597400799,0.1443613337953649,-0.002899934874590758,0.21996262020859048,0.4224295768870736,0.7104214488322373,0.5968586387434555,0.8795811518324608,0.9947643979057592,190
2,test,contemporaneous,origin_falling,357,0.06143734961626153,0.09222385968691568,0.006346427521805405,0.14067711649327766,0.2930937031164953,0.4185450447011294,0.8263305322128851,0.938375350140056,1.0,357
2,test,contemporaneous,origin_stable,222,0.04453295535271885,0.08536878182217797,-0.021183466274075625,0.09442699327146081,0.3036627519203054,0.4912589914128511,0.9009009009009009,0.954954954954955,1.0,222
2,stress_current,contemporaneous,water_ge_7m,43,0.23368868387957878,0.38939914428510625,-0.06727628703975833,0.4604682127833554,1.3038184672025028,1.4340088212803241,0.3953488372093023,0.6976744186046512,0.9069767441860465,39
2,stress_current,contemporaneous,water_ge_9m,38,0.24561124819928742,0.40757516281505807,-0.08343667161452921,0.4855877433858123,1.3193173188784342,1.4340088212803241,0.3684210526315789,0.6842105263157895,0.8947368421052632,34
2,stress_current,contemporaneous,rapid_target_rise_ge_1m,12,0.4481206407697595,0.667930198806358,-0.012882587711202506,1.2603328995366656,1.3999113475932758,1.4340088212803241,0.3333333333333333,0.5,0.75,9
2,stress_current,contemporaneous,origin_rising,18,0.3488211005120639,0.5564151908131502,0.03992657957922249,1.1482084696305768,1.3813127255821587,1.4340088212803241,0.3333333333333333,0.5555555555555556,0.8333333333333334,15
2,stress_current,contemporaneous,origin_falling,26,0.14548515685259686,0.19102030527585542,-0.13939766368070747,0.2741269308447327,0.49581487343518216,0.5213826985586074,0.46153846153846156,0.8076923076923077,0.9615384615384616,25
2,stress_current,contemporaneous,origin_stable,1,0.10139143872554968,0.10139143872554968,-0.10139143872554968,0.10139143872554968,0.10139143872554968,0.10139143872554968,0.0,1.0,1.0,1
2,stress_current,contemporaneous,pre_peak,13,0.4028545644107492,0.6385307758901929,-0.04025178792372811,1.2416454945523177,1.3968115772580896,1.4340088212803241,0.38461538461538464,0.6153846153846154,0.7692307692307693,10
2,stress_current,contemporaneous,peak_window,7,0.17864169222110096,0.20500968761791857,0.14759004310916776,0.2854366927310757,0.32254839858552076,0.331826325049132,0.14285714285714285,0.5714285714285714,1.0,7
2,stress_current,contemporaneous,recession,25,0.14700736572891088,0.1936147196674337,-0.14067637283014592,0.27430571752211785,0.49683758644011916,0.5213826985586074,0.48,0.8,0.96,24
2,validation,lagged,water_ge_7m,14,0.05604678402766756,0.069753885989716,0.01890845086304476,0.11440899288999537,0.12624869792635157,0.12932753286760423,0.7857142857142857,1.0,1.0,14
2,validation,lagged,water_ge_9m,3,0.023869136771955606,0.028679574193211474,0.023869136771955606,0.03928223091800831,0.04220935813417768,0.04294113993822002,1.0,1.0,1.0,3
2,validation,lagged,rapid_target_rise_ge_1m,10,0.30456264699810287,0.33935964603383656,-0.2860984018909569,0.41111458316819005,0.6181202226519826,0.6698716325229306,0.1,0.1,0.9,9
2,validation,lagged,origin_rising,320,0.06442089139692483,0.09833290527276459,-0.02901587070745597,0.15458297604862437,0.25019105900201155,0.6698716325229306,0.809375,0.940625,0.996875,319
2,validation,lagged,origin_falling,985,0.03805228555231339,0.052164191921037835,-0.012349863213459702,0.07593413151359125,0.14465393823326833,0.30136218769462664,0.9583756345177665,0.9928934010152284,1.0,985
2,validation,lagged,origin_stable,2132,0.041305388127421384,0.06595836411914219,0.00018388454061817156,0.08603040227000693,0.21452241706318978,0.46515600083591635,0.924953095684803,0.9770168855534709,1.0,2132
2,test,lagged,water_ge_7m,81,0.10489607920979624,0.14915741157834836,-0.01811845544932093,0.26001437285518136,0.36283952164796485,0.6279884092879788,0.654320987654321,0.8641975308641975,0.9876543209876543,80
2,test,lagged,water_ge_9m,47,0.11148588655543613,0.14781948679892504,-0.02092139867360482,0.28146093588365984,0.3516095791270658,0.3721346387779345,0.6170212765957447,0.8297872340425532,1.0,47
2,test,lagged,rapid_target_rise_ge_1m,23,0.2894993755267236,0.3206926415753992,-0.2060915250687911,0.44176237720510875,0.5676757607192116,0.6279884092879788,0.08695652173913043,0.2608695652173913,0.9565217391304348,22
2,test,lagged,origin_rising,191,0.09062488925545957,0.1307222974403641,-0.018418774045874855,0.21127381400437395,0.35052203817979455,0.6279884092879788,0.6910994764397905,0.8900523560209425,0.9947643979057592,190
2,test,lagged,origin_falling,357,0.07353279614865965,0.10374944669076833,0.028153967622744157,0.16667763026694807,0.3056892265121299,0.4032008833351508,0.7675070028011205,0.9243697478991597,1.0,357
2,test,lagged,origin_stable,222,0.04831699417791852,0.08714588361013069,-0.025002621555320504,0.10282026448002535,0.3060410337949752,0.49091420799532637,0.8963963963963963,0.954954954954955,1.0,222
2,stress_current,lagged,water_ge_7m,43,0.2545182327435818,0.4088624867003534,-0.023853872011798838,0.5396943470520291,1.1254351119631512,1.6907261713053785,0.3953488372093023,0.6046511627906976,0.8837209302325582,38
2,stress_current,lagged,water_ge_9m,38,0.26535283049941105,0.42477286383251134,-0.04521765085614345,0.5925671384536295,1.1927316666467502,1.6907261713053785,0.34210526315789475,0.5789473684210527,0.8947368421052632,34
2,stress_current,lagged,rapid_target_rise_ge_1m,12,0.583433331613107,0.7286022653938067,-0.00892223093287751,1.0021755691372933,1.5426737510014619,1.6907261713053785,0.08333333333333333,0.16666666666666666,0.5833333333333334,7
2,stress_current,lagged,origin_rising,18,0.42897814856043653,0.6005512751409242,0.013847326787203141,0.908665237144676,1.4619178853811445,1.6907261713053785,0.16666666666666666,0.3888888888888889,0.7222222222222222,13
2,stress_current,lagged,origin_falling,26,0.1204207597586269,0.15989366553080625,-0.0455088768659671,0.21583512725811804,0.4014276500239635,0.46687263982386185,0.5769230769230769,0.8076923076923077,1.0,26
2,stress_current,lagged,origin_stable,1,0.2057553369352476,0.2057553369352476,-0.2057553369352476,0.2057553369352476,0.2057553369352476,0.2057553369352476,0.0,0.0,1.0,1
2,stress_current,lagged,pre_peak,13,0.5274923453995976,0.6969484223392268,-0.036838597992601245,0.9865905138051905,1.5292144400647425,1.6907261713053785,0.15384615384615385,0.3076923076923077,0.6153846153846154,8
2,stress_current,lagged,peak_window,7,0.1675554801538424,0.18136776459020076,0.059924496984237914,0.2448022549944021,0.25521424774760065,0.2578172459359003,0.14285714285714285,0.5714285714285714,1.0,7
2,stress_current,lagged,recession,25,0.1211205165390296,0.16175557570053137,-0.0432121583306634,0.21631759853690122,0.4040454496159594,0.46687263982386185,0.6,0.8,1.0,25
2,validation,persistence,water_ge_7m,14,0.15571428571428544,0.18845234335047595,-0.018571428571428683,0.2940000000000003,0.32220000000000026,0.33000000000000007,0.35714285714285715,0.6428571428571429,1.0,14
2,validation,persistence,water_ge_9m,3,0.11999999999999982,0.1525341491819673,-0.11999999999999982,0.21400000000000005,0.23480000000000018,0.2400000000000002,0.3333333333333333,0.6666666666666666,1.0,3
2,validation,persistence,rapid_target_rise_ge_1m,10,1.229,1.2652153966815296,-1.229,1.7880000000000003,1.8456000000000004,1.8600000000000003,0.0,0.0,0.0,0
2,validation,persistence,origin_rising,320,0.27321875,0.392340333766489,-0.26009374999999996,0.6310000000000001,1.0086000000000002,1.8600000000000003,0.325,0.55,0.828125,265
2,validation,persistence,origin_falling,985,0.16186040609137056,0.1942413492968213,0.14100761421319796,0.33000000000000007,0.4700000000000002,0.6600000000000001,0.30253807106598984,0.766497461928934,0.9928934010152284,978
2,validation,persistence,origin_stable,2132,0.06674835834896811,0.11890379593443288,0.010763367729831146,0.1399999999999999,0.3538000000000011,1.1500000000000004,0.8170731707317073,0.9432457786116323,0.9906191369606003,2112
2,test,persistence,water_ge_7m,81,0.38234567901234573,0.5552565862222707,-0.04111111111111113,0.6799999999999997,1.7920000000000007,2.0300000000000002,0.12345679012345678,0.3950617283950617,0.7777777777777778,63
2,test,persistence,water_ge_9m,47,0.41297872340425523,0.5870644605586883,-0.07680851063829791,0.7759999999999995,1.8551999999999995,2.0300000000000002,0.1276595744680851,0.3404255319148936,0.7446808510638298,35
2,test,persistence,rapid_target_rise_ge_1m,23,1.3013043478260868,1.3318065533898584,-1.3013043478260868,1.7999999999999998,1.9464,2.0300000000000002,0.0,0.0,0.0,0
2,test,persistence,origin_rising,191,0.4426701570680629,0.5872230326310064,-0.4269633507853403,0.9199999999999999,1.535999999999997,2.0300000000000002,0.16230366492146597,0.3403141361256545,0.6596858638743456,126
2,test,persistence,origin_falling,357,0.26056022408963586,0.3117655515024734,0.1779831932773109,0.45999999999999996,0.6399999999999998,1.12,0.17647058823529413,0.4341736694677871,0.9523809523809523,340
2,test,persistence,origin_stable,222,0.1950900900900901,0.3100530323716943,-0.041756756756756754,0.3800000000000003,1.1131999999999995,1.25,0.44594594594594594,0.6936936936936937,0.9144144144144144,203
2,stress_current,persistence,water_ge_7m,43,1.0065116279069766,1.2330827317158464,-0.05627906976744188,1.6079999999999999,3.3200000000000003,3.530000000000001,0.023255813953488372,0.023255813953488372,0.18604651162790697,8
2,stress_current,persistence,water_ge_9m,38,1.0789473684210529,1.2970087042681588,-0.06947368421052628,1.8170000000000013,3.3450000000000006,3.530000000000001,0.02631578947368421,0.02631578947368421,0.10526315789473684,4
2,stress_current,persistence,rapid_target_rise_ge_1m,12,1.7625,1.9504337124513271,-1.7625,3.175000000000001,3.475000000000001,3.530000000000001,0.0,0.0,0.0,0
2,stress_current,persistence,origin_rising,18,1.301111111111111,1.6153121473366483,-1.2377777777777776,2.545000000000001,3.445000000000001,3.530000000000001,0.05555555555555555,0.1111111111111111,0.2222222222222222,4
2,stress_current,persistence,origin_falling,26,0.7480769230769229,0.8345404078339719,0.7480769230769229,1.3000000000000007,1.4749999999999996,1.4800000000000004,0.038461538461538464,0.038461538461538464,0.23076923076923078,6
2,stress_current,persistence,origin_stable,1,0.5700000000000003,0.5700000000000003,0.5700000000000003,0.5700000000000003,0.5700000000000003,0.5700000000000003,0.0,0.0,0.0,0
2,stress_current,persistence,pre_peak,13,1.56,1.85238308050011,-1.535384615384615,3.0700000000000016,3.470000000000001,3.530000000000001,0.07692307692307693,0.15384615384615385,0.15384615384615385,2
2,stress_current,persistence,peak_window,7,0.5342857142857146,0.6193083699925727,-0.24571428571428555,0.94,1.012000000000001,1.0300000000000011,0.14285714285714285,0.14285714285714285,0.42857142857142855,3
2,stress_current,persistence,recession,25,0.7767999999999999,0.8510464147154372,0.7767999999999999,1.3000000000000007,1.4751999999999996,1.4800000000000004,0.0,0.0,0.2,5
2,validation,local_trend_2h,water_ge_7m,14,0.13214285714285726,0.15461934826257318,0.01500000000000006,0.2210000000000001,0.2892000000000005,0.3100000000000005,0.42857142857142855,0.8571428571428571,1.0,14
2,validation,local_trend_2h,water_ge_9m,3,0.15333333333333363,0.17378147196982827,0.15333333333333363,0.22200000000000059,0.22840000000000046,0.23000000000000043,0.3333333333333333,0.6666666666666666,1.0,3
2,validation,local_trend_2h,rapid_target_rise_ge_1m,10,0.8420000000000002,0.8782938005018596,-0.8420000000000002,1.0890000000000004,1.2978000000000005,1.3500000000000005,0.0,0.0,0.1,1
2,validation,local_trend_2h,origin_rising,320,0.24428124999999995,0.32156502064123826,0.05559375,0.5410000000000006,0.73,1.3500000000000005,0.290625,0.5375,0.8875,284
2,validation,local_trend_2h,origin_falling,985,0.07813959390862946,0.13133232250291682,-0.045631979695431486,0.18999999999999995,0.40999999999999986,0.79,0.7857868020304568,0.9035532994923858,0.9868020304568528,972
2,validation,local_trend_2h,origin_stable,2132,0.053656191369606,0.11029536713415046,-0.013252814258911817,0.1200000000000001,0.33000000000000007,1.0600000000000005,0.8710131332082551,0.9479362101313321,0.9910881801125704,2113
2,test,local_trend_2h,water_ge_7m,81,0.18666666666666665,0.26617547354339277,0.01851851851851841,0.39000000000000057,0.767999999999999,0.9100000000000001,0.4074074074074074,0.691358024691358,0.9135802469135802,74
2,test,local_trend_2h,water_ge_9m,47,0.1931914893617019,0.28554539080987784,0.054893617021276445,0.4860000000000008,0.7903999999999975,0.9100000000000001,0.44680851063829785,0.723404255319149,0.8936170212765957,42
2,test,local_trend_2h,rapid_target_rise_ge_1m,23,0.8552173913043479,0.9209564971078804,-0.7995652173913044,1.2459999999999998,1.3271999999999995,1.3799999999999994,0.043478260869565216,0.043478260869565216,0.17391304347826086,4
2,test,local_trend_2h,origin_rising,191,0.31544502617801046,0.39923946022012735,0.029895287958115177,0.6700000000000004,0.9219999999999994,1.3799999999999994,0.19895287958115182,0.387434554973822,0.8010471204188482,153
2,test,local_trend_2h,origin_falling,357,0.1873949579831933,0.2582162470722957,-0.09837535014005608,0.37999999999999945,0.7200000000000002,1.2599999999999998,0.3333333333333333,0.6414565826330533,0.9467787114845938,338
2,test,local_trend_2h,origin_stable,222,0.17563063063063064,0.29826752004452906,-0.05851351351351349,0.3779999999999996,1.12,1.26,0.5,0.7207207207207207,0.918918918918919,204
2,stress_current,local_trend_2h,water_ge_7m,43,0.4030232558139537,0.6356556768682902,0.06674418604651153,1.0080000000000024,1.7775999999999978,2.5000000000000018,0.32558139534883723,0.46511627906976744,0.7906976744186046,34
2,stress_current,local_trend_2h,water_ge_9m,38,0.4357894736842108,0.6733146601544836,0.07894736842105259,1.1160000000000025,1.8635999999999993,2.5000000000000018,0.3157894736842105,0.4473684210526316,0.7631578947368421,29
2,stress_current,local_trend_2h,rapid_target_rise_ge_1m,12,0.8075000000000002,1.0932558407497006,0.0041666666666662815,1.606000000000001,2.310800000000001,2.5000000000000018,0.16666666666666666,0.3333333333333333,0.5,6
2,stress_current,local_trend_2h,origin_rising,18,0.6983333333333337,0.9396246295433329,0.16277777777777777,1.4020000000000021,2.2076000000000016,2.5000000000000018,0.1111111111111111,0.2222222222222222,0.5,9
2,stress_current,local_trend_2h,origin_falling,26,0.17961538461538465,0.2269615352026383,-0.015000000000000124,0.40999999999999837,0.46500000000000075,0.4800000000000004,0.46153846153846156,0.6538461538461539,1.0,26
2,stress_current,local_trend_2h,origin_stable,1,0.4800000000000004,0.4800000000000004,0.4800000000000004,0.4800000000000004,0.4800000000000004,0.4800000000000004,0.0,0.0,1.0,1
2,stress_current,local_trend_2h,pre_peak,13,0.7607692307692313,1.0522393702516997,0.0007692307692306846,1.5720000000000012,2.2936000000000014,2.5000000000000018,0.15384615384615385,0.3076923076923077,0.5384615384615384,7
2,stress_current,local_trend_2h,peak_window,7,0.46857142857142875,0.49902762591721467,0.46857142857142875,0.6519999999999975,0.666399999999998,0.6699999999999982,0.0,0.14285714285714285,0.5714285714285714,4
2,stress_current,local_trend_2h,recession,25,0.18200000000000002,0.23020860105565116,-0.010800000000000125,0.4159999999999983,0.46560000000000074,0.4800000000000004,0.48,0.64,1.0,25
3,validation,contemporaneous,water_ge_7m,15,0.11675974478845662,0.188459517592981,-0.03291749652907813,0.16908085986336763,0.5131053579010861,0.6400772434986735,0.6,0.9333333333333333,0.9333333333333333,14
3,validation,contemporaneous,water_ge_9m,3,0.06966692642164969,0.07969709362604631,0.06966692642164969,0.09941380660432272,0.10073758957593767,0.10106853531884141,0.6666666666666666,1.0,1.0,3
3,validation,contemporaneous,rapid_target_rise_ge_1m,44,0.245010612806516,0.3061716519414989,-0.23209944664709445,0.44518917993436746,0.8560105947734387,0.8908481963185961,0.13636363636363635,0.45454545454545453,0.9318181818181818,41
3,validation,contemporaneous,origin_rising,319,0.1120934698620033,0.16130057958413724,-0.053409319701229634,0.23178615166462144,0.40243524004372716,0.8908481963185961,0.6018808777429467,0.8557993730407524,0.987460815047022,315
3,validation,contemporaneous,origin_falling,981,0.05370472129901614,0.07883652416592446,0.006624095362735314,0.11578894564463371,0.21696684450728224,0.6400772434986735,0.8695208970438328,0.9724770642201835,0.9979612640163099,979
3,validation,contemporaneous,origin_stable,2132,0.059359715221716444,0.08464768534600006,-0.02098159126829082,0.11831284780085456,0.25771925546391117,0.6079515910093996,0.8545966228893058,0.9662288930581614,0.99906191369606,2130
3,test,contemporaneous,water_ge_7m,80,0.1737676743831545,0.25250747460874373,-0.07652177600561506,0.39503001998298787,0.7184943250082547,1.0269898855721795,0.4625,0.7375,0.9375,75
3,test,contemporaneous,water_ge_9m,47,0.18808629149879103,0.26991464946395416,-0.10194493292944978,0.41250272756073186,0.6994664721286094,1.0269898855721795,0.40425531914893614,0.723404255319149,0.9361702127659575,44
3,test,contemporaneous,rapid_target_rise_ge_1m,58,0.23082105603617536,0.3036564586198592,-0.17692127445862624,0.44895234512968385,0.7682647675519755,1.0269898855721795,0.3103448275862069,0.5344827586206896,0.9310344827586207,54
3,test,contemporaneous,origin_rising,190,0.12655118495340895,0.19064739006717019,0.004586623819626453,0.27802730447993484,0.5281698366366039,1.0269898855721795,0.5578947368421052,0.8315789473684211,0.9736842105263158,185
3,test,contemporaneous,origin_falling,358,0.08333188889026731,0.12375540474484877,-0.00014627024259779615,0.2009260173599458,0.3670017778399829,0.49417105966930874,0.7262569832402235,0.8994413407821229,1.0,358
3,test,contemporaneous,origin_stable,221,0.06382780146781684,0.09905415247176644,-0.03428483500828443,0.154763713824285,0.28373838701757365,0.451063042590512,0.7828054298642534,0.9457013574660633,1.0,221
3,stress_current,contemporaneous,water_ge_7m,42,0.35804469035046305,0.5538260060784721,-0.10395466312035262,0.8694993419848549,1.664762856955291,2.068351468173743,0.23809523809523808,0.5,0.8095238095238095,34
3,stress_current,contemporaneous,water_ge_9m,38,0.3792505665255143,0.579316947241361,-0.10263748177324326,0.9004282181247265,1.704137355610749,2.068351468173743,0.21052631578947367,0.5,0.7894736842105263,30
3,stress_current,contemporaneous,rapid_target_rise_ge_1m,13,0.6198777597123601,0.8735859934312731,-0.009190258031679423,1.5100815948390631,1.950227972207367,2.068351468173743,0.07692307692307693,0.38461538461538464,0.6923076923076923,9
3,stress_current,contemporaneous,origin_rising,18,0.5192626046224951,0.7651288742929142,0.06493570291846641,1.3448599944854476,1.9010098488880436,2.068351468173743,0.16666666666666666,0.3888888888888889,0.7222222222222222,13
3,stress_current,contemporaneous,origin_falling,25,0.23896832426983633,0.3152157792242692,-0.2325489673467028,0.5094199347445357,0.7923719473094945,0.9174653471965968,0.32,0.56,0.88,22
3,stress_current,contemporaneous,origin_stable,1,0.10737195063180849,0.10737195063180849,-0.10737195063180849,0.10737195063180849,0.10737195063180849,0.10737195063180849,0.0,1.0,1.0,1
3,stress_current,contemporaneous,pre_peak,12,0.5980700104944917,0.8898160853855324,-0.14813597344283036,1.5431259149097862,1.9600715968712314,2.068351468173743,0.16666666666666666,0.5,0.6666666666666666,8
3,stress_current,contemporaneous,peak_window,7,0.3654543636512407,0.4118077868677076,0.3654543636512407,0.5412128419082194,0.591242843037989,0.6037503433204314,0.14285714285714285,0.14285714285714285,0.8571428571428571,6
3,stress_current,contemporaneous,recession,25,0.22773145076360166,0.3062535783666056,-0.22131209384046813,0.4837692515452055,0.7923719473094945,0.9174653471965968,0.32,0.6,0.88,22
3,validation,lagged,water_ge_7m,15,0.11666441486165861,0.17252475480536658,-0.008936040254081234,0.1679590862371377,0.448026072282413,0.5541466211820207,0.6,0.9333333333333333,0.9333333333333333,14
3,validation,lagged,water_ge_9m,3,0.049997689379705314,0.052738234796603015,0.049997689379705314,0.06622715588672853,0.06927615941845311,0.07003841030138425,1.0,1.0,1.0,3
3,validation,lagged,rapid_target_rise_ge_1m,44,0.21265774782089542,0.25848138397740283,-0.19188710068639356,0.33381449259387047,0.6999464188491278,0.7357519606844001,0.1590909090909091,0.5454545454545454,0.9545454545454546,42
3,validation,lagged,origin_rising,319,0.08590430314491268,0.1276723876122252,-0.028925564593868632,0.18076680685271013,0.33582420416550945,0.7357519606844001,0.7115987460815048,0.9184952978056427,0.9905956112852664,316
3,validation,lagged,origin_falling,981,0.05561782921713035,0.07814759634539915,-0.006265256607104909,0.1142091029500556,0.2095165649872519,0.5541466211820207,0.854230377166157,0.9775739041794088,0.9979612640163099,979
3,validation,lagged,origin_stable,2132,0.057020882682550275,0.08635560026003558,0.005968605646782617,0.12539477291031745,0.2734454580924131,0.5595183040238356,0.8484990619136961,0.9634146341463414,0.99906191369606,2130
3,test,lagged,water_ge_7m,80,0.1896905948370083,0.26602686958022687,-0.03239280203465585,0.4460232508483027,0.704525144806756,0.86493177282434,0.425,0.6875,0.9,72
3,test,lagged,water_ge_9m,47,0.2051975432311971,0.28883497901484,-0.038527449069176864,0.512318357201838,0.7447495659141341,0.86493177282434,0.40425531914893614,0.6595744680851063,0.8723404255319149,41
3,test,lagged,rapid_target_rise_ge_1m,58,0.2168173453467297,0.2821995699525358,-0.12147092464328364,0.40303091031198535,0.6801767493903469,0.86493177282434,0.3103448275862069,0.603448275862069,0.9310344827586207,54
3,test,lagged,origin_rising,190,0.1231946986645187,0.18933157677298604,-0.022350842949614504,0.29049980320251206,0.65276301810484,0.86493177282434,0.6210526315789474,0.8421052631578947,0.9578947368421052,182
3,test,lagged,origin_falling,358,0.10974282734462554,0.14808355815305613,0.04047355993228647,0.2529115566341922,0.38636489219942527,0.5434963770160797,0.6005586592178771,0.8603351955307262,0.994413407821229,356
3,test,lagged,origin_stable,221,0.07646541338313013,0.11224138428906834,-0.03706483067558398,0.17803534295575396,0.3519929021355424,0.49018386453087004,0.6968325791855203,0.9366515837104072,1.0,221
3,stress_current,lagged,water_ge_7m,42,0.375388613414144,0.6038013217373752,-0.034380994301007384,0.8760028462082331,1.8032001665789887,2.2522038671650364,0.30952380952380953,0.42857142857142855,0.7857142857142857,33
3,stress_current,lagged,water_ge_9m,38,0.399945684631996,0.6327449530708612,-0.03836534323239085,0.8800128226852341,1.8470054056605534,2.2522038671650364,0.2894736842105263,0.42105263157894735,0.7631578947368421,29
3,stress_current,lagged,rapid_target_rise_ge_1m,13,0.7402585634631121,0.9977488415260269,0.024967806413360612,1.6773145153616988,2.1207881499203394,2.2522038671650364,0.15384615384615385,0.23076923076923078,0.46153846153846156,6
3,stress_current,lagged,origin_rising,18,0.5936572933568515,0.8592101039565035,0.04135462570428339,1.6090048571522801,2.066031601068383,2.2522038671650364,0.2222222222222222,0.2777777777777778,0.6111111111111112,11
3,stress_current,lagged,origin_falling,25,0.20572460068785786,0.2865841425007651,-0.0900403823018054,0.43706105428537617,0.6899603037360632,0.8507979991773649,0.4,0.56,0.92,23
3,stress_current,lagged,origin_stable,1,0.33213447479038294,0.33213447479038294,-0.33213447479038294,0.33213447479038294,0.33213447479038294,0.33213447479038294,0.0,0.0,1.0,1
3,stress_current,lagged,pre_peak,12,0.7386976549359298,1.0239562659801844,-0.10199383337065222,1.6909764470035824,2.1317394596907304,2.2522038671650364,0.25,0.25,0.5,6
3,stress_current,lagged,peak_window,7,0.3135216731866229,0.34760226035001945,0.22787385314439085,0.47393151947893913,0.5009942604081205,0.5077599456404158,0.14285714285714285,0.2857142857142857,0.8571428571428571,6
3,stress_current,lagged,recession,25,0.20408228803490552,0.28455597632238855,-0.08839806964885305,0.43706105428537617,0.6899603037360632,0.8507979991773649,0.4,0.56,0.92,23
3,validation,persistence,water_ge_7m,15,0.26399999999999973,0.33272611359294696,-0.07866666666666683,0.46799999999999997,0.7015999999999999,0.7800000000000002,0.26666666666666666,0.5333333333333333,0.9333333333333333,14
3,validation,persistence,water_ge_9m,3,0.25333333333333324,0.27964262908219134,-0.25333333333333324,0.3700000000000003,0.39400000000000035,0.40000000000000036,0.0,0.3333333333333333,1.0,3
3,validation,persistence,rapid_target_rise_ge_1m,44,1.2452272727272726,1.287514342373778,-1.2452272727272726,1.394,2.2974000000000006,2.6500000000000004,0.0,0.0,0.0,0
3,validation,persistence,origin_rising,319,0.34451410658307213,0.5014711898324518,-0.3117241379310345,0.8019999999999999,1.1964000000000001,2.6500000000000004,0.2727272727272727,0.4827586206896552,0.7460815047021944,238
3,validation,persistence,origin_falling,981,0.23329255861365955,0.28906506821048283,0.17520897043832823,0.48,0.7,1.1300000000000001,0.14067278287461774,0.5708460754332314,0.910295616717635,893
3,validation,persistence,origin_stable,2132,0.11170731707317073,0.1952372186061886,0.008499061913696059,0.2599999999999998,0.5899999999999999,1.4900000000000002,0.649155722326454,0.8667917448405253,0.9709193245778611,2070
3,test,persistence,water_ge_7m,80,0.5765,0.8268418833126441,-0.07350000000000001,1.1650000000000007,2.5454000000000003,2.87,0.1,0.1875,0.625,50
3,test,persistence,water_ge_9m,47,0.6306382978723407,0.8985022999295679,-0.16468085106382982,1.1800000000000004,2.7688000000000006,2.87,0.0851063829787234,0.14893617021276595,0.5957446808510638,28
3,test,persistence,rapid_target_rise_ge_1m,58,1.3924137931034481,1.4550909439524438,-1.3924137931034481,1.9190000000000014,2.7082,2.87,0.0,0.0,0.0,0
3,test,persistence,origin_rising,190,0.5711578947368422,0.7735747505812492,-0.538,1.161,2.3066000000000004,2.87,0.15263157894736842,0.29473684210526313,0.5421052631578948,103
3,test,persistence,origin_falling,358,0.3913407821229051,0.4764574816744674,0.18653631284916197,0.6729999999999999,1.1988000000000012,1.4699999999999998,0.11452513966480447,0.28212290502793297,0.6731843575418994,241
3,test,persistence,origin_stable,221,0.3201357466063348,0.4803199348548887,-0.066289592760181,0.7500000000000004,1.4379999999999997,2.1499999999999995,0.33031674208144796,0.48868778280542985,0.8054298642533937,178
3,stress_current,persistence,water_ge_7m,42,1.5145238095238096,1.8289425776609154,-0.07261904761904765,2.577999999999999,4.3024000000000004,4.860000000000001,0.0,0.023809523809523808,0.11904761904761904,5
3,stress_current,persistence,water_ge_9m,38,1.621842105263158,1.9159627235138834,-0.1323684210526316,2.718000000000001,4.3568,4.860000000000001,0.0,0.02631578947368421,0.05263157894736842,2
3,stress_current,persistence,rapid_target_rise_ge_1m,13,2.5076923076923077,2.7585085156238383,-2.5076923076923077,4.180000000000001,4.6968000000000005,4.860000000000001,0.0,0.0,0.0,0
3,stress_current,persistence,origin_rising,18,1.9194444444444452,2.356208111917678,-1.7838888888888889,4.18,4.628800000000001,4.860000000000001,0.0,0.05555555555555555,0.16666666666666666,3
3,stress_current,persistence,origin_falling,25,1.1376,1.2585737960088,1.1223999999999998,1.9780000000000004,2.1271999999999998,2.1799999999999997,0.0,0.04,0.16,4
3,stress_current,persistence,origin_stable,1,1.0199999999999996,1.0199999999999996,1.0199999999999996,1.0199999999999996,1.0199999999999996,1.0199999999999996,0.0,0.0,0.0,0
3,stress_current,persistence,pre_peak,12,2.405,2.7858481652810876,-2.3700000000000006,4.180000000000001,4.710400000000001,4.860000000000001,0.0,0.08333333333333333,0.16666666666666666,2
3,stress_current,persistence,peak_window,7,0.8400000000000004,0.9881873737881325,-0.5514285714285714,1.5,1.6200000000000017,1.6500000000000021,0.0,0.14285714285714285,0.2857142857142857,2
3,stress_current,persistence,recession,25,1.1708,1.274433207351409,1.1708,1.9780000000000004,2.1271999999999998,2.1799999999999997,0.0,0.0,0.12,3
3,validation,local_trend_2h,water_ge_7m,15,0.2853333333333332,0.37208421985709994,-0.050666666666666596,0.4359999999999996,0.8899999999999995,1.0650000000000004,0.13333333333333333,0.4666666666666667,0.9333333333333333,14
3,validation,local_trend_2h,water_ge_9m,3,0.2183333333333337,0.2348935929309276,0.12166666666666733,0.30600000000000127,0.33320000000000155,0.34000000000000163,0.0,0.6666666666666666,1.0,3
3,validation,local_trend_2h,rapid_target_rise_ge_1m,44,0.9820454545454548,1.0591656235838747,-0.9820454545454548,1.3830000000000005,1.5539000000000003,1.8850000000000007,0.0,0.045454545454545456,0.13636363636363635,6
3,validation,local_trend_2h,origin_rising,319,0.37819749216300946,0.48816358260892423,0.1638087774294671,0.7659999999999997,1.1709999999999998,1.9350000000000005,0.14733542319749215,0.3448275862068966,0.7147335423197492,228
3,validation,local_trend_2h,origin_falling,981,0.14873088685015293,0.25171729243519847,-0.10486748216106015,0.35000000000000053,0.9519999999999997,1.4,0.6055045871559633,0.8134556574923547,0.9439347604485219,926
3,validation,local_trend_2h,origin_stable,2132,0.09789340994371482,0.18891822338730124,-0.027553353658536582,0.2400000000000004,0.5695000000000029,1.3950000000000005,0.7453095684803002,0.8724202626641651,0.9727954971857411,2074
3,test,local_trend_2h,water_ge_7m,80,0.32131250000000017,0.45363359388387464,0.031312499999999965,0.6380000000000026,1.3043999999999991,1.5999999999999996,0.2,0.45,0.825,66
3,test,local_trend_2h,water_ge_9m,47,0.33457446808510644,0.49330787503796064,0.07946808510638285,0.8389999999999991,1.3653999999999968,1.5999999999999996,0.14893617021276595,0.48936170212765956,0.8297872340425532,39
3,test,local_trend_2h,rapid_target_rise_ge_1m,58,1.0591379310344828,1.153916120778761,-0.9501724137931036,1.5999999999999999,1.6935999999999998,2.1499999999999995,0.017241379310344827,0.017241379310344827,0.13793103448275862,8
3,test,local_trend_2h,origin_rising,190,0.4827894736842105,0.608216763645123,0.1483684210526316,0.9950000000000002,1.3098999999999992,1.755,0.15789473684210525,0.2894736842105263,0.5473684210526316,104
3,test,local_trend_2h,origin_falling,358,0.3508379888268156,0.4816932135242381,-0.2278491620111732,0.7944999999999997,1.457300000000001,1.6799999999999993,0.23184357541899442,0.3854748603351955,0.7960893854748603,285
3,test,local_trend_2h,origin_stable,221,0.29502262443438915,0.4631390045726672,-0.09126696832579184,0.7799999999999998,1.3969999999999996,2.1499999999999995,0.34841628959276016,0.5429864253393665,0.8371040723981901,185
3,stress_current,local_trend_2h,water_ge_7m,42,0.6907142857142858,1.0286983221990977,0.12595238095238076,1.3484999999999967,2.8435000000000006,3.315000000000003,0.09523809523809523,0.30952380952380953,0.5476190476190477,23
3,stress_current,local_trend_2h,water_ge_9m,38,0.7409210526315791,1.078422031927839,0.16171052631578928,1.6530000000000027,2.8895,3.315000000000003,0.07894736842105263,0.3157894736842105,0.5,19
3,stress_current,local_trend_2h,rapid_target_rise_ge_1m,13,1.240769230769231,1.6398909438411784,0.0699999999999996,2.7180000000000004,3.1770000000000023,3.315000000000003,0.0,0.15384615384615385,0.3076923076923077,4
3,stress_current,local_trend_2h,origin_rising,18,1.1625000000000005,1.490141212547769,0.3169444444444445,2.6630000000000007,3.119500000000002,3.315000000000003,0.0,0.1111111111111111,0.2777777777777778,5
3,stress_current,local_trend_2h,origin_falling,25,0.3213999999999999,0.4020584534616825,-0.05180000000000017,0.7100000000000003,0.7883999999999988,0.8100000000000005,0.16,0.44,0.8,20
3,stress_current,local_trend_2h,origin_stable,1,0.884999999999998,0.884999999999998,0.884999999999998,0.884999999999998,0.884999999999998,0.884999999999998,0.0,0.0,0.0,0
3,stress_current,local_trend_2h,pre_peak,12,1.3150000000000002,1.701010728949116,-0.02250000000000052,2.729,3.188500000000002,3.315000000000003,0.0,0.08333333333333333,0.3333333333333333,4
3,stress_current,local_trend_2h,peak_window,7,0.7942857142857151,0.8799634732679054,0.7942857142857151,1.1939999999999984,1.1987999999999992,1.1999999999999993,0.0,0.14285714285714285,0.2857142857142857,2
3,stress_current,local_trend_2h,recession,25,0.3401999999999999,0.4313826607549262,0.00019999999999974704,0.7629999999999988,0.8489999999999992,0.884999999999998,0.16,0.44,0.76,19
4,validation,contemporaneous,water_ge_7m,15,0.18390347300554755,0.29618821774867377,-0.03749921741585691,0.249061323836305,0.7977446326922579,1.0096145460422683,0.4,0.7333333333333333,0.9333333333333333,14
4,validation,contemporaneous,water_ge_9m,3,0.10256445046481133,0.10380766212832626,0.04604440888542882,0.11874690330179405,0.12263504132265482,0.12360707582787,0.6666666666666666,1.0,1.0,3
4,validation,contemporaneous,rapid_target_rise_ge_1m,72,0.22691190095465844,0.32291868491997067,-0.1764944665439141,0.458071621306851,0.969984536450785,1.0619201103231317,0.3611111111111111,0.5416666666666666,0.9166666666666666,66
4,validation,contemporaneous,origin_rising,318,0.12265609575057233,0.18407202320304947,-0.02394272041407975,0.2679997552079472,0.43344812816904166,1.0619201103231317,0.5691823899371069,0.8144654088050315,0.9811320754716981,312
4,validation,contemporaneous,origin_falling,981,0.08392254741238367,0.1181482179122694,0.043725926936488704,0.19289323368104472,0.2959587249636523,1.0096145460422683,0.7033639143730887,0.910295616717635,0.9959225280326198,977
4,validation,contemporaneous,origin_stable,2135,0.06542491167171433,0.09420692787106334,0.010110929063986132,0.1338169642737721,0.2696594760737992,0.8163635037497574,0.8173302107728337,0.9526932084309133,0.9981264637002342,2131
4,test,contemporaneous,water_ge_7m,81,0.2721537630323669,0.3982147125484693,-0.12416675349526803,0.6019631006737676,1.1003073012274693,1.3332902307809995,0.32098765432098764,0.5555555555555556,0.8395061728395061,68
4,test,contemporaneous,water_ge_9m,47,0.2691884996857588,0.41669387962020915,-0.13838680231872863,0.6774551425000742,1.1838881013889582,1.3332902307809995,0.3617021276595745,0.574468085106383,0.8297872340425532,39
4,test,contemporaneous,rapid_target_rise_ge_1m,95,0.2699572998099819,0.3842862808975256,-0.11544527367778439,0.65885541687084,1.0673656229245378,1.3332902307809995,0.29473684210526313,0.5263157894736842,0.8736842105263158,83
4,test,contemporaneous,origin_rising,190,0.17430425000266025,0.2761885015063685,0.01897216610801407,0.35612606624715737,0.9710851597458217,1.3332902307809995,0.46842105263157896,0.7157894736842105,0.9421052631578948,179
4,test,contemporaneous,origin_falling,358,0.10704812460023937,0.1526342999420359,-0.01868677810505876,0.2487615486071896,0.37210340978501893,0.7624761490498746,0.6201117318435754,0.8435754189944135,0.9860335195530726,353
4,test,contemporaneous,origin_stable,221,0.09589000392667374,0.1360368269785476,-0.03860753447637652,0.236150227480179,0.33392488425555955,0.4034505213619135,0.6289592760180995,0.8235294117647058,1.0,221
4,stress_current,contemporaneous,water_ge_7m,41,0.4765196791123751,0.722438212916878,-0.0820778107814185,1.2104920098863552,1.9087885817816868,2.4836255941765693,0.1951219512195122,0.4634146341463415,0.7073170731707317,29
4,stress_current,contemporaneous,water_ge_9m,37,0.5027244824154514,0.755099226725157,-0.0656402499406076,1.25613208386492,1.966272283021174,2.4836255941765693,0.1891891891891892,0.4594594594594595,0.6756756756756757,25
4,stress_current,contemporaneous,rapid_target_rise_ge_1m,13,0.838917415550753,1.1128659136369938,0.04909099196799934,1.7420285888537468,2.3111744904581037,2.4836255941765693,0.15384615384615385,0.23076923076923078,0.46153846153846156,6
4,stress_current,contemporaneous,origin_rising,18,0.7298691433366985,0.9920630522921886,0.15834394885748418,1.6844017392807047,2.2393198639087433,2.4836255941765693,0.16666666666666666,0.2777777777777778,0.5,9
4,stress_current,contemporaneous,origin_falling,24,0.31614036720584665,0.4625020355501443,-0.3084619946194329,0.8654968012163264,1.2078129974062568,1.2104920098863552,0.20833333333333334,0.5833333333333334,0.8333333333333334,20
4,stress_current,contemporaneous,origin_stable,1,0.02681651734374313,0.02681651734374313,-0.02681651734374313,0.02681651734374313,0.02681651734374313,0.02681651734374313,1.0,1.0,1.0,1
4,stress_current,contemporaneous,pre_peak,11,0.8750326565720759,1.1934688474655115,-0.27922094706886197,1.7650793286829636,2.3399163410778487,2.4836255941765693,0.2727272727272727,0.36363636363636365,0.45454545454545453,5
4,stress_current,contemporaneous,peak_window,7,0.6532243813701432,0.7048541676779301,0.6532243813701432,0.945047820395083,0.954376110911072,0.9567081835400693,0.0,0.0,0.42857142857142855,3
4,stress_current,contemporaneous,recession,25,0.262156000738432,0.38492261754833434,-0.24323414242435754,0.5664729536469036,1.0846027069503514,1.2104920098863552,0.24,0.64,0.88,22
4,validation,lagged,water_ge_7m,15,0.1734278312645164,0.26889667214402485,-0.010078574226068563,0.24112608843607786,0.7153004584364837,0.8917413724253507,0.5333333333333333,0.7333333333333333,0.9333333333333333,14
4,validation,lagged,water_ge_9m,3,0.07738552255789403,0.07848196008261822,0.019653636556226317,0.086648331880858,0.0866584324565293,0.08666095760044712,1.0,1.0,1.0,3
4,validation,lagged,rapid_target_rise_ge_1m,72,0.1998115035141822,0.2882486239930386,-0.1534072561035217,0.43950296915107817,0.837610359101203,0.9492290016019558,0.3888888888888889,0.6666666666666666,0.9166666666666666,66
4,validation,lagged,origin_rising,318,0.10118238886896344,0.1578610047895245,-0.006805164021141924,0.21680588595614986,0.45761462252212753,0.9492290016019558,0.6761006289308176,0.8805031446540881,0.9811320754716981,312
4,validation,lagged,origin_falling,981,0.08070185211059117,0.11448393961926065,0.028116336483200343,0.1815570656672194,0.3062814037476583,0.8917413724253507,0.7206931702344547,0.9194699286442406,0.9959225280326198,977
4,validation,lagged,origin_stable,2135,0.07032986307703208,0.09962729861025435,0.03490840901085068,0.1490160454720582,0.2813499086639187,0.7659223768479757,0.7840749414519906,0.9475409836065574,0.9981264637002342,2131
4,test,lagged,water_ge_7m,81,0.3022882536809565,0.4175071473287609,-0.06824260658496735,0.7773867177386542,1.1196253388209245,1.1947262999531265,0.2962962962962963,0.49382716049382713,0.8024691358024691,65
4,test,lagged,water_ge_9m,47,0.30973854056526495,0.44719470140271506,-0.0686983001519767,0.8370362736740647,1.180990176500552,1.1947262999531265,0.3191489361702128,0.5319148936170213,0.7872340425531915,37
4,test,lagged,rapid_target_rise_ge_1m,95,0.3002958858586708,0.39926694340212354,-0.07486398682709389,0.6728743330488236,1.0915458224786518,1.1947262999531265,0.24210526315789474,0.42105263157894735,0.8526315789473684,81
4,test,lagged,origin_rising,190,0.17988963435702232,0.2832360168323133,-0.010287265629424591,0.41603872859700064,0.9325754665647916,1.1947262999531265,0.5157894736842106,0.6894736842105263,0.9263157894736842,176
4,test,lagged,origin_falling,358,0.1322226452454237,0.17845855256019386,0.030036001579428952,0.29917431997047755,0.4592589770525157,0.6950127630792964,0.5167597765363129,0.770949720670391,0.9888268156424581,354
4,test,lagged,origin_stable,221,0.11289737130932716,0.15903813563345054,-0.0364357239520195,0.2681478929582166,0.3981661494585103,0.5429002683938586,0.5701357466063348,0.7873303167420814,0.995475113122172,220
4,stress_current,lagged,water_ge_7m,41,0.49910971311614954,0.7506508582886112,-0.017571802604926617,1.0470357262575405,2.1213201183503028,2.3702444336580673,0.21951219512195122,0.36585365853658536,0.6829268292682927,28
4,stress_current,lagged,water_ge_9m,37,0.5363850525208127,0.7879693688768264,-0.009102791244037884,1.1033265279262783,2.146212549881079,2.3702444336580673,0.21621621621621623,0.32432432432432434,0.6486486486486487,24
4,stress_current,lagged,rapid_target_rise_ge_1m,13,0.9638381272701003,1.1939251459356142,0.15969862609413682,2.039111416050052,2.2955671390657377,2.3702444336580673,0.0,0.07692307692307693,0.38461538461538464,5
4,stress_current,lagged,origin_rising,18,0.7865231366468515,1.0391601422153989,0.17401198365938184,1.9891673573667794,2.264451599652267,2.3702444336580673,0.1111111111111111,0.16666666666666666,0.4444444444444444,8
4,stress_current,lagged,origin_falling,24,0.2992247645806396,0.4538172365660537,-0.19699884102030865,0.8064055733450252,1.1866870188567755,1.1877627304293856,0.3333333333333333,0.5416666666666666,0.8333333333333334,20
4,stress_current,lagged,origin_stable,1,0.36079673884956875,0.36079673884956875,-0.36079673884956875,0.36079673884956875,0.36079673884956875,0.36079673884956875,0.0,0.0,1.0,1
4,stress_current,lagged,pre_peak,11,1.0277394801240725,1.283968149938349,-0.14735435047772294,2.0590890395233608,2.308013354831126,2.3702444336580673,0.09090909090909091,0.18181818181818182,0.36363636363636365,4
4,stress_current,lagged,peak_window,7,0.5432425528144539,0.6156359889939303,0.5432425528144539,0.8721261069724789,0.8811539841195792,0.8834109534063543,0.14285714285714285,0.14285714285714285,0.42857142857142855,3
4,stress_current,lagged,recession,25,0.2636710158944908,0.38590023174321414,-0.16553412927657313,0.490822688977865,1.066572392415101,1.1877627304293856,0.32,0.52,0.88,22
4,validation,persistence,water_ge_7m,15,0.3813333333333332,0.5266371299734445,-0.1186666666666668,0.7099999999999999,1.2867999999999995,1.4800000000000004,0.2,0.4,0.7333333333333333,11
4,validation,persistence,water_ge_9m,3,0.39333333333333326,0.4086563348340509,-0.39333333333333326,0.49799999999999967,0.5155999999999996,0.5199999999999996,0.0,0.0,0.6666666666666666,2
4,validation,persistence,rapid_target_rise_ge_1m,72,1.3341666666666667,1.3871513575990506,-1.3341666666666667,1.586,2.706399999999999,3.1100000000000003,0.0,0.0,0.0,0
4,validation,persistence,origin_rising,318,0.389874213836478,0.5756970071358346,-0.330125786163522,0.91,1.2965999999999995,3.1100000000000003,0.22327044025157233,0.44025157232704404,0.7232704402515723,230
4,validation,persistence,origin_falling,981,0.29974515800203877,0.37945223141065865,0.18211009174311923,0.6400000000000001,0.9839999999999999,1.4800000000000004,0.10091743119266056,0.4199796126401631,0.8634046890927625,847
4,validation,persistence,origin_stable,2135,0.15847306791569088,0.2655125505883033,0.0044028103044496504,0.3899999999999999,0.82,1.6500000000000004,0.5344262295081967,0.7681498829039812,0.936768149882904,2000
4,test,persistence,water_ge_7m,81,0.7880246913580249,1.1018743850792736,-0.14654320987654323,1.5600000000000005,3.3480000000000008,3.6000000000000005,0.06172839506172839,0.14814814814814814,0.49382716049382713,40
4,test,persistence,water_ge_9m,47,0.8580851063829786,1.2127329782749974,-0.28063829787234046,1.7359999999999998,3.434399999999999,3.6000000000000005,0.0425531914893617,0.14893617021276595,0.5106382978723404,24
4,test,persistence,rapid_target_rise_ge_1m,95,1.4608421052631586,1.5518165925269987,-1.4608421052631586,1.9680000000000004,3.314400000000001,3.6000000000000005,0.0,0.0,0.0,0
4,test,persistence,origin_rising,190,0.660421052631579,0.9242242835566427,-0.6057894736842105,1.3409999999999997,2.7876,3.6000000000000005,0.12631578947368421,0.29473684210526313,0.49473684210526314,94
4,test,persistence,origin_falling,358,0.5146089385474861,0.6292464678632974,0.14622905027932961,0.9730000000000001,1.4372000000000003,2.2399999999999998,0.08379888268156424,0.1871508379888268,0.547486033519553,196
4,test,persistence,origin_stable,221,0.4328959276018099,0.6137198352661376,-0.0669230769230769,1.0,1.5979999999999992,2.67,0.248868778280543,0.3936651583710407,0.6787330316742082,150
4,stress_current,persistence,water_ge_7m,41,1.9997560975609754,2.385531080616089,-0.05439024390243904,3.619999999999999,5.560000000000001,5.76,0.0,0.024390243902439025,0.04878048780487805,2
4,stress_current,persistence,water_ge_9m,37,2.138648648648649,2.4999054036157102,-0.13756756756756755,3.995999999999998,5.580000000000001,5.76,0.0,0.02702702702702703,0.05405405405405406,2
4,stress_current,persistence,rapid_target_rise_ge_1m,13,3.201538461538462,3.519864507881824,-3.201538461538462,5.392000000000001,5.7,5.76,0.0,0.0,0.0,0
4,stress_current,persistence,origin_rising,18,2.460555555555556,3.0103811128234983,-2.2183333333333337,5.097,5.675,5.76,0.0,0.05555555555555555,0.16666666666666666,3
4,stress_current,persistence,origin_falling,24,1.5583333333333333,1.6938983637357545,1.4791666666666667,2.5799999999999996,2.7754000000000003,2.780000000000001,0.0,0.0,0.0,0
4,stress_current,persistence,origin_stable,1,1.5199999999999996,1.5199999999999996,1.5199999999999996,1.5199999999999996,1.5199999999999996,1.5199999999999996,0.0,0.0,0.0,0
4,stress_current,persistence,pre_peak,11,3.258181818181818,3.681017645854324,-3.209090909090909,5.510000000000001,5.71,5.76,0.0,0.0,0.09090909090909091,1
4,stress_current,persistence,peak_window,7,1.18,1.3978146208584725,-0.9600000000000001,2.1120000000000005,2.2224000000000017,2.2500000000000018,0.0,0.14285714285714285,0.2857142857142857,2
4,stress_current,persistence,recession,25,1.5644,1.6919869975859743,1.5644,2.57,2.7752000000000003,2.780000000000001,0.0,0.0,0.0,0
4,validation,local_trend_2h,water_ge_7m,15,0.44666666666666666,0.6110210034578738,-0.0813333333333332,0.6400000000000016,1.5295999999999998,1.8600000000000012,0.13333333333333333,0.2,0.7333333333333333,11
4,validation,local_trend_2h,water_ge_9m,3,0.24666666666666615,0.27724838442571004,-0.040000000000000334,0.3499999999999993,0.3579999999999994,0.35999999999999943,0.3333333333333333,0.3333333333333333,1.0,3
4,validation,local_trend_2h,rapid_target_rise_ge_1m,72,1.1597222222222223,1.2699146952978115,-1.1572222222222224,1.6739999999999997,1.9818000000000002,2.0900000000000007,0.05555555555555555,0.08333333333333333,0.1388888888888889,10
4,validation,local_trend_2h,origin_rising,318,0.5135849056603773,0.6673306441931506,0.3045283018867925,1.0499999999999994,1.6659999999999966,2.58,0.14150943396226415,0.2358490566037736,0.6069182389937107,193
4,validation,local_trend_2h,origin_falling,981,0.23984709480122327,0.39381960818634837,-0.1902446483180428,0.5999999999999996,1.4000000000000001,1.8600000000000012,0.38328236493374107,0.6819571865443425,0.8746177370030581,858
4,validation,local_trend_2h,origin_stable,2135,0.14627166276346606,0.2629196211131386,-0.043674473067915685,0.3699999999999998,0.8599999999999998,1.7800000000000007,0.6103044496487119,0.7925058548009367,0.9377049180327869,2002
4,test,local_trend_2h,water_ge_7m,81,0.4754320987654322,0.6638784285554356,0.017407407407407278,0.8400000000000007,1.8799999999999997,2.3900000000000006,0.12345679012345678,0.24691358024691357,0.654320987654321,53
4,test,local_trend_2h,water_ge_9m,47,0.4963829787234042,0.7226767618566821,0.09893617021276578,1.0959999999999985,2.0864,2.3900000000000006,0.1276595744680851,0.2553191489361702,0.7021276595744681,33
4,test,local_trend_2h,rapid_target_rise_ge_1m,95,1.2517894736842103,1.387523352103156,-1.009052631578947,1.8500000000000003,2.5467999999999993,2.6999999999999997,0.05263157894736842,0.05263157894736842,0.1368421052631579,13
4,test,local_trend_2h,origin_rising,190,0.6702105263157894,0.8382280810074747,0.3093684210526315,1.3920000000000003,1.797399999999997,2.5299999999999985,0.08421052631578947,0.16842105263157894,0.45789473684210524,87
4,test,local_trend_2h,origin_falling,358,0.5453351955307263,0.7330454191877737,-0.4062849162011173,1.303,1.8099999999999992,2.6999999999999997,0.1564245810055866,0.30726256983240224,0.5782122905027933,207
4,test,local_trend_2h,origin_stable,221,0.4006787330316743,0.5927255093310603,-0.10095022624434385,1.0099999999999998,1.5459999999999996,2.67,0.29411764705882354,0.4117647058823529,0.6968325791855203,154
4,stress_current,local_trend_2h,water_ge_7m,41,1.02609756097561,1.4396298643545378,0.23292682926829247,2.040000000000001,3.6840000000000015,3.700000000000001,0.07317073170731707,0.17073170731707318,0.43902439024390244,18
4,stress_current,local_trend_2h,water_ge_9m,37,1.0991891891891894,1.5108159599583484,0.2959459459459458,2.5999999999999996,3.6856000000000013,3.700000000000001,0.08108108108108109,0.1891891891891892,0.3783783783783784,14
4,stress_current,local_trend_2h,rapid_target_rise_ge_1m,13,1.741538461538462,2.2005873341870847,0.2353846153846149,3.6620000000000017,3.695200000000001,3.700000000000001,0.0,0.0,0.3076923076923077,4
4,stress_current,local_trend_2h,origin_rising,18,1.670555555555556,2.043345568206982,0.5827777777777777,3.6170000000000018,3.6932000000000014,3.700000000000001,0.0,0.0,0.2222222222222222,4
4,stress_current,local_trend_2h,origin_falling,24,0.5191666666666667,0.6418917354196109,-0.12416666666666681,1.105999999999997,1.2178000000000004,1.2499999999999996,0.125,0.2916666666666667,0.5833333333333334,14
4,stress_current,local_trend_2h,origin_stable,1,1.3399999999999999,1.3399999999999999,1.3399999999999999,1.3399999999999999,1.3399999999999999,1.3399999999999999,0.0,0.0,0.0,0
4,stress_current,local_trend_2h,pre_peak,11,1.9872727272727275,2.385593122360674,-0.02000000000000022,3.6800000000000015,3.696000000000001,3.700000000000001,0.0,0.0,0.18181818181818182,2
4,stress_current,local_trend_2h,peak_window,7,1.1199999999999994,1.2812493902437567,1.1199999999999994,1.839999999999997,1.8639999999999974,1.8699999999999974,0.0,0.0,0.2857142857142857,2
4,stress_current,local_trend_2h,recession,25,0.5668000000000002,0.7140336126541945,0.049200000000000015,1.1599999999999993,1.4856000000000023,1.6200000000000045,0.12,0.28,0.56,14
5,validation,contemporaneous,water_ge_7m,15,0.23815964900013262,0.34717044033769,-0.004035232958760796,0.42208056070015476,0.8872430504012998,1.0481943440050703,0.26666666666666666,0.6666666666666666,0.9333333333333333,14
5,validation,contemporaneous,water_ge_9m,3,0.1176149805619513,0.1341800014157464,-0.027028863203604796,0.17596238953723145,0.18397903223717377,0.18598319291215937,0.3333333333333333,1.0,1.0,3
5,validation,contemporaneous,rapid_target_rise_ge_1m,106,0.2273027812878165,0.33813270462576267,-0.12070159554270515,0.4095259553028945,1.0431191115907403,1.3038528287095312,0.32075471698113206,0.5943396226415094,0.9150943396226415,97
5,validation,contemporaneous,origin_rising,319,0.13747145335475197,0.21097728054437243,0.01999288930685382,0.30737581035689804,0.4234210115959551,1.3038528287095312,0.5203761755485894,0.786833855799373,0.9811912225705329,313
5,validation,contemporaneous,origin_falling,979,0.14263975240696608,0.1825529005872732,0.09604604943730137,0.29500028949725604,0.4267199958038447,1.0481943440050703,0.432073544433095,0.7711950970377937,0.9897854954034729,969
5,validation,contemporaneous,origin_stable,2132,0.09629137014815871,0.12682976748700922,0.06350495590257518,0.2004960019837184,0.3165358598190738,0.932030467333441,0.6097560975609756,0.8986866791744841,0.99812382739212,2128
5,test,contemporaneous,water_ge_7m,79,0.38389696230268117,0.5595297723812561,-0.1407150521227784,1.1077219470572615,1.5576033589557376,1.7177394629799956,0.3037974683544304,0.4810126582278481,0.7468354430379747,59
5,test,contemporaneous,water_ge_9m,47,0.3748341012861561,0.5781788239225786,-0.15682233841927257,1.1107532517264107,1.5553701060897398,1.7177394629799956,0.3191489361702128,0.5957446808510638,0.7659574468085106,36
5,test,contemporaneous,rapid_target_rise_ge_1m,126,0.3408512747000184,0.48383334485944063,-0.08883337683240272,0.7663647858414913,1.5015678224145703,1.7177394629799956,0.21428571428571427,0.3888888888888889,0.8571428571428571,108
5,test,contemporaneous,origin_rising,190,0.23770344922335748,0.3801218597764882,0.03687720373028629,0.4786916568855507,1.3083340661452048,1.7177394629799956,0.37894736842105264,0.6263157894736842,0.9052631578947369,172
5,test,contemporaneous,origin_falling,358,0.14078327802933593,0.20504448274946596,-0.04069079460986259,0.34023591157992866,0.48402684644449634,1.2090552266032835,0.5363128491620112,0.7402234636871509,0.9804469273743017,351
5,test,contemporaneous,origin_stable,221,0.12725663880557547,0.1829321239933244,-0.024534395674492435,0.3195742974166613,0.47245527254847225,0.7206234930181905,0.5656108597285068,0.7601809954751131,0.9819004524886877,217
5,stress_current,contemporaneous,water_ge_7m,40,0.5803406092336425,0.880485437263442,0.03263604808707532,1.4706355010973442,2.354861569088684,2.606279842343371,0.2,0.425,0.65,26
5,stress_current,contemporaneous,water_ge_9m,36,0.6113779326783393,0.9214446455653962,0.06970724212245827,1.5261168374293215,2.3806480586532666,2.606279842343371,0.19444444444444445,0.4444444444444444,0.6111111111111112,22
5,stress_current,contemporaneous,rapid_target_rise_ge_1m,14,1.088560274626182,1.4043347899242937,0.04441409205849624,2.241790350457616,2.5224737512584756,2.606279842343371,0.14285714285714285,0.2857142857142857,0.42857142857142855,6
5,stress_current,contemporaneous,origin_rising,18,0.9273039692072305,1.2154557867319289,0.33995121072268286,2.042828186646996,2.496687261693892,2.606279842343371,0.1111111111111111,0.2777777777777778,0.4444444444444444,8
5,stress_current,contemporaneous,origin_falling,23,0.37467434338444894,0.6254927335638246,-0.31505692400743035,1.0638721623496423,1.76740612112948,2.143420815024533,0.2608695652173913,0.5217391304347826,0.782608695652174,18
5,stress_current,contemporaneous,origin_stable,1,0.16863620420942382,0.16863620420942382,0.16863620420942382,0.16863620420942382,0.16863620420942382,0.16863620420942382,0.0,1.0,1.0,1
5,stress_current,contemporaneous,pre_peak,10,1.1378921801350295,1.5192082351774412,-0.336369712217875,2.3161818347418093,2.548260240823059,2.606279842343371,0.1,0.4,0.5,5
5,stress_current,contemporaneous,peak_window,7,0.9122622290867584,1.03371471640284,0.8956090349093471,1.3937546700023689,1.4441630676119537,1.4567651670143498,0.14285714285714285,0.14285714285714285,0.2857142857142857,2
5,stress_current,contemporaneous,recession,25,0.30851440571297173,0.4498477641049117,-0.1545646950855945,0.659179754464853,1.2365875052338344,1.2888419652630514,0.24,0.52,0.8,20
5,validation,lagged,water_ge_7m,15,0.20193746830030676,0.3051082113010727,0.02652869441989368,0.4277783758386601,0.7660335663513184,0.896196491481664,0.4666666666666667,0.6,0.9333333333333333,14
5,validation,lagged,water_ge_9m,3,0.09091488741181426,0.10633307196195943,-0.04181039489093289,0.1470598966934201,0.1617405282758397,0.1654106861714446,0.6666666666666666,1.0,1.0,3
5,validation,lagged,rapid_target_rise_ge_1m,106,0.21026150158907925,0.326476243668142,-0.12090381772135655,0.44975715455366805,1.0973532989290045,1.2516053697863736,0.42452830188679247,0.6792452830188679,0.9150943396226415,97
5,validation,lagged,origin_rising,319,0.11838578547522068,0.19328440765759447,0.02457460967836844,0.2415949186630237,0.42655170966193484,1.2516053697863736,0.5893416927899686,0.8526645768025078,0.9843260188087775,314
5,validation,lagged,origin_falling,979,0.13531719376134765,0.1769358837520466,0.07908579982715445,0.28166594136748574,0.43711835981263836,1.0135448876106543,0.4770173646578141,0.7865168539325843,0.9897854954034729,969
5,validation,lagged,origin_stable,2132,0.1034856245422037,0.13255121068070547,0.07844644448758532,0.2089709694110618,0.3263933701271817,0.9000841184540675,0.5769230769230769,0.8883677298311444,0.99812382739212,2128
5,test,lagged,water_ge_7m,79,0.4168188026281261,0.5647986974504582,-0.0859306219258275,0.9798082130421218,1.50390874062095,1.590533167042894,0.189873417721519,0.3670886075949367,0.7088607594936709,56
5,test,lagged,water_ge_9m,47,0.4159240038723653,0.5914220328494704,-0.09657114199996282,1.0337828285685535,1.5313235458989705,1.590533167042894,0.2127659574468085,0.40425531914893614,0.723404255319149,34
5,test,lagged,rapid_target_rise_ge_1m,126,0.3603161822838317,0.4870797529788711,-0.05223237420057236,0.7695979708759515,1.3963929045441863,1.590533167042894,0.16666666666666666,0.3492063492063492,0.8015873015873016,101
5,test,lagged,origin_rising,190,0.23740260218474493,0.37734166547408265,0.012746851635116099,0.513487176128473,1.245801434469915,1.590533167042894,0.4263157894736842,0.6105263157894737,0.8842105263157894,168
5,test,lagged,origin_falling,358,0.15191227515108538,0.21616481260572737,-0.00020623832960255144,0.35970162231196867,0.54994614029262,1.1696911591257337,0.49162011173184356,0.7346368715083799,0.9720670391061452,348
5,test,lagged,origin_stable,221,0.1367719030429951,0.20314766301615225,-0.015395958966715006,0.31786846992815887,0.5885172534245153,0.9121641420971747,0.5520361990950227,0.7330316742081447,0.9638009049773756,213
5,stress_current,lagged,water_ge_7m,40,0.5938694563613443,0.873508760140231,0.06153577387124272,1.3900767805896175,2.262472512101141,2.307936635715505,0.325,0.375,0.65,26
5,stress_current,lagged,water_ge_9m,36,0.6347746467994931,0.9167901371727672,0.0912776178645105,1.4633577017383415,2.2671354991385115,2.307936635715505,0.3333333333333333,0.3888888888888889,0.6111111111111112,22
5,stress_current,lagged,rapid_target_rise_ge_1m,14,1.1977351473263906,1.4146154326241898,0.2546559513241937,2.214389294665132,2.29278192784405,2.307936635715505,0.07142857142857142,0.14285714285714285,0.2857142857142857,4
5,stress_current,lagged,origin_rising,18,0.9490035196436124,1.1895811126870497,0.4264501042047978,2.0028844162383375,2.2881189408066795,2.307936635715505,0.1111111111111111,0.2222222222222222,0.3888888888888889,7
5,stress_current,lagged,origin_falling,23,0.3789067581653013,0.6446618859971379,-0.31551354164216694,1.1796385875745568,1.7962226421139118,2.1321159541375723,0.4782608695652174,0.5217391304347826,0.8260869565217391,19
5,stress_current,lagged,origin_stable,1,0.2462470739413476,0.2462470739413476,-0.2462470739413476,0.2462470739413476,0.2462470739413476,0.2462470739413476,0.0,0.0,1.0,1
5,stress_current,lagged,pre_peak,10,1.2670756297888128,1.5240751302404358,-0.08448957596165574,2.255478031545085,2.297444914881421,2.307936635715505,0.0,0.2,0.4,4
5,stress_current,lagged,peak_window,7,0.8804737664249755,0.9777558894119543,0.8804737664249755,1.3339935002349776,1.3642039402889443,1.371756550302436,0.14285714285714285,0.14285714285714285,0.14285714285714285,1
5,stress_current,lagged,recession,25,0.2883637280986139,0.4547942547184998,-0.205815090455324,0.628295841822867,1.3335791519001186,1.36872206317471,0.48,0.52,0.88,22
5,validation,persistence,water_ge_7m,15,0.49266666666666675,0.6963763350373131,-0.13133333333333344,1.0080000000000002,1.7559999999999996,1.9800000000000004,0.06666666666666667,0.4,0.6666666666666666,10
5,validation,persistence,water_ge_9m,3,0.5033333333333333,0.5079041904401524,-0.5033333333333333,0.562,0.5684000000000002,0.5700000000000003,0.0,0.0,0.3333333333333333,1
5,validation,persistence,rapid_target_rise_ge_1m,106,1.3700943396226415,1.4320479463882196,-1.3700943396226415,1.6600000000000001,3.103999999999995,3.41,0.0,0.0,0.0,0
5,validation,persistence,origin_rising,319,0.41946708463949844,0.6289272849706589,-0.3279310344827586,0.98,1.4267999999999985,3.41,0.20376175548589343,0.4043887147335423,0.7115987460815048,227
5,validation,persistence,origin_falling,979,0.35970377936670067,0.4628025609466684,0.16387129724208377,0.7999999999999998,1.233199999999998,1.9800000000000004,0.09908069458631256,0.313585291113381,0.8018386108273748,785
5,validation,persistence,origin_stable,2132,0.20148686679174485,0.32207458997927635,0.0014305816135084415,0.49,1.0,1.7600000000000002,0.45075046904315197,0.6693245778611632,0.9047842401500938,1929
5,test,persistence,water_ge_7m,79,1.0010126582278485,1.377874900165588,-0.2136708860759495,2.0820000000000003,3.9776,4.1499999999999995,0.05063291139240506,0.10126582278481013,0.3670886075949367,29
5,test,persistence,water_ge_9m,47,1.090212765957447,1.5286832047306373,-0.42000000000000004,2.477999999999998,4.1408000000000005,4.1499999999999995,0.0425531914893617,0.0851063829787234,0.3829787234042553,18
5,test,persistence,rapid_target_rise_ge_1m,126,1.5308730158730157,1.6478969281221099,-1.5308730158730157,2.0999999999999996,3.825,4.1499999999999995,0.0,0.0,0.0,0
5,test,persistence,origin_rising,190,0.7238947368421054,1.0523952629471895,-0.643578947368421,1.5110000000000001,3.3164,4.1499999999999995,0.14210526315789473,0.24736842105263157,0.5,95
5,test,persistence,origin_falling,358,0.6219553072625699,0.7601793378528017,0.07782122905027931,1.1660000000000004,1.5972000000000002,2.7600000000000002,0.08659217877094973,0.14804469273743018,0.4860335195530726,174
5,test,persistence,origin_stable,221,0.5253393665158371,0.7170843428433863,-0.06162895927601809,1.2399999999999998,1.7039999999999993,2.9399999999999995,0.167420814479638,0.3257918552036199,0.5746606334841629,127
5,stress_current,persistence,water_ge_7m,40,2.4515000000000002,2.881557738446342,0.010000000000000009,4.346000000000001,6.429799999999999,6.5,0.0,0.0,0.05,2
5,stress_current,persistence,water_ge_9m,36,2.616388888888889,3.0199701065481497,-0.09638888888888886,4.89,6.436999999999999,6.5,0.0,0.0,0.05555555555555555,2
5,stress_current,persistence,rapid_target_rise_ge_1m,14,3.6007142857142855,4.008812613658635,-3.6007142857142855,6.2540000000000004,6.4765999999999995,6.5,0.0,0.0,0.0,0
5,stress_current,persistence,origin_rising,18,2.9038888888888885,3.542220740972784,-2.5216666666666665,6.046,6.469399999999999,6.5,0.0,0.0,0.16666666666666666,3
5,stress_current,persistence,origin_falling,23,1.9917391304347827,2.141542515997777,1.8317391304347828,3.189999999999999,3.3480000000000008,3.370000000000001,0.0,0.0,0.0,0
5,stress_current,persistence,origin_stable,1,2.0599999999999987,2.0599999999999987,2.0599999999999987,2.0599999999999987,2.0599999999999987,2.0599999999999987,0.0,0.0,0.0,0
5,stress_current,persistence,pre_peak,10,4.032000000000001,4.488353818495151,-3.9840000000000004,6.419,6.4838,6.5,0.0,0.0,0.1,1
5,stress_current,persistence,peak_window,7,1.577142857142857,1.8463322715976282,-1.4485714285714286,2.708,2.8136000000000014,2.8400000000000016,0.0,0.0,0.2857142857142857,2
5,stress_current,persistence,recession,25,1.9512,2.1001180919176905,1.9512,3.1699999999999995,3.3460000000000005,3.370000000000001,0.0,0.0,0.0,0
5,validation,local_trend_2h,water_ge_7m,15,0.6140000000000002,0.8226218248178608,-0.08466666666666652,0.9160000000000017,2.0364,2.455000000000002,0.13333333333333333,0.13333333333333333,0.4666666666666667,7
5,validation,local_trend_2h,water_ge_9m,3,0.27999999999999997,0.34358405085219007,-0.27000000000000074,0.4620000000000008,0.48840000000000094,0.495000000000001,0.3333333333333333,0.3333333333333333,1.0,3
5,validation,local_trend_2h,rapid_target_rise_ge_1m,106,1.3531603773584904,1.448007984315525,-1.326462264150943,1.9474999999999998,2.2184999999999997,2.455000000000002,0.0,0.02830188679245283,0.09433962264150944,10
5,validation,local_trend_2h,origin_rising,319,0.6655329153605016,0.8564560737536937,0.46289968652037616,1.3960000000000001,2.16,2.9450000000000003,0.07836990595611286,0.18808777429467086,0.47962382445141066,153
5,validation,local_trend_2h,origin_falling,979,0.35127681307456593,0.552782727313304,-0.3010929519918284,0.931000000000001,1.736599999999999,2.455000000000002,0.23289070480081717,0.5383043922369765,0.8089887640449438,792
5,validation,local_trend_2h,origin_stable,2132,0.19268351313320825,0.3251152345227898,-0.058867847091932456,0.49499999999999966,1.0599999999999998,1.985000000000001,0.5112570356472795,0.7274859287054409,0.9038461538461539,1927
5,test,local_trend_2h,water_ge_7m,79,0.6273417721518987,0.883402513014311,0.013544303797468031,1.405000000000002,2.6677999999999993,3.0299999999999994,0.08860759493670886,0.20253164556962025,0.5822784810126582,46
5,test,local_trend_2h,water_ge_9m,47,0.6846808510638294,0.9842428778270085,0.1278723404255317,1.6310000000000002,2.9518000000000018,3.0299999999999994,0.0851063829787234,0.1702127659574468,0.5957446808510638,28
5,test,local_trend_2h,rapid_target_rise_ge_1m,126,1.4617063492063491,1.6164530418505623,-1.159642857142857,2.1550000000000007,2.9875000000000007,3.335,0.0,0.015873015873015872,0.10317460317460317,13
5,test,local_trend_2h,origin_rising,190,0.861157894736842,1.0834643510517545,0.5003684210526316,1.8074999999999997,2.4719999999999995,3.1549999999999985,0.05263157894736842,0.12631578947368421,0.37894736842105264,72
5,test,local_trend_2h,origin_falling,358,0.7564245810055866,0.9925394184649312,-0.6125418994413409,1.798,2.1293000000000006,3.335,0.13687150837988826,0.25139664804469275,0.43575418994413406,156
5,test,local_trend_2h,origin_stable,221,0.4891855203619909,0.6943270448778939,-0.10416289592760176,1.1549999999999998,1.689,2.9399999999999995,0.28054298642533937,0.35294117647058826,0.6018099547511312,133
5,stress_current,local_trend_2h,water_ge_7m,40,1.377375,1.860021001225524,0.406875,2.858500000000002,4.638100000000003,4.720000000000002,0.05,0.1,0.35,14
5,stress_current,local_trend_2h,water_ge_9m,36,1.4774999999999998,1.954120646224281,0.5050000000000002,3.3325000000000005,4.646500000000003,4.720000000000002,0.05555555555555555,0.1111111111111111,0.3055555555555556,11
5,stress_current,local_trend_2h,rapid_target_rise_ge_1m,14,2.2032142857142856,2.68554962451158,0.361785714285714,4.433500000000003,4.692700000000003,4.720000000000002,0.07142857142857142,0.07142857142857142,0.14285714285714285,2
5,stress_current,local_trend_2h,origin_rising,18,2.1658333333333335,2.5859156448388303,0.9797222222222222,4.191500000000001,4.684300000000003,4.720000000000002,0.05555555555555555,0.05555555555555555,0.1111111111111111,2
5,stress_current,local_trend_2h,origin_falling,23,0.742608695652174,0.9303797728557569,-0.20956521739130435,1.5179999999999974,1.9267999999999992,2.215,0.043478260869565216,0.13043478260869565,0.5217391304347826,12
5,stress_current,local_trend_2h,origin_stable,1,1.8350000000000009,1.8350000000000009,1.8350000000000009,1.8350000000000009,1.8350000000000009,1.8350000000000009,0.0,0.0,0.0,0
5,stress_current,local_trend_2h,pre_peak,10,2.6315,3.077650483729432,0.05350000000000001,4.625500000000003,4.701100000000003,4.720000000000002,0.1,0.1,0.1,1
5,stress_current,local_trend_2h,peak_window,7,1.4407142857142854,1.646683897152959,1.4407142857142854,2.449000000000001,2.6097999999999963,2.649999999999995,0.0,0.0,0.14285714285714285,1
5,stress_current,local_trend_2h,recession,25,0.86,1.094370138481492,0.16120000000000004,1.7250000000000012,2.4064,2.559999999999995,0.04,0.12,0.48,12
6,validation,contemporaneous,water_ge_7m,16,0.2796158551710507,0.3470584985177597,0.0609499251866239,0.5412569374464913,0.7081007645988686,0.7151579250778033,0.3125,0.3125,0.875,14
6,validation,contemporaneous,water_ge_9m,3,0.1534688659507939,0.2022673603879668,-0.12708330736204645,0.2870423733285577,0.3279107697786523,0.33812786889117596,0.6666666666666666,0.6666666666666666,1.0,3
6,validation,contemporaneous,rapid_target_rise_ge_1m,149,0.26218762763088416,0.3859107495151423,-0.17200757951873274,0.48710229519586445,1.356473209848426,1.5092131144003584,0.2751677852348993,0.5033557046979866,0.9194630872483222,137
6,validation,contemporaneous,origin_rising,320,0.16470632073499133,0.26010538703626507,-0.0177797148524436,0.35016247308170345,0.5459428049462135,1.5092131144003584,0.465625,0.71875,0.971875,311
6,validation,contemporaneous,origin_falling,977,0.18382262358020718,0.2327232038020588,0.11574716379123531,0.3840012810884839,0.5474558410037895,1.3416943984243894,0.30808597748208805,0.6591606960081884,0.9651995905834186,943
6,validation,contemporaneous,origin_stable,2132,0.11191687132369146,0.1517565119571079,0.05930868653499042,0.2431428157269455,0.4029757660303452,1.0850284666804915,0.5914634146341463,0.849437148217636,0.9948405253283302,2121
6,test,contemporaneous,water_ge_7m,77,0.5218243762500435,0.7059859866180801,-0.09420200481773044,1.1125029857303386,1.943766695350075,2.3209503317644042,0.1038961038961039,0.2077922077922078,0.6363636363636364,49
6,test,contemporaneous,water_ge_9m,46,0.5522673489979756,0.7624099953205901,-0.1283150663091183,1.323355420154427,1.9965954668946615,2.3209503317644042,0.08695652173913043,0.1956521739130435,0.6956521739130435,32
6,test,contemporaneous,rapid_target_rise_ge_1m,147,0.38834689466542,0.5554097484650113,-0.09543091866030234,0.7341868837483275,1.7610694237754811,2.3209503317644042,0.17687074829931973,0.3333333333333333,0.8027210884353742,118
6,test,contemporaneous,origin_rising,190,0.31007857973014624,0.47478475904364675,0.06156951783961867,0.5939496659215563,1.597254838304335,2.3209503317644042,0.2631578947368421,0.48947368421052634,0.8473684210526315,161
6,test,contemporaneous,origin_falling,357,0.19276627219195802,0.27094489474400146,-0.06845602578110473,0.4287357692854645,0.6788955292031703,1.4568565700056153,0.38375350140056025,0.6218487394957983,0.9327731092436975,333
6,test,contemporaneous,origin_stable,221,0.15706533475527854,0.22430108484637798,-0.006248984721924842,0.3577970323265278,0.5882911967101964,0.9237983133255518,0.5203619909502263,0.7058823529411765,0.9592760180995475,212
6,stress_current,contemporaneous,water_ge_7m,39,0.7739568962332274,1.070233651229081,0.2586738885010686,1.9337371394076333,2.5447888370610596,2.6272186027752564,0.15384615384615385,0.23076923076923078,0.5641025641025641,22
6,stress_current,contemporaneous,water_ge_9m,35,0.8216673104419762,1.122939743027801,0.3289784211190966,2.0001959691686655,2.553465654504659,2.6272186027752564,0.17142857142857143,0.2571428571428571,0.5142857142857142,18
6,stress_current,contemporaneous,rapid_target_rise_ge_1m,13,1.3849088581725222,1.6772374984204894,0.15210677933748998,2.605526559166257,2.8096322236069278,2.8672365249221925,0.07692307692307693,0.07692307692307693,0.23076923076923078,3
6,stress_current,contemporaneous,origin_rising,18,1.257549887826294,1.4880048995962256,0.6375084435722951,2.3327094156414185,2.5903421286399575,2.6272186027752564,0.05555555555555555,0.05555555555555555,0.2222222222222222,4
6,stress_current,contemporaneous,origin_falling,22,0.47276125465757773,0.7694040665006239,-0.23353676245094743,1.1126922893748854,2.1576002616651264,2.8672365249221925,0.22727272727272727,0.36363636363636365,0.8181818181818182,18
6,stress_current,contemporaneous,origin_stable,1,0.4493059054585409,0.4493059054585409,0.4493059054585409,0.4493059054585409,0.4493059054585409,0.4493059054585409,0.0,0.0,1.0,1
6,stress_current,contemporaneous,pre_peak,9,1.5786214544163155,1.8503855180069908,-0.2986251062966139,2.6752221872046436,2.8288336573786825,2.8672365249221925,0.0,0.0,0.2222222222222222,2
6,stress_current,contemporaneous,peak_window,7,1.1621916182366587,1.3935336192823122,1.1621916182366587,1.966966554288149,2.0467171500013874,2.0666547989296973,0.14285714285714285,0.14285714285714285,0.2857142857142857,2
6,stress_current,contemporaneous,recession,25,0.4457206828558036,0.5889467589176988,0.05355734979407686,1.1165510080199832,1.3288778093711557,1.4684945186582503,0.2,0.32,0.76,19
6,validation,lagged,water_ge_7m,16,0.2223532656201413,0.3101113465458904,0.11988752143622233,0.5638511042595393,0.6354346424015241,0.6358270545699165,0.5,0.6875,0.875,14
6,validation,lagged,water_ge_9m,3,0.09306233045610372,0.1109784719570473,-0.09306233045610372,0.15204903894936983,0.16359910248979298,0.16648661837489875,0.6666666666666666,1.0,1.0,3
6,validation,lagged,rapid_target_rise_ge_1m,149,0.2421523908121237,0.38225628966142133,-0.15756850469243147,0.5160842384234693,1.4250200800660342,1.5666881273773319,0.3825503355704698,0.5637583892617449,0.8926174496644296,133
6,validation,lagged,origin_rising,320,0.1389481172559704,0.23627717484369648,-0.011430503574512493,0.2695379523134831,0.4518524423025094,1.5666881273773319,0.515625,0.796875,0.98125,314
6,validation,lagged,origin_falling,977,0.1692619566033583,0.22132014390411558,0.09453438475894486,0.3648649193977236,0.5453742538187221,1.3727901351631848,0.3828045035823951,0.7001023541453428,0.9651995905834186,943
6,validation,lagged,origin_stable,2132,0.10804576116197401,0.14865039113381903,0.06646897912343042,0.23247498521465582,0.3969109797031272,1.0597208717101894,0.601782363977486,0.8602251407129456,0.9934333958724203,2118
6,test,lagged,water_ge_7m,77,0.534142441388162,0.6972053633510085,-0.04891976589898079,1.1739127323822571,1.735374136650177,2.002809814422436,0.1038961038961039,0.22077922077922077,0.5844155844155844,45
6,test,lagged,water_ge_9m,46,0.5624191372448338,0.7498528363168159,-0.08672215307054712,1.4202031551048044,1.7755891223552456,2.002809814422436,0.10869565217391304,0.1956521739130435,0.5652173913043478,26
6,test,lagged,rapid_target_rise_ge_1m,147,0.3918249940833827,0.552294094014535,-0.053360273169681345,0.7512330324796447,1.663878667454128,2.002809814422436,0.19727891156462585,0.3673469387755102,0.7482993197278912,110
6,test,lagged,origin_rising,190,0.30069849779364816,0.4650140210335846,0.04051068226651139,0.6253616219526205,1.5907592482797994,2.002809814422436,0.3473684210526316,0.5421052631578948,0.8105263157894737,154
6,test,lagged,origin_falling,357,0.19461068324402,0.27430147612473277,-0.03251391505225497,0.44655836737206056,0.7396585564224857,1.3615828343111733,0.39775910364145656,0.6470588235294118,0.9215686274509803,329
6,test,lagged,origin_stable,221,0.16637178080152798,0.24562813615686105,0.01196091106113947,0.3848608269025364,0.6983944653843018,1.1185773054337291,0.5158371040723982,0.7149321266968326,0.9366515837104072,207
6,stress_current,lagged,water_ge_7m,39,0.7063222658753942,1.0258572478522587,0.24281577922717987,1.8626000511718133,2.354197935799211,2.3690587608939087,0.20512820512820512,0.38461538461538464,0.6153846153846154,24
6,stress_current,lagged,water_ge_9m,35,0.7545245840092595,1.078186766361015,0.3030863805336087,1.8807642020281479,2.3557622331776003,2.3690587608939087,0.22857142857142856,0.4,0.5714285714285714,20
6,stress_current,lagged,rapid_target_rise_ge_1m,13,1.4085378928073538,1.670420438412412,0.46713473883145756,2.3651480174479356,2.75302519340275,2.874277751037121,0.0,0.07692307692307693,0.3076923076923077,4
6,stress_current,lagged,origin_rising,18,1.1760522105832583,1.408797357398866,0.7640131678241064,2.2544840760270444,2.3624104970357545,2.3690587608939087,0.0,0.1111111111111111,0.3333333333333333,6
6,stress_current,lagged,origin_falling,22,0.44058587076524297,0.791832344595506,-0.3453491913257965,1.2991538737924857,2.2664363116080564,2.874277751037121,0.3181818181818182,0.5454545454545454,0.8181818181818182,18
6,stress_current,lagged,origin_stable,1,0.02252580786966263,0.02252580786966263,-0.02252580786966263,0.02252580786966263,0.02252580786966263,0.02252580786966263,1.0,1.0,1.0,1
6,stress_current,lagged,pre_peak,9,1.554623406705292,1.822335975293457,0.09181693206762809,2.470102558922551,2.793442712614207,2.874277751037121,0.0,0.0,0.3333333333333333,3
6,stress_current,lagged,peak_window,7,1.169929030025536,1.3352187136415616,1.169929030025536,1.8716821265999806,1.8934791076275819,1.8989283528844823,0.0,0.14285714285714285,0.2857142857142857,2
6,stress_current,lagged,recession,25,0.3481296353870911,0.5348425830567741,-0.11535306379962698,1.0478416681086922,1.384511813942232,1.4270362285869727,0.32,0.56,0.8,20
6,validation,persistence,water_ge_7m,16,0.5868749999999998,0.803185065847218,-0.153125,1.2350000000000003,1.9909999999999997,2.1799999999999997,0.125,0.25,0.5625,9
6,validation,persistence,water_ge_9m,3,0.5699999999999997,0.5707597276145772,-0.5699999999999997,0.5959999999999998,0.5991999999999996,0.5999999999999996,0.0,0.0,0.0,0
6,validation,persistence,rapid_target_rise_ge_1m,149,1.3729530201342282,1.4401381831536797,-1.3729530201342282,1.6820000000000004,3.1979999999999986,3.62,0.0,0.0,0.0,0
6,validation,persistence,origin_rising,320,0.44478124999999996,0.6778659067249215,-0.31709375,0.9999999999999996,1.7748000000000026,3.62,0.18125,0.375,0.69375,222
6,validation,persistence,origin_falling,977,0.41124872057318324,0.5303023412952407,0.12662231320368475,0.9400000000000001,1.4044000000000003,2.1799999999999997,0.09621289662231321,0.2599795291709314,0.7461617195496417,729
6,validation,persistence,origin_stable,2132,0.24120075046904316,0.36990333437583933,-0.0028517823639774894,0.5699999999999998,1.143800000000001,1.8199999999999998,0.3869606003752345,0.5952157598499062,0.8705440900562852,1856
6,test,persistence,water_ge_7m,77,1.1964935064935065,1.6267508050768509,-0.24610389610389624,2.4180000000000006,4.606800000000001,4.69,0.025974025974025976,0.1038961038961039,0.2987012987012987,23
6,test,persistence,water_ge_9m,46,1.3358695652173913,1.8546774007545261,-0.6119565217391305,3.5799999999999996,4.6899999999999995,4.69,0.021739130434782608,0.10869565217391304,0.32608695652173914,15
6,test,persistence,rapid_target_rise_ge_1m,147,1.602517006802721,1.7477038386073862,-1.602517006802721,2.2340000000000004,4.207999999999995,4.69,0.0,0.0,0.0,0
6,test,persistence,origin_rising,190,0.7781052631578949,1.1692908332111303,-0.6633684210526317,1.7919999999999998,4.063,4.69,0.11578947368421053,0.2631578947368421,0.5052631578947369,96
6,test,persistence,origin_falling,357,0.7127731092436975,0.8673298475353943,-0.013053221288515396,1.3940000000000003,1.7852000000000006,3.03,0.06162464985994398,0.14285714285714285,0.4341736694677871,155
6,test,persistence,origin_stable,221,0.5947511312217194,0.7913846048288915,-0.04796380090497738,1.3200000000000003,1.8059999999999994,3.1099999999999994,0.11312217194570136,0.3076923076923077,0.5339366515837104,118
6,stress_current,persistence,water_ge_7m,39,2.8741025641025644,3.3368421276133793,0.10692307692307693,5.080000000000003,7.1499999999999995,7.15,0.02564102564102564,0.02564102564102564,0.02564102564102564,1
6,stress_current,persistence,water_ge_9m,35,3.06,3.4967258154695844,-0.023428571428571437,5.620000000000001,7.1499999999999995,7.15,0.02857142857142857,0.02857142857142857,0.02857142857142857,1
6,stress_current,persistence,rapid_target_rise_ge_1m,13,4.285384615384615,4.676789661558614,-4.285384615384615,7.077999999999999,7.15,7.15,0.0,0.0,0.0,0
6,stress_current,persistence,origin_rising,18,3.2638888888888893,3.9912717271566467,-2.7316666666666665,6.898,7.15,7.15,0.1111111111111111,0.1111111111111111,0.1111111111111111,2
6,stress_current,persistence,origin_falling,22,2.419090909090909,2.5829581350213027,2.1900000000000004,3.7880000000000007,3.8722,3.91,0.0,0.0,0.0,0
6,stress_current,persistence,origin_stable,1,2.66,2.66,2.66,2.66,2.66,2.66,0.0,0.0,0.0,0
6,stress_current,persistence,pre_peak,9,4.713333333333333,5.232696351892694,-4.708888888888889,7.1499999999999995,7.15,7.15,0.1111111111111111,0.1111111111111111,0.1111111111111111,1
6,stress_current,persistence,peak_window,7,2.0228571428571436,2.3455246138733474,-2.0,3.3220000000000005,3.4564000000000017,3.490000000000002,0.14285714285714285,0.14285714285714285,0.14285714285714285,1
6,stress_current,persistence,recession,25,2.322,2.4952474827158926,2.322,3.7220000000000004,3.8668,3.91,0.0,0.0,0.0,0
6,validation,local_trend_2h,water_ge_7m,16,0.9175000000000002,1.2160849065751949,0.13375000000000037,1.9850000000000008,2.946,3.0300000000000002,0.0,0.125,0.25,4
6,validation,local_trend_2h,water_ge_9m,3,0.4999999999999994,0.5299685525261529,-0.4999999999999994,0.673999999999998,0.7107999999999973,0.7199999999999971,0.0,0.0,0.6666666666666666,2
6,validation,local_trend_2h,rapid_target_rise_ge_1m,149,1.4769798657718123,1.5772393263602864,-1.4168456375838927,2.122,2.343199999999999,2.750000000000001,0.0,0.020134228187919462,0.06040268456375839,9
6,validation,local_trend_2h,origin_rising,320,0.8278437499999999,1.0564505726724749,0.63165625,1.7909999999999997,2.5424000000000007,3.0300000000000002,0.071875,0.15,0.378125,121
6,validation,local_trend_2h,origin_falling,977,0.4770317297850563,0.7149762183703804,-0.4305424769703173,1.387999999999999,2.0596,2.750000000000001,0.14943705220061412,0.38178096212896623,0.7195496417604913,703
6,validation,local_trend_2h,origin_stable,2132,0.23658184803001875,0.3787944403924543,-0.07490032833020636,0.6000000000000001,1.2138000000000009,2.0899999999999994,0.4155722326454034,0.6397748592870544,0.8677298311444653,1850
6,test,local_trend_2h,water_ge_7m,77,0.7515584415584418,1.0833491840332252,0.02662337662337638,1.5760000000000045,3.2944000000000027,3.6800000000000015,0.09090909090909091,0.14285714285714285,0.45454545454545453,35
6,test,local_trend_2h,water_ge_9m,46,0.8702173913043477,1.2582968129838115,0.181086956521739,2.2299999999999995,3.5810000000000004,3.6800000000000015,0.06521739130434782,0.15217391304347827,0.391304347826087,18
6,test,local_trend_2h,rapid_target_rise_ge_1m,147,1.6763265306122446,1.8628410750110431,-1.3206802721088435,2.4259999999999997,3.603199999999998,3.7199999999999998,0.02040816326530612,0.04081632653061224,0.11564625850340136,17
6,test,local_trend_2h,origin_rising,190,1.0466315789473686,1.3326898008400747,0.7093684210526314,2.2900000000000005,3.0686000000000004,3.6800000000000015,0.05789473684210526,0.13157894736842105,0.33157894736842103,63
6,test,local_trend_2h,origin_falling,357,0.9758543417366947,1.2534177365942145,-0.840952380952381,2.13,2.4099999999999993,3.7199999999999998,0.12044817927170869,0.20168067226890757,0.38375350140056025,137
6,test,local_trend_2h,origin_stable,221,0.5567420814479639,0.7688700059001201,-0.09900452488687778,1.299999999999999,1.8760000000000003,3.1099999999999994,0.23529411764705882,0.3393665158371041,0.5565610859728507,123
6,stress_current,local_trend_2h,water_ge_7m,39,1.7751282051282051,2.310329646808671,0.6376923076923078,3.6439999999999984,5.749600000000003,5.780000000000005,0.0,0.05128205128205128,0.20512820512820512,8
6,stress_current,local_trend_2h,water_ge_9m,35,1.9148571428571428,2.4315286197311003,0.7737142857142857,3.8520000000000003,5.752800000000003,5.780000000000005,0.0,0.05714285714285714,0.2,7
6,stress_current,local_trend_2h,rapid_target_rise_ge_1m,13,2.773846153846154,3.259419485831087,0.5723076923076917,5.446000000000002,5.770400000000004,5.780000000000005,0.0,0.0,0.0,0
6,stress_current,local_trend_2h,origin_rising,18,2.73,3.1509945519893665,1.47,4.711000000000001,5.7664000000000035,5.780000000000005,0.0,0.0,0.05555555555555555,1
6,stress_current,local_trend_2h,origin_falling,22,0.9595454545454541,1.2201322581067704,-0.29590909090909084,1.9580000000000006,2.596199999999996,2.9699999999999998,0.0,0.09090909090909091,0.36363636363636365,8
6,stress_current,local_trend_2h,origin_stable,1,2.3900000000000006,2.3900000000000006,2.3900000000000006,2.3900000000000006,2.3900000000000006,2.3900000000000006,0.0,0.0,0.0,0
6,stress_current,local_trend_2h,pre_peak,9,3.307777777777778,3.774901028871854,0.12777777777777802,5.748000000000003,5.7736000000000045,5.780000000000005,0.0,0.0,0.1111111111111111,1
6,stress_current,local_trend_2h,peak_window,7,1.792857142857143,1.9685273683644848,1.792857142857143,2.8580000000000036,3.107600000000005,3.1700000000000053,0.0,0.0,0.0,0
6,stress_current,local_trend_2h,recession,25,1.2127999999999997,1.5723511058284654,0.3455999999999999,2.696000000000004,3.448799999999995,3.5399999999999956,0.0,0.08,0.32,8
