id_subsistema,nom_subsistema,tip_reservatorio,nom_bacia,id_reservatorio,nom_reservatorio,cod_usina,din_instante,val_nivelmontante,val_niveljusante,val_volumeutil,val_vazaoafluente,val_vazaodefluente,val_vazaoturbinada,val_vazaovertida,val_vazaooutrasestruturas,val_vazaotransferida,val_vazaovertidanaoturbinavel,source_file,source_sha256,source_record_index,source_csv_line
S,Sul,Fio dagua,JACUI,JIUHQJ,14 DE JULHO,99,2022-06-01 01:00:00,105.41,73.29,254.19,1016.0,1081.0,339.0,710.0,32.0,0.0,,outputs/ons-reserva-2021-2022-20260922/raw/ons-2022-06.csv,1ce4ed3b7d7514d1e8adf6e42ba2a1d5f203753fce6fae2f3d82de7da7e3b415,38868,38869
S,Sul,Fio dagua,JACUI,JIUHQJ,14 DE JULHO,99,2022-06-01 02:00:00,105.38,73.26,250.21,1008.0,1056.0,339.0,685.0,32.0,0.0,,outputs/ons-reserva-2021-2022-20260922/raw/ons-2022-06.csv,1ce4ed3b7d7514d1e8adf6e42ba2a1d5f203753fce6fae2f3d82de7da7e3b415,38869,38870
S,Sul,Fio dagua,JACUI,JIUHQJ,14 DE JULHO,99,2022-06-01 03:00:00,105.36,73.16,247.56,1007.0,1039.0,339.0,668.0,32.0,0.0,,outputs/ons-reserva-2021-2022-20260922/raw/ons-2022-06.csv,1ce4ed3b7d7514d1e8adf6e42ba2a1d5f203753fce6fae2f3d82de7da7e3b415,38870,38871
S,Sul,Fio dagua,JACUI,JIUHQJ,14 DE JULHO,99,2022-06-01 04:00:00,105.33,73.15,243.58,966.0,1014.0,339.0,644.0,32.0,0.0,,outputs/ons-reserva-2021-2022-20260922/raw/ons-2022-06.csv,1ce4ed3b7d7514d1e8adf6e42ba2a1d5f203753fce6fae2f3d82de7da7e3b415,38871,38872
S,Sul,Fio dagua,JACUI,JIUHQJ,14 DE JULHO,99,2022-06-01 05:00:00,105.3,73.09,239.6,941.0,989.0,339.0,619.0,32.0,0.0,,outputs/ons-reserva-2021-2022-20260922/raw/ons-2022-06.csv,1ce4ed3b7d7514d1e8adf6e42ba2a1d5f203753fce6fae2f3d82de7da7e3b415,38872,38873
S,Sul,Fio dagua,JACUI,JIUHQJ,14 DE JULHO,99,2022-06-01 06:00:00,105.28,73.02,236.94,941.0,973.0,338.0,603.0,32.0,0.0,,outputs/ons-reserva-2021-2022-20260922/raw/ons-2022-06.csv,1ce4ed3b7d7514d1e8adf6e42ba2a1d5f203753fce6fae2f3d82de7da7e3b415,38873,38874
S,Sul,Fio dagua,JACUI,JIUHQJ,14 DE JULHO,99,2022-06-01 07:00:00,105.25,73.0,232.96,902.0,950.0,338.0,580.0,32.0,0.0,,outputs/ons-reserva-2021-2022-20260922/raw/ons-2022-06.csv,1ce4ed3b7d7514d1e8adf6e42ba2a1d5f203753fce6fae2f3d82de7da7e3b415,38874,38875
S,Sul,Fio dagua,JACUI,JIUHQJ,14 DE JULHO,99,2022-06-01 08:00:00,105.23,72.94,230.31,902.0,934.0,338.0,564.0,32.0,0.0,,outputs/ons-reserva-2021-2022-20260922/raw/ons-2022-06.csv,1ce4ed3b7d7514d1e8adf6e42ba2a1d5f203753fce6fae2f3d82de7da7e3b415,38875,38876
S,Sul,Fio dagua,JACUI,JIUHQJ,14 DE JULHO,99,2022-06-01 09:00:00,105.2,72.89,226.33,862.0,910.0,338.0,541.0,31.0,0.0,,outputs/ons-reserva-2021-2022-20260922/raw/ons-2022-06.csv,1ce4ed3b7d7514d1e8adf6e42ba2a1d5f203753fce6fae2f3d82de7da7e3b415,38876,38877
S,Sul,Fio dagua,JACUI,JIUHQJ,14 DE JULHO,99,2022-06-01 10:00:00,105.18,72.87,223.67,863.0,896.0,338.0,526.0,31.0,0.0,,outputs/ons-reserva-2021-2022-20260922/raw/ons-2022-06.csv,1ce4ed3b7d7514d1e8adf6e42ba2a1d5f203753fce6fae2f3d82de7da7e3b415,38877,38878
S,Sul,Fio dagua,JACUI,JIUHQJ,14 DE JULHO,99,2022-06-01 11:00:00,105.15,72.82,219.69,825.0,873.0,337.0,504.0,31.0,0.0,,outputs/ons-reserva-2021-2022-20260922/raw/ons-2022-06.csv,1ce4ed3b7d7514d1e8adf6e42ba2a1d5f203753fce6fae2f3d82de7da7e3b415,38878,38879
S,Sul,Fio dagua,JACUI,JIUHQJ,14 DE JULHO,99,2022-06-01 12:00:00,105.14,72.77,218.37,850.0,866.0,337.0,497.0,31.0,0.0,,outputs/ons-reserva-2021-2022-20260922/raw/ons-2022-06.csv,1ce4ed3b7d7514d1e8adf6e42ba2a1d5f203753fce6fae2f3d82de7da7e3b415,38879,38880
S,Sul,Fio dagua,JACUI,JIUHQJ,14 DE JULHO,99,2022-06-01 13:00:00,105.12,72.76,215.71,819.0,851.0,337.0,483.0,31.0,0.0,,outputs/ons-reserva-2021-2022-20260922/raw/ons-2022-06.csv,1ce4ed3b7d7514d1e8adf6e42ba2a1d5f203753fce6fae2f3d82de7da7e3b415,38880,38881
S,Sul,Fio dagua,JACUI,JIUHQJ,14 DE JULHO,99,2022-06-01 14:00:00,105.09,72.67,211.73,781.0,829.0,337.0,461.0,31.0,0.0,,outputs/ons-reserva-2021-2022-20260922/raw/ons-2022-06.csv,1ce4ed3b7d7514d1e8adf6e42ba2a1d5f203753fce6fae2f3d82de7da7e3b415,38881,38882
S,Sul,Fio dagua,JACUI,JIUHQJ,14 DE JULHO,99,2022-06-01 15:00:00,105.05,72.67,206.42,737.0,802.0,337.0,434.0,31.0,0.0,,outputs/ons-reserva-2021-2022-20260922/raw/ons-2022-06.csv,1ce4ed3b7d7514d1e8adf6e42ba2a1d5f203753fce6fae2f3d82de7da7e3b415,38882,38883
S,Sul,Fio dagua,JACUI,JIUHQJ,14 DE JULHO,99,2022-06-01 16:00:00,104.97,72.56,196.79,619.0,748.0,336.0,380.0,31.0,0.0,,outputs/ons-reserva-2021-2022-20260922/raw/ons-2022-06.csv,1ce4ed3b7d7514d1e8adf6e42ba2a1d5f203753fce6fae2f3d82de7da7e3b415,38883,38884
S,Sul,Fio dagua,JACUI,JIUHQJ,14 DE JULHO,99,2022-06-01 17:00:00,104.94,72.49,193.8,680.0,728.0,336.0,361.0,31.0,0.0,,outputs/ons-reserva-2021-2022-20260922/raw/ons-2022-06.csv,1ce4ed3b7d7514d1e8adf6e42ba2a1d5f203753fce6fae2f3d82de7da7e3b415,38884,38885
S,Sul,Fio dagua,JACUI,JIUHQJ,14 DE JULHO,99,2022-06-01 18:00:00,104.94,72.45,193.8,728.0,728.0,336.0,361.0,31.0,0.0,,outputs/ons-reserva-2021-2022-20260922/raw/ons-2022-06.csv,1ce4ed3b7d7514d1e8adf6e42ba2a1d5f203753fce6fae2f3d82de7da7e3b415,38885,38886
S,Sul,Fio dagua,JACUI,JIUHQJ,14 DE JULHO,99,2022-06-01 19:00:00,104.99,72.45,198.79,840.0,760.0,335.0,394.0,31.0,0.0,,outputs/ons-reserva-2021-2022-20260922/raw/ons-2022-06.csv,1ce4ed3b7d7514d1e8adf6e42ba2a1d5f203753fce6fae2f3d82de7da7e3b415,38886,38887
S,Sul,Fio dagua,JACUI,JIUHQJ,14 DE JULHO,99,2022-06-01 20:00:00,105.0,72.48,199.79,782.0,766.0,335.0,400.0,31.0,0.0,,outputs/ons-reserva-2021-2022-20260922/raw/ons-2022-06.csv,1ce4ed3b7d7514d1e8adf6e42ba2a1d5f203753fce6fae2f3d82de7da7e3b415,38887,38888
S,Sul,Fio dagua,JACUI,JIUHQJ,14 DE JULHO,99,2022-06-01 21:00:00,105.02,72.48,202.44,812.0,780.0,335.0,414.0,31.0,0.0,,outputs/ons-reserva-2021-2022-20260922/raw/ons-2022-06.csv,1ce4ed3b7d7514d1e8adf6e42ba2a1d5f203753fce6fae2f3d82de7da7e3b415,38888,38889
S,Sul,Fio dagua,JACUI,JIUHQJ,14 DE JULHO,99,2022-06-01 22:00:00,105.0,72.54,199.79,735.0,767.0,336.0,400.0,31.0,0.0,,outputs/ons-reserva-2021-2022-20260922/raw/ons-2022-06.csv,1ce4ed3b7d7514d1e8adf6e42ba2a1d5f203753fce6fae2f3d82de7da7e3b415,38889,38890
S,Sul,Fio dagua,JACUI,JIUHQJ,14 DE JULHO,99,2022-06-01 23:00:00,104.98,72.52,197.79,722.0,754.0,336.0,387.0,31.0,0.0,,outputs/ons-reserva-2021-2022-20260922/raw/ons-2022-06.csv,1ce4ed3b7d7514d1e8adf6e42ba2a1d5f203753fce6fae2f3d82de7da7e3b415,38890,38891
S,Sul,Fio dagua,JACUI,JIUHQJ,14 DE JULHO,99,2022-06-01 23:59:00,104.95,72.48,194.8,686.0,734.0,336.0,368.0,31.0,0.0,,outputs/ons-reserva-2021-2022-20260922/raw/ons-2022-06.csv,1ce4ed3b7d7514d1e8adf6e42ba2a1d5f203753fce6fae2f3d82de7da7e3b415,38891,38892
S,Sul,Fio dagua,JACUI,JIUHQJ,14 DE JULHO,99,2022-06-02 01:00:00,104.94,72.44,193.8,712.0,728.0,336.0,361.0,31.0,0.0,,outputs/ons-reserva-2021-2022-20260922/raw/ons-2022-06.csv,1ce4ed3b7d7514d1e8adf6e42ba2a1d5f203753fce6fae2f3d82de7da7e3b415,38892,38893
S,Sul,Fio dagua,JACUI,JIUHQJ,14 DE JULHO,99,2022-06-02 02:00:00,104.92,72.43,191.8,683.0,715.0,336.0,348.0,31.0,0.0,,outputs/ons-reserva-2021-2022-20260922/raw/ons-2022-06.csv,1ce4ed3b7d7514d1e8adf6e42ba2a1d5f203753fce6fae2f3d82de7da7e3b415,38893,38894
S,Sul,Fio dagua,JACUI,JIUHQJ,14 DE JULHO,99,2022-06-02 03:00:00,104.9,72.38,189.81,669.0,701.0,336.0,335.0,31.0,0.0,,outputs/ons-reserva-2021-2022-20260922/raw/ons-2022-06.csv,1ce4ed3b7d7514d1e8adf6e42ba2a1d5f203753fce6fae2f3d82de7da7e3b415,38894,38895
S,Sul,Fio dagua,JACUI,JIUHQJ,14 DE JULHO,99,2022-06-02 04:00:00,104.89,72.38,188.81,679.0,696.0,336.0,329.0,31.0,0.0,,outputs/ons-reserva-2021-2022-20260922/raw/ons-2022-06.csv,1ce4ed3b7d7514d1e8adf6e42ba2a1d5f203753fce6fae2f3d82de7da7e3b415,38895,38896
S,Sul,Fio dagua,JACUI,JIUHQJ,14 DE JULHO,99,2022-06-02 05:00:00,104.87,72.32,186.82,651.0,683.0,335.0,317.0,31.0,0.0,,outputs/ons-reserva-2021-2022-20260922/raw/ons-2022-06.csv,1ce4ed3b7d7514d1e8adf6e42ba2a1d5f203753fce6fae2f3d82de7da7e3b415,38896,38897
S,Sul,Fio dagua,JACUI,JIUHQJ,14 DE JULHO,99,2022-06-02 06:00:00,104.86,72.31,185.82,661.0,677.0,335.0,311.0,31.0,0.0,,outputs/ons-reserva-2021-2022-20260922/raw/ons-2022-06.csv,1ce4ed3b7d7514d1e8adf6e42ba2a1d5f203753fce6fae2f3d82de7da7e3b415,38897,38898
S,Sul,Fio dagua,JACUI,JIUHQJ,14 DE JULHO,99,2022-06-02 07:00:00,104.84,72.28,183.82,633.0,665.0,335.0,299.0,31.0,0.0,,outputs/ons-reserva-2021-2022-20260922/raw/ons-2022-06.csv,1ce4ed3b7d7514d1e8adf6e42ba2a1d5f203753fce6fae2f3d82de7da7e3b415,38898,38899
S,Sul,Fio dagua,JACUI,JIUHQJ,14 DE JULHO,99,2022-06-02 08:00:00,104.82,72.27,181.83,621.0,653.0,335.0,287.0,31.0,0.0,,outputs/ons-reserva-2021-2022-20260922/raw/ons-2022-06.csv,1ce4ed3b7d7514d1e8adf6e42ba2a1d5f203753fce6fae2f3d82de7da7e3b415,38899,38900
S,Sul,Fio dagua,JACUI,JIUHQJ,14 DE JULHO,99,2022-06-02 09:00:00,104.81,72.27,180.83,631.0,647.0,335.0,281.0,31.0,0.0,,outputs/ons-reserva-2021-2022-20260922/raw/ons-2022-06.csv,1ce4ed3b7d7514d1e8adf6e42ba2a1d5f203753fce6fae2f3d82de7da7e3b415,38900,38901
S,Sul,Fio dagua,JACUI,JIUHQJ,14 DE JULHO,99,2022-06-02 10:00:00,104.8,72.2,179.83,624.0,640.0,335.0,275.0,31.0,0.0,,outputs/ons-reserva-2021-2022-20260922/raw/ons-2022-06.csv,1ce4ed3b7d7514d1e8adf6e42ba2a1d5f203753fce6fae2f3d82de7da7e3b415,38901,38902
S,Sul,Fio dagua,JACUI,JIUHQJ,14 DE JULHO,99,2022-06-02 11:00:00,104.78,72.16,177.83,597.0,629.0,334.0,264.0,31.0,0.0,,outputs/ons-reserva-2021-2022-20260922/raw/ons-2022-06.csv,1ce4ed3b7d7514d1e8adf6e42ba2a1d5f203753fce6fae2f3d82de7da7e3b415,38902,38903
S,Sul,Fio dagua,JACUI,JIUHQJ,14 DE JULHO,99,2022-06-02 12:00:00,104.77,72.17,176.84,607.0,624.0,334.0,258.0,31.0,0.0,,outputs/ons-reserva-2021-2022-20260922/raw/ons-2022-06.csv,1ce4ed3b7d7514d1e8adf6e42ba2a1d5f203753fce6fae2f3d82de7da7e3b415,38903,38904
S,Sul,Fio dagua,JACUI,JIUHQJ,14 DE JULHO,99,2022-06-02 13:00:00,104.77,72.15,176.84,624.0,624.0,334.0,258.0,31.0,0.0,,outputs/ons-reserva-2021-2022-20260922/raw/ons-2022-06.csv,1ce4ed3b7d7514d1e8adf6e42ba2a1d5f203753fce6fae2f3d82de7da7e3b415,38904,38905
S,Sul,Fio dagua,JACUI,JIUHQJ,14 DE JULHO,99,2022-06-02 14:00:00,104.75,72.15,174.84,581.0,613.0,335.0,248.0,31.0,0.0,,outputs/ons-reserva-2021-2022-20260922/raw/ons-2022-06.csv,1ce4ed3b7d7514d1e8adf6e42ba2a1d5f203753fce6fae2f3d82de7da7e3b415,38905,38906
S,Sul,Fio dagua,JACUI,JIUHQJ,14 DE JULHO,99,2022-06-02 15:00:00,104.74,72.15,173.84,591.0,607.0,335.0,242.0,31.0,0.0,,outputs/ons-reserva-2021-2022-20260922/raw/ons-2022-06.csv,1ce4ed3b7d7514d1e8adf6e42ba2a1d5f203753fce6fae2f3d82de7da7e3b415,38906,38907
S,Sul,Fio dagua,JACUI,JIUHQJ,14 DE JULHO,99,2022-06-02 16:00:00,104.73,72.1,172.85,585.0,601.0,334.0,236.0,31.0,0.0,,outputs/ons-reserva-2021-2022-20260922/raw/ons-2022-06.csv,1ce4ed3b7d7514d1e8adf6e42ba2a1d5f203753fce6fae2f3d82de7da7e3b415,38907,38908
S,Sul,Fio dagua,JACUI,JIUHQJ,14 DE JULHO,99,2022-06-02 17:00:00,104.72,72.1,171.85,580.0,596.0,334.0,231.0,31.0,0.0,,outputs/ons-reserva-2021-2022-20260922/raw/ons-2022-06.csv,1ce4ed3b7d7514d1e8adf6e42ba2a1d5f203753fce6fae2f3d82de7da7e3b415,38908,38909
S,Sul,Fio dagua,JACUI,JIUHQJ,14 DE JULHO,99,2022-06-02 18:00:00,104.71,72.08,170.85,574.0,590.0,334.0,226.0,31.0,0.0,,outputs/ons-reserva-2021-2022-20260922/raw/ons-2022-06.csv,1ce4ed3b7d7514d1e8adf6e42ba2a1d5f203753fce6fae2f3d82de7da7e3b415,38909,38910
S,Sul,Fio dagua,JACUI,JIUHQJ,14 DE JULHO,99,2022-06-02 19:00:00,104.7,72.08,169.85,569.0,585.0,334.0,220.0,31.0,0.0,,outputs/ons-reserva-2021-2022-20260922/raw/ons-2022-06.csv,1ce4ed3b7d7514d1e8adf6e42ba2a1d5f203753fce6fae2f3d82de7da7e3b415,38910,38911
S,Sul,Fio dagua,JACUI,JIUHQJ,14 DE JULHO,99,2022-06-02 20:00:00,104.69,72.08,168.85,564.0,580.0,334.0,215.0,31.0,0.0,,outputs/ons-reserva-2021-2022-20260922/raw/ons-2022-06.csv,1ce4ed3b7d7514d1e8adf6e42ba2a1d5f203753fce6fae2f3d82de7da7e3b415,38911,38912
S,Sul,Fio dagua,JACUI,JIUHQJ,14 DE JULHO,99,2022-06-02 21:00:00,104.68,72.02,167.86,558.0,574.0,334.0,210.0,31.0,0.0,,outputs/ons-reserva-2021-2022-20260922/raw/ons-2022-06.csv,1ce4ed3b7d7514d1e8adf6e42ba2a1d5f203753fce6fae2f3d82de7da7e3b415,38912,38913
S,Sul,Fio dagua,JACUI,JIUHQJ,14 DE JULHO,99,2022-06-02 22:00:00,104.67,72.01,166.86,553.0,570.0,334.0,205.0,31.0,0.0,,outputs/ons-reserva-2021-2022-20260922/raw/ons-2022-06.csv,1ce4ed3b7d7514d1e8adf6e42ba2a1d5f203753fce6fae2f3d82de7da7e3b415,38913,38914
S,Sul,Fio dagua,JACUI,JIUHQJ,14 DE JULHO,99,2022-06-02 23:00:00,104.66,72.02,165.86,549.0,565.0,334.0,200.0,31.0,0.0,,outputs/ons-reserva-2021-2022-20260922/raw/ons-2022-06.csv,1ce4ed3b7d7514d1e8adf6e42ba2a1d5f203753fce6fae2f3d82de7da7e3b415,38914,38915
S,Sul,Fio dagua,JACUI,JIUHQJ,14 DE JULHO,99,2022-06-02 23:59:00,104.66,72.0,165.86,565.0,565.0,334.0,200.0,31.0,0.0,,outputs/ons-reserva-2021-2022-20260922/raw/ons-2022-06.csv,1ce4ed3b7d7514d1e8adf6e42ba2a1d5f203753fce6fae2f3d82de7da7e3b415,38915,38916
S,Sul,Fio dagua,JACUI,JIUHQJ,14 DE JULHO,99,2022-06-03 01:00:00,104.65,72.0,164.86,544.0,560.0,334.0,196.0,30.0,0.0,,outputs/ons-reserva-2021-2022-20260922/raw/ons-2022-06.csv,1ce4ed3b7d7514d1e8adf6e42ba2a1d5f203753fce6fae2f3d82de7da7e3b415,38916,38917
S,Sul,Fio dagua,JACUI,JIUHQJ,14 DE JULHO,99,2022-06-03 02:00:00,104.65,72.0,164.86,560.0,560.0,334.0,196.0,30.0,0.0,,outputs/ons-reserva-2021-2022-20260922/raw/ons-2022-06.csv,1ce4ed3b7d7514d1e8adf6e42ba2a1d5f203753fce6fae2f3d82de7da7e3b415,38917,38918
S,Sul,Fio dagua,JACUI,JIUHQJ,14 DE JULHO,99,2022-06-03 03:00:00,104.64,72.0,163.86,539.0,555.0,334.0,191.0,30.0,0.0,,outputs/ons-reserva-2021-2022-20260922/raw/ons-2022-06.csv,1ce4ed3b7d7514d1e8adf6e42ba2a1d5f203753fce6fae2f3d82de7da7e3b415,38918,38919
S,Sul,Fio dagua,JACUI,JIUHQJ,14 DE JULHO,99,2022-06-03 04:00:00,104.63,72.0,162.87,534.0,550.0,334.0,186.0,30.0,0.0,,outputs/ons-reserva-2021-2022-20260922/raw/ons-2022-06.csv,1ce4ed3b7d7514d1e8adf6e42ba2a1d5f203753fce6fae2f3d82de7da7e3b415,38919,38920
S,Sul,Fio dagua,JACUI,JIUHQJ,14 DE JULHO,99,2022-06-03 05:00:00,104.62,71.95,161.87,529.0,545.0,334.0,181.0,30.0,0.0,,outputs/ons-reserva-2021-2022-20260922/raw/ons-2022-06.csv,1ce4ed3b7d7514d1e8adf6e42ba2a1d5f203753fce6fae2f3d82de7da7e3b415,38920,38921
S,Sul,Fio dagua,JACUI,JIUHQJ,14 DE JULHO,99,2022-06-03 06:00:00,104.62,71.94,161.87,545.0,545.0,334.0,181.0,30.0,0.0,,outputs/ons-reserva-2021-2022-20260922/raw/ons-2022-06.csv,1ce4ed3b7d7514d1e8adf6e42ba2a1d5f203753fce6fae2f3d82de7da7e3b415,38921,38922
S,Sul,Fio dagua,JACUI,JIUHQJ,14 DE JULHO,99,2022-06-03 07:00:00,104.62,71.94,161.87,545.0,545.0,334.0,181.0,30.0,0.0,,outputs/ons-reserva-2021-2022-20260922/raw/ons-2022-06.csv,1ce4ed3b7d7514d1e8adf6e42ba2a1d5f203753fce6fae2f3d82de7da7e3b415,38922,38923
S,Sul,Fio dagua,JACUI,JIUHQJ,14 DE JULHO,99,2022-06-03 08:00:00,104.61,71.94,160.87,524.0,540.0,334.0,176.0,30.0,0.0,,outputs/ons-reserva-2021-2022-20260922/raw/ons-2022-06.csv,1ce4ed3b7d7514d1e8adf6e42ba2a1d5f203753fce6fae2f3d82de7da7e3b415,38923,38924
S,Sul,Fio dagua,JACUI,JIUHQJ,14 DE JULHO,99,2022-06-03 09:00:00,104.6,71.91,159.87,519.0,535.0,334.0,171.0,30.0,0.0,,outputs/ons-reserva-2021-2022-20260922/raw/ons-2022-06.csv,1ce4ed3b7d7514d1e8adf6e42ba2a1d5f203753fce6fae2f3d82de7da7e3b415,38924,38925
S,Sul,Fio dagua,JACUI,JIUHQJ,14 DE JULHO,99,2022-06-03 10:00:00,104.59,71.94,158.87,515.0,531.0,334.0,167.0,30.0,0.0,,outputs/ons-reserva-2021-2022-20260922/raw/ons-2022-06.csv,1ce4ed3b7d7514d1e8adf6e42ba2a1d5f203753fce6fae2f3d82de7da7e3b415,38925,38926
S,Sul,Fio dagua,JACUI,JIUHQJ,14 DE JULHO,99,2022-06-03 11:00:00,104.59,71.89,158.87,531.0,531.0,334.0,167.0,30.0,0.0,,outputs/ons-reserva-2021-2022-20260922/raw/ons-2022-06.csv,1ce4ed3b7d7514d1e8adf6e42ba2a1d5f203753fce6fae2f3d82de7da7e3b415,38926,38927
S,Sul,Fio dagua,JACUI,JIUHQJ,14 DE JULHO,99,2022-06-03 12:00:00,104.57,71.89,156.88,490.0,522.0,334.0,158.0,30.0,0.0,,outputs/ons-reserva-2021-2022-20260922/raw/ons-2022-06.csv,1ce4ed3b7d7514d1e8adf6e42ba2a1d5f203753fce6fae2f3d82de7da7e3b415,38927,38928
S,Sul,Fio dagua,JACUI,JIUHQJ,14 DE JULHO,99,2022-06-03 13:00:00,104.57,71.89,156.88,522.0,522.0,334.0,158.0,30.0,0.0,,outputs/ons-reserva-2021-2022-20260922/raw/ons-2022-06.csv,1ce4ed3b7d7514d1e8adf6e42ba2a1d5f203753fce6fae2f3d82de7da7e3b415,38928,38929
S,Sul,Fio dagua,JACUI,JIUHQJ,14 DE JULHO,99,2022-06-03 14:00:00,104.56,71.89,155.88,502.0,518.0,334.0,153.0,30.0,0.0,,outputs/ons-reserva-2021-2022-20260922/raw/ons-2022-06.csv,1ce4ed3b7d7514d1e8adf6e42ba2a1d5f203753fce6fae2f3d82de7da7e3b415,38929,38930
S,Sul,Fio dagua,JACUI,JIUHQJ,14 DE JULHO,99,2022-06-03 15:00:00,104.54,71.89,153.89,477.0,509.0,334.0,145.0,30.0,0.0,,outputs/ons-reserva-2021-2022-20260922/raw/ons-2022-06.csv,1ce4ed3b7d7514d1e8adf6e42ba2a1d5f203753fce6fae2f3d82de7da7e3b415,38930,38931
S,Sul,Fio dagua,JACUI,JIUHQJ,14 DE JULHO,99,2022-06-03 16:00:00,104.54,71.85,153.89,509.0,509.0,334.0,145.0,30.0,0.0,,outputs/ons-reserva-2021-2022-20260922/raw/ons-2022-06.csv,1ce4ed3b7d7514d1e8adf6e42ba2a1d5f203753fce6fae2f3d82de7da7e3b415,38931,38932
S,Sul,Fio dagua,JACUI,JIUHQJ,14 DE JULHO,99,2022-06-03 17:00:00,104.53,71.84,152.89,488.0,504.0,334.0,140.0,30.0,0.0,,outputs/ons-reserva-2021-2022-20260922/raw/ons-2022-06.csv,1ce4ed3b7d7514d1e8adf6e42ba2a1d5f203753fce6fae2f3d82de7da7e3b415,38932,38933
S,Sul,Fio dagua,JACUI,JIUHQJ,14 DE JULHO,99,2022-06-03 18:00:00,104.53,71.83,152.89,504.0,504.0,334.0,140.0,30.0,0.0,,outputs/ons-reserva-2021-2022-20260922/raw/ons-2022-06.csv,1ce4ed3b7d7514d1e8adf6e42ba2a1d5f203753fce6fae2f3d82de7da7e3b415,38933,38934
S,Sul,Fio dagua,JACUI,JIUHQJ,14 DE JULHO,99,2022-06-03 19:00:00,104.51,71.83,150.89,463.0,495.0,334.0,131.0,30.0,0.0,,outputs/ons-reserva-2021-2022-20260922/raw/ons-2022-06.csv,1ce4ed3b7d7514d1e8adf6e42ba2a1d5f203753fce6fae2f3d82de7da7e3b415,38934,38935
S,Sul,Fio dagua,JACUI,JIUHQJ,14 DE JULHO,99,2022-06-03 20:00:00,104.51,71.83,150.89,495.0,495.0,334.0,131.0,30.0,0.0,,outputs/ons-reserva-2021-2022-20260922/raw/ons-2022-06.csv,1ce4ed3b7d7514d1e8adf6e42ba2a1d5f203753fce6fae2f3d82de7da7e3b415,38935,38936
S,Sul,Fio dagua,JACUI,JIUHQJ,14 DE JULHO,99,2022-06-03 21:00:00,104.5,71.8,149.89,475.0,491.0,333.0,127.0,30.0,0.0,,outputs/ons-reserva-2021-2022-20260922/raw/ons-2022-06.csv,1ce4ed3b7d7514d1e8adf6e42ba2a1d5f203753fce6fae2f3d82de7da7e3b415,38936,38937
S,Sul,Fio dagua,JACUI,JIUHQJ,14 DE JULHO,99,2022-06-03 22:00:00,104.5,71.79,149.89,491.0,491.0,333.0,127.0,30.0,0.0,,outputs/ons-reserva-2021-2022-20260922/raw/ons-2022-06.csv,1ce4ed3b7d7514d1e8adf6e42ba2a1d5f203753fce6fae2f3d82de7da7e3b415,38937,38938
S,Sul,Fio dagua,JACUI,JIUHQJ,14 DE JULHO,99,2022-06-03 23:00:00,104.49,71.79,148.9,471.0,487.0,334.0,123.0,30.0,0.0,,outputs/ons-reserva-2021-2022-20260922/raw/ons-2022-06.csv,1ce4ed3b7d7514d1e8adf6e42ba2a1d5f203753fce6fae2f3d82de7da7e3b415,38938,38939
S,Sul,Fio dagua,JACUI,JIUHQJ,14 DE JULHO,99,2022-06-03 23:59:00,104.49,71.79,148.9,487.0,487.0,334.0,123.0,30.0,0.0,,outputs/ons-reserva-2021-2022-20260922/raw/ons-2022-06.csv,1ce4ed3b7d7514d1e8adf6e42ba2a1d5f203753fce6fae2f3d82de7da7e3b415,38939,38940
S,Sul,Fio dagua,JACUI,JIUHQJ,14 DE JULHO,99,2022-06-04 01:00:00,104.47,71.77,146.9,447.0,479.0,334.0,116.0,30.0,0.0,,outputs/ons-reserva-2021-2022-20260922/raw/ons-2022-06.csv,1ce4ed3b7d7514d1e8adf6e42ba2a1d5f203753fce6fae2f3d82de7da7e3b415,38940,38941
S,Sul,Fio dagua,JACUI,JIUHQJ,14 DE JULHO,99,2022-06-04 02:00:00,104.46,71.77,145.9,459.0,476.0,334.0,112.0,30.0,0.0,,outputs/ons-reserva-2021-2022-20260922/raw/ons-2022-06.csv,1ce4ed3b7d7514d1e8adf6e42ba2a1d5f203753fce6fae2f3d82de7da7e3b415,38941,38942
S,Sul,Fio dagua,JACUI,JIUHQJ,14 DE JULHO,99,2022-06-04 03:00:00,104.46,71.77,145.9,476.0,476.0,334.0,112.0,30.0,0.0,,outputs/ons-reserva-2021-2022-20260922/raw/ons-2022-06.csv,1ce4ed3b7d7514d1e8adf6e42ba2a1d5f203753fce6fae2f3d82de7da7e3b415,38942,38943
S,Sul,Fio dagua,JACUI,JIUHQJ,14 DE JULHO,99,2022-06-04 04:00:00,104.45,71.77,144.9,456.0,472.0,334.0,108.0,30.0,0.0,,outputs/ons-reserva-2021-2022-20260922/raw/ons-2022-06.csv,1ce4ed3b7d7514d1e8adf6e42ba2a1d5f203753fce6fae2f3d82de7da7e3b415,38943,38944
S,Sul,Fio dagua,JACUI,JIUHQJ,14 DE JULHO,99,2022-06-04 05:00:00,104.44,71.77,143.91,452.0,468.0,334.0,104.0,30.0,0.0,,outputs/ons-reserva-2021-2022-20260922/raw/ons-2022-06.csv,1ce4ed3b7d7514d1e8adf6e42ba2a1d5f203753fce6fae2f3d82de7da7e3b415,38944,38945
S,Sul,Fio dagua,JACUI,JIUHQJ,14 DE JULHO,99,2022-06-04 06:00:00,104.43,71.77,142.91,448.0,465.0,334.0,100.0,30.0,0.0,,outputs/ons-reserva-2021-2022-20260922/raw/ons-2022-06.csv,1ce4ed3b7d7514d1e8adf6e42ba2a1d5f203753fce6fae2f3d82de7da7e3b415,38945,38946
S,Sul,Fio dagua,JACUI,JIUHQJ,14 DE JULHO,99,2022-06-04 07:00:00,104.42,71.73,141.91,444.0,460.0,334.0,97.0,30.0,0.0,,outputs/ons-reserva-2021-2022-20260922/raw/ons-2022-06.csv,1ce4ed3b7d7514d1e8adf6e42ba2a1d5f203753fce6fae2f3d82de7da7e3b415,38946,38947
S,Sul,Fio dagua,JACUI,JIUHQJ,14 DE JULHO,99,2022-06-04 08:00:00,104.42,71.72,141.91,460.0,460.0,334.0,97.0,30.0,0.0,,outputs/ons-reserva-2021-2022-20260922/raw/ons-2022-06.csv,1ce4ed3b7d7514d1e8adf6e42ba2a1d5f203753fce6fae2f3d82de7da7e3b415,38947,38948
S,Sul,Fio dagua,JACUI,JIUHQJ,14 DE JULHO,99,2022-06-04 09:00:00,104.41,71.72,140.91,441.0,457.0,334.0,93.0,30.0,0.0,,outputs/ons-reserva-2021-2022-20260922/raw/ons-2022-06.csv,1ce4ed3b7d7514d1e8adf6e42ba2a1d5f203753fce6fae2f3d82de7da7e3b415,38948,38949
S,Sul,Fio dagua,JACUI,JIUHQJ,14 DE JULHO,99,2022-06-04 10:00:00,104.4,71.69,139.92,436.0,453.0,334.0,89.0,30.0,0.0,,outputs/ons-reserva-2021-2022-20260922/raw/ons-2022-06.csv,1ce4ed3b7d7514d1e8adf6e42ba2a1d5f203753fce6fae2f3d82de7da7e3b415,38949,38950
S,Sul,Fio dagua,JACUI,JIUHQJ,14 DE JULHO,99,2022-06-04 11:00:00,104.4,71.68,139.92,452.0,452.0,333.0,89.0,30.0,0.0,,outputs/ons-reserva-2021-2022-20260922/raw/ons-2022-06.csv,1ce4ed3b7d7514d1e8adf6e42ba2a1d5f203753fce6fae2f3d82de7da7e3b415,38950,38951
S,Sul,Fio dagua,JACUI,JIUHQJ,14 DE JULHO,99,2022-06-04 12:00:00,104.39,71.69,138.92,433.0,449.0,334.0,86.0,30.0,0.0,,outputs/ons-reserva-2021-2022-20260922/raw/ons-2022-06.csv,1ce4ed3b7d7514d1e8adf6e42ba2a1d5f203753fce6fae2f3d82de7da7e3b415,38951,38952
S,Sul,Fio dagua,JACUI,JIUHQJ,14 DE JULHO,99,2022-06-04 13:00:00,104.38,71.69,137.92,430.0,446.0,334.0,83.0,30.0,0.0,,outputs/ons-reserva-2021-2022-20260922/raw/ons-2022-06.csv,1ce4ed3b7d7514d1e8adf6e42ba2a1d5f203753fce6fae2f3d82de7da7e3b415,38952,38953
S,Sul,Fio dagua,JACUI,JIUHQJ,14 DE JULHO,99,2022-06-04 14:00:00,104.38,71.7,137.92,446.0,446.0,334.0,83.0,30.0,0.0,,outputs/ons-reserva-2021-2022-20260922/raw/ons-2022-06.csv,1ce4ed3b7d7514d1e8adf6e42ba2a1d5f203753fce6fae2f3d82de7da7e3b415,38953,38954
S,Sul,Fio dagua,JACUI,JIUHQJ,14 DE JULHO,99,2022-06-04 15:00:00,104.37,71.69,136.92,427.0,443.0,334.0,79.0,30.0,0.0,,outputs/ons-reserva-2021-2022-20260922/raw/ons-2022-06.csv,1ce4ed3b7d7514d1e8adf6e42ba2a1d5f203753fce6fae2f3d82de7da7e3b415,38954,38955
S,Sul,Fio dagua,JACUI,JIUHQJ,14 DE JULHO,99,2022-06-04 16:00:00,104.36,71.68,135.92,424.0,440.0,334.0,76.0,30.0,0.0,,outputs/ons-reserva-2021-2022-20260922/raw/ons-2022-06.csv,1ce4ed3b7d7514d1e8adf6e42ba2a1d5f203753fce6fae2f3d82de7da7e3b415,38955,38956
S,Sul,Fio dagua,JACUI,JIUHQJ,14 DE JULHO,99,2022-06-04 17:00:00,104.35,71.67,134.93,421.0,437.0,334.0,73.0,30.0,0.0,,outputs/ons-reserva-2021-2022-20260922/raw/ons-2022-06.csv,1ce4ed3b7d7514d1e8adf6e42ba2a1d5f203753fce6fae2f3d82de7da7e3b415,38956,38957
S,Sul,Fio dagua,JACUI,JIUHQJ,14 DE JULHO,99,2022-06-04 18:00:00,104.35,71.66,134.93,437.0,437.0,334.0,73.0,30.0,0.0,,outputs/ons-reserva-2021-2022-20260922/raw/ons-2022-06.csv,1ce4ed3b7d7514d1e8adf6e42ba2a1d5f203753fce6fae2f3d82de7da7e3b415,38957,38958
S,Sul,Fio dagua,JACUI,JIUHQJ,14 DE JULHO,99,2022-06-04 19:00:00,104.34,71.66,133.93,417.0,434.0,334.0,70.0,30.0,0.0,,outputs/ons-reserva-2021-2022-20260922/raw/ons-2022-06.csv,1ce4ed3b7d7514d1e8adf6e42ba2a1d5f203753fce6fae2f3d82de7da7e3b415,38958,38959
S,Sul,Fio dagua,JACUI,JIUHQJ,14 DE JULHO,99,2022-06-04 20:00:00,104.34,71.64,133.93,433.0,433.0,334.0,70.0,30.0,0.0,,outputs/ons-reserva-2021-2022-20260922/raw/ons-2022-06.csv,1ce4ed3b7d7514d1e8adf6e42ba2a1d5f203753fce6fae2f3d82de7da7e3b415,38959,38960
S,Sul,Fio dagua,JACUI,JIUHQJ,14 DE JULHO,99,2022-06-04 21:00:00,104.32,71.63,131.93,395.0,427.0,334.0,63.0,30.0,0.0,,outputs/ons-reserva-2021-2022-20260922/raw/ons-2022-06.csv,1ce4ed3b7d7514d1e8adf6e42ba2a1d5f203753fce6fae2f3d82de7da7e3b415,38960,38961
S,Sul,Fio dagua,JACUI,JIUHQJ,14 DE JULHO,99,2022-06-04 22:00:00,104.32,71.63,131.93,427.0,427.0,334.0,63.0,30.0,0.0,,outputs/ons-reserva-2021-2022-20260922/raw/ons-2022-06.csv,1ce4ed3b7d7514d1e8adf6e42ba2a1d5f203753fce6fae2f3d82de7da7e3b415,38961,38962
S,Sul,Fio dagua,JACUI,JIUHQJ,14 DE JULHO,99,2022-06-04 23:00:00,104.31,71.63,130.93,408.0,424.0,334.0,60.0,30.0,0.0,,outputs/ons-reserva-2021-2022-20260922/raw/ons-2022-06.csv,1ce4ed3b7d7514d1e8adf6e42ba2a1d5f203753fce6fae2f3d82de7da7e3b415,38962,38963
S,Sul,Fio dagua,JACUI,JIUHQJ,14 DE JULHO,99,2022-06-04 23:59:00,104.31,71.61,130.93,424.0,424.0,334.0,60.0,30.0,0.0,,outputs/ons-reserva-2021-2022-20260922/raw/ons-2022-06.csv,1ce4ed3b7d7514d1e8adf6e42ba2a1d5f203753fce6fae2f3d82de7da7e3b415,38963,38964
S,Sul,Fio dagua,JACUI,JIUHQJ,14 DE JULHO,99,2022-06-05 01:00:00,104.3,71.61,129.94,404.0,421.0,334.0,57.0,30.0,0.0,,outputs/ons-reserva-2021-2022-20260922/raw/ons-2022-06.csv,1ce4ed3b7d7514d1e8adf6e42ba2a1d5f203753fce6fae2f3d82de7da7e3b415,38964,38965
S,Sul,Fio dagua,JACUI,JIUHQJ,14 DE JULHO,99,2022-06-05 02:00:00,104.29,71.59,128.94,402.0,418.0,334.0,54.0,30.0,0.0,,outputs/ons-reserva-2021-2022-20260922/raw/ons-2022-06.csv,1ce4ed3b7d7514d1e8adf6e42ba2a1d5f203753fce6fae2f3d82de7da7e3b415,38965,38966
S,Sul,Fio dagua,JACUI,JIUHQJ,14 DE JULHO,99,2022-06-05 03:00:00,104.29,71.59,128.94,418.0,418.0,334.0,54.0,30.0,0.0,,outputs/ons-reserva-2021-2022-20260922/raw/ons-2022-06.csv,1ce4ed3b7d7514d1e8adf6e42ba2a1d5f203753fce6fae2f3d82de7da7e3b415,38966,38967
S,Sul,Fio dagua,JACUI,JIUHQJ,14 DE JULHO,99,2022-06-05 04:00:00,104.29,71.59,128.94,418.0,418.0,334.0,54.0,30.0,0.0,,outputs/ons-reserva-2021-2022-20260922/raw/ons-2022-06.csv,1ce4ed3b7d7514d1e8adf6e42ba2a1d5f203753fce6fae2f3d82de7da7e3b415,38967,38968
S,Sul,Fio dagua,JACUI,JIUHQJ,14 DE JULHO,99,2022-06-05 05:00:00,104.28,71.59,127.94,399.0,415.0,334.0,52.0,30.0,0.0,,outputs/ons-reserva-2021-2022-20260922/raw/ons-2022-06.csv,1ce4ed3b7d7514d1e8adf6e42ba2a1d5f203753fce6fae2f3d82de7da7e3b415,38968,38969
S,Sul,Fio dagua,JACUI,JIUHQJ,14 DE JULHO,99,2022-06-05 06:00:00,104.27,71.59,126.94,396.0,413.0,334.0,49.0,30.0,0.0,,outputs/ons-reserva-2021-2022-20260922/raw/ons-2022-06.csv,1ce4ed3b7d7514d1e8adf6e42ba2a1d5f203753fce6fae2f3d82de7da7e3b415,38969,38970
S,Sul,Fio dagua,JACUI,JIUHQJ,14 DE JULHO,99,2022-06-05 07:00:00,104.27,71.59,126.94,413.0,413.0,334.0,49.0,30.0,0.0,,outputs/ons-reserva-2021-2022-20260922/raw/ons-2022-06.csv,1ce4ed3b7d7514d1e8adf6e42ba2a1d5f203753fce6fae2f3d82de7da7e3b415,38970,38971
S,Sul,Fio dagua,JACUI,JIUHQJ,14 DE JULHO,99,2022-06-05 08:00:00,104.27,71.56,126.94,412.0,412.0,333.0,49.0,30.0,0.0,,outputs/ons-reserva-2021-2022-20260922/raw/ons-2022-06.csv,1ce4ed3b7d7514d1e8adf6e42ba2a1d5f203753fce6fae2f3d82de7da7e3b415,38971,38972
S,Sul,Fio dagua,JACUI,JIUHQJ,14 DE JULHO,99,2022-06-05 09:00:00,104.27,71.58,126.94,412.0,412.0,334.0,49.0,30.0,0.0,,outputs/ons-reserva-2021-2022-20260922/raw/ons-2022-06.csv,1ce4ed3b7d7514d1e8adf6e42ba2a1d5f203753fce6fae2f3d82de7da7e3b415,38972,38973
S,Sul,Fio dagua,JACUI,JIUHQJ,14 DE JULHO,99,2022-06-05 10:00:00,104.26,71.56,125.94,394.0,410.0,334.0,46.0,30.0,0.0,,outputs/ons-reserva-2021-2022-20260922/raw/ons-2022-06.csv,1ce4ed3b7d7514d1e8adf6e42ba2a1d5f203753fce6fae2f3d82de7da7e3b415,38973,38974
S,Sul,Fio dagua,JACUI,JIUHQJ,14 DE JULHO,99,2022-06-05 11:00:00,104.26,71.58,125.94,410.0,410.0,334.0,46.0,30.0,0.0,,outputs/ons-reserva-2021-2022-20260922/raw/ons-2022-06.csv,1ce4ed3b7d7514d1e8adf6e42ba2a1d5f203753fce6fae2f3d82de7da7e3b415,38974,38975
S,Sul,Fio dagua,JACUI,JIUHQJ,14 DE JULHO,99,2022-06-05 12:00:00,104.26,71.57,125.94,410.0,410.0,334.0,46.0,30.0,0.0,,outputs/ons-reserva-2021-2022-20260922/raw/ons-2022-06.csv,1ce4ed3b7d7514d1e8adf6e42ba2a1d5f203753fce6fae2f3d82de7da7e3b415,38975,38976
S,Sul,Fio dagua,JACUI,JIUHQJ,14 DE JULHO,99,2022-06-05 13:00:00,104.25,71.59,124.95,391.0,407.0,334.0,44.0,30.0,0.0,,outputs/ons-reserva-2021-2022-20260922/raw/ons-2022-06.csv,1ce4ed3b7d7514d1e8adf6e42ba2a1d5f203753fce6fae2f3d82de7da7e3b415,38976,38977
S,Sul,Fio dagua,JACUI,JIUHQJ,14 DE JULHO,99,2022-06-05 14:00:00,104.25,71.58,124.95,407.0,407.0,334.0,44.0,30.0,0.0,,outputs/ons-reserva-2021-2022-20260922/raw/ons-2022-06.csv,1ce4ed3b7d7514d1e8adf6e42ba2a1d5f203753fce6fae2f3d82de7da7e3b415,38977,38978
S,Sul,Fio dagua,JACUI,JIUHQJ,14 DE JULHO,99,2022-06-05 15:00:00,104.25,71.57,124.95,407.0,407.0,334.0,44.0,30.0,0.0,,outputs/ons-reserva-2021-2022-20260922/raw/ons-2022-06.csv,1ce4ed3b7d7514d1e8adf6e42ba2a1d5f203753fce6fae2f3d82de7da7e3b415,38978,38979
S,Sul,Fio dagua,JACUI,JIUHQJ,14 DE JULHO,99,2022-06-05 16:00:00,104.26,71.59,125.94,426.0,410.0,334.0,46.0,30.0,0.0,,outputs/ons-reserva-2021-2022-20260922/raw/ons-2022-06.csv,1ce4ed3b7d7514d1e8adf6e42ba2a1d5f203753fce6fae2f3d82de7da7e3b415,38979,38980
S,Sul,Fio dagua,JACUI,JIUHQJ,14 DE JULHO,99,2022-06-05 17:00:00,104.26,71.59,125.94,410.0,410.0,334.0,46.0,30.0,0.0,,outputs/ons-reserva-2021-2022-20260922/raw/ons-2022-06.csv,1ce4ed3b7d7514d1e8adf6e42ba2a1d5f203753fce6fae2f3d82de7da7e3b415,38980,38981
S,Sul,Fio dagua,JACUI,JIUHQJ,14 DE JULHO,99,2022-06-05 18:00:00,104.26,71.59,125.94,410.0,410.0,334.0,46.0,30.0,0.0,,outputs/ons-reserva-2021-2022-20260922/raw/ons-2022-06.csv,1ce4ed3b7d7514d1e8adf6e42ba2a1d5f203753fce6fae2f3d82de7da7e3b415,38981,38982
S,Sul,Fio dagua,JACUI,JIUHQJ,14 DE JULHO,99,2022-06-05 19:00:00,104.27,71.59,126.94,429.0,413.0,334.0,49.0,30.0,0.0,,outputs/ons-reserva-2021-2022-20260922/raw/ons-2022-06.csv,1ce4ed3b7d7514d1e8adf6e42ba2a1d5f203753fce6fae2f3d82de7da7e3b415,38982,38983
S,Sul,Fio dagua,JACUI,JIUHQJ,14 DE JULHO,99,2022-06-05 20:00:00,104.29,71.59,128.94,450.0,418.0,334.0,54.0,30.0,0.0,,outputs/ons-reserva-2021-2022-20260922/raw/ons-2022-06.csv,1ce4ed3b7d7514d1e8adf6e42ba2a1d5f203753fce6fae2f3d82de7da7e3b415,38983,38984
S,Sul,Fio dagua,JACUI,JIUHQJ,14 DE JULHO,99,2022-06-05 21:00:00,104.31,71.59,130.93,456.0,424.0,333.0,60.0,30.0,0.0,,outputs/ons-reserva-2021-2022-20260922/raw/ons-2022-06.csv,1ce4ed3b7d7514d1e8adf6e42ba2a1d5f203753fce6fae2f3d82de7da7e3b415,38984,38985
S,Sul,Fio dagua,JACUI,JIUHQJ,14 DE JULHO,99,2022-06-05 22:00:00,104.35,71.63,134.93,501.0,436.0,333.0,73.0,30.0,0.0,,outputs/ons-reserva-2021-2022-20260922/raw/ons-2022-06.csv,1ce4ed3b7d7514d1e8adf6e42ba2a1d5f203753fce6fae2f3d82de7da7e3b415,38985,38986
S,Sul,Fio dagua,JACUI,JIUHQJ,14 DE JULHO,99,2022-06-05 23:00:00,104.38,71.64,137.92,494.0,446.0,333.0,83.0,30.0,0.0,,outputs/ons-reserva-2021-2022-20260922/raw/ons-2022-06.csv,1ce4ed3b7d7514d1e8adf6e42ba2a1d5f203753fce6fae2f3d82de7da7e3b415,38986,38987
S,Sul,Fio dagua,JACUI,JIUHQJ,14 DE JULHO,99,2022-06-05 23:59:00,104.43,71.69,142.91,544.0,464.0,333.0,100.0,30.0,0.0,,outputs/ons-reserva-2021-2022-20260922/raw/ons-2022-06.csv,1ce4ed3b7d7514d1e8adf6e42ba2a1d5f203753fce6fae2f3d82de7da7e3b415,38987,38988
S,Sul,Fio dagua,JACUI,JIUHQJ,14 DE JULHO,99,2022-06-06 01:00:00,104.49,71.73,148.9,583.0,486.0,333.0,123.0,30.0,0.0,,outputs/ons-reserva-2021-2022-20260922/raw/ons-2022-06.csv,1ce4ed3b7d7514d1e8adf6e42ba2a1d5f203753fce6fae2f3d82de7da7e3b415,38988,38989
S,Sul,Fio dagua,JACUI,JIUHQJ,14 DE JULHO,99,2022-06-06 02:00:00,104.56,71.8,155.88,630.0,517.0,333.0,153.0,30.0,0.0,,outputs/ons-reserva-2021-2022-20260922/raw/ons-2022-06.csv,1ce4ed3b7d7514d1e8adf6e42ba2a1d5f203753fce6fae2f3d82de7da7e3b415,38989,38990
S,Sul,Fio dagua,JACUI,JIUHQJ,14 DE JULHO,99,2022-06-06 03:00:00,104.62,71.89,161.87,641.0,544.0,333.0,181.0,30.0,0.0,,outputs/ons-reserva-2021-2022-20260922/raw/ons-2022-06.csv,1ce4ed3b7d7514d1e8adf6e42ba2a1d5f203753fce6fae2f3d82de7da7e3b415,38990,38991
S,Sul,Fio dagua,JACUI,JIUHQJ,14 DE JULHO,99,2022-06-06 04:00:00,104.75,71.99,174.84,821.0,611.0,333.0,248.0,31.0,0.0,,outputs/ons-reserva-2021-2022-20260922/raw/ons-2022-06.csv,1ce4ed3b7d7514d1e8adf6e42ba2a1d5f203753fce6fae2f3d82de7da7e3b415,38991,38992
S,Sul,Fio dagua,JACUI,JIUHQJ,14 DE JULHO,99,2022-06-06 05:00:00,104.8,72.07,179.83,720.0,639.0,333.0,275.0,31.0,0.0,,outputs/ons-reserva-2021-2022-20260922/raw/ons-2022-06.csv,1ce4ed3b7d7514d1e8adf6e42ba2a1d5f203753fce6fae2f3d82de7da7e3b415,38992,38993
S,Sul,Fio dagua,JACUI,JIUHQJ,14 DE JULHO,99,2022-06-06 06:00:00,104.94,72.23,193.8,951.0,725.0,333.0,361.0,31.0,0.0,,outputs/ons-reserva-2021-2022-20260922/raw/ons-2022-06.csv,1ce4ed3b7d7514d1e8adf6e42ba2a1d5f203753fce6fae2f3d82de7da7e3b415,38993,38994
S,Sul,Fio dagua,JACUI,JIUHQJ,14 DE JULHO,99,2022-06-06 07:00:00,105.04,72.38,205.1,953.0,792.0,334.0,427.0,31.0,0.0,,outputs/ons-reserva-2021-2022-20260922/raw/ons-2022-06.csv,1ce4ed3b7d7514d1e8adf6e42ba2a1d5f203753fce6fae2f3d82de7da7e3b415,38994,38995
S,Sul,Fio dagua,JACUI,JIUHQJ,14 DE JULHO,99,2022-06-06 08:00:00,105.22,72.64,228.98,1213.0,923.0,335.0,557.0,31.0,0.0,,outputs/ons-reserva-2021-2022-20260922/raw/ons-2022-06.csv,1ce4ed3b7d7514d1e8adf6e42ba2a1d5f203753fce6fae2f3d82de7da7e3b415,38995,38996
S,Sul,Fio dagua,JACUI,JIUHQJ,14 DE JULHO,99,2022-06-06 09:00:00,105.46,72.48,260.83,1454.0,1067.0,282.0,753.0,32.0,0.0,,outputs/ons-reserva-2021-2022-20260922/raw/ons-2022-06.csv,1ce4ed3b7d7514d1e8adf6e42ba2a1d5f203753fce6fae2f3d82de7da7e3b415,38996,38997
S,Sul,Fio dagua,JACUI,JIUHQJ,14 DE JULHO,99,2022-06-06 10:00:00,105.79,72.5,304.62,1631.0,1099.0,0.0,1067.0,32.0,0.0,,outputs/ons-reserva-2021-2022-20260922/raw/ons-2022-06.csv,1ce4ed3b7d7514d1e8adf6e42ba2a1d5f203753fce6fae2f3d82de7da7e3b415,38997,38998
S,Sul,Fio dagua,JACUI,JIUHQJ,14 DE JULHO,99,2022-06-06 11:00:00,105.96,73.8,327.18,1676.0,1402.0,120.0,1250.0,33.0,0.0,,outputs/ons-reserva-2021-2022-20260922/raw/ons-2022-06.csv,1ce4ed3b7d7514d1e8adf6e42ba2a1d5f203753fce6fae2f3d82de7da7e3b415,38998,38999
S,Sul,Fio dagua,JACUI,JIUHQJ,14 DE JULHO,99,2022-06-06 12:00:00,106.02,74.64,335.14,2211.0,2114.0,346.0,1736.0,33.0,0.0,,outputs/ons-reserva-2021-2022-20260922/raw/ons-2022-06.csv,1ce4ed3b7d7514d1e8adf6e42ba2a1d5f203753fce6fae2f3d82de7da7e3b415,38999,39000
S,Sul,Fio dagua,JACUI,JIUHQJ,14 DE JULHO,99,2022-06-06 13:00:00,106.09,75.32,344.43,2703.0,2590.0,329.0,2228.0,33.0,0.0,,outputs/ons-reserva-2021-2022-20260922/raw/ons-2022-06.csv,1ce4ed3b7d7514d1e8adf6e42ba2a1d5f203753fce6fae2f3d82de7da7e3b415,39000,39001
S,Sul,Fio dagua,JACUI,JIUHQJ,14 DE JULHO,99,2022-06-06 14:00:00,106.07,76.1,341.77,2940.0,2972.0,328.0,2611.0,33.0,0.0,,outputs/ons-reserva-2021-2022-20260922/raw/ons-2022-06.csv,1ce4ed3b7d7514d1e8adf6e42ba2a1d5f203753fce6fae2f3d82de7da7e3b415,39001,39002
S,Sul,Fio dagua,JACUI,JIUHQJ,14 DE JULHO,99,2022-06-06 15:00:00,106.16,76.54,353.72,3222.0,3077.0,328.0,2715.0,33.0,0.0,,outputs/ons-reserva-2021-2022-20260922/raw/ons-2022-06.csv,1ce4ed3b7d7514d1e8adf6e42ba2a1d5f203753fce6fae2f3d82de7da7e3b415,39002,39003
S,Sul,Fio dagua,JACUI,JIUHQJ,14 DE JULHO,99,2022-06-06 16:00:00,106.32,76.82,374.95,3526.0,3268.0,330.0,2905.0,33.0,0.0,,outputs/ons-reserva-2021-2022-20260922/raw/ons-2022-06.csv,1ce4ed3b7d7514d1e8adf6e42ba2a1d5f203753fce6fae2f3d82de7da7e3b415,39003,39004
S,Sul,Fio dagua,JACUI,JIUHQJ,14 DE JULHO,99,2022-06-06 17:00:00,106.48,77.08,396.18,3722.0,3464.0,326.0,3105.0,34.0,0.0,,outputs/ons-reserva-2021-2022-20260922/raw/ons-2022-06.csv,1ce4ed3b7d7514d1e8adf6e42ba2a1d5f203753fce6fae2f3d82de7da7e3b415,39004,39005
S,Sul,Fio dagua,JACUI,JIUHQJ,14 DE JULHO,99,2022-06-06 18:00:00,106.61,77.42,413.43,3834.0,3625.0,316.0,3275.0,34.0,0.0,,outputs/ons-reserva-2021-2022-20260922/raw/ons-2022-06.csv,1ce4ed3b7d7514d1e8adf6e42ba2a1d5f203753fce6fae2f3d82de7da7e3b415,39005,39006
S,Sul,Fio dagua,JACUI,JIUHQJ,14 DE JULHO,99,2022-06-06 19:00:00,106.75,77.56,432.01,4038.0,3813.0,314.0,3465.0,34.0,0.0,,outputs/ons-reserva-2021-2022-20260922/raw/ons-2022-06.csv,1ce4ed3b7d7514d1e8adf6e42ba2a1d5f203753fce6fae2f3d82de7da7e3b415,39006,39007
S,Sul,Fio dagua,JACUI,JIUHQJ,14 DE JULHO,99,2022-06-06 20:00:00,106.92,77.96,454.56,4330.0,4056.0,317.0,3705.0,34.0,0.0,,outputs/ons-reserva-2021-2022-20260922/raw/ons-2022-06.csv,1ce4ed3b7d7514d1e8adf6e42ba2a1d5f203753fce6fae2f3d82de7da7e3b415,39007,39008
S,Sul,Fio dagua,JACUI,JIUHQJ,14 DE JULHO,99,2022-06-06 21:00:00,107.06,78.31,473.14,4488.0,4263.0,319.0,3910.0,34.0,0.0,,outputs/ons-reserva-2021-2022-20260922/raw/ons-2022-06.csv,1ce4ed3b7d7514d1e8adf6e42ba2a1d5f203753fce6fae2f3d82de7da7e3b415,39008,39009
S,Sul,Fio dagua,JACUI,JIUHQJ,14 DE JULHO,99,2022-06-06 22:00:00,107.09,78.31,477.12,4355.0,4306.0,319.0,3953.0,35.0,0.0,,outputs/ons-reserva-2021-2022-20260922/raw/ons-2022-06.csv,1ce4ed3b7d7514d1e8adf6e42ba2a1d5f203753fce6fae2f3d82de7da7e3b415,39009,39010
S,Sul,Fio dagua,JACUI,JIUHQJ,14 DE JULHO,99,2022-06-06 23:00:00,107.14,78.6,483.76,4463.0,4382.0,321.0,4027.0,35.0,0.0,,outputs/ons-reserva-2021-2022-20260922/raw/ons-2022-06.csv,1ce4ed3b7d7514d1e8adf6e42ba2a1d5f203753fce6fae2f3d82de7da7e3b415,39010,39011
S,Sul,Fio dagua,JACUI,JIUHQJ,14 DE JULHO,99,2022-06-06 23:59:00,107.14,78.76,483.76,4381.0,4381.0,320.0,4027.0,35.0,0.0,,outputs/ons-reserva-2021-2022-20260922/raw/ons-2022-06.csv,1ce4ed3b7d7514d1e8adf6e42ba2a1d5f203753fce6fae2f3d82de7da7e3b415,39011,39012
S,Sul,Fio dagua,JACUI,JIUHQJ,14 DE JULHO,99,2022-06-07 01:00:00,107.13,78.73,482.43,4346.0,4362.0,315.0,4012.0,35.0,0.0,,outputs/ons-reserva-2021-2022-20260922/raw/ons-2022-06.csv,1ce4ed3b7d7514d1e8adf6e42ba2a1d5f203753fce6fae2f3d82de7da7e3b415,39012,39013
S,Sul,Fio dagua,JACUI,JIUHQJ,14 DE JULHO,99,2022-06-07 02:00:00,107.12,78.7,481.1,4311.0,4327.0,295.0,3997.0,35.0,0.0,,outputs/ons-reserva-2021-2022-20260922/raw/ons-2022-06.csv,1ce4ed3b7d7514d1e8adf6e42ba2a1d5f203753fce6fae2f3d82de7da7e3b415,39013,39014
S,Sul,Fio dagua,JACUI,JIUHQJ,14 DE JULHO,99,2022-06-07 03:00:00,107.08,78.62,475.8,4188.0,4253.0,280.0,3939.0,35.0,0.0,,outputs/ons-reserva-2021-2022-20260922/raw/ons-2022-06.csv,1ce4ed3b7d7514d1e8adf6e42ba2a1d5f203753fce6fae2f3d82de7da7e3b415,39014,39015
S,Sul,Fio dagua,JACUI,JIUHQJ,14 DE JULHO,99,2022-06-07 04:00:00,107.03,78.56,469.16,4099.0,4180.0,280.0,3866.0,34.0,0.0,,outputs/ons-reserva-2021-2022-20260922/raw/ons-2022-06.csv,1ce4ed3b7d7514d1e8adf6e42ba2a1d5f203753fce6fae2f3d82de7da7e3b415,39015,39016
S,Sul,Fio dagua,JACUI,JIUHQJ,14 DE JULHO,99,2022-06-07 05:00:00,106.97,78.44,461.2,3995.0,4092.0,279.0,3778.0,34.0,0.0,,outputs/ons-reserva-2021-2022-20260922/raw/ons-2022-06.csv,1ce4ed3b7d7514d1e8adf6e42ba2a1d5f203753fce6fae2f3d82de7da7e3b415,39016,39017
S,Sul,Fio dagua,JACUI,JIUHQJ,14 DE JULHO,99,2022-06-07 06:00:00,106.93,78.31,455.89,3968.0,4032.0,278.0,3720.0,34.0,0.0,,outputs/ons-reserva-2021-2022-20260922/raw/ons-2022-06.csv,1ce4ed3b7d7514d1e8adf6e42ba2a1d5f203753fce6fae2f3d82de7da7e3b415,39017,39018
S,Sul,Fio dagua,JACUI,JIUHQJ,14 DE JULHO,99,2022-06-07 07:00:00,106.84,78.17,443.95,3764.0,3909.0,284.0,3591.0,34.0,0.0,,outputs/ons-reserva-2021-2022-20260922/raw/ons-2022-06.csv,1ce4ed3b7d7514d1e8adf6e42ba2a1d5f203753fce6fae2f3d82de7da7e3b415,39018,39019
S,Sul,Fio dagua,JACUI,JIUHQJ,14 DE JULHO,99,2022-06-07 08:00:00,106.75,78.05,432.01,3648.0,3793.0,295.0,3465.0,34.0,0.0,,outputs/ons-reserva-2021-2022-20260922/raw/ons-2022-06.csv,1ce4ed3b7d7514d1e8adf6e42ba2a1d5f203753fce6fae2f3d82de7da7e3b415,39019,39020
S,Sul,Fio dagua,JACUI,JIUHQJ,14 DE JULHO,99,2022-06-07 09:00:00,106.66,77.85,420.06,3534.0,3679.0,303.0,3342.0,34.0,0.0,,outputs/ons-reserva-2021-2022-20260922/raw/ons-2022-06.csv,1ce4ed3b7d7514d1e8adf6e42ba2a1d5f203753fce6fae2f3d82de7da7e3b415,39020,39021
S,Sul,Fio dagua,JACUI,JIUHQJ,14 DE JULHO,99,2022-06-07 10:00:00,106.57,77.68,408.12,3419.0,3564.0,308.0,3222.0,34.0,0.0,,outputs/ons-reserva-2021-2022-20260922/raw/ons-2022-06.csv,1ce4ed3b7d7514d1e8adf6e42ba2a1d5f203753fce6fae2f3d82de7da7e3b415,39021,39022
S,Sul,Fio dagua,JACUI,JIUHQJ,14 DE JULHO,99,2022-06-07 11:00:00,106.56,77.52,406.79,3536.0,3552.0,310.0,3209.0,34.0,0.0,,outputs/ons-reserva-2021-2022-20260922/raw/ons-2022-06.csv,1ce4ed3b7d7514d1e8adf6e42ba2a1d5f203753fce6fae2f3d82de7da7e3b415,39022,39023
S,Sul,Fio dagua,JACUI,JIUHQJ,14 DE JULHO,99,2022-06-07 12:00:00,106.46,77.43,393.52,3264.0,3425.0,312.0,3080.0,34.0,0.0,,outputs/ons-reserva-2021-2022-20260922/raw/ons-2022-06.csv,1ce4ed3b7d7514d1e8adf6e42ba2a1d5f203753fce6fae2f3d82de7da7e3b415,39023,39024
S,Sul,Fio dagua,JACUI,JIUHQJ,14 DE JULHO,99,2022-06-07 13:00:00,106.32,77.27,374.95,3025.0,3251.0,312.0,2905.0,33.0,0.0,,outputs/ons-reserva-2021-2022-20260922/raw/ons-2022-06.csv,1ce4ed3b7d7514d1e8adf6e42ba2a1d5f203753fce6fae2f3d82de7da7e3b415,39024,39025
S,Sul,Fio dagua,JACUI,JIUHQJ,14 DE JULHO,99,2022-06-07 14:00:00,106.21,77.04,360.35,2947.0,3124.0,317.0,2774.0,33.0,0.0,,outputs/ons-reserva-2021-2022-20260922/raw/ons-2022-06.csv,1ce4ed3b7d7514d1e8adf6e42ba2a1d5f203753fce6fae2f3d82de7da7e3b415,39025,39026
S,Sul,Fio dagua,JACUI,JIUHQJ,14 DE JULHO,99,2022-06-07 15:00:00,106.11,76.8,347.08,2854.0,3015.0,325.0,2657.0,33.0,0.0,,outputs/ons-reserva-2021-2022-20260922/raw/ons-2022-06.csv,1ce4ed3b7d7514d1e8adf6e42ba2a1d5f203753fce6fae2f3d82de7da7e3b415,39026,39027
S,Sul,Fio dagua,JACUI,JIUHQJ,14 DE JULHO,99,2022-06-07 16:00:00,106.0,76.54,332.48,2709.0,2886.0,323.0,2530.0,33.0,0.0,,outputs/ons-reserva-2021-2022-20260922/raw/ons-2022-06.csv,1ce4ed3b7d7514d1e8adf6e42ba2a1d5f203753fce6fae2f3d82de7da7e3b415,39027,39028
S,Sul,Fio dagua,JACUI,JIUHQJ,14 DE JULHO,99,2022-06-07 17:00:00,105.85,76.15,312.58,2468.0,2710.0,316.0,2361.0,33.0,0.0,,outputs/ons-reserva-2021-2022-20260922/raw/ons-2022-06.csv,1ce4ed3b7d7514d1e8adf6e42ba2a1d5f203753fce6fae2f3d82de7da7e3b415,39028,39029
S,Sul,Fio dagua,JACUI,JIUHQJ,14 DE JULHO,99,2022-06-07 18:00:00,105.93,76.38,323.2,2802.0,2802.0,319.0,2450.0,33.0,0.0,,outputs/ons-reserva-2021-2022-20260922/raw/ons-2022-06.csv,1ce4ed3b7d7514d1e8adf6e42ba2a1d5f203753fce6fae2f3d82de7da7e3b415,39029,39030
S,Sul,Fio dagua,JACUI,JIUHQJ,14 DE JULHO,99,2022-06-07 19:00:00,105.78,76.02,303.29,2392.0,2634.0,315.0,2286.0,32.0,0.0,,outputs/ons-reserva-2021-2022-20260922/raw/ons-2022-06.csv,1ce4ed3b7d7514d1e8adf6e42ba2a1d5f203753fce6fae2f3d82de7da7e3b415,39030,39031
S,Sul,Fio dagua,JACUI,JIUHQJ,14 DE JULHO,99,2022-06-07 20:00:00,105.72,75.9,295.33,2474.0,2571.0,314.0,2224.0,32.0,0.0,,outputs/ons-reserva-2021-2022-20260922/raw/ons-2022-06.csv,1ce4ed3b7d7514d1e8adf6e42ba2a1d5f203753fce6fae2f3d82de7da7e3b415,39031,39032
S,Sul,Fio dagua,JACUI,JIUHQJ,14 DE JULHO,99,2022-06-07 21:00:00,105.65,75.8,286.04,2354.0,2467.0,314.0,2153.0,0.0,0.0,,outputs/ons-reserva-2021-2022-20260922/raw/ons-2022-06.csv,1ce4ed3b7d7514d1e8adf6e42ba2a1d5f203753fce6fae2f3d82de7da7e3b415,39032,39033
S,Sul,Fio dagua,JACUI,JIUHQJ,14 DE JULHO,99,2022-06-07 22:00:00,105.7,75.57,292.68,2426.0,2346.0,311.0,2002.0,32.0,0.0,,outputs/ons-reserva-2021-2022-20260922/raw/ons-2022-06.csv,1ce4ed3b7d7514d1e8adf6e42ba2a1d5f203753fce6fae2f3d82de7da7e3b415,39033,39034
S,Sul,Fio dagua,JACUI,JIUHQJ,14 DE JULHO,99,2022-06-07 23:00:00,105.74,75.26,297.98,2247.0,2182.0,308.0,1842.0,32.0,0.0,,outputs/ons-reserva-2021-2022-20260922/raw/ons-2022-06.csv,1ce4ed3b7d7514d1e8adf6e42ba2a1d5f203753fce6fae2f3d82de7da7e3b415,39034,39035
S,Sul,Fio dagua,JACUI,JIUHQJ,14 DE JULHO,99,2022-06-07 23:59:00,105.72,75.23,295.33,2133.0,2165.0,311.0,1821.0,32.0,0.0,,outputs/ons-reserva-2021-2022-20260922/raw/ons-2022-06.csv,1ce4ed3b7d7514d1e8adf6e42ba2a1d5f203753fce6fae2f3d82de7da7e3b415,39035,39036
S,Sul,Fio dagua,JACUI,JIUHQJ,14 DE JULHO,99,2022-06-08 01:00:00,105.68,75.16,290.02,2060.0,2124.0,311.0,1781.0,32.0,0.0,,outputs/ons-reserva-2021-2022-20260922/raw/ons-2022-06.csv,1ce4ed3b7d7514d1e8adf6e42ba2a1d5f203753fce6fae2f3d82de7da7e3b415,39036,39037
S,Sul,Fio dagua,JACUI,JIUHQJ,14 DE JULHO,99,2022-06-08 02:00:00,105.66,75.09,287.37,2072.0,2104.0,310.0,1761.0,32.0,0.0,,outputs/ons-reserva-2021-2022-20260922/raw/ons-2022-06.csv,1ce4ed3b7d7514d1e8adf6e42ba2a1d5f203753fce6fae2f3d82de7da7e3b415,39037,39038
S,Sul,Fio dagua,JACUI,JIUHQJ,14 DE JULHO,99,2022-06-08 03:00:00,105.62,75.03,282.06,2000.0,2064.0,310.0,1722.0,32.0,0.0,,outputs/ons-reserva-2021-2022-20260922/raw/ons-2022-06.csv,1ce4ed3b7d7514d1e8adf6e42ba2a1d5f203753fce6fae2f3d82de7da7e3b415,39038,39039
S,Sul,Fio dagua,JACUI,JIUHQJ,14 DE JULHO,99,2022-06-08 04:00:00,105.58,74.93,276.75,1961.0,2025.0,310.0,1683.0,32.0,0.0,,outputs/ons-reserva-2021-2022-20260922/raw/ons-2022-06.csv,1ce4ed3b7d7514d1e8adf6e42ba2a1d5f203753fce6fae2f3d82de7da7e3b415,39039,39040
S,Sul,Fio dagua,JACUI,JIUHQJ,14 DE JULHO,99,2022-06-08 05:00:00,105.64,74.82,284.71,1770.0,1673.0,308.0,1333.0,32.0,0.0,,outputs/ons-reserva-2021-2022-20260922/raw/ons-2022-06.csv,1ce4ed3b7d7514d1e8adf6e42ba2a1d5f203753fce6fae2f3d82de7da7e3b415,39040,39041
S,Sul,Fio dagua,JACUI,JIUHQJ,14 DE JULHO,99,2022-06-08 06:00:00,105.71,74.48,294.0,1851.0,1739.0,304.0,1402.0,32.0,0.0,,outputs/ons-reserva-2021-2022-20260922/raw/ons-2022-06.csv,1ce4ed3b7d7514d1e8adf6e42ba2a1d5f203753fce6fae2f3d82de7da7e3b415,39041,39042
S,Sul,Fio dagua,JACUI,JIUHQJ,14 DE JULHO,99,2022-06-08 07:00:00,105.69,74.46,291.35,1706.0,1738.0,324.0,1382.0,32.0,0.0,,outputs/ons-reserva-2021-2022-20260922/raw/ons-2022-06.csv,1ce4ed3b7d7514d1e8adf6e42ba2a1d5f203753fce6fae2f3d82de7da7e3b415,39042,39043
S,Sul,Fio dagua,JACUI,JIUHQJ,14 DE JULHO,99,2022-06-08 08:00:00,105.72,74.42,295.33,1614.0,1566.0,329.0,1205.0,32.0,0.0,,outputs/ons-reserva-2021-2022-20260922/raw/ons-2022-06.csv,1ce4ed3b7d7514d1e8adf6e42ba2a1d5f203753fce6fae2f3d82de7da7e3b415,39043,39044
S,Sul,Fio dagua,JACUI,JIUHQJ,14 DE JULHO,99,2022-06-08 09:00:00,105.76,74.24,300.64,1670.0,1606.0,328.0,1246.0,32.0,0.0,,outputs/ons-reserva-2021-2022-20260922/raw/ons-2022-06.csv,1ce4ed3b7d7514d1e8adf6e42ba2a1d5f203753fce6fae2f3d82de7da7e3b415,39044,39045
S,Sul,Fio dagua,JACUI,JIUHQJ,14 DE JULHO,99,2022-06-08 10:00:00,105.77,74.24,301.96,1637.0,1621.0,332.0,1256.0,32.0,0.0,,outputs/ons-reserva-2021-2022-20260922/raw/ons-2022-06.csv,1ce4ed3b7d7514d1e8adf6e42ba2a1d5f203753fce6fae2f3d82de7da7e3b415,39045,39046
S,Sul,Fio dagua,JACUI,JIUHQJ,14 DE JULHO,99,2022-06-08 11:00:00,105.78,74.2,303.29,1546.0,1530.0,336.0,1161.0,32.0,0.0,,outputs/ons-reserva-2021-2022-20260922/raw/ons-2022-06.csv,1ce4ed3b7d7514d1e8adf6e42ba2a1d5f203753fce6fae2f3d82de7da7e3b415,39046,39047
S,Sul,Fio dagua,JACUI,JIUHQJ,14 DE JULHO,99,2022-06-08 12:00:00,105.78,74.2,303.29,1530.0,1530.0,336.0,1161.0,32.0,0.0,,outputs/ons-reserva-2021-2022-20260922/raw/ons-2022-06.csv,1ce4ed3b7d7514d1e8adf6e42ba2a1d5f203753fce6fae2f3d82de7da7e3b415,39047,39048
S,Sul,Fio dagua,JACUI,JIUHQJ,14 DE JULHO,99,2022-06-08 13:00:00,105.8,74.1,305.94,1476.0,1444.0,335.0,1077.0,32.0,0.0,,outputs/ons-reserva-2021-2022-20260922/raw/ons-2022-06.csv,1ce4ed3b7d7514d1e8adf6e42ba2a1d5f203753fce6fae2f3d82de7da7e3b415,39048,39049
S,Sul,Fio dagua,JACUI,JIUHQJ,14 DE JULHO,99,2022-06-08 14:00:00,105.82,74.02,308.6,1497.0,1464.0,334.0,1098.0,32.0,0.0,,outputs/ons-reserva-2021-2022-20260922/raw/ons-2022-06.csv,1ce4ed3b7d7514d1e8adf6e42ba2a1d5f203753fce6fae2f3d82de7da7e3b415,39049,39050
S,Sul,Fio dagua,JACUI,JIUHQJ,14 DE JULHO,99,2022-06-08 15:00:00,105.79,73.98,304.62,1387.0,1436.0,336.0,1067.0,32.0,0.0,,outputs/ons-reserva-2021-2022-20260922/raw/ons-2022-06.csv,1ce4ed3b7d7514d1e8adf6e42ba2a1d5f203753fce6fae2f3d82de7da7e3b415,39050,39051
S,Sul,Fio dagua,JACUI,JIUHQJ,14 DE JULHO,99,2022-06-08 16:00:00,105.76,73.95,300.64,1358.0,1407.0,338.0,1037.0,32.0,0.0,,outputs/ons-reserva-2021-2022-20260922/raw/ons-2022-06.csv,1ce4ed3b7d7514d1e8adf6e42ba2a1d5f203753fce6fae2f3d82de7da7e3b415,39051,39052
S,Sul,Fio dagua,JACUI,JIUHQJ,14 DE JULHO,99,2022-06-08 17:00:00,105.73,73.9,296.66,1328.0,1376.0,338.0,1006.0,32.0,0.0,,outputs/ons-reserva-2021-2022-20260922/raw/ons-2022-06.csv,1ce4ed3b7d7514d1e8adf6e42ba2a1d5f203753fce6fae2f3d82de7da7e3b415,39052,39053
S,Sul,Fio dagua,JACUI,JIUHQJ,14 DE JULHO,99,2022-06-08 18:00:00,105.7,73.85,292.68,1297.0,1346.0,337.0,976.0,32.0,0.0,,outputs/ons-reserva-2021-2022-20260922/raw/ons-2022-06.csv,1ce4ed3b7d7514d1e8adf6e42ba2a1d5f203753fce6fae2f3d82de7da7e3b415,39053,39054
S,Sul,Fio dagua,JACUI,JIUHQJ,14 DE JULHO,99,2022-06-08 19:00:00,105.68,73.79,290.02,1294.0,1326.0,337.0,957.0,32.0,0.0,,outputs/ons-reserva-2021-2022-20260922/raw/ons-2022-06.csv,1ce4ed3b7d7514d1e8adf6e42ba2a1d5f203753fce6fae2f3d82de7da7e3b415,39054,39055
S,Sul,Fio dagua,JACUI,JIUHQJ,14 DE JULHO,99,2022-06-08 20:00:00,105.66,73.77,287.37,1274.0,1306.0,337.0,937.0,32.0,0.0,,outputs/ons-reserva-2021-2022-20260922/raw/ons-2022-06.csv,1ce4ed3b7d7514d1e8adf6e42ba2a1d5f203753fce6fae2f3d82de7da7e3b415,39055,39056
S,Sul,Fio dagua,JACUI,JIUHQJ,14 DE JULHO,99,2022-06-08 21:00:00,105.63,73.68,283.39,1228.0,1277.0,336.0,908.0,32.0,0.0,,outputs/ons-reserva-2021-2022-20260922/raw/ons-2022-06.csv,1ce4ed3b7d7514d1e8adf6e42ba2a1d5f203753fce6fae2f3d82de7da7e3b415,39056,39057
S,Sul,Fio dagua,JACUI,JIUHQJ,14 DE JULHO,99,2022-06-08 22:00:00,105.59,73.66,278.08,1174.0,1238.0,336.0,870.0,32.0,0.0,,outputs/ons-reserva-2021-2022-20260922/raw/ons-2022-06.csv,1ce4ed3b7d7514d1e8adf6e42ba2a1d5f203753fce6fae2f3d82de7da7e3b415,39057,39058
S,Sul,Fio dagua,JACUI,JIUHQJ,14 DE JULHO,99,2022-06-08 23:00:00,105.57,77.58,275.42,1235.0,1268.0,384.0,852.0,32.0,0.0,,outputs/ons-reserva-2021-2022-20260922/raw/ons-2022-06.csv,1ce4ed3b7d7514d1e8adf6e42ba2a1d5f203753fce6fae2f3d82de7da7e3b415,39058,39059
S,Sul,Fio dagua,JACUI,JIUHQJ,14 DE JULHO,99,2022-06-08 23:59:00,105.55,73.54,272.77,1169.0,1201.0,336.0,834.0,32.0,0.0,,outputs/ons-reserva-2021-2022-20260922/raw/ons-2022-06.csv,1ce4ed3b7d7514d1e8adf6e42ba2a1d5f203753fce6fae2f3d82de7da7e3b415,39059,39060
S,Sul,Fio dagua,JACUI,JIUHQJ,14 DE JULHO,99,2022-06-09 01:00:00,105.54,73.5,271.44,1176.0,1192.0,335.0,824.0,32.0,0.0,,outputs/ons-reserva-2021-2022-20260922/raw/ons-2022-06.csv,1ce4ed3b7d7514d1e8adf6e42ba2a1d5f203753fce6fae2f3d82de7da7e3b415,39060,39061
S,Sul,Fio dagua,JACUI,JIUHQJ,14 DE JULHO,99,2022-06-09 02:00:00,105.52,73.46,268.79,1141.0,1173.0,335.0,806.0,32.0,0.0,,outputs/ons-reserva-2021-2022-20260922/raw/ons-2022-06.csv,1ce4ed3b7d7514d1e8adf6e42ba2a1d5f203753fce6fae2f3d82de7da7e3b415,39061,39062
S,Sul,Fio dagua,JACUI,JIUHQJ,14 DE JULHO,99,2022-06-09 03:00:00,105.5,73.35,266.14,1122.0,1154.0,334.0,788.0,32.0,0.0,,outputs/ons-reserva-2021-2022-20260922/raw/ons-2022-06.csv,1ce4ed3b7d7514d1e8adf6e42ba2a1d5f203753fce6fae2f3d82de7da7e3b415,39062,39063
S,Sul,Fio dagua,JACUI,JIUHQJ,14 DE JULHO,99,2022-06-09 04:00:00,105.47,73.35,262.15,1080.0,1128.0,335.0,762.0,32.0,0.0,,outputs/ons-reserva-2021-2022-20260922/raw/ons-2022-06.csv,1ce4ed3b7d7514d1e8adf6e42ba2a1d5f203753fce6fae2f3d82de7da7e3b415,39063,39064
S,Sul,Fio dagua,JACUI,JIUHQJ,14 DE JULHO,99,2022-06-09 05:00:00,105.43,73.31,256.85,1029.0,1094.0,335.0,727.0,32.0,0.0,,outputs/ons-reserva-2021-2022-20260922/raw/ons-2022-06.csv,1ce4ed3b7d7514d1e8adf6e42ba2a1d5f203753fce6fae2f3d82de7da7e3b415,39064,39065
S,Sul,Fio dagua,JACUI,JIUHQJ,14 DE JULHO,99,2022-06-09 06:00:00,105.42,73.29,255.52,1069.0,1085.0,334.0,718.0,32.0,0.0,,outputs/ons-reserva-2021-2022-20260922/raw/ons-2022-06.csv,1ce4ed3b7d7514d1e8adf6e42ba2a1d5f203753fce6fae2f3d82de7da7e3b415,39065,39066
S,Sul,Fio dagua,JACUI,JIUHQJ,14 DE JULHO,99,2022-06-09 07:00:00,105.4,73.26,252.87,1035.0,1067.0,334.0,701.0,32.0,0.0,,outputs/ons-reserva-2021-2022-20260922/raw/ons-2022-06.csv,1ce4ed3b7d7514d1e8adf6e42ba2a1d5f203753fce6fae2f3d82de7da7e3b415,39066,39067
S,Sul,Fio dagua,JACUI,JIUHQJ,14 DE JULHO,99,2022-06-09 08:00:00,105.38,73.23,250.21,1020.0,1052.0,336.0,685.0,32.0,0.0,,outputs/ons-reserva-2021-2022-20260922/raw/ons-2022-06.csv,1ce4ed3b7d7514d1e8adf6e42ba2a1d5f203753fce6fae2f3d82de7da7e3b415,39067,39068
S,Sul,Fio dagua,JACUI,JIUHQJ,14 DE JULHO,99,2022-06-09 09:00:00,105.36,73.16,247.56,1004.0,1036.0,336.0,668.0,32.0,0.0,,outputs/ons-reserva-2021-2022-20260922/raw/ons-2022-06.csv,1ce4ed3b7d7514d1e8adf6e42ba2a1d5f203753fce6fae2f3d82de7da7e3b415,39068,39069
S,Sul,Fio dagua,JACUI,JIUHQJ,14 DE JULHO,99,2022-06-09 10:00:00,105.35,73.15,246.23,1012.0,1028.0,337.0,660.0,32.0,0.0,,outputs/ons-reserva-2021-2022-20260922/raw/ons-2022-06.csv,1ce4ed3b7d7514d1e8adf6e42ba2a1d5f203753fce6fae2f3d82de7da7e3b415,39069,39070
S,Sul,Fio dagua,JACUI,JIUHQJ,14 DE JULHO,99,2022-06-09 11:00:00,105.32,73.09,242.25,955.0,1004.0,336.0,635.0,32.0,0.0,,outputs/ons-reserva-2021-2022-20260922/raw/ons-2022-06.csv,1ce4ed3b7d7514d1e8adf6e42ba2a1d5f203753fce6fae2f3d82de7da7e3b415,39070,39071
S,Sul,Fio dagua,JACUI,JIUHQJ,14 DE JULHO,99,2022-06-09 12:00:00,105.3,73.1,239.6,955.0,988.0,337.0,619.0,32.0,0.0,,outputs/ons-reserva-2021-2022-20260922/raw/ons-2022-06.csv,1ce4ed3b7d7514d1e8adf6e42ba2a1d5f203753fce6fae2f3d82de7da7e3b415,39071,39072
S,Sul,Fio dagua,JACUI,JIUHQJ,14 DE JULHO,99,2022-06-09 13:00:00,105.28,73.07,236.94,940.0,972.0,337.0,603.0,32.0,0.0,,outputs/ons-reserva-2021-2022-20260922/raw/ons-2022-06.csv,1ce4ed3b7d7514d1e8adf6e42ba2a1d5f203753fce6fae2f3d82de7da7e3b415,39072,39073
S,Sul,Fio dagua,JACUI,JIUHQJ,14 DE JULHO,99,2022-06-09 14:00:00,105.26,73.04,234.29,924.0,956.0,337.0,588.0,32.0,0.0,,outputs/ons-reserva-2021-2022-20260922/raw/ons-2022-06.csv,1ce4ed3b7d7514d1e8adf6e42ba2a1d5f203753fce6fae2f3d82de7da7e3b415,39073,39074
S,Sul,Fio dagua,JACUI,JIUHQJ,14 DE JULHO,99,2022-06-09 15:00:00,105.24,72.96,231.63,908.0,940.0,336.0,572.0,32.0,0.0,,outputs/ons-reserva-2021-2022-20260922/raw/ons-2022-06.csv,1ce4ed3b7d7514d1e8adf6e42ba2a1d5f203753fce6fae2f3d82de7da7e3b415,39074,39075
S,Sul,Fio dagua,JACUI,JIUHQJ,14 DE JULHO,99,2022-06-09 16:00:00,105.22,72.96,228.98,893.0,925.0,337.0,557.0,31.0,0.0,,outputs/ons-reserva-2021-2022-20260922/raw/ons-2022-06.csv,1ce4ed3b7d7514d1e8adf6e42ba2a1d5f203753fce6fae2f3d82de7da7e3b415,39075,39076
S,Sul,Fio dagua,JACUI,JIUHQJ,14 DE JULHO,99,2022-06-09 17:00:00,105.21,72.92,227.65,901.0,917.0,337.0,549.0,31.0,0.0,,outputs/ons-reserva-2021-2022-20260922/raw/ons-2022-06.csv,1ce4ed3b7d7514d1e8adf6e42ba2a1d5f203753fce6fae2f3d82de7da7e3b415,39076,39077
S,Sul,Fio dagua,JACUI,JIUHQJ,14 DE JULHO,99,2022-06-09 18:00:00,105.18,72.85,223.67,846.0,894.0,336.0,526.0,31.0,0.0,,outputs/ons-reserva-2021-2022-20260922/raw/ons-2022-06.csv,1ce4ed3b7d7514d1e8adf6e42ba2a1d5f203753fce6fae2f3d82de7da7e3b415,39077,39078
S,Sul,Fio dagua,JACUI,JIUHQJ,14 DE JULHO,99,2022-06-09 19:00:00,105.17,72.83,222.35,871.0,887.0,336.0,519.0,31.0,0.0,,outputs/ons-reserva-2021-2022-20260922/raw/ons-2022-06.csv,1ce4ed3b7d7514d1e8adf6e42ba2a1d5f203753fce6fae2f3d82de7da7e3b415,39078,39079
S,Sul,Fio dagua,JACUI,JIUHQJ,14 DE JULHO,99,2022-06-09 20:00:00,105.15,72.82,219.69,840.0,872.0,336.0,504.0,31.0,0.0,,outputs/ons-reserva-2021-2022-20260922/raw/ons-2022-06.csv,1ce4ed3b7d7514d1e8adf6e42ba2a1d5f203753fce6fae2f3d82de7da7e3b415,39079,39080
S,Sul,Fio dagua,JACUI,JIUHQJ,14 DE JULHO,99,2022-06-09 21:00:00,105.13,72.77,217.04,825.0,857.0,336.0,490.0,31.0,0.0,,outputs/ons-reserva-2021-2022-20260922/raw/ons-2022-06.csv,1ce4ed3b7d7514d1e8adf6e42ba2a1d5f203753fce6fae2f3d82de7da7e3b415,39080,39081
S,Sul,Fio dagua,JACUI,JIUHQJ,14 DE JULHO,99,2022-06-09 22:00:00,105.12,72.76,215.71,834.0,850.0,336.0,483.0,31.0,0.0,,outputs/ons-reserva-2021-2022-20260922/raw/ons-2022-06.csv,1ce4ed3b7d7514d1e8adf6e42ba2a1d5f203753fce6fae2f3d82de7da7e3b415,39081,39082
S,Sul,Fio dagua,JACUI,JIUHQJ,14 DE JULHO,99,2022-06-09 23:00:00,105.1,72.72,213.06,803.0,835.0,336.0,468.0,31.0,0.0,,outputs/ons-reserva-2021-2022-20260922/raw/ons-2022-06.csv,1ce4ed3b7d7514d1e8adf6e42ba2a1d5f203753fce6fae2f3d82de7da7e3b415,39082,39083
S,Sul,Fio dagua,JACUI,JIUHQJ,14 DE JULHO,99,2022-06-09 23:59:00,105.08,72.7,210.4,790.0,822.0,336.0,454.0,31.0,0.0,,outputs/ons-reserva-2021-2022-20260922/raw/ons-2022-06.csv,1ce4ed3b7d7514d1e8adf6e42ba2a1d5f203753fce6fae2f3d82de7da7e3b415,39083,39084
S,Sul,Fio dagua,JACUI,JIUHQJ,14 DE JULHO,99,2022-06-10 01:00:00,105.06,72.66,207.75,776.0,808.0,336.0,441.0,31.0,0.0,,outputs/ons-reserva-2021-2022-20260922/raw/ons-2022-06.csv,1ce4ed3b7d7514d1e8adf6e42ba2a1d5f203753fce6fae2f3d82de7da7e3b415,39084,39085
S,Sul,Fio dagua,JACUI,JIUHQJ,14 DE JULHO,99,2022-06-10 02:00:00,105.05,72.61,206.42,785.0,801.0,336.0,434.0,31.0,0.0,,outputs/ons-reserva-2021-2022-20260922/raw/ons-2022-06.csv,1ce4ed3b7d7514d1e8adf6e42ba2a1d5f203753fce6fae2f3d82de7da7e3b415,39085,39086
S,Sul,Fio dagua,JACUI,JIUHQJ,14 DE JULHO,99,2022-06-10 03:00:00,105.04,72.61,205.1,778.0,794.0,336.0,427.0,31.0,0.0,,outputs/ons-reserva-2021-2022-20260922/raw/ons-2022-06.csv,1ce4ed3b7d7514d1e8adf6e42ba2a1d5f203753fce6fae2f3d82de7da7e3b415,39086,39087
S,Sul,Fio dagua,JACUI,JIUHQJ,14 DE JULHO,99,2022-06-10 04:00:00,105.03,72.3,203.77,768.0,784.0,333.0,420.0,31.0,0.0,,outputs/ons-reserva-2021-2022-20260922/raw/ons-2022-06.csv,1ce4ed3b7d7514d1e8adf6e42ba2a1d5f203753fce6fae2f3d82de7da7e3b415,39087,39088
S,Sul,Fio dagua,JACUI,JIUHQJ,14 DE JULHO,99,2022-06-10 05:00:00,105.02,72.54,202.44,764.0,780.0,335.0,414.0,31.0,0.0,,outputs/ons-reserva-2021-2022-20260922/raw/ons-2022-06.csv,1ce4ed3b7d7514d1e8adf6e42ba2a1d5f203753fce6fae2f3d82de7da7e3b415,39088,39089
S,Sul,Fio dagua,JACUI,JIUHQJ,14 DE JULHO,99,2022-06-10 06:00:00,104.99,72.5,198.79,712.0,760.0,335.0,394.0,31.0,0.0,,outputs/ons-reserva-2021-2022-20260922/raw/ons-2022-06.csv,1ce4ed3b7d7514d1e8adf6e42ba2a1d5f203753fce6fae2f3d82de7da7e3b415,39089,39090
S,Sul,Fio dagua,JACUI,JIUHQJ,14 DE JULHO,99,2022-06-10 07:00:00,104.98,72.49,197.79,737.0,753.0,335.0,387.0,31.0,0.0,,outputs/ons-reserva-2021-2022-20260922/raw/ons-2022-06.csv,1ce4ed3b7d7514d1e8adf6e42ba2a1d5f203753fce6fae2f3d82de7da7e3b415,39090,39091
S,Sul,Fio dagua,JACUI,JIUHQJ,14 DE JULHO,99,2022-06-10 08:00:00,104.97,72.49,196.79,731.0,747.0,335.0,380.0,31.0,0.0,,outputs/ons-reserva-2021-2022-20260922/raw/ons-2022-06.csv,1ce4ed3b7d7514d1e8adf6e42ba2a1d5f203753fce6fae2f3d82de7da7e3b415,39091,39092
S,Sul,Fio dagua,JACUI,JIUHQJ,14 DE JULHO,99,2022-06-10 09:00:00,104.95,72.48,194.8,702.0,734.0,336.0,368.0,31.0,0.0,,outputs/ons-reserva-2021-2022-20260922/raw/ons-2022-06.csv,1ce4ed3b7d7514d1e8adf6e42ba2a1d5f203753fce6fae2f3d82de7da7e3b415,39092,39093
S,Sul,Fio dagua,JACUI,JIUHQJ,14 DE JULHO,99,2022-06-10 10:00:00,104.9,72.48,189.81,621.0,702.0,336.0,335.0,31.0,0.0,,outputs/ons-reserva-2021-2022-20260922/raw/ons-2022-06.csv,1ce4ed3b7d7514d1e8adf6e42ba2a1d5f203753fce6fae2f3d82de7da7e3b415,39093,39094
S,Sul,Fio dagua,JACUI,JIUHQJ,14 DE JULHO,99,2022-06-10 11:00:00,104.93,72.42,192.8,769.0,721.0,335.0,354.0,31.0,0.0,,outputs/ons-reserva-2021-2022-20260922/raw/ons-2022-06.csv,1ce4ed3b7d7514d1e8adf6e42ba2a1d5f203753fce6fae2f3d82de7da7e3b415,39094,39095
S,Sul,Fio dagua,JACUI,JIUHQJ,14 DE JULHO,99,2022-06-10 12:00:00,104.91,72.39,190.81,675.0,708.0,335.0,342.0,31.0,0.0,,outputs/ons-reserva-2021-2022-20260922/raw/ons-2022-06.csv,1ce4ed3b7d7514d1e8adf6e42ba2a1d5f203753fce6fae2f3d82de7da7e3b415,39095,39096
S,Sul,Fio dagua,JACUI,JIUHQJ,14 DE JULHO,99,2022-06-10 13:00:00,104.91,72.38,190.81,708.0,708.0,335.0,342.0,31.0,0.0,,outputs/ons-reserva-2021-2022-20260922/raw/ons-2022-06.csv,1ce4ed3b7d7514d1e8adf6e42ba2a1d5f203753fce6fae2f3d82de7da7e3b415,39096,39097
S,Sul,Fio dagua,JACUI,JIUHQJ,14 DE JULHO,99,2022-06-10 14:00:00,104.89,72.38,188.81,663.0,695.0,335.0,329.0,31.0,0.0,,outputs/ons-reserva-2021-2022-20260922/raw/ons-2022-06.csv,1ce4ed3b7d7514d1e8adf6e42ba2a1d5f203753fce6fae2f3d82de7da7e3b415,39097,39098
S,Sul,Fio dagua,JACUI,JIUHQJ,14 DE JULHO,99,2022-06-10 15:00:00,104.89,72.37,188.81,695.0,695.0,335.0,329.0,31.0,0.0,,outputs/ons-reserva-2021-2022-20260922/raw/ons-2022-06.csv,1ce4ed3b7d7514d1e8adf6e42ba2a1d5f203753fce6fae2f3d82de7da7e3b415,39098,39099
S,Sul,Fio dagua,JACUI,JIUHQJ,14 DE JULHO,99,2022-06-10 16:00:00,104.86,72.31,185.82,628.0,677.0,335.0,311.0,31.0,0.0,,outputs/ons-reserva-2021-2022-20260922/raw/ons-2022-06.csv,1ce4ed3b7d7514d1e8adf6e42ba2a1d5f203753fce6fae2f3d82de7da7e3b415,39099,39100
S,Sul,Fio dagua,JACUI,JIUHQJ,14 DE JULHO,99,2022-06-10 17:00:00,104.86,72.29,185.82,676.0,676.0,335.0,311.0,31.0,0.0,,outputs/ons-reserva-2021-2022-20260922/raw/ons-2022-06.csv,1ce4ed3b7d7514d1e8adf6e42ba2a1d5f203753fce6fae2f3d82de7da7e3b415,39100,39101
S,Sul,Fio dagua,JACUI,JIUHQJ,14 DE JULHO,99,2022-06-10 18:00:00,104.85,72.28,184.82,654.0,670.0,334.0,305.0,31.0,0.0,,outputs/ons-reserva-2021-2022-20260922/raw/ons-2022-06.csv,1ce4ed3b7d7514d1e8adf6e42ba2a1d5f203753fce6fae2f3d82de7da7e3b415,39101,39102
S,Sul,Fio dagua,JACUI,JIUHQJ,14 DE JULHO,99,2022-06-10 19:00:00,104.83,72.28,182.82,626.0,659.0,335.0,293.0,31.0,0.0,,outputs/ons-reserva-2021-2022-20260922/raw/ons-2022-06.csv,1ce4ed3b7d7514d1e8adf6e42ba2a1d5f203753fce6fae2f3d82de7da7e3b415,39102,39103
S,Sul,Fio dagua,JACUI,JIUHQJ,14 DE JULHO,99,2022-06-10 20:00:00,104.83,72.28,182.82,659.0,659.0,335.0,293.0,31.0,0.0,,outputs/ons-reserva-2021-2022-20260922/raw/ons-2022-06.csv,1ce4ed3b7d7514d1e8adf6e42ba2a1d5f203753fce6fae2f3d82de7da7e3b415,39103,39104
S,Sul,Fio dagua,JACUI,JIUHQJ,14 DE JULHO,99,2022-06-10 21:00:00,104.81,72.22,180.83,614.0,646.0,334.0,281.0,31.0,0.0,,outputs/ons-reserva-2021-2022-20260922/raw/ons-2022-06.csv,1ce4ed3b7d7514d1e8adf6e42ba2a1d5f203753fce6fae2f3d82de7da7e3b415,39104,39105
S,Sul,Fio dagua,JACUI,JIUHQJ,14 DE JULHO,99,2022-06-10 22:00:00,104.8,72.22,179.83,624.0,640.0,334.0,275.0,31.0,0.0,,outputs/ons-reserva-2021-2022-20260922/raw/ons-2022-06.csv,1ce4ed3b7d7514d1e8adf6e42ba2a1d5f203753fce6fae2f3d82de7da7e3b415,39105,39106
S,Sul,Fio dagua,JACUI,JIUHQJ,14 DE JULHO,99,2022-06-10 23:00:00,104.79,72.2,178.83,618.0,635.0,334.0,270.0,31.0,0.0,,outputs/ons-reserva-2021-2022-20260922/raw/ons-2022-06.csv,1ce4ed3b7d7514d1e8adf6e42ba2a1d5f203753fce6fae2f3d82de7da7e3b415,39106,39107
S,Sul,Fio dagua,JACUI,JIUHQJ,14 DE JULHO,99,2022-06-10 23:59:00,104.78,72.2,177.83,613.0,629.0,334.0,264.0,31.0,0.0,,outputs/ons-reserva-2021-2022-20260922/raw/ons-2022-06.csv,1ce4ed3b7d7514d1e8adf6e42ba2a1d5f203753fce6fae2f3d82de7da7e3b415,39107,39108
S,Sul,Fio dagua,JACUI,JIUHQJ,14 DE JULHO,99,2022-06-11 01:00:00,104.77,72.13,176.84,607.0,623.0,334.0,258.0,31.0,0.0,,outputs/ons-reserva-2021-2022-20260922/raw/ons-2022-06.csv,1ce4ed3b7d7514d1e8adf6e42ba2a1d5f203753fce6fae2f3d82de7da7e3b415,39108,39109
S,Sul,Fio dagua,JACUI,JIUHQJ,14 DE JULHO,99,2022-06-11 02:00:00,104.76,72.13,175.84,602.0,618.0,334.0,253.0,31.0,0.0,,outputs/ons-reserva-2021-2022-20260922/raw/ons-2022-06.csv,1ce4ed3b7d7514d1e8adf6e42ba2a1d5f203753fce6fae2f3d82de7da7e3b415,39109,39110
S,Sul,Fio dagua,JACUI,JIUHQJ,14 DE JULHO,99,2022-06-11 03:00:00,104.74,72.12,173.84,575.0,607.0,334.0,242.0,31.0,0.0,,outputs/ons-reserva-2021-2022-20260922/raw/ons-2022-06.csv,1ce4ed3b7d7514d1e8adf6e42ba2a1d5f203753fce6fae2f3d82de7da7e3b415,39110,39111
S,Sul,Fio dagua,JACUI,JIUHQJ,14 DE JULHO,99,2022-06-11 04:00:00,104.73,72.11,172.85,585.0,601.0,334.0,236.0,31.0,0.0,,outputs/ons-reserva-2021-2022-20260922/raw/ons-2022-06.csv,1ce4ed3b7d7514d1e8adf6e42ba2a1d5f203753fce6fae2f3d82de7da7e3b415,39111,39112
S,Sul,Fio dagua,JACUI,JIUHQJ,14 DE JULHO,99,2022-06-11 05:00:00,104.72,72.08,171.85,580.0,596.0,334.0,231.0,31.0,0.0,,outputs/ons-reserva-2021-2022-20260922/raw/ons-2022-06.csv,1ce4ed3b7d7514d1e8adf6e42ba2a1d5f203753fce6fae2f3d82de7da7e3b415,39112,39113
S,Sul,Fio dagua,JACUI,JIUHQJ,14 DE JULHO,99,2022-06-11 06:00:00,104.71,72.08,170.85,574.0,590.0,334.0,226.0,31.0,0.0,,outputs/ons-reserva-2021-2022-20260922/raw/ons-2022-06.csv,1ce4ed3b7d7514d1e8adf6e42ba2a1d5f203753fce6fae2f3d82de7da7e3b415,39113,39114
S,Sul,Fio dagua,JACUI,JIUHQJ,14 DE JULHO,99,2022-06-11 07:00:00,104.7,72.08,169.85,569.0,585.0,334.0,220.0,31.0,0.0,,outputs/ons-reserva-2021-2022-20260922/raw/ons-2022-06.csv,1ce4ed3b7d7514d1e8adf6e42ba2a1d5f203753fce6fae2f3d82de7da7e3b415,39114,39115
S,Sul,Fio dagua,JACUI,JIUHQJ,14 DE JULHO,99,2022-06-11 08:00:00,104.69,72.02,168.85,564.0,580.0,334.0,215.0,31.0,0.0,,outputs/ons-reserva-2021-2022-20260922/raw/ons-2022-06.csv,1ce4ed3b7d7514d1e8adf6e42ba2a1d5f203753fce6fae2f3d82de7da7e3b415,39115,39116
S,Sul,Fio dagua,JACUI,JIUHQJ,14 DE JULHO,99,2022-06-11 09:00:00,104.68,72.05,167.86,559.0,575.0,334.0,210.0,31.0,0.0,,outputs/ons-reserva-2021-2022-20260922/raw/ons-2022-06.csv,1ce4ed3b7d7514d1e8adf6e42ba2a1d5f203753fce6fae2f3d82de7da7e3b415,39116,39117
S,Sul,Fio dagua,JACUI,JIUHQJ,14 DE JULHO,99,2022-06-11 10:00:00,104.67,72.02,166.86,554.0,570.0,334.0,205.0,31.0,0.0,,outputs/ons-reserva-2021-2022-20260922/raw/ons-2022-06.csv,1ce4ed3b7d7514d1e8adf6e42ba2a1d5f203753fce6fae2f3d82de7da7e3b415,39117,39118
S,Sul,Fio dagua,JACUI,JIUHQJ,14 DE JULHO,99,2022-06-11 11:00:00,104.66,72.0,165.86,549.0,565.0,334.0,200.0,31.0,0.0,,outputs/ons-reserva-2021-2022-20260922/raw/ons-2022-06.csv,1ce4ed3b7d7514d1e8adf6e42ba2a1d5f203753fce6fae2f3d82de7da7e3b415,39118,39119
S,Sul,Fio dagua,JACUI,JIUHQJ,14 DE JULHO,99,2022-06-11 12:00:00,104.65,71.99,164.86,544.0,560.0,334.0,196.0,30.0,0.0,,outputs/ons-reserva-2021-2022-20260922/raw/ons-2022-06.csv,1ce4ed3b7d7514d1e8adf6e42ba2a1d5f203753fce6fae2f3d82de7da7e3b415,39119,39120
S,Sul,Fio dagua,JACUI,JIUHQJ,14 DE JULHO,99,2022-06-11 13:00:00,104.64,71.99,163.86,539.0,555.0,334.0,191.0,30.0,0.0,,outputs/ons-reserva-2021-2022-20260922/raw/ons-2022-06.csv,1ce4ed3b7d7514d1e8adf6e42ba2a1d5f203753fce6fae2f3d82de7da7e3b415,39120,39121
S,Sul,Fio dagua,JACUI,JIUHQJ,14 DE JULHO,99,2022-06-11 14:00:00,104.63,71.97,162.87,534.0,550.0,334.0,186.0,30.0,0.0,,outputs/ons-reserva-2021-2022-20260922/raw/ons-2022-06.csv,1ce4ed3b7d7514d1e8adf6e42ba2a1d5f203753fce6fae2f3d82de7da7e3b415,39121,39122
S,Sul,Fio dagua,JACUI,JIUHQJ,14 DE JULHO,99,2022-06-11 15:00:00,104.62,71.99,161.87,530.0,546.0,334.0,181.0,30.0,0.0,,outputs/ons-reserva-2021-2022-20260922/raw/ons-2022-06.csv,1ce4ed3b7d7514d1e8adf6e42ba2a1d5f203753fce6fae2f3d82de7da7e3b415,39122,39123
S,Sul,Fio dagua,JACUI,JIUHQJ,14 DE JULHO,99,2022-06-11 16:00:00,104.62,72.0,161.87,546.0,546.0,335.0,181.0,30.0,0.0,,outputs/ons-reserva-2021-2022-20260922/raw/ons-2022-06.csv,1ce4ed3b7d7514d1e8adf6e42ba2a1d5f203753fce6fae2f3d82de7da7e3b415,39123,39124
S,Sul,Fio dagua,JACUI,JIUHQJ,14 DE JULHO,99,2022-06-11 17:00:00,104.6,71.95,159.87,503.0,536.0,334.0,171.0,30.0,0.0,,outputs/ons-reserva-2021-2022-20260922/raw/ons-2022-06.csv,1ce4ed3b7d7514d1e8adf6e42ba2a1d5f203753fce6fae2f3d82de7da7e3b415,39124,39125
S,Sul,Fio dagua,JACUI,JIUHQJ,14 DE JULHO,99,2022-06-11 18:00:00,104.59,71.95,158.87,515.0,531.0,334.0,167.0,30.0,0.0,,outputs/ons-reserva-2021-2022-20260922/raw/ons-2022-06.csv,1ce4ed3b7d7514d1e8adf6e42ba2a1d5f203753fce6fae2f3d82de7da7e3b415,39125,39126
S,Sul,Fio dagua,JACUI,JIUHQJ,14 DE JULHO,99,2022-06-11 19:00:00,104.59,71.9,158.87,531.0,531.0,334.0,167.0,30.0,0.0,,outputs/ons-reserva-2021-2022-20260922/raw/ons-2022-06.csv,1ce4ed3b7d7514d1e8adf6e42ba2a1d5f203753fce6fae2f3d82de7da7e3b415,39126,39127
S,Sul,Fio dagua,JACUI,JIUHQJ,14 DE JULHO,99,2022-06-11 20:00:00,104.58,71.9,157.88,510.0,527.0,334.0,162.0,30.0,0.0,,outputs/ons-reserva-2021-2022-20260922/raw/ons-2022-06.csv,1ce4ed3b7d7514d1e8adf6e42ba2a1d5f203753fce6fae2f3d82de7da7e3b415,39127,39128
S,Sul,Fio dagua,JACUI,JIUHQJ,14 DE JULHO,99,2022-06-11 21:00:00,104.57,71.9,156.88,506.0,522.0,334.0,158.0,30.0,0.0,,outputs/ons-reserva-2021-2022-20260922/raw/ons-2022-06.csv,1ce4ed3b7d7514d1e8adf6e42ba2a1d5f203753fce6fae2f3d82de7da7e3b415,39128,39129
S,Sul,Fio dagua,JACUI,JIUHQJ,14 DE JULHO,99,2022-06-11 22:00:00,104.56,71.9,155.88,502.0,518.0,334.0,153.0,30.0,0.0,,outputs/ons-reserva-2021-2022-20260922/raw/ons-2022-06.csv,1ce4ed3b7d7514d1e8adf6e42ba2a1d5f203753fce6fae2f3d82de7da7e3b415,39129,39130
S,Sul,Fio dagua,JACUI,JIUHQJ,14 DE JULHO,99,2022-06-11 23:00:00,104.55,71.89,154.88,497.0,514.0,334.0,149.0,30.0,0.0,,outputs/ons-reserva-2021-2022-20260922/raw/ons-2022-06.csv,1ce4ed3b7d7514d1e8adf6e42ba2a1d5f203753fce6fae2f3d82de7da7e3b415,39130,39131
S,Sul,Fio dagua,JACUI,JIUHQJ,14 DE JULHO,99,2022-06-11 23:59:00,104.54,71.84,153.89,493.0,509.0,334.0,145.0,30.0,0.0,,outputs/ons-reserva-2021-2022-20260922/raw/ons-2022-06.csv,1ce4ed3b7d7514d1e8adf6e42ba2a1d5f203753fce6fae2f3d82de7da7e3b415,39131,39132
S,Sul,Fio dagua,JACUI,JIUHQJ,14 DE JULHO,99,2022-06-12 01:00:00,104.54,71.88,153.89,509.0,509.0,334.0,145.0,30.0,0.0,,outputs/ons-reserva-2021-2022-20260922/raw/ons-2022-06.csv,1ce4ed3b7d7514d1e8adf6e42ba2a1d5f203753fce6fae2f3d82de7da7e3b415,39132,39133
S,Sul,Fio dagua,JACUI,JIUHQJ,14 DE JULHO,99,2022-06-12 02:00:00,104.54,71.84,153.89,509.0,509.0,334.0,145.0,30.0,0.0,,outputs/ons-reserva-2021-2022-20260922/raw/ons-2022-06.csv,1ce4ed3b7d7514d1e8adf6e42ba2a1d5f203753fce6fae2f3d82de7da7e3b415,39133,39134
S,Sul,Fio dagua,JACUI,JIUHQJ,14 DE JULHO,99,2022-06-12 03:00:00,104.52,71.83,151.89,468.0,500.0,334.0,136.0,30.0,0.0,,outputs/ons-reserva-2021-2022-20260922/raw/ons-2022-06.csv,1ce4ed3b7d7514d1e8adf6e42ba2a1d5f203753fce6fae2f3d82de7da7e3b415,39134,39135
S,Sul,Fio dagua,JACUI,JIUHQJ,14 DE JULHO,99,2022-06-12 04:00:00,104.51,71.83,150.89,480.0,496.0,334.0,131.0,30.0,0.0,,outputs/ons-reserva-2021-2022-20260922/raw/ons-2022-06.csv,1ce4ed3b7d7514d1e8adf6e42ba2a1d5f203753fce6fae2f3d82de7da7e3b415,39135,39136
S,Sul,Fio dagua,JACUI,JIUHQJ,14 DE JULHO,99,2022-06-12 05:00:00,104.51,71.8,150.89,495.0,495.0,334.0,131.0,30.0,0.0,,outputs/ons-reserva-2021-2022-20260922/raw/ons-2022-06.csv,1ce4ed3b7d7514d1e8adf6e42ba2a1d5f203753fce6fae2f3d82de7da7e3b415,39136,39137
S,Sul,Fio dagua,JACUI,JIUHQJ,14 DE JULHO,99,2022-06-12 06:00:00,104.49,71.79,148.9,455.0,487.0,334.0,123.0,30.0,0.0,,outputs/ons-reserva-2021-2022-20260922/raw/ons-2022-06.csv,1ce4ed3b7d7514d1e8adf6e42ba2a1d5f203753fce6fae2f3d82de7da7e3b415,39137,39138
S,Sul,Fio dagua,JACUI,JIUHQJ,14 DE JULHO,99,2022-06-12 07:00:00,104.48,71.78,147.9,467.0,484.0,334.0,119.0,30.0,0.0,,outputs/ons-reserva-2021-2022-20260922/raw/ons-2022-06.csv,1ce4ed3b7d7514d1e8adf6e42ba2a1d5f203753fce6fae2f3d82de7da7e3b415,39138,39139
S,Sul,Fio dagua,JACUI,JIUHQJ,14 DE JULHO,99,2022-06-12 08:00:00,104.47,71.78,146.9,464.0,480.0,334.0,116.0,30.0,0.0,,outputs/ons-reserva-2021-2022-20260922/raw/ons-2022-06.csv,1ce4ed3b7d7514d1e8adf6e42ba2a1d5f203753fce6fae2f3d82de7da7e3b415,39139,39140
S,Sul,Fio dagua,JACUI,JIUHQJ,14 DE JULHO,99,2022-06-12 09:00:00,104.47,71.77,146.9,480.0,480.0,334.0,116.0,30.0,0.0,,outputs/ons-reserva-2021-2022-20260922/raw/ons-2022-06.csv,1ce4ed3b7d7514d1e8adf6e42ba2a1d5f203753fce6fae2f3d82de7da7e3b415,39140,39141
S,Sul,Fio dagua,JACUI,JIUHQJ,14 DE JULHO,99,2022-06-12 10:00:00,104.45,71.76,144.9,440.0,472.0,334.0,108.0,30.0,0.0,,outputs/ons-reserva-2021-2022-20260922/raw/ons-2022-06.csv,1ce4ed3b7d7514d1e8adf6e42ba2a1d5f203753fce6fae2f3d82de7da7e3b415,39141,39142
S,Sul,Fio dagua,JACUI,JIUHQJ,14 DE JULHO,99,2022-06-12 11:00:00,104.45,71.75,144.9,472.0,472.0,334.0,108.0,30.0,0.0,,outputs/ons-reserva-2021-2022-20260922/raw/ons-2022-06.csv,1ce4ed3b7d7514d1e8adf6e42ba2a1d5f203753fce6fae2f3d82de7da7e3b415,39142,39143
S,Sul,Fio dagua,JACUI,JIUHQJ,14 DE JULHO,99,2022-06-12 12:00:00,104.44,71.74,143.91,452.0,468.0,334.0,104.0,30.0,0.0,,outputs/ons-reserva-2021-2022-20260922/raw/ons-2022-06.csv,1ce4ed3b7d7514d1e8adf6e42ba2a1d5f203753fce6fae2f3d82de7da7e3b415,39143,39144
S,Sul,Fio dagua,JACUI,JIUHQJ,14 DE JULHO,99,2022-06-12 13:00:00,104.43,71.74,142.91,448.0,464.0,334.0,100.0,30.0,0.0,,outputs/ons-reserva-2021-2022-20260922/raw/ons-2022-06.csv,1ce4ed3b7d7514d1e8adf6e42ba2a1d5f203753fce6fae2f3d82de7da7e3b415,39144,39145
S,Sul,Fio dagua,JACUI,JIUHQJ,14 DE JULHO,99,2022-06-12 14:00:00,104.42,71.75,141.91,445.0,461.0,334.0,97.0,30.0,0.0,,outputs/ons-reserva-2021-2022-20260922/raw/ons-2022-06.csv,1ce4ed3b7d7514d1e8adf6e42ba2a1d5f203753fce6fae2f3d82de7da7e3b415,39145,39146
S,Sul,Fio dagua,JACUI,JIUHQJ,14 DE JULHO,99,2022-06-12 15:00:00,104.41,71.73,140.91,441.0,457.0,334.0,93.0,30.0,0.0,,outputs/ons-reserva-2021-2022-20260922/raw/ons-2022-06.csv,1ce4ed3b7d7514d1e8adf6e42ba2a1d5f203753fce6fae2f3d82de7da7e3b415,39146,39147
S,Sul,Fio dagua,JACUI,JIUHQJ,14 DE JULHO,99,2022-06-12 16:00:00,104.41,71.73,140.91,457.0,457.0,334.0,93.0,30.0,0.0,,outputs/ons-reserva-2021-2022-20260922/raw/ons-2022-06.csv,1ce4ed3b7d7514d1e8adf6e42ba2a1d5f203753fce6fae2f3d82de7da7e3b415,39147,39148
S,Sul,Fio dagua,JACUI,JIUHQJ,14 DE JULHO,99,2022-06-12 17:00:00,104.4,71.72,139.92,437.0,453.0,334.0,89.0,30.0,0.0,,outputs/ons-reserva-2021-2022-20260922/raw/ons-2022-06.csv,1ce4ed3b7d7514d1e8adf6e42ba2a1d5f203753fce6fae2f3d82de7da7e3b415,39148,39149
S,Sul,Fio dagua,JACUI,JIUHQJ,14 DE JULHO,99,2022-06-12 18:00:00,104.39,71.69,138.92,434.0,450.0,334.0,86.0,30.0,0.0,,outputs/ons-reserva-2021-2022-20260922/raw/ons-2022-06.csv,1ce4ed3b7d7514d1e8adf6e42ba2a1d5f203753fce6fae2f3d82de7da7e3b415,39149,39150
S,Sul,Fio dagua,JACUI,JIUHQJ,14 DE JULHO,99,2022-06-12 19:00:00,104.38,71.69,137.92,431.0,447.0,334.0,83.0,30.0,0.0,,outputs/ons-reserva-2021-2022-20260922/raw/ons-2022-06.csv,1ce4ed3b7d7514d1e8adf6e42ba2a1d5f203753fce6fae2f3d82de7da7e3b415,39150,39151
S,Sul,Fio dagua,JACUI,JIUHQJ,14 DE JULHO,99,2022-06-12 20:00:00,104.38,71.68,137.92,447.0,447.0,334.0,83.0,30.0,0.0,,outputs/ons-reserva-2021-2022-20260922/raw/ons-2022-06.csv,1ce4ed3b7d7514d1e8adf6e42ba2a1d5f203753fce6fae2f3d82de7da7e3b415,39151,39152
S,Sul,Fio dagua,JACUI,JIUHQJ,14 DE JULHO,99,2022-06-12 21:00:00,104.37,71.67,136.92,427.0,443.0,334.0,79.0,30.0,0.0,,outputs/ons-reserva-2021-2022-20260922/raw/ons-2022-06.csv,1ce4ed3b7d7514d1e8adf6e42ba2a1d5f203753fce6fae2f3d82de7da7e3b415,39152,39153
S,Sul,Fio dagua,JACUI,JIUHQJ,14 DE JULHO,99,2022-06-12 22:00:00,104.36,71.68,135.92,424.0,440.0,334.0,76.0,30.0,0.0,,outputs/ons-reserva-2021-2022-20260922/raw/ons-2022-06.csv,1ce4ed3b7d7514d1e8adf6e42ba2a1d5f203753fce6fae2f3d82de7da7e3b415,39153,39154
S,Sul,Fio dagua,JACUI,JIUHQJ,14 DE JULHO,99,2022-06-12 23:00:00,104.35,71.66,134.93,421.0,437.0,334.0,73.0,30.0,0.0,,outputs/ons-reserva-2021-2022-20260922/raw/ons-2022-06.csv,1ce4ed3b7d7514d1e8adf6e42ba2a1d5f203753fce6fae2f3d82de7da7e3b415,39154,39155
S,Sul,Fio dagua,JACUI,JIUHQJ,14 DE JULHO,99,2022-06-12 23:59:00,104.35,71.63,134.93,437.0,437.0,334.0,73.0,30.0,0.0,,outputs/ons-reserva-2021-2022-20260922/raw/ons-2022-06.csv,1ce4ed3b7d7514d1e8adf6e42ba2a1d5f203753fce6fae2f3d82de7da7e3b415,39155,39156
S,Sul,Fio dagua,JACUI,JIUHQJ,14 DE JULHO,99,2022-06-13 01:00:00,104.33,71.63,132.93,398.0,430.0,334.0,67.0,30.0,0.0,,outputs/ons-reserva-2021-2022-20260922/raw/ons-2022-06.csv,1ce4ed3b7d7514d1e8adf6e42ba2a1d5f203753fce6fae2f3d82de7da7e3b415,39156,39157
S,Sul,Fio dagua,JACUI,JIUHQJ,14 DE JULHO,99,2022-06-13 02:00:00,104.33,71.63,132.93,430.0,430.0,334.0,67.0,30.0,0.0,,outputs/ons-reserva-2021-2022-20260922/raw/ons-2022-06.csv,1ce4ed3b7d7514d1e8adf6e42ba2a1d5f203753fce6fae2f3d82de7da7e3b415,39157,39158
S,Sul,Fio dagua,JACUI,JIUHQJ,14 DE JULHO,99,2022-06-13 03:00:00,104.32,71.62,131.93,411.0,427.0,334.0,63.0,30.0,0.0,,outputs/ons-reserva-2021-2022-20260922/raw/ons-2022-06.csv,1ce4ed3b7d7514d1e8adf6e42ba2a1d5f203753fce6fae2f3d82de7da7e3b415,39158,39159
S,Sul,Fio dagua,JACUI,JIUHQJ,14 DE JULHO,99,2022-06-13 04:00:00,104.32,71.63,131.93,427.0,427.0,334.0,63.0,30.0,0.0,,outputs/ons-reserva-2021-2022-20260922/raw/ons-2022-06.csv,1ce4ed3b7d7514d1e8adf6e42ba2a1d5f203753fce6fae2f3d82de7da7e3b415,39159,39160
S,Sul,Fio dagua,JACUI,JIUHQJ,14 DE JULHO,99,2022-06-13 05:00:00,104.3,71.63,129.94,389.0,421.0,334.0,57.0,30.0,0.0,,outputs/ons-reserva-2021-2022-20260922/raw/ons-2022-06.csv,1ce4ed3b7d7514d1e8adf6e42ba2a1d5f203753fce6fae2f3d82de7da7e3b415,39160,39161
S,Sul,Fio dagua,JACUI,JIUHQJ,14 DE JULHO,99,2022-06-13 06:00:00,104.3,71.61,129.94,421.0,421.0,334.0,57.0,30.0,0.0,,outputs/ons-reserva-2021-2022-20260922/raw/ons-2022-06.csv,1ce4ed3b7d7514d1e8adf6e42ba2a1d5f203753fce6fae2f3d82de7da7e3b415,39161,39162
S,Sul,Fio dagua,JACUI,JIUHQJ,14 DE JULHO,99,2022-06-13 07:00:00,104.29,71.59,128.94,402.0,418.0,334.0,54.0,30.0,0.0,,outputs/ons-reserva-2021-2022-20260922/raw/ons-2022-06.csv,1ce4ed3b7d7514d1e8adf6e42ba2a1d5f203753fce6fae2f3d82de7da7e3b415,39162,39163
S,Sul,Fio dagua,JACUI,JIUHQJ,14 DE JULHO,99,2022-06-13 08:00:00,104.28,71.61,127.94,397.0,413.0,334.0,52.0,27.0,0.0,,outputs/ons-reserva-2021-2022-20260922/raw/ons-2022-06.csv,1ce4ed3b7d7514d1e8adf6e42ba2a1d5f203753fce6fae2f3d82de7da7e3b415,39163,39164
S,Sul,Fio dagua,JACUI,JIUHQJ,14 DE JULHO,99,2022-06-13 09:00:00,104.28,71.59,127.94,416.0,416.0,334.0,52.0,30.0,0.0,,outputs/ons-reserva-2021-2022-20260922/raw/ons-2022-06.csv,1ce4ed3b7d7514d1e8adf6e42ba2a1d5f203753fce6fae2f3d82de7da7e3b415,39164,39165
S,Sul,Fio dagua,JACUI,JIUHQJ,14 DE JULHO,99,2022-06-13 10:00:00,104.27,71.59,126.94,397.0,413.0,334.0,49.0,30.0,0.0,,outputs/ons-reserva-2021-2022-20260922/raw/ons-2022-06.csv,1ce4ed3b7d7514d1e8adf6e42ba2a1d5f203753fce6fae2f3d82de7da7e3b415,39165,39166
S,Sul,Fio dagua,JACUI,JIUHQJ,14 DE JULHO,99,2022-06-13 11:00:00,104.26,71.59,125.94,394.0,410.0,334.0,46.0,30.0,0.0,,outputs/ons-reserva-2021-2022-20260922/raw/ons-2022-06.csv,1ce4ed3b7d7514d1e8adf6e42ba2a1d5f203753fce6fae2f3d82de7da7e3b415,39166,39167
S,Sul,Fio dagua,JACUI,JIUHQJ,14 DE JULHO,99,2022-06-13 12:00:00,104.25,71.56,124.95,391.0,407.0,334.0,44.0,30.0,0.0,,outputs/ons-reserva-2021-2022-20260922/raw/ons-2022-06.csv,1ce4ed3b7d7514d1e8adf6e42ba2a1d5f203753fce6fae2f3d82de7da7e3b415,39167,39168
S,Sul,Fio dagua,JACUI,JIUHQJ,14 DE JULHO,99,2022-06-13 13:00:00,104.25,71.59,124.95,408.0,408.0,334.0,44.0,30.0,0.0,,outputs/ons-reserva-2021-2022-20260922/raw/ons-2022-06.csv,1ce4ed3b7d7514d1e8adf6e42ba2a1d5f203753fce6fae2f3d82de7da7e3b415,39168,39169
S,Sul,Fio dagua,JACUI,JIUHQJ,14 DE JULHO,99,2022-06-13 14:00:00,104.24,71.59,123.95,389.0,405.0,334.0,41.0,30.0,0.0,,outputs/ons-reserva-2021-2022-20260922/raw/ons-2022-06.csv,1ce4ed3b7d7514d1e8adf6e42ba2a1d5f203753fce6fae2f3d82de7da7e3b415,39169,39170
S,Sul,Fio dagua,JACUI,JIUHQJ,14 DE JULHO,99,2022-06-13 15:00:00,104.23,71.58,122.95,386.0,402.0,334.0,38.0,30.0,0.0,,outputs/ons-reserva-2021-2022-20260922/raw/ons-2022-06.csv,1ce4ed3b7d7514d1e8adf6e42ba2a1d5f203753fce6fae2f3d82de7da7e3b415,39170,39171
S,Sul,Fio dagua,JACUI,JIUHQJ,14 DE JULHO,99,2022-06-13 16:00:00,104.22,71.54,121.95,383.0,399.0,334.0,35.0,30.0,0.0,,outputs/ons-reserva-2021-2022-20260922/raw/ons-2022-06.csv,1ce4ed3b7d7514d1e8adf6e42ba2a1d5f203753fce6fae2f3d82de7da7e3b415,39171,39172
S,Sul,Fio dagua,JACUI,JIUHQJ,14 DE JULHO,99,2022-06-13 17:00:00,104.22,71.56,121.95,399.0,399.0,334.0,35.0,30.0,0.0,,outputs/ons-reserva-2021-2022-20260922/raw/ons-2022-06.csv,1ce4ed3b7d7514d1e8adf6e42ba2a1d5f203753fce6fae2f3d82de7da7e3b415,39172,39173
S,Sul,Fio dagua,JACUI,JIUHQJ,14 DE JULHO,99,2022-06-13 18:00:00,104.21,71.57,120.96,381.0,397.0,334.0,33.0,30.0,0.0,,outputs/ons-reserva-2021-2022-20260922/raw/ons-2022-06.csv,1ce4ed3b7d7514d1e8adf6e42ba2a1d5f203753fce6fae2f3d82de7da7e3b415,39173,39174
S,Sul,Fio dagua,JACUI,JIUHQJ,14 DE JULHO,99,2022-06-13 19:00:00,104.21,71.54,120.96,396.0,396.0,334.0,33.0,30.0,0.0,,outputs/ons-reserva-2021-2022-20260922/raw/ons-2022-06.csv,1ce4ed3b7d7514d1e8adf6e42ba2a1d5f203753fce6fae2f3d82de7da7e3b415,39174,39175
S,Sul,Fio dagua,JACUI,JIUHQJ,14 DE JULHO,99,2022-06-13 20:00:00,104.21,71.54,120.96,396.0,396.0,334.0,33.0,30.0,0.0,,outputs/ons-reserva-2021-2022-20260922/raw/ons-2022-06.csv,1ce4ed3b7d7514d1e8adf6e42ba2a1d5f203753fce6fae2f3d82de7da7e3b415,39175,39176
S,Sul,Fio dagua,JACUI,JIUHQJ,14 DE JULHO,99,2022-06-13 21:00:00,104.19,71.53,118.96,359.0,392.0,334.0,28.0,30.0,0.0,,outputs/ons-reserva-2021-2022-20260922/raw/ons-2022-06.csv,1ce4ed3b7d7514d1e8adf6e42ba2a1d5f203753fce6fae2f3d82de7da7e3b415,39176,39177
S,Sul,Fio dagua,JACUI,JIUHQJ,14 DE JULHO,99,2022-06-13 22:00:00,104.19,71.5,118.96,391.0,391.0,334.0,28.0,30.0,0.0,,outputs/ons-reserva-2021-2022-20260922/raw/ons-2022-06.csv,1ce4ed3b7d7514d1e8adf6e42ba2a1d5f203753fce6fae2f3d82de7da7e3b415,39177,39178
S,Sul,Fio dagua,JACUI,JIUHQJ,14 DE JULHO,99,2022-06-13 23:00:00,104.18,71.53,117.96,374.0,390.0,334.0,26.0,30.0,0.0,,outputs/ons-reserva-2021-2022-20260922/raw/ons-2022-06.csv,1ce4ed3b7d7514d1e8adf6e42ba2a1d5f203753fce6fae2f3d82de7da7e3b415,39178,39179
S,Sul,Fio dagua,JACUI,JIUHQJ,14 DE JULHO,99,2022-06-13 23:59:00,104.17,71.53,116.96,372.0,388.0,334.0,24.0,30.0,0.0,,outputs/ons-reserva-2021-2022-20260922/raw/ons-2022-06.csv,1ce4ed3b7d7514d1e8adf6e42ba2a1d5f203753fce6fae2f3d82de7da7e3b415,39179,39180
S,Sul,Fio dagua,JACUI,JIUHQJ,14 DE JULHO,99,2022-06-14 01:00:00,104.16,71.5,115.97,370.0,386.0,334.0,22.0,30.0,0.0,,outputs/ons-reserva-2021-2022-20260922/raw/ons-2022-06.csv,1ce4ed3b7d7514d1e8adf6e42ba2a1d5f203753fce6fae2f3d82de7da7e3b415,39180,39181
S,Sul,Fio dagua,JACUI,JIUHQJ,14 DE JULHO,99,2022-06-14 02:00:00,104.15,71.5,114.97,368.0,384.0,334.0,20.0,30.0,0.0,,outputs/ons-reserva-2021-2022-20260922/raw/ons-2022-06.csv,1ce4ed3b7d7514d1e8adf6e42ba2a1d5f203753fce6fae2f3d82de7da7e3b415,39181,39182
S,Sul,Fio dagua,JACUI,JIUHQJ,14 DE JULHO,99,2022-06-14 03:00:00,104.15,71.5,114.97,384.0,384.0,334.0,20.0,30.0,0.0,,outputs/ons-reserva-2021-2022-20260922/raw/ons-2022-06.csv,1ce4ed3b7d7514d1e8adf6e42ba2a1d5f203753fce6fae2f3d82de7da7e3b415,39182,39183
S,Sul,Fio dagua,JACUI,JIUHQJ,14 DE JULHO,99,2022-06-14 04:00:00,104.14,71.5,113.97,366.0,382.0,334.0,18.0,30.0,0.0,,outputs/ons-reserva-2021-2022-20260922/raw/ons-2022-06.csv,1ce4ed3b7d7514d1e8adf6e42ba2a1d5f203753fce6fae2f3d82de7da7e3b415,39183,39184
S,Sul,Fio dagua,JACUI,JIUHQJ,14 DE JULHO,99,2022-06-14 05:00:00,104.14,71.5,113.97,382.0,382.0,334.0,18.0,30.0,0.0,,outputs/ons-reserva-2021-2022-20260922/raw/ons-2022-06.csv,1ce4ed3b7d7514d1e8adf6e42ba2a1d5f203753fce6fae2f3d82de7da7e3b415,39184,39185
S,Sul,Fio dagua,JACUI,JIUHQJ,14 DE JULHO,99,2022-06-14 06:00:00,104.14,71.5,113.97,382.0,382.0,334.0,18.0,30.0,0.0,,outputs/ons-reserva-2021-2022-20260922/raw/ons-2022-06.csv,1ce4ed3b7d7514d1e8adf6e42ba2a1d5f203753fce6fae2f3d82de7da7e3b415,39185,39186
S,Sul,Fio dagua,JACUI,JIUHQJ,14 DE JULHO,99,2022-06-14 07:00:00,104.13,71.51,112.97,364.0,380.0,335.0,16.0,30.0,0.0,,outputs/ons-reserva-2021-2022-20260922/raw/ons-2022-06.csv,1ce4ed3b7d7514d1e8adf6e42ba2a1d5f203753fce6fae2f3d82de7da7e3b415,39186,39187
S,Sul,Fio dagua,JACUI,JIUHQJ,14 DE JULHO,99,2022-06-14 08:00:00,104.13,71.48,112.97,380.0,380.0,334.0,16.0,30.0,0.0,,outputs/ons-reserva-2021-2022-20260922/raw/ons-2022-06.csv,1ce4ed3b7d7514d1e8adf6e42ba2a1d5f203753fce6fae2f3d82de7da7e3b415,39187,39188
S,Sul,Fio dagua,JACUI,JIUHQJ,14 DE JULHO,99,2022-06-14 09:00:00,104.12,71.47,111.97,362.0,378.0,334.0,14.0,30.0,0.0,,outputs/ons-reserva-2021-2022-20260922/raw/ons-2022-06.csv,1ce4ed3b7d7514d1e8adf6e42ba2a1d5f203753fce6fae2f3d82de7da7e3b415,39188,39189
S,Sul,Fio dagua,JACUI,JIUHQJ,14 DE JULHO,99,2022-06-14 10:00:00,104.11,71.5,110.98,360.0,376.0,335.0,12.0,30.0,0.0,,outputs/ons-reserva-2021-2022-20260922/raw/ons-2022-06.csv,1ce4ed3b7d7514d1e8adf6e42ba2a1d5f203753fce6fae2f3d82de7da7e3b415,39189,39190
S,Sul,Fio dagua,JACUI,JIUHQJ,14 DE JULHO,99,2022-06-14 11:00:00,104.1,71.5,109.98,358.0,374.0,335.0,10.0,30.0,0.0,,outputs/ons-reserva-2021-2022-20260922/raw/ons-2022-06.csv,1ce4ed3b7d7514d1e8adf6e42ba2a1d5f203753fce6fae2f3d82de7da7e3b415,39190,39191
S,Sul,Fio dagua,JACUI,JIUHQJ,14 DE JULHO,99,2022-06-14 12:00:00,104.09,71.5,108.98,357.0,373.0,335.0,9.0,30.0,0.0,,outputs/ons-reserva-2021-2022-20260922/raw/ons-2022-06.csv,1ce4ed3b7d7514d1e8adf6e42ba2a1d5f203753fce6fae2f3d82de7da7e3b415,39191,39192
S,Sul,Fio dagua,JACUI,JIUHQJ,14 DE JULHO,99,2022-06-14 13:00:00,104.09,71.5,108.98,373.0,373.0,335.0,9.0,30.0,0.0,,outputs/ons-reserva-2021-2022-20260922/raw/ons-2022-06.csv,1ce4ed3b7d7514d1e8adf6e42ba2a1d5f203753fce6fae2f3d82de7da7e3b415,39192,39193
S,Sul,Fio dagua,JACUI,JIUHQJ,14 DE JULHO,99,2022-06-14 14:00:00,104.09,71.48,108.98,373.0,373.0,335.0,9.0,30.0,0.0,,outputs/ons-reserva-2021-2022-20260922/raw/ons-2022-06.csv,1ce4ed3b7d7514d1e8adf6e42ba2a1d5f203753fce6fae2f3d82de7da7e3b415,39193,39194
S,Sul,Fio dagua,JACUI,JIUHQJ,14 DE JULHO,99,2022-06-14 15:00:00,104.09,71.5,108.98,373.0,373.0,335.0,9.0,30.0,0.0,,outputs/ons-reserva-2021-2022-20260922/raw/ons-2022-06.csv,1ce4ed3b7d7514d1e8adf6e42ba2a1d5f203753fce6fae2f3d82de7da7e3b415,39194,39195
S,Sul,Fio dagua,JACUI,JIUHQJ,14 DE JULHO,99,2022-06-14 16:00:00,104.08,71.5,107.98,356.0,372.0,335.0,8.0,29.0,0.0,,outputs/ons-reserva-2021-2022-20260922/raw/ons-2022-06.csv,1ce4ed3b7d7514d1e8adf6e42ba2a1d5f203753fce6fae2f3d82de7da7e3b415,39195,39196
S,Sul,Fio dagua,JACUI,JIUHQJ,14 DE JULHO,99,2022-06-14 17:00:00,104.08,71.48,107.98,372.0,372.0,335.0,8.0,29.0,0.0,,outputs/ons-reserva-2021-2022-20260922/raw/ons-2022-06.csv,1ce4ed3b7d7514d1e8adf6e42ba2a1d5f203753fce6fae2f3d82de7da7e3b415,39196,39197
S,Sul,Fio dagua,JACUI,JIUHQJ,14 DE JULHO,99,2022-06-14 18:00:00,104.09,71.5,108.98,389.0,373.0,335.0,9.0,30.0,0.0,,outputs/ons-reserva-2021-2022-20260922/raw/ons-2022-06.csv,1ce4ed3b7d7514d1e8adf6e42ba2a1d5f203753fce6fae2f3d82de7da7e3b415,39197,39198
S,Sul,Fio dagua,JACUI,JIUHQJ,14 DE JULHO,99,2022-06-14 19:00:00,104.09,71.5,108.98,373.0,373.0,335.0,9.0,30.0,0.0,,outputs/ons-reserva-2021-2022-20260922/raw/ons-2022-06.csv,1ce4ed3b7d7514d1e8adf6e42ba2a1d5f203753fce6fae2f3d82de7da7e3b415,39198,39199
S,Sul,Fio dagua,JACUI,JIUHQJ,14 DE JULHO,99,2022-06-14 20:00:00,104.06,71.46,105.99,322.0,370.0,334.0,6.0,29.0,0.0,,outputs/ons-reserva-2021-2022-20260922/raw/ons-2022-06.csv,1ce4ed3b7d7514d1e8adf6e42ba2a1d5f203753fce6fae2f3d82de7da7e3b415,39199,39200
S,Sul,Fio dagua,JACUI,JIUHQJ,14 DE JULHO,99,2022-06-14 21:00:00,104.05,71.47,104.99,353.0,369.0,335.0,5.0,29.0,0.0,,outputs/ons-reserva-2021-2022-20260922/raw/ons-2022-06.csv,1ce4ed3b7d7514d1e8adf6e42ba2a1d5f203753fce6fae2f3d82de7da7e3b415,39200,39201
S,Sul,Fio dagua,JACUI,JIUHQJ,14 DE JULHO,99,2022-06-14 22:00:00,104.06,71.48,105.99,386.0,370.0,335.0,6.0,29.0,0.0,,outputs/ons-reserva-2021-2022-20260922/raw/ons-2022-06.csv,1ce4ed3b7d7514d1e8adf6e42ba2a1d5f203753fce6fae2f3d82de7da7e3b415,39201,39202
S,Sul,Fio dagua,JACUI,JIUHQJ,14 DE JULHO,99,2022-06-14 23:00:00,104.06,71.47,105.99,370.0,370.0,335.0,6.0,29.0,0.0,,outputs/ons-reserva-2021-2022-20260922/raw/ons-2022-06.csv,1ce4ed3b7d7514d1e8adf6e42ba2a1d5f203753fce6fae2f3d82de7da7e3b415,39202,39203
S,Sul,Fio dagua,JACUI,JIUHQJ,14 DE JULHO,99,2022-06-14 23:59:00,104.07,71.47,106.99,387.0,371.0,335.0,7.0,29.0,0.0,,outputs/ons-reserva-2021-2022-20260922/raw/ons-2022-06.csv,1ce4ed3b7d7514d1e8adf6e42ba2a1d5f203753fce6fae2f3d82de7da7e3b415,39203,39204
S,Sul,Fio dagua,JACUI,JIUHQJ,14 DE JULHO,99,2022-06-15 01:00:00,104.08,71.48,107.98,388.0,372.0,335.0,8.0,29.0,0.0,,outputs/ons-reserva-2021-2022-20260922/raw/ons-2022-06.csv,1ce4ed3b7d7514d1e8adf6e42ba2a1d5f203753fce6fae2f3d82de7da7e3b415,39204,39205
S,Sul,Fio dagua,JACUI,JIUHQJ,14 DE JULHO,99,2022-06-15 02:00:00,104.0,71.48,100.0,236.0,364.0,335.0,0.0,29.0,0.0,,outputs/ons-reserva-2021-2022-20260922/raw/ons-2022-06.csv,1ce4ed3b7d7514d1e8adf6e42ba2a1d5f203753fce6fae2f3d82de7da7e3b415,39205,39206
S,Sul,Fio dagua,JACUI,JIUHQJ,14 DE JULHO,99,2022-06-15 03:00:00,103.94,71.47,94.0,268.0,364.0,335.0,0.0,29.0,0.0,,outputs/ons-reserva-2021-2022-20260922/raw/ons-2022-06.csv,1ce4ed3b7d7514d1e8adf6e42ba2a1d5f203753fce6fae2f3d82de7da7e3b415,39206,39207
S,Sul,Fio dagua,JACUI,JIUHQJ,14 DE JULHO,99,2022-06-15 04:00:00,103.89,71.41,89.0,274.0,355.0,326.0,0.0,29.0,0.0,,outputs/ons-reserva-2021-2022-20260922/raw/ons-2022-06.csv,1ce4ed3b7d7514d1e8adf6e42ba2a1d5f203753fce6fae2f3d82de7da7e3b415,39207,39208
S,Sul,Fio dagua,JACUI,JIUHQJ,14 DE JULHO,99,2022-06-15 05:00:00,103.85,71.37,85.0,282.0,346.0,317.0,0.0,29.0,0.0,,outputs/ons-reserva-2021-2022-20260922/raw/ons-2022-06.csv,1ce4ed3b7d7514d1e8adf6e42ba2a1d5f203753fce6fae2f3d82de7da7e3b415,39208,39209
S,Sul,Fio dagua,JACUI,JIUHQJ,14 DE JULHO,99,2022-06-15 06:00:00,103.83,71.34,83.0,305.0,338.0,308.0,0.0,29.0,0.0,,outputs/ons-reserva-2021-2022-20260922/raw/ons-2022-06.csv,1ce4ed3b7d7514d1e8adf6e42ba2a1d5f203753fce6fae2f3d82de7da7e3b415,39209,39210
S,Sul,Fio dagua,JACUI,JIUHQJ,14 DE JULHO,99,2022-06-15 07:00:00,103.8,71.3,80.0,288.0,337.0,308.0,0.0,29.0,0.0,,outputs/ons-reserva-2021-2022-20260922/raw/ons-2022-06.csv,1ce4ed3b7d7514d1e8adf6e42ba2a1d5f203753fce6fae2f3d82de7da7e3b415,39210,39211
S,Sul,Fio dagua,JACUI,JIUHQJ,14 DE JULHO,99,2022-06-15 08:00:00,103.75,71.41,75.0,273.0,353.0,325.0,0.0,29.0,0.0,,outputs/ons-reserva-2021-2022-20260922/raw/ons-2022-06.csv,1ce4ed3b7d7514d1e8adf6e42ba2a1d5f203753fce6fae2f3d82de7da7e3b415,39211,39212
S,Sul,Fio dagua,JACUI,JIUHQJ,14 DE JULHO,99,2022-06-15 09:00:00,103.74,71.43,74.0,348.0,364.0,335.0,0.0,29.0,0.0,,outputs/ons-reserva-2021-2022-20260922/raw/ons-2022-06.csv,1ce4ed3b7d7514d1e8adf6e42ba2a1d5f203753fce6fae2f3d82de7da7e3b415,39212,39213
S,Sul,Fio dagua,JACUI,JIUHQJ,14 DE JULHO,99,2022-06-15 10:00:00,103.73,71.43,73.0,348.0,364.0,335.0,0.0,29.0,0.0,,outputs/ons-reserva-2021-2022-20260922/raw/ons-2022-06.csv,1ce4ed3b7d7514d1e8adf6e42ba2a1d5f203753fce6fae2f3d82de7da7e3b415,39213,39214
S,Sul,Fio dagua,JACUI,JIUHQJ,14 DE JULHO,99,2022-06-15 11:00:00,103.73,71.43,73.0,364.0,364.0,335.0,0.0,29.0,0.0,,outputs/ons-reserva-2021-2022-20260922/raw/ons-2022-06.csv,1ce4ed3b7d7514d1e8adf6e42ba2a1d5f203753fce6fae2f3d82de7da7e3b415,39214,39215
S,Sul,Fio dagua,JACUI,JIUHQJ,14 DE JULHO,99,2022-06-15 12:00:00,103.71,71.43,71.0,332.0,364.0,335.0,0.0,29.0,0.0,,outputs/ons-reserva-2021-2022-20260922/raw/ons-2022-06.csv,1ce4ed3b7d7514d1e8adf6e42ba2a1d5f203753fce6fae2f3d82de7da7e3b415,39215,39216
S,Sul,Fio dagua,JACUI,JIUHQJ,14 DE JULHO,99,2022-06-15 13:00:00,103.71,71.43,71.0,364.0,364.0,335.0,0.0,29.0,0.0,,outputs/ons-reserva-2021-2022-20260922/raw/ons-2022-06.csv,1ce4ed3b7d7514d1e8adf6e42ba2a1d5f203753fce6fae2f3d82de7da7e3b415,39216,39217
S,Sul,Fio dagua,JACUI,JIUHQJ,14 DE JULHO,99,2022-06-15 14:00:00,103.72,71.43,72.0,380.0,364.0,335.0,0.0,29.0,0.0,,outputs/ons-reserva-2021-2022-20260922/raw/ons-2022-06.csv,1ce4ed3b7d7514d1e8adf6e42ba2a1d5f203753fce6fae2f3d82de7da7e3b415,39217,39218
S,Sul,Fio dagua,JACUI,JIUHQJ,14 DE JULHO,99,2022-06-15 15:00:00,103.73,71.43,73.0,380.0,364.0,335.0,0.0,29.0,0.0,,outputs/ons-reserva-2021-2022-20260922/raw/ons-2022-06.csv,1ce4ed3b7d7514d1e8adf6e42ba2a1d5f203753fce6fae2f3d82de7da7e3b415,39218,39219
S,Sul,Fio dagua,JACUI,JIUHQJ,14 DE JULHO,99,2022-06-15 16:00:00,103.72,71.45,72.0,348.0,364.0,335.0,0.0,29.0,0.0,,outputs/ons-reserva-2021-2022-20260922/raw/ons-2022-06.csv,1ce4ed3b7d7514d1e8adf6e42ba2a1d5f203753fce6fae2f3d82de7da7e3b415,39219,39220
S,Sul,Fio dagua,JACUI,JIUHQJ,14 DE JULHO,99,2022-06-15 17:00:00,103.71,71.43,71.0,347.0,364.0,335.0,0.0,29.0,0.0,,outputs/ons-reserva-2021-2022-20260922/raw/ons-2022-06.csv,1ce4ed3b7d7514d1e8adf6e42ba2a1d5f203753fce6fae2f3d82de7da7e3b415,39220,39221
S,Sul,Fio dagua,JACUI,JIUHQJ,14 DE JULHO,99,2022-06-15 18:00:00,103.71,71.45,71.0,364.0,364.0,335.0,0.0,29.0,0.0,,outputs/ons-reserva-2021-2022-20260922/raw/ons-2022-06.csv,1ce4ed3b7d7514d1e8adf6e42ba2a1d5f203753fce6fae2f3d82de7da7e3b415,39221,39222
S,Sul,Fio dagua,JACUI,JIUHQJ,14 DE JULHO,99,2022-06-15 19:00:00,103.69,71.43,69.0,332.0,364.0,335.0,0.0,29.0,0.0,,outputs/ons-reserva-2021-2022-20260922/raw/ons-2022-06.csv,1ce4ed3b7d7514d1e8adf6e42ba2a1d5f203753fce6fae2f3d82de7da7e3b415,39222,39223
S,Sul,Fio dagua,JACUI,JIUHQJ,14 DE JULHO,99,2022-06-15 20:00:00,103.68,71.46,68.0,348.0,364.0,335.0,0.0,29.0,0.0,,outputs/ons-reserva-2021-2022-20260922/raw/ons-2022-06.csv,1ce4ed3b7d7514d1e8adf6e42ba2a1d5f203753fce6fae2f3d82de7da7e3b415,39223,39224
S,Sul,Fio dagua,JACUI,JIUHQJ,14 DE JULHO,99,2022-06-15 21:00:00,103.67,71.43,67.0,348.0,364.0,335.0,0.0,29.0,0.0,,outputs/ons-reserva-2021-2022-20260922/raw/ons-2022-06.csv,1ce4ed3b7d7514d1e8adf6e42ba2a1d5f203753fce6fae2f3d82de7da7e3b415,39224,39225
S,Sul,Fio dagua,JACUI,JIUHQJ,14 DE JULHO,99,2022-06-15 22:00:00,103.66,71.43,66.0,348.0,364.0,335.0,0.0,29.0,0.0,,outputs/ons-reserva-2021-2022-20260922/raw/ons-2022-06.csv,1ce4ed3b7d7514d1e8adf6e42ba2a1d5f203753fce6fae2f3d82de7da7e3b415,39225,39226
S,Sul,Fio dagua,JACUI,JIUHQJ,14 DE JULHO,99,2022-06-15 23:00:00,103.65,71.45,65.0,348.0,364.0,335.0,0.0,29.0,0.0,,outputs/ons-reserva-2021-2022-20260922/raw/ons-2022-06.csv,1ce4ed3b7d7514d1e8adf6e42ba2a1d5f203753fce6fae2f3d82de7da7e3b415,39226,39227
S,Sul,Fio dagua,JACUI,JIUHQJ,14 DE JULHO,99,2022-06-15 23:59:00,103.65,71.43,65.0,364.0,364.0,335.0,0.0,29.0,0.0,,outputs/ons-reserva-2021-2022-20260922/raw/ons-2022-06.csv,1ce4ed3b7d7514d1e8adf6e42ba2a1d5f203753fce6fae2f3d82de7da7e3b415,39227,39228
S,Sul,Fio dagua,JACUI,JIUHQJ,14 DE JULHO,99,2022-06-16 01:00:00,103.66,71.34,66.0,360.0,344.0,315.0,0.0,29.0,0.0,,outputs/ons-reserva-2021-2022-20260922/raw/ons-2022-06.csv,1ce4ed3b7d7514d1e8adf6e42ba2a1d5f203753fce6fae2f3d82de7da7e3b415,39228,39229
S,Sul,Fio dagua,JACUI,JIUHQJ,14 DE JULHO,99,2022-06-16 02:00:00,103.6,71.3,60.0,243.0,340.0,312.0,0.0,29.0,0.0,,outputs/ons-reserva-2021-2022-20260922/raw/ons-2022-06.csv,1ce4ed3b7d7514d1e8adf6e42ba2a1d5f203753fce6fae2f3d82de7da7e3b415,39229,39230
S,Sul,Fio dagua,JACUI,JIUHQJ,14 DE JULHO,99,2022-06-16 03:00:00,103.56,71.32,56.0,276.0,341.0,312.0,0.0,29.0,0.0,,outputs/ons-reserva-2021-2022-20260922/raw/ons-2022-06.csv,1ce4ed3b7d7514d1e8adf6e42ba2a1d5f203753fce6fae2f3d82de7da7e3b415,39230,39231
S,Sul,Fio dagua,JACUI,JIUHQJ,14 DE JULHO,99,2022-06-16 04:00:00,103.52,71.32,52.0,277.0,341.0,313.0,0.0,28.0,0.0,,outputs/ons-reserva-2021-2022-20260922/raw/ons-2022-06.csv,1ce4ed3b7d7514d1e8adf6e42ba2a1d5f203753fce6fae2f3d82de7da7e3b415,39231,39232
S,Sul,Fio dagua,JACUI,JIUHQJ,14 DE JULHO,99,2022-06-16 05:00:00,103.47,71.32,47.0,261.0,342.0,313.0,0.0,28.0,0.0,,outputs/ons-reserva-2021-2022-20260922/raw/ons-2022-06.csv,1ce4ed3b7d7514d1e8adf6e42ba2a1d5f203753fce6fae2f3d82de7da7e3b415,39232,39233
S,Sul,Fio dagua,JACUI,JIUHQJ,14 DE JULHO,99,2022-06-16 06:00:00,103.43,71.32,43.0,277.0,342.0,314.0,0.0,28.0,0.0,,outputs/ons-reserva-2021-2022-20260922/raw/ons-2022-06.csv,1ce4ed3b7d7514d1e8adf6e42ba2a1d5f203753fce6fae2f3d82de7da7e3b415,39233,39234
S,Sul,Fio dagua,JACUI,JIUHQJ,14 DE JULHO,99,2022-06-16 07:00:00,103.39,71.32,39.0,278.0,342.0,314.0,0.0,28.0,0.0,,outputs/ons-reserva-2021-2022-20260922/raw/ons-2022-06.csv,1ce4ed3b7d7514d1e8adf6e42ba2a1d5f203753fce6fae2f3d82de7da7e3b415,39234,39235
S,Sul,Fio dagua,JACUI,JIUHQJ,14 DE JULHO,99,2022-06-16 08:00:00,103.34,71.3,34.0,262.0,343.0,315.0,0.0,28.0,0.0,,outputs/ons-reserva-2021-2022-20260922/raw/ons-2022-06.csv,1ce4ed3b7d7514d1e8adf6e42ba2a1d5f203753fce6fae2f3d82de7da7e3b415,39235,39236
S,Sul,Fio dagua,JACUI,JIUHQJ,14 DE JULHO,99,2022-06-16 09:00:00,103.28,71.43,28.0,264.0,360.0,332.0,0.0,28.0,0.0,,outputs/ons-reserva-2021-2022-20260922/raw/ons-2022-06.csv,1ce4ed3b7d7514d1e8adf6e42ba2a1d5f203753fce6fae2f3d82de7da7e3b415,39236,39237
S,Sul,Fio dagua,JACUI,JIUHQJ,14 DE JULHO,99,2022-06-16 10:00:00,103.25,71.43,25.0,312.0,361.0,333.0,0.0,28.0,0.0,,outputs/ons-reserva-2021-2022-20260922/raw/ons-2022-06.csv,1ce4ed3b7d7514d1e8adf6e42ba2a1d5f203753fce6fae2f3d82de7da7e3b415,39237,39238
S,Sul,Fio dagua,JACUI,JIUHQJ,14 DE JULHO,99,2022-06-16 11:00:00,103.23,71.46,23.0,329.0,361.0,333.0,0.0,28.0,0.0,,outputs/ons-reserva-2021-2022-20260922/raw/ons-2022-06.csv,1ce4ed3b7d7514d1e8adf6e42ba2a1d5f203753fce6fae2f3d82de7da7e3b415,39238,39239
S,Sul,Fio dagua,JACUI,JIUHQJ,14 DE JULHO,99,2022-06-16 12:00:00,103.2,71.43,20.0,313.0,361.0,333.0,0.0,28.0,0.0,,outputs/ons-reserva-2021-2022-20260922/raw/ons-2022-06.csv,1ce4ed3b7d7514d1e8adf6e42ba2a1d5f203753fce6fae2f3d82de7da7e3b415,39239,39240
S,Sul,Fio dagua,JACUI,JIUHQJ,14 DE JULHO,99,2022-06-16 13:00:00,103.17,71.5,17.0,314.0,362.0,334.0,0.0,28.0,0.0,,outputs/ons-reserva-2021-2022-20260922/raw/ons-2022-06.csv,1ce4ed3b7d7514d1e8adf6e42ba2a1d5f203753fce6fae2f3d82de7da7e3b415,39240,39241
S,Sul,Fio dagua,JACUI,JIUHQJ,14 DE JULHO,99,2022-06-16 14:00:00,103.14,71.5,14.0,314.0,363.0,335.0,0.0,28.0,0.0,,outputs/ons-reserva-2021-2022-20260922/raw/ons-2022-06.csv,1ce4ed3b7d7514d1e8adf6e42ba2a1d5f203753fce6fae2f3d82de7da7e3b415,39241,39242
S,Sul,Fio dagua,JACUI,JIUHQJ,14 DE JULHO,99,2022-06-16 15:00:00,103.1,71.47,10.0,298.0,362.0,335.0,0.0,28.0,0.0,,outputs/ons-reserva-2021-2022-20260922/raw/ons-2022-06.csv,1ce4ed3b7d7514d1e8adf6e42ba2a1d5f203753fce6fae2f3d82de7da7e3b415,39242,39243
S,Sul,Fio dagua,JACUI,JIUHQJ,14 DE JULHO,99,2022-06-16 16:00:00,103.08,71.5,8.0,331.0,363.0,335.0,0.0,28.0,0.0,,outputs/ons-reserva-2021-2022-20260922/raw/ons-2022-06.csv,1ce4ed3b7d7514d1e8adf6e42ba2a1d5f203753fce6fae2f3d82de7da7e3b415,39243,39244
S,Sul,Fio dagua,JACUI,JIUHQJ,14 DE JULHO,99,2022-06-16 17:00:00,103.06,71.5,6.0,330.0,362.0,335.0,0.0,28.0,0.0,,outputs/ons-reserva-2021-2022-20260922/raw/ons-2022-06.csv,1ce4ed3b7d7514d1e8adf6e42ba2a1d5f203753fce6fae2f3d82de7da7e3b415,39244,39245
S,Sul,Fio dagua,JACUI,JIUHQJ,14 DE JULHO,99,2022-06-16 18:00:00,103.08,71.2,8.0,349.0,316.0,289.0,0.0,28.0,0.0,,outputs/ons-reserva-2021-2022-20260922/raw/ons-2022-06.csv,1ce4ed3b7d7514d1e8adf6e42ba2a1d5f203753fce6fae2f3d82de7da7e3b415,39245,39246
S,Sul,Fio dagua,JACUI,JIUHQJ,14 DE JULHO,99,2022-06-16 19:00:00,103.09,71.15,9.0,323.0,307.0,279.0,0.0,28.0,0.0,,outputs/ons-reserva-2021-2022-20260922/raw/ons-2022-06.csv,1ce4ed3b7d7514d1e8adf6e42ba2a1d5f203753fce6fae2f3d82de7da7e3b415,39246,39247
S,Sul,Fio dagua,JACUI,JIUHQJ,14 DE JULHO,99,2022-06-16 20:00:00,103.09,71.22,9.0,315.0,315.0,288.0,0.0,28.0,0.0,,outputs/ons-reserva-2021-2022-20260922/raw/ons-2022-06.csv,1ce4ed3b7d7514d1e8adf6e42ba2a1d5f203753fce6fae2f3d82de7da7e3b415,39247,39248
S,Sul,Fio dagua,JACUI,JIUHQJ,14 DE JULHO,99,2022-06-16 21:00:00,103.09,71.24,9.0,322.0,322.0,295.0,0.0,28.0,0.0,,outputs/ons-reserva-2021-2022-20260922/raw/ons-2022-06.csv,1ce4ed3b7d7514d1e8adf6e42ba2a1d5f203753fce6fae2f3d82de7da7e3b415,39248,39249
S,Sul,Fio dagua,JACUI,JIUHQJ,14 DE JULHO,99,2022-06-16 22:00:00,103.1,71.24,10.0,339.0,323.0,295.0,0.0,28.0,0.0,,outputs/ons-reserva-2021-2022-20260922/raw/ons-2022-06.csv,1ce4ed3b7d7514d1e8adf6e42ba2a1d5f203753fce6fae2f3d82de7da7e3b415,39249,39250
S,Sul,Fio dagua,JACUI,JIUHQJ,14 DE JULHO,99,2022-06-16 23:00:00,103.1,71.24,10.0,323.0,323.0,295.0,0.0,28.0,0.0,,outputs/ons-reserva-2021-2022-20260922/raw/ons-2022-06.csv,1ce4ed3b7d7514d1e8adf6e42ba2a1d5f203753fce6fae2f3d82de7da7e3b415,39250,39251
S,Sul,Fio dagua,JACUI,JIUHQJ,14 DE JULHO,99,2022-06-16 23:59:00,103.1,71.24,10.0,322.0,322.0,295.0,0.0,28.0,0.0,,outputs/ons-reserva-2021-2022-20260922/raw/ons-2022-06.csv,1ce4ed3b7d7514d1e8adf6e42ba2a1d5f203753fce6fae2f3d82de7da7e3b415,39251,39252
S,Sul,Fio dagua,JACUI,JIUHQJ,14 DE JULHO,99,2022-06-17 01:00:00,103.09,71.24,9.0,306.0,322.0,295.0,0.0,28.0,0.0,,outputs/ons-reserva-2021-2022-20260922/raw/ons-2022-06.csv,1ce4ed3b7d7514d1e8adf6e42ba2a1d5f203753fce6fae2f3d82de7da7e3b415,39252,39253
S,Sul,Fio dagua,JACUI,JIUHQJ,14 DE JULHO,99,2022-06-17 02:00:00,103.17,70.65,17.0,336.0,207.0,179.0,0.0,28.0,0.0,,outputs/ons-reserva-2021-2022-20260922/raw/ons-2022-06.csv,1ce4ed3b7d7514d1e8adf6e42ba2a1d5f203753fce6fae2f3d82de7da7e3b415,39253,39254
S,Sul,Fio dagua,JACUI,JIUHQJ,14 DE JULHO,99,2022-06-17 03:00:00,103.23,70.56,23.0,293.0,196.0,168.0,0.0,28.0,0.0,,outputs/ons-reserva-2021-2022-20260922/raw/ons-2022-06.csv,1ce4ed3b7d7514d1e8adf6e42ba2a1d5f203753fce6fae2f3d82de7da7e3b415,39254,39255
S,Sul,Fio dagua,JACUI,JIUHQJ,14 DE JULHO,99,2022-06-17 04:00:00,103.29,70.54,29.0,293.0,196.0,168.0,0.0,28.0,0.0,,outputs/ons-reserva-2021-2022-20260922/raw/ons-2022-06.csv,1ce4ed3b7d7514d1e8adf6e42ba2a1d5f203753fce6fae2f3d82de7da7e3b415,39255,39256
S,Sul,Fio dagua,JACUI,JIUHQJ,14 DE JULHO,99,2022-06-17 05:00:00,103.33,70.54,33.0,260.0,196.0,168.0,0.0,28.0,0.0,,outputs/ons-reserva-2021-2022-20260922/raw/ons-2022-06.csv,1ce4ed3b7d7514d1e8adf6e42ba2a1d5f203753fce6fae2f3d82de7da7e3b415,39256,39257
S,Sul,Fio dagua,JACUI,JIUHQJ,14 DE JULHO,99,2022-06-17 06:00:00,103.41,70.55,41.0,324.0,196.0,167.0,0.0,28.0,0.0,,outputs/ons-reserva-2021-2022-20260922/raw/ons-2022-06.csv,1ce4ed3b7d7514d1e8adf6e42ba2a1d5f203753fce6fae2f3d82de7da7e3b415,39257,39258
S,Sul,Fio dagua,JACUI,JIUHQJ,14 DE JULHO,99,2022-06-17 07:00:00,103.45,70.56,45.0,260.0,195.0,167.0,0.0,28.0,0.0,,outputs/ons-reserva-2021-2022-20260922/raw/ons-2022-06.csv,1ce4ed3b7d7514d1e8adf6e42ba2a1d5f203753fce6fae2f3d82de7da7e3b415,39258,39259
S,Sul,Fio dagua,JACUI,JIUHQJ,14 DE JULHO,99,2022-06-17 08:00:00,103.4,71.19,40.0,190.0,270.0,242.0,0.0,28.0,0.0,,outputs/ons-reserva-2021-2022-20260922/raw/ons-2022-06.csv,1ce4ed3b7d7514d1e8adf6e42ba2a1d5f203753fce6fae2f3d82de7da7e3b415,39259,39260
S,Sul,Fio dagua,JACUI,JIUHQJ,14 DE JULHO,99,2022-06-17 09:00:00,103.4,71.43,40.0,361.0,361.0,333.0,0.0,28.0,0.0,,outputs/ons-reserva-2021-2022-20260922/raw/ons-2022-06.csv,1ce4ed3b7d7514d1e8adf6e42ba2a1d5f203753fce6fae2f3d82de7da7e3b415,39260,39261
S,Sul,Fio dagua,JACUI,JIUHQJ,14 DE JULHO,99,2022-06-17 10:00:00,103.39,71.5,39.0,346.0,362.0,334.0,0.0,28.0,0.0,,outputs/ons-reserva-2021-2022-20260922/raw/ons-2022-06.csv,1ce4ed3b7d7514d1e8adf6e42ba2a1d5f203753fce6fae2f3d82de7da7e3b415,39261,39262
S,Sul,Fio dagua,JACUI,JIUHQJ,14 DE JULHO,99,2022-06-17 11:00:00,103.4,71.5,40.0,379.0,362.0,334.0,0.0,28.0,0.0,,outputs/ons-reserva-2021-2022-20260922/raw/ons-2022-06.csv,1ce4ed3b7d7514d1e8adf6e42ba2a1d5f203753fce6fae2f3d82de7da7e3b415,39262,39263
S,Sul,Fio dagua,JACUI,JIUHQJ,14 DE JULHO,99,2022-06-17 12:00:00,103.45,71.5,45.0,443.0,362.0,334.0,0.0,28.0,0.0,,outputs/ons-reserva-2021-2022-20260922/raw/ons-2022-06.csv,1ce4ed3b7d7514d1e8adf6e42ba2a1d5f203753fce6fae2f3d82de7da7e3b415,39263,39264
S,Sul,Fio dagua,JACUI,JIUHQJ,14 DE JULHO,99,2022-06-17 13:00:00,103.51,71.5,51.0,459.0,362.0,334.0,0.0,28.0,0.0,,outputs/ons-reserva-2021-2022-20260922/raw/ons-2022-06.csv,1ce4ed3b7d7514d1e8adf6e42ba2a1d5f203753fce6fae2f3d82de7da7e3b415,39264,39265
S,Sul,Fio dagua,JACUI,JIUHQJ,14 DE JULHO,99,2022-06-17 14:00:00,103.6,71.53,60.0,508.0,363.0,334.0,0.0,29.0,0.0,,outputs/ons-reserva-2021-2022-20260922/raw/ons-2022-06.csv,1ce4ed3b7d7514d1e8adf6e42ba2a1d5f203753fce6fae2f3d82de7da7e3b415,39265,39266
S,Sul,Fio dagua,JACUI,JIUHQJ,14 DE JULHO,99,2022-06-17 15:00:00,103.72,71.52,72.0,556.0,362.0,333.0,0.0,29.0,0.0,,outputs/ons-reserva-2021-2022-20260922/raw/ons-2022-06.csv,1ce4ed3b7d7514d1e8adf6e42ba2a1d5f203753fce6fae2f3d82de7da7e3b415,39266,39267
S,Sul,Fio dagua,JACUI,JIUHQJ,14 DE JULHO,99,2022-06-17 16:00:00,103.83,71.53,83.0,539.0,362.0,333.0,0.0,29.0,0.0,,outputs/ons-reserva-2021-2022-20260922/raw/ons-2022-06.csv,1ce4ed3b7d7514d1e8adf6e42ba2a1d5f203753fce6fae2f3d82de7da7e3b415,39267,39268
S,Sul,Fio dagua,JACUI,JIUHQJ,14 DE JULHO,99,2022-06-17 17:00:00,103.93,71.53,93.0,523.0,362.0,333.0,0.0,29.0,0.0,,outputs/ons-reserva-2021-2022-20260922/raw/ons-2022-06.csv,1ce4ed3b7d7514d1e8adf6e42ba2a1d5f203753fce6fae2f3d82de7da7e3b415,39268,39269
S,Sul,Fio dagua,JACUI,JIUHQJ,14 DE JULHO,99,2022-06-17 18:00:00,104.03,71.53,102.99,526.0,365.0,332.0,3.0,29.0,0.0,,outputs/ons-reserva-2021-2022-20260922/raw/ons-2022-06.csv,1ce4ed3b7d7514d1e8adf6e42ba2a1d5f203753fce6fae2f3d82de7da7e3b415,39269,39270
S,Sul,Fio dagua,JACUI,JIUHQJ,14 DE JULHO,99,2022-06-17 19:00:00,104.13,71.53,112.97,539.0,377.0,332.0,16.0,30.0,0.0,,outputs/ons-reserva-2021-2022-20260922/raw/ons-2022-06.csv,1ce4ed3b7d7514d1e8adf6e42ba2a1d5f203753fce6fae2f3d82de7da7e3b415,39270,39271
S,Sul,Fio dagua,JACUI,JIUHQJ,14 DE JULHO,99,2022-06-17 20:00:00,104.33,71.54,132.93,750.0,427.0,331.0,67.0,30.0,0.0,,outputs/ons-reserva-2021-2022-20260922/raw/ons-2022-06.csv,1ce4ed3b7d7514d1e8adf6e42ba2a1d5f203753fce6fae2f3d82de7da7e3b415,39271,39272
S,Sul,Fio dagua,JACUI,JIUHQJ,14 DE JULHO,99,2022-06-17 21:00:00,104.6,71.54,159.87,965.0,530.0,329.0,171.0,30.0,0.0,,outputs/ons-reserva-2021-2022-20260922/raw/ons-2022-06.csv,1ce4ed3b7d7514d1e8adf6e42ba2a1d5f203753fce6fae2f3d82de7da7e3b415,39272,39273
S,Sul,Fio dagua,JACUI,JIUHQJ,14 DE JULHO,99,2022-06-17 22:00:00,105.0,71.89,199.79,1403.0,759.0,328.0,400.0,31.0,0.0,,outputs/ons-reserva-2021-2022-20260922/raw/ons-2022-06.csv,1ce4ed3b7d7514d1e8adf6e42ba2a1d5f203753fce6fae2f3d82de7da7e3b415,39273,39274
S,Sul,Fio dagua,JACUI,JIUHQJ,14 DE JULHO,99,2022-06-17 23:00:00,105.26,72.27,234.29,1367.0,948.0,328.0,588.0,32.0,0.0,,outputs/ons-reserva-2021-2022-20260922/raw/ons-2022-06.csv,1ce4ed3b7d7514d1e8adf6e42ba2a1d5f203753fce6fae2f3d82de7da7e3b415,39274,39275
S,Sul,Fio dagua,JACUI,JIUHQJ,14 DE JULHO,99,2022-06-17 23:59:00,105.56,72.87,274.1,1689.0,1206.0,331.0,843.0,32.0,0.0,,outputs/ons-reserva-2021-2022-20260922/raw/ons-2022-06.csv,1ce4ed3b7d7514d1e8adf6e42ba2a1d5f203753fce6fae2f3d82de7da7e3b415,39275,39276
S,Sul,Fio dagua,JACUI,JIUHQJ,14 DE JULHO,99,2022-06-18 01:00:00,105.77,73.54,301.96,1858.0,1519.0,336.0,1151.0,32.0,0.0,,outputs/ons-reserva-2021-2022-20260922/raw/ons-2022-06.csv,1ce4ed3b7d7514d1e8adf6e42ba2a1d5f203753fce6fae2f3d82de7da7e3b415,39276,39277
S,Sul,Fio dagua,JACUI,JIUHQJ,14 DE JULHO,99,2022-06-18 02:00:00,105.88,74.04,316.56,1813.0,1636.0,337.0,1267.0,33.0,0.0,,outputs/ons-reserva-2021-2022-20260922/raw/ons-2022-06.csv,1ce4ed3b7d7514d1e8adf6e42ba2a1d5f203753fce6fae2f3d82de7da7e3b415,39277,39278
S,Sul,Fio dagua,JACUI,JIUHQJ,14 DE JULHO,99,2022-06-18 03:00:00,105.98,74.34,329.83,1908.0,1747.0,337.0,1377.0,33.0,0.0,,outputs/ons-reserva-2021-2022-20260922/raw/ons-2022-06.csv,1ce4ed3b7d7514d1e8adf6e42ba2a1d5f203753fce6fae2f3d82de7da7e3b415,39278,39279
S,Sul,Fio dagua,JACUI,JIUHQJ,14 DE JULHO,99,2022-06-18 04:00:00,106.01,74.46,333.81,1829.0,1780.0,337.0,1410.0,33.0,0.0,,outputs/ons-reserva-2021-2022-20260922/raw/ons-2022-06.csv,1ce4ed3b7d7514d1e8adf6e42ba2a1d5f203753fce6fae2f3d82de7da7e3b415,39279,39280
S,Sul,Fio dagua,JACUI,JIUHQJ,14 DE JULHO,99,2022-06-18 05:00:00,106.03,74.59,336.46,1836.0,1803.0,338.0,1433.0,33.0,0.0,,outputs/ons-reserva-2021-2022-20260922/raw/ons-2022-06.csv,1ce4ed3b7d7514d1e8adf6e42ba2a1d5f203753fce6fae2f3d82de7da7e3b415,39280,39281
S,Sul,Fio dagua,JACUI,JIUHQJ,14 DE JULHO,99,2022-06-18 06:00:00,106.04,74.64,337.79,1826.0,1810.0,332.0,1444.0,33.0,0.0,,outputs/ons-reserva-2021-2022-20260922/raw/ons-2022-06.csv,1ce4ed3b7d7514d1e8adf6e42ba2a1d5f203753fce6fae2f3d82de7da7e3b415,39281,39282
S,Sul,Fio dagua,JACUI,JIUHQJ,14 DE JULHO,99,2022-06-18 07:00:00,106.02,74.62,335.14,1752.0,1784.0,329.0,1422.0,33.0,0.0,,outputs/ons-reserva-2021-2022-20260922/raw/ons-2022-06.csv,1ce4ed3b7d7514d1e8adf6e42ba2a1d5f203753fce6fae2f3d82de7da7e3b415,39282,39283
S,Sul,Fio dagua,JACUI,JIUHQJ,14 DE JULHO,99,2022-06-18 08:00:00,106.0,74.58,332.48,1727.0,1759.0,327.0,1399.0,33.0,0.0,,outputs/ons-reserva-2021-2022-20260922/raw/ons-2022-06.csv,1ce4ed3b7d7514d1e8adf6e42ba2a1d5f203753fce6fae2f3d82de7da7e3b415,39283,39284
S,Sul,Fio dagua,JACUI,JIUHQJ,14 DE JULHO,99,2022-06-18 09:00:00,106.0,74.58,332.48,1758.0,1758.0,327.0,1399.0,33.0,0.0,,outputs/ons-reserva-2021-2022-20260922/raw/ons-2022-06.csv,1ce4ed3b7d7514d1e8adf6e42ba2a1d5f203753fce6fae2f3d82de7da7e3b415,39284,39285
S,Sul,Fio dagua,JACUI,JIUHQJ,14 DE JULHO,99,2022-06-18 10:00:00,106.0,74.51,332.48,1758.0,1758.0,326.0,1399.0,33.0,0.0,,outputs/ons-reserva-2021-2022-20260922/raw/ons-2022-06.csv,1ce4ed3b7d7514d1e8adf6e42ba2a1d5f203753fce6fae2f3d82de7da7e3b415,39285,39286
S,Sul,Fio dagua,JACUI,JIUHQJ,14 DE JULHO,99,2022-06-18 11:00:00,106.05,74.58,339.12,1895.0,1815.0,326.0,1456.0,33.0,0.0,,outputs/ons-reserva-2021-2022-20260922/raw/ons-2022-06.csv,1ce4ed3b7d7514d1e8adf6e42ba2a1d5f203753fce6fae2f3d82de7da7e3b415,39286,39287
S,Sul,Fio dagua,JACUI,JIUHQJ,14 DE JULHO,99,2022-06-18 12:00:00,106.07,74.64,341.77,1975.0,1943.0,326.0,1584.0,33.0,0.0,,outputs/ons-reserva-2021-2022-20260922/raw/ons-2022-06.csv,1ce4ed3b7d7514d1e8adf6e42ba2a1d5f203753fce6fae2f3d82de7da7e3b415,39287,39288
S,Sul,Fio dagua,JACUI,JIUHQJ,14 DE JULHO,99,2022-06-18 13:00:00,106.03,74.92,336.46,1940.0,2005.0,329.0,1643.0,33.0,0.0,,outputs/ons-reserva-2021-2022-20260922/raw/ons-2022-06.csv,1ce4ed3b7d7514d1e8adf6e42ba2a1d5f203753fce6fae2f3d82de7da7e3b415,39288,39289
S,Sul,Fio dagua,JACUI,JIUHQJ,14 DE JULHO,99,2022-06-18 14:00:00,106.04,74.93,337.79,2028.0,2012.0,325.0,1654.0,33.0,0.0,,outputs/ons-reserva-2021-2022-20260922/raw/ons-2022-06.csv,1ce4ed3b7d7514d1e8adf6e42ba2a1d5f203753fce6fae2f3d82de7da7e3b415,39289,39290
S,Sul,Fio dagua,JACUI,JIUHQJ,14 DE JULHO,99,2022-06-18 15:00:00,106.04,74.93,337.79,2010.0,2010.0,323.0,1654.0,33.0,0.0,,outputs/ons-reserva-2021-2022-20260922/raw/ons-2022-06.csv,1ce4ed3b7d7514d1e8adf6e42ba2a1d5f203753fce6fae2f3d82de7da7e3b415,39290,39291
S,Sul,Fio dagua,JACUI,JIUHQJ,14 DE JULHO,99,2022-06-18 16:00:00,106.03,74.92,336.46,1983.0,1999.0,323.0,1643.0,33.0,0.0,,outputs/ons-reserva-2021-2022-20260922/raw/ons-2022-06.csv,1ce4ed3b7d7514d1e8adf6e42ba2a1d5f203753fce6fae2f3d82de7da7e3b415,39291,39292
S,Sul,Fio dagua,JACUI,JIUHQJ,14 DE JULHO,99,2022-06-18 17:00:00,106.01,74.88,333.81,1944.0,1976.0,323.0,1620.0,33.0,0.0,,outputs/ons-reserva-2021-2022-20260922/raw/ons-2022-06.csv,1ce4ed3b7d7514d1e8adf6e42ba2a1d5f203753fce6fae2f3d82de7da7e3b415,39292,39293
S,Sul,Fio dagua,JACUI,JIUHQJ,14 DE JULHO,99,2022-06-18 18:00:00,105.98,74.91,329.83,1894.0,1943.0,324.0,1586.0,33.0,0.0,,outputs/ons-reserva-2021-2022-20260922/raw/ons-2022-06.csv,1ce4ed3b7d7514d1e8adf6e42ba2a1d5f203753fce6fae2f3d82de7da7e3b415,39293,39294
S,Sul,Fio dagua,JACUI,JIUHQJ,14 DE JULHO,99,2022-06-18 19:00:00,105.94,74.83,324.52,1835.0,1899.0,325.0,1541.0,33.0,0.0,,outputs/ons-reserva-2021-2022-20260922/raw/ons-2022-06.csv,1ce4ed3b7d7514d1e8adf6e42ba2a1d5f203753fce6fae2f3d82de7da7e3b415,39294,39295
S,Sul,Fio dagua,JACUI,JIUHQJ,14 DE JULHO,99,2022-06-18 20:00:00,105.94,74.7,324.52,1796.0,1796.0,326.0,1437.0,33.0,0.0,,outputs/ons-reserva-2021-2022-20260922/raw/ons-2022-06.csv,1ce4ed3b7d7514d1e8adf6e42ba2a1d5f203753fce6fae2f3d82de7da7e3b415,39295,39296
S,Sul,Fio dagua,JACUI,JIUHQJ,14 DE JULHO,99,2022-06-18 21:00:00,105.93,74.62,323.2,1770.0,1786.0,327.0,1426.0,33.0,0.0,,outputs/ons-reserva-2021-2022-20260922/raw/ons-2022-06.csv,1ce4ed3b7d7514d1e8adf6e42ba2a1d5f203753fce6fae2f3d82de7da7e3b415,39296,39297
S,Sul,Fio dagua,JACUI,JIUHQJ,14 DE JULHO,99,2022-06-18 22:00:00,105.93,74.44,323.2,1583.0,1583.0,334.0,1216.0,33.0,0.0,,outputs/ons-reserva-2021-2022-20260922/raw/ons-2022-06.csv,1ce4ed3b7d7514d1e8adf6e42ba2a1d5f203753fce6fae2f3d82de7da7e3b415,39297,39298
S,Sul,Fio dagua,JACUI,JIUHQJ,14 DE JULHO,99,2022-06-18 23:00:00,105.95,74.29,325.85,1637.0,1605.0,334.0,1238.0,33.0,0.0,,outputs/ons-reserva-2021-2022-20260922/raw/ons-2022-06.csv,1ce4ed3b7d7514d1e8adf6e42ba2a1d5f203753fce6fae2f3d82de7da7e3b415,39298,39299
S,Sul,Fio dagua,JACUI,JIUHQJ,14 DE JULHO,99,2022-06-18 23:59:00,105.9,74.26,319.21,1469.0,1550.0,334.0,1183.0,33.0,0.0,,outputs/ons-reserva-2021-2022-20260922/raw/ons-2022-06.csv,1ce4ed3b7d7514d1e8adf6e42ba2a1d5f203753fce6fae2f3d82de7da7e3b415,39299,39300
S,Sul,Fio dagua,JACUI,JIUHQJ,14 DE JULHO,99,2022-06-19 01:00:00,105.9,74.22,319.21,1550.0,1550.0,334.0,1183.0,33.0,0.0,,outputs/ons-reserva-2021-2022-20260922/raw/ons-2022-06.csv,1ce4ed3b7d7514d1e8adf6e42ba2a1d5f203753fce6fae2f3d82de7da7e3b415,39300,39301
S,Sul,Fio dagua,JACUI,JIUHQJ,14 DE JULHO,99,2022-06-19 02:00:00,105.94,73.9,324.52,1591.0,1527.0,267.0,1227.0,33.0,0.0,,outputs/ons-reserva-2021-2022-20260922/raw/ons-2022-06.csv,1ce4ed3b7d7514d1e8adf6e42ba2a1d5f203753fce6fae2f3d82de7da7e3b415,39301,39302
S,Sul,Fio dagua,JACUI,JIUHQJ,14 DE JULHO,99,2022-06-19 03:00:00,105.85,74.11,312.58,1337.0,1482.0,320.0,1130.0,33.0,0.0,,outputs/ons-reserva-2021-2022-20260922/raw/ons-2022-06.csv,1ce4ed3b7d7514d1e8adf6e42ba2a1d5f203753fce6fae2f3d82de7da7e3b415,39302,39303
S,Sul,Fio dagua,JACUI,JIUHQJ,14 DE JULHO,99,2022-06-19 04:00:00,105.79,74.85,304.62,1351.0,1448.0,348.0,1067.0,32.0,0.0,,outputs/ons-reserva-2021-2022-20260922/raw/ons-2022-06.csv,1ce4ed3b7d7514d1e8adf6e42ba2a1d5f203753fce6fae2f3d82de7da7e3b415,39303,39304
S,Sul,Fio dagua,JACUI,JIUHQJ,14 DE JULHO,99,2022-06-19 05:00:00,105.73,73.95,296.66,1281.0,1378.0,339.0,1006.0,32.0,0.0,,outputs/ons-reserva-2021-2022-20260922/raw/ons-2022-06.csv,1ce4ed3b7d7514d1e8adf6e42ba2a1d5f203753fce6fae2f3d82de7da7e3b415,39304,39305
S,Sul,Fio dagua,JACUI,JIUHQJ,14 DE JULHO,99,2022-06-19 06:00:00,105.7,73.84,292.68,1299.0,1347.0,339.0,976.0,32.0,0.0,,outputs/ons-reserva-2021-2022-20260922/raw/ons-2022-06.csv,1ce4ed3b7d7514d1e8adf6e42ba2a1d5f203753fce6fae2f3d82de7da7e3b415,39305,39306
S,Sul,Fio dagua,JACUI,JIUHQJ,14 DE JULHO,99,2022-06-19 07:00:00,105.66,73.75,287.37,1244.0,1308.0,339.0,937.0,32.0,0.0,,outputs/ons-reserva-2021-2022-20260922/raw/ons-2022-06.csv,1ce4ed3b7d7514d1e8adf6e42ba2a1d5f203753fce6fae2f3d82de7da7e3b415,39306,39307
S,Sul,Fio dagua,JACUI,JIUHQJ,14 DE JULHO,99,2022-06-19 08:00:00,105.62,73.68,282.06,1205.0,1269.0,339.0,898.0,32.0,0.0,,outputs/ons-reserva-2021-2022-20260922/raw/ons-2022-06.csv,1ce4ed3b7d7514d1e8adf6e42ba2a1d5f203753fce6fae2f3d82de7da7e3b415,39307,39308
S,Sul,Fio dagua,JACUI,JIUHQJ,14 DE JULHO,99,2022-06-19 09:00:00,105.57,73.6,275.42,1142.0,1222.0,338.0,852.0,32.0,0.0,,outputs/ons-reserva-2021-2022-20260922/raw/ons-2022-06.csv,1ce4ed3b7d7514d1e8adf6e42ba2a1d5f203753fce6fae2f3d82de7da7e3b415,39308,39309
S,Sul,Fio dagua,JACUI,JIUHQJ,14 DE JULHO,99,2022-06-19 10:00:00,105.54,73.56,271.44,1147.0,1195.0,339.0,824.0,32.0,0.0,,outputs/ons-reserva-2021-2022-20260922/raw/ons-2022-06.csv,1ce4ed3b7d7514d1e8adf6e42ba2a1d5f203753fce6fae2f3d82de7da7e3b415,39309,39310
S,Sul,Fio dagua,JACUI,JIUHQJ,14 DE JULHO,99,2022-06-19 11:00:00,105.51,73.46,267.46,1119.0,1167.0,338.0,797.0,32.0,0.0,,outputs/ons-reserva-2021-2022-20260922/raw/ons-2022-06.csv,1ce4ed3b7d7514d1e8adf6e42ba2a1d5f203753fce6fae2f3d82de7da7e3b415,39310,39311
S,Sul,Fio dagua,JACUI,JIUHQJ,14 DE JULHO,99,2022-06-19 12:00:00,105.48,73.41,263.48,1092.0,1141.0,338.0,771.0,32.0,0.0,,outputs/ons-reserva-2021-2022-20260922/raw/ons-2022-06.csv,1ce4ed3b7d7514d1e8adf6e42ba2a1d5f203753fce6fae2f3d82de7da7e3b415,39311,39312
S,Sul,Fio dagua,JACUI,JIUHQJ,14 DE JULHO,99,2022-06-19 13:00:00,105.44,73.4,258.17,1042.0,1106.0,339.0,736.0,32.0,0.0,,outputs/ons-reserva-2021-2022-20260922/raw/ons-2022-06.csv,1ce4ed3b7d7514d1e8adf6e42ba2a1d5f203753fce6fae2f3d82de7da7e3b415,39312,39313
S,Sul,Fio dagua,JACUI,JIUHQJ,14 DE JULHO,99,2022-06-19 14:00:00,105.41,73.3,254.19,1031.0,1080.0,338.0,710.0,32.0,0.0,,outputs/ons-reserva-2021-2022-20260922/raw/ons-2022-06.csv,1ce4ed3b7d7514d1e8adf6e42ba2a1d5f203753fce6fae2f3d82de7da7e3b415,39313,39314
S,Sul,Fio dagua,JACUI,JIUHQJ,14 DE JULHO,99,2022-06-19 15:00:00,105.38,73.24,250.21,1006.0,1054.0,338.0,685.0,32.0,0.0,,outputs/ons-reserva-2021-2022-20260922/raw/ons-2022-06.csv,1ce4ed3b7d7514d1e8adf6e42ba2a1d5f203753fce6fae2f3d82de7da7e3b415,39314,39315
S,Sul,Fio dagua,JACUI,JIUHQJ,14 DE JULHO,99,2022-06-19 16:00:00,105.35,73.16,246.23,982.0,1030.0,339.0,660.0,32.0,0.0,,outputs/ons-reserva-2021-2022-20260922/raw/ons-2022-06.csv,1ce4ed3b7d7514d1e8adf6e42ba2a1d5f203753fce6fae2f3d82de7da7e3b415,39315,39316
S,Sul,Fio dagua,JACUI,JIUHQJ,14 DE JULHO,99,2022-06-19 17:00:00,105.32,73.12,242.25,957.0,1006.0,339.0,635.0,32.0,0.0,,outputs/ons-reserva-2021-2022-20260922/raw/ons-2022-06.csv,1ce4ed3b7d7514d1e8adf6e42ba2a1d5f203753fce6fae2f3d82de7da7e3b415,39316,39317
S,Sul,Fio dagua,JACUI,JIUHQJ,14 DE JULHO,99,2022-06-19 18:00:00,105.29,73.07,238.27,933.0,981.0,338.0,611.0,32.0,0.0,,outputs/ons-reserva-2021-2022-20260922/raw/ons-2022-06.csv,1ce4ed3b7d7514d1e8adf6e42ba2a1d5f203753fce6fae2f3d82de7da7e3b415,39317,39318
S,Sul,Fio dagua,JACUI,JIUHQJ,14 DE JULHO,99,2022-06-19 19:00:00,105.26,73.03,234.29,909.0,958.0,338.0,588.0,32.0,0.0,,outputs/ons-reserva-2021-2022-20260922/raw/ons-2022-06.csv,1ce4ed3b7d7514d1e8adf6e42ba2a1d5f203753fce6fae2f3d82de7da7e3b415,39318,39319
S,Sul,Fio dagua,JACUI,JIUHQJ,14 DE JULHO,99,2022-06-19 20:00:00,105.24,72.46,231.63,904.0,936.0,333.0,572.0,32.0,0.0,,outputs/ons-reserva-2021-2022-20260922/raw/ons-2022-06.csv,1ce4ed3b7d7514d1e8adf6e42ba2a1d5f203753fce6fae2f3d82de7da7e3b415,39319,39320
S,Sul,Fio dagua,JACUI,JIUHQJ,14 DE JULHO,99,2022-06-19 21:00:00,105.21,72.89,227.65,869.0,918.0,337.0,549.0,31.0,0.0,,outputs/ons-reserva-2021-2022-20260922/raw/ons-2022-06.csv,1ce4ed3b7d7514d1e8adf6e42ba2a1d5f203753fce6fae2f3d82de7da7e3b415,39320,39321
S,Sul,Fio dagua,JACUI,JIUHQJ,14 DE JULHO,99,2022-06-19 22:00:00,105.18,72.87,223.67,847.0,895.0,338.0,526.0,31.0,0.0,,outputs/ons-reserva-2021-2022-20260922/raw/ons-2022-06.csv,1ce4ed3b7d7514d1e8adf6e42ba2a1d5f203753fce6fae2f3d82de7da7e3b415,39321,39322
S,Sul,Fio dagua,JACUI,JIUHQJ,14 DE JULHO,99,2022-06-19 23:00:00,105.16,72.86,221.02,849.0,882.0,338.0,512.0,31.0,0.0,,outputs/ons-reserva-2021-2022-20260922/raw/ons-2022-06.csv,1ce4ed3b7d7514d1e8adf6e42ba2a1d5f203753fce6fae2f3d82de7da7e3b415,39322,39323
S,Sul,Fio dagua,JACUI,JIUHQJ,14 DE JULHO,99,2022-06-19 23:59:00,105.13,72.77,217.04,811.0,859.0,338.0,490.0,31.0,0.0,,outputs/ons-reserva-2021-2022-20260922/raw/ons-2022-06.csv,1ce4ed3b7d7514d1e8adf6e42ba2a1d5f203753fce6fae2f3d82de7da7e3b415,39323,39324
S,Sul,Fio dagua,JACUI,JIUHQJ,14 DE JULHO,99,2022-06-20 01:00:00,105.11,72.71,214.38,812.0,844.0,337.0,475.0,31.0,0.0,,outputs/ons-reserva-2021-2022-20260922/raw/ons-2022-06.csv,1ce4ed3b7d7514d1e8adf6e42ba2a1d5f203753fce6fae2f3d82de7da7e3b415,39324,39325
S,Sul,Fio dagua,JACUI,JIUHQJ,14 DE JULHO,99,2022-06-20 02:00:00,105.1,72.67,213.06,820.0,837.0,337.0,468.0,31.0,0.0,,outputs/ons-reserva-2021-2022-20260922/raw/ons-2022-06.csv,1ce4ed3b7d7514d1e8adf6e42ba2a1d5f203753fce6fae2f3d82de7da7e3b415,39325,39326
S,Sul,Fio dagua,JACUI,JIUHQJ,14 DE JULHO,99,2022-06-20 03:00:00,105.07,72.65,209.08,768.0,816.0,337.0,448.0,31.0,0.0,,outputs/ons-reserva-2021-2022-20260922/raw/ons-2022-06.csv,1ce4ed3b7d7514d1e8adf6e42ba2a1d5f203753fce6fae2f3d82de7da7e3b415,39326,39327
S,Sul,Fio dagua,JACUI,JIUHQJ,14 DE JULHO,99,2022-06-20 04:00:00,105.04,72.59,205.1,747.0,795.0,337.0,427.0,31.0,0.0,,outputs/ons-reserva-2021-2022-20260922/raw/ons-2022-06.csv,1ce4ed3b7d7514d1e8adf6e42ba2a1d5f203753fce6fae2f3d82de7da7e3b415,39327,39328
S,Sul,Fio dagua,JACUI,JIUHQJ,14 DE JULHO,99,2022-06-20 05:00:00,105.02,72.55,202.44,749.0,782.0,337.0,414.0,31.0,0.0,,outputs/ons-reserva-2021-2022-20260922/raw/ons-2022-06.csv,1ce4ed3b7d7514d1e8adf6e42ba2a1d5f203753fce6fae2f3d82de7da7e3b415,39328,39329
S,Sul,Fio dagua,JACUI,JIUHQJ,14 DE JULHO,99,2022-06-20 06:00:00,105.0,72.53,199.79,736.0,768.0,337.0,400.0,31.0,0.0,,outputs/ons-reserva-2021-2022-20260922/raw/ons-2022-06.csv,1ce4ed3b7d7514d1e8adf6e42ba2a1d5f203753fce6fae2f3d82de7da7e3b415,39329,39330
S,Sul,Fio dagua,JACUI,JIUHQJ,14 DE JULHO,99,2022-06-20 07:00:00,104.99,72.48,198.79,743.0,759.0,335.0,394.0,31.0,0.0,,outputs/ons-reserva-2021-2022-20260922/raw/ons-2022-06.csv,1ce4ed3b7d7514d1e8adf6e42ba2a1d5f203753fce6fae2f3d82de7da7e3b415,39330,39331
S,Sul,Fio dagua,JACUI,JIUHQJ,14 DE JULHO,99,2022-06-20 08:00:00,104.98,72.45,197.79,734.0,750.0,332.0,387.0,31.0,0.0,,outputs/ons-reserva-2021-2022-20260922/raw/ons-2022-06.csv,1ce4ed3b7d7514d1e8adf6e42ba2a1d5f203753fce6fae2f3d82de7da7e3b415,39331,39332
S,Sul,Fio dagua,JACUI,JIUHQJ,14 DE JULHO,99,2022-06-20 09:00:00,104.94,72.43,193.8,661.0,725.0,333.0,361.0,31.0,0.0,,outputs/ons-reserva-2021-2022-20260922/raw/ons-2022-06.csv,1ce4ed3b7d7514d1e8adf6e42ba2a1d5f203753fce6fae2f3d82de7da7e3b415,39332,39333
S,Sul,Fio dagua,JACUI,JIUHQJ,14 DE JULHO,99,2022-06-20 10:00:00,104.93,72.42,192.8,703.0,720.0,334.0,354.0,31.0,0.0,,outputs/ons-reserva-2021-2022-20260922/raw/ons-2022-06.csv,1ce4ed3b7d7514d1e8adf6e42ba2a1d5f203753fce6fae2f3d82de7da7e3b415,39333,39334
S,Sul,Fio dagua,JACUI,JIUHQJ,14 DE JULHO,99,2022-06-20 11:00:00,104.91,72.38,190.81,660.0,692.0,320.0,342.0,31.0,0.0,,outputs/ons-reserva-2021-2022-20260922/raw/ons-2022-06.csv,1ce4ed3b7d7514d1e8adf6e42ba2a1d5f203753fce6fae2f3d82de7da7e3b415,39334,39335
S,Sul,Fio dagua,JACUI,JIUHQJ,14 DE JULHO,99,2022-06-20 12:00:00,104.9,72.38,189.81,684.0,700.0,334.0,335.0,31.0,0.0,,outputs/ons-reserva-2021-2022-20260922/raw/ons-2022-06.csv,1ce4ed3b7d7514d1e8adf6e42ba2a1d5f203753fce6fae2f3d82de7da7e3b415,39335,39336
S,Sul,Fio dagua,JACUI,JIUHQJ,14 DE JULHO,99,2022-06-20 13:00:00,104.89,72.34,188.81,677.0,694.0,334.0,329.0,31.0,0.0,,outputs/ons-reserva-2021-2022-20260922/raw/ons-2022-06.csv,1ce4ed3b7d7514d1e8adf6e42ba2a1d5f203753fce6fae2f3d82de7da7e3b415,39336,39337
S,Sul,Fio dagua,JACUI,JIUHQJ,14 DE JULHO,99,2022-06-20 14:00:00,104.86,72.28,185.82,627.0,675.0,333.0,311.0,31.0,0.0,,outputs/ons-reserva-2021-2022-20260922/raw/ons-2022-06.csv,1ce4ed3b7d7514d1e8adf6e42ba2a1d5f203753fce6fae2f3d82de7da7e3b415,39337,39338
S,Sul,Fio dagua,JACUI,JIUHQJ,14 DE JULHO,99,2022-06-20 15:00:00,104.84,72.27,183.82,632.0,664.0,334.0,299.0,31.0,0.0,,outputs/ons-reserva-2021-2022-20260922/raw/ons-2022-06.csv,1ce4ed3b7d7514d1e8adf6e42ba2a1d5f203753fce6fae2f3d82de7da7e3b415,39338,39339
S,Sul,Fio dagua,JACUI,JIUHQJ,14 DE JULHO,99,2022-06-20 16:00:00,104.84,72.24,183.82,664.0,664.0,334.0,299.0,31.0,0.0,,outputs/ons-reserva-2021-2022-20260922/raw/ons-2022-06.csv,1ce4ed3b7d7514d1e8adf6e42ba2a1d5f203753fce6fae2f3d82de7da7e3b415,39339,39340
S,Sul,Fio dagua,JACUI,JIUHQJ,14 DE JULHO,99,2022-06-20 17:00:00,104.81,72.22,180.83,598.0,646.0,334.0,281.0,31.0,0.0,,outputs/ons-reserva-2021-2022-20260922/raw/ons-2022-06.csv,1ce4ed3b7d7514d1e8adf6e42ba2a1d5f203753fce6fae2f3d82de7da7e3b415,39340,39341
S,Sul,Fio dagua,JACUI,JIUHQJ,14 DE JULHO,99,2022-06-20 18:00:00,104.8,72.18,179.83,624.0,640.0,334.0,275.0,31.0,0.0,,outputs/ons-reserva-2021-2022-20260922/raw/ons-2022-06.csv,1ce4ed3b7d7514d1e8adf6e42ba2a1d5f203753fce6fae2f3d82de7da7e3b415,39341,39342
S,Sul,Fio dagua,JACUI,JIUHQJ,14 DE JULHO,99,2022-06-20 19:00:00,104.78,72.16,177.83,596.0,629.0,334.0,264.0,31.0,0.0,,outputs/ons-reserva-2021-2022-20260922/raw/ons-2022-06.csv,1ce4ed3b7d7514d1e8adf6e42ba2a1d5f203753fce6fae2f3d82de7da7e3b415,39342,39343
S,Sul,Fio dagua,JACUI,JIUHQJ,14 DE JULHO,99,2022-06-20 20:00:00,104.77,72.18,176.84,607.0,623.0,334.0,258.0,31.0,0.0,,outputs/ons-reserva-2021-2022-20260922/raw/ons-2022-06.csv,1ce4ed3b7d7514d1e8adf6e42ba2a1d5f203753fce6fae2f3d82de7da7e3b415,39343,39344
S,Sul,Fio dagua,JACUI,JIUHQJ,14 DE JULHO,99,2022-06-20 21:00:00,104.77,72.15,176.84,623.0,623.0,334.0,258.0,31.0,0.0,,outputs/ons-reserva-2021-2022-20260922/raw/ons-2022-06.csv,1ce4ed3b7d7514d1e8adf6e42ba2a1d5f203753fce6fae2f3d82de7da7e3b415,39344,39345
S,Sul,Fio dagua,JACUI,JIUHQJ,14 DE JULHO,99,2022-06-20 22:00:00,104.74,72.12,173.84,559.0,607.0,334.0,242.0,31.0,0.0,,outputs/ons-reserva-2021-2022-20260922/raw/ons-2022-06.csv,1ce4ed3b7d7514d1e8adf6e42ba2a1d5f203753fce6fae2f3d82de7da7e3b415,39345,39346
S,Sul,Fio dagua,JACUI,JIUHQJ,14 DE JULHO,99,2022-06-20 23:00:00,104.74,72.1,173.84,607.0,607.0,334.0,242.0,31.0,0.0,,outputs/ons-reserva-2021-2022-20260922/raw/ons-2022-06.csv,1ce4ed3b7d7514d1e8adf6e42ba2a1d5f203753fce6fae2f3d82de7da7e3b415,39346,39347
S,Sul,Fio dagua,JACUI,JIUHQJ,14 DE JULHO,99,2022-06-20 23:59:00,104.72,72.08,171.85,563.0,596.0,334.0,231.0,31.0,0.0,,outputs/ons-reserva-2021-2022-20260922/raw/ons-2022-06.csv,1ce4ed3b7d7514d1e8adf6e42ba2a1d5f203753fce6fae2f3d82de7da7e3b415,39347,39348
S,Sul,Fio dagua,JACUI,JIUHQJ,14 DE JULHO,99,2022-06-21 01:00:00,104.7,72.08,169.85,552.0,585.0,334.0,220.0,31.0,0.0,,outputs/ons-reserva-2021-2022-20260922/raw/ons-2022-06.csv,1ce4ed3b7d7514d1e8adf6e42ba2a1d5f203753fce6fae2f3d82de7da7e3b415,39348,39349
S,Sul,Fio dagua,JACUI,JIUHQJ,14 DE JULHO,99,2022-06-21 02:00:00,104.69,72.06,168.85,564.0,580.0,334.0,215.0,31.0,0.0,,outputs/ons-reserva-2021-2022-20260922/raw/ons-2022-06.csv,1ce4ed3b7d7514d1e8adf6e42ba2a1d5f203753fce6fae2f3d82de7da7e3b415,39349,39350
S,Sul,Fio dagua,JACUI,JIUHQJ,14 DE JULHO,99,2022-06-21 03:00:00,104.67,72.02,166.86,537.0,570.0,334.0,205.0,31.0,0.0,,outputs/ons-reserva-2021-2022-20260922/raw/ons-2022-06.csv,1ce4ed3b7d7514d1e8adf6e42ba2a1d5f203753fce6fae2f3d82de7da7e3b415,39350,39351
S,Sul,Fio dagua,JACUI,JIUHQJ,14 DE JULHO,99,2022-06-21 04:00:00,104.66,72.0,165.86,549.0,565.0,334.0,200.0,31.0,0.0,,outputs/ons-reserva-2021-2022-20260922/raw/ons-2022-06.csv,1ce4ed3b7d7514d1e8adf6e42ba2a1d5f203753fce6fae2f3d82de7da7e3b415,39351,39352
S,Sul,Fio dagua,JACUI,JIUHQJ,14 DE JULHO,99,2022-06-21 05:00:00,104.65,72.0,164.86,544.0,560.0,334.0,196.0,30.0,0.0,,outputs/ons-reserva-2021-2022-20260922/raw/ons-2022-06.csv,1ce4ed3b7d7514d1e8adf6e42ba2a1d5f203753fce6fae2f3d82de7da7e3b415,39352,39353
S,Sul,Fio dagua,JACUI,JIUHQJ,14 DE JULHO,99,2022-06-21 06:00:00,104.65,72.0,164.86,560.0,560.0,334.0,196.0,30.0,0.0,,outputs/ons-reserva-2021-2022-20260922/raw/ons-2022-06.csv,1ce4ed3b7d7514d1e8adf6e42ba2a1d5f203753fce6fae2f3d82de7da7e3b415,39353,39354
S,Sul,Fio dagua,JACUI,JIUHQJ,14 DE JULHO,99,2022-06-21 07:00:00,104.63,72.0,162.87,518.0,550.0,334.0,186.0,30.0,0.0,,outputs/ons-reserva-2021-2022-20260922/raw/ons-2022-06.csv,1ce4ed3b7d7514d1e8adf6e42ba2a1d5f203753fce6fae2f3d82de7da7e3b415,39354,39355
S,Sul,Fio dagua,JACUI,JIUHQJ,14 DE JULHO,99,2022-06-21 08:00:00,104.62,71.94,161.87,529.0,545.0,333.0,181.0,30.0,0.0,,outputs/ons-reserva-2021-2022-20260922/raw/ons-2022-06.csv,1ce4ed3b7d7514d1e8adf6e42ba2a1d5f203753fce6fae2f3d82de7da7e3b415,39355,39356
S,Sul,Fio dagua,JACUI,JIUHQJ,14 DE JULHO,99,2022-06-21 09:00:00,104.62,71.94,161.87,545.0,545.0,333.0,181.0,30.0,0.0,,outputs/ons-reserva-2021-2022-20260922/raw/ons-2022-06.csv,1ce4ed3b7d7514d1e8adf6e42ba2a1d5f203753fce6fae2f3d82de7da7e3b415,39356,39357
S,Sul,Fio dagua,JACUI,JIUHQJ,14 DE JULHO,99,2022-06-21 10:00:00,104.61,71.93,160.87,524.0,540.0,333.0,176.0,30.0,0.0,,outputs/ons-reserva-2021-2022-20260922/raw/ons-2022-06.csv,1ce4ed3b7d7514d1e8adf6e42ba2a1d5f203753fce6fae2f3d82de7da7e3b415,39357,39358
S,Sul,Fio dagua,JACUI,JIUHQJ,14 DE JULHO,99,2022-06-21 11:00:00,104.6,71.94,159.87,509.0,525.0,334.0,191.0,0.0,0.0,,outputs/ons-reserva-2021-2022-20260922/raw/ons-2022-06.csv,1ce4ed3b7d7514d1e8adf6e42ba2a1d5f203753fce6fae2f3d82de7da7e3b415,39358,39359
S,Sul,Fio dagua,JACUI,JIUHQJ,14 DE JULHO,99,2022-06-21 12:00:00,104.6,71.91,159.87,525.0,525.0,333.0,191.0,0.0,0.0,,outputs/ons-reserva-2021-2022-20260922/raw/ons-2022-06.csv,1ce4ed3b7d7514d1e8adf6e42ba2a1d5f203753fce6fae2f3d82de7da7e3b415,39359,39360
S,Sul,Fio dagua,JACUI,JIUHQJ,14 DE JULHO,99,2022-06-21 13:00:00,104.59,71.9,158.87,504.0,520.0,333.0,187.0,0.0,0.0,,outputs/ons-reserva-2021-2022-20260922/raw/ons-2022-06.csv,1ce4ed3b7d7514d1e8adf6e42ba2a1d5f203753fce6fae2f3d82de7da7e3b415,39360,39361
S,Sul,Fio dagua,JACUI,JIUHQJ,14 DE JULHO,99,2022-06-21 14:00:00,104.61,71.89,160.87,562.0,530.0,333.0,196.0,0.0,0.0,,outputs/ons-reserva-2021-2022-20260922/raw/ons-2022-06.csv,1ce4ed3b7d7514d1e8adf6e42ba2a1d5f203753fce6fae2f3d82de7da7e3b415,39361,39362
S,Sul,Fio dagua,JACUI,JIUHQJ,14 DE JULHO,99,2022-06-21 15:00:00,104.63,71.89,162.87,572.0,539.0,333.0,206.0,0.0,0.0,,outputs/ons-reserva-2021-2022-20260922/raw/ons-2022-06.csv,1ce4ed3b7d7514d1e8adf6e42ba2a1d5f203753fce6fae2f3d82de7da7e3b415,39362,39363
S,Sul,Fio dagua,JACUI,JIUHQJ,14 DE JULHO,99,2022-06-21 16:00:00,104.66,71.94,165.86,603.0,554.0,334.0,221.0,0.0,0.0,,outputs/ons-reserva-2021-2022-20260922/raw/ons-2022-06.csv,1ce4ed3b7d7514d1e8adf6e42ba2a1d5f203753fce6fae2f3d82de7da7e3b415,39363,39364
S,Sul,Fio dagua,JACUI,JIUHQJ,14 DE JULHO,99,2022-06-21 17:00:00,104.67,71.99,166.86,576.0,560.0,334.0,226.0,0.0,0.0,,outputs/ons-reserva-2021-2022-20260922/raw/ons-2022-06.csv,1ce4ed3b7d7514d1e8adf6e42ba2a1d5f203753fce6fae2f3d82de7da7e3b415,39364,39365
S,Sul,Fio dagua,JACUI,JIUHQJ,14 DE JULHO,99,2022-06-21 18:00:00,104.71,72.0,170.85,644.0,579.0,333.0,246.0,0.0,0.0,,outputs/ons-reserva-2021-2022-20260922/raw/ons-2022-06.csv,1ce4ed3b7d7514d1e8adf6e42ba2a1d5f203753fce6fae2f3d82de7da7e3b415,39365,39366
S,Sul,Fio dagua,JACUI,JIUHQJ,14 DE JULHO,99,2022-06-21 19:00:00,104.77,72.0,176.84,709.0,612.0,333.0,279.0,0.0,0.0,,outputs/ons-reserva-2021-2022-20260922/raw/ons-2022-06.csv,1ce4ed3b7d7514d1e8adf6e42ba2a1d5f203753fce6fae2f3d82de7da7e3b415,39366,39367
S,Sul,Fio dagua,JACUI,JIUHQJ,14 DE JULHO,99,2022-06-21 20:00:00,104.83,72.0,182.82,742.0,646.0,332.0,314.0,0.0,0.0,,outputs/ons-reserva-2021-2022-20260922/raw/ons-2022-06.csv,1ce4ed3b7d7514d1e8adf6e42ba2a1d5f203753fce6fae2f3d82de7da7e3b415,39367,39368
S,Sul,Fio dagua,JACUI,JIUHQJ,14 DE JULHO,99,2022-06-21 21:00:00,104.9,72.1,189.81,801.0,688.0,333.0,356.0,0.0,0.0,,outputs/ons-reserva-2021-2022-20260922/raw/ons-2022-06.csv,1ce4ed3b7d7514d1e8adf6e42ba2a1d5f203753fce6fae2f3d82de7da7e3b415,39368,39369
S,Sul,Fio dagua,JACUI,JIUHQJ,14 DE JULHO,99,2022-06-21 22:00:00,105.0,72.2,199.79,914.0,753.0,333.0,421.0,0.0,0.0,,outputs/ons-reserva-2021-2022-20260922/raw/ons-2022-06.csv,1ce4ed3b7d7514d1e8adf6e42ba2a1d5f203753fce6fae2f3d82de7da7e3b415,39369,39370
S,Sul,Fio dagua,JACUI,JIUHQJ,14 DE JULHO,99,2022-06-21 23:00:00,105.12,72.42,215.71,1030.0,837.0,333.0,503.0,0.0,0.0,,outputs/ons-reserva-2021-2022-20260922/raw/ons-2022-06.csv,1ce4ed3b7d7514d1e8adf6e42ba2a1d5f203753fce6fae2f3d82de7da7e3b415,39370,39371
S,Sul,Fio dagua,JACUI,JIUHQJ,14 DE JULHO,99,2022-06-21 23:59:00,105.25,72.6,232.96,1144.0,935.0,334.0,601.0,0.0,0.0,,outputs/ons-reserva-2021-2022-20260922/raw/ons-2022-06.csv,1ce4ed3b7d7514d1e8adf6e42ba2a1d5f203753fce6fae2f3d82de7da7e3b415,39371,39372
S,Sul,Fio dagua,JACUI,JIUHQJ,14 DE JULHO,99,2022-06-22 01:00:00,105.4,72.87,252.87,1299.0,1057.0,335.0,722.0,0.0,0.0,,outputs/ons-reserva-2021-2022-20260922/raw/ons-2022-06.csv,1ce4ed3b7d7514d1e8adf6e42ba2a1d5f203753fce6fae2f3d82de7da7e3b415,39372,39373
S,Sul,Fio dagua,JACUI,JIUHQJ,14 DE JULHO,99,2022-06-22 02:00:00,105.56,73.16,274.1,1458.0,1200.0,337.0,863.0,0.0,0.0,,outputs/ons-reserva-2021-2022-20260922/raw/ons-2022-06.csv,1ce4ed3b7d7514d1e8adf6e42ba2a1d5f203753fce6fae2f3d82de7da7e3b415,39373,39374
S,Sul,Fio dagua,JACUI,JIUHQJ,14 DE JULHO,99,2022-06-22 03:00:00,105.71,73.46,294.0,1587.0,1345.0,338.0,1007.0,0.0,0.0,,outputs/ons-reserva-2021-2022-20260922/raw/ons-2022-06.csv,1ce4ed3b7d7514d1e8adf6e42ba2a1d5f203753fce6fae2f3d82de7da7e3b415,39374,39375
S,Sul,Fio dagua,JACUI,JIUHQJ,14 DE JULHO,99,2022-06-22 04:00:00,105.84,73.77,311.25,1690.0,1480.0,340.0,1140.0,0.0,0.0,,outputs/ons-reserva-2021-2022-20260922/raw/ons-2022-06.csv,1ce4ed3b7d7514d1e8adf6e42ba2a1d5f203753fce6fae2f3d82de7da7e3b415,39375,39376
S,Sul,Fio dagua,JACUI,JIUHQJ,14 DE JULHO,99,2022-06-22 05:00:00,105.96,74.0,327.18,1804.0,1611.0,340.0,1271.0,0.0,0.0,,outputs/ons-reserva-2021-2022-20260922/raw/ons-2022-06.csv,1ce4ed3b7d7514d1e8adf6e42ba2a1d5f203753fce6fae2f3d82de7da7e3b415,39376,39377
S,Sul,Fio dagua,JACUI,JIUHQJ,14 DE JULHO,99,2022-06-22 06:00:00,106.04,74.34,337.79,2020.0,1891.0,341.0,1550.0,0.0,0.0,,outputs/ons-reserva-2021-2022-20260922/raw/ons-2022-06.csv,1ce4ed3b7d7514d1e8adf6e42ba2a1d5f203753fce6fae2f3d82de7da7e3b415,39377,39378
S,Sul,Fio dagua,JACUI,JIUHQJ,14 DE JULHO,99,2022-06-22 07:00:00,106.07,74.73,341.77,2112.0,2064.0,343.0,1688.0,33.0,0.0,,outputs/ons-reserva-2021-2022-20260922/raw/ons-2022-06.csv,1ce4ed3b7d7514d1e8adf6e42ba2a1d5f203753fce6fae2f3d82de7da7e3b415,39378,39379
S,Sul,Fio dagua,JACUI,JIUHQJ,14 DE JULHO,99,2022-06-22 08:00:00,106.1,74.99,345.75,2252.0,2203.0,344.0,1827.0,33.0,0.0,,outputs/ons-reserva-2021-2022-20260922/raw/ons-2022-06.csv,1ce4ed3b7d7514d1e8adf6e42ba2a1d5f203753fce6fae2f3d82de7da7e3b415,39379,39380
S,Sul,Fio dagua,JACUI,JIUHQJ,14 DE JULHO,99,2022-06-22 09:00:00,106.09,75.24,344.43,2346.0,2362.0,340.0,2023.0,0.0,0.0,,outputs/ons-reserva-2021-2022-20260922/raw/ons-2022-06.csv,1ce4ed3b7d7514d1e8adf6e42ba2a1d5f203753fce6fae2f3d82de7da7e3b415,39380,39381
S,Sul,Fio dagua,JACUI,JIUHQJ,14 DE JULHO,99,2022-06-22 10:00:00,106.06,75.43,340.45,2512.0,2560.0,334.0,2194.0,33.0,0.0,,outputs/ons-reserva-2021-2022-20260922/raw/ons-2022-06.csv,1ce4ed3b7d7514d1e8adf6e42ba2a1d5f203753fce6fae2f3d82de7da7e3b415,39381,39382
S,Sul,Fio dagua,JACUI,JIUHQJ,14 DE JULHO,99,2022-06-22 11:00:00,106.04,75.72,337.79,2473.0,2505.0,335.0,2171.0,0.0,0.0,,outputs/ons-reserva-2021-2022-20260922/raw/ons-2022-06.csv,1ce4ed3b7d7514d1e8adf6e42ba2a1d5f203753fce6fae2f3d82de7da7e3b415,39382,39383
S,Sul,Fio dagua,JACUI,JIUHQJ,14 DE JULHO,99,2022-06-22 12:00:00,106.0,75.8,332.48,2428.0,2492.0,335.0,2125.0,33.0,0.0,,outputs/ons-reserva-2021-2022-20260922/raw/ons-2022-06.csv,1ce4ed3b7d7514d1e8adf6e42ba2a1d5f203753fce6fae2f3d82de7da7e3b415,39383,39384
S,Sul,Fio dagua,JACUI,JIUHQJ,14 DE JULHO,99,2022-06-22 13:00:00,105.97,75.72,328.5,2373.0,2422.0,331.0,2091.0,0.0,0.0,,outputs/ons-reserva-2021-2022-20260922/raw/ons-2022-06.csv,1ce4ed3b7d7514d1e8adf6e42ba2a1d5f203753fce6fae2f3d82de7da7e3b415,39384,39385
S,Sul,Fio dagua,JACUI,JIUHQJ,14 DE JULHO,99,2022-06-22 14:00:00,106.06,75.72,340.45,2670.0,2525.0,332.0,2194.0,0.0,0.0,,outputs/ons-reserva-2021-2022-20260922/raw/ons-2022-06.csv,1ce4ed3b7d7514d1e8adf6e42ba2a1d5f203753fce6fae2f3d82de7da7e3b415,39385,39386
S,Sul,Fio dagua,JACUI,JIUHQJ,14 DE JULHO,99,2022-06-22 15:00:00,106.21,75.92,360.35,2970.0,2728.0,329.0,2366.0,33.0,0.0,,outputs/ons-reserva-2021-2022-20260922/raw/ons-2022-06.csv,1ce4ed3b7d7514d1e8adf6e42ba2a1d5f203753fce6fae2f3d82de7da7e3b415,39386,39387
S,Sul,Fio dagua,JACUI,JIUHQJ,14 DE JULHO,99,2022-06-22 16:00:00,106.24,76.29,364.33,3014.0,2965.0,327.0,2606.0,33.0,0.0,,outputs/ons-reserva-2021-2022-20260922/raw/ons-2022-06.csv,1ce4ed3b7d7514d1e8adf6e42ba2a1d5f203753fce6fae2f3d82de7da7e3b415,39387,39388
S,Sul,Fio dagua,JACUI,JIUHQJ,14 DE JULHO,99,2022-06-22 17:00:00,106.25,76.54,365.66,2993.0,2977.0,327.0,2617.0,33.0,0.0,,outputs/ons-reserva-2021-2022-20260922/raw/ons-2022-06.csv,1ce4ed3b7d7514d1e8adf6e42ba2a1d5f203753fce6fae2f3d82de7da7e3b415,39388,39389
S,Sul,Fio dagua,JACUI,JIUHQJ,14 DE JULHO,99,2022-06-22 18:00:00,106.18,76.7,356.37,2986.0,3099.0,328.0,2739.0,33.0,0.0,,outputs/ons-reserva-2021-2022-20260922/raw/ons-2022-06.csv,1ce4ed3b7d7514d1e8adf6e42ba2a1d5f203753fce6fae2f3d82de7da7e3b415,39389,39390
S,Sul,Fio dagua,JACUI,JIUHQJ,14 DE JULHO,99,2022-06-22 19:00:00,106.13,76.77,349.73,2961.0,3041.0,328.0,2681.0,33.0,0.0,,outputs/ons-reserva-2021-2022-20260922/raw/ons-2022-06.csv,1ce4ed3b7d7514d1e8adf6e42ba2a1d5f203753fce6fae2f3d82de7da7e3b415,39390,39391
S,Sul,Fio dagua,JACUI,JIUHQJ,14 DE JULHO,99,2022-06-22 20:00:00,106.15,76.72,352.39,3092.0,3059.0,323.0,2704.0,33.0,0.0,,outputs/ons-reserva-2021-2022-20260922/raw/ons-2022-06.csv,1ce4ed3b7d7514d1e8adf6e42ba2a1d5f203753fce6fae2f3d82de7da7e3b415,39391,39392
S,Sul,Fio dagua,JACUI,JIUHQJ,14 DE JULHO,99,2022-06-22 21:00:00,106.16,76.73,353.72,3085.0,3069.0,321.0,2715.0,33.0,0.0,,outputs/ons-reserva-2021-2022-20260922/raw/ons-2022-06.csv,1ce4ed3b7d7514d1e8adf6e42ba2a1d5f203753fce6fae2f3d82de7da7e3b415,39392,39393
S,Sul,Fio dagua,JACUI,JIUHQJ,14 DE JULHO,99,2022-06-22 22:00:00,106.16,76.77,353.72,3056.0,3056.0,308.0,2715.0,33.0,0.0,,outputs/ons-reserva-2021-2022-20260922/raw/ons-2022-06.csv,1ce4ed3b7d7514d1e8adf6e42ba2a1d5f203753fce6fae2f3d82de7da7e3b415,39393,39394
S,Sul,Fio dagua,JACUI,JIUHQJ,14 DE JULHO,99,2022-06-22 23:00:00,106.16,76.8,353.72,3069.0,3069.0,321.0,2715.0,33.0,0.0,,outputs/ons-reserva-2021-2022-20260922/raw/ons-2022-06.csv,1ce4ed3b7d7514d1e8adf6e42ba2a1d5f203753fce6fae2f3d82de7da7e3b415,39394,39395
S,Sul,Fio dagua,JACUI,JIUHQJ,14 DE JULHO,99,2022-06-22 23:59:00,106.17,76.78,355.04,3093.0,3077.0,317.0,2727.0,33.0,0.0,,outputs/ons-reserva-2021-2022-20260922/raw/ons-2022-06.csv,1ce4ed3b7d7514d1e8adf6e42ba2a1d5f203753fce6fae2f3d82de7da7e3b415,39395,39396
S,Sul,Fio dagua,JACUI,JIUHQJ,14 DE JULHO,99,2022-06-23 01:00:00,106.18,76.8,356.37,3105.0,3089.0,318.0,2739.0,33.0,0.0,,outputs/ons-reserva-2021-2022-20260922/raw/ons-2022-06.csv,1ce4ed3b7d7514d1e8adf6e42ba2a1d5f203753fce6fae2f3d82de7da7e3b415,39396,39397
S,Sul,Fio dagua,JACUI,JIUHQJ,14 DE JULHO,99,2022-06-23 02:00:00,106.18,76.8,356.37,3091.0,3091.0,319.0,2739.0,33.0,0.0,,outputs/ons-reserva-2021-2022-20260922/raw/ons-2022-06.csv,1ce4ed3b7d7514d1e8adf6e42ba2a1d5f203753fce6fae2f3d82de7da7e3b415,39397,39398
S,Sul,Fio dagua,JACUI,JIUHQJ,14 DE JULHO,99,2022-06-23 03:00:00,106.18,76.78,356.37,3091.0,3091.0,319.0,2739.0,33.0,0.0,,outputs/ons-reserva-2021-2022-20260922/raw/ons-2022-06.csv,1ce4ed3b7d7514d1e8adf6e42ba2a1d5f203753fce6fae2f3d82de7da7e3b415,39398,39399
S,Sul,Fio dagua,JACUI,JIUHQJ,14 DE JULHO,99,2022-06-23 04:00:00,106.18,76.78,356.37,3091.0,3091.0,319.0,2739.0,33.0,0.0,,outputs/ons-reserva-2021-2022-20260922/raw/ons-2022-06.csv,1ce4ed3b7d7514d1e8adf6e42ba2a1d5f203753fce6fae2f3d82de7da7e3b415,39399,39400
S,Sul,Fio dagua,JACUI,JIUHQJ,14 DE JULHO,99,2022-06-23 05:00:00,106.18,76.78,356.37,3091.0,3091.0,319.0,2739.0,33.0,0.0,,outputs/ons-reserva-2021-2022-20260922/raw/ons-2022-06.csv,1ce4ed3b7d7514d1e8adf6e42ba2a1d5f203753fce6fae2f3d82de7da7e3b415,39400,39401
S,Sul,Fio dagua,JACUI,JIUHQJ,14 DE JULHO,99,2022-06-23 06:00:00,106.18,76.7,356.37,3090.0,3090.0,318.0,2739.0,33.0,0.0,,outputs/ons-reserva-2021-2022-20260922/raw/ons-2022-06.csv,1ce4ed3b7d7514d1e8adf6e42ba2a1d5f203753fce6fae2f3d82de7da7e3b415,39401,39402
S,Sul,Fio dagua,JACUI,JIUHQJ,14 DE JULHO,99,2022-06-23 07:00:00,106.18,76.72,356.37,3090.0,3090.0,318.0,2739.0,33.0,0.0,,outputs/ons-reserva-2021-2022-20260922/raw/ons-2022-06.csv,1ce4ed3b7d7514d1e8adf6e42ba2a1d5f203753fce6fae2f3d82de7da7e3b415,39402,39403
S,Sul,Fio dagua,JACUI,JIUHQJ,14 DE JULHO,99,2022-06-23 08:00:00,106.19,76.71,357.7,3117.0,3101.0,318.0,2750.0,33.0,0.0,,outputs/ons-reserva-2021-2022-20260922/raw/ons-2022-06.csv,1ce4ed3b7d7514d1e8adf6e42ba2a1d5f203753fce6fae2f3d82de7da7e3b415,39403,39404
S,Sul,Fio dagua,JACUI,JIUHQJ,14 DE JULHO,99,2022-06-23 09:00:00,106.23,76.77,363.0,3213.0,3149.0,318.0,2797.0,33.0,0.0,,outputs/ons-reserva-2021-2022-20260922/raw/ons-2022-06.csv,1ce4ed3b7d7514d1e8adf6e42ba2a1d5f203753fce6fae2f3d82de7da7e3b415,39404,39405
S,Sul,Fio dagua,JACUI,JIUHQJ,14 DE JULHO,99,2022-06-23 10:00:00,106.26,76.82,366.99,3233.0,3184.0,318.0,2833.0,33.0,0.0,,outputs/ons-reserva-2021-2022-20260922/raw/ons-2022-06.csv,1ce4ed3b7d7514d1e8adf6e42ba2a1d5f203753fce6fae2f3d82de7da7e3b415,39405,39406
S,Sul,Fio dagua,JACUI,JIUHQJ,14 DE JULHO,99,2022-06-23 11:00:00,106.29,76.96,370.97,3270.0,3221.0,319.0,2869.0,33.0,0.0,,outputs/ons-reserva-2021-2022-20260922/raw/ons-2022-06.csv,1ce4ed3b7d7514d1e8adf6e42ba2a1d5f203753fce6fae2f3d82de7da7e3b415,39406,39407
S,Sul,Fio dagua,JACUI,JIUHQJ,14 DE JULHO,99,2022-06-23 12:00:00,106.33,77.0,376.27,3335.0,3270.0,319.0,2918.0,33.0,0.0,,outputs/ons-reserva-2021-2022-20260922/raw/ons-2022-06.csv,1ce4ed3b7d7514d1e8adf6e42ba2a1d5f203753fce6fae2f3d82de7da7e3b415,39407,39408
S,Sul,Fio dagua,JACUI,JIUHQJ,14 DE JULHO,99,2022-06-23 13:00:00,106.35,77.08,378.93,3328.0,3295.0,320.0,2942.0,33.0,0.0,,outputs/ons-reserva-2021-2022-20260922/raw/ons-2022-06.csv,1ce4ed3b7d7514d1e8adf6e42ba2a1d5f203753fce6fae2f3d82de7da7e3b415,39408,39409
S,Sul,Fio dagua,JACUI,JIUHQJ,14 DE JULHO,99,2022-06-23 14:00:00,106.36,77.09,380.25,3324.0,3307.0,320.0,2954.0,33.0,0.0,,outputs/ons-reserva-2021-2022-20260922/raw/ons-2022-06.csv,1ce4ed3b7d7514d1e8adf6e42ba2a1d5f203753fce6fae2f3d82de7da7e3b415,39409,39410
S,Sul,Fio dagua,JACUI,JIUHQJ,14 DE JULHO,99,2022-06-23 15:00:00,106.38,77.13,382.91,3361.0,3328.0,316.0,2979.0,33.0,0.0,,outputs/ons-reserva-2021-2022-20260922/raw/ons-2022-06.csv,1ce4ed3b7d7514d1e8adf6e42ba2a1d5f203753fce6fae2f3d82de7da7e3b415,39410,39411
S,Sul,Fio dagua,JACUI,JIUHQJ,14 DE JULHO,99,2022-06-23 16:00:00,106.4,77.16,385.56,3385.0,3353.0,316.0,3004.0,33.0,0.0,,outputs/ons-reserva-2021-2022-20260922/raw/ons-2022-06.csv,1ce4ed3b7d7514d1e8adf6e42ba2a1d5f203753fce6fae2f3d82de7da7e3b415,39411,39412
S,Sul,Fio dagua,JACUI,JIUHQJ,14 DE JULHO,99,2022-06-23 17:00:00,106.42,77.19,388.22,3414.0,3382.0,319.0,3029.0,33.0,0.0,,outputs/ons-reserva-2021-2022-20260922/raw/ons-2022-06.csv,1ce4ed3b7d7514d1e8adf6e42ba2a1d5f203753fce6fae2f3d82de7da7e3b415,39412,39413
S,Sul,Fio dagua,JACUI,JIUHQJ,14 DE JULHO,99,2022-06-23 18:00:00,106.42,77.21,388.22,3382.0,3382.0,320.0,3029.0,33.0,0.0,,outputs/ons-reserva-2021-2022-20260922/raw/ons-2022-06.csv,1ce4ed3b7d7514d1e8adf6e42ba2a1d5f203753fce6fae2f3d82de7da7e3b415,39413,39414
S,Sul,Fio dagua,JACUI,JIUHQJ,14 DE JULHO,99,2022-06-23 19:00:00,106.43,77.24,389.54,3411.0,3395.0,320.0,3042.0,33.0,0.0,,outputs/ons-reserva-2021-2022-20260922/raw/ons-2022-06.csv,1ce4ed3b7d7514d1e8adf6e42ba2a1d5f203753fce6fae2f3d82de7da7e3b415,39414,39415
S,Sul,Fio dagua,JACUI,JIUHQJ,14 DE JULHO,99,2022-06-23 20:00:00,106.41,77.23,386.89,3337.0,3369.0,320.0,3016.0,33.0,0.0,,outputs/ons-reserva-2021-2022-20260922/raw/ons-2022-06.csv,1ce4ed3b7d7514d1e8adf6e42ba2a1d5f203753fce6fae2f3d82de7da7e3b415,39415,39416
S,Sul,Fio dagua,JACUI,JIUHQJ,14 DE JULHO,99,2022-06-23 21:00:00,106.38,77.13,382.91,3283.0,3331.0,319.0,2979.0,33.0,0.0,,outputs/ons-reserva-2021-2022-20260922/raw/ons-2022-06.csv,1ce4ed3b7d7514d1e8adf6e42ba2a1d5f203753fce6fae2f3d82de7da7e3b415,39416,39417
S,Sul,Fio dagua,JACUI,JIUHQJ,14 DE JULHO,99,2022-06-23 22:00:00,106.32,77.1,374.95,3161.0,3258.0,319.0,2905.0,33.0,0.0,,outputs/ons-reserva-2021-2022-20260922/raw/ons-2022-06.csv,1ce4ed3b7d7514d1e8adf6e42ba2a1d5f203753fce6fae2f3d82de7da7e3b415,39417,39418
S,Sul,Fio dagua,JACUI,JIUHQJ,14 DE JULHO,99,2022-06-23 23:00:00,106.3,77.03,372.29,3201.0,3233.0,319.0,2881.0,33.0,0.0,,outputs/ons-reserva-2021-2022-20260922/raw/ons-2022-06.csv,1ce4ed3b7d7514d1e8adf6e42ba2a1d5f203753fce6fae2f3d82de7da7e3b415,39418,39419
S,Sul,Fio dagua,JACUI,JIUHQJ,14 DE JULHO,99,2022-06-23 23:59:00,106.23,77.0,363.0,3038.0,3150.0,320.0,2797.0,33.0,0.0,,outputs/ons-reserva-2021-2022-20260922/raw/ons-2022-06.csv,1ce4ed3b7d7514d1e8adf6e42ba2a1d5f203753fce6fae2f3d82de7da7e3b415,39419,39420
S,Sul,Fio dagua,JACUI,JIUHQJ,14 DE JULHO,99,2022-06-24 01:00:00,106.19,76.8,357.7,3037.0,3102.0,318.0,2750.0,33.0,0.0,,outputs/ons-reserva-2021-2022-20260922/raw/ons-2022-06.csv,1ce4ed3b7d7514d1e8adf6e42ba2a1d5f203753fce6fae2f3d82de7da7e3b415,39420,39421
S,Sul,Fio dagua,JACUI,JIUHQJ,14 DE JULHO,99,2022-06-24 02:00:00,106.13,76.8,349.73,2936.0,3033.0,319.0,2681.0,33.0,0.0,,outputs/ons-reserva-2021-2022-20260922/raw/ons-2022-06.csv,1ce4ed3b7d7514d1e8adf6e42ba2a1d5f203753fce6fae2f3d82de7da7e3b415,39421,39422
S,Sul,Fio dagua,JACUI,JIUHQJ,14 DE JULHO,99,2022-06-24 03:00:00,106.09,76.5,344.43,2920.0,2984.0,317.0,2634.0,33.0,0.0,,outputs/ons-reserva-2021-2022-20260922/raw/ons-2022-06.csv,1ce4ed3b7d7514d1e8adf6e42ba2a1d5f203753fce6fae2f3d82de7da7e3b415,39422,39423
S,Sul,Fio dagua,JACUI,JIUHQJ,14 DE JULHO,99,2022-06-24 04:00:00,106.0,76.5,332.48,2736.0,2881.0,318.0,2530.0,33.0,0.0,,outputs/ons-reserva-2021-2022-20260922/raw/ons-2022-06.csv,1ce4ed3b7d7514d1e8adf6e42ba2a1d5f203753fce6fae2f3d82de7da7e3b415,39423,39424
S,Sul,Fio dagua,JACUI,JIUHQJ,14 DE JULHO,99,2022-06-24 05:00:00,105.96,76.3,327.18,2669.0,2733.0,317.0,2384.0,33.0,0.0,,outputs/ons-reserva-2021-2022-20260922/raw/ons-2022-06.csv,1ce4ed3b7d7514d1e8adf6e42ba2a1d5f203753fce6fae2f3d82de7da7e3b415,39424,39425
S,Sul,Fio dagua,JACUI,JIUHQJ,14 DE JULHO,99,2022-06-24 06:00:00,105.94,76.2,324.52,2477.0,2509.0,318.0,2159.0,33.0,0.0,,outputs/ons-reserva-2021-2022-20260922/raw/ons-2022-06.csv,1ce4ed3b7d7514d1e8adf6e42ba2a1d5f203753fce6fae2f3d82de7da7e3b415,39425,39426
S,Sul,Fio dagua,JACUI,JIUHQJ,14 DE JULHO,99,2022-06-24 07:00:00,105.96,75.86,327.18,2563.0,2531.0,317.0,2181.0,33.0,0.0,,outputs/ons-reserva-2021-2022-20260922/raw/ons-2022-06.csv,1ce4ed3b7d7514d1e8adf6e42ba2a1d5f203753fce6fae2f3d82de7da7e3b415,39426,39427
S,Sul,Fio dagua,JACUI,JIUHQJ,14 DE JULHO,99,2022-06-24 08:00:00,105.94,75.76,324.52,2475.0,2507.0,316.0,2159.0,33.0,0.0,,outputs/ons-reserva-2021-2022-20260922/raw/ons-2022-06.csv,1ce4ed3b7d7514d1e8adf6e42ba2a1d5f203753fce6fae2f3d82de7da7e3b415,39427,39428
S,Sul,Fio dagua,JACUI,JIUHQJ,14 DE JULHO,99,2022-06-24 09:00:00,105.89,75.77,317.89,2385.0,2466.0,331.0,2102.0,33.0,0.0,,outputs/ons-reserva-2021-2022-20260922/raw/ons-2022-06.csv,1ce4ed3b7d7514d1e8adf6e42ba2a1d5f203753fce6fae2f3d82de7da7e3b415,39428,39429
S,Sul,Fio dagua,JACUI,JIUHQJ,14 DE JULHO,99,2022-06-24 10:00:00,105.86,75.65,313.91,2389.0,2437.0,335.0,2070.0,33.0,0.0,,outputs/ons-reserva-2021-2022-20260922/raw/ons-2022-06.csv,1ce4ed3b7d7514d1e8adf6e42ba2a1d5f203753fce6fae2f3d82de7da7e3b415,39429,39430
S,Sul,Fio dagua,JACUI,JIUHQJ,14 DE JULHO,99,2022-06-24 11:00:00,105.79,75.56,304.62,2249.0,2362.0,335.0,1995.0,32.0,0.0,,outputs/ons-reserva-2021-2022-20260922/raw/ons-2022-06.csv,1ce4ed3b7d7514d1e8adf6e42ba2a1d5f203753fce6fae2f3d82de7da7e3b415,39430,39431
S,Sul,Fio dagua,JACUI,JIUHQJ,14 DE JULHO,99,2022-06-24 12:00:00,105.76,75.52,300.64,2283.0,2331.0,335.0,1964.0,32.0,0.0,,outputs/ons-reserva-2021-2022-20260922/raw/ons-2022-06.csv,1ce4ed3b7d7514d1e8adf6e42ba2a1d5f203753fce6fae2f3d82de7da7e3b415,39431,39432
S,Sul,Fio dagua,JACUI,JIUHQJ,14 DE JULHO,99,2022-06-24 13:00:00,105.68,75.42,290.02,2120.0,2249.0,335.0,1882.0,32.0,0.0,,outputs/ons-reserva-2021-2022-20260922/raw/ons-2022-06.csv,1ce4ed3b7d7514d1e8adf6e42ba2a1d5f203753fce6fae2f3d82de7da7e3b415,39432,39433
S,Sul,Fio dagua,JACUI,JIUHQJ,14 DE JULHO,99,2022-06-24 14:00:00,105.61,75.26,280.73,2066.0,2179.0,334.0,1813.0,32.0,0.0,,outputs/ons-reserva-2021-2022-20260922/raw/ons-2022-06.csv,1ce4ed3b7d7514d1e8adf6e42ba2a1d5f203753fce6fae2f3d82de7da7e3b415,39433,39434
S,Sul,Fio dagua,JACUI,JIUHQJ,14 DE JULHO,99,2022-06-24 15:00:00,105.6,75.26,279.41,2154.0,2170.0,335.0,1803.0,32.0,0.0,,outputs/ons-reserva-2021-2022-20260922/raw/ons-2022-06.csv,1ce4ed3b7d7514d1e8adf6e42ba2a1d5f203753fce6fae2f3d82de7da7e3b415,39434,39435
S,Sul,Fio dagua,JACUI,JIUHQJ,14 DE JULHO,99,2022-06-24 16:00:00,105.66,75.04,287.37,2022.0,1925.0,335.0,1558.0,32.0,0.0,,outputs/ons-reserva-2021-2022-20260922/raw/ons-2022-06.csv,1ce4ed3b7d7514d1e8adf6e42ba2a1d5f203753fce6fae2f3d82de7da7e3b415,39435,39436
S,Sul,Fio dagua,JACUI,JIUHQJ,14 DE JULHO,99,2022-06-24 17:00:00,105.75,74.77,299.31,1953.0,1808.0,332.0,1443.0,32.0,0.0,,outputs/ons-reserva-2021-2022-20260922/raw/ons-2022-06.csv,1ce4ed3b7d7514d1e8adf6e42ba2a1d5f203753fce6fae2f3d82de7da7e3b415,39436,39437
S,Sul,Fio dagua,JACUI,JIUHQJ,14 DE JULHO,99,2022-06-24 18:00:00,105.86,74.64,313.91,2097.0,1920.0,330.0,1558.0,33.0,0.0,,outputs/ons-reserva-2021-2022-20260922/raw/ons-2022-06.csv,1ce4ed3b7d7514d1e8adf6e42ba2a1d5f203753fce6fae2f3d82de7da7e3b415,39437,39438
S,Sul,Fio dagua,JACUI,JIUHQJ,14 DE JULHO,99,2022-06-24 19:00:00,105.91,74.73,320.54,2055.0,1974.0,329.0,1612.0,33.0,0.0,,outputs/ons-reserva-2021-2022-20260922/raw/ons-2022-06.csv,1ce4ed3b7d7514d1e8adf6e42ba2a1d5f203753fce6fae2f3d82de7da7e3b415,39438,39439
S,Sul,Fio dagua,JACUI,JIUHQJ,14 DE JULHO,99,2022-06-24 20:00:00,105.93,74.82,323.2,2024.0,1992.0,325.0,1634.0,33.0,0.0,,outputs/ons-reserva-2021-2022-20260922/raw/ons-2022-06.csv,1ce4ed3b7d7514d1e8adf6e42ba2a1d5f203753fce6fae2f3d82de7da7e3b415,39439,39440
S,Sul,Fio dagua,JACUI,JIUHQJ,14 DE JULHO,99,2022-06-24 21:00:00,105.94,74.88,324.52,2019.0,2003.0,325.0,1646.0,33.0,0.0,,outputs/ons-reserva-2021-2022-20260922/raw/ons-2022-06.csv,1ce4ed3b7d7514d1e8adf6e42ba2a1d5f203753fce6fae2f3d82de7da7e3b415,39440,39441
S,Sul,Fio dagua,JACUI,JIUHQJ,14 DE JULHO,99,2022-06-24 22:00:00,105.95,74.92,325.85,2031.0,2015.0,325.0,1657.0,33.0,0.0,,outputs/ons-reserva-2021-2022-20260922/raw/ons-2022-06.csv,1ce4ed3b7d7514d1e8adf6e42ba2a1d5f203753fce6fae2f3d82de7da7e3b415,39441,39442
S,Sul,Fio dagua,JACUI,JIUHQJ,14 DE JULHO,99,2022-06-24 23:00:00,105.96,74.97,327.18,2042.0,2026.0,325.0,1668.0,33.0,0.0,,outputs/ons-reserva-2021-2022-20260922/raw/ons-2022-06.csv,1ce4ed3b7d7514d1e8adf6e42ba2a1d5f203753fce6fae2f3d82de7da7e3b415,39442,39443
S,Sul,Fio dagua,JACUI,JIUHQJ,14 DE JULHO,99,2022-06-24 23:59:00,105.96,74.94,327.18,2029.0,2029.0,329.0,1668.0,33.0,0.0,,outputs/ons-reserva-2021-2022-20260922/raw/ons-2022-06.csv,1ce4ed3b7d7514d1e8adf6e42ba2a1d5f203753fce6fae2f3d82de7da7e3b415,39443,39444
S,Sul,Fio dagua,JACUI,JIUHQJ,14 DE JULHO,99,2022-06-25 01:00:00,105.96,74.98,327.18,2034.0,2034.0,333.0,1668.0,33.0,0.0,,outputs/ons-reserva-2021-2022-20260922/raw/ons-2022-06.csv,1ce4ed3b7d7514d1e8adf6e42ba2a1d5f203753fce6fae2f3d82de7da7e3b415,39444,39445
S,Sul,Fio dagua,JACUI,JIUHQJ,14 DE JULHO,99,2022-06-25 02:00:00,105.96,74.97,327.18,2034.0,2034.0,333.0,1668.0,33.0,0.0,,outputs/ons-reserva-2021-2022-20260922/raw/ons-2022-06.csv,1ce4ed3b7d7514d1e8adf6e42ba2a1d5f203753fce6fae2f3d82de7da7e3b415,39445,39446
S,Sul,Fio dagua,JACUI,JIUHQJ,14 DE JULHO,99,2022-06-25 03:00:00,105.96,74.97,327.18,2034.0,2034.0,333.0,1668.0,33.0,0.0,,outputs/ons-reserva-2021-2022-20260922/raw/ons-2022-06.csv,1ce4ed3b7d7514d1e8adf6e42ba2a1d5f203753fce6fae2f3d82de7da7e3b415,39446,39447
S,Sul,Fio dagua,JACUI,JIUHQJ,14 DE JULHO,99,2022-06-25 04:00:00,105.96,74.97,327.18,2034.0,2034.0,333.0,1668.0,33.0,0.0,,outputs/ons-reserva-2021-2022-20260922/raw/ons-2022-06.csv,1ce4ed3b7d7514d1e8adf6e42ba2a1d5f203753fce6fae2f3d82de7da7e3b415,39447,39448
S,Sul,Fio dagua,JACUI,JIUHQJ,14 DE JULHO,99,2022-06-25 05:00:00,105.98,74.97,329.83,2088.0,2056.0,333.0,1690.0,33.0,0.0,,outputs/ons-reserva-2021-2022-20260922/raw/ons-2022-06.csv,1ce4ed3b7d7514d1e8adf6e42ba2a1d5f203753fce6fae2f3d82de7da7e3b415,39448,39449
S,Sul,Fio dagua,JACUI,JIUHQJ,14 DE JULHO,99,2022-06-25 06:00:00,105.99,75.03,331.16,2084.0,2068.0,333.0,1702.0,33.0,0.0,,outputs/ons-reserva-2021-2022-20260922/raw/ons-2022-06.csv,1ce4ed3b7d7514d1e8adf6e42ba2a1d5f203753fce6fae2f3d82de7da7e3b415,39449,39450
S,Sul,Fio dagua,JACUI,JIUHQJ,14 DE JULHO,99,2022-06-25 07:00:00,106.0,75.04,332.48,2095.0,2079.0,333.0,1713.0,33.0,0.0,,outputs/ons-reserva-2021-2022-20260922/raw/ons-2022-06.csv,1ce4ed3b7d7514d1e8adf6e42ba2a1d5f203753fce6fae2f3d82de7da7e3b415,39450,39451
S,Sul,Fio dagua,JACUI,JIUHQJ,14 DE JULHO,99,2022-06-25 08:00:00,106.0,75.04,332.48,2079.0,2079.0,333.0,1713.0,33.0,0.0,,outputs/ons-reserva-2021-2022-20260922/raw/ons-2022-06.csv,1ce4ed3b7d7514d1e8adf6e42ba2a1d5f203753fce6fae2f3d82de7da7e3b415,39451,39452
S,Sul,Fio dagua,JACUI,JIUHQJ,14 DE JULHO,99,2022-06-25 09:00:00,106.0,75.04,332.48,2079.0,2079.0,333.0,1713.0,33.0,0.0,,outputs/ons-reserva-2021-2022-20260922/raw/ons-2022-06.csv,1ce4ed3b7d7514d1e8adf6e42ba2a1d5f203753fce6fae2f3d82de7da7e3b415,39452,39453
S,Sul,Fio dagua,JACUI,JIUHQJ,14 DE JULHO,99,2022-06-25 10:00:00,106.0,75.04,332.48,2079.0,2079.0,333.0,1713.0,33.0,0.0,,outputs/ons-reserva-2021-2022-20260922/raw/ons-2022-06.csv,1ce4ed3b7d7514d1e8adf6e42ba2a1d5f203753fce6fae2f3d82de7da7e3b415,39453,39454
S,Sul,Fio dagua,JACUI,JIUHQJ,14 DE JULHO,99,2022-06-25 11:00:00,105.99,75.03,331.16,2051.0,2067.0,333.0,1702.0,33.0,0.0,,outputs/ons-reserva-2021-2022-20260922/raw/ons-2022-06.csv,1ce4ed3b7d7514d1e8adf6e42ba2a1d5f203753fce6fae2f3d82de7da7e3b415,39454,39455
S,Sul,Fio dagua,JACUI,JIUHQJ,14 DE JULHO,99,2022-06-25 12:00:00,105.97,75.02,328.5,2013.0,2045.0,333.0,1679.0,33.0,0.0,,outputs/ons-reserva-2021-2022-20260922/raw/ons-2022-06.csv,1ce4ed3b7d7514d1e8adf6e42ba2a1d5f203753fce6fae2f3d82de7da7e3b415,39455,39456
S,Sul,Fio dagua,JACUI,JIUHQJ,14 DE JULHO,99,2022-06-25 13:00:00,105.95,75.0,325.85,1991.0,2023.0,333.0,1657.0,33.0,0.0,,outputs/ons-reserva-2021-2022-20260922/raw/ons-2022-06.csv,1ce4ed3b7d7514d1e8adf6e42ba2a1d5f203753fce6fae2f3d82de7da7e3b415,39456,39457
S,Sul,Fio dagua,JACUI,JIUHQJ,14 DE JULHO,99,2022-06-25 14:00:00,105.94,74.97,324.52,1995.0,2011.0,333.0,1646.0,33.0,0.0,,outputs/ons-reserva-2021-2022-20260922/raw/ons-2022-06.csv,1ce4ed3b7d7514d1e8adf6e42ba2a1d5f203753fce6fae2f3d82de7da7e3b415,39457,39458
S,Sul,Fio dagua,JACUI,JIUHQJ,14 DE JULHO,99,2022-06-25 15:00:00,105.91,74.92,320.54,1929.0,1978.0,333.0,1612.0,33.0,0.0,,outputs/ons-reserva-2021-2022-20260922/raw/ons-2022-06.csv,1ce4ed3b7d7514d1e8adf6e42ba2a1d5f203753fce6fae2f3d82de7da7e3b415,39458,39459
S,Sul,Fio dagua,JACUI,JIUHQJ,14 DE JULHO,99,2022-06-25 16:00:00,105.88,74.87,316.56,1897.0,1945.0,333.0,1579.0,33.0,0.0,,outputs/ons-reserva-2021-2022-20260922/raw/ons-2022-06.csv,1ce4ed3b7d7514d1e8adf6e42ba2a1d5f203753fce6fae2f3d82de7da7e3b415,39459,39460
S,Sul,Fio dagua,JACUI,JIUHQJ,14 DE JULHO,99,2022-06-25 17:00:00,105.84,74.83,311.25,1838.0,1902.0,333.0,1537.0,33.0,0.0,,outputs/ons-reserva-2021-2022-20260922/raw/ons-2022-06.csv,1ce4ed3b7d7514d1e8adf6e42ba2a1d5f203753fce6fae2f3d82de7da7e3b415,39460,39461
S,Sul,Fio dagua,JACUI,JIUHQJ,14 DE JULHO,99,2022-06-25 18:00:00,105.83,74.75,309.93,1875.0,1891.0,332.0,1526.0,33.0,0.0,,outputs/ons-reserva-2021-2022-20260922/raw/ons-2022-06.csv,1ce4ed3b7d7514d1e8adf6e42ba2a1d5f203753fce6fae2f3d82de7da7e3b415,39461,39462
S,Sul,Fio dagua,JACUI,JIUHQJ,14 DE JULHO,99,2022-06-25 19:00:00,105.77,74.67,301.96,1731.0,1828.0,332.0,1463.0,32.0,0.0,,outputs/ons-reserva-2021-2022-20260922/raw/ons-2022-06.csv,1ce4ed3b7d7514d1e8adf6e42ba2a1d5f203753fce6fae2f3d82de7da7e3b415,39462,39463
S,Sul,Fio dagua,JACUI,JIUHQJ,14 DE JULHO,99,2022-06-25 20:00:00,105.74,74.64,297.98,1749.0,1797.0,332.0,1433.0,32.0,0.0,,outputs/ons-reserva-2021-2022-20260922/raw/ons-2022-06.csv,1ce4ed3b7d7514d1e8adf6e42ba2a1d5f203753fce6fae2f3d82de7da7e3b415,39463,39464
S,Sul,Fio dagua,JACUI,JIUHQJ,14 DE JULHO,99,2022-06-25 21:00:00,105.72,74.51,295.33,1743.0,1775.0,331.0,1412.0,32.0,0.0,,outputs/ons-reserva-2021-2022-20260922/raw/ons-2022-06.csv,1ce4ed3b7d7514d1e8adf6e42ba2a1d5f203753fce6fae2f3d82de7da7e3b415,39464,39465
S,Sul,Fio dagua,JACUI,JIUHQJ,14 DE JULHO,99,2022-06-25 22:00:00,105.72,74.39,295.33,1671.0,1671.0,330.0,1309.0,32.0,0.0,,outputs/ons-reserva-2021-2022-20260922/raw/ons-2022-06.csv,1ce4ed3b7d7514d1e8adf6e42ba2a1d5f203753fce6fae2f3d82de7da7e3b415,39465,39466
S,Sul,Fio dagua,JACUI,JIUHQJ,14 DE JULHO,99,2022-06-25 23:00:00,105.74,74.31,297.98,1620.0,1588.0,330.0,1225.0,32.0,0.0,,outputs/ons-reserva-2021-2022-20260922/raw/ons-2022-06.csv,1ce4ed3b7d7514d1e8adf6e42ba2a1d5f203753fce6fae2f3d82de7da7e3b415,39466,39467
S,Sul,Fio dagua,JACUI,JIUHQJ,14 DE JULHO,99,2022-06-25 23:59:00,105.76,74.21,300.64,1643.0,1611.0,333.0,1246.0,32.0,0.0,,outputs/ons-reserva-2021-2022-20260922/raw/ons-2022-06.csv,1ce4ed3b7d7514d1e8adf6e42ba2a1d5f203753fce6fae2f3d82de7da7e3b415,39467,39468
S,Sul,Fio dagua,JACUI,JIUHQJ,14 DE JULHO,99,2022-06-26 01:00:00,105.74,74.23,297.98,1561.0,1593.0,335.0,1225.0,32.0,0.0,,outputs/ons-reserva-2021-2022-20260922/raw/ons-2022-06.csv,1ce4ed3b7d7514d1e8adf6e42ba2a1d5f203753fce6fae2f3d82de7da7e3b415,39468,39469
S,Sul,Fio dagua,JACUI,JIUHQJ,14 DE JULHO,99,2022-06-26 02:00:00,105.72,74.2,295.33,1540.0,1573.0,335.0,1205.0,32.0,0.0,,outputs/ons-reserva-2021-2022-20260922/raw/ons-2022-06.csv,1ce4ed3b7d7514d1e8adf6e42ba2a1d5f203753fce6fae2f3d82de7da7e3b415,39469,39470
S,Sul,Fio dagua,JACUI,JIUHQJ,14 DE JULHO,99,2022-06-26 03:00:00,105.71,74.12,294.0,1546.0,1562.0,335.0,1195.0,32.0,0.0,,outputs/ons-reserva-2021-2022-20260922/raw/ons-2022-06.csv,1ce4ed3b7d7514d1e8adf6e42ba2a1d5f203753fce6fae2f3d82de7da7e3b415,39470,39471
S,Sul,Fio dagua,JACUI,JIUHQJ,14 DE JULHO,99,2022-06-26 04:00:00,105.68,74.12,290.02,1484.0,1533.0,335.0,1165.0,32.0,0.0,,outputs/ons-reserva-2021-2022-20260922/raw/ons-2022-06.csv,1ce4ed3b7d7514d1e8adf6e42ba2a1d5f203753fce6fae2f3d82de7da7e3b415,39471,39472
S,Sul,Fio dagua,JACUI,JIUHQJ,14 DE JULHO,99,2022-06-26 05:00:00,105.65,74.07,286.04,1455.0,1503.0,335.0,1136.0,32.0,0.0,,outputs/ons-reserva-2021-2022-20260922/raw/ons-2022-06.csv,1ce4ed3b7d7514d1e8adf6e42ba2a1d5f203753fce6fae2f3d82de7da7e3b415,39472,39473
S,Sul,Fio dagua,JACUI,JIUHQJ,14 DE JULHO,99,2022-06-26 06:00:00,105.64,74.05,284.71,1477.0,1494.0,335.0,1126.0,32.0,0.0,,outputs/ons-reserva-2021-2022-20260922/raw/ons-2022-06.csv,1ce4ed3b7d7514d1e8adf6e42ba2a1d5f203753fce6fae2f3d82de7da7e3b415,39473,39474
S,Sul,Fio dagua,JACUI,JIUHQJ,14 DE JULHO,99,2022-06-26 07:00:00,105.62,73.99,282.06,1233.0,1265.0,335.0,898.0,32.0,0.0,,outputs/ons-reserva-2021-2022-20260922/raw/ons-2022-06.csv,1ce4ed3b7d7514d1e8adf6e42ba2a1d5f203753fce6fae2f3d82de7da7e3b415,39474,39475
S,Sul,Fio dagua,JACUI,JIUHQJ,14 DE JULHO,99,2022-06-26 08:00:00,105.68,73.79,290.02,1419.0,1322.0,333.0,957.0,32.0,0.0,,outputs/ons-reserva-2021-2022-20260922/raw/ons-2022-06.csv,1ce4ed3b7d7514d1e8adf6e42ba2a1d5f203753fce6fae2f3d82de7da7e3b415,39475,39476
S,Sul,Fio dagua,JACUI,JIUHQJ,14 DE JULHO,99,2022-06-26 09:00:00,105.69,73.74,291.35,1349.0,1333.0,334.0,966.0,32.0,0.0,,outputs/ons-reserva-2021-2022-20260922/raw/ons-2022-06.csv,1ce4ed3b7d7514d1e8adf6e42ba2a1d5f203753fce6fae2f3d82de7da7e3b415,39476,39477
S,Sul,Fio dagua,JACUI,JIUHQJ,14 DE JULHO,99,2022-06-26 10:00:00,105.65,73.73,286.04,1229.0,1294.0,334.0,928.0,32.0,0.0,,outputs/ons-reserva-2021-2022-20260922/raw/ons-2022-06.csv,1ce4ed3b7d7514d1e8adf6e42ba2a1d5f203753fce6fae2f3d82de7da7e3b415,39477,39478
S,Sul,Fio dagua,JACUI,JIUHQJ,14 DE JULHO,99,2022-06-26 11:00:00,105.65,73.69,286.04,1294.0,1294.0,334.0,928.0,32.0,0.0,,outputs/ons-reserva-2021-2022-20260922/raw/ons-2022-06.csv,1ce4ed3b7d7514d1e8adf6e42ba2a1d5f203753fce6fae2f3d82de7da7e3b415,39478,39479
S,Sul,Fio dagua,JACUI,JIUHQJ,14 DE JULHO,99,2022-06-26 12:00:00,105.64,73.66,284.71,1268.0,1284.0,334.0,918.0,32.0,0.0,,outputs/ons-reserva-2021-2022-20260922/raw/ons-2022-06.csv,1ce4ed3b7d7514d1e8adf6e42ba2a1d5f203753fce6fae2f3d82de7da7e3b415,39479,39480
S,Sul,Fio dagua,JACUI,JIUHQJ,14 DE JULHO,99,2022-06-26 13:00:00,105.64,73.66,284.71,1284.0,1284.0,334.0,918.0,32.0,0.0,,outputs/ons-reserva-2021-2022-20260922/raw/ons-2022-06.csv,1ce4ed3b7d7514d1e8adf6e42ba2a1d5f203753fce6fae2f3d82de7da7e3b415,39480,39481
S,Sul,Fio dagua,JACUI,JIUHQJ,14 DE JULHO,99,2022-06-26 14:00:00,105.62,73.66,282.06,1232.0,1265.0,334.0,898.0,32.0,0.0,,outputs/ons-reserva-2021-2022-20260922/raw/ons-2022-06.csv,1ce4ed3b7d7514d1e8adf6e42ba2a1d5f203753fce6fae2f3d82de7da7e3b415,39481,39482
S,Sul,Fio dagua,JACUI,JIUHQJ,14 DE JULHO,99,2022-06-26 15:00:00,105.6,73.59,279.41,1212.0,1245.0,333.0,879.0,32.0,0.0,,outputs/ons-reserva-2021-2022-20260922/raw/ons-2022-06.csv,1ce4ed3b7d7514d1e8adf6e42ba2a1d5f203753fce6fae2f3d82de7da7e3b415,39482,39483
S,Sul,Fio dagua,JACUI,JIUHQJ,14 DE JULHO,99,2022-06-26 16:00:00,105.58,73.56,276.75,1194.0,1226.0,333.0,861.0,32.0,0.0,,outputs/ons-reserva-2021-2022-20260922/raw/ons-2022-06.csv,1ce4ed3b7d7514d1e8adf6e42ba2a1d5f203753fce6fae2f3d82de7da7e3b415,39483,39484
S,Sul,Fio dagua,JACUI,JIUHQJ,14 DE JULHO,99,2022-06-26 17:00:00,105.55,73.51,272.77,1150.0,1199.0,333.0,834.0,32.0,0.0,,outputs/ons-reserva-2021-2022-20260922/raw/ons-2022-06.csv,1ce4ed3b7d7514d1e8adf6e42ba2a1d5f203753fce6fae2f3d82de7da7e3b415,39484,39485
S,Sul,Fio dagua,JACUI,JIUHQJ,14 DE JULHO,99,2022-06-26 18:00:00,105.5,73.45,266.14,1072.0,1153.0,333.0,788.0,32.0,0.0,,outputs/ons-reserva-2021-2022-20260922/raw/ons-2022-06.csv,1ce4ed3b7d7514d1e8adf6e42ba2a1d5f203753fce6fae2f3d82de7da7e3b415,39485,39486
S,Sul,Fio dagua,JACUI,JIUHQJ,14 DE JULHO,99,2022-06-26 19:00:00,105.47,73.36,262.15,1078.0,1126.0,332.0,762.0,32.0,0.0,,outputs/ons-reserva-2021-2022-20260922/raw/ons-2022-06.csv,1ce4ed3b7d7514d1e8adf6e42ba2a1d5f203753fce6fae2f3d82de7da7e3b415,39486,39487
S,Sul,Fio dagua,JACUI,JIUHQJ,14 DE JULHO,99,2022-06-26 20:00:00,105.46,73.32,260.83,1101.0,1117.0,332.0,753.0,32.0,0.0,,outputs/ons-reserva-2021-2022-20260922/raw/ons-2022-06.csv,1ce4ed3b7d7514d1e8adf6e42ba2a1d5f203753fce6fae2f3d82de7da7e3b415,39487,39488
S,Sul,Fio dagua,JACUI,JIUHQJ,14 DE JULHO,99,2022-06-26 21:00:00,105.45,73.26,259.5,1092.0,1108.0,332.0,744.0,32.0,0.0,,outputs/ons-reserva-2021-2022-20260922/raw/ons-2022-06.csv,1ce4ed3b7d7514d1e8adf6e42ba2a1d5f203753fce6fae2f3d82de7da7e3b415,39488,39489
S,Sul,Fio dagua,JACUI,JIUHQJ,14 DE JULHO,99,2022-06-26 22:00:00,105.44,73.26,258.17,1083.0,1099.0,332.0,736.0,32.0,0.0,,outputs/ons-reserva-2021-2022-20260922/raw/ons-2022-06.csv,1ce4ed3b7d7514d1e8adf6e42ba2a1d5f203753fce6fae2f3d82de7da7e3b415,39489,39490
S,Sul,Fio dagua,JACUI,JIUHQJ,14 DE JULHO,99,2022-06-26 23:00:00,105.43,73.26,256.85,1075.0,1091.0,332.0,727.0,32.0,0.0,,outputs/ons-reserva-2021-2022-20260922/raw/ons-2022-06.csv,1ce4ed3b7d7514d1e8adf6e42ba2a1d5f203753fce6fae2f3d82de7da7e3b415,39490,39491
S,Sul,Fio dagua,JACUI,JIUHQJ,14 DE JULHO,99,2022-06-26 23:59:00,105.4,73.23,252.87,1016.0,1065.0,332.0,701.0,32.0,0.0,,outputs/ons-reserva-2021-2022-20260922/raw/ons-2022-06.csv,1ce4ed3b7d7514d1e8adf6e42ba2a1d5f203753fce6fae2f3d82de7da7e3b415,39491,39492
S,Sul,Fio dagua,JACUI,JIUHQJ,14 DE JULHO,99,2022-06-27 01:00:00,105.39,73.2,251.54,1040.0,1056.0,332.0,693.0,32.0,0.0,,outputs/ons-reserva-2021-2022-20260922/raw/ons-2022-06.csv,1ce4ed3b7d7514d1e8adf6e42ba2a1d5f203753fce6fae2f3d82de7da7e3b415,39492,39493
S,Sul,Fio dagua,JACUI,JIUHQJ,14 DE JULHO,99,2022-06-27 02:00:00,105.38,73.18,250.21,1032.0,1048.0,332.0,685.0,32.0,0.0,,outputs/ons-reserva-2021-2022-20260922/raw/ons-2022-06.csv,1ce4ed3b7d7514d1e8adf6e42ba2a1d5f203753fce6fae2f3d82de7da7e3b415,39493,39494
S,Sul,Fio dagua,JACUI,JIUHQJ,14 DE JULHO,99,2022-06-27 03:00:00,105.36,73.12,247.56,999.0,1031.0,331.0,668.0,32.0,0.0,,outputs/ons-reserva-2021-2022-20260922/raw/ons-2022-06.csv,1ce4ed3b7d7514d1e8adf6e42ba2a1d5f203753fce6fae2f3d82de7da7e3b415,39494,39495
S,Sul,Fio dagua,JACUI,JIUHQJ,14 DE JULHO,99,2022-06-27 04:00:00,105.34,73.1,244.9,983.0,1015.0,331.0,652.0,32.0,0.0,,outputs/ons-reserva-2021-2022-20260922/raw/ons-2022-06.csv,1ce4ed3b7d7514d1e8adf6e42ba2a1d5f203753fce6fae2f3d82de7da7e3b415,39495,39496
S,Sul,Fio dagua,JACUI,JIUHQJ,14 DE JULHO,99,2022-06-27 05:00:00,105.32,73.08,242.25,966.0,998.0,331.0,635.0,32.0,0.0,,outputs/ons-reserva-2021-2022-20260922/raw/ons-2022-06.csv,1ce4ed3b7d7514d1e8adf6e42ba2a1d5f203753fce6fae2f3d82de7da7e3b415,39496,39497
S,Sul,Fio dagua,JACUI,JIUHQJ,14 DE JULHO,99,2022-06-27 06:00:00,105.31,73.03,240.92,974.0,990.0,331.0,627.0,32.0,0.0,,outputs/ons-reserva-2021-2022-20260922/raw/ons-2022-06.csv,1ce4ed3b7d7514d1e8adf6e42ba2a1d5f203753fce6fae2f3d82de7da7e3b415,39497,39498
S,Sul,Fio dagua,JACUI,JIUHQJ,14 DE JULHO,99,2022-06-27 07:00:00,105.29,73.02,238.27,942.0,974.0,332.0,611.0,32.0,0.0,,outputs/ons-reserva-2021-2022-20260922/raw/ons-2022-06.csv,1ce4ed3b7d7514d1e8adf6e42ba2a1d5f203753fce6fae2f3d82de7da7e3b415,39498,39499
S,Sul,Fio dagua,JACUI,JIUHQJ,14 DE JULHO,99,2022-06-27 08:00:00,105.27,73.0,235.62,931.0,964.0,336.0,596.0,32.0,0.0,,outputs/ons-reserva-2021-2022-20260922/raw/ons-2022-06.csv,1ce4ed3b7d7514d1e8adf6e42ba2a1d5f203753fce6fae2f3d82de7da7e3b415,39499,39500
S,Sul,Fio dagua,JACUI,JIUHQJ,14 DE JULHO,99,2022-06-27 09:00:00,105.25,72.98,232.96,916.0,948.0,336.0,580.0,32.0,0.0,,outputs/ons-reserva-2021-2022-20260922/raw/ons-2022-06.csv,1ce4ed3b7d7514d1e8adf6e42ba2a1d5f203753fce6fae2f3d82de7da7e3b415,39500,39501
S,Sul,Fio dagua,JACUI,JIUHQJ,14 DE JULHO,99,2022-06-27 10:00:00,105.23,72.94,230.31,900.0,932.0,336.0,564.0,32.0,0.0,,outputs/ons-reserva-2021-2022-20260922/raw/ons-2022-06.csv,1ce4ed3b7d7514d1e8adf6e42ba2a1d5f203753fce6fae2f3d82de7da7e3b415,39501,39502
S,Sul,Fio dagua,JACUI,JIUHQJ,14 DE JULHO,99,2022-06-27 11:00:00,105.22,72.89,228.98,908.0,924.0,336.0,557.0,31.0,0.0,,outputs/ons-reserva-2021-2022-20260922/raw/ons-2022-06.csv,1ce4ed3b7d7514d1e8adf6e42ba2a1d5f203753fce6fae2f3d82de7da7e3b415,39502,39503
S,Sul,Fio dagua,JACUI,JIUHQJ,14 DE JULHO,99,2022-06-27 12:00:00,105.21,72.88,227.65,900.0,916.0,336.0,549.0,31.0,0.0,,outputs/ons-reserva-2021-2022-20260922/raw/ons-2022-06.csv,1ce4ed3b7d7514d1e8adf6e42ba2a1d5f203753fce6fae2f3d82de7da7e3b415,39503,39504
S,Sul,Fio dagua,JACUI,JIUHQJ,14 DE JULHO,99,2022-06-27 13:00:00,105.34,72.08,244.9,972.0,762.0,79.0,652.0,32.0,0.0,,outputs/ons-reserva-2021-2022-20260922/raw/ons-2022-06.csv,1ce4ed3b7d7514d1e8adf6e42ba2a1d5f203753fce6fae2f3d82de7da7e3b415,39504,39505
S,Sul,Fio dagua,JACUI,JIUHQJ,14 DE JULHO,99,2022-06-27 14:00:00,105.31,72.8,240.92,785.0,833.0,175.0,627.0,32.0,0.0,,outputs/ons-reserva-2021-2022-20260922/raw/ons-2022-06.csv,1ce4ed3b7d7514d1e8adf6e42ba2a1d5f203753fce6fae2f3d82de7da7e3b415,39505,39506
S,Sul,Fio dagua,JACUI,JIUHQJ,14 DE JULHO,99,2022-06-27 15:00:00,105.24,73.0,231.63,828.0,941.0,338.0,572.0,32.0,0.0,,outputs/ons-reserva-2021-2022-20260922/raw/ons-2022-06.csv,1ce4ed3b7d7514d1e8adf6e42ba2a1d5f203753fce6fae2f3d82de7da7e3b415,39506,39507
S,Sul,Fio dagua,JACUI,JIUHQJ,14 DE JULHO,99,2022-06-27 16:00:00,105.19,72.92,225.0,822.0,903.0,338.0,534.0,31.0,0.0,,outputs/ons-reserva-2021-2022-20260922/raw/ons-2022-06.csv,1ce4ed3b7d7514d1e8adf6e42ba2a1d5f203753fce6fae2f3d82de7da7e3b415,39507,39508
S,Sul,Fio dagua,JACUI,JIUHQJ,14 DE JULHO,99,2022-06-27 17:00:00,105.15,72.87,219.69,809.0,873.0,338.0,504.0,31.0,0.0,,outputs/ons-reserva-2021-2022-20260922/raw/ons-2022-06.csv,1ce4ed3b7d7514d1e8adf6e42ba2a1d5f203753fce6fae2f3d82de7da7e3b415,39508,39509
S,Sul,Fio dagua,JACUI,JIUHQJ,14 DE JULHO,99,2022-06-27 18:00:00,105.12,72.77,215.71,802.0,851.0,337.0,483.0,31.0,0.0,,outputs/ons-reserva-2021-2022-20260922/raw/ons-2022-06.csv,1ce4ed3b7d7514d1e8adf6e42ba2a1d5f203753fce6fae2f3d82de7da7e3b415,39509,39510
S,Sul,Fio dagua,JACUI,JIUHQJ,14 DE JULHO,99,2022-06-27 19:00:00,105.11,72.72,214.38,827.0,843.0,336.0,475.0,31.0,0.0,,outputs/ons-reserva-2021-2022-20260922/raw/ons-2022-06.csv,1ce4ed3b7d7514d1e8adf6e42ba2a1d5f203753fce6fae2f3d82de7da7e3b415,39510,39511
S,Sul,Fio dagua,JACUI,JIUHQJ,14 DE JULHO,99,2022-06-27 20:00:00,105.09,72.69,211.73,796.0,829.0,336.0,461.0,31.0,0.0,,outputs/ons-reserva-2021-2022-20260922/raw/ons-2022-06.csv,1ce4ed3b7d7514d1e8adf6e42ba2a1d5f203753fce6fae2f3d82de7da7e3b415,39511,39512
S,Sul,Fio dagua,JACUI,JIUHQJ,14 DE JULHO,99,2022-06-27 21:00:00,105.08,72.66,210.4,806.0,822.0,336.0,454.0,31.0,0.0,,outputs/ons-reserva-2021-2022-20260922/raw/ons-2022-06.csv,1ce4ed3b7d7514d1e8adf6e42ba2a1d5f203753fce6fae2f3d82de7da7e3b415,39512,39513
S,Sul,Fio dagua,JACUI,JIUHQJ,14 DE JULHO,99,2022-06-27 22:00:00,105.05,72.62,206.42,753.0,801.0,336.0,434.0,31.0,0.0,,outputs/ons-reserva-2021-2022-20260922/raw/ons-2022-06.csv,1ce4ed3b7d7514d1e8adf6e42ba2a1d5f203753fce6fae2f3d82de7da7e3b415,39513,39514
S,Sul,Fio dagua,JACUI,JIUHQJ,14 DE JULHO,99,2022-06-27 23:00:00,105.05,72.61,206.42,801.0,801.0,336.0,434.0,31.0,0.0,,outputs/ons-reserva-2021-2022-20260922/raw/ons-2022-06.csv,1ce4ed3b7d7514d1e8adf6e42ba2a1d5f203753fce6fae2f3d82de7da7e3b415,39514,39515
S,Sul,Fio dagua,JACUI,JIUHQJ,14 DE JULHO,99,2022-06-27 23:59:00,105.04,72.59,205.1,778.0,794.0,336.0,427.0,31.0,0.0,,outputs/ons-reserva-2021-2022-20260922/raw/ons-2022-06.csv,1ce4ed3b7d7514d1e8adf6e42ba2a1d5f203753fce6fae2f3d82de7da7e3b415,39515,39516
S,Sul,Fio dagua,JACUI,JIUHQJ,14 DE JULHO,99,2022-06-28 01:00:00,105.02,72.54,202.44,748.0,780.0,335.0,414.0,31.0,0.0,,outputs/ons-reserva-2021-2022-20260922/raw/ons-2022-06.csv,1ce4ed3b7d7514d1e8adf6e42ba2a1d5f203753fce6fae2f3d82de7da7e3b415,39516,39517
S,Sul,Fio dagua,JACUI,JIUHQJ,14 DE JULHO,99,2022-06-28 02:00:00,105.01,72.54,201.11,757.0,773.0,336.0,407.0,31.0,0.0,,outputs/ons-reserva-2021-2022-20260922/raw/ons-2022-06.csv,1ce4ed3b7d7514d1e8adf6e42ba2a1d5f203753fce6fae2f3d82de7da7e3b415,39517,39518
S,Sul,Fio dagua,JACUI,JIUHQJ,14 DE JULHO,99,2022-06-28 03:00:00,105.0,72.53,199.79,751.0,767.0,336.0,400.0,31.0,0.0,,outputs/ons-reserva-2021-2022-20260922/raw/ons-2022-06.csv,1ce4ed3b7d7514d1e8adf6e42ba2a1d5f203753fce6fae2f3d82de7da7e3b415,39518,39519
S,Sul,Fio dagua,JACUI,JIUHQJ,14 DE JULHO,99,2022-06-28 04:00:00,104.99,72.49,198.79,744.0,760.0,335.0,394.0,31.0,0.0,,outputs/ons-reserva-2021-2022-20260922/raw/ons-2022-06.csv,1ce4ed3b7d7514d1e8adf6e42ba2a1d5f203753fce6fae2f3d82de7da7e3b415,39519,39520
S,Sul,Fio dagua,JACUI,JIUHQJ,14 DE JULHO,99,2022-06-28 05:00:00,104.98,72.48,197.79,737.0,753.0,335.0,387.0,31.0,0.0,,outputs/ons-reserva-2021-2022-20260922/raw/ons-2022-06.csv,1ce4ed3b7d7514d1e8adf6e42ba2a1d5f203753fce6fae2f3d82de7da7e3b415,39520,39521
S,Sul,Fio dagua,JACUI,JIUHQJ,14 DE JULHO,99,2022-06-28 06:00:00,104.96,72.48,195.8,708.0,741.0,335.0,374.0,31.0,0.0,,outputs/ons-reserva-2021-2022-20260922/raw/ons-2022-06.csv,1ce4ed3b7d7514d1e8adf6e42ba2a1d5f203753fce6fae2f3d82de7da7e3b415,39521,39522
S,Sul,Fio dagua,JACUI,JIUHQJ,14 DE JULHO,99,2022-06-28 07:00:00,104.95,72.47,194.8,718.0,734.0,335.0,368.0,31.0,0.0,,outputs/ons-reserva-2021-2022-20260922/raw/ons-2022-06.csv,1ce4ed3b7d7514d1e8adf6e42ba2a1d5f203753fce6fae2f3d82de7da7e3b415,39522,39523
S,Sul,Fio dagua,JACUI,JIUHQJ,14 DE JULHO,99,2022-06-28 08:00:00,104.94,72.44,193.8,711.0,727.0,335.0,361.0,31.0,0.0,,outputs/ons-reserva-2021-2022-20260922/raw/ons-2022-06.csv,1ce4ed3b7d7514d1e8adf6e42ba2a1d5f203753fce6fae2f3d82de7da7e3b415,39523,39524
S,Sul,Fio dagua,JACUI,JIUHQJ,14 DE JULHO,99,2022-06-28 09:00:00,104.93,72.4,192.8,704.0,720.0,335.0,354.0,31.0,0.0,,outputs/ons-reserva-2021-2022-20260922/raw/ons-2022-06.csv,1ce4ed3b7d7514d1e8adf6e42ba2a1d5f203753fce6fae2f3d82de7da7e3b415,39524,39525
S,Sul,Fio dagua,JACUI,JIUHQJ,14 DE JULHO,99,2022-06-28 10:00:00,104.92,72.39,191.8,698.0,714.0,335.0,348.0,31.0,0.0,,outputs/ons-reserva-2021-2022-20260922/raw/ons-2022-06.csv,1ce4ed3b7d7514d1e8adf6e42ba2a1d5f203753fce6fae2f3d82de7da7e3b415,39525,39526
S,Sul,Fio dagua,JACUI,JIUHQJ,14 DE JULHO,99,2022-06-28 11:00:00,104.91,72.38,190.81,691.0,707.0,335.0,342.0,31.0,0.0,,outputs/ons-reserva-2021-2022-20260922/raw/ons-2022-06.csv,1ce4ed3b7d7514d1e8adf6e42ba2a1d5f203753fce6fae2f3d82de7da7e3b415,39526,39527
S,Sul,Fio dagua,JACUI,JIUHQJ,14 DE JULHO,99,2022-06-28 12:00:00,104.9,72.38,189.81,685.0,701.0,335.0,335.0,31.0,0.0,,outputs/ons-reserva-2021-2022-20260922/raw/ons-2022-06.csv,1ce4ed3b7d7514d1e8adf6e42ba2a1d5f203753fce6fae2f3d82de7da7e3b415,39527,39528
S,Sul,Fio dagua,JACUI,JIUHQJ,14 DE JULHO,99,2022-06-28 13:00:00,104.89,72.38,188.81,679.0,695.0,335.0,329.0,31.0,0.0,,outputs/ons-reserva-2021-2022-20260922/raw/ons-2022-06.csv,1ce4ed3b7d7514d1e8adf6e42ba2a1d5f203753fce6fae2f3d82de7da7e3b415,39528,39529
S,Sul,Fio dagua,JACUI,JIUHQJ,14 DE JULHO,99,2022-06-28 14:00:00,104.86,72.33,185.82,628.0,677.0,335.0,311.0,31.0,0.0,,outputs/ons-reserva-2021-2022-20260922/raw/ons-2022-06.csv,1ce4ed3b7d7514d1e8adf6e42ba2a1d5f203753fce6fae2f3d82de7da7e3b415,39529,39530
S,Sul,Fio dagua,JACUI,JIUHQJ,14 DE JULHO,99,2022-06-28 15:00:00,104.86,72.38,185.82,677.0,677.0,335.0,311.0,31.0,0.0,,outputs/ons-reserva-2021-2022-20260922/raw/ons-2022-06.csv,1ce4ed3b7d7514d1e8adf6e42ba2a1d5f203753fce6fae2f3d82de7da7e3b415,39530,39531
S,Sul,Fio dagua,JACUI,JIUHQJ,14 DE JULHO,99,2022-06-28 16:00:00,104.86,72.28,185.82,676.0,676.0,334.0,311.0,31.0,0.0,,outputs/ons-reserva-2021-2022-20260922/raw/ons-2022-06.csv,1ce4ed3b7d7514d1e8adf6e42ba2a1d5f203753fce6fae2f3d82de7da7e3b415,39531,39532
S,Sul,Fio dagua,JACUI,JIUHQJ,14 DE JULHO,99,2022-06-28 17:00:00,104.88,72.28,187.81,720.0,688.0,334.0,323.0,31.0,0.0,,outputs/ons-reserva-2021-2022-20260922/raw/ons-2022-06.csv,1ce4ed3b7d7514d1e8adf6e42ba2a1d5f203753fce6fae2f3d82de7da7e3b415,39532,39533
S,Sul,Fio dagua,JACUI,JIUHQJ,14 DE JULHO,99,2022-06-28 18:00:00,104.88,72.28,187.81,688.0,688.0,334.0,323.0,31.0,0.0,,outputs/ons-reserva-2021-2022-20260922/raw/ons-2022-06.csv,1ce4ed3b7d7514d1e8adf6e42ba2a1d5f203753fce6fae2f3d82de7da7e3b415,39533,39534
S,Sul,Fio dagua,JACUI,JIUHQJ,14 DE JULHO,99,2022-06-28 19:00:00,104.87,72.27,186.82,666.0,682.0,334.0,317.0,31.0,0.0,,outputs/ons-reserva-2021-2022-20260922/raw/ons-2022-06.csv,1ce4ed3b7d7514d1e8adf6e42ba2a1d5f203753fce6fae2f3d82de7da7e3b415,39534,39535
S,Sul,Fio dagua,JACUI,JIUHQJ,14 DE JULHO,99,2022-06-28 20:00:00,104.86,72.23,185.82,660.0,676.0,334.0,311.0,31.0,0.0,,outputs/ons-reserva-2021-2022-20260922/raw/ons-2022-06.csv,1ce4ed3b7d7514d1e8adf6e42ba2a1d5f203753fce6fae2f3d82de7da7e3b415,39535,39536
S,Sul,Fio dagua,JACUI,JIUHQJ,14 DE JULHO,99,2022-06-28 21:00:00,104.84,72.23,183.82,631.0,664.0,334.0,299.0,31.0,0.0,,outputs/ons-reserva-2021-2022-20260922/raw/ons-2022-06.csv,1ce4ed3b7d7514d1e8adf6e42ba2a1d5f203753fce6fae2f3d82de7da7e3b415,39536,39537
S,Sul,Fio dagua,JACUI,JIUHQJ,14 DE JULHO,99,2022-06-28 22:00:00,104.84,72.21,183.82,664.0,664.0,334.0,299.0,31.0,0.0,,outputs/ons-reserva-2021-2022-20260922/raw/ons-2022-06.csv,1ce4ed3b7d7514d1e8adf6e42ba2a1d5f203753fce6fae2f3d82de7da7e3b415,39537,39538
S,Sul,Fio dagua,JACUI,JIUHQJ,14 DE JULHO,99,2022-06-28 23:00:00,104.83,72.21,182.82,642.0,658.0,334.0,293.0,31.0,0.0,,outputs/ons-reserva-2021-2022-20260922/raw/ons-2022-06.csv,1ce4ed3b7d7514d1e8adf6e42ba2a1d5f203753fce6fae2f3d82de7da7e3b415,39538,39539
S,Sul,Fio dagua,JACUI,JIUHQJ,14 DE JULHO,99,2022-06-28 23:59:00,104.81,72.17,180.83,613.0,645.0,334.0,281.0,31.0,0.0,,outputs/ons-reserva-2021-2022-20260922/raw/ons-2022-06.csv,1ce4ed3b7d7514d1e8adf6e42ba2a1d5f203753fce6fae2f3d82de7da7e3b415,39539,39540
S,Sul,Fio dagua,JACUI,JIUHQJ,14 DE JULHO,99,2022-06-29 01:00:00,104.82,72.16,181.83,667.0,651.0,333.0,287.0,31.0,0.0,,outputs/ons-reserva-2021-2022-20260922/raw/ons-2022-06.csv,1ce4ed3b7d7514d1e8adf6e42ba2a1d5f203753fce6fae2f3d82de7da7e3b415,39540,39541
S,Sul,Fio dagua,JACUI,JIUHQJ,14 DE JULHO,99,2022-06-29 02:00:00,104.8,72.16,179.83,607.0,640.0,334.0,275.0,31.0,0.0,,outputs/ons-reserva-2021-2022-20260922/raw/ons-2022-06.csv,1ce4ed3b7d7514d1e8adf6e42ba2a1d5f203753fce6fae2f3d82de7da7e3b415,39541,39542
S,Sul,Fio dagua,JACUI,JIUHQJ,14 DE JULHO,99,2022-06-29 03:00:00,104.8,72.16,179.83,640.0,640.0,334.0,275.0,31.0,0.0,,outputs/ons-reserva-2021-2022-20260922/raw/ons-2022-06.csv,1ce4ed3b7d7514d1e8adf6e42ba2a1d5f203753fce6fae2f3d82de7da7e3b415,39542,39543
S,Sul,Fio dagua,JACUI,JIUHQJ,14 DE JULHO,99,2022-06-29 04:00:00,104.79,72.14,178.83,618.0,634.0,334.0,270.0,31.0,0.0,,outputs/ons-reserva-2021-2022-20260922/raw/ons-2022-06.csv,1ce4ed3b7d7514d1e8adf6e42ba2a1d5f203753fce6fae2f3d82de7da7e3b415,39543,39544
S,Sul,Fio dagua,JACUI,JIUHQJ,14 DE JULHO,99,2022-06-29 05:00:00,104.79,72.12,178.83,634.0,634.0,333.0,270.0,31.0,0.0,,outputs/ons-reserva-2021-2022-20260922/raw/ons-2022-06.csv,1ce4ed3b7d7514d1e8adf6e42ba2a1d5f203753fce6fae2f3d82de7da7e3b415,39544,39545
S,Sul,Fio dagua,JACUI,JIUHQJ,14 DE JULHO,99,2022-06-29 06:00:00,104.78,72.12,177.83,612.0,628.0,334.0,264.0,31.0,0.0,,outputs/ons-reserva-2021-2022-20260922/raw/ons-2022-06.csv,1ce4ed3b7d7514d1e8adf6e42ba2a1d5f203753fce6fae2f3d82de7da7e3b415,39545,39546
S,Sul,Fio dagua,JACUI,JIUHQJ,14 DE JULHO,99,2022-06-29 07:00:00,104.78,72.11,177.83,628.0,628.0,333.0,264.0,31.0,0.0,,outputs/ons-reserva-2021-2022-20260922/raw/ons-2022-06.csv,1ce4ed3b7d7514d1e8adf6e42ba2a1d5f203753fce6fae2f3d82de7da7e3b415,39546,39547
S,Sul,Fio dagua,JACUI,JIUHQJ,14 DE JULHO,99,2022-06-29 08:00:00,104.78,72.1,177.83,628.0,628.0,333.0,264.0,31.0,0.0,,outputs/ons-reserva-2021-2022-20260922/raw/ons-2022-06.csv,1ce4ed3b7d7514d1e8adf6e42ba2a1d5f203753fce6fae2f3d82de7da7e3b415,39547,39548
S,Sul,Fio dagua,JACUI,JIUHQJ,14 DE JULHO,99,2022-06-29 09:00:00,104.78,72.1,177.83,628.0,628.0,333.0,264.0,31.0,0.0,,outputs/ons-reserva-2021-2022-20260922/raw/ons-2022-06.csv,1ce4ed3b7d7514d1e8adf6e42ba2a1d5f203753fce6fae2f3d82de7da7e3b415,39548,39549
S,Sul,Fio dagua,JACUI,JIUHQJ,14 DE JULHO,99,2022-06-29 10:00:00,104.78,72.1,177.83,628.0,628.0,333.0,264.0,31.0,0.0,,outputs/ons-reserva-2021-2022-20260922/raw/ons-2022-06.csv,1ce4ed3b7d7514d1e8adf6e42ba2a1d5f203753fce6fae2f3d82de7da7e3b415,39549,39550
S,Sul,Fio dagua,JACUI,JIUHQJ,14 DE JULHO,99,2022-06-29 11:00:00,104.78,72.1,177.83,628.0,628.0,333.0,264.0,31.0,0.0,,outputs/ons-reserva-2021-2022-20260922/raw/ons-2022-06.csv,1ce4ed3b7d7514d1e8adf6e42ba2a1d5f203753fce6fae2f3d82de7da7e3b415,39550,39551
S,Sul,Fio dagua,JACUI,JIUHQJ,14 DE JULHO,99,2022-06-29 12:00:00,104.78,72.1,177.83,628.0,628.0,333.0,264.0,31.0,0.0,,outputs/ons-reserva-2021-2022-20260922/raw/ons-2022-06.csv,1ce4ed3b7d7514d1e8adf6e42ba2a1d5f203753fce6fae2f3d82de7da7e3b415,39551,39552
S,Sul,Fio dagua,JACUI,JIUHQJ,14 DE JULHO,99,2022-06-29 13:00:00,104.77,72.1,176.84,606.0,623.0,333.0,258.0,31.0,0.0,,outputs/ons-reserva-2021-2022-20260922/raw/ons-2022-06.csv,1ce4ed3b7d7514d1e8adf6e42ba2a1d5f203753fce6fae2f3d82de7da7e3b415,39552,39553
S,Sul,Fio dagua,JACUI,JIUHQJ,14 DE JULHO,99,2022-06-29 14:00:00,104.77,72.1,176.84,623.0,623.0,334.0,258.0,31.0,0.0,,outputs/ons-reserva-2021-2022-20260922/raw/ons-2022-06.csv,1ce4ed3b7d7514d1e8adf6e42ba2a1d5f203753fce6fae2f3d82de7da7e3b415,39553,39554
S,Sul,Fio dagua,JACUI,JIUHQJ,14 DE JULHO,99,2022-06-29 15:00:00,104.76,72.08,175.84,601.0,617.0,333.0,253.0,31.0,0.0,,outputs/ons-reserva-2021-2022-20260922/raw/ons-2022-06.csv,1ce4ed3b7d7514d1e8adf6e42ba2a1d5f203753fce6fae2f3d82de7da7e3b415,39554,39555
S,Sul,Fio dagua,JACUI,JIUHQJ,14 DE JULHO,99,2022-06-29 16:00:00,104.76,72.08,175.84,617.0,617.0,333.0,253.0,31.0,0.0,,outputs/ons-reserva-2021-2022-20260922/raw/ons-2022-06.csv,1ce4ed3b7d7514d1e8adf6e42ba2a1d5f203753fce6fae2f3d82de7da7e3b415,39555,39556
S,Sul,Fio dagua,JACUI,JIUHQJ,14 DE JULHO,99,2022-06-29 17:00:00,104.75,72.08,174.84,595.0,612.0,333.0,248.0,31.0,0.0,,outputs/ons-reserva-2021-2022-20260922/raw/ons-2022-06.csv,1ce4ed3b7d7514d1e8adf6e42ba2a1d5f203753fce6fae2f3d82de7da7e3b415,39556,39557
S,Sul,Fio dagua,JACUI,JIUHQJ,14 DE JULHO,99,2022-06-29 18:00:00,104.75,72.08,174.84,612.0,612.0,333.0,248.0,31.0,0.0,,outputs/ons-reserva-2021-2022-20260922/raw/ons-2022-06.csv,1ce4ed3b7d7514d1e8adf6e42ba2a1d5f203753fce6fae2f3d82de7da7e3b415,39557,39558
S,Sul,Fio dagua,JACUI,JIUHQJ,14 DE JULHO,99,2022-06-29 19:00:00,104.75,72.08,174.84,612.0,612.0,333.0,248.0,31.0,0.0,,outputs/ons-reserva-2021-2022-20260922/raw/ons-2022-06.csv,1ce4ed3b7d7514d1e8adf6e42ba2a1d5f203753fce6fae2f3d82de7da7e3b415,39558,39559
S,Sul,Fio dagua,JACUI,JIUHQJ,14 DE JULHO,99,2022-06-29 20:00:00,104.74,72.05,173.84,590.0,606.0,333.0,242.0,31.0,0.0,,outputs/ons-reserva-2021-2022-20260922/raw/ons-2022-06.csv,1ce4ed3b7d7514d1e8adf6e42ba2a1d5f203753fce6fae2f3d82de7da7e3b415,39559,39560
S,Sul,Fio dagua,JACUI,JIUHQJ,14 DE JULHO,99,2022-06-29 21:00:00,104.74,72.05,173.84,606.0,606.0,333.0,242.0,31.0,0.0,,outputs/ons-reserva-2021-2022-20260922/raw/ons-2022-06.csv,1ce4ed3b7d7514d1e8adf6e42ba2a1d5f203753fce6fae2f3d82de7da7e3b415,39560,39561
S,Sul,Fio dagua,JACUI,JIUHQJ,14 DE JULHO,99,2022-06-29 22:00:00,104.74,72.04,173.84,606.0,606.0,333.0,242.0,31.0,0.0,,outputs/ons-reserva-2021-2022-20260922/raw/ons-2022-06.csv,1ce4ed3b7d7514d1e8adf6e42ba2a1d5f203753fce6fae2f3d82de7da7e3b415,39561,39562
S,Sul,Fio dagua,JACUI,JIUHQJ,14 DE JULHO,99,2022-06-29 23:00:00,104.73,72.02,172.85,584.0,600.0,333.0,236.0,31.0,0.0,,outputs/ons-reserva-2021-2022-20260922/raw/ons-2022-06.csv,1ce4ed3b7d7514d1e8adf6e42ba2a1d5f203753fce6fae2f3d82de7da7e3b415,39562,39563
S,Sul,Fio dagua,JACUI,JIUHQJ,14 DE JULHO,99,2022-06-29 23:59:00,104.73,72.02,172.85,600.0,600.0,333.0,236.0,31.0,0.0,,outputs/ons-reserva-2021-2022-20260922/raw/ons-2022-06.csv,1ce4ed3b7d7514d1e8adf6e42ba2a1d5f203753fce6fae2f3d82de7da7e3b415,39563,39564
S,Sul,Fio dagua,JACUI,JIUHQJ,14 DE JULHO,99,2022-06-30 01:00:00,104.73,72.02,172.85,600.0,600.0,333.0,236.0,31.0,0.0,,outputs/ons-reserva-2021-2022-20260922/raw/ons-2022-06.csv,1ce4ed3b7d7514d1e8adf6e42ba2a1d5f203753fce6fae2f3d82de7da7e3b415,39564,39565
S,Sul,Fio dagua,JACUI,JIUHQJ,14 DE JULHO,99,2022-06-30 02:00:00,104.72,72.02,171.85,579.0,595.0,333.0,231.0,31.0,0.0,,outputs/ons-reserva-2021-2022-20260922/raw/ons-2022-06.csv,1ce4ed3b7d7514d1e8adf6e42ba2a1d5f203753fce6fae2f3d82de7da7e3b415,39565,39566
S,Sul,Fio dagua,JACUI,JIUHQJ,14 DE JULHO,99,2022-06-30 03:00:00,104.72,72.01,171.85,595.0,595.0,333.0,231.0,31.0,0.0,,outputs/ons-reserva-2021-2022-20260922/raw/ons-2022-06.csv,1ce4ed3b7d7514d1e8adf6e42ba2a1d5f203753fce6fae2f3d82de7da7e3b415,39566,39567
S,Sul,Fio dagua,JACUI,JIUHQJ,14 DE JULHO,99,2022-06-30 04:00:00,104.74,72.01,173.84,638.0,606.0,333.0,242.0,31.0,0.0,,outputs/ons-reserva-2021-2022-20260922/raw/ons-2022-06.csv,1ce4ed3b7d7514d1e8adf6e42ba2a1d5f203753fce6fae2f3d82de7da7e3b415,39567,39568
S,Sul,Fio dagua,JACUI,JIUHQJ,14 DE JULHO,99,2022-06-30 05:00:00,104.71,72.01,170.85,541.0,589.0,333.0,226.0,31.0,0.0,,outputs/ons-reserva-2021-2022-20260922/raw/ons-2022-06.csv,1ce4ed3b7d7514d1e8adf6e42ba2a1d5f203753fce6fae2f3d82de7da7e3b415,39568,39569
S,Sul,Fio dagua,JACUI,JIUHQJ,14 DE JULHO,99,2022-06-30 06:00:00,104.7,72.0,169.85,568.0,584.0,333.0,220.0,31.0,0.0,,outputs/ons-reserva-2021-2022-20260922/raw/ons-2022-06.csv,1ce4ed3b7d7514d1e8adf6e42ba2a1d5f203753fce6fae2f3d82de7da7e3b415,39569,39570
S,Sul,Fio dagua,JACUI,JIUHQJ,14 DE JULHO,99,2022-06-30 07:00:00,104.69,71.99,168.85,563.0,579.0,333.0,215.0,31.0,0.0,,outputs/ons-reserva-2021-2022-20260922/raw/ons-2022-06.csv,1ce4ed3b7d7514d1e8adf6e42ba2a1d5f203753fce6fae2f3d82de7da7e3b415,39570,39571
S,Sul,Fio dagua,JACUI,JIUHQJ,14 DE JULHO,99,2022-06-30 08:00:00,104.7,71.99,169.85,600.0,584.0,333.0,220.0,31.0,0.0,,outputs/ons-reserva-2021-2022-20260922/raw/ons-2022-06.csv,1ce4ed3b7d7514d1e8adf6e42ba2a1d5f203753fce6fae2f3d82de7da7e3b415,39571,39572
S,Sul,Fio dagua,JACUI,JIUHQJ,14 DE JULHO,99,2022-06-30 09:00:00,104.69,71.99,168.85,563.0,579.0,333.0,215.0,31.0,0.0,,outputs/ons-reserva-2021-2022-20260922/raw/ons-2022-06.csv,1ce4ed3b7d7514d1e8adf6e42ba2a1d5f203753fce6fae2f3d82de7da7e3b415,39572,39573
S,Sul,Fio dagua,JACUI,JIUHQJ,14 DE JULHO,99,2022-06-30 10:00:00,104.69,71.99,168.85,579.0,579.0,333.0,215.0,31.0,0.0,,outputs/ons-reserva-2021-2022-20260922/raw/ons-2022-06.csv,1ce4ed3b7d7514d1e8adf6e42ba2a1d5f203753fce6fae2f3d82de7da7e3b415,39573,39574
S,Sul,Fio dagua,JACUI,JIUHQJ,14 DE JULHO,99,2022-06-30 11:00:00,104.69,71.97,168.85,578.0,578.0,333.0,215.0,31.0,0.0,,outputs/ons-reserva-2021-2022-20260922/raw/ons-2022-06.csv,1ce4ed3b7d7514d1e8adf6e42ba2a1d5f203753fce6fae2f3d82de7da7e3b415,39574,39575
S,Sul,Fio dagua,JACUI,JIUHQJ,14 DE JULHO,99,2022-06-30 12:00:00,104.68,71.99,167.86,558.0,574.0,333.0,210.0,31.0,0.0,,outputs/ons-reserva-2021-2022-20260922/raw/ons-2022-06.csv,1ce4ed3b7d7514d1e8adf6e42ba2a1d5f203753fce6fae2f3d82de7da7e3b415,39575,39576
S,Sul,Fio dagua,JACUI,JIUHQJ,14 DE JULHO,99,2022-06-30 13:00:00,104.67,71.99,166.86,553.0,569.0,333.0,205.0,31.0,0.0,,outputs/ons-reserva-2021-2022-20260922/raw/ons-2022-06.csv,1ce4ed3b7d7514d1e8adf6e42ba2a1d5f203753fce6fae2f3d82de7da7e3b415,39576,39577
S,Sul,Fio dagua,JACUI,JIUHQJ,14 DE JULHO,99,2022-06-30 14:00:00,104.66,71.99,165.86,548.0,564.0,333.0,200.0,31.0,0.0,,outputs/ons-reserva-2021-2022-20260922/raw/ons-2022-06.csv,1ce4ed3b7d7514d1e8adf6e42ba2a1d5f203753fce6fae2f3d82de7da7e3b415,39577,39578
S,Sul,Fio dagua,JACUI,JIUHQJ,14 DE JULHO,99,2022-06-30 15:00:00,104.66,71.95,165.86,564.0,564.0,333.0,200.0,31.0,0.0,,outputs/ons-reserva-2021-2022-20260922/raw/ons-2022-06.csv,1ce4ed3b7d7514d1e8adf6e42ba2a1d5f203753fce6fae2f3d82de7da7e3b415,39578,39579
S,Sul,Fio dagua,JACUI,JIUHQJ,14 DE JULHO,99,2022-06-30 16:00:00,104.66,71.94,165.86,564.0,564.0,333.0,200.0,31.0,0.0,,outputs/ons-reserva-2021-2022-20260922/raw/ons-2022-06.csv,1ce4ed3b7d7514d1e8adf6e42ba2a1d5f203753fce6fae2f3d82de7da7e3b415,39579,39580
S,Sul,Fio dagua,JACUI,JIUHQJ,14 DE JULHO,99,2022-06-30 17:00:00,104.65,71.95,164.86,543.0,559.0,333.0,196.0,30.0,0.0,,outputs/ons-reserva-2021-2022-20260922/raw/ons-2022-06.csv,1ce4ed3b7d7514d1e8adf6e42ba2a1d5f203753fce6fae2f3d82de7da7e3b415,39580,39581
S,Sul,Fio dagua,JACUI,JIUHQJ,14 DE JULHO,99,2022-06-30 18:00:00,104.64,71.94,163.86,538.0,554.0,333.0,191.0,30.0,0.0,,outputs/ons-reserva-2021-2022-20260922/raw/ons-2022-06.csv,1ce4ed3b7d7514d1e8adf6e42ba2a1d5f203753fce6fae2f3d82de7da7e3b415,39581,39582
S,Sul,Fio dagua,JACUI,JIUHQJ,14 DE JULHO,99,2022-06-30 19:00:00,104.63,71.91,162.87,533.0,549.0,333.0,186.0,30.0,0.0,,outputs/ons-reserva-2021-2022-20260922/raw/ons-2022-06.csv,1ce4ed3b7d7514d1e8adf6e42ba2a1d5f203753fce6fae2f3d82de7da7e3b415,39582,39583
S,Sul,Fio dagua,JACUI,JIUHQJ,14 DE JULHO,99,2022-06-30 20:00:00,104.62,71.93,161.87,528.0,544.0,333.0,181.0,30.0,0.0,,outputs/ons-reserva-2021-2022-20260922/raw/ons-2022-06.csv,1ce4ed3b7d7514d1e8adf6e42ba2a1d5f203753fce6fae2f3d82de7da7e3b415,39583,39584
S,Sul,Fio dagua,JACUI,JIUHQJ,14 DE JULHO,99,2022-06-30 21:00:00,104.62,71.9,161.87,544.0,544.0,333.0,181.0,30.0,0.0,,outputs/ons-reserva-2021-2022-20260922/raw/ons-2022-06.csv,1ce4ed3b7d7514d1e8adf6e42ba2a1d5f203753fce6fae2f3d82de7da7e3b415,39584,39585
S,Sul,Fio dagua,JACUI,JIUHQJ,14 DE JULHO,99,2022-06-30 22:00:00,104.6,71.9,159.87,502.0,534.0,333.0,171.0,30.0,0.0,,outputs/ons-reserva-2021-2022-20260922/raw/ons-2022-06.csv,1ce4ed3b7d7514d1e8adf6e42ba2a1d5f203753fce6fae2f3d82de7da7e3b415,39585,39586
S,Sul,Fio dagua,JACUI,JIUHQJ,14 DE JULHO,99,2022-06-30 23:00:00,104.6,71.89,159.87,534.0,534.0,333.0,171.0,30.0,0.0,,outputs/ons-reserva-2021-2022-20260922/raw/ons-2022-06.csv,1ce4ed3b7d7514d1e8adf6e42ba2a1d5f203753fce6fae2f3d82de7da7e3b415,39586,39587
S,Sul,Fio dagua,JACUI,JIUHQJ,14 DE JULHO,99,2022-06-30 23:59:00,104.59,71.88,158.87,514.0,530.0,333.0,167.0,30.0,0.0,,outputs/ons-reserva-2021-2022-20260922/raw/ons-2022-06.csv,1ce4ed3b7d7514d1e8adf6e42ba2a1d5f203753fce6fae2f3d82de7da7e3b415,39587,39588
S,Sul,Fio dagua,JACUI,JIUHCA,CASTRO ALVES,97,2022-06-01 01:00:00,241.01,149.75,217.27,580.0,594.0,155.0,420.0,20.0,0.0,,outputs/ons-reserva-2021-2022-20260922/raw/ons-2022-06.csv,1ce4ed3b7d7514d1e8adf6e42ba2a1d5f203753fce6fae2f3d82de7da7e3b415,39588,39589
S,Sul,Fio dagua,JACUI,JIUHCA,CASTRO ALVES,97,2022-06-01 02:00:00,240.99,149.68,214.94,552.0,581.0,155.0,407.0,20.0,0.0,,outputs/ons-reserva-2021-2022-20260922/raw/ons-2022-06.csv,1ce4ed3b7d7514d1e8adf6e42ba2a1d5f203753fce6fae2f3d82de7da7e3b415,39589,39590
S,Sul,Fio dagua,JACUI,JIUHCA,CASTRO ALVES,97,2022-06-01 03:00:00,240.98,149.68,213.78,560.0,575.0,154.0,400.0,20.0,0.0,,outputs/ons-reserva-2021-2022-20260922/raw/ons-2022-06.csv,1ce4ed3b7d7514d1e8adf6e42ba2a1d5f203753fce6fae2f3d82de7da7e3b415,39590,39591
S,Sul,Fio dagua,JACUI,JIUHCA,CASTRO ALVES,97,2022-06-01 04:00:00,240.96,149.6,211.46,532.0,561.0,154.0,387.0,20.0,0.0,,outputs/ons-reserva-2021-2022-20260922/raw/ons-2022-06.csv,1ce4ed3b7d7514d1e8adf6e42ba2a1d5f203753fce6fae2f3d82de7da7e3b415,39591,39592
S,Sul,Fio dagua,JACUI,JIUHCA,CASTRO ALVES,97,2022-06-01 05:00:00,240.94,149.6,209.14,519.0,548.0,154.0,374.0,20.0,0.0,,outputs/ons-reserva-2021-2022-20260922/raw/ons-2022-06.csv,1ce4ed3b7d7514d1e8adf6e42ba2a1d5f203753fce6fae2f3d82de7da7e3b415,39592,39593
S,Sul,Fio dagua,JACUI,JIUHCA,CASTRO ALVES,97,2022-06-01 06:00:00,240.93,149.54,207.98,527.0,542.0,154.0,368.0,20.0,0.0,,outputs/ons-reserva-2021-2022-20260922/raw/ons-2022-06.csv,1ce4ed3b7d7514d1e8adf6e42ba2a1d5f203753fce6fae2f3d82de7da7e3b415,39593,39594
S,Sul,Fio dagua,JACUI,JIUHCA,CASTRO ALVES,97,2022-06-01 07:00:00,240.91,149.54,205.65,499.0,529.0,154.0,355.0,20.0,0.0,,outputs/ons-reserva-2021-2022-20260922/raw/ons-2022-06.csv,1ce4ed3b7d7514d1e8adf6e42ba2a1d5f203753fce6fae2f3d82de7da7e3b415,39594,39595
S,Sul,Fio dagua,JACUI,JIUHCA,CASTRO ALVES,97,2022-06-01 08:00:00,240.89,149.47,203.33,486.0,516.0,154.0,342.0,20.0,0.0,,outputs/ons-reserva-2021-2022-20260922/raw/ons-2022-06.csv,1ce4ed3b7d7514d1e8adf6e42ba2a1d5f203753fce6fae2f3d82de7da7e3b415,39595,39596
S,Sul,Fio dagua,JACUI,JIUHCA,CASTRO ALVES,97,2022-06-01 09:00:00,240.88,149.47,202.17,495.0,510.0,154.0,336.0,20.0,0.0,,outputs/ons-reserva-2021-2022-20260922/raw/ons-2022-06.csv,1ce4ed3b7d7514d1e8adf6e42ba2a1d5f203753fce6fae2f3d82de7da7e3b415,39596,39597
S,Sul,Fio dagua,JACUI,JIUHCA,CASTRO ALVES,97,2022-06-01 10:00:00,240.87,149.47,201.01,489.0,503.0,154.0,330.0,20.0,0.0,,outputs/ons-reserva-2021-2022-20260922/raw/ons-2022-06.csv,1ce4ed3b7d7514d1e8adf6e42ba2a1d5f203753fce6fae2f3d82de7da7e3b415,39597,39598
S,Sul,Fio dagua,JACUI,JIUHCA,CASTRO ALVES,97,2022-06-01 11:00:00,240.85,149.4,198.69,461.0,491.0,154.0,318.0,20.0,0.0,,outputs/ons-reserva-2021-2022-20260922/raw/ons-2022-06.csv,1ce4ed3b7d7514d1e8adf6e42ba2a1d5f203753fce6fae2f3d82de7da7e3b415,39598,39599
S,Sul,Fio dagua,JACUI,JIUHCA,CASTRO ALVES,97,2022-06-01 12:00:00,240.89,149.26,203.33,503.0,444.0,82.0,342.0,20.0,0.0,,outputs/ons-reserva-2021-2022-20260922/raw/ons-2022-06.csv,1ce4ed3b7d7514d1e8adf6e42ba2a1d5f203753fce6fae2f3d82de7da7e3b415,39599,39600
S,Sul,Fio dagua,JACUI,JIUHCA,CASTRO ALVES,97,2022-06-01 13:00:00,240.95,149.12,210.3,489.0,401.0,0.0,381.0,20.0,0.0,,outputs/ons-reserva-2021-2022-20260922/raw/ons-2022-06.csv,1ce4ed3b7d7514d1e8adf6e42ba2a1d5f203753fce6fae2f3d82de7da7e3b415,39600,39601
S,Sul,Fio dagua,JACUI,JIUHCA,CASTRO ALVES,97,2022-06-01 14:00:00,240.95,149.12,210.3,422.0,422.0,21.0,381.0,20.0,0.0,,outputs/ons-reserva-2021-2022-20260922/raw/ons-2022-06.csv,1ce4ed3b7d7514d1e8adf6e42ba2a1d5f203753fce6fae2f3d82de7da7e3b415,39601,39602
S,Sul,Fio dagua,JACUI,JIUHCA,CASTRO ALVES,97,2022-06-01 15:00:00,240.92,149.28,206.82,495.0,539.0,158.0,361.0,20.0,0.0,,outputs/ons-reserva-2021-2022-20260922/raw/ons-2022-06.csv,1ce4ed3b7d7514d1e8adf6e42ba2a1d5f203753fce6fae2f3d82de7da7e3b415,39602,39603
S,Sul,Fio dagua,JACUI,JIUHCA,CASTRO ALVES,97,2022-06-01 16:00:00,240.86,149.41,199.85,413.0,502.0,159.0,324.0,20.0,0.0,,outputs/ons-reserva-2021-2022-20260922/raw/ons-2022-06.csv,1ce4ed3b7d7514d1e8adf6e42ba2a1d5f203753fce6fae2f3d82de7da7e3b415,39603,39604
S,Sul,Fio dagua,JACUI,JIUHCA,CASTRO ALVES,97,2022-06-01 17:00:00,240.83,149.41,196.37,440.0,485.0,159.0,306.0,20.0,0.0,,outputs/ons-reserva-2021-2022-20260922/raw/ons-2022-06.csv,1ce4ed3b7d7514d1e8adf6e42ba2a1d5f203753fce6fae2f3d82de7da7e3b415,39604,39605
S,Sul,Fio dagua,JACUI,JIUHCA,CASTRO ALVES,97,2022-06-01 18:00:00,240.8,149.34,192.88,423.0,467.0,159.0,288.0,20.0,0.0,,outputs/ons-reserva-2021-2022-20260922/raw/ons-2022-06.csv,1ce4ed3b7d7514d1e8adf6e42ba2a1d5f203753fce6fae2f3d82de7da7e3b415,39605,39606
S,Sul,Fio dagua,JACUI,JIUHCA,CASTRO ALVES,97,2022-06-01 19:00:00,240.78,149.28,190.56,426.0,455.0,159.0,277.0,20.0,0.0,,outputs/ons-reserva-2021-2022-20260922/raw/ons-2022-06.csv,1ce4ed3b7d7514d1e8adf6e42ba2a1d5f203753fce6fae2f3d82de7da7e3b415,39606,39607
S,Sul,Fio dagua,JACUI,JIUHCA,CASTRO ALVES,97,2022-06-01 20:00:00,240.76,149.28,188.24,415.0,444.0,159.0,265.0,20.0,0.0,,outputs/ons-reserva-2021-2022-20260922/raw/ons-2022-06.csv,1ce4ed3b7d7514d1e8adf6e42ba2a1d5f203753fce6fae2f3d82de7da7e3b415,39607,39608
S,Sul,Fio dagua,JACUI,JIUHCA,CASTRO ALVES,97,2022-06-01 21:00:00,240.75,149.25,187.08,424.0,439.0,159.0,260.0,20.0,0.0,,outputs/ons-reserva-2021-2022-20260922/raw/ons-2022-06.csv,1ce4ed3b7d7514d1e8adf6e42ba2a1d5f203753fce6fae2f3d82de7da7e3b415,39608,39609
S,Sul,Fio dagua,JACUI,JIUHCA,CASTRO ALVES,97,2022-06-01 22:00:00,240.74,149.14,185.92,418.0,433.0,159.0,254.0,20.0,0.0,,outputs/ons-reserva-2021-2022-20260922/raw/ons-2022-06.csv,1ce4ed3b7d7514d1e8adf6e42ba2a1d5f203753fce6fae2f3d82de7da7e3b415,39609,39610
S,Sul,Fio dagua,JACUI,JIUHCA,CASTRO ALVES,97,2022-06-01 23:00:00,240.72,149.14,183.59,392.0,422.0,159.0,243.0,20.0,0.0,,outputs/ons-reserva-2021-2022-20260922/raw/ons-2022-06.csv,1ce4ed3b7d7514d1e8adf6e42ba2a1d5f203753fce6fae2f3d82de7da7e3b415,39610,39611
S,Sul,Fio dagua,JACUI,JIUHCA,CASTRO ALVES,97,2022-06-01 23:59:00,240.71,149.14,182.43,402.0,416.0,159.0,238.0,20.0,0.0,,outputs/ons-reserva-2021-2022-20260922/raw/ons-2022-06.csv,1ce4ed3b7d7514d1e8adf6e42ba2a1d5f203753fce6fae2f3d82de7da7e3b415,39611,39612
S,Sul,Fio dagua,JACUI,JIUHCA,CASTRO ALVES,97,2022-06-02 01:00:00,240.7,149.07,181.27,396.0,411.0,159.0,232.0,20.0,0.0,,outputs/ons-reserva-2021-2022-20260922/raw/ons-2022-06.csv,1ce4ed3b7d7514d1e8adf6e42ba2a1d5f203753fce6fae2f3d82de7da7e3b415,39612,39613
S,Sul,Fio dagua,JACUI,JIUHCA,CASTRO ALVES,97,2022-06-02 02:00:00,240.69,149.07,180.11,391.0,406.0,159.0,227.0,20.0,0.0,,outputs/ons-reserva-2021-2022-20260922/raw/ons-2022-06.csv,1ce4ed3b7d7514d1e8adf6e42ba2a1d5f203753fce6fae2f3d82de7da7e3b415,39613,39614
S,Sul,Fio dagua,JACUI,JIUHCA,CASTRO ALVES,97,2022-06-02 03:00:00,240.68,149.07,178.95,386.0,401.0,159.0,222.0,20.0,0.0,,outputs/ons-reserva-2021-2022-20260922/raw/ons-2022-06.csv,1ce4ed3b7d7514d1e8adf6e42ba2a1d5f203753fce6fae2f3d82de7da7e3b415,39614,39615
S,Sul,Fio dagua,JACUI,JIUHCA,CASTRO ALVES,97,2022-06-02 04:00:00,240.68,149.07,178.95,400.0,400.0,159.0,222.0,20.0,0.0,,outputs/ons-reserva-2021-2022-20260922/raw/ons-2022-06.csv,1ce4ed3b7d7514d1e8adf6e42ba2a1d5f203753fce6fae2f3d82de7da7e3b415,39615,39616
S,Sul,Fio dagua,JACUI,JIUHCA,CASTRO ALVES,97,2022-06-02 05:00:00,240.66,148.99,176.63,360.0,390.0,159.0,212.0,20.0,0.0,,outputs/ons-reserva-2021-2022-20260922/raw/ons-2022-06.csv,1ce4ed3b7d7514d1e8adf6e42ba2a1d5f203753fce6fae2f3d82de7da7e3b415,39616,39617
S,Sul,Fio dagua,JACUI,JIUHCA,CASTRO ALVES,97,2022-06-02 06:00:00,240.65,148.99,175.47,370.0,385.0,159.0,207.0,20.0,0.0,,outputs/ons-reserva-2021-2022-20260922/raw/ons-2022-06.csv,1ce4ed3b7d7514d1e8adf6e42ba2a1d5f203753fce6fae2f3d82de7da7e3b415,39617,39618
S,Sul,Fio dagua,JACUI,JIUHCA,CASTRO ALVES,97,2022-06-02 07:00:00,240.65,148.99,175.47,385.0,385.0,159.0,207.0,20.0,0.0,,outputs/ons-reserva-2021-2022-20260922/raw/ons-2022-06.csv,1ce4ed3b7d7514d1e8adf6e42ba2a1d5f203753fce6fae2f3d82de7da7e3b415,39618,39619
S,Sul,Fio dagua,JACUI,JIUHCA,CASTRO ALVES,97,2022-06-02 08:00:00,240.63,148.99,173.15,345.0,375.0,159.0,197.0,20.0,0.0,,outputs/ons-reserva-2021-2022-20260922/raw/ons-2022-06.csv,1ce4ed3b7d7514d1e8adf6e42ba2a1d5f203753fce6fae2f3d82de7da7e3b415,39619,39620
S,Sul,Fio dagua,JACUI,JIUHCA,CASTRO ALVES,97,2022-06-02 09:00:00,240.63,148.93,173.15,375.0,375.0,159.0,197.0,20.0,0.0,,outputs/ons-reserva-2021-2022-20260922/raw/ons-2022-06.csv,1ce4ed3b7d7514d1e8adf6e42ba2a1d5f203753fce6fae2f3d82de7da7e3b415,39620,39621
S,Sul,Fio dagua,JACUI,JIUHCA,CASTRO ALVES,97,2022-06-02 10:00:00,240.62,148.93,171.98,355.0,370.0,159.0,192.0,20.0,0.0,,outputs/ons-reserva-2021-2022-20260922/raw/ons-2022-06.csv,1ce4ed3b7d7514d1e8adf6e42ba2a1d5f203753fce6fae2f3d82de7da7e3b415,39621,39622
S,Sul,Fio dagua,JACUI,JIUHCA,CASTRO ALVES,97,2022-06-02 11:00:00,240.62,148.93,171.98,370.0,370.0,159.0,192.0,20.0,0.0,,outputs/ons-reserva-2021-2022-20260922/raw/ons-2022-06.csv,1ce4ed3b7d7514d1e8adf6e42ba2a1d5f203753fce6fae2f3d82de7da7e3b415,39622,39623
S,Sul,Fio dagua,JACUI,JIUHCA,CASTRO ALVES,97,2022-06-02 12:00:00,240.61,148.93,170.82,350.0,365.0,159.0,187.0,20.0,0.0,,outputs/ons-reserva-2021-2022-20260922/raw/ons-2022-06.csv,1ce4ed3b7d7514d1e8adf6e42ba2a1d5f203753fce6fae2f3d82de7da7e3b415,39623,39624
S,Sul,Fio dagua,JACUI,JIUHCA,CASTRO ALVES,97,2022-06-02 13:00:00,240.61,148.93,170.82,365.0,365.0,159.0,187.0,20.0,0.0,,outputs/ons-reserva-2021-2022-20260922/raw/ons-2022-06.csv,1ce4ed3b7d7514d1e8adf6e42ba2a1d5f203753fce6fae2f3d82de7da7e3b415,39624,39625
S,Sul,Fio dagua,JACUI,JIUHCA,CASTRO ALVES,97,2022-06-02 14:00:00,240.6,148.55,169.66,344.0,359.0,158.0,182.0,19.0,0.0,,outputs/ons-reserva-2021-2022-20260922/raw/ons-2022-06.csv,1ce4ed3b7d7514d1e8adf6e42ba2a1d5f203753fce6fae2f3d82de7da7e3b415,39625,39626
S,Sul,Fio dagua,JACUI,JIUHCA,CASTRO ALVES,97,2022-06-02 15:00:00,240.59,148.85,168.5,340.0,355.0,159.0,177.0,19.0,0.0,,outputs/ons-reserva-2021-2022-20260922/raw/ons-2022-06.csv,1ce4ed3b7d7514d1e8adf6e42ba2a1d5f203753fce6fae2f3d82de7da7e3b415,39626,39627
S,Sul,Fio dagua,JACUI,JIUHCA,CASTRO ALVES,97,2022-06-02 16:00:00,240.58,148.85,167.34,336.0,350.0,159.0,172.0,19.0,0.0,,outputs/ons-reserva-2021-2022-20260922/raw/ons-2022-06.csv,1ce4ed3b7d7514d1e8adf6e42ba2a1d5f203753fce6fae2f3d82de7da7e3b415,39627,39628
S,Sul,Fio dagua,JACUI,JIUHCA,CASTRO ALVES,97,2022-06-02 17:00:00,240.58,148.85,167.34,350.0,350.0,159.0,172.0,19.0,0.0,,outputs/ons-reserva-2021-2022-20260922/raw/ons-2022-06.csv,1ce4ed3b7d7514d1e8adf6e42ba2a1d5f203753fce6fae2f3d82de7da7e3b415,39628,39629
S,Sul,Fio dagua,JACUI,JIUHCA,CASTRO ALVES,97,2022-06-02 18:00:00,240.57,148.85,166.18,331.0,346.0,159.0,168.0,19.0,0.0,,outputs/ons-reserva-2021-2022-20260922/raw/ons-2022-06.csv,1ce4ed3b7d7514d1e8adf6e42ba2a1d5f203753fce6fae2f3d82de7da7e3b415,39629,39630
S,Sul,Fio dagua,JACUI,JIUHCA,CASTRO ALVES,97,2022-06-02 19:00:00,240.56,148.85,165.02,326.0,341.0,159.0,163.0,19.0,0.0,,outputs/ons-reserva-2021-2022-20260922/raw/ons-2022-06.csv,1ce4ed3b7d7514d1e8adf6e42ba2a1d5f203753fce6fae2f3d82de7da7e3b415,39630,39631
S,Sul,Fio dagua,JACUI,JIUHCA,CASTRO ALVES,97,2022-06-02 20:00:00,240.56,148.78,165.02,341.0,341.0,159.0,163.0,19.0,0.0,,outputs/ons-reserva-2021-2022-20260922/raw/ons-2022-06.csv,1ce4ed3b7d7514d1e8adf6e42ba2a1d5f203753fce6fae2f3d82de7da7e3b415,39631,39632
S,Sul,Fio dagua,JACUI,JIUHCA,CASTRO ALVES,97,2022-06-02 21:00:00,240.55,148.78,163.86,322.0,336.0,159.0,158.0,19.0,0.0,,outputs/ons-reserva-2021-2022-20260922/raw/ons-2022-06.csv,1ce4ed3b7d7514d1e8adf6e42ba2a1d5f203753fce6fae2f3d82de7da7e3b415,39632,39633
S,Sul,Fio dagua,JACUI,JIUHCA,CASTRO ALVES,97,2022-06-02 22:00:00,240.55,148.78,163.86,336.0,336.0,159.0,158.0,19.0,0.0,,outputs/ons-reserva-2021-2022-20260922/raw/ons-2022-06.csv,1ce4ed3b7d7514d1e8adf6e42ba2a1d5f203753fce6fae2f3d82de7da7e3b415,39633,39634
S,Sul,Fio dagua,JACUI,JIUHCA,CASTRO ALVES,97,2022-06-02 23:00:00,240.54,148.78,162.7,317.0,332.0,159.0,154.0,19.0,0.0,,outputs/ons-reserva-2021-2022-20260922/raw/ons-2022-06.csv,1ce4ed3b7d7514d1e8adf6e42ba2a1d5f203753fce6fae2f3d82de7da7e3b415,39634,39635
S,Sul,Fio dagua,JACUI,JIUHCA,CASTRO ALVES,97,2022-06-02 23:59:00,240.53,148.78,161.54,313.0,327.0,159.0,149.0,19.0,0.0,,outputs/ons-reserva-2021-2022-20260922/raw/ons-2022-06.csv,1ce4ed3b7d7514d1e8adf6e42ba2a1d5f203753fce6fae2f3d82de7da7e3b415,39635,39636
S,Sul,Fio dagua,JACUI,JIUHCA,CASTRO ALVES,97,2022-06-03 01:00:00,240.53,148.78,161.54,327.0,327.0,159.0,149.0,19.0,0.0,,outputs/ons-reserva-2021-2022-20260922/raw/ons-2022-06.csv,1ce4ed3b7d7514d1e8adf6e42ba2a1d5f203753fce6fae2f3d82de7da7e3b415,39636,39637
S,Sul,Fio dagua,JACUI,JIUHCA,CASTRO ALVES,97,2022-06-03 02:00:00,240.52,148.78,160.37,308.0,323.0,159.0,145.0,19.0,0.0,,outputs/ons-reserva-2021-2022-20260922/raw/ons-2022-06.csv,1ce4ed3b7d7514d1e8adf6e42ba2a1d5f203753fce6fae2f3d82de7da7e3b415,39637,39638
S,Sul,Fio dagua,JACUI,JIUHCA,CASTRO ALVES,97,2022-06-03 03:00:00,240.51,148.71,159.21,304.0,318.0,159.0,140.0,19.0,0.0,,outputs/ons-reserva-2021-2022-20260922/raw/ons-2022-06.csv,1ce4ed3b7d7514d1e8adf6e42ba2a1d5f203753fce6fae2f3d82de7da7e3b415,39638,39639
S,Sul,Fio dagua,JACUI,JIUHCA,CASTRO ALVES,97,2022-06-03 04:00:00,240.51,148.71,159.21,318.0,318.0,159.0,140.0,19.0,0.0,,outputs/ons-reserva-2021-2022-20260922/raw/ons-2022-06.csv,1ce4ed3b7d7514d1e8adf6e42ba2a1d5f203753fce6fae2f3d82de7da7e3b415,39639,39640
S,Sul,Fio dagua,JACUI,JIUHCA,CASTRO ALVES,97,2022-06-03 05:00:00,240.5,148.71,158.05,299.0,314.0,159.0,136.0,19.0,0.0,,outputs/ons-reserva-2021-2022-20260922/raw/ons-2022-06.csv,1ce4ed3b7d7514d1e8adf6e42ba2a1d5f203753fce6fae2f3d82de7da7e3b415,39640,39641
S,Sul,Fio dagua,JACUI,JIUHCA,CASTRO ALVES,97,2022-06-03 06:00:00,240.49,148.71,156.89,295.0,310.0,159.0,132.0,19.0,0.0,,outputs/ons-reserva-2021-2022-20260922/raw/ons-2022-06.csv,1ce4ed3b7d7514d1e8adf6e42ba2a1d5f203753fce6fae2f3d82de7da7e3b415,39641,39642
S,Sul,Fio dagua,JACUI,JIUHCA,CASTRO ALVES,97,2022-06-03 07:00:00,240.49,148.71,156.89,310.0,310.0,159.0,132.0,19.0,0.0,,outputs/ons-reserva-2021-2022-20260922/raw/ons-2022-06.csv,1ce4ed3b7d7514d1e8adf6e42ba2a1d5f203753fce6fae2f3d82de7da7e3b415,39642,39643
S,Sul,Fio dagua,JACUI,JIUHCA,CASTRO ALVES,97,2022-06-03 08:00:00,240.48,148.71,155.73,291.0,306.0,159.0,128.0,19.0,0.0,,outputs/ons-reserva-2021-2022-20260922/raw/ons-2022-06.csv,1ce4ed3b7d7514d1e8adf6e42ba2a1d5f203753fce6fae2f3d82de7da7e3b415,39643,39644
S,Sul,Fio dagua,JACUI,JIUHCA,CASTRO ALVES,97,2022-06-03 09:00:00,240.48,148.65,155.73,305.0,305.0,158.0,128.0,19.0,0.0,,outputs/ons-reserva-2021-2022-20260922/raw/ons-2022-06.csv,1ce4ed3b7d7514d1e8adf6e42ba2a1d5f203753fce6fae2f3d82de7da7e3b415,39644,39645
S,Sul,Fio dagua,JACUI,JIUHCA,CASTRO ALVES,97,2022-06-03 10:00:00,240.47,148.65,154.57,286.0,301.0,158.0,123.0,19.0,0.0,,outputs/ons-reserva-2021-2022-20260922/raw/ons-2022-06.csv,1ce4ed3b7d7514d1e8adf6e42ba2a1d5f203753fce6fae2f3d82de7da7e3b415,39645,39646
S,Sul,Fio dagua,JACUI,JIUHCA,CASTRO ALVES,97,2022-06-03 11:00:00,240.47,148.65,154.57,301.0,301.0,158.0,123.0,19.0,0.0,,outputs/ons-reserva-2021-2022-20260922/raw/ons-2022-06.csv,1ce4ed3b7d7514d1e8adf6e42ba2a1d5f203753fce6fae2f3d82de7da7e3b415,39646,39647
S,Sul,Fio dagua,JACUI,JIUHCA,CASTRO ALVES,97,2022-06-03 12:00:00,240.47,148.65,154.57,301.0,301.0,159.0,123.0,19.0,0.0,,outputs/ons-reserva-2021-2022-20260922/raw/ons-2022-06.csv,1ce4ed3b7d7514d1e8adf6e42ba2a1d5f203753fce6fae2f3d82de7da7e3b415,39647,39648
S,Sul,Fio dagua,JACUI,JIUHCA,CASTRO ALVES,97,2022-06-03 13:00:00,240.46,148.65,153.41,282.0,297.0,159.0,119.0,19.0,0.0,,outputs/ons-reserva-2021-2022-20260922/raw/ons-2022-06.csv,1ce4ed3b7d7514d1e8adf6e42ba2a1d5f203753fce6fae2f3d82de7da7e3b415,39648,39649
S,Sul,Fio dagua,JACUI,JIUHCA,CASTRO ALVES,97,2022-06-03 14:00:00,240.45,148.65,152.25,278.0,293.0,159.0,115.0,19.0,0.0,,outputs/ons-reserva-2021-2022-20260922/raw/ons-2022-06.csv,1ce4ed3b7d7514d1e8adf6e42ba2a1d5f203753fce6fae2f3d82de7da7e3b415,39649,39650
S,Sul,Fio dagua,JACUI,JIUHCA,CASTRO ALVES,97,2022-06-03 15:00:00,240.45,148.59,152.25,293.0,293.0,159.0,115.0,19.0,0.0,,outputs/ons-reserva-2021-2022-20260922/raw/ons-2022-06.csv,1ce4ed3b7d7514d1e8adf6e42ba2a1d5f203753fce6fae2f3d82de7da7e3b415,39650,39651
S,Sul,Fio dagua,JACUI,JIUHCA,CASTRO ALVES,97,2022-06-03 16:00:00,240.45,148.59,152.25,293.0,293.0,159.0,115.0,19.0,0.0,,outputs/ons-reserva-2021-2022-20260922/raw/ons-2022-06.csv,1ce4ed3b7d7514d1e8adf6e42ba2a1d5f203753fce6fae2f3d82de7da7e3b415,39651,39652
S,Sul,Fio dagua,JACUI,JIUHCA,CASTRO ALVES,97,2022-06-03 17:00:00,240.44,148.59,151.09,274.0,289.0,159.0,111.0,19.0,0.0,,outputs/ons-reserva-2021-2022-20260922/raw/ons-2022-06.csv,1ce4ed3b7d7514d1e8adf6e42ba2a1d5f203753fce6fae2f3d82de7da7e3b415,39652,39653
S,Sul,Fio dagua,JACUI,JIUHCA,CASTRO ALVES,97,2022-06-03 18:00:00,240.44,148.59,151.09,289.0,289.0,159.0,111.0,19.0,0.0,,outputs/ons-reserva-2021-2022-20260922/raw/ons-2022-06.csv,1ce4ed3b7d7514d1e8adf6e42ba2a1d5f203753fce6fae2f3d82de7da7e3b415,39653,39654
S,Sul,Fio dagua,JACUI,JIUHCA,CASTRO ALVES,97,2022-06-03 19:00:00,240.43,148.59,149.92,270.0,285.0,158.0,107.0,19.0,0.0,,outputs/ons-reserva-2021-2022-20260922/raw/ons-2022-06.csv,1ce4ed3b7d7514d1e8adf6e42ba2a1d5f203753fce6fae2f3d82de7da7e3b415,39654,39655
S,Sul,Fio dagua,JACUI,JIUHCA,CASTRO ALVES,97,2022-06-03 20:00:00,240.43,148.58,149.92,285.0,285.0,159.0,107.0,19.0,0.0,,outputs/ons-reserva-2021-2022-20260922/raw/ons-2022-06.csv,1ce4ed3b7d7514d1e8adf6e42ba2a1d5f203753fce6fae2f3d82de7da7e3b415,39655,39656
S,Sul,Fio dagua,JACUI,JIUHCA,CASTRO ALVES,97,2022-06-03 21:00:00,240.42,148.5,148.76,266.0,281.0,158.0,103.0,19.0,0.0,,outputs/ons-reserva-2021-2022-20260922/raw/ons-2022-06.csv,1ce4ed3b7d7514d1e8adf6e42ba2a1d5f203753fce6fae2f3d82de7da7e3b415,39656,39657
S,Sul,Fio dagua,JACUI,JIUHCA,CASTRO ALVES,97,2022-06-03 22:00:00,240.41,148.5,147.6,262.0,277.0,158.0,100.0,19.0,0.0,,outputs/ons-reserva-2021-2022-20260922/raw/ons-2022-06.csv,1ce4ed3b7d7514d1e8adf6e42ba2a1d5f203753fce6fae2f3d82de7da7e3b415,39657,39658
S,Sul,Fio dagua,JACUI,JIUHCA,CASTRO ALVES,97,2022-06-03 23:00:00,240.41,148.5,147.6,277.0,277.0,158.0,100.0,19.0,0.0,,outputs/ons-reserva-2021-2022-20260922/raw/ons-2022-06.csv,1ce4ed3b7d7514d1e8adf6e42ba2a1d5f203753fce6fae2f3d82de7da7e3b415,39658,39659
S,Sul,Fio dagua,JACUI,JIUHCA,CASTRO ALVES,97,2022-06-03 23:59:00,240.41,148.5,147.6,277.0,277.0,158.0,100.0,19.0,0.0,,outputs/ons-reserva-2021-2022-20260922/raw/ons-2022-06.csv,1ce4ed3b7d7514d1e8adf6e42ba2a1d5f203753fce6fae2f3d82de7da7e3b415,39659,39660
S,Sul,Fio dagua,JACUI,JIUHCA,CASTRO ALVES,97,2022-06-04 01:00:00,240.4,148.5,146.44,259.0,274.0,158.0,96.0,19.0,0.0,,outputs/ons-reserva-2021-2022-20260922/raw/ons-2022-06.csv,1ce4ed3b7d7514d1e8adf6e42ba2a1d5f203753fce6fae2f3d82de7da7e3b415,39660,39661
S,Sul,Fio dagua,JACUI,JIUHCA,CASTRO ALVES,97,2022-06-04 02:00:00,240.4,148.5,146.44,273.0,273.0,158.0,96.0,19.0,0.0,,outputs/ons-reserva-2021-2022-20260922/raw/ons-2022-06.csv,1ce4ed3b7d7514d1e8adf6e42ba2a1d5f203753fce6fae2f3d82de7da7e3b415,39661,39662
S,Sul,Fio dagua,JACUI,JIUHCA,CASTRO ALVES,97,2022-06-04 03:00:00,240.39,148.45,145.28,255.0,270.0,158.0,92.0,19.0,0.0,,outputs/ons-reserva-2021-2022-20260922/raw/ons-2022-06.csv,1ce4ed3b7d7514d1e8adf6e42ba2a1d5f203753fce6fae2f3d82de7da7e3b415,39662,39663
S,Sul,Fio dagua,JACUI,JIUHCA,CASTRO ALVES,97,2022-06-04 04:00:00,240.39,148.45,145.28,270.0,270.0,158.0,92.0,19.0,0.0,,outputs/ons-reserva-2021-2022-20260922/raw/ons-2022-06.csv,1ce4ed3b7d7514d1e8adf6e42ba2a1d5f203753fce6fae2f3d82de7da7e3b415,39663,39664
S,Sul,Fio dagua,JACUI,JIUHCA,CASTRO ALVES,97,2022-06-04 05:00:00,240.38,148.45,144.12,251.0,266.0,158.0,88.0,19.0,0.0,,outputs/ons-reserva-2021-2022-20260922/raw/ons-2022-06.csv,1ce4ed3b7d7514d1e8adf6e42ba2a1d5f203753fce6fae2f3d82de7da7e3b415,39664,39665
S,Sul,Fio dagua,JACUI,JIUHCA,CASTRO ALVES,97,2022-06-04 06:00:00,240.37,148.45,142.96,248.0,262.0,158.0,85.0,19.0,0.0,,outputs/ons-reserva-2021-2022-20260922/raw/ons-2022-06.csv,1ce4ed3b7d7514d1e8adf6e42ba2a1d5f203753fce6fae2f3d82de7da7e3b415,39665,39666
S,Sul,Fio dagua,JACUI,JIUHCA,CASTRO ALVES,97,2022-06-04 07:00:00,240.37,148.42,142.96,262.0,262.0,158.0,85.0,19.0,0.0,,outputs/ons-reserva-2021-2022-20260922/raw/ons-2022-06.csv,1ce4ed3b7d7514d1e8adf6e42ba2a1d5f203753fce6fae2f3d82de7da7e3b415,39666,39667
S,Sul,Fio dagua,JACUI,JIUHCA,CASTRO ALVES,97,2022-06-04 08:00:00,240.37,148.42,142.96,262.0,262.0,158.0,85.0,19.0,0.0,,outputs/ons-reserva-2021-2022-20260922/raw/ons-2022-06.csv,1ce4ed3b7d7514d1e8adf6e42ba2a1d5f203753fce6fae2f3d82de7da7e3b415,39667,39668
S,Sul,Fio dagua,JACUI,JIUHCA,CASTRO ALVES,97,2022-06-04 09:00:00,240.36,148.42,141.8,246.0,261.0,158.0,81.0,21.0,0.0,,outputs/ons-reserva-2021-2022-20260922/raw/ons-2022-06.csv,1ce4ed3b7d7514d1e8adf6e42ba2a1d5f203753fce6fae2f3d82de7da7e3b415,39668,39669
S,Sul,Fio dagua,JACUI,JIUHCA,CASTRO ALVES,97,2022-06-04 10:00:00,240.36,148.42,141.8,259.0,259.0,158.0,81.0,19.0,0.0,,outputs/ons-reserva-2021-2022-20260922/raw/ons-2022-06.csv,1ce4ed3b7d7514d1e8adf6e42ba2a1d5f203753fce6fae2f3d82de7da7e3b415,39669,39670
S,Sul,Fio dagua,JACUI,JIUHCA,CASTRO ALVES,97,2022-06-04 11:00:00,240.36,148.36,141.8,259.0,259.0,158.0,81.0,19.0,0.0,,outputs/ons-reserva-2021-2022-20260922/raw/ons-2022-06.csv,1ce4ed3b7d7514d1e8adf6e42ba2a1d5f203753fce6fae2f3d82de7da7e3b415,39670,39671
S,Sul,Fio dagua,JACUI,JIUHCA,CASTRO ALVES,97,2022-06-04 12:00:00,240.35,148.36,140.64,240.0,255.0,158.0,78.0,19.0,0.0,,outputs/ons-reserva-2021-2022-20260922/raw/ons-2022-06.csv,1ce4ed3b7d7514d1e8adf6e42ba2a1d5f203753fce6fae2f3d82de7da7e3b415,39671,39672
S,Sul,Fio dagua,JACUI,JIUHCA,CASTRO ALVES,97,2022-06-04 13:00:00,240.35,148.36,140.64,255.0,255.0,158.0,78.0,19.0,0.0,,outputs/ons-reserva-2021-2022-20260922/raw/ons-2022-06.csv,1ce4ed3b7d7514d1e8adf6e42ba2a1d5f203753fce6fae2f3d82de7da7e3b415,39672,39673
S,Sul,Fio dagua,JACUI,JIUHCA,CASTRO ALVES,97,2022-06-04 14:00:00,240.35,148.36,140.64,255.0,255.0,158.0,78.0,19.0,0.0,,outputs/ons-reserva-2021-2022-20260922/raw/ons-2022-06.csv,1ce4ed3b7d7514d1e8adf6e42ba2a1d5f203753fce6fae2f3d82de7da7e3b415,39673,39674
S,Sul,Fio dagua,JACUI,JIUHCA,CASTRO ALVES,97,2022-06-04 15:00:00,240.34,148.36,139.48,237.0,252.0,158.0,74.0,19.0,0.0,,outputs/ons-reserva-2021-2022-20260922/raw/ons-2022-06.csv,1ce4ed3b7d7514d1e8adf6e42ba2a1d5f203753fce6fae2f3d82de7da7e3b415,39674,39675
S,Sul,Fio dagua,JACUI,JIUHCA,CASTRO ALVES,97,2022-06-04 16:00:00,240.33,148.36,138.31,233.0,248.0,158.0,71.0,19.0,0.0,,outputs/ons-reserva-2021-2022-20260922/raw/ons-2022-06.csv,1ce4ed3b7d7514d1e8adf6e42ba2a1d5f203753fce6fae2f3d82de7da7e3b415,39675,39676
S,Sul,Fio dagua,JACUI,JIUHCA,CASTRO ALVES,97,2022-06-04 17:00:00,240.33,148.35,138.31,248.0,248.0,158.0,71.0,19.0,0.0,,outputs/ons-reserva-2021-2022-20260922/raw/ons-2022-06.csv,1ce4ed3b7d7514d1e8adf6e42ba2a1d5f203753fce6fae2f3d82de7da7e3b415,39676,39677
S,Sul,Fio dagua,JACUI,JIUHCA,CASTRO ALVES,97,2022-06-04 18:00:00,240.33,148.35,138.31,248.0,248.0,158.0,71.0,19.0,0.0,,outputs/ons-reserva-2021-2022-20260922/raw/ons-2022-06.csv,1ce4ed3b7d7514d1e8adf6e42ba2a1d5f203753fce6fae2f3d82de7da7e3b415,39677,39678
S,Sul,Fio dagua,JACUI,JIUHCA,CASTRO ALVES,97,2022-06-04 19:00:00,240.32,148.27,137.15,230.0,245.0,158.0,68.0,19.0,0.0,,outputs/ons-reserva-2021-2022-20260922/raw/ons-2022-06.csv,1ce4ed3b7d7514d1e8adf6e42ba2a1d5f203753fce6fae2f3d82de7da7e3b415,39678,39679
S,Sul,Fio dagua,JACUI,JIUHCA,CASTRO ALVES,97,2022-06-04 20:00:00,240.32,148.27,137.15,245.0,245.0,158.0,68.0,19.0,0.0,,outputs/ons-reserva-2021-2022-20260922/raw/ons-2022-06.csv,1ce4ed3b7d7514d1e8adf6e42ba2a1d5f203753fce6fae2f3d82de7da7e3b415,39679,39680
S,Sul,Fio dagua,JACUI,JIUHCA,CASTRO ALVES,97,2022-06-04 21:00:00,240.31,148.27,135.99,227.0,241.0,158.0,64.0,19.0,0.0,,outputs/ons-reserva-2021-2022-20260922/raw/ons-2022-06.csv,1ce4ed3b7d7514d1e8adf6e42ba2a1d5f203753fce6fae2f3d82de7da7e3b415,39680,39681
S,Sul,Fio dagua,JACUI,JIUHCA,CASTRO ALVES,97,2022-06-04 22:00:00,240.31,148.27,135.99,241.0,241.0,158.0,64.0,19.0,0.0,,outputs/ons-reserva-2021-2022-20260922/raw/ons-2022-06.csv,1ce4ed3b7d7514d1e8adf6e42ba2a1d5f203753fce6fae2f3d82de7da7e3b415,39681,39682
S,Sul,Fio dagua,JACUI,JIUHCA,CASTRO ALVES,97,2022-06-04 23:00:00,240.3,148.27,134.83,223.0,238.0,158.0,61.0,19.0,0.0,,outputs/ons-reserva-2021-2022-20260922/raw/ons-2022-06.csv,1ce4ed3b7d7514d1e8adf6e42ba2a1d5f203753fce6fae2f3d82de7da7e3b415,39682,39683
S,Sul,Fio dagua,JACUI,JIUHCA,CASTRO ALVES,97,2022-06-04 23:59:00,240.3,148.27,134.83,238.0,238.0,158.0,61.0,19.0,0.0,,outputs/ons-reserva-2021-2022-20260922/raw/ons-2022-06.csv,1ce4ed3b7d7514d1e8adf6e42ba2a1d5f203753fce6fae2f3d82de7da7e3b415,39683,39684
S,Sul,Fio dagua,JACUI,JIUHCA,CASTRO ALVES,97,2022-06-05 01:00:00,240.3,148.27,134.83,238.0,238.0,158.0,61.0,19.0,0.0,,outputs/ons-reserva-2021-2022-20260922/raw/ons-2022-06.csv,1ce4ed3b7d7514d1e8adf6e42ba2a1d5f203753fce6fae2f3d82de7da7e3b415,39684,39685
S,Sul,Fio dagua,JACUI,JIUHCA,CASTRO ALVES,97,2022-06-05 02:00:00,240.29,148.2,133.67,220.0,235.0,158.0,58.0,19.0,0.0,,outputs/ons-reserva-2021-2022-20260922/raw/ons-2022-06.csv,1ce4ed3b7d7514d1e8adf6e42ba2a1d5f203753fce6fae2f3d82de7da7e3b415,39685,39686
S,Sul,Fio dagua,JACUI,JIUHCA,CASTRO ALVES,97,2022-06-05 03:00:00,240.29,148.2,133.67,235.0,235.0,158.0,58.0,19.0,0.0,,outputs/ons-reserva-2021-2022-20260922/raw/ons-2022-06.csv,1ce4ed3b7d7514d1e8adf6e42ba2a1d5f203753fce6fae2f3d82de7da7e3b415,39686,39687
S,Sul,Fio dagua,JACUI,JIUHCA,CASTRO ALVES,97,2022-06-05 04:00:00,240.29,148.2,133.67,235.0,235.0,158.0,58.0,19.0,0.0,,outputs/ons-reserva-2021-2022-20260922/raw/ons-2022-06.csv,1ce4ed3b7d7514d1e8adf6e42ba2a1d5f203753fce6fae2f3d82de7da7e3b415,39687,39688
S,Sul,Fio dagua,JACUI,JIUHCA,CASTRO ALVES,97,2022-06-05 05:00:00,240.28,148.2,132.51,217.0,232.0,158.0,55.0,19.0,0.0,,outputs/ons-reserva-2021-2022-20260922/raw/ons-2022-06.csv,1ce4ed3b7d7514d1e8adf6e42ba2a1d5f203753fce6fae2f3d82de7da7e3b415,39688,39689
S,Sul,Fio dagua,JACUI,JIUHCA,CASTRO ALVES,97,2022-06-05 06:00:00,240.27,148.13,131.35,214.0,229.0,158.0,52.0,19.0,0.0,,outputs/ons-reserva-2021-2022-20260922/raw/ons-2022-06.csv,1ce4ed3b7d7514d1e8adf6e42ba2a1d5f203753fce6fae2f3d82de7da7e3b415,39689,39690
S,Sul,Fio dagua,JACUI,JIUHCA,CASTRO ALVES,97,2022-06-05 07:00:00,240.27,148.13,131.35,229.0,229.0,158.0,52.0,19.0,0.0,,outputs/ons-reserva-2021-2022-20260922/raw/ons-2022-06.csv,1ce4ed3b7d7514d1e8adf6e42ba2a1d5f203753fce6fae2f3d82de7da7e3b415,39690,39691
S,Sul,Fio dagua,JACUI,JIUHCA,CASTRO ALVES,97,2022-06-05 08:00:00,240.27,148.13,131.35,229.0,229.0,158.0,52.0,19.0,0.0,,outputs/ons-reserva-2021-2022-20260922/raw/ons-2022-06.csv,1ce4ed3b7d7514d1e8adf6e42ba2a1d5f203753fce6fae2f3d82de7da7e3b415,39691,39692
S,Sul,Fio dagua,JACUI,JIUHCA,CASTRO ALVES,97,2022-06-05 09:00:00,240.27,148.13,131.35,229.0,229.0,158.0,52.0,19.0,0.0,,outputs/ons-reserva-2021-2022-20260922/raw/ons-2022-06.csv,1ce4ed3b7d7514d1e8adf6e42ba2a1d5f203753fce6fae2f3d82de7da7e3b415,39692,39693
S,Sul,Fio dagua,JACUI,JIUHCA,CASTRO ALVES,97,2022-06-05 10:00:00,240.27,148.13,131.35,229.0,229.0,158.0,52.0,19.0,0.0,,outputs/ons-reserva-2021-2022-20260922/raw/ons-2022-06.csv,1ce4ed3b7d7514d1e8adf6e42ba2a1d5f203753fce6fae2f3d82de7da7e3b415,39693,39694
S,Sul,Fio dagua,JACUI,JIUHCA,CASTRO ALVES,97,2022-06-05 11:00:00,240.28,148.13,132.51,247.0,232.0,158.0,55.0,19.0,0.0,,outputs/ons-reserva-2021-2022-20260922/raw/ons-2022-06.csv,1ce4ed3b7d7514d1e8adf6e42ba2a1d5f203753fce6fae2f3d82de7da7e3b415,39694,39695
S,Sul,Fio dagua,JACUI,JIUHCA,CASTRO ALVES,97,2022-06-05 12:00:00,240.29,148.13,133.67,250.0,235.0,158.0,58.0,19.0,0.0,,outputs/ons-reserva-2021-2022-20260922/raw/ons-2022-06.csv,1ce4ed3b7d7514d1e8adf6e42ba2a1d5f203753fce6fae2f3d82de7da7e3b415,39695,39696
S,Sul,Fio dagua,JACUI,JIUHCA,CASTRO ALVES,97,2022-06-05 13:00:00,240.29,148.13,133.67,235.0,235.0,158.0,58.0,19.0,0.0,,outputs/ons-reserva-2021-2022-20260922/raw/ons-2022-06.csv,1ce4ed3b7d7514d1e8adf6e42ba2a1d5f203753fce6fae2f3d82de7da7e3b415,39696,39697
S,Sul,Fio dagua,JACUI,JIUHCA,CASTRO ALVES,97,2022-06-05 14:00:00,240.3,148.13,134.83,253.0,238.0,158.0,61.0,19.0,0.0,,outputs/ons-reserva-2021-2022-20260922/raw/ons-2022-06.csv,1ce4ed3b7d7514d1e8adf6e42ba2a1d5f203753fce6fae2f3d82de7da7e3b415,39697,39698
S,Sul,Fio dagua,JACUI,JIUHCA,CASTRO ALVES,97,2022-06-05 15:00:00,240.32,148.2,137.15,274.0,245.0,158.0,68.0,19.0,0.0,,outputs/ons-reserva-2021-2022-20260922/raw/ons-2022-06.csv,1ce4ed3b7d7514d1e8adf6e42ba2a1d5f203753fce6fae2f3d82de7da7e3b415,39698,39699
S,Sul,Fio dagua,JACUI,JIUHCA,CASTRO ALVES,97,2022-06-05 16:00:00,240.33,148.27,138.31,263.0,248.0,158.0,71.0,19.0,0.0,,outputs/ons-reserva-2021-2022-20260922/raw/ons-2022-06.csv,1ce4ed3b7d7514d1e8adf6e42ba2a1d5f203753fce6fae2f3d82de7da7e3b415,39699,39700
S,Sul,Fio dagua,JACUI,JIUHCA,CASTRO ALVES,97,2022-06-05 17:00:00,240.36,148.35,141.8,303.0,259.0,158.0,81.0,19.0,0.0,,outputs/ons-reserva-2021-2022-20260922/raw/ons-2022-06.csv,1ce4ed3b7d7514d1e8adf6e42ba2a1d5f203753fce6fae2f3d82de7da7e3b415,39700,39701
S,Sul,Fio dagua,JACUI,JIUHCA,CASTRO ALVES,97,2022-06-05 18:00:00,240.39,148.35,145.28,314.0,270.0,158.0,92.0,19.0,0.0,,outputs/ons-reserva-2021-2022-20260922/raw/ons-2022-06.csv,1ce4ed3b7d7514d1e8adf6e42ba2a1d5f203753fce6fae2f3d82de7da7e3b415,39701,39702
S,Sul,Fio dagua,JACUI,JIUHCA,CASTRO ALVES,97,2022-06-05 19:00:00,240.45,148.41,152.25,382.0,293.0,158.0,115.0,19.0,0.0,,outputs/ons-reserva-2021-2022-20260922/raw/ons-2022-06.csv,1ce4ed3b7d7514d1e8adf6e42ba2a1d5f203753fce6fae2f3d82de7da7e3b415,39702,39703
S,Sul,Fio dagua,JACUI,JIUHCA,CASTRO ALVES,97,2022-06-05 20:00:00,240.5,148.48,158.05,388.0,314.0,158.0,136.0,19.0,0.0,,outputs/ons-reserva-2021-2022-20260922/raw/ons-2022-06.csv,1ce4ed3b7d7514d1e8adf6e42ba2a1d5f203753fce6fae2f3d82de7da7e3b415,39703,39704
S,Sul,Fio dagua,JACUI,JIUHCA,CASTRO ALVES,97,2022-06-05 21:00:00,240.57,148.56,166.18,449.0,345.0,158.0,168.0,19.0,0.0,,outputs/ons-reserva-2021-2022-20260922/raw/ons-2022-06.csv,1ce4ed3b7d7514d1e8adf6e42ba2a1d5f203753fce6fae2f3d82de7da7e3b415,39704,39705
S,Sul,Fio dagua,JACUI,JIUHCA,CASTRO ALVES,97,2022-06-05 22:00:00,240.64,148.69,174.31,483.0,379.0,158.0,202.0,20.0,0.0,,outputs/ons-reserva-2021-2022-20260922/raw/ons-2022-06.csv,1ce4ed3b7d7514d1e8adf6e42ba2a1d5f203753fce6fae2f3d82de7da7e3b415,39705,39706
S,Sul,Fio dagua,JACUI,JIUHCA,CASTRO ALVES,97,2022-06-05 23:00:00,240.69,148.76,180.11,479.0,405.0,158.0,227.0,20.0,0.0,,outputs/ons-reserva-2021-2022-20260922/raw/ons-2022-06.csv,1ce4ed3b7d7514d1e8adf6e42ba2a1d5f203753fce6fae2f3d82de7da7e3b415,39706,39707
S,Sul,Fio dagua,JACUI,JIUHCA,CASTRO ALVES,97,2022-06-05 23:59:00,240.75,148.83,187.08,527.0,438.0,158.0,260.0,20.0,0.0,,outputs/ons-reserva-2021-2022-20260922/raw/ons-2022-06.csv,1ce4ed3b7d7514d1e8adf6e42ba2a1d5f203753fce6fae2f3d82de7da7e3b415,39707,39708
S,Sul,Fio dagua,JACUI,JIUHCA,CASTRO ALVES,97,2022-06-06 01:00:00,240.84,148.98,197.53,623.0,490.0,159.0,312.0,20.0,0.0,,outputs/ons-reserva-2021-2022-20260922/raw/ons-2022-06.csv,1ce4ed3b7d7514d1e8adf6e42ba2a1d5f203753fce6fae2f3d82de7da7e3b415,39708,39709
S,Sul,Fio dagua,JACUI,JIUHCA,CASTRO ALVES,97,2022-06-06 02:00:00,240.96,149.11,211.46,743.0,566.0,159.0,387.0,20.0,0.0,,outputs/ons-reserva-2021-2022-20260922/raw/ons-2022-06.csv,1ce4ed3b7d7514d1e8adf6e42ba2a1d5f203753fce6fae2f3d82de7da7e3b415,39709,39710
S,Sul,Fio dagua,JACUI,JIUHCA,CASTRO ALVES,97,2022-06-06 03:00:00,241.09,149.25,226.55,844.0,651.0,159.0,472.0,20.0,0.0,,outputs/ons-reserva-2021-2022-20260922/raw/ons-2022-06.csv,1ce4ed3b7d7514d1e8adf6e42ba2a1d5f203753fce6fae2f3d82de7da7e3b415,39710,39711
S,Sul,Fio dagua,JACUI,JIUHCA,CASTRO ALVES,97,2022-06-06 04:00:00,241.3,149.53,250.94,1112.0,801.0,159.0,622.0,20.0,0.0,,outputs/ons-reserva-2021-2022-20260922/raw/ons-2022-06.csv,1ce4ed3b7d7514d1e8adf6e42ba2a1d5f203753fce6fae2f3d82de7da7e3b415,39711,39712
S,Sul,Fio dagua,JACUI,JIUHCA,CASTRO ALVES,97,2022-06-06 05:00:00,241.44,149.73,267.19,1117.0,910.0,159.0,731.0,20.0,0.0,,outputs/ons-reserva-2021-2022-20260922/raw/ons-2022-06.csv,1ce4ed3b7d7514d1e8adf6e42ba2a1d5f203753fce6fae2f3d82de7da7e3b415,39712,39713
S,Sul,Fio dagua,JACUI,JIUHCA,CASTRO ALVES,97,2022-06-06 06:00:00,241.6,149.99,285.77,1281.0,1044.0,159.0,865.0,21.0,0.0,,outputs/ons-reserva-2021-2022-20260922/raw/ons-2022-06.csv,1ce4ed3b7d7514d1e8adf6e42ba2a1d5f203753fce6fae2f3d82de7da7e3b415,39713,39714
S,Sul,Fio dagua,JACUI,JIUHCA,CASTRO ALVES,97,2022-06-06 07:00:00,241.71,150.27,298.54,1306.0,1143.0,157.0,965.0,21.0,0.0,,outputs/ons-reserva-2021-2022-20260922/raw/ons-2022-06.csv,1ce4ed3b7d7514d1e8adf6e42ba2a1d5f203753fce6fae2f3d82de7da7e3b415,39714,39715
S,Sul,Fio dagua,JACUI,JIUHCA,CASTRO ALVES,97,2022-06-06 08:00:00,241.88,150.49,318.28,1558.0,1306.0,157.0,1128.0,21.0,0.0,,outputs/ons-reserva-2021-2022-20260922/raw/ons-2022-06.csv,1ce4ed3b7d7514d1e8adf6e42ba2a1d5f203753fce6fae2f3d82de7da7e3b415,39715,39716
S,Sul,Fio dagua,JACUI,JIUHCA,CASTRO ALVES,97,2022-06-06 09:00:00,242.04,150.62,336.85,1707.0,1470.0,157.0,1293.0,21.0,0.0,,outputs/ons-reserva-2021-2022-20260922/raw/ons-2022-06.csv,1ce4ed3b7d7514d1e8adf6e42ba2a1d5f203753fce6fae2f3d82de7da7e3b415,39716,39717
S,Sul,Fio dagua,JACUI,JIUHCA,CASTRO ALVES,97,2022-06-06 10:00:00,242.23,150.84,358.91,1956.0,1674.0,157.0,1496.0,21.0,0.0,,outputs/ons-reserva-2021-2022-20260922/raw/ons-2022-06.csv,1ce4ed3b7d7514d1e8adf6e42ba2a1d5f203753fce6fae2f3d82de7da7e3b415,39717,39718
S,Sul,Fio dagua,JACUI,JIUHCA,CASTRO ALVES,97,2022-06-06 11:00:00,242.45,151.32,384.46,2252.0,1927.0,157.0,1748.0,21.0,0.0,,outputs/ons-reserva-2021-2022-20260922/raw/ons-2022-06.csv,1ce4ed3b7d7514d1e8adf6e42ba2a1d5f203753fce6fae2f3d82de7da7e3b415,39718,39719
S,Sul,Fio dagua,JACUI,JIUHCA,CASTRO ALVES,97,2022-06-06 12:00:00,242.68,151.45,411.16,2549.0,2209.0,157.0,2030.0,22.0,0.0,,outputs/ons-reserva-2021-2022-20260922/raw/ons-2022-06.csv,1ce4ed3b7d7514d1e8adf6e42ba2a1d5f203753fce6fae2f3d82de7da7e3b415,39719,39720
S,Sul,Fio dagua,JACUI,JIUHCA,CASTRO ALVES,97,2022-06-06 13:00:00,242.89,151.85,435.54,2794.0,2483.0,157.0,2303.0,22.0,0.0,,outputs/ons-reserva-2021-2022-20260922/raw/ons-2022-06.csv,1ce4ed3b7d7514d1e8adf6e42ba2a1d5f203753fce6fae2f3d82de7da7e3b415,39720,39721
S,Sul,Fio dagua,JACUI,JIUHCA,CASTRO ALVES,97,2022-06-06 14:00:00,243.07,152.21,456.44,2997.0,2730.0,158.0,2550.0,22.0,0.0,,outputs/ons-reserva-2021-2022-20260922/raw/ons-2022-06.csv,1ce4ed3b7d7514d1e8adf6e42ba2a1d5f203753fce6fae2f3d82de7da7e3b415,39721,39722
S,Sul,Fio dagua,JACUI,JIUHCA,CASTRO ALVES,97,2022-06-06 15:00:00,243.23,152.65,475.02,3197.0,2960.0,158.0,2780.0,22.0,0.0,,outputs/ons-reserva-2021-2022-20260922/raw/ons-2022-06.csv,1ce4ed3b7d7514d1e8adf6e42ba2a1d5f203753fce6fae2f3d82de7da7e3b415,39722,39723
S,Sul,Fio dagua,JACUI,JIUHCA,CASTRO ALVES,97,2022-06-06 16:00:00,243.37,153.09,491.27,3376.0,3169.0,158.0,2988.0,22.0,0.0,,outputs/ons-reserva-2021-2022-20260922/raw/ons-2022-06.csv,1ce4ed3b7d7514d1e8adf6e42ba2a1d5f203753fce6fae2f3d82de7da7e3b415,39723,39724
S,Sul,Fio dagua,JACUI,JIUHCA,CASTRO ALVES,97,2022-06-06 17:00:00,243.46,153.43,501.72,3440.0,3306.0,157.0,3126.0,22.0,0.0,,outputs/ons-reserva-2021-2022-20260922/raw/ons-2022-06.csv,1ce4ed3b7d7514d1e8adf6e42ba2a1d5f203753fce6fae2f3d82de7da7e3b415,39724,39725
S,Sul,Fio dagua,JACUI,JIUHCA,CASTRO ALVES,97,2022-06-06 18:00:00,243.53,153.81,509.85,3520.0,3416.0,158.0,3236.0,23.0,0.0,,outputs/ons-reserva-2021-2022-20260922/raw/ons-2022-06.csv,1ce4ed3b7d7514d1e8adf6e42ba2a1d5f203753fce6fae2f3d82de7da7e3b415,39725,39726
S,Sul,Fio dagua,JACUI,JIUHCA,CASTRO ALVES,97,2022-06-06 19:00:00,243.54,153.9,511.01,3447.0,3432.0,158.0,3252.0,23.0,0.0,,outputs/ons-reserva-2021-2022-20260922/raw/ons-2022-06.csv,1ce4ed3b7d7514d1e8adf6e42ba2a1d5f203753fce6fae2f3d82de7da7e3b415,39726,39727
S,Sul,Fio dagua,JACUI,JIUHCA,CASTRO ALVES,97,2022-06-06 20:00:00,243.54,154.05,511.01,3432.0,3432.0,158.0,3252.0,23.0,0.0,,outputs/ons-reserva-2021-2022-20260922/raw/ons-2022-06.csv,1ce4ed3b7d7514d1e8adf6e42ba2a1d5f203753fce6fae2f3d82de7da7e3b415,39727,39728
S,Sul,Fio dagua,JACUI,JIUHCA,CASTRO ALVES,97,2022-06-06 21:00:00,243.51,153.98,507.53,3340.0,3385.0,158.0,3205.0,23.0,0.0,,outputs/ons-reserva-2021-2022-20260922/raw/ons-2022-06.csv,1ce4ed3b7d7514d1e8adf6e42ba2a1d5f203753fce6fae2f3d82de7da7e3b415,39728,39729
S,Sul,Fio dagua,JACUI,JIUHCA,CASTRO ALVES,97,2022-06-06 22:00:00,243.5,153.98,506.36,3354.0,3369.0,158.0,3189.0,22.0,0.0,,outputs/ons-reserva-2021-2022-20260922/raw/ons-2022-06.csv,1ce4ed3b7d7514d1e8adf6e42ba2a1d5f203753fce6fae2f3d82de7da7e3b415,39729,39730
S,Sul,Fio dagua,JACUI,JIUHCA,CASTRO ALVES,97,2022-06-06 23:00:00,243.48,153.91,504.04,3308.0,3338.0,158.0,3158.0,22.0,0.0,,outputs/ons-reserva-2021-2022-20260922/raw/ons-2022-06.csv,1ce4ed3b7d7514d1e8adf6e42ba2a1d5f203753fce6fae2f3d82de7da7e3b415,39730,39731
S,Sul,Fio dagua,JACUI,JIUHCA,CASTRO ALVES,97,2022-06-06 23:59:00,243.44,153.84,499.4,3216.0,3275.0,157.0,3096.0,22.0,0.0,,outputs/ons-reserva-2021-2022-20260922/raw/ons-2022-06.csv,1ce4ed3b7d7514d1e8adf6e42ba2a1d5f203753fce6fae2f3d82de7da7e3b415,39731,39732
S,Sul,Fio dagua,JACUI,JIUHCA,CASTRO ALVES,97,2022-06-07 01:00:00,243.39,153.71,493.59,3124.0,3198.0,156.0,3019.0,22.0,0.0,,outputs/ons-reserva-2021-2022-20260922/raw/ons-2022-06.csv,1ce4ed3b7d7514d1e8adf6e42ba2a1d5f203753fce6fae2f3d82de7da7e3b415,39732,39733
S,Sul,Fio dagua,JACUI,JIUHCA,CASTRO ALVES,97,2022-06-07 02:00:00,243.34,153.63,487.79,3048.0,3122.0,156.0,2943.0,22.0,0.0,,outputs/ons-reserva-2021-2022-20260922/raw/ons-2022-06.csv,1ce4ed3b7d7514d1e8adf6e42ba2a1d5f203753fce6fae2f3d82de7da7e3b415,39733,39734
S,Sul,Fio dagua,JACUI,JIUHCA,CASTRO ALVES,97,2022-06-07 03:00:00,243.27,153.47,479.66,2913.0,3017.0,156.0,2839.0,22.0,0.0,,outputs/ons-reserva-2021-2022-20260922/raw/ons-2022-06.csv,1ce4ed3b7d7514d1e8adf6e42ba2a1d5f203753fce6fae2f3d82de7da7e3b415,39734,39735
S,Sul,Fio dagua,JACUI,JIUHCA,CASTRO ALVES,97,2022-06-07 04:00:00,243.2,153.32,471.53,2811.0,2914.0,156.0,2736.0,22.0,0.0,,outputs/ons-reserva-2021-2022-20260922/raw/ons-2022-06.csv,1ce4ed3b7d7514d1e8adf6e42ba2a1d5f203753fce6fae2f3d82de7da7e3b415,39735,39736
S,Sul,Fio dagua,JACUI,JIUHCA,CASTRO ALVES,97,2022-06-07 05:00:00,243.1,153.16,459.92,2623.0,2771.0,156.0,2593.0,22.0,0.0,,outputs/ons-reserva-2021-2022-20260922/raw/ons-2022-06.csv,1ce4ed3b7d7514d1e8adf6e42ba2a1d5f203753fce6fae2f3d82de7da7e3b415,39736,39737
S,Sul,Fio dagua,JACUI,JIUHCA,CASTRO ALVES,97,2022-06-07 06:00:00,243.03,153.02,451.8,2569.0,2672.0,156.0,2494.0,22.0,0.0,,outputs/ons-reserva-2021-2022-20260922/raw/ons-2022-06.csv,1ce4ed3b7d7514d1e8adf6e42ba2a1d5f203753fce6fae2f3d82de7da7e3b415,39737,39738
S,Sul,Fio dagua,JACUI,JIUHCA,CASTRO ALVES,97,2022-06-07 07:00:00,242.94,153.0,441.35,2417.0,2550.0,158.0,2371.0,22.0,0.0,,outputs/ons-reserva-2021-2022-20260922/raw/ons-2022-06.csv,1ce4ed3b7d7514d1e8adf6e42ba2a1d5f203753fce6fae2f3d82de7da7e3b415,39738,39739
S,Sul,Fio dagua,JACUI,JIUHCA,CASTRO ALVES,97,2022-06-07 08:00:00,242.87,152.54,433.22,2353.0,2456.0,158.0,2277.0,22.0,0.0,,outputs/ons-reserva-2021-2022-20260922/raw/ons-2022-06.csv,1ce4ed3b7d7514d1e8adf6e42ba2a1d5f203753fce6fae2f3d82de7da7e3b415,39739,39740
S,Sul,Fio dagua,JACUI,JIUHCA,CASTRO ALVES,97,2022-06-07 09:00:00,242.79,152.39,423.93,2232.0,2350.0,158.0,2171.0,22.0,0.0,,outputs/ons-reserva-2021-2022-20260922/raw/ons-2022-06.csv,1ce4ed3b7d7514d1e8adf6e42ba2a1d5f203753fce6fae2f3d82de7da7e3b415,39740,39741
S,Sul,Fio dagua,JACUI,JIUHCA,CASTRO ALVES,97,2022-06-07 10:00:00,242.73,152.09,416.96,2184.0,2273.0,157.0,2093.0,22.0,0.0,,outputs/ons-reserva-2021-2022-20260922/raw/ons-2022-06.csv,1ce4ed3b7d7514d1e8adf6e42ba2a1d5f203753fce6fae2f3d82de7da7e3b415,39741,39742
S,Sul,Fio dagua,JACUI,JIUHCA,CASTRO ALVES,97,2022-06-07 11:00:00,242.65,151.89,407.68,2052.0,2171.0,157.0,1992.0,22.0,0.0,,outputs/ons-reserva-2021-2022-20260922/raw/ons-2022-06.csv,1ce4ed3b7d7514d1e8adf6e42ba2a1d5f203753fce6fae2f3d82de7da7e3b415,39742,39743
S,Sul,Fio dagua,JACUI,JIUHCA,CASTRO ALVES,97,2022-06-07 12:00:00,242.58,151.82,399.55,1980.0,2084.0,157.0,1905.0,22.0,0.0,,outputs/ons-reserva-2021-2022-20260922/raw/ons-2022-06.csv,1ce4ed3b7d7514d1e8adf6e42ba2a1d5f203753fce6fae2f3d82de7da7e3b415,39743,39744
S,Sul,Fio dagua,JACUI,JIUHCA,CASTRO ALVES,97,2022-06-07 13:00:00,242.52,151.69,392.58,1922.0,2010.0,157.0,1832.0,22.0,0.0,,outputs/ons-reserva-2021-2022-20260922/raw/ons-2022-06.csv,1ce4ed3b7d7514d1e8adf6e42ba2a1d5f203753fce6fae2f3d82de7da7e3b415,39744,39745
S,Sul,Fio dagua,JACUI,JIUHCA,CASTRO ALVES,97,2022-06-07 14:00:00,242.45,151.62,384.46,1824.0,1927.0,158.0,1748.0,21.0,0.0,,outputs/ons-reserva-2021-2022-20260922/raw/ons-2022-06.csv,1ce4ed3b7d7514d1e8adf6e42ba2a1d5f203753fce6fae2f3d82de7da7e3b415,39745,39746
S,Sul,Fio dagua,JACUI,JIUHCA,CASTRO ALVES,97,2022-06-07 15:00:00,242.4,151.46,378.65,1795.0,1869.0,159.0,1689.0,21.0,0.0,,outputs/ons-reserva-2021-2022-20260922/raw/ons-2022-06.csv,1ce4ed3b7d7514d1e8adf6e42ba2a1d5f203753fce6fae2f3d82de7da7e3b415,39746,39747
S,Sul,Fio dagua,JACUI,JIUHCA,CASTRO ALVES,97,2022-06-07 16:00:00,242.33,151.32,370.52,1685.0,1789.0,159.0,1609.0,21.0,0.0,,outputs/ons-reserva-2021-2022-20260922/raw/ons-2022-06.csv,1ce4ed3b7d7514d1e8adf6e42ba2a1d5f203753fce6fae2f3d82de7da7e3b415,39747,39748
S,Sul,Fio dagua,JACUI,JIUHCA,CASTRO ALVES,97,2022-06-07 17:00:00,242.29,151.26,365.88,1684.0,1744.0,159.0,1563.0,21.0,0.0,,outputs/ons-reserva-2021-2022-20260922/raw/ons-2022-06.csv,1ce4ed3b7d7514d1e8adf6e42ba2a1d5f203753fce6fae2f3d82de7da7e3b415,39748,39749
S,Sul,Fio dagua,JACUI,JIUHCA,CASTRO ALVES,97,2022-06-07 18:00:00,242.23,151.13,358.91,1588.0,1676.0,159.0,1496.0,21.0,0.0,,outputs/ons-reserva-2021-2022-20260922/raw/ons-2022-06.csv,1ce4ed3b7d7514d1e8adf6e42ba2a1d5f203753fce6fae2f3d82de7da7e3b415,39749,39750
S,Sul,Fio dagua,JACUI,JIUHCA,CASTRO ALVES,97,2022-06-07 19:00:00,242.19,151.06,354.27,1573.0,1632.0,159.0,1452.0,21.0,0.0,,outputs/ons-reserva-2021-2022-20260922/raw/ons-2022-06.csv,1ce4ed3b7d7514d1e8adf6e42ba2a1d5f203753fce6fae2f3d82de7da7e3b415,39750,39751
S,Sul,Fio dagua,JACUI,JIUHCA,CASTRO ALVES,97,2022-06-07 20:00:00,242.14,150.85,348.46,1504.0,1578.0,159.0,1398.0,21.0,0.0,,outputs/ons-reserva-2021-2022-20260922/raw/ons-2022-06.csv,1ce4ed3b7d7514d1e8adf6e42ba2a1d5f203753fce6fae2f3d82de7da7e3b415,39751,39752
S,Sul,Fio dagua,JACUI,JIUHCA,CASTRO ALVES,97,2022-06-07 21:00:00,242.1,150.78,343.82,1476.0,1535.0,159.0,1356.0,21.0,0.0,,outputs/ons-reserva-2021-2022-20260922/raw/ons-2022-06.csv,1ce4ed3b7d7514d1e8adf6e42ba2a1d5f203753fce6fae2f3d82de7da7e3b415,39752,39753
S,Sul,Fio dagua,JACUI,JIUHCA,CASTRO ALVES,97,2022-06-07 22:00:00,242.06,150.78,339.17,1434.0,1493.0,159.0,1314.0,21.0,0.0,,outputs/ons-reserva-2021-2022-20260922/raw/ons-2022-06.csv,1ce4ed3b7d7514d1e8adf6e42ba2a1d5f203753fce6fae2f3d82de7da7e3b415,39753,39754
S,Sul,Fio dagua,JACUI,JIUHCA,CASTRO ALVES,97,2022-06-07 23:00:00,242.01,150.78,333.37,1367.0,1441.0,159.0,1261.0,21.0,0.0,,outputs/ons-reserva-2021-2022-20260922/raw/ons-2022-06.csv,1ce4ed3b7d7514d1e8adf6e42ba2a1d5f203753fce6fae2f3d82de7da7e3b415,39754,39755
S,Sul,Fio dagua,JACUI,JIUHCA,CASTRO ALVES,97,2022-06-07 23:59:00,241.98,150.71,329.89,1365.0,1410.0,159.0,1230.0,21.0,0.0,,outputs/ons-reserva-2021-2022-20260922/raw/ons-2022-06.csv,1ce4ed3b7d7514d1e8adf6e42ba2a1d5f203753fce6fae2f3d82de7da7e3b415,39755,39756
S,Sul,Fio dagua,JACUI,JIUHCA,CASTRO ALVES,97,2022-06-08 01:00:00,241.93,150.64,324.08,1284.0,1358.0,159.0,1179.0,21.0,0.0,,outputs/ons-reserva-2021-2022-20260922/raw/ons-2022-06.csv,1ce4ed3b7d7514d1e8adf6e42ba2a1d5f203753fce6fae2f3d82de7da7e3b415,39756,39757
S,Sul,Fio dagua,JACUI,JIUHCA,CASTRO ALVES,97,2022-06-08 02:00:00,241.9,150.57,320.6,1284.0,1328.0,159.0,1148.0,21.0,0.0,,outputs/ons-reserva-2021-2022-20260922/raw/ons-2022-06.csv,1ce4ed3b7d7514d1e8adf6e42ba2a1d5f203753fce6fae2f3d82de7da7e3b415,39757,39758
S,Sul,Fio dagua,JACUI,JIUHCA,CASTRO ALVES,97,2022-06-08 03:00:00,241.86,150.44,315.95,1229.0,1288.0,159.0,1108.0,21.0,0.0,,outputs/ons-reserva-2021-2022-20260922/raw/ons-2022-06.csv,1ce4ed3b7d7514d1e8adf6e42ba2a1d5f203753fce6fae2f3d82de7da7e3b415,39758,39759
S,Sul,Fio dagua,JACUI,JIUHCA,CASTRO ALVES,97,2022-06-08 04:00:00,241.82,150.37,311.31,1189.0,1249.0,159.0,1069.0,21.0,0.0,,outputs/ons-reserva-2021-2022-20260922/raw/ons-2022-06.csv,1ce4ed3b7d7514d1e8adf6e42ba2a1d5f203753fce6fae2f3d82de7da7e3b415,39759,39760
S,Sul,Fio dagua,JACUI,JIUHCA,CASTRO ALVES,97,2022-06-08 05:00:00,241.79,150.37,307.83,1175.0,1220.0,159.0,1040.0,21.0,0.0,,outputs/ons-reserva-2021-2022-20260922/raw/ons-2022-06.csv,1ce4ed3b7d7514d1e8adf6e42ba2a1d5f203753fce6fae2f3d82de7da7e3b415,39760,39761
S,Sul,Fio dagua,JACUI,JIUHCA,CASTRO ALVES,97,2022-06-08 06:00:00,241.76,150.44,304.34,1147.0,1191.0,159.0,1012.0,21.0,0.0,,outputs/ons-reserva-2021-2022-20260922/raw/ons-2022-06.csv,1ce4ed3b7d7514d1e8adf6e42ba2a1d5f203753fce6fae2f3d82de7da7e3b415,39761,39762
S,Sul,Fio dagua,JACUI,JIUHCA,CASTRO ALVES,97,2022-06-08 07:00:00,241.73,150.44,300.86,1118.0,1163.0,159.0,983.0,21.0,0.0,,outputs/ons-reserva-2021-2022-20260922/raw/ons-2022-06.csv,1ce4ed3b7d7514d1e8adf6e42ba2a1d5f203753fce6fae2f3d82de7da7e3b415,39762,39763
S,Sul,Fio dagua,JACUI,JIUHCA,CASTRO ALVES,97,2022-06-08 08:00:00,241.69,150.37,296.22,1066.0,1126.0,159.0,946.0,21.0,0.0,,outputs/ons-reserva-2021-2022-20260922/raw/ons-2022-06.csv,1ce4ed3b7d7514d1e8adf6e42ba2a1d5f203753fce6fae2f3d82de7da7e3b415,39763,39764
S,Sul,Fio dagua,JACUI,JIUHCA,CASTRO ALVES,97,2022-06-08 09:00:00,241.67,150.3,293.89,1078.0,1107.0,159.0,928.0,21.0,0.0,,outputs/ons-reserva-2021-2022-20260922/raw/ons-2022-06.csv,1ce4ed3b7d7514d1e8adf6e42ba2a1d5f203753fce6fae2f3d82de7da7e3b415,39764,39765
S,Sul,Fio dagua,JACUI,JIUHCA,CASTRO ALVES,97,2022-06-08 10:00:00,241.63,150.3,289.25,1012.0,1071.0,159.0,892.0,21.0,0.0,,outputs/ons-reserva-2021-2022-20260922/raw/ons-2022-06.csv,1ce4ed3b7d7514d1e8adf6e42ba2a1d5f203753fce6fae2f3d82de7da7e3b415,39765,39766
S,Sul,Fio dagua,JACUI,JIUHCA,CASTRO ALVES,97,2022-06-08 11:00:00,241.6,150.3,285.77,1000.0,1044.0,159.0,865.0,21.0,0.0,,outputs/ons-reserva-2021-2022-20260922/raw/ons-2022-06.csv,1ce4ed3b7d7514d1e8adf6e42ba2a1d5f203753fce6fae2f3d82de7da7e3b415,39766,39767
S,Sul,Fio dagua,JACUI,JIUHCA,CASTRO ALVES,97,2022-06-08 12:00:00,241.57,150.23,282.28,974.0,1018.0,159.0,839.0,21.0,0.0,,outputs/ons-reserva-2021-2022-20260922/raw/ons-2022-06.csv,1ce4ed3b7d7514d1e8adf6e42ba2a1d5f203753fce6fae2f3d82de7da7e3b415,39767,39768
S,Sul,Fio dagua,JACUI,JIUHCA,CASTRO ALVES,97,2022-06-08 13:00:00,241.55,150.17,279.96,971.0,1001.0,159.0,821.0,21.0,0.0,,outputs/ons-reserva-2021-2022-20260922/raw/ons-2022-06.csv,1ce4ed3b7d7514d1e8adf6e42ba2a1d5f203753fce6fae2f3d82de7da7e3b415,39768,39769
S,Sul,Fio dagua,JACUI,JIUHCA,CASTRO ALVES,97,2022-06-08 14:00:00,241.53,150.23,277.64,954.0,983.0,159.0,804.0,21.0,0.0,,outputs/ons-reserva-2021-2022-20260922/raw/ons-2022-06.csv,1ce4ed3b7d7514d1e8adf6e42ba2a1d5f203753fce6fae2f3d82de7da7e3b415,39769,39770
S,Sul,Fio dagua,JACUI,JIUHCA,CASTRO ALVES,97,2022-06-08 15:00:00,241.5,150.23,274.16,914.0,959.0,159.0,779.0,20.0,0.0,,outputs/ons-reserva-2021-2022-20260922/raw/ons-2022-06.csv,1ce4ed3b7d7514d1e8adf6e42ba2a1d5f203753fce6fae2f3d82de7da7e3b415,39770,39771
S,Sul,Fio dagua,JACUI,JIUHCA,CASTRO ALVES,97,2022-06-08 16:00:00,241.47,150.23,270.67,890.0,934.0,159.0,755.0,20.0,0.0,,outputs/ons-reserva-2021-2022-20260922/raw/ons-2022-06.csv,1ce4ed3b7d7514d1e8adf6e42ba2a1d5f203753fce6fae2f3d82de7da7e3b415,39771,39772
S,Sul,Fio dagua,JACUI,JIUHCA,CASTRO ALVES,97,2022-06-08 17:00:00,241.45,150.23,268.35,888.0,918.0,159.0,739.0,20.0,0.0,,outputs/ons-reserva-2021-2022-20260922/raw/ons-2022-06.csv,1ce4ed3b7d7514d1e8adf6e42ba2a1d5f203753fce6fae2f3d82de7da7e3b415,39772,39773
S,Sul,Fio dagua,JACUI,JIUHCA,CASTRO ALVES,97,2022-06-08 18:00:00,241.43,150.23,266.03,873.0,902.0,159.0,723.0,20.0,0.0,,outputs/ons-reserva-2021-2022-20260922/raw/ons-2022-06.csv,1ce4ed3b7d7514d1e8adf6e42ba2a1d5f203753fce6fae2f3d82de7da7e3b415,39773,39774
S,Sul,Fio dagua,JACUI,JIUHCA,CASTRO ALVES,97,2022-06-08 19:00:00,241.41,150.17,263.71,857.0,886.0,159.0,707.0,20.0,0.0,,outputs/ons-reserva-2021-2022-20260922/raw/ons-2022-06.csv,1ce4ed3b7d7514d1e8adf6e42ba2a1d5f203753fce6fae2f3d82de7da7e3b415,39774,39775
S,Sul,Fio dagua,JACUI,JIUHCA,CASTRO ALVES,97,2022-06-08 20:00:00,241.4,150.17,262.55,864.0,878.0,159.0,699.0,20.0,0.0,,outputs/ons-reserva-2021-2022-20260922/raw/ons-2022-06.csv,1ce4ed3b7d7514d1e8adf6e42ba2a1d5f203753fce6fae2f3d82de7da7e3b415,39775,39776
S,Sul,Fio dagua,JACUI,JIUHCA,CASTRO ALVES,97,2022-06-08 21:00:00,241.37,150.19,259.06,810.0,855.0,159.0,676.0,20.0,0.0,,outputs/ons-reserva-2021-2022-20260922/raw/ons-2022-06.csv,1ce4ed3b7d7514d1e8adf6e42ba2a1d5f203753fce6fae2f3d82de7da7e3b415,39776,39777
S,Sul,Fio dagua,JACUI,JIUHCA,CASTRO ALVES,97,2022-06-08 22:00:00,241.35,150.19,256.74,810.0,839.0,159.0,660.0,20.0,0.0,,outputs/ons-reserva-2021-2022-20260922/raw/ons-2022-06.csv,1ce4ed3b7d7514d1e8adf6e42ba2a1d5f203753fce6fae2f3d82de7da7e3b415,39777,39778
S,Sul,Fio dagua,JACUI,JIUHCA,CASTRO ALVES,97,2022-06-08 23:00:00,241.33,150.19,254.42,795.0,824.0,159.0,645.0,20.0,0.0,,outputs/ons-reserva-2021-2022-20260922/raw/ons-2022-06.csv,1ce4ed3b7d7514d1e8adf6e42ba2a1d5f203753fce6fae2f3d82de7da7e3b415,39778,39779
S,Sul,Fio dagua,JACUI,JIUHCA,CASTRO ALVES,97,2022-06-08 23:59:00,241.31,150.12,252.1,779.0,809.0,159.0,630.0,20.0,0.0,,outputs/ons-reserva-2021-2022-20260922/raw/ons-2022-06.csv,1ce4ed3b7d7514d1e8adf6e42ba2a1d5f203753fce6fae2f3d82de7da7e3b415,39779,39780
S,Sul,Fio dagua,JACUI,JIUHCA,CASTRO ALVES,97,2022-06-09 01:00:00,241.29,150.05,249.77,764.0,794.0,159.0,615.0,20.0,0.0,,outputs/ons-reserva-2021-2022-20260922/raw/ons-2022-06.csv,1ce4ed3b7d7514d1e8adf6e42ba2a1d5f203753fce6fae2f3d82de7da7e3b415,39780,39781
S,Sul,Fio dagua,JACUI,JIUHCA,CASTRO ALVES,97,2022-06-09 02:00:00,241.28,150.05,248.61,772.0,787.0,159.0,607.0,20.0,0.0,,outputs/ons-reserva-2021-2022-20260922/raw/ons-2022-06.csv,1ce4ed3b7d7514d1e8adf6e42ba2a1d5f203753fce6fae2f3d82de7da7e3b415,39781,39782
S,Sul,Fio dagua,JACUI,JIUHCA,CASTRO ALVES,97,2022-06-09 03:00:00,241.25,149.91,245.13,720.0,764.0,159.0,585.0,20.0,0.0,,outputs/ons-reserva-2021-2022-20260922/raw/ons-2022-06.csv,1ce4ed3b7d7514d1e8adf6e42ba2a1d5f203753fce6fae2f3d82de7da7e3b415,39782,39783
S,Sul,Fio dagua,JACUI,JIUHCA,CASTRO ALVES,97,2022-06-09 04:00:00,241.23,149.91,242.81,720.0,750.0,159.0,571.0,20.0,0.0,,outputs/ons-reserva-2021-2022-20260922/raw/ons-2022-06.csv,1ce4ed3b7d7514d1e8adf6e42ba2a1d5f203753fce6fae2f3d82de7da7e3b415,39783,39784
S,Sul,Fio dagua,JACUI,JIUHCA,CASTRO ALVES,97,2022-06-09 05:00:00,241.2,149.91,239.32,684.0,728.0,159.0,549.0,20.0,0.0,,outputs/ons-reserva-2021-2022-20260922/raw/ons-2022-06.csv,1ce4ed3b7d7514d1e8adf6e42ba2a1d5f203753fce6fae2f3d82de7da7e3b415,39784,39785
S,Sul,Fio dagua,JACUI,JIUHCA,CASTRO ALVES,97,2022-06-09 06:00:00,241.2,149.85,239.32,728.0,728.0,159.0,549.0,20.0,0.0,,outputs/ons-reserva-2021-2022-20260922/raw/ons-2022-06.csv,1ce4ed3b7d7514d1e8adf6e42ba2a1d5f203753fce6fae2f3d82de7da7e3b415,39785,39786
S,Sul,Fio dagua,JACUI,JIUHCA,CASTRO ALVES,97,2022-06-09 07:00:00,241.18,149.85,237.0,684.0,714.0,159.0,535.0,20.0,0.0,,outputs/ons-reserva-2021-2022-20260922/raw/ons-2022-06.csv,1ce4ed3b7d7514d1e8adf6e42ba2a1d5f203753fce6fae2f3d82de7da7e3b415,39786,39787
S,Sul,Fio dagua,JACUI,JIUHCA,CASTRO ALVES,97,2022-06-09 08:00:00,241.17,149.85,235.84,692.0,707.0,159.0,528.0,20.0,0.0,,outputs/ons-reserva-2021-2022-20260922/raw/ons-2022-06.csv,1ce4ed3b7d7514d1e8adf6e42ba2a1d5f203753fce6fae2f3d82de7da7e3b415,39787,39788
S,Sul,Fio dagua,JACUI,JIUHCA,CASTRO ALVES,97,2022-06-09 09:00:00,241.15,149.78,233.52,663.0,693.0,159.0,514.0,20.0,0.0,,outputs/ons-reserva-2021-2022-20260922/raw/ons-2022-06.csv,1ce4ed3b7d7514d1e8adf6e42ba2a1d5f203753fce6fae2f3d82de7da7e3b415,39788,39789
S,Sul,Fio dagua,JACUI,JIUHCA,CASTRO ALVES,97,2022-06-09 10:00:00,241.13,149.78,231.2,649.0,679.0,159.0,500.0,20.0,0.0,,outputs/ons-reserva-2021-2022-20260922/raw/ons-2022-06.csv,1ce4ed3b7d7514d1e8adf6e42ba2a1d5f203753fce6fae2f3d82de7da7e3b415,39789,39790
S,Sul,Fio dagua,JACUI,JIUHCA,CASTRO ALVES,97,2022-06-09 11:00:00,241.12,149.71,230.04,657.0,672.0,159.0,493.0,20.0,0.0,,outputs/ons-reserva-2021-2022-20260922/raw/ons-2022-06.csv,1ce4ed3b7d7514d1e8adf6e42ba2a1d5f203753fce6fae2f3d82de7da7e3b415,39790,39791
S,Sul,Fio dagua,JACUI,JIUHCA,CASTRO ALVES,97,2022-06-09 12:00:00,241.1,149.71,227.71,629.0,658.0,159.0,479.0,20.0,0.0,,outputs/ons-reserva-2021-2022-20260922/raw/ons-2022-06.csv,1ce4ed3b7d7514d1e8adf6e42ba2a1d5f203753fce6fae2f3d82de7da7e3b415,39791,39792
S,Sul,Fio dagua,JACUI,JIUHCA,CASTRO ALVES,97,2022-06-09 13:00:00,241.09,149.64,226.55,637.0,651.0,159.0,472.0,20.0,0.0,,outputs/ons-reserva-2021-2022-20260922/raw/ons-2022-06.csv,1ce4ed3b7d7514d1e8adf6e42ba2a1d5f203753fce6fae2f3d82de7da7e3b415,39792,39793
S,Sul,Fio dagua,JACUI,JIUHCA,CASTRO ALVES,97,2022-06-09 14:00:00,241.07,149.64,224.23,608.0,638.0,159.0,459.0,20.0,0.0,,outputs/ons-reserva-2021-2022-20260922/raw/ons-2022-06.csv,1ce4ed3b7d7514d1e8adf6e42ba2a1d5f203753fce6fae2f3d82de7da7e3b415,39793,39794
S,Sul,Fio dagua,JACUI,JIUHCA,CASTRO ALVES,97,2022-06-09 15:00:00,241.05,149.63,221.91,595.0,625.0,159.0,446.0,20.0,0.0,,outputs/ons-reserva-2021-2022-20260922/raw/ons-2022-06.csv,1ce4ed3b7d7514d1e8adf6e42ba2a1d5f203753fce6fae2f3d82de7da7e3b415,39794,39795
S,Sul,Fio dagua,JACUI,JIUHCA,CASTRO ALVES,97,2022-06-09 16:00:00,241.04,149.57,220.75,603.0,618.0,159.0,439.0,20.0,0.0,,outputs/ons-reserva-2021-2022-20260922/raw/ons-2022-06.csv,1ce4ed3b7d7514d1e8adf6e42ba2a1d5f203753fce6fae2f3d82de7da7e3b415,39795,39796
S,Sul,Fio dagua,JACUI,JIUHCA,CASTRO ALVES,97,2022-06-09 17:00:00,241.03,149.57,219.59,597.0,612.0,159.0,433.0,20.0,0.0,,outputs/ons-reserva-2021-2022-20260922/raw/ons-2022-06.csv,1ce4ed3b7d7514d1e8adf6e42ba2a1d5f203753fce6fae2f3d82de7da7e3b415,39796,39797
S,Sul,Fio dagua,JACUI,JIUHCA,CASTRO ALVES,97,2022-06-09 18:00:00,241.02,149.5,218.43,590.0,605.0,159.0,426.0,20.0,0.0,,outputs/ons-reserva-2021-2022-20260922/raw/ons-2022-06.csv,1ce4ed3b7d7514d1e8adf6e42ba2a1d5f203753fce6fae2f3d82de7da7e3b415,39797,39798
S,Sul,Fio dagua,JACUI,JIUHCA,CASTRO ALVES,97,2022-06-09 19:00:00,241.01,149.5,217.27,584.0,599.0,159.0,420.0,20.0,0.0,,outputs/ons-reserva-2021-2022-20260922/raw/ons-2022-06.csv,1ce4ed3b7d7514d1e8adf6e42ba2a1d5f203753fce6fae2f3d82de7da7e3b415,39798,39799
S,Sul,Fio dagua,JACUI,JIUHCA,CASTRO ALVES,97,2022-06-09 20:00:00,240.99,149.5,214.94,556.0,586.0,159.0,407.0,20.0,0.0,,outputs/ons-reserva-2021-2022-20260922/raw/ons-2022-06.csv,1ce4ed3b7d7514d1e8adf6e42ba2a1d5f203753fce6fae2f3d82de7da7e3b415,39799,39800
S,Sul,Fio dagua,JACUI,JIUHCA,CASTRO ALVES,97,2022-06-09 21:00:00,240.98,149.43,213.78,564.0,579.0,159.0,400.0,20.0,0.0,,outputs/ons-reserva-2021-2022-20260922/raw/ons-2022-06.csv,1ce4ed3b7d7514d1e8adf6e42ba2a1d5f203753fce6fae2f3d82de7da7e3b415,39800,39801
S,Sul,Fio dagua,JACUI,JIUHCA,CASTRO ALVES,97,2022-06-09 22:00:00,240.96,149.43,211.46,536.0,566.0,159.0,387.0,20.0,0.0,,outputs/ons-reserva-2021-2022-20260922/raw/ons-2022-06.csv,1ce4ed3b7d7514d1e8adf6e42ba2a1d5f203753fce6fae2f3d82de7da7e3b415,39801,39802
S,Sul,Fio dagua,JACUI,JIUHCA,CASTRO ALVES,97,2022-06-09 23:00:00,240.95,149.43,210.3,545.0,560.0,159.0,381.0,20.0,0.0,,outputs/ons-reserva-2021-2022-20260922/raw/ons-2022-06.csv,1ce4ed3b7d7514d1e8adf6e42ba2a1d5f203753fce6fae2f3d82de7da7e3b415,39802,39803
S,Sul,Fio dagua,JACUI,JIUHCA,CASTRO ALVES,97,2022-06-09 23:59:00,240.94,149.36,209.14,538.0,553.0,159.0,374.0,20.0,0.0,,outputs/ons-reserva-2021-2022-20260922/raw/ons-2022-06.csv,1ce4ed3b7d7514d1e8adf6e42ba2a1d5f203753fce6fae2f3d82de7da7e3b415,39803,39804
S,Sul,Fio dagua,JACUI,JIUHCA,CASTRO ALVES,97,2022-06-10 01:00:00,240.93,149.36,207.98,532.0,547.0,159.0,368.0,20.0,0.0,,outputs/ons-reserva-2021-2022-20260922/raw/ons-2022-06.csv,1ce4ed3b7d7514d1e8adf6e42ba2a1d5f203753fce6fae2f3d82de7da7e3b415,39804,39805
S,Sul,Fio dagua,JACUI,JIUHCA,CASTRO ALVES,97,2022-06-10 02:00:00,240.92,149.29,206.82,525.0,540.0,159.0,361.0,20.0,0.0,,outputs/ons-reserva-2021-2022-20260922/raw/ons-2022-06.csv,1ce4ed3b7d7514d1e8adf6e42ba2a1d5f203753fce6fae2f3d82de7da7e3b415,39805,39806
S,Sul,Fio dagua,JACUI,JIUHCA,CASTRO ALVES,97,2022-06-10 03:00:00,240.91,149.29,205.65,519.0,534.0,159.0,355.0,20.0,0.0,,outputs/ons-reserva-2021-2022-20260922/raw/ons-2022-06.csv,1ce4ed3b7d7514d1e8adf6e42ba2a1d5f203753fce6fae2f3d82de7da7e3b415,39806,39807
S,Sul,Fio dagua,JACUI,JIUHCA,CASTRO ALVES,97,2022-06-10 04:00:00,240.9,149.3,204.49,512.0,527.0,159.0,349.0,20.0,0.0,,outputs/ons-reserva-2021-2022-20260922/raw/ons-2022-06.csv,1ce4ed3b7d7514d1e8adf6e42ba2a1d5f203753fce6fae2f3d82de7da7e3b415,39807,39808
S,Sul,Fio dagua,JACUI,JIUHCA,CASTRO ALVES,97,2022-06-10 05:00:00,240.89,149.29,203.33,506.0,521.0,159.0,342.0,20.0,0.0,,outputs/ons-reserva-2021-2022-20260922/raw/ons-2022-06.csv,1ce4ed3b7d7514d1e8adf6e42ba2a1d5f203753fce6fae2f3d82de7da7e3b415,39808,39809
S,Sul,Fio dagua,JACUI,JIUHCA,CASTRO ALVES,97,2022-06-10 06:00:00,240.87,149.23,201.01,479.0,508.0,159.0,330.0,20.0,0.0,,outputs/ons-reserva-2021-2022-20260922/raw/ons-2022-06.csv,1ce4ed3b7d7514d1e8adf6e42ba2a1d5f203753fce6fae2f3d82de7da7e3b415,39809,39810
S,Sul,Fio dagua,JACUI,JIUHCA,CASTRO ALVES,97,2022-06-10 07:00:00,240.86,149.23,199.85,488.0,502.0,159.0,324.0,20.0,0.0,,outputs/ons-reserva-2021-2022-20260922/raw/ons-2022-06.csv,1ce4ed3b7d7514d1e8adf6e42ba2a1d5f203753fce6fae2f3d82de7da7e3b415,39810,39811
S,Sul,Fio dagua,JACUI,JIUHCA,CASTRO ALVES,97,2022-06-10 08:00:00,240.85,149.23,198.69,481.0,496.0,158.0,318.0,20.0,0.0,,outputs/ons-reserva-2021-2022-20260922/raw/ons-2022-06.csv,1ce4ed3b7d7514d1e8adf6e42ba2a1d5f203753fce6fae2f3d82de7da7e3b415,39811,39812
S,Sul,Fio dagua,JACUI,JIUHCA,CASTRO ALVES,97,2022-06-10 09:00:00,240.84,149.23,197.53,475.0,490.0,158.0,312.0,20.0,0.0,,outputs/ons-reserva-2021-2022-20260922/raw/ons-2022-06.csv,1ce4ed3b7d7514d1e8adf6e42ba2a1d5f203753fce6fae2f3d82de7da7e3b415,39812,39813
S,Sul,Fio dagua,JACUI,JIUHCA,CASTRO ALVES,97,2022-06-10 10:00:00,240.83,149.16,196.37,469.0,484.0,158.0,306.0,20.0,0.0,,outputs/ons-reserva-2021-2022-20260922/raw/ons-2022-06.csv,1ce4ed3b7d7514d1e8adf6e42ba2a1d5f203753fce6fae2f3d82de7da7e3b415,39813,39814
S,Sul,Fio dagua,JACUI,JIUHCA,CASTRO ALVES,97,2022-06-10 11:00:00,240.83,149.16,196.37,484.0,484.0,158.0,306.0,20.0,0.0,,outputs/ons-reserva-2021-2022-20260922/raw/ons-2022-06.csv,1ce4ed3b7d7514d1e8adf6e42ba2a1d5f203753fce6fae2f3d82de7da7e3b415,39814,39815
S,Sul,Fio dagua,JACUI,JIUHCA,CASTRO ALVES,97,2022-06-10 12:00:00,240.82,149.16,195.21,463.0,478.0,158.0,300.0,20.0,0.0,,outputs/ons-reserva-2021-2022-20260922/raw/ons-2022-06.csv,1ce4ed3b7d7514d1e8adf6e42ba2a1d5f203753fce6fae2f3d82de7da7e3b415,39815,39816
S,Sul,Fio dagua,JACUI,JIUHCA,CASTRO ALVES,97,2022-06-10 13:00:00,240.81,149.16,194.04,457.0,472.0,158.0,294.0,20.0,0.0,,outputs/ons-reserva-2021-2022-20260922/raw/ons-2022-06.csv,1ce4ed3b7d7514d1e8adf6e42ba2a1d5f203753fce6fae2f3d82de7da7e3b415,39816,39817
S,Sul,Fio dagua,JACUI,JIUHCA,CASTRO ALVES,97,2022-06-10 14:00:00,240.8,149.09,192.88,451.0,466.0,158.0,288.0,20.0,0.0,,outputs/ons-reserva-2021-2022-20260922/raw/ons-2022-06.csv,1ce4ed3b7d7514d1e8adf6e42ba2a1d5f203753fce6fae2f3d82de7da7e3b415,39817,39818
S,Sul,Fio dagua,JACUI,JIUHCA,CASTRO ALVES,97,2022-06-10 15:00:00,240.79,149.09,191.72,445.0,460.0,158.0,282.0,20.0,0.0,,outputs/ons-reserva-2021-2022-20260922/raw/ons-2022-06.csv,1ce4ed3b7d7514d1e8adf6e42ba2a1d5f203753fce6fae2f3d82de7da7e3b415,39818,39819
S,Sul,Fio dagua,JACUI,JIUHCA,CASTRO ALVES,97,2022-06-10 16:00:00,240.78,149.09,190.56,440.0,455.0,158.0,277.0,20.0,0.0,,outputs/ons-reserva-2021-2022-20260922/raw/ons-2022-06.csv,1ce4ed3b7d7514d1e8adf6e42ba2a1d5f203753fce6fae2f3d82de7da7e3b415,39819,39820
S,Sul,Fio dagua,JACUI,JIUHCA,CASTRO ALVES,97,2022-06-10 17:00:00,240.77,149.09,189.4,434.0,449.0,158.0,271.0,20.0,0.0,,outputs/ons-reserva-2021-2022-20260922/raw/ons-2022-06.csv,1ce4ed3b7d7514d1e8adf6e42ba2a1d5f203753fce6fae2f3d82de7da7e3b415,39820,39821
S,Sul,Fio dagua,JACUI,JIUHCA,CASTRO ALVES,97,2022-06-10 18:00:00,240.76,149.09,188.24,428.0,443.0,158.0,265.0,20.0,0.0,,outputs/ons-reserva-2021-2022-20260922/raw/ons-2022-06.csv,1ce4ed3b7d7514d1e8adf6e42ba2a1d5f203753fce6fae2f3d82de7da7e3b415,39821,39822
S,Sul,Fio dagua,JACUI,JIUHCA,CASTRO ALVES,97,2022-06-10 19:00:00,240.75,149.02,187.08,423.0,437.0,158.0,260.0,20.0,0.0,,outputs/ons-reserva-2021-2022-20260922/raw/ons-2022-06.csv,1ce4ed3b7d7514d1e8adf6e42ba2a1d5f203753fce6fae2f3d82de7da7e3b415,39822,39823
S,Sul,Fio dagua,JACUI,JIUHCA,CASTRO ALVES,97,2022-06-10 20:00:00,240.74,149.02,185.92,417.0,432.0,158.0,254.0,20.0,0.0,,outputs/ons-reserva-2021-2022-20260922/raw/ons-2022-06.csv,1ce4ed3b7d7514d1e8adf6e42ba2a1d5f203753fce6fae2f3d82de7da7e3b415,39823,39824
S,Sul,Fio dagua,JACUI,JIUHCA,CASTRO ALVES,97,2022-06-10 21:00:00,240.73,149.02,184.76,412.0,427.0,158.0,249.0,20.0,0.0,,outputs/ons-reserva-2021-2022-20260922/raw/ons-2022-06.csv,1ce4ed3b7d7514d1e8adf6e42ba2a1d5f203753fce6fae2f3d82de7da7e3b415,39824,39825
S,Sul,Fio dagua,JACUI,JIUHCA,CASTRO ALVES,97,2022-06-10 22:00:00,240.73,149.02,184.76,427.0,427.0,158.0,249.0,20.0,0.0,,outputs/ons-reserva-2021-2022-20260922/raw/ons-2022-06.csv,1ce4ed3b7d7514d1e8adf6e42ba2a1d5f203753fce6fae2f3d82de7da7e3b415,39825,39826
S,Sul,Fio dagua,JACUI,JIUHCA,CASTRO ALVES,97,2022-06-10 23:00:00,240.72,148.95,183.59,406.0,421.0,158.0,243.0,20.0,0.0,,outputs/ons-reserva-2021-2022-20260922/raw/ons-2022-06.csv,1ce4ed3b7d7514d1e8adf6e42ba2a1d5f203753fce6fae2f3d82de7da7e3b415,39826,39827
S,Sul,Fio dagua,JACUI,JIUHCA,CASTRO ALVES,97,2022-06-10 23:59:00,240.71,148.95,182.43,401.0,416.0,158.0,238.0,20.0,0.0,,outputs/ons-reserva-2021-2022-20260922/raw/ons-2022-06.csv,1ce4ed3b7d7514d1e8adf6e42ba2a1d5f203753fce6fae2f3d82de7da7e3b415,39827,39828
S,Sul,Fio dagua,JACUI,JIUHCA,CASTRO ALVES,97,2022-06-11 01:00:00,240.71,148.95,182.43,416.0,416.0,158.0,238.0,20.0,0.0,,outputs/ons-reserva-2021-2022-20260922/raw/ons-2022-06.csv,1ce4ed3b7d7514d1e8adf6e42ba2a1d5f203753fce6fae2f3d82de7da7e3b415,39828,39829
S,Sul,Fio dagua,JACUI,JIUHCA,CASTRO ALVES,97,2022-06-11 02:00:00,240.69,148.95,180.11,375.0,405.0,158.0,227.0,20.0,0.0,,outputs/ons-reserva-2021-2022-20260922/raw/ons-2022-06.csv,1ce4ed3b7d7514d1e8adf6e42ba2a1d5f203753fce6fae2f3d82de7da7e3b415,39829,39830
S,Sul,Fio dagua,JACUI,JIUHCA,CASTRO ALVES,97,2022-06-11 03:00:00,240.69,148.95,180.11,405.0,405.0,158.0,227.0,20.0,0.0,,outputs/ons-reserva-2021-2022-20260922/raw/ons-2022-06.csv,1ce4ed3b7d7514d1e8adf6e42ba2a1d5f203753fce6fae2f3d82de7da7e3b415,39830,39831
S,Sul,Fio dagua,JACUI,JIUHCA,CASTRO ALVES,97,2022-06-11 04:00:00,240.68,148.95,178.95,385.0,400.0,158.0,222.0,20.0,0.0,,outputs/ons-reserva-2021-2022-20260922/raw/ons-2022-06.csv,1ce4ed3b7d7514d1e8adf6e42ba2a1d5f203753fce6fae2f3d82de7da7e3b415,39831,39832
S,Sul,Fio dagua,JACUI,JIUHCA,CASTRO ALVES,97,2022-06-11 05:00:00,240.67,148.88,177.79,380.0,394.0,158.0,217.0,20.0,0.0,,outputs/ons-reserva-2021-2022-20260922/raw/ons-2022-06.csv,1ce4ed3b7d7514d1e8adf6e42ba2a1d5f203753fce6fae2f3d82de7da7e3b415,39832,39833
S,Sul,Fio dagua,JACUI,JIUHCA,CASTRO ALVES,97,2022-06-11 06:00:00,240.66,148.88,176.63,374.0,389.0,158.0,212.0,20.0,0.0,,outputs/ons-reserva-2021-2022-20260922/raw/ons-2022-06.csv,1ce4ed3b7d7514d1e8adf6e42ba2a1d5f203753fce6fae2f3d82de7da7e3b415,39833,39834
S,Sul,Fio dagua,JACUI,JIUHCA,CASTRO ALVES,97,2022-06-11 07:00:00,240.65,148.88,175.47,369.0,384.0,158.0,207.0,20.0,0.0,,outputs/ons-reserva-2021-2022-20260922/raw/ons-2022-06.csv,1ce4ed3b7d7514d1e8adf6e42ba2a1d5f203753fce6fae2f3d82de7da7e3b415,39834,39835
S,Sul,Fio dagua,JACUI,JIUHCA,CASTRO ALVES,97,2022-06-11 08:00:00,240.65,148.82,175.47,384.0,384.0,158.0,207.0,20.0,0.0,,outputs/ons-reserva-2021-2022-20260922/raw/ons-2022-06.csv,1ce4ed3b7d7514d1e8adf6e42ba2a1d5f203753fce6fae2f3d82de7da7e3b415,39835,39836
S,Sul,Fio dagua,JACUI,JIUHCA,CASTRO ALVES,97,2022-06-11 09:00:00,240.64,148.82,174.31,364.0,379.0,158.0,202.0,20.0,0.0,,outputs/ons-reserva-2021-2022-20260922/raw/ons-2022-06.csv,1ce4ed3b7d7514d1e8adf6e42ba2a1d5f203753fce6fae2f3d82de7da7e3b415,39836,39837
S,Sul,Fio dagua,JACUI,JIUHCA,CASTRO ALVES,97,2022-06-11 10:00:00,240.63,148.82,173.15,359.0,374.0,158.0,197.0,20.0,0.0,,outputs/ons-reserva-2021-2022-20260922/raw/ons-2022-06.csv,1ce4ed3b7d7514d1e8adf6e42ba2a1d5f203753fce6fae2f3d82de7da7e3b415,39837,39838
S,Sul,Fio dagua,JACUI,JIUHCA,CASTRO ALVES,97,2022-06-11 11:00:00,240.63,148.82,173.15,374.0,374.0,158.0,197.0,20.0,0.0,,outputs/ons-reserva-2021-2022-20260922/raw/ons-2022-06.csv,1ce4ed3b7d7514d1e8adf6e42ba2a1d5f203753fce6fae2f3d82de7da7e3b415,39838,39839
S,Sul,Fio dagua,JACUI,JIUHCA,CASTRO ALVES,97,2022-06-11 12:00:00,240.62,148.82,171.98,354.0,369.0,158.0,192.0,20.0,0.0,,outputs/ons-reserva-2021-2022-20260922/raw/ons-2022-06.csv,1ce4ed3b7d7514d1e8adf6e42ba2a1d5f203753fce6fae2f3d82de7da7e3b415,39839,39840
S,Sul,Fio dagua,JACUI,JIUHCA,CASTRO ALVES,97,2022-06-11 13:00:00,240.61,148.82,170.82,349.0,364.0,158.0,187.0,20.0,0.0,,outputs/ons-reserva-2021-2022-20260922/raw/ons-2022-06.csv,1ce4ed3b7d7514d1e8adf6e42ba2a1d5f203753fce6fae2f3d82de7da7e3b415,39840,39841
S,Sul,Fio dagua,JACUI,JIUHCA,CASTRO ALVES,97,2022-06-11 14:00:00,240.6,148.75,169.66,345.0,360.0,159.0,182.0,19.0,0.0,,outputs/ons-reserva-2021-2022-20260922/raw/ons-2022-06.csv,1ce4ed3b7d7514d1e8adf6e42ba2a1d5f203753fce6fae2f3d82de7da7e3b415,39841,39842
S,Sul,Fio dagua,JACUI,JIUHCA,CASTRO ALVES,97,2022-06-11 15:00:00,240.59,148.75,168.5,340.0,355.0,159.0,177.0,19.0,0.0,,outputs/ons-reserva-2021-2022-20260922/raw/ons-2022-06.csv,1ce4ed3b7d7514d1e8adf6e42ba2a1d5f203753fce6fae2f3d82de7da7e3b415,39842,39843
S,Sul,Fio dagua,JACUI,JIUHCA,CASTRO ALVES,97,2022-06-11 16:00:00,240.59,148.75,168.5,355.0,355.0,159.0,177.0,19.0,0.0,,outputs/ons-reserva-2021-2022-20260922/raw/ons-2022-06.csv,1ce4ed3b7d7514d1e8adf6e42ba2a1d5f203753fce6fae2f3d82de7da7e3b415,39843,39844
S,Sul,Fio dagua,JACUI,JIUHCA,CASTRO ALVES,97,2022-06-11 17:00:00,240.58,148.75,167.34,335.0,350.0,159.0,172.0,19.0,0.0,,outputs/ons-reserva-2021-2022-20260922/raw/ons-2022-06.csv,1ce4ed3b7d7514d1e8adf6e42ba2a1d5f203753fce6fae2f3d82de7da7e3b415,39844,39845
S,Sul,Fio dagua,JACUI,JIUHCA,CASTRO ALVES,97,2022-06-11 18:00:00,240.57,148.75,166.18,331.0,346.0,159.0,168.0,19.0,0.0,,outputs/ons-reserva-2021-2022-20260922/raw/ons-2022-06.csv,1ce4ed3b7d7514d1e8adf6e42ba2a1d5f203753fce6fae2f3d82de7da7e3b415,39845,39846
S,Sul,Fio dagua,JACUI,JIUHCA,CASTRO ALVES,97,2022-06-11 19:00:00,240.56,148.68,165.02,326.0,341.0,158.0,163.0,19.0,0.0,,outputs/ons-reserva-2021-2022-20260922/raw/ons-2022-06.csv,1ce4ed3b7d7514d1e8adf6e42ba2a1d5f203753fce6fae2f3d82de7da7e3b415,39846,39847
S,Sul,Fio dagua,JACUI,JIUHCA,CASTRO ALVES,97,2022-06-11 20:00:00,240.56,148.68,165.02,341.0,341.0,158.0,163.0,19.0,0.0,,outputs/ons-reserva-2021-2022-20260922/raw/ons-2022-06.csv,1ce4ed3b7d7514d1e8adf6e42ba2a1d5f203753fce6fae2f3d82de7da7e3b415,39847,39848
S,Sul,Fio dagua,JACUI,JIUHCA,CASTRO ALVES,97,2022-06-11 21:00:00,240.55,148.68,163.86,321.0,336.0,158.0,158.0,19.0,0.0,,outputs/ons-reserva-2021-2022-20260922/raw/ons-2022-06.csv,1ce4ed3b7d7514d1e8adf6e42ba2a1d5f203753fce6fae2f3d82de7da7e3b415,39848,39849
S,Sul,Fio dagua,JACUI,JIUHCA,CASTRO ALVES,97,2022-06-11 22:00:00,240.54,148.68,162.7,317.0,332.0,158.0,154.0,19.0,0.0,,outputs/ons-reserva-2021-2022-20260922/raw/ons-2022-06.csv,1ce4ed3b7d7514d1e8adf6e42ba2a1d5f203753fce6fae2f3d82de7da7e3b415,39849,39850
S,Sul,Fio dagua,JACUI,JIUHCA,CASTRO ALVES,97,2022-06-11 23:00:00,240.53,148.68,161.54,312.0,327.0,159.0,149.0,19.0,0.0,,outputs/ons-reserva-2021-2022-20260922/raw/ons-2022-06.csv,1ce4ed3b7d7514d1e8adf6e42ba2a1d5f203753fce6fae2f3d82de7da7e3b415,39850,39851
S,Sul,Fio dagua,JACUI,JIUHCA,CASTRO ALVES,97,2022-06-11 23:59:00,240.53,148.68,161.54,327.0,327.0,159.0,149.0,19.0,0.0,,outputs/ons-reserva-2021-2022-20260922/raw/ons-2022-06.csv,1ce4ed3b7d7514d1e8adf6e42ba2a1d5f203753fce6fae2f3d82de7da7e3b415,39851,39852
S,Sul,Fio dagua,JACUI,JIUHCA,CASTRO ALVES,97,2022-06-12 01:00:00,240.52,148.62,160.37,308.0,323.0,158.0,145.0,19.0,0.0,,outputs/ons-reserva-2021-2022-20260922/raw/ons-2022-06.csv,1ce4ed3b7d7514d1e8adf6e42ba2a1d5f203753fce6fae2f3d82de7da7e3b415,39852,39853
S,Sul,Fio dagua,JACUI,JIUHCA,CASTRO ALVES,97,2022-06-12 02:00:00,240.52,148.62,160.37,323.0,323.0,158.0,145.0,19.0,0.0,,outputs/ons-reserva-2021-2022-20260922/raw/ons-2022-06.csv,1ce4ed3b7d7514d1e8adf6e42ba2a1d5f203753fce6fae2f3d82de7da7e3b415,39853,39854
S,Sul,Fio dagua,JACUI,JIUHCA,CASTRO ALVES,97,2022-06-12 03:00:00,240.51,148.62,159.21,303.0,318.0,158.0,140.0,19.0,0.0,,outputs/ons-reserva-2021-2022-20260922/raw/ons-2022-06.csv,1ce4ed3b7d7514d1e8adf6e42ba2a1d5f203753fce6fae2f3d82de7da7e3b415,39854,39855
S,Sul,Fio dagua,JACUI,JIUHCA,CASTRO ALVES,97,2022-06-12 04:00:00,240.5,148.62,158.05,299.0,314.0,159.0,136.0,19.0,0.0,,outputs/ons-reserva-2021-2022-20260922/raw/ons-2022-06.csv,1ce4ed3b7d7514d1e8adf6e42ba2a1d5f203753fce6fae2f3d82de7da7e3b415,39855,39856
S,Sul,Fio dagua,JACUI,JIUHCA,CASTRO ALVES,97,2022-06-12 05:00:00,240.49,148.62,156.89,295.0,310.0,159.0,132.0,19.0,0.0,,outputs/ons-reserva-2021-2022-20260922/raw/ons-2022-06.csv,1ce4ed3b7d7514d1e8adf6e42ba2a1d5f203753fce6fae2f3d82de7da7e3b415,39856,39857
S,Sul,Fio dagua,JACUI,JIUHCA,CASTRO ALVES,97,2022-06-12 06:00:00,240.49,148.61,156.89,310.0,310.0,159.0,132.0,19.0,0.0,,outputs/ons-reserva-2021-2022-20260922/raw/ons-2022-06.csv,1ce4ed3b7d7514d1e8adf6e42ba2a1d5f203753fce6fae2f3d82de7da7e3b415,39857,39858
S,Sul,Fio dagua,JACUI,JIUHCA,CASTRO ALVES,97,2022-06-12 07:00:00,240.48,148.54,155.73,291.0,305.0,158.0,128.0,19.0,0.0,,outputs/ons-reserva-2021-2022-20260922/raw/ons-2022-06.csv,1ce4ed3b7d7514d1e8adf6e42ba2a1d5f203753fce6fae2f3d82de7da7e3b415,39858,39859
S,Sul,Fio dagua,JACUI,JIUHCA,CASTRO ALVES,97,2022-06-12 08:00:00,240.47,148.54,154.57,286.0,301.0,158.0,123.0,19.0,0.0,,outputs/ons-reserva-2021-2022-20260922/raw/ons-2022-06.csv,1ce4ed3b7d7514d1e8adf6e42ba2a1d5f203753fce6fae2f3d82de7da7e3b415,39859,39860
S,Sul,Fio dagua,JACUI,JIUHCA,CASTRO ALVES,97,2022-06-12 09:00:00,240.47,148.54,154.57,301.0,301.0,158.0,123.0,19.0,0.0,,outputs/ons-reserva-2021-2022-20260922/raw/ons-2022-06.csv,1ce4ed3b7d7514d1e8adf6e42ba2a1d5f203753fce6fae2f3d82de7da7e3b415,39860,39861
S,Sul,Fio dagua,JACUI,JIUHCA,CASTRO ALVES,97,2022-06-12 10:00:00,240.46,148.54,153.41,282.0,297.0,158.0,119.0,19.0,0.0,,outputs/ons-reserva-2021-2022-20260922/raw/ons-2022-06.csv,1ce4ed3b7d7514d1e8adf6e42ba2a1d5f203753fce6fae2f3d82de7da7e3b415,39861,39862
S,Sul,Fio dagua,JACUI,JIUHCA,CASTRO ALVES,97,2022-06-12 11:00:00,240.46,148.54,153.41,297.0,297.0,158.0,119.0,19.0,0.0,,outputs/ons-reserva-2021-2022-20260922/raw/ons-2022-06.csv,1ce4ed3b7d7514d1e8adf6e42ba2a1d5f203753fce6fae2f3d82de7da7e3b415,39862,39863
S,Sul,Fio dagua,JACUI,JIUHCA,CASTRO ALVES,97,2022-06-12 12:00:00,240.45,148.54,152.25,278.0,293.0,158.0,115.0,19.0,0.0,,outputs/ons-reserva-2021-2022-20260922/raw/ons-2022-06.csv,1ce4ed3b7d7514d1e8adf6e42ba2a1d5f203753fce6fae2f3d82de7da7e3b415,39863,39864
S,Sul,Fio dagua,JACUI,JIUHCA,CASTRO ALVES,97,2022-06-12 13:00:00,240.45,148.47,152.25,293.0,293.0,158.0,115.0,19.0,0.0,,outputs/ons-reserva-2021-2022-20260922/raw/ons-2022-06.csv,1ce4ed3b7d7514d1e8adf6e42ba2a1d5f203753fce6fae2f3d82de7da7e3b415,39864,39865
S,Sul,Fio dagua,JACUI,JIUHCA,CASTRO ALVES,97,2022-06-12 14:00:00,240.44,148.47,151.09,274.0,289.0,158.0,111.0,19.0,0.0,,outputs/ons-reserva-2021-2022-20260922/raw/ons-2022-06.csv,1ce4ed3b7d7514d1e8adf6e42ba2a1d5f203753fce6fae2f3d82de7da7e3b415,39865,39866
S,Sul,Fio dagua,JACUI,JIUHCA,CASTRO ALVES,97,2022-06-12 15:00:00,240.44,148.47,151.09,289.0,289.0,158.0,111.0,19.0,0.0,,outputs/ons-reserva-2021-2022-20260922/raw/ons-2022-06.csv,1ce4ed3b7d7514d1e8adf6e42ba2a1d5f203753fce6fae2f3d82de7da7e3b415,39866,39867
S,Sul,Fio dagua,JACUI,JIUHCA,CASTRO ALVES,97,2022-06-12 16:00:00,240.43,148.47,149.92,270.0,285.0,158.0,107.0,19.0,0.0,,outputs/ons-reserva-2021-2022-20260922/raw/ons-2022-06.csv,1ce4ed3b7d7514d1e8adf6e42ba2a1d5f203753fce6fae2f3d82de7da7e3b415,39867,39868
S,Sul,Fio dagua,JACUI,JIUHCA,CASTRO ALVES,97,2022-06-12 17:00:00,240.42,148.47,148.76,266.0,281.0,158.0,103.0,19.0,0.0,,outputs/ons-reserva-2021-2022-20260922/raw/ons-2022-06.csv,1ce4ed3b7d7514d1e8adf6e42ba2a1d5f203753fce6fae2f3d82de7da7e3b415,39868,39869
S,Sul,Fio dagua,JACUI,JIUHCA,CASTRO ALVES,97,2022-06-12 18:00:00,240.42,148.47,148.76,281.0,281.0,158.0,103.0,19.0,0.0,,outputs/ons-reserva-2021-2022-20260922/raw/ons-2022-06.csv,1ce4ed3b7d7514d1e8adf6e42ba2a1d5f203753fce6fae2f3d82de7da7e3b415,39869,39870
S,Sul,Fio dagua,JACUI,JIUHCA,CASTRO ALVES,97,2022-06-12 19:00:00,240.41,148.47,147.6,262.0,277.0,158.0,100.0,19.0,0.0,,outputs/ons-reserva-2021-2022-20260922/raw/ons-2022-06.csv,1ce4ed3b7d7514d1e8adf6e42ba2a1d5f203753fce6fae2f3d82de7da7e3b415,39870,39871
S,Sul,Fio dagua,JACUI,JIUHCA,CASTRO ALVES,97,2022-06-12 20:00:00,240.4,148.4,146.44,259.0,273.0,158.0,96.0,19.0,0.0,,outputs/ons-reserva-2021-2022-20260922/raw/ons-2022-06.csv,1ce4ed3b7d7514d1e8adf6e42ba2a1d5f203753fce6fae2f3d82de7da7e3b415,39871,39872
S,Sul,Fio dagua,JACUI,JIUHCA,CASTRO ALVES,97,2022-06-12 21:00:00,240.4,148.4,146.44,273.0,273.0,158.0,96.0,19.0,0.0,,outputs/ons-reserva-2021-2022-20260922/raw/ons-2022-06.csv,1ce4ed3b7d7514d1e8adf6e42ba2a1d5f203753fce6fae2f3d82de7da7e3b415,39872,39873
S,Sul,Fio dagua,JACUI,JIUHCA,CASTRO ALVES,97,2022-06-12 22:00:00,240.39,148.4,145.28,255.0,270.0,158.0,92.0,19.0,0.0,,outputs/ons-reserva-2021-2022-20260922/raw/ons-2022-06.csv,1ce4ed3b7d7514d1e8adf6e42ba2a1d5f203753fce6fae2f3d82de7da7e3b415,39873,39874
S,Sul,Fio dagua,JACUI,JIUHCA,CASTRO ALVES,97,2022-06-12 23:00:00,240.39,148.4,145.28,270.0,270.0,158.0,92.0,19.0,0.0,,outputs/ons-reserva-2021-2022-20260922/raw/ons-2022-06.csv,1ce4ed3b7d7514d1e8adf6e42ba2a1d5f203753fce6fae2f3d82de7da7e3b415,39874,39875
S,Sul,Fio dagua,JACUI,JIUHCA,CASTRO ALVES,97,2022-06-12 23:59:00,240.39,148.4,145.28,270.0,270.0,158.0,92.0,19.0,0.0,,outputs/ons-reserva-2021-2022-20260922/raw/ons-2022-06.csv,1ce4ed3b7d7514d1e8adf6e42ba2a1d5f203753fce6fae2f3d82de7da7e3b415,39875,39876
S,Sul,Fio dagua,JACUI,JIUHCA,CASTRO ALVES,97,2022-06-13 01:00:00,240.38,148.33,144.12,251.0,266.0,158.0,88.0,19.0,0.0,,outputs/ons-reserva-2021-2022-20260922/raw/ons-2022-06.csv,1ce4ed3b7d7514d1e8adf6e42ba2a1d5f203753fce6fae2f3d82de7da7e3b415,39876,39877
S,Sul,Fio dagua,JACUI,JIUHCA,CASTRO ALVES,97,2022-06-13 02:00:00,240.38,148.33,144.12,266.0,266.0,158.0,88.0,19.0,0.0,,outputs/ons-reserva-2021-2022-20260922/raw/ons-2022-06.csv,1ce4ed3b7d7514d1e8adf6e42ba2a1d5f203753fce6fae2f3d82de7da7e3b415,39877,39878
S,Sul,Fio dagua,JACUI,JIUHCA,CASTRO ALVES,97,2022-06-13 03:00:00,240.37,148.33,142.96,247.0,262.0,158.0,85.0,19.0,0.0,,outputs/ons-reserva-2021-2022-20260922/raw/ons-2022-06.csv,1ce4ed3b7d7514d1e8adf6e42ba2a1d5f203753fce6fae2f3d82de7da7e3b415,39878,39879
S,Sul,Fio dagua,JACUI,JIUHCA,CASTRO ALVES,97,2022-06-13 04:00:00,240.36,148.33,141.8,244.0,259.0,158.0,81.0,19.0,0.0,,outputs/ons-reserva-2021-2022-20260922/raw/ons-2022-06.csv,1ce4ed3b7d7514d1e8adf6e42ba2a1d5f203753fce6fae2f3d82de7da7e3b415,39879,39880
S,Sul,Fio dagua,JACUI,JIUHCA,CASTRO ALVES,97,2022-06-13 05:00:00,240.36,148.33,141.8,259.0,259.0,158.0,81.0,19.0,0.0,,outputs/ons-reserva-2021-2022-20260922/raw/ons-2022-06.csv,1ce4ed3b7d7514d1e8adf6e42ba2a1d5f203753fce6fae2f3d82de7da7e3b415,39880,39881
S,Sul,Fio dagua,JACUI,JIUHCA,CASTRO ALVES,97,2022-06-13 06:00:00,240.35,148.33,140.64,240.0,255.0,158.0,78.0,19.0,0.0,,outputs/ons-reserva-2021-2022-20260922/raw/ons-2022-06.csv,1ce4ed3b7d7514d1e8adf6e42ba2a1d5f203753fce6fae2f3d82de7da7e3b415,39881,39882
S,Sul,Fio dagua,JACUI,JIUHCA,CASTRO ALVES,97,2022-06-13 07:00:00,240.35,148.33,140.64,255.0,255.0,158.0,78.0,19.0,0.0,,outputs/ons-reserva-2021-2022-20260922/raw/ons-2022-06.csv,1ce4ed3b7d7514d1e8adf6e42ba2a1d5f203753fce6fae2f3d82de7da7e3b415,39882,39883
S,Sul,Fio dagua,JACUI,JIUHCA,CASTRO ALVES,97,2022-06-13 08:00:00,240.34,148.33,139.48,237.0,252.0,158.0,74.0,19.0,0.0,,outputs/ons-reserva-2021-2022-20260922/raw/ons-2022-06.csv,1ce4ed3b7d7514d1e8adf6e42ba2a1d5f203753fce6fae2f3d82de7da7e3b415,39883,39884
S,Sul,Fio dagua,JACUI,JIUHCA,CASTRO ALVES,97,2022-06-13 09:00:00,240.33,148.26,138.31,234.0,248.0,158.0,71.0,19.0,0.0,,outputs/ons-reserva-2021-2022-20260922/raw/ons-2022-06.csv,1ce4ed3b7d7514d1e8adf6e42ba2a1d5f203753fce6fae2f3d82de7da7e3b415,39884,39885
S,Sul,Fio dagua,JACUI,JIUHCA,CASTRO ALVES,97,2022-06-13 10:00:00,240.33,148.26,138.31,248.0,248.0,158.0,71.0,19.0,0.0,,outputs/ons-reserva-2021-2022-20260922/raw/ons-2022-06.csv,1ce4ed3b7d7514d1e8adf6e42ba2a1d5f203753fce6fae2f3d82de7da7e3b415,39885,39886
S,Sul,Fio dagua,JACUI,JIUHCA,CASTRO ALVES,97,2022-06-13 11:00:00,240.33,148.26,138.31,248.0,248.0,158.0,71.0,19.0,0.0,,outputs/ons-reserva-2021-2022-20260922/raw/ons-2022-06.csv,1ce4ed3b7d7514d1e8adf6e42ba2a1d5f203753fce6fae2f3d82de7da7e3b415,39886,39887
S,Sul,Fio dagua,JACUI,JIUHCA,CASTRO ALVES,97,2022-06-13 12:00:00,240.32,148.26,137.15,230.0,245.0,158.0,68.0,19.0,0.0,,outputs/ons-reserva-2021-2022-20260922/raw/ons-2022-06.csv,1ce4ed3b7d7514d1e8adf6e42ba2a1d5f203753fce6fae2f3d82de7da7e3b415,39887,39888
S,Sul,Fio dagua,JACUI,JIUHCA,CASTRO ALVES,97,2022-06-13 13:00:00,240.32,148.26,137.15,245.0,245.0,158.0,68.0,19.0,0.0,,outputs/ons-reserva-2021-2022-20260922/raw/ons-2022-06.csv,1ce4ed3b7d7514d1e8adf6e42ba2a1d5f203753fce6fae2f3d82de7da7e3b415,39888,39889
S,Sul,Fio dagua,JACUI,JIUHCA,CASTRO ALVES,97,2022-06-13 14:00:00,240.31,148.26,135.99,227.0,242.0,158.0,64.0,19.0,0.0,,outputs/ons-reserva-2021-2022-20260922/raw/ons-2022-06.csv,1ce4ed3b7d7514d1e8adf6e42ba2a1d5f203753fce6fae2f3d82de7da7e3b415,39889,39890
S,Sul,Fio dagua,JACUI,JIUHCA,CASTRO ALVES,97,2022-06-13 15:00:00,240.31,148.19,135.99,241.0,241.0,158.0,64.0,19.0,0.0,,outputs/ons-reserva-2021-2022-20260922/raw/ons-2022-06.csv,1ce4ed3b7d7514d1e8adf6e42ba2a1d5f203753fce6fae2f3d82de7da7e3b415,39890,39891
S,Sul,Fio dagua,JACUI,JIUHCA,CASTRO ALVES,97,2022-06-13 16:00:00,240.3,148.19,134.83,223.0,238.0,158.0,61.0,19.0,0.0,,outputs/ons-reserva-2021-2022-20260922/raw/ons-2022-06.csv,1ce4ed3b7d7514d1e8adf6e42ba2a1d5f203753fce6fae2f3d82de7da7e3b415,39891,39892
S,Sul,Fio dagua,JACUI,JIUHCA,CASTRO ALVES,97,2022-06-13 17:00:00,240.3,148.19,134.83,238.0,238.0,158.0,61.0,19.0,0.0,,outputs/ons-reserva-2021-2022-20260922/raw/ons-2022-06.csv,1ce4ed3b7d7514d1e8adf6e42ba2a1d5f203753fce6fae2f3d82de7da7e3b415,39892,39893
S,Sul,Fio dagua,JACUI,JIUHCA,CASTRO ALVES,97,2022-06-13 18:00:00,240.29,148.19,133.67,220.0,235.0,158.0,58.0,19.0,0.0,,outputs/ons-reserva-2021-2022-20260922/raw/ons-2022-06.csv,1ce4ed3b7d7514d1e8adf6e42ba2a1d5f203753fce6fae2f3d82de7da7e3b415,39893,39894
S,Sul,Fio dagua,JACUI,JIUHCA,CASTRO ALVES,97,2022-06-13 19:00:00,240.29,148.19,133.67,235.0,235.0,158.0,58.0,19.0,0.0,,outputs/ons-reserva-2021-2022-20260922/raw/ons-2022-06.csv,1ce4ed3b7d7514d1e8adf6e42ba2a1d5f203753fce6fae2f3d82de7da7e3b415,39894,39895
S,Sul,Fio dagua,JACUI,JIUHCA,CASTRO ALVES,97,2022-06-13 20:00:00,240.29,148.19,133.67,235.0,235.0,158.0,58.0,19.0,0.0,,outputs/ons-reserva-2021-2022-20260922/raw/ons-2022-06.csv,1ce4ed3b7d7514d1e8adf6e42ba2a1d5f203753fce6fae2f3d82de7da7e3b415,39895,39896
S,Sul,Fio dagua,JACUI,JIUHCA,CASTRO ALVES,97,2022-06-13 21:00:00,240.29,148.12,133.67,235.0,235.0,158.0,58.0,19.0,0.0,,outputs/ons-reserva-2021-2022-20260922/raw/ons-2022-06.csv,1ce4ed3b7d7514d1e8adf6e42ba2a1d5f203753fce6fae2f3d82de7da7e3b415,39896,39897
S,Sul,Fio dagua,JACUI,JIUHCA,CASTRO ALVES,97,2022-06-13 22:00:00,240.28,148.12,132.51,217.0,232.0,158.0,55.0,19.0,0.0,,outputs/ons-reserva-2021-2022-20260922/raw/ons-2022-06.csv,1ce4ed3b7d7514d1e8adf6e42ba2a1d5f203753fce6fae2f3d82de7da7e3b415,39897,39898
S,Sul,Fio dagua,JACUI,JIUHCA,CASTRO ALVES,97,2022-06-13 23:00:00,240.27,148.12,131.35,214.0,229.0,158.0,52.0,19.0,0.0,,outputs/ons-reserva-2021-2022-20260922/raw/ons-2022-06.csv,1ce4ed3b7d7514d1e8adf6e42ba2a1d5f203753fce6fae2f3d82de7da7e3b415,39898,39899
S,Sul,Fio dagua,JACUI,JIUHCA,CASTRO ALVES,97,2022-06-13 23:59:00,240.27,148.12,131.35,229.0,229.0,158.0,52.0,19.0,0.0,,outputs/ons-reserva-2021-2022-20260922/raw/ons-2022-06.csv,1ce4ed3b7d7514d1e8adf6e42ba2a1d5f203753fce6fae2f3d82de7da7e3b415,39899,39900
S,Sul,Fio dagua,JACUI,JIUHCA,CASTRO ALVES,97,2022-06-14 01:00:00,240.27,148.12,131.35,229.0,229.0,158.0,52.0,19.0,0.0,,outputs/ons-reserva-2021-2022-20260922/raw/ons-2022-06.csv,1ce4ed3b7d7514d1e8adf6e42ba2a1d5f203753fce6fae2f3d82de7da7e3b415,39900,39901
S,Sul,Fio dagua,JACUI,JIUHCA,CASTRO ALVES,97,2022-06-14 02:00:00,240.26,148.1,130.19,211.0,226.0,158.0,49.0,19.0,0.0,,outputs/ons-reserva-2021-2022-20260922/raw/ons-2022-06.csv,1ce4ed3b7d7514d1e8adf6e42ba2a1d5f203753fce6fae2f3d82de7da7e3b415,39901,39902
S,Sul,Fio dagua,JACUI,JIUHCA,CASTRO ALVES,97,2022-06-14 03:00:00,240.25,148.1,129.03,208.0,223.0,158.0,46.0,19.0,0.0,,outputs/ons-reserva-2021-2022-20260922/raw/ons-2022-06.csv,1ce4ed3b7d7514d1e8adf6e42ba2a1d5f203753fce6fae2f3d82de7da7e3b415,39902,39903
S,Sul,Fio dagua,JACUI,JIUHCA,CASTRO ALVES,97,2022-06-14 04:00:00,240.25,148.1,129.03,223.0,223.0,158.0,46.0,19.0,0.0,,outputs/ons-reserva-2021-2022-20260922/raw/ons-2022-06.csv,1ce4ed3b7d7514d1e8adf6e42ba2a1d5f203753fce6fae2f3d82de7da7e3b415,39903,39904
S,Sul,Fio dagua,JACUI,JIUHCA,CASTRO ALVES,97,2022-06-14 05:00:00,240.25,148.1,129.03,223.0,223.0,158.0,46.0,19.0,0.0,,outputs/ons-reserva-2021-2022-20260922/raw/ons-2022-06.csv,1ce4ed3b7d7514d1e8adf6e42ba2a1d5f203753fce6fae2f3d82de7da7e3b415,39904,39905
S,Sul,Fio dagua,JACUI,JIUHCA,CASTRO ALVES,97,2022-06-14 06:00:00,240.25,148.0,129.03,223.0,223.0,157.0,46.0,19.0,0.0,,outputs/ons-reserva-2021-2022-20260922/raw/ons-2022-06.csv,1ce4ed3b7d7514d1e8adf6e42ba2a1d5f203753fce6fae2f3d82de7da7e3b415,39905,39906
S,Sul,Fio dagua,JACUI,JIUHCA,CASTRO ALVES,97,2022-06-14 07:00:00,240.25,147.99,129.03,222.0,222.0,157.0,46.0,19.0,0.0,,outputs/ons-reserva-2021-2022-20260922/raw/ons-2022-06.csv,1ce4ed3b7d7514d1e8adf6e42ba2a1d5f203753fce6fae2f3d82de7da7e3b415,39906,39907
S,Sul,Fio dagua,JACUI,JIUHCA,CASTRO ALVES,97,2022-06-14 08:00:00,240.24,147.99,127.86,205.0,220.0,157.0,43.0,19.0,0.0,,outputs/ons-reserva-2021-2022-20260922/raw/ons-2022-06.csv,1ce4ed3b7d7514d1e8adf6e42ba2a1d5f203753fce6fae2f3d82de7da7e3b415,39907,39908
S,Sul,Fio dagua,JACUI,JIUHCA,CASTRO ALVES,97,2022-06-14 09:00:00,240.24,147.92,127.86,220.0,220.0,157.0,43.0,19.0,0.0,,outputs/ons-reserva-2021-2022-20260922/raw/ons-2022-06.csv,1ce4ed3b7d7514d1e8adf6e42ba2a1d5f203753fce6fae2f3d82de7da7e3b415,39908,39909
S,Sul,Fio dagua,JACUI,JIUHCA,CASTRO ALVES,97,2022-06-14 10:00:00,240.23,147.92,126.7,202.0,217.0,157.0,40.0,19.0,0.0,,outputs/ons-reserva-2021-2022-20260922/raw/ons-2022-06.csv,1ce4ed3b7d7514d1e8adf6e42ba2a1d5f203753fce6fae2f3d82de7da7e3b415,39909,39910
S,Sul,Fio dagua,JACUI,JIUHCA,CASTRO ALVES,97,2022-06-14 11:00:00,240.23,147.85,126.7,217.0,217.0,157.0,40.0,19.0,0.0,,outputs/ons-reserva-2021-2022-20260922/raw/ons-2022-06.csv,1ce4ed3b7d7514d1e8adf6e42ba2a1d5f203753fce6fae2f3d82de7da7e3b415,39910,39911
S,Sul,Fio dagua,JACUI,JIUHCA,CASTRO ALVES,97,2022-06-14 12:00:00,240.23,147.85,126.7,217.0,217.0,157.0,40.0,19.0,0.0,,outputs/ons-reserva-2021-2022-20260922/raw/ons-2022-06.csv,1ce4ed3b7d7514d1e8adf6e42ba2a1d5f203753fce6fae2f3d82de7da7e3b415,39911,39912
S,Sul,Fio dagua,JACUI,JIUHCA,CASTRO ALVES,97,2022-06-14 13:00:00,240.23,147.78,126.7,217.0,217.0,157.0,40.0,19.0,0.0,,outputs/ons-reserva-2021-2022-20260922/raw/ons-2022-06.csv,1ce4ed3b7d7514d1e8adf6e42ba2a1d5f203753fce6fae2f3d82de7da7e3b415,39912,39913
S,Sul,Fio dagua,JACUI,JIUHCA,CASTRO ALVES,97,2022-06-14 14:00:00,240.23,147.78,126.7,217.0,217.0,157.0,40.0,19.0,0.0,,outputs/ons-reserva-2021-2022-20260922/raw/ons-2022-06.csv,1ce4ed3b7d7514d1e8adf6e42ba2a1d5f203753fce6fae2f3d82de7da7e3b415,39913,39914
S,Sul,Fio dagua,JACUI,JIUHCA,CASTRO ALVES,97,2022-06-14 15:00:00,240.22,147.22,125.54,198.0,213.0,156.0,38.0,19.0,0.0,,outputs/ons-reserva-2021-2022-20260922/raw/ons-2022-06.csv,1ce4ed3b7d7514d1e8adf6e42ba2a1d5f203753fce6fae2f3d82de7da7e3b415,39914,39915
S,Sul,Fio dagua,JACUI,JIUHCA,CASTRO ALVES,97,2022-06-14 16:00:00,240.22,147.72,125.54,214.0,214.0,157.0,38.0,19.0,0.0,,outputs/ons-reserva-2021-2022-20260922/raw/ons-2022-06.csv,1ce4ed3b7d7514d1e8adf6e42ba2a1d5f203753fce6fae2f3d82de7da7e3b415,39915,39916
S,Sul,Fio dagua,JACUI,JIUHCA,CASTRO ALVES,97,2022-06-14 17:00:00,240.21,147.65,124.38,196.0,211.0,157.0,35.0,19.0,0.0,,outputs/ons-reserva-2021-2022-20260922/raw/ons-2022-06.csv,1ce4ed3b7d7514d1e8adf6e42ba2a1d5f203753fce6fae2f3d82de7da7e3b415,39916,39917
S,Sul,Fio dagua,JACUI,JIUHCA,CASTRO ALVES,97,2022-06-14 18:00:00,240.21,147.65,124.38,211.0,211.0,157.0,35.0,19.0,0.0,,outputs/ons-reserva-2021-2022-20260922/raw/ons-2022-06.csv,1ce4ed3b7d7514d1e8adf6e42ba2a1d5f203753fce6fae2f3d82de7da7e3b415,39917,39918
S,Sul,Fio dagua,JACUI,JIUHCA,CASTRO ALVES,97,2022-06-14 19:00:00,240.21,147.58,124.38,211.0,211.0,157.0,35.0,19.0,0.0,,outputs/ons-reserva-2021-2022-20260922/raw/ons-2022-06.csv,1ce4ed3b7d7514d1e8adf6e42ba2a1d5f203753fce6fae2f3d82de7da7e3b415,39918,39919
S,Sul,Fio dagua,JACUI,JIUHCA,CASTRO ALVES,97,2022-06-14 20:00:00,240.21,147.58,124.38,211.0,211.0,157.0,35.0,19.0,0.0,,outputs/ons-reserva-2021-2022-20260922/raw/ons-2022-06.csv,1ce4ed3b7d7514d1e8adf6e42ba2a1d5f203753fce6fae2f3d82de7da7e3b415,39919,39920
S,Sul,Fio dagua,JACUI,JIUHCA,CASTRO ALVES,97,2022-06-14 21:00:00,240.21,147.58,124.38,211.0,211.0,157.0,35.0,19.0,0.0,,outputs/ons-reserva-2021-2022-20260922/raw/ons-2022-06.csv,1ce4ed3b7d7514d1e8adf6e42ba2a1d5f203753fce6fae2f3d82de7da7e3b415,39920,39921
S,Sul,Fio dagua,JACUI,JIUHCA,CASTRO ALVES,97,2022-06-14 22:00:00,240.2,147.58,123.22,193.0,208.0,157.0,33.0,19.0,0.0,,outputs/ons-reserva-2021-2022-20260922/raw/ons-2022-06.csv,1ce4ed3b7d7514d1e8adf6e42ba2a1d5f203753fce6fae2f3d82de7da7e3b415,39921,39922
S,Sul,Fio dagua,JACUI,JIUHCA,CASTRO ALVES,97,2022-06-14 23:00:00,240.2,147.51,123.22,208.0,208.0,156.0,33.0,19.0,0.0,,outputs/ons-reserva-2021-2022-20260922/raw/ons-2022-06.csv,1ce4ed3b7d7514d1e8adf6e42ba2a1d5f203753fce6fae2f3d82de7da7e3b415,39922,39923
S,Sul,Fio dagua,JACUI,JIUHCA,CASTRO ALVES,97,2022-06-14 23:59:00,240.2,147.51,123.22,208.0,208.0,157.0,33.0,19.0,0.0,,outputs/ons-reserva-2021-2022-20260922/raw/ons-2022-06.csv,1ce4ed3b7d7514d1e8adf6e42ba2a1d5f203753fce6fae2f3d82de7da7e3b415,39923,39924
S,Sul,Fio dagua,JACUI,JIUHCA,CASTRO ALVES,97,2022-06-15 01:00:00,240.2,147.51,123.22,208.0,208.0,157.0,33.0,19.0,0.0,,outputs/ons-reserva-2021-2022-20260922/raw/ons-2022-06.csv,1ce4ed3b7d7514d1e8adf6e42ba2a1d5f203753fce6fae2f3d82de7da7e3b415,39924,39925
S,Sul,Fio dagua,JACUI,JIUHCA,CASTRO ALVES,97,2022-06-15 02:00:00,240.2,147.51,123.22,208.0,208.0,157.0,33.0,19.0,0.0,,outputs/ons-reserva-2021-2022-20260922/raw/ons-2022-06.csv,1ce4ed3b7d7514d1e8adf6e42ba2a1d5f203753fce6fae2f3d82de7da7e3b415,39925,39926
S,Sul,Fio dagua,JACUI,JIUHCA,CASTRO ALVES,97,2022-06-15 03:00:00,240.19,147.58,122.06,191.0,206.0,157.0,30.0,19.0,0.0,,outputs/ons-reserva-2021-2022-20260922/raw/ons-2022-06.csv,1ce4ed3b7d7514d1e8adf6e42ba2a1d5f203753fce6fae2f3d82de7da7e3b415,39926,39927
S,Sul,Fio dagua,JACUI,JIUHCA,CASTRO ALVES,97,2022-06-15 04:00:00,240.19,147.65,122.06,206.0,206.0,157.0,30.0,19.0,0.0,,outputs/ons-reserva-2021-2022-20260922/raw/ons-2022-06.csv,1ce4ed3b7d7514d1e8adf6e42ba2a1d5f203753fce6fae2f3d82de7da7e3b415,39927,39928
S,Sul,Fio dagua,JACUI,JIUHCA,CASTRO ALVES,97,2022-06-15 05:00:00,240.18,147.8,120.9,189.0,204.0,157.0,28.0,19.0,0.0,,outputs/ons-reserva-2021-2022-20260922/raw/ons-2022-06.csv,1ce4ed3b7d7514d1e8adf6e42ba2a1d5f203753fce6fae2f3d82de7da7e3b415,39928,39929
S,Sul,Fio dagua,JACUI,JIUHCA,CASTRO ALVES,97,2022-06-15 06:00:00,240.18,147.8,120.9,204.0,204.0,157.0,28.0,19.0,0.0,,outputs/ons-reserva-2021-2022-20260922/raw/ons-2022-06.csv,1ce4ed3b7d7514d1e8adf6e42ba2a1d5f203753fce6fae2f3d82de7da7e3b415,39929,39930
S,Sul,Fio dagua,JACUI,JIUHCA,CASTRO ALVES,97,2022-06-15 07:00:00,240.18,147.94,120.9,204.0,204.0,157.0,28.0,19.0,0.0,,outputs/ons-reserva-2021-2022-20260922/raw/ons-2022-06.csv,1ce4ed3b7d7514d1e8adf6e42ba2a1d5f203753fce6fae2f3d82de7da7e3b415,39930,39931
S,Sul,Fio dagua,JACUI,JIUHCA,CASTRO ALVES,97,2022-06-15 08:00:00,240.17,147.94,119.74,187.0,202.0,157.0,25.0,19.0,0.0,,outputs/ons-reserva-2021-2022-20260922/raw/ons-2022-06.csv,1ce4ed3b7d7514d1e8adf6e42ba2a1d5f203753fce6fae2f3d82de7da7e3b415,39931,39932
S,Sul,Fio dagua,JACUI,JIUHCA,CASTRO ALVES,97,2022-06-15 09:00:00,240.17,147.94,119.74,202.0,202.0,157.0,25.0,19.0,0.0,,outputs/ons-reserva-2021-2022-20260922/raw/ons-2022-06.csv,1ce4ed3b7d7514d1e8adf6e42ba2a1d5f203753fce6fae2f3d82de7da7e3b415,39932,39933
S,Sul,Fio dagua,JACUI,JIUHCA,CASTRO ALVES,97,2022-06-15 10:00:00,240.17,147.87,119.74,202.0,202.0,157.0,25.0,19.0,0.0,,outputs/ons-reserva-2021-2022-20260922/raw/ons-2022-06.csv,1ce4ed3b7d7514d1e8adf6e42ba2a1d5f203753fce6fae2f3d82de7da7e3b415,39933,39934
S,Sul,Fio dagua,JACUI,JIUHCA,CASTRO ALVES,97,2022-06-15 11:00:00,240.17,147.87,119.74,202.0,202.0,157.0,25.0,19.0,0.0,,outputs/ons-reserva-2021-2022-20260922/raw/ons-2022-06.csv,1ce4ed3b7d7514d1e8adf6e42ba2a1d5f203753fce6fae2f3d82de7da7e3b415,39934,39935
S,Sul,Fio dagua,JACUI,JIUHCA,CASTRO ALVES,97,2022-06-15 12:00:00,240.17,147.8,119.74,202.0,202.0,157.0,25.0,19.0,0.0,,outputs/ons-reserva-2021-2022-20260922/raw/ons-2022-06.csv,1ce4ed3b7d7514d1e8adf6e42ba2a1d5f203753fce6fae2f3d82de7da7e3b415,39935,39936
S,Sul,Fio dagua,JACUI,JIUHCA,CASTRO ALVES,97,2022-06-15 13:00:00,240.17,147.69,119.74,201.0,201.0,157.0,25.0,19.0,0.0,,outputs/ons-reserva-2021-2022-20260922/raw/ons-2022-06.csv,1ce4ed3b7d7514d1e8adf6e42ba2a1d5f203753fce6fae2f3d82de7da7e3b415,39936,39937
S,Sul,Fio dagua,JACUI,JIUHCA,CASTRO ALVES,97,2022-06-15 14:00:00,240.17,147.67,119.74,201.0,201.0,157.0,25.0,19.0,0.0,,outputs/ons-reserva-2021-2022-20260922/raw/ons-2022-06.csv,1ce4ed3b7d7514d1e8adf6e42ba2a1d5f203753fce6fae2f3d82de7da7e3b415,39937,39938
S,Sul,Fio dagua,JACUI,JIUHCA,CASTRO ALVES,97,2022-06-15 15:00:00,240.17,147.67,119.74,201.0,201.0,157.0,25.0,19.0,0.0,,outputs/ons-reserva-2021-2022-20260922/raw/ons-2022-06.csv,1ce4ed3b7d7514d1e8adf6e42ba2a1d5f203753fce6fae2f3d82de7da7e3b415,39938,39939
S,Sul,Fio dagua,JACUI,JIUHCA,CASTRO ALVES,97,2022-06-15 16:00:00,240.17,147.59,119.74,201.0,201.0,157.0,25.0,19.0,0.0,,outputs/ons-reserva-2021-2022-20260922/raw/ons-2022-06.csv,1ce4ed3b7d7514d1e8adf6e42ba2a1d5f203753fce6fae2f3d82de7da7e3b415,39939,39940
S,Sul,Fio dagua,JACUI,JIUHCA,CASTRO ALVES,97,2022-06-15 17:00:00,240.17,147.59,119.74,201.0,201.0,157.0,25.0,19.0,0.0,,outputs/ons-reserva-2021-2022-20260922/raw/ons-2022-06.csv,1ce4ed3b7d7514d1e8adf6e42ba2a1d5f203753fce6fae2f3d82de7da7e3b415,39940,39941
S,Sul,Fio dagua,JACUI,JIUHCA,CASTRO ALVES,97,2022-06-15 18:00:00,240.17,147.59,119.74,201.0,201.0,157.0,25.0,19.0,0.0,,outputs/ons-reserva-2021-2022-20260922/raw/ons-2022-06.csv,1ce4ed3b7d7514d1e8adf6e42ba2a1d5f203753fce6fae2f3d82de7da7e3b415,39941,39942
S,Sul,Fio dagua,JACUI,JIUHCA,CASTRO ALVES,97,2022-06-15 19:00:00,240.15,147.59,117.42,167.0,197.0,157.0,21.0,19.0,0.0,,outputs/ons-reserva-2021-2022-20260922/raw/ons-2022-06.csv,1ce4ed3b7d7514d1e8adf6e42ba2a1d5f203753fce6fae2f3d82de7da7e3b415,39942,39943
S,Sul,Fio dagua,JACUI,JIUHCA,CASTRO ALVES,97,2022-06-15 20:00:00,240.15,147.59,117.42,197.0,197.0,157.0,21.0,19.0,0.0,,outputs/ons-reserva-2021-2022-20260922/raw/ons-2022-06.csv,1ce4ed3b7d7514d1e8adf6e42ba2a1d5f203753fce6fae2f3d82de7da7e3b415,39943,39944
S,Sul,Fio dagua,JACUI,JIUHCA,CASTRO ALVES,97,2022-06-15 21:00:00,240.14,147.52,116.25,180.0,195.0,157.0,19.0,19.0,0.0,,outputs/ons-reserva-2021-2022-20260922/raw/ons-2022-06.csv,1ce4ed3b7d7514d1e8adf6e42ba2a1d5f203753fce6fae2f3d82de7da7e3b415,39944,39945
S,Sul,Fio dagua,JACUI,JIUHCA,CASTRO ALVES,97,2022-06-15 22:00:00,240.12,147.52,113.93,161.0,191.0,157.0,15.0,19.0,0.0,,outputs/ons-reserva-2021-2022-20260922/raw/ons-2022-06.csv,1ce4ed3b7d7514d1e8adf6e42ba2a1d5f203753fce6fae2f3d82de7da7e3b415,39945,39946
S,Sul,Fio dagua,JACUI,JIUHCA,CASTRO ALVES,97,2022-06-15 23:00:00,240.11,147.52,112.77,174.0,189.0,157.0,13.0,19.0,0.0,,outputs/ons-reserva-2021-2022-20260922/raw/ons-2022-06.csv,1ce4ed3b7d7514d1e8adf6e42ba2a1d5f203753fce6fae2f3d82de7da7e3b415,39946,39947
S,Sul,Fio dagua,JACUI,JIUHCA,CASTRO ALVES,97,2022-06-15 23:59:00,240.11,147.52,112.77,189.0,189.0,157.0,13.0,19.0,0.0,,outputs/ons-reserva-2021-2022-20260922/raw/ons-2022-06.csv,1ce4ed3b7d7514d1e8adf6e42ba2a1d5f203753fce6fae2f3d82de7da7e3b415,39947,39948
S,Sul,Fio dagua,JACUI,JIUHCA,CASTRO ALVES,97,2022-06-16 01:00:00,240.11,147.52,112.77,189.0,189.0,157.0,13.0,19.0,0.0,,outputs/ons-reserva-2021-2022-20260922/raw/ons-2022-06.csv,1ce4ed3b7d7514d1e8adf6e42ba2a1d5f203753fce6fae2f3d82de7da7e3b415,39948,39949
S,Sul,Fio dagua,JACUI,JIUHCA,CASTRO ALVES,97,2022-06-16 02:00:00,240.1,147.52,111.61,172.0,187.0,157.0,11.0,19.0,0.0,,outputs/ons-reserva-2021-2022-20260922/raw/ons-2022-06.csv,1ce4ed3b7d7514d1e8adf6e42ba2a1d5f203753fce6fae2f3d82de7da7e3b415,39949,39950
S,Sul,Fio dagua,JACUI,JIUHCA,CASTRO ALVES,97,2022-06-16 03:00:00,240.1,147.6,111.61,187.0,187.0,157.0,11.0,19.0,0.0,,outputs/ons-reserva-2021-2022-20260922/raw/ons-2022-06.csv,1ce4ed3b7d7514d1e8adf6e42ba2a1d5f203753fce6fae2f3d82de7da7e3b415,39950,39951
S,Sul,Fio dagua,JACUI,JIUHCA,CASTRO ALVES,97,2022-06-16 04:00:00,240.09,147.6,110.45,171.0,186.0,157.0,10.0,19.0,0.0,,outputs/ons-reserva-2021-2022-20260922/raw/ons-2022-06.csv,1ce4ed3b7d7514d1e8adf6e42ba2a1d5f203753fce6fae2f3d82de7da7e3b415,39951,39952
S,Sul,Fio dagua,JACUI,JIUHCA,CASTRO ALVES,97,2022-06-16 05:00:00,240.09,147.6,110.45,186.0,186.0,157.0,10.0,19.0,0.0,,outputs/ons-reserva-2021-2022-20260922/raw/ons-2022-06.csv,1ce4ed3b7d7514d1e8adf6e42ba2a1d5f203753fce6fae2f3d82de7da7e3b415,39952,39953
S,Sul,Fio dagua,JACUI,JIUHCA,CASTRO ALVES,97,2022-06-16 06:00:00,240.09,147.68,110.45,186.0,186.0,157.0,10.0,19.0,0.0,,outputs/ons-reserva-2021-2022-20260922/raw/ons-2022-06.csv,1ce4ed3b7d7514d1e8adf6e42ba2a1d5f203753fce6fae2f3d82de7da7e3b415,39953,39954
S,Sul,Fio dagua,JACUI,JIUHCA,CASTRO ALVES,97,2022-06-16 07:00:00,240.09,147.74,110.45,186.0,186.0,157.0,10.0,19.0,0.0,,outputs/ons-reserva-2021-2022-20260922/raw/ons-2022-06.csv,1ce4ed3b7d7514d1e8adf6e42ba2a1d5f203753fce6fae2f3d82de7da7e3b415,39954,39955
S,Sul,Fio dagua,JACUI,JIUHCA,CASTRO ALVES,97,2022-06-16 08:00:00,240.09,147.81,110.45,186.0,186.0,157.0,10.0,19.0,0.0,,outputs/ons-reserva-2021-2022-20260922/raw/ons-2022-06.csv,1ce4ed3b7d7514d1e8adf6e42ba2a1d5f203753fce6fae2f3d82de7da7e3b415,39955,39956
S,Sul,Fio dagua,JACUI,JIUHCA,CASTRO ALVES,97,2022-06-16 09:00:00,240.08,147.81,109.29,170.0,184.0,157.0,8.0,19.0,0.0,,outputs/ons-reserva-2021-2022-20260922/raw/ons-2022-06.csv,1ce4ed3b7d7514d1e8adf6e42ba2a1d5f203753fce6fae2f3d82de7da7e3b415,39956,39957
S,Sul,Fio dagua,JACUI,JIUHCA,CASTRO ALVES,97,2022-06-16 10:00:00,240.08,147.74,109.29,184.0,184.0,157.0,8.0,19.0,0.0,,outputs/ons-reserva-2021-2022-20260922/raw/ons-2022-06.csv,1ce4ed3b7d7514d1e8adf6e42ba2a1d5f203753fce6fae2f3d82de7da7e3b415,39957,39958
S,Sul,Fio dagua,JACUI,JIUHCA,CASTRO ALVES,97,2022-06-16 11:00:00,240.08,147.74,109.29,184.0,184.0,157.0,8.0,19.0,0.0,,outputs/ons-reserva-2021-2022-20260922/raw/ons-2022-06.csv,1ce4ed3b7d7514d1e8adf6e42ba2a1d5f203753fce6fae2f3d82de7da7e3b415,39958,39959
S,Sul,Fio dagua,JACUI,JIUHCA,CASTRO ALVES,97,2022-06-16 12:00:00,240.07,147.74,108.13,168.0,183.0,157.0,7.0,19.0,0.0,,outputs/ons-reserva-2021-2022-20260922/raw/ons-2022-06.csv,1ce4ed3b7d7514d1e8adf6e42ba2a1d5f203753fce6fae2f3d82de7da7e3b415,39959,39960
S,Sul,Fio dagua,JACUI,JIUHCA,CASTRO ALVES,97,2022-06-16 13:00:00,240.07,147.67,108.13,183.0,183.0,157.0,7.0,19.0,0.0,,outputs/ons-reserva-2021-2022-20260922/raw/ons-2022-06.csv,1ce4ed3b7d7514d1e8adf6e42ba2a1d5f203753fce6fae2f3d82de7da7e3b415,39960,39961
S,Sul,Fio dagua,JACUI,JIUHCA,CASTRO ALVES,97,2022-06-16 14:00:00,240.07,147.67,108.13,183.0,183.0,157.0,7.0,19.0,0.0,,outputs/ons-reserva-2021-2022-20260922/raw/ons-2022-06.csv,1ce4ed3b7d7514d1e8adf6e42ba2a1d5f203753fce6fae2f3d82de7da7e3b415,39961,39962
S,Sul,Fio dagua,JACUI,JIUHCA,CASTRO ALVES,97,2022-06-16 15:00:00,240.06,147.6,106.97,167.0,181.0,157.0,5.0,19.0,0.0,,outputs/ons-reserva-2021-2022-20260922/raw/ons-2022-06.csv,1ce4ed3b7d7514d1e8adf6e42ba2a1d5f203753fce6fae2f3d82de7da7e3b415,39962,39963
S,Sul,Fio dagua,JACUI,JIUHCA,CASTRO ALVES,97,2022-06-16 16:00:00,240.07,147.6,108.13,198.0,183.0,157.0,7.0,19.0,0.0,,outputs/ons-reserva-2021-2022-20260922/raw/ons-2022-06.csv,1ce4ed3b7d7514d1e8adf6e42ba2a1d5f203753fce6fae2f3d82de7da7e3b415,39963,39964
S,Sul,Fio dagua,JACUI,JIUHCA,CASTRO ALVES,97,2022-06-16 17:00:00,240.06,147.6,106.97,167.0,181.0,157.0,5.0,19.0,0.0,,outputs/ons-reserva-2021-2022-20260922/raw/ons-2022-06.csv,1ce4ed3b7d7514d1e8adf6e42ba2a1d5f203753fce6fae2f3d82de7da7e3b415,39964,39965
S,Sul,Fio dagua,JACUI,JIUHCA,CASTRO ALVES,97,2022-06-16 18:00:00,240.06,147.6,106.97,181.0,181.0,157.0,5.0,19.0,0.0,,outputs/ons-reserva-2021-2022-20260922/raw/ons-2022-06.csv,1ce4ed3b7d7514d1e8adf6e42ba2a1d5f203753fce6fae2f3d82de7da7e3b415,39965,39966
S,Sul,Fio dagua,JACUI,JIUHCA,CASTRO ALVES,97,2022-06-16 19:00:00,240.06,147.6,106.97,181.0,181.0,157.0,5.0,19.0,0.0,,outputs/ons-reserva-2021-2022-20260922/raw/ons-2022-06.csv,1ce4ed3b7d7514d1e8adf6e42ba2a1d5f203753fce6fae2f3d82de7da7e3b415,39966,39967
S,Sul,Fio dagua,JACUI,JIUHCA,CASTRO ALVES,97,2022-06-16 20:00:00,240.05,147.53,105.81,165.0,180.0,157.0,4.0,19.0,0.0,,outputs/ons-reserva-2021-2022-20260922/raw/ons-2022-06.csv,1ce4ed3b7d7514d1e8adf6e42ba2a1d5f203753fce6fae2f3d82de7da7e3b415,39967,39968
S,Sul,Fio dagua,JACUI,JIUHCA,CASTRO ALVES,97,2022-06-16 21:00:00,240.05,147.53,105.81,180.0,180.0,157.0,4.0,19.0,0.0,,outputs/ons-reserva-2021-2022-20260922/raw/ons-2022-06.csv,1ce4ed3b7d7514d1e8adf6e42ba2a1d5f203753fce6fae2f3d82de7da7e3b415,39968,39969
S,Sul,Fio dagua,JACUI,JIUHCA,CASTRO ALVES,97,2022-06-16 22:00:00,240.05,147.53,105.81,180.0,180.0,157.0,4.0,19.0,0.0,,outputs/ons-reserva-2021-2022-20260922/raw/ons-2022-06.csv,1ce4ed3b7d7514d1e8adf6e42ba2a1d5f203753fce6fae2f3d82de7da7e3b415,39969,39970
S,Sul,Fio dagua,JACUI,JIUHCA,CASTRO ALVES,97,2022-06-16 23:00:00,240.04,147.5,104.64,164.0,178.0,157.0,3.0,19.0,0.0,,outputs/ons-reserva-2021-2022-20260922/raw/ons-2022-06.csv,1ce4ed3b7d7514d1e8adf6e42ba2a1d5f203753fce6fae2f3d82de7da7e3b415,39970,39971
S,Sul,Fio dagua,JACUI,JIUHCA,CASTRO ALVES,97,2022-06-16 23:59:00,240.04,147.53,104.64,178.0,178.0,157.0,3.0,19.0,0.0,,outputs/ons-reserva-2021-2022-20260922/raw/ons-2022-06.csv,1ce4ed3b7d7514d1e8adf6e42ba2a1d5f203753fce6fae2f3d82de7da7e3b415,39971,39972
S,Sul,Fio dagua,JACUI,JIUHCA,CASTRO ALVES,97,2022-06-17 01:00:00,240.03,147.53,103.48,163.0,177.0,157.0,2.0,19.0,0.0,,outputs/ons-reserva-2021-2022-20260922/raw/ons-2022-06.csv,1ce4ed3b7d7514d1e8adf6e42ba2a1d5f203753fce6fae2f3d82de7da7e3b415,39972,39973
S,Sul,Fio dagua,JACUI,JIUHCA,CASTRO ALVES,97,2022-06-17 02:00:00,240.03,147.53,103.48,177.0,177.0,157.0,2.0,19.0,0.0,,outputs/ons-reserva-2021-2022-20260922/raw/ons-2022-06.csv,1ce4ed3b7d7514d1e8adf6e42ba2a1d5f203753fce6fae2f3d82de7da7e3b415,39973,39974
S,Sul,Fio dagua,JACUI,JIUHCA,CASTRO ALVES,97,2022-06-17 03:00:00,240.02,147.53,102.32,162.0,177.0,157.0,1.0,19.0,0.0,,outputs/ons-reserva-2021-2022-20260922/raw/ons-2022-06.csv,1ce4ed3b7d7514d1e8adf6e42ba2a1d5f203753fce6fae2f3d82de7da7e3b415,39974,39975
S,Sul,Fio dagua,JACUI,JIUHCA,CASTRO ALVES,97,2022-06-17 04:00:00,240.03,147.53,103.48,192.0,178.0,157.0,2.0,19.0,0.0,,outputs/ons-reserva-2021-2022-20260922/raw/ons-2022-06.csv,1ce4ed3b7d7514d1e8adf6e42ba2a1d5f203753fce6fae2f3d82de7da7e3b415,39975,39976
S,Sul,Fio dagua,JACUI,JIUHCA,CASTRO ALVES,97,2022-06-17 05:00:00,240.02,147.53,102.32,162.0,177.0,157.0,1.0,19.0,0.0,,outputs/ons-reserva-2021-2022-20260922/raw/ons-2022-06.csv,1ce4ed3b7d7514d1e8adf6e42ba2a1d5f203753fce6fae2f3d82de7da7e3b415,39976,39977
S,Sul,Fio dagua,JACUI,JIUHCA,CASTRO ALVES,97,2022-06-17 06:00:00,240.02,147.6,102.32,177.0,177.0,157.0,1.0,19.0,0.0,,outputs/ons-reserva-2021-2022-20260922/raw/ons-2022-06.csv,1ce4ed3b7d7514d1e8adf6e42ba2a1d5f203753fce6fae2f3d82de7da7e3b415,39977,39978
S,Sul,Fio dagua,JACUI,JIUHCA,CASTRO ALVES,97,2022-06-17 07:00:00,240.03,147.6,103.48,192.0,178.0,157.0,2.0,19.0,0.0,,outputs/ons-reserva-2021-2022-20260922/raw/ons-2022-06.csv,1ce4ed3b7d7514d1e8adf6e42ba2a1d5f203753fce6fae2f3d82de7da7e3b415,39978,39979
S,Sul,Fio dagua,JACUI,JIUHCA,CASTRO ALVES,97,2022-06-17 08:00:00,240.04,147.68,104.64,194.0,179.0,157.0,3.0,19.0,0.0,,outputs/ons-reserva-2021-2022-20260922/raw/ons-2022-06.csv,1ce4ed3b7d7514d1e8adf6e42ba2a1d5f203753fce6fae2f3d82de7da7e3b415,39979,39980
S,Sul,Fio dagua,JACUI,JIUHCA,CASTRO ALVES,97,2022-06-17 09:00:00,240.06,147.61,106.97,211.0,181.0,157.0,5.0,19.0,0.0,,outputs/ons-reserva-2021-2022-20260922/raw/ons-2022-06.csv,1ce4ed3b7d7514d1e8adf6e42ba2a1d5f203753fce6fae2f3d82de7da7e3b415,39980,39981
S,Sul,Fio dagua,JACUI,JIUHCA,CASTRO ALVES,97,2022-06-17 10:00:00,240.09,147.61,110.45,230.0,186.0,157.0,10.0,19.0,0.0,,outputs/ons-reserva-2021-2022-20260922/raw/ons-2022-06.csv,1ce4ed3b7d7514d1e8adf6e42ba2a1d5f203753fce6fae2f3d82de7da7e3b415,39981,39982
S,Sul,Fio dagua,JACUI,JIUHCA,CASTRO ALVES,97,2022-06-17 11:00:00,240.14,147.61,116.25,269.0,195.0,157.0,19.0,19.0,0.0,,outputs/ons-reserva-2021-2022-20260922/raw/ons-2022-06.csv,1ce4ed3b7d7514d1e8adf6e42ba2a1d5f203753fce6fae2f3d82de7da7e3b415,39982,39983
S,Sul,Fio dagua,JACUI,JIUHCA,CASTRO ALVES,97,2022-06-17 12:00:00,240.23,147.61,126.7,350.0,217.0,157.0,40.0,19.0,0.0,,outputs/ons-reserva-2021-2022-20260922/raw/ons-2022-06.csv,1ce4ed3b7d7514d1e8adf6e42ba2a1d5f203753fce6fae2f3d82de7da7e3b415,39983,39984
S,Sul,Fio dagua,JACUI,JIUHCA,CASTRO ALVES,97,2022-06-17 13:00:00,240.32,147.61,137.15,377.0,244.0,157.0,68.0,19.0,0.0,,outputs/ons-reserva-2021-2022-20260922/raw/ons-2022-06.csv,1ce4ed3b7d7514d1e8adf6e42ba2a1d5f203753fce6fae2f3d82de7da7e3b415,39984,39985
S,Sul,Fio dagua,JACUI,JIUHCA,CASTRO ALVES,97,2022-06-17 14:00:00,240.42,147.74,148.76,428.0,280.0,157.0,103.0,19.0,0.0,,outputs/ons-reserva-2021-2022-20260922/raw/ons-2022-06.csv,1ce4ed3b7d7514d1e8adf6e42ba2a1d5f203753fce6fae2f3d82de7da7e3b415,39985,39986
S,Sul,Fio dagua,JACUI,JIUHCA,CASTRO ALVES,97,2022-06-17 15:00:00,240.55,147.96,163.86,527.0,335.0,157.0,158.0,19.0,0.0,,outputs/ons-reserva-2021-2022-20260922/raw/ons-2022-06.csv,1ce4ed3b7d7514d1e8adf6e42ba2a1d5f203753fce6fae2f3d82de7da7e3b415,39986,39987
S,Sul,Fio dagua,JACUI,JIUHCA,CASTRO ALVES,97,2022-06-17 16:00:00,240.7,148.44,181.27,632.0,410.0,157.0,232.0,20.0,0.0,,outputs/ons-reserva-2021-2022-20260922/raw/ons-2022-06.csv,1ce4ed3b7d7514d1e8adf6e42ba2a1d5f203753fce6fae2f3d82de7da7e3b415,39987,39988
S,Sul,Fio dagua,JACUI,JIUHCA,CASTRO ALVES,97,2022-06-17 17:00:00,240.85,148.94,198.69,718.0,496.0,158.0,318.0,20.0,0.0,,outputs/ons-reserva-2021-2022-20260922/raw/ons-2022-06.csv,1ce4ed3b7d7514d1e8adf6e42ba2a1d5f203753fce6fae2f3d82de7da7e3b415,39988,39989
S,Sul,Fio dagua,JACUI,JIUHCA,CASTRO ALVES,97,2022-06-17 18:00:00,240.99,149.37,214.94,792.0,585.0,158.0,407.0,20.0,0.0,,outputs/ons-reserva-2021-2022-20260922/raw/ons-2022-06.csv,1ce4ed3b7d7514d1e8adf6e42ba2a1d5f203753fce6fae2f3d82de7da7e3b415,39989,39990
S,Sul,Fio dagua,JACUI,JIUHCA,CASTRO ALVES,97,2022-06-17 19:00:00,241.23,149.87,242.81,1104.0,749.0,158.0,571.0,20.0,0.0,,outputs/ons-reserva-2021-2022-20260922/raw/ons-2022-06.csv,1ce4ed3b7d7514d1e8adf6e42ba2a1d5f203753fce6fae2f3d82de7da7e3b415,39990,39991
S,Sul,Fio dagua,JACUI,JIUHCA,CASTRO ALVES,97,2022-06-17 20:00:00,241.4,150.21,262.55,1129.0,877.0,158.0,699.0,20.0,0.0,,outputs/ons-reserva-2021-2022-20260922/raw/ons-2022-06.csv,1ce4ed3b7d7514d1e8adf6e42ba2a1d5f203753fce6fae2f3d82de7da7e3b415,39991,39992
S,Sul,Fio dagua,JACUI,JIUHCA,CASTRO ALVES,97,2022-06-17 21:00:00,241.52,150.42,276.48,1152.0,974.0,158.0,796.0,20.0,0.0,,outputs/ons-reserva-2021-2022-20260922/raw/ons-2022-06.csv,1ce4ed3b7d7514d1e8adf6e42ba2a1d5f203753fce6fae2f3d82de7da7e3b415,39992,39993
S,Sul,Fio dagua,JACUI,JIUHCA,CASTRO ALVES,97,2022-06-17 22:00:00,241.64,150.55,290.41,1256.0,1079.0,158.0,901.0,21.0,0.0,,outputs/ons-reserva-2021-2022-20260922/raw/ons-2022-06.csv,1ce4ed3b7d7514d1e8adf6e42ba2a1d5f203753fce6fae2f3d82de7da7e3b415,39993,39994
S,Sul,Fio dagua,JACUI,JIUHCA,CASTRO ALVES,97,2022-06-17 23:00:00,241.68,150.55,295.05,1174.0,1115.0,157.0,937.0,21.0,0.0,,outputs/ons-reserva-2021-2022-20260922/raw/ons-2022-06.csv,1ce4ed3b7d7514d1e8adf6e42ba2a1d5f203753fce6fae2f3d82de7da7e3b415,39994,39995
S,Sul,Fio dagua,JACUI,JIUHCA,CASTRO ALVES,97,2022-06-17 23:59:00,241.72,150.63,299.7,1212.0,1152.0,158.0,974.0,21.0,0.0,,outputs/ons-reserva-2021-2022-20260922/raw/ons-2022-06.csv,1ce4ed3b7d7514d1e8adf6e42ba2a1d5f203753fce6fae2f3d82de7da7e3b415,39995,39996
S,Sul,Fio dagua,JACUI,JIUHCA,CASTRO ALVES,97,2022-06-18 01:00:00,241.71,150.63,298.54,1128.0,1143.0,158.0,965.0,21.0,0.0,,outputs/ons-reserva-2021-2022-20260922/raw/ons-2022-06.csv,1ce4ed3b7d7514d1e8adf6e42ba2a1d5f203753fce6fae2f3d82de7da7e3b415,39996,39997
S,Sul,Fio dagua,JACUI,JIUHCA,CASTRO ALVES,97,2022-06-18 02:00:00,241.68,150.63,295.05,1071.0,1115.0,158.0,937.0,21.0,0.0,,outputs/ons-reserva-2021-2022-20260922/raw/ons-2022-06.csv,1ce4ed3b7d7514d1e8adf6e42ba2a1d5f203753fce6fae2f3d82de7da7e3b415,39997,39998
S,Sul,Fio dagua,JACUI,JIUHCA,CASTRO ALVES,97,2022-06-18 03:00:00,241.65,150.56,291.57,1043.0,1088.0,157.0,910.0,21.0,0.0,,outputs/ons-reserva-2021-2022-20260922/raw/ons-2022-06.csv,1ce4ed3b7d7514d1e8adf6e42ba2a1d5f203753fce6fae2f3d82de7da7e3b415,39998,39999
S,Sul,Fio dagua,JACUI,JIUHCA,CASTRO ALVES,97,2022-06-18 04:00:00,241.64,150.5,290.41,1064.0,1079.0,157.0,901.0,21.0,0.0,,outputs/ons-reserva-2021-2022-20260922/raw/ons-2022-06.csv,1ce4ed3b7d7514d1e8adf6e42ba2a1d5f203753fce6fae2f3d82de7da7e3b415,39999,40000
S,Sul,Fio dagua,JACUI,JIUHCA,CASTRO ALVES,97,2022-06-18 05:00:00,241.67,150.5,293.89,1151.0,1106.0,158.0,928.0,21.0,0.0,,outputs/ons-reserva-2021-2022-20260922/raw/ons-2022-06.csv,1ce4ed3b7d7514d1e8adf6e42ba2a1d5f203753fce6fae2f3d82de7da7e3b415,40000,40001
S,Sul,Fio dagua,JACUI,JIUHCA,CASTRO ALVES,97,2022-06-18 06:00:00,241.73,150.43,300.86,1250.0,1162.0,157.0,983.0,21.0,0.0,,outputs/ons-reserva-2021-2022-20260922/raw/ons-2022-06.csv,1ce4ed3b7d7514d1e8adf6e42ba2a1d5f203753fce6fae2f3d82de7da7e3b415,40001,40002
S,Sul,Fio dagua,JACUI,JIUHCA,CASTRO ALVES,97,2022-06-18 07:00:00,241.83,150.5,312.47,1405.0,1257.0,157.0,1079.0,21.0,0.0,,outputs/ons-reserva-2021-2022-20260922/raw/ons-2022-06.csv,1ce4ed3b7d7514d1e8adf6e42ba2a1d5f203753fce6fae2f3d82de7da7e3b415,40002,40003
S,Sul,Fio dagua,JACUI,JIUHCA,CASTRO ALVES,97,2022-06-18 08:00:00,241.92,150.56,322.92,1480.0,1346.0,157.0,1168.0,21.0,0.0,,outputs/ons-reserva-2021-2022-20260922/raw/ons-2022-06.csv,1ce4ed3b7d7514d1e8adf6e42ba2a1d5f203753fce6fae2f3d82de7da7e3b415,40003,40004
S,Sul,Fio dagua,JACUI,JIUHCA,CASTRO ALVES,97,2022-06-18 09:00:00,241.98,150.64,329.89,1497.0,1408.0,157.0,1230.0,21.0,0.0,,outputs/ons-reserva-2021-2022-20260922/raw/ons-2022-06.csv,1ce4ed3b7d7514d1e8adf6e42ba2a1d5f203753fce6fae2f3d82de7da7e3b415,40004,40005
S,Sul,Fio dagua,JACUI,JIUHCA,CASTRO ALVES,97,2022-06-18 10:00:00,242.0,150.64,332.21,1458.0,1429.0,157.0,1251.0,21.0,0.0,,outputs/ons-reserva-2021-2022-20260922/raw/ons-2022-06.csv,1ce4ed3b7d7514d1e8adf6e42ba2a1d5f203753fce6fae2f3d82de7da7e3b415,40005,40006
S,Sul,Fio dagua,JACUI,JIUHCA,CASTRO ALVES,97,2022-06-18 11:00:00,242.0,150.72,332.21,1429.0,1429.0,157.0,1251.0,21.0,0.0,,outputs/ons-reserva-2021-2022-20260922/raw/ons-2022-06.csv,1ce4ed3b7d7514d1e8adf6e42ba2a1d5f203753fce6fae2f3d82de7da7e3b415,40006,40007
S,Sul,Fio dagua,JACUI,JIUHCA,CASTRO ALVES,97,2022-06-18 12:00:00,242.0,150.72,332.21,1429.0,1429.0,157.0,1251.0,21.0,0.0,,outputs/ons-reserva-2021-2022-20260922/raw/ons-2022-06.csv,1ce4ed3b7d7514d1e8adf6e42ba2a1d5f203753fce6fae2f3d82de7da7e3b415,40007,40008
S,Sul,Fio dagua,JACUI,JIUHCA,CASTRO ALVES,97,2022-06-18 13:00:00,241.97,150.72,328.73,1353.0,1397.0,157.0,1220.0,21.0,0.0,,outputs/ons-reserva-2021-2022-20260922/raw/ons-2022-06.csv,1ce4ed3b7d7514d1e8adf6e42ba2a1d5f203753fce6fae2f3d82de7da7e3b415,40008,40009
S,Sul,Fio dagua,JACUI,JIUHCA,CASTRO ALVES,97,2022-06-18 14:00:00,241.94,150.65,325.24,1322.0,1367.0,157.0,1189.0,21.0,0.0,,outputs/ons-reserva-2021-2022-20260922/raw/ons-2022-06.csv,1ce4ed3b7d7514d1e8adf6e42ba2a1d5f203753fce6fae2f3d82de7da7e3b415,40009,40010
S,Sul,Fio dagua,JACUI,JIUHCA,CASTRO ALVES,97,2022-06-18 15:00:00,241.9,150.65,320.6,1267.0,1326.0,157.0,1148.0,21.0,0.0,,outputs/ons-reserva-2021-2022-20260922/raw/ons-2022-06.csv,1ce4ed3b7d7514d1e8adf6e42ba2a1d5f203753fce6fae2f3d82de7da7e3b415,40010,40011
S,Sul,Fio dagua,JACUI,JIUHCA,CASTRO ALVES,97,2022-06-18 16:00:00,241.86,150.58,315.95,1227.0,1286.0,157.0,1108.0,21.0,0.0,,outputs/ons-reserva-2021-2022-20260922/raw/ons-2022-06.csv,1ce4ed3b7d7514d1e8adf6e42ba2a1d5f203753fce6fae2f3d82de7da7e3b415,40011,40012
S,Sul,Fio dagua,JACUI,JIUHCA,CASTRO ALVES,97,2022-06-18 17:00:00,241.81,150.58,310.15,1163.0,1237.0,157.0,1060.0,21.0,0.0,,outputs/ons-reserva-2021-2022-20260922/raw/ons-2022-06.csv,1ce4ed3b7d7514d1e8adf6e42ba2a1d5f203753fce6fae2f3d82de7da7e3b415,40012,40013
S,Sul,Fio dagua,JACUI,JIUHCA,CASTRO ALVES,97,2022-06-18 18:00:00,241.77,150.58,305.5,1140.0,1199.0,157.0,1021.0,21.0,0.0,,outputs/ons-reserva-2021-2022-20260922/raw/ons-2022-06.csv,1ce4ed3b7d7514d1e8adf6e42ba2a1d5f203753fce6fae2f3d82de7da7e3b415,40013,40014
S,Sul,Fio dagua,JACUI,JIUHCA,CASTRO ALVES,97,2022-06-18 19:00:00,241.71,150.45,298.54,1053.0,1142.0,157.0,965.0,21.0,0.0,,outputs/ons-reserva-2021-2022-20260922/raw/ons-2022-06.csv,1ce4ed3b7d7514d1e8adf6e42ba2a1d5f203753fce6fae2f3d82de7da7e3b415,40014,40015
S,Sul,Fio dagua,JACUI,JIUHCA,CASTRO ALVES,97,2022-06-18 20:00:00,241.67,150.45,293.89,1046.0,1105.0,157.0,928.0,21.0,0.0,,outputs/ons-reserva-2021-2022-20260922/raw/ons-2022-06.csv,1ce4ed3b7d7514d1e8adf6e42ba2a1d5f203753fce6fae2f3d82de7da7e3b415,40015,40016
S,Sul,Fio dagua,JACUI,JIUHCA,CASTRO ALVES,97,2022-06-18 21:00:00,241.63,150.45,289.25,1010.0,1069.0,157.0,892.0,21.0,0.0,,outputs/ons-reserva-2021-2022-20260922/raw/ons-2022-06.csv,1ce4ed3b7d7514d1e8adf6e42ba2a1d5f203753fce6fae2f3d82de7da7e3b415,40016,40017
S,Sul,Fio dagua,JACUI,JIUHCA,CASTRO ALVES,97,2022-06-18 22:00:00,241.59,150.38,284.61,974.0,1033.0,157.0,856.0,21.0,0.0,,outputs/ons-reserva-2021-2022-20260922/raw/ons-2022-06.csv,1ce4ed3b7d7514d1e8adf6e42ba2a1d5f203753fce6fae2f3d82de7da7e3b415,40017,40018
S,Sul,Fio dagua,JACUI,JIUHCA,CASTRO ALVES,97,2022-06-18 23:00:00,241.54,150.37,278.8,916.0,990.0,157.0,813.0,21.0,0.0,,outputs/ons-reserva-2021-2022-20260922/raw/ons-2022-06.csv,1ce4ed3b7d7514d1e8adf6e42ba2a1d5f203753fce6fae2f3d82de7da7e3b415,40018,40019
S,Sul,Fio dagua,JACUI,JIUHCA,CASTRO ALVES,97,2022-06-18 23:59:00,241.5,150.29,274.16,897.0,956.0,156.0,779.0,20.0,0.0,,outputs/ons-reserva-2021-2022-20260922/raw/ons-2022-06.csv,1ce4ed3b7d7514d1e8adf6e42ba2a1d5f203753fce6fae2f3d82de7da7e3b415,40019,40020
S,Sul,Fio dagua,JACUI,JIUHCA,CASTRO ALVES,97,2022-06-19 01:00:00,241.46,150.22,269.51,864.0,924.0,156.0,747.0,20.0,0.0,,outputs/ons-reserva-2021-2022-20260922/raw/ons-2022-06.csv,1ce4ed3b7d7514d1e8adf6e42ba2a1d5f203753fce6fae2f3d82de7da7e3b415,40020,40021
S,Sul,Fio dagua,JACUI,JIUHCA,CASTRO ALVES,97,2022-06-19 02:00:00,241.43,150.15,266.03,855.0,900.0,157.0,723.0,20.0,0.0,,outputs/ons-reserva-2021-2022-20260922/raw/ons-2022-06.csv,1ce4ed3b7d7514d1e8adf6e42ba2a1d5f203753fce6fae2f3d82de7da7e3b415,40021,40022
S,Sul,Fio dagua,JACUI,JIUHCA,CASTRO ALVES,97,2022-06-19 03:00:00,241.39,150.15,261.38,809.0,868.0,157.0,691.0,20.0,0.0,,outputs/ons-reserva-2021-2022-20260922/raw/ons-2022-06.csv,1ce4ed3b7d7514d1e8adf6e42ba2a1d5f203753fce6fae2f3d82de7da7e3b415,40022,40023
S,Sul,Fio dagua,JACUI,JIUHCA,CASTRO ALVES,97,2022-06-19 04:00:00,241.35,150.15,256.74,778.0,837.0,156.0,660.0,20.0,0.0,,outputs/ons-reserva-2021-2022-20260922/raw/ons-2022-06.csv,1ce4ed3b7d7514d1e8adf6e42ba2a1d5f203753fce6fae2f3d82de7da7e3b415,40023,40024
S,Sul,Fio dagua,JACUI,JIUHCA,CASTRO ALVES,97,2022-06-19 05:00:00,241.32,150.08,253.26,769.0,814.0,156.0,637.0,20.0,0.0,,outputs/ons-reserva-2021-2022-20260922/raw/ons-2022-06.csv,1ce4ed3b7d7514d1e8adf6e42ba2a1d5f203753fce6fae2f3d82de7da7e3b415,40024,40025
S,Sul,Fio dagua,JACUI,JIUHCA,CASTRO ALVES,97,2022-06-19 06:00:00,241.29,150.08,249.77,747.0,791.0,156.0,615.0,20.0,0.0,,outputs/ons-reserva-2021-2022-20260922/raw/ons-2022-06.csv,1ce4ed3b7d7514d1e8adf6e42ba2a1d5f203753fce6fae2f3d82de7da7e3b415,40025,40026
S,Sul,Fio dagua,JACUI,JIUHCA,CASTRO ALVES,97,2022-06-19 07:00:00,241.26,150.08,246.29,725.0,769.0,156.0,592.0,20.0,0.0,,outputs/ons-reserva-2021-2022-20260922/raw/ons-2022-06.csv,1ce4ed3b7d7514d1e8adf6e42ba2a1d5f203753fce6fae2f3d82de7da7e3b415,40026,40027
S,Sul,Fio dagua,JACUI,JIUHCA,CASTRO ALVES,97,2022-06-19 08:00:00,241.24,150.08,243.97,725.0,754.0,156.0,578.0,20.0,0.0,,outputs/ons-reserva-2021-2022-20260922/raw/ons-2022-06.csv,1ce4ed3b7d7514d1e8adf6e42ba2a1d5f203753fce6fae2f3d82de7da7e3b415,40027,40028
S,Sul,Fio dagua,JACUI,JIUHCA,CASTRO ALVES,97,2022-06-19 09:00:00,241.21,150.02,240.49,688.0,733.0,156.0,556.0,20.0,0.0,,outputs/ons-reserva-2021-2022-20260922/raw/ons-2022-06.csv,1ce4ed3b7d7514d1e8adf6e42ba2a1d5f203753fce6fae2f3d82de7da7e3b415,40028,40029
S,Sul,Fio dagua,JACUI,JIUHCA,CASTRO ALVES,97,2022-06-19 10:00:00,241.19,149.94,238.16,689.0,718.0,156.0,542.0,20.0,0.0,,outputs/ons-reserva-2021-2022-20260922/raw/ons-2022-06.csv,1ce4ed3b7d7514d1e8adf6e42ba2a1d5f203753fce6fae2f3d82de7da7e3b415,40029,40030
S,Sul,Fio dagua,JACUI,JIUHCA,CASTRO ALVES,97,2022-06-19 11:00:00,241.16,149.88,234.68,653.0,697.0,156.0,521.0,20.0,0.0,,outputs/ons-reserva-2021-2022-20260922/raw/ons-2022-06.csv,1ce4ed3b7d7514d1e8adf6e42ba2a1d5f203753fce6fae2f3d82de7da7e3b415,40030,40031
S,Sul,Fio dagua,JACUI,JIUHCA,CASTRO ALVES,97,2022-06-19 12:00:00,241.14,149.81,232.36,653.0,683.0,156.0,507.0,20.0,0.0,,outputs/ons-reserva-2021-2022-20260922/raw/ons-2022-06.csv,1ce4ed3b7d7514d1e8adf6e42ba2a1d5f203753fce6fae2f3d82de7da7e3b415,40031,40032
S,Sul,Fio dagua,JACUI,JIUHCA,CASTRO ALVES,97,2022-06-19 13:00:00,241.11,149.81,228.88,618.0,662.0,156.0,486.0,20.0,0.0,,outputs/ons-reserva-2021-2022-20260922/raw/ons-2022-06.csv,1ce4ed3b7d7514d1e8adf6e42ba2a1d5f203753fce6fae2f3d82de7da7e3b415,40032,40033
S,Sul,Fio dagua,JACUI,JIUHCA,CASTRO ALVES,97,2022-06-19 14:00:00,241.09,149.74,226.55,619.0,649.0,156.0,472.0,20.0,0.0,,outputs/ons-reserva-2021-2022-20260922/raw/ons-2022-06.csv,1ce4ed3b7d7514d1e8adf6e42ba2a1d5f203753fce6fae2f3d82de7da7e3b415,40033,40034
S,Sul,Fio dagua,JACUI,JIUHCA,CASTRO ALVES,97,2022-06-19 15:00:00,241.07,149.67,224.23,606.0,635.0,156.0,459.0,20.0,0.0,,outputs/ons-reserva-2021-2022-20260922/raw/ons-2022-06.csv,1ce4ed3b7d7514d1e8adf6e42ba2a1d5f203753fce6fae2f3d82de7da7e3b415,40034,40035
S,Sul,Fio dagua,JACUI,JIUHCA,CASTRO ALVES,97,2022-06-19 16:00:00,241.05,149.67,221.91,593.0,622.0,156.0,446.0,20.0,0.0,,outputs/ons-reserva-2021-2022-20260922/raw/ons-2022-06.csv,1ce4ed3b7d7514d1e8adf6e42ba2a1d5f203753fce6fae2f3d82de7da7e3b415,40035,40036
S,Sul,Fio dagua,JACUI,JIUHCA,CASTRO ALVES,97,2022-06-19 17:00:00,241.02,149.6,218.43,558.0,602.0,156.0,426.0,20.0,0.0,,outputs/ons-reserva-2021-2022-20260922/raw/ons-2022-06.csv,1ce4ed3b7d7514d1e8adf6e42ba2a1d5f203753fce6fae2f3d82de7da7e3b415,40036,40037
S,Sul,Fio dagua,JACUI,JIUHCA,CASTRO ALVES,97,2022-06-19 18:00:00,241.01,149.6,217.27,581.0,596.0,156.0,420.0,20.0,0.0,,outputs/ons-reserva-2021-2022-20260922/raw/ons-2022-06.csv,1ce4ed3b7d7514d1e8adf6e42ba2a1d5f203753fce6fae2f3d82de7da7e3b415,40037,40038
S,Sul,Fio dagua,JACUI,JIUHCA,CASTRO ALVES,97,2022-06-19 19:00:00,240.99,149.53,214.94,554.0,583.0,156.0,407.0,20.0,0.0,,outputs/ons-reserva-2021-2022-20260922/raw/ons-2022-06.csv,1ce4ed3b7d7514d1e8adf6e42ba2a1d5f203753fce6fae2f3d82de7da7e3b415,40038,40039
S,Sul,Fio dagua,JACUI,JIUHCA,CASTRO ALVES,97,2022-06-19 20:00:00,240.96,149.53,211.46,519.0,564.0,157.0,387.0,20.0,0.0,,outputs/ons-reserva-2021-2022-20260922/raw/ons-2022-06.csv,1ce4ed3b7d7514d1e8adf6e42ba2a1d5f203753fce6fae2f3d82de7da7e3b415,40039,40040
S,Sul,Fio dagua,JACUI,JIUHCA,CASTRO ALVES,97,2022-06-19 21:00:00,240.95,149.45,210.3,542.0,557.0,156.0,381.0,20.0,0.0,,outputs/ons-reserva-2021-2022-20260922/raw/ons-2022-06.csv,1ce4ed3b7d7514d1e8adf6e42ba2a1d5f203753fce6fae2f3d82de7da7e3b415,40040,40041
S,Sul,Fio dagua,JACUI,JIUHCA,CASTRO ALVES,97,2022-06-19 22:00:00,240.93,149.45,207.98,514.0,544.0,157.0,368.0,20.0,0.0,,outputs/ons-reserva-2021-2022-20260922/raw/ons-2022-06.csv,1ce4ed3b7d7514d1e8adf6e42ba2a1d5f203753fce6fae2f3d82de7da7e3b415,40041,40042
S,Sul,Fio dagua,JACUI,JIUHCA,CASTRO ALVES,97,2022-06-19 23:00:00,240.92,149.38,206.82,523.0,538.0,156.0,361.0,20.0,0.0,,outputs/ons-reserva-2021-2022-20260922/raw/ons-2022-06.csv,1ce4ed3b7d7514d1e8adf6e42ba2a1d5f203753fce6fae2f3d82de7da7e3b415,40042,40043
S,Sul,Fio dagua,JACUI,JIUHCA,CASTRO ALVES,97,2022-06-19 23:59:00,240.9,149.38,204.49,495.0,525.0,156.0,349.0,20.0,0.0,,outputs/ons-reserva-2021-2022-20260922/raw/ons-2022-06.csv,1ce4ed3b7d7514d1e8adf6e42ba2a1d5f203753fce6fae2f3d82de7da7e3b415,40043,40044
S,Sul,Fio dagua,JACUI,JIUHCA,CASTRO ALVES,97,2022-06-20 01:00:00,240.88,149.31,202.17,483.0,512.0,156.0,336.0,20.0,0.0,,outputs/ons-reserva-2021-2022-20260922/raw/ons-2022-06.csv,1ce4ed3b7d7514d1e8adf6e42ba2a1d5f203753fce6fae2f3d82de7da7e3b415,40044,40045
S,Sul,Fio dagua,JACUI,JIUHCA,CASTRO ALVES,97,2022-06-20 02:00:00,240.87,149.25,201.01,491.0,506.0,156.0,330.0,20.0,0.0,,outputs/ons-reserva-2021-2022-20260922/raw/ons-2022-06.csv,1ce4ed3b7d7514d1e8adf6e42ba2a1d5f203753fce6fae2f3d82de7da7e3b415,40045,40046
S,Sul,Fio dagua,JACUI,JIUHCA,CASTRO ALVES,97,2022-06-20 03:00:00,240.85,149.29,198.69,464.0,494.0,156.0,318.0,20.0,0.0,,outputs/ons-reserva-2021-2022-20260922/raw/ons-2022-06.csv,1ce4ed3b7d7514d1e8adf6e42ba2a1d5f203753fce6fae2f3d82de7da7e3b415,40046,40047
S,Sul,Fio dagua,JACUI,JIUHCA,CASTRO ALVES,97,2022-06-20 04:00:00,240.83,149.25,196.37,452.0,482.0,156.0,306.0,20.0,0.0,,outputs/ons-reserva-2021-2022-20260922/raw/ons-2022-06.csv,1ce4ed3b7d7514d1e8adf6e42ba2a1d5f203753fce6fae2f3d82de7da7e3b415,40047,40048
S,Sul,Fio dagua,JACUI,JIUHCA,CASTRO ALVES,97,2022-06-20 05:00:00,240.82,149.18,195.21,461.0,476.0,156.0,300.0,20.0,0.0,,outputs/ons-reserva-2021-2022-20260922/raw/ons-2022-06.csv,1ce4ed3b7d7514d1e8adf6e42ba2a1d5f203753fce6fae2f3d82de7da7e3b415,40048,40049
S,Sul,Fio dagua,JACUI,JIUHCA,CASTRO ALVES,97,2022-06-20 06:00:00,240.81,149.18,194.04,455.0,470.0,156.0,294.0,20.0,0.0,,outputs/ons-reserva-2021-2022-20260922/raw/ons-2022-06.csv,1ce4ed3b7d7514d1e8adf6e42ba2a1d5f203753fce6fae2f3d82de7da7e3b415,40049,40050
S,Sul,Fio dagua,JACUI,JIUHCA,CASTRO ALVES,97,2022-06-20 07:00:00,240.79,149.18,191.72,429.0,459.0,157.0,282.0,20.0,0.0,,outputs/ons-reserva-2021-2022-20260922/raw/ons-2022-06.csv,1ce4ed3b7d7514d1e8adf6e42ba2a1d5f203753fce6fae2f3d82de7da7e3b415,40050,40051
S,Sul,Fio dagua,JACUI,JIUHCA,CASTRO ALVES,97,2022-06-20 08:00:00,240.78,149.11,190.56,438.0,453.0,157.0,277.0,20.0,0.0,,outputs/ons-reserva-2021-2022-20260922/raw/ons-2022-06.csv,1ce4ed3b7d7514d1e8adf6e42ba2a1d5f203753fce6fae2f3d82de7da7e3b415,40051,40052
S,Sul,Fio dagua,JACUI,JIUHCA,CASTRO ALVES,97,2022-06-20 09:00:00,240.77,149.11,189.4,432.0,447.0,157.0,271.0,20.0,0.0,,outputs/ons-reserva-2021-2022-20260922/raw/ons-2022-06.csv,1ce4ed3b7d7514d1e8adf6e42ba2a1d5f203753fce6fae2f3d82de7da7e3b415,40052,40053
S,Sul,Fio dagua,JACUI,JIUHCA,CASTRO ALVES,97,2022-06-20 10:00:00,240.75,149.04,187.08,406.0,436.0,157.0,260.0,20.0,0.0,,outputs/ons-reserva-2021-2022-20260922/raw/ons-2022-06.csv,1ce4ed3b7d7514d1e8adf6e42ba2a1d5f203753fce6fae2f3d82de7da7e3b415,40053,40054
S,Sul,Fio dagua,JACUI,JIUHCA,CASTRO ALVES,97,2022-06-20 11:00:00,240.75,149.04,187.08,436.0,436.0,157.0,260.0,20.0,0.0,,outputs/ons-reserva-2021-2022-20260922/raw/ons-2022-06.csv,1ce4ed3b7d7514d1e8adf6e42ba2a1d5f203753fce6fae2f3d82de7da7e3b415,40054,40055
S,Sul,Fio dagua,JACUI,JIUHCA,CASTRO ALVES,97,2022-06-20 12:00:00,240.74,149.04,185.92,416.0,430.0,157.0,254.0,20.0,0.0,,outputs/ons-reserva-2021-2022-20260922/raw/ons-2022-06.csv,1ce4ed3b7d7514d1e8adf6e42ba2a1d5f203753fce6fae2f3d82de7da7e3b415,40055,40056
S,Sul,Fio dagua,JACUI,JIUHCA,CASTRO ALVES,97,2022-06-20 13:00:00,240.72,149.04,183.59,390.0,419.0,157.0,243.0,20.0,0.0,,outputs/ons-reserva-2021-2022-20260922/raw/ons-2022-06.csv,1ce4ed3b7d7514d1e8adf6e42ba2a1d5f203753fce6fae2f3d82de7da7e3b415,40056,40057
S,Sul,Fio dagua,JACUI,JIUHCA,CASTRO ALVES,97,2022-06-20 14:00:00,240.71,148.98,182.43,399.0,414.0,157.0,238.0,20.0,0.0,,outputs/ons-reserva-2021-2022-20260922/raw/ons-2022-06.csv,1ce4ed3b7d7514d1e8adf6e42ba2a1d5f203753fce6fae2f3d82de7da7e3b415,40057,40058
S,Sul,Fio dagua,JACUI,JIUHCA,CASTRO ALVES,97,2022-06-20 15:00:00,240.71,148.98,182.43,414.0,414.0,157.0,238.0,20.0,0.0,,outputs/ons-reserva-2021-2022-20260922/raw/ons-2022-06.csv,1ce4ed3b7d7514d1e8adf6e42ba2a1d5f203753fce6fae2f3d82de7da7e3b415,40058,40059
S,Sul,Fio dagua,JACUI,JIUHCA,CASTRO ALVES,97,2022-06-20 16:00:00,240.69,148.98,180.11,374.0,403.0,157.0,227.0,20.0,0.0,,outputs/ons-reserva-2021-2022-20260922/raw/ons-2022-06.csv,1ce4ed3b7d7514d1e8adf6e42ba2a1d5f203753fce6fae2f3d82de7da7e3b415,40059,40060
S,Sul,Fio dagua,JACUI,JIUHCA,CASTRO ALVES,97,2022-06-20 17:00:00,240.68,148.98,178.95,383.0,398.0,157.0,222.0,20.0,0.0,,outputs/ons-reserva-2021-2022-20260922/raw/ons-2022-06.csv,1ce4ed3b7d7514d1e8adf6e42ba2a1d5f203753fce6fae2f3d82de7da7e3b415,40060,40061
S,Sul,Fio dagua,JACUI,JIUHCA,CASTRO ALVES,97,2022-06-20 18:00:00,240.67,148.91,177.79,378.0,393.0,157.0,217.0,20.0,0.0,,outputs/ons-reserva-2021-2022-20260922/raw/ons-2022-06.csv,1ce4ed3b7d7514d1e8adf6e42ba2a1d5f203753fce6fae2f3d82de7da7e3b415,40061,40062
S,Sul,Fio dagua,JACUI,JIUHCA,CASTRO ALVES,97,2022-06-20 19:00:00,240.66,148.91,176.63,373.0,388.0,157.0,212.0,20.0,0.0,,outputs/ons-reserva-2021-2022-20260922/raw/ons-2022-06.csv,1ce4ed3b7d7514d1e8adf6e42ba2a1d5f203753fce6fae2f3d82de7da7e3b415,40062,40063
S,Sul,Fio dagua,JACUI,JIUHCA,CASTRO ALVES,97,2022-06-20 20:00:00,240.65,148.91,175.47,368.0,383.0,157.0,207.0,20.0,0.0,,outputs/ons-reserva-2021-2022-20260922/raw/ons-2022-06.csv,1ce4ed3b7d7514d1e8adf6e42ba2a1d5f203753fce6fae2f3d82de7da7e3b415,40063,40064
S,Sul,Fio dagua,JACUI,JIUHCA,CASTRO ALVES,97,2022-06-20 21:00:00,240.64,148.91,174.31,363.0,378.0,157.0,202.0,20.0,0.0,,outputs/ons-reserva-2021-2022-20260922/raw/ons-2022-06.csv,1ce4ed3b7d7514d1e8adf6e42ba2a1d5f203753fce6fae2f3d82de7da7e3b415,40064,40065
S,Sul,Fio dagua,JACUI,JIUHCA,CASTRO ALVES,97,2022-06-20 22:00:00,240.63,148.84,173.15,358.0,372.0,156.0,197.0,20.0,0.0,,outputs/ons-reserva-2021-2022-20260922/raw/ons-2022-06.csv,1ce4ed3b7d7514d1e8adf6e42ba2a1d5f203753fce6fae2f3d82de7da7e3b415,40065,40066
S,Sul,Fio dagua,JACUI,JIUHCA,CASTRO ALVES,97,2022-06-20 23:00:00,240.62,148.84,171.98,353.0,368.0,156.0,192.0,20.0,0.0,,outputs/ons-reserva-2021-2022-20260922/raw/ons-2022-06.csv,1ce4ed3b7d7514d1e8adf6e42ba2a1d5f203753fce6fae2f3d82de7da7e3b415,40066,40067
S,Sul,Fio dagua,JACUI,JIUHCA,CASTRO ALVES,97,2022-06-20 23:59:00,240.61,148.84,170.82,348.0,363.0,156.0,187.0,20.0,0.0,,outputs/ons-reserva-2021-2022-20260922/raw/ons-2022-06.csv,1ce4ed3b7d7514d1e8adf6e42ba2a1d5f203753fce6fae2f3d82de7da7e3b415,40067,40068
S,Sul,Fio dagua,JACUI,JIUHCA,CASTRO ALVES,97,2022-06-21 01:00:00,240.66,148.76,176.63,462.0,387.0,156.0,212.0,20.0,0.0,,outputs/ons-reserva-2021-2022-20260922/raw/ons-2022-06.csv,1ce4ed3b7d7514d1e8adf6e42ba2a1d5f203753fce6fae2f3d82de7da7e3b415,40068,40069
S,Sul,Fio dagua,JACUI,JIUHCA,CASTRO ALVES,97,2022-06-21 02:00:00,240.59,148.76,168.5,249.0,353.0,156.0,177.0,19.0,0.0,,outputs/ons-reserva-2021-2022-20260922/raw/ons-2022-06.csv,1ce4ed3b7d7514d1e8adf6e42ba2a1d5f203753fce6fae2f3d82de7da7e3b415,40069,40070
S,Sul,Fio dagua,JACUI,JIUHCA,CASTRO ALVES,97,2022-06-21 03:00:00,240.59,148.76,168.5,353.0,353.0,156.0,177.0,19.0,0.0,,outputs/ons-reserva-2021-2022-20260922/raw/ons-2022-06.csv,1ce4ed3b7d7514d1e8adf6e42ba2a1d5f203753fce6fae2f3d82de7da7e3b415,40070,40071
S,Sul,Fio dagua,JACUI,JIUHCA,CASTRO ALVES,97,2022-06-21 04:00:00,240.58,148.76,167.34,333.0,348.0,156.0,172.0,19.0,0.0,,outputs/ons-reserva-2021-2022-20260922/raw/ons-2022-06.csv,1ce4ed3b7d7514d1e8adf6e42ba2a1d5f203753fce6fae2f3d82de7da7e3b415,40071,40072
S,Sul,Fio dagua,JACUI,JIUHCA,CASTRO ALVES,97,2022-06-21 05:00:00,240.57,148.76,166.18,329.0,343.0,156.0,168.0,19.0,0.0,,outputs/ons-reserva-2021-2022-20260922/raw/ons-2022-06.csv,1ce4ed3b7d7514d1e8adf6e42ba2a1d5f203753fce6fae2f3d82de7da7e3b415,40072,40073
S,Sul,Fio dagua,JACUI,JIUHCA,CASTRO ALVES,97,2022-06-21 06:00:00,240.56,148.68,165.02,324.0,339.0,156.0,163.0,19.0,0.0,,outputs/ons-reserva-2021-2022-20260922/raw/ons-2022-06.csv,1ce4ed3b7d7514d1e8adf6e42ba2a1d5f203753fce6fae2f3d82de7da7e3b415,40073,40074
S,Sul,Fio dagua,JACUI,JIUHCA,CASTRO ALVES,97,2022-06-21 07:00:00,240.55,148.68,163.86,319.0,334.0,156.0,158.0,19.0,0.0,,outputs/ons-reserva-2021-2022-20260922/raw/ons-2022-06.csv,1ce4ed3b7d7514d1e8adf6e42ba2a1d5f203753fce6fae2f3d82de7da7e3b415,40074,40075
S,Sul,Fio dagua,JACUI,JIUHCA,CASTRO ALVES,97,2022-06-21 08:00:00,240.55,148.68,163.86,334.0,334.0,156.0,158.0,19.0,0.0,,outputs/ons-reserva-2021-2022-20260922/raw/ons-2022-06.csv,1ce4ed3b7d7514d1e8adf6e42ba2a1d5f203753fce6fae2f3d82de7da7e3b415,40075,40076
S,Sul,Fio dagua,JACUI,JIUHCA,CASTRO ALVES,97,2022-06-21 09:00:00,240.55,148.62,163.86,334.0,334.0,156.0,158.0,19.0,0.0,,outputs/ons-reserva-2021-2022-20260922/raw/ons-2022-06.csv,1ce4ed3b7d7514d1e8adf6e42ba2a1d5f203753fce6fae2f3d82de7da7e3b415,40076,40077
S,Sul,Fio dagua,JACUI,JIUHCA,CASTRO ALVES,97,2022-06-21 10:00:00,240.55,148.62,163.86,334.0,334.0,156.0,158.0,19.0,0.0,,outputs/ons-reserva-2021-2022-20260922/raw/ons-2022-06.csv,1ce4ed3b7d7514d1e8adf6e42ba2a1d5f203753fce6fae2f3d82de7da7e3b415,40077,40078
S,Sul,Fio dagua,JACUI,JIUHCA,CASTRO ALVES,97,2022-06-21 11:00:00,240.55,148.68,163.86,334.0,334.0,156.0,158.0,19.0,0.0,,outputs/ons-reserva-2021-2022-20260922/raw/ons-2022-06.csv,1ce4ed3b7d7514d1e8adf6e42ba2a1d5f203753fce6fae2f3d82de7da7e3b415,40078,40079
S,Sul,Fio dagua,JACUI,JIUHCA,CASTRO ALVES,97,2022-06-21 12:00:00,240.57,148.71,166.18,373.0,343.0,156.0,168.0,19.0,0.0,,outputs/ons-reserva-2021-2022-20260922/raw/ons-2022-06.csv,1ce4ed3b7d7514d1e8adf6e42ba2a1d5f203753fce6fae2f3d82de7da7e3b415,40079,40080
S,Sul,Fio dagua,JACUI,JIUHCA,CASTRO ALVES,97,2022-06-21 13:00:00,240.59,148.71,168.5,382.0,352.0,156.0,177.0,19.0,0.0,,outputs/ons-reserva-2021-2022-20260922/raw/ons-2022-06.csv,1ce4ed3b7d7514d1e8adf6e42ba2a1d5f203753fce6fae2f3d82de7da7e3b415,40080,40081
S,Sul,Fio dagua,JACUI,JIUHCA,CASTRO ALVES,97,2022-06-21 14:00:00,240.63,148.78,173.15,431.0,372.0,156.0,197.0,20.0,0.0,,outputs/ons-reserva-2021-2022-20260922/raw/ons-2022-06.csv,1ce4ed3b7d7514d1e8adf6e42ba2a1d5f203753fce6fae2f3d82de7da7e3b415,40081,40082
S,Sul,Fio dagua,JACUI,JIUHCA,CASTRO ALVES,97,2022-06-21 15:00:00,240.67,148.85,177.79,452.0,393.0,156.0,217.0,20.0,0.0,,outputs/ons-reserva-2021-2022-20260922/raw/ons-2022-06.csv,1ce4ed3b7d7514d1e8adf6e42ba2a1d5f203753fce6fae2f3d82de7da7e3b415,40082,40083
S,Sul,Fio dagua,JACUI,JIUHCA,CASTRO ALVES,97,2022-06-21 16:00:00,240.73,148.92,184.76,513.0,424.0,156.0,249.0,20.0,0.0,,outputs/ons-reserva-2021-2022-20260922/raw/ons-2022-06.csv,1ce4ed3b7d7514d1e8adf6e42ba2a1d5f203753fce6fae2f3d82de7da7e3b415,40083,40084
S,Sul,Fio dagua,JACUI,JIUHCA,CASTRO ALVES,97,2022-06-21 17:00:00,240.79,149.0,191.72,547.0,458.0,156.0,282.0,20.0,0.0,,outputs/ons-reserva-2021-2022-20260922/raw/ons-2022-06.csv,1ce4ed3b7d7514d1e8adf6e42ba2a1d5f203753fce6fae2f3d82de7da7e3b415,40084,40085
S,Sul,Fio dagua,JACUI,JIUHCA,CASTRO ALVES,97,2022-06-21 18:00:00,240.87,149.2,201.01,624.0,506.0,156.0,330.0,20.0,0.0,,outputs/ons-reserva-2021-2022-20260922/raw/ons-2022-06.csv,1ce4ed3b7d7514d1e8adf6e42ba2a1d5f203753fce6fae2f3d82de7da7e3b415,40085,40086
S,Sul,Fio dagua,JACUI,JIUHCA,CASTRO ALVES,97,2022-06-21 19:00:00,240.95,149.27,210.3,675.0,556.0,156.0,381.0,20.0,0.0,,outputs/ons-reserva-2021-2022-20260922/raw/ons-2022-06.csv,1ce4ed3b7d7514d1e8adf6e42ba2a1d5f203753fce6fae2f3d82de7da7e3b415,40086,40087
S,Sul,Fio dagua,JACUI,JIUHCA,CASTRO ALVES,97,2022-06-21 20:00:00,241.05,149.54,221.91,769.0,621.0,156.0,446.0,20.0,0.0,,outputs/ons-reserva-2021-2022-20260922/raw/ons-2022-06.csv,1ce4ed3b7d7514d1e8adf6e42ba2a1d5f203753fce6fae2f3d82de7da7e3b415,40087,40088
S,Sul,Fio dagua,JACUI,JIUHCA,CASTRO ALVES,97,2022-06-21 21:00:00,241.15,149.75,233.52,837.0,689.0,155.0,514.0,20.0,0.0,,outputs/ons-reserva-2021-2022-20260922/raw/ons-2022-06.csv,1ce4ed3b7d7514d1e8adf6e42ba2a1d5f203753fce6fae2f3d82de7da7e3b415,40088,40089
S,Sul,Fio dagua,JACUI,JIUHCA,CASTRO ALVES,97,2022-06-21 22:00:00,241.24,149.95,243.97,886.0,753.0,155.0,578.0,20.0,0.0,,outputs/ons-reserva-2021-2022-20260922/raw/ons-2022-06.csv,1ce4ed3b7d7514d1e8adf6e42ba2a1d5f203753fce6fae2f3d82de7da7e3b415,40089,40090
S,Sul,Fio dagua,JACUI,JIUHCA,CASTRO ALVES,97,2022-06-21 23:00:00,241.35,150.17,256.74,998.0,835.0,155.0,660.0,20.0,0.0,,outputs/ons-reserva-2021-2022-20260922/raw/ons-2022-06.csv,1ce4ed3b7d7514d1e8adf6e42ba2a1d5f203753fce6fae2f3d82de7da7e3b415,40090,40091
S,Sul,Fio dagua,JACUI,JIUHCA,CASTRO ALVES,97,2022-06-21 23:59:00,241.44,150.32,267.19,1039.0,906.0,155.0,731.0,20.0,0.0,,outputs/ons-reserva-2021-2022-20260922/raw/ons-2022-06.csv,1ce4ed3b7d7514d1e8adf6e42ba2a1d5f203753fce6fae2f3d82de7da7e3b415,40091,40092
S,Sul,Fio dagua,JACUI,JIUHCA,CASTRO ALVES,97,2022-06-22 01:00:00,241.54,150.47,278.8,1136.0,988.0,155.0,813.0,21.0,0.0,,outputs/ons-reserva-2021-2022-20260922/raw/ons-2022-06.csv,1ce4ed3b7d7514d1e8adf6e42ba2a1d5f203753fce6fae2f3d82de7da7e3b415,40092,40093
S,Sul,Fio dagua,JACUI,JIUHCA,CASTRO ALVES,97,2022-06-22 02:00:00,241.63,150.54,289.25,1200.0,1067.0,155.0,892.0,21.0,0.0,,outputs/ons-reserva-2021-2022-20260922/raw/ons-2022-06.csv,1ce4ed3b7d7514d1e8adf6e42ba2a1d5f203753fce6fae2f3d82de7da7e3b415,40093,40094
S,Sul,Fio dagua,JACUI,JIUHCA,CASTRO ALVES,97,2022-06-22 03:00:00,241.71,150.74,298.54,1258.0,1140.0,155.0,965.0,21.0,0.0,,outputs/ons-reserva-2021-2022-20260922/raw/ons-2022-06.csv,1ce4ed3b7d7514d1e8adf6e42ba2a1d5f203753fce6fae2f3d82de7da7e3b415,40094,40095
S,Sul,Fio dagua,JACUI,JIUHCA,CASTRO ALVES,97,2022-06-22 04:00:00,241.77,150.75,305.5,1285.0,1196.0,154.0,1021.0,21.0,0.0,,outputs/ons-reserva-2021-2022-20260922/raw/ons-2022-06.csv,1ce4ed3b7d7514d1e8adf6e42ba2a1d5f203753fce6fae2f3d82de7da7e3b415,40095,40096
S,Sul,Fio dagua,JACUI,JIUHCA,CASTRO ALVES,97,2022-06-22 05:00:00,241.85,150.75,314.79,1392.0,1273.0,154.0,1099.0,21.0,0.0,,outputs/ons-reserva-2021-2022-20260922/raw/ons-2022-06.csv,1ce4ed3b7d7514d1e8adf6e42ba2a1d5f203753fce6fae2f3d82de7da7e3b415,40096,40097
S,Sul,Fio dagua,JACUI,JIUHCA,CASTRO ALVES,97,2022-06-22 06:00:00,241.91,150.82,321.76,1422.0,1333.0,154.0,1158.0,21.0,0.0,,outputs/ons-reserva-2021-2022-20260922/raw/ons-2022-06.csv,1ce4ed3b7d7514d1e8adf6e42ba2a1d5f203753fce6fae2f3d82de7da7e3b415,40097,40098
S,Sul,Fio dagua,JACUI,JIUHCA,CASTRO ALVES,97,2022-06-22 07:00:00,242.0,150.88,332.21,1558.0,1425.0,154.0,1251.0,21.0,0.0,,outputs/ons-reserva-2021-2022-20260922/raw/ons-2022-06.csv,1ce4ed3b7d7514d1e8adf6e42ba2a1d5f203753fce6fae2f3d82de7da7e3b415,40098,40099
S,Sul,Fio dagua,JACUI,JIUHCA,CASTRO ALVES,97,2022-06-22 08:00:00,242.04,150.87,336.85,1527.0,1467.0,154.0,1293.0,21.0,0.0,,outputs/ons-reserva-2021-2022-20260922/raw/ons-2022-06.csv,1ce4ed3b7d7514d1e8adf6e42ba2a1d5f203753fce6fae2f3d82de7da7e3b415,40099,40100
S,Sul,Fio dagua,JACUI,JIUHCA,CASTRO ALVES,97,2022-06-22 09:00:00,242.08,150.87,341.5,1569.0,1509.0,154.0,1335.0,21.0,0.0,,outputs/ons-reserva-2021-2022-20260922/raw/ons-2022-06.csv,1ce4ed3b7d7514d1e8adf6e42ba2a1d5f203753fce6fae2f3d82de7da7e3b415,40100,40101
S,Sul,Fio dagua,JACUI,JIUHCA,CASTRO ALVES,97,2022-06-22 10:00:00,242.09,150.95,342.66,1535.0,1520.0,154.0,1345.0,21.0,0.0,,outputs/ons-reserva-2021-2022-20260922/raw/ons-2022-06.csv,1ce4ed3b7d7514d1e8adf6e42ba2a1d5f203753fce6fae2f3d82de7da7e3b415,40101,40102
S,Sul,Fio dagua,JACUI,JIUHCA,CASTRO ALVES,97,2022-06-22 11:00:00,242.12,150.02,346.14,1594.0,1550.0,152.0,1377.0,21.0,0.0,,outputs/ons-reserva-2021-2022-20260922/raw/ons-2022-06.csv,1ce4ed3b7d7514d1e8adf6e42ba2a1d5f203753fce6fae2f3d82de7da7e3b415,40102,40103
S,Sul,Fio dagua,JACUI,JIUHCA,CASTRO ALVES,97,2022-06-22 12:00:00,242.24,151.09,360.07,1737.0,1560.0,31.0,1507.0,21.0,0.0,,outputs/ons-reserva-2021-2022-20260922/raw/ons-2022-06.csv,1ce4ed3b7d7514d1e8adf6e42ba2a1d5f203753fce6fae2f3d82de7da7e3b415,40103,40104
S,Sul,Fio dagua,JACUI,JIUHCA,CASTRO ALVES,97,2022-06-22 13:00:00,242.27,151.36,363.56,1648.0,1604.0,42.0,1541.0,21.0,0.0,,outputs/ons-reserva-2021-2022-20260922/raw/ons-2022-06.csv,1ce4ed3b7d7514d1e8adf6e42ba2a1d5f203753fce6fae2f3d82de7da7e3b415,40104,40105
S,Sul,Fio dagua,JACUI,JIUHCA,CASTRO ALVES,97,2022-06-22 14:00:00,242.25,151.49,361.23,1667.0,1697.0,157.0,1518.0,21.0,0.0,,outputs/ons-reserva-2021-2022-20260922/raw/ons-2022-06.csv,1ce4ed3b7d7514d1e8adf6e42ba2a1d5f203753fce6fae2f3d82de7da7e3b415,40105,40106
S,Sul,Fio dagua,JACUI,JIUHCA,CASTRO ALVES,97,2022-06-22 15:00:00,242.25,151.43,361.23,1697.0,1697.0,157.0,1518.0,21.0,0.0,,outputs/ons-reserva-2021-2022-20260922/raw/ons-2022-06.csv,1ce4ed3b7d7514d1e8adf6e42ba2a1d5f203753fce6fae2f3d82de7da7e3b415,40106,40107
S,Sul,Fio dagua,JACUI,JIUHCA,CASTRO ALVES,97,2022-06-22 16:00:00,242.27,151.43,363.56,1749.0,1719.0,157.0,1541.0,21.0,0.0,,outputs/ons-reserva-2021-2022-20260922/raw/ons-2022-06.csv,1ce4ed3b7d7514d1e8adf6e42ba2a1d5f203753fce6fae2f3d82de7da7e3b415,40107,40108
S,Sul,Fio dagua,JACUI,JIUHCA,CASTRO ALVES,97,2022-06-22 17:00:00,242.29,151.43,365.88,1771.0,1741.0,157.0,1563.0,21.0,0.0,,outputs/ons-reserva-2021-2022-20260922/raw/ons-2022-06.csv,1ce4ed3b7d7514d1e8adf6e42ba2a1d5f203753fce6fae2f3d82de7da7e3b415,40108,40109
S,Sul,Fio dagua,JACUI,JIUHCA,CASTRO ALVES,97,2022-06-22 18:00:00,242.31,151.43,368.2,1794.0,1764.0,157.0,1586.0,21.0,0.0,,outputs/ons-reserva-2021-2022-20260922/raw/ons-2022-06.csv,1ce4ed3b7d7514d1e8adf6e42ba2a1d5f203753fce6fae2f3d82de7da7e3b415,40109,40110
S,Sul,Fio dagua,JACUI,JIUHCA,CASTRO ALVES,97,2022-06-22 19:00:00,242.33,151.43,370.52,1816.0,1787.0,157.0,1609.0,21.0,0.0,,outputs/ons-reserva-2021-2022-20260922/raw/ons-2022-06.csv,1ce4ed3b7d7514d1e8adf6e42ba2a1d5f203753fce6fae2f3d82de7da7e3b415,40110,40111
S,Sul,Fio dagua,JACUI,JIUHCA,CASTRO ALVES,97,2022-06-22 20:00:00,242.33,151.35,370.52,1788.0,1788.0,158.0,1609.0,21.0,0.0,,outputs/ons-reserva-2021-2022-20260922/raw/ons-2022-06.csv,1ce4ed3b7d7514d1e8adf6e42ba2a1d5f203753fce6fae2f3d82de7da7e3b415,40111,40112
S,Sul,Fio dagua,JACUI,JIUHCA,CASTRO ALVES,97,2022-06-22 21:00:00,242.34,151.42,371.68,1815.0,1800.0,159.0,1620.0,21.0,0.0,,outputs/ons-reserva-2021-2022-20260922/raw/ons-2022-06.csv,1ce4ed3b7d7514d1e8adf6e42ba2a1d5f203753fce6fae2f3d82de7da7e3b415,40112,40113
S,Sul,Fio dagua,JACUI,JIUHCA,CASTRO ALVES,97,2022-06-22 22:00:00,242.35,151.42,372.84,1826.0,1811.0,159.0,1631.0,21.0,0.0,,outputs/ons-reserva-2021-2022-20260922/raw/ons-2022-06.csv,1ce4ed3b7d7514d1e8adf6e42ba2a1d5f203753fce6fae2f3d82de7da7e3b415,40113,40114
S,Sul,Fio dagua,JACUI,JIUHCA,CASTRO ALVES,97,2022-06-22 23:00:00,242.35,151.48,372.84,1811.0,1811.0,158.0,1631.0,21.0,0.0,,outputs/ons-reserva-2021-2022-20260922/raw/ons-2022-06.csv,1ce4ed3b7d7514d1e8adf6e42ba2a1d5f203753fce6fae2f3d82de7da7e3b415,40114,40115
S,Sul,Fio dagua,JACUI,JIUHCA,CASTRO ALVES,97,2022-06-22 23:59:00,242.35,151.48,372.84,1811.0,1811.0,158.0,1631.0,21.0,0.0,,outputs/ons-reserva-2021-2022-20260922/raw/ons-2022-06.csv,1ce4ed3b7d7514d1e8adf6e42ba2a1d5f203753fce6fae2f3d82de7da7e3b415,40115,40116
S,Sul,Fio dagua,JACUI,JIUHCA,CASTRO ALVES,97,2022-06-23 01:00:00,242.35,151.48,372.84,1811.0,1811.0,158.0,1631.0,21.0,0.0,,outputs/ons-reserva-2021-2022-20260922/raw/ons-2022-06.csv,1ce4ed3b7d7514d1e8adf6e42ba2a1d5f203753fce6fae2f3d82de7da7e3b415,40116,40117
S,Sul,Fio dagua,JACUI,JIUHCA,CASTRO ALVES,97,2022-06-23 02:00:00,242.35,151.48,372.84,1811.0,1811.0,158.0,1631.0,21.0,0.0,,outputs/ons-reserva-2021-2022-20260922/raw/ons-2022-06.csv,1ce4ed3b7d7514d1e8adf6e42ba2a1d5f203753fce6fae2f3d82de7da7e3b415,40117,40118
S,Sul,Fio dagua,JACUI,JIUHCA,CASTRO ALVES,97,2022-06-23 03:00:00,242.35,151.42,372.84,1811.0,1811.0,158.0,1631.0,21.0,0.0,,outputs/ons-reserva-2021-2022-20260922/raw/ons-2022-06.csv,1ce4ed3b7d7514d1e8adf6e42ba2a1d5f203753fce6fae2f3d82de7da7e3b415,40118,40119
S,Sul,Fio dagua,JACUI,JIUHCA,CASTRO ALVES,97,2022-06-23 04:00:00,242.35,151.42,372.84,1811.0,1811.0,158.0,1631.0,21.0,0.0,,outputs/ons-reserva-2021-2022-20260922/raw/ons-2022-06.csv,1ce4ed3b7d7514d1e8adf6e42ba2a1d5f203753fce6fae2f3d82de7da7e3b415,40119,40120
S,Sul,Fio dagua,JACUI,JIUHCA,CASTRO ALVES,97,2022-06-23 05:00:00,242.39,151.49,377.49,1917.0,1857.0,158.0,1678.0,21.0,0.0,,outputs/ons-reserva-2021-2022-20260922/raw/ons-2022-06.csv,1ce4ed3b7d7514d1e8adf6e42ba2a1d5f203753fce6fae2f3d82de7da7e3b415,40120,40121
S,Sul,Fio dagua,JACUI,JIUHCA,CASTRO ALVES,97,2022-06-23 06:00:00,242.46,151.56,385.62,2043.0,1940.0,158.0,1760.0,21.0,0.0,,outputs/ons-reserva-2021-2022-20260922/raw/ons-2022-06.csv,1ce4ed3b7d7514d1e8adf6e42ba2a1d5f203753fce6fae2f3d82de7da7e3b415,40121,40122
S,Sul,Fio dagua,JACUI,JIUHCA,CASTRO ALVES,97,2022-06-23 07:00:00,242.51,151.71,391.42,2074.0,1999.0,158.0,1820.0,22.0,0.0,,outputs/ons-reserva-2021-2022-20260922/raw/ons-2022-06.csv,1ce4ed3b7d7514d1e8adf6e42ba2a1d5f203753fce6fae2f3d82de7da7e3b415,40122,40123
S,Sul,Fio dagua,JACUI,JIUHCA,CASTRO ALVES,97,2022-06-23 08:00:00,242.54,151.78,394.9,2078.0,2034.0,156.0,1856.0,22.0,0.0,,outputs/ons-reserva-2021-2022-20260922/raw/ons-2022-06.csv,1ce4ed3b7d7514d1e8adf6e42ba2a1d5f203753fce6fae2f3d82de7da7e3b415,40123,40124
S,Sul,Fio dagua,JACUI,JIUHCA,CASTRO ALVES,97,2022-06-23 09:00:00,242.58,151.85,399.55,2141.0,2082.0,155.0,1905.0,22.0,0.0,,outputs/ons-reserva-2021-2022-20260922/raw/ons-2022-06.csv,1ce4ed3b7d7514d1e8adf6e42ba2a1d5f203753fce6fae2f3d82de7da7e3b415,40124,40125
S,Sul,Fio dagua,JACUI,JIUHCA,CASTRO ALVES,97,2022-06-23 10:00:00,242.62,151.92,404.19,2190.0,2131.0,155.0,1954.0,22.0,0.0,,outputs/ons-reserva-2021-2022-20260922/raw/ons-2022-06.csv,1ce4ed3b7d7514d1e8adf6e42ba2a1d5f203753fce6fae2f3d82de7da7e3b415,40125,40126
S,Sul,Fio dagua,JACUI,JIUHCA,CASTRO ALVES,97,2022-06-23 11:00:00,242.67,151.99,410.0,2268.0,2194.0,155.0,2017.0,22.0,0.0,,outputs/ons-reserva-2021-2022-20260922/raw/ons-2022-06.csv,1ce4ed3b7d7514d1e8adf6e42ba2a1d5f203753fce6fae2f3d82de7da7e3b415,40126,40127
S,Sul,Fio dagua,JACUI,JIUHCA,CASTRO ALVES,97,2022-06-23 12:00:00,242.72,151.99,415.8,2332.0,2258.0,155.0,2081.0,22.0,0.0,,outputs/ons-reserva-2021-2022-20260922/raw/ons-2022-06.csv,1ce4ed3b7d7514d1e8adf6e42ba2a1d5f203753fce6fae2f3d82de7da7e3b415,40127,40128
S,Sul,Fio dagua,JACUI,JIUHCA,CASTRO ALVES,97,2022-06-23 13:00:00,242.76,152.26,420.45,2369.0,2310.0,156.0,2132.0,22.0,0.0,,outputs/ons-reserva-2021-2022-20260922/raw/ons-2022-06.csv,1ce4ed3b7d7514d1e8adf6e42ba2a1d5f203753fce6fae2f3d82de7da7e3b415,40128,40129
S,Sul,Fio dagua,JACUI,JIUHCA,CASTRO ALVES,97,2022-06-23 14:00:00,242.79,152.18,423.93,2393.0,2348.0,156.0,2171.0,22.0,0.0,,outputs/ons-reserva-2021-2022-20260922/raw/ons-2022-06.csv,1ce4ed3b7d7514d1e8adf6e42ba2a1d5f203753fce6fae2f3d82de7da7e3b415,40129,40130
S,Sul,Fio dagua,JACUI,JIUHCA,CASTRO ALVES,97,2022-06-23 15:00:00,242.79,152.18,423.93,2348.0,2348.0,155.0,2171.0,22.0,0.0,,outputs/ons-reserva-2021-2022-20260922/raw/ons-2022-06.csv,1ce4ed3b7d7514d1e8adf6e42ba2a1d5f203753fce6fae2f3d82de7da7e3b415,40130,40131
S,Sul,Fio dagua,JACUI,JIUHCA,CASTRO ALVES,97,2022-06-23 16:00:00,242.77,152.18,421.61,2294.0,2323.0,156.0,2145.0,22.0,0.0,,outputs/ons-reserva-2021-2022-20260922/raw/ons-2022-06.csv,1ce4ed3b7d7514d1e8adf6e42ba2a1d5f203753fce6fae2f3d82de7da7e3b415,40131,40132
S,Sul,Fio dagua,JACUI,JIUHCA,CASTRO ALVES,97,2022-06-23 17:00:00,242.74,152.18,418.13,2242.0,2286.0,158.0,2106.0,22.0,0.0,,outputs/ons-reserva-2021-2022-20260922/raw/ons-2022-06.csv,1ce4ed3b7d7514d1e8adf6e42ba2a1d5f203753fce6fae2f3d82de7da7e3b415,40132,40133
S,Sul,Fio dagua,JACUI,JIUHCA,CASTRO ALVES,97,2022-06-23 18:00:00,242.7,152.11,413.48,2176.0,2235.0,158.0,2055.0,22.0,0.0,,outputs/ons-reserva-2021-2022-20260922/raw/ons-2022-06.csv,1ce4ed3b7d7514d1e8adf6e42ba2a1d5f203753fce6fae2f3d82de7da7e3b415,40133,40134
S,Sul,Fio dagua,JACUI,JIUHCA,CASTRO ALVES,97,2022-06-23 19:00:00,242.65,151.97,407.68,2098.0,2172.0,158.0,1992.0,22.0,0.0,,outputs/ons-reserva-2021-2022-20260922/raw/ons-2022-06.csv,1ce4ed3b7d7514d1e8adf6e42ba2a1d5f203753fce6fae2f3d82de7da7e3b415,40134,40135
S,Sul,Fio dagua,JACUI,JIUHCA,CASTRO ALVES,97,2022-06-23 20:00:00,242.61,151.83,403.03,2062.0,2122.0,158.0,1942.0,22.0,0.0,,outputs/ons-reserva-2021-2022-20260922/raw/ons-2022-06.csv,1ce4ed3b7d7514d1e8adf6e42ba2a1d5f203753fce6fae2f3d82de7da7e3b415,40135,40136
S,Sul,Fio dagua,JACUI,JIUHCA,CASTRO ALVES,97,2022-06-23 21:00:00,242.57,151.7,398.39,2013.0,2072.0,158.0,1893.0,22.0,0.0,,outputs/ons-reserva-2021-2022-20260922/raw/ons-2022-06.csv,1ce4ed3b7d7514d1e8adf6e42ba2a1d5f203753fce6fae2f3d82de7da7e3b415,40136,40137
S,Sul,Fio dagua,JACUI,JIUHCA,CASTRO ALVES,97,2022-06-23 22:00:00,242.52,151.56,392.58,1937.0,2011.0,158.0,1832.0,22.0,0.0,,outputs/ons-reserva-2021-2022-20260922/raw/ons-2022-06.csv,1ce4ed3b7d7514d1e8adf6e42ba2a1d5f203753fce6fae2f3d82de7da7e3b415,40137,40138
S,Sul,Fio dagua,JACUI,JIUHCA,CASTRO ALVES,97,2022-06-23 23:00:00,242.49,151.49,389.1,1931.0,1975.0,158.0,1796.0,22.0,0.0,,outputs/ons-reserva-2021-2022-20260922/raw/ons-2022-06.csv,1ce4ed3b7d7514d1e8adf6e42ba2a1d5f203753fce6fae2f3d82de7da7e3b415,40138,40139
S,Sul,Fio dagua,JACUI,JIUHCA,CASTRO ALVES,97,2022-06-23 23:59:00,242.43,151.35,382.13,1815.0,1904.0,158.0,1724.0,21.0,0.0,,outputs/ons-reserva-2021-2022-20260922/raw/ons-2022-06.csv,1ce4ed3b7d7514d1e8adf6e42ba2a1d5f203753fce6fae2f3d82de7da7e3b415,40139,40140
S,Sul,Fio dagua,JACUI,JIUHCA,CASTRO ALVES,97,2022-06-24 01:00:00,242.38,151.3,376.33,1772.0,1846.0,158.0,1666.0,21.0,0.0,,outputs/ons-reserva-2021-2022-20260922/raw/ons-2022-06.csv,1ce4ed3b7d7514d1e8adf6e42ba2a1d5f203753fce6fae2f3d82de7da7e3b415,40140,40141
S,Sul,Fio dagua,JACUI,JIUHCA,CASTRO ALVES,97,2022-06-24 02:00:00,242.33,151.1,370.52,1714.0,1788.0,158.0,1609.0,21.0,0.0,,outputs/ons-reserva-2021-2022-20260922/raw/ons-2022-06.csv,1ce4ed3b7d7514d1e8adf6e42ba2a1d5f203753fce6fae2f3d82de7da7e3b415,40141,40142
S,Sul,Fio dagua,JACUI,JIUHCA,CASTRO ALVES,97,2022-06-24 03:00:00,242.28,151.05,364.72,1657.0,1731.0,158.0,1552.0,21.0,0.0,,outputs/ons-reserva-2021-2022-20260922/raw/ons-2022-06.csv,1ce4ed3b7d7514d1e8adf6e42ba2a1d5f203753fce6fae2f3d82de7da7e3b415,40142,40143
S,Sul,Fio dagua,JACUI,JIUHCA,CASTRO ALVES,97,2022-06-24 04:00:00,242.24,151.0,360.07,1627.0,1687.0,158.0,1507.0,21.0,0.0,,outputs/ons-reserva-2021-2022-20260922/raw/ons-2022-06.csv,1ce4ed3b7d7514d1e8adf6e42ba2a1d5f203753fce6fae2f3d82de7da7e3b415,40143,40144
S,Sul,Fio dagua,JACUI,JIUHCA,CASTRO ALVES,97,2022-06-24 05:00:00,242.18,151.0,353.11,1532.0,1621.0,158.0,1441.0,21.0,0.0,,outputs/ons-reserva-2021-2022-20260922/raw/ons-2022-06.csv,1ce4ed3b7d7514d1e8adf6e42ba2a1d5f203753fce6fae2f3d82de7da7e3b415,40144,40145
S,Sul,Fio dagua,JACUI,JIUHCA,CASTRO ALVES,97,2022-06-24 06:00:00,242.14,150.9,348.46,1518.0,1577.0,158.0,1398.0,21.0,0.0,,outputs/ons-reserva-2021-2022-20260922/raw/ons-2022-06.csv,1ce4ed3b7d7514d1e8adf6e42ba2a1d5f203753fce6fae2f3d82de7da7e3b415,40145,40146
S,Sul,Fio dagua,JACUI,JIUHCA,CASTRO ALVES,97,2022-06-24 07:00:00,242.09,150.84,342.66,1450.0,1524.0,158.0,1345.0,21.0,0.0,,outputs/ons-reserva-2021-2022-20260922/raw/ons-2022-06.csv,1ce4ed3b7d7514d1e8adf6e42ba2a1d5f203753fce6fae2f3d82de7da7e3b415,40146,40147
S,Sul,Fio dagua,JACUI,JIUHCA,CASTRO ALVES,97,2022-06-24 08:00:00,242.05,150.76,338.01,1423.0,1482.0,158.0,1303.0,21.0,0.0,,outputs/ons-reserva-2021-2022-20260922/raw/ons-2022-06.csv,1ce4ed3b7d7514d1e8adf6e42ba2a1d5f203753fce6fae2f3d82de7da7e3b415,40147,40148
S,Sul,Fio dagua,JACUI,JIUHCA,CASTRO ALVES,97,2022-06-24 09:00:00,242.01,150.69,333.37,1381.0,1440.0,158.0,1261.0,21.0,0.0,,outputs/ons-reserva-2021-2022-20260922/raw/ons-2022-06.csv,1ce4ed3b7d7514d1e8adf6e42ba2a1d5f203753fce6fae2f3d82de7da7e3b415,40148,40149
S,Sul,Fio dagua,JACUI,JIUHCA,CASTRO ALVES,97,2022-06-24 10:00:00,241.99,150.54,331.05,1389.0,1419.0,157.0,1240.0,21.0,0.0,,outputs/ons-reserva-2021-2022-20260922/raw/ons-2022-06.csv,1ce4ed3b7d7514d1e8adf6e42ba2a1d5f203753fce6fae2f3d82de7da7e3b415,40149,40150
S,Sul,Fio dagua,JACUI,JIUHCA,CASTRO ALVES,97,2022-06-24 11:00:00,241.96,149.78,327.56,1342.0,1386.0,156.0,1209.0,21.0,0.0,,outputs/ons-reserva-2021-2022-20260922/raw/ons-2022-06.csv,1ce4ed3b7d7514d1e8adf6e42ba2a1d5f203753fce6fae2f3d82de7da7e3b415,40150,40151
S,Sul,Fio dagua,JACUI,JIUHCA,CASTRO ALVES,97,2022-06-24 12:00:00,241.95,150.54,326.4,1363.0,1377.0,158.0,1199.0,21.0,0.0,,outputs/ons-reserva-2021-2022-20260922/raw/ons-2022-06.csv,1ce4ed3b7d7514d1e8adf6e42ba2a1d5f203753fce6fae2f3d82de7da7e3b415,40151,40152
S,Sul,Fio dagua,JACUI,JIUHCA,CASTRO ALVES,97,2022-06-24 13:00:00,241.95,150.54,326.4,1377.0,1377.0,157.0,1199.0,21.0,0.0,,outputs/ons-reserva-2021-2022-20260922/raw/ons-2022-06.csv,1ce4ed3b7d7514d1e8adf6e42ba2a1d5f203753fce6fae2f3d82de7da7e3b415,40152,40153
S,Sul,Fio dagua,JACUI,JIUHCA,CASTRO ALVES,97,2022-06-24 14:00:00,241.95,150.46,326.4,1377.0,1377.0,157.0,1199.0,21.0,0.0,,outputs/ons-reserva-2021-2022-20260922/raw/ons-2022-06.csv,1ce4ed3b7d7514d1e8adf6e42ba2a1d5f203753fce6fae2f3d82de7da7e3b415,40153,40154
S,Sul,Fio dagua,JACUI,JIUHCA,CASTRO ALVES,97,2022-06-24 15:00:00,241.95,150.53,326.4,1377.0,1377.0,157.0,1199.0,21.0,0.0,,outputs/ons-reserva-2021-2022-20260922/raw/ons-2022-06.csv,1ce4ed3b7d7514d1e8adf6e42ba2a1d5f203753fce6fae2f3d82de7da7e3b415,40154,40155
S,Sul,Fio dagua,JACUI,JIUHCA,CASTRO ALVES,97,2022-06-24 16:00:00,241.95,150.59,326.4,1377.0,1377.0,157.0,1199.0,21.0,0.0,,outputs/ons-reserva-2021-2022-20260922/raw/ons-2022-06.csv,1ce4ed3b7d7514d1e8adf6e42ba2a1d5f203753fce6fae2f3d82de7da7e3b415,40155,40156
S,Sul,Fio dagua,JACUI,JIUHCA,CASTRO ALVES,97,2022-06-24 17:00:00,241.96,150.59,327.56,1403.0,1388.0,158.0,1209.0,21.0,0.0,,outputs/ons-reserva-2021-2022-20260922/raw/ons-2022-06.csv,1ce4ed3b7d7514d1e8adf6e42ba2a1d5f203753fce6fae2f3d82de7da7e3b415,40156,40157
S,Sul,Fio dagua,JACUI,JIUHCA,CASTRO ALVES,97,2022-06-24 18:00:00,241.97,150.59,328.73,1413.0,1398.0,158.0,1220.0,21.0,0.0,,outputs/ons-reserva-2021-2022-20260922/raw/ons-2022-06.csv,1ce4ed3b7d7514d1e8adf6e42ba2a1d5f203753fce6fae2f3d82de7da7e3b415,40157,40158
S,Sul,Fio dagua,JACUI,JIUHCA,CASTRO ALVES,97,2022-06-24 19:00:00,241.97,150.59,328.73,1398.0,1398.0,157.0,1220.0,21.0,0.0,,outputs/ons-reserva-2021-2022-20260922/raw/ons-2022-06.csv,1ce4ed3b7d7514d1e8adf6e42ba2a1d5f203753fce6fae2f3d82de7da7e3b415,40158,40159
S,Sul,Fio dagua,JACUI,JIUHCA,CASTRO ALVES,97,2022-06-24 20:00:00,241.98,150.59,329.89,1423.0,1408.0,157.0,1230.0,21.0,0.0,,outputs/ons-reserva-2021-2022-20260922/raw/ons-2022-06.csv,1ce4ed3b7d7514d1e8adf6e42ba2a1d5f203753fce6fae2f3d82de7da7e3b415,40159,40160
S,Sul,Fio dagua,JACUI,JIUHCA,CASTRO ALVES,97,2022-06-24 21:00:00,241.98,150.67,329.89,1408.0,1408.0,158.0,1230.0,21.0,0.0,,outputs/ons-reserva-2021-2022-20260922/raw/ons-2022-06.csv,1ce4ed3b7d7514d1e8adf6e42ba2a1d5f203753fce6fae2f3d82de7da7e3b415,40160,40161
S,Sul,Fio dagua,JACUI,JIUHCA,CASTRO ALVES,97,2022-06-24 22:00:00,241.98,150.6,329.89,1408.0,1408.0,158.0,1230.0,21.0,0.0,,outputs/ons-reserva-2021-2022-20260922/raw/ons-2022-06.csv,1ce4ed3b7d7514d1e8adf6e42ba2a1d5f203753fce6fae2f3d82de7da7e3b415,40161,40162
S,Sul,Fio dagua,JACUI,JIUHCA,CASTRO ALVES,97,2022-06-24 23:00:00,241.99,150.6,331.05,1434.0,1419.0,158.0,1240.0,21.0,0.0,,outputs/ons-reserva-2021-2022-20260922/raw/ons-2022-06.csv,1ce4ed3b7d7514d1e8adf6e42ba2a1d5f203753fce6fae2f3d82de7da7e3b415,40162,40163
S,Sul,Fio dagua,JACUI,JIUHCA,CASTRO ALVES,97,2022-06-24 23:59:00,242.01,150.67,333.37,1470.0,1440.0,158.0,1261.0,21.0,0.0,,outputs/ons-reserva-2021-2022-20260922/raw/ons-2022-06.csv,1ce4ed3b7d7514d1e8adf6e42ba2a1d5f203753fce6fae2f3d82de7da7e3b415,40163,40164
S,Sul,Fio dagua,JACUI,JIUHCA,CASTRO ALVES,97,2022-06-25 01:00:00,242.04,150.68,336.85,1517.0,1472.0,159.0,1293.0,21.0,0.0,,outputs/ons-reserva-2021-2022-20260922/raw/ons-2022-06.csv,1ce4ed3b7d7514d1e8adf6e42ba2a1d5f203753fce6fae2f3d82de7da7e3b415,40164,40165
S,Sul,Fio dagua,JACUI,JIUHCA,CASTRO ALVES,97,2022-06-25 02:00:00,242.06,150.68,339.17,1523.0,1493.0,159.0,1314.0,21.0,0.0,,outputs/ons-reserva-2021-2022-20260922/raw/ons-2022-06.csv,1ce4ed3b7d7514d1e8adf6e42ba2a1d5f203753fce6fae2f3d82de7da7e3b415,40165,40166
S,Sul,Fio dagua,JACUI,JIUHCA,CASTRO ALVES,97,2022-06-25 03:00:00,242.07,150.75,340.34,1519.0,1504.0,159.0,1324.0,21.0,0.0,,outputs/ons-reserva-2021-2022-20260922/raw/ons-2022-06.csv,1ce4ed3b7d7514d1e8adf6e42ba2a1d5f203753fce6fae2f3d82de7da7e3b415,40166,40167
S,Sul,Fio dagua,JACUI,JIUHCA,CASTRO ALVES,97,2022-06-25 04:00:00,242.07,150.75,340.34,1504.0,1504.0,159.0,1324.0,21.0,0.0,,outputs/ons-reserva-2021-2022-20260922/raw/ons-2022-06.csv,1ce4ed3b7d7514d1e8adf6e42ba2a1d5f203753fce6fae2f3d82de7da7e3b415,40167,40168
S,Sul,Fio dagua,JACUI,JIUHCA,CASTRO ALVES,97,2022-06-25 05:00:00,242.07,150.75,340.34,1504.0,1504.0,159.0,1324.0,21.0,0.0,,outputs/ons-reserva-2021-2022-20260922/raw/ons-2022-06.csv,1ce4ed3b7d7514d1e8adf6e42ba2a1d5f203753fce6fae2f3d82de7da7e3b415,40168,40169
S,Sul,Fio dagua,JACUI,JIUHCA,CASTRO ALVES,97,2022-06-25 06:00:00,242.07,150.75,340.34,1504.0,1504.0,159.0,1324.0,21.0,0.0,,outputs/ons-reserva-2021-2022-20260922/raw/ons-2022-06.csv,1ce4ed3b7d7514d1e8adf6e42ba2a1d5f203753fce6fae2f3d82de7da7e3b415,40169,40170
S,Sul,Fio dagua,JACUI,JIUHCA,CASTRO ALVES,97,2022-06-25 07:00:00,242.06,150.75,339.17,1479.0,1493.0,159.0,1314.0,21.0,0.0,,outputs/ons-reserva-2021-2022-20260922/raw/ons-2022-06.csv,1ce4ed3b7d7514d1e8adf6e42ba2a1d5f203753fce6fae2f3d82de7da7e3b415,40170,40171
S,Sul,Fio dagua,JACUI,JIUHCA,CASTRO ALVES,97,2022-06-25 08:00:00,242.04,150.74,336.85,1443.0,1472.0,159.0,1293.0,21.0,0.0,,outputs/ons-reserva-2021-2022-20260922/raw/ons-2022-06.csv,1ce4ed3b7d7514d1e8adf6e42ba2a1d5f203753fce6fae2f3d82de7da7e3b415,40171,40172
S,Sul,Fio dagua,JACUI,JIUHCA,CASTRO ALVES,97,2022-06-25 09:00:00,242.02,150.68,334.53,1422.0,1451.0,159.0,1272.0,21.0,0.0,,outputs/ons-reserva-2021-2022-20260922/raw/ons-2022-06.csv,1ce4ed3b7d7514d1e8adf6e42ba2a1d5f203753fce6fae2f3d82de7da7e3b415,40172,40173
S,Sul,Fio dagua,JACUI,JIUHCA,CASTRO ALVES,97,2022-06-25 10:00:00,242.0,150.68,332.21,1401.0,1430.0,159.0,1251.0,21.0,0.0,,outputs/ons-reserva-2021-2022-20260922/raw/ons-2022-06.csv,1ce4ed3b7d7514d1e8adf6e42ba2a1d5f203753fce6fae2f3d82de7da7e3b415,40173,40174
S,Sul,Fio dagua,JACUI,JIUHCA,CASTRO ALVES,97,2022-06-25 11:00:00,241.98,150.61,329.89,1380.0,1410.0,159.0,1230.0,21.0,0.0,,outputs/ons-reserva-2021-2022-20260922/raw/ons-2022-06.csv,1ce4ed3b7d7514d1e8adf6e42ba2a1d5f203753fce6fae2f3d82de7da7e3b415,40174,40175
S,Sul,Fio dagua,JACUI,JIUHCA,CASTRO ALVES,97,2022-06-25 12:00:00,241.95,150.54,326.4,1334.0,1379.0,159.0,1199.0,21.0,0.0,,outputs/ons-reserva-2021-2022-20260922/raw/ons-2022-06.csv,1ce4ed3b7d7514d1e8adf6e42ba2a1d5f203753fce6fae2f3d82de7da7e3b415,40175,40176
S,Sul,Fio dagua,JACUI,JIUHCA,CASTRO ALVES,97,2022-06-25 13:00:00,241.91,150.48,321.76,1279.0,1338.0,159.0,1158.0,21.0,0.0,,outputs/ons-reserva-2021-2022-20260922/raw/ons-2022-06.csv,1ce4ed3b7d7514d1e8adf6e42ba2a1d5f203753fce6fae2f3d82de7da7e3b415,40176,40177
S,Sul,Fio dagua,JACUI,JIUHCA,CASTRO ALVES,97,2022-06-25 14:00:00,241.87,150.41,317.11,1239.0,1298.0,159.0,1118.0,21.0,0.0,,outputs/ons-reserva-2021-2022-20260922/raw/ons-2022-06.csv,1ce4ed3b7d7514d1e8adf6e42ba2a1d5f203753fce6fae2f3d82de7da7e3b415,40177,40178
S,Sul,Fio dagua,JACUI,JIUHCA,CASTRO ALVES,97,2022-06-25 15:00:00,241.85,150.41,314.79,1249.0,1278.0,159.0,1099.0,21.0,0.0,,outputs/ons-reserva-2021-2022-20260922/raw/ons-2022-06.csv,1ce4ed3b7d7514d1e8adf6e42ba2a1d5f203753fce6fae2f3d82de7da7e3b415,40178,40179
S,Sul,Fio dagua,JACUI,JIUHCA,CASTRO ALVES,97,2022-06-25 16:00:00,241.82,150.41,311.31,1204.0,1249.0,159.0,1069.0,21.0,0.0,,outputs/ons-reserva-2021-2022-20260922/raw/ons-2022-06.csv,1ce4ed3b7d7514d1e8adf6e42ba2a1d5f203753fce6fae2f3d82de7da7e3b415,40179,40180
S,Sul,Fio dagua,JACUI,JIUHCA,CASTRO ALVES,97,2022-06-25 17:00:00,241.79,150.35,307.83,1175.0,1220.0,159.0,1040.0,21.0,0.0,,outputs/ons-reserva-2021-2022-20260922/raw/ons-2022-06.csv,1ce4ed3b7d7514d1e8adf6e42ba2a1d5f203753fce6fae2f3d82de7da7e3b415,40180,40181
S,Sul,Fio dagua,JACUI,JIUHCA,CASTRO ALVES,97,2022-06-25 18:00:00,241.76,150.33,304.34,1147.0,1191.0,159.0,1012.0,21.0,0.0,,outputs/ons-reserva-2021-2022-20260922/raw/ons-2022-06.csv,1ce4ed3b7d7514d1e8adf6e42ba2a1d5f203753fce6fae2f3d82de7da7e3b415,40181,40182
S,Sul,Fio dagua,JACUI,JIUHCA,CASTRO ALVES,97,2022-06-25 19:00:00,241.71,150.26,298.54,1070.0,1144.0,159.0,965.0,21.0,0.0,,outputs/ons-reserva-2021-2022-20260922/raw/ons-2022-06.csv,1ce4ed3b7d7514d1e8adf6e42ba2a1d5f203753fce6fae2f3d82de7da7e3b415,40182,40183
S,Sul,Fio dagua,JACUI,JIUHCA,CASTRO ALVES,97,2022-06-25 20:00:00,241.69,150.26,296.22,1096.0,1126.0,159.0,946.0,21.0,0.0,,outputs/ons-reserva-2021-2022-20260922/raw/ons-2022-06.csv,1ce4ed3b7d7514d1e8adf6e42ba2a1d5f203753fce6fae2f3d82de7da7e3b415,40183,40184
S,Sul,Fio dagua,JACUI,JIUHCA,CASTRO ALVES,97,2022-06-25 21:00:00,241.65,150.26,291.57,1030.0,1089.0,159.0,910.0,21.0,0.0,,outputs/ons-reserva-2021-2022-20260922/raw/ons-2022-06.csv,1ce4ed3b7d7514d1e8adf6e42ba2a1d5f203753fce6fae2f3d82de7da7e3b415,40184,40185
S,Sul,Fio dagua,JACUI,JIUHCA,CASTRO ALVES,97,2022-06-25 22:00:00,241.63,150.2,289.25,1042.0,1071.0,159.0,892.0,21.0,0.0,,outputs/ons-reserva-2021-2022-20260922/raw/ons-2022-06.csv,1ce4ed3b7d7514d1e8adf6e42ba2a1d5f203753fce6fae2f3d82de7da7e3b415,40185,40186
S,Sul,Fio dagua,JACUI,JIUHCA,CASTRO ALVES,97,2022-06-25 23:00:00,241.61,150.2,286.93,1024.0,1053.0,159.0,874.0,21.0,0.0,,outputs/ons-reserva-2021-2022-20260922/raw/ons-2022-06.csv,1ce4ed3b7d7514d1e8adf6e42ba2a1d5f203753fce6fae2f3d82de7da7e3b415,40186,40187
S,Sul,Fio dagua,JACUI,JIUHCA,CASTRO ALVES,97,2022-06-25 23:59:00,241.59,150.13,284.61,1006.0,1035.0,159.0,856.0,21.0,0.0,,outputs/ons-reserva-2021-2022-20260922/raw/ons-2022-06.csv,1ce4ed3b7d7514d1e8adf6e42ba2a1d5f203753fce6fae2f3d82de7da7e3b415,40187,40188
S,Sul,Fio dagua,JACUI,JIUHCA,CASTRO ALVES,97,2022-06-26 01:00:00,241.58,150.13,283.44,1012.0,1027.0,159.0,847.0,21.0,0.0,,outputs/ons-reserva-2021-2022-20260922/raw/ons-2022-06.csv,1ce4ed3b7d7514d1e8adf6e42ba2a1d5f203753fce6fae2f3d82de7da7e3b415,40188,40189
S,Sul,Fio dagua,JACUI,JIUHCA,CASTRO ALVES,97,2022-06-26 02:00:00,241.56,150.06,281.12,980.0,1009.0,159.0,830.0,21.0,0.0,,outputs/ons-reserva-2021-2022-20260922/raw/ons-2022-06.csv,1ce4ed3b7d7514d1e8adf6e42ba2a1d5f203753fce6fae2f3d82de7da7e3b415,40189,40190
S,Sul,Fio dagua,JACUI,JIUHCA,CASTRO ALVES,97,2022-06-26 03:00:00,241.54,150.06,278.8,962.0,992.0,159.0,813.0,21.0,0.0,,outputs/ons-reserva-2021-2022-20260922/raw/ons-2022-06.csv,1ce4ed3b7d7514d1e8adf6e42ba2a1d5f203753fce6fae2f3d82de7da7e3b415,40190,40191
S,Sul,Fio dagua,JACUI,JIUHCA,CASTRO ALVES,97,2022-06-26 04:00:00,241.51,149.98,275.32,922.0,967.0,159.0,787.0,20.0,0.0,,outputs/ons-reserva-2021-2022-20260922/raw/ons-2022-06.csv,1ce4ed3b7d7514d1e8adf6e42ba2a1d5f203753fce6fae2f3d82de7da7e3b415,40191,40192
S,Sul,Fio dagua,JACUI,JIUHCA,CASTRO ALVES,97,2022-06-26 05:00:00,241.48,149.91,271.83,898.0,942.0,159.0,763.0,20.0,0.0,,outputs/ons-reserva-2021-2022-20260922/raw/ons-2022-06.csv,1ce4ed3b7d7514d1e8adf6e42ba2a1d5f203753fce6fae2f3d82de7da7e3b415,40192,40193
S,Sul,Fio dagua,JACUI,JIUHCA,CASTRO ALVES,97,2022-06-26 06:00:00,241.46,149.85,269.51,896.0,926.0,159.0,747.0,20.0,0.0,,outputs/ons-reserva-2021-2022-20260922/raw/ons-2022-06.csv,1ce4ed3b7d7514d1e8adf6e42ba2a1d5f203753fce6fae2f3d82de7da7e3b415,40193,40194
S,Sul,Fio dagua,JACUI,JIUHCA,CASTRO ALVES,97,2022-06-26 07:00:00,241.44,149.85,267.19,880.0,910.0,159.0,731.0,20.0,0.0,,outputs/ons-reserva-2021-2022-20260922/raw/ons-2022-06.csv,1ce4ed3b7d7514d1e8adf6e42ba2a1d5f203753fce6fae2f3d82de7da7e3b415,40194,40195
S,Sul,Fio dagua,JACUI,JIUHCA,CASTRO ALVES,97,2022-06-26 08:00:00,241.42,149.99,264.87,864.0,894.0,159.0,715.0,20.0,0.0,,outputs/ons-reserva-2021-2022-20260922/raw/ons-2022-06.csv,1ce4ed3b7d7514d1e8adf6e42ba2a1d5f203753fce6fae2f3d82de7da7e3b415,40195,40196
S,Sul,Fio dagua,JACUI,JIUHCA,CASTRO ALVES,97,2022-06-26 09:00:00,241.4,150.06,262.55,849.0,878.0,159.0,699.0,20.0,0.0,,outputs/ons-reserva-2021-2022-20260922/raw/ons-2022-06.csv,1ce4ed3b7d7514d1e8adf6e42ba2a1d5f203753fce6fae2f3d82de7da7e3b415,40196,40197
S,Sul,Fio dagua,JACUI,JIUHCA,CASTRO ALVES,97,2022-06-26 10:00:00,241.38,149.99,260.22,833.0,862.0,159.0,683.0,20.0,0.0,,outputs/ons-reserva-2021-2022-20260922/raw/ons-2022-06.csv,1ce4ed3b7d7514d1e8adf6e42ba2a1d5f203753fce6fae2f3d82de7da7e3b415,40197,40198
S,Sul,Fio dagua,JACUI,JIUHCA,CASTRO ALVES,97,2022-06-26 11:00:00,241.37,149.99,259.06,840.0,855.0,159.0,676.0,20.0,0.0,,outputs/ons-reserva-2021-2022-20260922/raw/ons-2022-06.csv,1ce4ed3b7d7514d1e8adf6e42ba2a1d5f203753fce6fae2f3d82de7da7e3b415,40198,40199
S,Sul,Fio dagua,JACUI,JIUHCA,CASTRO ALVES,97,2022-06-26 12:00:00,241.35,149.91,256.74,810.0,839.0,159.0,660.0,20.0,0.0,,outputs/ons-reserva-2021-2022-20260922/raw/ons-2022-06.csv,1ce4ed3b7d7514d1e8adf6e42ba2a1d5f203753fce6fae2f3d82de7da7e3b415,40199,40200
S,Sul,Fio dagua,JACUI,JIUHCA,CASTRO ALVES,97,2022-06-26 13:00:00,241.32,149.91,253.26,772.0,816.0,159.0,637.0,20.0,0.0,,outputs/ons-reserva-2021-2022-20260922/raw/ons-2022-06.csv,1ce4ed3b7d7514d1e8adf6e42ba2a1d5f203753fce6fae2f3d82de7da7e3b415,40200,40201
S,Sul,Fio dagua,JACUI,JIUHCA,CASTRO ALVES,97,2022-06-26 14:00:00,241.31,149.84,252.1,794.0,809.0,159.0,630.0,20.0,0.0,,outputs/ons-reserva-2021-2022-20260922/raw/ons-2022-06.csv,1ce4ed3b7d7514d1e8adf6e42ba2a1d5f203753fce6fae2f3d82de7da7e3b415,40201,40202
S,Sul,Fio dagua,JACUI,JIUHCA,CASTRO ALVES,97,2022-06-26 15:00:00,241.29,149.84,249.77,764.0,794.0,159.0,615.0,20.0,0.0,,outputs/ons-reserva-2021-2022-20260922/raw/ons-2022-06.csv,1ce4ed3b7d7514d1e8adf6e42ba2a1d5f203753fce6fae2f3d82de7da7e3b415,40202,40203
S,Sul,Fio dagua,JACUI,JIUHCA,CASTRO ALVES,97,2022-06-26 16:00:00,241.27,149.91,247.45,749.0,779.0,159.0,600.0,20.0,0.0,,outputs/ons-reserva-2021-2022-20260922/raw/ons-2022-06.csv,1ce4ed3b7d7514d1e8adf6e42ba2a1d5f203753fce6fae2f3d82de7da7e3b415,40203,40204
S,Sul,Fio dagua,JACUI,JIUHCA,CASTRO ALVES,97,2022-06-26 17:00:00,241.25,149.97,245.13,735.0,764.0,159.0,585.0,20.0,0.0,,outputs/ons-reserva-2021-2022-20260922/raw/ons-2022-06.csv,1ce4ed3b7d7514d1e8adf6e42ba2a1d5f203753fce6fae2f3d82de7da7e3b415,40204,40205
S,Sul,Fio dagua,JACUI,JIUHCA,CASTRO ALVES,97,2022-06-26 18:00:00,241.23,149.97,242.81,720.0,749.0,159.0,571.0,20.0,0.0,,outputs/ons-reserva-2021-2022-20260922/raw/ons-2022-06.csv,1ce4ed3b7d7514d1e8adf6e42ba2a1d5f203753fce6fae2f3d82de7da7e3b415,40205,40206
S,Sul,Fio dagua,JACUI,JIUHCA,CASTRO ALVES,97,2022-06-26 19:00:00,241.21,149.97,240.49,705.0,735.0,159.0,556.0,20.0,0.0,,outputs/ons-reserva-2021-2022-20260922/raw/ons-2022-06.csv,1ce4ed3b7d7514d1e8adf6e42ba2a1d5f203753fce6fae2f3d82de7da7e3b415,40206,40207
S,Sul,Fio dagua,JACUI,JIUHCA,CASTRO ALVES,97,2022-06-26 20:00:00,241.21,149.91,240.49,735.0,735.0,159.0,556.0,20.0,0.0,,outputs/ons-reserva-2021-2022-20260922/raw/ons-2022-06.csv,1ce4ed3b7d7514d1e8adf6e42ba2a1d5f203753fce6fae2f3d82de7da7e3b415,40207,40208
S,Sul,Fio dagua,JACUI,JIUHCA,CASTRO ALVES,97,2022-06-26 21:00:00,241.19,149.91,238.16,691.0,721.0,159.0,542.0,20.0,0.0,,outputs/ons-reserva-2021-2022-20260922/raw/ons-2022-06.csv,1ce4ed3b7d7514d1e8adf6e42ba2a1d5f203753fce6fae2f3d82de7da7e3b415,40208,40209
S,Sul,Fio dagua,JACUI,JIUHCA,CASTRO ALVES,97,2022-06-26 22:00:00,241.18,149.91,237.0,699.0,714.0,159.0,535.0,20.0,0.0,,outputs/ons-reserva-2021-2022-20260922/raw/ons-2022-06.csv,1ce4ed3b7d7514d1e8adf6e42ba2a1d5f203753fce6fae2f3d82de7da7e3b415,40209,40210
S,Sul,Fio dagua,JACUI,JIUHCA,CASTRO ALVES,97,2022-06-26 23:00:00,241.17,149.83,235.84,692.0,706.0,159.0,528.0,20.0,0.0,,outputs/ons-reserva-2021-2022-20260922/raw/ons-2022-06.csv,1ce4ed3b7d7514d1e8adf6e42ba2a1d5f203753fce6fae2f3d82de7da7e3b415,40210,40211
S,Sul,Fio dagua,JACUI,JIUHCA,CASTRO ALVES,97,2022-06-26 23:59:00,241.16,149.83,234.68,685.0,699.0,159.0,521.0,20.0,0.0,,outputs/ons-reserva-2021-2022-20260922/raw/ons-2022-06.csv,1ce4ed3b7d7514d1e8adf6e42ba2a1d5f203753fce6fae2f3d82de7da7e3b415,40211,40212
S,Sul,Fio dagua,JACUI,JIUHCA,CASTRO ALVES,97,2022-06-27 01:00:00,241.14,149.83,232.36,656.0,685.0,159.0,507.0,20.0,0.0,,outputs/ons-reserva-2021-2022-20260922/raw/ons-2022-06.csv,1ce4ed3b7d7514d1e8adf6e42ba2a1d5f203753fce6fae2f3d82de7da7e3b415,40212,40213
S,Sul,Fio dagua,JACUI,JIUHCA,CASTRO ALVES,97,2022-06-27 02:00:00,241.13,149.76,231.2,664.0,678.0,159.0,500.0,20.0,0.0,,outputs/ons-reserva-2021-2022-20260922/raw/ons-2022-06.csv,1ce4ed3b7d7514d1e8adf6e42ba2a1d5f203753fce6fae2f3d82de7da7e3b415,40213,40214
S,Sul,Fio dagua,JACUI,JIUHCA,CASTRO ALVES,97,2022-06-27 03:00:00,241.11,149.76,228.88,635.0,665.0,159.0,486.0,20.0,0.0,,outputs/ons-reserva-2021-2022-20260922/raw/ons-2022-06.csv,1ce4ed3b7d7514d1e8adf6e42ba2a1d5f203753fce6fae2f3d82de7da7e3b415,40214,40215
S,Sul,Fio dagua,JACUI,JIUHCA,CASTRO ALVES,97,2022-06-27 04:00:00,241.1,149.69,227.71,643.0,658.0,159.0,479.0,20.0,0.0,,outputs/ons-reserva-2021-2022-20260922/raw/ons-2022-06.csv,1ce4ed3b7d7514d1e8adf6e42ba2a1d5f203753fce6fae2f3d82de7da7e3b415,40215,40216
S,Sul,Fio dagua,JACUI,JIUHCA,CASTRO ALVES,97,2022-06-27 05:00:00,241.08,149.69,225.39,615.0,644.0,159.0,466.0,20.0,0.0,,outputs/ons-reserva-2021-2022-20260922/raw/ons-2022-06.csv,1ce4ed3b7d7514d1e8adf6e42ba2a1d5f203753fce6fae2f3d82de7da7e3b415,40216,40217
S,Sul,Fio dagua,JACUI,JIUHCA,CASTRO ALVES,97,2022-06-27 06:00:00,241.07,149.69,224.23,623.0,638.0,159.0,459.0,20.0,0.0,,outputs/ons-reserva-2021-2022-20260922/raw/ons-2022-06.csv,1ce4ed3b7d7514d1e8adf6e42ba2a1d5f203753fce6fae2f3d82de7da7e3b415,40217,40218
S,Sul,Fio dagua,JACUI,JIUHCA,CASTRO ALVES,97,2022-06-27 07:00:00,241.06,149.61,223.07,616.0,631.0,159.0,452.0,20.0,0.0,,outputs/ons-reserva-2021-2022-20260922/raw/ons-2022-06.csv,1ce4ed3b7d7514d1e8adf6e42ba2a1d5f203753fce6fae2f3d82de7da7e3b415,40218,40219
S,Sul,Fio dagua,JACUI,JIUHCA,CASTRO ALVES,97,2022-06-27 08:00:00,241.05,149.61,221.91,610.0,624.0,159.0,446.0,20.0,0.0,,outputs/ons-reserva-2021-2022-20260922/raw/ons-2022-06.csv,1ce4ed3b7d7514d1e8adf6e42ba2a1d5f203753fce6fae2f3d82de7da7e3b415,40219,40220
S,Sul,Fio dagua,JACUI,JIUHCA,CASTRO ALVES,97,2022-06-27 09:00:00,241.03,149.61,219.59,582.0,611.0,159.0,433.0,20.0,0.0,,outputs/ons-reserva-2021-2022-20260922/raw/ons-2022-06.csv,1ce4ed3b7d7514d1e8adf6e42ba2a1d5f203753fce6fae2f3d82de7da7e3b415,40220,40221
S,Sul,Fio dagua,JACUI,JIUHCA,CASTRO ALVES,97,2022-06-27 10:00:00,241.02,149.55,218.43,590.0,605.0,159.0,426.0,20.0,0.0,,outputs/ons-reserva-2021-2022-20260922/raw/ons-2022-06.csv,1ce4ed3b7d7514d1e8adf6e42ba2a1d5f203753fce6fae2f3d82de7da7e3b415,40221,40222
S,Sul,Fio dagua,JACUI,JIUHCA,CASTRO ALVES,97,2022-06-27 11:00:00,241.01,149.55,217.27,583.0,598.0,159.0,420.0,20.0,0.0,,outputs/ons-reserva-2021-2022-20260922/raw/ons-2022-06.csv,1ce4ed3b7d7514d1e8adf6e42ba2a1d5f203753fce6fae2f3d82de7da7e3b415,40222,40223
S,Sul,Fio dagua,JACUI,JIUHCA,CASTRO ALVES,97,2022-06-27 12:00:00,241.0,149.55,216.1,577.0,592.0,159.0,413.0,20.0,0.0,,outputs/ons-reserva-2021-2022-20260922/raw/ons-2022-06.csv,1ce4ed3b7d7514d1e8adf6e42ba2a1d5f203753fce6fae2f3d82de7da7e3b415,40223,40224
S,Sul,Fio dagua,JACUI,JIUHCA,CASTRO ALVES,97,2022-06-27 13:00:00,240.99,149.55,214.94,571.0,585.0,159.0,407.0,20.0,0.0,,outputs/ons-reserva-2021-2022-20260922/raw/ons-2022-06.csv,1ce4ed3b7d7514d1e8adf6e42ba2a1d5f203753fce6fae2f3d82de7da7e3b415,40224,40225
S,Sul,Fio dagua,JACUI,JIUHCA,CASTRO ALVES,97,2022-06-27 14:00:00,240.98,149.48,213.78,564.0,579.0,159.0,400.0,20.0,0.0,,outputs/ons-reserva-2021-2022-20260922/raw/ons-2022-06.csv,1ce4ed3b7d7514d1e8adf6e42ba2a1d5f203753fce6fae2f3d82de7da7e3b415,40225,40226
S,Sul,Fio dagua,JACUI,JIUHCA,CASTRO ALVES,97,2022-06-27 15:00:00,240.97,149.48,212.62,558.0,572.0,159.0,394.0,20.0,0.0,,outputs/ons-reserva-2021-2022-20260922/raw/ons-2022-06.csv,1ce4ed3b7d7514d1e8adf6e42ba2a1d5f203753fce6fae2f3d82de7da7e3b415,40226,40227
S,Sul,Fio dagua,JACUI,JIUHCA,CASTRO ALVES,97,2022-06-27 16:00:00,240.96,149.48,211.46,551.0,566.0,159.0,387.0,20.0,0.0,,outputs/ons-reserva-2021-2022-20260922/raw/ons-2022-06.csv,1ce4ed3b7d7514d1e8adf6e42ba2a1d5f203753fce6fae2f3d82de7da7e3b415,40227,40228
S,Sul,Fio dagua,JACUI,JIUHCA,CASTRO ALVES,97,2022-06-27 17:00:00,240.95,149.41,210.3,544.0,559.0,159.0,381.0,20.0,0.0,,outputs/ons-reserva-2021-2022-20260922/raw/ons-2022-06.csv,1ce4ed3b7d7514d1e8adf6e42ba2a1d5f203753fce6fae2f3d82de7da7e3b415,40228,40229
S,Sul,Fio dagua,JACUI,JIUHCA,CASTRO ALVES,97,2022-06-27 18:00:00,240.94,149.41,209.14,538.0,553.0,159.0,374.0,20.0,0.0,,outputs/ons-reserva-2021-2022-20260922/raw/ons-2022-06.csv,1ce4ed3b7d7514d1e8adf6e42ba2a1d5f203753fce6fae2f3d82de7da7e3b415,40229,40230
S,Sul,Fio dagua,JACUI,JIUHCA,CASTRO ALVES,97,2022-06-27 19:00:00,240.93,149.41,207.98,531.0,546.0,159.0,368.0,20.0,0.0,,outputs/ons-reserva-2021-2022-20260922/raw/ons-2022-06.csv,1ce4ed3b7d7514d1e8adf6e42ba2a1d5f203753fce6fae2f3d82de7da7e3b415,40230,40231
S,Sul,Fio dagua,JACUI,JIUHCA,CASTRO ALVES,97,2022-06-27 20:00:00,240.92,149.41,206.82,525.0,540.0,159.0,361.0,20.0,0.0,,outputs/ons-reserva-2021-2022-20260922/raw/ons-2022-06.csv,1ce4ed3b7d7514d1e8adf6e42ba2a1d5f203753fce6fae2f3d82de7da7e3b415,40231,40232
S,Sul,Fio dagua,JACUI,JIUHCA,CASTRO ALVES,97,2022-06-27 21:00:00,240.91,149.4,205.65,519.0,533.0,159.0,355.0,20.0,0.0,,outputs/ons-reserva-2021-2022-20260922/raw/ons-2022-06.csv,1ce4ed3b7d7514d1e8adf6e42ba2a1d5f203753fce6fae2f3d82de7da7e3b415,40232,40233
S,Sul,Fio dagua,JACUI,JIUHCA,CASTRO ALVES,97,2022-06-27 22:00:00,240.9,149.34,204.49,512.0,527.0,159.0,349.0,20.0,0.0,,outputs/ons-reserva-2021-2022-20260922/raw/ons-2022-06.csv,1ce4ed3b7d7514d1e8adf6e42ba2a1d5f203753fce6fae2f3d82de7da7e3b415,40233,40234
S,Sul,Fio dagua,JACUI,JIUHCA,CASTRO ALVES,97,2022-06-27 23:00:00,240.89,149.34,203.33,506.0,521.0,159.0,342.0,20.0,0.0,,outputs/ons-reserva-2021-2022-20260922/raw/ons-2022-06.csv,1ce4ed3b7d7514d1e8adf6e42ba2a1d5f203753fce6fae2f3d82de7da7e3b415,40234,40235
S,Sul,Fio dagua,JACUI,JIUHCA,CASTRO ALVES,97,2022-06-27 23:59:00,240.88,149.28,202.17,500.0,515.0,159.0,336.0,20.0,0.0,,outputs/ons-reserva-2021-2022-20260922/raw/ons-2022-06.csv,1ce4ed3b7d7514d1e8adf6e42ba2a1d5f203753fce6fae2f3d82de7da7e3b415,40235,40236
S,Sul,Fio dagua,JACUI,JIUHCA,CASTRO ALVES,97,2022-06-28 01:00:00,240.87,149.28,201.01,494.0,508.0,159.0,330.0,20.0,0.0,,outputs/ons-reserva-2021-2022-20260922/raw/ons-2022-06.csv,1ce4ed3b7d7514d1e8adf6e42ba2a1d5f203753fce6fae2f3d82de7da7e3b415,40236,40237
S,Sul,Fio dagua,JACUI,JIUHCA,CASTRO ALVES,97,2022-06-28 02:00:00,240.86,149.28,199.85,487.0,502.0,159.0,324.0,20.0,0.0,,outputs/ons-reserva-2021-2022-20260922/raw/ons-2022-06.csv,1ce4ed3b7d7514d1e8adf6e42ba2a1d5f203753fce6fae2f3d82de7da7e3b415,40237,40238
S,Sul,Fio dagua,JACUI,JIUHCA,CASTRO ALVES,97,2022-06-28 03:00:00,240.85,149.28,198.69,481.0,496.0,159.0,318.0,20.0,0.0,,outputs/ons-reserva-2021-2022-20260922/raw/ons-2022-06.csv,1ce4ed3b7d7514d1e8adf6e42ba2a1d5f203753fce6fae2f3d82de7da7e3b415,40238,40239
S,Sul,Fio dagua,JACUI,JIUHCA,CASTRO ALVES,97,2022-06-28 04:00:00,240.84,149.21,197.53,475.0,490.0,159.0,312.0,20.0,0.0,,outputs/ons-reserva-2021-2022-20260922/raw/ons-2022-06.csv,1ce4ed3b7d7514d1e8adf6e42ba2a1d5f203753fce6fae2f3d82de7da7e3b415,40239,40240
S,Sul,Fio dagua,JACUI,JIUHCA,CASTRO ALVES,97,2022-06-28 05:00:00,240.83,149.21,196.37,469.0,484.0,159.0,306.0,20.0,0.0,,outputs/ons-reserva-2021-2022-20260922/raw/ons-2022-06.csv,1ce4ed3b7d7514d1e8adf6e42ba2a1d5f203753fce6fae2f3d82de7da7e3b415,40240,40241
S,Sul,Fio dagua,JACUI,JIUHCA,CASTRO ALVES,97,2022-06-28 06:00:00,240.82,149.21,195.21,463.0,478.0,159.0,300.0,20.0,0.0,,outputs/ons-reserva-2021-2022-20260922/raw/ons-2022-06.csv,1ce4ed3b7d7514d1e8adf6e42ba2a1d5f203753fce6fae2f3d82de7da7e3b415,40241,40242
S,Sul,Fio dagua,JACUI,JIUHCA,CASTRO ALVES,97,2022-06-28 07:00:00,240.81,149.21,194.04,458.0,472.0,159.0,294.0,20.0,0.0,,outputs/ons-reserva-2021-2022-20260922/raw/ons-2022-06.csv,1ce4ed3b7d7514d1e8adf6e42ba2a1d5f203753fce6fae2f3d82de7da7e3b415,40242,40243
S,Sul,Fio dagua,JACUI,JIUHCA,CASTRO ALVES,97,2022-06-28 08:00:00,240.81,149.14,194.04,472.0,472.0,159.0,294.0,20.0,0.0,,outputs/ons-reserva-2021-2022-20260922/raw/ons-2022-06.csv,1ce4ed3b7d7514d1e8adf6e42ba2a1d5f203753fce6fae2f3d82de7da7e3b415,40243,40244
S,Sul,Fio dagua,JACUI,JIUHCA,CASTRO ALVES,97,2022-06-28 09:00:00,240.8,149.14,192.88,452.0,466.0,159.0,288.0,20.0,0.0,,outputs/ons-reserva-2021-2022-20260922/raw/ons-2022-06.csv,1ce4ed3b7d7514d1e8adf6e42ba2a1d5f203753fce6fae2f3d82de7da7e3b415,40244,40245
S,Sul,Fio dagua,JACUI,JIUHCA,CASTRO ALVES,97,2022-06-28 10:00:00,240.79,149.14,191.72,446.0,461.0,159.0,282.0,20.0,0.0,,outputs/ons-reserva-2021-2022-20260922/raw/ons-2022-06.csv,1ce4ed3b7d7514d1e8adf6e42ba2a1d5f203753fce6fae2f3d82de7da7e3b415,40245,40246
S,Sul,Fio dagua,JACUI,JIUHCA,CASTRO ALVES,97,2022-06-28 11:00:00,240.78,149.14,190.56,440.0,455.0,159.0,277.0,20.0,0.0,,outputs/ons-reserva-2021-2022-20260922/raw/ons-2022-06.csv,1ce4ed3b7d7514d1e8adf6e42ba2a1d5f203753fce6fae2f3d82de7da7e3b415,40246,40247
S,Sul,Fio dagua,JACUI,JIUHCA,CASTRO ALVES,97,2022-06-28 12:00:00,240.77,149.14,189.4,435.0,449.0,159.0,271.0,20.0,0.0,,outputs/ons-reserva-2021-2022-20260922/raw/ons-2022-06.csv,1ce4ed3b7d7514d1e8adf6e42ba2a1d5f203753fce6fae2f3d82de7da7e3b415,40247,40248
S,Sul,Fio dagua,JACUI,JIUHCA,CASTRO ALVES,97,2022-06-28 13:00:00,240.77,149.14,189.4,449.0,449.0,159.0,271.0,20.0,0.0,,outputs/ons-reserva-2021-2022-20260922/raw/ons-2022-06.csv,1ce4ed3b7d7514d1e8adf6e42ba2a1d5f203753fce6fae2f3d82de7da7e3b415,40248,40249
S,Sul,Fio dagua,JACUI,JIUHCA,CASTRO ALVES,97,2022-06-28 14:00:00,240.76,149.14,188.24,429.0,444.0,159.0,265.0,20.0,0.0,,outputs/ons-reserva-2021-2022-20260922/raw/ons-2022-06.csv,1ce4ed3b7d7514d1e8adf6e42ba2a1d5f203753fce6fae2f3d82de7da7e3b415,40249,40250
S,Sul,Fio dagua,JACUI,JIUHCA,CASTRO ALVES,97,2022-06-28 15:00:00,240.75,149.07,187.08,423.0,438.0,159.0,260.0,20.0,0.0,,outputs/ons-reserva-2021-2022-20260922/raw/ons-2022-06.csv,1ce4ed3b7d7514d1e8adf6e42ba2a1d5f203753fce6fae2f3d82de7da7e3b415,40250,40251
S,Sul,Fio dagua,JACUI,JIUHCA,CASTRO ALVES,97,2022-06-28 16:00:00,240.74,149.07,185.92,418.0,433.0,159.0,254.0,20.0,0.0,,outputs/ons-reserva-2021-2022-20260922/raw/ons-2022-06.csv,1ce4ed3b7d7514d1e8adf6e42ba2a1d5f203753fce6fae2f3d82de7da7e3b415,40251,40252
S,Sul,Fio dagua,JACUI,JIUHCA,CASTRO ALVES,97,2022-06-28 17:00:00,240.74,149.07,185.92,433.0,433.0,159.0,254.0,20.0,0.0,,outputs/ons-reserva-2021-2022-20260922/raw/ons-2022-06.csv,1ce4ed3b7d7514d1e8adf6e42ba2a1d5f203753fce6fae2f3d82de7da7e3b415,40252,40253
S,Sul,Fio dagua,JACUI,JIUHCA,CASTRO ALVES,97,2022-06-28 18:00:00,240.73,149.07,184.76,412.0,427.0,159.0,249.0,20.0,0.0,,outputs/ons-reserva-2021-2022-20260922/raw/ons-2022-06.csv,1ce4ed3b7d7514d1e8adf6e42ba2a1d5f203753fce6fae2f3d82de7da7e3b415,40253,40254
S,Sul,Fio dagua,JACUI,JIUHCA,CASTRO ALVES,97,2022-06-28 19:00:00,240.72,149.07,183.59,407.0,422.0,159.0,243.0,20.0,0.0,,outputs/ons-reserva-2021-2022-20260922/raw/ons-2022-06.csv,1ce4ed3b7d7514d1e8adf6e42ba2a1d5f203753fce6fae2f3d82de7da7e3b415,40254,40255
S,Sul,Fio dagua,JACUI,JIUHCA,CASTRO ALVES,97,2022-06-28 20:00:00,240.71,149.07,182.43,401.0,416.0,159.0,238.0,20.0,0.0,,outputs/ons-reserva-2021-2022-20260922/raw/ons-2022-06.csv,1ce4ed3b7d7514d1e8adf6e42ba2a1d5f203753fce6fae2f3d82de7da7e3b415,40255,40256
S,Sul,Fio dagua,JACUI,JIUHCA,CASTRO ALVES,97,2022-06-28 21:00:00,240.71,149.0,182.43,416.0,416.0,159.0,238.0,20.0,0.0,,outputs/ons-reserva-2021-2022-20260922/raw/ons-2022-06.csv,1ce4ed3b7d7514d1e8adf6e42ba2a1d5f203753fce6fae2f3d82de7da7e3b415,40256,40257
S,Sul,Fio dagua,JACUI,JIUHCA,CASTRO ALVES,97,2022-06-28 22:00:00,240.71,149.0,182.43,416.0,416.0,159.0,238.0,20.0,0.0,,outputs/ons-reserva-2021-2022-20260922/raw/ons-2022-06.csv,1ce4ed3b7d7514d1e8adf6e42ba2a1d5f203753fce6fae2f3d82de7da7e3b415,40257,40258
S,Sul,Fio dagua,JACUI,JIUHCA,CASTRO ALVES,97,2022-06-28 23:00:00,240.7,149.0,181.27,396.0,411.0,159.0,232.0,20.0,0.0,,outputs/ons-reserva-2021-2022-20260922/raw/ons-2022-06.csv,1ce4ed3b7d7514d1e8adf6e42ba2a1d5f203753fce6fae2f3d82de7da7e3b415,40258,40259
S,Sul,Fio dagua,JACUI,JIUHCA,CASTRO ALVES,97,2022-06-28 23:59:00,240.7,149.0,181.27,411.0,411.0,159.0,232.0,20.0,0.0,,outputs/ons-reserva-2021-2022-20260922/raw/ons-2022-06.csv,1ce4ed3b7d7514d1e8adf6e42ba2a1d5f203753fce6fae2f3d82de7da7e3b415,40259,40260
S,Sul,Fio dagua,JACUI,JIUHCA,CASTRO ALVES,97,2022-06-29 01:00:00,240.7,149.0,181.27,411.0,411.0,159.0,232.0,20.0,0.0,,outputs/ons-reserva-2021-2022-20260922/raw/ons-2022-06.csv,1ce4ed3b7d7514d1e8adf6e42ba2a1d5f203753fce6fae2f3d82de7da7e3b415,40260,40261
S,Sul,Fio dagua,JACUI,JIUHCA,CASTRO ALVES,97,2022-06-29 02:00:00,240.69,148.94,180.11,391.0,405.0,159.0,227.0,20.0,0.0,,outputs/ons-reserva-2021-2022-20260922/raw/ons-2022-06.csv,1ce4ed3b7d7514d1e8adf6e42ba2a1d5f203753fce6fae2f3d82de7da7e3b415,40261,40262
S,Sul,Fio dagua,JACUI,JIUHCA,CASTRO ALVES,97,2022-06-29 03:00:00,240.69,148.95,180.11,405.0,405.0,159.0,227.0,20.0,0.0,,outputs/ons-reserva-2021-2022-20260922/raw/ons-2022-06.csv,1ce4ed3b7d7514d1e8adf6e42ba2a1d5f203753fce6fae2f3d82de7da7e3b415,40262,40263
S,Sul,Fio dagua,JACUI,JIUHCA,CASTRO ALVES,97,2022-06-29 04:00:00,240.68,149.01,178.95,385.0,400.0,159.0,222.0,20.0,0.0,,outputs/ons-reserva-2021-2022-20260922/raw/ons-2022-06.csv,1ce4ed3b7d7514d1e8adf6e42ba2a1d5f203753fce6fae2f3d82de7da7e3b415,40263,40264
S,Sul,Fio dagua,JACUI,JIUHCA,CASTRO ALVES,97,2022-06-29 05:00:00,240.68,149.0,178.95,400.0,400.0,159.0,222.0,20.0,0.0,,outputs/ons-reserva-2021-2022-20260922/raw/ons-2022-06.csv,1ce4ed3b7d7514d1e8adf6e42ba2a1d5f203753fce6fae2f3d82de7da7e3b415,40264,40265
S,Sul,Fio dagua,JACUI,JIUHCA,CASTRO ALVES,97,2022-06-29 06:00:00,240.68,148.95,178.95,400.0,400.0,159.0,222.0,20.0,0.0,,outputs/ons-reserva-2021-2022-20260922/raw/ons-2022-06.csv,1ce4ed3b7d7514d1e8adf6e42ba2a1d5f203753fce6fae2f3d82de7da7e3b415,40265,40266
S,Sul,Fio dagua,JACUI,JIUHCA,CASTRO ALVES,97,2022-06-29 07:00:00,240.68,148.95,178.95,400.0,400.0,159.0,222.0,20.0,0.0,,outputs/ons-reserva-2021-2022-20260922/raw/ons-2022-06.csv,1ce4ed3b7d7514d1e8adf6e42ba2a1d5f203753fce6fae2f3d82de7da7e3b415,40266,40267
S,Sul,Fio dagua,JACUI,JIUHCA,CASTRO ALVES,97,2022-06-29 08:00:00,240.68,148.95,178.95,400.0,400.0,159.0,222.0,20.0,0.0,,outputs/ons-reserva-2021-2022-20260922/raw/ons-2022-06.csv,1ce4ed3b7d7514d1e8adf6e42ba2a1d5f203753fce6fae2f3d82de7da7e3b415,40267,40268
S,Sul,Fio dagua,JACUI,JIUHCA,CASTRO ALVES,97,2022-06-29 09:00:00,240.68,148.95,178.95,400.0,400.0,159.0,222.0,20.0,0.0,,outputs/ons-reserva-2021-2022-20260922/raw/ons-2022-06.csv,1ce4ed3b7d7514d1e8adf6e42ba2a1d5f203753fce6fae2f3d82de7da7e3b415,40268,40269
S,Sul,Fio dagua,JACUI,JIUHCA,CASTRO ALVES,97,2022-06-29 10:00:00,240.68,148.95,178.95,400.0,400.0,159.0,222.0,20.0,0.0,,outputs/ons-reserva-2021-2022-20260922/raw/ons-2022-06.csv,1ce4ed3b7d7514d1e8adf6e42ba2a1d5f203753fce6fae2f3d82de7da7e3b415,40269,40270
S,Sul,Fio dagua,JACUI,JIUHCA,CASTRO ALVES,97,2022-06-29 11:00:00,240.68,148.95,178.95,400.0,400.0,159.0,222.0,20.0,0.0,,outputs/ons-reserva-2021-2022-20260922/raw/ons-2022-06.csv,1ce4ed3b7d7514d1e8adf6e42ba2a1d5f203753fce6fae2f3d82de7da7e3b415,40270,40271
S,Sul,Fio dagua,JACUI,JIUHCA,CASTRO ALVES,97,2022-06-29 12:00:00,240.68,148.95,178.95,400.0,400.0,159.0,222.0,20.0,0.0,,outputs/ons-reserva-2021-2022-20260922/raw/ons-2022-06.csv,1ce4ed3b7d7514d1e8adf6e42ba2a1d5f203753fce6fae2f3d82de7da7e3b415,40271,40272
S,Sul,Fio dagua,JACUI,JIUHCA,CASTRO ALVES,97,2022-06-29 13:00:00,240.68,148.95,178.95,400.0,400.0,159.0,222.0,20.0,0.0,,outputs/ons-reserva-2021-2022-20260922/raw/ons-2022-06.csv,1ce4ed3b7d7514d1e8adf6e42ba2a1d5f203753fce6fae2f3d82de7da7e3b415,40272,40273
S,Sul,Fio dagua,JACUI,JIUHCA,CASTRO ALVES,97,2022-06-29 14:00:00,240.68,148.95,178.95,400.0,400.0,159.0,222.0,20.0,0.0,,outputs/ons-reserva-2021-2022-20260922/raw/ons-2022-06.csv,1ce4ed3b7d7514d1e8adf6e42ba2a1d5f203753fce6fae2f3d82de7da7e3b415,40273,40274
S,Sul,Fio dagua,JACUI,JIUHCA,CASTRO ALVES,97,2022-06-29 15:00:00,240.68,148.95,178.95,400.0,400.0,159.0,222.0,20.0,0.0,,outputs/ons-reserva-2021-2022-20260922/raw/ons-2022-06.csv,1ce4ed3b7d7514d1e8adf6e42ba2a1d5f203753fce6fae2f3d82de7da7e3b415,40274,40275
S,Sul,Fio dagua,JACUI,JIUHCA,CASTRO ALVES,97,2022-06-29 16:00:00,240.68,148.95,178.95,400.0,400.0,159.0,222.0,20.0,0.0,,outputs/ons-reserva-2021-2022-20260922/raw/ons-2022-06.csv,1ce4ed3b7d7514d1e8adf6e42ba2a1d5f203753fce6fae2f3d82de7da7e3b415,40275,40276
S,Sul,Fio dagua,JACUI,JIUHCA,CASTRO ALVES,97,2022-06-29 17:00:00,240.67,148.95,177.79,380.0,395.0,159.0,217.0,20.0,0.0,,outputs/ons-reserva-2021-2022-20260922/raw/ons-2022-06.csv,1ce4ed3b7d7514d1e8adf6e42ba2a1d5f203753fce6fae2f3d82de7da7e3b415,40276,40277
S,Sul,Fio dagua,JACUI,JIUHCA,CASTRO ALVES,97,2022-06-29 18:00:00,240.66,148.95,176.63,375.0,390.0,159.0,212.0,20.0,0.0,,outputs/ons-reserva-2021-2022-20260922/raw/ons-2022-06.csv,1ce4ed3b7d7514d1e8adf6e42ba2a1d5f203753fce6fae2f3d82de7da7e3b415,40277,40278
S,Sul,Fio dagua,JACUI,JIUHCA,CASTRO ALVES,97,2022-06-29 19:00:00,240.66,148.95,176.63,390.0,390.0,159.0,212.0,20.0,0.0,,outputs/ons-reserva-2021-2022-20260922/raw/ons-2022-06.csv,1ce4ed3b7d7514d1e8adf6e42ba2a1d5f203753fce6fae2f3d82de7da7e3b415,40278,40279
S,Sul,Fio dagua,JACUI,JIUHCA,CASTRO ALVES,97,2022-06-29 20:00:00,240.66,148.88,176.63,390.0,390.0,158.0,212.0,20.0,0.0,,outputs/ons-reserva-2021-2022-20260922/raw/ons-2022-06.csv,1ce4ed3b7d7514d1e8adf6e42ba2a1d5f203753fce6fae2f3d82de7da7e3b415,40279,40280
S,Sul,Fio dagua,JACUI,JIUHCA,CASTRO ALVES,97,2022-06-29 21:00:00,240.66,148.88,176.63,390.0,390.0,159.0,212.0,20.0,0.0,,outputs/ons-reserva-2021-2022-20260922/raw/ons-2022-06.csv,1ce4ed3b7d7514d1e8adf6e42ba2a1d5f203753fce6fae2f3d82de7da7e3b415,40280,40281
S,Sul,Fio dagua,JACUI,JIUHCA,CASTRO ALVES,97,2022-06-29 22:00:00,240.65,148.88,175.47,370.0,385.0,159.0,207.0,20.0,0.0,,outputs/ons-reserva-2021-2022-20260922/raw/ons-2022-06.csv,1ce4ed3b7d7514d1e8adf6e42ba2a1d5f203753fce6fae2f3d82de7da7e3b415,40281,40282
S,Sul,Fio dagua,JACUI,JIUHCA,CASTRO ALVES,97,2022-06-29 23:00:00,240.65,148.88,175.47,385.0,385.0,158.0,207.0,20.0,0.0,,outputs/ons-reserva-2021-2022-20260922/raw/ons-2022-06.csv,1ce4ed3b7d7514d1e8adf6e42ba2a1d5f203753fce6fae2f3d82de7da7e3b415,40282,40283
S,Sul,Fio dagua,JACUI,JIUHCA,CASTRO ALVES,97,2022-06-29 23:59:00,240.65,148.88,175.47,385.0,385.0,158.0,207.0,20.0,0.0,,outputs/ons-reserva-2021-2022-20260922/raw/ons-2022-06.csv,1ce4ed3b7d7514d1e8adf6e42ba2a1d5f203753fce6fae2f3d82de7da7e3b415,40283,40284
S,Sul,Fio dagua,JACUI,JIUHCA,CASTRO ALVES,97,2022-06-30 01:00:00,240.65,148.88,175.47,385.0,385.0,158.0,207.0,20.0,0.0,,outputs/ons-reserva-2021-2022-20260922/raw/ons-2022-06.csv,1ce4ed3b7d7514d1e8adf6e42ba2a1d5f203753fce6fae2f3d82de7da7e3b415,40284,40285
S,Sul,Fio dagua,JACUI,JIUHCA,CASTRO ALVES,97,2022-06-30 02:00:00,240.65,148.88,175.47,385.0,385.0,158.0,207.0,20.0,0.0,,outputs/ons-reserva-2021-2022-20260922/raw/ons-2022-06.csv,1ce4ed3b7d7514d1e8adf6e42ba2a1d5f203753fce6fae2f3d82de7da7e3b415,40285,40286
S,Sul,Fio dagua,JACUI,JIUHCA,CASTRO ALVES,97,2022-06-30 03:00:00,240.65,148.8,175.47,384.0,384.0,158.0,207.0,20.0,0.0,,outputs/ons-reserva-2021-2022-20260922/raw/ons-2022-06.csv,1ce4ed3b7d7514d1e8adf6e42ba2a1d5f203753fce6fae2f3d82de7da7e3b415,40286,40287
S,Sul,Fio dagua,JACUI,JIUHCA,CASTRO ALVES,97,2022-06-30 04:00:00,240.64,148.85,174.31,365.0,379.0,158.0,202.0,20.0,0.0,,outputs/ons-reserva-2021-2022-20260922/raw/ons-2022-06.csv,1ce4ed3b7d7514d1e8adf6e42ba2a1d5f203753fce6fae2f3d82de7da7e3b415,40287,40288
S,Sul,Fio dagua,JACUI,JIUHCA,CASTRO ALVES,97,2022-06-30 05:00:00,240.63,148.88,173.15,360.0,375.0,158.0,197.0,20.0,0.0,,outputs/ons-reserva-2021-2022-20260922/raw/ons-2022-06.csv,1ce4ed3b7d7514d1e8adf6e42ba2a1d5f203753fce6fae2f3d82de7da7e3b415,40288,40289
S,Sul,Fio dagua,JACUI,JIUHCA,CASTRO ALVES,97,2022-06-30 06:00:00,240.63,148.88,173.15,375.0,375.0,159.0,197.0,20.0,0.0,,outputs/ons-reserva-2021-2022-20260922/raw/ons-2022-06.csv,1ce4ed3b7d7514d1e8adf6e42ba2a1d5f203753fce6fae2f3d82de7da7e3b415,40289,40290
S,Sul,Fio dagua,JACUI,JIUHCA,CASTRO ALVES,97,2022-06-30 07:00:00,240.63,148.82,173.15,374.0,374.0,158.0,197.0,20.0,0.0,,outputs/ons-reserva-2021-2022-20260922/raw/ons-2022-06.csv,1ce4ed3b7d7514d1e8adf6e42ba2a1d5f203753fce6fae2f3d82de7da7e3b415,40290,40291
S,Sul,Fio dagua,JACUI,JIUHCA,CASTRO ALVES,97,2022-06-30 08:00:00,240.63,148.81,173.15,374.0,374.0,158.0,197.0,20.0,0.0,,outputs/ons-reserva-2021-2022-20260922/raw/ons-2022-06.csv,1ce4ed3b7d7514d1e8adf6e42ba2a1d5f203753fce6fae2f3d82de7da7e3b415,40291,40292
S,Sul,Fio dagua,JACUI,JIUHCA,CASTRO ALVES,97,2022-06-30 09:00:00,240.62,148.82,171.98,355.0,370.0,159.0,192.0,20.0,0.0,,outputs/ons-reserva-2021-2022-20260922/raw/ons-2022-06.csv,1ce4ed3b7d7514d1e8adf6e42ba2a1d5f203753fce6fae2f3d82de7da7e3b415,40292,40293
S,Sul,Fio dagua,JACUI,JIUHCA,CASTRO ALVES,97,2022-06-30 10:00:00,240.61,148.82,170.82,350.0,365.0,159.0,187.0,20.0,0.0,,outputs/ons-reserva-2021-2022-20260922/raw/ons-2022-06.csv,1ce4ed3b7d7514d1e8adf6e42ba2a1d5f203753fce6fae2f3d82de7da7e3b415,40293,40294
S,Sul,Fio dagua,JACUI,JIUHCA,CASTRO ALVES,97,2022-06-30 11:00:00,240.6,148.82,169.66,345.0,360.0,159.0,182.0,19.0,0.0,,outputs/ons-reserva-2021-2022-20260922/raw/ons-2022-06.csv,1ce4ed3b7d7514d1e8adf6e42ba2a1d5f203753fce6fae2f3d82de7da7e3b415,40294,40295
S,Sul,Fio dagua,JACUI,JIUHCA,CASTRO ALVES,97,2022-06-30 12:00:00,240.6,148.82,169.66,360.0,360.0,159.0,182.0,19.0,0.0,,outputs/ons-reserva-2021-2022-20260922/raw/ons-2022-06.csv,1ce4ed3b7d7514d1e8adf6e42ba2a1d5f203753fce6fae2f3d82de7da7e3b415,40295,40296
S,Sul,Fio dagua,JACUI,JIUHCA,CASTRO ALVES,97,2022-06-30 13:00:00,240.59,148.82,168.5,340.0,355.0,159.0,177.0,19.0,0.0,,outputs/ons-reserva-2021-2022-20260922/raw/ons-2022-06.csv,1ce4ed3b7d7514d1e8adf6e42ba2a1d5f203753fce6fae2f3d82de7da7e3b415,40296,40297
S,Sul,Fio dagua,JACUI,JIUHCA,CASTRO ALVES,97,2022-06-30 14:00:00,240.59,148.82,168.5,355.0,355.0,159.0,177.0,19.0,0.0,,outputs/ons-reserva-2021-2022-20260922/raw/ons-2022-06.csv,1ce4ed3b7d7514d1e8adf6e42ba2a1d5f203753fce6fae2f3d82de7da7e3b415,40297,40298
S,Sul,Fio dagua,JACUI,JIUHCA,CASTRO ALVES,97,2022-06-30 15:00:00,240.58,148.82,167.34,335.0,350.0,159.0,172.0,19.0,0.0,,outputs/ons-reserva-2021-2022-20260922/raw/ons-2022-06.csv,1ce4ed3b7d7514d1e8adf6e42ba2a1d5f203753fce6fae2f3d82de7da7e3b415,40298,40299
S,Sul,Fio dagua,JACUI,JIUHCA,CASTRO ALVES,97,2022-06-30 16:00:00,240.57,148.82,166.18,331.0,346.0,159.0,168.0,19.0,0.0,,outputs/ons-reserva-2021-2022-20260922/raw/ons-2022-06.csv,1ce4ed3b7d7514d1e8adf6e42ba2a1d5f203753fce6fae2f3d82de7da7e3b415,40299,40300
S,Sul,Fio dagua,JACUI,JIUHCA,CASTRO ALVES,97,2022-06-30 17:00:00,240.57,148.75,166.18,345.0,345.0,159.0,168.0,19.0,0.0,,outputs/ons-reserva-2021-2022-20260922/raw/ons-2022-06.csv,1ce4ed3b7d7514d1e8adf6e42ba2a1d5f203753fce6fae2f3d82de7da7e3b415,40300,40301
S,Sul,Fio dagua,JACUI,JIUHCA,CASTRO ALVES,97,2022-06-30 18:00:00,240.57,148.75,166.18,345.0,345.0,159.0,168.0,19.0,0.0,,outputs/ons-reserva-2021-2022-20260922/raw/ons-2022-06.csv,1ce4ed3b7d7514d1e8adf6e42ba2a1d5f203753fce6fae2f3d82de7da7e3b415,40301,40302
S,Sul,Fio dagua,JACUI,JIUHCA,CASTRO ALVES,97,2022-06-30 19:00:00,240.57,148.75,166.18,345.0,345.0,158.0,168.0,19.0,0.0,,outputs/ons-reserva-2021-2022-20260922/raw/ons-2022-06.csv,1ce4ed3b7d7514d1e8adf6e42ba2a1d5f203753fce6fae2f3d82de7da7e3b415,40302,40303
S,Sul,Fio dagua,JACUI,JIUHCA,CASTRO ALVES,97,2022-06-30 20:00:00,240.57,148.75,166.18,345.0,345.0,158.0,168.0,19.0,0.0,,outputs/ons-reserva-2021-2022-20260922/raw/ons-2022-06.csv,1ce4ed3b7d7514d1e8adf6e42ba2a1d5f203753fce6fae2f3d82de7da7e3b415,40303,40304
S,Sul,Fio dagua,JACUI,JIUHCA,CASTRO ALVES,97,2022-06-30 21:00:00,240.56,148.75,165.02,326.0,341.0,159.0,163.0,19.0,0.0,,outputs/ons-reserva-2021-2022-20260922/raw/ons-2022-06.csv,1ce4ed3b7d7514d1e8adf6e42ba2a1d5f203753fce6fae2f3d82de7da7e3b415,40304,40305
S,Sul,Fio dagua,JACUI,JIUHCA,CASTRO ALVES,97,2022-06-30 22:00:00,240.56,148.75,165.02,341.0,341.0,159.0,163.0,19.0,0.0,,outputs/ons-reserva-2021-2022-20260922/raw/ons-2022-06.csv,1ce4ed3b7d7514d1e8adf6e42ba2a1d5f203753fce6fae2f3d82de7da7e3b415,40305,40306
S,Sul,Fio dagua,JACUI,JIUHCA,CASTRO ALVES,97,2022-06-30 23:00:00,240.55,148.75,163.86,321.0,336.0,159.0,158.0,19.0,0.0,,outputs/ons-reserva-2021-2022-20260922/raw/ons-2022-06.csv,1ce4ed3b7d7514d1e8adf6e42ba2a1d5f203753fce6fae2f3d82de7da7e3b415,40306,40307
S,Sul,Fio dagua,JACUI,JIUHCA,CASTRO ALVES,97,2022-06-30 23:59:00,240.55,148.75,163.86,336.0,336.0,159.0,158.0,19.0,0.0,,outputs/ons-reserva-2021-2022-20260922/raw/ons-2022-06.csv,1ce4ed3b7d7514d1e8adf6e42ba2a1d5f203753fce6fae2f3d82de7da7e3b415,40307,40308
S,Sul,Fio dagua,JACUI,JIUHMC,MONTE CLARO,98,2022-06-01 01:00:00,149.62,109.53,283.79,1028.0,1045.0,355.0,690.0,0.0,0.0,,outputs/ons-reserva-2021-2022-20260922/raw/ons-2022-06.csv,1ce4ed3b7d7514d1e8adf6e42ba2a1d5f203753fce6fae2f3d82de7da7e3b415,43178,43179
S,Sul,Fio dagua,JACUI,JIUHMC,MONTE CLARO,98,2022-06-01 02:00:00,149.59,109.45,280.21,1011.0,1023.0,355.0,669.0,0.0,0.0,,outputs/ons-reserva-2021-2022-20260922/raw/ons-2022-06.csv,1ce4ed3b7d7514d1e8adf6e42ba2a1d5f203753fce6fae2f3d82de7da7e3b415,43179,43180
S,Sul,Fio dagua,JACUI,JIUHMC,MONTE CLARO,98,2022-06-01 03:00:00,149.56,109.42,276.63,990.0,1003.0,355.0,648.0,0.0,0.0,,outputs/ons-reserva-2021-2022-20260922/raw/ons-2022-06.csv,1ce4ed3b7d7514d1e8adf6e42ba2a1d5f203753fce6fae2f3d82de7da7e3b415,43180,43181
S,Sul,Fio dagua,JACUI,JIUHMC,MONTE CLARO,98,2022-06-01 04:00:00,149.53,109.36,273.06,970.0,982.0,354.0,628.0,0.0,0.0,,outputs/ons-reserva-2021-2022-20260922/raw/ons-2022-06.csv,1ce4ed3b7d7514d1e8adf6e42ba2a1d5f203753fce6fae2f3d82de7da7e3b415,43181,43182
S,Sul,Fio dagua,JACUI,JIUHMC,MONTE CLARO,98,2022-06-01 05:00:00,149.5,109.24,269.49,949.0,961.0,354.0,608.0,0.0,0.0,,outputs/ons-reserva-2021-2022-20260922/raw/ons-2022-06.csv,1ce4ed3b7d7514d1e8adf6e42ba2a1d5f203753fce6fae2f3d82de7da7e3b415,43182,43183
S,Sul,Fio dagua,JACUI,JIUHMC,MONTE CLARO,98,2022-06-01 06:00:00,149.46,109.18,264.73,918.0,935.0,353.0,582.0,0.0,0.0,,outputs/ons-reserva-2021-2022-20260922/raw/ons-2022-06.csv,1ce4ed3b7d7514d1e8adf6e42ba2a1d5f203753fce6fae2f3d82de7da7e3b415,43183,43184
S,Sul,Fio dagua,JACUI,JIUHMC,MONTE CLARO,98,2022-06-01 07:00:00,149.45,109.13,263.55,924.0,928.0,353.0,575.0,0.0,0.0,,outputs/ons-reserva-2021-2022-20260922/raw/ons-2022-06.csv,1ce4ed3b7d7514d1e8adf6e42ba2a1d5f203753fce6fae2f3d82de7da7e3b415,43184,43185
S,Sul,Fio dagua,JACUI,JIUHMC,MONTE CLARO,98,2022-06-01 08:00:00,149.41,109.13,258.81,886.0,903.0,353.0,550.0,0.0,0.0,,outputs/ons-reserva-2021-2022-20260922/raw/ons-2022-06.csv,1ce4ed3b7d7514d1e8adf6e42ba2a1d5f203753fce6fae2f3d82de7da7e3b415,43185,43186
S,Sul,Fio dagua,JACUI,JIUHMC,MONTE CLARO,98,2022-06-01 09:00:00,149.38,109.09,255.26,872.0,884.0,353.0,531.0,0.0,0.0,,outputs/ons-reserva-2021-2022-20260922/raw/ons-2022-06.csv,1ce4ed3b7d7514d1e8adf6e42ba2a1d5f203753fce6fae2f3d82de7da7e3b415,43186,43187
S,Sul,Fio dagua,JACUI,JIUHMC,MONTE CLARO,98,2022-06-01 10:00:00,149.36,109.03,252.9,863.0,871.0,353.0,519.0,0.0,0.0,,outputs/ons-reserva-2021-2022-20260922/raw/ons-2022-06.csv,1ce4ed3b7d7514d1e8adf6e42ba2a1d5f203753fce6fae2f3d82de7da7e3b415,43187,43188
S,Sul,Fio dagua,JACUI,JIUHMC,MONTE CLARO,98,2022-06-01 11:00:00,149.33,108.98,249.36,840.0,853.0,353.0,500.0,0.0,0.0,,outputs/ons-reserva-2021-2022-20260922/raw/ons-2022-06.csv,1ce4ed3b7d7514d1e8adf6e42ba2a1d5f203753fce6fae2f3d82de7da7e3b415,43188,43189
S,Sul,Fio dagua,JACUI,JIUHMC,MONTE CLARO,98,2022-06-01 12:00:00,149.18,108.9,231.75,705.0,767.0,353.0,414.0,0.0,0.0,,outputs/ons-reserva-2021-2022-20260922/raw/ons-2022-06.csv,1ce4ed3b7d7514d1e8adf6e42ba2a1d5f203753fce6fae2f3d82de7da7e3b415,43189,43190
S,Sul,Fio dagua,JACUI,JIUHMC,MONTE CLARO,98,2022-06-01 13:00:00,149.04,108.86,215.47,636.0,694.0,354.0,340.0,0.0,0.0,,outputs/ons-reserva-2021-2022-20260922/raw/ons-2022-06.csv,1ce4ed3b7d7514d1e8adf6e42ba2a1d5f203753fce6fae2f3d82de7da7e3b415,43190,43191
S,Sul,Fio dagua,JACUI,JIUHMC,MONTE CLARO,98,2022-06-01 14:00:00,149.0,108.66,210.84,656.0,673.0,353.0,320.0,0.0,0.0,,outputs/ons-reserva-2021-2022-20260922/raw/ons-2022-06.csv,1ce4ed3b7d7514d1e8adf6e42ba2a1d5f203753fce6fae2f3d82de7da7e3b415,43191,43192
S,Sul,Fio dagua,JACUI,JIUHMC,MONTE CLARO,98,2022-06-01 15:00:00,149.21,108.47,235.26,867.0,780.0,349.0,431.0,0.0,0.0,,outputs/ons-reserva-2021-2022-20260922/raw/ons-2022-06.csv,1ce4ed3b7d7514d1e8adf6e42ba2a1d5f203753fce6fae2f3d82de7da7e3b415,43192,43193
S,Sul,Fio dagua,JACUI,JIUHMC,MONTE CLARO,98,2022-06-01 16:00:00,149.32,108.47,248.18,888.0,843.0,348.0,494.0,0.0,0.0,,outputs/ons-reserva-2021-2022-20260922/raw/ons-2022-06.csv,1ce4ed3b7d7514d1e8adf6e42ba2a1d5f203753fce6fae2f3d82de7da7e3b415,43193,43194
S,Sul,Fio dagua,JACUI,JIUHMC,MONTE CLARO,98,2022-06-01 17:00:00,149.32,108.68,248.18,844.0,844.0,350.0,494.0,0.0,0.0,,outputs/ons-reserva-2021-2022-20260922/raw/ons-2022-06.csv,1ce4ed3b7d7514d1e8adf6e42ba2a1d5f203753fce6fae2f3d82de7da7e3b415,43194,43195
S,Sul,Fio dagua,JACUI,JIUHMC,MONTE CLARO,98,2022-06-01 18:00:00,149.28,108.8,243.47,805.0,822.0,351.0,471.0,0.0,0.0,,outputs/ons-reserva-2021-2022-20260922/raw/ons-2022-06.csv,1ce4ed3b7d7514d1e8adf6e42ba2a1d5f203753fce6fae2f3d82de7da7e3b415,43195,43196
S,Sul,Fio dagua,JACUI,JIUHMC,MONTE CLARO,98,2022-06-01 19:00:00,149.23,108.86,237.6,773.0,794.0,352.0,442.0,0.0,0.0,,outputs/ons-reserva-2021-2022-20260922/raw/ons-2022-06.csv,1ce4ed3b7d7514d1e8adf6e42ba2a1d5f203753fce6fae2f3d82de7da7e3b415,43196,43197
S,Sul,Fio dagua,JACUI,JIUHMC,MONTE CLARO,98,2022-06-01 20:00:00,149.18,108.78,231.75,745.0,766.0,352.0,414.0,0.0,0.0,,outputs/ons-reserva-2021-2022-20260922/raw/ons-2022-06.csv,1ce4ed3b7d7514d1e8adf6e42ba2a1d5f203753fce6fae2f3d82de7da7e3b415,43197,43198
S,Sul,Fio dagua,JACUI,JIUHMC,MONTE CLARO,98,2022-06-01 21:00:00,149.15,108.78,228.25,737.0,750.0,352.0,397.0,0.0,0.0,,outputs/ons-reserva-2021-2022-20260922/raw/ons-2022-06.csv,1ce4ed3b7d7514d1e8adf6e42ba2a1d5f203753fce6fae2f3d82de7da7e3b415,43198,43199
S,Sul,Fio dagua,JACUI,JIUHMC,MONTE CLARO,98,2022-06-01 22:00:00,149.12,108.68,224.75,721.0,733.0,352.0,381.0,0.0,0.0,,outputs/ons-reserva-2021-2022-20260922/raw/ons-2022-06.csv,1ce4ed3b7d7514d1e8adf6e42ba2a1d5f203753fce6fae2f3d82de7da7e3b415,43199,43200
S,Sul,Fio dagua,JACUI,JIUHMC,MONTE CLARO,98,2022-06-01 23:00:00,149.1,108.62,222.43,714.0,722.0,351.0,371.0,0.0,0.0,,outputs/ons-reserva-2021-2022-20260922/raw/ons-2022-06.csv,1ce4ed3b7d7514d1e8adf6e42ba2a1d5f203753fce6fae2f3d82de7da7e3b415,43200,43201
S,Sul,Fio dagua,JACUI,JIUHMC,MONTE CLARO,98,2022-06-01 23:59:00,149.07,108.57,218.94,694.0,707.0,351.0,355.0,0.0,0.0,,outputs/ons-reserva-2021-2022-20260922/raw/ons-2022-06.csv,1ce4ed3b7d7514d1e8adf6e42ba2a1d5f203753fce6fae2f3d82de7da7e3b415,43201,43202
S,Sul,Fio dagua,JACUI,JIUHMC,MONTE CLARO,98,2022-06-02 01:00:00,149.05,108.5,216.62,688.0,696.0,351.0,345.0,0.0,0.0,,outputs/ons-reserva-2021-2022-20260922/raw/ons-2022-06.csv,1ce4ed3b7d7514d1e8adf6e42ba2a1d5f203753fce6fae2f3d82de7da7e3b415,43202,43203
S,Sul,Fio dagua,JACUI,JIUHMC,MONTE CLARO,98,2022-06-02 02:00:00,149.04,108.5,215.47,687.0,691.0,351.0,340.0,0.0,0.0,,outputs/ons-reserva-2021-2022-20260922/raw/ons-2022-06.csv,1ce4ed3b7d7514d1e8adf6e42ba2a1d5f203753fce6fae2f3d82de7da7e3b415,43203,43204
S,Sul,Fio dagua,JACUI,JIUHMC,MONTE CLARO,98,2022-06-02 03:00:00,149.01,108.42,212.0,663.0,676.0,351.0,325.0,0.0,0.0,,outputs/ons-reserva-2021-2022-20260922/raw/ons-2022-06.csv,1ce4ed3b7d7514d1e8adf6e42ba2a1d5f203753fce6fae2f3d82de7da7e3b415,43204,43205
S,Sul,Fio dagua,JACUI,JIUHMC,MONTE CLARO,98,2022-06-02 04:00:00,149.0,108.39,210.84,666.0,671.0,350.0,320.0,0.0,0.0,,outputs/ons-reserva-2021-2022-20260922/raw/ons-2022-06.csv,1ce4ed3b7d7514d1e8adf6e42ba2a1d5f203753fce6fae2f3d82de7da7e3b415,43205,43206
S,Sul,Fio dagua,JACUI,JIUHMC,MONTE CLARO,98,2022-06-02 05:00:00,148.98,108.36,208.53,653.0,661.0,350.0,310.0,0.0,0.0,,outputs/ons-reserva-2021-2022-20260922/raw/ons-2022-06.csv,1ce4ed3b7d7514d1e8adf6e42ba2a1d5f203753fce6fae2f3d82de7da7e3b415,43206,43207
S,Sul,Fio dagua,JACUI,JIUHMC,MONTE CLARO,98,2022-06-02 06:00:00,148.97,108.37,207.38,652.0,656.0,351.0,306.0,0.0,0.0,,outputs/ons-reserva-2021-2022-20260922/raw/ons-2022-06.csv,1ce4ed3b7d7514d1e8adf6e42ba2a1d5f203753fce6fae2f3d82de7da7e3b415,43207,43208
S,Sul,Fio dagua,JACUI,JIUHMC,MONTE CLARO,98,2022-06-02 07:00:00,148.95,108.35,205.08,638.0,647.0,351.0,296.0,0.0,0.0,,outputs/ons-reserva-2021-2022-20260922/raw/ons-2022-06.csv,1ce4ed3b7d7514d1e8adf6e42ba2a1d5f203753fce6fae2f3d82de7da7e3b415,43208,43209
S,Sul,Fio dagua,JACUI,JIUHMC,MONTE CLARO,98,2022-06-02 08:00:00,148.93,108.27,202.78,628.0,637.0,350.0,287.0,0.0,0.0,,outputs/ons-reserva-2021-2022-20260922/raw/ons-2022-06.csv,1ce4ed3b7d7514d1e8adf6e42ba2a1d5f203753fce6fae2f3d82de7da7e3b415,43209,43210
S,Sul,Fio dagua,JACUI,JIUHMC,MONTE CLARO,98,2022-06-02 09:00:00,148.92,108.26,201.63,628.0,632.0,350.0,282.0,0.0,0.0,,outputs/ons-reserva-2021-2022-20260922/raw/ons-2022-06.csv,1ce4ed3b7d7514d1e8adf6e42ba2a1d5f203753fce6fae2f3d82de7da7e3b415,43210,43211
S,Sul,Fio dagua,JACUI,JIUHMC,MONTE CLARO,98,2022-06-02 10:00:00,148.9,108.25,199.34,615.0,623.0,350.0,273.0,0.0,0.0,,outputs/ons-reserva-2021-2022-20260922/raw/ons-2022-06.csv,1ce4ed3b7d7514d1e8adf6e42ba2a1d5f203753fce6fae2f3d82de7da7e3b415,43211,43212
S,Sul,Fio dagua,JACUI,JIUHMC,MONTE CLARO,98,2022-06-02 11:00:00,148.9,108.19,199.34,622.0,622.0,349.0,273.0,0.0,0.0,,outputs/ons-reserva-2021-2022-20260922/raw/ons-2022-06.csv,1ce4ed3b7d7514d1e8adf6e42ba2a1d5f203753fce6fae2f3d82de7da7e3b415,43212,43213
S,Sul,Fio dagua,JACUI,JIUHMC,MONTE CLARO,98,2022-06-02 12:00:00,148.88,108.2,197.04,605.0,614.0,350.0,264.0,0.0,0.0,,outputs/ons-reserva-2021-2022-20260922/raw/ons-2022-06.csv,1ce4ed3b7d7514d1e8adf6e42ba2a1d5f203753fce6fae2f3d82de7da7e3b415,43213,43214
S,Sul,Fio dagua,JACUI,JIUHMC,MONTE CLARO,98,2022-06-02 13:00:00,148.87,108.16,195.9,605.0,609.0,350.0,259.0,0.0,0.0,,outputs/ons-reserva-2021-2022-20260922/raw/ons-2022-06.csv,1ce4ed3b7d7514d1e8adf6e42ba2a1d5f203753fce6fae2f3d82de7da7e3b415,43214,43215
S,Sul,Fio dagua,JACUI,JIUHMC,MONTE CLARO,98,2022-06-02 14:00:00,148.85,108.15,193.61,592.0,600.0,350.0,251.0,0.0,0.0,,outputs/ons-reserva-2021-2022-20260922/raw/ons-2022-06.csv,1ce4ed3b7d7514d1e8adf6e42ba2a1d5f203753fce6fae2f3d82de7da7e3b415,43215,43216
S,Sul,Fio dagua,JACUI,JIUHMC,MONTE CLARO,98,2022-06-02 15:00:00,148.84,108.11,192.47,591.0,595.0,349.0,246.0,0.0,0.0,,outputs/ons-reserva-2021-2022-20260922/raw/ons-2022-06.csv,1ce4ed3b7d7514d1e8adf6e42ba2a1d5f203753fce6fae2f3d82de7da7e3b415,43216,43217
S,Sul,Fio dagua,JACUI,JIUHMC,MONTE CLARO,98,2022-06-02 16:00:00,148.83,108.07,191.33,587.0,591.0,349.0,242.0,0.0,0.0,,outputs/ons-reserva-2021-2022-20260922/raw/ons-2022-06.csv,1ce4ed3b7d7514d1e8adf6e42ba2a1d5f203753fce6fae2f3d82de7da7e3b415,43217,43218
S,Sul,Fio dagua,JACUI,JIUHMC,MONTE CLARO,98,2022-06-02 17:00:00,148.82,108.07,190.19,583.0,587.0,349.0,238.0,0.0,0.0,,outputs/ons-reserva-2021-2022-20260922/raw/ons-2022-06.csv,1ce4ed3b7d7514d1e8adf6e42ba2a1d5f203753fce6fae2f3d82de7da7e3b415,43218,43219
S,Sul,Fio dagua,JACUI,JIUHMC,MONTE CLARO,98,2022-06-02 18:00:00,148.81,108.08,189.05,579.0,583.0,349.0,233.0,0.0,0.0,,outputs/ons-reserva-2021-2022-20260922/raw/ons-2022-06.csv,1ce4ed3b7d7514d1e8adf6e42ba2a1d5f203753fce6fae2f3d82de7da7e3b415,43219,43220
S,Sul,Fio dagua,JACUI,JIUHMC,MONTE CLARO,98,2022-06-02 19:00:00,148.8,108.03,187.91,574.0,578.0,349.0,229.0,0.0,0.0,,outputs/ons-reserva-2021-2022-20260922/raw/ons-2022-06.csv,1ce4ed3b7d7514d1e8adf6e42ba2a1d5f203753fce6fae2f3d82de7da7e3b415,43220,43221
S,Sul,Fio dagua,JACUI,JIUHMC,MONTE CLARO,98,2022-06-02 20:00:00,148.79,108.03,186.78,570.0,574.0,349.0,225.0,0.0,0.0,,outputs/ons-reserva-2021-2022-20260922/raw/ons-2022-06.csv,1ce4ed3b7d7514d1e8adf6e42ba2a1d5f203753fce6fae2f3d82de7da7e3b415,43221,43222
S,Sul,Fio dagua,JACUI,JIUHMC,MONTE CLARO,98,2022-06-02 21:00:00,148.78,108.05,185.64,566.0,570.0,349.0,221.0,0.0,0.0,,outputs/ons-reserva-2021-2022-20260922/raw/ons-2022-06.csv,1ce4ed3b7d7514d1e8adf6e42ba2a1d5f203753fce6fae2f3d82de7da7e3b415,43222,43223
S,Sul,Fio dagua,JACUI,JIUHMC,MONTE CLARO,98,2022-06-02 22:00:00,148.78,108.03,185.64,570.0,570.0,349.0,221.0,0.0,0.0,,outputs/ons-reserva-2021-2022-20260922/raw/ons-2022-06.csv,1ce4ed3b7d7514d1e8adf6e42ba2a1d5f203753fce6fae2f3d82de7da7e3b415,43223,43224
S,Sul,Fio dagua,JACUI,JIUHMC,MONTE CLARO,98,2022-06-02 23:00:00,148.77,108.0,184.5,561.0,565.0,349.0,216.0,0.0,0.0,,outputs/ons-reserva-2021-2022-20260922/raw/ons-2022-06.csv,1ce4ed3b7d7514d1e8adf6e42ba2a1d5f203753fce6fae2f3d82de7da7e3b415,43224,43225
S,Sul,Fio dagua,JACUI,JIUHMC,MONTE CLARO,98,2022-06-02 23:59:00,148.76,108.0,183.37,557.0,561.0,349.0,212.0,0.0,0.0,,outputs/ons-reserva-2021-2022-20260922/raw/ons-2022-06.csv,1ce4ed3b7d7514d1e8adf6e42ba2a1d5f203753fce6fae2f3d82de7da7e3b415,43225,43226
S,Sul,Fio dagua,JACUI,JIUHMC,MONTE CLARO,98,2022-06-03 01:00:00,148.75,107.97,182.24,552.0,557.0,349.0,208.0,0.0,0.0,,outputs/ons-reserva-2021-2022-20260922/raw/ons-2022-06.csv,1ce4ed3b7d7514d1e8adf6e42ba2a1d5f203753fce6fae2f3d82de7da7e3b415,43226,43227
S,Sul,Fio dagua,JACUI,JIUHMC,MONTE CLARO,98,2022-06-03 02:00:00,148.73,107.98,179.97,540.0,548.0,349.0,199.0,0.0,0.0,,outputs/ons-reserva-2021-2022-20260922/raw/ons-2022-06.csv,1ce4ed3b7d7514d1e8adf6e42ba2a1d5f203753fce6fae2f3d82de7da7e3b415,43227,43228
S,Sul,Fio dagua,JACUI,JIUHMC,MONTE CLARO,98,2022-06-03 03:00:00,148.73,108.0,179.97,549.0,549.0,350.0,199.0,0.0,0.0,,outputs/ons-reserva-2021-2022-20260922/raw/ons-2022-06.csv,1ce4ed3b7d7514d1e8adf6e42ba2a1d5f203753fce6fae2f3d82de7da7e3b415,43228,43229
S,Sul,Fio dagua,JACUI,JIUHMC,MONTE CLARO,98,2022-06-03 04:00:00,148.71,108.0,177.71,532.0,540.0,350.0,191.0,0.0,0.0,,outputs/ons-reserva-2021-2022-20260922/raw/ons-2022-06.csv,1ce4ed3b7d7514d1e8adf6e42ba2a1d5f203753fce6fae2f3d82de7da7e3b415,43229,43230
S,Sul,Fio dagua,JACUI,JIUHMC,MONTE CLARO,98,2022-06-03 05:00:00,148.71,107.9,177.71,540.0,540.0,349.0,191.0,0.0,0.0,,outputs/ons-reserva-2021-2022-20260922/raw/ons-2022-06.csv,1ce4ed3b7d7514d1e8adf6e42ba2a1d5f203753fce6fae2f3d82de7da7e3b415,43230,43231
S,Sul,Fio dagua,JACUI,JIUHMC,MONTE CLARO,98,2022-06-03 06:00:00,148.69,107.94,175.45,524.0,532.0,349.0,182.0,0.0,0.0,,outputs/ons-reserva-2021-2022-20260922/raw/ons-2022-06.csv,1ce4ed3b7d7514d1e8adf6e42ba2a1d5f203753fce6fae2f3d82de7da7e3b415,43231,43232
S,Sul,Fio dagua,JACUI,JIUHMC,MONTE CLARO,98,2022-06-03 07:00:00,148.68,107.92,174.32,524.0,528.0,349.0,178.0,0.0,0.0,,outputs/ons-reserva-2021-2022-20260922/raw/ons-2022-06.csv,1ce4ed3b7d7514d1e8adf6e42ba2a1d5f203753fce6fae2f3d82de7da7e3b415,43232,43233
S,Sul,Fio dagua,JACUI,JIUHMC,MONTE CLARO,98,2022-06-03 08:00:00,148.67,107.92,173.2,520.0,524.0,349.0,174.0,0.0,0.0,,outputs/ons-reserva-2021-2022-20260922/raw/ons-2022-06.csv,1ce4ed3b7d7514d1e8adf6e42ba2a1d5f203753fce6fae2f3d82de7da7e3b415,43233,43234
S,Sul,Fio dagua,JACUI,JIUHMC,MONTE CLARO,98,2022-06-03 09:00:00,148.66,107.91,172.07,516.0,520.0,349.0,170.0,0.0,0.0,,outputs/ons-reserva-2021-2022-20260922/raw/ons-2022-06.csv,1ce4ed3b7d7514d1e8adf6e42ba2a1d5f203753fce6fae2f3d82de7da7e3b415,43234,43235
S,Sul,Fio dagua,JACUI,JIUHMC,MONTE CLARO,98,2022-06-03 10:00:00,148.65,107.85,170.95,511.0,516.0,349.0,167.0,0.0,0.0,,outputs/ons-reserva-2021-2022-20260922/raw/ons-2022-06.csv,1ce4ed3b7d7514d1e8adf6e42ba2a1d5f203753fce6fae2f3d82de7da7e3b415,43235,43236
S,Sul,Fio dagua,JACUI,JIUHMC,MONTE CLARO,98,2022-06-03 11:00:00,148.63,107.84,168.7,500.0,508.0,349.0,159.0,0.0,0.0,,outputs/ons-reserva-2021-2022-20260922/raw/ons-2022-06.csv,1ce4ed3b7d7514d1e8adf6e42ba2a1d5f203753fce6fae2f3d82de7da7e3b415,43236,43237
S,Sul,Fio dagua,JACUI,JIUHMC,MONTE CLARO,98,2022-06-03 12:00:00,148.62,107.85,167.58,500.0,505.0,349.0,155.0,0.0,0.0,,outputs/ons-reserva-2021-2022-20260922/raw/ons-2022-06.csv,1ce4ed3b7d7514d1e8adf6e42ba2a1d5f203753fce6fae2f3d82de7da7e3b415,43237,43238
S,Sul,Fio dagua,JACUI,JIUHMC,MONTE CLARO,98,2022-06-03 13:00:00,148.61,107.84,166.46,497.0,501.0,349.0,152.0,0.0,0.0,,outputs/ons-reserva-2021-2022-20260922/raw/ons-2022-06.csv,1ce4ed3b7d7514d1e8adf6e42ba2a1d5f203753fce6fae2f3d82de7da7e3b415,43238,43239
S,Sul,Fio dagua,JACUI,JIUHMC,MONTE CLARO,98,2022-06-03 14:00:00,148.61,107.79,166.46,500.0,500.0,349.0,152.0,0.0,0.0,,outputs/ons-reserva-2021-2022-20260922/raw/ons-2022-06.csv,1ce4ed3b7d7514d1e8adf6e42ba2a1d5f203753fce6fae2f3d82de7da7e3b415,43239,43240
S,Sul,Fio dagua,JACUI,JIUHMC,MONTE CLARO,98,2022-06-03 15:00:00,148.6,107.82,165.34,493.0,497.0,349.0,148.0,0.0,0.0,,outputs/ons-reserva-2021-2022-20260922/raw/ons-2022-06.csv,1ce4ed3b7d7514d1e8adf6e42ba2a1d5f203753fce6fae2f3d82de7da7e3b415,43240,43241
S,Sul,Fio dagua,JACUI,JIUHMC,MONTE CLARO,98,2022-06-03 16:00:00,148.58,107.79,163.1,482.0,490.0,349.0,141.0,0.0,0.0,,outputs/ons-reserva-2021-2022-20260922/raw/ons-2022-06.csv,1ce4ed3b7d7514d1e8adf6e42ba2a1d5f203753fce6fae2f3d82de7da7e3b415,43241,43242
S,Sul,Fio dagua,JACUI,JIUHMC,MONTE CLARO,98,2022-06-03 17:00:00,148.57,107.74,161.99,482.0,486.0,349.0,137.0,0.0,0.0,,outputs/ons-reserva-2021-2022-20260922/raw/ons-2022-06.csv,1ce4ed3b7d7514d1e8adf6e42ba2a1d5f203753fce6fae2f3d82de7da7e3b415,43242,43243
S,Sul,Fio dagua,JACUI,JIUHMC,MONTE CLARO,98,2022-06-03 18:00:00,148.56,107.73,160.87,478.0,483.0,349.0,134.0,0.0,0.0,,outputs/ons-reserva-2021-2022-20260922/raw/ons-2022-06.csv,1ce4ed3b7d7514d1e8adf6e42ba2a1d5f203753fce6fae2f3d82de7da7e3b415,43243,43244
S,Sul,Fio dagua,JACUI,JIUHMC,MONTE CLARO,98,2022-06-03 19:00:00,148.55,107.73,159.75,475.0,479.0,349.0,130.0,0.0,0.0,,outputs/ons-reserva-2021-2022-20260922/raw/ons-2022-06.csv,1ce4ed3b7d7514d1e8adf6e42ba2a1d5f203753fce6fae2f3d82de7da7e3b415,43244,43245
S,Sul,Fio dagua,JACUI,JIUHMC,MONTE CLARO,98,2022-06-03 20:00:00,148.54,107.74,158.64,472.0,476.0,349.0,127.0,0.0,0.0,,outputs/ons-reserva-2021-2022-20260922/raw/ons-2022-06.csv,1ce4ed3b7d7514d1e8adf6e42ba2a1d5f203753fce6fae2f3d82de7da7e3b415,43245,43246
S,Sul,Fio dagua,JACUI,JIUHMC,MONTE CLARO,98,2022-06-03 21:00:00,148.53,107.7,157.53,468.0,473.0,349.0,124.0,0.0,0.0,,outputs/ons-reserva-2021-2022-20260922/raw/ons-2022-06.csv,1ce4ed3b7d7514d1e8adf6e42ba2a1d5f203753fce6fae2f3d82de7da7e3b415,43246,43247
S,Sul,Fio dagua,JACUI,JIUHMC,MONTE CLARO,98,2022-06-03 22:00:00,148.52,107.7,156.41,465.0,469.0,349.0,121.0,0.0,0.0,,outputs/ons-reserva-2021-2022-20260922/raw/ons-2022-06.csv,1ce4ed3b7d7514d1e8adf6e42ba2a1d5f203753fce6fae2f3d82de7da7e3b415,43247,43248
S,Sul,Fio dagua,JACUI,JIUHMC,MONTE CLARO,98,2022-06-03 23:00:00,148.51,107.71,155.3,462.0,466.0,349.0,117.0,0.0,0.0,,outputs/ons-reserva-2021-2022-20260922/raw/ons-2022-06.csv,1ce4ed3b7d7514d1e8adf6e42ba2a1d5f203753fce6fae2f3d82de7da7e3b415,43248,43249
S,Sul,Fio dagua,JACUI,JIUHMC,MONTE CLARO,98,2022-06-03 23:59:00,148.5,107.67,154.19,459.0,463.0,349.0,114.0,0.0,0.0,,outputs/ons-reserva-2021-2022-20260922/raw/ons-2022-06.csv,1ce4ed3b7d7514d1e8adf6e42ba2a1d5f203753fce6fae2f3d82de7da7e3b415,43249,43250
S,Sul,Fio dagua,JACUI,JIUHMC,MONTE CLARO,98,2022-06-04 01:00:00,148.48,107.7,151.98,449.0,457.0,349.0,108.0,0.0,0.0,,outputs/ons-reserva-2021-2022-20260922/raw/ons-2022-06.csv,1ce4ed3b7d7514d1e8adf6e42ba2a1d5f203753fce6fae2f3d82de7da7e3b415,43250,43251
S,Sul,Fio dagua,JACUI,JIUHMC,MONTE CLARO,98,2022-06-04 02:00:00,148.48,107.7,151.98,457.0,457.0,349.0,108.0,0.0,0.0,,outputs/ons-reserva-2021-2022-20260922/raw/ons-2022-06.csv,1ce4ed3b7d7514d1e8adf6e42ba2a1d5f203753fce6fae2f3d82de7da7e3b415,43251,43252
S,Sul,Fio dagua,JACUI,JIUHMC,MONTE CLARO,98,2022-06-04 03:00:00,148.46,107.7,149.76,443.0,452.0,349.0,102.0,0.0,0.0,,outputs/ons-reserva-2021-2022-20260922/raw/ons-2022-06.csv,1ce4ed3b7d7514d1e8adf6e42ba2a1d5f203753fce6fae2f3d82de7da7e3b415,43252,43253
S,Sul,Fio dagua,JACUI,JIUHMC,MONTE CLARO,98,2022-06-04 04:00:00,148.45,107.65,148.66,444.0,448.0,349.0,99.0,0.0,0.0,,outputs/ons-reserva-2021-2022-20260922/raw/ons-2022-06.csv,1ce4ed3b7d7514d1e8adf6e42ba2a1d5f203753fce6fae2f3d82de7da7e3b415,43253,43254
S,Sul,Fio dagua,JACUI,JIUHMC,MONTE CLARO,98,2022-06-04 05:00:00,148.44,107.65,147.55,441.0,446.0,349.0,96.0,0.0,0.0,,outputs/ons-reserva-2021-2022-20260922/raw/ons-2022-06.csv,1ce4ed3b7d7514d1e8adf6e42ba2a1d5f203753fce6fae2f3d82de7da7e3b415,43254,43255
S,Sul,Fio dagua,JACUI,JIUHMC,MONTE CLARO,98,2022-06-04 06:00:00,148.43,107.65,146.45,439.0,443.0,349.0,94.0,0.0,0.0,,outputs/ons-reserva-2021-2022-20260922/raw/ons-2022-06.csv,1ce4ed3b7d7514d1e8adf6e42ba2a1d5f203753fce6fae2f3d82de7da7e3b415,43255,43256
S,Sul,Fio dagua,JACUI,JIUHMC,MONTE CLARO,98,2022-06-04 07:00:00,148.42,107.59,145.35,435.0,440.0,349.0,91.0,0.0,0.0,,outputs/ons-reserva-2021-2022-20260922/raw/ons-2022-06.csv,1ce4ed3b7d7514d1e8adf6e42ba2a1d5f203753fce6fae2f3d82de7da7e3b415,43256,43257
S,Sul,Fio dagua,JACUI,JIUHMC,MONTE CLARO,98,2022-06-04 08:00:00,148.41,107.6,144.25,433.0,437.0,349.0,88.0,0.0,0.0,,outputs/ons-reserva-2021-2022-20260922/raw/ons-2022-06.csv,1ce4ed3b7d7514d1e8adf6e42ba2a1d5f203753fce6fae2f3d82de7da7e3b415,43257,43258
S,Sul,Fio dagua,JACUI,JIUHMC,MONTE CLARO,98,2022-06-04 09:00:00,148.4,107.59,143.15,430.0,434.0,349.0,86.0,0.0,0.0,,outputs/ons-reserva-2021-2022-20260922/raw/ons-2022-06.csv,1ce4ed3b7d7514d1e8adf6e42ba2a1d5f203753fce6fae2f3d82de7da7e3b415,43258,43259
S,Sul,Fio dagua,JACUI,JIUHMC,MONTE CLARO,98,2022-06-04 10:00:00,148.39,107.58,142.05,428.0,432.0,349.0,83.0,0.0,0.0,,outputs/ons-reserva-2021-2022-20260922/raw/ons-2022-06.csv,1ce4ed3b7d7514d1e8adf6e42ba2a1d5f203753fce6fae2f3d82de7da7e3b415,43259,43260
S,Sul,Fio dagua,JACUI,JIUHMC,MONTE CLARO,98,2022-06-04 11:00:00,148.37,107.57,139.85,418.0,427.0,349.0,78.0,0.0,0.0,,outputs/ons-reserva-2021-2022-20260922/raw/ons-2022-06.csv,1ce4ed3b7d7514d1e8adf6e42ba2a1d5f203753fce6fae2f3d82de7da7e3b415,43260,43261
S,Sul,Fio dagua,JACUI,JIUHMC,MONTE CLARO,98,2022-06-04 12:00:00,148.37,107.56,139.85,427.0,427.0,349.0,78.0,0.0,0.0,,outputs/ons-reserva-2021-2022-20260922/raw/ons-2022-06.csv,1ce4ed3b7d7514d1e8adf6e42ba2a1d5f203753fce6fae2f3d82de7da7e3b415,43261,43262
S,Sul,Fio dagua,JACUI,JIUHMC,MONTE CLARO,98,2022-06-04 13:00:00,148.35,107.56,137.66,414.0,422.0,349.0,73.0,0.0,0.0,,outputs/ons-reserva-2021-2022-20260922/raw/ons-2022-06.csv,1ce4ed3b7d7514d1e8adf6e42ba2a1d5f203753fce6fae2f3d82de7da7e3b415,43262,43263
S,Sul,Fio dagua,JACUI,JIUHMC,MONTE CLARO,98,2022-06-04 14:00:00,148.35,107.57,137.66,422.0,422.0,349.0,73.0,0.0,0.0,,outputs/ons-reserva-2021-2022-20260922/raw/ons-2022-06.csv,1ce4ed3b7d7514d1e8adf6e42ba2a1d5f203753fce6fae2f3d82de7da7e3b415,43263,43264
S,Sul,Fio dagua,JACUI,JIUHMC,MONTE CLARO,98,2022-06-04 15:00:00,148.34,107.54,136.57,415.0,419.0,349.0,70.0,0.0,0.0,,outputs/ons-reserva-2021-2022-20260922/raw/ons-2022-06.csv,1ce4ed3b7d7514d1e8adf6e42ba2a1d5f203753fce6fae2f3d82de7da7e3b415,43264,43265
S,Sul,Fio dagua,JACUI,JIUHMC,MONTE CLARO,98,2022-06-04 16:00:00,148.32,107.57,134.38,407.0,416.0,349.0,66.0,0.0,0.0,,outputs/ons-reserva-2021-2022-20260922/raw/ons-2022-06.csv,1ce4ed3b7d7514d1e8adf6e42ba2a1d5f203753fce6fae2f3d82de7da7e3b415,43265,43266
S,Sul,Fio dagua,JACUI,JIUHMC,MONTE CLARO,98,2022-06-04 17:00:00,148.31,107.51,133.29,409.0,413.0,349.0,64.0,0.0,0.0,,outputs/ons-reserva-2021-2022-20260922/raw/ons-2022-06.csv,1ce4ed3b7d7514d1e8adf6e42ba2a1d5f203753fce6fae2f3d82de7da7e3b415,43266,43267
S,Sul,Fio dagua,JACUI,JIUHMC,MONTE CLARO,98,2022-06-04 18:00:00,148.3,107.52,132.2,407.0,411.0,349.0,62.0,0.0,0.0,,outputs/ons-reserva-2021-2022-20260922/raw/ons-2022-06.csv,1ce4ed3b7d7514d1e8adf6e42ba2a1d5f203753fce6fae2f3d82de7da7e3b415,43267,43268
S,Sul,Fio dagua,JACUI,JIUHMC,MONTE CLARO,98,2022-06-04 19:00:00,148.29,107.53,131.11,405.0,409.0,349.0,60.0,0.0,0.0,,outputs/ons-reserva-2021-2022-20260922/raw/ons-2022-06.csv,1ce4ed3b7d7514d1e8adf6e42ba2a1d5f203753fce6fae2f3d82de7da7e3b415,43268,43269
S,Sul,Fio dagua,JACUI,JIUHMC,MONTE CLARO,98,2022-06-04 20:00:00,148.29,107.45,131.11,408.0,408.0,349.0,60.0,0.0,0.0,,outputs/ons-reserva-2021-2022-20260922/raw/ons-2022-06.csv,1ce4ed3b7d7514d1e8adf6e42ba2a1d5f203753fce6fae2f3d82de7da7e3b415,43269,43270
S,Sul,Fio dagua,JACUI,JIUHMC,MONTE CLARO,98,2022-06-04 21:00:00,148.28,107.49,130.02,403.0,407.0,349.0,58.0,0.0,0.0,,outputs/ons-reserva-2021-2022-20260922/raw/ons-2022-06.csv,1ce4ed3b7d7514d1e8adf6e42ba2a1d5f203753fce6fae2f3d82de7da7e3b415,43270,43271
S,Sul,Fio dagua,JACUI,JIUHMC,MONTE CLARO,98,2022-06-04 22:00:00,148.26,107.49,127.85,395.0,403.0,349.0,54.0,0.0,0.0,,outputs/ons-reserva-2021-2022-20260922/raw/ons-2022-06.csv,1ce4ed3b7d7514d1e8adf6e42ba2a1d5f203753fce6fae2f3d82de7da7e3b415,43271,43272
S,Sul,Fio dagua,JACUI,JIUHMC,MONTE CLARO,98,2022-06-04 23:00:00,148.25,107.47,126.77,397.0,401.0,349.0,52.0,0.0,0.0,,outputs/ons-reserva-2021-2022-20260922/raw/ons-2022-06.csv,1ce4ed3b7d7514d1e8adf6e42ba2a1d5f203753fce6fae2f3d82de7da7e3b415,43272,43273
S,Sul,Fio dagua,JACUI,JIUHMC,MONTE CLARO,98,2022-06-04 23:59:00,148.24,107.43,125.68,395.0,399.0,349.0,50.0,0.0,0.0,,outputs/ons-reserva-2021-2022-20260922/raw/ons-2022-06.csv,1ce4ed3b7d7514d1e8adf6e42ba2a1d5f203753fce6fae2f3d82de7da7e3b415,43273,43274
S,Sul,Fio dagua,JACUI,JIUHMC,MONTE CLARO,98,2022-06-05 01:00:00,148.22,107.39,123.52,387.0,395.0,349.0,46.0,0.0,0.0,,outputs/ons-reserva-2021-2022-20260922/raw/ons-2022-06.csv,1ce4ed3b7d7514d1e8adf6e42ba2a1d5f203753fce6fae2f3d82de7da7e3b415,43274,43275
S,Sul,Fio dagua,JACUI,JIUHMC,MONTE CLARO,98,2022-06-05 02:00:00,148.21,107.42,122.44,390.0,394.0,349.0,45.0,0.0,0.0,,outputs/ons-reserva-2021-2022-20260922/raw/ons-2022-06.csv,1ce4ed3b7d7514d1e8adf6e42ba2a1d5f203753fce6fae2f3d82de7da7e3b415,43275,43276
S,Sul,Fio dagua,JACUI,JIUHMC,MONTE CLARO,98,2022-06-05 03:00:00,148.19,107.38,120.28,382.0,390.0,349.0,41.0,0.0,0.0,,outputs/ons-reserva-2021-2022-20260922/raw/ons-2022-06.csv,1ce4ed3b7d7514d1e8adf6e42ba2a1d5f203753fce6fae2f3d82de7da7e3b415,43276,43277
S,Sul,Fio dagua,JACUI,JIUHMC,MONTE CLARO,98,2022-06-05 04:00:00,148.18,107.41,119.2,385.0,389.0,349.0,40.0,0.0,0.0,,outputs/ons-reserva-2021-2022-20260922/raw/ons-2022-06.csv,1ce4ed3b7d7514d1e8adf6e42ba2a1d5f203753fce6fae2f3d82de7da7e3b415,43277,43278
S,Sul,Fio dagua,JACUI,JIUHMC,MONTE CLARO,98,2022-06-05 05:00:00,148.17,107.39,118.13,383.0,387.0,349.0,38.0,0.0,0.0,,outputs/ons-reserva-2021-2022-20260922/raw/ons-2022-06.csv,1ce4ed3b7d7514d1e8adf6e42ba2a1d5f203753fce6fae2f3d82de7da7e3b415,43278,43279
S,Sul,Fio dagua,JACUI,JIUHMC,MONTE CLARO,98,2022-06-05 06:00:00,148.15,107.44,115.98,376.0,385.0,350.0,35.0,0.0,0.0,,outputs/ons-reserva-2021-2022-20260922/raw/ons-2022-06.csv,1ce4ed3b7d7514d1e8adf6e42ba2a1d5f203753fce6fae2f3d82de7da7e3b415,43279,43280
S,Sul,Fio dagua,JACUI,JIUHMC,MONTE CLARO,98,2022-06-05 07:00:00,148.14,107.4,114.91,379.0,383.0,350.0,34.0,0.0,0.0,,outputs/ons-reserva-2021-2022-20260922/raw/ons-2022-06.csv,1ce4ed3b7d7514d1e8adf6e42ba2a1d5f203753fce6fae2f3d82de7da7e3b415,43280,43281
S,Sul,Fio dagua,JACUI,JIUHMC,MONTE CLARO,98,2022-06-05 08:00:00,148.14,107.45,114.91,384.0,384.0,350.0,34.0,0.0,0.0,,outputs/ons-reserva-2021-2022-20260922/raw/ons-2022-06.csv,1ce4ed3b7d7514d1e8adf6e42ba2a1d5f203753fce6fae2f3d82de7da7e3b415,43281,43282
S,Sul,Fio dagua,JACUI,JIUHMC,MONTE CLARO,98,2022-06-05 09:00:00,148.13,107.42,113.83,378.0,382.0,350.0,32.0,0.0,0.0,,outputs/ons-reserva-2021-2022-20260922/raw/ons-2022-06.csv,1ce4ed3b7d7514d1e8adf6e42ba2a1d5f203753fce6fae2f3d82de7da7e3b415,43282,43283
S,Sul,Fio dagua,JACUI,JIUHMC,MONTE CLARO,98,2022-06-05 10:00:00,148.12,107.41,112.76,376.0,381.0,350.0,31.0,0.0,0.0,,outputs/ons-reserva-2021-2022-20260922/raw/ons-2022-06.csv,1ce4ed3b7d7514d1e8adf6e42ba2a1d5f203753fce6fae2f3d82de7da7e3b415,43283,43284
S,Sul,Fio dagua,JACUI,JIUHMC,MONTE CLARO,98,2022-06-05 11:00:00,148.12,107.36,112.76,380.0,380.0,349.0,31.0,0.0,0.0,,outputs/ons-reserva-2021-2022-20260922/raw/ons-2022-06.csv,1ce4ed3b7d7514d1e8adf6e42ba2a1d5f203753fce6fae2f3d82de7da7e3b415,43284,43285
S,Sul,Fio dagua,JACUI,JIUHMC,MONTE CLARO,98,2022-06-05 12:00:00,148.13,107.41,113.83,386.0,382.0,350.0,32.0,0.0,0.0,,outputs/ons-reserva-2021-2022-20260922/raw/ons-2022-06.csv,1ce4ed3b7d7514d1e8adf6e42ba2a1d5f203753fce6fae2f3d82de7da7e3b415,43285,43286
S,Sul,Fio dagua,JACUI,JIUHMC,MONTE CLARO,98,2022-06-05 13:00:00,148.13,107.45,113.83,382.0,382.0,350.0,32.0,0.0,0.0,,outputs/ons-reserva-2021-2022-20260922/raw/ons-2022-06.csv,1ce4ed3b7d7514d1e8adf6e42ba2a1d5f203753fce6fae2f3d82de7da7e3b415,43286,43287
S,Sul,Fio dagua,JACUI,JIUHMC,MONTE CLARO,98,2022-06-05 14:00:00,148.15,107.39,115.98,393.0,384.0,349.0,35.0,0.0,0.0,,outputs/ons-reserva-2021-2022-20260922/raw/ons-2022-06.csv,1ce4ed3b7d7514d1e8adf6e42ba2a1d5f203753fce6fae2f3d82de7da7e3b415,43287,43288
S,Sul,Fio dagua,JACUI,JIUHMC,MONTE CLARO,98,2022-06-05 15:00:00,148.17,107.38,118.13,395.0,387.0,349.0,38.0,0.0,0.0,,outputs/ons-reserva-2021-2022-20260922/raw/ons-2022-06.csv,1ce4ed3b7d7514d1e8adf6e42ba2a1d5f203753fce6fae2f3d82de7da7e3b415,43288,43289
S,Sul,Fio dagua,JACUI,JIUHMC,MONTE CLARO,98,2022-06-05 16:00:00,148.23,107.39,124.6,422.0,397.0,349.0,48.0,0.0,0.0,,outputs/ons-reserva-2021-2022-20260922/raw/ons-2022-06.csv,1ce4ed3b7d7514d1e8adf6e42ba2a1d5f203753fce6fae2f3d82de7da7e3b415,43289,43290
S,Sul,Fio dagua,JACUI,JIUHMC,MONTE CLARO,98,2022-06-05 17:00:00,148.31,107.41,133.29,446.0,412.0,348.0,64.0,0.0,0.0,,outputs/ons-reserva-2021-2022-20260922/raw/ons-2022-06.csv,1ce4ed3b7d7514d1e8adf6e42ba2a1d5f203753fce6fae2f3d82de7da7e3b415,43290,43291
S,Sul,Fio dagua,JACUI,JIUHMC,MONTE CLARO,98,2022-06-05 18:00:00,148.36,107.44,138.76,444.0,423.0,348.0,75.0,0.0,0.0,,outputs/ons-reserva-2021-2022-20260922/raw/ons-2022-06.csv,1ce4ed3b7d7514d1e8adf6e42ba2a1d5f203753fce6fae2f3d82de7da7e3b415,43291,43292
S,Sul,Fio dagua,JACUI,JIUHMC,MONTE CLARO,98,2022-06-05 19:00:00,148.42,107.45,145.35,464.0,438.0,348.0,91.0,0.0,0.0,,outputs/ons-reserva-2021-2022-20260922/raw/ons-2022-06.csv,1ce4ed3b7d7514d1e8adf6e42ba2a1d5f203753fce6fae2f3d82de7da7e3b415,43292,43293
S,Sul,Fio dagua,JACUI,JIUHMC,MONTE CLARO,98,2022-06-05 20:00:00,148.47,107.55,150.87,474.0,453.0,348.0,105.0,0.0,0.0,,outputs/ons-reserva-2021-2022-20260922/raw/ons-2022-06.csv,1ce4ed3b7d7514d1e8adf6e42ba2a1d5f203753fce6fae2f3d82de7da7e3b415,43293,43294
S,Sul,Fio dagua,JACUI,JIUHMC,MONTE CLARO,98,2022-06-05 21:00:00,148.57,107.6,161.99,527.0,485.0,348.0,137.0,0.0,0.0,,outputs/ons-reserva-2021-2022-20260922/raw/ons-2022-06.csv,1ce4ed3b7d7514d1e8adf6e42ba2a1d5f203753fce6fae2f3d82de7da7e3b415,43294,43295
S,Sul,Fio dagua,JACUI,JIUHMC,MONTE CLARO,98,2022-06-05 22:00:00,148.67,107.71,173.2,564.0,522.0,348.0,174.0,0.0,0.0,,outputs/ons-reserva-2021-2022-20260922/raw/ons-2022-06.csv,1ce4ed3b7d7514d1e8adf6e42ba2a1d5f203753fce6fae2f3d82de7da7e3b415,43295,43296
S,Sul,Fio dagua,JACUI,JIUHMC,MONTE CLARO,98,2022-06-05 23:00:00,148.74,107.75,181.1,580.0,551.0,347.0,203.0,0.0,0.0,,outputs/ons-reserva-2021-2022-20260922/raw/ons-2022-06.csv,1ce4ed3b7d7514d1e8adf6e42ba2a1d5f203753fce6fae2f3d82de7da7e3b415,43296,43297
S,Sul,Fio dagua,JACUI,JIUHMC,MONTE CLARO,98,2022-06-05 23:59:00,148.78,107.84,185.64,585.0,569.0,348.0,221.0,0.0,0.0,,outputs/ons-reserva-2021-2022-20260922/raw/ons-2022-06.csv,1ce4ed3b7d7514d1e8adf6e42ba2a1d5f203753fce6fae2f3d82de7da7e3b415,43297,43298
S,Sul,Fio dagua,JACUI,JIUHMC,MONTE CLARO,98,2022-06-06 01:00:00,148.9,107.99,199.34,671.0,621.0,348.0,273.0,0.0,0.0,,outputs/ons-reserva-2021-2022-20260922/raw/ons-2022-06.csv,1ce4ed3b7d7514d1e8adf6e42ba2a1d5f203753fce6fae2f3d82de7da7e3b415,43298,43299
S,Sul,Fio dagua,JACUI,JIUHMC,MONTE CLARO,98,2022-06-06 02:00:00,149.03,108.1,214.31,737.0,683.0,348.0,335.0,0.0,0.0,,outputs/ons-reserva-2021-2022-20260922/raw/ons-2022-06.csv,1ce4ed3b7d7514d1e8adf6e42ba2a1d5f203753fce6fae2f3d82de7da7e3b415,43299,43300
S,Sul,Fio dagua,JACUI,JIUHMC,MONTE CLARO,98,2022-06-06 03:00:00,149.15,108.28,228.25,796.0,746.0,348.0,397.0,0.0,0.0,,outputs/ons-reserva-2021-2022-20260922/raw/ons-2022-06.csv,1ce4ed3b7d7514d1e8adf6e42ba2a1d5f203753fce6fae2f3d82de7da7e3b415,43300,43301
S,Sul,Fio dagua,JACUI,JIUHMC,MONTE CLARO,98,2022-06-06 04:00:00,149.32,108.58,248.18,915.0,844.0,350.0,494.0,0.0,0.0,,outputs/ons-reserva-2021-2022-20260922/raw/ons-2022-06.csv,1ce4ed3b7d7514d1e8adf6e42ba2a1d5f203753fce6fae2f3d82de7da7e3b415,43301,43302
S,Sul,Fio dagua,JACUI,JIUHMC,MONTE CLARO,98,2022-06-06 05:00:00,149.53,108.76,273.06,1065.0,977.0,349.0,628.0,0.0,0.0,,outputs/ons-reserva-2021-2022-20260922/raw/ons-2022-06.csv,1ce4ed3b7d7514d1e8adf6e42ba2a1d5f203753fce6fae2f3d82de7da7e3b415,43302,43303
S,Sul,Fio dagua,JACUI,JIUHMC,MONTE CLARO,98,2022-06-06 06:00:00,149.79,109.09,304.19,1272.0,1163.0,350.0,814.0,0.0,0.0,,outputs/ons-reserva-2021-2022-20260922/raw/ons-2022-06.csv,1ce4ed3b7d7514d1e8adf6e42ba2a1d5f203753fce6fae2f3d82de7da7e3b415,43303,43304
S,Sul,Fio dagua,JACUI,JIUHMC,MONTE CLARO,98,2022-06-06 07:00:00,149.94,109.44,322.28,1342.0,1279.0,351.0,928.0,0.0,0.0,,outputs/ons-reserva-2021-2022-20260922/raw/ons-2022-06.csv,1ce4ed3b7d7514d1e8adf6e42ba2a1d5f203753fce6fae2f3d82de7da7e3b415,43304,43305
S,Sul,Fio dagua,JACUI,JIUHMC,MONTE CLARO,98,2022-06-06 08:00:00,150.03,109.87,333.17,1653.0,1616.0,354.0,1262.0,0.0,0.0,,outputs/ons-reserva-2021-2022-20260922/raw/ons-2022-06.csv,1ce4ed3b7d7514d1e8adf6e42ba2a1d5f203753fce6fae2f3d82de7da7e3b415,43305,43306
S,Sul,Fio dagua,JACUI,JIUHMC,MONTE CLARO,98,2022-06-06 09:00:00,150.11,110.28,342.87,1713.0,1680.0,352.0,1328.0,0.0,0.0,,outputs/ons-reserva-2021-2022-20260922/raw/ons-2022-06.csv,1ce4ed3b7d7514d1e8adf6e42ba2a1d5f203753fce6fae2f3d82de7da7e3b415,43306,43307
S,Sul,Fio dagua,JACUI,JIUHMC,MONTE CLARO,98,2022-06-06 10:00:00,150.11,110.85,342.87,1952.0,1952.0,346.0,1606.0,0.0,0.0,,outputs/ons-reserva-2021-2022-20260922/raw/ons-2022-06.csv,1ce4ed3b7d7514d1e8adf6e42ba2a1d5f203753fce6fae2f3d82de7da7e3b415,43307,43308
S,Sul,Fio dagua,JACUI,JIUHMC,MONTE CLARO,98,2022-06-06 11:00:00,150.3,111.43,365.98,2323.0,2244.0,336.0,1908.0,0.0,0.0,,outputs/ons-reserva-2021-2022-20260922/raw/ons-2022-06.csv,1ce4ed3b7d7514d1e8adf6e42ba2a1d5f203753fce6fae2f3d82de7da7e3b415,43308,43309
S,Sul,Fio dagua,JACUI,JIUHMC,MONTE CLARO,98,2022-06-06 12:00:00,150.1,112.16,341.66,2641.0,2725.0,325.0,2400.0,0.0,0.0,,outputs/ons-reserva-2021-2022-20260922/raw/ons-2022-06.csv,1ce4ed3b7d7514d1e8adf6e42ba2a1d5f203753fce6fae2f3d82de7da7e3b415,43309,43310
S,Sul,Fio dagua,JACUI,JIUHMC,MONTE CLARO,98,2022-06-06 13:00:00,150.18,113.02,351.38,3081.0,3048.0,323.0,2725.0,0.0,0.0,,outputs/ons-reserva-2021-2022-20260922/raw/ons-2022-06.csv,1ce4ed3b7d7514d1e8adf6e42ba2a1d5f203753fce6fae2f3d82de7da7e3b415,43310,43311
S,Sul,Fio dagua,JACUI,JIUHMC,MONTE CLARO,98,2022-06-06 14:00:00,150.42,113.51,380.59,3356.0,3256.0,310.0,2946.0,0.0,0.0,,outputs/ons-reserva-2021-2022-20260922/raw/ons-2022-06.csv,1ce4ed3b7d7514d1e8adf6e42ba2a1d5f203753fce6fae2f3d82de7da7e3b415,43311,43312
S,Sul,Fio dagua,JACUI,JIUHMC,MONTE CLARO,98,2022-06-06 15:00:00,150.74,113.92,419.62,3697.0,3564.0,299.0,3265.0,0.0,0.0,,outputs/ons-reserva-2021-2022-20260922/raw/ons-2022-06.csv,1ce4ed3b7d7514d1e8adf6e42ba2a1d5f203753fce6fae2f3d82de7da7e3b415,43312,43313
S,Sul,Fio dagua,JACUI,JIUHMC,MONTE CLARO,98,2022-06-06 16:00:00,151.0,114.46,451.28,3940.0,3832.0,294.0,3538.0,0.0,0.0,,outputs/ons-reserva-2021-2022-20260922/raw/ons-2022-06.csv,1ce4ed3b7d7514d1e8adf6e42ba2a1d5f203753fce6fae2f3d82de7da7e3b415,43313,43314
S,Sul,Fio dagua,JACUI,JIUHMC,MONTE CLARO,98,2022-06-06 17:00:00,151.37,114.29,496.14,4289.0,4135.0,174.0,3961.0,0.0,0.0,,outputs/ons-reserva-2021-2022-20260922/raw/ons-2022-06.csv,1ce4ed3b7d7514d1e8adf6e42ba2a1d5f203753fce6fae2f3d82de7da7e3b415,43314,43315
S,Sul,Fio dagua,JACUI,JIUHMC,MONTE CLARO,98,2022-06-06 18:00:00,151.52,114.85,514.22,4206.0,4143.0,0.0,4143.0,0.0,0.0,,outputs/ons-reserva-2021-2022-20260922/raw/ons-2022-06.csv,1ce4ed3b7d7514d1e8adf6e42ba2a1d5f203753fce6fae2f3d82de7da7e3b415,43315,43316
S,Sul,Fio dagua,JACUI,JIUHMC,MONTE CLARO,98,2022-06-06 19:00:00,151.71,115.2,537.02,4453.0,4374.0,0.0,4374.0,0.0,0.0,,outputs/ons-reserva-2021-2022-20260922/raw/ons-2022-06.csv,1ce4ed3b7d7514d1e8adf6e42ba2a1d5f203753fce6fae2f3d82de7da7e3b415,43316,43317
S,Sul,Fio dagua,JACUI,JIUHMC,MONTE CLARO,98,2022-06-06 20:00:00,151.76,115.52,543.0,4456.0,4435.0,0.0,4435.0,0.0,0.0,,outputs/ons-reserva-2021-2022-20260922/raw/ons-2022-06.csv,1ce4ed3b7d7514d1e8adf6e42ba2a1d5f203753fce6fae2f3d82de7da7e3b415,43317,43318
S,Sul,Fio dagua,JACUI,JIUHMC,MONTE CLARO,98,2022-06-06 21:00:00,151.75,115.65,541.8,4419.0,4423.0,0.0,4423.0,0.0,0.0,,outputs/ons-reserva-2021-2022-20260922/raw/ons-2022-06.csv,1ce4ed3b7d7514d1e8adf6e42ba2a1d5f203753fce6fae2f3d82de7da7e3b415,43318,43319
S,Sul,Fio dagua,JACUI,JIUHMC,MONTE CLARO,98,2022-06-06 22:00:00,151.73,115.68,539.41,4390.0,4398.0,0.0,4398.0,0.0,0.0,,outputs/ons-reserva-2021-2022-20260922/raw/ons-2022-06.csv,1ce4ed3b7d7514d1e8adf6e42ba2a1d5f203753fce6fae2f3d82de7da7e3b415,43319,43320
S,Sul,Fio dagua,JACUI,JIUHMC,MONTE CLARO,98,2022-06-06 23:00:00,151.7,115.63,535.82,4349.0,4362.0,0.0,4362.0,0.0,0.0,,outputs/ons-reserva-2021-2022-20260922/raw/ons-2022-06.csv,1ce4ed3b7d7514d1e8adf6e42ba2a1d5f203753fce6fae2f3d82de7da7e3b415,43320,43321
S,Sul,Fio dagua,JACUI,JIUHMC,MONTE CLARO,98,2022-06-06 23:59:00,151.66,115.56,531.03,4296.0,4313.0,0.0,4313.0,0.0,0.0,,outputs/ons-reserva-2021-2022-20260922/raw/ons-2022-06.csv,1ce4ed3b7d7514d1e8adf6e42ba2a1d5f203753fce6fae2f3d82de7da7e3b415,43321,43322
S,Sul,Fio dagua,JACUI,JIUHMC,MONTE CLARO,98,2022-06-07 01:00:00,151.62,115.52,526.24,4248.0,4264.0,0.0,4264.0,0.0,0.0,,outputs/ons-reserva-2021-2022-20260922/raw/ons-2022-06.csv,1ce4ed3b7d7514d1e8adf6e42ba2a1d5f203753fce6fae2f3d82de7da7e3b415,43322,43323
S,Sul,Fio dagua,JACUI,JIUHMC,MONTE CLARO,98,2022-06-07 02:00:00,151.54,115.4,516.63,4134.0,4168.0,0.0,4168.0,0.0,0.0,,outputs/ons-reserva-2021-2022-20260922/raw/ons-2022-06.csv,1ce4ed3b7d7514d1e8adf6e42ba2a1d5f203753fce6fae2f3d82de7da7e3b415,43323,43324
S,Sul,Fio dagua,JACUI,JIUHMC,MONTE CLARO,98,2022-06-07 03:00:00,151.46,115.29,507.0,4036.0,4070.0,0.0,4070.0,0.0,0.0,,outputs/ons-reserva-2021-2022-20260922/raw/ons-2022-06.csv,1ce4ed3b7d7514d1e8adf6e42ba2a1d5f203753fce6fae2f3d82de7da7e3b415,43324,43325
S,Sul,Fio dagua,JACUI,JIUHMC,MONTE CLARO,98,2022-06-07 04:00:00,151.37,115.1,496.14,3923.0,3961.0,0.0,3961.0,0.0,0.0,,outputs/ons-reserva-2021-2022-20260922/raw/ons-2022-06.csv,1ce4ed3b7d7514d1e8adf6e42ba2a1d5f203753fce6fae2f3d82de7da7e3b415,43325,43326
S,Sul,Fio dagua,JACUI,JIUHMC,MONTE CLARO,98,2022-06-07 05:00:00,151.27,115.01,484.05,3801.0,3843.0,0.0,3843.0,0.0,0.0,,outputs/ons-reserva-2021-2022-20260922/raw/ons-2022-06.csv,1ce4ed3b7d7514d1e8adf6e42ba2a1d5f203753fce6fae2f3d82de7da7e3b415,43326,43327
S,Sul,Fio dagua,JACUI,JIUHMC,MONTE CLARO,98,2022-06-07 06:00:00,151.17,114.74,471.93,3686.0,3727.0,0.0,3727.0,0.0,0.0,,outputs/ons-reserva-2021-2022-20260922/raw/ons-2022-06.csv,1ce4ed3b7d7514d1e8adf6e42ba2a1d5f203753fce6fae2f3d82de7da7e3b415,43327,43328
S,Sul,Fio dagua,JACUI,JIUHMC,MONTE CLARO,98,2022-06-07 07:00:00,151.07,114.52,459.79,3573.0,3615.0,0.0,3615.0,0.0,0.0,,outputs/ons-reserva-2021-2022-20260922/raw/ons-2022-06.csv,1ce4ed3b7d7514d1e8adf6e42ba2a1d5f203753fce6fae2f3d82de7da7e3b415,43328,43329
S,Sul,Fio dagua,JACUI,JIUHMC,MONTE CLARO,98,2022-06-07 08:00:00,150.96,114.29,446.42,3449.0,3495.0,0.0,3495.0,0.0,0.0,,outputs/ons-reserva-2021-2022-20260922/raw/ons-2022-06.csv,1ce4ed3b7d7514d1e8adf6e42ba2a1d5f203753fce6fae2f3d82de7da7e3b415,43329,43330
S,Sul,Fio dagua,JACUI,JIUHMC,MONTE CLARO,98,2022-06-07 09:00:00,150.82,114.08,429.37,3289.0,3347.0,0.0,3347.0,0.0,0.0,,outputs/ons-reserva-2021-2022-20260922/raw/ons-2022-06.csv,1ce4ed3b7d7514d1e8adf6e42ba2a1d5f203753fce6fae2f3d82de7da7e3b415,43330,43331
S,Sul,Fio dagua,JACUI,JIUHMC,MONTE CLARO,98,2022-06-07 10:00:00,150.47,114.55,386.69,3037.0,3182.0,188.0,2994.0,0.0,0.0,,outputs/ons-reserva-2021-2022-20260922/raw/ons-2022-06.csv,1ce4ed3b7d7514d1e8adf6e42ba2a1d5f203753fce6fae2f3d82de7da7e3b415,43331,43332
S,Sul,Fio dagua,JACUI,JIUHMC,MONTE CLARO,98,2022-06-07 11:00:00,150.47,114.17,386.69,3044.0,3044.0,309.0,2736.0,0.0,0.0,,outputs/ons-reserva-2021-2022-20260922/raw/ons-2022-06.csv,1ce4ed3b7d7514d1e8adf6e42ba2a1d5f203753fce6fae2f3d82de7da7e3b415,43332,43333
S,Sul,Fio dagua,JACUI,JIUHMC,MONTE CLARO,98,2022-06-07 12:00:00,150.41,113.66,379.38,2958.0,2983.0,305.0,2679.0,0.0,0.0,,outputs/ons-reserva-2021-2022-20260922/raw/ons-2022-06.csv,1ce4ed3b7d7514d1e8adf6e42ba2a1d5f203753fce6fae2f3d82de7da7e3b415,43333,43334
S,Sul,Fio dagua,JACUI,JIUHMC,MONTE CLARO,98,2022-06-07 13:00:00,150.47,113.57,386.69,2897.0,2872.0,335.0,2538.0,0.0,0.0,,outputs/ons-reserva-2021-2022-20260922/raw/ons-2022-06.csv,1ce4ed3b7d7514d1e8adf6e42ba2a1d5f203753fce6fae2f3d82de7da7e3b415,43334,43335
S,Sul,Fio dagua,JACUI,JIUHMC,MONTE CLARO,98,2022-06-07 14:00:00,150.4,113.28,378.16,2791.0,2820.0,348.0,2472.0,0.0,0.0,,outputs/ons-reserva-2021-2022-20260922/raw/ons-2022-06.csv,1ce4ed3b7d7514d1e8adf6e42ba2a1d5f203753fce6fae2f3d82de7da7e3b415,43335,43336
S,Sul,Fio dagua,JACUI,JIUHMC,MONTE CLARO,98,2022-06-07 15:00:00,150.34,113.03,370.85,2673.0,2698.0,348.0,2350.0,0.0,0.0,,outputs/ons-reserva-2021-2022-20260922/raw/ons-2022-06.csv,1ce4ed3b7d7514d1e8adf6e42ba2a1d5f203753fce6fae2f3d82de7da7e3b415,43336,43337
S,Sul,Fio dagua,JACUI,JIUHMC,MONTE CLARO,98,2022-06-07 16:00:00,150.23,112.85,357.46,2558.0,2604.0,352.0,2251.0,0.0,0.0,,outputs/ons-reserva-2021-2022-20260922/raw/ons-2022-06.csv,1ce4ed3b7d7514d1e8adf6e42ba2a1d5f203753fce6fae2f3d82de7da7e3b415,43337,43338
S,Sul,Fio dagua,JACUI,JIUHMC,MONTE CLARO,98,2022-06-07 17:00:00,150.18,112.7,351.38,2538.0,2559.0,351.0,2207.0,0.0,0.0,,outputs/ons-reserva-2021-2022-20260922/raw/ons-2022-06.csv,1ce4ed3b7d7514d1e8adf6e42ba2a1d5f203753fce6fae2f3d82de7da7e3b415,43338,43339
S,Sul,Fio dagua,JACUI,JIUHMC,MONTE CLARO,98,2022-06-07 18:00:00,150.08,112.55,339.23,2430.0,2472.0,351.0,2121.0,0.0,0.0,,outputs/ons-reserva-2021-2022-20260922/raw/ons-2022-06.csv,1ce4ed3b7d7514d1e8adf6e42ba2a1d5f203753fce6fae2f3d82de7da7e3b415,43339,43340
S,Sul,Fio dagua,JACUI,JIUHMC,MONTE CLARO,98,2022-06-07 19:00:00,150.02,112.4,331.96,2396.0,2421.0,350.0,2070.0,0.0,0.0,,outputs/ons-reserva-2021-2022-20260922/raw/ons-2022-06.csv,1ce4ed3b7d7514d1e8adf6e42ba2a1d5f203753fce6fae2f3d82de7da7e3b415,43340,43341
S,Sul,Fio dagua,JACUI,JIUHMC,MONTE CLARO,98,2022-06-07 20:00:00,149.95,112.3,323.49,2333.0,2362.0,350.0,2012.0,0.0,0.0,,outputs/ons-reserva-2021-2022-20260922/raw/ons-2022-06.csv,1ce4ed3b7d7514d1e8adf6e42ba2a1d5f203753fce6fae2f3d82de7da7e3b415,43341,43342
S,Sul,Fio dagua,JACUI,JIUHMC,MONTE CLARO,98,2022-06-07 21:00:00,149.86,112.16,312.62,2252.0,2290.0,349.0,1940.0,0.0,0.0,,outputs/ons-reserva-2021-2022-20260922/raw/ons-2022-06.csv,1ce4ed3b7d7514d1e8adf6e42ba2a1d5f203753fce6fae2f3d82de7da7e3b415,43342,43343
S,Sul,Fio dagua,JACUI,JIUHMC,MONTE CLARO,98,2022-06-07 22:00:00,149.92,112.03,319.86,2233.0,2208.0,353.0,1855.0,0.0,0.0,,outputs/ons-reserva-2021-2022-20260922/raw/ons-2022-06.csv,1ce4ed3b7d7514d1e8adf6e42ba2a1d5f203753fce6fae2f3d82de7da7e3b415,43343,43344
S,Sul,Fio dagua,JACUI,JIUHMC,MONTE CLARO,98,2022-06-07 23:00:00,150.0,112.0,329.54,2174.0,2141.0,353.0,1787.0,0.0,0.0,,outputs/ons-reserva-2021-2022-20260922/raw/ons-2022-06.csv,1ce4ed3b7d7514d1e8adf6e42ba2a1d5f203753fce6fae2f3d82de7da7e3b415,43344,43345
S,Sul,Fio dagua,JACUI,JIUHMC,MONTE CLARO,98,2022-06-07 23:59:00,149.98,111.7,327.12,2113.0,2121.0,351.0,1771.0,0.0,0.0,,outputs/ons-reserva-2021-2022-20260922/raw/ons-2022-06.csv,1ce4ed3b7d7514d1e8adf6e42ba2a1d5f203753fce6fae2f3d82de7da7e3b415,43345,43346
S,Sul,Fio dagua,JACUI,JIUHMC,MONTE CLARO,98,2022-06-08 01:00:00,149.92,111.63,319.86,2048.0,2073.0,350.0,1722.0,0.0,0.0,,outputs/ons-reserva-2021-2022-20260922/raw/ons-2022-06.csv,1ce4ed3b7d7514d1e8adf6e42ba2a1d5f203753fce6fae2f3d82de7da7e3b415,43346,43347
S,Sul,Fio dagua,JACUI,JIUHMC,MONTE CLARO,98,2022-06-08 02:00:00,149.86,111.56,312.62,2000.0,2025.0,350.0,1675.0,0.0,0.0,,outputs/ons-reserva-2021-2022-20260922/raw/ons-2022-06.csv,1ce4ed3b7d7514d1e8adf6e42ba2a1d5f203753fce6fae2f3d82de7da7e3b415,43347,43348
S,Sul,Fio dagua,JACUI,JIUHMC,MONTE CLARO,98,2022-06-08 03:00:00,149.81,111.51,306.59,1966.0,1987.0,350.0,1636.0,0.0,0.0,,outputs/ons-reserva-2021-2022-20260922/raw/ons-2022-06.csv,1ce4ed3b7d7514d1e8adf6e42ba2a1d5f203753fce6fae2f3d82de7da7e3b415,43348,43349
S,Sul,Fio dagua,JACUI,JIUHMC,MONTE CLARO,98,2022-06-08 04:00:00,149.73,111.4,296.97,1891.0,1924.0,350.0,1574.0,0.0,0.0,,outputs/ons-reserva-2021-2022-20260922/raw/ons-2022-06.csv,1ce4ed3b7d7514d1e8adf6e42ba2a1d5f203753fce6fae2f3d82de7da7e3b415,43349,43350
S,Sul,Fio dagua,JACUI,JIUHMC,MONTE CLARO,98,2022-06-08 05:00:00,149.83,111.28,309.0,1771.0,1729.0,348.0,1381.0,0.0,0.0,,outputs/ons-reserva-2021-2022-20260922/raw/ons-2022-06.csv,1ce4ed3b7d7514d1e8adf6e42ba2a1d5f203753fce6fae2f3d82de7da7e3b415,43350,43351
S,Sul,Fio dagua,JACUI,JIUHMC,MONTE CLARO,98,2022-06-08 06:00:00,149.92,111.06,319.86,1834.0,1796.0,345.0,1451.0,0.0,0.0,,outputs/ons-reserva-2021-2022-20260922/raw/ons-2022-06.csv,1ce4ed3b7d7514d1e8adf6e42ba2a1d5f203753fce6fae2f3d82de7da7e3b415,43351,43352
S,Sul,Fio dagua,JACUI,JIUHMC,MONTE CLARO,98,2022-06-08 07:00:00,149.9,110.97,317.45,1774.0,1782.0,347.0,1435.0,0.0,0.0,,outputs/ons-reserva-2021-2022-20260922/raw/ons-2022-06.csv,1ce4ed3b7d7514d1e8adf6e42ba2a1d5f203753fce6fae2f3d82de7da7e3b415,43352,43353
S,Sul,Fio dagua,JACUI,JIUHMC,MONTE CLARO,98,2022-06-08 08:00:00,149.85,110.95,311.41,1724.0,1745.0,349.0,1396.0,0.0,0.0,,outputs/ons-reserva-2021-2022-20260922/raw/ons-2022-06.csv,1ce4ed3b7d7514d1e8adf6e42ba2a1d5f203753fce6fae2f3d82de7da7e3b415,43353,43354
S,Sul,Fio dagua,JACUI,JIUHMC,MONTE CLARO,98,2022-06-08 09:00:00,149.9,110.9,317.45,1666.0,1646.0,348.0,1297.0,0.0,0.0,,outputs/ons-reserva-2021-2022-20260922/raw/ons-2022-06.csv,1ce4ed3b7d7514d1e8adf6e42ba2a1d5f203753fce6fae2f3d82de7da7e3b415,43354,43355
S,Sul,Fio dagua,JACUI,JIUHMC,MONTE CLARO,98,2022-06-08 10:00:00,149.9,110.77,317.45,1647.0,1647.0,349.0,1297.0,0.0,0.0,,outputs/ons-reserva-2021-2022-20260922/raw/ons-2022-06.csv,1ce4ed3b7d7514d1e8adf6e42ba2a1d5f203753fce6fae2f3d82de7da7e3b415,43355,43356
S,Sul,Fio dagua,JACUI,JIUHMC,MONTE CLARO,98,2022-06-08 11:00:00,149.87,110.72,313.83,1611.0,1624.0,350.0,1274.0,0.0,0.0,,outputs/ons-reserva-2021-2022-20260922/raw/ons-2022-06.csv,1ce4ed3b7d7514d1e8adf6e42ba2a1d5f203753fce6fae2f3d82de7da7e3b415,43356,43357
S,Sul,Fio dagua,JACUI,JIUHMC,MONTE CLARO,98,2022-06-08 12:00:00,149.82,110.64,307.8,1564.0,1585.0,349.0,1236.0,0.0,0.0,,outputs/ons-reserva-2021-2022-20260922/raw/ons-2022-06.csv,1ce4ed3b7d7514d1e8adf6e42ba2a1d5f203753fce6fae2f3d82de7da7e3b415,43357,43358
S,Sul,Fio dagua,JACUI,JIUHMC,MONTE CLARO,98,2022-06-08 13:00:00,149.84,110.64,310.21,1470.0,1461.0,349.0,1112.0,0.0,0.0,,outputs/ons-reserva-2021-2022-20260922/raw/ons-2022-06.csv,1ce4ed3b7d7514d1e8adf6e42ba2a1d5f203753fce6fae2f3d82de7da7e3b415,43358,43359
S,Sul,Fio dagua,JACUI,JIUHMC,MONTE CLARO,98,2022-06-08 14:00:00,149.89,110.53,316.24,1519.0,1498.0,348.0,1150.0,0.0,0.0,,outputs/ons-reserva-2021-2022-20260922/raw/ons-2022-06.csv,1ce4ed3b7d7514d1e8adf6e42ba2a1d5f203753fce6fae2f3d82de7da7e3b415,43359,43360
S,Sul,Fio dagua,JACUI,JIUHMC,MONTE CLARO,98,2022-06-08 15:00:00,149.86,110.38,312.62,1462.0,1474.0,347.0,1127.0,0.0,0.0,,outputs/ons-reserva-2021-2022-20260922/raw/ons-2022-06.csv,1ce4ed3b7d7514d1e8adf6e42ba2a1d5f203753fce6fae2f3d82de7da7e3b415,43360,43361
S,Sul,Fio dagua,JACUI,JIUHMC,MONTE CLARO,98,2022-06-08 16:00:00,149.93,110.33,321.07,1420.0,1391.0,350.0,1041.0,0.0,0.0,,outputs/ons-reserva-2021-2022-20260922/raw/ons-2022-06.csv,1ce4ed3b7d7514d1e8adf6e42ba2a1d5f203753fce6fae2f3d82de7da7e3b415,43361,43362
S,Sul,Fio dagua,JACUI,JIUHMC,MONTE CLARO,98,2022-06-08 17:00:00,149.92,110.24,319.86,1387.0,1391.0,358.0,1033.0,0.0,0.0,,outputs/ons-reserva-2021-2022-20260922/raw/ons-2022-06.csv,1ce4ed3b7d7514d1e8adf6e42ba2a1d5f203753fce6fae2f3d82de7da7e3b415,43362,43363
S,Sul,Fio dagua,JACUI,JIUHMC,MONTE CLARO,98,2022-06-08 18:00:00,149.9,110.2,317.45,1368.0,1376.0,359.0,1017.0,0.0,0.0,,outputs/ons-reserva-2021-2022-20260922/raw/ons-2022-06.csv,1ce4ed3b7d7514d1e8adf6e42ba2a1d5f203753fce6fae2f3d82de7da7e3b415,43363,43364
S,Sul,Fio dagua,JACUI,JIUHMC,MONTE CLARO,98,2022-06-08 19:00:00,149.87,110.15,313.83,1340.0,1353.0,359.0,994.0,0.0,0.0,,outputs/ons-reserva-2021-2022-20260922/raw/ons-2022-06.csv,1ce4ed3b7d7514d1e8adf6e42ba2a1d5f203753fce6fae2f3d82de7da7e3b415,43364,43365
S,Sul,Fio dagua,JACUI,JIUHMC,MONTE CLARO,98,2022-06-08 20:00:00,149.94,110.08,322.28,1293.0,1264.0,358.0,906.0,0.0,0.0,,outputs/ons-reserva-2021-2022-20260922/raw/ons-2022-06.csv,1ce4ed3b7d7514d1e8adf6e42ba2a1d5f203753fce6fae2f3d82de7da7e3b415,43365,43366
S,Sul,Fio dagua,JACUI,JIUHMC,MONTE CLARO,98,2022-06-08 21:00:00,149.95,109.96,323.49,1275.0,1270.0,356.0,914.0,0.0,0.0,,outputs/ons-reserva-2021-2022-20260922/raw/ons-2022-06.csv,1ce4ed3b7d7514d1e8adf6e42ba2a1d5f203753fce6fae2f3d82de7da7e3b415,43366,43367
S,Sul,Fio dagua,JACUI,JIUHMC,MONTE CLARO,98,2022-06-08 22:00:00,149.94,109.94,322.28,1258.0,1262.0,356.0,906.0,0.0,0.0,,outputs/ons-reserva-2021-2022-20260922/raw/ons-2022-06.csv,1ce4ed3b7d7514d1e8adf6e42ba2a1d5f203753fce6fae2f3d82de7da7e3b415,43367,43368
S,Sul,Fio dagua,JACUI,JIUHMC,MONTE CLARO,98,2022-06-08 23:00:00,149.92,109.87,319.86,1238.0,1246.0,356.0,891.0,0.0,0.0,,outputs/ons-reserva-2021-2022-20260922/raw/ons-2022-06.csv,1ce4ed3b7d7514d1e8adf6e42ba2a1d5f203753fce6fae2f3d82de7da7e3b415,43368,43369
S,Sul,Fio dagua,JACUI,JIUHMC,MONTE CLARO,98,2022-06-08 23:59:00,149.89,109.87,316.24,1211.0,1224.0,356.0,868.0,0.0,0.0,,outputs/ons-reserva-2021-2022-20260922/raw/ons-2022-06.csv,1ce4ed3b7d7514d1e8adf6e42ba2a1d5f203753fce6fae2f3d82de7da7e3b415,43369,43370
S,Sul,Fio dagua,JACUI,JIUHMC,MONTE CLARO,98,2022-06-09 01:00:00,149.85,109.84,311.41,1177.0,1193.0,356.0,837.0,0.0,0.0,,outputs/ons-reserva-2021-2022-20260922/raw/ons-2022-06.csv,1ce4ed3b7d7514d1e8adf6e42ba2a1d5f203753fce6fae2f3d82de7da7e3b415,43370,43371
S,Sul,Fio dagua,JACUI,JIUHMC,MONTE CLARO,98,2022-06-09 02:00:00,149.93,109.76,321.07,1287.0,1253.0,355.0,898.0,0.0,0.0,,outputs/ons-reserva-2021-2022-20260922/raw/ons-2022-06.csv,1ce4ed3b7d7514d1e8adf6e42ba2a1d5f203753fce6fae2f3d82de7da7e3b415,43371,43372
S,Sul,Fio dagua,JACUI,JIUHMC,MONTE CLARO,98,2022-06-09 03:00:00,149.79,109.6,304.19,1089.0,1147.0,355.0,792.0,0.0,0.0,,outputs/ons-reserva-2021-2022-20260922/raw/ons-2022-06.csv,1ce4ed3b7d7514d1e8adf6e42ba2a1d5f203753fce6fae2f3d82de7da7e3b415,43372,43373
S,Sul,Fio dagua,JACUI,JIUHMC,MONTE CLARO,98,2022-06-09 04:00:00,149.75,109.6,299.38,1100.0,1117.0,355.0,762.0,0.0,0.0,,outputs/ons-reserva-2021-2022-20260922/raw/ons-2022-06.csv,1ce4ed3b7d7514d1e8adf6e42ba2a1d5f203753fce6fae2f3d82de7da7e3b415,43373,43374
S,Sul,Fio dagua,JACUI,JIUHMC,MONTE CLARO,98,2022-06-09 05:00:00,149.72,109.54,295.77,1082.0,1095.0,355.0,740.0,0.0,0.0,,outputs/ons-reserva-2021-2022-20260922/raw/ons-2022-06.csv,1ce4ed3b7d7514d1e8adf6e42ba2a1d5f203753fce6fae2f3d82de7da7e3b415,43374,43375
S,Sul,Fio dagua,JACUI,JIUHMC,MONTE CLARO,98,2022-06-09 06:00:00,149.7,109.54,293.37,1072.0,1080.0,355.0,725.0,0.0,0.0,,outputs/ons-reserva-2021-2022-20260922/raw/ons-2022-06.csv,1ce4ed3b7d7514d1e8adf6e42ba2a1d5f203753fce6fae2f3d82de7da7e3b415,43375,43376
S,Sul,Fio dagua,JACUI,JIUHMC,MONTE CLARO,98,2022-06-09 07:00:00,149.69,109.5,292.17,1069.0,1073.0,355.0,718.0,0.0,0.0,,outputs/ons-reserva-2021-2022-20260922/raw/ons-2022-06.csv,1ce4ed3b7d7514d1e8adf6e42ba2a1d5f203753fce6fae2f3d82de7da7e3b415,43376,43377
S,Sul,Fio dagua,JACUI,JIUHMC,MONTE CLARO,98,2022-06-09 08:00:00,149.69,109.45,292.17,1072.0,1072.0,354.0,718.0,0.0,0.0,,outputs/ons-reserva-2021-2022-20260922/raw/ons-2022-06.csv,1ce4ed3b7d7514d1e8adf6e42ba2a1d5f203753fce6fae2f3d82de7da7e3b415,43377,43378
S,Sul,Fio dagua,JACUI,JIUHMC,MONTE CLARO,98,2022-06-09 09:00:00,149.65,109.43,287.38,1027.0,1044.0,354.0,690.0,0.0,0.0,,outputs/ons-reserva-2021-2022-20260922/raw/ons-2022-06.csv,1ce4ed3b7d7514d1e8adf6e42ba2a1d5f203753fce6fae2f3d82de7da7e3b415,43378,43379
S,Sul,Fio dagua,JACUI,JIUHMC,MONTE CLARO,98,2022-06-09 10:00:00,149.62,109.33,283.79,1031.0,1043.0,354.0,690.0,0.0,0.0,,outputs/ons-reserva-2021-2022-20260922/raw/ons-2022-06.csv,1ce4ed3b7d7514d1e8adf6e42ba2a1d5f203753fce6fae2f3d82de7da7e3b415,43379,43380
S,Sul,Fio dagua,JACUI,JIUHMC,MONTE CLARO,98,2022-06-09 11:00:00,149.58,109.32,279.02,998.0,1015.0,353.0,662.0,0.0,0.0,,outputs/ons-reserva-2021-2022-20260922/raw/ons-2022-06.csv,1ce4ed3b7d7514d1e8adf6e42ba2a1d5f203753fce6fae2f3d82de7da7e3b415,43380,43381
S,Sul,Fio dagua,JACUI,JIUHMC,MONTE CLARO,98,2022-06-09 12:00:00,149.55,109.3,275.44,982.0,994.0,353.0,641.0,0.0,0.0,,outputs/ons-reserva-2021-2022-20260922/raw/ons-2022-06.csv,1ce4ed3b7d7514d1e8adf6e42ba2a1d5f203753fce6fae2f3d82de7da7e3b415,43381,43382
S,Sul,Fio dagua,JACUI,JIUHMC,MONTE CLARO,98,2022-06-09 13:00:00,149.53,109.26,273.06,972.0,980.0,353.0,628.0,0.0,0.0,,outputs/ons-reserva-2021-2022-20260922/raw/ons-2022-06.csv,1ce4ed3b7d7514d1e8adf6e42ba2a1d5f203753fce6fae2f3d82de7da7e3b415,43382,43383
S,Sul,Fio dagua,JACUI,JIUHMC,MONTE CLARO,98,2022-06-09 14:00:00,149.5,109.2,269.49,948.0,960.0,352.0,608.0,0.0,0.0,,outputs/ons-reserva-2021-2022-20260922/raw/ons-2022-06.csv,1ce4ed3b7d7514d1e8adf6e42ba2a1d5f203753fce6fae2f3d82de7da7e3b415,43383,43384
S,Sul,Fio dagua,JACUI,JIUHMC,MONTE CLARO,98,2022-06-09 15:00:00,149.48,109.15,267.11,938.0,947.0,352.0,595.0,0.0,0.0,,outputs/ons-reserva-2021-2022-20260922/raw/ons-2022-06.csv,1ce4ed3b7d7514d1e8adf6e42ba2a1d5f203753fce6fae2f3d82de7da7e3b415,43384,43385
S,Sul,Fio dagua,JACUI,JIUHMC,MONTE CLARO,98,2022-06-09 16:00:00,149.46,109.07,264.73,925.0,934.0,352.0,582.0,0.0,0.0,,outputs/ons-reserva-2021-2022-20260922/raw/ons-2022-06.csv,1ce4ed3b7d7514d1e8adf6e42ba2a1d5f203753fce6fae2f3d82de7da7e3b415,43385,43386
S,Sul,Fio dagua,JACUI,JIUHMC,MONTE CLARO,98,2022-06-09 17:00:00,149.43,109.06,261.18,902.0,915.0,352.0,562.0,0.0,0.0,,outputs/ons-reserva-2021-2022-20260922/raw/ons-2022-06.csv,1ce4ed3b7d7514d1e8adf6e42ba2a1d5f203753fce6fae2f3d82de7da7e3b415,43386,43387
S,Sul,Fio dagua,JACUI,JIUHMC,MONTE CLARO,98,2022-06-09 18:00:00,149.41,109.0,258.81,893.0,902.0,352.0,550.0,0.0,0.0,,outputs/ons-reserva-2021-2022-20260922/raw/ons-2022-06.csv,1ce4ed3b7d7514d1e8adf6e42ba2a1d5f203753fce6fae2f3d82de7da7e3b415,43387,43388
S,Sul,Fio dagua,JACUI,JIUHMC,MONTE CLARO,98,2022-06-09 19:00:00,149.4,108.97,257.62,891.0,895.0,352.0,543.0,0.0,0.0,,outputs/ons-reserva-2021-2022-20260922/raw/ons-2022-06.csv,1ce4ed3b7d7514d1e8adf6e42ba2a1d5f203753fce6fae2f3d82de7da7e3b415,43388,43389
S,Sul,Fio dagua,JACUI,JIUHMC,MONTE CLARO,98,2022-06-09 20:00:00,149.38,108.97,255.26,875.0,883.0,352.0,531.0,0.0,0.0,,outputs/ons-reserva-2021-2022-20260922/raw/ons-2022-06.csv,1ce4ed3b7d7514d1e8adf6e42ba2a1d5f203753fce6fae2f3d82de7da7e3b415,43389,43390
S,Sul,Fio dagua,JACUI,JIUHMC,MONTE CLARO,98,2022-06-09 21:00:00,149.36,108.92,252.9,862.0,870.0,352.0,519.0,0.0,0.0,,outputs/ons-reserva-2021-2022-20260922/raw/ons-2022-06.csv,1ce4ed3b7d7514d1e8adf6e42ba2a1d5f203753fce6fae2f3d82de7da7e3b415,43390,43391
S,Sul,Fio dagua,JACUI,JIUHMC,MONTE CLARO,98,2022-06-09 22:00:00,149.34,108.9,250.54,850.0,858.0,352.0,506.0,0.0,0.0,,outputs/ons-reserva-2021-2022-20260922/raw/ons-2022-06.csv,1ce4ed3b7d7514d1e8adf6e42ba2a1d5f203753fce6fae2f3d82de7da7e3b415,43391,43392
S,Sul,Fio dagua,JACUI,JIUHMC,MONTE CLARO,98,2022-06-09 23:00:00,149.32,108.87,248.18,838.0,846.0,352.0,494.0,0.0,0.0,,outputs/ons-reserva-2021-2022-20260922/raw/ons-2022-06.csv,1ce4ed3b7d7514d1e8adf6e42ba2a1d5f203753fce6fae2f3d82de7da7e3b415,43392,43393
S,Sul,Fio dagua,JACUI,JIUHMC,MONTE CLARO,98,2022-06-09 23:59:00,149.29,108.85,244.65,816.0,828.0,352.0,477.0,0.0,0.0,,outputs/ons-reserva-2021-2022-20260922/raw/ons-2022-06.csv,1ce4ed3b7d7514d1e8adf6e42ba2a1d5f203753fce6fae2f3d82de7da7e3b415,43393,43394
S,Sul,Fio dagua,JACUI,JIUHMC,MONTE CLARO,98,2022-06-10 01:00:00,149.28,108.78,243.47,818.0,822.0,351.0,471.0,0.0,0.0,,outputs/ons-reserva-2021-2022-20260922/raw/ons-2022-06.csv,1ce4ed3b7d7514d1e8adf6e42ba2a1d5f203753fce6fae2f3d82de7da7e3b415,43394,43395
S,Sul,Fio dagua,JACUI,JIUHMC,MONTE CLARO,98,2022-06-10 02:00:00,149.25,108.72,239.95,792.0,804.0,351.0,453.0,0.0,0.0,,outputs/ons-reserva-2021-2022-20260922/raw/ons-2022-06.csv,1ce4ed3b7d7514d1e8adf6e42ba2a1d5f203753fce6fae2f3d82de7da7e3b415,43395,43396
S,Sul,Fio dagua,JACUI,JIUHMC,MONTE CLARO,98,2022-06-10 03:00:00,149.26,108.71,241.12,814.0,810.0,351.0,459.0,0.0,0.0,,outputs/ons-reserva-2021-2022-20260922/raw/ons-2022-06.csv,1ce4ed3b7d7514d1e8adf6e42ba2a1d5f203753fce6fae2f3d82de7da7e3b415,43396,43397
S,Sul,Fio dagua,JACUI,JIUHMC,MONTE CLARO,98,2022-06-10 04:00:00,149.24,108.6,238.78,789.0,798.0,350.0,448.0,0.0,0.0,,outputs/ons-reserva-2021-2022-20260922/raw/ons-2022-06.csv,1ce4ed3b7d7514d1e8adf6e42ba2a1d5f203753fce6fae2f3d82de7da7e3b415,43397,43398
S,Sul,Fio dagua,JACUI,JIUHMC,MONTE CLARO,98,2022-06-10 05:00:00,149.21,108.63,235.26,769.0,781.0,351.0,431.0,0.0,0.0,,outputs/ons-reserva-2021-2022-20260922/raw/ons-2022-06.csv,1ce4ed3b7d7514d1e8adf6e42ba2a1d5f203753fce6fae2f3d82de7da7e3b415,43398,43399
S,Sul,Fio dagua,JACUI,JIUHMC,MONTE CLARO,98,2022-06-10 06:00:00,149.19,108.62,232.92,762.0,770.0,351.0,419.0,0.0,0.0,,outputs/ons-reserva-2021-2022-20260922/raw/ons-2022-06.csv,1ce4ed3b7d7514d1e8adf6e42ba2a1d5f203753fce6fae2f3d82de7da7e3b415,43399,43400
S,Sul,Fio dagua,JACUI,JIUHMC,MONTE CLARO,98,2022-06-10 07:00:00,149.18,108.58,231.75,760.0,764.0,350.0,414.0,0.0,0.0,,outputs/ons-reserva-2021-2022-20260922/raw/ons-2022-06.csv,1ce4ed3b7d7514d1e8adf6e42ba2a1d5f203753fce6fae2f3d82de7da7e3b415,43400,43401
S,Sul,Fio dagua,JACUI,JIUHMC,MONTE CLARO,98,2022-06-10 08:00:00,149.17,108.58,230.58,755.0,759.0,351.0,408.0,0.0,0.0,,outputs/ons-reserva-2021-2022-20260922/raw/ons-2022-06.csv,1ce4ed3b7d7514d1e8adf6e42ba2a1d5f203753fce6fae2f3d82de7da7e3b415,43401,43402
S,Sul,Fio dagua,JACUI,JIUHMC,MONTE CLARO,98,2022-06-10 09:00:00,149.15,108.58,228.25,740.0,748.0,351.0,397.0,0.0,0.0,,outputs/ons-reserva-2021-2022-20260922/raw/ons-2022-06.csv,1ce4ed3b7d7514d1e8adf6e42ba2a1d5f203753fce6fae2f3d82de7da7e3b415,43402,43403
S,Sul,Fio dagua,JACUI,JIUHMC,MONTE CLARO,98,2022-06-10 10:00:00,149.14,108.56,227.08,738.0,743.0,351.0,392.0,0.0,0.0,,outputs/ons-reserva-2021-2022-20260922/raw/ons-2022-06.csv,1ce4ed3b7d7514d1e8adf6e42ba2a1d5f203753fce6fae2f3d82de7da7e3b415,43403,43404
S,Sul,Fio dagua,JACUI,JIUHMC,MONTE CLARO,98,2022-06-10 11:00:00,149.11,108.5,223.59,714.0,726.0,350.0,376.0,0.0,0.0,,outputs/ons-reserva-2021-2022-20260922/raw/ons-2022-06.csv,1ce4ed3b7d7514d1e8adf6e42ba2a1d5f203753fce6fae2f3d82de7da7e3b415,43404,43405
S,Sul,Fio dagua,JACUI,JIUHMC,MONTE CLARO,98,2022-06-10 12:00:00,149.1,108.44,222.43,717.0,721.0,350.0,371.0,0.0,0.0,,outputs/ons-reserva-2021-2022-20260922/raw/ons-2022-06.csv,1ce4ed3b7d7514d1e8adf6e42ba2a1d5f203753fce6fae2f3d82de7da7e3b415,43405,43406
S,Sul,Fio dagua,JACUI,JIUHMC,MONTE CLARO,98,2022-06-10 13:00:00,149.09,108.45,221.27,712.0,716.0,350.0,366.0,0.0,0.0,,outputs/ons-reserva-2021-2022-20260922/raw/ons-2022-06.csv,1ce4ed3b7d7514d1e8adf6e42ba2a1d5f203753fce6fae2f3d82de7da7e3b415,43406,43407
S,Sul,Fio dagua,JACUI,JIUHMC,MONTE CLARO,98,2022-06-10 14:00:00,149.07,108.43,218.94,697.0,705.0,350.0,355.0,0.0,0.0,,outputs/ons-reserva-2021-2022-20260922/raw/ons-2022-06.csv,1ce4ed3b7d7514d1e8adf6e42ba2a1d5f203753fce6fae2f3d82de7da7e3b415,43407,43408
S,Sul,Fio dagua,JACUI,JIUHMC,MONTE CLARO,98,2022-06-10 15:00:00,149.06,108.42,217.78,696.0,700.0,350.0,350.0,0.0,0.0,,outputs/ons-reserva-2021-2022-20260922/raw/ons-2022-06.csv,1ce4ed3b7d7514d1e8adf6e42ba2a1d5f203753fce6fae2f3d82de7da7e3b415,43408,43409
S,Sul,Fio dagua,JACUI,JIUHMC,MONTE CLARO,98,2022-06-10 16:00:00,149.05,108.38,216.62,691.0,695.0,350.0,345.0,0.0,0.0,,outputs/ons-reserva-2021-2022-20260922/raw/ons-2022-06.csv,1ce4ed3b7d7514d1e8adf6e42ba2a1d5f203753fce6fae2f3d82de7da7e3b415,43409,43410
S,Sul,Fio dagua,JACUI,JIUHMC,MONTE CLARO,98,2022-06-10 17:00:00,149.03,108.37,214.31,677.0,685.0,350.0,335.0,0.0,0.0,,outputs/ons-reserva-2021-2022-20260922/raw/ons-2022-06.csv,1ce4ed3b7d7514d1e8adf6e42ba2a1d5f203753fce6fae2f3d82de7da7e3b415,43410,43411
S,Sul,Fio dagua,JACUI,JIUHMC,MONTE CLARO,98,2022-06-10 18:00:00,149.02,108.37,213.15,676.0,680.0,350.0,330.0,0.0,0.0,,outputs/ons-reserva-2021-2022-20260922/raw/ons-2022-06.csv,1ce4ed3b7d7514d1e8adf6e42ba2a1d5f203753fce6fae2f3d82de7da7e3b415,43411,43412
S,Sul,Fio dagua,JACUI,JIUHMC,MONTE CLARO,98,2022-06-10 19:00:00,149.01,108.29,212.0,670.0,674.0,349.0,325.0,0.0,0.0,,outputs/ons-reserva-2021-2022-20260922/raw/ons-2022-06.csv,1ce4ed3b7d7514d1e8adf6e42ba2a1d5f203753fce6fae2f3d82de7da7e3b415,43412,43413
S,Sul,Fio dagua,JACUI,JIUHMC,MONTE CLARO,98,2022-06-10 20:00:00,149.0,108.32,210.84,666.0,670.0,350.0,320.0,0.0,0.0,,outputs/ons-reserva-2021-2022-20260922/raw/ons-2022-06.csv,1ce4ed3b7d7514d1e8adf6e42ba2a1d5f203753fce6fae2f3d82de7da7e3b415,43413,43414
S,Sul,Fio dagua,JACUI,JIUHMC,MONTE CLARO,98,2022-06-10 21:00:00,148.97,108.26,207.38,643.0,655.0,350.0,306.0,0.0,0.0,,outputs/ons-reserva-2021-2022-20260922/raw/ons-2022-06.csv,1ce4ed3b7d7514d1e8adf6e42ba2a1d5f203753fce6fae2f3d82de7da7e3b415,43414,43415
S,Sul,Fio dagua,JACUI,JIUHMC,MONTE CLARO,98,2022-06-10 22:00:00,148.96,108.24,206.23,646.0,650.0,349.0,301.0,0.0,0.0,,outputs/ons-reserva-2021-2022-20260922/raw/ons-2022-06.csv,1ce4ed3b7d7514d1e8adf6e42ba2a1d5f203753fce6fae2f3d82de7da7e3b415,43415,43416
S,Sul,Fio dagua,JACUI,JIUHMC,MONTE CLARO,98,2022-06-10 23:00:00,148.95,108.2,205.08,641.0,645.0,349.0,296.0,0.0,0.0,,outputs/ons-reserva-2021-2022-20260922/raw/ons-2022-06.csv,1ce4ed3b7d7514d1e8adf6e42ba2a1d5f203753fce6fae2f3d82de7da7e3b415,43416,43417
S,Sul,Fio dagua,JACUI,JIUHMC,MONTE CLARO,98,2022-06-10 23:59:00,148.93,108.2,202.78,628.0,636.0,349.0,287.0,0.0,0.0,,outputs/ons-reserva-2021-2022-20260922/raw/ons-2022-06.csv,1ce4ed3b7d7514d1e8adf6e42ba2a1d5f203753fce6fae2f3d82de7da7e3b415,43417,43418
S,Sul,Fio dagua,JACUI,JIUHMC,MONTE CLARO,98,2022-06-11 01:00:00,148.92,108.19,201.63,627.0,631.0,349.0,282.0,0.0,0.0,,outputs/ons-reserva-2021-2022-20260922/raw/ons-2022-06.csv,1ce4ed3b7d7514d1e8adf6e42ba2a1d5f203753fce6fae2f3d82de7da7e3b415,43418,43419
S,Sul,Fio dagua,JACUI,JIUHMC,MONTE CLARO,98,2022-06-11 02:00:00,148.91,108.18,200.48,623.0,627.0,349.0,277.0,0.0,0.0,,outputs/ons-reserva-2021-2022-20260922/raw/ons-2022-06.csv,1ce4ed3b7d7514d1e8adf6e42ba2a1d5f203753fce6fae2f3d82de7da7e3b415,43419,43420
S,Sul,Fio dagua,JACUI,JIUHMC,MONTE CLARO,98,2022-06-11 03:00:00,148.9,108.12,199.34,618.0,622.0,349.0,273.0,0.0,0.0,,outputs/ons-reserva-2021-2022-20260922/raw/ons-2022-06.csv,1ce4ed3b7d7514d1e8adf6e42ba2a1d5f203753fce6fae2f3d82de7da7e3b415,43420,43421
S,Sul,Fio dagua,JACUI,JIUHMC,MONTE CLARO,98,2022-06-11 04:00:00,148.88,108.12,197.04,605.0,613.0,349.0,264.0,0.0,0.0,,outputs/ons-reserva-2021-2022-20260922/raw/ons-2022-06.csv,1ce4ed3b7d7514d1e8adf6e42ba2a1d5f203753fce6fae2f3d82de7da7e3b415,43421,43422
S,Sul,Fio dagua,JACUI,JIUHMC,MONTE CLARO,98,2022-06-11 05:00:00,148.87,108.1,195.9,604.0,608.0,349.0,259.0,0.0,0.0,,outputs/ons-reserva-2021-2022-20260922/raw/ons-2022-06.csv,1ce4ed3b7d7514d1e8adf6e42ba2a1d5f203753fce6fae2f3d82de7da7e3b415,43422,43423
S,Sul,Fio dagua,JACUI,JIUHMC,MONTE CLARO,98,2022-06-11 06:00:00,148.86,108.07,194.76,600.0,604.0,349.0,255.0,0.0,0.0,,outputs/ons-reserva-2021-2022-20260922/raw/ons-2022-06.csv,1ce4ed3b7d7514d1e8adf6e42ba2a1d5f203753fce6fae2f3d82de7da7e3b415,43423,43424
S,Sul,Fio dagua,JACUI,JIUHMC,MONTE CLARO,98,2022-06-11 07:00:00,148.84,108.06,192.47,587.0,595.0,349.0,246.0,0.0,0.0,,outputs/ons-reserva-2021-2022-20260922/raw/ons-2022-06.csv,1ce4ed3b7d7514d1e8adf6e42ba2a1d5f203753fce6fae2f3d82de7da7e3b415,43424,43425
S,Sul,Fio dagua,JACUI,JIUHMC,MONTE CLARO,98,2022-06-11 08:00:00,148.82,108.03,190.19,578.0,586.0,349.0,238.0,0.0,0.0,,outputs/ons-reserva-2021-2022-20260922/raw/ons-2022-06.csv,1ce4ed3b7d7514d1e8adf6e42ba2a1d5f203753fce6fae2f3d82de7da7e3b415,43425,43426
S,Sul,Fio dagua,JACUI,JIUHMC,MONTE CLARO,98,2022-06-11 09:00:00,148.82,108.03,190.19,586.0,586.0,349.0,238.0,0.0,0.0,,outputs/ons-reserva-2021-2022-20260922/raw/ons-2022-06.csv,1ce4ed3b7d7514d1e8adf6e42ba2a1d5f203753fce6fae2f3d82de7da7e3b415,43426,43427
S,Sul,Fio dagua,JACUI,JIUHMC,MONTE CLARO,98,2022-06-11 10:00:00,148.81,108.0,189.05,578.0,582.0,349.0,233.0,0.0,0.0,,outputs/ons-reserva-2021-2022-20260922/raw/ons-2022-06.csv,1ce4ed3b7d7514d1e8adf6e42ba2a1d5f203753fce6fae2f3d82de7da7e3b415,43427,43428
S,Sul,Fio dagua,JACUI,JIUHMC,MONTE CLARO,98,2022-06-11 11:00:00,148.79,108.02,186.78,566.0,574.0,349.0,225.0,0.0,0.0,,outputs/ons-reserva-2021-2022-20260922/raw/ons-2022-06.csv,1ce4ed3b7d7514d1e8adf6e42ba2a1d5f203753fce6fae2f3d82de7da7e3b415,43428,43429
S,Sul,Fio dagua,JACUI,JIUHMC,MONTE CLARO,98,2022-06-11 12:00:00,148.78,108.0,185.64,566.0,570.0,349.0,221.0,0.0,0.0,,outputs/ons-reserva-2021-2022-20260922/raw/ons-2022-06.csv,1ce4ed3b7d7514d1e8adf6e42ba2a1d5f203753fce6fae2f3d82de7da7e3b415,43429,43430
S,Sul,Fio dagua,JACUI,JIUHMC,MONTE CLARO,98,2022-06-11 13:00:00,148.77,107.96,184.5,561.0,565.0,349.0,216.0,0.0,0.0,,outputs/ons-reserva-2021-2022-20260922/raw/ons-2022-06.csv,1ce4ed3b7d7514d1e8adf6e42ba2a1d5f203753fce6fae2f3d82de7da7e3b415,43430,43431
S,Sul,Fio dagua,JACUI,JIUHMC,MONTE CLARO,98,2022-06-11 14:00:00,148.76,107.83,183.37,555.0,560.0,348.0,212.0,0.0,0.0,,outputs/ons-reserva-2021-2022-20260922/raw/ons-2022-06.csv,1ce4ed3b7d7514d1e8adf6e42ba2a1d5f203753fce6fae2f3d82de7da7e3b415,43431,43432
S,Sul,Fio dagua,JACUI,JIUHMC,MONTE CLARO,98,2022-06-11 15:00:00,148.75,107.93,182.24,552.0,556.0,349.0,208.0,0.0,0.0,,outputs/ons-reserva-2021-2022-20260922/raw/ons-2022-06.csv,1ce4ed3b7d7514d1e8adf6e42ba2a1d5f203753fce6fae2f3d82de7da7e3b415,43432,43433
S,Sul,Fio dagua,JACUI,JIUHMC,MONTE CLARO,98,2022-06-11 16:00:00,148.74,107.9,181.1,547.0,551.0,348.0,203.0,0.0,0.0,,outputs/ons-reserva-2021-2022-20260922/raw/ons-2022-06.csv,1ce4ed3b7d7514d1e8adf6e42ba2a1d5f203753fce6fae2f3d82de7da7e3b415,43433,43434
S,Sul,Fio dagua,JACUI,JIUHMC,MONTE CLARO,98,2022-06-11 17:00:00,148.72,107.9,178.84,535.0,543.0,348.0,195.0,0.0,0.0,,outputs/ons-reserva-2021-2022-20260922/raw/ons-2022-06.csv,1ce4ed3b7d7514d1e8adf6e42ba2a1d5f203753fce6fae2f3d82de7da7e3b415,43434,43435
S,Sul,Fio dagua,JACUI,JIUHMC,MONTE CLARO,98,2022-06-11 18:00:00,148.71,107.9,177.71,535.0,539.0,348.0,191.0,0.0,0.0,,outputs/ons-reserva-2021-2022-20260922/raw/ons-2022-06.csv,1ce4ed3b7d7514d1e8adf6e42ba2a1d5f203753fce6fae2f3d82de7da7e3b415,43435,43436
S,Sul,Fio dagua,JACUI,JIUHMC,MONTE CLARO,98,2022-06-11 19:00:00,148.7,107.9,176.58,531.0,535.0,348.0,186.0,0.0,0.0,,outputs/ons-reserva-2021-2022-20260922/raw/ons-2022-06.csv,1ce4ed3b7d7514d1e8adf6e42ba2a1d5f203753fce6fae2f3d82de7da7e3b415,43436,43437
S,Sul,Fio dagua,JACUI,JIUHMC,MONTE CLARO,98,2022-06-11 20:00:00,148.7,107.9,176.58,535.0,535.0,348.0,186.0,0.0,0.0,,outputs/ons-reserva-2021-2022-20260922/raw/ons-2022-06.csv,1ce4ed3b7d7514d1e8adf6e42ba2a1d5f203753fce6fae2f3d82de7da7e3b415,43437,43438
S,Sul,Fio dagua,JACUI,JIUHMC,MONTE CLARO,98,2022-06-11 21:00:00,148.69,107.9,175.45,527.0,531.0,349.0,182.0,0.0,0.0,,outputs/ons-reserva-2021-2022-20260922/raw/ons-2022-06.csv,1ce4ed3b7d7514d1e8adf6e42ba2a1d5f203753fce6fae2f3d82de7da7e3b415,43438,43439
S,Sul,Fio dagua,JACUI,JIUHMC,MONTE CLARO,98,2022-06-11 22:00:00,148.67,107.85,173.2,514.0,523.0,348.0,174.0,0.0,0.0,,outputs/ons-reserva-2021-2022-20260922/raw/ons-2022-06.csv,1ce4ed3b7d7514d1e8adf6e42ba2a1d5f203753fce6fae2f3d82de7da7e3b415,43439,43440
S,Sul,Fio dagua,JACUI,JIUHMC,MONTE CLARO,98,2022-06-11 23:00:00,148.66,107.81,172.07,514.0,519.0,348.0,170.0,0.0,0.0,,outputs/ons-reserva-2021-2022-20260922/raw/ons-2022-06.csv,1ce4ed3b7d7514d1e8adf6e42ba2a1d5f203753fce6fae2f3d82de7da7e3b415,43440,43441
S,Sul,Fio dagua,JACUI,JIUHMC,MONTE CLARO,98,2022-06-11 23:59:00,148.65,107.81,170.95,511.0,515.0,348.0,167.0,0.0,0.0,,outputs/ons-reserva-2021-2022-20260922/raw/ons-2022-06.csv,1ce4ed3b7d7514d1e8adf6e42ba2a1d5f203753fce6fae2f3d82de7da7e3b415,43441,43442
S,Sul,Fio dagua,JACUI,JIUHMC,MONTE CLARO,98,2022-06-12 01:00:00,148.64,107.79,169.82,507.0,511.0,348.0,163.0,0.0,0.0,,outputs/ons-reserva-2021-2022-20260922/raw/ons-2022-06.csv,1ce4ed3b7d7514d1e8adf6e42ba2a1d5f203753fce6fae2f3d82de7da7e3b415,43442,43443
S,Sul,Fio dagua,JACUI,JIUHMC,MONTE CLARO,98,2022-06-12 02:00:00,148.62,107.74,167.58,495.0,503.0,348.0,155.0,0.0,0.0,,outputs/ons-reserva-2021-2022-20260922/raw/ons-2022-06.csv,1ce4ed3b7d7514d1e8adf6e42ba2a1d5f203753fce6fae2f3d82de7da7e3b415,43443,43444
S,Sul,Fio dagua,JACUI,JIUHMC,MONTE CLARO,98,2022-06-12 03:00:00,148.61,107.78,166.46,496.0,500.0,348.0,152.0,0.0,0.0,,outputs/ons-reserva-2021-2022-20260922/raw/ons-2022-06.csv,1ce4ed3b7d7514d1e8adf6e42ba2a1d5f203753fce6fae2f3d82de7da7e3b415,43444,43445
S,Sul,Fio dagua,JACUI,JIUHMC,MONTE CLARO,98,2022-06-12 04:00:00,148.6,107.76,165.34,492.0,496.0,348.0,148.0,0.0,0.0,,outputs/ons-reserva-2021-2022-20260922/raw/ons-2022-06.csv,1ce4ed3b7d7514d1e8adf6e42ba2a1d5f203753fce6fae2f3d82de7da7e3b415,43445,43446
S,Sul,Fio dagua,JACUI,JIUHMC,MONTE CLARO,98,2022-06-12 05:00:00,148.59,107.74,164.22,488.0,492.0,348.0,144.0,0.0,0.0,,outputs/ons-reserva-2021-2022-20260922/raw/ons-2022-06.csv,1ce4ed3b7d7514d1e8adf6e42ba2a1d5f203753fce6fae2f3d82de7da7e3b415,43446,43447
S,Sul,Fio dagua,JACUI,JIUHMC,MONTE CLARO,98,2022-06-12 06:00:00,148.58,107.72,163.1,485.0,489.0,348.0,141.0,0.0,0.0,,outputs/ons-reserva-2021-2022-20260922/raw/ons-2022-06.csv,1ce4ed3b7d7514d1e8adf6e42ba2a1d5f203753fce6fae2f3d82de7da7e3b415,43447,43448
S,Sul,Fio dagua,JACUI,JIUHMC,MONTE CLARO,98,2022-06-12 07:00:00,148.57,107.67,161.99,481.0,485.0,348.0,137.0,0.0,0.0,,outputs/ons-reserva-2021-2022-20260922/raw/ons-2022-06.csv,1ce4ed3b7d7514d1e8adf6e42ba2a1d5f203753fce6fae2f3d82de7da7e3b415,43448,43449
S,Sul,Fio dagua,JACUI,JIUHMC,MONTE CLARO,98,2022-06-12 08:00:00,148.55,107.69,159.75,470.0,478.0,348.0,130.0,0.0,0.0,,outputs/ons-reserva-2021-2022-20260922/raw/ons-2022-06.csv,1ce4ed3b7d7514d1e8adf6e42ba2a1d5f203753fce6fae2f3d82de7da7e3b415,43449,43450
S,Sul,Fio dagua,JACUI,JIUHMC,MONTE CLARO,98,2022-06-12 09:00:00,148.54,107.7,158.64,471.0,475.0,348.0,127.0,0.0,0.0,,outputs/ons-reserva-2021-2022-20260922/raw/ons-2022-06.csv,1ce4ed3b7d7514d1e8adf6e42ba2a1d5f203753fce6fae2f3d82de7da7e3b415,43450,43451
S,Sul,Fio dagua,JACUI,JIUHMC,MONTE CLARO,98,2022-06-12 10:00:00,148.54,107.7,158.64,475.0,475.0,348.0,127.0,0.0,0.0,,outputs/ons-reserva-2021-2022-20260922/raw/ons-2022-06.csv,1ce4ed3b7d7514d1e8adf6e42ba2a1d5f203753fce6fae2f3d82de7da7e3b415,43451,43452
S,Sul,Fio dagua,JACUI,JIUHMC,MONTE CLARO,98,2022-06-12 11:00:00,148.52,107.8,156.41,461.0,470.0,349.0,121.0,0.0,0.0,,outputs/ons-reserva-2021-2022-20260922/raw/ons-2022-06.csv,1ce4ed3b7d7514d1e8adf6e42ba2a1d5f203753fce6fae2f3d82de7da7e3b415,43452,43453
S,Sul,Fio dagua,JACUI,JIUHMC,MONTE CLARO,98,2022-06-12 12:00:00,148.51,107.65,155.3,461.0,465.0,348.0,117.0,0.0,0.0,,outputs/ons-reserva-2021-2022-20260922/raw/ons-2022-06.csv,1ce4ed3b7d7514d1e8adf6e42ba2a1d5f203753fce6fae2f3d82de7da7e3b415,43453,43454
S,Sul,Fio dagua,JACUI,JIUHMC,MONTE CLARO,98,2022-06-12 13:00:00,148.51,107.6,155.3,465.0,465.0,348.0,117.0,0.0,0.0,,outputs/ons-reserva-2021-2022-20260922/raw/ons-2022-06.csv,1ce4ed3b7d7514d1e8adf6e42ba2a1d5f203753fce6fae2f3d82de7da7e3b415,43454,43455
S,Sul,Fio dagua,JACUI,JIUHMC,MONTE CLARO,98,2022-06-12 14:00:00,148.49,107.6,153.08,451.0,459.0,348.0,111.0,0.0,0.0,,outputs/ons-reserva-2021-2022-20260922/raw/ons-2022-06.csv,1ce4ed3b7d7514d1e8adf6e42ba2a1d5f203753fce6fae2f3d82de7da7e3b415,43455,43456
S,Sul,Fio dagua,JACUI,JIUHMC,MONTE CLARO,98,2022-06-12 15:00:00,148.48,107.6,151.98,452.0,456.0,348.0,108.0,0.0,0.0,,outputs/ons-reserva-2021-2022-20260922/raw/ons-2022-06.csv,1ce4ed3b7d7514d1e8adf6e42ba2a1d5f203753fce6fae2f3d82de7da7e3b415,43456,43457
S,Sul,Fio dagua,JACUI,JIUHMC,MONTE CLARO,98,2022-06-12 16:00:00,148.48,107.57,151.98,456.0,456.0,348.0,108.0,0.0,0.0,,outputs/ons-reserva-2021-2022-20260922/raw/ons-2022-06.csv,1ce4ed3b7d7514d1e8adf6e42ba2a1d5f203753fce6fae2f3d82de7da7e3b415,43457,43458
S,Sul,Fio dagua,JACUI,JIUHMC,MONTE CLARO,98,2022-06-12 17:00:00,148.46,107.56,149.76,442.0,450.0,348.0,102.0,0.0,0.0,,outputs/ons-reserva-2021-2022-20260922/raw/ons-2022-06.csv,1ce4ed3b7d7514d1e8adf6e42ba2a1d5f203753fce6fae2f3d82de7da7e3b415,43458,43459
S,Sul,Fio dagua,JACUI,JIUHMC,MONTE CLARO,98,2022-06-12 18:00:00,148.45,107.59,148.66,443.0,447.0,348.0,99.0,0.0,0.0,,outputs/ons-reserva-2021-2022-20260922/raw/ons-2022-06.csv,1ce4ed3b7d7514d1e8adf6e42ba2a1d5f203753fce6fae2f3d82de7da7e3b415,43459,43460
S,Sul,Fio dagua,JACUI,JIUHMC,MONTE CLARO,98,2022-06-12 19:00:00,148.44,107.56,147.55,440.0,444.0,348.0,96.0,0.0,0.0,,outputs/ons-reserva-2021-2022-20260922/raw/ons-2022-06.csv,1ce4ed3b7d7514d1e8adf6e42ba2a1d5f203753fce6fae2f3d82de7da7e3b415,43460,43461
S,Sul,Fio dagua,JACUI,JIUHMC,MONTE CLARO,98,2022-06-12 20:00:00,148.42,107.53,145.35,430.0,439.0,348.0,91.0,0.0,0.0,,outputs/ons-reserva-2021-2022-20260922/raw/ons-2022-06.csv,1ce4ed3b7d7514d1e8adf6e42ba2a1d5f203753fce6fae2f3d82de7da7e3b415,43461,43462
S,Sul,Fio dagua,JACUI,JIUHMC,MONTE CLARO,98,2022-06-12 21:00:00,148.42,107.54,145.35,439.0,439.0,348.0,91.0,0.0,0.0,,outputs/ons-reserva-2021-2022-20260922/raw/ons-2022-06.csv,1ce4ed3b7d7514d1e8adf6e42ba2a1d5f203753fce6fae2f3d82de7da7e3b415,43462,43463
S,Sul,Fio dagua,JACUI,JIUHMC,MONTE CLARO,98,2022-06-12 22:00:00,148.4,107.5,143.15,425.0,433.0,348.0,86.0,0.0,0.0,,outputs/ons-reserva-2021-2022-20260922/raw/ons-2022-06.csv,1ce4ed3b7d7514d1e8adf6e42ba2a1d5f203753fce6fae2f3d82de7da7e3b415,43463,43464
S,Sul,Fio dagua,JACUI,JIUHMC,MONTE CLARO,98,2022-06-12 23:00:00,148.4,107.53,143.15,433.0,433.0,348.0,86.0,0.0,0.0,,outputs/ons-reserva-2021-2022-20260922/raw/ons-2022-06.csv,1ce4ed3b7d7514d1e8adf6e42ba2a1d5f203753fce6fae2f3d82de7da7e3b415,43464,43465
S,Sul,Fio dagua,JACUI,JIUHMC,MONTE CLARO,98,2022-06-12 23:59:00,148.39,107.49,142.05,426.0,430.0,348.0,83.0,0.0,0.0,,outputs/ons-reserva-2021-2022-20260922/raw/ons-2022-06.csv,1ce4ed3b7d7514d1e8adf6e42ba2a1d5f203753fce6fae2f3d82de7da7e3b415,43465,43466
S,Sul,Fio dagua,JACUI,JIUHMC,MONTE CLARO,98,2022-06-13 01:00:00,148.37,107.5,139.85,417.0,426.0,348.0,78.0,0.0,0.0,,outputs/ons-reserva-2021-2022-20260922/raw/ons-2022-06.csv,1ce4ed3b7d7514d1e8adf6e42ba2a1d5f203753fce6fae2f3d82de7da7e3b415,43466,43467
S,Sul,Fio dagua,JACUI,JIUHMC,MONTE CLARO,98,2022-06-13 02:00:00,148.35,107.5,137.66,413.0,421.0,348.0,73.0,0.0,0.0,,outputs/ons-reserva-2021-2022-20260922/raw/ons-2022-06.csv,1ce4ed3b7d7514d1e8adf6e42ba2a1d5f203753fce6fae2f3d82de7da7e3b415,43467,43468
S,Sul,Fio dagua,JACUI,JIUHMC,MONTE CLARO,98,2022-06-13 03:00:00,148.35,107.48,137.66,421.0,421.0,348.0,73.0,0.0,0.0,,outputs/ons-reserva-2021-2022-20260922/raw/ons-2022-06.csv,1ce4ed3b7d7514d1e8adf6e42ba2a1d5f203753fce6fae2f3d82de7da7e3b415,43468,43469
S,Sul,Fio dagua,JACUI,JIUHMC,MONTE CLARO,98,2022-06-13 04:00:00,148.34,107.48,136.57,414.0,418.0,348.0,70.0,0.0,0.0,,outputs/ons-reserva-2021-2022-20260922/raw/ons-2022-06.csv,1ce4ed3b7d7514d1e8adf6e42ba2a1d5f203753fce6fae2f3d82de7da7e3b415,43469,43470
S,Sul,Fio dagua,JACUI,JIUHMC,MONTE CLARO,98,2022-06-13 05:00:00,148.33,107.47,135.47,412.0,416.0,348.0,68.0,0.0,0.0,,outputs/ons-reserva-2021-2022-20260922/raw/ons-2022-06.csv,1ce4ed3b7d7514d1e8adf6e42ba2a1d5f203753fce6fae2f3d82de7da7e3b415,43470,43471
S,Sul,Fio dagua,JACUI,JIUHMC,MONTE CLARO,98,2022-06-13 06:00:00,148.33,107.43,135.47,416.0,416.0,348.0,68.0,0.0,0.0,,outputs/ons-reserva-2021-2022-20260922/raw/ons-2022-06.csv,1ce4ed3b7d7514d1e8adf6e42ba2a1d5f203753fce6fae2f3d82de7da7e3b415,43471,43472
S,Sul,Fio dagua,JACUI,JIUHMC,MONTE CLARO,98,2022-06-13 07:00:00,148.32,107.44,134.38,410.0,414.0,348.0,66.0,0.0,0.0,,outputs/ons-reserva-2021-2022-20260922/raw/ons-2022-06.csv,1ce4ed3b7d7514d1e8adf6e42ba2a1d5f203753fce6fae2f3d82de7da7e3b415,43472,43473
S,Sul,Fio dagua,JACUI,JIUHMC,MONTE CLARO,98,2022-06-13 08:00:00,148.31,107.45,133.29,408.0,412.0,348.0,64.0,0.0,0.0,,outputs/ons-reserva-2021-2022-20260922/raw/ons-2022-06.csv,1ce4ed3b7d7514d1e8adf6e42ba2a1d5f203753fce6fae2f3d82de7da7e3b415,43473,43474
S,Sul,Fio dagua,JACUI,JIUHMC,MONTE CLARO,98,2022-06-13 09:00:00,148.29,107.41,131.11,399.0,408.0,348.0,60.0,0.0,0.0,,outputs/ons-reserva-2021-2022-20260922/raw/ons-2022-06.csv,1ce4ed3b7d7514d1e8adf6e42ba2a1d5f203753fce6fae2f3d82de7da7e3b415,43474,43475
S,Sul,Fio dagua,JACUI,JIUHMC,MONTE CLARO,98,2022-06-13 10:00:00,148.28,107.42,130.02,401.0,406.0,348.0,58.0,0.0,0.0,,outputs/ons-reserva-2021-2022-20260922/raw/ons-2022-06.csv,1ce4ed3b7d7514d1e8adf6e42ba2a1d5f203753fce6fae2f3d82de7da7e3b415,43475,43476
S,Sul,Fio dagua,JACUI,JIUHMC,MONTE CLARO,98,2022-06-13 11:00:00,148.27,107.43,128.94,400.0,404.0,348.0,56.0,0.0,0.0,,outputs/ons-reserva-2021-2022-20260922/raw/ons-2022-06.csv,1ce4ed3b7d7514d1e8adf6e42ba2a1d5f203753fce6fae2f3d82de7da7e3b415,43476,43477
S,Sul,Fio dagua,JACUI,JIUHMC,MONTE CLARO,98,2022-06-13 12:00:00,148.26,107.41,127.85,398.0,402.0,348.0,54.0,0.0,0.0,,outputs/ons-reserva-2021-2022-20260922/raw/ons-2022-06.csv,1ce4ed3b7d7514d1e8adf6e42ba2a1d5f203753fce6fae2f3d82de7da7e3b415,43477,43478
S,Sul,Fio dagua,JACUI,JIUHMC,MONTE CLARO,98,2022-06-13 13:00:00,148.25,107.4,126.77,396.0,400.0,348.0,52.0,0.0,0.0,,outputs/ons-reserva-2021-2022-20260922/raw/ons-2022-06.csv,1ce4ed3b7d7514d1e8adf6e42ba2a1d5f203753fce6fae2f3d82de7da7e3b415,43478,43479
S,Sul,Fio dagua,JACUI,JIUHMC,MONTE CLARO,98,2022-06-13 14:00:00,148.23,107.35,124.6,388.0,396.0,348.0,48.0,0.0,0.0,,outputs/ons-reserva-2021-2022-20260922/raw/ons-2022-06.csv,1ce4ed3b7d7514d1e8adf6e42ba2a1d5f203753fce6fae2f3d82de7da7e3b415,43479,43480
S,Sul,Fio dagua,JACUI,JIUHMC,MONTE CLARO,98,2022-06-13 15:00:00,148.22,107.41,123.52,390.0,395.0,348.0,46.0,0.0,0.0,,outputs/ons-reserva-2021-2022-20260922/raw/ons-2022-06.csv,1ce4ed3b7d7514d1e8adf6e42ba2a1d5f203753fce6fae2f3d82de7da7e3b415,43480,43481
S,Sul,Fio dagua,JACUI,JIUHMC,MONTE CLARO,98,2022-06-13 16:00:00,148.21,107.37,122.44,388.0,393.0,348.0,45.0,0.0,0.0,,outputs/ons-reserva-2021-2022-20260922/raw/ons-2022-06.csv,1ce4ed3b7d7514d1e8adf6e42ba2a1d5f203753fce6fae2f3d82de7da7e3b415,43481,43482
S,Sul,Fio dagua,JACUI,JIUHMC,MONTE CLARO,98,2022-06-13 17:00:00,148.2,107.38,121.36,387.0,391.0,348.0,43.0,0.0,0.0,,outputs/ons-reserva-2021-2022-20260922/raw/ons-2022-06.csv,1ce4ed3b7d7514d1e8adf6e42ba2a1d5f203753fce6fae2f3d82de7da7e3b415,43482,43483
S,Sul,Fio dagua,JACUI,JIUHMC,MONTE CLARO,98,2022-06-13 18:00:00,148.18,107.35,119.2,379.0,388.0,348.0,40.0,0.0,0.0,,outputs/ons-reserva-2021-2022-20260922/raw/ons-2022-06.csv,1ce4ed3b7d7514d1e8adf6e42ba2a1d5f203753fce6fae2f3d82de7da7e3b415,43483,43484
S,Sul,Fio dagua,JACUI,JIUHMC,MONTE CLARO,98,2022-06-13 19:00:00,148.18,107.32,119.2,387.0,387.0,348.0,40.0,0.0,0.0,,outputs/ons-reserva-2021-2022-20260922/raw/ons-2022-06.csv,1ce4ed3b7d7514d1e8adf6e42ba2a1d5f203753fce6fae2f3d82de7da7e3b415,43484,43485
S,Sul,Fio dagua,JACUI,JIUHMC,MONTE CLARO,98,2022-06-13 20:00:00,148.17,107.4,118.13,382.0,387.0,349.0,38.0,0.0,0.0,,outputs/ons-reserva-2021-2022-20260922/raw/ons-2022-06.csv,1ce4ed3b7d7514d1e8adf6e42ba2a1d5f203753fce6fae2f3d82de7da7e3b415,43485,43486
S,Sul,Fio dagua,JACUI,JIUHMC,MONTE CLARO,98,2022-06-13 21:00:00,148.16,107.29,117.05,380.0,384.0,348.0,36.0,0.0,0.0,,outputs/ons-reserva-2021-2022-20260922/raw/ons-2022-06.csv,1ce4ed3b7d7514d1e8adf6e42ba2a1d5f203753fce6fae2f3d82de7da7e3b415,43486,43487
S,Sul,Fio dagua,JACUI,JIUHMC,MONTE CLARO,98,2022-06-13 22:00:00,148.15,107.31,115.98,379.0,383.0,348.0,35.0,0.0,0.0,,outputs/ons-reserva-2021-2022-20260922/raw/ons-2022-06.csv,1ce4ed3b7d7514d1e8adf6e42ba2a1d5f203753fce6fae2f3d82de7da7e3b415,43487,43488
S,Sul,Fio dagua,JACUI,JIUHMC,MONTE CLARO,98,2022-06-13 23:00:00,148.14,107.28,114.91,377.0,381.0,348.0,34.0,0.0,0.0,,outputs/ons-reserva-2021-2022-20260922/raw/ons-2022-06.csv,1ce4ed3b7d7514d1e8adf6e42ba2a1d5f203753fce6fae2f3d82de7da7e3b415,43488,43489
S,Sul,Fio dagua,JACUI,JIUHMC,MONTE CLARO,98,2022-06-13 23:59:00,148.13,107.3,113.83,376.0,380.0,348.0,32.0,0.0,0.0,,outputs/ons-reserva-2021-2022-20260922/raw/ons-2022-06.csv,1ce4ed3b7d7514d1e8adf6e42ba2a1d5f203753fce6fae2f3d82de7da7e3b415,43489,43490
S,Sul,Fio dagua,JACUI,JIUHMC,MONTE CLARO,98,2022-06-14 01:00:00,148.11,107.3,111.69,369.0,378.0,348.0,29.0,0.0,0.0,,outputs/ons-reserva-2021-2022-20260922/raw/ons-2022-06.csv,1ce4ed3b7d7514d1e8adf6e42ba2a1d5f203753fce6fae2f3d82de7da7e3b415,43490,43491
S,Sul,Fio dagua,JACUI,JIUHMC,MONTE CLARO,98,2022-06-14 02:00:00,148.09,107.3,109.56,367.0,376.0,348.0,27.0,0.0,0.0,,outputs/ons-reserva-2021-2022-20260922/raw/ons-2022-06.csv,1ce4ed3b7d7514d1e8adf6e42ba2a1d5f203753fce6fae2f3d82de7da7e3b415,43491,43492
S,Sul,Fio dagua,JACUI,JIUHMC,MONTE CLARO,98,2022-06-14 03:00:00,148.07,107.3,107.43,365.0,374.0,349.0,25.0,0.0,0.0,,outputs/ons-reserva-2021-2022-20260922/raw/ons-2022-06.csv,1ce4ed3b7d7514d1e8adf6e42ba2a1d5f203753fce6fae2f3d82de7da7e3b415,43492,43493
S,Sul,Fio dagua,JACUI,JIUHMC,MONTE CLARO,98,2022-06-14 04:00:00,148.05,107.3,105.3,364.0,372.0,349.0,23.0,0.0,0.0,,outputs/ons-reserva-2021-2022-20260922/raw/ons-2022-06.csv,1ce4ed3b7d7514d1e8adf6e42ba2a1d5f203753fce6fae2f3d82de7da7e3b415,43493,43494
S,Sul,Fio dagua,JACUI,JIUHMC,MONTE CLARO,98,2022-06-14 05:00:00,148.04,107.3,104.24,367.0,371.0,349.0,22.0,0.0,0.0,,outputs/ons-reserva-2021-2022-20260922/raw/ons-2022-06.csv,1ce4ed3b7d7514d1e8adf6e42ba2a1d5f203753fce6fae2f3d82de7da7e3b415,43494,43495
S,Sul,Fio dagua,JACUI,JIUHMC,MONTE CLARO,98,2022-06-14 06:00:00,148.01,107.3,101.06,357.0,370.0,349.0,20.0,0.0,0.0,,outputs/ons-reserva-2021-2022-20260922/raw/ons-2022-06.csv,1ce4ed3b7d7514d1e8adf6e42ba2a1d5f203753fce6fae2f3d82de7da7e3b415,43495,43496
S,Sul,Fio dagua,JACUI,JIUHMC,MONTE CLARO,98,2022-06-14 07:00:00,147.99,107.31,98.94,361.0,370.0,349.0,20.0,0.0,0.0,,outputs/ons-reserva-2021-2022-20260922/raw/ons-2022-06.csv,1ce4ed3b7d7514d1e8adf6e42ba2a1d5f203753fce6fae2f3d82de7da7e3b415,43496,43497
S,Sul,Fio dagua,JACUI,JIUHMC,MONTE CLARO,98,2022-06-14 08:00:00,147.96,107.27,95.78,357.0,369.0,349.0,20.0,0.0,0.0,,outputs/ons-reserva-2021-2022-20260922/raw/ons-2022-06.csv,1ce4ed3b7d7514d1e8adf6e42ba2a1d5f203753fce6fae2f3d82de7da7e3b415,43497,43498
S,Sul,Fio dagua,JACUI,JIUHMC,MONTE CLARO,98,2022-06-14 09:00:00,147.93,107.31,92.63,357.0,370.0,350.0,20.0,0.0,0.0,,outputs/ons-reserva-2021-2022-20260922/raw/ons-2022-06.csv,1ce4ed3b7d7514d1e8adf6e42ba2a1d5f203753fce6fae2f3d82de7da7e3b415,43498,43499
S,Sul,Fio dagua,JACUI,JIUHMC,MONTE CLARO,98,2022-06-14 10:00:00,147.89,107.26,88.44,353.0,370.0,350.0,20.0,0.0,0.0,,outputs/ons-reserva-2021-2022-20260922/raw/ons-2022-06.csv,1ce4ed3b7d7514d1e8adf6e42ba2a1d5f203753fce6fae2f3d82de7da7e3b415,43499,43500
S,Sul,Fio dagua,JACUI,JIUHMC,MONTE CLARO,98,2022-06-14 11:00:00,147.83,107.27,82.19,345.0,370.0,350.0,20.0,0.0,0.0,,outputs/ons-reserva-2021-2022-20260922/raw/ons-2022-06.csv,1ce4ed3b7d7514d1e8adf6e42ba2a1d5f203753fce6fae2f3d82de7da7e3b415,43500,43501
S,Sul,Fio dagua,JACUI,JIUHMC,MONTE CLARO,98,2022-06-14 12:00:00,147.8,107.3,79.08,358.0,371.0,351.0,20.0,0.0,0.0,,outputs/ons-reserva-2021-2022-20260922/raw/ons-2022-06.csv,1ce4ed3b7d7514d1e8adf6e42ba2a1d5f203753fce6fae2f3d82de7da7e3b415,43501,43502
S,Sul,Fio dagua,JACUI,JIUHMC,MONTE CLARO,98,2022-06-14 13:00:00,147.73,107.25,71.87,342.0,371.0,351.0,20.0,0.0,0.0,,outputs/ons-reserva-2021-2022-20260922/raw/ons-2022-06.csv,1ce4ed3b7d7514d1e8adf6e42ba2a1d5f203753fce6fae2f3d82de7da7e3b415,43502,43503
S,Sul,Fio dagua,JACUI,JIUHMC,MONTE CLARO,98,2022-06-14 14:00:00,147.7,107.23,68.79,359.0,371.0,351.0,20.0,0.0,0.0,,outputs/ons-reserva-2021-2022-20260922/raw/ons-2022-06.csv,1ce4ed3b7d7514d1e8adf6e42ba2a1d5f203753fce6fae2f3d82de7da7e3b415,43503,43504
S,Sul,Fio dagua,JACUI,JIUHMC,MONTE CLARO,98,2022-06-14 15:00:00,147.64,107.27,62.67,347.0,372.0,352.0,20.0,0.0,0.0,,outputs/ons-reserva-2021-2022-20260922/raw/ons-2022-06.csv,1ce4ed3b7d7514d1e8adf6e42ba2a1d5f203753fce6fae2f3d82de7da7e3b415,43504,43505
S,Sul,Fio dagua,JACUI,JIUHMC,MONTE CLARO,98,2022-06-14 16:00:00,147.56,107.28,54.58,339.0,373.0,353.0,20.0,0.0,0.0,,outputs/ons-reserva-2021-2022-20260922/raw/ons-2022-06.csv,1ce4ed3b7d7514d1e8adf6e42ba2a1d5f203753fce6fae2f3d82de7da7e3b415,43505,43506
S,Sul,Fio dagua,JACUI,JIUHMC,MONTE CLARO,98,2022-06-14 17:00:00,147.47,107.28,45.56,336.0,373.0,354.0,20.0,0.0,0.0,,outputs/ons-reserva-2021-2022-20260922/raw/ons-2022-06.csv,1ce4ed3b7d7514d1e8adf6e42ba2a1d5f203753fce6fae2f3d82de7da7e3b415,43506,43507
S,Sul,Fio dagua,JACUI,JIUHMC,MONTE CLARO,98,2022-06-14 18:00:00,147.41,107.31,39.6,343.0,368.0,348.0,20.0,0.0,0.0,,outputs/ons-reserva-2021-2022-20260922/raw/ons-2022-06.csv,1ce4ed3b7d7514d1e8adf6e42ba2a1d5f203753fce6fae2f3d82de7da7e3b415,43507,43508
S,Sul,Fio dagua,JACUI,JIUHMC,MONTE CLARO,98,2022-06-14 19:00:00,147.38,107.22,36.64,342.0,355.0,335.0,20.0,0.0,0.0,,outputs/ons-reserva-2021-2022-20260922/raw/ons-2022-06.csv,1ce4ed3b7d7514d1e8adf6e42ba2a1d5f203753fce6fae2f3d82de7da7e3b415,43508,43509
S,Sul,Fio dagua,JACUI,JIUHMC,MONTE CLARO,98,2022-06-14 20:00:00,147.35,107.18,33.68,342.0,354.0,334.0,20.0,0.0,0.0,,outputs/ons-reserva-2021-2022-20260922/raw/ons-2022-06.csv,1ce4ed3b7d7514d1e8adf6e42ba2a1d5f203753fce6fae2f3d82de7da7e3b415,43509,43510
S,Sul,Fio dagua,JACUI,JIUHMC,MONTE CLARO,98,2022-06-14 21:00:00,147.27,107.25,25.86,336.0,369.0,349.0,20.0,0.0,0.0,,outputs/ons-reserva-2021-2022-20260922/raw/ons-2022-06.csv,1ce4ed3b7d7514d1e8adf6e42ba2a1d5f203753fce6fae2f3d82de7da7e3b415,43510,43511
S,Sul,Fio dagua,JACUI,JIUHMC,MONTE CLARO,98,2022-06-14 22:00:00,147.19,107.27,18.11,337.0,370.0,350.0,20.0,0.0,0.0,,outputs/ons-reserva-2021-2022-20260922/raw/ons-2022-06.csv,1ce4ed3b7d7514d1e8adf6e42ba2a1d5f203753fce6fae2f3d82de7da7e3b415,43511,43512
S,Sul,Fio dagua,JACUI,JIUHMC,MONTE CLARO,98,2022-06-14 23:00:00,147.07,107.24,6.62,326.0,376.0,356.0,20.0,0.0,0.0,,outputs/ons-reserva-2021-2022-20260922/raw/ons-2022-06.csv,1ce4ed3b7d7514d1e8adf6e42ba2a1d5f203753fce6fae2f3d82de7da7e3b415,43512,43513
S,Sul,Fio dagua,JACUI,JIUHMC,MONTE CLARO,98,2022-06-14 23:59:00,147.0,107.31,0.0,348.0,377.0,357.0,20.0,0.0,0.0,,outputs/ons-reserva-2021-2022-20260922/raw/ons-2022-06.csv,1ce4ed3b7d7514d1e8adf6e42ba2a1d5f203753fce6fae2f3d82de7da7e3b415,43513,43514
S,Sul,Fio dagua,JACUI,JIUHMC,MONTE CLARO,98,2022-06-15 01:00:00,147.07,106.97,6.62,328.0,299.0,279.0,20.0,0.0,0.0,,outputs/ons-reserva-2021-2022-20260922/raw/ons-2022-06.csv,1ce4ed3b7d7514d1e8adf6e42ba2a1d5f203753fce6fae2f3d82de7da7e3b415,43514,43515
S,Sul,Fio dagua,JACUI,JIUHMC,MONTE CLARO,98,2022-06-15 02:00:00,147.25,106.9,23.91,344.0,269.0,249.0,20.0,0.0,0.0,,outputs/ons-reserva-2021-2022-20260922/raw/ons-2022-06.csv,1ce4ed3b7d7514d1e8adf6e42ba2a1d5f203753fce6fae2f3d82de7da7e3b415,43515,43516
S,Sul,Fio dagua,JACUI,JIUHMC,MONTE CLARO,98,2022-06-15 03:00:00,147.41,106.9,39.6,334.0,268.0,248.0,20.0,0.0,0.0,,outputs/ons-reserva-2021-2022-20260922/raw/ons-2022-06.csv,1ce4ed3b7d7514d1e8adf6e42ba2a1d5f203753fce6fae2f3d82de7da7e3b415,43516,43517
S,Sul,Fio dagua,JACUI,JIUHMC,MONTE CLARO,98,2022-06-15 04:00:00,147.59,106.91,57.61,348.0,273.0,253.0,20.0,0.0,0.0,,outputs/ons-reserva-2021-2022-20260922/raw/ons-2022-06.csv,1ce4ed3b7d7514d1e8adf6e42ba2a1d5f203753fce6fae2f3d82de7da7e3b415,43517,43518
S,Sul,Fio dagua,JACUI,JIUHMC,MONTE CLARO,98,2022-06-15 05:00:00,147.73,106.9,71.87,337.0,279.0,259.0,20.0,0.0,0.0,,outputs/ons-reserva-2021-2022-20260922/raw/ons-2022-06.csv,1ce4ed3b7d7514d1e8adf6e42ba2a1d5f203753fce6fae2f3d82de7da7e3b415,43518,43519
S,Sul,Fio dagua,JACUI,JIUHMC,MONTE CLARO,98,2022-06-15 06:00:00,147.82,106.99,81.15,329.0,292.0,272.0,20.0,0.0,0.0,,outputs/ons-reserva-2021-2022-20260922/raw/ons-2022-06.csv,1ce4ed3b7d7514d1e8adf6e42ba2a1d5f203753fce6fae2f3d82de7da7e3b415,43519,43520
S,Sul,Fio dagua,JACUI,JIUHMC,MONTE CLARO,98,2022-06-15 07:00:00,147.94,106.98,93.68,341.0,291.0,271.0,20.0,0.0,0.0,,outputs/ons-reserva-2021-2022-20260922/raw/ons-2022-06.csv,1ce4ed3b7d7514d1e8adf6e42ba2a1d5f203753fce6fae2f3d82de7da7e3b415,43520,43521
S,Sul,Fio dagua,JACUI,JIUHMC,MONTE CLARO,98,2022-06-15 08:00:00,147.95,107.15,94.73,329.0,325.0,305.0,20.0,0.0,0.0,,outputs/ons-reserva-2021-2022-20260922/raw/ons-2022-06.csv,1ce4ed3b7d7514d1e8adf6e42ba2a1d5f203753fce6fae2f3d82de7da7e3b415,43521,43522
S,Sul,Fio dagua,JACUI,JIUHMC,MONTE CLARO,98,2022-06-15 09:00:00,147.92,107.15,91.58,334.0,347.0,326.0,20.0,0.0,0.0,,outputs/ons-reserva-2021-2022-20260922/raw/ons-2022-06.csv,1ce4ed3b7d7514d1e8adf6e42ba2a1d5f203753fce6fae2f3d82de7da7e3b415,43522,43523
S,Sul,Fio dagua,JACUI,JIUHMC,MONTE CLARO,98,2022-06-15 10:00:00,147.88,107.17,87.4,330.0,347.0,327.0,20.0,0.0,0.0,,outputs/ons-reserva-2021-2022-20260922/raw/ons-2022-06.csv,1ce4ed3b7d7514d1e8adf6e42ba2a1d5f203753fce6fae2f3d82de7da7e3b415,43523,43524
S,Sul,Fio dagua,JACUI,JIUHMC,MONTE CLARO,98,2022-06-15 11:00:00,147.83,107.17,82.19,327.0,347.0,327.0,20.0,0.0,0.0,,outputs/ons-reserva-2021-2022-20260922/raw/ons-2022-06.csv,1ce4ed3b7d7514d1e8adf6e42ba2a1d5f203753fce6fae2f3d82de7da7e3b415,43524,43525
S,Sul,Fio dagua,JACUI,JIUHMC,MONTE CLARO,98,2022-06-15 12:00:00,147.76,107.2,74.95,326.0,355.0,335.0,20.0,0.0,0.0,,outputs/ons-reserva-2021-2022-20260922/raw/ons-2022-06.csv,1ce4ed3b7d7514d1e8adf6e42ba2a1d5f203753fce6fae2f3d82de7da7e3b415,43525,43526
S,Sul,Fio dagua,JACUI,JIUHMC,MONTE CLARO,98,2022-06-15 13:00:00,147.67,107.22,65.73,324.0,361.0,341.0,20.0,0.0,0.0,,outputs/ons-reserva-2021-2022-20260922/raw/ons-2022-06.csv,1ce4ed3b7d7514d1e8adf6e42ba2a1d5f203753fce6fae2f3d82de7da7e3b415,43526,43527
S,Sul,Fio dagua,JACUI,JIUHMC,MONTE CLARO,98,2022-06-15 14:00:00,147.57,107.22,55.59,320.0,362.0,342.0,20.0,0.0,0.0,,outputs/ons-reserva-2021-2022-20260922/raw/ons-2022-06.csv,1ce4ed3b7d7514d1e8adf6e42ba2a1d5f203753fce6fae2f3d82de7da7e3b415,43527,43528
S,Sul,Fio dagua,JACUI,JIUHMC,MONTE CLARO,98,2022-06-15 15:00:00,147.49,107.22,47.56,321.0,355.0,335.0,20.0,0.0,0.0,,outputs/ons-reserva-2021-2022-20260922/raw/ons-2022-06.csv,1ce4ed3b7d7514d1e8adf6e42ba2a1d5f203753fce6fae2f3d82de7da7e3b415,43528,43529
S,Sul,Fio dagua,JACUI,JIUHMC,MONTE CLARO,98,2022-06-15 16:00:00,147.45,107.16,43.57,327.0,343.0,324.0,20.0,0.0,0.0,,outputs/ons-reserva-2021-2022-20260922/raw/ons-2022-06.csv,1ce4ed3b7d7514d1e8adf6e42ba2a1d5f203753fce6fae2f3d82de7da7e3b415,43529,43530
S,Sul,Fio dagua,JACUI,JIUHMC,MONTE CLARO,98,2022-06-15 17:00:00,147.4,107.17,38.61,320.0,341.0,321.0,20.0,0.0,0.0,,outputs/ons-reserva-2021-2022-20260922/raw/ons-2022-06.csv,1ce4ed3b7d7514d1e8adf6e42ba2a1d5f203753fce6fae2f3d82de7da7e3b415,43530,43531
S,Sul,Fio dagua,JACUI,JIUHMC,MONTE CLARO,98,2022-06-15 18:00:00,147.35,107.2,33.68,321.0,342.0,322.0,20.0,0.0,0.0,,outputs/ons-reserva-2021-2022-20260922/raw/ons-2022-06.csv,1ce4ed3b7d7514d1e8adf6e42ba2a1d5f203753fce6fae2f3d82de7da7e3b415,43531,43532
S,Sul,Fio dagua,JACUI,JIUHMC,MONTE CLARO,98,2022-06-15 19:00:00,147.28,107.2,26.83,313.0,342.0,323.0,20.0,0.0,0.0,,outputs/ons-reserva-2021-2022-20260922/raw/ons-2022-06.csv,1ce4ed3b7d7514d1e8adf6e42ba2a1d5f203753fce6fae2f3d82de7da7e3b415,43532,43533
S,Sul,Fio dagua,JACUI,JIUHMC,MONTE CLARO,98,2022-06-15 20:00:00,147.23,107.2,21.97,322.0,343.0,323.0,20.0,0.0,0.0,,outputs/ons-reserva-2021-2022-20260922/raw/ons-2022-06.csv,1ce4ed3b7d7514d1e8adf6e42ba2a1d5f203753fce6fae2f3d82de7da7e3b415,43533,43534
S,Sul,Fio dagua,JACUI,JIUHMC,MONTE CLARO,98,2022-06-15 21:00:00,147.18,107.17,17.15,322.0,343.0,323.0,20.0,0.0,0.0,,outputs/ons-reserva-2021-2022-20260922/raw/ons-2022-06.csv,1ce4ed3b7d7514d1e8adf6e42ba2a1d5f203753fce6fae2f3d82de7da7e3b415,43534,43535
S,Sul,Fio dagua,JACUI,JIUHMC,MONTE CLARO,98,2022-06-15 22:00:00,147.11,107.13,10.43,314.0,343.0,323.0,20.0,0.0,0.0,,outputs/ons-reserva-2021-2022-20260922/raw/ons-2022-06.csv,1ce4ed3b7d7514d1e8adf6e42ba2a1d5f203753fce6fae2f3d82de7da7e3b415,43535,43536
S,Sul,Fio dagua,JACUI,JIUHMC,MONTE CLARO,98,2022-06-15 23:00:00,147.04,107.17,3.78,315.0,344.0,324.0,20.0,0.0,0.0,,outputs/ons-reserva-2021-2022-20260922/raw/ons-2022-06.csv,1ce4ed3b7d7514d1e8adf6e42ba2a1d5f203753fce6fae2f3d82de7da7e3b415,43536,43537
S,Sul,Fio dagua,JACUI,JIUHMC,MONTE CLARO,98,2022-06-15 23:59:00,147.0,107.12,0.0,327.0,344.0,324.0,20.0,0.0,0.0,,outputs/ons-reserva-2021-2022-20260922/raw/ons-2022-06.csv,1ce4ed3b7d7514d1e8adf6e42ba2a1d5f203753fce6fae2f3d82de7da7e3b415,43537,43538
S,Sul,Fio dagua,JACUI,JIUHMC,MONTE CLARO,98,2022-06-16 01:00:00,147.04,106.93,3.78,302.0,285.0,266.0,20.0,0.0,0.0,,outputs/ons-reserva-2021-2022-20260922/raw/ons-2022-06.csv,1ce4ed3b7d7514d1e8adf6e42ba2a1d5f203753fce6fae2f3d82de7da7e3b415,43538,43539
S,Sul,Fio dagua,JACUI,JIUHMC,MONTE CLARO,98,2022-06-16 02:00:00,147.16,106.91,15.22,321.0,271.0,251.0,20.0,0.0,0.0,,outputs/ons-reserva-2021-2022-20260922/raw/ons-2022-06.csv,1ce4ed3b7d7514d1e8adf6e42ba2a1d5f203753fce6fae2f3d82de7da7e3b415,43539,43540
S,Sul,Fio dagua,JACUI,JIUHMC,MONTE CLARO,98,2022-06-16 03:00:00,147.26,106.91,24.89,312.0,270.0,251.0,20.0,0.0,0.0,,outputs/ons-reserva-2021-2022-20260922/raw/ons-2022-06.csv,1ce4ed3b7d7514d1e8adf6e42ba2a1d5f203753fce6fae2f3d82de7da7e3b415,43540,43541
S,Sul,Fio dagua,JACUI,JIUHMC,MONTE CLARO,98,2022-06-16 04:00:00,147.39,106.91,37.62,324.0,270.0,250.0,20.0,0.0,0.0,,outputs/ons-reserva-2021-2022-20260922/raw/ons-2022-06.csv,1ce4ed3b7d7514d1e8adf6e42ba2a1d5f203753fce6fae2f3d82de7da7e3b415,43541,43542
S,Sul,Fio dagua,JACUI,JIUHMC,MONTE CLARO,98,2022-06-16 05:00:00,147.47,106.91,45.56,303.0,269.0,249.0,20.0,0.0,0.0,,outputs/ons-reserva-2021-2022-20260922/raw/ons-2022-06.csv,1ce4ed3b7d7514d1e8adf6e42ba2a1d5f203753fce6fae2f3d82de7da7e3b415,43542,43543
S,Sul,Fio dagua,JACUI,JIUHMC,MONTE CLARO,98,2022-06-16 06:00:00,147.58,106.9,56.6,315.0,269.0,249.0,20.0,0.0,0.0,,outputs/ons-reserva-2021-2022-20260922/raw/ons-2022-06.csv,1ce4ed3b7d7514d1e8adf6e42ba2a1d5f203753fce6fae2f3d82de7da7e3b415,43543,43544
S,Sul,Fio dagua,JACUI,JIUHMC,MONTE CLARO,98,2022-06-16 07:00:00,147.67,106.88,65.73,306.0,268.0,248.0,20.0,0.0,0.0,,outputs/ons-reserva-2021-2022-20260922/raw/ons-2022-06.csv,1ce4ed3b7d7514d1e8adf6e42ba2a1d5f203753fce6fae2f3d82de7da7e3b415,43544,43545
S,Sul,Fio dagua,JACUI,JIUHMC,MONTE CLARO,98,2022-06-16 08:00:00,147.77,106.92,75.98,311.0,269.0,249.0,20.0,0.0,0.0,,outputs/ons-reserva-2021-2022-20260922/raw/ons-2022-06.csv,1ce4ed3b7d7514d1e8adf6e42ba2a1d5f203753fce6fae2f3d82de7da7e3b415,43545,43546
S,Sul,Fio dagua,JACUI,JIUHMC,MONTE CLARO,98,2022-06-16 09:00:00,147.74,107.03,72.89,308.0,321.0,301.0,20.0,0.0,0.0,,outputs/ons-reserva-2021-2022-20260922/raw/ons-2022-06.csv,1ce4ed3b7d7514d1e8adf6e42ba2a1d5f203753fce6fae2f3d82de7da7e3b415,43546,43547
S,Sul,Fio dagua,JACUI,JIUHMC,MONTE CLARO,98,2022-06-16 10:00:00,147.7,107.12,68.79,306.0,323.0,303.0,20.0,0.0,0.0,,outputs/ons-reserva-2021-2022-20260922/raw/ons-2022-06.csv,1ce4ed3b7d7514d1e8adf6e42ba2a1d5f203753fce6fae2f3d82de7da7e3b415,43547,43548
S,Sul,Fio dagua,JACUI,JIUHMC,MONTE CLARO,98,2022-06-16 11:00:00,147.65,107.06,63.69,302.0,323.0,303.0,20.0,0.0,0.0,,outputs/ons-reserva-2021-2022-20260922/raw/ons-2022-06.csv,1ce4ed3b7d7514d1e8adf6e42ba2a1d5f203753fce6fae2f3d82de7da7e3b415,43548,43549
S,Sul,Fio dagua,JACUI,JIUHMC,MONTE CLARO,98,2022-06-16 12:00:00,147.6,107.05,58.62,303.0,323.0,303.0,20.0,0.0,0.0,,outputs/ons-reserva-2021-2022-20260922/raw/ons-2022-06.csv,1ce4ed3b7d7514d1e8adf6e42ba2a1d5f203753fce6fae2f3d82de7da7e3b415,43549,43550
S,Sul,Fio dagua,JACUI,JIUHMC,MONTE CLARO,98,2022-06-16 13:00:00,147.55,107.1,53.57,303.0,324.0,304.0,20.0,0.0,0.0,,outputs/ons-reserva-2021-2022-20260922/raw/ons-2022-06.csv,1ce4ed3b7d7514d1e8adf6e42ba2a1d5f203753fce6fae2f3d82de7da7e3b415,43550,43551
S,Sul,Fio dagua,JACUI,JIUHMC,MONTE CLARO,98,2022-06-16 14:00:00,147.49,107.1,47.56,300.0,324.0,305.0,20.0,0.0,0.0,,outputs/ons-reserva-2021-2022-20260922/raw/ons-2022-06.csv,1ce4ed3b7d7514d1e8adf6e42ba2a1d5f203753fce6fae2f3d82de7da7e3b415,43551,43552
S,Sul,Fio dagua,JACUI,JIUHMC,MONTE CLARO,98,2022-06-16 15:00:00,147.46,107.14,44.57,312.0,325.0,305.0,20.0,0.0,0.0,,outputs/ons-reserva-2021-2022-20260922/raw/ons-2022-06.csv,1ce4ed3b7d7514d1e8adf6e42ba2a1d5f203753fce6fae2f3d82de7da7e3b415,43552,43553
S,Sul,Fio dagua,JACUI,JIUHMC,MONTE CLARO,98,2022-06-16 16:00:00,147.38,107.1,36.64,292.0,325.0,305.0,20.0,0.0,0.0,,outputs/ons-reserva-2021-2022-20260922/raw/ons-2022-06.csv,1ce4ed3b7d7514d1e8adf6e42ba2a1d5f203753fce6fae2f3d82de7da7e3b415,43553,43554
S,Sul,Fio dagua,JACUI,JIUHMC,MONTE CLARO,98,2022-06-16 17:00:00,147.3,107.1,28.78,292.0,326.0,306.0,20.0,0.0,0.0,,outputs/ons-reserva-2021-2022-20260922/raw/ons-2022-06.csv,1ce4ed3b7d7514d1e8adf6e42ba2a1d5f203753fce6fae2f3d82de7da7e3b415,43554,43555
S,Sul,Fio dagua,JACUI,JIUHMC,MONTE CLARO,98,2022-06-16 18:00:00,147.28,107.02,26.83,303.0,312.0,292.0,20.0,0.0,0.0,,outputs/ons-reserva-2021-2022-20260922/raw/ons-2022-06.csv,1ce4ed3b7d7514d1e8adf6e42ba2a1d5f203753fce6fae2f3d82de7da7e3b415,43555,43556
S,Sul,Fio dagua,JACUI,JIUHMC,MONTE CLARO,98,2022-06-16 19:00:00,147.24,107.02,22.94,296.0,313.0,293.0,20.0,0.0,0.0,,outputs/ons-reserva-2021-2022-20260922/raw/ons-2022-06.csv,1ce4ed3b7d7514d1e8adf6e42ba2a1d5f203753fce6fae2f3d82de7da7e3b415,43556,43557
S,Sul,Fio dagua,JACUI,JIUHMC,MONTE CLARO,98,2022-06-16 20:00:00,147.18,107.08,17.15,291.0,316.0,297.0,20.0,0.0,0.0,,outputs/ons-reserva-2021-2022-20260922/raw/ons-2022-06.csv,1ce4ed3b7d7514d1e8adf6e42ba2a1d5f203753fce6fae2f3d82de7da7e3b415,43557,43558
S,Sul,Fio dagua,JACUI,JIUHMC,MONTE CLARO,98,2022-06-16 21:00:00,147.13,107.08,12.34,298.0,319.0,299.0,20.0,0.0,0.0,,outputs/ons-reserva-2021-2022-20260922/raw/ons-2022-06.csv,1ce4ed3b7d7514d1e8adf6e42ba2a1d5f203753fce6fae2f3d82de7da7e3b415,43558,43559
S,Sul,Fio dagua,JACUI,JIUHMC,MONTE CLARO,98,2022-06-16 22:00:00,147.07,107.08,6.62,294.0,319.0,300.0,20.0,0.0,0.0,,outputs/ons-reserva-2021-2022-20260922/raw/ons-2022-06.csv,1ce4ed3b7d7514d1e8adf6e42ba2a1d5f203753fce6fae2f3d82de7da7e3b415,43559,43560
S,Sul,Fio dagua,JACUI,JIUHMC,MONTE CLARO,98,2022-06-16 23:00:00,147.02,107.04,1.89,299.0,319.0,300.0,20.0,0.0,0.0,,outputs/ons-reserva-2021-2022-20260922/raw/ons-2022-06.csv,1ce4ed3b7d7514d1e8adf6e42ba2a1d5f203753fce6fae2f3d82de7da7e3b415,43560,43561
S,Sul,Fio dagua,JACUI,JIUHMC,MONTE CLARO,98,2022-06-16 23:59:00,147.0,107.0,0.0,294.0,302.0,283.0,20.0,0.0,0.0,,outputs/ons-reserva-2021-2022-20260922/raw/ons-2022-06.csv,1ce4ed3b7d7514d1e8adf6e42ba2a1d5f203753fce6fae2f3d82de7da7e3b415,43561,43562
S,Sul,Fio dagua,JACUI,JIUHMC,MONTE CLARO,98,2022-06-17 01:00:00,147.0,107.0,0.0,302.0,302.0,282.0,20.0,0.0,0.0,,outputs/ons-reserva-2021-2022-20260922/raw/ons-2022-06.csv,1ce4ed3b7d7514d1e8adf6e42ba2a1d5f203753fce6fae2f3d82de7da7e3b415,43562,43563
S,Sul,Fio dagua,JACUI,JIUHMC,MONTE CLARO,98,2022-06-17 02:00:00,147.04,106.91,3.78,290.0,273.0,253.0,20.0,0.0,0.0,,outputs/ons-reserva-2021-2022-20260922/raw/ons-2022-06.csv,1ce4ed3b7d7514d1e8adf6e42ba2a1d5f203753fce6fae2f3d82de7da7e3b415,43563,43564
S,Sul,Fio dagua,JACUI,JIUHMC,MONTE CLARO,98,2022-06-17 03:00:00,147.1,106.9,9.48,295.0,270.0,251.0,20.0,0.0,0.0,,outputs/ons-reserva-2021-2022-20260922/raw/ons-2022-06.csv,1ce4ed3b7d7514d1e8adf6e42ba2a1d5f203753fce6fae2f3d82de7da7e3b415,43564,43565
S,Sul,Fio dagua,JACUI,JIUHMC,MONTE CLARO,98,2022-06-17 04:00:00,147.16,106.88,15.22,295.0,270.0,250.0,20.0,0.0,0.0,,outputs/ons-reserva-2021-2022-20260922/raw/ons-2022-06.csv,1ce4ed3b7d7514d1e8adf6e42ba2a1d5f203753fce6fae2f3d82de7da7e3b415,43565,43566
S,Sul,Fio dagua,JACUI,JIUHMC,MONTE CLARO,98,2022-06-17 05:00:00,147.23,106.86,21.97,294.0,264.0,245.0,20.0,0.0,0.0,,outputs/ons-reserva-2021-2022-20260922/raw/ons-2022-06.csv,1ce4ed3b7d7514d1e8adf6e42ba2a1d5f203753fce6fae2f3d82de7da7e3b415,43566,43567
S,Sul,Fio dagua,JACUI,JIUHMC,MONTE CLARO,98,2022-06-17 06:00:00,147.35,106.84,33.68,301.0,251.0,232.0,20.0,0.0,0.0,,outputs/ons-reserva-2021-2022-20260922/raw/ons-2022-06.csv,1ce4ed3b7d7514d1e8adf6e42ba2a1d5f203753fce6fae2f3d82de7da7e3b415,43567,43568
S,Sul,Fio dagua,JACUI,JIUHMC,MONTE CLARO,98,2022-06-17 07:00:00,147.48,106.83,46.56,305.0,251.0,231.0,20.0,0.0,0.0,,outputs/ons-reserva-2021-2022-20260922/raw/ons-2022-06.csv,1ce4ed3b7d7514d1e8adf6e42ba2a1d5f203753fce6fae2f3d82de7da7e3b415,43568,43569
S,Sul,Fio dagua,JACUI,JIUHMC,MONTE CLARO,98,2022-06-17 08:00:00,147.54,107.0,52.57,307.0,282.0,262.0,20.0,0.0,0.0,,outputs/ons-reserva-2021-2022-20260922/raw/ons-2022-06.csv,1ce4ed3b7d7514d1e8adf6e42ba2a1d5f203753fce6fae2f3d82de7da7e3b415,43569,43570
S,Sul,Fio dagua,JACUI,JIUHMC,MONTE CLARO,98,2022-06-17 09:00:00,147.51,107.13,49.56,312.0,325.0,305.0,20.0,0.0,0.0,,outputs/ons-reserva-2021-2022-20260922/raw/ons-2022-06.csv,1ce4ed3b7d7514d1e8adf6e42ba2a1d5f203753fce6fae2f3d82de7da7e3b415,43570,43571
S,Sul,Fio dagua,JACUI,JIUHMC,MONTE CLARO,98,2022-06-17 10:00:00,147.48,107.16,46.56,313.0,325.0,305.0,20.0,0.0,0.0,,outputs/ons-reserva-2021-2022-20260922/raw/ons-2022-06.csv,1ce4ed3b7d7514d1e8adf6e42ba2a1d5f203753fce6fae2f3d82de7da7e3b415,43571,43572
S,Sul,Fio dagua,JACUI,JIUHMC,MONTE CLARO,98,2022-06-17 11:00:00,147.45,107.28,43.57,327.0,339.0,319.0,20.0,0.0,0.0,,outputs/ons-reserva-2021-2022-20260922/raw/ons-2022-06.csv,1ce4ed3b7d7514d1e8adf6e42ba2a1d5f203753fce6fae2f3d82de7da7e3b415,43572,43573
S,Sul,Fio dagua,JACUI,JIUHMC,MONTE CLARO,98,2022-06-17 12:00:00,147.35,107.38,33.68,334.0,376.0,356.0,20.0,0.0,0.0,,outputs/ons-reserva-2021-2022-20260922/raw/ons-2022-06.csv,1ce4ed3b7d7514d1e8adf6e42ba2a1d5f203753fce6fae2f3d82de7da7e3b415,43573,43574
S,Sul,Fio dagua,JACUI,JIUHMC,MONTE CLARO,98,2022-06-17 13:00:00,147.4,107.46,38.61,397.0,377.0,357.0,20.0,0.0,0.0,,outputs/ons-reserva-2021-2022-20260922/raw/ons-2022-06.csv,1ce4ed3b7d7514d1e8adf6e42ba2a1d5f203753fce6fae2f3d82de7da7e3b415,43574,43575
S,Sul,Fio dagua,JACUI,JIUHMC,MONTE CLARO,98,2022-06-17 14:00:00,147.59,107.47,57.61,454.0,375.0,355.0,20.0,0.0,0.0,,outputs/ons-reserva-2021-2022-20260922/raw/ons-2022-06.csv,1ce4ed3b7d7514d1e8adf6e42ba2a1d5f203753fce6fae2f3d82de7da7e3b415,43575,43576
S,Sul,Fio dagua,JACUI,JIUHMC,MONTE CLARO,98,2022-06-17 15:00:00,147.93,107.52,92.63,515.0,373.0,353.0,20.0,0.0,0.0,,outputs/ons-reserva-2021-2022-20260922/raw/ons-2022-06.csv,1ce4ed3b7d7514d1e8adf6e42ba2a1d5f203753fce6fae2f3d82de7da7e3b415,43576,43577
S,Sul,Fio dagua,JACUI,JIUHMC,MONTE CLARO,98,2022-06-17 16:00:00,148.4,107.54,143.15,630.0,434.0,349.0,86.0,0.0,0.0,,outputs/ons-reserva-2021-2022-20260922/raw/ons-2022-06.csv,1ce4ed3b7d7514d1e8adf6e42ba2a1d5f203753fce6fae2f3d82de7da7e3b415,43577,43578
S,Sul,Fio dagua,JACUI,JIUHMC,MONTE CLARO,98,2022-06-17 17:00:00,148.84,107.5,192.47,774.0,591.0,345.0,246.0,0.0,0.0,,outputs/ons-reserva-2021-2022-20260922/raw/ons-2022-06.csv,1ce4ed3b7d7514d1e8adf6e42ba2a1d5f203753fce6fae2f3d82de7da7e3b415,43578,43579
S,Sul,Fio dagua,JACUI,JIUHMC,MONTE CLARO,98,2022-06-17 18:00:00,149.29,107.5,244.65,1005.0,818.0,341.0,477.0,0.0,0.0,,outputs/ons-reserva-2021-2022-20260922/raw/ons-2022-06.csv,1ce4ed3b7d7514d1e8adf6e42ba2a1d5f203753fce6fae2f3d82de7da7e3b415,43579,43580
S,Sul,Fio dagua,JACUI,JIUHMC,MONTE CLARO,98,2022-06-17 19:00:00,149.7,108.0,293.37,1259.0,1088.0,342.0,747.0,0.0,0.0,,outputs/ons-reserva-2021-2022-20260922/raw/ons-2022-06.csv,1ce4ed3b7d7514d1e8adf6e42ba2a1d5f203753fce6fae2f3d82de7da7e3b415,43580,43581
S,Sul,Fio dagua,JACUI,JIUHMC,MONTE CLARO,98,2022-06-17 20:00:00,149.96,108.96,324.7,1399.0,1291.0,347.0,943.0,0.0,0.0,,outputs/ons-reserva-2021-2022-20260922/raw/ons-2022-06.csv,1ce4ed3b7d7514d1e8adf6e42ba2a1d5f203753fce6fae2f3d82de7da7e3b415,43581,43582
S,Sul,Fio dagua,JACUI,JIUHMC,MONTE CLARO,98,2022-06-17 21:00:00,150.1,109.59,341.66,1466.0,1408.0,352.0,1056.0,0.0,0.0,,outputs/ons-reserva-2021-2022-20260922/raw/ons-2022-06.csv,1ce4ed3b7d7514d1e8adf6e42ba2a1d5f203753fce6fae2f3d82de7da7e3b415,43582,43583
S,Sul,Fio dagua,JACUI,JIUHMC,MONTE CLARO,98,2022-06-17 22:00:00,150.16,109.98,348.95,1749.0,1724.0,354.0,1369.0,0.0,0.0,,outputs/ons-reserva-2021-2022-20260922/raw/ons-2022-06.csv,1ce4ed3b7d7514d1e8adf6e42ba2a1d5f203753fce6fae2f3d82de7da7e3b415,43583,43584
S,Sul,Fio dagua,JACUI,JIUHMC,MONTE CLARO,98,2022-06-17 23:00:00,150.13,110.6,345.3,1832.0,1845.0,360.0,1485.0,0.0,0.0,,outputs/ons-reserva-2021-2022-20260922/raw/ons-2022-06.csv,1ce4ed3b7d7514d1e8adf6e42ba2a1d5f203753fce6fae2f3d82de7da7e3b415,43584,43585
S,Sul,Fio dagua,JACUI,JIUHMC,MONTE CLARO,98,2022-06-17 23:59:00,150.16,110.95,348.95,1880.0,1867.0,358.0,1510.0,0.0,0.0,,outputs/ons-reserva-2021-2022-20260922/raw/ons-2022-06.csv,1ce4ed3b7d7514d1e8adf6e42ba2a1d5f203753fce6fae2f3d82de7da7e3b415,43585,43586
S,Sul,Fio dagua,JACUI,JIUHMC,MONTE CLARO,98,2022-06-18 01:00:00,150.1,111.2,341.66,1930.0,1955.0,357.0,1598.0,0.0,0.0,,outputs/ons-reserva-2021-2022-20260922/raw/ons-2022-06.csv,1ce4ed3b7d7514d1e8adf6e42ba2a1d5f203753fce6fae2f3d82de7da7e3b415,43586,43587
S,Sul,Fio dagua,JACUI,JIUHMC,MONTE CLARO,98,2022-06-18 02:00:00,150.08,111.32,339.23,1924.0,1932.0,351.0,1581.0,0.0,0.0,,outputs/ons-reserva-2021-2022-20260922/raw/ons-2022-06.csv,1ce4ed3b7d7514d1e8adf6e42ba2a1d5f203753fce6fae2f3d82de7da7e3b415,43587,43588
S,Sul,Fio dagua,JACUI,JIUHMC,MONTE CLARO,98,2022-06-18 03:00:00,150.07,111.32,338.02,1920.0,1924.0,351.0,1573.0,0.0,0.0,,outputs/ons-reserva-2021-2022-20260922/raw/ons-2022-06.csv,1ce4ed3b7d7514d1e8adf6e42ba2a1d5f203753fce6fae2f3d82de7da7e3b415,43588,43589
S,Sul,Fio dagua,JACUI,JIUHMC,MONTE CLARO,98,2022-06-18 04:00:00,150.02,111.36,331.96,1862.0,1883.0,352.0,1531.0,0.0,0.0,,outputs/ons-reserva-2021-2022-20260922/raw/ons-2022-06.csv,1ce4ed3b7d7514d1e8adf6e42ba2a1d5f203753fce6fae2f3d82de7da7e3b415,43589,43590
S,Sul,Fio dagua,JACUI,JIUHMC,MONTE CLARO,98,2022-06-18 05:00:00,149.99,111.28,328.33,1846.0,1858.0,351.0,1507.0,0.0,0.0,,outputs/ons-reserva-2021-2022-20260922/raw/ons-2022-06.csv,1ce4ed3b7d7514d1e8adf6e42ba2a1d5f203753fce6fae2f3d82de7da7e3b415,43590,43591
S,Sul,Fio dagua,JACUI,JIUHMC,MONTE CLARO,98,2022-06-18 06:00:00,149.96,111.25,324.7,1822.0,1834.0,351.0,1483.0,0.0,0.0,,outputs/ons-reserva-2021-2022-20260922/raw/ons-2022-06.csv,1ce4ed3b7d7514d1e8adf6e42ba2a1d5f203753fce6fae2f3d82de7da7e3b415,43591,43592
S,Sul,Fio dagua,JACUI,JIUHMC,MONTE CLARO,98,2022-06-18 07:00:00,149.98,111.18,327.12,1858.0,1849.0,351.0,1499.0,0.0,0.0,,outputs/ons-reserva-2021-2022-20260922/raw/ons-2022-06.csv,1ce4ed3b7d7514d1e8adf6e42ba2a1d5f203753fce6fae2f3d82de7da7e3b415,43592,43593
S,Sul,Fio dagua,JACUI,JIUHMC,MONTE CLARO,98,2022-06-18 08:00:00,150.05,111.15,335.6,1937.0,1908.0,351.0,1556.0,0.0,0.0,,outputs/ons-reserva-2021-2022-20260922/raw/ons-2022-06.csv,1ce4ed3b7d7514d1e8adf6e42ba2a1d5f203753fce6fae2f3d82de7da7e3b415,43593,43594
S,Sul,Fio dagua,JACUI,JIUHMC,MONTE CLARO,98,2022-06-18 09:00:00,150.0,111.18,329.54,1981.0,2002.0,350.0,1652.0,0.0,0.0,,outputs/ons-reserva-2021-2022-20260922/raw/ons-2022-06.csv,1ce4ed3b7d7514d1e8adf6e42ba2a1d5f203753fce6fae2f3d82de7da7e3b415,43594,43595
S,Sul,Fio dagua,JACUI,JIUHMC,MONTE CLARO,98,2022-06-18 10:00:00,149.99,111.38,328.33,1992.0,1996.0,352.0,1644.0,0.0,0.0,,outputs/ons-reserva-2021-2022-20260922/raw/ons-2022-06.csv,1ce4ed3b7d7514d1e8adf6e42ba2a1d5f203753fce6fae2f3d82de7da7e3b415,43595,43596
S,Sul,Fio dagua,JACUI,JIUHMC,MONTE CLARO,98,2022-06-18 11:00:00,150.01,111.55,330.75,2090.0,2081.0,354.0,1728.0,0.0,0.0,,outputs/ons-reserva-2021-2022-20260922/raw/ons-2022-06.csv,1ce4ed3b7d7514d1e8adf6e42ba2a1d5f203753fce6fae2f3d82de7da7e3b415,43596,43597
S,Sul,Fio dagua,JACUI,JIUHMC,MONTE CLARO,98,2022-06-18 12:00:00,149.98,111.59,327.12,2110.0,2122.0,351.0,1771.0,0.0,0.0,,outputs/ons-reserva-2021-2022-20260922/raw/ons-2022-06.csv,1ce4ed3b7d7514d1e8adf6e42ba2a1d5f203753fce6fae2f3d82de7da7e3b415,43597,43598
S,Sul,Fio dagua,JACUI,JIUHMC,MONTE CLARO,98,2022-06-18 13:00:00,149.96,111.66,324.7,2095.0,2104.0,349.0,1755.0,0.0,0.0,,outputs/ons-reserva-2021-2022-20260922/raw/ons-2022-06.csv,1ce4ed3b7d7514d1e8adf6e42ba2a1d5f203753fce6fae2f3d82de7da7e3b415,43598,43599
S,Sul,Fio dagua,JACUI,JIUHMC,MONTE CLARO,98,2022-06-18 14:00:00,149.98,111.65,327.12,2061.0,2052.0,349.0,1703.0,0.0,0.0,,outputs/ons-reserva-2021-2022-20260922/raw/ons-2022-06.csv,1ce4ed3b7d7514d1e8adf6e42ba2a1d5f203753fce6fae2f3d82de7da7e3b415,43599,43600
S,Sul,Fio dagua,JACUI,JIUHMC,MONTE CLARO,98,2022-06-18 15:00:00,149.98,111.59,327.12,2052.0,2052.0,348.0,1703.0,0.0,0.0,,outputs/ons-reserva-2021-2022-20260922/raw/ons-2022-06.csv,1ce4ed3b7d7514d1e8adf6e42ba2a1d5f203753fce6fae2f3d82de7da7e3b415,43600,43601
S,Sul,Fio dagua,JACUI,JIUHMC,MONTE CLARO,98,2022-06-18 16:00:00,149.94,111.58,322.28,2003.0,2019.0,349.0,1671.0,0.0,0.0,,outputs/ons-reserva-2021-2022-20260922/raw/ons-2022-06.csv,1ce4ed3b7d7514d1e8adf6e42ba2a1d5f203753fce6fae2f3d82de7da7e3b415,43601,43602
S,Sul,Fio dagua,JACUI,JIUHMC,MONTE CLARO,98,2022-06-18 17:00:00,150.0,111.51,329.54,1956.0,1931.0,348.0,1583.0,0.0,0.0,,outputs/ons-reserva-2021-2022-20260922/raw/ons-2022-06.csv,1ce4ed3b7d7514d1e8adf6e42ba2a1d5f203753fce6fae2f3d82de7da7e3b415,43602,43603
S,Sul,Fio dagua,JACUI,JIUHMC,MONTE CLARO,98,2022-06-18 18:00:00,149.98,111.33,327.12,1905.0,1913.0,346.0,1567.0,0.0,0.0,,outputs/ons-reserva-2021-2022-20260922/raw/ons-2022-06.csv,1ce4ed3b7d7514d1e8adf6e42ba2a1d5f203753fce6fae2f3d82de7da7e3b415,43603,43604
S,Sul,Fio dagua,JACUI,JIUHMC,MONTE CLARO,98,2022-06-18 19:00:00,149.9,111.32,317.45,1820.0,1853.0,350.0,1503.0,0.0,0.0,,outputs/ons-reserva-2021-2022-20260922/raw/ons-2022-06.csv,1ce4ed3b7d7514d1e8adf6e42ba2a1d5f203753fce6fae2f3d82de7da7e3b415,43604,43605
S,Sul,Fio dagua,JACUI,JIUHMC,MONTE CLARO,98,2022-06-18 20:00:00,150.01,111.19,330.75,1782.0,1736.0,351.0,1385.0,0.0,0.0,,outputs/ons-reserva-2021-2022-20260922/raw/ons-2022-06.csv,1ce4ed3b7d7514d1e8adf6e42ba2a1d5f203753fce6fae2f3d82de7da7e3b415,43605,43606
S,Sul,Fio dagua,JACUI,JIUHMC,MONTE CLARO,98,2022-06-18 21:00:00,150.01,111.04,330.75,1735.0,1735.0,350.0,1385.0,0.0,0.0,,outputs/ons-reserva-2021-2022-20260922/raw/ons-2022-06.csv,1ce4ed3b7d7514d1e8adf6e42ba2a1d5f203753fce6fae2f3d82de7da7e3b415,43606,43607
S,Sul,Fio dagua,JACUI,JIUHMC,MONTE CLARO,98,2022-06-18 22:00:00,149.94,110.95,322.28,1656.0,1685.0,356.0,1329.0,0.0,0.0,,outputs/ons-reserva-2021-2022-20260922/raw/ons-2022-06.csv,1ce4ed3b7d7514d1e8adf6e42ba2a1d5f203753fce6fae2f3d82de7da7e3b415,43607,43608
S,Sul,Fio dagua,JACUI,JIUHMC,MONTE CLARO,98,2022-06-18 23:00:00,149.98,110.88,327.12,1602.0,1585.0,364.0,1221.0,0.0,0.0,,outputs/ons-reserva-2021-2022-20260922/raw/ons-2022-06.csv,1ce4ed3b7d7514d1e8adf6e42ba2a1d5f203753fce6fae2f3d82de7da7e3b415,43608,43609
S,Sul,Fio dagua,JACUI,JIUHMC,MONTE CLARO,98,2022-06-18 23:59:00,149.95,110.69,323.49,1548.0,1561.0,363.0,1197.0,0.0,0.0,,outputs/ons-reserva-2021-2022-20260922/raw/ons-2022-06.csv,1ce4ed3b7d7514d1e8adf6e42ba2a1d5f203753fce6fae2f3d82de7da7e3b415,43609,43610
S,Sul,Fio dagua,JACUI,JIUHMC,MONTE CLARO,98,2022-06-19 01:00:00,149.89,110.6,316.24,1488.0,1513.0,363.0,1150.0,0.0,0.0,,outputs/ons-reserva-2021-2022-20260922/raw/ons-2022-06.csv,1ce4ed3b7d7514d1e8adf6e42ba2a1d5f203753fce6fae2f3d82de7da7e3b415,43610,43611
S,Sul,Fio dagua,JACUI,JIUHMC,MONTE CLARO,98,2022-06-19 02:00:00,149.86,110.53,312.62,1477.0,1490.0,363.0,1127.0,0.0,0.0,,outputs/ons-reserva-2021-2022-20260922/raw/ons-2022-06.csv,1ce4ed3b7d7514d1e8adf6e42ba2a1d5f203753fce6fae2f3d82de7da7e3b415,43611,43612
S,Sul,Fio dagua,JACUI,JIUHMC,MONTE CLARO,98,2022-06-19 03:00:00,149.89,110.4,316.24,1383.0,1371.0,361.0,1010.0,0.0,0.0,,outputs/ons-reserva-2021-2022-20260922/raw/ons-2022-06.csv,1ce4ed3b7d7514d1e8adf6e42ba2a1d5f203753fce6fae2f3d82de7da7e3b415,43612,43613
S,Sul,Fio dagua,JACUI,JIUHMC,MONTE CLARO,98,2022-06-19 04:00:00,149.88,110.28,315.03,1358.0,1362.0,360.0,1002.0,0.0,0.0,,outputs/ons-reserva-2021-2022-20260922/raw/ons-2022-06.csv,1ce4ed3b7d7514d1e8adf6e42ba2a1d5f203753fce6fae2f3d82de7da7e3b415,43613,43614
S,Sul,Fio dagua,JACUI,JIUHMC,MONTE CLARO,98,2022-06-19 05:00:00,149.87,110.12,313.83,1306.0,1311.0,359.0,952.0,0.0,0.0,,outputs/ons-reserva-2021-2022-20260922/raw/ons-2022-06.csv,1ce4ed3b7d7514d1e8adf6e42ba2a1d5f203753fce6fae2f3d82de7da7e3b415,43614,43615
S,Sul,Fio dagua,JACUI,JIUHMC,MONTE CLARO,98,2022-06-19 06:00:00,149.83,110.08,309.0,1264.0,1280.0,359.0,921.0,0.0,0.0,,outputs/ons-reserva-2021-2022-20260922/raw/ons-2022-06.csv,1ce4ed3b7d7514d1e8adf6e42ba2a1d5f203753fce6fae2f3d82de7da7e3b415,43615,43616
S,Sul,Fio dagua,JACUI,JIUHMC,MONTE CLARO,98,2022-06-19 07:00:00,149.86,110.04,312.62,1244.0,1231.0,358.0,873.0,0.0,0.0,,outputs/ons-reserva-2021-2022-20260922/raw/ons-2022-06.csv,1ce4ed3b7d7514d1e8adf6e42ba2a1d5f203753fce6fae2f3d82de7da7e3b415,43616,43617
S,Sul,Fio dagua,JACUI,JIUHMC,MONTE CLARO,98,2022-06-19 08:00:00,149.84,109.86,310.21,1199.0,1208.0,357.0,851.0,0.0,0.0,,outputs/ons-reserva-2021-2022-20260922/raw/ons-2022-06.csv,1ce4ed3b7d7514d1e8adf6e42ba2a1d5f203753fce6fae2f3d82de7da7e3b415,43617,43618
S,Sul,Fio dagua,JACUI,JIUHMC,MONTE CLARO,98,2022-06-19 09:00:00,149.75,109.78,299.38,1103.0,1140.0,357.0,784.0,0.0,0.0,,outputs/ons-reserva-2021-2022-20260922/raw/ons-2022-06.csv,1ce4ed3b7d7514d1e8adf6e42ba2a1d5f203753fce6fae2f3d82de7da7e3b415,43618,43619
S,Sul,Fio dagua,JACUI,JIUHMC,MONTE CLARO,98,2022-06-19 10:00:00,149.75,109.78,299.38,1140.0,1140.0,357.0,784.0,0.0,0.0,,outputs/ons-reserva-2021-2022-20260922/raw/ons-2022-06.csv,1ce4ed3b7d7514d1e8adf6e42ba2a1d5f203753fce6fae2f3d82de7da7e3b415,43619,43620
S,Sul,Fio dagua,JACUI,JIUHMC,MONTE CLARO,98,2022-06-19 11:00:00,149.72,109.78,295.77,1106.0,1118.0,357.0,761.0,0.0,0.0,,outputs/ons-reserva-2021-2022-20260922/raw/ons-2022-06.csv,1ce4ed3b7d7514d1e8adf6e42ba2a1d5f203753fce6fae2f3d82de7da7e3b415,43620,43621
S,Sul,Fio dagua,JACUI,JIUHMC,MONTE CLARO,98,2022-06-19 12:00:00,149.68,109.6,290.98,1071.0,1088.0,356.0,732.0,0.0,0.0,,outputs/ons-reserva-2021-2022-20260922/raw/ons-2022-06.csv,1ce4ed3b7d7514d1e8adf6e42ba2a1d5f203753fce6fae2f3d82de7da7e3b415,43621,43622
S,Sul,Fio dagua,JACUI,JIUHMC,MONTE CLARO,98,2022-06-19 13:00:00,149.63,109.6,284.99,1032.0,1053.0,356.0,697.0,0.0,0.0,,outputs/ons-reserva-2021-2022-20260922/raw/ons-2022-06.csv,1ce4ed3b7d7514d1e8adf6e42ba2a1d5f203753fce6fae2f3d82de7da7e3b415,43622,43623
S,Sul,Fio dagua,JACUI,JIUHMC,MONTE CLARO,98,2022-06-19 14:00:00,149.6,109.43,281.4,1018.0,1031.0,355.0,676.0,0.0,0.0,,outputs/ons-reserva-2021-2022-20260922/raw/ons-2022-06.csv,1ce4ed3b7d7514d1e8adf6e42ba2a1d5f203753fce6fae2f3d82de7da7e3b415,43623,43624
S,Sul,Fio dagua,JACUI,JIUHMC,MONTE CLARO,98,2022-06-19 15:00:00,149.56,109.38,276.63,986.0,1003.0,355.0,648.0,0.0,0.0,,outputs/ons-reserva-2021-2022-20260922/raw/ons-2022-06.csv,1ce4ed3b7d7514d1e8adf6e42ba2a1d5f203753fce6fae2f3d82de7da7e3b415,43624,43625
S,Sul,Fio dagua,JACUI,JIUHMC,MONTE CLARO,98,2022-06-19 16:00:00,149.53,109.33,273.06,970.0,983.0,355.0,628.0,0.0,0.0,,outputs/ons-reserva-2021-2022-20260922/raw/ons-2022-06.csv,1ce4ed3b7d7514d1e8adf6e42ba2a1d5f203753fce6fae2f3d82de7da7e3b415,43625,43626
S,Sul,Fio dagua,JACUI,JIUHMC,MONTE CLARO,98,2022-06-19 17:00:00,149.5,109.31,269.49,950.0,963.0,355.0,608.0,0.0,0.0,,outputs/ons-reserva-2021-2022-20260922/raw/ons-2022-06.csv,1ce4ed3b7d7514d1e8adf6e42ba2a1d5f203753fce6fae2f3d82de7da7e3b415,43626,43627
S,Sul,Fio dagua,JACUI,JIUHMC,MONTE CLARO,98,2022-06-19 18:00:00,149.46,109.21,264.73,919.0,936.0,354.0,582.0,0.0,0.0,,outputs/ons-reserva-2021-2022-20260922/raw/ons-2022-06.csv,1ce4ed3b7d7514d1e8adf6e42ba2a1d5f203753fce6fae2f3d82de7da7e3b415,43627,43628
S,Sul,Fio dagua,JACUI,JIUHMC,MONTE CLARO,98,2022-06-19 19:00:00,149.43,109.14,261.18,904.0,916.0,354.0,562.0,0.0,0.0,,outputs/ons-reserva-2021-2022-20260922/raw/ons-2022-06.csv,1ce4ed3b7d7514d1e8adf6e42ba2a1d5f203753fce6fae2f3d82de7da7e3b415,43628,43629
S,Sul,Fio dagua,JACUI,JIUHMC,MONTE CLARO,98,2022-06-19 20:00:00,149.4,109.06,257.62,884.0,897.0,353.0,543.0,0.0,0.0,,outputs/ons-reserva-2021-2022-20260922/raw/ons-2022-06.csv,1ce4ed3b7d7514d1e8adf6e42ba2a1d5f203753fce6fae2f3d82de7da7e3b415,43629,43630
S,Sul,Fio dagua,JACUI,JIUHMC,MONTE CLARO,98,2022-06-19 21:00:00,149.37,109.02,254.08,866.0,878.0,353.0,525.0,0.0,0.0,,outputs/ons-reserva-2021-2022-20260922/raw/ons-2022-06.csv,1ce4ed3b7d7514d1e8adf6e42ba2a1d5f203753fce6fae2f3d82de7da7e3b415,43630,43631
S,Sul,Fio dagua,JACUI,JIUHMC,MONTE CLARO,98,2022-06-19 22:00:00,149.34,109.01,250.54,847.0,860.0,353.0,506.0,0.0,0.0,,outputs/ons-reserva-2021-2022-20260922/raw/ons-2022-06.csv,1ce4ed3b7d7514d1e8adf6e42ba2a1d5f203753fce6fae2f3d82de7da7e3b415,43631,43632
S,Sul,Fio dagua,JACUI,JIUHMC,MONTE CLARO,98,2022-06-19 23:00:00,149.31,108.94,247.0,829.0,842.0,353.0,488.0,0.0,0.0,,outputs/ons-reserva-2021-2022-20260922/raw/ons-2022-06.csv,1ce4ed3b7d7514d1e8adf6e42ba2a1d5f203753fce6fae2f3d82de7da7e3b415,43632,43633
S,Sul,Fio dagua,JACUI,JIUHMC,MONTE CLARO,98,2022-06-19 23:59:00,149.29,108.82,244.65,821.0,829.0,352.0,477.0,0.0,0.0,,outputs/ons-reserva-2021-2022-20260922/raw/ons-2022-06.csv,1ce4ed3b7d7514d1e8adf6e42ba2a1d5f203753fce6fae2f3d82de7da7e3b415,43633,43634
S,Sul,Fio dagua,JACUI,JIUHMC,MONTE CLARO,98,2022-06-20 01:00:00,149.25,108.77,239.95,789.0,806.0,352.0,453.0,0.0,0.0,,outputs/ons-reserva-2021-2022-20260922/raw/ons-2022-06.csv,1ce4ed3b7d7514d1e8adf6e42ba2a1d5f203753fce6fae2f3d82de7da7e3b415,43634,43635
S,Sul,Fio dagua,JACUI,JIUHMC,MONTE CLARO,98,2022-06-20 02:00:00,149.23,108.78,237.6,786.0,794.0,353.0,442.0,0.0,0.0,,outputs/ons-reserva-2021-2022-20260922/raw/ons-2022-06.csv,1ce4ed3b7d7514d1e8adf6e42ba2a1d5f203753fce6fae2f3d82de7da7e3b415,43635,43636
S,Sul,Fio dagua,JACUI,JIUHMC,MONTE CLARO,98,2022-06-20 03:00:00,149.2,108.76,234.09,765.0,778.0,353.0,425.0,0.0,0.0,,outputs/ons-reserva-2021-2022-20260922/raw/ons-2022-06.csv,1ce4ed3b7d7514d1e8adf6e42ba2a1d5f203753fce6fae2f3d82de7da7e3b415,43636,43637
S,Sul,Fio dagua,JACUI,JIUHMC,MONTE CLARO,98,2022-06-20 04:00:00,149.18,108.64,231.75,757.0,766.0,352.0,414.0,0.0,0.0,,outputs/ons-reserva-2021-2022-20260922/raw/ons-2022-06.csv,1ce4ed3b7d7514d1e8adf6e42ba2a1d5f203753fce6fae2f3d82de7da7e3b415,43637,43638
S,Sul,Fio dagua,JACUI,JIUHMC,MONTE CLARO,98,2022-06-20 05:00:00,149.15,108.67,228.25,737.0,750.0,352.0,397.0,0.0,0.0,,outputs/ons-reserva-2021-2022-20260922/raw/ons-2022-06.csv,1ce4ed3b7d7514d1e8adf6e42ba2a1d5f203753fce6fae2f3d82de7da7e3b415,43638,43639
S,Sul,Fio dagua,JACUI,JIUHMC,MONTE CLARO,98,2022-06-20 06:00:00,149.14,108.64,227.08,740.0,744.0,352.0,392.0,0.0,0.0,,outputs/ons-reserva-2021-2022-20260922/raw/ons-2022-06.csv,1ce4ed3b7d7514d1e8adf6e42ba2a1d5f203753fce6fae2f3d82de7da7e3b415,43639,43640
S,Sul,Fio dagua,JACUI,JIUHMC,MONTE CLARO,98,2022-06-20 07:00:00,149.11,108.51,223.59,713.0,725.0,349.0,376.0,0.0,0.0,,outputs/ons-reserva-2021-2022-20260922/raw/ons-2022-06.csv,1ce4ed3b7d7514d1e8adf6e42ba2a1d5f203753fce6fae2f3d82de7da7e3b415,43640,43641
S,Sul,Fio dagua,JACUI,JIUHMC,MONTE CLARO,98,2022-06-20 08:00:00,149.09,108.53,221.27,706.0,715.0,349.0,366.0,0.0,0.0,,outputs/ons-reserva-2021-2022-20260922/raw/ons-2022-06.csv,1ce4ed3b7d7514d1e8adf6e42ba2a1d5f203753fce6fae2f3d82de7da7e3b415,43641,43642
S,Sul,Fio dagua,JACUI,JIUHMC,MONTE CLARO,98,2022-06-20 09:00:00,149.06,108.51,217.78,687.0,700.0,350.0,350.0,0.0,0.0,,outputs/ons-reserva-2021-2022-20260922/raw/ons-2022-06.csv,1ce4ed3b7d7514d1e8adf6e42ba2a1d5f203753fce6fae2f3d82de7da7e3b415,43642,43643
S,Sul,Fio dagua,JACUI,JIUHMC,MONTE CLARO,98,2022-06-20 10:00:00,149.05,108.43,216.62,690.0,694.0,349.0,345.0,0.0,0.0,,outputs/ons-reserva-2021-2022-20260922/raw/ons-2022-06.csv,1ce4ed3b7d7514d1e8adf6e42ba2a1d5f203753fce6fae2f3d82de7da7e3b415,43643,43644
S,Sul,Fio dagua,JACUI,JIUHMC,MONTE CLARO,98,2022-06-20 11:00:00,149.02,108.43,213.15,667.0,679.0,349.0,330.0,0.0,0.0,,outputs/ons-reserva-2021-2022-20260922/raw/ons-2022-06.csv,1ce4ed3b7d7514d1e8adf6e42ba2a1d5f203753fce6fae2f3d82de7da7e3b415,43644,43645
S,Sul,Fio dagua,JACUI,JIUHMC,MONTE CLARO,98,2022-06-20 12:00:00,149.0,108.33,210.84,660.0,669.0,349.0,320.0,0.0,0.0,,outputs/ons-reserva-2021-2022-20260922/raw/ons-2022-06.csv,1ce4ed3b7d7514d1e8adf6e42ba2a1d5f203753fce6fae2f3d82de7da7e3b415,43645,43646
S,Sul,Fio dagua,JACUI,JIUHMC,MONTE CLARO,98,2022-06-20 13:00:00,148.99,108.33,209.69,660.0,664.0,349.0,315.0,0.0,0.0,,outputs/ons-reserva-2021-2022-20260922/raw/ons-2022-06.csv,1ce4ed3b7d7514d1e8adf6e42ba2a1d5f203753fce6fae2f3d82de7da7e3b415,43646,43647
S,Sul,Fio dagua,JACUI,JIUHMC,MONTE CLARO,98,2022-06-20 14:00:00,148.97,108.3,207.38,647.0,655.0,350.0,306.0,0.0,0.0,,outputs/ons-reserva-2021-2022-20260922/raw/ons-2022-06.csv,1ce4ed3b7d7514d1e8adf6e42ba2a1d5f203753fce6fae2f3d82de7da7e3b415,43647,43648
S,Sul,Fio dagua,JACUI,JIUHMC,MONTE CLARO,98,2022-06-20 15:00:00,148.95,108.3,205.08,638.0,646.0,350.0,296.0,0.0,0.0,,outputs/ons-reserva-2021-2022-20260922/raw/ons-2022-06.csv,1ce4ed3b7d7514d1e8adf6e42ba2a1d5f203753fce6fae2f3d82de7da7e3b415,43648,43649
S,Sul,Fio dagua,JACUI,JIUHMC,MONTE CLARO,98,2022-06-20 16:00:00,148.93,108.24,202.78,628.0,636.0,350.0,287.0,0.0,0.0,,outputs/ons-reserva-2021-2022-20260922/raw/ons-2022-06.csv,1ce4ed3b7d7514d1e8adf6e42ba2a1d5f203753fce6fae2f3d82de7da7e3b415,43649,43650
S,Sul,Fio dagua,JACUI,JIUHMC,MONTE CLARO,98,2022-06-20 17:00:00,148.91,108.24,200.48,619.0,627.0,350.0,277.0,0.0,0.0,,outputs/ons-reserva-2021-2022-20260922/raw/ons-2022-06.csv,1ce4ed3b7d7514d1e8adf6e42ba2a1d5f203753fce6fae2f3d82de7da7e3b415,43650,43651
S,Sul,Fio dagua,JACUI,JIUHMC,MONTE CLARO,98,2022-06-20 18:00:00,148.88,108.18,197.04,601.0,614.0,350.0,264.0,0.0,0.0,,outputs/ons-reserva-2021-2022-20260922/raw/ons-2022-06.csv,1ce4ed3b7d7514d1e8adf6e42ba2a1d5f203753fce6fae2f3d82de7da7e3b415,43651,43652
S,Sul,Fio dagua,JACUI,JIUHMC,MONTE CLARO,98,2022-06-20 19:00:00,148.87,108.15,195.9,605.0,609.0,349.0,259.0,0.0,0.0,,outputs/ons-reserva-2021-2022-20260922/raw/ons-2022-06.csv,1ce4ed3b7d7514d1e8adf6e42ba2a1d5f203753fce6fae2f3d82de7da7e3b415,43652,43653
S,Sul,Fio dagua,JACUI,JIUHMC,MONTE CLARO,98,2022-06-20 20:00:00,148.87,108.17,195.9,609.0,609.0,350.0,259.0,0.0,0.0,,outputs/ons-reserva-2021-2022-20260922/raw/ons-2022-06.csv,1ce4ed3b7d7514d1e8adf6e42ba2a1d5f203753fce6fae2f3d82de7da7e3b415,43653,43654
S,Sul,Fio dagua,JACUI,JIUHMC,MONTE CLARO,98,2022-06-20 21:00:00,148.84,108.11,192.47,583.0,596.0,350.0,246.0,0.0,0.0,,outputs/ons-reserva-2021-2022-20260922/raw/ons-2022-06.csv,1ce4ed3b7d7514d1e8adf6e42ba2a1d5f203753fce6fae2f3d82de7da7e3b415,43654,43655
S,Sul,Fio dagua,JACUI,JIUHMC,MONTE CLARO,98,2022-06-20 22:00:00,148.83,108.1,191.33,587.0,591.0,350.0,242.0,0.0,0.0,,outputs/ons-reserva-2021-2022-20260922/raw/ons-2022-06.csv,1ce4ed3b7d7514d1e8adf6e42ba2a1d5f203753fce6fae2f3d82de7da7e3b415,43655,43656
S,Sul,Fio dagua,JACUI,JIUHMC,MONTE CLARO,98,2022-06-20 23:00:00,148.81,108.09,189.05,575.0,583.0,350.0,233.0,0.0,0.0,,outputs/ons-reserva-2021-2022-20260922/raw/ons-2022-06.csv,1ce4ed3b7d7514d1e8adf6e42ba2a1d5f203753fce6fae2f3d82de7da7e3b415,43656,43657
S,Sul,Fio dagua,JACUI,JIUHMC,MONTE CLARO,98,2022-06-20 23:59:00,148.8,108.08,187.91,575.0,579.0,350.0,229.0,0.0,0.0,,outputs/ons-reserva-2021-2022-20260922/raw/ons-2022-06.csv,1ce4ed3b7d7514d1e8adf6e42ba2a1d5f203753fce6fae2f3d82de7da7e3b415,43657,43658
S,Sul,Fio dagua,JACUI,JIUHMC,MONTE CLARO,98,2022-06-21 01:00:00,148.78,108.02,185.64,562.0,570.0,349.0,221.0,0.0,0.0,,outputs/ons-reserva-2021-2022-20260922/raw/ons-2022-06.csv,1ce4ed3b7d7514d1e8adf6e42ba2a1d5f203753fce6fae2f3d82de7da7e3b415,43658,43659
S,Sul,Fio dagua,JACUI,JIUHMC,MONTE CLARO,98,2022-06-21 02:00:00,148.76,108.02,183.37,553.0,561.0,350.0,212.0,0.0,0.0,,outputs/ons-reserva-2021-2022-20260922/raw/ons-2022-06.csv,1ce4ed3b7d7514d1e8adf6e42ba2a1d5f203753fce6fae2f3d82de7da7e3b415,43659,43660
S,Sul,Fio dagua,JACUI,JIUHMC,MONTE CLARO,98,2022-06-21 03:00:00,148.75,107.99,182.24,553.0,557.0,349.0,208.0,0.0,0.0,,outputs/ons-reserva-2021-2022-20260922/raw/ons-2022-06.csv,1ce4ed3b7d7514d1e8adf6e42ba2a1d5f203753fce6fae2f3d82de7da7e3b415,43660,43661
S,Sul,Fio dagua,JACUI,JIUHMC,MONTE CLARO,98,2022-06-21 04:00:00,148.73,107.97,179.97,540.0,548.0,349.0,199.0,0.0,0.0,,outputs/ons-reserva-2021-2022-20260922/raw/ons-2022-06.csv,1ce4ed3b7d7514d1e8adf6e42ba2a1d5f203753fce6fae2f3d82de7da7e3b415,43661,43662
S,Sul,Fio dagua,JACUI,JIUHMC,MONTE CLARO,98,2022-06-21 05:00:00,148.71,107.93,177.71,531.0,540.0,349.0,191.0,0.0,0.0,,outputs/ons-reserva-2021-2022-20260922/raw/ons-2022-06.csv,1ce4ed3b7d7514d1e8adf6e42ba2a1d5f203753fce6fae2f3d82de7da7e3b415,43662,43663
S,Sul,Fio dagua,JACUI,JIUHMC,MONTE CLARO,98,2022-06-21 06:00:00,148.7,107.89,176.58,531.0,535.0,349.0,186.0,0.0,0.0,,outputs/ons-reserva-2021-2022-20260922/raw/ons-2022-06.csv,1ce4ed3b7d7514d1e8adf6e42ba2a1d5f203753fce6fae2f3d82de7da7e3b415,43663,43664
S,Sul,Fio dagua,JACUI,JIUHMC,MONTE CLARO,98,2022-06-21 07:00:00,148.69,107.88,175.45,527.0,531.0,349.0,182.0,0.0,0.0,,outputs/ons-reserva-2021-2022-20260922/raw/ons-2022-06.csv,1ce4ed3b7d7514d1e8adf6e42ba2a1d5f203753fce6fae2f3d82de7da7e3b415,43664,43665
S,Sul,Fio dagua,JACUI,JIUHMC,MONTE CLARO,98,2022-06-21 08:00:00,148.68,107.87,174.32,523.0,527.0,349.0,178.0,0.0,0.0,,outputs/ons-reserva-2021-2022-20260922/raw/ons-2022-06.csv,1ce4ed3b7d7514d1e8adf6e42ba2a1d5f203753fce6fae2f3d82de7da7e3b415,43665,43666
S,Sul,Fio dagua,JACUI,JIUHMC,MONTE CLARO,98,2022-06-21 09:00:00,148.61,107.87,166.46,472.0,501.0,349.0,152.0,0.0,0.0,,outputs/ons-reserva-2021-2022-20260922/raw/ons-2022-06.csv,1ce4ed3b7d7514d1e8adf6e42ba2a1d5f203753fce6fae2f3d82de7da7e3b415,43666,43667
S,Sul,Fio dagua,JACUI,JIUHMC,MONTE CLARO,98,2022-06-21 10:00:00,148.61,107.88,166.46,501.0,501.0,350.0,152.0,0.0,0.0,,outputs/ons-reserva-2021-2022-20260922/raw/ons-2022-06.csv,1ce4ed3b7d7514d1e8adf6e42ba2a1d5f203753fce6fae2f3d82de7da7e3b415,43667,43668
S,Sul,Fio dagua,JACUI,JIUHMC,MONTE CLARO,98,2022-06-21 11:00:00,148.67,107.82,173.2,548.0,523.0,349.0,174.0,0.0,0.0,,outputs/ons-reserva-2021-2022-20260922/raw/ons-2022-06.csv,1ce4ed3b7d7514d1e8adf6e42ba2a1d5f203753fce6fae2f3d82de7da7e3b415,43668,43669
S,Sul,Fio dagua,JACUI,JIUHMC,MONTE CLARO,98,2022-06-21 12:00:00,148.72,107.79,178.84,563.0,543.0,348.0,195.0,0.0,0.0,,outputs/ons-reserva-2021-2022-20260922/raw/ons-2022-06.csv,1ce4ed3b7d7514d1e8adf6e42ba2a1d5f203753fce6fae2f3d82de7da7e3b415,43669,43670
S,Sul,Fio dagua,JACUI,JIUHMC,MONTE CLARO,98,2022-06-21 13:00:00,148.73,107.82,179.97,551.0,547.0,348.0,199.0,0.0,0.0,,outputs/ons-reserva-2021-2022-20260922/raw/ons-2022-06.csv,1ce4ed3b7d7514d1e8adf6e42ba2a1d5f203753fce6fae2f3d82de7da7e3b415,43670,43671
S,Sul,Fio dagua,JACUI,JIUHMC,MONTE CLARO,98,2022-06-21 14:00:00,148.75,107.93,182.24,564.0,556.0,348.0,208.0,0.0,0.0,,outputs/ons-reserva-2021-2022-20260922/raw/ons-2022-06.csv,1ce4ed3b7d7514d1e8adf6e42ba2a1d5f203753fce6fae2f3d82de7da7e3b415,43671,43672
S,Sul,Fio dagua,JACUI,JIUHMC,MONTE CLARO,98,2022-06-21 15:00:00,148.8,107.94,187.91,597.0,576.0,347.0,229.0,0.0,0.0,,outputs/ons-reserva-2021-2022-20260922/raw/ons-2022-06.csv,1ce4ed3b7d7514d1e8adf6e42ba2a1d5f203753fce6fae2f3d82de7da7e3b415,43672,43673
S,Sul,Fio dagua,JACUI,JIUHMC,MONTE CLARO,98,2022-06-21 16:00:00,148.9,108.0,199.34,662.0,620.0,347.0,273.0,0.0,0.0,,outputs/ons-reserva-2021-2022-20260922/raw/ons-2022-06.csv,1ce4ed3b7d7514d1e8adf6e42ba2a1d5f203753fce6fae2f3d82de7da7e3b415,43673,43674
S,Sul,Fio dagua,JACUI,JIUHMC,MONTE CLARO,98,2022-06-21 17:00:00,149.0,108.0,210.84,708.0,666.0,346.0,320.0,0.0,0.0,,outputs/ons-reserva-2021-2022-20260922/raw/ons-2022-06.csv,1ce4ed3b7d7514d1e8adf6e42ba2a1d5f203753fce6fae2f3d82de7da7e3b415,43674,43675
S,Sul,Fio dagua,JACUI,JIUHMC,MONTE CLARO,98,2022-06-21 18:00:00,149.12,108.12,224.75,777.0,727.0,346.0,381.0,0.0,0.0,,outputs/ons-reserva-2021-2022-20260922/raw/ons-2022-06.csv,1ce4ed3b7d7514d1e8adf6e42ba2a1d5f203753fce6fae2f3d82de7da7e3b415,43675,43676
S,Sul,Fio dagua,JACUI,JIUHMC,MONTE CLARO,98,2022-06-21 19:00:00,149.27,108.3,242.3,874.0,811.0,346.0,465.0,0.0,0.0,,outputs/ons-reserva-2021-2022-20260922/raw/ons-2022-06.csv,1ce4ed3b7d7514d1e8adf6e42ba2a1d5f203753fce6fae2f3d82de7da7e3b415,43676,43677
S,Sul,Fio dagua,JACUI,JIUHMC,MONTE CLARO,98,2022-06-21 20:00:00,149.43,108.5,261.18,976.0,909.0,347.0,562.0,0.0,0.0,,outputs/ons-reserva-2021-2022-20260922/raw/ons-2022-06.csv,1ce4ed3b7d7514d1e8adf6e42ba2a1d5f203753fce6fae2f3d82de7da7e3b415,43677,43678
S,Sul,Fio dagua,JACUI,JIUHMC,MONTE CLARO,98,2022-06-21 21:00:00,149.61,108.84,282.6,1105.0,1030.0,348.0,683.0,0.0,0.0,,outputs/ons-reserva-2021-2022-20260922/raw/ons-2022-06.csv,1ce4ed3b7d7514d1e8adf6e42ba2a1d5f203753fce6fae2f3d82de7da7e3b415,43678,43679
S,Sul,Fio dagua,JACUI,JIUHMC,MONTE CLARO,98,2022-06-21 22:00:00,149.78,109.0,302.98,1225.0,1154.0,348.0,806.0,0.0,0.0,,outputs/ons-reserva-2021-2022-20260922/raw/ons-2022-06.csv,1ce4ed3b7d7514d1e8adf6e42ba2a1d5f203753fce6fae2f3d82de7da7e3b415,43679,43680
S,Sul,Fio dagua,JACUI,JIUHMC,MONTE CLARO,98,2022-06-21 23:00:00,149.95,109.47,323.49,1357.0,1286.0,350.0,935.0,0.0,0.0,,outputs/ons-reserva-2021-2022-20260922/raw/ons-2022-06.csv,1ce4ed3b7d7514d1e8adf6e42ba2a1d5f203753fce6fae2f3d82de7da7e3b415,43680,43681
S,Sul,Fio dagua,JACUI,JIUHMC,MONTE CLARO,98,2022-06-21 23:59:00,150.06,109.81,336.81,1493.0,1447.0,352.0,1095.0,0.0,0.0,,outputs/ons-reserva-2021-2022-20260922/raw/ons-2022-06.csv,1ce4ed3b7d7514d1e8adf6e42ba2a1d5f203753fce6fae2f3d82de7da7e3b415,43681,43682
S,Sul,Fio dagua,JACUI,JIUHMC,MONTE CLARO,98,2022-06-22 01:00:00,150.11,110.12,342.87,1632.0,1611.0,355.0,1257.0,0.0,0.0,,outputs/ons-reserva-2021-2022-20260922/raw/ons-2022-06.csv,1ce4ed3b7d7514d1e8adf6e42ba2a1d5f203753fce6fae2f3d82de7da7e3b415,43682,43683
S,Sul,Fio dagua,JACUI,JIUHMC,MONTE CLARO,98,2022-06-22 02:00:00,150.18,110.52,351.38,1702.0,1673.0,358.0,1315.0,0.0,0.0,,outputs/ons-reserva-2021-2022-20260922/raw/ons-2022-06.csv,1ce4ed3b7d7514d1e8adf6e42ba2a1d5f203753fce6fae2f3d82de7da7e3b415,43683,43684
S,Sul,Fio dagua,JACUI,JIUHMC,MONTE CLARO,98,2022-06-22 03:00:00,150.27,110.72,362.32,1859.0,1822.0,358.0,1463.0,0.0,0.0,,outputs/ons-reserva-2021-2022-20260922/raw/ons-2022-06.csv,1ce4ed3b7d7514d1e8adf6e42ba2a1d5f203753fce6fae2f3d82de7da7e3b415,43684,43685
S,Sul,Fio dagua,JACUI,JIUHMC,MONTE CLARO,98,2022-06-22 04:00:00,150.22,111.03,356.24,2037.0,2058.0,358.0,1700.0,0.0,0.0,,outputs/ons-reserva-2021-2022-20260922/raw/ons-2022-06.csv,1ce4ed3b7d7514d1e8adf6e42ba2a1d5f203753fce6fae2f3d82de7da7e3b415,43685,43686
S,Sul,Fio dagua,JACUI,JIUHMC,MONTE CLARO,98,2022-06-22 05:00:00,150.15,111.34,347.73,2032.0,2061.0,352.0,1709.0,0.0,0.0,,outputs/ons-reserva-2021-2022-20260922/raw/ons-2022-06.csv,1ce4ed3b7d7514d1e8adf6e42ba2a1d5f203753fce6fae2f3d82de7da7e3b415,43686,43687
S,Sul,Fio dagua,JACUI,JIUHMC,MONTE CLARO,98,2022-06-22 06:00:00,150.15,111.65,347.73,2193.0,2193.0,347.0,1846.0,0.0,0.0,,outputs/ons-reserva-2021-2022-20260922/raw/ons-2022-06.csv,1ce4ed3b7d7514d1e8adf6e42ba2a1d5f203753fce6fae2f3d82de7da7e3b415,43687,43688
S,Sul,Fio dagua,JACUI,JIUHMC,MONTE CLARO,98,2022-06-22 07:00:00,150.1,111.75,341.66,2323.0,2344.0,339.0,2005.0,0.0,0.0,,outputs/ons-reserva-2021-2022-20260922/raw/ons-2022-06.csv,1ce4ed3b7d7514d1e8adf6e42ba2a1d5f203753fce6fae2f3d82de7da7e3b415,43688,43689
S,Sul,Fio dagua,JACUI,JIUHMC,MONTE CLARO,98,2022-06-22 08:00:00,150.05,112.02,335.6,2413.0,2433.0,338.0,2096.0,0.0,0.0,,outputs/ons-reserva-2021-2022-20260922/raw/ons-2022-06.csv,1ce4ed3b7d7514d1e8adf6e42ba2a1d5f203753fce6fae2f3d82de7da7e3b415,43689,43690
S,Sul,Fio dagua,JACUI,JIUHMC,MONTE CLARO,98,2022-06-22 09:00:00,149.93,112.19,321.07,2279.0,2329.0,333.0,1996.0,0.0,0.0,,outputs/ons-reserva-2021-2022-20260922/raw/ons-2022-06.csv,1ce4ed3b7d7514d1e8adf6e42ba2a1d5f203753fce6fae2f3d82de7da7e3b415,43690,43691
S,Sul,Fio dagua,JACUI,JIUHMC,MONTE CLARO,98,2022-06-22 10:00:00,150.05,112.3,335.6,2597.0,2547.0,321.0,2226.0,0.0,0.0,,outputs/ons-reserva-2021-2022-20260922/raw/ons-2022-06.csv,1ce4ed3b7d7514d1e8adf6e42ba2a1d5f203753fce6fae2f3d82de7da7e3b415,43691,43692
S,Sul,Fio dagua,JACUI,JIUHMC,MONTE CLARO,98,2022-06-22 11:00:00,150.06,112.47,336.81,2560.0,2556.0,321.0,2235.0,0.0,0.0,,outputs/ons-reserva-2021-2022-20260922/raw/ons-2022-06.csv,1ce4ed3b7d7514d1e8adf6e42ba2a1d5f203753fce6fae2f3d82de7da7e3b415,43692,43693
S,Sul,Fio dagua,JACUI,JIUHMC,MONTE CLARO,98,2022-06-22 12:00:00,150.29,111.92,364.76,2709.0,2614.0,46.0,2568.0,0.0,0.0,,outputs/ons-reserva-2021-2022-20260922/raw/ons-2022-06.csv,1ce4ed3b7d7514d1e8adf6e42ba2a1d5f203753fce6fae2f3d82de7da7e3b415,43693,43694
S,Sul,Fio dagua,JACUI,JIUHMC,MONTE CLARO,98,2022-06-22 13:00:00,150.37,112.2,374.5,2674.0,2641.0,0.0,2641.0,0.0,0.0,,outputs/ons-reserva-2021-2022-20260922/raw/ons-2022-06.csv,1ce4ed3b7d7514d1e8adf6e42ba2a1d5f203753fce6fae2f3d82de7da7e3b415,43694,43695
S,Sul,Fio dagua,JACUI,JIUHMC,MONTE CLARO,98,2022-06-22 14:00:00,150.23,113.17,357.46,2830.0,2888.0,247.0,2642.0,0.0,0.0,,outputs/ons-reserva-2021-2022-20260922/raw/ons-2022-06.csv,1ce4ed3b7d7514d1e8adf6e42ba2a1d5f203753fce6fae2f3d82de7da7e3b415,43695,43696
S,Sul,Fio dagua,JACUI,JIUHMC,MONTE CLARO,98,2022-06-22 15:00:00,150.22,113.35,356.24,2979.0,2983.0,350.0,2633.0,0.0,0.0,,outputs/ons-reserva-2021-2022-20260922/raw/ons-2022-06.csv,1ce4ed3b7d7514d1e8adf6e42ba2a1d5f203753fce6fae2f3d82de7da7e3b415,43696,43697
S,Sul,Fio dagua,JACUI,JIUHMC,MONTE CLARO,98,2022-06-22 16:00:00,150.19,113.41,352.59,2945.0,2958.0,352.0,2606.0,0.0,0.0,,outputs/ons-reserva-2021-2022-20260922/raw/ons-2022-06.csv,1ce4ed3b7d7514d1e8adf6e42ba2a1d5f203753fce6fae2f3d82de7da7e3b415,43697,43698
S,Sul,Fio dagua,JACUI,JIUHMC,MONTE CLARO,98,2022-06-22 17:00:00,150.2,113.37,353.81,2970.0,2966.0,351.0,2615.0,0.0,0.0,,outputs/ons-reserva-2021-2022-20260922/raw/ons-2022-06.csv,1ce4ed3b7d7514d1e8adf6e42ba2a1d5f203753fce6fae2f3d82de7da7e3b415,43698,43699
S,Sul,Fio dagua,JACUI,JIUHMC,MONTE CLARO,98,2022-06-22 18:00:00,150.24,113.43,358.67,3019.0,3002.0,351.0,2651.0,0.0,0.0,,outputs/ons-reserva-2021-2022-20260922/raw/ons-2022-06.csv,1ce4ed3b7d7514d1e8adf6e42ba2a1d5f203753fce6fae2f3d82de7da7e3b415,43699,43700
S,Sul,Fio dagua,JACUI,JIUHMC,MONTE CLARO,98,2022-06-22 19:00:00,150.14,113.44,346.52,3001.0,3042.0,352.0,2690.0,0.0,0.0,,outputs/ons-reserva-2021-2022-20260922/raw/ons-2022-06.csv,1ce4ed3b7d7514d1e8adf6e42ba2a1d5f203753fce6fae2f3d82de7da7e3b415,43700,43701
S,Sul,Fio dagua,JACUI,JIUHMC,MONTE CLARO,98,2022-06-22 20:00:00,150.11,113.5,342.87,3002.0,3015.0,351.0,2664.0,0.0,0.0,,outputs/ons-reserva-2021-2022-20260922/raw/ons-2022-06.csv,1ce4ed3b7d7514d1e8adf6e42ba2a1d5f203753fce6fae2f3d82de7da7e3b415,43701,43702
S,Sul,Fio dagua,JACUI,JIUHMC,MONTE CLARO,98,2022-06-22 21:00:00,150.12,113.49,344.09,3027.0,3023.0,350.0,2672.0,0.0,0.0,,outputs/ons-reserva-2021-2022-20260922/raw/ons-2022-06.csv,1ce4ed3b7d7514d1e8adf6e42ba2a1d5f203753fce6fae2f3d82de7da7e3b415,43702,43703
S,Sul,Fio dagua,JACUI,JIUHMC,MONTE CLARO,98,2022-06-22 22:00:00,150.14,113.5,346.52,3048.0,3040.0,350.0,2690.0,0.0,0.0,,outputs/ons-reserva-2021-2022-20260922/raw/ons-2022-06.csv,1ce4ed3b7d7514d1e8adf6e42ba2a1d5f203753fce6fae2f3d82de7da7e3b415,43703,43704
S,Sul,Fio dagua,JACUI,JIUHMC,MONTE CLARO,98,2022-06-22 23:00:00,150.14,113.57,346.52,3041.0,3041.0,351.0,2690.0,0.0,0.0,,outputs/ons-reserva-2021-2022-20260922/raw/ons-2022-06.csv,1ce4ed3b7d7514d1e8adf6e42ba2a1d5f203753fce6fae2f3d82de7da7e3b415,43704,43705
S,Sul,Fio dagua,JACUI,JIUHMC,MONTE CLARO,98,2022-06-22 23:59:00,150.16,113.57,348.95,3066.0,3058.0,351.0,2708.0,0.0,0.0,,outputs/ons-reserva-2021-2022-20260922/raw/ons-2022-06.csv,1ce4ed3b7d7514d1e8adf6e42ba2a1d5f203753fce6fae2f3d82de7da7e3b415,43705,43706
S,Sul,Fio dagua,JACUI,JIUHMC,MONTE CLARO,98,2022-06-23 01:00:00,150.17,113.53,350.16,3071.0,3067.0,350.0,2716.0,0.0,0.0,,outputs/ons-reserva-2021-2022-20260922/raw/ons-2022-06.csv,1ce4ed3b7d7514d1e8adf6e42ba2a1d5f203753fce6fae2f3d82de7da7e3b415,43706,43707
S,Sul,Fio dagua,JACUI,JIUHMC,MONTE CLARO,98,2022-06-23 02:00:00,150.17,113.63,350.16,3067.0,3067.0,351.0,2716.0,0.0,0.0,,outputs/ons-reserva-2021-2022-20260922/raw/ons-2022-06.csv,1ce4ed3b7d7514d1e8adf6e42ba2a1d5f203753fce6fae2f3d82de7da7e3b415,43707,43708
S,Sul,Fio dagua,JACUI,JIUHMC,MONTE CLARO,98,2022-06-23 03:00:00,150.15,113.58,347.73,3041.0,3050.0,351.0,2699.0,0.0,0.0,,outputs/ons-reserva-2021-2022-20260922/raw/ons-2022-06.csv,1ce4ed3b7d7514d1e8adf6e42ba2a1d5f203753fce6fae2f3d82de7da7e3b415,43708,43709
S,Sul,Fio dagua,JACUI,JIUHMC,MONTE CLARO,98,2022-06-23 04:00:00,150.15,113.52,347.73,3049.0,3049.0,350.0,2699.0,0.0,0.0,,outputs/ons-reserva-2021-2022-20260922/raw/ons-2022-06.csv,1ce4ed3b7d7514d1e8adf6e42ba2a1d5f203753fce6fae2f3d82de7da7e3b415,43709,43710
S,Sul,Fio dagua,JACUI,JIUHMC,MONTE CLARO,98,2022-06-23 05:00:00,150.19,113.54,352.59,3101.0,3084.0,350.0,2734.0,0.0,0.0,,outputs/ons-reserva-2021-2022-20260922/raw/ons-2022-06.csv,1ce4ed3b7d7514d1e8adf6e42ba2a1d5f203753fce6fae2f3d82de7da7e3b415,43710,43711
S,Sul,Fio dagua,JACUI,JIUHMC,MONTE CLARO,98,2022-06-23 06:00:00,150.26,113.56,361.11,3176.0,3147.0,350.0,2797.0,0.0,0.0,,outputs/ons-reserva-2021-2022-20260922/raw/ons-2022-06.csv,1ce4ed3b7d7514d1e8adf6e42ba2a1d5f203753fce6fae2f3d82de7da7e3b415,43711,43712
S,Sul,Fio dagua,JACUI,JIUHMC,MONTE CLARO,98,2022-06-23 07:00:00,150.35,113.65,372.06,3267.0,3230.0,350.0,2880.0,0.0,0.0,,outputs/ons-reserva-2021-2022-20260922/raw/ons-2022-06.csv,1ce4ed3b7d7514d1e8adf6e42ba2a1d5f203753fce6fae2f3d82de7da7e3b415,43712,43713
S,Sul,Fio dagua,JACUI,JIUHMC,MONTE CLARO,98,2022-06-23 08:00:00,150.42,113.71,380.59,3322.0,3293.0,347.0,2946.0,0.0,0.0,,outputs/ons-reserva-2021-2022-20260922/raw/ons-2022-06.csv,1ce4ed3b7d7514d1e8adf6e42ba2a1d5f203753fce6fae2f3d82de7da7e3b415,43713,43714
S,Sul,Fio dagua,JACUI,JIUHMC,MONTE CLARO,98,2022-06-23 09:00:00,150.46,113.84,385.47,3343.0,3326.0,342.0,2984.0,0.0,0.0,,outputs/ons-reserva-2021-2022-20260922/raw/ons-2022-06.csv,1ce4ed3b7d7514d1e8adf6e42ba2a1d5f203753fce6fae2f3d82de7da7e3b415,43714,43715
S,Sul,Fio dagua,JACUI,JIUHMC,MONTE CLARO,98,2022-06-23 10:00:00,150.49,113.91,389.13,3368.0,3355.0,342.0,3014.0,0.0,0.0,,outputs/ons-reserva-2021-2022-20260922/raw/ons-2022-06.csv,1ce4ed3b7d7514d1e8adf6e42ba2a1d5f203753fce6fae2f3d82de7da7e3b415,43715,43716
S,Sul,Fio dagua,JACUI,JIUHMC,MONTE CLARO,98,2022-06-23 11:00:00,150.52,114.06,392.79,3398.0,3386.0,343.0,3043.0,0.0,0.0,,outputs/ons-reserva-2021-2022-20260922/raw/ons-2022-06.csv,1ce4ed3b7d7514d1e8adf6e42ba2a1d5f203753fce6fae2f3d82de7da7e3b415,43716,43717
S,Sul,Fio dagua,JACUI,JIUHMC,MONTE CLARO,98,2022-06-23 12:00:00,150.53,114.01,394.01,3399.0,3395.0,343.0,3053.0,0.0,0.0,,outputs/ons-reserva-2021-2022-20260922/raw/ons-2022-06.csv,1ce4ed3b7d7514d1e8adf6e42ba2a1d5f203753fce6fae2f3d82de7da7e3b415,43717,43718
S,Sul,Fio dagua,JACUI,JIUHMC,MONTE CLARO,98,2022-06-23 13:00:00,150.57,114.08,398.89,3452.0,3435.0,343.0,3092.0,0.0,0.0,,outputs/ons-reserva-2021-2022-20260922/raw/ons-2022-06.csv,1ce4ed3b7d7514d1e8adf6e42ba2a1d5f203753fce6fae2f3d82de7da7e3b415,43718,43719
S,Sul,Fio dagua,JACUI,JIUHMC,MONTE CLARO,98,2022-06-23 14:00:00,150.58,114.12,400.1,3449.0,3445.0,343.0,3102.0,0.0,0.0,,outputs/ons-reserva-2021-2022-20260922/raw/ons-2022-06.csv,1ce4ed3b7d7514d1e8adf6e42ba2a1d5f203753fce6fae2f3d82de7da7e3b415,43719,43720
S,Sul,Fio dagua,JACUI,JIUHMC,MONTE CLARO,98,2022-06-23 15:00:00,150.63,114.15,406.2,3516.0,3495.0,343.0,3152.0,0.0,0.0,,outputs/ons-reserva-2021-2022-20260922/raw/ons-2022-06.csv,1ce4ed3b7d7514d1e8adf6e42ba2a1d5f203753fce6fae2f3d82de7da7e3b415,43720,43721
S,Sul,Fio dagua,JACUI,JIUHMC,MONTE CLARO,98,2022-06-23 16:00:00,150.63,114.2,406.2,3497.0,3497.0,345.0,3152.0,0.0,0.0,,outputs/ons-reserva-2021-2022-20260922/raw/ons-2022-06.csv,1ce4ed3b7d7514d1e8adf6e42ba2a1d5f203753fce6fae2f3d82de7da7e3b415,43721,43722
S,Sul,Fio dagua,JACUI,JIUHMC,MONTE CLARO,98,2022-06-23 17:00:00,150.6,114.23,402.54,3457.0,3470.0,348.0,3122.0,0.0,0.0,,outputs/ons-reserva-2021-2022-20260922/raw/ons-2022-06.csv,1ce4ed3b7d7514d1e8adf6e42ba2a1d5f203753fce6fae2f3d82de7da7e3b415,43722,43723
S,Sul,Fio dagua,JACUI,JIUHMC,MONTE CLARO,98,2022-06-23 18:00:00,150.55,114.23,396.45,3400.0,3420.0,348.0,3072.0,0.0,0.0,,outputs/ons-reserva-2021-2022-20260922/raw/ons-2022-06.csv,1ce4ed3b7d7514d1e8adf6e42ba2a1d5f203753fce6fae2f3d82de7da7e3b415,43723,43724
S,Sul,Fio dagua,JACUI,JIUHMC,MONTE CLARO,98,2022-06-23 19:00:00,150.48,114.13,387.91,3322.0,3352.0,348.0,3004.0,0.0,0.0,,outputs/ons-reserva-2021-2022-20260922/raw/ons-2022-06.csv,1ce4ed3b7d7514d1e8adf6e42ba2a1d5f203753fce6fae2f3d82de7da7e3b415,43724,43725
S,Sul,Fio dagua,JACUI,JIUHMC,MONTE CLARO,98,2022-06-23 20:00:00,150.4,114.03,378.16,3241.0,3275.0,348.0,2927.0,0.0,0.0,,outputs/ons-reserva-2021-2022-20260922/raw/ons-2022-06.csv,1ce4ed3b7d7514d1e8adf6e42ba2a1d5f203753fce6fae2f3d82de7da7e3b415,43725,43726
S,Sul,Fio dagua,JACUI,JIUHMC,MONTE CLARO,98,2022-06-23 21:00:00,150.33,113.88,369.63,3179.0,3208.0,347.0,2861.0,0.0,0.0,,outputs/ons-reserva-2021-2022-20260922/raw/ons-2022-06.csv,1ce4ed3b7d7514d1e8adf6e42ba2a1d5f203753fce6fae2f3d82de7da7e3b415,43726,43727
S,Sul,Fio dagua,JACUI,JIUHMC,MONTE CLARO,98,2022-06-23 22:00:00,150.23,113.78,357.46,3075.0,3117.0,347.0,2770.0,0.0,0.0,,outputs/ons-reserva-2021-2022-20260922/raw/ons-2022-06.csv,1ce4ed3b7d7514d1e8adf6e42ba2a1d5f203753fce6fae2f3d82de7da7e3b415,43727,43728
S,Sul,Fio dagua,JACUI,JIUHMC,MONTE CLARO,98,2022-06-23 23:00:00,150.2,113.71,353.81,3077.0,3090.0,346.0,2743.0,0.0,0.0,,outputs/ons-reserva-2021-2022-20260922/raw/ons-2022-06.csv,1ce4ed3b7d7514d1e8adf6e42ba2a1d5f203753fce6fae2f3d82de7da7e3b415,43728,43729
S,Sul,Fio dagua,JACUI,JIUHMC,MONTE CLARO,98,2022-06-23 23:59:00,150.08,113.5,339.23,2933.0,2983.0,346.0,2637.0,0.0,0.0,,outputs/ons-reserva-2021-2022-20260922/raw/ons-2022-06.csv,1ce4ed3b7d7514d1e8adf6e42ba2a1d5f203753fce6fae2f3d82de7da7e3b415,43729,43730
S,Sul,Fio dagua,JACUI,JIUHMC,MONTE CLARO,98,2022-06-24 01:00:00,150.01,113.4,330.75,2893.0,2922.0,345.0,2577.0,0.0,0.0,,outputs/ons-reserva-2021-2022-20260922/raw/ons-2022-06.csv,1ce4ed3b7d7514d1e8adf6e42ba2a1d5f203753fce6fae2f3d82de7da7e3b415,43730,43731
S,Sul,Fio dagua,JACUI,JIUHMC,MONTE CLARO,98,2022-06-24 02:00:00,149.92,113.3,319.86,2809.0,2847.0,345.0,2501.0,0.0,0.0,,outputs/ons-reserva-2021-2022-20260922/raw/ons-2022-06.csv,1ce4ed3b7d7514d1e8adf6e42ba2a1d5f203753fce6fae2f3d82de7da7e3b415,43731,43732
S,Sul,Fio dagua,JACUI,JIUHMC,MONTE CLARO,98,2022-06-24 03:00:00,149.95,113.1,323.49,2755.0,2743.0,343.0,2399.0,0.0,0.0,,outputs/ons-reserva-2021-2022-20260922/raw/ons-2022-06.csv,1ce4ed3b7d7514d1e8adf6e42ba2a1d5f203753fce6fae2f3d82de7da7e3b415,43732,43733
S,Sul,Fio dagua,JACUI,JIUHMC,MONTE CLARO,98,2022-06-24 04:00:00,149.9,113.05,317.45,2681.0,2701.0,343.0,2358.0,0.0,0.0,,outputs/ons-reserva-2021-2022-20260922/raw/ons-2022-06.csv,1ce4ed3b7d7514d1e8adf6e42ba2a1d5f203753fce6fae2f3d82de7da7e3b415,43733,43734
S,Sul,Fio dagua,JACUI,JIUHMC,MONTE CLARO,98,2022-06-24 05:00:00,149.95,112.8,323.49,2634.0,2613.0,340.0,2272.0,0.0,0.0,,outputs/ons-reserva-2021-2022-20260922/raw/ons-2022-06.csv,1ce4ed3b7d7514d1e8adf6e42ba2a1d5f203753fce6fae2f3d82de7da7e3b415,43734,43735
S,Sul,Fio dagua,JACUI,JIUHMC,MONTE CLARO,98,2022-06-24 06:00:00,149.96,112.65,324.7,2494.0,2490.0,339.0,2151.0,0.0,0.0,,outputs/ons-reserva-2021-2022-20260922/raw/ons-2022-06.csv,1ce4ed3b7d7514d1e8adf6e42ba2a1d5f203753fce6fae2f3d82de7da7e3b415,43735,43736
S,Sul,Fio dagua,JACUI,JIUHMC,MONTE CLARO,98,2022-06-24 07:00:00,149.94,112.53,322.28,2473.0,2481.0,346.0,2135.0,0.0,0.0,,outputs/ons-reserva-2021-2022-20260922/raw/ons-2022-06.csv,1ce4ed3b7d7514d1e8adf6e42ba2a1d5f203753fce6fae2f3d82de7da7e3b415,43736,43737
S,Sul,Fio dagua,JACUI,JIUHMC,MONTE CLARO,98,2022-06-24 08:00:00,149.89,112.4,316.24,2421.0,2442.0,347.0,2094.0,0.0,0.0,,outputs/ons-reserva-2021-2022-20260922/raw/ons-2022-06.csv,1ce4ed3b7d7514d1e8adf6e42ba2a1d5f203753fce6fae2f3d82de7da7e3b415,43737,43738
S,Sul,Fio dagua,JACUI,JIUHMC,MONTE CLARO,98,2022-06-24 09:00:00,149.81,112.35,306.59,2348.0,2381.0,350.0,2031.0,0.0,0.0,,outputs/ons-reserva-2021-2022-20260922/raw/ons-2022-06.csv,1ce4ed3b7d7514d1e8adf6e42ba2a1d5f203753fce6fae2f3d82de7da7e3b415,43738,43739
S,Sul,Fio dagua,JACUI,JIUHMC,MONTE CLARO,98,2022-06-24 10:00:00,149.74,112.24,298.17,2298.0,2327.0,351.0,1976.0,0.0,0.0,,outputs/ons-reserva-2021-2022-20260922/raw/ons-2022-06.csv,1ce4ed3b7d7514d1e8adf6e42ba2a1d5f203753fce6fae2f3d82de7da7e3b415,43739,43740
S,Sul,Fio dagua,JACUI,JIUHMC,MONTE CLARO,98,2022-06-24 11:00:00,149.79,112.07,304.19,2255.0,2234.0,349.0,1885.0,0.0,0.0,,outputs/ons-reserva-2021-2022-20260922/raw/ons-2022-06.csv,1ce4ed3b7d7514d1e8adf6e42ba2a1d5f203753fce6fae2f3d82de7da7e3b415,43740,43741
S,Sul,Fio dagua,JACUI,JIUHMC,MONTE CLARO,98,2022-06-24 12:00:00,149.81,111.93,306.59,2257.0,2249.0,348.0,1901.0,0.0,0.0,,outputs/ons-reserva-2021-2022-20260922/raw/ons-2022-06.csv,1ce4ed3b7d7514d1e8adf6e42ba2a1d5f203753fce6fae2f3d82de7da7e3b415,43741,43742
S,Sul,Fio dagua,JACUI,JIUHMC,MONTE CLARO,98,2022-06-24 13:00:00,149.82,111.83,307.8,2260.0,2255.0,347.0,1909.0,0.0,0.0,,outputs/ons-reserva-2021-2022-20260922/raw/ons-2022-06.csv,1ce4ed3b7d7514d1e8adf6e42ba2a1d5f203753fce6fae2f3d82de7da7e3b415,43742,43743
S,Sul,Fio dagua,JACUI,JIUHMC,MONTE CLARO,98,2022-06-24 14:00:00,149.8,111.78,305.39,2165.0,2174.0,346.0,1827.0,0.0,0.0,,outputs/ons-reserva-2021-2022-20260922/raw/ons-2022-06.csv,1ce4ed3b7d7514d1e8adf6e42ba2a1d5f203753fce6fae2f3d82de7da7e3b415,43743,43744
S,Sul,Fio dagua,JACUI,JIUHMC,MONTE CLARO,98,2022-06-24 15:00:00,149.87,111.76,313.83,2124.0,2095.0,346.0,1749.0,0.0,0.0,,outputs/ons-reserva-2021-2022-20260922/raw/ons-2022-06.csv,1ce4ed3b7d7514d1e8adf6e42ba2a1d5f203753fce6fae2f3d82de7da7e3b415,43744,43745
S,Sul,Fio dagua,JACUI,JIUHMC,MONTE CLARO,98,2022-06-24 16:00:00,149.93,111.67,321.07,2172.0,2147.0,350.0,1797.0,0.0,0.0,,outputs/ons-reserva-2021-2022-20260922/raw/ons-2022-06.csv,1ce4ed3b7d7514d1e8adf6e42ba2a1d5f203753fce6fae2f3d82de7da7e3b415,43745,43746
S,Sul,Fio dagua,JACUI,JIUHMC,MONTE CLARO,98,2022-06-24 17:00:00,149.92,111.63,319.86,2135.0,2139.0,350.0,1789.0,0.0,0.0,,outputs/ons-reserva-2021-2022-20260922/raw/ons-2022-06.csv,1ce4ed3b7d7514d1e8adf6e42ba2a1d5f203753fce6fae2f3d82de7da7e3b415,43746,43747
S,Sul,Fio dagua,JACUI,JIUHMC,MONTE CLARO,98,2022-06-24 18:00:00,149.93,111.65,321.07,2152.0,2147.0,350.0,1797.0,0.0,0.0,,outputs/ons-reserva-2021-2022-20260922/raw/ons-2022-06.csv,1ce4ed3b7d7514d1e8adf6e42ba2a1d5f203753fce6fae2f3d82de7da7e3b415,43747,43748
S,Sul,Fio dagua,JACUI,JIUHMC,MONTE CLARO,98,2022-06-24 19:00:00,149.94,111.66,322.28,2160.0,2155.0,350.0,1805.0,0.0,0.0,,outputs/ons-reserva-2021-2022-20260922/raw/ons-2022-06.csv,1ce4ed3b7d7514d1e8adf6e42ba2a1d5f203753fce6fae2f3d82de7da7e3b415,43748,43749
S,Sul,Fio dagua,JACUI,JIUHMC,MONTE CLARO,98,2022-06-24 20:00:00,149.96,111.69,324.7,2180.0,2172.0,350.0,1821.0,0.0,0.0,,outputs/ons-reserva-2021-2022-20260922/raw/ons-2022-06.csv,1ce4ed3b7d7514d1e8adf6e42ba2a1d5f203753fce6fae2f3d82de7da7e3b415,43749,43750
S,Sul,Fio dagua,JACUI,JIUHMC,MONTE CLARO,98,2022-06-24 21:00:00,149.95,111.66,323.49,2159.0,2163.0,350.0,1813.0,0.0,0.0,,outputs/ons-reserva-2021-2022-20260922/raw/ons-2022-06.csv,1ce4ed3b7d7514d1e8adf6e42ba2a1d5f203753fce6fae2f3d82de7da7e3b415,43750,43751
S,Sul,Fio dagua,JACUI,JIUHMC,MONTE CLARO,98,2022-06-24 22:00:00,149.95,111.69,323.49,2164.0,2164.0,350.0,1813.0,0.0,0.0,,outputs/ons-reserva-2021-2022-20260922/raw/ons-2022-06.csv,1ce4ed3b7d7514d1e8adf6e42ba2a1d5f203753fce6fae2f3d82de7da7e3b415,43751,43752
S,Sul,Fio dagua,JACUI,JIUHMC,MONTE CLARO,98,2022-06-24 23:00:00,149.94,111.72,322.28,2152.0,2156.0,351.0,1805.0,0.0,0.0,,outputs/ons-reserva-2021-2022-20260922/raw/ons-2022-06.csv,1ce4ed3b7d7514d1e8adf6e42ba2a1d5f203753fce6fae2f3d82de7da7e3b415,43752,43753
S,Sul,Fio dagua,JACUI,JIUHMC,MONTE CLARO,98,2022-06-24 23:59:00,149.95,111.72,323.49,2168.0,2164.0,351.0,1813.0,0.0,0.0,,outputs/ons-reserva-2021-2022-20260922/raw/ons-2022-06.csv,1ce4ed3b7d7514d1e8adf6e42ba2a1d5f203753fce6fae2f3d82de7da7e3b415,43753,43754
S,Sul,Fio dagua,JACUI,JIUHMC,MONTE CLARO,98,2022-06-25 01:00:00,149.96,111.7,324.7,2176.0,2172.0,350.0,1821.0,0.0,0.0,,outputs/ons-reserva-2021-2022-20260922/raw/ons-2022-06.csv,1ce4ed3b7d7514d1e8adf6e42ba2a1d5f203753fce6fae2f3d82de7da7e3b415,43754,43755
S,Sul,Fio dagua,JACUI,JIUHMC,MONTE CLARO,98,2022-06-25 02:00:00,149.99,111.72,328.33,2209.0,2196.0,350.0,1846.0,0.0,0.0,,outputs/ons-reserva-2021-2022-20260922/raw/ons-2022-06.csv,1ce4ed3b7d7514d1e8adf6e42ba2a1d5f203753fce6fae2f3d82de7da7e3b415,43755,43756
S,Sul,Fio dagua,JACUI,JIUHMC,MONTE CLARO,98,2022-06-25 03:00:00,150.02,111.75,331.96,2234.0,2221.0,350.0,1871.0,0.0,0.0,,outputs/ons-reserva-2021-2022-20260922/raw/ons-2022-06.csv,1ce4ed3b7d7514d1e8adf6e42ba2a1d5f203753fce6fae2f3d82de7da7e3b415,43756,43757
S,Sul,Fio dagua,JACUI,JIUHMC,MONTE CLARO,98,2022-06-25 04:00:00,150.03,111.77,333.17,2234.0,2229.0,350.0,1879.0,0.0,0.0,,outputs/ons-reserva-2021-2022-20260922/raw/ons-2022-06.csv,1ce4ed3b7d7514d1e8adf6e42ba2a1d5f203753fce6fae2f3d82de7da7e3b415,43757,43758
S,Sul,Fio dagua,JACUI,JIUHMC,MONTE CLARO,98,2022-06-25 05:00:00,150.04,111.82,334.38,2242.0,2238.0,351.0,1888.0,0.0,0.0,,outputs/ons-reserva-2021-2022-20260922/raw/ons-2022-06.csv,1ce4ed3b7d7514d1e8adf6e42ba2a1d5f203753fce6fae2f3d82de7da7e3b415,43758,43759
S,Sul,Fio dagua,JACUI,JIUHMC,MONTE CLARO,98,2022-06-25 06:00:00,150.02,111.83,331.96,2214.0,2222.0,351.0,1871.0,0.0,0.0,,outputs/ons-reserva-2021-2022-20260922/raw/ons-2022-06.csv,1ce4ed3b7d7514d1e8adf6e42ba2a1d5f203753fce6fae2f3d82de7da7e3b415,43759,43760
S,Sul,Fio dagua,JACUI,JIUHMC,MONTE CLARO,98,2022-06-25 07:00:00,150.01,111.81,330.75,2209.0,2213.0,351.0,1863.0,0.0,0.0,,outputs/ons-reserva-2021-2022-20260922/raw/ons-2022-06.csv,1ce4ed3b7d7514d1e8adf6e42ba2a1d5f203753fce6fae2f3d82de7da7e3b415,43760,43761
S,Sul,Fio dagua,JACUI,JIUHMC,MONTE CLARO,98,2022-06-25 08:00:00,150.0,111.11,329.54,2195.0,2199.0,345.0,1854.0,0.0,0.0,,outputs/ons-reserva-2021-2022-20260922/raw/ons-2022-06.csv,1ce4ed3b7d7514d1e8adf6e42ba2a1d5f203753fce6fae2f3d82de7da7e3b415,43761,43762
S,Sul,Fio dagua,JACUI,JIUHMC,MONTE CLARO,98,2022-06-25 09:00:00,149.98,111.82,327.12,2181.0,2189.0,351.0,1838.0,0.0,0.0,,outputs/ons-reserva-2021-2022-20260922/raw/ons-2022-06.csv,1ce4ed3b7d7514d1e8adf6e42ba2a1d5f203753fce6fae2f3d82de7da7e3b415,43762,43763
S,Sul,Fio dagua,JACUI,JIUHMC,MONTE CLARO,98,2022-06-25 10:00:00,149.95,111.76,323.49,2152.0,2164.0,351.0,1813.0,0.0,0.0,,outputs/ons-reserva-2021-2022-20260922/raw/ons-2022-06.csv,1ce4ed3b7d7514d1e8adf6e42ba2a1d5f203753fce6fae2f3d82de7da7e3b415,43763,43764
S,Sul,Fio dagua,JACUI,JIUHMC,MONTE CLARO,98,2022-06-25 11:00:00,149.93,111.73,321.07,2140.0,2148.0,351.0,1797.0,0.0,0.0,,outputs/ons-reserva-2021-2022-20260922/raw/ons-2022-06.csv,1ce4ed3b7d7514d1e8adf6e42ba2a1d5f203753fce6fae2f3d82de7da7e3b415,43764,43765
S,Sul,Fio dagua,JACUI,JIUHMC,MONTE CLARO,98,2022-06-25 12:00:00,149.89,111.66,316.24,2099.0,2116.0,351.0,1765.0,0.0,0.0,,outputs/ons-reserva-2021-2022-20260922/raw/ons-2022-06.csv,1ce4ed3b7d7514d1e8adf6e42ba2a1d5f203753fce6fae2f3d82de7da7e3b415,43765,43766
S,Sul,Fio dagua,JACUI,JIUHMC,MONTE CLARO,98,2022-06-25 13:00:00,149.83,111.61,309.0,2044.0,2069.0,351.0,1718.0,0.0,0.0,,outputs/ons-reserva-2021-2022-20260922/raw/ons-2022-06.csv,1ce4ed3b7d7514d1e8adf6e42ba2a1d5f203753fce6fae2f3d82de7da7e3b415,43766,43767
S,Sul,Fio dagua,JACUI,JIUHMC,MONTE CLARO,98,2022-06-25 14:00:00,149.79,111.57,304.19,2021.0,2038.0,351.0,1687.0,0.0,0.0,,outputs/ons-reserva-2021-2022-20260922/raw/ons-2022-06.csv,1ce4ed3b7d7514d1e8adf6e42ba2a1d5f203753fce6fae2f3d82de7da7e3b415,43767,43768
S,Sul,Fio dagua,JACUI,JIUHMC,MONTE CLARO,98,2022-06-25 15:00:00,149.82,111.51,307.8,2006.0,1994.0,350.0,1644.0,0.0,0.0,,outputs/ons-reserva-2021-2022-20260922/raw/ons-2022-06.csv,1ce4ed3b7d7514d1e8adf6e42ba2a1d5f203753fce6fae2f3d82de7da7e3b415,43768,43769
S,Sul,Fio dagua,JACUI,JIUHMC,MONTE CLARO,98,2022-06-25 16:00:00,149.79,111.4,304.19,1958.0,1970.0,349.0,1621.0,0.0,0.0,,outputs/ons-reserva-2021-2022-20260922/raw/ons-2022-06.csv,1ce4ed3b7d7514d1e8adf6e42ba2a1d5f203753fce6fae2f3d82de7da7e3b415,43769,43770
S,Sul,Fio dagua,JACUI,JIUHMC,MONTE CLARO,98,2022-06-25 17:00:00,149.75,111.3,299.38,1922.0,1938.0,349.0,1590.0,0.0,0.0,,outputs/ons-reserva-2021-2022-20260922/raw/ons-2022-06.csv,1ce4ed3b7d7514d1e8adf6e42ba2a1d5f203753fce6fae2f3d82de7da7e3b415,43770,43771
S,Sul,Fio dagua,JACUI,JIUHMC,MONTE CLARO,98,2022-06-25 18:00:00,149.79,111.25,304.19,1783.0,1766.0,348.0,1418.0,0.0,0.0,,outputs/ons-reserva-2021-2022-20260922/raw/ons-2022-06.csv,1ce4ed3b7d7514d1e8adf6e42ba2a1d5f203753fce6fae2f3d82de7da7e3b415,43771,43772
S,Sul,Fio dagua,JACUI,JIUHMC,MONTE CLARO,98,2022-06-25 19:00:00,149.8,111.13,305.39,1777.0,1773.0,347.0,1426.0,0.0,0.0,,outputs/ons-reserva-2021-2022-20260922/raw/ons-2022-06.csv,1ce4ed3b7d7514d1e8adf6e42ba2a1d5f203753fce6fae2f3d82de7da7e3b415,43772,43773
S,Sul,Fio dagua,JACUI,JIUHMC,MONTE CLARO,98,2022-06-25 20:00:00,149.78,111.07,302.98,1748.0,1757.0,346.0,1411.0,0.0,0.0,,outputs/ons-reserva-2021-2022-20260922/raw/ons-2022-06.csv,1ce4ed3b7d7514d1e8adf6e42ba2a1d5f203753fce6fae2f3d82de7da7e3b415,43773,43774
S,Sul,Fio dagua,JACUI,JIUHMC,MONTE CLARO,98,2022-06-25 21:00:00,149.78,111.04,302.98,1757.0,1757.0,346.0,1411.0,0.0,0.0,,outputs/ons-reserva-2021-2022-20260922/raw/ons-2022-06.csv,1ce4ed3b7d7514d1e8adf6e42ba2a1d5f203753fce6fae2f3d82de7da7e3b415,43774,43775
S,Sul,Fio dagua,JACUI,JIUHMC,MONTE CLARO,98,2022-06-25 22:00:00,149.78,110.96,302.98,1756.0,1756.0,345.0,1411.0,0.0,0.0,,outputs/ons-reserva-2021-2022-20260922/raw/ons-2022-06.csv,1ce4ed3b7d7514d1e8adf6e42ba2a1d5f203753fce6fae2f3d82de7da7e3b415,43775,43776
S,Sul,Fio dagua,JACUI,JIUHMC,MONTE CLARO,98,2022-06-25 23:00:00,149.78,110.88,302.98,1690.0,1690.0,348.0,1343.0,0.0,0.0,,outputs/ons-reserva-2021-2022-20260922/raw/ons-2022-06.csv,1ce4ed3b7d7514d1e8adf6e42ba2a1d5f203753fce6fae2f3d82de7da7e3b415,43776,43777
S,Sul,Fio dagua,JACUI,JIUHMC,MONTE CLARO,98,2022-06-25 23:59:00,149.78,110.78,302.98,1692.0,1692.0,349.0,1343.0,0.0,0.0,,outputs/ons-reserva-2021-2022-20260922/raw/ons-2022-06.csv,1ce4ed3b7d7514d1e8adf6e42ba2a1d5f203753fce6fae2f3d82de7da7e3b415,43777,43778
S,Sul,Fio dagua,JACUI,JIUHMC,MONTE CLARO,98,2022-06-26 01:00:00,149.74,110.72,298.17,1644.0,1661.0,349.0,1312.0,0.0,0.0,,outputs/ons-reserva-2021-2022-20260922/raw/ons-2022-06.csv,1ce4ed3b7d7514d1e8adf6e42ba2a1d5f203753fce6fae2f3d82de7da7e3b415,43778,43779
S,Sul,Fio dagua,JACUI,JIUHMC,MONTE CLARO,98,2022-06-26 02:00:00,149.72,110.71,295.77,1638.0,1646.0,349.0,1297.0,0.0,0.0,,outputs/ons-reserva-2021-2022-20260922/raw/ons-2022-06.csv,1ce4ed3b7d7514d1e8adf6e42ba2a1d5f203753fce6fae2f3d82de7da7e3b415,43779,43780
S,Sul,Fio dagua,JACUI,JIUHMC,MONTE CLARO,98,2022-06-26 03:00:00,149.69,110.65,292.17,1611.0,1623.0,349.0,1275.0,0.0,0.0,,outputs/ons-reserva-2021-2022-20260922/raw/ons-2022-06.csv,1ce4ed3b7d7514d1e8adf6e42ba2a1d5f203753fce6fae2f3d82de7da7e3b415,43780,43781
S,Sul,Fio dagua,JACUI,JIUHMC,MONTE CLARO,98,2022-06-26 04:00:00,149.65,110.58,287.38,1577.0,1594.0,349.0,1245.0,0.0,0.0,,outputs/ons-reserva-2021-2022-20260922/raw/ons-2022-06.csv,1ce4ed3b7d7514d1e8adf6e42ba2a1d5f203753fce6fae2f3d82de7da7e3b415,43781,43782
S,Sul,Fio dagua,JACUI,JIUHMC,MONTE CLARO,98,2022-06-26 05:00:00,149.6,110.55,281.4,1537.0,1558.0,349.0,1209.0,0.0,0.0,,outputs/ons-reserva-2021-2022-20260922/raw/ons-2022-06.csv,1ce4ed3b7d7514d1e8adf6e42ba2a1d5f203753fce6fae2f3d82de7da7e3b415,43782,43783
S,Sul,Fio dagua,JACUI,JIUHMC,MONTE CLARO,98,2022-06-26 06:00:00,149.56,110.49,276.63,1513.0,1530.0,349.0,1181.0,0.0,0.0,,outputs/ons-reserva-2021-2022-20260922/raw/ons-2022-06.csv,1ce4ed3b7d7514d1e8adf6e42ba2a1d5f203753fce6fae2f3d82de7da7e3b415,43783,43784
S,Sul,Fio dagua,JACUI,JIUHMC,MONTE CLARO,98,2022-06-26 07:00:00,149.53,110.44,273.06,1223.0,1235.0,348.0,887.0,0.0,0.0,,outputs/ons-reserva-2021-2022-20260922/raw/ons-2022-06.csv,1ce4ed3b7d7514d1e8adf6e42ba2a1d5f203753fce6fae2f3d82de7da7e3b415,43784,43785
S,Sul,Fio dagua,JACUI,JIUHMC,MONTE CLARO,98,2022-06-26 08:00:00,149.77,110.31,301.78,1504.0,1404.0,345.0,1059.0,0.0,0.0,,outputs/ons-reserva-2021-2022-20260922/raw/ons-2022-06.csv,1ce4ed3b7d7514d1e8adf6e42ba2a1d5f203753fce6fae2f3d82de7da7e3b415,43785,43786
S,Sul,Fio dagua,JACUI,JIUHMC,MONTE CLARO,98,2022-06-26 09:00:00,149.81,110.1,306.59,1451.0,1435.0,345.0,1089.0,0.0,0.0,,outputs/ons-reserva-2021-2022-20260922/raw/ons-2022-06.csv,1ce4ed3b7d7514d1e8adf6e42ba2a1d5f203753fce6fae2f3d82de7da7e3b415,43786,43787
S,Sul,Fio dagua,JACUI,JIUHMC,MONTE CLARO,98,2022-06-26 10:00:00,149.78,110.13,302.98,1400.0,1413.0,346.0,1066.0,0.0,0.0,,outputs/ons-reserva-2021-2022-20260922/raw/ons-2022-06.csv,1ce4ed3b7d7514d1e8adf6e42ba2a1d5f203753fce6fae2f3d82de7da7e3b415,43787,43788
S,Sul,Fio dagua,JACUI,JIUHMC,MONTE CLARO,98,2022-06-26 11:00:00,149.76,110.15,300.58,1390.0,1398.0,347.0,1051.0,0.0,0.0,,outputs/ons-reserva-2021-2022-20260922/raw/ons-2022-06.csv,1ce4ed3b7d7514d1e8adf6e42ba2a1d5f203753fce6fae2f3d82de7da7e3b415,43788,43789
S,Sul,Fio dagua,JACUI,JIUHMC,MONTE CLARO,98,2022-06-26 12:00:00,149.72,110.12,295.77,1352.0,1368.0,347.0,1021.0,0.0,0.0,,outputs/ons-reserva-2021-2022-20260922/raw/ons-2022-06.csv,1ce4ed3b7d7514d1e8adf6e42ba2a1d5f203753fce6fae2f3d82de7da7e3b415,43789,43790
S,Sul,Fio dagua,JACUI,JIUHMC,MONTE CLARO,98,2022-06-26 13:00:00,149.69,110.05,292.17,1333.0,1346.0,347.0,999.0,0.0,0.0,,outputs/ons-reserva-2021-2022-20260922/raw/ons-2022-06.csv,1ce4ed3b7d7514d1e8adf6e42ba2a1d5f203753fce6fae2f3d82de7da7e3b415,43790,43791
S,Sul,Fio dagua,JACUI,JIUHMC,MONTE CLARO,98,2022-06-26 14:00:00,149.66,110.04,288.58,1312.0,1324.0,347.0,977.0,0.0,0.0,,outputs/ons-reserva-2021-2022-20260922/raw/ons-2022-06.csv,1ce4ed3b7d7514d1e8adf6e42ba2a1d5f203753fce6fae2f3d82de7da7e3b415,43791,43792
S,Sul,Fio dagua,JACUI,JIUHMC,MONTE CLARO,98,2022-06-26 15:00:00,149.63,109.95,284.99,1290.0,1302.0,346.0,956.0,0.0,0.0,,outputs/ons-reserva-2021-2022-20260922/raw/ons-2022-06.csv,1ce4ed3b7d7514d1e8adf6e42ba2a1d5f203753fce6fae2f3d82de7da7e3b415,43792,43793
S,Sul,Fio dagua,JACUI,JIUHMC,MONTE CLARO,98,2022-06-26 16:00:00,149.74,109.91,298.17,1238.0,1192.0,345.0,847.0,0.0,0.0,,outputs/ons-reserva-2021-2022-20260922/raw/ons-2022-06.csv,1ce4ed3b7d7514d1e8adf6e42ba2a1d5f203753fce6fae2f3d82de7da7e3b415,43793,43794
S,Sul,Fio dagua,JACUI,JIUHMC,MONTE CLARO,98,2022-06-26 17:00:00,149.84,109.72,310.21,1235.0,1194.0,343.0,851.0,0.0,0.0,,outputs/ons-reserva-2021-2022-20260922/raw/ons-2022-06.csv,1ce4ed3b7d7514d1e8adf6e42ba2a1d5f203753fce6fae2f3d82de7da7e3b415,43794,43795
S,Sul,Fio dagua,JACUI,JIUHMC,MONTE CLARO,98,2022-06-26 18:00:00,149.84,109.67,310.21,1199.0,1199.0,348.0,851.0,0.0,0.0,,outputs/ons-reserva-2021-2022-20260922/raw/ons-2022-06.csv,1ce4ed3b7d7514d1e8adf6e42ba2a1d5f203753fce6fae2f3d82de7da7e3b415,43795,43796
S,Sul,Fio dagua,JACUI,JIUHMC,MONTE CLARO,98,2022-06-26 19:00:00,149.82,109.67,307.8,1176.0,1185.0,349.0,836.0,0.0,0.0,,outputs/ons-reserva-2021-2022-20260922/raw/ons-2022-06.csv,1ce4ed3b7d7514d1e8adf6e42ba2a1d5f203753fce6fae2f3d82de7da7e3b415,43796,43797
S,Sul,Fio dagua,JACUI,JIUHMC,MONTE CLARO,98,2022-06-26 20:00:00,149.78,109.66,302.98,1138.0,1155.0,349.0,806.0,0.0,0.0,,outputs/ons-reserva-2021-2022-20260922/raw/ons-2022-06.csv,1ce4ed3b7d7514d1e8adf6e42ba2a1d5f203753fce6fae2f3d82de7da7e3b415,43797,43798
S,Sul,Fio dagua,JACUI,JIUHMC,MONTE CLARO,98,2022-06-26 21:00:00,149.75,109.61,299.38,1123.0,1136.0,352.0,784.0,0.0,0.0,,outputs/ons-reserva-2021-2022-20260922/raw/ons-2022-06.csv,1ce4ed3b7d7514d1e8adf6e42ba2a1d5f203753fce6fae2f3d82de7da7e3b415,43798,43799
S,Sul,Fio dagua,JACUI,JIUHMC,MONTE CLARO,98,2022-06-26 22:00:00,149.74,109.61,298.17,1126.0,1130.0,354.0,776.0,0.0,0.0,,outputs/ons-reserva-2021-2022-20260922/raw/ons-2022-06.csv,1ce4ed3b7d7514d1e8adf6e42ba2a1d5f203753fce6fae2f3d82de7da7e3b415,43799,43800
S,Sul,Fio dagua,JACUI,JIUHMC,MONTE CLARO,98,2022-06-26 23:00:00,149.72,109.55,295.77,1107.0,1115.0,354.0,761.0,0.0,0.0,,outputs/ons-reserva-2021-2022-20260922/raw/ons-2022-06.csv,1ce4ed3b7d7514d1e8adf6e42ba2a1d5f203753fce6fae2f3d82de7da7e3b415,43800,43801
S,Sul,Fio dagua,JACUI,JIUHMC,MONTE CLARO,98,2022-06-26 23:59:00,149.7,109.52,293.37,1092.0,1101.0,354.0,747.0,0.0,0.0,,outputs/ons-reserva-2021-2022-20260922/raw/ons-2022-06.csv,1ce4ed3b7d7514d1e8adf6e42ba2a1d5f203753fce6fae2f3d82de7da7e3b415,43801,43802
S,Sul,Fio dagua,JACUI,JIUHMC,MONTE CLARO,98,2022-06-27 01:00:00,149.68,109.45,290.98,1077.0,1086.0,353.0,732.0,0.0,0.0,,outputs/ons-reserva-2021-2022-20260922/raw/ons-2022-06.csv,1ce4ed3b7d7514d1e8adf6e42ba2a1d5f203753fce6fae2f3d82de7da7e3b415,43802,43803
S,Sul,Fio dagua,JACUI,JIUHMC,MONTE CLARO,98,2022-06-27 02:00:00,149.66,109.45,288.58,1063.0,1072.0,354.0,718.0,0.0,0.0,,outputs/ons-reserva-2021-2022-20260922/raw/ons-2022-06.csv,1ce4ed3b7d7514d1e8adf6e42ba2a1d5f203753fce6fae2f3d82de7da7e3b415,43803,43804
S,Sul,Fio dagua,JACUI,JIUHMC,MONTE CLARO,98,2022-06-27 03:00:00,149.63,109.39,284.99,1038.0,1050.0,353.0,697.0,0.0,0.0,,outputs/ons-reserva-2021-2022-20260922/raw/ons-2022-06.csv,1ce4ed3b7d7514d1e8adf6e42ba2a1d5f203753fce6fae2f3d82de7da7e3b415,43804,43805
S,Sul,Fio dagua,JACUI,JIUHMC,MONTE CLARO,98,2022-06-27 04:00:00,149.62,109.34,283.79,1038.0,1043.0,353.0,690.0,0.0,0.0,,outputs/ons-reserva-2021-2022-20260922/raw/ons-2022-06.csv,1ce4ed3b7d7514d1e8adf6e42ba2a1d5f203753fce6fae2f3d82de7da7e3b415,43805,43806
S,Sul,Fio dagua,JACUI,JIUHMC,MONTE CLARO,98,2022-06-27 05:00:00,149.59,109.3,280.21,1009.0,1022.0,353.0,669.0,0.0,0.0,,outputs/ons-reserva-2021-2022-20260922/raw/ons-2022-06.csv,1ce4ed3b7d7514d1e8adf6e42ba2a1d5f203753fce6fae2f3d82de7da7e3b415,43806,43807
S,Sul,Fio dagua,JACUI,JIUHMC,MONTE CLARO,98,2022-06-27 06:00:00,149.57,109.26,277.82,999.0,1008.0,353.0,655.0,0.0,0.0,,outputs/ons-reserva-2021-2022-20260922/raw/ons-2022-06.csv,1ce4ed3b7d7514d1e8adf6e42ba2a1d5f203753fce6fae2f3d82de7da7e3b415,43807,43808
S,Sul,Fio dagua,JACUI,JIUHMC,MONTE CLARO,98,2022-06-27 07:00:00,149.55,109.24,275.44,986.0,994.0,353.0,641.0,0.0,0.0,,outputs/ons-reserva-2021-2022-20260922/raw/ons-2022-06.csv,1ce4ed3b7d7514d1e8adf6e42ba2a1d5f203753fce6fae2f3d82de7da7e3b415,43808,43809
S,Sul,Fio dagua,JACUI,JIUHMC,MONTE CLARO,98,2022-06-27 08:00:00,149.53,109.23,273.06,972.0,981.0,353.0,628.0,0.0,0.0,,outputs/ons-reserva-2021-2022-20260922/raw/ons-2022-06.csv,1ce4ed3b7d7514d1e8adf6e42ba2a1d5f203753fce6fae2f3d82de7da7e3b415,43809,43810
S,Sul,Fio dagua,JACUI,JIUHMC,MONTE CLARO,98,2022-06-27 09:00:00,149.51,109.2,270.67,959.0,967.0,353.0,614.0,0.0,0.0,,outputs/ons-reserva-2021-2022-20260922/raw/ons-2022-06.csv,1ce4ed3b7d7514d1e8adf6e42ba2a1d5f203753fce6fae2f3d82de7da7e3b415,43810,43811
S,Sul,Fio dagua,JACUI,JIUHMC,MONTE CLARO,98,2022-06-27 10:00:00,149.5,109.15,269.49,956.0,960.0,352.0,608.0,0.0,0.0,,outputs/ons-reserva-2021-2022-20260922/raw/ons-2022-06.csv,1ce4ed3b7d7514d1e8adf6e42ba2a1d5f203753fce6fae2f3d82de7da7e3b415,43811,43812
S,Sul,Fio dagua,JACUI,JIUHMC,MONTE CLARO,98,2022-06-27 11:00:00,149.48,109.12,267.11,939.0,947.0,352.0,595.0,0.0,0.0,,outputs/ons-reserva-2021-2022-20260922/raw/ons-2022-06.csv,1ce4ed3b7d7514d1e8adf6e42ba2a1d5f203753fce6fae2f3d82de7da7e3b415,43812,43813
S,Sul,Fio dagua,JACUI,JIUHMC,MONTE CLARO,98,2022-06-27 12:00:00,149.46,109.12,264.73,926.0,934.0,352.0,582.0,0.0,0.0,,outputs/ons-reserva-2021-2022-20260922/raw/ons-2022-06.csv,1ce4ed3b7d7514d1e8adf6e42ba2a1d5f203753fce6fae2f3d82de7da7e3b415,43813,43814
S,Sul,Fio dagua,JACUI,JIUHMC,MONTE CLARO,98,2022-06-27 13:00:00,149.44,109.06,262.36,913.0,921.0,352.0,569.0,0.0,0.0,,outputs/ons-reserva-2021-2022-20260922/raw/ons-2022-06.csv,1ce4ed3b7d7514d1e8adf6e42ba2a1d5f203753fce6fae2f3d82de7da7e3b415,43814,43815
S,Sul,Fio dagua,JACUI,JIUHMC,MONTE CLARO,98,2022-06-27 14:00:00,149.43,109.05,261.18,910.0,915.0,352.0,562.0,0.0,0.0,,outputs/ons-reserva-2021-2022-20260922/raw/ons-2022-06.csv,1ce4ed3b7d7514d1e8adf6e42ba2a1d5f203753fce6fae2f3d82de7da7e3b415,43815,43816
S,Sul,Fio dagua,JACUI,JIUHMC,MONTE CLARO,98,2022-06-27 15:00:00,149.4,109.03,257.62,883.0,896.0,352.0,543.0,0.0,0.0,,outputs/ons-reserva-2021-2022-20260922/raw/ons-2022-06.csv,1ce4ed3b7d7514d1e8adf6e42ba2a1d5f203753fce6fae2f3d82de7da7e3b415,43816,43817
S,Sul,Fio dagua,JACUI,JIUHMC,MONTE CLARO,98,2022-06-27 16:00:00,149.4,108.97,257.62,895.0,895.0,352.0,543.0,0.0,0.0,,outputs/ons-reserva-2021-2022-20260922/raw/ons-2022-06.csv,1ce4ed3b7d7514d1e8adf6e42ba2a1d5f203753fce6fae2f3d82de7da7e3b415,43817,43818
S,Sul,Fio dagua,JACUI,JIUHMC,MONTE CLARO,98,2022-06-27 17:00:00,149.38,108.99,255.26,875.0,883.0,352.0,531.0,0.0,0.0,,outputs/ons-reserva-2021-2022-20260922/raw/ons-2022-06.csv,1ce4ed3b7d7514d1e8adf6e42ba2a1d5f203753fce6fae2f3d82de7da7e3b415,43818,43819
S,Sul,Fio dagua,JACUI,JIUHMC,MONTE CLARO,98,2022-06-27 18:00:00,149.36,108.91,252.9,862.0,870.0,352.0,519.0,0.0,0.0,,outputs/ons-reserva-2021-2022-20260922/raw/ons-2022-06.csv,1ce4ed3b7d7514d1e8adf6e42ba2a1d5f203753fce6fae2f3d82de7da7e3b415,43819,43820
S,Sul,Fio dagua,JACUI,JIUHMC,MONTE CLARO,98,2022-06-27 19:00:00,149.35,108.85,251.72,859.0,864.0,351.0,513.0,0.0,0.0,,outputs/ons-reserva-2021-2022-20260922/raw/ons-2022-06.csv,1ce4ed3b7d7514d1e8adf6e42ba2a1d5f203753fce6fae2f3d82de7da7e3b415,43820,43821
S,Sul,Fio dagua,JACUI,JIUHMC,MONTE CLARO,98,2022-06-27 20:00:00,149.33,108.88,249.36,844.0,852.0,352.0,500.0,0.0,0.0,,outputs/ons-reserva-2021-2022-20260922/raw/ons-2022-06.csv,1ce4ed3b7d7514d1e8adf6e42ba2a1d5f203753fce6fae2f3d82de7da7e3b415,43821,43822
S,Sul,Fio dagua,JACUI,JIUHMC,MONTE CLARO,98,2022-06-27 21:00:00,149.31,108.82,247.0,831.0,840.0,351.0,488.0,0.0,0.0,,outputs/ons-reserva-2021-2022-20260922/raw/ons-2022-06.csv,1ce4ed3b7d7514d1e8adf6e42ba2a1d5f203753fce6fae2f3d82de7da7e3b415,43822,43823
S,Sul,Fio dagua,JACUI,JIUHMC,MONTE CLARO,98,2022-06-27 22:00:00,149.3,108.79,245.82,829.0,834.0,351.0,482.0,0.0,0.0,,outputs/ons-reserva-2021-2022-20260922/raw/ons-2022-06.csv,1ce4ed3b7d7514d1e8adf6e42ba2a1d5f203753fce6fae2f3d82de7da7e3b415,43823,43824
S,Sul,Fio dagua,JACUI,JIUHMC,MONTE CLARO,98,2022-06-27 23:00:00,149.29,108.77,244.65,823.0,828.0,351.0,477.0,0.0,0.0,,outputs/ons-reserva-2021-2022-20260922/raw/ons-2022-06.csv,1ce4ed3b7d7514d1e8adf6e42ba2a1d5f203753fce6fae2f3d82de7da7e3b415,43824,43825
S,Sul,Fio dagua,JACUI,JIUHMC,MONTE CLARO,98,2022-06-27 23:59:00,149.27,108.73,242.3,807.0,816.0,351.0,465.0,0.0,0.0,,outputs/ons-reserva-2021-2022-20260922/raw/ons-2022-06.csv,1ce4ed3b7d7514d1e8adf6e42ba2a1d5f203753fce6fae2f3d82de7da7e3b415,43825,43826
S,Sul,Fio dagua,JACUI,JIUHMC,MONTE CLARO,98,2022-06-28 01:00:00,149.26,108.72,241.12,806.0,810.0,351.0,459.0,0.0,0.0,,outputs/ons-reserva-2021-2022-20260922/raw/ons-2022-06.csv,1ce4ed3b7d7514d1e8adf6e42ba2a1d5f203753fce6fae2f3d82de7da7e3b415,43826,43827
S,Sul,Fio dagua,JACUI,JIUHMC,MONTE CLARO,98,2022-06-28 02:00:00,149.24,108.71,238.78,790.0,798.0,351.0,448.0,0.0,0.0,,outputs/ons-reserva-2021-2022-20260922/raw/ons-2022-06.csv,1ce4ed3b7d7514d1e8adf6e42ba2a1d5f203753fce6fae2f3d82de7da7e3b415,43827,43828
S,Sul,Fio dagua,JACUI,JIUHMC,MONTE CLARO,98,2022-06-28 03:00:00,149.23,108.67,237.6,788.0,792.0,351.0,442.0,0.0,0.0,,outputs/ons-reserva-2021-2022-20260922/raw/ons-2022-06.csv,1ce4ed3b7d7514d1e8adf6e42ba2a1d5f203753fce6fae2f3d82de7da7e3b415,43828,43829
S,Sul,Fio dagua,JACUI,JIUHMC,MONTE CLARO,98,2022-06-28 04:00:00,149.21,108.65,235.26,773.0,781.0,351.0,431.0,0.0,0.0,,outputs/ons-reserva-2021-2022-20260922/raw/ons-2022-06.csv,1ce4ed3b7d7514d1e8adf6e42ba2a1d5f203753fce6fae2f3d82de7da7e3b415,43829,43830
S,Sul,Fio dagua,JACUI,JIUHMC,MONTE CLARO,98,2022-06-28 05:00:00,149.2,108.61,234.09,771.0,775.0,350.0,425.0,0.0,0.0,,outputs/ons-reserva-2021-2022-20260922/raw/ons-2022-06.csv,1ce4ed3b7d7514d1e8adf6e42ba2a1d5f203753fce6fae2f3d82de7da7e3b415,43830,43831
S,Sul,Fio dagua,JACUI,JIUHMC,MONTE CLARO,98,2022-06-28 06:00:00,149.18,108.52,231.75,755.0,764.0,350.0,414.0,0.0,0.0,,outputs/ons-reserva-2021-2022-20260922/raw/ons-2022-06.csv,1ce4ed3b7d7514d1e8adf6e42ba2a1d5f203753fce6fae2f3d82de7da7e3b415,43831,43832
S,Sul,Fio dagua,JACUI,JIUHMC,MONTE CLARO,98,2022-06-28 07:00:00,149.17,108.6,230.58,755.0,759.0,351.0,408.0,0.0,0.0,,outputs/ons-reserva-2021-2022-20260922/raw/ons-2022-06.csv,1ce4ed3b7d7514d1e8adf6e42ba2a1d5f203753fce6fae2f3d82de7da7e3b415,43832,43833
S,Sul,Fio dagua,JACUI,JIUHMC,MONTE CLARO,98,2022-06-28 08:00:00,149.16,108.54,229.42,749.0,753.0,350.0,403.0,0.0,0.0,,outputs/ons-reserva-2021-2022-20260922/raw/ons-2022-06.csv,1ce4ed3b7d7514d1e8adf6e42ba2a1d5f203753fce6fae2f3d82de7da7e3b415,43833,43834
S,Sul,Fio dagua,JACUI,JIUHMC,MONTE CLARO,98,2022-06-28 09:00:00,149.15,108.56,228.25,744.0,748.0,350.0,397.0,0.0,0.0,,outputs/ons-reserva-2021-2022-20260922/raw/ons-2022-06.csv,1ce4ed3b7d7514d1e8adf6e42ba2a1d5f203753fce6fae2f3d82de7da7e3b415,43834,43835
S,Sul,Fio dagua,JACUI,JIUHMC,MONTE CLARO,98,2022-06-28 10:00:00,149.14,108.49,227.08,738.0,742.0,350.0,392.0,0.0,0.0,,outputs/ons-reserva-2021-2022-20260922/raw/ons-2022-06.csv,1ce4ed3b7d7514d1e8adf6e42ba2a1d5f203753fce6fae2f3d82de7da7e3b415,43835,43836
S,Sul,Fio dagua,JACUI,JIUHMC,MONTE CLARO,98,2022-06-28 11:00:00,149.12,108.47,224.75,723.0,731.0,350.0,381.0,0.0,0.0,,outputs/ons-reserva-2021-2022-20260922/raw/ons-2022-06.csv,1ce4ed3b7d7514d1e8adf6e42ba2a1d5f203753fce6fae2f3d82de7da7e3b415,43836,43837
S,Sul,Fio dagua,JACUI,JIUHMC,MONTE CLARO,98,2022-06-28 12:00:00,149.11,108.47,223.59,722.0,726.0,350.0,376.0,0.0,0.0,,outputs/ons-reserva-2021-2022-20260922/raw/ons-2022-06.csv,1ce4ed3b7d7514d1e8adf6e42ba2a1d5f203753fce6fae2f3d82de7da7e3b415,43837,43838
S,Sul,Fio dagua,JACUI,JIUHMC,MONTE CLARO,98,2022-06-28 13:00:00,149.09,108.41,221.27,707.0,715.0,349.0,366.0,0.0,0.0,,outputs/ons-reserva-2021-2022-20260922/raw/ons-2022-06.csv,1ce4ed3b7d7514d1e8adf6e42ba2a1d5f203753fce6fae2f3d82de7da7e3b415,43838,43839
S,Sul,Fio dagua,JACUI,JIUHMC,MONTE CLARO,98,2022-06-28 14:00:00,149.08,108.43,220.1,706.0,710.0,350.0,360.0,0.0,0.0,,outputs/ons-reserva-2021-2022-20260922/raw/ons-2022-06.csv,1ce4ed3b7d7514d1e8adf6e42ba2a1d5f203753fce6fae2f3d82de7da7e3b415,43839,43840
S,Sul,Fio dagua,JACUI,JIUHMC,MONTE CLARO,98,2022-06-28 15:00:00,149.07,108.41,218.94,701.0,705.0,350.0,355.0,0.0,0.0,,outputs/ons-reserva-2021-2022-20260922/raw/ons-2022-06.csv,1ce4ed3b7d7514d1e8adf6e42ba2a1d5f203753fce6fae2f3d82de7da7e3b415,43840,43841
S,Sul,Fio dagua,JACUI,JIUHMC,MONTE CLARO,98,2022-06-28 16:00:00,149.06,108.37,217.78,695.0,700.0,349.0,350.0,0.0,0.0,,outputs/ons-reserva-2021-2022-20260922/raw/ons-2022-06.csv,1ce4ed3b7d7514d1e8adf6e42ba2a1d5f203753fce6fae2f3d82de7da7e3b415,43841,43842
S,Sul,Fio dagua,JACUI,JIUHMC,MONTE CLARO,98,2022-06-28 17:00:00,149.05,108.37,216.62,690.0,695.0,350.0,345.0,0.0,0.0,,outputs/ons-reserva-2021-2022-20260922/raw/ons-2022-06.csv,1ce4ed3b7d7514d1e8adf6e42ba2a1d5f203753fce6fae2f3d82de7da7e3b415,43842,43843
S,Sul,Fio dagua,JACUI,JIUHMC,MONTE CLARO,98,2022-06-28 18:00:00,149.04,108.34,215.47,685.0,689.0,349.0,340.0,0.0,0.0,,outputs/ons-reserva-2021-2022-20260922/raw/ons-2022-06.csv,1ce4ed3b7d7514d1e8adf6e42ba2a1d5f203753fce6fae2f3d82de7da7e3b415,43843,43844
S,Sul,Fio dagua,JACUI,JIUHMC,MONTE CLARO,98,2022-06-28 19:00:00,149.02,108.33,213.15,671.0,679.0,349.0,330.0,0.0,0.0,,outputs/ons-reserva-2021-2022-20260922/raw/ons-2022-06.csv,1ce4ed3b7d7514d1e8adf6e42ba2a1d5f203753fce6fae2f3d82de7da7e3b415,43844,43845
S,Sul,Fio dagua,JACUI,JIUHMC,MONTE CLARO,98,2022-06-28 20:00:00,149.01,108.31,212.0,670.0,674.0,349.0,325.0,0.0,0.0,,outputs/ons-reserva-2021-2022-20260922/raw/ons-2022-06.csv,1ce4ed3b7d7514d1e8adf6e42ba2a1d5f203753fce6fae2f3d82de7da7e3b415,43845,43846
S,Sul,Fio dagua,JACUI,JIUHMC,MONTE CLARO,98,2022-06-28 21:00:00,149.01,108.28,212.0,674.0,674.0,349.0,325.0,0.0,0.0,,outputs/ons-reserva-2021-2022-20260922/raw/ons-2022-06.csv,1ce4ed3b7d7514d1e8adf6e42ba2a1d5f203753fce6fae2f3d82de7da7e3b415,43846,43847
S,Sul,Fio dagua,JACUI,JIUHMC,MONTE CLARO,98,2022-06-28 22:00:00,149.0,108.27,210.84,665.0,669.0,349.0,320.0,0.0,0.0,,outputs/ons-reserva-2021-2022-20260922/raw/ons-2022-06.csv,1ce4ed3b7d7514d1e8adf6e42ba2a1d5f203753fce6fae2f3d82de7da7e3b415,43847,43848
S,Sul,Fio dagua,JACUI,JIUHMC,MONTE CLARO,98,2022-06-28 23:00:00,148.99,108.26,209.69,660.0,664.0,349.0,315.0,0.0,0.0,,outputs/ons-reserva-2021-2022-20260922/raw/ons-2022-06.csv,1ce4ed3b7d7514d1e8adf6e42ba2a1d5f203753fce6fae2f3d82de7da7e3b415,43848,43849
S,Sul,Fio dagua,JACUI,JIUHMC,MONTE CLARO,98,2022-06-28 23:59:00,148.98,108.24,208.53,655.0,659.0,349.0,310.0,0.0,0.0,,outputs/ons-reserva-2021-2022-20260922/raw/ons-2022-06.csv,1ce4ed3b7d7514d1e8adf6e42ba2a1d5f203753fce6fae2f3d82de7da7e3b415,43849,43850
S,Sul,Fio dagua,JACUI,JIUHMC,MONTE CLARO,98,2022-06-29 01:00:00,148.97,108.25,207.38,651.0,655.0,349.0,306.0,0.0,0.0,,outputs/ons-reserva-2021-2022-20260922/raw/ons-2022-06.csv,1ce4ed3b7d7514d1e8adf6e42ba2a1d5f203753fce6fae2f3d82de7da7e3b415,43850,43851
S,Sul,Fio dagua,JACUI,JIUHMC,MONTE CLARO,98,2022-06-29 02:00:00,148.97,108.05,207.38,653.0,653.0,348.0,306.0,0.0,0.0,,outputs/ons-reserva-2021-2022-20260922/raw/ons-2022-06.csv,1ce4ed3b7d7514d1e8adf6e42ba2a1d5f203753fce6fae2f3d82de7da7e3b415,43851,43852
S,Sul,Fio dagua,JACUI,JIUHMC,MONTE CLARO,98,2022-06-29 03:00:00,148.96,108.18,206.23,645.0,650.0,349.0,301.0,0.0,0.0,,outputs/ons-reserva-2021-2022-20260922/raw/ons-2022-06.csv,1ce4ed3b7d7514d1e8adf6e42ba2a1d5f203753fce6fae2f3d82de7da7e3b415,43852,43853
S,Sul,Fio dagua,JACUI,JIUHMC,MONTE CLARO,98,2022-06-29 04:00:00,148.96,108.18,206.23,650.0,650.0,349.0,301.0,0.0,0.0,,outputs/ons-reserva-2021-2022-20260922/raw/ons-2022-06.csv,1ce4ed3b7d7514d1e8adf6e42ba2a1d5f203753fce6fae2f3d82de7da7e3b415,43853,43854
S,Sul,Fio dagua,JACUI,JIUHMC,MONTE CLARO,98,2022-06-29 05:00:00,148.96,108.18,206.23,650.0,650.0,349.0,301.0,0.0,0.0,,outputs/ons-reserva-2021-2022-20260922/raw/ons-2022-06.csv,1ce4ed3b7d7514d1e8adf6e42ba2a1d5f203753fce6fae2f3d82de7da7e3b415,43854,43855
S,Sul,Fio dagua,JACUI,JIUHMC,MONTE CLARO,98,2022-06-29 06:00:00,148.97,108.18,207.38,658.0,654.0,349.0,306.0,0.0,0.0,,outputs/ons-reserva-2021-2022-20260922/raw/ons-2022-06.csv,1ce4ed3b7d7514d1e8adf6e42ba2a1d5f203753fce6fae2f3d82de7da7e3b415,43855,43856
S,Sul,Fio dagua,JACUI,JIUHMC,MONTE CLARO,98,2022-06-29 07:00:00,148.97,108.2,207.38,654.0,654.0,349.0,306.0,0.0,0.0,,outputs/ons-reserva-2021-2022-20260922/raw/ons-2022-06.csv,1ce4ed3b7d7514d1e8adf6e42ba2a1d5f203753fce6fae2f3d82de7da7e3b415,43856,43857
S,Sul,Fio dagua,JACUI,JIUHMC,MONTE CLARO,98,2022-06-29 08:00:00,148.95,108.22,205.08,637.0,645.0,349.0,296.0,0.0,0.0,,outputs/ons-reserva-2021-2022-20260922/raw/ons-2022-06.csv,1ce4ed3b7d7514d1e8adf6e42ba2a1d5f203753fce6fae2f3d82de7da7e3b415,43857,43858
S,Sul,Fio dagua,JACUI,JIUHMC,MONTE CLARO,98,2022-06-29 09:00:00,148.94,108.2,203.93,636.0,640.0,349.0,291.0,0.0,0.0,,outputs/ons-reserva-2021-2022-20260922/raw/ons-2022-06.csv,1ce4ed3b7d7514d1e8adf6e42ba2a1d5f203753fce6fae2f3d82de7da7e3b415,43858,43859
S,Sul,Fio dagua,JACUI,JIUHMC,MONTE CLARO,98,2022-06-29 10:00:00,148.94,108.2,203.93,640.0,640.0,349.0,291.0,0.0,0.0,,outputs/ons-reserva-2021-2022-20260922/raw/ons-2022-06.csv,1ce4ed3b7d7514d1e8adf6e42ba2a1d5f203753fce6fae2f3d82de7da7e3b415,43859,43860
S,Sul,Fio dagua,JACUI,JIUHMC,MONTE CLARO,98,2022-06-29 11:00:00,148.94,108.2,203.93,640.0,640.0,349.0,291.0,0.0,0.0,,outputs/ons-reserva-2021-2022-20260922/raw/ons-2022-06.csv,1ce4ed3b7d7514d1e8adf6e42ba2a1d5f203753fce6fae2f3d82de7da7e3b415,43860,43861
S,Sul,Fio dagua,JACUI,JIUHMC,MONTE CLARO,98,2022-06-29 12:00:00,148.94,108.2,203.93,640.0,640.0,349.0,291.0,0.0,0.0,,outputs/ons-reserva-2021-2022-20260922/raw/ons-2022-06.csv,1ce4ed3b7d7514d1e8adf6e42ba2a1d5f203753fce6fae2f3d82de7da7e3b415,43861,43862
S,Sul,Fio dagua,JACUI,JIUHMC,MONTE CLARO,98,2022-06-29 13:00:00,148.94,108.2,203.93,640.0,640.0,349.0,291.0,0.0,0.0,,outputs/ons-reserva-2021-2022-20260922/raw/ons-2022-06.csv,1ce4ed3b7d7514d1e8adf6e42ba2a1d5f203753fce6fae2f3d82de7da7e3b415,43862,43863
S,Sul,Fio dagua,JACUI,JIUHMC,MONTE CLARO,98,2022-06-29 14:00:00,148.93,108.2,202.78,632.0,636.0,349.0,287.0,0.0,0.0,,outputs/ons-reserva-2021-2022-20260922/raw/ons-2022-06.csv,1ce4ed3b7d7514d1e8adf6e42ba2a1d5f203753fce6fae2f3d82de7da7e3b415,43863,43864
S,Sul,Fio dagua,JACUI,JIUHMC,MONTE CLARO,98,2022-06-29 15:00:00,148.93,108.15,202.78,635.0,635.0,349.0,287.0,0.0,0.0,,outputs/ons-reserva-2021-2022-20260922/raw/ons-2022-06.csv,1ce4ed3b7d7514d1e8adf6e42ba2a1d5f203753fce6fae2f3d82de7da7e3b415,43864,43865
S,Sul,Fio dagua,JACUI,JIUHMC,MONTE CLARO,98,2022-06-29 16:00:00,148.93,108.14,202.78,635.0,635.0,349.0,287.0,0.0,0.0,,outputs/ons-reserva-2021-2022-20260922/raw/ons-2022-06.csv,1ce4ed3b7d7514d1e8adf6e42ba2a1d5f203753fce6fae2f3d82de7da7e3b415,43865,43866
S,Sul,Fio dagua,JACUI,JIUHMC,MONTE CLARO,98,2022-06-29 17:00:00,148.92,108.17,201.63,627.0,631.0,349.0,282.0,0.0,0.0,,outputs/ons-reserva-2021-2022-20260922/raw/ons-2022-06.csv,1ce4ed3b7d7514d1e8adf6e42ba2a1d5f203753fce6fae2f3d82de7da7e3b415,43866,43867
S,Sul,Fio dagua,JACUI,JIUHMC,MONTE CLARO,98,2022-06-29 18:00:00,148.92,108.18,201.63,631.0,631.0,349.0,282.0,0.0,0.0,,outputs/ons-reserva-2021-2022-20260922/raw/ons-2022-06.csv,1ce4ed3b7d7514d1e8adf6e42ba2a1d5f203753fce6fae2f3d82de7da7e3b415,43867,43868
S,Sul,Fio dagua,JACUI,JIUHMC,MONTE CLARO,98,2022-06-29 19:00:00,148.91,108.12,200.48,622.0,626.0,349.0,277.0,0.0,0.0,,outputs/ons-reserva-2021-2022-20260922/raw/ons-2022-06.csv,1ce4ed3b7d7514d1e8adf6e42ba2a1d5f203753fce6fae2f3d82de7da7e3b415,43868,43869
S,Sul,Fio dagua,JACUI,JIUHMC,MONTE CLARO,98,2022-06-29 20:00:00,148.91,108.09,200.48,626.0,626.0,348.0,277.0,0.0,0.0,,outputs/ons-reserva-2021-2022-20260922/raw/ons-2022-06.csv,1ce4ed3b7d7514d1e8adf6e42ba2a1d5f203753fce6fae2f3d82de7da7e3b415,43869,43870
S,Sul,Fio dagua,JACUI,JIUHMC,MONTE CLARO,98,2022-06-29 21:00:00,148.9,108.12,199.34,617.0,622.0,349.0,273.0,0.0,0.0,,outputs/ons-reserva-2021-2022-20260922/raw/ons-2022-06.csv,1ce4ed3b7d7514d1e8adf6e42ba2a1d5f203753fce6fae2f3d82de7da7e3b415,43870,43871
S,Sul,Fio dagua,JACUI,JIUHMC,MONTE CLARO,98,2022-06-29 22:00:00,148.9,108.1,199.34,621.0,621.0,349.0,273.0,0.0,0.0,,outputs/ons-reserva-2021-2022-20260922/raw/ons-2022-06.csv,1ce4ed3b7d7514d1e8adf6e42ba2a1d5f203753fce6fae2f3d82de7da7e3b415,43871,43872
S,Sul,Fio dagua,JACUI,JIUHMC,MONTE CLARO,98,2022-06-29 23:00:00,148.89,108.1,198.19,613.0,617.0,349.0,268.0,0.0,0.0,,outputs/ons-reserva-2021-2022-20260922/raw/ons-2022-06.csv,1ce4ed3b7d7514d1e8adf6e42ba2a1d5f203753fce6fae2f3d82de7da7e3b415,43872,43873
S,Sul,Fio dagua,JACUI,JIUHMC,MONTE CLARO,98,2022-06-29 23:59:00,148.88,108.08,197.04,608.0,612.0,349.0,264.0,0.0,0.0,,outputs/ons-reserva-2021-2022-20260922/raw/ons-2022-06.csv,1ce4ed3b7d7514d1e8adf6e42ba2a1d5f203753fce6fae2f3d82de7da7e3b415,43873,43874
S,Sul,Fio dagua,JACUI,JIUHMC,MONTE CLARO,98,2022-06-30 01:00:00,148.8,108.09,187.91,545.0,578.0,349.0,229.0,0.0,0.0,,outputs/ons-reserva-2021-2022-20260922/raw/ons-2022-06.csv,1ce4ed3b7d7514d1e8adf6e42ba2a1d5f203753fce6fae2f3d82de7da7e3b415,43874,43875
S,Sul,Fio dagua,JACUI,JIUHMC,MONTE CLARO,98,2022-06-30 02:00:00,148.88,108.08,197.04,646.0,612.0,349.0,264.0,0.0,0.0,,outputs/ons-reserva-2021-2022-20260922/raw/ons-2022-06.csv,1ce4ed3b7d7514d1e8adf6e42ba2a1d5f203753fce6fae2f3d82de7da7e3b415,43875,43876
S,Sul,Fio dagua,JACUI,JIUHMC,MONTE CLARO,98,2022-06-30 03:00:00,148.87,108.06,195.9,604.0,608.0,348.0,259.0,0.0,0.0,,outputs/ons-reserva-2021-2022-20260922/raw/ons-2022-06.csv,1ce4ed3b7d7514d1e8adf6e42ba2a1d5f203753fce6fae2f3d82de7da7e3b415,43876,43877
S,Sul,Fio dagua,JACUI,JIUHMC,MONTE CLARO,98,2022-06-30 04:00:00,148.87,108.04,195.9,608.0,608.0,348.0,259.0,0.0,0.0,,outputs/ons-reserva-2021-2022-20260922/raw/ons-2022-06.csv,1ce4ed3b7d7514d1e8adf6e42ba2a1d5f203753fce6fae2f3d82de7da7e3b415,43877,43878
S,Sul,Fio dagua,JACUI,JIUHMC,MONTE CLARO,98,2022-06-30 05:00:00,148.87,108.04,195.9,608.0,608.0,348.0,259.0,0.0,0.0,,outputs/ons-reserva-2021-2022-20260922/raw/ons-2022-06.csv,1ce4ed3b7d7514d1e8adf6e42ba2a1d5f203753fce6fae2f3d82de7da7e3b415,43878,43879
S,Sul,Fio dagua,JACUI,JIUHMC,MONTE CLARO,98,2022-06-30 06:00:00,148.87,108.07,195.9,608.0,608.0,349.0,259.0,0.0,0.0,,outputs/ons-reserva-2021-2022-20260922/raw/ons-2022-06.csv,1ce4ed3b7d7514d1e8adf6e42ba2a1d5f203753fce6fae2f3d82de7da7e3b415,43879,43880
S,Sul,Fio dagua,JACUI,JIUHMC,MONTE CLARO,98,2022-06-30 07:00:00,148.86,108.06,194.76,599.0,604.0,349.0,255.0,0.0,0.0,,outputs/ons-reserva-2021-2022-20260922/raw/ons-2022-06.csv,1ce4ed3b7d7514d1e8adf6e42ba2a1d5f203753fce6fae2f3d82de7da7e3b415,43880,43881
S,Sul,Fio dagua,JACUI,JIUHMC,MONTE CLARO,98,2022-06-30 08:00:00,148.85,108.05,193.61,595.0,599.0,348.0,251.0,0.0,0.0,,outputs/ons-reserva-2021-2022-20260922/raw/ons-2022-06.csv,1ce4ed3b7d7514d1e8adf6e42ba2a1d5f203753fce6fae2f3d82de7da7e3b415,43881,43882
S,Sul,Fio dagua,JACUI,JIUHMC,MONTE CLARO,98,2022-06-30 09:00:00,148.85,108.04,193.61,599.0,599.0,348.0,251.0,0.0,0.0,,outputs/ons-reserva-2021-2022-20260922/raw/ons-2022-06.csv,1ce4ed3b7d7514d1e8adf6e42ba2a1d5f203753fce6fae2f3d82de7da7e3b415,43882,43883
S,Sul,Fio dagua,JACUI,JIUHMC,MONTE CLARO,98,2022-06-30 10:00:00,148.84,108.03,192.47,590.0,594.0,348.0,246.0,0.0,0.0,,outputs/ons-reserva-2021-2022-20260922/raw/ons-2022-06.csv,1ce4ed3b7d7514d1e8adf6e42ba2a1d5f203753fce6fae2f3d82de7da7e3b415,43883,43884
S,Sul,Fio dagua,JACUI,JIUHMC,MONTE CLARO,98,2022-06-30 11:00:00,148.83,108.03,191.33,586.0,590.0,348.0,242.0,0.0,0.0,,outputs/ons-reserva-2021-2022-20260922/raw/ons-2022-06.csv,1ce4ed3b7d7514d1e8adf6e42ba2a1d5f203753fce6fae2f3d82de7da7e3b415,43884,43885
S,Sul,Fio dagua,JACUI,JIUHMC,MONTE CLARO,98,2022-06-30 12:00:00,148.82,108.01,190.19,582.0,586.0,348.0,238.0,0.0,0.0,,outputs/ons-reserva-2021-2022-20260922/raw/ons-2022-06.csv,1ce4ed3b7d7514d1e8adf6e42ba2a1d5f203753fce6fae2f3d82de7da7e3b415,43885,43886
S,Sul,Fio dagua,JACUI,JIUHMC,MONTE CLARO,98,2022-06-30 13:00:00,148.81,107.99,189.05,577.0,582.0,348.0,233.0,0.0,0.0,,outputs/ons-reserva-2021-2022-20260922/raw/ons-2022-06.csv,1ce4ed3b7d7514d1e8adf6e42ba2a1d5f203753fce6fae2f3d82de7da7e3b415,43886,43887
S,Sul,Fio dagua,JACUI,JIUHMC,MONTE CLARO,98,2022-06-30 14:00:00,148.79,107.99,186.78,565.0,573.0,348.0,225.0,0.0,0.0,,outputs/ons-reserva-2021-2022-20260922/raw/ons-2022-06.csv,1ce4ed3b7d7514d1e8adf6e42ba2a1d5f203753fce6fae2f3d82de7da7e3b415,43887,43888
S,Sul,Fio dagua,JACUI,JIUHMC,MONTE CLARO,98,2022-06-30 15:00:00,148.78,107.96,185.64,565.0,569.0,348.0,221.0,0.0,0.0,,outputs/ons-reserva-2021-2022-20260922/raw/ons-2022-06.csv,1ce4ed3b7d7514d1e8adf6e42ba2a1d5f203753fce6fae2f3d82de7da7e3b415,43888,43889
S,Sul,Fio dagua,JACUI,JIUHMC,MONTE CLARO,98,2022-06-30 16:00:00,148.77,107.94,184.5,560.0,564.0,348.0,216.0,0.0,0.0,,outputs/ons-reserva-2021-2022-20260922/raw/ons-2022-06.csv,1ce4ed3b7d7514d1e8adf6e42ba2a1d5f203753fce6fae2f3d82de7da7e3b415,43889,43890
S,Sul,Fio dagua,JACUI,JIUHMC,MONTE CLARO,98,2022-06-30 17:00:00,148.76,107.88,183.37,555.0,560.0,348.0,212.0,0.0,0.0,,outputs/ons-reserva-2021-2022-20260922/raw/ons-2022-06.csv,1ce4ed3b7d7514d1e8adf6e42ba2a1d5f203753fce6fae2f3d82de7da7e3b415,43890,43891
S,Sul,Fio dagua,JACUI,JIUHMC,MONTE CLARO,98,2022-06-30 18:00:00,148.75,107.91,182.24,551.0,556.0,348.0,208.0,0.0,0.0,,outputs/ons-reserva-2021-2022-20260922/raw/ons-2022-06.csv,1ce4ed3b7d7514d1e8adf6e42ba2a1d5f203753fce6fae2f3d82de7da7e3b415,43891,43892
S,Sul,Fio dagua,JACUI,JIUHMC,MONTE CLARO,98,2022-06-30 19:00:00,148.75,107.89,182.24,555.0,555.0,348.0,208.0,0.0,0.0,,outputs/ons-reserva-2021-2022-20260922/raw/ons-2022-06.csv,1ce4ed3b7d7514d1e8adf6e42ba2a1d5f203753fce6fae2f3d82de7da7e3b415,43892,43893
S,Sul,Fio dagua,JACUI,JIUHMC,MONTE CLARO,98,2022-06-30 20:00:00,148.74,107.91,181.1,547.0,551.0,348.0,203.0,0.0,0.0,,outputs/ons-reserva-2021-2022-20260922/raw/ons-2022-06.csv,1ce4ed3b7d7514d1e8adf6e42ba2a1d5f203753fce6fae2f3d82de7da7e3b415,43893,43894
S,Sul,Fio dagua,JACUI,JIUHMC,MONTE CLARO,98,2022-06-30 21:00:00,148.73,107.81,179.97,542.0,546.0,347.0,199.0,0.0,0.0,,outputs/ons-reserva-2021-2022-20260922/raw/ons-2022-06.csv,1ce4ed3b7d7514d1e8adf6e42ba2a1d5f203753fce6fae2f3d82de7da7e3b415,43894,43895
S,Sul,Fio dagua,JACUI,JIUHMC,MONTE CLARO,98,2022-06-30 22:00:00,148.73,107.88,179.97,547.0,547.0,348.0,199.0,0.0,0.0,,outputs/ons-reserva-2021-2022-20260922/raw/ons-2022-06.csv,1ce4ed3b7d7514d1e8adf6e42ba2a1d5f203753fce6fae2f3d82de7da7e3b415,43895,43896
S,Sul,Fio dagua,JACUI,JIUHMC,MONTE CLARO,98,2022-06-30 23:00:00,148.72,107.88,178.84,539.0,543.0,348.0,195.0,0.0,0.0,,outputs/ons-reserva-2021-2022-20260922/raw/ons-2022-06.csv,1ce4ed3b7d7514d1e8adf6e42ba2a1d5f203753fce6fae2f3d82de7da7e3b415,43896,43897
S,Sul,Fio dagua,JACUI,JIUHMC,MONTE CLARO,98,2022-06-30 23:59:00,148.71,107.81,177.71,534.0,538.0,348.0,191.0,0.0,0.0,,outputs/ons-reserva-2021-2022-20260922/raw/ons-2022-06.csv,1ce4ed3b7d7514d1e8adf6e42ba2a1d5f203753fce6fae2f3d82de7da7e3b415,43897,43898
