id_subsistema,nom_subsistema,tip_reservatorio,nom_bacia,id_reservatorio,nom_reservatorio,cod_usina,din_instante,val_nivelmontante,val_niveljusante,val_volumeutil,val_vazaoafluente,val_vazaodefluente,val_vazaoturbinada,val_vazaovertida,val_vazaooutrasestruturas,val_vazaotransferida,val_vazaovertidanaoturbinavel
S,Sul,Fio dagua,JACUI,JIUHCA,CASTRO ALVES,97.0,2024-05-01 01:00:00,242.7,152.76,413.48,2321.0,2232.0,155.0,2055.0,22.0,0.0,7.0
S,Sul,Fio dagua,JACUI,JIUHCA,CASTRO ALVES,97.0,2024-05-01 02:00:00,242.73,152.5,416.96,2314.0,2270.0,155.0,2093.0,22.0,0.0,7.0
S,Sul,Fio dagua,JACUI,JIUHCA,CASTRO ALVES,97.0,2024-05-01 03:00:00,242.74,152.56,418.13,2298.0,2283.0,155.0,2106.0,22.0,0.0,7.0
S,Sul,Fio dagua,JACUI,JIUHCA,CASTRO ALVES,97.0,2024-05-01 04:00:00,242.74,152.59,418.13,2283.0,2283.0,155.0,2106.0,22.0,0.0,7.0
S,Sul,Fio dagua,JACUI,JIUHCA,CASTRO ALVES,97.0,2024-05-01 05:00:00,242.75,152.86,419.29,2311.0,2296.0,155.0,2119.0,22.0,0.0,7.0
S,Sul,Fio dagua,JACUI,JIUHCA,CASTRO ALVES,97.0,2024-05-01 06:00:00,242.82,153.35,427.41,2492.0,2388.0,156.0,2210.0,22.0,0.0,7.0
S,Sul,Fio dagua,JACUI,JIUHCA,CASTRO ALVES,97.0,2024-05-01 07:00:00,242.99,153.79,447.15,2869.0,2618.0,157.0,2439.0,22.0,0.0,7.0
S,Sul,Fio dagua,JACUI,JIUHCA,CASTRO ALVES,97.0,2024-05-01 08:00:00,243.31,154.37,484.3,3551.0,3077.0,157.0,2898.0,22.0,0.0,7.0
S,Sul,Fio dagua,JACUI,JIUHCA,CASTRO ALVES,97.0,2024-05-01 09:00:00,243.6,155.1,517.97,3957.0,3527.0,157.0,3348.0,23.0,0.0,8.0
S,Sul,Fio dagua,JACUI,JIUHCA,CASTRO ALVES,97.0,2024-05-01 10:00:00,244.1,156.92,576.03,5054.0,4314.0,156.0,4135.0,23.0,0.0,11.0
S,Sul,Fio dagua,JACUI,JIUHCA,CASTRO ALVES,97.0,2024-05-05 02:00:00,243.78,,538.87,,3615.0,,,,,
S,Sul,Fio dagua,JACUI,JIUHCA,CASTRO ALVES,97.0,2024-05-05 03:00:00,243.73,,533.07,,3535.0,,,,,
S,Sul,Fio dagua,JACUI,JIUHCA,CASTRO ALVES,97.0,2024-05-05 04:00:00,243.64,,522.62,,3393.0,,,,,
S,Sul,Fio dagua,JACUI,JIUHCA,CASTRO ALVES,97.0,2024-05-05 05:00:00,243.55,,512.17,,3254.0,,,,,
S,Sul,Fio dagua,JACUI,JIUHCA,CASTRO ALVES,97.0,2024-05-05 06:00:00,243.46,,501.72,,3117.0,,,,,
S,Sul,Fio dagua,JACUI,JIUHCA,CASTRO ALVES,97.0,2024-05-05 07:00:00,243.4,,494.75,,3026.0,,,,,
S,Sul,Fio dagua,JACUI,JIUHCA,CASTRO ALVES,97.0,2024-05-05 08:00:00,243.34,,487.79,,2937.0,,,,,
S,Sul,Fio dagua,JACUI,JIUHCA,CASTRO ALVES,97.0,2024-05-05 09:00:00,243.24,,476.18,,2791.0,,,,,
S,Sul,Fio dagua,JACUI,JIUHCA,CASTRO ALVES,97.0,2024-05-06 02:00:00,242.26,151.26,362.4,1530.0,1530.0,0.0,1530.0,,,
S,Sul,Fio dagua,JACUI,JIUHCA,CASTRO ALVES,97.0,2024-05-06 03:00:00,242.18,150.9,353.11,1441.0,1441.0,0.0,1441.0,,,
S,Sul,Fio dagua,JACUI,JIUHCA,CASTRO ALVES,97.0,2024-05-06 04:00:00,242.14,150.82,348.46,1397.0,1397.0,0.0,1397.0,,,
S,Sul,Fio dagua,JACUI,JIUHCA,CASTRO ALVES,97.0,2024-05-06 05:00:00,242.11,150.67,344.98,1365.0,1365.0,0.0,1365.0,,,
S,Sul,Fio dagua,JACUI,JIUHCA,CASTRO ALVES,97.0,2024-05-06 06:00:00,242.08,150.56,341.5,1333.0,1333.0,0.0,1333.0,,,
S,Sul,Fio dagua,JACUI,JIUHCA,CASTRO ALVES,97.0,2024-05-06 07:00:00,242.04,150.45,336.85,1291.0,1291.0,0.0,1291.0,,,
S,Sul,Fio dagua,JACUI,JIUHCA,CASTRO ALVES,97.0,2024-05-06 08:00:00,241.98,150.19,329.89,1229.0,1229.0,0.0,1229.0,,,
S,Sul,Fio dagua,JACUI,JIUHCA,CASTRO ALVES,97.0,2024-05-06 09:00:00,241.98,150.19,329.89,1229.0,1229.0,0.0,1229.0,,,
S,Sul,Fio dagua,JACUI,JIUHCA,CASTRO ALVES,97.0,2024-05-08 07:00:00,240.91,149.07,205.65,,354.0,,,,,
S,Sul,Fio dagua,JACUI,JIUHCA,CASTRO ALVES,97.0,2024-05-08 08:00:00,240.88,149.07,202.17,,336.0,,,,,
S,Sul,Fio dagua,JACUI,JIUHCA,CASTRO ALVES,97.0,2024-05-08 09:00:00,240.86,149.07,199.85,,324.0,,,,,
S,Sul,Fio dagua,JACUI,JIUHCA,CASTRO ALVES,97.0,2024-05-08 10:00:00,240.86,149.01,199.85,,324.0,,,,,
S,Sul,Fio dagua,JACUI,JIUHCA,CASTRO ALVES,97.0,2024-05-08 11:00:00,240.83,148.95,196.37,,307.0,,,,,
S,Sul,Fio dagua,JACUI,JIUHCA,CASTRO ALVES,97.0,2024-05-08 12:00:00,240.81,148.95,194.04,,296.0,,,,,
S,Sul,Fio dagua,JACUI,JIUHCA,CASTRO ALVES,97.0,2024-05-08 13:00:00,240.82,148.95,195.21,,301.0,,,,,
S,Sul,Fio dagua,JACUI,JIUHCA,CASTRO ALVES,97.0,2024-05-08 14:00:00,240.79,148.95,191.72,,284.0,,,,,
S,Sul,Fio dagua,JACUI,JIUHCA,CASTRO ALVES,97.0,2024-05-09 01:00:00,240.7,,,,394.0,,,,,
S,Sul,Fio dagua,JACUI,JIUHCA,CASTRO ALVES,97.0,2024-05-09 02:00:00,240.69,148.75,180.11,1620.0,389.0,157.53,1030.0,,,
S,Sul,Fio dagua,JACUI,JIUHCA,CASTRO ALVES,97.0,2024-05-09 03:00:00,240.68,148.75,178.95,1620.0,384.0,157.54,1030.0,,,
S,Sul,Fio dagua,JACUI,JIUHCA,CASTRO ALVES,97.0,2024-05-09 04:00:00,240.68,148.75,178.95,1620.0,384.0,157.54,1030.0,,,
S,Sul,Fio dagua,JACUI,JIUHCA,CASTRO ALVES,97.0,2024-05-09 05:00:00,240.67,148.75,177.79,1620.0,379.0,157.56,1030.0,,,
S,Sul,Fio dagua,JACUI,JIUHCA,CASTRO ALVES,97.0,2024-05-09 06:00:00,240.67,148.75,177.79,,379.0,157.56,,,,
S,Sul,Fio dagua,JACUI,JIUHCA,CASTRO ALVES,97.0,2024-05-09 07:00:00,240.68,148.68,178.95,,383.0,157.42,,,,
S,Sul,Fio dagua,JACUI,JIUHCA,CASTRO ALVES,97.0,2024-05-09 08:00:00,240.67,148.68,177.79,,378.0,157.07,,,,
S,Sul,Fio dagua,JACUI,JIUHCA,CASTRO ALVES,97.0,2024-05-09 09:00:00,,148.68,175.47,,,157.11,,,,
S,Sul,Fio dagua,JACUI,JIUHCA,CASTRO ALVES,97.0,2024-05-09 14:00:00,240.63,149.11,173.15,,359.0,158.37,,,,
S,Sul,Fio dagua,JACUI,JIUHCA,CASTRO ALVES,97.0,2024-05-09 15:00:00,240.65,149.11,175.47,,369.0,158.34,,,,
S,Sul,Fio dagua,JACUI,JIUHCA,CASTRO ALVES,97.0,2024-05-09 16:00:00,240.64,149.11,174.31,,364.0,158.23,,,,
S,Sul,Fio dagua,JACUI,JIUHCA,CASTRO ALVES,97.0,2024-05-09 17:00:00,240.63,149.11,173.15,,359.0,158.25,,,,
S,Sul,Fio dagua,JACUI,JIUHCA,CASTRO ALVES,97.0,2024-05-09 18:00:00,240.62,149.04,171.98,,354.0,158.15,,,,
S,Sul,Fio dagua,JACUI,JIUHCA,CASTRO ALVES,97.0,2024-05-09 19:00:00,240.61,149.04,170.82,,363.0,157.92,,,,
S,Sul,Fio dagua,JACUI,JIUHCA,CASTRO ALVES,97.0,2024-05-09 20:00:00,240.61,149.04,170.82,,363.0,158.04,,,,
S,Sul,Fio dagua,JACUI,JIUHCA,CASTRO ALVES,97.0,2024-05-09 21:00:00,24.06,149.04,170.82,,358.0,158.04,,,,
S,Sul,Fio dagua,JACUI,JIUHCA,CASTRO ALVES,97.0,2024-05-09 22:00:00,240.59,149.04,168.5,,358.0,158.07,,,,
S,Sul,Fio dagua,JACUI,JIUHCA,CASTRO ALVES,97.0,2024-05-09 23:00:00,240.59,149.04,168.5,,358.0,157.83,,,,
S,Sul,Fio dagua,JACUI,JIUHCA,CASTRO ALVES,97.0,2024-05-09 23:59:00,240.59,148.98,168.5,,358.0,157.99,,,,
S,Sul,Fio dagua,JACUI,JIUHCA,CASTRO ALVES,97.0,2024-05-10 01:00:00,240.57,148.98,166.18,,358.0,166.0,,,,
S,Sul,Fio dagua,JACUI,JIUHCA,CASTRO ALVES,97.0,2024-05-10 02:00:00,240.56,148.98,165.02,,358.0,166.0,,,,
S,Sul,Fio dagua,JACUI,JIUHCA,CASTRO ALVES,97.0,2024-05-10 16:00:00,241.5,148.48,274.16,1191.0,953.0,156.0,797.0,19.0,0.0,1.0
S,Sul,Fio dagua,JACUI,JIUHCA,CASTRO ALVES,97.0,2024-05-10 17:00:00,241.79,149.18,307.83,1646.0,1215.0,156.0,1059.0,19.0,0.0,1.0
S,Sul,Fio dagua,JACUI,JIUHCA,CASTRO ALVES,97.0,2024-05-10 18:00:00,242.0,150.02,332.21,1738.0,1426.0,157.0,1269.0,19.0,0.0,1.0
S,Sul,Fio dagua,JACUI,JIUHCA,CASTRO ALVES,97.0,2024-05-10 19:00:00,242.23,150.61,358.91,2014.0,1672.0,158.0,1515.0,19.0,0.0,1.0
S,Sul,Fio dagua,JACUI,JIUHCA,CASTRO ALVES,97.0,2024-05-10 20:00:00,242.45,151.17,384.46,2251.0,1924.0,158.0,1766.0,19.0,0.0,1.0
S,Sul,Fio dagua,JACUI,JIUHCA,CASTRO ALVES,97.0,2024-05-10 21:00:00,242.62,151.73,404.19,2383.0,2130.0,157.0,1973.0,19.0,0.0,1.0
S,Sul,Fio dagua,JACUI,JIUHCA,CASTRO ALVES,97.0,2024-05-10 22:00:00,242.73,152.01,416.96,2432.0,2269.0,157.0,2112.0,19.0,0.0,1.0
S,Sul,Fio dagua,JACUI,JIUHCA,CASTRO ALVES,97.0,2024-05-10 23:00:00,242.84,152.28,429.74,2575.0,2412.0,157.0,2255.0,19.0,0.0,1.0
S,Sul,Fio dagua,JACUI,JIUHCA,CASTRO ALVES,97.0,2024-05-10 23:59:00,242.89,152.5,435.54,2553.0,2478.0,157.0,2322.0,19.0,0.0,1.0
S,Sul,Fio dagua,JACUI,JIUHCA,CASTRO ALVES,97.0,2024-05-11 01:00:00,242.89,152.65,435.54,2479.0,2479.0,157.0,2322.0,19.0,0.0,1.0
S,Sul,Fio dagua,JACUI,JIUHCA,CASTRO ALVES,97.0,2024-05-11 02:00:00,242.89,152.64,435.54,2479.0,2479.0,157.0,2322.0,19.0,0.0,1.0
S,Sul,Fio dagua,JACUI,JIUHCA,CASTRO ALVES,97.0,2024-05-11 03:00:00,242.89,152.54,435.54,2478.0,2478.0,157.0,2322.0,19.0,0.0,1.0
S,Sul,Fio dagua,JACUI,JIUHCA,CASTRO ALVES,97.0,2024-05-11 04:00:00,242.93,152.5,440.18,2592.0,2532.0,157.0,2375.0,19.0,0.0,1.0
S,Sul,Fio dagua,JACUI,JIUHCA,CASTRO ALVES,97.0,2024-05-11 05:00:00,243.02,152.5,450.63,2789.0,2655.0,157.0,2499.0,19.0,0.0,1.0
S,Sul,Fio dagua,JACUI,JIUHCA,CASTRO ALVES,97.0,2024-05-11 06:00:00,243.07,150.39,456.44,2796.0,2722.0,153.0,2569.0,19.0,0.0,1.0
S,Sul,Fio dagua,JACUI,JIUHCA,CASTRO ALVES,97.0,2024-05-11 07:00:00,243.14,152.68,464.57,2929.0,2825.0,157.0,2668.0,19.0,0.0,1.0
S,Sul,Fio dagua,JACUI,JIUHCA,CASTRO ALVES,97.0,2024-05-11 08:00:00,243.2,152.85,471.53,2999.0,2910.0,156.0,2754.0,19.0,0.0,1.0
S,Sul,Fio dagua,JACUI,JIUHCA,CASTRO ALVES,97.0,2024-05-11 09:00:00,243.26,153.0,478.5,3087.0,2998.0,156.0,2842.0,19.0,0.0,1.0
S,Sul,Fio dagua,JACUI,JIUHCA,CASTRO ALVES,97.0,2024-05-11 10:00:00,243.32,153.06,485.47,3176.0,3087.0,156.0,2931.0,19.0,0.0,1.0
S,Sul,Fio dagua,JACUI,JIUHCA,CASTRO ALVES,97.0,2024-05-11 11:00:00,243.34,153.13,487.79,3146.0,3117.0,156.0,2961.0,19.0,0.0,1.0
S,Sul,Fio dagua,JACUI,JIUHCA,CASTRO ALVES,97.0,2024-05-11 12:00:00,243.33,153.13,486.63,3087.0,3102.0,156.0,2946.0,19.0,0.0,1.0
S,Sul,Fio dagua,JACUI,JIUHCA,CASTRO ALVES,97.0,2024-05-11 13:00:00,243.33,153.2,486.63,3102.0,3102.0,156.0,2946.0,19.0,0.0,1.0
S,Sul,Fio dagua,JACUI,JIUHCA,CASTRO ALVES,97.0,2024-05-11 14:00:00,243.28,153.13,480.82,2953.0,3027.0,155.0,2872.0,19.0,0.0,1.0
S,Sul,Fio dagua,JACUI,JIUHCA,CASTRO ALVES,97.0,2024-05-11 15:00:00,243.26,153.06,478.5,2968.0,2997.0,155.0,2842.0,19.0,0.0,1.0
S,Sul,Fio dagua,JACUI,JIUHCA,CASTRO ALVES,97.0,2024-05-11 16:00:00,243.23,153.06,475.02,2909.0,2953.0,155.0,2798.0,19.0,0.0,1.0
S,Sul,Fio dagua,JACUI,JIUHCA,CASTRO ALVES,97.0,2024-05-11 17:00:00,243.22,153.13,473.86,2924.0,2939.0,155.0,2783.0,19.0,0.0,1.0
S,Sul,Fio dagua,JACUI,JIUHCA,CASTRO ALVES,97.0,2024-05-11 18:00:00,243.18,153.2,469.21,2821.0,2881.0,155.0,2725.0,19.0,0.0,1.0
S,Sul,Fio dagua,JACUI,JIUHCA,CASTRO ALVES,97.0,2024-05-11 19:00:00,243.15,153.13,465.73,2793.0,2837.0,155.0,2682.0,19.0,0.0,1.0
S,Sul,Fio dagua,JACUI,JIUHCA,CASTRO ALVES,97.0,2024-05-11 20:00:00,243.14,153.13,464.57,2809.0,2823.0,156.0,2668.0,19.0,0.0,1.0
S,Sul,Fio dagua,JACUI,JIUHCA,CASTRO ALVES,97.0,2024-05-11 21:00:00,243.13,153.12,463.41,2794.0,2809.0,156.0,2654.0,19.0,0.0,1.0
S,Sul,Fio dagua,JACUI,JIUHCA,CASTRO ALVES,97.0,2024-05-11 22:00:00,243.13,153.12,463.41,2809.0,2809.0,156.0,2654.0,19.0,0.0,1.0
S,Sul,Fio dagua,JACUI,JIUHCA,CASTRO ALVES,97.0,2024-05-11 23:00:00,243.14,153.05,464.57,2838.0,2823.0,155.0,2668.0,19.0,0.0,1.0
S,Sul,Fio dagua,JACUI,JIUHCA,CASTRO ALVES,97.0,2024-05-11 23:59:00,243.16,153.2,466.89,2882.0,2852.0,156.0,2697.0,19.0,0.0,1.0
S,Sul,Fio dagua,JACUI,JIUHCA,CASTRO ALVES,97.0,2024-05-12 01:00:00,243.19,153.31,470.37,2940.0,2896.0,156.0,2740.0,19.0,0.0,1.0
S,Sul,Fio dagua,JACUI,JIUHCA,CASTRO ALVES,97.0,2024-05-12 02:00:00,243.22,153.42,473.86,2984.0,2939.0,156.0,2783.0,19.0,0.0,1.0
S,Sul,Fio dagua,JACUI,JIUHCA,CASTRO ALVES,97.0,2024-05-12 03:00:00,243.25,153.5,477.34,3028.0,2983.0,156.0,2827.0,19.0,0.0,1.0
S,Sul,Fio dagua,JACUI,JIUHCA,CASTRO ALVES,97.0,2024-05-12 04:00:00,243.26,153.59,478.5,3013.0,2998.0,156.0,2842.0,19.0,0.0,1.0
S,Sul,Fio dagua,JACUI,JIUHCA,CASTRO ALVES,97.0,2024-05-12 05:00:00,243.38,153.8,492.43,3355.0,3177.0,156.0,3022.0,19.0,0.0,1.0
S,Sul,Fio dagua,JACUI,JIUHCA,CASTRO ALVES,97.0,2024-05-12 06:00:00,243.69,154.57,528.42,4127.0,3667.0,155.0,3512.0,19.0,0.0,1.0
S,Sul,Fio dagua,JACUI,JIUHCA,CASTRO ALVES,97.0,2024-05-12 07:00:00,244.16,155.72,582.99,5102.0,4404.0,155.0,4250.0,19.0,0.0,1.0
S,Sul,Fio dagua,JACUI,JIUHCA,CASTRO ALVES,97.0,2024-05-12 08:00:00,244.68,157.08,643.37,6085.0,5313.0,154.0,5159.0,19.0,0.0,1.0
S,Sul,Fio dagua,JACUI,JIUHCA,CASTRO ALVES,97.0,2024-05-12 09:00:00,245.26,157.9,714.51,7328.0,6418.0,112.0,6306.0,19.0,0.0,1.0
S,Sul,Fio dagua,JACUI,JIUHCA,CASTRO ALVES,97.0,2024-05-12 10:00:00,245.62,158.9,761.58,7619.0,7017.0,0.0,7017.0,19.0,0.0,1.0
S,Sul,Fio dagua,JACUI,JIUHCA,CASTRO ALVES,97.0,2024-05-12 11:00:00,245.85,159.52,791.65,7864.0,7480.0,0.0,7480.0,19.0,0.0,1.0
S,Sul,Fio dagua,JACUI,JIUHCA,CASTRO ALVES,97.0,2024-05-12 12:00:00,246.05,159.9,817.8,8227.0,7893.0,0.0,7893.0,19.0,0.0,1.0
S,Sul,Fio dagua,JACUI,JIUHCA,CASTRO ALVES,97.0,2024-05-12 13:00:00,246.17,160.06,833.49,8345.0,8145.0,0.0,8145.0,19.0,0.0,1.0
S,Sul,Fio dagua,JACUI,JIUHCA,CASTRO ALVES,97.0,2024-05-12 14:00:00,246.23,160.26,841.33,8372.0,8272.0,0.0,8272.0,19.0,0.0,1.0
S,Sul,Fio dagua,JACUI,JIUHCA,CASTRO ALVES,97.0,2024-05-12 15:00:00,246.22,160.2,840.02,8234.0,8251.0,0.0,8251.0,19.0,0.0,1.0
S,Sul,Fio dagua,JACUI,JIUHCA,CASTRO ALVES,97.0,2024-05-12 16:00:00,246.17,160.18,833.49,8061.0,8145.0,0.0,8145.0,19.0,0.0,1.0
S,Sul,Fio dagua,JACUI,JIUHCA,CASTRO ALVES,97.0,2024-05-12 17:00:00,246.1,159.95,824.33,7880.0,7997.0,0.0,7997.0,19.0,0.0,1.0
S,Sul,Fio dagua,JACUI,JIUHCA,CASTRO ALVES,97.0,2024-05-12 18:00:00,246.02,159.8,813.88,7696.0,7830.0,0.0,7830.0,19.0,0.0,1.0
S,Sul,Fio dagua,JACUI,JIUHCA,CASTRO ALVES,97.0,2024-05-12 19:00:00,245.95,159.64,804.72,7568.0,7685.0,0.0,7685.0,19.0,0.0,1.0
S,Sul,Fio dagua,JACUI,JIUHCA,CASTRO ALVES,97.0,2024-05-12 20:00:00,245.88,159.56,795.57,7424.0,7541.0,0.0,7541.0,19.0,0.0,1.0
S,Sul,Fio dagua,JACUI,JIUHCA,CASTRO ALVES,97.0,2024-05-12 21:00:00,245.82,159.47,787.73,7318.0,7418.0,0.0,7418.0,19.0,0.0,1.0
S,Sul,Fio dagua,JACUI,JIUHCA,CASTRO ALVES,97.0,2024-05-12 22:00:00,245.72,159.14,774.65,7049.0,7216.0,0.0,7216.0,19.0,0.0,1.0
S,Sul,Fio dagua,JACUI,JIUHCA,CASTRO ALVES,97.0,2024-05-12 23:00:00,245.6,158.83,758.96,6777.0,6978.0,0.0,6978.0,19.0,0.0,1.0
S,Sul,Fio dagua,JACUI,JIUHCA,CASTRO ALVES,97.0,2024-05-12 23:59:00,245.48,158.41,743.28,6543.0,6744.0,0.0,6744.0,19.0,0.0,1.0
S,Sul,Fio dagua,JACUI,JIUHCA,CASTRO ALVES,97.0,2024-05-13 01:00:00,245.4,158.12,732.82,6456.0,6589.0,0.0,6589.0,19.0,0.0,1.0
S,Sul,Fio dagua,JACUI,JIUHCA,CASTRO ALVES,97.0,2024-05-13 02:00:00,245.34,157.95,724.97,6374.0,6475.0,0.0,6475.0,19.0,0.0,1.0
S,Sul,Fio dagua,JACUI,JIUHCA,CASTRO ALVES,97.0,2024-05-13 03:00:00,245.29,157.78,718.43,6285.0,6369.0,0.0,6369.0,19.0,0.0,1.0
S,Sul,Fio dagua,JACUI,JIUHCA,CASTRO ALVES,97.0,2024-05-13 04:00:00,245.23,157.56,710.59,6143.0,6243.0,0.0,6243.0,19.0,0.0,1.0
S,Sul,Fio dagua,JACUI,JIUHCA,CASTRO ALVES,97.0,2024-05-13 06:00:00,245.06,157.1,688.36,5696.0,5896.0,0.0,5896.0,19.0,0.0,1.0
S,Sul,Fio dagua,JACUI,JIUHCA,CASTRO ALVES,97.0,2024-05-13 07:00:00,244.92,156.96,671.23,5402.0,5621.0,0.0,5621.0,19.0,0.0,1.0
S,Sul,Fio dagua,JACUI,JIUHCA,CASTRO ALVES,97.0,2024-05-13 08:00:00,244.8,156.63,657.3,5211.0,5389.0,0.0,5389.0,19.0,0.0,1.0
S,Sul,Fio dagua,JACUI,JIUHCA,CASTRO ALVES,97.0,2024-05-13 09:00:00,244.7,156.33,645.69,5048.0,5197.0,0.0,5197.0,19.0,0.0,1.0
S,Sul,Fio dagua,JACUI,JIUHCA,CASTRO ALVES,97.0,2024-05-13 10:00:00,244.6,156.15,634.08,4859.0,5008.0,0.0,5008.0,19.0,0.0,1.0
S,Sul,Fio dagua,JACUI,JIUHCA,CASTRO ALVES,97.0,2024-05-13 11:00:00,244.53,155.79,625.95,4774.0,4878.0,0.0,4878.0,19.0,0.0,1.0
S,Sul,Fio dagua,JACUI,JIUHCA,CASTRO ALVES,97.0,2024-05-13 12:00:00,244.47,155.72,618.99,4684.0,4773.0,0.0,4773.0,19.0,0.0,1.0
S,Sul,Fio dagua,JACUI,JIUHCA,CASTRO ALVES,97.0,2024-05-13 13:00:00,244.4,155.46,610.86,4548.0,4652.0,0.0,4652.0,19.0,0.0,1.0
S,Sul,Fio dagua,JACUI,JIUHCA,CASTRO ALVES,97.0,2024-05-13 14:00:00,244.36,155.3,606.21,4524.0,4583.0,0.0,4583.0,19.0,0.0,1.0
S,Sul,Fio dagua,JACUI,JIUHCA,CASTRO ALVES,97.0,2024-05-13 15:00:00,244.31,155.22,600.41,4424.0,4498.0,0.0,4498.0,19.0,0.0,1.0
S,Sul,Fio dagua,JACUI,JIUHCA,CASTRO ALVES,97.0,2024-05-13 16:00:00,244.26,155.16,594.6,4340.0,4414.0,0.0,4414.0,19.0,0.0,1.0
S,Sul,Fio dagua,JACUI,JIUHCA,CASTRO ALVES,97.0,2024-05-13 17:00:00,244.1,155.16,576.03,4071.0,4308.0,155.0,4153.0,19.0,0.0,1.0
S,Sul,Fio dagua,JACUI,JIUHCA,CASTRO ALVES,97.0,2024-05-13 18:00:00,244.0,154.94,564.42,4001.0,4150.0,155.0,3995.0,19.0,0.0,1.0
S,Sul,Fio dagua,JACUI,JIUHCA,CASTRO ALVES,97.0,2024-05-13 19:00:00,243.9,154.67,552.81,3846.0,3994.0,156.0,3839.0,19.0,0.0,1.0
S,Sul,Fio dagua,JACUI,JIUHCA,CASTRO ALVES,97.0,2024-05-13 20:00:00,243.79,154.45,540.03,3662.0,3825.0,155.0,3670.0,19.0,0.0,1.0
S,Sul,Fio dagua,JACUI,JIUHCA,CASTRO ALVES,97.0,2024-05-13 21:00:00,243.67,154.25,526.1,3458.0,3636.0,157.0,3479.0,19.0,0.0,1.0
S,Sul,Fio dagua,JACUI,JIUHCA,CASTRO ALVES,97.0,2024-05-13 22:00:00,243.56,153.98,513.33,3295.0,3459.0,157.0,3302.0,19.0,0.0,1.0
S,Sul,Fio dagua,JACUI,JIUHCA,CASTRO ALVES,97.0,2024-05-13 23:00:00,243.45,153.69,500.56,3122.0,3286.0,156.0,3129.0,19.0,0.0,1.0
S,Sul,Fio dagua,JACUI,JIUHCA,CASTRO ALVES,97.0,2024-05-13 23:59:00,243.35,153.45,488.95,2984.0,3132.0,156.0,2976.0,19.0,0.0,1.0
S,Sul,Fio dagua,JACUI,JIUHCA,CASTRO ALVES,97.0,2024-05-14 01:00:00,243.24,153.21,476.18,2805.0,2969.0,156.0,2813.0,19.0,0.0,1.0
S,Sul,Fio dagua,JACUI,JIUHCA,CASTRO ALVES,97.0,2024-05-14 02:00:00,243.14,152.94,464.57,2675.0,2824.0,156.0,2668.0,19.0,0.0,1.0
S,Sul,Fio dagua,JACUI,JIUHCA,CASTRO ALVES,97.0,2024-05-14 03:00:00,243.04,152.66,452.96,2534.0,2682.0,155.0,2527.0,19.0,0.0,1.0
S,Sul,Fio dagua,JACUI,JIUHCA,CASTRO ALVES,97.0,2024-05-14 04:00:00,242.96,152.51,443.67,2454.0,2573.0,157.0,2416.0,19.0,0.0,1.0
S,Sul,Fio dagua,JACUI,JIUHCA,CASTRO ALVES,97.0,2024-05-14 05:00:00,242.92,152.31,439.02,2459.0,2518.0,156.0,2362.0,19.0,0.0,1.0
S,Sul,Fio dagua,JACUI,JIUHCA,CASTRO ALVES,97.0,2024-05-14 06:00:00,242.83,152.09,428.57,2264.0,2398.0,156.0,2242.0,19.0,0.0,1.0
S,Sul,Fio dagua,JACUI,JIUHCA,CASTRO ALVES,97.0,2024-05-14 07:00:00,242.79,152.03,423.93,2286.0,2345.0,156.0,2189.0,19.0,0.0,1.0
S,Sul,Fio dagua,JACUI,JIUHCA,CASTRO ALVES,97.0,2024-05-14 08:00:00,242.73,151.82,416.96,2181.0,2270.0,159.0,2112.0,19.0,0.0,1.0
S,Sul,Fio dagua,JACUI,JIUHCA,CASTRO ALVES,97.0,2024-05-14 09:00:00,242.66,151.68,408.84,2077.0,2181.0,159.0,2023.0,19.0,0.0,1.0
S,Sul,Fio dagua,JACUI,JIUHCA,CASTRO ALVES,97.0,2024-05-14 10:00:00,242.59,151.54,400.71,1990.0,2094.0,159.0,1935.0,19.0,0.0,1.0
S,Sul,Fio dagua,JACUI,JIUHCA,CASTRO ALVES,97.0,2024-05-14 11:00:00,242.55,151.4,396.07,1986.0,2045.0,159.0,1886.0,19.0,0.0,1.0
S,Sul,Fio dagua,JACUI,JIUHCA,CASTRO ALVES,97.0,2024-05-14 12:00:00,242.51,151.26,391.42,1937.0,1997.0,159.0,1838.0,19.0,0.0,1.0
S,Sul,Fio dagua,JACUI,JIUHCA,CASTRO ALVES,97.0,2024-05-14 13:00:00,242.43,151.12,382.13,1783.0,1902.0,159.0,1743.0,19.0,0.0,1.0
S,Sul,Fio dagua,JACUI,JIUHCA,CASTRO ALVES,97.0,2024-05-14 14:00:00,242.38,151.04,376.33,1769.0,1843.0,159.0,1684.0,19.0,0.0,1.0
S,Sul,Fio dagua,JACUI,JIUHCA,CASTRO ALVES,97.0,2024-05-14 15:00:00,242.34,150.88,371.68,1737.0,1797.0,159.0,1638.0,19.0,0.0,1.0
S,Sul,Fio dagua,JACUI,JIUHCA,CASTRO ALVES,97.0,2024-05-14 16:00:00,242.3,150.8,367.04,1692.0,1752.0,159.0,1593.0,19.0,0.0,1.0
S,Sul,Fio dagua,JACUI,JIUHCA,CASTRO ALVES,97.0,2024-05-14 17:00:00,242.25,150.65,361.23,1621.0,1695.0,158.0,1537.0,19.0,0.0,1.0
S,Sul,Fio dagua,JACUI,JIUHCA,CASTRO ALVES,97.0,2024-05-14 18:00:00,242.24,150.57,360.07,1669.0,1684.0,158.0,1526.0,19.0,0.0,1.0
S,Sul,Fio dagua,JACUI,JIUHCA,CASTRO ALVES,97.0,2024-05-14 19:00:00,242.18,150.7,353.11,1530.0,1619.0,159.0,1460.0,19.0,0.0,1.0
S,Sul,Fio dagua,JACUI,JIUHCA,CASTRO ALVES,97.0,2024-05-14 20:00:00,242.14,150.84,348.46,1516.0,1575.0,159.0,1417.0,19.0,0.0,1.0
S,Sul,Fio dagua,JACUI,JIUHCA,CASTRO ALVES,97.0,2024-05-14 21:00:00,242.1,150.77,343.82,1473.0,1533.0,159.0,1374.0,19.0,0.0,1.0
S,Sul,Fio dagua,JACUI,JIUHCA,CASTRO ALVES,97.0,2024-05-14 22:00:00,242.05,150.63,338.01,1406.0,1480.0,159.0,1321.0,19.0,0.0,1.0
S,Sul,Fio dagua,JACUI,JIUHCA,CASTRO ALVES,97.0,2024-05-14 23:00:00,242.02,150.56,334.53,1404.0,1448.0,158.0,1290.0,19.0,0.0,1.0
S,Sul,Fio dagua,JACUI,JIUHCA,CASTRO ALVES,97.0,2024-05-14 23:59:00,241.97,150.5,328.73,1322.0,1397.0,159.0,1238.0,19.0,0.0,1.0
S,Sul,Fio dagua,JACUI,JIUHCA,CASTRO ALVES,97.0,2024-05-15 01:00:00,241.94,150.36,325.24,1321.0,1365.0,158.0,1207.0,19.0,0.0,1.0
S,Sul,Fio dagua,JACUI,JIUHCA,CASTRO ALVES,97.0,2024-05-15 02:00:00,241.92,150.28,322.92,1315.0,1345.0,158.0,1187.0,19.0,0.0,1.0
S,Sul,Fio dagua,JACUI,JIUHCA,CASTRO ALVES,97.0,2024-05-15 03:00:00,241.9,150.22,320.6,1295.0,1325.0,158.0,1167.0,19.0,0.0,1.0
S,Sul,Fio dagua,JACUI,JIUHCA,CASTRO ALVES,97.0,2024-05-15 04:00:00,241.86,150.15,315.95,1225.0,1285.0,158.0,1127.0,19.0,0.0,1.0
S,Sul,Fio dagua,JACUI,JIUHCA,CASTRO ALVES,97.0,2024-05-15 05:00:00,241.84,150.08,313.63,1235.0,1265.0,158.0,1107.0,19.0,0.0,1.0
S,Sul,Fio dagua,JACUI,JIUHCA,CASTRO ALVES,97.0,2024-05-15 06:00:00,241.81,150.0,310.15,1191.0,1236.0,158.0,1078.0,19.0,0.0,1.0
S,Sul,Fio dagua,JACUI,JIUHCA,CASTRO ALVES,97.0,2024-05-15 07:00:00,241.78,149.93,306.67,1162.0,1207.0,158.0,1049.0,19.0,0.0,1.0
S,Sul,Fio dagua,JACUI,JIUHCA,CASTRO ALVES,97.0,2024-05-15 08:00:00,241.74,149.8,302.02,1109.0,1168.0,157.0,1011.0,19.0,0.0,1.0
S,Sul,Fio dagua,JACUI,JIUHCA,CASTRO ALVES,97.0,2024-05-15 09:00:00,241.7,149.72,297.38,1072.0,1131.0,158.0,974.0,19.0,0.0,1.0
S,Sul,Fio dagua,JACUI,JIUHCA,CASTRO ALVES,97.0,2024-05-15 10:00:00,241.65,149.64,291.57,1011.0,1085.0,157.0,928.0,19.0,0.0,1.0
S,Sul,Fio dagua,JACUI,JIUHCA,CASTRO ALVES,97.0,2024-05-15 11:00:00,241.59,149.64,284.61,943.0,1032.0,158.0,874.0,19.0,0.0,1.0
S,Sul,Fio dagua,JACUI,JIUHCA,CASTRO ALVES,97.0,2024-05-15 12:00:00,241.55,149.63,279.96,938.0,997.0,158.0,839.0,19.0,0.0,1.0
S,Sul,Fio dagua,JACUI,JIUHCA,CASTRO ALVES,97.0,2024-05-15 13:00:00,241.51,149.98,275.32,905.0,964.0,158.0,806.0,19.0,0.0,1.0
S,Sul,Fio dagua,JACUI,JIUHCA,CASTRO ALVES,97.0,2024-05-15 14:00:00,241.49,149.98,273.0,918.0,948.0,159.0,789.0,19.0,0.0,1.0
S,Sul,Fio dagua,JACUI,JIUHCA,CASTRO ALVES,97.0,2024-05-15 15:00:00,241.49,149.98,273.0,948.0,948.0,158.0,789.0,19.0,0.0,1.0
S,Sul,Fio dagua,JACUI,JIUHCA,CASTRO ALVES,97.0,2024-05-15 16:00:00,241.49,149.91,273.0,948.0,948.0,158.0,789.0,19.0,0.0,1.0
S,Sul,Fio dagua,JACUI,JIUHCA,CASTRO ALVES,97.0,2024-05-15 17:00:00,241.48,149.91,271.83,925.0,940.0,159.0,781.0,19.0,0.0,1.0
S,Sul,Fio dagua,JACUI,JIUHCA,CASTRO ALVES,97.0,2024-05-15 18:00:00,241.45,149.84,268.35,871.0,916.0,159.0,757.0,19.0,0.0,1.0
S,Sul,Fio dagua,JACUI,JIUHCA,CASTRO ALVES,97.0,2024-05-15 19:00:00,241.45,149.77,268.35,915.0,915.0,158.0,757.0,19.0,0.0,1.0
S,Sul,Fio dagua,JACUI,JIUHCA,CASTRO ALVES,97.0,2024-05-15 20:00:00,241.42,149.77,264.87,847.0,891.0,158.0,733.0,19.0,0.0,1.0
S,Sul,Fio dagua,JACUI,JIUHCA,CASTRO ALVES,97.0,2024-05-15 21:00:00,241.39,149.77,261.38,824.0,868.0,159.0,709.0,19.0,0.0,1.0
S,Sul,Fio dagua,JACUI,JIUHCA,CASTRO ALVES,97.0,2024-05-15 22:00:00,241.38,149.63,260.22,845.0,860.0,158.0,702.0,19.0,0.0,1.0
S,Sul,Fio dagua,JACUI,JIUHCA,CASTRO ALVES,97.0,2024-05-15 23:00:00,241.36,149.63,257.9,815.0,845.0,159.0,686.0,19.0,0.0,1.0
S,Sul,Fio dagua,JACUI,JIUHCA,CASTRO ALVES,97.0,2024-05-15 23:59:00,241.33,149.57,254.42,776.0,821.0,158.0,663.0,19.0,0.0,1.0
S,Sul,Fio dagua,JACUI,JIUHCA,CASTRO ALVES,97.0,2024-05-16 01:00:00,241.31,149.5,252.1,776.0,806.0,158.0,648.0,19.0,0.0,1.0
S,Sul,Fio dagua,JACUI,JIUHCA,CASTRO ALVES,97.0,2024-05-16 02:00:00,241.32,149.5,253.26,828.0,814.0,158.0,656.0,19.0,0.0,1.0
S,Sul,Fio dagua,JACUI,JIUHCA,CASTRO ALVES,97.0,2024-05-16 03:00:00,241.32,149.43,253.26,813.0,813.0,158.0,656.0,19.0,0.0,1.0
S,Sul,Fio dagua,JACUI,JIUHCA,CASTRO ALVES,97.0,2024-05-16 04:00:00,241.31,149.43,252.1,791.0,806.0,158.0,648.0,19.0,0.0,1.0
S,Sul,Fio dagua,JACUI,JIUHCA,CASTRO ALVES,97.0,2024-05-16 05:00:00,241.29,149.36,249.77,761.0,791.0,158.0,633.0,19.0,0.0,1.0
S,Sul,Fio dagua,JACUI,JIUHCA,CASTRO ALVES,97.0,2024-05-16 06:00:00,241.29,149.36,249.77,791.0,791.0,158.0,633.0,19.0,0.0,1.0
S,Sul,Fio dagua,JACUI,JIUHCA,CASTRO ALVES,97.0,2024-05-16 07:00:00,241.29,149.29,249.77,791.0,791.0,158.0,633.0,19.0,0.0,1.0
S,Sul,Fio dagua,JACUI,JIUHCA,CASTRO ALVES,97.0,2024-05-16 08:00:00,241.26,149.23,246.29,724.0,769.0,158.0,611.0,19.0,0.0,1.0
S,Sul,Fio dagua,JACUI,JIUHCA,CASTRO ALVES,97.0,2024-05-16 09:00:00,241.26,149.23,246.29,768.0,768.0,157.0,611.0,19.0,0.0,1.0
S,Sul,Fio dagua,JACUI,JIUHCA,CASTRO ALVES,97.0,2024-05-16 10:00:00,241.22,149.23,241.65,680.0,739.0,157.0,582.0,19.0,0.0,1.0
S,Sul,Fio dagua,JACUI,JIUHCA,CASTRO ALVES,97.0,2024-05-16 11:00:00,241.21,149.16,240.49,717.0,732.0,157.0,574.0,19.0,0.0,1.0
S,Sul,Fio dagua,JACUI,JIUHCA,CASTRO ALVES,97.0,2024-05-16 12:00:00,241.2,149.17,239.32,709.0,724.0,157.0,567.0,19.0,0.0,1.0
S,Sul,Fio dagua,JACUI,JIUHCA,CASTRO ALVES,97.0,2024-05-16 13:00:00,241.2,149.09,239.32,703.0,703.0,136.0,567.0,19.0,0.0,1.0
S,Sul,Fio dagua,JACUI,JIUHCA,CASTRO ALVES,97.0,2024-05-16 14:00:00,241.2,149.09,239.32,723.0,723.0,156.0,567.0,19.0,0.0,1.0
S,Sul,Fio dagua,JACUI,JIUHCA,CASTRO ALVES,97.0,2024-05-16 15:00:00,241.2,149.09,239.32,723.0,723.0,156.0,567.0,19.0,0.0,1.0
S,Sul,Fio dagua,JACUI,JIUHCA,CASTRO ALVES,97.0,2024-05-16 16:00:00,241.35,149.09,256.74,837.0,837.0,157.0,660.0,20.0,0.0,2.0
S,Sul,Fio dagua,JACUI,JIUHCA,CASTRO ALVES,97.0,2024-05-16 17:00:00,241.06,149.02,223.07,614.0,629.0,158.0,471.0,20.0,0.0,
S,Sul,Fio dagua,JACUI,JIUHCA,CASTRO ALVES,97.0,2024-05-16 18:00:00,241.05,149.02,221.91,607.0,622.0,158.0,464.0,20.0,0.0,
S,Sul,Fio dagua,JACUI,JIUHCA,CASTRO ALVES,97.0,2024-05-16 19:00:00,241.05,148.95,221.91,611.0,611.0,147.0,464.0,20.0,0.0,
S,Sul,Fio dagua,JACUI,JIUHCA,CASTRO ALVES,97.0,2024-05-16 20:00:00,241.04,148.95,220.75,600.0,615.0,158.0,457.0,20.0,0.0,
S,Sul,Fio dagua,JACUI,JIUHCA,CASTRO ALVES,97.0,2024-05-16 21:00:00,241.02,148.95,218.43,572.0,602.0,158.0,444.0,20.0,0.0,
S,Sul,Fio dagua,JACUI,JIUHCA,CASTRO ALVES,97.0,2024-05-16 22:00:00,241.02,148.95,218.43,602.0,602.0,158.0,444.0,20.0,0.0,
S,Sul,Fio dagua,JACUI,JIUHCA,CASTRO ALVES,97.0,2024-05-16 23:00:00,241.01,148.87,217.27,581.0,596.0,158.0,438.0,20.0,0.0,
S,Sul,Fio dagua,JACUI,JIUHCA,CASTRO ALVES,97.0,2024-05-16 23:59:00,241.02,148.87,218.43,617.0,602.0,158.0,444.0,20.0,0.0,
S,Sul,Fio dagua,JACUI,JIUHCA,CASTRO ALVES,97.0,2024-05-17 02:00:00,240.99,148.87,214.94,583.0,583.0,157.0,425.0,19.0,0.0,1.0
S,Sul,Fio dagua,JACUI,JIUHCA,CASTRO ALVES,97.0,2024-05-17 03:00:00,240.99,147.87,214.94,581.0,581.0,156.0,425.0,19.0,0.0,1.0
S,Sul,Fio dagua,JACUI,JIUHCA,CASTRO ALVES,97.0,2024-05-17 04:00:00,240.99,148.79,214.94,582.0,582.0,157.0,425.0,19.0,0.0,1.0
S,Sul,Fio dagua,JACUI,JIUHCA,CASTRO ALVES,97.0,2024-05-17 05:00:00,240.98,148.79,213.78,561.0,576.0,157.0,419.0,19.0,0.0,1.0
S,Sul,Fio dagua,JACUI,JIUHCA,CASTRO ALVES,97.0,2024-05-17 06:00:00,240.98,147.87,213.78,575.0,575.0,156.0,419.0,19.0,0.0,1.0
S,Sul,Fio dagua,JACUI,JIUHCA,CASTRO ALVES,97.0,2024-05-17 07:00:00,240.99,148.86,214.94,598.0,583.0,158.0,425.0,19.0,0.0,1.0
S,Sul,Fio dagua,JACUI,JIUHCA,CASTRO ALVES,97.0,2024-05-17 08:00:00,240.99,148.86,214.94,582.0,582.0,157.0,425.0,19.0,0.0,1.0
S,Sul,Fio dagua,JACUI,JIUHCA,CASTRO ALVES,97.0,2024-05-17 09:00:00,241.0,148.93,216.1,603.0,589.0,157.0,432.0,19.0,0.0,1.0
S,Sul,Fio dagua,JACUI,JIUHCA,CASTRO ALVES,97.0,2024-05-17 10:00:00,241.0,148.93,216.1,588.0,588.0,157.0,432.0,19.0,0.0,1.0
S,Sul,Fio dagua,JACUI,JIUHCA,CASTRO ALVES,97.0,2024-05-17 11:00:00,241.0,148.99,216.1,588.0,588.0,157.0,432.0,19.0,0.0,1.0
S,Sul,Fio dagua,JACUI,JIUHCA,CASTRO ALVES,97.0,2024-05-17 12:00:00,241.0,149.06,216.1,589.0,589.0,157.0,432.0,19.0,0.0,1.0
S,Sul,Fio dagua,JACUI,JIUHCA,CASTRO ALVES,97.0,2024-05-17 13:00:00,241.0,149.06,216.1,588.0,588.0,157.0,432.0,19.0,0.0,1.0
S,Sul,Fio dagua,JACUI,JIUHCA,CASTRO ALVES,97.0,2024-05-17 14:00:00,241.0,149.06,216.1,588.0,588.0,157.0,432.0,19.0,0.0,1.0
S,Sul,Fio dagua,JACUI,JIUHCA,CASTRO ALVES,97.0,2024-05-17 15:00:00,241.03,149.06,219.59,652.0,608.0,157.0,451.0,19.0,0.0,1.0
S,Sul,Fio dagua,JACUI,JIUHCA,CASTRO ALVES,97.0,2024-05-17 16:00:00,241.08,149.06,225.39,716.0,641.0,157.0,484.0,19.0,0.0,1.0
S,Sul,Fio dagua,JACUI,JIUHCA,CASTRO ALVES,97.0,2024-05-17 17:00:00,241.1,149.06,227.71,685.0,655.0,157.0,498.0,19.0,0.0,1.0
S,Sul,Fio dagua,JACUI,JIUHCA,CASTRO ALVES,97.0,2024-05-17 18:00:00,241.15,149.2,233.52,764.0,689.0,158.0,532.0,19.0,0.0,1.0
S,Sul,Fio dagua,JACUI,JIUHCA,CASTRO ALVES,97.0,2024-05-17 19:00:00,241.15,149.28,233.52,690.0,690.0,158.0,532.0,19.0,0.0,1.0
S,Sul,Fio dagua,JACUI,JIUHCA,CASTRO ALVES,97.0,2024-05-17 20:00:00,241.19,149.34,238.16,777.0,718.0,158.0,560.0,19.0,0.0,1.0
S,Sul,Fio dagua,JACUI,JIUHCA,CASTRO ALVES,97.0,2024-05-17 21:00:00,241.19,149.34,238.16,718.0,718.0,158.0,560.0,19.0,0.0,1.0
S,Sul,Fio dagua,JACUI,JIUHCA,CASTRO ALVES,97.0,2024-05-17 23:59:00,241.23,149.48,242.81,777.0,747.0,158.0,589.0,19.0,0.0,1.0
S,Sul,Fio dagua,JACUI,JIUHCA,CASTRO ALVES,97.0,2024-05-18 01:00:00,241.23,149.55,242.81,747.0,747.0,158.0,589.0,19.0,0.0,1.0
S,Sul,Fio dagua,JACUI,JIUHCA,CASTRO ALVES,97.0,2024-05-18 02:00:00,241.24,149.55,243.97,769.0,754.0,158.0,596.0,19.0,0.0,1.0
S,Sul,Fio dagua,JACUI,JIUHCA,CASTRO ALVES,97.0,2024-05-18 03:00:00,241.24,149.6,243.97,755.0,755.0,158.0,596.0,19.0,0.0,1.0
S,Sul,Fio dagua,JACUI,JIUHCA,CASTRO ALVES,97.0,2024-05-18 04:00:00,241.25,149.6,245.13,777.0,762.0,158.0,603.0,19.0,0.0,1.0
S,Sul,Fio dagua,JACUI,JIUHCA,CASTRO ALVES,97.0,2024-05-18 05:00:00,241.27,149.65,247.45,806.0,776.0,158.0,618.0,19.0,0.0,1.0
S,Sul,Fio dagua,JACUI,JIUHCA,CASTRO ALVES,97.0,2024-05-18 06:00:00,241.29,149.65,249.77,821.0,791.0,158.0,633.0,19.0,0.0,1.0
S,Sul,Fio dagua,JACUI,JIUHCA,CASTRO ALVES,97.0,2024-05-18 07:00:00,241.3,149.7,250.94,814.0,799.0,158.0,641.0,19.0,0.0,1.0
S,Sul,Fio dagua,JACUI,JIUHCA,CASTRO ALVES,97.0,2024-05-18 08:00:00,241.32,149.83,253.26,844.0,814.0,158.0,656.0,19.0,0.0,1.0
S,Sul,Fio dagua,JACUI,JIUHCA,CASTRO ALVES,97.0,2024-05-18 09:00:00,241.34,149.83,255.58,859.0,829.0,159.0,671.0,19.0,0.0,1.0
S,Sul,Fio dagua,JACUI,JIUHCA,CASTRO ALVES,97.0,2024-05-18 10:00:00,241.33,149.9,254.42,806.0,821.0,158.0,663.0,19.0,0.0,1.0
S,Sul,Fio dagua,JACUI,JIUHCA,CASTRO ALVES,97.0,2024-05-18 11:00:00,241.35,149.97,256.74,866.0,836.0,158.0,678.0,19.0,0.0,1.0
S,Sul,Fio dagua,JACUI,JIUHCA,CASTRO ALVES,97.0,2024-05-18 12:00:00,241.36,149.97,257.9,859.0,844.0,158.0,686.0,19.0,0.0,1.0
S,Sul,Fio dagua,JACUI,JIUHCA,CASTRO ALVES,97.0,2024-05-18 13:00:00,241.36,149.97,257.9,844.0,844.0,158.0,686.0,19.0,0.0,1.0
S,Sul,Fio dagua,JACUI,JIUHCA,CASTRO ALVES,97.0,2024-05-18 14:00:00,241.39,150.04,261.38,911.0,867.0,157.0,709.0,19.0,0.0,1.0
S,Sul,Fio dagua,JACUI,JIUHCA,CASTRO ALVES,97.0,2024-05-18 15:00:00,241.39,150.04,261.38,867.0,867.0,158.0,709.0,19.0,0.0,1.0
S,Sul,Fio dagua,JACUI,JIUHCA,CASTRO ALVES,97.0,2024-05-18 16:00:00,241.39,150.04,261.38,867.0,867.0,158.0,709.0,19.0,0.0,1.0
S,Sul,Fio dagua,JACUI,JIUHCA,CASTRO ALVES,97.0,2024-05-18 17:00:00,241.37,150.11,259.06,822.0,852.0,158.0,694.0,19.0,0.0,1.0
S,Sul,Fio dagua,JACUI,JIUHCA,CASTRO ALVES,97.0,2024-05-18 18:00:00,241.37,149.11,259.06,850.0,850.0,156.0,694.0,19.0,0.0,1.0
S,Sul,Fio dagua,JACUI,JIUHCA,CASTRO ALVES,97.0,2024-05-18 19:00:00,241.37,149.96,259.06,851.0,851.0,157.0,694.0,19.0,0.0,1.0
S,Sul,Fio dagua,JACUI,JIUHCA,CASTRO ALVES,97.0,2024-05-18 20:00:00,241.33,149.9,254.42,761.0,821.0,158.0,663.0,19.0,0.0,1.0
S,Sul,Fio dagua,JACUI,JIUHCA,CASTRO ALVES,97.0,2024-05-18 21:00:00,241.31,149.9,252.1,776.0,806.0,158.0,648.0,19.0,0.0,1.0
S,Sul,Fio dagua,JACUI,JIUHCA,CASTRO ALVES,97.0,2024-05-18 22:00:00,241.31,149.83,252.1,806.0,806.0,158.0,648.0,19.0,0.0,1.0
S,Sul,Fio dagua,JACUI,JIUHCA,CASTRO ALVES,97.0,2024-05-18 23:00:00,241.33,149.83,254.42,851.0,821.0,158.0,663.0,19.0,0.0,1.0
S,Sul,Fio dagua,JACUI,JIUHCA,CASTRO ALVES,97.0,2024-05-18 23:59:00,241.34,149.83,255.58,843.0,829.0,158.0,671.0,19.0,0.0,1.0
S,Sul,Fio dagua,JACUI,JIUHCA,CASTRO ALVES,97.0,2024-05-19 01:00:00,241.32,149.76,253.26,784.0,814.0,158.0,656.0,19.0,0.0,1.0
S,Sul,Fio dagua,JACUI,JIUHCA,CASTRO ALVES,97.0,2024-05-19 02:00:00,241.3,149.76,250.94,769.0,799.0,158.0,641.0,19.0,0.0,1.0
S,Sul,Fio dagua,JACUI,JIUHCA,CASTRO ALVES,97.0,2024-05-19 03:00:00,241.29,149.69,249.77,777.0,791.0,158.0,633.0,19.0,0.0,1.0
S,Sul,Fio dagua,JACUI,JIUHCA,CASTRO ALVES,97.0,2024-05-19 04:00:00,241.26,149.69,246.29,725.0,769.0,158.0,611.0,19.0,0.0,1.0
S,Sul,Fio dagua,JACUI,JIUHCA,CASTRO ALVES,97.0,2024-05-19 05:00:00,241.24,149.61,243.97,725.0,754.0,158.0,596.0,19.0,0.0,1.0
S,Sul,Fio dagua,JACUI,JIUHCA,CASTRO ALVES,97.0,2024-05-19 06:00:00,241.23,149.55,242.81,732.0,747.0,158.0,589.0,19.0,0.0,1.0
S,Sul,Fio dagua,JACUI,JIUHCA,CASTRO ALVES,97.0,2024-05-19 07:00:00,241.22,149.55,241.65,725.0,740.0,158.0,582.0,19.0,0.0,1.0
S,Sul,Fio dagua,JACUI,JIUHCA,CASTRO ALVES,97.0,2024-05-19 08:00:00,241.19,149.55,238.16,674.0,718.0,158.0,560.0,19.0,0.0,1.0
S,Sul,Fio dagua,JACUI,JIUHCA,CASTRO ALVES,97.0,2024-05-19 09:00:00,241.18,149.41,237.0,696.0,711.0,158.0,553.0,19.0,0.0,1.0
S,Sul,Fio dagua,JACUI,JIUHCA,CASTRO ALVES,97.0,2024-05-19 10:00:00,241.17,149.41,235.84,689.0,704.0,158.0,546.0,19.0,0.0,1.0
S,Sul,Fio dagua,JACUI,JIUHCA,CASTRO ALVES,97.0,2024-05-19 11:00:00,241.17,149.41,235.84,704.0,704.0,158.0,546.0,19.0,0.0,1.0
S,Sul,Fio dagua,JACUI,JIUHCA,CASTRO ALVES,97.0,2024-05-19 12:00:00,241.15,149.33,233.52,660.0,690.0,158.0,532.0,19.0,0.0,1.0
S,Sul,Fio dagua,JACUI,JIUHCA,CASTRO ALVES,97.0,2024-05-19 13:00:00,241.13,149.33,231.2,646.0,676.0,158.0,518.0,19.0,0.0,1.0
S,Sul,Fio dagua,JACUI,JIUHCA,CASTRO ALVES,97.0,2024-05-19 14:00:00,241.13,149.27,231.2,676.0,676.0,158.0,518.0,19.0,0.0,1.0
S,Sul,Fio dagua,JACUI,JIUHCA,CASTRO ALVES,97.0,2024-05-19 15:00:00,241.1,149.2,227.71,610.0,655.0,157.0,498.0,19.0,0.0,1.0
S,Sul,Fio dagua,JACUI,JIUHCA,CASTRO ALVES,97.0,2024-05-19 16:00:00,241.09,149.2,226.55,633.0,648.0,157.0,491.0,19.0,0.0,1.0
S,Sul,Fio dagua,JACUI,JIUHCA,CASTRO ALVES,97.0,2024-05-19 17:00:00,241.09,149.2,226.55,648.0,648.0,157.0,491.0,19.0,0.0,1.0
S,Sul,Fio dagua,JACUI,JIUHCA,CASTRO ALVES,97.0,2024-05-19 18:00:00,241.1,149.2,227.71,670.0,655.0,157.0,498.0,19.0,0.0,1.0
S,Sul,Fio dagua,JACUI,JIUHCA,CASTRO ALVES,97.0,2024-05-19 19:00:00,241.1,149.13,227.71,654.0,654.0,157.0,498.0,19.0,0.0,1.0
S,Sul,Fio dagua,JACUI,JIUHCA,CASTRO ALVES,97.0,2024-05-19 20:00:00,241.09,149.13,226.55,633.0,648.0,157.0,491.0,19.0,0.0,1.0
S,Sul,Fio dagua,JACUI,JIUHCA,CASTRO ALVES,97.0,2024-05-19 21:00:00,241.08,149.06,225.39,626.0,641.0,157.0,484.0,19.0,0.0,1.0
S,Sul,Fio dagua,JACUI,JIUHCA,CASTRO ALVES,97.0,2024-05-19 22:00:00,241.1,149.06,227.71,684.0,654.0,157.0,498.0,19.0,0.0,1.0
S,Sul,Fio dagua,JACUI,JIUHCA,CASTRO ALVES,97.0,2024-05-19 23:00:00,241.09,149.06,226.55,633.0,648.0,157.0,491.0,19.0,0.0,1.0
S,Sul,Fio dagua,JACUI,JIUHCA,CASTRO ALVES,97.0,2024-05-19 23:59:00,241.07,149.06,224.23,604.0,634.0,157.0,477.0,19.0,0.0,1.0
S,Sul,Fio dagua,JACUI,JIUHCA,CASTRO ALVES,97.0,2024-05-20 01:00:00,241.07,149.06,224.23,635.0,635.0,157.0,477.0,19.0,0.0,1.0
S,Sul,Fio dagua,JACUI,JIUHCA,CASTRO ALVES,97.0,2024-05-20 02:00:00,241.06,148.99,223.07,613.0,628.0,157.0,471.0,19.0,0.0,1.0
S,Sul,Fio dagua,JACUI,JIUHCA,CASTRO ALVES,97.0,2024-05-20 03:00:00,241.06,148.99,223.07,628.0,628.0,157.0,471.0,19.0,0.0,1.0
S,Sul,Fio dagua,JACUI,JIUHCA,CASTRO ALVES,97.0,2024-05-20 04:00:00,241.04,148.99,220.75,585.0,615.0,157.0,457.0,19.0,0.0,1.0
S,Sul,Fio dagua,JACUI,JIUHCA,CASTRO ALVES,97.0,2024-05-20 05:00:00,241.03,148.9,219.59,593.0,608.0,157.0,451.0,19.0,0.0,1.0
S,Sul,Fio dagua,JACUI,JIUHCA,CASTRO ALVES,97.0,2024-05-20 06:00:00,241.02,148.92,218.43,587.0,602.0,157.0,444.0,19.0,0.0,1.0
S,Sul,Fio dagua,JACUI,JIUHCA,CASTRO ALVES,97.0,2024-05-20 07:00:00,241.02,148.92,218.43,602.0,602.0,157.0,444.0,19.0,0.0,1.0
S,Sul,Fio dagua,JACUI,JIUHCA,CASTRO ALVES,97.0,2024-05-20 08:00:00,241.01,148.92,217.27,581.0,595.0,158.0,438.0,19.0,0.0,1.0
S,Sul,Fio dagua,JACUI,JIUHCA,CASTRO ALVES,97.0,2024-05-20 09:00:00,241.01,148.85,217.27,595.0,595.0,157.0,438.0,19.0,0.0,1.0
S,Sul,Fio dagua,JACUI,JIUHCA,CASTRO ALVES,97.0,2024-05-20 10:00:00,241.01,148.85,217.27,595.0,595.0,157.0,438.0,19.0,0.0,1.0
S,Sul,Fio dagua,JACUI,JIUHCA,CASTRO ALVES,97.0,2024-05-20 11:00:00,241.01,148.85,217.27,595.0,595.0,157.0,438.0,19.0,0.0,1.0
S,Sul,Fio dagua,JACUI,JIUHCA,CASTRO ALVES,97.0,2024-05-20 12:00:00,240.98,149.2,213.78,532.0,576.0,158.0,419.0,19.0,0.0,1.0
S,Sul,Fio dagua,JACUI,JIUHCA,CASTRO ALVES,97.0,2024-05-20 13:00:00,240.98,149.54,213.78,577.0,577.0,158.0,419.0,19.0,0.0,1.0
S,Sul,Fio dagua,JACUI,JIUHCA,CASTRO ALVES,97.0,2024-05-20 14:00:00,240.96,149.6,211.46,534.0,564.0,158.0,406.0,19.0,0.0,1.0
S,Sul,Fio dagua,JACUI,JIUHCA,CASTRO ALVES,97.0,2024-05-20 15:00:00,240.97,149.6,212.62,585.0,570.0,158.0,412.0,19.0,0.0,1.0
S,Sul,Fio dagua,JACUI,JIUHCA,CASTRO ALVES,97.0,2024-05-20 16:00:00,240.88,149.6,202.17,379.0,513.0,158.0,354.0,19.0,0.0,1.0
S,Sul,Fio dagua,JACUI,JIUHCA,CASTRO ALVES,97.0,2024-05-20 17:00:00,240.97,149.6,212.62,702.0,569.0,157.0,412.0,19.0,0.0,1.0
S,Sul,Fio dagua,JACUI,JIUHCA,CASTRO ALVES,97.0,2024-05-20 18:00:00,240.97,149.6,212.62,569.0,569.0,157.0,412.0,19.0,0.0,1.0
S,Sul,Fio dagua,JACUI,JIUHCA,CASTRO ALVES,97.0,2024-05-20 19:00:00,240.96,149.54,211.46,547.0,562.0,157.0,406.0,19.0,0.0,1.0
S,Sul,Fio dagua,JACUI,JIUHCA,CASTRO ALVES,97.0,2024-05-20 20:00:00,240.94,149.54,209.14,519.0,549.0,156.0,392.0,19.0,0.0,1.0
S,Sul,Fio dagua,JACUI,JIUHCA,CASTRO ALVES,97.0,2024-05-20 21:00:00,240.94,149.54,209.14,550.0,550.0,158.0,392.0,19.0,0.0,1.0
S,Sul,Fio dagua,JACUI,JIUHCA,CASTRO ALVES,97.0,2024-05-20 22:00:00,240.94,149.54,209.14,550.0,550.0,158.0,392.0,19.0,0.0,1.0
S,Sul,Fio dagua,JACUI,JIUHCA,CASTRO ALVES,97.0,2024-05-20 23:00:00,240.93,149.54,207.98,529.0,544.0,158.0,386.0,19.0,0.0,1.0
S,Sul,Fio dagua,JACUI,JIUHCA,CASTRO ALVES,97.0,2024-05-20 23:59:00,240.93,149.47,207.98,544.0,544.0,158.0,386.0,19.0,0.0,1.0
S,Sul,Fio dagua,JACUI,JIUHCA,CASTRO ALVES,97.0,2024-05-21 01:00:00,240.92,149.47,206.82,476.0,491.0,111.0,380.0,19.0,0.0,1.0
S,Sul,Fio dagua,JACUI,JIUHCA,CASTRO ALVES,97.0,2024-05-21 02:00:00,240.91,149.47,205.65,516.0,531.0,158.0,373.0,19.0,0.0,1.0
S,Sul,Fio dagua,JACUI,JIUHCA,CASTRO ALVES,97.0,2024-05-21 03:00:00,240.92,149.47,206.82,552.0,538.0,158.0,380.0,19.0,0.0,1.0
S,Sul,Fio dagua,JACUI,JIUHCA,CASTRO ALVES,97.0,2024-05-21 04:00:00,240.91,149.4,205.65,516.0,531.0,158.0,373.0,19.0,0.0,1.0
S,Sul,Fio dagua,JACUI,JIUHCA,CASTRO ALVES,97.0,2024-05-21 05:00:00,240.87,149.4,201.01,447.0,506.0,158.0,348.0,19.0,0.0,1.0
S,Sul,Fio dagua,JACUI,JIUHCA,CASTRO ALVES,97.0,2024-05-21 06:00:00,240.75,149.4,187.08,258.0,436.0,158.0,278.0,19.0,0.0,1.0
S,Sul,Fio dagua,JACUI,JIUHCA,CASTRO ALVES,97.0,2024-05-21 07:00:00,240.88,149.4,202.17,705.0,512.0,158.0,354.0,19.0,0.0,1.0
S,Sul,Fio dagua,JACUI,JIUHCA,CASTRO ALVES,97.0,2024-05-21 08:00:00,240.89,149.4,203.33,533.0,519.0,158.0,361.0,19.0,0.0,1.0
S,Sul,Fio dagua,JACUI,JIUHCA,CASTRO ALVES,97.0,2024-05-21 09:00:00,240.86,146.4,199.85,451.0,495.0,153.0,342.0,19.0,0.0,1.0
S,Sul,Fio dagua,JACUI,JIUHCA,CASTRO ALVES,97.0,2024-05-21 10:00:00,240.86,149.33,199.85,500.0,500.0,158.0,342.0,19.0,0.0,1.0
S,Sul,Fio dagua,JACUI,JIUHCA,CASTRO ALVES,97.0,2024-05-21 11:00:00,240.86,149.33,199.85,500.0,500.0,158.0,342.0,19.0,0.0,1.0
S,Sul,Fio dagua,JACUI,JIUHCA,CASTRO ALVES,97.0,2024-05-21 12:00:00,240.84,149.33,197.53,458.0,488.0,158.0,330.0,19.0,0.0,1.0
S,Sul,Fio dagua,JACUI,JIUHCA,CASTRO ALVES,97.0,2024-05-21 13:00:00,240.84,149.33,197.53,488.0,488.0,158.0,330.0,19.0,0.0,1.0
S,Sul,Fio dagua,JACUI,JIUHCA,CASTRO ALVES,97.0,2024-05-21 14:00:00,240.83,149.33,196.37,467.0,482.0,158.0,324.0,19.0,0.0,1.0
S,Sul,Fio dagua,JACUI,JIUHCA,CASTRO ALVES,97.0,2024-05-21 15:00:00,240.83,149.33,196.37,481.0,481.0,157.0,324.0,19.0,0.0,1.0
S,Sul,Fio dagua,JACUI,JIUHCA,CASTRO ALVES,97.0,2024-05-21 16:00:00,240.81,149.27,194.04,440.0,470.0,158.0,312.0,19.0,0.0,1.0
S,Sul,Fio dagua,JACUI,JIUHCA,CASTRO ALVES,97.0,2024-05-21 17:00:00,240.81,149.27,194.04,470.0,470.0,158.0,312.0,19.0,0.0,1.0
S,Sul,Fio dagua,JACUI,JIUHCA,CASTRO ALVES,97.0,2024-05-21 18:00:00,240.82,149.27,195.21,490.0,476.0,157.0,318.0,19.0,0.0,1.0
S,Sul,Fio dagua,JACUI,JIUHCA,CASTRO ALVES,97.0,2024-05-21 19:00:00,240.8,149.27,192.88,434.0,464.0,157.0,306.0,19.0,0.0,1.0
S,Sul,Fio dagua,JACUI,JIUHCA,CASTRO ALVES,97.0,2024-05-21 20:00:00,240.81,149.21,194.04,484.0,470.0,157.0,312.0,19.0,0.0,1.0
S,Sul,Fio dagua,JACUI,JIUHCA,CASTRO ALVES,97.0,2024-05-21 21:00:00,240.81,149.21,194.04,470.0,470.0,157.0,312.0,19.0,0.0,1.0
S,Sul,Fio dagua,JACUI,JIUHCA,CASTRO ALVES,97.0,2024-05-21 22:00:00,240.8,149.21,192.88,449.0,464.0,157.0,306.0,19.0,0.0,1.0
S,Sul,Fio dagua,JACUI,JIUHCA,CASTRO ALVES,97.0,2024-05-21 23:00:00,240.81,149.21,194.04,485.0,470.0,157.0,312.0,19.0,0.0,1.0
S,Sul,Fio dagua,JACUI,JIUHCA,CASTRO ALVES,97.0,2024-05-21 23:59:00,240.81,149.21,194.04,470.0,470.0,157.0,312.0,19.0,0.0,1.0
S,Sul,Fio dagua,JACUI,JIUHCA,CASTRO ALVES,97.0,2024-05-22 01:00:00,240.81,149.21,194.04,470.0,470.0,157.0,312.0,19.0,0.0,1.0
S,Sul,Fio dagua,JACUI,JIUHCA,CASTRO ALVES,97.0,2024-05-22 02:00:00,240.81,149.14,194.04,469.0,469.0,157.0,312.0,19.0,0.0,1.0
S,Sul,Fio dagua,JACUI,JIUHCA,CASTRO ALVES,97.0,2024-05-22 03:00:00,240.8,149.14,192.88,449.0,464.0,157.0,306.0,19.0,0.0,1.0
S,Sul,Fio dagua,JACUI,JIUHCA,CASTRO ALVES,97.0,2024-05-22 04:00:00,240.8,149.14,192.88,464.0,464.0,157.0,306.0,19.0,0.0,1.0
S,Sul,Fio dagua,JACUI,JIUHCA,CASTRO ALVES,97.0,2024-05-22 05:00:00,240.8,149.14,192.88,464.0,464.0,157.0,306.0,19.0,0.0,1.0
S,Sul,Fio dagua,JACUI,JIUHCA,CASTRO ALVES,97.0,2024-05-22 06:00:00,240.8,149.14,192.88,464.0,464.0,157.0,306.0,19.0,0.0,1.0
S,Sul,Fio dagua,JACUI,JIUHCA,CASTRO ALVES,97.0,2024-05-22 07:00:00,240.8,149.14,192.88,464.0,464.0,157.0,306.0,19.0,0.0,1.0
S,Sul,Fio dagua,JACUI,JIUHCA,CASTRO ALVES,97.0,2024-05-22 08:00:00,240.78,149.14,190.56,423.0,452.0,157.0,295.0,19.0,0.0,1.0
S,Sul,Fio dagua,JACUI,JIUHCA,CASTRO ALVES,97.0,2024-05-22 09:00:00,240.76,149.14,188.24,411.0,441.0,157.0,284.0,19.0,0.0,1.0
S,Sul,Fio dagua,JACUI,JIUHCA,CASTRO ALVES,97.0,2024-05-22 10:00:00,240.76,149.14,188.24,441.0,441.0,158.0,284.0,19.0,0.0,1.0
S,Sul,Fio dagua,JACUI,JIUHCA,CASTRO ALVES,97.0,2024-05-22 11:00:00,240.76,149.14,188.24,441.0,441.0,158.0,284.0,19.0,0.0,1.0
S,Sul,Fio dagua,JACUI,JIUHCA,CASTRO ALVES,97.0,2024-05-22 12:00:00,240.75,149.14,187.08,421.0,436.0,158.0,278.0,19.0,0.0,1.0
S,Sul,Fio dagua,JACUI,JIUHCA,CASTRO ALVES,97.0,2024-05-22 13:00:00,240.76,149.1,188.24,456.0,441.0,158.0,284.0,19.0,0.0,1.0
S,Sul,Fio dagua,JACUI,JIUHCA,CASTRO ALVES,97.0,2024-05-22 14:00:00,240.75,149.1,187.08,421.0,436.0,158.0,278.0,19.0,0.0,1.0
S,Sul,Fio dagua,JACUI,JIUHCA,CASTRO ALVES,97.0,2024-05-22 15:00:00,240.75,149.1,187.08,437.0,437.0,159.0,278.0,19.0,0.0,1.0
S,Sul,Fio dagua,JACUI,JIUHCA,CASTRO ALVES,97.0,2024-05-22 16:00:00,240.75,149.07,187.08,436.0,436.0,158.0,278.0,19.0,0.0,1.0
S,Sul,Fio dagua,JACUI,JIUHCA,CASTRO ALVES,97.0,2024-05-22 17:00:00,240.74,149.07,185.92,415.0,430.0,158.0,272.0,19.0,0.0,1.0
S,Sul,Fio dagua,JACUI,JIUHCA,CASTRO ALVES,97.0,2024-05-22 18:00:00,240.71,149.07,182.43,370.0,414.0,158.0,256.0,19.0,0.0,1.0
S,Sul,Fio dagua,JACUI,JIUHCA,CASTRO ALVES,97.0,2024-05-22 19:00:00,240.71,149.07,182.43,414.0,414.0,158.0,256.0,19.0,0.0,1.0
S,Sul,Fio dagua,JACUI,JIUHCA,CASTRO ALVES,97.0,2024-05-22 20:00:00,240.71,149.0,182.43,414.0,414.0,158.0,256.0,19.0,0.0,1.0
S,Sul,Fio dagua,JACUI,JIUHCA,CASTRO ALVES,97.0,2024-05-22 21:00:00,240.7,149.0,181.27,394.0,409.0,158.0,251.0,19.0,0.0,1.0
S,Sul,Fio dagua,JACUI,JIUHCA,CASTRO ALVES,97.0,2024-05-22 22:00:00,240.7,149.0,181.27,409.0,409.0,158.0,251.0,19.0,0.0,1.0
S,Sul,Fio dagua,JACUI,JIUHCA,CASTRO ALVES,97.0,2024-05-22 23:00:00,240.7,149.0,181.27,357.0,357.0,106.0,251.0,19.0,0.0,1.0
S,Sul,Fio dagua,JACUI,JIUHCA,CASTRO ALVES,97.0,2024-05-22 23:59:00,240.7,149.0,181.27,409.0,409.0,158.0,251.0,19.0,0.0,1.0
S,Sul,Fio dagua,JACUI,JIUHCA,CASTRO ALVES,97.0,2024-05-23 01:00:00,240.69,149.0,180.11,389.0,403.0,158.0,246.0,19.0,0.0,1.0
S,Sul,Fio dagua,JACUI,JIUHCA,CASTRO ALVES,97.0,2024-05-23 02:00:00,240.69,149.01,180.11,403.0,403.0,158.0,246.0,19.0,0.0,1.0
S,Sul,Fio dagua,JACUI,JIUHCA,CASTRO ALVES,97.0,2024-05-23 03:00:00,240.68,148.95,178.95,383.0,398.0,158.0,240.0,19.0,0.0,1.0
S,Sul,Fio dagua,JACUI,JIUHCA,CASTRO ALVES,97.0,2024-05-23 04:00:00,240.67,148.98,177.79,378.0,393.0,158.0,235.0,19.0,0.0,1.0
S,Sul,Fio dagua,JACUI,JIUHCA,CASTRO ALVES,97.0,2024-05-23 05:00:00,240.67,148.95,177.79,393.0,393.0,158.0,235.0,19.0,0.0,1.0
S,Sul,Fio dagua,JACUI,JIUHCA,CASTRO ALVES,97.0,2024-05-23 06:00:00,240.67,148.95,177.79,393.0,393.0,158.0,235.0,19.0,0.0,1.0
S,Sul,Fio dagua,JACUI,JIUHCA,CASTRO ALVES,97.0,2024-05-23 07:00:00,240.67,148.94,177.79,393.0,393.0,158.0,235.0,19.0,0.0,1.0
S,Sul,Fio dagua,JACUI,JIUHCA,CASTRO ALVES,97.0,2024-05-23 08:00:00,240.67,148.94,177.79,393.0,393.0,158.0,235.0,19.0,0.0,1.0
S,Sul,Fio dagua,JACUI,JIUHCA,CASTRO ALVES,97.0,2024-05-23 09:00:00,240.66,148.95,176.63,373.0,388.0,158.0,230.0,19.0,0.0,1.0
S,Sul,Fio dagua,JACUI,JIUHCA,CASTRO ALVES,97.0,2024-05-23 10:00:00,240.67,148.95,177.79,408.0,393.0,158.0,235.0,19.0,0.0,1.0
S,Sul,Fio dagua,JACUI,JIUHCA,CASTRO ALVES,97.0,2024-05-23 11:00:00,240.66,149.01,176.63,373.0,388.0,158.0,230.0,19.0,0.0,1.0
S,Sul,Fio dagua,JACUI,JIUHCA,CASTRO ALVES,97.0,2024-05-23 12:00:00,240.66,149.01,176.63,388.0,388.0,158.0,230.0,19.0,0.0,1.0
S,Sul,Fio dagua,JACUI,JIUHCA,CASTRO ALVES,97.0,2024-05-23 13:00:00,240.66,149.01,176.63,388.0,388.0,158.0,230.0,19.0,0.0,1.0
S,Sul,Fio dagua,JACUI,JIUHCA,CASTRO ALVES,97.0,2024-05-23 14:00:00,240.65,148.95,175.47,368.0,383.0,158.0,225.0,19.0,0.0,1.0
S,Sul,Fio dagua,JACUI,JIUHCA,CASTRO ALVES,97.0,2024-05-23 15:00:00,240.65,149.01,175.47,383.0,383.0,158.0,225.0,19.0,0.0,1.0
S,Sul,Fio dagua,JACUI,JIUHCA,CASTRO ALVES,97.0,2024-05-23 16:00:00,240.67,149.01,177.79,423.0,393.0,158.0,235.0,19.0,0.0,1.0
S,Sul,Fio dagua,JACUI,JIUHCA,CASTRO ALVES,97.0,2024-05-23 17:00:00,240.67,149.01,177.79,393.0,393.0,158.0,235.0,19.0,0.0,1.0
S,Sul,Fio dagua,JACUI,JIUHCA,CASTRO ALVES,97.0,2024-05-23 18:00:00,240.68,148.95,178.95,413.0,398.0,158.0,240.0,19.0,0.0,1.0
S,Sul,Fio dagua,JACUI,JIUHCA,CASTRO ALVES,97.0,2024-05-23 19:00:00,240.68,148.95,178.95,398.0,398.0,158.0,240.0,19.0,0.0,1.0
S,Sul,Fio dagua,JACUI,JIUHCA,CASTRO ALVES,97.0,2024-05-23 20:00:00,240.68,148.94,178.95,398.0,398.0,158.0,240.0,19.0,0.0,1.0
S,Sul,Fio dagua,JACUI,JIUHCA,CASTRO ALVES,97.0,2024-05-23 21:00:00,240.68,148.87,178.95,398.0,398.0,158.0,240.0,19.0,0.0,1.0
S,Sul,Fio dagua,JACUI,JIUHCA,CASTRO ALVES,97.0,2024-05-23 22:00:00,240.71,148.87,182.43,458.0,414.0,158.0,256.0,19.0,0.0,1.0
S,Sul,Fio dagua,JACUI,JIUHCA,CASTRO ALVES,97.0,2024-05-23 23:00:00,240.72,148.87,183.59,434.0,419.0,158.0,262.0,19.0,0.0,1.0
S,Sul,Fio dagua,JACUI,JIUHCA,CASTRO ALVES,97.0,2024-05-23 23:59:00,240.74,148.94,185.92,460.0,430.0,158.0,272.0,19.0,0.0,1.0
S,Sul,Fio dagua,JACUI,JIUHCA,CASTRO ALVES,97.0,2024-05-24 01:00:00,240.8,149.01,192.88,553.0,464.0,158.0,306.0,19.0,0.0,1.0
S,Sul,Fio dagua,JACUI,JIUHCA,CASTRO ALVES,97.0,2024-05-24 02:00:00,240.82,149.17,195.21,506.0,476.0,158.0,318.0,19.0,0.0,1.0
S,Sul,Fio dagua,JACUI,JIUHCA,CASTRO ALVES,97.0,2024-05-24 03:00:00,240.81,149.17,194.04,455.0,470.0,158.0,312.0,19.0,0.0,1.0
S,Sul,Fio dagua,JACUI,JIUHCA,CASTRO ALVES,97.0,2024-05-24 04:00:00,240.83,148.79,196.37,511.0,481.0,157.0,324.0,19.0,0.0,1.0
S,Sul,Fio dagua,JACUI,JIUHCA,CASTRO ALVES,97.0,2024-05-24 05:00:00,240.84,148.7,197.53,502.0,487.0,157.0,330.0,19.0,0.0,1.0
S,Sul,Fio dagua,JACUI,JIUHCA,CASTRO ALVES,97.0,2024-05-24 06:00:00,240.85,148.58,198.69,508.0,493.0,157.0,336.0,19.0,0.0,1.0
S,Sul,Fio dagua,JACUI,JIUHCA,CASTRO ALVES,97.0,2024-05-24 07:00:00,240.9,148.58,204.49,598.0,523.0,157.0,367.0,19.0,0.0,1.0
S,Sul,Fio dagua,JACUI,JIUHCA,CASTRO ALVES,97.0,2024-05-24 08:00:00,240.9,148.65,204.49,524.0,524.0,157.0,367.0,19.0,0.0,1.0
S,Sul,Fio dagua,JACUI,JIUHCA,CASTRO ALVES,97.0,2024-05-24 09:00:00,240.93,148.65,207.98,588.0,543.0,157.0,386.0,19.0,0.0,1.0
S,Sul,Fio dagua,JACUI,JIUHCA,CASTRO ALVES,97.0,2024-05-24 10:00:00,240.95,148.71,210.3,586.0,556.0,157.0,399.0,19.0,0.0,1.0
S,Sul,Fio dagua,JACUI,JIUHCA,CASTRO ALVES,97.0,2024-05-24 11:00:00,240.98,148.71,213.78,622.0,578.0,157.0,400.0,20.0,0.0,1.0
S,Sul,Fio dagua,JACUI,JIUHCA,CASTRO ALVES,97.0,2024-05-24 12:00:00,241.05,148.78,221.91,727.0,623.0,158.0,446.0,20.0,0.0,1.0
S,Sul,Fio dagua,JACUI,JIUHCA,CASTRO ALVES,97.0,2024-05-24 13:00:00,241.04,148.78,220.75,602.0,617.0,158.0,439.0,20.0,0.0,1.0
S,Sul,Fio dagua,JACUI,JIUHCA,CASTRO ALVES,97.0,2024-05-24 14:00:00,241.04,148.85,220.75,617.0,617.0,158.0,439.0,20.0,0.0,1.0
S,Sul,Fio dagua,JACUI,JIUHCA,CASTRO ALVES,97.0,2024-05-24 15:00:00,241.06,148.92,223.07,660.0,630.0,158.0,452.0,20.0,0.0,1.0
S,Sul,Fio dagua,JACUI,JIUHCA,CASTRO ALVES,97.0,2024-05-24 16:00:00,241.1,148.99,227.71,716.0,657.0,158.0,479.0,20.0,0.0,1.0
S,Sul,Fio dagua,JACUI,JIUHCA,CASTRO ALVES,97.0,2024-05-24 17:00:00,241.12,149.06,230.04,700.0,671.0,158.0,493.0,20.0,0.0,1.0
S,Sul,Fio dagua,JACUI,JIUHCA,CASTRO ALVES,97.0,2024-05-24 18:00:00,241.16,149.13,234.68,758.0,699.0,158.0,521.0,20.0,0.0,1.0
S,Sul,Fio dagua,JACUI,JIUHCA,CASTRO ALVES,97.0,2024-05-24 19:00:00,241.18,149.2,237.0,742.0,713.0,158.0,535.0,20.0,0.0,1.0
S,Sul,Fio dagua,JACUI,JIUHCA,CASTRO ALVES,97.0,2024-05-24 20:00:00,241.21,149.2,240.49,778.0,734.0,158.0,556.0,20.0,0.0,1.0
S,Sul,Fio dagua,JACUI,JIUHCA,CASTRO ALVES,97.0,2024-05-24 21:00:00,241.23,149.28,242.81,778.0,749.0,158.0,571.0,20.0,0.0,1.0
S,Sul,Fio dagua,JACUI,JIUHCA,CASTRO ALVES,97.0,2024-05-24 22:00:00,241.23,149.34,242.81,749.0,749.0,158.0,571.0,20.0,0.0,1.0
S,Sul,Fio dagua,JACUI,JIUHCA,CASTRO ALVES,97.0,2024-05-24 23:00:00,241.25,149.4,245.13,793.0,763.0,158.0,585.0,20.0,0.0,1.0
S,Sul,Fio dagua,JACUI,JIUHCA,CASTRO ALVES,97.0,2024-05-24 23:59:00,241.28,149.41,248.61,830.0,786.0,158.0,607.0,20.0,0.0,1.0
S,Sul,Fio dagua,JACUI,JIUHCA,CASTRO ALVES,97.0,2024-05-25 01:00:00,241.25,149.41,245.13,719.0,763.0,158.0,585.0,20.0,0.0,1.0
S,Sul,Fio dagua,JACUI,JIUHCA,CASTRO ALVES,97.0,2024-05-25 02:00:00,241.24,149.41,243.97,741.0,756.0,158.0,578.0,20.0,0.0,2.0
S,Sul,Fio dagua,JACUI,JIUHCA,CASTRO ALVES,97.0,2024-05-25 03:00:00,241.24,149.41,243.97,756.0,756.0,158.0,578.0,20.0,0.0,2.0
S,Sul,Fio dagua,JACUI,JIUHCA,CASTRO ALVES,97.0,2024-05-25 04:00:00,241.23,149.41,242.81,734.0,748.0,158.0,571.0,20.0,0.0,2.0
S,Sul,Fio dagua,JACUI,JIUHCA,CASTRO ALVES,97.0,2024-05-25 05:00:00,241.21,149.41,240.49,704.0,734.0,158.0,556.0,20.0,0.0,1.0
S,Sul,Fio dagua,JACUI,JIUHCA,CASTRO ALVES,97.0,2024-05-25 06:00:00,241.21,149.34,240.49,734.0,734.0,158.0,556.0,20.0,0.0,1.0
S,Sul,Fio dagua,JACUI,JIUHCA,CASTRO ALVES,97.0,2024-05-25 07:00:00,241.18,149.28,237.0,668.0,712.0,158.0,535.0,20.0,0.0,2.0
S,Sul,Fio dagua,JACUI,JIUHCA,CASTRO ALVES,97.0,2024-05-25 08:00:00,241.15,149.28,233.52,647.0,691.0,158.0,514.0,20.0,0.0,2.0
S,Sul,Fio dagua,JACUI,JIUHCA,CASTRO ALVES,97.0,2024-05-25 09:00:00,241.13,149.21,231.2,648.0,677.0,157.0,500.0,20.0,0.0,2.0
S,Sul,Fio dagua,JACUI,JIUHCA,CASTRO ALVES,97.0,2024-05-25 10:00:00,241.11,149.14,228.88,634.0,663.0,157.0,486.0,20.0,0.0,2.0
S,Sul,Fio dagua,JACUI,JIUHCA,CASTRO ALVES,97.0,2024-05-25 11:00:00,241.09,149.14,226.55,620.0,650.0,157.0,472.0,20.0,0.0,2.0
S,Sul,Fio dagua,JACUI,JIUHCA,CASTRO ALVES,97.0,2024-05-25 12:00:00,241.1,149.14,227.71,671.0,657.0,157.0,479.0,20.0,0.0,2.0
S,Sul,Fio dagua,JACUI,JIUHCA,CASTRO ALVES,97.0,2024-05-25 13:00:00,241.08,149.07,225.39,613.0,643.0,157.0,466.0,20.0,0.0,2.0
S,Sul,Fio dagua,JACUI,JIUHCA,CASTRO ALVES,97.0,2024-05-25 14:00:00,241.07,148.99,224.23,622.0,636.0,157.0,459.0,20.0,0.0,2.0
S,Sul,Fio dagua,JACUI,JIUHCA,CASTRO ALVES,97.0,2024-05-25 15:00:00,241.07,148.99,224.23,636.0,636.0,157.0,459.0,20.0,0.0,2.0
S,Sul,Fio dagua,JACUI,JIUHCA,CASTRO ALVES,97.0,2024-05-25 16:00:00,241.05,148.92,221.91,593.0,623.0,157.0,446.0,20.0,0.0,2.0
S,Sul,Fio dagua,JACUI,JIUHCA,CASTRO ALVES,97.0,2024-05-25 17:00:00,241.03,148.92,219.59,580.0,610.0,157.0,433.0,20.0,0.0,2.0
S,Sul,Fio dagua,JACUI,JIUHCA,CASTRO ALVES,97.0,2024-05-25 18:00:00,241.03,148.92,219.59,610.0,610.0,157.0,433.0,20.0,0.0,2.0
S,Sul,Fio dagua,JACUI,JIUHCA,CASTRO ALVES,97.0,2024-05-25 19:00:00,241.04,149.28,220.75,632.0,617.0,158.0,439.0,20.0,0.0,2.0
S,Sul,Fio dagua,JACUI,JIUHCA,CASTRO ALVES,97.0,2024-05-25 20:00:00,241.03,149.35,219.59,595.0,610.0,158.0,433.0,20.0,0.0,2.0
S,Sul,Fio dagua,JACUI,JIUHCA,CASTRO ALVES,97.0,2024-05-25 21:00:00,241.02,149.35,218.43,589.0,604.0,157.0,426.0,20.0,0.0,2.0
S,Sul,Fio dagua,JACUI,JIUHCA,CASTRO ALVES,97.0,2024-05-25 22:00:00,240.95,149.35,210.3,454.0,558.0,158.0,381.0,20.0,0.0,2.0
S,Sul,Fio dagua,JACUI,JIUHCA,CASTRO ALVES,97.0,2024-05-25 23:00:00,240.95,149.35,210.3,558.0,558.0,158.0,381.0,20.0,0.0,2.0
S,Sul,Fio dagua,JACUI,JIUHCA,CASTRO ALVES,97.0,2024-05-25 23:59:00,240.93,149.35,207.98,516.0,545.0,158.0,368.0,20.0,0.0,2.0
S,Sul,Fio dagua,JACUI,JIUHCA,CASTRO ALVES,97.0,2024-05-26 01:00:00,240.93,149.29,207.98,545.0,545.0,158.0,368.0,20.0,0.0,2.0
S,Sul,Fio dagua,JACUI,JIUHCA,CASTRO ALVES,97.0,2024-05-26 02:00:00,240.94,149.29,209.14,566.0,552.0,158.0,374.0,20.0,0.0,2.0
S,Sul,Fio dagua,JACUI,JIUHCA,CASTRO ALVES,97.0,2024-05-26 03:00:00,240.92,149.29,206.82,509.0,539.0,158.0,361.0,20.0,0.0,2.0
S,Sul,Fio dagua,JACUI,JIUHCA,CASTRO ALVES,97.0,2024-05-26 04:00:00,240.95,149.22,210.3,602.0,558.0,157.0,381.0,20.0,0.0,2.0
S,Sul,Fio dagua,JACUI,JIUHCA,CASTRO ALVES,97.0,2024-05-26 05:00:00,240.91,149.22,205.65,473.0,532.0,158.0,355.0,20.0,0.0,2.0
S,Sul,Fio dagua,JACUI,JIUHCA,CASTRO ALVES,97.0,2024-05-26 06:00:00,240.91,149.22,205.65,532.0,532.0,158.0,355.0,20.0,0.0,2.0
S,Sul,Fio dagua,JACUI,JIUHCA,CASTRO ALVES,97.0,2024-05-26 07:00:00,240.93,149.22,207.98,575.0,545.0,158.0,368.0,20.0,0.0,2.0
S,Sul,Fio dagua,JACUI,JIUHCA,CASTRO ALVES,97.0,2024-05-26 08:00:00,240.9,149.22,204.49,482.0,526.0,158.0,349.0,20.0,0.0,2.0
S,Sul,Fio dagua,JACUI,JIUHCA,CASTRO ALVES,97.0,2024-05-26 09:00:00,240.92,149.14,206.82,568.0,539.0,157.0,361.0,20.0,0.0,2.0
S,Sul,Fio dagua,JACUI,JIUHCA,CASTRO ALVES,97.0,2024-05-26 10:00:00,240.89,149.14,203.33,463.0,507.0,158.0,342.0,7.0,0.0,2.0
S,Sul,Fio dagua,JACUI,JIUHCA,CASTRO ALVES,97.0,2024-05-26 12:00:00,240.84,149.14,197.53,489.0,489.0,158.0,312.0,20.0,0.0,2.0
S,Sul,Fio dagua,JACUI,JIUHCA,CASTRO ALVES,97.0,2024-05-26 13:00:00,240.83,149.14,196.37,468.0,483.0,157.0,306.0,20.0,0.0,2.0
S,Sul,Fio dagua,JACUI,JIUHCA,CASTRO ALVES,97.0,2024-05-26 14:00:00,240.84,149.07,197.53,503.0,489.0,157.0,312.0,20.0,0.0,2.0
S,Sul,Fio dagua,JACUI,JIUHCA,CASTRO ALVES,97.0,2024-05-26 15:00:00,240.84,149.07,197.53,489.0,489.0,157.0,312.0,20.0,0.0,2.0
S,Sul,Fio dagua,JACUI,JIUHCA,CASTRO ALVES,97.0,2024-05-26 16:00:00,240.84,149.07,197.53,489.0,489.0,157.0,312.0,20.0,0.0,2.0
S,Sul,Fio dagua,JACUI,JIUHCA,CASTRO ALVES,97.0,2024-05-26 17:00:00,240.82,149.07,195.21,447.0,477.0,157.0,300.0,20.0,0.0,2.0
S,Sul,Fio dagua,JACUI,JIUHCA,CASTRO ALVES,97.0,2024-05-26 18:00:00,240.8,149.0,192.88,435.0,465.0,157.0,288.0,20.0,0.0,2.0
S,Sul,Fio dagua,JACUI,JIUHCA,CASTRO ALVES,97.0,2024-05-26 19:00:00,240.85,149.0,198.69,569.0,495.0,157.0,318.0,20.0,0.0,2.0
S,Sul,Fio dagua,JACUI,JIUHCA,CASTRO ALVES,97.0,2024-05-26 20:00:00,240.76,149.0,188.24,309.0,442.0,157.0,265.0,20.0,0.0,2.0
S,Sul,Fio dagua,JACUI,JIUHCA,CASTRO ALVES,97.0,2024-05-26 21:00:00,240.8,148.94,192.88,524.0,465.0,157.0,288.0,20.0,0.0,2.0
S,Sul,Fio dagua,JACUI,JIUHCA,CASTRO ALVES,97.0,2024-05-26 22:00:00,240.78,148.94,190.56,424.0,454.0,157.0,277.0,20.0,0.0,2.0
S,Sul,Fio dagua,JACUI,JIUHCA,CASTRO ALVES,97.0,2024-05-26 23:00:00,240.78,148.94,190.56,453.0,453.0,157.0,277.0,20.0,0.0,2.0
S,Sul,Fio dagua,JACUI,JIUHCA,CASTRO ALVES,97.0,2024-05-26 23:59:00,240.76,148.94,188.24,413.0,442.0,157.0,265.0,20.0,0.0,2.0
S,Sul,Fio dagua,JACUI,JIUHCA,CASTRO ALVES,97.0,2024-05-27 01:00:00,240.73,148.94,184.76,381.0,425.0,157.0,249.0,20.0,0.0,2.0
S,Sul,Fio dagua,JACUI,JIUHCA,CASTRO ALVES,97.0,2024-05-27 02:00:00,240.74,148.94,185.92,446.0,431.0,157.0,254.0,20.0,0.0,2.0
S,Sul,Fio dagua,JACUI,JIUHCA,CASTRO ALVES,97.0,2024-05-27 03:00:00,240.75,148.94,187.08,451.0,436.0,157.0,260.0,20.0,0.0,2.0
S,Sul,Fio dagua,JACUI,JIUHCA,CASTRO ALVES,97.0,2024-05-27 04:00:00,240.74,148.87,185.92,416.0,431.0,157.0,254.0,20.0,0.0,2.0
S,Sul,Fio dagua,JACUI,JIUHCA,CASTRO ALVES,97.0,2024-05-27 05:00:00,240.76,148.87,188.24,472.0,442.0,157.0,265.0,20.0,0.0,2.0
S,Sul,Fio dagua,JACUI,JIUHCA,CASTRO ALVES,97.0,2024-05-27 06:00:00,240.74,148.87,185.92,401.0,431.0,157.0,254.0,20.0,0.0,2.0
S,Sul,Fio dagua,JACUI,JIUHCA,CASTRO ALVES,97.0,2024-05-27 07:00:00,240.74,148.87,185.92,431.0,431.0,157.0,254.0,20.0,0.0,2.0
S,Sul,Fio dagua,JACUI,JIUHCA,CASTRO ALVES,97.0,2024-05-27 08:00:00,240.73,148.87,184.76,411.0,425.0,157.0,249.0,20.0,0.0,2.0
S,Sul,Fio dagua,JACUI,JIUHCA,CASTRO ALVES,97.0,2024-05-27 09:00:00,240.75,148.87,187.08,466.0,436.0,157.0,260.0,20.0,0.0,2.0
S,Sul,Fio dagua,JACUI,JIUHCA,CASTRO ALVES,97.0,2024-05-27 10:00:00,240.76,148.86,188.24,456.0,442.0,157.0,265.0,20.0,0.0,2.0
S,Sul,Fio dagua,JACUI,JIUHCA,CASTRO ALVES,97.0,2024-05-27 11:00:00,240.75,148.79,187.08,421.0,436.0,157.0,260.0,20.0,0.0,2.0
S,Sul,Fio dagua,JACUI,JIUHCA,CASTRO ALVES,97.0,2024-05-27 12:00:00,240.75,148.86,187.08,436.0,436.0,157.0,260.0,20.0,0.0,2.0
S,Sul,Fio dagua,JACUI,JIUHCA,CASTRO ALVES,97.0,2024-05-27 13:00:00,240.72,148.86,183.59,375.0,420.0,157.0,243.0,20.0,0.0,2.0
S,Sul,Fio dagua,JACUI,JIUHCA,CASTRO ALVES,97.0,2024-05-27 14:00:00,240.73,148.8,184.76,440.0,425.0,157.0,249.0,20.0,0.0,2.0
S,Sul,Fio dagua,JACUI,JIUHCA,CASTRO ALVES,97.0,2024-05-27 15:00:00,240.73,148.79,184.76,425.0,425.0,157.0,249.0,20.0,0.0,3.0
S,Sul,Fio dagua,JACUI,JIUHCA,CASTRO ALVES,97.0,2024-05-27 16:00:00,240.72,148.81,183.59,405.0,420.0,157.0,243.0,20.0,0.0,2.0
S,Sul,Fio dagua,JACUI,JIUHCA,CASTRO ALVES,97.0,2024-05-27 17:00:00,240.72,148.81,183.59,420.0,420.0,158.0,243.0,20.0,0.0,1.0
S,Sul,Fio dagua,JACUI,JIUHCA,CASTRO ALVES,97.0,2024-05-27 18:00:00,240.72,148.81,183.59,421.0,421.0,158.0,243.0,20.0,0.0,1.0
S,Sul,Fio dagua,JACUI,JIUHCA,CASTRO ALVES,97.0,2024-05-27 19:00:00,240.72,148.87,183.59,421.0,421.0,158.0,243.0,20.0,0.0,1.0
S,Sul,Fio dagua,JACUI,JIUHCA,CASTRO ALVES,97.0,2024-05-27 20:00:00,240.72,148.87,183.59,421.0,421.0,158.0,243.0,20.0,0.0,1.0
S,Sul,Fio dagua,JACUI,JIUHCA,CASTRO ALVES,97.0,2024-05-27 21:00:00,240.71,148.87,182.43,400.0,415.0,158.0,238.0,20.0,0.0,2.0
S,Sul,Fio dagua,JACUI,JIUHCA,CASTRO ALVES,97.0,2024-05-27 22:00:00,240.73,148.94,184.76,456.0,426.0,158.0,249.0,20.0,0.0,2.0
S,Sul,Fio dagua,JACUI,JIUHCA,CASTRO ALVES,97.0,2024-05-27 23:00:00,240.76,148.94,188.24,487.0,443.0,158.0,265.0,20.0,0.0,2.0
S,Sul,Fio dagua,JACUI,JIUHCA,CASTRO ALVES,97.0,2024-05-27 23:59:00,240.77,148.95,189.4,463.0,448.0,158.0,271.0,20.0,0.0,2.0
S,Sul,Fio dagua,JACUI,JIUHCA,CASTRO ALVES,97.0,2024-05-28 01:00:00,240.76,149.01,188.24,428.0,443.0,158.0,265.0,20.0,0.0,2.0
S,Sul,Fio dagua,JACUI,JIUHCA,CASTRO ALVES,97.0,2024-05-28 02:00:00,240.82,148.95,195.21,566.0,477.0,158.0,300.0,20.0,0.0,2.0
S,Sul,Fio dagua,JACUI,JIUHCA,CASTRO ALVES,97.0,2024-05-28 03:00:00,240.82,149.01,195.21,477.0,477.0,158.0,300.0,20.0,0.0,2.0
S,Sul,Fio dagua,JACUI,JIUHCA,CASTRO ALVES,97.0,2024-05-28 04:00:00,240.85,149.01,198.69,539.0,495.0,157.0,318.0,20.0,0.0,2.0
S,Sul,Fio dagua,JACUI,JIUHCA,CASTRO ALVES,97.0,2024-05-28 05:00:00,240.87,149.01,201.01,537.0,507.0,157.0,330.0,20.0,0.0,2.0
S,Sul,Fio dagua,JACUI,JIUHCA,CASTRO ALVES,97.0,2024-05-28 06:00:00,240.87,149.08,201.01,507.0,507.0,158.0,330.0,20.0,0.0,2.0
S,Sul,Fio dagua,JACUI,JIUHCA,CASTRO ALVES,97.0,2024-05-28 07:00:00,240.92,149.08,206.82,613.0,539.0,157.0,361.0,20.0,0.0,2.0
S,Sul,Fio dagua,JACUI,JIUHCA,CASTRO ALVES,97.0,2024-05-28 08:00:00,240.93,149.15,207.98,560.0,545.0,157.0,368.0,20.0,0.0,2.0
S,Sul,Fio dagua,JACUI,JIUHCA,CASTRO ALVES,97.0,2024-05-28 09:00:00,240.95,149.16,210.3,587.0,558.0,157.0,381.0,20.0,0.0,2.0
S,Sul,Fio dagua,JACUI,JIUHCA,CASTRO ALVES,97.0,2024-05-28 10:00:00,240.97,148.95,212.62,600.0,571.0,157.0,394.0,20.0,0.0,2.0
S,Sul,Fio dagua,JACUI,JIUHCA,CASTRO ALVES,97.0,2024-05-28 11:00:00,240.99,148.87,214.94,614.0,584.0,158.0,407.0,20.0,0.0,1.0
S,Sul,Fio dagua,JACUI,JIUHCA,CASTRO ALVES,97.0,2024-05-28 12:00:00,241.02,148.87,218.43,648.0,604.0,158.0,426.0,20.0,0.0,1.0
S,Sul,Fio dagua,JACUI,JIUHCA,CASTRO ALVES,97.0,2024-05-28 13:00:00,241.04,148.94,220.75,647.0,617.0,158.0,439.0,20.0,0.0,1.0
S,Sul,Fio dagua,JACUI,JIUHCA,CASTRO ALVES,97.0,2024-05-28 14:00:00,241.04,148.94,220.75,617.0,617.0,158.0,439.0,20.0,0.0,1.0
S,Sul,Fio dagua,JACUI,JIUHCA,CASTRO ALVES,97.0,2024-05-28 15:00:00,241.06,148.99,223.07,660.0,630.0,158.0,452.0,20.0,0.0,1.0
S,Sul,Fio dagua,JACUI,JIUHCA,CASTRO ALVES,97.0,2024-05-28 16:00:00,241.1,149.01,227.71,716.0,657.0,157.0,479.0,20.0,0.0,1.0
S,Sul,Fio dagua,JACUI,JIUHCA,CASTRO ALVES,97.0,2024-05-28 17:00:00,241.08,149.01,225.39,613.0,643.0,157.0,466.0,20.0,0.0,2.0
S,Sul,Fio dagua,JACUI,JIUHCA,CASTRO ALVES,97.0,2024-05-28 18:00:00,241.08,149.01,225.39,643.0,643.0,157.0,466.0,20.0,0.0,2.0
S,Sul,Fio dagua,JACUI,JIUHCA,CASTRO ALVES,97.0,2024-05-28 19:00:00,241.11,149.01,228.88,707.0,663.0,157.0,486.0,20.0,0.0,2.0
S,Sul,Fio dagua,JACUI,JIUHCA,CASTRO ALVES,97.0,2024-05-28 20:00:00,241.12,149.01,230.04,684.0,669.0,156.0,493.0,20.0,0.0,2.0
S,Sul,Fio dagua,JACUI,JIUHCA,CASTRO ALVES,97.0,2024-05-28 21:00:00,241.16,149.01,234.68,756.0,697.0,156.0,521.0,20.0,0.0,2.0
S,Sul,Fio dagua,JACUI,JIUHCA,CASTRO ALVES,97.0,2024-05-28 22:00:00,241.13,149.06,231.2,632.0,676.0,157.0,500.0,20.0,0.0,2.0
S,Sul,Fio dagua,JACUI,JIUHCA,CASTRO ALVES,97.0,2024-05-28 23:00:00,241.14,149.42,232.36,699.0,684.0,157.0,507.0,20.0,0.0,2.0
S,Sul,Fio dagua,JACUI,JIUHCA,CASTRO ALVES,97.0,2024-05-28 23:59:00,241.13,149.42,231.2,662.0,677.0,157.0,500.0,20.0,0.0,2.0
S,Sul,Fio dagua,JACUI,JIUHCA,CASTRO ALVES,97.0,2024-05-29 01:00:00,241.13,149.42,231.2,677.0,677.0,157.0,500.0,20.0,0.0,2.0
S,Sul,Fio dagua,JACUI,JIUHCA,CASTRO ALVES,97.0,2024-05-29 02:00:00,241.11,149.42,228.88,634.0,663.0,157.0,486.0,20.0,0.0,2.0
S,Sul,Fio dagua,JACUI,JIUHCA,CASTRO ALVES,97.0,2024-05-29 03:00:00,241.11,149.42,228.88,663.0,663.0,157.0,486.0,20.0,0.0,2.0
S,Sul,Fio dagua,JACUI,JIUHCA,CASTRO ALVES,97.0,2024-05-29 04:00:00,241.11,149.42,228.88,663.0,663.0,157.0,486.0,20.0,0.0,2.0
S,Sul,Fio dagua,JACUI,JIUHCA,CASTRO ALVES,97.0,2024-05-29 05:00:00,241.08,149.35,225.39,598.0,643.0,157.0,466.0,20.0,0.0,2.0
S,Sul,Fio dagua,JACUI,JIUHCA,CASTRO ALVES,97.0,2024-05-29 06:00:00,241.07,149.35,224.23,621.0,636.0,157.0,459.0,20.0,0.0,2.0
S,Sul,Fio dagua,JACUI,JIUHCA,CASTRO ALVES,97.0,2024-05-29 07:00:00,241.06,149.35,223.07,615.0,629.0,157.0,452.0,20.0,0.0,2.0
S,Sul,Fio dagua,JACUI,JIUHCA,CASTRO ALVES,97.0,2024-05-29 08:00:00,241.05,149.35,221.91,608.0,623.0,157.0,446.0,20.0,0.0,2.0
S,Sul,Fio dagua,JACUI,JIUHCA,CASTRO ALVES,97.0,2024-05-29 09:00:00,241.03,149.29,219.59,580.0,610.0,157.0,433.0,20.0,0.0,2.0
S,Sul,Fio dagua,JACUI,JIUHCA,CASTRO ALVES,97.0,2024-05-29 10:00:00,241.03,149.29,219.59,610.0,610.0,157.0,433.0,20.0,0.0,2.0
S,Sul,Fio dagua,JACUI,JIUHCA,CASTRO ALVES,97.0,2024-05-29 11:00:00,241.03,149.29,219.59,609.0,609.0,157.0,433.0,20.0,0.0,3.0
S,Sul,Fio dagua,JACUI,JIUHCA,CASTRO ALVES,97.0,2024-05-29 12:00:00,241.01,149.22,217.27,566.0,596.0,156.0,420.0,20.0,0.0,3.0
S,Sul,Fio dagua,JACUI,JIUHCA,CASTRO ALVES,97.0,2024-05-29 13:00:00,240.99,149.22,214.94,553.0,583.0,156.0,407.0,20.0,0.0,3.0
S,Sul,Fio dagua,JACUI,JIUHCA,CASTRO ALVES,97.0,2024-05-29 14:00:00,240.97,149.22,212.62,540.0,569.0,156.0,394.0,20.0,0.0,4.0
S,Sul,Fio dagua,JACUI,JIUHCA,CASTRO ALVES,97.0,2024-05-29 15:00:00,240.96,149.22,211.46,548.0,562.0,155.0,387.0,20.0,0.0,4.0
S,Sul,Fio dagua,JACUI,JIUHCA,CASTRO ALVES,97.0,2024-05-29 16:00:00,240.96,149.29,211.46,561.0,561.0,154.0,387.0,20.0,0.0,5.0
S,Sul,Fio dagua,JACUI,JIUHCA,CASTRO ALVES,97.0,2024-05-29 17:00:00,240.95,149.35,210.3,540.0,555.0,154.0,381.0,20.0,0.0,6.0
S,Sul,Fio dagua,JACUI,JIUHCA,CASTRO ALVES,97.0,2024-05-29 18:00:00,240.95,149.29,210.3,554.0,554.0,154.0,381.0,20.0,0.0,6.0
S,Sul,Fio dagua,JACUI,JIUHCA,CASTRO ALVES,97.0,2024-05-29 19:00:00,240.94,149.29,209.14,533.0,548.0,154.0,374.0,20.0,0.0,6.0
S,Sul,Fio dagua,JACUI,JIUHCA,CASTRO ALVES,97.0,2024-05-29 20:00:00,240.94,149.29,209.14,548.0,548.0,154.0,374.0,20.0,0.0,6.0
S,Sul,Fio dagua,JACUI,JIUHCA,CASTRO ALVES,97.0,2024-05-29 21:00:00,240.93,149.29,207.98,527.0,542.0,154.0,368.0,20.0,0.0,6.0
S,Sul,Fio dagua,JACUI,JIUHCA,CASTRO ALVES,97.0,2024-05-29 22:00:00,240.93,149.22,207.98,541.0,541.0,154.0,368.0,20.0,0.0,6.0
S,Sul,Fio dagua,JACUI,JIUHCA,CASTRO ALVES,97.0,2024-05-29 23:00:00,240.92,149.22,206.82,520.0,535.0,154.0,361.0,20.0,0.0,6.0
S,Sul,Fio dagua,JACUI,JIUHCA,CASTRO ALVES,97.0,2024-05-29 23:59:00,240.91,149.22,205.65,514.0,529.0,154.0,355.0,20.0,0.0,6.0
S,Sul,Fio dagua,JACUI,JIUHCA,CASTRO ALVES,97.0,2024-05-30 01:00:00,240.9,149.22,204.49,508.0,522.0,154.0,349.0,20.0,0.0,6.0
S,Sul,Fio dagua,JACUI,JIUHCA,CASTRO ALVES,97.0,2024-05-30 02:00:00,240.89,149.14,203.33,501.0,516.0,154.0,342.0,20.0,0.0,6.0
S,Sul,Fio dagua,JACUI,JIUHCA,CASTRO ALVES,97.0,2024-05-30 03:00:00,240.87,149.14,201.01,474.0,503.0,154.0,330.0,20.0,0.0,6.0
S,Sul,Fio dagua,JACUI,JIUHCA,CASTRO ALVES,97.0,2024-05-30 04:00:00,240.86,149.14,199.85,483.0,497.0,154.0,324.0,20.0,0.0,6.0
S,Sul,Fio dagua,JACUI,JIUHCA,CASTRO ALVES,97.0,2024-05-30 05:00:00,240.86,149.14,199.85,497.0,497.0,154.0,324.0,20.0,0.0,6.0
S,Sul,Fio dagua,JACUI,JIUHCA,CASTRO ALVES,97.0,2024-05-30 06:00:00,240.86,149.07,199.85,497.0,497.0,154.0,324.0,20.0,0.0,6.0
S,Sul,Fio dagua,JACUI,JIUHCA,CASTRO ALVES,97.0,2024-05-30 07:00:00,240.87,149.07,201.01,518.0,503.0,154.0,330.0,20.0,0.0,6.0
S,Sul,Fio dagua,JACUI,JIUHCA,CASTRO ALVES,97.0,2024-05-30 08:00:00,240.81,149.07,194.04,379.0,467.0,154.0,294.0,20.0,0.0,6.0
S,Sul,Fio dagua,JACUI,JIUHCA,CASTRO ALVES,97.0,2024-05-30 09:00:00,240.96,148.83,211.46,636.0,414.0,7.0,387.0,20.0,0.0,149.0
S,Sul,Fio dagua,JACUI,JIUHCA,CASTRO ALVES,97.0,2024-05-30 10:00:00,241.0,148.76,216.1,492.0,433.0,0.0,413.0,20.0,0.0,156.0
S,Sul,Fio dagua,JACUI,JIUHCA,CASTRO ALVES,97.0,2024-05-30 11:00:00,240.92,148.98,206.82,412.0,531.0,149.0,361.0,20.0,0.0,9.0
S,Sul,Fio dagua,JACUI,JIUHCA,CASTRO ALVES,97.0,2024-05-30 12:00:00,240.88,149.11,202.17,455.0,514.0,158.0,336.0,20.0,0.0,1.0
S,Sul,Fio dagua,JACUI,JIUHCA,CASTRO ALVES,97.0,2024-05-30 13:00:00,240.87,149.11,201.01,493.0,508.0,158.0,330.0,20.0,0.0,1.0
S,Sul,Fio dagua,JACUI,JIUHCA,CASTRO ALVES,97.0,2024-05-30 14:00:00,240.85,149.11,198.69,466.0,496.0,158.0,318.0,20.0,0.0,1.0
S,Sul,Fio dagua,JACUI,JIUHCA,CASTRO ALVES,97.0,2024-05-30 15:00:00,240.83,149.04,196.37,454.0,483.0,158.0,306.0,20.0,0.0,1.0
S,Sul,Fio dagua,JACUI,JIUHCA,CASTRO ALVES,97.0,2024-05-30 16:00:00,240.81,149.04,194.04,442.0,472.0,158.0,294.0,20.0,0.0,1.0
S,Sul,Fio dagua,JACUI,JIUHCA,CASTRO ALVES,97.0,2024-05-30 17:00:00,240.8,149.04,192.88,451.0,466.0,158.0,288.0,20.0,0.0,1.0
S,Sul,Fio dagua,JACUI,JIUHCA,CASTRO ALVES,97.0,2024-05-30 18:00:00,240.78,149.12,190.56,425.0,454.0,158.0,277.0,20.0,0.0,2.0
S,Sul,Fio dagua,JACUI,JIUHCA,CASTRO ALVES,97.0,2024-05-30 19:00:00,240.77,149.12,189.4,433.0,448.0,158.0,271.0,20.0,0.0,2.0
S,Sul,Fio dagua,JACUI,JIUHCA,CASTRO ALVES,97.0,2024-05-30 20:00:00,240.78,149.12,190.56,469.0,454.0,158.0,277.0,20.0,0.0,2.0
S,Sul,Fio dagua,JACUI,JIUHCA,CASTRO ALVES,97.0,2024-05-30 21:00:00,240.77,149.11,189.4,434.0,448.0,158.0,271.0,20.0,0.0,2.0
S,Sul,Fio dagua,JACUI,JIUHCA,CASTRO ALVES,97.0,2024-05-30 22:00:00,240.77,149.04,189.4,448.0,448.0,158.0,271.0,20.0,0.0,2.0
S,Sul,Fio dagua,JACUI,JIUHCA,CASTRO ALVES,97.0,2024-05-30 23:00:00,240.77,149.04,189.4,448.0,448.0,158.0,271.0,20.0,0.0,2.0
S,Sul,Fio dagua,JACUI,JIUHCA,CASTRO ALVES,97.0,2024-05-30 23:59:00,240.77,149.04,189.4,448.0,448.0,158.0,271.0,20.0,0.0,2.0
S,Sul,Fio dagua,JACUI,JIUHCA,CASTRO ALVES,97.0,2024-05-31 01:00:00,240.76,149.04,188.24,428.0,442.0,158.0,265.0,20.0,0.0,2.0
S,Sul,Fio dagua,JACUI,JIUHCA,CASTRO ALVES,97.0,2024-05-31 02:00:00,240.77,149.11,189.4,463.0,448.0,158.0,271.0,20.0,0.0,2.0
S,Sul,Fio dagua,JACUI,JIUHCA,CASTRO ALVES,97.0,2024-05-31 03:00:00,240.73,149.1,184.76,367.0,426.0,157.0,249.0,20.0,0.0,2.0
S,Sul,Fio dagua,JACUI,JIUHCA,CASTRO ALVES,97.0,2024-05-31 04:00:00,240.73,149.08,184.76,426.0,426.0,157.0,249.0,20.0,0.0,2.0
S,Sul,Fio dagua,JACUI,JIUHCA,CASTRO ALVES,97.0,2024-05-31 05:00:00,240.74,149.08,185.92,446.0,431.0,157.0,254.0,20.0,0.0,2.0
S,Sul,Fio dagua,JACUI,JIUHCA,CASTRO ALVES,97.0,2024-05-31 06:00:00,240.74,149.11,185.92,431.0,431.0,157.0,254.0,20.0,0.0,2.0
S,Sul,Fio dagua,JACUI,JIUHCA,CASTRO ALVES,97.0,2024-05-31 07:00:00,240.73,149.04,184.76,411.0,426.0,157.0,249.0,20.0,0.0,2.0
S,Sul,Fio dagua,JACUI,JIUHCA,CASTRO ALVES,97.0,2024-05-31 08:00:00,240.72,149.04,183.59,405.0,420.0,157.0,243.0,20.0,0.0,2.0
S,Sul,Fio dagua,JACUI,JIUHCA,CASTRO ALVES,97.0,2024-05-31 09:00:00,240.73,149.04,184.76,441.0,426.0,157.0,249.0,20.0,0.0,2.0
S,Sul,Fio dagua,JACUI,JIUHCA,CASTRO ALVES,97.0,2024-05-31 10:00:00,240.7,149.04,181.27,365.0,410.0,158.0,232.0,20.0,0.0,2.0
S,Sul,Fio dagua,JACUI,JIUHCA,CASTRO ALVES,97.0,2024-05-31 11:00:00,240.73,148.98,184.76,470.0,426.0,157.0,249.0,20.0,0.0,2.0
S,Sul,Fio dagua,JACUI,JIUHCA,CASTRO ALVES,97.0,2024-05-31 12:00:00,240.71,148.98,182.43,385.0,415.0,157.0,238.0,20.0,0.0,2.0
S,Sul,Fio dagua,JACUI,JIUHCA,CASTRO ALVES,97.0,2024-05-31 13:00:00,240.69,149.11,180.11,375.0,404.0,157.0,227.0,20.0,0.0,2.0
S,Sul,Fio dagua,JACUI,JIUHCA,CASTRO ALVES,97.0,2024-05-31 14:00:00,240.71,149.18,182.43,444.0,415.0,157.0,238.0,20.0,0.0,2.0
S,Sul,Fio dagua,JACUI,JIUHCA,CASTRO ALVES,97.0,2024-05-31 15:00:00,240.7,149.18,181.27,395.0,409.0,157.0,232.0,20.0,0.0,2.0
S,Sul,Fio dagua,JACUI,JIUHCA,CASTRO ALVES,97.0,2024-05-31 16:00:00,240.66,149.18,176.63,329.0,389.0,157.0,212.0,20.0,0.0,2.0
S,Sul,Fio dagua,JACUI,JIUHCA,CASTRO ALVES,97.0,2024-05-31 17:00:00,240.67,149.18,177.79,408.0,394.0,157.0,217.0,20.0,0.0,3.0
S,Sul,Fio dagua,JACUI,JIUHCA,CASTRO ALVES,97.0,2024-05-31 18:00:00,240.67,149.18,177.79,394.0,394.0,157.0,217.0,20.0,0.0,3.0
S,Sul,Fio dagua,JACUI,JIUHCA,CASTRO ALVES,97.0,2024-05-31 19:00:00,240.66,149.18,176.63,374.0,388.0,157.0,212.0,20.0,0.0,3.0
S,Sul,Fio dagua,JACUI,JIUHCA,CASTRO ALVES,97.0,2024-05-31 20:00:00,240.66,149.11,176.63,388.0,388.0,157.0,212.0,20.0,0.0,3.0
S,Sul,Fio dagua,JACUI,JIUHCA,CASTRO ALVES,97.0,2024-05-31 21:00:00,240.66,149.11,176.63,388.0,388.0,157.0,212.0,20.0,0.0,3.0
S,Sul,Fio dagua,JACUI,JIUHCA,CASTRO ALVES,97.0,2024-05-31 22:00:00,240.66,149.11,176.63,388.0,388.0,157.0,212.0,20.0,0.0,3.0
S,Sul,Fio dagua,JACUI,JIUHCA,CASTRO ALVES,97.0,2024-05-31 23:00:00,240.66,149.11,176.63,388.0,388.0,157.0,212.0,20.0,0.0,3.0
S,Sul,Fio dagua,JACUI,JIUHCA,CASTRO ALVES,97.0,2024-05-31 23:59:00,240.66,149.11,176.63,388.0,388.0,157.0,212.0,20.0,0.0,3.0
S,Sul,Fio dagua,JACUI,JIUHMC,MONTE CLARO,98.0,2024-05-01 01:00:00,151.15,113.12,469.51,3088.0,3130.0,0.0,3124.0,6.0,0.0,398.0
S,Sul,Fio dagua,JACUI,JIUHMC,MONTE CLARO,98.0,2024-05-01 02:00:00,151.1,113.02,463.45,3053.0,3074.0,0.0,3069.0,6.0,0.0,398.0
S,Sul,Fio dagua,JACUI,JIUHMC,MONTE CLARO,98.0,2024-05-01 03:00:00,151.05,112.99,457.37,3053.0,3074.0,54.0,3014.0,6.0,0.0,343.0
S,Sul,Fio dagua,JACUI,JIUHMC,MONTE CLARO,98.0,2024-05-01 04:00:00,151.02,112.93,453.73,3149.0,3161.0,174.0,2982.0,6.0,0.0,223.0
S,Sul,Fio dagua,JACUI,JIUHMC,MONTE CLARO,98.0,2024-05-01 05:00:00,151.17,113.36,471.94,3390.0,3327.0,175.0,3147.0,6.0,0.0,225.0
S,Sul,Fio dagua,JACUI,JIUHMC,MONTE CLARO,98.0,2024-05-01 06:00:00,151.4,113.68,499.77,3690.0,3594.0,176.0,3412.0,6.0,0.0,225.0
S,Sul,Fio dagua,JACUI,JIUHMC,MONTE CLARO,98.0,2024-05-01 07:00:00,151.68,114.08,533.43,4046.0,3930.0,176.0,3748.0,6.0,0.0,227.0
S,Sul,Fio dagua,JACUI,JIUHMC,MONTE CLARO,98.0,2024-05-01 08:00:00,151.93,114.88,563.26,4946.0,4841.0,177.0,4659.0,6.0,0.0,231.0
S,Sul,Fio dagua,JACUI,JIUHMC,MONTE CLARO,98.0,2024-05-01 09:00:00,152.16,115.49,590.47,5784.0,5688.0,22.0,5661.0,6.0,0.0,391.0
S,Sul,Fio dagua,JACUI,JIUHMC,MONTE CLARO,98.0,2024-05-05 02:00:00,152.34,,611.62,,5778.0,,,,,
S,Sul,Fio dagua,JACUI,JIUHMC,MONTE CLARO,98.0,2024-05-05 03:00:00,152.23,,598.71,,5603.0,,,,,
S,Sul,Fio dagua,JACUI,JIUHMC,MONTE CLARO,98.0,2024-05-05 04:00:00,152.15,,589.37,,5479.0,,,,,
S,Sul,Fio dagua,JACUI,JIUHMC,MONTE CLARO,98.0,2024-05-05 05:00:00,152.0,,571.56,,5259.0,,,,,
S,Sul,Fio dagua,JACUI,JIUHMC,MONTE CLARO,98.0,2024-05-05 06:00:00,151.85,,553.74,,5043.0,,,,,
S,Sul,Fio dagua,JACUI,JIUHMC,MONTE CLARO,98.0,2024-05-05 07:00:00,151.7,,535.83,,4831.0,,,,,
S,Sul,Fio dagua,JACUI,JIUHMC,MONTE CLARO,98.0,2024-05-05 08:00:00,151.6,,523.85,,4691.0,,,,,
S,Sul,Fio dagua,JACUI,JIUHMC,MONTE CLARO,98.0,2024-05-05 09:00:00,151.5,,511.82,,4553.0,,,,,
S,Sul,Fio dagua,JACUI,JIUHMC,MONTE CLARO,98.0,2024-05-06 01:00:00,149.68,,290.98,2512.0,2512.0,0.0,2512.0,,,
S,Sul,Fio dagua,JACUI,JIUHMC,MONTE CLARO,98.0,2024-05-06 02:00:00,149.6,,281.41,2441.0,2441.0,0.0,2441.0,,,
S,Sul,Fio dagua,JACUI,JIUHMC,MONTE CLARO,98.0,2024-05-06 03:00:00,149.42,,259.99,2302.0,2302.0,0.0,2302.0,,,
S,Sul,Fio dagua,JACUI,JIUHMC,MONTE CLARO,98.0,2024-05-06 04:00:00,149.34,,250.54,2233.0,2233.0,0.0,2233.0,,,
S,Sul,Fio dagua,JACUI,JIUHMC,MONTE CLARO,98.0,2024-05-06 05:00:00,149.25,,239.95,2166.0,2166.0,0.0,2166.0,,,
S,Sul,Fio dagua,JACUI,JIUHMC,MONTE CLARO,98.0,2024-05-06 07:00:00,149.1,,222.43,2066.0,2066.0,0.0,2066.0,,,
S,Sul,Fio dagua,JACUI,JIUHMC,MONTE CLARO,98.0,2024-05-06 08:00:00,149.03,,214.31,2001.0,2001.0,0.0,2001.0,,,
S,Sul,Fio dagua,JACUI,JIUHMC,MONTE CLARO,98.0,2024-05-06 09:00:00,148.96,,206.23,1953.0,1953.0,0.0,1953.0,,,
S,Sul,Fio dagua,JACUI,JIUHMC,MONTE CLARO,98.0,2024-05-08 07:00:00,140.41,,-531.0,,567.0,,,,,
S,Sul,Fio dagua,JACUI,JIUHMC,MONTE CLARO,98.0,2024-05-08 08:00:00,140.23,,-531.0,,548.0,,,,,
S,Sul,Fio dagua,JACUI,JIUHMC,MONTE CLARO,98.0,2024-05-08 09:00:00,139.96,,-531.0,,521.0,,,,,
S,Sul,Fio dagua,JACUI,JIUHMC,MONTE CLARO,98.0,2024-05-08 10:00:00,139.77,,-531.0,,502.0,,,,,
S,Sul,Fio dagua,JACUI,JIUHMC,MONTE CLARO,98.0,2024-05-08 11:00:00,139.77,,-531.0,,502.0,,,,,
S,Sul,Fio dagua,JACUI,JIUHMC,MONTE CLARO,98.0,2024-05-08 12:00:00,139.52,,-531.0,,476.0,,,,,
S,Sul,Fio dagua,JACUI,JIUHMC,MONTE CLARO,98.0,2024-05-08 13:00:00,139.34,,-531.0,,458.0,,,,,
S,Sul,Fio dagua,JACUI,JIUHMC,MONTE CLARO,98.0,2024-05-08 14:00:00,139.43,,-531.0,,467.0,,,,,
S,Sul,Fio dagua,JACUI,JIUHMC,MONTE CLARO,98.0,2024-05-09 14:00:00,140.3,,,,557.0,,,,,
S,Sul,Fio dagua,JACUI,JIUHMC,MONTE CLARO,98.0,2024-05-09 15:00:00,140.22,,,,549.0,,,,,
S,Sul,Fio dagua,JACUI,JIUHMC,MONTE CLARO,98.0,2024-05-09 16:00:00,140.14,,,,541.0,,,,,
S,Sul,Fio dagua,JACUI,JIUHMC,MONTE CLARO,98.0,2024-05-09 17:00:00,140.06,,,,534.0,,,,,
S,Sul,Fio dagua,JACUI,JIUHMC,MONTE CLARO,98.0,2024-05-09 18:00:00,139.98,,,,526.0,,,,,
S,Sul,Fio dagua,JACUI,JIUHMC,MONTE CLARO,98.0,2024-05-09 19:00:00,139.98,,,,526.0,,,,,
S,Sul,Fio dagua,JACUI,JIUHMC,MONTE CLARO,98.0,2024-05-09 20:00:00,140.98,,,,526.0,,,,,
S,Sul,Fio dagua,JACUI,JIUHMC,MONTE CLARO,98.0,2024-05-09 21:00:00,140.98,,,,526.0,,,,,
S,Sul,Fio dagua,JACUI,JIUHMC,MONTE CLARO,98.0,2024-05-09 22:00:00,140.98,,,,526.0,,,,,
S,Sul,Fio dagua,JACUI,JIUHMC,MONTE CLARO,98.0,2024-05-09 23:00:00,140.98,,,,526.0,,,,,
S,Sul,Fio dagua,JACUI,JIUHMC,MONTE CLARO,98.0,2024-05-09 23:59:00,140.98,,,,526.0,,,,,
S,Sul,Fio dagua,JACUI,JIUHMC,MONTE CLARO,98.0,2024-05-10 01:00:00,140.98,,,,,,,,,
S,Sul,Fio dagua,JACUI,JIUHMC,MONTE CLARO,98.0,2024-05-10 02:00:00,140.98,,,,526.0,,,,,
S,Sul,Fio dagua,JACUI,JIUHMC,MONTE CLARO,98.0,2024-05-10 16:00:00,147.6,105.0,58.61,1250.0,1077.0,0.0,1077.0,18.0,0.0,1.0
S,Sul,Fio dagua,JACUI,JIUHMC,MONTE CLARO,98.0,2024-05-10 17:00:00,148.4,105.0,143.15,2080.0,1603.0,0.0,1603.0,18.0,0.0,1.0
S,Sul,Fio dagua,JACUI,JIUHMC,MONTE CLARO,98.0,2024-05-10 18:00:00,149.17,105.0,230.59,2205.0,1851.0,0.0,1851.0,18.0,0.0,1.0
S,Sul,Fio dagua,JACUI,JIUHMC,MONTE CLARO,98.0,2024-05-10 19:00:00,149.2,105.0,234.09,2579.0,2565.0,0.0,2565.0,18.0,0.0,1.0
S,Sul,Fio dagua,JACUI,JIUHMC,MONTE CLARO,98.0,2024-05-10 20:00:00,149.85,105.0,311.42,3379.0,3066.0,0.0,3066.0,18.0,0.0,1.0
S,Sul,Fio dagua,JACUI,JIUHMC,MONTE CLARO,98.0,2024-05-10 21:00:00,150.16,105.0,348.95,3497.0,3345.0,0.0,3345.0,18.0,0.0,1.0
S,Sul,Fio dagua,JACUI,JIUHMC,MONTE CLARO,98.0,2024-05-10 22:00:00,151.45,105.0,505.8,5391.0,4758.0,0.0,4758.0,18.0,0.0,1.0
S,Sul,Fio dagua,JACUI,JIUHMC,MONTE CLARO,98.0,2024-05-10 23:00:00,150.68,105.0,412.3,3980.0,3867.0,0.0,3867.0,18.0,0.0,1.0
S,Sul,Fio dagua,JACUI,JIUHMC,MONTE CLARO,98.0,2024-05-10 23:59:00,150.84,105.0,431.81,4118.0,4039.0,0.0,4039.0,18.0,0.0,1.0
S,Sul,Fio dagua,JACUI,JIUHMC,MONTE CLARO,98.0,2024-05-11 01:00:00,150.87,105.0,435.47,4087.0,4072.0,0.0,4072.0,18.0,0.0,1.0
S,Sul,Fio dagua,JACUI,JIUHMC,MONTE CLARO,98.0,2024-05-11 02:00:00,150.82,105.0,429.37,3993.0,4018.0,0.0,4018.0,18.0,0.0,1.0
S,Sul,Fio dagua,JACUI,JIUHMC,MONTE CLARO,98.0,2024-05-11 03:00:00,150.82,105.0,429.37,4018.0,4018.0,0.0,4018.0,18.0,0.0,1.0
S,Sul,Fio dagua,JACUI,JIUHMC,MONTE CLARO,98.0,2024-05-11 04:00:00,150.82,105.0,429.37,4018.0,4018.0,0.0,4018.0,18.0,0.0,1.0
S,Sul,Fio dagua,JACUI,JIUHMC,MONTE CLARO,98.0,2024-05-11 05:00:00,150.8,105.0,426.94,3986.0,3996.0,0.0,3996.0,18.0,0.0,1.0
S,Sul,Fio dagua,JACUI,JIUHMC,MONTE CLARO,98.0,2024-05-11 06:00:00,150.72,105.0,417.18,3870.0,3910.0,0.0,3910.0,18.0,0.0,1.0
S,Sul,Fio dagua,JACUI,JIUHMC,MONTE CLARO,98.0,2024-05-11 07:00:00,150.72,105.0,417.18,3910.0,3910.0,0.0,3910.0,18.0,0.0,1.0
S,Sul,Fio dagua,JACUI,JIUHMC,MONTE CLARO,98.0,2024-05-11 08:00:00,150.7,105.0,414.74,3878.0,3888.0,0.0,3888.0,18.0,0.0,1.0
S,Sul,Fio dagua,JACUI,JIUHMC,MONTE CLARO,98.0,2024-05-11 09:00:00,151.0,105.0,451.29,4365.0,4217.0,0.0,4217.0,18.0,0.0,1.0
S,Sul,Fio dagua,JACUI,JIUHMC,MONTE CLARO,98.0,2024-05-11 10:00:00,151.0,105.0,451.29,4217.0,4217.0,0.0,4217.0,18.0,0.0,1.0
S,Sul,Fio dagua,JACUI,JIUHMC,MONTE CLARO,98.0,2024-05-11 11:00:00,151.1,105.0,463.45,4381.0,4332.0,0.0,4332.0,18.0,0.0,1.0
S,Sul,Fio dagua,JACUI,JIUHMC,MONTE CLARO,98.0,2024-05-11 12:00:00,151.1,105.0,463.45,4332.0,4332.0,0.0,4332.0,18.0,0.0,1.0
S,Sul,Fio dagua,JACUI,JIUHMC,MONTE CLARO,98.0,2024-05-11 13:00:00,151.03,105.0,454.94,4251.0,4251.0,0.0,4251.0,18.0,0.0,1.0
S,Sul,Fio dagua,JACUI,JIUHMC,MONTE CLARO,98.0,2024-05-11 14:00:00,151.03,105.0,454.94,4251.0,4251.0,0.0,4251.0,18.0,0.0,1.0
S,Sul,Fio dagua,JACUI,JIUHMC,MONTE CLARO,98.0,2024-05-11 15:00:00,151.03,105.0,454.94,4251.0,4251.0,0.0,4251.0,18.0,0.0,1.0
S,Sul,Fio dagua,JACUI,JIUHMC,MONTE CLARO,98.0,2024-05-11 16:00:00,151.0,105.0,451.29,4217.0,4217.0,0.0,4217.0,18.0,0.0,1.0
S,Sul,Fio dagua,JACUI,JIUHMC,MONTE CLARO,98.0,2024-05-11 17:00:00,151.02,105.0,453.73,4250.0,4240.0,0.0,4240.0,18.0,0.0,1.0
S,Sul,Fio dagua,JACUI,JIUHMC,MONTE CLARO,98.0,2024-05-11 18:00:00,151.13,105.0,467.09,4421.0,4367.0,0.0,4367.0,18.0,0.0,1.0
S,Sul,Fio dagua,JACUI,JIUHMC,MONTE CLARO,98.0,2024-05-11 19:00:00,151.13,105.0,467.09,4449.0,4449.0,0.0,4449.0,18.0,0.0,1.0
S,Sul,Fio dagua,JACUI,JIUHMC,MONTE CLARO,98.0,2024-05-11 20:00:00,151.13,105.0,467.09,4449.0,4449.0,0.0,4449.0,18.0,0.0,1.0
S,Sul,Fio dagua,JACUI,JIUHMC,MONTE CLARO,98.0,2024-05-11 21:00:00,151.13,105.0,467.09,4449.0,4449.0,0.0,4449.0,18.0,0.0,1.0
S,Sul,Fio dagua,JACUI,JIUHMC,MONTE CLARO,98.0,2024-05-11 22:00:00,151.16,105.0,470.72,4499.0,4484.0,0.0,4484.0,18.0,0.0,1.0
S,Sul,Fio dagua,JACUI,JIUHMC,MONTE CLARO,98.0,2024-05-11 23:00:00,151.17,105.0,471.94,4501.0,4496.0,0.0,4496.0,18.0,0.0,1.0
S,Sul,Fio dagua,JACUI,JIUHMC,MONTE CLARO,98.0,2024-05-11 23:59:00,151.22,105.0,478.0,4581.0,4556.0,0.0,4556.0,18.0,0.0,1.0
S,Sul,Fio dagua,JACUI,JIUHMC,MONTE CLARO,98.0,2024-05-12 01:00:00,151.27,105.0,484.05,4642.0,4617.0,0.0,4617.0,18.0,0.0,1.0
S,Sul,Fio dagua,JACUI,JIUHMC,MONTE CLARO,98.0,2024-05-12 02:00:00,151.36,105.0,494.94,4772.0,4728.0,0.0,4728.0,18.0,0.0,1.0
S,Sul,Fio dagua,JACUI,JIUHMC,MONTE CLARO,98.0,2024-05-12 03:00:00,151.43,105.0,503.39,4850.0,4816.0,0.0,4816.0,18.0,0.0,1.0
S,Sul,Fio dagua,JACUI,JIUHMC,MONTE CLARO,98.0,2024-05-12 04:00:00,151.5,105.0,511.82,4939.0,4905.0,0.0,4905.0,18.0,0.0,1.0
S,Sul,Fio dagua,JACUI,JIUHMC,MONTE CLARO,98.0,2024-05-12 05:00:00,151.68,105.0,533.43,5221.0,5133.0,0.0,5133.0,18.0,0.0,1.0
S,Sul,Fio dagua,JACUI,JIUHMC,MONTE CLARO,98.0,2024-05-12 06:00:00,152.06,105.0,578.66,5810.0,5627.0,0.0,5627.0,18.0,0.0,1.0
S,Sul,Fio dagua,JACUI,JIUHMC,MONTE CLARO,98.0,2024-05-12 07:00:00,152.63,105.0,645.39,6641.0,6372.0,0.0,6372.0,18.0,0.0,1.0
S,Sul,Fio dagua,JACUI,JIUHMC,MONTE CLARO,98.0,2024-05-12 08:00:00,153.34,105.0,726.62,7693.0,7364.0,0.0,7364.0,18.0,0.0,1.0
S,Sul,Fio dagua,JACUI,JIUHMC,MONTE CLARO,98.0,2024-05-12 09:00:00,153.99,105.0,799.15,8582.0,8334.0,0.0,8334.0,18.0,0.0,1.0
S,Sul,Fio dagua,JACUI,JIUHMC,MONTE CLARO,98.0,2024-05-12 10:00:00,154.37,105.0,840.9,9096.0,8927.0,0.0,8927.0,18.0,0.0,1.0
S,Sul,Fio dagua,JACUI,JIUHMC,MONTE CLARO,98.0,2024-05-12 11:00:00,154.75,105.0,882.26,9706.0,9539.0,0.0,9539.0,18.0,0.0,1.0
S,Sul,Fio dagua,JACUI,JIUHMC,MONTE CLARO,98.0,2024-05-12 12:00:00,154.97,105.0,906.06,9998.0,9902.0,0.0,9902.0,18.0,0.0,1.0
S,Sul,Fio dagua,JACUI,JIUHMC,MONTE CLARO,98.0,2024-05-12 13:00:00,154.98,105.0,907.14,9923.0,9918.0,0.0,9918.0,18.0,0.0,1.0
S,Sul,Fio dagua,JACUI,JIUHMC,MONTE CLARO,98.0,2024-05-12 14:00:00,155.09,105.0,920.86,9968.0,9960.0,0.0,9960.0,18.0,0.0,1.0
S,Sul,Fio dagua,JACUI,JIUHMC,MONTE CLARO,98.0,2024-05-12 15:00:00,155.14,105.0,927.28,9964.0,9964.0,0.0,9964.0,18.0,0.0,1.0
S,Sul,Fio dagua,JACUI,JIUHMC,MONTE CLARO,98.0,2024-05-12 16:00:00,155.04,105.0,914.44,9955.0,9955.0,0.0,9955.0,18.0,0.0,1.0
S,Sul,Fio dagua,JACUI,JIUHMC,MONTE CLARO,98.0,2024-05-12 17:00:00,154.98,105.0,907.14,9910.0,9918.0,0.0,9918.0,18.0,0.0,1.0
S,Sul,Fio dagua,JACUI,JIUHMC,MONTE CLARO,98.0,2024-05-12 18:00:00,154.9,105.0,898.5,9749.0,9786.0,0.0,9786.0,18.0,0.0,1.0
S,Sul,Fio dagua,JACUI,JIUHMC,MONTE CLARO,98.0,2024-05-12 19:00:00,154.79,105.0,886.6,9558.0,9604.0,0.0,9604.0,18.0,0.0,1.0
S,Sul,Fio dagua,JACUI,JIUHMC,MONTE CLARO,98.0,2024-05-12 20:00:00,154.7,105.0,876.84,9418.0,9457.0,0.0,9457.0,18.0,0.0,1.0
S,Sul,Fio dagua,JACUI,JIUHMC,MONTE CLARO,98.0,2024-05-12 21:00:00,154.72,105.0,879.01,9499.0,9490.0,0.0,9490.0,18.0,0.0,1.0
S,Sul,Fio dagua,JACUI,JIUHMC,MONTE CLARO,98.0,2024-05-12 22:00:00,154.63,105.0,869.23,9304.0,9344.0,0.0,9344.0,18.0,0.0,1.0
S,Sul,Fio dagua,JACUI,JIUHMC,MONTE CLARO,98.0,2024-05-12 23:00:00,154.43,105.0,847.46,8935.0,9023.0,0.0,9023.0,18.0,0.0,1.0
S,Sul,Fio dagua,JACUI,JIUHMC,MONTE CLARO,98.0,2024-05-12 23:59:00,154.17,105.0,818.99,8498.0,8613.0,0.0,8613.0,18.0,0.0,1.0
S,Sul,Fio dagua,JACUI,JIUHMC,MONTE CLARO,98.0,2024-05-13 01:00:00,154.01,105.0,801.37,8294.0,8365.0,0.0,8365.0,18.0,0.0,1.0
S,Sul,Fio dagua,JACUI,JIUHMC,MONTE CLARO,98.0,2024-05-13 02:00:00,153.92,105.0,791.42,8187.0,8227.0,0.0,8227.0,18.0,0.0,1.0
S,Sul,Fio dagua,JACUI,JIUHMC,MONTE CLARO,98.0,2024-05-13 03:00:00,153.73,105.0,770.33,7854.0,7939.0,0.0,7939.0,18.0,0.0,1.0
S,Sul,Fio dagua,JACUI,JIUHMC,MONTE CLARO,98.0,2024-05-13 04:00:00,153.64,105.0,760.29,7764.0,7805.0,0.0,7805.0,18.0,0.0,1.0
S,Sul,Fio dagua,JACUI,JIUHMC,MONTE CLARO,98.0,2024-05-13 06:00:00,153.43,105.0,736.75,7432.0,7495.0,0.0,7495.0,18.0,0.0,1.0
S,Sul,Fio dagua,JACUI,JIUHMC,MONTE CLARO,98.0,2024-05-13 07:00:00,153.34,105.0,726.62,7323.0,7364.0,0.0,7364.0,18.0,0.0,1.0
S,Sul,Fio dagua,JACUI,JIUHMC,MONTE CLARO,98.0,2024-05-13 08:00:00,153.26,105.0,717.46,7212.0,7249.0,0.0,7249.0,18.0,0.0,1.0
S,Sul,Fio dagua,JACUI,JIUHMC,MONTE CLARO,98.0,2024-05-13 09:00:00,153.06,105.0,694.77,6873.0,6964.0,0.0,6964.0,18.0,0.0,1.0
S,Sul,Fio dagua,JACUI,JIUHMC,MONTE CLARO,98.0,2024-05-13 10:00:00,152.88,105.0,674.2,6630.0,6713.0,0.0,6713.0,18.0,0.0,1.0
S,Sul,Fio dagua,JACUI,JIUHMC,MONTE CLARO,98.0,2024-05-13 11:00:00,152.7,105.0,653.48,6383.0,6466.0,0.0,6466.0,18.0,0.0,1.0
S,Sul,Fio dagua,JACUI,JIUHMC,MONTE CLARO,98.0,2024-05-13 12:00:00,152.61,105.0,643.07,6303.0,6345.0,0.0,6345.0,18.0,0.0,1.0
S,Sul,Fio dagua,JACUI,JIUHMC,MONTE CLARO,98.0,2024-05-13 13:00:00,152.47,105.0,626.8,6092.0,6158.0,0.0,6158.0,18.0,0.0,1.0
S,Sul,Fio dagua,JACUI,JIUHMC,MONTE CLARO,98.0,2024-05-13 14:00:00,152.37,105.0,615.13,5979.0,6026.0,0.0,6026.0,18.0,0.0,1.0
S,Sul,Fio dagua,JACUI,JIUHMC,MONTE CLARO,98.0,2024-05-13 15:00:00,152.32,105.0,609.27,5937.0,5961.0,0.0,5961.0,18.0,0.0,1.0
S,Sul,Fio dagua,JACUI,JIUHMC,MONTE CLARO,98.0,2024-05-13 16:00:00,152.21,105.0,596.36,5766.0,5818.0,0.0,5818.0,18.0,0.0,1.0
S,Sul,Fio dagua,JACUI,JIUHMC,MONTE CLARO,98.0,2024-05-13 17:00:00,152.22,105.0,597.54,5836.0,5831.0,0.0,5831.0,18.0,0.0,1.0
S,Sul,Fio dagua,JACUI,JIUHMC,MONTE CLARO,98.0,2024-05-13 18:00:00,152.16,105.0,590.47,5726.0,5754.0,0.0,5754.0,18.0,0.0,1.0
S,Sul,Fio dagua,JACUI,JIUHMC,MONTE CLARO,98.0,2024-05-13 19:00:00,152.16,105.0,590.47,5754.0,5754.0,0.0,5754.0,18.0,0.0,1.0
S,Sul,Fio dagua,JACUI,JIUHMC,MONTE CLARO,98.0,2024-05-13 20:00:00,152.21,105.0,596.36,5842.0,5818.0,0.0,5818.0,18.0,0.0,1.0
S,Sul,Fio dagua,JACUI,JIUHMC,MONTE CLARO,98.0,2024-05-13 21:00:00,151.7,105.0,535.83,4914.0,5159.0,0.0,5159.0,18.0,0.0,1.0
S,Sul,Fio dagua,JACUI,JIUHMC,MONTE CLARO,98.0,2024-05-13 22:00:00,151.55,105.0,517.84,4897.0,4969.0,0.0,4969.0,18.0,0.0,1.0
S,Sul,Fio dagua,JACUI,JIUHMC,MONTE CLARO,98.0,2024-05-13 23:00:00,151.4,105.0,499.77,4705.0,4778.0,0.0,4778.0,18.0,0.0,1.0
S,Sul,Fio dagua,JACUI,JIUHMC,MONTE CLARO,98.0,2024-05-13 23:59:00,151.27,105.0,484.05,4554.0,4617.0,0.0,4617.0,18.0,0.0,1.0
S,Sul,Fio dagua,JACUI,JIUHMC,MONTE CLARO,98.0,2024-05-14 01:00:00,151.14,105.0,468.3,4397.0,4461.0,0.0,4461.0,18.0,0.0,1.0
S,Sul,Fio dagua,JACUI,JIUHMC,MONTE CLARO,98.0,2024-05-14 02:00:00,150.98,105.0,448.86,4197.0,4275.0,0.0,4275.0,18.0,0.0,1.0
S,Sul,Fio dagua,JACUI,JIUHMC,MONTE CLARO,98.0,2024-05-14 03:00:00,150.84,105.0,431.81,4050.0,4119.0,0.0,4119.0,18.0,0.0,1.0
S,Sul,Fio dagua,JACUI,JIUHMC,MONTE CLARO,98.0,2024-05-14 04:00:00,150.71,105.0,415.97,3914.0,3978.0,0.0,3978.0,18.0,0.0,1.0
S,Sul,Fio dagua,JACUI,JIUHMC,MONTE CLARO,98.0,2024-05-14 05:00:00,150.63,105.0,406.21,3852.0,3892.0,0.0,3892.0,18.0,0.0,1.0
S,Sul,Fio dagua,JACUI,JIUHMC,MONTE CLARO,98.0,2024-05-14 06:00:00,150.48,105.0,387.92,3661.0,3735.0,0.0,3735.0,18.0,0.0,1.0
S,Sul,Fio dagua,JACUI,JIUHMC,MONTE CLARO,98.0,2024-05-14 07:00:00,150.39,105.0,376.95,3599.0,3643.0,0.0,3643.0,18.0,0.0,1.0
S,Sul,Fio dagua,JACUI,JIUHMC,MONTE CLARO,98.0,2024-05-14 08:00:00,150.31,105.0,367.2,3525.0,3564.0,0.0,3564.0,18.0,0.0,1.0
S,Sul,Fio dagua,JACUI,JIUHMC,MONTE CLARO,98.0,2024-05-14 09:00:00,150.21,105.0,355.03,3418.0,3468.0,0.0,3468.0,18.0,0.0,1.0
S,Sul,Fio dagua,JACUI,JIUHMC,MONTE CLARO,98.0,2024-05-14 10:00:00,150.11,105.0,342.88,3324.0,3374.0,0.0,3374.0,18.0,0.0,1.0
S,Sul,Fio dagua,JACUI,JIUHMC,MONTE CLARO,98.0,2024-05-14 11:00:00,150.05,105.0,335.6,3288.0,3318.0,0.0,3318.0,18.0,0.0,1.0
S,Sul,Fio dagua,JACUI,JIUHMC,MONTE CLARO,98.0,2024-05-14 12:00:00,149.95,105.0,323.49,3178.0,3227.0,0.0,3227.0,18.0,0.0,1.0
S,Sul,Fio dagua,JACUI,JIUHMC,MONTE CLARO,98.0,2024-05-14 13:00:00,149.84,105.0,310.21,3077.0,3131.0,0.0,3131.0,18.0,0.0,1.0
S,Sul,Fio dagua,JACUI,JIUHMC,MONTE CLARO,98.0,2024-05-14 14:00:00,149.76,105.0,300.58,3023.0,3062.0,0.0,3062.0,18.0,0.0,1.0
S,Sul,Fio dagua,JACUI,JIUHMC,MONTE CLARO,98.0,2024-05-14 15:00:00,149.69,105.0,292.18,2969.0,3003.0,0.0,3003.0,18.0,0.0,1.0
S,Sul,Fio dagua,JACUI,JIUHMC,MONTE CLARO,98.0,2024-05-14 16:00:00,149.61,105.0,282.6,2898.0,2937.0,0.0,2937.0,18.0,0.0,1.0
S,Sul,Fio dagua,JACUI,JIUHMC,MONTE CLARO,98.0,2024-05-14 17:00:00,149.53,105.0,273.05,2835.0,2874.0,0.0,2874.0,18.0,0.0,1.0
S,Sul,Fio dagua,JACUI,JIUHMC,MONTE CLARO,98.0,2024-05-14 18:00:00,149.46,105.0,264.74,2786.0,2820.0,0.0,2820.0,18.0,0.0,1.0
S,Sul,Fio dagua,JACUI,JIUHMC,MONTE CLARO,98.0,2024-05-14 19:00:00,149.83,105.0,309.0,2284.0,2105.0,0.0,2105.0,18.0,0.0,1.0
S,Sul,Fio dagua,JACUI,JIUHMC,MONTE CLARO,98.0,2024-05-14 20:00:00,149.9,105.0,317.45,2196.0,2161.0,0.0,2161.0,18.0,0.0,1.0
S,Sul,Fio dagua,JACUI,JIUHMC,MONTE CLARO,98.0,2024-05-14 21:00:00,149.89,105.0,316.24,2148.0,2153.0,0.0,2153.0,18.0,0.0,1.0
S,Sul,Fio dagua,JACUI,JIUHMC,MONTE CLARO,98.0,2024-05-14 22:00:00,149.82,105.0,307.8,2063.0,2097.0,0.0,2097.0,18.0,0.0,1.0
S,Sul,Fio dagua,JACUI,JIUHMC,MONTE CLARO,98.0,2024-05-14 23:00:00,149.77,105.0,301.78,2033.0,2058.0,0.0,2058.0,18.0,0.0,1.0
S,Sul,Fio dagua,JACUI,JIUHMC,MONTE CLARO,98.0,2024-05-14 23:59:00,149.67,105.0,289.78,1931.0,1980.0,0.0,1980.0,18.0,0.0,1.0
S,Sul,Fio dagua,JACUI,JIUHMC,MONTE CLARO,98.0,2024-05-15 01:00:00,149.61,105.0,282.6,1906.0,1935.0,0.0,1935.0,18.0,0.0,1.0
S,Sul,Fio dagua,JACUI,JIUHMC,MONTE CLARO,98.0,2024-05-15 02:00:00,149.55,105.0,275.44,1862.0,1891.0,0.0,1891.0,18.0,0.0,1.0
S,Sul,Fio dagua,JACUI,JIUHMC,MONTE CLARO,98.0,2024-05-15 03:00:00,149.49,105.0,268.3,1819.0,1848.0,0.0,1848.0,18.0,0.0,1.0
S,Sul,Fio dagua,JACUI,JIUHMC,MONTE CLARO,98.0,2024-05-15 04:00:00,149.44,105.0,262.37,1789.0,1813.0,0.0,1813.0,18.0,0.0,1.0
S,Sul,Fio dagua,JACUI,JIUHMC,MONTE CLARO,98.0,2024-05-15 05:00:00,149.39,105.0,256.44,1755.0,1779.0,0.0,1779.0,18.0,0.0,1.0
S,Sul,Fio dagua,JACUI,JIUHMC,MONTE CLARO,98.0,2024-05-15 06:00:00,149.32,105.0,248.18,1700.0,1734.0,0.0,1734.0,18.0,0.0,1.0
S,Sul,Fio dagua,JACUI,JIUHMC,MONTE CLARO,98.0,2024-05-15 07:00:00,149.27,105.0,242.3,1678.0,1702.0,0.0,1702.0,18.0,0.0,1.0
S,Sul,Fio dagua,JACUI,JIUHMC,MONTE CLARO,98.0,2024-05-15 08:00:00,149.21,105.0,235.26,1636.0,1665.0,0.0,1665.0,18.0,0.0,1.0
S,Sul,Fio dagua,JACUI,JIUHMC,MONTE CLARO,98.0,2024-05-15 09:00:00,149.15,105.0,228.25,1601.0,1629.0,0.0,1629.0,18.0,0.0,1.0
S,Sul,Fio dagua,JACUI,JIUHMC,MONTE CLARO,98.0,2024-05-15 10:00:00,149.09,105.0,221.27,1566.0,1594.0,0.0,1594.0,18.0,0.0,1.0
S,Sul,Fio dagua,JACUI,JIUHMC,MONTE CLARO,98.0,2024-05-15 11:00:00,149.04,105.0,215.47,1543.0,1567.0,0.0,1567.0,18.0,0.0,1.0
S,Sul,Fio dagua,JACUI,JIUHMC,MONTE CLARO,98.0,2024-05-15 12:00:00,149.25,105.0,239.95,1325.0,1226.0,0.0,1226.0,18.0,0.0,1.0
S,Sul,Fio dagua,JACUI,JIUHMC,MONTE CLARO,98.0,2024-05-15 13:00:00,149.51,105.0,270.68,1518.0,1394.0,0.0,1394.0,18.0,0.0,1.0
S,Sul,Fio dagua,JACUI,JIUHMC,MONTE CLARO,98.0,2024-05-15 14:00:00,149.56,105.0,276.64,1453.0,1429.0,0.0,1429.0,18.0,0.0,1.0
S,Sul,Fio dagua,JACUI,JIUHMC,MONTE CLARO,98.0,2024-05-15 15:00:00,149.54,105.0,274.25,1405.0,1415.0,0.0,1415.0,18.0,0.0,1.0
S,Sul,Fio dagua,JACUI,JIUHMC,MONTE CLARO,98.0,2024-05-15 16:00:00,149.47,105.0,265.93,1333.0,1366.0,0.0,1366.0,18.0,0.0,1.0
S,Sul,Fio dagua,JACUI,JIUHMC,MONTE CLARO,98.0,2024-05-15 17:00:00,149.57,105.0,277.83,1484.0,1436.0,0.0,1436.0,18.0,0.0,1.0
S,Sul,Fio dagua,JACUI,JIUHMC,MONTE CLARO,98.0,2024-05-15 18:00:00,149.5,105.0,269.49,1353.0,1387.0,0.0,1387.0,18.0,0.0,1.0
S,Sul,Fio dagua,JACUI,JIUHMC,MONTE CLARO,98.0,2024-05-15 19:00:00,149.43,105.0,261.18,1306.0,1340.0,0.0,1340.0,18.0,0.0,1.0
S,Sul,Fio dagua,JACUI,JIUHMC,MONTE CLARO,98.0,2024-05-15 20:00:00,149.43,105.0,261.18,1340.0,1340.0,0.0,1340.0,18.0,0.0,1.0
S,Sul,Fio dagua,JACUI,JIUHMC,MONTE CLARO,98.0,2024-05-15 21:00:00,149.36,105.0,252.9,1261.0,1294.0,0.0,1294.0,18.0,0.0,1.0
S,Sul,Fio dagua,JACUI,JIUHMC,MONTE CLARO,98.0,2024-05-15 22:00:00,149.29,105.0,244.65,1217.0,1250.0,0.0,1250.0,18.0,0.0,1.0
S,Sul,Fio dagua,JACUI,JIUHMC,MONTE CLARO,98.0,2024-05-15 23:00:00,149.25,105.0,239.95,1207.0,1226.0,0.0,1226.0,18.0,0.0,1.0
S,Sul,Fio dagua,JACUI,JIUHMC,MONTE CLARO,98.0,2024-05-15 23:59:00,149.23,105.0,237.61,1205.0,1214.0,0.0,1214.0,18.0,0.0,1.0
S,Sul,Fio dagua,JACUI,JIUHMC,MONTE CLARO,98.0,2024-05-16 01:00:00,149.2,105.0,234.09,1182.0,1196.0,0.0,1196.0,18.0,0.0,1.0
S,Sul,Fio dagua,JACUI,JIUHMC,MONTE CLARO,98.0,2024-05-16 02:00:00,149.2,105.0,234.09,1196.0,1196.0,0.0,1196.0,18.0,0.0,1.0
S,Sul,Fio dagua,JACUI,JIUHMC,MONTE CLARO,98.0,2024-05-16 03:00:00,149.2,105.0,234.09,1196.0,1196.0,0.0,1196.0,18.0,0.0,1.0
S,Sul,Fio dagua,JACUI,JIUHMC,MONTE CLARO,98.0,2024-05-16 04:00:00,149.18,105.0,231.76,1175.0,1185.0,0.0,1185.0,18.0,0.0,1.0
S,Sul,Fio dagua,JACUI,JIUHMC,MONTE CLARO,98.0,2024-05-16 05:00:00,149.16,105.0,229.42,1164.0,1173.0,0.0,1173.0,18.0,0.0,1.0
S,Sul,Fio dagua,JACUI,JIUHMC,MONTE CLARO,98.0,2024-05-16 06:00:00,149.15,105.0,228.25,1163.0,1168.0,0.0,1168.0,18.0,0.0,1.0
S,Sul,Fio dagua,JACUI,JIUHMC,MONTE CLARO,98.0,2024-05-16 07:00:00,149.15,105.0,228.25,1168.0,1168.0,0.0,1168.0,18.0,0.0,1.0
S,Sul,Fio dagua,JACUI,JIUHMC,MONTE CLARO,98.0,2024-05-16 08:00:00,149.15,105.0,228.25,1168.0,1168.0,0.0,1168.0,18.0,0.0,1.0
S,Sul,Fio dagua,JACUI,JIUHMC,MONTE CLARO,98.0,2024-05-16 09:00:00,149.03,105.0,214.31,1046.0,1102.0,0.0,1102.0,18.0,0.0,1.0
S,Sul,Fio dagua,JACUI,JIUHMC,MONTE CLARO,98.0,2024-05-16 10:00:00,148.9,105.0,199.33,976.0,1037.0,0.0,1037.0,18.0,0.0,1.0
S,Sul,Fio dagua,JACUI,JIUHMC,MONTE CLARO,98.0,2024-05-16 11:00:00,148.87,105.0,195.9,1008.0,1022.0,0.0,1022.0,18.0,0.0,1.0
S,Sul,Fio dagua,JACUI,JIUHMC,MONTE CLARO,98.0,2024-05-16 12:00:00,148.85,105.0,193.61,1004.0,1013.0,0.0,1013.0,18.0,0.0,1.0
S,Sul,Fio dagua,JACUI,JIUHMC,MONTE CLARO,98.0,2024-05-16 13:00:00,148.85,105.0,193.61,1013.0,1013.0,0.0,1013.0,18.0,0.0,1.0
S,Sul,Fio dagua,JACUI,JIUHMC,MONTE CLARO,98.0,2024-05-16 14:00:00,148.85,105.0,193.61,1013.0,1013.0,0.0,1013.0,18.0,0.0,1.0
S,Sul,Fio dagua,JACUI,JIUHMC,MONTE CLARO,98.0,2024-05-16 15:00:00,148.85,105.0,193.61,1013.0,1013.0,0.0,1013.0,18.0,0.0,1.0
S,Sul,Fio dagua,JACUI,JIUHMC,MONTE CLARO,98.0,2024-05-16 16:00:00,148.75,105.0,182.24,967.0,967.0,0.0,962.0,6.0,0.0,349.0
S,Sul,Fio dagua,JACUI,JIUHMC,MONTE CLARO,98.0,2024-05-16 17:00:00,148.72,105.0,178.84,954.0,954.0,0.0,954.0,18.0,0.0,
S,Sul,Fio dagua,JACUI,JIUHMC,MONTE CLARO,98.0,2024-05-16 18:00:00,148.7,105.0,176.58,936.0,945.0,0.0,945.0,18.0,0.0,
S,Sul,Fio dagua,JACUI,JIUHMC,MONTE CLARO,98.0,2024-05-16 19:00:00,148.66,105.0,172.07,910.0,928.0,0.0,928.0,18.0,0.0,
S,Sul,Fio dagua,JACUI,JIUHMC,MONTE CLARO,98.0,2024-05-16 20:00:00,148.65,105.0,170.95,919.0,919.0,0.0,919.0,18.0,0.0,
S,Sul,Fio dagua,JACUI,JIUHMC,MONTE CLARO,98.0,2024-05-16 21:00:00,148.63,105.0,168.7,907.0,916.0,0.0,916.0,18.0,0.0,
S,Sul,Fio dagua,JACUI,JIUHMC,MONTE CLARO,98.0,2024-05-16 22:00:00,148.62,105.0,167.58,907.0,912.0,0.0,912.0,18.0,0.0,
S,Sul,Fio dagua,JACUI,JIUHMC,MONTE CLARO,98.0,2024-05-16 23:00:00,148.6,105.0,165.34,895.0,904.0,0.0,904.0,18.0,0.0,
S,Sul,Fio dagua,JACUI,JIUHMC,MONTE CLARO,98.0,2024-05-16 23:59:00,148.57,105.0,161.99,879.0,893.0,,893.0,18.0,,
S,Sul,Fio dagua,JACUI,JIUHMC,MONTE CLARO,98.0,2024-05-17 02:00:00,148.56,105.0,160.87,884.0,889.0,0.0,889.0,18.0,0.0,1.0
S,Sul,Fio dagua,JACUI,JIUHMC,MONTE CLARO,98.0,2024-05-17 03:00:00,148.55,105.0,159.75,881.0,885.0,0.0,885.0,18.0,0.0,1.0
S,Sul,Fio dagua,JACUI,JIUHMC,MONTE CLARO,98.0,2024-05-17 04:00:00,148.54,105.0,158.64,877.0,882.0,0.0,882.0,18.0,0.0,1.0
S,Sul,Fio dagua,JACUI,JIUHMC,MONTE CLARO,98.0,2024-05-17 05:00:00,148.54,105.0,158.64,882.0,882.0,0.0,882.0,18.0,0.0,1.0
S,Sul,Fio dagua,JACUI,JIUHMC,MONTE CLARO,98.0,2024-05-17 06:00:00,148.55,105.0,159.75,890.0,885.0,0.0,885.0,18.0,0.0,1.0
S,Sul,Fio dagua,JACUI,JIUHMC,MONTE CLARO,98.0,2024-05-17 07:00:00,148.55,105.0,159.75,885.0,885.0,0.0,885.0,18.0,0.0,1.0
S,Sul,Fio dagua,JACUI,JIUHMC,MONTE CLARO,98.0,2024-05-17 08:00:00,148.57,105.0,161.99,902.0,893.0,0.0,893.0,18.0,0.0,1.0
S,Sul,Fio dagua,JACUI,JIUHMC,MONTE CLARO,98.0,2024-05-17 09:00:00,148.62,105.0,167.58,934.0,912.0,0.0,912.0,18.0,0.0,1.0
S,Sul,Fio dagua,JACUI,JIUHMC,MONTE CLARO,98.0,2024-05-17 10:00:00,148.62,105.0,167.58,912.0,912.0,0.0,912.0,18.0,0.0,1.0
S,Sul,Fio dagua,JACUI,JIUHMC,MONTE CLARO,98.0,2024-05-17 11:00:00,148.68,105.0,174.33,964.0,936.0,0.0,936.0,18.0,0.0,1.0
S,Sul,Fio dagua,JACUI,JIUHMC,MONTE CLARO,98.0,2024-05-17 12:00:00,148.69,105.0,175.45,945.0,941.0,0.0,941.0,18.0,0.0,1.0
S,Sul,Fio dagua,JACUI,JIUHMC,MONTE CLARO,98.0,2024-05-17 13:00:00,148.73,105.0,179.97,977.0,958.0,0.0,958.0,18.0,0.0,1.0
S,Sul,Fio dagua,JACUI,JIUHMC,MONTE CLARO,98.0,2024-05-17 14:00:00,148.74,105.0,181.1,967.0,963.0,0.0,963.0,18.0,0.0,1.0
S,Sul,Fio dagua,JACUI,JIUHMC,MONTE CLARO,98.0,2024-05-17 15:00:00,148.75,105.0,182.24,972.0,967.0,0.0,967.0,18.0,0.0,1.0
S,Sul,Fio dagua,JACUI,JIUHMC,MONTE CLARO,98.0,2024-05-17 16:00:00,148.77,105.0,184.51,986.0,977.0,0.0,977.0,18.0,0.0,1.0
S,Sul,Fio dagua,JACUI,JIUHMC,MONTE CLARO,98.0,2024-05-17 17:00:00,148.8,105.0,187.92,882.0,868.0,0.0,868.0,18.0,0.0,1.0
S,Sul,Fio dagua,JACUI,JIUHMC,MONTE CLARO,98.0,2024-05-17 18:00:00,148.96,105.0,206.23,1018.0,944.0,0.0,944.0,18.0,0.0,1.0
S,Sul,Fio dagua,JACUI,JIUHMC,MONTE CLARO,98.0,2024-05-17 19:00:00,149.01,105.0,211.99,992.0,969.0,0.0,969.0,18.0,0.0,1.0
S,Sul,Fio dagua,JACUI,JIUHMC,MONTE CLARO,98.0,2024-05-17 20:00:00,149.04,105.0,215.47,999.0,985.0,0.0,985.0,18.0,0.0,1.0
S,Sul,Fio dagua,JACUI,JIUHMC,MONTE CLARO,98.0,2024-05-17 21:00:00,149.1,105.0,222.43,1045.0,1017.0,0.0,1017.0,18.0,0.0,1.0
S,Sul,Fio dagua,JACUI,JIUHMC,MONTE CLARO,98.0,2024-05-17 23:59:00,149.17,105.0,230.59,1070.0,1056.0,0.0,1056.0,18.0,0.0,1.0
S,Sul,Fio dagua,JACUI,JIUHMC,MONTE CLARO,98.0,2024-05-18 01:00:00,149.22,105.0,236.43,1108.0,1084.0,0.0,1084.0,18.0,0.0,1.0
S,Sul,Fio dagua,JACUI,JIUHMC,MONTE CLARO,98.0,2024-05-18 02:00:00,149.24,105.0,238.78,1106.0,1096.0,0.0,1096.0,18.0,0.0,1.0
S,Sul,Fio dagua,JACUI,JIUHMC,MONTE CLARO,98.0,2024-05-18 03:00:00,149.27,105.0,242.3,1128.0,1114.0,0.0,1114.0,18.0,0.0,1.0
S,Sul,Fio dagua,JACUI,JIUHMC,MONTE CLARO,98.0,2024-05-18 04:00:00,149.3,105.0,245.83,1147.0,1132.0,0.0,1132.0,18.0,0.0,1.0
S,Sul,Fio dagua,JACUI,JIUHMC,MONTE CLARO,98.0,2024-05-18 05:00:00,149.34,105.0,250.54,1176.0,1157.0,0.0,1157.0,18.0,0.0,1.0
S,Sul,Fio dagua,JACUI,JIUHMC,MONTE CLARO,98.0,2024-05-18 06:00:00,149.38,105.0,255.26,1202.0,1183.0,0.0,1183.0,18.0,0.0,1.0
S,Sul,Fio dagua,JACUI,JIUHMC,MONTE CLARO,98.0,2024-05-18 07:00:00,149.41,105.0,258.81,1216.0,1202.0,0.0,1202.0,18.0,0.0,1.0
S,Sul,Fio dagua,JACUI,JIUHMC,MONTE CLARO,98.0,2024-05-18 08:00:00,149.46,105.0,264.74,1259.0,1235.0,0.0,1235.0,18.0,0.0,1.0
S,Sul,Fio dagua,JACUI,JIUHMC,MONTE CLARO,98.0,2024-05-18 09:00:00,149.48,105.0,267.11,1258.0,1248.0,0.0,1248.0,18.0,0.0,1.0
S,Sul,Fio dagua,JACUI,JIUHMC,MONTE CLARO,98.0,2024-05-18 10:00:00,149.51,105.0,270.68,1283.0,1269.0,0.0,1269.0,18.0,0.0,1.0
S,Sul,Fio dagua,JACUI,JIUHMC,MONTE CLARO,98.0,2024-05-18 11:00:00,149.53,105.0,273.05,1292.0,1283.0,0.0,1283.0,18.0,0.0,1.0
S,Sul,Fio dagua,JACUI,JIUHMC,MONTE CLARO,98.0,2024-05-18 12:00:00,149.56,105.0,276.64,1318.0,1303.0,0.0,1303.0,18.0,0.0,1.0
S,Sul,Fio dagua,JACUI,JIUHMC,MONTE CLARO,98.0,2024-05-18 13:00:00,149.58,105.0,279.02,1327.0,1318.0,0.0,1318.0,18.0,0.0,1.0
S,Sul,Fio dagua,JACUI,JIUHMC,MONTE CLARO,98.0,2024-05-18 14:00:00,149.62,105.0,283.8,1365.0,1346.0,0.0,1346.0,18.0,0.0,1.0
S,Sul,Fio dagua,JACUI,JIUHMC,MONTE CLARO,98.0,2024-05-18 15:00:00,149.64,105.0,286.19,1370.0,1361.0,0.0,1361.0,18.0,0.0,1.0
S,Sul,Fio dagua,JACUI,JIUHMC,MONTE CLARO,98.0,2024-05-18 16:00:00,149.64,105.0,286.19,1361.0,1361.0,0.0,1361.0,18.0,0.0,1.0
S,Sul,Fio dagua,JACUI,JIUHMC,MONTE CLARO,98.0,2024-05-18 17:00:00,149.6,105.0,281.41,1438.0,1457.0,0.0,1457.0,18.0,0.0,1.0
S,Sul,Fio dagua,JACUI,JIUHMC,MONTE CLARO,98.0,2024-05-18 18:00:00,149.53,105.0,273.05,1374.0,1408.0,0.0,1408.0,18.0,0.0,1.0
S,Sul,Fio dagua,JACUI,JIUHMC,MONTE CLARO,98.0,2024-05-18 19:00:00,149.49,105.0,268.3,1361.0,1380.0,0.0,1380.0,18.0,0.0,1.0
S,Sul,Fio dagua,JACUI,JIUHMC,MONTE CLARO,98.0,2024-05-18 20:00:00,149.48,105.0,267.11,1368.0,1373.0,0.0,1373.0,18.0,0.0,1.0
S,Sul,Fio dagua,JACUI,JIUHMC,MONTE CLARO,98.0,2024-05-18 21:00:00,149.46,105.0,264.74,1350.0,1360.0,0.0,1360.0,18.0,0.0,1.0
S,Sul,Fio dagua,JACUI,JIUHMC,MONTE CLARO,98.0,2024-05-18 22:00:00,149.44,105.0,262.37,1337.0,1346.0,0.0,1346.0,18.0,0.0,1.0
S,Sul,Fio dagua,JACUI,JIUHMC,MONTE CLARO,98.0,2024-05-18 23:00:00,149.41,105.0,258.81,1312.0,1326.0,0.0,1326.0,18.0,0.0,1.0
S,Sul,Fio dagua,JACUI,JIUHMC,MONTE CLARO,98.0,2024-05-18 23:59:00,149.4,105.0,257.62,1315.0,1320.0,0.0,1320.0,18.0,0.0,1.0
S,Sul,Fio dagua,JACUI,JIUHMC,MONTE CLARO,98.0,2024-05-19 01:00:00,149.38,105.0,255.26,1297.0,1307.0,0.0,1307.0,18.0,0.0,1.0
S,Sul,Fio dagua,JACUI,JIUHMC,MONTE CLARO,98.0,2024-05-19 02:00:00,149.34,105.0,250.54,1262.0,1281.0,0.0,1281.0,18.0,0.0,1.0
S,Sul,Fio dagua,JACUI,JIUHMC,MONTE CLARO,98.0,2024-05-19 03:00:00,149.31,105.0,247.0,1248.0,1263.0,0.0,1263.0,18.0,0.0,1.0
S,Sul,Fio dagua,JACUI,JIUHMC,MONTE CLARO,98.0,2024-05-19 04:00:00,149.28,105.0,243.48,1230.0,1244.0,0.0,1244.0,18.0,0.0,1.0
S,Sul,Fio dagua,JACUI,JIUHMC,MONTE CLARO,98.0,2024-05-19 05:00:00,149.24,105.0,238.78,1201.0,1220.0,0.0,1220.0,18.0,0.0,1.0
S,Sul,Fio dagua,JACUI,JIUHMC,MONTE CLARO,98.0,2024-05-19 06:00:00,149.2,105.0,234.09,1177.0,1196.0,0.0,1196.0,18.0,0.0,1.0
S,Sul,Fio dagua,JACUI,JIUHMC,MONTE CLARO,98.0,2024-05-19 07:00:00,149.17,105.0,230.59,1165.0,1179.0,0.0,1179.0,18.0,0.0,1.0
S,Sul,Fio dagua,JACUI,JIUHMC,MONTE CLARO,98.0,2024-05-19 08:00:00,149.14,105.0,227.08,1148.0,1162.0,0.0,1162.0,18.0,0.0,1.0
S,Sul,Fio dagua,JACUI,JIUHMC,MONTE CLARO,98.0,2024-05-19 09:00:00,149.09,105.0,221.27,1111.0,1134.0,0.0,1134.0,18.0,0.0,1.0
S,Sul,Fio dagua,JACUI,JIUHMC,MONTE CLARO,98.0,2024-05-19 10:00:00,149.08,105.0,220.11,1124.0,1129.0,0.0,1129.0,18.0,0.0,1.0
S,Sul,Fio dagua,JACUI,JIUHMC,MONTE CLARO,98.0,2024-05-19 11:00:00,149.02,105.0,213.16,1069.0,1097.0,0.0,1097.0,18.0,0.0,1.0
S,Sul,Fio dagua,JACUI,JIUHMC,MONTE CLARO,98.0,2024-05-19 12:00:00,149.0,105.0,210.84,1077.0,1087.0,0.0,1087.0,18.0,0.0,1.0
S,Sul,Fio dagua,JACUI,JIUHMC,MONTE CLARO,98.0,2024-05-19 13:00:00,148.98,105.0,208.54,1067.0,1076.0,0.0,1076.0,18.0,0.0,1.0
S,Sul,Fio dagua,JACUI,JIUHMC,MONTE CLARO,98.0,2024-05-19 14:00:00,148.96,105.0,206.23,1057.0,1066.0,0.0,1066.0,18.0,0.0,1.0
S,Sul,Fio dagua,JACUI,JIUHMC,MONTE CLARO,98.0,2024-05-19 15:00:00,148.94,105.0,203.93,1047.0,1056.0,0.0,1056.0,18.0,0.0,1.0
S,Sul,Fio dagua,JACUI,JIUHMC,MONTE CLARO,98.0,2024-05-19 16:00:00,148.92,105.0,201.63,1037.0,1046.0,0.0,1046.0,18.0,0.0,1.0
S,Sul,Fio dagua,JACUI,JIUHMC,MONTE CLARO,98.0,2024-05-19 17:00:00,148.89,105.0,198.19,1018.0,1032.0,0.0,1032.0,18.0,0.0,1.0
S,Sul,Fio dagua,JACUI,JIUHMC,MONTE CLARO,98.0,2024-05-19 18:00:00,148.86,105.0,194.76,1004.0,1018.0,0.0,1018.0,18.0,0.0,1.0
S,Sul,Fio dagua,JACUI,JIUHMC,MONTE CLARO,98.0,2024-05-19 19:00:00,148.84,105.0,192.47,999.0,1008.0,0.0,1008.0,18.0,0.0,1.0
S,Sul,Fio dagua,JACUI,JIUHMC,MONTE CLARO,98.0,2024-05-19 20:00:00,148.82,105.0,190.19,990.0,999.0,0.0,999.0,18.0,0.0,1.0
S,Sul,Fio dagua,JACUI,JIUHMC,MONTE CLARO,98.0,2024-05-19 21:00:00,148.79,105.0,186.77,972.0,986.0,0.0,986.0,18.0,0.0,1.0
S,Sul,Fio dagua,JACUI,JIUHMC,MONTE CLARO,98.0,2024-05-19 22:00:00,148.79,105.0,186.77,986.0,986.0,0.0,986.0,18.0,0.0,1.0
S,Sul,Fio dagua,JACUI,JIUHMC,MONTE CLARO,98.0,2024-05-19 23:00:00,148.78,105.0,185.64,977.0,981.0,0.0,981.0,18.0,0.0,1.0
S,Sul,Fio dagua,JACUI,JIUHMC,MONTE CLARO,98.0,2024-05-19 23:59:00,148.75,105.0,182.24,954.0,967.0,0.0,967.0,18.0,0.0,1.0
S,Sul,Fio dagua,JACUI,JIUHMC,MONTE CLARO,98.0,2024-05-20 01:00:00,148.75,105.0,182.24,967.0,967.0,0.0,967.0,18.0,0.0,1.0
S,Sul,Fio dagua,JACUI,JIUHMC,MONTE CLARO,98.0,2024-05-20 02:00:00,148.74,105.0,181.1,958.0,963.0,0.0,963.0,18.0,0.0,1.0
S,Sul,Fio dagua,JACUI,JIUHMC,MONTE CLARO,98.0,2024-05-20 03:00:00,148.73,105.0,179.97,954.0,958.0,0.0,958.0,18.0,0.0,1.0
S,Sul,Fio dagua,JACUI,JIUHMC,MONTE CLARO,98.0,2024-05-20 04:00:00,148.71,105.0,177.71,940.0,949.0,0.0,949.0,18.0,0.0,1.0
S,Sul,Fio dagua,JACUI,JIUHMC,MONTE CLARO,98.0,2024-05-20 05:00:00,148.68,105.0,174.33,923.0,936.0,0.0,936.0,18.0,0.0,1.0
S,Sul,Fio dagua,JACUI,JIUHMC,MONTE CLARO,98.0,2024-05-20 06:00:00,148.67,105.0,173.2,928.0,932.0,0.0,932.0,18.0,0.0,1.0
S,Sul,Fio dagua,JACUI,JIUHMC,MONTE CLARO,98.0,2024-05-20 07:00:00,148.64,105.0,169.82,906.0,920.0,0.0,920.0,18.0,0.0,1.0
S,Sul,Fio dagua,JACUI,JIUHMC,MONTE CLARO,98.0,2024-05-20 08:00:00,148.62,105.0,167.58,903.0,912.0,0.0,912.0,18.0,0.0,1.0
S,Sul,Fio dagua,JACUI,JIUHMC,MONTE CLARO,98.0,2024-05-20 09:00:00,148.6,105.0,165.34,895.0,904.0,0.0,904.0,18.0,0.0,1.0
S,Sul,Fio dagua,JACUI,JIUHMC,MONTE CLARO,98.0,2024-05-20 10:00:00,148.58,105.0,163.1,887.0,896.0,0.0,896.0,18.0,0.0,1.0
S,Sul,Fio dagua,JACUI,JIUHMC,MONTE CLARO,98.0,2024-05-20 11:00:00,148.55,105.0,159.75,872.0,885.0,0.0,885.0,18.0,0.0,1.0
S,Sul,Fio dagua,JACUI,JIUHMC,MONTE CLARO,98.0,2024-05-20 12:00:00,149.07,105.0,218.94,852.0,613.0,0.0,613.0,18.0,0.0,1.0
S,Sul,Fio dagua,JACUI,JIUHMC,MONTE CLARO,98.0,2024-05-20 13:00:00,149.34,105.0,250.54,894.0,766.0,0.0,766.0,18.0,0.0,1.0
S,Sul,Fio dagua,JACUI,JIUHMC,MONTE CLARO,98.0,2024-05-20 14:00:00,149.42,105.0,259.99,855.0,816.0,0.0,816.0,18.0,0.0,1.0
S,Sul,Fio dagua,JACUI,JIUHMC,MONTE CLARO,98.0,2024-05-20 15:00:00,149.42,105.0,259.99,816.0,816.0,0.0,816.0,18.0,0.0,1.0
S,Sul,Fio dagua,JACUI,JIUHMC,MONTE CLARO,98.0,2024-05-20 16:00:00,149.42,105.0,259.99,816.0,816.0,0.0,816.0,18.0,0.0,1.0
S,Sul,Fio dagua,JACUI,JIUHMC,MONTE CLARO,98.0,2024-05-20 17:00:00,149.4,105.0,257.62,794.0,804.0,0.0,804.0,18.0,0.0,1.0
S,Sul,Fio dagua,JACUI,JIUHMC,MONTE CLARO,98.0,2024-05-20 18:00:00,149.38,105.0,255.26,781.0,791.0,0.0,791.0,18.0,0.0,1.0
S,Sul,Fio dagua,JACUI,JIUHMC,MONTE CLARO,98.0,2024-05-20 19:00:00,149.37,105.0,254.08,780.0,785.0,0.0,785.0,18.0,0.0,1.0
S,Sul,Fio dagua,JACUI,JIUHMC,MONTE CLARO,98.0,2024-05-20 20:00:00,149.36,105.0,252.9,774.0,779.0,0.0,779.0,18.0,0.0,1.0
S,Sul,Fio dagua,JACUI,JIUHMC,MONTE CLARO,98.0,2024-05-20 21:00:00,149.35,105.0,251.72,768.0,772.0,0.0,772.0,18.0,0.0,1.0
S,Sul,Fio dagua,JACUI,JIUHMC,MONTE CLARO,98.0,2024-05-20 22:00:00,149.34,105.0,250.54,761.0,766.0,0.0,766.0,18.0,0.0,1.0
S,Sul,Fio dagua,JACUI,JIUHMC,MONTE CLARO,98.0,2024-05-20 23:00:00,149.33,105.0,249.36,755.0,760.0,0.0,760.0,18.0,0.0,1.0
S,Sul,Fio dagua,JACUI,JIUHMC,MONTE CLARO,98.0,2024-05-20 23:59:00,149.32,105.0,248.18,749.0,754.0,0.0,754.0,18.0,0.0,1.0
S,Sul,Fio dagua,JACUI,JIUHMC,MONTE CLARO,98.0,2024-05-21 01:00:00,149.31,105.0,247.0,743.0,748.0,0.0,748.0,18.0,0.0,1.0
S,Sul,Fio dagua,JACUI,JIUHMC,MONTE CLARO,98.0,2024-05-21 02:00:00,149.29,105.0,244.65,726.0,736.0,0.0,736.0,18.0,0.0,1.0
S,Sul,Fio dagua,JACUI,JIUHMC,MONTE CLARO,98.0,2024-05-21 03:00:00,149.47,105.0,265.93,935.0,849.0,0.0,849.0,18.0,0.0,1.0
S,Sul,Fio dagua,JACUI,JIUHMC,MONTE CLARO,98.0,2024-05-21 04:00:00,149.47,105.0,265.93,849.0,849.0,0.0,849.0,18.0,0.0,1.0
S,Sul,Fio dagua,JACUI,JIUHMC,MONTE CLARO,98.0,2024-05-21 05:00:00,149.26,105.0,241.13,713.0,718.0,0.0,718.0,18.0,0.0,1.0
S,Sul,Fio dagua,JACUI,JIUHMC,MONTE CLARO,98.0,2024-05-21 06:00:00,149.24,105.0,238.78,697.0,707.0,0.0,707.0,18.0,0.0,1.0
S,Sul,Fio dagua,JACUI,JIUHMC,MONTE CLARO,98.0,2024-05-21 07:00:00,149.24,105.0,238.78,707.0,707.0,0.0,707.0,18.0,0.0,1.0
S,Sul,Fio dagua,JACUI,JIUHMC,MONTE CLARO,98.0,2024-05-21 08:00:00,149.23,105.0,237.61,696.0,701.0,0.0,701.0,18.0,0.0,1.0
S,Sul,Fio dagua,JACUI,JIUHMC,MONTE CLARO,98.0,2024-05-21 09:00:00,149.21,105.0,235.26,680.0,689.0,0.0,689.0,18.0,0.0,1.0
S,Sul,Fio dagua,JACUI,JIUHMC,MONTE CLARO,98.0,2024-05-21 10:00:00,149.19,105.0,232.93,669.0,678.0,0.0,678.0,18.0,0.0,1.0
S,Sul,Fio dagua,JACUI,JIUHMC,MONTE CLARO,98.0,2024-05-21 11:00:00,149.19,105.0,232.93,678.0,678.0,0.0,678.0,18.0,0.0,1.0
S,Sul,Fio dagua,JACUI,JIUHMC,MONTE CLARO,98.0,2024-05-21 12:00:00,149.18,105.0,231.76,668.0,672.0,0.0,672.0,18.0,0.0,1.0
S,Sul,Fio dagua,JACUI,JIUHMC,MONTE CLARO,98.0,2024-05-21 13:00:00,149.17,105.0,230.59,662.0,667.0,0.0,667.0,18.0,0.0,1.0
S,Sul,Fio dagua,JACUI,JIUHMC,MONTE CLARO,98.0,2024-05-21 14:00:00,149.15,105.0,228.25,646.0,656.0,0.0,656.0,18.0,0.0,1.0
S,Sul,Fio dagua,JACUI,JIUHMC,MONTE CLARO,98.0,2024-05-21 15:00:00,149.15,105.0,228.25,656.0,656.0,0.0,656.0,18.0,0.0,1.0
S,Sul,Fio dagua,JACUI,JIUHMC,MONTE CLARO,98.0,2024-05-21 16:00:00,149.13,105.0,225.92,635.0,645.0,0.0,645.0,18.0,0.0,1.0
S,Sul,Fio dagua,JACUI,JIUHMC,MONTE CLARO,98.0,2024-05-21 17:00:00,149.12,105.0,224.76,635.0,639.0,0.0,639.0,18.0,0.0,1.0
S,Sul,Fio dagua,JACUI,JIUHMC,MONTE CLARO,98.0,2024-05-21 18:00:00,149.11,105.0,223.59,629.0,634.0,0.0,634.0,18.0,0.0,1.0
S,Sul,Fio dagua,JACUI,JIUHMC,MONTE CLARO,98.0,2024-05-21 19:00:00,149.1,105.0,222.43,624.0,629.0,0.0,629.0,18.0,0.0,1.0
S,Sul,Fio dagua,JACUI,JIUHMC,MONTE CLARO,98.0,2024-05-21 20:00:00,149.08,105.0,220.11,609.0,618.0,0.0,618.0,18.0,0.0,1.0
S,Sul,Fio dagua,JACUI,JIUHMC,MONTE CLARO,98.0,2024-05-21 21:00:00,149.07,105.0,218.94,608.0,613.0,0.0,613.0,18.0,0.0,1.0
S,Sul,Fio dagua,JACUI,JIUHMC,MONTE CLARO,98.0,2024-05-21 22:00:00,149.06,105.0,217.78,603.0,608.0,0.0,608.0,18.0,0.0,1.0
S,Sul,Fio dagua,JACUI,JIUHMC,MONTE CLARO,98.0,2024-05-21 23:00:00,149.06,105.0,217.78,608.0,608.0,0.0,608.0,18.0,0.0,1.0
S,Sul,Fio dagua,JACUI,JIUHMC,MONTE CLARO,98.0,2024-05-21 23:59:00,149.05,105.0,216.63,598.0,603.0,0.0,603.0,18.0,0.0,1.0
S,Sul,Fio dagua,JACUI,JIUHMC,MONTE CLARO,98.0,2024-05-22 01:00:00,149.04,105.0,215.47,593.0,598.0,0.0,598.0,18.0,0.0,1.0
S,Sul,Fio dagua,JACUI,JIUHMC,MONTE CLARO,98.0,2024-05-22 02:00:00,149.03,105.0,214.31,588.0,592.0,0.0,592.0,18.0,0.0,1.0
S,Sul,Fio dagua,JACUI,JIUHMC,MONTE CLARO,98.0,2024-05-22 03:00:00,149.03,105.0,214.31,592.0,592.0,0.0,592.0,18.0,0.0,1.0
S,Sul,Fio dagua,JACUI,JIUHMC,MONTE CLARO,98.0,2024-05-22 04:00:00,149.02,105.0,213.16,583.0,587.0,0.0,587.0,18.0,0.0,1.0
S,Sul,Fio dagua,JACUI,JIUHMC,MONTE CLARO,98.0,2024-05-22 05:00:00,149.02,105.0,213.16,587.0,587.0,0.0,587.0,18.0,0.0,1.0
S,Sul,Fio dagua,JACUI,JIUHMC,MONTE CLARO,98.0,2024-05-22 06:00:00,149.02,105.0,213.16,587.0,587.0,0.0,587.0,18.0,0.0,1.0
S,Sul,Fio dagua,JACUI,JIUHMC,MONTE CLARO,98.0,2024-05-22 07:00:00,149.01,105.0,211.99,578.0,582.0,0.0,582.0,18.0,0.0,1.0
S,Sul,Fio dagua,JACUI,JIUHMC,MONTE CLARO,98.0,2024-05-22 08:00:00,149.0,105.0,210.84,573.0,577.0,0.0,577.0,18.0,0.0,1.0
S,Sul,Fio dagua,JACUI,JIUHMC,MONTE CLARO,98.0,2024-05-22 09:00:00,148.98,105.0,208.54,558.0,567.0,0.0,567.0,18.0,0.0,1.0
S,Sul,Fio dagua,JACUI,JIUHMC,MONTE CLARO,98.0,2024-05-22 10:00:00,148.97,105.0,207.38,558.0,563.0,0.0,563.0,18.0,0.0,1.0
S,Sul,Fio dagua,JACUI,JIUHMC,MONTE CLARO,98.0,2024-05-22 11:00:00,148.97,105.0,207.38,563.0,563.0,0.0,563.0,18.0,0.0,1.0
S,Sul,Fio dagua,JACUI,JIUHMC,MONTE CLARO,98.0,2024-05-22 12:00:00,148.95,105.0,205.08,544.0,553.0,0.0,553.0,18.0,0.0,1.0
S,Sul,Fio dagua,JACUI,JIUHMC,MONTE CLARO,98.0,2024-05-22 13:00:00,148.95,105.0,205.08,553.0,553.0,0.0,553.0,18.0,0.0,1.0
S,Sul,Fio dagua,JACUI,JIUHMC,MONTE CLARO,98.0,2024-05-22 14:00:00,148.94,105.0,203.93,543.0,548.0,0.0,548.0,18.0,0.0,1.0
S,Sul,Fio dagua,JACUI,JIUHMC,MONTE CLARO,98.0,2024-05-22 15:00:00,148.94,105.0,203.93,548.0,548.0,0.0,548.0,18.0,0.0,1.0
S,Sul,Fio dagua,JACUI,JIUHMC,MONTE CLARO,98.0,2024-05-22 16:00:00,148.93,105.0,202.78,539.0,543.0,0.0,543.0,18.0,0.0,1.0
S,Sul,Fio dagua,JACUI,JIUHMC,MONTE CLARO,98.0,2024-05-22 17:00:00,148.92,105.0,201.63,534.0,539.0,0.0,539.0,18.0,0.0,1.0
S,Sul,Fio dagua,JACUI,JIUHMC,MONTE CLARO,98.0,2024-05-22 18:00:00,148.91,105.0,200.48,529.0,534.0,0.0,534.0,18.0,0.0,1.0
S,Sul,Fio dagua,JACUI,JIUHMC,MONTE CLARO,98.0,2024-05-22 19:00:00,148.9,105.0,199.33,525.0,529.0,0.0,529.0,18.0,0.0,1.0
S,Sul,Fio dagua,JACUI,JIUHMC,MONTE CLARO,98.0,2024-05-22 20:00:00,148.89,105.0,198.19,520.0,525.0,0.0,525.0,18.0,0.0,1.0
S,Sul,Fio dagua,JACUI,JIUHMC,MONTE CLARO,98.0,2024-05-22 21:00:00,148.88,105.0,197.04,515.0,520.0,0.0,520.0,18.0,0.0,1.0
S,Sul,Fio dagua,JACUI,JIUHMC,MONTE CLARO,98.0,2024-05-22 22:00:00,148.87,105.0,195.9,511.0,516.0,0.0,516.0,18.0,0.0,1.0
S,Sul,Fio dagua,JACUI,JIUHMC,MONTE CLARO,98.0,2024-05-22 23:00:00,148.87,105.0,195.9,511.0,516.0,0.0,516.0,18.0,0.0,
S,Sul,Fio dagua,JACUI,JIUHMC,MONTE CLARO,98.0,2024-05-22 23:59:00,148.86,105.0,194.76,511.0,511.0,0.0,511.0,18.0,0.0,1.0
S,Sul,Fio dagua,JACUI,JIUHMC,MONTE CLARO,98.0,2024-05-23 01:00:00,148.85,105.0,193.61,502.0,507.0,0.0,507.0,18.0,0.0,1.0
S,Sul,Fio dagua,JACUI,JIUHMC,MONTE CLARO,98.0,2024-05-23 02:00:00,148.84,105.0,192.47,497.0,502.0,0.0,502.0,18.0,0.0,1.0
S,Sul,Fio dagua,JACUI,JIUHMC,MONTE CLARO,98.0,2024-05-23 03:00:00,148.84,105.0,192.47,502.0,502.0,0.0,502.0,18.0,0.0,1.0
S,Sul,Fio dagua,JACUI,JIUHMC,MONTE CLARO,98.0,2024-05-23 04:00:00,148.84,105.0,192.47,502.0,502.0,0.0,502.0,18.0,0.0,1.0
S,Sul,Fio dagua,JACUI,JIUHMC,MONTE CLARO,98.0,2024-05-23 05:00:00,148.84,105.0,192.47,502.0,502.0,0.0,502.0,18.0,0.0,1.0
S,Sul,Fio dagua,JACUI,JIUHMC,MONTE CLARO,98.0,2024-05-23 06:00:00,148.83,105.0,191.33,493.0,498.0,0.0,498.0,18.0,0.0,1.0
S,Sul,Fio dagua,JACUI,JIUHMC,MONTE CLARO,98.0,2024-05-23 07:00:00,148.83,105.0,191.33,498.0,498.0,0.0,498.0,18.0,0.0,1.0
S,Sul,Fio dagua,JACUI,JIUHMC,MONTE CLARO,98.0,2024-05-23 08:00:00,148.83,105.0,191.33,498.0,498.0,0.0,498.0,18.0,0.0,1.0
S,Sul,Fio dagua,JACUI,JIUHMC,MONTE CLARO,98.0,2024-05-23 09:00:00,148.83,105.0,191.33,498.0,498.0,0.0,498.0,18.0,0.0,1.0
S,Sul,Fio dagua,JACUI,JIUHMC,MONTE CLARO,98.0,2024-05-23 10:00:00,148.83,105.0,191.33,498.0,498.0,0.0,498.0,18.0,0.0,1.0
S,Sul,Fio dagua,JACUI,JIUHMC,MONTE CLARO,98.0,2024-05-23 11:00:00,148.84,105.0,192.47,507.0,502.0,0.0,502.0,18.0,0.0,1.0
S,Sul,Fio dagua,JACUI,JIUHMC,MONTE CLARO,98.0,2024-05-23 12:00:00,148.85,105.0,193.61,511.0,507.0,0.0,507.0,18.0,0.0,1.0
S,Sul,Fio dagua,JACUI,JIUHMC,MONTE CLARO,98.0,2024-05-23 13:00:00,148.85,105.0,193.61,507.0,507.0,0.0,507.0,18.0,0.0,1.0
S,Sul,Fio dagua,JACUI,JIUHMC,MONTE CLARO,98.0,2024-05-23 14:00:00,148.85,105.0,193.61,507.0,507.0,0.0,507.0,18.0,0.0,1.0
S,Sul,Fio dagua,JACUI,JIUHMC,MONTE CLARO,98.0,2024-05-23 15:00:00,148.84,105.0,192.47,497.0,502.0,0.0,502.0,18.0,0.0,1.0
S,Sul,Fio dagua,JACUI,JIUHMC,MONTE CLARO,98.0,2024-05-23 16:00:00,148.85,105.0,193.61,511.0,507.0,0.0,507.0,18.0,0.0,1.0
S,Sul,Fio dagua,JACUI,JIUHMC,MONTE CLARO,98.0,2024-05-23 17:00:00,148.87,105.0,195.9,525.0,516.0,0.0,516.0,18.0,0.0,1.0
S,Sul,Fio dagua,JACUI,JIUHMC,MONTE CLARO,98.0,2024-05-23 18:00:00,148.81,105.0,189.05,592.0,620.0,0.0,620.0,18.0,0.0,1.0
S,Sul,Fio dagua,JACUI,JIUHMC,MONTE CLARO,98.0,2024-05-23 19:00:00,148.76,105.0,183.37,575.0,598.0,0.0,598.0,18.0,0.0,1.0
S,Sul,Fio dagua,JACUI,JIUHMC,MONTE CLARO,98.0,2024-05-23 20:00:00,148.74,105.0,181.1,580.0,589.0,0.0,589.0,18.0,0.0,1.0
S,Sul,Fio dagua,JACUI,JIUHMC,MONTE CLARO,98.0,2024-05-23 21:00:00,148.72,105.0,178.84,571.0,580.0,0.0,580.0,18.0,0.0,1.0
S,Sul,Fio dagua,JACUI,JIUHMC,MONTE CLARO,98.0,2024-05-23 22:00:00,148.71,105.0,177.71,572.0,576.0,0.0,576.0,18.0,0.0,1.0
S,Sul,Fio dagua,JACUI,JIUHMC,MONTE CLARO,98.0,2024-05-23 23:00:00,148.72,105.0,178.84,585.0,580.0,0.0,580.0,18.0,0.0,1.0
S,Sul,Fio dagua,JACUI,JIUHMC,MONTE CLARO,98.0,2024-05-23 23:59:00,148.74,105.0,181.1,598.0,589.0,0.0,589.0,18.0,0.0,1.0
S,Sul,Fio dagua,JACUI,JIUHMC,MONTE CLARO,98.0,2024-05-24 01:00:00,148.82,105.0,190.19,661.0,624.0,0.0,624.0,18.0,0.0,1.0
S,Sul,Fio dagua,JACUI,JIUHMC,MONTE CLARO,98.0,2024-05-24 02:00:00,148.96,105.0,206.23,754.0,689.0,0.0,689.0,18.0,0.0,1.0
S,Sul,Fio dagua,JACUI,JIUHMC,MONTE CLARO,98.0,2024-05-24 03:00:00,148.9,105.0,199.33,633.0,661.0,0.0,661.0,18.0,0.0,1.0
S,Sul,Fio dagua,JACUI,JIUHMC,MONTE CLARO,98.0,2024-05-24 04:00:00,148.6,105.0,165.34,767.0,904.0,0.0,904.0,18.0,0.0,1.0
S,Sul,Fio dagua,JACUI,JIUHMC,MONTE CLARO,98.0,2024-05-24 05:00:00,148.48,105.0,151.98,807.0,861.0,0.0,861.0,18.0,0.0,1.0
S,Sul,Fio dagua,JACUI,JIUHMC,MONTE CLARO,98.0,2024-05-24 06:00:00,148.33,105.0,135.48,751.0,817.0,0.0,817.0,18.0,0.0,1.0
S,Sul,Fio dagua,JACUI,JIUHMC,MONTE CLARO,98.0,2024-05-24 07:00:00,148.35,105.0,137.66,831.0,822.0,0.0,822.0,18.0,0.0,1.0
S,Sul,Fio dagua,JACUI,JIUHMC,MONTE CLARO,98.0,2024-05-24 08:00:00,148.39,105.0,142.05,851.0,833.0,0.0,833.0,18.0,0.0,1.0
S,Sul,Fio dagua,JACUI,JIUHMC,MONTE CLARO,98.0,2024-05-24 09:00:00,148.4,105.0,143.15,841.0,836.0,0.0,836.0,18.0,0.0,1.0
S,Sul,Fio dagua,JACUI,JIUHMC,MONTE CLARO,98.0,2024-05-24 10:00:00,148.43,105.0,146.45,859.0,845.0,0.0,845.0,18.0,0.0,1.0
S,Sul,Fio dagua,JACUI,JIUHMC,MONTE CLARO,98.0,2024-05-24 11:00:00,148.44,105.0,147.55,852.0,848.0,0.0,843.0,6.0,0.0,351.0
S,Sul,Fio dagua,JACUI,JIUHMC,MONTE CLARO,98.0,2024-05-24 12:00:00,148.49,108.72,153.09,885.0,864.0,0.0,859.0,6.0,0.0,382.0
S,Sul,Fio dagua,JACUI,JIUHMC,MONTE CLARO,98.0,2024-05-24 13:00:00,148.53,108.73,157.53,895.0,878.0,0.0,873.0,6.0,0.0,381.0
S,Sul,Fio dagua,JACUI,JIUHMC,MONTE CLARO,98.0,2024-05-24 14:00:00,148.58,108.75,163.1,917.0,896.0,0.0,891.0,6.0,0.0,381.0
S,Sul,Fio dagua,JACUI,JIUHMC,MONTE CLARO,98.0,2024-05-24 15:00:00,148.65,108.79,170.95,953.0,924.0,0.0,918.0,6.0,0.0,381.0
S,Sul,Fio dagua,JACUI,JIUHMC,MONTE CLARO,98.0,2024-05-24 16:00:00,148.71,108.85,177.71,974.0,949.0,0.0,944.0,6.0,0.0,381.0
S,Sul,Fio dagua,JACUI,JIUHMC,MONTE CLARO,98.0,2024-05-24 17:00:00,148.77,108.91,184.51,1002.0,977.0,0.0,971.0,6.0,0.0,381.0
S,Sul,Fio dagua,JACUI,JIUHMC,MONTE CLARO,98.0,2024-05-24 18:00:00,148.81,108.97,189.05,1011.0,995.0,0.0,989.0,6.0,0.0,381.0
S,Sul,Fio dagua,JACUI,JIUHMC,MONTE CLARO,98.0,2024-05-24 19:00:00,148.87,109.0,195.9,1047.0,1022.0,0.0,1017.0,6.0,0.0,381.0
S,Sul,Fio dagua,JACUI,JIUHMC,MONTE CLARO,98.0,2024-05-24 20:00:00,148.9,109.04,199.33,1049.0,1037.0,0.0,1031.0,6.0,0.0,381.0
S,Sul,Fio dagua,JACUI,JIUHMC,MONTE CLARO,98.0,2024-05-24 21:00:00,148.96,109.07,206.23,1091.0,1066.0,0.0,1061.0,6.0,0.0,381.0
S,Sul,Fio dagua,JACUI,JIUHMC,MONTE CLARO,98.0,2024-05-24 22:00:00,149.01,109.12,211.99,1112.0,1092.0,0.0,1086.0,6.0,0.0,381.0
S,Sul,Fio dagua,JACUI,JIUHMC,MONTE CLARO,98.0,2024-05-24 23:00:00,149.04,109.15,215.47,1120.0,1107.0,0.0,1102.0,6.0,0.0,381.0
S,Sul,Fio dagua,JACUI,JIUHMC,MONTE CLARO,98.0,2024-05-24 23:59:00,149.06,109.2,217.78,1126.0,1118.0,0.0,1112.0,6.0,0.0,381.0
S,Sul,Fio dagua,JACUI,JIUHMC,MONTE CLARO,98.0,2024-05-25 01:00:00,149.07,109.21,218.94,1128.0,1123.0,0.0,1118.0,6.0,0.0,381.0
S,Sul,Fio dagua,JACUI,JIUHMC,MONTE CLARO,98.0,2024-05-25 02:00:00,149.06,109.23,217.78,1114.0,1118.0,0.0,1112.0,6.0,0.0,381.0
S,Sul,Fio dagua,JACUI,JIUHMC,MONTE CLARO,98.0,2024-05-25 03:00:00,149.07,109.23,218.94,1128.0,1123.0,0.0,1118.0,6.0,0.0,381.0
S,Sul,Fio dagua,JACUI,JIUHMC,MONTE CLARO,98.0,2024-05-25 04:00:00,149.04,109.22,215.47,1095.0,1107.0,0.0,1102.0,6.0,0.0,381.0
S,Sul,Fio dagua,JACUI,JIUHMC,MONTE CLARO,98.0,2024-05-25 05:00:00,149.02,109.2,213.16,1089.0,1097.0,0.0,1091.0,6.0,0.0,381.0
S,Sul,Fio dagua,JACUI,JIUHMC,MONTE CLARO,98.0,2024-05-25 06:00:00,149.0,109.2,210.84,1078.0,1086.0,0.0,1081.0,6.0,0.0,381.0
S,Sul,Fio dagua,JACUI,JIUHMC,MONTE CLARO,98.0,2024-05-25 07:00:00,148.97,109.16,207.38,1059.0,1071.0,0.0,1066.0,6.0,0.0,381.0
S,Sul,Fio dagua,JACUI,JIUHMC,MONTE CLARO,98.0,2024-05-25 08:00:00,148.94,109.12,203.93,1044.0,1056.0,0.0,1051.0,6.0,0.0,381.0
S,Sul,Fio dagua,JACUI,JIUHMC,MONTE CLARO,98.0,2024-05-25 09:00:00,148.91,109.12,200.48,1029.0,1041.0,0.0,1036.0,6.0,0.0,382.0
S,Sul,Fio dagua,JACUI,JIUHMC,MONTE CLARO,98.0,2024-05-25 10:00:00,148.87,109.09,195.9,1006.0,1022.0,0.0,1017.0,6.0,0.0,382.0
S,Sul,Fio dagua,JACUI,JIUHMC,MONTE CLARO,98.0,2024-05-25 11:00:00,148.83,109.06,191.33,987.0,1004.0,0.0,998.0,6.0,0.0,382.0
S,Sul,Fio dagua,JACUI,JIUHMC,MONTE CLARO,98.0,2024-05-25 12:00:00,148.8,109.01,187.92,978.0,990.0,0.0,985.0,6.0,0.0,382.0
S,Sul,Fio dagua,JACUI,JIUHMC,MONTE CLARO,98.0,2024-05-25 13:00:00,148.76,109.0,183.37,955.0,972.0,0.0,966.0,6.0,0.0,382.0
S,Sul,Fio dagua,JACUI,JIUHMC,MONTE CLARO,98.0,2024-05-25 14:00:00,148.72,108.95,178.84,937.0,954.0,0.0,948.0,6.0,0.0,382.0
S,Sul,Fio dagua,JACUI,JIUHMC,MONTE CLARO,98.0,2024-05-25 15:00:00,148.68,108.92,174.33,920.0,936.0,0.0,931.0,6.0,0.0,382.0
S,Sul,Fio dagua,JACUI,JIUHMC,MONTE CLARO,98.0,2024-05-25 16:00:00,148.63,108.87,168.7,895.0,916.0,0.0,910.0,6.0,0.0,382.0
S,Sul,Fio dagua,JACUI,JIUHMC,MONTE CLARO,98.0,2024-05-25 17:00:00,148.59,108.83,164.22,883.0,900.0,0.0,895.0,6.0,0.0,382.0
S,Sul,Fio dagua,JACUI,JIUHMC,MONTE CLARO,98.0,2024-05-25 18:00:00,148.77,108.9,184.51,1052.0,977.0,0.0,971.0,6.0,0.0,381.0
S,Sul,Fio dagua,JACUI,JIUHMC,MONTE CLARO,98.0,2024-05-25 19:00:00,149.12,108.56,224.76,918.0,772.0,0.0,766.0,6.0,0.0,375.0
S,Sul,Fio dagua,JACUI,JIUHMC,MONTE CLARO,98.0,2024-05-25 20:00:00,149.19,108.4,232.93,840.0,811.0,0.0,805.0,6.0,0.0,373.0
S,Sul,Fio dagua,JACUI,JIUHMC,MONTE CLARO,98.0,2024-05-25 21:00:00,149.2,108.56,234.09,821.0,816.0,0.0,811.0,6.0,0.0,374.0
S,Sul,Fio dagua,JACUI,JIUHMC,MONTE CLARO,98.0,2024-05-25 22:00:00,149.19,108.62,232.93,807.0,811.0,0.0,805.0,6.0,0.0,375.0
S,Sul,Fio dagua,JACUI,JIUHMC,MONTE CLARO,98.0,2024-05-25 23:00:00,149.17,108.63,230.59,791.0,799.0,0.0,794.0,6.0,0.0,375.0
S,Sul,Fio dagua,JACUI,JIUHMC,MONTE CLARO,98.0,2024-05-25 23:59:00,149.15,108.62,228.25,780.0,788.0,0.0,783.0,6.0,0.0,375.0
S,Sul,Fio dagua,JACUI,JIUHMC,MONTE CLARO,98.0,2024-05-26 01:00:00,149.12,108.6,224.76,759.0,772.0,0.0,766.0,6.0,0.0,375.0
S,Sul,Fio dagua,JACUI,JIUHMC,MONTE CLARO,98.0,2024-05-26 02:00:00,149.1,108.56,222.43,753.0,761.0,0.0,756.0,6.0,0.0,375.0
S,Sul,Fio dagua,JACUI,JIUHMC,MONTE CLARO,98.0,2024-05-26 03:00:00,149.09,108.53,221.27,752.0,756.0,0.0,750.0,6.0,0.0,375.0
S,Sul,Fio dagua,JACUI,JIUHMC,MONTE CLARO,98.0,2024-05-26 04:00:00,149.07,108.52,218.94,737.0,745.0,0.0,740.0,6.0,0.0,375.0
S,Sul,Fio dagua,JACUI,JIUHMC,MONTE CLARO,98.0,2024-05-26 05:00:00,149.05,108.49,216.63,726.0,735.0,0.0,729.0,6.0,0.0,375.0
S,Sul,Fio dagua,JACUI,JIUHMC,MONTE CLARO,98.0,2024-05-26 06:00:00,149.04,108.47,215.47,725.0,730.0,0.0,724.0,6.0,0.0,375.0
S,Sul,Fio dagua,JACUI,JIUHMC,MONTE CLARO,98.0,2024-05-26 07:00:00,149.02,108.47,213.16,711.0,719.0,0.0,714.0,6.0,0.0,375.0
S,Sul,Fio dagua,JACUI,JIUHMC,MONTE CLARO,98.0,2024-05-26 08:00:00,149.0,108.83,210.84,701.0,709.0,0.0,704.0,6.0,0.0,378.0
S,Sul,Fio dagua,JACUI,JIUHMC,MONTE CLARO,98.0,2024-05-26 09:00:00,148.99,108.41,209.69,700.0,704.0,0.0,699.0,6.0,0.0,374.0
S,Sul,Fio dagua,JACUI,JIUHMC,MONTE CLARO,98.0,2024-05-26 10:00:00,148.97,108.38,207.38,686.0,694.0,0.0,689.0,6.0,0.0,374.0
S,Sul,Fio dagua,JACUI,JIUHMC,MONTE CLARO,98.0,2024-05-26 12:00:00,148.94,108.36,203.93,680.0,680.0,0.0,674.0,6.0,0.0,374.0
S,Sul,Fio dagua,JACUI,JIUHMC,MONTE CLARO,98.0,2024-05-26 13:00:00,148.94,108.34,203.93,680.0,680.0,0.0,674.0,6.0,0.0,374.0
S,Sul,Fio dagua,JACUI,JIUHMC,MONTE CLARO,98.0,2024-05-26 14:00:00,148.91,108.31,200.48,653.0,665.0,0.0,660.0,6.0,0.0,374.0
S,Sul,Fio dagua,JACUI,JIUHMC,MONTE CLARO,98.0,2024-05-26 15:00:00,148.9,108.3,199.33,657.0,661.0,0.0,655.0,6.0,0.0,374.0
S,Sul,Fio dagua,JACUI,JIUHMC,MONTE CLARO,98.0,2024-05-26 16:00:00,148.88,108.28,197.04,643.0,651.0,0.0,646.0,6.0,0.0,374.0
S,Sul,Fio dagua,JACUI,JIUHMC,MONTE CLARO,98.0,2024-05-26 17:00:00,148.88,108.26,197.04,651.0,651.0,0.0,646.0,6.0,0.0,374.0
S,Sul,Fio dagua,JACUI,JIUHMC,MONTE CLARO,98.0,2024-05-26 18:00:00,148.85,108.23,193.61,625.0,638.0,0.0,632.0,6.0,0.0,374.0
S,Sul,Fio dagua,JACUI,JIUHMC,MONTE CLARO,98.0,2024-05-26 19:00:00,148.84,108.22,192.47,629.0,633.0,0.0,628.0,6.0,0.0,374.0
S,Sul,Fio dagua,JACUI,JIUHMC,MONTE CLARO,98.0,2024-05-26 20:00:00,148.81,108.19,189.05,608.0,620.0,0.0,614.0,6.0,0.0,374.0
S,Sul,Fio dagua,JACUI,JIUHMC,MONTE CLARO,98.0,2024-05-26 21:00:00,148.8,108.17,187.92,611.0,616.0,0.0,610.0,6.0,0.0,374.0
S,Sul,Fio dagua,JACUI,JIUHMC,MONTE CLARO,98.0,2024-05-26 22:00:00,148.79,108.13,186.77,607.0,611.0,0.0,606.0,6.0,0.0,374.0
S,Sul,Fio dagua,JACUI,JIUHMC,MONTE CLARO,98.0,2024-05-26 23:00:00,148.78,108.12,185.64,603.0,607.0,0.0,602.0,6.0,0.0,374.0
S,Sul,Fio dagua,JACUI,JIUHMC,MONTE CLARO,98.0,2024-05-26 23:59:00,148.78,108.1,185.64,206.0,206.0,0.0,200.0,6.0,0.0,200.0
S,Sul,Fio dagua,JACUI,JIUHMC,MONTE CLARO,98.0,2024-05-27 01:00:00,148.78,108.1,185.64,607.0,607.0,0.0,602.0,6.0,0.0,374.0
S,Sul,Fio dagua,JACUI,JIUHMC,MONTE CLARO,98.0,2024-05-27 02:00:00,148.77,108.1,184.51,598.0,602.0,0.0,597.0,6.0,0.0,374.0
S,Sul,Fio dagua,JACUI,JIUHMC,MONTE CLARO,98.0,2024-05-27 03:00:00,148.75,108.08,182.24,585.0,594.0,0.0,588.0,6.0,0.0,374.0
S,Sul,Fio dagua,JACUI,JIUHMC,MONTE CLARO,98.0,2024-05-27 04:00:00,148.72,108.1,178.84,568.0,580.0,0.0,575.0,6.0,0.0,374.0
S,Sul,Fio dagua,JACUI,JIUHMC,MONTE CLARO,98.0,2024-05-27 05:00:00,148.7,108.1,176.58,564.0,572.0,0.0,566.0,6.0,0.0,374.0
S,Sul,Fio dagua,JACUI,JIUHMC,MONTE CLARO,98.0,2024-05-27 06:00:00,148.7,108.05,176.58,572.0,572.0,0.0,566.0,6.0,0.0,374.0
S,Sul,Fio dagua,JACUI,JIUHMC,MONTE CLARO,98.0,2024-05-27 07:00:00,148.7,108.0,176.58,572.0,572.0,0.0,566.0,6.0,0.0,373.0
S,Sul,Fio dagua,JACUI,JIUHMC,MONTE CLARO,98.0,2024-05-27 08:00:00,148.68,108.0,174.33,555.0,564.0,0.0,558.0,6.0,0.0,374.0
S,Sul,Fio dagua,JACUI,JIUHMC,MONTE CLARO,98.0,2024-05-27 09:00:00,148.68,108.0,174.33,564.0,564.0,0.0,558.0,6.0,0.0,374.0
S,Sul,Fio dagua,JACUI,JIUHMC,MONTE CLARO,98.0,2024-05-27 10:00:00,148.68,108.0,174.33,564.0,564.0,0.0,558.0,6.0,0.0,374.0
S,Sul,Fio dagua,JACUI,JIUHMC,MONTE CLARO,98.0,2024-05-27 11:00:00,148.68,108.0,174.33,564.0,564.0,0.0,558.0,6.0,0.0,374.0
S,Sul,Fio dagua,JACUI,JIUHMC,MONTE CLARO,98.0,2024-05-27 12:00:00,148.68,108.0,174.33,564.0,564.0,0.0,558.0,6.0,0.0,374.0
S,Sul,Fio dagua,JACUI,JIUHMC,MONTE CLARO,98.0,2024-05-27 13:00:00,148.68,108.0,174.33,564.0,564.0,0.0,558.0,6.0,0.0,374.0
S,Sul,Fio dagua,JACUI,JIUHMC,MONTE CLARO,98.0,2024-05-27 14:00:00,148.68,108.0,174.33,564.0,564.0,0.0,558.0,6.0,0.0,374.0
S,Sul,Fio dagua,JACUI,JIUHMC,MONTE CLARO,98.0,2024-05-27 15:00:00,148.68,107.97,174.33,564.0,564.0,0.0,558.0,6.0,0.0,373.0
S,Sul,Fio dagua,JACUI,JIUHMC,MONTE CLARO,98.0,2024-05-27 16:00:00,148.69,108.0,175.45,572.0,568.0,0.0,562.0,6.0,0.0,374.0
S,Sul,Fio dagua,JACUI,JIUHMC,MONTE CLARO,98.0,2024-05-27 17:00:00,148.69,107.97,175.45,568.0,568.0,0.0,562.0,6.0,0.0,373.0
S,Sul,Fio dagua,JACUI,JIUHMC,MONTE CLARO,98.0,2024-05-27 18:00:00,148.68,108.0,174.33,559.0,564.0,0.0,558.0,6.0,0.0,374.0
S,Sul,Fio dagua,JACUI,JIUHMC,MONTE CLARO,98.0,2024-05-27 19:00:00,148.68,108.0,174.33,564.0,564.0,0.0,558.0,6.0,0.0,374.0
S,Sul,Fio dagua,JACUI,JIUHMC,MONTE CLARO,98.0,2024-05-27 20:00:00,148.71,108.01,177.71,589.0,576.0,0.0,571.0,6.0,0.0,373.0
S,Sul,Fio dagua,JACUI,JIUHMC,MONTE CLARO,98.0,2024-05-27 21:00:00,148.72,108.01,178.84,585.0,580.0,0.0,575.0,6.0,0.0,373.0
S,Sul,Fio dagua,JACUI,JIUHMC,MONTE CLARO,98.0,2024-05-27 22:00:00,148.76,108.03,183.37,615.0,598.0,0.0,592.0,6.0,0.0,373.0
S,Sul,Fio dagua,JACUI,JIUHMC,MONTE CLARO,98.0,2024-05-27 23:00:00,148.8,108.07,187.92,632.0,616.0,0.0,610.0,6.0,0.0,373.0
S,Sul,Fio dagua,JACUI,JIUHMC,MONTE CLARO,98.0,2024-05-27 23:59:00,148.81,108.09,189.05,624.0,620.0,0.0,614.0,6.0,0.0,373.0
S,Sul,Fio dagua,JACUI,JIUHMC,MONTE CLARO,98.0,2024-05-28 01:00:00,148.81,108.12,189.05,620.0,620.0,0.0,614.0,6.0,0.0,374.0
S,Sul,Fio dagua,JACUI,JIUHMC,MONTE CLARO,98.0,2024-05-28 02:00:00,148.82,108.16,190.19,629.0,624.0,0.0,619.0,6.0,0.0,374.0
S,Sul,Fio dagua,JACUI,JIUHMC,MONTE CLARO,98.0,2024-05-28 03:00:00,148.82,108.17,190.19,624.0,624.0,0.0,619.0,6.0,0.0,374.0
S,Sul,Fio dagua,JACUI,JIUHMC,MONTE CLARO,98.0,2024-05-28 04:00:00,148.84,108.17,192.47,642.0,633.0,0.0,628.0,6.0,0.0,374.0
S,Sul,Fio dagua,JACUI,JIUHMC,MONTE CLARO,98.0,2024-05-28 05:00:00,148.88,108.18,197.04,668.0,651.0,0.0,646.0,6.0,0.0,373.0
S,Sul,Fio dagua,JACUI,JIUHMC,MONTE CLARO,98.0,2024-05-28 06:00:00,148.9,108.18,199.33,669.0,661.0,0.0,655.0,6.0,0.0,373.0
S,Sul,Fio dagua,JACUI,JIUHMC,MONTE CLARO,98.0,2024-05-28 07:00:00,148.92,108.22,201.63,678.0,670.0,0.0,665.0,6.0,0.0,373.0
S,Sul,Fio dagua,JACUI,JIUHMC,MONTE CLARO,98.0,2024-05-28 08:00:00,148.97,108.26,207.38,715.0,694.0,0.0,689.0,6.0,0.0,373.0
S,Sul,Fio dagua,JACUI,JIUHMC,MONTE CLARO,98.0,2024-05-28 09:00:00,149.01,108.32,211.99,731.0,714.0,0.0,709.0,6.0,0.0,374.0
S,Sul,Fio dagua,JACUI,JIUHMC,MONTE CLARO,98.0,2024-05-28 10:00:00,148.7,108.4,176.58,695.0,824.0,0.0,818.0,6.0,0.0,377.0
S,Sul,Fio dagua,JACUI,JIUHMC,MONTE CLARO,98.0,2024-05-28 11:00:00,148.62,108.69,167.58,758.0,791.0,0.0,785.0,6.0,0.0,380.0
S,Sul,Fio dagua,JACUI,JIUHMC,MONTE CLARO,98.0,2024-05-28 12:00:00,148.63,108.6,168.7,799.0,795.0,0.0,789.0,6.0,0.0,379.0
S,Sul,Fio dagua,JACUI,JIUHMC,MONTE CLARO,98.0,2024-05-28 13:00:00,148.65,108.56,170.95,811.0,803.0,0.0,797.0,6.0,0.0,379.0
S,Sul,Fio dagua,JACUI,JIUHMC,MONTE CLARO,98.0,2024-05-28 14:00:00,148.68,108.55,174.33,828.0,815.0,0.0,810.0,6.0,0.0,378.0
S,Sul,Fio dagua,JACUI,JIUHMC,MONTE CLARO,98.0,2024-05-28 15:00:00,148.72,108.6,178.84,849.0,832.0,0.0,827.0,6.0,0.0,379.0
S,Sul,Fio dagua,JACUI,JIUHMC,MONTE CLARO,98.0,2024-05-28 16:00:00,148.77,108.6,184.51,876.0,855.0,0.0,850.0,6.0,0.0,378.0
S,Sul,Fio dagua,JACUI,JIUHMC,MONTE CLARO,98.0,2024-05-28 17:00:00,148.71,108.6,177.71,803.0,828.0,0.0,823.0,6.0,0.0,379.0
S,Sul,Fio dagua,JACUI,JIUHMC,MONTE CLARO,98.0,2024-05-28 18:00:00,148.77,106.6,184.51,755.0,730.0,0.0,725.0,6.0,0.0,361.0
S,Sul,Fio dagua,JACUI,JIUHMC,MONTE CLARO,98.0,2024-05-28 19:00:00,149.03,108.6,214.31,962.0,853.0,0.0,848.0,6.0,0.0,376.0
S,Sul,Fio dagua,JACUI,JIUHMC,MONTE CLARO,98.0,2024-05-28 20:00:00,149.1,108.6,222.43,916.0,887.0,0.0,885.0,2.0,0.0,375.0
S,Sul,Fio dagua,JACUI,JIUHMC,MONTE CLARO,98.0,2024-05-28 21:00:00,149.13,108.76,225.92,919.0,907.0,0.0,901.0,6.0,0.0,376.0
S,Sul,Fio dagua,JACUI,JIUHMC,MONTE CLARO,98.0,2024-05-28 22:00:00,149.16,108.75,229.42,936.0,923.0,0.0,918.0,6.0,0.0,376.0
S,Sul,Fio dagua,JACUI,JIUHMC,MONTE CLARO,98.0,2024-05-28 23:00:00,149.17,108.82,230.59,933.0,929.0,0.0,923.0,6.0,0.0,376.0
S,Sul,Fio dagua,JACUI,JIUHMC,MONTE CLARO,98.0,2024-05-28 23:59:00,149.17,108.85,230.59,929.0,929.0,0.0,923.0,6.0,0.0,377.0
S,Sul,Fio dagua,JACUI,JIUHMC,MONTE CLARO,98.0,2024-05-29 01:00:00,149.16,108.83,229.42,919.0,923.0,0.0,918.0,6.0,0.0,377.0
S,Sul,Fio dagua,JACUI,JIUHMC,MONTE CLARO,98.0,2024-05-29 02:00:00,149.15,108.85,228.25,914.0,918.0,0.0,912.0,6.0,0.0,377.0
S,Sul,Fio dagua,JACUI,JIUHMC,MONTE CLARO,98.0,2024-05-29 03:00:00,149.14,108.82,227.08,908.0,912.0,0.0,907.0,6.0,0.0,377.0
S,Sul,Fio dagua,JACUI,JIUHMC,MONTE CLARO,98.0,2024-05-29 04:00:00,149.14,108.82,227.08,912.0,912.0,0.0,907.0,6.0,0.0,377.0
S,Sul,Fio dagua,JACUI,JIUHMC,MONTE CLARO,98.0,2024-05-29 05:00:00,149.13,108.82,225.92,903.0,907.0,0.0,901.0,6.0,0.0,377.0
S,Sul,Fio dagua,JACUI,JIUHMC,MONTE CLARO,98.0,2024-05-29 06:00:00,149.12,108.8,224.76,897.0,901.0,0.0,896.0,6.0,0.0,377.0
S,Sul,Fio dagua,JACUI,JIUHMC,MONTE CLARO,98.0,2024-05-29 07:00:00,149.1,108.79,222.43,882.0,890.0,0.0,885.0,6.0,0.0,377.0
S,Sul,Fio dagua,JACUI,JIUHMC,MONTE CLARO,98.0,2024-05-29 08:00:00,149.08,108.78,220.11,871.0,880.0,0.0,874.0,6.0,0.0,377.0
S,Sul,Fio dagua,JACUI,JIUHMC,MONTE CLARO,98.0,2024-05-29 09:00:00,149.07,108.76,218.94,870.0,874.0,0.0,869.0,6.0,0.0,377.0
S,Sul,Fio dagua,JACUI,JIUHMC,MONTE CLARO,98.0,2024-05-29 10:00:00,149.06,108.75,217.78,865.0,869.0,0.0,864.0,6.0,0.0,377.0
S,Sul,Fio dagua,JACUI,JIUHMC,MONTE CLARO,98.0,2024-05-29 11:00:00,149.03,108.72,214.31,841.0,853.0,0.0,848.0,6.0,0.0,377.0
S,Sul,Fio dagua,JACUI,JIUHMC,MONTE CLARO,98.0,2024-05-29 12:00:00,149.0,108.68,210.84,826.0,838.0,0.0,833.0,6.0,0.0,377.0
S,Sul,Fio dagua,JACUI,JIUHMC,MONTE CLARO,98.0,2024-05-29 13:00:00,148.98,108.67,208.54,820.0,828.0,0.0,822.0,6.0,0.0,377.0
S,Sul,Fio dagua,JACUI,JIUHMC,MONTE CLARO,98.0,2024-05-29 14:00:00,148.96,108.66,206.23,810.0,818.0,0.0,813.0,6.0,0.0,377.0
S,Sul,Fio dagua,JACUI,JIUHMC,MONTE CLARO,98.0,2024-05-29 15:00:00,149.05,108.62,216.63,772.0,735.0,0.0,729.0,6.0,0.0,376.0
S,Sul,Fio dagua,JACUI,JIUHMC,MONTE CLARO,98.0,2024-05-29 16:00:00,149.11,108.54,223.59,791.0,766.0,0.0,761.0,6.0,0.0,375.0
S,Sul,Fio dagua,JACUI,JIUHMC,MONTE CLARO,98.0,2024-05-29 17:00:00,149.12,108.5,224.76,776.0,772.0,0.0,766.0,6.0,0.0,374.0
S,Sul,Fio dagua,JACUI,JIUHMC,MONTE CLARO,98.0,2024-05-29 18:00:00,149.12,108.52,224.76,772.0,772.0,0.0,766.0,6.0,0.0,374.0
S,Sul,Fio dagua,JACUI,JIUHMC,MONTE CLARO,98.0,2024-05-29 19:00:00,149.11,108.52,223.59,762.0,766.0,0.0,761.0,6.0,0.0,374.0
S,Sul,Fio dagua,JACUI,JIUHMC,MONTE CLARO,98.0,2024-05-29 20:00:00,149.09,108.51,221.27,747.0,756.0,0.0,750.0,6.0,0.0,374.0
S,Sul,Fio dagua,JACUI,JIUHMC,MONTE CLARO,98.0,2024-05-29 21:00:00,149.07,108.48,218.94,737.0,745.0,0.0,740.0,6.0,0.0,374.0
S,Sul,Fio dagua,JACUI,JIUHMC,MONTE CLARO,98.0,2024-05-29 22:00:00,149.05,108.47,216.63,726.0,735.0,0.0,729.0,6.0,0.0,374.0
S,Sul,Fio dagua,JACUI,JIUHMC,MONTE CLARO,98.0,2024-05-29 23:00:00,149.04,108.46,215.47,725.0,730.0,0.0,724.0,6.0,0.0,374.0
S,Sul,Fio dagua,JACUI,JIUHMC,MONTE CLARO,98.0,2024-05-29 23:59:00,149.02,108.41,213.16,711.0,719.0,0.0,714.0,6.0,0.0,374.0
S,Sul,Fio dagua,JACUI,JIUHMC,MONTE CLARO,98.0,2024-05-30 01:00:00,149.0,108.4,210.84,701.0,709.0,0.0,704.0,6.0,0.0,374.0
S,Sul,Fio dagua,JACUI,JIUHMC,MONTE CLARO,98.0,2024-05-30 02:00:00,148.99,108.38,209.69,700.0,704.0,0.0,699.0,6.0,0.0,374.0
S,Sul,Fio dagua,JACUI,JIUHMC,MONTE CLARO,98.0,2024-05-30 03:00:00,148.98,108.37,208.54,695.0,699.0,0.0,694.0,6.0,0.0,374.0
S,Sul,Fio dagua,JACUI,JIUHMC,MONTE CLARO,98.0,2024-05-30 04:00:00,148.96,108.33,206.23,681.0,689.0,0.0,684.0,6.0,0.0,374.0
S,Sul,Fio dagua,JACUI,JIUHMC,MONTE CLARO,98.0,2024-05-30 05:00:00,148.94,108.31,203.93,671.0,680.0,0.0,674.0,6.0,0.0,374.0
S,Sul,Fio dagua,JACUI,JIUHMC,MONTE CLARO,98.0,2024-05-30 06:00:00,148.93,108.3,202.78,671.0,675.0,0.0,669.0,6.0,0.0,374.0
S,Sul,Fio dagua,JACUI,JIUHMC,MONTE CLARO,98.0,2024-05-30 07:00:00,148.91,108.3,200.48,657.0,665.0,0.0,660.0,6.0,0.0,374.0
S,Sul,Fio dagua,JACUI,JIUHMC,MONTE CLARO,98.0,2024-05-30 08:00:00,148.9,108.26,199.33,657.0,661.0,0.0,655.0,6.0,0.0,374.0
S,Sul,Fio dagua,JACUI,JIUHMC,MONTE CLARO,98.0,2024-05-30 09:00:00,148.67,108.25,173.2,464.0,559.0,0.0,554.0,6.0,0.0,376.0
S,Sul,Fio dagua,JACUI,JIUHMC,MONTE CLARO,98.0,2024-05-30 10:00:00,148.58,108.15,163.1,487.0,525.0,0.0,519.0,6.0,0.0,376.0
S,Sul,Fio dagua,JACUI,JIUHMC,MONTE CLARO,98.0,2024-05-30 11:00:00,148.78,107.93,185.64,690.0,607.0,0.0,602.0,6.0,0.0,372.0
S,Sul,Fio dagua,JACUI,JIUHMC,MONTE CLARO,98.0,2024-05-30 12:00:00,148.9,107.92,199.33,711.0,661.0,0.0,655.0,6.0,0.0,371.0
S,Sul,Fio dagua,JACUI,JIUHMC,MONTE CLARO,98.0,2024-05-30 13:00:00,148.95,108.11,205.08,705.0,685.0,0.0,679.0,6.0,0.0,372.0
S,Sul,Fio dagua,JACUI,JIUHMC,MONTE CLARO,98.0,2024-05-30 14:00:00,148.92,108.24,201.63,658.0,670.0,0.0,665.0,6.0,0.0,374.0
S,Sul,Fio dagua,JACUI,JIUHMC,MONTE CLARO,98.0,2024-05-30 15:00:00,148.89,108.28,198.19,644.0,656.0,0.0,651.0,6.0,0.0,374.0
S,Sul,Fio dagua,JACUI,JIUHMC,MONTE CLARO,98.0,2024-05-30 16:00:00,148.86,108.25,194.76,630.0,642.0,0.0,637.0,6.0,0.0,374.0
S,Sul,Fio dagua,JACUI,JIUHMC,MONTE CLARO,98.0,2024-05-30 17:00:00,148.83,108.2,191.33,616.0,629.0,0.0,623.0,6.0,0.0,374.0
S,Sul,Fio dagua,JACUI,JIUHMC,MONTE CLARO,98.0,2024-05-30 18:00:00,148.96,108.11,206.23,612.0,558.0,0.0,552.0,6.0,0.0,372.0
S,Sul,Fio dagua,JACUI,JIUHMC,MONTE CLARO,98.0,2024-05-30 19:00:00,148.99,107.98,209.69,585.0,572.0,0.0,567.0,6.0,0.0,371.0
S,Sul,Fio dagua,JACUI,JIUHMC,MONTE CLARO,98.0,2024-05-30 20:00:00,148.97,107.99,207.38,554.0,563.0,0.0,557.0,6.0,0.0,371.0
S,Sul,Fio dagua,JACUI,JIUHMC,MONTE CLARO,98.0,2024-05-30 21:00:00,148.95,107.99,205.08,545.0,553.0,0.0,547.0,6.0,0.0,371.0
S,Sul,Fio dagua,JACUI,JIUHMC,MONTE CLARO,98.0,2024-05-30 22:00:00,148.93,107.99,202.78,535.0,543.0,0.0,538.0,6.0,0.0,371.0
S,Sul,Fio dagua,JACUI,JIUHMC,MONTE CLARO,98.0,2024-05-30 23:00:00,148.92,107.96,201.63,534.0,539.0,0.0,533.0,6.0,0.0,371.0
S,Sul,Fio dagua,JACUI,JIUHMC,MONTE CLARO,98.0,2024-05-30 23:59:00,148.93,107.92,202.78,548.0,543.0,0.0,538.0,6.0,0.0,371.0
S,Sul,Fio dagua,JACUI,JIUHMC,MONTE CLARO,98.0,2024-05-31 01:00:00,148.93,107.92,202.78,543.0,543.0,0.0,538.0,6.0,0.0,371.0
S,Sul,Fio dagua,JACUI,JIUHMC,MONTE CLARO,98.0,2024-05-31 02:00:00,148.96,107.92,206.23,570.0,558.0,0.0,552.0,6.0,0.0,370.0
S,Sul,Fio dagua,JACUI,JIUHMC,MONTE CLARO,98.0,2024-05-31 03:00:00,148.97,107.92,207.38,567.0,563.0,0.0,557.0,6.0,0.0,370.0
S,Sul,Fio dagua,JACUI,JIUHMC,MONTE CLARO,98.0,2024-05-31 04:00:00,148.97,107.96,207.38,563.0,563.0,0.0,557.0,6.0,0.0,371.0
S,Sul,Fio dagua,JACUI,JIUHMC,MONTE CLARO,98.0,2024-05-31 05:00:00,148.96,107.96,206.23,554.0,558.0,0.0,552.0,6.0,0.0,371.0
S,Sul,Fio dagua,JACUI,JIUHMC,MONTE CLARO,98.0,2024-05-31 06:00:00,148.95,108.0,205.08,549.0,553.0,0.0,547.0,6.0,0.0,371.0
S,Sul,Fio dagua,JACUI,JIUHMC,MONTE CLARO,98.0,2024-05-31 07:00:00,148.93,107.98,202.78,535.0,543.0,0.0,538.0,6.0,0.0,371.0
S,Sul,Fio dagua,JACUI,JIUHMC,MONTE CLARO,98.0,2024-05-31 08:00:00,148.92,107.95,201.63,534.0,539.0,0.0,533.0,6.0,0.0,371.0
S,Sul,Fio dagua,JACUI,JIUHMC,MONTE CLARO,98.0,2024-05-31 09:00:00,148.89,107.92,198.19,512.0,525.0,0.0,519.0,6.0,0.0,371.0
S,Sul,Fio dagua,JACUI,JIUHMC,MONTE CLARO,98.0,2024-05-31 10:00:00,148.88,107.89,197.04,516.0,520.0,0.0,515.0,6.0,0.0,371.0
S,Sul,Fio dagua,JACUI,JIUHMC,MONTE CLARO,98.0,2024-05-31 11:00:00,148.87,107.88,195.9,511.0,516.0,0.0,510.0,6.0,0.0,371.0
S,Sul,Fio dagua,JACUI,JIUHMC,MONTE CLARO,98.0,2024-05-31 12:00:00,148.92,107.84,201.63,425.0,404.0,0.0,399.0,6.0,0.0,370.0
S,Sul,Fio dagua,JACUI,JIUHMC,MONTE CLARO,98.0,2024-05-31 13:00:00,149.02,107.77,213.16,494.0,452.0,0.0,447.0,6.0,0.0,369.0
S,Sul,Fio dagua,JACUI,JIUHMC,MONTE CLARO,98.0,2024-05-31 14:00:00,149.05,107.63,216.63,480.0,468.0,0.0,462.0,6.0,0.0,367.0
S,Sul,Fio dagua,JACUI,JIUHMC,MONTE CLARO,98.0,2024-05-31 15:00:00,149.06,107.69,217.78,477.0,473.0,0.0,467.0,6.0,0.0,368.0
S,Sul,Fio dagua,JACUI,JIUHMC,MONTE CLARO,98.0,2024-05-31 16:00:00,149.06,107.72,217.78,473.0,473.0,0.0,467.0,6.0,0.0,368.0
S,Sul,Fio dagua,JACUI,JIUHMC,MONTE CLARO,98.0,2024-05-31 17:00:00,149.05,107.72,216.63,463.0,468.0,0.0,462.0,6.0,0.0,368.0
S,Sul,Fio dagua,JACUI,JIUHMC,MONTE CLARO,98.0,2024-05-31 18:00:00,149.05,107.74,216.63,468.0,468.0,0.0,462.0,6.0,0.0,368.0
S,Sul,Fio dagua,JACUI,JIUHMC,MONTE CLARO,98.0,2024-05-31 19:00:00,149.03,107.72,214.31,449.0,457.0,0.0,452.0,6.0,0.0,368.0
S,Sul,Fio dagua,JACUI,JIUHMC,MONTE CLARO,98.0,2024-05-31 20:00:00,149.02,107.71,213.16,448.0,452.0,0.0,447.0,6.0,0.0,368.0
S,Sul,Fio dagua,JACUI,JIUHMC,MONTE CLARO,98.0,2024-05-31 21:00:00,149.02,107.7,213.16,452.0,452.0,0.0,447.0,6.0,0.0,368.0
S,Sul,Fio dagua,JACUI,JIUHMC,MONTE CLARO,98.0,2024-05-31 22:00:00,149.01,107.67,211.99,443.0,448.0,0.0,442.0,6.0,0.0,368.0
S,Sul,Fio dagua,JACUI,JIUHMC,MONTE CLARO,98.0,2024-05-31 23:00:00,149.0,107.66,210.84,438.0,443.0,0.0,437.0,6.0,0.0,368.0
S,Sul,Fio dagua,JACUI,JIUHMC,MONTE CLARO,98.0,2024-05-31 23:59:00,149.01,107.66,211.99,452.0,448.0,0.0,442.0,6.0,0.0,368.0
S,Sul,Fio dagua,JACUI,JIUHQJ,14 DE JULHO,99.0,2024-05-01 01:00:00,107.04,78.84,470.49,3673.0,3915.0,0.0,3880.0,34.0,0.0,392.0
S,Sul,Fio dagua,JACUI,JIUHQJ,14 DE JULHO,99.0,2024-05-01 02:00:00,106.9,78.7,451.91,3485.0,3710.0,0.0,3676.0,34.0,0.0,392.0
S,Sul,Fio dagua,JACUI,JIUHQJ,14 DE JULHO,99.0,2024-05-01 03:00:00,106.81,78.48,439.97,3437.0,3582.0,0.0,3548.0,34.0,0.0,391.0
S,Sul,Fio dagua,JACUI,JIUHQJ,14 DE JULHO,99.0,2024-05-01 04:00:00,106.84,78.32,443.95,3673.0,3625.0,0.0,3591.0,34.0,0.0,388.0
S,Sul,Fio dagua,JACUI,JIUHQJ,14 DE JULHO,99.0,2024-05-01 05:00:00,106.97,78.45,461.2,4022.0,3813.0,0.0,3778.0,34.0,0.0,388.0
S,Sul,Fio dagua,JACUI,JIUHQJ,14 DE JULHO,99.0,2024-05-01 06:00:00,107.12,78.82,481.1,4273.0,4032.0,0.0,3997.0,35.0,0.0,391.0
S,Sul,Fio dagua,JACUI,JIUHQJ,14 DE JULHO,99.0,2024-05-01 07:00:00,107.41,79.69,519.59,4938.0,4471.0,0.0,4436.0,35.0,0.0,399.0
S,Sul,Fio dagua,JACUI,JIUHQJ,14 DE JULHO,99.0,2024-05-01 08:00:00,107.62,80.28,547.45,5147.0,4808.0,0.0,4773.0,35.0,0.0,405.0
S,Sul,Fio dagua,JACUI,JIUHQJ,14 DE JULHO,99.0,2024-05-01 09:00:00,107.9,80.53,584.61,5732.0,5280.0,0.0,5245.0,36.0,0.0,404.0
S,Sul,Fio dagua,JACUI,JIUHQJ,14 DE JULHO,99.0,2024-05-05 02:00:00,,82.02,,,5853.0,,,,,
S,Sul,Fio dagua,JACUI,JIUHQJ,14 DE JULHO,99.0,2024-05-05 03:00:00,,83.15,,,5778.0,,,,,
S,Sul,Fio dagua,JACUI,JIUHQJ,14 DE JULHO,99.0,2024-05-05 04:00:00,,83.28,,,5603.0,,,,,
S,Sul,Fio dagua,JACUI,JIUHQJ,14 DE JULHO,99.0,2024-05-05 05:00:00,,83.2,,,5479.0,,,,,
S,Sul,Fio dagua,JACUI,JIUHQJ,14 DE JULHO,99.0,2024-05-05 06:00:00,,83.02,,,5259.0,,,,,
S,Sul,Fio dagua,JACUI,JIUHQJ,14 DE JULHO,99.0,2024-05-05 07:00:00,,82.86,,,5043.0,,,,,
S,Sul,Fio dagua,JACUI,JIUHQJ,14 DE JULHO,99.0,2024-05-05 08:00:00,,82.6,,,4831.0,,,,,
S,Sul,Fio dagua,JACUI,JIUHQJ,14 DE JULHO,99.0,2024-05-05 09:00:00,,82.19,,,4691.0,,,,,
S,Sul,Fio dagua,JACUI,JIUHQJ,14 DE JULHO,99.0,2024-05-06 01:00:00,,78.24,,2584.0,2584.0,0.0,2584.0,,,
S,Sul,Fio dagua,JACUI,JIUHQJ,14 DE JULHO,99.0,2024-05-06 02:00:00,,77.85,,2512.0,2512.0,0.0,2512.0,,,
S,Sul,Fio dagua,JACUI,JIUHQJ,14 DE JULHO,99.0,2024-05-06 03:00:00,,77.67,,2371.0,2371.0,0.0,2371.0,,,
S,Sul,Fio dagua,JACUI,JIUHQJ,14 DE JULHO,99.0,2024-05-06 04:00:00,96.88,77.8,,2302.0,2302.0,0.0,2302.0,,,
S,Sul,Fio dagua,JACUI,JIUHQJ,14 DE JULHO,99.0,2024-05-06 05:00:00,,77.21,,2333.0,2333.0,0.0,2333.0,,,
S,Sul,Fio dagua,JACUI,JIUHQJ,14 DE JULHO,99.0,2024-05-06 07:00:00,96.41,76.87,,2116.0,2116.0,0.0,2116.0,,,
S,Sul,Fio dagua,JACUI,JIUHQJ,14 DE JULHO,99.0,2024-05-06 08:00:00,96.29,76.75,,2066.0,2066.0,0.0,2066.0,,,
S,Sul,Fio dagua,JACUI,JIUHQJ,14 DE JULHO,99.0,2024-05-06 09:00:00,96.03,76.32,,2001.0,2001.0,0.0,2001.0,,,
S,Sul,Fio dagua,JACUI,JIUHQJ,14 DE JULHO,99.0,2024-05-08 01:00:00,,74.1,,,645.0,,,,,
S,Sul,Fio dagua,JACUI,JIUHQJ,14 DE JULHO,99.0,2024-05-08 02:00:00,,73.47,,,625.0,,,,,
S,Sul,Fio dagua,JACUI,JIUHQJ,14 DE JULHO,99.0,2024-05-08 03:00:00,,73.45,,,606.0,,,,,
S,Sul,Fio dagua,JACUI,JIUHQJ,14 DE JULHO,99.0,2024-05-08 04:00:00,,73.46,,,596.0,,,,,
S,Sul,Fio dagua,JACUI,JIUHQJ,14 DE JULHO,99.0,2024-05-08 05:00:00,,73.63,,,596.0,,,,,
S,Sul,Fio dagua,JACUI,JIUHQJ,14 DE JULHO,99.0,2024-05-08 06:00:00,,73.78,,,577.0,,,,,
S,Sul,Fio dagua,JACUI,JIUHQJ,14 DE JULHO,99.0,2024-05-08 07:00:00,,73.95,,,567.0,,,,,
S,Sul,Fio dagua,JACUI,JIUHQJ,14 DE JULHO,99.0,2024-05-09 14:00:00,,71.96,,,574.0,,,,,
S,Sul,Fio dagua,JACUI,JIUHQJ,14 DE JULHO,99.0,2024-05-09 15:00:00,,71.93,,,575.0,,,,,
S,Sul,Fio dagua,JACUI,JIUHQJ,14 DE JULHO,99.0,2024-05-09 16:00:00,,72.08,,,577.0,,,,,
S,Sul,Fio dagua,JACUI,JIUHQJ,14 DE JULHO,99.0,2024-05-09 17:00:00,,72.6,,,578.0,,,,,
S,Sul,Fio dagua,JACUI,JIUHQJ,14 DE JULHO,99.0,2024-05-09 18:00:00,,73.18,,,580.0,,,,,
S,Sul,Fio dagua,JACUI,JIUHQJ,14 DE JULHO,99.0,2024-05-09 19:00:00,,73.26,,,580.0,,,,,
S,Sul,Fio dagua,JACUI,JIUHQJ,14 DE JULHO,99.0,2024-05-09 20:00:00,,73.08,,,580.0,,,,,
S,Sul,Fio dagua,JACUI,JIUHQJ,14 DE JULHO,99.0,2024-05-09 21:00:00,,73.36,,,580.0,,,,,
S,Sul,Fio dagua,JACUI,JIUHQJ,14 DE JULHO,99.0,2024-05-09 22:00:00,,73.46,,,580.0,,,,,
S,Sul,Fio dagua,JACUI,JIUHQJ,14 DE JULHO,99.0,2024-05-09 23:00:00,,73.41,,,580.0,,,,,
S,Sul,Fio dagua,JACUI,JIUHQJ,14 DE JULHO,99.0,2024-05-10 01:00:00,,73.37,,,580.0,,,,,
S,Sul,Fio dagua,JACUI,JIUHQJ,14 DE JULHO,99.0,2024-05-10 02:00:00,,73.4,,,580.0,,,,,
S,Sul,Fio dagua,JACUI,JIUHQJ,14 DE JULHO,99.0,2024-05-10 16:00:00,89.2,73.89,,33.0,33.0,0.0,33.0,18.0,0.0,1.0
S,Sul,Fio dagua,JACUI,JIUHQJ,14 DE JULHO,99.0,2024-05-10 17:00:00,89.2,73.9,,33.0,33.0,0.0,33.0,18.0,0.0,1.0
S,Sul,Fio dagua,JACUI,JIUHQJ,14 DE JULHO,99.0,2024-05-10 18:00:00,89.2,73.86,,33.0,33.0,0.0,33.0,18.0,0.0,1.0
S,Sul,Fio dagua,JACUI,JIUHQJ,14 DE JULHO,99.0,2024-05-10 19:00:00,89.2,73.83,,33.0,33.0,0.0,33.0,18.0,0.0,1.0
S,Sul,Fio dagua,JACUI,JIUHQJ,14 DE JULHO,99.0,2024-05-10 20:00:00,89.2,73.95,,33.0,33.0,0.0,33.0,18.0,0.0,1.0
S,Sul,Fio dagua,JACUI,JIUHQJ,14 DE JULHO,99.0,2024-05-10 21:00:00,89.2,74.51,,33.0,33.0,0.0,33.0,18.0,0.0,1.0
S,Sul,Fio dagua,JACUI,JIUHQJ,14 DE JULHO,99.0,2024-05-10 22:00:00,89.2,75.15,,33.0,33.0,0.0,33.0,18.0,0.0,1.0
S,Sul,Fio dagua,JACUI,JIUHQJ,14 DE JULHO,99.0,2024-05-10 23:00:00,89.2,75.88,,33.0,33.0,0.0,33.0,18.0,0.0,1.0
S,Sul,Fio dagua,JACUI,JIUHQJ,14 DE JULHO,99.0,2024-05-10 23:59:00,89.2,76.6,,33.0,33.0,0.0,33.0,18.0,0.0,1.0
S,Sul,Fio dagua,JACUI,JIUHQJ,14 DE JULHO,99.0,2024-05-11 01:00:00,89.2,77.32,,33.0,33.0,0.0,33.0,18.0,0.0,1.0
S,Sul,Fio dagua,JACUI,JIUHQJ,14 DE JULHO,99.0,2024-05-11 02:00:00,89.2,78.05,,33.0,33.0,0.0,33.0,18.0,0.0,1.0
S,Sul,Fio dagua,JACUI,JIUHQJ,14 DE JULHO,99.0,2024-05-11 03:00:00,89.2,78.42,,33.0,33.0,0.0,33.0,18.0,0.0,1.0
S,Sul,Fio dagua,JACUI,JIUHQJ,14 DE JULHO,99.0,2024-05-11 04:00:00,89.2,78.76,,33.0,33.0,0.0,33.0,18.0,0.0,1.0
S,Sul,Fio dagua,JACUI,JIUHQJ,14 DE JULHO,99.0,2024-05-11 05:00:00,89.2,78.81,,33.0,33.0,0.0,33.0,18.0,0.0,1.0
S,Sul,Fio dagua,JACUI,JIUHQJ,14 DE JULHO,99.0,2024-05-11 06:00:00,89.2,78.83,,33.0,33.0,0.0,33.0,18.0,0.0,1.0
S,Sul,Fio dagua,JACUI,JIUHQJ,14 DE JULHO,99.0,2024-05-11 07:00:00,89.2,78.86,,33.0,33.0,0.0,33.0,18.0,0.0,1.0
S,Sul,Fio dagua,JACUI,JIUHQJ,14 DE JULHO,99.0,2024-05-11 08:00:00,89.2,78.87,,33.0,33.0,0.0,33.0,18.0,0.0,1.0
S,Sul,Fio dagua,JACUI,JIUHQJ,14 DE JULHO,99.0,2024-05-11 09:00:00,89.2,78.92,,33.0,33.0,0.0,33.0,18.0,0.0,1.0
S,Sul,Fio dagua,JACUI,JIUHQJ,14 DE JULHO,99.0,2024-05-11 10:00:00,89.2,78.92,,33.0,33.0,0.0,33.0,18.0,0.0,1.0
S,Sul,Fio dagua,JACUI,JIUHQJ,14 DE JULHO,99.0,2024-05-11 11:00:00,89.2,78.87,,33.0,33.0,0.0,33.0,18.0,0.0,1.0
S,Sul,Fio dagua,JACUI,JIUHQJ,14 DE JULHO,99.0,2024-05-11 12:00:00,89.2,79.07,,33.0,33.0,0.0,33.0,18.0,0.0,1.0
S,Sul,Fio dagua,JACUI,JIUHQJ,14 DE JULHO,99.0,2024-05-11 13:00:00,89.2,79.13,,33.0,33.0,0.0,33.0,18.0,0.0,1.0
S,Sul,Fio dagua,JACUI,JIUHQJ,14 DE JULHO,99.0,2024-05-11 14:00:00,89.2,79.14,,33.0,33.0,0.0,33.0,18.0,0.0,1.0
S,Sul,Fio dagua,JACUI,JIUHQJ,14 DE JULHO,99.0,2024-05-11 15:00:00,89.2,79.23,,33.0,33.0,0.0,33.0,18.0,0.0,1.0
S,Sul,Fio dagua,JACUI,JIUHQJ,14 DE JULHO,99.0,2024-05-11 16:00:00,89.2,79.23,,33.0,33.0,0.0,33.0,18.0,0.0,1.0
S,Sul,Fio dagua,JACUI,JIUHQJ,14 DE JULHO,99.0,2024-05-11 17:00:00,89.2,79.2,,33.0,33.0,0.0,33.0,18.0,0.0,1.0
S,Sul,Fio dagua,JACUI,JIUHQJ,14 DE JULHO,99.0,2024-05-11 18:00:00,89.2,79.2,,33.0,33.0,0.0,33.0,18.0,0.0,1.0
S,Sul,Fio dagua,JACUI,JIUHQJ,14 DE JULHO,99.0,2024-05-11 19:00:00,89.2,79.28,,33.0,33.0,0.0,33.0,18.0,0.0,1.0
S,Sul,Fio dagua,JACUI,JIUHQJ,14 DE JULHO,99.0,2024-05-11 20:00:00,98.18,79.34,,33.0,33.0,0.0,33.0,18.0,0.0,1.0
S,Sul,Fio dagua,JACUI,JIUHQJ,14 DE JULHO,99.0,2024-05-11 21:00:00,98.24,79.46,,88.0,33.0,0.0,33.0,18.0,0.0,1.0
S,Sul,Fio dagua,JACUI,JIUHQJ,14 DE JULHO,99.0,2024-05-11 22:00:00,98.26,79.53,,52.0,33.0,0.0,33.0,18.0,0.0,1.0
S,Sul,Fio dagua,JACUI,JIUHQJ,14 DE JULHO,99.0,2024-05-11 23:00:00,98.27,79.56,,42.0,33.0,0.0,33.0,18.0,0.0,1.0
S,Sul,Fio dagua,JACUI,JIUHQJ,14 DE JULHO,99.0,2024-05-11 23:59:00,98.27,79.59,,33.0,33.0,0.0,33.0,18.0,0.0,1.0
S,Sul,Fio dagua,JACUI,JIUHQJ,14 DE JULHO,99.0,2024-05-12 01:00:00,98.3,79.59,,61.0,33.0,0.0,33.0,18.0,0.0,1.0
S,Sul,Fio dagua,JACUI,JIUHQJ,14 DE JULHO,99.0,2024-05-12 02:00:00,98.28,79.68,,15.0,33.0,0.0,33.0,18.0,0.0,1.0
S,Sul,Fio dagua,JACUI,JIUHQJ,14 DE JULHO,99.0,2024-05-12 03:00:00,98.33,79.73,,79.0,33.0,0.0,33.0,18.0,0.0,1.0
S,Sul,Fio dagua,JACUI,JIUHQJ,14 DE JULHO,99.0,2024-05-12 04:00:00,98.39,79.81,,88.0,33.0,0.0,33.0,18.0,0.0,1.0
S,Sul,Fio dagua,JACUI,JIUHQJ,14 DE JULHO,99.0,2024-05-12 05:00:00,98.46,79.98,,97.0,33.0,0.0,33.0,18.0,0.0,1.0
S,Sul,Fio dagua,JACUI,JIUHQJ,14 DE JULHO,99.0,2024-05-12 06:00:00,98.55,80.33,,116.0,33.0,0.0,33.0,18.0,0.0,1.0
S,Sul,Fio dagua,JACUI,JIUHQJ,14 DE JULHO,99.0,2024-05-12 07:00:00,98.65,80.88,,125.0,33.0,0.0,33.0,18.0,0.0,1.0
S,Sul,Fio dagua,JACUI,JIUHQJ,14 DE JULHO,99.0,2024-05-12 08:00:00,99.89,81.73,,520.0,33.0,0.0,33.0,18.0,0.0,1.0
S,Sul,Fio dagua,JACUI,JIUHQJ,14 DE JULHO,99.0,2024-05-12 09:00:00,99.99,82.62,,125.0,33.0,0.0,33.0,18.0,0.0,1.0
S,Sul,Fio dagua,JACUI,JIUHQJ,14 DE JULHO,99.0,2024-05-12 10:00:00,101.38,83.76,,987.0,33.0,0.0,33.0,18.0,0.0,1.0
S,Sul,Fio dagua,JACUI,JIUHQJ,14 DE JULHO,99.0,2024-05-12 11:00:00,102.03,84.98,-96.86,882.0,33.0,0.0,33.0,18.0,0.0,1.0
S,Sul,Fio dagua,JACUI,JIUHQJ,14 DE JULHO,99.0,2024-05-12 12:00:00,102.51,85.97,-48.93,660.0,33.0,0.0,33.0,18.0,0.0,1.0
S,Sul,Fio dagua,JACUI,JIUHQJ,14 DE JULHO,99.0,2024-05-12 13:00:00,103.01,86.75,1.0,686.0,33.0,0.0,33.0,18.0,0.0,1.0
S,Sul,Fio dagua,JACUI,JIUHQJ,14 DE JULHO,99.0,2024-05-12 14:00:00,102.94,87.37,-5.99,0.0,33.0,0.0,33.0,18.0,0.0,1.0
S,Sul,Fio dagua,JACUI,JIUHQJ,14 DE JULHO,99.0,2024-05-12 15:00:00,103.05,87.7,5.0,177.0,33.0,0.0,33.0,18.0,0.0,1.0
S,Sul,Fio dagua,JACUI,JIUHQJ,14 DE JULHO,99.0,2024-05-12 16:00:00,103.22,87.89,22.0,256.0,34.0,0.0,34.0,18.0,0.0,1.0
S,Sul,Fio dagua,JACUI,JIUHQJ,14 DE JULHO,99.0,2024-05-12 17:00:00,103.22,87.89,22.0,34.0,34.0,0.0,34.0,18.0,0.0,1.0
S,Sul,Fio dagua,JACUI,JIUHQJ,14 DE JULHO,99.0,2024-05-12 18:00:00,103.18,87.8,18.0,0.0,34.0,0.0,34.0,18.0,0.0,1.0
S,Sul,Fio dagua,JACUI,JIUHQJ,14 DE JULHO,99.0,2024-05-12 19:00:00,103.1,87.76,10.0,0.0,33.0,0.0,33.0,18.0,0.0,1.0
S,Sul,Fio dagua,JACUI,JIUHQJ,14 DE JULHO,99.0,2024-05-12 20:00:00,102.95,87.6,-4.99,0.0,33.0,0.0,33.0,18.0,0.0,1.0
S,Sul,Fio dagua,JACUI,JIUHQJ,14 DE JULHO,99.0,2024-05-12 21:00:00,102.85,87.42,-14.98,0.0,33.0,0.0,33.0,18.0,0.0,1.0
S,Sul,Fio dagua,JACUI,JIUHQJ,14 DE JULHO,99.0,2024-05-12 22:00:00,102.73,87.2,-26.96,0.0,33.0,0.0,33.0,18.0,0.0,1.0
S,Sul,Fio dagua,JACUI,JIUHQJ,14 DE JULHO,99.0,2024-05-12 23:00:00,102.64,87.2,-35.95,0.0,33.0,0.0,33.0,18.0,0.0,1.0
S,Sul,Fio dagua,JACUI,JIUHQJ,14 DE JULHO,99.0,2024-05-12 23:59:00,102.4,86.71,-59.92,0.0,33.0,0.0,33.0,18.0,0.0,1.0
S,Sul,Fio dagua,JACUI,JIUHQJ,14 DE JULHO,99.0,2024-05-13 01:00:00,102.24,86.4,-75.89,0.0,33.0,0.0,33.0,18.0,0.0,1.0
S,Sul,Fio dagua,JACUI,JIUHQJ,14 DE JULHO,99.0,2024-05-13 02:00:00,102.07,86.08,-92.87,0.0,33.0,0.0,33.0,18.0,0.0,1.0
S,Sul,Fio dagua,JACUI,JIUHQJ,14 DE JULHO,99.0,2024-05-13 03:00:00,101.79,85.73,,0.0,33.0,0.0,33.0,18.0,0.0,1.0
S,Sul,Fio dagua,JACUI,JIUHQJ,14 DE JULHO,99.0,2024-05-13 04:00:00,101.56,85.4,,0.0,33.0,0.0,33.0,18.0,0.0,1.0
S,Sul,Fio dagua,JACUI,JIUHQJ,14 DE JULHO,99.0,2024-05-13 06:00:00,101.26,84.71,,0.0,33.0,0.0,33.0,18.0,0.0,1.0
S,Sul,Fio dagua,JACUI,JIUHQJ,14 DE JULHO,99.0,2024-05-13 07:00:00,101.19,84.5,,0.0,33.0,0.0,33.0,18.0,0.0,1.0
S,Sul,Fio dagua,JACUI,JIUHQJ,14 DE JULHO,99.0,2024-05-13 08:00:00,101.03,84.28,,0.0,33.0,0.0,33.0,18.0,0.0,1.0
S,Sul,Fio dagua,JACUI,JIUHQJ,14 DE JULHO,99.0,2024-05-13 09:00:00,100.94,84.06,,0.0,33.0,0.0,33.0,18.0,0.0,1.0
S,Sul,Fio dagua,JACUI,JIUHQJ,14 DE JULHO,99.0,2024-05-13 10:00:00,100.73,83.75,,0.0,33.0,0.0,33.0,18.0,0.0,1.0
S,Sul,Fio dagua,JACUI,JIUHQJ,14 DE JULHO,99.0,2024-05-13 11:00:00,100.7,83.47,,0.0,33.0,0.0,33.0,18.0,0.0,1.0
S,Sul,Fio dagua,JACUI,JIUHQJ,14 DE JULHO,99.0,2024-05-13 12:00:00,100.25,83.07,,0.0,33.0,0.0,33.0,18.0,0.0,1.0
S,Sul,Fio dagua,JACUI,JIUHQJ,14 DE JULHO,99.0,2024-05-13 13:00:00,100.17,82.83,,0.0,33.0,0.0,33.0,18.0,0.0,1.0
S,Sul,Fio dagua,JACUI,JIUHQJ,14 DE JULHO,99.0,2024-05-13 14:00:00,100.03,82.83,,0.0,33.0,0.0,33.0,18.0,0.0,1.0
S,Sul,Fio dagua,JACUI,JIUHQJ,14 DE JULHO,99.0,2024-05-13 15:00:00,99.9,82.28,,0.0,33.0,0.0,33.0,18.0,0.0,1.0
S,Sul,Fio dagua,JACUI,JIUHQJ,14 DE JULHO,99.0,2024-05-13 16:00:00,99.77,81.91,,86.0,33.0,0.0,33.0,18.0,0.0,1.0
S,Sul,Fio dagua,JACUI,JIUHQJ,14 DE JULHO,99.0,2024-05-13 17:00:00,99.73,81.74,,4.0,33.0,0.0,33.0,18.0,0.0,1.0
S,Sul,Fio dagua,JACUI,JIUHQJ,14 DE JULHO,99.0,2024-05-13 18:00:00,99.63,81.65,,0.0,33.0,0.0,33.0,18.0,0.0,1.0
S,Sul,Fio dagua,JACUI,JIUHQJ,14 DE JULHO,99.0,2024-05-13 19:00:00,99.53,81.47,,0.0,33.0,0.0,33.0,18.0,0.0,1.0
S,Sul,Fio dagua,JACUI,JIUHQJ,14 DE JULHO,99.0,2024-05-13 20:00:00,99.43,81.4,,0.0,33.0,0.0,33.0,18.0,0.0,1.0
S,Sul,Fio dagua,JACUI,JIUHQJ,14 DE JULHO,99.0,2024-05-13 21:00:00,99.2,81.3,,0.0,33.0,0.0,33.0,18.0,0.0,1.0
S,Sul,Fio dagua,JACUI,JIUHQJ,14 DE JULHO,99.0,2024-05-13 22:00:00,99.17,81.3,,6.0,33.0,0.0,33.0,18.0,0.0,1.0
S,Sul,Fio dagua,JACUI,JIUHQJ,14 DE JULHO,99.0,2024-05-13 23:00:00,99.03,80.82,,0.0,33.0,0.0,33.0,18.0,0.0,1.0
S,Sul,Fio dagua,JACUI,JIUHQJ,14 DE JULHO,99.0,2024-05-13 23:59:00,98.83,80.54,,0.0,33.0,0.0,33.0,18.0,0.0,1.0
S,Sul,Fio dagua,JACUI,JIUHQJ,14 DE JULHO,99.0,2024-05-14 01:00:00,98.7,80.33,,0.0,33.0,0.0,33.0,18.0,0.0,1.0
S,Sul,Fio dagua,JACUI,JIUHQJ,14 DE JULHO,99.0,2024-05-14 02:00:00,98.47,79.94,,0.0,33.0,0.0,33.0,18.0,0.0,1.0
S,Sul,Fio dagua,JACUI,JIUHQJ,14 DE JULHO,99.0,2024-05-14 03:00:00,98.27,79.8,,0.0,33.0,0.0,33.0,18.0,0.0,1.0
S,Sul,Fio dagua,JACUI,JIUHQJ,14 DE JULHO,99.0,2024-05-14 04:00:00,98.13,79.62,,0.0,33.0,0.0,33.0,18.0,0.0,1.0
S,Sul,Fio dagua,JACUI,JIUHQJ,14 DE JULHO,99.0,2024-05-14 05:00:00,98.0,79.37,,0.0,33.0,0.0,33.0,18.0,0.0,1.0
S,Sul,Fio dagua,JACUI,JIUHQJ,14 DE JULHO,99.0,2024-05-14 06:00:00,97.77,79.08,,0.0,33.0,0.0,33.0,18.0,0.0,1.0
S,Sul,Fio dagua,JACUI,JIUHQJ,14 DE JULHO,99.0,2024-05-14 07:00:00,97.53,79.05,,0.0,33.0,0.0,33.0,18.0,0.0,1.0
S,Sul,Fio dagua,JACUI,JIUHQJ,14 DE JULHO,99.0,2024-05-14 08:00:00,97.37,78.89,,0.0,33.0,0.0,33.0,18.0,0.0,1.0
S,Sul,Fio dagua,JACUI,JIUHQJ,14 DE JULHO,99.0,2024-05-14 09:00:00,97.2,78.61,,0.0,33.0,0.0,33.0,18.0,0.0,1.0
S,Sul,Fio dagua,JACUI,JIUHQJ,14 DE JULHO,99.0,2024-05-14 10:00:00,97.03,78.37,,0.0,33.0,0.0,33.0,18.0,0.0,1.0
S,Sul,Fio dagua,JACUI,JIUHQJ,14 DE JULHO,99.0,2024-05-14 11:00:00,96.93,78.17,,0.0,33.0,0.0,33.0,18.0,0.0,1.0
S,Sul,Fio dagua,JACUI,JIUHQJ,14 DE JULHO,99.0,2024-05-14 12:00:00,242.51,151.26,,1937.0,1997.0,159.0,1838.0,19.0,0.0,1.0
S,Sul,Fio dagua,JACUI,JIUHQJ,14 DE JULHO,99.0,2024-05-14 13:00:00,242.43,151.12,,1783.0,1902.0,159.0,1743.0,19.0,0.0,1.0
S,Sul,Fio dagua,JACUI,JIUHQJ,14 DE JULHO,99.0,2024-05-14 14:00:00,242.38,151.04,,1769.0,1843.0,159.0,1684.0,19.0,0.0,1.0
S,Sul,Fio dagua,JACUI,JIUHQJ,14 DE JULHO,99.0,2024-05-14 15:00:00,242.34,150.88,,1737.0,1797.0,159.0,1638.0,19.0,0.0,1.0
S,Sul,Fio dagua,JACUI,JIUHQJ,14 DE JULHO,99.0,2024-05-14 16:00:00,96.3,77.42,,0.0,33.0,0.0,33.0,18.0,0.0,1.0
S,Sul,Fio dagua,JACUI,JIUHQJ,14 DE JULHO,99.0,2024-05-14 17:00:00,96.2,77.29,,0.0,33.0,0.0,33.0,18.0,0.0,1.0
S,Sul,Fio dagua,JACUI,JIUHQJ,14 DE JULHO,99.0,2024-05-14 18:00:00,96.0,77.42,,0.0,33.0,0.0,33.0,18.0,0.0,1.0
S,Sul,Fio dagua,JACUI,JIUHQJ,14 DE JULHO,99.0,2024-05-14 19:00:00,95.9,77.8,,0.0,33.0,0.0,33.0,18.0,0.0,1.0
S,Sul,Fio dagua,JACUI,JIUHQJ,14 DE JULHO,99.0,2024-05-14 20:00:00,95.76,77.74,,0.0,33.0,0.0,33.0,18.0,0.0,1.0
S,Sul,Fio dagua,JACUI,JIUHQJ,14 DE JULHO,99.0,2024-05-14 21:00:00,95.53,77.64,,0.0,33.0,0.0,33.0,18.0,0.0,1.0
S,Sul,Fio dagua,JACUI,JIUHQJ,14 DE JULHO,99.0,2024-05-14 22:00:00,95.36,77.69,,0.0,33.0,0.0,33.0,18.0,0.0,1.0
S,Sul,Fio dagua,JACUI,JIUHQJ,14 DE JULHO,99.0,2024-05-14 23:00:00,95.23,77.83,,0.0,33.0,0.0,33.0,18.0,0.0,1.0
S,Sul,Fio dagua,JACUI,JIUHQJ,14 DE JULHO,99.0,2024-05-14 23:59:00,95.06,77.24,,0.0,33.0,0.0,33.0,18.0,0.0,1.0
S,Sul,Fio dagua,JACUI,JIUHQJ,14 DE JULHO,99.0,2024-05-15 01:00:00,94.93,77.24,,0.0,33.0,0.0,33.0,18.0,0.0,1.0
S,Sul,Fio dagua,JACUI,JIUHQJ,14 DE JULHO,99.0,2024-05-15 02:00:00,94.83,77.35,,0.0,33.0,0.0,33.0,18.0,0.0,1.0
S,Sul,Fio dagua,JACUI,JIUHQJ,14 DE JULHO,99.0,2024-05-15 03:00:00,94.66,77.24,,0.0,33.0,0.0,33.0,18.0,0.0,1.0
S,Sul,Fio dagua,JACUI,JIUHQJ,14 DE JULHO,99.0,2024-05-15 04:00:00,94.5,76.98,,0.0,33.0,0.0,33.0,18.0,0.0,1.0
S,Sul,Fio dagua,JACUI,JIUHQJ,14 DE JULHO,99.0,2024-05-15 05:00:00,94.36,77.19,,0.0,33.0,0.0,33.0,18.0,0.0,1.0
S,Sul,Fio dagua,JACUI,JIUHQJ,14 DE JULHO,99.0,2024-05-15 06:00:00,94.23,77.19,,0.0,33.0,0.0,33.0,18.0,0.0,1.0
S,Sul,Fio dagua,JACUI,JIUHQJ,14 DE JULHO,99.0,2024-05-15 07:00:00,94.06,76.96,,0.0,33.0,0.0,33.0,18.0,0.0,1.0
S,Sul,Fio dagua,JACUI,JIUHQJ,14 DE JULHO,99.0,2024-05-15 08:00:00,93.8,76.92,,0.0,33.0,0.0,33.0,18.0,0.0,1.0
S,Sul,Fio dagua,JACUI,JIUHQJ,14 DE JULHO,99.0,2024-05-15 09:00:00,93.7,76.58,,0.0,33.0,0.0,33.0,18.0,0.0,1.0
S,Sul,Fio dagua,JACUI,JIUHQJ,14 DE JULHO,99.0,2024-05-15 10:00:00,93.83,76.67,,0.0,33.0,0.0,33.0,18.0,0.0,1.0
S,Sul,Fio dagua,JACUI,JIUHQJ,14 DE JULHO,99.0,2024-05-15 11:00:00,93.76,75.6,,0.0,33.0,0.0,33.0,18.0,0.0,1.0
S,Sul,Fio dagua,JACUI,JIUHQJ,14 DE JULHO,99.0,2024-05-15 12:00:00,93.63,74.45,,0.0,33.0,0.0,33.0,18.0,0.0,1.0
S,Sul,Fio dagua,JACUI,JIUHQJ,14 DE JULHO,99.0,2024-05-15 13:00:00,93.53,74.22,,0.0,33.0,0.0,33.0,18.0,0.0,1.0
S,Sul,Fio dagua,JACUI,JIUHQJ,14 DE JULHO,99.0,2024-05-15 14:00:00,93.36,74.05,,0.0,33.0,0.0,33.0,18.0,0.0,1.0
S,Sul,Fio dagua,JACUI,JIUHQJ,14 DE JULHO,99.0,2024-05-15 15:00:00,93.1,74.1,,0.0,33.0,0.0,33.0,18.0,0.0,1.0
S,Sul,Fio dagua,JACUI,JIUHQJ,14 DE JULHO,99.0,2024-05-15 16:00:00,92.86,74.96,,0.0,33.0,0.0,33.0,18.0,0.0,1.0
S,Sul,Fio dagua,JACUI,JIUHQJ,14 DE JULHO,99.0,2024-05-15 17:00:00,92.83,75.08,,0.0,33.0,0.0,33.0,18.0,0.0,1.0
S,Sul,Fio dagua,JACUI,JIUHQJ,14 DE JULHO,99.0,2024-05-15 18:00:00,92.76,75.23,,0.0,33.0,0.0,33.0,18.0,0.0,1.0
S,Sul,Fio dagua,JACUI,JIUHQJ,14 DE JULHO,99.0,2024-05-15 19:00:00,92.7,75.61,,0.0,33.0,0.0,33.0,18.0,0.0,1.0
S,Sul,Fio dagua,JACUI,JIUHQJ,14 DE JULHO,99.0,2024-05-15 20:00:00,92.66,75.78,,0.0,33.0,0.0,33.0,18.0,0.0,1.0
S,Sul,Fio dagua,JACUI,JIUHQJ,14 DE JULHO,99.0,2024-05-15 21:00:00,92.53,75.78,,0.0,33.0,0.0,33.0,18.0,0.0,1.0
S,Sul,Fio dagua,JACUI,JIUHQJ,14 DE JULHO,99.0,2024-05-15 22:00:00,92.46,75.63,,0.0,33.0,0.0,33.0,18.0,0.0,1.0
S,Sul,Fio dagua,JACUI,JIUHQJ,14 DE JULHO,99.0,2024-05-15 23:00:00,92.4,75.85,,0.0,33.0,0.0,33.0,18.0,0.0,1.0
S,Sul,Fio dagua,JACUI,JIUHQJ,14 DE JULHO,99.0,2024-05-15 23:59:00,92.26,75.8,,0.0,33.0,0.0,33.0,18.0,0.0,1.0
S,Sul,Fio dagua,JACUI,JIUHQJ,14 DE JULHO,99.0,2024-05-16 01:00:00,92.16,75.45,,0.0,33.0,0.0,33.0,18.0,0.0,1.0
S,Sul,Fio dagua,JACUI,JIUHQJ,14 DE JULHO,99.0,2024-05-16 02:00:00,92.06,75.55,,0.0,33.0,0.0,33.0,18.0,0.0,1.0
S,Sul,Fio dagua,JACUI,JIUHQJ,14 DE JULHO,99.0,2024-05-16 03:00:00,92.0,75.56,,0.0,33.0,0.0,33.0,18.0,0.0,1.0
S,Sul,Fio dagua,JACUI,JIUHQJ,14 DE JULHO,99.0,2024-05-16 04:00:00,91.9,75.5,,0.0,33.0,0.0,33.0,18.0,0.0,1.0
S,Sul,Fio dagua,JACUI,JIUHQJ,14 DE JULHO,99.0,2024-05-16 05:00:00,91.78,75.62,,0.0,33.0,0.0,33.0,18.0,0.0,1.0
S,Sul,Fio dagua,JACUI,JIUHQJ,14 DE JULHO,99.0,2024-05-16 06:00:00,91.66,75.42,,0.0,33.0,0.0,33.0,18.0,0.0,1.0
S,Sul,Fio dagua,JACUI,JIUHQJ,14 DE JULHO,99.0,2024-05-16 07:00:00,91.43,75.25,,0.0,33.0,0.0,33.0,18.0,0.0,1.0
S,Sul,Fio dagua,JACUI,JIUHQJ,14 DE JULHO,99.0,2024-05-16 08:00:00,91.0,75.23,,0.0,33.0,0.0,33.0,18.0,0.0,1.0
S,Sul,Fio dagua,JACUI,JIUHQJ,14 DE JULHO,99.0,2024-05-16 09:00:00,90.46,75.34,,0.0,33.0,0.0,33.0,18.0,0.0,1.0
S,Sul,Fio dagua,JACUI,JIUHQJ,14 DE JULHO,99.0,2024-05-16 10:00:00,90.46,75.13,,33.0,33.0,0.0,33.0,18.0,0.0,1.0
S,Sul,Fio dagua,JACUI,JIUHQJ,14 DE JULHO,99.0,2024-05-16 11:00:00,90.46,74.91,,33.0,33.0,0.0,33.0,18.0,0.0,1.0
S,Sul,Fio dagua,JACUI,JIUHQJ,14 DE JULHO,99.0,2024-05-16 12:00:00,90.46,74.85,,33.0,33.0,0.0,33.0,18.0,0.0,1.0
S,Sul,Fio dagua,JACUI,JIUHQJ,14 DE JULHO,99.0,2024-05-16 13:00:00,90.46,74.85,,33.0,33.0,0.0,33.0,18.0,0.0,1.0
S,Sul,Fio dagua,JACUI,JIUHQJ,14 DE JULHO,99.0,2024-05-16 14:00:00,90.46,74.85,,33.0,33.0,0.0,33.0,18.0,0.0,1.0
S,Sul,Fio dagua,JACUI,JIUHQJ,14 DE JULHO,99.0,2024-05-16 15:00:00,90.46,74.85,,33.0,33.0,0.0,33.0,18.0,0.0,1.0
S,Sul,Fio dagua,JACUI,JIUHQJ,14 DE JULHO,99.0,2024-05-16 16:00:00,100.46,74.58,,3782.0,3782.0,0.0,3782.0,0.0,0.0,428.0
S,Sul,Fio dagua,JACUI,JIUHQJ,14 DE JULHO,99.0,2024-05-16 17:00:00,90.46,74.59,,33.0,33.0,0.0,33.0,18.0,0.0,
S,Sul,Fio dagua,JACUI,JIUHQJ,14 DE JULHO,99.0,2024-05-16 18:00:00,90.46,74.58,,33.0,33.0,0.0,33.0,18.0,0.0,
S,Sul,Fio dagua,JACUI,JIUHQJ,14 DE JULHO,99.0,2024-05-16 19:00:00,90.46,74.67,,33.0,33.0,0.0,33.0,18.0,0.0,
S,Sul,Fio dagua,JACUI,JIUHQJ,14 DE JULHO,99.0,2024-05-16 20:00:00,90.43,74.62,,15.0,33.0,0.0,33.0,18.0,0.0,
S,Sul,Fio dagua,JACUI,JIUHQJ,14 DE JULHO,99.0,2024-05-16 21:00:00,90.43,74.49,,33.0,33.0,0.0,33.0,18.0,0.0,
S,Sul,Fio dagua,JACUI,JIUHQJ,14 DE JULHO,99.0,2024-05-16 22:00:00,90.43,74.49,,33.0,33.0,0.0,33.0,18.0,0.0,
S,Sul,Fio dagua,JACUI,JIUHQJ,14 DE JULHO,99.0,2024-05-16 23:00:00,90.43,74.55,,33.0,33.0,0.0,33.0,18.0,0.0,
S,Sul,Fio dagua,JACUI,JIUHQJ,14 DE JULHO,99.0,2024-05-16 23:59:00,90.4,74.53,,15.0,33.0,0.0,33.0,18.0,0.0,
S,Sul,Fio dagua,JACUI,JIUHQJ,14 DE JULHO,99.0,2024-05-17 02:00:00,90.35,74.44,,15.0,33.0,0.0,33.0,18.0,0.0,1.0
S,Sul,Fio dagua,JACUI,JIUHQJ,14 DE JULHO,99.0,2024-05-17 03:00:00,90.31,74.44,,9.0,33.0,0.0,33.0,18.0,0.0,1.0
S,Sul,Fio dagua,JACUI,JIUHQJ,14 DE JULHO,99.0,2024-05-17 04:00:00,90.31,74.51,,33.0,33.0,0.0,33.0,18.0,0.0,1.0
S,Sul,Fio dagua,JACUI,JIUHQJ,14 DE JULHO,99.0,2024-05-17 05:00:00,90.3,74.56,,27.0,33.0,0.0,33.0,18.0,0.0,1.0
S,Sul,Fio dagua,JACUI,JIUHQJ,14 DE JULHO,99.0,2024-05-17 06:00:00,90.3,74.55,,33.0,33.0,0.0,33.0,18.0,0.0,1.0
S,Sul,Fio dagua,JACUI,JIUHQJ,14 DE JULHO,99.0,2024-05-17 07:00:00,90.28,74.44,,21.0,33.0,0.0,33.0,18.0,0.0,1.0
S,Sul,Fio dagua,JACUI,JIUHQJ,14 DE JULHO,99.0,2024-05-17 08:00:00,90.28,74.44,,885.0,885.0,0.0,885.0,18.0,0.0,1.0
S,Sul,Fio dagua,JACUI,JIUHQJ,14 DE JULHO,99.0,2024-05-17 09:00:00,90.28,74.45,,893.0,893.0,0.0,893.0,18.0,0.0,1.0
S,Sul,Fio dagua,JACUI,JIUHQJ,14 DE JULHO,99.0,2024-05-17 10:00:00,90.28,74.45,,912.0,912.0,0.0,912.0,18.0,0.0,1.0
S,Sul,Fio dagua,JACUI,JIUHQJ,14 DE JULHO,99.0,2024-05-17 11:00:00,90.28,74.45,,912.0,912.0,0.0,912.0,18.0,0.0,1.0
S,Sul,Fio dagua,JACUI,JIUHQJ,14 DE JULHO,99.0,2024-05-17 12:00:00,90.28,74.45,,936.0,936.0,0.0,936.0,18.0,0.0,1.0
S,Sul,Fio dagua,JACUI,JIUHQJ,14 DE JULHO,99.0,2024-05-17 13:00:00,90.28,73.97,,941.0,941.0,0.0,941.0,18.0,0.0,1.0
S,Sul,Fio dagua,JACUI,JIUHQJ,14 DE JULHO,99.0,2024-05-17 14:00:00,90.28,73.89,,958.0,958.0,0.0,958.0,18.0,0.0,1.0
S,Sul,Fio dagua,JACUI,JIUHQJ,14 DE JULHO,99.0,2024-05-17 15:00:00,90.28,73.95,,963.0,963.0,0.0,963.0,18.0,0.0,1.0
S,Sul,Fio dagua,JACUI,JIUHQJ,14 DE JULHO,99.0,2024-05-17 16:00:00,90.28,74.0,,967.0,967.0,0.0,967.0,18.0,0.0,1.0
S,Sul,Fio dagua,JACUI,JIUHQJ,14 DE JULHO,99.0,2024-05-17 17:00:00,90.28,74.29,,977.0,977.0,0.0,977.0,18.0,0.0,1.0
S,Sul,Fio dagua,JACUI,JIUHQJ,14 DE JULHO,99.0,2024-05-17 18:00:00,90.28,74.45,,868.0,868.0,0.0,868.0,18.0,0.0,1.0
S,Sul,Fio dagua,JACUI,JIUHQJ,14 DE JULHO,99.0,2024-05-17 19:00:00,90.28,74.5,,944.0,944.0,0.0,944.0,18.0,0.0,1.0
S,Sul,Fio dagua,JACUI,JIUHQJ,14 DE JULHO,99.0,2024-05-17 20:00:00,90.28,74.6,,969.0,969.0,0.0,969.0,18.0,0.0,1.0
S,Sul,Fio dagua,JACUI,JIUHQJ,14 DE JULHO,99.0,2024-05-17 21:00:00,90.28,74.64,,985.0,985.0,0.0,985.0,18.0,0.0,1.0
S,Sul,Fio dagua,JACUI,JIUHQJ,14 DE JULHO,99.0,2024-05-17 23:59:00,90.28,74.58,,1039.0,1039.0,0.0,1039.0,18.0,0.0,1.0
S,Sul,Fio dagua,JACUI,JIUHQJ,14 DE JULHO,99.0,2024-05-18 01:00:00,90.28,74.73,,1056.0,1056.0,0.0,1056.0,18.0,0.0,1.0
S,Sul,Fio dagua,JACUI,JIUHQJ,14 DE JULHO,99.0,2024-05-18 02:00:00,90.28,74.8,,1084.0,1084.0,0.0,1084.0,18.0,0.0,1.0
S,Sul,Fio dagua,JACUI,JIUHQJ,14 DE JULHO,99.0,2024-05-18 03:00:00,90.28,74.8,,1096.0,1096.0,0.0,1096.0,18.0,0.0,1.0
S,Sul,Fio dagua,JACUI,JIUHQJ,14 DE JULHO,99.0,2024-05-18 04:00:00,90.28,74.9,,1114.0,1114.0,0.0,1114.0,18.0,0.0,1.0
S,Sul,Fio dagua,JACUI,JIUHQJ,14 DE JULHO,99.0,2024-05-18 05:00:00,90.28,75.0,,1132.0,1132.0,0.0,1132.0,18.0,0.0,1.0
S,Sul,Fio dagua,JACUI,JIUHQJ,14 DE JULHO,99.0,2024-05-18 06:00:00,90.28,75.1,,1157.0,1157.0,0.0,1157.0,18.0,0.0,1.0
S,Sul,Fio dagua,JACUI,JIUHQJ,14 DE JULHO,99.0,2024-05-18 07:00:00,90.28,75.2,,1183.0,1183.0,0.0,1183.0,18.0,0.0,1.0
S,Sul,Fio dagua,JACUI,JIUHQJ,14 DE JULHO,99.0,2024-05-18 08:00:00,90.28,75.21,,1202.0,1202.0,0.0,1202.0,18.0,0.0,1.0
S,Sul,Fio dagua,JACUI,JIUHQJ,14 DE JULHO,99.0,2024-05-18 09:00:00,90.28,75.03,,1235.0,1235.0,0.0,1235.0,18.0,0.0,1.0
S,Sul,Fio dagua,JACUI,JIUHQJ,14 DE JULHO,99.0,2024-05-18 10:00:00,90.28,74.98,,1248.0,1248.0,0.0,1248.0,18.0,0.0,1.0
S,Sul,Fio dagua,JACUI,JIUHQJ,14 DE JULHO,99.0,2024-05-18 11:00:00,90.28,74.51,,1269.0,1269.0,0.0,1269.0,18.0,0.0,1.0
S,Sul,Fio dagua,JACUI,JIUHQJ,14 DE JULHO,99.0,2024-05-18 12:00:00,90.28,74.56,,1283.0,1283.0,0.0,1283.0,18.0,0.0,1.0
S,Sul,Fio dagua,JACUI,JIUHQJ,14 DE JULHO,99.0,2024-05-18 13:00:00,90.28,74.56,,1303.0,1303.0,0.0,1303.0,18.0,0.0,1.0
S,Sul,Fio dagua,JACUI,JIUHQJ,14 DE JULHO,99.0,2024-05-18 14:00:00,90.28,74.62,,1318.0,1318.0,0.0,1318.0,18.0,0.0,1.0
S,Sul,Fio dagua,JACUI,JIUHQJ,14 DE JULHO,99.0,2024-05-18 15:00:00,90.28,74.66,,1346.0,1346.0,0.0,1346.0,18.0,0.0,1.0
S,Sul,Fio dagua,JACUI,JIUHQJ,14 DE JULHO,99.0,2024-05-18 16:00:00,90.28,74.71,,1361.0,1361.0,0.0,1361.0,18.0,0.0,1.0
S,Sul,Fio dagua,JACUI,JIUHQJ,14 DE JULHO,99.0,2024-05-18 17:00:00,90.28,74.75,,1361.0,1361.0,0.0,1361.0,18.0,0.0,1.0
S,Sul,Fio dagua,JACUI,JIUHQJ,14 DE JULHO,99.0,2024-05-18 18:00:00,90.28,74.78,,1457.0,1457.0,0.0,1457.0,18.0,0.0,1.0
S,Sul,Fio dagua,JACUI,JIUHQJ,14 DE JULHO,99.0,2024-05-18 19:00:00,90.28,75.26,,1408.0,1408.0,0.0,1408.0,18.0,0.0,1.0
S,Sul,Fio dagua,JACUI,JIUHQJ,14 DE JULHO,99.0,2024-05-18 20:00:00,90.28,75.43,,1380.0,1380.0,0.0,1380.0,18.0,0.0,1.0
S,Sul,Fio dagua,JACUI,JIUHQJ,14 DE JULHO,99.0,2024-05-18 21:00:00,90.28,75.4,,1373.0,1373.0,0.0,1373.0,18.0,0.0,1.0
S,Sul,Fio dagua,JACUI,JIUHQJ,14 DE JULHO,99.0,2024-05-18 22:00:00,90.28,75.54,,1360.0,1360.0,0.0,1360.0,18.0,0.0,1.0
S,Sul,Fio dagua,JACUI,JIUHQJ,14 DE JULHO,99.0,2024-05-18 23:00:00,90.28,75.52,,1346.0,1346.0,0.0,1346.0,18.0,0.0,1.0
S,Sul,Fio dagua,JACUI,JIUHQJ,14 DE JULHO,99.0,2024-05-18 23:59:00,90.59,75.5,,1326.0,1326.0,0.0,1326.0,18.0,0.0,1.0
S,Sul,Fio dagua,JACUI,JIUHQJ,14 DE JULHO,99.0,2024-05-19 01:00:00,90.9,75.4,,1320.0,1320.0,0.0,1320.0,18.0,0.0,1.0
S,Sul,Fio dagua,JACUI,JIUHQJ,14 DE JULHO,99.0,2024-05-19 02:00:00,91.2,75.51,,1307.0,1307.0,0.0,1307.0,18.0,0.0,1.0
S,Sul,Fio dagua,JACUI,JIUHQJ,14 DE JULHO,99.0,2024-05-19 03:00:00,91.41,75.61,,1281.0,1281.0,0.0,1281.0,18.0,0.0,1.0
S,Sul,Fio dagua,JACUI,JIUHQJ,14 DE JULHO,99.0,2024-05-19 04:00:00,91.59,75.43,,1263.0,1263.0,0.0,1263.0,18.0,0.0,1.0
S,Sul,Fio dagua,JACUI,JIUHQJ,14 DE JULHO,99.0,2024-05-19 05:00:00,91.78,75.4,,1244.0,1244.0,0.0,1244.0,18.0,0.0,1.0
S,Sul,Fio dagua,JACUI,JIUHQJ,14 DE JULHO,99.0,2024-05-19 06:00:00,92.03,75.46,,1220.0,1220.0,0.0,1220.0,18.0,0.0,1.0
S,Sul,Fio dagua,JACUI,JIUHQJ,14 DE JULHO,99.0,2024-05-19 07:00:00,92.23,75.51,,1196.0,1196.0,0.0,1196.0,18.0,0.0,1.0
S,Sul,Fio dagua,JACUI,JIUHQJ,14 DE JULHO,99.0,2024-05-19 08:00:00,92.16,75.23,,1179.0,1179.0,0.0,1179.0,18.0,0.0,1.0
S,Sul,Fio dagua,JACUI,JIUHQJ,14 DE JULHO,99.0,2024-05-19 09:00:00,91.99,75.1,,1162.0,1162.0,0.0,1162.0,18.0,0.0,1.0
S,Sul,Fio dagua,JACUI,JIUHQJ,14 DE JULHO,99.0,2024-05-19 10:00:00,91.98,74.96,,1134.0,1134.0,0.0,1134.0,18.0,0.0,1.0
S,Sul,Fio dagua,JACUI,JIUHQJ,14 DE JULHO,99.0,2024-05-19 11:00:00,91.84,74.65,,1129.0,1129.0,0.0,1129.0,18.0,0.0,1.0
S,Sul,Fio dagua,JACUI,JIUHQJ,14 DE JULHO,99.0,2024-05-19 12:00:00,91.74,74.5,,1097.0,1097.0,0.0,1097.0,18.0,0.0,1.0
S,Sul,Fio dagua,JACUI,JIUHQJ,14 DE JULHO,99.0,2024-05-19 13:00:00,91.52,74.45,,1087.0,1087.0,0.0,1087.0,18.0,0.0,1.0
S,Sul,Fio dagua,JACUI,JIUHQJ,14 DE JULHO,99.0,2024-05-19 14:00:00,91.33,74.24,,1076.0,1076.0,0.0,1076.0,18.0,0.0,1.0
S,Sul,Fio dagua,JACUI,JIUHQJ,14 DE JULHO,99.0,2024-05-19 15:00:00,90.28,74.24,,1066.0,1066.0,0.0,1066.0,18.0,0.0,1.0
S,Sul,Fio dagua,JACUI,JIUHQJ,14 DE JULHO,99.0,2024-05-19 16:00:00,90.28,74.24,,1056.0,1056.0,0.0,1056.0,18.0,0.0,1.0
S,Sul,Fio dagua,JACUI,JIUHQJ,14 DE JULHO,99.0,2024-05-19 17:00:00,90.68,74.24,,1046.0,1046.0,0.0,1046.0,18.0,0.0,1.0
S,Sul,Fio dagua,JACUI,JIUHQJ,14 DE JULHO,99.0,2024-05-19 18:00:00,90.49,74.29,,1032.0,1032.0,0.0,1032.0,18.0,0.0,1.0
S,Sul,Fio dagua,JACUI,JIUHQJ,14 DE JULHO,99.0,2024-05-19 19:00:00,90.28,74.26,,1018.0,1018.0,0.0,1018.0,18.0,0.0,1.0
S,Sul,Fio dagua,JACUI,JIUHQJ,14 DE JULHO,99.0,2024-05-19 20:00:00,90.28,74.23,,1008.0,1008.0,0.0,1008.0,18.0,0.0,1.0
S,Sul,Fio dagua,JACUI,JIUHQJ,14 DE JULHO,99.0,2024-05-19 21:00:00,90.28,74.24,,999.0,999.0,0.0,999.0,18.0,0.0,1.0
S,Sul,Fio dagua,JACUI,JIUHQJ,14 DE JULHO,99.0,2024-05-19 22:00:00,90.28,74.34,,986.0,986.0,0.0,986.0,18.0,0.0,1.0
S,Sul,Fio dagua,JACUI,JIUHQJ,14 DE JULHO,99.0,2024-05-19 23:00:00,90.28,74.58,,986.0,986.0,0.0,986.0,18.0,0.0,1.0
S,Sul,Fio dagua,JACUI,JIUHQJ,14 DE JULHO,99.0,2024-05-19 23:59:00,90.28,74.43,,981.0,981.0,0.0,981.0,18.0,0.0,1.0
S,Sul,Fio dagua,JACUI,JIUHQJ,14 DE JULHO,99.0,2024-05-20 01:00:00,90.28,74.44,,967.0,967.0,0.0,967.0,18.0,0.0,1.0
S,Sul,Fio dagua,JACUI,JIUHQJ,14 DE JULHO,99.0,2024-05-20 02:00:00,90.28,74.5,,967.0,967.0,0.0,967.0,18.0,0.0,1.0
S,Sul,Fio dagua,JACUI,JIUHQJ,14 DE JULHO,99.0,2024-05-20 03:00:00,90.28,74.6,,963.0,963.0,0.0,963.0,18.0,0.0,1.0
S,Sul,Fio dagua,JACUI,JIUHQJ,14 DE JULHO,99.0,2024-05-20 04:00:00,90.28,74.6,,958.0,958.0,0.0,958.0,18.0,0.0,1.0
S,Sul,Fio dagua,JACUI,JIUHQJ,14 DE JULHO,99.0,2024-05-20 05:00:00,90.28,74.48,,949.0,949.0,0.0,949.0,18.0,0.0,1.0
S,Sul,Fio dagua,JACUI,JIUHQJ,14 DE JULHO,99.0,2024-05-20 06:00:00,90.28,74.5,,936.0,936.0,0.0,936.0,18.0,0.0,1.0
S,Sul,Fio dagua,JACUI,JIUHQJ,14 DE JULHO,99.0,2024-05-20 07:00:00,90.28,74.64,,932.0,932.0,0.0,932.0,18.0,0.0,1.0
S,Sul,Fio dagua,JACUI,JIUHQJ,14 DE JULHO,99.0,2024-05-20 08:00:00,90.28,74.48,,920.0,920.0,0.0,920.0,18.0,0.0,1.0
S,Sul,Fio dagua,JACUI,JIUHQJ,14 DE JULHO,99.0,2024-05-20 09:00:00,90.28,74.5,,912.0,912.0,0.0,912.0,18.0,0.0,1.0
S,Sul,Fio dagua,JACUI,JIUHQJ,14 DE JULHO,99.0,2024-05-20 10:00:00,90.28,73.95,,904.0,904.0,0.0,904.0,18.0,0.0,1.0
S,Sul,Fio dagua,JACUI,JIUHQJ,14 DE JULHO,99.0,2024-05-20 11:00:00,90.28,73.9,,896.0,896.0,0.0,896.0,18.0,0.0,1.0
S,Sul,Fio dagua,JACUI,JIUHQJ,14 DE JULHO,99.0,2024-05-20 12:00:00,90.28,72.96,,885.0,885.0,0.0,885.0,18.0,0.0,1.0
S,Sul,Fio dagua,JACUI,JIUHQJ,14 DE JULHO,99.0,2024-05-20 13:00:00,90.28,72.49,,613.0,613.0,0.0,613.0,18.0,0.0,1.0
S,Sul,Fio dagua,JACUI,JIUHQJ,14 DE JULHO,99.0,2024-05-20 14:00:00,90.28,72.48,,766.0,766.0,0.0,766.0,18.0,0.0,1.0
S,Sul,Fio dagua,JACUI,JIUHQJ,14 DE JULHO,99.0,2024-05-20 15:00:00,90.28,72.55,,816.0,816.0,0.0,816.0,18.0,0.0,1.0
S,Sul,Fio dagua,JACUI,JIUHQJ,14 DE JULHO,99.0,2024-05-20 16:00:00,90.28,73.54,,816.0,816.0,0.0,816.0,18.0,0.0,1.0
S,Sul,Fio dagua,JACUI,JIUHQJ,14 DE JULHO,99.0,2024-05-20 17:00:00,90.28,73.56,,816.0,816.0,0.0,816.0,18.0,0.0,1.0
S,Sul,Fio dagua,JACUI,JIUHQJ,14 DE JULHO,99.0,2024-05-20 18:00:00,90.28,73.53,,804.0,804.0,0.0,804.0,18.0,0.0,1.0
S,Sul,Fio dagua,JACUI,JIUHQJ,14 DE JULHO,99.0,2024-05-20 19:00:00,90.28,73.93,,791.0,791.0,0.0,791.0,18.0,0.0,1.0
S,Sul,Fio dagua,JACUI,JIUHQJ,14 DE JULHO,99.0,2024-05-20 20:00:00,90.28,74.25,,785.0,785.0,0.0,785.0,18.0,0.0,1.0
S,Sul,Fio dagua,JACUI,JIUHQJ,14 DE JULHO,99.0,2024-05-20 21:00:00,90.28,74.38,,779.0,779.0,0.0,779.0,18.0,0.0,1.0
S,Sul,Fio dagua,JACUI,JIUHQJ,14 DE JULHO,99.0,2024-05-20 22:00:00,90.28,74.4,,772.0,772.0,0.0,772.0,18.0,0.0,1.0
S,Sul,Fio dagua,JACUI,JIUHQJ,14 DE JULHO,99.0,2024-05-20 23:00:00,90.28,74.36,,766.0,766.0,0.0,766.0,18.0,0.0,1.0
S,Sul,Fio dagua,JACUI,JIUHQJ,14 DE JULHO,99.0,2024-05-20 23:59:00,90.28,74.43,,760.0,760.0,0.0,760.0,18.0,0.0,1.0
S,Sul,Fio dagua,JACUI,JIUHQJ,14 DE JULHO,99.0,2024-05-21 01:00:00,90.28,74.32,,754.0,754.0,0.0,754.0,18.0,0.0,1.0
S,Sul,Fio dagua,JACUI,JIUHQJ,14 DE JULHO,99.0,2024-05-21 02:00:00,90.28,74.46,,748.0,748.0,0.0,748.0,18.0,0.0,1.0
S,Sul,Fio dagua,JACUI,JIUHQJ,14 DE JULHO,99.0,2024-05-21 03:00:00,90.28,,,736.0,736.0,0.0,736.0,18.0,0.0,1.0
S,Sul,Fio dagua,JACUI,JIUHQJ,14 DE JULHO,99.0,2024-05-21 04:00:00,90.28,74.5,,849.0,849.0,0.0,849.0,18.0,0.0,1.0
S,Sul,Fio dagua,JACUI,JIUHQJ,14 DE JULHO,99.0,2024-05-21 05:00:00,90.28,74.44,,724.0,724.0,0.0,724.0,18.0,0.0,1.0
S,Sul,Fio dagua,JACUI,JIUHQJ,14 DE JULHO,99.0,2024-05-21 06:00:00,90.28,74.62,,718.0,718.0,0.0,718.0,18.0,0.0,1.0
S,Sul,Fio dagua,JACUI,JIUHQJ,14 DE JULHO,99.0,2024-05-21 07:00:00,90.28,74.71,,707.0,707.0,0.0,707.0,18.0,0.0,1.0
S,Sul,Fio dagua,JACUI,JIUHQJ,14 DE JULHO,99.0,2024-05-21 08:00:00,90.28,74.53,,707.0,707.0,0.0,707.0,18.0,0.0,1.0
S,Sul,Fio dagua,JACUI,JIUHQJ,14 DE JULHO,99.0,2024-05-21 09:00:00,90.28,74.44,,701.0,701.0,0.0,701.0,18.0,0.0,1.0
S,Sul,Fio dagua,JACUI,JIUHQJ,14 DE JULHO,99.0,2024-05-21 10:00:00,90.28,74.96,,689.0,689.0,0.0,689.0,18.0,0.0,1.0
S,Sul,Fio dagua,JACUI,JIUHQJ,14 DE JULHO,99.0,2024-05-21 11:00:00,90.28,73.61,,678.0,678.0,0.0,678.0,18.0,0.0,1.0
S,Sul,Fio dagua,JACUI,JIUHQJ,14 DE JULHO,99.0,2024-05-21 12:00:00,90.28,72.2,,678.0,678.0,0.0,678.0,18.0,0.0,1.0
S,Sul,Fio dagua,JACUI,JIUHQJ,14 DE JULHO,99.0,2024-05-21 13:00:00,90.28,72.04,,672.0,672.0,0.0,672.0,18.0,0.0,1.0
S,Sul,Fio dagua,JACUI,JIUHQJ,14 DE JULHO,99.0,2024-05-21 14:00:00,90.28,72.04,,667.0,667.0,0.0,667.0,18.0,0.0,1.0
S,Sul,Fio dagua,JACUI,JIUHQJ,14 DE JULHO,99.0,2024-05-21 15:00:00,90.28,,,656.0,656.0,0.0,656.0,18.0,0.0,1.0
S,Sul,Fio dagua,JACUI,JIUHQJ,14 DE JULHO,99.0,2024-05-21 16:00:00,90.28,72.26,,656.0,656.0,0.0,656.0,18.0,0.0,1.0
S,Sul,Fio dagua,JACUI,JIUHQJ,14 DE JULHO,99.0,2024-05-21 17:00:00,90.28,72.43,,645.0,645.0,0.0,645.0,18.0,0.0,1.0
S,Sul,Fio dagua,JACUI,JIUHQJ,14 DE JULHO,99.0,2024-05-21 18:00:00,90.28,72.7,,639.0,639.0,0.0,639.0,18.0,0.0,1.0
S,Sul,Fio dagua,JACUI,JIUHQJ,14 DE JULHO,99.0,2024-05-21 19:00:00,90.28,72.97,,634.0,634.0,0.0,634.0,18.0,0.0,1.0
S,Sul,Fio dagua,JACUI,JIUHQJ,14 DE JULHO,99.0,2024-05-21 20:00:00,90.28,72.74,,629.0,629.0,0.0,629.0,18.0,0.0,1.0
S,Sul,Fio dagua,JACUI,JIUHQJ,14 DE JULHO,99.0,2024-05-21 21:00:00,90.28,73.0,,618.0,618.0,0.0,618.0,18.0,0.0,1.0
S,Sul,Fio dagua,JACUI,JIUHQJ,14 DE JULHO,99.0,2024-05-21 22:00:00,90.28,73.07,,613.0,613.0,0.0,613.0,18.0,0.0,1.0
S,Sul,Fio dagua,JACUI,JIUHQJ,14 DE JULHO,99.0,2024-05-21 23:00:00,90.28,73.16,,608.0,608.0,0.0,608.0,18.0,0.0,1.0
S,Sul,Fio dagua,JACUI,JIUHQJ,14 DE JULHO,99.0,2024-05-21 23:59:00,90.28,73.21,,608.0,608.0,0.0,608.0,18.0,0.0,1.0
S,Sul,Fio dagua,JACUI,JIUHQJ,14 DE JULHO,99.0,2024-05-22 01:00:00,90.28,73.25,,603.0,603.0,0.0,603.0,18.0,0.0,1.0
S,Sul,Fio dagua,JACUI,JIUHQJ,14 DE JULHO,99.0,2024-05-22 02:00:00,90.28,73.43,,598.0,598.0,0.0,598.0,18.0,0.0,1.0
S,Sul,Fio dagua,JACUI,JIUHQJ,14 DE JULHO,99.0,2024-05-22 03:00:00,90.28,73.32,,592.0,592.0,0.0,592.0,18.0,0.0,1.0
S,Sul,Fio dagua,JACUI,JIUHQJ,14 DE JULHO,99.0,2024-05-22 04:00:00,90.28,73.37,,592.0,592.0,0.0,592.0,18.0,0.0,1.0
S,Sul,Fio dagua,JACUI,JIUHQJ,14 DE JULHO,99.0,2024-05-22 05:00:00,90.28,73.08,,587.0,587.0,0.0,587.0,18.0,0.0,1.0
S,Sul,Fio dagua,JACUI,JIUHQJ,14 DE JULHO,99.0,2024-05-22 06:00:00,90.28,73.45,,587.0,587.0,0.0,587.0,18.0,0.0,1.0
S,Sul,Fio dagua,JACUI,JIUHQJ,14 DE JULHO,99.0,2024-05-22 07:00:00,90.28,73.41,,587.0,587.0,0.0,587.0,18.0,0.0,1.0
S,Sul,Fio dagua,JACUI,JIUHQJ,14 DE JULHO,99.0,2024-05-22 08:00:00,90.28,73.42,,582.0,582.0,0.0,582.0,18.0,0.0,1.0
S,Sul,Fio dagua,JACUI,JIUHQJ,14 DE JULHO,99.0,2024-05-22 09:00:00,90.28,73.25,,577.0,577.0,0.0,577.0,18.0,0.0,1.0
S,Sul,Fio dagua,JACUI,JIUHQJ,14 DE JULHO,99.0,2024-05-22 10:00:00,90.28,73.2,,567.0,567.0,0.0,567.0,18.0,0.0,1.0
S,Sul,Fio dagua,JACUI,JIUHQJ,14 DE JULHO,99.0,2024-05-22 11:00:00,90.28,72.15,,563.0,563.0,0.0,563.0,18.0,0.0,1.0
S,Sul,Fio dagua,JACUI,JIUHQJ,14 DE JULHO,99.0,2024-05-22 12:00:00,90.28,71.7,,563.0,563.0,0.0,563.0,18.0,0.0,1.0
S,Sul,Fio dagua,JACUI,JIUHQJ,14 DE JULHO,99.0,2024-05-22 13:00:00,90.28,71.7,,553.0,553.0,0.0,553.0,18.0,0.0,1.0
S,Sul,Fio dagua,JACUI,JIUHQJ,14 DE JULHO,99.0,2024-05-22 14:00:00,90.28,71.7,,553.0,553.0,0.0,553.0,18.0,0.0,1.0
S,Sul,Fio dagua,JACUI,JIUHQJ,14 DE JULHO,99.0,2024-05-22 15:00:00,90.28,71.65,,548.0,548.0,0.0,548.0,18.0,0.0,1.0
S,Sul,Fio dagua,JACUI,JIUHQJ,14 DE JULHO,99.0,2024-05-22 16:00:00,90.28,71.65,,548.0,548.0,0.0,548.0,18.0,0.0,1.0
S,Sul,Fio dagua,JACUI,JIUHQJ,14 DE JULHO,99.0,2024-05-22 17:00:00,90.28,71.7,,543.0,543.0,0.0,543.0,18.0,0.0,1.0
S,Sul,Fio dagua,JACUI,JIUHQJ,14 DE JULHO,99.0,2024-05-22 18:00:00,90.28,71.94,,539.0,539.0,0.0,539.0,18.0,0.0,1.0
S,Sul,Fio dagua,JACUI,JIUHQJ,14 DE JULHO,99.0,2024-05-22 19:00:00,90.28,71.9,,534.0,534.0,0.0,534.0,18.0,0.0,1.0
S,Sul,Fio dagua,JACUI,JIUHQJ,14 DE JULHO,99.0,2024-05-22 20:00:00,90.28,72.05,,529.0,529.0,0.0,529.0,18.0,0.0,1.0
S,Sul,Fio dagua,JACUI,JIUHQJ,14 DE JULHO,99.0,2024-05-22 21:00:00,90.28,72.2,,525.0,525.0,0.0,525.0,18.0,0.0,1.0
S,Sul,Fio dagua,JACUI,JIUHQJ,14 DE JULHO,99.0,2024-05-22 22:00:00,90.28,72.38,,520.0,520.0,0.0,520.0,18.0,0.0,1.0
S,Sul,Fio dagua,JACUI,JIUHQJ,14 DE JULHO,99.0,2024-05-22 23:00:00,90.28,72.38,,520.0,520.0,0.0,520.0,18.0,0.0,
S,Sul,Fio dagua,JACUI,JIUHQJ,14 DE JULHO,99.0,2024-05-22 23:59:00,90.28,72.24,,511.0,511.0,0.0,511.0,18.0,0.0,1.0
S,Sul,Fio dagua,JACUI,JIUHQJ,14 DE JULHO,99.0,2024-05-23 01:00:00,90.28,72.45,,511.0,511.0,0.0,511.0,18.0,0.0,1.0
S,Sul,Fio dagua,JACUI,JIUHQJ,14 DE JULHO,99.0,2024-05-23 02:00:00,90.28,72.71,,507.0,507.0,0.0,507.0,18.0,0.0,1.0
S,Sul,Fio dagua,JACUI,JIUHQJ,14 DE JULHO,99.0,2024-05-23 03:00:00,90.28,72.8,,502.0,502.0,0.0,502.0,18.0,0.0,1.0
S,Sul,Fio dagua,JACUI,JIUHQJ,14 DE JULHO,99.0,2024-05-23 04:00:00,90.28,72.82,,502.0,502.0,0.0,502.0,18.0,0.0,1.0
S,Sul,Fio dagua,JACUI,JIUHQJ,14 DE JULHO,99.0,2024-05-23 05:00:00,90.28,72.62,,502.0,502.0,0.0,502.0,18.0,0.0,1.0
S,Sul,Fio dagua,JACUI,JIUHQJ,14 DE JULHO,99.0,2024-05-23 06:00:00,90.28,72.45,,502.0,502.0,0.0,502.0,18.0,0.0,1.0
S,Sul,Fio dagua,JACUI,JIUHQJ,14 DE JULHO,99.0,2024-05-23 07:00:00,90.28,72.56,,498.0,498.0,0.0,498.0,18.0,0.0,1.0
S,Sul,Fio dagua,JACUI,JIUHQJ,14 DE JULHO,99.0,2024-05-23 08:00:00,90.28,,,498.0,498.0,0.0,498.0,18.0,0.0,1.0
S,Sul,Fio dagua,JACUI,JIUHQJ,14 DE JULHO,99.0,2024-05-23 09:00:00,90.28,72.56,,498.0,498.0,0.0,498.0,18.0,0.0,1.0
S,Sul,Fio dagua,JACUI,JIUHQJ,14 DE JULHO,99.0,2024-05-23 10:00:00,90.28,72.67,,498.0,498.0,0.0,498.0,18.0,0.0,1.0
S,Sul,Fio dagua,JACUI,JIUHQJ,14 DE JULHO,99.0,2024-05-23 11:00:00,90.28,72.49,,498.0,498.0,0.0,498.0,18.0,0.0,1.0
S,Sul,Fio dagua,JACUI,JIUHQJ,14 DE JULHO,99.0,2024-05-23 12:00:00,90.28,72.54,,502.0,502.0,0.0,502.0,18.0,0.0,1.0
S,Sul,Fio dagua,JACUI,JIUHQJ,14 DE JULHO,99.0,2024-05-23 13:00:00,90.28,72.47,,507.0,507.0,0.0,507.0,18.0,0.0,1.0
S,Sul,Fio dagua,JACUI,JIUHQJ,14 DE JULHO,99.0,2024-05-23 14:00:00,90.28,72.55,,507.0,507.0,0.0,507.0,18.0,0.0,1.0
S,Sul,Fio dagua,JACUI,JIUHQJ,14 DE JULHO,99.0,2024-05-23 15:00:00,90.28,72.58,,507.0,507.0,0.0,507.0,18.0,0.0,1.0
S,Sul,Fio dagua,JACUI,JIUHQJ,14 DE JULHO,99.0,2024-05-23 16:00:00,90.28,72.49,,502.0,502.0,0.0,502.0,18.0,0.0,1.0
S,Sul,Fio dagua,JACUI,JIUHQJ,14 DE JULHO,99.0,2024-05-23 17:00:00,89.91,72.21,,507.0,507.0,0.0,507.0,18.0,0.0,1.0
S,Sul,Fio dagua,JACUI,JIUHQJ,14 DE JULHO,99.0,2024-05-23 18:00:00,89.91,72.42,,516.0,516.0,0.0,516.0,18.0,0.0,1.0
S,Sul,Fio dagua,JACUI,JIUHQJ,14 DE JULHO,99.0,2024-05-23 19:00:00,89.91,72.48,,620.0,620.0,0.0,620.0,18.0,0.0,1.0
S,Sul,Fio dagua,JACUI,JIUHQJ,14 DE JULHO,99.0,2024-05-23 20:00:00,89.91,72.65,,598.0,598.0,0.0,598.0,18.0,0.0,1.0
S,Sul,Fio dagua,JACUI,JIUHQJ,14 DE JULHO,99.0,2024-05-23 21:00:00,89.91,73.18,,589.0,589.0,0.0,589.0,18.0,0.0,1.0
S,Sul,Fio dagua,JACUI,JIUHQJ,14 DE JULHO,99.0,2024-05-23 22:00:00,89.91,73.2,,580.0,580.0,0.0,580.0,18.0,0.0,1.0
S,Sul,Fio dagua,JACUI,JIUHQJ,14 DE JULHO,99.0,2024-05-23 23:00:00,89.91,73.3,,576.0,576.0,0.0,576.0,18.0,0.0,1.0
S,Sul,Fio dagua,JACUI,JIUHQJ,14 DE JULHO,99.0,2024-05-23 23:59:00,89.91,73.27,,580.0,580.0,0.0,580.0,18.0,0.0,1.0
S,Sul,Fio dagua,JACUI,JIUHQJ,14 DE JULHO,99.0,2024-05-24 01:00:00,89.91,73.34,,589.0,589.0,0.0,589.0,18.0,0.0,1.0
S,Sul,Fio dagua,JACUI,JIUHQJ,14 DE JULHO,99.0,2024-05-24 02:00:00,89.91,73.27,,624.0,624.0,0.0,624.0,18.0,0.0,1.0
S,Sul,Fio dagua,JACUI,JIUHQJ,14 DE JULHO,99.0,2024-05-24 03:00:00,89.91,73.3,,689.0,689.0,0.0,689.0,18.0,0.0,1.0
S,Sul,Fio dagua,JACUI,JIUHQJ,14 DE JULHO,99.0,2024-05-24 04:00:00,89.91,73.26,,661.0,661.0,0.0,661.0,18.0,0.0,1.0
S,Sul,Fio dagua,JACUI,JIUHQJ,14 DE JULHO,99.0,2024-05-24 05:00:00,89.91,73.34,,904.0,904.0,0.0,904.0,18.0,0.0,1.0
S,Sul,Fio dagua,JACUI,JIUHQJ,14 DE JULHO,99.0,2024-05-24 06:00:00,89.91,73.35,,861.0,861.0,0.0,861.0,18.0,0.0,1.0
S,Sul,Fio dagua,JACUI,JIUHQJ,14 DE JULHO,99.0,2024-05-24 07:00:00,89.91,73.48,,817.0,817.0,0.0,817.0,18.0,0.0,1.0
S,Sul,Fio dagua,JACUI,JIUHQJ,14 DE JULHO,99.0,2024-05-24 08:00:00,89.91,73.58,,822.0,822.0,0.0,822.0,18.0,0.0,1.0
S,Sul,Fio dagua,JACUI,JIUHQJ,14 DE JULHO,99.0,2024-05-24 09:00:00,89.91,73.73,,833.0,833.0,0.0,833.0,18.0,0.0,1.0
S,Sul,Fio dagua,JACUI,JIUHQJ,14 DE JULHO,99.0,2024-05-24 10:00:00,89.91,73.7,,836.0,836.0,0.0,836.0,18.0,0.0,1.0
S,Sul,Fio dagua,JACUI,JIUHQJ,14 DE JULHO,99.0,2024-05-24 11:00:00,89.91,73.63,,0.0,0.0,0.0,0.0,0.0,0.0,0.0
S,Sul,Fio dagua,JACUI,JIUHQJ,14 DE JULHO,99.0,2024-05-24 12:00:00,89.91,72.87,,848.0,848.0,0.0,848.0,0.0,0.0,650.0
S,Sul,Fio dagua,JACUI,JIUHQJ,14 DE JULHO,99.0,2024-05-24 13:00:00,89.91,72.72,,864.0,864.0,0.0,864.0,0.0,0.0,644.0
S,Sul,Fio dagua,JACUI,JIUHQJ,14 DE JULHO,99.0,2024-05-24 14:00:00,89.91,73.0,,878.0,878.0,0.0,878.0,0.0,0.0,655.0
S,Sul,Fio dagua,JACUI,JIUHQJ,14 DE JULHO,99.0,2024-05-24 15:00:00,89.91,73.62,,896.0,896.0,0.0,896.0,0.0,0.0,680.0
S,Sul,Fio dagua,JACUI,JIUHQJ,14 DE JULHO,99.0,2024-05-24 16:00:00,89.91,74.24,,924.0,924.0,0.0,924.0,0.0,0.0,707.0
S,Sul,Fio dagua,JACUI,JIUHQJ,14 DE JULHO,99.0,2024-05-24 17:00:00,89.91,74.73,,949.0,949.0,0.0,949.0,0.0,0.0,729.0
S,Sul,Fio dagua,JACUI,JIUHQJ,14 DE JULHO,99.0,2024-05-24 18:00:00,89.91,74.75,,977.0,977.0,0.0,977.0,0.0,0.0,730.0
S,Sul,Fio dagua,JACUI,JIUHQJ,14 DE JULHO,99.0,2024-05-24 19:00:00,89.91,74.98,,995.0,995.0,0.0,995.0,0.0,0.0,742.0
S,Sul,Fio dagua,JACUI,JIUHQJ,14 DE JULHO,99.0,2024-05-24 20:00:00,89.91,74.91,,1022.0,1022.0,0.0,1022.0,0.0,0.0,738.0
S,Sul,Fio dagua,JACUI,JIUHQJ,14 DE JULHO,99.0,2024-05-24 21:00:00,89.91,75.15,,1037.0,1037.0,0.0,1037.0,0.0,0.0,750.0
S,Sul,Fio dagua,JACUI,JIUHQJ,14 DE JULHO,99.0,2024-05-24 22:00:00,89.91,75.3,,1066.0,1066.0,0.0,1066.0,0.0,0.0,758.0
S,Sul,Fio dagua,JACUI,JIUHQJ,14 DE JULHO,99.0,2024-05-24 23:00:00,89.91,75.4,,1092.0,1092.0,0.0,1092.0,0.0,0.0,763.0
S,Sul,Fio dagua,JACUI,JIUHQJ,14 DE JULHO,99.0,2024-05-24 23:59:00,89.91,75.46,,1107.0,1107.0,0.0,1107.0,0.0,0.0,766.0
S,Sul,Fio dagua,JACUI,JIUHQJ,14 DE JULHO,99.0,2024-05-25 01:00:00,89.91,75.4,,1118.0,1118.0,0.0,1118.0,0.0,0.0,763.0
S,Sul,Fio dagua,JACUI,JIUHQJ,14 DE JULHO,99.0,2024-05-25 02:00:00,89.91,75.64,,1123.0,1123.0,0.0,1123.0,0.0,0.0,776.0
S,Sul,Fio dagua,JACUI,JIUHQJ,14 DE JULHO,99.0,2024-05-25 03:00:00,89.91,75.63,,1118.0,1118.0,0.0,1118.0,0.0,0.0,775.0
S,Sul,Fio dagua,JACUI,JIUHQJ,14 DE JULHO,99.0,2024-05-25 04:00:00,89.91,75.8,,1123.0,1123.0,0.0,1123.0,0.0,0.0,785.0
S,Sul,Fio dagua,JACUI,JIUHQJ,14 DE JULHO,99.0,2024-05-25 05:00:00,89.91,75.9,,1107.0,1107.0,0.0,1107.0,0.0,0.0,790.0
S,Sul,Fio dagua,JACUI,JIUHQJ,14 DE JULHO,99.0,2024-05-25 06:00:00,89.91,75.85,,1097.0,1097.0,0.0,1097.0,0.0,0.0,788.0
S,Sul,Fio dagua,JACUI,JIUHQJ,14 DE JULHO,99.0,2024-05-25 07:00:00,89.91,75.8,,1086.0,1086.0,0.0,1086.0,0.0,0.0,785.0
S,Sul,Fio dagua,JACUI,JIUHQJ,14 DE JULHO,99.0,2024-05-25 08:00:00,89.91,75.78,,1071.0,1071.0,0.0,1071.0,0.0,0.0,784.0
S,Sul,Fio dagua,JACUI,JIUHQJ,14 DE JULHO,99.0,2024-05-25 09:00:00,89.91,75.61,,1056.0,1056.0,0.0,1056.0,0.0,0.0,774.0
S,Sul,Fio dagua,JACUI,JIUHQJ,14 DE JULHO,99.0,2024-05-25 10:00:00,89.91,75.36,,1041.0,1041.0,0.0,1041.0,0.0,0.0,761.0
S,Sul,Fio dagua,JACUI,JIUHQJ,14 DE JULHO,99.0,2024-05-25 11:00:00,89.91,75.26,,1022.0,1022.0,0.0,1022.0,0.0,0.0,756.0
S,Sul,Fio dagua,JACUI,JIUHQJ,14 DE JULHO,99.0,2024-05-25 12:00:00,89.91,75.08,,1004.0,1004.0,0.0,1004.0,0.0,0.0,747.0
S,Sul,Fio dagua,JACUI,JIUHQJ,14 DE JULHO,99.0,2024-05-25 13:00:00,89.91,75.13,,990.0,990.0,0.0,990.0,0.0,0.0,749.0
S,Sul,Fio dagua,JACUI,JIUHQJ,14 DE JULHO,99.0,2024-05-25 14:00:00,89.91,74.92,,972.0,972.0,0.0,972.0,0.0,0.0,739.0
S,Sul,Fio dagua,JACUI,JIUHQJ,14 DE JULHO,99.0,2024-05-25 15:00:00,89.91,74.87,,954.0,954.0,0.0,954.0,0.0,0.0,736.0
S,Sul,Fio dagua,JACUI,JIUHQJ,14 DE JULHO,99.0,2024-05-25 16:00:00,89.91,75.03,,936.0,936.0,0.0,936.0,0.0,0.0,744.0
S,Sul,Fio dagua,JACUI,JIUHQJ,14 DE JULHO,99.0,2024-05-25 17:00:00,89.91,74.93,,916.0,916.0,0.0,916.0,0.0,0.0,739.0
S,Sul,Fio dagua,JACUI,JIUHQJ,14 DE JULHO,99.0,2024-05-25 18:00:00,89.91,74.92,,900.0,900.0,0.0,900.0,0.0,0.0,739.0
S,Sul,Fio dagua,JACUI,JIUHQJ,14 DE JULHO,99.0,2024-05-25 19:00:00,89.91,75.03,,977.0,977.0,0.0,977.0,0.0,0.0,744.0
S,Sul,Fio dagua,JACUI,JIUHQJ,14 DE JULHO,99.0,2024-05-25 20:00:00,89.91,75.13,,772.0,772.0,0.0,772.0,0.0,0.0,749.0
S,Sul,Fio dagua,JACUI,JIUHQJ,14 DE JULHO,99.0,2024-05-25 21:00:00,89.91,75.26,,811.0,811.0,0.0,811.0,0.0,0.0,756.0
S,Sul,Fio dagua,JACUI,JIUHQJ,14 DE JULHO,99.0,2024-05-25 22:00:00,89.91,74.87,,816.0,816.0,0.0,816.0,0.0,0.0,736.0
S,Sul,Fio dagua,JACUI,JIUHQJ,14 DE JULHO,99.0,2024-05-25 23:00:00,89.91,74.78,,811.0,811.0,0.0,811.0,0.0,0.0,732.0
S,Sul,Fio dagua,JACUI,JIUHQJ,14 DE JULHO,99.0,2024-05-25 23:59:00,88.56,74.88,,799.0,799.0,0.0,799.0,0.0,0.0,799.0
S,Sul,Fio dagua,JACUI,JIUHQJ,14 DE JULHO,99.0,2024-05-26 01:00:00,88.56,74.76,,788.0,788.0,0.0,788.0,0.0,0.0,788.0
S,Sul,Fio dagua,JACUI,JIUHQJ,14 DE JULHO,99.0,2024-05-26 02:00:00,88.57,74.83,,772.0,772.0,0.0,772.0,0.0,0.0,771.0
S,Sul,Fio dagua,JACUI,JIUHQJ,14 DE JULHO,99.0,2024-05-26 03:00:00,88.56,74.93,,761.0,761.0,0.0,761.0,0.0,0.0,761.0
S,Sul,Fio dagua,JACUI,JIUHQJ,14 DE JULHO,99.0,2024-05-26 04:00:00,88.56,74.67,,756.0,756.0,0.0,756.0,0.0,0.0,755.0
S,Sul,Fio dagua,JACUI,JIUHQJ,14 DE JULHO,99.0,2024-05-26 05:00:00,88.56,74.55,,745.0,745.0,0.0,745.0,0.0,0.0,745.0
S,Sul,Fio dagua,JACUI,JIUHQJ,14 DE JULHO,99.0,2024-05-26 06:00:00,88.56,74.69,,735.0,735.0,0.0,735.0,0.0,0.0,734.0
S,Sul,Fio dagua,JACUI,JIUHQJ,14 DE JULHO,99.0,2024-05-26 07:00:00,88.56,74.69,,730.0,730.0,0.0,730.0,0.0,0.0,729.0
S,Sul,Fio dagua,JACUI,JIUHQJ,14 DE JULHO,99.0,2024-05-26 08:00:00,88.56,74.73,,719.0,719.0,0.0,719.0,0.0,0.0,719.0
S,Sul,Fio dagua,JACUI,JIUHQJ,14 DE JULHO,99.0,2024-05-26 09:00:00,88.56,74.53,,709.0,709.0,0.0,709.0,0.0,0.0,709.0
S,Sul,Fio dagua,JACUI,JIUHQJ,14 DE JULHO,99.0,2024-05-26 10:00:00,88.59,74.2,,704.0,704.0,0.0,704.0,0.0,0.0,704.0
S,Sul,Fio dagua,JACUI,JIUHQJ,14 DE JULHO,99.0,2024-05-26 12:00:00,89.91,73.51,,694.0,694.0,0.0,694.0,0.0,0.0,675.0
S,Sul,Fio dagua,JACUI,JIUHQJ,14 DE JULHO,99.0,2024-05-26 13:00:00,89.91,74.43,,680.0,680.0,0.0,680.0,0.0,0.0,679.0
S,Sul,Fio dagua,JACUI,JIUHQJ,14 DE JULHO,99.0,2024-05-26 14:00:00,89.91,72.72,,680.0,680.0,0.0,680.0,0.0,0.0,644.0
S,Sul,Fio dagua,JACUI,JIUHQJ,14 DE JULHO,99.0,2024-05-26 15:00:00,89.91,73.34,,665.0,665.0,0.0,665.0,0.0,0.0,665.0
S,Sul,Fio dagua,JACUI,JIUHQJ,14 DE JULHO,99.0,2024-05-26 16:00:00,89.91,73.39,,661.0,661.0,0.0,661.0,0.0,0.0,660.0
S,Sul,Fio dagua,JACUI,JIUHQJ,14 DE JULHO,99.0,2024-05-26 17:00:00,89.91,73.39,,651.0,651.0,0.0,651.0,0.0,0.0,651.0
S,Sul,Fio dagua,JACUI,JIUHQJ,14 DE JULHO,99.0,2024-05-26 18:00:00,89.91,73.7,,651.0,651.0,0.0,651.0,0.0,0.0,651.0
S,Sul,Fio dagua,JACUI,JIUHQJ,14 DE JULHO,99.0,2024-05-26 19:00:00,89.91,73.84,,638.0,638.0,0.0,638.0,0.0,0.0,637.0
S,Sul,Fio dagua,JACUI,JIUHQJ,14 DE JULHO,99.0,2024-05-26 20:00:00,89.91,74.1,,633.0,633.0,0.0,633.0,0.0,0.0,633.0
S,Sul,Fio dagua,JACUI,JIUHQJ,14 DE JULHO,99.0,2024-05-26 21:00:00,89.91,73.95,,620.0,620.0,0.0,620.0,0.0,0.0,619.0
S,Sul,Fio dagua,JACUI,JIUHQJ,14 DE JULHO,99.0,2024-05-26 22:00:00,89.91,74.0,,616.0,616.0,0.0,616.0,0.0,0.0,615.0
S,Sul,Fio dagua,JACUI,JIUHQJ,14 DE JULHO,99.0,2024-05-26 23:00:00,89.91,73.84,,611.0,611.0,0.0,611.0,0.0,0.0,611.0
S,Sul,Fio dagua,JACUI,JIUHQJ,14 DE JULHO,99.0,2024-05-26 23:59:00,89.91,73.95,,607.0,607.0,0.0,607.0,0.0,0.0,607.0
S,Sul,Fio dagua,JACUI,JIUHQJ,14 DE JULHO,99.0,2024-05-27 01:00:00,89.91,73.8,,206.0,206.0,0.0,206.0,0.0,0.0,205.0
S,Sul,Fio dagua,JACUI,JIUHQJ,14 DE JULHO,99.0,2024-05-27 02:00:00,89.91,73.84,,607.0,607.0,0.0,607.0,0.0,0.0,607.0
S,Sul,Fio dagua,JACUI,JIUHQJ,14 DE JULHO,99.0,2024-05-27 03:00:00,89.91,73.95,,602.0,602.0,0.0,602.0,0.0,0.0,602.0
S,Sul,Fio dagua,JACUI,JIUHQJ,14 DE JULHO,99.0,2024-05-27 04:00:00,89.91,74.0,,594.0,594.0,0.0,594.0,0.0,0.0,593.0
S,Sul,Fio dagua,JACUI,JIUHQJ,14 DE JULHO,99.0,2024-05-27 05:00:00,89.91,73.8,,580.0,580.0,0.0,580.0,0.0,0.0,580.0
S,Sul,Fio dagua,JACUI,JIUHQJ,14 DE JULHO,99.0,2024-05-27 06:00:00,89.91,73.7,,572.0,572.0,0.0,572.0,0.0,0.0,571.0
S,Sul,Fio dagua,JACUI,JIUHQJ,14 DE JULHO,99.0,2024-05-27 07:00:00,89.91,73.85,,572.0,572.0,0.0,572.0,0.0,0.0,571.0
S,Sul,Fio dagua,JACUI,JIUHQJ,14 DE JULHO,99.0,2024-05-27 08:00:00,89.91,73.89,,572.0,572.0,0.0,572.0,0.0,0.0,571.0
S,Sul,Fio dagua,JACUI,JIUHQJ,14 DE JULHO,99.0,2024-05-27 09:00:00,89.91,73.79,,564.0,564.0,0.0,564.0,0.0,0.0,563.0
S,Sul,Fio dagua,JACUI,JIUHQJ,14 DE JULHO,99.0,2024-05-27 10:00:00,89.91,73.73,,564.0,564.0,0.0,564.0,0.0,0.0,563.0
S,Sul,Fio dagua,JACUI,JIUHQJ,14 DE JULHO,99.0,2024-05-27 11:00:00,89.91,73.5,,564.0,564.0,0.0,564.0,0.0,0.0,563.0
S,Sul,Fio dagua,JACUI,JIUHQJ,14 DE JULHO,99.0,2024-05-27 12:00:00,89.91,73.38,,564.0,564.0,0.0,564.0,0.0,0.0,563.0
S,Sul,Fio dagua,JACUI,JIUHQJ,14 DE JULHO,99.0,2024-05-27 13:00:00,89.91,73.36,,564.0,564.0,0.0,564.0,0.0,0.0,563.0
S,Sul,Fio dagua,JACUI,JIUHQJ,14 DE JULHO,99.0,2024-05-27 14:00:00,89.91,73.41,,564.0,564.0,0.0,564.0,0.0,0.0,563.0
S,Sul,Fio dagua,JACUI,JIUHQJ,14 DE JULHO,99.0,2024-05-27 15:00:00,88.91,73.35,,564.0,564.0,0.0,564.0,0.0,0.0,563.0
S,Sul,Fio dagua,JACUI,JIUHQJ,14 DE JULHO,99.0,2024-05-27 16:00:00,89.91,73.45,,564.0,564.0,0.0,564.0,0.0,0.0,563.0
S,Sul,Fio dagua,JACUI,JIUHQJ,14 DE JULHO,99.0,2024-05-27 17:00:00,89.91,73.47,,568.0,568.0,0.0,568.0,0.0,0.0,567.0
S,Sul,Fio dagua,JACUI,JIUHQJ,14 DE JULHO,99.0,2024-05-27 18:00:00,89.91,73.47,,568.0,568.0,0.0,568.0,0.0,0.0,567.0
S,Sul,Fio dagua,JACUI,JIUHQJ,14 DE JULHO,99.0,2024-05-27 19:00:00,89.91,73.47,,564.0,564.0,0.0,564.0,0.0,0.0,563.0
S,Sul,Fio dagua,JACUI,JIUHQJ,14 DE JULHO,99.0,2024-05-27 20:00:00,89.91,73.48,,564.0,564.0,0.0,564.0,0.0,0.0,563.0
S,Sul,Fio dagua,JACUI,JIUHQJ,14 DE JULHO,99.0,2024-05-27 21:00:00,89.91,73.54,,576.0,576.0,0.0,576.0,0.0,0.0,576.0
S,Sul,Fio dagua,JACUI,JIUHQJ,14 DE JULHO,99.0,2024-05-27 22:00:00,89.91,73.64,,580.0,580.0,0.0,580.0,0.0,0.0,580.0
S,Sul,Fio dagua,JACUI,JIUHQJ,14 DE JULHO,99.0,2024-05-27 23:00:00,89.91,73.74,,598.0,598.0,0.0,598.0,0.0,0.0,597.0
S,Sul,Fio dagua,JACUI,JIUHQJ,14 DE JULHO,99.0,2024-05-27 23:59:00,89.91,73.47,,616.0,616.0,0.0,616.0,0.0,0.0,615.0
S,Sul,Fio dagua,JACUI,JIUHQJ,14 DE JULHO,99.0,2024-05-28 01:00:00,89.91,73.59,,620.0,620.0,0.0,620.0,0.0,0.0,620.0
S,Sul,Fio dagua,JACUI,JIUHQJ,14 DE JULHO,99.0,2024-05-28 02:00:00,89.91,73.79,,620.0,620.0,0.0,620.0,0.0,0.0,619.0
S,Sul,Fio dagua,JACUI,JIUHQJ,14 DE JULHO,99.0,2024-05-28 03:00:00,89.91,73.88,,624.0,624.0,0.0,624.0,0.0,0.0,624.0
S,Sul,Fio dagua,JACUI,JIUHQJ,14 DE JULHO,99.0,2024-05-28 04:00:00,89.91,73.38,,624.0,624.0,0.0,624.0,0.0,0.0,624.0
S,Sul,Fio dagua,JACUI,JIUHQJ,14 DE JULHO,99.0,2024-05-28 05:00:00,89.91,74.05,,633.0,633.0,0.0,633.0,0.0,0.0,633.0
S,Sul,Fio dagua,JACUI,JIUHQJ,14 DE JULHO,99.0,2024-05-28 06:00:00,89.91,74.05,,651.0,651.0,0.0,651.0,0.0,0.0,651.0
S,Sul,Fio dagua,JACUI,JIUHQJ,14 DE JULHO,99.0,2024-05-28 07:00:00,89.91,74.07,,661.0,661.0,0.0,661.0,0.0,0.0,660.0
S,Sul,Fio dagua,JACUI,JIUHQJ,14 DE JULHO,99.0,2024-05-28 08:00:00,89.91,74.01,,670.0,670.0,0.0,670.0,0.0,0.0,670.0
S,Sul,Fio dagua,JACUI,JIUHQJ,14 DE JULHO,99.0,2024-05-28 09:00:00,89.91,74.06,,694.0,694.0,0.0,694.0,0.0,0.0,694.0
S,Sul,Fio dagua,JACUI,JIUHQJ,14 DE JULHO,99.0,2024-05-28 10:00:00,89.91,74.12,,714.0,714.0,0.0,714.0,0.0,0.0,701.0
S,Sul,Fio dagua,JACUI,JIUHQJ,14 DE JULHO,99.0,2024-05-28 11:00:00,89.91,74.17,,824.0,824.0,0.0,824.0,0.0,0.0,703.0
S,Sul,Fio dagua,JACUI,JIUHQJ,14 DE JULHO,99.0,2024-05-28 12:00:00,89.91,74.03,,791.0,791.0,0.0,791.0,0.0,0.0,697.0
S,Sul,Fio dagua,JACUI,JIUHQJ,14 DE JULHO,99.0,2024-05-28 13:00:00,89.91,74.05,,795.0,795.0,0.0,795.0,0.0,0.0,698.0
S,Sul,Fio dagua,JACUI,JIUHQJ,14 DE JULHO,99.0,2024-05-28 14:00:00,89.91,74.29,,803.0,803.0,0.0,803.0,0.0,0.0,709.0
S,Sul,Fio dagua,JACUI,JIUHQJ,14 DE JULHO,99.0,2024-05-28 15:00:00,89.91,74.42,,815.0,815.0,0.0,815.0,0.0,0.0,715.0
S,Sul,Fio dagua,JACUI,JIUHQJ,14 DE JULHO,99.0,2024-05-28 16:00:00,89.91,74.55,,832.0,832.0,0.0,832.0,0.0,0.0,721.0
S,Sul,Fio dagua,JACUI,JIUHQJ,14 DE JULHO,99.0,2024-05-28 17:00:00,89.91,74.44,,855.0,855.0,0.0,855.0,0.0,0.0,716.0
S,Sul,Fio dagua,JACUI,JIUHQJ,14 DE JULHO,99.0,2024-05-28 18:00:00,89.91,74.44,,828.0,828.0,0.0,828.0,0.0,0.0,716.0
S,Sul,Fio dagua,JACUI,JIUHQJ,14 DE JULHO,99.0,2024-05-28 19:00:00,89.91,74.58,,730.0,730.0,0.0,730.0,0.0,0.0,722.0
S,Sul,Fio dagua,JACUI,JIUHQJ,14 DE JULHO,99.0,2024-05-28 20:00:00,89.91,74.67,,853.0,853.0,0.0,853.0,0.0,0.0,727.0
S,Sul,Fio dagua,JACUI,JIUHQJ,14 DE JULHO,99.0,2024-05-28 21:00:00,89.91,74.63,,887.0,887.0,0.0,887.0,0.0,0.0,725.0
S,Sul,Fio dagua,JACUI,JIUHQJ,14 DE JULHO,99.0,2024-05-28 22:00:00,89.91,74.64,,907.0,907.0,0.0,907.0,0.0,0.0,725.0
S,Sul,Fio dagua,JACUI,JIUHQJ,14 DE JULHO,99.0,2024-05-28 23:00:00,89.91,74.58,,923.0,923.0,0.0,923.0,0.0,0.0,722.0
S,Sul,Fio dagua,JACUI,JIUHQJ,14 DE JULHO,99.0,2024-05-28 23:59:00,89.91,74.69,,929.0,929.0,0.0,929.0,0.0,0.0,728.0
S,Sul,Fio dagua,JACUI,JIUHQJ,14 DE JULHO,99.0,2024-05-29 01:00:00,89.91,74.6,,929.0,929.0,0.0,929.0,0.0,0.0,723.0
S,Sul,Fio dagua,JACUI,JIUHQJ,14 DE JULHO,99.0,2024-05-29 02:00:00,89.91,74.82,,923.0,923.0,0.0,923.0,0.0,0.0,734.0
S,Sul,Fio dagua,JACUI,JIUHQJ,14 DE JULHO,99.0,2024-05-29 03:00:00,89.91,74.86,,918.0,918.0,0.0,918.0,0.0,0.0,736.0
S,Sul,Fio dagua,JACUI,JIUHQJ,14 DE JULHO,99.0,2024-05-29 04:00:00,89.91,74.97,,912.0,912.0,0.0,912.0,0.0,0.0,741.0
S,Sul,Fio dagua,JACUI,JIUHQJ,14 DE JULHO,99.0,2024-05-29 05:00:00,89.91,74.6,,912.0,912.0,0.0,912.0,0.0,0.0,723.0
S,Sul,Fio dagua,JACUI,JIUHQJ,14 DE JULHO,99.0,2024-05-29 06:00:00,89.91,74.6,,907.0,907.0,0.0,907.0,0.0,0.0,723.0
S,Sul,Fio dagua,JACUI,JIUHQJ,14 DE JULHO,99.0,2024-05-29 07:00:00,89.91,74.78,,901.0,901.0,0.0,901.0,0.0,0.0,732.0
S,Sul,Fio dagua,JACUI,JIUHQJ,14 DE JULHO,99.0,2024-05-29 08:00:00,89.91,74.78,,890.0,890.0,0.0,890.0,0.0,0.0,732.0
S,Sul,Fio dagua,JACUI,JIUHQJ,14 DE JULHO,99.0,2024-05-29 09:00:00,89.91,74.81,,880.0,880.0,0.0,880.0,0.0,0.0,733.0
S,Sul,Fio dagua,JACUI,JIUHQJ,14 DE JULHO,99.0,2024-05-29 10:00:00,89.91,75.34,,874.0,874.0,0.0,874.0,0.0,0.0,760.0
S,Sul,Fio dagua,JACUI,JIUHQJ,14 DE JULHO,99.0,2024-05-29 11:00:00,89.91,75.01,,869.0,869.0,0.0,869.0,0.0,0.0,743.0
S,Sul,Fio dagua,JACUI,JIUHQJ,14 DE JULHO,99.0,2024-05-29 12:00:00,89.91,74.53,,853.0,853.0,0.0,853.0,0.0,0.0,720.0
S,Sul,Fio dagua,JACUI,JIUHQJ,14 DE JULHO,99.0,2024-05-29 13:00:00,89.91,73.3,,838.0,838.0,0.0,838.0,0.0,0.0,667.0
S,Sul,Fio dagua,JACUI,JIUHQJ,14 DE JULHO,99.0,2024-05-29 14:00:00,89.91,72.9,,828.0,828.0,0.0,828.0,0.0,0.0,651.0
S,Sul,Fio dagua,JACUI,JIUHQJ,14 DE JULHO,99.0,2024-05-29 15:00:00,89.91,73.19,,818.0,818.0,0.0,818.0,0.0,0.0,662.0
S,Sul,Fio dagua,JACUI,JIUHQJ,14 DE JULHO,99.0,2024-05-29 16:00:00,89.91,73.72,,735.0,735.0,0.0,735.0,0.0,0.0,684.0
S,Sul,Fio dagua,JACUI,JIUHQJ,14 DE JULHO,99.0,2024-05-29 17:00:00,89.91,73.74,,766.0,766.0,0.0,766.0,0.0,0.0,685.0
S,Sul,Fio dagua,JACUI,JIUHQJ,14 DE JULHO,99.0,2024-05-29 18:00:00,89.91,73.93,,772.0,772.0,0.0,772.0,0.0,0.0,693.0
S,Sul,Fio dagua,JACUI,JIUHQJ,14 DE JULHO,99.0,2024-05-29 19:00:00,89.91,74.23,,772.0,772.0,0.0,772.0,0.0,0.0,706.0
S,Sul,Fio dagua,JACUI,JIUHQJ,14 DE JULHO,99.0,2024-05-29 20:00:00,89.91,74.29,,766.0,766.0,0.0,766.0,0.0,0.0,709.0
S,Sul,Fio dagua,JACUI,JIUHQJ,14 DE JULHO,99.0,2024-05-29 21:00:00,89.91,74.38,,756.0,756.0,0.0,756.0,0.0,0.0,713.0
S,Sul,Fio dagua,JACUI,JIUHQJ,14 DE JULHO,99.0,2024-05-29 22:00:00,89.91,74.33,,745.0,745.0,0.0,745.0,0.0,0.0,711.0
S,Sul,Fio dagua,JACUI,JIUHQJ,14 DE JULHO,99.0,2024-05-29 23:00:00,89.91,74.35,,735.0,735.0,0.0,735.0,0.0,0.0,712.0
S,Sul,Fio dagua,JACUI,JIUHQJ,14 DE JULHO,99.0,2024-05-29 23:59:00,89.91,74.44,,730.0,730.0,0.0,730.0,0.0,0.0,716.0
S,Sul,Fio dagua,JACUI,JIUHQJ,14 DE JULHO,99.0,2024-05-30 01:00:00,89.91,74.34,,719.0,719.0,0.0,719.0,0.0,0.0,711.0
S,Sul,Fio dagua,JACUI,JIUHQJ,14 DE JULHO,99.0,2024-05-30 02:00:00,89.91,74.27,,709.0,709.0,0.0,709.0,0.0,0.0,708.0
S,Sul,Fio dagua,JACUI,JIUHQJ,14 DE JULHO,99.0,2024-05-30 03:00:00,89.91,74.35,,704.0,704.0,0.0,704.0,0.0,0.0,704.0
S,Sul,Fio dagua,JACUI,JIUHQJ,14 DE JULHO,99.0,2024-05-30 04:00:00,89.91,74.34,,699.0,699.0,0.0,699.0,0.0,0.0,699.0
S,Sul,Fio dagua,JACUI,JIUHQJ,14 DE JULHO,99.0,2024-05-30 05:00:00,89.91,74.44,,689.0,689.0,0.0,689.0,0.0,0.0,689.0
S,Sul,Fio dagua,JACUI,JIUHQJ,14 DE JULHO,99.0,2024-05-30 06:00:00,89.91,74.23,,680.0,680.0,0.0,680.0,0.0,0.0,679.0
S,Sul,Fio dagua,JACUI,JIUHQJ,14 DE JULHO,99.0,2024-05-30 07:00:00,89.91,74.07,,675.0,675.0,0.0,675.0,0.0,0.0,674.0
S,Sul,Fio dagua,JACUI,JIUHQJ,14 DE JULHO,99.0,2024-05-30 08:00:00,89.91,74.2,,665.0,665.0,0.0,665.0,0.0,0.0,665.0
S,Sul,Fio dagua,JACUI,JIUHQJ,14 DE JULHO,99.0,2024-05-30 09:00:00,89.91,74.2,,661.0,661.0,0.0,661.0,0.0,0.0,660.0
S,Sul,Fio dagua,JACUI,JIUHQJ,14 DE JULHO,99.0,2024-05-30 10:00:00,89.91,74.1,,559.0,559.0,0.0,559.0,0.0,0.0,559.0
S,Sul,Fio dagua,JACUI,JIUHQJ,14 DE JULHO,99.0,2024-05-30 11:00:00,89.91,73.4,,525.0,525.0,0.0,525.0,0.0,0.0,524.0
S,Sul,Fio dagua,JACUI,JIUHQJ,14 DE JULHO,99.0,2024-05-30 12:00:00,89.91,73.3,,607.0,607.0,0.0,607.0,0.0,0.0,607.0
S,Sul,Fio dagua,JACUI,JIUHQJ,14 DE JULHO,99.0,2024-05-30 13:00:00,89.91,72.6,,661.0,661.0,0.0,661.0,0.0,0.0,640.0
S,Sul,Fio dagua,JACUI,JIUHQJ,14 DE JULHO,99.0,2024-05-30 14:00:00,89.91,72.56,,685.0,685.0,0.0,685.0,0.0,0.0,638.0
S,Sul,Fio dagua,JACUI,JIUHQJ,14 DE JULHO,99.0,2024-05-30 15:00:00,89.91,73.3,,670.0,670.0,0.0,670.0,0.0,0.0,667.0
S,Sul,Fio dagua,JACUI,JIUHQJ,14 DE JULHO,99.0,2024-05-30 16:00:00,89.91,73.4,,656.0,656.0,0.0,656.0,0.0,0.0,656.0
S,Sul,Fio dagua,JACUI,JIUHQJ,14 DE JULHO,99.0,2024-05-30 17:00:00,89.91,73.67,,642.0,642.0,0.0,642.0,0.0,0.0,642.0
S,Sul,Fio dagua,JACUI,JIUHQJ,14 DE JULHO,99.0,2024-05-30 18:00:00,89.91,73.8,,629.0,629.0,0.0,629.0,0.0,0.0,628.0
S,Sul,Fio dagua,JACUI,JIUHQJ,14 DE JULHO,99.0,2024-05-30 19:00:00,89.91,73.96,,558.0,558.0,0.0,558.0,0.0,0.0,557.0
S,Sul,Fio dagua,JACUI,JIUHQJ,14 DE JULHO,99.0,2024-05-30 20:00:00,89.91,74.11,,572.0,572.0,0.0,572.0,0.0,0.0,572.0
S,Sul,Fio dagua,JACUI,JIUHQJ,14 DE JULHO,99.0,2024-05-30 21:00:00,89.91,74.24,,563.0,563.0,0.0,563.0,0.0,0.0,562.0
S,Sul,Fio dagua,JACUI,JIUHQJ,14 DE JULHO,99.0,2024-05-30 22:00:00,89.91,74.05,,553.0,553.0,0.0,553.0,0.0,0.0,552.0
S,Sul,Fio dagua,JACUI,JIUHQJ,14 DE JULHO,99.0,2024-05-30 23:00:00,89.91,74.0,,543.0,543.0,0.0,543.0,0.0,0.0,543.0
S,Sul,Fio dagua,JACUI,JIUHQJ,14 DE JULHO,99.0,2024-05-30 23:59:00,89.91,73.96,,539.0,539.0,0.0,539.0,0.0,0.0,538.0
S,Sul,Fio dagua,JACUI,JIUHQJ,14 DE JULHO,99.0,2024-05-31 01:00:00,89.91,73.9,,543.0,543.0,0.0,543.0,0.0,0.0,543.0
S,Sul,Fio dagua,JACUI,JIUHQJ,14 DE JULHO,99.0,2024-05-31 02:00:00,89.96,73.9,,543.0,543.0,0.0,543.0,0.0,0.0,543.0
S,Sul,Fio dagua,JACUI,JIUHQJ,14 DE JULHO,99.0,2024-05-31 03:00:00,89.91,73.8,,558.0,558.0,0.0,558.0,0.0,0.0,557.0
S,Sul,Fio dagua,JACUI,JIUHQJ,14 DE JULHO,99.0,2024-05-31 04:00:00,89.91,73.9,,563.0,563.0,0.0,563.0,0.0,0.0,562.0
S,Sul,Fio dagua,JACUI,JIUHQJ,14 DE JULHO,99.0,2024-05-31 05:00:00,89.91,73.9,,563.0,563.0,0.0,563.0,0.0,0.0,562.0
S,Sul,Fio dagua,JACUI,JIUHQJ,14 DE JULHO,99.0,2024-05-31 06:00:00,89.91,73.89,,558.0,558.0,0.0,558.0,0.0,0.0,557.0
S,Sul,Fio dagua,JACUI,JIUHQJ,14 DE JULHO,99.0,2024-05-31 07:00:00,89.91,73.89,,553.0,553.0,0.0,553.0,0.0,0.0,552.0
S,Sul,Fio dagua,JACUI,JIUHQJ,14 DE JULHO,99.0,2024-05-31 08:00:00,89.91,73.95,,543.0,543.0,0.0,543.0,0.0,0.0,543.0
S,Sul,Fio dagua,JACUI,JIUHQJ,14 DE JULHO,99.0,2024-05-31 09:00:00,89.91,74.48,,539.0,539.0,0.0,539.0,0.0,0.0,538.0
S,Sul,Fio dagua,JACUI,JIUHQJ,14 DE JULHO,99.0,2024-05-31 10:00:00,89.91,73.89,,525.0,525.0,0.0,525.0,0.0,0.0,524.0
S,Sul,Fio dagua,JACUI,JIUHQJ,14 DE JULHO,99.0,2024-05-31 11:00:00,89.91,73.81,,520.0,520.0,0.0,520.0,0.0,0.0,520.0
S,Sul,Fio dagua,JACUI,JIUHQJ,14 DE JULHO,99.0,2024-05-31 12:00:00,89.91,73.37,,516.0,516.0,0.0,516.0,0.0,0.0,515.0
S,Sul,Fio dagua,JACUI,JIUHQJ,14 DE JULHO,99.0,2024-05-31 13:00:00,89.91,72.22,,404.0,404.0,0.0,404.0,0.0,0.0,404.0
S,Sul,Fio dagua,JACUI,JIUHQJ,14 DE JULHO,99.0,2024-05-31 14:00:00,89.91,72.49,,452.0,452.0,0.0,452.0,0.0,0.0,452.0
S,Sul,Fio dagua,JACUI,JIUHQJ,14 DE JULHO,99.0,2024-05-31 15:00:00,89.91,72.96,,468.0,468.0,0.0,468.0,0.0,0.0,467.0
S,Sul,Fio dagua,JACUI,JIUHQJ,14 DE JULHO,99.0,2024-05-31 16:00:00,89.91,72.99,,473.0,473.0,0.0,473.0,0.0,0.0,472.0
S,Sul,Fio dagua,JACUI,JIUHQJ,14 DE JULHO,99.0,2024-05-31 17:00:00,89.91,73.1,,473.0,473.0,0.0,473.0,0.0,0.0,472.0
S,Sul,Fio dagua,JACUI,JIUHQJ,14 DE JULHO,99.0,2024-05-31 18:00:00,89.91,73.18,,468.0,468.0,0.0,468.0,0.0,0.0,467.0
S,Sul,Fio dagua,JACUI,JIUHQJ,14 DE JULHO,99.0,2024-05-31 19:00:00,89.91,73.32,,468.0,468.0,0.0,468.0,0.0,0.0,467.0
S,Sul,Fio dagua,JACUI,JIUHQJ,14 DE JULHO,99.0,2024-05-31 20:00:00,89.91,73.43,,457.0,457.0,0.0,457.0,0.0,0.0,457.0
S,Sul,Fio dagua,JACUI,JIUHQJ,14 DE JULHO,99.0,2024-05-31 21:00:00,89.91,73.45,,452.0,452.0,0.0,452.0,0.0,0.0,452.0
S,Sul,Fio dagua,JACUI,JIUHQJ,14 DE JULHO,99.0,2024-05-31 22:00:00,89.91,73.47,,452.0,452.0,0.0,452.0,0.0,0.0,452.0
S,Sul,Fio dagua,JACUI,JIUHQJ,14 DE JULHO,99.0,2024-05-31 23:00:00,89.91,73.48,,448.0,448.0,0.0,448.0,0.0,0.0,447.0
S,Sul,Fio dagua,JACUI,JIUHQJ,14 DE JULHO,99.0,2024-05-31 23:59:00,89.91,73.63,,443.0,443.0,0.0,443.0,0.0,0.0,442.0
