at,epoch,scope,classification,level_approved_m,raw_level_cm,raw_level_qc,raw_flow,raw_flow_qc,source_path,record_start_line,approved_q_in_other_preserved_xml
2025-04-06T03:45:00-03:00,1743921900.0,other,no_exact_record,,,,,,,,0
2025-04-06T04:00:00-03:00,1743922800.0,other,no_exact_record,,,,,,,,0
2025-04-06T04:15:00-03:00,1743923700.0,other,no_exact_record,,,,,,,,0
2025-04-06T04:30:00-03:00,1743924600.0,other,no_exact_record,,,,,,,,0
2025-04-26T09:45:00-03:00,1745671500.0,other,q_empty,,,,,,outputs/mucum-propagacao-2026-09-21/raw/ana-86500000-2025.xml,430883,0
2025-04-26T10:00:00-03:00,1745672400.0,other,q_empty,,,,,,outputs/mucum-propagacao-2026-09-21/raw/ana-86500000-2025.xml,430865,0
2025-04-26T10:15:00-03:00,1745673300.0,other,q_empty,,,,,,outputs/mucum-propagacao-2026-09-21/raw/ana-86500000-2025.xml,430847,0
2025-06-17T18:15:00-03:00,1750194900.0,other,q_qc_rejected,,444.00,Dado suspeito,489.40,Dado suspeito,outputs/mucum-propagacao-2026-09-21/raw/ana-86500000-2025.xml,340415,0
2025-09-14T21:45:00-03:00,1757897100.0,other,no_exact_record,,,,,,,,0
2025-09-14T22:00:00-03:00,1757898000.0,other,no_exact_record,,,,,,,,0
2025-09-14T22:15:00-03:00,1757898900.0,other,no_exact_record,,,,,,,,0
2025-09-14T22:30:00-03:00,1757899800.0,other,no_exact_record,,,,,,,,0
2025-09-28T19:45:00-03:00,1759099500.0,other,no_exact_record,,,,,,,,0
2025-09-28T20:00:00-03:00,1759100400.0,other,no_exact_record,,,,,,,,0
2025-09-28T20:15:00-03:00,1759101300.0,other,no_exact_record,,,,,,,,0
2025-09-28T20:30:00-03:00,1759102200.0,other,no_exact_record,,,,,,,,0
2025-10-15T17:45:00-03:00,1760561100.0,other,q_empty,,,,,,outputs/mucum-propagacao-2026-09-21/raw/ana-86500000-2025.xml,133235,0
2025-10-15T18:00:00-03:00,1760562000.0,other,q_empty,,,,,,outputs/mucum-propagacao-2026-09-21/raw/ana-86500000-2025.xml,133217,0
2025-10-15T18:15:00-03:00,1760562900.0,other,q_empty,,,,,,outputs/mucum-propagacao-2026-09-21/raw/ana-86500000-2025.xml,133199,0
2025-10-15T18:30:00-03:00,1760563800.0,other,q_empty,,,,,,outputs/mucum-propagacao-2026-09-21/raw/ana-86500000-2025.xml,133181,0
2025-10-15T18:45:00-03:00,1760564700.0,other,q_empty,,,,,,outputs/mucum-propagacao-2026-09-21/raw/ana-86500000-2025.xml,133163,0
2025-10-15T19:00:00-03:00,1760565600.0,other,q_empty,,,,,,outputs/mucum-propagacao-2026-09-21/raw/ana-86500000-2025.xml,133145,0
2025-10-15T19:15:00-03:00,1760566500.0,other,q_empty,,,,,,outputs/mucum-propagacao-2026-09-21/raw/ana-86500000-2025.xml,133127,0
2025-10-15T19:30:00-03:00,1760567400.0,other,q_empty,,,,,,outputs/mucum-propagacao-2026-09-21/raw/ana-86500000-2025.xml,133109,0
2025-10-15T19:45:00-03:00,1760568300.0,other,q_empty,,,,,,outputs/mucum-propagacao-2026-09-21/raw/ana-86500000-2025.xml,133091,0
2025-10-15T20:00:00-03:00,1760569200.0,other,q_empty,,,,,,outputs/mucum-propagacao-2026-09-21/raw/ana-86500000-2025.xml,133073,0
2025-10-15T20:15:00-03:00,1760570100.0,other,q_empty,,,,,,outputs/mucum-propagacao-2026-09-21/raw/ana-86500000-2025.xml,133055,0
2025-10-15T20:30:00-03:00,1760571000.0,other,q_empty,,,,,,outputs/mucum-propagacao-2026-09-21/raw/ana-86500000-2025.xml,133037,0
2025-10-15T20:45:00-03:00,1760571900.0,other,q_empty,,,,,,outputs/mucum-propagacao-2026-09-21/raw/ana-86500000-2025.xml,133019,0
2025-10-15T21:00:00-03:00,1760572800.0,other,q_empty,,,,,,outputs/mucum-propagacao-2026-09-21/raw/ana-86500000-2025.xml,133001,0
2025-10-15T21:15:00-03:00,1760573700.0,other,q_empty,,,,,,outputs/mucum-propagacao-2026-09-21/raw/ana-86500000-2025.xml,132983,0
2025-10-15T21:30:00-03:00,1760574600.0,other,q_empty,,,,,,outputs/mucum-propagacao-2026-09-21/raw/ana-86500000-2025.xml,132965,0
2025-10-15T21:45:00-03:00,1760575500.0,other,q_empty,,,,,,outputs/mucum-propagacao-2026-09-21/raw/ana-86500000-2025.xml,132947,0
2025-10-15T22:00:00-03:00,1760576400.0,other,q_empty,,,,,,outputs/mucum-propagacao-2026-09-21/raw/ana-86500000-2025.xml,132929,0
2025-11-02T00:00:00-03:00,1762052400.0,other,no_exact_record,,,,,,,,0
2025-11-02T00:15:00-03:00,1762053300.0,other,no_exact_record,,,,,,,,0
2025-11-02T00:30:00-03:00,1762054200.0,other,no_exact_record,,,,,,,,0
2025-11-02T00:45:00-03:00,1762055100.0,other,no_exact_record,,,,,,,,0
2025-11-05T22:45:00-03:00,1762393500.0,other,no_exact_record,,,,,,,,0
2025-11-05T23:00:00-03:00,1762394400.0,other,no_exact_record,,,,,,,,0
2025-11-05T23:15:00-03:00,1762395300.0,other,no_exact_record,,,,,,,,0
2025-11-05T23:30:00-03:00,1762396200.0,other,no_exact_record,,,,,,,,0
2025-11-12T20:45:00-03:00,1762991100.0,other,no_exact_record,,,,,,,,0
2025-11-12T21:00:00-03:00,1762992000.0,other,no_exact_record,,,,,,,,0
2025-11-12T21:15:00-03:00,1762992900.0,other,no_exact_record,,,,,,,,0
2025-11-12T21:30:00-03:00,1762993800.0,other,no_exact_record,,,,,,,,0
2025-11-13T11:45:00-03:00,1763045100.0,other,q_empty,,,,,,outputs/mucum-propagacao-2026-09-21/raw/ana-86500000-2025.xml,83771,0
2025-11-13T12:00:00-03:00,1763046000.0,other,q_empty,,,,,,outputs/mucum-propagacao-2026-09-21/raw/ana-86500000-2025.xml,83753,0
2025-11-13T12:15:00-03:00,1763046900.0,other,q_empty,,,,,,outputs/mucum-propagacao-2026-09-21/raw/ana-86500000-2025.xml,83735,0
2025-12-09T12:45:00-03:00,1765295100.0,other,q_empty,,,,,,outputs/mucum-propagacao-2026-09-21/raw/ana-86500000-2025.xml,38771,0
2025-12-09T13:00:00-03:00,1765296000.0,other,q_empty,,,,,,outputs/mucum-propagacao-2026-09-21/raw/ana-86500000-2025.xml,38753,0
2025-12-09T13:15:00-03:00,1765296900.0,other,q_empty,,,,,,outputs/mucum-propagacao-2026-09-21/raw/ana-86500000-2025.xml,38735,0
2025-12-09T13:30:00-03:00,1765297800.0,other,q_empty,,,,,,outputs/mucum-propagacao-2026-09-21/raw/ana-86500000-2025.xml,38717,0
2025-12-31T20:45:00-03:00,1767224700.0,other,no_exact_record,,,,,,,,0
2025-12-31T21:00:00-03:00,1767225600.0,other,no_exact_record,,,,,,,,0
2025-12-31T21:15:00-03:00,1767226500.0,other,no_exact_record,,,,,,,,0
2025-12-31T21:30:00-03:00,1767227400.0,other,no_exact_record,,,,,,,,0
2026-01-01T00:00:00-03:00,1767236400.0,other,no_exact_record,,,,,,,,0
2026-01-01T00:15:00-03:00,1767237300.0,other,no_exact_record,,,,,,,,0
2026-01-01T00:30:00-03:00,1767238200.0,other,no_exact_record,,,,,,,,0
2026-01-01T00:45:00-03:00,1767239100.0,other,no_exact_record,,,,,,,,0
2026-01-01T01:00:00-03:00,1767240000.0,other,no_exact_record,,,,,,,,0
2026-01-01T01:15:00-03:00,1767240900.0,other,no_exact_record,,,,,,,,0
2026-01-01T01:30:00-03:00,1767241800.0,other,no_exact_record,,,,,,,,0
2026-01-01T01:45:00-03:00,1767242700.0,other,no_exact_record,,,,,,,,0
2026-01-01T02:00:00-03:00,1767243600.0,other,no_exact_record,,,,,,,,0
2026-01-01T02:15:00-03:00,1767244500.0,other,no_exact_record,,,,,,,,0
2026-01-01T02:30:00-03:00,1767245400.0,other,no_exact_record,,,,,,,,0
2026-01-01T02:45:00-03:00,1767246300.0,other,no_exact_record,,,,,,,,0
2026-01-01T03:00:00-03:00,1767247200.0,other,no_exact_record,,,,,,,,0
2026-01-01T03:15:00-03:00,1767248100.0,other,no_exact_record,,,,,,,,0
2026-01-01T03:30:00-03:00,1767249000.0,other,no_exact_record,,,,,,,,0
2026-01-01T03:45:00-03:00,1767249900.0,other,no_exact_record,,,,,,,,0
2026-01-01T04:00:00-03:00,1767250800.0,other,no_exact_record,,,,,,,,0
2026-01-01T04:15:00-03:00,1767251700.0,other,no_exact_record,,,,,,,,0
2026-01-01T04:30:00-03:00,1767252600.0,other,no_exact_record,,,,,,,,0
2026-01-01T04:45:00-03:00,1767253500.0,other,no_exact_record,,,,,,,,0
2026-01-01T05:00:00-03:00,1767254400.0,other,no_exact_record,,,,,,,,0
2026-01-01T05:15:00-03:00,1767255300.0,other,no_exact_record,,,,,,,,0
2026-01-01T05:30:00-03:00,1767256200.0,other,no_exact_record,,,,,,,,0
2026-01-01T05:45:00-03:00,1767257100.0,other,no_exact_record,,,,,,,,0
2026-01-01T06:00:00-03:00,1767258000.0,other,no_exact_record,,,,,,,,0
2026-01-01T06:15:00-03:00,1767258900.0,other,no_exact_record,,,,,,,,0
2026-01-01T06:30:00-03:00,1767259800.0,other,no_exact_record,,,,,,,,0
2026-01-01T06:45:00-03:00,1767260700.0,other,no_exact_record,,,,,,,,0
2026-01-01T07:15:00-03:00,1767262500.0,other,no_exact_record,,,,,,,,0
2026-01-01T07:30:00-03:00,1767263400.0,other,no_exact_record,,,,,,,,0
2026-01-01T07:45:00-03:00,1767264300.0,other,no_exact_record,,,,,,,,0
2026-01-01T08:00:00-03:00,1767265200.0,other,no_exact_record,,,,,,,,0
2026-01-01T08:15:00-03:00,1767266100.0,other,no_exact_record,,,,,,,,0
2026-01-01T08:30:00-03:00,1767267000.0,other,no_exact_record,,,,,,,,0
2026-01-01T08:45:00-03:00,1767267900.0,other,no_exact_record,,,,,,,,0
2026-01-01T09:00:00-03:00,1767268800.0,other,no_exact_record,,,,,,,,0
2026-01-01T09:15:00-03:00,1767269700.0,other,no_exact_record,,,,,,,,0
2026-01-01T09:30:00-03:00,1767270600.0,other,no_exact_record,,,,,,,,0
2026-01-01T09:45:00-03:00,1767271500.0,other,no_exact_record,,,,,,,,0
2026-01-01T10:00:00-03:00,1767272400.0,other,no_exact_record,,,,,,,,0
2026-01-01T10:15:00-03:00,1767273300.0,other,no_exact_record,,,,,,,,0
2026-01-01T10:30:00-03:00,1767274200.0,other,no_exact_record,,,,,,,,0
2026-01-01T10:45:00-03:00,1767275100.0,other,no_exact_record,,,,,,,,0
2026-01-01T11:00:00-03:00,1767276000.0,other,no_exact_record,,,,,,,,0
2026-01-01T11:15:00-03:00,1767276900.0,other,no_exact_record,,,,,,,,0
2026-01-01T11:30:00-03:00,1767277800.0,other,no_exact_record,,,,,,,,0
2026-01-01T11:45:00-03:00,1767278700.0,other,no_exact_record,,,,,,,,0
2026-01-01T12:00:00-03:00,1767279600.0,other,no_exact_record,,,,,,,,0
2026-01-01T12:15:00-03:00,1767280500.0,other,no_exact_record,,,,,,,,0
2026-01-01T12:30:00-03:00,1767281400.0,other,no_exact_record,,,,,,,,0
2026-01-01T12:45:00-03:00,1767282300.0,other,no_exact_record,,,,,,,,0
2026-01-01T13:00:00-03:00,1767283200.0,other,no_exact_record,,,,,,,,0
2026-01-01T13:15:00-03:00,1767284100.0,other,no_exact_record,,,,,,,,0
2026-01-01T13:30:00-03:00,1767285000.0,other,no_exact_record,,,,,,,,0
2026-01-01T13:45:00-03:00,1767285900.0,other,no_exact_record,,,,,,,,0
2026-01-01T14:00:00-03:00,1767286800.0,other,no_exact_record,,,,,,,,0
2026-01-01T14:15:00-03:00,1767287700.0,other,no_exact_record,,,,,,,,0
2026-01-01T14:30:00-03:00,1767288600.0,other,no_exact_record,,,,,,,,0
2026-01-01T14:45:00-03:00,1767289500.0,other,no_exact_record,,,,,,,,0
2026-01-01T15:00:00-03:00,1767290400.0,other,no_exact_record,,,,,,,,0
2026-01-01T15:15:00-03:00,1767291300.0,other,no_exact_record,,,,,,,,0
2026-01-01T15:30:00-03:00,1767292200.0,other,no_exact_record,,,,,,,,0
2026-01-01T15:45:00-03:00,1767293100.0,other,no_exact_record,,,,,,,,0
2026-01-01T16:00:00-03:00,1767294000.0,other,no_exact_record,,,,,,,,0
2026-01-01T16:15:00-03:00,1767294900.0,other,no_exact_record,,,,,,,,0
2026-01-01T16:30:00-03:00,1767295800.0,other,no_exact_record,,,,,,,,0
2026-01-01T16:45:00-03:00,1767296700.0,other,no_exact_record,,,,,,,,0
2026-01-01T17:15:00-03:00,1767298500.0,other,no_exact_record,,,,,,,,0
2026-01-01T17:30:00-03:00,1767299400.0,other,no_exact_record,,,,,,,,0
2026-01-01T17:45:00-03:00,1767300300.0,other,no_exact_record,,,,,,,,0
2026-01-01T18:00:00-03:00,1767301200.0,other,no_exact_record,,,,,,,,0
2026-01-01T18:15:00-03:00,1767302100.0,other,no_exact_record,,,,,,,,0
2026-01-01T18:30:00-03:00,1767303000.0,other,no_exact_record,,,,,,,,0
2026-01-01T18:45:00-03:00,1767303900.0,other,no_exact_record,,,,,,,,0
2026-01-01T19:00:00-03:00,1767304800.0,other,no_exact_record,,,,,,,,0
2026-01-01T19:15:00-03:00,1767305700.0,other,no_exact_record,,,,,,,,0
2026-01-01T19:30:00-03:00,1767306600.0,other,no_exact_record,,,,,,,,0
2026-01-01T19:45:00-03:00,1767307500.0,other,no_exact_record,,,,,,,,0
2026-01-01T20:00:00-03:00,1767308400.0,other,no_exact_record,,,,,,,,0
2026-01-01T20:15:00-03:00,1767309300.0,other,no_exact_record,,,,,,,,0
2026-01-01T20:30:00-03:00,1767310200.0,other,no_exact_record,,,,,,,,0
2026-01-01T20:45:00-03:00,1767311100.0,other,no_exact_record,,,,,,,,0
2026-01-01T21:00:00-03:00,1767312000.0,other,no_exact_record,,,,,,,,0
2026-01-01T21:15:00-03:00,1767312900.0,other,no_exact_record,,,,,,,,0
2026-01-01T21:30:00-03:00,1767313800.0,other,no_exact_record,,,,,,,,0
2026-01-01T21:45:00-03:00,1767314700.0,other,no_exact_record,,,,,,,,0
2026-01-01T22:00:00-03:00,1767315600.0,other,no_exact_record,,,,,,,,0
2026-01-01T22:15:00-03:00,1767316500.0,other,no_exact_record,,,,,,,,0
2026-01-01T22:30:00-03:00,1767317400.0,other,no_exact_record,,,,,,,,0
2026-01-01T22:45:00-03:00,1767318300.0,other,no_exact_record,,,,,,,,0
2026-01-01T23:00:00-03:00,1767319200.0,other,no_exact_record,,,,,,,,0
2026-01-01T23:15:00-03:00,1767320100.0,other,no_exact_record,,,,,,,,0
2026-01-01T23:30:00-03:00,1767321000.0,other,no_exact_record,,,,,,,,0
2026-01-01T23:45:00-03:00,1767321900.0,other,no_exact_record,,,,,,,,0
2026-01-02T00:00:00-03:00,1767322800.0,other,no_exact_record,,,,,,,,0
2026-01-02T00:15:00-03:00,1767323700.0,other,no_exact_record,,,,,,,,0
2026-01-02T00:30:00-03:00,1767324600.0,other,no_exact_record,,,,,,,,0
2026-01-02T00:45:00-03:00,1767325500.0,other,no_exact_record,,,,,,,,0
2026-01-02T01:00:00-03:00,1767326400.0,other,no_exact_record,,,,,,,,0
2026-01-02T01:15:00-03:00,1767327300.0,other,no_exact_record,,,,,,,,0
2026-01-02T01:30:00-03:00,1767328200.0,other,no_exact_record,,,,,,,,0
2026-01-02T01:45:00-03:00,1767329100.0,other,no_exact_record,,,,,,,,0
2026-01-02T02:00:00-03:00,1767330000.0,other,no_exact_record,,,,,,,,0
2026-01-02T02:15:00-03:00,1767330900.0,other,no_exact_record,,,,,,,,0
2026-01-02T02:30:00-03:00,1767331800.0,other,no_exact_record,,,,,,,,0
2026-01-02T02:45:00-03:00,1767332700.0,other,no_exact_record,,,,,,,,0
2026-01-02T03:00:00-03:00,1767333600.0,other,no_exact_record,,,,,,,,0
2026-01-02T03:15:00-03:00,1767334500.0,other,no_exact_record,,,,,,,,0
2026-01-02T03:30:00-03:00,1767335400.0,other,no_exact_record,,,,,,,,0
2026-01-02T03:45:00-03:00,1767336300.0,other,no_exact_record,,,,,,,,0
2026-01-02T04:00:00-03:00,1767337200.0,other,no_exact_record,,,,,,,,0
2026-01-02T04:15:00-03:00,1767338100.0,other,no_exact_record,,,,,,,,0
2026-01-02T04:30:00-03:00,1767339000.0,other,no_exact_record,,,,,,,,0
2026-01-02T04:45:00-03:00,1767339900.0,other,no_exact_record,,,,,,,,0
2026-01-02T05:00:00-03:00,1767340800.0,other,no_exact_record,,,,,,,,0
2026-01-02T05:15:00-03:00,1767341700.0,other,no_exact_record,,,,,,,,0
2026-01-02T05:30:00-03:00,1767342600.0,other,no_exact_record,,,,,,,,0
2026-01-02T05:45:00-03:00,1767343500.0,other,no_exact_record,,,,,,,,0
2026-01-02T06:00:00-03:00,1767344400.0,other,no_exact_record,,,,,,,,0
2026-01-02T06:15:00-03:00,1767345300.0,other,no_exact_record,,,,,,,,0
2026-01-02T06:30:00-03:00,1767346200.0,other,no_exact_record,,,,,,,,0
2026-01-02T06:45:00-03:00,1767347100.0,other,no_exact_record,,,,,,,,0
2026-01-02T07:15:00-03:00,1767348900.0,other,no_exact_record,,,,,,,,0
2026-01-02T07:30:00-03:00,1767349800.0,other,no_exact_record,,,,,,,,0
2026-01-02T07:45:00-03:00,1767350700.0,other,no_exact_record,,,,,,,,0
2026-01-02T08:00:00-03:00,1767351600.0,other,no_exact_record,,,,,,,,0
2026-01-02T08:15:00-03:00,1767352500.0,other,no_exact_record,,,,,,,,0
2026-01-02T08:30:00-03:00,1767353400.0,other,no_exact_record,,,,,,,,0
2026-01-02T08:45:00-03:00,1767354300.0,other,no_exact_record,,,,,,,,0
2026-01-02T09:00:00-03:00,1767355200.0,other,no_exact_record,,,,,,,,0
2026-01-02T09:15:00-03:00,1767356100.0,other,no_exact_record,,,,,,,,0
2026-01-02T09:30:00-03:00,1767357000.0,other,no_exact_record,,,,,,,,0
2026-01-02T09:45:00-03:00,1767357900.0,other,no_exact_record,,,,,,,,0
2026-01-02T10:00:00-03:00,1767358800.0,other,no_exact_record,,,,,,,,0
2026-01-02T10:15:00-03:00,1767359700.0,other,no_exact_record,,,,,,,,0
2026-01-02T10:30:00-03:00,1767360600.0,other,no_exact_record,,,,,,,,0
2026-01-02T10:45:00-03:00,1767361500.0,other,no_exact_record,,,,,,,,0
2026-01-02T11:00:00-03:00,1767362400.0,other,no_exact_record,,,,,,,,0
2026-01-02T11:15:00-03:00,1767363300.0,other,no_exact_record,,,,,,,,0
2026-01-02T11:30:00-03:00,1767364200.0,other,no_exact_record,,,,,,,,0
2026-01-02T11:45:00-03:00,1767365100.0,other,no_exact_record,,,,,,,,0
2026-01-02T12:00:00-03:00,1767366000.0,other,no_exact_record,,,,,,,,0
2026-01-02T12:15:00-03:00,1767366900.0,other,no_exact_record,,,,,,,,0
2026-01-02T12:30:00-03:00,1767367800.0,other,no_exact_record,,,,,,,,0
2026-01-02T12:45:00-03:00,1767368700.0,other,no_exact_record,,,,,,,,0
2026-01-02T13:00:00-03:00,1767369600.0,other,no_exact_record,,,,,,,,0
2026-01-02T13:15:00-03:00,1767370500.0,other,no_exact_record,,,,,,,,0
2026-01-02T13:30:00-03:00,1767371400.0,other,no_exact_record,,,,,,,,0
2026-01-02T13:45:00-03:00,1767372300.0,other,no_exact_record,,,,,,,,0
2026-01-02T14:00:00-03:00,1767373200.0,other,no_exact_record,,,,,,,,0
2026-01-02T14:15:00-03:00,1767374100.0,other,no_exact_record,,,,,,,,0
2026-01-02T14:30:00-03:00,1767375000.0,other,no_exact_record,,,,,,,,0
2026-01-02T14:45:00-03:00,1767375900.0,other,no_exact_record,,,,,,,,0
2026-01-02T15:00:00-03:00,1767376800.0,other,no_exact_record,,,,,,,,0
2026-01-02T15:15:00-03:00,1767377700.0,other,no_exact_record,,,,,,,,0
2026-01-02T15:30:00-03:00,1767378600.0,other,no_exact_record,,,,,,,,0
2026-01-02T15:45:00-03:00,1767379500.0,other,no_exact_record,,,,,,,,0
2026-01-02T16:00:00-03:00,1767380400.0,other,no_exact_record,,,,,,,,0
2026-01-02T16:15:00-03:00,1767381300.0,other,no_exact_record,,,,,,,,0
2026-01-02T16:30:00-03:00,1767382200.0,other,no_exact_record,,,,,,,,0
2026-01-02T16:45:00-03:00,1767383100.0,other,no_exact_record,,,,,,,,0
2026-01-02T17:15:00-03:00,1767384900.0,other,no_exact_record,,,,,,,,0
2026-01-02T17:30:00-03:00,1767385800.0,other,no_exact_record,,,,,,,,0
2026-01-02T17:45:00-03:00,1767386700.0,other,no_exact_record,,,,,,,,0
2026-01-02T18:00:00-03:00,1767387600.0,other,no_exact_record,,,,,,,,0
2026-01-02T18:15:00-03:00,1767388500.0,other,no_exact_record,,,,,,,,0
2026-01-02T18:30:00-03:00,1767389400.0,other,no_exact_record,,,,,,,,0
2026-01-02T18:45:00-03:00,1767390300.0,other,no_exact_record,,,,,,,,0
2026-01-02T19:00:00-03:00,1767391200.0,other,no_exact_record,,,,,,,,0
2026-01-02T19:15:00-03:00,1767392100.0,other,no_exact_record,,,,,,,,0
2026-01-02T19:30:00-03:00,1767393000.0,other,no_exact_record,,,,,,,,0
2026-01-02T19:45:00-03:00,1767393900.0,other,no_exact_record,,,,,,,,0
2026-01-02T20:00:00-03:00,1767394800.0,other,no_exact_record,,,,,,,,0
2026-01-02T20:15:00-03:00,1767395700.0,other,no_exact_record,,,,,,,,0
2026-01-02T20:30:00-03:00,1767396600.0,other,no_exact_record,,,,,,,,0
2026-01-02T20:45:00-03:00,1767397500.0,other,no_exact_record,,,,,,,,0
2026-01-02T21:00:00-03:00,1767398400.0,other,no_exact_record,,,,,,,,0
2026-01-02T21:15:00-03:00,1767399300.0,other,no_exact_record,,,,,,,,0
2026-01-02T21:30:00-03:00,1767400200.0,other,no_exact_record,,,,,,,,0
2026-01-02T21:45:00-03:00,1767401100.0,other,no_exact_record,,,,,,,,0
2026-01-02T22:00:00-03:00,1767402000.0,other,no_exact_record,,,,,,,,0
2026-01-02T22:15:00-03:00,1767402900.0,other,no_exact_record,,,,,,,,0
2026-01-02T22:30:00-03:00,1767403800.0,other,no_exact_record,,,,,,,,0
2026-01-02T22:45:00-03:00,1767404700.0,other,no_exact_record,,,,,,,,0
2026-01-02T23:00:00-03:00,1767405600.0,other,no_exact_record,,,,,,,,0
2026-01-02T23:15:00-03:00,1767406500.0,other,no_exact_record,,,,,,,,0
2026-01-02T23:30:00-03:00,1767407400.0,other,no_exact_record,,,,,,,,0
2026-01-02T23:45:00-03:00,1767408300.0,other,no_exact_record,,,,,,,,0
2026-01-03T00:00:00-03:00,1767409200.0,other,no_exact_record,,,,,,,,0
2026-01-03T00:15:00-03:00,1767410100.0,other,no_exact_record,,,,,,,,0
2026-01-03T00:30:00-03:00,1767411000.0,other,no_exact_record,,,,,,,,0
2026-01-03T00:45:00-03:00,1767411900.0,other,no_exact_record,,,,,,,,0
2026-01-03T01:00:00-03:00,1767412800.0,other,no_exact_record,,,,,,,,0
2026-01-03T01:15:00-03:00,1767413700.0,other,no_exact_record,,,,,,,,0
2026-01-03T01:30:00-03:00,1767414600.0,other,no_exact_record,,,,,,,,0
2026-01-03T01:45:00-03:00,1767415500.0,other,no_exact_record,,,,,,,,0
2026-01-03T02:00:00-03:00,1767416400.0,other,no_exact_record,,,,,,,,0
2026-01-03T02:15:00-03:00,1767417300.0,other,no_exact_record,,,,,,,,0
2026-01-03T02:30:00-03:00,1767418200.0,other,no_exact_record,,,,,,,,0
2026-01-03T02:45:00-03:00,1767419100.0,other,no_exact_record,,,,,,,,0
2026-01-03T03:00:00-03:00,1767420000.0,other,no_exact_record,,,,,,,,0
2026-01-03T03:15:00-03:00,1767420900.0,other,no_exact_record,,,,,,,,0
2026-01-03T03:30:00-03:00,1767421800.0,other,no_exact_record,,,,,,,,0
2026-01-03T03:45:00-03:00,1767422700.0,other,no_exact_record,,,,,,,,0
2026-01-03T04:00:00-03:00,1767423600.0,other,no_exact_record,,,,,,,,0
2026-01-03T04:15:00-03:00,1767424500.0,other,no_exact_record,,,,,,,,0
2026-01-03T04:30:00-03:00,1767425400.0,other,no_exact_record,,,,,,,,0
2026-01-03T04:45:00-03:00,1767426300.0,other,no_exact_record,,,,,,,,0
2026-01-03T05:00:00-03:00,1767427200.0,other,no_exact_record,,,,,,,,0
2026-01-03T05:15:00-03:00,1767428100.0,other,no_exact_record,,,,,,,,0
2026-01-03T05:30:00-03:00,1767429000.0,other,no_exact_record,,,,,,,,0
2026-01-03T05:45:00-03:00,1767429900.0,other,no_exact_record,,,,,,,,0
2026-01-03T06:00:00-03:00,1767430800.0,other,no_exact_record,,,,,,,,0
2026-01-03T06:15:00-03:00,1767431700.0,other,no_exact_record,,,,,,,,0
2026-01-03T06:30:00-03:00,1767432600.0,other,no_exact_record,,,,,,,,0
2026-01-03T06:45:00-03:00,1767433500.0,other,no_exact_record,,,,,,,,0
2026-01-03T07:15:00-03:00,1767435300.0,other,no_exact_record,,,,,,,,0
2026-01-03T07:30:00-03:00,1767436200.0,other,no_exact_record,,,,,,,,0
2026-01-03T07:45:00-03:00,1767437100.0,other,no_exact_record,,,,,,,,0
2026-01-03T08:00:00-03:00,1767438000.0,other,no_exact_record,,,,,,,,0
2026-01-03T08:15:00-03:00,1767438900.0,other,no_exact_record,,,,,,,,0
2026-01-03T08:30:00-03:00,1767439800.0,other,no_exact_record,,,,,,,,0
2026-01-03T08:45:00-03:00,1767440700.0,other,no_exact_record,,,,,,,,0
2026-01-03T09:00:00-03:00,1767441600.0,other,no_exact_record,,,,,,,,0
2026-01-03T09:15:00-03:00,1767442500.0,other,no_exact_record,,,,,,,,0
2026-01-03T09:30:00-03:00,1767443400.0,other,no_exact_record,,,,,,,,0
2026-01-03T09:45:00-03:00,1767444300.0,other,no_exact_record,,,,,,,,0
2026-01-03T10:00:00-03:00,1767445200.0,other,no_exact_record,,,,,,,,0
2026-01-03T10:15:00-03:00,1767446100.0,other,no_exact_record,,,,,,,,0
2026-01-03T10:30:00-03:00,1767447000.0,other,no_exact_record,,,,,,,,0
2026-01-03T10:45:00-03:00,1767447900.0,other,no_exact_record,,,,,,,,0
2026-01-03T11:00:00-03:00,1767448800.0,other,no_exact_record,,,,,,,,0
2026-01-03T11:15:00-03:00,1767449700.0,other,no_exact_record,,,,,,,,0
2026-01-03T11:30:00-03:00,1767450600.0,other,no_exact_record,,,,,,,,0
2026-01-03T11:45:00-03:00,1767451500.0,other,no_exact_record,,,,,,,,0
2026-01-03T12:00:00-03:00,1767452400.0,other,no_exact_record,,,,,,,,0
2026-01-03T12:15:00-03:00,1767453300.0,other,no_exact_record,,,,,,,,0
2026-01-03T12:30:00-03:00,1767454200.0,other,no_exact_record,,,,,,,,0
2026-01-03T12:45:00-03:00,1767455100.0,other,no_exact_record,,,,,,,,0
2026-01-03T13:00:00-03:00,1767456000.0,other,no_exact_record,,,,,,,,0
2026-01-03T13:15:00-03:00,1767456900.0,other,no_exact_record,,,,,,,,0
2026-01-03T13:30:00-03:00,1767457800.0,other,no_exact_record,,,,,,,,0
2026-01-03T13:45:00-03:00,1767458700.0,other,no_exact_record,,,,,,,,0
2026-01-03T14:00:00-03:00,1767459600.0,other,no_exact_record,,,,,,,,0
2026-01-03T14:15:00-03:00,1767460500.0,other,no_exact_record,,,,,,,,0
2026-01-03T14:30:00-03:00,1767461400.0,other,no_exact_record,,,,,,,,0
2026-01-03T14:45:00-03:00,1767462300.0,other,no_exact_record,,,,,,,,0
2026-01-03T15:00:00-03:00,1767463200.0,other,no_exact_record,,,,,,,,0
2026-01-03T15:15:00-03:00,1767464100.0,other,no_exact_record,,,,,,,,0
2026-01-03T15:30:00-03:00,1767465000.0,other,no_exact_record,,,,,,,,0
2026-01-03T15:45:00-03:00,1767465900.0,other,no_exact_record,,,,,,,,0
2026-01-03T16:00:00-03:00,1767466800.0,other,no_exact_record,,,,,,,,0
2026-01-03T16:15:00-03:00,1767467700.0,other,no_exact_record,,,,,,,,0
2026-01-03T16:30:00-03:00,1767468600.0,other,no_exact_record,,,,,,,,0
2026-01-03T16:45:00-03:00,1767469500.0,other,no_exact_record,,,,,,,,0
2026-01-03T17:15:00-03:00,1767471300.0,other,no_exact_record,,,,,,,,0
2026-01-03T17:30:00-03:00,1767472200.0,other,no_exact_record,,,,,,,,0
2026-01-03T17:45:00-03:00,1767473100.0,other,no_exact_record,,,,,,,,0
2026-01-03T18:00:00-03:00,1767474000.0,other,no_exact_record,,,,,,,,0
2026-01-03T18:15:00-03:00,1767474900.0,other,no_exact_record,,,,,,,,0
2026-01-03T18:30:00-03:00,1767475800.0,other,no_exact_record,,,,,,,,0
2026-01-03T18:45:00-03:00,1767476700.0,other,no_exact_record,,,,,,,,0
2026-01-03T19:00:00-03:00,1767477600.0,other,no_exact_record,,,,,,,,0
2026-01-03T19:15:00-03:00,1767478500.0,other,no_exact_record,,,,,,,,0
2026-01-03T19:30:00-03:00,1767479400.0,other,no_exact_record,,,,,,,,0
2026-01-03T19:45:00-03:00,1767480300.0,other,no_exact_record,,,,,,,,0
2026-01-03T20:00:00-03:00,1767481200.0,other,no_exact_record,,,,,,,,0
2026-01-03T20:15:00-03:00,1767482100.0,other,no_exact_record,,,,,,,,0
2026-01-03T20:30:00-03:00,1767483000.0,other,no_exact_record,,,,,,,,0
2026-01-03T20:45:00-03:00,1767483900.0,other,no_exact_record,,,,,,,,0
2026-01-03T21:00:00-03:00,1767484800.0,other,no_exact_record,,,,,,,,0
2026-01-03T21:15:00-03:00,1767485700.0,other,no_exact_record,,,,,,,,0
2026-01-03T21:30:00-03:00,1767486600.0,other,no_exact_record,,,,,,,,0
2026-01-03T21:45:00-03:00,1767487500.0,other,no_exact_record,,,,,,,,0
2026-01-03T22:00:00-03:00,1767488400.0,other,no_exact_record,,,,,,,,0
2026-01-03T22:15:00-03:00,1767489300.0,other,no_exact_record,,,,,,,,0
2026-01-03T22:30:00-03:00,1767490200.0,other,no_exact_record,,,,,,,,0
2026-01-03T22:45:00-03:00,1767491100.0,other,no_exact_record,,,,,,,,0
2026-01-03T23:00:00-03:00,1767492000.0,other,no_exact_record,,,,,,,,0
2026-01-03T23:15:00-03:00,1767492900.0,other,no_exact_record,,,,,,,,0
2026-01-03T23:30:00-03:00,1767493800.0,other,no_exact_record,,,,,,,,0
2026-01-03T23:45:00-03:00,1767494700.0,other,no_exact_record,,,,,,,,0
2026-01-04T00:00:00-03:00,1767495600.0,other,no_exact_record,,,,,,,,0
2026-01-04T00:15:00-03:00,1767496500.0,other,no_exact_record,,,,,,,,0
2026-01-04T00:30:00-03:00,1767497400.0,other,no_exact_record,,,,,,,,0
2026-01-04T00:45:00-03:00,1767498300.0,other,no_exact_record,,,,,,,,0
2026-01-04T01:00:00-03:00,1767499200.0,other,no_exact_record,,,,,,,,0
2026-01-04T01:15:00-03:00,1767500100.0,other,no_exact_record,,,,,,,,0
2026-01-04T01:30:00-03:00,1767501000.0,other,no_exact_record,,,,,,,,0
2026-01-04T01:45:00-03:00,1767501900.0,other,no_exact_record,,,,,,,,0
2026-01-04T02:00:00-03:00,1767502800.0,other,no_exact_record,,,,,,,,0
2026-01-04T02:15:00-03:00,1767503700.0,other,no_exact_record,,,,,,,,0
2026-01-04T02:30:00-03:00,1767504600.0,other,no_exact_record,,,,,,,,0
2026-01-04T02:45:00-03:00,1767505500.0,other,no_exact_record,,,,,,,,0
2026-01-04T03:00:00-03:00,1767506400.0,other,no_exact_record,,,,,,,,0
2026-01-04T03:15:00-03:00,1767507300.0,other,no_exact_record,,,,,,,,0
2026-01-04T03:30:00-03:00,1767508200.0,other,no_exact_record,,,,,,,,0
2026-01-04T03:45:00-03:00,1767509100.0,other,no_exact_record,,,,,,,,0
2026-01-04T04:00:00-03:00,1767510000.0,other,no_exact_record,,,,,,,,0
2026-01-04T04:15:00-03:00,1767510900.0,other,no_exact_record,,,,,,,,0
2026-01-04T04:30:00-03:00,1767511800.0,other,no_exact_record,,,,,,,,0
2026-01-04T04:45:00-03:00,1767512700.0,other,no_exact_record,,,,,,,,0
2026-01-04T05:00:00-03:00,1767513600.0,other,no_exact_record,,,,,,,,0
2026-01-04T05:15:00-03:00,1767514500.0,other,no_exact_record,,,,,,,,0
2026-01-04T05:30:00-03:00,1767515400.0,other,no_exact_record,,,,,,,,0
2026-01-04T05:45:00-03:00,1767516300.0,other,no_exact_record,,,,,,,,0
2026-01-04T06:00:00-03:00,1767517200.0,other,no_exact_record,,,,,,,,0
2026-01-04T06:15:00-03:00,1767518100.0,other,no_exact_record,,,,,,,,0
2026-01-04T06:30:00-03:00,1767519000.0,other,no_exact_record,,,,,,,,0
2026-01-04T06:45:00-03:00,1767519900.0,other,no_exact_record,,,,,,,,0
2026-01-04T07:15:00-03:00,1767521700.0,other,no_exact_record,,,,,,,,0
2026-01-04T07:30:00-03:00,1767522600.0,other,no_exact_record,,,,,,,,0
2026-01-04T07:45:00-03:00,1767523500.0,other,no_exact_record,,,,,,,,0
2026-01-04T08:00:00-03:00,1767524400.0,other,no_exact_record,,,,,,,,0
2026-01-04T08:15:00-03:00,1767525300.0,other,no_exact_record,,,,,,,,0
2026-01-04T08:30:00-03:00,1767526200.0,other,no_exact_record,,,,,,,,0
2026-01-04T08:45:00-03:00,1767527100.0,other,no_exact_record,,,,,,,,0
2026-01-04T09:00:00-03:00,1767528000.0,other,no_exact_record,,,,,,,,0
2026-01-04T09:15:00-03:00,1767528900.0,other,no_exact_record,,,,,,,,0
2026-01-04T09:30:00-03:00,1767529800.0,other,no_exact_record,,,,,,,,0
2026-01-04T09:45:00-03:00,1767530700.0,other,no_exact_record,,,,,,,,0
2026-01-04T10:00:00-03:00,1767531600.0,other,no_exact_record,,,,,,,,0
2026-01-04T10:15:00-03:00,1767532500.0,other,no_exact_record,,,,,,,,0
2026-01-04T10:30:00-03:00,1767533400.0,other,no_exact_record,,,,,,,,0
2026-01-04T10:45:00-03:00,1767534300.0,other,no_exact_record,,,,,,,,0
2026-01-04T11:00:00-03:00,1767535200.0,other,no_exact_record,,,,,,,,0
2026-01-04T11:15:00-03:00,1767536100.0,other,no_exact_record,,,,,,,,0
2026-01-04T11:30:00-03:00,1767537000.0,other,no_exact_record,,,,,,,,0
2026-01-04T11:45:00-03:00,1767537900.0,other,no_exact_record,,,,,,,,0
2026-01-04T12:00:00-03:00,1767538800.0,other,no_exact_record,,,,,,,,0
2026-01-04T12:15:00-03:00,1767539700.0,other,no_exact_record,,,,,,,,0
2026-01-04T12:30:00-03:00,1767540600.0,other,no_exact_record,,,,,,,,0
2026-01-04T12:45:00-03:00,1767541500.0,other,no_exact_record,,,,,,,,0
2026-01-04T13:00:00-03:00,1767542400.0,other,no_exact_record,,,,,,,,0
2026-01-04T13:15:00-03:00,1767543300.0,other,no_exact_record,,,,,,,,0
2026-01-04T13:30:00-03:00,1767544200.0,other,no_exact_record,,,,,,,,0
2026-01-04T13:45:00-03:00,1767545100.0,other,no_exact_record,,,,,,,,0
2026-01-04T14:00:00-03:00,1767546000.0,other,no_exact_record,,,,,,,,0
2026-01-04T14:15:00-03:00,1767546900.0,other,no_exact_record,,,,,,,,0
2026-01-04T14:30:00-03:00,1767547800.0,other,no_exact_record,,,,,,,,0
2026-01-04T14:45:00-03:00,1767548700.0,other,no_exact_record,,,,,,,,0
2026-01-04T15:00:00-03:00,1767549600.0,other,no_exact_record,,,,,,,,0
2026-01-04T15:15:00-03:00,1767550500.0,other,no_exact_record,,,,,,,,0
2026-01-04T15:30:00-03:00,1767551400.0,other,no_exact_record,,,,,,,,0
2026-01-04T15:45:00-03:00,1767552300.0,other,no_exact_record,,,,,,,,0
2026-01-04T16:00:00-03:00,1767553200.0,other,no_exact_record,,,,,,,,0
2026-01-04T16:15:00-03:00,1767554100.0,other,no_exact_record,,,,,,,,0
2026-01-04T16:30:00-03:00,1767555000.0,other,no_exact_record,,,,,,,,0
2026-01-04T16:45:00-03:00,1767555900.0,other,no_exact_record,,,,,,,,0
2026-01-04T17:15:00-03:00,1767557700.0,other,no_exact_record,,,,,,,,0
2026-01-04T17:30:00-03:00,1767558600.0,other,no_exact_record,,,,,,,,0
2026-01-04T17:45:00-03:00,1767559500.0,other,no_exact_record,,,,,,,,0
2026-01-04T18:00:00-03:00,1767560400.0,other,no_exact_record,,,,,,,,0
2026-01-04T18:15:00-03:00,1767561300.0,other,no_exact_record,,,,,,,,0
2026-01-04T18:30:00-03:00,1767562200.0,other,no_exact_record,,,,,,,,0
2026-01-04T18:45:00-03:00,1767563100.0,other,no_exact_record,,,,,,,,0
2026-01-04T19:00:00-03:00,1767564000.0,other,no_exact_record,,,,,,,,0
2026-01-04T19:15:00-03:00,1767564900.0,other,no_exact_record,,,,,,,,0
2026-01-04T19:30:00-03:00,1767565800.0,other,no_exact_record,,,,,,,,0
2026-01-04T19:45:00-03:00,1767566700.0,other,no_exact_record,,,,,,,,0
2026-01-04T20:00:00-03:00,1767567600.0,other,no_exact_record,,,,,,,,0
2026-01-04T20:15:00-03:00,1767568500.0,other,no_exact_record,,,,,,,,0
2026-01-04T20:30:00-03:00,1767569400.0,other,no_exact_record,,,,,,,,0
2026-01-04T20:45:00-03:00,1767570300.0,other,no_exact_record,,,,,,,,0
2026-01-04T21:00:00-03:00,1767571200.0,other,no_exact_record,,,,,,,,0
2026-01-04T21:15:00-03:00,1767572100.0,other,no_exact_record,,,,,,,,0
2026-01-04T21:30:00-03:00,1767573000.0,other,no_exact_record,,,,,,,,0
2026-01-04T21:45:00-03:00,1767573900.0,other,no_exact_record,,,,,,,,0
2026-01-04T22:00:00-03:00,1767574800.0,other,no_exact_record,,,,,,,,0
2026-01-04T22:15:00-03:00,1767575700.0,other,no_exact_record,,,,,,,,0
2026-01-04T22:30:00-03:00,1767576600.0,other,no_exact_record,,,,,,,,0
2026-01-04T22:45:00-03:00,1767577500.0,other,no_exact_record,,,,,,,,0
2026-01-04T23:00:00-03:00,1767578400.0,other,no_exact_record,,,,,,,,0
2026-01-04T23:15:00-03:00,1767579300.0,other,no_exact_record,,,,,,,,0
2026-01-04T23:30:00-03:00,1767580200.0,other,no_exact_record,,,,,,,,0
2026-01-04T23:45:00-03:00,1767581100.0,other,no_exact_record,,,,,,,,0
2026-01-05T00:00:00-03:00,1767582000.0,other,no_exact_record,,,,,,,,0
2026-01-05T00:15:00-03:00,1767582900.0,other,no_exact_record,,,,,,,,0
2026-01-05T00:30:00-03:00,1767583800.0,other,no_exact_record,,,,,,,,0
2026-01-05T00:45:00-03:00,1767584700.0,other,no_exact_record,,,,,,,,0
2026-01-05T01:00:00-03:00,1767585600.0,other,no_exact_record,,,,,,,,0
2026-01-05T01:15:00-03:00,1767586500.0,other,no_exact_record,,,,,,,,0
2026-01-05T01:30:00-03:00,1767587400.0,other,no_exact_record,,,,,,,,0
2026-01-05T01:45:00-03:00,1767588300.0,other,no_exact_record,,,,,,,,0
2026-01-05T02:00:00-03:00,1767589200.0,other,no_exact_record,,,,,,,,0
2026-01-05T02:15:00-03:00,1767590100.0,other,no_exact_record,,,,,,,,0
2026-01-05T02:30:00-03:00,1767591000.0,other,no_exact_record,,,,,,,,0
2026-01-05T02:45:00-03:00,1767591900.0,other,no_exact_record,,,,,,,,0
2026-01-05T03:00:00-03:00,1767592800.0,other,no_exact_record,,,,,,,,0
2026-01-05T03:15:00-03:00,1767593700.0,other,no_exact_record,,,,,,,,0
2026-01-05T03:30:00-03:00,1767594600.0,other,no_exact_record,,,,,,,,0
2026-01-05T03:45:00-03:00,1767595500.0,other,no_exact_record,,,,,,,,0
2026-01-05T04:00:00-03:00,1767596400.0,other,no_exact_record,,,,,,,,0
2026-01-05T04:15:00-03:00,1767597300.0,other,no_exact_record,,,,,,,,0
2026-01-05T04:30:00-03:00,1767598200.0,other,no_exact_record,,,,,,,,0
2026-01-05T04:45:00-03:00,1767599100.0,other,no_exact_record,,,,,,,,0
2026-01-05T05:00:00-03:00,1767600000.0,other,no_exact_record,,,,,,,,0
2026-01-05T05:15:00-03:00,1767600900.0,other,no_exact_record,,,,,,,,0
2026-01-05T05:30:00-03:00,1767601800.0,other,no_exact_record,,,,,,,,0
2026-01-05T05:45:00-03:00,1767602700.0,other,no_exact_record,,,,,,,,0
2026-01-05T06:00:00-03:00,1767603600.0,other,no_exact_record,,,,,,,,0
2026-01-05T06:15:00-03:00,1767604500.0,other,no_exact_record,,,,,,,,0
2026-01-05T06:30:00-03:00,1767605400.0,other,no_exact_record,,,,,,,,0
2026-01-05T06:45:00-03:00,1767606300.0,other,no_exact_record,,,,,,,,0
2026-01-05T07:15:00-03:00,1767608100.0,other,no_exact_record,,,,,,,,0
2026-01-05T07:30:00-03:00,1767609000.0,other,no_exact_record,,,,,,,,0
2026-01-05T07:45:00-03:00,1767609900.0,other,no_exact_record,,,,,,,,0
2026-01-05T08:00:00-03:00,1767610800.0,other,no_exact_record,,,,,,,,0
2026-01-05T08:15:00-03:00,1767611700.0,other,no_exact_record,,,,,,,,0
2026-01-05T08:30:00-03:00,1767612600.0,other,no_exact_record,,,,,,,,0
2026-01-05T08:45:00-03:00,1767613500.0,other,no_exact_record,,,,,,,,0
2026-01-05T09:00:00-03:00,1767614400.0,other,no_exact_record,,,,,,,,0
2026-01-05T09:15:00-03:00,1767615300.0,other,no_exact_record,,,,,,,,0
2026-01-05T09:30:00-03:00,1767616200.0,other,no_exact_record,,,,,,,,0
2026-01-05T09:45:00-03:00,1767617100.0,other,no_exact_record,,,,,,,,0
2026-01-05T10:00:00-03:00,1767618000.0,other,no_exact_record,,,,,,,,0
2026-01-05T10:15:00-03:00,1767618900.0,other,no_exact_record,,,,,,,,0
2026-01-05T10:30:00-03:00,1767619800.0,other,no_exact_record,,,,,,,,0
2026-01-05T10:45:00-03:00,1767620700.0,other,no_exact_record,,,,,,,,0
2026-01-05T11:00:00-03:00,1767621600.0,other,no_exact_record,,,,,,,,0
2026-01-05T11:15:00-03:00,1767622500.0,other,no_exact_record,,,,,,,,0
2026-01-05T11:30:00-03:00,1767623400.0,other,no_exact_record,,,,,,,,0
2026-01-05T11:45:00-03:00,1767624300.0,other,no_exact_record,,,,,,,,0
2026-01-05T12:00:00-03:00,1767625200.0,other,no_exact_record,,,,,,,,0
2026-01-05T12:15:00-03:00,1767626100.0,other,no_exact_record,,,,,,,,0
2026-01-05T12:30:00-03:00,1767627000.0,other,no_exact_record,,,,,,,,0
2026-01-05T12:45:00-03:00,1767627900.0,other,no_exact_record,,,,,,,,0
2026-01-05T13:00:00-03:00,1767628800.0,other,no_exact_record,,,,,,,,0
2026-01-05T13:15:00-03:00,1767629700.0,other,no_exact_record,,,,,,,,0
2026-01-05T13:30:00-03:00,1767630600.0,other,no_exact_record,,,,,,,,0
2026-01-05T13:45:00-03:00,1767631500.0,other,no_exact_record,,,,,,,,0
2026-01-05T14:00:00-03:00,1767632400.0,other,no_exact_record,,,,,,,,0
2026-01-05T14:15:00-03:00,1767633300.0,other,no_exact_record,,,,,,,,0
2026-01-05T14:30:00-03:00,1767634200.0,other,no_exact_record,,,,,,,,0
2026-01-05T14:45:00-03:00,1767635100.0,other,no_exact_record,,,,,,,,0
2026-01-05T15:00:00-03:00,1767636000.0,other,no_exact_record,,,,,,,,0
2026-01-05T15:15:00-03:00,1767636900.0,other,no_exact_record,,,,,,,,0
2026-01-05T15:30:00-03:00,1767637800.0,other,no_exact_record,,,,,,,,0
2026-01-05T15:45:00-03:00,1767638700.0,other,no_exact_record,,,,,,,,0
2026-01-05T16:00:00-03:00,1767639600.0,other,no_exact_record,,,,,,,,0
2026-01-05T16:15:00-03:00,1767640500.0,other,no_exact_record,,,,,,,,0
2026-01-05T16:30:00-03:00,1767641400.0,other,no_exact_record,,,,,,,,0
2026-01-05T16:45:00-03:00,1767642300.0,other,no_exact_record,,,,,,,,0
2026-01-05T17:15:00-03:00,1767644100.0,other,no_exact_record,,,,,,,,0
2026-01-05T17:30:00-03:00,1767645000.0,other,no_exact_record,,,,,,,,0
2026-01-05T17:45:00-03:00,1767645900.0,other,no_exact_record,,,,,,,,0
2026-01-05T18:00:00-03:00,1767646800.0,other,no_exact_record,,,,,,,,0
2026-01-05T18:15:00-03:00,1767647700.0,other,no_exact_record,,,,,,,,0
2026-01-05T18:30:00-03:00,1767648600.0,other,no_exact_record,,,,,,,,0
2026-01-05T18:45:00-03:00,1767649500.0,other,no_exact_record,,,,,,,,0
2026-01-05T19:00:00-03:00,1767650400.0,other,no_exact_record,,,,,,,,0
2026-01-05T19:15:00-03:00,1767651300.0,other,no_exact_record,,,,,,,,0
2026-01-05T19:30:00-03:00,1767652200.0,other,no_exact_record,,,,,,,,0
2026-01-05T19:45:00-03:00,1767653100.0,other,no_exact_record,,,,,,,,0
2026-01-05T20:00:00-03:00,1767654000.0,other,no_exact_record,,,,,,,,0
2026-01-05T20:15:00-03:00,1767654900.0,other,no_exact_record,,,,,,,,0
2026-01-05T20:30:00-03:00,1767655800.0,other,no_exact_record,,,,,,,,0
2026-01-05T20:45:00-03:00,1767656700.0,other,no_exact_record,,,,,,,,0
2026-01-05T21:00:00-03:00,1767657600.0,other,no_exact_record,,,,,,,,0
2026-01-05T21:15:00-03:00,1767658500.0,other,no_exact_record,,,,,,,,0
2026-01-05T21:30:00-03:00,1767659400.0,other,no_exact_record,,,,,,,,0
2026-01-05T21:45:00-03:00,1767660300.0,other,no_exact_record,,,,,,,,0
2026-01-05T22:00:00-03:00,1767661200.0,other,no_exact_record,,,,,,,,0
2026-01-05T22:15:00-03:00,1767662100.0,other,no_exact_record,,,,,,,,0
2026-01-05T22:30:00-03:00,1767663000.0,other,no_exact_record,,,,,,,,0
2026-01-05T22:45:00-03:00,1767663900.0,other,no_exact_record,,,,,,,,0
2026-01-05T23:00:00-03:00,1767664800.0,other,no_exact_record,,,,,,,,0
2026-01-05T23:15:00-03:00,1767665700.0,other,no_exact_record,,,,,,,,0
2026-01-05T23:30:00-03:00,1767666600.0,other,no_exact_record,,,,,,,,0
2026-01-05T23:45:00-03:00,1767667500.0,other,no_exact_record,,,,,,,,0
2026-01-06T00:00:00-03:00,1767668400.0,other,no_exact_record,,,,,,,,0
2026-01-06T00:15:00-03:00,1767669300.0,other,no_exact_record,,,,,,,,0
2026-01-06T00:30:00-03:00,1767670200.0,other,no_exact_record,,,,,,,,0
2026-01-06T00:45:00-03:00,1767671100.0,other,no_exact_record,,,,,,,,0
2026-01-06T01:00:00-03:00,1767672000.0,other,no_exact_record,,,,,,,,0
2026-01-06T01:15:00-03:00,1767672900.0,other,no_exact_record,,,,,,,,0
2026-01-06T01:30:00-03:00,1767673800.0,other,no_exact_record,,,,,,,,0
2026-01-06T01:45:00-03:00,1767674700.0,other,no_exact_record,,,,,,,,0
2026-01-06T02:00:00-03:00,1767675600.0,other,no_exact_record,,,,,,,,0
2026-01-06T02:15:00-03:00,1767676500.0,other,no_exact_record,,,,,,,,0
2026-01-06T02:30:00-03:00,1767677400.0,other,no_exact_record,,,,,,,,0
2026-01-06T02:45:00-03:00,1767678300.0,other,no_exact_record,,,,,,,,0
2026-01-06T03:00:00-03:00,1767679200.0,other,no_exact_record,,,,,,,,0
2026-01-06T03:15:00-03:00,1767680100.0,other,no_exact_record,,,,,,,,0
2026-01-06T03:30:00-03:00,1767681000.0,other,no_exact_record,,,,,,,,0
2026-01-06T03:45:00-03:00,1767681900.0,other,no_exact_record,,,,,,,,0
2026-01-06T04:00:00-03:00,1767682800.0,other,no_exact_record,,,,,,,,0
2026-01-06T04:15:00-03:00,1767683700.0,other,no_exact_record,,,,,,,,0
2026-01-06T04:30:00-03:00,1767684600.0,other,no_exact_record,,,,,,,,0
2026-01-06T04:45:00-03:00,1767685500.0,other,no_exact_record,,,,,,,,0
2026-01-06T05:00:00-03:00,1767686400.0,other,no_exact_record,,,,,,,,0
2026-01-06T05:15:00-03:00,1767687300.0,other,no_exact_record,,,,,,,,0
2026-01-06T05:30:00-03:00,1767688200.0,other,no_exact_record,,,,,,,,0
2026-01-06T05:45:00-03:00,1767689100.0,other,no_exact_record,,,,,,,,0
2026-01-06T06:00:00-03:00,1767690000.0,other,no_exact_record,,,,,,,,0
2026-01-06T06:15:00-03:00,1767690900.0,other,no_exact_record,,,,,,,,0
2026-01-06T06:30:00-03:00,1767691800.0,other,no_exact_record,,,,,,,,0
2026-01-06T06:45:00-03:00,1767692700.0,other,no_exact_record,,,,,,,,0
2026-01-06T07:15:00-03:00,1767694500.0,other,no_exact_record,,,,,,,,0
2026-01-06T07:30:00-03:00,1767695400.0,other,no_exact_record,,,,,,,,0
2026-01-06T07:45:00-03:00,1767696300.0,other,no_exact_record,,,,,,,,0
2026-01-06T08:00:00-03:00,1767697200.0,other,no_exact_record,,,,,,,,0
2026-01-06T08:15:00-03:00,1767698100.0,other,no_exact_record,,,,,,,,0
2026-01-06T08:30:00-03:00,1767699000.0,other,no_exact_record,,,,,,,,0
2026-01-06T08:45:00-03:00,1767699900.0,other,no_exact_record,,,,,,,,0
2026-01-06T09:00:00-03:00,1767700800.0,other,no_exact_record,,,,,,,,0
2026-01-06T09:15:00-03:00,1767701700.0,other,no_exact_record,,,,,,,,0
2026-01-06T09:30:00-03:00,1767702600.0,other,no_exact_record,,,,,,,,0
2026-01-06T09:45:00-03:00,1767703500.0,other,no_exact_record,,,,,,,,0
2026-01-06T10:00:00-03:00,1767704400.0,other,no_exact_record,,,,,,,,0
2026-01-06T10:15:00-03:00,1767705300.0,other,no_exact_record,,,,,,,,0
2026-01-06T10:30:00-03:00,1767706200.0,other,no_exact_record,,,,,,,,0
2026-01-06T10:45:00-03:00,1767707100.0,other,no_exact_record,,,,,,,,0
2026-01-06T11:00:00-03:00,1767708000.0,other,no_exact_record,,,,,,,,0
2026-01-06T11:15:00-03:00,1767708900.0,other,no_exact_record,,,,,,,,0
2026-01-06T11:30:00-03:00,1767709800.0,other,no_exact_record,,,,,,,,0
2026-01-06T11:45:00-03:00,1767710700.0,other,no_exact_record,,,,,,,,0
2026-01-06T12:00:00-03:00,1767711600.0,other,no_exact_record,,,,,,,,0
2026-01-06T12:15:00-03:00,1767712500.0,other,no_exact_record,,,,,,,,0
2026-01-06T12:30:00-03:00,1767713400.0,other,no_exact_record,,,,,,,,0
2026-01-06T12:45:00-03:00,1767714300.0,other,no_exact_record,,,,,,,,0
2026-01-06T13:00:00-03:00,1767715200.0,other,no_exact_record,,,,,,,,0
2026-01-06T13:15:00-03:00,1767716100.0,other,no_exact_record,,,,,,,,0
2026-01-06T13:30:00-03:00,1767717000.0,other,no_exact_record,,,,,,,,0
2026-01-06T13:45:00-03:00,1767717900.0,other,no_exact_record,,,,,,,,0
2026-01-06T14:00:00-03:00,1767718800.0,other,no_exact_record,,,,,,,,0
2026-01-06T14:15:00-03:00,1767719700.0,other,no_exact_record,,,,,,,,0
2026-01-06T14:30:00-03:00,1767720600.0,other,no_exact_record,,,,,,,,0
2026-01-06T14:45:00-03:00,1767721500.0,other,no_exact_record,,,,,,,,0
2026-01-06T15:00:00-03:00,1767722400.0,other,no_exact_record,,,,,,,,0
2026-01-06T15:15:00-03:00,1767723300.0,other,no_exact_record,,,,,,,,0
2026-01-06T15:30:00-03:00,1767724200.0,other,no_exact_record,,,,,,,,0
2026-01-06T15:45:00-03:00,1767725100.0,other,no_exact_record,,,,,,,,0
2026-01-06T16:00:00-03:00,1767726000.0,other,no_exact_record,,,,,,,,0
2026-01-06T16:15:00-03:00,1767726900.0,other,no_exact_record,,,,,,,,0
2026-01-06T16:30:00-03:00,1767727800.0,other,no_exact_record,,,,,,,,0
2026-01-06T16:45:00-03:00,1767728700.0,other,no_exact_record,,,,,,,,0
2026-01-06T17:15:00-03:00,1767730500.0,other,no_exact_record,,,,,,,,0
2026-01-06T17:30:00-03:00,1767731400.0,other,no_exact_record,,,,,,,,0
2026-01-06T17:45:00-03:00,1767732300.0,other,no_exact_record,,,,,,,,0
2026-01-06T18:00:00-03:00,1767733200.0,other,no_exact_record,,,,,,,,0
2026-01-06T18:15:00-03:00,1767734100.0,other,no_exact_record,,,,,,,,0
2026-01-06T18:30:00-03:00,1767735000.0,other,no_exact_record,,,,,,,,0
2026-01-06T18:45:00-03:00,1767735900.0,other,no_exact_record,,,,,,,,0
2026-01-06T19:00:00-03:00,1767736800.0,other,no_exact_record,,,,,,,,0
2026-01-06T19:15:00-03:00,1767737700.0,other,no_exact_record,,,,,,,,0
2026-01-06T19:30:00-03:00,1767738600.0,other,no_exact_record,,,,,,,,0
2026-01-06T19:45:00-03:00,1767739500.0,other,no_exact_record,,,,,,,,0
2026-01-06T20:00:00-03:00,1767740400.0,other,no_exact_record,,,,,,,,0
2026-01-06T20:15:00-03:00,1767741300.0,other,no_exact_record,,,,,,,,0
2026-01-06T20:30:00-03:00,1767742200.0,other,no_exact_record,,,,,,,,0
2026-01-06T20:45:00-03:00,1767743100.0,other,no_exact_record,,,,,,,,0
2026-01-06T21:00:00-03:00,1767744000.0,other,no_exact_record,,,,,,,,0
2026-01-06T21:15:00-03:00,1767744900.0,other,no_exact_record,,,,,,,,0
2026-01-06T21:30:00-03:00,1767745800.0,other,no_exact_record,,,,,,,,0
2026-01-06T21:45:00-03:00,1767746700.0,other,no_exact_record,,,,,,,,0
2026-01-06T22:00:00-03:00,1767747600.0,other,no_exact_record,,,,,,,,0
2026-01-06T22:15:00-03:00,1767748500.0,other,no_exact_record,,,,,,,,0
2026-01-06T22:30:00-03:00,1767749400.0,other,no_exact_record,,,,,,,,0
2026-01-06T22:45:00-03:00,1767750300.0,other,no_exact_record,,,,,,,,0
2026-01-06T23:00:00-03:00,1767751200.0,other,no_exact_record,,,,,,,,0
2026-01-06T23:15:00-03:00,1767752100.0,other,no_exact_record,,,,,,,,0
2026-01-06T23:30:00-03:00,1767753000.0,other,no_exact_record,,,,,,,,0
2026-01-06T23:45:00-03:00,1767753900.0,other,no_exact_record,,,,,,,,0
2026-01-07T00:00:00-03:00,1767754800.0,other,no_exact_record,,,,,,,,0
2026-01-07T00:15:00-03:00,1767755700.0,other,no_exact_record,,,,,,,,0
2026-01-07T00:30:00-03:00,1767756600.0,other,no_exact_record,,,,,,,,0
2026-01-07T00:45:00-03:00,1767757500.0,other,no_exact_record,,,,,,,,0
2026-01-07T01:00:00-03:00,1767758400.0,other,no_exact_record,,,,,,,,0
2026-01-07T01:15:00-03:00,1767759300.0,other,no_exact_record,,,,,,,,0
2026-01-07T01:30:00-03:00,1767760200.0,other,no_exact_record,,,,,,,,0
2026-01-07T01:45:00-03:00,1767761100.0,other,no_exact_record,,,,,,,,0
2026-01-07T02:00:00-03:00,1767762000.0,other,no_exact_record,,,,,,,,0
2026-01-07T02:15:00-03:00,1767762900.0,other,no_exact_record,,,,,,,,0
2026-01-07T02:30:00-03:00,1767763800.0,other,no_exact_record,,,,,,,,0
2026-01-07T02:45:00-03:00,1767764700.0,other,no_exact_record,,,,,,,,0
2026-01-07T03:00:00-03:00,1767765600.0,other,no_exact_record,,,,,,,,0
2026-01-07T03:15:00-03:00,1767766500.0,other,no_exact_record,,,,,,,,0
2026-01-07T03:30:00-03:00,1767767400.0,other,no_exact_record,,,,,,,,0
2026-01-07T03:45:00-03:00,1767768300.0,other,no_exact_record,,,,,,,,0
2026-01-07T04:00:00-03:00,1767769200.0,other,no_exact_record,,,,,,,,0
2026-01-07T04:15:00-03:00,1767770100.0,other,no_exact_record,,,,,,,,0
2026-01-07T04:30:00-03:00,1767771000.0,other,no_exact_record,,,,,,,,0
2026-01-07T04:45:00-03:00,1767771900.0,other,no_exact_record,,,,,,,,0
2026-01-07T05:00:00-03:00,1767772800.0,other,no_exact_record,,,,,,,,0
2026-01-07T05:15:00-03:00,1767773700.0,other,no_exact_record,,,,,,,,0
2026-01-07T05:30:00-03:00,1767774600.0,other,no_exact_record,,,,,,,,0
2026-01-07T05:45:00-03:00,1767775500.0,other,no_exact_record,,,,,,,,0
2026-01-07T06:00:00-03:00,1767776400.0,other,no_exact_record,,,,,,,,0
2026-01-07T06:15:00-03:00,1767777300.0,other,no_exact_record,,,,,,,,0
2026-01-07T06:30:00-03:00,1767778200.0,other,no_exact_record,,,,,,,,0
2026-01-07T06:45:00-03:00,1767779100.0,other,no_exact_record,,,,,,,,0
2026-01-07T07:15:00-03:00,1767780900.0,other,no_exact_record,,,,,,,,0
2026-01-07T07:30:00-03:00,1767781800.0,other,no_exact_record,,,,,,,,0
2026-01-07T07:45:00-03:00,1767782700.0,other,no_exact_record,,,,,,,,0
2026-01-07T08:00:00-03:00,1767783600.0,other,no_exact_record,,,,,,,,0
2026-01-07T08:15:00-03:00,1767784500.0,other,no_exact_record,,,,,,,,0
2026-01-07T08:30:00-03:00,1767785400.0,other,no_exact_record,,,,,,,,0
2026-01-07T08:45:00-03:00,1767786300.0,other,no_exact_record,,,,,,,,0
2026-01-07T09:00:00-03:00,1767787200.0,other,no_exact_record,,,,,,,,0
2026-01-07T09:15:00-03:00,1767788100.0,other,no_exact_record,,,,,,,,0
2026-01-07T09:30:00-03:00,1767789000.0,other,no_exact_record,,,,,,,,0
2026-01-07T09:45:00-03:00,1767789900.0,other,no_exact_record,,,,,,,,0
2026-01-07T10:00:00-03:00,1767790800.0,other,no_exact_record,,,,,,,,0
2026-01-07T10:15:00-03:00,1767791700.0,other,no_exact_record,,,,,,,,0
2026-01-07T10:30:00-03:00,1767792600.0,other,no_exact_record,,,,,,,,0
2026-01-07T10:45:00-03:00,1767793500.0,other,no_exact_record,,,,,,,,0
2026-01-07T11:00:00-03:00,1767794400.0,other,no_exact_record,,,,,,,,0
2026-01-07T11:15:00-03:00,1767795300.0,other,no_exact_record,,,,,,,,0
2026-01-07T11:30:00-03:00,1767796200.0,other,no_exact_record,,,,,,,,0
2026-01-07T11:45:00-03:00,1767797100.0,other,no_exact_record,,,,,,,,0
2026-01-07T12:00:00-03:00,1767798000.0,other,no_exact_record,,,,,,,,0
2026-01-07T12:15:00-03:00,1767798900.0,other,no_exact_record,,,,,,,,0
2026-01-07T12:30:00-03:00,1767799800.0,other,no_exact_record,,,,,,,,0
2026-01-07T12:45:00-03:00,1767800700.0,other,no_exact_record,,,,,,,,0
2026-01-07T13:00:00-03:00,1767801600.0,other,no_exact_record,,,,,,,,0
2026-01-07T13:15:00-03:00,1767802500.0,other,no_exact_record,,,,,,,,0
2026-01-07T13:30:00-03:00,1767803400.0,other,no_exact_record,,,,,,,,0
2026-01-07T13:45:00-03:00,1767804300.0,other,no_exact_record,,,,,,,,0
2026-01-07T14:00:00-03:00,1767805200.0,other,no_exact_record,,,,,,,,0
2026-01-07T14:15:00-03:00,1767806100.0,other,no_exact_record,,,,,,,,0
2026-01-07T14:30:00-03:00,1767807000.0,other,no_exact_record,,,,,,,,0
2026-01-07T14:45:00-03:00,1767807900.0,other,no_exact_record,,,,,,,,0
2026-01-07T15:00:00-03:00,1767808800.0,other,no_exact_record,,,,,,,,0
2026-01-07T15:15:00-03:00,1767809700.0,other,no_exact_record,,,,,,,,0
2026-01-07T15:30:00-03:00,1767810600.0,other,no_exact_record,,,,,,,,0
2026-01-07T15:45:00-03:00,1767811500.0,other,no_exact_record,,,,,,,,0
2026-01-07T16:00:00-03:00,1767812400.0,other,no_exact_record,,,,,,,,0
2026-01-07T16:15:00-03:00,1767813300.0,other,no_exact_record,,,,,,,,0
2026-01-07T16:30:00-03:00,1767814200.0,other,no_exact_record,,,,,,,,0
2026-01-07T16:45:00-03:00,1767815100.0,other,no_exact_record,,,,,,,,0
2026-01-07T17:15:00-03:00,1767816900.0,other,no_exact_record,,,,,,,,0
2026-01-07T17:30:00-03:00,1767817800.0,other,no_exact_record,,,,,,,,0
2026-01-07T17:45:00-03:00,1767818700.0,other,no_exact_record,,,,,,,,0
2026-01-07T18:00:00-03:00,1767819600.0,other,no_exact_record,,,,,,,,0
2026-01-07T18:15:00-03:00,1767820500.0,other,no_exact_record,,,,,,,,0
2026-01-07T18:30:00-03:00,1767821400.0,other,no_exact_record,,,,,,,,0
2026-01-07T18:45:00-03:00,1767822300.0,other,no_exact_record,,,,,,,,0
2026-01-07T19:00:00-03:00,1767823200.0,other,no_exact_record,,,,,,,,0
2026-01-07T19:15:00-03:00,1767824100.0,other,no_exact_record,,,,,,,,0
2026-01-07T19:30:00-03:00,1767825000.0,other,no_exact_record,,,,,,,,0
2026-01-07T19:45:00-03:00,1767825900.0,other,no_exact_record,,,,,,,,0
2026-01-07T20:00:00-03:00,1767826800.0,other,no_exact_record,,,,,,,,0
2026-01-07T20:15:00-03:00,1767827700.0,other,no_exact_record,,,,,,,,0
2026-01-07T20:30:00-03:00,1767828600.0,other,no_exact_record,,,,,,,,0
2026-01-07T20:45:00-03:00,1767829500.0,other,no_exact_record,,,,,,,,0
2026-01-07T21:00:00-03:00,1767830400.0,other,no_exact_record,,,,,,,,0
2026-01-07T21:15:00-03:00,1767831300.0,other,no_exact_record,,,,,,,,0
2026-01-07T21:30:00-03:00,1767832200.0,other,no_exact_record,,,,,,,,0
2026-01-07T21:45:00-03:00,1767833100.0,other,no_exact_record,,,,,,,,0
2026-01-07T22:00:00-03:00,1767834000.0,other,no_exact_record,,,,,,,,0
2026-01-07T22:15:00-03:00,1767834900.0,other,no_exact_record,,,,,,,,0
2026-01-07T22:30:00-03:00,1767835800.0,other,no_exact_record,,,,,,,,0
2026-01-07T22:45:00-03:00,1767836700.0,other,no_exact_record,,,,,,,,0
2026-01-07T23:00:00-03:00,1767837600.0,other,no_exact_record,,,,,,,,0
2026-01-07T23:15:00-03:00,1767838500.0,other,no_exact_record,,,,,,,,0
2026-01-07T23:30:00-03:00,1767839400.0,other,no_exact_record,,,,,,,,0
2026-01-07T23:45:00-03:00,1767840300.0,other,no_exact_record,,,,,,,,0
2026-01-08T00:00:00-03:00,1767841200.0,other,no_exact_record,,,,,,,,0
2026-01-08T00:15:00-03:00,1767842100.0,other,no_exact_record,,,,,,,,0
2026-01-08T00:30:00-03:00,1767843000.0,other,no_exact_record,,,,,,,,0
2026-01-08T00:45:00-03:00,1767843900.0,other,no_exact_record,,,,,,,,0
2026-01-08T01:00:00-03:00,1767844800.0,other,no_exact_record,,,,,,,,0
2026-01-08T01:15:00-03:00,1767845700.0,other,no_exact_record,,,,,,,,0
2026-01-08T01:30:00-03:00,1767846600.0,other,no_exact_record,,,,,,,,0
2026-01-08T01:45:00-03:00,1767847500.0,other,no_exact_record,,,,,,,,0
2026-01-08T02:00:00-03:00,1767848400.0,other,no_exact_record,,,,,,,,0
2026-01-08T02:15:00-03:00,1767849300.0,other,no_exact_record,,,,,,,,0
2026-01-08T02:30:00-03:00,1767850200.0,other,no_exact_record,,,,,,,,0
2026-01-08T02:45:00-03:00,1767851100.0,other,no_exact_record,,,,,,,,0
2026-01-08T03:00:00-03:00,1767852000.0,other,no_exact_record,,,,,,,,0
2026-01-08T03:15:00-03:00,1767852900.0,other,no_exact_record,,,,,,,,0
2026-01-08T03:30:00-03:00,1767853800.0,other,no_exact_record,,,,,,,,0
2026-01-08T03:45:00-03:00,1767854700.0,other,no_exact_record,,,,,,,,0
2026-01-08T04:00:00-03:00,1767855600.0,other,no_exact_record,,,,,,,,0
2026-01-08T04:15:00-03:00,1767856500.0,other,no_exact_record,,,,,,,,0
2026-01-08T04:30:00-03:00,1767857400.0,other,no_exact_record,,,,,,,,0
2026-01-08T04:45:00-03:00,1767858300.0,other,no_exact_record,,,,,,,,0
2026-01-08T05:00:00-03:00,1767859200.0,other,no_exact_record,,,,,,,,0
2026-01-08T05:15:00-03:00,1767860100.0,other,no_exact_record,,,,,,,,0
2026-01-08T05:30:00-03:00,1767861000.0,other,no_exact_record,,,,,,,,0
2026-01-08T05:45:00-03:00,1767861900.0,other,no_exact_record,,,,,,,,0
2026-01-08T06:00:00-03:00,1767862800.0,other,no_exact_record,,,,,,,,0
2026-01-08T06:15:00-03:00,1767863700.0,other,no_exact_record,,,,,,,,0
2026-01-08T06:30:00-03:00,1767864600.0,other,no_exact_record,,,,,,,,0
2026-01-08T06:45:00-03:00,1767865500.0,other,no_exact_record,,,,,,,,0
2026-01-08T07:15:00-03:00,1767867300.0,other,no_exact_record,,,,,,,,0
2026-01-08T07:30:00-03:00,1767868200.0,other,no_exact_record,,,,,,,,0
2026-01-08T07:45:00-03:00,1767869100.0,other,no_exact_record,,,,,,,,0
2026-01-08T08:00:00-03:00,1767870000.0,other,no_exact_record,,,,,,,,0
2026-01-08T08:15:00-03:00,1767870900.0,other,no_exact_record,,,,,,,,0
2026-01-08T08:30:00-03:00,1767871800.0,other,no_exact_record,,,,,,,,0
2026-01-08T08:45:00-03:00,1767872700.0,other,no_exact_record,,,,,,,,0
2026-01-08T09:00:00-03:00,1767873600.0,other,no_exact_record,,,,,,,,0
2026-01-08T09:15:00-03:00,1767874500.0,other,no_exact_record,,,,,,,,0
2026-01-08T09:30:00-03:00,1767875400.0,other,no_exact_record,,,,,,,,0
2026-01-08T09:45:00-03:00,1767876300.0,other,no_exact_record,,,,,,,,0
2026-01-08T10:00:00-03:00,1767877200.0,other,no_exact_record,,,,,,,,0
2026-01-08T10:15:00-03:00,1767878100.0,other,no_exact_record,,,,,,,,0
2026-01-08T10:30:00-03:00,1767879000.0,other,no_exact_record,,,,,,,,0
2026-01-08T10:45:00-03:00,1767879900.0,other,no_exact_record,,,,,,,,0
2026-01-08T11:00:00-03:00,1767880800.0,other,no_exact_record,,,,,,,,0
2026-01-08T11:15:00-03:00,1767881700.0,other,no_exact_record,,,,,,,,0
2026-01-08T11:30:00-03:00,1767882600.0,other,no_exact_record,,,,,,,,0
2026-01-08T11:45:00-03:00,1767883500.0,other,no_exact_record,,,,,,,,0
2026-01-08T12:00:00-03:00,1767884400.0,other,no_exact_record,,,,,,,,0
2026-01-08T12:15:00-03:00,1767885300.0,other,no_exact_record,,,,,,,,0
2026-01-08T12:30:00-03:00,1767886200.0,other,no_exact_record,,,,,,,,0
2026-01-08T12:45:00-03:00,1767887100.0,other,no_exact_record,,,,,,,,0
2026-01-08T13:00:00-03:00,1767888000.0,other,no_exact_record,,,,,,,,0
2026-01-08T13:15:00-03:00,1767888900.0,other,no_exact_record,,,,,,,,0
2026-01-08T13:30:00-03:00,1767889800.0,other,no_exact_record,,,,,,,,0
2026-01-08T13:45:00-03:00,1767890700.0,other,no_exact_record,,,,,,,,0
2026-01-08T14:00:00-03:00,1767891600.0,other,no_exact_record,,,,,,,,0
2026-01-08T14:15:00-03:00,1767892500.0,other,no_exact_record,,,,,,,,0
2026-01-08T14:30:00-03:00,1767893400.0,other,no_exact_record,,,,,,,,0
2026-01-08T14:45:00-03:00,1767894300.0,other,no_exact_record,,,,,,,,0
2026-01-08T15:00:00-03:00,1767895200.0,other,no_exact_record,,,,,,,,0
2026-01-08T15:15:00-03:00,1767896100.0,other,no_exact_record,,,,,,,,0
2026-01-08T15:30:00-03:00,1767897000.0,other,no_exact_record,,,,,,,,0
2026-01-08T15:45:00-03:00,1767897900.0,other,no_exact_record,,,,,,,,0
2026-01-08T16:00:00-03:00,1767898800.0,other,no_exact_record,,,,,,,,0
2026-01-08T16:15:00-03:00,1767899700.0,other,no_exact_record,,,,,,,,0
2026-01-08T16:30:00-03:00,1767900600.0,other,no_exact_record,,,,,,,,0
2026-01-08T16:45:00-03:00,1767901500.0,other,no_exact_record,,,,,,,,0
2026-01-08T17:15:00-03:00,1767903300.0,other,no_exact_record,,,,,,,,0
2026-01-08T17:30:00-03:00,1767904200.0,other,no_exact_record,,,,,,,,0
2026-01-08T17:45:00-03:00,1767905100.0,other,no_exact_record,,,,,,,,0
2026-01-08T18:00:00-03:00,1767906000.0,other,no_exact_record,,,,,,,,0
2026-01-08T18:15:00-03:00,1767906900.0,other,no_exact_record,,,,,,,,0
2026-01-08T18:30:00-03:00,1767907800.0,other,no_exact_record,,,,,,,,0
2026-01-08T18:45:00-03:00,1767908700.0,other,no_exact_record,,,,,,,,0
2026-01-08T19:00:00-03:00,1767909600.0,other,no_exact_record,,,,,,,,0
2026-01-08T19:15:00-03:00,1767910500.0,other,no_exact_record,,,,,,,,0
2026-01-08T19:30:00-03:00,1767911400.0,other,no_exact_record,,,,,,,,0
2026-01-08T19:45:00-03:00,1767912300.0,other,no_exact_record,,,,,,,,0
2026-01-08T20:00:00-03:00,1767913200.0,other,no_exact_record,,,,,,,,0
2026-01-08T20:15:00-03:00,1767914100.0,other,no_exact_record,,,,,,,,0
2026-01-08T20:30:00-03:00,1767915000.0,other,no_exact_record,,,,,,,,0
2026-01-08T20:45:00-03:00,1767915900.0,other,no_exact_record,,,,,,,,0
2026-01-08T21:00:00-03:00,1767916800.0,other,no_exact_record,,,,,,,,0
2026-01-08T21:15:00-03:00,1767917700.0,other,no_exact_record,,,,,,,,0
2026-01-08T21:30:00-03:00,1767918600.0,other,no_exact_record,,,,,,,,0
2026-01-08T21:45:00-03:00,1767919500.0,other,no_exact_record,,,,,,,,0
2026-01-08T22:00:00-03:00,1767920400.0,other,no_exact_record,,,,,,,,0
2026-01-08T22:15:00-03:00,1767921300.0,other,no_exact_record,,,,,,,,0
2026-01-08T22:30:00-03:00,1767922200.0,other,no_exact_record,,,,,,,,0
2026-01-08T22:45:00-03:00,1767923100.0,other,no_exact_record,,,,,,,,0
2026-01-08T23:00:00-03:00,1767924000.0,other,no_exact_record,,,,,,,,0
2026-01-08T23:15:00-03:00,1767924900.0,other,no_exact_record,,,,,,,,0
2026-01-08T23:30:00-03:00,1767925800.0,other,no_exact_record,,,,,,,,0
2026-01-08T23:45:00-03:00,1767926700.0,other,no_exact_record,,,,,,,,0
2026-01-09T00:00:00-03:00,1767927600.0,other,no_exact_record,,,,,,,,0
2026-01-09T00:15:00-03:00,1767928500.0,other,no_exact_record,,,,,,,,0
2026-01-09T00:30:00-03:00,1767929400.0,other,no_exact_record,,,,,,,,0
2026-01-09T00:45:00-03:00,1767930300.0,other,no_exact_record,,,,,,,,0
2026-01-09T01:00:00-03:00,1767931200.0,other,no_exact_record,,,,,,,,0
2026-01-09T01:15:00-03:00,1767932100.0,other,no_exact_record,,,,,,,,0
2026-01-09T01:30:00-03:00,1767933000.0,other,no_exact_record,,,,,,,,0
2026-01-09T01:45:00-03:00,1767933900.0,other,no_exact_record,,,,,,,,0
2026-01-09T02:00:00-03:00,1767934800.0,other,no_exact_record,,,,,,,,0
2026-01-09T02:15:00-03:00,1767935700.0,other,no_exact_record,,,,,,,,0
2026-01-09T02:30:00-03:00,1767936600.0,other,no_exact_record,,,,,,,,0
2026-01-09T02:45:00-03:00,1767937500.0,other,no_exact_record,,,,,,,,0
2026-01-09T03:00:00-03:00,1767938400.0,other,no_exact_record,,,,,,,,0
2026-01-09T03:15:00-03:00,1767939300.0,other,no_exact_record,,,,,,,,0
2026-01-09T03:30:00-03:00,1767940200.0,other,no_exact_record,,,,,,,,0
2026-01-09T03:45:00-03:00,1767941100.0,other,no_exact_record,,,,,,,,0
2026-01-09T04:00:00-03:00,1767942000.0,other,no_exact_record,,,,,,,,0
2026-01-09T04:15:00-03:00,1767942900.0,other,no_exact_record,,,,,,,,0
2026-01-09T04:30:00-03:00,1767943800.0,other,no_exact_record,,,,,,,,0
2026-01-09T04:45:00-03:00,1767944700.0,other,no_exact_record,,,,,,,,0
2026-01-09T05:00:00-03:00,1767945600.0,other,no_exact_record,,,,,,,,0
2026-01-09T05:15:00-03:00,1767946500.0,other,no_exact_record,,,,,,,,0
2026-01-09T05:30:00-03:00,1767947400.0,other,no_exact_record,,,,,,,,0
2026-01-09T05:45:00-03:00,1767948300.0,other,no_exact_record,,,,,,,,0
2026-01-09T06:00:00-03:00,1767949200.0,other,no_exact_record,,,,,,,,0
2026-01-09T06:15:00-03:00,1767950100.0,other,no_exact_record,,,,,,,,0
2026-01-09T06:30:00-03:00,1767951000.0,other,no_exact_record,,,,,,,,0
2026-01-09T06:45:00-03:00,1767951900.0,other,no_exact_record,,,,,,,,0
2026-01-09T07:15:00-03:00,1767953700.0,other,no_exact_record,,,,,,,,0
2026-01-09T07:30:00-03:00,1767954600.0,other,no_exact_record,,,,,,,,0
2026-01-09T07:45:00-03:00,1767955500.0,other,no_exact_record,,,,,,,,0
2026-01-09T08:00:00-03:00,1767956400.0,other,no_exact_record,,,,,,,,0
2026-01-09T08:15:00-03:00,1767957300.0,other,no_exact_record,,,,,,,,0
2026-01-09T08:30:00-03:00,1767958200.0,other,no_exact_record,,,,,,,,0
2026-01-09T08:45:00-03:00,1767959100.0,other,no_exact_record,,,,,,,,0
2026-01-09T09:00:00-03:00,1767960000.0,other,no_exact_record,,,,,,,,0
2026-01-09T09:15:00-03:00,1767960900.0,other,no_exact_record,,,,,,,,0
2026-01-09T09:30:00-03:00,1767961800.0,other,no_exact_record,,,,,,,,0
2026-01-09T09:45:00-03:00,1767962700.0,other,no_exact_record,,,,,,,,0
2026-01-09T10:00:00-03:00,1767963600.0,other,no_exact_record,,,,,,,,0
2026-01-09T10:15:00-03:00,1767964500.0,other,no_exact_record,,,,,,,,0
2026-01-09T10:30:00-03:00,1767965400.0,other,no_exact_record,,,,,,,,0
2026-01-09T10:45:00-03:00,1767966300.0,other,no_exact_record,,,,,,,,0
2026-01-09T11:00:00-03:00,1767967200.0,other,no_exact_record,,,,,,,,0
2026-01-09T11:15:00-03:00,1767968100.0,other,no_exact_record,,,,,,,,0
2026-01-09T11:30:00-03:00,1767969000.0,other,no_exact_record,,,,,,,,0
2026-01-09T11:45:00-03:00,1767969900.0,other,no_exact_record,,,,,,,,0
2026-01-09T12:00:00-03:00,1767970800.0,other,no_exact_record,,,,,,,,0
2026-01-09T12:15:00-03:00,1767971700.0,other,no_exact_record,,,,,,,,0
2026-01-09T12:30:00-03:00,1767972600.0,other,no_exact_record,,,,,,,,0
2026-01-09T12:45:00-03:00,1767973500.0,other,no_exact_record,,,,,,,,0
2026-01-09T13:00:00-03:00,1767974400.0,other,no_exact_record,,,,,,,,0
2026-01-09T13:15:00-03:00,1767975300.0,other,no_exact_record,,,,,,,,0
2026-01-09T13:30:00-03:00,1767976200.0,other,no_exact_record,,,,,,,,0
2026-01-09T13:45:00-03:00,1767977100.0,other,no_exact_record,,,,,,,,0
2026-01-09T14:00:00-03:00,1767978000.0,other,no_exact_record,,,,,,,,0
2026-01-09T14:15:00-03:00,1767978900.0,other,no_exact_record,,,,,,,,0
2026-01-09T14:30:00-03:00,1767979800.0,other,no_exact_record,,,,,,,,0
2026-01-09T14:45:00-03:00,1767980700.0,other,no_exact_record,,,,,,,,0
2026-01-09T15:00:00-03:00,1767981600.0,other,no_exact_record,,,,,,,,0
2026-01-09T15:15:00-03:00,1767982500.0,other,no_exact_record,,,,,,,,0
2026-01-09T15:30:00-03:00,1767983400.0,other,no_exact_record,,,,,,,,0
2026-01-09T15:45:00-03:00,1767984300.0,other,no_exact_record,,,,,,,,0
2026-01-09T16:00:00-03:00,1767985200.0,other,no_exact_record,,,,,,,,0
2026-01-09T16:15:00-03:00,1767986100.0,other,no_exact_record,,,,,,,,0
2026-01-09T16:30:00-03:00,1767987000.0,other,no_exact_record,,,,,,,,0
2026-01-09T16:45:00-03:00,1767987900.0,other,q_empty,,,,,,outputs/mucum-propagacao-2026-09-21/raw/ana-86500000.xml,420245,0
2026-01-27T19:45:00-03:00,1769553900.0,other,q_qc_rejected,,122.00,Dado suspeito,21.17,Dado suspeito,outputs/mucum-propagacao-2026-09-21/raw/ana-86500000.xml,388925,0
2026-01-28T19:30:00-03:00,1769639400.0,other,q_qc_rejected,,155.00,Dado suspeito,39.25,Dado suspeito,outputs/mucum-propagacao-2026-09-21/raw/ana-86500000.xml,387215,0
2026-02-06T19:45:00-03:00,1770417900.0,other,q_qc_rejected,,122.00,Dado suspeito,21.17,Dado suspeito,outputs/mucum-propagacao-2026-09-21/raw/ana-86500000.xml,371645,0
2026-02-12T20:45:00-03:00,1770939900.0,other,no_exact_record,,,,,,,,0
2026-02-12T21:00:00-03:00,1770940800.0,other,no_exact_record,,,,,,,,0
2026-02-12T21:15:00-03:00,1770941700.0,other,no_exact_record,,,,,,,,0
2026-02-12T21:30:00-03:00,1770942600.0,other,no_exact_record,,,,,,,,0
2026-03-08T19:15:00-03:00,1773008100.0,other,q_qc_rejected,,119.00,Dado suspeito,19.76,Dado suspeito,outputs/mucum-propagacao-2026-09-21/raw/ana-86500000.xml,319913,0
2026-03-23T16:00:00-03:00,1774292400.0,other,q_qc_rejected,,139.00,Dado suspeito,29.89,Dado suspeito,outputs/mucum-propagacao-2026-09-21/raw/ana-86500000.xml,294227,0
2026-03-30T18:30:00-03:00,1774906200.0,other,q_qc_rejected,,142.00,Dado suspeito,31.56,Dado suspeito,outputs/mucum-propagacao-2026-09-21/raw/ana-86500000.xml,281951,0
2026-04-08T19:15:00-03:00,1775686500.0,other,q_qc_rejected,,141.00,Dado suspeito,31.00,Dado suspeito,outputs/mucum-propagacao-2026-09-21/raw/ana-86500000.xml,266345,0
2026-04-09T18:45:00-03:00,1775771100.0,other,q_qc_rejected,,149.00,Dado suspeito,35.61,Dado suspeito,outputs/mucum-propagacao-2026-09-21/raw/ana-86500000.xml,264653,0
2026-05-05T08:45:00-03:00,1777981500.0,other,q_empty,,,,,,outputs/mucum-propagacao-2026-09-21/raw/ana-86500000.xml,220445,0
2026-05-05T09:00:00-03:00,1777982400.0,other,q_empty,,,,,,outputs/mucum-propagacao-2026-09-21/raw/ana-86500000.xml,220427,0
2026-05-22T12:30:00-03:00,1779463800.0,other,q_qc_rejected,,136.00,Dado suspeito,28.26,Dado suspeito,outputs/mucum-propagacao-2026-09-21/raw/ana-86500000.xml,190799,0
2026-06-28T05:45:00-03:00,1782636300.0,other,no_exact_record,,,,,,,,0
2026-06-28T06:00:00-03:00,1782637200.0,other,no_exact_record,,,,,,,,0
2026-06-28T06:15:00-03:00,1782638100.0,other,no_exact_record,,,,,,,,0
2026-06-28T06:30:00-03:00,1782639000.0,other,no_exact_record,,,,,,,,0
2026-06-28T06:45:00-03:00,1782639900.0,other,no_exact_record,,,,,,,,0
2026-06-28T07:15:00-03:00,1782641700.0,other,no_exact_record,,,,,,,,0
2026-06-28T07:30:00-03:00,1782642600.0,other,no_exact_record,,,,,,,,0
2026-06-28T07:45:00-03:00,1782643500.0,other,no_exact_record,,,,,,,,0
2026-06-28T08:00:00-03:00,1782644400.0,other,no_exact_record,,,,,,,,0
2026-06-28T08:15:00-03:00,1782645300.0,other,no_exact_record,,,,,,,,0
2026-06-28T08:30:00-03:00,1782646200.0,other,no_exact_record,,,,,,,,0
2026-06-28T08:45:00-03:00,1782647100.0,other,no_exact_record,,,,,,,,0
2026-06-28T09:00:00-03:00,1782648000.0,other,no_exact_record,,,,,,,,0
2026-06-28T09:15:00-03:00,1782648900.0,other,no_exact_record,,,,,,,,0
2026-06-28T09:30:00-03:00,1782649800.0,other,no_exact_record,,,,,,,,0
2026-06-28T09:45:00-03:00,1782650700.0,other,no_exact_record,,,,,,,,0
2026-06-28T10:00:00-03:00,1782651600.0,other,no_exact_record,,,,,,,,0
2026-06-28T10:15:00-03:00,1782652500.0,other,no_exact_record,,,,,,,,0
2026-06-28T10:30:00-03:00,1782653400.0,other,no_exact_record,,,,,,,,0
2026-06-28T10:45:00-03:00,1782654300.0,other,no_exact_record,,,,,,,,0
2026-06-28T11:00:00-03:00,1782655200.0,other,no_exact_record,,,,,,,,0
2026-06-28T11:15:00-03:00,1782656100.0,other,no_exact_record,,,,,,,,0
2026-06-28T11:30:00-03:00,1782657000.0,other,no_exact_record,,,,,,,,0
2026-06-28T11:45:00-03:00,1782657900.0,other,no_exact_record,,,,,,,,0
2026-06-28T12:00:00-03:00,1782658800.0,other,no_exact_record,,,,,,,,0
2026-06-28T12:15:00-03:00,1782659700.0,other,no_exact_record,,,,,,,,0
2026-06-28T12:30:00-03:00,1782660600.0,other,no_exact_record,,,,,,,,0
2026-06-28T12:45:00-03:00,1782661500.0,other,no_exact_record,,,,,,,,0
2026-06-28T13:00:00-03:00,1782662400.0,other,no_exact_record,,,,,,,,0
2026-06-28T13:15:00-03:00,1782663300.0,other,no_exact_record,,,,,,,,0
2026-06-28T13:30:00-03:00,1782664200.0,other,no_exact_record,,,,,,,,0
2026-06-28T13:45:00-03:00,1782665100.0,other,no_exact_record,,,,,,,,0
2026-06-28T14:00:00-03:00,1782666000.0,other,no_exact_record,,,,,,,,0
2026-06-28T14:15:00-03:00,1782666900.0,other,no_exact_record,,,,,,,,0
2026-06-28T14:30:00-03:00,1782667800.0,other,no_exact_record,,,,,,,,0
2026-06-28T14:45:00-03:00,1782668700.0,other,no_exact_record,,,,,,,,0
2026-06-28T15:00:00-03:00,1782669600.0,other,no_exact_record,,,,,,,,0
2026-06-28T15:15:00-03:00,1782670500.0,other,no_exact_record,,,,,,,,0
2026-06-28T15:30:00-03:00,1782671400.0,other,no_exact_record,,,,,,,,0
2026-06-28T15:45:00-03:00,1782672300.0,other,no_exact_record,,,,,,,,0
2026-06-28T16:00:00-03:00,1782673200.0,other,no_exact_record,,,,,,,,0
2026-06-28T16:15:00-03:00,1782674100.0,other,no_exact_record,,,,,,,,0
2026-06-28T16:30:00-03:00,1782675000.0,other,no_exact_record,,,,,,,,0
2026-06-28T16:45:00-03:00,1782675900.0,other,no_exact_record,,,,,,,,0
2026-06-28T17:15:00-03:00,1782677700.0,other,no_exact_record,,,,,,,,0
2026-06-28T17:30:00-03:00,1782678600.0,other,no_exact_record,,,,,,,,0
2026-06-28T17:45:00-03:00,1782679500.0,other,no_exact_record,,,,,,,,0
2026-06-28T18:00:00-03:00,1782680400.0,other,no_exact_record,,,,,,,,0
2026-06-28T18:15:00-03:00,1782681300.0,other,no_exact_record,,,,,,,,0
2026-06-28T18:30:00-03:00,1782682200.0,other,no_exact_record,,,,,,,,0
2026-06-28T18:45:00-03:00,1782683100.0,other,no_exact_record,,,,,,,,0
2026-06-28T19:00:00-03:00,1782684000.0,other,no_exact_record,,,,,,,,0
2026-06-28T19:15:00-03:00,1782684900.0,other,no_exact_record,,,,,,,,0
2026-06-28T19:30:00-03:00,1782685800.0,other,no_exact_record,,,,,,,,0
2026-06-28T19:45:00-03:00,1782686700.0,other,no_exact_record,,,,,,,,0
2026-06-28T20:00:00-03:00,1782687600.0,other,no_exact_record,,,,,,,,0
2026-06-28T20:15:00-03:00,1782688500.0,other,no_exact_record,,,,,,,,0
2026-06-28T20:30:00-03:00,1782689400.0,other,no_exact_record,,,,,,,,0
2026-06-28T20:45:00-03:00,1782690300.0,other,no_exact_record,,,,,,,,0
2026-06-28T21:00:00-03:00,1782691200.0,other,no_exact_record,,,,,,,,0
2026-06-28T21:15:00-03:00,1782692100.0,other,no_exact_record,,,,,,,,0
2026-06-28T21:30:00-03:00,1782693000.0,other,no_exact_record,,,,,,,,0
2026-06-28T21:45:00-03:00,1782693900.0,other,no_exact_record,,,,,,,,0
2026-06-28T22:00:00-03:00,1782694800.0,other,no_exact_record,,,,,,,,0
2026-06-28T22:15:00-03:00,1782695700.0,other,no_exact_record,,,,,,,,0
2026-06-28T22:30:00-03:00,1782696600.0,other,no_exact_record,,,,,,,,0
2026-06-28T22:45:00-03:00,1782697500.0,other,no_exact_record,,,,,,,,0
2026-06-28T23:00:00-03:00,1782698400.0,other,no_exact_record,,,,,,,,0
2026-06-28T23:15:00-03:00,1782699300.0,other,no_exact_record,,,,,,,,0
2026-06-28T23:30:00-03:00,1782700200.0,other,no_exact_record,,,,,,,,0
2026-06-28T23:45:00-03:00,1782701100.0,other,no_exact_record,,,,,,,,0
2026-06-29T00:00:00-03:00,1782702000.0,other,no_exact_record,,,,,,,,0
2026-06-29T00:15:00-03:00,1782702900.0,other,no_exact_record,,,,,,,,0
2026-06-29T00:30:00-03:00,1782703800.0,other,no_exact_record,,,,,,,,0
2026-06-29T00:45:00-03:00,1782704700.0,other,no_exact_record,,,,,,,,0
2026-06-29T01:00:00-03:00,1782705600.0,other,no_exact_record,,,,,,,,0
2026-06-29T01:15:00-03:00,1782706500.0,other,no_exact_record,,,,,,,,0
2026-06-29T01:30:00-03:00,1782707400.0,other,no_exact_record,,,,,,,,0
2026-06-29T01:45:00-03:00,1782708300.0,other,no_exact_record,,,,,,,,0
2026-06-29T02:00:00-03:00,1782709200.0,other,no_exact_record,,,,,,,,0
2026-06-29T02:15:00-03:00,1782710100.0,other,no_exact_record,,,,,,,,0
2026-06-29T02:30:00-03:00,1782711000.0,other,no_exact_record,,,,,,,,0
2026-06-29T02:45:00-03:00,1782711900.0,other,no_exact_record,,,,,,,,0
2026-06-29T03:00:00-03:00,1782712800.0,other,no_exact_record,,,,,,,,0
2026-06-29T03:15:00-03:00,1782713700.0,other,no_exact_record,,,,,,,,0
2026-06-29T03:30:00-03:00,1782714600.0,other,no_exact_record,,,,,,,,0
2026-06-29T03:45:00-03:00,1782715500.0,other,no_exact_record,,,,,,,,0
2026-06-29T04:00:00-03:00,1782716400.0,other,no_exact_record,,,,,,,,0
2026-06-29T04:15:00-03:00,1782717300.0,other,no_exact_record,,,,,,,,0
2026-06-29T04:30:00-03:00,1782718200.0,other,no_exact_record,,,,,,,,0
2026-06-29T04:45:00-03:00,1782719100.0,other,no_exact_record,,,,,,,,0
2026-06-29T05:00:00-03:00,1782720000.0,other,no_exact_record,,,,,,,,0
2026-06-29T05:15:00-03:00,1782720900.0,other,no_exact_record,,,,,,,,0
2026-06-29T05:30:00-03:00,1782721800.0,other,no_exact_record,,,,,,,,0
2026-06-29T05:45:00-03:00,1782722700.0,other,no_exact_record,,,,,,,,0
2026-06-29T06:00:00-03:00,1782723600.0,other,no_exact_record,,,,,,,,0
2026-06-29T06:15:00-03:00,1782724500.0,other,no_exact_record,,,,,,,,0
2026-06-29T06:30:00-03:00,1782725400.0,other,no_exact_record,,,,,,,,0
2026-06-29T06:45:00-03:00,1782726300.0,other,no_exact_record,,,,,,,,0
2026-06-29T07:15:00-03:00,1782728100.0,other,no_exact_record,,,,,,,,0
2026-06-29T07:30:00-03:00,1782729000.0,other,no_exact_record,,,,,,,,0
2026-06-29T07:45:00-03:00,1782729900.0,other,no_exact_record,,,,,,,,0
2026-06-29T08:00:00-03:00,1782730800.0,other,no_exact_record,,,,,,,,0
2026-06-29T08:15:00-03:00,1782731700.0,other,no_exact_record,,,,,,,,0
2026-06-29T08:30:00-03:00,1782732600.0,other,no_exact_record,,,,,,,,0
2026-06-29T08:45:00-03:00,1782733500.0,other,no_exact_record,,,,,,,,0
2026-06-29T09:00:00-03:00,1782734400.0,other,no_exact_record,,,,,,,,0
2026-06-29T09:15:00-03:00,1782735300.0,other,no_exact_record,,,,,,,,0
2026-06-29T09:30:00-03:00,1782736200.0,other,no_exact_record,,,,,,,,0
2026-06-29T09:45:00-03:00,1782737100.0,other,no_exact_record,,,,,,,,0
2026-06-29T10:00:00-03:00,1782738000.0,other,no_exact_record,,,,,,,,0
2026-06-29T10:15:00-03:00,1782738900.0,other,no_exact_record,,,,,,,,0
2026-06-29T10:30:00-03:00,1782739800.0,other,no_exact_record,,,,,,,,0
2026-06-29T10:45:00-03:00,1782740700.0,other,no_exact_record,,,,,,,,0
2026-06-29T11:00:00-03:00,1782741600.0,other,no_exact_record,,,,,,,,0
2026-06-29T11:15:00-03:00,1782742500.0,other,no_exact_record,,,,,,,,0
2026-06-29T11:30:00-03:00,1782743400.0,other,no_exact_record,,,,,,,,0
2026-06-29T11:45:00-03:00,1782744300.0,other,no_exact_record,,,,,,,,0
2026-06-29T12:00:00-03:00,1782745200.0,other,no_exact_record,,,,,,,,0
2026-06-29T12:15:00-03:00,1782746100.0,other,no_exact_record,,,,,,,,0
2026-06-29T12:30:00-03:00,1782747000.0,other,no_exact_record,,,,,,,,0
2026-06-29T12:45:00-03:00,1782747900.0,other,no_exact_record,,,,,,,,0
2026-06-29T13:00:00-03:00,1782748800.0,other,no_exact_record,,,,,,,,0
2026-06-29T13:15:00-03:00,1782749700.0,other,no_exact_record,,,,,,,,0
2026-06-29T13:30:00-03:00,1782750600.0,other,no_exact_record,,,,,,,,0
2026-06-29T13:45:00-03:00,1782751500.0,other,no_exact_record,,,,,,,,0
2026-06-29T14:00:00-03:00,1782752400.0,other,no_exact_record,,,,,,,,0
2026-06-29T14:15:00-03:00,1782753300.0,other,no_exact_record,,,,,,,,0
2026-06-29T14:30:00-03:00,1782754200.0,other,no_exact_record,,,,,,,,0
2026-06-29T14:45:00-03:00,1782755100.0,other,no_exact_record,,,,,,,,0
2026-06-29T15:00:00-03:00,1782756000.0,other,no_exact_record,,,,,,,,0
2026-06-29T15:15:00-03:00,1782756900.0,other,no_exact_record,,,,,,,,0
2026-06-29T15:30:00-03:00,1782757800.0,other,no_exact_record,,,,,,,,0
2026-06-29T15:45:00-03:00,1782758700.0,other,no_exact_record,,,,,,,,0
2026-06-29T16:00:00-03:00,1782759600.0,other,no_exact_record,,,,,,,,0
2026-06-29T16:15:00-03:00,1782760500.0,other,no_exact_record,,,,,,,,0
2026-06-29T16:30:00-03:00,1782761400.0,other,no_exact_record,,,,,,,,0
2026-06-29T16:45:00-03:00,1782762300.0,other,no_exact_record,,,,,,,,0
2026-06-29T17:15:00-03:00,1782764100.0,other,no_exact_record,,,,,,,,0
2026-06-29T17:30:00-03:00,1782765000.0,other,no_exact_record,,,,,,,,0
2026-06-29T17:45:00-03:00,1782765900.0,other,no_exact_record,,,,,,,,0
2026-06-29T18:00:00-03:00,1782766800.0,other,no_exact_record,,,,,,,,0
2026-06-29T18:15:00-03:00,1782767700.0,other,no_exact_record,,,,,,,,0
2026-06-29T18:30:00-03:00,1782768600.0,other,no_exact_record,,,,,,,,0
2026-06-29T18:45:00-03:00,1782769500.0,other,no_exact_record,,,,,,,,0
2026-06-29T19:00:00-03:00,1782770400.0,other,no_exact_record,,,,,,,,0
2026-06-29T19:15:00-03:00,1782771300.0,other,no_exact_record,,,,,,,,0
2026-06-29T19:30:00-03:00,1782772200.0,other,no_exact_record,,,,,,,,0
2026-06-29T19:45:00-03:00,1782773100.0,other,no_exact_record,,,,,,,,0
2026-06-29T20:00:00-03:00,1782774000.0,other,no_exact_record,,,,,,,,0
2026-06-29T20:15:00-03:00,1782774900.0,other,no_exact_record,,,,,,,,0
2026-06-29T20:30:00-03:00,1782775800.0,other,no_exact_record,,,,,,,,0
2026-06-29T20:45:00-03:00,1782776700.0,other,no_exact_record,,,,,,,,0
2026-06-29T21:00:00-03:00,1782777600.0,other,no_exact_record,,,,,,,,0
2026-06-29T21:15:00-03:00,1782778500.0,other,no_exact_record,,,,,,,,0
2026-06-29T21:30:00-03:00,1782779400.0,other,no_exact_record,,,,,,,,0
2026-06-29T21:45:00-03:00,1782780300.0,other,no_exact_record,,,,,,,,0
2026-06-29T22:00:00-03:00,1782781200.0,other,no_exact_record,,,,,,,,0
2026-06-29T22:15:00-03:00,1782782100.0,other,no_exact_record,,,,,,,,0
2026-06-29T22:30:00-03:00,1782783000.0,other,no_exact_record,,,,,,,,0
2026-06-29T22:45:00-03:00,1782783900.0,other,no_exact_record,,,,,,,,0
2026-06-29T23:00:00-03:00,1782784800.0,prefix,no_exact_record,,,,,,,,0
2026-06-29T23:15:00-03:00,1782785700.0,prefix,no_exact_record,,,,,,,,0
2026-06-29T23:30:00-03:00,1782786600.0,prefix,no_exact_record,,,,,,,,0
2026-06-29T23:45:00-03:00,1782787500.0,prefix,no_exact_record,,,,,,,,0
2026-06-30T00:00:00-03:00,1782788400.0,prefix,no_exact_record,,,,,,,,0
2026-06-30T00:15:00-03:00,1782789300.0,prefix,no_exact_record,,,,,,,,0
2026-06-30T00:30:00-03:00,1782790200.0,prefix,no_exact_record,,,,,,,,0
2026-06-30T00:45:00-03:00,1782791100.0,prefix,no_exact_record,,,,,,,,0
2026-06-30T01:00:00-03:00,1782792000.0,prefix,no_exact_record,,,,,,,,0
2026-06-30T01:15:00-03:00,1782792900.0,prefix,no_exact_record,,,,,,,,0
2026-06-30T01:30:00-03:00,1782793800.0,prefix,no_exact_record,,,,,,,,0
2026-06-30T01:45:00-03:00,1782794700.0,prefix,no_exact_record,,,,,,,,0
2026-06-30T02:00:00-03:00,1782795600.0,prefix,no_exact_record,,,,,,,,0
2026-06-30T02:15:00-03:00,1782796500.0,prefix,no_exact_record,,,,,,,,0
2026-06-30T02:30:00-03:00,1782797400.0,prefix,no_exact_record,,,,,,,,0
2026-06-30T02:45:00-03:00,1782798300.0,prefix,no_exact_record,,,,,,,,0
2026-06-30T03:00:00-03:00,1782799200.0,prefix,no_exact_record,,,,,,,,0
2026-06-30T03:15:00-03:00,1782800100.0,prefix,no_exact_record,,,,,,,,0
2026-06-30T03:30:00-03:00,1782801000.0,prefix,no_exact_record,,,,,,,,0
2026-06-30T03:45:00-03:00,1782801900.0,prefix,no_exact_record,,,,,,,,0
2026-06-30T04:00:00-03:00,1782802800.0,prefix,no_exact_record,,,,,,,,0
2026-06-30T04:15:00-03:00,1782803700.0,prefix,no_exact_record,,,,,,,,0
2026-06-30T04:30:00-03:00,1782804600.0,prefix,no_exact_record,,,,,,,,0
2026-06-30T04:45:00-03:00,1782805500.0,prefix,no_exact_record,,,,,,,,0
2026-06-30T05:00:00-03:00,1782806400.0,prefix,no_exact_record,,,,,,,,0
2026-06-30T05:15:00-03:00,1782807300.0,prefix,no_exact_record,,,,,,,,0
2026-06-30T05:30:00-03:00,1782808200.0,prefix,no_exact_record,,,,,,,,0
2026-06-30T05:45:00-03:00,1782809100.0,prefix,no_exact_record,,,,,,,,0
2026-06-30T06:00:00-03:00,1782810000.0,prefix,no_exact_record,,,,,,,,0
2026-06-30T06:15:00-03:00,1782810900.0,prefix,no_exact_record,,,,,,,,0
2026-06-30T06:30:00-03:00,1782811800.0,prefix,no_exact_record,,,,,,,,0
2026-06-30T06:45:00-03:00,1782812700.0,prefix,no_exact_record,,,,,,,,0
2026-06-30T07:15:00-03:00,1782814500.0,prefix,no_exact_record,,,,,,,,0
2026-06-30T07:30:00-03:00,1782815400.0,prefix,no_exact_record,,,,,,,,0
2026-06-30T07:45:00-03:00,1782816300.0,prefix,no_exact_record,,,,,,,,0
2026-06-30T08:00:00-03:00,1782817200.0,prefix,no_exact_record,,,,,,,,0
2026-06-30T08:15:00-03:00,1782818100.0,prefix,no_exact_record,,,,,,,,0
2026-06-30T08:30:00-03:00,1782819000.0,prefix,no_exact_record,,,,,,,,0
2026-06-30T08:45:00-03:00,1782819900.0,prefix,no_exact_record,,,,,,,,0
2026-06-30T09:00:00-03:00,1782820800.0,prefix,no_exact_record,,,,,,,,0
2026-06-30T09:15:00-03:00,1782821700.0,prefix,no_exact_record,,,,,,,,0
2026-06-30T09:30:00-03:00,1782822600.0,prefix,no_exact_record,,,,,,,,0
2026-06-30T09:45:00-03:00,1782823500.0,prefix,no_exact_record,,,,,,,,0
2026-06-30T10:00:00-03:00,1782824400.0,prefix,no_exact_record,,,,,,,,0
2026-06-30T10:15:00-03:00,1782825300.0,prefix,no_exact_record,,,,,,,,0
2026-06-30T10:30:00-03:00,1782826200.0,prefix,no_exact_record,,,,,,,,0
2026-06-30T10:45:00-03:00,1782827100.0,prefix,no_exact_record,,,,,,,,0
2026-06-30T11:00:00-03:00,1782828000.0,prefix,no_exact_record,,,,,,,,0
2026-06-30T11:15:00-03:00,1782828900.0,prefix,no_exact_record,,,,,,,,0
2026-06-30T11:30:00-03:00,1782829800.0,prefix,no_exact_record,,,,,,,,0
2026-06-30T11:45:00-03:00,1782830700.0,prefix,no_exact_record,,,,,,,,0
2026-06-30T12:00:00-03:00,1782831600.0,prefix,no_exact_record,,,,,,,,0
2026-06-30T12:15:00-03:00,1782832500.0,prefix,no_exact_record,,,,,,,,0
2026-06-30T12:30:00-03:00,1782833400.0,prefix,no_exact_record,,,,,,,,0
2026-06-30T12:45:00-03:00,1782834300.0,prefix,no_exact_record,,,,,,,,0
2026-06-30T13:00:00-03:00,1782835200.0,prefix,no_exact_record,,,,,,,,0
2026-06-30T13:15:00-03:00,1782836100.0,prefix,no_exact_record,,,,,,,,0
2026-06-30T13:30:00-03:00,1782837000.0,prefix,no_exact_record,,,,,,,,0
2026-06-30T13:45:00-03:00,1782837900.0,prefix,no_exact_record,,,,,,,,0
2026-06-30T14:00:00-03:00,1782838800.0,prefix,no_exact_record,,,,,,,,0
2026-06-30T14:15:00-03:00,1782839700.0,prefix,no_exact_record,,,,,,,,0
2026-06-30T14:30:00-03:00,1782840600.0,prefix,no_exact_record,,,,,,,,0
2026-06-30T14:45:00-03:00,1782841500.0,prefix,no_exact_record,,,,,,,,0
2026-06-30T15:00:00-03:00,1782842400.0,prefix,no_exact_record,,,,,,,,0
2026-06-30T15:15:00-03:00,1782843300.0,prefix,no_exact_record,,,,,,,,0
2026-06-30T15:30:00-03:00,1782844200.0,prefix,no_exact_record,,,,,,,,0
2026-06-30T15:45:00-03:00,1782845100.0,prefix,no_exact_record,,,,,,,,0
2026-06-30T16:00:00-03:00,1782846000.0,prefix,no_exact_record,,,,,,,,0
2026-06-30T16:15:00-03:00,1782846900.0,prefix,no_exact_record,,,,,,,,0
2026-06-30T16:30:00-03:00,1782847800.0,prefix,no_exact_record,,,,,,,,0
2026-06-30T16:45:00-03:00,1782848700.0,prefix,no_exact_record,,,,,,,,0
2026-06-30T17:15:00-03:00,1782850500.0,prefix,no_exact_record,,,,,,,,0
2026-06-30T17:30:00-03:00,1782851400.0,prefix,no_exact_record,,,,,,,,0
2026-06-30T17:45:00-03:00,1782852300.0,prefix,no_exact_record,,,,,,,,0
2026-06-30T18:00:00-03:00,1782853200.0,prefix,no_exact_record,,,,,,,,0
2026-06-30T18:15:00-03:00,1782854100.0,prefix,no_exact_record,,,,,,,,0
2026-06-30T18:30:00-03:00,1782855000.0,prefix,no_exact_record,,,,,,,,0
2026-06-30T18:45:00-03:00,1782855900.0,prefix,no_exact_record,,,,,,,,0
2026-06-30T19:00:00-03:00,1782856800.0,prefix,no_exact_record,,,,,,,,0
2026-06-30T19:15:00-03:00,1782857700.0,prefix,no_exact_record,,,,,,,,0
2026-06-30T19:30:00-03:00,1782858600.0,prefix,no_exact_record,,,,,,,,0
2026-06-30T19:45:00-03:00,1782859500.0,prefix,no_exact_record,,,,,,,,0
2026-06-30T20:00:00-03:00,1782860400.0,prefix,no_exact_record,,,,,,,,0
2026-06-30T20:15:00-03:00,1782861300.0,prefix,no_exact_record,,,,,,,,0
2026-06-30T20:30:00-03:00,1782862200.0,prefix,no_exact_record,,,,,,,,0
2026-06-30T20:45:00-03:00,1782863100.0,prefix,no_exact_record,,,,,,,,0
2026-06-30T21:00:00-03:00,1782864000.0,prefix,no_exact_record,,,,,,,,0
2026-06-30T21:15:00-03:00,1782864900.0,prefix,no_exact_record,,,,,,,,0
2026-06-30T21:30:00-03:00,1782865800.0,prefix,no_exact_record,,,,,,,,0
2026-06-30T21:45:00-03:00,1782866700.0,prefix,no_exact_record,,,,,,,,0
2026-06-30T22:00:00-03:00,1782867600.0,prefix,no_exact_record,,,,,,,,0
2026-06-30T22:15:00-03:00,1782868500.0,prefix,no_exact_record,,,,,,,,0
2026-06-30T22:30:00-03:00,1782869400.0,prefix,no_exact_record,,,,,,,,0
2026-06-30T22:45:00-03:00,1782870300.0,prefix,no_exact_record,,,,,,,,0
2026-06-30T23:00:00-03:00,1782871200.0,prefix,no_exact_record,,,,,,,,0
2026-06-30T23:15:00-03:00,1782872100.0,prefix,no_exact_record,,,,,,,,0
2026-06-30T23:30:00-03:00,1782873000.0,prefix,no_exact_record,,,,,,,,0
2026-06-30T23:45:00-03:00,1782873900.0,prefix,no_exact_record,,,,,,,,0
2026-07-01T00:00:00-03:00,1782874800.0,evaluation,no_exact_record,,,,,,,,0
2026-07-01T00:15:00-03:00,1782875700.0,evaluation,no_exact_record,,,,,,,,0
2026-07-01T00:30:00-03:00,1782876600.0,evaluation,no_exact_record,,,,,,,,0
2026-07-01T00:45:00-03:00,1782877500.0,evaluation,no_exact_record,,,,,,,,0
2026-07-01T01:00:00-03:00,1782878400.0,evaluation,no_exact_record,,,,,,,,0
2026-07-01T01:15:00-03:00,1782879300.0,evaluation,no_exact_record,,,,,,,,0
2026-07-01T01:30:00-03:00,1782880200.0,evaluation,no_exact_record,,,,,,,,0
2026-07-01T01:45:00-03:00,1782881100.0,evaluation,no_exact_record,,,,,,,,0
2026-07-01T02:00:00-03:00,1782882000.0,evaluation,no_exact_record,,,,,,,,0
2026-07-01T02:15:00-03:00,1782882900.0,evaluation,no_exact_record,,,,,,,,0
2026-07-01T02:30:00-03:00,1782883800.0,evaluation,no_exact_record,,,,,,,,0
2026-07-01T02:45:00-03:00,1782884700.0,evaluation,no_exact_record,,,,,,,,0
2026-07-01T03:00:00-03:00,1782885600.0,evaluation,no_exact_record,,,,,,,,0
2026-07-01T03:15:00-03:00,1782886500.0,evaluation,no_exact_record,,,,,,,,0
2026-07-01T03:30:00-03:00,1782887400.0,evaluation,no_exact_record,,,,,,,,0
2026-07-01T03:45:00-03:00,1782888300.0,evaluation,no_exact_record,,,,,,,,0
2026-07-01T04:00:00-03:00,1782889200.0,evaluation,no_exact_record,,,,,,,,0
2026-07-01T04:15:00-03:00,1782890100.0,evaluation,no_exact_record,,,,,,,,0
2026-07-01T04:30:00-03:00,1782891000.0,evaluation,no_exact_record,,,,,,,,0
2026-07-01T04:45:00-03:00,1782891900.0,evaluation,no_exact_record,,,,,,,,0
2026-07-01T05:00:00-03:00,1782892800.0,evaluation,no_exact_record,,,,,,,,0
2026-07-01T05:15:00-03:00,1782893700.0,evaluation,no_exact_record,,,,,,,,0
2026-07-01T05:30:00-03:00,1782894600.0,evaluation,no_exact_record,,,,,,,,0
2026-07-01T05:45:00-03:00,1782895500.0,evaluation,no_exact_record,,,,,,,,0
2026-07-01T06:00:00-03:00,1782896400.0,evaluation,no_exact_record,,,,,,,,0
2026-07-01T06:15:00-03:00,1782897300.0,evaluation,no_exact_record,,,,,,,,0
2026-07-01T06:30:00-03:00,1782898200.0,evaluation,no_exact_record,,,,,,,,0
2026-07-01T06:45:00-03:00,1782899100.0,evaluation,no_exact_record,,,,,,,,0
2026-07-01T07:15:00-03:00,1782900900.0,evaluation,no_exact_record,,,,,,,,0
2026-07-01T07:30:00-03:00,1782901800.0,evaluation,no_exact_record,,,,,,,,0
2026-07-01T07:45:00-03:00,1782902700.0,evaluation,no_exact_record,,,,,,,,0
2026-07-01T08:00:00-03:00,1782903600.0,evaluation,no_exact_record,,,,,,,,0
2026-07-01T08:15:00-03:00,1782904500.0,evaluation,no_exact_record,,,,,,,,0
2026-07-01T08:30:00-03:00,1782905400.0,evaluation,no_exact_record,,,,,,,,0
2026-07-01T08:45:00-03:00,1782906300.0,evaluation,no_exact_record,,,,,,,,0
2026-07-01T09:00:00-03:00,1782907200.0,evaluation,no_exact_record,,,,,,,,0
2026-07-01T09:15:00-03:00,1782908100.0,evaluation,no_exact_record,,,,,,,,0
2026-07-01T09:30:00-03:00,1782909000.0,evaluation,no_exact_record,,,,,,,,0
2026-07-01T09:45:00-03:00,1782909900.0,evaluation,no_exact_record,,,,,,,,0
2026-07-01T10:00:00-03:00,1782910800.0,evaluation,no_exact_record,,,,,,,,0
2026-07-01T10:15:00-03:00,1782911700.0,evaluation,no_exact_record,,,,,,,,0
2026-07-01T10:30:00-03:00,1782912600.0,evaluation,no_exact_record,,,,,,,,0
2026-07-01T10:45:00-03:00,1782913500.0,evaluation,no_exact_record,,,,,,,,0
2026-07-01T11:00:00-03:00,1782914400.0,evaluation,no_exact_record,,,,,,,,0
2026-07-01T11:15:00-03:00,1782915300.0,evaluation,no_exact_record,,,,,,,,0
2026-07-01T11:30:00-03:00,1782916200.0,evaluation,no_exact_record,,,,,,,,0
2026-07-01T11:45:00-03:00,1782917100.0,evaluation,no_exact_record,,,,,,,,0
2026-07-01T12:00:00-03:00,1782918000.0,evaluation,no_exact_record,,,,,,,,0
2026-07-01T12:15:00-03:00,1782918900.0,evaluation,no_exact_record,,,,,,,,0
2026-07-01T12:30:00-03:00,1782919800.0,evaluation,no_exact_record,,,,,,,,0
2026-07-01T12:45:00-03:00,1782920700.0,evaluation,no_exact_record,,,,,,,,0
2026-07-01T13:00:00-03:00,1782921600.0,evaluation,no_exact_record,,,,,,,,0
2026-07-01T13:15:00-03:00,1782922500.0,evaluation,no_exact_record,,,,,,,,0
2026-07-01T13:30:00-03:00,1782923400.0,evaluation,no_exact_record,,,,,,,,0
2026-07-01T13:45:00-03:00,1782924300.0,evaluation,no_exact_record,,,,,,,,0
2026-07-01T14:00:00-03:00,1782925200.0,evaluation,no_exact_record,,,,,,,,0
2026-07-01T14:15:00-03:00,1782926100.0,evaluation,no_exact_record,,,,,,,,0
2026-07-01T14:30:00-03:00,1782927000.0,evaluation,no_exact_record,,,,,,,,0
2026-07-01T14:45:00-03:00,1782927900.0,evaluation,no_exact_record,,,,,,,,0
2026-07-01T15:00:00-03:00,1782928800.0,evaluation,no_exact_record,,,,,,,,0
2026-07-01T15:15:00-03:00,1782929700.0,evaluation,no_exact_record,,,,,,,,0
2026-07-01T15:30:00-03:00,1782930600.0,evaluation,no_exact_record,,,,,,,,0
2026-07-01T15:45:00-03:00,1782931500.0,evaluation,no_exact_record,,,,,,,,0
2026-07-01T16:00:00-03:00,1782932400.0,evaluation,no_exact_record,,,,,,,,0
2026-07-01T16:15:00-03:00,1782933300.0,evaluation,no_exact_record,,,,,,,,0
2026-07-01T16:30:00-03:00,1782934200.0,evaluation,no_exact_record,,,,,,,,0
2026-07-01T16:45:00-03:00,1782935100.0,evaluation,no_exact_record,,,,,,,,0
2026-07-01T17:15:00-03:00,1782936900.0,evaluation,no_exact_record,,,,,,,,0
2026-07-01T17:30:00-03:00,1782937800.0,evaluation,no_exact_record,,,,,,,,0
2026-07-01T17:45:00-03:00,1782938700.0,evaluation,no_exact_record,,,,,,,,0
2026-07-01T18:00:00-03:00,1782939600.0,evaluation,no_exact_record,,,,,,,,0
2026-07-01T18:15:00-03:00,1782940500.0,evaluation,no_exact_record,,,,,,,,0
2026-07-01T18:30:00-03:00,1782941400.0,evaluation,no_exact_record,,,,,,,,0
2026-07-01T18:45:00-03:00,1782942300.0,evaluation,no_exact_record,,,,,,,,0
2026-07-01T19:00:00-03:00,1782943200.0,evaluation,no_exact_record,,,,,,,,0
2026-07-01T19:15:00-03:00,1782944100.0,evaluation,no_exact_record,,,,,,,,0
2026-07-01T19:30:00-03:00,1782945000.0,evaluation,no_exact_record,,,,,,,,0
2026-07-01T19:45:00-03:00,1782945900.0,evaluation,no_exact_record,,,,,,,,0
2026-07-01T20:00:00-03:00,1782946800.0,evaluation,no_exact_record,,,,,,,,0
2026-07-01T20:15:00-03:00,1782947700.0,evaluation,no_exact_record,,,,,,,,0
2026-07-01T20:30:00-03:00,1782948600.0,evaluation,no_exact_record,,,,,,,,0
2026-07-01T20:45:00-03:00,1782949500.0,evaluation,no_exact_record,,,,,,,,0
2026-07-01T21:00:00-03:00,1782950400.0,evaluation,no_exact_record,,,,,,,,0
2026-07-01T21:15:00-03:00,1782951300.0,evaluation,no_exact_record,,,,,,,,0
2026-07-01T21:30:00-03:00,1782952200.0,evaluation,no_exact_record,,,,,,,,0
2026-07-01T21:45:00-03:00,1782953100.0,evaluation,no_exact_record,,,,,,,,0
2026-07-01T22:00:00-03:00,1782954000.0,evaluation,no_exact_record,,,,,,,,0
2026-07-01T22:15:00-03:00,1782954900.0,evaluation,no_exact_record,,,,,,,,0
2026-07-01T22:30:00-03:00,1782955800.0,evaluation,no_exact_record,,,,,,,,0
2026-07-01T22:45:00-03:00,1782956700.0,evaluation,no_exact_record,,,,,,,,0
2026-07-01T23:00:00-03:00,1782957600.0,evaluation,no_exact_record,,,,,,,,0
2026-07-01T23:15:00-03:00,1782958500.0,evaluation,no_exact_record,,,,,,,,0
2026-07-01T23:30:00-03:00,1782959400.0,evaluation,no_exact_record,,,,,,,,0
2026-07-01T23:45:00-03:00,1782960300.0,evaluation,no_exact_record,,,,,,,,0
2026-07-02T00:00:00-03:00,1782961200.0,evaluation,no_exact_record,,,,,,,,0
2026-07-02T00:15:00-03:00,1782962100.0,evaluation,no_exact_record,,,,,,,,0
2026-07-02T00:30:00-03:00,1782963000.0,evaluation,no_exact_record,,,,,,,,0
2026-07-02T00:45:00-03:00,1782963900.0,evaluation,no_exact_record,,,,,,,,0
2026-07-02T01:00:00-03:00,1782964800.0,evaluation,no_exact_record,,,,,,,,0
2026-07-02T01:15:00-03:00,1782965700.0,evaluation,no_exact_record,,,,,,,,0
2026-07-02T01:30:00-03:00,1782966600.0,evaluation,no_exact_record,,,,,,,,0
2026-07-02T01:45:00-03:00,1782967500.0,evaluation,no_exact_record,,,,,,,,0
2026-07-02T02:00:00-03:00,1782968400.0,evaluation,no_exact_record,,,,,,,,0
2026-07-02T02:15:00-03:00,1782969300.0,evaluation,no_exact_record,,,,,,,,0
2026-07-02T02:30:00-03:00,1782970200.0,evaluation,no_exact_record,,,,,,,,0
2026-07-02T02:45:00-03:00,1782971100.0,evaluation,no_exact_record,,,,,,,,0
2026-07-02T03:00:00-03:00,1782972000.0,evaluation,no_exact_record,,,,,,,,0
2026-07-02T03:15:00-03:00,1782972900.0,evaluation,no_exact_record,,,,,,,,0
2026-07-02T03:30:00-03:00,1782973800.0,evaluation,no_exact_record,,,,,,,,0
2026-07-02T03:45:00-03:00,1782974700.0,evaluation,no_exact_record,,,,,,,,0
2026-07-02T04:00:00-03:00,1782975600.0,evaluation,no_exact_record,,,,,,,,0
2026-07-02T04:15:00-03:00,1782976500.0,evaluation,no_exact_record,,,,,,,,0
2026-07-02T04:30:00-03:00,1782977400.0,evaluation,no_exact_record,,,,,,,,0
2026-07-02T04:45:00-03:00,1782978300.0,evaluation,no_exact_record,,,,,,,,0
2026-07-02T05:00:00-03:00,1782979200.0,evaluation,no_exact_record,,,,,,,,0
2026-07-02T05:15:00-03:00,1782980100.0,evaluation,no_exact_record,,,,,,,,0
2026-07-02T05:30:00-03:00,1782981000.0,evaluation,no_exact_record,,,,,,,,0
2026-07-02T05:45:00-03:00,1782981900.0,evaluation,no_exact_record,,,,,,,,0
2026-07-02T06:00:00-03:00,1782982800.0,evaluation,no_exact_record,,,,,,,,0
2026-07-02T06:15:00-03:00,1782983700.0,evaluation,no_exact_record,,,,,,,,0
2026-07-02T06:30:00-03:00,1782984600.0,evaluation,no_exact_record,,,,,,,,0
2026-07-02T06:45:00-03:00,1782985500.0,evaluation,no_exact_record,,,,,,,,0
2026-07-02T07:15:00-03:00,1782987300.0,evaluation,no_exact_record,,,,,,,,0
2026-07-02T07:30:00-03:00,1782988200.0,evaluation,no_exact_record,,,,,,,,0
2026-07-02T07:45:00-03:00,1782989100.0,evaluation,no_exact_record,,,,,,,,0
2026-07-02T08:00:00-03:00,1782990000.0,evaluation,no_exact_record,,,,,,,,0
2026-07-02T08:15:00-03:00,1782990900.0,evaluation,no_exact_record,,,,,,,,0
2026-07-02T08:30:00-03:00,1782991800.0,evaluation,no_exact_record,,,,,,,,0
2026-07-02T08:45:00-03:00,1782992700.0,evaluation,no_exact_record,,,,,,,,0
2026-07-02T09:00:00-03:00,1782993600.0,evaluation,no_exact_record,,,,,,,,0
2026-07-02T09:15:00-03:00,1782994500.0,evaluation,no_exact_record,,,,,,,,0
2026-07-02T09:30:00-03:00,1782995400.0,evaluation,no_exact_record,,,,,,,,0
2026-07-02T09:45:00-03:00,1782996300.0,evaluation,no_exact_record,,,,,,,,0
2026-07-02T10:00:00-03:00,1782997200.0,evaluation,no_exact_record,,,,,,,,0
2026-07-02T10:15:00-03:00,1782998100.0,evaluation,no_exact_record,,,,,,,,0
2026-07-02T10:30:00-03:00,1782999000.0,evaluation,no_exact_record,,,,,,,,0
2026-07-02T10:45:00-03:00,1782999900.0,evaluation,no_exact_record,,,,,,,,0
2026-07-02T11:00:00-03:00,1783000800.0,evaluation,no_exact_record,,,,,,,,0
2026-07-02T11:15:00-03:00,1783001700.0,evaluation,no_exact_record,,,,,,,,0
2026-07-02T11:30:00-03:00,1783002600.0,evaluation,no_exact_record,,,,,,,,0
2026-07-02T11:45:00-03:00,1783003500.0,evaluation,no_exact_record,,,,,,,,0
2026-07-02T12:00:00-03:00,1783004400.0,evaluation,no_exact_record,,,,,,,,0
2026-07-02T12:15:00-03:00,1783005300.0,evaluation,no_exact_record,,,,,,,,0
2026-07-02T12:30:00-03:00,1783006200.0,evaluation,no_exact_record,,,,,,,,0
2026-07-02T12:45:00-03:00,1783007100.0,evaluation,no_exact_record,,,,,,,,0
2026-07-02T13:00:00-03:00,1783008000.0,evaluation,no_exact_record,,,,,,,,0
2026-07-02T13:15:00-03:00,1783008900.0,evaluation,no_exact_record,,,,,,,,0
2026-07-02T13:30:00-03:00,1783009800.0,evaluation,no_exact_record,,,,,,,,0
2026-07-02T13:45:00-03:00,1783010700.0,evaluation,no_exact_record,,,,,,,,0
2026-07-02T14:00:00-03:00,1783011600.0,evaluation,no_exact_record,,,,,,,,0
2026-07-02T14:15:00-03:00,1783012500.0,evaluation,no_exact_record,,,,,,,,0
2026-07-02T14:30:00-03:00,1783013400.0,evaluation,no_exact_record,,,,,,,,0
2026-07-02T14:45:00-03:00,1783014300.0,evaluation,no_exact_record,,,,,,,,0
2026-07-02T15:00:00-03:00,1783015200.0,evaluation,no_exact_record,,,,,,,,0
2026-07-02T15:15:00-03:00,1783016100.0,evaluation,no_exact_record,,,,,,,,0
2026-07-02T15:30:00-03:00,1783017000.0,evaluation,no_exact_record,,,,,,,,0
2026-07-02T15:45:00-03:00,1783017900.0,evaluation,no_exact_record,,,,,,,,0
2026-07-02T16:00:00-03:00,1783018800.0,evaluation,no_exact_record,,,,,,,,0
2026-07-02T16:15:00-03:00,1783019700.0,evaluation,no_exact_record,,,,,,,,0
2026-07-02T16:30:00-03:00,1783020600.0,evaluation,no_exact_record,,,,,,,,0
2026-07-02T16:45:00-03:00,1783021500.0,evaluation,no_exact_record,,,,,,,,0
2026-07-02T17:15:00-03:00,1783023300.0,evaluation,no_exact_record,,,,,,,,0
2026-07-02T17:30:00-03:00,1783024200.0,evaluation,no_exact_record,,,,,,,,0
2026-07-02T17:45:00-03:00,1783025100.0,evaluation,no_exact_record,,,,,,,,0
2026-07-02T18:00:00-03:00,1783026000.0,evaluation,no_exact_record,,,,,,,,0
2026-07-02T18:15:00-03:00,1783026900.0,evaluation,no_exact_record,,,,,,,,0
2026-07-02T18:30:00-03:00,1783027800.0,evaluation,no_exact_record,,,,,,,,0
2026-07-02T18:45:00-03:00,1783028700.0,evaluation,no_exact_record,,,,,,,,0
2026-07-02T19:00:00-03:00,1783029600.0,evaluation,no_exact_record,,,,,,,,0
2026-07-02T19:15:00-03:00,1783030500.0,evaluation,no_exact_record,,,,,,,,0
2026-07-02T19:30:00-03:00,1783031400.0,evaluation,no_exact_record,,,,,,,,0
2026-07-02T19:45:00-03:00,1783032300.0,evaluation,no_exact_record,,,,,,,,0
2026-07-02T20:00:00-03:00,1783033200.0,evaluation,no_exact_record,,,,,,,,0
2026-07-02T20:15:00-03:00,1783034100.0,evaluation,no_exact_record,,,,,,,,0
2026-07-02T20:30:00-03:00,1783035000.0,evaluation,no_exact_record,,,,,,,,0
2026-07-02T20:45:00-03:00,1783035900.0,evaluation,no_exact_record,,,,,,,,0
2026-07-02T21:00:00-03:00,1783036800.0,evaluation,no_exact_record,,,,,,,,0
2026-07-02T21:15:00-03:00,1783037700.0,evaluation,no_exact_record,,,,,,,,0
2026-07-02T21:30:00-03:00,1783038600.0,evaluation,no_exact_record,,,,,,,,0
2026-07-02T21:45:00-03:00,1783039500.0,evaluation,no_exact_record,,,,,,,,0
2026-07-02T22:00:00-03:00,1783040400.0,evaluation,no_exact_record,,,,,,,,0
2026-07-02T22:15:00-03:00,1783041300.0,evaluation,no_exact_record,,,,,,,,0
2026-07-02T22:30:00-03:00,1783042200.0,evaluation,no_exact_record,,,,,,,,0
2026-07-02T22:45:00-03:00,1783043100.0,evaluation,no_exact_record,,,,,,,,0
2026-07-02T23:00:00-03:00,1783044000.0,evaluation,no_exact_record,,,,,,,,0
2026-07-02T23:15:00-03:00,1783044900.0,evaluation,no_exact_record,,,,,,,,0
2026-07-02T23:30:00-03:00,1783045800.0,evaluation,no_exact_record,,,,,,,,0
2026-07-02T23:45:00-03:00,1783046700.0,evaluation,no_exact_record,,,,,,,,0
2026-07-03T00:00:00-03:00,1783047600.0,evaluation,no_exact_record,,,,,,,,0
2026-07-03T00:15:00-03:00,1783048500.0,evaluation,no_exact_record,,,,,,,,0
2026-07-03T00:30:00-03:00,1783049400.0,evaluation,no_exact_record,,,,,,,,0
2026-07-03T00:45:00-03:00,1783050300.0,evaluation,no_exact_record,,,,,,,,0
2026-07-03T01:00:00-03:00,1783051200.0,evaluation,no_exact_record,,,,,,,,0
2026-07-03T01:15:00-03:00,1783052100.0,evaluation,no_exact_record,,,,,,,,0
2026-07-03T01:30:00-03:00,1783053000.0,evaluation,no_exact_record,,,,,,,,0
2026-07-03T01:45:00-03:00,1783053900.0,evaluation,no_exact_record,,,,,,,,0
2026-07-03T02:00:00-03:00,1783054800.0,evaluation,no_exact_record,,,,,,,,0
2026-07-03T02:15:00-03:00,1783055700.0,evaluation,no_exact_record,,,,,,,,0
2026-07-03T02:30:00-03:00,1783056600.0,evaluation,no_exact_record,,,,,,,,0
2026-07-03T02:45:00-03:00,1783057500.0,evaluation,no_exact_record,,,,,,,,0
2026-07-03T03:00:00-03:00,1783058400.0,evaluation,no_exact_record,,,,,,,,0
2026-07-03T03:15:00-03:00,1783059300.0,evaluation,no_exact_record,,,,,,,,0
2026-07-03T03:30:00-03:00,1783060200.0,evaluation,no_exact_record,,,,,,,,0
2026-07-03T03:45:00-03:00,1783061100.0,evaluation,no_exact_record,,,,,,,,0
2026-07-03T04:00:00-03:00,1783062000.0,evaluation,no_exact_record,,,,,,,,0
2026-07-03T04:15:00-03:00,1783062900.0,evaluation,no_exact_record,,,,,,,,0
2026-07-03T04:30:00-03:00,1783063800.0,evaluation,no_exact_record,,,,,,,,0
2026-07-03T04:45:00-03:00,1783064700.0,evaluation,no_exact_record,,,,,,,,0
2026-07-03T05:00:00-03:00,1783065600.0,evaluation,no_exact_record,,,,,,,,0
2026-07-03T05:15:00-03:00,1783066500.0,evaluation,no_exact_record,,,,,,,,0
2026-07-03T05:30:00-03:00,1783067400.0,evaluation,no_exact_record,,,,,,,,0
2026-07-03T05:45:00-03:00,1783068300.0,evaluation,no_exact_record,,,,,,,,0
2026-07-03T06:00:00-03:00,1783069200.0,evaluation,no_exact_record,,,,,,,,0
2026-07-03T06:15:00-03:00,1783070100.0,evaluation,no_exact_record,,,,,,,,0
2026-07-03T06:30:00-03:00,1783071000.0,evaluation,no_exact_record,,,,,,,,0
2026-07-03T06:45:00-03:00,1783071900.0,evaluation,no_exact_record,,,,,,,,0
2026-07-03T07:15:00-03:00,1783073700.0,evaluation,no_exact_record,,,,,,,,0
2026-07-03T07:30:00-03:00,1783074600.0,evaluation,no_exact_record,,,,,,,,0
2026-07-03T07:45:00-03:00,1783075500.0,evaluation,no_exact_record,,,,,,,,0
2026-07-03T08:00:00-03:00,1783076400.0,evaluation,no_exact_record,,,,,,,,0
2026-07-03T08:15:00-03:00,1783077300.0,evaluation,no_exact_record,,,,,,,,0
2026-07-03T08:30:00-03:00,1783078200.0,evaluation,no_exact_record,,,,,,,,0
2026-07-03T08:45:00-03:00,1783079100.0,evaluation,no_exact_record,,,,,,,,0
2026-07-03T09:00:00-03:00,1783080000.0,evaluation,no_exact_record,,,,,,,,0
2026-07-03T09:15:00-03:00,1783080900.0,evaluation,no_exact_record,,,,,,,,0
2026-07-03T09:30:00-03:00,1783081800.0,evaluation,no_exact_record,,,,,,,,0
2026-07-03T09:45:00-03:00,1783082700.0,evaluation,no_exact_record,,,,,,,,0
2026-07-03T10:00:00-03:00,1783083600.0,evaluation,no_exact_record,,,,,,,,0
2026-07-03T10:15:00-03:00,1783084500.0,evaluation,no_exact_record,,,,,,,,0
2026-07-03T10:30:00-03:00,1783085400.0,evaluation,no_exact_record,,,,,,,,0
2026-07-03T10:45:00-03:00,1783086300.0,evaluation,no_exact_record,,,,,,,,0
2026-07-03T11:00:00-03:00,1783087200.0,evaluation,no_exact_record,,,,,,,,0
2026-07-03T11:15:00-03:00,1783088100.0,evaluation,no_exact_record,,,,,,,,0
2026-07-03T11:30:00-03:00,1783089000.0,evaluation,no_exact_record,,,,,,,,0
2026-07-03T11:45:00-03:00,1783089900.0,evaluation,no_exact_record,,,,,,,,0
2026-07-03T12:00:00-03:00,1783090800.0,evaluation,no_exact_record,,,,,,,,0
2026-07-03T12:15:00-03:00,1783091700.0,evaluation,no_exact_record,,,,,,,,0
2026-07-03T12:30:00-03:00,1783092600.0,evaluation,no_exact_record,,,,,,,,0
2026-07-03T12:45:00-03:00,1783093500.0,evaluation,no_exact_record,,,,,,,,0
2026-07-03T13:00:00-03:00,1783094400.0,evaluation,no_exact_record,,,,,,,,0
2026-07-03T13:15:00-03:00,1783095300.0,evaluation,no_exact_record,,,,,,,,0
2026-07-03T13:30:00-03:00,1783096200.0,evaluation,no_exact_record,,,,,,,,0
2026-07-03T13:45:00-03:00,1783097100.0,evaluation,no_exact_record,,,,,,,,0
2026-07-03T14:00:00-03:00,1783098000.0,evaluation,no_exact_record,,,,,,,,0
2026-07-03T14:15:00-03:00,1783098900.0,evaluation,no_exact_record,,,,,,,,0
2026-07-03T14:30:00-03:00,1783099800.0,evaluation,no_exact_record,,,,,,,,0
2026-07-03T14:45:00-03:00,1783100700.0,evaluation,no_exact_record,,,,,,,,0
2026-07-03T15:00:00-03:00,1783101600.0,evaluation,no_exact_record,,,,,,,,0
2026-07-03T15:15:00-03:00,1783102500.0,evaluation,no_exact_record,,,,,,,,0
2026-07-03T15:30:00-03:00,1783103400.0,evaluation,no_exact_record,,,,,,,,0
2026-07-03T15:45:00-03:00,1783104300.0,evaluation,no_exact_record,,,,,,,,0
2026-07-03T16:00:00-03:00,1783105200.0,evaluation,no_exact_record,,,,,,,,0
2026-07-03T16:15:00-03:00,1783106100.0,evaluation,no_exact_record,,,,,,,,0
2026-07-03T16:30:00-03:00,1783107000.0,evaluation,no_exact_record,,,,,,,,0
2026-07-03T16:45:00-03:00,1783107900.0,evaluation,no_exact_record,,,,,,,,0
2026-07-03T17:15:00-03:00,1783109700.0,evaluation,no_exact_record,,,,,,,,0
2026-07-03T17:30:00-03:00,1783110600.0,evaluation,no_exact_record,,,,,,,,0
2026-07-03T17:45:00-03:00,1783111500.0,evaluation,no_exact_record,,,,,,,,0
2026-07-03T18:00:00-03:00,1783112400.0,evaluation,no_exact_record,,,,,,,,0
2026-07-03T18:15:00-03:00,1783113300.0,evaluation,no_exact_record,,,,,,,,0
2026-07-03T18:30:00-03:00,1783114200.0,evaluation,no_exact_record,,,,,,,,0
2026-07-03T18:45:00-03:00,1783115100.0,evaluation,no_exact_record,,,,,,,,0
2026-07-03T19:00:00-03:00,1783116000.0,evaluation,no_exact_record,,,,,,,,0
2026-07-03T19:15:00-03:00,1783116900.0,evaluation,no_exact_record,,,,,,,,0
2026-07-03T19:30:00-03:00,1783117800.0,evaluation,no_exact_record,,,,,,,,0
2026-07-03T19:45:00-03:00,1783118700.0,evaluation,no_exact_record,,,,,,,,0
2026-07-03T20:00:00-03:00,1783119600.0,evaluation,no_exact_record,,,,,,,,0
2026-07-03T20:15:00-03:00,1783120500.0,evaluation,no_exact_record,,,,,,,,0
2026-07-03T20:30:00-03:00,1783121400.0,evaluation,no_exact_record,,,,,,,,0
2026-07-03T20:45:00-03:00,1783122300.0,evaluation,no_exact_record,,,,,,,,0
2026-07-03T21:00:00-03:00,1783123200.0,evaluation,no_exact_record,,,,,,,,0
2026-07-03T21:15:00-03:00,1783124100.0,evaluation,no_exact_record,,,,,,,,0
2026-07-03T21:30:00-03:00,1783125000.0,evaluation,no_exact_record,,,,,,,,0
2026-07-03T21:45:00-03:00,1783125900.0,evaluation,no_exact_record,,,,,,,,0
2026-07-03T22:00:00-03:00,1783126800.0,evaluation,no_exact_record,,,,,,,,0
2026-07-03T22:15:00-03:00,1783127700.0,evaluation,no_exact_record,,,,,,,,0
2026-07-03T22:30:00-03:00,1783128600.0,evaluation,no_exact_record,,,,,,,,0
2026-07-03T22:45:00-03:00,1783129500.0,evaluation,no_exact_record,,,,,,,,0
2026-07-03T23:00:00-03:00,1783130400.0,evaluation,no_exact_record,,,,,,,,0
2026-07-03T23:15:00-03:00,1783131300.0,evaluation,no_exact_record,,,,,,,,0
2026-07-03T23:30:00-03:00,1783132200.0,evaluation,no_exact_record,,,,,,,,0
2026-07-03T23:45:00-03:00,1783133100.0,evaluation,no_exact_record,,,,,,,,0
2026-07-04T00:00:00-03:00,1783134000.0,evaluation,no_exact_record,,,,,,,,0
2026-07-04T00:15:00-03:00,1783134900.0,evaluation,no_exact_record,,,,,,,,0
2026-07-04T00:30:00-03:00,1783135800.0,evaluation,no_exact_record,,,,,,,,0
2026-07-04T00:45:00-03:00,1783136700.0,evaluation,no_exact_record,,,,,,,,0
2026-07-04T01:00:00-03:00,1783137600.0,evaluation,no_exact_record,,,,,,,,0
2026-07-04T01:15:00-03:00,1783138500.0,evaluation,no_exact_record,,,,,,,,0
2026-07-04T01:30:00-03:00,1783139400.0,evaluation,no_exact_record,,,,,,,,0
2026-07-04T01:45:00-03:00,1783140300.0,evaluation,no_exact_record,,,,,,,,0
2026-07-04T02:00:00-03:00,1783141200.0,evaluation,no_exact_record,,,,,,,,0
2026-07-04T02:15:00-03:00,1783142100.0,evaluation,no_exact_record,,,,,,,,0
2026-07-04T02:30:00-03:00,1783143000.0,evaluation,no_exact_record,,,,,,,,0
2026-07-04T02:45:00-03:00,1783143900.0,evaluation,no_exact_record,,,,,,,,0
2026-07-04T03:00:00-03:00,1783144800.0,evaluation,no_exact_record,,,,,,,,0
2026-07-04T03:15:00-03:00,1783145700.0,evaluation,no_exact_record,,,,,,,,0
2026-07-04T03:30:00-03:00,1783146600.0,evaluation,no_exact_record,,,,,,,,0
2026-07-04T03:45:00-03:00,1783147500.0,evaluation,no_exact_record,,,,,,,,0
2026-07-04T04:00:00-03:00,1783148400.0,evaluation,no_exact_record,,,,,,,,0
2026-07-04T04:15:00-03:00,1783149300.0,evaluation,no_exact_record,,,,,,,,0
2026-07-04T04:30:00-03:00,1783150200.0,evaluation,no_exact_record,,,,,,,,0
2026-07-04T04:45:00-03:00,1783151100.0,evaluation,no_exact_record,,,,,,,,0
2026-07-04T05:00:00-03:00,1783152000.0,evaluation,no_exact_record,,,,,,,,0
2026-07-04T05:15:00-03:00,1783152900.0,evaluation,no_exact_record,,,,,,,,0
2026-07-04T05:30:00-03:00,1783153800.0,evaluation,no_exact_record,,,,,,,,0
2026-07-04T05:45:00-03:00,1783154700.0,evaluation,no_exact_record,,,,,,,,0
2026-07-04T06:00:00-03:00,1783155600.0,evaluation,no_exact_record,,,,,,,,0
2026-07-04T06:15:00-03:00,1783156500.0,evaluation,no_exact_record,,,,,,,,0
2026-07-04T06:30:00-03:00,1783157400.0,evaluation,no_exact_record,,,,,,,,0
2026-07-04T06:45:00-03:00,1783158300.0,evaluation,no_exact_record,,,,,,,,0
2026-07-04T07:15:00-03:00,1783160100.0,evaluation,no_exact_record,,,,,,,,0
2026-07-04T07:30:00-03:00,1783161000.0,evaluation,no_exact_record,,,,,,,,0
2026-07-04T07:45:00-03:00,1783161900.0,evaluation,no_exact_record,,,,,,,,0
2026-07-04T08:00:00-03:00,1783162800.0,evaluation,no_exact_record,,,,,,,,0
2026-07-04T08:15:00-03:00,1783163700.0,evaluation,no_exact_record,,,,,,,,0
2026-07-04T08:30:00-03:00,1783164600.0,evaluation,no_exact_record,,,,,,,,0
2026-07-04T08:45:00-03:00,1783165500.0,evaluation,no_exact_record,,,,,,,,0
2026-07-04T09:00:00-03:00,1783166400.0,evaluation,no_exact_record,,,,,,,,0
2026-07-04T09:15:00-03:00,1783167300.0,evaluation,no_exact_record,,,,,,,,0
2026-07-04T09:30:00-03:00,1783168200.0,evaluation,no_exact_record,,,,,,,,0
2026-07-04T09:45:00-03:00,1783169100.0,evaluation,no_exact_record,,,,,,,,0
2026-07-04T10:00:00-03:00,1783170000.0,evaluation,no_exact_record,,,,,,,,0
2026-07-04T10:15:00-03:00,1783170900.0,evaluation,no_exact_record,,,,,,,,0
2026-07-04T10:30:00-03:00,1783171800.0,evaluation,no_exact_record,,,,,,,,0
2026-07-04T10:45:00-03:00,1783172700.0,evaluation,no_exact_record,,,,,,,,0
2026-07-04T11:00:00-03:00,1783173600.0,evaluation,no_exact_record,,,,,,,,0
2026-07-04T11:15:00-03:00,1783174500.0,evaluation,no_exact_record,,,,,,,,0
2026-07-04T11:30:00-03:00,1783175400.0,evaluation,no_exact_record,,,,,,,,0
2026-07-04T11:45:00-03:00,1783176300.0,evaluation,no_exact_record,,,,,,,,0
2026-07-04T12:00:00-03:00,1783177200.0,evaluation,no_exact_record,,,,,,,,0
2026-07-04T12:15:00-03:00,1783178100.0,evaluation,no_exact_record,,,,,,,,0
2026-07-04T12:30:00-03:00,1783179000.0,evaluation,no_exact_record,,,,,,,,0
2026-07-04T12:45:00-03:00,1783179900.0,evaluation,no_exact_record,,,,,,,,0
2026-07-04T13:00:00-03:00,1783180800.0,evaluation,no_exact_record,,,,,,,,0
2026-07-04T13:15:00-03:00,1783181700.0,evaluation,no_exact_record,,,,,,,,0
2026-07-04T13:30:00-03:00,1783182600.0,evaluation,no_exact_record,,,,,,,,0
2026-07-04T13:45:00-03:00,1783183500.0,evaluation,no_exact_record,,,,,,,,0
2026-07-04T14:00:00-03:00,1783184400.0,evaluation,no_exact_record,,,,,,,,0
2026-07-04T14:15:00-03:00,1783185300.0,evaluation,no_exact_record,,,,,,,,0
2026-07-04T14:30:00-03:00,1783186200.0,evaluation,no_exact_record,,,,,,,,0
2026-07-04T14:45:00-03:00,1783187100.0,evaluation,no_exact_record,,,,,,,,0
2026-07-04T15:00:00-03:00,1783188000.0,evaluation,no_exact_record,,,,,,,,0
2026-07-04T15:15:00-03:00,1783188900.0,evaluation,no_exact_record,,,,,,,,0
2026-07-04T15:30:00-03:00,1783189800.0,evaluation,no_exact_record,,,,,,,,0
2026-07-04T15:45:00-03:00,1783190700.0,evaluation,no_exact_record,,,,,,,,0
2026-07-04T16:00:00-03:00,1783191600.0,evaluation,no_exact_record,,,,,,,,0
2026-07-04T16:15:00-03:00,1783192500.0,evaluation,no_exact_record,,,,,,,,0
2026-07-04T16:30:00-03:00,1783193400.0,evaluation,no_exact_record,,,,,,,,0
2026-07-04T16:45:00-03:00,1783194300.0,evaluation,no_exact_record,,,,,,,,0
2026-07-04T17:15:00-03:00,1783196100.0,evaluation,no_exact_record,,,,,,,,0
2026-07-04T17:30:00-03:00,1783197000.0,evaluation,no_exact_record,,,,,,,,0
2026-07-04T17:45:00-03:00,1783197900.0,evaluation,no_exact_record,,,,,,,,0
2026-07-04T18:00:00-03:00,1783198800.0,evaluation,no_exact_record,,,,,,,,0
2026-07-04T18:15:00-03:00,1783199700.0,evaluation,no_exact_record,,,,,,,,0
2026-07-04T18:30:00-03:00,1783200600.0,evaluation,no_exact_record,,,,,,,,0
2026-07-04T18:45:00-03:00,1783201500.0,evaluation,no_exact_record,,,,,,,,0
2026-07-04T19:00:00-03:00,1783202400.0,evaluation,no_exact_record,,,,,,,,0
2026-07-04T19:15:00-03:00,1783203300.0,evaluation,no_exact_record,,,,,,,,0
2026-07-04T19:30:00-03:00,1783204200.0,evaluation,no_exact_record,,,,,,,,0
2026-07-04T19:45:00-03:00,1783205100.0,evaluation,no_exact_record,,,,,,,,0
2026-07-04T20:00:00-03:00,1783206000.0,evaluation,no_exact_record,,,,,,,,0
2026-07-04T20:15:00-03:00,1783206900.0,evaluation,no_exact_record,,,,,,,,0
2026-07-04T20:30:00-03:00,1783207800.0,evaluation,no_exact_record,,,,,,,,0
2026-07-04T20:45:00-03:00,1783208700.0,evaluation,no_exact_record,,,,,,,,0
2026-07-04T21:00:00-03:00,1783209600.0,evaluation,no_exact_record,,,,,,,,0
2026-07-04T21:15:00-03:00,1783210500.0,evaluation,no_exact_record,,,,,,,,0
2026-07-04T21:30:00-03:00,1783211400.0,evaluation,no_exact_record,,,,,,,,0
2026-07-04T21:45:00-03:00,1783212300.0,evaluation,no_exact_record,,,,,,,,0
2026-07-04T22:00:00-03:00,1783213200.0,evaluation,no_exact_record,,,,,,,,0
2026-07-04T22:15:00-03:00,1783214100.0,evaluation,no_exact_record,,,,,,,,0
2026-07-04T22:30:00-03:00,1783215000.0,evaluation,no_exact_record,,,,,,,,0
2026-07-04T22:45:00-03:00,1783215900.0,evaluation,no_exact_record,,,,,,,,0
2026-07-04T23:00:00-03:00,1783216800.0,evaluation,no_exact_record,,,,,,,,0
2026-07-04T23:15:00-03:00,1783217700.0,evaluation,no_exact_record,,,,,,,,0
2026-07-04T23:30:00-03:00,1783218600.0,evaluation,no_exact_record,,,,,,,,0
2026-07-04T23:45:00-03:00,1783219500.0,evaluation,no_exact_record,,,,,,,,0
2026-07-05T00:00:00-03:00,1783220400.0,evaluation,no_exact_record,,,,,,,,0
2026-07-05T00:15:00-03:00,1783221300.0,evaluation,no_exact_record,,,,,,,,0
2026-07-05T00:30:00-03:00,1783222200.0,evaluation,no_exact_record,,,,,,,,0
2026-07-05T00:45:00-03:00,1783223100.0,evaluation,no_exact_record,,,,,,,,0
2026-07-05T01:00:00-03:00,1783224000.0,evaluation,no_exact_record,,,,,,,,0
2026-07-05T01:15:00-03:00,1783224900.0,evaluation,no_exact_record,,,,,,,,0
2026-07-05T01:30:00-03:00,1783225800.0,evaluation,no_exact_record,,,,,,,,0
2026-07-05T01:45:00-03:00,1783226700.0,evaluation,no_exact_record,,,,,,,,0
2026-07-05T02:00:00-03:00,1783227600.0,evaluation,no_exact_record,,,,,,,,0
2026-07-05T02:15:00-03:00,1783228500.0,evaluation,no_exact_record,,,,,,,,0
2026-07-05T02:30:00-03:00,1783229400.0,evaluation,no_exact_record,,,,,,,,0
2026-07-05T02:45:00-03:00,1783230300.0,evaluation,no_exact_record,,,,,,,,0
2026-07-05T03:00:00-03:00,1783231200.0,evaluation,no_exact_record,,,,,,,,0
2026-07-05T03:15:00-03:00,1783232100.0,evaluation,no_exact_record,,,,,,,,0
2026-07-05T03:30:00-03:00,1783233000.0,evaluation,no_exact_record,,,,,,,,0
2026-07-05T03:45:00-03:00,1783233900.0,evaluation,no_exact_record,,,,,,,,0
2026-07-05T04:00:00-03:00,1783234800.0,evaluation,no_exact_record,,,,,,,,0
2026-07-05T04:15:00-03:00,1783235700.0,evaluation,no_exact_record,,,,,,,,0
2026-07-05T04:30:00-03:00,1783236600.0,evaluation,no_exact_record,,,,,,,,0
2026-07-05T04:45:00-03:00,1783237500.0,evaluation,no_exact_record,,,,,,,,0
2026-07-05T05:00:00-03:00,1783238400.0,evaluation,no_exact_record,,,,,,,,0
2026-07-05T05:15:00-03:00,1783239300.0,evaluation,no_exact_record,,,,,,,,0
2026-07-05T05:30:00-03:00,1783240200.0,evaluation,no_exact_record,,,,,,,,0
2026-07-05T05:45:00-03:00,1783241100.0,evaluation,no_exact_record,,,,,,,,0
2026-07-05T06:00:00-03:00,1783242000.0,evaluation,no_exact_record,,,,,,,,0
2026-07-05T06:15:00-03:00,1783242900.0,evaluation,no_exact_record,,,,,,,,0
2026-07-05T06:30:00-03:00,1783243800.0,evaluation,no_exact_record,,,,,,,,0
2026-07-05T06:45:00-03:00,1783244700.0,evaluation,no_exact_record,,,,,,,,0
2026-07-05T07:15:00-03:00,1783246500.0,evaluation,no_exact_record,,,,,,,,0
2026-07-05T07:30:00-03:00,1783247400.0,evaluation,no_exact_record,,,,,,,,0
2026-07-05T07:45:00-03:00,1783248300.0,evaluation,no_exact_record,,,,,,,,0
2026-07-05T08:00:00-03:00,1783249200.0,evaluation,no_exact_record,,,,,,,,0
2026-07-05T08:15:00-03:00,1783250100.0,evaluation,no_exact_record,,,,,,,,0
2026-07-05T08:30:00-03:00,1783251000.0,evaluation,no_exact_record,,,,,,,,0
2026-07-05T08:45:00-03:00,1783251900.0,evaluation,no_exact_record,,,,,,,,0
2026-07-05T09:00:00-03:00,1783252800.0,evaluation,no_exact_record,,,,,,,,0
2026-07-05T09:15:00-03:00,1783253700.0,evaluation,no_exact_record,,,,,,,,0
2026-07-05T09:30:00-03:00,1783254600.0,evaluation,no_exact_record,,,,,,,,0
2026-07-05T09:45:00-03:00,1783255500.0,evaluation,no_exact_record,,,,,,,,0
2026-07-05T10:00:00-03:00,1783256400.0,evaluation,no_exact_record,,,,,,,,0
2026-07-05T10:15:00-03:00,1783257300.0,evaluation,no_exact_record,,,,,,,,0
2026-07-05T10:30:00-03:00,1783258200.0,evaluation,no_exact_record,,,,,,,,0
2026-07-05T10:45:00-03:00,1783259100.0,evaluation,no_exact_record,,,,,,,,0
2026-07-05T11:00:00-03:00,1783260000.0,evaluation,no_exact_record,,,,,,,,0
2026-07-05T11:15:00-03:00,1783260900.0,evaluation,no_exact_record,,,,,,,,0
2026-07-05T11:30:00-03:00,1783261800.0,evaluation,no_exact_record,,,,,,,,0
2026-07-05T11:45:00-03:00,1783262700.0,evaluation,no_exact_record,,,,,,,,0
2026-07-05T12:00:00-03:00,1783263600.0,evaluation,no_exact_record,,,,,,,,0
2026-07-05T12:15:00-03:00,1783264500.0,evaluation,no_exact_record,,,,,,,,0
2026-07-05T12:30:00-03:00,1783265400.0,evaluation,no_exact_record,,,,,,,,0
2026-07-05T12:45:00-03:00,1783266300.0,evaluation,no_exact_record,,,,,,,,0
2026-07-05T13:00:00-03:00,1783267200.0,evaluation,no_exact_record,,,,,,,,0
2026-07-05T13:15:00-03:00,1783268100.0,evaluation,no_exact_record,,,,,,,,0
2026-07-05T13:30:00-03:00,1783269000.0,evaluation,no_exact_record,,,,,,,,0
2026-07-05T13:45:00-03:00,1783269900.0,evaluation,no_exact_record,,,,,,,,0
2026-07-05T14:00:00-03:00,1783270800.0,evaluation,no_exact_record,,,,,,,,0
2026-07-05T14:15:00-03:00,1783271700.0,evaluation,no_exact_record,,,,,,,,0
2026-07-05T14:30:00-03:00,1783272600.0,evaluation,no_exact_record,,,,,,,,0
2026-07-05T14:45:00-03:00,1783273500.0,evaluation,no_exact_record,,,,,,,,0
2026-07-05T15:00:00-03:00,1783274400.0,evaluation,no_exact_record,,,,,,,,0
2026-07-05T15:15:00-03:00,1783275300.0,evaluation,no_exact_record,,,,,,,,0
2026-07-05T15:30:00-03:00,1783276200.0,evaluation,no_exact_record,,,,,,,,0
2026-07-05T15:45:00-03:00,1783277100.0,evaluation,no_exact_record,,,,,,,,0
2026-07-05T16:00:00-03:00,1783278000.0,evaluation,no_exact_record,,,,,,,,0
2026-07-05T16:15:00-03:00,1783278900.0,evaluation,no_exact_record,,,,,,,,0
2026-07-05T16:30:00-03:00,1783279800.0,evaluation,no_exact_record,,,,,,,,0
2026-07-05T16:45:00-03:00,1783280700.0,evaluation,no_exact_record,,,,,,,,0
2026-07-05T17:15:00-03:00,1783282500.0,evaluation,no_exact_record,,,,,,,,0
2026-07-05T17:30:00-03:00,1783283400.0,evaluation,no_exact_record,,,,,,,,0
2026-07-05T17:45:00-03:00,1783284300.0,evaluation,no_exact_record,,,,,,,,0
2026-07-05T18:00:00-03:00,1783285200.0,evaluation,no_exact_record,,,,,,,,0
2026-07-05T18:15:00-03:00,1783286100.0,evaluation,no_exact_record,,,,,,,,0
2026-07-05T18:30:00-03:00,1783287000.0,evaluation,no_exact_record,,,,,,,,0
2026-07-05T18:45:00-03:00,1783287900.0,evaluation,no_exact_record,,,,,,,,0
2026-07-05T19:00:00-03:00,1783288800.0,evaluation,no_exact_record,,,,,,,,0
2026-07-05T19:15:00-03:00,1783289700.0,evaluation,no_exact_record,,,,,,,,0
2026-07-05T19:30:00-03:00,1783290600.0,evaluation,no_exact_record,,,,,,,,0
2026-07-05T19:45:00-03:00,1783291500.0,evaluation,no_exact_record,,,,,,,,0
2026-07-05T20:00:00-03:00,1783292400.0,evaluation,no_exact_record,,,,,,,,0
2026-07-05T20:15:00-03:00,1783293300.0,evaluation,no_exact_record,,,,,,,,0
2026-07-05T20:30:00-03:00,1783294200.0,evaluation,no_exact_record,,,,,,,,0
2026-07-05T20:45:00-03:00,1783295100.0,evaluation,no_exact_record,,,,,,,,0
2026-07-05T21:00:00-03:00,1783296000.0,evaluation,no_exact_record,,,,,,,,0
2026-07-05T21:15:00-03:00,1783296900.0,evaluation,no_exact_record,,,,,,,,0
2026-07-05T21:30:00-03:00,1783297800.0,evaluation,no_exact_record,,,,,,,,0
2026-07-05T21:45:00-03:00,1783298700.0,evaluation,no_exact_record,,,,,,,,0
2026-07-05T22:00:00-03:00,1783299600.0,evaluation,no_exact_record,,,,,,,,0
2026-07-05T22:15:00-03:00,1783300500.0,evaluation,no_exact_record,,,,,,,,0
2026-07-05T22:30:00-03:00,1783301400.0,evaluation,no_exact_record,,,,,,,,0
2026-07-05T22:45:00-03:00,1783302300.0,evaluation,no_exact_record,,,,,,,,0
2026-07-05T23:00:00-03:00,1783303200.0,evaluation,no_exact_record,,,,,,,,0
2026-07-05T23:15:00-03:00,1783304100.0,evaluation,no_exact_record,,,,,,,,0
2026-07-05T23:30:00-03:00,1783305000.0,evaluation,no_exact_record,,,,,,,,0
2026-07-05T23:45:00-03:00,1783305900.0,evaluation,no_exact_record,,,,,,,,0
2026-07-06T00:00:00-03:00,1783306800.0,evaluation,no_exact_record,,,,,,,,0
2026-07-06T00:15:00-03:00,1783307700.0,evaluation,no_exact_record,,,,,,,,0
2026-07-06T00:30:00-03:00,1783308600.0,evaluation,no_exact_record,,,,,,,,0
2026-07-06T00:45:00-03:00,1783309500.0,evaluation,no_exact_record,,,,,,,,0
2026-07-06T01:00:00-03:00,1783310400.0,evaluation,no_exact_record,,,,,,,,0
2026-07-06T01:15:00-03:00,1783311300.0,evaluation,no_exact_record,,,,,,,,0
2026-07-06T01:30:00-03:00,1783312200.0,evaluation,no_exact_record,,,,,,,,0
2026-07-06T01:45:00-03:00,1783313100.0,evaluation,no_exact_record,,,,,,,,0
2026-07-06T02:00:00-03:00,1783314000.0,evaluation,no_exact_record,,,,,,,,0
2026-07-06T02:15:00-03:00,1783314900.0,evaluation,no_exact_record,,,,,,,,0
2026-07-06T02:30:00-03:00,1783315800.0,evaluation,no_exact_record,,,,,,,,0
2026-07-06T02:45:00-03:00,1783316700.0,evaluation,no_exact_record,,,,,,,,0
2026-07-06T03:00:00-03:00,1783317600.0,evaluation,no_exact_record,,,,,,,,0
2026-07-06T03:15:00-03:00,1783318500.0,evaluation,no_exact_record,,,,,,,,0
2026-07-06T03:30:00-03:00,1783319400.0,evaluation,no_exact_record,,,,,,,,0
2026-07-06T03:45:00-03:00,1783320300.0,evaluation,no_exact_record,,,,,,,,0
2026-07-06T04:00:00-03:00,1783321200.0,evaluation,no_exact_record,,,,,,,,0
2026-07-06T04:15:00-03:00,1783322100.0,evaluation,no_exact_record,,,,,,,,0
2026-07-06T04:30:00-03:00,1783323000.0,evaluation,no_exact_record,,,,,,,,0
2026-07-06T04:45:00-03:00,1783323900.0,evaluation,no_exact_record,,,,,,,,0
2026-07-06T05:00:00-03:00,1783324800.0,evaluation,no_exact_record,,,,,,,,0
2026-07-06T05:15:00-03:00,1783325700.0,evaluation,no_exact_record,,,,,,,,0
2026-07-06T05:30:00-03:00,1783326600.0,evaluation,no_exact_record,,,,,,,,0
2026-07-06T05:45:00-03:00,1783327500.0,evaluation,no_exact_record,,,,,,,,0
2026-07-06T06:00:00-03:00,1783328400.0,evaluation,no_exact_record,,,,,,,,0
2026-07-06T06:15:00-03:00,1783329300.0,evaluation,no_exact_record,,,,,,,,0
2026-07-06T06:30:00-03:00,1783330200.0,evaluation,no_exact_record,,,,,,,,0
2026-07-06T06:45:00-03:00,1783331100.0,evaluation,no_exact_record,,,,,,,,0
2026-07-06T07:15:00-03:00,1783332900.0,evaluation,no_exact_record,,,,,,,,0
2026-07-06T07:30:00-03:00,1783333800.0,evaluation,no_exact_record,,,,,,,,0
2026-07-06T07:45:00-03:00,1783334700.0,evaluation,no_exact_record,,,,,,,,0
2026-07-06T08:00:00-03:00,1783335600.0,evaluation,no_exact_record,,,,,,,,0
2026-07-06T08:15:00-03:00,1783336500.0,evaluation,no_exact_record,,,,,,,,0
2026-07-06T08:30:00-03:00,1783337400.0,evaluation,no_exact_record,,,,,,,,0
2026-07-06T08:45:00-03:00,1783338300.0,evaluation,no_exact_record,,,,,,,,0
2026-07-06T09:00:00-03:00,1783339200.0,evaluation,no_exact_record,,,,,,,,0
2026-07-06T09:15:00-03:00,1783340100.0,evaluation,no_exact_record,,,,,,,,0
2026-07-06T09:30:00-03:00,1783341000.0,evaluation,no_exact_record,,,,,,,,0
2026-07-06T09:45:00-03:00,1783341900.0,evaluation,no_exact_record,,,,,,,,0
2026-07-06T10:00:00-03:00,1783342800.0,evaluation,no_exact_record,,,,,,,,0
2026-07-06T10:15:00-03:00,1783343700.0,evaluation,no_exact_record,,,,,,,,0
2026-07-06T10:30:00-03:00,1783344600.0,evaluation,no_exact_record,,,,,,,,0
2026-07-06T10:45:00-03:00,1783345500.0,evaluation,no_exact_record,,,,,,,,0
2026-07-06T11:00:00-03:00,1783346400.0,evaluation,no_exact_record,,,,,,,,0
2026-07-06T11:15:00-03:00,1783347300.0,evaluation,no_exact_record,,,,,,,,0
2026-07-06T11:30:00-03:00,1783348200.0,evaluation,no_exact_record,,,,,,,,0
2026-07-06T11:45:00-03:00,1783349100.0,evaluation,no_exact_record,,,,,,,,0
2026-07-06T12:00:00-03:00,1783350000.0,evaluation,no_exact_record,,,,,,,,0
2026-07-06T12:15:00-03:00,1783350900.0,evaluation,no_exact_record,,,,,,,,0
2026-07-06T12:30:00-03:00,1783351800.0,evaluation,no_exact_record,,,,,,,,0
2026-07-06T12:45:00-03:00,1783352700.0,evaluation,no_exact_record,,,,,,,,0
2026-07-06T13:00:00-03:00,1783353600.0,evaluation,no_exact_record,,,,,,,,0
2026-07-06T13:15:00-03:00,1783354500.0,evaluation,no_exact_record,,,,,,,,0
2026-07-06T13:30:00-03:00,1783355400.0,evaluation,no_exact_record,,,,,,,,0
2026-07-06T13:45:00-03:00,1783356300.0,evaluation,no_exact_record,,,,,,,,0
2026-07-06T14:00:00-03:00,1783357200.0,evaluation,no_exact_record,,,,,,,,0
2026-07-06T14:15:00-03:00,1783358100.0,evaluation,no_exact_record,,,,,,,,0
2026-07-06T14:30:00-03:00,1783359000.0,evaluation,no_exact_record,,,,,,,,0
2026-07-06T14:45:00-03:00,1783359900.0,evaluation,no_exact_record,,,,,,,,0
2026-07-06T15:00:00-03:00,1783360800.0,evaluation,no_exact_record,,,,,,,,0
2026-07-06T15:15:00-03:00,1783361700.0,evaluation,no_exact_record,,,,,,,,0
2026-07-06T15:30:00-03:00,1783362600.0,evaluation,no_exact_record,,,,,,,,0
2026-07-06T15:45:00-03:00,1783363500.0,evaluation,no_exact_record,,,,,,,,0
2026-07-06T16:00:00-03:00,1783364400.0,evaluation,no_exact_record,,,,,,,,0
2026-07-06T16:15:00-03:00,1783365300.0,evaluation,no_exact_record,,,,,,,,0
2026-07-06T16:30:00-03:00,1783366200.0,evaluation,no_exact_record,,,,,,,,0
2026-07-06T16:45:00-03:00,1783367100.0,evaluation,no_exact_record,,,,,,,,0
2026-07-06T17:15:00-03:00,1783368900.0,evaluation,no_exact_record,,,,,,,,0
2026-07-06T17:30:00-03:00,1783369800.0,evaluation,no_exact_record,,,,,,,,0
2026-07-06T17:45:00-03:00,1783370700.0,evaluation,no_exact_record,,,,,,,,0
2026-07-06T18:00:00-03:00,1783371600.0,evaluation,no_exact_record,,,,,,,,0
2026-07-06T18:15:00-03:00,1783372500.0,evaluation,no_exact_record,,,,,,,,0
2026-07-06T18:30:00-03:00,1783373400.0,evaluation,no_exact_record,,,,,,,,0
2026-07-06T18:45:00-03:00,1783374300.0,evaluation,no_exact_record,,,,,,,,0
2026-07-06T19:00:00-03:00,1783375200.0,evaluation,no_exact_record,,,,,,,,0
2026-07-06T19:15:00-03:00,1783376100.0,evaluation,no_exact_record,,,,,,,,0
2026-07-06T19:30:00-03:00,1783377000.0,evaluation,no_exact_record,,,,,,,,0
2026-07-06T19:45:00-03:00,1783377900.0,evaluation,no_exact_record,,,,,,,,0
2026-07-06T20:00:00-03:00,1783378800.0,evaluation,no_exact_record,,,,,,,,0
2026-07-06T20:15:00-03:00,1783379700.0,evaluation,no_exact_record,,,,,,,,0
2026-07-06T20:30:00-03:00,1783380600.0,evaluation,no_exact_record,,,,,,,,0
2026-07-06T20:45:00-03:00,1783381500.0,evaluation,no_exact_record,,,,,,,,0
2026-07-06T21:00:00-03:00,1783382400.0,evaluation,no_exact_record,,,,,,,,0
2026-07-06T21:15:00-03:00,1783383300.0,evaluation,no_exact_record,,,,,,,,0
2026-07-06T21:30:00-03:00,1783384200.0,evaluation,no_exact_record,,,,,,,,0
2026-07-06T21:45:00-03:00,1783385100.0,evaluation,no_exact_record,,,,,,,,0
2026-07-06T22:00:00-03:00,1783386000.0,evaluation,no_exact_record,,,,,,,,0
2026-07-06T22:15:00-03:00,1783386900.0,evaluation,no_exact_record,,,,,,,,0
2026-07-06T22:30:00-03:00,1783387800.0,evaluation,no_exact_record,,,,,,,,0
2026-07-06T22:45:00-03:00,1783388700.0,evaluation,no_exact_record,,,,,,,,0
2026-07-06T23:00:00-03:00,1783389600.0,evaluation,no_exact_record,,,,,,,,0
2026-07-06T23:15:00-03:00,1783390500.0,evaluation,no_exact_record,,,,,,,,0
2026-07-06T23:30:00-03:00,1783391400.0,evaluation,no_exact_record,,,,,,,,0
2026-07-06T23:45:00-03:00,1783392300.0,evaluation,no_exact_record,,,,,,,,0
2026-07-07T00:00:00-03:00,1783393200.0,evaluation,no_exact_record,,,,,,,,0
2026-07-07T00:15:00-03:00,1783394100.0,evaluation,no_exact_record,,,,,,,,0
2026-07-07T00:30:00-03:00,1783395000.0,evaluation,no_exact_record,,,,,,,,0
2026-07-07T00:45:00-03:00,1783395900.0,evaluation,no_exact_record,,,,,,,,0
2026-07-07T01:00:00-03:00,1783396800.0,evaluation,no_exact_record,,,,,,,,0
2026-07-07T01:15:00-03:00,1783397700.0,evaluation,no_exact_record,,,,,,,,0
2026-07-07T01:30:00-03:00,1783398600.0,evaluation,no_exact_record,,,,,,,,0
2026-07-07T01:45:00-03:00,1783399500.0,evaluation,no_exact_record,,,,,,,,0
2026-07-07T02:00:00-03:00,1783400400.0,evaluation,no_exact_record,,,,,,,,0
2026-07-07T02:15:00-03:00,1783401300.0,evaluation,no_exact_record,,,,,,,,0
2026-07-07T02:30:00-03:00,1783402200.0,evaluation,no_exact_record,,,,,,,,0
2026-07-07T02:45:00-03:00,1783403100.0,evaluation,no_exact_record,,,,,,,,0
2026-07-07T03:00:00-03:00,1783404000.0,evaluation,no_exact_record,,,,,,,,0
2026-07-07T03:15:00-03:00,1783404900.0,evaluation,no_exact_record,,,,,,,,0
2026-07-07T03:30:00-03:00,1783405800.0,evaluation,no_exact_record,,,,,,,,0
2026-07-07T03:45:00-03:00,1783406700.0,evaluation,no_exact_record,,,,,,,,0
2026-07-07T04:00:00-03:00,1783407600.0,evaluation,no_exact_record,,,,,,,,0
2026-07-07T04:15:00-03:00,1783408500.0,evaluation,no_exact_record,,,,,,,,0
2026-07-07T04:30:00-03:00,1783409400.0,evaluation,no_exact_record,,,,,,,,0
2026-07-07T04:45:00-03:00,1783410300.0,evaluation,no_exact_record,,,,,,,,0
2026-07-07T05:00:00-03:00,1783411200.0,evaluation,no_exact_record,,,,,,,,0
2026-07-07T05:15:00-03:00,1783412100.0,evaluation,no_exact_record,,,,,,,,0
2026-07-07T05:30:00-03:00,1783413000.0,evaluation,no_exact_record,,,,,,,,0
2026-07-07T05:45:00-03:00,1783413900.0,evaluation,no_exact_record,,,,,,,,0
2026-07-07T06:00:00-03:00,1783414800.0,evaluation,no_exact_record,,,,,,,,0
2026-07-07T06:15:00-03:00,1783415700.0,evaluation,no_exact_record,,,,,,,,0
2026-07-07T06:30:00-03:00,1783416600.0,evaluation,no_exact_record,,,,,,,,0
2026-07-07T06:45:00-03:00,1783417500.0,evaluation,no_exact_record,,,,,,,,0
2026-07-07T07:15:00-03:00,1783419300.0,evaluation,no_exact_record,,,,,,,,0
2026-07-07T07:30:00-03:00,1783420200.0,evaluation,no_exact_record,,,,,,,,0
2026-07-07T07:45:00-03:00,1783421100.0,evaluation,no_exact_record,,,,,,,,0
2026-07-07T08:00:00-03:00,1783422000.0,evaluation,no_exact_record,,,,,,,,0
2026-07-07T08:15:00-03:00,1783422900.0,evaluation,no_exact_record,,,,,,,,0
2026-07-07T08:30:00-03:00,1783423800.0,evaluation,no_exact_record,,,,,,,,0
2026-07-07T08:45:00-03:00,1783424700.0,evaluation,no_exact_record,,,,,,,,0
2026-07-07T09:00:00-03:00,1783425600.0,evaluation,no_exact_record,,,,,,,,0
2026-07-07T09:15:00-03:00,1783426500.0,evaluation,no_exact_record,,,,,,,,0
2026-07-07T09:30:00-03:00,1783427400.0,evaluation,no_exact_record,,,,,,,,0
2026-07-07T09:45:00-03:00,1783428300.0,evaluation,no_exact_record,,,,,,,,0
2026-07-07T10:00:00-03:00,1783429200.0,evaluation,no_exact_record,,,,,,,,0
2026-07-07T10:15:00-03:00,1783430100.0,evaluation,no_exact_record,,,,,,,,0
2026-07-07T10:30:00-03:00,1783431000.0,evaluation,no_exact_record,,,,,,,,0
2026-07-07T10:45:00-03:00,1783431900.0,evaluation,no_exact_record,,,,,,,,0
2026-07-07T11:00:00-03:00,1783432800.0,evaluation,no_exact_record,,,,,,,,0
2026-07-07T11:15:00-03:00,1783433700.0,evaluation,no_exact_record,,,,,,,,0
2026-07-07T11:30:00-03:00,1783434600.0,evaluation,no_exact_record,,,,,,,,0
2026-07-07T11:45:00-03:00,1783435500.0,evaluation,no_exact_record,,,,,,,,0
2026-07-07T12:00:00-03:00,1783436400.0,evaluation,no_exact_record,,,,,,,,0
2026-07-07T12:15:00-03:00,1783437300.0,evaluation,no_exact_record,,,,,,,,0
2026-07-07T12:30:00-03:00,1783438200.0,evaluation,no_exact_record,,,,,,,,0
2026-07-07T12:45:00-03:00,1783439100.0,evaluation,no_exact_record,,,,,,,,0
2026-07-07T13:00:00-03:00,1783440000.0,evaluation,no_exact_record,,,,,,,,0
2026-07-07T13:15:00-03:00,1783440900.0,evaluation,no_exact_record,,,,,,,,0
2026-07-07T13:30:00-03:00,1783441800.0,evaluation,no_exact_record,,,,,,,,0
2026-07-07T13:45:00-03:00,1783442700.0,evaluation,no_exact_record,,,,,,,,0
2026-07-07T14:00:00-03:00,1783443600.0,evaluation,no_exact_record,,,,,,,,0
2026-07-07T14:15:00-03:00,1783444500.0,evaluation,no_exact_record,,,,,,,,0
2026-07-07T14:30:00-03:00,1783445400.0,evaluation,no_exact_record,,,,,,,,0
2026-07-07T14:45:00-03:00,1783446300.0,evaluation,no_exact_record,,,,,,,,0
2026-07-07T15:00:00-03:00,1783447200.0,evaluation,no_exact_record,,,,,,,,0
2026-07-07T15:15:00-03:00,1783448100.0,evaluation,no_exact_record,,,,,,,,0
2026-07-07T15:30:00-03:00,1783449000.0,evaluation,no_exact_record,,,,,,,,0
2026-07-07T15:45:00-03:00,1783449900.0,evaluation,no_exact_record,,,,,,,,0
2026-07-07T16:00:00-03:00,1783450800.0,evaluation,no_exact_record,,,,,,,,0
2026-07-07T16:15:00-03:00,1783451700.0,evaluation,no_exact_record,,,,,,,,0
2026-07-07T16:30:00-03:00,1783452600.0,evaluation,no_exact_record,,,,,,,,0
2026-07-07T16:45:00-03:00,1783453500.0,evaluation,no_exact_record,,,,,,,,0
2026-07-07T17:15:00-03:00,1783455300.0,evaluation,no_exact_record,,,,,,,,0
2026-07-07T17:30:00-03:00,1783456200.0,evaluation,no_exact_record,,,,,,,,0
2026-07-07T17:45:00-03:00,1783457100.0,evaluation,no_exact_record,,,,,,,,0
2026-07-07T18:00:00-03:00,1783458000.0,evaluation,no_exact_record,,,,,,,,0
2026-07-07T18:15:00-03:00,1783458900.0,evaluation,no_exact_record,,,,,,,,0
2026-07-07T18:30:00-03:00,1783459800.0,evaluation,no_exact_record,,,,,,,,0
2026-07-07T18:45:00-03:00,1783460700.0,evaluation,no_exact_record,,,,,,,,0
2026-07-07T19:00:00-03:00,1783461600.0,evaluation,no_exact_record,,,,,,,,0
2026-07-07T19:15:00-03:00,1783462500.0,evaluation,no_exact_record,,,,,,,,0
2026-07-07T19:30:00-03:00,1783463400.0,evaluation,no_exact_record,,,,,,,,0
2026-07-07T19:45:00-03:00,1783464300.0,evaluation,no_exact_record,,,,,,,,0
2026-07-07T20:00:00-03:00,1783465200.0,evaluation,no_exact_record,,,,,,,,0
2026-07-07T20:15:00-03:00,1783466100.0,evaluation,no_exact_record,,,,,,,,0
2026-07-07T20:30:00-03:00,1783467000.0,evaluation,no_exact_record,,,,,,,,0
2026-07-07T20:45:00-03:00,1783467900.0,evaluation,no_exact_record,,,,,,,,0
2026-07-07T21:00:00-03:00,1783468800.0,evaluation,no_exact_record,,,,,,,,0
2026-07-07T21:15:00-03:00,1783469700.0,evaluation,no_exact_record,,,,,,,,0
2026-07-07T21:30:00-03:00,1783470600.0,evaluation,no_exact_record,,,,,,,,0
2026-07-07T21:45:00-03:00,1783471500.0,evaluation,no_exact_record,,,,,,,,0
2026-07-07T22:00:00-03:00,1783472400.0,evaluation,no_exact_record,,,,,,,,0
2026-07-07T22:15:00-03:00,1783473300.0,evaluation,no_exact_record,,,,,,,,0
2026-07-07T22:30:00-03:00,1783474200.0,evaluation,no_exact_record,,,,,,,,0
2026-07-07T22:45:00-03:00,1783475100.0,evaluation,no_exact_record,,,,,,,,0
2026-07-07T23:00:00-03:00,1783476000.0,evaluation,no_exact_record,,,,,,,,0
2026-07-07T23:15:00-03:00,1783476900.0,evaluation,no_exact_record,,,,,,,,0
2026-07-07T23:30:00-03:00,1783477800.0,evaluation,no_exact_record,,,,,,,,0
2026-07-07T23:45:00-03:00,1783478700.0,evaluation,no_exact_record,,,,,,,,0
2026-07-08T00:00:00-03:00,1783479600.0,evaluation,no_exact_record,,,,,,,,0
2026-07-08T00:15:00-03:00,1783480500.0,evaluation,no_exact_record,,,,,,,,0
2026-07-08T00:30:00-03:00,1783481400.0,evaluation,no_exact_record,,,,,,,,0
2026-07-08T00:45:00-03:00,1783482300.0,evaluation,no_exact_record,,,,,,,,0
2026-07-08T01:00:00-03:00,1783483200.0,evaluation,no_exact_record,,,,,,,,0
2026-07-08T01:15:00-03:00,1783484100.0,evaluation,no_exact_record,,,,,,,,0
2026-07-08T01:30:00-03:00,1783485000.0,evaluation,no_exact_record,,,,,,,,0
2026-07-08T01:45:00-03:00,1783485900.0,evaluation,no_exact_record,,,,,,,,0
2026-07-08T02:00:00-03:00,1783486800.0,evaluation,no_exact_record,,,,,,,,0
2026-07-08T02:15:00-03:00,1783487700.0,evaluation,no_exact_record,,,,,,,,0
2026-07-08T02:30:00-03:00,1783488600.0,evaluation,no_exact_record,,,,,,,,0
2026-07-08T02:45:00-03:00,1783489500.0,evaluation,no_exact_record,,,,,,,,0
2026-07-08T03:00:00-03:00,1783490400.0,evaluation,no_exact_record,,,,,,,,0
2026-07-08T03:15:00-03:00,1783491300.0,evaluation,no_exact_record,,,,,,,,0
2026-07-08T03:30:00-03:00,1783492200.0,evaluation,no_exact_record,,,,,,,,0
2026-07-08T03:45:00-03:00,1783493100.0,evaluation,no_exact_record,,,,,,,,0
2026-07-08T04:00:00-03:00,1783494000.0,evaluation,no_exact_record,,,,,,,,0
2026-07-08T04:15:00-03:00,1783494900.0,evaluation,no_exact_record,,,,,,,,0
2026-07-08T04:30:00-03:00,1783495800.0,evaluation,no_exact_record,,,,,,,,0
2026-07-08T04:45:00-03:00,1783496700.0,evaluation,no_exact_record,,,,,,,,0
2026-07-08T05:00:00-03:00,1783497600.0,evaluation,no_exact_record,,,,,,,,0
2026-07-08T05:15:00-03:00,1783498500.0,evaluation,no_exact_record,,,,,,,,0
2026-07-08T05:30:00-03:00,1783499400.0,evaluation,no_exact_record,,,,,,,,0
2026-07-08T05:45:00-03:00,1783500300.0,evaluation,no_exact_record,,,,,,,,0
2026-07-08T06:00:00-03:00,1783501200.0,evaluation,no_exact_record,,,,,,,,0
2026-07-08T06:15:00-03:00,1783502100.0,evaluation,no_exact_record,,,,,,,,0
2026-07-08T06:30:00-03:00,1783503000.0,evaluation,no_exact_record,,,,,,,,0
2026-07-08T06:45:00-03:00,1783503900.0,evaluation,no_exact_record,,,,,,,,0
2026-07-08T07:15:00-03:00,1783505700.0,evaluation,no_exact_record,,,,,,,,0
2026-07-08T07:30:00-03:00,1783506600.0,evaluation,no_exact_record,,,,,,,,0
2026-07-08T07:45:00-03:00,1783507500.0,evaluation,no_exact_record,,,,,,,,0
2026-07-08T08:00:00-03:00,1783508400.0,evaluation,no_exact_record,,,,,,,,0
2026-07-08T08:15:00-03:00,1783509300.0,evaluation,no_exact_record,,,,,,,,0
2026-07-08T08:30:00-03:00,1783510200.0,evaluation,no_exact_record,,,,,,,,0
2026-07-08T08:45:00-03:00,1783511100.0,evaluation,no_exact_record,,,,,,,,0
2026-07-08T09:00:00-03:00,1783512000.0,evaluation,no_exact_record,,,,,,,,0
2026-07-08T09:15:00-03:00,1783512900.0,evaluation,no_exact_record,,,,,,,,0
2026-07-08T09:30:00-03:00,1783513800.0,evaluation,no_exact_record,,,,,,,,0
2026-07-08T09:45:00-03:00,1783514700.0,evaluation,no_exact_record,,,,,,,,0
2026-07-08T10:00:00-03:00,1783515600.0,evaluation,no_exact_record,,,,,,,,0
2026-07-08T10:15:00-03:00,1783516500.0,evaluation,no_exact_record,,,,,,,,0
2026-07-08T10:30:00-03:00,1783517400.0,evaluation,no_exact_record,,,,,,,,0
2026-07-08T10:45:00-03:00,1783518300.0,evaluation,no_exact_record,,,,,,,,0
2026-07-08T11:00:00-03:00,1783519200.0,evaluation,no_exact_record,,,,,,,,0
2026-07-08T11:15:00-03:00,1783520100.0,evaluation,no_exact_record,,,,,,,,0
2026-07-08T11:30:00-03:00,1783521000.0,evaluation,no_exact_record,,,,,,,,0
2026-07-08T11:45:00-03:00,1783521900.0,evaluation,no_exact_record,,,,,,,,0
2026-07-08T12:00:00-03:00,1783522800.0,evaluation,no_exact_record,,,,,,,,0
2026-07-08T12:15:00-03:00,1783523700.0,evaluation,no_exact_record,,,,,,,,0
2026-07-08T12:30:00-03:00,1783524600.0,evaluation,no_exact_record,,,,,,,,0
2026-07-08T12:45:00-03:00,1783525500.0,evaluation,no_exact_record,,,,,,,,0
2026-07-08T13:00:00-03:00,1783526400.0,evaluation,no_exact_record,,,,,,,,0
2026-07-08T13:15:00-03:00,1783527300.0,evaluation,no_exact_record,,,,,,,,0
2026-07-08T13:30:00-03:00,1783528200.0,evaluation,no_exact_record,,,,,,,,0
2026-07-08T13:45:00-03:00,1783529100.0,evaluation,no_exact_record,,,,,,,,0
2026-07-08T14:00:00-03:00,1783530000.0,evaluation,no_exact_record,,,,,,,,0
2026-07-08T14:15:00-03:00,1783530900.0,evaluation,no_exact_record,,,,,,,,0
2026-07-08T14:30:00-03:00,1783531800.0,evaluation,no_exact_record,,,,,,,,0
2026-07-08T14:45:00-03:00,1783532700.0,evaluation,no_exact_record,,,,,,,,0
2026-07-08T15:00:00-03:00,1783533600.0,evaluation,no_exact_record,,,,,,,,0
2026-07-08T15:15:00-03:00,1783534500.0,evaluation,no_exact_record,,,,,,,,0
2026-07-08T15:30:00-03:00,1783535400.0,evaluation,no_exact_record,,,,,,,,0
2026-07-08T15:45:00-03:00,1783536300.0,evaluation,no_exact_record,,,,,,,,0
2026-07-08T16:00:00-03:00,1783537200.0,evaluation,no_exact_record,,,,,,,,0
2026-07-08T16:15:00-03:00,1783538100.0,evaluation,no_exact_record,,,,,,,,0
2026-07-08T16:30:00-03:00,1783539000.0,evaluation,no_exact_record,,,,,,,,0
2026-07-08T16:45:00-03:00,1783539900.0,evaluation,no_exact_record,,,,,,,,0
2026-07-08T17:15:00-03:00,1783541700.0,evaluation,no_exact_record,,,,,,,,0
2026-07-08T17:30:00-03:00,1783542600.0,evaluation,no_exact_record,,,,,,,,0
2026-07-08T17:45:00-03:00,1783543500.0,evaluation,no_exact_record,,,,,,,,0
2026-07-08T18:00:00-03:00,1783544400.0,evaluation,no_exact_record,,,,,,,,0
2026-07-08T18:15:00-03:00,1783545300.0,evaluation,no_exact_record,,,,,,,,0
2026-07-08T18:30:00-03:00,1783546200.0,evaluation,no_exact_record,,,,,,,,0
2026-07-08T18:45:00-03:00,1783547100.0,evaluation,no_exact_record,,,,,,,,0
2026-07-08T19:00:00-03:00,1783548000.0,evaluation,no_exact_record,,,,,,,,0
2026-07-08T19:15:00-03:00,1783548900.0,evaluation,no_exact_record,,,,,,,,0
2026-07-08T19:30:00-03:00,1783549800.0,evaluation,no_exact_record,,,,,,,,0
2026-07-08T19:45:00-03:00,1783550700.0,evaluation,no_exact_record,,,,,,,,0
2026-07-08T20:00:00-03:00,1783551600.0,evaluation,no_exact_record,,,,,,,,0
2026-07-08T20:15:00-03:00,1783552500.0,evaluation,no_exact_record,,,,,,,,0
2026-07-08T20:30:00-03:00,1783553400.0,evaluation,no_exact_record,,,,,,,,0
2026-07-08T20:45:00-03:00,1783554300.0,evaluation,no_exact_record,,,,,,,,0
2026-07-08T21:00:00-03:00,1783555200.0,evaluation,no_exact_record,,,,,,,,0
2026-07-08T21:15:00-03:00,1783556100.0,evaluation,no_exact_record,,,,,,,,0
2026-07-08T21:30:00-03:00,1783557000.0,evaluation,no_exact_record,,,,,,,,0
2026-07-08T21:45:00-03:00,1783557900.0,evaluation,no_exact_record,,,,,,,,0
2026-07-08T22:00:00-03:00,1783558800.0,evaluation,no_exact_record,,,,,,,,0
2026-07-08T22:15:00-03:00,1783559700.0,evaluation,no_exact_record,,,,,,,,0
2026-07-08T22:30:00-03:00,1783560600.0,evaluation,no_exact_record,,,,,,,,0
2026-07-08T22:45:00-03:00,1783561500.0,evaluation,no_exact_record,,,,,,,,0
2026-07-08T23:00:00-03:00,1783562400.0,evaluation,no_exact_record,,,,,,,,0
2026-07-08T23:15:00-03:00,1783563300.0,evaluation,no_exact_record,,,,,,,,0
2026-07-08T23:30:00-03:00,1783564200.0,evaluation,no_exact_record,,,,,,,,0
2026-07-08T23:45:00-03:00,1783565100.0,evaluation,no_exact_record,,,,,,,,0
2026-07-09T00:00:00-03:00,1783566000.0,evaluation,no_exact_record,,,,,,,,0
2026-07-09T00:15:00-03:00,1783566900.0,evaluation,no_exact_record,,,,,,,,0
2026-07-09T00:30:00-03:00,1783567800.0,evaluation,no_exact_record,,,,,,,,0
2026-07-09T00:45:00-03:00,1783568700.0,evaluation,no_exact_record,,,,,,,,0
2026-07-09T01:00:00-03:00,1783569600.0,evaluation,no_exact_record,,,,,,,,0
2026-07-09T01:15:00-03:00,1783570500.0,evaluation,no_exact_record,,,,,,,,0
2026-07-09T01:30:00-03:00,1783571400.0,evaluation,no_exact_record,,,,,,,,0
2026-07-09T01:45:00-03:00,1783572300.0,evaluation,no_exact_record,,,,,,,,0
2026-07-09T02:00:00-03:00,1783573200.0,evaluation,no_exact_record,,,,,,,,0
2026-07-09T02:15:00-03:00,1783574100.0,evaluation,no_exact_record,,,,,,,,0
2026-07-09T02:30:00-03:00,1783575000.0,evaluation,no_exact_record,,,,,,,,0
2026-07-09T02:45:00-03:00,1783575900.0,evaluation,no_exact_record,,,,,,,,0
2026-07-09T03:00:00-03:00,1783576800.0,evaluation,no_exact_record,,,,,,,,0
2026-07-09T03:15:00-03:00,1783577700.0,evaluation,no_exact_record,,,,,,,,0
2026-07-09T03:30:00-03:00,1783578600.0,evaluation,no_exact_record,,,,,,,,0
2026-07-09T03:45:00-03:00,1783579500.0,evaluation,no_exact_record,,,,,,,,0
2026-07-09T04:00:00-03:00,1783580400.0,evaluation,no_exact_record,,,,,,,,0
2026-07-09T04:15:00-03:00,1783581300.0,evaluation,no_exact_record,,,,,,,,0
2026-07-09T04:30:00-03:00,1783582200.0,evaluation,no_exact_record,,,,,,,,0
2026-07-09T04:45:00-03:00,1783583100.0,evaluation,no_exact_record,,,,,,,,0
2026-07-09T05:00:00-03:00,1783584000.0,evaluation,no_exact_record,,,,,,,,0
2026-07-09T05:15:00-03:00,1783584900.0,evaluation,no_exact_record,,,,,,,,0
2026-07-09T05:30:00-03:00,1783585800.0,evaluation,no_exact_record,,,,,,,,0
2026-07-09T05:45:00-03:00,1783586700.0,evaluation,no_exact_record,,,,,,,,0
2026-07-09T06:00:00-03:00,1783587600.0,evaluation,no_exact_record,,,,,,,,0
2026-07-09T06:15:00-03:00,1783588500.0,evaluation,no_exact_record,,,,,,,,0
2026-07-09T06:30:00-03:00,1783589400.0,evaluation,no_exact_record,,,,,,,,0
2026-07-09T06:45:00-03:00,1783590300.0,evaluation,no_exact_record,,,,,,,,0
2026-07-09T07:15:00-03:00,1783592100.0,evaluation,no_exact_record,,,,,,,,0
2026-07-09T07:30:00-03:00,1783593000.0,evaluation,no_exact_record,,,,,,,,0
2026-07-09T07:45:00-03:00,1783593900.0,evaluation,no_exact_record,,,,,,,,0
2026-07-09T08:00:00-03:00,1783594800.0,evaluation,no_exact_record,,,,,,,,0
2026-07-09T08:15:00-03:00,1783595700.0,evaluation,no_exact_record,,,,,,,,0
2026-07-09T08:30:00-03:00,1783596600.0,evaluation,no_exact_record,,,,,,,,0
2026-07-09T08:45:00-03:00,1783597500.0,evaluation,no_exact_record,,,,,,,,0
2026-07-09T09:00:00-03:00,1783598400.0,evaluation,no_exact_record,,,,,,,,0
2026-07-09T09:15:00-03:00,1783599300.0,evaluation,no_exact_record,,,,,,,,0
2026-07-09T09:30:00-03:00,1783600200.0,evaluation,q_empty,,,,,,outputs/mucum-propagacao-2026-09-21/raw/ana-86500000.xml,126935,0
2026-07-09T09:45:00-03:00,1783601100.0,evaluation,q_empty,,,,,,outputs/mucum-propagacao-2026-09-21/raw/ana-86500000.xml,126917,0
2026-07-09T10:00:00-03:00,1783602000.0,evaluation,q_empty,,,,,,outputs/mucum-propagacao-2026-09-21/raw/ana-86500000.xml,126899,0
2026-07-09T10:15:00-03:00,1783602900.0,evaluation,q_empty,,,,,,outputs/mucum-propagacao-2026-09-21/raw/ana-86500000.xml,126881,0
2026-07-09T10:30:00-03:00,1783603800.0,evaluation,q_empty,,,,,,outputs/mucum-propagacao-2026-09-21/raw/ana-86500000.xml,126863,0
2026-07-09T10:45:00-03:00,1783604700.0,evaluation,q_empty,,,,,,outputs/mucum-propagacao-2026-09-21/raw/ana-86500000.xml,126845,0
2026-07-09T11:00:00-03:00,1783605600.0,evaluation,q_empty,,,,,,outputs/mucum-propagacao-2026-09-21/raw/ana-86500000.xml,126827,0
2026-07-09T11:15:00-03:00,1783606500.0,evaluation,q_empty,,,,,,outputs/mucum-propagacao-2026-09-21/raw/ana-86500000.xml,126809,0
2026-07-09T11:30:00-03:00,1783607400.0,evaluation,q_empty,,,,,,outputs/mucum-propagacao-2026-09-21/raw/ana-86500000.xml,126791,0
2026-07-09T11:45:00-03:00,1783608300.0,evaluation,q_empty,,,,,,outputs/mucum-propagacao-2026-09-21/raw/ana-86500000.xml,126773,0
2026-07-09T12:00:00-03:00,1783609200.0,evaluation,q_empty,,,,,,outputs/mucum-propagacao-2026-09-21/raw/ana-86500000.xml,126755,0
2026-07-09T12:15:00-03:00,1783610100.0,evaluation,q_empty,,,,,,outputs/mucum-propagacao-2026-09-21/raw/ana-86500000.xml,126737,0
2026-07-09T12:30:00-03:00,1783611000.0,evaluation,q_empty,,,,,,outputs/mucum-propagacao-2026-09-21/raw/ana-86500000.xml,126719,0
2026-07-09T12:45:00-03:00,1783611900.0,evaluation,q_empty,,,,,,outputs/mucum-propagacao-2026-09-21/raw/ana-86500000.xml,126701,0
2026-07-09T13:00:00-03:00,1783612800.0,evaluation,q_empty,,,,,,outputs/mucum-propagacao-2026-09-21/raw/ana-86500000.xml,126683,0
2026-07-09T13:15:00-03:00,1783613700.0,evaluation,q_empty,,,,,,outputs/mucum-propagacao-2026-09-21/raw/ana-86500000.xml,126665,0
2026-07-09T13:30:00-03:00,1783614600.0,evaluation,q_empty,,,,,,outputs/mucum-propagacao-2026-09-21/raw/ana-86500000.xml,126647,0
2026-07-09T13:45:00-03:00,1783615500.0,evaluation,q_empty,,,,,,outputs/mucum-propagacao-2026-09-21/raw/ana-86500000.xml,126629,0
2026-07-09T14:00:00-03:00,1783616400.0,evaluation,q_empty,,,,,,outputs/mucum-propagacao-2026-09-21/raw/ana-86500000.xml,126611,0
2026-07-09T14:15:00-03:00,1783617300.0,evaluation,q_empty,,,,,,outputs/mucum-propagacao-2026-09-21/raw/ana-86500000.xml,126593,0
2026-07-09T14:30:00-03:00,1783618200.0,evaluation,q_empty,,,,,,outputs/mucum-propagacao-2026-09-21/raw/ana-86500000.xml,126575,0
2026-07-09T14:45:00-03:00,1783619100.0,evaluation,q_empty,,,,,,outputs/mucum-propagacao-2026-09-21/raw/ana-86500000.xml,126557,0
2026-07-09T15:00:00-03:00,1783620000.0,evaluation,q_empty,,,,,,outputs/mucum-propagacao-2026-09-21/raw/ana-86500000.xml,126539,0
2026-07-09T15:15:00-03:00,1783620900.0,evaluation,q_empty,,,,,,outputs/mucum-propagacao-2026-09-21/raw/ana-86500000.xml,126521,0
2026-07-09T15:30:00-03:00,1783621800.0,evaluation,q_empty,,,,,,outputs/mucum-propagacao-2026-09-21/raw/ana-86500000.xml,126503,0
2026-07-09T15:45:00-03:00,1783622700.0,evaluation,q_empty,,,,,,outputs/mucum-propagacao-2026-09-21/raw/ana-86500000.xml,126485,0
2026-07-09T16:00:00-03:00,1783623600.0,evaluation,q_empty,,,,,,outputs/mucum-propagacao-2026-09-21/raw/ana-86500000.xml,126467,0
2026-07-09T16:15:00-03:00,1783624500.0,evaluation,q_empty,,,,,,outputs/mucum-propagacao-2026-09-21/raw/ana-86500000.xml,126449,0
2026-07-09T16:30:00-03:00,1783625400.0,evaluation,q_empty,,,,,,outputs/mucum-propagacao-2026-09-21/raw/ana-86500000.xml,126431,0
2026-07-09T16:45:00-03:00,1783626300.0,evaluation,q_empty,,,,,,outputs/mucum-propagacao-2026-09-21/raw/ana-86500000.xml,126413,0
2026-07-09T17:15:00-03:00,1783628100.0,evaluation,q_empty,,,,,,outputs/mucum-propagacao-2026-09-21/raw/ana-86500000.xml,126377,0
2026-07-09T17:30:00-03:00,1783629000.0,evaluation,q_empty,,,,,,outputs/mucum-propagacao-2026-09-21/raw/ana-86500000.xml,126359,0
2026-07-09T17:45:00-03:00,1783629900.0,evaluation,q_empty,,,,,,outputs/mucum-propagacao-2026-09-21/raw/ana-86500000.xml,126341,0
2026-07-09T18:00:00-03:00,1783630800.0,evaluation,q_empty,,,,,,outputs/mucum-propagacao-2026-09-21/raw/ana-86500000.xml,126323,0
2026-07-09T18:15:00-03:00,1783631700.0,evaluation,q_empty,,,,,,outputs/mucum-propagacao-2026-09-21/raw/ana-86500000.xml,126305,0
2026-07-09T18:30:00-03:00,1783632600.0,evaluation,q_empty,,,,,,outputs/mucum-propagacao-2026-09-21/raw/ana-86500000.xml,126287,0
2026-07-09T18:45:00-03:00,1783633500.0,evaluation,q_empty,,,,,,outputs/mucum-propagacao-2026-09-21/raw/ana-86500000.xml,126269,0
2026-07-09T19:00:00-03:00,1783634400.0,evaluation,q_empty,,,,,,outputs/mucum-propagacao-2026-09-21/raw/ana-86500000.xml,126251,0
2026-07-09T19:15:00-03:00,1783635300.0,evaluation,q_empty,,,,,,outputs/mucum-propagacao-2026-09-21/raw/ana-86500000.xml,126233,0
2026-07-09T19:30:00-03:00,1783636200.0,evaluation,q_empty,,,,,,outputs/mucum-propagacao-2026-09-21/raw/ana-86500000.xml,126215,0
2026-07-09T19:45:00-03:00,1783637100.0,evaluation,q_empty,,,,,,outputs/mucum-propagacao-2026-09-21/raw/ana-86500000.xml,126197,0
2026-07-09T20:00:00-03:00,1783638000.0,evaluation,q_empty,,,,,,outputs/mucum-propagacao-2026-09-21/raw/ana-86500000.xml,126179,0
2026-07-09T20:15:00-03:00,1783638900.0,evaluation,q_empty,,,,,,outputs/mucum-propagacao-2026-09-21/raw/ana-86500000.xml,126161,0
2026-07-09T20:30:00-03:00,1783639800.0,evaluation,q_empty,,,,,,outputs/mucum-propagacao-2026-09-21/raw/ana-86500000.xml,126143,0
2026-07-09T20:45:00-03:00,1783640700.0,evaluation,q_empty,,,,,,outputs/mucum-propagacao-2026-09-21/raw/ana-86500000.xml,126125,0
2026-07-09T21:00:00-03:00,1783641600.0,evaluation,q_empty,,,,,,outputs/mucum-propagacao-2026-09-21/raw/ana-86500000.xml,126107,0
2026-07-09T21:15:00-03:00,1783642500.0,evaluation,q_empty,,,,,,outputs/mucum-propagacao-2026-09-21/raw/ana-86500000.xml,126089,0
2026-07-09T21:30:00-03:00,1783643400.0,evaluation,q_empty,,,,,,outputs/mucum-propagacao-2026-09-21/raw/ana-86500000.xml,126071,0
2026-07-09T21:45:00-03:00,1783644300.0,evaluation,q_empty,,,,,,outputs/mucum-propagacao-2026-09-21/raw/ana-86500000.xml,126053,0
2026-07-09T22:00:00-03:00,1783645200.0,evaluation,q_empty,,,,,,outputs/mucum-propagacao-2026-09-21/raw/ana-86500000.xml,126035,0
2026-07-09T22:15:00-03:00,1783646100.0,evaluation,q_empty,,,,,,outputs/mucum-propagacao-2026-09-21/raw/ana-86500000.xml,126017,0
2026-07-09T22:30:00-03:00,1783647000.0,evaluation,q_empty,,,,,,outputs/mucum-propagacao-2026-09-21/raw/ana-86500000.xml,125999,0
2026-07-09T22:45:00-03:00,1783647900.0,evaluation,q_empty,,,,,,outputs/mucum-propagacao-2026-09-21/raw/ana-86500000.xml,125981,0
2026-07-09T23:00:00-03:00,1783648800.0,evaluation,q_empty,,,,,,outputs/mucum-propagacao-2026-09-21/raw/ana-86500000.xml,125963,0
2026-07-09T23:15:00-03:00,1783649700.0,evaluation,q_empty,,,,,,outputs/mucum-propagacao-2026-09-21/raw/ana-86500000.xml,125945,0
2026-07-09T23:30:00-03:00,1783650600.0,evaluation,q_empty,,,,,,outputs/mucum-propagacao-2026-09-21/raw/ana-86500000.xml,125927,0
2026-07-09T23:45:00-03:00,1783651500.0,evaluation,q_empty,,,,,,outputs/mucum-propagacao-2026-09-21/raw/ana-86500000.xml,125909,0
2026-07-10T00:00:00-03:00,1783652400.0,evaluation,q_empty,,,,,,outputs/mucum-propagacao-2026-09-21/raw/ana-86500000.xml,125891,0
2026-07-10T00:15:00-03:00,1783653300.0,evaluation,q_empty,,,,,,outputs/mucum-propagacao-2026-09-21/raw/ana-86500000.xml,125873,0
2026-07-10T00:30:00-03:00,1783654200.0,evaluation,q_empty,,,,,,outputs/mucum-propagacao-2026-09-21/raw/ana-86500000.xml,125855,0
2026-07-10T00:45:00-03:00,1783655100.0,evaluation,q_empty,,,,,,outputs/mucum-propagacao-2026-09-21/raw/ana-86500000.xml,125837,0
2026-07-10T01:00:00-03:00,1783656000.0,evaluation,q_empty,,,,,,outputs/mucum-propagacao-2026-09-21/raw/ana-86500000.xml,125819,0
2026-07-10T01:15:00-03:00,1783656900.0,evaluation,q_empty,,,,,,outputs/mucum-propagacao-2026-09-21/raw/ana-86500000.xml,125801,0
2026-07-10T01:30:00-03:00,1783657800.0,evaluation,q_empty,,,,,,outputs/mucum-propagacao-2026-09-21/raw/ana-86500000.xml,125783,0
2026-07-10T01:45:00-03:00,1783658700.0,evaluation,q_empty,,,,,,outputs/mucum-propagacao-2026-09-21/raw/ana-86500000.xml,125765,0
2026-07-10T02:00:00-03:00,1783659600.0,evaluation,q_empty,,,,,,outputs/mucum-propagacao-2026-09-21/raw/ana-86500000.xml,125747,0
2026-07-10T02:15:00-03:00,1783660500.0,evaluation,q_empty,,,,,,outputs/mucum-propagacao-2026-09-21/raw/ana-86500000.xml,125729,0
2026-07-10T02:30:00-03:00,1783661400.0,evaluation,q_empty,,,,,,outputs/mucum-propagacao-2026-09-21/raw/ana-86500000.xml,125711,0
2026-07-10T02:45:00-03:00,1783662300.0,evaluation,q_empty,,,,,,outputs/mucum-propagacao-2026-09-21/raw/ana-86500000.xml,125693,0
2026-07-10T03:00:00-03:00,1783663200.0,evaluation,q_empty,,,,,,outputs/mucum-propagacao-2026-09-21/raw/ana-86500000.xml,125675,0
2026-07-10T03:15:00-03:00,1783664100.0,evaluation,q_empty,,,,,,outputs/mucum-propagacao-2026-09-21/raw/ana-86500000.xml,125657,0
2026-07-10T03:30:00-03:00,1783665000.0,evaluation,q_empty,,,,,,outputs/mucum-propagacao-2026-09-21/raw/ana-86500000.xml,125639,0
2026-07-10T03:45:00-03:00,1783665900.0,evaluation,q_empty,,,,,,outputs/mucum-propagacao-2026-09-21/raw/ana-86500000.xml,125621,0
2026-07-10T04:00:00-03:00,1783666800.0,evaluation,q_empty,,,,,,outputs/mucum-propagacao-2026-09-21/raw/ana-86500000.xml,125603,0
2026-07-10T04:15:00-03:00,1783667700.0,evaluation,q_empty,,,,,,outputs/mucum-propagacao-2026-09-21/raw/ana-86500000.xml,125585,0
2026-07-10T04:30:00-03:00,1783668600.0,evaluation,q_empty,,,,,,outputs/mucum-propagacao-2026-09-21/raw/ana-86500000.xml,125567,0
2026-07-10T04:45:00-03:00,1783669500.0,evaluation,q_empty,,,,,,outputs/mucum-propagacao-2026-09-21/raw/ana-86500000.xml,125549,0
2026-07-10T05:00:00-03:00,1783670400.0,evaluation,q_empty,,,,,,outputs/mucum-propagacao-2026-09-21/raw/ana-86500000.xml,125531,0
2026-07-10T05:15:00-03:00,1783671300.0,evaluation,q_empty,,,,,,outputs/mucum-propagacao-2026-09-21/raw/ana-86500000.xml,125513,0
2026-07-10T05:30:00-03:00,1783672200.0,evaluation,q_empty,,,,,,outputs/mucum-propagacao-2026-09-21/raw/ana-86500000.xml,125495,0
2026-07-10T05:45:00-03:00,1783673100.0,evaluation,q_empty,,,,,,outputs/mucum-propagacao-2026-09-21/raw/ana-86500000.xml,125477,0
2026-07-10T06:00:00-03:00,1783674000.0,evaluation,q_empty,,,,,,outputs/mucum-propagacao-2026-09-21/raw/ana-86500000.xml,125459,0
2026-07-10T06:15:00-03:00,1783674900.0,evaluation,q_empty,,,,,,outputs/mucum-propagacao-2026-09-21/raw/ana-86500000.xml,125441,0
2026-07-10T06:30:00-03:00,1783675800.0,evaluation,q_empty,,,,,,outputs/mucum-propagacao-2026-09-21/raw/ana-86500000.xml,125423,0
2026-07-10T06:45:00-03:00,1783676700.0,evaluation,q_empty,,,,,,outputs/mucum-propagacao-2026-09-21/raw/ana-86500000.xml,125405,0
2026-07-10T07:15:00-03:00,1783678500.0,evaluation,q_empty,,,,,,outputs/mucum-propagacao-2026-09-21/raw/ana-86500000.xml,125369,0
2026-07-10T07:30:00-03:00,1783679400.0,evaluation,q_empty,,,,,,outputs/mucum-propagacao-2026-09-21/raw/ana-86500000.xml,125351,0
2026-07-10T07:45:00-03:00,1783680300.0,evaluation,q_empty,,,,,,outputs/mucum-propagacao-2026-09-21/raw/ana-86500000.xml,125333,0
2026-07-10T08:00:00-03:00,1783681200.0,evaluation,q_empty,,,,,,outputs/mucum-propagacao-2026-09-21/raw/ana-86500000.xml,125315,0
2026-07-10T08:15:00-03:00,1783682100.0,evaluation,q_empty,,,,,,outputs/mucum-propagacao-2026-09-21/raw/ana-86500000.xml,125297,0
2026-07-10T08:30:00-03:00,1783683000.0,evaluation,q_empty,,,,,,outputs/mucum-propagacao-2026-09-21/raw/ana-86500000.xml,125279,0
2026-07-10T08:45:00-03:00,1783683900.0,evaluation,q_empty,,,,,,outputs/mucum-propagacao-2026-09-21/raw/ana-86500000.xml,125261,0
2026-07-10T09:00:00-03:00,1783684800.0,evaluation,q_empty,,,,,,outputs/mucum-propagacao-2026-09-21/raw/ana-86500000.xml,125243,0
2026-07-10T09:15:00-03:00,1783685700.0,evaluation,q_empty,,,,,,outputs/mucum-propagacao-2026-09-21/raw/ana-86500000.xml,125225,0
2026-07-10T09:30:00-03:00,1783686600.0,evaluation,q_empty,,,,,,outputs/mucum-propagacao-2026-09-21/raw/ana-86500000.xml,125207,0
2026-07-10T09:45:00-03:00,1783687500.0,evaluation,q_empty,,,,,,outputs/mucum-propagacao-2026-09-21/raw/ana-86500000.xml,125189,0
2026-07-10T10:00:00-03:00,1783688400.0,evaluation,q_empty,,,,,,outputs/mucum-propagacao-2026-09-21/raw/ana-86500000.xml,125171,0
2026-07-10T10:15:00-03:00,1783689300.0,evaluation,q_empty,,,,,,outputs/mucum-propagacao-2026-09-21/raw/ana-86500000.xml,125153,0
2026-07-10T10:30:00-03:00,1783690200.0,evaluation,q_empty,,,,,,outputs/mucum-propagacao-2026-09-21/raw/ana-86500000.xml,125135,0
2026-07-10T10:45:00-03:00,1783691100.0,evaluation,q_empty,,,,,,outputs/mucum-propagacao-2026-09-21/raw/ana-86500000.xml,125117,0
2026-07-10T11:00:00-03:00,1783692000.0,evaluation,q_empty,,,,,,outputs/mucum-propagacao-2026-09-21/raw/ana-86500000.xml,125099,0
2026-07-10T11:15:00-03:00,1783692900.0,evaluation,q_empty,,,,,,outputs/mucum-propagacao-2026-09-21/raw/ana-86500000.xml,125081,0
2026-07-10T11:30:00-03:00,1783693800.0,evaluation,q_empty,,,,,,outputs/mucum-propagacao-2026-09-21/raw/ana-86500000.xml,125063,0
2026-07-10T11:45:00-03:00,1783694700.0,evaluation,q_empty,,,,,,outputs/mucum-propagacao-2026-09-21/raw/ana-86500000.xml,125045,0
2026-07-10T12:00:00-03:00,1783695600.0,evaluation,q_empty,,,,,,outputs/mucum-propagacao-2026-09-21/raw/ana-86500000.xml,125027,0
2026-07-10T12:15:00-03:00,1783696500.0,evaluation,q_empty,,,,,,outputs/mucum-propagacao-2026-09-21/raw/ana-86500000.xml,125009,0
2026-07-10T12:30:00-03:00,1783697400.0,evaluation,q_empty,,,,,,outputs/mucum-propagacao-2026-09-21/raw/ana-86500000.xml,124991,0
2026-07-10T12:45:00-03:00,1783698300.0,evaluation,q_empty,,,,,,outputs/mucum-propagacao-2026-09-21/raw/ana-86500000.xml,124973,0
2026-07-10T13:00:00-03:00,1783699200.0,evaluation,q_empty,,,,,,outputs/mucum-propagacao-2026-09-21/raw/ana-86500000.xml,124955,0
2026-07-10T13:15:00-03:00,1783700100.0,evaluation,q_empty,,,,,,outputs/mucum-propagacao-2026-09-21/raw/ana-86500000.xml,124937,0
2026-07-10T13:30:00-03:00,1783701000.0,evaluation,q_empty,,,,,,outputs/mucum-propagacao-2026-09-21/raw/ana-86500000.xml,124919,0
2026-07-10T13:45:00-03:00,1783701900.0,evaluation,q_empty,,,,,,outputs/mucum-propagacao-2026-09-21/raw/ana-86500000.xml,124901,0
2026-07-10T14:00:00-03:00,1783702800.0,evaluation,q_empty,,,,,,outputs/mucum-propagacao-2026-09-21/raw/ana-86500000.xml,124883,0
2026-07-10T14:15:00-03:00,1783703700.0,evaluation,q_empty,,,,,,outputs/mucum-propagacao-2026-09-21/raw/ana-86500000.xml,124865,0
2026-07-10T14:30:00-03:00,1783704600.0,evaluation,q_empty,,,,,,outputs/mucum-propagacao-2026-09-21/raw/ana-86500000.xml,124847,0
2026-07-10T14:45:00-03:00,1783705500.0,evaluation,q_empty,,,,,,outputs/mucum-propagacao-2026-09-21/raw/ana-86500000.xml,124829,0
2026-07-10T15:00:00-03:00,1783706400.0,evaluation,q_empty,,,,,,outputs/mucum-propagacao-2026-09-21/raw/ana-86500000.xml,124811,0
2026-07-10T15:15:00-03:00,1783707300.0,evaluation,q_empty,,,,,,outputs/mucum-propagacao-2026-09-21/raw/ana-86500000.xml,124793,0
2026-07-10T15:30:00-03:00,1783708200.0,evaluation,q_empty,,,,,,outputs/mucum-propagacao-2026-09-21/raw/ana-86500000.xml,124775,0
2026-07-10T15:45:00-03:00,1783709100.0,evaluation,q_empty,,,,,,outputs/mucum-propagacao-2026-09-21/raw/ana-86500000.xml,124757,0
2026-07-10T16:00:00-03:00,1783710000.0,evaluation,q_empty,,,,,,outputs/mucum-propagacao-2026-09-21/raw/ana-86500000.xml,124739,0
2026-07-10T16:15:00-03:00,1783710900.0,evaluation,q_empty,,,,,,outputs/mucum-propagacao-2026-09-21/raw/ana-86500000.xml,124721,0
2026-07-10T16:30:00-03:00,1783711800.0,evaluation,q_empty,,,,,,outputs/mucum-propagacao-2026-09-21/raw/ana-86500000.xml,124703,0
2026-07-15T16:45:00-03:00,1784144700.0,evaluation,no_exact_record,,,,,,,,0
2026-07-15T17:15:00-03:00,1784146500.0,evaluation,no_exact_record,,,,,,,,0
2026-07-15T17:30:00-03:00,1784147400.0,evaluation,no_exact_record,,,,,,,,0
2026-07-15T17:45:00-03:00,1784148300.0,evaluation,no_exact_record,,,,,,,,0
2026-07-15T18:00:00-03:00,1784149200.0,evaluation,no_exact_record,,,,,,,,0
2026-07-15T18:15:00-03:00,1784150100.0,evaluation,no_exact_record,,,,,,,,0
2026-07-15T18:30:00-03:00,1784151000.0,evaluation,no_exact_record,,,,,,,,0
2026-07-15T18:45:00-03:00,1784151900.0,evaluation,no_exact_record,,,,,,,,0
2026-07-15T19:00:00-03:00,1784152800.0,evaluation,no_exact_record,,,,,,,,0
2026-07-15T19:15:00-03:00,1784153700.0,evaluation,no_exact_record,,,,,,,,0
2026-07-15T19:30:00-03:00,1784154600.0,evaluation,no_exact_record,,,,,,,,0
2026-07-15T19:45:00-03:00,1784155500.0,evaluation,no_exact_record,,,,,,,,0
2026-07-15T20:00:00-03:00,1784156400.0,evaluation,no_exact_record,,,,,,,,0
2026-07-15T20:15:00-03:00,1784157300.0,evaluation,no_exact_record,,,,,,,,0
2026-07-15T20:30:00-03:00,1784158200.0,evaluation,no_exact_record,,,,,,,,0
2026-07-15T20:45:00-03:00,1784159100.0,evaluation,no_exact_record,,,,,,,,0
2026-07-15T21:00:00-03:00,1784160000.0,evaluation,no_exact_record,,,,,,,,0
2026-07-15T21:15:00-03:00,1784160900.0,evaluation,no_exact_record,,,,,,,,0
2026-07-15T21:30:00-03:00,1784161800.0,evaluation,no_exact_record,,,,,,,,0
2026-07-15T21:45:00-03:00,1784162700.0,evaluation,no_exact_record,,,,,,,,0
2026-07-15T22:00:00-03:00,1784163600.0,evaluation,no_exact_record,,,,,,,,0
2026-07-15T22:15:00-03:00,1784164500.0,evaluation,no_exact_record,,,,,,,,0
2026-07-15T22:30:00-03:00,1784165400.0,evaluation,no_exact_record,,,,,,,,0
2026-07-15T22:45:00-03:00,1784166300.0,evaluation,no_exact_record,,,,,,,,0
2026-07-15T23:00:00-03:00,1784167200.0,evaluation,no_exact_record,,,,,,,,0
2026-07-15T23:15:00-03:00,1784168100.0,evaluation,no_exact_record,,,,,,,,0
2026-07-15T23:30:00-03:00,1784169000.0,evaluation,no_exact_record,,,,,,,,0
2026-07-15T23:45:00-03:00,1784169900.0,evaluation,no_exact_record,,,,,,,,0
2026-07-16T00:00:00-03:00,1784170800.0,evaluation,no_exact_record,,,,,,,,0
2026-07-16T00:15:00-03:00,1784171700.0,evaluation,no_exact_record,,,,,,,,0
2026-07-16T00:30:00-03:00,1784172600.0,evaluation,no_exact_record,,,,,,,,0
2026-07-16T00:45:00-03:00,1784173500.0,evaluation,no_exact_record,,,,,,,,0
2026-07-16T01:00:00-03:00,1784174400.0,evaluation,no_exact_record,,,,,,,,0
2026-07-16T01:15:00-03:00,1784175300.0,evaluation,no_exact_record,,,,,,,,0
2026-07-16T01:30:00-03:00,1784176200.0,evaluation,no_exact_record,,,,,,,,0
2026-07-16T01:45:00-03:00,1784177100.0,evaluation,no_exact_record,,,,,,,,0
2026-07-16T02:00:00-03:00,1784178000.0,evaluation,no_exact_record,,,,,,,,0
2026-07-16T02:15:00-03:00,1784178900.0,evaluation,no_exact_record,,,,,,,,0
2026-07-16T02:30:00-03:00,1784179800.0,evaluation,no_exact_record,,,,,,,,0
2026-07-16T02:45:00-03:00,1784180700.0,evaluation,no_exact_record,,,,,,,,0
2026-07-16T03:00:00-03:00,1784181600.0,evaluation,no_exact_record,,,,,,,,0
2026-07-16T03:15:00-03:00,1784182500.0,evaluation,no_exact_record,,,,,,,,0
2026-07-16T03:30:00-03:00,1784183400.0,evaluation,no_exact_record,,,,,,,,0
2026-07-16T03:45:00-03:00,1784184300.0,evaluation,no_exact_record,,,,,,,,0
2026-07-16T04:00:00-03:00,1784185200.0,evaluation,no_exact_record,,,,,,,,0
2026-07-16T04:15:00-03:00,1784186100.0,evaluation,no_exact_record,,,,,,,,0
2026-07-16T04:30:00-03:00,1784187000.0,evaluation,no_exact_record,,,,,,,,0
2026-07-16T04:45:00-03:00,1784187900.0,evaluation,no_exact_record,,,,,,,,0
2026-07-16T05:00:00-03:00,1784188800.0,evaluation,no_exact_record,,,,,,,,0
2026-07-16T05:15:00-03:00,1784189700.0,evaluation,no_exact_record,,,,,,,,0
2026-07-16T05:30:00-03:00,1784190600.0,evaluation,no_exact_record,,,,,,,,0
2026-07-16T05:45:00-03:00,1784191500.0,evaluation,no_exact_record,,,,,,,,0
2026-07-16T06:00:00-03:00,1784192400.0,evaluation,no_exact_record,,,,,,,,0
2026-07-16T06:15:00-03:00,1784193300.0,evaluation,no_exact_record,,,,,,,,0
2026-07-16T06:30:00-03:00,1784194200.0,evaluation,no_exact_record,,,,,,,,0
2026-07-16T06:45:00-03:00,1784195100.0,evaluation,no_exact_record,,,,,,,,0
2026-07-16T07:15:00-03:00,1784196900.0,evaluation,no_exact_record,,,,,,,,0
2026-07-16T07:30:00-03:00,1784197800.0,evaluation,no_exact_record,,,,,,,,0
2026-07-16T07:45:00-03:00,1784198700.0,evaluation,no_exact_record,,,,,,,,0
2026-07-16T08:00:00-03:00,1784199600.0,evaluation,no_exact_record,,,,,,,,0
2026-07-16T08:15:00-03:00,1784200500.0,evaluation,no_exact_record,,,,,,,,0
2026-07-16T08:30:00-03:00,1784201400.0,evaluation,no_exact_record,,,,,,,,0
2026-07-16T08:45:00-03:00,1784202300.0,evaluation,no_exact_record,,,,,,,,0
2026-07-16T09:00:00-03:00,1784203200.0,evaluation,no_exact_record,,,,,,,,0
2026-07-16T09:15:00-03:00,1784204100.0,evaluation,no_exact_record,,,,,,,,0
2026-07-16T09:30:00-03:00,1784205000.0,evaluation,no_exact_record,,,,,,,,0
2026-07-23T10:45:00-03:00,1784814300.0,evaluation,q_empty,5.172000000000001,517.20,Dado aprovado,,,outputs/mucum-propagacao-2026-09-21/raw/ana-86500000.xml,103841,0
2026-07-23T11:00:00-03:00,1784815200.0,evaluation,q_empty,5.156000000000001,515.60,Dado aprovado,,,outputs/mucum-propagacao-2026-09-21/raw/ana-86500000.xml,103823,0
2026-07-23T11:15:00-03:00,1784816100.0,evaluation,q_empty,5.136,513.60,Dado aprovado,,,outputs/mucum-propagacao-2026-09-21/raw/ana-86500000.xml,103805,0
2026-07-23T11:30:00-03:00,1784817000.0,evaluation,q_empty,5.124,512.40,Dado aprovado,,,outputs/mucum-propagacao-2026-09-21/raw/ana-86500000.xml,103787,0
2026-07-23T11:45:00-03:00,1784817900.0,evaluation,q_empty,5.099,509.90,Dado aprovado,,,outputs/mucum-propagacao-2026-09-21/raw/ana-86500000.xml,103769,0
2026-07-23T12:00:00-03:00,1784818800.0,evaluation,q_empty,5.087,508.70,Dado aprovado,,,outputs/mucum-propagacao-2026-09-21/raw/ana-86500000.xml,103751,0
2026-07-23T12:15:00-03:00,1784819700.0,evaluation,q_empty,5.0569999999999995,505.70,Dado aprovado,,,outputs/mucum-propagacao-2026-09-21/raw/ana-86500000.xml,103733,0
2026-07-23T12:30:00-03:00,1784820600.0,evaluation,q_empty,5.045,504.50,Dado aprovado,,,outputs/mucum-propagacao-2026-09-21/raw/ana-86500000.xml,103715,0
2026-07-23T12:45:00-03:00,1784821500.0,evaluation,q_empty,5.02,502.00,Dado aprovado,,,outputs/mucum-propagacao-2026-09-21/raw/ana-86500000.xml,103697,0
2026-07-23T13:00:00-03:00,1784822400.0,evaluation,q_empty,5.007,500.70,Dado aprovado,,,outputs/mucum-propagacao-2026-09-21/raw/ana-86500000.xml,103679,0
2026-07-23T13:15:00-03:00,1784823300.0,evaluation,q_empty,4.998,499.80,Dado aprovado,,,outputs/mucum-propagacao-2026-09-21/raw/ana-86500000.xml,103661,0
2026-07-23T13:30:00-03:00,1784824200.0,evaluation,q_empty,4.985,498.50,Dado aprovado,,,outputs/mucum-propagacao-2026-09-21/raw/ana-86500000.xml,103643,0
2026-07-23T13:45:00-03:00,1784825100.0,evaluation,q_empty,4.977,497.70,Dado aprovado,,,outputs/mucum-propagacao-2026-09-21/raw/ana-86500000.xml,103625,0
2026-07-23T14:00:00-03:00,1784826000.0,evaluation,q_empty,4.962,496.20,Dado aprovado,,,outputs/mucum-propagacao-2026-09-21/raw/ana-86500000.xml,103607,0
2026-07-23T14:15:00-03:00,1784826900.0,evaluation,q_empty,4.9510000000000005,495.10,Dado aprovado,,,outputs/mucum-propagacao-2026-09-21/raw/ana-86500000.xml,103589,0
2026-07-23T14:30:00-03:00,1784827800.0,evaluation,q_empty,4.939,493.90,Dado aprovado,,,outputs/mucum-propagacao-2026-09-21/raw/ana-86500000.xml,103571,0
2026-07-23T14:45:00-03:00,1784828700.0,evaluation,q_empty,4.919,491.90,Dado aprovado,,,outputs/mucum-propagacao-2026-09-21/raw/ana-86500000.xml,103553,0
2026-07-23T15:00:00-03:00,1784829600.0,evaluation,q_empty,4.918,491.80,Dado aprovado,,,outputs/mucum-propagacao-2026-09-21/raw/ana-86500000.xml,103535,0
2026-07-23T15:15:00-03:00,1784830500.0,evaluation,q_empty,4.897,489.70,Dado aprovado,,,outputs/mucum-propagacao-2026-09-21/raw/ana-86500000.xml,103517,0
2026-07-23T15:30:00-03:00,1784831400.0,evaluation,q_empty,4.893,489.30,Dado aprovado,,,outputs/mucum-propagacao-2026-09-21/raw/ana-86500000.xml,103499,0
2026-07-23T15:45:00-03:00,1784832300.0,evaluation,q_empty,4.873,487.30,Dado aprovado,,,outputs/mucum-propagacao-2026-09-21/raw/ana-86500000.xml,103481,0
2026-07-23T16:00:00-03:00,1784833200.0,evaluation,q_empty,4.845,484.50,Dado aprovado,,,outputs/mucum-propagacao-2026-09-21/raw/ana-86500000.xml,103463,0
2026-07-23T16:15:00-03:00,1784834100.0,evaluation,q_empty,4.825,482.50,Dado aprovado,,,outputs/mucum-propagacao-2026-09-21/raw/ana-86500000.xml,103445,0
2026-07-23T16:30:00-03:00,1784835000.0,evaluation,q_empty,4.805,480.50,Dado aprovado,,,outputs/mucum-propagacao-2026-09-21/raw/ana-86500000.xml,103427,0
2026-07-23T16:45:00-03:00,1784835900.0,evaluation,q_empty,4.789,478.90,Dado aprovado,,,outputs/mucum-propagacao-2026-09-21/raw/ana-86500000.xml,103409,0
2026-07-23T17:00:00-03:00,1784836800.0,evaluation,q_empty,4.773,477.30,Dado aprovado,,,outputs/mucum-propagacao-2026-09-21/raw/ana-86500000.xml,103391,0
2026-07-23T17:15:00-03:00,1784837700.0,evaluation,q_empty,4.747,474.70,Dado aprovado,,,outputs/mucum-propagacao-2026-09-21/raw/ana-86500000.xml,103373,0
2026-07-23T17:30:00-03:00,1784838600.0,evaluation,q_empty,4.732,473.20,Dado aprovado,,,outputs/mucum-propagacao-2026-09-21/raw/ana-86500000.xml,103355,0
2026-07-23T17:45:00-03:00,1784839500.0,evaluation,q_empty,4.718,471.80,Dado aprovado,,,outputs/mucum-propagacao-2026-09-21/raw/ana-86500000.xml,103337,0
2026-07-23T18:00:00-03:00,1784840400.0,evaluation,q_empty,4.7010000000000005,470.10,Dado aprovado,,,outputs/mucum-propagacao-2026-09-21/raw/ana-86500000.xml,103319,0
2026-07-23T18:15:00-03:00,1784841300.0,evaluation,q_empty,4.6819999999999995,468.20,Dado aprovado,,,outputs/mucum-propagacao-2026-09-21/raw/ana-86500000.xml,103301,0
2026-07-23T18:30:00-03:00,1784842200.0,evaluation,q_empty,4.6739999999999995,467.40,Dado aprovado,,,outputs/mucum-propagacao-2026-09-21/raw/ana-86500000.xml,103283,0
2026-07-23T18:45:00-03:00,1784843100.0,evaluation,q_empty,4.6610000000000005,466.10,Dado aprovado,,,outputs/mucum-propagacao-2026-09-21/raw/ana-86500000.xml,103265,0
2026-07-23T19:00:00-03:00,1784844000.0,evaluation,q_empty,4.648,464.80,Dado aprovado,,,outputs/mucum-propagacao-2026-09-21/raw/ana-86500000.xml,103247,0
2026-08-14T12:45:00-03:00,1786722300.0,evaluation,q_empty,,,,,,outputs/mucum-propagacao-2026-09-21/raw/ana-86500000.xml,65681,0
2026-08-14T13:00:00-03:00,1786723200.0,evaluation,q_empty,,,,,,outputs/mucum-propagacao-2026-09-21/raw/ana-86500000.xml,65663,0
2026-08-14T13:15:00-03:00,1786724100.0,evaluation,q_empty,,,,,,outputs/mucum-propagacao-2026-09-21/raw/ana-86500000.xml,65645,0
2026-08-14T13:30:00-03:00,1786725000.0,evaluation,q_empty,,329.90,Dado suspeito,,,outputs/mucum-propagacao-2026-09-21/raw/ana-86500000.xml,65627,0
2026-08-14T13:45:00-03:00,1786725900.0,evaluation,q_empty,,328.60,Dado suspeito,,,outputs/mucum-propagacao-2026-09-21/raw/ana-86500000.xml,65609,0
2026-08-14T14:00:00-03:00,1786726800.0,evaluation,q_empty,,328.20,Dado suspeito,,,outputs/mucum-propagacao-2026-09-21/raw/ana-86500000.xml,65591,0
2026-08-14T14:15:00-03:00,1786727700.0,evaluation,q_empty,,327.20,Dado suspeito,,,outputs/mucum-propagacao-2026-09-21/raw/ana-86500000.xml,65573,0
2026-08-14T14:30:00-03:00,1786728600.0,evaluation,q_empty,,326.20,Dado suspeito,,,outputs/mucum-propagacao-2026-09-21/raw/ana-86500000.xml,65555,0
2026-08-14T14:45:00-03:00,1786729500.0,evaluation,q_empty,,325.20,Dado suspeito,,,outputs/mucum-propagacao-2026-09-21/raw/ana-86500000.xml,65537,0
2026-08-14T15:00:00-03:00,1786730400.0,evaluation,q_empty,,324.10,Dado suspeito,,,outputs/mucum-propagacao-2026-09-21/raw/ana-86500000.xml,65519,0
2026-08-14T15:15:00-03:00,1786731300.0,evaluation,q_empty,,323.20,Dado suspeito,,,outputs/mucum-propagacao-2026-09-21/raw/ana-86500000.xml,65501,0
2026-08-14T15:30:00-03:00,1786732200.0,evaluation,q_empty,,322.50,Dado suspeito,,,outputs/mucum-propagacao-2026-09-21/raw/ana-86500000.xml,65483,0
2026-08-14T15:45:00-03:00,1786733100.0,evaluation,q_empty,,321.90,Dado suspeito,,,outputs/mucum-propagacao-2026-09-21/raw/ana-86500000.xml,65465,0
2026-08-14T16:00:00-03:00,1786734000.0,evaluation,q_empty,,321.00,Dado suspeito,,,outputs/mucum-propagacao-2026-09-21/raw/ana-86500000.xml,65447,0
2026-08-14T16:15:00-03:00,1786734900.0,evaluation,q_empty,,320.00,Dado suspeito,,,outputs/mucum-propagacao-2026-09-21/raw/ana-86500000.xml,65429,0
2026-08-14T16:30:00-03:00,1786735800.0,evaluation,q_empty,,319.30,Dado suspeito,,,outputs/mucum-propagacao-2026-09-21/raw/ana-86500000.xml,65411,0
2026-08-14T16:45:00-03:00,1786736700.0,evaluation,q_empty,,318.50,Dado suspeito,,,outputs/mucum-propagacao-2026-09-21/raw/ana-86500000.xml,65393,0
2026-08-14T17:00:00-03:00,1786737600.0,evaluation,q_empty,,317.30,Dado suspeito,,,outputs/mucum-propagacao-2026-09-21/raw/ana-86500000.xml,65375,0
2026-08-14T17:15:00-03:00,1786738500.0,evaluation,q_empty,,316.40,Dado suspeito,,,outputs/mucum-propagacao-2026-09-21/raw/ana-86500000.xml,65357,0
2026-09-21T14:45:00-03:00,1790012700.0,other,no_exact_record,,,,,,,,7
2026-09-21T15:00:00-03:00,1790013600.0,other,no_exact_record,,,,,,,,7
