-29.264900 -50.314899 DCRS-00084 2026-07-29_00:00 13.5 -999.9 -999.9 93.2 -999.9 -999.9 12.4 -999.9 -999.9 -999.9 -999.9 -999.9 4.8 -999.9 6.2 0.0 0.0 0.0 60.2 83.4 86.0 87.4 13.5 13.5 93.2 93.2 6.2 DCRS_-_São_Francisco_de_Paula/Cambará_do_Sul_(865_m) -999.9 -999.9 -999.9 -999.9 -999.9 12.4 12.4 0.0 Rio_Grande_do_Sul DCRS -999.9 0.0 0.0 860.79 860.79 860.79 1 0.03 860.81 860.81 860.81 861.35
-29.264900 -50.314899 DCRS-00084 2026-07-29_00:01 13.5 -999.9 -999.9 93.2 -999.9 -999.9 12.4 -999.9 -999.9 -999.9 -999.9 -999.9 -999.9 -999.9 6.2 0.0 0.0 0.0 60.2 83.4 86.0 87.4 13.5 13.5 93.2 93.2 6.2 DCRS_-_São_Francisco_de_Paula/Cambará_do_Sul_(865_m) -999.9 -999.9 -999.9 -999.9 -999.9 12.4 12.4 0.0 Rio_Grande_do_Sul DCRS -999.9 0.0 0.0 860.78 860.79 860.78 1 0.02 860.81 860.81 860.81 861.35
-29.264900 -50.314899 DCRS-00084 2026-07-29_00:02 13.4 -999.9 -999.9 93.3 -999.9 -999.9 12.3 -999.9 -999.9 -999.9 -999.9 -999.9 -999.9 -999.9 6.2 0.0 0.0 0.0 60.2 83.4 86.0 87.4 13.5 13.4 93.3 93.2 6.2 DCRS_-_São_Francisco_de_Paula/Cambará_do_Sul_(865_m) -999.9 -999.9 -999.9 -999.9 -999.9 12.4 12.3 0.0 Rio_Grande_do_Sul DCRS -999.9 0.0 0.0 860.77 860.79 860.77 1 0.0 860.81 860.81 860.81 861.35
-29.264900 -50.314899 DCRS-00084 2026-07-29_00:03 13.4 -999.9 -999.9 93.2 -999.9 -999.9 12.3 -999.9 -999.9 -999.9 -999.9 -999.9 -999.9 -999.9 6.2 0.0 0.0 0.0 60.2 83.4 86.0 87.4 13.5 13.4 93.3 93.2 6.2 DCRS_-_São_Francisco_de_Paula/Cambará_do_Sul_(865_m) -999.9 -999.9 -999.9 -999.9 -999.9 12.4 12.3 0.0 Rio_Grande_do_Sul DCRS -999.9 0.0 0.0 860.8 860.8 860.77 1 0.04 860.81 860.81 860.81 861.35
-29.264900 -50.314899 DCRS-00084 2026-07-29_00:04 13.4 -999.9 -999.9 93.3 -999.9 -999.9 12.3 -999.9 -999.9 -999.9 -999.9 -999.9 -999.9 -999.9 6.2 0.0 0.0 0.0 60.2 83.4 86.0 87.4 13.5 13.4 93.3 93.2 6.2 DCRS_-_São_Francisco_de_Paula/Cambará_do_Sul_(865_m) -999.9 -999.9 -999.9 -999.9 -999.9 12.4 12.3 0.0 Rio_Grande_do_Sul DCRS -999.9 0.0 0.0 860.8 860.8 860.77 1 0.02 860.81 860.81 860.81 861.35
-29.264900 -50.314899 DCRS-00084 2026-07-29_00:05 13.4 -999.9 -999.9 93.4 -999.9 -999.9 12.3 -999.9 -999.9 -999.9 -999.9 -999.9 5.5 -999.9 9.3 0.0 0.0 0.0 60.2 83.4 86.0 87.4 13.5 13.4 93.4 93.2 9.3 DCRS_-_São_Francisco_de_Paula/Cambará_do_Sul_(865_m) -999.9 -999.9 -999.9 -999.9 -999.9 12.4 12.3 0.0 Rio_Grande_do_Sul DCRS -999.9 0.0 0.0 860.8 860.8 860.77 1 0.02 860.81 860.81 860.81 861.35
-29.264900 -50.314899 DCRS-00084 2026-07-29_00:06 13.4 -999.9 -999.9 93.4 -999.9 -999.9 12.3 -999.9 -999.9 -999.9 -999.9 -999.9 5.2 -999.9 9.3 0.0 0.0 0.0 60.2 83.4 86.0 87.4 13.5 13.4 93.4 93.2 9.3 DCRS_-_São_Francisco_de_Paula/Cambará_do_Sul_(865_m) -999.9 -999.9 -999.9 -999.9 -999.9 12.4 12.3 0.0 Rio_Grande_do_Sul DCRS -999.9 0.0 0.0 860.8 860.8 860.77 1 0.02 860.81 860.81 860.81 861.35
-29.264900 -50.314899 DCRS-00084 2026-07-29_00:07 13.4 -999.9 -999.9 93.5 -999.9 -999.9 12.4 -999.9 -999.9 -999.9 -999.9 -999.9 3.6 -999.9 9.3 0.0 0.0 0.0 60.2 83.4 86.0 87.4 13.5 13.4 93.5 93.2 9.3 DCRS_-_São_Francisco_de_Paula/Cambará_do_Sul_(865_m) -999.9 -999.9 -999.9 -999.9 -999.9 12.4 12.3 0.0 Rio_Grande_do_Sul DCRS -999.9 0.0 0.0 860.79 860.8 860.77 1 0.01 860.81 860.81 860.81 861.35
-29.264900 -50.314899 DCRS-00084 2026-07-29_00:08 13.4 -999.9 -999.9 93.4 -999.9 -999.9 12.3 -999.9 -999.9 -999.9 -999.9 -999.9 4.8 -999.9 9.3 0.0 0.0 0.0 60.2 83.4 86.0 87.4 13.5 13.4 93.5 93.2 9.3 DCRS_-_São_Francisco_de_Paula/Cambará_do_Sul_(865_m) -999.9 -999.9 -999.9 -999.9 -999.9 12.4 12.3 0.0 Rio_Grande_do_Sul DCRS -999.9 0.0 0.0 860.8 860.8 860.77 1 0.03 860.81 860.81 860.81 861.35
-29.264900 -50.314899 DCRS-00084 2026-07-29_00:09 13.4 -999.9 -999.9 93.4 -999.9 -999.9 12.3 -999.9 -999.9 -999.9 -999.9 -999.9 3.1 -999.9 9.3 0.0 0.0 0.0 60.2 83.4 86.0 87.4 13.5 13.4 93.5 93.2 9.3 DCRS_-_São_Francisco_de_Paula/Cambará_do_Sul_(865_m) -999.9 -999.9 -999.9 -999.9 -999.9 12.4 12.3 0.0 Rio_Grande_do_Sul DCRS -999.9 0.0 0.0 860.8 860.8 860.77 1 0.03 860.81 860.81 860.81 861.35
-29.264900 -50.314899 DCRS-00084 2026-07-29_00:10 13.4 -999.9 -999.9 93.3 -999.9 -999.9 12.3 -999.9 -999.9 -999.9 -999.9 -999.9 3.2 -999.9 6.7 0.0 0.0 0.0 60.2 83.4 86.0 87.4 13.5 13.4 93.5 93.2 9.3 DCRS_-_São_Francisco_de_Paula/Cambará_do_Sul_(865_m) -999.9 -999.9 -999.9 -999.9 -999.9 12.4 12.3 0.0 Rio_Grande_do_Sul DCRS -999.9 0.0 0.0 860.79 860.8 860.77 1 0.03 860.81 860.81 860.81 861.35
-29.264900 -50.314899 DCRS-00084 2026-07-29_00:11 13.4 -999.9 -999.9 93.0 -999.9 -999.9 12.3 -999.9 -999.9 -999.9 -999.9 -999.9 0.0 -999.9 6.7 0.0 0.0 0.0 60.2 83.4 86.0 87.4 13.5 13.4 93.5 93.0 9.3 DCRS_-_São_Francisco_de_Paula/Cambará_do_Sul_(865_m) -999.9 -999.9 -999.9 -999.9 -999.9 12.4 12.3 0.0 Rio_Grande_do_Sul DCRS -999.9 0.0 0.0 860.8 860.8 860.77 1 0.03 860.81 860.81 860.81 861.35
-29.264900 -50.314899 DCRS-00084 2026-07-29_00:12 13.4 -999.9 -999.9 93.1 -999.9 -999.9 12.3 -999.9 -999.9 -999.9 -999.9 -999.9 3.0 -999.9 6.7 0.0 0.0 0.0 60.2 83.4 86.0 87.4 13.5 13.4 93.5 93.0 9.3 DCRS_-_São_Francisco_de_Paula/Cambará_do_Sul_(865_m) -999.9 -999.9 -999.9 -999.9 -999.9 12.4 12.3 0.0 Rio_Grande_do_Sul DCRS -999.9 0.0 0.0 860.81 860.81 860.77 1 0.03 860.81 860.81 860.81 861.35
-29.264900 -50.314899 DCRS-00084 2026-07-29_00:13 13.4 -999.9 -999.9 93.0 -999.9 -999.9 12.3 -999.9 -999.9 -999.9 -999.9 -999.9 3.9 -999.9 6.7 0.0 0.0 0.0 60.2 83.4 86.0 87.4 13.5 13.4 93.5 93.0 9.3 DCRS_-_São_Francisco_de_Paula/Cambará_do_Sul_(865_m) -999.9 -999.9 -999.9 -999.9 -999.9 12.4 12.3 0.0 Rio_Grande_do_Sul DCRS -999.9 0.0 0.0 860.8 860.81 860.77 1 0.03 860.81 860.81 860.81 861.35
-29.264900 -50.314899 DCRS-00084 2026-07-29_00:14 13.5 -999.9 -999.9 92.8 -999.9 -999.9 12.3 -999.9 -999.9 -999.9 -999.9 -999.9 0.0 -999.9 6.7 0.0 0.0 0.0 60.2 83.4 86.0 87.4 13.5 13.4 93.5 92.8 9.3 DCRS_-_São_Francisco_de_Paula/Cambará_do_Sul_(865_m) -999.9 -999.9 -999.9 -999.9 -999.9 12.4 12.3 0.0 Rio_Grande_do_Sul DCRS -999.9 0.0 0.0 860.8 860.81 860.77 1 0.02 860.81 860.81 860.81 861.35
-29.264900 -50.314899 DCRS-00084 2026-07-29_00:15 13.4 -999.9 -999.9 92.5 -999.9 -999.9 12.2 -999.9 -999.9 -999.9 -999.9 -999.9 -999.9 -999.9 7.7 0.0 0.0 0.0 60.2 83.4 86.0 87.4 13.5 13.4 93.5 92.5 9.3 DCRS_-_São_Francisco_de_Paula/Cambará_do_Sul_(865_m) -999.9 -999.9 -999.9 -999.9 -999.9 12.4 12.2 0.0 Rio_Grande_do_Sul DCRS -999.9 0.0 0.0 860.8 860.81 860.77 1 0.04 860.81 860.81 860.81 861.35
-29.264900 -50.314899 DCRS-00084 2026-07-29_00:16 13.5 -999.9 -999.9 92.4 -999.9 -999.9 12.3 -999.9 -999.9 -999.9 -999.9 -999.9 2.0 -999.9 7.7 0.0 0.0 0.0 60.2 83.4 86.0 87.4 13.5 13.4 93.5 92.4 9.3 DCRS_-_São_Francisco_de_Paula/Cambará_do_Sul_(865_m) -999.9 -999.9 -999.9 -999.9 -999.9 12.4 12.2 0.0 Rio_Grande_do_Sul DCRS -999.9 0.0 0.0 860.81 860.81 860.77 1 0.03 860.81 860.81 860.81 861.35
-29.264900 -50.314899 DCRS-00084 2026-07-29_00:17 13.5 -999.9 -999.9 92.4 -999.9 -999.9 12.3 -999.9 -999.9 -999.9 -999.9 -999.9 4.8 -999.9 7.7 0.0 0.0 0.0 60.2 83.4 86.0 87.4 13.5 13.4 93.5 92.4 9.3 DCRS_-_São_Francisco_de_Paula/Cambará_do_Sul_(865_m) -999.9 -999.9 -999.9 -999.9 -999.9 12.4 12.2 0.0 Rio_Grande_do_Sul DCRS -999.9 0.0 0.0 860.8 860.81 860.77 1 0.03 860.81 860.81 860.81 861.35
-29.264900 -50.314899 DCRS-00084 2026-07-29_00:18 13.4 -999.9 -999.9 92.6 -999.9 -999.9 12.2 -999.9 -999.9 -999.9 -999.9 -999.9 -999.9 -999.9 7.7 0.0 0.0 0.0 60.2 83.4 86.0 87.4 13.5 13.4 93.5 92.4 9.3 DCRS_-_São_Francisco_de_Paula/Cambará_do_Sul_(865_m) -999.9 -999.9 -999.9 -999.9 -999.9 12.4 12.2 0.0 Rio_Grande_do_Sul DCRS -999.9 0.0 0.0 860.81 860.81 860.77 1 0.03 860.81 860.81 860.81 861.35
-29.264900 -50.314899 DCRS-00084 2026-07-29_00:19 13.4 -999.9 -999.9 92.9 -999.9 -999.9 12.3 -999.9 -999.9 -999.9 -999.9 -999.9 4.8 -999.9 7.7 0.0 0.0 0.0 60.2 83.4 86.0 87.4 13.5 13.4 93.5 92.4 9.3 DCRS_-_São_Francisco_de_Paula/Cambará_do_Sul_(865_m) -999.9 -999.9 -999.9 -999.9 -999.9 12.4 12.2 0.0 Rio_Grande_do_Sul DCRS -999.9 0.0 0.0 860.8 860.81 860.77 1 0.02 860.81 860.81 860.81 861.35
-29.264900 -50.314899 DCRS-00084 2026-07-29_00:20 13.4 -999.9 -999.9 93.0 -999.9 -999.9 12.3 -999.9 -999.9 -999.9 -999.9 -999.9 4.4 -999.9 10.4 0.0 0.0 0.0 60.2 83.4 86.0 87.4 13.5 13.4 93.5 92.4 10.4 DCRS_-_São_Francisco_de_Paula/Cambará_do_Sul_(865_m) -999.9 -999.9 -999.9 -999.9 -999.9 12.4 12.2 0.0 Rio_Grande_do_Sul DCRS -999.9 0.0 0.0 860.81 860.81 860.77 1 0.03 860.81 860.81 860.81 861.35
-29.264900 -50.314899 DCRS-00084 2026-07-29_00:21 13.4 -999.9 -999.9 93.0 -999.9 -999.9 12.3 -999.9 -999.9 -999.9 -999.9 -999.9 5.1 -999.9 10.4 0.0 0.0 0.0 60.2 83.4 86.0 87.4 13.5 13.4 93.5 92.4 10.4 DCRS_-_São_Francisco_de_Paula/Cambará_do_Sul_(865_m) -999.9 -999.9 -999.9 -999.9 -999.9 12.4 12.2 0.0 Rio_Grande_do_Sul DCRS -999.9 0.0 0.0 860.81 860.81 860.77 1 0.03 860.81 860.81 860.81 861.35
-29.264900 -50.314899 DCRS-00084 2026-07-29_00:22 13.4 -999.9 -999.9 93.2 -999.9 -999.9 12.3 -999.9 -999.9 -999.9 -999.9 -999.9 2.5 -999.9 10.4 0.0 0.0 0.0 60.2 83.4 86.0 87.4 13.5 13.4 93.5 92.4 10.4 DCRS_-_São_Francisco_de_Paula/Cambará_do_Sul_(865_m) -999.9 -999.9 -999.9 -999.9 -999.9 12.4 12.2 0.0 Rio_Grande_do_Sul DCRS -999.9 0.0 0.0 860.81 860.81 860.77 1 0.03 860.81 860.81 860.81 861.35
-29.264900 -50.314899 DCRS-00084 2026-07-29_00:23 13.4 -999.9 -999.9 93.3 -999.9 -999.9 12.3 -999.9 -999.9 -999.9 -999.9 -999.9 0.0 -999.9 10.4 0.0 0.0 0.0 60.2 83.4 86.0 87.4 13.5 13.4 93.5 92.4 10.4 DCRS_-_São_Francisco_de_Paula/Cambará_do_Sul_(865_m) -999.9 -999.9 -999.9 -999.9 -999.9 12.4 12.2 0.0 Rio_Grande_do_Sul DCRS -999.9 0.0 0.0 860.79 860.81 860.77 1 0.02 860.81 860.81 860.81 861.35
-29.264900 -50.314899 DCRS-00084 2026-07-29_00:24 13.4 -999.9 -999.9 93.3 -999.9 -999.9 12.3 -999.9 -999.9 -999.9 -999.9 -999.9 2.6 -999.9 10.4 0.0 0.0 0.0 60.2 83.4 86.0 87.4 13.5 13.4 93.5 92.4 10.4 DCRS_-_São_Francisco_de_Paula/Cambará_do_Sul_(865_m) -999.9 -999.9 -999.9 -999.9 -999.9 12.4 12.2 0.0 Rio_Grande_do_Sul DCRS -999.9 0.0 0.0 860.8 860.81 860.77 1 0.02 860.81 860.81 860.81 861.35
-29.264900 -50.314899 DCRS-00084 2026-07-29_00:25 13.4 -999.9 -999.9 93.3 -999.9 -999.9 12.3 -999.9 -999.9 -999.9 -999.9 -999.9 2.8 -999.9 5.9 0.0 0.0 0.0 60.2 83.4 86.0 87.4 13.5 13.4 93.5 92.4 10.4 DCRS_-_São_Francisco_de_Paula/Cambará_do_Sul_(865_m) -999.9 -999.9 -999.9 -999.9 -999.9 12.4 12.2 0.0 Rio_Grande_do_Sul DCRS -999.9 0.0 0.0 860.81 860.81 860.77 1 0.03 860.81 860.81 860.81 861.35
-29.264900 -50.314899 DCRS-00084 2026-07-29_00:26 13.3 -999.9 -999.9 93.1 -999.9 -999.9 12.2 -999.9 -999.9 -999.9 -999.9 -999.9 3.3 -999.9 5.9 0.0 0.0 0.0 60.2 83.4 86.0 87.4 13.5 13.3 93.5 92.4 10.4 DCRS_-_São_Francisco_de_Paula/Cambará_do_Sul_(865_m) -999.9 -999.9 -999.9 -999.9 -999.9 12.4 12.2 0.0 Rio_Grande_do_Sul DCRS -999.9 0.0 0.0 860.79 860.81 860.77 1 0.02 860.81 860.81 860.81 861.35
-29.264900 -50.314899 DCRS-00084 2026-07-29_00:27 13.3 -999.9 -999.9 92.8 -999.9 -999.9 12.1 -999.9 -999.9 -999.9 -999.9 -999.9 2.0 -999.9 5.9 0.0 0.0 0.0 60.2 83.4 86.0 87.4 13.5 13.3 93.5 92.4 10.4 DCRS_-_São_Francisco_de_Paula/Cambará_do_Sul_(865_m) -999.9 -999.9 -999.9 -999.9 -999.9 12.4 12.1 0.0 Rio_Grande_do_Sul DCRS -999.9 0.0 0.0 860.81 860.81 860.77 1 0.04 860.81 860.81 860.81 861.35
-29.264900 -50.314899 DCRS-00084 2026-07-29_00:28 13.4 -999.9 -999.9 92.3 -999.9 -999.9 12.2 -999.9 -999.9 -999.9 -999.9 -999.9 2.0 -999.9 5.9 0.0 0.0 0.0 60.2 83.4 86.0 87.4 13.5 13.3 93.5 92.3 10.4 DCRS_-_São_Francisco_de_Paula/Cambará_do_Sul_(865_m) -999.9 -999.9 -999.9 -999.9 -999.9 12.4 12.1 0.0 Rio_Grande_do_Sul DCRS -999.9 0.0 0.0 860.81 860.81 860.77 1 0.04 860.81 860.81 860.81 861.35
-29.264900 -50.314899 DCRS-00084 2026-07-29_00:29 13.5 -999.9 -999.9 92.1 -999.9 -999.9 12.2 -999.9 -999.9 -999.9 -999.9 -999.9 2.5 -999.9 5.9 0.0 0.0 0.0 60.2 83.4 86.0 87.4 13.5 13.3 93.5 92.1 10.4 DCRS_-_São_Francisco_de_Paula/Cambará_do_Sul_(865_m) -999.9 -999.9 -999.9 -999.9 -999.9 12.4 12.1 0.0 Rio_Grande_do_Sul DCRS -999.9 0.0 0.0 860.81 860.81 860.77 1 0.03 860.81 860.81 860.81 861.35
-29.264900 -50.314899 DCRS-00084 2026-07-29_00:30 13.5 -999.9 -999.9 92.1 -999.9 -999.9 12.2 -999.9 -999.9 -999.9 -999.9 -999.9 -999.9 -999.9 5.8 0.0 0.0 0.0 60.2 83.4 86.0 87.4 13.5 13.3 93.5 92.1 10.4 DCRS_-_São_Francisco_de_Paula/Cambará_do_Sul_(865_m) -999.9 -999.9 -999.9 -999.9 -999.9 12.4 12.1 0.0 Rio_Grande_do_Sul DCRS -999.9 0.0 0.0 860.81 860.81 860.77 1 0.05 860.81 860.81 860.81 861.35
-29.264900 -50.314899 DCRS-00084 2026-07-29_00:31 13.5 -999.9 -999.9 91.7 -999.9 -999.9 12.2 -999.9 -999.9 -999.9 -999.9 -999.9 -999.9 -999.9 5.8 0.0 0.0 0.0 60.2 83.4 86.0 87.4 13.5 13.3 93.5 91.7 10.4 DCRS_-_São_Francisco_de_Paula/Cambará_do_Sul_(865_m) -999.9 -999.9 -999.9 -999.9 -999.9 12.4 12.1 0.0 Rio_Grande_do_Sul DCRS -999.9 0.0 0.0 860.81 860.81 860.77 1 0.05 860.81 860.81 860.81 861.35
-29.264900 -50.314899 DCRS-00084 2026-07-29_00:32 13.5 -999.9 -999.9 90.9 -999.9 -999.9 12.0 -999.9 -999.9 -999.9 -999.9 -999.9 -999.9 -999.9 5.8 0.0 0.0 0.0 60.2 83.4 86.0 87.4 13.5 13.3 93.5 90.9 10.4 DCRS_-_São_Francisco_de_Paula/Cambará_do_Sul_(865_m) -999.9 -999.9 -999.9 -999.9 -999.9 12.4 12.0 0.0 Rio_Grande_do_Sul DCRS -999.9 0.0 0.0 860.8 860.81 860.77 1 0.02 860.81 860.81 860.81 861.35
-29.264900 -50.314899 DCRS-00084 2026-07-29_00:33 13.6 -999.9 -999.9 91.0 -999.9 -999.9 12.1 -999.9 -999.9 -999.9 -999.9 -999.9 -999.9 -999.9 5.8 0.0 0.0 0.0 60.2 83.4 86.0 87.4 13.6 13.3 93.5 90.9 10.4 DCRS_-_São_Francisco_de_Paula/Cambará_do_Sul_(865_m) -999.9 -999.9 -999.9 -999.9 -999.9 12.4 12.0 0.0 Rio_Grande_do_Sul DCRS -999.9 0.0 0.0 860.81 860.81 860.77 1 0.02 860.81 860.81 860.81 861.35
-29.264900 -50.314899 DCRS-00084 2026-07-29_00:34 13.6 -999.9 -999.9 91.2 -999.9 -999.9 12.2 -999.9 -999.9 -999.9 -999.9 -999.9 -999.9 -999.9 5.8 0.0 0.0 0.0 60.2 83.4 86.0 87.4 13.6 13.3 93.5 90.9 10.4 DCRS_-_São_Francisco_de_Paula/Cambará_do_Sul_(865_m) -999.9 -999.9 -999.9 -999.9 -999.9 12.4 12.0 0.0 Rio_Grande_do_Sul DCRS -999.9 0.0 0.0 860.8 860.81 860.77 1 0.01 860.81 860.81 860.81 861.35
-29.264900 -50.314899 DCRS-00084 2026-07-29_00:35 13.6 -999.9 -999.9 91.5 -999.9 -999.9 12.2 -999.9 -999.9 -999.9 -999.9 -999.9 17.2 -999.9 33.0 0.0 0.0 0.0 60.2 83.4 86.0 87.4 13.6 13.3 93.5 90.9 33.0 DCRS_-_São_Francisco_de_Paula/Cambará_do_Sul_(865_m) -999.9 -999.9 -999.9 -999.9 -999.9 12.4 12.0 0.0 Rio_Grande_do_Sul DCRS -999.9 0.0 0.0 860.81 860.81 860.77 1 0.03 860.81 860.81 860.81 861.35
-29.264900 -50.314899 DCRS-00084 2026-07-29_00:36 13.6 -999.9 -999.9 92.0 -999.9 -999.9 12.3 -999.9 -999.9 -999.9 -999.9 -999.9 30.6 -999.9 33.0 0.0 0.0 0.0 60.2 83.4 86.0 87.4 13.6 13.3 93.5 90.9 33.0 DCRS_-_São_Francisco_de_Paula/Cambará_do_Sul_(865_m) -999.9 -999.9 -999.9 -999.9 -999.9 12.4 12.0 0.0 Rio_Grande_do_Sul DCRS -999.9 0.0 0.0 860.81 860.81 860.77 1 0.03 860.81 860.81 860.81 861.35
-29.264900 -50.314899 DCRS-00084 2026-07-29_00:37 13.5 -999.9 -999.9 92.5 -999.9 -999.9 12.3 -999.9 -999.9 -999.9 -999.9 -999.9 32.2 -999.9 33.0 0.0 0.0 0.0 60.2 83.4 86.0 87.4 13.6 13.3 93.5 90.9 33.0 DCRS_-_São_Francisco_de_Paula/Cambará_do_Sul_(865_m) -999.9 -999.9 -999.9 -999.9 -999.9 12.4 12.0 0.0 Rio_Grande_do_Sul DCRS -999.9 0.0 0.0 860.81 860.81 860.77 1 0.03 860.81 860.81 860.81 861.35
-29.264900 -50.314899 DCRS-00084 2026-07-29_00:38 13.7 -999.9 -999.9 92.5 -999.9 -999.9 12.5 -999.9 -999.9 -999.9 -999.9 -999.9 21.6 -999.9 33.0 0.0 0.0 0.0 60.2 83.4 86.0 87.4 13.7 13.3 93.5 90.9 33.0 DCRS_-_São_Francisco_de_Paula/Cambará_do_Sul_(865_m) -999.9 -999.9 -999.9 -999.9 -999.9 12.5 12.0 0.0 Rio_Grande_do_Sul DCRS -999.9 0.0 0.0 860.81 860.81 860.77 1 0.03 860.81 860.81 860.81 861.35
-29.264900 -50.314899 DCRS-00084 2026-07-29_00:39 13.8 -999.9 -999.9 91.8 -999.9 -999.9 12.5 -999.9 -999.9 -999.9 -999.9 -999.9 23.6 -999.9 33.0 0.0 0.0 0.0 60.2 83.4 86.0 87.4 13.8 13.3 93.5 90.9 33.0 DCRS_-_São_Francisco_de_Paula/Cambará_do_Sul_(865_m) -999.9 -999.9 -999.9 -999.9 -999.9 12.5 12.0 0.0 Rio_Grande_do_Sul DCRS -999.9 0.0 0.0 860.81 860.81 860.77 1 0.02 860.81 860.81 860.81 861.35
-29.264900 -50.314899 DCRS-00084 2026-07-29_00:40 13.8 -999.9 -999.9 91.0 -999.9 -999.9 12.3 -999.9 -999.9 -999.9 -999.9 -999.9 23.9 -999.9 37.2 0.0 0.0 0.0 60.2 83.4 86.0 87.4 13.8 13.3 93.5 90.9 37.2 DCRS_-_São_Francisco_de_Paula/Cambará_do_Sul_(865_m) -999.9 -999.9 -999.9 -999.9 -999.9 12.5 12.0 0.0 Rio_Grande_do_Sul DCRS -999.9 0.0 0.0 860.8 860.81 860.77 1 0.02 860.81 860.81 860.81 861.35
-29.264900 -50.314899 DCRS-00084 2026-07-29_00:41 14.1 -999.9 -999.9 88.1 -999.9 -999.9 12.1 -999.9 -999.9 -999.9 -999.9 -999.9 0.0 -999.9 37.2 0.0 0.0 0.0 60.2 83.4 86.0 87.4 14.1 13.3 93.5 88.1 37.2 DCRS_-_São_Francisco_de_Paula/Cambará_do_Sul_(865_m) -999.9 -999.9 -999.9 -999.9 -999.9 12.5 12.0 0.0 Rio_Grande_do_Sul DCRS -999.9 0.0 0.0 860.81 860.81 860.77 1 0.03 860.81 860.81 860.81 861.35
-29.264900 -50.314899 DCRS-00084 2026-07-29_00:42 14.3 -999.9 -999.9 87.7 -999.9 -999.9 12.3 -999.9 -999.9 -999.9 -999.9 -999.9 2.8 -999.9 37.2 0.0 0.0 0.0 60.2 83.4 86.0 87.4 14.3 13.3 93.5 87.7 37.2 DCRS_-_São_Francisco_de_Paula/Cambará_do_Sul_(865_m) -999.9 -999.9 -999.9 -999.9 -999.9 12.5 12.0 0.0 Rio_Grande_do_Sul DCRS -999.9 0.0 0.0 860.83 860.83 860.77 1 0.05 860.83 860.83 860.83 861.35
-29.264900 -50.314899 DCRS-00084 2026-07-29_00:43 14.3 -999.9 -999.9 87.0 -999.9 -999.9 12.1 -999.9 -999.9 -999.9 -999.9 -999.9 6.0 -999.9 37.2 0.0 0.0 0.0 60.2 83.4 86.0 87.4 14.3 13.3 93.5 87.0 37.2 DCRS_-_São_Francisco_de_Paula/Cambará_do_Sul_(865_m) -999.9 -999.9 -999.9 -999.9 -999.9 12.5 12.0 0.0 Rio_Grande_do_Sul DCRS -999.9 0.0 0.0 860.82 860.83 860.77 1 0.04 860.83 860.83 860.83 861.35
-29.264900 -50.314899 DCRS-00084 2026-07-29_00:44 14.4 -999.9 -999.9 85.6 -999.9 -999.9 12.0 -999.9 -999.9 -999.9 -999.9 -999.9 8.9 -999.9 37.2 0.0 0.0 0.0 60.2 83.4 86.0 87.4 14.4 13.3 93.5 85.6 37.2 DCRS_-_São_Francisco_de_Paula/Cambará_do_Sul_(865_m) -999.9 -999.9 -999.9 -999.9 -999.9 12.5 12.0 0.0 Rio_Grande_do_Sul DCRS -999.9 0.0 0.0 860.82 860.83 860.77 1 0.03 860.83 860.83 860.83 861.35
-29.264900 -50.314899 DCRS-00084 2026-07-29_00:45 14.4 -999.9 -999.9 86.3 -999.9 -999.9 12.1 -999.9 -999.9 -999.9 -999.9 -999.9 6.0 -999.9 26.0 0.0 0.0 0.0 60.2 83.4 86.0 87.4 14.4 13.3 93.5 85.6 37.2 DCRS_-_São_Francisco_de_Paula/Cambará_do_Sul_(865_m) -999.9 -999.9 -999.9 -999.9 -999.9 12.5 12.0 0.0 Rio_Grande_do_Sul DCRS -999.9 0.0 0.0 860.83 860.83 860.77 1 0.04 860.83 860.83 860.83 861.35
-29.264900 -50.314899 DCRS-00084 2026-07-29_00:46 14.4 -999.9 -999.9 86.7 -999.9 -999.9 12.2 -999.9 -999.9 -999.9 -999.9 -999.9 0.0 -999.9 26.0 0.0 0.0 0.0 60.2 83.4 86.0 87.4 14.4 13.3 93.5 85.6 37.2 DCRS_-_São_Francisco_de_Paula/Cambará_do_Sul_(865_m) -999.9 -999.9 -999.9 -999.9 -999.9 12.5 12.0 0.0 Rio_Grande_do_Sul DCRS -999.9 0.0 0.0 860.81 860.83 860.77 1 0.02 860.83 860.83 860.83 861.35
-29.264900 -50.314899 DCRS-00084 2026-07-29_00:47 14.4 -999.9 -999.9 86.7 -999.9 -999.9 12.2 -999.9 -999.9 -999.9 -999.9 -999.9 0.0 -999.9 26.0 0.0 0.0 0.0 60.2 83.4 86.0 87.4 14.4 13.3 93.5 85.6 37.2 DCRS_-_São_Francisco_de_Paula/Cambará_do_Sul_(865_m) -999.9 -999.9 -999.9 -999.9 -999.9 12.5 12.0 0.0 Rio_Grande_do_Sul DCRS -999.9 0.0 0.0 860.8 860.83 860.77 1 0.01 860.83 860.83 860.83 861.35
-29.264900 -50.314899 DCRS-00084 2026-07-29_00:48 14.4 -999.9 -999.9 85.7 -999.9 -999.9 12.0 -999.9 -999.9 -999.9 -999.9 -999.9 0.0 -999.9 26.0 0.0 0.0 0.0 60.2 83.4 86.0 87.4 14.4 13.3 93.5 85.6 37.2 DCRS_-_São_Francisco_de_Paula/Cambará_do_Sul_(865_m) -999.9 -999.9 -999.9 -999.9 -999.9 12.5 12.0 0.0 Rio_Grande_do_Sul DCRS -999.9 0.0 0.0 860.8 860.83 860.77 1 0.01 860.83 860.83 860.83 861.35
-29.264900 -50.314899 DCRS-00084 2026-07-29_00:49 14.5 -999.9 -999.9 85.2 -999.9 -999.9 12.0 -999.9 -999.9 -999.9 -999.9 -999.9 9.8 -999.9 26.0 0.0 0.2 0.0 60.2 83.4 86.0 87.4 14.5 13.3 93.5 85.2 37.2 DCRS_-_São_Francisco_de_Paula/Cambará_do_Sul_(865_m) -999.9 -999.9 -999.9 -999.9 -999.9 12.5 12.0 0.0 Rio_Grande_do_Sul DCRS -999.9 0.2 0.0 860.79 860.83 860.77 1 -0.01 860.83 860.83 860.83 861.35
-29.264900 -50.314899 DCRS-00084 2026-07-29_00:50 14.5 -999.9 -999.9 85.3 -999.9 -999.9 12.0 -999.9 -999.9 -999.9 -999.9 -999.9 0.0 -999.9 16.2 0.0 0.2 0.0 60.2 83.4 86.0 87.4 14.5 13.3 93.5 85.2 37.2 DCRS_-_São_Francisco_de_Paula/Cambará_do_Sul_(865_m) -999.9 -999.9 -999.9 -999.9 -999.9 12.5 12.0 0.0 Rio_Grande_do_Sul DCRS -999.9 0.0 0.0 860.78 860.83 860.77 1 -0.01 860.83 860.83 860.83 861.35
-29.264900 -50.314899 DCRS-00084 2026-07-29_00:51 14.5 -999.9 -999.9 86.1 -999.9 -999.9 12.2 -999.9 -999.9 -999.9 -999.9 -999.9 6.9 -999.9 16.2 0.0 0.2 0.0 60.2 83.4 86.0 87.4 14.5 13.3 93.5 85.2 37.2 DCRS_-_São_Francisco_de_Paula/Cambará_do_Sul_(865_m) -999.9 -999.9 -999.9 -999.9 -999.9 12.5 12.0 0.0 Rio_Grande_do_Sul DCRS -999.9 0.0 0.0 860.8 860.83 860.77 1 0.01 860.83 860.83 860.83 861.35
-29.264900 -50.314899 DCRS-00084 2026-07-29_00:52 14.4 -999.9 -999.9 86.3 -999.9 -999.9 12.1 -999.9 -999.9 -999.9 -999.9 -999.9 14.0 -999.9 16.2 0.0 0.2 0.2 60.4 83.6 86.2 87.6 14.5 13.3 93.5 85.2 37.2 DCRS_-_São_Francisco_de_Paula/Cambará_do_Sul_(865_m) -999.9 -999.9 -999.9 -999.9 -999.9 12.5 12.0 0.0 Rio_Grande_do_Sul DCRS -999.9 0.0 0.2 860.81 860.83 860.77 1 0.02 860.83 860.83 860.83 861.35
-29.264900 -50.314899 DCRS-00084 2026-07-29_00:53 14.4 -999.9 -999.9 87.1 -999.9 -999.9 12.3 -999.9 -999.9 -999.9 -999.9 -999.9 13.9 -999.9 16.2 0.0 0.2 0.2 60.4 83.6 86.2 87.6 14.5 13.3 93.5 85.2 37.2 DCRS_-_São_Francisco_de_Paula/Cambará_do_Sul_(865_m) -999.9 -999.9 -999.9 -999.9 -999.9 12.5 12.0 0.0 Rio_Grande_do_Sul DCRS -999.9 0.0 0.2 860.81 860.83 860.77 1 0.02 860.83 860.83 860.83 861.35
-29.264900 -50.314899 DCRS-00084 2026-07-29_00:54 14.3 -999.9 -999.9 87.3 -999.9 -999.9 12.2 -999.9 -999.9 -999.9 -999.9 -999.9 6.5 -999.9 16.2 0.0 0.2 0.2 60.4 83.6 86.2 87.6 14.5 13.3 93.5 85.2 37.2 DCRS_-_São_Francisco_de_Paula/Cambará_do_Sul_(865_m) -999.9 -999.9 -999.9 -999.9 -999.9 12.5 12.0 0.0 Rio_Grande_do_Sul DCRS -999.9 0.0 0.2 860.81 860.83 860.77 1 0.02 860.83 860.83 860.83 861.35
-29.264900 -50.314899 DCRS-00084 2026-07-29_00:55 14.3 -999.9 -999.9 87.0 -999.9 -999.9 12.1 -999.9 -999.9 -999.9 -999.9 -999.9 2.9 -999.9 15.2 0.0 0.2 0.2 60.4 83.6 86.2 87.6 14.5 13.3 93.5 85.2 37.2 DCRS_-_São_Francisco_de_Paula/Cambará_do_Sul_(865_m) -999.9 -999.9 -999.9 -999.9 -999.9 12.5 12.0 0.0 Rio_Grande_do_Sul DCRS -999.9 0.0 0.2 860.81 860.83 860.77 1 0.01 860.83 860.83 860.83 861.35
-29.264900 -50.314899 DCRS-00084 2026-07-29_00:56 14.3 -999.9 -999.9 86.8 -999.9 -999.9 12.1 -999.9 -999.9 -999.9 -999.9 -999.9 0.0 -999.9 15.2 0.0 0.2 0.2 60.4 83.6 86.2 87.6 14.5 13.3 93.5 85.2 37.2 DCRS_-_São_Francisco_de_Paula/Cambará_do_Sul_(865_m) -999.9 -999.9 -999.9 -999.9 -999.9 12.5 12.0 0.0 Rio_Grande_do_Sul DCRS -999.9 0.0 0.2 860.8 860.83 860.77 1 0.0 860.83 860.83 860.83 861.35
-29.264900 -50.314899 DCRS-00084 2026-07-29_00:57 14.3 -999.9 -999.9 86.3 -999.9 -999.9 12.0 -999.9 -999.9 -999.9 -999.9 -999.9 0.0 -999.9 15.2 0.0 0.2 0.2 60.4 83.6 86.2 87.6 14.5 13.3 93.5 85.2 37.2 DCRS_-_São_Francisco_de_Paula/Cambará_do_Sul_(865_m) -999.9 -999.9 -999.9 -999.9 -999.9 12.5 12.0 0.0 Rio_Grande_do_Sul DCRS -999.9 0.0 0.2 860.8 860.83 860.77 1 0.01 860.83 860.83 860.83 861.35
-29.264900 -50.314899 DCRS-00084 2026-07-29_00:58 14.3 -999.9 -999.9 86.2 -999.9 -999.9 12.0 -999.9 -999.9 -999.9 -999.9 -999.9 7.1 -999.9 15.2 0.0 0.2 0.2 60.4 83.6 86.2 87.6 14.5 13.3 93.5 85.2 37.2 DCRS_-_São_Francisco_de_Paula/Cambará_do_Sul_(865_m) -999.9 -999.9 -999.9 -999.9 -999.9 12.5 12.0 0.0 Rio_Grande_do_Sul DCRS -999.9 0.0 0.2 860.81 860.83 860.77 1 0.02 860.83 860.83 860.83 861.35
-29.264900 -50.314899 DCRS-00084 2026-07-29_00:59 14.3 -999.9 -999.9 86.9 -999.9 -999.9 12.1 -999.9 -999.9 -999.9 -999.9 -999.9 0.0 -999.9 15.2 0.0 0.2 0.2 60.4 83.6 86.2 87.6 14.5 13.3 93.5 85.2 37.2 DCRS_-_São_Francisco_de_Paula/Cambará_do_Sul_(865_m) -999.9 -999.9 -999.9 -999.9 -999.9 12.5 12.0 0.0 Rio_Grande_do_Sul DCRS -999.9 0.0 0.2 860.79 860.83 860.77 1 0.0 860.83 860.83 860.83 861.35
-29.264900 -50.314899 DCRS-00084 2026-07-29_01:00 14.2 -999.9 -999.9 87.3 -999.9 -999.9 12.1 -999.9 -999.9 -999.9 -999.9 -999.9 0.0 -999.9 10.5 0.0 0.2 0.2 60.4 83.6 86.2 87.6 14.5 13.3 93.5 85.2 37.2 DCRS_-_São_Francisco_de_Paula/Cambará_do_Sul_(865_m) -999.9 -999.9 -999.9 -999.9 -999.9 12.5 12.0 0.0 Rio_Grande_do_Sul DCRS -999.9 0.0 0.2 860.8 860.83 860.77 1 0.02 860.83 860.83 860.83 861.35
-29.264900 -50.314899 DCRS-00084 2026-07-29_01:01 14.2 -999.9 -999.9 86.9 -999.9 -999.9 12.0 -999.9 -999.9 -999.9 -999.9 -999.9 0.0 -999.9 10.5 0.0 0.2 0.2 60.4 83.6 86.2 87.6 14.5 13.3 93.5 85.2 37.2 DCRS_-_São_Francisco_de_Paula/Cambará_do_Sul_(865_m) -999.9 -999.9 -999.9 -999.9 -999.9 12.5 12.0 0.0 Rio_Grande_do_Sul DCRS -999.9 0.0 0.2 860.82 860.83 860.77 1 0.04 860.83 860.83 860.83 861.35
-29.264900 -50.314899 DCRS-00084 2026-07-29_01:02 14.2 -999.9 -999.9 87.4 -999.9 -999.9 12.1 -999.9 -999.9 -999.9 -999.9 -999.9 0.0 -999.9 10.5 0.0 0.2 0.2 60.4 83.6 86.2 87.6 14.5 13.3 93.5 85.2 37.2 DCRS_-_São_Francisco_de_Paula/Cambará_do_Sul_(865_m) -999.9 -999.9 -999.9 -999.9 -999.9 12.5 12.0 0.0 Rio_Grande_do_Sul DCRS -999.9 0.0 0.2 860.81 860.83 860.77 0 0.01 860.83 860.83 860.83 861.35
-29.264900 -50.314899 DCRS-00084 2026-07-29_01:03 14.2 -999.9 -999.9 87.9 -999.9 -999.9 12.2 -999.9 -999.9 -999.9 -999.9 -999.9 -999.9 -999.9 10.5 0.0 0.2 0.2 60.4 83.6 86.2 87.6 14.5 13.3 93.5 85.2 37.2 DCRS_-_São_Francisco_de_Paula/Cambará_do_Sul_(865_m) -999.9 -999.9 -999.9 -999.9 -999.9 12.5 12.0 0.0 Rio_Grande_do_Sul DCRS -999.9 0.0 0.2 860.81 860.83 860.77 0 0.01 860.83 860.83 860.83 861.35
-29.264900 -50.314899 DCRS-00084 2026-07-29_01:04 14.1 -999.9 -999.9 89.1 -999.9 -999.9 12.3 -999.9 -999.9 -999.9 -999.9 -999.9 -999.9 -999.9 10.5 0.0 0.2 0.2 60.4 83.6 86.2 87.6 14.5 13.3 93.5 85.2 37.2 DCRS_-_São_Francisco_de_Paula/Cambará_do_Sul_(865_m) -999.9 -999.9 -999.9 -999.9 -999.9 12.5 12.0 0.0 Rio_Grande_do_Sul DCRS -999.9 0.0 0.2 860.8 860.83 860.77 0 0.0 860.83 860.83 860.83 861.35
-29.264900 -50.314899 DCRS-00084 2026-07-29_01:05 14.1 -999.9 -999.9 88.7 -999.9 -999.9 12.2 -999.9 -999.9 -999.9 -999.9 -999.9 14.1 -999.9 26.0 0.0 0.2 0.2 60.4 83.6 86.2 87.6 14.5 13.3 93.5 85.2 37.2 DCRS_-_São_Francisco_de_Paula/Cambará_do_Sul_(865_m) -999.9 -999.9 -999.9 -999.9 -999.9 12.5 12.0 0.0 Rio_Grande_do_Sul DCRS -999.9 0.0 0.2 860.8 860.83 860.77 0 0.0 860.83 860.83 860.83 861.35
-29.264900 -50.314899 DCRS-00084 2026-07-29_01:06 14.0 -999.9 -999.9 88.8 -999.9 -999.9 12.2 -999.9 -999.9 -999.9 -999.9 -999.9 19.5 -999.9 26.0 0.0 1.0 0.2 60.4 83.6 86.2 87.6 14.5 13.3 93.5 85.2 37.2 DCRS_-_São_Francisco_de_Paula/Cambará_do_Sul_(865_m) -999.9 -999.9 -999.9 -999.9 -999.9 12.5 12.0 0.0 Rio_Grande_do_Sul DCRS -999.9 0.4 0.2 860.81 860.83 860.77 0 0.01 860.83 860.83 860.83 861.35
-29.264900 -50.314899 DCRS-00084 2026-07-29_01:07 14.0 -999.9 -999.9 88.9 -999.9 -999.9 12.2 -999.9 -999.9 -999.9 -999.9 -999.9 11.1 -999.9 26.0 0.0 1.0 0.2 60.4 83.6 86.2 87.6 14.5 13.3 93.5 85.2 37.2 DCRS_-_São_Francisco_de_Paula/Cambará_do_Sul_(865_m) -999.9 -999.9 -999.9 -999.9 -999.9 12.5 12.0 0.0 Rio_Grande_do_Sul DCRS -999.9 0.0 0.2 860.8 860.83 860.77 0 0.01 860.83 860.83 860.83 861.35
-29.264900 -50.314899 DCRS-00084 2026-07-29_01:08 14.0 -999.9 -999.9 89.6 -999.9 -999.9 12.3 -999.9 -999.9 -999.9 -999.9 -999.9 6.7 -999.9 26.0 0.0 1.0 0.6 60.8 84.0 86.6 88.0 14.5 13.3 93.5 85.2 37.2 DCRS_-_São_Francisco_de_Paula/Cambará_do_Sul_(865_m) -999.9 -999.9 -999.9 -999.9 -999.9 12.5 12.0 0.0 Rio_Grande_do_Sul DCRS -999.9 0.0 0.6 860.82 860.83 860.77 0 0.02 860.83 860.83 860.83 861.35
-29.264900 -50.314899 DCRS-00084 2026-07-29_01:09 13.9 -999.9 -999.9 89.6 -999.9 -999.9 12.2 -999.9 -999.9 -999.9 -999.9 -999.9 14.1 -999.9 26.0 0.0 1.0 0.6 60.8 84.0 86.6 88.0 14.5 13.3 93.5 85.2 37.2 DCRS_-_São_Francisco_de_Paula/Cambará_do_Sul_(865_m) -999.9 -999.9 -999.9 -999.9 -999.9 12.5 12.0 0.0 Rio_Grande_do_Sul DCRS -999.9 0.0 0.6 860.8 860.83 860.77 0 0.01 860.83 860.83 860.83 861.35
-29.264900 -50.314899 DCRS-00084 2026-07-29_01:10 13.9 -999.9 -999.9 89.7 -999.9 -999.9 12.2 -999.9 -999.9 -999.9 -999.9 -999.9 11.9 -999.9 22.3 0.0 1.0 0.6 60.8 84.0 86.6 88.0 14.5 13.3 93.5 85.2 37.2 DCRS_-_São_Francisco_de_Paula/Cambará_do_Sul_(865_m) -999.9 -999.9 -999.9 -999.9 -999.9 12.5 12.0 0.0 Rio_Grande_do_Sul DCRS -999.9 0.0 0.6 860.82 860.83 860.77 0 0.02 860.83 860.83 860.83 861.35
-29.264900 -50.314899 DCRS-00084 2026-07-29_01:11 13.9 -999.9 -999.9 89.4 -999.9 -999.9 12.2 -999.9 -999.9 -999.9 -999.9 -999.9 7.9 -999.9 22.3 0.0 1.0 0.6 60.8 84.0 86.6 88.0 14.5 13.3 93.5 85.2 37.2 DCRS_-_São_Francisco_de_Paula/Cambará_do_Sul_(865_m) -999.9 -999.9 -999.9 -999.9 -999.9 12.5 12.0 0.0 Rio_Grande_do_Sul DCRS -999.9 0.0 0.6 860.84 860.84 860.77 0 0.04 860.84 860.84 860.84 861.35
-29.264900 -50.314899 DCRS-00084 2026-07-29_01:12 13.9 -999.9 -999.9 89.3 -999.9 -999.9 12.2 -999.9 -999.9 -999.9 -999.9 -999.9 4.4 -999.9 22.3 0.0 1.0 0.8 61.0 84.2 86.8 88.2 14.5 13.3 93.5 85.2 37.2 DCRS_-_São_Francisco_de_Paula/Cambará_do_Sul_(865_m) -999.9 -999.9 -999.9 -999.9 -999.9 12.5 12.0 0.0 Rio_Grande_do_Sul DCRS -999.9 0.0 0.8 860.83 860.84 860.77 0 0.03 860.84 860.84 860.84 861.35
-29.264900 -50.314899 DCRS-00084 2026-07-29_01:13 13.8 -999.9 -999.9 89.8 -999.9 -999.9 12.1 -999.9 -999.9 -999.9 -999.9 -999.9 10.6 -999.9 22.3 0.0 1.0 0.8 61.0 84.2 86.8 88.2 14.5 13.3 93.5 85.2 37.2 DCRS_-_São_Francisco_de_Paula/Cambará_do_Sul_(865_m) -999.9 -999.9 -999.9 -999.9 -999.9 12.5 12.0 0.0 Rio_Grande_do_Sul DCRS -999.9 0.0 0.8 860.81 860.84 860.77 0 0.01 860.84 860.84 860.84 861.35
-29.264900 -50.314899 DCRS-00084 2026-07-29_01:14 13.8 -999.9 -999.9 90.0 -999.9 -999.9 12.2 -999.9 -999.9 -999.9 -999.9 -999.9 0.0 -999.9 22.3 0.0 1.0 0.8 61.0 84.2 86.8 88.2 14.5 13.3 93.5 85.2 37.2 DCRS_-_São_Francisco_de_Paula/Cambará_do_Sul_(865_m) -999.9 -999.9 -999.9 -999.9 -999.9 12.5 12.0 0.0 Rio_Grande_do_Sul DCRS -999.9 0.0 0.8 860.84 860.84 860.77 0 0.04 860.84 860.84 860.84 861.35
-29.264900 -50.314899 DCRS-00084 2026-07-29_01:15 13.8 -999.9 -999.9 90.5 -999.9 -999.9 12.3 -999.9 -999.9 -999.9 -999.9 -999.9 3.7 -999.9 17.1 0.0 1.0 0.8 61.0 84.2 86.8 88.2 14.5 13.3 93.5 85.2 37.2 DCRS_-_São_Francisco_de_Paula/Cambará_do_Sul_(865_m) -999.9 -999.9 -999.9 -999.9 -999.9 12.5 12.0 0.0 Rio_Grande_do_Sul DCRS -999.9 0.0 0.8 860.83 860.84 860.77 0 0.03 860.84 860.84 860.84 861.35
-29.264900 -50.314899 DCRS-00084 2026-07-29_01:16 13.7 -999.9 -999.9 90.9 -999.9 -999.9 12.2 -999.9 -999.9 -999.9 -999.9 -999.9 8.5 -999.9 17.1 0.0 1.0 1.0 61.2 84.4 87.0 88.4 14.5 13.3 93.5 85.2 37.2 DCRS_-_São_Francisco_de_Paula/Cambará_do_Sul_(865_m) -999.9 -999.9 -999.9 -999.9 -999.9 12.5 12.0 0.0 Rio_Grande_do_Sul DCRS -999.9 0.0 1.0 860.84 860.84 860.77 1 0.04 860.84 860.84 860.84 861.35
-29.264900 -50.314899 DCRS-00084 2026-07-29_01:17 13.7 -999.9 -999.9 91.1 -999.9 -999.9 12.3 -999.9 -999.9 -999.9 -999.9 -999.9 12.3 -999.9 17.1 0.0 1.0 1.0 61.2 84.4 87.0 88.4 14.5 13.3 93.5 85.2 37.2 DCRS_-_São_Francisco_de_Paula/Cambará_do_Sul_(865_m) -999.9 -999.9 -999.9 -999.9 -999.9 12.5 12.0 0.0 Rio_Grande_do_Sul DCRS -999.9 0.0 1.0 860.83 860.84 860.77 1 0.02 860.84 860.84 860.84 861.35
-29.264900 -50.314899 DCRS-00084 2026-07-29_01:18 13.6 -999.9 -999.9 91.4 -999.9 -999.9 12.2 -999.9 -999.9 -999.9 -999.9 -999.9 -999.9 -999.9 17.1 0.0 2.2 1.0 61.2 84.4 87.0 88.4 14.5 13.3 93.5 85.2 37.2 DCRS_-_São_Francisco_de_Paula/Cambará_do_Sul_(865_m) -999.9 -999.9 -999.9 -999.9 -999.9 12.5 12.0 0.0 Rio_Grande_do_Sul DCRS -999.9 0.8 1.0 860.83 860.84 860.77 1 0.03 860.84 860.84 860.84 861.35
-29.264900 -50.314899 DCRS-00084 2026-07-29_01:19 13.5 -999.9 -999.9 91.7 -999.9 -999.9 12.2 -999.9 -999.9 -999.9 -999.9 -999.9 -999.9 -999.9 17.1 0.0 2.2 1.0 61.2 84.4 87.0 88.4 14.5 13.3 93.5 85.2 37.2 DCRS_-_São_Francisco_de_Paula/Cambará_do_Sul_(865_m) -999.9 -999.9 -999.9 -999.9 -999.9 12.5 12.0 0.0 Rio_Grande_do_Sul DCRS -999.9 0.0 1.0 860.84 860.84 860.77 1 0.03 860.84 860.84 860.84 861.35
-29.264900 -50.314899 DCRS-00084 2026-07-29_01:20 13.5 -999.9 -999.9 91.9 -999.9 -999.9 12.2 -999.9 -999.9 -999.9 -999.9 -999.9 5.8 -999.9 24.7 0.0 2.2 2.0 62.2 85.4 88.0 89.4 14.5 13.3 93.5 85.2 37.2 DCRS_-_São_Francisco_de_Paula/Cambará_do_Sul_(865_m) -999.9 -999.9 -999.9 -999.9 -999.9 12.5 12.0 0.0 Rio_Grande_do_Sul DCRS -999.9 0.0 2.0 860.84 860.84 860.77 1 0.03 860.84 860.84 860.84 861.35
-29.264900 -50.314899 DCRS-00084 2026-07-29_01:21 13.4 -999.9 -999.9 92.2 -999.9 -999.9 12.1 -999.9 -999.9 -999.9 -999.9 -999.9 10.0 -999.9 24.7 0.0 2.2 2.0 62.2 85.4 88.0 89.4 14.5 13.3 93.5 85.2 37.2 DCRS_-_São_Francisco_de_Paula/Cambará_do_Sul_(865_m) -999.9 -999.9 -999.9 -999.9 -999.9 12.5 12.0 0.0 Rio_Grande_do_Sul DCRS -999.9 0.0 2.0 860.82 860.84 860.77 1 0.01 860.84 860.84 860.84 861.35
-29.264900 -50.314899 DCRS-00084 2026-07-29_01:22 13.5 -999.9 -999.9 92.5 -999.9 -999.9 12.3 -999.9 -999.9 -999.9 -999.9 -999.9 8.2 -999.9 24.7 0.0 2.2 2.0 62.2 85.4 88.0 89.4 14.5 13.3 93.5 85.2 37.2 DCRS_-_São_Francisco_de_Paula/Cambará_do_Sul_(865_m) -999.9 -999.9 -999.9 -999.9 -999.9 12.5 12.0 0.0 Rio_Grande_do_Sul DCRS -999.9 0.0 2.0 860.84 860.84 860.77 1 0.05 860.84 860.84 860.84 861.35
-29.264900 -50.314899 DCRS-00084 2026-07-29_01:23 13.4 -999.9 -999.9 92.6 -999.9 -999.9 12.2 -999.9 -999.9 -999.9 -999.9 -999.9 14.7 -999.9 24.7 0.0 2.2 2.0 62.2 85.4 88.0 89.4 14.5 13.3 93.5 85.2 37.2 DCRS_-_São_Francisco_de_Paula/Cambará_do_Sul_(865_m) -999.9 -999.9 -999.9 -999.9 -999.9 12.5 12.0 0.0 Rio_Grande_do_Sul DCRS -999.9 0.0 2.0 860.82 860.84 860.77 1 0.02 860.84 860.84 860.84 861.35
-29.264900 -50.314899 DCRS-00084 2026-07-29_01:24 13.4 -999.9 -999.9 92.8 -999.9 -999.9 12.2 -999.9 -999.9 -999.9 -999.9 -999.9 14.4 -999.9 24.7 0.0 2.2 2.0 62.2 85.4 88.0 89.4 14.5 13.3 93.5 85.2 37.2 DCRS_-_São_Francisco_de_Paula/Cambará_do_Sul_(865_m) -999.9 -999.9 -999.9 -999.9 -999.9 12.5 12.0 0.0 Rio_Grande_do_Sul DCRS -999.9 0.0 2.0 860.84 860.84 860.77 1 0.04 860.84 860.84 860.84 861.35
-29.264900 -50.314899 DCRS-00084 2026-07-29_01:25 13.3 -999.9 -999.9 93.1 -999.9 -999.9 12.2 -999.9 -999.9 -999.9 -999.9 -999.9 16.9 -999.9 20.1 0.0 2.2 2.0 62.2 85.4 88.0 89.4 14.5 13.3 93.5 85.2 37.2 DCRS_-_São_Francisco_de_Paula/Cambará_do_Sul_(865_m) -999.9 -999.9 -999.9 -999.9 -999.9 12.5 12.0 0.0 Rio_Grande_do_Sul DCRS -999.9 0.0 2.0 860.83 860.84 860.77 1 0.02 860.84 860.84 860.84 861.35
-29.264900 -50.314899 DCRS-00084 2026-07-29_01:26 13.3 -999.9 -999.9 93.4 -999.9 -999.9 12.2 -999.9 -999.9 -999.9 -999.9 -999.9 18.3 -999.9 20.1 0.0 2.2 2.0 62.2 85.4 88.0 89.4 14.5 13.3 93.5 85.2 37.2 DCRS_-_São_Francisco_de_Paula/Cambará_do_Sul_(865_m) -999.9 -999.9 -999.9 -999.9 -999.9 12.5 12.0 0.0 Rio_Grande_do_Sul DCRS -999.9 0.0 2.0 860.8 860.84 860.77 1 0.01 860.84 860.84 860.84 861.35
-29.264900 -50.314899 DCRS-00084 2026-07-29_01:27 13.3 -999.9 -999.9 93.6 -999.9 -999.9 12.3 -999.9 -999.9 -999.9 -999.9 -999.9 15.2 -999.9 20.1 0.0 2.2 2.0 62.2 85.4 88.0 89.4 14.5 13.3 93.6 85.2 37.2 DCRS_-_São_Francisco_de_Paula/Cambará_do_Sul_(865_m) -999.9 -999.9 -999.9 -999.9 -999.9 12.5 12.0 0.0 Rio_Grande_do_Sul DCRS -999.9 0.0 2.0 860.81 860.84 860.77 1 0.0 860.84 860.84 860.84 861.35
-29.264900 -50.314899 DCRS-00084 2026-07-29_01:28 13.3 -999.9 -999.9 93.8 -999.9 -999.9 12.3 -999.9 -999.9 -999.9 -999.9 -999.9 12.3 -999.9 20.1 0.0 2.2 2.0 62.2 85.4 88.0 89.4 14.5 13.3 93.8 85.2 37.2 DCRS_-_São_Francisco_de_Paula/Cambará_do_Sul_(865_m) -999.9 -999.9 -999.9 -999.9 -999.9 12.5 12.0 0.0 Rio_Grande_do_Sul DCRS -999.9 0.0 2.0 860.81 860.84 860.77 1 0.0 860.84 860.84 860.84 861.35
-29.264900 -50.314899 DCRS-00084 2026-07-29_01:29 13.2 -999.9 -999.9 94.0 -999.9 -999.9 12.2 -999.9 -999.9 -999.9 -999.9 -999.9 18.0 -999.9 20.1 0.0 2.4 2.0 62.2 85.4 88.0 89.4 14.5 13.2 94.0 85.2 37.2 DCRS_-_São_Francisco_de_Paula/Cambará_do_Sul_(865_m) -999.9 -999.9 -999.9 -999.9 -999.9 12.5 12.0 0.0 Rio_Grande_do_Sul DCRS -999.9 0.2 2.0 860.84 860.84 860.77 1 0.03 860.84 860.84 860.84 861.35
-29.264900 -50.314899 DCRS-00084 2026-07-29_01:30 13.2 -999.9 -999.9 94.1 -999.9 -999.9 12.3 -999.9 -999.9 -999.9 -999.9 -999.9 10.1 -999.9 24.2 0.0 2.4 2.0 62.2 85.4 88.0 89.4 14.5 13.2 94.1 85.2 37.2 DCRS_-_São_Francisco_de_Paula/Cambará_do_Sul_(865_m) -999.9 -999.9 -999.9 -999.9 -999.9 12.5 12.0 0.0 Rio_Grande_do_Sul DCRS -999.9 0.0 2.0 860.82 860.84 860.77 1 0.01 860.84 860.84 860.84 861.35
-29.264900 -50.314899 DCRS-00084 2026-07-29_01:31 13.2 -999.9 -999.9 94.1 -999.9 -999.9 12.3 -999.9 -999.9 -999.9 -999.9 -999.9 10.9 -999.9 24.2 0.0 2.4 2.0 62.2 85.4 88.0 89.4 14.5 13.2 94.1 85.2 37.2 DCRS_-_São_Francisco_de_Paula/Cambará_do_Sul_(865_m) -999.9 -999.9 -999.9 -999.9 -999.9 12.5 12.0 0.0 Rio_Grande_do_Sul DCRS -999.9 0.0 2.0 860.85 860.85 860.77 1 0.05 860.85 860.85 860.85 861.35
-29.264900 -50.314899 DCRS-00084 2026-07-29_01:32 13.2 -999.9 -999.9 94.2 -999.9 -999.9 12.3 -999.9 -999.9 -999.9 -999.9 -999.9 8.6 -999.9 24.2 0.0 2.4 2.2 62.4 85.6 88.2 89.6 14.5 13.2 94.2 85.2 37.2 DCRS_-_São_Francisco_de_Paula/Cambará_do_Sul_(865_m) -999.9 -999.9 -999.9 -999.9 -999.9 12.5 12.0 0.0 Rio_Grande_do_Sul DCRS -999.9 0.0 2.2 860.85 860.85 860.77 1 0.05 860.85 860.85 860.85 861.35
-29.264900 -50.314899 DCRS-00084 2026-07-29_01:33 13.3 -999.9 -999.9 94.3 -999.9 -999.9 12.4 -999.9 -999.9 -999.9 -999.9 -999.9 15.6 -999.9 24.2 0.0 2.4 2.2 62.4 85.6 88.2 89.6 14.5 13.2 94.3 85.2 37.2 DCRS_-_São_Francisco_de_Paula/Cambará_do_Sul_(865_m) -999.9 -999.9 -999.9 -999.9 -999.9 12.5 12.0 0.0 Rio_Grande_do_Sul DCRS -999.9 0.0 2.2 860.85 860.85 860.77 1 0.04 860.85 860.85 860.85 861.35
-29.264900 -50.314899 DCRS-00084 2026-07-29_01:34 13.2 -999.9 -999.9 94.2 -999.9 -999.9 12.3 -999.9 -999.9 -999.9 -999.9 -999.9 23.1 -999.9 24.2 0.0 2.4 2.2 62.4 85.6 88.2 89.6 14.5 13.2 94.3 85.2 37.2 DCRS_-_São_Francisco_de_Paula/Cambará_do_Sul_(865_m) -999.9 -999.9 -999.9 -999.9 -999.9 12.5 12.0 0.0 Rio_Grande_do_Sul DCRS -999.9 0.0 2.2 860.77 860.85 860.77 1 -0.03 860.85 860.85 860.85 861.35
-29.264900 -50.314899 DCRS-00084 2026-07-29_01:35 13.2 -999.9 -999.9 94.4 -999.9 -999.9 12.3 -999.9 -999.9 -999.9 -999.9 -999.9 14.3 -999.9 26.6 0.0 2.4 2.2 62.4 85.6 88.2 89.6 14.5 13.2 94.4 85.2 37.2 DCRS_-_São_Francisco_de_Paula/Cambará_do_Sul_(865_m) -999.9 -999.9 -999.9 -999.9 -999.9 12.5 12.0 0.0 Rio_Grande_do_Sul DCRS -999.9 0.0 2.2 860.8 860.85 860.77 1 -0.01 860.85 860.85 860.85 861.35
-29.264900 -50.314899 DCRS-00084 2026-07-29_01:36 13.1 -999.9 -999.9 94.4 -999.9 -999.9 12.2 -999.9 -999.9 -999.9 -999.9 -999.9 21.3 -999.9 26.6 0.0 2.4 2.2 62.4 85.6 88.2 89.6 14.5 13.1 94.4 85.2 37.2 DCRS_-_São_Francisco_de_Paula/Cambará_do_Sul_(865_m) -999.9 -999.9 -999.9 -999.9 -999.9 12.5 12.0 0.0 Rio_Grande_do_Sul DCRS -999.9 0.0 2.2 860.82 860.85 860.77 1 0.01 860.85 860.85 860.85 861.35
-29.264900 -50.314899 DCRS-00084 2026-07-29_01:37 13.1 -999.9 -999.9 94.6 -999.9 -999.9 12.2 -999.9 -999.9 -999.9 -999.9 -999.9 8.2 -999.9 26.6 0.0 2.4 2.2 62.4 85.6 88.2 89.6 14.5 13.1 94.6 85.2 37.2 DCRS_-_São_Francisco_de_Paula/Cambará_do_Sul_(865_m) -999.9 -999.9 -999.9 -999.9 -999.9 12.5 12.0 0.0 Rio_Grande_do_Sul DCRS -999.9 0.0 2.2 860.8 860.85 860.77 1 -0.01 860.85 860.85 860.85 861.35
-29.264900 -50.314899 DCRS-00084 2026-07-29_01:38 13.1 -999.9 -999.9 94.8 -999.9 -999.9 12.3 -999.9 -999.9 -999.9 -999.9 -999.9 21.1 -999.9 26.6 0.0 2.4 2.2 62.4 85.6 88.2 89.6 14.5 13.1 94.8 85.2 37.2 DCRS_-_São_Francisco_de_Paula/Cambará_do_Sul_(865_m) -999.9 -999.9 -999.9 -999.9 -999.9 12.5 12.0 0.0 Rio_Grande_do_Sul DCRS -999.9 0.0 2.2 860.79 860.85 860.77 1 -0.02 860.85 860.85 860.85 861.35
-29.264900 -50.314899 DCRS-00084 2026-07-29_01:39 13.1 -999.9 -999.9 94.9 -999.9 -999.9 12.3 -999.9 -999.9 -999.9 -999.9 -999.9 20.5 -999.9 26.6 0.0 2.4 2.2 62.4 85.6 88.2 89.6 14.5 13.1 94.9 85.2 37.2 DCRS_-_São_Francisco_de_Paula/Cambará_do_Sul_(865_m) -999.9 -999.9 -999.9 -999.9 -999.9 12.5 12.0 0.0 Rio_Grande_do_Sul DCRS -999.9 0.0 2.2 860.82 860.85 860.77 1 0.01 860.85 860.85 860.85 861.35
-29.264900 -50.314899 DCRS-00084 2026-07-29_01:40 13.1 -999.9 -999.9 95.1 -999.9 -999.9 12.3 -999.9 -999.9 -999.9 -999.9 -999.9 16.8 -999.9 27.1 0.0 2.4 2.2 62.4 85.6 88.2 89.6 14.5 13.1 95.1 85.2 37.2 DCRS_-_São_Francisco_de_Paula/Cambará_do_Sul_(865_m) -999.9 -999.9 -999.9 -999.9 -999.9 12.5 12.0 0.0 Rio_Grande_do_Sul DCRS -999.9 0.0 2.2 860.84 860.85 860.77 1 0.04 860.85 860.85 860.85 861.35
-29.264900 -50.314899 DCRS-00084 2026-07-29_01:41 13.0 -999.9 -999.9 95.1 -999.9 -999.9 12.2 -999.9 -999.9 -999.9 -999.9 -999.9 13.8 -999.9 27.1 0.0 2.4 2.2 62.4 85.6 88.2 89.6 14.5 13.0 95.1 85.2 37.2 DCRS_-_São_Francisco_de_Paula/Cambará_do_Sul_(865_m) -999.9 -999.9 -999.9 -999.9 -999.9 12.5 12.0 0.0 Rio_Grande_do_Sul DCRS -999.9 0.0 2.2 860.85 860.85 860.77 1 0.04 860.85 860.85 860.85 861.35
-29.264900 -50.314899 DCRS-00084 2026-07-29_01:42 13.0 -999.9 -999.9 95.2 -999.9 -999.9 12.2 -999.9 -999.9 -999.9 -999.9 -999.9 10.8 -999.9 27.1 0.0 2.4 2.2 62.4 85.6 88.2 89.6 14.5 13.0 95.2 85.2 37.2 DCRS_-_São_Francisco_de_Paula/Cambará_do_Sul_(865_m) -999.9 -999.9 -999.9 -999.9 -999.9 12.5 12.0 0.0 Rio_Grande_do_Sul DCRS -999.9 0.0 2.2 860.84 860.85 860.77 1 0.01 860.85 860.85 860.85 861.35
-29.264900 -50.314899 DCRS-00084 2026-07-29_01:43 13.1 -999.9 -999.9 95.2 -999.9 -999.9 12.3 -999.9 -999.9 -999.9 -999.9 -999.9 26.4 -999.9 27.1 0.0 2.4 2.2 62.4 85.6 88.2 89.6 14.5 13.0 95.2 85.2 37.2 DCRS_-_São_Francisco_de_Paula/Cambará_do_Sul_(865_m) -999.9 -999.9 -999.9 -999.9 -999.9 12.5 12.0 0.0 Rio_Grande_do_Sul DCRS -999.9 0.0 2.2 860.85 860.85 860.77 1 0.03 860.85 860.85 860.85 861.35
-29.264900 -50.314899 DCRS-00084 2026-07-29_01:44 13.0 -999.9 -999.9 95.3 -999.9 -999.9 12.3 -999.9 -999.9 -999.9 -999.9 -999.9 21.3 -999.9 27.1 0.0 2.6 2.4 62.6 85.8 88.4 89.8 14.5 13.0 95.3 85.2 37.2 DCRS_-_São_Francisco_de_Paula/Cambará_do_Sul_(865_m) -999.9 -999.9 -999.9 -999.9 -999.9 12.5 12.0 0.0 Rio_Grande_do_Sul DCRS -999.9 0.2 2.4 860.83 860.85 860.77 1 0.01 860.85 860.85 860.85 861.35
-29.264900 -50.314899 DCRS-00084 2026-07-29_01:45 13.1 -999.9 -999.9 95.3 -999.9 -999.9 12.4 -999.9 -999.9 -999.9 -999.9 -999.9 15.1 -999.9 30.7 0.0 2.6 2.4 62.6 85.8 88.4 89.8 14.5 13.0 95.3 85.2 37.2 DCRS_-_São_Francisco_de_Paula/Cambará_do_Sul_(865_m) -999.9 -999.9 -999.9 -999.9 -999.9 12.5 12.0 0.0 Rio_Grande_do_Sul DCRS -999.9 0.0 2.4 860.81 860.85 860.77 1 -0.02 860.85 860.85 860.85 861.35
-29.264900 -50.314899 DCRS-00084 2026-07-29_01:46 13.0 -999.9 -999.9 95.4 -999.9 -999.9 12.3 -999.9 -999.9 -999.9 -999.9 -999.9 18.8 -999.9 30.7 0.0 2.6 2.4 62.6 85.8 88.4 89.8 14.5 13.0 95.4 85.2 37.2 DCRS_-_São_Francisco_de_Paula/Cambará_do_Sul_(865_m) -999.9 -999.9 -999.9 -999.9 -999.9 12.5 12.0 0.0 Rio_Grande_do_Sul DCRS -999.9 0.0 2.4 860.8 860.85 860.77 1 -0.01 860.85 860.85 860.85 861.35
-29.264900 -50.314899 DCRS-00084 2026-07-29_01:47 13.0 -999.9 -999.9 95.4 -999.9 -999.9 12.3 -999.9 -999.9 -999.9 -999.9 -999.9 22.0 -999.9 30.7 0.0 2.6 2.4 62.6 85.8 88.4 89.8 14.5 13.0 95.4 85.2 37.2 DCRS_-_São_Francisco_de_Paula/Cambará_do_Sul_(865_m) -999.9 -999.9 -999.9 -999.9 -999.9 12.5 12.0 0.0 Rio_Grande_do_Sul DCRS -999.9 0.0 2.4 860.78 860.85 860.77 1 -0.02 860.85 860.85 860.85 861.35
-29.264900 -50.314899 DCRS-00084 2026-07-29_01:48 13.0 -999.9 -999.9 95.6 -999.9 -999.9 12.3 -999.9 -999.9 -999.9 -999.9 -999.9 16.1 -999.9 30.7 0.0 2.6 2.6 62.8 86.0 88.6 90.0 14.5 13.0 95.6 85.2 37.2 DCRS_-_São_Francisco_de_Paula/Cambará_do_Sul_(865_m) -999.9 -999.9 -999.9 -999.9 -999.9 12.5 12.0 0.0 Rio_Grande_do_Sul DCRS -999.9 0.0 2.6 860.79 860.85 860.77 1 -0.01 860.85 860.85 860.85 861.35
-29.264900 -50.314899 DCRS-00084 2026-07-29_01:49 13.0 -999.9 -999.9 95.7 -999.9 -999.9 12.3 -999.9 -999.9 -999.9 -999.9 -999.9 23.5 -999.9 30.7 0.0 2.6 2.6 62.8 86.0 88.6 90.0 14.5 13.0 95.7 85.2 37.2 DCRS_-_São_Francisco_de_Paula/Cambará_do_Sul_(865_m) -999.9 -999.9 -999.9 -999.9 -999.9 12.5 12.0 0.0 Rio_Grande_do_Sul DCRS -999.9 0.0 2.6 860.79 860.85 860.77 1 0.0 860.85 860.85 860.85 861.35
-29.264900 -50.314899 DCRS-00084 2026-07-29_01:50 12.9 -999.9 -999.9 95.8 -999.9 -999.9 12.2 -999.9 -999.9 -999.9 -999.9 -999.9 20.2 -999.9 28.3 0.0 3.2 2.6 62.8 86.0 88.6 90.0 14.5 12.9 95.8 85.2 37.2 DCRS_-_São_Francisco_de_Paula/Cambará_do_Sul_(865_m) -999.9 -999.9 -999.9 -999.9 -999.9 12.5 12.0 0.0 Rio_Grande_do_Sul DCRS -999.9 0.6 2.6 860.81 860.85 860.77 1 0.03 860.85 860.85 860.85 861.35
-29.264900 -50.314899 DCRS-00084 2026-07-29_01:51 12.9 -999.9 -999.9 95.9 -999.9 -999.9 12.3 -999.9 -999.9 -999.9 -999.9 -999.9 4.0 -999.9 28.3 0.0 3.2 2.6 62.8 86.0 88.6 90.0 14.5 12.9 95.9 85.2 37.2 DCRS_-_São_Francisco_de_Paula/Cambará_do_Sul_(865_m) -999.9 -999.9 -999.9 -999.9 -999.9 12.5 12.0 0.0 Rio_Grande_do_Sul DCRS -999.9 0.0 2.6 860.8 860.85 860.77 1 0.0 860.85 860.85 860.85 861.35
-29.264900 -50.314899 DCRS-00084 2026-07-29_01:52 12.9 -999.9 -999.9 96.1 -999.9 -999.9 12.3 -999.9 -999.9 -999.9 -999.9 -999.9 12.3 -999.9 28.3 0.0 3.2 3.4 63.6 86.8 89.4 90.8 14.5 12.9 96.1 85.2 37.2 DCRS_-_São_Francisco_de_Paula/Cambará_do_Sul_(865_m) -999.9 -999.9 -999.9 -999.9 -999.9 12.5 12.0 0.0 Rio_Grande_do_Sul DCRS -999.9 0.0 3.4 860.82 860.85 860.77 0 0.01 860.85 860.85 860.85 861.35
-29.264900 -50.314899 DCRS-00084 2026-07-29_01:53 12.9 -999.9 -999.9 96.2 -999.9 -999.9 12.3 -999.9 -999.9 -999.9 -999.9 -999.9 8.3 -999.9 28.3 0.0 3.2 3.4 63.6 86.8 89.4 90.8 14.5 12.9 96.2 85.2 37.2 DCRS_-_São_Francisco_de_Paula/Cambará_do_Sul_(865_m) -999.9 -999.9 -999.9 -999.9 -999.9 12.5 12.0 0.0 Rio_Grande_do_Sul DCRS -999.9 0.0 3.4 860.81 860.85 860.77 0 0.0 860.85 860.85 860.85 861.35
-29.264900 -50.314899 DCRS-00084 2026-07-29_01:54 12.9 -999.9 -999.9 96.4 -999.9 -999.9 12.3 -999.9 -999.9 -999.9 -999.9 -999.9 12.1 -999.9 28.3 0.0 3.2 3.4 63.6 86.8 89.4 90.8 14.5 12.9 96.4 85.2 37.2 DCRS_-_São_Francisco_de_Paula/Cambará_do_Sul_(865_m) -999.9 -999.9 -999.9 -999.9 -999.9 12.5 12.0 0.0 Rio_Grande_do_Sul DCRS -999.9 0.0 3.4 860.84 860.85 860.77 0 0.03 860.85 860.85 860.85 861.35
-29.264900 -50.314899 DCRS-00084 2026-07-29_01:55 12.9 -999.9 -999.9 96.5 -999.9 -999.9 12.4 -999.9 -999.9 -999.9 -999.9 -999.9 15.6 -999.9 29.5 0.0 3.4 3.4 63.6 86.8 89.4 90.8 14.5 12.9 96.5 85.2 37.2 DCRS_-_São_Francisco_de_Paula/Cambará_do_Sul_(865_m) -999.9 -999.9 -999.9 -999.9 -999.9 12.5 12.0 0.0 Rio_Grande_do_Sul DCRS -999.9 0.0 3.4 860.82 860.85 860.77 0 0.01 860.85 860.85 860.85 861.35
-29.264900 -50.314899 DCRS-00084 2026-07-29_01:56 13.0 -999.9 -999.9 96.6 -999.9 -999.9 12.5 -999.9 -999.9 -999.9 -999.9 -999.9 -999.9 -999.9 29.5 0.0 3.4 3.6 63.8 87.0 89.6 91.0 14.5 12.9 96.6 85.2 37.2 DCRS_-_São_Francisco_de_Paula/Cambará_do_Sul_(865_m) -999.9 -999.9 -999.9 -999.9 -999.9 12.5 12.0 0.0 Rio_Grande_do_Sul DCRS -999.9 0.0 3.6 860.81 860.85 860.77 0 0.01 860.85 860.85 860.85 861.35
-29.264900 -50.314899 DCRS-00084 2026-07-29_01:57 13.0 -999.9 -999.9 96.8 -999.9 -999.9 12.5 -999.9 -999.9 -999.9 -999.9 -999.9 -999.9 -999.9 29.5 0.0 3.4 3.6 63.8 87.0 89.6 91.0 14.5 12.9 96.8 85.2 37.2 DCRS_-_São_Francisco_de_Paula/Cambará_do_Sul_(865_m) -999.9 -999.9 -999.9 -999.9 -999.9 12.5 12.0 0.0 Rio_Grande_do_Sul DCRS -999.9 0.0 3.6 860.83 860.85 860.77 0 0.03 860.85 860.85 860.85 861.35
-29.264900 -50.314899 DCRS-00084 2026-07-29_01:58 13.0 -999.9 -999.9 97.0 -999.9 -999.9 12.5 -999.9 -999.9 -999.9 -999.9 -999.9 25.8 -999.9 29.5 0.0 3.4 3.6 63.8 87.0 89.6 91.0 14.5 12.9 97.0 85.2 37.2 DCRS_-_São_Francisco_de_Paula/Cambará_do_Sul_(865_m) -999.9 -999.9 -999.9 -999.9 -999.9 12.5 12.0 0.0 Rio_Grande_do_Sul DCRS -999.9 0.0 3.6 860.83 860.85 860.77 0 0.02 860.85 860.85 860.85 861.35
-29.264900 -50.314899 DCRS-00084 2026-07-29_01:59 13.1 -999.9 -999.9 96.9 -999.9 -999.9 12.6 -999.9 -999.9 -999.9 -999.9 -999.9 26.2 -999.9 29.5 0.0 3.4 3.6 63.8 87.0 89.6 91.0 14.5 12.9 97.0 85.2 37.2 DCRS_-_São_Francisco_de_Paula/Cambará_do_Sul_(865_m) -999.9 -999.9 -999.9 -999.9 -999.9 12.6 12.0 0.0 Rio_Grande_do_Sul DCRS -999.9 0.0 3.6 860.85 860.85 860.77 0 0.06 860.85 860.85 860.85 861.35
-29.264900 -50.314899 DCRS-00084 2026-07-29_02:00 13.1 -999.9 -999.9 96.9 -999.9 -999.9 12.6 -999.9 -999.9 -999.9 -999.9 -999.9 42.3 -999.9 55.4 0.0 3.4 3.8 64.0 87.2 89.8 91.2 14.5 12.9 97.0 85.2 55.4 DCRS_-_São_Francisco_de_Paula/Cambará_do_Sul_(865_m) -999.9 -999.9 -999.9 -999.9 -999.9 12.6 12.0 0.0 Rio_Grande_do_Sul DCRS -999.9 0.0 3.8 860.84 860.85 860.77 0 0.04 860.85 860.85 860.85 861.35
-29.264900 -50.314899 DCRS-00084 2026-07-29_02:01 13.1 -999.9 -999.9 96.9 -999.9 -999.9 12.6 -999.9 -999.9 -999.9 -999.9 -999.9 38.3 -999.9 55.4 0.0 5.2 3.8 64.0 87.2 89.8 91.2 14.5 12.9 97.0 85.2 55.4 DCRS_-_São_Francisco_de_Paula/Cambará_do_Sul_(865_m) -999.9 -999.9 -999.9 -999.9 -999.9 12.6 12.0 0.0 Rio_Grande_do_Sul DCRS -999.9 0.0 3.8 860.84 860.85 860.77 0 0.03 860.85 860.85 860.85 861.35
-29.264900 -50.314899 DCRS-00084 2026-07-29_02:02 13.1 -999.9 -999.9 96.8 -999.9 -999.9 12.6 -999.9 -999.9 -999.9 -999.9 -999.9 13.8 -999.9 55.4 0.0 5.2 3.8 64.0 87.2 89.8 91.2 14.5 12.9 97.0 85.2 55.4 DCRS_-_São_Francisco_de_Paula/Cambará_do_Sul_(865_m) -999.9 -999.9 -999.9 -999.9 -999.9 12.6 12.0 0.0 Rio_Grande_do_Sul DCRS -999.9 0.0 3.8 860.83 860.85 860.77 0 0.02 860.85 860.85 860.85 861.35
-29.264900 -50.314899 DCRS-00084 2026-07-29_02:03 13.1 -999.9 -999.9 96.7 -999.9 -999.9 12.6 -999.9 -999.9 -999.9 -999.9 -999.9 16.3 -999.9 55.4 0.0 5.2 3.8 64.0 87.2 89.8 91.2 14.5 12.9 97.0 85.2 55.4 DCRS_-_São_Francisco_de_Paula/Cambará_do_Sul_(865_m) -999.9 -999.9 -999.9 -999.9 -999.9 12.6 12.0 0.0 Rio_Grande_do_Sul DCRS -999.9 0.0 3.8 860.84 860.85 860.77 0 0.04 860.85 860.85 860.85 861.35
-29.264900 -50.314899 DCRS-00084 2026-07-29_02:04 13.1 -999.9 -999.9 96.9 -999.9 -999.9 12.6 -999.9 -999.9 -999.9 -999.9 -999.9 9.1 -999.9 55.4 0.0 5.2 3.8 64.0 87.2 89.8 91.2 14.5 12.9 97.0 85.2 55.4 DCRS_-_São_Francisco_de_Paula/Cambará_do_Sul_(865_m) -999.9 -999.9 -999.9 -999.9 -999.9 12.6 12.0 0.0 Rio_Grande_do_Sul DCRS -999.9 0.0 3.8 860.86 860.86 860.77 0 0.06 860.86 860.86 860.86 861.35
-29.264900 -50.314899 DCRS-00084 2026-07-29_02:05 13.1 -999.9 -999.9 96.9 -999.9 -999.9 12.6 -999.9 -999.9 -999.9 -999.9 -999.9 24.8 -999.9 47.5 0.0 5.2 3.8 64.0 87.2 89.8 91.2 14.5 12.9 97.0 85.2 55.4 DCRS_-_São_Francisco_de_Paula/Cambará_do_Sul_(865_m) -999.9 -999.9 -999.9 -999.9 -999.9 12.6 12.0 0.0 Rio_Grande_do_Sul DCRS -999.9 0.0 3.8 860.86 860.86 860.77 0 0.06 860.86 860.86 860.86 861.35
-29.264900 -50.314899 DCRS-00084 2026-07-29_02:06 13.1 -999.9 -999.9 97.0 -999.9 -999.9 12.6 -999.9 -999.9 -999.9 -999.9 -999.9 20.2 -999.9 47.5 0.0 5.2 3.8 64.0 87.2 89.8 91.2 14.5 12.9 97.0 85.2 55.4 DCRS_-_São_Francisco_de_Paula/Cambará_do_Sul_(865_m) -999.9 -999.9 -999.9 -999.9 -999.9 12.6 12.0 0.0 Rio_Grande_do_Sul DCRS -999.9 0.0 3.8 860.87 860.87 860.77 0 0.06 860.87 860.87 860.87 861.35
-29.264900 -50.314899 DCRS-00084 2026-07-29_02:07 13.1 -999.9 -999.9 97.1 -999.9 -999.9 12.6 -999.9 -999.9 -999.9 -999.9 -999.9 25.3 -999.9 47.5 0.0 10.4 3.8 64.0 87.2 89.8 91.2 14.5 12.9 97.1 85.2 55.4 DCRS_-_São_Francisco_de_Paula/Cambará_do_Sul_(865_m) -999.9 -999.9 -999.9 -999.9 -999.9 12.6 12.0 0.0 Rio_Grande_do_Sul DCRS -999.9 4.2 3.8 860.88 860.88 860.77 1 0.08 860.88 860.88 860.88 861.35
-29.264900 -50.314899 DCRS-00084 2026-07-29_02:08 13.0 -999.9 -999.9 97.1 -999.9 -999.9 12.5 -999.9 -999.9 -999.9 -999.9 -999.9 18.3 -999.9 47.5 0.0 10.4 8.0 68.2 91.4 94.0 95.4 14.5 12.9 97.1 85.2 55.4 DCRS_-_São_Francisco_de_Paula/Cambará_do_Sul_(865_m) -999.9 -999.9 -999.9 -999.9 -999.9 12.6 12.0 0.0 Rio_Grande_do_Sul DCRS -999.9 0.0 8.0 860.85 860.88 860.77 1 0.03 860.88 860.88 860.88 861.35
-29.264900 -50.314899 DCRS-00084 2026-07-29_02:09 13.0 -999.9 -999.9 97.2 -999.9 -999.9 12.6 -999.9 -999.9 -999.9 -999.9 -999.9 6.1 -999.9 47.5 0.0 10.4 8.0 68.2 91.4 94.0 95.4 14.5 12.9 97.2 85.2 55.4 DCRS_-_São_Francisco_de_Paula/Cambará_do_Sul_(865_m) -999.9 -999.9 -999.9 -999.9 -999.9 12.6 12.0 0.0 Rio_Grande_do_Sul DCRS -999.9 0.0 8.0 860.87 860.88 860.77 1 0.07 860.88 860.88 860.88 861.35
-29.264900 -50.314899 DCRS-00084 2026-07-29_02:10 13.0 -999.9 -999.9 97.2 -999.9 -999.9 12.6 -999.9 -999.9 -999.9 -999.9 -999.9 8.8 -999.9 29.6 0.0 10.4 8.0 68.2 91.4 94.0 95.4 14.5 12.9 97.2 85.2 55.4 DCRS_-_São_Francisco_de_Paula/Cambará_do_Sul_(865_m) -999.9 -999.9 -999.9 -999.9 -999.9 12.6 12.0 0.0 Rio_Grande_do_Sul DCRS -999.9 0.0 8.0 860.85 860.88 860.77 1 0.03 860.88 860.88 860.88 861.35
-29.264900 -50.314899 DCRS-00084 2026-07-29_02:11 13.1 -999.9 -999.9 97.2 -999.9 -999.9 12.7 -999.9 -999.9 -999.9 -999.9 -999.9 9.1 -999.9 29.6 0.0 10.4 8.0 68.2 91.4 94.0 95.4 14.5 12.9 97.2 85.2 55.4 DCRS_-_São_Francisco_de_Paula/Cambará_do_Sul_(865_m) -999.9 -999.9 -999.9 -999.9 -999.9 12.7 12.0 0.0 Rio_Grande_do_Sul DCRS -999.9 0.0 8.0 860.84 860.88 860.77 1 0.0 860.88 860.88 860.88 861.35
-29.264900 -50.314899 DCRS-00084 2026-07-29_02:12 13.2 -999.9 -999.9 97.2 -999.9 -999.9 12.8 -999.9 -999.9 -999.9 -999.9 -999.9 11.2 -999.9 29.6 0.0 10.4 12.2 72.4 95.6 98.2 99.6 14.5 12.9 97.2 85.2 55.4 DCRS_-_São_Francisco_de_Paula/Cambará_do_Sul_(865_m) -999.9 -999.9 -999.9 -999.9 -999.9 12.8 12.0 0.0 Rio_Grande_do_Sul DCRS -999.9 0.0 12.2 860.86 860.88 860.77 1 0.03 860.88 860.88 860.88 861.35
-29.264900 -50.314899 DCRS-00084 2026-07-29_02:13 13.1 -999.9 -999.9 97.2 -999.9 -999.9 12.7 -999.9 -999.9 -999.9 -999.9 -999.9 6.8 -999.9 29.6 0.0 16.0 12.2 72.4 95.6 98.2 99.6 14.5 12.9 97.2 85.2 55.4 DCRS_-_São_Francisco_de_Paula/Cambará_do_Sul_(865_m) -999.9 -999.9 -999.9 -999.9 -999.9 12.8 12.0 0.0 Rio_Grande_do_Sul DCRS -999.9 1.8 12.2 860.87 860.88 860.77 1 0.06 860.88 860.88 860.88 861.35
-29.264900 -50.314899 DCRS-00084 2026-07-29_02:14 13.2 -999.9 -999.9 97.1 -999.9 -999.9 12.7 -999.9 -999.9 -999.9 -999.9 -999.9 4.9 -999.9 29.6 0.0 16.0 12.2 72.4 95.6 98.2 99.6 14.5 12.9 97.2 85.2 55.4 DCRS_-_São_Francisco_de_Paula/Cambará_do_Sul_(865_m) -999.9 -999.9 -999.9 -999.9 -999.9 12.8 12.0 0.0 Rio_Grande_do_Sul DCRS -999.9 0.0 12.2 860.85 860.88 860.77 1 0.01 860.88 860.88 860.88 861.35
-29.264900 -50.314899 DCRS-00084 2026-07-29_02:15 13.2 -999.9 -999.9 97.0 -999.9 -999.9 12.7 -999.9 -999.9 -999.9 -999.9 -999.9 4.1 -999.9 14.6 0.0 16.0 12.2 72.4 95.6 98.2 99.6 14.5 12.9 97.2 85.2 55.4 DCRS_-_São_Francisco_de_Paula/Cambará_do_Sul_(865_m) -999.9 -999.9 -999.9 -999.9 -999.9 12.8 12.0 0.0 Rio_Grande_do_Sul DCRS -999.9 0.0 12.2 860.87 860.88 860.77 1 0.03 860.88 860.88 860.88 861.35
-29.264900 -50.314899 DCRS-00084 2026-07-29_02:16 13.2 -999.9 -999.9 96.9 -999.9 -999.9 12.7 -999.9 -999.9 -999.9 -999.9 -999.9 3.5 -999.9 14.6 0.0 16.0 18.2 78.4 101.6 104.2 105.6 14.5 12.9 97.2 85.2 55.4 DCRS_-_São_Francisco_de_Paula/Cambará_do_Sul_(865_m) -999.9 -999.9 -999.9 -999.9 -999.9 12.8 12.0 0.0 Rio_Grande_do_Sul DCRS -999.9 0.0 18.2 860.87 860.88 860.77 1 0.03 860.88 860.88 860.88 861.35
-29.264900 -50.314899 DCRS-00084 2026-07-29_02:17 13.2 -999.9 -999.9 96.8 -999.9 -999.9 12.7 -999.9 -999.9 -999.9 -999.9 -999.9 3.7 -999.9 14.6 0.0 16.0 18.2 78.4 101.6 104.2 105.6 14.5 12.9 97.2 85.2 55.4 DCRS_-_São_Francisco_de_Paula/Cambará_do_Sul_(865_m) -999.9 -999.9 -999.9 -999.9 -999.9 12.8 12.0 0.0 Rio_Grande_do_Sul DCRS -999.9 0.0 18.2 860.88 860.88 860.77 1 0.05 860.88 860.88 860.88 861.35
-29.264900 -50.314899 DCRS-00084 2026-07-29_02:18 13.2 -999.9 -999.9 96.8 -999.9 -999.9 12.7 -999.9 -999.9 -999.9 -999.9 -999.9 0.0 -999.9 14.6 0.0 15.4 18.2 78.4 101.6 104.2 105.6 14.5 12.9 97.2 85.2 55.4 DCRS_-_São_Francisco_de_Paula/Cambará_do_Sul_(865_m) -999.9 -999.9 -999.9 -999.9 -999.9 12.8 12.0 0.0 Rio_Grande_do_Sul DCRS -999.9 0.0 18.2 860.87 860.88 860.77 1 0.04 860.88 860.88 860.88 861.35
-29.264900 -50.314899 DCRS-00084 2026-07-29_02:19 13.2 -999.9 -999.9 96.9 -999.9 -999.9 12.7 -999.9 -999.9 -999.9 -999.9 -999.9 5.6 -999.9 14.6 0.0 15.4 18.2 78.4 101.6 104.2 105.6 14.5 12.9 97.2 85.2 55.4 DCRS_-_São_Francisco_de_Paula/Cambará_do_Sul_(865_m) -999.9 -999.9 -999.9 -999.9 -999.9 12.8 12.0 0.0 Rio_Grande_do_Sul DCRS -999.9 0.0 18.2 860.88 860.88 860.77 1 0.04 860.88 860.88 860.88 861.35
-29.264900 -50.314899 DCRS-00084 2026-07-29_02:20 13.2 -999.9 -999.9 97.1 -999.9 -999.9 12.7 -999.9 -999.9 -999.9 -999.9 -999.9 -999.9 -999.9 8.6 0.0 15.4 18.6 78.8 102.0 104.6 106.0 14.5 12.9 97.2 85.2 55.4 DCRS_-_São_Francisco_de_Paula/Cambará_do_Sul_(865_m) -999.9 -999.9 -999.9 -999.9 -999.9 12.8 12.0 0.0 Rio_Grande_do_Sul DCRS -999.9 0.0 18.6 860.88 860.88 860.77 1 0.04 860.88 860.88 860.88 861.35
-29.264900 -50.314899 DCRS-00084 2026-07-29_02:21 13.2 -999.9 -999.9 97.1 -999.9 -999.9 12.7 -999.9 -999.9 -999.9 -999.9 -999.9 0.0 -999.9 8.6 0.0 15.4 18.6 78.8 102.0 104.6 106.0 14.5 12.9 97.2 85.2 55.4 DCRS_-_São_Francisco_de_Paula/Cambará_do_Sul_(865_m) -999.9 -999.9 -999.9 -999.9 -999.9 12.8 12.0 0.0 Rio_Grande_do_Sul DCRS -999.9 0.0 18.6 860.87 860.88 860.77 1 0.05 860.88 860.88 860.88 861.35
-29.264900 -50.314899 DCRS-00084 2026-07-29_02:22 13.3 -999.9 -999.9 97.2 -999.9 -999.9 12.9 -999.9 -999.9 -999.9 -999.9 -999.9 6.7 -999.9 8.6 0.0 15.4 18.6 78.8 102.0 104.6 106.0 14.5 12.9 97.2 85.2 55.4 DCRS_-_São_Francisco_de_Paula/Cambará_do_Sul_(865_m) -999.9 -999.9 -999.9 -999.9 -999.9 12.9 12.0 0.0 Rio_Grande_do_Sul DCRS -999.9 0.0 18.6 860.87 860.88 860.77 1 0.03 860.88 860.88 860.88 861.35
-29.264900 -50.314899 DCRS-00084 2026-07-29_02:23 13.3 -999.9 -999.9 97.2 -999.9 -999.9 12.9 -999.9 -999.9 -999.9 -999.9 -999.9 5.2 -999.9 8.6 0.0 15.4 18.6 78.8 102.0 104.6 106.0 14.5 12.9 97.2 85.2 55.4 DCRS_-_São_Francisco_de_Paula/Cambará_do_Sul_(865_m) -999.9 -999.9 -999.9 -999.9 -999.9 12.9 12.0 0.0 Rio_Grande_do_Sul DCRS -999.9 0.0 18.6 860.88 860.88 860.77 1 0.06 860.88 860.88 860.88 861.35
-29.264900 -50.314899 DCRS-00084 2026-07-29_02:24 13.3 -999.9 -999.9 97.2 -999.9 -999.9 12.9 -999.9 -999.9 -999.9 -999.9 -999.9 8.3 -999.9 8.6 0.0 15.8 19.0 79.2 102.4 105.0 106.4 14.5 12.9 97.2 85.2 55.4 DCRS_-_São_Francisco_de_Paula/Cambará_do_Sul_(865_m) -999.9 -999.9 -999.9 -999.9 -999.9 12.9 12.0 0.0 Rio_Grande_do_Sul DCRS -999.9 0.0 19.0 860.86 860.88 860.77 1 0.02 860.88 860.88 860.88 861.35
-29.264900 -50.314899 DCRS-00084 2026-07-29_02:25 13.4 -999.9 -999.9 97.1 -999.9 -999.9 12.9 -999.9 -999.9 -999.9 -999.9 -999.9 9.3 -999.9 14.8 0.0 15.8 19.0 79.2 102.4 105.0 106.4 14.5 12.9 97.2 85.2 55.4 DCRS_-_São_Francisco_de_Paula/Cambará_do_Sul_(865_m) -999.9 -999.9 -999.9 -999.9 -999.9 12.9 12.0 0.0 Rio_Grande_do_Sul DCRS -999.9 0.0 19.0 860.88 860.88 860.77 1 0.05 860.88 860.88 860.88 861.35
-29.264900 -50.314899 DCRS-00084 2026-07-29_02:26 13.3 -999.9 -999.9 97.0 -999.9 -999.9 12.8 -999.9 -999.9 -999.9 -999.9 -999.9 11.1 -999.9 14.8 0.0 15.8 19.0 79.2 102.4 105.0 106.4 14.5 12.9 97.2 85.2 55.4 DCRS_-_São_Francisco_de_Paula/Cambará_do_Sul_(865_m) -999.9 -999.9 -999.9 -999.9 -999.9 12.9 12.0 0.0 Rio_Grande_do_Sul DCRS -999.9 0.0 19.0 860.9 860.9 860.77 1 0.1 860.9 860.9 860.9 861.35
-29.264900 -50.314899 DCRS-00084 2026-07-29_02:27 13.3 -999.9 -999.9 96.9 -999.9 -999.9 12.8 -999.9 -999.9 -999.9 -999.9 -999.9 -999.9 -999.9 14.8 0.0 15.8 19.0 79.2 102.4 105.0 106.4 14.5 12.9 97.2 85.2 55.4 DCRS_-_São_Francisco_de_Paula/Cambará_do_Sul_(865_m) -999.9 -999.9 -999.9 -999.9 -999.9 12.9 12.0 0.0 Rio_Grande_do_Sul DCRS -999.9 0.0 19.0 860.89 860.9 860.77 1 0.08 860.9 860.9 860.9 861.35
-29.264900 -50.314899 DCRS-00084 2026-07-29_02:28 13.3 -999.9 -999.9 96.8 -999.9 -999.9 12.8 -999.9 -999.9 -999.9 -999.9 -999.9 9.4 -999.9 14.8 0.0 15.8 19.4 79.6 102.8 105.4 106.8 14.5 12.9 97.2 85.2 55.4 DCRS_-_São_Francisco_de_Paula/Cambará_do_Sul_(865_m) -999.9 -999.9 -999.9 -999.9 -999.9 12.9 12.0 0.0 Rio_Grande_do_Sul DCRS -999.9 0.0 19.4 860.9 860.9 860.77 1 0.09 860.9 860.9 860.9 861.35
-29.264900 -50.314899 DCRS-00084 2026-07-29_02:29 13.3 -999.9 -999.9 96.8 -999.9 -999.9 12.8 -999.9 -999.9 -999.9 -999.9 -999.9 6.3 -999.9 14.8 0.0 15.8 19.4 79.6 102.8 105.4 106.8 14.5 12.9 97.2 85.2 55.4 DCRS_-_São_Francisco_de_Paula/Cambará_do_Sul_(865_m) -999.9 -999.9 -999.9 -999.9 -999.9 12.9 12.0 0.0 Rio_Grande_do_Sul DCRS -999.9 0.0 19.4 860.9 860.9 860.77 1 0.06 860.9 860.9 860.9 861.35
-29.264900 -50.314899 DCRS-00084 2026-07-29_02:30 13.3 -999.9 -999.9 96.8 -999.9 -999.9 12.8 -999.9 -999.9 -999.9 -999.9 -999.9 6.4 -999.9 18.7 0.0 15.8 19.4 79.6 102.8 105.4 106.8 14.5 12.9 97.2 85.2 55.4 DCRS_-_São_Francisco_de_Paula/Cambará_do_Sul_(865_m) -999.9 -999.9 -999.9 -999.9 -999.9 12.9 12.0 0.0 Rio_Grande_do_Sul DCRS -999.9 0.0 19.4 860.87 860.9 860.77 1 0.05 860.9 860.9 860.9 861.35
-29.264900 -50.314899 DCRS-00084 2026-07-29_02:31 13.3 -999.9 -999.9 96.6 -999.9 -999.9 12.8 -999.9 -999.9 -999.9 -999.9 -999.9 4.3 -999.9 18.7 0.0 15.8 19.4 79.6 102.8 105.4 106.8 14.5 12.9 97.2 85.2 55.4 DCRS_-_São_Francisco_de_Paula/Cambará_do_Sul_(865_m) -999.9 -999.9 -999.9 -999.9 -999.9 12.9 12.0 0.0 Rio_Grande_do_Sul DCRS -999.9 0.0 19.4 860.88 860.9 860.77 1 0.03 860.9 860.9 860.9 861.35
-29.264900 -50.314899 DCRS-00084 2026-07-29_02:32 13.3 -999.9 -999.9 96.6 -999.9 -999.9 12.8 -999.9 -999.9 -999.9 -999.9 -999.9 3.3 -999.9 18.7 0.0 15.8 19.6 79.8 103.0 105.6 107.0 14.5 12.9 97.2 85.2 55.4 DCRS_-_São_Francisco_de_Paula/Cambará_do_Sul_(865_m) -999.9 -999.9 -999.9 -999.9 -999.9 12.9 12.0 0.0 Rio_Grande_do_Sul DCRS -999.9 0.0 19.6 860.87 860.9 860.77 1 0.02 860.9 860.9 860.9 861.35
-29.264900 -50.314899 DCRS-00084 2026-07-29_02:33 13.2 -999.9 -999.9 96.6 -999.9 -999.9 12.7 -999.9 -999.9 -999.9 -999.9 -999.9 0.0 -999.9 18.7 0.0 15.8 19.6 79.8 103.0 105.6 107.0 14.5 12.9 97.2 85.2 55.4 DCRS_-_São_Francisco_de_Paula/Cambará_do_Sul_(865_m) -999.9 -999.9 -999.9 -999.9 -999.9 12.9 12.0 0.0 Rio_Grande_do_Sul DCRS -999.9 0.0 19.6 860.9 860.9 860.77 1 0.05 860.9 860.9 860.9 861.35
-29.264900 -50.314899 DCRS-00084 2026-07-29_02:35 13.3 -999.9 -999.9 96.7 -999.9 -999.9 12.8 -999.9 -999.9 -999.9 -999.9 -999.9 9.9 -999.9 14.2 0.0 16.0 19.6 79.8 103.0 105.6 107.0 14.5 12.9 97.2 85.2 55.4 DCRS_-_São_Francisco_de_Paula/Cambará_do_Sul_(865_m) -999.9 -999.9 -999.9 -999.9 -999.9 12.9 12.0 0.0 Rio_Grande_do_Sul DCRS -999.9 0.0 19.6 860.91 860.91 860.77 1 0.11 860.91 860.91 860.91 861.35
-29.264900 -50.314899 DCRS-00084 2026-07-29_02:36 13.3 -999.9 -999.9 96.7 -999.9 -999.9 12.8 -999.9 -999.9 -999.9 -999.9 -999.9 5.4 -999.9 14.2 0.0 16.0 19.8 80.0 103.2 105.8 107.2 14.5 12.9 97.2 85.2 55.4 DCRS_-_São_Francisco_de_Paula/Cambará_do_Sul_(865_m) -999.9 -999.9 -999.9 -999.9 -999.9 12.9 12.0 0.0 Rio_Grande_do_Sul DCRS -999.9 0.0 19.8 860.9 860.91 860.77 1 0.08 860.91 860.91 860.91 861.35
-29.264900 -50.314899 DCRS-00084 2026-07-29_02:37 13.3 -999.9 -999.9 96.8 -999.9 -999.9 12.8 -999.9 -999.9 -999.9 -999.9 -999.9 5.0 -999.9 14.2 0.0 16.0 19.8 80.0 103.2 105.8 107.2 14.5 12.9 97.2 85.2 55.4 DCRS_-_São_Francisco_de_Paula/Cambará_do_Sul_(865_m) -999.9 -999.9 -999.9 -999.9 -999.9 12.9 12.0 0.0 Rio_Grande_do_Sul DCRS -999.9 0.0 19.8 860.89 860.91 860.77 1 0.09 860.91 860.91 860.91 861.35
-29.264900 -50.314899 DCRS-00084 2026-07-29_02:38 13.3 -999.9 -999.9 96.9 -999.9 -999.9 12.8 -999.9 -999.9 -999.9 -999.9 -999.9 4.9 -999.9 14.2 0.0 16.0 19.8 80.0 103.2 105.8 107.2 14.5 12.9 97.2 85.2 55.4 DCRS_-_São_Francisco_de_Paula/Cambará_do_Sul_(865_m) -999.9 -999.9 -999.9 -999.9 -999.9 12.9 12.0 0.0 Rio_Grande_do_Sul DCRS -999.9 0.0 19.8 860.89 860.91 860.77 1 0.1 860.91 860.91 860.91 861.35
-29.264900 -50.314899 DCRS-00084 2026-07-29_02:39 13.2 -999.9 -999.9 96.9 -999.9 -999.9 12.7 -999.9 -999.9 -999.9 -999.9 -999.9 6.4 -999.9 14.2 0.0 16.0 19.8 80.0 103.2 105.8 107.2 14.5 12.9 97.2 85.2 55.4 DCRS_-_São_Francisco_de_Paula/Cambará_do_Sul_(865_m) -999.9 -999.9 -999.9 -999.9 -999.9 12.9 12.0 0.0 Rio_Grande_do_Sul DCRS -999.9 0.0 19.8 860.9 860.91 860.77 1 0.08 860.91 860.91 860.91 861.35
-29.264900 -50.314899 DCRS-00084 2026-07-29_02:40 13.3 -999.9 -999.9 96.9 -999.9 -999.9 12.8 -999.9 -999.9 -999.9 -999.9 -999.9 11.8 -999.9 14.4 0.0 16.0 20.0 80.2 103.4 106.0 107.4 14.5 12.9 97.2 85.2 55.4 DCRS_-_São_Francisco_de_Paula/Cambará_do_Sul_(865_m) -999.9 -999.9 -999.9 -999.9 -999.9 12.9 12.0 0.0 Rio_Grande_do_Sul DCRS -999.9 0.0 20.0 860.89 860.91 860.77 1 0.05 860.91 860.91 860.91 861.35
-29.264900 -50.314899 DCRS-00084 2026-07-29_02:41 13.3 -999.9 -999.9 97.0 -999.9 -999.9 12.8 -999.9 -999.9 -999.9 -999.9 -999.9 -999.9 -999.9 14.4 0.0 15.8 20.0 80.2 103.4 106.0 107.4 14.5 12.9 97.2 85.2 55.4 DCRS_-_São_Francisco_de_Paula/Cambará_do_Sul_(865_m) -999.9 -999.9 -999.9 -999.9 -999.9 12.9 12.0 0.0 Rio_Grande_do_Sul DCRS -999.9 0.0 20.0 860.88 860.91 860.77 1 0.03 860.91 860.91 860.91 861.35
-29.264900 -50.314899 DCRS-00084 2026-07-29_02:42 13.3 -999.9 -999.9 97.0 -999.9 -999.9 12.8 -999.9 -999.9 -999.9 -999.9 -999.9 -999.9 -999.9 14.4 0.0 15.8 20.0 80.2 103.4 106.0 107.4 14.5 12.9 97.2 85.2 55.4 DCRS_-_São_Francisco_de_Paula/Cambará_do_Sul_(865_m) -999.9 -999.9 -999.9 -999.9 -999.9 12.9 12.0 0.0 Rio_Grande_do_Sul DCRS -999.9 0.0 20.0 860.91 860.91 860.77 1 0.07 860.91 860.91 860.91 861.35
-29.264900 -50.314899 DCRS-00084 2026-07-29_02:43 13.4 -999.9 -999.9 97.0 -999.9 -999.9 12.9 -999.9 -999.9 -999.9 -999.9 -999.9 8.5 -999.9 14.4 0.0 15.8 20.0 80.2 103.4 106.0 107.4 14.5 12.9 97.2 85.2 55.4 DCRS_-_São_Francisco_de_Paula/Cambará_do_Sul_(865_m) -999.9 -999.9 -999.9 -999.9 -999.9 12.9 12.0 0.0 Rio_Grande_do_Sul DCRS -999.9 0.0 20.0 860.88 860.91 860.77 1 0.03 860.91 860.91 860.91 861.35
-29.264900 -50.314899 DCRS-00084 2026-07-29_02:44 13.3 -999.9 -999.9 97.0 -999.9 -999.9 12.8 -999.9 -999.9 -999.9 -999.9 -999.9 9.7 -999.9 14.4 0.0 15.8 20.0 80.2 103.4 106.0 107.4 14.5 12.9 97.2 85.2 55.4 DCRS_-_São_Francisco_de_Paula/Cambará_do_Sul_(865_m) -999.9 -999.9 -999.9 -999.9 -999.9 12.9 12.0 0.0 Rio_Grande_do_Sul DCRS -999.9 0.0 20.0 860.89 860.91 860.77 1 0.06 860.91 860.91 860.91 861.35
-29.264900 -50.314899 DCRS-00084 2026-07-29_02:45 13.4 -999.9 -999.9 97.0 -999.9 -999.9 12.9 -999.9 -999.9 -999.9 -999.9 -999.9 11.4 -999.9 19.3 0.0 15.8 20.0 80.2 103.4 106.0 107.4 14.5 12.9 97.2 85.2 55.4 DCRS_-_São_Francisco_de_Paula/Cambará_do_Sul_(865_m) -999.9 -999.9 -999.9 -999.9 -999.9 12.9 12.0 0.0 Rio_Grande_do_Sul DCRS -999.9 0.0 20.0 860.9 860.91 860.77 1 0.09 860.91 860.91 860.91 861.35
-29.264900 -50.314899 DCRS-00084 2026-07-29_02:46 13.4 -999.9 -999.9 97.0 -999.9 -999.9 12.9 -999.9 -999.9 -999.9 -999.9 -999.9 9.9 -999.9 19.3 0.0 15.8 20.0 80.2 103.4 106.0 107.4 14.5 12.9 97.2 85.2 55.4 DCRS_-_São_Francisco_de_Paula/Cambará_do_Sul_(865_m) -999.9 -999.9 -999.9 -999.9 -999.9 12.9 12.0 0.0 Rio_Grande_do_Sul DCRS -999.9 0.4 20.0 860.9 860.91 860.77 1 0.1 860.91 860.91 860.91 861.35
-29.264900 -50.314899 DCRS-00084 2026-07-29_02:47 13.4 -999.9 -999.9 96.9 -999.9 -999.9 12.9 -999.9 -999.9 -999.9 -999.9 -999.9 7.7 -999.9 19.3 0.0 15.8 20.0 80.2 103.4 106.0 107.4 14.5 12.9 97.2 85.2 55.4 DCRS_-_São_Francisco_de_Paula/Cambará_do_Sul_(865_m) -999.9 -999.9 -999.9 -999.9 -999.9 12.9 12.0 0.0 Rio_Grande_do_Sul DCRS -999.9 0.0 20.0 860.92 860.92 860.77 1 0.14 860.92 860.92 860.92 861.35
-29.264900 -50.314899 DCRS-00084 2026-07-29_02:48 13.4 -999.9 -999.9 97.0 -999.9 -999.9 12.9 -999.9 -999.9 -999.9 -999.9 -999.9 8.8 -999.9 19.3 0.0 15.8 20.4 80.6 103.8 106.4 107.8 14.5 12.9 97.2 85.2 55.4 DCRS_-_São_Francisco_de_Paula/Cambará_do_Sul_(865_m) -999.9 -999.9 -999.9 -999.9 -999.9 12.9 12.0 0.0 Rio_Grande_do_Sul DCRS -999.9 0.0 20.4 860.88 860.92 860.77 1 0.09 860.92 860.92 860.92 861.35
-29.264900 -50.314899 DCRS-00084 2026-07-29_02:49 13.4 -999.9 -999.9 96.9 -999.9 -999.9 12.9 -999.9 -999.9 -999.9 -999.9 -999.9 3.9 -999.9 19.3 0.0 15.8 20.4 80.6 103.8 106.4 107.8 14.5 12.9 97.2 85.2 55.4 DCRS_-_São_Francisco_de_Paula/Cambará_do_Sul_(865_m) -999.9 -999.9 -999.9 -999.9 -999.9 12.9 12.0 0.0 Rio_Grande_do_Sul DCRS -999.9 0.0 20.4 860.9 860.92 860.77 1 0.11 860.92 860.92 860.92 861.35
-29.264900 -50.314899 DCRS-00084 2026-07-29_02:50 13.4 -999.9 -999.9 96.9 -999.9 -999.9 12.9 -999.9 -999.9 -999.9 -999.9 -999.9 7.0 -999.9 18.4 0.0 15.8 20.4 80.6 103.8 106.4 107.8 14.5 12.9 97.2 85.2 55.4 DCRS_-_São_Francisco_de_Paula/Cambará_do_Sul_(865_m) -999.9 -999.9 -999.9 -999.9 -999.9 12.9 12.0 0.0 Rio_Grande_do_Sul DCRS -999.9 0.0 20.4 860.91 860.92 860.77 1 0.1 860.92 860.92 860.92 861.35
-29.264900 -50.314899 DCRS-00084 2026-07-29_02:51 13.5 -999.9 -999.9 97.0 -999.9 -999.9 13.0 -999.9 -999.9 -999.9 -999.9 -999.9 15.8 -999.9 18.4 0.0 15.8 20.4 80.6 103.8 106.4 107.8 14.5 12.9 97.2 85.2 55.4 DCRS_-_São_Francisco_de_Paula/Cambará_do_Sul_(865_m) -999.9 -999.9 -999.9 -999.9 -999.9 13.0 12.0 0.0 Rio_Grande_do_Sul DCRS -999.9 0.0 20.4 860.89 860.92 860.77 1 0.07 860.92 860.92 860.92 861.35
-29.264900 -50.314899 DCRS-00084 2026-07-29_02:52 13.5 -999.9 -999.9 97.0 -999.9 -999.9 13.0 -999.9 -999.9 -999.9 -999.9 -999.9 6.6 -999.9 18.4 0.0 15.6 20.6 80.8 104.0 106.6 108.0 14.5 12.9 97.2 85.2 55.4 DCRS_-_São_Francisco_de_Paula/Cambará_do_Sul_(865_m) -999.9 -999.9 -999.9 -999.9 -999.9 13.0 12.0 0.0 Rio_Grande_do_Sul DCRS -999.9 0.0 20.6 860.92 860.92 860.77 1 0.1 860.92 860.92 860.92 861.35
-29.264900 -50.314899 DCRS-00084 2026-07-29_02:53 13.5 -999.9 -999.9 97.0 -999.9 -999.9 13.0 -999.9 -999.9 -999.9 -999.9 -999.9 12.3 -999.9 18.4 0.0 15.6 20.6 80.8 104.0 106.6 108.0 14.5 12.9 97.2 85.2 55.4 DCRS_-_São_Francisco_de_Paula/Cambará_do_Sul_(865_m) -999.9 -999.9 -999.9 -999.9 -999.9 13.0 12.0 0.0 Rio_Grande_do_Sul DCRS -999.9 0.0 20.6 860.9 860.92 860.77 1 0.09 860.92 860.92 860.92 861.35
-29.264900 -50.314899 DCRS-00084 2026-07-29_02:54 13.5 -999.9 -999.9 97.2 -999.9 -999.9 13.1 -999.9 -999.9 -999.9 -999.9 -999.9 12.2 -999.9 18.4 0.0 15.6 20.6 80.8 104.0 106.6 108.0 14.5 12.9 97.2 85.2 55.4 DCRS_-_São_Francisco_de_Paula/Cambará_do_Sul_(865_m) -999.9 -999.9 -999.9 -999.9 -999.9 13.1 12.0 0.0 Rio_Grande_do_Sul DCRS -999.9 0.0 20.6 860.88 860.92 860.77 1 0.04 860.92 860.92 860.92 861.35
-29.264900 -50.314899 DCRS-00084 2026-07-29_02:55 13.5 -999.9 -999.9 97.2 -999.9 -999.9 13.1 -999.9 -999.9 -999.9 -999.9 -999.9 13.8 -999.9 26.9 0.0 15.6 20.6 80.8 104.0 106.6 108.0 14.5 12.9 97.2 85.2 55.4 DCRS_-_São_Francisco_de_Paula/Cambará_do_Sul_(865_m) -999.9 -999.9 -999.9 -999.9 -999.9 13.1 12.0 0.0 Rio_Grande_do_Sul DCRS -999.9 0.0 20.6 860.91 860.92 860.77 1 0.09 860.92 860.92 860.92 861.35
-29.264900 -50.314899 DCRS-00084 2026-07-29_02:56 13.6 -999.9 -999.9 97.1 -999.9 -999.9 13.1 -999.9 -999.9 -999.9 -999.9 -999.9 6.7 -999.9 26.9 0.0 15.6 20.8 81.0 104.2 106.8 108.2 14.5 12.9 97.2 85.2 55.4 DCRS_-_São_Francisco_de_Paula/Cambará_do_Sul_(865_m) -999.9 -999.9 -999.9 -999.9 -999.9 13.1 12.0 0.0 Rio_Grande_do_Sul DCRS -999.9 0.0 20.8 860.89 860.92 860.77 1 0.08 860.92 860.92 860.92 861.35
-29.264900 -50.314899 DCRS-00084 2026-07-29_02:57 13.6 -999.9 -999.9 97.1 -999.9 -999.9 13.1 -999.9 -999.9 -999.9 -999.9 -999.9 8.9 -999.9 26.9 0.0 13.8 20.8 81.0 104.2 106.8 108.2 14.5 12.9 97.2 85.2 55.4 DCRS_-_São_Francisco_de_Paula/Cambará_do_Sul_(865_m) -999.9 -999.9 -999.9 -999.9 -999.9 13.1 12.0 0.0 Rio_Grande_do_Sul DCRS -999.9 0.2 20.8 860.92 860.92 860.77 1 0.09 860.92 860.92 860.92 861.35
-29.264900 -50.314899 DCRS-00084 2026-07-29_02:58 13.6 -999.9 -999.9 97.0 -999.9 -999.9 13.1 -999.9 -999.9 -999.9 -999.9 -999.9 12.7 -999.9 26.9 0.0 13.8 20.8 81.0 104.2 106.8 108.2 14.5 12.9 97.2 85.2 55.4 DCRS_-_São_Francisco_de_Paula/Cambará_do_Sul_(865_m) -999.9 -999.9 -999.9 -999.9 -999.9 13.1 12.0 0.0 Rio_Grande_do_Sul DCRS -999.9 0.0 20.8 860.9 860.92 860.77 1 0.07 860.92 860.92 860.92 861.35
-29.264900 -50.314899 DCRS-00084 2026-07-29_02:59 13.6 -999.9 -999.9 96.8 -999.9 -999.9 13.1 -999.9 -999.9 -999.9 -999.9 -999.9 -999.9 -999.9 26.9 0.0 13.8 20.8 81.0 104.2 106.8 108.2 14.5 12.9 97.2 85.2 55.4 DCRS_-_São_Francisco_de_Paula/Cambará_do_Sul_(865_m) -999.9 -999.9 -999.9 -999.9 -999.9 13.1 12.0 0.0 Rio_Grande_do_Sul DCRS -999.9 0.0 20.8 860.93 860.93 860.77 1 0.08 860.93 860.93 860.93 861.35
-29.264900 -50.314899 DCRS-00084 2026-07-29_03:00 13.5 -999.9 -999.9 96.7 -999.9 -999.9 13.0 -999.9 -999.9 -999.9 -999.9 -999.9 8.5 -999.9 41.8 0.0 13.8 21.2 81.4 104.6 107.2 108.6 14.5 12.9 97.2 85.2 55.4 DCRS_-_São_Francisco_de_Paula/Cambará_do_Sul_(865_m) -999.9 -999.9 -999.9 -999.9 -999.9 13.1 12.0 0.0 Rio_Grande_do_Sul DCRS -999.9 0.0 21.2 860.89 860.93 860.77 1 0.05 860.93 860.93 860.93 861.35
-29.264900 -50.314899 DCRS-00084 2026-07-29_03:01 13.5 -999.9 -999.9 96.4 -999.9 -999.9 12.9 -999.9 -999.9 -999.9 -999.9 -999.9 10.2 -999.9 41.8 0.0 13.8 21.2 81.4 104.6 107.2 108.6 14.5 12.9 97.2 85.2 55.4 DCRS_-_São_Francisco_de_Paula/Cambará_do_Sul_(865_m) -999.9 -999.9 -999.9 -999.9 -999.9 13.1 12.0 0.0 Rio_Grande_do_Sul DCRS -999.9 0.0 21.2 860.9 860.93 860.77 1 0.06 860.93 860.93 860.93 861.35
-29.264900 -50.314899 DCRS-00084 2026-07-29_03:02 13.4 -999.9 -999.9 96.0 -999.9 -999.9 12.8 -999.9 -999.9 -999.9 -999.9 -999.9 20.9 -999.9 41.8 0.0 13.8 21.2 81.4 104.6 107.2 108.6 14.5 12.9 97.2 85.2 55.4 DCRS_-_São_Francisco_de_Paula/Cambará_do_Sul_(865_m) -999.9 -999.9 -999.9 -999.9 -999.9 13.1 12.0 0.0 Rio_Grande_do_Sul DCRS -999.9 0.0 21.2 860.92 860.93 860.77 1 0.09 860.93 860.93 860.93 861.35
-29.264900 -50.314899 DCRS-00084 2026-07-29_03:03 13.3 -999.9 -999.9 95.9 -999.9 -999.9 12.7 -999.9 -999.9 -999.9 -999.9 -999.9 16.0 -999.9 41.8 0.0 13.0 21.2 81.4 104.6 107.2 108.6 14.5 12.9 97.2 85.2 55.4 DCRS_-_São_Francisco_de_Paula/Cambará_do_Sul_(865_m) -999.9 -999.9 -999.9 -999.9 -999.9 13.1 12.0 0.0 Rio_Grande_do_Sul DCRS -999.9 0.0 21.2 860.92 860.93 860.77 1 0.08 860.93 860.93 860.93 861.35
-29.264900 -50.314899 DCRS-00084 2026-07-29_03:04 13.3 -999.9 -999.9 95.7 -999.9 -999.9 12.6 -999.9 -999.9 -999.9 -999.9 -999.9 16.3 -999.9 41.8 0.0 13.0 21.6 81.8 105.0 107.6 109.0 14.5 12.9 97.2 85.2 55.4 DCRS_-_São_Francisco_de_Paula/Cambará_do_Sul_(865_m) -999.9 -999.9 -999.9 -999.9 -999.9 13.1 12.0 0.0 Rio_Grande_do_Sul DCRS -999.9 0.0 21.6 860.91 860.93 860.77 1 0.05 860.93 860.93 860.93 861.35
-29.264900 -50.314899 DCRS-00084 2026-07-29_03:05 13.2 -999.9 -999.9 95.5 -999.9 -999.9 12.5 -999.9 -999.9 -999.9 -999.9 -999.9 26.3 -999.9 33.9 0.0 13.0 21.6 81.8 105.0 107.6 109.0 14.5 12.9 97.2 85.2 55.4 DCRS_-_São_Francisco_de_Paula/Cambará_do_Sul_(865_m) -999.9 -999.9 -999.9 -999.9 -999.9 13.1 12.0 0.0 Rio_Grande_do_Sul DCRS -999.9 0.0 21.6 860.93 860.93 860.77 1 0.07 860.93 860.93 860.93 861.35
-29.264900 -50.314899 DCRS-00084 2026-07-29_03:06 13.2 -999.9 -999.9 95.4 -999.9 -999.9 12.5 -999.9 -999.9 -999.9 -999.9 -999.9 18.5 -999.9 33.9 0.0 13.0 21.6 81.8 105.0 107.6 109.0 14.5 12.9 97.2 85.2 55.4 DCRS_-_São_Francisco_de_Paula/Cambará_do_Sul_(865_m) -999.9 -999.9 -999.9 -999.9 -999.9 13.1 12.0 0.0 Rio_Grande_do_Sul DCRS -999.9 0.0 21.6 860.92 860.93 860.77 1 0.05 860.93 860.93 860.93 861.35
-29.264900 -50.314899 DCRS-00084 2026-07-29_03:07 13.1 -999.9 -999.9 95.3 -999.9 -999.9 12.4 -999.9 -999.9 -999.9 -999.9 -999.9 19.1 -999.9 33.9 0.0 13.0 21.6 81.8 105.0 107.6 109.0 14.5 12.9 97.2 85.2 55.4 DCRS_-_São_Francisco_de_Paula/Cambará_do_Sul_(865_m) -999.9 -999.9 -999.9 -999.9 -999.9 13.1 12.0 0.0 Rio_Grande_do_Sul DCRS -999.9 0.0 21.6 860.92 860.93 860.77 1 0.04 860.93 860.93 860.93 861.35
-29.264900 -50.314899 DCRS-00084 2026-07-29_03:08 13.1 -999.9 -999.9 95.2 -999.9 -999.9 12.3 -999.9 -999.9 -999.9 -999.9 -999.9 19.2 -999.9 33.9 0.0 13.0 22.0 82.2 105.4 108.0 109.4 14.5 12.9 97.2 85.2 55.4 DCRS_-_São_Francisco_de_Paula/Cambará_do_Sul_(865_m) -999.9 -999.9 -999.9 -999.9 -999.9 13.1 12.0 0.0 Rio_Grande_do_Sul DCRS -999.9 0.0 22.0 860.93 860.93 860.77 1 0.08 860.93 860.93 860.93 861.35
-29.264900 -50.314899 DCRS-00084 2026-07-29_03:09 13.0 -999.9 -999.9 95.2 -999.9 -999.9 12.2 -999.9 -999.9 -999.9 -999.9 -999.9 10.8 -999.9 33.9 0.0 9.4 22.0 82.2 105.4 108.0 109.4 14.5 12.9 97.2 85.2 55.4 DCRS_-_São_Francisco_de_Paula/Cambará_do_Sul_(865_m) -999.9 -999.9 -999.9 -999.9 -999.9 13.1 12.0 0.0 Rio_Grande_do_Sul DCRS -999.9 0.2 22.0 860.92 860.93 860.77 1 0.05 860.93 860.93 860.93 861.35
-29.264900 -50.314899 DCRS-00084 2026-07-29_03:10 13.1 -999.9 -999.9 95.3 -999.9 -999.9 12.4 -999.9 -999.9 -999.9 -999.9 -999.9 9.1 -999.9 32.4 0.0 9.4 22.0 82.2 105.4 108.0 109.4 14.5 12.9 97.2 85.2 55.4 DCRS_-_São_Francisco_de_Paula/Cambará_do_Sul_(865_m) -999.9 -999.9 -999.9 -999.9 -999.9 13.1 12.0 0.0 Rio_Grande_do_Sul DCRS -999.9 0.0 22.0 860.92 860.93 860.77 1 0.07 860.93 860.93 860.93 861.35
-29.264900 -50.314899 DCRS-00084 2026-07-29_03:11 13.0 -999.9 -999.9 95.3 -999.9 -999.9 12.3 -999.9 -999.9 -999.9 -999.9 -999.9 11.5 -999.9 32.4 0.0 9.4 22.0 82.2 105.4 108.0 109.4 14.5 12.9 97.2 85.2 55.4 DCRS_-_São_Francisco_de_Paula/Cambará_do_Sul_(865_m) -999.9 -999.9 -999.9 -999.9 -999.9 13.1 12.0 0.0 Rio_Grande_do_Sul DCRS -999.9 0.0 22.0 860.93 860.93 860.77 1 0.09 860.93 860.93 860.93 861.35
-29.264900 -50.314899 DCRS-00084 2026-07-29_03:12 12.9 -999.9 -999.9 95.3 -999.9 -999.9 12.2 -999.9 -999.9 -999.9 -999.9 -999.9 4.8 -999.9 32.4 0.0 9.4 22.6 82.8 106.0 108.6 110.0 14.5 12.9 97.2 85.2 55.4 DCRS_-_São_Francisco_de_Paula/Cambará_do_Sul_(865_m) -999.9 -999.9 -999.9 -999.9 -999.9 13.1 12.0 0.0 Rio_Grande_do_Sul DCRS -999.9 0.0 22.6 860.93 860.93 860.77 1 0.07 860.93 860.93 860.93 861.35
-29.264900 -50.314899 DCRS-00084 2026-07-29_03:13 12.9 -999.9 -999.9 95.4 -999.9 -999.9 12.2 -999.9 -999.9 -999.9 -999.9 -999.9 3.0 -999.9 32.4 0.0 9.4 22.6 82.8 106.0 108.6 110.0 14.5 12.9 97.2 85.2 55.4 DCRS_-_São_Francisco_de_Paula/Cambará_do_Sul_(865_m) -999.9 -999.9 -999.9 -999.9 -999.9 13.1 12.0 0.0 Rio_Grande_do_Sul DCRS -999.9 0.0 22.6 860.91 860.93 860.77 1 0.06 860.93 860.93 860.93 861.35
-29.264900 -50.314899 DCRS-00084 2026-07-29_03:14 12.9 -999.9 -999.9 95.4 -999.9 -999.9 12.2 -999.9 -999.9 -999.9 -999.9 -999.9 8.9 -999.9 32.4 0.0 9.4 22.6 82.8 106.0 108.6 110.0 14.5 12.9 97.2 85.2 55.4 DCRS_-_São_Francisco_de_Paula/Cambará_do_Sul_(865_m) -999.9 -999.9 -999.9 -999.9 -999.9 13.1 12.0 0.0 Rio_Grande_do_Sul DCRS -999.9 0.0 22.6 860.92 860.93 860.77 1 0.07 860.93 860.93 860.93 861.35
-29.264900 -50.314899 DCRS-00084 2026-07-29_03:15 12.9 -999.9 -999.9 95.5 -999.9 -999.9 12.2 -999.9 -999.9 -999.9 -999.9 -999.9 4.7 -999.9 21.5 0.0 3.6 22.6 82.8 106.0 108.6 110.0 14.5 12.9 97.2 85.2 55.4 DCRS_-_São_Francisco_de_Paula/Cambará_do_Sul_(865_m) -999.9 -999.9 -999.9 -999.9 -999.9 13.1 12.0 0.0 Rio_Grande_do_Sul DCRS -999.9 0.0 22.6 860.94 860.94 860.77 1 0.07 860.94 860.94 860.94 861.35
-29.264900 -50.314899 DCRS-00084 2026-07-29_03:16 12.9 -999.9 -999.9 95.6 -999.9 -999.9 12.2 -999.9 -999.9 -999.9 -999.9 -999.9 2.5 -999.9 21.5 0.0 3.6 22.8 83.0 106.2 108.8 110.2 14.5 12.9 97.2 85.2 55.4 DCRS_-_São_Francisco_de_Paula/Cambará_do_Sul_(865_m) -999.9 -999.9 -999.9 -999.9 -999.9 13.1 12.0 0.0 Rio_Grande_do_Sul DCRS -999.9 0.0 22.8 860.9 860.94 860.77 1 0.03 860.94 860.94 860.94 861.35
-29.264900 -50.314899 DCRS-00084 2026-07-29_03:17 12.8 -999.9 -999.9 95.7 -999.9 -999.9 12.1 -999.9 -999.9 -999.9 -999.9 -999.9 6.9 -999.9 21.5 0.0 3.6 22.8 83.0 106.2 108.8 110.2 14.5 12.8 97.2 85.2 55.4 DCRS_-_São_Francisco_de_Paula/Cambará_do_Sul_(865_m) -999.9 -999.9 -999.9 -999.9 -999.9 13.1 12.0 0.0 Rio_Grande_do_Sul DCRS -999.9 0.0 22.8 860.93 860.94 860.77 1 0.05 860.94 860.94 860.94 861.35
-29.264900 -50.314899 DCRS-00084 2026-07-29_03:18 12.9 -999.9 -999.9 95.7 -999.9 -999.9 12.2 -999.9 -999.9 -999.9 -999.9 -999.9 3.9 -999.9 21.5 0.0 3.6 22.8 83.0 106.2 108.8 110.2 14.5 12.8 97.2 85.2 55.4 DCRS_-_São_Francisco_de_Paula/Cambará_do_Sul_(865_m) -999.9 -999.9 -999.9 -999.9 -999.9 13.1 12.0 0.0 Rio_Grande_do_Sul DCRS -999.9 0.0 22.8 860.91 860.94 860.77 1 0.04 860.94 860.94 860.94 861.35
-29.264900 -50.314899 DCRS-00084 2026-07-29_03:19 12.9 -999.9 -999.9 95.8 -999.9 -999.9 12.2 -999.9 -999.9 -999.9 -999.9 -999.9 7.3 -999.9 21.5 0.0 3.6 22.8 83.0 106.2 108.8 110.2 14.5 12.8 97.2 85.2 55.4 DCRS_-_São_Francisco_de_Paula/Cambará_do_Sul_(865_m) -999.9 -999.9 -999.9 -999.9 -999.9 13.1 12.0 0.0 Rio_Grande_do_Sul DCRS -999.9 0.0 22.8 860.93 860.94 860.77 1 0.05 860.94 860.94 860.94 861.35
-29.264900 -50.314899 DCRS-00084 2026-07-29_03:20 12.9 -999.9 -999.9 95.9 -999.9 -999.9 12.3 -999.9 -999.9 -999.9 -999.9 -999.9 17.0 -999.9 20.3 0.0 3.6 23.0 83.2 106.4 109.0 110.4 14.5 12.8 97.2 85.2 55.4 DCRS_-_São_Francisco_de_Paula/Cambará_do_Sul_(865_m) -999.9 -999.9 -999.9 -999.9 -999.9 13.1 12.0 0.0 Rio_Grande_do_Sul DCRS -999.9 0.0 23.0 860.94 860.94 860.77 1 0.06 860.94 860.94 860.94 861.35
-29.264900 -50.314899 DCRS-00084 2026-07-29_03:21 12.8 -999.9 -999.9 95.9 -999.9 -999.9 12.2 -999.9 -999.9 -999.9 -999.9 -999.9 6.8 -999.9 20.3 0.0 3.4 23.0 83.2 106.4 109.0 110.4 14.5 12.8 97.2 85.2 55.4 DCRS_-_São_Francisco_de_Paula/Cambará_do_Sul_(865_m) -999.9 -999.9 -999.9 -999.9 -999.9 13.1 12.0 0.0 Rio_Grande_do_Sul DCRS -999.9 0.0 23.0 860.94 860.94 860.77 1 0.07 860.94 860.94 860.94 861.35
-29.264900 -50.314899 DCRS-00084 2026-07-29_03:22 12.9 -999.9 -999.9 96.0 -999.9 -999.9 12.3 -999.9 -999.9 -999.9 -999.9 -999.9 15.7 -999.9 20.3 0.0 3.4 23.0 83.2 106.4 109.0 110.4 14.5 12.8 97.2 85.2 55.4 DCRS_-_São_Francisco_de_Paula/Cambará_do_Sul_(865_m) -999.9 -999.9 -999.9 -999.9 -999.9 13.1 12.0 0.0 Rio_Grande_do_Sul DCRS -999.9 0.0 23.0 860.93 860.94 860.77 1 0.06 860.94 860.94 860.94 861.35
-29.264900 -50.314899 DCRS-00084 2026-07-29_03:25 12.8 -999.9 -999.9 95.9 -999.9 -999.9 12.2 -999.9 -999.9 -999.9 -999.9 -999.9 -999.9 -999.9 20.3 0.0 3.4 23.0 83.2 106.4 109.0 110.4 14.5 12.8 97.2 85.2 55.4 DCRS_-_São_Francisco_de_Paula/Cambará_do_Sul_(865_m) -999.9 -999.9 -999.9 -999.9 -999.9 13.1 12.0 0.0 Rio_Grande_do_Sul DCRS -999.9 0.0 23.0 860.91 860.94 860.77 1 0.03 860.94 860.94 860.94 861.35
-29.264900 -50.314899 DCRS-00084 2026-07-29_03:26 12.8 -999.9 -999.9 95.8 -999.9 -999.9 12.1 -999.9 -999.9 -999.9 -999.9 -999.9 17.4 -999.9 20.3 0.0 3.4 23.0 83.2 106.4 109.0 110.4 14.5 12.8 97.2 85.2 55.4 DCRS_-_São_Francisco_de_Paula/Cambará_do_Sul_(865_m) -999.9 -999.9 -999.9 -999.9 -999.9 13.1 12.0 0.0 Rio_Grande_do_Sul DCRS -999.9 0.0 23.0 860.93 860.94 860.77 1 0.03 860.94 860.94 860.94 861.35
-29.264900 -50.314899 DCRS-00084 2026-07-29_03:27 12.9 -999.9 -999.9 95.7 -999.9 -999.9 12.2 -999.9 -999.9 -999.9 -999.9 -999.9 11.6 -999.9 20.3 0.0 4.0 23.0 83.2 106.4 109.0 110.4 14.5 12.8 97.2 85.2 55.4 DCRS_-_São_Francisco_de_Paula/Cambará_do_Sul_(865_m) -999.9 -999.9 -999.9 -999.9 -999.9 13.1 12.0 0.0 Rio_Grande_do_Sul DCRS -999.9 0.4 23.0 860.92 860.94 860.77 1 0.02 860.94 860.94 860.94 861.35
-29.264900 -50.314899 DCRS-00084 2026-07-29_03:28 12.8 -999.9 -999.9 95.6 -999.9 -999.9 12.1 -999.9 -999.9 -999.9 -999.9 -999.9 13.5 -999.9 20.3 0.0 4.0 23.4 83.6 106.8 109.4 110.8 14.5 12.8 97.2 85.2 55.4 DCRS_-_São_Francisco_de_Paula/Cambará_do_Sul_(865_m) -999.9 -999.9 -999.9 -999.9 -999.9 13.1 12.0 0.0 Rio_Grande_do_Sul DCRS -999.9 0.0 23.4 860.92 860.94 860.77 1 0.02 860.94 860.94 860.94 861.35
-29.264900 -50.314899 DCRS-00084 2026-07-29_03:29 12.8 -999.9 -999.9 95.6 -999.9 -999.9 12.1 -999.9 -999.9 -999.9 -999.9 -999.9 18.0 -999.9 20.3 0.0 4.0 23.4 83.6 106.8 109.4 110.8 14.5 12.8 97.2 85.2 55.4 DCRS_-_São_Francisco_de_Paula/Cambará_do_Sul_(865_m) -999.9 -999.9 -999.9 -999.9 -999.9 13.1 12.0 0.0 Rio_Grande_do_Sul DCRS -999.9 0.0 23.4 860.95 860.95 860.77 1 0.05 860.95 860.95 860.95 861.35
-29.264900 -50.314899 DCRS-00084 2026-07-29_03:30 12.8 -999.9 -999.9 95.5 -999.9 -999.9 12.1 -999.9 -999.9 -999.9 -999.9 -999.9 19.9 -999.9 28.7 0.0 4.0 23.4 83.6 106.8 109.4 110.8 14.5 12.8 97.2 85.2 55.4 DCRS_-_São_Francisco_de_Paula/Cambará_do_Sul_(865_m) -999.9 -999.9 -999.9 -999.9 -999.9 13.1 12.0 0.0 Rio_Grande_do_Sul DCRS -999.9 0.0 23.4 860.93 860.95 860.77 1 0.06 860.95 860.95 860.95 861.35
-29.264900 -50.314899 DCRS-00084 2026-07-29_03:31 12.7 -999.9 -999.9 95.4 -999.9 -999.9 12.0 -999.9 -999.9 -999.9 -999.9 -999.9 9.8 -999.9 28.7 0.0 4.0 23.4 83.6 106.8 109.4 110.8 14.5 12.7 97.2 85.2 55.4 DCRS_-_São_Francisco_de_Paula/Cambará_do_Sul_(865_m) -999.9 -999.9 -999.9 -999.9 -999.9 13.1 12.0 0.0 Rio_Grande_do_Sul DCRS -999.9 0.0 23.4 860.94 860.95 860.77 1 0.06 860.95 860.95 860.95 861.35
-29.264900 -50.314899 DCRS-00084 2026-07-29_03:32 12.7 -999.9 -999.9 95.5 -999.9 -999.9 12.0 -999.9 -999.9 -999.9 -999.9 -999.9 18.8 -999.9 28.7 0.0 4.4 24.0 84.2 107.4 110.0 111.4 14.5 12.7 97.2 85.2 55.4 DCRS_-_São_Francisco_de_Paula/Cambará_do_Sul_(865_m) -999.9 -999.9 -999.9 -999.9 -999.9 13.1 12.0 0.0 Rio_Grande_do_Sul DCRS -999.9 0.2 24.0 860.93 860.95 860.77 1 0.03 860.95 860.95 860.95 861.35
-29.264900 -50.314899 DCRS-00084 2026-07-29_03:33 12.8 -999.9 -999.9 95.4 -999.9 -999.9 12.1 -999.9 -999.9 -999.9 -999.9 -999.9 13.9 -999.9 28.7 0.0 4.4 24.0 84.2 107.4 110.0 111.4 14.5 12.7 97.2 85.2 55.4 DCRS_-_São_Francisco_de_Paula/Cambará_do_Sul_(865_m) -999.9 -999.9 -999.9 -999.9 -999.9 13.1 12.0 0.0 Rio_Grande_do_Sul DCRS -999.9 0.0 24.0 860.93 860.95 860.77 1 0.03 860.95 860.95 860.95 861.35
-29.264900 -50.314899 DCRS-00084 2026-07-29_03:34 12.7 -999.9 -999.9 95.5 -999.9 -999.9 12.0 -999.9 -999.9 -999.9 -999.9 -999.9 16.1 -999.9 28.7 0.0 4.4 24.0 84.2 107.4 110.0 111.4 14.5 12.7 97.2 85.2 55.4 DCRS_-_São_Francisco_de_Paula/Cambará_do_Sul_(865_m) -999.9 -999.9 -999.9 -999.9 -999.9 13.1 12.0 0.0 Rio_Grande_do_Sul DCRS -999.9 0.0 24.0 860.94 860.95 860.77 1 0.03 860.95 860.95 860.95 861.35
-29.264900 -50.314899 DCRS-00084 2026-07-29_03:35 12.7 -999.9 -999.9 95.4 -999.9 -999.9 12.0 -999.9 -999.9 -999.9 -999.9 -999.9 26.8 -999.9 31.5 0.0 4.4 24.0 84.2 107.4 110.0 111.4 14.5 12.7 97.2 85.2 55.4 DCRS_-_São_Francisco_de_Paula/Cambará_do_Sul_(865_m) -999.9 -999.9 -999.9 -999.9 -999.9 13.1 12.0 0.0 Rio_Grande_do_Sul DCRS -999.9 0.0 24.0 860.95 860.95 860.77 1 0.04 860.95 860.95 860.95 861.35
-29.264900 -50.314899 DCRS-00084 2026-07-29_03:36 12.7 -999.9 -999.9 95.3 -999.9 -999.9 12.0 -999.9 -999.9 -999.9 -999.9 -999.9 17.1 -999.9 31.5 0.0 4.4 24.6 84.8 108.0 110.6 112.0 14.5 12.7 97.2 85.2 55.4 DCRS_-_São_Francisco_de_Paula/Cambará_do_Sul_(865_m) -999.9 -999.9 -999.9 -999.9 -999.9 13.1 12.0 0.0 Rio_Grande_do_Sul DCRS -999.9 0.0 24.6 860.95 860.95 860.77 1 0.05 860.95 860.95 860.95 861.35
-29.264900 -50.314899 DCRS-00084 2026-07-29_03:37 12.7 -999.9 -999.9 95.2 -999.9 -999.9 11.9 -999.9 -999.9 -999.9 -999.9 -999.9 7.5 -999.9 31.5 0.0 4.6 24.6 84.8 108.0 110.6 112.0 14.5 12.7 97.2 85.2 55.4 DCRS_-_São_Francisco_de_Paula/Cambará_do_Sul_(865_m) -999.9 -999.9 -999.9 -999.9 -999.9 13.1 11.9 0.0 Rio_Grande_do_Sul DCRS -999.9 0.0 24.6 860.95 860.95 860.77 1 0.06 860.95 860.95 860.95 861.35
-29.264900 -50.314899 DCRS-00084 2026-07-29_03:38 12.7 -999.9 -999.9 95.2 -999.9 -999.9 11.9 -999.9 -999.9 -999.9 -999.9 -999.9 10.5 -999.9 31.5 0.0 4.6 24.6 84.8 108.0 110.6 112.0 14.5 12.7 97.2 85.2 55.4 DCRS_-_São_Francisco_de_Paula/Cambará_do_Sul_(865_m) -999.9 -999.9 -999.9 -999.9 -999.9 13.1 11.9 0.0 Rio_Grande_do_Sul DCRS -999.9 0.0 24.6 860.96 860.96 860.77 1 0.07 860.96 860.96 860.96 861.35
-29.264900 -50.314899 DCRS-00084 2026-07-29_03:39 12.6 -999.9 -999.9 95.1 -999.9 -999.9 11.8 -999.9 -999.9 -999.9 -999.9 -999.9 20.0 -999.9 31.5 0.0 4.6 24.6 84.8 108.0 110.6 112.0 14.5 12.6 97.2 85.2 55.4 DCRS_-_São_Francisco_de_Paula/Cambará_do_Sul_(865_m) -999.9 -999.9 -999.9 -999.9 -999.9 13.1 11.8 0.0 Rio_Grande_do_Sul DCRS -999.9 0.0 24.6 860.95 860.96 860.77 1 0.05 860.96 860.96 860.96 861.35
-29.264900 -50.314899 DCRS-00084 2026-07-29_03:40 12.6 -999.9 -999.9 95.0 -999.9 -999.9 11.8 -999.9 -999.9 -999.9 -999.9 -999.9 16.4 -999.9 31.5 0.0 4.6 24.8 85.0 108.2 110.8 112.2 14.5 12.6 97.2 85.2 55.4 DCRS_-_São_Francisco_de_Paula/Cambará_do_Sul_(865_m) -999.9 -999.9 -999.9 -999.9 -999.9 13.1 11.8 0.0 Rio_Grande_do_Sul DCRS -999.9 0.0 24.8 860.96 860.96 860.77 1 0.07 860.96 860.96 860.96 861.35
-29.264900 -50.314899 DCRS-00084 2026-07-29_03:41 12.6 -999.9 -999.9 95.2 -999.9 -999.9 11.8 -999.9 -999.9 -999.9 -999.9 -999.9 8.3 -999.9 31.5 0.0 4.6 24.8 85.0 108.2 110.8 112.2 14.5 12.6 97.2 85.2 55.4 DCRS_-_São_Francisco_de_Paula/Cambará_do_Sul_(865_m) -999.9 -999.9 -999.9 -999.9 -999.9 13.1 11.8 0.0 Rio_Grande_do_Sul DCRS -999.9 0.0 24.8 860.94 860.96 860.77 1 0.03 860.96 860.96 860.96 861.35
-29.264900 -50.314899 DCRS-00084 2026-07-29_03:42 12.5 -999.9 -999.9 95.3 -999.9 -999.9 11.8 -999.9 -999.9 -999.9 -999.9 -999.9 9.9 -999.9 31.5 0.0 4.6 24.8 85.0 108.2 110.8 112.2 14.5 12.5 97.2 85.2 55.4 DCRS_-_São_Francisco_de_Paula/Cambará_do_Sul_(865_m) -999.9 -999.9 -999.9 -999.9 -999.9 13.1 11.8 0.0 Rio_Grande_do_Sul DCRS -999.9 0.0 24.8 860.95 860.96 860.77 1 0.04 860.96 860.96 860.96 861.35
-29.264900 -50.314899 DCRS-00084 2026-07-29_03:43 12.5 -999.9 -999.9 95.5 -999.9 -999.9 11.8 -999.9 -999.9 -999.9 -999.9 -999.9 0.0 -999.9 31.5 0.0 4.8 24.8 85.0 108.2 110.8 112.2 14.5 12.5 97.2 85.2 55.4 DCRS_-_São_Francisco_de_Paula/Cambará_do_Sul_(865_m) -999.9 -999.9 -999.9 -999.9 -999.9 13.1 11.8 0.0 Rio_Grande_do_Sul DCRS -999.9 0.4 24.8 860.96 860.96 860.77 1 0.08 860.96 860.96 860.96 861.35
-29.264900 -50.314899 DCRS-00084 2026-07-29_03:44 12.5 -999.9 -999.9 95.4 -999.9 -999.9 11.8 -999.9 -999.9 -999.9 -999.9 -999.9 10.5 -999.9 31.5 0.0 4.8 25.4 85.6 108.8 111.4 112.8 14.5 12.5 97.2 85.2 55.4 DCRS_-_São_Francisco_de_Paula/Cambará_do_Sul_(865_m) -999.9 -999.9 -999.9 -999.9 -999.9 13.1 11.8 0.0 Rio_Grande_do_Sul DCRS -999.9 0.0 25.4 860.92 860.96 860.77 1 0.03 860.96 860.96 860.96 861.35
-29.264900 -50.314899 DCRS-00084 2026-07-29_03:45 12.4 -999.9 -999.9 95.3 -999.9 -999.9 11.7 -999.9 -999.9 -999.9 -999.9 -999.9 4.7 -999.9 20.7 0.0 4.8 25.4 85.6 108.8 111.4 112.8 14.5 12.4 97.2 85.2 55.4 DCRS_-_São_Francisco_de_Paula/Cambará_do_Sul_(865_m) -999.9 -999.9 -999.9 -999.9 -999.9 13.1 11.7 0.0 Rio_Grande_do_Sul DCRS -999.9 0.0 25.4 860.97 860.97 860.77 1 0.07 860.97 860.97 860.97 861.35
-29.264900 -50.314899 DCRS-00084 2026-07-29_03:46 12.3 -999.9 -999.9 95.3 -999.9 -999.9 11.6 -999.9 -999.9 -999.9 -999.9 -999.9 16.2 -999.9 20.7 0.0 4.8 25.4 85.6 108.8 111.4 112.8 14.5 12.3 97.2 85.2 55.4 DCRS_-_São_Francisco_de_Paula/Cambará_do_Sul_(865_m) -999.9 -999.9 -999.9 -999.9 -999.9 13.1 11.6 0.0 Rio_Grande_do_Sul DCRS -999.9 0.0 25.4 860.96 860.97 860.77 1 0.06 860.97 860.97 860.97 861.35
-29.264900 -50.314899 DCRS-00084 2026-07-29_03:47 12.3 -999.9 -999.9 95.2 -999.9 -999.9 11.5 -999.9 -999.9 -999.9 -999.9 -999.9 10.7 -999.9 20.7 0.0 4.8 25.4 85.6 108.8 111.4 112.8 14.5 12.3 97.2 85.2 55.4 DCRS_-_São_Francisco_de_Paula/Cambará_do_Sul_(865_m) -999.9 -999.9 -999.9 -999.9 -999.9 13.1 11.5 0.0 Rio_Grande_do_Sul DCRS -999.9 0.0 25.4 860.93 860.97 860.77 1 0.01 860.97 860.97 860.97 861.35
-29.264900 -50.314899 DCRS-00084 2026-07-29_03:48 12.3 -999.9 -999.9 95.0 -999.9 -999.9 11.5 -999.9 -999.9 -999.9 -999.9 -999.9 10.5 -999.9 20.7 0.0 4.8 26.0 86.2 109.4 112.0 113.4 14.5 12.3 97.2 85.2 55.4 DCRS_-_São_Francisco_de_Paula/Cambará_do_Sul_(865_m) -999.9 -999.9 -999.9 -999.9 -999.9 13.1 11.5 0.0 Rio_Grande_do_Sul DCRS -999.9 0.0 26.0 860.97 860.97 860.77 1 0.09 860.97 860.97 860.97 861.35
-29.264900 -50.314899 DCRS-00084 2026-07-29_03:49 12.2 -999.9 -999.9 95.0 -999.9 -999.9 11.4 -999.9 -999.9 -999.9 -999.9 -999.9 12.9 -999.9 20.7 0.0 4.8 26.0 86.2 109.4 112.0 113.4 14.5 12.2 97.2 85.2 55.4 DCRS_-_São_Francisco_de_Paula/Cambará_do_Sul_(865_m) -999.9 -999.9 -999.9 -999.9 -999.9 13.1 11.4 0.0 Rio_Grande_do_Sul DCRS -999.9 0.0 26.0 860.96 860.97 860.77 1 0.06 860.97 860.97 860.97 861.35
-29.264900 -50.314899 DCRS-00084 2026-07-29_03:50 12.2 -999.9 -999.9 95.0 -999.9 -999.9 11.4 -999.9 -999.9 -999.9 -999.9 -999.9 10.2 -999.9 21.5 0.0 4.8 26.0 86.2 109.4 112.0 113.4 14.5 12.2 97.2 85.2 55.4 DCRS_-_São_Francisco_de_Paula/Cambará_do_Sul_(865_m) -999.9 -999.9 -999.9 -999.9 -999.9 13.1 11.4 0.0 Rio_Grande_do_Sul DCRS -999.9 0.0 26.0 860.97 860.97 860.77 1 0.06 860.97 860.97 860.97 861.35
-29.264900 -50.314899 DCRS-00084 2026-07-29_03:51 12.1 -999.9 -999.9 94.9 -999.9 -999.9 11.3 -999.9 -999.9 -999.9 -999.9 -999.9 15.7 -999.9 21.5 0.0 4.8 26.0 86.2 109.4 112.0 113.4 14.5 12.1 97.2 85.2 55.4 DCRS_-_São_Francisco_de_Paula/Cambará_do_Sul_(865_m) -999.9 -999.9 -999.9 -999.9 -999.9 13.1 11.3 0.0 Rio_Grande_do_Sul DCRS -999.9 0.0 26.0 860.94 860.97 860.77 1 0.05 860.97 860.97 860.97 861.35
-29.264900 -50.314899 DCRS-00084 2026-07-29_03:52 12.0 -999.9 -999.9 94.9 -999.9 -999.9 11.2 -999.9 -999.9 -999.9 -999.9 -999.9 7.9 -999.9 21.5 0.0 4.8 26.2 86.4 109.6 112.2 113.6 14.5 12.0 97.2 85.2 55.4 DCRS_-_São_Francisco_de_Paula/Cambará_do_Sul_(865_m) -999.9 -999.9 -999.9 -999.9 -999.9 13.1 11.2 0.0 Rio_Grande_do_Sul DCRS -999.9 0.0 26.2 860.94 860.97 860.77 1 0.02 860.97 860.97 860.97 861.35
-29.264900 -50.314899 DCRS-00084 2026-07-29_03:53 12.0 -999.9 -999.9 94.8 -999.9 -999.9 11.2 -999.9 -999.9 -999.9 -999.9 -999.9 8.3 -999.9 21.5 0.0 4.8 26.2 86.4 109.6 112.2 113.6 14.5 12.0 97.2 85.2 55.4 DCRS_-_São_Francisco_de_Paula/Cambará_do_Sul_(865_m) -999.9 -999.9 -999.9 -999.9 -999.9 13.1 11.2 0.0 Rio_Grande_do_Sul DCRS -999.9 0.0 26.2 860.94 860.97 860.77 1 0.04 860.97 860.97 860.97 861.35
-29.264900 -50.314899 DCRS-00084 2026-07-29_03:54 11.9 -999.9 -999.9 94.8 -999.9 -999.9 11.1 -999.9 -999.9 -999.9 -999.9 -999.9 17.2 -999.9 21.5 0.0 4.8 26.2 86.4 109.6 112.2 113.6 14.5 11.9 97.2 85.2 55.4 DCRS_-_São_Francisco_de_Paula/Cambará_do_Sul_(865_m) -999.9 -999.9 -999.9 -999.9 -999.9 13.1 11.1 0.0 Rio_Grande_do_Sul DCRS -999.9 0.0 26.2 860.97 860.97 860.77 1 0.09 860.97 860.97 860.97 861.35
-29.264900 -50.314899 DCRS-00084 2026-07-29_03:55 11.9 -999.9 -999.9 94.9 -999.9 -999.9 11.1 -999.9 -999.9 -999.9 -999.9 -999.9 0.0 -999.9 25.2 0.0 5.2 26.2 86.4 109.6 112.2 113.6 14.5 11.9 97.2 85.2 55.4 DCRS_-_São_Francisco_de_Paula/Cambará_do_Sul_(865_m) -999.9 -999.9 -999.9 -999.9 -999.9 13.1 11.1 0.0 Rio_Grande_do_Sul DCRS -999.9 0.4 26.2 860.97 860.97 860.77 1 0.06 860.97 860.97 860.97 861.35
-29.264900 -50.314899 DCRS-00084 2026-07-29_03:56 11.9 -999.9 -999.9 94.8 -999.9 -999.9 11.1 -999.9 -999.9 -999.9 -999.9 -999.9 12.7 -999.9 25.2 0.0 5.2 26.8 87.0 110.2 112.8 114.2 14.5 11.9 97.2 85.2 55.4 DCRS_-_São_Francisco_de_Paula/Cambará_do_Sul_(865_m) -999.9 -999.9 -999.9 -999.9 -999.9 13.1 11.1 0.0 Rio_Grande_do_Sul DCRS -999.9 0.0 26.8 860.95 860.97 860.77 1 0.06 860.97 860.97 860.97 861.35
-29.264900 -50.314899 DCRS-00084 2026-07-29_03:57 11.8 -999.9 -999.9 95.0 -999.9 -999.9 11.0 -999.9 -999.9 -999.9 -999.9 -999.9 3.0 -999.9 25.2 0.0 5.2 26.8 87.0 110.2 112.8 114.2 14.5 11.8 97.2 85.2 55.4 DCRS_-_São_Francisco_de_Paula/Cambará_do_Sul_(865_m) -999.9 -999.9 -999.9 -999.9 -999.9 13.1 11.0 0.0 Rio_Grande_do_Sul DCRS -999.9 0.0 26.8 860.95 860.97 860.77 1 0.03 860.97 860.97 860.97 861.35
-29.264900 -50.314899 DCRS-00084 2026-07-29_03:58 11.8 -999.9 -999.9 95.0 -999.9 -999.9 11.0 -999.9 -999.9 -999.9 -999.9 -999.9 8.9 -999.9 25.2 0.0 5.2 26.8 87.0 110.2 112.8 114.2 14.5 11.8 97.2 85.2 55.4 DCRS_-_São_Francisco_de_Paula/Cambará_do_Sul_(865_m) -999.9 -999.9 -999.9 -999.9 -999.9 13.1 11.0 0.0 Rio_Grande_do_Sul DCRS -999.9 0.0 26.8 860.97 860.97 860.77 1 0.07 860.97 860.97 860.97 861.35
-29.264900 -50.314899 DCRS-00084 2026-07-29_03:59 11.8 -999.9 -999.9 95.1 -999.9 -999.9 11.0 -999.9 -999.9 -999.9 -999.9 -999.9 4.0 -999.9 25.2 0.0 5.2 26.8 87.0 110.2 112.8 114.2 14.5 11.8 97.2 85.2 55.4 DCRS_-_São_Francisco_de_Paula/Cambará_do_Sul_(865_m) -999.9 -999.9 -999.9 -999.9 -999.9 13.1 11.0 0.0 Rio_Grande_do_Sul DCRS -999.9 0.0 26.8 860.98 860.98 860.77 1 0.05 860.98 860.98 860.98 861.35
-29.264900 -50.314899 DCRS-00084 2026-07-29_04:00 11.7 -999.9 -999.9 95.2 -999.9 -999.9 10.9 -999.9 -999.9 -999.9 -999.9 -999.9 9.8 -999.9 18.8 0.0 5.2 27.4 87.6 110.8 113.4 114.8 14.5 11.7 97.2 85.2 55.4 DCRS_-_São_Francisco_de_Paula/Cambará_do_Sul_(865_m) -999.9 -999.9 -999.9 -999.9 -999.9 13.1 10.9 0.0 Rio_Grande_do_Sul DCRS -999.9 0.0 27.4 860.97 860.98 860.77 1 0.07 860.98 860.98 860.98 861.35
-29.264900 -50.314899 DCRS-00084 2026-07-29_04:01 11.7 -999.9 -999.9 95.3 -999.9 -999.9 11.0 -999.9 -999.9 -999.9 -999.9 -999.9 14.7 -999.9 18.8 0.0 5.2 27.4 87.6 110.8 113.4 114.8 14.5 11.7 97.2 85.2 55.4 DCRS_-_São_Francisco_de_Paula/Cambará_do_Sul_(865_m) -999.9 -999.9 -999.9 -999.9 -999.9 13.1 10.9 0.0 Rio_Grande_do_Sul DCRS -999.9 0.0 27.4 860.98 860.98 860.77 1 0.08 860.98 860.98 860.98 861.35
-29.264900 -50.314899 DCRS-00084 2026-07-29_04:02 11.7 -999.9 -999.9 95.3 -999.9 -999.9 11.0 -999.9 -999.9 -999.9 -999.9 -999.9 4.0 -999.9 18.8 0.0 5.2 27.4 87.6 110.8 113.4 114.8 14.5 11.7 97.2 85.2 55.4 DCRS_-_São_Francisco_de_Paula/Cambará_do_Sul_(865_m) -999.9 -999.9 -999.9 -999.9 -999.9 13.1 10.9 0.0 Rio_Grande_do_Sul DCRS -999.9 0.0 27.4 860.98 860.98 860.77 1 0.06 860.98 860.98 860.98 861.35
-29.264900 -50.314899 DCRS-00084 2026-07-29_04:03 11.7 -999.9 -999.9 95.4 -999.9 -999.9 11.0 -999.9 -999.9 -999.9 -999.9 -999.9 9.3 -999.9 18.8 0.0 5.2 27.4 87.6 110.8 113.4 114.8 14.5 11.7 97.2 85.2 55.4 DCRS_-_São_Francisco_de_Paula/Cambará_do_Sul_(865_m) -999.9 -999.9 -999.9 -999.9 -999.9 13.1 10.9 0.0 Rio_Grande_do_Sul DCRS -999.9 0.0 27.4 860.98 860.98 860.77 1 0.06 860.98 860.98 860.98 861.35
-29.264900 -50.314899 DCRS-00084 2026-07-29_04:04 11.7 -999.9 -999.9 95.6 -999.9 -999.9 11.0 -999.9 -999.9 -999.9 -999.9 -999.9 5.5 -999.9 18.8 0.0 5.2 27.8 88.0 111.2 113.8 115.2 14.5 11.7 97.2 85.2 55.4 DCRS_-_São_Francisco_de_Paula/Cambará_do_Sul_(865_m) -999.9 -999.9 -999.9 -999.9 -999.9 13.1 10.9 0.0 Rio_Grande_do_Sul DCRS -999.9 0.0 27.8 860.98 860.98 860.77 1 0.07 860.98 860.98 860.98 861.35
-29.264900 -50.314899 DCRS-00084 2026-07-29_04:05 11.7 -999.9 -999.9 95.6 -999.9 -999.9 11.0 -999.9 -999.9 -999.9 -999.9 -999.9 2.8 -999.9 20.7 0.0 5.2 27.8 88.0 111.2 113.8 115.2 14.5 11.7 97.2 85.2 55.4 DCRS_-_São_Francisco_de_Paula/Cambará_do_Sul_(865_m) -999.9 -999.9 -999.9 -999.9 -999.9 13.1 10.9 0.0 Rio_Grande_do_Sul DCRS -999.9 0.0 27.8 860.98 860.98 860.77 1 0.05 860.98 860.98 860.98 861.35
-29.264900 -50.314899 DCRS-00084 2026-07-29_04:06 11.6 -999.9 -999.9 95.6 -999.9 -999.9 10.9 -999.9 -999.9 -999.9 -999.9 -999.9 3.2 -999.9 20.7 0.0 5.2 27.8 88.0 111.2 113.8 115.2 14.5 11.6 97.2 85.2 55.4 DCRS_-_São_Francisco_de_Paula/Cambará_do_Sul_(865_m) -999.9 -999.9 -999.9 -999.9 -999.9 13.1 10.9 0.0 Rio_Grande_do_Sul DCRS -999.9 0.0 27.8 860.96 860.98 860.77 1 0.04 860.98 860.98 860.98 861.35
-29.264900 -50.314899 DCRS-00084 2026-07-29_04:07 11.6 -999.9 -999.9 95.8 -999.9 -999.9 10.9 -999.9 -999.9 -999.9 -999.9 -999.9 10.0 -999.9 20.7 0.0 4.6 27.8 88.0 111.2 113.8 115.2 14.5 11.6 97.2 85.2 55.4 DCRS_-_São_Francisco_de_Paula/Cambará_do_Sul_(865_m) -999.9 -999.9 -999.9 -999.9 -999.9 13.1 10.9 0.0 Rio_Grande_do_Sul DCRS -999.9 0.0 27.8 860.99 860.99 860.77 1 0.07 860.99 860.99 860.99 861.35
-29.264900 -50.314899 DCRS-00084 2026-07-29_04:08 11.6 -999.9 -999.9 95.8 -999.9 -999.9 10.9 -999.9 -999.9 -999.9 -999.9 -999.9 2.5 -999.9 20.7 0.0 4.6 28.0 88.2 111.4 114.0 115.4 14.5 11.6 97.2 85.2 55.4 DCRS_-_São_Francisco_de_Paula/Cambará_do_Sul_(865_m) -999.9 -999.9 -999.9 -999.9 -999.9 13.1 10.9 0.0 Rio_Grande_do_Sul DCRS -999.9 0.0 28.0 860.98 860.99 860.77 1 0.05 860.99 860.99 860.99 861.35
-29.264900 -50.314899 DCRS-00084 2026-07-29_04:09 11.6 -999.9 -999.9 95.9 -999.9 -999.9 11.0 -999.9 -999.9 -999.9 -999.9 -999.9 0.0 -999.9 20.7 0.0 4.6 28.0 88.2 111.4 114.0 115.4 14.5 11.6 97.2 85.2 55.4 DCRS_-_São_Francisco_de_Paula/Cambará_do_Sul_(865_m) -999.9 -999.9 -999.9 -999.9 -999.9 13.1 10.9 0.0 Rio_Grande_do_Sul DCRS -999.9 0.0 28.0 860.99 860.99 860.77 1 0.07 860.99 860.99 860.99 861.35
-29.264900 -50.314899 DCRS-00084 2026-07-29_04:10 11.6 -999.9 -999.9 96.0 -999.9 -999.9 11.0 -999.9 -999.9 -999.9 -999.9 -999.9 0.0 -999.9 13.1 0.0 4.6 28.0 88.2 111.4 114.0 115.4 14.5 11.6 97.2 85.2 55.4 DCRS_-_São_Francisco_de_Paula/Cambará_do_Sul_(865_m) -999.9 -999.9 -999.9 -999.9 -999.9 13.1 10.9 0.0 Rio_Grande_do_Sul DCRS -999.9 0.0 28.0 860.97 860.99 860.77 1 0.05 860.99 860.99 860.99 861.35
-29.264900 -50.314899 DCRS-00084 2026-07-29_04:11 11.6 -999.9 -999.9 95.9 -999.9 -999.9 11.0 -999.9 -999.9 -999.9 -999.9 -999.9 0.0 -999.9 13.1 0.0 4.6 28.0 88.2 111.4 114.0 115.4 14.5 11.6 97.2 85.2 55.4 DCRS_-_São_Francisco_de_Paula/Cambará_do_Sul_(865_m) -999.9 -999.9 -999.9 -999.9 -999.9 13.1 10.9 0.0 Rio_Grande_do_Sul DCRS -999.9 0.0 28.0 860.97 860.99 860.77 1 0.04 860.99 860.99 860.99 861.35
-29.264900 -50.314899 DCRS-00084 2026-07-29_04:12 11.6 -999.9 -999.9 96.0 -999.9 -999.9 11.0 -999.9 -999.9 -999.9 -999.9 -999.9 0.0 -999.9 13.1 0.0 4.6 28.2 88.4 111.6 114.2 115.6 14.5 11.6 97.2 85.2 55.4 DCRS_-_São_Francisco_de_Paula/Cambará_do_Sul_(865_m) -999.9 -999.9 -999.9 -999.9 -999.9 13.1 10.9 0.0 Rio_Grande_do_Sul DCRS -999.9 0.0 28.2 861.0 861.0 860.77 1 0.07 861.0 861.0 861.0 861.35
-29.264900 -50.314899 DCRS-00084 2026-07-29_04:13 11.6 -999.9 -999.9 96.1 -999.9 -999.9 11.0 -999.9 -999.9 -999.9 -999.9 -999.9 3.5 -999.9 13.1 0.0 4.8 28.2 88.4 111.6 114.2 115.6 14.5 11.6 97.2 85.2 55.4 DCRS_-_São_Francisco_de_Paula/Cambará_do_Sul_(865_m) -999.9 -999.9 -999.9 -999.9 -999.9 13.1 10.9 0.0 Rio_Grande_do_Sul DCRS -999.9 0.0 28.2 860.99 861.0 860.77 1 0.08 861.0 861.0 861.0 861.35
-29.264900 -50.314899 DCRS-00084 2026-07-29_04:14 11.6 -999.9 -999.9 96.1 -999.9 -999.9 11.0 -999.9 -999.9 -999.9 -999.9 -999.9 0.0 -999.9 13.1 0.0 4.8 28.2 88.4 111.6 114.2 115.6 14.5 11.6 97.2 85.2 55.4 DCRS_-_São_Francisco_de_Paula/Cambará_do_Sul_(865_m) -999.9 -999.9 -999.9 -999.9 -999.9 13.1 10.9 0.0 Rio_Grande_do_Sul DCRS -999.9 0.0 28.2 861.0 861.0 860.77 1 0.08 861.0 861.0 861.0 861.35
-29.264900 -50.314899 DCRS-00084 2026-07-29_04:15 11.6 -999.9 -999.9 96.2 -999.9 -999.9 11.0 -999.9 -999.9 -999.9 -999.9 -999.9 2.3 -999.9 10.7 0.0 4.8 28.2 88.4 111.6 114.2 115.6 14.5 11.6 97.2 85.2 55.4 DCRS_-_São_Francisco_de_Paula/Cambará_do_Sul_(865_m) -999.9 -999.9 -999.9 -999.9 -999.9 13.1 10.9 0.0 Rio_Grande_do_Sul DCRS -999.9 0.0 28.2 860.99 861.0 860.77 1 0.09 861.0 861.0 861.0 861.35
-29.264900 -50.314899 DCRS-00084 2026-07-29_04:16 11.6 -999.9 -999.9 96.2 -999.9 -999.9 11.0 -999.9 -999.9 -999.9 -999.9 -999.9 4.5 -999.9 10.7 0.0 4.8 28.4 88.6 111.8 114.4 115.8 14.5 11.6 97.2 85.2 55.4 DCRS_-_São_Francisco_de_Paula/Cambará_do_Sul_(865_m) -999.9 -999.9 -999.9 -999.9 -999.9 13.1 10.9 0.0 Rio_Grande_do_Sul DCRS -999.9 0.0 28.4 861.0 861.0 860.77 1 0.1 861.0 861.0 861.0 861.35
-29.264900 -50.314899 DCRS-00084 2026-07-29_04:17 11.6 -999.9 -999.9 96.2 -999.9 -999.9 11.0 -999.9 -999.9 -999.9 -999.9 -999.9 0.0 -999.9 10.7 0.0 4.8 28.4 88.6 111.8 114.4 115.8 14.5 11.6 97.2 85.2 55.4 DCRS_-_São_Francisco_de_Paula/Cambará_do_Sul_(865_m) -999.9 -999.9 -999.9 -999.9 -999.9 13.1 10.9 0.0 Rio_Grande_do_Sul DCRS -999.9 0.0 28.4 860.99 861.0 860.77 1 0.06 861.0 861.0 861.0 861.35
-29.264900 -50.314899 DCRS-00084 2026-07-29_04:18 11.6 -999.9 -999.9 96.1 -999.9 -999.9 11.0 -999.9 -999.9 -999.9 -999.9 -999.9 5.7 -999.9 10.7 0.0 4.8 28.4 88.6 111.8 114.4 115.8 14.5 11.6 97.2 85.2 55.4 DCRS_-_São_Francisco_de_Paula/Cambará_do_Sul_(865_m) -999.9 -999.9 -999.9 -999.9 -999.9 13.1 10.9 0.0 Rio_Grande_do_Sul DCRS -999.9 0.0 28.4 860.98 861.0 860.77 1 0.07 861.0 861.0 861.0 861.35
-29.264900 -50.314899 DCRS-00084 2026-07-29_04:19 11.5 -999.9 -999.9 96.2 -999.9 -999.9 10.9 -999.9 -999.9 -999.9 -999.9 -999.9 3.0 -999.9 10.7 0.0 4.4 28.4 88.6 111.8 114.4 115.8 14.5 11.5 97.2 85.2 55.4 DCRS_-_São_Francisco_de_Paula/Cambará_do_Sul_(865_m) -999.9 -999.9 -999.9 -999.9 -999.9 13.1 10.9 0.0 Rio_Grande_do_Sul DCRS -999.9 0.0 28.4 860.98 861.0 860.77 1 0.05 861.0 861.0 861.0 861.35
-29.264900 -50.314899 DCRS-00084 2026-07-29_04:20 11.6 -999.9 -999.9 96.3 -999.9 -999.9 11.0 -999.9 -999.9 -999.9 -999.9 -999.9 0.0 -999.9 10.6 0.0 4.4 28.6 88.8 112.0 114.6 116.0 14.5 11.5 97.2 85.2 55.4 DCRS_-_São_Francisco_de_Paula/Cambará_do_Sul_(865_m) -999.9 -999.9 -999.9 -999.9 -999.9 13.1 10.9 0.0 Rio_Grande_do_Sul DCRS -999.9 0.0 28.6 860.98 861.0 860.77 1 0.04 861.0 861.0 861.0 861.35
-29.264900 -50.314899 DCRS-00084 2026-07-29_04:21 11.5 -999.9 -999.9 96.2 -999.9 -999.9 10.9 -999.9 -999.9 -999.9 -999.9 -999.9 3.8 -999.9 10.6 0.0 4.4 28.6 88.8 112.0 114.6 116.0 14.5 11.5 97.2 85.2 55.4 DCRS_-_São_Francisco_de_Paula/Cambará_do_Sul_(865_m) -999.9 -999.9 -999.9 -999.9 -999.9 13.1 10.9 0.0 Rio_Grande_do_Sul DCRS -999.9 0.0 28.6 860.99 861.0 860.77 1 0.06 861.0 861.0 861.0 861.35
-29.264900 -50.314899 DCRS-00084 2026-07-29_04:22 11.5 -999.9 -999.9 96.1 -999.9 -999.9 10.9 -999.9 -999.9 -999.9 -999.9 -999.9 5.8 -999.9 10.6 0.0 4.4 28.6 88.8 112.0 114.6 116.0 14.5 11.5 97.2 85.2 55.4 DCRS_-_São_Francisco_de_Paula/Cambará_do_Sul_(865_m) -999.9 -999.9 -999.9 -999.9 -999.9 13.1 10.9 0.0 Rio_Grande_do_Sul DCRS -999.9 0.0 28.6 861.0 861.0 860.77 1 0.08 861.0 861.0 861.0 861.35
-29.264900 -50.314899 DCRS-00084 2026-07-29_04:23 11.6 -999.9 -999.9 96.2 -999.9 -999.9 11.0 -999.9 -999.9 -999.9 -999.9 -999.9 3.7 -999.9 10.6 0.0 4.4 28.6 88.8 112.0 114.6 116.0 14.5 11.5 97.2 85.2 55.4 DCRS_-_São_Francisco_de_Paula/Cambará_do_Sul_(865_m) -999.9 -999.9 -999.9 -999.9 -999.9 13.1 10.9 0.0 Rio_Grande_do_Sul DCRS -999.9 0.0 28.6 861.0 861.0 860.77 1 0.09 861.0 861.0 861.0 861.35
-29.264900 -50.314899 DCRS-00084 2026-07-29_04:24 11.5 -999.9 -999.9 96.2 -999.9 -999.9 10.9 -999.9 -999.9 -999.9 -999.9 -999.9 0.0 -999.9 10.6 0.0 4.4 28.8 89.0 112.2 114.8 116.2 14.5 11.5 97.2 85.2 55.4 DCRS_-_São_Francisco_de_Paula/Cambará_do_Sul_(865_m) -999.9 -999.9 -999.9 -999.9 -999.9 13.1 10.9 0.0 Rio_Grande_do_Sul DCRS -999.9 0.0 28.8 861.0 861.0 860.77 1 0.09 861.0 861.0 861.0 861.35
-29.264900 -50.314899 DCRS-00084 2026-07-29_04:25 11.5 -999.9 -999.9 96.2 -999.9 -999.9 10.9 -999.9 -999.9 -999.9 -999.9 -999.9 0.0 -999.9 13.1 0.0 4.2 28.8 89.0 112.2 114.8 116.2 14.5 11.5 97.2 85.2 55.4 DCRS_-_São_Francisco_de_Paula/Cambará_do_Sul_(865_m) -999.9 -999.9 -999.9 -999.9 -999.9 13.1 10.9 0.0 Rio_Grande_do_Sul DCRS -999.9 0.0 28.8 861.0 861.0 860.77 1 0.07 861.0 861.0 861.0 861.35
-29.264900 -50.314899 DCRS-00084 2026-07-29_04:26 11.5 -999.9 -999.9 96.3 -999.9 -999.9 10.9 -999.9 -999.9 -999.9 -999.9 -999.9 3.0 -999.9 13.1 0.0 4.2 28.8 89.0 112.2 114.8 116.2 14.5 11.5 97.2 85.2 55.4 DCRS_-_São_Francisco_de_Paula/Cambará_do_Sul_(865_m) -999.9 -999.9 -999.9 -999.9 -999.9 13.1 10.9 0.0 Rio_Grande_do_Sul DCRS -999.9 0.0 28.8 860.99 861.0 860.77 1 0.07 861.0 861.0 861.0 861.35
-29.264900 -50.314899 DCRS-00084 2026-07-29_04:27 11.4 -999.9 -999.9 96.3 -999.9 -999.9 10.8 -999.9 -999.9 -999.9 -999.9 -999.9 6.1 -999.9 13.1 0.0 4.2 28.8 89.0 112.2 114.8 116.2 14.5 11.4 97.2 85.2 55.4 DCRS_-_São_Francisco_de_Paula/Cambará_do_Sul_(865_m) -999.9 -999.9 -999.9 -999.9 -999.9 13.1 10.8 0.0 Rio_Grande_do_Sul DCRS -999.9 0.0 28.8 860.99 861.0 860.77 1 0.07 861.0 861.0 861.0 861.35
-29.264900 -50.314899 DCRS-00084 2026-07-29_04:28 11.4 -999.9 -999.9 96.3 -999.9 -999.9 10.8 -999.9 -999.9 -999.9 -999.9 -999.9 5.8 -999.9 13.1 0.0 4.2 29.0 89.2 112.4 115.0 116.4 14.5 11.4 97.2 85.2 55.4 DCRS_-_São_Francisco_de_Paula/Cambará_do_Sul_(865_m) -999.9 -999.9 -999.9 -999.9 -999.9 13.1 10.8 0.0 Rio_Grande_do_Sul DCRS -999.9 0.0 29.0 860.97 861.0 860.77 1 0.02 861.0 861.0 861.0 861.35
-29.264900 -50.314899 DCRS-00084 2026-07-29_04:29 11.5 -999.9 -999.9 96.3 -999.9 -999.9 10.9 -999.9 -999.9 -999.9 -999.9 -999.9 6.5 -999.9 13.1 0.0 4.2 29.0 89.2 112.4 115.0 116.4 14.5 11.4 97.2 85.2 55.4 DCRS_-_São_Francisco_de_Paula/Cambará_do_Sul_(865_m) -999.9 -999.9 -999.9 -999.9 -999.9 13.1 10.8 0.0 Rio_Grande_do_Sul DCRS -999.9 0.0 29.0 860.98 861.0 860.77 1 0.05 861.0 861.0 861.0 861.35
-29.264900 -50.314899 DCRS-00084 2026-07-29_04:30 11.5 -999.9 -999.9 96.3 -999.9 -999.9 10.9 -999.9 -999.9 -999.9 -999.9 -999.9 3.2 -999.9 10.6 0.0 4.2 29.0 89.2 112.4 115.0 116.4 14.5 11.4 97.2 85.2 55.4 DCRS_-_São_Francisco_de_Paula/Cambará_do_Sul_(865_m) -999.9 -999.9 -999.9 -999.9 -999.9 13.1 10.8 0.0 Rio_Grande_do_Sul DCRS -999.9 0.0 29.0 861.0 861.0 860.77 1 0.06 861.0 861.0 861.0 861.35
-29.264900 -50.314899 DCRS-00084 2026-07-29_04:31 11.5 -999.9 -999.9 96.4 -999.9 -999.9 10.9 -999.9 -999.9 -999.9 -999.9 -999.9 0.0 -999.9 10.6 0.0 4.2 29.0 89.2 112.4 115.0 116.4 14.5 11.4 97.2 85.2 55.4 DCRS_-_São_Francisco_de_Paula/Cambará_do_Sul_(865_m) -999.9 -999.9 -999.9 -999.9 -999.9 13.1 10.8 0.0 Rio_Grande_do_Sul DCRS -999.9 0.2 29.0 860.98 861.0 860.77 1 0.05 861.0 861.0 861.0 861.35
-29.264900 -50.314899 DCRS-00084 2026-07-29_04:32 11.5 -999.9 -999.9 96.4 -999.9 -999.9 10.9 -999.9 -999.9 -999.9 -999.9 -999.9 3.0 -999.9 10.6 0.0 4.2 29.4 89.6 112.8 115.4 116.8 14.5 11.4 97.2 85.2 55.4 DCRS_-_São_Francisco_de_Paula/Cambará_do_Sul_(865_m) -999.9 -999.9 -999.9 -999.9 -999.9 13.1 10.8 0.0 Rio_Grande_do_Sul DCRS -999.9 0.0 29.4 860.99 861.0 860.77 1 0.06 861.0 861.0 861.0 861.35
-29.264900 -50.314899 DCRS-00084 2026-07-29_04:33 11.5 -999.9 -999.9 96.4 -999.9 -999.9 10.9 -999.9 -999.9 -999.9 -999.9 -999.9 3.4 -999.9 10.6 0.0 4.2 29.4 89.6 112.8 115.4 116.8 14.5 11.4 97.2 85.2 55.4 DCRS_-_São_Francisco_de_Paula/Cambará_do_Sul_(865_m) -999.9 -999.9 -999.9 -999.9 -999.9 13.1 10.8 0.0 Rio_Grande_do_Sul DCRS -999.9 0.0 29.4 861.0 861.0 860.77 1 0.06 861.0 861.0 861.0 861.35
-29.264900 -50.314899 DCRS-00084 2026-07-29_04:34 11.5 -999.9 -999.9 96.4 -999.9 -999.9 10.9 -999.9 -999.9 -999.9 -999.9 -999.9 4.5 -999.9 10.6 0.0 4.2 29.4 89.6 112.8 115.4 116.8 14.5 11.4 97.2 85.2 55.4 DCRS_-_São_Francisco_de_Paula/Cambará_do_Sul_(865_m) -999.9 -999.9 -999.9 -999.9 -999.9 13.1 10.8 0.0 Rio_Grande_do_Sul DCRS -999.9 0.0 29.4 861.01 861.01 860.77 1 0.06 861.01 861.01 861.01 861.35
-29.264900 -50.314899 DCRS-00084 2026-07-29_04:35 11.5 -999.9 -999.9 96.5 -999.9 -999.9 11.0 -999.9 -999.9 -999.9 -999.9 -999.9 6.0 -999.9 8.4 0.0 4.2 29.4 89.6 112.8 115.4 116.8 14.5 11.4 97.2 85.2 55.4 DCRS_-_São_Francisco_de_Paula/Cambará_do_Sul_(865_m) -999.9 -999.9 -999.9 -999.9 -999.9 13.1 10.8 0.0 Rio_Grande_do_Sul DCRS -999.9 0.0 29.4 861.01 861.01 860.77 1 0.06 861.01 861.01 861.01 861.35
-29.264900 -50.314899 DCRS-00084 2026-07-29_04:36 11.5 -999.9 -999.9 96.5 -999.9 -999.9 11.0 -999.9 -999.9 -999.9 -999.9 -999.9 0.0 -999.9 8.4 0.0 4.2 29.8 90.0 113.2 115.8 117.2 14.5 11.4 97.2 85.2 55.4 DCRS_-_São_Francisco_de_Paula/Cambará_do_Sul_(865_m) -999.9 -999.9 -999.9 -999.9 -999.9 13.1 10.8 0.0 Rio_Grande_do_Sul DCRS -999.9 0.0 29.8 861.01 861.01 860.77 1 0.06 861.01 861.01 861.01 861.35
-29.264900 -50.314899 DCRS-00084 2026-07-29_04:37 11.5 -999.9 -999.9 96.6 -999.9 -999.9 11.0 -999.9 -999.9 -999.9 -999.9 -999.9 3.5 -999.9 8.4 0.0 4.4 29.8 90.0 113.2 115.8 117.2 14.5 11.4 97.2 85.2 55.4 DCRS_-_São_Francisco_de_Paula/Cambará_do_Sul_(865_m) -999.9 -999.9 -999.9 -999.9 -999.9 13.1 10.8 0.0 Rio_Grande_do_Sul DCRS -999.9 0.2 29.8 860.99 861.01 860.77 1 0.03 861.01 861.01 861.01 861.35
-29.264900 -50.314899 DCRS-00084 2026-07-29_04:38 11.5 -999.9 -999.9 96.6 -999.9 -999.9 11.0 -999.9 -999.9 -999.9 -999.9 -999.9 0.0 -999.9 8.4 0.0 4.4 29.8 90.0 113.2 115.8 117.2 14.5 11.4 97.2 85.2 55.4 DCRS_-_São_Francisco_de_Paula/Cambará_do_Sul_(865_m) -999.9 -999.9 -999.9 -999.9 -999.9 13.1 10.8 0.0 Rio_Grande_do_Sul DCRS -999.9 0.0 29.8 861.01 861.01 860.77 1 0.06 861.01 861.01 861.01 861.35
-29.264900 -50.314899 DCRS-00084 2026-07-29_04:39 11.5 -999.9 -999.9 96.6 -999.9 -999.9 11.0 -999.9 -999.9 -999.9 -999.9 -999.9 0.0 -999.9 8.4 0.0 4.4 29.8 90.0 113.2 115.8 117.2 14.5 11.4 97.2 85.2 55.4 DCRS_-_São_Francisco_de_Paula/Cambará_do_Sul_(865_m) -999.9 -999.9 -999.9 -999.9 -999.9 13.1 10.8 0.0 Rio_Grande_do_Sul DCRS -999.9 0.0 29.8 861.0 861.01 860.77 1 0.04 861.01 861.01 861.01 861.35
-29.264900 -50.314899 DCRS-00084 2026-07-29_04:40 11.5 -999.9 -999.9 96.6 -999.9 -999.9 11.0 -999.9 -999.9 -999.9 -999.9 -999.9 0.0 -999.9 7.4 0.0 4.4 30.4 90.6 113.8 116.4 117.8 14.5 11.4 97.2 85.2 55.4 DCRS_-_São_Francisco_de_Paula/Cambará_do_Sul_(865_m) -999.9 -999.9 -999.9 -999.9 -999.9 13.1 10.8 0.0 Rio_Grande_do_Sul DCRS -999.9 0.0 30.4 860.99 861.01 860.77 1 0.05 861.01 861.01 861.01 861.35
-29.264900 -50.314899 DCRS-00084 2026-07-29_04:41 11.5 -999.9 -999.9 96.7 -999.9 -999.9 11.0 -999.9 -999.9 -999.9 -999.9 -999.9 0.0 -999.9 7.4 0.0 4.4 30.4 90.6 113.8 116.4 117.8 14.5 11.4 97.2 85.2 55.4 DCRS_-_São_Francisco_de_Paula/Cambará_do_Sul_(865_m) -999.9 -999.9 -999.9 -999.9 -999.9 13.1 10.8 0.0 Rio_Grande_do_Sul DCRS -999.9 0.0 30.4 861.02 861.02 860.77 1 0.07 861.02 861.02 861.02 861.35
-29.264900 -50.314899 DCRS-00084 2026-07-29_04:42 11.5 -999.9 -999.9 96.7 -999.9 -999.9 11.0 -999.9 -999.9 -999.9 -999.9 -999.9 0.0 -999.9 7.4 0.0 4.0 30.4 90.6 113.8 116.4 117.8 14.5 11.4 97.2 85.2 55.4 DCRS_-_São_Francisco_de_Paula/Cambará_do_Sul_(865_m) -999.9 -999.9 -999.9 -999.9 -999.9 13.1 10.8 0.0 Rio_Grande_do_Sul DCRS -999.9 0.0 30.4 861.01 861.02 860.77 1 0.05 861.02 861.02 861.02 861.35
-29.264900 -50.314899 DCRS-00084 2026-07-29_04:43 11.5 -999.9 -999.9 96.8 -999.9 -999.9 11.0 -999.9 -999.9 -999.9 -999.9 -999.9 2.2 -999.9 7.4 0.0 4.0 30.4 90.6 113.8 116.4 117.8 14.5 11.4 97.2 85.2 55.4 DCRS_-_São_Francisco_de_Paula/Cambará_do_Sul_(865_m) -999.9 -999.9 -999.9 -999.9 -999.9 13.1 10.8 0.0 Rio_Grande_do_Sul DCRS -999.9 0.0 30.4 860.99 861.02 860.77 1 0.07 861.02 861.02 861.02 861.35
-29.264900 -50.314899 DCRS-00084 2026-07-29_04:44 11.5 -999.9 -999.9 96.8 -999.9 -999.9 11.0 -999.9 -999.9 -999.9 -999.9 -999.9 3.3 -999.9 7.4 0.0 4.0 30.6 90.8 114.0 116.6 118.0 14.5 11.4 97.2 85.2 55.4 DCRS_-_São_Francisco_de_Paula/Cambará_do_Sul_(865_m) -999.9 -999.9 -999.9 -999.9 -999.9 13.1 10.8 0.0 Rio_Grande_do_Sul DCRS -999.9 0.0 30.6 860.99 861.02 860.77 1 0.02 861.02 861.02 861.02 861.35
-29.264900 -50.314899 DCRS-00084 2026-07-29_04:45 11.6 -999.9 -999.9 96.8 -999.9 -999.9 11.1 -999.9 -999.9 -999.9 -999.9 -999.9 2.9 -999.9 7.7 0.0 4.0 30.6 90.8 114.0 116.6 118.0 14.5 11.4 97.2 85.2 55.4 DCRS_-_São_Francisco_de_Paula/Cambará_do_Sul_(865_m) -999.9 -999.9 -999.9 -999.9 -999.9 13.1 10.8 0.0 Rio_Grande_do_Sul DCRS -999.9 0.0 30.6 861.01 861.02 860.77 1 0.05 861.02 861.02 861.02 861.35
-29.264900 -50.314899 DCRS-00084 2026-07-29_04:46 11.5 -999.9 -999.9 96.8 -999.9 -999.9 11.0 -999.9 -999.9 -999.9 -999.9 -999.9 1.9 -999.9 7.7 0.0 4.0 30.6 90.8 114.0 116.6 118.0 14.5 11.4 97.2 85.2 55.4 DCRS_-_São_Francisco_de_Paula/Cambará_do_Sul_(865_m) -999.9 -999.9 -999.9 -999.9 -999.9 13.1 10.8 0.0 Rio_Grande_do_Sul DCRS -999.9 0.0 30.6 861.0 861.02 860.77 1 0.07 861.02 861.02 861.02 861.35
-29.264900 -50.314899 DCRS-00084 2026-07-29_04:47 11.5 -999.9 -999.9 96.8 -999.9 -999.9 11.0 -999.9 -999.9 -999.9 -999.9 -999.9 0.0 -999.9 7.7 0.0 4.4 30.6 90.8 114.0 116.6 118.0 14.5 11.4 97.2 85.2 55.4 DCRS_-_São_Francisco_de_Paula/Cambará_do_Sul_(865_m) -999.9 -999.9 -999.9 -999.9 -999.9 13.1 10.8 0.0 Rio_Grande_do_Sul DCRS -999.9 0.4 30.6 861.0 861.02 860.77 1 0.03 861.02 861.02 861.02 861.35
-29.264900 -50.314899 DCRS-00084 2026-07-29_04:48 11.6 -999.9 -999.9 96.8 -999.9 -999.9 11.1 -999.9 -999.9 -999.9 -999.9 -999.9 0.0 -999.9 7.7 0.0 4.4 31.2 91.4 114.6 117.2 118.6 14.5 11.4 97.2 85.2 55.4 DCRS_-_São_Francisco_de_Paula/Cambará_do_Sul_(865_m) -999.9 -999.9 -999.9 -999.9 -999.9 13.1 10.8 0.0 Rio_Grande_do_Sul DCRS -999.9 0.0 31.2 861.01 861.02 860.77 1 0.05 861.02 861.02 861.02 861.35
-29.264900 -50.314899 DCRS-00084 2026-07-29_04:49 11.5 -999.9 -999.9 96.8 -999.9 -999.9 11.0 -999.9 -999.9 -999.9 -999.9 -999.9 0.0 -999.9 7.7 0.0 4.4 31.2 91.4 114.6 117.2 118.6 14.5 11.4 97.2 85.2 55.4 DCRS_-_São_Francisco_de_Paula/Cambará_do_Sul_(865_m) -999.9 -999.9 -999.9 -999.9 -999.9 13.1 10.8 0.0 Rio_Grande_do_Sul DCRS -999.9 0.0 31.2 861.01 861.02 860.77 1 0.04 861.02 861.02 861.02 861.35
-29.264900 -50.314899 DCRS-00084 2026-07-29_04:50 11.5 -999.9 -999.9 96.8 -999.9 -999.9 11.0 -999.9 -999.9 -999.9 -999.9 -999.9 0.0 -999.9 5.9 0.0 4.4 31.2 91.4 114.6 117.2 118.6 14.5 11.4 97.2 85.2 55.4 DCRS_-_São_Francisco_de_Paula/Cambará_do_Sul_(865_m) -999.9 -999.9 -999.9 -999.9 -999.9 13.1 10.8 0.0 Rio_Grande_do_Sul DCRS -999.9 0.0 31.2 860.99 861.02 860.77 1 0.05 861.02 861.02 861.02 861.35
-29.264900 -50.314899 DCRS-00084 2026-07-29_04:51 11.5 -999.9 -999.9 96.8 -999.9 -999.9 11.0 -999.9 -999.9 -999.9 -999.9 -999.9 0.0 -999.9 5.9 0.0 4.4 31.2 91.4 114.6 117.2 118.6 14.5 11.4 97.2 85.2 55.4 DCRS_-_São_Francisco_de_Paula/Cambará_do_Sul_(865_m) -999.9 -999.9 -999.9 -999.9 -999.9 13.1 10.8 0.0 Rio_Grande_do_Sul DCRS -999.9 0.0 31.2 861.0 861.02 860.77 1 0.06 861.02 861.02 861.02 861.35
-29.264900 -50.314899 DCRS-00084 2026-07-29_04:52 11.5 -999.9 -999.9 96.7 -999.9 -999.9 11.0 -999.9 -999.9 -999.9 -999.9 -999.9 0.0 -999.9 5.9 0.0 4.2 31.6 91.8 115.0 117.6 119.0 14.5 11.4 97.2 85.2 55.4 DCRS_-_São_Francisco_de_Paula/Cambará_do_Sul_(865_m) -999.9 -999.9 -999.9 -999.9 -999.9 13.1 10.8 0.0 Rio_Grande_do_Sul DCRS -999.9 0.0 31.6 861.03 861.03 860.77 1 0.09 861.03 861.03 861.03 861.35
-29.264900 -50.314899 DCRS-00084 2026-07-29_04:53 11.5 -999.9 -999.9 96.7 -999.9 -999.9 11.0 -999.9 -999.9 -999.9 -999.9 -999.9 0.0 -999.9 5.9 0.0 4.2 31.6 91.8 115.0 117.6 119.0 14.5 11.4 97.2 85.2 55.4 DCRS_-_São_Francisco_de_Paula/Cambará_do_Sul_(865_m) -999.9 -999.9 -999.9 -999.9 -999.9 13.1 10.8 0.0 Rio_Grande_do_Sul DCRS -999.9 0.0 31.6 861.01 861.03 860.77 1 0.04 861.03 861.03 861.03 861.35
-29.264900 -50.314899 DCRS-00084 2026-07-29_04:54 11.5 -999.9 -999.9 96.7 -999.9 -999.9 11.0 -999.9 -999.9 -999.9 -999.9 -999.9 3.0 -999.9 5.9 0.0 4.2 31.6 91.8 115.0 117.6 119.0 14.5 11.4 97.2 85.2 55.4 DCRS_-_São_Francisco_de_Paula/Cambará_do_Sul_(865_m) -999.9 -999.9 -999.9 -999.9 -999.9 13.1 10.8 0.0 Rio_Grande_do_Sul DCRS -999.9 0.0 31.6 861.02 861.03 860.77 1 0.05 861.03 861.03 861.03 861.35
-29.264900 -50.314899 DCRS-00084 2026-07-29_04:55 11.5 -999.9 -999.9 96.7 -999.9 -999.9 11.0 -999.9 -999.9 -999.9 -999.9 -999.9 3.7 -999.9 4.0 0.0 4.2 31.6 91.8 115.0 117.6 119.0 14.5 11.4 97.2 85.2 55.4 DCRS_-_São_Francisco_de_Paula/Cambará_do_Sul_(865_m) -999.9 -999.9 -999.9 -999.9 -999.9 13.1 10.8 0.0 Rio_Grande_do_Sul DCRS -999.9 0.0 31.6 861.0 861.03 860.77 1 0.05 861.03 861.03 861.03 861.35
-29.264900 -50.314899 DCRS-00084 2026-07-29_04:56 11.5 -999.9 -999.9 96.8 -999.9 -999.9 11.0 -999.9 -999.9 -999.9 -999.9 -999.9 0.0 -999.9 4.0 0.0 4.2 32.0 92.2 115.4 118.0 119.4 14.5 11.4 97.2 85.2 55.4 DCRS_-_São_Francisco_de_Paula/Cambará_do_Sul_(865_m) -999.9 -999.9 -999.9 -999.9 -999.9 13.1 10.8 0.0 Rio_Grande_do_Sul DCRS -999.9 0.0 32.0 861.01 861.03 860.77 1 0.06 861.03 861.03 861.03 861.35
-29.264900 -50.314899 DCRS-00084 2026-07-29_04:57 11.5 -999.9 -999.9 96.7 -999.9 -999.9 11.0 -999.9 -999.9 -999.9 -999.9 -999.9 0.0 -999.9 4.0 0.0 4.2 32.0 92.2 115.4 118.0 119.4 14.5 11.4 97.2 85.2 55.4 DCRS_-_São_Francisco_de_Paula/Cambará_do_Sul_(865_m) -999.9 -999.9 -999.9 -999.9 -999.9 13.1 10.8 0.0 Rio_Grande_do_Sul DCRS -999.9 0.0 32.0 861.03 861.03 860.77 1 0.06 861.03 861.03 861.03 861.35
-29.264900 -50.314899 DCRS-00084 2026-07-29_04:58 11.5 -999.9 -999.9 96.7 -999.9 -999.9 11.0 -999.9 -999.9 -999.9 -999.9 -999.9 0.0 -999.9 4.0 0.0 4.2 32.0 92.2 115.4 118.0 119.4 14.5 11.4 97.2 85.2 55.4 DCRS_-_São_Francisco_de_Paula/Cambará_do_Sul_(865_m) -999.9 -999.9 -999.9 -999.9 -999.9 13.1 10.8 0.0 Rio_Grande_do_Sul DCRS -999.9 0.0 32.0 861.02 861.03 860.77 1 0.04 861.03 861.03 861.03 861.35
-29.264900 -50.314899 DCRS-00084 2026-07-29_04:59 11.5 -999.9 -999.9 96.7 -999.9 -999.9 11.0 -999.9 -999.9 -999.9 -999.9 -999.9 -999.9 -999.9 4.0 0.0 4.2 32.0 92.2 115.4 118.0 119.4 14.5 11.4 97.2 85.2 55.4 DCRS_-_São_Francisco_de_Paula/Cambará_do_Sul_(865_m) -999.9 -999.9 -999.9 -999.9 -999.9 13.1 10.8 0.0 Rio_Grande_do_Sul DCRS -999.9 0.0 32.0 861.03 861.03 860.77 1 0.06 861.03 861.03 861.03 861.35
-29.264900 -50.314899 DCRS-00084 2026-07-29_05:00 11.4 -999.9 -999.9 96.7 -999.9 -999.9 10.9 -999.9 -999.9 -999.9 -999.9 -999.9 3.3 -999.9 6.2 0.0 4.2 32.4 92.6 115.8 118.4 119.8 14.5 11.4 97.2 85.2 55.4 DCRS_-_São_Francisco_de_Paula/Cambará_do_Sul_(865_m) -999.9 -999.9 -999.9 -999.9 -999.9 13.1 10.8 0.0 Rio_Grande_do_Sul DCRS -999.9 0.0 32.4 861.04 861.04 860.77 1 0.06 861.04 861.04 861.04 861.35
-29.264900 -50.314899 DCRS-00084 2026-07-29_05:01 11.5 -999.9 -999.9 96.7 -999.9 -999.9 11.0 -999.9 -999.9 -999.9 -999.9 -999.9 2.7 -999.9 6.2 0.0 4.2 32.4 92.6 115.8 118.4 119.8 14.5 11.4 97.2 85.2 55.4 DCRS_-_São_Francisco_de_Paula/Cambará_do_Sul_(865_m) -999.9 -999.9 -999.9 -999.9 -999.9 13.1 10.8 0.0 Rio_Grande_do_Sul DCRS -999.9 0.0 32.4 861.03 861.04 860.77 1 0.05 861.04 861.04 861.04 861.35
-29.264900 -50.314899 DCRS-00084 2026-07-29_05:02 11.4 -999.9 -999.9 96.8 -999.9 -999.9 10.9 -999.9 -999.9 -999.9 -999.9 -999.9 0.0 -999.9 6.2 0.0 4.2 32.4 92.6 115.8 118.4 119.8 14.5 11.4 97.2 85.2 55.4 DCRS_-_São_Francisco_de_Paula/Cambará_do_Sul_(865_m) -999.9 -999.9 -999.9 -999.9 -999.9 13.1 10.8 0.0 Rio_Grande_do_Sul DCRS -999.9 0.0 32.4 861.03 861.04 860.77 1 0.05 861.04 861.04 861.04 861.35
-29.264900 -50.314899 DCRS-00084 2026-07-29_05:03 11.5 -999.9 -999.9 96.7 -999.9 -999.9 11.0 -999.9 -999.9 -999.9 -999.9 -999.9 0.0 -999.9 6.2 0.0 4.2 32.4 92.6 115.8 118.4 119.8 14.5 11.4 97.2 85.2 55.4 DCRS_-_São_Francisco_de_Paula/Cambará_do_Sul_(865_m) -999.9 -999.9 -999.9 -999.9 -999.9 13.1 10.8 0.0 Rio_Grande_do_Sul DCRS -999.9 0.0 32.4 861.05 861.05 860.77 1 0.07 861.05 861.05 861.05 861.35
-29.264900 -50.314899 DCRS-00084 2026-07-29_05:04 11.4 -999.9 -999.9 96.7 -999.9 -999.9 10.9 -999.9 -999.9 -999.9 -999.9 -999.9 0.0 -999.9 6.2 0.0 4.2 32.6 92.8 116.0 118.6 120.0 14.5 11.4 97.2 85.2 55.4 DCRS_-_São_Francisco_de_Paula/Cambará_do_Sul_(865_m) -999.9 -999.9 -999.9 -999.9 -999.9 13.1 10.8 0.0 Rio_Grande_do_Sul DCRS -999.9 0.0 32.6 861.05 861.05 860.77 1 0.07 861.05 861.05 861.05 861.35
-29.264900 -50.314899 DCRS-00084 2026-07-29_05:05 11.4 -999.9 -999.9 96.6 -999.9 -999.9 10.9 -999.9 -999.9 -999.9 -999.9 -999.9 0.0 -999.9 6.3 0.0 4.2 32.6 92.8 116.0 118.6 120.0 14.5 11.4 97.2 85.2 55.4 DCRS_-_São_Francisco_de_Paula/Cambará_do_Sul_(865_m) -999.9 -999.9 -999.9 -999.9 -999.9 13.1 10.8 0.0 Rio_Grande_do_Sul DCRS -999.9 0.0 32.6 861.05 861.05 860.77 1 0.09 861.05 861.05 861.05 861.35
-29.264900 -50.314899 DCRS-00084 2026-07-29_05:06 11.5 -999.9 -999.9 96.8 -999.9 -999.9 11.0 -999.9 -999.9 -999.9 -999.9 -999.9 0.0 -999.9 6.3 0.0 4.2 32.6 92.8 116.0 118.6 120.0 14.5 11.4 97.2 85.2 55.4 DCRS_-_São_Francisco_de_Paula/Cambará_do_Sul_(865_m) -999.9 -999.9 -999.9 -999.9 -999.9 13.1 10.8 0.0 Rio_Grande_do_Sul DCRS -999.9 0.0 32.6 861.05 861.05 860.77 1 0.06 861.05 861.05 861.05 861.35
-29.264900 -50.314899 DCRS-00084 2026-07-29_05:07 11.5 -999.9 -999.9 96.7 -999.9 -999.9 11.0 -999.9 -999.9 -999.9 -999.9 -999.9 0.0 -999.9 6.3 0.0 4.2 32.6 92.8 116.0 118.6 120.0 14.5 11.4 97.2 85.2 55.4 DCRS_-_São_Francisco_de_Paula/Cambará_do_Sul_(865_m) -999.9 -999.9 -999.9 -999.9 -999.9 13.1 10.8 0.0 Rio_Grande_do_Sul DCRS -999.9 0.0 32.6 861.04 861.05 860.77 1 0.06 861.05 861.05 861.05 861.35
-29.264900 -50.314899 DCRS-00084 2026-07-29_05:08 11.5 -999.9 -999.9 96.7 -999.9 -999.9 11.0 -999.9 -999.9 -999.9 -999.9 -999.9 0.0 -999.9 6.3 0.0 4.2 33.0 93.2 116.4 119.0 120.4 14.5 11.4 97.2 85.2 55.4 DCRS_-_São_Francisco_de_Paula/Cambará_do_Sul_(865_m) -999.9 -999.9 -999.9 -999.9 -999.9 13.1 10.8 0.0 Rio_Grande_do_Sul DCRS -999.9 0.2 33.0 861.03 861.05 860.77 1 0.05 861.05 861.05 861.05 861.35
-29.264900 -50.314899 DCRS-00084 2026-07-29_05:09 11.5 -999.9 -999.9 96.8 -999.9 -999.9 11.0 -999.9 -999.9 -999.9 -999.9 -999.9 5.6 -999.9 6.3 0.0 4.2 33.0 93.2 116.4 119.0 120.4 14.5 11.4 97.2 85.2 55.4 DCRS_-_São_Francisco_de_Paula/Cambará_do_Sul_(865_m) -999.9 -999.9 -999.9 -999.9 -999.9 13.1 10.8 0.0 Rio_Grande_do_Sul DCRS -999.9 0.0 33.0 861.05 861.05 860.77 1 0.08 861.05 861.05 861.05 861.35
-29.264900 -50.314899 DCRS-00084 2026-07-29_05:10 11.5 -999.9 -999.9 96.7 -999.9 -999.9 11.0 -999.9 -999.9 -999.9 -999.9 -999.9 5.8 -999.9 5.9 0.0 4.2 33.0 93.2 116.4 119.0 120.4 14.5 11.4 97.2 85.2 55.4 DCRS_-_São_Francisco_de_Paula/Cambará_do_Sul_(865_m) -999.9 -999.9 -999.9 -999.9 -999.9 13.1 10.8 0.0 Rio_Grande_do_Sul DCRS -999.9 0.0 33.0 861.03 861.05 860.77 1 0.06 861.05 861.05 861.05 861.35
-29.264900 -50.314899 DCRS-00084 2026-07-29_05:11 11.5 -999.9 -999.9 96.7 -999.9 -999.9 11.0 -999.9 -999.9 -999.9 -999.9 -999.9 0.0 -999.9 5.9 0.0 4.2 33.0 93.2 116.4 119.0 120.4 14.5 11.4 97.2 85.2 55.4 DCRS_-_São_Francisco_de_Paula/Cambará_do_Sul_(865_m) -999.9 -999.9 -999.9 -999.9 -999.9 13.1 10.8 0.0 Rio_Grande_do_Sul DCRS -999.9 0.0 33.0 861.06 861.06 860.77 1 0.06 861.06 861.06 861.06 861.35
-29.264900 -50.314899 DCRS-00084 2026-07-29_05:12 11.5 -999.9 -999.9 96.8 -999.9 -999.9 11.0 -999.9 -999.9 -999.9 -999.9 -999.9 2.2 -999.9 5.9 0.0 4.2 33.4 93.6 116.8 119.4 120.8 14.5 11.4 97.2 85.2 55.4 DCRS_-_São_Francisco_de_Paula/Cambará_do_Sul_(865_m) -999.9 -999.9 -999.9 -999.9 -999.9 13.1 10.8 0.0 Rio_Grande_do_Sul DCRS -999.9 0.0 33.4 861.05 861.06 860.77 1 0.06 861.06 861.06 861.06 861.35
-29.264900 -50.314899 DCRS-00084 2026-07-29_05:13 11.5 -999.9 -999.9 96.8 -999.9 -999.9 11.0 -999.9 -999.9 -999.9 -999.9 -999.9 3.0 -999.9 5.9 0.0 4.2 33.4 93.6 116.8 119.4 120.8 14.5 11.4 97.2 85.2 55.4 DCRS_-_São_Francisco_de_Paula/Cambará_do_Sul_(865_m) -999.9 -999.9 -999.9 -999.9 -999.9 13.1 10.8 0.0 Rio_Grande_do_Sul DCRS -999.9 0.0 33.4 861.05 861.06 860.77 1 0.05 861.06 861.06 861.06 861.35
-29.264900 -50.314899 DCRS-00084 2026-07-29_05:14 11.5 -999.9 -999.9 97.0 -999.9 -999.9 11.0 -999.9 -999.9 -999.9 -999.9 -999.9 5.5 -999.9 5.9 0.0 4.2 33.4 93.6 116.8 119.4 120.8 14.5 11.4 97.2 85.2 55.4 DCRS_-_São_Francisco_de_Paula/Cambará_do_Sul_(865_m) -999.9 -999.9 -999.9 -999.9 -999.9 13.1 10.8 0.0 Rio_Grande_do_Sul DCRS -999.9 0.0 33.4 861.06 861.06 860.77 1 0.07 861.06 861.06 861.06 861.35
-29.264900 -50.314899 DCRS-00084 2026-07-29_05:15 11.5 -999.9 -999.9 96.9 -999.9 -999.9 11.0 -999.9 -999.9 -999.9 -999.9 -999.9 -999.9 -999.9 7.8 0.0 4.2 33.4 93.6 116.8 119.4 120.8 14.5 11.4 97.2 85.2 55.4 DCRS_-_São_Francisco_de_Paula/Cambará_do_Sul_(865_m) -999.9 -999.9 -999.9 -999.9 -999.9 13.1 10.8 0.0 Rio_Grande_do_Sul DCRS -999.9 0.0 33.4 861.06 861.06 860.77 1 0.06 861.06 861.06 861.06 861.35
-29.264900 -50.314899 DCRS-00084 2026-07-29_05:16 11.5 -999.9 -999.9 96.8 -999.9 -999.9 11.0 -999.9 -999.9 -999.9 -999.9 -999.9 -999.9 -999.9 7.8 0.0 4.2 33.6 93.8 117.0 119.6 121.0 14.5 11.4 97.2 85.2 55.4 DCRS_-_São_Francisco_de_Paula/Cambará_do_Sul_(865_m) -999.9 -999.9 -999.9 -999.9 -999.9 13.1 10.8 0.0 Rio_Grande_do_Sul DCRS -999.9 0.0 33.6 861.05 861.06 860.77 1 0.06 861.06 861.06 861.06 861.35
-29.264900 -50.314899 DCRS-00084 2026-07-29_05:17 11.4 -999.9 -999.9 96.9 -999.9 -999.9 10.9 -999.9 -999.9 -999.9 -999.9 -999.9 -999.9 -999.9 7.8 0.0 4.2 33.6 93.8 117.0 119.6 121.0 14.5 11.4 97.2 85.2 55.4 DCRS_-_São_Francisco_de_Paula/Cambará_do_Sul_(865_m) -999.9 -999.9 -999.9 -999.9 -999.9 13.1 10.8 0.0 Rio_Grande_do_Sul DCRS -999.9 0.0 33.6 861.06 861.06 860.77 1 0.07 861.06 861.06 861.06 861.35
-29.264900 -50.314899 DCRS-00084 2026-07-29_05:18 11.4 -999.9 -999.9 96.7 -999.9 -999.9 10.9 -999.9 -999.9 -999.9 -999.9 -999.9 -999.9 -999.9 7.8 0.0 4.2 33.6 93.8 117.0 119.6 121.0 14.5 11.4 97.2 85.2 55.4 DCRS_-_São_Francisco_de_Paula/Cambará_do_Sul_(865_m) -999.9 -999.9 -999.9 -999.9 -999.9 13.1 10.8 0.0 Rio_Grande_do_Sul DCRS -999.9 0.0 33.6 861.05 861.06 860.77 1 0.07 861.06 861.06 861.06 861.35
-29.264900 -50.314899 DCRS-00084 2026-07-29_05:19 11.5 -999.9 -999.9 96.8 -999.9 -999.9 11.0 -999.9 -999.9 -999.9 -999.9 -999.9 6.0 -999.9 7.8 0.0 4.2 33.6 93.8 117.0 119.6 121.0 14.5 11.4 97.2 85.2 55.4 DCRS_-_São_Francisco_de_Paula/Cambará_do_Sul_(865_m) -999.9 -999.9 -999.9 -999.9 -999.9 13.1 10.8 0.0 Rio_Grande_do_Sul DCRS -999.9 0.0 33.6 861.06 861.06 860.77 1 0.08 861.06 861.06 861.06 861.35
-29.264900 -50.314899 DCRS-00084 2026-07-29_05:20 11.4 -999.9 -999.9 96.8 -999.9 -999.9 10.9 -999.9 -999.9 -999.9 -999.9 -999.9 3.3 -999.9 13.3 0.0 4.2 33.8 94.0 117.2 119.8 121.2 14.5 11.4 97.2 85.2 55.4 DCRS_-_São_Francisco_de_Paula/Cambará_do_Sul_(865_m) -999.9 -999.9 -999.9 -999.9 -999.9 13.1 10.8 0.0 Rio_Grande_do_Sul DCRS -999.9 0.0 33.8 861.04 861.06 860.77 1 0.06 861.06 861.06 861.06 861.35
-29.264900 -50.314899 DCRS-00084 2026-07-29_05:21 11.4 -999.9 -999.9 96.8 -999.9 -999.9 10.9 -999.9 -999.9 -999.9 -999.9 -999.9 2.4 -999.9 13.3 0.0 4.2 33.8 94.0 117.2 119.8 121.2 14.5 11.4 97.2 85.2 55.4 DCRS_-_São_Francisco_de_Paula/Cambará_do_Sul_(865_m) -999.9 -999.9 -999.9 -999.9 -999.9 13.1 10.8 0.0 Rio_Grande_do_Sul DCRS -999.9 0.0 33.8 861.05 861.06 860.77 1 0.06 861.06 861.06 861.06 861.35
-29.264900 -50.314899 DCRS-00084 2026-07-29_05:22 11.4 -999.9 -999.9 96.8 -999.9 -999.9 10.9 -999.9 -999.9 -999.9 -999.9 -999.9 0.0 -999.9 13.3 0.0 4.2 33.8 94.0 117.2 119.8 121.2 14.5 11.4 97.2 85.2 55.4 DCRS_-_São_Francisco_de_Paula/Cambará_do_Sul_(865_m) -999.9 -999.9 -999.9 -999.9 -999.9 13.1 10.8 0.0 Rio_Grande_do_Sul DCRS -999.9 0.0 33.8 861.04 861.06 860.77 1 0.04 861.06 861.06 861.06 861.35
-29.264900 -50.314899 DCRS-00084 2026-07-29_05:23 11.5 -999.9 -999.9 96.8 -999.9 -999.9 11.0 -999.9 -999.9 -999.9 -999.9 -999.9 2.1 -999.9 13.3 0.0 4.2 33.8 94.0 117.2 119.8 121.2 14.5 11.4 97.2 85.2 55.4 DCRS_-_São_Francisco_de_Paula/Cambará_do_Sul_(865_m) -999.9 -999.9 -999.9 -999.9 -999.9 13.1 10.8 0.0 Rio_Grande_do_Sul DCRS -999.9 0.0 33.8 861.06 861.06 860.77 1 0.06 861.06 861.06 861.06 861.35
-29.264900 -50.314899 DCRS-00084 2026-07-29_05:24 11.4 -999.9 -999.9 96.8 -999.9 -999.9 10.9 -999.9 -999.9 -999.9 -999.9 -999.9 3.0 -999.9 13.3 0.0 4.2 34.0 94.2 117.4 120.0 121.4 14.5 11.4 97.2 85.2 55.4 DCRS_-_São_Francisco_de_Paula/Cambará_do_Sul_(865_m) -999.9 -999.9 -999.9 -999.9 -999.9 13.1 10.8 0.0 Rio_Grande_do_Sul DCRS -999.9 0.0 34.0 861.05 861.06 860.77 1 0.05 861.06 861.06 861.06 861.35
-29.264900 -50.314899 DCRS-00084 2026-07-29_05:25 11.4 -999.9 -999.9 96.8 -999.9 -999.9 10.9 -999.9 -999.9 -999.9 -999.9 -999.9 0.0 -999.9 5.7 0.0 4.0 34.0 94.2 117.4 120.0 121.4 14.5 11.4 97.2 85.2 55.4 DCRS_-_São_Francisco_de_Paula/Cambará_do_Sul_(865_m) -999.9 -999.9 -999.9 -999.9 -999.9 13.1 10.8 0.0 Rio_Grande_do_Sul DCRS -999.9 0.0 34.0 861.02 861.06 860.77 1 0.03 861.06 861.06 861.06 861.35
-29.264900 -50.314899 DCRS-00084 2026-07-29_05:26 11.4 -999.9 -999.9 96.8 -999.9 -999.9 10.9 -999.9 -999.9 -999.9 -999.9 -999.9 3.3 -999.9 5.7 0.0 4.0 34.0 94.2 117.4 120.0 121.4 14.5 11.4 97.2 85.2 55.4 DCRS_-_São_Francisco_de_Paula/Cambará_do_Sul_(865_m) -999.9 -999.9 -999.9 -999.9 -999.9 13.1 10.8 0.0 Rio_Grande_do_Sul DCRS -999.9 0.0 34.0 861.05 861.06 860.77 1 0.06 861.06 861.06 861.06 861.35
-29.264900 -50.314899 DCRS-00084 2026-07-29_05:27 11.4 -999.9 -999.9 96.8 -999.9 -999.9 10.9 -999.9 -999.9 -999.9 -999.9 -999.9 2.2 -999.9 5.7 0.0 4.0 34.0 94.2 117.4 120.0 121.4 14.5 11.4 97.2 85.2 55.4 DCRS_-_São_Francisco_de_Paula/Cambará_do_Sul_(865_m) -999.9 -999.9 -999.9 -999.9 -999.9 13.1 10.8 0.0 Rio_Grande_do_Sul DCRS -999.9 0.2 34.0 861.04 861.06 860.77 1 0.05 861.06 861.06 861.06 861.35
-29.264900 -50.314899 DCRS-00084 2026-07-29_05:28 11.4 -999.9 -999.9 96.8 -999.9 -999.9 10.9 -999.9 -999.9 -999.9 -999.9 -999.9 2.8 -999.9 5.7 0.0 4.0 34.4 94.6 117.8 120.4 121.8 14.5 11.4 97.2 85.2 55.4 DCRS_-_São_Francisco_de_Paula/Cambará_do_Sul_(865_m) -999.9 -999.9 -999.9 -999.9 -999.9 13.1 10.8 0.0 Rio_Grande_do_Sul DCRS -999.9 0.0 34.4 861.05 861.06 860.77 1 0.08 861.06 861.06 861.06 861.35
-29.264900 -50.314899 DCRS-00084 2026-07-29_05:29 11.4 -999.9 -999.9 96.8 -999.9 -999.9 10.9 -999.9 -999.9 -999.9 -999.9 -999.9 2.9 -999.9 5.7 0.0 4.0 34.4 94.6 117.8 120.4 121.8 14.5 11.4 97.2 85.2 55.4 DCRS_-_São_Francisco_de_Paula/Cambará_do_Sul_(865_m) -999.9 -999.9 -999.9 -999.9 -999.9 13.1 10.8 0.0 Rio_Grande_do_Sul DCRS -999.9 0.0 34.4 861.06 861.06 860.77 1 0.08 861.06 861.06 861.06 861.35
-29.264900 -50.314899 DCRS-00084 2026-07-29_05:30 11.4 -999.9 -999.9 96.9 -999.9 -999.9 10.9 -999.9 -999.9 -999.9 -999.9 -999.9 3.8 -999.9 7.3 0.0 4.0 34.4 94.6 117.8 120.4 121.8 14.5 11.4 97.2 85.2 55.4 DCRS_-_São_Francisco_de_Paula/Cambará_do_Sul_(865_m) -999.9 -999.9 -999.9 -999.9 -999.9 13.1 10.8 0.0 Rio_Grande_do_Sul DCRS -999.9 0.0 34.4 861.05 861.06 860.77 1 0.05 861.06 861.06 861.06 861.35
-29.264900 -50.314899 DCRS-00084 2026-07-29_05:31 11.4 -999.9 -999.9 96.9 -999.9 -999.9 10.9 -999.9 -999.9 -999.9 -999.9 -999.9 -999.9 -999.9 7.3 0.0 3.8 34.4 94.6 117.8 120.4 121.8 14.5 11.4 97.2 85.2 55.4 DCRS_-_São_Francisco_de_Paula/Cambará_do_Sul_(865_m) -999.9 -999.9 -999.9 -999.9 -999.9 13.1 10.8 0.0 Rio_Grande_do_Sul DCRS -999.9 0.0 34.4 861.05 861.06 860.77 1 0.07 861.06 861.06 861.06 861.35
-29.264900 -50.314899 DCRS-00084 2026-07-29_05:32 11.4 -999.9 -999.9 97.0 -999.9 -999.9 10.9 -999.9 -999.9 -999.9 -999.9 -999.9 3.1 -999.9 7.3 0.0 3.8 34.8 95.0 118.2 120.8 122.2 14.5 11.4 97.2 85.2 55.4 DCRS_-_São_Francisco_de_Paula/Cambará_do_Sul_(865_m) -999.9 -999.9 -999.9 -999.9 -999.9 13.1 10.8 0.0 Rio_Grande_do_Sul DCRS -999.9 0.0 34.8 861.07 861.07 860.77 1 0.08 861.07 861.07 861.07 861.35
-29.264900 -50.314899 DCRS-00084 2026-07-29_05:33 11.4 -999.9 -999.9 96.9 -999.9 -999.9 10.9 -999.9 -999.9 -999.9 -999.9 -999.9 4.2 -999.9 7.3 0.0 3.8 34.8 95.0 118.2 120.8 122.2 14.5 11.4 97.2 85.2 55.4 DCRS_-_São_Francisco_de_Paula/Cambará_do_Sul_(865_m) -999.9 -999.9 -999.9 -999.9 -999.9 13.1 10.8 0.0 Rio_Grande_do_Sul DCRS -999.9 0.0 34.8 861.08 861.08 860.77 1 0.08 861.08 861.08 861.08 861.35
-29.264900 -50.314899 DCRS-00084 2026-07-29_05:34 11.4 -999.9 -999.9 97.0 -999.9 -999.9 10.9 -999.9 -999.9 -999.9 -999.9 -999.9 3.4 -999.9 7.3 0.0 3.8 34.8 95.0 118.2 120.8 122.2 14.5 11.4 97.2 85.2 55.4 DCRS_-_São_Francisco_de_Paula/Cambará_do_Sul_(865_m) -999.9 -999.9 -999.9 -999.9 -999.9 13.1 10.8 0.0 Rio_Grande_do_Sul DCRS -999.9 0.0 34.8 861.04 861.08 860.77 1 0.03 861.08 861.08 861.08 861.35
-29.264900 -50.314899 DCRS-00084 2026-07-29_05:35 11.4 -999.9 -999.9 96.8 -999.9 -999.9 10.9 -999.9 -999.9 -999.9 -999.9 -999.9 8.1 -999.9 9.9 0.0 3.8 34.8 95.0 118.2 120.8 122.2 14.5 11.4 97.2 85.2 55.4 DCRS_-_São_Francisco_de_Paula/Cambará_do_Sul_(865_m) -999.9 -999.9 -999.9 -999.9 -999.9 13.1 10.8 0.0 Rio_Grande_do_Sul DCRS -999.9 0.0 34.8 861.08 861.08 860.77 1 0.07 861.08 861.08 861.08 861.35
-29.264900 -50.314899 DCRS-00084 2026-07-29_05:36 11.4 -999.9 -999.9 96.9 -999.9 -999.9 10.9 -999.9 -999.9 -999.9 -999.9 -999.9 9.0 -999.9 9.9 0.0 3.8 35.2 95.4 118.6 121.2 122.6 14.5 11.4 97.2 85.2 55.4 DCRS_-_São_Francisco_de_Paula/Cambará_do_Sul_(865_m) -999.9 -999.9 -999.9 -999.9 -999.9 13.1 10.8 0.0 Rio_Grande_do_Sul DCRS -999.9 0.0 35.2 861.06 861.08 860.77 1 0.05 861.08 861.08 861.08 861.35
-29.264900 -50.314899 DCRS-00084 2026-07-29_05:37 11.3 -999.9 -999.9 96.9 -999.9 -999.9 10.8 -999.9 -999.9 -999.9 -999.9 -999.9 -999.9 -999.9 9.9 0.0 3.8 35.2 95.4 118.6 121.2 122.6 14.5 11.3 97.2 85.2 55.4 DCRS_-_São_Francisco_de_Paula/Cambará_do_Sul_(865_m) -999.9 -999.9 -999.9 -999.9 -999.9 13.1 10.8 0.0 Rio_Grande_do_Sul DCRS -999.9 0.0 35.2 861.06 861.08 860.77 1 0.07 861.08 861.08 861.08 861.35
-29.264900 -50.314899 DCRS-00084 2026-07-29_05:38 11.3 -999.9 -999.9 97.0 -999.9 -999.9 10.8 -999.9 -999.9 -999.9 -999.9 -999.9 3.9 -999.9 9.9 0.0 3.8 35.2 95.4 118.6 121.2 122.6 14.5 11.3 97.2 85.2 55.4 DCRS_-_São_Francisco_de_Paula/Cambará_do_Sul_(865_m) -999.9 -999.9 -999.9 -999.9 -999.9 13.1 10.8 0.0 Rio_Grande_do_Sul DCRS -999.9 0.0 35.2 861.07 861.08 860.77 1 0.06 861.08 861.08 861.08 861.35
-29.264900 -50.314899 DCRS-00084 2026-07-29_05:39 11.3 -999.9 -999.9 97.0 -999.9 -999.9 10.8 -999.9 -999.9 -999.9 -999.9 -999.9 3.2 -999.9 9.9 0.0 3.8 35.2 95.4 118.6 121.2 122.6 14.5 11.3 97.2 85.2 55.4 DCRS_-_São_Francisco_de_Paula/Cambará_do_Sul_(865_m) -999.9 -999.9 -999.9 -999.9 -999.9 13.1 10.8 0.0 Rio_Grande_do_Sul DCRS -999.9 0.0 35.2 861.05 861.08 860.77 1 0.05 861.08 861.08 861.08 861.35
-29.264900 -50.314899 DCRS-00084 2026-07-29_05:40 11.3 -999.9 -999.9 97.0 -999.9 -999.9 10.8 -999.9 -999.9 -999.9 -999.9 -999.9 2.8 -999.9 12.1 0.0 3.8 35.4 95.6 118.8 121.4 122.8 14.5 11.3 97.2 85.2 55.4 DCRS_-_São_Francisco_de_Paula/Cambará_do_Sul_(865_m) -999.9 -999.9 -999.9 -999.9 -999.9 13.1 10.8 0.0 Rio_Grande_do_Sul DCRS -999.9 0.0 35.4 861.06 861.08 860.77 1 0.07 861.08 861.08 861.08 861.35
-29.264900 -50.314899 DCRS-00084 2026-07-29_05:41 11.3 -999.9 -999.9 97.0 -999.9 -999.9 10.8 -999.9 -999.9 -999.9 -999.9 -999.9 4.8 -999.9 12.1 0.0 3.8 35.4 95.6 118.8 121.4 122.8 14.5 11.3 97.2 85.2 55.4 DCRS_-_São_Francisco_de_Paula/Cambará_do_Sul_(865_m) -999.9 -999.9 -999.9 -999.9 -999.9 13.1 10.8 0.0 Rio_Grande_do_Sul DCRS -999.9 0.0 35.4 861.08 861.08 860.77 1 0.06 861.08 861.08 861.08 861.35
-29.264900 -50.314899 DCRS-00084 2026-07-29_05:42 11.3 -999.9 -999.9 97.0 -999.9 -999.9 10.8 -999.9 -999.9 -999.9 -999.9 -999.9 3.7 -999.9 12.1 0.0 3.8 35.4 95.6 118.8 121.4 122.8 14.5 11.3 97.2 85.2 55.4 DCRS_-_São_Francisco_de_Paula/Cambará_do_Sul_(865_m) -999.9 -999.9 -999.9 -999.9 -999.9 13.1 10.8 0.0 Rio_Grande_do_Sul DCRS -999.9 0.0 35.4 861.07 861.08 860.77 1 0.06 861.08 861.08 861.08 861.35
-29.264900 -50.314899 DCRS-00084 2026-07-29_05:43 11.2 -999.9 -999.9 97.0 -999.9 -999.9 10.7 -999.9 -999.9 -999.9 -999.9 -999.9 3.2 -999.9 12.1 0.0 3.8 35.4 95.6 118.8 121.4 122.8 14.5 11.2 97.2 85.2 55.4 DCRS_-_São_Francisco_de_Paula/Cambará_do_Sul_(865_m) -999.9 -999.9 -999.9 -999.9 -999.9 13.1 10.7 0.0 Rio_Grande_do_Sul DCRS -999.9 0.0 35.4 861.08 861.08 860.77 1 0.09 861.08 861.08 861.08 861.35
-29.264900 -50.314899 DCRS-00084 2026-07-29_05:44 11.3 -999.9 -999.9 97.0 -999.9 -999.9 10.8 -999.9 -999.9 -999.9 -999.9 -999.9 5.5 -999.9 12.1 0.0 3.4 35.6 95.8 119.0 121.6 123.0 14.5 11.2 97.2 85.2 55.4 DCRS_-_São_Francisco_de_Paula/Cambará_do_Sul_(865_m) -999.9 -999.9 -999.9 -999.9 -999.9 13.1 10.7 0.0 Rio_Grande_do_Sul DCRS -999.9 0.0 35.6 861.08 861.08 860.77 1 0.09 861.08 861.08 861.08 861.35
-29.264900 -50.314899 DCRS-00084 2026-07-29_05:45 11.2 -999.9 -999.9 97.0 -999.9 -999.9 10.7 -999.9 -999.9 -999.9 -999.9 -999.9 3.9 -999.9 9.1 0.0 3.4 35.6 95.8 119.0 121.6 123.0 14.5 11.2 97.2 85.2 55.4 DCRS_-_São_Francisco_de_Paula/Cambará_do_Sul_(865_m) -999.9 -999.9 -999.9 -999.9 -999.9 13.1 10.7 0.0 Rio_Grande_do_Sul DCRS -999.9 0.0 35.6 861.08 861.08 860.77 1 0.07 861.08 861.08 861.08 861.35
-29.264900 -50.314899 DCRS-00084 2026-07-29_05:46 11.3 -999.9 -999.9 97.0 -999.9 -999.9 10.8 -999.9 -999.9 -999.9 -999.9 -999.9 3.8 -999.9 9.1 0.0 3.4 35.6 95.8 119.0 121.6 123.0 14.5 11.2 97.2 85.2 55.4 DCRS_-_São_Francisco_de_Paula/Cambará_do_Sul_(865_m) -999.9 -999.9 -999.9 -999.9 -999.9 13.1 10.7 0.0 Rio_Grande_do_Sul DCRS -999.9 0.0 35.6 861.1 861.1 860.77 1 0.1 861.1 861.1 861.1 861.35
-29.264900 -50.314899 DCRS-00084 2026-07-29_05:47 11.2 -999.9 -999.9 97.1 -999.9 -999.9 10.8 -999.9 -999.9 -999.9 -999.9 -999.9 3.6 -999.9 9.1 0.0 3.4 35.6 95.8 119.0 121.6 123.0 14.5 11.2 97.2 85.2 55.4 DCRS_-_São_Francisco_de_Paula/Cambará_do_Sul_(865_m) -999.9 -999.9 -999.9 -999.9 -999.9 13.1 10.7 0.0 Rio_Grande_do_Sul DCRS -999.9 0.0 35.6 861.07 861.1 860.77 1 0.07 861.1 861.1 861.1 861.35
-29.264900 -50.314899 DCRS-00084 2026-07-29_05:48 11.2 -999.9 -999.9 97.1 -999.9 -999.9 10.8 -999.9 -999.9 -999.9 -999.9 -999.9 2.5 -999.9 9.1 0.0 3.4 35.8 96.0 119.2 121.8 123.2 14.5 11.2 97.2 85.2 55.4 DCRS_-_São_Francisco_de_Paula/Cambará_do_Sul_(865_m) -999.9 -999.9 -999.9 -999.9 -999.9 13.1 10.7 0.0 Rio_Grande_do_Sul DCRS -999.9 0.0 35.8 861.09 861.1 860.77 1 0.08 861.1 861.1 861.1 861.35
-29.264900 -50.314899 DCRS-00084 2026-07-29_05:49 11.3 -999.9 -999.9 97.0 -999.9 -999.9 10.8 -999.9 -999.9 -999.9 -999.9 -999.9 5.7 -999.9 9.1 0.0 3.2 35.8 96.0 119.2 121.8 123.2 14.5 11.2 97.2 85.2 55.4 DCRS_-_São_Francisco_de_Paula/Cambará_do_Sul_(865_m) -999.9 -999.9 -999.9 -999.9 -999.9 13.1 10.7 0.0 Rio_Grande_do_Sul DCRS -999.9 0.0 35.8 861.11 861.11 860.77 1 0.1 861.11 861.11 861.11 861.35
-29.264900 -50.314899 DCRS-00084 2026-07-29_05:50 11.2 -999.9 -999.9 97.1 -999.9 -999.9 10.8 -999.9 -999.9 -999.9 -999.9 -999.9 4.5 -999.9 7.2 0.0 3.2 35.8 96.0 119.2 121.8 123.2 14.5 11.2 97.2 85.2 55.4 DCRS_-_São_Francisco_de_Paula/Cambará_do_Sul_(865_m) -999.9 -999.9 -999.9 -999.9 -999.9 13.1 10.7 0.0 Rio_Grande_do_Sul DCRS -999.9 0.0 35.8 861.09 861.11 860.77 1 0.1 861.11 861.11 861.11 861.35
-29.264900 -50.314899 DCRS-00084 2026-07-29_05:51 11.3 -999.9 -999.9 97.1 -999.9 -999.9 10.9 -999.9 -999.9 -999.9 -999.9 -999.9 2.4 -999.9 7.2 0.0 3.2 35.8 96.0 119.2 121.8 123.2 14.5 11.2 97.2 85.2 55.4 DCRS_-_São_Francisco_de_Paula/Cambará_do_Sul_(865_m) -999.9 -999.9 -999.9 -999.9 -999.9 13.1 10.7 0.0 Rio_Grande_do_Sul DCRS -999.9 0.0 35.8 861.09 861.11 860.77 1 0.09 861.11 861.11 861.11 861.35
-29.264900 -50.314899 DCRS-00084 2026-07-29_05:52 11.2 -999.9 -999.9 97.0 -999.9 -999.9 10.7 -999.9 -999.9 -999.9 -999.9 -999.9 5.8 -999.9 7.2 0.0 3.2 36.0 96.2 119.4 122.0 123.4 14.5 11.2 97.2 85.2 55.4 DCRS_-_São_Francisco_de_Paula/Cambará_do_Sul_(865_m) -999.9 -999.9 -999.9 -999.9 -999.9 13.1 10.7 0.0 Rio_Grande_do_Sul DCRS -999.9 0.0 36.0 861.08 861.11 860.77 1 0.05 861.11 861.11 861.11 861.35
-29.264900 -50.314899 DCRS-00084 2026-07-29_05:53 11.2 -999.9 -999.9 97.0 -999.9 -999.9 10.7 -999.9 -999.9 -999.9 -999.9 -999.9 4.8 -999.9 7.2 0.0 3.2 36.0 96.2 119.4 122.0 123.4 14.5 11.2 97.2 85.2 55.4 DCRS_-_São_Francisco_de_Paula/Cambará_do_Sul_(865_m) -999.9 -999.9 -999.9 -999.9 -999.9 13.1 10.7 0.0 Rio_Grande_do_Sul DCRS -999.9 0.0 36.0 861.08 861.11 860.77 1 0.07 861.11 861.11 861.11 861.35
-29.264900 -50.314899 DCRS-00084 2026-07-29_05:54 11.2 -999.9 -999.9 97.0 -999.9 -999.9 10.7 -999.9 -999.9 -999.9 -999.9 -999.9 0.0 -999.9 7.2 0.0 2.8 36.0 96.2 119.4 122.0 123.4 14.5 11.2 97.2 85.2 55.4 DCRS_-_São_Francisco_de_Paula/Cambará_do_Sul_(865_m) -999.9 -999.9 -999.9 -999.9 -999.9 13.1 10.7 0.0 Rio_Grande_do_Sul DCRS -999.9 0.0 36.0 861.1 861.11 860.77 1 0.08 861.11 861.11 861.11 861.35
-29.264900 -50.314899 DCRS-00084 2026-07-29_05:55 11.2 -999.9 -999.9 97.0 -999.9 -999.9 10.7 -999.9 -999.9 -999.9 -999.9 -999.9 0.0 -999.9 7.3 0.0 2.8 36.0 96.2 119.4 122.0 123.4 14.5 11.2 97.2 85.2 55.4 DCRS_-_São_Francisco_de_Paula/Cambará_do_Sul_(865_m) -999.9 -999.9 -999.9 -999.9 -999.9 13.1 10.7 0.0 Rio_Grande_do_Sul DCRS -999.9 0.0 36.0 861.09 861.11 860.77 1 0.09 861.11 861.11 861.11 861.35
-29.264900 -50.314899 DCRS-00084 2026-07-29_05:56 11.2 -999.9 -999.9 97.0 -999.9 -999.9 10.7 -999.9 -999.9 -999.9 -999.9 -999.9 0.0 -999.9 7.3 0.0 2.8 36.0 96.2 119.4 122.0 123.4 14.5 11.2 97.2 85.2 55.4 DCRS_-_São_Francisco_de_Paula/Cambará_do_Sul_(865_m) -999.9 -999.9 -999.9 -999.9 -999.9 13.1 10.7 0.0 Rio_Grande_do_Sul DCRS -999.9 0.0 36.0 861.08 861.11 860.77 1 0.07 861.11 861.11 861.11 861.35
-29.264900 -50.314899 DCRS-00084 2026-07-29_05:57 11.2 -999.9 -999.9 97.1 -999.9 -999.9 10.8 -999.9 -999.9 -999.9 -999.9 -999.9 4.1 -999.9 7.3 0.0 2.8 36.0 96.2 119.4 122.0 123.4 14.5 11.2 97.2 85.2 55.4 DCRS_-_São_Francisco_de_Paula/Cambará_do_Sul_(865_m) -999.9 -999.9 -999.9 -999.9 -999.9 13.1 10.7 0.0 Rio_Grande_do_Sul DCRS -999.9 0.0 36.0 861.11 861.11 860.77 1 0.08 861.11 861.11 861.11 861.35
-29.264900 -50.314899 DCRS-00084 2026-07-29_05:58 11.1 -999.9 -999.9 97.1 -999.9 -999.9 10.7 -999.9 -999.9 -999.9 -999.9 -999.9 4.1 -999.9 7.3 0.0 2.8 36.0 96.2 119.4 122.0 123.4 14.5 11.1 97.2 85.2 55.4 DCRS_-_São_Francisco_de_Paula/Cambará_do_Sul_(865_m) -999.9 -999.9 -999.9 -999.9 -999.9 13.1 10.7 0.0 Rio_Grande_do_Sul DCRS -999.9 0.0 36.0 861.09 861.11 860.77 1 0.07 861.11 861.11 861.11 861.35
-29.264900 -50.314899 DCRS-00084 2026-07-29_05:59 11.2 -999.9 -999.9 97.1 -999.9 -999.9 10.8 -999.9 -999.9 -999.9 -999.9 -999.9 4.0 -999.9 7.3 0.0 2.8 36.0 96.2 119.4 122.0 123.4 14.5 11.1 97.2 85.2 55.4 DCRS_-_São_Francisco_de_Paula/Cambará_do_Sul_(865_m) -999.9 -999.9 -999.9 -999.9 -999.9 13.1 10.7 0.0 Rio_Grande_do_Sul DCRS -999.9 0.2 36.0 861.12 861.12 860.77 1 0.09 861.12 861.12 861.12 861.35
-29.264900 -50.314899 DCRS-00084 2026-07-29_06:00 11.2 -999.9 -999.9 97.1 -999.9 -999.9 10.8 -999.9 -999.9 -999.9 -999.9 -999.9 0.0 -999.9 7.0 0.0 2.8 36.2 96.4 119.6 122.2 123.6 14.5 11.1 97.2 85.2 55.4 DCRS_-_São_Francisco_de_Paula/Cambará_do_Sul_(865_m) -999.9 -999.9 -999.9 -999.9 -999.9 13.1 10.7 0.0 Rio_Grande_do_Sul DCRS -999.9 0.0 36.2 861.11 861.12 860.77 1 0.07 861.12 861.12 861.12 861.35
-29.264900 -50.314899 DCRS-00084 2026-07-29_06:01 11.2 -999.9 -999.9 97.2 -999.9 -999.9 10.8 -999.9 -999.9 -999.9 -999.9 -999.9 4.5 -999.9 7.0 0.0 2.8 36.2 96.4 119.6 122.2 123.6 14.5 11.1 97.2 85.2 55.4 DCRS_-_São_Francisco_de_Paula/Cambará_do_Sul_(865_m) -999.9 -999.9 -999.9 -999.9 -999.9 13.1 10.7 0.0 Rio_Grande_do_Sul DCRS -999.9 0.0 36.2 861.12 861.12 860.77 1 0.09 861.12 861.12 861.12 861.35
-29.264900 -50.314899 DCRS-00084 2026-07-29_06:02 11.2 -999.9 -999.9 97.1 -999.9 -999.9 10.8 -999.9 -999.9 -999.9 -999.9 -999.9 -999.9 -999.9 7.0 0.0 2.8 36.2 96.4 119.6 122.2 123.6 14.5 11.1 97.2 85.2 55.4 DCRS_-_São_Francisco_de_Paula/Cambará_do_Sul_(865_m) -999.9 -999.9 -999.9 -999.9 -999.9 13.1 10.7 0.0 Rio_Grande_do_Sul DCRS -999.9 0.0 36.2 861.1 861.12 860.77 1 0.07 861.12 861.12 861.12 861.35
-29.264900 -50.314899 DCRS-00084 2026-07-29_06:03 11.2 -999.9 -999.9 97.2 -999.9 -999.9 10.8 -999.9 -999.9 -999.9 -999.9 -999.9 -999.9 -999.9 7.0 0.0 2.8 36.2 96.4 119.6 122.2 123.6 14.5 11.1 97.2 85.2 55.4 DCRS_-_São_Francisco_de_Paula/Cambará_do_Sul_(865_m) -999.9 -999.9 -999.9 -999.9 -999.9 13.1 10.7 0.0 Rio_Grande_do_Sul DCRS -999.9 0.0 36.2 861.11 861.12 860.77 1 0.06 861.12 861.12 861.12 861.35
-29.264900 -50.314899 DCRS-00084 2026-07-29_06:04 11.2 -999.9 -999.9 97.2 -999.9 -999.9 10.8 -999.9 -999.9 -999.9 -999.9 -999.9 -999.9 -999.9 7.0 0.0 2.4 36.2 96.4 119.6 122.2 123.6 14.5 11.1 97.2 85.2 55.4 DCRS_-_São_Francisco_de_Paula/Cambará_do_Sul_(865_m) -999.9 -999.9 -999.9 -999.9 -999.9 13.1 10.7 0.0 Rio_Grande_do_Sul DCRS -999.9 0.0 36.2 861.12 861.12 860.77 1 0.07 861.12 861.12 861.12 861.35
-29.264900 -50.314899 DCRS-00084 2026-07-29_06:05 11.2 -999.9 -999.9 97.2 -999.9 -999.9 10.8 -999.9 -999.9 -999.9 -999.9 -999.9 13.2 -999.9 20.6 0.0 2.4 36.2 96.4 119.6 122.2 123.6 14.5 11.1 97.2 85.2 55.4 DCRS_-_São_Francisco_de_Paula/Cambará_do_Sul_(865_m) -999.9 -999.9 -999.9 -999.9 -999.9 13.1 10.7 0.0 Rio_Grande_do_Sul DCRS -999.9 0.0 36.2 861.11 861.12 860.77 1 0.06 861.12 861.12 861.12 861.35
-29.264900 -50.314899 DCRS-00084 2026-07-29_06:06 11.2 -999.9 -999.9 97.3 -999.9 -999.9 10.8 -999.9 -999.9 -999.9 -999.9 -999.9 10.0 -999.9 20.6 0.0 2.4 36.2 96.4 119.6 122.2 123.6 14.5 11.1 97.3 85.2 55.4 DCRS_-_São_Francisco_de_Paula/Cambará_do_Sul_(865_m) -999.9 -999.9 -999.9 -999.9 -999.9 13.1 10.7 0.0 Rio_Grande_do_Sul DCRS -999.9 0.0 36.2 861.12 861.12 860.77 1 0.07 861.12 861.12 861.12 861.35
-29.264900 -50.314899 DCRS-00084 2026-07-29_06:07 11.2 -999.9 -999.9 97.3 -999.9 -999.9 10.8 -999.9 -999.9 -999.9 -999.9 -999.9 12.2 -999.9 20.6 0.0 2.4 36.2 96.4 119.6 122.2 123.6 14.5 11.1 97.3 85.2 55.4 DCRS_-_São_Francisco_de_Paula/Cambará_do_Sul_(865_m) -999.9 -999.9 -999.9 -999.9 -999.9 13.1 10.7 0.0 Rio_Grande_do_Sul DCRS -999.9 0.0 36.2 861.09 861.12 860.77 1 0.05 861.12 861.12 861.12 861.35
-29.264900 -50.314899 DCRS-00084 2026-07-29_06:08 11.2 -999.9 -999.9 97.3 -999.9 -999.9 10.8 -999.9 -999.9 -999.9 -999.9 -999.9 2.8 -999.9 20.6 0.0 2.4 36.2 96.4 119.6 122.2 123.6 14.5 11.1 97.3 85.2 55.4 DCRS_-_São_Francisco_de_Paula/Cambará_do_Sul_(865_m) -999.9 -999.9 -999.9 -999.9 -999.9 13.1 10.7 0.0 Rio_Grande_do_Sul DCRS -999.9 0.0 36.2 861.11 861.12 860.77 1 0.06 861.12 861.12 861.12 861.35
-29.264900 -50.314899 DCRS-00084 2026-07-29_06:09 11.2 -999.9 -999.9 97.3 -999.9 -999.9 10.8 -999.9 -999.9 -999.9 -999.9 -999.9 2.1 -999.9 20.6 0.0 2.2 36.2 96.4 119.6 122.2 123.6 14.5 11.1 97.3 85.2 55.4 DCRS_-_São_Francisco_de_Paula/Cambará_do_Sul_(865_m) -999.9 -999.9 -999.9 -999.9 -999.9 13.1 10.7 0.0 Rio_Grande_do_Sul DCRS -999.9 0.0 36.2 861.11 861.12 860.77 1 0.06 861.12 861.12 861.12 861.35
-29.264900 -50.314899 DCRS-00084 2026-07-29_06:10 11.3 -999.9 -999.9 97.3 -999.9 -999.9 10.9 -999.9 -999.9 -999.9 -999.9 -999.9 3.8 -999.9 15.4 0.0 2.2 36.2 96.4 119.6 122.2 123.6 14.5 11.1 97.3 85.2 55.4 DCRS_-_São_Francisco_de_Paula/Cambará_do_Sul_(865_m) -999.9 -999.9 -999.9 -999.9 -999.9 13.1 10.7 0.0 Rio_Grande_do_Sul DCRS -999.9 0.0 36.2 861.12 861.12 860.77 1 0.09 861.12 861.12 861.12 861.35
-29.264900 -50.314899 DCRS-00084 2026-07-29_06:11 11.3 -999.9 -999.9 97.4 -999.9 -999.9 10.9 -999.9 -999.9 -999.9 -999.9 -999.9 5.2 -999.9 15.4 0.0 2.2 36.2 96.4 119.6 122.2 123.6 14.5 11.1 97.4 85.2 55.4 DCRS_-_São_Francisco_de_Paula/Cambará_do_Sul_(865_m) -999.9 -999.9 -999.9 -999.9 -999.9 13.1 10.7 0.0 Rio_Grande_do_Sul DCRS -999.9 0.0 36.2 861.1 861.12 860.77 1 0.04 861.12 861.12 861.12 861.35
-29.264900 -50.314899 DCRS-00084 2026-07-29_06:12 11.3 -999.9 -999.9 97.3 -999.9 -999.9 10.9 -999.9 -999.9 -999.9 -999.9 -999.9 7.2 -999.9 15.4 0.0 2.2 36.2 96.4 119.6 122.2 123.6 14.5 11.1 97.4 85.2 55.4 DCRS_-_São_Francisco_de_Paula/Cambará_do_Sul_(865_m) -999.9 -999.9 -999.9 -999.9 -999.9 13.1 10.7 0.0 Rio_Grande_do_Sul DCRS -999.9 0.0 36.2 861.11 861.12 860.77 1 0.06 861.12 861.12 861.12 861.35
-29.264900 -50.314899 DCRS-00084 2026-07-29_06:13 11.3 -999.9 -999.9 97.3 -999.9 -999.9 10.9 -999.9 -999.9 -999.9 -999.9 -999.9 7.5 -999.9 15.4 0.0 2.0 36.2 96.4 119.6 122.2 123.6 14.5 11.1 97.4 85.2 55.4 DCRS_-_São_Francisco_de_Paula/Cambará_do_Sul_(865_m) -999.9 -999.9 -999.9 -999.9 -999.9 13.1 10.7 0.0 Rio_Grande_do_Sul DCRS -999.9 0.0 36.2 861.12 861.12 860.77 1 0.07 861.12 861.12 861.12 861.35
-29.264900 -50.314899 DCRS-00084 2026-07-29_06:14 11.3 -999.9 -999.9 97.3 -999.9 -999.9 10.9 -999.9 -999.9 -999.9 -999.9 -999.9 6.7 -999.9 15.4 0.0 2.0 36.2 96.4 119.6 122.2 123.6 14.5 11.1 97.4 85.2 55.4 DCRS_-_São_Francisco_de_Paula/Cambará_do_Sul_(865_m) -999.9 -999.9 -999.9 -999.9 -999.9 13.1 10.7 0.0 Rio_Grande_do_Sul DCRS -999.9 0.0 36.2 861.1 861.12 860.77 1 0.04 861.12 861.12 861.12 861.35
-29.264900 -50.314899 DCRS-00084 2026-07-29_06:15 11.3 -999.9 -999.9 97.3 -999.9 -999.9 10.9 -999.9 -999.9 -999.9 -999.9 -999.9 8.8 -999.9 9.8 0.0 2.0 36.2 96.4 119.6 122.2 123.6 14.5 11.1 97.4 85.2 55.4 DCRS_-_São_Francisco_de_Paula/Cambará_do_Sul_(865_m) -999.9 -999.9 -999.9 -999.9 -999.9 13.1 10.7 0.0 Rio_Grande_do_Sul DCRS -999.9 0.0 36.2 861.1 861.12 860.77 1 0.04 861.12 861.12 861.12 861.35
-29.264900 -50.314899 DCRS-00084 2026-07-29_06:16 11.3 -999.9 -999.9 97.3 -999.9 -999.9 10.9 -999.9 -999.9 -999.9 -999.9 -999.9 -999.9 -999.9 9.8 0.0 2.0 36.2 96.4 119.6 122.2 123.6 14.5 11.1 97.4 85.2 55.4 DCRS_-_São_Francisco_de_Paula/Cambará_do_Sul_(865_m) -999.9 -999.9 -999.9 -999.9 -999.9 13.1 10.7 0.0 Rio_Grande_do_Sul DCRS -999.9 0.0 36.2 861.13 861.13 860.77 1 0.08 861.13 861.13 861.13 861.35
-29.264900 -50.314899 DCRS-00084 2026-07-29_06:17 11.4 -999.9 -999.9 97.3 -999.9 -999.9 11.0 -999.9 -999.9 -999.9 -999.9 -999.9 8.2 -999.9 9.8 0.0 2.0 36.2 96.4 119.6 122.2 123.6 14.5 11.1 97.4 85.2 55.4 DCRS_-_São_Francisco_de_Paula/Cambará_do_Sul_(865_m) -999.9 -999.9 -999.9 -999.9 -999.9 13.1 10.7 0.0 Rio_Grande_do_Sul DCRS -999.9 0.0 36.2 861.11 861.13 860.77 1 0.06 861.13 861.13 861.13 861.35
-29.264900 -50.314899 DCRS-00084 2026-07-29_06:18 11.3 -999.9 -999.9 97.4 -999.9 -999.9 10.9 -999.9 -999.9 -999.9 -999.9 -999.9 7.1 -999.9 9.8 0.0 2.0 36.2 96.4 119.6 122.2 123.6 14.5 11.1 97.4 85.2 55.4 DCRS_-_São_Francisco_de_Paula/Cambará_do_Sul_(865_m) -999.9 -999.9 -999.9 -999.9 -999.9 13.1 10.7 0.0 Rio_Grande_do_Sul DCRS -999.9 0.0 36.2 861.1 861.13 860.77 1 0.05 861.13 861.13 861.13 861.35
-29.264900 -50.314899 DCRS-00084 2026-07-29_06:19 11.3 -999.9 -999.9 97.4 -999.9 -999.9 10.9 -999.9 -999.9 -999.9 -999.9 -999.9 8.5 -999.9 9.8 0.0 2.0 36.2 96.4 119.6 122.2 123.6 14.5 11.1 97.4 85.2 55.4 DCRS_-_São_Francisco_de_Paula/Cambará_do_Sul_(865_m) -999.9 -999.9 -999.9 -999.9 -999.9 13.1 10.7 0.0 Rio_Grande_do_Sul DCRS -999.9 0.2 36.2 861.11 861.13 860.77 1 0.05 861.13 861.13 861.13 861.35
-29.264900 -50.314899 DCRS-00084 2026-07-29_06:20 11.3 -999.9 -999.9 97.3 -999.9 -999.9 10.9 -999.9 -999.9 -999.9 -999.9 -999.9 4.6 -999.9 17.8 0.0 2.0 36.4 96.6 119.8 122.4 123.8 14.5 11.1 97.4 85.2 55.4 DCRS_-_São_Francisco_de_Paula/Cambará_do_Sul_(865_m) -999.9 -999.9 -999.9 -999.9 -999.9 13.1 10.7 0.0 Rio_Grande_do_Sul DCRS -999.9 0.0 36.4 861.1 861.13 860.77 1 0.06 861.13 861.13 861.13 861.35
-29.264900 -50.314899 DCRS-00084 2026-07-29_06:21 11.3 -999.9 -999.9 97.4 -999.9 -999.9 10.9 -999.9 -999.9 -999.9 -999.9 -999.9 4.2 -999.9 17.8 0.0 2.0 36.4 96.6 119.8 122.4 123.8 14.5 11.1 97.4 85.2 55.4 DCRS_-_São_Francisco_de_Paula/Cambará_do_Sul_(865_m) -999.9 -999.9 -999.9 -999.9 -999.9 13.1 10.7 0.0 Rio_Grande_do_Sul DCRS -999.9 0.0 36.4 861.11 861.13 860.77 1 0.06 861.13 861.13 861.13 861.35
-29.264900 -50.314899 DCRS-00084 2026-07-29_06:22 11.3 -999.9 -999.9 97.3 -999.9 -999.9 10.9 -999.9 -999.9 -999.9 -999.9 -999.9 0.0 -999.9 17.8 0.0 2.0 36.4 96.6 119.8 122.4 123.8 14.5 11.1 97.4 85.2 55.4 DCRS_-_São_Francisco_de_Paula/Cambará_do_Sul_(865_m) -999.9 -999.9 -999.9 -999.9 -999.9 13.1 10.7 0.0 Rio_Grande_do_Sul DCRS -999.9 0.0 36.4 861.12 861.13 860.77 1 0.06 861.13 861.13 861.13 861.35
-29.264900 -50.314899 DCRS-00084 2026-07-29_06:23 11.3 -999.9 -999.9 97.4 -999.9 -999.9 10.9 -999.9 -999.9 -999.9 -999.9 -999.9 0.0 -999.9 17.8 0.0 1.8 36.4 96.6 119.8 122.4 123.8 14.5 11.1 97.4 85.2 55.4 DCRS_-_São_Francisco_de_Paula/Cambará_do_Sul_(865_m) -999.9 -999.9 -999.9 -999.9 -999.9 13.1 10.7 0.0 Rio_Grande_do_Sul DCRS -999.9 0.0 36.4 861.11 861.13 860.77 1 0.05 861.13 861.13 861.13 861.35
-29.264900 -50.314899 DCRS-00084 2026-07-29_06:24 11.3 -999.9 -999.9 97.3 -999.9 -999.9 10.9 -999.9 -999.9 -999.9 -999.9 -999.9 5.5 -999.9 17.8 0.0 1.8 36.4 96.6 119.8 122.4 123.8 14.5 11.1 97.4 85.2 55.4 DCRS_-_São_Francisco_de_Paula/Cambará_do_Sul_(865_m) -999.9 -999.9 -999.9 -999.9 -999.9 13.1 10.7 0.0 Rio_Grande_do_Sul DCRS -999.9 0.0 36.4 861.11 861.13 860.77 1 0.06 861.13 861.13 861.13 861.35
-29.264900 -50.314899 DCRS-00084 2026-07-29_06:25 11.3 -999.9 -999.9 97.5 -999.9 -999.9 10.9 -999.9 -999.9 -999.9 -999.9 -999.9 6.1 -999.9 8.8 0.0 1.8 36.4 96.6 119.8 122.4 123.8 14.5 11.1 97.5 85.2 55.4 DCRS_-_São_Francisco_de_Paula/Cambará_do_Sul_(865_m) -999.9 -999.9 -999.9 -999.9 -999.9 13.1 10.7 0.0 Rio_Grande_do_Sul DCRS -999.9 0.0 36.4 861.12 861.13 860.77 1 0.1 861.13 861.13 861.13 861.35
-29.264900 -50.314899 DCRS-00084 2026-07-29_06:26 11.3 -999.9 -999.9 97.5 -999.9 -999.9 10.9 -999.9 -999.9 -999.9 -999.9 -999.9 7.9 -999.9 8.8 0.0 1.8 36.4 96.6 119.8 122.4 123.8 14.5 11.1 97.5 85.2 55.4 DCRS_-_São_Francisco_de_Paula/Cambará_do_Sul_(865_m) -999.9 -999.9 -999.9 -999.9 -999.9 13.1 10.7 0.0 Rio_Grande_do_Sul DCRS -999.9 0.0 36.4 861.12 861.13 860.77 1 0.07 861.13 861.13 861.13 861.35
-29.264900 -50.314899 DCRS-00084 2026-07-29_06:27 11.3 -999.9 -999.9 97.5 -999.9 -999.9 10.9 -999.9 -999.9 -999.9 -999.9 -999.9 6.2 -999.9 8.8 0.0 1.8 36.4 96.6 119.8 122.4 123.8 14.5 11.1 97.5 85.2 55.4 DCRS_-_São_Francisco_de_Paula/Cambará_do_Sul_(865_m) -999.9 -999.9 -999.9 -999.9 -999.9 13.1 10.7 0.0 Rio_Grande_do_Sul DCRS -999.9 0.0 36.4 861.1 861.13 860.77 1 0.06 861.13 861.13 861.13 861.35
-29.264900 -50.314899 DCRS-00084 2026-07-29_06:28 11.3 -999.9 -999.9 97.5 -999.9 -999.9 10.9 -999.9 -999.9 -999.9 -999.9 -999.9 7.6 -999.9 8.8 0.0 1.8 36.4 96.6 119.8 122.4 123.8 14.5 11.1 97.5 85.2 55.4 DCRS_-_São_Francisco_de_Paula/Cambará_do_Sul_(865_m) -999.9 -999.9 -999.9 -999.9 -999.9 13.1 10.7 0.0 Rio_Grande_do_Sul DCRS -999.9 0.0 36.4 861.13 861.13 860.77 1 0.08 861.13 861.13 861.13 861.35
-29.264900 -50.314899 DCRS-00084 2026-07-29_06:29 11.3 -999.9 -999.9 97.5 -999.9 -999.9 10.9 -999.9 -999.9 -999.9 -999.9 -999.9 7.0 -999.9 8.8 0.0 1.6 36.4 96.6 119.8 122.4 123.8 14.5 11.1 97.5 85.2 55.4 DCRS_-_São_Francisco_de_Paula/Cambará_do_Sul_(865_m) -999.9 -999.9 -999.9 -999.9 -999.9 13.1 10.7 0.0 Rio_Grande_do_Sul DCRS -999.9 0.2 36.4 861.14 861.14 860.77 1 0.08 861.14 861.14 861.14 861.35
-29.264900 -50.314899 DCRS-00084 2026-07-29_06:30 11.3 -999.9 -999.9 97.5 -999.9 -999.9 10.9 -999.9 -999.9 -999.9 -999.9 -999.9 4.6 -999.9 9.6 0.0 1.6 36.4 96.6 119.8 122.4 123.8 14.5 11.1 97.5 85.2 55.4 DCRS_-_São_Francisco_de_Paula/Cambará_do_Sul_(865_m) -999.9 -999.9 -999.9 -999.9 -999.9 13.1 10.7 0.0 Rio_Grande_do_Sul DCRS -999.9 0.0 36.4 861.13 861.14 860.77 1 0.08 861.14 861.14 861.14 861.35
-29.264900 -50.314899 DCRS-00084 2026-07-29_06:31 11.3 -999.9 -999.9 97.5 -999.9 -999.9 10.9 -999.9 -999.9 -999.9 -999.9 -999.9 6.8 -999.9 9.6 0.0 1.6 36.4 96.6 119.8 122.4 123.8 14.5 11.1 97.5 85.2 55.4 DCRS_-_São_Francisco_de_Paula/Cambará_do_Sul_(865_m) -999.9 -999.9 -999.9 -999.9 -999.9 13.1 10.7 0.0 Rio_Grande_do_Sul DCRS -999.9 0.0 36.4 861.14 861.14 860.77 1 0.09 861.14 861.14 861.14 861.35
-29.264900 -50.314899 DCRS-00084 2026-07-29_06:32 11.3 -999.9 -999.9 97.5 -999.9 -999.9 10.9 -999.9 -999.9 -999.9 -999.9 -999.9 9.4 -999.9 9.6 0.0 1.6 36.6 96.8 120.0 122.6 124.0 14.5 11.1 97.5 85.2 55.4 DCRS_-_São_Francisco_de_Paula/Cambará_do_Sul_(865_m) -999.9 -999.9 -999.9 -999.9 -999.9 13.1 10.7 0.0 Rio_Grande_do_Sul DCRS -999.9 0.0 36.6 861.14 861.14 860.77 1 0.06 861.14 861.14 861.14 861.35
-29.264900 -50.314899 DCRS-00084 2026-07-29_06:33 11.3 -999.9 -999.9 97.5 -999.9 -999.9 10.9 -999.9 -999.9 -999.9 -999.9 -999.9 -999.9 -999.9 9.6 0.0 1.6 36.6 96.8 120.0 122.6 124.0 14.5 11.1 97.5 85.2 55.4 DCRS_-_São_Francisco_de_Paula/Cambará_do_Sul_(865_m) -999.9 -999.9 -999.9 -999.9 -999.9 13.1 10.7 0.0 Rio_Grande_do_Sul DCRS -999.9 0.0 36.6 861.14 861.14 860.77 1 0.06 861.14 861.14 861.14 861.35
-29.264900 -50.314899 DCRS-00084 2026-07-29_06:34 11.3 -999.9 -999.9 97.5 -999.9 -999.9 10.9 -999.9 -999.9 -999.9 -999.9 -999.9 -999.9 -999.9 9.6 0.0 1.2 36.6 96.8 120.0 122.6 124.0 14.5 11.1 97.5 85.2 55.4 DCRS_-_São_Francisco_de_Paula/Cambará_do_Sul_(865_m) -999.9 -999.9 -999.9 -999.9 -999.9 13.1 10.7 0.0 Rio_Grande_do_Sul DCRS -999.9 0.0 36.6 861.1 861.14 860.77 1 0.06 861.14 861.14 861.14 861.35
-29.264900 -50.314899 DCRS-00084 2026-07-29_06:35 11.3 -999.9 -999.9 97.6 -999.9 -999.9 10.9 -999.9 -999.9 -999.9 -999.9 -999.9 22.6 -999.9 25.0 0.0 1.2 36.6 96.8 120.0 122.6 124.0 14.5 11.1 97.6 85.2 55.4 DCRS_-_São_Francisco_de_Paula/Cambará_do_Sul_(865_m) -999.9 -999.9 -999.9 -999.9 -999.9 13.1 10.7 0.0 Rio_Grande_do_Sul DCRS -999.9 0.0 36.6 861.14 861.14 860.77 1 0.06 861.14 861.14 861.14 861.35
-29.264900 -50.314899 DCRS-00084 2026-07-29_06:36 11.3 -999.9 -999.9 97.6 -999.9 -999.9 10.9 -999.9 -999.9 -999.9 -999.9 -999.9 21.6 -999.9 25.0 0.0 1.2 36.6 96.8 120.0 122.6 124.0 14.5 11.1 97.6 85.2 55.4 DCRS_-_São_Francisco_de_Paula/Cambará_do_Sul_(865_m) -999.9 -999.9 -999.9 -999.9 -999.9 13.1 10.7 0.0 Rio_Grande_do_Sul DCRS -999.9 0.0 36.6 861.13 861.14 860.77 1 0.07 861.14 861.14 861.14 861.35
-29.264900 -50.314899 DCRS-00084 2026-07-29_06:37 11.3 -999.9 -999.9 97.5 -999.9 -999.9 10.9 -999.9 -999.9 -999.9 -999.9 -999.9 12.8 -999.9 25.0 0.0 1.2 36.6 96.8 120.0 122.6 124.0 14.5 11.1 97.6 85.2 55.4 DCRS_-_São_Francisco_de_Paula/Cambará_do_Sul_(865_m) -999.9 -999.9 -999.9 -999.9 -999.9 13.1 10.7 0.0 Rio_Grande_do_Sul DCRS -999.9 0.0 36.6 861.12 861.14 860.77 1 0.06 861.14 861.14 861.14 861.35
-29.264900 -50.314899 DCRS-00084 2026-07-29_06:38 11.3 -999.9 -999.9 97.6 -999.9 -999.9 10.9 -999.9 -999.9 -999.9 -999.9 -999.9 11.7 -999.9 25.0 0.0 1.2 36.6 96.8 120.0 122.6 124.0 14.5 11.1 97.6 85.2 55.4 DCRS_-_São_Francisco_de_Paula/Cambará_do_Sul_(865_m) -999.9 -999.9 -999.9 -999.9 -999.9 13.1 10.7 0.0 Rio_Grande_do_Sul DCRS -999.9 0.0 36.6 861.12 861.14 860.77 1 0.05 861.14 861.14 861.14 861.35
-29.264900 -50.314899 DCRS-00084 2026-07-29_06:39 11.3 -999.9 -999.9 97.6 -999.9 -999.9 10.9 -999.9 -999.9 -999.9 -999.9 -999.9 16.9 -999.9 25.0 0.0 1.2 36.6 96.8 120.0 122.6 124.0 14.5 11.1 97.6 85.2 55.4 DCRS_-_São_Francisco_de_Paula/Cambará_do_Sul_(865_m) -999.9 -999.9 -999.9 -999.9 -999.9 13.1 10.7 0.0 Rio_Grande_do_Sul DCRS -999.9 0.2 36.6 861.15 861.15 860.77 1 0.1 861.15 861.15 861.15 861.35
-29.264900 -50.314899 DCRS-00084 2026-07-29_06:40 11.3 -999.9 -999.9 97.6 -999.9 -999.9 10.9 -999.9 -999.9 -999.9 -999.9 -999.9 20.1 -999.9 25.5 0.0 1.2 36.8 97.0 120.2 122.8 124.2 14.5 11.1 97.6 85.2 55.4 DCRS_-_São_Francisco_de_Paula/Cambará_do_Sul_(865_m) -999.9 -999.9 -999.9 -999.9 -999.9 13.1 10.7 0.0 Rio_Grande_do_Sul DCRS -999.9 0.0 36.8 861.14 861.15 860.77 1 0.08 861.15 861.15 861.15 861.35
-29.264900 -50.314899 DCRS-00084 2026-07-29_06:41 11.3 -999.9 -999.9 97.6 -999.9 -999.9 10.9 -999.9 -999.9 -999.9 -999.9 -999.9 10.0 -999.9 25.5 0.0 1.2 36.8 97.0 120.2 122.8 124.2 14.5 11.1 97.6 85.2 55.4 DCRS_-_São_Francisco_de_Paula/Cambará_do_Sul_(865_m) -999.9 -999.9 -999.9 -999.9 -999.9 13.1 10.7 0.0 Rio_Grande_do_Sul DCRS -999.9 0.0 36.8 861.15 861.15 860.77 1 0.07 861.15 861.15 861.15 861.35
-29.264900 -50.314899 DCRS-00084 2026-07-29_06:42 11.3 -999.9 -999.9 97.6 -999.9 -999.9 10.9 -999.9 -999.9 -999.9 -999.9 -999.9 20.2 -999.9 25.5 0.0 1.2 36.8 97.0 120.2 122.8 124.2 14.5 11.1 97.6 85.2 55.4 DCRS_-_São_Francisco_de_Paula/Cambará_do_Sul_(865_m) -999.9 -999.9 -999.9 -999.9 -999.9 13.1 10.7 0.0 Rio_Grande_do_Sul DCRS -999.9 0.0 36.8 861.15 861.15 860.77 1 0.08 861.15 861.15 861.15 861.35
-29.264900 -50.314899 DCRS-00084 2026-07-29_06:43 11.3 -999.9 -999.9 97.6 -999.9 -999.9 10.9 -999.9 -999.9 -999.9 -999.9 -999.9 3.7 -999.9 25.5 0.0 1.0 36.8 97.0 120.2 122.8 124.2 14.5 11.1 97.6 85.2 55.4 DCRS_-_São_Francisco_de_Paula/Cambará_do_Sul_(865_m) -999.9 -999.9 -999.9 -999.9 -999.9 13.1 10.7 0.0 Rio_Grande_do_Sul DCRS -999.9 0.0 36.8 861.14 861.15 860.77 1 0.06 861.15 861.15 861.15 861.35
-29.264900 -50.314899 DCRS-00084 2026-07-29_06:44 11.3 -999.9 -999.9 97.7 -999.9 -999.9 10.9 -999.9 -999.9 -999.9 -999.9 -999.9 16.5 -999.9 25.5 0.0 1.0 36.8 97.0 120.2 122.8 124.2 14.5 11.1 97.7 85.2 55.4 DCRS_-_São_Francisco_de_Paula/Cambará_do_Sul_(865_m) -999.9 -999.9 -999.9 -999.9 -999.9 13.1 10.7 0.0 Rio_Grande_do_Sul DCRS -999.9 0.0 36.8 861.14 861.15 860.77 1 0.06 861.15 861.15 861.15 861.35
-29.264900 -50.314899 DCRS-00084 2026-07-29_06:45 11.3 -999.9 -999.9 97.5 -999.9 -999.9 10.9 -999.9 -999.9 -999.9 -999.9 -999.9 12.9 -999.9 25.4 0.0 1.0 36.8 97.0 120.2 122.8 124.2 14.5 11.1 97.7 85.2 55.4 DCRS_-_São_Francisco_de_Paula/Cambará_do_Sul_(865_m) -999.9 -999.9 -999.9 -999.9 -999.9 13.1 10.7 0.0 Rio_Grande_do_Sul DCRS -999.9 0.0 36.8 861.15 861.15 860.77 1 0.05 861.15 861.15 861.15 861.35
-29.264900 -50.314899 DCRS-00084 2026-07-29_06:46 11.3 -999.9 -999.9 97.7 -999.9 -999.9 10.9 -999.9 -999.9 -999.9 -999.9 -999.9 9.8 -999.9 25.4 0.0 1.0 36.8 97.0 120.2 122.8 124.2 14.5 11.1 97.7 85.2 55.4 DCRS_-_São_Francisco_de_Paula/Cambará_do_Sul_(865_m) -999.9 -999.9 -999.9 -999.9 -999.9 13.1 10.7 0.0 Rio_Grande_do_Sul DCRS -999.9 0.0 36.8 861.14 861.15 860.77 1 0.04 861.15 861.15 861.15 861.35
-29.264900 -50.314899 DCRS-00084 2026-07-29_06:47 11.3 -999.9 -999.9 97.7 -999.9 -999.9 10.9 -999.9 -999.9 -999.9 -999.9 -999.9 10.6 -999.9 25.4 0.0 1.0 36.8 97.0 120.2 122.8 124.2 14.5 11.1 97.7 85.2 55.4 DCRS_-_São_Francisco_de_Paula/Cambará_do_Sul_(865_m) -999.9 -999.9 -999.9 -999.9 -999.9 13.1 10.7 0.0 Rio_Grande_do_Sul DCRS -999.9 0.0 36.8 861.16 861.16 860.77 1 0.09 861.16 861.16 861.16 861.35
-29.264900 -50.314899 DCRS-00084 2026-07-29_06:48 11.4 -999.9 -999.9 97.7 -999.9 -999.9 11.0 -999.9 -999.9 -999.9 -999.9 -999.9 10.4 -999.9 25.4 0.0 1.0 36.8 97.0 120.2 122.8 124.2 14.5 11.1 97.7 85.2 55.4 DCRS_-_São_Francisco_de_Paula/Cambará_do_Sul_(865_m) -999.9 -999.9 -999.9 -999.9 -999.9 13.1 10.7 0.0 Rio_Grande_do_Sul DCRS -999.9 0.0 36.8 861.13 861.16 860.77 1 0.04 861.16 861.16 861.16 861.35
-29.264900 -50.314899 DCRS-00084 2026-07-29_06:49 11.3 -999.9 -999.9 97.6 -999.9 -999.9 10.9 -999.9 -999.9 -999.9 -999.9 -999.9 12.7 -999.9 25.4 0.0 0.8 36.8 97.0 120.2 122.8 124.2 14.5 11.1 97.7 85.2 55.4 DCRS_-_São_Francisco_de_Paula/Cambará_do_Sul_(865_m) -999.9 -999.9 -999.9 -999.9 -999.9 13.1 10.7 0.0 Rio_Grande_do_Sul DCRS -999.9 0.0 36.8 861.14 861.16 860.77 1 0.03 861.16 861.16 861.16 861.35
-29.264900 -50.314899 DCRS-00084 2026-07-29_06:50 11.4 -999.9 -999.9 97.6 -999.9 -999.9 11.0 -999.9 -999.9 -999.9 -999.9 -999.9 9.0 -999.9 18.8 0.0 0.8 36.8 97.0 120.2 122.8 124.2 14.5 11.1 97.7 85.2 55.4 DCRS_-_São_Francisco_de_Paula/Cambará_do_Sul_(865_m) -999.9 -999.9 -999.9 -999.9 -999.9 13.1 10.7 0.0 Rio_Grande_do_Sul DCRS -999.9 0.0 36.8 861.16 861.16 860.77 1 0.07 861.16 861.16 861.16 861.35
-29.264900 -50.314899 DCRS-00084 2026-07-29_06:51 11.4 -999.9 -999.9 97.6 -999.9 -999.9 11.0 -999.9 -999.9 -999.9 -999.9 -999.9 10.3 -999.9 18.8 0.0 0.8 36.8 97.0 120.2 122.8 124.2 14.5 11.1 97.7 85.2 55.4 DCRS_-_São_Francisco_de_Paula/Cambará_do_Sul_(865_m) -999.9 -999.9 -999.9 -999.9 -999.9 13.1 10.7 0.0 Rio_Grande_do_Sul DCRS -999.9 0.0 36.8 861.16 861.16 860.77 1 0.07 861.16 861.16 861.16 861.35
-29.264900 -50.314899 DCRS-00084 2026-07-29_06:52 11.4 -999.9 -999.9 97.6 -999.9 -999.9 11.0 -999.9 -999.9 -999.9 -999.9 -999.9 5.3 -999.9 18.8 0.0 0.8 36.8 97.0 120.2 122.8 124.2 14.5 11.1 97.7 85.2 55.4 DCRS_-_São_Francisco_de_Paula/Cambará_do_Sul_(865_m) -999.9 -999.9 -999.9 -999.9 -999.9 13.1 10.7 0.0 Rio_Grande_do_Sul DCRS -999.9 0.0 36.8 861.14 861.16 860.77 1 0.06 861.16 861.16 861.16 861.35
-29.264900 -50.314899 DCRS-00084 2026-07-29_06:53 11.4 -999.9 -999.9 97.6 -999.9 -999.9 11.0 -999.9 -999.9 -999.9 -999.9 -999.9 15.5 -999.9 18.8 0.0 0.8 36.8 97.0 120.2 122.8 124.2 14.5 11.1 97.7 85.2 55.4 DCRS_-_São_Francisco_de_Paula/Cambará_do_Sul_(865_m) -999.9 -999.9 -999.9 -999.9 -999.9 13.1 10.7 0.0 Rio_Grande_do_Sul DCRS -999.9 0.0 36.8 861.15 861.16 860.77 1 0.07 861.16 861.16 861.16 861.35
-29.264900 -50.314899 DCRS-00084 2026-07-29_06:54 11.4 -999.9 -999.9 97.5 -999.9 -999.9 11.0 -999.9 -999.9 -999.9 -999.9 -999.9 9.0 -999.9 18.8 0.0 0.8 36.8 97.0 120.2 122.8 124.2 14.5 11.1 97.7 85.2 55.4 DCRS_-_São_Francisco_de_Paula/Cambará_do_Sul_(865_m) -999.9 -999.9 -999.9 -999.9 -999.9 13.1 10.7 0.0 Rio_Grande_do_Sul DCRS -999.9 0.0 36.8 861.15 861.16 860.77 1 0.05 861.16 861.16 861.16 861.35
-29.264900 -50.314899 DCRS-00084 2026-07-29_06:55 11.4 -999.9 -999.9 97.5 -999.9 -999.9 11.0 -999.9 -999.9 -999.9 -999.9 -999.9 8.1 -999.9 15.6 0.0 0.8 36.8 97.0 120.2 122.8 124.2 14.5 11.1 97.7 85.2 55.4 DCRS_-_São_Francisco_de_Paula/Cambará_do_Sul_(865_m) -999.9 -999.9 -999.9 -999.9 -999.9 13.1 10.7 0.0 Rio_Grande_do_Sul DCRS -999.9 0.0 36.8 861.15 861.16 860.77 1 0.06 861.16 861.16 861.16 861.35
-29.264900 -50.314899 DCRS-00084 2026-07-29_06:56 11.4 -999.9 -999.9 97.6 -999.9 -999.9 11.0 -999.9 -999.9 -999.9 -999.9 -999.9 11.4 -999.9 15.6 0.0 0.8 36.8 97.0 120.2 122.8 124.2 14.5 11.1 97.7 85.2 55.4 DCRS_-_São_Francisco_de_Paula/Cambará_do_Sul_(865_m) -999.9 -999.9 -999.9 -999.9 -999.9 13.1 10.7 0.0 Rio_Grande_do_Sul DCRS -999.9 0.0 36.8 861.15 861.16 860.77 1 0.07 861.16 861.16 861.16 861.35
-29.264900 -50.314899 DCRS-00084 2026-07-29_06:57 11.4 -999.9 -999.9 97.5 -999.9 -999.9 11.0 -999.9 -999.9 -999.9 -999.9 -999.9 13.7 -999.9 15.6 0.0 0.8 36.8 97.0 120.2 122.8 124.2 14.5 11.1 97.7 85.2 55.4 DCRS_-_São_Francisco_de_Paula/Cambará_do_Sul_(865_m) -999.9 -999.9 -999.9 -999.9 -999.9 13.1 10.7 0.0 Rio_Grande_do_Sul DCRS -999.9 0.0 36.8 861.16 861.16 860.77 1 0.05 861.16 861.16 861.16 861.35
-29.264900 -50.314899 DCRS-00084 2026-07-29_06:58 11.4 -999.9 -999.9 97.5 -999.9 -999.9 11.0 -999.9 -999.9 -999.9 -999.9 -999.9 12.9 -999.9 15.6 0.0 0.8 36.8 97.0 120.2 122.8 124.2 14.5 11.1 97.7 85.2 55.4 DCRS_-_São_Francisco_de_Paula/Cambará_do_Sul_(865_m) -999.9 -999.9 -999.9 -999.9 -999.9 13.1 10.7 0.0 Rio_Grande_do_Sul DCRS -999.9 0.0 36.8 861.17 861.17 860.77 1 0.08 861.17 861.17 861.17 861.35
-29.264900 -50.314899 DCRS-00084 2026-07-29_06:59 11.4 -999.9 -999.9 97.5 -999.9 -999.9 11.0 -999.9 -999.9 -999.9 -999.9 -999.9 12.4 -999.9 15.6 0.0 0.6 36.8 97.0 120.2 122.8 124.2 14.5 11.1 97.7 85.2 55.4 DCRS_-_São_Francisco_de_Paula/Cambará_do_Sul_(865_m) -999.9 -999.9 -999.9 -999.9 -999.9 13.1 10.7 0.0 Rio_Grande_do_Sul DCRS -999.9 0.0 36.8 861.17 861.17 860.77 1 0.05 861.17 861.17 861.17 861.35
-29.264900 -50.314899 DCRS-00084 2026-07-29_07:00 11.4 -999.9 -999.9 97.6 -999.9 -999.9 11.0 -999.9 -999.9 -999.9 -999.9 -999.9 16.2 -999.9 17.0 0.0 0.6 36.8 97.0 120.2 122.8 124.2 14.5 11.1 97.7 85.2 55.4 DCRS_-_São_Francisco_de_Paula/Cambará_do_Sul_(865_m) -999.9 -999.9 -999.9 -999.9 -999.9 13.1 10.7 0.0 Rio_Grande_do_Sul DCRS -999.9 0.0 36.8 861.16 861.17 860.77 1 0.05 861.17 861.17 861.17 861.35
-29.264900 -50.314899 DCRS-00084 2026-07-29_07:01 11.4 -999.9 -999.9 97.6 -999.9 -999.9 11.0 -999.9 -999.9 -999.9 -999.9 -999.9 14.2 -999.9 17.0 0.0 0.6 36.8 97.0 120.2 122.8 124.2 14.5 11.1 97.7 85.2 55.4 DCRS_-_São_Francisco_de_Paula/Cambará_do_Sul_(865_m) -999.9 -999.9 -999.9 -999.9 -999.9 13.1 10.7 0.0 Rio_Grande_do_Sul DCRS -999.9 0.0 36.8 861.16 861.17 860.77 1 0.04 861.17 861.17 861.17 861.35
-29.264900 -50.314899 DCRS-00084 2026-07-29_07:02 11.5 -999.9 -999.9 97.6 -999.9 -999.9 11.1 -999.9 -999.9 -999.9 -999.9 -999.9 9.4 -999.9 17.0 0.0 0.6 36.8 97.0 120.2 122.8 124.2 14.5 11.1 97.7 85.2 55.4 DCRS_-_São_Francisco_de_Paula/Cambará_do_Sul_(865_m) -999.9 -999.9 -999.9 -999.9 -999.9 13.1 10.7 0.0 Rio_Grande_do_Sul DCRS -999.9 0.0 36.8 861.16 861.17 860.77 1 0.06 861.17 861.17 861.17 861.35
-29.264900 -50.314899 DCRS-00084 2026-07-29_07:03 11.5 -999.9 -999.9 97.5 -999.9 -999.9 11.1 -999.9 -999.9 -999.9 -999.9 -999.9 8.2 -999.9 17.0 0.0 0.6 36.8 97.0 120.2 122.8 124.2 14.5 11.1 97.7 85.2 55.4 DCRS_-_São_Francisco_de_Paula/Cambará_do_Sul_(865_m) -999.9 -999.9 -999.9 -999.9 -999.9 13.1 10.7 0.0 Rio_Grande_do_Sul DCRS -999.9 0.0 36.8 861.18 861.18 860.77 1 0.07 861.18 861.18 861.18 861.35
-29.264900 -50.314899 DCRS-00084 2026-07-29_07:04 11.5 -999.9 -999.9 97.6 -999.9 -999.9 11.1 -999.9 -999.9 -999.9 -999.9 -999.9 6.3 -999.9 17.0 0.0 0.6 36.8 97.0 120.2 122.8 124.2 14.5 11.1 97.7 85.2 55.4 DCRS_-_São_Francisco_de_Paula/Cambará_do_Sul_(865_m) -999.9 -999.9 -999.9 -999.9 -999.9 13.1 10.7 0.0 Rio_Grande_do_Sul DCRS -999.9 0.0 36.8 861.15 861.18 860.77 1 0.03 861.18 861.18 861.18 861.35
-29.264900 -50.314899 DCRS-00084 2026-07-29_07:05 11.5 -999.9 -999.9 97.5 -999.9 -999.9 11.1 -999.9 -999.9 -999.9 -999.9 -999.9 9.6 -999.9 20.9 0.0 0.6 36.8 97.0 120.2 122.8 124.2 14.5 11.1 97.7 85.2 55.4 DCRS_-_São_Francisco_de_Paula/Cambará_do_Sul_(865_m) -999.9 -999.9 -999.9 -999.9 -999.9 13.1 10.7 0.0 Rio_Grande_do_Sul DCRS -999.9 0.0 36.8 861.16 861.18 860.77 1 0.05 861.18 861.18 861.18 861.35
-29.264900 -50.314899 DCRS-00084 2026-07-29_07:06 11.5 -999.9 -999.9 97.4 -999.9 -999.9 11.1 -999.9 -999.9 -999.9 -999.9 -999.9 11.3 -999.9 20.9 0.0 0.6 36.8 97.0 120.2 122.8 124.2 14.5 11.1 97.7 85.2 55.4 DCRS_-_São_Francisco_de_Paula/Cambará_do_Sul_(865_m) -999.9 -999.9 -999.9 -999.9 -999.9 13.1 10.7 0.0 Rio_Grande_do_Sul DCRS -999.9 0.0 36.8 861.17 861.18 860.77 1 0.05 861.18 861.18 861.18 861.35
-29.264900 -50.314899 DCRS-00084 2026-07-29_07:07 11.5 -999.9 -999.9 97.5 -999.9 -999.9 11.1 -999.9 -999.9 -999.9 -999.9 -999.9 8.0 -999.9 20.9 0.0 0.6 36.8 97.0 120.2 122.8 124.2 14.5 11.1 97.7 85.2 55.4 DCRS_-_São_Francisco_de_Paula/Cambará_do_Sul_(865_m) -999.9 -999.9 -999.9 -999.9 -999.9 13.1 10.7 0.0 Rio_Grande_do_Sul DCRS -999.9 0.0 36.8 861.17 861.18 860.77 1 0.08 861.18 861.18 861.18 861.35
-29.264900 -50.314899 DCRS-00084 2026-07-29_07:08 11.5 -999.9 -999.9 97.5 -999.9 -999.9 11.1 -999.9 -999.9 -999.9 -999.9 -999.9 8.5 -999.9 20.9 0.0 0.6 36.8 97.0 120.2 122.8 124.2 14.5 11.1 97.7 85.2 55.4 DCRS_-_São_Francisco_de_Paula/Cambará_do_Sul_(865_m) -999.9 -999.9 -999.9 -999.9 -999.9 13.1 10.7 0.0 Rio_Grande_do_Sul DCRS -999.9 0.0 36.8 861.16 861.18 860.77 1 0.05 861.18 861.18 861.18 861.35
-29.264900 -50.314899 DCRS-00084 2026-07-29_07:09 11.5 -999.9 -999.9 97.4 -999.9 -999.9 11.1 -999.9 -999.9 -999.9 -999.9 -999.9 8.4 -999.9 20.9 0.0 0.6 36.8 97.0 120.2 122.8 124.2 14.5 11.1 97.7 85.2 55.4 DCRS_-_São_Francisco_de_Paula/Cambará_do_Sul_(865_m) -999.9 -999.9 -999.9 -999.9 -999.9 13.1 10.7 0.0 Rio_Grande_do_Sul DCRS -999.9 0.0 36.8 861.17 861.18 860.77 1 0.06 861.18 861.18 861.18 861.35
-29.264900 -50.314899 DCRS-00084 2026-07-29_07:10 11.5 -999.9 -999.9 97.4 -999.9 -999.9 11.1 -999.9 -999.9 -999.9 -999.9 -999.9 6.7 -999.9 12.9 0.0 0.6 36.8 97.0 120.2 122.8 124.2 14.5 11.1 97.7 85.2 55.4 DCRS_-_São_Francisco_de_Paula/Cambará_do_Sul_(865_m) -999.9 -999.9 -999.9 -999.9 -999.9 13.1 10.7 0.0 Rio_Grande_do_Sul DCRS -999.9 0.0 36.8 861.16 861.18 860.77 1 0.04 861.18 861.18 861.18 861.35
-29.264900 -50.314899 DCRS-00084 2026-07-29_07:11 11.5 -999.9 -999.9 97.5 -999.9 -999.9 11.1 -999.9 -999.9 -999.9 -999.9 -999.9 9.2 -999.9 12.9 0.0 0.6 36.8 97.0 120.2 122.8 124.2 14.5 11.1 97.7 85.2 55.4 DCRS_-_São_Francisco_de_Paula/Cambará_do_Sul_(865_m) -999.9 -999.9 -999.9 -999.9 -999.9 13.1 10.7 0.0 Rio_Grande_do_Sul DCRS -999.9 0.0 36.8 861.17 861.18 860.77 1 0.07 861.18 861.18 861.18 861.35
-29.264900 -50.314899 DCRS-00084 2026-07-29_07:12 11.5 -999.9 -999.9 97.5 -999.9 -999.9 11.1 -999.9 -999.9 -999.9 -999.9 -999.9 8.8 -999.9 12.9 0.0 0.6 36.8 97.0 120.2 122.8 124.2 14.5 11.1 97.7 85.2 55.4 DCRS_-_São_Francisco_de_Paula/Cambará_do_Sul_(865_m) -999.9 -999.9 -999.9 -999.9 -999.9 13.1 10.7 0.0 Rio_Grande_do_Sul DCRS -999.9 0.0 36.8 861.16 861.18 860.77 1 0.05 861.18 861.18 861.18 861.35
-29.264900 -50.314899 DCRS-00084 2026-07-29_07:13 11.6 -999.9 -999.9 97.4 -999.9 -999.9 11.2 -999.9 -999.9 -999.9 -999.9 -999.9 8.8 -999.9 12.9 0.0 0.8 36.8 97.0 120.2 122.8 124.2 14.5 11.1 97.7 85.2 55.4 DCRS_-_São_Francisco_de_Paula/Cambará_do_Sul_(865_m) -999.9 -999.9 -999.9 -999.9 -999.9 13.1 10.7 0.0 Rio_Grande_do_Sul DCRS -999.9 0.2 36.8 861.18 861.18 860.77 1 0.06 861.18 861.18 861.18 861.35
-29.264900 -50.314899 DCRS-00084 2026-07-29_07:14 11.5 -999.9 -999.9 97.4 -999.9 -999.9 11.1 -999.9 -999.9 -999.9 -999.9 -999.9 4.0 -999.9 12.9 0.0 0.8 36.8 97.0 120.2 122.8 124.2 14.5 11.1 97.7 85.2 55.4 DCRS_-_São_Francisco_de_Paula/Cambará_do_Sul_(865_m) -999.9 -999.9 -999.9 -999.9 -999.9 13.1 10.7 0.0 Rio_Grande_do_Sul DCRS -999.9 0.0 36.8 861.18 861.18 860.77 1 0.08 861.18 861.18 861.18 861.35
-29.264900 -50.314899 DCRS-00084 2026-07-29_07:15 11.5 -999.9 -999.9 97.4 -999.9 -999.9 11.1 -999.9 -999.9 -999.9 -999.9 -999.9 7.4 -999.9 13.4 0.0 0.8 36.8 97.0 120.2 122.8 124.2 14.5 11.1 97.7 85.2 55.4 DCRS_-_São_Francisco_de_Paula/Cambará_do_Sul_(865_m) -999.9 -999.9 -999.9 -999.9 -999.9 13.1 10.7 0.0 Rio_Grande_do_Sul DCRS -999.9 0.0 36.8 861.18 861.18 860.77 1 0.08 861.18 861.18 861.18 861.35
-29.264900 -50.314899 DCRS-00084 2026-07-29_07:16 11.6 -999.9 -999.9 97.4 -999.9 -999.9 11.2 -999.9 -999.9 -999.9 -999.9 -999.9 6.2 -999.9 13.4 1.0 0.8 37.0 97.2 120.4 123.0 124.4 14.5 11.1 97.7 85.2 55.4 DCRS_-_São_Francisco_de_Paula/Cambará_do_Sul_(865_m) -999.9 -999.9 -999.9 -999.9 -999.9 13.1 10.7 1.0 Rio_Grande_do_Sul DCRS -999.9 0.0 37.0 861.18 861.18 860.77 1 0.05 861.18 861.18 861.18 861.35
-29.264900 -50.314899 DCRS-00084 2026-07-29_07:17 11.6 -999.9 -999.9 97.4 -999.9 -999.9 11.2 -999.9 -999.9 -999.9 -999.9 -999.9 8.3 -999.9 13.4 0.0 0.8 37.0 97.2 120.4 123.0 124.4 14.5 11.1 97.7 85.2 55.4 DCRS_-_São_Francisco_de_Paula/Cambará_do_Sul_(865_m) -999.9 -999.9 -999.9 -999.9 -999.9 13.1 10.7 1.0 Rio_Grande_do_Sul DCRS -999.9 0.0 37.0 861.18 861.18 860.77 1 0.07 861.18 861.18 861.18 861.35
-29.264900 -50.314899 DCRS-00084 2026-07-29_07:18 11.6 -999.9 -999.9 97.4 -999.9 -999.9 11.2 -999.9 -999.9 -999.9 -999.9 -999.9 6.6 -999.9 13.4 1.0 0.8 37.0 97.2 120.4 123.0 124.4 14.5 11.1 97.7 85.2 55.4 DCRS_-_São_Francisco_de_Paula/Cambará_do_Sul_(865_m) -999.9 -999.9 -999.9 -999.9 -999.9 13.1 10.7 1.0 Rio_Grande_do_Sul DCRS -999.9 0.0 37.0 861.19 861.19 860.77 1 0.09 861.19 861.19 861.19 861.35
-29.264900 -50.314899 DCRS-00084 2026-07-29_07:19 11.6 -999.9 -999.9 97.3 -999.9 -999.9 11.2 -999.9 -999.9 -999.9 -999.9 -999.9 8.0 -999.9 13.4 1.0 0.6 37.0 97.2 120.4 123.0 124.4 14.5 11.1 97.7 85.2 55.4 DCRS_-_São_Francisco_de_Paula/Cambará_do_Sul_(865_m) -999.9 -999.9 -999.9 -999.9 -999.9 13.1 10.7 1.0 Rio_Grande_do_Sul DCRS -999.9 0.0 37.0 861.18 861.19 860.77 1 0.07 861.19 861.19 861.19 861.35
-29.264900 -50.314899 DCRS-00084 2026-07-29_07:20 11.6 -999.9 -999.9 97.2 -999.9 -999.9 11.2 -999.9 -999.9 -999.9 -999.9 -999.9 9.8 -999.9 10.3 1.0 0.6 37.0 97.2 120.4 123.0 124.4 14.5 11.1 97.7 85.2 55.4 DCRS_-_São_Francisco_de_Paula/Cambará_do_Sul_(865_m) -999.9 -999.9 -999.9 -999.9 -999.9 13.1 10.7 1.0 Rio_Grande_do_Sul DCRS -999.9 0.0 37.0 861.19 861.19 860.77 1 0.09 861.19 861.19 861.19 861.35
-29.264900 -50.314899 DCRS-00084 2026-07-29_07:21 11.6 -999.9 -999.9 97.3 -999.9 -999.9 11.2 -999.9 -999.9 -999.9 -999.9 -999.9 7.6 -999.9 10.3 1.0 0.6 37.0 97.2 120.4 123.0 124.4 14.5 11.1 97.7 85.2 55.4 DCRS_-_São_Francisco_de_Paula/Cambará_do_Sul_(865_m) -999.9 -999.9 -999.9 -999.9 -999.9 13.1 10.7 1.0 Rio_Grande_do_Sul DCRS -999.9 0.0 37.0 861.18 861.19 860.77 1 0.07 861.19 861.19 861.19 861.35
-29.264900 -50.314899 DCRS-00084 2026-07-29_07:22 11.6 -999.9 -999.9 97.2 -999.9 -999.9 11.2 -999.9 -999.9 -999.9 -999.9 -999.9 7.6 -999.9 10.3 2.0 0.6 37.0 97.2 120.4 123.0 124.4 14.5 11.1 97.7 85.2 55.4 DCRS_-_São_Francisco_de_Paula/Cambará_do_Sul_(865_m) -999.9 -999.9 -999.9 -999.9 -999.9 13.1 10.7 2.0 Rio_Grande_do_Sul DCRS -999.9 0.0 37.0 861.19 861.19 860.77 1 0.07 861.19 861.19 861.19 861.35
-29.264900 -50.314899 DCRS-00084 2026-07-29_07:23 11.6 -999.9 -999.9 97.2 -999.9 -999.9 11.2 -999.9 -999.9 -999.9 -999.9 -999.9 9.7 -999.9 10.3 3.0 0.6 37.0 97.2 120.4 123.0 124.4 14.5 11.1 97.7 85.2 55.4 DCRS_-_São_Francisco_de_Paula/Cambará_do_Sul_(865_m) -999.9 -999.9 -999.9 -999.9 -999.9 13.1 10.7 3.0 Rio_Grande_do_Sul DCRS -999.9 0.0 37.0 861.19 861.19 860.77 1 0.08 861.19 861.19 861.19 861.35
-29.264900 -50.314899 DCRS-00084 2026-07-29_07:24 11.6 -999.9 -999.9 97.2 -999.9 -999.9 11.2 -999.9 -999.9 -999.9 -999.9 -999.9 8.5 -999.9 10.3 3.0 0.6 37.0 97.2 120.4 123.0 124.4 14.5 11.1 97.7 85.2 55.4 DCRS_-_São_Francisco_de_Paula/Cambará_do_Sul_(865_m) -999.9 -999.9 -999.9 -999.9 -999.9 13.1 10.7 3.0 Rio_Grande_do_Sul DCRS -999.9 0.0 37.0 861.19 861.19 860.77 1 0.08 861.19 861.19 861.19 861.35
-29.264900 -50.314899 DCRS-00084 2026-07-29_07:25 11.6 -999.9 -999.9 97.3 -999.9 -999.9 11.2 -999.9 -999.9 -999.9 -999.9 -999.9 7.8 -999.9 11.4 4.0 0.6 37.0 97.2 120.4 123.0 124.4 14.5 11.1 97.7 85.2 55.4 DCRS_-_São_Francisco_de_Paula/Cambará_do_Sul_(865_m) -999.9 -999.9 -999.9 -999.9 -999.9 13.1 10.7 4.0 Rio_Grande_do_Sul DCRS -999.9 0.0 37.0 861.19 861.19 860.77 1 0.07 861.19 861.19 861.19 861.35
-29.264900 -50.314899 DCRS-00084 2026-07-29_07:26 11.7 -999.9 -999.9 97.3 -999.9 -999.9 11.3 -999.9 -999.9 -999.9 -999.9 -999.9 -999.9 -999.9 11.4 4.0 0.6 37.0 97.2 120.4 123.0 124.4 14.5 11.1 97.7 85.2 55.4 DCRS_-_São_Francisco_de_Paula/Cambará_do_Sul_(865_m) -999.9 -999.9 -999.9 -999.9 -999.9 13.1 10.7 4.0 Rio_Grande_do_Sul DCRS -999.9 0.0 37.0 861.18 861.19 860.77 1 0.06 861.19 861.19 861.19 861.35
-29.264900 -50.314899 DCRS-00084 2026-07-29_07:27 11.6 -999.9 -999.9 97.3 -999.9 -999.9 11.2 -999.9 -999.9 -999.9 -999.9 -999.9 9.2 -999.9 11.4 4.0 0.6 37.0 97.2 120.4 123.0 124.4 14.5 11.1 97.7 85.2 55.4 DCRS_-_São_Francisco_de_Paula/Cambará_do_Sul_(865_m) -999.9 -999.9 -999.9 -999.9 -999.9 13.1 10.7 4.0 Rio_Grande_do_Sul DCRS -999.9 0.0 37.0 861.19 861.19 860.77 1 0.09 861.19 861.19 861.19 861.35
-29.264900 -50.314899 DCRS-00084 2026-07-29_07:28 11.6 -999.9 -999.9 97.2 -999.9 -999.9 11.2 -999.9 -999.9 -999.9 -999.9 -999.9 7.8 -999.9 11.4 4.0 0.6 37.0 97.2 120.4 123.0 124.4 14.5 11.1 97.7 85.2 55.4 DCRS_-_São_Francisco_de_Paula/Cambará_do_Sul_(865_m) -999.9 -999.9 -999.9 -999.9 -999.9 13.1 10.7 4.0 Rio_Grande_do_Sul DCRS -999.9 0.0 37.0 861.18 861.19 860.77 1 0.05 861.19 861.19 861.19 861.35
-29.264900 -50.314899 DCRS-00084 2026-07-29_07:29 11.6 -999.9 -999.9 97.2 -999.9 -999.9 11.2 -999.9 -999.9 -999.9 -999.9 -999.9 11.1 -999.9 11.4 4.0 0.4 37.0 97.2 120.4 123.0 124.4 14.5 11.1 97.7 85.2 55.4 DCRS_-_São_Francisco_de_Paula/Cambará_do_Sul_(865_m) -999.9 -999.9 -999.9 -999.9 -999.9 13.1 10.7 4.0 Rio_Grande_do_Sul DCRS -999.9 0.0 37.0 861.19 861.19 860.77 1 0.05 861.19 861.19 861.19 861.35
-29.264900 -50.314899 DCRS-00084 2026-07-29_07:30 11.7 -999.9 -999.9 97.2 -999.9 -999.9 11.3 -999.9 -999.9 -999.9 -999.9 -999.9 -999.9 -999.9 11.8 5.0 0.4 37.0 97.2 120.4 123.0 124.4 14.5 11.1 97.7 85.2 55.4 DCRS_-_São_Francisco_de_Paula/Cambará_do_Sul_(865_m) -999.9 -999.9 -999.9 -999.9 -999.9 13.1 10.7 5.0 Rio_Grande_do_Sul DCRS -999.9 0.0 37.0 861.19 861.19 860.77 1 0.06 861.19 861.19 861.19 861.35
-29.264900 -50.314899 DCRS-00084 2026-07-29_07:31 11.6 -999.9 -999.9 97.2 -999.9 -999.9 11.2 -999.9 -999.9 -999.9 -999.9 -999.9 10.5 -999.9 11.8 4.0 0.4 37.0 97.2 120.4 123.0 124.4 14.5 11.1 97.7 85.2 55.4 DCRS_-_São_Francisco_de_Paula/Cambará_do_Sul_(865_m) -999.9 -999.9 -999.9 -999.9 -999.9 13.1 10.7 5.0 Rio_Grande_do_Sul DCRS -999.9 0.0 37.0 861.2 861.2 860.77 1 0.06 861.2 861.2 861.2 861.35
-29.264900 -50.314899 DCRS-00084 2026-07-29_07:32 11.7 -999.9 -999.9 97.2 -999.9 -999.9 11.3 -999.9 -999.9 -999.9 -999.9 -999.9 -999.9 -999.9 11.8 4.0 0.4 37.0 97.2 120.4 123.0 124.4 14.5 11.1 97.7 85.2 55.4 DCRS_-_São_Francisco_de_Paula/Cambará_do_Sul_(865_m) -999.9 -999.9 -999.9 -999.9 -999.9 13.1 10.7 5.0 Rio_Grande_do_Sul DCRS -999.9 0.0 37.0 861.17 861.2 860.77 1 0.03 861.2 861.2 861.2 861.35
-29.264900 -50.314899 DCRS-00084 2026-07-29_07:33 11.7 -999.9 -999.9 97.2 -999.9 -999.9 11.3 -999.9 -999.9 -999.9 -999.9 -999.9 -999.9 -999.9 11.8 4.0 0.4 37.0 97.2 120.4 123.0 124.4 14.5 11.1 97.7 85.2 55.4 DCRS_-_São_Francisco_de_Paula/Cambará_do_Sul_(865_m) -999.9 -999.9 -999.9 -999.9 -999.9 13.1 10.7 5.0 Rio_Grande_do_Sul DCRS -999.9 0.0 37.0 861.19 861.2 860.77 1 0.09 861.2 861.2 861.2 861.35
-29.264900 -50.314899 DCRS-00084 2026-07-29_07:34 11.6 -999.9 -999.9 97.2 -999.9 -999.9 11.2 -999.9 -999.9 -999.9 -999.9 -999.9 10.2 -999.9 11.8 4.0 0.4 37.0 97.2 120.4 123.0 124.4 14.5 11.1 97.7 85.2 55.4 DCRS_-_São_Francisco_de_Paula/Cambará_do_Sul_(865_m) -999.9 -999.9 -999.9 -999.9 -999.9 13.1 10.7 5.0 Rio_Grande_do_Sul DCRS -999.9 0.0 37.0 861.19 861.2 860.77 1 0.09 861.2 861.2 861.2 861.35
-29.264900 -50.314899 DCRS-00084 2026-07-29_07:35 11.6 -999.9 -999.9 97.3 -999.9 -999.9 11.2 -999.9 -999.9 -999.9 -999.9 -999.9 11.2 -999.9 16.1 5.0 0.4 37.0 97.2 120.4 123.0 124.4 14.5 11.1 97.7 85.2 55.4 DCRS_-_São_Francisco_de_Paula/Cambará_do_Sul_(865_m) -999.9 -999.9 -999.9 -999.9 -999.9 13.1 10.7 5.0 Rio_Grande_do_Sul DCRS -999.9 0.0 37.0 861.19 861.2 860.77 1 0.05 861.2 861.2 861.2 861.35
-29.264900 -50.314899 DCRS-00084 2026-07-29_07:36 11.7 -999.9 -999.9 97.3 -999.9 -999.9 11.3 -999.9 -999.9 -999.9 -999.9 -999.9 13.5 -999.9 16.1 5.0 0.4 37.0 97.2 120.4 123.0 124.4 14.5 11.1 97.7 85.2 55.4 DCRS_-_São_Francisco_de_Paula/Cambará_do_Sul_(865_m) -999.9 -999.9 -999.9 -999.9 -999.9 13.1 10.7 5.0 Rio_Grande_do_Sul DCRS -999.9 0.0 37.0 861.2 861.2 860.77 1 0.07 861.2 861.2 861.2 861.35
-29.264900 -50.314899 DCRS-00084 2026-07-29_07:37 11.6 -999.9 -999.9 97.3 -999.9 -999.9 11.2 -999.9 -999.9 -999.9 -999.9 -999.9 12.8 -999.9 16.1 5.0 0.4 37.0 97.2 120.4 123.0 124.4 14.5 11.1 97.7 85.2 55.4 DCRS_-_São_Francisco_de_Paula/Cambará_do_Sul_(865_m) -999.9 -999.9 -999.9 -999.9 -999.9 13.1 10.7 5.0 Rio_Grande_do_Sul DCRS -999.9 0.0 37.0 861.19 861.2 860.77 1 0.07 861.2 861.2 861.2 861.35
-29.264900 -50.314899 DCRS-00084 2026-07-29_07:38 11.6 -999.9 -999.9 97.3 -999.9 -999.9 11.2 -999.9 -999.9 -999.9 -999.9 -999.9 12.0 -999.9 16.1 6.0 0.4 37.0 97.2 120.4 123.0 124.4 14.5 11.1 97.7 85.2 55.4 DCRS_-_São_Francisco_de_Paula/Cambará_do_Sul_(865_m) -999.9 -999.9 -999.9 -999.9 -999.9 13.1 10.7 6.0 Rio_Grande_do_Sul DCRS -999.9 0.0 37.0 861.2 861.2 860.77 1 0.08 861.2 861.2 861.2 861.35
-29.264900 -50.314899 DCRS-00084 2026-07-29_07:39 11.7 -999.9 -999.9 97.5 -999.9 -999.9 11.3 -999.9 -999.9 -999.9 -999.9 -999.9 15.8 -999.9 16.1 5.0 0.4 37.0 97.2 120.4 123.0 124.4 14.5 11.1 97.7 85.2 55.4 DCRS_-_São_Francisco_de_Paula/Cambará_do_Sul_(865_m) -999.9 -999.9 -999.9 -999.9 -999.9 13.1 10.7 6.0 Rio_Grande_do_Sul DCRS -999.9 0.2 37.0 861.2 861.2 860.77 1 0.05 861.2 861.2 861.2 861.35
-29.264900 -50.314899 DCRS-00084 2026-07-29_07:40 11.6 -999.9 -999.9 97.4 -999.9 -999.9 11.2 -999.9 -999.9 -999.9 -999.9 -999.9 -999.9 -999.9 15.8 6.0 0.4 37.2 97.4 120.6 123.2 124.6 14.5 11.1 97.7 85.2 55.4 DCRS_-_São_Francisco_de_Paula/Cambará_do_Sul_(865_m) -999.9 -999.9 -999.9 -999.9 -999.9 13.1 10.7 6.0 Rio_Grande_do_Sul DCRS -999.9 0.0 37.2 861.19 861.2 860.77 1 0.05 861.2 861.2 861.2 861.35
-29.264900 -50.314899 DCRS-00084 2026-07-29_07:41 11.6 -999.9 -999.9 97.4 -999.9 -999.9 11.2 -999.9 -999.9 -999.9 -999.9 -999.9 15.7 -999.9 15.8 6.0 0.4 37.2 97.4 120.6 123.2 124.6 14.5 11.1 97.7 85.2 55.4 DCRS_-_São_Francisco_de_Paula/Cambará_do_Sul_(865_m) -999.9 -999.9 -999.9 -999.9 -999.9 13.1 10.7 6.0 Rio_Grande_do_Sul DCRS -999.9 0.0 37.2 861.19 861.2 860.77 1 0.04 861.2 861.2 861.2 861.35
-29.264900 -50.314899 DCRS-00084 2026-07-29_07:42 11.7 -999.9 -999.9 97.4 -999.9 -999.9 11.3 -999.9 -999.9 -999.9 -999.9 -999.9 -999.9 -999.9 15.8 7.0 0.4 37.2 97.4 120.6 123.2 124.6 14.5 11.1 97.7 85.2 55.4 DCRS_-_São_Francisco_de_Paula/Cambará_do_Sul_(865_m) -999.9 -999.9 -999.9 -999.9 -999.9 13.1 10.7 7.0 Rio_Grande_do_Sul DCRS -999.9 0.0 37.2 861.2 861.2 860.77 1 0.06 861.2 861.2 861.2 861.35
-29.264900 -50.314899 DCRS-00084 2026-07-29_07:43 11.7 -999.9 -999.9 97.4 -999.9 -999.9 11.3 -999.9 -999.9 -999.9 -999.9 -999.9 15.1 -999.9 15.8 7.0 0.4 37.2 97.4 120.6 123.2 124.6 14.5 11.1 97.7 85.2 55.4 DCRS_-_São_Francisco_de_Paula/Cambará_do_Sul_(865_m) -999.9 -999.9 -999.9 -999.9 -999.9 13.1 10.7 7.0 Rio_Grande_do_Sul DCRS -999.9 0.0 37.2 861.21 861.21 860.77 1 0.07 861.21 861.21 861.21 861.35
-29.264900 -50.314899 DCRS-00084 2026-07-29_07:44 11.7 -999.9 -999.9 97.5 -999.9 -999.9 11.3 -999.9 -999.9 -999.9 -999.9 -999.9 -999.9 -999.9 15.8 8.0 0.4 37.2 97.4 120.6 123.2 124.6 14.5 11.1 97.7 85.2 55.4 DCRS_-_São_Francisco_de_Paula/Cambará_do_Sul_(865_m) -999.9 -999.9 -999.9 -999.9 -999.9 13.1 10.7 8.0 Rio_Grande_do_Sul DCRS -999.9 0.0 37.2 861.2 861.21 860.77 1 0.06 861.21 861.21 861.21 861.35
-29.264900 -50.314899 DCRS-00084 2026-07-29_07:45 11.7 -999.9 -999.9 97.5 -999.9 -999.9 11.3 -999.9 -999.9 -999.9 -999.9 -999.9 16.5 -999.9 20.6 8.0 0.4 37.2 97.4 120.6 123.2 124.6 14.5 11.1 97.7 85.2 55.4 DCRS_-_São_Francisco_de_Paula/Cambará_do_Sul_(865_m) -999.9 -999.9 -999.9 -999.9 -999.9 13.1 10.7 8.0 Rio_Grande_do_Sul DCRS -999.9 0.0 37.2 861.2 861.21 860.77 1 0.05 861.21 861.21 861.21 861.35
-29.264900 -50.314899 DCRS-00084 2026-07-29_07:46 11.6 -999.9 -999.9 97.5 -999.9 -999.9 11.2 -999.9 -999.9 -999.9 -999.9 -999.9 18.7 -999.9 20.6 9.0 0.4 37.2 97.4 120.6 123.2 124.6 14.5 11.1 97.7 85.2 55.4 DCRS_-_São_Francisco_de_Paula/Cambará_do_Sul_(865_m) -999.9 -999.9 -999.9 -999.9 -999.9 13.1 10.7 9.0 Rio_Grande_do_Sul DCRS -999.9 0.0 37.2 861.2 861.21 860.77 1 0.06 861.21 861.21 861.21 861.35
-29.264900 -50.314899 DCRS-00084 2026-07-29_07:47 11.6 -999.9 -999.9 97.5 -999.9 -999.9 11.2 -999.9 -999.9 -999.9 -999.9 -999.9 16.8 -999.9 20.6 9.0 0.4 37.2 97.4 120.6 123.2 124.6 14.5 11.1 97.7 85.2 55.4 DCRS_-_São_Francisco_de_Paula/Cambará_do_Sul_(865_m) -999.9 -999.9 -999.9 -999.9 -999.9 13.1 10.7 9.0 Rio_Grande_do_Sul DCRS -999.9 0.0 37.2 861.21 861.21 860.77 1 0.05 861.21 861.21 861.21 861.35
-29.264900 -50.314899 DCRS-00084 2026-07-29_07:48 11.7 -999.9 -999.9 97.6 -999.9 -999.9 11.3 -999.9 -999.9 -999.9 -999.9 -999.9 15.3 -999.9 20.6 10.0 0.4 37.2 97.4 120.6 123.2 124.6 14.5 11.1 97.7 85.2 55.4 DCRS_-_São_Francisco_de_Paula/Cambará_do_Sul_(865_m) -999.9 -999.9 -999.9 -999.9 -999.9 13.1 10.7 10.0 Rio_Grande_do_Sul DCRS -999.9 0.0 37.2 861.21 861.21 860.77 1 0.08 861.21 861.21 861.21 861.35
-29.264900 -50.314899 DCRS-00084 2026-07-29_07:49 11.7 -999.9 -999.9 97.5 -999.9 -999.9 11.3 -999.9 -999.9 -999.9 -999.9 -999.9 15.6 -999.9 20.6 10.0 0.4 37.2 97.4 120.6 123.2 124.6 14.5 11.1 97.7 85.2 55.4 DCRS_-_São_Francisco_de_Paula/Cambará_do_Sul_(865_m) -999.9 -999.9 -999.9 -999.9 -999.9 13.1 10.7 10.0 Rio_Grande_do_Sul DCRS -999.9 0.0 37.2 861.2 861.21 860.77 1 0.06 861.21 861.21 861.21 861.35
-29.264900 -50.314899 DCRS-00084 2026-07-29_07:50 11.7 -999.9 -999.9 97.5 -999.9 -999.9 11.3 -999.9 -999.9 -999.9 -999.9 -999.9 12.3 -999.9 19.3 10.0 0.4 37.2 97.4 120.6 123.2 124.6 14.5 11.1 97.7 85.2 55.4 DCRS_-_São_Francisco_de_Paula/Cambará_do_Sul_(865_m) -999.9 -999.9 -999.9 -999.9 -999.9 13.1 10.7 10.0 Rio_Grande_do_Sul DCRS -999.9 0.0 37.2 861.2 861.21 860.77 1 0.04 861.21 861.21 861.21 861.35
-29.264900 -50.314899 DCRS-00084 2026-07-29_07:51 11.6 -999.9 -999.9 97.6 -999.9 -999.9 11.2 -999.9 -999.9 -999.9 -999.9 -999.9 15.8 -999.9 19.3 10.0 0.4 37.2 97.4 120.6 123.2 124.6 14.5 11.1 97.7 85.2 55.4 DCRS_-_São_Francisco_de_Paula/Cambará_do_Sul_(865_m) -999.9 -999.9 -999.9 -999.9 -999.9 13.1 10.7 10.0 Rio_Grande_do_Sul DCRS -999.9 0.0 37.2 861.22 861.22 860.77 1 0.06 861.22 861.22 861.22 861.35
-29.264900 -50.314899 DCRS-00084 2026-07-29_07:52 11.7 -999.9 -999.9 97.6 -999.9 -999.9 11.3 -999.9 -999.9 -999.9 -999.9 -999.9 12.5 -999.9 19.3 10.0 0.4 37.2 97.4 120.6 123.2 124.6 14.5 11.1 97.7 85.2 55.4 DCRS_-_São_Francisco_de_Paula/Cambará_do_Sul_(865_m) -999.9 -999.9 -999.9 -999.9 -999.9 13.1 10.7 10.0 Rio_Grande_do_Sul DCRS -999.9 0.0 37.2 861.2 861.22 860.77 1 0.05 861.22 861.22 861.22 861.35
-29.264900 -50.314899 DCRS-00084 2026-07-29_07:53 11.7 -999.9 -999.9 97.6 -999.9 -999.9 11.3 -999.9 -999.9 -999.9 -999.9 -999.9 12.5 -999.9 19.3 10.0 0.4 37.2 97.4 120.6 123.2 124.6 14.5 11.1 97.7 85.2 55.4 DCRS_-_São_Francisco_de_Paula/Cambará_do_Sul_(865_m) -999.9 -999.9 -999.9 -999.9 -999.9 13.1 10.7 10.0 Rio_Grande_do_Sul DCRS -999.9 0.0 37.2 861.19 861.22 860.77 1 0.04 861.22 861.22 861.22 861.35
-29.264900 -50.314899 DCRS-00084 2026-07-29_07:54 11.7 -999.9 -999.9 97.7 -999.9 -999.9 11.3 -999.9 -999.9 -999.9 -999.9 -999.9 11.5 -999.9 19.3 10.0 0.4 37.2 97.4 120.6 123.2 124.6 14.5 11.1 97.7 85.2 55.4 DCRS_-_São_Francisco_de_Paula/Cambará_do_Sul_(865_m) -999.9 -999.9 -999.9 -999.9 -999.9 13.1 10.7 10.0 Rio_Grande_do_Sul DCRS -999.9 0.0 37.2 861.21 861.22 860.77 1 0.06 861.22 861.22 861.22 861.35
-29.264900 -50.314899 DCRS-00084 2026-07-29_07:55 11.6 -999.9 -999.9 97.6 -999.9 -999.9 11.2 -999.9 -999.9 -999.9 -999.9 -999.9 11.4 -999.9 18.7 10.0 0.4 37.2 97.4 120.6 123.2 124.6 14.5 11.1 97.7 85.2 55.4 DCRS_-_São_Francisco_de_Paula/Cambará_do_Sul_(865_m) -999.9 -999.9 -999.9 -999.9 -999.9 13.1 10.7 10.0 Rio_Grande_do_Sul DCRS -999.9 0.0 37.2 861.21 861.22 860.77 1 0.06 861.22 861.22 861.22 861.35
-29.264900 -50.314899 DCRS-00084 2026-07-29_07:56 11.7 -999.9 -999.9 97.6 -999.9 -999.9 11.3 -999.9 -999.9 -999.9 -999.9 -999.9 13.0 -999.9 18.7 10.0 0.4 37.2 97.4 120.6 123.2 124.6 14.5 11.1 97.7 85.2 55.4 DCRS_-_São_Francisco_de_Paula/Cambará_do_Sul_(865_m) -999.9 -999.9 -999.9 -999.9 -999.9 13.1 10.7 10.0 Rio_Grande_do_Sul DCRS -999.9 0.0 37.2 861.2 861.22 860.77 1 0.05 861.22 861.22 861.22 861.35
-29.264900 -50.314899 DCRS-00084 2026-07-29_07:57 11.7 -999.9 -999.9 97.7 -999.9 -999.9 11.3 -999.9 -999.9 -999.9 -999.9 -999.9 15.9 -999.9 18.7 10.0 0.4 37.2 97.4 120.6 123.2 124.6 14.5 11.1 97.7 85.2 55.4 DCRS_-_São_Francisco_de_Paula/Cambará_do_Sul_(865_m) -999.9 -999.9 -999.9 -999.9 -999.9 13.1 10.7 10.0 Rio_Grande_do_Sul DCRS -999.9 0.0 37.2 861.22 861.22 860.77 1 0.06 861.22 861.22 861.22 861.35
-29.264900 -50.314899 DCRS-00084 2026-07-29_07:58 11.7 -999.9 -999.9 97.7 -999.9 -999.9 11.3 -999.9 -999.9 -999.9 -999.9 -999.9 15.8 -999.9 18.7 10.0 0.4 37.2 97.4 120.6 123.2 124.6 14.5 11.1 97.7 85.2 55.4 DCRS_-_São_Francisco_de_Paula/Cambará_do_Sul_(865_m) -999.9 -999.9 -999.9 -999.9 -999.9 13.1 10.7 10.0 Rio_Grande_do_Sul DCRS -999.9 0.0 37.2 861.22 861.22 860.77 1 0.05 861.22 861.22 861.22 861.35
-29.264900 -50.314899 DCRS-00084 2026-07-29_07:59 11.7 -999.9 -999.9 97.7 -999.9 -999.9 11.3 -999.9 -999.9 -999.9 -999.9 -999.9 14.3 -999.9 18.7 9.0 0.4 37.2 97.4 120.6 123.2 124.6 14.5 11.1 97.7 85.2 55.4 DCRS_-_São_Francisco_de_Paula/Cambará_do_Sul_(865_m) -999.9 -999.9 -999.9 -999.9 -999.9 13.1 10.7 10.0 Rio_Grande_do_Sul DCRS -999.9 0.0 37.2 861.2 861.22 860.77 1 0.03 861.22 861.22 861.22 861.35
-29.264900 -50.314899 DCRS-00084 2026-07-29_08:00 11.7 -999.9 -999.9 97.7 -999.9 -999.9 11.3 -999.9 -999.9 -999.9 -999.9 -999.9 10.5 -999.9 19.1 9.0 0.4 37.2 97.4 120.6 123.2 124.6 14.5 11.1 97.7 85.2 55.4 DCRS_-_São_Francisco_de_Paula/Cambará_do_Sul_(865_m) -999.9 -999.9 -999.9 -999.9 -999.9 13.1 10.7 10.0 Rio_Grande_do_Sul DCRS -999.9 0.0 37.2 861.2 861.22 860.77 1 0.04 861.22 861.22 861.22 861.35
-29.264900 -50.314899 DCRS-00084 2026-07-29_08:01 11.7 -999.9 -999.9 97.8 -999.9 -999.9 11.4 -999.9 -999.9 -999.9 -999.9 -999.9 15.7 -999.9 19.1 10.0 0.4 37.2 97.4 120.6 123.2 124.6 14.5 11.1 97.8 85.2 55.4 DCRS_-_São_Francisco_de_Paula/Cambará_do_Sul_(865_m) -999.9 -999.9 -999.9 -999.9 -999.9 13.1 10.7 10.0 Rio_Grande_do_Sul DCRS -999.9 0.0 37.2 861.22 861.22 860.77 1 0.06 861.22 861.22 861.22 861.35
-29.264900 -50.314899 DCRS-00084 2026-07-29_08:02 11.7 -999.9 -999.9 97.7 -999.9 -999.9 11.3 -999.9 -999.9 -999.9 -999.9 -999.9 13.3 -999.9 19.1 9.0 0.4 37.2 97.4 120.6 123.2 124.6 14.5 11.1 97.8 85.2 55.4 DCRS_-_São_Francisco_de_Paula/Cambará_do_Sul_(865_m) -999.9 -999.9 -999.9 -999.9 -999.9 13.1 10.7 10.0 Rio_Grande_do_Sul DCRS -999.9 0.0 37.2 861.22 861.22 860.77 1 0.06 861.22 861.22 861.22 861.35
-29.264900 -50.314899 DCRS-00084 2026-07-29_08:03 11.7 -999.9 -999.9 97.7 -999.9 -999.9 11.3 -999.9 -999.9 -999.9 -999.9 -999.9 11.9 -999.9 19.1 9.0 0.4 37.2 97.4 120.6 123.2 124.6 14.5 11.1 97.8 85.2 55.4 DCRS_-_São_Francisco_de_Paula/Cambará_do_Sul_(865_m) -999.9 -999.9 -999.9 -999.9 -999.9 13.1 10.7 10.0 Rio_Grande_do_Sul DCRS -999.9 0.0 37.2 861.22 861.22 860.77 1 0.04 861.22 861.22 861.22 861.35
-29.264900 -50.314899 DCRS-00084 2026-07-29_08:05 11.7 -999.9 -999.9 97.7 -999.9 -999.9 11.3 -999.9 -999.9 -999.9 -999.9 -999.9 14.5 -999.9 19.8 10.0 0.4 37.2 97.4 120.6 123.2 124.6 14.5 11.1 97.8 85.2 55.4 DCRS_-_São_Francisco_de_Paula/Cambará_do_Sul_(865_m) -999.9 -999.9 -999.9 -999.9 -999.9 13.1 10.7 10.0 Rio_Grande_do_Sul DCRS -999.9 0.0 37.2 861.22 861.22 860.77 1 0.06 861.22 861.22 861.22 861.35
-29.264900 -50.314899 DCRS-00084 2026-07-29_08:06 11.7 -999.9 -999.9 97.8 -999.9 -999.9 11.4 -999.9 -999.9 -999.9 -999.9 -999.9 16.4 -999.9 19.8 10.0 0.4 37.2 97.4 120.6 123.2 124.6 14.5 11.1 97.8 85.2 55.4 DCRS_-_São_Francisco_de_Paula/Cambará_do_Sul_(865_m) -999.9 -999.9 -999.9 -999.9 -999.9 13.1 10.7 10.0 Rio_Grande_do_Sul DCRS -999.9 0.0 37.2 861.22 861.22 860.77 1 0.05 861.22 861.22 861.22 861.35
-29.264900 -50.314899 DCRS-00084 2026-07-29_08:07 11.7 -999.9 -999.9 97.7 -999.9 -999.9 11.3 -999.9 -999.9 -999.9 -999.9 -999.9 15.8 -999.9 19.8 10.0 0.4 37.2 97.4 120.6 123.2 124.6 14.5 11.1 97.8 85.2 55.4 DCRS_-_São_Francisco_de_Paula/Cambará_do_Sul_(865_m) -999.9 -999.9 -999.9 -999.9 -999.9 13.1 10.7 10.0 Rio_Grande_do_Sul DCRS -999.9 0.0 37.2 861.21 861.22 860.77 1 0.04 861.22 861.22 861.22 861.35
-29.264900 -50.314899 DCRS-00084 2026-07-29_08:08 11.7 -999.9 -999.9 97.7 -999.9 -999.9 11.3 -999.9 -999.9 -999.9 -999.9 -999.9 15.0 -999.9 19.8 12.0 0.4 37.2 97.4 120.6 123.2 124.6 14.5 11.1 97.8 85.2 55.4 DCRS_-_São_Francisco_de_Paula/Cambará_do_Sul_(865_m) -999.9 -999.9 -999.9 -999.9 -999.9 13.1 10.7 12.0 Rio_Grande_do_Sul DCRS -999.9 0.0 37.2 861.23 861.23 860.77 1 0.07 861.23 861.23 861.23 861.35
-29.264900 -50.314899 DCRS-00084 2026-07-29_08:09 11.8 -999.9 -999.9 97.8 -999.9 -999.9 11.5 -999.9 -999.9 -999.9 -999.9 -999.9 16.1 -999.9 19.8 13.0 0.4 37.2 97.4 120.6 123.2 124.6 14.5 11.1 97.8 85.2 55.4 DCRS_-_São_Francisco_de_Paula/Cambará_do_Sul_(865_m) -999.9 -999.9 -999.9 -999.9 -999.9 13.1 10.7 13.0 Rio_Grande_do_Sul DCRS -999.9 0.0 37.2 861.22 861.23 860.77 1 0.05 861.23 861.23 861.23 861.35
-29.264900 -50.314899 DCRS-00084 2026-07-29_08:10 11.7 -999.9 -999.9 97.7 -999.9 -999.9 11.3 -999.9 -999.9 -999.9 -999.9 -999.9 13.5 -999.9 25.1 13.0 0.4 37.2 97.4 120.6 123.2 124.6 14.5 11.1 97.8 85.2 55.4 DCRS_-_São_Francisco_de_Paula/Cambará_do_Sul_(865_m) -999.9 -999.9 -999.9 -999.9 -999.9 13.1 10.7 13.0 Rio_Grande_do_Sul DCRS -999.9 0.0 37.2 861.22 861.23 860.77 1 0.06 861.23 861.23 861.23 861.35
-29.264900 -50.314899 DCRS-00084 2026-07-29_08:11 11.8 -999.9 -999.9 97.7 -999.9 -999.9 11.4 -999.9 -999.9 -999.9 -999.9 -999.9 16.7 -999.9 25.1 13.0 0.4 37.2 97.4 120.6 123.2 124.6 14.5 11.1 97.8 85.2 55.4 DCRS_-_São_Francisco_de_Paula/Cambará_do_Sul_(865_m) -999.9 -999.9 -999.9 -999.9 -999.9 13.1 10.7 13.0 Rio_Grande_do_Sul DCRS -999.9 0.0 37.2 861.22 861.23 860.77 1 0.05 861.23 861.23 861.23 861.35
-29.264900 -50.314899 DCRS-00084 2026-07-29_08:12 11.8 -999.9 -999.9 97.7 -999.9 -999.9 11.4 -999.9 -999.9 -999.9 -999.9 -999.9 21.4 -999.9 25.1 11.0 0.4 37.2 97.4 120.6 123.2 124.6 14.5 11.1 97.8 85.2 55.4 DCRS_-_São_Francisco_de_Paula/Cambará_do_Sul_(865_m) -999.9 -999.9 -999.9 -999.9 -999.9 13.1 10.7 13.0 Rio_Grande_do_Sul DCRS -999.9 0.0 37.2 861.23 861.23 860.77 1 0.07 861.23 861.23 861.23 861.35
-29.264900 -50.314899 DCRS-00084 2026-07-29_08:13 11.8 -999.9 -999.9 97.7 -999.9 -999.9 11.4 -999.9 -999.9 -999.9 -999.9 -999.9 18.7 -999.9 25.1 11.0 0.4 37.2 97.4 120.6 123.2 124.6 14.5 11.1 97.8 85.2 55.4 DCRS_-_São_Francisco_de_Paula/Cambará_do_Sul_(865_m) -999.9 -999.9 -999.9 -999.9 -999.9 13.1 10.7 13.0 Rio_Grande_do_Sul DCRS -999.9 0.0 37.2 861.22 861.23 860.77 1 0.04 861.23 861.23 861.23 861.35
-29.264900 -50.314899 DCRS-00084 2026-07-29_08:14 11.8 -999.9 -999.9 97.7 -999.9 -999.9 11.4 -999.9 -999.9 -999.9 -999.9 -999.9 23.6 -999.9 25.1 11.0 0.2 37.2 97.4 120.6 123.2 124.6 14.5 11.1 97.8 85.2 55.4 DCRS_-_São_Francisco_de_Paula/Cambará_do_Sul_(865_m) -999.9 -999.9 -999.9 -999.9 -999.9 13.1 10.7 13.0 Rio_Grande_do_Sul DCRS -999.9 0.0 37.2 861.23 861.23 860.77 1 0.05 861.23 861.23 861.23 861.35
-29.264900 -50.314899 DCRS-00084 2026-07-29_08:15 11.9 -999.9 -999.9 97.7 -999.9 -999.9 11.5 -999.9 -999.9 -999.9 -999.9 -999.9 20.9 -999.9 28.8 11.0 0.2 37.2 97.4 120.6 123.2 124.6 14.5 11.1 97.8 85.2 55.4 DCRS_-_São_Francisco_de_Paula/Cambará_do_Sul_(865_m) -999.9 -999.9 -999.9 -999.9 -999.9 13.1 10.7 13.0 Rio_Grande_do_Sul DCRS -999.9 0.0 37.2 861.23 861.23 860.77 1 0.05 861.23 861.23 861.23 861.35
-29.264900 -50.314899 DCRS-00084 2026-07-29_08:16 11.9 -999.9 -999.9 97.7 -999.9 -999.9 11.5 -999.9 -999.9 -999.9 -999.9 -999.9 12.9 -999.9 28.8 13.0 0.2 37.2 97.4 120.6 123.2 124.6 14.5 11.1 97.8 85.2 55.4 DCRS_-_São_Francisco_de_Paula/Cambará_do_Sul_(865_m) -999.9 -999.9 -999.9 -999.9 -999.9 13.1 10.7 13.0 Rio_Grande_do_Sul DCRS -999.9 0.0 37.2 861.23 861.23 860.77 1 0.05 861.23 861.23 861.23 861.35
-29.264900 -50.314899 DCRS-00084 2026-07-29_08:18 12.0 -999.9 -999.9 97.6 -999.9 -999.9 11.6 -999.9 -999.9 -999.9 -999.9 -999.9 21.0 -999.9 28.8 13.0 0.2 37.2 97.4 120.6 123.2 124.6 14.5 11.1 97.8 85.2 55.4 DCRS_-_São_Francisco_de_Paula/Cambará_do_Sul_(865_m) -999.9 -999.9 -999.9 -999.9 -999.9 13.1 10.7 13.0 Rio_Grande_do_Sul DCRS -999.9 0.0 37.2 861.23 861.23 860.77 1 0.04 861.23 861.23 861.23 861.35
-29.264900 -50.314899 DCRS-00084 2026-07-29_08:19 12.0 -999.9 -999.9 97.5 -999.9 -999.9 11.6 -999.9 -999.9 -999.9 -999.9 -999.9 17.6 -999.9 28.8 13.0 0.4 37.2 97.4 120.6 123.2 124.6 14.5 11.1 97.8 85.2 55.4 DCRS_-_São_Francisco_de_Paula/Cambará_do_Sul_(865_m) -999.9 -999.9 -999.9 -999.9 -999.9 13.1 10.7 13.0 Rio_Grande_do_Sul DCRS -999.9 0.2 37.2 861.22 861.23 860.77 1 0.04 861.23 861.23 861.23 861.35
-29.264900 -50.314899 DCRS-00084 2026-07-29_08:20 12.2 -999.9 -999.9 97.4 -999.9 -999.9 11.8 -999.9 -999.9 -999.9 -999.9 -999.9 27.4 -999.9 28.2 14.0 0.4 37.4 97.6 120.8 123.4 124.8 14.5 11.1 97.8 85.2 55.4 DCRS_-_São_Francisco_de_Paula/Cambará_do_Sul_(865_m) -999.9 -999.9 -999.9 -999.9 -999.9 13.1 10.7 14.0 Rio_Grande_do_Sul DCRS -999.9 0.0 37.4 861.24 861.24 860.77 1 0.06 861.24 861.24 861.24 861.35
-29.264900 -50.314899 DCRS-00084 2026-07-29_08:21 12.2 -999.9 -999.9 97.3 -999.9 -999.9 11.8 -999.9 -999.9 -999.9 -999.9 -999.9 26.9 -999.9 28.2 13.0 0.4 37.4 97.6 120.8 123.4 124.8 14.5 11.1 97.8 85.2 55.4 DCRS_-_São_Francisco_de_Paula/Cambará_do_Sul_(865_m) -999.9 -999.9 -999.9 -999.9 -999.9 13.1 10.7 14.0 Rio_Grande_do_Sul DCRS -999.9 0.0 37.4 861.24 861.24 860.77 1 0.06 861.24 861.24 861.24 861.35
-29.264900 -50.314899 DCRS-00084 2026-07-29_08:22 12.3 -999.9 -999.9 97.3 -999.9 -999.9 11.9 -999.9 -999.9 -999.9 -999.9 -999.9 21.0 -999.9 28.2 14.0 0.4 37.4 97.6 120.8 123.4 124.8 14.5 11.1 97.8 85.2 55.4 DCRS_-_São_Francisco_de_Paula/Cambará_do_Sul_(865_m) -999.9 -999.9 -999.9 -999.9 -999.9 13.1 10.7 14.0 Rio_Grande_do_Sul DCRS -999.9 0.0 37.4 861.22 861.24 860.77 1 0.03 861.24 861.24 861.24 861.35
-29.264900 -50.314899 DCRS-00084 2026-07-29_08:23 12.4 -999.9 -999.9 97.0 -999.9 -999.9 11.9 -999.9 -999.9 -999.9 -999.9 -999.9 19.5 -999.9 28.2 13.0 0.4 37.4 97.6 120.8 123.4 124.8 14.5 11.1 97.8 85.2 55.4 DCRS_-_São_Francisco_de_Paula/Cambará_do_Sul_(865_m) -999.9 -999.9 -999.9 -999.9 -999.9 13.1 10.7 14.0 Rio_Grande_do_Sul DCRS -999.9 0.0 37.4 861.23 861.24 860.77 1 0.04 861.24 861.24 861.24 861.35
-29.264900 -50.314899 DCRS-00084 2026-07-29_08:24 12.5 -999.9 -999.9 96.5 -999.9 -999.9 12.0 -999.9 -999.9 -999.9 -999.9 -999.9 10.2 -999.9 28.2 12.0 0.4 37.4 97.6 120.8 123.4 124.8 14.5 11.1 97.8 85.2 55.4 DCRS_-_São_Francisco_de_Paula/Cambará_do_Sul_(865_m) -999.9 -999.9 -999.9 -999.9 -999.9 13.1 10.7 14.0 Rio_Grande_do_Sul DCRS -999.9 0.0 37.4 861.22 861.24 860.77 1 0.03 861.24 861.24 861.24 861.35
-29.264900 -50.314899 DCRS-00084 2026-07-29_08:25 12.6 -999.9 -999.9 96.1 -999.9 -999.9 12.0 -999.9 -999.9 -999.9 -999.9 -999.9 26.6 -999.9 30.7 14.0 0.4 37.4 97.6 120.8 123.4 124.8 14.5 11.1 97.8 85.2 55.4 DCRS_-_São_Francisco_de_Paula/Cambará_do_Sul_(865_m) -999.9 -999.9 -999.9 -999.9 -999.9 13.1 10.7 14.0 Rio_Grande_do_Sul DCRS -999.9 0.0 37.4 861.23 861.24 860.77 1 0.04 861.24 861.24 861.24 861.35
-29.264900 -50.314899 DCRS-00084 2026-07-29_08:26 12.6 -999.9 -999.9 95.5 -999.9 -999.9 11.9 -999.9 -999.9 -999.9 -999.9 -999.9 30.6 -999.9 30.7 14.0 0.4 37.4 97.6 120.8 123.4 124.8 14.5 11.1 97.8 85.2 55.4 DCRS_-_São_Francisco_de_Paula/Cambará_do_Sul_(865_m) -999.9 -999.9 -999.9 -999.9 -999.9 13.1 10.7 14.0 Rio_Grande_do_Sul DCRS -999.9 0.0 37.4 861.23 861.24 860.77 1 0.05 861.24 861.24 861.24 861.35
-29.264900 -50.314899 DCRS-00084 2026-07-29_08:27 12.7 -999.9 -999.9 94.8 -999.9 -999.9 11.9 -999.9 -999.9 -999.9 -999.9 -999.9 -999.9 -999.9 30.7 17.0 0.4 37.4 97.6 120.8 123.4 124.8 14.5 11.1 97.8 85.2 55.4 DCRS_-_São_Francisco_de_Paula/Cambará_do_Sul_(865_m) -999.9 -999.9 -999.9 -999.9 -999.9 13.1 10.7 17.0 Rio_Grande_do_Sul DCRS -999.9 0.0 37.4 861.22 861.24 860.77 1 0.03 861.24 861.24 861.24 861.35
-29.264900 -50.314899 DCRS-00084 2026-07-29_08:28 12.9 -999.9 -999.9 93.8 -999.9 -999.9 11.9 -999.9 -999.9 -999.9 -999.9 -999.9 21.9 -999.9 30.7 18.0 0.4 37.4 97.6 120.8 123.4 124.8 14.5 11.1 97.8 85.2 55.4 DCRS_-_São_Francisco_de_Paula/Cambará_do_Sul_(865_m) -999.9 -999.9 -999.9 -999.9 -999.9 13.1 10.7 18.0 Rio_Grande_do_Sul DCRS -999.9 0.0 37.4 861.24 861.24 860.77 1 0.06 861.24 861.24 861.24 861.35
-29.264900 -50.314899 DCRS-00084 2026-07-29_08:29 12.9 -999.9 -999.9 93.2 -999.9 -999.9 11.8 -999.9 -999.9 -999.9 -999.9 -999.9 22.0 -999.9 30.7 20.0 0.4 37.4 97.6 120.8 123.4 124.8 14.5 11.1 97.8 85.2 55.4 DCRS_-_São_Francisco_de_Paula/Cambará_do_Sul_(865_m) -999.9 -999.9 -999.9 -999.9 -999.9 13.1 10.7 20.0 Rio_Grande_do_Sul DCRS -999.9 0.0 37.4 861.24 861.24 860.77 1 0.05 861.24 861.24 861.24 861.35
-29.264900 -50.314899 DCRS-00084 2026-07-29_08:30 12.9 -999.9 -999.9 93.1 -999.9 -999.9 11.8 -999.9 -999.9 -999.9 -999.9 -999.9 18.8 -999.9 37.9 24.0 0.4 37.4 97.6 120.8 123.4 124.8 14.5 11.1 97.8 85.2 55.4 DCRS_-_São_Francisco_de_Paula/Cambará_do_Sul_(865_m) -999.9 -999.9 -999.9 -999.9 -999.9 13.1 10.7 24.0 Rio_Grande_do_Sul DCRS -999.9 0.0 37.4 861.23 861.24 860.77 1 0.04 861.24 861.24 861.24 861.35
-29.264900 -50.314899 DCRS-00084 2026-07-29_08:31 12.9 -999.9 -999.9 93.2 -999.9 -999.9 11.8 -999.9 -999.9 -999.9 -999.9 -999.9 15.8 -999.9 37.9 29.0 0.4 37.4 97.6 120.8 123.4 124.8 14.5 11.1 97.8 85.2 55.4 DCRS_-_São_Francisco_de_Paula/Cambará_do_Sul_(865_m) -999.9 -999.9 -999.9 -999.9 -999.9 13.1 10.7 29.0 Rio_Grande_do_Sul DCRS -999.9 0.0 37.4 861.24 861.24 860.77 1 0.04 861.24 861.24 861.24 861.35
-29.264900 -50.314899 DCRS-00084 2026-07-29_08:32 12.9 -999.9 -999.9 93.0 -999.9 -999.9 11.8 -999.9 -999.9 -999.9 -999.9 -999.9 16.2 -999.9 37.9 34.0 0.4 37.4 97.6 120.8 123.4 124.8 14.5 11.1 97.8 85.2 55.4 DCRS_-_São_Francisco_de_Paula/Cambará_do_Sul_(865_m) -999.9 -999.9 -999.9 -999.9 -999.9 13.1 10.7 34.0 Rio_Grande_do_Sul DCRS -999.9 0.0 37.4 861.25 861.25 860.77 1 0.08 861.25 861.25 861.25 861.35
-29.264900 -50.314899 DCRS-00084 2026-07-29_08:33 12.9 -999.9 -999.9 92.9 -999.9 -999.9 11.8 -999.9 -999.9 -999.9 -999.9 -999.9 21.3 -999.9 37.9 35.0 0.4 37.4 97.6 120.8 123.4 124.8 14.5 11.1 97.8 85.2 55.4 DCRS_-_São_Francisco_de_Paula/Cambará_do_Sul_(865_m) -999.9 -999.9 -999.9 -999.9 -999.9 13.1 10.7 35.0 Rio_Grande_do_Sul DCRS -999.9 0.0 37.4 861.24 861.25 860.77 1 0.05 861.25 861.25 861.25 861.35
-29.264900 -50.314899 DCRS-00084 2026-07-29_08:34 12.9 -999.9 -999.9 92.9 -999.9 -999.9 11.8 -999.9 -999.9 -999.9 -999.9 -999.9 21.6 -999.9 37.9 43.0 0.4 37.4 97.6 120.8 123.4 124.8 14.5 11.1 97.8 85.2 55.4 DCRS_-_São_Francisco_de_Paula/Cambará_do_Sul_(865_m) -999.9 -999.9 -999.9 -999.9 -999.9 13.1 10.7 43.0 Rio_Grande_do_Sul DCRS -999.9 0.0 37.4 861.23 861.25 860.77 1 0.04 861.25 861.25 861.25 861.35
-29.264900 -50.314899 DCRS-00084 2026-07-29_08:35 12.9 -999.9 -999.9 92.5 -999.9 -999.9 11.7 -999.9 -999.9 -999.9 -999.9 -999.9 22.3 -999.9 27.9 49.0 0.4 37.4 97.6 120.8 123.4 124.8 14.5 11.1 97.8 85.2 55.4 DCRS_-_São_Francisco_de_Paula/Cambará_do_Sul_(865_m) -999.9 -999.9 -999.9 -999.9 -999.9 13.1 10.7 49.0 Rio_Grande_do_Sul DCRS -999.9 0.0 37.4 861.24 861.25 860.77 1 0.05 861.25 861.25 861.25 861.35
-29.264900 -50.314899 DCRS-00084 2026-07-29_08:36 12.9 -999.9 -999.9 92.4 -999.9 -999.9 11.7 -999.9 -999.9 -999.9 -999.9 -999.9 22.6 -999.9 27.9 57.0 0.4 37.4 97.6 120.8 123.4 124.8 14.5 11.1 97.8 85.2 55.4 DCRS_-_São_Francisco_de_Paula/Cambará_do_Sul_(865_m) -999.9 -999.9 -999.9 -999.9 -999.9 13.1 10.7 57.0 Rio_Grande_do_Sul DCRS -999.9 0.0 37.4 861.23 861.25 860.77 1 0.03 861.25 861.25 861.25 861.35
-29.264900 -50.314899 DCRS-00084 2026-07-29_08:37 12.9 -999.9 -999.9 92.4 -999.9 -999.9 11.7 -999.9 -999.9 -999.9 -999.9 -999.9 21.3 -999.9 27.9 61.0 0.4 37.4 97.6 120.8 123.4 124.8 14.5 11.1 97.8 85.2 55.4 DCRS_-_São_Francisco_de_Paula/Cambará_do_Sul_(865_m) -999.9 -999.9 -999.9 -999.9 -999.9 13.1 10.7 61.0 Rio_Grande_do_Sul DCRS -999.9 0.0 37.4 861.23 861.25 860.77 1 0.04 861.25 861.25 861.25 861.35
-29.264900 -50.314899 DCRS-00084 2026-07-29_08:38 12.9 -999.9 -999.9 92.4 -999.9 -999.9 11.7 -999.9 -999.9 -999.9 -999.9 -999.9 15.0 -999.9 27.9 61.0 0.4 37.4 97.6 120.8 123.4 124.8 14.5 11.1 97.8 85.2 55.4 DCRS_-_São_Francisco_de_Paula/Cambará_do_Sul_(865_m) -999.9 -999.9 -999.9 -999.9 -999.9 13.1 10.7 61.0 Rio_Grande_do_Sul DCRS -999.9 0.0 37.4 861.25 861.25 860.77 1 0.05 861.25 861.25 861.25 861.35
-29.264900 -50.314899 DCRS-00084 2026-07-29_08:39 12.9 -999.9 -999.9 92.4 -999.9 -999.9 11.7 -999.9 -999.9 -999.9 -999.9 -999.9 16.7 -999.9 27.9 59.0 0.2 37.4 97.6 120.8 123.4 124.8 14.5 11.1 97.8 85.2 55.4 DCRS_-_São_Francisco_de_Paula/Cambará_do_Sul_(865_m) -999.9 -999.9 -999.9 -999.9 -999.9 13.1 10.7 61.0 Rio_Grande_do_Sul DCRS -999.9 0.0 37.4 861.24 861.25 860.77 1 0.04 861.25 861.25 861.25 861.35
-29.264900 -50.314899 DCRS-00084 2026-07-29_08:40 12.9 -999.9 -999.9 92.6 -999.9 -999.9 11.7 -999.9 -999.9 -999.9 -999.9 -999.9 20.0 -999.9 27.4 58.0 0.2 37.4 97.6 120.8 123.4 124.8 14.5 11.1 97.8 85.2 55.4 DCRS_-_São_Francisco_de_Paula/Cambará_do_Sul_(865_m) -999.9 -999.9 -999.9 -999.9 -999.9 13.1 10.7 61.0 Rio_Grande_do_Sul DCRS -999.9 0.0 37.4 861.25 861.25 860.77 1 0.06 861.25 861.25 861.25 861.35
-29.264900 -50.314899 DCRS-00084 2026-07-29_08:41 12.9 -999.9 -999.9 92.8 -999.9 -999.9 11.8 -999.9 -999.9 -999.9 -999.9 -999.9 23.3 -999.9 27.4 55.0 0.2 37.4 97.6 120.8 123.4 124.8 14.5 11.1 97.8 85.2 55.4 DCRS_-_São_Francisco_de_Paula/Cambará_do_Sul_(865_m) -999.9 -999.9 -999.9 -999.9 -999.9 13.1 10.7 61.0 Rio_Grande_do_Sul DCRS -999.9 0.0 37.4 861.25 861.25 860.77 1 0.06 861.25 861.25 861.25 861.35
-29.264900 -50.314899 DCRS-00084 2026-07-29_08:42 12.9 -999.9 -999.9 92.8 -999.9 -999.9 11.8 -999.9 -999.9 -999.9 -999.9 -999.9 16.4 -999.9 27.4 54.0 0.2 37.4 97.6 120.8 123.4 124.8 14.5 11.1 97.8 85.2 55.4 DCRS_-_São_Francisco_de_Paula/Cambará_do_Sul_(865_m) -999.9 -999.9 -999.9 -999.9 -999.9 13.1 10.7 61.0 Rio_Grande_do_Sul DCRS -999.9 0.0 37.4 861.24 861.25 860.77 1 0.04 861.25 861.25 861.25 861.35
-29.264900 -50.314899 DCRS-00084 2026-07-29_08:43 12.9 -999.9 -999.9 92.8 -999.9 -999.9 11.8 -999.9 -999.9 -999.9 -999.9 -999.9 22.7 -999.9 27.4 59.0 0.2 37.4 97.6 120.8 123.4 124.8 14.5 11.1 97.8 85.2 55.4 DCRS_-_São_Francisco_de_Paula/Cambará_do_Sul_(865_m) -999.9 -999.9 -999.9 -999.9 -999.9 13.1 10.7 61.0 Rio_Grande_do_Sul DCRS -999.9 0.0 37.4 861.24 861.25 860.77 1 0.03 861.25 861.25 861.25 861.35
-29.264900 -50.314899 DCRS-00084 2026-07-29_08:44 12.9 -999.9 -999.9 92.7 -999.9 -999.9 11.7 -999.9 -999.9 -999.9 -999.9 -999.9 13.7 -999.9 27.4 61.0 0.2 37.4 97.6 120.8 123.4 124.8 14.5 11.1 97.8 85.2 55.4 DCRS_-_São_Francisco_de_Paula/Cambará_do_Sul_(865_m) -999.9 -999.9 -999.9 -999.9 -999.9 13.1 10.7 61.0 Rio_Grande_do_Sul DCRS -999.9 0.0 37.4 861.25 861.25 860.77 1 0.05 861.25 861.25 861.25 861.35
-29.264900 -50.314899 DCRS-00084 2026-07-29_08:45 12.9 -999.9 -999.9 92.7 -999.9 -999.9 11.7 -999.9 -999.9 -999.9 -999.9 -999.9 11.4 -999.9 24.9 62.0 0.2 37.4 97.6 120.8 123.4 124.8 14.5 11.1 97.8 85.2 55.4 DCRS_-_São_Francisco_de_Paula/Cambará_do_Sul_(865_m) -999.9 -999.9 -999.9 -999.9 -999.9 13.1 10.7 62.0 Rio_Grande_do_Sul DCRS -999.9 0.0 37.4 861.24 861.25 860.77 1 0.04 861.25 861.25 861.25 861.35
-29.264900 -50.314899 DCRS-00084 2026-07-29_08:46 12.9 -999.9 -999.9 92.8 -999.9 -999.9 11.8 -999.9 -999.9 -999.9 -999.9 -999.9 17.2 -999.9 24.9 62.0 0.2 37.4 97.6 120.8 123.4 124.8 14.5 11.1 97.8 85.2 55.4 DCRS_-_São_Francisco_de_Paula/Cambará_do_Sul_(865_m) -999.9 -999.9 -999.9 -999.9 -999.9 13.1 10.7 62.0 Rio_Grande_do_Sul DCRS -999.9 0.0 37.4 861.24 861.25 860.77 1 0.04 861.25 861.25 861.25 861.35
-29.264900 -50.314899 DCRS-00084 2026-07-29_08:47 12.9 -999.9 -999.9 92.9 -999.9 -999.9 11.8 -999.9 -999.9 -999.9 -999.9 -999.9 19.6 -999.9 24.9 61.0 0.2 37.4 97.6 120.8 123.4 124.8 14.5 11.1 97.8 85.2 55.4 DCRS_-_São_Francisco_de_Paula/Cambará_do_Sul_(865_m) -999.9 -999.9 -999.9 -999.9 -999.9 13.1 10.7 62.0 Rio_Grande_do_Sul DCRS -999.9 0.0 37.4 861.25 861.25 860.77 1 0.04 861.25 861.25 861.25 861.35
-29.264900 -50.314899 DCRS-00084 2026-07-29_08:48 12.9 -999.9 -999.9 92.9 -999.9 -999.9 11.8 -999.9 -999.9 -999.9 -999.9 -999.9 11.9 -999.9 24.9 64.0 0.2 37.4 97.6 120.8 123.4 124.8 14.5 11.1 97.8 85.2 55.4 DCRS_-_São_Francisco_de_Paula/Cambará_do_Sul_(865_m) -999.9 -999.9 -999.9 -999.9 -999.9 13.1 10.7 64.0 Rio_Grande_do_Sul DCRS -999.9 0.0 37.4 861.24 861.25 860.77 1 0.03 861.25 861.25 861.25 861.35
-29.264900 -50.314899 DCRS-00084 2026-07-29_08:49 12.9 -999.9 -999.9 93.0 -999.9 -999.9 11.8 -999.9 -999.9 -999.9 -999.9 -999.9 12.0 -999.9 24.9 71.0 0.2 37.4 97.6 120.8 123.4 124.8 14.5 11.1 97.8 85.2 55.4 DCRS_-_São_Francisco_de_Paula/Cambará_do_Sul_(865_m) -999.9 -999.9 -999.9 -999.9 -999.9 13.1 10.7 71.0 Rio_Grande_do_Sul DCRS -999.9 0.0 37.4 861.25 861.25 860.77 1 0.05 861.25 861.25 861.25 861.35
-29.264900 -50.314899 DCRS-00084 2026-07-29_08:50 12.9 -999.9 -999.9 93.2 -999.9 -999.9 11.8 -999.9 -999.9 -999.9 -999.9 -999.9 20.4 -999.9 25.2 73.0 0.2 37.4 97.6 120.8 123.4 124.8 14.5 11.1 97.8 85.2 55.4 DCRS_-_São_Francisco_de_Paula/Cambará_do_Sul_(865_m) -999.9 -999.9 -999.9 -999.9 -999.9 13.1 10.7 73.0 Rio_Grande_do_Sul DCRS -999.9 0.0 37.4 861.23 861.25 860.77 1 0.03 861.25 861.25 861.25 861.35
-29.264900 -50.314899 DCRS-00084 2026-07-29_08:51 12.9 -999.9 -999.9 93.1 -999.9 -999.9 11.8 -999.9 -999.9 -999.9 -999.9 -999.9 21.6 -999.9 25.2 74.0 0.2 37.4 97.6 120.8 123.4 124.8 14.5 11.1 97.8 85.2 55.4 DCRS_-_São_Francisco_de_Paula/Cambará_do_Sul_(865_m) -999.9 -999.9 -999.9 -999.9 -999.9 13.1 10.7 74.0 Rio_Grande_do_Sul DCRS -999.9 0.0 37.4 861.26 861.26 860.77 1 0.04 861.26 861.26 861.26 861.35
-29.264900 -50.314899 DCRS-00084 2026-07-29_08:52 12.9 -999.9 -999.9 93.0 -999.9 -999.9 11.8 -999.9 -999.9 -999.9 -999.9 -999.9 17.8 -999.9 25.2 75.0 0.2 37.4 97.6 120.8 123.4 124.8 14.5 11.1 97.8 85.2 55.4 DCRS_-_São_Francisco_de_Paula/Cambará_do_Sul_(865_m) -999.9 -999.9 -999.9 -999.9 -999.9 13.1 10.7 75.0 Rio_Grande_do_Sul DCRS -999.9 0.0 37.4 861.25 861.26 860.77 1 0.05 861.26 861.26 861.26 861.35
-29.264900 -50.314899 DCRS-00084 2026-07-29_08:53 12.9 -999.9 -999.9 93.0 -999.9 -999.9 11.8 -999.9 -999.9 -999.9 -999.9 -999.9 11.9 -999.9 25.2 75.0 0.2 37.4 97.6 120.8 123.4 124.8 14.5 11.1 97.8 85.2 55.4 DCRS_-_São_Francisco_de_Paula/Cambará_do_Sul_(865_m) -999.9 -999.9 -999.9 -999.9 -999.9 13.1 10.7 75.0 Rio_Grande_do_Sul DCRS -999.9 0.0 37.4 861.25 861.26 860.77 1 0.06 861.26 861.26 861.26 861.35
-29.264900 -50.314899 DCRS-00084 2026-07-29_08:54 12.9 -999.9 -999.9 93.0 -999.9 -999.9 11.8 -999.9 -999.9 -999.9 -999.9 -999.9 13.3 -999.9 25.2 76.0 0.2 37.4 97.6 120.8 123.4 124.8 14.5 11.1 97.8 85.2 55.4 DCRS_-_São_Francisco_de_Paula/Cambará_do_Sul_(865_m) -999.9 -999.9 -999.9 -999.9 -999.9 13.1 10.7 76.0 Rio_Grande_do_Sul DCRS -999.9 0.0 37.4 861.26 861.26 860.77 1 0.05 861.26 861.26 861.26 861.35
-29.264900 -50.314899 DCRS-00084 2026-07-29_08:55 12.9 -999.9 -999.9 93.0 -999.9 -999.9 11.8 -999.9 -999.9 -999.9 -999.9 -999.9 19.0 -999.9 25.2 76.0 0.2 37.4 97.6 120.8 123.4 124.8 14.5 11.1 97.8 85.2 55.4 DCRS_-_São_Francisco_de_Paula/Cambará_do_Sul_(865_m) -999.9 -999.9 -999.9 -999.9 -999.9 13.1 10.7 76.0 Rio_Grande_do_Sul DCRS -999.9 0.0 37.4 861.26 861.26 860.77 1 0.05 861.26 861.26 861.26 861.35
-29.264900 -50.314899 DCRS-00084 2026-07-29_08:56 12.9 -999.9 -999.9 92.9 -999.9 -999.9 11.8 -999.9 -999.9 -999.9 -999.9 -999.9 17.4 -999.9 25.2 76.0 0.2 37.4 97.6 120.8 123.4 124.8 14.5 11.1 97.8 85.2 55.4 DCRS_-_São_Francisco_de_Paula/Cambará_do_Sul_(865_m) -999.9 -999.9 -999.9 -999.9 -999.9 13.1 10.7 76.0 Rio_Grande_do_Sul DCRS -999.9 0.0 37.4 861.25 861.26 860.77 1 0.05 861.26 861.26 861.26 861.35
-29.264900 -50.314899 DCRS-00084 2026-07-29_08:57 12.9 -999.9 -999.9 93.0 -999.9 -999.9 11.8 -999.9 -999.9 -999.9 -999.9 -999.9 18.8 -999.9 25.2 77.0 0.2 37.4 97.6 120.8 123.4 124.8 14.5 11.1 97.8 85.2 55.4 DCRS_-_São_Francisco_de_Paula/Cambará_do_Sul_(865_m) -999.9 -999.9 -999.9 -999.9 -999.9 13.1 10.7 77.0 Rio_Grande_do_Sul DCRS -999.9 0.0 37.4 861.25 861.26 860.77 1 0.03 861.26 861.26 861.26 861.35
-29.264900 -50.314899 DCRS-00084 2026-07-29_08:58 12.9 -999.9 -999.9 93.0 -999.9 -999.9 11.8 -999.9 -999.9 -999.9 -999.9 -999.9 8.8 -999.9 25.2 77.0 0.2 37.4 97.6 120.8 123.4 124.8 14.5 11.1 97.8 85.2 55.4 DCRS_-_São_Francisco_de_Paula/Cambará_do_Sul_(865_m) -999.9 -999.9 -999.9 -999.9 -999.9 13.1 10.7 77.0 Rio_Grande_do_Sul DCRS -999.9 0.0 37.4 861.26 861.26 860.77 1 0.06 861.26 861.26 861.26 861.35
-29.264900 -50.314899 DCRS-00084 2026-07-29_08:59 12.9 -999.9 -999.9 93.2 -999.9 -999.9 11.8 -999.9 -999.9 -999.9 -999.9 -999.9 15.6 -999.9 25.2 76.0 0.2 37.4 97.6 120.8 123.4 124.8 14.5 11.1 97.8 85.2 55.4 DCRS_-_São_Francisco_de_Paula/Cambará_do_Sul_(865_m) -999.9 -999.9 -999.9 -999.9 -999.9 13.1 10.7 77.0 Rio_Grande_do_Sul DCRS -999.9 0.0 37.4 861.26 861.26 860.77 1 0.06 861.26 861.26 861.26 861.35
-29.264900 -50.314899 DCRS-00084 2026-07-29_09:00 12.9 -999.9 -999.9 93.2 -999.9 -999.9 11.8 -999.9 -999.9 -999.9 -999.9 -999.9 10.7 -999.9 27.3 76.0 0.2 37.4 97.6 120.8 123.4 124.8 14.5 11.1 97.8 85.2 55.4 DCRS_-_São_Francisco_de_Paula/Cambará_do_Sul_(865_m) -999.9 -999.9 -999.9 -999.9 -999.9 13.1 10.7 77.0 Rio_Grande_do_Sul DCRS -999.9 0.0 37.4 861.26 861.26 860.77 1 0.06 861.26 861.26 861.26 861.35
-29.264900 -50.314899 DCRS-00084 2026-07-29_09:01 12.9 -999.9 -999.9 93.2 -999.9 -999.9 11.8 -999.9 -999.9 -999.9 -999.9 -999.9 18.2 -999.9 27.3 74.0 0.2 37.4 97.6 120.8 123.4 124.8 14.5 11.1 97.8 85.2 55.4 DCRS_-_São_Francisco_de_Paula/Cambará_do_Sul_(865_m) -999.9 -999.9 -999.9 -999.9 -999.9 13.1 10.7 77.0 Rio_Grande_do_Sul DCRS -999.9 0.0 37.4 861.27 861.27 860.77 1 0.05 861.27 861.27 861.27 861.35
-29.264900 -50.314899 DCRS-00084 2026-07-29_09:02 12.8 -999.9 -999.9 93.3 -999.9 -999.9 11.7 -999.9 -999.9 -999.9 -999.9 -999.9 12.3 -999.9 27.3 73.0 0.2 37.4 97.6 120.8 123.4 124.8 14.5 11.1 97.8 85.2 55.4 DCRS_-_São_Francisco_de_Paula/Cambará_do_Sul_(865_m) -999.9 -999.9 -999.9 -999.9 -999.9 13.1 10.7 77.0 Rio_Grande_do_Sul DCRS -999.9 0.0 37.4 861.26 861.27 860.77 1 0.04 861.27 861.27 861.27 861.35
-29.264900 -50.314899 DCRS-00084 2026-07-29_09:03 12.9 -999.9 -999.9 93.3 -999.9 -999.9 11.8 -999.9 -999.9 -999.9 -999.9 -999.9 9.8 -999.9 27.3 72.0 0.2 37.4 97.6 120.8 123.4 124.8 14.5 11.1 97.8 85.2 55.4 DCRS_-_São_Francisco_de_Paula/Cambará_do_Sul_(865_m) -999.9 -999.9 -999.9 -999.9 -999.9 13.1 10.7 77.0 Rio_Grande_do_Sul DCRS -999.9 0.0 37.4 861.26 861.27 860.77 1 0.04 861.27 861.27 861.27 861.35
-29.264900 -50.314899 DCRS-00084 2026-07-29_09:04 12.9 -999.9 -999.9 93.4 -999.9 -999.9 11.8 -999.9 -999.9 -999.9 -999.9 -999.9 7.6 -999.9 27.3 70.0 0.2 37.4 97.6 120.8 123.4 124.8 14.5 11.1 97.8 85.2 55.4 DCRS_-_São_Francisco_de_Paula/Cambará_do_Sul_(865_m) -999.9 -999.9 -999.9 -999.9 -999.9 13.1 10.7 77.0 Rio_Grande_do_Sul DCRS -999.9 0.0 37.4 861.27 861.27 860.77 1 0.05 861.27 861.27 861.27 861.35
-29.264900 -50.314899 DCRS-00084 2026-07-29_09:05 12.8 -999.9 -999.9 93.3 -999.9 -999.9 11.7 -999.9 -999.9 -999.9 -999.9 -999.9 11.6 -999.9 19.1 69.0 0.2 37.4 97.6 120.8 123.4 124.8 14.5 11.1 97.8 85.2 55.4 DCRS_-_São_Francisco_de_Paula/Cambará_do_Sul_(865_m) -999.9 -999.9 -999.9 -999.9 -999.9 13.1 10.7 77.0 Rio_Grande_do_Sul DCRS -999.9 0.0 37.4 861.26 861.27 860.77 1 0.04 861.27 861.27 861.27 861.35
-29.264900 -50.314899 DCRS-00084 2026-07-29_09:06 12.8 -999.9 -999.9 93.3 -999.9 -999.9 11.7 -999.9 -999.9 -999.9 -999.9 -999.9 10.9 -999.9 19.1 68.0 0.2 37.4 97.6 120.8 123.4 124.8 14.5 11.1 97.8 85.2 55.4 DCRS_-_São_Francisco_de_Paula/Cambará_do_Sul_(865_m) -999.9 -999.9 -999.9 -999.9 -999.9 13.1 10.7 77.0 Rio_Grande_do_Sul DCRS -999.9 0.0 37.4 861.26 861.27 860.77 1 0.04 861.27 861.27 861.27 861.35
-29.264900 -50.314899 DCRS-00084 2026-07-29_09:07 12.8 -999.9 -999.9 93.3 -999.9 -999.9 11.7 -999.9 -999.9 -999.9 -999.9 -999.9 5.2 -999.9 19.1 66.0 0.2 37.4 97.6 120.8 123.4 124.8 14.5 11.1 97.8 85.2 55.4 DCRS_-_São_Francisco_de_Paula/Cambará_do_Sul_(865_m) -999.9 -999.9 -999.9 -999.9 -999.9 13.1 10.7 77.0 Rio_Grande_do_Sul DCRS -999.9 0.0 37.4 861.27 861.27 860.77 1 0.04 861.27 861.27 861.27 861.35
-29.264900 -50.314899 DCRS-00084 2026-07-29_09:08 12.8 -999.9 -999.9 93.4 -999.9 -999.9 11.8 -999.9 -999.9 -999.9 -999.9 -999.9 8.6 -999.9 19.1 64.0 0.2 37.4 97.6 120.8 123.4 124.8 14.5 11.1 97.8 85.2 55.4 DCRS_-_São_Francisco_de_Paula/Cambará_do_Sul_(865_m) -999.9 -999.9 -999.9 -999.9 -999.9 13.1 10.7 77.0 Rio_Grande_do_Sul DCRS -999.9 0.0 37.4 861.26 861.27 860.77 1 0.03 861.27 861.27 861.27 861.35
-29.264900 -50.314899 DCRS-00084 2026-07-29_09:09 12.8 -999.9 -999.9 93.5 -999.9 -999.9 11.8 -999.9 -999.9 -999.9 -999.9 -999.9 6.5 -999.9 19.1 63.0 0.2 37.4 97.6 120.8 123.4 124.8 14.5 11.1 97.8 85.2 55.4 DCRS_-_São_Francisco_de_Paula/Cambará_do_Sul_(865_m) -999.9 -999.9 -999.9 -999.9 -999.9 13.1 10.7 77.0 Rio_Grande_do_Sul DCRS -999.9 0.0 37.4 861.27 861.27 860.77 1 0.05 861.27 861.27 861.27 861.35
-29.264900 -50.314899 DCRS-00084 2026-07-29_09:10 12.8 -999.9 -999.9 93.3 -999.9 -999.9 11.7 -999.9 -999.9 -999.9 -999.9 -999.9 6.9 -999.9 18.3 63.0 0.2 37.4 97.6 120.8 123.4 124.8 14.5 11.1 97.8 85.2 55.4 DCRS_-_São_Francisco_de_Paula/Cambará_do_Sul_(865_m) -999.9 -999.9 -999.9 -999.9 -999.9 13.1 10.7 77.0 Rio_Grande_do_Sul DCRS -999.9 0.0 37.4 861.26 861.27 860.77 1 0.04 861.27 861.27 861.27 861.35
-29.264900 -50.314899 DCRS-00084 2026-07-29_09:11 12.8 -999.9 -999.9 93.2 -999.9 -999.9 11.7 -999.9 -999.9 -999.9 -999.9 -999.9 2.9 -999.9 18.3 64.0 0.2 37.4 97.6 120.8 123.4 124.8 14.5 11.1 97.8 85.2 55.4 DCRS_-_São_Francisco_de_Paula/Cambará_do_Sul_(865_m) -999.9 -999.9 -999.9 -999.9 -999.9 13.1 10.7 77.0 Rio_Grande_do_Sul DCRS -999.9 0.0 37.4 861.27 861.27 860.77 1 0.05 861.27 861.27 861.27 861.35
-29.264900 -50.314899 DCRS-00084 2026-07-29_09:12 12.9 -999.9 -999.9 93.2 -999.9 -999.9 11.8 -999.9 -999.9 -999.9 -999.9 -999.9 0.0 -999.9 18.3 64.0 0.2 37.4 97.6 120.8 123.4 124.8 14.5 11.1 97.8 85.2 55.4 DCRS_-_São_Francisco_de_Paula/Cambará_do_Sul_(865_m) -999.9 -999.9 -999.9 -999.9 -999.9 13.1 10.7 77.0 Rio_Grande_do_Sul DCRS -999.9 0.0 37.4 861.26 861.27 860.77 1 0.03 861.27 861.27 861.27 861.35
-29.264900 -50.314899 DCRS-00084 2026-07-29_09:13 12.8 -999.9 -999.9 93.0 -999.9 -999.9 11.7 -999.9 -999.9 -999.9 -999.9 -999.9 4.6 -999.9 18.3 63.0 0.2 37.4 97.6 120.8 123.4 124.8 14.5 11.1 97.8 85.2 55.4 DCRS_-_São_Francisco_de_Paula/Cambará_do_Sul_(865_m) -999.9 -999.9 -999.9 -999.9 -999.9 13.1 10.7 77.0 Rio_Grande_do_Sul DCRS -999.9 0.0 37.4 861.26 861.27 860.77 1 0.04 861.27 861.27 861.27 861.35
-29.264900 -50.314899 DCRS-00084 2026-07-29_09:14 12.9 -999.9 -999.9 92.8 -999.9 -999.9 11.8 -999.9 -999.9 -999.9 -999.9 -999.9 5.0 -999.9 18.3 63.0 0.2 37.4 97.6 120.8 123.4 124.8 14.5 11.1 97.8 85.2 55.4 DCRS_-_São_Francisco_de_Paula/Cambará_do_Sul_(865_m) -999.9 -999.9 -999.9 -999.9 -999.9 13.1 10.7 77.0 Rio_Grande_do_Sul DCRS -999.9 0.0 37.4 861.25 861.27 860.77 1 0.02 861.27 861.27 861.27 861.35
-29.264900 -50.314899 DCRS-00084 2026-07-29_09:15 12.9 -999.9 -999.9 92.7 -999.9 -999.9 11.7 -999.9 -999.9 -999.9 -999.9 -999.9 0.0 -999.9 11.7 63.0 0.2 37.4 97.6 120.8 123.4 124.8 14.5 11.1 97.8 85.2 55.4 DCRS_-_São_Francisco_de_Paula/Cambará_do_Sul_(865_m) -999.9 -999.9 -999.9 -999.9 -999.9 13.1 10.7 77.0 Rio_Grande_do_Sul DCRS -999.9 0.0 37.4 861.27 861.27 860.77 1 0.04 861.27 861.27 861.27 861.35
-29.264900 -50.314899 DCRS-00084 2026-07-29_09:16 12.9 -999.9 -999.9 92.7 -999.9 -999.9 11.7 -999.9 -999.9 -999.9 -999.9 -999.9 10.2 -999.9 11.7 64.0 0.2 37.4 97.6 120.8 123.4 124.8 14.5 11.1 97.8 85.2 55.4 DCRS_-_São_Francisco_de_Paula/Cambará_do_Sul_(865_m) -999.9 -999.9 -999.9 -999.9 -999.9 13.1 10.7 77.0 Rio_Grande_do_Sul DCRS -999.9 0.0 37.4 861.27 861.27 860.77 1 0.04 861.27 861.27 861.27 861.35
-29.264900 -50.314899 DCRS-00084 2026-07-29_09:17 12.9 -999.9 -999.9 92.6 -999.9 -999.9 11.7 -999.9 -999.9 -999.9 -999.9 -999.9 0.0 -999.9 11.7 65.0 0.2 37.4 97.6 120.8 123.4 124.8 14.5 11.1 97.8 85.2 55.4 DCRS_-_São_Francisco_de_Paula/Cambará_do_Sul_(865_m) -999.9 -999.9 -999.9 -999.9 -999.9 13.1 10.7 77.0 Rio_Grande_do_Sul DCRS -999.9 0.0 37.4 861.26 861.27 860.77 1 0.03 861.27 861.27 861.27 861.35
-29.264900 -50.314899 DCRS-00084 2026-07-29_09:19 12.8 -999.9 -999.9 93.0 -999.9 -999.9 11.7 -999.9 -999.9 -999.9 -999.9 -999.9 -999.9 -999.9 11.7 66.0 0.0 37.4 97.6 120.8 123.4 124.8 14.5 11.1 97.8 85.2 55.4 DCRS_-_São_Francisco_de_Paula/Cambará_do_Sul_(865_m) -999.9 -999.9 -999.9 -999.9 -999.9 13.1 10.7 77.0 Rio_Grande_do_Sul DCRS -999.9 0.0 37.4 861.28 861.28 860.77 1 0.06 861.28 861.28 861.28 861.35
-29.264900 -50.314899 DCRS-00084 2026-07-29_09:20 12.8 -999.9 -999.9 93.0 -999.9 -999.9 11.7 -999.9 -999.9 -999.9 -999.9 -999.9 -999.9 -999.9 19.9 66.0 0.0 37.4 97.6 120.8 123.4 124.8 14.5 11.1 97.8 85.2 55.4 DCRS_-_São_Francisco_de_Paula/Cambará_do_Sul_(865_m) -999.9 -999.9 -999.9 -999.9 -999.9 13.1 10.7 77.0 Rio_Grande_do_Sul DCRS -999.9 0.0 37.4 861.27 861.28 860.77 1 0.03 861.28 861.28 861.28 861.35
-29.264900 -50.314899 DCRS-00084 2026-07-29_09:21 12.8 -999.9 -999.9 93.2 -999.9 -999.9 11.7 -999.9 -999.9 -999.9 -999.9 -999.9 4.6 -999.9 19.9 66.0 0.0 37.4 97.6 120.8 123.4 124.8 14.5 11.1 97.8 85.2 55.4 DCRS_-_São_Francisco_de_Paula/Cambará_do_Sul_(865_m) -999.9 -999.9 -999.9 -999.9 -999.9 13.1 10.7 77.0 Rio_Grande_do_Sul DCRS -999.9 0.0 37.4 861.28 861.28 860.77 1 0.04 861.28 861.28 861.28 861.35
-29.264900 -50.314899 DCRS-00084 2026-07-29_09:22 12.8 -999.9 -999.9 93.3 -999.9 -999.9 11.7 -999.9 -999.9 -999.9 -999.9 -999.9 10.0 -999.9 19.9 66.0 0.0 37.4 97.6 120.8 123.4 124.8 14.5 11.1 97.8 85.2 55.4 DCRS_-_São_Francisco_de_Paula/Cambará_do_Sul_(865_m) -999.9 -999.9 -999.9 -999.9 -999.9 13.1 10.7 77.0 Rio_Grande_do_Sul DCRS -999.9 0.0 37.4 861.28 861.28 860.77 1 0.06 861.28 861.28 861.28 861.35
-29.264900 -50.314899 DCRS-00084 2026-07-29_09:23 12.8 -999.9 -999.9 93.6 -999.9 -999.9 11.8 -999.9 -999.9 -999.9 -999.9 -999.9 10.1 -999.9 19.9 66.0 0.0 37.4 97.6 120.8 123.4 124.8 14.5 11.1 97.8 85.2 55.4 DCRS_-_São_Francisco_de_Paula/Cambará_do_Sul_(865_m) -999.9 -999.9 -999.9 -999.9 -999.9 13.1 10.7 77.0 Rio_Grande_do_Sul DCRS -999.9 0.0 37.4 861.27 861.28 860.77 1 0.04 861.28 861.28 861.28 861.35
-29.264900 -50.314899 DCRS-00084 2026-07-29_09:24 12.8 -999.9 -999.9 93.6 -999.9 -999.9 11.8 -999.9 -999.9 -999.9 -999.9 -999.9 12.6 -999.9 19.9 66.0 0.0 37.4 97.6 120.8 123.4 124.8 14.5 11.1 97.8 85.2 55.4 DCRS_-_São_Francisco_de_Paula/Cambará_do_Sul_(865_m) -999.9 -999.9 -999.9 -999.9 -999.9 13.1 10.7 77.0 Rio_Grande_do_Sul DCRS -999.9 0.0 37.4 861.28 861.28 860.77 1 0.06 861.28 861.28 861.28 861.35
-29.264900 -50.314899 DCRS-00084 2026-07-29_09:25 12.8 -999.9 -999.9 93.6 -999.9 -999.9 11.8 -999.9 -999.9 -999.9 -999.9 -999.9 4.6 -999.9 23.3 66.0 0.0 37.4 97.6 120.8 123.4 124.8 14.5 11.1 97.8 85.2 55.4 DCRS_-_São_Francisco_de_Paula/Cambará_do_Sul_(865_m) -999.9 -999.9 -999.9 -999.9 -999.9 13.1 10.7 77.0 Rio_Grande_do_Sul DCRS -999.9 0.0 37.4 861.28 861.28 860.77 1 0.05 861.28 861.28 861.28 861.35
-29.264900 -50.314899 DCRS-00084 2026-07-29_09:27 12.8 -999.9 -999.9 93.7 -999.9 -999.9 11.8 -999.9 -999.9 -999.9 -999.9 -999.9 9.0 -999.9 23.3 68.0 0.0 37.4 97.6 120.8 123.4 124.8 14.5 11.1 97.8 85.2 55.4 DCRS_-_São_Francisco_de_Paula/Cambará_do_Sul_(865_m) -999.9 -999.9 -999.9 -999.9 -999.9 13.1 10.7 77.0 Rio_Grande_do_Sul DCRS -999.9 0.0 37.4 861.28 861.28 860.77 1 0.06 861.28 861.28 861.28 861.35
-29.264900 -50.314899 DCRS-00084 2026-07-29_09:28 12.8 -999.9 -999.9 93.9 -999.9 -999.9 11.8 -999.9 -999.9 -999.9 -999.9 -999.9 7.0 -999.9 23.3 69.0 0.0 37.4 97.6 120.8 123.4 124.8 14.5 11.1 97.8 85.2 55.4 DCRS_-_São_Francisco_de_Paula/Cambará_do_Sul_(865_m) -999.9 -999.9 -999.9 -999.9 -999.9 13.1 10.7 77.0 Rio_Grande_do_Sul DCRS -999.9 0.0 37.4 861.27 861.28 860.77 1 0.03 861.28 861.28 861.28 861.35
-29.264900 -50.314899 DCRS-00084 2026-07-29_09:29 12.8 -999.9 -999.9 93.9 -999.9 -999.9 11.8 -999.9 -999.9 -999.9 -999.9 -999.9 8.1 -999.9 23.3 70.0 0.0 37.4 97.6 120.8 123.4 124.8 14.5 11.1 97.8 85.2 55.4 DCRS_-_São_Francisco_de_Paula/Cambará_do_Sul_(865_m) -999.9 -999.9 -999.9 -999.9 -999.9 13.1 10.7 77.0 Rio_Grande_do_Sul DCRS -999.9 0.0 37.4 861.28 861.28 860.77 1 0.04 861.28 861.28 861.28 861.35
-29.264900 -50.314899 DCRS-00084 2026-07-29_09:30 12.8 -999.9 -999.9 94.0 -999.9 -999.9 11.8 -999.9 -999.9 -999.9 -999.9 -999.9 4.4 -999.9 12.8 72.0 0.0 37.4 97.6 120.8 123.4 124.8 14.5 11.1 97.8 85.2 55.4 DCRS_-_São_Francisco_de_Paula/Cambará_do_Sul_(865_m) -999.9 -999.9 -999.9 -999.9 -999.9 13.1 10.7 77.0 Rio_Grande_do_Sul DCRS -999.9 0.0 37.4 861.28 861.28 860.77 1 0.05 861.28 861.28 861.28 861.35
-29.264900 -50.314899 DCRS-00084 2026-07-29_09:31 12.7 -999.9 -999.9 93.9 -999.9 -999.9 11.7 -999.9 -999.9 -999.9 -999.9 -999.9 2.7 -999.9 12.8 73.0 0.0 37.4 97.6 120.8 123.4 124.8 14.5 11.1 97.8 85.2 55.4 DCRS_-_São_Francisco_de_Paula/Cambará_do_Sul_(865_m) -999.9 -999.9 -999.9 -999.9 -999.9 13.1 10.7 77.0 Rio_Grande_do_Sul DCRS -999.9 0.0 37.4 861.28 861.28 860.77 1 0.04 861.28 861.28 861.28 861.35
-29.264900 -50.314899 DCRS-00084 2026-07-29_09:32 12.7 -999.9 -999.9 94.0 -999.9 -999.9 11.7 -999.9 -999.9 -999.9 -999.9 -999.9 2.5 -999.9 12.8 74.0 0.0 37.4 97.6 120.8 123.4 124.8 14.5 11.1 97.8 85.2 55.4 DCRS_-_São_Francisco_de_Paula/Cambará_do_Sul_(865_m) -999.9 -999.9 -999.9 -999.9 -999.9 13.1 10.7 77.0 Rio_Grande_do_Sul DCRS -999.9 0.0 37.4 861.28 861.28 860.77 1 0.03 861.28 861.28 861.28 861.35
-29.264900 -50.314899 DCRS-00084 2026-07-29_09:33 12.8 -999.9 -999.9 94.0 -999.9 -999.9 11.8 -999.9 -999.9 -999.9 -999.9 -999.9 6.0 -999.9 12.8 75.0 0.0 37.4 97.6 120.8 123.4 124.8 14.5 11.1 97.8 85.2 55.4 DCRS_-_São_Francisco_de_Paula/Cambará_do_Sul_(865_m) -999.9 -999.9 -999.9 -999.9 -999.9 13.1 10.7 77.0 Rio_Grande_do_Sul DCRS -999.9 0.0 37.4 861.29 861.29 860.77 1 0.05 861.29 861.29 861.29 861.35
-29.264900 -50.314899 DCRS-00084 2026-07-29_09:34 12.7 -999.9 -999.9 93.9 -999.9 -999.9 11.7 -999.9 -999.9 -999.9 -999.9 -999.9 2.2 -999.9 12.8 76.0 0.0 37.4 97.6 120.8 123.4 124.8 14.5 11.1 97.8 85.2 55.4 DCRS_-_São_Francisco_de_Paula/Cambará_do_Sul_(865_m) -999.9 -999.9 -999.9 -999.9 -999.9 13.1 10.7 77.0 Rio_Grande_do_Sul DCRS -999.9 0.0 37.4 861.28 861.29 860.77 1 0.05 861.29 861.29 861.29 861.35
-29.264900 -50.314899 DCRS-00084 2026-07-29_09:35 12.8 -999.9 -999.9 94.0 -999.9 -999.9 11.8 -999.9 -999.9 -999.9 -999.9 -999.9 0.0 -999.9 8.6 77.0 0.0 37.4 97.6 120.8 123.4 124.8 14.5 11.1 97.8 85.2 55.4 DCRS_-_São_Francisco_de_Paula/Cambará_do_Sul_(865_m) -999.9 -999.9 -999.9 -999.9 -999.9 13.1 10.7 77.0 Rio_Grande_do_Sul DCRS -999.9 0.0 37.4 861.28 861.29 860.77 1 0.05 861.29 861.29 861.29 861.35
-29.264900 -50.314899 DCRS-00084 2026-07-29_09:36 12.7 -999.9 -999.9 94.0 -999.9 -999.9 11.7 -999.9 -999.9 -999.9 -999.9 -999.9 -999.9 -999.9 8.6 78.0 0.0 37.4 97.6 120.8 123.4 124.8 14.5 11.1 97.8 85.2 55.4 DCRS_-_São_Francisco_de_Paula/Cambará_do_Sul_(865_m) -999.9 -999.9 -999.9 -999.9 -999.9 13.1 10.7 78.0 Rio_Grande_do_Sul DCRS -999.9 0.0 37.4 861.28 861.29 860.77 1 0.05 861.29 861.29 861.29 861.35
-29.264900 -50.314899 DCRS-00084 2026-07-29_09:37 12.8 -999.9 -999.9 94.0 -999.9 -999.9 11.8 -999.9 -999.9 -999.9 -999.9 -999.9 7.6 -999.9 8.6 80.0 0.0 37.4 97.6 120.8 123.4 124.8 14.5 11.1 97.8 85.2 55.4 DCRS_-_São_Francisco_de_Paula/Cambará_do_Sul_(865_m) -999.9 -999.9 -999.9 -999.9 -999.9 13.1 10.7 80.0 Rio_Grande_do_Sul DCRS -999.9 0.0 37.4 861.28 861.29 860.77 1 0.05 861.29 861.29 861.29 861.35
-29.264900 -50.314899 DCRS-00084 2026-07-29_09:38 12.8 -999.9 -999.9 94.1 -999.9 -999.9 11.9 -999.9 -999.9 -999.9 -999.9 -999.9 -999.9 -999.9 8.6 80.0 0.0 37.4 97.6 120.8 123.4 124.8 14.5 11.1 97.8 85.2 55.4 DCRS_-_São_Francisco_de_Paula/Cambará_do_Sul_(865_m) -999.9 -999.9 -999.9 -999.9 -999.9 13.1 10.7 80.0 Rio_Grande_do_Sul DCRS -999.9 0.0 37.4 861.29 861.29 860.77 1 0.04 861.29 861.29 861.29 861.35
-29.264900 -50.314899 DCRS-00084 2026-07-29_09:39 12.8 -999.9 -999.9 94.2 -999.9 -999.9 11.9 -999.9 -999.9 -999.9 -999.9 -999.9 4.9 -999.9 8.6 83.0 0.0 37.4 97.6 120.8 123.4 124.8 14.5 11.1 97.8 85.2 55.4 DCRS_-_São_Francisco_de_Paula/Cambará_do_Sul_(865_m) -999.9 -999.9 -999.9 -999.9 -999.9 13.1 10.7 83.0 Rio_Grande_do_Sul DCRS -999.9 0.0 37.4 861.29 861.29 860.77 1 0.05 861.29 861.29 861.29 861.35
-29.264900 -50.314899 DCRS-00084 2026-07-29_09:40 12.8 -999.9 -999.9 94.2 -999.9 -999.9 11.9 -999.9 -999.9 -999.9 -999.9 -999.9 14.9 -999.9 17.7 83.0 0.0 37.4 97.6 120.8 123.4 124.8 14.5 11.1 97.8 85.2 55.4 DCRS_-_São_Francisco_de_Paula/Cambará_do_Sul_(865_m) -999.9 -999.9 -999.9 -999.9 -999.9 13.1 10.7 83.0 Rio_Grande_do_Sul DCRS -999.9 0.0 37.4 861.29 861.29 860.77 1 0.04 861.29 861.29 861.29 861.35
-29.264900 -50.314899 DCRS-00084 2026-07-29_09:41 12.8 -999.9 -999.9 94.2 -999.9 -999.9 11.9 -999.9 -999.9 -999.9 -999.9 -999.9 3.4 -999.9 17.7 85.0 0.0 37.4 97.6 120.8 123.4 124.8 14.5 11.1 97.8 85.2 55.4 DCRS_-_São_Francisco_de_Paula/Cambará_do_Sul_(865_m) -999.9 -999.9 -999.9 -999.9 -999.9 13.1 10.7 85.0 Rio_Grande_do_Sul DCRS -999.9 0.0 37.4 861.29 861.29 860.77 1 0.04 861.29 861.29 861.29 861.35
-29.264900 -50.314899 DCRS-00084 2026-07-29_09:42 12.8 -999.9 -999.9 94.4 -999.9 -999.9 11.9 -999.9 -999.9 -999.9 -999.9 -999.9 9.8 -999.9 17.7 86.0 0.0 37.4 97.6 120.8 123.4 124.8 14.5 11.1 97.8 85.2 55.4 DCRS_-_São_Francisco_de_Paula/Cambará_do_Sul_(865_m) -999.9 -999.9 -999.9 -999.9 -999.9 13.1 10.7 86.0 Rio_Grande_do_Sul DCRS -999.9 0.0 37.4 861.29 861.29 860.77 1 0.05 861.29 861.29 861.29 861.35
-29.264900 -50.314899 DCRS-00084 2026-07-29_09:43 12.8 -999.9 -999.9 94.4 -999.9 -999.9 11.9 -999.9 -999.9 -999.9 -999.9 -999.9 14.8 -999.9 17.7 88.0 0.0 37.4 97.6 120.8 123.4 124.8 14.5 11.1 97.8 85.2 55.4 DCRS_-_São_Francisco_de_Paula/Cambará_do_Sul_(865_m) -999.9 -999.9 -999.9 -999.9 -999.9 13.1 10.7 88.0 Rio_Grande_do_Sul DCRS -999.9 0.0 37.4 861.29 861.29 860.77 1 0.05 861.29 861.29 861.29 861.35
-29.264900 -50.314899 DCRS-00084 2026-07-29_09:44 12.8 -999.9 -999.9 94.5 -999.9 -999.9 11.9 -999.9 -999.9 -999.9 -999.9 -999.9 9.3 -999.9 17.7 91.0 0.0 37.4 97.6 120.8 123.4 124.8 14.5 11.1 97.8 85.2 55.4 DCRS_-_São_Francisco_de_Paula/Cambará_do_Sul_(865_m) -999.9 -999.9 -999.9 -999.9 -999.9 13.1 10.7 91.0 Rio_Grande_do_Sul DCRS -999.9 0.0 37.4 861.28 861.29 860.77 1 0.03 861.29 861.29 861.29 861.35
-29.264900 -50.314899 DCRS-00084 2026-07-29_09:45 12.8 -999.9 -999.9 94.6 -999.9 -999.9 11.9 -999.9 -999.9 -999.9 -999.9 -999.9 12.0 -999.9 17.6 93.0 0.0 37.4 97.6 120.8 123.4 124.8 14.5 11.1 97.8 85.2 55.4 DCRS_-_São_Francisco_de_Paula/Cambará_do_Sul_(865_m) -999.9 -999.9 -999.9 -999.9 -999.9 13.1 10.7 93.0 Rio_Grande_do_Sul DCRS -999.9 0.0 37.4 861.29 861.29 860.77 1 0.05 861.29 861.29 861.29 861.35
-29.264900 -50.314899 DCRS-00084 2026-07-29_09:46 12.8 -999.9 -999.9 94.7 -999.9 -999.9 12.0 -999.9 -999.9 -999.9 -999.9 -999.9 17.1 -999.9 17.6 94.0 0.0 37.4 97.6 120.8 123.4 124.8 14.5 11.1 97.8 85.2 55.4 DCRS_-_São_Francisco_de_Paula/Cambará_do_Sul_(865_m) -999.9 -999.9 -999.9 -999.9 -999.9 13.1 10.7 94.0 Rio_Grande_do_Sul DCRS -999.9 0.0 37.4 861.3 861.3 860.77 1 0.06 861.3 861.3 861.3 861.35
-29.264900 -50.314899 DCRS-00084 2026-07-29_09:47 12.8 -999.9 -999.9 94.6 -999.9 -999.9 11.9 -999.9 -999.9 -999.9 -999.9 -999.9 16.7 -999.9 17.6 95.0 0.0 37.4 97.6 120.8 123.4 124.8 14.5 11.1 97.8 85.2 55.4 DCRS_-_São_Francisco_de_Paula/Cambará_do_Sul_(865_m) -999.9 -999.9 -999.9 -999.9 -999.9 13.1 10.7 95.0 Rio_Grande_do_Sul DCRS -999.9 0.0 37.4 861.3 861.3 860.77 1 0.05 861.3 861.3 861.3 861.35
-29.264900 -50.314899 DCRS-00084 2026-07-29_09:48 12.8 -999.9 -999.9 94.5 -999.9 -999.9 11.9 -999.9 -999.9 -999.9 -999.9 -999.9 15.7 -999.9 17.6 96.0 0.0 37.4 97.6 120.8 123.4 124.8 14.5 11.1 97.8 85.2 55.4 DCRS_-_São_Francisco_de_Paula/Cambará_do_Sul_(865_m) -999.9 -999.9 -999.9 -999.9 -999.9 13.1 10.7 96.0 Rio_Grande_do_Sul DCRS -999.9 0.0 37.4 861.27 861.3 860.77 1 0.03 861.3 861.3 861.3 861.35
-29.264900 -50.314899 DCRS-00084 2026-07-29_09:49 12.9 -999.9 -999.9 94.6 -999.9 -999.9 12.0 -999.9 -999.9 -999.9 -999.9 -999.9 -999.9 -999.9 17.6 95.0 0.0 37.4 97.6 120.8 123.4 124.8 14.5 11.1 97.8 85.2 55.4 DCRS_-_São_Francisco_de_Paula/Cambará_do_Sul_(865_m) -999.9 -999.9 -999.9 -999.9 -999.9 13.1 10.7 96.0 Rio_Grande_do_Sul DCRS -999.9 0.0 37.4 861.29 861.3 860.77 1 0.04 861.3 861.3 861.3 861.35
-29.264900 -50.314899 DCRS-00084 2026-07-29_09:50 12.9 -999.9 -999.9 94.4 -999.9 -999.9 12.0 -999.9 -999.9 -999.9 -999.9 -999.9 15.6 -999.9 23.7 96.0 0.0 37.4 97.6 120.8 123.4 124.8 14.5 11.1 97.8 85.2 55.4 DCRS_-_São_Francisco_de_Paula/Cambará_do_Sul_(865_m) -999.9 -999.9 -999.9 -999.9 -999.9 13.1 10.7 96.0 Rio_Grande_do_Sul DCRS -999.9 0.0 37.4 861.29 861.3 860.77 1 0.06 861.3 861.3 861.3 861.35
-29.264900 -50.314899 DCRS-00084 2026-07-29_09:51 12.9 -999.9 -999.9 94.3 -999.9 -999.9 12.0 -999.9 -999.9 -999.9 -999.9 -999.9 19.0 -999.9 23.7 97.0 0.0 37.4 97.6 120.8 123.4 124.8 14.5 11.1 97.8 85.2 55.4 DCRS_-_São_Francisco_de_Paula/Cambará_do_Sul_(865_m) -999.9 -999.9 -999.9 -999.9 -999.9 13.1 10.7 97.0 Rio_Grande_do_Sul DCRS -999.9 0.0 37.4 861.27 861.3 860.77 1 0.01 861.3 861.3 861.3 861.35
-29.264900 -50.314899 DCRS-00084 2026-07-29_09:52 12.9 -999.9 -999.9 94.0 -999.9 -999.9 11.9 -999.9 -999.9 -999.9 -999.9 -999.9 5.9 -999.9 23.7 98.0 0.0 37.4 97.6 120.8 123.4 124.8 14.5 11.1 97.8 85.2 55.4 DCRS_-_São_Francisco_de_Paula/Cambará_do_Sul_(865_m) -999.9 -999.9 -999.9 -999.9 -999.9 13.1 10.7 98.0 Rio_Grande_do_Sul DCRS -999.9 0.0 37.4 861.29 861.3 860.77 1 0.04 861.3 861.3 861.3 861.35
-29.264900 -50.314899 DCRS-00084 2026-07-29_09:53 12.9 -999.9 -999.9 94.0 -999.9 -999.9 11.9 -999.9 -999.9 -999.9 -999.9 -999.9 13.6 -999.9 23.7 101.0 0.0 37.4 97.6 120.8 123.4 124.8 14.5 11.1 97.8 85.2 55.4 DCRS_-_São_Francisco_de_Paula/Cambará_do_Sul_(865_m) -999.9 -999.9 -999.9 -999.9 -999.9 13.1 10.7 101.0 Rio_Grande_do_Sul DCRS -999.9 0.0 37.4 861.3 861.3 860.77 1 0.05 861.3 861.3 861.3 861.35
-29.264900 -50.314899 DCRS-00084 2026-07-29_09:54 13.0 -999.9 -999.9 93.9 -999.9 -999.9 12.0 -999.9 -999.9 -999.9 -999.9 -999.9 20.5 -999.9 23.7 103.0 0.0 37.4 97.6 120.8 123.4 124.8 14.5 11.1 97.8 85.2 55.4 DCRS_-_São_Francisco_de_Paula/Cambará_do_Sul_(865_m) -999.9 -999.9 -999.9 -999.9 -999.9 13.1 10.7 103.0 Rio_Grande_do_Sul DCRS -999.9 0.0 37.4 861.29 861.3 860.77 1 0.03 861.3 861.3 861.3 861.35
-29.264900 -50.314899 DCRS-00084 2026-07-29_09:55 13.0 -999.9 -999.9 93.7 -999.9 -999.9 12.0 -999.9 -999.9 -999.9 -999.9 -999.9 -999.9 -999.9 22.0 105.0 0.0 37.4 97.6 120.8 123.4 124.8 14.5 11.1 97.8 85.2 55.4 DCRS_-_São_Francisco_de_Paula/Cambará_do_Sul_(865_m) -999.9 -999.9 -999.9 -999.9 -999.9 13.1 10.7 105.0 Rio_Grande_do_Sul DCRS -999.9 0.0 37.4 861.3 861.3 860.77 1 0.04 861.3 861.3 861.3 861.35
-29.264900 -50.314899 DCRS-00084 2026-07-29_09:56 13.0 -999.9 -999.9 93.5 -999.9 -999.9 12.0 -999.9 -999.9 -999.9 -999.9 -999.9 17.1 -999.9 22.0 109.0 0.0 37.4 97.6 120.8 123.4 124.8 14.5 11.1 97.8 85.2 55.4 DCRS_-_São_Francisco_de_Paula/Cambará_do_Sul_(865_m) -999.9 -999.9 -999.9 -999.9 -999.9 13.1 10.7 109.0 Rio_Grande_do_Sul DCRS -999.9 0.0 37.4 861.28 861.3 860.77 1 0.03 861.3 861.3 861.3 861.35
-29.264900 -50.314899 DCRS-00084 2026-07-29_09:57 13.0 -999.9 -999.9 93.5 -999.9 -999.9 12.0 -999.9 -999.9 -999.9 -999.9 -999.9 7.6 -999.9 22.0 113.0 0.0 37.4 97.6 120.8 123.4 124.8 14.5 11.1 97.8 85.2 55.4 DCRS_-_São_Francisco_de_Paula/Cambará_do_Sul_(865_m) -999.9 -999.9 -999.9 -999.9 -999.9 13.1 10.7 113.0 Rio_Grande_do_Sul DCRS -999.9 0.0 37.4 861.3 861.3 860.77 1 0.05 861.3 861.3 861.3 861.35
-29.264900 -50.314899 DCRS-00084 2026-07-29_10:00 13.1 -999.9 -999.9 93.6 -999.9 -999.9 12.1 -999.9 -999.9 -999.9 -999.9 -999.9 4.3 -999.9 26.2 124.0 0.0 37.4 97.6 120.8 123.4 124.8 14.5 11.1 97.8 85.2 55.4 DCRS_-_São_Francisco_de_Paula/Cambará_do_Sul_(865_m) -999.9 -999.9 -999.9 -999.9 -999.9 13.1 10.7 124.0 Rio_Grande_do_Sul DCRS -999.9 0.0 37.4 861.29 861.3 860.77 1 0.03 861.3 861.3 861.3 861.35
-29.264900 -50.314899 DCRS-00084 2026-07-29_10:01 13.1 -999.9 -999.9 93.6 -999.9 -999.9 12.1 -999.9 -999.9 -999.9 -999.9 -999.9 4.5 -999.9 26.2 128.0 0.0 37.4 97.6 120.8 123.4 124.8 14.5 11.1 97.8 85.2 55.4 DCRS_-_São_Francisco_de_Paula/Cambará_do_Sul_(865_m) -999.9 -999.9 -999.9 -999.9 -999.9 13.1 10.7 128.0 Rio_Grande_do_Sul DCRS -999.9 0.0 37.4 861.3 861.3 860.77 1 0.03 861.3 861.3 861.3 861.35
-29.264900 -50.314899 DCRS-00084 2026-07-29_10:02 13.1 -999.9 -999.9 93.6 -999.9 -999.9 12.1 -999.9 -999.9 -999.9 -999.9 -999.9 19.2 -999.9 26.2 131.0 0.0 37.4 97.6 120.8 123.4 124.8 14.5 11.1 97.8 85.2 55.4 DCRS_-_São_Francisco_de_Paula/Cambará_do_Sul_(865_m) -999.9 -999.9 -999.9 -999.9 -999.9 13.1 10.7 131.0 Rio_Grande_do_Sul DCRS -999.9 0.0 37.4 861.3 861.3 860.77 1 0.04 861.3 861.3 861.3 861.35
-29.264900 -50.314899 DCRS-00084 2026-07-29_10:03 13.1 -999.9 -999.9 93.5 -999.9 -999.9 12.1 -999.9 -999.9 -999.9 -999.9 -999.9 14.7 -999.9 26.2 133.0 0.0 37.4 97.6 120.8 123.4 124.8 14.5 11.1 97.8 85.2 55.4 DCRS_-_São_Francisco_de_Paula/Cambará_do_Sul_(865_m) -999.9 -999.9 -999.9 -999.9 -999.9 13.1 10.7 133.0 Rio_Grande_do_Sul DCRS -999.9 0.0 37.4 861.28 861.3 860.77 1 0.02 861.3 861.3 861.3 861.35
-29.264900 -50.314899 DCRS-00084 2026-07-29_10:04 13.2 -999.9 -999.9 93.4 -999.9 -999.9 12.1 -999.9 -999.9 -999.9 -999.9 -999.9 12.3 -999.9 26.2 135.0 0.0 37.4 97.6 120.8 123.4 124.8 14.5 11.1 97.8 85.2 55.4 DCRS_-_São_Francisco_de_Paula/Cambará_do_Sul_(865_m) -999.9 -999.9 -999.9 -999.9 -999.9 13.1 10.7 135.0 Rio_Grande_do_Sul DCRS -999.9 0.0 37.4 861.3 861.3 860.77 1 0.03 861.3 861.3 861.3 861.35
-29.264900 -50.314899 DCRS-00084 2026-07-29_10:05 13.2 -999.9 -999.9 93.5 -999.9 -999.9 12.2 -999.9 -999.9 -999.9 -999.9 -999.9 7.6 -999.9 21.8 139.0 0.0 37.4 97.6 120.8 123.4 124.8 14.5 11.1 97.8 85.2 55.4 DCRS_-_São_Francisco_de_Paula/Cambará_do_Sul_(865_m) -999.9 -999.9 -999.9 -999.9 -999.9 13.1 10.7 139.0 Rio_Grande_do_Sul DCRS -999.9 0.0 37.4 861.3 861.3 860.77 1 0.04 861.3 861.3 861.3 861.35
-29.264900 -50.314899 DCRS-00084 2026-07-29_10:06 13.2 -999.9 -999.9 93.4 -999.9 -999.9 12.1 -999.9 -999.9 -999.9 -999.9 -999.9 13.5 -999.9 21.8 141.0 0.0 37.4 97.6 120.8 123.4 124.8 14.5 11.1 97.8 85.2 55.4 DCRS_-_São_Francisco_de_Paula/Cambará_do_Sul_(865_m) -999.9 -999.9 -999.9 -999.9 -999.9 13.1 10.7 141.0 Rio_Grande_do_Sul DCRS -999.9 0.0 37.4 861.29 861.3 860.77 1 0.03 861.3 861.3 861.3 861.35
-29.264900 -50.314899 DCRS-00084 2026-07-29_10:07 13.2 -999.9 -999.9 93.3 -999.9 -999.9 12.1 -999.9 -999.9 -999.9 -999.9 -999.9 13.9 -999.9 21.8 142.0 0.0 37.4 97.6 120.8 123.4 124.8 14.5 11.1 97.8 85.2 55.4 DCRS_-_São_Francisco_de_Paula/Cambará_do_Sul_(865_m) -999.9 -999.9 -999.9 -999.9 -999.9 13.1 10.7 142.0 Rio_Grande_do_Sul DCRS -999.9 0.0 37.4 861.31 861.31 860.77 1 0.04 861.31 861.31 861.31 861.35
-29.264900 -50.314899 DCRS-00084 2026-07-29_10:09 13.2 -999.9 -999.9 93.3 -999.9 -999.9 12.1 -999.9 -999.9 -999.9 -999.9 -999.9 19.4 -999.9 21.8 143.0 0.0 37.4 97.6 120.8 123.4 124.8 14.5 11.1 97.8 85.2 55.4 DCRS_-_São_Francisco_de_Paula/Cambará_do_Sul_(865_m) -999.9 -999.9 -999.9 -999.9 -999.9 13.1 10.7 143.0 Rio_Grande_do_Sul DCRS -999.9 0.0 37.4 861.31 861.31 860.77 1 0.04 861.31 861.31 861.31 861.35
-29.264900 -50.314899 DCRS-00084 2026-07-29_10:10 13.3 -999.9 -999.9 93.1 -999.9 -999.9 12.2 -999.9 -999.9 -999.9 -999.9 -999.9 20.4 -999.9 22.7 142.0 0.0 37.4 97.6 120.8 123.4 124.8 14.5 11.1 97.8 85.2 55.4 DCRS_-_São_Francisco_de_Paula/Cambará_do_Sul_(865_m) -999.9 -999.9 -999.9 -999.9 -999.9 13.1 10.7 143.0 Rio_Grande_do_Sul DCRS -999.9 0.0 37.4 861.3 861.31 860.77 1 0.04 861.31 861.31 861.31 861.35
-29.264900 -50.314899 DCRS-00084 2026-07-29_10:11 13.2 -999.9 -999.9 93.2 -999.9 -999.9 12.1 -999.9 -999.9 -999.9 -999.9 -999.9 11.7 -999.9 22.7 142.0 0.0 37.4 97.6 120.8 123.4 124.8 14.5 11.1 97.8 85.2 55.4 DCRS_-_São_Francisco_de_Paula/Cambará_do_Sul_(865_m) -999.9 -999.9 -999.9 -999.9 -999.9 13.1 10.7 143.0 Rio_Grande_do_Sul DCRS -999.9 0.0 37.4 861.31 861.31 860.77 1 0.04 861.31 861.31 861.31 861.35
-29.264900 -50.314899 DCRS-00084 2026-07-29_10:12 13.2 -999.9 -999.9 93.2 -999.9 -999.9 12.1 -999.9 -999.9 -999.9 -999.9 -999.9 19.0 -999.9 22.7 143.0 0.0 37.4 97.6 120.8 123.4 124.8 14.5 11.1 97.8 85.2 55.4 DCRS_-_São_Francisco_de_Paula/Cambará_do_Sul_(865_m) -999.9 -999.9 -999.9 -999.9 -999.9 13.1 10.7 143.0 Rio_Grande_do_Sul DCRS -999.9 0.0 37.4 861.31 861.31 860.77 1 0.05 861.31 861.31 861.31 861.35
-29.264900 -50.314899 DCRS-00084 2026-07-29_10:13 13.3 -999.9 -999.9 93.0 -999.9 -999.9 12.2 -999.9 -999.9 -999.9 -999.9 -999.9 19.6 -999.9 22.7 143.0 0.0 37.4 97.6 120.8 123.4 124.8 14.5 11.1 97.8 85.2 55.4 DCRS_-_São_Francisco_de_Paula/Cambará_do_Sul_(865_m) -999.9 -999.9 -999.9 -999.9 -999.9 13.1 10.7 143.0 Rio_Grande_do_Sul DCRS -999.9 0.0 37.4 861.32 861.32 860.77 1 0.06 861.32 861.32 861.32 861.35
-29.264900 -50.314899 DCRS-00084 2026-07-29_10:14 13.3 -999.9 -999.9 92.9 -999.9 -999.9 12.2 -999.9 -999.9 -999.9 -999.9 -999.9 7.8 -999.9 22.7 145.0 0.0 37.4 97.6 120.8 123.4 124.8 14.5 11.1 97.8 85.2 55.4 DCRS_-_São_Francisco_de_Paula/Cambará_do_Sul_(865_m) -999.9 -999.9 -999.9 -999.9 -999.9 13.1 10.7 145.0 Rio_Grande_do_Sul DCRS -999.9 0.0 37.4 861.31 861.32 860.77 1 0.06 861.32 861.32 861.32 861.35
-29.264900 -50.314899 DCRS-00084 2026-07-29_10:15 13.3 -999.9 -999.9 92.6 -999.9 -999.9 12.1 -999.9 -999.9 -999.9 -999.9 -999.9 8.7 -999.9 25.6 147.0 0.0 37.4 97.6 120.8 123.4 124.8 14.5 11.1 97.8 85.2 55.4 DCRS_-_São_Francisco_de_Paula/Cambará_do_Sul_(865_m) -999.9 -999.9 -999.9 -999.9 -999.9 13.1 10.7 147.0 Rio_Grande_do_Sul DCRS -999.9 0.0 37.4 861.31 861.32 860.77 1 0.04 861.32 861.32 861.32 861.35
-29.264900 -50.314899 DCRS-00084 2026-07-29_10:16 13.3 -999.9 -999.9 92.5 -999.9 -999.9 12.1 -999.9 -999.9 -999.9 -999.9 -999.9 13.7 -999.9 25.6 147.0 0.0 37.4 97.6 120.8 123.4 124.8 14.5 11.1 97.8 85.2 55.4 DCRS_-_São_Francisco_de_Paula/Cambará_do_Sul_(865_m) -999.9 -999.9 -999.9 -999.9 -999.9 13.1 10.7 147.0 Rio_Grande_do_Sul DCRS -999.9 0.0 37.4 861.31 861.32 860.77 1 0.04 861.32 861.32 861.32 861.35
-29.264900 -50.314899 DCRS-00084 2026-07-29_10:17 13.3 -999.9 -999.9 92.4 -999.9 -999.9 12.1 -999.9 -999.9 -999.9 -999.9 -999.9 16.1 -999.9 25.6 147.0 0.0 37.4 97.6 120.8 123.4 124.8 14.5 11.1 97.8 85.2 55.4 DCRS_-_São_Francisco_de_Paula/Cambará_do_Sul_(865_m) -999.9 -999.9 -999.9 -999.9 -999.9 13.1 10.7 147.0 Rio_Grande_do_Sul DCRS -999.9 0.0 37.4 861.31 861.32 860.77 1 0.05 861.32 861.32 861.32 861.35
-29.264900 -50.314899 DCRS-00084 2026-07-29_10:18 13.4 -999.9 -999.9 92.4 -999.9 -999.9 12.2 -999.9 -999.9 -999.9 -999.9 -999.9 16.8 -999.9 25.6 147.0 0.0 37.4 97.6 120.8 123.4 124.8 14.5 11.1 97.8 85.2 55.4 DCRS_-_São_Francisco_de_Paula/Cambará_do_Sul_(865_m) -999.9 -999.9 -999.9 -999.9 -999.9 13.1 10.7 147.0 Rio_Grande_do_Sul DCRS -999.9 0.0 37.4 861.32 861.32 860.77 1 0.04 861.32 861.32 861.32 861.35
-29.264900 -50.314899 DCRS-00084 2026-07-29_10:19 13.4 -999.9 -999.9 92.3 -999.9 -999.9 12.2 -999.9 -999.9 -999.9 -999.9 -999.9 17.0 -999.9 25.6 147.0 0.0 37.4 97.6 120.8 123.4 124.8 14.5 11.1 97.8 85.2 55.4 DCRS_-_São_Francisco_de_Paula/Cambará_do_Sul_(865_m) -999.9 -999.9 -999.9 -999.9 -999.9 13.1 10.7 147.0 Rio_Grande_do_Sul DCRS -999.9 0.0 37.4 861.32 861.32 860.77 1 0.04 861.32 861.32 861.32 861.35
-29.264900 -50.314899 DCRS-00084 2026-07-29_10:20 13.4 -999.9 -999.9 92.1 -999.9 -999.9 12.1 -999.9 -999.9 -999.9 -999.9 -999.9 25.2 -999.9 29.9 148.0 0.0 37.4 97.6 120.8 123.4 124.8 14.5 11.1 97.8 85.2 55.4 DCRS_-_São_Francisco_de_Paula/Cambará_do_Sul_(865_m) -999.9 -999.9 -999.9 -999.9 -999.9 13.1 10.7 148.0 Rio_Grande_do_Sul DCRS -999.9 0.0 37.4 861.31 861.32 860.77 1 0.04 861.32 861.32 861.32 861.35
-29.264900 -50.314899 DCRS-00084 2026-07-29_10:21 13.4 -999.9 -999.9 91.8 -999.9 -999.9 12.1 -999.9 -999.9 -999.9 -999.9 -999.9 22.8 -999.9 29.9 149.0 0.0 37.4 97.6 120.8 123.4 124.8 14.5 11.1 97.8 85.2 55.4 DCRS_-_São_Francisco_de_Paula/Cambará_do_Sul_(865_m) -999.9 -999.9 -999.9 -999.9 -999.9 13.1 10.7 149.0 Rio_Grande_do_Sul DCRS -999.9 0.0 37.4 861.3 861.32 860.77 1 0.02 861.32 861.32 861.32 861.35
-29.264900 -50.314899 DCRS-00084 2026-07-29_10:22 13.4 -999.9 -999.9 91.8 -999.9 -999.9 12.1 -999.9 -999.9 -999.9 -999.9 -999.9 -999.9 -999.9 29.9 150.0 0.0 37.4 97.6 120.8 123.4 124.8 14.5 11.1 97.8 85.2 55.4 DCRS_-_São_Francisco_de_Paula/Cambará_do_Sul_(865_m) -999.9 -999.9 -999.9 -999.9 -999.9 13.1 10.7 150.0 Rio_Grande_do_Sul DCRS -999.9 0.0 37.4 861.29 861.32 860.77 1 0.02 861.32 861.32 861.32 861.35
-29.264900 -50.314899 DCRS-00084 2026-07-29_10:23 13.4 -999.9 -999.9 91.4 -999.9 -999.9 12.0 -999.9 -999.9 -999.9 -999.9 -999.9 24.8 -999.9 29.9 151.0 0.0 37.4 97.6 120.8 123.4 124.8 14.5 11.1 97.8 85.2 55.4 DCRS_-_São_Francisco_de_Paula/Cambará_do_Sul_(865_m) -999.9 -999.9 -999.9 -999.9 -999.9 13.1 10.7 151.0 Rio_Grande_do_Sul DCRS -999.9 0.0 37.4 861.3 861.32 860.77 1 0.03 861.32 861.32 861.32 861.35
-29.264900 -50.314899 DCRS-00084 2026-07-29_10:24 13.4 -999.9 -999.9 91.4 -999.9 -999.9 12.0 -999.9 -999.9 -999.9 -999.9 -999.9 26.2 -999.9 29.9 152.0 0.0 37.4 97.6 120.8 123.4 124.8 14.5 11.1 97.8 85.2 55.4 DCRS_-_São_Francisco_de_Paula/Cambará_do_Sul_(865_m) -999.9 -999.9 -999.9 -999.9 -999.9 13.1 10.7 152.0 Rio_Grande_do_Sul DCRS -999.9 0.0 37.4 861.31 861.32 860.77 1 0.03 861.32 861.32 861.32 861.35
-29.264900 -50.314899 DCRS-00084 2026-07-29_10:25 13.5 -999.9 -999.9 91.5 -999.9 -999.9 12.1 -999.9 -999.9 -999.9 -999.9 -999.9 15.1 -999.9 31.6 153.0 0.0 37.4 97.6 120.8 123.4 124.8 14.5 11.1 97.8 85.2 55.4 DCRS_-_São_Francisco_de_Paula/Cambará_do_Sul_(865_m) -999.9 -999.9 -999.9 -999.9 -999.9 13.1 10.7 153.0 Rio_Grande_do_Sul DCRS -999.9 0.0 37.4 861.32 861.32 860.77 1 0.04 861.32 861.32 861.32 861.35
-29.264900 -50.314899 DCRS-00084 2026-07-29_10:26 13.4 -999.9 -999.9 91.8 -999.9 -999.9 12.1 -999.9 -999.9 -999.9 -999.9 -999.9 17.9 -999.9 31.6 155.0 0.0 37.4 97.6 120.8 123.4 124.8 14.5 11.1 97.8 85.2 55.4 DCRS_-_São_Francisco_de_Paula/Cambará_do_Sul_(865_m) -999.9 -999.9 -999.9 -999.9 -999.9 13.1 10.7 155.0 Rio_Grande_do_Sul DCRS -999.9 0.0 37.4 861.32 861.32 860.77 1 0.04 861.32 861.32 861.32 861.35
-29.264900 -50.314899 DCRS-00084 2026-07-29_10:27 13.5 -999.9 -999.9 91.8 -999.9 -999.9 12.2 -999.9 -999.9 -999.9 -999.9 -999.9 21.5 -999.9 31.6 158.0 0.0 37.4 97.6 120.8 123.4 124.8 14.5 11.1 97.8 85.2 55.4 DCRS_-_São_Francisco_de_Paula/Cambará_do_Sul_(865_m) -999.9 -999.9 -999.9 -999.9 -999.9 13.1 10.7 158.0 Rio_Grande_do_Sul DCRS -999.9 0.0 37.4 861.32 861.32 860.77 1 0.04 861.32 861.32 861.32 861.35
-29.264900 -50.314899 DCRS-00084 2026-07-29_10:28 13.5 -999.9 -999.9 92.0 -999.9 -999.9 12.2 -999.9 -999.9 -999.9 -999.9 -999.9 17.2 -999.9 31.6 160.0 0.0 37.4 97.6 120.8 123.4 124.8 14.5 11.1 97.8 85.2 55.4 DCRS_-_São_Francisco_de_Paula/Cambará_do_Sul_(865_m) -999.9 -999.9 -999.9 -999.9 -999.9 13.1 10.7 160.0 Rio_Grande_do_Sul DCRS -999.9 0.0 37.4 861.31 861.32 860.77 1 0.04 861.32 861.32 861.32 861.35
-29.264900 -50.314899 DCRS-00084 2026-07-29_10:29 13.6 -999.9 -999.9 92.0 -999.9 -999.9 12.3 -999.9 -999.9 -999.9 -999.9 -999.9 17.0 -999.9 31.6 161.0 0.0 37.4 97.6 120.8 123.4 124.8 14.5 11.1 97.8 85.2 55.4 DCRS_-_São_Francisco_de_Paula/Cambará_do_Sul_(865_m) -999.9 -999.9 -999.9 -999.9 -999.9 13.1 10.7 161.0 Rio_Grande_do_Sul DCRS -999.9 0.0 37.4 861.3 861.32 860.77 1 0.02 861.32 861.32 861.32 861.35
-29.264900 -50.314899 DCRS-00084 2026-07-29_10:30 13.5 -999.9 -999.9 91.9 -999.9 -999.9 12.2 -999.9 -999.9 -999.9 -999.9 -999.9 22.1 -999.9 26.0 161.0 0.0 37.4 97.6 120.8 123.4 124.8 14.5 11.1 97.8 85.2 55.4 DCRS_-_São_Francisco_de_Paula/Cambará_do_Sul_(865_m) -999.9 -999.9 -999.9 -999.9 -999.9 13.1 10.7 161.0 Rio_Grande_do_Sul DCRS -999.9 0.0 37.4 861.32 861.32 860.77 1 0.04 861.32 861.32 861.32 861.35
-29.264900 -50.314899 DCRS-00084 2026-07-29_10:31 13.6 -999.9 -999.9 91.8 -999.9 -999.9 12.3 -999.9 -999.9 -999.9 -999.9 -999.9 16.6 -999.9 26.0 159.0 0.0 37.4 97.6 120.8 123.4 124.8 14.5 11.1 97.8 85.2 55.4 DCRS_-_São_Francisco_de_Paula/Cambará_do_Sul_(865_m) -999.9 -999.9 -999.9 -999.9 -999.9 13.1 10.7 161.0 Rio_Grande_do_Sul DCRS -999.9 0.0 37.4 861.31 861.32 860.77 1 0.03 861.32 861.32 861.32 861.35
-29.264900 -50.314899 DCRS-00084 2026-07-29_10:32 13.5 -999.9 -999.9 92.0 -999.9 -999.9 12.2 -999.9 -999.9 -999.9 -999.9 -999.9 18.8 -999.9 26.0 158.0 0.0 37.4 97.6 120.8 123.4 124.8 14.5 11.1 97.8 85.2 55.4 DCRS_-_São_Francisco_de_Paula/Cambará_do_Sul_(865_m) -999.9 -999.9 -999.9 -999.9 -999.9 13.1 10.7 161.0 Rio_Grande_do_Sul DCRS -999.9 0.0 37.4 861.32 861.32 860.77 1 0.03 861.32 861.32 861.32 861.35
-29.264900 -50.314899 DCRS-00084 2026-07-29_10:33 13.6 -999.9 -999.9 92.0 -999.9 -999.9 12.3 -999.9 -999.9 -999.9 -999.9 -999.9 8.2 -999.9 26.0 159.0 0.0 37.4 97.6 120.8 123.4 124.8 14.5 11.1 97.8 85.2 55.4 DCRS_-_São_Francisco_de_Paula/Cambará_do_Sul_(865_m) -999.9 -999.9 -999.9 -999.9 -999.9 13.1 10.7 161.0 Rio_Grande_do_Sul DCRS -999.9 0.0 37.4 861.32 861.32 860.77 1 0.03 861.32 861.32 861.32 861.35
-29.264900 -50.314899 DCRS-00084 2026-07-29_10:34 13.6 -999.9 -999.9 91.9 -999.9 -999.9 12.3 -999.9 -999.9 -999.9 -999.9 -999.9 18.7 -999.9 26.0 161.0 0.0 37.4 97.6 120.8 123.4 124.8 14.5 11.1 97.8 85.2 55.4 DCRS_-_São_Francisco_de_Paula/Cambará_do_Sul_(865_m) -999.9 -999.9 -999.9 -999.9 -999.9 13.1 10.7 161.0 Rio_Grande_do_Sul DCRS -999.9 0.0 37.4 861.31 861.32 860.77 1 0.03 861.32 861.32 861.32 861.35
-29.264900 -50.314899 DCRS-00084 2026-07-29_10:35 13.6 -999.9 -999.9 91.5 -999.9 -999.9 12.2 -999.9 -999.9 -999.9 -999.9 -999.9 16.2 -999.9 25.7 165.0 0.0 37.4 97.6 120.8 123.4 124.8 14.5 11.1 97.8 85.2 55.4 DCRS_-_São_Francisco_de_Paula/Cambará_do_Sul_(865_m) -999.9 -999.9 -999.9 -999.9 -999.9 13.1 10.7 165.0 Rio_Grande_do_Sul DCRS -999.9 0.0 37.4 861.32 861.32 860.77 1 0.04 861.32 861.32 861.32 861.35
-29.264900 -50.314899 DCRS-00084 2026-07-29_10:36 13.6 -999.9 -999.9 91.6 -999.9 -999.9 12.2 -999.9 -999.9 -999.9 -999.9 -999.9 21.0 -999.9 25.7 167.0 0.0 37.4 97.6 120.8 123.4 124.8 14.5 11.1 97.8 85.2 55.4 DCRS_-_São_Francisco_de_Paula/Cambará_do_Sul_(865_m) -999.9 -999.9 -999.9 -999.9 -999.9 13.1 10.7 167.0 Rio_Grande_do_Sul DCRS -999.9 0.0 37.4 861.31 861.32 860.77 1 0.03 861.32 861.32 861.32 861.35
-29.264900 -50.314899 DCRS-00084 2026-07-29_10:37 13.6 -999.9 -999.9 91.8 -999.9 -999.9 12.3 -999.9 -999.9 -999.9 -999.9 -999.9 18.4 -999.9 25.7 167.0 0.0 37.4 97.6 120.8 123.4 124.8 14.5 11.1 97.8 85.2 55.4 DCRS_-_São_Francisco_de_Paula/Cambará_do_Sul_(865_m) -999.9 -999.9 -999.9 -999.9 -999.9 13.1 10.7 167.0 Rio_Grande_do_Sul DCRS -999.9 0.0 37.4 861.33 861.33 860.77 1 0.05 861.33 861.33 861.33 861.35
-29.264900 -50.314899 DCRS-00084 2026-07-29_10:38 13.6 -999.9 -999.9 91.6 -999.9 -999.9 12.2 -999.9 -999.9 -999.9 -999.9 -999.9 22.6 -999.9 25.7 168.0 0.0 37.4 97.6 120.8 123.4 124.8 14.5 11.1 97.8 85.2 55.4 DCRS_-_São_Francisco_de_Paula/Cambará_do_Sul_(865_m) -999.9 -999.9 -999.9 -999.9 -999.9 13.1 10.7 168.0 Rio_Grande_do_Sul DCRS -999.9 0.0 37.4 861.33 861.33 860.77 1 0.04 861.33 861.33 861.33 861.35
-29.264900 -50.314899 DCRS-00084 2026-07-29_10:40 13.7 -999.9 -999.9 92.2 -999.9 -999.9 12.4 -999.9 -999.9 -999.9 -999.9 -999.9 18.9 -999.9 25.5 178.0 0.0 37.4 97.6 120.8 123.4 124.8 14.5 11.1 97.8 85.2 55.4 DCRS_-_São_Francisco_de_Paula/Cambará_do_Sul_(865_m) -999.9 -999.9 -999.9 -999.9 -999.9 13.1 10.7 178.0 Rio_Grande_do_Sul DCRS -999.9 0.0 37.4 861.33 861.33 860.77 1 0.04 861.33 861.33 861.33 861.35
-29.264900 -50.314899 DCRS-00084 2026-07-29_10:41 13.6 -999.9 -999.9 92.0 -999.9 -999.9 12.3 -999.9 -999.9 -999.9 -999.9 -999.9 16.8 -999.9 25.5 188.0 0.0 37.4 97.6 120.8 123.4 124.8 14.5 11.1 97.8 85.2 55.4 DCRS_-_São_Francisco_de_Paula/Cambará_do_Sul_(865_m) -999.9 -999.9 -999.9 -999.9 -999.9 13.1 10.7 188.0 Rio_Grande_do_Sul DCRS -999.9 0.0 37.4 861.33 861.33 860.77 1 0.04 861.33 861.33 861.33 861.35
-29.264900 -50.314899 DCRS-00084 2026-07-29_10:42 13.7 -999.9 -999.9 92.3 -999.9 -999.9 12.5 -999.9 -999.9 -999.9 -999.9 -999.9 9.0 -999.9 25.5 196.0 0.0 37.4 97.6 120.8 123.4 124.8 14.5 11.1 97.8 85.2 55.4 DCRS_-_São_Francisco_de_Paula/Cambará_do_Sul_(865_m) -999.9 -999.9 -999.9 -999.9 -999.9 13.1 10.7 196.0 Rio_Grande_do_Sul DCRS -999.9 0.0 37.4 861.33 861.33 860.77 1 0.04 861.33 861.33 861.33 861.35
-29.264900 -50.314899 DCRS-00084 2026-07-29_10:43 13.8 -999.9 -999.9 92.7 -999.9 -999.9 12.6 -999.9 -999.9 -999.9 -999.9 -999.9 19.7 -999.9 25.5 196.0 0.0 37.4 97.6 120.8 123.4 124.8 14.5 11.1 97.8 85.2 55.4 DCRS_-_São_Francisco_de_Paula/Cambará_do_Sul_(865_m) -999.9 -999.9 -999.9 -999.9 -999.9 13.1 10.7 196.0 Rio_Grande_do_Sul DCRS -999.9 0.0 37.4 861.34 861.34 860.77 1 0.05 861.34 861.34 861.34 861.35
-29.264900 -50.314899 DCRS-00084 2026-07-29_10:44 13.7 -999.9 -999.9 92.3 -999.9 -999.9 12.5 -999.9 -999.9 -999.9 -999.9 -999.9 19.4 -999.9 25.5 202.0 0.0 37.4 97.6 120.8 123.4 124.8 14.5 11.1 97.8 85.2 55.4 DCRS_-_São_Francisco_de_Paula/Cambará_do_Sul_(865_m) -999.9 -999.9 -999.9 -999.9 -999.9 13.1 10.7 202.0 Rio_Grande_do_Sul DCRS -999.9 0.0 37.4 861.32 861.34 860.77 1 0.04 861.34 861.34 861.34 861.35
-29.264900 -50.314899 DCRS-00084 2026-07-29_10:45 13.7 -999.9 -999.9 91.8 -999.9 -999.9 12.4 -999.9 -999.9 -999.9 -999.9 -999.9 17.0 -999.9 21.8 212.0 0.0 37.4 97.6 120.8 123.4 124.8 14.5 11.1 97.8 85.2 55.4 DCRS_-_São_Francisco_de_Paula/Cambará_do_Sul_(865_m) -999.9 -999.9 -999.9 -999.9 -999.9 13.1 10.7 212.0 Rio_Grande_do_Sul DCRS -999.9 0.0 37.4 861.33 861.34 860.77 1 0.04 861.34 861.34 861.34 861.35
-29.264900 -50.314899 DCRS-00084 2026-07-29_10:46 13.8 -999.9 -999.9 91.9 -999.9 -999.9 12.5 -999.9 -999.9 -999.9 -999.9 -999.9 -999.9 -999.9 21.8 241.0 0.0 37.4 97.6 120.8 123.4 124.8 14.5 11.1 97.8 85.2 55.4 DCRS_-_São_Francisco_de_Paula/Cambará_do_Sul_(865_m) -999.9 -999.9 -999.9 -999.9 -999.9 13.1 10.7 241.0 Rio_Grande_do_Sul DCRS -999.9 0.0 37.4 861.32 861.34 860.77 1 0.02 861.34 861.34 861.34 861.35
-29.264900 -50.314899 DCRS-00084 2026-07-29_10:47 13.8 -999.9 -999.9 91.6 -999.9 -999.9 12.4 -999.9 -999.9 -999.9 -999.9 -999.9 19.6 -999.9 21.8 253.0 0.0 37.4 97.6 120.8 123.4 124.8 14.5 11.1 97.8 85.2 55.4 DCRS_-_São_Francisco_de_Paula/Cambará_do_Sul_(865_m) -999.9 -999.9 -999.9 -999.9 -999.9 13.1 10.7 253.0 Rio_Grande_do_Sul DCRS -999.9 0.0 37.4 861.34 861.34 860.77 1 0.04 861.34 861.34 861.34 861.35
-29.264900 -50.314899 DCRS-00084 2026-07-29_10:49 13.9 -999.9 -999.9 92.1 -999.9 -999.9 12.6 -999.9 -999.9 -999.9 -999.9 -999.9 10.4 -999.9 21.8 208.0 0.0 37.4 97.6 120.8 123.4 124.8 14.5 11.1 97.8 85.2 55.4 DCRS_-_São_Francisco_de_Paula/Cambará_do_Sul_(865_m) -999.9 -999.9 -999.9 -999.9 -999.9 13.1 10.7 253.0 Rio_Grande_do_Sul DCRS -999.9 0.0 37.4 861.33 861.34 860.77 1 0.04 861.34 861.34 861.34 861.35
-29.264900 -50.314899 DCRS-00084 2026-07-29_10:50 13.9 -999.9 -999.9 91.9 -999.9 -999.9 12.6 -999.9 -999.9 -999.9 -999.9 -999.9 19.0 -999.9 24.8 232.0 0.0 37.4 97.6 120.8 123.4 124.8 14.5 11.1 97.8 85.2 55.4 DCRS_-_São_Francisco_de_Paula/Cambará_do_Sul_(865_m) -999.9 -999.9 -999.9 -999.9 -999.9 13.1 10.7 253.0 Rio_Grande_do_Sul DCRS -999.9 0.0 37.4 861.34 861.34 860.77 1 0.05 861.34 861.34 861.34 861.35
-29.264900 -50.314899 DCRS-00084 2026-07-29_10:51 13.9 -999.9 -999.9 91.6 -999.9 -999.9 12.5 -999.9 -999.9 -999.9 -999.9 -999.9 15.7 -999.9 24.8 290.0 0.0 37.4 97.6 120.8 123.4 124.8 14.5 11.1 97.8 85.2 55.4 DCRS_-_São_Francisco_de_Paula/Cambará_do_Sul_(865_m) -999.9 -999.9 -999.9 -999.9 -999.9 13.1 10.7 290.0 Rio_Grande_do_Sul DCRS -999.9 0.0 37.4 861.33 861.34 860.77 1 0.06 861.34 861.34 861.34 861.35
-29.264900 -50.314899 DCRS-00084 2026-07-29_10:52 13.9 -999.9 -999.9 91.5 -999.9 -999.9 12.5 -999.9 -999.9 -999.9 -999.9 -999.9 17.9 -999.9 24.8 265.0 0.0 37.4 97.6 120.8 123.4 124.8 14.5 11.1 97.8 85.2 55.4 DCRS_-_São_Francisco_de_Paula/Cambará_do_Sul_(865_m) -999.9 -999.9 -999.9 -999.9 -999.9 13.1 10.7 290.0 Rio_Grande_do_Sul DCRS -999.9 0.0 37.4 861.33 861.34 860.77 1 0.04 861.34 861.34 861.34 861.35
-29.264900 -50.314899 DCRS-00084 2026-07-29_10:53 14.0 -999.9 -999.9 91.7 -999.9 -999.9 12.7 -999.9 -999.9 -999.9 -999.9 -999.9 20.9 -999.9 24.8 227.0 0.0 37.4 97.6 120.8 123.4 124.8 14.5 11.1 97.8 85.2 55.4 DCRS_-_São_Francisco_de_Paula/Cambará_do_Sul_(865_m) -999.9 -999.9 -999.9 -999.9 -999.9 13.1 10.7 290.0 Rio_Grande_do_Sul DCRS -999.9 0.0 37.4 861.34 861.34 860.77 1 0.04 861.34 861.34 861.34 861.35
-29.264900 -50.314899 DCRS-00084 2026-07-29_10:54 13.9 -999.9 -999.9 90.9 -999.9 -999.9 12.4 -999.9 -999.9 -999.9 -999.9 -999.9 22.5 -999.9 24.8 429.0 0.0 37.4 97.6 120.8 123.4 124.8 14.5 11.1 97.8 85.2 55.4 DCRS_-_São_Francisco_de_Paula/Cambará_do_Sul_(865_m) -999.9 -999.9 -999.9 -999.9 -999.9 13.1 10.7 429.0 Rio_Grande_do_Sul DCRS -999.9 0.0 37.4 861.33 861.34 860.77 1 0.04 861.34 861.34 861.34 861.35
-29.264900 -50.314899 DCRS-00084 2026-07-29_10:55 14.0 -999.9 -999.9 91.4 -999.9 -999.9 12.6 -999.9 -999.9 -999.9 -999.9 -999.9 22.4 -999.9 27.9 397.0 0.0 37.4 97.6 120.8 123.4 124.8 14.5 11.1 97.8 85.2 55.4 DCRS_-_São_Francisco_de_Paula/Cambará_do_Sul_(865_m) -999.9 -999.9 -999.9 -999.9 -999.9 13.1 10.7 429.0 Rio_Grande_do_Sul DCRS -999.9 0.0 37.4 861.33 861.34 860.77 1 0.03 861.34 861.34 861.34 861.35
-29.264900 -50.314899 DCRS-00084 2026-07-29_10:56 14.1 -999.9 -999.9 91.6 -999.9 -999.9 12.7 -999.9 -999.9 -999.9 -999.9 -999.9 23.7 -999.9 27.9 398.0 0.0 37.4 97.6 120.8 123.4 124.8 14.5 11.1 97.8 85.2 55.4 DCRS_-_São_Francisco_de_Paula/Cambará_do_Sul_(865_m) -999.9 -999.9 -999.9 -999.9 -999.9 13.1 10.7 429.0 Rio_Grande_do_Sul DCRS -999.9 0.0 37.4 861.34 861.34 860.77 1 0.06 861.34 861.34 861.34 861.35
-29.264900 -50.314899 DCRS-00084 2026-07-29_10:57 14.1 -999.9 -999.9 90.3 -999.9 -999.9 12.5 -999.9 -999.9 -999.9 -999.9 -999.9 26.0 -999.9 27.9 297.0 0.0 37.4 97.6 120.8 123.4 124.8 14.5 11.1 97.8 85.2 55.4 DCRS_-_São_Francisco_de_Paula/Cambará_do_Sul_(865_m) -999.9 -999.9 -999.9 -999.9 -999.9 13.1 10.7 429.0 Rio_Grande_do_Sul DCRS -999.9 0.0 37.4 861.33 861.34 860.77 1 0.03 861.34 861.34 861.34 861.35
-29.264900 -50.314899 DCRS-00084 2026-07-29_10:58 14.1 -999.9 -999.9 91.2 -999.9 -999.9 12.7 -999.9 -999.9 -999.9 -999.9 -999.9 19.7 -999.9 27.9 219.0 0.0 37.4 97.6 120.8 123.4 124.8 14.5 11.1 97.8 85.2 55.4 DCRS_-_São_Francisco_de_Paula/Cambará_do_Sul_(865_m) -999.9 -999.9 -999.9 -999.9 -999.9 13.1 10.7 429.0 Rio_Grande_do_Sul DCRS -999.9 0.0 37.4 861.34 861.34 860.77 1 0.05 861.34 861.34 861.34 861.35
-29.264900 -50.314899 DCRS-00084 2026-07-29_10:59 14.1 -999.9 -999.9 90.7 -999.9 -999.9 12.6 -999.9 -999.9 -999.9 -999.9 -999.9 26.2 -999.9 27.9 262.0 0.0 37.4 97.6 120.8 123.4 124.8 14.5 11.1 97.8 85.2 55.4 DCRS_-_São_Francisco_de_Paula/Cambará_do_Sul_(865_m) -999.9 -999.9 -999.9 -999.9 -999.9 13.1 10.7 429.0 Rio_Grande_do_Sul DCRS -999.9 0.0 37.4 861.34 861.34 860.77 1 0.05 861.34 861.34 861.34 861.35
-29.264900 -50.314899 DCRS-00084 2026-07-29_11:00 14.1 -999.9 -999.9 90.6 -999.9 -999.9 12.6 -999.9 -999.9 -999.9 -999.9 -999.9 15.8 -999.9 30.9 347.0 0.0 37.4 97.6 120.8 123.4 124.8 14.5 11.1 97.8 85.2 55.4 DCRS_-_São_Francisco_de_Paula/Cambará_do_Sul_(865_m) -999.9 -999.9 -999.9 -999.9 -999.9 13.1 10.7 429.0 Rio_Grande_do_Sul DCRS -999.9 0.0 37.4 861.34 861.34 860.77 1 0.05 861.34 861.34 861.34 861.35
-29.264900 -50.314899 DCRS-00084 2026-07-29_11:01 14.2 -999.9 -999.9 90.7 -999.9 -999.9 12.7 -999.9 -999.9 -999.9 -999.9 -999.9 19.6 -999.9 30.9 246.0 0.0 37.4 97.6 120.8 123.4 124.8 14.5 11.1 97.8 85.2 55.4 DCRS_-_São_Francisco_de_Paula/Cambará_do_Sul_(865_m) -999.9 -999.9 -999.9 -999.9 -999.9 13.1 10.7 429.0 Rio_Grande_do_Sul DCRS -999.9 0.0 37.4 861.34 861.34 860.77 1 0.04 861.34 861.34 861.34 861.35
-29.264900 -50.314899 DCRS-00084 2026-07-29_11:02 14.2 -999.9 -999.9 91.0 -999.9 -999.9 12.7 -999.9 -999.9 -999.9 -999.9 -999.9 16.1 -999.9 30.9 315.0 0.0 37.4 97.6 120.8 123.4 124.8 14.5 11.1 97.8 85.2 55.4 DCRS_-_São_Francisco_de_Paula/Cambará_do_Sul_(865_m) -999.9 -999.9 -999.9 -999.9 -999.9 13.1 10.7 429.0 Rio_Grande_do_Sul DCRS -999.9 0.0 37.4 861.33 861.34 860.77 1 0.03 861.34 861.34 861.34 861.35
-29.264900 -50.314899 DCRS-00084 2026-07-29_11:03 14.2 -999.9 -999.9 90.5 -999.9 -999.9 12.7 -999.9 -999.9 -999.9 -999.9 -999.9 18.5 -999.9 30.9 291.0 0.0 37.4 97.6 120.8 123.4 124.8 14.5 11.1 97.8 85.2 55.4 DCRS_-_São_Francisco_de_Paula/Cambará_do_Sul_(865_m) -999.9 -999.9 -999.9 -999.9 -999.9 13.1 10.7 429.0 Rio_Grande_do_Sul DCRS -999.9 0.0 37.4 861.34 861.34 860.77 1 0.06 861.34 861.34 861.34 861.35
-29.264900 -50.314899 DCRS-00084 2026-07-29_11:04 14.2 -999.9 -999.9 90.4 -999.9 -999.9 12.6 -999.9 -999.9 -999.9 -999.9 -999.9 14.0 -999.9 30.9 337.0 0.0 37.4 97.6 120.8 123.4 124.8 14.5 11.1 97.8 85.2 55.4 DCRS_-_São_Francisco_de_Paula/Cambará_do_Sul_(865_m) -999.9 -999.9 -999.9 -999.9 -999.9 13.1 10.7 429.0 Rio_Grande_do_Sul DCRS -999.9 0.0 37.4 861.34 861.34 860.77 1 0.04 861.34 861.34 861.34 861.35
-29.264900 -50.314899 DCRS-00084 2026-07-29_11:05 14.3 -999.9 -999.9 91.0 -999.9 -999.9 12.8 -999.9 -999.9 -999.9 -999.9 -999.9 14.7 -999.9 26.3 235.0 0.0 37.4 97.6 120.8 123.4 124.8 14.5 11.1 97.8 85.2 55.4 DCRS_-_São_Francisco_de_Paula/Cambará_do_Sul_(865_m) -999.9 -999.9 -999.9 -999.9 -999.9 13.1 10.7 429.0 Rio_Grande_do_Sul DCRS -999.9 0.0 37.4 861.34 861.34 860.77 1 0.04 861.34 861.34 861.34 861.35
-29.264900 -50.314899 DCRS-00084 2026-07-29_11:06 14.3 -999.9 -999.9 91.1 -999.9 -999.9 12.9 -999.9 -999.9 -999.9 -999.9 -999.9 18.1 -999.9 26.3 302.0 0.0 37.4 97.6 120.8 123.4 124.8 14.5 11.1 97.8 85.2 55.4 DCRS_-_São_Francisco_de_Paula/Cambará_do_Sul_(865_m) -999.9 -999.9 -999.9 -999.9 -999.9 13.1 10.7 429.0 Rio_Grande_do_Sul DCRS -999.9 0.0 37.4 861.33 861.34 860.77 1 0.04 861.34 861.34 861.34 861.35
-29.264900 -50.314899 DCRS-00084 2026-07-29_11:07 14.3 -999.9 -999.9 90.4 -999.9 -999.9 12.7 -999.9 -999.9 -999.9 -999.9 -999.9 19.6 -999.9 26.3 203.0 0.0 37.4 97.6 120.8 123.4 124.8 14.5 11.1 97.8 85.2 55.4 DCRS_-_São_Francisco_de_Paula/Cambará_do_Sul_(865_m) -999.9 -999.9 -999.9 -999.9 -999.9 13.1 10.7 429.0 Rio_Grande_do_Sul DCRS -999.9 0.0 37.4 861.35 861.35 860.77 1 0.04 861.35 861.35 861.35 861.35
-29.264900 -50.314899 DCRS-00084 2026-07-29_11:08 14.3 -999.9 -999.9 90.7 -999.9 -999.9 12.8 -999.9 -999.9 -999.9 -999.9 -999.9 12.0 -999.9 26.3 176.0 0.0 37.4 97.6 120.8 123.4 124.8 14.5 11.1 97.8 85.2 55.4 DCRS_-_São_Francisco_de_Paula/Cambará_do_Sul_(865_m) -999.9 -999.9 -999.9 -999.9 -999.9 13.1 10.7 429.0 Rio_Grande_do_Sul DCRS -999.9 0.0 37.4 861.34 861.35 860.77 1 0.03 861.35 861.35 861.35 861.35
-29.264900 -50.314899 DCRS-00084 2026-07-29_11:09 14.4 -999.9 -999.9 90.6 -999.9 -999.9 12.9 -999.9 -999.9 -999.9 -999.9 -999.9 16.4 -999.9 26.3 308.0 0.0 37.4 97.6 120.8 123.4 124.8 14.5 11.1 97.8 85.2 55.4 DCRS_-_São_Francisco_de_Paula/Cambará_do_Sul_(865_m) -999.9 -999.9 -999.9 -999.9 -999.9 13.1 10.7 429.0 Rio_Grande_do_Sul DCRS -999.9 0.0 37.4 861.34 861.35 860.77 1 0.03 861.35 861.35 861.35 861.35
-29.264900 -50.314899 DCRS-00084 2026-07-29_11:10 14.3 -999.9 -999.9 90.0 -999.9 -999.9 12.7 -999.9 -999.9 -999.9 -999.9 -999.9 19.6 -999.9 22.0 235.0 0.0 37.4 97.6 120.8 123.4 124.8 14.5 11.1 97.8 85.2 55.4 DCRS_-_São_Francisco_de_Paula/Cambará_do_Sul_(865_m) -999.9 -999.9 -999.9 -999.9 -999.9 13.1 10.7 429.0 Rio_Grande_do_Sul DCRS -999.9 0.0 37.4 861.34 861.35 860.77 1 0.04 861.35 861.35 861.35 861.35
-29.264900 -50.314899 DCRS-00084 2026-07-29_11:11 14.4 -999.9 -999.9 90.2 -999.9 -999.9 12.8 -999.9 -999.9 -999.9 -999.9 -999.9 13.6 -999.9 22.0 212.0 0.0 37.4 97.6 120.8 123.4 124.8 14.5 11.1 97.8 85.2 55.4 DCRS_-_São_Francisco_de_Paula/Cambará_do_Sul_(865_m) -999.9 -999.9 -999.9 -999.9 -999.9 13.1 10.7 429.0 Rio_Grande_do_Sul DCRS -999.9 0.0 37.4 861.33 861.35 860.77 1 0.02 861.35 861.35 861.35 861.35
-29.264900 -50.314899 DCRS-00084 2026-07-29_11:12 14.4 -999.9 -999.9 90.7 -999.9 -999.9 12.9 -999.9 -999.9 -999.9 -999.9 -999.9 15.2 -999.9 22.0 363.0 0.0 37.4 97.6 120.8 123.4 124.8 14.5 11.1 97.8 85.2 55.4 DCRS_-_São_Francisco_de_Paula/Cambará_do_Sul_(865_m) -999.9 -999.9 -999.9 -999.9 -999.9 13.1 10.7 429.0 Rio_Grande_do_Sul DCRS -999.9 0.0 37.4 861.33 861.35 860.77 1 0.02 861.35 861.35 861.35 861.35
-29.264900 -50.314899 DCRS-00084 2026-07-29_11:13 14.5 -999.9 -999.9 90.8 -999.9 -999.9 13.0 -999.9 -999.9 -999.9 -999.9 -999.9 15.8 -999.9 22.0 487.0 0.0 37.4 97.6 120.8 123.4 124.8 14.5 11.1 97.8 85.2 55.4 DCRS_-_São_Francisco_de_Paula/Cambará_do_Sul_(865_m) -999.9 -999.9 -999.9 -999.9 -999.9 13.1 10.7 487.0 Rio_Grande_do_Sul DCRS -999.9 0.0 37.4 861.34 861.35 860.77 1 0.02 861.35 861.35 861.35 861.35
-29.264900 -50.314899 DCRS-00084 2026-07-29_11:15 14.8 -999.9 -999.9 91.3 -999.9 -999.9 13.4 -999.9 -999.9 -999.9 -999.9 -999.9 9.2 -999.9 23.8 414.0 0.0 37.4 97.6 120.8 123.4 124.8 14.8 11.1 97.8 85.2 55.4 DCRS_-_São_Francisco_de_Paula/Cambará_do_Sul_(865_m) -999.9 -999.9 -999.9 -999.9 -999.9 13.4 10.7 487.0 Rio_Grande_do_Sul DCRS -999.9 0.0 37.4 861.34 861.35 860.77 1 0.03 861.35 861.35 861.35 861.35
-29.264900 -50.314899 DCRS-00084 2026-07-29_11:16 15.1 -999.9 -999.9 90.8 -999.9 -999.9 13.6 -999.9 -999.9 -999.9 -999.9 -999.9 8.4 -999.9 23.8 479.0 0.0 37.4 97.6 120.8 123.4 124.8 15.1 11.1 97.8 85.2 55.4 DCRS_-_São_Francisco_de_Paula/Cambará_do_Sul_(865_m) -999.9 -999.9 -999.9 -999.9 -999.9 13.6 10.7 487.0 Rio_Grande_do_Sul DCRS -999.9 0.0 37.4 861.34 861.35 860.77 1 0.03 861.35 861.35 861.35 861.35
-29.264900 -50.314899 DCRS-00084 2026-07-29_11:17 15.2 -999.9 -999.9 90.2 -999.9 -999.9 13.6 -999.9 -999.9 -999.9 -999.9 -999.9 12.0 -999.9 23.8 489.0 0.0 37.4 97.6 120.8 123.4 124.8 15.2 11.1 97.8 85.2 55.4 DCRS_-_São_Francisco_de_Paula/Cambará_do_Sul_(865_m) -999.9 -999.9 -999.9 -999.9 -999.9 13.6 10.7 489.0 Rio_Grande_do_Sul DCRS -999.9 0.0 37.4 861.36 861.36 860.77 1 0.05 861.36 861.36 861.36 861.36
-29.264900 -50.314899 DCRS-00084 2026-07-29_11:18 15.3 -999.9 -999.9 89.3 -999.9 -999.9 13.5 -999.9 -999.9 -999.9 -999.9 -999.9 7.6 -999.9 23.8 453.0 0.0 37.4 97.6 120.8 123.4 124.8 15.3 11.1 97.8 85.2 55.4 DCRS_-_São_Francisco_de_Paula/Cambará_do_Sul_(865_m) -999.9 -999.9 -999.9 -999.9 -999.9 13.6 10.7 489.0 Rio_Grande_do_Sul DCRS -999.9 0.0 37.4 861.35 861.36 860.77 1 0.03 861.36 861.36 861.36 861.36
-29.264900 -50.314899 DCRS-00084 2026-07-29_11:19 15.3 -999.9 -999.9 88.0 -999.9 -999.9 13.3 -999.9 -999.9 -999.9 -999.9 -999.9 18.1 -999.9 23.8 472.0 0.0 37.4 97.6 120.8 123.4 124.8 15.3 11.1 97.8 85.2 55.4 DCRS_-_São_Francisco_de_Paula/Cambará_do_Sul_(865_m) -999.9 -999.9 -999.9 -999.9 -999.9 13.6 10.7 489.0 Rio_Grande_do_Sul DCRS -999.9 0.0 37.4 861.35 861.36 860.77 1 0.03 861.36 861.36 861.36 861.36
-29.264900 -50.314899 DCRS-00084 2026-07-29_11:20 15.4 -999.9 -999.9 87.6 -999.9 -999.9 13.3 -999.9 -999.9 -999.9 -999.9 -999.9 4.8 -999.9 19.6 476.0 0.0 37.4 97.6 120.8 123.4 124.8 15.4 11.1 97.8 85.2 55.4 DCRS_-_São_Francisco_de_Paula/Cambará_do_Sul_(865_m) -999.9 -999.9 -999.9 -999.9 -999.9 13.6 10.7 489.0 Rio_Grande_do_Sul DCRS -999.9 0.0 37.4 861.35 861.36 860.77 1 0.04 861.36 861.36 861.36 861.36
-29.264900 -50.314899 DCRS-00084 2026-07-29_11:21 15.6 -999.9 -999.9 88.9 -999.9 -999.9 13.8 -999.9 -999.9 -999.9 -999.9 -999.9 5.3 -999.9 19.6 417.0 0.0 37.4 97.6 120.8 123.4 124.8 15.6 11.1 97.8 85.2 55.4 DCRS_-_São_Francisco_de_Paula/Cambará_do_Sul_(865_m) -999.9 -999.9 -999.9 -999.9 -999.9 13.8 10.7 489.0 Rio_Grande_do_Sul DCRS -999.9 0.0 37.4 861.36 861.36 860.77 1 0.06 861.36 861.36 861.36 861.36
-29.264900 -50.314899 DCRS-00084 2026-07-29_11:22 15.6 -999.9 -999.9 87.5 -999.9 -999.9 13.5 -999.9 -999.9 -999.9 -999.9 -999.9 3.1 -999.9 19.6 216.0 0.0 37.4 97.6 120.8 123.4 124.8 15.6 11.1 97.8 85.2 55.4 DCRS_-_São_Francisco_de_Paula/Cambará_do_Sul_(865_m) -999.9 -999.9 -999.9 -999.9 -999.9 13.8 10.7 489.0 Rio_Grande_do_Sul DCRS -999.9 0.0 37.4 861.36 861.36 860.77 1 0.07 861.36 861.36 861.36 861.36
-29.264900 -50.314899 DCRS-00084 2026-07-29_11:23 15.7 -999.9 -999.9 87.3 -999.9 -999.9 13.6 -999.9 -999.9 -999.9 -999.9 -999.9 4.0 -999.9 19.6 537.0 0.0 37.4 97.6 120.8 123.4 124.8 15.7 11.1 97.8 85.2 55.4 DCRS_-_São_Francisco_de_Paula/Cambará_do_Sul_(865_m) -999.9 -999.9 -999.9 -999.9 -999.9 13.8 10.7 537.0 Rio_Grande_do_Sul DCRS -999.9 0.0 37.4 861.36 861.36 860.77 1 0.06 861.36 861.36 861.36 861.36
-29.264900 -50.314899 DCRS-00084 2026-07-29_11:24 15.8 -999.9 -999.9 87.4 -999.9 -999.9 13.7 -999.9 -999.9 -999.9 -999.9 -999.9 8.4 -999.9 19.6 547.0 0.0 37.4 97.6 120.8 123.4 124.8 15.8 11.1 97.8 85.2 55.4 DCRS_-_São_Francisco_de_Paula/Cambará_do_Sul_(865_m) -999.9 -999.9 -999.9 -999.9 -999.9 13.8 10.7 547.0 Rio_Grande_do_Sul DCRS -999.9 0.0 37.4 861.35 861.36 860.77 1 0.04 861.36 861.36 861.36 861.36
-29.264900 -50.314899 DCRS-00084 2026-07-29_11:25 15.9 -999.9 -999.9 86.7 -999.9 -999.9 13.7 -999.9 -999.9 -999.9 -999.9 -999.9 4.8 -999.9 15.8 523.0 0.0 37.4 97.6 120.8 123.4 124.8 15.9 11.1 97.8 85.2 55.4 DCRS_-_São_Francisco_de_Paula/Cambará_do_Sul_(865_m) -999.9 -999.9 -999.9 -999.9 -999.9 13.8 10.7 547.0 Rio_Grande_do_Sul DCRS -999.9 0.0 37.4 861.36 861.36 860.77 1 0.04 861.36 861.36 861.36 861.36
-29.264900 -50.314899 DCRS-00084 2026-07-29_11:26 15.9 -999.9 -999.9 86.5 -999.9 -999.9 13.6 -999.9 -999.9 -999.9 -999.9 -999.9 13.6 -999.9 15.8 450.0 0.0 37.4 97.6 120.8 123.4 124.8 15.9 11.1 97.8 85.2 55.4 DCRS_-_São_Francisco_de_Paula/Cambará_do_Sul_(865_m) -999.9 -999.9 -999.9 -999.9 -999.9 13.8 10.7 547.0 Rio_Grande_do_Sul DCRS -999.9 0.0 37.4 861.36 861.36 860.77 1 0.04 861.36 861.36 861.36 861.36
-29.264900 -50.314899 DCRS-00084 2026-07-29_11:27 16.1 -999.9 -999.9 86.6 -999.9 -999.9 13.8 -999.9 -999.9 -999.9 -999.9 -999.9 14.0 -999.9 15.8 507.0 0.0 37.4 97.6 120.8 123.4 124.8 16.1 11.1 97.8 85.2 55.4 DCRS_-_São_Francisco_de_Paula/Cambará_do_Sul_(865_m) -999.9 -999.9 -999.9 -999.9 -999.9 13.8 10.7 547.0 Rio_Grande_do_Sul DCRS -999.9 0.0 37.4 861.36 861.36 860.77 1 0.04 861.36 861.36 861.36 861.36
-29.264900 -50.314899 DCRS-00084 2026-07-29_11:28 16.3 -999.9 -999.9 85.0 -999.9 -999.9 13.8 -999.9 -999.9 -999.9 -999.9 -999.9 5.5 -999.9 15.8 539.0 0.0 37.4 97.6 120.8 123.4 124.8 16.3 11.1 97.8 85.0 55.4 DCRS_-_São_Francisco_de_Paula/Cambará_do_Sul_(865_m) -999.9 -999.9 -999.9 -999.9 -999.9 13.8 10.7 547.0 Rio_Grande_do_Sul DCRS -999.9 0.0 37.4 861.36 861.36 860.77 1 0.05 861.36 861.36 861.36 861.36
-29.264900 -50.314899 DCRS-00084 2026-07-29_11:29 16.4 -999.9 -999.9 84.5 -999.9 -999.9 13.8 -999.9 -999.9 -999.9 -999.9 -999.9 13.0 -999.9 15.8 482.0 0.0 37.4 97.6 120.8 123.4 124.8 16.4 11.1 97.8 84.5 55.4 DCRS_-_São_Francisco_de_Paula/Cambará_do_Sul_(865_m) -999.9 -999.9 -999.9 -999.9 -999.9 13.8 10.7 547.0 Rio_Grande_do_Sul DCRS -999.9 0.0 37.4 861.36 861.36 860.77 1 0.06 861.36 861.36 861.36 861.36
-29.264900 -50.314899 DCRS-00084 2026-07-29_11:30 16.4 -999.9 -999.9 83.5 -999.9 -999.9 13.6 -999.9 -999.9 -999.9 -999.9 -999.9 4.7 -999.9 14.2 486.0 0.0 37.4 97.6 120.8 123.4 124.8 16.4 11.1 97.8 83.5 55.4 DCRS_-_São_Francisco_de_Paula/Cambará_do_Sul_(865_m) -999.9 -999.9 -999.9 -999.9 -999.9 13.8 10.7 547.0 Rio_Grande_do_Sul DCRS -999.9 0.0 37.4 861.36 861.36 860.77 1 0.04 861.36 861.36 861.36 861.36
-29.264900 -50.314899 DCRS-00084 2026-07-29_11:31 16.5 -999.9 -999.9 83.5 -999.9 -999.9 13.7 -999.9 -999.9 -999.9 -999.9 -999.9 3.1 -999.9 14.2 470.0 0.0 37.4 97.6 120.8 123.4 124.8 16.5 11.1 97.8 83.5 55.4 DCRS_-_São_Francisco_de_Paula/Cambará_do_Sul_(865_m) -999.9 -999.9 -999.9 -999.9 -999.9 13.8 10.7 547.0 Rio_Grande_do_Sul DCRS -999.9 0.0 37.4 861.37 861.37 860.77 1 0.06 861.37 861.37 861.37 861.37
-29.264900 -50.314899 DCRS-00084 2026-07-29_11:32 16.6 -999.9 -999.9 82.8 -999.9 -999.9 13.6 -999.9 -999.9 -999.9 -999.9 -999.9 6.0 -999.9 14.2 504.0 0.0 37.4 97.6 120.8 123.4 124.8 16.6 11.1 97.8 82.8 55.4 DCRS_-_São_Francisco_de_Paula/Cambará_do_Sul_(865_m) -999.9 -999.9 -999.9 -999.9 -999.9 13.8 10.7 547.0 Rio_Grande_do_Sul DCRS -999.9 0.0 37.4 861.36 861.37 860.77 1 0.04 861.37 861.37 861.37 861.37
-29.264900 -50.314899 DCRS-00084 2026-07-29_11:33 16.7 -999.9 -999.9 83.5 -999.9 -999.9 13.9 -999.9 -999.9 -999.9 -999.9 -999.9 5.2 -999.9 14.2 491.0 0.0 37.4 97.6 120.8 123.4 124.8 16.7 11.1 97.8 82.8 55.4 DCRS_-_São_Francisco_de_Paula/Cambará_do_Sul_(865_m) -999.9 -999.9 -999.9 -999.9 -999.9 13.9 10.7 547.0 Rio_Grande_do_Sul DCRS -999.9 0.0 37.4 861.37 861.37 860.77 1 0.05 861.37 861.37 861.37 861.37
-29.264900 -50.314899 DCRS-00084 2026-07-29_11:34 16.8 -999.9 -999.9 83.7 -999.9 -999.9 14.0 -999.9 -999.9 -999.9 -999.9 -999.9 4.4 -999.9 14.2 488.0 0.0 37.4 97.6 120.8 123.4 124.8 16.8 11.1 97.8 82.8 55.4 DCRS_-_São_Francisco_de_Paula/Cambará_do_Sul_(865_m) -999.9 -999.9 -999.9 -999.9 -999.9 14.0 10.7 547.0 Rio_Grande_do_Sul DCRS -999.9 0.0 37.4 861.36 861.37 860.77 1 0.05 861.37 861.37 861.37 861.37
-29.264900 -50.314899 DCRS-00084 2026-07-29_11:35 16.8 -999.9 -999.9 82.5 -999.9 -999.9 13.8 -999.9 -999.9 -999.9 -999.9 -999.9 -999.9 -999.9 10.5 494.0 0.0 37.4 97.6 120.8 123.4 124.8 16.8 11.1 97.8 82.5 55.4 DCRS_-_São_Francisco_de_Paula/Cambará_do_Sul_(865_m) -999.9 -999.9 -999.9 -999.9 -999.9 14.0 10.7 547.0 Rio_Grande_do_Sul DCRS -999.9 0.0 37.4 861.36 861.37 860.77 1 0.04 861.37 861.37 861.37 861.37
-29.264900 -50.314899 DCRS-00084 2026-07-29_11:36 16.9 -999.9 -999.9 81.8 -999.9 -999.9 13.7 -999.9 -999.9 -999.9 -999.9 -999.9 4.9 -999.9 10.5 237.0 0.0 37.4 97.6 120.8 123.4 124.8 16.9 11.1 97.8 81.8 55.4 DCRS_-_São_Francisco_de_Paula/Cambará_do_Sul_(865_m) -999.9 -999.9 -999.9 -999.9 -999.9 14.0 10.7 547.0 Rio_Grande_do_Sul DCRS -999.9 0.0 37.4 861.37 861.37 860.77 1 0.06 861.37 861.37 861.37 861.37
-29.264900 -50.314899 DCRS-00084 2026-07-29_11:37 16.9 -999.9 -999.9 82.1 -999.9 -999.9 13.8 -999.9 -999.9 -999.9 -999.9 -999.9 5.6 -999.9 10.5 166.0 0.0 37.4 97.6 120.8 123.4 124.8 16.9 11.1 97.8 81.8 55.4 DCRS_-_São_Francisco_de_Paula/Cambará_do_Sul_(865_m) -999.9 -999.9 -999.9 -999.9 -999.9 14.0 10.7 547.0 Rio_Grande_do_Sul DCRS -999.9 0.0 37.4 861.37 861.37 860.77 1 0.04 861.37 861.37 861.37 861.37
-29.264900 -50.314899 DCRS-00084 2026-07-29_11:38 16.9 -999.9 -999.9 81.1 -999.9 -999.9 13.6 -999.9 -999.9 -999.9 -999.9 -999.9 -999.9 -999.9 10.5 422.0 0.0 37.4 97.6 120.8 123.4 124.8 16.9 11.1 97.8 81.1 55.4 DCRS_-_São_Francisco_de_Paula/Cambará_do_Sul_(865_m) -999.9 -999.9 -999.9 -999.9 -999.9 14.0 10.7 547.0 Rio_Grande_do_Sul DCRS -999.9 0.0 37.4 861.36 861.37 860.77 1 0.03 861.37 861.37 861.37 861.37
-29.264900 -50.314899 DCRS-00084 2026-07-29_11:39 16.9 -999.9 -999.9 81.5 -999.9 -999.9 13.7 -999.9 -999.9 -999.9 -999.9 -999.9 -999.9 -999.9 10.5 380.0 0.0 37.4 97.6 120.8 123.4 124.8 16.9 11.1 97.8 81.1 55.4 DCRS_-_São_Francisco_de_Paula/Cambará_do_Sul_(865_m) -999.9 -999.9 -999.9 -999.9 -999.9 14.0 10.7 547.0 Rio_Grande_do_Sul DCRS -999.9 0.0 37.4 861.36 861.37 860.77 1 0.03 861.37 861.37 861.37 861.37
-29.264900 -50.314899 DCRS-00084 2026-07-29_11:40 16.8 -999.9 -999.9 80.4 -999.9 -999.9 13.4 -999.9 -999.9 -999.9 -999.9 -999.9 12.6 -999.9 22.8 261.0 0.0 37.4 97.6 120.8 123.4 124.8 16.9 11.1 97.8 80.4 55.4 DCRS_-_São_Francisco_de_Paula/Cambará_do_Sul_(865_m) -999.9 -999.9 -999.9 -999.9 -999.9 14.0 10.7 547.0 Rio_Grande_do_Sul DCRS -999.9 0.0 37.4 861.36 861.37 860.77 1 0.03 861.37 861.37 861.37 861.37
-29.264900 -50.314899 DCRS-00084 2026-07-29_11:41 16.7 -999.9 -999.9 80.5 -999.9 -999.9 13.3 -999.9 -999.9 -999.9 -999.9 -999.9 13.7 -999.9 22.8 189.0 0.0 37.4 97.6 120.8 123.4 124.8 16.9 11.1 97.8 80.4 55.4 DCRS_-_São_Francisco_de_Paula/Cambará_do_Sul_(865_m) -999.9 -999.9 -999.9 -999.9 -999.9 14.0 10.7 547.0 Rio_Grande_do_Sul DCRS -999.9 0.0 37.4 861.36 861.37 860.77 1 0.03 861.37 861.37 861.37 861.37
-29.264900 -50.314899 DCRS-00084 2026-07-29_11:42 16.6 -999.9 -999.9 80.0 -999.9 -999.9 13.1 -999.9 -999.9 -999.9 -999.9 -999.9 3.6 -999.9 22.8 291.0 0.0 37.4 97.6 120.8 123.4 124.8 16.9 11.1 97.8 80.0 55.4 DCRS_-_São_Francisco_de_Paula/Cambará_do_Sul_(865_m) -999.9 -999.9 -999.9 -999.9 -999.9 14.0 10.7 547.0 Rio_Grande_do_Sul DCRS -999.9 0.0 37.4 861.37 861.37 860.77 1 0.04 861.37 861.37 861.37 861.37
-29.264900 -50.314899 DCRS-00084 2026-07-29_11:43 16.5 -999.9 -999.9 81.3 -999.9 -999.9 13.3 -999.9 -999.9 -999.9 -999.9 -999.9 8.4 -999.9 22.8 163.0 0.0 37.4 97.6 120.8 123.4 124.8 16.9 11.1 97.8 80.0 55.4 DCRS_-_São_Francisco_de_Paula/Cambará_do_Sul_(865_m) -999.9 -999.9 -999.9 -999.9 -999.9 14.0 10.7 547.0 Rio_Grande_do_Sul DCRS -999.9 0.0 37.4 861.37 861.37 860.77 1 0.03 861.37 861.37 861.37 861.37
-29.264900 -50.314899 DCRS-00084 2026-07-29_11:44 16.4 -999.9 -999.9 81.4 -999.9 -999.9 13.2 -999.9 -999.9 -999.9 -999.9 -999.9 18.2 -999.9 22.8 267.0 0.0 37.4 97.6 120.8 123.4 124.8 16.9 11.1 97.8 80.0 55.4 DCRS_-_São_Francisco_de_Paula/Cambará_do_Sul_(865_m) -999.9 -999.9 -999.9 -999.9 -999.9 14.0 10.7 547.0 Rio_Grande_do_Sul DCRS -999.9 0.0 37.4 861.37 861.37 860.77 1 0.04 861.37 861.37 861.37 861.37
-29.264900 -50.314899 DCRS-00084 2026-07-29_11:45 16.3 -999.9 -999.9 80.6 -999.9 -999.9 12.9 -999.9 -999.9 -999.9 -999.9 -999.9 15.7 -999.9 18.9 437.0 0.0 37.4 97.6 120.8 123.4 124.8 16.9 11.1 97.8 80.0 55.4 DCRS_-_São_Francisco_de_Paula/Cambará_do_Sul_(865_m) -999.9 -999.9 -999.9 -999.9 -999.9 14.0 10.7 547.0 Rio_Grande_do_Sul DCRS -999.9 0.0 37.4 861.37 861.37 860.77 1 0.04 861.37 861.37 861.37 861.37
-29.264900 -50.314899 DCRS-00084 2026-07-29_11:46 16.3 -999.9 -999.9 81.1 -999.9 -999.9 13.0 -999.9 -999.9 -999.9 -999.9 -999.9 13.0 -999.9 18.9 477.0 0.0 37.4 97.6 120.8 123.4 124.8 16.9 11.1 97.8 80.0 55.4 DCRS_-_São_Francisco_de_Paula/Cambará_do_Sul_(865_m) -999.9 -999.9 -999.9 -999.9 -999.9 14.0 10.7 547.0 Rio_Grande_do_Sul DCRS -999.9 0.0 37.4 861.37 861.37 860.77 1 0.05 861.37 861.37 861.37 861.37
-29.264900 -50.314899 DCRS-00084 2026-07-29_11:47 16.4 -999.9 -999.9 81.6 -999.9 -999.9 13.2 -999.9 -999.9 -999.9 -999.9 -999.9 7.5 -999.9 18.9 523.0 0.0 37.4 97.6 120.8 123.4 124.8 16.9 11.1 97.8 80.0 55.4 DCRS_-_São_Francisco_de_Paula/Cambará_do_Sul_(865_m) -999.9 -999.9 -999.9 -999.9 -999.9 14.0 10.7 547.0 Rio_Grande_do_Sul DCRS -999.9 0.0 37.4 861.37 861.37 860.77 1 0.03 861.37 861.37 861.37 861.37
-29.264900 -50.314899 DCRS-00084 2026-07-29_11:48 16.4 -999.9 -999.9 80.6 -999.9 -999.9 13.0 -999.9 -999.9 -999.9 -999.9 -999.9 17.1 -999.9 18.9 498.0 0.0 37.4 97.6 120.8 123.4 124.8 16.9 11.1 97.8 80.0 55.4 DCRS_-_São_Francisco_de_Paula/Cambará_do_Sul_(865_m) -999.9 -999.9 -999.9 -999.9 -999.9 14.0 10.7 547.0 Rio_Grande_do_Sul DCRS -999.9 0.0 37.4 861.37 861.37 860.77 1 0.04 861.37 861.37 861.37 861.37
-29.264900 -50.314899 DCRS-00084 2026-07-29_11:49 16.5 -999.9 -999.9 80.5 -999.9 -999.9 13.1 -999.9 -999.9 -999.9 -999.9 -999.9 7.8 -999.9 18.9 513.0 0.0 37.4 97.6 120.8 123.4 124.8 16.9 11.1 97.8 80.0 55.4 DCRS_-_São_Francisco_de_Paula/Cambará_do_Sul_(865_m) -999.9 -999.9 -999.9 -999.9 -999.9 14.0 10.7 547.0 Rio_Grande_do_Sul DCRS -999.9 0.0 37.4 861.37 861.37 860.77 1 0.04 861.37 861.37 861.37 861.37
-29.264900 -50.314899 DCRS-00084 2026-07-29_11:50 16.6 -999.9 -999.9 81.4 -999.9 -999.9 13.4 -999.9 -999.9 -999.9 -999.9 -999.9 9.9 -999.9 20.2 411.0 0.0 37.4 97.6 120.8 123.4 124.8 16.9 11.1 97.8 80.0 55.4 DCRS_-_São_Francisco_de_Paula/Cambará_do_Sul_(865_m) -999.9 -999.9 -999.9 -999.9 -999.9 14.0 10.7 547.0 Rio_Grande_do_Sul DCRS -999.9 0.0 37.4 861.37 861.37 860.77 1 0.03 861.37 861.37 861.37 861.37
-29.264900 -50.314899 DCRS-00084 2026-07-29_11:51 16.7 -999.9 -999.9 82.0 -999.9 -999.9 13.6 -999.9 -999.9 -999.9 -999.9 -999.9 5.9 -999.9 20.2 361.0 0.0 37.4 97.6 120.8 123.4 124.8 16.9 11.1 97.8 80.0 55.4 DCRS_-_São_Francisco_de_Paula/Cambará_do_Sul_(865_m) -999.9 -999.9 -999.9 -999.9 -999.9 14.0 10.7 547.0 Rio_Grande_do_Sul DCRS -999.9 0.0 37.4 861.37 861.37 860.77 1 0.04 861.37 861.37 861.37 861.37
-29.264900 -50.314899 DCRS-00084 2026-07-29_11:52 16.7 -999.9 -999.9 80.6 -999.9 -999.9 13.3 -999.9 -999.9 -999.9 -999.9 -999.9 15.8 -999.9 20.2 348.0 0.0 37.4 97.6 120.8 123.4 124.8 16.9 11.1 97.8 80.0 55.4 DCRS_-_São_Francisco_de_Paula/Cambará_do_Sul_(865_m) -999.9 -999.9 -999.9 -999.9 -999.9 14.0 10.7 547.0 Rio_Grande_do_Sul DCRS -999.9 0.0 37.4 861.37 861.37 860.77 1 0.03 861.37 861.37 861.37 861.37
-29.264900 -50.314899 DCRS-00084 2026-07-29_11:53 16.7 -999.9 -999.9 80.2 -999.9 -999.9 13.2 -999.9 -999.9 -999.9 -999.9 -999.9 12.4 -999.9 20.2 498.0 0.0 37.4 97.6 120.8 123.4 124.8 16.9 11.1 97.8 80.0 55.4 DCRS_-_São_Francisco_de_Paula/Cambará_do_Sul_(865_m) -999.9 -999.9 -999.9 -999.9 -999.9 14.0 10.7 547.0 Rio_Grande_do_Sul DCRS -999.9 0.0 37.4 861.37 861.37 860.77 1 0.03 861.37 861.37 861.37 861.37
-29.264900 -50.314899 DCRS-00084 2026-07-29_11:54 16.7 -999.9 -999.9 80.3 -999.9 -999.9 13.3 -999.9 -999.9 -999.9 -999.9 -999.9 17.6 -999.9 20.2 411.0 0.0 37.4 97.6 120.8 123.4 124.8 16.9 11.1 97.8 80.0 55.4 DCRS_-_São_Francisco_de_Paula/Cambará_do_Sul_(865_m) -999.9 -999.9 -999.9 -999.9 -999.9 14.0 10.7 547.0 Rio_Grande_do_Sul DCRS -999.9 0.0 37.4 861.39 861.39 860.77 1 0.06 861.39 861.39 861.39 861.39
-29.264900 -50.314899 DCRS-00084 2026-07-29_11:55 16.8 -999.9 -999.9 80.6 -999.9 -999.9 13.4 -999.9 -999.9 -999.9 -999.9 -999.9 9.6 -999.9 19.4 328.0 0.0 37.4 97.6 120.8 123.4 124.8 16.9 11.1 97.8 80.0 55.4 DCRS_-_São_Francisco_de_Paula/Cambará_do_Sul_(865_m) -999.9 -999.9 -999.9 -999.9 -999.9 14.0 10.7 547.0 Rio_Grande_do_Sul DCRS -999.9 0.0 37.4 861.38 861.39 860.77 1 0.05 861.39 861.39 861.39 861.39
-29.264900 -50.314899 DCRS-00084 2026-07-29_11:56 16.8 -999.9 -999.9 79.9 -999.9 -999.9 13.3 -999.9 -999.9 -999.9 -999.9 -999.9 7.8 -999.9 19.4 219.0 0.0 37.4 97.6 120.8 123.4 124.8 16.9 11.1 97.8 79.9 55.4 DCRS_-_São_Francisco_de_Paula/Cambará_do_Sul_(865_m) -999.9 -999.9 -999.9 -999.9 -999.9 14.0 10.7 547.0 Rio_Grande_do_Sul DCRS -999.9 0.0 37.4 861.37 861.39 860.77 1 0.03 861.39 861.39 861.39 861.39
-29.264900 -50.314899 DCRS-00084 2026-07-29_11:57 16.7 -999.9 -999.9 79.2 -999.9 -999.9 13.1 -999.9 -999.9 -999.9 -999.9 -999.9 13.0 -999.9 19.4 241.0 0.0 37.4 97.6 120.8 123.4 124.8 16.9 11.1 97.8 79.2 55.4 DCRS_-_São_Francisco_de_Paula/Cambará_do_Sul_(865_m) -999.9 -999.9 -999.9 -999.9 -999.9 14.0 10.7 547.0 Rio_Grande_do_Sul DCRS -999.9 0.0 37.4 861.37 861.39 860.77 1 0.04 861.39 861.39 861.39 861.39
-29.264900 -50.314899 DCRS-00084 2026-07-29_11:58 16.7 -999.9 -999.9 80.4 -999.9 -999.9 13.3 -999.9 -999.9 -999.9 -999.9 -999.9 4.4 -999.9 19.4 253.0 0.0 37.4 97.6 120.8 123.4 124.8 16.9 11.1 97.8 79.2 55.4 DCRS_-_São_Francisco_de_Paula/Cambará_do_Sul_(865_m) -999.9 -999.9 -999.9 -999.9 -999.9 14.0 10.7 547.0 Rio_Grande_do_Sul DCRS -999.9 0.0 37.4 861.38 861.39 860.77 1 0.04 861.39 861.39 861.39 861.39
-29.264900 -50.314899 DCRS-00084 2026-07-29_11:59 16.6 -999.9 -999.9 79.8 -999.9 -999.9 13.1 -999.9 -999.9 -999.9 -999.9 -999.9 7.6 -999.9 19.4 266.0 0.0 37.4 97.6 120.8 123.4 124.8 16.9 11.1 97.8 79.2 55.4 DCRS_-_São_Francisco_de_Paula/Cambará_do_Sul_(865_m) -999.9 -999.9 -999.9 -999.9 -999.9 14.0 10.7 547.0 Rio_Grande_do_Sul DCRS -999.9 0.0 37.4 861.37 861.39 860.77 1 0.03 861.39 861.39 861.39 861.39
-29.264900 -50.314899 DCRS-00084 2026-07-29_12:00 16.6 -999.9 -999.9 77.9 -999.9 -999.9 12.7 -999.9 -999.9 -999.9 -999.9 -999.9 4.3 -999.9 19.4 251.0 0.0 37.4 97.6 120.8 123.4 124.8 16.9 11.1 97.8 77.9 55.4 DCRS_-_São_Francisco_de_Paula/Cambará_do_Sul_(865_m) -999.9 -999.9 -999.9 -999.9 -999.9 14.0 10.7 547.0 Rio_Grande_do_Sul DCRS -999.9 0.0 37.4 861.38 861.39 860.77 1 0.04 861.39 861.39 861.39 861.39
-29.264900 -50.314899 DCRS-00084 2026-07-29_12:01 16.6 -999.9 -999.9 78.9 -999.9 -999.9 12.9 -999.9 -999.9 -999.9 -999.9 -999.9 8.5 -999.9 19.4 251.0 0.0 37.4 97.6 120.8 123.4 124.8 16.9 11.1 97.8 77.9 55.4 DCRS_-_São_Francisco_de_Paula/Cambará_do_Sul_(865_m) -999.9 -999.9 -999.9 -999.9 -999.9 14.0 10.7 547.0 Rio_Grande_do_Sul DCRS -999.9 0.0 37.4 861.37 861.39 860.77 1 0.03 861.39 861.39 861.39 861.39
-29.264900 -50.314899 DCRS-00084 2026-07-29_12:02 16.6 -999.9 -999.9 79.8 -999.9 -999.9 13.1 -999.9 -999.9 -999.9 -999.9 -999.9 9.9 -999.9 19.4 313.0 0.0 37.4 97.6 120.8 123.4 124.8 16.9 11.1 97.8 77.9 55.4 DCRS_-_São_Francisco_de_Paula/Cambará_do_Sul_(865_m) -999.9 -999.9 -999.9 -999.9 -999.9 14.0 10.7 547.0 Rio_Grande_do_Sul DCRS -999.9 0.0 37.4 861.38 861.39 860.77 1 0.05 861.39 861.39 861.39 861.39
-29.264900 -50.314899 DCRS-00084 2026-07-29_12:03 16.5 -999.9 -999.9 79.6 -999.9 -999.9 12.9 -999.9 -999.9 -999.9 -999.9 -999.9 10.7 -999.9 19.4 291.0 0.0 37.4 97.6 120.8 123.4 124.8 16.9 11.1 97.8 77.9 55.4 DCRS_-_São_Francisco_de_Paula/Cambará_do_Sul_(865_m) -999.9 -999.9 -999.9 -999.9 -999.9 14.0 10.7 547.0 Rio_Grande_do_Sul DCRS -999.9 0.0 37.4 861.38 861.39 860.77 1 0.04 861.39 861.39 861.39 861.39
-29.264900 -50.314899 DCRS-00084 2026-07-29_12:04 16.6 -999.9 -999.9 79.8 -999.9 -999.9 13.1 -999.9 -999.9 -999.9 -999.9 -999.9 7.8 -999.9 19.4 242.0 0.0 37.4 97.6 120.8 123.4 124.8 16.9 11.1 97.8 77.9 55.4 DCRS_-_São_Francisco_de_Paula/Cambará_do_Sul_(865_m) -999.9 -999.9 -999.9 -999.9 -999.9 14.0 10.7 547.0 Rio_Grande_do_Sul DCRS -999.9 0.0 37.4 861.38 861.39 860.77 1 0.04 861.39 861.39 861.39 861.39
-29.264900 -50.314899 DCRS-00084 2026-07-29_12:05 16.6 -999.9 -999.9 80.5 -999.9 -999.9 13.2 -999.9 -999.9 -999.9 -999.9 -999.9 9.5 -999.9 18.8 264.0 0.0 37.4 97.6 120.8 123.4 124.8 16.9 11.1 97.8 77.9 55.4 DCRS_-_São_Francisco_de_Paula/Cambará_do_Sul_(865_m) -999.9 -999.9 -999.9 -999.9 -999.9 14.0 10.7 547.0 Rio_Grande_do_Sul DCRS -999.9 0.0 37.4 861.38 861.39 860.77 1 0.04 861.39 861.39 861.39 861.39
-29.264900 -50.314899 DCRS-00084 2026-07-29_12:06 16.6 -999.9 -999.9 82.3 -999.9 -999.9 13.5 -999.9 -999.9 -999.9 -999.9 -999.9 5.1 -999.9 18.8 243.0 0.0 37.4 97.6 120.8 123.4 124.8 16.9 11.1 97.8 77.9 55.4 DCRS_-_São_Francisco_de_Paula/Cambará_do_Sul_(865_m) -999.9 -999.9 -999.9 -999.9 -999.9 14.0 10.7 547.0 Rio_Grande_do_Sul DCRS -999.9 0.0 37.4 861.36 861.39 860.77 1 0.03 861.39 861.39 861.39 861.39
-29.264900 -50.314899 DCRS-00084 2026-07-29_12:07 16.6 -999.9 -999.9 81.8 -999.9 -999.9 13.5 -999.9 -999.9 -999.9 -999.9 -999.9 6.0 -999.9 18.8 247.0 0.0 37.4 97.6 120.8 123.4 124.8 16.9 11.1 97.8 77.9 55.4 DCRS_-_São_Francisco_de_Paula/Cambará_do_Sul_(865_m) -999.9 -999.9 -999.9 -999.9 -999.9 14.0 10.7 547.0 Rio_Grande_do_Sul DCRS -999.9 0.0 37.4 861.39 861.39 860.77 1 0.04 861.39 861.39 861.39 861.39
-29.264900 -50.314899 DCRS-00084 2026-07-29_12:08 16.6 -999.9 -999.9 80.3 -999.9 -999.9 13.2 -999.9 -999.9 -999.9 -999.9 -999.9 6.7 -999.9 18.8 253.0 0.0 37.4 97.6 120.8 123.4 124.8 16.9 11.1 97.8 77.9 55.4 DCRS_-_São_Francisco_de_Paula/Cambará_do_Sul_(865_m) -999.9 -999.9 -999.9 -999.9 -999.9 14.0 10.7 547.0 Rio_Grande_do_Sul DCRS -999.9 0.0 37.4 861.38 861.39 860.77 1 0.04 861.39 861.39 861.39 861.39
-29.264900 -50.314899 DCRS-00084 2026-07-29_12:09 16.6 -999.9 -999.9 80.7 -999.9 -999.9 13.2 -999.9 -999.9 -999.9 -999.9 -999.9 9.9 -999.9 18.8 247.0 0.0 37.4 97.6 120.8 123.4 124.8 16.9 11.1 97.8 77.9 55.4 DCRS_-_São_Francisco_de_Paula/Cambará_do_Sul_(865_m) -999.9 -999.9 -999.9 -999.9 -999.9 14.0 10.7 547.0 Rio_Grande_do_Sul DCRS -999.9 0.0 37.4 861.38 861.39 860.77 1 0.04 861.39 861.39 861.39 861.39
-29.264900 -50.314899 DCRS-00084 2026-07-29_12:10 16.6 -999.9 -999.9 81.4 -999.9 -999.9 13.4 -999.9 -999.9 -999.9 -999.9 -999.9 -999.9 -999.9 10.2 319.0 0.0 37.4 97.6 120.8 123.4 124.8 16.9 11.1 97.8 77.9 55.4 DCRS_-_São_Francisco_de_Paula/Cambará_do_Sul_(865_m) -999.9 -999.9 -999.9 -999.9 -999.9 14.0 10.7 547.0 Rio_Grande_do_Sul DCRS -999.9 0.0 37.4 861.38 861.39 860.77 1 0.04 861.39 861.39 861.39 861.39
-29.264900 -50.314899 DCRS-00084 2026-07-29_12:11 16.7 -999.9 -999.9 81.8 -999.9 -999.9 13.5 -999.9 -999.9 -999.9 -999.9 -999.9 -999.9 -999.9 10.2 337.0 0.0 37.4 97.6 120.8 123.4 124.8 16.9 11.1 97.8 77.9 55.4 DCRS_-_São_Francisco_de_Paula/Cambará_do_Sul_(865_m) -999.9 -999.9 -999.9 -999.9 -999.9 14.0 10.7 547.0 Rio_Grande_do_Sul DCRS -999.9 0.0 37.4 861.38 861.39 860.77 1 0.05 861.39 861.39 861.39 861.39
-29.264900 -50.314899 DCRS-00084 2026-07-29_12:12 16.6 -999.9 -999.9 80.1 -999.9 -999.9 13.1 -999.9 -999.9 -999.9 -999.9 -999.9 3.1 -999.9 10.2 390.0 0.0 37.4 97.6 120.8 123.4 124.8 16.9 11.1 97.8 77.9 55.4 DCRS_-_São_Francisco_de_Paula/Cambará_do_Sul_(865_m) -999.9 -999.9 -999.9 -999.9 -999.9 14.0 10.7 547.0 Rio_Grande_do_Sul DCRS -999.9 0.0 37.4 861.38 861.39 860.77 1 0.05 861.39 861.39 861.39 861.39
-29.264900 -50.314899 DCRS-00084 2026-07-29_12:13 16.7 -999.9 -999.9 81.3 -999.9 -999.9 13.5 -999.9 -999.9 -999.9 -999.9 -999.9 5.6 -999.9 10.2 387.0 0.0 37.4 97.6 120.8 123.4 124.8 16.9 11.1 97.8 77.9 55.4 DCRS_-_São_Francisco_de_Paula/Cambará_do_Sul_(865_m) -999.9 -999.9 -999.9 -999.9 -999.9 14.0 10.7 547.0 Rio_Grande_do_Sul DCRS -999.9 0.0 37.4 861.39 861.39 860.77 1 0.05 861.39 861.39 861.39 861.39
-29.264900 -50.314899 DCRS-00084 2026-07-29_12:14 16.8 -999.9 -999.9 82.8 -999.9 -999.9 13.8 -999.9 -999.9 -999.9 -999.9 -999.9 5.5 -999.9 10.2 325.0 0.0 37.4 97.6 120.8 123.4 124.8 16.9 11.1 97.8 77.9 55.4 DCRS_-_São_Francisco_de_Paula/Cambará_do_Sul_(865_m) -999.9 -999.9 -999.9 -999.9 -999.9 14.0 10.7 547.0 Rio_Grande_do_Sul DCRS -999.9 0.0 37.4 861.38 861.39 860.77 1 0.04 861.39 861.39 861.39 861.39
-29.264900 -50.314899 DCRS-00084 2026-07-29_12:15 16.9 -999.9 -999.9 80.9 -999.9 -999.9 13.6 -999.9 -999.9 -999.9 -999.9 -999.9 2.2 -999.9 15.4 344.0 0.0 37.4 97.6 120.8 123.4 124.8 16.9 11.1 97.8 77.9 55.4 DCRS_-_São_Francisco_de_Paula/Cambará_do_Sul_(865_m) -999.9 -999.9 -999.9 -999.9 -999.9 14.0 10.7 547.0 Rio_Grande_do_Sul DCRS -999.9 0.0 37.4 861.39 861.39 860.77 1 0.05 861.39 861.39 861.39 861.39
-29.264900 -50.314899 DCRS-00084 2026-07-29_12:16 16.9 -999.9 -999.9 79.5 -999.9 -999.9 13.3 -999.9 -999.9 -999.9 -999.9 -999.9 9.8 -999.9 15.4 420.0 0.0 37.4 97.6 120.8 123.4 124.8 16.9 11.1 97.8 77.9 55.4 DCRS_-_São_Francisco_de_Paula/Cambará_do_Sul_(865_m) -999.9 -999.9 -999.9 -999.9 -999.9 14.0 10.7 547.0 Rio_Grande_do_Sul DCRS -999.9 0.0 37.4 861.38 861.39 860.77 1 0.04 861.39 861.39 861.39 861.39
-29.264900 -50.314899 DCRS-00084 2026-07-29_12:17 16.9 -999.9 -999.9 80.0 -999.9 -999.9 13.4 -999.9 -999.9 -999.9 -999.9 -999.9 4.7 -999.9 15.4 358.0 0.0 37.4 97.6 120.8 123.4 124.8 16.9 11.1 97.8 77.9 55.4 DCRS_-_São_Francisco_de_Paula/Cambará_do_Sul_(865_m) -999.9 -999.9 -999.9 -999.9 -999.9 14.0 10.7 547.0 Rio_Grande_do_Sul DCRS -999.9 0.0 37.4 861.38 861.39 860.77 1 0.02 861.39 861.39 861.39 861.39
-29.264900 -50.314899 DCRS-00084 2026-07-29_12:18 16.9 -999.9 -999.9 82.3 -999.9 -999.9 13.8 -999.9 -999.9 -999.9 -999.9 -999.9 3.8 -999.9 15.4 257.0 0.0 37.4 97.6 120.8 123.4 124.8 16.9 11.1 97.8 77.9 55.4 DCRS_-_São_Francisco_de_Paula/Cambará_do_Sul_(865_m) -999.9 -999.9 -999.9 -999.9 -999.9 14.0 10.7 547.0 Rio_Grande_do_Sul DCRS -999.9 0.0 37.4 861.39 861.39 860.77 1 0.04 861.39 861.39 861.39 861.39
-29.264900 -50.314899 DCRS-00084 2026-07-29_12:19 16.9 -999.9 -999.9 80.1 -999.9 -999.9 13.4 -999.9 -999.9 -999.9 -999.9 -999.9 7.0 -999.9 15.4 286.0 0.0 37.4 97.6 120.8 123.4 124.8 16.9 11.1 97.8 77.9 55.4 DCRS_-_São_Francisco_de_Paula/Cambará_do_Sul_(865_m) -999.9 -999.9 -999.9 -999.9 -999.9 14.0 10.7 547.0 Rio_Grande_do_Sul DCRS -999.9 0.0 37.4 861.38 861.39 860.77 1 0.03 861.39 861.39 861.39 861.39
-29.264900 -50.314899 DCRS-00084 2026-07-29_12:20 17.0 -999.9 -999.9 79.6 -999.9 -999.9 13.4 -999.9 -999.9 -999.9 -999.9 -999.9 7.2 -999.9 11.7 271.0 0.0 37.4 97.6 120.8 123.4 124.8 17.0 11.1 97.8 77.9 55.4 DCRS_-_São_Francisco_de_Paula/Cambará_do_Sul_(865_m) -999.9 -999.9 -999.9 -999.9 -999.9 14.0 10.7 547.0 Rio_Grande_do_Sul DCRS -999.9 0.0 37.4 861.38 861.39 860.77 1 0.02 861.39 861.39 861.39 861.39
-29.264900 -50.314899 DCRS-00084 2026-07-29_12:21 16.9 -999.9 -999.9 78.9 -999.9 -999.9 13.2 -999.9 -999.9 -999.9 -999.9 -999.9 4.0 -999.9 11.7 311.0 0.0 37.4 97.6 120.8 123.4 124.8 17.0 11.1 97.8 77.9 55.4 DCRS_-_São_Francisco_de_Paula/Cambará_do_Sul_(865_m) -999.9 -999.9 -999.9 -999.9 -999.9 14.0 10.7 547.0 Rio_Grande_do_Sul DCRS -999.9 0.0 37.4 861.38 861.39 860.77 1 0.02 861.39 861.39 861.39 861.39
-29.264900 -50.314899 DCRS-00084 2026-07-29_12:22 16.9 -999.9 -999.9 78.8 -999.9 -999.9 13.2 -999.9 -999.9 -999.9 -999.9 -999.9 2.3 -999.9 11.7 334.0 0.0 37.4 97.6 120.8 123.4 124.8 17.0 11.1 97.8 77.9 55.4 DCRS_-_São_Francisco_de_Paula/Cambará_do_Sul_(865_m) -999.9 -999.9 -999.9 -999.9 -999.9 14.0 10.7 547.0 Rio_Grande_do_Sul DCRS -999.9 0.0 37.4 861.38 861.39 860.77 1 0.02 861.39 861.39 861.39 861.39
-29.264900 -50.314899 DCRS-00084 2026-07-29_12:23 17.0 -999.9 -999.9 79.2 -999.9 -999.9 13.3 -999.9 -999.9 -999.9 -999.9 -999.9 6.3 -999.9 11.7 341.0 0.0 37.4 97.6 120.8 123.4 124.8 17.0 11.1 97.8 77.9 55.4 DCRS_-_São_Francisco_de_Paula/Cambará_do_Sul_(865_m) -999.9 -999.9 -999.9 -999.9 -999.9 14.0 10.7 547.0 Rio_Grande_do_Sul DCRS -999.9 0.0 37.4 861.39 861.39 860.77 1 0.03 861.39 861.39 861.39 861.39
-29.264900 -50.314899 DCRS-00084 2026-07-29_12:24 17.1 -999.9 -999.9 79.5 -999.9 -999.9 13.5 -999.9 -999.9 -999.9 -999.9 -999.9 6.8 -999.9 11.7 387.0 0.0 37.4 97.6 120.8 123.4 124.8 17.1 11.1 97.8 77.9 55.4 DCRS_-_São_Francisco_de_Paula/Cambará_do_Sul_(865_m) -999.9 -999.9 -999.9 -999.9 -999.9 14.0 10.7 547.0 Rio_Grande_do_Sul DCRS -999.9 0.0 37.4 861.39 861.39 860.77 1 0.04 861.39 861.39 861.39 861.39
-29.264900 -50.314899 DCRS-00084 2026-07-29_12:25 17.0 -999.9 -999.9 79.9 -999.9 -999.9 13.5 -999.9 -999.9 -999.9 -999.9 -999.9 4.9 -999.9 8.5 446.0 0.0 37.4 97.6 120.8 123.4 124.8 17.1 11.1 97.8 77.9 55.4 DCRS_-_São_Francisco_de_Paula/Cambará_do_Sul_(865_m) -999.9 -999.9 -999.9 -999.9 -999.9 14.0 10.7 547.0 Rio_Grande_do_Sul DCRS -999.9 0.0 37.4 861.4 861.4 860.77 1 0.04 861.4 861.4 861.4 861.4
-29.264900 -50.314899 DCRS-00084 2026-07-29_12:26 17.1 -999.9 -999.9 80.3 -999.9 -999.9 13.7 -999.9 -999.9 -999.9 -999.9 -999.9 5.7 -999.9 8.5 425.0 0.0 37.4 97.6 120.8 123.4 124.8 17.1 11.1 97.8 77.9 55.4 DCRS_-_São_Francisco_de_Paula/Cambará_do_Sul_(865_m) -999.9 -999.9 -999.9 -999.9 -999.9 14.0 10.7 547.0 Rio_Grande_do_Sul DCRS -999.9 0.0 37.4 861.38 861.4 860.77 1 0.02 861.4 861.4 861.4 861.4
-29.264900 -50.314899 DCRS-00084 2026-07-29_12:27 17.1 -999.9 -999.9 80.7 -999.9 -999.9 13.7 -999.9 -999.9 -999.9 -999.9 -999.9 2.6 -999.9 8.5 434.0 0.0 37.4 97.6 120.8 123.4 124.8 17.1 11.1 97.8 77.9 55.4 DCRS_-_São_Francisco_de_Paula/Cambará_do_Sul_(865_m) -999.9 -999.9 -999.9 -999.9 -999.9 14.0 10.7 547.0 Rio_Grande_do_Sul DCRS -999.9 0.0 37.4 861.4 861.4 860.77 1 0.04 861.4 861.4 861.4 861.4
-29.264900 -50.314899 DCRS-00084 2026-07-29_12:28 17.2 -999.9 -999.9 80.0 -999.9 -999.9 13.7 -999.9 -999.9 -999.9 -999.9 -999.9 5.5 -999.9 8.5 463.0 0.0 37.4 97.6 120.8 123.4 124.8 17.2 11.1 97.8 77.9 55.4 DCRS_-_São_Francisco_de_Paula/Cambará_do_Sul_(865_m) -999.9 -999.9 -999.9 -999.9 -999.9 14.0 10.7 547.0 Rio_Grande_do_Sul DCRS -999.9 0.0 37.4 861.39 861.4 860.77 1 0.03 861.4 861.4 861.4 861.4
-29.264900 -50.314899 DCRS-00084 2026-07-29_12:29 17.2 -999.9 -999.9 77.9 -999.9 -999.9 13.3 -999.9 -999.9 -999.9 -999.9 -999.9 2.9 -999.9 8.5 482.0 0.0 37.4 97.6 120.8 123.4 124.8 17.2 11.1 97.8 77.9 55.4 DCRS_-_São_Francisco_de_Paula/Cambará_do_Sul_(865_m) -999.9 -999.9 -999.9 -999.9 -999.9 14.0 10.7 547.0 Rio_Grande_do_Sul DCRS -999.9 0.0 37.4 861.4 861.4 860.77 1 0.04 861.4 861.4 861.4 861.4
-29.264900 -50.314899 DCRS-00084 2026-07-29_12:30 17.3 -999.9 -999.9 77.5 -999.9 -999.9 13.3 -999.9 -999.9 -999.9 -999.9 -999.9 2.9 -999.9 7.2 491.0 0.0 37.4 97.6 120.8 123.4 124.8 17.3 11.1 97.8 77.5 55.4 DCRS_-_São_Francisco_de_Paula/Cambará_do_Sul_(865_m) -999.9 -999.9 -999.9 -999.9 -999.9 14.0 10.7 547.0 Rio_Grande_do_Sul DCRS -999.9 0.0 37.4 861.4 861.4 860.77 1 0.04 861.4 861.4 861.4 861.4
-29.264900 -50.314899 DCRS-00084 2026-07-29_12:31 17.4 -999.9 -999.9 77.5 -999.9 -999.9 13.4 -999.9 -999.9 -999.9 -999.9 -999.9 2.1 -999.9 7.2 508.0 0.0 37.4 97.6 120.8 123.4 124.8 17.4 11.1 97.8 77.5 55.4 DCRS_-_São_Francisco_de_Paula/Cambará_do_Sul_(865_m) -999.9 -999.9 -999.9 -999.9 -999.9 14.0 10.7 547.0 Rio_Grande_do_Sul DCRS -999.9 0.0 37.4 861.38 861.4 860.77 1 0.01 861.4 861.4 861.4 861.4
-29.264900 -50.314899 DCRS-00084 2026-07-29_12:32 17.4 -999.9 -999.9 77.2 -999.9 -999.9 13.3 -999.9 -999.9 -999.9 -999.9 -999.9 5.1 -999.9 7.2 521.0 0.0 37.4 97.6 120.8 123.4 124.8 17.4 11.1 97.8 77.2 55.4 DCRS_-_São_Francisco_de_Paula/Cambará_do_Sul_(865_m) -999.9 -999.9 -999.9 -999.9 -999.9 14.0 10.7 547.0 Rio_Grande_do_Sul DCRS -999.9 0.0 37.4 861.39 861.4 860.77 1 0.03 861.4 861.4 861.4 861.4
-29.264900 -50.314899 DCRS-00084 2026-07-29_12:33 17.5 -999.9 -999.9 76.9 -999.9 -999.9 13.4 -999.9 -999.9 -999.9 -999.9 -999.9 4.3 -999.9 7.2 514.0 0.0 37.4 97.6 120.8 123.4 124.8 17.5 11.1 97.8 76.9 55.4 DCRS_-_São_Francisco_de_Paula/Cambará_do_Sul_(865_m) -999.9 -999.9 -999.9 -999.9 -999.9 14.0 10.7 547.0 Rio_Grande_do_Sul DCRS -999.9 0.0 37.4 861.39 861.4 860.77 1 0.02 861.4 861.4 861.4 861.4
-29.264900 -50.314899 DCRS-00084 2026-07-29_12:35 17.7 -999.9 -999.9 78.5 -999.9 -999.9 13.9 -999.9 -999.9 -999.9 -999.9 -999.9 3.2 -999.9 6.3 492.0 0.0 37.4 97.6 120.8 123.4 124.8 17.7 11.1 97.8 76.9 55.4 DCRS_-_São_Francisco_de_Paula/Cambará_do_Sul_(865_m) -999.9 -999.9 -999.9 -999.9 -999.9 14.0 10.7 547.0 Rio_Grande_do_Sul DCRS -999.9 0.0 37.4 861.39 861.4 860.77 1 0.03 861.4 861.4 861.4 861.4
-29.264900 -50.314899 DCRS-00084 2026-07-29_12:36 17.8 -999.9 -999.9 76.0 -999.9 -999.9 13.5 -999.9 -999.9 -999.9 -999.9 -999.9 3.0 -999.9 6.3 501.0 0.0 37.4 97.6 120.8 123.4 124.8 17.8 11.1 97.8 76.0 55.4 DCRS_-_São_Francisco_de_Paula/Cambará_do_Sul_(865_m) -999.9 -999.9 -999.9 -999.9 -999.9 14.0 10.7 547.0 Rio_Grande_do_Sul DCRS -999.9 0.0 37.4 861.4 861.4 860.77 1 0.03 861.4 861.4 861.4 861.4
-29.264900 -50.314899 DCRS-00084 2026-07-29_12:37 17.8 -999.9 -999.9 74.5 -999.9 -999.9 13.2 -999.9 -999.9 -999.9 -999.9 -999.9 4.3 -999.9 6.3 491.0 0.0 37.4 97.6 120.8 123.4 124.8 17.8 11.1 97.8 74.5 55.4 DCRS_-_São_Francisco_de_Paula/Cambará_do_Sul_(865_m) -999.9 -999.9 -999.9 -999.9 -999.9 14.0 10.7 547.0 Rio_Grande_do_Sul DCRS -999.9 0.0 37.4 861.4 861.4 860.77 1 0.03 861.4 861.4 861.4 861.4
-29.264900 -50.314899 DCRS-00084 2026-07-29_12:38 17.7 -999.9 -999.9 76.1 -999.9 -999.9 13.4 -999.9 -999.9 -999.9 -999.9 -999.9 1.8 -999.9 6.3 456.0 0.0 37.4 97.6 120.8 123.4 124.8 17.8 11.1 97.8 74.5 55.4 DCRS_-_São_Francisco_de_Paula/Cambará_do_Sul_(865_m) -999.9 -999.9 -999.9 -999.9 -999.9 14.0 10.7 547.0 Rio_Grande_do_Sul DCRS -999.9 0.0 37.4 861.4 861.4 860.77 1 0.04 861.4 861.4 861.4 861.4
-29.264900 -50.314899 DCRS-00084 2026-07-29_12:39 17.8 -999.9 -999.9 76.9 -999.9 -999.9 13.7 -999.9 -999.9 -999.9 -999.9 -999.9 3.5 -999.9 6.3 429.0 0.0 37.4 97.6 120.8 123.4 124.8 17.8 11.1 97.8 74.5 55.4 DCRS_-_São_Francisco_de_Paula/Cambará_do_Sul_(865_m) -999.9 -999.9 -999.9 -999.9 -999.9 14.0 10.7 547.0 Rio_Grande_do_Sul DCRS -999.9 0.0 37.4 861.4 861.4 860.77 1 0.04 861.4 861.4 861.4 861.4
-29.264900 -50.314899 DCRS-00084 2026-07-29_12:40 17.8 -999.9 -999.9 76.4 -999.9 -999.9 13.6 -999.9 -999.9 -999.9 -999.9 -999.9 2.6 -999.9 8.0 385.0 0.0 37.4 97.6 120.8 123.4 124.8 17.8 11.1 97.8 74.5 55.4 DCRS_-_São_Francisco_de_Paula/Cambará_do_Sul_(865_m) -999.9 -999.9 -999.9 -999.9 -999.9 14.0 10.7 547.0 Rio_Grande_do_Sul DCRS -999.9 0.0 37.4 861.4 861.4 860.77 1 0.04 861.4 861.4 861.4 861.4
-29.264900 -50.314899 DCRS-00084 2026-07-29_12:41 17.7 -999.9 -999.9 75.6 -999.9 -999.9 13.3 -999.9 -999.9 -999.9 -999.9 -999.9 6.3 -999.9 8.0 410.0 0.0 37.4 97.6 120.8 123.4 124.8 17.8 11.1 97.8 74.5 55.4 DCRS_-_São_Francisco_de_Paula/Cambará_do_Sul_(865_m) -999.9 -999.9 -999.9 -999.9 -999.9 14.0 10.7 547.0 Rio_Grande_do_Sul DCRS -999.9 0.0 37.4 861.4 861.4 860.77 1 0.04 861.4 861.4 861.4 861.4
-29.264900 -50.314899 DCRS-00084 2026-07-29_12:42 17.7 -999.9 -999.9 74.3 -999.9 -999.9 13.0 -999.9 -999.9 -999.9 -999.9 -999.9 2.0 -999.9 8.0 352.0 0.0 37.4 97.6 120.8 123.4 124.8 17.8 11.1 97.8 74.3 55.4 DCRS_-_São_Francisco_de_Paula/Cambará_do_Sul_(865_m) -999.9 -999.9 -999.9 -999.9 -999.9 14.0 10.7 547.0 Rio_Grande_do_Sul DCRS -999.9 0.0 37.4 861.39 861.4 860.77 1 0.02 861.4 861.4 861.4 861.4
-29.264900 -50.314899 DCRS-00084 2026-07-29_12:43 17.6 -999.9 -999.9 74.6 -999.9 -999.9 13.0 -999.9 -999.9 -999.9 -999.9 -999.9 0.0 -999.9 8.0 427.0 0.0 37.4 97.6 120.8 123.4 124.8 17.8 11.1 97.8 74.3 55.4 DCRS_-_São_Francisco_de_Paula/Cambará_do_Sul_(865_m) -999.9 -999.9 -999.9 -999.9 -999.9 14.0 10.7 547.0 Rio_Grande_do_Sul DCRS -999.9 0.0 37.4 861.39 861.4 860.77 1 0.02 861.4 861.4 861.4 861.4
-29.264900 -50.314899 DCRS-00084 2026-07-29_12:44 17.6 -999.9 -999.9 73.5 -999.9 -999.9 12.8 -999.9 -999.9 -999.9 -999.9 -999.9 5.7 -999.9 8.0 494.0 0.0 37.4 97.6 120.8 123.4 124.8 17.8 11.1 97.8 73.5 55.4 DCRS_-_São_Francisco_de_Paula/Cambará_do_Sul_(865_m) -999.9 -999.9 -999.9 -999.9 -999.9 14.0 10.7 547.0 Rio_Grande_do_Sul DCRS -999.9 0.0 37.4 861.4 861.4 860.77 1 0.03 861.4 861.4 861.4 861.4
-29.264900 -50.314899 DCRS-00084 2026-07-29_12:45 17.6 -999.9 -999.9 73.8 -999.9 -999.9 12.8 -999.9 -999.9 -999.9 -999.9 -999.9 5.2 -999.9 9.7 484.0 0.0 37.4 97.6 120.8 123.4 124.8 17.8 11.1 97.8 73.5 55.4 DCRS_-_São_Francisco_de_Paula/Cambará_do_Sul_(865_m) -999.9 -999.9 -999.9 -999.9 -999.9 14.0 10.7 547.0 Rio_Grande_do_Sul DCRS -999.9 0.0 37.4 861.39 861.4 860.77 1 0.02 861.4 861.4 861.4 861.4
-29.264900 -50.314899 DCRS-00084 2026-07-29_12:46 17.6 -999.9 -999.9 74.2 -999.9 -999.9 12.9 -999.9 -999.9 -999.9 -999.9 -999.9 5.3 -999.9 9.7 454.0 0.0 37.4 97.6 120.8 123.4 124.8 17.8 11.1 97.8 73.5 55.4 DCRS_-_São_Francisco_de_Paula/Cambará_do_Sul_(865_m) -999.9 -999.9 -999.9 -999.9 -999.9 14.0 10.7 547.0 Rio_Grande_do_Sul DCRS -999.9 0.0 37.4 861.4 861.4 860.77 1 0.03 861.4 861.4 861.4 861.4
-29.264900 -50.314899 DCRS-00084 2026-07-29_12:47 17.6 -999.9 -999.9 75.3 -999.9 -999.9 13.1 -999.9 -999.9 -999.9 -999.9 -999.9 7.1 -999.9 9.7 412.0 0.0 37.4 97.6 120.8 123.4 124.8 17.8 11.1 97.8 73.5 55.4 DCRS_-_São_Francisco_de_Paula/Cambará_do_Sul_(865_m) -999.9 -999.9 -999.9 -999.9 -999.9 14.0 10.7 547.0 Rio_Grande_do_Sul DCRS -999.9 0.0 37.4 861.4 861.4 860.77 1 0.03 861.4 861.4 861.4 861.4
-29.264900 -50.314899 DCRS-00084 2026-07-29_12:48 17.7 -999.9 -999.9 75.3 -999.9 -999.9 13.2 -999.9 -999.9 -999.9 -999.9 -999.9 0.0 -999.9 9.7 461.0 0.0 37.4 97.6 120.8 123.4 124.8 17.8 11.1 97.8 73.5 55.4 DCRS_-_São_Francisco_de_Paula/Cambará_do_Sul_(865_m) -999.9 -999.9 -999.9 -999.9 -999.9 14.0 10.7 547.0 Rio_Grande_do_Sul DCRS -999.9 0.0 37.4 861.4 861.4 860.77 1 0.03 861.4 861.4 861.4 861.4
-29.264900 -50.314899 DCRS-00084 2026-07-29_12:49 17.7 -999.9 -999.9 74.7 -999.9 -999.9 13.1 -999.9 -999.9 -999.9 -999.9 -999.9 3.9 -999.9 9.7 448.0 0.0 37.4 97.6 120.8 123.4 124.8 17.8 11.1 97.8 73.5 55.4 DCRS_-_São_Francisco_de_Paula/Cambará_do_Sul_(865_m) -999.9 -999.9 -999.9 -999.9 -999.9 14.0 10.7 547.0 Rio_Grande_do_Sul DCRS -999.9 0.0 37.4 861.4 861.4 860.77 1 0.03 861.4 861.4 861.4 861.4
-29.264900 -50.314899 DCRS-00084 2026-07-29_12:50 17.7 -999.9 -999.9 75.0 -999.9 -999.9 13.2 -999.9 -999.9 -999.9 -999.9 -999.9 0.0 -999.9 10.3 411.0 0.0 37.4 97.6 120.8 123.4 124.8 17.8 11.1 97.8 73.5 55.4 DCRS_-_São_Francisco_de_Paula/Cambará_do_Sul_(865_m) -999.9 -999.9 -999.9 -999.9 -999.9 14.0 10.7 547.0 Rio_Grande_do_Sul DCRS -999.9 0.0 37.4 861.4 861.4 860.77 1 0.03 861.4 861.4 861.4 861.4
-29.264900 -50.314899 DCRS-00084 2026-07-29_12:51 17.7 -999.9 -999.9 76.8 -999.9 -999.9 13.5 -999.9 -999.9 -999.9 -999.9 -999.9 0.0 -999.9 10.3 436.0 0.0 37.4 97.6 120.8 123.4 124.8 17.8 11.1 97.8 73.5 55.4 DCRS_-_São_Francisco_de_Paula/Cambará_do_Sul_(865_m) -999.9 -999.9 -999.9 -999.9 -999.9 14.0 10.7 547.0 Rio_Grande_do_Sul DCRS -999.9 0.0 37.4 861.4 861.4 860.77 1 0.03 861.4 861.4 861.4 861.4
-29.264900 -50.314899 DCRS-00084 2026-07-29_12:52 17.8 -999.9 -999.9 75.4 -999.9 -999.9 13.4 -999.9 -999.9 -999.9 -999.9 -999.9 2.3 -999.9 10.3 447.0 0.0 37.4 97.6 120.8 123.4 124.8 17.8 11.1 97.8 73.5 55.4 DCRS_-_São_Francisco_de_Paula/Cambará_do_Sul_(865_m) -999.9 -999.9 -999.9 -999.9 -999.9 14.0 10.7 547.0 Rio_Grande_do_Sul DCRS -999.9 0.0 37.4 861.4 861.4 860.77 1 0.03 861.4 861.4 861.4 861.4
-29.264900 -50.314899 DCRS-00084 2026-07-29_12:53 17.8 -999.9 -999.9 75.5 -999.9 -999.9 13.4 -999.9 -999.9 -999.9 -999.9 -999.9 2.0 -999.9 10.3 436.0 0.0 37.4 97.6 120.8 123.4 124.8 17.8 11.1 97.8 73.5 55.4 DCRS_-_São_Francisco_de_Paula/Cambará_do_Sul_(865_m) -999.9 -999.9 -999.9 -999.9 -999.9 14.0 10.7 547.0 Rio_Grande_do_Sul DCRS -999.9 0.0 37.4 861.4 861.4 860.77 1 0.03 861.4 861.4 861.4 861.4
-29.264900 -50.314899 DCRS-00084 2026-07-29_12:54 17.7 -999.9 -999.9 74.8 -999.9 -999.9 13.1 -999.9 -999.9 -999.9 -999.9 -999.9 1.9 -999.9 10.3 397.0 0.0 37.4 97.6 120.8 123.4 124.8 17.8 11.1 97.8 73.5 55.4 DCRS_-_São_Francisco_de_Paula/Cambará_do_Sul_(865_m) -999.9 -999.9 -999.9 -999.9 -999.9 14.0 10.7 547.0 Rio_Grande_do_Sul DCRS -999.9 0.0 37.4 861.39 861.4 860.77 1 0.0 861.4 861.4 861.4 861.4
-29.264900 -50.314899 DCRS-00084 2026-07-29_12:55 17.7 -999.9 -999.9 76.2 -999.9 -999.9 13.4 -999.9 -999.9 -999.9 -999.9 -999.9 0.0 -999.9 4.7 366.0 0.0 37.4 97.6 120.8 123.4 124.8 17.8 11.1 97.8 73.5 55.4 DCRS_-_São_Francisco_de_Paula/Cambará_do_Sul_(865_m) -999.9 -999.9 -999.9 -999.9 -999.9 14.0 10.7 547.0 Rio_Grande_do_Sul DCRS -999.9 0.0 37.4 861.4 861.4 860.77 1 0.02 861.4 861.4 861.4 861.4
-29.264900 -50.314899 DCRS-00084 2026-07-29_12:56 17.7 -999.9 -999.9 75.8 -999.9 -999.9 13.3 -999.9 -999.9 -999.9 -999.9 -999.9 0.0 -999.9 4.7 377.0 0.0 37.4 97.6 120.8 123.4 124.8 17.8 11.1 97.8 73.5 55.4 DCRS_-_São_Francisco_de_Paula/Cambará_do_Sul_(865_m) -999.9 -999.9 -999.9 -999.9 -999.9 14.0 10.7 547.0 Rio_Grande_do_Sul DCRS -999.9 0.0 37.4 861.4 861.4 860.77 1 0.03 861.4 861.4 861.4 861.4
-29.264900 -50.314899 DCRS-00084 2026-07-29_12:57 17.8 -999.9 -999.9 76.1 -999.9 -999.9 13.5 -999.9 -999.9 -999.9 -999.9 -999.9 3.9 -999.9 4.7 367.0 0.0 37.4 97.6 120.8 123.4 124.8 17.8 11.1 97.8 73.5 55.4 DCRS_-_São_Francisco_de_Paula/Cambará_do_Sul_(865_m) -999.9 -999.9 -999.9 -999.9 -999.9 14.0 10.7 547.0 Rio_Grande_do_Sul DCRS -999.9 0.0 37.4 861.4 861.4 860.77 1 0.03 861.4 861.4 861.4 861.4
-29.264900 -50.314899 DCRS-00084 2026-07-29_12:58 17.9 -999.9 -999.9 77.3 -999.9 -999.9 13.8 -999.9 -999.9 -999.9 -999.9 -999.9 0.0 -999.9 4.7 358.0 0.0 37.4 97.6 120.8 123.4 124.8 17.9 11.1 97.8 73.5 55.4 DCRS_-_São_Francisco_de_Paula/Cambará_do_Sul_(865_m) -999.9 -999.9 -999.9 -999.9 -999.9 14.0 10.7 547.0 Rio_Grande_do_Sul DCRS -999.9 0.0 37.4 861.41 861.41 860.77 1 0.03 861.41 861.41 861.41 861.41
-29.264900 -50.314899 DCRS-00084 2026-07-29_12:59 18.0 -999.9 -999.9 75.3 -999.9 -999.9 13.5 -999.9 -999.9 -999.9 -999.9 -999.9 0.0 -999.9 4.7 361.0 0.0 37.4 97.6 120.8 123.4 124.8 18.0 11.1 97.8 73.5 55.4 DCRS_-_São_Francisco_de_Paula/Cambará_do_Sul_(865_m) -999.9 -999.9 -999.9 -999.9 -999.9 14.0 10.7 547.0 Rio_Grande_do_Sul DCRS -999.9 0.0 37.4 861.41 861.41 860.77 1 0.04 861.41 861.41 861.41 861.41
-29.264900 -50.314899 DCRS-00084 2026-07-29_13:00 18.0 -999.9 -999.9 74.6 -999.9 -999.9 13.4 -999.9 -999.9 -999.9 -999.9 -999.9 3.0 -999.9 4.4 372.0 0.0 37.4 97.6 120.8 123.4 124.8 18.0 11.1 97.8 73.5 55.4 DCRS_-_São_Francisco_de_Paula/Cambará_do_Sul_(865_m) -999.9 -999.9 -999.9 -999.9 -999.9 14.0 10.7 547.0 Rio_Grande_do_Sul DCRS -999.9 0.0 37.4 861.41 861.41 860.77 1 0.03 861.41 861.41 861.41 861.41
-29.264900 -50.314899 DCRS-00084 2026-07-29_13:01 18.1 -999.9 -999.9 74.8 -999.9 -999.9 13.5 -999.9 -999.9 -999.9 -999.9 -999.9 0.0 -999.9 4.4 310.0 0.0 37.4 97.6 120.8 123.4 124.8 18.1 11.1 97.8 73.5 55.4 DCRS_-_São_Francisco_de_Paula/Cambará_do_Sul_(865_m) -999.9 -999.9 -999.9 -999.9 -999.9 14.0 10.7 547.0 Rio_Grande_do_Sul DCRS -999.9 0.0 37.4 861.41 861.41 860.77 1 0.04 861.41 861.41 861.41 861.41
-29.264900 -50.314899 DCRS-00084 2026-07-29_13:02 18.1 -999.9 -999.9 74.7 -999.9 -999.9 13.5 -999.9 -999.9 -999.9 -999.9 -999.9 2.4 -999.9 4.4 361.0 0.0 37.4 97.6 120.8 123.4 124.8 18.1 11.1 97.8 73.5 55.4 DCRS_-_São_Francisco_de_Paula/Cambará_do_Sul_(865_m) -999.9 -999.9 -999.9 -999.9 -999.9 14.0 10.7 547.0 Rio_Grande_do_Sul DCRS -999.9 0.0 37.4 861.41 861.41 860.77 1 0.03 861.41 861.41 861.41 861.41
-29.264900 -50.314899 DCRS-00084 2026-07-29_13:03 18.1 -999.9 -999.9 75.9 -999.9 -999.9 13.8 -999.9 -999.9 -999.9 -999.9 -999.9 0.0 -999.9 4.4 350.0 0.0 37.4 97.6 120.8 123.4 124.8 18.1 11.1 97.8 73.5 55.4 DCRS_-_São_Francisco_de_Paula/Cambará_do_Sul_(865_m) -999.9 -999.9 -999.9 -999.9 -999.9 14.0 10.7 547.0 Rio_Grande_do_Sul DCRS -999.9 0.0 37.4 861.41 861.41 860.77 1 0.03 861.41 861.41 861.41 861.41
-29.264900 -50.314899 DCRS-00084 2026-07-29_13:04 18.1 -999.9 -999.9 72.6 -999.9 -999.9 13.1 -999.9 -999.9 -999.9 -999.9 -999.9 3.1 -999.9 4.4 364.0 0.0 37.4 97.6 120.8 123.4 124.8 18.1 11.1 97.8 72.6 55.4 DCRS_-_São_Francisco_de_Paula/Cambará_do_Sul_(865_m) -999.9 -999.9 -999.9 -999.9 -999.9 14.0 10.7 547.0 Rio_Grande_do_Sul DCRS -999.9 0.0 37.4 861.41 861.41 860.77 1 0.03 861.41 861.41 861.41 861.41
-29.264900 -50.314899 DCRS-00084 2026-07-29_13:05 18.1 -999.9 -999.9 72.8 -999.9 -999.9 13.1 -999.9 -999.9 -999.9 -999.9 -999.9 6.1 -999.9 8.1 374.0 0.0 37.4 97.6 120.8 123.4 124.8 18.1 11.1 97.8 72.6 55.4 DCRS_-_São_Francisco_de_Paula/Cambará_do_Sul_(865_m) -999.9 -999.9 -999.9 -999.9 -999.9 14.0 10.7 547.0 Rio_Grande_do_Sul DCRS -999.9 0.0 37.4 861.41 861.41 860.77 1 0.03 861.41 861.41 861.41 861.41
-29.264900 -50.314899 DCRS-00084 2026-07-29_13:06 18.1 -999.9 -999.9 72.3 -999.9 -999.9 13.0 -999.9 -999.9 -999.9 -999.9 -999.9 3.1 -999.9 8.1 380.0 0.0 37.4 97.6 120.8 123.4 124.8 18.1 11.1 97.8 72.3 55.4 DCRS_-_São_Francisco_de_Paula/Cambará_do_Sul_(865_m) -999.9 -999.9 -999.9 -999.9 -999.9 14.0 10.7 547.0 Rio_Grande_do_Sul DCRS -999.9 0.0 37.4 861.41 861.41 860.77 1 0.05 861.41 861.41 861.41 861.41
-29.264900 -50.314899 DCRS-00084 2026-07-29_13:07 18.0 -999.9 -999.9 72.7 -999.9 -999.9 13.0 -999.9 -999.9 -999.9 -999.9 -999.9 8.1 -999.9 8.1 358.0 0.0 37.4 97.6 120.8 123.4 124.8 18.1 11.1 97.8 72.3 55.4 DCRS_-_São_Francisco_de_Paula/Cambará_do_Sul_(865_m) -999.9 -999.9 -999.9 -999.9 -999.9 14.0 10.7 547.0 Rio_Grande_do_Sul DCRS -999.9 0.0 37.4 861.41 861.41 860.77 1 0.03 861.41 861.41 861.41 861.41
-29.264900 -50.314899 DCRS-00084 2026-07-29_13:08 18.0 -999.9 -999.9 74.4 -999.9 -999.9 13.3 -999.9 -999.9 -999.9 -999.9 -999.9 0.0 -999.9 8.1 332.0 0.0 37.4 97.6 120.8 123.4 124.8 18.1 11.1 97.8 72.3 55.4 DCRS_-_São_Francisco_de_Paula/Cambará_do_Sul_(865_m) -999.9 -999.9 -999.9 -999.9 -999.9 14.0 10.7 547.0 Rio_Grande_do_Sul DCRS -999.9 0.0 37.4 861.41 861.41 860.77 1 0.03 861.41 861.41 861.41 861.41
-29.264900 -50.314899 DCRS-00084 2026-07-29_13:09 18.0 -999.9 -999.9 74.2 -999.9 -999.9 13.3 -999.9 -999.9 -999.9 -999.9 -999.9 0.0 -999.9 8.1 327.0 0.0 37.4 97.6 120.8 123.4 124.8 18.1 11.1 97.8 72.3 55.4 DCRS_-_São_Francisco_de_Paula/Cambará_do_Sul_(865_m) -999.9 -999.9 -999.9 -999.9 -999.9 14.0 10.7 547.0 Rio_Grande_do_Sul DCRS -999.9 0.0 37.4 861.42 861.42 860.77 1 0.04 861.42 861.42 861.42 861.42
-29.264900 -50.314899 DCRS-00084 2026-07-29_13:10 18.0 -999.9 -999.9 73.9 -999.9 -999.9 13.2 -999.9 -999.9 -999.9 -999.9 -999.9 3.0 -999.9 10.5 359.0 0.0 37.4 97.6 120.8 123.4 124.8 18.1 11.1 97.8 72.3 55.4 DCRS_-_São_Francisco_de_Paula/Cambará_do_Sul_(865_m) -999.9 -999.9 -999.9 -999.9 -999.9 14.0 10.7 547.0 Rio_Grande_do_Sul DCRS -999.9 0.0 37.4 861.41 861.42 860.77 1 0.03 861.42 861.42 861.42 861.42
-29.264900 -50.314899 DCRS-00084 2026-07-29_13:11 18.1 -999.9 -999.9 74.3 -999.9 -999.9 13.4 -999.9 -999.9 -999.9 -999.9 -999.9 -999.9 -999.9 10.5 348.0 0.0 37.4 97.6 120.8 123.4 124.8 18.1 11.1 97.8 72.3 55.4 DCRS_-_São_Francisco_de_Paula/Cambará_do_Sul_(865_m) -999.9 -999.9 -999.9 -999.9 -999.9 14.0 10.7 547.0 Rio_Grande_do_Sul DCRS -999.9 0.0 37.4 861.41 861.42 860.77 1 0.03 861.42 861.42 861.42 861.42
-29.264900 -50.314899 DCRS-00084 2026-07-29_13:12 18.0 -999.9 -999.9 73.9 -999.9 -999.9 13.2 -999.9 -999.9 -999.9 -999.9 -999.9 -999.9 -999.9 10.5 356.0 0.0 37.4 97.6 120.8 123.4 124.8 18.1 11.1 97.8 72.3 55.4 DCRS_-_São_Francisco_de_Paula/Cambará_do_Sul_(865_m) -999.9 -999.9 -999.9 -999.9 -999.9 14.0 10.7 547.0 Rio_Grande_do_Sul DCRS -999.9 0.0 37.4 861.41 861.42 860.77 1 0.02 861.42 861.42 861.42 861.42
-29.264900 -50.314899 DCRS-00084 2026-07-29_13:13 17.9 -999.9 -999.9 73.9 -999.9 -999.9 13.1 -999.9 -999.9 -999.9 -999.9 -999.9 6.4 -999.9 10.5 341.0 0.0 37.4 97.6 120.8 123.4 124.8 18.1 11.1 97.8 72.3 55.4 DCRS_-_São_Francisco_de_Paula/Cambará_do_Sul_(865_m) -999.9 -999.9 -999.9 -999.9 -999.9 14.0 10.7 547.0 Rio_Grande_do_Sul DCRS -999.9 0.0 37.4 861.41 861.42 860.77 1 0.02 861.42 861.42 861.42 861.42
-29.264900 -50.314899 DCRS-00084 2026-07-29_13:14 17.9 -999.9 -999.9 75.0 -999.9 -999.9 13.4 -999.9 -999.9 -999.9 -999.9 -999.9 0.0 -999.9 10.5 354.0 0.0 37.4 97.6 120.8 123.4 124.8 18.1 11.1 97.8 72.3 55.4 DCRS_-_São_Francisco_de_Paula/Cambará_do_Sul_(865_m) -999.9 -999.9 -999.9 -999.9 -999.9 14.0 10.7 547.0 Rio_Grande_do_Sul DCRS -999.9 0.0 37.4 861.42 861.42 860.77 1 0.04 861.42 861.42 861.42 861.42
-29.264900 -50.314899 DCRS-00084 2026-07-29_13:15 18.1 -999.9 -999.9 75.0 -999.9 -999.9 13.6 -999.9 -999.9 -999.9 -999.9 -999.9 3.9 -999.9 15.5 359.0 0.0 37.4 97.6 120.8 123.4 124.8 18.1 11.1 97.8 72.3 55.4 DCRS_-_São_Francisco_de_Paula/Cambará_do_Sul_(865_m) -999.9 -999.9 -999.9 -999.9 -999.9 14.0 10.7 547.0 Rio_Grande_do_Sul DCRS -999.9 0.0 37.4 861.42 861.42 860.77 1 0.03 861.42 861.42 861.42 861.42
-29.264900 -50.314899 DCRS-00084 2026-07-29_13:16 18.1 -999.9 -999.9 74.7 -999.9 -999.9 13.5 -999.9 -999.9 -999.9 -999.9 -999.9 11.9 -999.9 15.5 413.0 0.0 37.4 97.6 120.8 123.4 124.8 18.1 11.1 97.8 72.3 55.4 DCRS_-_São_Francisco_de_Paula/Cambará_do_Sul_(865_m) -999.9 -999.9 -999.9 -999.9 -999.9 14.0 10.7 547.0 Rio_Grande_do_Sul DCRS -999.9 0.0 37.4 861.42 861.42 860.77 1 0.04 861.42 861.42 861.42 861.42
-29.264900 -50.314899 DCRS-00084 2026-07-29_13:17 18.1 -999.9 -999.9 74.3 -999.9 -999.9 13.4 -999.9 -999.9 -999.9 -999.9 -999.9 13.3 -999.9 15.5 422.0 0.0 37.4 97.6 120.8 123.4 124.8 18.1 11.1 97.8 72.3 55.4 DCRS_-_São_Francisco_de_Paula/Cambará_do_Sul_(865_m) -999.9 -999.9 -999.9 -999.9 -999.9 14.0 10.7 547.0 Rio_Grande_do_Sul DCRS -999.9 0.0 37.4 861.4 861.42 860.77 1 0.01 861.42 861.42 861.42 861.42
-29.264900 -50.314899 DCRS-00084 2026-07-29_13:18 18.1 -999.9 -999.9 75.5 -999.9 -999.9 13.7 -999.9 -999.9 -999.9 -999.9 -999.9 13.9 -999.9 15.5 396.0 0.0 37.4 97.6 120.8 123.4 124.8 18.1 11.1 97.8 72.3 55.4 DCRS_-_São_Francisco_de_Paula/Cambará_do_Sul_(865_m) -999.9 -999.9 -999.9 -999.9 -999.9 14.0 10.7 547.0 Rio_Grande_do_Sul DCRS -999.9 0.0 37.4 861.42 861.42 860.77 1 0.03 861.42 861.42 861.42 861.42
-29.264900 -50.314899 DCRS-00084 2026-07-29_13:19 18.1 -999.9 -999.9 74.1 -999.9 -999.9 13.4 -999.9 -999.9 -999.9 -999.9 -999.9 11.4 -999.9 15.5 376.0 0.0 37.4 97.6 120.8 123.4 124.8 18.1 11.1 97.8 72.3 55.4 DCRS_-_São_Francisco_de_Paula/Cambará_do_Sul_(865_m) -999.9 -999.9 -999.9 -999.9 -999.9 14.0 10.7 547.0 Rio_Grande_do_Sul DCRS -999.9 0.0 37.4 861.41 861.42 860.77 1 0.03 861.42 861.42 861.42 861.42
-29.264900 -50.314899 DCRS-00084 2026-07-29_13:20 18.1 -999.9 -999.9 74.7 -999.9 -999.9 13.5 -999.9 -999.9 -999.9 -999.9 -999.9 7.9 -999.9 15.7 380.0 0.0 37.4 97.6 120.8 123.4 124.8 18.1 11.1 97.8 72.3 55.4 DCRS_-_São_Francisco_de_Paula/Cambará_do_Sul_(865_m) -999.9 -999.9 -999.9 -999.9 -999.9 14.0 10.7 547.0 Rio_Grande_do_Sul DCRS -999.9 0.0 37.4 861.41 861.42 860.77 1 0.03 861.42 861.42 861.42 861.42
-29.264900 -50.314899 DCRS-00084 2026-07-29_13:21 18.1 -999.9 -999.9 74.4 -999.9 -999.9 13.4 -999.9 -999.9 -999.9 -999.9 -999.9 6.2 -999.9 15.7 430.0 0.0 37.4 97.6 120.8 123.4 124.8 18.1 11.1 97.8 72.3 55.4 DCRS_-_São_Francisco_de_Paula/Cambará_do_Sul_(865_m) -999.9 -999.9 -999.9 -999.9 -999.9 14.0 10.7 547.0 Rio_Grande_do_Sul DCRS -999.9 0.0 37.4 861.42 861.42 860.77 1 0.04 861.42 861.42 861.42 861.42
-29.264900 -50.314899 DCRS-00084 2026-07-29_13:22 18.1 -999.9 -999.9 72.8 -999.9 -999.9 13.1 -999.9 -999.9 -999.9 -999.9 -999.9 10.9 -999.9 15.7 491.0 0.0 37.4 97.6 120.8 123.4 124.8 18.1 11.1 97.8 72.3 55.4 DCRS_-_São_Francisco_de_Paula/Cambará_do_Sul_(865_m) -999.9 -999.9 -999.9 -999.9 -999.9 14.0 10.7 547.0 Rio_Grande_do_Sul DCRS -999.9 0.0 37.4 861.41 861.42 860.77 1 0.02 861.42 861.42 861.42 861.42
-29.264900 -50.314899 DCRS-00084 2026-07-29_13:23 18.2 -999.9 -999.9 76.6 -999.9 -999.9 14.0 -999.9 -999.9 -999.9 -999.9 -999.9 7.7 -999.9 15.7 468.0 0.0 37.4 97.6 120.8 123.4 124.8 18.2 11.1 97.8 72.3 55.4 DCRS_-_São_Francisco_de_Paula/Cambará_do_Sul_(865_m) -999.9 -999.9 -999.9 -999.9 -999.9 14.0 10.7 547.0 Rio_Grande_do_Sul DCRS -999.9 0.0 37.4 861.41 861.42 860.77 1 0.02 861.42 861.42 861.42 861.42
-29.264900 -50.314899 DCRS-00084 2026-07-29_13:24 18.3 -999.9 -999.9 75.2 -999.9 -999.9 13.8 -999.9 -999.9 -999.9 -999.9 -999.9 12.0 -999.9 15.7 432.0 0.0 37.4 97.6 120.8 123.4 124.8 18.3 11.1 97.8 72.3 55.4 DCRS_-_São_Francisco_de_Paula/Cambará_do_Sul_(865_m) -999.9 -999.9 -999.9 -999.9 -999.9 14.0 10.7 547.0 Rio_Grande_do_Sul DCRS -999.9 0.0 37.4 861.42 861.42 860.77 1 0.03 861.42 861.42 861.42 861.42
-29.264900 -50.314899 DCRS-00084 2026-07-29_13:25 18.3 -999.9 -999.9 75.3 -999.9 -999.9 13.8 -999.9 -999.9 -999.9 -999.9 -999.9 13.1 -999.9 14.0 403.0 0.0 37.4 97.6 120.8 123.4 124.8 18.3 11.1 97.8 72.3 55.4 DCRS_-_São_Francisco_de_Paula/Cambará_do_Sul_(865_m) -999.9 -999.9 -999.9 -999.9 -999.9 14.0 10.7 547.0 Rio_Grande_do_Sul DCRS -999.9 0.0 37.4 861.42 861.42 860.77 1 0.02 861.42 861.42 861.42 861.42
-29.264900 -50.314899 DCRS-00084 2026-07-29_13:26 18.2 -999.9 -999.9 73.9 -999.9 -999.9 13.4 -999.9 -999.9 -999.9 -999.9 -999.9 -999.9 -999.9 14.0 441.0 0.0 37.4 97.6 120.8 123.4 124.8 18.3 11.1 97.8 72.3 55.4 DCRS_-_São_Francisco_de_Paula/Cambará_do_Sul_(865_m) -999.9 -999.9 -999.9 -999.9 -999.9 14.0 10.7 547.0 Rio_Grande_do_Sul DCRS -999.9 0.0 37.4 861.42 861.42 860.77 1 0.04 861.42 861.42 861.42 861.42
-29.264900 -50.314899 DCRS-00084 2026-07-29_13:27 18.0 -999.9 -999.9 74.3 -999.9 -999.9 13.3 -999.9 -999.9 -999.9 -999.9 -999.9 -999.9 -999.9 14.0 399.0 0.0 37.4 97.6 120.8 123.4 124.8 18.3 11.1 97.8 72.3 55.4 DCRS_-_São_Francisco_de_Paula/Cambará_do_Sul_(865_m) -999.9 -999.9 -999.9 -999.9 -999.9 14.0 10.7 547.0 Rio_Grande_do_Sul DCRS -999.9 0.0 37.4 861.41 861.42 860.77 1 0.01 861.42 861.42 861.42 861.42
-29.264900 -50.314899 DCRS-00084 2026-07-29_13:28 17.9 -999.9 -999.9 75.1 -999.9 -999.9 13.4 -999.9 -999.9 -999.9 -999.9 -999.9 -999.9 -999.9 14.0 401.0 0.0 37.4 97.6 120.8 123.4 124.8 18.3 11.1 97.8 72.3 55.4 DCRS_-_São_Francisco_de_Paula/Cambará_do_Sul_(865_m) -999.9 -999.9 -999.9 -999.9 -999.9 14.0 10.7 547.0 Rio_Grande_do_Sul DCRS -999.9 0.0 37.4 861.42 861.42 860.77 1 0.03 861.42 861.42 861.42 861.42
-29.264900 -50.314899 DCRS-00084 2026-07-29_13:29 17.8 -999.9 -999.9 75.8 -999.9 -999.9 13.4 -999.9 -999.9 -999.9 -999.9 -999.9 12.9 -999.9 14.0 366.0 0.0 37.4 97.6 120.8 123.4 124.8 18.3 11.1 97.8 72.3 55.4 DCRS_-_São_Francisco_de_Paula/Cambará_do_Sul_(865_m) -999.9 -999.9 -999.9 -999.9 -999.9 14.0 10.7 547.0 Rio_Grande_do_Sul DCRS -999.9 0.0 37.4 861.42 861.42 860.77 1 0.02 861.42 861.42 861.42 861.42
-29.264900 -50.314899 DCRS-00084 2026-07-29_13:30 17.8 -999.9 -999.9 76.3 -999.9 -999.9 13.5 -999.9 -999.9 -999.9 -999.9 -999.9 20.8 -999.9 28.9 349.0 0.0 37.4 97.6 120.8 123.4 124.8 18.3 11.1 97.8 72.3 55.4 DCRS_-_São_Francisco_de_Paula/Cambará_do_Sul_(865_m) -999.9 -999.9 -999.9 -999.9 -999.9 14.0 10.7 547.0 Rio_Grande_do_Sul DCRS -999.9 0.0 37.4 861.42 861.42 860.77 1 0.02 861.42 861.42 861.42 861.42
-29.264900 -50.314899 DCRS-00084 2026-07-29_13:31 17.7 -999.9 -999.9 77.0 -999.9 -999.9 13.6 -999.9 -999.9 -999.9 -999.9 -999.9 12.2 -999.9 28.9 305.0 0.0 37.4 97.6 120.8 123.4 124.8 18.3 11.1 97.8 72.3 55.4 DCRS_-_São_Francisco_de_Paula/Cambará_do_Sul_(865_m) -999.9 -999.9 -999.9 -999.9 -999.9 14.0 10.7 547.0 Rio_Grande_do_Sul DCRS -999.9 0.0 37.4 861.42 861.42 860.77 1 0.04 861.42 861.42 861.42 861.42
-29.264900 -50.314899 DCRS-00084 2026-07-29_13:32 17.8 -999.9 -999.9 77.3 -999.9 -999.9 13.7 -999.9 -999.9 -999.9 -999.9 -999.9 15.3 -999.9 28.9 288.0 0.0 37.4 97.6 120.8 123.4 124.8 18.3 11.1 97.8 72.3 55.4 DCRS_-_São_Francisco_de_Paula/Cambará_do_Sul_(865_m) -999.9 -999.9 -999.9 -999.9 -999.9 14.0 10.7 547.0 Rio_Grande_do_Sul DCRS -999.9 0.0 37.4 861.43 861.43 860.77 1 0.04 861.43 861.43 861.43 861.43
-29.264900 -50.314899 DCRS-00084 2026-07-29_13:33 17.7 -999.9 -999.9 77.0 -999.9 -999.9 13.6 -999.9 -999.9 -999.9 -999.9 -999.9 23.2 -999.9 28.9 289.0 0.0 37.4 97.6 120.8 123.4 124.8 18.3 11.1 97.8 72.3 55.4 DCRS_-_São_Francisco_de_Paula/Cambará_do_Sul_(865_m) -999.9 -999.9 -999.9 -999.9 -999.9 14.0 10.7 547.0 Rio_Grande_do_Sul DCRS -999.9 0.0 37.4 861.42 861.43 860.77 1 0.03 861.43 861.43 861.43 861.43
-29.264900 -50.314899 DCRS-00084 2026-07-29_13:34 17.6 -999.9 -999.9 76.7 -999.9 -999.9 13.4 -999.9 -999.9 -999.9 -999.9 -999.9 11.7 -999.9 28.9 314.0 0.0 37.4 97.6 120.8 123.4 124.8 18.3 11.1 97.8 72.3 55.4 DCRS_-_São_Francisco_de_Paula/Cambará_do_Sul_(865_m) -999.9 -999.9 -999.9 -999.9 -999.9 14.0 10.7 547.0 Rio_Grande_do_Sul DCRS -999.9 0.0 37.4 861.43 861.43 860.77 1 0.04 861.43 861.43 861.43 861.43
-29.264900 -50.314899 DCRS-00084 2026-07-29_13:35 17.6 -999.9 -999.9 78.5 -999.9 -999.9 13.8 -999.9 -999.9 -999.9 -999.9 -999.9 20.9 -999.9 24.1 411.0 0.0 37.4 97.6 120.8 123.4 124.8 18.3 11.1 97.8 72.3 55.4 DCRS_-_São_Francisco_de_Paula/Cambará_do_Sul_(865_m) -999.9 -999.9 -999.9 -999.9 -999.9 14.0 10.7 547.0 Rio_Grande_do_Sul DCRS -999.9 0.0 37.4 861.41 861.43 860.77 1 0.02 861.43 861.43 861.43 861.43
-29.264900 -50.314899 DCRS-00084 2026-07-29_13:36 17.5 -999.9 -999.9 77.7 -999.9 -999.9 13.5 -999.9 -999.9 -999.9 -999.9 -999.9 20.2 -999.9 24.1 409.0 0.0 37.4 97.6 120.8 123.4 124.8 18.3 11.1 97.8 72.3 55.4 DCRS_-_São_Francisco_de_Paula/Cambará_do_Sul_(865_m) -999.9 -999.9 -999.9 -999.9 -999.9 14.0 10.7 547.0 Rio_Grande_do_Sul DCRS -999.9 0.0 37.4 861.43 861.43 860.77 1 0.03 861.43 861.43 861.43 861.43
-29.264900 -50.314899 DCRS-00084 2026-07-29_13:37 17.5 -999.9 -999.9 78.2 -999.9 -999.9 13.6 -999.9 -999.9 -999.9 -999.9 -999.9 13.1 -999.9 24.1 424.0 0.0 37.4 97.6 120.8 123.4 124.8 18.3 11.1 97.8 72.3 55.4 DCRS_-_São_Francisco_de_Paula/Cambará_do_Sul_(865_m) -999.9 -999.9 -999.9 -999.9 -999.9 14.0 10.7 547.0 Rio_Grande_do_Sul DCRS -999.9 0.0 37.4 861.42 861.43 860.77 1 0.02 861.43 861.43 861.43 861.43
-29.264900 -50.314899 DCRS-00084 2026-07-29_13:38 17.5 -999.9 -999.9 78.4 -999.9 -999.9 13.7 -999.9 -999.9 -999.9 -999.9 -999.9 13.9 -999.9 24.1 444.0 0.0 37.4 97.6 120.8 123.4 124.8 18.3 11.1 97.8 72.3 55.4 DCRS_-_São_Francisco_de_Paula/Cambará_do_Sul_(865_m) -999.9 -999.9 -999.9 -999.9 -999.9 14.0 10.7 547.0 Rio_Grande_do_Sul DCRS -999.9 0.0 37.4 861.42 861.43 860.77 1 0.02 861.43 861.43 861.43 861.43
-29.264900 -50.314899 DCRS-00084 2026-07-29_13:39 17.6 -999.9 -999.9 78.8 -999.9 -999.9 13.8 -999.9 -999.9 -999.9 -999.9 -999.9 12.2 -999.9 24.1 402.0 0.0 37.4 97.6 120.8 123.4 124.8 18.3 11.1 97.8 72.3 55.4 DCRS_-_São_Francisco_de_Paula/Cambará_do_Sul_(865_m) -999.9 -999.9 -999.9 -999.9 -999.9 14.0 10.7 547.0 Rio_Grande_do_Sul DCRS -999.9 0.0 37.4 861.42 861.43 860.77 1 0.02 861.43 861.43 861.43 861.43
-29.264900 -50.314899 DCRS-00084 2026-07-29_13:40 17.6 -999.9 -999.9 77.7 -999.9 -999.9 13.6 -999.9 -999.9 -999.9 -999.9 -999.9 19.4 -999.9 21.1 396.0 0.0 37.4 97.6 120.8 123.4 124.8 18.3 11.1 97.8 72.3 55.4 DCRS_-_São_Francisco_de_Paula/Cambará_do_Sul_(865_m) -999.9 -999.9 -999.9 -999.9 -999.9 14.0 10.7 547.0 Rio_Grande_do_Sul DCRS -999.9 0.0 37.4 861.42 861.43 860.77 1 0.02 861.43 861.43 861.43 861.43
-29.264900 -50.314899 DCRS-00084 2026-07-29_13:43 17.7 -999.9 -999.9 78.2 -999.9 -999.9 13.8 -999.9 -999.9 -999.9 -999.9 -999.9 -999.9 -999.9 21.1 477.0 0.0 37.4 97.6 120.8 123.4 124.8 18.3 11.1 97.8 72.3 55.4 DCRS_-_São_Francisco_de_Paula/Cambará_do_Sul_(865_m) -999.9 -999.9 -999.9 -999.9 -999.9 14.0 10.7 547.0 Rio_Grande_do_Sul DCRS -999.9 0.0 37.4 861.43 861.43 860.77 1 0.04 861.43 861.43 861.43 861.43
-29.264900 -50.314899 DCRS-00084 2026-07-29_13:44 17.6 -999.9 -999.9 76.3 -999.9 -999.9 13.3 -999.9 -999.9 -999.9 -999.9 -999.9 -999.9 -999.9 21.1 401.0 0.0 37.4 97.6 120.8 123.4 124.8 18.3 11.1 97.8 72.3 55.4 DCRS_-_São_Francisco_de_Paula/Cambará_do_Sul_(865_m) -999.9 -999.9 -999.9 -999.9 -999.9 14.0 10.7 547.0 Rio_Grande_do_Sul DCRS -999.9 0.0 37.4 861.43 861.43 860.77 1 0.03 861.43 861.43 861.43 861.43
-29.264900 -50.314899 DCRS-00084 2026-07-29_13:45 17.6 -999.9 -999.9 78.2 -999.9 -999.9 13.7 -999.9 -999.9 -999.9 -999.9 -999.9 9.9 -999.9 23.1 429.0 0.0 37.4 97.6 120.8 123.4 124.8 18.3 11.1 97.8 72.3 55.4 DCRS_-_São_Francisco_de_Paula/Cambará_do_Sul_(865_m) -999.9 -999.9 -999.9 -999.9 -999.9 14.0 10.7 547.0 Rio_Grande_do_Sul DCRS -999.9 0.0 37.4 861.43 861.43 860.77 1 0.04 861.43 861.43 861.43 861.43
-29.264900 -50.314899 DCRS-00084 2026-07-29_13:46 17.6 -999.9 -999.9 75.7 -999.9 -999.9 13.2 -999.9 -999.9 -999.9 -999.9 -999.9 13.2 -999.9 23.1 467.0 0.0 37.4 97.6 120.8 123.4 124.8 18.3 11.1 97.8 72.3 55.4 DCRS_-_São_Francisco_de_Paula/Cambará_do_Sul_(865_m) -999.9 -999.9 -999.9 -999.9 -999.9 14.0 10.7 547.0 Rio_Grande_do_Sul DCRS -999.9 0.0 37.4 861.43 861.43 860.77 1 0.03 861.43 861.43 861.43 861.43
-29.264900 -50.314899 DCRS-00084 2026-07-29_13:47 17.5 -999.9 -999.9 76.5 -999.9 -999.9 13.3 -999.9 -999.9 -999.9 -999.9 -999.9 18.8 -999.9 23.1 403.0 0.0 37.4 97.6 120.8 123.4 124.8 18.3 11.1 97.8 72.3 55.4 DCRS_-_São_Francisco_de_Paula/Cambará_do_Sul_(865_m) -999.9 -999.9 -999.9 -999.9 -999.9 14.0 10.7 547.0 Rio_Grande_do_Sul DCRS -999.9 0.0 37.4 861.42 861.43 860.77 1 0.02 861.43 861.43 861.43 861.43
-29.264900 -50.314899 DCRS-00084 2026-07-29_13:48 17.5 -999.9 -999.9 77.1 -999.9 -999.9 13.4 -999.9 -999.9 -999.9 -999.9 -999.9 12.8 -999.9 23.1 404.0 0.0 37.4 97.6 120.8 123.4 124.8 18.3 11.1 97.8 72.3 55.4 DCRS_-_São_Francisco_de_Paula/Cambará_do_Sul_(865_m) -999.9 -999.9 -999.9 -999.9 -999.9 14.0 10.7 547.0 Rio_Grande_do_Sul DCRS -999.9 0.0 37.4 861.43 861.43 860.77 1 0.03 861.43 861.43 861.43 861.43
-29.264900 -50.314899 DCRS-00084 2026-07-29_13:49 17.5 -999.9 -999.9 77.8 -999.9 -999.9 13.6 -999.9 -999.9 -999.9 -999.9 -999.9 7.0 -999.9 23.1 431.0 0.0 37.4 97.6 120.8 123.4 124.8 18.3 11.1 97.8 72.3 55.4 DCRS_-_São_Francisco_de_Paula/Cambará_do_Sul_(865_m) -999.9 -999.9 -999.9 -999.9 -999.9 14.0 10.7 547.0 Rio_Grande_do_Sul DCRS -999.9 0.0 37.4 861.42 861.43 860.77 1 0.02 861.43 861.43 861.43 861.43
-29.264900 -50.314899 DCRS-00084 2026-07-29_13:51 17.6 -999.9 -999.9 78.7 -999.9 -999.9 13.8 -999.9 -999.9 -999.9 -999.9 -999.9 6.0 -999.9 21.4 427.0 0.0 37.4 97.6 120.8 123.4 124.8 18.3 11.1 97.8 72.3 55.4 DCRS_-_São_Francisco_de_Paula/Cambará_do_Sul_(865_m) -999.9 -999.9 -999.9 -999.9 -999.9 14.0 10.7 547.0 Rio_Grande_do_Sul DCRS -999.9 0.0 37.4 861.43 861.43 860.77 1 0.03 861.43 861.43 861.43 861.43
-29.264900 -50.314899 DCRS-00084 2026-07-29_13:52 17.7 -999.9 -999.9 77.1 -999.9 -999.9 13.6 -999.9 -999.9 -999.9 -999.9 -999.9 10.0 -999.9 21.4 430.0 0.0 37.4 97.6 120.8 123.4 124.8 18.3 11.1 97.8 72.3 55.4 DCRS_-_São_Francisco_de_Paula/Cambará_do_Sul_(865_m) -999.9 -999.9 -999.9 -999.9 -999.9 14.0 10.7 547.0 Rio_Grande_do_Sul DCRS -999.9 0.0 37.4 861.42 861.43 860.77 1 0.02 861.43 861.43 861.43 861.43
-29.264900 -50.314899 DCRS-00084 2026-07-29_13:53 17.7 -999.9 -999.9 75.8 -999.9 -999.9 13.3 -999.9 -999.9 -999.9 -999.9 -999.9 10.2 -999.9 21.4 424.0 0.0 37.4 97.6 120.8 123.4 124.8 18.3 11.1 97.8 72.3 55.4 DCRS_-_São_Francisco_de_Paula/Cambará_do_Sul_(865_m) -999.9 -999.9 -999.9 -999.9 -999.9 14.0 10.7 547.0 Rio_Grande_do_Sul DCRS -999.9 0.0 37.4 861.43 861.43 860.77 1 0.03 861.43 861.43 861.43 861.43
-29.264900 -50.314899 DCRS-00084 2026-07-29_13:54 17.7 -999.9 -999.9 77.2 -999.9 -999.9 13.6 -999.9 -999.9 -999.9 -999.9 -999.9 7.1 -999.9 21.4 359.0 0.0 37.4 97.6 120.8 123.4 124.8 18.3 11.1 97.8 72.3 55.4 DCRS_-_São_Francisco_de_Paula/Cambará_do_Sul_(865_m) -999.9 -999.9 -999.9 -999.9 -999.9 14.0 10.7 547.0 Rio_Grande_do_Sul DCRS -999.9 0.0 37.4 861.43 861.43 860.77 1 0.04 861.43 861.43 861.43 861.43
-29.264900 -50.314899 DCRS-00084 2026-07-29_13:55 17.9 -999.9 -999.9 75.9 -999.9 -999.9 13.6 -999.9 -999.9 -999.9 -999.9 -999.9 6.5 -999.9 21.7 353.0 0.0 37.4 97.6 120.8 123.4 124.8 18.3 11.1 97.8 72.3 55.4 DCRS_-_São_Francisco_de_Paula/Cambará_do_Sul_(865_m) -999.9 -999.9 -999.9 -999.9 -999.9 14.0 10.7 547.0 Rio_Grande_do_Sul DCRS -999.9 0.0 37.4 861.44 861.44 860.77 1 0.04 861.44 861.44 861.44 861.44
-29.264900 -50.314899 DCRS-00084 2026-07-29_13:56 17.9 -999.9 -999.9 74.3 -999.9 -999.9 13.2 -999.9 -999.9 -999.9 -999.9 -999.9 19.3 -999.9 21.7 345.0 0.0 37.4 97.6 120.8 123.4 124.8 18.3 11.1 97.8 72.3 55.4 DCRS_-_São_Francisco_de_Paula/Cambará_do_Sul_(865_m) -999.9 -999.9 -999.9 -999.9 -999.9 14.0 10.7 547.0 Rio_Grande_do_Sul DCRS -999.9 0.0 37.4 861.42 861.44 860.77 1 0.02 861.44 861.44 861.44 861.44
-29.264900 -50.314899 DCRS-00084 2026-07-29_13:57 17.8 -999.9 -999.9 73.6 -999.9 -999.9 13.0 -999.9 -999.9 -999.9 -999.9 -999.9 17.5 -999.9 21.7 365.0 0.0 37.4 97.6 120.8 123.4 124.8 18.3 11.1 97.8 72.3 55.4 DCRS_-_São_Francisco_de_Paula/Cambará_do_Sul_(865_m) -999.9 -999.9 -999.9 -999.9 -999.9 14.0 10.7 547.0 Rio_Grande_do_Sul DCRS -999.9 0.0 37.4 861.43 861.44 860.77 1 0.03 861.44 861.44 861.44 861.44
-29.264900 -50.314899 DCRS-00084 2026-07-29_13:58 17.7 -999.9 -999.9 73.8 -999.9 -999.9 12.9 -999.9 -999.9 -999.9 -999.9 -999.9 3.5 -999.9 21.7 242.0 0.0 37.4 97.6 120.8 123.4 124.8 18.3 11.1 97.8 72.3 55.4 DCRS_-_São_Francisco_de_Paula/Cambará_do_Sul_(865_m) -999.9 -999.9 -999.9 -999.9 -999.9 14.0 10.7 547.0 Rio_Grande_do_Sul DCRS -999.9 0.0 37.4 861.43 861.44 860.77 1 0.02 861.44 861.44 861.44 861.44
-29.264900 -50.314899 DCRS-00084 2026-07-29_13:59 17.7 -999.9 -999.9 73.1 -999.9 -999.9 12.8 -999.9 -999.9 -999.9 -999.9 -999.9 13.9 -999.9 21.7 367.0 0.0 37.4 97.6 120.8 123.4 124.8 18.3 11.1 97.8 72.3 55.4 DCRS_-_São_Francisco_de_Paula/Cambará_do_Sul_(865_m) -999.9 -999.9 -999.9 -999.9 -999.9 14.0 10.7 547.0 Rio_Grande_do_Sul DCRS -999.9 0.0 37.4 861.43 861.44 860.77 1 0.02 861.44 861.44 861.44 861.44
-29.264900 -50.314899 DCRS-00084 2026-07-29_14:00 17.6 -999.9 -999.9 74.4 -999.9 -999.9 13.0 -999.9 -999.9 -999.9 -999.9 -999.9 9.4 -999.9 19.5 428.0 0.0 37.4 97.6 120.8 123.4 124.8 18.3 11.1 97.8 72.3 55.4 DCRS_-_São_Francisco_de_Paula/Cambará_do_Sul_(865_m) -999.9 -999.9 -999.9 -999.9 -999.9 14.0 10.7 547.0 Rio_Grande_do_Sul DCRS -999.9 0.0 37.4 861.43 861.44 860.77 1 0.02 861.44 861.44 861.44 861.44
-29.264900 -50.314899 DCRS-00084 2026-07-29_14:01 17.6 -999.9 -999.9 75.7 -999.9 -999.9 13.2 -999.9 -999.9 -999.9 -999.9 -999.9 17.9 -999.9 19.5 373.0 0.0 37.4 97.6 120.8 123.4 124.8 18.3 11.1 97.8 72.3 55.4 DCRS_-_São_Francisco_de_Paula/Cambará_do_Sul_(865_m) -999.9 -999.9 -999.9 -999.9 -999.9 14.0 10.7 547.0 Rio_Grande_do_Sul DCRS -999.9 0.0 37.4 861.43 861.44 860.77 1 0.02 861.44 861.44 861.44 861.44
-29.264900 -50.314899 DCRS-00084 2026-07-29_14:02 17.7 -999.9 -999.9 75.4 -999.9 -999.9 13.3 -999.9 -999.9 -999.9 -999.9 -999.9 8.3 -999.9 19.5 334.0 0.0 37.4 97.6 120.8 123.4 124.8 18.3 11.1 97.8 72.3 55.4 DCRS_-_São_Francisco_de_Paula/Cambará_do_Sul_(865_m) -999.9 -999.9 -999.9 -999.9 -999.9 14.0 10.7 547.0 Rio_Grande_do_Sul DCRS -999.9 0.0 37.4 861.43 861.44 860.77 1 0.02 861.44 861.44 861.44 861.44
-29.264900 -50.314899 DCRS-00084 2026-07-29_14:03 17.6 -999.9 -999.9 75.0 -999.9 -999.9 13.1 -999.9 -999.9 -999.9 -999.9 -999.9 6.4 -999.9 19.5 351.0 0.0 37.4 97.6 120.8 123.4 124.8 18.3 11.1 97.8 72.3 55.4 DCRS_-_São_Francisco_de_Paula/Cambará_do_Sul_(865_m) -999.9 -999.9 -999.9 -999.9 -999.9 14.0 10.7 547.0 Rio_Grande_do_Sul DCRS -999.9 0.0 37.4 861.43 861.44 860.77 1 0.02 861.44 861.44 861.44 861.44
-29.264900 -50.314899 DCRS-00084 2026-07-29_14:04 17.6 -999.9 -999.9 73.5 -999.9 -999.9 12.8 -999.9 -999.9 -999.9 -999.9 -999.9 14.8 -999.9 19.5 366.0 0.0 37.4 97.6 120.8 123.4 124.8 18.3 11.1 97.8 72.3 55.4 DCRS_-_São_Francisco_de_Paula/Cambará_do_Sul_(865_m) -999.9 -999.9 -999.9 -999.9 -999.9 14.0 10.7 547.0 Rio_Grande_do_Sul DCRS -999.9 0.0 37.4 861.43 861.44 860.77 1 0.02 861.44 861.44 861.44 861.44
-29.264900 -50.314899 DCRS-00084 2026-07-29_14:05 17.6 -999.9 -999.9 72.2 -999.9 -999.9 12.5 -999.9 -999.9 -999.9 -999.9 -999.9 -999.9 -999.9 19.6 378.0 0.0 37.4 97.6 120.8 123.4 124.8 18.3 11.1 97.8 72.2 55.4 DCRS_-_São_Francisco_de_Paula/Cambará_do_Sul_(865_m) -999.9 -999.9 -999.9 -999.9 -999.9 14.0 10.7 547.0 Rio_Grande_do_Sul DCRS -999.9 0.0 37.4 861.44 861.44 860.77 1 0.03 861.44 861.44 861.44 861.44
-29.264900 -50.314899 DCRS-00084 2026-07-29_14:06 17.6 -999.9 -999.9 74.8 -999.9 -999.9 13.0 -999.9 -999.9 -999.9 -999.9 -999.9 5.6 -999.9 19.6 405.0 0.0 37.4 97.6 120.8 123.4 124.8 18.3 11.1 97.8 72.2 55.4 DCRS_-_São_Francisco_de_Paula/Cambará_do_Sul_(865_m) -999.9 -999.9 -999.9 -999.9 -999.9 14.0 10.7 547.0 Rio_Grande_do_Sul DCRS -999.9 0.0 37.4 861.44 861.44 860.77 1 0.03 861.44 861.44 861.44 861.44
-29.264900 -50.314899 DCRS-00084 2026-07-29_14:07 17.6 -999.9 -999.9 74.5 -999.9 -999.9 13.0 -999.9 -999.9 -999.9 -999.9 -999.9 11.6 -999.9 19.6 401.0 0.0 37.4 97.6 120.8 123.4 124.8 18.3 11.1 97.8 72.2 55.4 DCRS_-_São_Francisco_de_Paula/Cambará_do_Sul_(865_m) -999.9 -999.9 -999.9 -999.9 -999.9 14.0 10.7 547.0 Rio_Grande_do_Sul DCRS -999.9 0.0 37.4 861.44 861.44 860.77 1 0.03 861.44 861.44 861.44 861.44
-29.264900 -50.314899 DCRS-00084 2026-07-29_14:08 17.7 -999.9 -999.9 72.9 -999.9 -999.9 12.7 -999.9 -999.9 -999.9 -999.9 -999.9 16.9 -999.9 19.6 370.0 0.0 37.4 97.6 120.8 123.4 124.8 18.3 11.1 97.8 72.2 55.4 DCRS_-_São_Francisco_de_Paula/Cambará_do_Sul_(865_m) -999.9 -999.9 -999.9 -999.9 -999.9 14.0 10.7 547.0 Rio_Grande_do_Sul DCRS -999.9 0.0 37.4 861.43 861.44 860.77 1 0.02 861.44 861.44 861.44 861.44
-29.264900 -50.314899 DCRS-00084 2026-07-29_14:09 17.7 -999.9 -999.9 71.9 -999.9 -999.9 12.5 -999.9 -999.9 -999.9 -999.9 -999.9 18.4 -999.9 19.6 365.0 0.0 37.4 97.6 120.8 123.4 124.8 18.3 11.1 97.8 71.9 55.4 DCRS_-_São_Francisco_de_Paula/Cambará_do_Sul_(865_m) -999.9 -999.9 -999.9 -999.9 -999.9 14.0 10.7 547.0 Rio_Grande_do_Sul DCRS -999.9 0.0 37.4 861.43 861.44 860.77 1 0.01 861.44 861.44 861.44 861.44
-29.264900 -50.314899 DCRS-00084 2026-07-29_14:10 17.6 -999.9 -999.9 70.5 -999.9 -999.9 12.1 -999.9 -999.9 -999.9 -999.9 -999.9 17.8 -999.9 28.6 319.0 0.0 37.4 97.6 120.8 123.4 124.8 18.3 11.1 97.8 70.5 55.4 DCRS_-_São_Francisco_de_Paula/Cambará_do_Sul_(865_m) -999.9 -999.9 -999.9 -999.9 -999.9 14.0 10.7 547.0 Rio_Grande_do_Sul DCRS -999.9 0.0 37.4 861.44 861.44 860.77 1 0.03 861.44 861.44 861.44 861.44
-29.264900 -50.314899 DCRS-00084 2026-07-29_14:11 17.6 -999.9 -999.9 71.0 -999.9 -999.9 12.2 -999.9 -999.9 -999.9 -999.9 -999.9 12.6 -999.9 28.6 433.0 0.0 37.4 97.6 120.8 123.4 124.8 18.3 11.1 97.8 70.5 55.4 DCRS_-_São_Francisco_de_Paula/Cambará_do_Sul_(865_m) -999.9 -999.9 -999.9 -999.9 -999.9 14.0 10.7 547.0 Rio_Grande_do_Sul DCRS -999.9 0.0 37.4 861.43 861.44 860.77 1 0.02 861.44 861.44 861.44 861.44
-29.264900 -50.314899 DCRS-00084 2026-07-29_14:12 17.7 -999.9 -999.9 71.4 -999.9 -999.9 12.4 -999.9 -999.9 -999.9 -999.9 -999.9 21.4 -999.9 28.6 432.0 0.0 37.4 97.6 120.8 123.4 124.8 18.3 11.1 97.8 70.5 55.4 DCRS_-_São_Francisco_de_Paula/Cambará_do_Sul_(865_m) -999.9 -999.9 -999.9 -999.9 -999.9 14.0 10.7 547.0 Rio_Grande_do_Sul DCRS -999.9 0.0 37.4 861.44 861.44 860.77 1 0.03 861.44 861.44 861.44 861.44
-29.264900 -50.314899 DCRS-00084 2026-07-29_14:13 17.6 -999.9 -999.9 71.0 -999.9 -999.9 12.2 -999.9 -999.9 -999.9 -999.9 -999.9 14.4 -999.9 28.6 342.0 0.0 37.4 97.6 120.8 123.4 124.8 18.3 11.1 97.8 70.5 55.4 DCRS_-_São_Francisco_de_Paula/Cambará_do_Sul_(865_m) -999.9 -999.9 -999.9 -999.9 -999.9 14.0 10.7 547.0 Rio_Grande_do_Sul DCRS -999.9 0.0 37.4 861.44 861.44 860.77 1 0.03 861.44 861.44 861.44 861.44
-29.264900 -50.314899 DCRS-00084 2026-07-29_14:14 17.7 -999.9 -999.9 71.9 -999.9 -999.9 12.5 -999.9 -999.9 -999.9 -999.9 -999.9 9.0 -999.9 28.6 372.0 0.0 37.4 97.6 120.8 123.4 124.8 18.3 11.1 97.8 70.5 55.4 DCRS_-_São_Francisco_de_Paula/Cambará_do_Sul_(865_m) -999.9 -999.9 -999.9 -999.9 -999.9 14.0 10.7 547.0 Rio_Grande_do_Sul DCRS -999.9 0.0 37.4 861.44 861.44 860.77 1 0.02 861.44 861.44 861.44 861.44
-29.264900 -50.314899 DCRS-00084 2026-07-29_14:15 17.7 -999.9 -999.9 71.1 -999.9 -999.9 12.4 -999.9 -999.9 -999.9 -999.9 -999.9 11.7 -999.9 22.6 369.0 0.0 37.4 97.6 120.8 123.4 124.8 18.3 11.1 97.8 70.5 55.4 DCRS_-_São_Francisco_de_Paula/Cambará_do_Sul_(865_m) -999.9 -999.9 -999.9 -999.9 -999.9 14.0 10.7 547.0 Rio_Grande_do_Sul DCRS -999.9 0.0 37.4 861.44 861.44 860.77 1 0.02 861.44 861.44 861.44 861.44
-29.264900 -50.314899 DCRS-00084 2026-07-29_14:16 17.7 -999.9 -999.9 70.5 -999.9 -999.9 12.2 -999.9 -999.9 -999.9 -999.9 -999.9 -999.9 -999.9 22.6 313.0 0.0 37.4 97.6 120.8 123.4 124.8 18.3 11.1 97.8 70.5 55.4 DCRS_-_São_Francisco_de_Paula/Cambará_do_Sul_(865_m) -999.9 -999.9 -999.9 -999.9 -999.9 14.0 10.7 547.0 Rio_Grande_do_Sul DCRS -999.9 0.0 37.4 861.44 861.44 860.77 1 0.02 861.44 861.44 861.44 861.44
-29.264900 -50.314899 DCRS-00084 2026-07-29_14:17 17.6 -999.9 -999.9 71.9 -999.9 -999.9 12.4 -999.9 -999.9 -999.9 -999.9 -999.9 12.1 -999.9 22.6 362.0 0.0 37.4 97.6 120.8 123.4 124.8 18.3 11.1 97.8 70.5 55.4 DCRS_-_São_Francisco_de_Paula/Cambará_do_Sul_(865_m) -999.9 -999.9 -999.9 -999.9 -999.9 14.0 10.7 547.0 Rio_Grande_do_Sul DCRS -999.9 0.0 37.4 861.44 861.44 860.77 1 0.02 861.44 861.44 861.44 861.44
-29.264900 -50.314899 DCRS-00084 2026-07-29_14:18 17.6 -999.9 -999.9 70.6 -999.9 -999.9 12.2 -999.9 -999.9 -999.9 -999.9 -999.9 -999.9 -999.9 22.6 439.0 0.0 37.4 97.6 120.8 123.4 124.8 18.3 11.1 97.8 70.5 55.4 DCRS_-_São_Francisco_de_Paula/Cambará_do_Sul_(865_m) -999.9 -999.9 -999.9 -999.9 -999.9 14.0 10.7 547.0 Rio_Grande_do_Sul DCRS -999.9 0.0 37.4 861.44 861.44 860.77 1 0.02 861.44 861.44 861.44 861.44
-29.264900 -50.314899 DCRS-00084 2026-07-29_14:20 17.6 -999.9 -999.9 72.4 -999.9 -999.9 12.5 -999.9 -999.9 -999.9 -999.9 -999.9 17.0 -999.9 26.3 437.0 0.0 37.4 97.6 120.8 123.4 124.8 18.3 11.1 97.8 70.5 55.4 DCRS_-_São_Francisco_de_Paula/Cambará_do_Sul_(865_m) -999.9 -999.9 -999.9 -999.9 -999.9 14.0 10.7 547.0 Rio_Grande_do_Sul DCRS -999.9 0.0 37.4 861.44 861.44 860.77 1 0.03 861.44 861.44 861.44 861.44
-29.264900 -50.314899 DCRS-00084 2026-07-29_14:21 17.7 -999.9 -999.9 72.7 -999.9 -999.9 12.7 -999.9 -999.9 -999.9 -999.9 -999.9 7.4 -999.9 26.3 418.0 0.0 37.4 97.6 120.8 123.4 124.8 18.3 11.1 97.8 70.5 55.4 DCRS_-_São_Francisco_de_Paula/Cambará_do_Sul_(865_m) -999.9 -999.9 -999.9 -999.9 -999.9 14.0 10.7 547.0 Rio_Grande_do_Sul DCRS -999.9 0.0 37.4 861.44 861.44 860.77 1 0.02 861.44 861.44 861.44 861.44
-29.264900 -50.314899 DCRS-00084 2026-07-29_14:22 17.8 -999.9 -999.9 70.5 -999.9 -999.9 12.3 -999.9 -999.9 -999.9 -999.9 -999.9 16.6 -999.9 26.3 395.0 0.0 37.4 97.6 120.8 123.4 124.8 18.3 11.1 97.8 70.5 55.4 DCRS_-_São_Francisco_de_Paula/Cambará_do_Sul_(865_m) -999.9 -999.9 -999.9 -999.9 -999.9 14.0 10.7 547.0 Rio_Grande_do_Sul DCRS -999.9 0.0 37.4 861.43 861.44 860.77 1 0.02 861.44 861.44 861.44 861.44
-29.264900 -50.314899 DCRS-00084 2026-07-29_14:23 17.9 -999.9 -999.9 70.4 -999.9 -999.9 12.4 -999.9 -999.9 -999.9 -999.9 -999.9 19.5 -999.9 26.3 372.0 0.0 37.4 97.6 120.8 123.4 124.8 18.3 11.1 97.8 70.4 55.4 DCRS_-_São_Francisco_de_Paula/Cambará_do_Sul_(865_m) -999.9 -999.9 -999.9 -999.9 -999.9 14.0 10.7 547.0 Rio_Grande_do_Sul DCRS -999.9 0.0 37.4 861.44 861.44 860.77 1 0.02 861.44 861.44 861.44 861.44
-29.264900 -50.314899 DCRS-00084 2026-07-29_14:24 17.8 -999.9 -999.9 70.8 -999.9 -999.9 12.4 -999.9 -999.9 -999.9 -999.9 -999.9 17.0 -999.9 26.3 366.0 0.0 37.4 97.6 120.8 123.4 124.8 18.3 11.1 97.8 70.4 55.4 DCRS_-_São_Francisco_de_Paula/Cambará_do_Sul_(865_m) -999.9 -999.9 -999.9 -999.9 -999.9 14.0 10.7 547.0 Rio_Grande_do_Sul DCRS -999.9 0.0 37.4 861.44 861.44 860.77 1 0.02 861.44 861.44 861.44 861.44
-29.264900 -50.314899 DCRS-00084 2026-07-29_14:25 17.8 -999.9 -999.9 72.4 -999.9 -999.9 12.7 -999.9 -999.9 -999.9 -999.9 -999.9 12.2 -999.9 26.2 406.0 0.0 37.4 97.6 120.8 123.4 124.8 18.3 11.1 97.8 70.4 55.4 DCRS_-_São_Francisco_de_Paula/Cambará_do_Sul_(865_m) -999.9 -999.9 -999.9 -999.9 -999.9 14.0 10.7 547.0 Rio_Grande_do_Sul DCRS -999.9 0.0 37.4 861.44 861.44 860.77 1 0.02 861.44 861.44 861.44 861.44
-29.264900 -50.314899 DCRS-00084 2026-07-29_14:26 17.8 -999.9 -999.9 71.3 -999.9 -999.9 12.5 -999.9 -999.9 -999.9 -999.9 -999.9 11.3 -999.9 26.2 403.0 0.0 37.4 97.6 120.8 123.4 124.8 18.3 11.1 97.8 70.4 55.4 DCRS_-_São_Francisco_de_Paula/Cambará_do_Sul_(865_m) -999.9 -999.9 -999.9 -999.9 -999.9 14.0 10.7 547.0 Rio_Grande_do_Sul DCRS -999.9 0.0 37.4 861.44 861.44 860.77 1 0.02 861.44 861.44 861.44 861.44
-29.264900 -50.314899 DCRS-00084 2026-07-29_14:27 17.9 -999.9 -999.9 71.6 -999.9 -999.9 12.7 -999.9 -999.9 -999.9 -999.9 -999.9 18.9 -999.9 26.2 387.0 0.0 37.4 97.6 120.8 123.4 124.8 18.3 11.1 97.8 70.4 55.4 DCRS_-_São_Francisco_de_Paula/Cambará_do_Sul_(865_m) -999.9 -999.9 -999.9 -999.9 -999.9 14.0 10.7 547.0 Rio_Grande_do_Sul DCRS -999.9 0.0 37.4 861.44 861.44 860.77 1 0.03 861.44 861.44 861.44 861.44
-29.264900 -50.314899 DCRS-00084 2026-07-29_14:28 17.9 -999.9 -999.9 70.8 -999.9 -999.9 12.5 -999.9 -999.9 -999.9 -999.9 -999.9 10.8 -999.9 26.2 411.0 0.0 37.4 97.6 120.8 123.4 124.8 18.3 11.1 97.8 70.4 55.4 DCRS_-_São_Francisco_de_Paula/Cambará_do_Sul_(865_m) -999.9 -999.9 -999.9 -999.9 -999.9 14.0 10.7 547.0 Rio_Grande_do_Sul DCRS -999.9 0.0 37.4 861.45 861.45 860.77 1 0.03 861.45 861.45 861.45 861.45
-29.264900 -50.314899 DCRS-00084 2026-07-29_14:29 18.0 -999.9 -999.9 72.0 -999.9 -999.9 12.8 -999.9 -999.9 -999.9 -999.9 -999.9 9.0 -999.9 26.2 412.0 0.0 37.4 97.6 120.8 123.4 124.8 18.3 11.1 97.8 70.4 55.4 DCRS_-_São_Francisco_de_Paula/Cambará_do_Sul_(865_m) -999.9 -999.9 -999.9 -999.9 -999.9 14.0 10.7 547.0 Rio_Grande_do_Sul DCRS -999.9 0.0 37.4 861.45 861.45 860.77 1 0.03 861.45 861.45 861.45 861.45
-29.264900 -50.314899 DCRS-00084 2026-07-29_14:30 18.1 -999.9 -999.9 68.9 -999.9 -999.9 12.3 -999.9 -999.9 -999.9 -999.9 -999.9 18.5 -999.9 22.0 385.0 0.0 37.4 97.6 120.8 123.4 124.8 18.3 11.1 97.8 68.9 55.4 DCRS_-_São_Francisco_de_Paula/Cambará_do_Sul_(865_m) -999.9 -999.9 -999.9 -999.9 -999.9 14.0 10.7 547.0 Rio_Grande_do_Sul DCRS -999.9 0.0 37.4 861.44 861.45 860.77 1 0.02 861.45 861.45 861.45 861.45
-29.264900 -50.314899 DCRS-00084 2026-07-29_14:31 18.0 -999.9 -999.9 69.5 -999.9 -999.9 12.3 -999.9 -999.9 -999.9 -999.9 -999.9 17.5 -999.9 22.0 408.0 0.0 37.4 97.6 120.8 123.4 124.8 18.3 11.1 97.8 68.9 55.4 DCRS_-_São_Francisco_de_Paula/Cambará_do_Sul_(865_m) -999.9 -999.9 -999.9 -999.9 -999.9 14.0 10.7 547.0 Rio_Grande_do_Sul DCRS -999.9 0.0 37.4 861.45 861.45 860.77 1 0.03 861.45 861.45 861.45 861.45
-29.264900 -50.314899 DCRS-00084 2026-07-29_14:32 17.9 -999.9 -999.9 70.8 -999.9 -999.9 12.5 -999.9 -999.9 -999.9 -999.9 -999.9 20.9 -999.9 22.0 402.0 0.0 37.4 97.6 120.8 123.4 124.8 18.3 11.1 97.8 68.9 55.4 DCRS_-_São_Francisco_de_Paula/Cambará_do_Sul_(865_m) -999.9 -999.9 -999.9 -999.9 -999.9 14.0 10.7 547.0 Rio_Grande_do_Sul DCRS -999.9 0.0 37.4 861.45 861.45 860.77 1 0.02 861.45 861.45 861.45 861.45
-29.264900 -50.314899 DCRS-00084 2026-07-29_14:33 18.0 -999.9 -999.9 71.3 -999.9 -999.9 12.7 -999.9 -999.9 -999.9 -999.9 -999.9 19.7 -999.9 22.0 397.0 0.0 37.4 97.6 120.8 123.4 124.8 18.3 11.1 97.8 68.9 55.4 DCRS_-_São_Francisco_de_Paula/Cambará_do_Sul_(865_m) -999.9 -999.9 -999.9 -999.9 -999.9 14.0 10.7 547.0 Rio_Grande_do_Sul DCRS -999.9 0.0 37.4 861.45 861.45 860.77 1 0.03 861.45 861.45 861.45 861.45
-29.264900 -50.314899 DCRS-00084 2026-07-29_14:34 17.9 -999.9 -999.9 71.0 -999.9 -999.9 12.5 -999.9 -999.9 -999.9 -999.9 -999.9 -999.9 -999.9 22.0 387.0 0.0 37.4 97.6 120.8 123.4 124.8 18.3 11.1 97.8 68.9 55.4 DCRS_-_São_Francisco_de_Paula/Cambará_do_Sul_(865_m) -999.9 -999.9 -999.9 -999.9 -999.9 14.0 10.7 547.0 Rio_Grande_do_Sul DCRS -999.9 0.0 37.4 861.45 861.45 860.77 1 0.02 861.45 861.45 861.45 861.45
-29.264900 -50.314899 DCRS-00084 2026-07-29_14:35 17.9 -999.9 -999.9 72.1 -999.9 -999.9 12.8 -999.9 -999.9 -999.9 -999.9 -999.9 7.3 -999.9 24.9 400.0 0.0 37.4 97.6 120.8 123.4 124.8 18.3 11.1 97.8 68.9 55.4 DCRS_-_São_Francisco_de_Paula/Cambará_do_Sul_(865_m) -999.9 -999.9 -999.9 -999.9 -999.9 14.0 10.7 547.0 Rio_Grande_do_Sul DCRS -999.9 0.0 37.4 861.44 861.45 860.77 1 0.03 861.45 861.45 861.45 861.45
-29.264900 -50.314899 DCRS-00084 2026-07-29_14:36 18.0 -999.9 -999.9 72.2 -999.9 -999.9 12.9 -999.9 -999.9 -999.9 -999.9 -999.9 6.4 -999.9 24.9 378.0 0.0 37.4 97.6 120.8 123.4 124.8 18.3 11.1 97.8 68.9 55.4 DCRS_-_São_Francisco_de_Paula/Cambará_do_Sul_(865_m) -999.9 -999.9 -999.9 -999.9 -999.9 14.0 10.7 547.0 Rio_Grande_do_Sul DCRS -999.9 0.0 37.4 861.44 861.45 860.77 1 0.01 861.45 861.45 861.45 861.45
-29.264900 -50.314899 DCRS-00084 2026-07-29_14:37 18.0 -999.9 -999.9 72.1 -999.9 -999.9 12.9 -999.9 -999.9 -999.9 -999.9 -999.9 14.4 -999.9 24.9 380.0 0.0 37.4 97.6 120.8 123.4 124.8 18.3 11.1 97.8 68.9 55.4 DCRS_-_São_Francisco_de_Paula/Cambará_do_Sul_(865_m) -999.9 -999.9 -999.9 -999.9 -999.9 14.0 10.7 547.0 Rio_Grande_do_Sul DCRS -999.9 0.0 37.4 861.44 861.45 860.77 1 0.02 861.45 861.45 861.45 861.45
-29.264900 -50.314899 DCRS-00084 2026-07-29_14:38 18.0 -999.9 -999.9 72.0 -999.9 -999.9 12.8 -999.9 -999.9 -999.9 -999.9 -999.9 11.9 -999.9 24.9 353.0 0.0 37.4 97.6 120.8 123.4 124.8 18.3 11.1 97.8 68.9 55.4 DCRS_-_São_Francisco_de_Paula/Cambará_do_Sul_(865_m) -999.9 -999.9 -999.9 -999.9 -999.9 14.0 10.7 547.0 Rio_Grande_do_Sul DCRS -999.9 0.0 37.4 861.45 861.45 860.77 1 0.03 861.45 861.45 861.45 861.45
-29.264900 -50.314899 DCRS-00084 2026-07-29_14:39 18.1 -999.9 -999.9 72.6 -999.9 -999.9 13.1 -999.9 -999.9 -999.9 -999.9 -999.9 8.0 -999.9 24.9 391.0 0.0 37.4 97.6 120.8 123.4 124.8 18.3 11.1 97.8 68.9 55.4 DCRS_-_São_Francisco_de_Paula/Cambará_do_Sul_(865_m) -999.9 -999.9 -999.9 -999.9 -999.9 14.0 10.7 547.0 Rio_Grande_do_Sul DCRS -999.9 0.0 37.4 861.44 861.45 860.77 1 0.02 861.45 861.45 861.45 861.45
-29.264900 -50.314899 DCRS-00084 2026-07-29_14:40 18.1 -999.9 -999.9 73.1 -999.9 -999.9 13.2 -999.9 -999.9 -999.9 -999.9 -999.9 11.9 -999.9 19.9 396.0 0.0 37.4 97.6 120.8 123.4 124.8 18.3 11.1 97.8 68.9 55.4 DCRS_-_São_Francisco_de_Paula/Cambará_do_Sul_(865_m) -999.9 -999.9 -999.9 -999.9 -999.9 14.0 10.7 547.0 Rio_Grande_do_Sul DCRS -999.9 0.0 37.4 861.45 861.45 860.77 1 0.03 861.45 861.45 861.45 861.45
-29.264900 -50.314899 DCRS-00084 2026-07-29_14:41 18.2 -999.9 -999.9 73.3 -999.9 -999.9 13.3 -999.9 -999.9 -999.9 -999.9 -999.9 10.2 -999.9 19.9 263.0 0.0 37.4 97.6 120.8 123.4 124.8 18.3 11.1 97.8 68.9 55.4 DCRS_-_São_Francisco_de_Paula/Cambará_do_Sul_(865_m) -999.9 -999.9 -999.9 -999.9 -999.9 14.0 10.7 547.0 Rio_Grande_do_Sul DCRS -999.9 0.0 37.4 861.45 861.45 860.77 1 0.02 861.45 861.45 861.45 861.45
-29.264900 -50.314899 DCRS-00084 2026-07-29_14:42 18.2 -999.9 -999.9 72.8 -999.9 -999.9 13.2 -999.9 -999.9 -999.9 -999.9 -999.9 3.5 -999.9 19.9 317.0 0.0 37.4 97.6 120.8 123.4 124.8 18.3 11.1 97.8 68.9 55.4 DCRS_-_São_Francisco_de_Paula/Cambará_do_Sul_(865_m) -999.9 -999.9 -999.9 -999.9 -999.9 14.0 10.7 547.0 Rio_Grande_do_Sul DCRS -999.9 0.0 37.4 861.45 861.45 860.77 1 0.02 861.45 861.45 861.45 861.45
-29.264900 -50.314899 DCRS-00084 2026-07-29_14:43 18.1 -999.9 -999.9 73.5 -999.9 -999.9 13.3 -999.9 -999.9 -999.9 -999.9 -999.9 9.9 -999.9 19.9 400.0 0.0 37.4 97.6 120.8 123.4 124.8 18.3 11.1 97.8 68.9 55.4 DCRS_-_São_Francisco_de_Paula/Cambará_do_Sul_(865_m) -999.9 -999.9 -999.9 -999.9 -999.9 14.0 10.7 547.0 Rio_Grande_do_Sul DCRS -999.9 0.0 37.4 861.45 861.45 860.77 1 0.02 861.45 861.45 861.45 861.45
-29.264900 -50.314899 DCRS-00084 2026-07-29_14:44 18.2 -999.9 -999.9 74.8 -999.9 -999.9 13.6 -999.9 -999.9 -999.9 -999.9 -999.9 7.0 -999.9 19.9 378.0 0.0 37.4 97.6 120.8 123.4 124.8 18.3 11.1 97.8 68.9 55.4 DCRS_-_São_Francisco_de_Paula/Cambará_do_Sul_(865_m) -999.9 -999.9 -999.9 -999.9 -999.9 14.0 10.7 547.0 Rio_Grande_do_Sul DCRS -999.9 0.0 37.4 861.45 861.45 860.77 1 0.02 861.45 861.45 861.45 861.45
-29.264900 -50.314899 DCRS-00084 2026-07-29_14:45 18.3 -999.9 -999.9 75.2 -999.9 -999.9 13.8 -999.9 -999.9 -999.9 -999.9 -999.9 5.9 -999.9 15.1 356.0 0.0 37.4 97.6 120.8 123.4 124.8 18.3 11.1 97.8 68.9 55.4 DCRS_-_São_Francisco_de_Paula/Cambará_do_Sul_(865_m) -999.9 -999.9 -999.9 -999.9 -999.9 14.0 10.7 547.0 Rio_Grande_do_Sul DCRS -999.9 0.0 37.4 861.46 861.46 860.77 1 0.03 861.46 861.46 861.46 861.46
-29.264900 -50.314899 DCRS-00084 2026-07-29_14:46 18.4 -999.9 -999.9 73.5 -999.9 -999.9 13.5 -999.9 -999.9 -999.9 -999.9 -999.9 12.2 -999.9 15.1 396.0 0.0 37.4 97.6 120.8 123.4 124.8 18.4 11.1 97.8 68.9 55.4 DCRS_-_São_Francisco_de_Paula/Cambará_do_Sul_(865_m) -999.9 -999.9 -999.9 -999.9 -999.9 14.0 10.7 547.0 Rio_Grande_do_Sul DCRS -999.9 0.0 37.4 861.45 861.46 860.77 1 0.02 861.46 861.46 861.46 861.46
-29.264900 -50.314899 DCRS-00084 2026-07-29_14:47 18.3 -999.9 -999.9 72.2 -999.9 -999.9 13.2 -999.9 -999.9 -999.9 -999.9 -999.9 -999.9 -999.9 15.1 365.0 0.0 37.4 97.6 120.8 123.4 124.8 18.4 11.1 97.8 68.9 55.4 DCRS_-_São_Francisco_de_Paula/Cambará_do_Sul_(865_m) -999.9 -999.9 -999.9 -999.9 -999.9 14.0 10.7 547.0 Rio_Grande_do_Sul DCRS -999.9 0.0 37.4 861.45 861.46 860.77 1 0.03 861.46 861.46 861.46 861.46
-29.264900 -50.314899 DCRS-00084 2026-07-29_14:48 18.3 -999.9 -999.9 73.1 -999.9 -999.9 13.4 -999.9 -999.9 -999.9 -999.9 -999.9 10.0 -999.9 15.1 376.0 0.0 37.4 97.6 120.8 123.4 124.8 18.4 11.1 97.8 68.9 55.4 DCRS_-_São_Francisco_de_Paula/Cambará_do_Sul_(865_m) -999.9 -999.9 -999.9 -999.9 -999.9 14.0 10.7 547.0 Rio_Grande_do_Sul DCRS -999.9 0.0 37.4 861.45 861.46 860.77 1 0.02 861.46 861.46 861.46 861.46
-29.264900 -50.314899 DCRS-00084 2026-07-29_14:49 18.3 -999.9 -999.9 72.8 -999.9 -999.9 13.3 -999.9 -999.9 -999.9 -999.9 -999.9 -999.9 -999.9 15.1 367.0 0.0 37.4 97.6 120.8 123.4 124.8 18.4 11.1 97.8 68.9 55.4 DCRS_-_São_Francisco_de_Paula/Cambará_do_Sul_(865_m) -999.9 -999.9 -999.9 -999.9 -999.9 14.0 10.7 547.0 Rio_Grande_do_Sul DCRS -999.9 0.0 37.4 861.45 861.46 860.77 1 0.03 861.46 861.46 861.46 861.46
-29.264900 -50.314899 DCRS-00084 2026-07-29_14:50 18.2 -999.9 -999.9 71.8 -999.9 -999.9 13.0 -999.9 -999.9 -999.9 -999.9 -999.9 10.4 -999.9 19.1 354.0 0.0 37.4 97.6 120.8 123.4 124.8 18.4 11.1 97.8 68.9 55.4 DCRS_-_São_Francisco_de_Paula/Cambará_do_Sul_(865_m) -999.9 -999.9 -999.9 -999.9 -999.9 14.0 10.7 547.0 Rio_Grande_do_Sul DCRS -999.9 0.0 37.4 861.45 861.46 860.77 1 0.02 861.46 861.46 861.46 861.46
-29.264900 -50.314899 DCRS-00084 2026-07-29_14:51 18.4 -999.9 -999.9 72.9 -999.9 -999.9 13.4 -999.9 -999.9 -999.9 -999.9 -999.9 4.9 -999.9 19.1 235.0 0.0 37.4 97.6 120.8 123.4 124.8 18.4 11.1 97.8 68.9 55.4 DCRS_-_São_Francisco_de_Paula/Cambará_do_Sul_(865_m) -999.9 -999.9 -999.9 -999.9 -999.9 14.0 10.7 547.0 Rio_Grande_do_Sul DCRS -999.9 0.0 37.4 861.45 861.46 860.77 1 0.02 861.46 861.46 861.46 861.46
-29.264900 -50.314899 DCRS-00084 2026-07-29_14:52 18.4 -999.9 -999.9 72.2 -999.9 -999.9 13.3 -999.9 -999.9 -999.9 -999.9 -999.9 18.6 -999.9 19.1 365.0 0.0 37.4 97.6 120.8 123.4 124.8 18.4 11.1 97.8 68.9 55.4 DCRS_-_São_Francisco_de_Paula/Cambará_do_Sul_(865_m) -999.9 -999.9 -999.9 -999.9 -999.9 14.0 10.7 547.0 Rio_Grande_do_Sul DCRS -999.9 0.0 37.4 861.45 861.46 860.77 1 0.03 861.46 861.46 861.46 861.46
-29.264900 -50.314899 DCRS-00084 2026-07-29_14:53 18.4 -999.9 -999.9 71.2 -999.9 -999.9 13.1 -999.9 -999.9 -999.9 -999.9 -999.9 -999.9 -999.9 19.1 364.0 0.0 37.4 97.6 120.8 123.4 124.8 18.4 11.1 97.8 68.9 55.4 DCRS_-_São_Francisco_de_Paula/Cambará_do_Sul_(865_m) -999.9 -999.9 -999.9 -999.9 -999.9 14.0 10.7 547.0 Rio_Grande_do_Sul DCRS -999.9 0.0 37.4 861.46 861.46 860.77 1 0.03 861.46 861.46 861.46 861.46
-29.264900 -50.314899 DCRS-00084 2026-07-29_14:54 18.3 -999.9 -999.9 72.9 -999.9 -999.9 13.3 -999.9 -999.9 -999.9 -999.9 -999.9 13.9 -999.9 19.1 366.0 0.0 37.4 97.6 120.8 123.4 124.8 18.4 11.1 97.8 68.9 55.4 DCRS_-_São_Francisco_de_Paula/Cambará_do_Sul_(865_m) -999.9 -999.9 -999.9 -999.9 -999.9 14.0 10.7 547.0 Rio_Grande_do_Sul DCRS -999.9 0.0 37.4 861.46 861.46 860.77 1 0.03 861.46 861.46 861.46 861.46
-29.264900 -50.314899 DCRS-00084 2026-07-29_14:55 18.3 -999.9 -999.9 71.6 -999.9 -999.9 13.0 -999.9 -999.9 -999.9 -999.9 -999.9 7.3 -999.9 23.2 369.0 0.0 37.4 97.6 120.8 123.4 124.8 18.4 11.1 97.8 68.9 55.4 DCRS_-_São_Francisco_de_Paula/Cambará_do_Sul_(865_m) -999.9 -999.9 -999.9 -999.9 -999.9 14.0 10.7 547.0 Rio_Grande_do_Sul DCRS -999.9 0.0 37.4 861.45 861.46 860.77 1 0.01 861.46 861.46 861.46 861.46
-29.264900 -50.314899 DCRS-00084 2026-07-29_14:56 18.3 -999.9 -999.9 72.3 -999.9 -999.9 13.2 -999.9 -999.9 -999.9 -999.9 -999.9 14.3 -999.9 23.2 328.0 0.0 37.4 97.6 120.8 123.4 124.8 18.4 11.1 97.8 68.9 55.4 DCRS_-_São_Francisco_de_Paula/Cambará_do_Sul_(865_m) -999.9 -999.9 -999.9 -999.9 -999.9 14.0 10.7 547.0 Rio_Grande_do_Sul DCRS -999.9 0.0 37.4 861.46 861.46 860.77 1 0.04 861.46 861.46 861.46 861.46
-29.264900 -50.314899 DCRS-00084 2026-07-29_14:57 18.3 -999.9 -999.9 69.3 -999.9 -999.9 12.5 -999.9 -999.9 -999.9 -999.9 -999.9 13.9 -999.9 23.2 356.0 0.0 37.4 97.6 120.8 123.4 124.8 18.4 11.1 97.8 68.9 55.4 DCRS_-_São_Francisco_de_Paula/Cambará_do_Sul_(865_m) -999.9 -999.9 -999.9 -999.9 -999.9 14.0 10.7 547.0 Rio_Grande_do_Sul DCRS -999.9 0.0 37.4 861.45 861.46 860.77 1 0.02 861.46 861.46 861.46 861.46
-29.264900 -50.314899 DCRS-00084 2026-07-29_14:58 18.3 -999.9 -999.9 71.3 -999.9 -999.9 13.0 -999.9 -999.9 -999.9 -999.9 -999.9 8.1 -999.9 23.2 348.0 0.0 37.4 97.6 120.8 123.4 124.8 18.4 11.1 97.8 68.9 55.4 DCRS_-_São_Francisco_de_Paula/Cambará_do_Sul_(865_m) -999.9 -999.9 -999.9 -999.9 -999.9 14.0 10.7 547.0 Rio_Grande_do_Sul DCRS -999.9 0.0 37.4 861.45 861.46 860.77 1 0.02 861.46 861.46 861.46 861.46
-29.264900 -50.314899 DCRS-00084 2026-07-29_14:59 18.4 -999.9 -999.9 70.5 -999.9 -999.9 12.9 -999.9 -999.9 -999.9 -999.9 -999.9 11.6 -999.9 23.2 365.0 0.0 37.4 97.6 120.8 123.4 124.8 18.4 11.1 97.8 68.9 55.4 DCRS_-_São_Francisco_de_Paula/Cambará_do_Sul_(865_m) -999.9 -999.9 -999.9 -999.9 -999.9 14.0 10.7 547.0 Rio_Grande_do_Sul DCRS -999.9 0.0 37.4 861.45 861.46 860.77 1 0.02 861.46 861.46 861.46 861.46
-29.264900 -50.314899 DCRS-00084 2026-07-29_15:00 18.4 -999.9 -999.9 70.4 -999.9 -999.9 12.9 -999.9 -999.9 -999.9 -999.9 -999.9 13.3 -999.9 20.2 351.0 0.0 37.4 97.6 120.8 123.4 124.8 18.4 11.1 97.8 68.9 55.4 DCRS_-_São_Francisco_de_Paula/Cambará_do_Sul_(865_m) -999.9 -999.9 -999.9 -999.9 -999.9 14.0 10.7 547.0 Rio_Grande_do_Sul DCRS -999.9 0.0 37.4 861.46 861.46 860.77 1 0.03 861.46 861.46 861.46 861.46
-29.264900 -50.314899 DCRS-00084 2026-07-29_15:01 18.4 -999.9 -999.9 70.3 -999.9 -999.9 12.9 -999.9 -999.9 -999.9 -999.9 -999.9 6.7 -999.9 20.2 331.0 0.0 37.4 97.6 120.8 123.4 124.8 18.4 11.1 97.8 68.9 55.4 DCRS_-_São_Francisco_de_Paula/Cambará_do_Sul_(865_m) -999.9 -999.9 -999.9 -999.9 -999.9 14.0 10.7 547.0 Rio_Grande_do_Sul DCRS -999.9 0.0 37.4 861.46 861.46 860.77 1 0.03 861.46 861.46 861.46 861.46
-29.264900 -50.314899 DCRS-00084 2026-07-29_15:02 18.4 -999.9 -999.9 69.3 -999.9 -999.9 12.6 -999.9 -999.9 -999.9 -999.9 -999.9 11.7 -999.9 20.2 326.0 0.0 37.4 97.6 120.8 123.4 124.8 18.4 11.1 97.8 68.9 55.4 DCRS_-_São_Francisco_de_Paula/Cambará_do_Sul_(865_m) -999.9 -999.9 -999.9 -999.9 -999.9 14.0 10.7 547.0 Rio_Grande_do_Sul DCRS -999.9 0.0 37.4 861.45 861.46 860.77 1 0.02 861.46 861.46 861.46 861.46
-29.264900 -50.314899 DCRS-00084 2026-07-29_15:03 18.4 -999.9 -999.9 70.8 -999.9 -999.9 13.0 -999.9 -999.9 -999.9 -999.9 -999.9 7.6 -999.9 20.2 348.0 0.0 37.4 97.6 120.8 123.4 124.8 18.4 11.1 97.8 68.9 55.4 DCRS_-_São_Francisco_de_Paula/Cambará_do_Sul_(865_m) -999.9 -999.9 -999.9 -999.9 -999.9 14.0 10.7 547.0 Rio_Grande_do_Sul DCRS -999.9 0.0 37.4 861.45 861.46 860.77 1 0.02 861.46 861.46 861.46 861.46
-29.264900 -50.314899 DCRS-00084 2026-07-29_15:04 18.5 -999.9 -999.9 72.4 -999.9 -999.9 13.4 -999.9 -999.9 -999.9 -999.9 -999.9 3.2 -999.9 20.2 346.0 0.0 37.4 97.6 120.8 123.4 124.8 18.5 11.1 97.8 68.9 55.4 DCRS_-_São_Francisco_de_Paula/Cambará_do_Sul_(865_m) -999.9 -999.9 -999.9 -999.9 -999.9 14.0 10.7 547.0 Rio_Grande_do_Sul DCRS -999.9 0.0 37.4 861.47 861.47 860.77 1 0.04 861.47 861.47 861.47 861.47
-29.264900 -50.314899 DCRS-00084 2026-07-29_15:05 18.6 -999.9 -999.9 72.5 -999.9 -999.9 13.5 -999.9 -999.9 -999.9 -999.9 -999.9 11.7 -999.9 18.8 342.0 0.0 37.4 97.6 120.8 123.4 124.8 18.6 11.1 97.8 68.9 55.4 DCRS_-_São_Francisco_de_Paula/Cambará_do_Sul_(865_m) -999.9 -999.9 -999.9 -999.9 -999.9 14.0 10.7 547.0 Rio_Grande_do_Sul DCRS -999.9 0.0 37.4 861.46 861.47 860.77 1 0.02 861.47 861.47 861.47 861.47
-29.264900 -50.314899 DCRS-00084 2026-07-29_15:06 18.6 -999.9 -999.9 72.1 -999.9 -999.9 13.4 -999.9 -999.9 -999.9 -999.9 -999.9 13.6 -999.9 18.8 337.0 0.0 37.4 97.6 120.8 123.4 124.8 18.6 11.1 97.8 68.9 55.4 DCRS_-_São_Francisco_de_Paula/Cambará_do_Sul_(865_m) -999.9 -999.9 -999.9 -999.9 -999.9 14.0 10.7 547.0 Rio_Grande_do_Sul DCRS -999.9 0.0 37.4 861.46 861.47 860.77 1 0.02 861.47 861.47 861.47 861.47
-29.264900 -50.314899 DCRS-00084 2026-07-29_15:07 18.6 -999.9 -999.9 70.8 -999.9 -999.9 13.2 -999.9 -999.9 -999.9 -999.9 -999.9 9.0 -999.9 18.8 337.0 0.0 37.4 97.6 120.8 123.4 124.8 18.6 11.1 97.8 68.9 55.4 DCRS_-_São_Francisco_de_Paula/Cambará_do_Sul_(865_m) -999.9 -999.9 -999.9 -999.9 -999.9 14.0 10.7 547.0 Rio_Grande_do_Sul DCRS -999.9 0.0 37.4 861.45 861.47 860.77 1 0.01 861.47 861.47 861.47 861.47
-29.264900 -50.314899 DCRS-00084 2026-07-29_15:08 18.6 -999.9 -999.9 68.5 -999.9 -999.9 12.7 -999.9 -999.9 -999.9 -999.9 -999.9 15.2 -999.9 18.8 335.0 0.0 37.4 97.6 120.8 123.4 124.8 18.6 11.1 97.8 68.5 55.4 DCRS_-_São_Francisco_de_Paula/Cambará_do_Sul_(865_m) -999.9 -999.9 -999.9 -999.9 -999.9 14.0 10.7 547.0 Rio_Grande_do_Sul DCRS -999.9 0.0 37.4 861.46 861.47 860.77 1 0.03 861.47 861.47 861.47 861.47
-29.264900 -50.314899 DCRS-00084 2026-07-29_15:09 18.4 -999.9 -999.9 68.9 -999.9 -999.9 12.6 -999.9 -999.9 -999.9 -999.9 -999.9 18.5 -999.9 18.8 337.0 0.0 37.4 97.6 120.8 123.4 124.8 18.6 11.1 97.8 68.5 55.4 DCRS_-_São_Francisco_de_Paula/Cambará_do_Sul_(865_m) -999.9 -999.9 -999.9 -999.9 -999.9 14.0 10.7 547.0 Rio_Grande_do_Sul DCRS -999.9 0.0 37.4 861.46 861.47 860.77 1 0.03 861.47 861.47 861.47 861.47
-29.264900 -50.314899 DCRS-00084 2026-07-29_15:10 18.5 -999.9 -999.9 68.2 -999.9 -999.9 12.5 -999.9 -999.9 -999.9 -999.9 -999.9 19.1 -999.9 20.9 328.0 0.0 37.4 97.6 120.8 123.4 124.8 18.6 11.1 97.8 68.2 55.4 DCRS_-_São_Francisco_de_Paula/Cambará_do_Sul_(865_m) -999.9 -999.9 -999.9 -999.9 -999.9 14.0 10.7 547.0 Rio_Grande_do_Sul DCRS -999.9 0.0 37.4 861.46 861.47 860.77 1 0.02 861.47 861.47 861.47 861.47
-29.264900 -50.314899 DCRS-00084 2026-07-29_15:11 18.4 -999.9 -999.9 68.0 -999.9 -999.9 12.3 -999.9 -999.9 -999.9 -999.9 -999.9 10.7 -999.9 20.9 328.0 0.0 37.4 97.6 120.8 123.4 124.8 18.6 11.1 97.8 68.0 55.4 DCRS_-_São_Francisco_de_Paula/Cambará_do_Sul_(865_m) -999.9 -999.9 -999.9 -999.9 -999.9 14.0 10.7 547.0 Rio_Grande_do_Sul DCRS -999.9 0.0 37.4 861.46 861.47 860.77 1 0.03 861.47 861.47 861.47 861.47
-29.264900 -50.314899 DCRS-00084 2026-07-29_15:13 18.4 -999.9 -999.9 69.2 -999.9 -999.9 12.6 -999.9 -999.9 -999.9 -999.9 -999.9 15.0 -999.9 20.9 323.0 0.0 37.4 97.6 120.8 123.4 124.8 18.6 11.1 97.8 68.0 55.4 DCRS_-_São_Francisco_de_Paula/Cambará_do_Sul_(865_m) -999.9 -999.9 -999.9 -999.9 -999.9 14.0 10.7 547.0 Rio_Grande_do_Sul DCRS -999.9 0.0 37.4 861.45 861.47 860.77 1 0.01 861.47 861.47 861.47 861.47
-29.264900 -50.314899 DCRS-00084 2026-07-29_15:14 18.4 -999.9 -999.9 69.4 -999.9 -999.9 12.7 -999.9 -999.9 -999.9 -999.9 -999.9 13.4 -999.9 20.9 319.0 0.0 37.4 97.6 120.8 123.4 124.8 18.6 11.1 97.8 68.0 55.4 DCRS_-_São_Francisco_de_Paula/Cambará_do_Sul_(865_m) -999.9 -999.9 -999.9 -999.9 -999.9 14.0 10.7 547.0 Rio_Grande_do_Sul DCRS -999.9 0.0 37.4 861.46 861.47 860.77 1 0.02 861.47 861.47 861.47 861.47
-29.264900 -50.314899 DCRS-00084 2026-07-29_15:15 18.4 -999.9 -999.9 70.0 -999.9 -999.9 12.8 -999.9 -999.9 -999.9 -999.9 -999.9 13.3 -999.9 21.0 317.0 0.0 37.4 97.6 120.8 123.4 124.8 18.6 11.1 97.8 68.0 55.4 DCRS_-_São_Francisco_de_Paula/Cambará_do_Sul_(865_m) -999.9 -999.9 -999.9 -999.9 -999.9 14.0 10.7 547.0 Rio_Grande_do_Sul DCRS -999.9 0.0 37.4 861.46 861.47 860.77 1 0.02 861.47 861.47 861.47 861.47
-29.264900 -50.314899 DCRS-00084 2026-07-29_15:16 18.4 -999.9 -999.9 69.0 -999.9 -999.9 12.6 -999.9 -999.9 -999.9 -999.9 -999.9 13.8 -999.9 21.0 316.0 0.0 37.4 97.6 120.8 123.4 124.8 18.6 11.1 97.8 68.0 55.4 DCRS_-_São_Francisco_de_Paula/Cambará_do_Sul_(865_m) -999.9 -999.9 -999.9 -999.9 -999.9 14.0 10.7 547.0 Rio_Grande_do_Sul DCRS -999.9 0.0 37.4 861.46 861.47 860.77 1 0.02 861.47 861.47 861.47 861.47
-29.264900 -50.314899 DCRS-00084 2026-07-29_15:17 18.4 -999.9 -999.9 69.0 -999.9 -999.9 12.6 -999.9 -999.9 -999.9 -999.9 -999.9 18.3 -999.9 21.0 314.0 0.0 37.4 97.6 120.8 123.4 124.8 18.6 11.1 97.8 68.0 55.4 DCRS_-_São_Francisco_de_Paula/Cambará_do_Sul_(865_m) -999.9 -999.9 -999.9 -999.9 -999.9 14.0 10.7 547.0 Rio_Grande_do_Sul DCRS -999.9 0.0 37.4 861.47 861.47 860.77 1 0.03 861.47 861.47 861.47 861.47
-29.264900 -50.314899 DCRS-00084 2026-07-29_15:18 18.3 -999.9 -999.9 68.6 -999.9 -999.9 12.4 -999.9 -999.9 -999.9 -999.9 -999.9 13.0 -999.9 21.0 312.0 0.0 37.4 97.6 120.8 123.4 124.8 18.6 11.1 97.8 68.0 55.4 DCRS_-_São_Francisco_de_Paula/Cambará_do_Sul_(865_m) -999.9 -999.9 -999.9 -999.9 -999.9 14.0 10.7 547.0 Rio_Grande_do_Sul DCRS -999.9 0.0 37.4 861.47 861.47 860.77 1 0.03 861.47 861.47 861.47 861.47
-29.264900 -50.314899 DCRS-00084 2026-07-29_15:19 18.3 -999.9 -999.9 68.9 -999.9 -999.9 12.5 -999.9 -999.9 -999.9 -999.9 -999.9 15.9 -999.9 21.0 308.0 0.0 37.4 97.6 120.8 123.4 124.8 18.6 11.1 97.8 68.0 55.4 DCRS_-_São_Francisco_de_Paula/Cambará_do_Sul_(865_m) -999.9 -999.9 -999.9 -999.9 -999.9 14.0 10.7 547.0 Rio_Grande_do_Sul DCRS -999.9 0.0 37.4 861.47 861.47 860.77 1 0.03 861.47 861.47 861.47 861.47
-29.264900 -50.314899 DCRS-00084 2026-07-29_15:20 18.3 -999.9 -999.9 69.8 -999.9 -999.9 12.7 -999.9 -999.9 -999.9 -999.9 -999.9 18.8 -999.9 20.4 307.0 0.0 37.4 97.6 120.8 123.4 124.8 18.6 11.1 97.8 68.0 55.4 DCRS_-_São_Francisco_de_Paula/Cambará_do_Sul_(865_m) -999.9 -999.9 -999.9 -999.9 -999.9 14.0 10.7 547.0 Rio_Grande_do_Sul DCRS -999.9 0.0 37.4 861.47 861.47 860.77 1 0.03 861.47 861.47 861.47 861.47
-29.264900 -50.314899 DCRS-00084 2026-07-29_15:21 18.3 -999.9 -999.9 69.3 -999.9 -999.9 12.5 -999.9 -999.9 -999.9 -999.9 -999.9 13.8 -999.9 20.4 304.0 0.0 37.4 97.6 120.8 123.4 124.8 18.6 11.1 97.8 68.0 55.4 DCRS_-_São_Francisco_de_Paula/Cambará_do_Sul_(865_m) -999.9 -999.9 -999.9 -999.9 -999.9 14.0 10.7 547.0 Rio_Grande_do_Sul DCRS -999.9 0.0 37.4 861.46 861.47 860.77 1 0.02 861.47 861.47 861.47 861.47
-29.264900 -50.314899 DCRS-00084 2026-07-29_15:22 18.4 -999.9 -999.9 71.0 -999.9 -999.9 13.0 -999.9 -999.9 -999.9 -999.9 -999.9 7.3 -999.9 20.4 302.0 0.0 37.4 97.6 120.8 123.4 124.8 18.6 11.1 97.8 68.0 55.4 DCRS_-_São_Francisco_de_Paula/Cambará_do_Sul_(865_m) -999.9 -999.9 -999.9 -999.9 -999.9 14.0 10.7 547.0 Rio_Grande_do_Sul DCRS -999.9 0.0 37.4 861.46 861.47 860.77 1 0.03 861.47 861.47 861.47 861.47
-29.264900 -50.314899 DCRS-00084 2026-07-29_15:23 18.4 -999.9 -999.9 69.2 -999.9 -999.9 12.6 -999.9 -999.9 -999.9 -999.9 -999.9 7.8 -999.9 20.4 300.0 0.0 37.4 97.6 120.8 123.4 124.8 18.6 11.1 97.8 68.0 55.4 DCRS_-_São_Francisco_de_Paula/Cambará_do_Sul_(865_m) -999.9 -999.9 -999.9 -999.9 -999.9 14.0 10.7 547.0 Rio_Grande_do_Sul DCRS -999.9 0.0 37.4 861.46 861.47 860.77 1 0.02 861.47 861.47 861.47 861.47
-29.264900 -50.314899 DCRS-00084 2026-07-29_15:24 18.4 -999.9 -999.9 70.2 -999.9 -999.9 12.8 -999.9 -999.9 -999.9 -999.9 -999.9 12.2 -999.9 20.4 298.0 0.0 37.4 97.6 120.8 123.4 124.8 18.6 11.1 97.8 68.0 55.4 DCRS_-_São_Francisco_de_Paula/Cambará_do_Sul_(865_m) -999.9 -999.9 -999.9 -999.9 -999.9 14.0 10.7 547.0 Rio_Grande_do_Sul DCRS -999.9 0.0 37.4 861.46 861.47 860.77 1 0.02 861.47 861.47 861.47 861.47
-29.264900 -50.314899 DCRS-00084 2026-07-29_15:25 18.5 -999.9 -999.9 70.4 -999.9 -999.9 13.0 -999.9 -999.9 -999.9 -999.9 -999.9 8.0 -999.9 19.7 296.0 0.0 37.4 97.6 120.8 123.4 124.8 18.6 11.1 97.8 68.0 55.4 DCRS_-_São_Francisco_de_Paula/Cambará_do_Sul_(865_m) -999.9 -999.9 -999.9 -999.9 -999.9 14.0 10.7 547.0 Rio_Grande_do_Sul DCRS -999.9 0.0 37.4 861.46 861.47 860.77 1 0.02 861.47 861.47 861.47 861.47
-29.264900 -50.314899 DCRS-00084 2026-07-29_15:26 18.5 -999.9 -999.9 68.8 -999.9 -999.9 12.6 -999.9 -999.9 -999.9 -999.9 -999.9 11.9 -999.9 19.7 295.0 0.0 37.4 97.6 120.8 123.4 124.8 18.6 11.1 97.8 68.0 55.4 DCRS_-_São_Francisco_de_Paula/Cambará_do_Sul_(865_m) -999.9 -999.9 -999.9 -999.9 -999.9 14.0 10.7 547.0 Rio_Grande_do_Sul DCRS -999.9 0.0 37.4 861.46 861.47 860.77 1 0.02 861.47 861.47 861.47 861.47
-29.264900 -50.314899 DCRS-00084 2026-07-29_15:27 18.5 -999.9 -999.9 69.1 -999.9 -999.9 12.7 -999.9 -999.9 -999.9 -999.9 -999.9 11.6 -999.9 19.7 296.0 0.0 37.4 97.6 120.8 123.4 124.8 18.6 11.1 97.8 68.0 55.4 DCRS_-_São_Francisco_de_Paula/Cambará_do_Sul_(865_m) -999.9 -999.9 -999.9 -999.9 -999.9 14.0 10.7 547.0 Rio_Grande_do_Sul DCRS -999.9 0.0 37.4 861.46 861.47 860.77 1 0.02 861.47 861.47 861.47 861.47
-29.264900 -50.314899 DCRS-00084 2026-07-29_15:29 18.5 -999.9 -999.9 69.0 -999.9 -999.9 12.7 -999.9 -999.9 -999.9 -999.9 -999.9 11.2 -999.9 19.7 289.0 0.0 37.4 97.6 120.8 123.4 124.8 18.6 11.1 97.8 68.0 55.4 DCRS_-_São_Francisco_de_Paula/Cambará_do_Sul_(865_m) -999.9 -999.9 -999.9 -999.9 -999.9 14.0 10.7 547.0 Rio_Grande_do_Sul DCRS -999.9 0.0 37.4 861.46 861.47 860.77 1 0.01 861.47 861.47 861.47 861.47
-29.264900 -50.314899 DCRS-00084 2026-07-29_15:30 18.4 -999.9 -999.9 68.3 -999.9 -999.9 12.4 -999.9 -999.9 -999.9 -999.9 -999.9 15.4 -999.9 19.2 286.0 0.0 37.4 97.6 120.8 123.4 124.8 18.6 11.1 97.8 68.0 55.4 DCRS_-_São_Francisco_de_Paula/Cambará_do_Sul_(865_m) -999.9 -999.9 -999.9 -999.9 -999.9 14.0 10.7 547.0 Rio_Grande_do_Sul DCRS -999.9 0.0 37.4 861.46 861.47 860.77 1 0.02 861.47 861.47 861.47 861.47
-29.264900 -50.314899 DCRS-00084 2026-07-29_15:31 18.4 -999.9 -999.9 70.0 -999.9 -999.9 12.8 -999.9 -999.9 -999.9 -999.9 -999.9 9.4 -999.9 19.2 285.0 0.0 37.4 97.6 120.8 123.4 124.8 18.6 11.1 97.8 68.0 55.4 DCRS_-_São_Francisco_de_Paula/Cambará_do_Sul_(865_m) -999.9 -999.9 -999.9 -999.9 -999.9 14.0 10.7 547.0 Rio_Grande_do_Sul DCRS -999.9 0.0 37.4 861.47 861.47 860.77 1 0.02 861.47 861.47 861.47 861.47
-29.264900 -50.314899 DCRS-00084 2026-07-29_15:32 18.5 -999.9 -999.9 72.0 -999.9 -999.9 13.3 -999.9 -999.9 -999.9 -999.9 -999.9 5.9 -999.9 19.2 283.0 0.0 37.4 97.6 120.8 123.4 124.8 18.6 11.1 97.8 68.0 55.4 DCRS_-_São_Francisco_de_Paula/Cambará_do_Sul_(865_m) -999.9 -999.9 -999.9 -999.9 -999.9 14.0 10.7 547.0 Rio_Grande_do_Sul DCRS -999.9 0.0 37.4 861.47 861.47 860.77 1 0.02 861.47 861.47 861.47 861.47
-29.264900 -50.314899 DCRS-00084 2026-07-29_15:33 18.6 -999.9 -999.9 70.3 -999.9 -999.9 13.1 -999.9 -999.9 -999.9 -999.9 -999.9 11.3 -999.9 19.2 281.0 0.0 37.4 97.6 120.8 123.4 124.8 18.6 11.1 97.8 68.0 55.4 DCRS_-_São_Francisco_de_Paula/Cambará_do_Sul_(865_m) -999.9 -999.9 -999.9 -999.9 -999.9 14.0 10.7 547.0 Rio_Grande_do_Sul DCRS -999.9 0.0 37.4 861.47 861.47 860.77 1 0.02 861.47 861.47 861.47 861.47
-29.264900 -50.314899 DCRS-00084 2026-07-29_15:34 18.6 -999.9 -999.9 69.0 -999.9 -999.9 12.8 -999.9 -999.9 -999.9 -999.9 -999.9 4.3 -999.9 19.2 279.0 0.0 37.4 97.6 120.8 123.4 124.8 18.6 11.1 97.8 68.0 55.4 DCRS_-_São_Francisco_de_Paula/Cambará_do_Sul_(865_m) -999.9 -999.9 -999.9 -999.9 -999.9 14.0 10.7 547.0 Rio_Grande_do_Sul DCRS -999.9 0.0 37.4 861.47 861.47 860.77 1 0.02 861.47 861.47 861.47 861.47
-29.264900 -50.314899 DCRS-00084 2026-07-29_15:35 18.7 -999.9 -999.9 69.6 -999.9 -999.9 13.0 -999.9 -999.9 -999.9 -999.9 -999.9 10.4 -999.9 18.8 277.0 0.0 37.4 97.6 120.8 123.4 124.8 18.7 11.1 97.8 68.0 55.4 DCRS_-_São_Francisco_de_Paula/Cambará_do_Sul_(865_m) -999.9 -999.9 -999.9 -999.9 -999.9 14.0 10.7 547.0 Rio_Grande_do_Sul DCRS -999.9 0.0 37.4 861.47 861.47 860.77 1 0.03 861.47 861.47 861.47 861.47
-29.264900 -50.314899 DCRS-00084 2026-07-29_15:36 18.6 -999.9 -999.9 68.4 -999.9 -999.9 12.6 -999.9 -999.9 -999.9 -999.9 -999.9 7.9 -999.9 18.8 275.0 0.0 37.4 97.6 120.8 123.4 124.8 18.7 11.1 97.8 68.0 55.4 DCRS_-_São_Francisco_de_Paula/Cambará_do_Sul_(865_m) -999.9 -999.9 -999.9 -999.9 -999.9 14.0 10.7 547.0 Rio_Grande_do_Sul DCRS -999.9 0.0 37.4 861.47 861.47 860.77 1 0.03 861.47 861.47 861.47 861.47
-29.264900 -50.314899 DCRS-00084 2026-07-29_15:37 18.6 -999.9 -999.9 68.3 -999.9 -999.9 12.6 -999.9 -999.9 -999.9 -999.9 -999.9 10.2 -999.9 18.8 273.0 0.0 37.4 97.6 120.8 123.4 124.8 18.7 11.1 97.8 68.0 55.4 DCRS_-_São_Francisco_de_Paula/Cambará_do_Sul_(865_m) -999.9 -999.9 -999.9 -999.9 -999.9 14.0 10.7 547.0 Rio_Grande_do_Sul DCRS -999.9 0.0 37.4 861.47 861.47 860.77 1 0.03 861.47 861.47 861.47 861.47
-29.264900 -50.314899 DCRS-00084 2026-07-29_15:38 18.6 -999.9 -999.9 68.6 -999.9 -999.9 12.7 -999.9 -999.9 -999.9 -999.9 -999.9 12.7 -999.9 18.8 271.0 0.0 37.4 97.6 120.8 123.4 124.8 18.7 11.1 97.8 68.0 55.4 DCRS_-_São_Francisco_de_Paula/Cambará_do_Sul_(865_m) -999.9 -999.9 -999.9 -999.9 -999.9 14.0 10.7 547.0 Rio_Grande_do_Sul DCRS -999.9 0.0 37.4 861.47 861.47 860.77 1 0.03 861.47 861.47 861.47 861.47
-29.264900 -50.314899 DCRS-00084 2026-07-29_15:39 18.5 -999.9 -999.9 68.0 -999.9 -999.9 12.4 -999.9 -999.9 -999.9 -999.9 -999.9 10.8 -999.9 18.8 271.0 0.0 37.4 97.6 120.8 123.4 124.8 18.7 11.1 97.8 68.0 55.4 DCRS_-_São_Francisco_de_Paula/Cambará_do_Sul_(865_m) -999.9 -999.9 -999.9 -999.9 -999.9 14.0 10.7 547.0 Rio_Grande_do_Sul DCRS -999.9 0.0 37.4 861.47 861.47 860.77 1 0.03 861.47 861.47 861.47 861.47
-29.264900 -50.314899 DCRS-00084 2026-07-29_15:40 18.5 -999.9 -999.9 68.2 -999.9 -999.9 12.5 -999.9 -999.9 -999.9 -999.9 -999.9 12.9 -999.9 19.4 269.0 0.0 37.4 97.6 120.8 123.4 124.8 18.7 11.1 97.8 68.0 55.4 DCRS_-_São_Francisco_de_Paula/Cambará_do_Sul_(865_m) -999.9 -999.9 -999.9 -999.9 -999.9 14.0 10.7 547.0 Rio_Grande_do_Sul DCRS -999.9 0.0 37.4 861.47 861.47 860.77 1 0.02 861.47 861.47 861.47 861.47
-29.264900 -50.314899 DCRS-00084 2026-07-29_15:41 18.5 -999.9 -999.9 67.9 -999.9 -999.9 12.4 -999.9 -999.9 -999.9 -999.9 -999.9 13.3 -999.9 19.4 266.0 0.0 37.4 97.6 120.8 123.4 124.8 18.7 11.1 97.8 67.9 55.4 DCRS_-_São_Francisco_de_Paula/Cambará_do_Sul_(865_m) -999.9 -999.9 -999.9 -999.9 -999.9 14.0 10.7 547.0 Rio_Grande_do_Sul DCRS -999.9 0.0 37.4 861.47 861.47 860.77 1 0.02 861.47 861.47 861.47 861.47
-29.264900 -50.314899 DCRS-00084 2026-07-29_15:42 18.4 -999.9 -999.9 66.9 -999.9 -999.9 12.1 -999.9 -999.9 -999.9 -999.9 -999.9 18.3 -999.9 19.4 262.0 0.0 37.4 97.6 120.8 123.4 124.8 18.7 11.1 97.8 66.9 55.4 DCRS_-_São_Francisco_de_Paula/Cambará_do_Sul_(865_m) -999.9 -999.9 -999.9 -999.9 -999.9 14.0 10.7 547.0 Rio_Grande_do_Sul DCRS -999.9 0.0 37.4 861.47 861.47 860.77 1 0.02 861.47 861.47 861.47 861.47
-29.264900 -50.314899 DCRS-00084 2026-07-29_15:43 18.3 -999.9 -999.9 67.4 -999.9 -999.9 12.1 -999.9 -999.9 -999.9 -999.9 -999.9 13.3 -999.9 19.4 261.0 0.0 37.4 97.6 120.8 123.4 124.8 18.7 11.1 97.8 66.9 55.4 DCRS_-_São_Francisco_de_Paula/Cambará_do_Sul_(865_m) -999.9 -999.9 -999.9 -999.9 -999.9 14.0 10.7 547.0 Rio_Grande_do_Sul DCRS -999.9 0.0 37.4 861.47 861.47 860.77 1 0.02 861.47 861.47 861.47 861.47
-29.264900 -50.314899 DCRS-00084 2026-07-29_15:44 18.3 -999.9 -999.9 68.2 -999.9 -999.9 12.3 -999.9 -999.9 -999.9 -999.9 -999.9 10.0 -999.9 19.4 259.0 0.0 37.4 97.6 120.8 123.4 124.8 18.7 11.1 97.8 66.9 55.4 DCRS_-_São_Francisco_de_Paula/Cambará_do_Sul_(865_m) -999.9 -999.9 -999.9 -999.9 -999.9 14.0 10.7 547.0 Rio_Grande_do_Sul DCRS -999.9 0.0 37.4 861.47 861.47 860.77 1 0.01 861.47 861.47 861.47 861.47
-29.264900 -50.314899 DCRS-00084 2026-07-29_15:45 18.2 -999.9 -999.9 67.7 -999.9 -999.9 12.1 -999.9 -999.9 -999.9 -999.9 -999.9 15.6 -999.9 21.9 256.0 0.0 37.4 97.6 120.8 123.4 124.8 18.7 11.1 97.8 66.9 55.4 DCRS_-_São_Francisco_de_Paula/Cambará_do_Sul_(865_m) -999.9 -999.9 -999.9 -999.9 -999.9 14.0 10.7 547.0 Rio_Grande_do_Sul DCRS -999.9 0.0 37.4 861.47 861.47 860.77 1 0.01 861.47 861.47 861.47 861.47
-29.264900 -50.314899 DCRS-00084 2026-07-29_15:46 18.1 -999.9 -999.9 66.9 -999.9 -999.9 11.8 -999.9 -999.9 -999.9 -999.9 -999.9 17.6 -999.9 21.9 256.0 0.0 37.4 97.6 120.8 123.4 124.8 18.7 11.1 97.8 66.9 55.4 DCRS_-_São_Francisco_de_Paula/Cambará_do_Sul_(865_m) -999.9 -999.9 -999.9 -999.9 -999.9 14.0 10.7 547.0 Rio_Grande_do_Sul DCRS -999.9 0.0 37.4 861.48 861.48 860.77 1 0.03 861.48 861.48 861.48 861.48
-29.264900 -50.314899 DCRS-00084 2026-07-29_15:47 18.1 -999.9 -999.9 67.0 -999.9 -999.9 11.8 -999.9 -999.9 -999.9 -999.9 -999.9 17.4 -999.9 21.9 253.0 0.0 37.4 97.6 120.8 123.4 124.8 18.7 11.1 97.8 66.9 55.4 DCRS_-_São_Francisco_de_Paula/Cambará_do_Sul_(865_m) -999.9 -999.9 -999.9 -999.9 -999.9 14.0 10.7 547.0 Rio_Grande_do_Sul DCRS -999.9 0.0 37.4 861.47 861.48 860.77 1 0.02 861.48 861.48 861.48 861.48
-29.264900 -50.314899 DCRS-00084 2026-07-29_15:48 18.1 -999.9 -999.9 67.2 -999.9 -999.9 11.9 -999.9 -999.9 -999.9 -999.9 -999.9 15.1 -999.9 21.9 253.0 0.0 37.4 97.6 120.8 123.4 124.8 18.7 11.1 97.8 66.9 55.4 DCRS_-_São_Francisco_de_Paula/Cambará_do_Sul_(865_m) -999.9 -999.9 -999.9 -999.9 -999.9 14.0 10.7 547.0 Rio_Grande_do_Sul DCRS -999.9 0.0 37.4 861.47 861.48 860.77 1 0.02 861.48 861.48 861.48 861.48
-29.264900 -50.314899 DCRS-00084 2026-07-29_15:49 18.1 -999.9 -999.9 67.2 -999.9 -999.9 11.9 -999.9 -999.9 -999.9 -999.9 -999.9 20.8 -999.9 21.9 248.0 0.0 37.4 97.6 120.8 123.4 124.8 18.7 11.1 97.8 66.9 55.4 DCRS_-_São_Francisco_de_Paula/Cambará_do_Sul_(865_m) -999.9 -999.9 -999.9 -999.9 -999.9 14.0 10.7 547.0 Rio_Grande_do_Sul DCRS -999.9 0.0 37.4 861.47 861.48 860.77 1 0.02 861.48 861.48 861.48 861.48
-29.264900 -50.314899 DCRS-00084 2026-07-29_15:51 17.9 -999.9 -999.9 67.1 -999.9 -999.9 11.7 -999.9 -999.9 -999.9 -999.9 -999.9 16.7 -999.9 23.6 244.0 0.0 37.4 97.6 120.8 123.4 124.8 18.7 11.1 97.8 66.9 55.4 DCRS_-_São_Francisco_de_Paula/Cambará_do_Sul_(865_m) -999.9 -999.9 -999.9 -999.9 -999.9 14.0 10.7 547.0 Rio_Grande_do_Sul DCRS -999.9 0.0 37.4 861.48 861.48 860.77 1 0.03 861.48 861.48 861.48 861.48
-29.264900 -50.314899 DCRS-00084 2026-07-29_15:52 17.9 -999.9 -999.9 68.2 -999.9 -999.9 11.9 -999.9 -999.9 -999.9 -999.9 -999.9 14.8 -999.9 23.6 242.0 0.0 37.4 97.6 120.8 123.4 124.8 18.7 11.1 97.8 66.9 55.4 DCRS_-_São_Francisco_de_Paula/Cambará_do_Sul_(865_m) -999.9 -999.9 -999.9 -999.9 -999.9 14.0 10.7 547.0 Rio_Grande_do_Sul DCRS -999.9 0.0 37.4 861.47 861.48 860.77 1 0.02 861.48 861.48 861.48 861.48
-29.264900 -50.314899 DCRS-00084 2026-07-29_15:53 17.9 -999.9 -999.9 68.5 -999.9 -999.9 12.0 -999.9 -999.9 -999.9 -999.9 -999.9 17.4 -999.9 23.6 239.0 0.0 37.4 97.6 120.8 123.4 124.8 18.7 11.1 97.8 66.9 55.4 DCRS_-_São_Francisco_de_Paula/Cambará_do_Sul_(865_m) -999.9 -999.9 -999.9 -999.9 -999.9 14.0 10.7 547.0 Rio_Grande_do_Sul DCRS -999.9 0.0 37.4 861.47 861.48 860.77 1 0.01 861.48 861.48 861.48 861.48
-29.264900 -50.314899 DCRS-00084 2026-07-29_15:54 17.8 -999.9 -999.9 69.3 -999.9 -999.9 12.1 -999.9 -999.9 -999.9 -999.9 -999.9 17.1 -999.9 23.6 236.0 0.0 37.4 97.6 120.8 123.4 124.8 18.7 11.1 97.8 66.9 55.4 DCRS_-_São_Francisco_de_Paula/Cambará_do_Sul_(865_m) -999.9 -999.9 -999.9 -999.9 -999.9 14.0 10.7 547.0 Rio_Grande_do_Sul DCRS -999.9 0.0 37.4 861.47 861.48 860.77 1 0.01 861.48 861.48 861.48 861.48
-29.264900 -50.314899 DCRS-00084 2026-07-29_15:55 17.9 -999.9 -999.9 70.5 -999.9 -999.9 12.4 -999.9 -999.9 -999.9 -999.9 -999.9 8.5 -999.9 23.6 235.0 0.0 37.4 97.6 120.8 123.4 124.8 18.7 11.1 97.8 66.9 55.4 DCRS_-_São_Francisco_de_Paula/Cambará_do_Sul_(865_m) -999.9 -999.9 -999.9 -999.9 -999.9 14.0 10.7 547.0 Rio_Grande_do_Sul DCRS -999.9 0.0 37.4 861.47 861.48 860.77 1 0.02 861.48 861.48 861.48 861.48
-29.264900 -50.314899 DCRS-00084 2026-07-29_15:56 17.9 -999.9 -999.9 68.6 -999.9 -999.9 12.0 -999.9 -999.9 -999.9 -999.9 -999.9 14.2 -999.9 23.6 233.0 0.0 37.4 97.6 120.8 123.4 124.8 18.7 11.1 97.8 66.9 55.4 DCRS_-_São_Francisco_de_Paula/Cambará_do_Sul_(865_m) -999.9 -999.9 -999.9 -999.9 -999.9 14.0 10.7 547.0 Rio_Grande_do_Sul DCRS -999.9 0.0 37.4 861.45 861.48 860.77 1 -0.01 861.48 861.48 861.48 861.48
-29.264900 -50.314899 DCRS-00084 2026-07-29_15:57 17.8 -999.9 -999.9 69.6 -999.9 -999.9 12.1 -999.9 -999.9 -999.9 -999.9 -999.9 15.2 -999.9 23.6 231.0 0.0 37.4 97.6 120.8 123.4 124.8 18.7 11.1 97.8 66.9 55.4 DCRS_-_São_Francisco_de_Paula/Cambará_do_Sul_(865_m) -999.9 -999.9 -999.9 -999.9 -999.9 14.0 10.7 547.0 Rio_Grande_do_Sul DCRS -999.9 0.0 37.4 861.48 861.48 860.77 1 0.03 861.48 861.48 861.48 861.48
-29.264900 -50.314899 DCRS-00084 2026-07-29_15:58 17.9 -999.9 -999.9 67.6 -999.9 -999.9 11.8 -999.9 -999.9 -999.9 -999.9 -999.9 18.5 -999.9 23.6 228.0 0.0 37.4 97.6 120.8 123.4 124.8 18.7 11.1 97.8 66.9 55.4 DCRS_-_São_Francisco_de_Paula/Cambará_do_Sul_(865_m) -999.9 -999.9 -999.9 -999.9 -999.9 14.0 10.7 547.0 Rio_Grande_do_Sul DCRS -999.9 0.0 37.4 861.47 861.48 860.77 1 0.02 861.48 861.48 861.48 861.48
-29.264900 -50.314899 DCRS-00084 2026-07-29_15:59 17.8 -999.9 -999.9 69.3 -999.9 -999.9 12.1 -999.9 -999.9 -999.9 -999.9 -999.9 13.5 -999.9 23.6 227.0 0.0 37.4 97.6 120.8 123.4 124.8 18.7 11.1 97.8 66.9 55.4 DCRS_-_São_Francisco_de_Paula/Cambará_do_Sul_(865_m) -999.9 -999.9 -999.9 -999.9 -999.9 14.0 10.7 547.0 Rio_Grande_do_Sul DCRS -999.9 0.0 37.4 861.48 861.48 860.77 1 0.03 861.48 861.48 861.48 861.48
-29.264900 -50.314899 DCRS-00084 2026-07-29_16:00 17.9 -999.9 -999.9 70.3 -999.9 -999.9 12.4 -999.9 -999.9 -999.9 -999.9 -999.9 8.1 -999.9 20.2 225.0 0.0 37.4 97.6 120.8 123.4 124.8 18.7 11.1 97.8 66.9 55.4 DCRS_-_São_Francisco_de_Paula/Cambará_do_Sul_(865_m) -999.9 -999.9 -999.9 -999.9 -999.9 14.0 10.7 547.0 Rio_Grande_do_Sul DCRS -999.9 0.0 37.4 861.48 861.48 860.77 1 0.02 861.48 861.48 861.48 861.48
-29.264900 -50.314899 DCRS-00084 2026-07-29_16:01 17.9 -999.9 -999.9 70.0 -999.9 -999.9 12.3 -999.9 -999.9 -999.9 -999.9 -999.9 14.0 -999.9 20.2 223.0 0.0 37.4 97.6 120.8 123.4 124.8 18.7 11.1 97.8 66.9 55.4 DCRS_-_São_Francisco_de_Paula/Cambará_do_Sul_(865_m) -999.9 -999.9 -999.9 -999.9 -999.9 14.0 10.7 547.0 Rio_Grande_do_Sul DCRS -999.9 0.0 37.4 861.47 861.48 860.77 1 0.01 861.48 861.48 861.48 861.48
-29.264900 -50.314899 DCRS-00084 2026-07-29_16:02 17.9 -999.9 -999.9 70.8 -999.9 -999.9 12.5 -999.9 -999.9 -999.9 -999.9 -999.9 6.7 -999.9 20.2 221.0 0.0 37.4 97.6 120.8 123.4 124.8 18.7 11.1 97.8 66.9 55.4 DCRS_-_São_Francisco_de_Paula/Cambará_do_Sul_(865_m) -999.9 -999.9 -999.9 -999.9 -999.9 14.0 10.7 547.0 Rio_Grande_do_Sul DCRS -999.9 0.0 37.4 861.48 861.48 860.77 1 0.03 861.48 861.48 861.48 861.48
-29.264900 -50.314899 DCRS-00084 2026-07-29_16:03 18.0 -999.9 -999.9 70.3 -999.9 -999.9 12.5 -999.9 -999.9 -999.9 -999.9 -999.9 13.8 -999.9 20.2 218.0 0.0 37.4 97.6 120.8 123.4 124.8 18.7 11.1 97.8 66.9 55.4 DCRS_-_São_Francisco_de_Paula/Cambará_do_Sul_(865_m) -999.9 -999.9 -999.9 -999.9 -999.9 14.0 10.7 547.0 Rio_Grande_do_Sul DCRS -999.9 0.0 37.4 861.48 861.48 860.77 1 0.03 861.48 861.48 861.48 861.48
-29.264900 -50.314899 DCRS-00084 2026-07-29_16:04 18.0 -999.9 -999.9 69.6 -999.9 -999.9 12.3 -999.9 -999.9 -999.9 -999.9 -999.9 6.5 -999.9 20.2 216.0 0.0 37.4 97.6 120.8 123.4 124.8 18.7 11.1 97.8 66.9 55.4 DCRS_-_São_Francisco_de_Paula/Cambará_do_Sul_(865_m) -999.9 -999.9 -999.9 -999.9 -999.9 14.0 10.7 547.0 Rio_Grande_do_Sul DCRS -999.9 0.0 37.4 861.48 861.48 860.77 1 0.01 861.48 861.48 861.48 861.48
-29.264900 -50.314899 DCRS-00084 2026-07-29_16:05 18.0 -999.9 -999.9 68.5 -999.9 -999.9 12.1 -999.9 -999.9 -999.9 -999.9 -999.9 -999.9 -999.9 19.8 213.0 0.0 37.4 97.6 120.8 123.4 124.8 18.7 11.1 97.8 66.9 55.4 DCRS_-_São_Francisco_de_Paula/Cambará_do_Sul_(865_m) -999.9 -999.9 -999.9 -999.9 -999.9 14.0 10.7 547.0 Rio_Grande_do_Sul DCRS -999.9 0.0 37.4 861.48 861.48 860.77 1 0.02 861.48 861.48 861.48 861.48
-29.264900 -50.314899 DCRS-00084 2026-07-29_16:06 17.9 -999.9 -999.9 69.3 -999.9 -999.9 12.2 -999.9 -999.9 -999.9 -999.9 -999.9 13.5 -999.9 19.8 210.0 0.0 37.4 97.6 120.8 123.4 124.8 18.7 11.1 97.8 66.9 55.4 DCRS_-_São_Francisco_de_Paula/Cambará_do_Sul_(865_m) -999.9 -999.9 -999.9 -999.9 -999.9 14.0 10.7 547.0 Rio_Grande_do_Sul DCRS -999.9 0.0 37.4 861.48 861.48 860.77 1 0.02 861.48 861.48 861.48 861.48
-29.264900 -50.314899 DCRS-00084 2026-07-29_16:07 17.9 -999.9 -999.9 69.2 -999.9 -999.9 12.1 -999.9 -999.9 -999.9 -999.9 -999.9 8.3 -999.9 19.8 209.0 0.0 37.4 97.6 120.8 123.4 124.8 18.7 11.1 97.8 66.9 55.4 DCRS_-_São_Francisco_de_Paula/Cambará_do_Sul_(865_m) -999.9 -999.9 -999.9 -999.9 -999.9 14.0 10.7 547.0 Rio_Grande_do_Sul DCRS -999.9 0.0 37.4 861.47 861.48 860.77 1 0.02 861.48 861.48 861.48 861.48
-29.264900 -50.314899 DCRS-00084 2026-07-29_16:08 17.9 -999.9 -999.9 68.9 -999.9 -999.9 12.1 -999.9 -999.9 -999.9 -999.9 -999.9 10.4 -999.9 19.8 207.0 0.0 37.4 97.6 120.8 123.4 124.8 18.7 11.1 97.8 66.9 55.4 DCRS_-_São_Francisco_de_Paula/Cambará_do_Sul_(865_m) -999.9 -999.9 -999.9 -999.9 -999.9 14.0 10.7 547.0 Rio_Grande_do_Sul DCRS -999.9 0.0 37.4 861.48 861.48 860.77 1 0.02 861.48 861.48 861.48 861.48
-29.264900 -50.314899 DCRS-00084 2026-07-29_16:09 17.8 -999.9 -999.9 70.2 -999.9 -999.9 12.3 -999.9 -999.9 -999.9 -999.9 -999.9 13.8 -999.9 19.8 205.0 0.0 37.4 97.6 120.8 123.4 124.8 18.7 11.1 97.8 66.9 55.4 DCRS_-_São_Francisco_de_Paula/Cambará_do_Sul_(865_m) -999.9 -999.9 -999.9 -999.9 -999.9 14.0 10.7 547.0 Rio_Grande_do_Sul DCRS -999.9 0.0 37.4 861.48 861.48 860.77 1 0.02 861.48 861.48 861.48 861.48
-29.264900 -50.314899 DCRS-00084 2026-07-29_16:10 17.8 -999.9 -999.9 69.2 -999.9 -999.9 12.0 -999.9 -999.9 -999.9 -999.9 -999.9 15.6 -999.9 22.4 203.0 0.0 37.4 97.6 120.8 123.4 124.8 18.7 11.1 97.8 66.9 55.4 DCRS_-_São_Francisco_de_Paula/Cambará_do_Sul_(865_m) -999.9 -999.9 -999.9 -999.9 -999.9 14.0 10.7 547.0 Rio_Grande_do_Sul DCRS -999.9 0.0 37.4 861.47 861.48 860.77 1 0.01 861.48 861.48 861.48 861.48
-29.264900 -50.314899 DCRS-00084 2026-07-29_16:11 17.7 -999.9 -999.9 70.2 -999.9 -999.9 12.2 -999.9 -999.9 -999.9 -999.9 -999.9 17.6 -999.9 22.4 202.0 0.0 37.4 97.6 120.8 123.4 124.8 18.7 11.1 97.8 66.9 55.4 DCRS_-_São_Francisco_de_Paula/Cambará_do_Sul_(865_m) -999.9 -999.9 -999.9 -999.9 -999.9 14.0 10.7 547.0 Rio_Grande_do_Sul DCRS -999.9 0.0 37.4 861.48 861.48 860.77 1 0.02 861.48 861.48 861.48 861.48
-29.264900 -50.314899 DCRS-00084 2026-07-29_16:12 17.7 -999.9 -999.9 71.7 -999.9 -999.9 12.5 -999.9 -999.9 -999.9 -999.9 -999.9 14.8 -999.9 22.4 200.0 0.0 37.4 97.6 120.8 123.4 124.8 18.7 11.1 97.8 66.9 55.4 DCRS_-_São_Francisco_de_Paula/Cambará_do_Sul_(865_m) -999.9 -999.9 -999.9 -999.9 -999.9 14.0 10.7 547.0 Rio_Grande_do_Sul DCRS -999.9 0.0 37.4 861.48 861.48 860.77 1 0.03 861.48 861.48 861.48 861.48
-29.264900 -50.314899 DCRS-00084 2026-07-29_16:13 17.7 -999.9 -999.9 72.0 -999.9 -999.9 12.6 -999.9 -999.9 -999.9 -999.9 -999.9 13.5 -999.9 22.4 198.0 0.0 37.4 97.6 120.8 123.4 124.8 18.7 11.1 97.8 66.9 55.4 DCRS_-_São_Francisco_de_Paula/Cambará_do_Sul_(865_m) -999.9 -999.9 -999.9 -999.9 -999.9 14.0 10.7 547.0 Rio_Grande_do_Sul DCRS -999.9 0.0 37.4 861.48 861.48 860.77 1 0.03 861.48 861.48 861.48 861.48
-29.264900 -50.314899 DCRS-00084 2026-07-29_16:14 17.8 -999.9 -999.9 72.4 -999.9 -999.9 12.7 -999.9 -999.9 -999.9 -999.9 -999.9 14.3 -999.9 22.4 198.0 0.0 37.4 97.6 120.8 123.4 124.8 18.7 11.1 97.8 66.9 55.4 DCRS_-_São_Francisco_de_Paula/Cambará_do_Sul_(865_m) -999.9 -999.9 -999.9 -999.9 -999.9 14.0 10.7 547.0 Rio_Grande_do_Sul DCRS -999.9 0.0 37.4 861.48 861.48 860.77 1 0.02 861.48 861.48 861.48 861.48
-29.264900 -50.314899 DCRS-00084 2026-07-29_16:15 17.7 -999.9 -999.9 73.0 -999.9 -999.9 12.8 -999.9 -999.9 -999.9 -999.9 -999.9 8.7 -999.9 19.9 196.0 0.0 37.4 97.6 120.8 123.4 124.8 18.7 11.1 97.8 66.9 55.4 DCRS_-_São_Francisco_de_Paula/Cambará_do_Sul_(865_m) -999.9 -999.9 -999.9 -999.9 -999.9 14.0 10.7 547.0 Rio_Grande_do_Sul DCRS -999.9 0.0 37.4 861.48 861.48 860.77 1 0.02 861.48 861.48 861.48 861.48
-29.264900 -50.314899 DCRS-00084 2026-07-29_16:16 17.7 -999.9 -999.9 73.2 -999.9 -999.9 12.8 -999.9 -999.9 -999.9 -999.9 -999.9 14.4 -999.9 19.9 197.0 0.0 37.4 97.6 120.8 123.4 124.8 18.7 11.1 97.8 66.9 55.4 DCRS_-_São_Francisco_de_Paula/Cambará_do_Sul_(865_m) -999.9 -999.9 -999.9 -999.9 -999.9 14.0 10.7 547.0 Rio_Grande_do_Sul DCRS -999.9 0.0 37.4 861.48 861.48 860.77 1 0.02 861.48 861.48 861.48 861.48
-29.264900 -50.314899 DCRS-00084 2026-07-29_16:17 17.6 -999.9 -999.9 73.3 -999.9 -999.9 12.7 -999.9 -999.9 -999.9 -999.9 -999.9 15.0 -999.9 19.9 191.0 0.0 37.4 97.6 120.8 123.4 124.8 18.7 11.1 97.8 66.9 55.4 DCRS_-_São_Francisco_de_Paula/Cambará_do_Sul_(865_m) -999.9 -999.9 -999.9 -999.9 -999.9 14.0 10.7 547.0 Rio_Grande_do_Sul DCRS -999.9 0.0 37.4 861.48 861.48 860.77 1 0.01 861.48 861.48 861.48 861.48
-29.264900 -50.314899 DCRS-00084 2026-07-29_16:18 17.6 -999.9 -999.9 73.6 -999.9 -999.9 12.8 -999.9 -999.9 -999.9 -999.9 -999.9 11.5 -999.9 19.9 187.0 0.0 37.4 97.6 120.8 123.4 124.8 18.7 11.1 97.8 66.9 55.4 DCRS_-_São_Francisco_de_Paula/Cambará_do_Sul_(865_m) -999.9 -999.9 -999.9 -999.9 -999.9 14.0 10.7 547.0 Rio_Grande_do_Sul DCRS -999.9 0.0 37.4 861.49 861.49 860.77 1 0.02 861.49 861.49 861.49 861.49
-29.264900 -50.314899 DCRS-00084 2026-07-29_16:19 17.5 -999.9 -999.9 73.9 -999.9 -999.9 12.8 -999.9 -999.9 -999.9 -999.9 -999.9 -999.9 -999.9 19.9 183.0 0.0 37.4 97.6 120.8 123.4 124.8 18.7 11.1 97.8 66.9 55.4 DCRS_-_São_Francisco_de_Paula/Cambará_do_Sul_(865_m) -999.9 -999.9 -999.9 -999.9 -999.9 14.0 10.7 547.0 Rio_Grande_do_Sul DCRS -999.9 0.0 37.4 861.48 861.49 860.77 1 0.01 861.49 861.49 861.49 861.49
-29.264900 -50.314899 DCRS-00084 2026-07-29_16:20 17.3 -999.9 -999.9 73.8 -999.9 -999.9 12.5 -999.9 -999.9 -999.9 -999.9 -999.9 20.3 -999.9 26.5 181.0 0.0 37.4 97.6 120.8 123.4 124.8 18.7 11.1 97.8 66.9 55.4 DCRS_-_São_Francisco_de_Paula/Cambará_do_Sul_(865_m) -999.9 -999.9 -999.9 -999.9 -999.9 14.0 10.7 547.0 Rio_Grande_do_Sul DCRS -999.9 0.0 37.4 861.49 861.49 860.77 1 0.02 861.49 861.49 861.49 861.49
-29.264900 -50.314899 DCRS-00084 2026-07-29_16:21 17.2 -999.9 -999.9 74.1 -999.9 -999.9 12.5 -999.9 -999.9 -999.9 -999.9 -999.9 22.0 -999.9 26.5 182.0 0.0 37.4 97.6 120.8 123.4 124.8 18.7 11.1 97.8 66.9 55.4 DCRS_-_São_Francisco_de_Paula/Cambará_do_Sul_(865_m) -999.9 -999.9 -999.9 -999.9 -999.9 14.0 10.7 547.0 Rio_Grande_do_Sul DCRS -999.9 0.0 37.4 861.49 861.49 860.77 1 0.03 861.49 861.49 861.49 861.49
-29.264900 -50.314899 DCRS-00084 2026-07-29_16:22 17.1 -999.9 -999.9 74.4 -999.9 -999.9 12.5 -999.9 -999.9 -999.9 -999.9 -999.9 21.2 -999.9 26.5 180.0 0.0 37.4 97.6 120.8 123.4 124.8 18.7 11.1 97.8 66.9 55.4 DCRS_-_São_Francisco_de_Paula/Cambará_do_Sul_(865_m) -999.9 -999.9 -999.9 -999.9 -999.9 14.0 10.7 547.0 Rio_Grande_do_Sul DCRS -999.9 0.0 37.4 861.48 861.49 860.77 1 0.02 861.49 861.49 861.49 861.49
-29.264900 -50.314899 DCRS-00084 2026-07-29_16:23 17.1 -999.9 -999.9 74.8 -999.9 -999.9 12.6 -999.9 -999.9 -999.9 -999.9 -999.9 12.8 -999.9 26.5 55.0 0.0 37.4 97.6 120.8 123.4 124.8 18.7 11.1 97.8 66.9 55.4 DCRS_-_São_Francisco_de_Paula/Cambará_do_Sul_(865_m) -999.9 -999.9 -999.9 -999.9 -999.9 14.0 10.7 547.0 Rio_Grande_do_Sul DCRS -999.9 0.0 37.4 861.49 861.49 860.77 1 0.03 861.49 861.49 861.49 861.49
-29.264900 -50.314899 DCRS-00084 2026-07-29_16:24 16.9 -999.9 -999.9 74.5 -999.9 -999.9 12.3 -999.9 -999.9 -999.9 -999.9 -999.9 14.8 -999.9 26.5 39.0 0.0 37.4 97.6 120.8 123.4 124.8 18.7 11.1 97.8 66.9 55.4 DCRS_-_São_Francisco_de_Paula/Cambará_do_Sul_(865_m) -999.9 -999.9 -999.9 -999.9 -999.9 14.0 10.7 547.0 Rio_Grande_do_Sul DCRS -999.9 0.0 37.4 861.46 861.49 860.77 1 0.0 861.49 861.49 861.49 861.49
-29.264900 -50.314899 DCRS-00084 2026-07-29_16:25 16.8 -999.9 -999.9 75.1 -999.9 -999.9 12.3 -999.9 -999.9 -999.9 -999.9 -999.9 6.5 -999.9 23.2 39.0 0.0 37.4 97.6 120.8 123.4 124.8 18.7 11.1 97.8 66.9 55.4 DCRS_-_São_Francisco_de_Paula/Cambará_do_Sul_(865_m) -999.9 -999.9 -999.9 -999.9 -999.9 14.0 10.7 547.0 Rio_Grande_do_Sul DCRS -999.9 0.0 37.4 861.49 861.49 860.77 1 0.03 861.49 861.49 861.49 861.49
-29.264900 -50.314899 DCRS-00084 2026-07-29_16:26 16.8 -999.9 -999.9 75.1 -999.9 -999.9 12.3 -999.9 -999.9 -999.9 -999.9 -999.9 11.8 -999.9 23.2 47.0 0.0 37.4 97.6 120.8 123.4 124.8 18.7 11.1 97.8 66.9 55.4 DCRS_-_São_Francisco_de_Paula/Cambará_do_Sul_(865_m) -999.9 -999.9 -999.9 -999.9 -999.9 14.0 10.7 547.0 Rio_Grande_do_Sul DCRS -999.9 0.0 37.4 861.48 861.49 860.77 1 0.02 861.49 861.49 861.49 861.49
-29.264900 -50.314899 DCRS-00084 2026-07-29_16:27 16.7 -999.9 -999.9 74.9 -999.9 -999.9 12.2 -999.9 -999.9 -999.9 -999.9 -999.9 20.4 -999.9 23.2 51.0 0.0 37.4 97.6 120.8 123.4 124.8 18.7 11.1 97.8 66.9 55.4 DCRS_-_São_Francisco_de_Paula/Cambará_do_Sul_(865_m) -999.9 -999.9 -999.9 -999.9 -999.9 14.0 10.7 547.0 Rio_Grande_do_Sul DCRS -999.9 0.0 37.4 861.48 861.49 860.77 1 0.02 861.49 861.49 861.49 861.49
-29.264900 -50.314899 DCRS-00084 2026-07-29_16:28 16.6 -999.9 -999.9 75.5 -999.9 -999.9 12.2 -999.9 -999.9 -999.9 -999.9 -999.9 16.3 -999.9 23.2 30.0 0.0 37.4 97.6 120.8 123.4 124.8 18.7 11.1 97.8 66.9 55.4 DCRS_-_São_Francisco_de_Paula/Cambará_do_Sul_(865_m) -999.9 -999.9 -999.9 -999.9 -999.9 14.0 10.7 547.0 Rio_Grande_do_Sul DCRS -999.9 0.0 37.4 861.48 861.49 860.77 1 0.02 861.49 861.49 861.49 861.49
-29.264900 -50.314899 DCRS-00084 2026-07-29_16:29 16.6 -999.9 -999.9 75.4 -999.9 -999.9 12.2 -999.9 -999.9 -999.9 -999.9 -999.9 21.1 -999.9 23.2 34.0 0.0 37.4 97.6 120.8 123.4 124.8 18.7 11.1 97.8 66.9 55.4 DCRS_-_São_Francisco_de_Paula/Cambará_do_Sul_(865_m) -999.9 -999.9 -999.9 -999.9 -999.9 14.0 10.7 547.0 Rio_Grande_do_Sul DCRS -999.9 0.0 37.4 861.48 861.49 860.77 1 0.02 861.49 861.49 861.49 861.49
-29.264900 -50.314899 DCRS-00084 2026-07-29_16:30 16.4 -999.9 -999.9 75.0 -999.9 -999.9 11.9 -999.9 -999.9 -999.9 -999.9 -999.9 16.7 -999.9 24.7 165.0 0.0 37.4 97.6 120.8 123.4 124.8 18.7 11.1 97.8 66.9 55.4 DCRS_-_São_Francisco_de_Paula/Cambará_do_Sul_(865_m) -999.9 -999.9 -999.9 -999.9 -999.9 14.0 10.7 547.0 Rio_Grande_do_Sul DCRS -999.9 0.0 37.4 861.48 861.49 860.77 1 0.02 861.49 861.49 861.49 861.49
-29.264900 -50.314899 DCRS-00084 2026-07-29_16:31 16.4 -999.9 -999.9 74.3 -999.9 -999.9 11.8 -999.9 -999.9 -999.9 -999.9 -999.9 22.3 -999.9 24.7 159.0 0.0 37.4 97.6 120.8 123.4 124.8 18.7 11.1 97.8 66.9 55.4 DCRS_-_São_Francisco_de_Paula/Cambará_do_Sul_(865_m) -999.9 -999.9 -999.9 -999.9 -999.9 14.0 10.7 547.0 Rio_Grande_do_Sul DCRS -999.9 0.0 37.4 861.48 861.49 860.77 1 0.01 861.49 861.49 861.49 861.49
-29.264900 -50.314899 DCRS-00084 2026-07-29_16:32 16.4 -999.9 -999.9 74.5 -999.9 -999.9 11.8 -999.9 -999.9 -999.9 -999.9 -999.9 21.5 -999.9 24.7 158.0 0.0 37.4 97.6 120.8 123.4 124.8 18.7 11.1 97.8 66.9 55.4 DCRS_-_São_Francisco_de_Paula/Cambará_do_Sul_(865_m) -999.9 -999.9 -999.9 -999.9 -999.9 14.0 10.7 547.0 Rio_Grande_do_Sul DCRS -999.9 0.0 37.4 861.49 861.49 860.77 1 0.02 861.49 861.49 861.49 861.49
-29.264900 -50.314899 DCRS-00084 2026-07-29_16:33 16.4 -999.9 -999.9 74.7 -999.9 -999.9 11.9 -999.9 -999.9 -999.9 -999.9 -999.9 18.8 -999.9 24.7 155.0 0.0 37.4 97.6 120.8 123.4 124.8 18.7 11.1 97.8 66.9 55.4 DCRS_-_São_Francisco_de_Paula/Cambará_do_Sul_(865_m) -999.9 -999.9 -999.9 -999.9 -999.9 14.0 10.7 547.0 Rio_Grande_do_Sul DCRS -999.9 0.0 37.4 861.49 861.49 860.77 1 0.02 861.49 861.49 861.49 861.49
-29.264900 -50.314899 DCRS-00084 2026-07-29_16:34 16.5 -999.9 -999.9 75.2 -999.9 -999.9 12.1 -999.9 -999.9 -999.9 -999.9 -999.9 15.6 -999.9 24.7 152.0 0.0 37.4 97.6 120.8 123.4 124.8 18.7 11.1 97.8 66.9 55.4 DCRS_-_São_Francisco_de_Paula/Cambará_do_Sul_(865_m) -999.9 -999.9 -999.9 -999.9 -999.9 14.0 10.7 547.0 Rio_Grande_do_Sul DCRS -999.9 0.0 37.4 861.49 861.49 860.77 1 0.02 861.49 861.49 861.49 861.49
-29.264900 -50.314899 DCRS-00084 2026-07-29_16:35 16.4 -999.9 -999.9 75.4 -999.9 -999.9 12.0 -999.9 -999.9 -999.9 -999.9 -999.9 20.7 -999.9 25.7 38.0 0.0 37.4 97.6 120.8 123.4 124.8 18.7 11.1 97.8 66.9 55.4 DCRS_-_São_Francisco_de_Paula/Cambará_do_Sul_(865_m) -999.9 -999.9 -999.9 -999.9 -999.9 14.0 10.7 547.0 Rio_Grande_do_Sul DCRS -999.9 0.0 37.4 861.48 861.49 860.77 1 0.01 861.49 861.49 861.49 861.49
-29.264900 -50.314899 DCRS-00084 2026-07-29_16:36 16.4 -999.9 -999.9 75.7 -999.9 -999.9 12.1 -999.9 -999.9 -999.9 -999.9 -999.9 16.8 -999.9 25.7 150.0 0.0 37.4 97.6 120.8 123.4 124.8 18.7 11.1 97.8 66.9 55.4 DCRS_-_São_Francisco_de_Paula/Cambará_do_Sul_(865_m) -999.9 -999.9 -999.9 -999.9 -999.9 14.0 10.7 547.0 Rio_Grande_do_Sul DCRS -999.9 0.0 37.4 861.48 861.49 860.77 1 0.01 861.49 861.49 861.49 861.49
-29.264900 -50.314899 DCRS-00084 2026-07-29_16:37 16.4 -999.9 -999.9 75.5 -999.9 -999.9 12.0 -999.9 -999.9 -999.9 -999.9 -999.9 19.8 -999.9 25.7 149.0 0.0 37.4 97.6 120.8 123.4 124.8 18.7 11.1 97.8 66.9 55.4 DCRS_-_São_Francisco_de_Paula/Cambará_do_Sul_(865_m) -999.9 -999.9 -999.9 -999.9 -999.9 14.0 10.7 547.0 Rio_Grande_do_Sul DCRS -999.9 0.0 37.4 861.48 861.49 860.77 1 0.01 861.49 861.49 861.49 861.49
-29.264900 -50.314899 DCRS-00084 2026-07-29_16:38 16.4 -999.9 -999.9 75.7 -999.9 -999.9 12.1 -999.9 -999.9 -999.9 -999.9 -999.9 18.7 -999.9 25.7 144.0 0.0 37.4 97.6 120.8 123.4 124.8 18.7 11.1 97.8 66.9 55.4 DCRS_-_São_Francisco_de_Paula/Cambará_do_Sul_(865_m) -999.9 -999.9 -999.9 -999.9 -999.9 14.0 10.7 547.0 Rio_Grande_do_Sul DCRS -999.9 0.0 37.4 861.48 861.49 860.77 1 0.01 861.49 861.49 861.49 861.49
-29.264900 -50.314899 DCRS-00084 2026-07-29_16:39 16.3 -999.9 -999.9 76.1 -999.9 -999.9 12.0 -999.9 -999.9 -999.9 -999.9 -999.9 9.0 -999.9 25.7 35.0 0.0 37.4 97.6 120.8 123.4 124.8 18.7 11.1 97.8 66.9 55.4 DCRS_-_São_Francisco_de_Paula/Cambará_do_Sul_(865_m) -999.9 -999.9 -999.9 -999.9 -999.9 14.0 10.7 547.0 Rio_Grande_do_Sul DCRS -999.9 0.0 37.4 861.49 861.49 860.77 1 0.02 861.49 861.49 861.49 861.49
-29.264900 -50.314899 DCRS-00084 2026-07-29_16:40 16.2 -999.9 -999.9 76.4 -999.9 -999.9 12.0 -999.9 -999.9 -999.9 -999.9 -999.9 14.5 -999.9 24.4 35.0 0.0 37.4 97.6 120.8 123.4 124.8 18.7 11.1 97.8 66.9 55.4 DCRS_-_São_Francisco_de_Paula/Cambará_do_Sul_(865_m) -999.9 -999.9 -999.9 -999.9 -999.9 14.0 10.7 547.0 Rio_Grande_do_Sul DCRS -999.9 0.0 37.4 861.49 861.49 860.77 1 0.02 861.49 861.49 861.49 861.49
-29.264900 -50.314899 DCRS-00084 2026-07-29_16:41 16.2 -999.9 -999.9 76.7 -999.9 -999.9 12.1 -999.9 -999.9 -999.9 -999.9 -999.9 21.6 -999.9 24.4 36.0 0.0 37.4 97.6 120.8 123.4 124.8 18.7 11.1 97.8 66.9 55.4 DCRS_-_São_Francisco_de_Paula/Cambará_do_Sul_(865_m) -999.9 -999.9 -999.9 -999.9 -999.9 14.0 10.7 547.0 Rio_Grande_do_Sul DCRS -999.9 0.0 37.4 861.48 861.49 860.77 1 0.01 861.49 861.49 861.49 861.49
-29.264900 -50.314899 DCRS-00084 2026-07-29_16:42 16.1 -999.9 -999.9 76.9 -999.9 -999.9 12.0 -999.9 -999.9 -999.9 -999.9 -999.9 16.3 -999.9 24.4 118.0 0.0 37.4 97.6 120.8 123.4 124.8 18.7 11.1 97.8 66.9 55.4 DCRS_-_São_Francisco_de_Paula/Cambará_do_Sul_(865_m) -999.9 -999.9 -999.9 -999.9 -999.9 14.0 10.7 547.0 Rio_Grande_do_Sul DCRS -999.9 0.0 37.4 861.49 861.49 860.77 1 0.02 861.49 861.49 861.49 861.49
-29.264900 -50.314899 DCRS-00084 2026-07-29_16:43 16.0 -999.9 -999.9 77.2 -999.9 -999.9 12.0 -999.9 -999.9 -999.9 -999.9 -999.9 18.7 -999.9 24.4 41.0 0.0 37.4 97.6 120.8 123.4 124.8 18.7 11.1 97.8 66.9 55.4 DCRS_-_São_Francisco_de_Paula/Cambará_do_Sul_(865_m) -999.9 -999.9 -999.9 -999.9 -999.9 14.0 10.7 547.0 Rio_Grande_do_Sul DCRS -999.9 0.0 37.4 861.48 861.49 860.77 1 0.01 861.49 861.49 861.49 861.49
-29.264900 -50.314899 DCRS-00084 2026-07-29_16:44 15.9 -999.9 -999.9 76.9 -999.9 -999.9 11.8 -999.9 -999.9 -999.9 -999.9 -999.9 16.5 -999.9 24.4 45.0 0.0 37.4 97.6 120.8 123.4 124.8 18.7 11.1 97.8 66.9 55.4 DCRS_-_São_Francisco_de_Paula/Cambará_do_Sul_(865_m) -999.9 -999.9 -999.9 -999.9 -999.9 14.0 10.7 547.0 Rio_Grande_do_Sul DCRS -999.9 0.0 37.4 861.49 861.49 860.77 1 0.02 861.49 861.49 861.49 861.49
-29.264900 -50.314899 DCRS-00084 2026-07-29_16:45 15.8 -999.9 -999.9 77.6 -999.9 -999.9 11.9 -999.9 -999.9 -999.9 -999.9 -999.9 17.2 -999.9 22.8 55.0 0.0 37.4 97.6 120.8 123.4 124.8 18.7 11.1 97.8 66.9 55.4 DCRS_-_São_Francisco_de_Paula/Cambará_do_Sul_(865_m) -999.9 -999.9 -999.9 -999.9 -999.9 14.0 10.7 547.0 Rio_Grande_do_Sul DCRS -999.9 0.0 37.4 861.48 861.49 860.77 1 0.01 861.49 861.49 861.49 861.49
-29.264900 -50.314899 DCRS-00084 2026-07-29_16:46 15.8 -999.9 -999.9 78.1 -999.9 -999.9 12.0 -999.9 -999.9 -999.9 -999.9 -999.9 12.7 -999.9 22.8 59.0 0.0 37.4 97.6 120.8 123.4 124.8 18.7 11.1 97.8 66.9 55.4 DCRS_-_São_Francisco_de_Paula/Cambará_do_Sul_(865_m) -999.9 -999.9 -999.9 -999.9 -999.9 14.0 10.7 547.0 Rio_Grande_do_Sul DCRS -999.9 0.0 37.4 861.49 861.49 860.77 1 0.01 861.49 861.49 861.49 861.49
-29.264900 -50.314899 DCRS-00084 2026-07-29_16:47 15.8 -999.9 -999.9 78.7 -999.9 -999.9 12.1 -999.9 -999.9 -999.9 -999.9 -999.9 13.3 -999.9 22.8 61.0 0.0 37.4 97.6 120.8 123.4 124.8 18.7 11.1 97.8 66.9 55.4 DCRS_-_São_Francisco_de_Paula/Cambará_do_Sul_(865_m) -999.9 -999.9 -999.9 -999.9 -999.9 14.0 10.7 547.0 Rio_Grande_do_Sul DCRS -999.9 0.0 37.4 861.48 861.49 860.77 1 0.01 861.49 861.49 861.49 861.49
-29.264900 -50.314899 DCRS-00084 2026-07-29_16:48 15.7 -999.9 -999.9 79.3 -999.9 -999.9 12.1 -999.9 -999.9 -999.9 -999.9 -999.9 15.3 -999.9 22.8 59.0 0.0 37.4 97.6 120.8 123.4 124.8 18.7 11.1 97.8 66.9 55.4 DCRS_-_São_Francisco_de_Paula/Cambará_do_Sul_(865_m) -999.9 -999.9 -999.9 -999.9 -999.9 14.0 10.7 547.0 Rio_Grande_do_Sul DCRS -999.9 0.0 37.4 861.49 861.49 860.77 1 0.02 861.49 861.49 861.49 861.49
-29.264900 -50.314899 DCRS-00084 2026-07-29_16:49 15.7 -999.9 -999.9 79.8 -999.9 -999.9 12.2 -999.9 -999.9 -999.9 -999.9 -999.9 9.2 -999.9 22.8 63.0 0.0 37.4 97.6 120.8 123.4 124.8 18.7 11.1 97.8 66.9 55.4 DCRS_-_São_Francisco_de_Paula/Cambará_do_Sul_(865_m) -999.9 -999.9 -999.9 -999.9 -999.9 14.0 10.7 547.0 Rio_Grande_do_Sul DCRS -999.9 0.0 37.4 861.49 861.49 860.77 1 0.02 861.49 861.49 861.49 861.49
-29.264900 -50.314899 DCRS-00084 2026-07-29_16:50 15.6 -999.9 -999.9 80.3 -999.9 -999.9 12.2 -999.9 -999.9 -999.9 -999.9 -999.9 15.4 -999.9 21.5 68.0 0.0 37.4 97.6 120.8 123.4 124.8 18.7 11.1 97.8 66.9 55.4 DCRS_-_São_Francisco_de_Paula/Cambará_do_Sul_(865_m) -999.9 -999.9 -999.9 -999.9 -999.9 14.0 10.7 547.0 Rio_Grande_do_Sul DCRS -999.9 0.0 37.4 861.5 861.5 860.77 1 0.02 861.5 861.5 861.5 861.5
-29.264900 -50.314899 DCRS-00084 2026-07-29_16:51 15.6 -999.9 -999.9 80.5 -999.9 -999.9 12.2 -999.9 -999.9 -999.9 -999.9 -999.9 12.1 -999.9 21.5 97.0 0.0 37.4 97.6 120.8 123.4 124.8 18.7 11.1 97.8 66.9 55.4 DCRS_-_São_Francisco_de_Paula/Cambará_do_Sul_(865_m) -999.9 -999.9 -999.9 -999.9 -999.9 14.0 10.7 547.0 Rio_Grande_do_Sul DCRS -999.9 0.0 37.4 861.49 861.5 860.77 1 0.01 861.5 861.5 861.5 861.5
-29.264900 -50.314899 DCRS-00084 2026-07-29_16:52 15.6 -999.9 -999.9 80.8 -999.9 -999.9 12.3 -999.9 -999.9 -999.9 -999.9 -999.9 11.4 -999.9 21.5 67.0 0.0 37.4 97.6 120.8 123.4 124.8 18.7 11.1 97.8 66.9 55.4 DCRS_-_São_Francisco_de_Paula/Cambará_do_Sul_(865_m) -999.9 -999.9 -999.9 -999.9 -999.9 14.0 10.7 547.0 Rio_Grande_do_Sul DCRS -999.9 0.0 37.4 861.49 861.5 860.77 1 0.02 861.5 861.5 861.5 861.5
-29.264900 -50.314899 DCRS-00084 2026-07-29_16:53 15.6 -999.9 -999.9 80.7 -999.9 -999.9 12.3 -999.9 -999.9 -999.9 -999.9 -999.9 6.2 -999.9 21.5 69.0 0.0 37.4 97.6 120.8 123.4 124.8 18.7 11.1 97.8 66.9 55.4 DCRS_-_São_Francisco_de_Paula/Cambará_do_Sul_(865_m) -999.9 -999.9 -999.9 -999.9 -999.9 14.0 10.7 547.0 Rio_Grande_do_Sul DCRS -999.9 0.0 37.4 861.49 861.5 860.77 1 0.02 861.5 861.5 861.5 861.5
-29.264900 -50.314899 DCRS-00084 2026-07-29_16:54 15.6 -999.9 -999.9 80.9 -999.9 -999.9 12.3 -999.9 -999.9 -999.9 -999.9 -999.9 7.6 -999.9 21.5 71.0 0.0 37.4 97.6 120.8 123.4 124.8 18.7 11.1 97.8 66.9 55.4 DCRS_-_São_Francisco_de_Paula/Cambará_do_Sul_(865_m) -999.9 -999.9 -999.9 -999.9 -999.9 14.0 10.7 547.0 Rio_Grande_do_Sul DCRS -999.9 0.0 37.4 861.5 861.5 860.77 1 0.03 861.5 861.5 861.5 861.5
-29.264900 -50.314899 DCRS-00084 2026-07-29_16:55 15.5 -999.9 -999.9 80.9 -999.9 -999.9 12.2 -999.9 -999.9 -999.9 -999.9 -999.9 4.9 -999.9 17.6 66.0 0.0 37.4 97.6 120.8 123.4 124.8 18.7 11.1 97.8 66.9 55.4 DCRS_-_São_Francisco_de_Paula/Cambará_do_Sul_(865_m) -999.9 -999.9 -999.9 -999.9 -999.9 14.0 10.7 547.0 Rio_Grande_do_Sul DCRS -999.9 0.0 37.4 861.49 861.5 860.77 1 0.02 861.5 861.5 861.5 861.5
-29.264900 -50.314899 DCRS-00084 2026-07-29_16:56 15.6 -999.9 -999.9 81.1 -999.9 -999.9 12.3 -999.9 -999.9 -999.9 -999.9 -999.9 0.0 -999.9 17.6 60.0 0.0 37.4 97.6 120.8 123.4 124.8 18.7 11.1 97.8 66.9 55.4 DCRS_-_São_Francisco_de_Paula/Cambará_do_Sul_(865_m) -999.9 -999.9 -999.9 -999.9 -999.9 14.0 10.7 547.0 Rio_Grande_do_Sul DCRS -999.9 0.0 37.4 861.49 861.5 860.77 1 0.04 861.5 861.5 861.5 861.5
-29.264900 -50.314899 DCRS-00084 2026-07-29_16:57 15.6 -999.9 -999.9 81.4 -999.9 -999.9 12.4 -999.9 -999.9 -999.9 -999.9 -999.9 11.7 -999.9 17.6 62.0 0.0 37.4 97.6 120.8 123.4 124.8 18.7 11.1 97.8 66.9 55.4 DCRS_-_São_Francisco_de_Paula/Cambará_do_Sul_(865_m) -999.9 -999.9 -999.9 -999.9 -999.9 14.0 10.7 547.0 Rio_Grande_do_Sul DCRS -999.9 0.0 37.4 861.49 861.5 860.77 1 0.01 861.5 861.5 861.5 861.5
-29.264900 -50.314899 DCRS-00084 2026-07-29_16:58 15.5 -999.9 -999.9 81.5 -999.9 -999.9 12.3 -999.9 -999.9 -999.9 -999.9 -999.9 0.0 -999.9 17.6 62.0 0.0 37.4 97.6 120.8 123.4 124.8 18.7 11.1 97.8 66.9 55.4 DCRS_-_São_Francisco_de_Paula/Cambará_do_Sul_(865_m) -999.9 -999.9 -999.9 -999.9 -999.9 14.0 10.7 547.0 Rio_Grande_do_Sul DCRS -999.9 0.0 37.4 861.49 861.5 860.77 1 0.02 861.5 861.5 861.5 861.5
-29.264900 -50.314899 DCRS-00084 2026-07-29_16:59 15.5 -999.9 -999.9 82.0 -999.9 -999.9 12.4 -999.9 -999.9 -999.9 -999.9 -999.9 0.0 -999.9 17.6 58.0 0.0 37.4 97.6 120.8 123.4 124.8 18.7 11.1 97.8 66.9 55.4 DCRS_-_São_Francisco_de_Paula/Cambará_do_Sul_(865_m) -999.9 -999.9 -999.9 -999.9 -999.9 14.0 10.7 547.0 Rio_Grande_do_Sul DCRS -999.9 0.0 37.4 861.49 861.5 860.77 1 0.01 861.5 861.5 861.5 861.5
-29.264900 -50.314899 DCRS-00084 2026-07-29_17:00 15.5 -999.9 -999.9 82.5 -999.9 -999.9 12.5 -999.9 -999.9 -999.9 -999.9 -999.9 2.3 -999.9 11.7 55.0 0.0 37.4 97.6 120.8 123.4 124.8 18.7 11.1 97.8 66.9 55.4 DCRS_-_São_Francisco_de_Paula/Cambará_do_Sul_(865_m) -999.9 -999.9 -999.9 -999.9 -999.9 14.0 10.7 547.0 Rio_Grande_do_Sul DCRS -999.9 0.0 37.4 861.49 861.5 860.77 1 0.01 861.5 861.5 861.5 861.5
-29.264900 -50.314899 DCRS-00084 2026-07-29_17:01 15.4 -999.9 -999.9 82.7 -999.9 -999.9 12.4 -999.9 -999.9 -999.9 -999.9 -999.9 2.5 -999.9 11.7 57.0 0.0 37.4 97.6 120.8 123.4 124.8 18.7 11.1 97.8 66.9 55.4 DCRS_-_São_Francisco_de_Paula/Cambará_do_Sul_(865_m) -999.9 -999.9 -999.9 -999.9 -999.9 14.0 10.7 547.0 Rio_Grande_do_Sul DCRS -999.9 0.0 37.4 861.49 861.5 860.77 1 0.02 861.5 861.5 861.5 861.5
-29.264900 -50.314899 DCRS-00084 2026-07-29_17:02 15.4 -999.9 -999.9 82.4 -999.9 -999.9 12.4 -999.9 -999.9 -999.9 -999.9 -999.9 3.5 -999.9 11.7 56.0 0.0 37.4 97.6 120.8 123.4 124.8 18.7 11.1 97.8 66.9 55.4 DCRS_-_São_Francisco_de_Paula/Cambará_do_Sul_(865_m) -999.9 -999.9 -999.9 -999.9 -999.9 14.0 10.7 547.0 Rio_Grande_do_Sul DCRS -999.9 0.0 37.4 861.49 861.5 860.77 1 0.01 861.5 861.5 861.5 861.5
-29.264900 -50.314899 DCRS-00084 2026-07-29_17:03 15.3 -999.9 -999.9 82.3 -999.9 -999.9 12.3 -999.9 -999.9 -999.9 -999.9 -999.9 0.0 -999.9 11.7 55.0 0.0 37.4 97.6 120.8 123.4 124.8 18.7 11.1 97.8 66.9 55.4 DCRS_-_São_Francisco_de_Paula/Cambará_do_Sul_(865_m) -999.9 -999.9 -999.9 -999.9 -999.9 14.0 10.7 547.0 Rio_Grande_do_Sul DCRS -999.9 0.0 37.4 861.49 861.5 860.77 1 0.01 861.5 861.5 861.5 861.5
-29.264900 -50.314899 DCRS-00084 2026-07-29_17:04 15.3 -999.9 -999.9 81.5 -999.9 -999.9 12.1 -999.9 -999.9 -999.9 -999.9 -999.9 8.0 -999.9 11.7 53.0 0.0 37.4 97.6 120.8 123.4 124.8 18.7 11.1 97.8 66.9 55.4 DCRS_-_São_Francisco_de_Paula/Cambará_do_Sul_(865_m) -999.9 -999.9 -999.9 -999.9 -999.9 14.0 10.7 547.0 Rio_Grande_do_Sul DCRS -999.9 0.0 37.4 861.49 861.5 860.77 1 0.01 861.5 861.5 861.5 861.5
-29.264900 -50.314899 DCRS-00084 2026-07-29_17:05 15.3 -999.9 -999.9 81.3 -999.9 -999.9 12.1 -999.9 -999.9 -999.9 -999.9 -999.9 6.7 -999.9 14.8 47.0 0.0 37.4 97.6 120.8 123.4 124.8 18.7 11.1 97.8 66.9 55.4 DCRS_-_São_Francisco_de_Paula/Cambará_do_Sul_(865_m) -999.9 -999.9 -999.9 -999.9 -999.9 14.0 10.7 547.0 Rio_Grande_do_Sul DCRS -999.9 0.0 37.4 861.49 861.5 860.77 1 0.01 861.5 861.5 861.5 861.5
-29.264900 -50.314899 DCRS-00084 2026-07-29_17:06 15.2 -999.9 -999.9 81.6 -999.9 -999.9 12.0 -999.9 -999.9 -999.9 -999.9 -999.9 11.6 -999.9 14.8 40.0 0.0 37.4 97.6 120.8 123.4 124.8 18.7 11.1 97.8 66.9 55.4 DCRS_-_São_Francisco_de_Paula/Cambará_do_Sul_(865_m) -999.9 -999.9 -999.9 -999.9 -999.9 14.0 10.7 547.0 Rio_Grande_do_Sul DCRS -999.9 0.0 37.4 861.49 861.5 860.77 1 0.01 861.5 861.5 861.5 861.5
-29.264900 -50.314899 DCRS-00084 2026-07-29_17:07 15.2 -999.9 -999.9 81.5 -999.9 -999.9 12.0 -999.9 -999.9 -999.9 -999.9 -999.9 10.1 -999.9 14.8 38.0 0.0 37.4 97.6 120.8 123.4 124.8 18.7 11.1 97.8 66.9 55.4 DCRS_-_São_Francisco_de_Paula/Cambará_do_Sul_(865_m) -999.9 -999.9 -999.9 -999.9 -999.9 14.0 10.7 547.0 Rio_Grande_do_Sul DCRS -999.9 0.0 37.4 861.49 861.5 860.77 1 0.02 861.5 861.5 861.5 861.5
-29.264900 -50.314899 DCRS-00084 2026-07-29_17:08 15.2 -999.9 -999.9 81.5 -999.9 -999.9 12.0 -999.9 -999.9 -999.9 -999.9 -999.9 10.6 -999.9 14.8 35.0 0.0 37.4 97.6 120.8 123.4 124.8 18.7 11.1 97.8 66.9 55.4 DCRS_-_São_Francisco_de_Paula/Cambará_do_Sul_(865_m) -999.9 -999.9 -999.9 -999.9 -999.9 14.0 10.7 547.0 Rio_Grande_do_Sul DCRS -999.9 0.0 37.4 861.5 861.5 860.77 1 0.02 861.5 861.5 861.5 861.5
-29.264900 -50.314899 DCRS-00084 2026-07-29_17:09 15.1 -999.9 -999.9 81.7 -999.9 -999.9 12.0 -999.9 -999.9 -999.9 -999.9 -999.9 0.0 -999.9 14.8 36.0 0.0 37.4 97.6 120.8 123.4 124.8 18.7 11.1 97.8 66.9 55.4 DCRS_-_São_Francisco_de_Paula/Cambará_do_Sul_(865_m) -999.9 -999.9 -999.9 -999.9 -999.9 14.0 10.7 547.0 Rio_Grande_do_Sul DCRS -999.9 0.0 37.4 861.5 861.5 860.77 1 0.02 861.5 861.5 861.5 861.5
-29.264900 -50.314899 DCRS-00084 2026-07-29_17:10 15.1 -999.9 -999.9 81.9 -999.9 -999.9 12.0 -999.9 -999.9 -999.9 -999.9 -999.9 5.4 -999.9 16.8 38.0 0.0 37.4 97.6 120.8 123.4 124.8 18.7 11.1 97.8 66.9 55.4 DCRS_-_São_Francisco_de_Paula/Cambará_do_Sul_(865_m) -999.9 -999.9 -999.9 -999.9 -999.9 14.0 10.7 547.0 Rio_Grande_do_Sul DCRS -999.9 0.0 37.4 861.49 861.5 860.77 1 0.02 861.5 861.5 861.5 861.5
-29.264900 -50.314899 DCRS-00084 2026-07-29_17:11 15.1 -999.9 -999.9 82.1 -999.9 -999.9 12.0 -999.9 -999.9 -999.9 -999.9 -999.9 1.9 -999.9 16.8 83.0 0.0 37.4 97.6 120.8 123.4 124.8 18.7 11.1 97.8 66.9 55.4 DCRS_-_São_Francisco_de_Paula/Cambará_do_Sul_(865_m) -999.9 -999.9 -999.9 -999.9 -999.9 14.0 10.7 547.0 Rio_Grande_do_Sul DCRS -999.9 0.0 37.4 861.5 861.5 860.77 1 0.02 861.5 861.5 861.5 861.5
-29.264900 -50.314899 DCRS-00084 2026-07-29_17:12 15.1 -999.9 -999.9 82.1 -999.9 -999.9 12.0 -999.9 -999.9 -999.9 -999.9 -999.9 8.7 -999.9 16.8 42.0 0.0 37.4 97.6 120.8 123.4 124.8 18.7 11.1 97.8 66.9 55.4 DCRS_-_São_Francisco_de_Paula/Cambará_do_Sul_(865_m) -999.9 -999.9 -999.9 -999.9 -999.9 14.0 10.7 547.0 Rio_Grande_do_Sul DCRS -999.9 0.0 37.4 861.49 861.5 860.77 1 0.01 861.5 861.5 861.5 861.5
-29.264900 -50.314899 DCRS-00084 2026-07-29_17:13 15.1 -999.9 -999.9 82.1 -999.9 -999.9 12.0 -999.9 -999.9 -999.9 -999.9 -999.9 4.0 -999.9 16.8 42.0 0.0 37.4 97.6 120.8 123.4 124.8 18.7 11.1 97.8 66.9 55.4 DCRS_-_São_Francisco_de_Paula/Cambará_do_Sul_(865_m) -999.9 -999.9 -999.9 -999.9 -999.9 14.0 10.7 547.0 Rio_Grande_do_Sul DCRS -999.9 0.0 37.4 861.5 861.5 860.77 1 0.02 861.5 861.5 861.5 861.5
-29.264900 -50.314899 DCRS-00084 2026-07-29_17:14 15.1 -999.9 -999.9 82.5 -999.9 -999.9 12.1 -999.9 -999.9 -999.9 -999.9 -999.9 7.1 -999.9 16.8 66.0 0.0 37.4 97.6 120.8 123.4 124.8 18.7 11.1 97.8 66.9 55.4 DCRS_-_São_Francisco_de_Paula/Cambará_do_Sul_(865_m) -999.9 -999.9 -999.9 -999.9 -999.9 14.0 10.7 547.0 Rio_Grande_do_Sul DCRS -999.9 0.0 37.4 861.5 861.5 860.77 1 0.02 861.5 861.5 861.5 861.5
-29.264900 -50.314899 DCRS-00084 2026-07-29_17:15 15.2 -999.9 -999.9 82.6 -999.9 -999.9 12.2 -999.9 -999.9 -999.9 -999.9 -999.9 5.0 -999.9 13.6 59.0 0.0 37.4 97.6 120.8 123.4 124.8 18.7 11.1 97.8 66.9 55.4 DCRS_-_São_Francisco_de_Paula/Cambará_do_Sul_(865_m) -999.9 -999.9 -999.9 -999.9 -999.9 14.0 10.7 547.0 Rio_Grande_do_Sul DCRS -999.9 0.0 37.4 861.5 861.5 860.77 1 0.02 861.5 861.5 861.5 861.5
-29.264900 -50.314899 DCRS-00084 2026-07-29_17:16 15.1 -999.9 -999.9 82.9 -999.9 -999.9 12.2 -999.9 -999.9 -999.9 -999.9 -999.9 2.1 -999.9 13.6 51.0 0.0 37.4 97.6 120.8 123.4 124.8 18.7 11.1 97.8 66.9 55.4 DCRS_-_São_Francisco_de_Paula/Cambará_do_Sul_(865_m) -999.9 -999.9 -999.9 -999.9 -999.9 14.0 10.7 547.0 Rio_Grande_do_Sul DCRS -999.9 0.0 37.4 861.5 861.5 860.77 1 0.02 861.5 861.5 861.5 861.5
-29.264900 -50.314899 DCRS-00084 2026-07-29_17:17 15.2 -999.9 -999.9 82.9 -999.9 -999.9 12.3 -999.9 -999.9 -999.9 -999.9 -999.9 7.3 -999.9 13.6 29.0 0.0 37.4 97.6 120.8 123.4 124.8 18.7 11.1 97.8 66.9 55.4 DCRS_-_São_Francisco_de_Paula/Cambará_do_Sul_(865_m) -999.9 -999.9 -999.9 -999.9 -999.9 14.0 10.7 547.0 Rio_Grande_do_Sul DCRS -999.9 0.0 37.4 861.5 861.5 860.77 1 0.02 861.5 861.5 861.5 861.5
-29.264900 -50.314899 DCRS-00084 2026-07-29_17:18 15.2 -999.9 -999.9 82.6 -999.9 -999.9 12.2 -999.9 -999.9 -999.9 -999.9 -999.9 6.5 -999.9 13.6 31.0 0.0 37.4 97.6 120.8 123.4 124.8 18.7 11.1 97.8 66.9 55.4 DCRS_-_São_Francisco_de_Paula/Cambará_do_Sul_(865_m) -999.9 -999.9 -999.9 -999.9 -999.9 14.0 10.7 547.0 Rio_Grande_do_Sul DCRS -999.9 0.0 37.4 861.5 861.5 860.77 1 0.01 861.5 861.5 861.5 861.5
-29.264900 -50.314899 DCRS-00084 2026-07-29_17:19 15.1 -999.9 -999.9 82.4 -999.9 -999.9 12.1 -999.9 -999.9 -999.9 -999.9 -999.9 3.7 -999.9 13.6 28.0 0.0 37.4 97.6 120.8 123.4 124.8 18.7 11.1 97.8 66.9 55.4 DCRS_-_São_Francisco_de_Paula/Cambará_do_Sul_(865_m) -999.9 -999.9 -999.9 -999.9 -999.9 14.0 10.7 547.0 Rio_Grande_do_Sul DCRS -999.9 0.0 37.4 861.5 861.5 860.77 1 0.02 861.5 861.5 861.5 861.5
-29.264900 -50.314899 DCRS-00084 2026-07-29_17:20 15.0 -999.9 -999.9 82.4 -999.9 -999.9 12.0 -999.9 -999.9 -999.9 -999.9 -999.9 10.8 -999.9 15.2 27.0 0.0 37.4 97.6 120.8 123.4 124.8 18.7 11.1 97.8 66.9 55.4 DCRS_-_São_Francisco_de_Paula/Cambará_do_Sul_(865_m) -999.9 -999.9 -999.9 -999.9 -999.9 14.0 10.7 547.0 Rio_Grande_do_Sul DCRS -999.9 0.0 37.4 861.49 861.5 860.77 1 0.0 861.5 861.5 861.5 861.5
-29.264900 -50.314899 DCRS-00084 2026-07-29_17:21 15.0 -999.9 -999.9 82.7 -999.9 -999.9 12.1 -999.9 -999.9 -999.9 -999.9 -999.9 5.2 -999.9 15.2 22.0 0.0 37.4 97.6 120.8 123.4 124.8 18.7 11.1 97.8 66.9 55.4 DCRS_-_São_Francisco_de_Paula/Cambará_do_Sul_(865_m) -999.9 -999.9 -999.9 -999.9 -999.9 14.0 10.7 547.0 Rio_Grande_do_Sul DCRS -999.9 0.0 37.4 861.5 861.5 860.77 1 0.01 861.5 861.5 861.5 861.5
-29.264900 -50.314899 DCRS-00084 2026-07-29_17:22 14.9 -999.9 -999.9 83.0 -999.9 -999.9 12.0 -999.9 -999.9 -999.9 -999.9 -999.9 6.0 -999.9 15.2 20.0 0.0 37.4 97.6 120.8 123.4 124.8 18.7 11.1 97.8 66.9 55.4 DCRS_-_São_Francisco_de_Paula/Cambará_do_Sul_(865_m) -999.9 -999.9 -999.9 -999.9 -999.9 14.0 10.7 547.0 Rio_Grande_do_Sul DCRS -999.9 0.0 37.4 861.49 861.5 860.77 1 0.01 861.5 861.5 861.5 861.5
-29.264900 -50.314899 DCRS-00084 2026-07-29_17:23 14.9 -999.9 -999.9 83.4 -999.9 -999.9 12.1 -999.9 -999.9 -999.9 -999.9 -999.9 4.3 -999.9 15.2 20.0 0.0 37.4 97.6 120.8 123.4 124.8 18.7 11.1 97.8 66.9 55.4 DCRS_-_São_Francisco_de_Paula/Cambará_do_Sul_(865_m) -999.9 -999.9 -999.9 -999.9 -999.9 14.0 10.7 547.0 Rio_Grande_do_Sul DCRS -999.9 0.0 37.4 861.5 861.5 860.77 1 0.01 861.5 861.5 861.5 861.5
-29.264900 -50.314899 DCRS-00084 2026-07-29_17:24 14.9 -999.9 -999.9 83.7 -999.9 -999.9 12.1 -999.9 -999.9 -999.9 -999.9 -999.9 0.0 -999.9 15.2 19.0 0.0 37.4 97.6 120.8 123.4 124.8 18.7 11.1 97.8 66.9 55.4 DCRS_-_São_Francisco_de_Paula/Cambará_do_Sul_(865_m) -999.9 -999.9 -999.9 -999.9 -999.9 14.0 10.7 547.0 Rio_Grande_do_Sul DCRS -999.9 0.0 37.4 861.5 861.5 860.77 1 0.04 861.5 861.5 861.5 861.5
-29.264900 -50.314899 DCRS-00084 2026-07-29_17:25 14.8 -999.9 -999.9 83.9 -999.9 -999.9 12.1 -999.9 -999.9 -999.9 -999.9 -999.9 0.0 -999.9 13.4 18.0 0.0 37.4 97.6 120.8 123.4 124.8 18.7 11.1 97.8 66.9 55.4 DCRS_-_São_Francisco_de_Paula/Cambará_do_Sul_(865_m) -999.9 -999.9 -999.9 -999.9 -999.9 14.0 10.7 547.0 Rio_Grande_do_Sul DCRS -999.9 0.0 37.4 861.5 861.5 860.77 1 0.01 861.5 861.5 861.5 861.5
-29.264900 -50.314899 DCRS-00084 2026-07-29_17:26 14.8 -999.9 -999.9 83.6 -999.9 -999.9 12.0 -999.9 -999.9 -999.9 -999.9 -999.9 6.2 -999.9 13.4 30.0 0.0 37.4 97.6 120.8 123.4 124.8 18.7 11.1 97.8 66.9 55.4 DCRS_-_São_Francisco_de_Paula/Cambará_do_Sul_(865_m) -999.9 -999.9 -999.9 -999.9 -999.9 14.0 10.7 547.0 Rio_Grande_do_Sul DCRS -999.9 0.0 37.4 861.48 861.5 860.77 1 0.0 861.5 861.5 861.5 861.5
-29.264900 -50.314899 DCRS-00084 2026-07-29_17:27 14.7 -999.9 -999.9 84.0 -999.9 -999.9 12.0 -999.9 -999.9 -999.9 -999.9 -999.9 6.1 -999.9 13.4 20.0 0.0 37.4 97.6 120.8 123.4 124.8 18.7 11.1 97.8 66.9 55.4 DCRS_-_São_Francisco_de_Paula/Cambará_do_Sul_(865_m) -999.9 -999.9 -999.9 -999.9 -999.9 14.0 10.7 547.0 Rio_Grande_do_Sul DCRS -999.9 0.0 37.4 861.5 861.5 860.77 1 0.02 861.5 861.5 861.5 861.5
-29.264900 -50.314899 DCRS-00084 2026-07-29_17:29 14.7 -999.9 -999.9 84.4 -999.9 -999.9 12.1 -999.9 -999.9 -999.9 -999.9 -999.9 0.0 -999.9 13.4 14.0 0.0 37.4 97.6 120.8 123.4 124.8 18.7 11.1 97.8 66.9 55.4 DCRS_-_São_Francisco_de_Paula/Cambará_do_Sul_(865_m) -999.9 -999.9 -999.9 -999.9 -999.9 14.0 10.7 547.0 Rio_Grande_do_Sul DCRS -999.9 0.0 37.4 861.49 861.5 860.77 1 0.01 861.5 861.5 861.5 861.5
-29.264900 -50.314899 DCRS-00084 2026-07-29_17:30 14.6 -999.9 -999.9 84.4 -999.9 -999.9 12.0 -999.9 -999.9 -999.9 -999.9 -999.9 2.5 -999.9 11.8 16.0 0.0 37.4 97.6 120.8 123.4 124.8 18.7 11.1 97.8 66.9 55.4 DCRS_-_São_Francisco_de_Paula/Cambará_do_Sul_(865_m) -999.9 -999.9 -999.9 -999.9 -999.9 14.0 10.7 547.0 Rio_Grande_do_Sul DCRS -999.9 0.0 37.4 861.5 861.5 860.77 1 0.02 861.5 861.5 861.5 861.5
-29.264900 -50.314899 DCRS-00084 2026-07-29_17:31 14.6 -999.9 -999.9 84.3 -999.9 -999.9 12.0 -999.9 -999.9 -999.9 -999.9 -999.9 6.8 -999.9 11.8 15.0 0.0 37.4 97.6 120.8 123.4 124.8 18.7 11.1 97.8 66.9 55.4 DCRS_-_São_Francisco_de_Paula/Cambará_do_Sul_(865_m) -999.9 -999.9 -999.9 -999.9 -999.9 14.0 10.7 547.0 Rio_Grande_do_Sul DCRS -999.9 0.0 37.4 861.5 861.5 860.77 1 0.02 861.5 861.5 861.5 861.5
-29.264900 -50.314899 DCRS-00084 2026-07-29_17:32 14.6 -999.9 -999.9 84.6 -999.9 -999.9 12.0 -999.9 -999.9 -999.9 -999.9 -999.9 8.4 -999.9 11.8 15.0 0.0 37.4 97.6 120.8 123.4 124.8 18.7 11.1 97.8 66.9 55.4 DCRS_-_São_Francisco_de_Paula/Cambará_do_Sul_(865_m) -999.9 -999.9 -999.9 -999.9 -999.9 14.0 10.7 547.0 Rio_Grande_do_Sul DCRS -999.9 0.0 37.4 861.5 861.5 860.77 1 0.01 861.5 861.5 861.5 861.5
-29.264900 -50.314899 DCRS-00084 2026-07-29_17:33 14.5 -999.9 -999.9 84.6 -999.9 -999.9 11.9 -999.9 -999.9 -999.9 -999.9 -999.9 8.2 -999.9 11.8 14.0 0.0 37.4 97.6 120.8 123.4 124.8 18.7 11.1 97.8 66.9 55.4 DCRS_-_São_Francisco_de_Paula/Cambará_do_Sul_(865_m) -999.9 -999.9 -999.9 -999.9 -999.9 14.0 10.7 547.0 Rio_Grande_do_Sul DCRS -999.9 0.0 37.4 861.49 861.5 860.77 1 0.0 861.5 861.5 861.5 861.5
-29.264900 -50.314899 DCRS-00084 2026-07-29_17:34 14.5 -999.9 -999.9 84.7 -999.9 -999.9 11.9 -999.9 -999.9 -999.9 -999.9 -999.9 8.1 -999.9 11.8 13.0 0.0 37.4 97.6 120.8 123.4 124.8 18.7 11.1 97.8 66.9 55.4 DCRS_-_São_Francisco_de_Paula/Cambará_do_Sul_(865_m) -999.9 -999.9 -999.9 -999.9 -999.9 14.0 10.7 547.0 Rio_Grande_do_Sul DCRS -999.9 0.0 37.4 861.5 861.5 860.77 1 0.01 861.5 861.5 861.5 861.5
-29.264900 -50.314899 DCRS-00084 2026-07-29_17:35 14.5 -999.9 -999.9 84.7 -999.9 -999.9 11.9 -999.9 -999.9 -999.9 -999.9 -999.9 3.5 -999.9 15.4 12.0 0.0 37.4 97.6 120.8 123.4 124.8 18.7 11.1 97.8 66.9 55.4 DCRS_-_São_Francisco_de_Paula/Cambará_do_Sul_(865_m) -999.9 -999.9 -999.9 -999.9 -999.9 14.0 10.7 547.0 Rio_Grande_do_Sul DCRS -999.9 0.0 37.4 861.5 861.5 860.77 1 0.02 861.5 861.5 861.5 861.5
-29.264900 -50.314899 DCRS-00084 2026-07-29_17:36 14.5 -999.9 -999.9 85.1 -999.9 -999.9 12.0 -999.9 -999.9 -999.9 -999.9 -999.9 4.6 -999.9 15.4 11.0 0.0 37.4 97.6 120.8 123.4 124.8 18.7 11.1 97.8 66.9 55.4 DCRS_-_São_Francisco_de_Paula/Cambará_do_Sul_(865_m) -999.9 -999.9 -999.9 -999.9 -999.9 14.0 10.7 547.0 Rio_Grande_do_Sul DCRS -999.9 0.0 37.4 861.5 861.5 860.77 1 0.02 861.5 861.5 861.5 861.5
-29.264900 -50.314899 DCRS-00084 2026-07-29_17:37 14.4 -999.9 -999.9 85.4 -999.9 -999.9 12.0 -999.9 -999.9 -999.9 -999.9 -999.9 0.0 -999.9 15.4 9.0 0.0 37.4 97.6 120.8 123.4 124.8 18.7 11.1 97.8 66.9 55.4 DCRS_-_São_Francisco_de_Paula/Cambará_do_Sul_(865_m) -999.9 -999.9 -999.9 -999.9 -999.9 14.0 10.7 547.0 Rio_Grande_do_Sul DCRS -999.9 0.0 37.4 861.5 861.5 860.77 1 0.02 861.5 861.5 861.5 861.5
-29.264900 -50.314899 DCRS-00084 2026-07-29_17:38 14.4 -999.9 -999.9 85.6 -999.9 -999.9 12.0 -999.9 -999.9 -999.9 -999.9 -999.9 3.2 -999.9 15.4 8.0 0.0 37.4 97.6 120.8 123.4 124.8 18.7 11.1 97.8 66.9 55.4 DCRS_-_São_Francisco_de_Paula/Cambará_do_Sul_(865_m) -999.9 -999.9 -999.9 -999.9 -999.9 14.0 10.7 547.0 Rio_Grande_do_Sul DCRS -999.9 0.0 37.4 861.49 861.5 860.77 1 0.01 861.5 861.5 861.5 861.5
-29.264900 -50.314899 DCRS-00084 2026-07-29_17:39 14.4 -999.9 -999.9 85.7 -999.9 -999.9 12.0 -999.9 -999.9 -999.9 -999.9 -999.9 1.9 -999.9 15.4 7.0 0.0 37.4 97.6 120.8 123.4 124.8 18.7 11.1 97.8 66.9 55.4 DCRS_-_São_Francisco_de_Paula/Cambará_do_Sul_(865_m) -999.9 -999.9 -999.9 -999.9 -999.9 14.0 10.7 547.0 Rio_Grande_do_Sul DCRS -999.9 0.0 37.4 861.49 861.5 860.77 1 0.0 861.5 861.5 861.5 861.5
-29.264900 -50.314899 DCRS-00084 2026-07-29_17:40 14.4 -999.9 -999.9 85.9 -999.9 -999.9 12.0 -999.9 -999.9 -999.9 -999.9 -999.9 0.0 -999.9 8.3 6.0 0.0 37.4 97.6 120.8 123.4 124.8 18.7 11.1 97.8 66.9 55.4 DCRS_-_São_Francisco_de_Paula/Cambará_do_Sul_(865_m) -999.9 -999.9 -999.9 -999.9 -999.9 14.0 10.7 547.0 Rio_Grande_do_Sul DCRS -999.9 0.0 37.4 861.51 861.51 860.77 1 0.02 861.51 861.51 861.51 861.51
-29.264900 -50.314899 DCRS-00084 2026-07-29_17:41 14.4 -999.9 -999.9 86.1 -999.9 -999.9 12.1 -999.9 -999.9 -999.9 -999.9 -999.9 0.0 -999.9 8.3 6.0 0.0 37.4 97.6 120.8 123.4 124.8 18.7 11.1 97.8 66.9 55.4 DCRS_-_São_Francisco_de_Paula/Cambará_do_Sul_(865_m) -999.9 -999.9 -999.9 -999.9 -999.9 14.0 10.7 547.0 Rio_Grande_do_Sul DCRS -999.9 0.0 37.4 861.5 861.51 860.77 1 0.02 861.51 861.51 861.51 861.51
-29.264900 -50.314899 DCRS-00084 2026-07-29_17:42 14.4 -999.9 -999.9 86.2 -999.9 -999.9 12.1 -999.9 -999.9 -999.9 -999.9 -999.9 0.0 -999.9 8.3 6.0 0.0 37.4 97.6 120.8 123.4 124.8 18.7 11.1 97.8 66.9 55.4 DCRS_-_São_Francisco_de_Paula/Cambará_do_Sul_(865_m) -999.9 -999.9 -999.9 -999.9 -999.9 14.0 10.7 547.0 Rio_Grande_do_Sul DCRS -999.9 0.0 37.4 861.5 861.51 860.77 1 0.01 861.51 861.51 861.51 861.51
-29.264900 -50.314899 DCRS-00084 2026-07-29_17:43 14.3 -999.9 -999.9 86.5 -999.9 -999.9 12.1 -999.9 -999.9 -999.9 -999.9 -999.9 5.1 -999.9 8.3 5.0 0.0 37.4 97.6 120.8 123.4 124.8 18.7 11.1 97.8 66.9 55.4 DCRS_-_São_Francisco_de_Paula/Cambará_do_Sul_(865_m) -999.9 -999.9 -999.9 -999.9 -999.9 14.0 10.7 547.0 Rio_Grande_do_Sul DCRS -999.9 0.0 37.4 861.5 861.51 860.77 1 0.02 861.51 861.51 861.51 861.51
-29.264900 -50.314899 DCRS-00084 2026-07-29_17:44 14.3 -999.9 -999.9 86.6 -999.9 -999.9 12.1 -999.9 -999.9 -999.9 -999.9 -999.9 0.0 -999.9 8.3 5.0 0.0 37.4 97.6 120.8 123.4 124.8 18.7 11.1 97.8 66.9 55.4 DCRS_-_São_Francisco_de_Paula/Cambará_do_Sul_(865_m) -999.9 -999.9 -999.9 -999.9 -999.9 14.0 10.7 547.0 Rio_Grande_do_Sul DCRS -999.9 0.0 37.4 861.51 861.51 860.77 1 0.02 861.51 861.51 861.51 861.51
-29.264900 -50.314899 DCRS-00084 2026-07-29_17:45 14.3 -999.9 -999.9 86.8 -999.9 -999.9 12.1 -999.9 -999.9 -999.9 -999.9 -999.9 3.7 -999.9 5.9 4.0 0.0 37.4 97.6 120.8 123.4 124.8 18.7 11.1 97.8 66.9 55.4 DCRS_-_São_Francisco_de_Paula/Cambará_do_Sul_(865_m) -999.9 -999.9 -999.9 -999.9 -999.9 14.0 10.7 547.0 Rio_Grande_do_Sul DCRS -999.9 0.0 37.4 861.5 861.51 860.77 1 0.02 861.51 861.51 861.51 861.51
-29.264900 -50.314899 DCRS-00084 2026-07-29_17:46 14.3 -999.9 -999.9 86.8 -999.9 -999.9 12.1 -999.9 -999.9 -999.9 -999.9 -999.9 0.0 -999.9 5.9 4.0 0.0 37.4 97.6 120.8 123.4 124.8 18.7 11.1 97.8 66.9 55.4 DCRS_-_São_Francisco_de_Paula/Cambará_do_Sul_(865_m) -999.9 -999.9 -999.9 -999.9 -999.9 14.0 10.7 547.0 Rio_Grande_do_Sul DCRS -999.9 0.0 37.4 861.5 861.51 860.77 1 0.01 861.51 861.51 861.51 861.51
-29.264900 -50.314899 DCRS-00084 2026-07-29_17:47 14.2 -999.9 -999.9 86.7 -999.9 -999.9 12.0 -999.9 -999.9 -999.9 -999.9 -999.9 2.4 -999.9 5.9 3.0 0.0 37.4 97.6 120.8 123.4 124.8 18.7 11.1 97.8 66.9 55.4 DCRS_-_São_Francisco_de_Paula/Cambará_do_Sul_(865_m) -999.9 -999.9 -999.9 -999.9 -999.9 14.0 10.7 547.0 Rio_Grande_do_Sul DCRS -999.9 0.0 37.4 861.5 861.51 860.77 1 0.02 861.51 861.51 861.51 861.51
-29.264900 -50.314899 DCRS-00084 2026-07-29_17:48 14.3 -999.9 -999.9 86.9 -999.9 -999.9 12.1 -999.9 -999.9 -999.9 -999.9 -999.9 0.0 -999.9 5.9 3.0 0.0 37.4 97.6 120.8 123.4 124.8 18.7 11.1 97.8 66.9 55.4 DCRS_-_São_Francisco_de_Paula/Cambará_do_Sul_(865_m) -999.9 -999.9 -999.9 -999.9 -999.9 14.0 10.7 547.0 Rio_Grande_do_Sul DCRS -999.9 0.0 37.4 861.5 861.51 860.77 1 0.01 861.51 861.51 861.51 861.51
-29.264900 -50.314899 DCRS-00084 2026-07-29_17:49 14.2 -999.9 -999.9 87.1 -999.9 -999.9 12.1 -999.9 -999.9 -999.9 -999.9 -999.9 0.0 -999.9 5.9 3.0 0.0 37.4 97.6 120.8 123.4 124.8 18.7 11.1 97.8 66.9 55.4 DCRS_-_São_Francisco_de_Paula/Cambará_do_Sul_(865_m) -999.9 -999.9 -999.9 -999.9 -999.9 14.0 10.7 547.0 Rio_Grande_do_Sul DCRS -999.9 0.0 37.4 861.5 861.51 860.77 1 0.01 861.51 861.51 861.51 861.51
-29.264900 -50.314899 DCRS-00084 2026-07-29_17:50 14.2 -999.9 -999.9 87.0 -999.9 -999.9 12.0 -999.9 -999.9 -999.9 -999.9 -999.9 2.3 -999.9 7.7 3.0 0.0 37.4 97.6 120.8 123.4 124.8 18.7 11.1 97.8 66.9 55.4 DCRS_-_São_Francisco_de_Paula/Cambará_do_Sul_(865_m) -999.9 -999.9 -999.9 -999.9 -999.9 14.0 10.7 547.0 Rio_Grande_do_Sul DCRS -999.9 0.0 37.4 861.5 861.51 860.77 0 0.0 861.51 861.51 861.51 861.51
-29.264900 -50.314899 DCRS-00084 2026-07-29_17:51 14.1 -999.9 -999.9 86.7 -999.9 -999.9 11.9 -999.9 -999.9 -999.9 -999.9 -999.9 0.0 -999.9 7.7 3.0 0.0 37.4 97.6 120.8 123.4 124.8 18.7 11.1 97.8 66.9 55.4 DCRS_-_São_Francisco_de_Paula/Cambará_do_Sul_(865_m) -999.9 -999.9 -999.9 -999.9 -999.9 14.0 10.7 547.0 Rio_Grande_do_Sul DCRS -999.9 0.0 37.4 861.5 861.51 860.77 1 0.01 861.51 861.51 861.51 861.51
-29.264900 -50.314899 DCRS-00084 2026-07-29_17:52 14.2 -999.9 -999.9 87.0 -999.9 -999.9 12.0 -999.9 -999.9 -999.9 -999.9 -999.9 0.0 -999.9 7.7 2.0 0.0 37.4 97.6 120.8 123.4 124.8 18.7 11.1 97.8 66.9 55.4 DCRS_-_São_Francisco_de_Paula/Cambará_do_Sul_(865_m) -999.9 -999.9 -999.9 -999.9 -999.9 14.0 10.7 547.0 Rio_Grande_do_Sul DCRS -999.9 0.0 37.4 861.5 861.51 860.77 1 0.01 861.51 861.51 861.51 861.51
-29.264900 -50.314899 DCRS-00084 2026-07-29_17:53 14.1 -999.9 -999.9 86.9 -999.9 -999.9 11.9 -999.9 -999.9 -999.9 -999.9 -999.9 0.0 -999.9 7.7 2.0 0.0 37.4 97.6 120.8 123.4 124.8 18.7 11.1 97.8 66.9 55.4 DCRS_-_São_Francisco_de_Paula/Cambará_do_Sul_(865_m) -999.9 -999.9 -999.9 -999.9 -999.9 14.0 10.7 547.0 Rio_Grande_do_Sul DCRS -999.9 0.0 37.4 861.5 861.51 860.77 1 0.01 861.51 861.51 861.51 861.51
-29.264900 -50.314899 DCRS-00084 2026-07-29_17:54 14.0 -999.9 -999.9 86.8 -999.9 -999.9 11.8 -999.9 -999.9 -999.9 -999.9 -999.9 -999.9 -999.9 7.7 2.0 0.0 37.4 97.6 120.8 123.4 124.8 18.7 11.1 97.8 66.9 55.4 DCRS_-_São_Francisco_de_Paula/Cambará_do_Sul_(865_m) -999.9 -999.9 -999.9 -999.9 -999.9 14.0 10.7 547.0 Rio_Grande_do_Sul DCRS -999.9 0.0 37.4 861.5 861.51 860.77 0 0.0 861.51 861.51 861.51 861.51
-29.264900 -50.314899 DCRS-00084 2026-07-29_17:55 14.1 -999.9 -999.9 86.8 -999.9 -999.9 11.9 -999.9 -999.9 -999.9 -999.9 -999.9 12.4 -999.9 13.2 1.0 0.0 37.4 97.6 120.8 123.4 124.8 18.7 11.1 97.8 66.9 55.4 DCRS_-_São_Francisco_de_Paula/Cambará_do_Sul_(865_m) -999.9 -999.9 -999.9 -999.9 -999.9 14.0 10.7 547.0 Rio_Grande_do_Sul DCRS -999.9 0.0 37.4 861.5 861.51 860.77 1 0.01 861.51 861.51 861.51 861.51
-29.264900 -50.314899 DCRS-00084 2026-07-29_17:56 14.1 -999.9 -999.9 86.7 -999.9 -999.9 11.9 -999.9 -999.9 -999.9 -999.9 -999.9 5.4 -999.9 13.2 1.0 0.0 37.4 97.6 120.8 123.4 124.8 18.7 11.1 97.8 66.9 55.4 DCRS_-_São_Francisco_de_Paula/Cambará_do_Sul_(865_m) -999.9 -999.9 -999.9 -999.9 -999.9 14.0 10.7 547.0 Rio_Grande_do_Sul DCRS -999.9 0.0 37.4 861.51 861.51 860.77 1 0.02 861.51 861.51 861.51 861.51
-29.264900 -50.314899 DCRS-00084 2026-07-29_17:57 14.0 -999.9 -999.9 86.6 -999.9 -999.9 11.8 -999.9 -999.9 -999.9 -999.9 -999.9 12.6 -999.9 13.2 1.0 0.0 37.4 97.6 120.8 123.4 124.8 18.7 11.1 97.8 66.9 55.4 DCRS_-_São_Francisco_de_Paula/Cambará_do_Sul_(865_m) -999.9 -999.9 -999.9 -999.9 -999.9 14.0 10.7 547.0 Rio_Grande_do_Sul DCRS -999.9 0.0 37.4 861.51 861.51 860.77 1 0.02 861.51 861.51 861.51 861.51
-29.264900 -50.314899 DCRS-00084 2026-07-29_17:58 14.0 -999.9 -999.9 86.9 -999.9 -999.9 11.8 -999.9 -999.9 -999.9 -999.9 -999.9 10.9 -999.9 13.2 0.0 0.0 37.4 97.6 120.8 123.4 124.8 18.7 11.1 97.8 66.9 55.4 DCRS_-_São_Francisco_de_Paula/Cambará_do_Sul_(865_m) -999.9 -999.9 -999.9 -999.9 -999.9 14.0 10.7 547.0 Rio_Grande_do_Sul DCRS -999.9 0.0 37.4 861.51 861.51 860.77 1 0.02 861.51 861.51 861.51 861.51
-29.264900 -50.314899 DCRS-00084 2026-07-29_17:59 14.0 -999.9 -999.9 86.8 -999.9 -999.9 11.8 -999.9 -999.9 -999.9 -999.9 -999.9 11.1 -999.9 13.2 0.0 0.0 37.4 97.6 120.8 123.4 124.8 18.7 11.1 97.8 66.9 55.4 DCRS_-_São_Francisco_de_Paula/Cambará_do_Sul_(865_m) -999.9 -999.9 -999.9 -999.9 -999.9 14.0 10.7 547.0 Rio_Grande_do_Sul DCRS -999.9 0.0 37.4 861.49 861.51 860.77 1 0.0 861.51 861.51 861.51 861.51
-29.264900 -50.314899 DCRS-00084 2026-07-29_18:00 14.0 -999.9 -999.9 86.7 -999.9 -999.9 11.8 -999.9 -999.9 -999.9 -999.9 -999.9 12.1 -999.9 14.9 0.0 0.0 37.4 97.6 120.8 123.4 124.8 18.7 11.1 97.8 66.9 55.4 DCRS_-_São_Francisco_de_Paula/Cambará_do_Sul_(865_m) -999.9 -999.9 -999.9 -999.9 -999.9 14.0 10.7 547.0 Rio_Grande_do_Sul DCRS -999.9 0.0 37.4 861.51 861.51 860.77 1 0.02 861.51 861.51 861.51 861.51
-29.264900 -50.314899 DCRS-00084 2026-07-29_18:01 14.0 -999.9 -999.9 86.8 -999.9 -999.9 11.8 -999.9 -999.9 -999.9 -999.9 -999.9 11.3 -999.9 14.9 0.0 0.0 37.4 97.6 120.8 123.4 124.8 18.7 11.1 97.8 66.9 55.4 DCRS_-_São_Francisco_de_Paula/Cambará_do_Sul_(865_m) -999.9 -999.9 -999.9 -999.9 -999.9 14.0 10.7 547.0 Rio_Grande_do_Sul DCRS -999.9 0.0 37.4 861.51 861.51 860.77 1 0.02 861.51 861.51 861.51 861.51
-29.264900 -50.314899 DCRS-00084 2026-07-29_18:02 14.0 -999.9 -999.9 86.9 -999.9 -999.9 11.8 -999.9 -999.9 -999.9 -999.9 -999.9 11.6 -999.9 14.9 0.0 0.0 37.4 97.6 120.8 123.4 124.8 18.7 11.1 97.8 66.9 55.4 DCRS_-_São_Francisco_de_Paula/Cambará_do_Sul_(865_m) -999.9 -999.9 -999.9 -999.9 -999.9 14.0 10.7 547.0 Rio_Grande_do_Sul DCRS -999.9 0.0 37.4 861.5 861.51 860.77 1 0.01 861.51 861.51 861.51 861.51
-29.264900 -50.314899 DCRS-00084 2026-07-29_18:03 13.9 -999.9 -999.9 87.2 -999.9 -999.9 11.8 -999.9 -999.9 -999.9 -999.9 -999.9 5.5 -999.9 14.9 0.0 0.0 37.4 97.6 120.8 123.4 124.8 18.7 11.1 97.8 66.9 55.4 DCRS_-_São_Francisco_de_Paula/Cambará_do_Sul_(865_m) -999.9 -999.9 -999.9 -999.9 -999.9 14.0 10.7 547.0 Rio_Grande_do_Sul DCRS -999.9 0.0 37.4 861.51 861.51 860.77 1 0.02 861.51 861.51 861.51 861.51
-29.264900 -50.314899 DCRS-00084 2026-07-29_18:04 13.9 -999.9 -999.9 87.2 -999.9 -999.9 11.8 -999.9 -999.9 -999.9 -999.9 -999.9 7.3 -999.9 14.9 0.0 0.0 37.4 97.6 120.8 123.4 124.8 18.7 11.1 97.8 66.9 55.4 DCRS_-_São_Francisco_de_Paula/Cambará_do_Sul_(865_m) -999.9 -999.9 -999.9 -999.9 -999.9 14.0 10.7 547.0 Rio_Grande_do_Sul DCRS -999.9 0.0 37.4 861.5 861.51 860.77 1 0.01 861.51 861.51 861.51 861.51
-29.264900 -50.314899 DCRS-00084 2026-07-29_18:05 13.9 -999.9 -999.9 87.3 -999.9 -999.9 11.8 -999.9 -999.9 -999.9 -999.9 -999.9 10.2 -999.9 14.9 0.0 0.0 37.4 97.6 120.8 123.4 124.8 18.7 11.1 97.8 66.9 55.4 DCRS_-_São_Francisco_de_Paula/Cambará_do_Sul_(865_m) -999.9 -999.9 -999.9 -999.9 -999.9 14.0 10.7 547.0 Rio_Grande_do_Sul DCRS -999.9 0.0 37.4 861.5 861.51 860.77 1 0.01 861.51 861.51 861.51 861.51
-29.264900 -50.314899 DCRS-00084 2026-07-29_18:06 13.9 -999.9 -999.9 87.3 -999.9 -999.9 11.8 -999.9 -999.9 -999.9 -999.9 -999.9 1.9 -999.9 14.9 0.0 0.0 37.4 97.6 120.8 123.4 124.8 18.7 11.1 97.8 66.9 55.4 DCRS_-_São_Francisco_de_Paula/Cambará_do_Sul_(865_m) -999.9 -999.9 -999.9 -999.9 -999.9 14.0 10.7 547.0 Rio_Grande_do_Sul DCRS -999.9 0.0 37.4 861.51 861.51 860.77 1 0.02 861.51 861.51 861.51 861.51
-29.264900 -50.314899 DCRS-00084 2026-07-29_18:07 13.9 -999.9 -999.9 87.5 -999.9 -999.9 11.8 -999.9 -999.9 -999.9 -999.9 -999.9 0.0 -999.9 14.9 0.0 0.0 37.4 97.6 120.8 123.4 124.8 18.7 11.1 97.8 66.9 55.4 DCRS_-_São_Francisco_de_Paula/Cambará_do_Sul_(865_m) -999.9 -999.9 -999.9 -999.9 -999.9 14.0 10.7 547.0 Rio_Grande_do_Sul DCRS -999.9 0.0 37.4 861.51 861.51 860.77 1 0.02 861.51 861.51 861.51 861.51
-29.264900 -50.314899 DCRS-00084 2026-07-29_18:08 13.9 -999.9 -999.9 87.8 -999.9 -999.9 11.9 -999.9 -999.9 -999.9 -999.9 -999.9 0.0 -999.9 14.9 0.0 0.0 37.4 97.6 120.8 123.4 124.8 18.7 11.1 97.8 66.9 55.4 DCRS_-_São_Francisco_de_Paula/Cambará_do_Sul_(865_m) -999.9 -999.9 -999.9 -999.9 -999.9 14.0 10.7 547.0 Rio_Grande_do_Sul DCRS -999.9 0.0 37.4 861.49 861.51 860.77 0 -0.01 861.51 861.51 861.51 861.51
-29.264900 -50.314899 DCRS-00084 2026-07-29_18:09 13.8 -999.9 -999.9 88.1 -999.9 -999.9 11.8 -999.9 -999.9 -999.9 -999.9 -999.9 6.2 -999.9 14.9 0.0 0.0 37.4 97.6 120.8 123.4 124.8 18.7 11.1 97.8 66.9 55.4 DCRS_-_São_Francisco_de_Paula/Cambará_do_Sul_(865_m) -999.9 -999.9 -999.9 -999.9 -999.9 14.0 10.7 547.0 Rio_Grande_do_Sul DCRS -999.9 0.0 37.4 861.5 861.51 860.77 0 0.0 861.51 861.51 861.51 861.51
-29.264900 -50.314899 DCRS-00084 2026-07-29_18:10 13.7 -999.9 -999.9 88.2 -999.9 -999.9 11.8 -999.9 -999.9 -999.9 -999.9 -999.9 2.4 -999.9 12.3 0.0 0.0 37.4 97.6 120.8 123.4 124.8 18.7 11.1 97.8 66.9 55.4 DCRS_-_São_Francisco_de_Paula/Cambará_do_Sul_(865_m) -999.9 -999.9 -999.9 -999.9 -999.9 14.0 10.7 547.0 Rio_Grande_do_Sul DCRS -999.9 0.0 37.4 861.5 861.51 860.77 0 0.01 861.51 861.51 861.51 861.51
-29.264900 -50.314899 DCRS-00084 2026-07-29_18:11 13.7 -999.9 -999.9 88.4 -999.9 -999.9 11.8 -999.9 -999.9 -999.9 -999.9 -999.9 2.2 -999.9 12.3 0.0 0.0 37.4 97.6 120.8 123.4 124.8 18.7 11.1 97.8 66.9 55.4 DCRS_-_São_Francisco_de_Paula/Cambará_do_Sul_(865_m) -999.9 -999.9 -999.9 -999.9 -999.9 14.0 10.7 547.0 Rio_Grande_do_Sul DCRS -999.9 0.0 37.4 861.51 861.51 860.77 0 0.01 861.51 861.51 861.51 861.51
-29.264900 -50.314899 DCRS-00084 2026-07-29_18:12 13.7 -999.9 -999.9 88.6 -999.9 -999.9 11.8 -999.9 -999.9 -999.9 -999.9 -999.9 2.2 -999.9 12.3 0.0 0.0 37.4 97.6 120.8 123.4 124.8 18.7 11.1 97.8 66.9 55.4 DCRS_-_São_Francisco_de_Paula/Cambará_do_Sul_(865_m) -999.9 -999.9 -999.9 -999.9 -999.9 14.0 10.7 547.0 Rio_Grande_do_Sul DCRS -999.9 0.0 37.4 861.51 861.51 860.77 0 0.02 861.51 861.51 861.51 861.51
-29.264900 -50.314899 DCRS-00084 2026-07-29_18:13 13.7 -999.9 -999.9 88.8 -999.9 -999.9 11.9 -999.9 -999.9 -999.9 -999.9 -999.9 2.8 -999.9 12.3 0.0 0.0 37.4 97.6 120.8 123.4 124.8 18.7 11.1 97.8 66.9 55.4 DCRS_-_São_Francisco_de_Paula/Cambará_do_Sul_(865_m) -999.9 -999.9 -999.9 -999.9 -999.9 14.0 10.7 547.0 Rio_Grande_do_Sul DCRS -999.9 0.0 37.4 861.5 861.51 860.77 0 0.0 861.51 861.51 861.51 861.51
-29.264900 -50.314899 DCRS-00084 2026-07-29_18:14 13.7 -999.9 -999.9 89.0 -999.9 -999.9 11.9 -999.9 -999.9 -999.9 -999.9 -999.9 0.0 -999.9 12.3 0.0 0.0 37.4 97.6 120.8 123.4 124.8 18.7 11.1 97.8 66.9 55.4 DCRS_-_São_Francisco_de_Paula/Cambará_do_Sul_(865_m) -999.9 -999.9 -999.9 -999.9 -999.9 14.0 10.7 547.0 Rio_Grande_do_Sul DCRS -999.9 0.0 37.4 861.51 861.51 860.77 0 0.01 861.51 861.51 861.51 861.51
-29.264900 -50.314899 DCRS-00084 2026-07-29_18:15 13.7 -999.9 -999.9 89.1 -999.9 -999.9 11.9 -999.9 -999.9 -999.9 -999.9 -999.9 5.3 -999.9 8.5 0.0 0.0 37.4 97.6 120.8 123.4 124.8 18.7 11.1 97.8 66.9 55.4 DCRS_-_São_Francisco_de_Paula/Cambará_do_Sul_(865_m) -999.9 -999.9 -999.9 -999.9 -999.9 14.0 10.7 547.0 Rio_Grande_do_Sul DCRS -999.9 0.0 37.4 861.51 861.51 860.77 0 0.01 861.51 861.51 861.51 861.51
-29.264900 -50.314899 DCRS-00084 2026-07-29_18:16 13.7 -999.9 -999.9 89.2 -999.9 -999.9 11.9 -999.9 -999.9 -999.9 -999.9 -999.9 6.6 -999.9 8.5 0.0 0.0 37.4 97.6 120.8 123.4 124.8 18.7 11.1 97.8 66.9 55.4 DCRS_-_São_Francisco_de_Paula/Cambará_do_Sul_(865_m) -999.9 -999.9 -999.9 -999.9 -999.9 14.0 10.7 547.0 Rio_Grande_do_Sul DCRS -999.9 0.0 37.4 861.51 861.51 860.77 1 0.01 861.51 861.51 861.51 861.51
-29.264900 -50.314899 DCRS-00084 2026-07-29_18:17 13.7 -999.9 -999.9 89.3 -999.9 -999.9 12.0 -999.9 -999.9 -999.9 -999.9 -999.9 3.1 -999.9 8.5 0.0 0.0 37.4 97.6 120.8 123.4 124.8 18.7 11.1 97.8 66.9 55.4 DCRS_-_São_Francisco_de_Paula/Cambará_do_Sul_(865_m) -999.9 -999.9 -999.9 -999.9 -999.9 14.0 10.7 547.0 Rio_Grande_do_Sul DCRS -999.9 0.0 37.4 861.51 861.51 860.77 1 0.01 861.51 861.51 861.51 861.51
-29.264900 -50.314899 DCRS-00084 2026-07-29_18:18 13.7 -999.9 -999.9 89.3 -999.9 -999.9 12.0 -999.9 -999.9 -999.9 -999.9 -999.9 4.1 -999.9 8.5 0.0 0.0 37.4 97.6 120.8 123.4 124.8 18.7 11.1 97.8 66.9 55.4 DCRS_-_São_Francisco_de_Paula/Cambará_do_Sul_(865_m) -999.9 -999.9 -999.9 -999.9 -999.9 14.0 10.7 547.0 Rio_Grande_do_Sul DCRS -999.9 0.0 37.4 861.51 861.51 860.77 1 0.01 861.51 861.51 861.51 861.51
-29.264900 -50.314899 DCRS-00084 2026-07-29_18:19 13.6 -999.9 -999.9 89.3 -999.9 -999.9 11.9 -999.9 -999.9 -999.9 -999.9 -999.9 0.0 -999.9 8.5 0.0 0.0 37.4 97.6 120.8 123.4 124.8 18.7 11.1 97.8 66.9 55.4 DCRS_-_São_Francisco_de_Paula/Cambará_do_Sul_(865_m) -999.9 -999.9 -999.9 -999.9 -999.9 14.0 10.7 547.0 Rio_Grande_do_Sul DCRS -999.9 0.0 37.4 861.51 861.51 860.77 1 0.01 861.51 861.51 861.51 861.51
-29.264900 -50.314899 DCRS-00084 2026-07-29_18:20 13.6 -999.9 -999.9 89.3 -999.9 -999.9 11.9 -999.9 -999.9 -999.9 -999.9 -999.9 1.8 -999.9 7.1 0.0 0.0 37.4 97.6 120.8 123.4 124.8 18.7 11.1 97.8 66.9 55.4 DCRS_-_São_Francisco_de_Paula/Cambará_do_Sul_(865_m) -999.9 -999.9 -999.9 -999.9 -999.9 14.0 10.7 547.0 Rio_Grande_do_Sul DCRS -999.9 0.0 37.4 861.51 861.51 860.77 1 0.02 861.51 861.51 861.51 861.51
-29.264900 -50.314899 DCRS-00084 2026-07-29_18:21 13.7 -999.9 -999.9 89.4 -999.9 -999.9 12.0 -999.9 -999.9 -999.9 -999.9 -999.9 3.2 -999.9 7.1 0.0 0.0 37.4 97.6 120.8 123.4 124.8 18.7 11.1 97.8 66.9 55.4 DCRS_-_São_Francisco_de_Paula/Cambará_do_Sul_(865_m) -999.9 -999.9 -999.9 -999.9 -999.9 14.0 10.7 547.0 Rio_Grande_do_Sul DCRS -999.9 0.0 37.4 861.51 861.51 860.77 1 0.01 861.51 861.51 861.51 861.51
-29.264900 -50.314899 DCRS-00084 2026-07-29_18:22 13.6 -999.9 -999.9 89.5 -999.9 -999.9 11.9 -999.9 -999.9 -999.9 -999.9 -999.9 3.2 -999.9 7.1 0.0 0.0 37.4 97.6 120.8 123.4 124.8 18.7 11.1 97.8 66.9 55.4 DCRS_-_São_Francisco_de_Paula/Cambará_do_Sul_(865_m) -999.9 -999.9 -999.9 -999.9 -999.9 14.0 10.7 547.0 Rio_Grande_do_Sul DCRS -999.9 0.0 37.4 861.51 861.51 860.77 1 0.02 861.51 861.51 861.51 861.51
-29.264900 -50.314899 DCRS-00084 2026-07-29_18:23 13.6 -999.9 -999.9 89.6 -999.9 -999.9 11.9 -999.9 -999.9 -999.9 -999.9 -999.9 4.4 -999.9 7.1 0.0 0.0 37.4 97.6 120.8 123.4 124.8 18.7 11.1 97.8 66.9 55.4 DCRS_-_São_Francisco_de_Paula/Cambará_do_Sul_(865_m) -999.9 -999.9 -999.9 -999.9 -999.9 14.0 10.7 547.0 Rio_Grande_do_Sul DCRS -999.9 0.0 37.4 861.51 861.51 860.77 1 0.01 861.51 861.51 861.51 861.51
-29.264900 -50.314899 DCRS-00084 2026-07-29_18:24 13.6 -999.9 -999.9 89.7 -999.9 -999.9 11.9 -999.9 -999.9 -999.9 -999.9 -999.9 0.0 -999.9 7.1 0.0 0.0 37.4 97.6 120.8 123.4 124.8 18.7 11.1 97.8 66.9 55.4 DCRS_-_São_Francisco_de_Paula/Cambará_do_Sul_(865_m) -999.9 -999.9 -999.9 -999.9 -999.9 14.0 10.7 547.0 Rio_Grande_do_Sul DCRS -999.9 0.0 37.4 861.5 861.51 860.77 1 0.0 861.51 861.51 861.51 861.51
-29.264900 -50.314899 DCRS-00084 2026-07-29_18:25 13.6 -999.9 -999.9 89.8 -999.9 -999.9 11.9 -999.9 -999.9 -999.9 -999.9 -999.9 0.0 -999.9 7.1 0.0 0.0 37.4 97.6 120.8 123.4 124.8 18.7 11.1 97.8 66.9 55.4 DCRS_-_São_Francisco_de_Paula/Cambará_do_Sul_(865_m) -999.9 -999.9 -999.9 -999.9 -999.9 14.0 10.7 547.0 Rio_Grande_do_Sul DCRS -999.9 0.0 37.4 861.51 861.51 860.77 1 0.01 861.51 861.51 861.51 861.51
-29.264900 -50.314899 DCRS-00084 2026-07-29_18:26 13.6 -999.9 -999.9 89.8 -999.9 -999.9 11.9 -999.9 -999.9 -999.9 -999.9 -999.9 0.0 -999.9 7.1 0.0 0.0 37.4 97.6 120.8 123.4 124.8 18.7 11.1 97.8 66.9 55.4 DCRS_-_São_Francisco_de_Paula/Cambará_do_Sul_(865_m) -999.9 -999.9 -999.9 -999.9 -999.9 14.0 10.7 547.0 Rio_Grande_do_Sul DCRS -999.9 0.0 37.4 861.52 861.52 860.77 1 0.04 861.52 861.52 861.52 861.52
-29.264900 -50.314899 DCRS-00084 2026-07-29_18:27 13.7 -999.9 -999.9 90.0 -999.9 -999.9 12.1 -999.9 -999.9 -999.9 -999.9 -999.9 -999.9 -999.9 7.1 0.0 0.0 37.4 97.6 120.8 123.4 124.8 18.7 11.1 97.8 66.9 55.4 DCRS_-_São_Francisco_de_Paula/Cambará_do_Sul_(865_m) -999.9 -999.9 -999.9 -999.9 -999.9 14.0 10.7 547.0 Rio_Grande_do_Sul DCRS -999.9 0.0 37.4 861.51 861.52 860.77 1 0.01 861.52 861.52 861.52 861.52
-29.264900 -50.314899 DCRS-00084 2026-07-29_18:28 13.7 -999.9 -999.9 89.8 -999.9 -999.9 12.0 -999.9 -999.9 -999.9 -999.9 -999.9 2.8 -999.9 7.1 0.0 0.0 37.4 97.6 120.8 123.4 124.8 18.7 11.1 97.8 66.9 55.4 DCRS_-_São_Francisco_de_Paula/Cambará_do_Sul_(865_m) -999.9 -999.9 -999.9 -999.9 -999.9 14.0 10.7 547.0 Rio_Grande_do_Sul DCRS -999.9 0.0 37.4 861.5 861.52 860.77 1 0.01 861.52 861.52 861.52 861.52
-29.264900 -50.314899 DCRS-00084 2026-07-29_18:29 13.6 -999.9 -999.9 89.9 -999.9 -999.9 12.0 -999.9 -999.9 -999.9 -999.9 -999.9 2.5 -999.9 7.1 0.0 0.0 37.4 97.6 120.8 123.4 124.8 18.7 11.1 97.8 66.9 55.4 DCRS_-_São_Francisco_de_Paula/Cambará_do_Sul_(865_m) -999.9 -999.9 -999.9 -999.9 -999.9 14.0 10.7 547.0 Rio_Grande_do_Sul DCRS -999.9 0.0 37.4 861.51 861.52 860.77 1 0.02 861.52 861.52 861.52 861.52
-29.264900 -50.314899 DCRS-00084 2026-07-29_18:30 13.6 -999.9 -999.9 90.0 -999.9 -999.9 12.0 -999.9 -999.9 -999.9 -999.9 -999.9 7.3 -999.9 10.7 0.0 0.0 37.4 97.6 120.8 123.4 124.8 18.7 11.1 97.8 66.9 55.4 DCRS_-_São_Francisco_de_Paula/Cambará_do_Sul_(865_m) -999.9 -999.9 -999.9 -999.9 -999.9 14.0 10.7 547.0 Rio_Grande_do_Sul DCRS -999.9 0.0 37.4 861.51 861.52 860.77 1 0.01 861.52 861.52 861.52 861.52
-29.264900 -50.314899 DCRS-00084 2026-07-29_18:31 13.6 -999.9 -999.9 89.9 -999.9 -999.9 12.0 -999.9 -999.9 -999.9 -999.9 -999.9 6.0 -999.9 10.7 0.0 0.0 37.4 97.6 120.8 123.4 124.8 18.7 11.1 97.8 66.9 55.4 DCRS_-_São_Francisco_de_Paula/Cambará_do_Sul_(865_m) -999.9 -999.9 -999.9 -999.9 -999.9 14.0 10.7 547.0 Rio_Grande_do_Sul DCRS -999.9 0.0 37.4 861.52 861.52 860.77 1 0.02 861.52 861.52 861.52 861.52
-29.264900 -50.314899 DCRS-00084 2026-07-29_18:32 13.6 -999.9 -999.9 89.9 -999.9 -999.9 12.0 -999.9 -999.9 -999.9 -999.9 -999.9 2.3 -999.9 10.7 0.0 0.0 37.4 97.6 120.8 123.4 124.8 18.7 11.1 97.8 66.9 55.4 DCRS_-_São_Francisco_de_Paula/Cambará_do_Sul_(865_m) -999.9 -999.9 -999.9 -999.9 -999.9 14.0 10.7 547.0 Rio_Grande_do_Sul DCRS -999.9 0.0 37.4 861.51 861.52 860.77 1 0.01 861.52 861.52 861.52 861.52
-29.264900 -50.314899 DCRS-00084 2026-07-29_18:33 13.6 -999.9 -999.9 90.0 -999.9 -999.9 12.0 -999.9 -999.9 -999.9 -999.9 -999.9 6.3 -999.9 10.7 0.0 0.0 37.4 97.6 120.8 123.4 124.8 18.7 11.1 97.8 66.9 55.4 DCRS_-_São_Francisco_de_Paula/Cambará_do_Sul_(865_m) -999.9 -999.9 -999.9 -999.9 -999.9 14.0 10.7 547.0 Rio_Grande_do_Sul DCRS -999.9 0.0 37.4 861.52 861.52 860.77 1 0.03 861.52 861.52 861.52 861.52
-29.264900 -50.314899 DCRS-00084 2026-07-29_18:34 13.6 -999.9 -999.9 90.0 -999.9 -999.9 12.0 -999.9 -999.9 -999.9 -999.9 -999.9 -999.9 -999.9 10.7 0.0 0.0 37.4 97.6 120.8 123.4 124.8 18.7 11.1 97.8 66.9 55.4 DCRS_-_São_Francisco_de_Paula/Cambará_do_Sul_(865_m) -999.9 -999.9 -999.9 -999.9 -999.9 14.0 10.7 547.0 Rio_Grande_do_Sul DCRS -999.9 0.0 37.4 861.51 861.52 860.77 1 0.01 861.52 861.52 861.52 861.52
-29.264900 -50.314899 DCRS-00084 2026-07-29_18:35 13.6 -999.9 -999.9 89.8 -999.9 -999.9 11.9 -999.9 -999.9 -999.9 -999.9 -999.9 5.2 -999.9 14.6 0.0 0.0 37.4 97.6 120.8 123.4 124.8 18.7 11.1 97.8 66.9 55.4 DCRS_-_São_Francisco_de_Paula/Cambará_do_Sul_(865_m) -999.9 -999.9 -999.9 -999.9 -999.9 14.0 10.7 547.0 Rio_Grande_do_Sul DCRS -999.9 0.0 37.4 861.52 861.52 860.77 1 0.02 861.52 861.52 861.52 861.52
-29.264900 -50.314899 DCRS-00084 2026-07-29_18:36 13.6 -999.9 -999.9 89.8 -999.9 -999.9 11.9 -999.9 -999.9 -999.9 -999.9 -999.9 2.2 -999.9 14.6 0.0 0.0 37.4 97.6 120.8 123.4 124.8 18.7 11.1 97.8 66.9 55.4 DCRS_-_São_Francisco_de_Paula/Cambará_do_Sul_(865_m) -999.9 -999.9 -999.9 -999.9 -999.9 14.0 10.7 547.0 Rio_Grande_do_Sul DCRS -999.9 0.0 37.4 861.52 861.52 860.77 1 0.02 861.52 861.52 861.52 861.52
-29.264900 -50.314899 DCRS-00084 2026-07-29_18:37 13.5 -999.9 -999.9 89.8 -999.9 -999.9 11.8 -999.9 -999.9 -999.9 -999.9 -999.9 2.5 -999.9 14.6 0.0 0.0 37.4 97.6 120.8 123.4 124.8 18.7 11.1 97.8 66.9 55.4 DCRS_-_São_Francisco_de_Paula/Cambará_do_Sul_(865_m) -999.9 -999.9 -999.9 -999.9 -999.9 14.0 10.7 547.0 Rio_Grande_do_Sul DCRS -999.9 0.0 37.4 861.51 861.52 860.77 1 0.01 861.52 861.52 861.52 861.52
-29.264900 -50.314899 DCRS-00084 2026-07-29_18:38 13.5 -999.9 -999.9 89.9 -999.9 -999.9 11.9 -999.9 -999.9 -999.9 -999.9 -999.9 3.6 -999.9 14.6 0.0 0.0 37.4 97.6 120.8 123.4 124.8 18.7 11.1 97.8 66.9 55.4 DCRS_-_São_Francisco_de_Paula/Cambará_do_Sul_(865_m) -999.9 -999.9 -999.9 -999.9 -999.9 14.0 10.7 547.0 Rio_Grande_do_Sul DCRS -999.9 0.0 37.4 861.51 861.52 860.77 1 0.02 861.52 861.52 861.52 861.52
-29.264900 -50.314899 DCRS-00084 2026-07-29_18:39 13.5 -999.9 -999.9 89.9 -999.9 -999.9 11.9 -999.9 -999.9 -999.9 -999.9 -999.9 6.5 -999.9 14.6 0.0 0.0 37.4 97.6 120.8 123.4 124.8 18.7 11.1 97.8 66.9 55.4 DCRS_-_São_Francisco_de_Paula/Cambará_do_Sul_(865_m) -999.9 -999.9 -999.9 -999.9 -999.9 14.0 10.7 547.0 Rio_Grande_do_Sul DCRS -999.9 0.0 37.4 861.5 861.52 860.77 1 0.01 861.52 861.52 861.52 861.52
-29.264900 -50.314899 DCRS-00084 2026-07-29_18:40 13.5 -999.9 -999.9 90.0 -999.9 -999.9 11.9 -999.9 -999.9 -999.9 -999.9 -999.9 9.4 -999.9 14.4 0.0 0.0 37.4 97.6 120.8 123.4 124.8 18.7 11.1 97.8 66.9 55.4 DCRS_-_São_Francisco_de_Paula/Cambará_do_Sul_(865_m) -999.9 -999.9 -999.9 -999.9 -999.9 14.0 10.7 547.0 Rio_Grande_do_Sul DCRS -999.9 0.0 37.4 861.51 861.52 860.77 1 0.0 861.52 861.52 861.52 861.52
-29.264900 -50.314899 DCRS-00084 2026-07-29_18:41 13.5 -999.9 -999.9 89.9 -999.9 -999.9 11.9 -999.9 -999.9 -999.9 -999.9 -999.9 8.5 -999.9 14.4 0.0 0.0 37.4 97.6 120.8 123.4 124.8 18.7 11.1 97.8 66.9 55.4 DCRS_-_São_Francisco_de_Paula/Cambará_do_Sul_(865_m) -999.9 -999.9 -999.9 -999.9 -999.9 14.0 10.7 547.0 Rio_Grande_do_Sul DCRS -999.9 0.0 37.4 861.52 861.52 860.77 1 0.02 861.52 861.52 861.52 861.52
-29.264900 -50.314899 DCRS-00084 2026-07-29_18:42 13.5 -999.9 -999.9 89.9 -999.9 -999.9 11.9 -999.9 -999.9 -999.9 -999.9 -999.9 3.9 -999.9 14.4 0.0 0.0 37.4 97.6 120.8 123.4 124.8 18.7 11.1 97.8 66.9 55.4 DCRS_-_São_Francisco_de_Paula/Cambará_do_Sul_(865_m) -999.9 -999.9 -999.9 -999.9 -999.9 14.0 10.7 547.0 Rio_Grande_do_Sul DCRS -999.9 0.0 37.4 861.51 861.52 860.77 1 0.01 861.52 861.52 861.52 861.52
-29.264900 -50.314899 DCRS-00084 2026-07-29_18:43 13.5 -999.9 -999.9 89.8 -999.9 -999.9 11.8 -999.9 -999.9 -999.9 -999.9 -999.9 5.1 -999.9 14.4 0.0 0.0 37.4 97.6 120.8 123.4 124.8 18.7 11.1 97.8 66.9 55.4 DCRS_-_São_Francisco_de_Paula/Cambará_do_Sul_(865_m) -999.9 -999.9 -999.9 -999.9 -999.9 14.0 10.7 547.0 Rio_Grande_do_Sul DCRS -999.9 0.0 37.4 861.52 861.52 860.77 1 0.02 861.52 861.52 861.52 861.52
-29.264900 -50.314899 DCRS-00084 2026-07-29_18:44 13.5 -999.9 -999.9 90.0 -999.9 -999.9 11.9 -999.9 -999.9 -999.9 -999.9 -999.9 1.8 -999.9 14.4 0.0 0.0 37.4 97.6 120.8 123.4 124.8 18.7 11.1 97.8 66.9 55.4 DCRS_-_São_Francisco_de_Paula/Cambará_do_Sul_(865_m) -999.9 -999.9 -999.9 -999.9 -999.9 14.0 10.7 547.0 Rio_Grande_do_Sul DCRS -999.9 0.0 37.4 861.52 861.52 860.77 1 0.01 861.52 861.52 861.52 861.52
-29.264900 -50.314899 DCRS-00084 2026-07-29_18:45 13.5 -999.9 -999.9 90.0 -999.9 -999.9 11.9 -999.9 -999.9 -999.9 -999.9 -999.9 2.4 -999.9 13.1 0.0 0.0 37.4 97.6 120.8 123.4 124.8 18.7 11.1 97.8 66.9 55.4 DCRS_-_São_Francisco_de_Paula/Cambará_do_Sul_(865_m) -999.9 -999.9 -999.9 -999.9 -999.9 14.0 10.7 547.0 Rio_Grande_do_Sul DCRS -999.9 0.0 37.4 861.51 861.52 860.77 1 0.01 861.52 861.52 861.52 861.52
-29.264900 -50.314899 DCRS-00084 2026-07-29_18:46 13.4 -999.9 -999.9 90.0 -999.9 -999.9 11.8 -999.9 -999.9 -999.9 -999.9 -999.9 3.0 -999.9 13.1 0.0 0.0 37.4 97.6 120.8 123.4 124.8 18.7 11.1 97.8 66.9 55.4 DCRS_-_São_Francisco_de_Paula/Cambará_do_Sul_(865_m) -999.9 -999.9 -999.9 -999.9 -999.9 14.0 10.7 547.0 Rio_Grande_do_Sul DCRS -999.9 0.0 37.4 861.52 861.52 860.77 1 0.02 861.52 861.52 861.52 861.52
-29.264900 -50.314899 DCRS-00084 2026-07-29_18:47 13.5 -999.9 -999.9 90.1 -999.9 -999.9 11.9 -999.9 -999.9 -999.9 -999.9 -999.9 0.0 -999.9 13.1 0.0 0.0 37.4 97.6 120.8 123.4 124.8 18.7 11.1 97.8 66.9 55.4 DCRS_-_São_Francisco_de_Paula/Cambará_do_Sul_(865_m) -999.9 -999.9 -999.9 -999.9 -999.9 14.0 10.7 547.0 Rio_Grande_do_Sul DCRS -999.9 0.0 37.4 861.51 861.52 860.77 1 0.01 861.52 861.52 861.52 861.52
-29.264900 -50.314899 DCRS-00084 2026-07-29_18:48 13.4 -999.9 -999.9 90.1 -999.9 -999.9 11.8 -999.9 -999.9 -999.9 -999.9 -999.9 6.3 -999.9 13.1 0.0 0.0 37.4 97.6 120.8 123.4 124.8 18.7 11.1 97.8 66.9 55.4 DCRS_-_São_Francisco_de_Paula/Cambará_do_Sul_(865_m) -999.9 -999.9 -999.9 -999.9 -999.9 14.0 10.7 547.0 Rio_Grande_do_Sul DCRS -999.9 0.0 37.4 861.52 861.52 860.77 1 0.02 861.52 861.52 861.52 861.52
-29.264900 -50.314899 DCRS-00084 2026-07-29_18:49 13.4 -999.9 -999.9 90.1 -999.9 -999.9 11.8 -999.9 -999.9 -999.9 -999.9 -999.9 5.6 -999.9 13.1 0.0 0.0 37.4 97.6 120.8 123.4 124.8 18.7 11.1 97.8 66.9 55.4 DCRS_-_São_Francisco_de_Paula/Cambará_do_Sul_(865_m) -999.9 -999.9 -999.9 -999.9 -999.9 14.0 10.7 547.0 Rio_Grande_do_Sul DCRS -999.9 0.0 37.4 861.52 861.52 860.77 1 0.02 861.52 861.52 861.52 861.52
-29.264900 -50.314899 DCRS-00084 2026-07-29_18:50 13.5 -999.9 -999.9 90.2 -999.9 -999.9 11.9 -999.9 -999.9 -999.9 -999.9 -999.9 2.6 -999.9 8.7 0.0 0.0 37.4 97.6 120.8 123.4 124.8 18.7 11.1 97.8 66.9 55.4 DCRS_-_São_Francisco_de_Paula/Cambará_do_Sul_(865_m) -999.9 -999.9 -999.9 -999.9 -999.9 14.0 10.7 547.0 Rio_Grande_do_Sul DCRS -999.9 0.0 37.4 861.52 861.52 860.77 1 0.02 861.52 861.52 861.52 861.52
-29.264900 -50.314899 DCRS-00084 2026-07-29_18:51 13.4 -999.9 -999.9 90.3 -999.9 -999.9 11.8 -999.9 -999.9 -999.9 -999.9 -999.9 2.8 -999.9 8.7 0.0 0.0 37.4 97.6 120.8 123.4 124.8 18.7 11.1 97.8 66.9 55.4 DCRS_-_São_Francisco_de_Paula/Cambará_do_Sul_(865_m) -999.9 -999.9 -999.9 -999.9 -999.9 14.0 10.7 547.0 Rio_Grande_do_Sul DCRS -999.9 0.0 37.4 861.51 861.52 860.77 1 0.01 861.52 861.52 861.52 861.52
-29.264900 -50.314899 DCRS-00084 2026-07-29_18:52 13.4 -999.9 -999.9 90.4 -999.9 -999.9 11.8 -999.9 -999.9 -999.9 -999.9 -999.9 3.6 -999.9 8.7 0.0 0.0 37.4 97.6 120.8 123.4 124.8 18.7 11.1 97.8 66.9 55.4 DCRS_-_São_Francisco_de_Paula/Cambará_do_Sul_(865_m) -999.9 -999.9 -999.9 -999.9 -999.9 14.0 10.7 547.0 Rio_Grande_do_Sul DCRS -999.9 0.0 37.4 861.51 861.52 860.77 1 0.01 861.52 861.52 861.52 861.52
-29.264900 -50.314899 DCRS-00084 2026-07-29_18:53 13.4 -999.9 -999.9 90.5 -999.9 -999.9 11.9 -999.9 -999.9 -999.9 -999.9 -999.9 0.0 -999.9 8.7 0.0 0.0 37.4 97.6 120.8 123.4 124.8 18.7 11.1 97.8 66.9 55.4 DCRS_-_São_Francisco_de_Paula/Cambará_do_Sul_(865_m) -999.9 -999.9 -999.9 -999.9 -999.9 14.0 10.7 547.0 Rio_Grande_do_Sul DCRS -999.9 0.0 37.4 861.52 861.52 860.77 1 0.02 861.52 861.52 861.52 861.52
-29.264900 -50.314899 DCRS-00084 2026-07-29_18:54 13.4 -999.9 -999.9 90.7 -999.9 -999.9 11.9 -999.9 -999.9 -999.9 -999.9 -999.9 2.2 -999.9 8.7 0.0 0.0 37.4 97.6 120.8 123.4 124.8 18.7 11.1 97.8 66.9 55.4 DCRS_-_São_Francisco_de_Paula/Cambará_do_Sul_(865_m) -999.9 -999.9 -999.9 -999.9 -999.9 14.0 10.7 547.0 Rio_Grande_do_Sul DCRS -999.9 0.0 37.4 861.52 861.52 860.77 1 0.02 861.52 861.52 861.52 861.52
-29.264900 -50.314899 DCRS-00084 2026-07-29_18:55 13.4 -999.9 -999.9 90.6 -999.9 -999.9 11.9 -999.9 -999.9 -999.9 -999.9 -999.9 2.2 -999.9 6.3 0.0 0.0 37.4 97.6 120.8 123.4 124.8 18.7 11.1 97.8 66.9 55.4 DCRS_-_São_Francisco_de_Paula/Cambará_do_Sul_(865_m) -999.9 -999.9 -999.9 -999.9 -999.9 14.0 10.7 547.0 Rio_Grande_do_Sul DCRS -999.9 0.0 37.4 861.52 861.52 860.77 1 0.02 861.52 861.52 861.52 861.52
-29.264900 -50.314899 DCRS-00084 2026-07-29_18:56 13.4 -999.9 -999.9 90.5 -999.9 -999.9 11.9 -999.9 -999.9 -999.9 -999.9 -999.9 0.0 -999.9 6.3 0.0 0.0 37.4 97.6 120.8 123.4 124.8 18.7 11.1 97.8 66.9 55.4 DCRS_-_São_Francisco_de_Paula/Cambará_do_Sul_(865_m) -999.9 -999.9 -999.9 -999.9 -999.9 14.0 10.7 547.0 Rio_Grande_do_Sul DCRS -999.9 0.0 37.4 861.52 861.52 860.77 1 0.01 861.52 861.52 861.52 861.52
-29.264900 -50.314899 DCRS-00084 2026-07-29_18:57 13.4 -999.9 -999.9 90.5 -999.9 -999.9 11.9 -999.9 -999.9 -999.9 -999.9 -999.9 3.1 -999.9 6.3 0.0 0.0 37.4 97.6 120.8 123.4 124.8 18.7 11.1 97.8 66.9 55.4 DCRS_-_São_Francisco_de_Paula/Cambará_do_Sul_(865_m) -999.9 -999.9 -999.9 -999.9 -999.9 14.0 10.7 547.0 Rio_Grande_do_Sul DCRS -999.9 0.0 37.4 861.51 861.52 860.77 1 0.0 861.52 861.52 861.52 861.52
-29.264900 -50.314899 DCRS-00084 2026-07-29_18:58 13.4 -999.9 -999.9 90.6 -999.9 -999.9 11.9 -999.9 -999.9 -999.9 -999.9 -999.9 2.8 -999.9 6.3 0.0 0.0 37.4 97.6 120.8 123.4 124.8 18.7 11.1 97.8 66.9 55.4 DCRS_-_São_Francisco_de_Paula/Cambará_do_Sul_(865_m) -999.9 -999.9 -999.9 -999.9 -999.9 14.0 10.7 547.0 Rio_Grande_do_Sul DCRS -999.9 0.0 37.4 861.52 861.52 860.77 1 0.01 861.52 861.52 861.52 861.52
-29.264900 -50.314899 DCRS-00084 2026-07-29_18:59 13.3 -999.9 -999.9 90.5 -999.9 -999.9 11.8 -999.9 -999.9 -999.9 -999.9 -999.9 3.4 -999.9 6.3 0.0 0.0 37.4 97.6 120.8 123.4 124.8 18.7 11.1 97.8 66.9 55.4 DCRS_-_São_Francisco_de_Paula/Cambará_do_Sul_(865_m) -999.9 -999.9 -999.9 -999.9 -999.9 14.0 10.7 547.0 Rio_Grande_do_Sul DCRS -999.9 0.0 37.4 861.51 861.52 860.77 1 0.02 861.52 861.52 861.52 861.52
-29.264900 -50.314899 DCRS-00084 2026-07-29_19:00 13.4 -999.9 -999.9 90.5 -999.9 -999.9 11.9 -999.9 -999.9 -999.9 -999.9 -999.9 2.3 -999.9 7.3 0.0 0.0 37.4 97.6 120.8 123.4 124.8 18.7 11.1 97.8 66.9 55.4 DCRS_-_São_Francisco_de_Paula/Cambará_do_Sul_(865_m) -999.9 -999.9 -999.9 -999.9 -999.9 14.0 10.7 547.0 Rio_Grande_do_Sul DCRS -999.9 0.0 37.4 861.52 861.52 860.77 1 0.01 861.52 861.52 861.52 861.52
-29.264900 -50.314899 DCRS-00084 2026-07-29_19:01 13.3 -999.9 -999.9 90.6 -999.9 -999.9 11.8 -999.9 -999.9 -999.9 -999.9 -999.9 0.0 -999.9 7.3 0.0 0.0 37.4 97.6 120.8 123.4 124.8 18.7 11.1 97.8 66.9 55.4 DCRS_-_São_Francisco_de_Paula/Cambará_do_Sul_(865_m) -999.9 -999.9 -999.9 -999.9 -999.9 14.0 10.7 547.0 Rio_Grande_do_Sul DCRS -999.9 0.0 37.4 861.52 861.52 860.77 1 0.01 861.52 861.52 861.52 861.52
-29.264900 -50.314899 DCRS-00084 2026-07-29_19:02 13.3 -999.9 -999.9 90.5 -999.9 -999.9 11.8 -999.9 -999.9 -999.9 -999.9 -999.9 0.0 -999.9 7.3 0.0 0.0 37.4 97.6 120.8 123.4 124.8 18.7 11.1 97.8 66.9 55.4 DCRS_-_São_Francisco_de_Paula/Cambará_do_Sul_(865_m) -999.9 -999.9 -999.9 -999.9 -999.9 14.0 10.7 547.0 Rio_Grande_do_Sul DCRS -999.9 0.0 37.4 861.52 861.52 860.77 1 0.02 861.52 861.52 861.52 861.52
-29.264900 -50.314899 DCRS-00084 2026-07-29_19:03 13.3 -999.9 -999.9 90.4 -999.9 -999.9 11.7 -999.9 -999.9 -999.9 -999.9 -999.9 0.0 -999.9 7.3 0.0 0.0 37.4 97.6 120.8 123.4 124.8 18.7 11.1 97.8 66.9 55.4 DCRS_-_São_Francisco_de_Paula/Cambará_do_Sul_(865_m) -999.9 -999.9 -999.9 -999.9 -999.9 14.0 10.7 547.0 Rio_Grande_do_Sul DCRS -999.9 0.0 37.4 861.5 861.52 860.77 1 -0.01 861.52 861.52 861.52 861.52
-29.264900 -50.314899 DCRS-00084 2026-07-29_19:04 13.3 -999.9 -999.9 90.5 -999.9 -999.9 11.8 -999.9 -999.9 -999.9 -999.9 -999.9 0.0 -999.9 7.3 0.0 0.0 37.4 97.6 120.8 123.4 124.8 18.7 11.1 97.8 66.9 55.4 DCRS_-_São_Francisco_de_Paula/Cambará_do_Sul_(865_m) -999.9 -999.9 -999.9 -999.9 -999.9 14.0 10.7 547.0 Rio_Grande_do_Sul DCRS -999.9 0.0 37.4 861.52 861.52 860.77 1 0.02 861.52 861.52 861.52 861.52
-29.264900 -50.314899 DCRS-00084 2026-07-29_19:05 13.3 -999.9 -999.9 90.6 -999.9 -999.9 11.8 -999.9 -999.9 -999.9 -999.9 -999.9 0.0 -999.9 3.5 0.0 0.0 37.4 97.6 120.8 123.4 124.8 18.7 11.1 97.8 66.9 55.4 DCRS_-_São_Francisco_de_Paula/Cambará_do_Sul_(865_m) -999.9 -999.9 -999.9 -999.9 -999.9 14.0 10.7 547.0 Rio_Grande_do_Sul DCRS -999.9 0.0 37.4 861.52 861.52 860.77 1 0.02 861.52 861.52 861.52 861.52
-29.264900 -50.314899 DCRS-00084 2026-07-29_19:06 13.3 -999.9 -999.9 90.8 -999.9 -999.9 11.8 -999.9 -999.9 -999.9 -999.9 -999.9 0.0 -999.9 3.5 0.0 0.0 37.4 97.6 120.8 123.4 124.8 18.7 11.1 97.8 66.9 55.4 DCRS_-_São_Francisco_de_Paula/Cambará_do_Sul_(865_m) -999.9 -999.9 -999.9 -999.9 -999.9 14.0 10.7 547.0 Rio_Grande_do_Sul DCRS -999.9 0.0 37.4 861.51 861.52 860.77 1 0.0 861.52 861.52 861.52 861.52
-29.264900 -50.314899 DCRS-00084 2026-07-29_19:07 13.3 -999.9 -999.9 90.8 -999.9 -999.9 11.8 -999.9 -999.9 -999.9 -999.9 -999.9 0.0 -999.9 3.5 0.0 0.0 37.4 97.6 120.8 123.4 124.8 18.7 11.1 97.8 66.9 55.4 DCRS_-_São_Francisco_de_Paula/Cambará_do_Sul_(865_m) -999.9 -999.9 -999.9 -999.9 -999.9 14.0 10.7 547.0 Rio_Grande_do_Sul DCRS -999.9 0.0 37.4 861.53 861.53 860.77 1 0.02 861.53 861.53 861.53 861.53
-29.264900 -50.314899 DCRS-00084 2026-07-29_19:08 13.3 -999.9 -999.9 90.8 -999.9 -999.9 11.8 -999.9 -999.9 -999.9 -999.9 -999.9 0.0 -999.9 3.5 0.0 0.0 37.4 97.6 120.8 123.4 124.8 18.7 11.1 97.8 66.9 55.4 DCRS_-_São_Francisco_de_Paula/Cambará_do_Sul_(865_m) -999.9 -999.9 -999.9 -999.9 -999.9 14.0 10.7 547.0 Rio_Grande_do_Sul DCRS -999.9 0.0 37.4 861.53 861.53 860.77 1 0.04 861.53 861.53 861.53 861.53
-29.264900 -50.314899 DCRS-00084 2026-07-29_19:09 13.3 -999.9 -999.9 90.8 -999.9 -999.9 11.8 -999.9 -999.9 -999.9 -999.9 -999.9 0.0 -999.9 3.5 0.0 0.0 37.4 97.6 120.8 123.4 124.8 18.7 11.1 97.8 66.9 55.4 DCRS_-_São_Francisco_de_Paula/Cambará_do_Sul_(865_m) -999.9 -999.9 -999.9 -999.9 -999.9 14.0 10.7 547.0 Rio_Grande_do_Sul DCRS -999.9 0.0 37.4 861.52 861.53 860.77 1 0.02 861.53 861.53 861.53 861.53
-29.264900 -50.314899 DCRS-00084 2026-07-29_19:10 13.4 -999.9 -999.9 90.9 -999.9 -999.9 11.9 -999.9 -999.9 -999.9 -999.9 -999.9 -999.9 -999.9 2.6 0.0 0.0 37.4 97.6 120.8 123.4 124.8 18.7 11.1 97.8 66.9 55.4 DCRS_-_São_Francisco_de_Paula/Cambará_do_Sul_(865_m) -999.9 -999.9 -999.9 -999.9 -999.9 14.0 10.7 547.0 Rio_Grande_do_Sul DCRS -999.9 0.0 37.4 861.52 861.53 860.77 1 0.02 861.53 861.53 861.53 861.53
-29.264900 -50.314899 DCRS-00084 2026-07-29_19:11 13.3 -999.9 -999.9 90.8 -999.9 -999.9 11.8 -999.9 -999.9 -999.9 -999.9 -999.9 0.0 -999.9 2.6 0.0 0.0 37.4 97.6 120.8 123.4 124.8 18.7 11.1 97.8 66.9 55.4 DCRS_-_São_Francisco_de_Paula/Cambará_do_Sul_(865_m) -999.9 -999.9 -999.9 -999.9 -999.9 14.0 10.7 547.0 Rio_Grande_do_Sul DCRS -999.9 0.0 37.4 861.53 861.53 860.77 1 0.02 861.53 861.53 861.53 861.53
-29.264900 -50.314899 DCRS-00084 2026-07-29_19:12 13.3 -999.9 -999.9 90.7 -999.9 -999.9 11.8 -999.9 -999.9 -999.9 -999.9 -999.9 -999.9 -999.9 2.6 0.0 0.0 37.4 97.6 120.8 123.4 124.8 18.7 11.1 97.8 66.9 55.4 DCRS_-_São_Francisco_de_Paula/Cambará_do_Sul_(865_m) -999.9 -999.9 -999.9 -999.9 -999.9 14.0 10.7 547.0 Rio_Grande_do_Sul DCRS -999.9 0.0 37.4 861.51 861.53 860.77 1 0.0 861.53 861.53 861.53 861.53
-29.264900 -50.314899 DCRS-00084 2026-07-29_19:13 13.4 -999.9 -999.9 90.7 -999.9 -999.9 11.9 -999.9 -999.9 -999.9 -999.9 -999.9 -999.9 -999.9 2.6 0.0 0.0 37.4 97.6 120.8 123.4 124.8 18.7 11.1 97.8 66.9 55.4 DCRS_-_São_Francisco_de_Paula/Cambará_do_Sul_(865_m) -999.9 -999.9 -999.9 -999.9 -999.9 14.0 10.7 547.0 Rio_Grande_do_Sul DCRS -999.9 0.0 37.4 861.52 861.53 860.77 1 0.02 861.53 861.53 861.53 861.53
-29.264900 -50.314899 DCRS-00084 2026-07-29_19:14 13.4 -999.9 -999.9 90.7 -999.9 -999.9 11.9 -999.9 -999.9 -999.9 -999.9 -999.9 2.5 -999.9 2.6 0.0 0.0 37.4 97.6 120.8 123.4 124.8 18.7 11.1 97.8 66.9 55.4 DCRS_-_São_Francisco_de_Paula/Cambará_do_Sul_(865_m) -999.9 -999.9 -999.9 -999.9 -999.9 14.0 10.7 547.0 Rio_Grande_do_Sul DCRS -999.9 0.0 37.4 861.53 861.53 860.77 1 0.02 861.53 861.53 861.53 861.53
-29.264900 -50.314899 DCRS-00084 2026-07-29_19:15 13.3 -999.9 -999.9 90.8 -999.9 -999.9 11.8 -999.9 -999.9 -999.9 -999.9 -999.9 0.0 -999.9 5.6 0.0 0.0 37.4 97.6 120.8 123.4 124.8 18.7 11.1 97.8 66.9 55.4 DCRS_-_São_Francisco_de_Paula/Cambará_do_Sul_(865_m) -999.9 -999.9 -999.9 -999.9 -999.9 14.0 10.7 547.0 Rio_Grande_do_Sul DCRS -999.9 0.0 37.4 861.52 861.53 860.77 1 0.01 861.53 861.53 861.53 861.53
-29.264900 -50.314899 DCRS-00084 2026-07-29_19:16 13.3 -999.9 -999.9 90.7 -999.9 -999.9 11.8 -999.9 -999.9 -999.9 -999.9 -999.9 0.0 -999.9 5.6 0.0 0.0 37.4 97.6 120.8 123.4 124.8 18.7 11.1 97.8 66.9 55.4 DCRS_-_São_Francisco_de_Paula/Cambará_do_Sul_(865_m) -999.9 -999.9 -999.9 -999.9 -999.9 14.0 10.7 547.0 Rio_Grande_do_Sul DCRS -999.9 0.0 37.4 861.52 861.53 860.77 1 0.01 861.53 861.53 861.53 861.53
-29.264900 -50.314899 DCRS-00084 2026-07-29_19:17 13.3 -999.9 -999.9 90.7 -999.9 -999.9 11.8 -999.9 -999.9 -999.9 -999.9 -999.9 0.0 -999.9 5.6 0.0 0.0 37.4 97.6 120.8 123.4 124.8 18.7 11.1 97.8 66.9 55.4 DCRS_-_São_Francisco_de_Paula/Cambará_do_Sul_(865_m) -999.9 -999.9 -999.9 -999.9 -999.9 14.0 10.7 547.0 Rio_Grande_do_Sul DCRS -999.9 0.0 37.4 861.52 861.53 860.77 1 0.01 861.53 861.53 861.53 861.53
-29.264900 -50.314899 DCRS-00084 2026-07-29_19:18 13.4 -999.9 -999.9 90.8 -999.9 -999.9 11.9 -999.9 -999.9 -999.9 -999.9 -999.9 0.0 -999.9 5.6 0.0 0.0 37.4 97.6 120.8 123.4 124.8 18.7 11.1 97.8 66.9 55.4 DCRS_-_São_Francisco_de_Paula/Cambará_do_Sul_(865_m) -999.9 -999.9 -999.9 -999.9 -999.9 14.0 10.7 547.0 Rio_Grande_do_Sul DCRS -999.9 0.0 37.4 861.52 861.53 860.77 1 0.01 861.53 861.53 861.53 861.53
-29.264900 -50.314899 DCRS-00084 2026-07-29_19:19 13.3 -999.9 -999.9 90.9 -999.9 -999.9 11.8 -999.9 -999.9 -999.9 -999.9 -999.9 0.0 -999.9 5.6 0.0 0.0 37.4 97.6 120.8 123.4 124.8 18.7 11.1 97.8 66.9 55.4 DCRS_-_São_Francisco_de_Paula/Cambará_do_Sul_(865_m) -999.9 -999.9 -999.9 -999.9 -999.9 14.0 10.7 547.0 Rio_Grande_do_Sul DCRS -999.9 0.0 37.4 861.52 861.53 860.77 1 0.01 861.53 861.53 861.53 861.53
-29.264900 -50.314899 DCRS-00084 2026-07-29_19:20 13.4 -999.9 -999.9 90.8 -999.9 -999.9 11.9 -999.9 -999.9 -999.9 -999.9 -999.9 0.0 -999.9 2.2 0.0 0.0 37.4 97.6 120.8 123.4 124.8 18.7 11.1 97.8 66.9 55.4 DCRS_-_São_Francisco_de_Paula/Cambará_do_Sul_(865_m) -999.9 -999.9 -999.9 -999.9 -999.9 14.0 10.7 547.0 Rio_Grande_do_Sul DCRS -999.9 0.0 37.4 861.52 861.53 860.77 1 0.01 861.53 861.53 861.53 861.53
-29.264900 -50.314899 DCRS-00084 2026-07-29_19:21 13.4 -999.9 -999.9 90.8 -999.9 -999.9 11.9 -999.9 -999.9 -999.9 -999.9 -999.9 0.0 -999.9 2.2 0.0 0.0 37.4 97.6 120.8 123.4 124.8 18.7 11.1 97.8 66.9 55.4 DCRS_-_São_Francisco_de_Paula/Cambará_do_Sul_(865_m) -999.9 -999.9 -999.9 -999.9 -999.9 14.0 10.7 547.0 Rio_Grande_do_Sul DCRS -999.9 0.0 37.4 861.51 861.53 860.77 1 0.0 861.53 861.53 861.53 861.53
-29.264900 -50.314899 DCRS-00084 2026-07-29_19:22 13.4 -999.9 -999.9 90.6 -999.9 -999.9 11.9 -999.9 -999.9 -999.9 -999.9 -999.9 0.0 -999.9 2.2 0.0 0.0 37.4 97.6 120.8 123.4 124.8 18.7 11.1 97.8 66.9 55.4 DCRS_-_São_Francisco_de_Paula/Cambará_do_Sul_(865_m) -999.9 -999.9 -999.9 -999.9 -999.9 14.0 10.7 547.0 Rio_Grande_do_Sul DCRS -999.9 0.0 37.4 861.52 861.53 860.77 1 0.01 861.53 861.53 861.53 861.53
-29.264900 -50.314899 DCRS-00084 2026-07-29_19:23 13.3 -999.9 -999.9 90.6 -999.9 -999.9 11.8 -999.9 -999.9 -999.9 -999.9 -999.9 0.0 -999.9 2.2 0.0 0.0 37.4 97.6 120.8 123.4 124.8 18.7 11.1 97.8 66.9 55.4 DCRS_-_São_Francisco_de_Paula/Cambará_do_Sul_(865_m) -999.9 -999.9 -999.9 -999.9 -999.9 14.0 10.7 547.0 Rio_Grande_do_Sul DCRS -999.9 0.0 37.4 861.52 861.53 860.77 1 0.01 861.53 861.53 861.53 861.53
-29.264900 -50.314899 DCRS-00084 2026-07-29_19:24 13.3 -999.9 -999.9 90.6 -999.9 -999.9 11.8 -999.9 -999.9 -999.9 -999.9 -999.9 0.0 -999.9 2.2 0.0 0.0 37.4 97.6 120.8 123.4 124.8 18.7 11.1 97.8 66.9 55.4 DCRS_-_São_Francisco_de_Paula/Cambará_do_Sul_(865_m) -999.9 -999.9 -999.9 -999.9 -999.9 14.0 10.7 547.0 Rio_Grande_do_Sul DCRS -999.9 0.0 37.4 861.52 861.53 860.77 1 0.02 861.53 861.53 861.53 861.53
-29.264900 -50.314899 DCRS-00084 2026-07-29_19:25 13.3 -999.9 -999.9 90.5 -999.9 -999.9 11.8 -999.9 -999.9 -999.9 -999.9 -999.9 0.0 -999.9 1.9 0.0 0.0 37.4 97.6 120.8 123.4 124.8 18.7 11.1 97.8 66.9 55.4 DCRS_-_São_Francisco_de_Paula/Cambará_do_Sul_(865_m) -999.9 -999.9 -999.9 -999.9 -999.9 14.0 10.7 547.0 Rio_Grande_do_Sul DCRS -999.9 0.0 37.4 861.52 861.53 860.77 0 0.01 861.53 861.53 861.53 861.53
-29.264900 -50.314899 DCRS-00084 2026-07-29_19:26 13.3 -999.9 -999.9 90.4 -999.9 -999.9 11.7 -999.9 -999.9 -999.9 -999.9 -999.9 0.0 -999.9 1.9 0.0 0.0 37.4 97.6 120.8 123.4 124.8 18.7 11.1 97.8 66.9 55.4 DCRS_-_São_Francisco_de_Paula/Cambará_do_Sul_(865_m) -999.9 -999.9 -999.9 -999.9 -999.9 14.0 10.7 547.0 Rio_Grande_do_Sul DCRS -999.9 0.0 37.4 861.52 861.53 860.77 0 0.0 861.53 861.53 861.53 861.53
-29.264900 -50.314899 DCRS-00084 2026-07-29_19:27 13.3 -999.9 -999.9 90.5 -999.9 -999.9 11.8 -999.9 -999.9 -999.9 -999.9 -999.9 0.0 -999.9 1.9 0.0 0.0 37.4 97.6 120.8 123.4 124.8 18.7 11.1 97.8 66.9 55.4 DCRS_-_São_Francisco_de_Paula/Cambará_do_Sul_(865_m) -999.9 -999.9 -999.9 -999.9 -999.9 14.0 10.7 547.0 Rio_Grande_do_Sul DCRS -999.9 0.0 37.4 861.53 861.53 860.77 1 0.02 861.53 861.53 861.53 861.53
-29.264900 -50.314899 DCRS-00084 2026-07-29_19:28 13.2 -999.9 -999.9 90.5 -999.9 -999.9 11.7 -999.9 -999.9 -999.9 -999.9 -999.9 -999.9 -999.9 1.9 0.0 0.0 37.4 97.6 120.8 123.4 124.8 18.7 11.1 97.8 66.9 55.4 DCRS_-_São_Francisco_de_Paula/Cambará_do_Sul_(865_m) -999.9 -999.9 -999.9 -999.9 -999.9 14.0 10.7 547.0 Rio_Grande_do_Sul DCRS -999.9 0.0 37.4 861.52 861.53 860.77 1 0.02 861.53 861.53 861.53 861.53
-29.264900 -50.314899 DCRS-00084 2026-07-29_19:29 13.2 -999.9 -999.9 90.6 -999.9 -999.9 11.7 -999.9 -999.9 -999.9 -999.9 -999.9 0.0 -999.9 1.9 0.0 0.0 37.4 97.6 120.8 123.4 124.8 18.7 11.1 97.8 66.9 55.4 DCRS_-_São_Francisco_de_Paula/Cambará_do_Sul_(865_m) -999.9 -999.9 -999.9 -999.9 -999.9 14.0 10.7 547.0 Rio_Grande_do_Sul DCRS -999.9 0.0 37.4 861.52 861.53 860.77 0 0.01 861.53 861.53 861.53 861.53
-29.264900 -50.314899 DCRS-00084 2026-07-29_19:30 13.2 -999.9 -999.9 90.9 -999.9 -999.9 11.7 -999.9 -999.9 -999.9 -999.9 -999.9 0.0 -999.9 5.3 0.0 0.0 37.4 97.6 120.8 123.4 124.8 18.7 11.1 97.8 66.9 55.4 DCRS_-_São_Francisco_de_Paula/Cambará_do_Sul_(865_m) -999.9 -999.9 -999.9 -999.9 -999.9 14.0 10.7 547.0 Rio_Grande_do_Sul DCRS -999.9 0.0 37.4 861.52 861.53 860.77 0 0.01 861.53 861.53 861.53 861.53
-29.264900 -50.314899 DCRS-00084 2026-07-29_19:31 13.2 -999.9 -999.9 91.1 -999.9 -999.9 11.8 -999.9 -999.9 -999.9 -999.9 -999.9 2.5 -999.9 5.3 0.0 0.0 37.4 97.6 120.8 123.4 124.8 18.7 11.1 97.8 66.9 55.4 DCRS_-_São_Francisco_de_Paula/Cambará_do_Sul_(865_m) -999.9 -999.9 -999.9 -999.9 -999.9 14.0 10.7 547.0 Rio_Grande_do_Sul DCRS -999.9 0.0 37.4 861.53 861.53 860.77 0 0.01 861.53 861.53 861.53 861.53
-29.264900 -50.314899 DCRS-00084 2026-07-29_19:32 13.2 -999.9 -999.9 91.0 -999.9 -999.9 11.7 -999.9 -999.9 -999.9 -999.9 -999.9 3.7 -999.9 5.3 0.0 0.0 37.4 97.6 120.8 123.4 124.8 18.7 11.1 97.8 66.9 55.4 DCRS_-_São_Francisco_de_Paula/Cambará_do_Sul_(865_m) -999.9 -999.9 -999.9 -999.9 -999.9 14.0 10.7 547.0 Rio_Grande_do_Sul DCRS -999.9 0.0 37.4 861.52 861.53 860.77 0 0.01 861.53 861.53 861.53 861.53
-29.264900 -50.314899 DCRS-00084 2026-07-29_19:33 13.1 -999.9 -999.9 91.0 -999.9 -999.9 11.6 -999.9 -999.9 -999.9 -999.9 -999.9 0.0 -999.9 5.3 0.0 0.0 37.4 97.6 120.8 123.4 124.8 18.7 11.1 97.8 66.9 55.4 DCRS_-_São_Francisco_de_Paula/Cambará_do_Sul_(865_m) -999.9 -999.9 -999.9 -999.9 -999.9 14.0 10.7 547.0 Rio_Grande_do_Sul DCRS -999.9 0.0 37.4 861.52 861.53 860.77 0 0.0 861.53 861.53 861.53 861.53
-29.264900 -50.314899 DCRS-00084 2026-07-29_19:34 13.1 -999.9 -999.9 91.0 -999.9 -999.9 11.6 -999.9 -999.9 -999.9 -999.9 -999.9 0.0 -999.9 5.3 0.0 0.0 37.4 97.6 120.8 123.4 124.8 18.7 11.1 97.8 66.9 55.4 DCRS_-_São_Francisco_de_Paula/Cambará_do_Sul_(865_m) -999.9 -999.9 -999.9 -999.9 -999.9 14.0 10.7 547.0 Rio_Grande_do_Sul DCRS -999.9 0.0 37.4 861.52 861.53 860.77 0 0.01 861.53 861.53 861.53 861.53
-29.264900 -50.314899 DCRS-00084 2026-07-29_19:35 13.1 -999.9 -999.9 91.1 -999.9 -999.9 11.7 -999.9 -999.9 -999.9 -999.9 -999.9 0.0 -999.9 3.7 0.0 0.0 37.4 97.6 120.8 123.4 124.8 18.7 11.1 97.8 66.9 55.4 DCRS_-_São_Francisco_de_Paula/Cambará_do_Sul_(865_m) -999.9 -999.9 -999.9 -999.9 -999.9 14.0 10.7 547.0 Rio_Grande_do_Sul DCRS -999.9 0.0 37.4 861.53 861.53 860.77 0 0.01 861.53 861.53 861.53 861.53
-29.264900 -50.314899 DCRS-00084 2026-07-29_19:36 13.0 -999.9 -999.9 91.0 -999.9 -999.9 11.6 -999.9 -999.9 -999.9 -999.9 -999.9 0.0 -999.9 3.7 0.0 0.0 37.4 97.6 120.8 123.4 124.8 18.7 11.1 97.8 66.9 55.4 DCRS_-_São_Francisco_de_Paula/Cambará_do_Sul_(865_m) -999.9 -999.9 -999.9 -999.9 -999.9 14.0 10.7 547.0 Rio_Grande_do_Sul DCRS -999.9 0.0 37.4 861.52 861.53 860.77 0 0.0 861.53 861.53 861.53 861.53
-29.264900 -50.314899 DCRS-00084 2026-07-29_19:37 13.0 -999.9 -999.9 91.1 -999.9 -999.9 11.6 -999.9 -999.9 -999.9 -999.9 -999.9 0.0 -999.9 3.7 0.0 0.0 37.4 97.6 120.8 123.4 124.8 18.7 11.1 97.8 66.9 55.4 DCRS_-_São_Francisco_de_Paula/Cambará_do_Sul_(865_m) -999.9 -999.9 -999.9 -999.9 -999.9 14.0 10.7 547.0 Rio_Grande_do_Sul DCRS -999.9 0.0 37.4 861.53 861.53 860.77 1 0.02 861.53 861.53 861.53 861.53
-29.264900 -50.314899 DCRS-00084 2026-07-29_19:38 12.9 -999.9 -999.9 91.2 -999.9 -999.9 11.5 -999.9 -999.9 -999.9 -999.9 -999.9 0.0 -999.9 3.7 0.0 0.0 37.4 97.6 120.8 123.4 124.8 18.7 11.1 97.8 66.9 55.4 DCRS_-_São_Francisco_de_Paula/Cambará_do_Sul_(865_m) -999.9 -999.9 -999.9 -999.9 -999.9 14.0 10.7 547.0 Rio_Grande_do_Sul DCRS -999.9 0.0 37.4 861.53 861.53 860.77 1 0.02 861.53 861.53 861.53 861.53
-29.264900 -50.314899 DCRS-00084 2026-07-29_19:39 12.9 -999.9 -999.9 91.2 -999.9 -999.9 11.5 -999.9 -999.9 -999.9 -999.9 -999.9 0.0 -999.9 3.7 0.0 0.0 37.4 97.6 120.8 123.4 124.8 18.7 11.1 97.8 66.9 55.4 DCRS_-_São_Francisco_de_Paula/Cambará_do_Sul_(865_m) -999.9 -999.9 -999.9 -999.9 -999.9 14.0 10.7 547.0 Rio_Grande_do_Sul DCRS -999.9 0.0 37.4 861.52 861.53 860.77 1 0.02 861.53 861.53 861.53 861.53
-29.264900 -50.314899 DCRS-00084 2026-07-29_19:40 12.9 -999.9 -999.9 91.3 -999.9 -999.9 11.5 -999.9 -999.9 -999.9 -999.9 -999.9 2.6 -999.9 3.9 0.0 0.0 37.4 97.6 120.8 123.4 124.8 18.7 11.1 97.8 66.9 55.4 DCRS_-_São_Francisco_de_Paula/Cambará_do_Sul_(865_m) -999.9 -999.9 -999.9 -999.9 -999.9 14.0 10.7 547.0 Rio_Grande_do_Sul DCRS -999.9 0.0 37.4 861.52 861.53 860.77 0 0.01 861.53 861.53 861.53 861.53
-29.264900 -50.314899 DCRS-00084 2026-07-29_19:41 12.8 -999.9 -999.9 91.5 -999.9 -999.9 11.4 -999.9 -999.9 -999.9 -999.9 -999.9 2.0 -999.9 3.9 0.0 0.0 37.4 97.6 120.8 123.4 124.8 18.7 11.1 97.8 66.9 55.4 DCRS_-_São_Francisco_de_Paula/Cambará_do_Sul_(865_m) -999.9 -999.9 -999.9 -999.9 -999.9 14.0 10.7 547.0 Rio_Grande_do_Sul DCRS -999.9 0.0 37.4 861.52 861.53 860.77 0 0.0 861.53 861.53 861.53 861.53
-29.264900 -50.314899 DCRS-00084 2026-07-29_19:42 12.8 -999.9 -999.9 91.7 -999.9 -999.9 11.5 -999.9 -999.9 -999.9 -999.9 -999.9 0.0 -999.9 3.9 0.0 0.0 37.4 97.6 120.8 123.4 124.8 18.7 11.1 97.8 66.9 55.4 DCRS_-_São_Francisco_de_Paula/Cambará_do_Sul_(865_m) -999.9 -999.9 -999.9 -999.9 -999.9 14.0 10.7 547.0 Rio_Grande_do_Sul DCRS -999.9 0.0 37.4 861.53 861.53 860.77 0 0.02 861.53 861.53 861.53 861.53
-29.264900 -50.314899 DCRS-00084 2026-07-29_19:43 12.8 -999.9 -999.9 91.9 -999.9 -999.9 11.5 -999.9 -999.9 -999.9 -999.9 -999.9 0.0 -999.9 3.9 0.0 0.0 37.4 97.6 120.8 123.4 124.8 18.7 11.1 97.8 66.9 55.4 DCRS_-_São_Francisco_de_Paula/Cambará_do_Sul_(865_m) -999.9 -999.9 -999.9 -999.9 -999.9 14.0 10.7 547.0 Rio_Grande_do_Sul DCRS -999.9 0.0 37.4 861.52 861.53 860.77 0 0.0 861.53 861.53 861.53 861.53
-29.264900 -50.314899 DCRS-00084 2026-07-29_19:44 12.8 -999.9 -999.9 92.1 -999.9 -999.9 11.5 -999.9 -999.9 -999.9 -999.9 -999.9 0.0 -999.9 3.9 0.0 0.0 37.4 97.6 120.8 123.4 124.8 18.7 11.1 97.8 66.9 55.4 DCRS_-_São_Francisco_de_Paula/Cambará_do_Sul_(865_m) -999.9 -999.9 -999.9 -999.9 -999.9 14.0 10.7 547.0 Rio_Grande_do_Sul DCRS -999.9 0.0 37.4 861.53 861.53 860.77 0 0.01 861.53 861.53 861.53 861.53
-29.264900 -50.314899 DCRS-00084 2026-07-29_19:45 12.8 -999.9 -999.9 92.3 -999.9 -999.9 11.6 -999.9 -999.9 -999.9 -999.9 -999.9 0.0 -999.9 3.5 0.0 0.0 37.4 97.6 120.8 123.4 124.8 18.7 11.1 97.8 66.9 55.4 DCRS_-_São_Francisco_de_Paula/Cambará_do_Sul_(865_m) -999.9 -999.9 -999.9 -999.9 -999.9 14.0 10.7 547.0 Rio_Grande_do_Sul DCRS -999.9 0.0 37.4 861.53 861.53 860.77 1 0.02 861.53 861.53 861.53 861.53
-29.264900 -50.314899 DCRS-00084 2026-07-29_19:46 12.8 -999.9 -999.9 92.3 -999.9 -999.9 11.6 -999.9 -999.9 -999.9 -999.9 -999.9 0.0 -999.9 3.5 0.0 0.0 37.4 97.6 120.8 123.4 124.8 18.7 11.1 97.8 66.9 55.4 DCRS_-_São_Francisco_de_Paula/Cambará_do_Sul_(865_m) -999.9 -999.9 -999.9 -999.9 -999.9 14.0 10.7 547.0 Rio_Grande_do_Sul DCRS -999.9 0.0 37.4 861.52 861.53 860.77 0 0.0 861.53 861.53 861.53 861.53
-29.264900 -50.314899 DCRS-00084 2026-07-29_19:47 12.8 -999.9 -999.9 92.5 -999.9 -999.9 11.6 -999.9 -999.9 -999.9 -999.9 -999.9 0.0 -999.9 3.5 0.0 0.0 37.4 97.6 120.8 123.4 124.8 18.7 11.1 97.8 66.9 55.4 DCRS_-_São_Francisco_de_Paula/Cambará_do_Sul_(865_m) -999.9 -999.9 -999.9 -999.9 -999.9 14.0 10.7 547.0 Rio_Grande_do_Sul DCRS -999.9 0.0 37.4 861.52 861.53 860.77 1 0.01 861.53 861.53 861.53 861.53
-29.264900 -50.314899 DCRS-00084 2026-07-29_19:48 12.8 -999.9 -999.9 92.5 -999.9 -999.9 11.6 -999.9 -999.9 -999.9 -999.9 -999.9 0.0 -999.9 3.5 0.0 0.0 37.4 97.6 120.8 123.4 124.8 18.7 11.1 97.8 66.9 55.4 DCRS_-_São_Francisco_de_Paula/Cambará_do_Sul_(865_m) -999.9 -999.9 -999.9 -999.9 -999.9 14.0 10.7 547.0 Rio_Grande_do_Sul DCRS -999.9 0.0 37.4 861.53 861.53 860.77 0 0.01 861.53 861.53 861.53 861.53
-29.264900 -50.314899 DCRS-00084 2026-07-29_19:49 12.8 -999.9 -999.9 92.4 -999.9 -999.9 11.6 -999.9 -999.9 -999.9 -999.9 -999.9 2.2 -999.9 3.5 0.0 0.0 37.4 97.6 120.8 123.4 124.8 18.7 11.1 97.8 66.9 55.4 DCRS_-_São_Francisco_de_Paula/Cambará_do_Sul_(865_m) -999.9 -999.9 -999.9 -999.9 -999.9 14.0 10.7 547.0 Rio_Grande_do_Sul DCRS -999.9 0.0 37.4 861.53 861.53 860.77 0 0.01 861.53 861.53 861.53 861.53
-29.264900 -50.314899 DCRS-00084 2026-07-29_19:50 12.8 -999.9 -999.9 92.2 -999.9 -999.9 11.6 -999.9 -999.9 -999.9 -999.9 -999.9 -999.9 -999.9 5.1 0.0 0.0 37.4 97.6 120.8 123.4 124.8 18.7 11.1 97.8 66.9 55.4 DCRS_-_São_Francisco_de_Paula/Cambará_do_Sul_(865_m) -999.9 -999.9 -999.9 -999.9 -999.9 14.0 10.7 547.0 Rio_Grande_do_Sul DCRS -999.9 0.0 37.4 861.52 861.53 860.77 0 0.0 861.53 861.53 861.53 861.53
-29.264900 -50.314899 DCRS-00084 2026-07-29_19:51 12.7 -999.9 -999.9 92.3 -999.9 -999.9 11.5 -999.9 -999.9 -999.9 -999.9 -999.9 4.1 -999.9 5.1 0.0 0.0 37.4 97.6 120.8 123.4 124.8 18.7 11.1 97.8 66.9 55.4 DCRS_-_São_Francisco_de_Paula/Cambará_do_Sul_(865_m) -999.9 -999.9 -999.9 -999.9 -999.9 14.0 10.7 547.0 Rio_Grande_do_Sul DCRS -999.9 0.0 37.4 861.53 861.53 860.77 1 0.02 861.53 861.53 861.53 861.53
-29.264900 -50.314899 DCRS-00084 2026-07-29_19:52 12.8 -999.9 -999.9 91.9 -999.9 -999.9 11.5 -999.9 -999.9 -999.9 -999.9 -999.9 3.2 -999.9 5.1 0.0 0.0 37.4 97.6 120.8 123.4 124.8 18.7 11.1 97.8 66.9 55.4 DCRS_-_São_Francisco_de_Paula/Cambará_do_Sul_(865_m) -999.9 -999.9 -999.9 -999.9 -999.9 14.0 10.7 547.0 Rio_Grande_do_Sul DCRS -999.9 0.0 37.4 861.52 861.53 860.77 1 0.01 861.53 861.53 861.53 861.53
-29.264900 -50.314899 DCRS-00084 2026-07-29_19:53 12.8 -999.9 -999.9 91.7 -999.9 -999.9 11.5 -999.9 -999.9 -999.9 -999.9 -999.9 0.0 -999.9 5.1 0.0 0.0 37.4 97.6 120.8 123.4 124.8 18.7 11.1 97.8 66.9 55.4 DCRS_-_São_Francisco_de_Paula/Cambará_do_Sul_(865_m) -999.9 -999.9 -999.9 -999.9 -999.9 14.0 10.7 547.0 Rio_Grande_do_Sul DCRS -999.9 0.0 37.4 861.52 861.53 860.77 0 0.0 861.53 861.53 861.53 861.53
-29.264900 -50.314899 DCRS-00084 2026-07-29_19:54 12.7 -999.9 -999.9 91.7 -999.9 -999.9 11.4 -999.9 -999.9 -999.9 -999.9 -999.9 0.0 -999.9 5.1 0.0 0.0 37.4 97.6 120.8 123.4 124.8 18.7 11.1 97.8 66.9 55.4 DCRS_-_São_Francisco_de_Paula/Cambará_do_Sul_(865_m) -999.9 -999.9 -999.9 -999.9 -999.9 14.0 10.7 547.0 Rio_Grande_do_Sul DCRS -999.9 0.0 37.4 861.52 861.53 860.77 0 0.0 861.53 861.53 861.53 861.53
-29.264900 -50.314899 DCRS-00084 2026-07-29_19:55 12.7 -999.9 -999.9 92.0 -999.9 -999.9 11.4 -999.9 -999.9 -999.9 -999.9 -999.9 0.0 -999.9 7.5 0.0 0.0 37.4 97.6 120.8 123.4 124.8 18.7 11.1 97.8 66.9 55.4 DCRS_-_São_Francisco_de_Paula/Cambará_do_Sul_(865_m) -999.9 -999.9 -999.9 -999.9 -999.9 14.0 10.7 547.0 Rio_Grande_do_Sul DCRS -999.9 0.0 37.4 861.53 861.53 860.77 0 0.01 861.53 861.53 861.53 861.53
-29.264900 -50.314899 DCRS-00084 2026-07-29_19:56 12.6 -999.9 -999.9 92.0 -999.9 -999.9 11.3 -999.9 -999.9 -999.9 -999.9 -999.9 0.0 -999.9 7.5 0.0 0.0 37.4 97.6 120.8 123.4 124.8 18.7 11.1 97.8 66.9 55.4 DCRS_-_São_Francisco_de_Paula/Cambará_do_Sul_(865_m) -999.9 -999.9 -999.9 -999.9 -999.9 14.0 10.7 547.0 Rio_Grande_do_Sul DCRS -999.9 0.0 37.4 861.53 861.53 860.77 0 0.01 861.53 861.53 861.53 861.53
-29.264900 -50.314899 DCRS-00084 2026-07-29_19:57 12.6 -999.9 -999.9 92.2 -999.9 -999.9 11.4 -999.9 -999.9 -999.9 -999.9 -999.9 0.0 -999.9 7.5 0.0 0.0 37.4 97.6 120.8 123.4 124.8 18.7 11.1 97.8 66.9 55.4 DCRS_-_São_Francisco_de_Paula/Cambará_do_Sul_(865_m) -999.9 -999.9 -999.9 -999.9 -999.9 14.0 10.7 547.0 Rio_Grande_do_Sul DCRS -999.9 0.0 37.4 861.53 861.53 860.77 1 0.02 861.53 861.53 861.53 861.53
-29.264900 -50.314899 DCRS-00084 2026-07-29_19:58 12.6 -999.9 -999.9 92.2 -999.9 -999.9 11.4 -999.9 -999.9 -999.9 -999.9 -999.9 0.0 -999.9 7.5 0.0 0.0 37.4 97.6 120.8 123.4 124.8 18.7 11.1 97.8 66.9 55.4 DCRS_-_São_Francisco_de_Paula/Cambará_do_Sul_(865_m) -999.9 -999.9 -999.9 -999.9 -999.9 14.0 10.7 547.0 Rio_Grande_do_Sul DCRS -999.9 0.0 37.4 861.53 861.53 860.77 1 0.02 861.53 861.53 861.53 861.53
-29.264900 -50.314899 DCRS-00084 2026-07-29_19:59 12.6 -999.9 -999.9 92.2 -999.9 -999.9 11.4 -999.9 -999.9 -999.9 -999.9 -999.9 0.0 -999.9 7.5 0.0 0.0 37.4 97.6 120.8 123.4 124.8 18.7 11.1 97.8 66.9 55.4 DCRS_-_São_Francisco_de_Paula/Cambará_do_Sul_(865_m) -999.9 -999.9 -999.9 -999.9 -999.9 14.0 10.7 547.0 Rio_Grande_do_Sul DCRS -999.9 0.0 37.4 861.53 861.53 860.77 1 0.02 861.53 861.53 861.53 861.53
-29.264900 -50.314899 DCRS-00084 2026-07-29_20:00 12.6 -999.9 -999.9 92.3 -999.9 -999.9 11.4 -999.9 -999.9 -999.9 -999.9 -999.9 0.0 -999.9 2.0 0.0 0.0 37.4 97.6 120.8 123.4 124.8 18.7 11.1 97.8 66.9 55.4 DCRS_-_São_Francisco_de_Paula/Cambará_do_Sul_(865_m) -999.9 -999.9 -999.9 -999.9 -999.9 14.0 10.7 547.0 Rio_Grande_do_Sul DCRS -999.9 0.0 37.4 861.53 861.53 860.77 0 0.01 861.53 861.53 861.53 861.53
-29.264900 -50.314899 DCRS-00084 2026-07-29_20:01 12.6 -999.9 -999.9 92.6 -999.9 -999.9 11.4 -999.9 -999.9 -999.9 -999.9 -999.9 0.0 -999.9 2.0 0.0 0.0 37.4 97.6 120.8 123.4 124.8 18.7 11.1 97.8 66.9 55.4 DCRS_-_São_Francisco_de_Paula/Cambará_do_Sul_(865_m) -999.9 -999.9 -999.9 -999.9 -999.9 14.0 10.7 547.0 Rio_Grande_do_Sul DCRS -999.9 0.0 37.4 861.52 861.53 860.77 0 0.0 861.53 861.53 861.53 861.53
-29.264900 -50.314899 DCRS-00084 2026-07-29_20:02 12.6 -999.9 -999.9 92.6 -999.9 -999.9 11.4 -999.9 -999.9 -999.9 -999.9 -999.9 0.0 -999.9 2.0 0.0 0.0 37.4 97.6 120.8 123.4 124.8 18.7 11.1 97.8 66.9 55.4 DCRS_-_São_Francisco_de_Paula/Cambará_do_Sul_(865_m) -999.9 -999.9 -999.9 -999.9 -999.9 14.0 10.7 547.0 Rio_Grande_do_Sul DCRS -999.9 0.0 37.4 861.53 861.53 860.77 0 0.01 861.53 861.53 861.53 861.53
-29.264900 -50.314899 DCRS-00084 2026-07-29_20:03 12.6 -999.9 -999.9 92.5 -999.9 -999.9 11.4 -999.9 -999.9 -999.9 -999.9 -999.9 0.0 -999.9 2.0 0.0 0.0 37.4 97.6 120.8 123.4 124.8 18.7 11.1 97.8 66.9 55.4 DCRS_-_São_Francisco_de_Paula/Cambará_do_Sul_(865_m) -999.9 -999.9 -999.9 -999.9 -999.9 14.0 10.7 547.0 Rio_Grande_do_Sul DCRS -999.9 0.0 37.4 861.53 861.53 860.77 1 0.03 861.53 861.53 861.53 861.53
-29.264900 -50.314899 DCRS-00084 2026-07-29_20:04 12.6 -999.9 -999.9 92.4 -999.9 -999.9 11.4 -999.9 -999.9 -999.9 -999.9 -999.9 0.0 -999.9 2.0 0.0 0.0 37.4 97.6 120.8 123.4 124.8 18.7 11.1 97.8 66.9 55.4 DCRS_-_São_Francisco_de_Paula/Cambará_do_Sul_(865_m) -999.9 -999.9 -999.9 -999.9 -999.9 14.0 10.7 547.0 Rio_Grande_do_Sul DCRS -999.9 0.0 37.4 861.53 861.53 860.77 0 0.01 861.53 861.53 861.53 861.53
-29.264900 -50.314899 DCRS-00084 2026-07-29_20:05 12.5 -999.9 -999.9 92.3 -999.9 -999.9 11.3 -999.9 -999.9 -999.9 -999.9 -999.9 0.0 -999.9 0.0 0.0 0.0 37.4 97.6 120.8 123.4 124.8 18.7 11.1 97.8 66.9 55.4 DCRS_-_São_Francisco_de_Paula/Cambará_do_Sul_(865_m) -999.9 -999.9 -999.9 -999.9 -999.9 14.0 10.7 547.0 Rio_Grande_do_Sul DCRS -999.9 0.0 37.4 861.53 861.53 860.77 0 0.01 861.53 861.53 861.53 861.53
-29.264900 -50.314899 DCRS-00084 2026-07-29_20:06 12.6 -999.9 -999.9 92.4 -999.9 -999.9 11.4 -999.9 -999.9 -999.9 -999.9 -999.9 0.0 -999.9 0.0 0.0 0.0 37.4 97.6 120.8 123.4 124.8 18.7 11.1 97.8 66.9 55.4 DCRS_-_São_Francisco_de_Paula/Cambará_do_Sul_(865_m) -999.9 -999.9 -999.9 -999.9 -999.9 14.0 10.7 547.0 Rio_Grande_do_Sul DCRS -999.9 0.0 37.4 861.53 861.53 860.77 0 0.02 861.53 861.53 861.53 861.53
-29.264900 -50.314899 DCRS-00084 2026-07-29_20:07 12.5 -999.9 -999.9 92.5 -999.9 -999.9 11.3 -999.9 -999.9 -999.9 -999.9 -999.9 0.0 -999.9 0.0 0.0 0.0 37.4 97.6 120.8 123.4 124.8 18.7 11.1 97.8 66.9 55.4 DCRS_-_São_Francisco_de_Paula/Cambará_do_Sul_(865_m) -999.9 -999.9 -999.9 -999.9 -999.9 14.0 10.7 547.0 Rio_Grande_do_Sul DCRS -999.9 0.0 37.4 861.53 861.53 860.77 0 0.0 861.53 861.53 861.53 861.53
-29.264900 -50.314899 DCRS-00084 2026-07-29_20:08 12.5 -999.9 -999.9 92.5 -999.9 -999.9 11.3 -999.9 -999.9 -999.9 -999.9 -999.9 0.0 -999.9 0.0 0.0 0.0 37.4 97.6 120.8 123.4 124.8 18.7 11.1 97.8 66.9 55.4 DCRS_-_São_Francisco_de_Paula/Cambará_do_Sul_(865_m) -999.9 -999.9 -999.9 -999.9 -999.9 14.0 10.7 547.0 Rio_Grande_do_Sul DCRS -999.9 0.0 37.4 861.54 861.54 860.77 0 0.01 861.54 861.54 861.54 861.54
-29.264900 -50.314899 DCRS-00084 2026-07-29_20:09 12.5 -999.9 -999.9 92.6 -999.9 -999.9 11.3 -999.9 -999.9 -999.9 -999.9 -999.9 0.0 -999.9 0.0 0.0 0.0 37.4 97.6 120.8 123.4 124.8 18.7 11.1 97.8 66.9 55.4 DCRS_-_São_Francisco_de_Paula/Cambará_do_Sul_(865_m) -999.9 -999.9 -999.9 -999.9 -999.9 14.0 10.7 547.0 Rio_Grande_do_Sul DCRS -999.9 0.0 37.4 861.54 861.54 860.77 1 0.02 861.54 861.54 861.54 861.54
-29.264900 -50.314899 DCRS-00084 2026-07-29_20:10 12.5 -999.9 -999.9 92.8 -999.9 -999.9 11.4 -999.9 -999.9 -999.9 -999.9 -999.9 0.0 -999.9 0.0 0.0 0.0 37.4 97.6 120.8 123.4 124.8 18.7 11.1 97.8 66.9 55.4 DCRS_-_São_Francisco_de_Paula/Cambará_do_Sul_(865_m) -999.9 -999.9 -999.9 -999.9 -999.9 14.0 10.7 547.0 Rio_Grande_do_Sul DCRS -999.9 0.0 37.4 861.53 861.54 860.77 1 0.01 861.54 861.54 861.54 861.54
-29.264900 -50.314899 DCRS-00084 2026-07-29_20:11 12.5 -999.9 -999.9 92.9 -999.9 -999.9 11.4 -999.9 -999.9 -999.9 -999.9 -999.9 0.0 -999.9 0.0 0.0 0.0 37.4 97.6 120.8 123.4 124.8 18.7 11.1 97.8 66.9 55.4 DCRS_-_São_Francisco_de_Paula/Cambará_do_Sul_(865_m) -999.9 -999.9 -999.9 -999.9 -999.9 14.0 10.7 547.0 Rio_Grande_do_Sul DCRS -999.9 0.0 37.4 861.52 861.54 860.77 1 -0.01 861.54 861.54 861.54 861.54
-29.264900 -50.314899 DCRS-00084 2026-07-29_20:12 12.4 -999.9 -999.9 92.8 -999.9 -999.9 11.3 -999.9 -999.9 -999.9 -999.9 -999.9 0.0 -999.9 0.0 0.0 0.0 37.4 97.6 120.8 123.4 124.8 18.7 11.1 97.8 66.9 55.4 DCRS_-_São_Francisco_de_Paula/Cambará_do_Sul_(865_m) -999.9 -999.9 -999.9 -999.9 -999.9 14.0 10.7 547.0 Rio_Grande_do_Sul DCRS -999.9 0.0 37.4 861.53 861.54 860.77 1 0.02 861.54 861.54 861.54 861.54
-29.264900 -50.314899 DCRS-00084 2026-07-29_20:13 12.4 -999.9 -999.9 93.0 -999.9 -999.9 11.3 -999.9 -999.9 -999.9 -999.9 -999.9 0.0 -999.9 0.0 0.0 0.0 37.4 97.6 120.8 123.4 124.8 18.7 11.1 97.8 66.9 55.4 DCRS_-_São_Francisco_de_Paula/Cambará_do_Sul_(865_m) -999.9 -999.9 -999.9 -999.9 -999.9 14.0 10.7 547.0 Rio_Grande_do_Sul DCRS -999.9 0.0 37.4 861.53 861.54 860.77 1 0.01 861.54 861.54 861.54 861.54
-29.264900 -50.314899 DCRS-00084 2026-07-29_20:14 12.5 -999.9 -999.9 93.1 -999.9 -999.9 11.4 -999.9 -999.9 -999.9 -999.9 -999.9 0.0 -999.9 0.0 0.0 0.0 37.4 97.6 120.8 123.4 124.8 18.7 11.1 97.8 66.9 55.4 DCRS_-_São_Francisco_de_Paula/Cambará_do_Sul_(865_m) -999.9 -999.9 -999.9 -999.9 -999.9 14.0 10.7 547.0 Rio_Grande_do_Sul DCRS -999.9 0.0 37.4 861.53 861.54 860.77 1 0.0 861.54 861.54 861.54 861.54
-29.264900 -50.314899 DCRS-00084 2026-07-29_20:15 12.4 -999.9 -999.9 93.2 -999.9 -999.9 11.3 -999.9 -999.9 -999.9 -999.9 -999.9 0.0 -999.9 0.0 0.0 0.0 37.4 97.6 120.8 123.4 124.8 18.7 11.1 97.8 66.9 55.4 DCRS_-_São_Francisco_de_Paula/Cambará_do_Sul_(865_m) -999.9 -999.9 -999.9 -999.9 -999.9 14.0 10.7 547.0 Rio_Grande_do_Sul DCRS -999.9 0.0 37.4 861.53 861.54 860.77 1 0.01 861.54 861.54 861.54 861.54
-29.264900 -50.314899 DCRS-00084 2026-07-29_20:16 12.4 -999.9 -999.9 93.2 -999.9 -999.9 11.3 -999.9 -999.9 -999.9 -999.9 -999.9 0.0 -999.9 0.0 0.0 0.0 37.4 97.6 120.8 123.4 124.8 18.7 11.1 97.8 66.9 55.4 DCRS_-_São_Francisco_de_Paula/Cambará_do_Sul_(865_m) -999.9 -999.9 -999.9 -999.9 -999.9 14.0 10.7 547.0 Rio_Grande_do_Sul DCRS -999.9 0.0 37.4 861.53 861.54 860.77 1 0.01 861.54 861.54 861.54 861.54
-29.264900 -50.314899 DCRS-00084 2026-07-29_20:17 12.4 -999.9 -999.9 93.3 -999.9 -999.9 11.3 -999.9 -999.9 -999.9 -999.9 -999.9 0.0 -999.9 0.0 0.0 0.0 37.4 97.6 120.8 123.4 124.8 18.7 11.1 97.8 66.9 55.4 DCRS_-_São_Francisco_de_Paula/Cambará_do_Sul_(865_m) -999.9 -999.9 -999.9 -999.9 -999.9 14.0 10.7 547.0 Rio_Grande_do_Sul DCRS -999.9 0.0 37.4 861.53 861.54 860.77 1 0.01 861.54 861.54 861.54 861.54
-29.264900 -50.314899 DCRS-00084 2026-07-29_20:18 12.4 -999.9 -999.9 93.3 -999.9 -999.9 11.3 -999.9 -999.9 -999.9 -999.9 -999.9 0.0 -999.9 0.0 0.0 0.0 37.4 97.6 120.8 123.4 124.8 18.7 11.1 97.8 66.9 55.4 DCRS_-_São_Francisco_de_Paula/Cambará_do_Sul_(865_m) -999.9 -999.9 -999.9 -999.9 -999.9 14.0 10.7 547.0 Rio_Grande_do_Sul DCRS -999.9 0.0 37.4 861.53 861.54 860.77 1 0.01 861.54 861.54 861.54 861.54
-29.264900 -50.314899 DCRS-00084 2026-07-29_20:19 12.4 -999.9 -999.9 93.4 -999.9 -999.9 11.4 -999.9 -999.9 -999.9 -999.9 -999.9 0.0 -999.9 0.0 0.0 0.0 37.4 97.6 120.8 123.4 124.8 18.7 11.1 97.8 66.9 55.4 DCRS_-_São_Francisco_de_Paula/Cambará_do_Sul_(865_m) -999.9 -999.9 -999.9 -999.9 -999.9 14.0 10.7 547.0 Rio_Grande_do_Sul DCRS -999.9 0.0 37.4 861.53 861.54 860.77 1 0.01 861.54 861.54 861.54 861.54
-29.264900 -50.314899 DCRS-00084 2026-07-29_20:20 12.4 -999.9 -999.9 93.5 -999.9 -999.9 11.4 -999.9 -999.9 -999.9 -999.9 -999.9 1.9 -999.9 2.3 0.0 0.0 37.4 97.6 120.8 123.4 124.8 18.7 11.1 97.8 66.9 55.4 DCRS_-_São_Francisco_de_Paula/Cambará_do_Sul_(865_m) -999.9 -999.9 -999.9 -999.9 -999.9 14.0 10.7 547.0 Rio_Grande_do_Sul DCRS -999.9 0.0 37.4 861.54 861.54 860.77 1 0.02 861.54 861.54 861.54 861.54
-29.264900 -50.314899 DCRS-00084 2026-07-29_20:21 12.4 -999.9 -999.9 93.5 -999.9 -999.9 11.4 -999.9 -999.9 -999.9 -999.9 -999.9 2.1 -999.9 2.3 0.0 0.0 37.4 97.6 120.8 123.4 124.8 18.7 11.1 97.8 66.9 55.4 DCRS_-_São_Francisco_de_Paula/Cambará_do_Sul_(865_m) -999.9 -999.9 -999.9 -999.9 -999.9 14.0 10.7 547.0 Rio_Grande_do_Sul DCRS -999.9 0.0 37.4 861.53 861.54 860.77 1 0.02 861.54 861.54 861.54 861.54
-29.264900 -50.314899 DCRS-00084 2026-07-29_20:22 12.4 -999.9 -999.9 93.5 -999.9 -999.9 11.4 -999.9 -999.9 -999.9 -999.9 -999.9 -999.9 -999.9 2.3 0.0 0.0 37.4 97.6 120.8 123.4 124.8 18.7 11.1 97.8 66.9 55.4 DCRS_-_São_Francisco_de_Paula/Cambará_do_Sul_(865_m) -999.9 -999.9 -999.9 -999.9 -999.9 14.0 10.7 547.0 Rio_Grande_do_Sul DCRS -999.9 0.0 37.4 861.53 861.54 860.77 1 0.01 861.54 861.54 861.54 861.54
-29.264900 -50.314899 DCRS-00084 2026-07-29_20:23 12.4 -999.9 -999.9 93.5 -999.9 -999.9 11.4 -999.9 -999.9 -999.9 -999.9 -999.9 -999.9 -999.9 2.3 0.0 0.0 37.4 97.6 120.8 123.4 124.8 18.7 11.1 97.8 66.9 55.4 DCRS_-_São_Francisco_de_Paula/Cambará_do_Sul_(865_m) -999.9 -999.9 -999.9 -999.9 -999.9 14.0 10.7 547.0 Rio_Grande_do_Sul DCRS -999.9 0.0 37.4 861.54 861.54 860.77 1 0.02 861.54 861.54 861.54 861.54
-29.264900 -50.314899 DCRS-00084 2026-07-29_20:24 12.4 -999.9 -999.9 93.5 -999.9 -999.9 11.4 -999.9 -999.9 -999.9 -999.9 -999.9 -999.9 -999.9 2.3 0.0 0.0 37.4 97.6 120.8 123.4 124.8 18.7 11.1 97.8 66.9 55.4 DCRS_-_São_Francisco_de_Paula/Cambará_do_Sul_(865_m) -999.9 -999.9 -999.9 -999.9 -999.9 14.0 10.7 547.0 Rio_Grande_do_Sul DCRS -999.9 0.0 37.4 861.53 861.54 860.77 1 0.01 861.54 861.54 861.54 861.54
-29.264900 -50.314899 DCRS-00084 2026-07-29_20:25 12.4 -999.9 -999.9 93.4 -999.9 -999.9 11.4 -999.9 -999.9 -999.9 -999.9 -999.9 0.0 -999.9 5.4 0.0 0.0 37.4 97.6 120.8 123.4 124.8 18.7 11.1 97.8 66.9 55.4 DCRS_-_São_Francisco_de_Paula/Cambará_do_Sul_(865_m) -999.9 -999.9 -999.9 -999.9 -999.9 14.0 10.7 547.0 Rio_Grande_do_Sul DCRS -999.9 0.0 37.4 861.53 861.54 860.77 1 0.01 861.54 861.54 861.54 861.54
-29.264900 -50.314899 DCRS-00084 2026-07-29_20:26 12.4 -999.9 -999.9 93.3 -999.9 -999.9 11.3 -999.9 -999.9 -999.9 -999.9 -999.9 0.0 -999.9 5.4 0.0 0.0 37.4 97.6 120.8 123.4 124.8 18.7 11.1 97.8 66.9 55.4 DCRS_-_São_Francisco_de_Paula/Cambará_do_Sul_(865_m) -999.9 -999.9 -999.9 -999.9 -999.9 14.0 10.7 547.0 Rio_Grande_do_Sul DCRS -999.9 0.0 37.4 861.53 861.54 860.77 1 0.01 861.54 861.54 861.54 861.54
-29.264900 -50.314899 DCRS-00084 2026-07-29_20:27 12.4 -999.9 -999.9 93.3 -999.9 -999.9 11.3 -999.9 -999.9 -999.9 -999.9 -999.9 0.0 -999.9 5.4 0.0 0.0 37.4 97.6 120.8 123.4 124.8 18.7 11.1 97.8 66.9 55.4 DCRS_-_São_Francisco_de_Paula/Cambará_do_Sul_(865_m) -999.9 -999.9 -999.9 -999.9 -999.9 14.0 10.7 547.0 Rio_Grande_do_Sul DCRS -999.9 0.0 37.4 861.53 861.54 860.77 1 0.0 861.54 861.54 861.54 861.54
-29.264900 -50.314899 DCRS-00084 2026-07-29_20:28 12.5 -999.9 -999.9 93.2 -999.9 -999.9 11.4 -999.9 -999.9 -999.9 -999.9 -999.9 0.0 -999.9 5.4 0.0 0.0 37.4 97.6 120.8 123.4 124.8 18.7 11.1 97.8 66.9 55.4 DCRS_-_São_Francisco_de_Paula/Cambará_do_Sul_(865_m) -999.9 -999.9 -999.9 -999.9 -999.9 14.0 10.7 547.0 Rio_Grande_do_Sul DCRS -999.9 0.0 37.4 861.53 861.54 860.77 1 0.01 861.54 861.54 861.54 861.54
-29.264900 -50.314899 DCRS-00084 2026-07-29_20:29 12.4 -999.9 -999.9 93.1 -999.9 -999.9 11.3 -999.9 -999.9 -999.9 -999.9 -999.9 0.0 -999.9 5.4 0.0 0.0 37.4 97.6 120.8 123.4 124.8 18.7 11.1 97.8 66.9 55.4 DCRS_-_São_Francisco_de_Paula/Cambará_do_Sul_(865_m) -999.9 -999.9 -999.9 -999.9 -999.9 14.0 10.7 547.0 Rio_Grande_do_Sul DCRS -999.9 0.0 37.4 861.53 861.54 860.77 1 0.01 861.54 861.54 861.54 861.54
-29.264900 -50.314899 DCRS-00084 2026-07-29_20:30 12.4 -999.9 -999.9 93.2 -999.9 -999.9 11.3 -999.9 -999.9 -999.9 -999.9 -999.9 0.0 -999.9 1.8 0.0 0.0 37.4 97.6 120.8 123.4 124.8 18.7 11.1 97.8 66.9 55.4 DCRS_-_São_Francisco_de_Paula/Cambará_do_Sul_(865_m) -999.9 -999.9 -999.9 -999.9 -999.9 14.0 10.7 547.0 Rio_Grande_do_Sul DCRS -999.9 0.0 37.4 861.53 861.54 860.77 1 0.01 861.54 861.54 861.54 861.54
-29.264900 -50.314899 DCRS-00084 2026-07-29_20:31 12.4 -999.9 -999.9 93.3 -999.9 -999.9 11.3 -999.9 -999.9 -999.9 -999.9 -999.9 0.0 -999.9 1.8 0.0 0.0 37.4 97.6 120.8 123.4 124.8 18.7 11.1 97.8 66.9 55.4 DCRS_-_São_Francisco_de_Paula/Cambará_do_Sul_(865_m) -999.9 -999.9 -999.9 -999.9 -999.9 14.0 10.7 547.0 Rio_Grande_do_Sul DCRS -999.9 0.0 37.4 861.53 861.54 860.77 0 0.0 861.54 861.54 861.54 861.54
-29.264900 -50.314899 DCRS-00084 2026-07-29_20:32 12.5 -999.9 -999.9 93.3 -999.9 -999.9 11.4 -999.9 -999.9 -999.9 -999.9 -999.9 0.0 -999.9 1.8 0.0 0.0 37.4 97.6 120.8 123.4 124.8 18.7 11.1 97.8 66.9 55.4 DCRS_-_São_Francisco_de_Paula/Cambará_do_Sul_(865_m) -999.9 -999.9 -999.9 -999.9 -999.9 14.0 10.7 547.0 Rio_Grande_do_Sul DCRS -999.9 0.0 37.4 861.53 861.54 860.77 1 0.01 861.54 861.54 861.54 861.54
-29.264900 -50.314899 DCRS-00084 2026-07-29_20:33 12.4 -999.9 -999.9 93.4 -999.9 -999.9 11.4 -999.9 -999.9 -999.9 -999.9 -999.9 0.0 -999.9 1.8 0.0 0.0 37.4 97.6 120.8 123.4 124.8 18.7 11.1 97.8 66.9 55.4 DCRS_-_São_Francisco_de_Paula/Cambará_do_Sul_(865_m) -999.9 -999.9 -999.9 -999.9 -999.9 14.0 10.7 547.0 Rio_Grande_do_Sul DCRS -999.9 0.0 37.4 861.53 861.54 860.77 0 0.01 861.54 861.54 861.54 861.54
-29.264900 -50.314899 DCRS-00084 2026-07-29_20:34 12.4 -999.9 -999.9 93.4 -999.9 -999.9 11.4 -999.9 -999.9 -999.9 -999.9 -999.9 0.0 -999.9 1.8 0.0 0.0 37.4 97.6 120.8 123.4 124.8 18.7 11.1 97.8 66.9 55.4 DCRS_-_São_Francisco_de_Paula/Cambará_do_Sul_(865_m) -999.9 -999.9 -999.9 -999.9 -999.9 14.0 10.7 547.0 Rio_Grande_do_Sul DCRS -999.9 0.0 37.4 861.53 861.54 860.77 0 0.01 861.54 861.54 861.54 861.54
-29.264900 -50.314899 DCRS-00084 2026-07-29_20:35 12.4 -999.9 -999.9 93.3 -999.9 -999.9 11.3 -999.9 -999.9 -999.9 -999.9 -999.9 0.0 -999.9 2.2 0.0 0.0 37.4 97.6 120.8 123.4 124.8 18.7 11.1 97.8 66.9 55.4 DCRS_-_São_Francisco_de_Paula/Cambará_do_Sul_(865_m) -999.9 -999.9 -999.9 -999.9 -999.9 14.0 10.7 547.0 Rio_Grande_do_Sul DCRS -999.9 0.0 37.4 861.53 861.54 860.77 0 0.0 861.54 861.54 861.54 861.54
-29.264900 -50.314899 DCRS-00084 2026-07-29_20:36 12.4 -999.9 -999.9 93.3 -999.9 -999.9 11.3 -999.9 -999.9 -999.9 -999.9 -999.9 0.0 -999.9 2.2 0.0 0.0 37.4 97.6 120.8 123.4 124.8 18.7 11.1 97.8 66.9 55.4 DCRS_-_São_Francisco_de_Paula/Cambará_do_Sul_(865_m) -999.9 -999.9 -999.9 -999.9 -999.9 14.0 10.7 547.0 Rio_Grande_do_Sul DCRS -999.9 0.0 37.4 861.52 861.54 860.77 0 0.0 861.54 861.54 861.54 861.54
-29.264900 -50.314899 DCRS-00084 2026-07-29_20:37 12.3 -999.9 -999.9 93.3 -999.9 -999.9 11.2 -999.9 -999.9 -999.9 -999.9 -999.9 0.0 -999.9 2.2 0.0 0.0 37.4 97.6 120.8 123.4 124.8 18.7 11.1 97.8 66.9 55.4 DCRS_-_São_Francisco_de_Paula/Cambará_do_Sul_(865_m) -999.9 -999.9 -999.9 -999.9 -999.9 14.0 10.7 547.0 Rio_Grande_do_Sul DCRS -999.9 0.0 37.4 861.54 861.54 860.77 0 0.01 861.54 861.54 861.54 861.54
-29.264900 -50.314899 DCRS-00084 2026-07-29_20:38 12.4 -999.9 -999.9 93.3 -999.9 -999.9 11.3 -999.9 -999.9 -999.9 -999.9 -999.9 0.0 -999.9 2.2 0.0 0.0 37.4 97.6 120.8 123.4 124.8 18.7 11.1 97.8 66.9 55.4 DCRS_-_São_Francisco_de_Paula/Cambará_do_Sul_(865_m) -999.9 -999.9 -999.9 -999.9 -999.9 14.0 10.7 547.0 Rio_Grande_do_Sul DCRS -999.9 0.0 37.4 861.53 861.54 860.77 0 0.0 861.54 861.54 861.54 861.54
-29.264900 -50.314899 DCRS-00084 2026-07-29_20:39 12.4 -999.9 -999.9 93.2 -999.9 -999.9 11.3 -999.9 -999.9 -999.9 -999.9 -999.9 -999.9 -999.9 2.2 0.0 0.0 37.4 97.6 120.8 123.4 124.8 18.7 11.1 97.8 66.9 55.4 DCRS_-_São_Francisco_de_Paula/Cambará_do_Sul_(865_m) -999.9 -999.9 -999.9 -999.9 -999.9 14.0 10.7 547.0 Rio_Grande_do_Sul DCRS -999.9 0.0 37.4 861.53 861.54 860.77 0 0.01 861.54 861.54 861.54 861.54
-29.264900 -50.314899 DCRS-00084 2026-07-29_20:40 12.4 -999.9 -999.9 93.3 -999.9 -999.9 11.3 -999.9 -999.9 -999.9 -999.9 -999.9 0.0 -999.9 3.1 0.0 0.0 37.4 97.6 120.8 123.4 124.8 18.7 11.1 97.8 66.9 55.4 DCRS_-_São_Francisco_de_Paula/Cambará_do_Sul_(865_m) -999.9 -999.9 -999.9 -999.9 -999.9 14.0 10.7 547.0 Rio_Grande_do_Sul DCRS -999.9 0.0 37.4 861.53 861.54 860.77 0 0.01 861.54 861.54 861.54 861.54
-29.264900 -50.314899 DCRS-00084 2026-07-29_20:41 12.3 -999.9 -999.9 93.3 -999.9 -999.9 11.2 -999.9 -999.9 -999.9 -999.9 -999.9 2.6 -999.9 3.1 0.0 0.0 37.4 97.6 120.8 123.4 124.8 18.7 11.1 97.8 66.9 55.4 DCRS_-_São_Francisco_de_Paula/Cambará_do_Sul_(865_m) -999.9 -999.9 -999.9 -999.9 -999.9 14.0 10.7 547.0 Rio_Grande_do_Sul DCRS -999.9 0.0 37.4 861.53 861.54 860.77 0 0.01 861.54 861.54 861.54 861.54
-29.264900 -50.314899 DCRS-00084 2026-07-29_20:42 12.3 -999.9 -999.9 93.4 -999.9 -999.9 11.3 -999.9 -999.9 -999.9 -999.9 -999.9 2.2 -999.9 3.1 0.0 0.0 37.4 97.6 120.8 123.4 124.8 18.7 11.1 97.8 66.9 55.4 DCRS_-_São_Francisco_de_Paula/Cambará_do_Sul_(865_m) -999.9 -999.9 -999.9 -999.9 -999.9 14.0 10.7 547.0 Rio_Grande_do_Sul DCRS -999.9 0.0 37.4 861.53 861.54 860.77 0 0.0 861.54 861.54 861.54 861.54
-29.264900 -50.314899 DCRS-00084 2026-07-29_20:43 12.3 -999.9 -999.9 93.4 -999.9 -999.9 11.3 -999.9 -999.9 -999.9 -999.9 -999.9 -999.9 -999.9 3.1 0.0 0.0 37.4 97.6 120.8 123.4 124.8 18.7 11.1 97.8 66.9 55.4 DCRS_-_São_Francisco_de_Paula/Cambará_do_Sul_(865_m) -999.9 -999.9 -999.9 -999.9 -999.9 14.0 10.7 547.0 Rio_Grande_do_Sul DCRS -999.9 0.0 37.4 861.53 861.54 860.77 0 0.01 861.54 861.54 861.54 861.54
-29.264900 -50.314899 DCRS-00084 2026-07-29_20:44 12.3 -999.9 -999.9 93.5 -999.9 -999.9 11.3 -999.9 -999.9 -999.9 -999.9 -999.9 -999.9 -999.9 3.1 0.0 0.0 37.4 97.6 120.8 123.4 124.8 18.7 11.1 97.8 66.9 55.4 DCRS_-_São_Francisco_de_Paula/Cambará_do_Sul_(865_m) -999.9 -999.9 -999.9 -999.9 -999.9 14.0 10.7 547.0 Rio_Grande_do_Sul DCRS -999.9 0.0 37.4 861.53 861.54 860.77 0 0.0 861.54 861.54 861.54 861.54
-29.264900 -50.314899 DCRS-00084 2026-07-29_20:45 12.3 -999.9 -999.9 93.5 -999.9 -999.9 11.3 -999.9 -999.9 -999.9 -999.9 -999.9 6.0 -999.9 6.7 0.0 0.0 37.4 97.6 120.8 123.4 124.8 18.7 11.1 97.8 66.9 55.4 DCRS_-_São_Francisco_de_Paula/Cambará_do_Sul_(865_m) -999.9 -999.9 -999.9 -999.9 -999.9 14.0 10.7 547.0 Rio_Grande_do_Sul DCRS -999.9 0.0 37.4 861.53 861.54 860.77 0 0.0 861.54 861.54 861.54 861.54
-29.264900 -50.314899 DCRS-00084 2026-07-29_20:46 12.3 -999.9 -999.9 93.7 -999.9 -999.9 11.3 -999.9 -999.9 -999.9 -999.9 -999.9 2.4 -999.9 6.7 0.0 0.0 37.4 97.6 120.8 123.4 124.8 18.7 11.1 97.8 66.9 55.4 DCRS_-_São_Francisco_de_Paula/Cambará_do_Sul_(865_m) -999.9 -999.9 -999.9 -999.9 -999.9 14.0 10.7 547.0 Rio_Grande_do_Sul DCRS -999.9 0.0 37.4 861.52 861.54 860.77 0 0.0 861.54 861.54 861.54 861.54
-29.264900 -50.314899 DCRS-00084 2026-07-29_20:47 12.2 -999.9 -999.9 93.7 -999.9 -999.9 11.2 -999.9 -999.9 -999.9 -999.9 -999.9 5.5 -999.9 6.7 0.0 0.0 37.4 97.6 120.8 123.4 124.8 18.7 11.1 97.8 66.9 55.4 DCRS_-_São_Francisco_de_Paula/Cambará_do_Sul_(865_m) -999.9 -999.9 -999.9 -999.9 -999.9 14.0 10.7 547.0 Rio_Grande_do_Sul DCRS -999.9 0.0 37.4 861.54 861.54 860.77 0 0.02 861.54 861.54 861.54 861.54
-29.264900 -50.314899 DCRS-00084 2026-07-29_20:48 12.2 -999.9 -999.9 93.7 -999.9 -999.9 11.2 -999.9 -999.9 -999.9 -999.9 -999.9 0.0 -999.9 6.7 0.0 0.0 37.4 97.6 120.8 123.4 124.8 18.7 11.1 97.8 66.9 55.4 DCRS_-_São_Francisco_de_Paula/Cambará_do_Sul_(865_m) -999.9 -999.9 -999.9 -999.9 -999.9 14.0 10.7 547.0 Rio_Grande_do_Sul DCRS -999.9 0.0 37.4 861.54 861.54 860.77 0 0.01 861.54 861.54 861.54 861.54
-29.264900 -50.314899 DCRS-00084 2026-07-29_20:49 12.2 -999.9 -999.9 93.8 -999.9 -999.9 11.2 -999.9 -999.9 -999.9 -999.9 -999.9 0.0 -999.9 6.7 0.0 0.0 37.4 97.6 120.8 123.4 124.8 18.7 11.1 97.8 66.9 55.4 DCRS_-_São_Francisco_de_Paula/Cambará_do_Sul_(865_m) -999.9 -999.9 -999.9 -999.9 -999.9 14.0 10.7 547.0 Rio_Grande_do_Sul DCRS -999.9 0.0 37.4 861.54 861.54 860.77 0 0.01 861.54 861.54 861.54 861.54
-29.264900 -50.314899 DCRS-00084 2026-07-29_20:50 12.2 -999.9 -999.9 93.7 -999.9 -999.9 11.2 -999.9 -999.9 -999.9 -999.9 -999.9 3.0 -999.9 6.4 0.0 0.0 37.4 97.6 120.8 123.4 124.8 18.7 11.1 97.8 66.9 55.4 DCRS_-_São_Francisco_de_Paula/Cambará_do_Sul_(865_m) -999.9 -999.9 -999.9 -999.9 -999.9 14.0 10.7 547.0 Rio_Grande_do_Sul DCRS -999.9 0.0 37.4 861.54 861.54 860.77 0 0.02 861.54 861.54 861.54 861.54
-29.264900 -50.314899 DCRS-00084 2026-07-29_20:51 12.1 -999.9 -999.9 93.6 -999.9 -999.9 11.1 -999.9 -999.9 -999.9 -999.9 -999.9 5.4 -999.9 6.4 0.0 0.0 37.4 97.6 120.8 123.4 124.8 18.7 11.1 97.8 66.9 55.4 DCRS_-_São_Francisco_de_Paula/Cambará_do_Sul_(865_m) -999.9 -999.9 -999.9 -999.9 -999.9 14.0 10.7 547.0 Rio_Grande_do_Sul DCRS -999.9 0.0 37.4 861.54 861.54 860.77 0 0.01 861.54 861.54 861.54 861.54
-29.264900 -50.314899 DCRS-00084 2026-07-29_20:52 12.1 -999.9 -999.9 93.8 -999.9 -999.9 11.1 -999.9 -999.9 -999.9 -999.9 -999.9 0.0 -999.9 6.4 0.0 0.0 37.4 97.6 120.8 123.4 124.8 18.7 11.1 97.8 66.9 55.4 DCRS_-_São_Francisco_de_Paula/Cambará_do_Sul_(865_m) -999.9 -999.9 -999.9 -999.9 -999.9 14.0 10.7 547.0 Rio_Grande_do_Sul DCRS -999.9 0.0 37.4 861.54 861.54 860.77 0 0.02 861.54 861.54 861.54 861.54
-29.264900 -50.314899 DCRS-00084 2026-07-29_20:53 12.1 -999.9 -999.9 93.7 -999.9 -999.9 11.1 -999.9 -999.9 -999.9 -999.9 -999.9 1.9 -999.9 6.4 0.0 0.0 37.4 97.6 120.8 123.4 124.8 18.7 11.1 97.8 66.9 55.4 DCRS_-_São_Francisco_de_Paula/Cambará_do_Sul_(865_m) -999.9 -999.9 -999.9 -999.9 -999.9 14.0 10.7 547.0 Rio_Grande_do_Sul DCRS -999.9 0.0 37.4 861.54 861.54 860.77 0 0.02 861.54 861.54 861.54 861.54
-29.264900 -50.314899 DCRS-00084 2026-07-29_20:54 12.1 -999.9 -999.9 93.8 -999.9 -999.9 11.1 -999.9 -999.9 -999.9 -999.9 -999.9 0.0 -999.9 6.4 0.0 0.0 37.4 97.6 120.8 123.4 124.8 18.7 11.1 97.8 66.9 55.4 DCRS_-_São_Francisco_de_Paula/Cambará_do_Sul_(865_m) -999.9 -999.9 -999.9 -999.9 -999.9 14.0 10.7 547.0 Rio_Grande_do_Sul DCRS -999.9 0.0 37.4 861.54 861.54 860.77 0 0.02 861.54 861.54 861.54 861.54
-29.264900 -50.314899 DCRS-00084 2026-07-29_20:55 12.1 -999.9 -999.9 93.8 -999.9 -999.9 11.1 -999.9 -999.9 -999.9 -999.9 -999.9 0.0 -999.9 6.1 0.0 0.0 37.4 97.6 120.8 123.4 124.8 18.7 11.1 97.8 66.9 55.4 DCRS_-_São_Francisco_de_Paula/Cambará_do_Sul_(865_m) -999.9 -999.9 -999.9 -999.9 -999.9 14.0 10.7 547.0 Rio_Grande_do_Sul DCRS -999.9 0.0 37.4 861.54 861.54 860.77 0 0.01 861.54 861.54 861.54 861.54
-29.264900 -50.314899 DCRS-00084 2026-07-29_20:56 12.1 -999.9 -999.9 93.9 -999.9 -999.9 11.1 -999.9 -999.9 -999.9 -999.9 -999.9 2.2 -999.9 6.1 0.0 0.0 37.4 97.6 120.8 123.4 124.8 18.7 11.1 97.8 66.9 55.4 DCRS_-_São_Francisco_de_Paula/Cambará_do_Sul_(865_m) -999.9 -999.9 -999.9 -999.9 -999.9 14.0 10.7 547.0 Rio_Grande_do_Sul DCRS -999.9 0.0 37.4 861.54 861.54 860.77 0 0.01 861.54 861.54 861.54 861.54
-29.264900 -50.314899 DCRS-00084 2026-07-29_20:57 12.1 -999.9 -999.9 93.8 -999.9 -999.9 11.1 -999.9 -999.9 -999.9 -999.9 -999.9 1.9 -999.9 6.1 0.0 0.0 37.4 97.6 120.8 123.4 124.8 18.7 11.1 97.8 66.9 55.4 DCRS_-_São_Francisco_de_Paula/Cambará_do_Sul_(865_m) -999.9 -999.9 -999.9 -999.9 -999.9 14.0 10.7 547.0 Rio_Grande_do_Sul DCRS -999.9 0.0 37.4 861.54 861.54 860.77 0 0.01 861.54 861.54 861.54 861.54
-29.264900 -50.314899 DCRS-00084 2026-07-29_20:58 12.1 -999.9 -999.9 93.8 -999.9 -999.9 11.1 -999.9 -999.9 -999.9 -999.9 -999.9 2.3 -999.9 6.1 0.0 0.0 37.4 97.6 120.8 123.4 124.8 18.7 11.1 97.8 66.9 55.4 DCRS_-_São_Francisco_de_Paula/Cambará_do_Sul_(865_m) -999.9 -999.9 -999.9 -999.9 -999.9 14.0 10.7 547.0 Rio_Grande_do_Sul DCRS -999.9 0.0 37.4 861.54 861.54 860.77 0 0.01 861.54 861.54 861.54 861.54
-29.264900 -50.314899 DCRS-00084 2026-07-29_20:59 12.1 -999.9 -999.9 93.7 -999.9 -999.9 11.1 -999.9 -999.9 -999.9 -999.9 -999.9 0.0 -999.9 6.1 0.0 0.0 37.4 97.6 120.8 123.4 124.8 18.7 11.1 97.8 66.9 55.4 DCRS_-_São_Francisco_de_Paula/Cambará_do_Sul_(865_m) -999.9 -999.9 -999.9 -999.9 -999.9 14.0 10.7 547.0 Rio_Grande_do_Sul DCRS -999.9 0.0 37.4 861.54 861.54 860.77 0 0.01 861.54 861.54 861.54 861.54
-29.264900 -50.314899 DCRS-00084 2026-07-29_21:00 12.1 -999.9 -999.9 93.8 -999.9 -999.9 11.1 -999.9 -999.9 -999.9 -999.9 -999.9 2.3 -999.9 3.7 0.0 0.0 37.4 97.6 120.8 123.4 124.8 18.7 11.1 97.8 66.9 55.4 DCRS_-_São_Francisco_de_Paula/Cambará_do_Sul_(865_m) -999.9 -999.9 -999.9 -999.9 -999.9 14.0 10.7 547.0 Rio_Grande_do_Sul DCRS -999.9 0.0 37.4 861.54 861.54 860.77 0 0.01 861.54 861.54 861.54 861.54
-29.264900 -50.314899 DCRS-00084 2026-07-29_21:01 12.1 -999.9 -999.9 93.7 -999.9 -999.9 11.1 -999.9 -999.9 -999.9 -999.9 -999.9 2.2 -999.9 3.7 0.0 0.0 37.4 97.6 120.8 123.4 124.8 18.7 11.1 97.8 66.9 55.4 DCRS_-_São_Francisco_de_Paula/Cambará_do_Sul_(865_m) -999.9 -999.9 -999.9 -999.9 -999.9 14.0 10.7 547.0 Rio_Grande_do_Sul DCRS -999.9 0.0 37.4 861.54 861.54 860.77 1 0.02 861.54 861.54 861.54 861.54
-29.264900 -50.314899 DCRS-00084 2026-07-29_21:02 12.1 -999.9 -999.9 93.7 -999.9 -999.9 11.1 -999.9 -999.9 -999.9 -999.9 -999.9 3.1 -999.9 3.7 0.0 0.0 37.4 97.6 120.8 123.4 124.8 18.7 11.1 97.8 66.9 55.4 DCRS_-_São_Francisco_de_Paula/Cambará_do_Sul_(865_m) -999.9 -999.9 -999.9 -999.9 -999.9 14.0 10.7 547.0 Rio_Grande_do_Sul DCRS -999.9 0.0 37.4 861.54 861.54 860.77 0 0.01 861.54 861.54 861.54 861.54
-29.264900 -50.314899 DCRS-00084 2026-07-29_21:03 12.0 -999.9 -999.9 93.9 -999.9 -999.9 11.0 -999.9 -999.9 -999.9 -999.9 -999.9 0.0 -999.9 3.7 0.0 0.0 37.4 97.6 120.8 123.4 124.8 18.7 11.1 97.8 66.9 55.4 DCRS_-_São_Francisco_de_Paula/Cambará_do_Sul_(865_m) -999.9 -999.9 -999.9 -999.9 -999.9 14.0 10.7 547.0 Rio_Grande_do_Sul DCRS -999.9 0.0 37.4 861.54 861.54 860.77 0 0.01 861.54 861.54 861.54 861.54
-29.264900 -50.314899 DCRS-00084 2026-07-29_21:04 12.0 -999.9 -999.9 93.8 -999.9 -999.9 11.0 -999.9 -999.9 -999.9 -999.9 -999.9 0.0 -999.9 3.7 0.0 0.0 37.4 97.6 120.8 123.4 124.8 18.7 11.1 97.8 66.9 55.4 DCRS_-_São_Francisco_de_Paula/Cambará_do_Sul_(865_m) -999.9 -999.9 -999.9 -999.9 -999.9 14.0 10.7 547.0 Rio_Grande_do_Sul DCRS -999.9 0.0 37.4 861.54 861.54 860.77 0 0.01 861.54 861.54 861.54 861.54
-29.264900 -50.314899 DCRS-00084 2026-07-29_21:05 12.0 -999.9 -999.9 93.9 -999.9 -999.9 11.0 -999.9 -999.9 -999.9 -999.9 -999.9 0.0 -999.9 3.2 0.0 0.0 37.4 97.6 120.8 123.4 124.8 18.7 11.1 97.8 66.9 55.4 DCRS_-_São_Francisco_de_Paula/Cambará_do_Sul_(865_m) -999.9 -999.9 -999.9 -999.9 -999.9 14.0 10.7 547.0 Rio_Grande_do_Sul DCRS -999.9 0.0 37.4 861.54 861.54 860.77 1 0.01 861.54 861.54 861.54 861.54
-29.264900 -50.314899 DCRS-00084 2026-07-29_21:06 12.0 -999.9 -999.9 93.9 -999.9 -999.9 11.0 -999.9 -999.9 -999.9 -999.9 -999.9 0.0 -999.9 3.2 0.0 0.0 37.4 97.6 120.8 123.4 124.8 18.7 11.1 97.8 66.9 55.4 DCRS_-_São_Francisco_de_Paula/Cambará_do_Sul_(865_m) -999.9 -999.9 -999.9 -999.9 -999.9 14.0 10.7 547.0 Rio_Grande_do_Sul DCRS -999.9 0.0 37.4 861.52 861.54 860.77 0 -0.01 861.54 861.54 861.54 861.54
-29.264900 -50.314899 DCRS-00084 2026-07-29_21:07 11.9 -999.9 -999.9 93.8 -999.9 -999.9 10.9 -999.9 -999.9 -999.9 -999.9 -999.9 0.0 -999.9 3.2 0.0 0.0 37.4 97.6 120.8 123.4 124.8 18.7 11.1 97.8 66.9 55.4 DCRS_-_São_Francisco_de_Paula/Cambará_do_Sul_(865_m) -999.9 -999.9 -999.9 -999.9 -999.9 14.0 10.7 547.0 Rio_Grande_do_Sul DCRS -999.9 0.0 37.4 861.53 861.54 860.77 0 0.0 861.54 861.54 861.54 861.54
-29.264900 -50.314899 DCRS-00084 2026-07-29_21:08 11.9 -999.9 -999.9 93.9 -999.9 -999.9 10.9 -999.9 -999.9 -999.9 -999.9 -999.9 0.0 -999.9 3.2 0.0 0.0 37.4 97.6 120.8 123.4 124.8 18.7 11.1 97.8 66.9 55.4 DCRS_-_São_Francisco_de_Paula/Cambará_do_Sul_(865_m) -999.9 -999.9 -999.9 -999.9 -999.9 14.0 10.7 547.0 Rio_Grande_do_Sul DCRS -999.9 0.0 37.4 861.53 861.54 860.77 0 -0.01 861.54 861.54 861.54 861.54
-29.264900 -50.314899 DCRS-00084 2026-07-29_21:09 11.9 -999.9 -999.9 93.9 -999.9 -999.9 10.9 -999.9 -999.9 -999.9 -999.9 -999.9 0.0 -999.9 3.2 0.0 0.0 37.4 97.6 120.8 123.4 124.8 18.7 11.1 97.8 66.9 55.4 DCRS_-_São_Francisco_de_Paula/Cambará_do_Sul_(865_m) -999.9 -999.9 -999.9 -999.9 -999.9 14.0 10.7 547.0 Rio_Grande_do_Sul DCRS -999.9 0.0 37.4 861.53 861.54 860.77 0 -0.01 861.54 861.54 861.54 861.54
-29.264900 -50.314899 DCRS-00084 2026-07-29_21:10 11.9 -999.9 -999.9 93.9 -999.9 -999.9 10.9 -999.9 -999.9 -999.9 -999.9 -999.9 0.0 -999.9 0.0 0.0 0.0 37.4 97.6 120.8 123.4 124.8 18.7 11.1 97.8 66.9 55.4 DCRS_-_São_Francisco_de_Paula/Cambará_do_Sul_(865_m) -999.9 -999.9 -999.9 -999.9 -999.9 14.0 10.7 547.0 Rio_Grande_do_Sul DCRS -999.9 0.0 37.4 861.53 861.54 860.77 0 0.0 861.54 861.54 861.54 861.54
-29.264900 -50.314899 DCRS-00084 2026-07-29_21:11 11.9 -999.9 -999.9 94.0 -999.9 -999.9 11.0 -999.9 -999.9 -999.9 -999.9 -999.9 0.0 -999.9 0.0 0.0 0.0 37.4 97.6 120.8 123.4 124.8 18.7 11.1 97.8 66.9 55.4 DCRS_-_São_Francisco_de_Paula/Cambará_do_Sul_(865_m) -999.9 -999.9 -999.9 -999.9 -999.9 14.0 10.7 547.0 Rio_Grande_do_Sul DCRS -999.9 0.0 37.4 861.53 861.54 860.77 0 0.01 861.54 861.54 861.54 861.54
-29.264900 -50.314899 DCRS-00084 2026-07-29_21:12 11.9 -999.9 -999.9 94.1 -999.9 -999.9 11.0 -999.9 -999.9 -999.9 -999.9 -999.9 0.0 -999.9 0.0 0.0 0.0 37.4 97.6 120.8 123.4 124.8 18.7 11.1 97.8 66.9 55.4 DCRS_-_São_Francisco_de_Paula/Cambará_do_Sul_(865_m) -999.9 -999.9 -999.9 -999.9 -999.9 14.0 10.7 547.0 Rio_Grande_do_Sul DCRS -999.9 0.0 37.4 861.53 861.54 860.77 0 0.0 861.54 861.54 861.54 861.54
-29.264900 -50.314899 DCRS-00084 2026-07-29_21:13 11.9 -999.9 -999.9 94.2 -999.9 -999.9 11.0 -999.9 -999.9 -999.9 -999.9 -999.9 0.0 -999.9 0.0 0.0 0.0 37.4 97.6 120.8 123.4 124.8 18.7 11.1 97.8 66.9 55.4 DCRS_-_São_Francisco_de_Paula/Cambará_do_Sul_(865_m) -999.9 -999.9 -999.9 -999.9 -999.9 14.0 10.7 547.0 Rio_Grande_do_Sul DCRS -999.9 0.0 37.4 861.53 861.54 860.77 0 0.0 861.54 861.54 861.54 861.54
-29.264900 -50.314899 DCRS-00084 2026-07-29_21:14 11.8 -999.9 -999.9 94.3 -999.9 -999.9 10.9 -999.9 -999.9 -999.9 -999.9 -999.9 0.0 -999.9 0.0 0.0 0.0 37.4 97.6 120.8 123.4 124.8 18.7 11.1 97.8 66.9 55.4 DCRS_-_São_Francisco_de_Paula/Cambará_do_Sul_(865_m) -999.9 -999.9 -999.9 -999.9 -999.9 14.0 10.7 547.0 Rio_Grande_do_Sul DCRS -999.9 0.0 37.4 861.53 861.54 860.77 0 0.0 861.54 861.54 861.54 861.54
-29.264900 -50.314899 DCRS-00084 2026-07-29_21:15 11.8 -999.9 -999.9 94.4 -999.9 -999.9 10.9 -999.9 -999.9 -999.9 -999.9 -999.9 0.0 -999.9 0.0 0.0 0.0 37.4 97.6 120.8 123.4 124.8 18.7 11.1 97.8 66.9 55.4 DCRS_-_São_Francisco_de_Paula/Cambará_do_Sul_(865_m) -999.9 -999.9 -999.9 -999.9 -999.9 14.0 10.7 547.0 Rio_Grande_do_Sul DCRS -999.9 0.0 37.4 861.53 861.54 860.77 0 0.0 861.54 861.54 861.54 861.54
-29.264900 -50.314899 DCRS-00084 2026-07-29_21:16 11.8 -999.9 -999.9 94.4 -999.9 -999.9 10.9 -999.9 -999.9 -999.9 -999.9 -999.9 0.0 -999.9 0.0 0.0 0.0 37.4 97.6 120.8 123.4 124.8 18.7 11.1 97.8 66.9 55.4 DCRS_-_São_Francisco_de_Paula/Cambará_do_Sul_(865_m) -999.9 -999.9 -999.9 -999.9 -999.9 14.0 10.7 547.0 Rio_Grande_do_Sul DCRS -999.9 0.0 37.4 861.53 861.54 860.77 0 0.0 861.54 861.54 861.54 861.54
-29.264900 -50.314899 DCRS-00084 2026-07-29_21:17 11.8 -999.9 -999.9 94.5 -999.9 -999.9 10.9 -999.9 -999.9 -999.9 -999.9 -999.9 0.0 -999.9 0.0 0.0 0.0 37.4 97.6 120.8 123.4 124.8 18.7 11.1 97.8 66.9 55.4 DCRS_-_São_Francisco_de_Paula/Cambará_do_Sul_(865_m) -999.9 -999.9 -999.9 -999.9 -999.9 14.0 10.7 547.0 Rio_Grande_do_Sul DCRS -999.9 0.0 37.4 861.54 861.54 860.77 0 0.01 861.54 861.54 861.54 861.54
-29.264900 -50.314899 DCRS-00084 2026-07-29_21:18 11.8 -999.9 -999.9 94.4 -999.9 -999.9 10.9 -999.9 -999.9 -999.9 -999.9 -999.9 0.0 -999.9 0.0 0.0 0.0 37.4 97.6 120.8 123.4 124.8 18.7 11.1 97.8 66.9 55.4 DCRS_-_São_Francisco_de_Paula/Cambará_do_Sul_(865_m) -999.9 -999.9 -999.9 -999.9 -999.9 14.0 10.7 547.0 Rio_Grande_do_Sul DCRS -999.9 0.0 37.4 861.54 861.54 860.77 0 0.01 861.54 861.54 861.54 861.54
-29.264900 -50.314899 DCRS-00084 2026-07-29_21:19 11.8 -999.9 -999.9 94.5 -999.9 -999.9 10.9 -999.9 -999.9 -999.9 -999.9 -999.9 0.0 -999.9 0.0 0.0 0.0 37.4 97.6 120.8 123.4 124.8 18.7 11.1 97.8 66.9 55.4 DCRS_-_São_Francisco_de_Paula/Cambará_do_Sul_(865_m) -999.9 -999.9 -999.9 -999.9 -999.9 14.0 10.7 547.0 Rio_Grande_do_Sul DCRS -999.9 0.0 37.4 861.54 861.54 860.77 0 0.01 861.54 861.54 861.54 861.54
-29.264900 -50.314899 DCRS-00084 2026-07-29_21:20 11.7 -999.9 -999.9 94.5 -999.9 -999.9 10.8 -999.9 -999.9 -999.9 -999.9 -999.9 0.0 -999.9 0.0 0.0 0.0 37.4 97.6 120.8 123.4 124.8 18.7 11.1 97.8 66.9 55.4 DCRS_-_São_Francisco_de_Paula/Cambará_do_Sul_(865_m) -999.9 -999.9 -999.9 -999.9 -999.9 14.0 10.7 547.0 Rio_Grande_do_Sul DCRS -999.9 0.0 37.4 861.54 861.54 860.77 0 0.0 861.54 861.54 861.54 861.54
-29.264900 -50.314899 DCRS-00084 2026-07-29_21:21 11.7 -999.9 -999.9 94.5 -999.9 -999.9 10.8 -999.9 -999.9 -999.9 -999.9 -999.9 -999.9 -999.9 0.0 0.0 0.0 37.4 97.6 120.8 123.4 124.8 18.7 11.1 97.8 66.9 55.4 DCRS_-_São_Francisco_de_Paula/Cambará_do_Sul_(865_m) -999.9 -999.9 -999.9 -999.9 -999.9 14.0 10.7 547.0 Rio_Grande_do_Sul DCRS -999.9 0.0 37.4 861.54 861.54 860.77 0 0.01 861.54 861.54 861.54 861.54
-29.264900 -50.314899 DCRS-00084 2026-07-29_21:22 11.7 -999.9 -999.9 94.6 -999.9 -999.9 10.9 -999.9 -999.9 -999.9 -999.9 -999.9 -999.9 -999.9 0.0 0.0 0.0 37.4 97.6 120.8 123.4 124.8 18.7 11.1 97.8 66.9 55.4 DCRS_-_São_Francisco_de_Paula/Cambará_do_Sul_(865_m) -999.9 -999.9 -999.9 -999.9 -999.9 14.0 10.7 547.0 Rio_Grande_do_Sul DCRS -999.9 0.0 37.4 861.54 861.54 860.77 0 0.01 861.54 861.54 861.54 861.54
-29.264900 -50.314899 DCRS-00084 2026-07-29_21:23 11.6 -999.9 -999.9 94.6 -999.9 -999.9 10.8 -999.9 -999.9 -999.9 -999.9 -999.9 -999.9 -999.9 0.0 0.0 0.0 37.4 97.6 120.8 123.4 124.8 18.7 11.1 97.8 66.9 55.4 DCRS_-_São_Francisco_de_Paula/Cambará_do_Sul_(865_m) -999.9 -999.9 -999.9 -999.9 -999.9 14.0 10.7 547.0 Rio_Grande_do_Sul DCRS -999.9 0.0 37.4 861.54 861.54 860.77 0 0.0 861.54 861.54 861.54 861.54
-29.264900 -50.314899 DCRS-00084 2026-07-29_21:24 11.6 -999.9 -999.9 94.8 -999.9 -999.9 10.8 -999.9 -999.9 -999.9 -999.9 -999.9 -999.9 -999.9 0.0 0.0 0.0 37.4 97.6 120.8 123.4 124.8 18.7 11.1 97.8 66.9 55.4 DCRS_-_São_Francisco_de_Paula/Cambará_do_Sul_(865_m) -999.9 -999.9 -999.9 -999.9 -999.9 14.0 10.7 547.0 Rio_Grande_do_Sul DCRS -999.9 0.0 37.4 861.54 861.54 860.77 0 0.01 861.54 861.54 861.54 861.54
-29.264900 -50.314899 DCRS-00084 2026-07-29_21:25 11.6 -999.9 -999.9 94.9 -999.9 -999.9 10.8 -999.9 -999.9 -999.9 -999.9 -999.9 1.9 -999.9 4.0 0.0 0.0 37.4 97.6 120.8 123.4 124.8 18.7 11.1 97.8 66.9 55.4 DCRS_-_São_Francisco_de_Paula/Cambará_do_Sul_(865_m) -999.9 -999.9 -999.9 -999.9 -999.9 14.0 10.7 547.0 Rio_Grande_do_Sul DCRS -999.9 0.0 37.4 861.53 861.54 860.77 0 0.0 861.54 861.54 861.54 861.54
-29.264900 -50.314899 DCRS-00084 2026-07-29_21:26 11.6 -999.9 -999.9 95.1 -999.9 -999.9 10.8 -999.9 -999.9 -999.9 -999.9 -999.9 0.0 -999.9 4.0 0.0 0.0 37.4 97.6 120.8 123.4 124.8 18.7 11.1 97.8 66.9 55.4 DCRS_-_São_Francisco_de_Paula/Cambará_do_Sul_(865_m) -999.9 -999.9 -999.9 -999.9 -999.9 14.0 10.7 547.0 Rio_Grande_do_Sul DCRS -999.9 0.0 37.4 861.55 861.55 860.77 0 0.02 861.55 861.55 861.55 861.55
-29.264900 -50.314899 DCRS-00084 2026-07-29_21:27 11.6 -999.9 -999.9 95.2 -999.9 -999.9 10.8 -999.9 -999.9 -999.9 -999.9 -999.9 2.7 -999.9 4.0 0.0 0.0 37.4 97.6 120.8 123.4 124.8 18.7 11.1 97.8 66.9 55.4 DCRS_-_São_Francisco_de_Paula/Cambará_do_Sul_(865_m) -999.9 -999.9 -999.9 -999.9 -999.9 14.0 10.7 547.0 Rio_Grande_do_Sul DCRS -999.9 0.0 37.4 861.54 861.55 860.77 0 0.01 861.55 861.55 861.55 861.55
-29.264900 -50.314899 DCRS-00084 2026-07-29_21:28 11.6 -999.9 -999.9 95.2 -999.9 -999.9 10.8 -999.9 -999.9 -999.9 -999.9 -999.9 1.9 -999.9 4.0 0.0 0.0 37.4 97.6 120.8 123.4 124.8 18.7 11.1 97.8 66.9 55.4 DCRS_-_São_Francisco_de_Paula/Cambará_do_Sul_(865_m) -999.9 -999.9 -999.9 -999.9 -999.9 14.0 10.7 547.0 Rio_Grande_do_Sul DCRS -999.9 0.0 37.4 861.54 861.55 860.77 0 0.01 861.55 861.55 861.55 861.55
-29.264900 -50.314899 DCRS-00084 2026-07-29_21:29 11.5 -999.9 -999.9 95.3 -999.9 -999.9 10.8 -999.9 -999.9 -999.9 -999.9 -999.9 0.0 -999.9 4.0 0.0 0.0 37.4 97.6 120.8 123.4 124.8 18.7 11.1 97.8 66.9 55.4 DCRS_-_São_Francisco_de_Paula/Cambará_do_Sul_(865_m) -999.9 -999.9 -999.9 -999.9 -999.9 14.0 10.7 547.0 Rio_Grande_do_Sul DCRS -999.9 0.0 37.4 861.54 861.55 860.77 0 0.01 861.55 861.55 861.55 861.55
-29.264900 -50.314899 DCRS-00084 2026-07-29_21:30 11.5 -999.9 -999.9 95.3 -999.9 -999.9 10.8 -999.9 -999.9 -999.9 -999.9 -999.9 0.0 -999.9 3.1 0.0 0.0 37.4 97.6 120.8 123.4 124.8 18.7 11.1 97.8 66.9 55.4 DCRS_-_São_Francisco_de_Paula/Cambará_do_Sul_(865_m) -999.9 -999.9 -999.9 -999.9 -999.9 14.0 10.7 547.0 Rio_Grande_do_Sul DCRS -999.9 0.0 37.4 861.54 861.55 860.77 0 0.01 861.55 861.55 861.55 861.55
-29.264900 -50.314899 DCRS-00084 2026-07-29_21:31 11.5 -999.9 -999.9 95.3 -999.9 -999.9 10.8 -999.9 -999.9 -999.9 -999.9 -999.9 0.0 -999.9 3.1 0.0 0.0 37.4 97.6 120.8 123.4 124.8 18.7 11.1 97.8 66.9 55.4 DCRS_-_São_Francisco_de_Paula/Cambará_do_Sul_(865_m) -999.9 -999.9 -999.9 -999.9 -999.9 14.0 10.7 547.0 Rio_Grande_do_Sul DCRS -999.9 0.0 37.4 861.54 861.55 860.77 0 0.01 861.55 861.55 861.55 861.55
-29.264900 -50.314899 DCRS-00084 2026-07-29_21:32 11.4 -999.9 -999.9 95.3 -999.9 -999.9 10.7 -999.9 -999.9 -999.9 -999.9 -999.9 2.3 -999.9 3.1 0.0 0.0 37.4 97.6 120.8 123.4 124.8 18.7 11.1 97.8 66.9 55.4 DCRS_-_São_Francisco_de_Paula/Cambará_do_Sul_(865_m) -999.9 -999.9 -999.9 -999.9 -999.9 14.0 10.7 547.0 Rio_Grande_do_Sul DCRS -999.9 0.0 37.4 861.54 861.55 860.77 0 0.01 861.55 861.55 861.55 861.55
-29.264900 -50.314899 DCRS-00084 2026-07-29_21:33 11.5 -999.9 -999.9 95.4 -999.9 -999.9 10.8 -999.9 -999.9 -999.9 -999.9 -999.9 2.6 -999.9 3.1 0.0 0.0 37.4 97.6 120.8 123.4 124.8 18.7 11.1 97.8 66.9 55.4 DCRS_-_São_Francisco_de_Paula/Cambará_do_Sul_(865_m) -999.9 -999.9 -999.9 -999.9 -999.9 14.0 10.7 547.0 Rio_Grande_do_Sul DCRS -999.9 0.0 37.4 861.54 861.55 860.77 0 0.01 861.55 861.55 861.55 861.55
-29.264900 -50.314899 DCRS-00084 2026-07-29_21:34 11.4 -999.9 -999.9 95.4 -999.9 -999.9 10.7 -999.9 -999.9 -999.9 -999.9 -999.9 2.9 -999.9 3.1 0.0 0.0 37.4 97.6 120.8 123.4 124.8 18.7 11.1 97.8 66.9 55.4 DCRS_-_São_Francisco_de_Paula/Cambará_do_Sul_(865_m) -999.9 -999.9 -999.9 -999.9 -999.9 14.0 10.7 547.0 Rio_Grande_do_Sul DCRS -999.9 0.0 37.4 861.53 861.55 860.77 0 0.0 861.55 861.55 861.55 861.55
-29.264900 -50.314899 DCRS-00084 2026-07-29_21:35 11.4 -999.9 -999.9 95.3 -999.9 -999.9 10.7 -999.9 -999.9 -999.9 -999.9 -999.9 -999.9 -999.9 2.9 0.0 0.0 37.4 97.6 120.8 123.4 124.8 18.7 11.1 97.8 66.9 55.4 DCRS_-_São_Francisco_de_Paula/Cambará_do_Sul_(865_m) -999.9 -999.9 -999.9 -999.9 -999.9 14.0 10.7 547.0 Rio_Grande_do_Sul DCRS -999.9 0.0 37.4 861.54 861.55 860.77 0 0.01 861.55 861.55 861.55 861.55
-29.264900 -50.314899 DCRS-00084 2026-07-29_21:36 11.3 -999.9 -999.9 95.2 -999.9 -999.9 10.6 -999.9 -999.9 -999.9 -999.9 -999.9 -999.9 -999.9 2.9 0.0 0.0 37.4 97.6 120.8 123.4 124.8 18.7 11.1 97.8 66.9 55.4 DCRS_-_São_Francisco_de_Paula/Cambará_do_Sul_(865_m) -999.9 -999.9 -999.9 -999.9 -999.9 14.0 10.6 547.0 Rio_Grande_do_Sul DCRS -999.9 0.0 37.4 861.54 861.55 860.77 0 0.02 861.55 861.55 861.55 861.55
-29.264900 -50.314899 DCRS-00084 2026-07-29_21:37 11.3 -999.9 -999.9 95.5 -999.9 -999.9 10.6 -999.9 -999.9 -999.9 -999.9 -999.9 -999.9 -999.9 2.9 0.0 0.0 37.4 97.6 120.8 123.4 124.8 18.7 11.1 97.8 66.9 55.4 DCRS_-_São_Francisco_de_Paula/Cambará_do_Sul_(865_m) -999.9 -999.9 -999.9 -999.9 -999.9 14.0 10.6 547.0 Rio_Grande_do_Sul DCRS -999.9 0.0 37.4 861.54 861.55 860.77 0 0.0 861.55 861.55 861.55 861.55
-29.264900 -50.314899 DCRS-00084 2026-07-29_21:38 11.3 -999.9 -999.9 95.2 -999.9 -999.9 10.6 -999.9 -999.9 -999.9 -999.9 -999.9 0.0 -999.9 2.9 0.0 0.0 37.4 97.6 120.8 123.4 124.8 18.7 11.1 97.8 66.9 55.4 DCRS_-_São_Francisco_de_Paula/Cambará_do_Sul_(865_m) -999.9 -999.9 -999.9 -999.9 -999.9 14.0 10.6 547.0 Rio_Grande_do_Sul DCRS -999.9 0.0 37.4 861.54 861.55 860.77 0 0.01 861.55 861.55 861.55 861.55
-29.264900 -50.314899 DCRS-00084 2026-07-29_21:39 11.2 -999.9 -999.9 94.9 -999.9 -999.9 10.4 -999.9 -999.9 -999.9 -999.9 -999.9 0.0 -999.9 2.9 0.0 0.0 37.4 97.6 120.8 123.4 124.8 18.7 11.1 97.8 66.9 55.4 DCRS_-_São_Francisco_de_Paula/Cambará_do_Sul_(865_m) -999.9 -999.9 -999.9 -999.9 -999.9 14.0 10.4 547.0 Rio_Grande_do_Sul DCRS -999.9 0.0 37.4 861.54 861.55 860.77 0 0.01 861.55 861.55 861.55 861.55
-29.264900 -50.314899 DCRS-00084 2026-07-29_21:40 11.1 -999.9 -999.9 95.2 -999.9 -999.9 10.4 -999.9 -999.9 -999.9 -999.9 -999.9 1.9 -999.9 3.6 0.0 0.0 37.4 97.6 120.8 123.4 124.8 18.7 11.1 97.8 66.9 55.4 DCRS_-_São_Francisco_de_Paula/Cambará_do_Sul_(865_m) -999.9 -999.9 -999.9 -999.9 -999.9 14.0 10.4 547.0 Rio_Grande_do_Sul DCRS -999.9 0.0 37.4 861.54 861.55 860.77 0 0.01 861.55 861.55 861.55 861.55
-29.264900 -50.314899 DCRS-00084 2026-07-29_21:41 11.2 -999.9 -999.9 95.5 -999.9 -999.9 10.5 -999.9 -999.9 -999.9 -999.9 -999.9 0.0 -999.9 3.6 0.0 0.0 37.4 97.6 120.8 123.4 124.8 18.7 11.1 97.8 66.9 55.4 DCRS_-_São_Francisco_de_Paula/Cambará_do_Sul_(865_m) -999.9 -999.9 -999.9 -999.9 -999.9 14.0 10.4 547.0 Rio_Grande_do_Sul DCRS -999.9 0.0 37.4 861.54 861.55 860.77 0 0.01 861.55 861.55 861.55 861.55
-29.264900 -50.314899 DCRS-00084 2026-07-29_21:42 11.2 -999.9 -999.9 95.8 -999.9 -999.9 10.5 -999.9 -999.9 -999.9 -999.9 -999.9 -999.9 -999.9 3.6 0.0 0.0 37.4 97.6 120.8 123.4 124.8 18.7 11.1 97.8 66.9 55.4 DCRS_-_São_Francisco_de_Paula/Cambará_do_Sul_(865_m) -999.9 -999.9 -999.9 -999.9 -999.9 14.0 10.4 547.0 Rio_Grande_do_Sul DCRS -999.9 0.0 37.4 861.54 861.55 860.77 0 0.01 861.55 861.55 861.55 861.55
-29.264900 -50.314899 DCRS-00084 2026-07-29_21:43 11.3 -999.9 -999.9 95.8 -999.9 -999.9 10.6 -999.9 -999.9 -999.9 -999.9 -999.9 3.5 -999.9 3.6 0.0 0.0 37.4 97.6 120.8 123.4 124.8 18.7 11.1 97.8 66.9 55.4 DCRS_-_São_Francisco_de_Paula/Cambará_do_Sul_(865_m) -999.9 -999.9 -999.9 -999.9 -999.9 14.0 10.4 547.0 Rio_Grande_do_Sul DCRS -999.9 0.0 37.4 861.54 861.55 860.77 0 0.01 861.55 861.55 861.55 861.55
-29.264900 -50.314899 DCRS-00084 2026-07-29_21:44 11.2 -999.9 -999.9 95.6 -999.9 -999.9 10.5 -999.9 -999.9 -999.9 -999.9 -999.9 3.2 -999.9 3.6 0.0 0.0 37.4 97.6 120.8 123.4 124.8 18.7 11.1 97.8 66.9 55.4 DCRS_-_São_Francisco_de_Paula/Cambará_do_Sul_(865_m) -999.9 -999.9 -999.9 -999.9 -999.9 14.0 10.4 547.0 Rio_Grande_do_Sul DCRS -999.9 0.0 37.4 861.54 861.55 860.77 0 0.01 861.55 861.55 861.55 861.55
-29.264900 -50.314899 DCRS-00084 2026-07-29_21:45 11.1 -999.9 -999.9 95.7 -999.9 -999.9 10.4 -999.9 -999.9 -999.9 -999.9 -999.9 0.0 -999.9 4.0 0.0 0.0 37.4 97.6 120.8 123.4 124.8 18.7 11.1 97.8 66.9 55.4 DCRS_-_São_Francisco_de_Paula/Cambará_do_Sul_(865_m) -999.9 -999.9 -999.9 -999.9 -999.9 14.0 10.4 547.0 Rio_Grande_do_Sul DCRS -999.9 0.0 37.4 861.54 861.55 860.77 0 0.01 861.55 861.55 861.55 861.55
-29.264900 -50.314899 DCRS-00084 2026-07-29_21:46 11.1 -999.9 -999.9 95.6 -999.9 -999.9 10.4 -999.9 -999.9 -999.9 -999.9 -999.9 0.0 -999.9 4.0 0.0 0.0 37.4 97.6 120.8 123.4 124.8 18.7 11.1 97.8 66.9 55.4 DCRS_-_São_Francisco_de_Paula/Cambará_do_Sul_(865_m) -999.9 -999.9 -999.9 -999.9 -999.9 14.0 10.4 547.0 Rio_Grande_do_Sul DCRS -999.9 0.0 37.4 861.54 861.55 860.77 0 0.02 861.55 861.55 861.55 861.55
-29.264900 -50.314899 DCRS-00084 2026-07-29_21:47 11.1 -999.9 -999.9 95.8 -999.9 -999.9 10.4 -999.9 -999.9 -999.9 -999.9 -999.9 0.0 -999.9 4.0 0.0 0.0 37.4 97.6 120.8 123.4 124.8 18.7 11.1 97.8 66.9 55.4 DCRS_-_São_Francisco_de_Paula/Cambará_do_Sul_(865_m) -999.9 -999.9 -999.9 -999.9 -999.9 14.0 10.4 547.0 Rio_Grande_do_Sul DCRS -999.9 0.0 37.4 861.54 861.55 860.77 0 0.0 861.55 861.55 861.55 861.55
-29.264900 -50.314899 DCRS-00084 2026-07-29_21:48 11.1 -999.9 -999.9 95.8 -999.9 -999.9 10.4 -999.9 -999.9 -999.9 -999.9 -999.9 0.0 -999.9 4.0 0.0 0.0 37.4 97.6 120.8 123.4 124.8 18.7 11.1 97.8 66.9 55.4 DCRS_-_São_Francisco_de_Paula/Cambará_do_Sul_(865_m) -999.9 -999.9 -999.9 -999.9 -999.9 14.0 10.4 547.0 Rio_Grande_do_Sul DCRS -999.9 0.0 37.4 861.54 861.55 860.77 0 0.0 861.55 861.55 861.55 861.55
-29.264900 -50.314899 DCRS-00084 2026-07-29_21:49 11.0 -999.9 -999.9 95.8 -999.9 -999.9 10.3 -999.9 -999.9 -999.9 -999.9 -999.9 0.0 -999.9 4.0 0.0 0.0 37.4 97.6 120.8 123.4 124.8 18.7 11.0 97.8 66.9 55.4 DCRS_-_São_Francisco_de_Paula/Cambará_do_Sul_(865_m) -999.9 -999.9 -999.9 -999.9 -999.9 14.0 10.3 547.0 Rio_Grande_do_Sul DCRS -999.9 0.0 37.4 861.54 861.55 860.77 0 0.0 861.55 861.55 861.55 861.55
-29.264900 -50.314899 DCRS-00084 2026-07-29_21:50 11.0 -999.9 -999.9 95.8 -999.9 -999.9 10.3 -999.9 -999.9 -999.9 -999.9 -999.9 0.0 -999.9 0.0 0.0 0.0 37.4 97.6 120.8 123.4 124.8 18.7 11.0 97.8 66.9 55.4 DCRS_-_São_Francisco_de_Paula/Cambará_do_Sul_(865_m) -999.9 -999.9 -999.9 -999.9 -999.9 14.0 10.3 547.0 Rio_Grande_do_Sul DCRS -999.9 0.0 37.4 861.54 861.55 860.77 0 0.0 861.55 861.55 861.55 861.55
-29.264900 -50.314899 DCRS-00084 2026-07-29_21:51 11.0 -999.9 -999.9 95.9 -999.9 -999.9 10.4 -999.9 -999.9 -999.9 -999.9 -999.9 0.0 -999.9 0.0 0.0 0.0 37.4 97.6 120.8 123.4 124.8 18.7 11.0 97.8 66.9 55.4 DCRS_-_São_Francisco_de_Paula/Cambará_do_Sul_(865_m) -999.9 -999.9 -999.9 -999.9 -999.9 14.0 10.3 547.0 Rio_Grande_do_Sul DCRS -999.9 0.0 37.4 861.54 861.55 860.77 0 0.0 861.55 861.55 861.55 861.55
-29.264900 -50.314899 DCRS-00084 2026-07-29_21:52 11.0 -999.9 -999.9 95.9 -999.9 -999.9 10.4 -999.9 -999.9 -999.9 -999.9 -999.9 0.0 -999.9 0.0 0.0 0.0 37.4 97.6 120.8 123.4 124.8 18.7 11.0 97.8 66.9 55.4 DCRS_-_São_Francisco_de_Paula/Cambará_do_Sul_(865_m) -999.9 -999.9 -999.9 -999.9 -999.9 14.0 10.3 547.0 Rio_Grande_do_Sul DCRS -999.9 0.0 37.4 861.53 861.55 860.77 0 -0.01 861.55 861.55 861.55 861.55
-29.264900 -50.314899 DCRS-00084 2026-07-29_21:53 11.0 -999.9 -999.9 95.9 -999.9 -999.9 10.4 -999.9 -999.9 -999.9 -999.9 -999.9 -999.9 -999.9 0.0 0.0 0.0 37.4 97.6 120.8 123.4 124.8 18.7 11.0 97.8 66.9 55.4 DCRS_-_São_Francisco_de_Paula/Cambará_do_Sul_(865_m) -999.9 -999.9 -999.9 -999.9 -999.9 14.0 10.3 547.0 Rio_Grande_do_Sul DCRS -999.9 0.0 37.4 861.53 861.55 860.77 0 -0.01 861.55 861.55 861.55 861.55
-29.264900 -50.314899 DCRS-00084 2026-07-29_21:54 10.9 -999.9 -999.9 95.7 -999.9 -999.9 10.2 -999.9 -999.9 -999.9 -999.9 -999.9 0.0 -999.9 0.0 0.0 0.0 37.4 97.6 120.8 123.4 124.8 18.7 10.9 97.8 66.9 55.4 DCRS_-_São_Francisco_de_Paula/Cambará_do_Sul_(865_m) -999.9 -999.9 -999.9 -999.9 -999.9 14.0 10.2 547.0 Rio_Grande_do_Sul DCRS -999.9 0.0 37.4 861.53 861.55 860.77 0 -0.01 861.55 861.55 861.55 861.55
-29.264900 -50.314899 DCRS-00084 2026-07-29_21:55 10.8 -999.9 -999.9 95.7 -999.9 -999.9 10.1 -999.9 -999.9 -999.9 -999.9 -999.9 5.1 -999.9 5.2 0.0 0.0 37.4 97.6 120.8 123.4 124.8 18.7 10.8 97.8 66.9 55.4 DCRS_-_São_Francisco_de_Paula/Cambará_do_Sul_(865_m) -999.9 -999.9 -999.9 -999.9 -999.9 14.0 10.1 547.0 Rio_Grande_do_Sul DCRS -999.9 0.0 37.4 861.54 861.55 860.77 0 0.0 861.55 861.55 861.55 861.55
-29.264900 -50.314899 DCRS-00084 2026-07-29_21:56 10.8 -999.9 -999.9 95.9 -999.9 -999.9 10.2 -999.9 -999.9 -999.9 -999.9 -999.9 -999.9 -999.9 5.2 0.0 0.0 37.4 97.6 120.8 123.4 124.8 18.7 10.8 97.8 66.9 55.4 DCRS_-_São_Francisco_de_Paula/Cambará_do_Sul_(865_m) -999.9 -999.9 -999.9 -999.9 -999.9 14.0 10.1 547.0 Rio_Grande_do_Sul DCRS -999.9 0.0 37.4 861.54 861.55 860.77 0 0.0 861.55 861.55 861.55 861.55
-29.264900 -50.314899 DCRS-00084 2026-07-29_21:57 10.9 -999.9 -999.9 96.0 -999.9 -999.9 10.3 -999.9 -999.9 -999.9 -999.9 -999.9 -999.9 -999.9 5.2 0.0 0.0 37.4 97.6 120.8 123.4 124.8 18.7 10.8 97.8 66.9 55.4 DCRS_-_São_Francisco_de_Paula/Cambará_do_Sul_(865_m) -999.9 -999.9 -999.9 -999.9 -999.9 14.0 10.1 547.0 Rio_Grande_do_Sul DCRS -999.9 0.0 37.4 861.54 861.55 860.77 0 0.0 861.55 861.55 861.55 861.55
-29.264900 -50.314899 DCRS-00084 2026-07-29_21:58 10.8 -999.9 -999.9 95.8 -999.9 -999.9 10.1 -999.9 -999.9 -999.9 -999.9 -999.9 -999.9 -999.9 5.2 0.0 0.0 37.4 97.6 120.8 123.4 124.8 18.7 10.8 97.8 66.9 55.4 DCRS_-_São_Francisco_de_Paula/Cambará_do_Sul_(865_m) -999.9 -999.9 -999.9 -999.9 -999.9 14.0 10.1 547.0 Rio_Grande_do_Sul DCRS -999.9 0.0 37.4 861.54 861.55 860.77 0 0.0 861.55 861.55 861.55 861.55
-29.264900 -50.314899 DCRS-00084 2026-07-29_21:59 10.8 -999.9 -999.9 96.1 -999.9 -999.9 10.2 -999.9 -999.9 -999.9 -999.9 -999.9 -999.9 -999.9 5.2 0.0 0.0 37.4 97.6 120.8 123.4 124.8 18.7 10.8 97.8 66.9 55.4 DCRS_-_São_Francisco_de_Paula/Cambará_do_Sul_(865_m) -999.9 -999.9 -999.9 -999.9 -999.9 14.0 10.1 547.0 Rio_Grande_do_Sul DCRS -999.9 0.0 37.4 861.54 861.55 860.77 0 0.0 861.55 861.55 861.55 861.55
-29.264900 -50.314899 DCRS-00084 2026-07-29_22:00 10.7 -999.9 -999.9 96.0 -999.9 -999.9 10.1 -999.9 -999.9 -999.9 -999.9 -999.9 3.4 -999.9 6.7 0.0 0.0 37.4 97.6 120.8 123.4 124.8 18.7 10.7 97.8 66.9 55.4 DCRS_-_São_Francisco_de_Paula/Cambará_do_Sul_(865_m) -999.9 -999.9 -999.9 -999.9 -999.9 14.0 10.1 547.0 Rio_Grande_do_Sul DCRS -999.9 0.0 37.4 861.54 861.55 860.77 0 0.0 861.55 861.55 861.55 861.55
-29.264900 -50.314899 DCRS-00084 2026-07-29_22:01 10.8 -999.9 -999.9 96.1 -999.9 -999.9 10.2 -999.9 -999.9 -999.9 -999.9 -999.9 5.0 -999.9 6.7 0.0 0.0 37.4 97.6 120.8 123.4 124.8 18.7 10.7 97.8 66.9 55.4 DCRS_-_São_Francisco_de_Paula/Cambará_do_Sul_(865_m) -999.9 -999.9 -999.9 -999.9 -999.9 14.0 10.1 547.0 Rio_Grande_do_Sul DCRS -999.9 0.0 37.4 861.54 861.55 860.77 0 0.0 861.55 861.55 861.55 861.55
-29.264900 -50.314899 DCRS-00084 2026-07-29_22:02 10.8 -999.9 -999.9 96.2 -999.9 -999.9 10.2 -999.9 -999.9 -999.9 -999.9 -999.9 5.4 -999.9 6.7 0.0 0.0 37.4 97.6 120.8 123.4 124.8 18.7 10.7 97.8 66.9 55.4 DCRS_-_São_Francisco_de_Paula/Cambará_do_Sul_(865_m) -999.9 -999.9 -999.9 -999.9 -999.9 14.0 10.1 547.0 Rio_Grande_do_Sul DCRS -999.9 0.0 37.4 861.54 861.55 860.77 0 0.0 861.55 861.55 861.55 861.55
-29.264900 -50.314899 DCRS-00084 2026-07-29_22:03 10.8 -999.9 -999.9 96.4 -999.9 -999.9 10.2 -999.9 -999.9 -999.9 -999.9 -999.9 5.0 -999.9 6.7 0.0 0.0 37.4 97.6 120.8 123.4 124.8 18.7 10.7 97.8 66.9 55.4 DCRS_-_São_Francisco_de_Paula/Cambará_do_Sul_(865_m) -999.9 -999.9 -999.9 -999.9 -999.9 14.0 10.1 547.0 Rio_Grande_do_Sul DCRS -999.9 0.0 37.4 861.54 861.55 860.77 0 0.0 861.55 861.55 861.55 861.55
-29.264900 -50.314899 DCRS-00084 2026-07-29_22:04 10.8 -999.9 -999.9 96.4 -999.9 -999.9 10.2 -999.9 -999.9 -999.9 -999.9 -999.9 2.0 -999.9 6.7 0.0 0.0 37.4 97.6 120.8 123.4 124.8 18.7 10.7 97.8 66.9 55.4 DCRS_-_São_Francisco_de_Paula/Cambará_do_Sul_(865_m) -999.9 -999.9 -999.9 -999.9 -999.9 14.0 10.1 547.0 Rio_Grande_do_Sul DCRS -999.9 0.0 37.4 861.54 861.55 860.77 0 0.0 861.55 861.55 861.55 861.55
-29.264900 -50.314899 DCRS-00084 2026-07-29_22:05 10.8 -999.9 -999.9 96.3 -999.9 -999.9 10.2 -999.9 -999.9 -999.9 -999.9 -999.9 0.0 -999.9 5.7 0.0 0.0 37.4 97.6 120.8 123.4 124.8 18.7 10.7 97.8 66.9 55.4 DCRS_-_São_Francisco_de_Paula/Cambará_do_Sul_(865_m) -999.9 -999.9 -999.9 -999.9 -999.9 14.0 10.1 547.0 Rio_Grande_do_Sul DCRS -999.9 0.0 37.4 861.54 861.55 860.77 0 0.0 861.55 861.55 861.55 861.55
-29.264900 -50.314899 DCRS-00084 2026-07-29_22:06 10.8 -999.9 -999.9 96.4 -999.9 -999.9 10.2 -999.9 -999.9 -999.9 -999.9 -999.9 0.0 -999.9 5.7 0.0 0.0 37.4 97.6 120.8 123.4 124.8 18.7 10.7 97.8 66.9 55.4 DCRS_-_São_Francisco_de_Paula/Cambará_do_Sul_(865_m) -999.9 -999.9 -999.9 -999.9 -999.9 14.0 10.1 547.0 Rio_Grande_do_Sul DCRS -999.9 0.0 37.4 861.54 861.55 860.77 0 0.02 861.55 861.55 861.55 861.55
-29.264900 -50.314899 DCRS-00084 2026-07-29_22:07 10.8 -999.9 -999.9 96.5 -999.9 -999.9 10.3 -999.9 -999.9 -999.9 -999.9 -999.9 0.0 -999.9 5.7 0.0 0.0 37.4 97.6 120.8 123.4 124.8 18.7 10.7 97.8 66.9 55.4 DCRS_-_São_Francisco_de_Paula/Cambará_do_Sul_(865_m) -999.9 -999.9 -999.9 -999.9 -999.9 14.0 10.1 547.0 Rio_Grande_do_Sul DCRS -999.9 0.0 37.4 861.54 861.55 860.77 0 0.01 861.55 861.55 861.55 861.55
-29.264900 -50.314899 DCRS-00084 2026-07-29_22:08 10.8 -999.9 -999.9 96.6 -999.9 -999.9 10.3 -999.9 -999.9 -999.9 -999.9 -999.9 0.0 -999.9 5.7 0.0 0.0 37.4 97.6 120.8 123.4 124.8 18.7 10.7 97.8 66.9 55.4 DCRS_-_São_Francisco_de_Paula/Cambará_do_Sul_(865_m) -999.9 -999.9 -999.9 -999.9 -999.9 14.0 10.1 547.0 Rio_Grande_do_Sul DCRS -999.9 0.0 37.4 861.54 861.55 860.77 0 0.01 861.55 861.55 861.55 861.55
-29.264900 -50.314899 DCRS-00084 2026-07-29_22:09 10.8 -999.9 -999.9 96.5 -999.9 -999.9 10.3 -999.9 -999.9 -999.9 -999.9 -999.9 0.0 -999.9 5.7 0.0 0.0 37.4 97.6 120.8 123.4 124.8 18.7 10.7 97.8 66.9 55.4 DCRS_-_São_Francisco_de_Paula/Cambará_do_Sul_(865_m) -999.9 -999.9 -999.9 -999.9 -999.9 14.0 10.1 547.0 Rio_Grande_do_Sul DCRS -999.9 0.0 37.4 861.53 861.55 860.77 0 0.0 861.55 861.55 861.55 861.55
-29.264900 -50.314899 DCRS-00084 2026-07-29_22:10 10.9 -999.9 -999.9 96.5 -999.9 -999.9 10.4 -999.9 -999.9 -999.9 -999.9 -999.9 0.0 -999.9 3.7 0.0 0.0 37.4 97.6 120.8 123.4 124.8 18.7 10.7 97.8 66.9 55.4 DCRS_-_São_Francisco_de_Paula/Cambará_do_Sul_(865_m) -999.9 -999.9 -999.9 -999.9 -999.9 14.0 10.1 547.0 Rio_Grande_do_Sul DCRS -999.9 0.0 37.4 861.53 861.55 860.77 0 0.0 861.55 861.55 861.55 861.55
-29.264900 -50.314899 DCRS-00084 2026-07-29_22:11 10.8 -999.9 -999.9 96.5 -999.9 -999.9 10.3 -999.9 -999.9 -999.9 -999.9 -999.9 0.0 -999.9 3.7 0.0 0.0 37.4 97.6 120.8 123.4 124.8 18.7 10.7 97.8 66.9 55.4 DCRS_-_São_Francisco_de_Paula/Cambará_do_Sul_(865_m) -999.9 -999.9 -999.9 -999.9 -999.9 14.0 10.1 547.0 Rio_Grande_do_Sul DCRS -999.9 0.0 37.4 861.53 861.55 860.77 0 0.0 861.55 861.55 861.55 861.55
-29.264900 -50.314899 DCRS-00084 2026-07-29_22:12 10.9 -999.9 -999.9 96.6 -999.9 -999.9 10.4 -999.9 -999.9 -999.9 -999.9 -999.9 0.0 -999.9 3.7 0.0 0.0 37.4 97.6 120.8 123.4 124.8 18.7 10.7 97.8 66.9 55.4 DCRS_-_São_Francisco_de_Paula/Cambará_do_Sul_(865_m) -999.9 -999.9 -999.9 -999.9 -999.9 14.0 10.1 547.0 Rio_Grande_do_Sul DCRS -999.9 0.0 37.4 861.53 861.55 860.77 0 0.0 861.55 861.55 861.55 861.55
-29.264900 -50.314899 DCRS-00084 2026-07-29_22:13 10.8 -999.9 -999.9 96.5 -999.9 -999.9 10.3 -999.9 -999.9 -999.9 -999.9 -999.9 0.0 -999.9 3.7 0.0 0.0 37.4 97.6 120.8 123.4 124.8 18.7 10.7 97.8 66.9 55.4 DCRS_-_São_Francisco_de_Paula/Cambará_do_Sul_(865_m) -999.9 -999.9 -999.9 -999.9 -999.9 14.0 10.1 547.0 Rio_Grande_do_Sul DCRS -999.9 0.0 37.4 861.53 861.55 860.77 0 0.0 861.55 861.55 861.55 861.55
-29.264900 -50.314899 DCRS-00084 2026-07-29_22:14 10.9 -999.9 -999.9 96.6 -999.9 -999.9 10.4 -999.9 -999.9 -999.9 -999.9 -999.9 0.0 -999.9 3.7 0.0 0.0 37.4 97.6 120.8 123.4 124.8 18.7 10.7 97.8 66.9 55.4 DCRS_-_São_Francisco_de_Paula/Cambará_do_Sul_(865_m) -999.9 -999.9 -999.9 -999.9 -999.9 14.0 10.1 547.0 Rio_Grande_do_Sul DCRS -999.9 0.0 37.4 861.53 861.55 860.77 0 0.0 861.55 861.55 861.55 861.55
-29.264900 -50.314899 DCRS-00084 2026-07-29_22:15 10.9 -999.9 -999.9 96.6 -999.9 -999.9 10.4 -999.9 -999.9 -999.9 -999.9 -999.9 0.0 -999.9 0.0 0.0 0.0 37.4 97.6 120.8 123.4 124.8 18.7 10.7 97.8 66.9 55.4 DCRS_-_São_Francisco_de_Paula/Cambará_do_Sul_(865_m) -999.9 -999.9 -999.9 -999.9 -999.9 14.0 10.1 547.0 Rio_Grande_do_Sul DCRS -999.9 0.0 37.4 861.54 861.55 860.77 0 0.01 861.55 861.55 861.55 861.55
-29.264900 -50.314899 DCRS-00084 2026-07-29_22:16 10.9 -999.9 -999.9 96.6 -999.9 -999.9 10.4 -999.9 -999.9 -999.9 -999.9 -999.9 0.0 -999.9 0.0 0.0 0.0 37.4 97.6 120.8 123.4 124.8 18.7 10.7 97.8 66.9 55.4 DCRS_-_São_Francisco_de_Paula/Cambará_do_Sul_(865_m) -999.9 -999.9 -999.9 -999.9 -999.9 14.0 10.1 547.0 Rio_Grande_do_Sul DCRS -999.9 0.0 37.4 861.54 861.55 860.77 0 0.01 861.55 861.55 861.55 861.55
-29.264900 -50.314899 DCRS-00084 2026-07-29_22:17 10.9 -999.9 -999.9 96.6 -999.9 -999.9 10.4 -999.9 -999.9 -999.9 -999.9 -999.9 0.0 -999.9 0.0 0.0 0.0 37.4 97.6 120.8 123.4 124.8 18.7 10.7 97.8 66.9 55.4 DCRS_-_São_Francisco_de_Paula/Cambará_do_Sul_(865_m) -999.9 -999.9 -999.9 -999.9 -999.9 14.0 10.1 547.0 Rio_Grande_do_Sul DCRS -999.9 0.0 37.4 861.54 861.55 860.77 0 0.0 861.55 861.55 861.55 861.55
-29.264900 -50.314899 DCRS-00084 2026-07-29_22:18 10.9 -999.9 -999.9 96.6 -999.9 -999.9 10.4 -999.9 -999.9 -999.9 -999.9 -999.9 0.0 -999.9 0.0 0.0 0.0 37.4 97.6 120.8 123.4 124.8 18.7 10.7 97.8 66.9 55.4 DCRS_-_São_Francisco_de_Paula/Cambará_do_Sul_(865_m) -999.9 -999.9 -999.9 -999.9 -999.9 14.0 10.1 547.0 Rio_Grande_do_Sul DCRS -999.9 0.0 37.4 861.53 861.55 860.77 0 -0.01 861.55 861.55 861.55 861.55
-29.264900 -50.314899 DCRS-00084 2026-07-29_22:19 10.9 -999.9 -999.9 96.6 -999.9 -999.9 10.4 -999.9 -999.9 -999.9 -999.9 -999.9 0.0 -999.9 0.0 0.0 0.0 37.4 97.6 120.8 123.4 124.8 18.7 10.7 97.8 66.9 55.4 DCRS_-_São_Francisco_de_Paula/Cambará_do_Sul_(865_m) -999.9 -999.9 -999.9 -999.9 -999.9 14.0 10.1 547.0 Rio_Grande_do_Sul DCRS -999.9 0.0 37.4 861.53 861.55 860.77 0 -0.01 861.55 861.55 861.55 861.55
-29.264900 -50.314899 DCRS-00084 2026-07-29_22:20 10.9 -999.9 -999.9 96.6 -999.9 -999.9 10.4 -999.9 -999.9 -999.9 -999.9 -999.9 0.0 -999.9 0.0 0.0 0.0 37.4 97.6 120.8 123.4 124.8 18.7 10.7 97.8 66.9 55.4 DCRS_-_São_Francisco_de_Paula/Cambará_do_Sul_(865_m) -999.9 -999.9 -999.9 -999.9 -999.9 14.0 10.1 547.0 Rio_Grande_do_Sul DCRS -999.9 0.0 37.4 861.54 861.55 860.77 0 0.0 861.55 861.55 861.55 861.55
-29.264900 -50.314899 DCRS-00084 2026-07-29_22:21 10.9 -999.9 -999.9 96.6 -999.9 -999.9 10.4 -999.9 -999.9 -999.9 -999.9 -999.9 0.0 -999.9 0.0 0.0 0.0 37.4 97.6 120.8 123.4 124.8 18.7 10.7 97.8 66.9 55.4 DCRS_-_São_Francisco_de_Paula/Cambará_do_Sul_(865_m) -999.9 -999.9 -999.9 -999.9 -999.9 14.0 10.1 547.0 Rio_Grande_do_Sul DCRS -999.9 0.0 37.4 861.54 861.55 860.77 0 0.0 861.55 861.55 861.55 861.55
-29.264900 -50.314899 DCRS-00084 2026-07-29_22:22 10.9 -999.9 -999.9 96.6 -999.9 -999.9 10.4 -999.9 -999.9 -999.9 -999.9 -999.9 0.0 -999.9 0.0 0.0 0.0 37.4 97.6 120.8 123.4 124.8 18.7 10.7 97.8 66.9 55.4 DCRS_-_São_Francisco_de_Paula/Cambará_do_Sul_(865_m) -999.9 -999.9 -999.9 -999.9 -999.9 14.0 10.1 547.0 Rio_Grande_do_Sul DCRS -999.9 0.0 37.4 861.54 861.55 860.77 0 0.0 861.55 861.55 861.55 861.55
-29.264900 -50.314899 DCRS-00084 2026-07-29_22:23 11.0 -999.9 -999.9 96.6 -999.9 -999.9 10.5 -999.9 -999.9 -999.9 -999.9 -999.9 0.0 -999.9 0.0 0.0 0.0 37.4 97.6 120.8 123.4 124.8 18.7 10.7 97.8 66.9 55.4 DCRS_-_São_Francisco_de_Paula/Cambará_do_Sul_(865_m) -999.9 -999.9 -999.9 -999.9 -999.9 14.0 10.1 547.0 Rio_Grande_do_Sul DCRS -999.9 0.0 37.4 861.54 861.55 860.77 0 0.0 861.55 861.55 861.55 861.55
-29.264900 -50.314899 DCRS-00084 2026-07-29_22:24 11.0 -999.9 -999.9 96.6 -999.9 -999.9 10.5 -999.9 -999.9 -999.9 -999.9 -999.9 0.0 -999.9 0.0 0.0 0.0 37.4 97.6 120.8 123.4 124.8 18.7 10.7 97.8 66.9 55.4 DCRS_-_São_Francisco_de_Paula/Cambará_do_Sul_(865_m) -999.9 -999.9 -999.9 -999.9 -999.9 14.0 10.1 547.0 Rio_Grande_do_Sul DCRS -999.9 0.0 37.4 861.54 861.55 860.77 0 0.0 861.55 861.55 861.55 861.55
-29.264900 -50.314899 DCRS-00084 2026-07-29_22:25 11.0 -999.9 -999.9 96.7 -999.9 -999.9 10.5 -999.9 -999.9 -999.9 -999.9 -999.9 0.0 -999.9 0.0 0.0 0.0 37.4 97.6 120.8 123.4 124.8 18.7 10.7 97.8 66.9 55.4 DCRS_-_São_Francisco_de_Paula/Cambará_do_Sul_(865_m) -999.9 -999.9 -999.9 -999.9 -999.9 14.0 10.1 547.0 Rio_Grande_do_Sul DCRS -999.9 0.0 37.4 861.55 861.55 860.77 0 0.02 861.55 861.55 861.55 861.55
-29.264900 -50.314899 DCRS-00084 2026-07-29_22:26 11.0 -999.9 -999.9 96.7 -999.9 -999.9 10.5 -999.9 -999.9 -999.9 -999.9 -999.9 0.0 -999.9 0.0 0.0 0.0 37.4 97.6 120.8 123.4 124.8 18.7 10.7 97.8 66.9 55.4 DCRS_-_São_Francisco_de_Paula/Cambará_do_Sul_(865_m) -999.9 -999.9 -999.9 -999.9 -999.9 14.0 10.1 547.0 Rio_Grande_do_Sul DCRS -999.9 0.0 37.4 861.55 861.55 860.77 0 0.0 861.55 861.55 861.55 861.55
-29.264900 -50.314899 DCRS-00084 2026-07-29_22:27 11.0 -999.9 -999.9 96.6 -999.9 -999.9 10.5 -999.9 -999.9 -999.9 -999.9 -999.9 0.0 -999.9 0.0 0.0 0.0 37.4 97.6 120.8 123.4 124.8 18.7 10.7 97.8 66.9 55.4 DCRS_-_São_Francisco_de_Paula/Cambará_do_Sul_(865_m) -999.9 -999.9 -999.9 -999.9 -999.9 14.0 10.1 547.0 Rio_Grande_do_Sul DCRS -999.9 0.0 37.4 861.55 861.55 860.77 0 0.01 861.55 861.55 861.55 861.55
-29.264900 -50.314899 DCRS-00084 2026-07-29_22:28 11.1 -999.9 -999.9 96.6 -999.9 -999.9 10.6 -999.9 -999.9 -999.9 -999.9 -999.9 0.0 -999.9 0.0 0.0 0.0 37.4 97.6 120.8 123.4 124.8 18.7 10.7 97.8 66.9 55.4 DCRS_-_São_Francisco_de_Paula/Cambará_do_Sul_(865_m) -999.9 -999.9 -999.9 -999.9 -999.9 14.0 10.1 547.0 Rio_Grande_do_Sul DCRS -999.9 0.0 37.4 861.55 861.55 860.77 0 0.01 861.55 861.55 861.55 861.55
-29.264900 -50.314899 DCRS-00084 2026-07-29_22:29 11.1 -999.9 -999.9 96.7 -999.9 -999.9 10.6 -999.9 -999.9 -999.9 -999.9 -999.9 0.0 -999.9 0.0 0.0 0.0 37.4 97.6 120.8 123.4 124.8 18.7 10.7 97.8 66.9 55.4 DCRS_-_São_Francisco_de_Paula/Cambará_do_Sul_(865_m) -999.9 -999.9 -999.9 -999.9 -999.9 14.0 10.1 547.0 Rio_Grande_do_Sul DCRS -999.9 0.0 37.4 861.54 861.55 860.77 0 0.0 861.55 861.55 861.55 861.55
-29.264900 -50.314899 DCRS-00084 2026-07-29_22:30 11.1 -999.9 -999.9 96.8 -999.9 -999.9 10.6 -999.9 -999.9 -999.9 -999.9 -999.9 0.0 -999.9 0.0 0.0 0.0 37.4 97.6 120.8 123.4 124.8 18.7 10.7 97.8 66.9 55.4 DCRS_-_São_Francisco_de_Paula/Cambará_do_Sul_(865_m) -999.9 -999.9 -999.9 -999.9 -999.9 14.0 10.1 547.0 Rio_Grande_do_Sul DCRS -999.9 0.0 37.4 861.54 861.55 860.77 0 0.0 861.55 861.55 861.55 861.55
-29.264900 -50.314899 DCRS-00084 2026-07-29_22:31 11.1 -999.9 -999.9 96.7 -999.9 -999.9 10.6 -999.9 -999.9 -999.9 -999.9 -999.9 0.0 -999.9 0.0 0.0 0.0 37.4 97.6 120.8 123.4 124.8 18.7 10.7 97.8 66.9 55.4 DCRS_-_São_Francisco_de_Paula/Cambará_do_Sul_(865_m) -999.9 -999.9 -999.9 -999.9 -999.9 14.0 10.1 547.0 Rio_Grande_do_Sul DCRS -999.9 0.0 37.4 861.54 861.55 860.77 0 0.0 861.55 861.55 861.55 861.55
-29.264900 -50.314899 DCRS-00084 2026-07-29_22:32 11.1 -999.9 -999.9 96.7 -999.9 -999.9 10.6 -999.9 -999.9 -999.9 -999.9 -999.9 0.0 -999.9 0.0 0.0 0.0 37.4 97.6 120.8 123.4 124.8 18.7 10.7 97.8 66.9 55.4 DCRS_-_São_Francisco_de_Paula/Cambará_do_Sul_(865_m) -999.9 -999.9 -999.9 -999.9 -999.9 14.0 10.1 547.0 Rio_Grande_do_Sul DCRS -999.9 0.0 37.4 861.54 861.55 860.77 0 0.0 861.55 861.55 861.55 861.55
-29.264900 -50.314899 DCRS-00084 2026-07-29_22:33 11.1 -999.9 -999.9 96.7 -999.9 -999.9 10.6 -999.9 -999.9 -999.9 -999.9 -999.9 0.0 -999.9 0.0 0.0 0.0 37.4 97.6 120.8 123.4 124.8 18.7 10.7 97.8 66.9 55.4 DCRS_-_São_Francisco_de_Paula/Cambará_do_Sul_(865_m) -999.9 -999.9 -999.9 -999.9 -999.9 14.0 10.1 547.0 Rio_Grande_do_Sul DCRS -999.9 0.0 37.4 861.54 861.55 860.77 0 0.0 861.55 861.55 861.55 861.55
-29.264900 -50.314899 DCRS-00084 2026-07-29_22:34 11.1 -999.9 -999.9 96.6 -999.9 -999.9 10.6 -999.9 -999.9 -999.9 -999.9 -999.9 0.0 -999.9 0.0 0.0 0.0 37.4 97.6 120.8 123.4 124.8 18.7 10.7 97.8 66.9 55.4 DCRS_-_São_Francisco_de_Paula/Cambará_do_Sul_(865_m) -999.9 -999.9 -999.9 -999.9 -999.9 14.0 10.1 547.0 Rio_Grande_do_Sul DCRS -999.9 0.0 37.4 861.55 861.55 860.77 0 0.02 861.55 861.55 861.55 861.55
-29.264900 -50.314899 DCRS-00084 2026-07-29_22:35 11.2 -999.9 -999.9 96.5 -999.9 -999.9 10.7 -999.9 -999.9 -999.9 -999.9 -999.9 0.0 -999.9 4.8 0.0 0.0 37.4 97.6 120.8 123.4 124.8 18.7 10.7 97.8 66.9 55.4 DCRS_-_São_Francisco_de_Paula/Cambará_do_Sul_(865_m) -999.9 -999.9 -999.9 -999.9 -999.9 14.0 10.1 547.0 Rio_Grande_do_Sul DCRS -999.9 0.0 37.4 861.55 861.55 860.77 0 0.01 861.55 861.55 861.55 861.55
-29.264900 -50.314899 DCRS-00084 2026-07-29_22:36 11.1 -999.9 -999.9 96.5 -999.9 -999.9 10.6 -999.9 -999.9 -999.9 -999.9 -999.9 2.9 -999.9 4.8 0.0 0.0 37.4 97.6 120.8 123.4 124.8 18.7 10.7 97.8 66.9 55.4 DCRS_-_São_Francisco_de_Paula/Cambará_do_Sul_(865_m) -999.9 -999.9 -999.9 -999.9 -999.9 14.0 10.1 547.0 Rio_Grande_do_Sul DCRS -999.9 0.0 37.4 861.55 861.55 860.77 0 0.01 861.55 861.55 861.55 861.55
-29.264900 -50.314899 DCRS-00084 2026-07-29_22:37 11.0 -999.9 -999.9 96.6 -999.9 -999.9 10.5 -999.9 -999.9 -999.9 -999.9 -999.9 3.1 -999.9 4.8 0.0 0.0 37.4 97.6 120.8 123.4 124.8 18.7 10.7 97.8 66.9 55.4 DCRS_-_São_Francisco_de_Paula/Cambará_do_Sul_(865_m) -999.9 -999.9 -999.9 -999.9 -999.9 14.0 10.1 547.0 Rio_Grande_do_Sul DCRS -999.9 0.0 37.4 861.54 861.55 860.77 0 0.0 861.55 861.55 861.55 861.55
-29.264900 -50.314899 DCRS-00084 2026-07-29_22:38 11.2 -999.9 -999.9 96.7 -999.9 -999.9 10.7 -999.9 -999.9 -999.9 -999.9 -999.9 3.0 -999.9 4.8 0.0 0.0 37.4 97.6 120.8 123.4 124.8 18.7 10.7 97.8 66.9 55.4 DCRS_-_São_Francisco_de_Paula/Cambará_do_Sul_(865_m) -999.9 -999.9 -999.9 -999.9 -999.9 14.0 10.1 547.0 Rio_Grande_do_Sul DCRS -999.9 0.0 37.4 861.54 861.55 860.77 0 0.0 861.55 861.55 861.55 861.55
-29.264900 -50.314899 DCRS-00084 2026-07-29_22:39 11.1 -999.9 -999.9 96.7 -999.9 -999.9 10.6 -999.9 -999.9 -999.9 -999.9 -999.9 2.7 -999.9 4.8 0.0 0.0 37.4 97.6 120.8 123.4 124.8 18.7 10.7 97.8 66.9 55.4 DCRS_-_São_Francisco_de_Paula/Cambará_do_Sul_(865_m) -999.9 -999.9 -999.9 -999.9 -999.9 14.0 10.1 547.0 Rio_Grande_do_Sul DCRS -999.9 0.0 37.4 861.53 861.55 860.77 0 -0.01 861.55 861.55 861.55 861.55
-29.264900 -50.314899 DCRS-00084 2026-07-29_22:40 11.1 -999.9 -999.9 96.8 -999.9 -999.9 10.6 -999.9 -999.9 -999.9 -999.9 -999.9 1.9 -999.9 4.9 0.0 0.0 37.4 97.6 120.8 123.4 124.8 18.7 10.7 97.8 66.9 55.4 DCRS_-_São_Francisco_de_Paula/Cambará_do_Sul_(865_m) -999.9 -999.9 -999.9 -999.9 -999.9 14.0 10.1 547.0 Rio_Grande_do_Sul DCRS -999.9 0.0 37.4 861.54 861.55 860.77 0 0.0 861.55 861.55 861.55 861.55
-29.264900 -50.314899 DCRS-00084 2026-07-29_22:41 11.2 -999.9 -999.9 96.8 -999.9 -999.9 10.7 -999.9 -999.9 -999.9 -999.9 -999.9 0.0 -999.9 4.9 0.0 0.0 37.4 97.6 120.8 123.4 124.8 18.7 10.7 97.8 66.9 55.4 DCRS_-_São_Francisco_de_Paula/Cambará_do_Sul_(865_m) -999.9 -999.9 -999.9 -999.9 -999.9 14.0 10.1 547.0 Rio_Grande_do_Sul DCRS -999.9 0.0 37.4 861.55 861.55 860.77 0 0.01 861.55 861.55 861.55 861.55
-29.264900 -50.314899 DCRS-00084 2026-07-29_22:42 11.2 -999.9 -999.9 96.8 -999.9 -999.9 10.7 -999.9 -999.9 -999.9 -999.9 -999.9 0.0 -999.9 4.9 0.0 0.0 37.4 97.6 120.8 123.4 124.8 18.7 10.7 97.8 66.9 55.4 DCRS_-_São_Francisco_de_Paula/Cambará_do_Sul_(865_m) -999.9 -999.9 -999.9 -999.9 -999.9 14.0 10.1 547.0 Rio_Grande_do_Sul DCRS -999.9 0.0 37.4 861.55 861.55 860.77 0 0.01 861.55 861.55 861.55 861.55
-29.264900 -50.314899 DCRS-00084 2026-07-29_22:43 11.2 -999.9 -999.9 96.9 -999.9 -999.9 10.7 -999.9 -999.9 -999.9 -999.9 -999.9 1.9 -999.9 4.9 0.0 0.0 37.4 97.6 120.8 123.4 124.8 18.7 10.7 97.8 66.9 55.4 DCRS_-_São_Francisco_de_Paula/Cambará_do_Sul_(865_m) -999.9 -999.9 -999.9 -999.9 -999.9 14.0 10.1 547.0 Rio_Grande_do_Sul DCRS -999.9 0.0 37.4 861.54 861.55 860.77 0 0.0 861.55 861.55 861.55 861.55
-29.264900 -50.314899 DCRS-00084 2026-07-29_22:44 11.2 -999.9 -999.9 96.8 -999.9 -999.9 10.7 -999.9 -999.9 -999.9 -999.9 -999.9 2.3 -999.9 4.9 0.0 0.0 37.4 97.6 120.8 123.4 124.8 18.7 10.7 97.8 66.9 55.4 DCRS_-_São_Francisco_de_Paula/Cambará_do_Sul_(865_m) -999.9 -999.9 -999.9 -999.9 -999.9 14.0 10.1 547.0 Rio_Grande_do_Sul DCRS -999.9 0.0 37.4 861.55 861.55 860.77 0 0.01 861.55 861.55 861.55 861.55
-29.264900 -50.314899 DCRS-00084 2026-07-29_22:45 11.2 -999.9 -999.9 96.7 -999.9 -999.9 10.7 -999.9 -999.9 -999.9 -999.9 -999.9 0.0 -999.9 3.5 0.0 0.0 37.4 97.6 120.8 123.4 124.8 18.7 10.7 97.8 66.9 55.4 DCRS_-_São_Francisco_de_Paula/Cambará_do_Sul_(865_m) -999.9 -999.9 -999.9 -999.9 -999.9 14.0 10.1 547.0 Rio_Grande_do_Sul DCRS -999.9 0.0 37.4 861.55 861.55 860.77 0 0.01 861.55 861.55 861.55 861.55
-29.264900 -50.314899 DCRS-00084 2026-07-29_22:46 11.2 -999.9 -999.9 96.7 -999.9 -999.9 10.7 -999.9 -999.9 -999.9 -999.9 -999.9 0.0 -999.9 3.5 0.0 0.0 37.4 97.6 120.8 123.4 124.8 18.7 10.7 97.8 66.9 55.4 DCRS_-_São_Francisco_de_Paula/Cambará_do_Sul_(865_m) -999.9 -999.9 -999.9 -999.9 -999.9 14.0 10.1 547.0 Rio_Grande_do_Sul DCRS -999.9 0.0 37.4 861.54 861.55 860.77 0 0.0 861.55 861.55 861.55 861.55
-29.264900 -50.314899 DCRS-00084 2026-07-29_22:47 11.2 -999.9 -999.9 96.8 -999.9 -999.9 10.7 -999.9 -999.9 -999.9 -999.9 -999.9 0.0 -999.9 3.5 0.0 0.0 37.4 97.6 120.8 123.4 124.8 18.7 10.7 97.8 66.9 55.4 DCRS_-_São_Francisco_de_Paula/Cambará_do_Sul_(865_m) -999.9 -999.9 -999.9 -999.9 -999.9 14.0 10.1 547.0 Rio_Grande_do_Sul DCRS -999.9 0.0 37.4 861.55 861.55 860.77 0 0.01 861.55 861.55 861.55 861.55
-29.264900 -50.314899 DCRS-00084 2026-07-29_22:48 11.2 -999.9 -999.9 96.7 -999.9 -999.9 10.7 -999.9 -999.9 -999.9 -999.9 -999.9 2.7 -999.9 3.5 0.0 0.0 37.4 97.6 120.8 123.4 124.8 18.7 10.7 97.8 66.9 55.4 DCRS_-_São_Francisco_de_Paula/Cambará_do_Sul_(865_m) -999.9 -999.9 -999.9 -999.9 -999.9 14.0 10.1 547.0 Rio_Grande_do_Sul DCRS -999.9 0.0 37.4 861.54 861.55 860.77 0 0.0 861.55 861.55 861.55 861.55
-29.264900 -50.314899 DCRS-00084 2026-07-29_22:49 11.2 -999.9 -999.9 96.6 -999.9 -999.9 10.7 -999.9 -999.9 -999.9 -999.9 -999.9 0.0 -999.9 3.5 0.0 0.0 37.4 97.6 120.8 123.4 124.8 18.7 10.7 97.8 66.9 55.4 DCRS_-_São_Francisco_de_Paula/Cambará_do_Sul_(865_m) -999.9 -999.9 -999.9 -999.9 -999.9 14.0 10.1 547.0 Rio_Grande_do_Sul DCRS -999.9 0.0 37.4 861.54 861.55 860.77 0 0.0 861.55 861.55 861.55 861.55
-29.264900 -50.314899 DCRS-00084 2026-07-29_22:50 11.2 -999.9 -999.9 96.7 -999.9 -999.9 10.7 -999.9 -999.9 -999.9 -999.9 -999.9 0.0 -999.9 3.0 0.0 0.0 37.4 97.6 120.8 123.4 124.8 18.7 10.7 97.8 66.9 55.4 DCRS_-_São_Francisco_de_Paula/Cambará_do_Sul_(865_m) -999.9 -999.9 -999.9 -999.9 -999.9 14.0 10.1 547.0 Rio_Grande_do_Sul DCRS -999.9 0.0 37.4 861.54 861.55 860.77 0 0.0 861.55 861.55 861.55 861.55
-29.264900 -50.314899 DCRS-00084 2026-07-29_22:51 11.2 -999.9 -999.9 96.8 -999.9 -999.9 10.7 -999.9 -999.9 -999.9 -999.9 -999.9 2.4 -999.9 3.0 0.0 0.0 37.4 97.6 120.8 123.4 124.8 18.7 10.7 97.8 66.9 55.4 DCRS_-_São_Francisco_de_Paula/Cambará_do_Sul_(865_m) -999.9 -999.9 -999.9 -999.9 -999.9 14.0 10.1 547.0 Rio_Grande_do_Sul DCRS -999.9 0.0 37.4 861.54 861.55 860.77 0 0.0 861.55 861.55 861.55 861.55
-29.264900 -50.314899 DCRS-00084 2026-07-29_22:52 11.2 -999.9 -999.9 96.8 -999.9 -999.9 10.7 -999.9 -999.9 -999.9 -999.9 -999.9 0.0 -999.9 3.0 0.0 0.0 37.4 97.6 120.8 123.4 124.8 18.7 10.7 97.8 66.9 55.4 DCRS_-_São_Francisco_de_Paula/Cambará_do_Sul_(865_m) -999.9 -999.9 -999.9 -999.9 -999.9 14.0 10.1 547.0 Rio_Grande_do_Sul DCRS -999.9 0.0 37.4 861.55 861.55 860.77 1 0.02 861.55 861.55 861.55 861.55
-29.264900 -50.314899 DCRS-00084 2026-07-29_22:53 11.2 -999.9 -999.9 96.9 -999.9 -999.9 10.7 -999.9 -999.9 -999.9 -999.9 -999.9 0.0 -999.9 3.0 0.0 0.0 37.4 97.6 120.8 123.4 124.8 18.7 10.7 97.8 66.9 55.4 DCRS_-_São_Francisco_de_Paula/Cambará_do_Sul_(865_m) -999.9 -999.9 -999.9 -999.9 -999.9 14.0 10.1 547.0 Rio_Grande_do_Sul DCRS -999.9 0.0 37.4 861.55 861.55 860.77 1 0.02 861.55 861.55 861.55 861.55
-29.264900 -50.314899 DCRS-00084 2026-07-29_22:54 11.3 -999.9 -999.9 96.8 -999.9 -999.9 10.8 -999.9 -999.9 -999.9 -999.9 -999.9 0.0 -999.9 3.0 0.0 0.0 37.4 97.6 120.8 123.4 124.8 18.7 10.7 97.8 66.9 55.4 DCRS_-_São_Francisco_de_Paula/Cambará_do_Sul_(865_m) -999.9 -999.9 -999.9 -999.9 -999.9 14.0 10.1 547.0 Rio_Grande_do_Sul DCRS -999.9 0.0 37.4 861.53 861.55 860.77 0 0.0 861.55 861.55 861.55 861.55
-29.264900 -50.314899 DCRS-00084 2026-07-29_22:55 11.3 -999.9 -999.9 96.9 -999.9 -999.9 10.8 -999.9 -999.9 -999.9 -999.9 -999.9 0.0 -999.9 2.7 0.0 0.0 37.4 97.6 120.8 123.4 124.8 18.7 10.7 97.8 66.9 55.4 DCRS_-_São_Francisco_de_Paula/Cambará_do_Sul_(865_m) -999.9 -999.9 -999.9 -999.9 -999.9 14.0 10.1 547.0 Rio_Grande_do_Sul DCRS -999.9 0.0 37.4 861.55 861.55 860.77 0 0.01 861.55 861.55 861.55 861.55
-29.264900 -50.314899 DCRS-00084 2026-07-29_22:56 11.3 -999.9 -999.9 96.8 -999.9 -999.9 10.8 -999.9 -999.9 -999.9 -999.9 -999.9 0.0 -999.9 2.7 0.0 0.0 37.4 97.6 120.8 123.4 124.8 18.7 10.7 97.8 66.9 55.4 DCRS_-_São_Francisco_de_Paula/Cambará_do_Sul_(865_m) -999.9 -999.9 -999.9 -999.9 -999.9 14.0 10.1 547.0 Rio_Grande_do_Sul DCRS -999.9 0.0 37.4 861.55 861.55 860.77 0 0.01 861.55 861.55 861.55 861.55
-29.264900 -50.314899 DCRS-00084 2026-07-29_22:57 11.3 -999.9 -999.9 96.6 -999.9 -999.9 10.8 -999.9 -999.9 -999.9 -999.9 -999.9 2.3 -999.9 2.7 0.0 0.0 37.4 97.6 120.8 123.4 124.8 18.7 10.7 97.8 66.9 55.4 DCRS_-_São_Francisco_de_Paula/Cambará_do_Sul_(865_m) -999.9 -999.9 -999.9 -999.9 -999.9 14.0 10.1 547.0 Rio_Grande_do_Sul DCRS -999.9 0.0 37.4 861.54 861.55 860.77 0 0.0 861.55 861.55 861.55 861.55
-29.264900 -50.314899 DCRS-00084 2026-07-29_22:58 11.3 -999.9 -999.9 96.7 -999.9 -999.9 10.8 -999.9 -999.9 -999.9 -999.9 -999.9 0.0 -999.9 2.7 0.0 0.0 37.4 97.6 120.8 123.4 124.8 18.7 10.7 97.8 66.9 55.4 DCRS_-_São_Francisco_de_Paula/Cambará_do_Sul_(865_m) -999.9 -999.9 -999.9 -999.9 -999.9 14.0 10.1 547.0 Rio_Grande_do_Sul DCRS -999.9 0.0 37.4 861.55 861.55 860.77 0 0.01 861.55 861.55 861.55 861.55
-29.264900 -50.314899 DCRS-00084 2026-07-29_22:59 11.2 -999.9 -999.9 96.7 -999.9 -999.9 10.7 -999.9 -999.9 -999.9 -999.9 -999.9 0.0 -999.9 2.7 0.0 0.0 37.4 97.6 120.8 123.4 124.8 18.7 10.7 97.8 66.9 55.4 DCRS_-_São_Francisco_de_Paula/Cambará_do_Sul_(865_m) -999.9 -999.9 -999.9 -999.9 -999.9 14.0 10.1 547.0 Rio_Grande_do_Sul DCRS -999.9 0.0 37.4 861.54 861.55 860.77 0 0.0 861.55 861.55 861.55 861.55
-29.264900 -50.314899 DCRS-00084 2026-07-29_23:00 11.3 -999.9 -999.9 96.8 -999.9 -999.9 10.8 -999.9 -999.9 -999.9 -999.9 -999.9 2.7 -999.9 3.4 0.0 0.0 37.4 97.6 120.8 123.4 124.8 18.7 10.7 97.8 66.9 55.4 DCRS_-_São_Francisco_de_Paula/Cambará_do_Sul_(865_m) -999.9 -999.9 -999.9 -999.9 -999.9 14.0 10.1 547.0 Rio_Grande_do_Sul DCRS -999.9 0.0 37.4 861.54 861.55 860.77 0 0.0 861.55 861.55 861.55 861.55
-29.264900 -50.314899 DCRS-00084 2026-07-29_23:01 11.3 -999.9 -999.9 96.8 -999.9 -999.9 10.8 -999.9 -999.9 -999.9 -999.9 -999.9 3.0 -999.9 3.4 0.0 0.0 37.4 97.6 120.8 123.4 124.8 18.7 10.7 97.8 66.9 55.4 DCRS_-_São_Francisco_de_Paula/Cambará_do_Sul_(865_m) -999.9 -999.9 -999.9 -999.9 -999.9 14.0 10.1 547.0 Rio_Grande_do_Sul DCRS -999.9 0.0 37.4 861.54 861.55 860.77 0 0.0 861.55 861.55 861.55 861.55
-29.264900 -50.314899 DCRS-00084 2026-07-29_23:02 11.3 -999.9 -999.9 96.9 -999.9 -999.9 10.8 -999.9 -999.9 -999.9 -999.9 -999.9 1.8 -999.9 3.4 0.0 0.0 37.4 97.6 120.8 123.4 124.8 18.7 10.7 97.8 66.9 55.4 DCRS_-_São_Francisco_de_Paula/Cambará_do_Sul_(865_m) -999.9 -999.9 -999.9 -999.9 -999.9 14.0 10.1 547.0 Rio_Grande_do_Sul DCRS -999.9 0.0 37.4 861.54 861.55 860.77 0 0.0 861.55 861.55 861.55 861.55
-29.264900 -50.314899 DCRS-00084 2026-07-29_23:03 11.3 -999.9 -999.9 96.6 -999.9 -999.9 10.8 -999.9 -999.9 -999.9 -999.9 -999.9 0.0 -999.9 3.4 0.0 0.0 37.4 97.6 120.8 123.4 124.8 18.7 10.7 97.8 66.9 55.4 DCRS_-_São_Francisco_de_Paula/Cambará_do_Sul_(865_m) -999.9 -999.9 -999.9 -999.9 -999.9 14.0 10.1 547.0 Rio_Grande_do_Sul DCRS -999.9 0.0 37.4 861.55 861.55 860.77 0 0.01 861.55 861.55 861.55 861.55
-29.264900 -50.314899 DCRS-00084 2026-07-29_23:04 11.3 -999.9 -999.9 96.7 -999.9 -999.9 10.8 -999.9 -999.9 -999.9 -999.9 -999.9 2.9 -999.9 3.4 0.0 0.0 37.4 97.6 120.8 123.4 124.8 18.7 10.7 97.8 66.9 55.4 DCRS_-_São_Francisco_de_Paula/Cambará_do_Sul_(865_m) -999.9 -999.9 -999.9 -999.9 -999.9 14.0 10.1 547.0 Rio_Grande_do_Sul DCRS -999.9 0.0 37.4 861.54 861.55 860.77 0 0.0 861.55 861.55 861.55 861.55
-29.264900 -50.314899 DCRS-00084 2026-07-29_23:05 11.3 -999.9 -999.9 96.8 -999.9 -999.9 10.8 -999.9 -999.9 -999.9 -999.9 -999.9 2.0 -999.9 3.9 0.0 0.0 37.4 97.6 120.8 123.4 124.8 18.7 10.7 97.8 66.9 55.4 DCRS_-_São_Francisco_de_Paula/Cambará_do_Sul_(865_m) -999.9 -999.9 -999.9 -999.9 -999.9 14.0 10.1 547.0 Rio_Grande_do_Sul DCRS -999.9 0.0 37.4 861.54 861.55 860.77 0 0.0 861.55 861.55 861.55 861.55
-29.264900 -50.314899 DCRS-00084 2026-07-29_23:06 11.3 -999.9 -999.9 96.7 -999.9 -999.9 10.8 -999.9 -999.9 -999.9 -999.9 -999.9 2.6 -999.9 3.9 0.0 0.0 37.4 97.6 120.8 123.4 124.8 18.7 10.7 97.8 66.9 55.4 DCRS_-_São_Francisco_de_Paula/Cambará_do_Sul_(865_m) -999.9 -999.9 -999.9 -999.9 -999.9 14.0 10.1 547.0 Rio_Grande_do_Sul DCRS -999.9 0.0 37.4 861.54 861.55 860.77 0 0.0 861.55 861.55 861.55 861.55
-29.264900 -50.314899 DCRS-00084 2026-07-29_23:07 11.3 -999.9 -999.9 96.7 -999.9 -999.9 10.8 -999.9 -999.9 -999.9 -999.9 -999.9 2.0 -999.9 3.9 0.0 0.0 37.4 97.6 120.8 123.4 124.8 18.7 10.7 97.8 66.9 55.4 DCRS_-_São_Francisco_de_Paula/Cambará_do_Sul_(865_m) -999.9 -999.9 -999.9 -999.9 -999.9 14.0 10.1 547.0 Rio_Grande_do_Sul DCRS -999.9 0.0 37.4 861.55 861.55 860.77 0 0.01 861.55 861.55 861.55 861.55
-29.264900 -50.314899 DCRS-00084 2026-07-29_23:08 11.3 -999.9 -999.9 96.8 -999.9 -999.9 10.8 -999.9 -999.9 -999.9 -999.9 -999.9 1.9 -999.9 3.9 0.0 0.0 37.4 97.6 120.8 123.4 124.8 18.7 10.7 97.8 66.9 55.4 DCRS_-_São_Francisco_de_Paula/Cambará_do_Sul_(865_m) -999.9 -999.9 -999.9 -999.9 -999.9 14.0 10.1 547.0 Rio_Grande_do_Sul DCRS -999.9 0.0 37.4 861.54 861.55 860.77 1 0.01 861.55 861.55 861.55 861.55
-29.264900 -50.314899 DCRS-00084 2026-07-29_23:09 11.3 -999.9 -999.9 96.7 -999.9 -999.9 10.8 -999.9 -999.9 -999.9 -999.9 -999.9 3.0 -999.9 3.9 0.0 0.0 37.4 97.6 120.8 123.4 124.8 18.7 10.7 97.8 66.9 55.4 DCRS_-_São_Francisco_de_Paula/Cambará_do_Sul_(865_m) -999.9 -999.9 -999.9 -999.9 -999.9 14.0 10.1 547.0 Rio_Grande_do_Sul DCRS -999.9 0.0 37.4 861.54 861.55 860.77 1 0.01 861.55 861.55 861.55 861.55
-29.264900 -50.314899 DCRS-00084 2026-07-29_23:10 11.3 -999.9 -999.9 96.8 -999.9 -999.9 10.8 -999.9 -999.9 -999.9 -999.9 -999.9 3.4 -999.9 4.3 0.0 0.0 37.4 97.6 120.8 123.4 124.8 18.7 10.7 97.8 66.9 55.4 DCRS_-_São_Francisco_de_Paula/Cambará_do_Sul_(865_m) -999.9 -999.9 -999.9 -999.9 -999.9 14.0 10.1 547.0 Rio_Grande_do_Sul DCRS -999.9 0.0 37.4 861.54 861.55 860.77 0 0.01 861.55 861.55 861.55 861.55
-29.264900 -50.314899 DCRS-00084 2026-07-29_23:11 11.3 -999.9 -999.9 96.8 -999.9 -999.9 10.8 -999.9 -999.9 -999.9 -999.9 -999.9 3.7 -999.9 4.3 0.0 0.0 37.4 97.6 120.8 123.4 124.8 18.7 10.7 97.8 66.9 55.4 DCRS_-_São_Francisco_de_Paula/Cambará_do_Sul_(865_m) -999.9 -999.9 -999.9 -999.9 -999.9 14.0 10.1 547.0 Rio_Grande_do_Sul DCRS -999.9 0.0 37.4 861.55 861.55 860.77 0 0.02 861.55 861.55 861.55 861.55
-29.264900 -50.314899 DCRS-00084 2026-07-29_23:12 11.3 -999.9 -999.9 96.9 -999.9 -999.9 10.8 -999.9 -999.9 -999.9 -999.9 -999.9 0.0 -999.9 4.3 0.0 0.0 37.4 97.6 120.8 123.4 124.8 18.7 10.7 97.8 66.9 55.4 DCRS_-_São_Francisco_de_Paula/Cambará_do_Sul_(865_m) -999.9 -999.9 -999.9 -999.9 -999.9 14.0 10.1 547.0 Rio_Grande_do_Sul DCRS -999.9 0.0 37.4 861.54 861.55 860.77 0 0.01 861.55 861.55 861.55 861.55
-29.264900 -50.314899 DCRS-00084 2026-07-29_23:13 11.3 -999.9 -999.9 96.7 -999.9 -999.9 10.8 -999.9 -999.9 -999.9 -999.9 -999.9 0.0 -999.9 4.3 0.0 0.0 37.4 97.6 120.8 123.4 124.8 18.7 10.7 97.8 66.9 55.4 DCRS_-_São_Francisco_de_Paula/Cambará_do_Sul_(865_m) -999.9 -999.9 -999.9 -999.9 -999.9 14.0 10.1 547.0 Rio_Grande_do_Sul DCRS -999.9 0.0 37.4 861.55 861.55 860.77 0 0.02 861.55 861.55 861.55 861.55
-29.264900 -50.314899 DCRS-00084 2026-07-29_23:14 11.3 -999.9 -999.9 96.8 -999.9 -999.9 10.8 -999.9 -999.9 -999.9 -999.9 -999.9 2.6 -999.9 4.3 0.0 0.0 37.4 97.6 120.8 123.4 124.8 18.7 10.7 97.8 66.9 55.4 DCRS_-_São_Francisco_de_Paula/Cambará_do_Sul_(865_m) -999.9 -999.9 -999.9 -999.9 -999.9 14.0 10.1 547.0 Rio_Grande_do_Sul DCRS -999.9 0.0 37.4 861.55 861.55 860.77 0 0.01 861.55 861.55 861.55 861.55
-29.264900 -50.314899 DCRS-00084 2026-07-29_23:15 11.3 -999.9 -999.9 96.8 -999.9 -999.9 10.8 -999.9 -999.9 -999.9 -999.9 -999.9 3.6 -999.9 3.7 0.0 0.0 37.4 97.6 120.8 123.4 124.8 18.7 10.7 97.8 66.9 55.4 DCRS_-_São_Francisco_de_Paula/Cambará_do_Sul_(865_m) -999.9 -999.9 -999.9 -999.9 -999.9 14.0 10.1 547.0 Rio_Grande_do_Sul DCRS -999.9 0.0 37.4 861.54 861.55 860.77 0 0.0 861.55 861.55 861.55 861.55
-29.264900 -50.314899 DCRS-00084 2026-07-29_23:16 11.4 -999.9 -999.9 96.8 -999.9 -999.9 10.9 -999.9 -999.9 -999.9 -999.9 -999.9 -999.9 -999.9 3.7 0.0 0.0 37.4 97.6 120.8 123.4 124.8 18.7 10.7 97.8 66.9 55.4 DCRS_-_São_Francisco_de_Paula/Cambará_do_Sul_(865_m) -999.9 -999.9 -999.9 -999.9 -999.9 14.0 10.1 547.0 Rio_Grande_do_Sul DCRS -999.9 0.0 37.4 861.54 861.55 860.77 0 0.0 861.55 861.55 861.55 861.55
-29.264900 -50.314899 DCRS-00084 2026-07-29_23:17 11.3 -999.9 -999.9 96.8 -999.9 -999.9 10.8 -999.9 -999.9 -999.9 -999.9 -999.9 3.6 -999.9 3.7 0.0 0.0 37.4 97.6 120.8 123.4 124.8 18.7 10.7 97.8 66.9 55.4 DCRS_-_São_Francisco_de_Paula/Cambará_do_Sul_(865_m) -999.9 -999.9 -999.9 -999.9 -999.9 14.0 10.1 547.0 Rio_Grande_do_Sul DCRS -999.9 0.0 37.4 861.54 861.55 860.77 0 0.01 861.55 861.55 861.55 861.55
-29.264900 -50.314899 DCRS-00084 2026-07-29_23:18 11.3 -999.9 -999.9 96.8 -999.9 -999.9 10.8 -999.9 -999.9 -999.9 -999.9 -999.9 2.9 -999.9 3.7 0.0 0.0 37.4 97.6 120.8 123.4 124.8 18.7 10.7 97.8 66.9 55.4 DCRS_-_São_Francisco_de_Paula/Cambará_do_Sul_(865_m) -999.9 -999.9 -999.9 -999.9 -999.9 14.0 10.1 547.0 Rio_Grande_do_Sul DCRS -999.9 0.0 37.4 861.55 861.55 860.77 0 0.02 861.55 861.55 861.55 861.55
-29.264900 -50.314899 DCRS-00084 2026-07-29_23:19 11.3 -999.9 -999.9 96.7 -999.9 -999.9 10.8 -999.9 -999.9 -999.9 -999.9 -999.9 3.3 -999.9 3.7 0.0 0.0 37.4 97.6 120.8 123.4 124.8 18.7 10.7 97.8 66.9 55.4 DCRS_-_São_Francisco_de_Paula/Cambará_do_Sul_(865_m) -999.9 -999.9 -999.9 -999.9 -999.9 14.0 10.1 547.0 Rio_Grande_do_Sul DCRS -999.9 0.0 37.4 861.54 861.55 860.77 0 0.0 861.55 861.55 861.55 861.55
-29.264900 -50.314899 DCRS-00084 2026-07-29_23:20 11.3 -999.9 -999.9 96.7 -999.9 -999.9 10.8 -999.9 -999.9 -999.9 -999.9 -999.9 3.6 -999.9 4.9 0.0 0.0 37.4 97.6 120.8 123.4 124.8 18.7 10.7 97.8 66.9 55.4 DCRS_-_São_Francisco_de_Paula/Cambará_do_Sul_(865_m) -999.9 -999.9 -999.9 -999.9 -999.9 14.0 10.1 547.0 Rio_Grande_do_Sul DCRS -999.9 0.0 37.4 861.54 861.55 860.77 0 0.0 861.55 861.55 861.55 861.55
-29.264900 -50.314899 DCRS-00084 2026-07-29_23:21 11.4 -999.9 -999.9 96.7 -999.9 -999.9 10.9 -999.9 -999.9 -999.9 -999.9 -999.9 2.2 -999.9 4.9 0.0 0.0 37.4 97.6 120.8 123.4 124.8 18.7 10.7 97.8 66.9 55.4 DCRS_-_São_Francisco_de_Paula/Cambará_do_Sul_(865_m) -999.9 -999.9 -999.9 -999.9 -999.9 14.0 10.1 547.0 Rio_Grande_do_Sul DCRS -999.9 0.0 37.4 861.54 861.55 860.77 0 0.0 861.55 861.55 861.55 861.55
-29.264900 -50.314899 DCRS-00084 2026-07-29_23:22 11.3 -999.9 -999.9 96.7 -999.9 -999.9 10.8 -999.9 -999.9 -999.9 -999.9 -999.9 2.4 -999.9 4.9 0.0 0.0 37.4 97.6 120.8 123.4 124.8 18.7 10.7 97.8 66.9 55.4 DCRS_-_São_Francisco_de_Paula/Cambará_do_Sul_(865_m) -999.9 -999.9 -999.9 -999.9 -999.9 14.0 10.1 547.0 Rio_Grande_do_Sul DCRS -999.9 0.0 37.4 861.55 861.55 860.77 0 0.01 861.55 861.55 861.55 861.55
-29.264900 -50.314899 DCRS-00084 2026-07-29_23:23 11.4 -999.9 -999.9 96.8 -999.9 -999.9 10.9 -999.9 -999.9 -999.9 -999.9 -999.9 0.0 -999.9 4.9 0.0 0.0 37.4 97.6 120.8 123.4 124.8 18.7 10.7 97.8 66.9 55.4 DCRS_-_São_Francisco_de_Paula/Cambará_do_Sul_(865_m) -999.9 -999.9 -999.9 -999.9 -999.9 14.0 10.1 547.0 Rio_Grande_do_Sul DCRS -999.9 0.0 37.4 861.54 861.55 860.77 0 0.0 861.55 861.55 861.55 861.55
-29.264900 -50.314899 DCRS-00084 2026-07-29_23:24 11.4 -999.9 -999.9 96.8 -999.9 -999.9 10.9 -999.9 -999.9 -999.9 -999.9 -999.9 3.7 -999.9 4.9 0.0 0.0 37.4 97.6 120.8 123.4 124.8 18.7 10.7 97.8 66.9 55.4 DCRS_-_São_Francisco_de_Paula/Cambará_do_Sul_(865_m) -999.9 -999.9 -999.9 -999.9 -999.9 14.0 10.1 547.0 Rio_Grande_do_Sul DCRS -999.9 0.0 37.4 861.53 861.55 860.77 0 -0.01 861.55 861.55 861.55 861.55
-29.264900 -50.314899 DCRS-00084 2026-07-29_23:25 11.4 -999.9 -999.9 96.8 -999.9 -999.9 10.9 -999.9 -999.9 -999.9 -999.9 -999.9 0.0 -999.9 4.3 0.0 0.0 37.4 97.6 120.8 123.4 124.8 18.7 10.7 97.8 66.9 55.4 DCRS_-_São_Francisco_de_Paula/Cambará_do_Sul_(865_m) -999.9 -999.9 -999.9 -999.9 -999.9 14.0 10.1 547.0 Rio_Grande_do_Sul DCRS -999.9 0.0 37.4 861.54 861.55 860.77 0 -0.01 861.55 861.55 861.55 861.55
-29.264900 -50.314899 DCRS-00084 2026-07-29_23:26 11.4 -999.9 -999.9 96.8 -999.9 -999.9 10.9 -999.9 -999.9 -999.9 -999.9 -999.9 0.0 -999.9 4.3 0.0 0.0 37.4 97.6 120.8 123.4 124.8 18.7 10.7 97.8 66.9 55.4 DCRS_-_São_Francisco_de_Paula/Cambará_do_Sul_(865_m) -999.9 -999.9 -999.9 -999.9 -999.9 14.0 10.1 547.0 Rio_Grande_do_Sul DCRS -999.9 0.0 37.4 861.55 861.55 860.77 0 0.0 861.55 861.55 861.55 861.55
-29.264900 -50.314899 DCRS-00084 2026-07-29_23:27 11.4 -999.9 -999.9 96.8 -999.9 -999.9 10.9 -999.9 -999.9 -999.9 -999.9 -999.9 0.0 -999.9 4.3 0.0 0.0 37.4 97.6 120.8 123.4 124.8 18.7 10.7 97.8 66.9 55.4 DCRS_-_São_Francisco_de_Paula/Cambará_do_Sul_(865_m) -999.9 -999.9 -999.9 -999.9 -999.9 14.0 10.1 547.0 Rio_Grande_do_Sul DCRS -999.9 0.0 37.4 861.55 861.55 860.77 0 0.0 861.55 861.55 861.55 861.55
-29.264900 -50.314899 DCRS-00084 2026-07-29_23:28 11.4 -999.9 -999.9 96.7 -999.9 -999.9 10.9 -999.9 -999.9 -999.9 -999.9 -999.9 0.0 -999.9 4.3 0.0 0.0 37.4 97.6 120.8 123.4 124.8 18.7 10.7 97.8 66.9 55.4 DCRS_-_São_Francisco_de_Paula/Cambará_do_Sul_(865_m) -999.9 -999.9 -999.9 -999.9 -999.9 14.0 10.1 547.0 Rio_Grande_do_Sul DCRS -999.9 0.0 37.4 861.55 861.55 860.77 0 0.0 861.55 861.55 861.55 861.55
-29.264900 -50.314899 DCRS-00084 2026-07-29_23:29 11.3 -999.9 -999.9 96.7 -999.9 -999.9 10.8 -999.9 -999.9 -999.9 -999.9 -999.9 0.0 -999.9 4.3 0.0 0.0 37.4 97.6 120.8 123.4 124.8 18.7 10.7 97.8 66.9 55.4 DCRS_-_São_Francisco_de_Paula/Cambará_do_Sul_(865_m) -999.9 -999.9 -999.9 -999.9 -999.9 14.0 10.1 547.0 Rio_Grande_do_Sul DCRS -999.9 0.0 37.4 861.54 861.55 860.77 0 0.0 861.55 861.55 861.55 861.55
-29.264900 -50.314899 DCRS-00084 2026-07-29_23:30 11.4 -999.9 -999.9 96.8 -999.9 -999.9 10.9 -999.9 -999.9 -999.9 -999.9 -999.9 0.0 -999.9 2.6 0.0 0.0 37.4 97.6 120.8 123.4 124.8 18.7 10.7 97.8 66.9 55.4 DCRS_-_São_Francisco_de_Paula/Cambará_do_Sul_(865_m) -999.9 -999.9 -999.9 -999.9 -999.9 14.0 10.1 547.0 Rio_Grande_do_Sul DCRS -999.9 0.0 37.4 861.55 861.55 860.77 0 0.01 861.55 861.55 861.55 861.55
-29.264900 -50.314899 DCRS-00084 2026-07-29_23:31 11.4 -999.9 -999.9 96.6 -999.9 -999.9 10.9 -999.9 -999.9 -999.9 -999.9 -999.9 0.0 -999.9 2.6 0.0 0.0 37.4 97.6 120.8 123.4 124.8 18.7 10.7 97.8 66.9 55.4 DCRS_-_São_Francisco_de_Paula/Cambará_do_Sul_(865_m) -999.9 -999.9 -999.9 -999.9 -999.9 14.0 10.1 547.0 Rio_Grande_do_Sul DCRS -999.9 0.0 37.4 861.54 861.55 860.77 0 0.0 861.55 861.55 861.55 861.55
-29.264900 -50.314899 DCRS-00084 2026-07-29_23:32 11.4 -999.9 -999.9 96.7 -999.9 -999.9 10.9 -999.9 -999.9 -999.9 -999.9 -999.9 0.0 -999.9 2.6 0.0 0.0 37.4 97.6 120.8 123.4 124.8 18.7 10.7 97.8 66.9 55.4 DCRS_-_São_Francisco_de_Paula/Cambará_do_Sul_(865_m) -999.9 -999.9 -999.9 -999.9 -999.9 14.0 10.1 547.0 Rio_Grande_do_Sul DCRS -999.9 0.0 37.4 861.54 861.55 860.77 0 0.0 861.55 861.55 861.55 861.55
-29.264900 -50.314899 DCRS-00084 2026-07-29_23:33 11.3 -999.9 -999.9 96.6 -999.9 -999.9 10.8 -999.9 -999.9 -999.9 -999.9 -999.9 0.0 -999.9 2.6 0.0 0.0 37.4 97.6 120.8 123.4 124.8 18.7 10.7 97.8 66.9 55.4 DCRS_-_São_Francisco_de_Paula/Cambará_do_Sul_(865_m) -999.9 -999.9 -999.9 -999.9 -999.9 14.0 10.1 547.0 Rio_Grande_do_Sul DCRS -999.9 0.0 37.4 861.54 861.55 860.77 0 -0.01 861.55 861.55 861.55 861.55
-29.264900 -50.314899 DCRS-00084 2026-07-29_23:34 11.3 -999.9 -999.9 96.7 -999.9 -999.9 10.8 -999.9 -999.9 -999.9 -999.9 -999.9 0.0 -999.9 2.6 0.0 0.0 37.4 97.6 120.8 123.4 124.8 18.7 10.7 97.8 66.9 55.4 DCRS_-_São_Francisco_de_Paula/Cambará_do_Sul_(865_m) -999.9 -999.9 -999.9 -999.9 -999.9 14.0 10.1 547.0 Rio_Grande_do_Sul DCRS -999.9 0.0 37.4 861.55 861.55 860.77 0 0.0 861.55 861.55 861.55 861.55
-29.264900 -50.314899 DCRS-00084 2026-07-29_23:35 11.4 -999.9 -999.9 96.8 -999.9 -999.9 10.9 -999.9 -999.9 -999.9 -999.9 -999.9 -999.9 -999.9 1.8 0.0 0.0 37.4 97.6 120.8 123.4 124.8 18.7 10.7 97.8 66.9 55.4 DCRS_-_São_Francisco_de_Paula/Cambará_do_Sul_(865_m) -999.9 -999.9 -999.9 -999.9 -999.9 14.0 10.1 547.0 Rio_Grande_do_Sul DCRS -999.9 0.0 37.4 861.55 861.55 860.77 0 0.0 861.55 861.55 861.55 861.55
-29.264900 -50.314899 DCRS-00084 2026-07-29_23:36 11.4 -999.9 -999.9 96.7 -999.9 -999.9 10.9 -999.9 -999.9 -999.9 -999.9 -999.9 -999.9 -999.9 1.8 0.0 0.0 37.4 97.6 120.8 123.4 124.8 18.7 10.7 97.8 66.9 55.4 DCRS_-_São_Francisco_de_Paula/Cambará_do_Sul_(865_m) -999.9 -999.9 -999.9 -999.9 -999.9 14.0 10.1 547.0 Rio_Grande_do_Sul DCRS -999.9 0.0 37.4 861.54 861.55 860.77 0 0.0 861.55 861.55 861.55 861.55
-29.264900 -50.314899 DCRS-00084 2026-07-29_23:37 11.4 -999.9 -999.9 96.8 -999.9 -999.9 10.9 -999.9 -999.9 -999.9 -999.9 -999.9 -999.9 -999.9 1.8 0.0 0.0 37.4 97.6 120.8 123.4 124.8 18.7 10.7 97.8 66.9 55.4 DCRS_-_São_Francisco_de_Paula/Cambará_do_Sul_(865_m) -999.9 -999.9 -999.9 -999.9 -999.9 14.0 10.1 547.0 Rio_Grande_do_Sul DCRS -999.9 0.0 37.4 861.54 861.55 860.77 0 0.0 861.55 861.55 861.55 861.55
-29.264900 -50.314899 DCRS-00084 2026-07-29_23:38 11.3 -999.9 -999.9 96.8 -999.9 -999.9 10.8 -999.9 -999.9 -999.9 -999.9 -999.9 -999.9 -999.9 1.8 0.0 0.0 37.4 97.6 120.8 123.4 124.8 18.7 10.7 97.8 66.9 55.4 DCRS_-_São_Francisco_de_Paula/Cambará_do_Sul_(865_m) -999.9 -999.9 -999.9 -999.9 -999.9 14.0 10.1 547.0 Rio_Grande_do_Sul DCRS -999.9 0.0 37.4 861.54 861.55 860.77 0 0.01 861.55 861.55 861.55 861.55
-29.264900 -50.314899 DCRS-00084 2026-07-29_23:39 11.4 -999.9 -999.9 96.7 -999.9 -999.9 10.9 -999.9 -999.9 -999.9 -999.9 -999.9 -999.9 -999.9 1.8 0.0 0.0 37.4 97.6 120.8 123.4 124.8 18.7 10.7 97.8 66.9 55.4 DCRS_-_São_Francisco_de_Paula/Cambará_do_Sul_(865_m) -999.9 -999.9 -999.9 -999.9 -999.9 14.0 10.1 547.0 Rio_Grande_do_Sul DCRS -999.9 0.0 37.4 861.53 861.55 860.77 0 -0.01 861.55 861.55 861.55 861.55
-29.264900 -50.314899 DCRS-00084 2026-07-29_23:40 11.4 -999.9 -999.9 96.7 -999.9 -999.9 10.9 -999.9 -999.9 -999.9 -999.9 -999.9 2.8 -999.9 5.2 0.0 0.0 37.4 97.6 120.8 123.4 124.8 18.7 10.7 97.8 66.9 55.4 DCRS_-_São_Francisco_de_Paula/Cambará_do_Sul_(865_m) -999.9 -999.9 -999.9 -999.9 -999.9 14.0 10.1 547.0 Rio_Grande_do_Sul DCRS -999.9 0.0 37.4 861.54 861.55 860.77 0 0.0 861.55 861.55 861.55 861.55
-29.264900 -50.314899 DCRS-00084 2026-07-29_23:41 11.3 -999.9 -999.9 96.7 -999.9 -999.9 10.8 -999.9 -999.9 -999.9 -999.9 -999.9 0.0 -999.9 5.2 0.0 0.0 37.4 97.6 120.8 123.4 124.8 18.7 10.7 97.8 66.9 55.4 DCRS_-_São_Francisco_de_Paula/Cambará_do_Sul_(865_m) -999.9 -999.9 -999.9 -999.9 -999.9 14.0 10.1 547.0 Rio_Grande_do_Sul DCRS -999.9 0.0 37.4 861.54 861.55 860.77 0 -0.01 861.55 861.55 861.55 861.55
-29.264900 -50.314899 DCRS-00084 2026-07-29_23:42 11.3 -999.9 -999.9 96.8 -999.9 -999.9 10.8 -999.9 -999.9 -999.9 -999.9 -999.9 2.9 -999.9 5.2 0.0 0.0 37.4 97.6 120.8 123.4 124.8 18.7 10.7 97.8 66.9 55.4 DCRS_-_São_Francisco_de_Paula/Cambará_do_Sul_(865_m) -999.9 -999.9 -999.9 -999.9 -999.9 14.0 10.1 547.0 Rio_Grande_do_Sul DCRS -999.9 0.0 37.4 861.55 861.55 860.77 0 0.01 861.55 861.55 861.55 861.55
-29.264900 -50.314899 DCRS-00084 2026-07-29_23:43 11.3 -999.9 -999.9 96.7 -999.9 -999.9 10.8 -999.9 -999.9 -999.9 -999.9 -999.9 0.0 -999.9 5.2 0.0 0.0 37.4 97.6 120.8 123.4 124.8 18.7 10.7 97.8 66.9 55.4 DCRS_-_São_Francisco_de_Paula/Cambará_do_Sul_(865_m) -999.9 -999.9 -999.9 -999.9 -999.9 14.0 10.1 547.0 Rio_Grande_do_Sul DCRS -999.9 0.0 37.4 861.55 861.55 860.77 0 0.0 861.55 861.55 861.55 861.55
-29.264900 -50.314899 DCRS-00084 2026-07-29_23:44 11.3 -999.9 -999.9 96.8 -999.9 -999.9 10.8 -999.9 -999.9 -999.9 -999.9 -999.9 0.0 -999.9 5.2 0.0 0.0 37.4 97.6 120.8 123.4 124.8 18.7 10.7 97.8 66.9 55.4 DCRS_-_São_Francisco_de_Paula/Cambará_do_Sul_(865_m) -999.9 -999.9 -999.9 -999.9 -999.9 14.0 10.1 547.0 Rio_Grande_do_Sul DCRS -999.9 0.0 37.4 861.54 861.55 860.77 0 -0.01 861.55 861.55 861.55 861.55
-29.264900 -50.314899 DCRS-00084 2026-07-29_23:45 11.3 -999.9 -999.9 96.8 -999.9 -999.9 10.8 -999.9 -999.9 -999.9 -999.9 -999.9 0.0 -999.9 4.9 0.0 0.0 37.4 97.6 120.8 123.4 124.8 18.7 10.7 97.8 66.9 55.4 DCRS_-_São_Francisco_de_Paula/Cambará_do_Sul_(865_m) -999.9 -999.9 -999.9 -999.9 -999.9 14.0 10.1 547.0 Rio_Grande_do_Sul DCRS -999.9 0.0 37.4 861.55 861.55 860.77 0 0.01 861.55 861.55 861.55 861.55
-29.264900 -50.314899 DCRS-00084 2026-07-29_23:46 11.3 -999.9 -999.9 96.8 -999.9 -999.9 10.8 -999.9 -999.9 -999.9 -999.9 -999.9 0.0 -999.9 4.9 0.0 0.0 37.4 97.6 120.8 123.4 124.8 18.7 10.7 97.8 66.9 55.4 DCRS_-_São_Francisco_de_Paula/Cambará_do_Sul_(865_m) -999.9 -999.9 -999.9 -999.9 -999.9 14.0 10.1 547.0 Rio_Grande_do_Sul DCRS -999.9 0.0 37.4 861.55 861.55 860.77 0 0.01 861.55 861.55 861.55 861.55
-29.264900 -50.314899 DCRS-00084 2026-07-29_23:47 11.3 -999.9 -999.9 96.9 -999.9 -999.9 10.8 -999.9 -999.9 -999.9 -999.9 -999.9 -999.9 -999.9 4.9 0.0 0.0 37.4 97.6 120.8 123.4 124.8 18.7 10.7 97.8 66.9 55.4 DCRS_-_São_Francisco_de_Paula/Cambará_do_Sul_(865_m) -999.9 -999.9 -999.9 -999.9 -999.9 14.0 10.1 547.0 Rio_Grande_do_Sul DCRS -999.9 0.0 37.4 861.54 861.55 860.77 0 0.0 861.55 861.55 861.55 861.55
-29.264900 -50.314899 DCRS-00084 2026-07-29_23:48 11.3 -999.9 -999.9 96.8 -999.9 -999.9 10.8 -999.9 -999.9 -999.9 -999.9 -999.9 -999.9 -999.9 4.9 0.0 0.0 37.4 97.6 120.8 123.4 124.8 18.7 10.7 97.8 66.9 55.4 DCRS_-_São_Francisco_de_Paula/Cambará_do_Sul_(865_m) -999.9 -999.9 -999.9 -999.9 -999.9 14.0 10.1 547.0 Rio_Grande_do_Sul DCRS -999.9 0.0 37.4 861.54 861.55 860.77 0 0.0 861.55 861.55 861.55 861.55
-29.264900 -50.314899 DCRS-00084 2026-07-29_23:49 11.3 -999.9 -999.9 96.7 -999.9 -999.9 10.8 -999.9 -999.9 -999.9 -999.9 -999.9 0.0 -999.9 4.9 0.0 0.0 37.4 97.6 120.8 123.4 124.8 18.7 10.7 97.8 66.9 55.4 DCRS_-_São_Francisco_de_Paula/Cambará_do_Sul_(865_m) -999.9 -999.9 -999.9 -999.9 -999.9 14.0 10.1 547.0 Rio_Grande_do_Sul DCRS -999.9 0.0 37.4 861.54 861.55 860.77 0 0.0 861.55 861.55 861.55 861.55
-29.264900 -50.314899 DCRS-00084 2026-07-29_23:50 11.2 -999.9 -999.9 96.7 -999.9 -999.9 10.7 -999.9 -999.9 -999.9 -999.9 -999.9 0.0 -999.9 6.9 0.0 0.0 37.4 97.6 120.8 123.4 124.8 18.7 10.7 97.8 66.9 55.4 DCRS_-_São_Francisco_de_Paula/Cambará_do_Sul_(865_m) -999.9 -999.9 -999.9 -999.9 -999.9 14.0 10.1 547.0 Rio_Grande_do_Sul DCRS -999.9 0.0 37.4 861.55 861.55 860.77 0 0.01 861.55 861.55 861.55 861.55
-29.264900 -50.314899 DCRS-00084 2026-07-29_23:51 11.2 -999.9 -999.9 96.7 -999.9 -999.9 10.7 -999.9 -999.9 -999.9 -999.9 -999.9 0.0 -999.9 6.9 0.0 0.0 37.4 97.6 120.8 123.4 124.8 18.7 10.7 97.8 66.9 55.4 DCRS_-_São_Francisco_de_Paula/Cambará_do_Sul_(865_m) -999.9 -999.9 -999.9 -999.9 -999.9 14.0 10.1 547.0 Rio_Grande_do_Sul DCRS -999.9 0.0 37.4 861.54 861.55 860.77 0 0.0 861.55 861.55 861.55 861.55
-29.264900 -50.314899 DCRS-00084 2026-07-29_23:52 11.2 -999.9 -999.9 96.6 -999.9 -999.9 10.7 -999.9 -999.9 -999.9 -999.9 -999.9 2.0 -999.9 6.9 0.0 0.0 37.4 97.6 120.8 123.4 124.8 18.7 10.7 97.8 66.9 55.4 DCRS_-_São_Francisco_de_Paula/Cambará_do_Sul_(865_m) -999.9 -999.9 -999.9 -999.9 -999.9 14.0 10.1 547.0 Rio_Grande_do_Sul DCRS -999.9 0.0 37.4 861.55 861.55 860.77 0 0.0 861.55 861.55 861.55 861.55
-29.264900 -50.314899 DCRS-00084 2026-07-29_23:53 11.1 -999.9 -999.9 96.5 -999.9 -999.9 10.6 -999.9 -999.9 -999.9 -999.9 -999.9 0.0 -999.9 6.9 0.0 0.0 37.4 97.6 120.8 123.4 124.8 18.7 10.7 97.8 66.9 55.4 DCRS_-_São_Francisco_de_Paula/Cambará_do_Sul_(865_m) -999.9 -999.9 -999.9 -999.9 -999.9 14.0 10.1 547.0 Rio_Grande_do_Sul DCRS -999.9 0.0 37.4 861.54 861.55 860.77 0 0.01 861.55 861.55 861.55 861.55
-29.264900 -50.314899 DCRS-00084 2026-07-29_23:54 11.1 -999.9 -999.9 96.7 -999.9 -999.9 10.6 -999.9 -999.9 -999.9 -999.9 -999.9 3.8 -999.9 6.9 0.0 0.0 37.4 97.6 120.8 123.4 124.8 18.7 10.7 97.8 66.9 55.4 DCRS_-_São_Francisco_de_Paula/Cambará_do_Sul_(865_m) -999.9 -999.9 -999.9 -999.9 -999.9 14.0 10.1 547.0 Rio_Grande_do_Sul DCRS -999.9 0.0 37.4 861.54 861.55 860.77 0 -0.01 861.55 861.55 861.55 861.55
-29.264900 -50.314899 DCRS-00084 2026-07-29_23:55 11.0 -999.9 -999.9 96.6 -999.9 -999.9 10.5 -999.9 -999.9 -999.9 -999.9 -999.9 2.7 -999.9 5.1 0.0 0.0 37.4 97.6 120.8 123.4 124.8 18.7 10.7 97.8 66.9 55.4 DCRS_-_São_Francisco_de_Paula/Cambará_do_Sul_(865_m) -999.9 -999.9 -999.9 -999.9 -999.9 14.0 10.1 547.0 Rio_Grande_do_Sul DCRS -999.9 0.0 37.4 861.55 861.55 860.77 0 0.0 861.55 861.55 861.55 861.55
-29.264900 -50.314899 DCRS-00084 2026-07-29_23:56 11.0 -999.9 -999.9 96.7 -999.9 -999.9 10.5 -999.9 -999.9 -999.9 -999.9 -999.9 3.3 -999.9 5.1 0.0 0.0 37.4 97.6 120.8 123.4 124.8 18.7 10.7 97.8 66.9 55.4 DCRS_-_São_Francisco_de_Paula/Cambará_do_Sul_(865_m) -999.9 -999.9 -999.9 -999.9 -999.9 14.0 10.1 547.0 Rio_Grande_do_Sul DCRS -999.9 0.0 37.4 861.55 861.55 860.77 0 0.0 861.55 861.55 861.55 861.55
-29.264900 -50.314899 DCRS-00084 2026-07-29_23:57 11.0 -999.9 -999.9 96.8 -999.9 -999.9 10.5 -999.9 -999.9 -999.9 -999.9 -999.9 2.0 -999.9 5.1 0.0 0.0 37.4 97.6 120.8 123.4 124.8 18.7 10.7 97.8 66.9 55.4 DCRS_-_São_Francisco_de_Paula/Cambará_do_Sul_(865_m) -999.9 -999.9 -999.9 -999.9 -999.9 14.0 10.1 547.0 Rio_Grande_do_Sul DCRS -999.9 0.0 37.4 861.54 861.55 860.77 0 -0.01 861.55 861.55 861.55 861.55
-29.264900 -50.314899 DCRS-00084 2026-07-29_23:58 11.0 -999.9 -999.9 96.7 -999.9 -999.9 10.5 -999.9 -999.9 -999.9 -999.9 -999.9 2.2 -999.9 5.1 0.0 0.0 37.4 97.6 120.8 123.4 124.8 18.7 10.7 97.8 66.9 55.4 DCRS_-_São_Francisco_de_Paula/Cambará_do_Sul_(865_m) -999.9 -999.9 -999.9 -999.9 -999.9 14.0 10.1 547.0 Rio_Grande_do_Sul DCRS -999.9 0.0 37.4 861.55 861.55 860.77 0 0.01 861.55 861.55 861.55 861.55
-29.264900 -50.314899 DCRS-00084 2026-07-29_23:59 11.0 -999.9 -999.9 96.7 -999.9 -999.9 10.5 -999.9 -999.9 -999.9 -999.9 -999.9 1.9 -999.9 5.1 0.0 0.0 37.4 97.6 120.8 123.4 124.8 18.7 10.7 97.8 66.9 55.4 DCRS_-_São_Francisco_de_Paula/Cambará_do_Sul_(865_m) -999.9 -999.9 -999.9 -999.9 -999.9 14.0 10.1 547.0 Rio_Grande_do_Sul DCRS -999.9 0.0 37.4 861.54 861.55 860.77 0 0.0 861.55 861.55 861.55 861.55
