-29.057501 -51.396099 DCRS-00008 2026-07-08_23:59 8.5 -999.9 -999.9 93.9 -999.9 -999.9 7.6 -999.9 -999.9 999.0 -999.9 -999.9 2.0 -999.9 3.6 0.0 0.0 0.0 0.0 0.0 0.2 0.2 8.5 8.5 93.9 93.9 3.6 DCRS_-_Nova_Roma_-_Farroupilha_(180_m) -999.9 -999.9 999.0 999.0 999.0 7.6 7.6 0.0 Rio_Grande_do_Sul DCRS -999.9 0.0 0.0
-29.057501 -51.396099 DCRS-00008 2026-07-09_00:01 8.5 -999.9 -999.9 94.0 -999.9 -999.9 7.6 -999.9 -999.9 999.0 -999.9 -999.9 2.0 -999.9 3.4 0.0 0.0 0.0 0.0 0.0 0.2 0.2 8.5 8.5 94.0 93.9 3.6 DCRS_-_Nova_Roma_-_Farroupilha_(180_m) -999.9 -999.9 999.0 999.0 999.0 7.6 7.6 0.0 Rio_Grande_do_Sul DCRS -999.9 0.0 0.0
-29.057501 -51.396099 DCRS-00008 2026-07-09_00:02 8.5 -999.9 -999.9 93.8 -999.9 -999.9 7.5 -999.9 -999.9 999.0 -999.9 -999.9 0.0 -999.9 3.4 0.0 0.0 0.0 0.0 0.0 0.2 0.2 8.5 8.5 94.0 93.8 3.6 DCRS_-_Nova_Roma_-_Farroupilha_(180_m) -999.9 -999.9 999.0 999.0 999.0 7.6 7.5 0.0 Rio_Grande_do_Sul DCRS -999.9 0.0 0.0
-29.057501 -51.396099 DCRS-00008 2026-07-09_00:03 8.5 -999.9 -999.9 93.8 -999.9 -999.9 7.5 -999.9 -999.9 998.9 -999.9 -999.9 0.0 -999.9 3.4 0.0 0.0 0.0 0.0 0.0 0.2 0.2 8.5 8.5 94.0 93.8 3.6 DCRS_-_Nova_Roma_-_Farroupilha_(180_m) -999.9 -999.9 999.0 998.9 998.9 7.6 7.5 0.0 Rio_Grande_do_Sul DCRS -999.9 0.0 0.0
-29.057501 -51.396099 DCRS-00008 2026-07-09_00:04 8.5 -999.9 -999.9 93.8 -999.9 -999.9 7.5 -999.9 -999.9 998.9 -999.9 -999.9 0.0 -999.9 3.4 0.0 0.0 0.0 0.0 0.0 0.2 0.2 8.5 8.5 94.0 93.8 3.6 DCRS_-_Nova_Roma_-_Farroupilha_(180_m) -999.9 -999.9 999.0 998.9 998.9 7.6 7.5 0.0 Rio_Grande_do_Sul DCRS -999.9 0.0 0.0
-29.057501 -51.396099 DCRS-00008 2026-07-09_00:05 8.4 -999.9 -999.9 93.8 -999.9 -999.9 7.4 -999.9 -999.9 998.9 -999.9 -999.9 0.0 -999.9 2.8 0.0 0.0 0.0 0.0 0.0 0.2 0.2 8.5 8.4 94.0 93.8 3.6 DCRS_-_Nova_Roma_-_Farroupilha_(180_m) -999.9 -999.9 999.0 998.9 998.9 7.6 7.4 0.0 Rio_Grande_do_Sul DCRS -999.9 0.0 0.0
-29.057501 -51.396099 DCRS-00008 2026-07-09_00:06 8.5 -999.9 -999.9 93.7 -999.9 -999.9 7.5 -999.9 -999.9 998.9 -999.9 -999.9 0.0 -999.9 2.8 0.0 0.0 0.0 0.0 0.0 0.2 0.2 8.5 8.4 94.0 93.7 3.6 DCRS_-_Nova_Roma_-_Farroupilha_(180_m) -999.9 -999.9 999.0 998.9 998.9 7.6 7.4 0.0 Rio_Grande_do_Sul DCRS -999.9 0.0 0.0
-29.057501 -51.396099 DCRS-00008 2026-07-09_00:07 8.4 -999.9 -999.9 93.6 -999.9 -999.9 7.4 -999.9 -999.9 998.9 -999.9 -999.9 0.0 -999.9 2.8 0.0 0.0 0.0 0.0 0.0 0.2 0.2 8.5 8.4 94.0 93.6 3.6 DCRS_-_Nova_Roma_-_Farroupilha_(180_m) -999.9 -999.9 999.0 998.9 998.9 7.6 7.4 0.0 Rio_Grande_do_Sul DCRS -999.9 0.0 0.0
-29.057501 -51.396099 DCRS-00008 2026-07-09_00:08 8.4 -999.9 -999.9 93.7 -999.9 -999.9 7.4 -999.9 -999.9 998.9 -999.9 -999.9 0.0 -999.9 2.8 0.0 0.0 0.0 0.0 0.0 0.2 0.2 8.5 8.4 94.0 93.6 3.6 DCRS_-_Nova_Roma_-_Farroupilha_(180_m) -999.9 -999.9 999.0 998.9 998.9 7.6 7.4 0.0 Rio_Grande_do_Sul DCRS -999.9 0.0 0.0
-29.057501 -51.396099 DCRS-00008 2026-07-09_00:09 8.4 -999.9 -999.9 93.7 -999.9 -999.9 7.4 -999.9 -999.9 998.8 -999.9 -999.9 1.9 -999.9 2.8 0.0 0.0 0.0 0.0 0.0 0.2 0.2 8.5 8.4 94.0 93.6 3.6 DCRS_-_Nova_Roma_-_Farroupilha_(180_m) -999.9 -999.9 999.0 998.8 998.8 7.6 7.4 0.0 Rio_Grande_do_Sul DCRS -999.9 0.0 0.0
-29.057501 -51.396099 DCRS-00008 2026-07-09_00:10 8.4 -999.9 -999.9 93.7 -999.9 -999.9 7.4 -999.9 -999.9 998.9 -999.9 -999.9 0.0 -999.9 2.7 0.0 0.0 0.0 0.0 0.0 0.2 0.2 8.5 8.4 94.0 93.6 3.6 DCRS_-_Nova_Roma_-_Farroupilha_(180_m) -999.9 -999.9 999.0 998.8 998.9 7.6 7.4 0.0 Rio_Grande_do_Sul DCRS -999.9 0.0 0.0
-29.057501 -51.396099 DCRS-00008 2026-07-09_00:11 8.4 -999.9 -999.9 93.7 -999.9 -999.9 7.4 -999.9 -999.9 998.9 -999.9 -999.9 1.8 -999.9 2.7 0.0 0.0 0.0 0.0 0.0 0.2 0.2 8.5 8.4 94.0 93.6 3.6 DCRS_-_Nova_Roma_-_Farroupilha_(180_m) -999.9 -999.9 999.0 998.8 998.9 7.6 7.4 0.0 Rio_Grande_do_Sul DCRS -999.9 0.0 0.0
-29.057501 -51.396099 DCRS-00008 2026-07-09_00:12 8.4 -999.9 -999.9 93.7 -999.9 -999.9 7.4 -999.9 -999.9 998.9 -999.9 -999.9 0.0 -999.9 2.7 0.0 0.0 0.0 0.0 0.0 0.2 0.2 8.5 8.4 94.0 93.6 3.6 DCRS_-_Nova_Roma_-_Farroupilha_(180_m) -999.9 -999.9 999.0 998.8 998.9 7.6 7.4 0.0 Rio_Grande_do_Sul DCRS -999.9 0.0 0.0
-29.057501 -51.396099 DCRS-00008 2026-07-09_00:13 8.4 -999.9 -999.9 93.8 -999.9 -999.9 7.4 -999.9 -999.9 998.8 -999.9 -999.9 0.0 -999.9 2.7 0.0 0.0 0.0 0.0 0.0 0.2 0.2 8.5 8.4 94.0 93.6 3.6 DCRS_-_Nova_Roma_-_Farroupilha_(180_m) -999.9 -999.9 999.0 998.8 998.8 7.6 7.4 0.0 Rio_Grande_do_Sul DCRS -999.9 0.0 0.0
-29.057501 -51.396099 DCRS-00008 2026-07-09_00:14 8.3 -999.9 -999.9 93.7 -999.9 -999.9 7.3 -999.9 -999.9 998.8 -999.9 -999.9 2.7 -999.9 2.7 0.0 0.0 0.0 0.0 0.0 0.2 0.2 8.5 8.3 94.0 93.6 3.6 DCRS_-_Nova_Roma_-_Farroupilha_(180_m) -999.9 -999.9 999.0 998.8 998.8 7.6 7.3 0.0 Rio_Grande_do_Sul DCRS -999.9 0.0 0.0
-29.057501 -51.396099 DCRS-00008 2026-07-09_00:15 8.4 -999.9 -999.9 93.6 -999.9 -999.9 7.4 -999.9 -999.9 998.8 -999.9 -999.9 0.0 -999.9 3.1 0.0 0.0 0.0 0.0 0.0 0.2 0.2 8.5 8.3 94.0 93.6 3.6 DCRS_-_Nova_Roma_-_Farroupilha_(180_m) -999.9 -999.9 999.0 998.8 998.8 7.6 7.3 0.0 Rio_Grande_do_Sul DCRS -999.9 0.0 0.0
-29.057501 -51.396099 DCRS-00008 2026-07-09_00:16 8.4 -999.9 -999.9 93.7 -999.9 -999.9 7.4 -999.9 -999.9 998.8 -999.9 -999.9 0.0 -999.9 3.1 0.0 0.0 0.0 0.0 0.0 0.2 0.2 8.5 8.3 94.0 93.6 3.6 DCRS_-_Nova_Roma_-_Farroupilha_(180_m) -999.9 -999.9 999.0 998.8 998.8 7.6 7.3 0.0 Rio_Grande_do_Sul DCRS -999.9 0.0 0.0
-29.057501 -51.396099 DCRS-00008 2026-07-09_00:17 8.4 -999.9 -999.9 93.6 -999.9 -999.9 7.4 -999.9 -999.9 998.8 -999.9 -999.9 0.0 -999.9 3.1 0.0 0.0 0.0 0.0 0.0 0.2 0.2 8.5 8.3 94.0 93.6 3.6 DCRS_-_Nova_Roma_-_Farroupilha_(180_m) -999.9 -999.9 999.0 998.8 998.8 7.6 7.3 0.0 Rio_Grande_do_Sul DCRS -999.9 0.0 0.0
-29.057501 -51.396099 DCRS-00008 2026-07-09_00:18 8.4 -999.9 -999.9 93.6 -999.9 -999.9 7.4 -999.9 -999.9 998.8 -999.9 -999.9 0.0 -999.9 3.1 0.0 0.0 0.0 0.0 0.0 0.2 0.2 8.5 8.3 94.0 93.6 3.6 DCRS_-_Nova_Roma_-_Farroupilha_(180_m) -999.9 -999.9 999.0 998.8 998.8 7.6 7.3 0.0 Rio_Grande_do_Sul DCRS -999.9 0.0 0.0
-29.057501 -51.396099 DCRS-00008 2026-07-09_00:19 8.3 -999.9 -999.9 93.5 -999.9 -999.9 7.3 -999.9 -999.9 998.8 -999.9 -999.9 0.0 -999.9 3.1 0.0 0.0 0.0 0.0 0.0 0.2 0.2 8.5 8.3 94.0 93.5 3.6 DCRS_-_Nova_Roma_-_Farroupilha_(180_m) -999.9 -999.9 999.0 998.8 998.8 7.6 7.3 0.0 Rio_Grande_do_Sul DCRS -999.9 0.0 0.0
-29.057501 -51.396099 DCRS-00008 2026-07-09_00:20 8.4 -999.9 -999.9 93.4 -999.9 -999.9 7.4 -999.9 -999.9 998.7 -999.9 -999.9 0.0 -999.9 2.2 0.0 0.0 0.0 0.0 0.0 0.2 0.2 8.5 8.3 94.0 93.4 3.6 DCRS_-_Nova_Roma_-_Farroupilha_(180_m) -999.9 -999.9 999.0 998.7 998.7 7.6 7.3 0.0 Rio_Grande_do_Sul DCRS -999.9 0.0 0.0
-29.057501 -51.396099 DCRS-00008 2026-07-09_00:21 8.3 -999.9 -999.9 93.4 -999.9 -999.9 7.3 -999.9 -999.9 998.7 -999.9 -999.9 0.0 -999.9 2.2 0.0 0.0 0.0 0.0 0.0 0.2 0.2 8.5 8.3 94.0 93.4 3.6 DCRS_-_Nova_Roma_-_Farroupilha_(180_m) -999.9 -999.9 999.0 998.7 998.7 7.6 7.3 0.0 Rio_Grande_do_Sul DCRS -999.9 0.0 0.0
-29.057501 -51.396099 DCRS-00008 2026-07-09_00:22 8.3 -999.9 -999.9 93.4 -999.9 -999.9 7.3 -999.9 -999.9 998.7 -999.9 -999.9 0.0 -999.9 2.2 0.0 0.0 0.0 0.0 0.0 0.2 0.2 8.5 8.3 94.0 93.4 3.6 DCRS_-_Nova_Roma_-_Farroupilha_(180_m) -999.9 -999.9 999.0 998.7 998.7 7.6 7.3 0.0 Rio_Grande_do_Sul DCRS -999.9 0.0 0.0
-29.057501 -51.396099 DCRS-00008 2026-07-09_00:23 8.3 -999.9 -999.9 93.3 -999.9 -999.9 7.3 -999.9 -999.9 998.7 -999.9 -999.9 0.0 -999.9 2.2 0.0 0.0 0.0 0.0 0.0 0.2 0.2 8.5 8.3 94.0 93.3 3.6 DCRS_-_Nova_Roma_-_Farroupilha_(180_m) -999.9 -999.9 999.0 998.7 998.7 7.6 7.3 0.0 Rio_Grande_do_Sul DCRS -999.9 0.0 0.0
-29.057501 -51.396099 DCRS-00008 2026-07-09_00:24 8.3 -999.9 -999.9 93.3 -999.9 -999.9 7.3 -999.9 -999.9 998.7 -999.9 -999.9 0.0 -999.9 2.2 0.0 0.0 0.0 0.0 0.0 0.2 0.2 8.5 8.3 94.0 93.3 3.6 DCRS_-_Nova_Roma_-_Farroupilha_(180_m) -999.9 -999.9 999.0 998.7 998.7 7.6 7.3 0.0 Rio_Grande_do_Sul DCRS -999.9 0.0 0.0
-29.057501 -51.396099 DCRS-00008 2026-07-09_00:25 8.3 -999.9 -999.9 93.3 -999.9 -999.9 7.3 -999.9 -999.9 998.7 -999.9 -999.9 0.0 -999.9 2.5 0.0 0.0 0.0 0.0 0.0 0.2 0.2 8.5 8.3 94.0 93.3 3.6 DCRS_-_Nova_Roma_-_Farroupilha_(180_m) -999.9 -999.9 999.0 998.7 998.7 7.6 7.3 0.0 Rio_Grande_do_Sul DCRS -999.9 0.0 0.0
-29.057501 -51.396099 DCRS-00008 2026-07-09_00:26 8.3 -999.9 -999.9 93.3 -999.9 -999.9 7.3 -999.9 -999.9 998.7 -999.9 -999.9 0.0 -999.9 2.5 0.0 0.0 0.0 0.0 0.0 0.2 0.2 8.5 8.3 94.0 93.3 3.6 DCRS_-_Nova_Roma_-_Farroupilha_(180_m) -999.9 -999.9 999.0 998.7 998.7 7.6 7.3 0.0 Rio_Grande_do_Sul DCRS -999.9 0.0 0.0
-29.057501 -51.396099 DCRS-00008 2026-07-09_00:27 8.3 -999.9 -999.9 93.2 -999.9 -999.9 7.3 -999.9 -999.9 998.6 -999.9 -999.9 0.0 -999.9 2.5 0.0 0.0 0.0 0.0 0.0 0.2 0.2 8.5 8.3 94.0 93.2 3.6 DCRS_-_Nova_Roma_-_Farroupilha_(180_m) -999.9 -999.9 999.0 998.6 998.6 7.6 7.3 0.0 Rio_Grande_do_Sul DCRS -999.9 0.0 0.0
-29.057501 -51.396099 DCRS-00008 2026-07-09_00:28 8.3 -999.9 -999.9 93.3 -999.9 -999.9 7.3 -999.9 -999.9 998.6 -999.9 -999.9 0.0 -999.9 2.5 0.0 0.0 0.0 0.0 0.0 0.2 0.2 8.5 8.3 94.0 93.2 3.6 DCRS_-_Nova_Roma_-_Farroupilha_(180_m) -999.9 -999.9 999.0 998.6 998.6 7.6 7.3 0.0 Rio_Grande_do_Sul DCRS -999.9 0.0 0.0
-29.057501 -51.396099 DCRS-00008 2026-07-09_00:29 8.3 -999.9 -999.9 93.3 -999.9 -999.9 7.3 -999.9 -999.9 998.6 -999.9 -999.9 0.0 -999.9 2.5 0.0 0.0 0.0 0.0 0.0 0.2 0.2 8.5 8.3 94.0 93.2 3.6 DCRS_-_Nova_Roma_-_Farroupilha_(180_m) -999.9 -999.9 999.0 998.6 998.6 7.6 7.3 0.0 Rio_Grande_do_Sul DCRS -999.9 0.0 0.0
-29.057501 -51.396099 DCRS-00008 2026-07-09_00:30 8.3 -999.9 -999.9 93.2 -999.9 -999.9 7.3 -999.9 -999.9 998.6 -999.9 -999.9 0.0 -999.9 0.0 0.0 0.0 0.0 0.0 0.0 0.2 0.2 8.5 8.3 94.0 93.2 3.6 DCRS_-_Nova_Roma_-_Farroupilha_(180_m) -999.9 -999.9 999.0 998.6 998.6 7.6 7.3 0.0 Rio_Grande_do_Sul DCRS -999.9 0.0 0.0
-29.057501 -51.396099 DCRS-00008 2026-07-09_00:31 8.2 -999.9 -999.9 93.3 -999.9 -999.9 7.2 -999.9 -999.9 998.6 -999.9 -999.9 0.0 -999.9 0.0 0.0 0.0 0.0 0.0 0.0 0.2 0.2 8.5 8.2 94.0 93.2 3.6 DCRS_-_Nova_Roma_-_Farroupilha_(180_m) -999.9 -999.9 999.0 998.6 998.6 7.6 7.2 0.0 Rio_Grande_do_Sul DCRS -999.9 0.0 0.0
-29.057501 -51.396099 DCRS-00008 2026-07-09_00:32 8.2 -999.9 -999.9 93.3 -999.9 -999.9 7.2 -999.9 -999.9 998.6 -999.9 -999.9 0.0 -999.9 0.0 0.0 0.0 0.0 0.0 0.0 0.2 0.2 8.5 8.2 94.0 93.2 3.6 DCRS_-_Nova_Roma_-_Farroupilha_(180_m) -999.9 -999.9 999.0 998.6 998.6 7.6 7.2 0.0 Rio_Grande_do_Sul DCRS -999.9 0.0 0.0
-29.057501 -51.396099 DCRS-00008 2026-07-09_00:33 8.2 -999.9 -999.9 93.4 -999.9 -999.9 7.2 -999.9 -999.9 998.5 -999.9 -999.9 0.0 -999.9 0.0 0.0 0.0 0.0 0.0 0.0 0.2 0.2 8.5 8.2 94.0 93.2 3.6 DCRS_-_Nova_Roma_-_Farroupilha_(180_m) -999.9 -999.9 999.0 998.5 998.5 7.6 7.2 0.0 Rio_Grande_do_Sul DCRS -999.9 0.0 0.0
-29.057501 -51.396099 DCRS-00008 2026-07-09_00:34 8.1 -999.9 -999.9 93.5 -999.9 -999.9 7.1 -999.9 -999.9 998.5 -999.9 -999.9 0.0 -999.9 0.0 0.0 0.0 0.0 0.0 0.0 0.2 0.2 8.5 8.1 94.0 93.2 3.6 DCRS_-_Nova_Roma_-_Farroupilha_(180_m) -999.9 -999.9 999.0 998.5 998.5 7.6 7.1 0.0 Rio_Grande_do_Sul DCRS -999.9 0.0 0.0
-29.057501 -51.396099 DCRS-00008 2026-07-09_00:35 8.2 -999.9 -999.9 93.4 -999.9 -999.9 7.2 -999.9 -999.9 998.5 -999.9 -999.9 0.0 -999.9 0.0 0.0 0.0 0.0 0.0 0.0 0.2 0.2 8.5 8.1 94.0 93.2 3.6 DCRS_-_Nova_Roma_-_Farroupilha_(180_m) -999.9 -999.9 999.0 998.5 998.5 7.6 7.1 0.0 Rio_Grande_do_Sul DCRS -999.9 0.0 0.0
-29.057501 -51.396099 DCRS-00008 2026-07-09_00:36 8.2 -999.9 -999.9 93.5 -999.9 -999.9 7.2 -999.9 -999.9 998.5 -999.9 -999.9 0.0 -999.9 0.0 0.0 0.0 0.0 0.0 0.0 0.2 0.2 8.5 8.1 94.0 93.2 3.6 DCRS_-_Nova_Roma_-_Farroupilha_(180_m) -999.9 -999.9 999.0 998.5 998.5 7.6 7.1 0.0 Rio_Grande_do_Sul DCRS -999.9 0.0 0.0
-29.057501 -51.396099 DCRS-00008 2026-07-09_00:37 8.2 -999.9 -999.9 93.6 -999.9 -999.9 7.2 -999.9 -999.9 998.5 -999.9 -999.9 0.0 -999.9 0.0 0.0 0.0 0.0 0.0 0.0 0.2 0.2 8.5 8.1 94.0 93.2 3.6 DCRS_-_Nova_Roma_-_Farroupilha_(180_m) -999.9 -999.9 999.0 998.5 998.5 7.6 7.1 0.0 Rio_Grande_do_Sul DCRS -999.9 0.0 0.0
-29.057501 -51.396099 DCRS-00008 2026-07-09_00:38 8.1 -999.9 -999.9 93.7 -999.9 -999.9 7.1 -999.9 -999.9 998.5 -999.9 -999.9 0.0 -999.9 0.0 0.0 0.0 0.0 0.0 0.0 0.2 0.2 8.5 8.1 94.0 93.2 3.6 DCRS_-_Nova_Roma_-_Farroupilha_(180_m) -999.9 -999.9 999.0 998.5 998.5 7.6 7.1 0.0 Rio_Grande_do_Sul DCRS -999.9 0.0 0.0
-29.057501 -51.396099 DCRS-00008 2026-07-09_00:39 8.2 -999.9 -999.9 93.7 -999.9 -999.9 7.2 -999.9 -999.9 998.5 -999.9 -999.9 0.0 -999.9 0.0 0.0 0.0 0.0 0.0 0.0 0.2 0.2 8.5 8.1 94.0 93.2 3.6 DCRS_-_Nova_Roma_-_Farroupilha_(180_m) -999.9 -999.9 999.0 998.5 998.5 7.6 7.1 0.0 Rio_Grande_do_Sul DCRS -999.9 0.0 0.0
-29.057501 -51.396099 DCRS-00008 2026-07-09_00:40 8.1 -999.9 -999.9 93.7 -999.9 -999.9 7.1 -999.9 -999.9 998.5 -999.9 -999.9 0.0 -999.9 3.1 0.0 0.0 0.0 0.0 0.0 0.2 0.2 8.5 8.1 94.0 93.2 3.6 DCRS_-_Nova_Roma_-_Farroupilha_(180_m) -999.9 -999.9 999.0 998.5 998.5 7.6 7.1 0.0 Rio_Grande_do_Sul DCRS -999.9 0.0 0.0
-29.057501 -51.396099 DCRS-00008 2026-07-09_00:41 8.1 -999.9 -999.9 93.8 -999.9 -999.9 7.1 -999.9 -999.9 998.5 -999.9 -999.9 0.0 -999.9 3.1 0.0 0.0 0.0 0.0 0.0 0.2 0.2 8.5 8.1 94.0 93.2 3.6 DCRS_-_Nova_Roma_-_Farroupilha_(180_m) -999.9 -999.9 999.0 998.5 998.5 7.6 7.1 0.0 Rio_Grande_do_Sul DCRS -999.9 0.0 0.0
-29.057501 -51.396099 DCRS-00008 2026-07-09_00:42 8.2 -999.9 -999.9 93.8 -999.9 -999.9 7.2 -999.9 -999.9 998.5 -999.9 -999.9 0.0 -999.9 3.1 0.0 0.0 0.0 0.0 0.0 0.2 0.2 8.5 8.1 94.0 93.2 3.6 DCRS_-_Nova_Roma_-_Farroupilha_(180_m) -999.9 -999.9 999.0 998.5 998.5 7.6 7.1 0.0 Rio_Grande_do_Sul DCRS -999.9 0.0 0.0
-29.057501 -51.396099 DCRS-00008 2026-07-09_00:43 8.1 -999.9 -999.9 93.9 -999.9 -999.9 7.2 -999.9 -999.9 998.5 -999.9 -999.9 0.0 -999.9 3.1 0.0 0.0 0.0 0.0 0.0 0.2 0.2 8.5 8.1 94.0 93.2 3.6 DCRS_-_Nova_Roma_-_Farroupilha_(180_m) -999.9 -999.9 999.0 998.5 998.5 7.6 7.1 0.0 Rio_Grande_do_Sul DCRS -999.9 0.0 0.0
-29.057501 -51.396099 DCRS-00008 2026-07-09_00:44 8.1 -999.9 -999.9 93.8 -999.9 -999.9 7.1 -999.9 -999.9 998.5 -999.9 -999.9 0.0 -999.9 3.1 0.0 0.0 0.0 0.0 0.0 0.2 0.2 8.5 8.1 94.0 93.2 3.6 DCRS_-_Nova_Roma_-_Farroupilha_(180_m) -999.9 -999.9 999.0 998.5 998.5 7.6 7.1 0.0 Rio_Grande_do_Sul DCRS -999.9 0.0 0.0
-29.057501 -51.396099 DCRS-00008 2026-07-09_00:45 8.2 -999.9 -999.9 93.9 -999.9 -999.9 7.3 -999.9 -999.9 998.5 -999.9 -999.9 0.0 -999.9 2.3 0.0 0.0 0.0 0.0 0.0 0.2 0.2 8.5 8.1 94.0 93.2 3.6 DCRS_-_Nova_Roma_-_Farroupilha_(180_m) -999.9 -999.9 999.0 998.5 998.5 7.6 7.1 0.0 Rio_Grande_do_Sul DCRS -999.9 0.0 0.0
-29.057501 -51.396099 DCRS-00008 2026-07-09_00:46 8.2 -999.9 -999.9 94.0 -999.9 -999.9 7.3 -999.9 -999.9 998.5 -999.9 -999.9 0.0 -999.9 2.3 0.0 0.0 0.0 0.0 0.0 0.2 0.2 8.5 8.1 94.0 93.2 3.6 DCRS_-_Nova_Roma_-_Farroupilha_(180_m) -999.9 -999.9 999.0 998.5 998.5 7.6 7.1 0.0 Rio_Grande_do_Sul DCRS -999.9 0.0 0.0
-29.057501 -51.396099 DCRS-00008 2026-07-09_00:47 8.2 -999.9 -999.9 94.1 -999.9 -999.9 7.3 -999.9 -999.9 998.5 -999.9 -999.9 2.1 -999.9 2.3 0.0 0.0 0.0 0.0 0.0 0.2 0.2 8.5 8.1 94.1 93.2 3.6 DCRS_-_Nova_Roma_-_Farroupilha_(180_m) -999.9 -999.9 999.0 998.5 998.5 7.6 7.1 0.0 Rio_Grande_do_Sul DCRS -999.9 0.0 0.0
-29.057501 -51.396099 DCRS-00008 2026-07-09_00:48 8.2 -999.9 -999.9 94.0 -999.9 -999.9 7.3 -999.9 -999.9 998.5 -999.9 -999.9 0.0 -999.9 2.3 0.0 0.0 0.0 0.0 0.0 0.2 0.2 8.5 8.1 94.1 93.2 3.6 DCRS_-_Nova_Roma_-_Farroupilha_(180_m) -999.9 -999.9 999.0 998.5 998.5 7.6 7.1 0.0 Rio_Grande_do_Sul DCRS -999.9 0.0 0.0
-29.057501 -51.396099 DCRS-00008 2026-07-09_00:49 8.2 -999.9 -999.9 94.0 -999.9 -999.9 7.3 -999.9 -999.9 998.5 -999.9 -999.9 0.0 -999.9 2.3 0.0 0.0 0.0 0.0 0.0 0.2 0.2 8.5 8.1 94.1 93.2 3.6 DCRS_-_Nova_Roma_-_Farroupilha_(180_m) -999.9 -999.9 999.0 998.5 998.5 7.6 7.1 0.0 Rio_Grande_do_Sul DCRS -999.9 0.0 0.0
-29.057501 -51.396099 DCRS-00008 2026-07-09_00:50 8.3 -999.9 -999.9 94.0 -999.9 -999.9 7.4 -999.9 -999.9 998.6 -999.9 -999.9 0.0 -999.9 2.4 0.0 0.0 0.0 0.0 0.0 0.2 0.2 8.5 8.1 94.1 93.2 3.6 DCRS_-_Nova_Roma_-_Farroupilha_(180_m) -999.9 -999.9 999.0 998.5 998.6 7.6 7.1 0.0 Rio_Grande_do_Sul DCRS -999.9 0.0 0.0
-29.057501 -51.396099 DCRS-00008 2026-07-09_00:51 8.3 -999.9 -999.9 94.1 -999.9 -999.9 7.4 -999.9 -999.9 998.6 -999.9 -999.9 0.0 -999.9 2.4 0.0 0.0 0.0 0.0 0.0 0.2 0.2 8.5 8.1 94.1 93.2 3.6 DCRS_-_Nova_Roma_-_Farroupilha_(180_m) -999.9 -999.9 999.0 998.5 998.6 7.6 7.1 0.0 Rio_Grande_do_Sul DCRS -999.9 0.0 0.0
-29.057501 -51.396099 DCRS-00008 2026-07-09_00:52 8.3 -999.9 -999.9 94.0 -999.9 -999.9 7.4 -999.9 -999.9 998.6 -999.9 -999.9 0.0 -999.9 2.4 0.0 0.0 0.0 0.0 0.0 0.2 0.2 8.5 8.1 94.1 93.2 3.6 DCRS_-_Nova_Roma_-_Farroupilha_(180_m) -999.9 -999.9 999.0 998.5 998.6 7.6 7.1 0.0 Rio_Grande_do_Sul DCRS -999.9 0.0 0.0
-29.057501 -51.396099 DCRS-00008 2026-07-09_00:53 8.3 -999.9 -999.9 94.0 -999.9 -999.9 7.4 -999.9 -999.9 998.6 -999.9 -999.9 0.0 -999.9 2.4 0.0 0.0 0.0 0.0 0.0 0.2 0.2 8.5 8.1 94.1 93.2 3.6 DCRS_-_Nova_Roma_-_Farroupilha_(180_m) -999.9 -999.9 999.0 998.5 998.6 7.6 7.1 0.0 Rio_Grande_do_Sul DCRS -999.9 0.0 0.0
-29.057501 -51.396099 DCRS-00008 2026-07-09_00:54 8.3 -999.9 -999.9 94.0 -999.9 -999.9 7.4 -999.9 -999.9 998.6 -999.9 -999.9 2.4 -999.9 2.4 0.0 0.0 0.0 0.0 0.0 0.2 0.2 8.5 8.1 94.1 93.2 3.6 DCRS_-_Nova_Roma_-_Farroupilha_(180_m) -999.9 -999.9 999.0 998.5 998.6 7.6 7.1 0.0 Rio_Grande_do_Sul DCRS -999.9 0.0 0.0
-29.057501 -51.396099 DCRS-00008 2026-07-09_00:55 8.3 -999.9 -999.9 94.0 -999.9 -999.9 7.4 -999.9 -999.9 998.7 -999.9 -999.9 0.0 -999.9 2.7 0.0 0.0 0.0 0.0 0.0 0.2 0.2 8.5 8.1 94.1 93.2 3.6 DCRS_-_Nova_Roma_-_Farroupilha_(180_m) -999.9 -999.9 999.0 998.5 998.7 7.6 7.1 0.0 Rio_Grande_do_Sul DCRS -999.9 0.0 0.0
-29.057501 -51.396099 DCRS-00008 2026-07-09_00:56 8.3 -999.9 -999.9 93.8 -999.9 -999.9 7.3 -999.9 -999.9 998.7 -999.9 -999.9 0.0 -999.9 2.7 0.0 0.0 0.0 0.0 0.0 0.2 0.2 8.5 8.1 94.1 93.2 3.6 DCRS_-_Nova_Roma_-_Farroupilha_(180_m) -999.9 -999.9 999.0 998.5 998.7 7.6 7.1 0.0 Rio_Grande_do_Sul DCRS -999.9 0.0 0.0
-29.057501 -51.396099 DCRS-00008 2026-07-09_00:57 8.3 -999.9 -999.9 93.9 -999.9 -999.9 7.4 -999.9 -999.9 998.7 -999.9 -999.9 0.0 -999.9 2.7 0.0 0.0 0.0 0.0 0.0 0.2 0.2 8.5 8.1 94.1 93.2 3.6 DCRS_-_Nova_Roma_-_Farroupilha_(180_m) -999.9 -999.9 999.0 998.5 998.7 7.6 7.1 0.0 Rio_Grande_do_Sul DCRS -999.9 0.0 0.0
-29.057501 -51.396099 DCRS-00008 2026-07-09_00:58 8.4 -999.9 -999.9 93.8 -999.9 -999.9 7.4 -999.9 -999.9 998.7 -999.9 -999.9 1.8 -999.9 2.7 0.0 0.0 0.0 0.0 0.0 0.2 0.2 8.5 8.1 94.1 93.2 3.6 DCRS_-_Nova_Roma_-_Farroupilha_(180_m) -999.9 -999.9 999.0 998.5 998.7 7.6 7.1 0.0 Rio_Grande_do_Sul DCRS -999.9 0.0 0.0
-29.057501 -51.396099 DCRS-00008 2026-07-09_00:59 8.4 -999.9 -999.9 93.8 -999.9 -999.9 7.4 -999.9 -999.9 998.7 -999.9 -999.9 2.3 -999.9 2.7 0.0 0.0 0.0 0.0 0.0 0.2 0.2 8.5 8.1 94.1 93.2 3.6 DCRS_-_Nova_Roma_-_Farroupilha_(180_m) -999.9 -999.9 999.0 998.5 998.7 7.6 7.1 0.0 Rio_Grande_do_Sul DCRS -999.9 0.0 0.0
-29.057501 -51.396099 DCRS-00008 2026-07-09_01:00 8.4 -999.9 -999.9 93.8 -999.9 -999.9 7.4 -999.9 -999.9 998.7 -999.9 -999.9 0.0 -999.9 3.6 0.0 0.0 0.0 0.0 0.0 0.2 0.2 8.5 8.1 94.1 93.2 3.6 DCRS_-_Nova_Roma_-_Farroupilha_(180_m) -999.9 -999.9 999.0 998.5 998.7 7.6 7.1 0.0 Rio_Grande_do_Sul DCRS -999.9 0.0 0.0
-29.057501 -51.396099 DCRS-00008 2026-07-09_01:01 8.4 -999.9 -999.9 93.7 -999.9 -999.9 7.4 -999.9 -999.9 998.7 -999.9 -999.9 0.0 -999.9 3.6 0.0 0.0 0.0 0.0 0.0 0.2 0.2 8.5 8.1 94.1 93.2 3.6 DCRS_-_Nova_Roma_-_Farroupilha_(180_m) -999.9 -999.9 999.0 998.5 998.7 7.6 7.1 0.0 Rio_Grande_do_Sul DCRS -999.9 0.0 0.0
-29.057501 -51.396099 DCRS-00008 2026-07-09_01:02 8.5 -999.9 -999.9 93.6 -999.9 -999.9 7.5 -999.9 -999.9 998.7 -999.9 -999.9 0.0 -999.9 3.6 0.0 0.0 0.0 0.0 0.0 0.2 0.2 8.5 8.1 94.1 93.2 3.6 DCRS_-_Nova_Roma_-_Farroupilha_(180_m) -999.9 -999.9 999.0 998.5 998.7 7.6 7.1 0.0 Rio_Grande_do_Sul DCRS -999.9 0.0 0.0
-29.057501 -51.396099 DCRS-00008 2026-07-09_01:03 8.4 -999.9 -999.9 93.6 -999.9 -999.9 7.4 -999.9 -999.9 998.7 -999.9 -999.9 0.0 -999.9 3.6 0.0 0.0 0.0 0.0 0.0 0.2 0.2 8.5 8.1 94.1 93.2 3.6 DCRS_-_Nova_Roma_-_Farroupilha_(180_m) -999.9 -999.9 999.0 998.5 998.7 7.6 7.1 0.0 Rio_Grande_do_Sul DCRS -999.9 0.0 0.0
-29.057501 -51.396099 DCRS-00008 2026-07-09_01:04 8.5 -999.9 -999.9 93.5 -999.9 -999.9 7.5 -999.9 -999.9 998.7 -999.9 -999.9 0.0 -999.9 3.6 0.0 0.0 0.0 0.0 0.0 0.2 0.2 8.5 8.1 94.1 93.2 3.6 DCRS_-_Nova_Roma_-_Farroupilha_(180_m) -999.9 -999.9 999.0 998.5 998.7 7.6 7.1 0.0 Rio_Grande_do_Sul DCRS -999.9 0.0 0.0
-29.057501 -51.396099 DCRS-00008 2026-07-09_01:05 8.5 -999.9 -999.9 93.4 -999.9 -999.9 7.5 -999.9 -999.9 998.7 -999.9 -999.9 1.9 -999.9 2.4 0.0 0.0 0.0 0.0 0.0 0.2 0.2 8.5 8.1 94.1 93.2 3.6 DCRS_-_Nova_Roma_-_Farroupilha_(180_m) -999.9 -999.9 999.0 998.5 998.7 7.6 7.1 0.0 Rio_Grande_do_Sul DCRS -999.9 0.0 0.0
-29.057501 -51.396099 DCRS-00008 2026-07-09_01:06 8.5 -999.9 -999.9 93.5 -999.9 -999.9 7.5 -999.9 -999.9 998.7 -999.9 -999.9 0.0 -999.9 2.4 0.0 0.0 0.0 0.0 0.0 0.2 0.2 8.5 8.1 94.1 93.2 3.6 DCRS_-_Nova_Roma_-_Farroupilha_(180_m) -999.9 -999.9 999.0 998.5 998.7 7.6 7.1 0.0 Rio_Grande_do_Sul DCRS -999.9 0.0 0.0
-29.057501 -51.396099 DCRS-00008 2026-07-09_01:07 8.4 -999.9 -999.9 93.3 -999.9 -999.9 7.4 -999.9 -999.9 998.7 -999.9 -999.9 0.0 -999.9 2.4 0.0 0.0 0.0 0.0 0.0 0.2 0.2 8.5 8.1 94.1 93.2 3.6 DCRS_-_Nova_Roma_-_Farroupilha_(180_m) -999.9 -999.9 999.0 998.5 998.7 7.6 7.1 0.0 Rio_Grande_do_Sul DCRS -999.9 0.0 0.0
-29.057501 -51.396099 DCRS-00008 2026-07-09_01:08 8.5 -999.9 -999.9 93.3 -999.9 -999.9 7.5 -999.9 -999.9 998.6 -999.9 -999.9 0.0 -999.9 2.4 0.0 0.0 0.0 0.0 0.0 0.2 0.2 8.5 8.1 94.1 93.2 3.6 DCRS_-_Nova_Roma_-_Farroupilha_(180_m) -999.9 -999.9 999.0 998.5 998.6 7.6 7.1 0.0 Rio_Grande_do_Sul DCRS -999.9 0.0 0.0
-29.057501 -51.396099 DCRS-00008 2026-07-09_01:09 8.5 -999.9 -999.9 93.3 -999.9 -999.9 7.5 -999.9 -999.9 998.6 -999.9 -999.9 0.0 -999.9 2.4 0.0 0.0 0.0 0.0 0.0 0.2 0.2 8.5 8.1 94.1 93.2 3.6 DCRS_-_Nova_Roma_-_Farroupilha_(180_m) -999.9 -999.9 999.0 998.5 998.6 7.6 7.1 0.0 Rio_Grande_do_Sul DCRS -999.9 0.0 0.0
-29.057501 -51.396099 DCRS-00008 2026-07-09_01:10 8.5 -999.9 -999.9 93.2 -999.9 -999.9 7.5 -999.9 -999.9 998.6 -999.9 -999.9 0.0 -999.9 2.5 0.0 0.0 0.0 0.0 0.0 0.2 0.2 8.5 8.1 94.1 93.2 3.6 DCRS_-_Nova_Roma_-_Farroupilha_(180_m) -999.9 -999.9 999.0 998.5 998.6 7.6 7.1 0.0 Rio_Grande_do_Sul DCRS -999.9 0.0 0.0
-29.057501 -51.396099 DCRS-00008 2026-07-09_01:11 8.5 -999.9 -999.9 93.1 -999.9 -999.9 7.4 -999.9 -999.9 998.5 -999.9 -999.9 0.0 -999.9 2.5 0.0 0.0 0.0 0.0 0.0 0.2 0.2 8.5 8.1 94.1 93.1 3.6 DCRS_-_Nova_Roma_-_Farroupilha_(180_m) -999.9 -999.9 999.0 998.5 998.5 7.6 7.1 0.0 Rio_Grande_do_Sul DCRS -999.9 0.0 0.0
-29.057501 -51.396099 DCRS-00008 2026-07-09_01:12 8.5 -999.9 -999.9 93.2 -999.9 -999.9 7.5 -999.9 -999.9 998.5 -999.9 -999.9 0.0 -999.9 2.5 0.0 0.0 0.0 0.0 0.0 0.2 0.2 8.5 8.1 94.1 93.1 3.6 DCRS_-_Nova_Roma_-_Farroupilha_(180_m) -999.9 -999.9 999.0 998.5 998.5 7.6 7.1 0.0 Rio_Grande_do_Sul DCRS -999.9 0.0 0.0
-29.057501 -51.396099 DCRS-00008 2026-07-09_01:13 8.5 -999.9 -999.9 93.2 -999.9 -999.9 7.5 -999.9 -999.9 998.5 -999.9 -999.9 2.4 -999.9 2.5 0.0 0.0 0.0 0.0 0.0 0.2 0.2 8.5 8.1 94.1 93.1 3.6 DCRS_-_Nova_Roma_-_Farroupilha_(180_m) -999.9 -999.9 999.0 998.5 998.5 7.6 7.1 0.0 Rio_Grande_do_Sul DCRS -999.9 0.0 0.0
-29.057501 -51.396099 DCRS-00008 2026-07-09_01:14 8.4 -999.9 -999.9 93.2 -999.9 -999.9 7.4 -999.9 -999.9 998.5 -999.9 -999.9 0.0 -999.9 2.5 0.0 0.0 0.0 0.0 0.0 0.2 0.2 8.5 8.1 94.1 93.1 3.6 DCRS_-_Nova_Roma_-_Farroupilha_(180_m) -999.9 -999.9 999.0 998.5 998.5 7.6 7.1 0.0 Rio_Grande_do_Sul DCRS -999.9 0.0 0.0
-29.057501 -51.396099 DCRS-00008 2026-07-09_01:15 8.4 -999.9 -999.9 93.1 -999.9 -999.9 7.3 -999.9 -999.9 998.5 -999.9 -999.9 2.0 -999.9 3.2 0.0 0.0 0.0 0.0 0.0 0.2 0.2 8.5 8.1 94.1 93.1 3.6 DCRS_-_Nova_Roma_-_Farroupilha_(180_m) -999.9 -999.9 999.0 998.5 998.5 7.6 7.1 0.0 Rio_Grande_do_Sul DCRS -999.9 0.0 0.0
-29.057501 -51.396099 DCRS-00008 2026-07-09_01:16 8.4 -999.9 -999.9 93.2 -999.9 -999.9 7.4 -999.9 -999.9 998.5 -999.9 -999.9 2.1 -999.9 3.2 0.0 0.0 0.0 0.0 0.0 0.2 0.2 8.5 8.1 94.1 93.1 3.6 DCRS_-_Nova_Roma_-_Farroupilha_(180_m) -999.9 -999.9 999.0 998.5 998.5 7.6 7.1 0.0 Rio_Grande_do_Sul DCRS -999.9 0.0 0.0
-29.057501 -51.396099 DCRS-00008 2026-07-09_01:17 8.3 -999.9 -999.9 93.1 -999.9 -999.9 7.2 -999.9 -999.9 998.5 -999.9 -999.9 -999.9 -999.9 3.2 0.0 0.0 0.0 0.0 0.0 0.2 0.2 8.5 8.1 94.1 93.1 3.6 DCRS_-_Nova_Roma_-_Farroupilha_(180_m) -999.9 -999.9 999.0 998.5 998.5 7.6 7.1 0.0 Rio_Grande_do_Sul DCRS -999.9 0.0 0.0
-29.057501 -51.396099 DCRS-00008 2026-07-09_01:18 8.4 -999.9 -999.9 93.1 -999.9 -999.9 7.3 -999.9 -999.9 998.5 -999.9 -999.9 -999.9 -999.9 3.2 0.0 0.0 0.0 0.0 0.0 0.2 0.2 8.5 8.1 94.1 93.1 3.6 DCRS_-_Nova_Roma_-_Farroupilha_(180_m) -999.9 -999.9 999.0 998.5 998.5 7.6 7.1 0.0 Rio_Grande_do_Sul DCRS -999.9 0.0 0.0
-29.057501 -51.396099 DCRS-00008 2026-07-09_01:19 8.3 -999.9 -999.9 93.2 -999.9 -999.9 7.3 -999.9 -999.9 998.5 -999.9 -999.9 0.0 -999.9 3.2 0.0 0.0 0.0 0.0 0.0 0.2 0.2 8.5 8.1 94.1 93.1 3.6 DCRS_-_Nova_Roma_-_Farroupilha_(180_m) -999.9 -999.9 999.0 998.5 998.5 7.6 7.1 0.0 Rio_Grande_do_Sul DCRS -999.9 0.0 0.0
-29.057501 -51.396099 DCRS-00008 2026-07-09_01:20 8.3 -999.9 -999.9 93.2 -999.9 -999.9 7.3 -999.9 -999.9 998.6 -999.9 -999.9 4.5 -999.9 6.9 0.0 0.0 0.0 0.0 0.0 0.2 0.2 8.5 8.1 94.1 93.1 6.9 DCRS_-_Nova_Roma_-_Farroupilha_(180_m) -999.9 -999.9 999.0 998.5 998.6 7.6 7.1 0.0 Rio_Grande_do_Sul DCRS -999.9 0.0 0.0
-29.057501 -51.396099 DCRS-00008 2026-07-09_01:21 8.3 -999.9 -999.9 93.1 -999.9 -999.9 7.2 -999.9 -999.9 998.6 -999.9 -999.9 0.0 -999.9 6.9 0.0 0.0 0.0 0.0 0.0 0.2 0.2 8.5 8.1 94.1 93.1 6.9 DCRS_-_Nova_Roma_-_Farroupilha_(180_m) -999.9 -999.9 999.0 998.5 998.6 7.6 7.1 0.0 Rio_Grande_do_Sul DCRS -999.9 0.0 0.0
-29.057501 -51.396099 DCRS-00008 2026-07-09_01:22 8.3 -999.9 -999.9 93.0 -999.9 -999.9 7.2 -999.9 -999.9 998.7 -999.9 -999.9 3.6 -999.9 6.9 0.0 0.0 0.0 0.0 0.0 0.2 0.2 8.5 8.1 94.1 93.0 6.9 DCRS_-_Nova_Roma_-_Farroupilha_(180_m) -999.9 -999.9 999.0 998.5 998.7 7.6 7.1 0.0 Rio_Grande_do_Sul DCRS -999.9 0.0 0.0
-29.057501 -51.396099 DCRS-00008 2026-07-09_01:23 8.3 -999.9 -999.9 93.0 -999.9 -999.9 7.2 -999.9 -999.9 998.7 -999.9 -999.9 0.0 -999.9 6.9 0.0 0.0 0.0 0.0 0.0 0.2 0.2 8.5 8.1 94.1 93.0 6.9 DCRS_-_Nova_Roma_-_Farroupilha_(180_m) -999.9 -999.9 999.0 998.5 998.7 7.6 7.1 0.0 Rio_Grande_do_Sul DCRS -999.9 0.0 0.0
-29.057501 -51.396099 DCRS-00008 2026-07-09_01:24 8.3 -999.9 -999.9 92.9 -999.9 -999.9 7.2 -999.9 -999.9 998.7 -999.9 -999.9 3.4 -999.9 6.9 0.0 0.0 0.0 0.0 0.0 0.2 0.2 8.5 8.1 94.1 92.9 6.9 DCRS_-_Nova_Roma_-_Farroupilha_(180_m) -999.9 -999.9 999.0 998.5 998.7 7.6 7.1 0.0 Rio_Grande_do_Sul DCRS -999.9 0.0 0.0
-29.057501 -51.396099 DCRS-00008 2026-07-09_01:25 8.3 -999.9 -999.9 92.8 -999.9 -999.9 7.2 -999.9 -999.9 998.8 -999.9 -999.9 0.0 -999.9 6.8 0.0 0.0 0.0 0.0 0.0 0.2 0.2 8.5 8.1 94.1 92.8 6.9 DCRS_-_Nova_Roma_-_Farroupilha_(180_m) -999.9 -999.9 999.0 998.5 998.8 7.6 7.1 0.0 Rio_Grande_do_Sul DCRS -999.9 0.0 0.0
-29.057501 -51.396099 DCRS-00008 2026-07-09_01:26 8.2 -999.9 -999.9 92.8 -999.9 -999.9 7.1 -999.9 -999.9 998.8 -999.9 -999.9 0.0 -999.9 6.8 0.0 0.0 0.0 0.0 0.0 0.2 0.2 8.5 8.1 94.1 92.8 6.9 DCRS_-_Nova_Roma_-_Farroupilha_(180_m) -999.9 -999.9 999.0 998.5 998.8 7.6 7.1 0.0 Rio_Grande_do_Sul DCRS -999.9 0.0 0.0
-29.057501 -51.396099 DCRS-00008 2026-07-09_01:27 8.3 -999.9 -999.9 92.6 -999.9 -999.9 7.2 -999.9 -999.9 998.8 -999.9 -999.9 0.0 -999.9 6.8 0.0 0.0 0.0 0.0 0.0 0.2 0.2 8.5 8.1 94.1 92.6 6.9 DCRS_-_Nova_Roma_-_Farroupilha_(180_m) -999.9 -999.9 999.0 998.5 998.8 7.6 7.1 0.0 Rio_Grande_do_Sul DCRS -999.9 0.0 0.0
-29.057501 -51.396099 DCRS-00008 2026-07-09_01:28 8.2 -999.9 -999.9 92.6 -999.9 -999.9 7.1 -999.9 -999.9 998.8 -999.9 -999.9 0.0 -999.9 6.8 0.0 0.0 0.0 0.0 0.0 0.2 0.2 8.5 8.1 94.1 92.6 6.9 DCRS_-_Nova_Roma_-_Farroupilha_(180_m) -999.9 -999.9 999.0 998.5 998.8 7.6 7.1 0.0 Rio_Grande_do_Sul DCRS -999.9 0.0 0.0
-29.057501 -51.396099 DCRS-00008 2026-07-09_01:29 8.2 -999.9 -999.9 92.6 -999.9 -999.9 7.1 -999.9 -999.9 998.8 -999.9 -999.9 0.0 -999.9 6.8 0.0 0.0 0.0 0.0 0.0 0.2 0.2 8.5 8.1 94.1 92.6 6.9 DCRS_-_Nova_Roma_-_Farroupilha_(180_m) -999.9 -999.9 999.0 998.5 998.8 7.6 7.1 0.0 Rio_Grande_do_Sul DCRS -999.9 0.0 0.0
-29.057501 -51.396099 DCRS-00008 2026-07-09_01:30 8.2 -999.9 -999.9 92.6 -999.9 -999.9 7.1 -999.9 -999.9 998.8 -999.9 -999.9 0.0 -999.9 2.0 0.0 0.0 0.0 0.0 0.0 0.2 0.2 8.5 8.1 94.1 92.6 6.9 DCRS_-_Nova_Roma_-_Farroupilha_(180_m) -999.9 -999.9 999.0 998.5 998.8 7.6 7.1 0.0 Rio_Grande_do_Sul DCRS -999.9 0.0 0.0
-29.057501 -51.396099 DCRS-00008 2026-07-09_01:31 8.2 -999.9 -999.9 92.6 -999.9 -999.9 7.1 -999.9 -999.9 998.8 -999.9 -999.9 2.0 -999.9 2.0 0.0 0.0 0.0 0.0 0.0 0.2 0.2 8.5 8.1 94.1 92.6 6.9 DCRS_-_Nova_Roma_-_Farroupilha_(180_m) -999.9 -999.9 999.0 998.5 998.8 7.6 7.1 0.0 Rio_Grande_do_Sul DCRS -999.9 0.0 0.0
-29.057501 -51.396099 DCRS-00008 2026-07-09_01:32 8.2 -999.9 -999.9 92.7 -999.9 -999.9 7.1 -999.9 -999.9 998.8 -999.9 -999.9 0.0 -999.9 2.0 0.0 0.0 0.0 0.0 0.0 0.2 0.2 8.5 8.1 94.1 92.6 6.9 DCRS_-_Nova_Roma_-_Farroupilha_(180_m) -999.9 -999.9 999.0 998.5 998.8 7.6 7.1 0.0 Rio_Grande_do_Sul DCRS -999.9 0.0 0.0
-29.057501 -51.396099 DCRS-00008 2026-07-09_01:33 8.2 -999.9 -999.9 92.7 -999.9 -999.9 7.1 -999.9 -999.9 998.8 -999.9 -999.9 0.0 -999.9 2.0 0.0 0.0 0.0 0.0 0.0 0.2 0.2 8.5 8.1 94.1 92.6 6.9 DCRS_-_Nova_Roma_-_Farroupilha_(180_m) -999.9 -999.9 999.0 998.5 998.8 7.6 7.1 0.0 Rio_Grande_do_Sul DCRS -999.9 0.0 0.0
-29.057501 -51.396099 DCRS-00008 2026-07-09_01:34 8.2 -999.9 -999.9 92.8 -999.9 -999.9 7.1 -999.9 -999.9 998.8 -999.9 -999.9 0.0 -999.9 2.0 0.0 0.0 0.0 0.0 0.0 0.2 0.2 8.5 8.1 94.1 92.6 6.9 DCRS_-_Nova_Roma_-_Farroupilha_(180_m) -999.9 -999.9 999.0 998.5 998.8 7.6 7.1 0.0 Rio_Grande_do_Sul DCRS -999.9 0.0 0.0
-29.057501 -51.396099 DCRS-00008 2026-07-09_01:35 8.2 -999.9 -999.9 92.8 -999.9 -999.9 7.1 -999.9 -999.9 998.8 -999.9 -999.9 0.0 -999.9 2.8 0.0 0.0 0.0 0.0 0.0 0.2 0.2 8.5 8.1 94.1 92.6 6.9 DCRS_-_Nova_Roma_-_Farroupilha_(180_m) -999.9 -999.9 999.0 998.5 998.8 7.6 7.1 0.0 Rio_Grande_do_Sul DCRS -999.9 0.0 0.0
-29.057501 -51.396099 DCRS-00008 2026-07-09_01:36 8.2 -999.9 -999.9 92.8 -999.9 -999.9 7.1 -999.9 -999.9 998.8 -999.9 -999.9 0.0 -999.9 2.8 0.0 0.0 0.0 0.0 0.0 0.2 0.2 8.5 8.1 94.1 92.6 6.9 DCRS_-_Nova_Roma_-_Farroupilha_(180_m) -999.9 -999.9 999.0 998.5 998.8 7.6 7.1 0.0 Rio_Grande_do_Sul DCRS -999.9 0.0 0.0
-29.057501 -51.396099 DCRS-00008 2026-07-09_01:37 8.2 -999.9 -999.9 92.8 -999.9 -999.9 7.1 -999.9 -999.9 998.8 -999.9 -999.9 0.0 -999.9 2.8 0.0 0.0 0.0 0.0 0.0 0.2 0.2 8.5 8.1 94.1 92.6 6.9 DCRS_-_Nova_Roma_-_Farroupilha_(180_m) -999.9 -999.9 999.0 998.5 998.8 7.6 7.1 0.0 Rio_Grande_do_Sul DCRS -999.9 0.0 0.0
-29.057501 -51.396099 DCRS-00008 2026-07-09_01:38 8.2 -999.9 -999.9 92.8 -999.9 -999.9 7.1 -999.9 -999.9 998.8 -999.9 -999.9 0.0 -999.9 2.8 0.0 0.0 0.0 0.0 0.0 0.2 0.2 8.5 8.1 94.1 92.6 6.9 DCRS_-_Nova_Roma_-_Farroupilha_(180_m) -999.9 -999.9 999.0 998.5 998.8 7.6 7.1 0.0 Rio_Grande_do_Sul DCRS -999.9 0.0 0.0
-29.057501 -51.396099 DCRS-00008 2026-07-09_01:39 8.2 -999.9 -999.9 92.8 -999.9 -999.9 7.1 -999.9 -999.9 998.8 -999.9 -999.9 0.0 -999.9 2.8 0.0 0.0 0.0 0.0 0.0 0.2 0.2 8.5 8.1 94.1 92.6 6.9 DCRS_-_Nova_Roma_-_Farroupilha_(180_m) -999.9 -999.9 999.0 998.5 998.8 7.6 7.1 0.0 Rio_Grande_do_Sul DCRS -999.9 0.0 0.0
-29.057501 -51.396099 DCRS-00008 2026-07-09_01:40 8.2 -999.9 -999.9 92.8 -999.9 -999.9 7.1 -999.9 -999.9 998.8 -999.9 -999.9 0.0 -999.9 0.0 0.0 0.0 0.0 0.0 0.0 0.2 0.2 8.5 8.1 94.1 92.6 6.9 DCRS_-_Nova_Roma_-_Farroupilha_(180_m) -999.9 -999.9 999.0 998.5 998.8 7.6 7.1 0.0 Rio_Grande_do_Sul DCRS -999.9 0.0 0.0
-29.057501 -51.396099 DCRS-00008 2026-07-09_01:41 8.2 -999.9 -999.9 92.8 -999.9 -999.9 7.1 -999.9 -999.9 998.8 -999.9 -999.9 0.0 -999.9 0.0 0.0 0.0 0.0 0.0 0.0 0.2 0.2 8.5 8.1 94.1 92.6 6.9 DCRS_-_Nova_Roma_-_Farroupilha_(180_m) -999.9 -999.9 999.0 998.5 998.8 7.6 7.1 0.0 Rio_Grande_do_Sul DCRS -999.9 0.0 0.0
-29.057501 -51.396099 DCRS-00008 2026-07-09_01:42 8.2 -999.9 -999.9 92.8 -999.9 -999.9 7.1 -999.9 -999.9 998.8 -999.9 -999.9 0.0 -999.9 0.0 0.0 0.0 0.0 0.0 0.0 0.2 0.2 8.5 8.1 94.1 92.6 6.9 DCRS_-_Nova_Roma_-_Farroupilha_(180_m) -999.9 -999.9 999.0 998.5 998.8 7.6 7.1 0.0 Rio_Grande_do_Sul DCRS -999.9 0.0 0.0
-29.057501 -51.396099 DCRS-00008 2026-07-09_01:43 8.2 -999.9 -999.9 92.8 -999.9 -999.9 7.1 -999.9 -999.9 998.8 -999.9 -999.9 0.0 -999.9 0.0 0.0 0.0 0.0 0.0 0.0 0.2 0.2 8.5 8.1 94.1 92.6 6.9 DCRS_-_Nova_Roma_-_Farroupilha_(180_m) -999.9 -999.9 999.0 998.5 998.8 7.6 7.1 0.0 Rio_Grande_do_Sul DCRS -999.9 0.0 0.0
-29.057501 -51.396099 DCRS-00008 2026-07-09_01:44 8.3 -999.9 -999.9 92.8 -999.9 -999.9 7.2 -999.9 -999.9 998.8 -999.9 -999.9 0.0 -999.9 0.0 0.0 0.0 0.0 0.0 0.0 0.2 0.2 8.5 8.1 94.1 92.6 6.9 DCRS_-_Nova_Roma_-_Farroupilha_(180_m) -999.9 -999.9 999.0 998.5 998.8 7.6 7.1 0.0 Rio_Grande_do_Sul DCRS -999.9 0.0 0.0
-29.057501 -51.396099 DCRS-00008 2026-07-09_01:45 8.2 -999.9 -999.9 92.8 -999.9 -999.9 7.1 -999.9 -999.9 998.8 -999.9 -999.9 0.0 -999.9 2.0 0.0 0.0 0.0 0.0 0.0 0.2 0.2 8.5 8.1 94.1 92.6 6.9 DCRS_-_Nova_Roma_-_Farroupilha_(180_m) -999.9 -999.9 999.0 998.5 998.8 7.6 7.1 0.0 Rio_Grande_do_Sul DCRS -999.9 0.0 0.0
-29.057501 -51.396099 DCRS-00008 2026-07-09_01:46 8.2 -999.9 -999.9 92.8 -999.9 -999.9 7.1 -999.9 -999.9 998.8 -999.9 -999.9 0.0 -999.9 2.0 0.0 0.0 0.0 0.0 0.0 0.2 0.2 8.5 8.1 94.1 92.6 6.9 DCRS_-_Nova_Roma_-_Farroupilha_(180_m) -999.9 -999.9 999.0 998.5 998.8 7.6 7.1 0.0 Rio_Grande_do_Sul DCRS -999.9 0.0 0.0
-29.057501 -51.396099 DCRS-00008 2026-07-09_01:47 8.2 -999.9 -999.9 92.8 -999.9 -999.9 7.1 -999.9 -999.9 998.8 -999.9 -999.9 0.0 -999.9 2.0 0.0 0.0 0.0 0.0 0.0 0.2 0.2 8.5 8.1 94.1 92.6 6.9 DCRS_-_Nova_Roma_-_Farroupilha_(180_m) -999.9 -999.9 999.0 998.5 998.8 7.6 7.1 0.0 Rio_Grande_do_Sul DCRS -999.9 0.0 0.0
-29.057501 -51.396099 DCRS-00008 2026-07-09_01:48 8.1 -999.9 -999.9 92.8 -999.9 -999.9 7.0 -999.9 -999.9 998.8 -999.9 -999.9 0.0 -999.9 2.0 0.0 0.0 0.0 0.0 0.0 0.2 0.2 8.5 8.1 94.1 92.6 6.9 DCRS_-_Nova_Roma_-_Farroupilha_(180_m) -999.9 -999.9 999.0 998.5 998.8 7.6 7.0 0.0 Rio_Grande_do_Sul DCRS -999.9 0.0 0.0
-29.057501 -51.396099 DCRS-00008 2026-07-09_01:49 8.2 -999.9 -999.9 92.9 -999.9 -999.9 7.1 -999.9 -999.9 998.8 -999.9 -999.9 0.0 -999.9 2.0 0.0 0.0 0.0 0.0 0.0 0.2 0.2 8.5 8.1 94.1 92.6 6.9 DCRS_-_Nova_Roma_-_Farroupilha_(180_m) -999.9 -999.9 999.0 998.5 998.8 7.6 7.0 0.0 Rio_Grande_do_Sul DCRS -999.9 0.0 0.0
-29.057501 -51.396099 DCRS-00008 2026-07-09_01:50 8.2 -999.9 -999.9 92.8 -999.9 -999.9 7.1 -999.9 -999.9 998.8 -999.9 -999.9 0.0 -999.9 2.0 0.0 0.0 0.0 0.0 0.0 0.2 0.2 8.5 8.1 94.1 92.6 6.9 DCRS_-_Nova_Roma_-_Farroupilha_(180_m) -999.9 -999.9 999.0 998.5 998.8 7.6 7.0 0.0 Rio_Grande_do_Sul DCRS -999.9 0.0 0.0
-29.057501 -51.396099 DCRS-00008 2026-07-09_01:51 8.2 -999.9 -999.9 92.8 -999.9 -999.9 7.1 -999.9 -999.9 998.8 -999.9 -999.9 0.0 -999.9 2.0 0.0 0.0 0.0 0.0 0.0 0.2 0.2 8.5 8.1 94.1 92.6 6.9 DCRS_-_Nova_Roma_-_Farroupilha_(180_m) -999.9 -999.9 999.0 998.5 998.8 7.6 7.0 0.0 Rio_Grande_do_Sul DCRS -999.9 0.0 0.0
-29.057501 -51.396099 DCRS-00008 2026-07-09_01:52 8.2 -999.9 -999.9 92.9 -999.9 -999.9 7.1 -999.9 -999.9 998.8 -999.9 -999.9 0.0 -999.9 2.0 0.0 0.0 0.0 0.0 0.0 0.2 0.2 8.5 8.1 94.1 92.6 6.9 DCRS_-_Nova_Roma_-_Farroupilha_(180_m) -999.9 -999.9 999.0 998.5 998.8 7.6 7.0 0.0 Rio_Grande_do_Sul DCRS -999.9 0.0 0.0
-29.057501 -51.396099 DCRS-00008 2026-07-09_01:53 8.2 -999.9 -999.9 93.0 -999.9 -999.9 7.1 -999.9 -999.9 998.8 -999.9 -999.9 0.0 -999.9 2.0 0.0 0.0 0.0 0.0 0.0 0.2 0.2 8.5 8.1 94.1 92.6 6.9 DCRS_-_Nova_Roma_-_Farroupilha_(180_m) -999.9 -999.9 999.0 998.5 998.8 7.6 7.0 0.0 Rio_Grande_do_Sul DCRS -999.9 0.0 0.0
-29.057501 -51.396099 DCRS-00008 2026-07-09_01:54 8.2 -999.9 -999.9 92.9 -999.9 -999.9 7.1 -999.9 -999.9 998.8 -999.9 -999.9 0.0 -999.9 2.0 0.0 0.0 0.0 0.0 0.0 0.2 0.2 8.5 8.1 94.1 92.6 6.9 DCRS_-_Nova_Roma_-_Farroupilha_(180_m) -999.9 -999.9 999.0 998.5 998.8 7.6 7.0 0.0 Rio_Grande_do_Sul DCRS -999.9 0.0 0.0
-29.057501 -51.396099 DCRS-00008 2026-07-09_01:55 8.2 -999.9 -999.9 93.0 -999.9 -999.9 7.1 -999.9 -999.9 998.8 -999.9 -999.9 0.0 -999.9 3.0 0.0 0.0 0.0 0.0 0.0 0.2 0.2 8.5 8.1 94.1 92.6 6.9 DCRS_-_Nova_Roma_-_Farroupilha_(180_m) -999.9 -999.9 999.0 998.5 998.8 7.6 7.0 0.0 Rio_Grande_do_Sul DCRS -999.9 0.0 0.0
-29.057501 -51.396099 DCRS-00008 2026-07-09_01:56 8.2 -999.9 -999.9 93.0 -999.9 -999.9 7.1 -999.9 -999.9 998.8 -999.9 -999.9 0.0 -999.9 3.0 0.0 0.0 0.0 0.0 0.0 0.2 0.2 8.5 8.1 94.1 92.6 6.9 DCRS_-_Nova_Roma_-_Farroupilha_(180_m) -999.9 -999.9 999.0 998.5 998.8 7.6 7.0 0.0 Rio_Grande_do_Sul DCRS -999.9 0.0 0.0
-29.057501 -51.396099 DCRS-00008 2026-07-09_01:57 8.2 -999.9 -999.9 93.0 -999.9 -999.9 7.1 -999.9 -999.9 998.8 -999.9 -999.9 1.8 -999.9 3.0 0.0 0.0 0.0 0.0 0.0 0.2 0.2 8.5 8.1 94.1 92.6 6.9 DCRS_-_Nova_Roma_-_Farroupilha_(180_m) -999.9 -999.9 999.0 998.5 998.8 7.6 7.0 0.0 Rio_Grande_do_Sul DCRS -999.9 0.0 0.0
-29.057501 -51.396099 DCRS-00008 2026-07-09_01:58 8.2 -999.9 -999.9 93.1 -999.9 -999.9 7.1 -999.9 -999.9 998.8 -999.9 -999.9 0.0 -999.9 3.0 0.0 0.0 0.0 0.0 0.0 0.2 0.2 8.5 8.1 94.1 92.6 6.9 DCRS_-_Nova_Roma_-_Farroupilha_(180_m) -999.9 -999.9 999.0 998.5 998.8 7.6 7.0 0.0 Rio_Grande_do_Sul DCRS -999.9 0.0 0.0
-29.057501 -51.396099 DCRS-00008 2026-07-09_01:59 8.2 -999.9 -999.9 93.1 -999.9 -999.9 7.1 -999.9 -999.9 998.8 -999.9 -999.9 0.0 -999.9 3.0 0.0 0.0 0.0 0.0 0.0 0.2 0.2 8.5 8.1 94.1 92.6 6.9 DCRS_-_Nova_Roma_-_Farroupilha_(180_m) -999.9 -999.9 999.0 998.5 998.8 7.6 7.0 0.0 Rio_Grande_do_Sul DCRS -999.9 0.0 0.0
-29.057501 -51.396099 DCRS-00008 2026-07-09_02:00 8.2 -999.9 -999.9 93.1 -999.9 -999.9 7.1 -999.9 -999.9 998.8 -999.9 -999.9 0.0 -999.9 3.3 0.0 0.0 0.0 0.0 0.0 0.2 0.2 8.5 8.1 94.1 92.6 6.9 DCRS_-_Nova_Roma_-_Farroupilha_(180_m) -999.9 -999.9 999.0 998.5 998.8 7.6 7.0 0.0 Rio_Grande_do_Sul DCRS -999.9 0.0 0.0
-29.057501 -51.396099 DCRS-00008 2026-07-09_02:01 8.2 -999.9 -999.9 93.2 -999.9 -999.9 7.2 -999.9 -999.9 998.8 -999.9 -999.9 0.0 -999.9 3.3 0.0 0.0 0.0 0.0 0.0 0.2 0.2 8.5 8.1 94.1 92.6 6.9 DCRS_-_Nova_Roma_-_Farroupilha_(180_m) -999.9 -999.9 999.0 998.5 998.8 7.6 7.0 0.0 Rio_Grande_do_Sul DCRS -999.9 0.0 0.0
-29.057501 -51.396099 DCRS-00008 2026-07-09_02:02 8.2 -999.9 -999.9 93.1 -999.9 -999.9 7.1 -999.9 -999.9 998.8 -999.9 -999.9 1.8 -999.9 3.3 0.0 0.0 0.0 0.0 0.0 0.2 0.2 8.5 8.1 94.1 92.6 6.9 DCRS_-_Nova_Roma_-_Farroupilha_(180_m) -999.9 -999.9 999.0 998.5 998.8 7.6 7.0 0.0 Rio_Grande_do_Sul DCRS -999.9 0.0 0.0
-29.057501 -51.396099 DCRS-00008 2026-07-09_02:03 8.2 -999.9 -999.9 93.1 -999.9 -999.9 7.1 -999.9 -999.9 998.8 -999.9 -999.9 2.8 -999.9 3.3 0.0 0.0 0.0 0.0 0.0 0.2 0.2 8.5 8.1 94.1 92.6 6.9 DCRS_-_Nova_Roma_-_Farroupilha_(180_m) -999.9 -999.9 999.0 998.5 998.8 7.6 7.0 0.0 Rio_Grande_do_Sul DCRS -999.9 0.0 0.0
-29.057501 -51.396099 DCRS-00008 2026-07-09_02:04 8.1 -999.9 -999.9 93.1 -999.9 -999.9 7.0 -999.9 -999.9 998.7 -999.9 -999.9 3.2 -999.9 3.3 0.0 0.0 0.0 0.0 0.0 0.2 0.2 8.5 8.1 94.1 92.6 6.9 DCRS_-_Nova_Roma_-_Farroupilha_(180_m) -999.9 -999.9 999.0 998.5 998.7 7.6 7.0 0.0 Rio_Grande_do_Sul DCRS -999.9 0.0 0.0
-29.057501 -51.396099 DCRS-00008 2026-07-09_02:05 8.2 -999.9 -999.9 93.0 -999.9 -999.9 7.1 -999.9 -999.9 998.7 -999.9 -999.9 0.0 -999.9 3.2 0.0 0.0 0.0 0.0 0.0 0.2 0.2 8.5 8.1 94.1 92.6 6.9 DCRS_-_Nova_Roma_-_Farroupilha_(180_m) -999.9 -999.9 999.0 998.5 998.7 7.6 7.0 0.0 Rio_Grande_do_Sul DCRS -999.9 0.0 0.0
-29.057501 -51.396099 DCRS-00008 2026-07-09_02:06 8.2 -999.9 -999.9 93.0 -999.9 -999.9 7.1 -999.9 -999.9 998.7 -999.9 -999.9 0.0 -999.9 3.2 0.0 0.0 0.0 0.0 0.0 0.2 0.2 8.5 8.1 94.1 92.6 6.9 DCRS_-_Nova_Roma_-_Farroupilha_(180_m) -999.9 -999.9 999.0 998.5 998.7 7.6 7.0 0.0 Rio_Grande_do_Sul DCRS -999.9 0.0 0.0
-29.057501 -51.396099 DCRS-00008 2026-07-09_02:07 8.2 -999.9 -999.9 92.9 -999.9 -999.9 7.1 -999.9 -999.9 998.7 -999.9 -999.9 2.2 -999.9 3.2 0.0 0.0 0.0 0.0 0.0 0.2 0.2 8.5 8.1 94.1 92.6 6.9 DCRS_-_Nova_Roma_-_Farroupilha_(180_m) -999.9 -999.9 999.0 998.5 998.7 7.6 7.0 0.0 Rio_Grande_do_Sul DCRS -999.9 0.0 0.0
-29.057501 -51.396099 DCRS-00008 2026-07-09_02:08 8.2 -999.9 -999.9 92.9 -999.9 -999.9 7.1 -999.9 -999.9 998.7 -999.9 -999.9 2.0 -999.9 3.2 0.0 0.0 0.0 0.0 0.0 0.2 0.2 8.5 8.1 94.1 92.6 6.9 DCRS_-_Nova_Roma_-_Farroupilha_(180_m) -999.9 -999.9 999.0 998.5 998.7 7.6 7.0 0.0 Rio_Grande_do_Sul DCRS -999.9 0.0 0.0
-29.057501 -51.396099 DCRS-00008 2026-07-09_02:09 8.2 -999.9 -999.9 92.8 -999.9 -999.9 7.1 -999.9 -999.9 998.7 -999.9 -999.9 2.6 -999.9 3.2 0.0 0.0 0.0 0.0 0.0 0.2 0.2 8.5 8.1 94.1 92.6 6.9 DCRS_-_Nova_Roma_-_Farroupilha_(180_m) -999.9 -999.9 999.0 998.5 998.7 7.6 7.0 0.0 Rio_Grande_do_Sul DCRS -999.9 0.0 0.0
-29.057501 -51.396099 DCRS-00008 2026-07-09_02:10 8.2 -999.9 -999.9 92.7 -999.9 -999.9 7.1 -999.9 -999.9 998.8 -999.9 -999.9 0.0 -999.9 4.7 0.0 0.0 0.0 0.0 0.0 0.2 0.2 8.5 8.1 94.1 92.6 6.9 DCRS_-_Nova_Roma_-_Farroupilha_(180_m) -999.9 -999.9 999.0 998.5 998.8 7.6 7.0 0.0 Rio_Grande_do_Sul DCRS -999.9 0.0 0.0
-29.057501 -51.396099 DCRS-00008 2026-07-09_02:11 8.1 -999.9 -999.9 92.6 -999.9 -999.9 7.0 -999.9 -999.9 998.7 -999.9 -999.9 1.8 -999.9 4.7 0.0 0.0 0.0 0.0 0.0 0.2 0.2 8.5 8.1 94.1 92.6 6.9 DCRS_-_Nova_Roma_-_Farroupilha_(180_m) -999.9 -999.9 999.0 998.5 998.7 7.6 7.0 0.0 Rio_Grande_do_Sul DCRS -999.9 0.0 0.0
-29.057501 -51.396099 DCRS-00008 2026-07-09_02:12 8.2 -999.9 -999.9 92.5 -999.9 -999.9 7.0 -999.9 -999.9 998.7 -999.9 -999.9 0.0 -999.9 4.7 0.0 0.0 0.0 0.0 0.0 0.2 0.2 8.5 8.1 94.1 92.5 6.9 DCRS_-_Nova_Roma_-_Farroupilha_(180_m) -999.9 -999.9 999.0 998.5 998.7 7.6 7.0 0.0 Rio_Grande_do_Sul DCRS -999.9 0.0 0.0
-29.057501 -51.396099 DCRS-00008 2026-07-09_02:13 8.2 -999.9 -999.9 92.4 -999.9 -999.9 7.0 -999.9 -999.9 998.7 -999.9 -999.9 3.8 -999.9 4.7 0.0 0.0 0.0 0.0 0.0 0.2 0.2 8.5 8.1 94.1 92.4 6.9 DCRS_-_Nova_Roma_-_Farroupilha_(180_m) -999.9 -999.9 999.0 998.5 998.7 7.6 7.0 0.0 Rio_Grande_do_Sul DCRS -999.9 0.0 0.0
-29.057501 -51.396099 DCRS-00008 2026-07-09_02:14 8.2 -999.9 -999.9 92.4 -999.9 -999.9 7.0 -999.9 -999.9 998.7 -999.9 -999.9 2.0 -999.9 4.7 0.0 0.0 0.0 0.0 0.0 0.2 0.2 8.5 8.1 94.1 92.4 6.9 DCRS_-_Nova_Roma_-_Farroupilha_(180_m) -999.9 -999.9 999.0 998.5 998.7 7.6 7.0 0.0 Rio_Grande_do_Sul DCRS -999.9 0.0 0.0
-29.057501 -51.396099 DCRS-00008 2026-07-09_02:15 8.1 -999.9 -999.9 92.4 -999.9 -999.9 6.9 -999.9 -999.9 998.7 -999.9 -999.9 3.7 -999.9 5.2 0.0 0.0 0.0 0.0 0.0 0.2 0.2 8.5 8.1 94.1 92.4 6.9 DCRS_-_Nova_Roma_-_Farroupilha_(180_m) -999.9 -999.9 999.0 998.5 998.7 7.6 6.9 0.0 Rio_Grande_do_Sul DCRS -999.9 0.0 0.0
-29.057501 -51.396099 DCRS-00008 2026-07-09_02:16 8.2 -999.9 -999.9 92.2 -999.9 -999.9 7.0 -999.9 -999.9 998.7 -999.9 -999.9 3.6 -999.9 5.2 0.0 0.0 0.0 0.0 0.0 0.2 0.2 8.5 8.1 94.1 92.2 6.9 DCRS_-_Nova_Roma_-_Farroupilha_(180_m) -999.9 -999.9 999.0 998.5 998.7 7.6 6.9 0.0 Rio_Grande_do_Sul DCRS -999.9 0.0 0.0
-29.057501 -51.396099 DCRS-00008 2026-07-09_02:17 8.1 -999.9 -999.9 92.2 -999.9 -999.9 6.9 -999.9 -999.9 998.7 -999.9 -999.9 2.0 -999.9 5.2 0.0 0.0 0.0 0.0 0.0 0.2 0.2 8.5 8.1 94.1 92.2 6.9 DCRS_-_Nova_Roma_-_Farroupilha_(180_m) -999.9 -999.9 999.0 998.5 998.7 7.6 6.9 0.0 Rio_Grande_do_Sul DCRS -999.9 0.0 0.0
-29.057501 -51.396099 DCRS-00008 2026-07-09_02:18 8.1 -999.9 -999.9 92.2 -999.9 -999.9 6.9 -999.9 -999.9 998.7 -999.9 -999.9 2.6 -999.9 5.2 0.0 0.0 0.0 0.0 0.0 0.2 0.2 8.5 8.1 94.1 92.2 6.9 DCRS_-_Nova_Roma_-_Farroupilha_(180_m) -999.9 -999.9 999.0 998.5 998.7 7.6 6.9 0.0 Rio_Grande_do_Sul DCRS -999.9 0.0 0.0
-29.057501 -51.396099 DCRS-00008 2026-07-09_02:19 8.1 -999.9 -999.9 92.2 -999.9 -999.9 6.9 -999.9 -999.9 998.7 -999.9 -999.9 0.0 -999.9 5.2 0.0 0.0 0.0 0.0 0.0 0.2 0.2 8.5 8.1 94.1 92.2 6.9 DCRS_-_Nova_Roma_-_Farroupilha_(180_m) -999.9 -999.9 999.0 998.5 998.7 7.6 6.9 0.0 Rio_Grande_do_Sul DCRS -999.9 0.0 0.0
-29.057501 -51.396099 DCRS-00008 2026-07-09_02:20 8.1 -999.9 -999.9 92.2 -999.9 -999.9 6.9 -999.9 -999.9 998.7 -999.9 -999.9 0.0 -999.9 5.3 0.0 0.0 0.0 0.0 0.0 0.2 0.2 8.5 8.1 94.1 92.2 6.9 DCRS_-_Nova_Roma_-_Farroupilha_(180_m) -999.9 -999.9 999.0 998.5 998.7 7.6 6.9 0.0 Rio_Grande_do_Sul DCRS -999.9 0.0 0.0
-29.057501 -51.396099 DCRS-00008 2026-07-09_02:21 8.1 -999.9 -999.9 92.1 -999.9 -999.9 6.9 -999.9 -999.9 998.7 -999.9 -999.9 3.9 -999.9 5.3 0.0 0.0 0.0 0.0 0.0 0.2 0.2 8.5 8.1 94.1 92.1 6.9 DCRS_-_Nova_Roma_-_Farroupilha_(180_m) -999.9 -999.9 999.0 998.5 998.7 7.6 6.9 0.0 Rio_Grande_do_Sul DCRS -999.9 0.0 0.0
-29.057501 -51.396099 DCRS-00008 2026-07-09_02:22 8.1 -999.9 -999.9 92.1 -999.9 -999.9 6.9 -999.9 -999.9 998.7 -999.9 -999.9 2.6 -999.9 5.3 0.0 0.0 0.0 0.0 0.0 0.2 0.2 8.5 8.1 94.1 92.1 6.9 DCRS_-_Nova_Roma_-_Farroupilha_(180_m) -999.9 -999.9 999.0 998.5 998.7 7.6 6.9 0.0 Rio_Grande_do_Sul DCRS -999.9 0.0 0.0
-29.057501 -51.396099 DCRS-00008 2026-07-09_02:23 8.1 -999.9 -999.9 92.1 -999.9 -999.9 6.9 -999.9 -999.9 998.8 -999.9 -999.9 0.0 -999.9 5.3 0.0 0.0 0.0 0.0 0.0 0.2 0.2 8.5 8.1 94.1 92.1 6.9 DCRS_-_Nova_Roma_-_Farroupilha_(180_m) -999.9 -999.9 999.0 998.5 998.8 7.6 6.9 0.0 Rio_Grande_do_Sul DCRS -999.9 0.0 0.0
-29.057501 -51.396099 DCRS-00008 2026-07-09_02:24 8.1 -999.9 -999.9 92.0 -999.9 -999.9 6.9 -999.9 -999.9 998.8 -999.9 -999.9 3.2 -999.9 5.3 0.0 0.0 0.0 0.0 0.0 0.2 0.2 8.5 8.1 94.1 92.0 6.9 DCRS_-_Nova_Roma_-_Farroupilha_(180_m) -999.9 -999.9 999.0 998.5 998.8 7.6 6.9 0.0 Rio_Grande_do_Sul DCRS -999.9 0.0 0.0
-29.057501 -51.396099 DCRS-00008 2026-07-09_02:25 8.1 -999.9 -999.9 92.0 -999.9 -999.9 6.9 -999.9 -999.9 998.8 -999.9 -999.9 0.0 -999.9 4.8 0.0 0.0 0.0 0.0 0.0 0.2 0.2 8.5 8.1 94.1 92.0 6.9 DCRS_-_Nova_Roma_-_Farroupilha_(180_m) -999.9 -999.9 999.0 998.5 998.8 7.6 6.9 0.0 Rio_Grande_do_Sul DCRS -999.9 0.0 0.0
-29.057501 -51.396099 DCRS-00008 2026-07-09_02:26 8.1 -999.9 -999.9 92.0 -999.9 -999.9 6.9 -999.9 -999.9 998.8 -999.9 -999.9 0.0 -999.9 4.8 0.0 0.0 0.0 0.0 0.0 0.2 0.2 8.5 8.1 94.1 92.0 6.9 DCRS_-_Nova_Roma_-_Farroupilha_(180_m) -999.9 -999.9 999.0 998.5 998.8 7.6 6.9 0.0 Rio_Grande_do_Sul DCRS -999.9 0.0 0.0
-29.057501 -51.396099 DCRS-00008 2026-07-09_02:27 8.1 -999.9 -999.9 91.9 -999.9 -999.9 6.8 -999.9 -999.9 998.8 -999.9 -999.9 0.0 -999.9 4.8 0.0 0.0 0.0 0.0 0.0 0.2 0.2 8.5 8.1 94.1 91.9 6.9 DCRS_-_Nova_Roma_-_Farroupilha_(180_m) -999.9 -999.9 999.0 998.5 998.8 7.6 6.8 0.0 Rio_Grande_do_Sul DCRS -999.9 0.0 0.0
-29.057501 -51.396099 DCRS-00008 2026-07-09_02:28 8.1 -999.9 -999.9 91.8 -999.9 -999.9 6.8 -999.9 -999.9 998.8 -999.9 -999.9 0.0 -999.9 4.8 0.0 0.0 0.0 0.0 0.0 0.2 0.2 8.5 8.1 94.1 91.8 6.9 DCRS_-_Nova_Roma_-_Farroupilha_(180_m) -999.9 -999.9 999.0 998.5 998.8 7.6 6.8 0.0 Rio_Grande_do_Sul DCRS -999.9 0.0 0.0
-29.057501 -51.396099 DCRS-00008 2026-07-09_02:29 8.1 -999.9 -999.9 91.9 -999.9 -999.9 6.8 -999.9 -999.9 998.8 -999.9 -999.9 2.8 -999.9 4.8 0.0 0.0 0.0 0.0 0.0 0.2 0.2 8.5 8.1 94.1 91.8 6.9 DCRS_-_Nova_Roma_-_Farroupilha_(180_m) -999.9 -999.9 999.0 998.5 998.8 7.6 6.8 0.0 Rio_Grande_do_Sul DCRS -999.9 0.0 0.0
-29.057501 -51.396099 DCRS-00008 2026-07-09_02:30 8.1 -999.9 -999.9 91.8 -999.9 -999.9 6.8 -999.9 -999.9 998.8 -999.9 -999.9 0.0 -999.9 4.9 0.0 0.0 0.0 0.0 0.0 0.2 0.2 8.5 8.1 94.1 91.8 6.9 DCRS_-_Nova_Roma_-_Farroupilha_(180_m) -999.9 -999.9 999.0 998.5 998.8 7.6 6.8 0.0 Rio_Grande_do_Sul DCRS -999.9 0.0 0.0
-29.057501 -51.396099 DCRS-00008 2026-07-09_02:31 8.0 -999.9 -999.9 91.9 -999.9 -999.9 6.7 -999.9 -999.9 998.8 -999.9 -999.9 0.0 -999.9 4.9 0.0 0.0 0.0 0.0 0.0 0.2 0.2 8.5 8.0 94.1 91.8 6.9 DCRS_-_Nova_Roma_-_Farroupilha_(180_m) -999.9 -999.9 999.0 998.5 998.8 7.6 6.7 0.0 Rio_Grande_do_Sul DCRS -999.9 0.0 0.0
-29.057501 -51.396099 DCRS-00008 2026-07-09_02:32 8.0 -999.9 -999.9 92.0 -999.9 -999.9 6.8 -999.9 -999.9 998.8 -999.9 -999.9 0.0 -999.9 4.9 0.0 0.0 0.0 0.0 0.0 0.2 0.2 8.5 8.0 94.1 91.8 6.9 DCRS_-_Nova_Roma_-_Farroupilha_(180_m) -999.9 -999.9 999.0 998.5 998.8 7.6 6.7 0.0 Rio_Grande_do_Sul DCRS -999.9 0.0 0.0
-29.057501 -51.396099 DCRS-00008 2026-07-09_02:33 8.1 -999.9 -999.9 92.0 -999.9 -999.9 6.9 -999.9 -999.9 998.8 -999.9 -999.9 0.0 -999.9 4.9 0.0 0.0 0.0 0.0 0.0 0.2 0.2 8.5 8.0 94.1 91.8 6.9 DCRS_-_Nova_Roma_-_Farroupilha_(180_m) -999.9 -999.9 999.0 998.5 998.8 7.6 6.7 0.0 Rio_Grande_do_Sul DCRS -999.9 0.0 0.0
-29.057501 -51.396099 DCRS-00008 2026-07-09_02:34 8.1 -999.9 -999.9 91.8 -999.9 -999.9 6.8 -999.9 -999.9 998.8 -999.9 -999.9 0.0 -999.9 4.9 0.0 0.0 0.0 0.0 0.0 0.2 0.2 8.5 8.0 94.1 91.8 6.9 DCRS_-_Nova_Roma_-_Farroupilha_(180_m) -999.9 -999.9 999.0 998.5 998.8 7.6 6.7 0.0 Rio_Grande_do_Sul DCRS -999.9 0.0 0.0
-29.057501 -51.396099 DCRS-00008 2026-07-09_02:35 8.1 -999.9 -999.9 91.8 -999.9 -999.9 6.8 -999.9 -999.9 998.7 -999.9 -999.9 0.0 -999.9 3.0 0.0 0.0 0.0 0.0 0.0 0.2 0.2 8.5 8.0 94.1 91.8 6.9 DCRS_-_Nova_Roma_-_Farroupilha_(180_m) -999.9 -999.9 999.0 998.5 998.7 7.6 6.7 0.0 Rio_Grande_do_Sul DCRS -999.9 0.0 0.0
-29.057501 -51.396099 DCRS-00008 2026-07-09_02:36 8.1 -999.9 -999.9 91.8 -999.9 -999.9 6.8 -999.9 -999.9 998.7 -999.9 -999.9 0.0 -999.9 3.0 0.0 0.0 0.0 0.0 0.0 0.2 0.2 8.5 8.0 94.1 91.8 6.9 DCRS_-_Nova_Roma_-_Farroupilha_(180_m) -999.9 -999.9 999.0 998.5 998.7 7.6 6.7 0.0 Rio_Grande_do_Sul DCRS -999.9 0.0 0.0
-29.057501 -51.396099 DCRS-00008 2026-07-09_02:37 8.1 -999.9 -999.9 91.9 -999.9 -999.9 6.8 -999.9 -999.9 998.7 -999.9 -999.9 0.0 -999.9 3.0 0.0 0.0 0.0 0.0 0.0 0.2 0.2 8.5 8.0 94.1 91.8 6.9 DCRS_-_Nova_Roma_-_Farroupilha_(180_m) -999.9 -999.9 999.0 998.5 998.7 7.6 6.7 0.0 Rio_Grande_do_Sul DCRS -999.9 0.0 0.0
-29.057501 -51.396099 DCRS-00008 2026-07-09_02:38 8.1 -999.9 -999.9 91.8 -999.9 -999.9 6.8 -999.9 -999.9 998.7 -999.9 -999.9 0.0 -999.9 3.0 0.0 0.0 0.0 0.0 0.0 0.2 0.2 8.5 8.0 94.1 91.8 6.9 DCRS_-_Nova_Roma_-_Farroupilha_(180_m) -999.9 -999.9 999.0 998.5 998.7 7.6 6.7 0.0 Rio_Grande_do_Sul DCRS -999.9 0.0 0.0
-29.057501 -51.396099 DCRS-00008 2026-07-09_02:39 8.1 -999.9 -999.9 91.8 -999.9 -999.9 6.8 -999.9 -999.9 998.8 -999.9 -999.9 0.0 -999.9 3.0 0.0 0.0 0.0 0.0 0.0 0.2 0.2 8.5 8.0 94.1 91.8 6.9 DCRS_-_Nova_Roma_-_Farroupilha_(180_m) -999.9 -999.9 999.0 998.5 998.8 7.6 6.7 0.0 Rio_Grande_do_Sul DCRS -999.9 0.0 0.0
-29.057501 -51.396099 DCRS-00008 2026-07-09_02:40 8.1 -999.9 -999.9 91.9 -999.9 -999.9 6.8 -999.9 -999.9 998.8 -999.9 -999.9 -999.9 -999.9 3.1 0.0 0.0 0.0 0.0 0.0 0.2 0.2 8.5 8.0 94.1 91.8 6.9 DCRS_-_Nova_Roma_-_Farroupilha_(180_m) -999.9 -999.9 999.0 998.5 998.8 7.6 6.7 0.0 Rio_Grande_do_Sul DCRS -999.9 0.0 0.0
-29.057501 -51.396099 DCRS-00008 2026-07-09_02:41 8.0 -999.9 -999.9 91.9 -999.9 -999.9 6.7 -999.9 -999.9 998.8 -999.9 -999.9 0.0 -999.9 3.1 0.0 0.0 0.0 0.0 0.0 0.2 0.2 8.5 8.0 94.1 91.8 6.9 DCRS_-_Nova_Roma_-_Farroupilha_(180_m) -999.9 -999.9 999.0 998.5 998.8 7.6 6.7 0.0 Rio_Grande_do_Sul DCRS -999.9 0.0 0.0
-29.057501 -51.396099 DCRS-00008 2026-07-09_02:42 8.0 -999.9 -999.9 91.8 -999.9 -999.9 6.7 -999.9 -999.9 998.8 -999.9 -999.9 0.0 -999.9 3.1 0.0 0.0 0.0 0.0 0.0 0.2 0.2 8.5 8.0 94.1 91.8 6.9 DCRS_-_Nova_Roma_-_Farroupilha_(180_m) -999.9 -999.9 999.0 998.5 998.8 7.6 6.7 0.0 Rio_Grande_do_Sul DCRS -999.9 0.0 0.0
-29.057501 -51.396099 DCRS-00008 2026-07-09_02:43 8.1 -999.9 -999.9 91.8 -999.9 -999.9 6.8 -999.9 -999.9 998.8 -999.9 -999.9 -999.9 -999.9 3.1 0.0 0.0 0.0 0.0 0.0 0.2 0.2 8.5 8.0 94.1 91.8 6.9 DCRS_-_Nova_Roma_-_Farroupilha_(180_m) -999.9 -999.9 999.0 998.5 998.8 7.6 6.7 0.0 Rio_Grande_do_Sul DCRS -999.9 0.0 0.0
-29.057501 -51.396099 DCRS-00008 2026-07-09_02:44 8.0 -999.9 -999.9 91.6 -999.9 -999.9 6.7 -999.9 -999.9 998.8 -999.9 -999.9 0.0 -999.9 3.1 0.0 0.0 0.0 0.0 0.0 0.2 0.2 8.5 8.0 94.1 91.6 6.9 DCRS_-_Nova_Roma_-_Farroupilha_(180_m) -999.9 -999.9 999.0 998.5 998.8 7.6 6.7 0.0 Rio_Grande_do_Sul DCRS -999.9 0.0 0.0
-29.057501 -51.396099 DCRS-00008 2026-07-09_02:45 8.0 -999.9 -999.9 91.5 -999.9 -999.9 6.7 -999.9 -999.9 998.8 -999.9 -999.9 0.0 -999.9 4.6 0.0 0.0 0.0 0.0 0.0 0.2 0.2 8.5 8.0 94.1 91.5 6.9 DCRS_-_Nova_Roma_-_Farroupilha_(180_m) -999.9 -999.9 999.0 998.5 998.8 7.6 6.7 0.0 Rio_Grande_do_Sul DCRS -999.9 0.0 0.0
-29.057501 -51.396099 DCRS-00008 2026-07-09_02:46 8.0 -999.9 -999.9 91.6 -999.9 -999.9 6.7 -999.9 -999.9 998.8 -999.9 -999.9 0.0 -999.9 4.6 0.0 0.0 0.0 0.0 0.0 0.2 0.2 8.5 8.0 94.1 91.5 6.9 DCRS_-_Nova_Roma_-_Farroupilha_(180_m) -999.9 -999.9 999.0 998.5 998.8 7.6 6.7 0.0 Rio_Grande_do_Sul DCRS -999.9 0.0 0.0
-29.057501 -51.396099 DCRS-00008 2026-07-09_02:47 8.0 -999.9 -999.9 91.6 -999.9 -999.9 6.7 -999.9 -999.9 998.8 -999.9 -999.9 0.0 -999.9 4.6 0.0 0.0 0.0 0.0 0.0 0.2 0.2 8.5 8.0 94.1 91.5 6.9 DCRS_-_Nova_Roma_-_Farroupilha_(180_m) -999.9 -999.9 999.0 998.5 998.8 7.6 6.7 0.0 Rio_Grande_do_Sul DCRS -999.9 0.0 0.0
-29.057501 -51.396099 DCRS-00008 2026-07-09_02:48 8.1 -999.9 -999.9 91.7 -999.9 -999.9 6.8 -999.9 -999.9 998.8 -999.9 -999.9 0.0 -999.9 4.6 0.0 0.0 0.0 0.0 0.0 0.2 0.2 8.5 8.0 94.1 91.5 6.9 DCRS_-_Nova_Roma_-_Farroupilha_(180_m) -999.9 -999.9 999.0 998.5 998.8 7.6 6.7 0.0 Rio_Grande_do_Sul DCRS -999.9 0.0 0.0
-29.057501 -51.396099 DCRS-00008 2026-07-09_02:49 8.1 -999.9 -999.9 91.6 -999.9 -999.9 6.8 -999.9 -999.9 998.8 -999.9 -999.9 0.0 -999.9 4.6 0.0 0.0 0.0 0.0 0.0 0.2 0.2 8.5 8.0 94.1 91.5 6.9 DCRS_-_Nova_Roma_-_Farroupilha_(180_m) -999.9 -999.9 999.0 998.5 998.8 7.6 6.7 0.0 Rio_Grande_do_Sul DCRS -999.9 0.0 0.0
-29.057501 -51.396099 DCRS-00008 2026-07-09_02:50 8.0 -999.9 -999.9 91.6 -999.9 -999.9 6.7 -999.9 -999.9 998.7 -999.9 -999.9 1.9 -999.9 3.1 0.0 0.0 0.0 0.0 0.0 0.2 0.2 8.5 8.0 94.1 91.5 6.9 DCRS_-_Nova_Roma_-_Farroupilha_(180_m) -999.9 -999.9 999.0 998.5 998.7 7.6 6.7 0.0 Rio_Grande_do_Sul DCRS -999.9 0.0 0.0
-29.057501 -51.396099 DCRS-00008 2026-07-09_02:51 8.1 -999.9 -999.9 91.6 -999.9 -999.9 6.8 -999.9 -999.9 998.7 -999.9 -999.9 0.0 -999.9 3.1 0.0 0.0 0.0 0.0 0.0 0.2 0.2 8.5 8.0 94.1 91.5 6.9 DCRS_-_Nova_Roma_-_Farroupilha_(180_m) -999.9 -999.9 999.0 998.5 998.7 7.6 6.7 0.0 Rio_Grande_do_Sul DCRS -999.9 0.0 0.0
-29.057501 -51.396099 DCRS-00008 2026-07-09_02:52 8.1 -999.9 -999.9 91.7 -999.9 -999.9 6.8 -999.9 -999.9 998.7 -999.9 -999.9 1.9 -999.9 3.1 0.0 0.0 0.0 0.0 0.0 0.2 0.2 8.5 8.0 94.1 91.5 6.9 DCRS_-_Nova_Roma_-_Farroupilha_(180_m) -999.9 -999.9 999.0 998.5 998.7 7.6 6.7 0.0 Rio_Grande_do_Sul DCRS -999.9 0.0 0.0
-29.057501 -51.396099 DCRS-00008 2026-07-09_02:53 8.1 -999.9 -999.9 91.8 -999.9 -999.9 6.8 -999.9 -999.9 998.7 -999.9 -999.9 0.0 -999.9 3.1 0.0 0.0 0.0 0.0 0.0 0.2 0.2 8.5 8.0 94.1 91.5 6.9 DCRS_-_Nova_Roma_-_Farroupilha_(180_m) -999.9 -999.9 999.0 998.5 998.7 7.6 6.7 0.0 Rio_Grande_do_Sul DCRS -999.9 0.0 0.0
-29.057501 -51.396099 DCRS-00008 2026-07-09_02:54 8.1 -999.9 -999.9 91.8 -999.9 -999.9 6.8 -999.9 -999.9 998.7 -999.9 -999.9 0.0 -999.9 3.1 0.0 0.0 0.0 0.0 0.0 0.2 0.2 8.5 8.0 94.1 91.5 6.9 DCRS_-_Nova_Roma_-_Farroupilha_(180_m) -999.9 -999.9 999.0 998.5 998.7 7.6 6.7 0.0 Rio_Grande_do_Sul DCRS -999.9 0.0 0.0
-29.057501 -51.396099 DCRS-00008 2026-07-09_02:55 8.1 -999.9 -999.9 91.8 -999.9 -999.9 6.8 -999.9 -999.9 998.7 -999.9 -999.9 0.0 -999.9 3.7 0.0 0.0 0.0 0.0 0.0 0.2 0.2 8.5 8.0 94.1 91.5 6.9 DCRS_-_Nova_Roma_-_Farroupilha_(180_m) -999.9 -999.9 999.0 998.5 998.7 7.6 6.7 0.0 Rio_Grande_do_Sul DCRS -999.9 0.0 0.0
-29.057501 -51.396099 DCRS-00008 2026-07-09_02:56 8.1 -999.9 -999.9 91.9 -999.9 -999.9 6.8 -999.9 -999.9 998.7 -999.9 -999.9 0.0 -999.9 3.7 0.0 0.0 0.0 0.0 0.0 0.2 0.2 8.5 8.0 94.1 91.5 6.9 DCRS_-_Nova_Roma_-_Farroupilha_(180_m) -999.9 -999.9 999.0 998.5 998.7 7.6 6.7 0.0 Rio_Grande_do_Sul DCRS -999.9 0.0 0.0
-29.057501 -51.396099 DCRS-00008 2026-07-09_02:57 8.1 -999.9 -999.9 91.9 -999.9 -999.9 6.8 -999.9 -999.9 998.7 -999.9 -999.9 0.0 -999.9 3.7 0.0 0.0 0.0 0.0 0.0 0.2 0.2 8.5 8.0 94.1 91.5 6.9 DCRS_-_Nova_Roma_-_Farroupilha_(180_m) -999.9 -999.9 999.0 998.5 998.7 7.6 6.7 0.0 Rio_Grande_do_Sul DCRS -999.9 0.0 0.0
-29.057501 -51.396099 DCRS-00008 2026-07-09_02:58 8.1 -999.9 -999.9 92.0 -999.9 -999.9 6.9 -999.9 -999.9 998.7 -999.9 -999.9 0.0 -999.9 3.7 0.0 0.0 0.0 0.0 0.0 0.2 0.2 8.5 8.0 94.1 91.5 6.9 DCRS_-_Nova_Roma_-_Farroupilha_(180_m) -999.9 -999.9 999.0 998.5 998.7 7.6 6.7 0.0 Rio_Grande_do_Sul DCRS -999.9 0.0 0.0
-29.057501 -51.396099 DCRS-00008 2026-07-09_02:59 8.1 -999.9 -999.9 92.0 -999.9 -999.9 6.9 -999.9 -999.9 998.7 -999.9 -999.9 0.0 -999.9 3.7 0.0 0.0 0.0 0.0 0.0 0.2 0.2 8.5 8.0 94.1 91.5 6.9 DCRS_-_Nova_Roma_-_Farroupilha_(180_m) -999.9 -999.9 999.0 998.5 998.7 7.6 6.7 0.0 Rio_Grande_do_Sul DCRS -999.9 0.0 0.0
-29.057501 -51.396099 DCRS-00008 2026-07-09_03:00 8.0 -999.9 -999.9 91.9 -999.9 -999.9 6.7 -999.9 -999.9 998.7 -999.9 -999.9 0.0 -999.9 3.5 0.0 0.0 0.0 0.0 0.0 0.2 0.2 8.5 8.0 94.1 91.5 6.9 DCRS_-_Nova_Roma_-_Farroupilha_(180_m) -999.9 -999.9 999.0 998.5 998.7 7.6 6.7 0.0 Rio_Grande_do_Sul DCRS -999.9 0.0 0.0
-29.057501 -51.396099 DCRS-00008 2026-07-09_03:01 8.1 -999.9 -999.9 91.9 -999.9 -999.9 6.8 -999.9 -999.9 998.7 -999.9 -999.9 2.7 -999.9 3.5 0.0 0.0 0.0 0.0 0.0 0.2 0.2 8.5 8.0 94.1 91.5 6.9 DCRS_-_Nova_Roma_-_Farroupilha_(180_m) -999.9 -999.9 999.0 998.5 998.7 7.6 6.7 0.0 Rio_Grande_do_Sul DCRS -999.9 0.0 0.0
-29.057501 -51.396099 DCRS-00008 2026-07-09_03:02 8.1 -999.9 -999.9 92.0 -999.9 -999.9 6.9 -999.9 -999.9 998.7 -999.9 -999.9 -999.9 -999.9 3.5 0.0 0.0 0.0 0.0 0.0 0.2 0.2 8.5 8.0 94.1 91.5 6.9 DCRS_-_Nova_Roma_-_Farroupilha_(180_m) -999.9 -999.9 999.0 998.5 998.7 7.6 6.7 0.0 Rio_Grande_do_Sul DCRS -999.9 0.0 0.0
-29.057501 -51.396099 DCRS-00008 2026-07-09_03:03 8.0 -999.9 -999.9 91.9 -999.9 -999.9 6.7 -999.9 -999.9 998.7 -999.9 -999.9 -999.9 -999.9 3.5 0.0 0.0 0.0 0.0 0.0 0.2 0.2 8.5 8.0 94.1 91.5 6.9 DCRS_-_Nova_Roma_-_Farroupilha_(180_m) -999.9 -999.9 999.0 998.5 998.7 7.6 6.7 0.0 Rio_Grande_do_Sul DCRS -999.9 0.0 0.0
-29.057501 -51.396099 DCRS-00008 2026-07-09_03:04 8.0 -999.9 -999.9 91.9 -999.9 -999.9 6.7 -999.9 -999.9 998.7 -999.9 -999.9 2.6 -999.9 3.5 0.0 0.0 0.0 0.0 0.0 0.2 0.2 8.5 8.0 94.1 91.5 6.9 DCRS_-_Nova_Roma_-_Farroupilha_(180_m) -999.9 -999.9 999.0 998.5 998.7 7.6 6.7 0.0 Rio_Grande_do_Sul DCRS -999.9 0.0 0.0
-29.057501 -51.396099 DCRS-00008 2026-07-09_03:05 8.1 -999.9 -999.9 91.8 -999.9 -999.9 6.8 -999.9 -999.9 998.6 -999.9 -999.9 0.0 -999.9 5.0 0.0 0.0 0.0 0.0 0.0 0.2 0.2 8.5 8.0 94.1 91.5 6.9 DCRS_-_Nova_Roma_-_Farroupilha_(180_m) -999.9 -999.9 999.0 998.5 998.6 7.6 6.7 0.0 Rio_Grande_do_Sul DCRS -999.9 0.0 0.0
-29.057501 -51.396099 DCRS-00008 2026-07-09_03:06 8.1 -999.9 -999.9 91.8 -999.9 -999.9 6.8 -999.9 -999.9 998.6 -999.9 -999.9 2.0 -999.9 5.0 0.0 0.0 0.0 0.0 0.0 0.2 0.2 8.5 8.0 94.1 91.5 6.9 DCRS_-_Nova_Roma_-_Farroupilha_(180_m) -999.9 -999.9 999.0 998.5 998.6 7.6 6.7 0.0 Rio_Grande_do_Sul DCRS -999.9 0.0 0.0
-29.057501 -51.396099 DCRS-00008 2026-07-09_03:07 8.1 -999.9 -999.9 91.8 -999.9 -999.9 6.8 -999.9 -999.9 998.6 -999.9 -999.9 1.9 -999.9 5.0 0.0 0.0 0.0 0.0 0.0 0.2 0.2 8.5 8.0 94.1 91.5 6.9 DCRS_-_Nova_Roma_-_Farroupilha_(180_m) -999.9 -999.9 999.0 998.5 998.6 7.6 6.7 0.0 Rio_Grande_do_Sul DCRS -999.9 0.0 0.0
-29.057501 -51.396099 DCRS-00008 2026-07-09_03:08 8.1 -999.9 -999.9 91.7 -999.9 -999.9 6.8 -999.9 -999.9 998.6 -999.9 -999.9 0.0 -999.9 5.0 0.0 0.0 0.0 0.0 0.0 0.2 0.2 8.5 8.0 94.1 91.5 6.9 DCRS_-_Nova_Roma_-_Farroupilha_(180_m) -999.9 -999.9 999.0 998.5 998.6 7.6 6.7 0.0 Rio_Grande_do_Sul DCRS -999.9 0.0 0.0
-29.057501 -51.396099 DCRS-00008 2026-07-09_03:09 8.1 -999.9 -999.9 91.7 -999.9 -999.9 6.8 -999.9 -999.9 998.6 -999.9 -999.9 2.1 -999.9 5.0 0.0 0.0 0.0 0.0 0.0 0.2 0.2 8.5 8.0 94.1 91.5 6.9 DCRS_-_Nova_Roma_-_Farroupilha_(180_m) -999.9 -999.9 999.0 998.5 998.6 7.6 6.7 0.0 Rio_Grande_do_Sul DCRS -999.9 0.0 0.0
-29.057501 -51.396099 DCRS-00008 2026-07-09_03:10 8.1 -999.9 -999.9 91.6 -999.9 -999.9 6.8 -999.9 -999.9 998.5 -999.9 -999.9 -999.9 -999.9 3.7 0.0 0.0 0.0 0.0 0.0 0.2 0.2 8.5 8.0 94.1 91.5 6.9 DCRS_-_Nova_Roma_-_Farroupilha_(180_m) -999.9 -999.9 999.0 998.5 998.5 7.6 6.7 0.0 Rio_Grande_do_Sul DCRS -999.9 0.0 0.0
-29.057501 -51.396099 DCRS-00008 2026-07-09_03:11 8.1 -999.9 -999.9 91.6 -999.9 -999.9 6.8 -999.9 -999.9 998.5 -999.9 -999.9 3.0 -999.9 3.7 0.0 0.0 0.0 0.0 0.0 0.2 0.2 8.5 8.0 94.1 91.5 6.9 DCRS_-_Nova_Roma_-_Farroupilha_(180_m) -999.9 -999.9 999.0 998.5 998.5 7.6 6.7 0.0 Rio_Grande_do_Sul DCRS -999.9 0.0 0.0
-29.057501 -51.396099 DCRS-00008 2026-07-09_03:12 8.1 -999.9 -999.9 91.5 -999.9 -999.9 6.8 -999.9 -999.9 998.5 -999.9 -999.9 2.4 -999.9 3.7 0.0 0.0 0.0 0.0 0.0 0.2 0.2 8.5 8.0 94.1 91.5 6.9 DCRS_-_Nova_Roma_-_Farroupilha_(180_m) -999.9 -999.9 999.0 998.5 998.5 7.6 6.7 0.0 Rio_Grande_do_Sul DCRS -999.9 0.0 0.0
-29.057501 -51.396099 DCRS-00008 2026-07-09_03:13 8.1 -999.9 -999.9 91.5 -999.9 -999.9 6.8 -999.9 -999.9 998.5 -999.9 -999.9 2.9 -999.9 3.7 0.0 0.0 0.0 0.0 0.0 0.2 0.2 8.5 8.0 94.1 91.5 6.9 DCRS_-_Nova_Roma_-_Farroupilha_(180_m) -999.9 -999.9 999.0 998.5 998.5 7.6 6.7 0.0 Rio_Grande_do_Sul DCRS -999.9 0.0 0.0
-29.057501 -51.396099 DCRS-00008 2026-07-09_03:14 8.1 -999.9 -999.9 91.4 -999.9 -999.9 6.8 -999.9 -999.9 998.5 -999.9 -999.9 -999.9 -999.9 3.7 0.0 0.0 0.0 0.0 0.0 0.2 0.2 8.5 8.0 94.1 91.4 6.9 DCRS_-_Nova_Roma_-_Farroupilha_(180_m) -999.9 -999.9 999.0 998.5 998.5 7.6 6.7 0.0 Rio_Grande_do_Sul DCRS -999.9 0.0 0.0
-29.057501 -51.396099 DCRS-00008 2026-07-09_03:15 8.1 -999.9 -999.9 91.3 -999.9 -999.9 6.8 -999.9 -999.9 998.5 -999.9 -999.9 3.8 -999.9 5.7 0.0 0.0 0.0 0.0 0.0 0.2 0.2 8.5 8.0 94.1 91.3 6.9 DCRS_-_Nova_Roma_-_Farroupilha_(180_m) -999.9 -999.9 999.0 998.5 998.5 7.6 6.7 0.0 Rio_Grande_do_Sul DCRS -999.9 0.0 0.0
-29.057501 -51.396099 DCRS-00008 2026-07-09_03:16 8.1 -999.9 -999.9 91.3 -999.9 -999.9 6.8 -999.9 -999.9 998.5 -999.9 -999.9 1.9 -999.9 5.7 0.0 0.0 0.0 0.0 0.0 0.2 0.2 8.5 8.0 94.1 91.3 6.9 DCRS_-_Nova_Roma_-_Farroupilha_(180_m) -999.9 -999.9 999.0 998.5 998.5 7.6 6.7 0.0 Rio_Grande_do_Sul DCRS -999.9 0.0 0.0
-29.057501 -51.396099 DCRS-00008 2026-07-09_03:17 8.0 -999.9 -999.9 91.4 -999.9 -999.9 6.7 -999.9 -999.9 998.5 -999.9 -999.9 2.3 -999.9 5.7 0.0 0.0 0.0 0.0 0.0 0.2 0.2 8.5 8.0 94.1 91.3 6.9 DCRS_-_Nova_Roma_-_Farroupilha_(180_m) -999.9 -999.9 999.0 998.5 998.5 7.6 6.7 0.0 Rio_Grande_do_Sul DCRS -999.9 0.0 0.0
-29.057501 -51.396099 DCRS-00008 2026-07-09_03:18 8.0 -999.9 -999.9 91.3 -999.9 -999.9 6.7 -999.9 -999.9 998.5 -999.9 -999.9 0.0 -999.9 5.7 0.0 0.0 0.0 0.0 0.0 0.2 0.2 8.5 8.0 94.1 91.3 6.9 DCRS_-_Nova_Roma_-_Farroupilha_(180_m) -999.9 -999.9 999.0 998.5 998.5 7.6 6.7 0.0 Rio_Grande_do_Sul DCRS -999.9 0.0 0.0
-29.057501 -51.396099 DCRS-00008 2026-07-09_03:19 8.0 -999.9 -999.9 91.1 -999.9 -999.9 6.6 -999.9 -999.9 998.5 -999.9 -999.9 2.3 -999.9 5.7 0.0 0.0 0.0 0.0 0.0 0.2 0.2 8.5 8.0 94.1 91.1 6.9 DCRS_-_Nova_Roma_-_Farroupilha_(180_m) -999.9 -999.9 999.0 998.5 998.5 7.6 6.6 0.0 Rio_Grande_do_Sul DCRS -999.9 0.0 0.0
-29.057501 -51.396099 DCRS-00008 2026-07-09_03:20 8.0 -999.9 -999.9 91.0 -999.9 -999.9 6.6 -999.9 -999.9 998.5 -999.9 -999.9 4.7 -999.9 5.4 0.0 0.0 0.0 0.0 0.0 0.2 0.2 8.5 8.0 94.1 91.0 6.9 DCRS_-_Nova_Roma_-_Farroupilha_(180_m) -999.9 -999.9 999.0 998.5 998.5 7.6 6.6 0.0 Rio_Grande_do_Sul DCRS -999.9 0.0 0.0
-29.057501 -51.396099 DCRS-00008 2026-07-09_03:21 8.0 -999.9 -999.9 91.1 -999.9 -999.9 6.6 -999.9 -999.9 998.5 -999.9 -999.9 0.0 -999.9 5.4 0.0 0.0 0.0 0.0 0.0 0.2 0.2 8.5 8.0 94.1 91.0 6.9 DCRS_-_Nova_Roma_-_Farroupilha_(180_m) -999.9 -999.9 999.0 998.5 998.5 7.6 6.6 0.0 Rio_Grande_do_Sul DCRS -999.9 0.0 0.0
-29.057501 -51.396099 DCRS-00008 2026-07-09_03:22 8.0 -999.9 -999.9 91.2 -999.9 -999.9 6.6 -999.9 -999.9 998.6 -999.9 -999.9 2.3 -999.9 5.4 0.0 0.0 0.0 0.0 0.0 0.2 0.2 8.5 8.0 94.1 91.0 6.9 DCRS_-_Nova_Roma_-_Farroupilha_(180_m) -999.9 -999.9 999.0 998.5 998.6 7.6 6.6 0.0 Rio_Grande_do_Sul DCRS -999.9 0.0 0.0
-29.057501 -51.396099 DCRS-00008 2026-07-09_03:23 8.1 -999.9 -999.9 91.2 -999.9 -999.9 6.7 -999.9 -999.9 998.6 -999.9 -999.9 2.1 -999.9 5.4 0.0 0.0 0.0 0.0 0.0 0.2 0.2 8.5 8.0 94.1 91.0 6.9 DCRS_-_Nova_Roma_-_Farroupilha_(180_m) -999.9 -999.9 999.0 998.5 998.6 7.6 6.6 0.0 Rio_Grande_do_Sul DCRS -999.9 0.0 0.0
-29.057501 -51.396099 DCRS-00008 2026-07-09_03:24 8.0 -999.9 -999.9 91.3 -999.9 -999.9 6.7 -999.9 -999.9 998.6 -999.9 -999.9 0.0 -999.9 5.4 0.0 0.0 0.0 0.0 0.0 0.2 0.2 8.5 8.0 94.1 91.0 6.9 DCRS_-_Nova_Roma_-_Farroupilha_(180_m) -999.9 -999.9 999.0 998.5 998.6 7.6 6.6 0.0 Rio_Grande_do_Sul DCRS -999.9 0.0 0.0
-29.057501 -51.396099 DCRS-00008 2026-07-09_03:25 8.1 -999.9 -999.9 91.3 -999.9 -999.9 6.8 -999.9 -999.9 998.6 -999.9 -999.9 0.0 -999.9 6.5 0.0 0.0 0.0 0.0 0.0 0.2 0.2 8.5 8.0 94.1 91.0 6.9 DCRS_-_Nova_Roma_-_Farroupilha_(180_m) -999.9 -999.9 999.0 998.5 998.6 7.6 6.6 0.0 Rio_Grande_do_Sul DCRS -999.9 0.0 0.0
-29.057501 -51.396099 DCRS-00008 2026-07-09_03:26 8.0 -999.9 -999.9 91.3 -999.9 -999.9 6.7 -999.9 -999.9 998.6 -999.9 -999.9 0.0 -999.9 6.5 0.0 0.0 0.0 0.0 0.0 0.2 0.2 8.5 8.0 94.1 91.0 6.9 DCRS_-_Nova_Roma_-_Farroupilha_(180_m) -999.9 -999.9 999.0 998.5 998.6 7.6 6.6 0.0 Rio_Grande_do_Sul DCRS -999.9 0.0 0.0
-29.057501 -51.396099 DCRS-00008 2026-07-09_03:27 8.0 -999.9 -999.9 91.3 -999.9 -999.9 6.7 -999.9 -999.9 998.6 -999.9 -999.9 0.0 -999.9 6.5 0.0 0.0 0.0 0.0 0.0 0.2 0.2 8.5 8.0 94.1 91.0 6.9 DCRS_-_Nova_Roma_-_Farroupilha_(180_m) -999.9 -999.9 999.0 998.5 998.6 7.6 6.6 0.0 Rio_Grande_do_Sul DCRS -999.9 0.0 0.0
-29.057501 -51.396099 DCRS-00008 2026-07-09_03:28 8.1 -999.9 -999.9 91.3 -999.9 -999.9 6.8 -999.9 -999.9 998.6 -999.9 -999.9 0.0 -999.9 6.5 0.0 0.0 0.0 0.0 0.0 0.2 0.2 8.5 8.0 94.1 91.0 6.9 DCRS_-_Nova_Roma_-_Farroupilha_(180_m) -999.9 -999.9 999.0 998.5 998.6 7.6 6.6 0.0 Rio_Grande_do_Sul DCRS -999.9 0.0 0.0
-29.057501 -51.396099 DCRS-00008 2026-07-09_03:29 8.1 -999.9 -999.9 91.3 -999.9 -999.9 6.8 -999.9 -999.9 998.6 -999.9 -999.9 0.0 -999.9 6.5 0.0 0.0 0.0 0.0 0.0 0.2 0.2 8.5 8.0 94.1 91.0 6.9 DCRS_-_Nova_Roma_-_Farroupilha_(180_m) -999.9 -999.9 999.0 998.5 998.6 7.6 6.6 0.0 Rio_Grande_do_Sul DCRS -999.9 0.0 0.0
-29.057501 -51.396099 DCRS-00008 2026-07-09_03:30 8.1 -999.9 -999.9 91.5 -999.9 -999.9 6.8 -999.9 -999.9 998.6 -999.9 -999.9 1.9 -999.9 3.4 0.0 0.0 0.0 0.0 0.0 0.2 0.2 8.5 8.0 94.1 91.0 6.9 DCRS_-_Nova_Roma_-_Farroupilha_(180_m) -999.9 -999.9 999.0 998.5 998.6 7.6 6.6 0.0 Rio_Grande_do_Sul DCRS -999.9 0.0 0.0
-29.057501 -51.396099 DCRS-00008 2026-07-09_03:31 8.1 -999.9 -999.9 91.5 -999.9 -999.9 6.8 -999.9 -999.9 998.6 -999.9 -999.9 0.0 -999.9 3.4 0.0 0.0 0.0 0.0 0.0 0.2 0.2 8.5 8.0 94.1 91.0 6.9 DCRS_-_Nova_Roma_-_Farroupilha_(180_m) -999.9 -999.9 999.0 998.5 998.6 7.6 6.6 0.0 Rio_Grande_do_Sul DCRS -999.9 0.0 0.0
-29.057501 -51.396099 DCRS-00008 2026-07-09_03:32 8.0 -999.9 -999.9 91.4 -999.9 -999.9 6.7 -999.9 -999.9 998.6 -999.9 -999.9 3.0 -999.9 3.4 0.0 0.0 0.0 0.0 0.0 0.2 0.2 8.5 8.0 94.1 91.0 6.9 DCRS_-_Nova_Roma_-_Farroupilha_(180_m) -999.9 -999.9 999.0 998.5 998.6 7.6 6.6 0.0 Rio_Grande_do_Sul DCRS -999.9 0.0 0.0
-29.057501 -51.396099 DCRS-00008 2026-07-09_03:33 8.1 -999.9 -999.9 91.5 -999.9 -999.9 6.8 -999.9 -999.9 998.6 -999.9 -999.9 0.0 -999.9 3.4 0.0 0.0 0.0 0.0 0.0 0.2 0.2 8.5 8.0 94.1 91.0 6.9 DCRS_-_Nova_Roma_-_Farroupilha_(180_m) -999.9 -999.9 999.0 998.5 998.6 7.6 6.6 0.0 Rio_Grande_do_Sul DCRS -999.9 0.0 0.0
-29.057501 -51.396099 DCRS-00008 2026-07-09_03:34 8.1 -999.9 -999.9 91.6 -999.9 -999.9 6.8 -999.9 -999.9 998.6 -999.9 -999.9 2.0 -999.9 3.4 0.0 0.0 0.0 0.0 0.0 0.2 0.2 8.5 8.0 94.1 91.0 6.9 DCRS_-_Nova_Roma_-_Farroupilha_(180_m) -999.9 -999.9 999.0 998.5 998.6 7.6 6.6 0.0 Rio_Grande_do_Sul DCRS -999.9 0.0 0.0
-29.057501 -51.396099 DCRS-00008 2026-07-09_03:35 8.0 -999.9 -999.9 91.6 -999.9 -999.9 6.7 -999.9 -999.9 998.6 -999.9 -999.9 4.0 -999.9 5.4 0.0 0.0 0.0 0.0 0.0 0.2 0.2 8.5 8.0 94.1 91.0 6.9 DCRS_-_Nova_Roma_-_Farroupilha_(180_m) -999.9 -999.9 999.0 998.5 998.6 7.6 6.6 0.0 Rio_Grande_do_Sul DCRS -999.9 0.0 0.0
-29.057501 -51.396099 DCRS-00008 2026-07-09_03:36 8.0 -999.9 -999.9 91.6 -999.9 -999.9 6.7 -999.9 -999.9 998.5 -999.9 -999.9 2.4 -999.9 5.4 0.0 0.0 0.0 0.0 0.0 0.2 0.2 8.5 8.0 94.1 91.0 6.9 DCRS_-_Nova_Roma_-_Farroupilha_(180_m) -999.9 -999.9 999.0 998.5 998.5 7.6 6.6 0.0 Rio_Grande_do_Sul DCRS -999.9 0.0 0.0
-29.057501 -51.396099 DCRS-00008 2026-07-09_03:37 8.1 -999.9 -999.9 91.8 -999.9 -999.9 6.8 -999.9 -999.9 998.5 -999.9 -999.9 0.0 -999.9 5.4 0.0 0.0 0.0 0.0 0.0 0.2 0.2 8.5 8.0 94.1 91.0 6.9 DCRS_-_Nova_Roma_-_Farroupilha_(180_m) -999.9 -999.9 999.0 998.5 998.5 7.6 6.6 0.0 Rio_Grande_do_Sul DCRS -999.9 0.0 0.0
-29.057501 -51.396099 DCRS-00008 2026-07-09_03:38 8.0 -999.9 -999.9 91.9 -999.9 -999.9 6.7 -999.9 -999.9 998.5 -999.9 -999.9 2.2 -999.9 5.4 0.0 0.0 0.0 0.0 0.0 0.2 0.2 8.5 8.0 94.1 91.0 6.9 DCRS_-_Nova_Roma_-_Farroupilha_(180_m) -999.9 -999.9 999.0 998.5 998.5 7.6 6.6 0.0 Rio_Grande_do_Sul DCRS -999.9 0.0 0.0
-29.057501 -51.396099 DCRS-00008 2026-07-09_03:39 8.1 -999.9 -999.9 91.8 -999.9 -999.9 6.8 -999.9 -999.9 998.5 -999.9 -999.9 0.0 -999.9 5.4 0.0 0.0 0.0 0.0 0.0 0.2 0.2 8.5 8.0 94.1 91.0 6.9 DCRS_-_Nova_Roma_-_Farroupilha_(180_m) -999.9 -999.9 999.0 998.5 998.5 7.6 6.6 0.0 Rio_Grande_do_Sul DCRS -999.9 0.0 0.0
-29.057501 -51.396099 DCRS-00008 2026-07-09_03:40 8.1 -999.9 -999.9 91.9 -999.9 -999.9 6.8 -999.9 -999.9 998.5 -999.9 -999.9 2.0 -999.9 4.2 0.0 0.0 0.0 0.0 0.0 0.2 0.2 8.5 8.0 94.1 91.0 6.9 DCRS_-_Nova_Roma_-_Farroupilha_(180_m) -999.9 -999.9 999.0 998.5 998.5 7.6 6.6 0.0 Rio_Grande_do_Sul DCRS -999.9 0.0 0.0
-29.057501 -51.396099 DCRS-00008 2026-07-09_03:41 8.1 -999.9 -999.9 92.0 -999.9 -999.9 6.9 -999.9 -999.9 998.5 -999.9 -999.9 1.9 -999.9 4.2 0.0 0.0 0.0 0.0 0.0 0.2 0.2 8.5 8.0 94.1 91.0 6.9 DCRS_-_Nova_Roma_-_Farroupilha_(180_m) -999.9 -999.9 999.0 998.5 998.5 7.6 6.6 0.0 Rio_Grande_do_Sul DCRS -999.9 0.0 0.0
-29.057501 -51.396099 DCRS-00008 2026-07-09_03:42 8.1 -999.9 -999.9 92.0 -999.9 -999.9 6.9 -999.9 -999.9 998.5 -999.9 -999.9 0.0 -999.9 4.2 0.0 0.0 0.0 0.0 0.0 0.2 0.2 8.5 8.0 94.1 91.0 6.9 DCRS_-_Nova_Roma_-_Farroupilha_(180_m) -999.9 -999.9 999.0 998.5 998.5 7.6 6.6 0.0 Rio_Grande_do_Sul DCRS -999.9 0.0 0.0
-29.057501 -51.396099 DCRS-00008 2026-07-09_03:43 8.1 -999.9 -999.9 91.8 -999.9 -999.9 6.8 -999.9 -999.9 998.5 -999.9 -999.9 3.7 -999.9 4.2 0.0 0.0 0.0 0.0 0.0 0.2 0.2 8.5 8.0 94.1 91.0 6.9 DCRS_-_Nova_Roma_-_Farroupilha_(180_m) -999.9 -999.9 999.0 998.5 998.5 7.6 6.6 0.0 Rio_Grande_do_Sul DCRS -999.9 0.0 0.0
-29.057501 -51.396099 DCRS-00008 2026-07-09_03:44 8.1 -999.9 -999.9 91.7 -999.9 -999.9 6.8 -999.9 -999.9 998.5 -999.9 -999.9 0.0 -999.9 4.2 0.0 0.0 0.0 0.0 0.0 0.2 0.2 8.5 8.0 94.1 91.0 6.9 DCRS_-_Nova_Roma_-_Farroupilha_(180_m) -999.9 -999.9 999.0 998.5 998.5 7.6 6.6 0.0 Rio_Grande_do_Sul DCRS -999.9 0.0 0.0
-29.057501 -51.396099 DCRS-00008 2026-07-09_03:45 8.1 -999.9 -999.9 91.8 -999.9 -999.9 6.8 -999.9 -999.9 998.5 -999.9 -999.9 3.0 -999.9 4.3 0.0 0.0 0.0 0.0 0.0 0.2 0.2 8.5 8.0 94.1 91.0 6.9 DCRS_-_Nova_Roma_-_Farroupilha_(180_m) -999.9 -999.9 999.0 998.5 998.5 7.6 6.6 0.0 Rio_Grande_do_Sul DCRS -999.9 0.0 0.0
-29.057501 -51.396099 DCRS-00008 2026-07-09_03:46 8.1 -999.9 -999.9 91.7 -999.9 -999.9 6.8 -999.9 -999.9 998.5 -999.9 -999.9 2.2 -999.9 4.3 0.0 0.0 0.0 0.0 0.0 0.2 0.2 8.5 8.0 94.1 91.0 6.9 DCRS_-_Nova_Roma_-_Farroupilha_(180_m) -999.9 -999.9 999.0 998.5 998.5 7.6 6.6 0.0 Rio_Grande_do_Sul DCRS -999.9 0.0 0.0
-29.057501 -51.396099 DCRS-00008 2026-07-09_03:47 8.1 -999.9 -999.9 91.6 -999.9 -999.9 6.8 -999.9 -999.9 998.5 -999.9 -999.9 2.2 -999.9 4.3 0.0 0.0 0.0 0.0 0.0 0.2 0.2 8.5 8.0 94.1 91.0 6.9 DCRS_-_Nova_Roma_-_Farroupilha_(180_m) -999.9 -999.9 999.0 998.5 998.5 7.6 6.6 0.0 Rio_Grande_do_Sul DCRS -999.9 0.0 0.0
-29.057501 -51.396099 DCRS-00008 2026-07-09_03:48 8.0 -999.9 -999.9 91.6 -999.9 -999.9 6.7 -999.9 -999.9 998.5 -999.9 -999.9 0.0 -999.9 4.3 0.0 0.0 0.0 0.0 0.0 0.2 0.2 8.5 8.0 94.1 91.0 6.9 DCRS_-_Nova_Roma_-_Farroupilha_(180_m) -999.9 -999.9 999.0 998.5 998.5 7.6 6.6 0.0 Rio_Grande_do_Sul DCRS -999.9 0.0 0.0
-29.057501 -51.396099 DCRS-00008 2026-07-09_03:49 8.1 -999.9 -999.9 91.6 -999.9 -999.9 6.8 -999.9 -999.9 998.5 -999.9 -999.9 2.3 -999.9 4.3 0.0 0.0 0.0 0.0 0.0 0.2 0.2 8.5 8.0 94.1 91.0 6.9 DCRS_-_Nova_Roma_-_Farroupilha_(180_m) -999.9 -999.9 999.0 998.5 998.5 7.6 6.6 0.0 Rio_Grande_do_Sul DCRS -999.9 0.0 0.0
-29.057501 -51.396099 DCRS-00008 2026-07-09_03:50 8.1 -999.9 -999.9 91.6 -999.9 -999.9 6.8 -999.9 -999.9 998.5 -999.9 -999.9 3.7 -999.9 4.6 0.0 0.0 0.0 0.0 0.0 0.2 0.2 8.5 8.0 94.1 91.0 6.9 DCRS_-_Nova_Roma_-_Farroupilha_(180_m) -999.9 -999.9 999.0 998.5 998.5 7.6 6.6 0.0 Rio_Grande_do_Sul DCRS -999.9 0.0 0.0
-29.057501 -51.396099 DCRS-00008 2026-07-09_03:51 8.1 -999.9 -999.9 91.6 -999.9 -999.9 6.8 -999.9 -999.9 998.5 -999.9 -999.9 0.0 -999.9 4.6 0.0 0.0 0.0 0.0 0.0 0.2 0.2 8.5 8.0 94.1 91.0 6.9 DCRS_-_Nova_Roma_-_Farroupilha_(180_m) -999.9 -999.9 999.0 998.5 998.5 7.6 6.6 0.0 Rio_Grande_do_Sul DCRS -999.9 0.0 0.0
-29.057501 -51.396099 DCRS-00008 2026-07-09_03:52 8.1 -999.9 -999.9 91.5 -999.9 -999.9 6.8 -999.9 -999.9 998.5 -999.9 -999.9 3.2 -999.9 4.6 0.0 0.0 0.0 0.0 0.0 0.2 0.2 8.5 8.0 94.1 91.0 6.9 DCRS_-_Nova_Roma_-_Farroupilha_(180_m) -999.9 -999.9 999.0 998.5 998.5 7.6 6.6 0.0 Rio_Grande_do_Sul DCRS -999.9 0.0 0.0
-29.057501 -51.396099 DCRS-00008 2026-07-09_03:53 8.0 -999.9 -999.9 91.5 -999.9 -999.9 6.7 -999.9 -999.9 998.4 -999.9 -999.9 -999.9 -999.9 4.6 0.0 0.0 0.0 0.0 0.0 0.2 0.2 8.5 8.0 94.1 91.0 6.9 DCRS_-_Nova_Roma_-_Farroupilha_(180_m) -999.9 -999.9 999.0 998.4 998.4 7.6 6.6 0.0 Rio_Grande_do_Sul DCRS -999.9 0.0 0.0
-29.057501 -51.396099 DCRS-00008 2026-07-09_03:54 8.0 -999.9 -999.9 91.5 -999.9 -999.9 6.7 -999.9 -999.9 998.4 -999.9 -999.9 4.3 -999.9 4.6 0.0 0.0 0.0 0.0 0.0 0.2 0.2 8.5 8.0 94.1 91.0 6.9 DCRS_-_Nova_Roma_-_Farroupilha_(180_m) -999.9 -999.9 999.0 998.4 998.4 7.6 6.6 0.0 Rio_Grande_do_Sul DCRS -999.9 0.0 0.0
-29.057501 -51.396099 DCRS-00008 2026-07-09_03:55 8.0 -999.9 -999.9 91.5 -999.9 -999.9 6.7 -999.9 -999.9 998.5 -999.9 -999.9 1.8 -999.9 6.0 0.0 0.0 0.0 0.0 0.0 0.2 0.2 8.5 8.0 94.1 91.0 6.9 DCRS_-_Nova_Roma_-_Farroupilha_(180_m) -999.9 -999.9 999.0 998.4 998.5 7.6 6.6 0.0 Rio_Grande_do_Sul DCRS -999.9 0.0 0.0
-29.057501 -51.396099 DCRS-00008 2026-07-09_03:56 8.0 -999.9 -999.9 91.6 -999.9 -999.9 6.7 -999.9 -999.9 998.5 -999.9 -999.9 2.7 -999.9 6.0 0.0 0.0 0.0 0.0 0.0 0.2 0.2 8.5 8.0 94.1 91.0 6.9 DCRS_-_Nova_Roma_-_Farroupilha_(180_m) -999.9 -999.9 999.0 998.4 998.5 7.6 6.6 0.0 Rio_Grande_do_Sul DCRS -999.9 0.0 0.0
-29.057501 -51.396099 DCRS-00008 2026-07-09_03:57 8.0 -999.9 -999.9 91.7 -999.9 -999.9 6.7 -999.9 -999.9 998.5 -999.9 -999.9 3.7 -999.9 6.0 0.0 0.0 0.0 0.0 0.0 0.2 0.2 8.5 8.0 94.1 91.0 6.9 DCRS_-_Nova_Roma_-_Farroupilha_(180_m) -999.9 -999.9 999.0 998.4 998.5 7.6 6.6 0.0 Rio_Grande_do_Sul DCRS -999.9 0.0 0.0
-29.057501 -51.396099 DCRS-00008 2026-07-09_03:58 8.0 -999.9 -999.9 91.8 -999.9 -999.9 6.7 -999.9 -999.9 998.5 -999.9 -999.9 5.0 -999.9 6.0 0.0 0.0 0.0 0.0 0.0 0.2 0.2 8.5 8.0 94.1 91.0 6.9 DCRS_-_Nova_Roma_-_Farroupilha_(180_m) -999.9 -999.9 999.0 998.4 998.5 7.6 6.6 0.0 Rio_Grande_do_Sul DCRS -999.9 0.0 0.0
-29.057501 -51.396099 DCRS-00008 2026-07-09_03:59 8.0 -999.9 -999.9 91.7 -999.9 -999.9 6.7 -999.9 -999.9 998.5 -999.9 -999.9 3.5 -999.9 6.0 0.0 0.0 0.0 0.0 0.0 0.2 0.2 8.5 8.0 94.1 91.0 6.9 DCRS_-_Nova_Roma_-_Farroupilha_(180_m) -999.9 -999.9 999.0 998.4 998.5 7.6 6.6 0.0 Rio_Grande_do_Sul DCRS -999.9 0.0 0.0
-29.057501 -51.396099 DCRS-00008 2026-07-09_04:00 7.9 -999.9 -999.9 91.7 -999.9 -999.9 6.6 -999.9 -999.9 998.5 -999.9 -999.9 5.6 -999.9 8.5 0.0 0.0 0.0 0.0 0.0 0.2 0.2 8.5 7.9 94.1 91.0 8.5 DCRS_-_Nova_Roma_-_Farroupilha_(180_m) -999.9 -999.9 999.0 998.4 998.5 7.6 6.6 0.0 Rio_Grande_do_Sul DCRS -999.9 0.0 0.0
-29.057501 -51.396099 DCRS-00008 2026-07-09_04:01 7.9 -999.9 -999.9 91.7 -999.9 -999.9 6.6 -999.9 -999.9 998.5 -999.9 -999.9 2.0 -999.9 8.5 0.0 0.0 0.0 0.0 0.0 0.2 0.2 8.5 7.9 94.1 91.0 8.5 DCRS_-_Nova_Roma_-_Farroupilha_(180_m) -999.9 -999.9 999.0 998.4 998.5 7.6 6.6 0.0 Rio_Grande_do_Sul DCRS -999.9 0.0 0.0
-29.057501 -51.396099 DCRS-00008 2026-07-09_04:02 7.9 -999.9 -999.9 91.8 -999.9 -999.9 6.6 -999.9 -999.9 998.5 -999.9 -999.9 1.9 -999.9 8.5 0.0 0.0 0.0 0.0 0.0 0.2 0.2 8.5 7.9 94.1 91.0 8.5 DCRS_-_Nova_Roma_-_Farroupilha_(180_m) -999.9 -999.9 999.0 998.4 998.5 7.6 6.6 0.0 Rio_Grande_do_Sul DCRS -999.9 0.0 0.0
-29.057501 -51.396099 DCRS-00008 2026-07-09_04:03 8.0 -999.9 -999.9 91.7 -999.9 -999.9 6.7 -999.9 -999.9 998.5 -999.9 -999.9 2.6 -999.9 8.5 0.0 0.0 0.0 0.0 0.0 0.2 0.2 8.5 7.9 94.1 91.0 8.5 DCRS_-_Nova_Roma_-_Farroupilha_(180_m) -999.9 -999.9 999.0 998.4 998.5 7.6 6.6 0.0 Rio_Grande_do_Sul DCRS -999.9 0.0 0.0
-29.057501 -51.396099 DCRS-00008 2026-07-09_04:04 8.0 -999.9 -999.9 91.7 -999.9 -999.9 6.7 -999.9 -999.9 998.5 -999.9 -999.9 0.0 -999.9 8.5 0.0 0.0 0.0 0.0 0.0 0.2 0.2 8.5 7.9 94.1 91.0 8.5 DCRS_-_Nova_Roma_-_Farroupilha_(180_m) -999.9 -999.9 999.0 998.4 998.5 7.6 6.6 0.0 Rio_Grande_do_Sul DCRS -999.9 0.0 0.0
-29.057501 -51.396099 DCRS-00008 2026-07-09_04:05 8.0 -999.9 -999.9 91.8 -999.9 -999.9 6.7 -999.9 -999.9 998.5 -999.9 -999.9 0.0 -999.9 7.0 0.0 0.0 0.0 0.0 0.0 0.2 0.2 8.5 7.9 94.1 91.0 8.5 DCRS_-_Nova_Roma_-_Farroupilha_(180_m) -999.9 -999.9 999.0 998.4 998.5 7.6 6.6 0.0 Rio_Grande_do_Sul DCRS -999.9 0.0 0.0
-29.057501 -51.396099 DCRS-00008 2026-07-09_04:06 8.0 -999.9 -999.9 91.9 -999.9 -999.9 6.7 -999.9 -999.9 998.5 -999.9 -999.9 5.8 -999.9 7.0 0.0 0.0 0.0 0.0 0.0 0.2 0.2 8.5 7.9 94.1 91.0 8.5 DCRS_-_Nova_Roma_-_Farroupilha_(180_m) -999.9 -999.9 999.0 998.4 998.5 7.6 6.6 0.0 Rio_Grande_do_Sul DCRS -999.9 0.0 0.0
-29.057501 -51.396099 DCRS-00008 2026-07-09_04:07 8.0 -999.9 -999.9 91.9 -999.9 -999.9 6.7 -999.9 -999.9 998.5 -999.9 -999.9 2.3 -999.9 7.0 0.0 0.0 0.0 0.0 0.0 0.2 0.2 8.5 7.9 94.1 91.0 8.5 DCRS_-_Nova_Roma_-_Farroupilha_(180_m) -999.9 -999.9 999.0 998.4 998.5 7.6 6.6 0.0 Rio_Grande_do_Sul DCRS -999.9 0.0 0.0
-29.057501 -51.396099 DCRS-00008 2026-07-09_04:08 7.9 -999.9 -999.9 92.0 -999.9 -999.9 6.7 -999.9 -999.9 998.5 -999.9 -999.9 2.5 -999.9 7.0 0.0 0.0 0.0 0.0 0.0 0.2 0.2 8.5 7.9 94.1 91.0 8.5 DCRS_-_Nova_Roma_-_Farroupilha_(180_m) -999.9 -999.9 999.0 998.4 998.5 7.6 6.6 0.0 Rio_Grande_do_Sul DCRS -999.9 0.0 0.0
-29.057501 -51.396099 DCRS-00008 2026-07-09_04:09 7.9 -999.9 -999.9 92.0 -999.9 -999.9 6.7 -999.9 -999.9 998.5 -999.9 -999.9 4.2 -999.9 7.0 0.0 0.0 0.0 0.0 0.0 0.2 0.2 8.5 7.9 94.1 91.0 8.5 DCRS_-_Nova_Roma_-_Farroupilha_(180_m) -999.9 -999.9 999.0 998.4 998.5 7.6 6.6 0.0 Rio_Grande_do_Sul DCRS -999.9 0.0 0.0
-29.057501 -51.396099 DCRS-00008 2026-07-09_04:10 7.9 -999.9 -999.9 91.8 -999.9 -999.9 6.6 -999.9 -999.9 998.6 -999.9 -999.9 2.2 -999.9 9.1 0.0 0.0 0.0 0.0 0.0 0.2 0.2 8.5 7.9 94.1 91.0 9.1 DCRS_-_Nova_Roma_-_Farroupilha_(180_m) -999.9 -999.9 999.0 998.4 998.6 7.6 6.6 0.0 Rio_Grande_do_Sul DCRS -999.9 0.0 0.0
-29.057501 -51.396099 DCRS-00008 2026-07-09_04:11 8.0 -999.9 -999.9 91.8 -999.9 -999.9 6.7 -999.9 -999.9 998.6 -999.9 -999.9 3.3 -999.9 9.1 0.0 0.0 0.0 0.0 0.0 0.2 0.2 8.5 7.9 94.1 91.0 9.1 DCRS_-_Nova_Roma_-_Farroupilha_(180_m) -999.9 -999.9 999.0 998.4 998.6 7.6 6.6 0.0 Rio_Grande_do_Sul DCRS -999.9 0.0 0.0
-29.057501 -51.396099 DCRS-00008 2026-07-09_04:12 8.0 -999.9 -999.9 91.9 -999.9 -999.9 6.7 -999.9 -999.9 998.6 -999.9 -999.9 0.0 -999.9 9.1 0.0 0.0 0.0 0.0 0.0 0.2 0.2 8.5 7.9 94.1 91.0 9.1 DCRS_-_Nova_Roma_-_Farroupilha_(180_m) -999.9 -999.9 999.0 998.4 998.6 7.6 6.6 0.0 Rio_Grande_do_Sul DCRS -999.9 0.0 0.0
-29.057501 -51.396099 DCRS-00008 2026-07-09_04:13 8.0 -999.9 -999.9 91.8 -999.9 -999.9 6.7 -999.9 -999.9 998.6 -999.9 -999.9 0.0 -999.9 9.1 0.0 0.0 0.0 0.0 0.0 0.2 0.2 8.5 7.9 94.1 91.0 9.1 DCRS_-_Nova_Roma_-_Farroupilha_(180_m) -999.9 -999.9 999.0 998.4 998.6 7.6 6.6 0.0 Rio_Grande_do_Sul DCRS -999.9 0.0 0.0
-29.057501 -51.396099 DCRS-00008 2026-07-09_04:14 8.0 -999.9 -999.9 91.9 -999.9 -999.9 6.7 -999.9 -999.9 998.6 -999.9 -999.9 0.0 -999.9 9.1 0.0 0.0 0.0 0.0 0.0 0.2 0.2 8.5 7.9 94.1 91.0 9.1 DCRS_-_Nova_Roma_-_Farroupilha_(180_m) -999.9 -999.9 999.0 998.4 998.6 7.6 6.6 0.0 Rio_Grande_do_Sul DCRS -999.9 0.0 0.0
-29.057501 -51.396099 DCRS-00008 2026-07-09_04:15 8.0 -999.9 -999.9 91.9 -999.9 -999.9 6.7 -999.9 -999.9 998.6 -999.9 -999.9 0.0 -999.9 3.8 0.0 0.0 0.0 0.0 0.0 0.2 0.2 8.5 7.9 94.1 91.0 9.1 DCRS_-_Nova_Roma_-_Farroupilha_(180_m) -999.9 -999.9 999.0 998.4 998.6 7.6 6.6 0.0 Rio_Grande_do_Sul DCRS -999.9 0.0 0.0
-29.057501 -51.396099 DCRS-00008 2026-07-09_04:16 8.0 -999.9 -999.9 92.0 -999.9 -999.9 6.8 -999.9 -999.9 998.6 -999.9 -999.9 0.0 -999.9 3.8 0.0 0.0 0.0 0.0 0.0 0.2 0.2 8.5 7.9 94.1 91.0 9.1 DCRS_-_Nova_Roma_-_Farroupilha_(180_m) -999.9 -999.9 999.0 998.4 998.6 7.6 6.6 0.0 Rio_Grande_do_Sul DCRS -999.9 0.0 0.0
-29.057501 -51.396099 DCRS-00008 2026-07-09_04:17 8.0 -999.9 -999.9 92.1 -999.9 -999.9 6.8 -999.9 -999.9 998.6 -999.9 -999.9 0.0 -999.9 3.8 0.0 0.0 0.0 0.0 0.0 0.2 0.2 8.5 7.9 94.1 91.0 9.1 DCRS_-_Nova_Roma_-_Farroupilha_(180_m) -999.9 -999.9 999.0 998.4 998.6 7.6 6.6 0.0 Rio_Grande_do_Sul DCRS -999.9 0.0 0.0
-29.057501 -51.396099 DCRS-00008 2026-07-09_04:18 8.0 -999.9 -999.9 92.1 -999.9 -999.9 6.8 -999.9 -999.9 998.6 -999.9 -999.9 0.0 -999.9 3.8 0.0 0.0 0.0 0.0 0.0 0.2 0.2 8.5 7.9 94.1 91.0 9.1 DCRS_-_Nova_Roma_-_Farroupilha_(180_m) -999.9 -999.9 999.0 998.4 998.6 7.6 6.6 0.0 Rio_Grande_do_Sul DCRS -999.9 0.0 0.0
-29.057501 -51.396099 DCRS-00008 2026-07-09_04:19 8.1 -999.9 -999.9 92.1 -999.9 -999.9 6.9 -999.9 -999.9 998.6 -999.9 -999.9 0.0 -999.9 3.8 0.0 0.0 0.0 0.0 0.0 0.2 0.2 8.5 7.9 94.1 91.0 9.1 DCRS_-_Nova_Roma_-_Farroupilha_(180_m) -999.9 -999.9 999.0 998.4 998.6 7.6 6.6 0.0 Rio_Grande_do_Sul DCRS -999.9 0.0 0.0
-29.057501 -51.396099 DCRS-00008 2026-07-09_04:20 8.0 -999.9 -999.9 92.1 -999.9 -999.9 6.8 -999.9 -999.9 998.6 -999.9 -999.9 0.0 -999.9 0.0 0.0 0.0 0.0 0.0 0.0 0.2 0.2 8.5 7.9 94.1 91.0 9.1 DCRS_-_Nova_Roma_-_Farroupilha_(180_m) -999.9 -999.9 999.0 998.4 998.6 7.6 6.6 0.0 Rio_Grande_do_Sul DCRS -999.9 0.0 0.0
-29.057501 -51.396099 DCRS-00008 2026-07-09_04:21 8.0 -999.9 -999.9 92.0 -999.9 -999.9 6.8 -999.9 -999.9 998.6 -999.9 -999.9 0.0 -999.9 0.0 0.0 0.0 0.0 0.0 0.0 0.2 0.2 8.5 7.9 94.1 91.0 9.1 DCRS_-_Nova_Roma_-_Farroupilha_(180_m) -999.9 -999.9 999.0 998.4 998.6 7.6 6.6 0.0 Rio_Grande_do_Sul DCRS -999.9 0.0 0.0
-29.057501 -51.396099 DCRS-00008 2026-07-09_04:22 8.1 -999.9 -999.9 91.9 -999.9 -999.9 6.8 -999.9 -999.9 998.5 -999.9 -999.9 0.0 -999.9 0.0 0.0 0.0 0.0 0.0 0.0 0.2 0.2 8.5 7.9 94.1 91.0 9.1 DCRS_-_Nova_Roma_-_Farroupilha_(180_m) -999.9 -999.9 999.0 998.4 998.5 7.6 6.6 0.0 Rio_Grande_do_Sul DCRS -999.9 0.0 0.0
-29.057501 -51.396099 DCRS-00008 2026-07-09_04:23 8.0 -999.9 -999.9 91.9 -999.9 -999.9 6.7 -999.9 -999.9 998.5 -999.9 -999.9 0.0 -999.9 0.0 0.0 0.0 0.0 0.0 0.0 0.2 0.2 8.5 7.9 94.1 91.0 9.1 DCRS_-_Nova_Roma_-_Farroupilha_(180_m) -999.9 -999.9 999.0 998.4 998.5 7.6 6.6 0.0 Rio_Grande_do_Sul DCRS -999.9 0.0 0.0
-29.057501 -51.396099 DCRS-00008 2026-07-09_04:24 8.0 -999.9 -999.9 91.8 -999.9 -999.9 6.7 -999.9 -999.9 998.6 -999.9 -999.9 0.0 -999.9 0.0 0.0 0.0 0.0 0.0 0.0 0.2 0.2 8.5 7.9 94.1 91.0 9.1 DCRS_-_Nova_Roma_-_Farroupilha_(180_m) -999.9 -999.9 999.0 998.4 998.6 7.6 6.6 0.0 Rio_Grande_do_Sul DCRS -999.9 0.0 0.0
-29.057501 -51.396099 DCRS-00008 2026-07-09_04:25 8.0 -999.9 -999.9 91.9 -999.9 -999.9 6.7 -999.9 -999.9 998.6 -999.9 -999.9 0.0 -999.9 3.7 0.0 0.0 0.0 0.0 0.0 0.2 0.2 8.5 7.9 94.1 91.0 9.1 DCRS_-_Nova_Roma_-_Farroupilha_(180_m) -999.9 -999.9 999.0 998.4 998.6 7.6 6.6 0.0 Rio_Grande_do_Sul DCRS -999.9 0.0 0.0
-29.057501 -51.396099 DCRS-00008 2026-07-09_04:26 8.0 -999.9 -999.9 92.0 -999.9 -999.9 6.8 -999.9 -999.9 998.6 -999.9 -999.9 2.6 -999.9 3.7 0.0 0.0 0.0 0.0 0.0 0.2 0.2 8.5 7.9 94.1 91.0 9.1 DCRS_-_Nova_Roma_-_Farroupilha_(180_m) -999.9 -999.9 999.0 998.4 998.6 7.6 6.6 0.0 Rio_Grande_do_Sul DCRS -999.9 0.0 0.0
-29.057501 -51.396099 DCRS-00008 2026-07-09_04:27 8.0 -999.9 -999.9 91.9 -999.9 -999.9 6.7 -999.9 -999.9 998.6 -999.9 -999.9 2.7 -999.9 3.7 0.0 0.0 0.0 0.0 0.0 0.2 0.2 8.5 7.9 94.1 91.0 9.1 DCRS_-_Nova_Roma_-_Farroupilha_(180_m) -999.9 -999.9 999.0 998.4 998.6 7.6 6.6 0.0 Rio_Grande_do_Sul DCRS -999.9 0.0 0.0
-29.057501 -51.396099 DCRS-00008 2026-07-09_04:28 8.0 -999.9 -999.9 91.8 -999.9 -999.9 6.7 -999.9 -999.9 998.6 -999.9 -999.9 2.1 -999.9 3.7 0.0 0.0 0.0 0.0 0.0 0.2 0.2 8.5 7.9 94.1 91.0 9.1 DCRS_-_Nova_Roma_-_Farroupilha_(180_m) -999.9 -999.9 999.0 998.4 998.6 7.6 6.6 0.0 Rio_Grande_do_Sul DCRS -999.9 0.0 0.0
-29.057501 -51.396099 DCRS-00008 2026-07-09_04:29 8.0 -999.9 -999.9 91.9 -999.9 -999.9 6.7 -999.9 -999.9 998.6 -999.9 -999.9 2.6 -999.9 3.7 0.0 0.0 0.0 0.0 0.0 0.2 0.2 8.5 7.9 94.1 91.0 9.1 DCRS_-_Nova_Roma_-_Farroupilha_(180_m) -999.9 -999.9 999.0 998.4 998.6 7.6 6.6 0.0 Rio_Grande_do_Sul DCRS -999.9 0.0 0.0
-29.057501 -51.396099 DCRS-00008 2026-07-09_04:30 8.0 -999.9 -999.9 91.8 -999.9 -999.9 6.7 -999.9 -999.9 998.6 -999.9 -999.9 2.2 -999.9 5.8 0.0 0.0 0.0 0.0 0.0 0.2 0.2 8.5 7.9 94.1 91.0 9.1 DCRS_-_Nova_Roma_-_Farroupilha_(180_m) -999.9 -999.9 999.0 998.4 998.6 7.6 6.6 0.0 Rio_Grande_do_Sul DCRS -999.9 0.0 0.0
-29.057501 -51.396099 DCRS-00008 2026-07-09_04:31 8.0 -999.9 -999.9 91.8 -999.9 -999.9 6.7 -999.9 -999.9 998.6 -999.9 -999.9 3.7 -999.9 5.8 0.0 0.0 0.0 0.0 0.0 0.2 0.2 8.5 7.9 94.1 91.0 9.1 DCRS_-_Nova_Roma_-_Farroupilha_(180_m) -999.9 -999.9 999.0 998.4 998.6 7.6 6.6 0.0 Rio_Grande_do_Sul DCRS -999.9 0.0 0.0
-29.057501 -51.396099 DCRS-00008 2026-07-09_04:32 7.9 -999.9 -999.9 91.7 -999.9 -999.9 6.6 -999.9 -999.9 998.6 -999.9 -999.9 0.0 -999.9 5.8 0.0 0.0 0.0 0.0 0.0 0.2 0.2 8.5 7.9 94.1 91.0 9.1 DCRS_-_Nova_Roma_-_Farroupilha_(180_m) -999.9 -999.9 999.0 998.4 998.6 7.6 6.6 0.0 Rio_Grande_do_Sul DCRS -999.9 0.0 0.0
-29.057501 -51.396099 DCRS-00008 2026-07-09_04:33 7.9 -999.9 -999.9 91.7 -999.9 -999.9 6.6 -999.9 -999.9 998.6 -999.9 -999.9 4.1 -999.9 5.8 0.0 0.0 0.0 0.0 0.0 0.2 0.2 8.5 7.9 94.1 91.0 9.1 DCRS_-_Nova_Roma_-_Farroupilha_(180_m) -999.9 -999.9 999.0 998.4 998.6 7.6 6.6 0.0 Rio_Grande_do_Sul DCRS -999.9 0.0 0.0
-29.057501 -51.396099 DCRS-00008 2026-07-09_04:34 7.9 -999.9 -999.9 91.7 -999.9 -999.9 6.6 -999.9 -999.9 998.6 -999.9 -999.9 2.2 -999.9 5.8 0.0 0.0 0.0 0.0 0.0 0.2 0.2 8.5 7.9 94.1 91.0 9.1 DCRS_-_Nova_Roma_-_Farroupilha_(180_m) -999.9 -999.9 999.0 998.4 998.6 7.6 6.6 0.0 Rio_Grande_do_Sul DCRS -999.9 0.0 0.0
-29.057501 -51.396099 DCRS-00008 2026-07-09_04:35 7.9 -999.9 -999.9 91.6 -999.9 -999.9 6.6 -999.9 -999.9 998.6 -999.9 -999.9 4.3 -999.9 4.8 0.0 0.0 0.0 0.0 0.0 0.2 0.2 8.5 7.9 94.1 91.0 9.1 DCRS_-_Nova_Roma_-_Farroupilha_(180_m) -999.9 -999.9 999.0 998.4 998.6 7.6 6.6 0.0 Rio_Grande_do_Sul DCRS -999.9 0.0 0.0
-29.057501 -51.396099 DCRS-00008 2026-07-09_04:36 7.9 -999.9 -999.9 91.6 -999.9 -999.9 6.6 -999.9 -999.9 998.6 -999.9 -999.9 -999.9 -999.9 4.8 0.0 0.0 0.0 0.0 0.0 0.2 0.2 8.5 7.9 94.1 91.0 9.1 DCRS_-_Nova_Roma_-_Farroupilha_(180_m) -999.9 -999.9 999.0 998.4 998.6 7.6 6.6 0.0 Rio_Grande_do_Sul DCRS -999.9 0.0 0.0
-29.057501 -51.396099 DCRS-00008 2026-07-09_04:37 7.9 -999.9 -999.9 91.5 -999.9 -999.9 6.6 -999.9 -999.9 998.6 -999.9 -999.9 4.4 -999.9 4.8 0.0 0.0 0.0 0.0 0.0 0.2 0.2 8.5 7.9 94.1 91.0 9.1 DCRS_-_Nova_Roma_-_Farroupilha_(180_m) -999.9 -999.9 999.0 998.4 998.6 7.6 6.6 0.0 Rio_Grande_do_Sul DCRS -999.9 0.0 0.0
-29.057501 -51.396099 DCRS-00008 2026-07-09_04:38 7.9 -999.9 -999.9 91.5 -999.9 -999.9 6.6 -999.9 -999.9 998.6 -999.9 -999.9 3.2 -999.9 4.8 0.0 0.0 0.0 0.0 0.0 0.2 0.2 8.5 7.9 94.1 91.0 9.1 DCRS_-_Nova_Roma_-_Farroupilha_(180_m) -999.9 -999.9 999.0 998.4 998.6 7.6 6.6 0.0 Rio_Grande_do_Sul DCRS -999.9 0.0 0.0
-29.057501 -51.396099 DCRS-00008 2026-07-09_04:39 7.9 -999.9 -999.9 91.5 -999.9 -999.9 6.6 -999.9 -999.9 998.6 -999.9 -999.9 2.7 -999.9 4.8 0.0 0.0 0.0 0.0 0.0 0.2 0.2 8.5 7.9 94.1 91.0 9.1 DCRS_-_Nova_Roma_-_Farroupilha_(180_m) -999.9 -999.9 999.0 998.4 998.6 7.6 6.6 0.0 Rio_Grande_do_Sul DCRS -999.9 0.0 0.0
-29.057501 -51.396099 DCRS-00008 2026-07-09_04:40 7.9 -999.9 -999.9 91.6 -999.9 -999.9 6.6 -999.9 -999.9 998.6 -999.9 -999.9 4.1 -999.9 6.7 0.0 0.0 0.0 0.0 0.0 0.2 0.2 8.5 7.9 94.1 91.0 9.1 DCRS_-_Nova_Roma_-_Farroupilha_(180_m) -999.9 -999.9 999.0 998.4 998.6 7.6 6.6 0.0 Rio_Grande_do_Sul DCRS -999.9 0.0 0.0
-29.057501 -51.396099 DCRS-00008 2026-07-09_04:41 7.9 -999.9 -999.9 91.7 -999.9 -999.9 6.6 -999.9 -999.9 998.6 -999.9 -999.9 0.0 -999.9 6.7 0.0 0.0 0.0 0.0 0.0 0.2 0.2 8.5 7.9 94.1 91.0 9.1 DCRS_-_Nova_Roma_-_Farroupilha_(180_m) -999.9 -999.9 999.0 998.4 998.6 7.6 6.6 0.0 Rio_Grande_do_Sul DCRS -999.9 0.0 0.0
-29.057501 -51.396099 DCRS-00008 2026-07-09_04:42 7.9 -999.9 -999.9 91.8 -999.9 -999.9 6.6 -999.9 -999.9 998.6 -999.9 -999.9 0.0 -999.9 6.7 0.0 0.0 0.0 0.0 0.0 0.2 0.2 8.5 7.9 94.1 91.0 9.1 DCRS_-_Nova_Roma_-_Farroupilha_(180_m) -999.9 -999.9 999.0 998.4 998.6 7.6 6.6 0.0 Rio_Grande_do_Sul DCRS -999.9 0.0 0.0
-29.057501 -51.396099 DCRS-00008 2026-07-09_04:43 7.9 -999.9 -999.9 91.7 -999.9 -999.9 6.6 -999.9 -999.9 998.6 -999.9 -999.9 3.9 -999.9 6.7 0.0 0.0 0.0 0.0 0.0 0.2 0.2 8.5 7.9 94.1 91.0 9.1 DCRS_-_Nova_Roma_-_Farroupilha_(180_m) -999.9 -999.9 999.0 998.4 998.6 7.6 6.6 0.0 Rio_Grande_do_Sul DCRS -999.9 0.0 0.0
-29.057501 -51.396099 DCRS-00008 2026-07-09_04:44 7.9 -999.9 -999.9 91.7 -999.9 -999.9 6.6 -999.9 -999.9 998.6 -999.9 -999.9 1.9 -999.9 6.7 0.0 0.0 0.0 0.0 0.0 0.2 0.2 8.5 7.9 94.1 91.0 9.1 DCRS_-_Nova_Roma_-_Farroupilha_(180_m) -999.9 -999.9 999.0 998.4 998.6 7.6 6.6 0.0 Rio_Grande_do_Sul DCRS -999.9 0.0 0.0
-29.057501 -51.396099 DCRS-00008 2026-07-09_04:45 8.0 -999.9 -999.9 91.8 -999.9 -999.9 6.7 -999.9 -999.9 998.6 -999.9 -999.9 2.4 -999.9 7.0 0.0 0.0 0.0 0.0 0.0 0.2 0.2 8.5 7.9 94.1 91.0 9.1 DCRS_-_Nova_Roma_-_Farroupilha_(180_m) -999.9 -999.9 999.0 998.4 998.6 7.6 6.6 0.0 Rio_Grande_do_Sul DCRS -999.9 0.0 0.0
-29.057501 -51.396099 DCRS-00008 2026-07-09_04:46 7.9 -999.9 -999.9 91.9 -999.9 -999.9 6.6 -999.9 -999.9 998.6 -999.9 -999.9 3.1 -999.9 7.0 0.0 0.0 0.0 0.0 0.0 0.2 0.2 8.5 7.9 94.1 91.0 9.1 DCRS_-_Nova_Roma_-_Farroupilha_(180_m) -999.9 -999.9 999.0 998.4 998.6 7.6 6.6 0.0 Rio_Grande_do_Sul DCRS -999.9 0.0 0.0
-29.057501 -51.396099 DCRS-00008 2026-07-09_04:47 7.9 -999.9 -999.9 91.9 -999.9 -999.9 6.6 -999.9 -999.9 998.6 -999.9 -999.9 3.8 -999.9 7.0 0.0 0.0 0.0 0.0 0.0 0.2 0.2 8.5 7.9 94.1 91.0 9.1 DCRS_-_Nova_Roma_-_Farroupilha_(180_m) -999.9 -999.9 999.0 998.4 998.6 7.6 6.6 0.0 Rio_Grande_do_Sul DCRS -999.9 0.0 0.0
-29.057501 -51.396099 DCRS-00008 2026-07-09_04:48 7.9 -999.9 -999.9 91.9 -999.9 -999.9 6.6 -999.9 -999.9 998.6 -999.9 -999.9 3.3 -999.9 7.0 0.0 0.0 0.0 0.0 0.0 0.2 0.2 8.5 7.9 94.1 91.0 9.1 DCRS_-_Nova_Roma_-_Farroupilha_(180_m) -999.9 -999.9 999.0 998.4 998.6 7.6 6.6 0.0 Rio_Grande_do_Sul DCRS -999.9 0.0 0.0
-29.057501 -51.396099 DCRS-00008 2026-07-09_04:49 8.0 -999.9 -999.9 91.9 -999.9 -999.9 6.7 -999.9 -999.9 998.6 -999.9 -999.9 2.2 -999.9 7.0 0.0 0.0 0.0 0.0 0.0 0.2 0.2 8.5 7.9 94.1 91.0 9.1 DCRS_-_Nova_Roma_-_Farroupilha_(180_m) -999.9 -999.9 999.0 998.4 998.6 7.6 6.6 0.0 Rio_Grande_do_Sul DCRS -999.9 0.0 0.0
-29.057501 -51.396099 DCRS-00008 2026-07-09_04:50 7.9 -999.9 -999.9 91.8 -999.9 -999.9 6.6 -999.9 -999.9 998.6 -999.9 -999.9 3.1 -999.9 6.3 0.0 0.0 0.0 0.0 0.0 0.2 0.2 8.5 7.9 94.1 91.0 9.1 DCRS_-_Nova_Roma_-_Farroupilha_(180_m) -999.9 -999.9 999.0 998.4 998.6 7.6 6.6 0.0 Rio_Grande_do_Sul DCRS -999.9 0.0 0.0
-29.057501 -51.396099 DCRS-00008 2026-07-09_04:51 7.9 -999.9 -999.9 91.8 -999.9 -999.9 6.6 -999.9 -999.9 998.6 -999.9 -999.9 2.0 -999.9 6.3 0.0 0.0 0.0 0.0 0.0 0.2 0.2 8.5 7.9 94.1 91.0 9.1 DCRS_-_Nova_Roma_-_Farroupilha_(180_m) -999.9 -999.9 999.0 998.4 998.6 7.6 6.6 0.0 Rio_Grande_do_Sul DCRS -999.9 0.0 0.0
-29.057501 -51.396099 DCRS-00008 2026-07-09_04:52 7.9 -999.9 -999.9 91.8 -999.9 -999.9 6.6 -999.9 -999.9 998.6 -999.9 -999.9 2.0 -999.9 6.3 0.0 0.0 0.0 0.0 0.0 0.2 0.2 8.5 7.9 94.1 91.0 9.1 DCRS_-_Nova_Roma_-_Farroupilha_(180_m) -999.9 -999.9 999.0 998.4 998.6 7.6 6.6 0.0 Rio_Grande_do_Sul DCRS -999.9 0.0 0.0
-29.057501 -51.396099 DCRS-00008 2026-07-09_04:53 7.9 -999.9 -999.9 91.8 -999.9 -999.9 6.6 -999.9 -999.9 998.6 -999.9 -999.9 2.4 -999.9 6.3 0.0 0.0 0.0 0.0 0.0 0.2 0.2 8.5 7.9 94.1 91.0 9.1 DCRS_-_Nova_Roma_-_Farroupilha_(180_m) -999.9 -999.9 999.0 998.4 998.6 7.6 6.6 0.0 Rio_Grande_do_Sul DCRS -999.9 0.0 0.0
-29.057501 -51.396099 DCRS-00008 2026-07-09_04:54 8.0 -999.9 -999.9 91.8 -999.9 -999.9 6.7 -999.9 -999.9 998.6 -999.9 -999.9 5.0 -999.9 6.3 0.0 0.0 0.0 0.0 0.0 0.2 0.2 8.5 7.9 94.1 91.0 9.1 DCRS_-_Nova_Roma_-_Farroupilha_(180_m) -999.9 -999.9 999.0 998.4 998.6 7.6 6.6 0.0 Rio_Grande_do_Sul DCRS -999.9 0.0 0.0
-29.057501 -51.396099 DCRS-00008 2026-07-09_04:55 8.0 -999.9 -999.9 91.8 -999.9 -999.9 6.7 -999.9 -999.9 998.5 -999.9 -999.9 3.6 -999.9 7.0 0.0 0.0 0.0 0.0 0.0 0.2 0.2 8.5 7.9 94.1 91.0 9.1 DCRS_-_Nova_Roma_-_Farroupilha_(180_m) -999.9 -999.9 999.0 998.4 998.5 7.6 6.6 0.0 Rio_Grande_do_Sul DCRS -999.9 0.0 0.0
-29.057501 -51.396099 DCRS-00008 2026-07-09_04:56 8.0 -999.9 -999.9 91.8 -999.9 -999.9 6.7 -999.9 -999.9 998.6 -999.9 -999.9 2.9 -999.9 7.0 0.0 0.0 0.0 0.0 0.0 0.2 0.2 8.5 7.9 94.1 91.0 9.1 DCRS_-_Nova_Roma_-_Farroupilha_(180_m) -999.9 -999.9 999.0 998.4 998.6 7.6 6.6 0.0 Rio_Grande_do_Sul DCRS -999.9 0.0 0.0
-29.057501 -51.396099 DCRS-00008 2026-07-09_04:57 8.0 -999.9 -999.9 91.7 -999.9 -999.9 6.7 -999.9 -999.9 998.6 -999.9 -999.9 2.8 -999.9 7.0 0.0 0.0 0.0 0.0 0.0 0.2 0.2 8.5 7.9 94.1 91.0 9.1 DCRS_-_Nova_Roma_-_Farroupilha_(180_m) -999.9 -999.9 999.0 998.4 998.6 7.6 6.6 0.0 Rio_Grande_do_Sul DCRS -999.9 0.0 0.0
-29.057501 -51.396099 DCRS-00008 2026-07-09_04:58 8.0 -999.9 -999.9 91.7 -999.9 -999.9 6.7 -999.9 -999.9 998.5 -999.9 -999.9 4.3 -999.9 7.0 0.0 0.0 0.0 0.0 0.0 0.2 0.2 8.5 7.9 94.1 91.0 9.1 DCRS_-_Nova_Roma_-_Farroupilha_(180_m) -999.9 -999.9 999.0 998.4 998.5 7.6 6.6 0.0 Rio_Grande_do_Sul DCRS -999.9 0.0 0.0
-29.057501 -51.396099 DCRS-00008 2026-07-09_04:59 8.0 -999.9 -999.9 91.7 -999.9 -999.9 6.7 -999.9 -999.9 998.5 -999.9 -999.9 0.0 -999.9 7.0 0.0 0.0 0.0 0.0 0.0 0.2 0.2 8.5 7.9 94.1 91.0 9.1 DCRS_-_Nova_Roma_-_Farroupilha_(180_m) -999.9 -999.9 999.0 998.4 998.5 7.6 6.6 0.0 Rio_Grande_do_Sul DCRS -999.9 0.0 0.0
-29.057501 -51.396099 DCRS-00008 2026-07-09_05:00 8.0 -999.9 -999.9 91.7 -999.9 -999.9 6.7 -999.9 -999.9 998.6 -999.9 -999.9 0.0 -999.9 5.8 0.0 0.0 0.0 0.0 0.0 0.2 0.2 8.5 7.9 94.1 91.0 9.1 DCRS_-_Nova_Roma_-_Farroupilha_(180_m) -999.9 -999.9 999.0 998.4 998.6 7.6 6.6 0.0 Rio_Grande_do_Sul DCRS -999.9 0.0 0.0
-29.057501 -51.396099 DCRS-00008 2026-07-09_05:01 8.0 -999.9 -999.9 91.7 -999.9 -999.9 6.7 -999.9 -999.9 998.6 -999.9 -999.9 2.6 -999.9 5.8 0.0 0.0 0.0 0.0 0.0 0.2 0.2 8.5 7.9 94.1 91.0 9.1 DCRS_-_Nova_Roma_-_Farroupilha_(180_m) -999.9 -999.9 999.0 998.4 998.6 7.6 6.6 0.0 Rio_Grande_do_Sul DCRS -999.9 0.0 0.0
-29.057501 -51.396099 DCRS-00008 2026-07-09_05:02 8.0 -999.9 -999.9 91.8 -999.9 -999.9 6.7 -999.9 -999.9 998.6 -999.9 -999.9 0.0 -999.9 5.8 0.0 0.0 0.0 0.0 0.0 0.2 0.2 8.5 7.9 94.1 91.0 9.1 DCRS_-_Nova_Roma_-_Farroupilha_(180_m) -999.9 -999.9 999.0 998.4 998.6 7.6 6.6 0.0 Rio_Grande_do_Sul DCRS -999.9 0.0 0.0
-29.057501 -51.396099 DCRS-00008 2026-07-09_05:03 8.0 -999.9 -999.9 91.8 -999.9 -999.9 6.7 -999.9 -999.9 998.6 -999.9 -999.9 0.0 -999.9 5.8 0.0 0.0 0.0 0.0 0.0 0.2 0.2 8.5 7.9 94.1 91.0 9.1 DCRS_-_Nova_Roma_-_Farroupilha_(180_m) -999.9 -999.9 999.0 998.4 998.6 7.6 6.6 0.0 Rio_Grande_do_Sul DCRS -999.9 0.0 0.0
-29.057501 -51.396099 DCRS-00008 2026-07-09_05:04 8.1 -999.9 -999.9 91.8 -999.9 -999.9 6.8 -999.9 -999.9 998.6 -999.9 -999.9 0.0 -999.9 5.8 0.0 0.0 0.0 0.0 0.0 0.2 0.2 8.5 7.9 94.1 91.0 9.1 DCRS_-_Nova_Roma_-_Farroupilha_(180_m) -999.9 -999.9 999.0 998.4 998.6 7.6 6.6 0.0 Rio_Grande_do_Sul DCRS -999.9 0.0 0.0
-29.057501 -51.396099 DCRS-00008 2026-07-09_05:05 8.0 -999.9 -999.9 91.8 -999.9 -999.9 6.7 -999.9 -999.9 998.6 -999.9 -999.9 4.8 -999.9 7.3 0.0 0.0 0.0 0.0 0.0 0.2 0.2 8.5 7.9 94.1 91.0 9.1 DCRS_-_Nova_Roma_-_Farroupilha_(180_m) -999.9 -999.9 999.0 998.4 998.6 7.6 6.6 0.0 Rio_Grande_do_Sul DCRS -999.9 0.0 0.0
-29.057501 -51.396099 DCRS-00008 2026-07-09_05:06 8.0 -999.9 -999.9 91.9 -999.9 -999.9 6.7 -999.9 -999.9 998.6 -999.9 -999.9 2.4 -999.9 7.3 0.0 0.0 0.0 0.0 0.0 0.2 0.2 8.5 7.9 94.1 91.0 9.1 DCRS_-_Nova_Roma_-_Farroupilha_(180_m) -999.9 -999.9 999.0 998.4 998.6 7.6 6.6 0.0 Rio_Grande_do_Sul DCRS -999.9 0.0 0.0
-29.057501 -51.396099 DCRS-00008 2026-07-09_05:07 8.1 -999.9 -999.9 92.0 -999.9 -999.9 6.9 -999.9 -999.9 998.6 -999.9 -999.9 -999.9 -999.9 7.3 0.0 0.0 0.0 0.0 0.0 0.2 0.2 8.5 7.9 94.1 91.0 9.1 DCRS_-_Nova_Roma_-_Farroupilha_(180_m) -999.9 -999.9 999.0 998.4 998.6 7.6 6.6 0.0 Rio_Grande_do_Sul DCRS -999.9 0.0 0.0
-29.057501 -51.396099 DCRS-00008 2026-07-09_05:08 8.1 -999.9 -999.9 91.9 -999.9 -999.9 6.8 -999.9 -999.9 998.6 -999.9 -999.9 2.9 -999.9 7.3 0.0 0.0 0.0 0.0 0.0 0.2 0.2 8.5 7.9 94.1 91.0 9.1 DCRS_-_Nova_Roma_-_Farroupilha_(180_m) -999.9 -999.9 999.0 998.4 998.6 7.6 6.6 0.0 Rio_Grande_do_Sul DCRS -999.9 0.0 0.0
-29.057501 -51.396099 DCRS-00008 2026-07-09_05:09 8.0 -999.9 -999.9 91.9 -999.9 -999.9 6.7 -999.9 -999.9 998.7 -999.9 -999.9 -999.9 -999.9 7.3 0.0 0.0 0.0 0.0 0.0 0.2 0.2 8.5 7.9 94.1 91.0 9.1 DCRS_-_Nova_Roma_-_Farroupilha_(180_m) -999.9 -999.9 999.0 998.4 998.7 7.6 6.6 0.0 Rio_Grande_do_Sul DCRS -999.9 0.0 0.0
-29.057501 -51.396099 DCRS-00008 2026-07-09_05:10 8.1 -999.9 -999.9 91.8 -999.9 -999.9 6.8 -999.9 -999.9 998.7 -999.9 -999.9 3.8 -999.9 10.3 0.0 0.0 0.0 0.0 0.0 0.2 0.2 8.5 7.9 94.1 91.0 10.3 DCRS_-_Nova_Roma_-_Farroupilha_(180_m) -999.9 -999.9 999.0 998.4 998.7 7.6 6.6 0.0 Rio_Grande_do_Sul DCRS -999.9 0.0 0.0
-29.057501 -51.396099 DCRS-00008 2026-07-09_05:11 8.0 -999.9 -999.9 91.8 -999.9 -999.9 6.7 -999.9 -999.9 998.7 -999.9 -999.9 5.3 -999.9 10.3 0.0 0.0 0.0 0.0 0.0 0.2 0.2 8.5 7.9 94.1 91.0 10.3 DCRS_-_Nova_Roma_-_Farroupilha_(180_m) -999.9 -999.9 999.0 998.4 998.7 7.6 6.6 0.0 Rio_Grande_do_Sul DCRS -999.9 0.0 0.0
-29.057501 -51.396099 DCRS-00008 2026-07-09_05:12 8.1 -999.9 -999.9 91.7 -999.9 -999.9 6.8 -999.9 -999.9 998.7 -999.9 -999.9 2.3 -999.9 10.3 0.0 0.0 0.0 0.0 0.0 0.2 0.2 8.5 7.9 94.1 91.0 10.3 DCRS_-_Nova_Roma_-_Farroupilha_(180_m) -999.9 -999.9 999.0 998.4 998.7 7.6 6.6 0.0 Rio_Grande_do_Sul DCRS -999.9 0.0 0.0
-29.057501 -51.396099 DCRS-00008 2026-07-09_05:13 8.0 -999.9 -999.9 91.7 -999.9 -999.9 6.7 -999.9 -999.9 998.7 -999.9 -999.9 2.4 -999.9 10.3 0.0 0.0 0.0 0.0 0.0 0.2 0.2 8.5 7.9 94.1 91.0 10.3 DCRS_-_Nova_Roma_-_Farroupilha_(180_m) -999.9 -999.9 999.0 998.4 998.7 7.6 6.6 0.0 Rio_Grande_do_Sul DCRS -999.9 0.0 0.0
-29.057501 -51.396099 DCRS-00008 2026-07-09_05:14 8.1 -999.9 -999.9 91.8 -999.9 -999.9 6.8 -999.9 -999.9 998.7 -999.9 -999.9 3.7 -999.9 10.3 0.0 0.0 0.0 0.0 0.0 0.2 0.2 8.5 7.9 94.1 91.0 10.3 DCRS_-_Nova_Roma_-_Farroupilha_(180_m) -999.9 -999.9 999.0 998.4 998.7 7.6 6.6 0.0 Rio_Grande_do_Sul DCRS -999.9 0.0 0.0
-29.057501 -51.396099 DCRS-00008 2026-07-09_05:15 8.1 -999.9 -999.9 91.8 -999.9 -999.9 6.8 -999.9 -999.9 998.7 -999.9 -999.9 3.2 -999.9 8.2 0.0 0.0 0.0 0.0 0.0 0.2 0.2 8.5 7.9 94.1 91.0 10.3 DCRS_-_Nova_Roma_-_Farroupilha_(180_m) -999.9 -999.9 999.0 998.4 998.7 7.6 6.6 0.0 Rio_Grande_do_Sul DCRS -999.9 0.0 0.0
-29.057501 -51.396099 DCRS-00008 2026-07-09_05:16 8.1 -999.9 -999.9 91.8 -999.9 -999.9 6.8 -999.9 -999.9 998.7 -999.9 -999.9 4.6 -999.9 8.2 0.0 0.0 0.0 0.0 0.0 0.2 0.2 8.5 7.9 94.1 91.0 10.3 DCRS_-_Nova_Roma_-_Farroupilha_(180_m) -999.9 -999.9 999.0 998.4 998.7 7.6 6.6 0.0 Rio_Grande_do_Sul DCRS -999.9 0.0 0.0
-29.057501 -51.396099 DCRS-00008 2026-07-09_05:17 8.1 -999.9 -999.9 91.8 -999.9 -999.9 6.8 -999.9 -999.9 998.7 -999.9 -999.9 6.1 -999.9 8.2 0.0 0.0 0.0 0.0 0.0 0.2 0.2 8.5 7.9 94.1 91.0 10.3 DCRS_-_Nova_Roma_-_Farroupilha_(180_m) -999.9 -999.9 999.0 998.4 998.7 7.6 6.6 0.0 Rio_Grande_do_Sul DCRS -999.9 0.0 0.0
-29.057501 -51.396099 DCRS-00008 2026-07-09_05:18 8.1 -999.9 -999.9 91.9 -999.9 -999.9 6.8 -999.9 -999.9 998.7 -999.9 -999.9 5.5 -999.9 8.2 0.0 0.0 0.0 0.0 0.0 0.2 0.2 8.5 7.9 94.1 91.0 10.3 DCRS_-_Nova_Roma_-_Farroupilha_(180_m) -999.9 -999.9 999.0 998.4 998.7 7.6 6.6 0.0 Rio_Grande_do_Sul DCRS -999.9 0.0 0.0
-29.057501 -51.396099 DCRS-00008 2026-07-09_05:19 8.1 -999.9 -999.9 91.9 -999.9 -999.9 6.8 -999.9 -999.9 998.7 -999.9 -999.9 6.1 -999.9 8.2 0.0 0.0 0.0 0.0 0.0 0.2 0.2 8.5 7.9 94.1 91.0 10.3 DCRS_-_Nova_Roma_-_Farroupilha_(180_m) -999.9 -999.9 999.0 998.4 998.7 7.6 6.6 0.0 Rio_Grande_do_Sul DCRS -999.9 0.0 0.0
-29.057501 -51.396099 DCRS-00008 2026-07-09_05:20 8.1 -999.9 -999.9 92.0 -999.9 -999.9 6.9 -999.9 -999.9 998.7 -999.9 -999.9 8.8 -999.9 11.2 0.0 0.0 0.0 0.0 0.0 0.2 0.2 8.5 7.9 94.1 91.0 11.2 DCRS_-_Nova_Roma_-_Farroupilha_(180_m) -999.9 -999.9 999.0 998.4 998.7 7.6 6.6 0.0 Rio_Grande_do_Sul DCRS -999.9 0.0 0.0
-29.057501 -51.396099 DCRS-00008 2026-07-09_05:21 8.1 -999.9 -999.9 92.0 -999.9 -999.9 6.9 -999.9 -999.9 998.8 -999.9 -999.9 3.5 -999.9 11.2 0.0 0.0 0.0 0.0 0.0 0.2 0.2 8.5 7.9 94.1 91.0 11.2 DCRS_-_Nova_Roma_-_Farroupilha_(180_m) -999.9 -999.9 999.0 998.4 998.8 7.6 6.6 0.0 Rio_Grande_do_Sul DCRS -999.9 0.0 0.0
-29.057501 -51.396099 DCRS-00008 2026-07-09_05:22 8.1 -999.9 -999.9 92.0 -999.9 -999.9 6.9 -999.9 -999.9 998.8 -999.9 -999.9 3.7 -999.9 11.2 0.0 0.0 0.0 0.0 0.0 0.2 0.2 8.5 7.9 94.1 91.0 11.2 DCRS_-_Nova_Roma_-_Farroupilha_(180_m) -999.9 -999.9 999.0 998.4 998.8 7.6 6.6 0.0 Rio_Grande_do_Sul DCRS -999.9 0.0 0.0
-29.057501 -51.396099 DCRS-00008 2026-07-09_05:23 8.1 -999.9 -999.9 91.9 -999.9 -999.9 6.8 -999.9 -999.9 998.8 -999.9 -999.9 3.4 -999.9 11.2 0.0 0.0 0.0 0.0 0.0 0.2 0.2 8.5 7.9 94.1 91.0 11.2 DCRS_-_Nova_Roma_-_Farroupilha_(180_m) -999.9 -999.9 999.0 998.4 998.8 7.6 6.6 0.0 Rio_Grande_do_Sul DCRS -999.9 0.0 0.0
-29.057501 -51.396099 DCRS-00008 2026-07-09_05:24 8.1 -999.9 -999.9 91.9 -999.9 -999.9 6.8 -999.9 -999.9 998.8 -999.9 -999.9 0.0 -999.9 11.2 0.0 0.0 0.0 0.0 0.0 0.2 0.2 8.5 7.9 94.1 91.0 11.2 DCRS_-_Nova_Roma_-_Farroupilha_(180_m) -999.9 -999.9 999.0 998.4 998.8 7.6 6.6 0.0 Rio_Grande_do_Sul DCRS -999.9 0.0 0.0
-29.057501 -51.396099 DCRS-00008 2026-07-09_05:25 8.1 -999.9 -999.9 92.0 -999.9 -999.9 6.9 -999.9 -999.9 998.8 -999.9 -999.9 0.0 -999.9 12.2 0.0 0.0 0.0 0.0 0.0 0.2 0.2 8.5 7.9 94.1 91.0 12.2 DCRS_-_Nova_Roma_-_Farroupilha_(180_m) -999.9 -999.9 999.0 998.4 998.8 7.6 6.6 0.0 Rio_Grande_do_Sul DCRS -999.9 0.0 0.0
-29.057501 -51.396099 DCRS-00008 2026-07-09_05:26 8.1 -999.9 -999.9 92.0 -999.9 -999.9 6.9 -999.9 -999.9 998.7 -999.9 -999.9 0.0 -999.9 12.2 0.0 0.0 0.0 0.0 0.0 0.2 0.2 8.5 7.9 94.1 91.0 12.2 DCRS_-_Nova_Roma_-_Farroupilha_(180_m) -999.9 -999.9 999.0 998.4 998.7 7.6 6.6 0.0 Rio_Grande_do_Sul DCRS -999.9 0.0 0.0
-29.057501 -51.396099 DCRS-00008 2026-07-09_05:27 8.1 -999.9 -999.9 92.1 -999.9 -999.9 6.9 -999.9 -999.9 998.7 -999.9 -999.9 3.8 -999.9 12.2 0.0 0.0 0.0 0.0 0.0 0.2 0.2 8.5 7.9 94.1 91.0 12.2 DCRS_-_Nova_Roma_-_Farroupilha_(180_m) -999.9 -999.9 999.0 998.4 998.7 7.6 6.6 0.0 Rio_Grande_do_Sul DCRS -999.9 0.0 0.0
-29.057501 -51.396099 DCRS-00008 2026-07-09_05:28 8.1 -999.9 -999.9 92.2 -999.9 -999.9 6.9 -999.9 -999.9 998.7 -999.9 -999.9 0.0 -999.9 12.2 0.0 0.0 0.0 0.0 0.0 0.2 0.2 8.5 7.9 94.1 91.0 12.2 DCRS_-_Nova_Roma_-_Farroupilha_(180_m) -999.9 -999.9 999.0 998.4 998.7 7.6 6.6 0.0 Rio_Grande_do_Sul DCRS -999.9 0.0 0.0
-29.057501 -51.396099 DCRS-00008 2026-07-09_05:29 8.1 -999.9 -999.9 92.1 -999.9 -999.9 6.9 -999.9 -999.9 998.7 -999.9 -999.9 3.4 -999.9 12.2 0.0 0.0 0.0 0.0 0.0 0.2 0.2 8.5 7.9 94.1 91.0 12.2 DCRS_-_Nova_Roma_-_Farroupilha_(180_m) -999.9 -999.9 999.0 998.4 998.7 7.6 6.6 0.0 Rio_Grande_do_Sul DCRS -999.9 0.0 0.0
-29.057501 -51.396099 DCRS-00008 2026-07-09_05:30 8.1 -999.9 -999.9 92.2 -999.9 -999.9 6.9 -999.9 -999.9 998.7 -999.9 -999.9 6.9 -999.9 9.7 0.0 0.0 0.0 0.0 0.0 0.2 0.2 8.5 7.9 94.1 91.0 12.2 DCRS_-_Nova_Roma_-_Farroupilha_(180_m) -999.9 -999.9 999.0 998.4 998.7 7.6 6.6 0.0 Rio_Grande_do_Sul DCRS -999.9 0.0 0.0
-29.057501 -51.396099 DCRS-00008 2026-07-09_05:31 8.1 -999.9 -999.9 92.2 -999.9 -999.9 6.9 -999.9 -999.9 998.7 -999.9 -999.9 2.7 -999.9 9.7 0.0 0.0 0.0 0.0 0.0 0.2 0.2 8.5 7.9 94.1 91.0 12.2 DCRS_-_Nova_Roma_-_Farroupilha_(180_m) -999.9 -999.9 999.0 998.4 998.7 7.6 6.6 0.0 Rio_Grande_do_Sul DCRS -999.9 0.0 0.0
-29.057501 -51.396099 DCRS-00008 2026-07-09_05:32 8.1 -999.9 -999.9 92.3 -999.9 -999.9 6.9 -999.9 -999.9 998.7 -999.9 -999.9 4.1 -999.9 9.7 0.0 0.0 0.0 0.0 0.0 0.2 0.2 8.5 7.9 94.1 91.0 12.2 DCRS_-_Nova_Roma_-_Farroupilha_(180_m) -999.9 -999.9 999.0 998.4 998.7 7.6 6.6 0.0 Rio_Grande_do_Sul DCRS -999.9 0.0 0.0
-29.057501 -51.396099 DCRS-00008 2026-07-09_05:33 8.1 -999.9 -999.9 92.2 -999.9 -999.9 6.9 -999.9 -999.9 998.6 -999.9 -999.9 5.6 -999.9 9.7 0.0 0.0 0.0 0.0 0.0 0.2 0.2 8.5 7.9 94.1 91.0 12.2 DCRS_-_Nova_Roma_-_Farroupilha_(180_m) -999.9 -999.9 999.0 998.4 998.6 7.6 6.6 0.0 Rio_Grande_do_Sul DCRS -999.9 0.0 0.0
-29.057501 -51.396099 DCRS-00008 2026-07-09_05:34 8.0 -999.9 -999.9 92.1 -999.9 -999.9 6.8 -999.9 -999.9 998.6 -999.9 -999.9 3.1 -999.9 9.7 0.0 0.0 0.0 0.0 0.0 0.2 0.2 8.5 7.9 94.1 91.0 12.2 DCRS_-_Nova_Roma_-_Farroupilha_(180_m) -999.9 -999.9 999.0 998.4 998.6 7.6 6.6 0.0 Rio_Grande_do_Sul DCRS -999.9 0.0 0.0
-29.057501 -51.396099 DCRS-00008 2026-07-09_05:35 8.0 -999.9 -999.9 92.0 -999.9 -999.9 6.8 -999.9 -999.9 998.7 -999.9 -999.9 4.6 -999.9 10.9 0.0 0.0 0.0 0.0 0.0 0.2 0.2 8.5 7.9 94.1 91.0 12.2 DCRS_-_Nova_Roma_-_Farroupilha_(180_m) -999.9 -999.9 999.0 998.4 998.7 7.6 6.6 0.0 Rio_Grande_do_Sul DCRS -999.9 0.0 0.0
-29.057501 -51.396099 DCRS-00008 2026-07-09_05:36 8.1 -999.9 -999.9 92.0 -999.9 -999.9 6.9 -999.9 -999.9 998.7 -999.9 -999.9 5.2 -999.9 10.9 0.0 0.0 0.0 0.0 0.0 0.2 0.2 8.5 7.9 94.1 91.0 12.2 DCRS_-_Nova_Roma_-_Farroupilha_(180_m) -999.9 -999.9 999.0 998.4 998.7 7.6 6.6 0.0 Rio_Grande_do_Sul DCRS -999.9 0.0 0.0
-29.057501 -51.396099 DCRS-00008 2026-07-09_05:37 8.0 -999.9 -999.9 91.8 -999.9 -999.9 6.7 -999.9 -999.9 998.7 -999.9 -999.9 10.5 -999.9 10.9 0.0 0.0 0.0 0.0 0.0 0.2 0.2 8.5 7.9 94.1 91.0 12.2 DCRS_-_Nova_Roma_-_Farroupilha_(180_m) -999.9 -999.9 999.0 998.4 998.7 7.6 6.6 0.0 Rio_Grande_do_Sul DCRS -999.9 0.0 0.0
-29.057501 -51.396099 DCRS-00008 2026-07-09_05:38 8.0 -999.9 -999.9 91.8 -999.9 -999.9 6.7 -999.9 -999.9 998.7 -999.9 -999.9 8.3 -999.9 10.9 0.0 0.0 0.0 0.0 0.0 0.2 0.2 8.5 7.9 94.1 91.0 12.2 DCRS_-_Nova_Roma_-_Farroupilha_(180_m) -999.9 -999.9 999.0 998.4 998.7 7.6 6.6 0.0 Rio_Grande_do_Sul DCRS -999.9 0.0 0.0
-29.057501 -51.396099 DCRS-00008 2026-07-09_05:39 8.0 -999.9 -999.9 91.9 -999.9 -999.9 6.7 -999.9 -999.9 998.7 -999.9 -999.9 7.6 -999.9 10.9 0.0 0.0 0.0 0.0 0.0 0.2 0.2 8.5 7.9 94.1 91.0 12.2 DCRS_-_Nova_Roma_-_Farroupilha_(180_m) -999.9 -999.9 999.0 998.4 998.7 7.6 6.6 0.0 Rio_Grande_do_Sul DCRS -999.9 0.0 0.0
-29.057501 -51.396099 DCRS-00008 2026-07-09_05:40 8.0 -999.9 -999.9 91.8 -999.9 -999.9 6.7 -999.9 -999.9 998.7 -999.9 -999.9 6.1 -999.9 11.0 0.0 0.0 0.0 0.0 0.0 0.2 0.2 8.5 7.9 94.1 91.0 12.2 DCRS_-_Nova_Roma_-_Farroupilha_(180_m) -999.9 -999.9 999.0 998.4 998.7 7.6 6.6 0.0 Rio_Grande_do_Sul DCRS -999.9 0.0 0.0
-29.057501 -51.396099 DCRS-00008 2026-07-09_05:41 8.0 -999.9 -999.9 91.7 -999.9 -999.9 6.7 -999.9 -999.9 998.7 -999.9 -999.9 7.7 -999.9 11.0 0.0 0.0 0.0 0.0 0.0 0.2 0.2 8.5 7.9 94.1 91.0 12.2 DCRS_-_Nova_Roma_-_Farroupilha_(180_m) -999.9 -999.9 999.0 998.4 998.7 7.6 6.6 0.0 Rio_Grande_do_Sul DCRS -999.9 0.0 0.0
-29.057501 -51.396099 DCRS-00008 2026-07-09_05:42 8.0 -999.9 -999.9 91.7 -999.9 -999.9 6.7 -999.9 -999.9 998.7 -999.9 -999.9 2.3 -999.9 11.0 0.0 0.0 0.0 0.0 0.0 0.2 0.2 8.5 7.9 94.1 91.0 12.2 DCRS_-_Nova_Roma_-_Farroupilha_(180_m) -999.9 -999.9 999.0 998.4 998.7 7.6 6.6 0.0 Rio_Grande_do_Sul DCRS -999.9 0.0 0.0
-29.057501 -51.396099 DCRS-00008 2026-07-09_05:43 8.0 -999.9 -999.9 91.8 -999.9 -999.9 6.7 -999.9 -999.9 998.7 -999.9 -999.9 5.3 -999.9 11.0 0.0 0.0 0.0 0.0 0.0 0.2 0.2 8.5 7.9 94.1 91.0 12.2 DCRS_-_Nova_Roma_-_Farroupilha_(180_m) -999.9 -999.9 999.0 998.4 998.7 7.6 6.6 0.0 Rio_Grande_do_Sul DCRS -999.9 0.0 0.0
-29.057501 -51.396099 DCRS-00008 2026-07-09_05:44 8.0 -999.9 -999.9 91.8 -999.9 -999.9 6.7 -999.9 -999.9 998.7 -999.9 -999.9 3.6 -999.9 11.0 0.0 0.0 0.0 0.0 0.0 0.2 0.2 8.5 7.9 94.1 91.0 12.2 DCRS_-_Nova_Roma_-_Farroupilha_(180_m) -999.9 -999.9 999.0 998.4 998.7 7.6 6.6 0.0 Rio_Grande_do_Sul DCRS -999.9 0.0 0.0
-29.057501 -51.396099 DCRS-00008 2026-07-09_05:45 8.0 -999.9 -999.9 91.7 -999.9 -999.9 6.7 -999.9 -999.9 998.7 -999.9 -999.9 -999.9 -999.9 11.0 0.0 0.0 0.0 0.0 0.0 0.2 0.2 8.5 7.9 94.1 91.0 12.2 DCRS_-_Nova_Roma_-_Farroupilha_(180_m) -999.9 -999.9 999.0 998.4 998.7 7.6 6.6 0.0 Rio_Grande_do_Sul DCRS -999.9 0.0 0.0
-29.057501 -51.396099 DCRS-00008 2026-07-09_05:46 8.0 -999.9 -999.9 91.7 -999.9 -999.9 6.7 -999.9 -999.9 998.7 -999.9 -999.9 4.6 -999.9 11.0 0.0 0.0 0.0 0.0 0.0 0.2 0.2 8.5 7.9 94.1 91.0 12.2 DCRS_-_Nova_Roma_-_Farroupilha_(180_m) -999.9 -999.9 999.0 998.4 998.7 7.6 6.6 0.0 Rio_Grande_do_Sul DCRS -999.9 0.0 0.0
-29.057501 -51.396099 DCRS-00008 2026-07-09_05:47 7.9 -999.9 -999.9 91.9 -999.9 -999.9 6.6 -999.9 -999.9 998.7 -999.9 -999.9 4.2 -999.9 11.0 0.0 0.0 0.0 0.0 0.0 0.2 0.2 8.5 7.9 94.1 91.0 12.2 DCRS_-_Nova_Roma_-_Farroupilha_(180_m) -999.9 -999.9 999.0 998.4 998.7 7.6 6.6 0.0 Rio_Grande_do_Sul DCRS -999.9 0.0 0.0
-29.057501 -51.396099 DCRS-00008 2026-07-09_05:48 8.0 -999.9 -999.9 91.9 -999.9 -999.9 6.7 -999.9 -999.9 998.7 -999.9 -999.9 2.2 -999.9 11.0 0.0 0.0 0.0 0.0 0.0 0.2 0.2 8.5 7.9 94.1 91.0 12.2 DCRS_-_Nova_Roma_-_Farroupilha_(180_m) -999.9 -999.9 999.0 998.4 998.7 7.6 6.6 0.0 Rio_Grande_do_Sul DCRS -999.9 0.0 0.0
-29.057501 -51.396099 DCRS-00008 2026-07-09_05:49 8.0 -999.9 -999.9 92.0 -999.9 -999.9 6.8 -999.9 -999.9 998.7 -999.9 -999.9 2.5 -999.9 11.0 0.0 0.0 0.0 0.0 0.0 0.2 0.2 8.5 7.9 94.1 91.0 12.2 DCRS_-_Nova_Roma_-_Farroupilha_(180_m) -999.9 -999.9 999.0 998.4 998.7 7.6 6.6 0.0 Rio_Grande_do_Sul DCRS -999.9 0.0 0.0
-29.057501 -51.396099 DCRS-00008 2026-07-09_05:50 7.9 -999.9 -999.9 92.0 -999.9 -999.9 6.7 -999.9 -999.9 998.7 -999.9 -999.9 3.4 -999.9 11.4 0.0 0.0 0.0 0.0 0.0 0.2 0.2 8.5 7.9 94.1 91.0 12.2 DCRS_-_Nova_Roma_-_Farroupilha_(180_m) -999.9 -999.9 999.0 998.4 998.7 7.6 6.6 0.0 Rio_Grande_do_Sul DCRS -999.9 0.0 0.0
-29.057501 -51.396099 DCRS-00008 2026-07-09_05:51 7.9 -999.9 -999.9 92.0 -999.9 -999.9 6.7 -999.9 -999.9 998.7 -999.9 -999.9 2.6 -999.9 11.4 0.0 0.0 0.0 0.0 0.0 0.2 0.2 8.5 7.9 94.1 91.0 12.2 DCRS_-_Nova_Roma_-_Farroupilha_(180_m) -999.9 -999.9 999.0 998.4 998.7 7.6 6.6 0.0 Rio_Grande_do_Sul DCRS -999.9 0.0 0.0
-29.057501 -51.396099 DCRS-00008 2026-07-09_05:52 7.9 -999.9 -999.9 92.1 -999.9 -999.9 6.7 -999.9 -999.9 998.7 -999.9 -999.9 2.4 -999.9 11.4 0.0 0.0 0.0 0.0 0.0 0.2 0.2 8.5 7.9 94.1 91.0 12.2 DCRS_-_Nova_Roma_-_Farroupilha_(180_m) -999.9 -999.9 999.0 998.4 998.7 7.6 6.6 0.0 Rio_Grande_do_Sul DCRS -999.9 0.0 0.0
-29.057501 -51.396099 DCRS-00008 2026-07-09_05:53 7.9 -999.9 -999.9 92.2 -999.9 -999.9 6.7 -999.9 -999.9 998.7 -999.9 -999.9 2.6 -999.9 11.4 0.0 0.0 0.0 0.0 0.0 0.2 0.2 8.5 7.9 94.1 91.0 12.2 DCRS_-_Nova_Roma_-_Farroupilha_(180_m) -999.9 -999.9 999.0 998.4 998.7 7.6 6.6 0.0 Rio_Grande_do_Sul DCRS -999.9 0.0 0.0
-29.057501 -51.396099 DCRS-00008 2026-07-09_05:54 8.0 -999.9 -999.9 92.2 -999.9 -999.9 6.8 -999.9 -999.9 998.7 -999.9 -999.9 3.8 -999.9 11.4 0.0 0.0 0.0 0.0 0.0 0.2 0.2 8.5 7.9 94.1 91.0 12.2 DCRS_-_Nova_Roma_-_Farroupilha_(180_m) -999.9 -999.9 999.0 998.4 998.7 7.6 6.6 0.0 Rio_Grande_do_Sul DCRS -999.9 0.0 0.0
-29.057501 -51.396099 DCRS-00008 2026-07-09_05:55 7.9 -999.9 -999.9 92.2 -999.9 -999.9 6.7 -999.9 -999.9 998.7 -999.9 -999.9 5.9 -999.9 9.7 0.0 0.0 0.0 0.0 0.0 0.2 0.2 8.5 7.9 94.1 91.0 12.2 DCRS_-_Nova_Roma_-_Farroupilha_(180_m) -999.9 -999.9 999.0 998.4 998.7 7.6 6.6 0.0 Rio_Grande_do_Sul DCRS -999.9 0.0 0.0
-29.057501 -51.396099 DCRS-00008 2026-07-09_05:56 8.0 -999.9 -999.9 92.2 -999.9 -999.9 6.8 -999.9 -999.9 998.7 -999.9 -999.9 4.1 -999.9 9.7 0.0 0.0 0.0 0.0 0.0 0.2 0.2 8.5 7.9 94.1 91.0 12.2 DCRS_-_Nova_Roma_-_Farroupilha_(180_m) -999.9 -999.9 999.0 998.4 998.7 7.6 6.6 0.0 Rio_Grande_do_Sul DCRS -999.9 0.0 0.0
-29.057501 -51.396099 DCRS-00008 2026-07-09_05:57 7.9 -999.9 -999.9 92.1 -999.9 -999.9 6.7 -999.9 -999.9 998.7 -999.9 -999.9 6.3 -999.9 9.7 0.0 0.0 0.0 0.0 0.0 0.2 0.2 8.5 7.9 94.1 91.0 12.2 DCRS_-_Nova_Roma_-_Farroupilha_(180_m) -999.9 -999.9 999.0 998.4 998.7 7.6 6.6 0.0 Rio_Grande_do_Sul DCRS -999.9 0.0 0.0
-29.057501 -51.396099 DCRS-00008 2026-07-09_05:58 8.0 -999.9 -999.9 92.1 -999.9 -999.9 6.8 -999.9 -999.9 998.8 -999.9 -999.9 4.3 -999.9 9.7 0.0 0.0 0.0 0.0 0.0 0.2 0.2 8.5 7.9 94.1 91.0 12.2 DCRS_-_Nova_Roma_-_Farroupilha_(180_m) -999.9 -999.9 999.0 998.4 998.8 7.6 6.6 0.0 Rio_Grande_do_Sul DCRS -999.9 0.0 0.0
-29.057501 -51.396099 DCRS-00008 2026-07-09_05:59 7.9 -999.9 -999.9 92.0 -999.9 -999.9 6.7 -999.9 -999.9 998.8 -999.9 -999.9 8.7 -999.9 9.7 0.0 0.0 0.0 0.0 0.0 0.2 0.2 8.5 7.9 94.1 91.0 12.2 DCRS_-_Nova_Roma_-_Farroupilha_(180_m) -999.9 -999.9 999.0 998.4 998.8 7.6 6.6 0.0 Rio_Grande_do_Sul DCRS -999.9 0.0 0.0
-29.057501 -51.396099 DCRS-00008 2026-07-09_06:01 7.9 -999.9 -999.9 92.0 -999.9 -999.9 6.7 -999.9 -999.9 998.8 -999.9 -999.9 5.0 -999.9 9.5 0.0 0.0 0.0 0.0 0.0 0.2 0.2 8.5 7.9 94.1 91.0 12.2 DCRS_-_Nova_Roma_-_Farroupilha_(180_m) -999.9 -999.9 999.0 998.4 998.8 7.6 6.6 0.0 Rio_Grande_do_Sul DCRS -999.9 0.0 0.0
-29.057501 -51.396099 DCRS-00008 2026-07-09_06:02 8.0 -999.9 -999.9 92.1 -999.9 -999.9 6.8 -999.9 -999.9 998.8 -999.9 -999.9 0.0 -999.9 9.5 0.0 0.0 0.0 0.0 0.0 0.2 0.2 8.5 7.9 94.1 91.0 12.2 DCRS_-_Nova_Roma_-_Farroupilha_(180_m) -999.9 -999.9 999.0 998.4 998.8 7.6 6.6 0.0 Rio_Grande_do_Sul DCRS -999.9 0.0 0.0
-29.057501 -51.396099 DCRS-00008 2026-07-09_06:03 7.9 -999.9 -999.9 92.2 -999.9 -999.9 6.7 -999.9 -999.9 998.8 -999.9 -999.9 4.0 -999.9 9.5 0.0 0.0 0.0 0.0 0.0 0.2 0.2 8.5 7.9 94.1 91.0 12.2 DCRS_-_Nova_Roma_-_Farroupilha_(180_m) -999.9 -999.9 999.0 998.4 998.8 7.6 6.6 0.0 Rio_Grande_do_Sul DCRS -999.9 0.0 0.0
-29.057501 -51.396099 DCRS-00008 2026-07-09_06:04 7.9 -999.9 -999.9 92.1 -999.9 -999.9 6.7 -999.9 -999.9 998.8 -999.9 -999.9 0.0 -999.9 9.5 0.0 0.0 0.0 0.0 0.0 0.2 0.2 8.5 7.9 94.1 91.0 12.2 DCRS_-_Nova_Roma_-_Farroupilha_(180_m) -999.9 -999.9 999.0 998.4 998.8 7.6 6.6 0.0 Rio_Grande_do_Sul DCRS -999.9 0.0 0.0
-29.057501 -51.396099 DCRS-00008 2026-07-09_06:05 7.9 -999.9 -999.9 92.2 -999.9 -999.9 6.7 -999.9 -999.9 998.8 -999.9 -999.9 5.7 -999.9 11.5 0.0 0.0 0.0 0.0 0.0 0.2 0.2 8.5 7.9 94.1 91.0 12.2 DCRS_-_Nova_Roma_-_Farroupilha_(180_m) -999.9 -999.9 999.0 998.4 998.8 7.6 6.6 0.0 Rio_Grande_do_Sul DCRS -999.9 0.0 0.0
-29.057501 -51.396099 DCRS-00008 2026-07-09_06:06 7.9 -999.9 -999.9 92.1 -999.9 -999.9 6.7 -999.9 -999.9 998.9 -999.9 -999.9 4.0 -999.9 11.5 0.0 0.0 0.0 0.0 0.0 0.2 0.2 8.5 7.9 94.1 91.0 12.2 DCRS_-_Nova_Roma_-_Farroupilha_(180_m) -999.9 -999.9 999.0 998.4 998.9 7.6 6.6 0.0 Rio_Grande_do_Sul DCRS -999.9 0.0 0.0
-29.057501 -51.396099 DCRS-00008 2026-07-09_06:07 7.9 -999.9 -999.9 92.0 -999.9 -999.9 6.7 -999.9 -999.9 998.9 -999.9 -999.9 7.3 -999.9 11.5 0.0 0.0 0.0 0.0 0.0 0.2 0.2 8.5 7.9 94.1 91.0 12.2 DCRS_-_Nova_Roma_-_Farroupilha_(180_m) -999.9 -999.9 999.0 998.4 998.9 7.6 6.6 0.0 Rio_Grande_do_Sul DCRS -999.9 0.0 0.0
-29.057501 -51.396099 DCRS-00008 2026-07-09_06:08 7.9 -999.9 -999.9 92.0 -999.9 -999.9 6.7 -999.9 -999.9 998.9 -999.9 -999.9 3.5 -999.9 11.5 0.0 0.0 0.0 0.0 0.0 0.2 0.2 8.5 7.9 94.1 91.0 12.2 DCRS_-_Nova_Roma_-_Farroupilha_(180_m) -999.9 -999.9 999.0 998.4 998.9 7.6 6.6 0.0 Rio_Grande_do_Sul DCRS -999.9 0.0 0.0
-29.057501 -51.396099 DCRS-00008 2026-07-09_06:09 7.9 -999.9 -999.9 92.1 -999.9 -999.9 6.7 -999.9 -999.9 998.9 -999.9 -999.9 8.1 -999.9 11.5 0.0 0.0 0.0 0.0 0.0 0.2 0.2 8.5 7.9 94.1 91.0 12.2 DCRS_-_Nova_Roma_-_Farroupilha_(180_m) -999.9 -999.9 999.0 998.4 998.9 7.6 6.6 0.0 Rio_Grande_do_Sul DCRS -999.9 0.0 0.0
-29.057501 -51.396099 DCRS-00008 2026-07-09_06:10 7.9 -999.9 -999.9 91.9 -999.9 -999.9 6.6 -999.9 -999.9 998.9 -999.9 -999.9 5.1 -999.9 9.3 0.0 0.0 0.0 0.0 0.0 0.2 0.2 8.5 7.9 94.1 91.0 12.2 DCRS_-_Nova_Roma_-_Farroupilha_(180_m) -999.9 -999.9 999.0 998.4 998.9 7.6 6.6 0.0 Rio_Grande_do_Sul DCRS -999.9 0.0 0.0
-29.057501 -51.396099 DCRS-00008 2026-07-09_06:11 8.0 -999.9 -999.9 92.0 -999.9 -999.9 6.8 -999.9 -999.9 998.9 -999.9 -999.9 4.9 -999.9 9.3 0.0 0.0 0.0 0.0 0.0 0.2 0.2 8.5 7.9 94.1 91.0 12.2 DCRS_-_Nova_Roma_-_Farroupilha_(180_m) -999.9 -999.9 999.0 998.4 998.9 7.6 6.6 0.0 Rio_Grande_do_Sul DCRS -999.9 0.0 0.0
-29.057501 -51.396099 DCRS-00008 2026-07-09_06:12 7.9 -999.9 -999.9 91.8 -999.9 -999.9 6.6 -999.9 -999.9 998.9 -999.9 -999.9 7.3 -999.9 9.3 0.0 0.0 0.0 0.0 0.0 0.2 0.2 8.5 7.9 94.1 91.0 12.2 DCRS_-_Nova_Roma_-_Farroupilha_(180_m) -999.9 -999.9 999.0 998.4 998.9 7.6 6.6 0.0 Rio_Grande_do_Sul DCRS -999.9 0.0 0.0
-29.057501 -51.396099 DCRS-00008 2026-07-09_06:13 7.9 -999.9 -999.9 91.8 -999.9 -999.9 6.6 -999.9 -999.9 998.9 -999.9 -999.9 2.6 -999.9 9.3 0.0 0.0 0.0 0.0 0.0 0.2 0.2 8.5 7.9 94.1 91.0 12.2 DCRS_-_Nova_Roma_-_Farroupilha_(180_m) -999.9 -999.9 999.0 998.4 998.9 7.6 6.6 0.0 Rio_Grande_do_Sul DCRS -999.9 0.0 0.0
-29.057501 -51.396099 DCRS-00008 2026-07-09_06:14 7.9 -999.9 -999.9 91.9 -999.9 -999.9 6.6 -999.9 -999.9 998.9 -999.9 -999.9 3.3 -999.9 9.3 0.0 0.0 0.0 0.0 0.0 0.2 0.2 8.5 7.9 94.1 91.0 12.2 DCRS_-_Nova_Roma_-_Farroupilha_(180_m) -999.9 -999.9 999.0 998.4 998.9 7.6 6.6 0.0 Rio_Grande_do_Sul DCRS -999.9 0.0 0.0
-29.057501 -51.396099 DCRS-00008 2026-07-09_06:15 7.9 -999.9 -999.9 91.8 -999.9 -999.9 6.6 -999.9 -999.9 999.0 -999.9 -999.9 4.6 -999.9 7.5 0.0 0.0 0.0 0.0 0.0 0.2 0.2 8.5 7.9 94.1 91.0 12.2 DCRS_-_Nova_Roma_-_Farroupilha_(180_m) -999.9 -999.9 999.0 998.4 999.0 7.6 6.6 0.0 Rio_Grande_do_Sul DCRS -999.9 0.0 0.0
-29.057501 -51.396099 DCRS-00008 2026-07-09_06:16 7.9 -999.9 -999.9 91.9 -999.9 -999.9 6.6 -999.9 -999.9 999.0 -999.9 -999.9 2.6 -999.9 7.5 0.0 0.0 0.0 0.0 0.0 0.2 0.2 8.5 7.9 94.1 91.0 12.2 DCRS_-_Nova_Roma_-_Farroupilha_(180_m) -999.9 -999.9 999.0 998.4 999.0 7.6 6.6 0.0 Rio_Grande_do_Sul DCRS -999.9 0.0 0.0
-29.057501 -51.396099 DCRS-00008 2026-07-09_06:17 7.9 -999.9 -999.9 91.9 -999.9 -999.9 6.6 -999.9 -999.9 999.0 -999.9 -999.9 4.1 -999.9 7.5 0.0 0.0 0.0 0.0 0.0 0.2 0.2 8.5 7.9 94.1 91.0 12.2 DCRS_-_Nova_Roma_-_Farroupilha_(180_m) -999.9 -999.9 999.0 998.4 999.0 7.6 6.6 0.0 Rio_Grande_do_Sul DCRS -999.9 0.0 0.0
-29.057501 -51.396099 DCRS-00008 2026-07-09_06:18 7.8 -999.9 -999.9 91.8 -999.9 -999.9 6.5 -999.9 -999.9 999.0 -999.9 -999.9 3.0 -999.9 7.5 0.0 0.0 0.0 0.0 0.0 0.2 0.2 8.5 7.8 94.1 91.0 12.2 DCRS_-_Nova_Roma_-_Farroupilha_(180_m) -999.9 -999.9 999.0 998.4 999.0 7.6 6.5 0.0 Rio_Grande_do_Sul DCRS -999.9 0.0 0.0
-29.057501 -51.396099 DCRS-00008 2026-07-09_06:19 7.8 -999.9 -999.9 91.7 -999.9 -999.9 6.5 -999.9 -999.9 999.0 -999.9 -999.9 4.8 -999.9 7.5 0.0 0.0 0.0 0.0 0.0 0.2 0.2 8.5 7.8 94.1 91.0 12.2 DCRS_-_Nova_Roma_-_Farroupilha_(180_m) -999.9 -999.9 999.0 998.4 999.0 7.6 6.5 0.0 Rio_Grande_do_Sul DCRS -999.9 0.0 0.0
-29.057501 -51.396099 DCRS-00008 2026-07-09_06:20 7.8 -999.9 -999.9 91.7 -999.9 -999.9 6.5 -999.9 -999.9 999.0 -999.9 -999.9 4.5 -999.9 7.0 0.0 0.0 0.0 0.0 0.0 0.2 0.2 8.5 7.8 94.1 91.0 12.2 DCRS_-_Nova_Roma_-_Farroupilha_(180_m) -999.9 -999.9 999.0 998.4 999.0 7.6 6.5 0.0 Rio_Grande_do_Sul DCRS -999.9 0.0 0.0
-29.057501 -51.396099 DCRS-00008 2026-07-09_06:21 7.8 -999.9 -999.9 91.7 -999.9 -999.9 6.5 -999.9 -999.9 999.0 -999.9 -999.9 0.0 -999.9 7.0 0.0 0.0 0.0 0.0 0.0 0.2 0.2 8.5 7.8 94.1 91.0 12.2 DCRS_-_Nova_Roma_-_Farroupilha_(180_m) -999.9 -999.9 999.0 998.4 999.0 7.6 6.5 0.0 Rio_Grande_do_Sul DCRS -999.9 0.0 0.0
-29.057501 -51.396099 DCRS-00008 2026-07-09_06:22 7.9 -999.9 -999.9 91.8 -999.9 -999.9 6.6 -999.9 -999.9 999.0 -999.9 -999.9 0.0 -999.9 7.0 0.0 0.0 0.0 0.0 0.0 0.2 0.2 8.5 7.8 94.1 91.0 12.2 DCRS_-_Nova_Roma_-_Farroupilha_(180_m) -999.9 -999.9 999.0 998.4 999.0 7.6 6.5 0.0 Rio_Grande_do_Sul DCRS -999.9 0.0 0.0
-29.057501 -51.396099 DCRS-00008 2026-07-09_06:23 7.9 -999.9 -999.9 91.8 -999.9 -999.9 6.6 -999.9 -999.9 999.0 -999.9 -999.9 2.5 -999.9 7.0 0.0 0.0 0.0 0.0 0.0 0.2 0.2 8.5 7.8 94.1 91.0 12.2 DCRS_-_Nova_Roma_-_Farroupilha_(180_m) -999.9 -999.9 999.0 998.4 999.0 7.6 6.5 0.0 Rio_Grande_do_Sul DCRS -999.9 0.0 0.0
-29.057501 -51.396099 DCRS-00008 2026-07-09_06:24 7.9 -999.9 -999.9 91.8 -999.9 -999.9 6.6 -999.9 -999.9 999.0 -999.9 -999.9 2.5 -999.9 7.0 0.0 0.0 0.0 0.0 0.0 0.2 0.2 8.5 7.8 94.1 91.0 12.2 DCRS_-_Nova_Roma_-_Farroupilha_(180_m) -999.9 -999.9 999.0 998.4 999.0 7.6 6.5 0.0 Rio_Grande_do_Sul DCRS -999.9 0.0 0.0
-29.057501 -51.396099 DCRS-00008 2026-07-09_06:25 7.9 -999.9 -999.9 91.8 -999.9 -999.9 6.6 -999.9 -999.9 999.0 -999.9 -999.9 0.0 -999.9 4.9 0.0 0.0 0.0 0.0 0.0 0.2 0.2 8.5 7.8 94.1 91.0 12.2 DCRS_-_Nova_Roma_-_Farroupilha_(180_m) -999.9 -999.9 999.0 998.4 999.0 7.6 6.5 0.0 Rio_Grande_do_Sul DCRS -999.9 0.0 0.0
-29.057501 -51.396099 DCRS-00008 2026-07-09_06:26 7.8 -999.9 -999.9 91.9 -999.9 -999.9 6.5 -999.9 -999.9 999.0 -999.9 -999.9 1.9 -999.9 4.9 0.0 0.0 0.0 0.0 0.0 0.2 0.2 8.5 7.8 94.1 91.0 12.2 DCRS_-_Nova_Roma_-_Farroupilha_(180_m) -999.9 -999.9 999.0 998.4 999.0 7.6 6.5 0.0 Rio_Grande_do_Sul DCRS -999.9 0.0 0.0
-29.057501 -51.396099 DCRS-00008 2026-07-09_06:27 7.8 -999.9 -999.9 91.8 -999.9 -999.9 6.5 -999.9 -999.9 999.0 -999.9 -999.9 3.1 -999.9 4.9 0.0 0.0 0.0 0.0 0.0 0.2 0.2 8.5 7.8 94.1 91.0 12.2 DCRS_-_Nova_Roma_-_Farroupilha_(180_m) -999.9 -999.9 999.0 998.4 999.0 7.6 6.5 0.0 Rio_Grande_do_Sul DCRS -999.9 0.0 0.0
-29.057501 -51.396099 DCRS-00008 2026-07-09_06:28 7.8 -999.9 -999.9 91.7 -999.9 -999.9 6.5 -999.9 -999.9 999.0 -999.9 -999.9 0.0 -999.9 4.9 0.0 0.0 0.0 0.0 0.0 0.2 0.2 8.5 7.8 94.1 91.0 12.2 DCRS_-_Nova_Roma_-_Farroupilha_(180_m) -999.9 -999.9 999.0 998.4 999.0 7.6 6.5 0.0 Rio_Grande_do_Sul DCRS -999.9 0.0 0.0
-29.057501 -51.396099 DCRS-00008 2026-07-09_06:29 7.8 -999.9 -999.9 91.7 -999.9 -999.9 6.5 -999.9 -999.9 999.0 -999.9 -999.9 2.6 -999.9 4.9 0.0 0.0 0.0 0.0 0.0 0.2 0.2 8.5 7.8 94.1 91.0 12.2 DCRS_-_Nova_Roma_-_Farroupilha_(180_m) -999.9 -999.9 999.0 998.4 999.0 7.6 6.5 0.0 Rio_Grande_do_Sul DCRS -999.9 0.0 0.0
-29.057501 -51.396099 DCRS-00008 2026-07-09_06:30 7.8 -999.9 -999.9 91.6 -999.9 -999.9 6.5 -999.9 -999.9 999.0 -999.9 -999.9 2.8 -999.9 6.3 0.0 0.0 0.0 0.0 0.0 0.2 0.2 8.5 7.8 94.1 91.0 12.2 DCRS_-_Nova_Roma_-_Farroupilha_(180_m) -999.9 -999.9 999.0 998.4 999.0 7.6 6.5 0.0 Rio_Grande_do_Sul DCRS -999.9 0.0 0.0
-29.057501 -51.396099 DCRS-00008 2026-07-09_06:31 7.7 -999.9 -999.9 91.5 -999.9 -999.9 6.4 -999.9 -999.9 999.0 -999.9 -999.9 1.9 -999.9 6.3 0.0 0.0 0.0 0.0 0.0 0.2 0.2 8.5 7.7 94.1 91.0 12.2 DCRS_-_Nova_Roma_-_Farroupilha_(180_m) -999.9 -999.9 999.0 998.4 999.0 7.6 6.4 0.0 Rio_Grande_do_Sul DCRS -999.9 0.0 0.0
-29.057501 -51.396099 DCRS-00008 2026-07-09_06:32 7.7 -999.9 -999.9 91.4 -999.9 -999.9 6.4 -999.9 -999.9 999.0 -999.9 -999.9 3.7 -999.9 6.3 0.0 0.0 0.0 0.0 0.0 0.2 0.2 8.5 7.7 94.1 91.0 12.2 DCRS_-_Nova_Roma_-_Farroupilha_(180_m) -999.9 -999.9 999.0 998.4 999.0 7.6 6.4 0.0 Rio_Grande_do_Sul DCRS -999.9 0.0 0.0
-29.057501 -51.396099 DCRS-00008 2026-07-09_06:33 7.7 -999.9 -999.9 91.4 -999.9 -999.9 6.4 -999.9 -999.9 998.9 -999.9 -999.9 3.4 -999.9 6.3 0.0 0.0 0.0 0.0 0.0 0.2 0.2 8.5 7.7 94.1 91.0 12.2 DCRS_-_Nova_Roma_-_Farroupilha_(180_m) -999.9 -999.9 999.0 998.4 998.9 7.6 6.4 0.0 Rio_Grande_do_Sul DCRS -999.9 0.0 0.0
-29.057501 -51.396099 DCRS-00008 2026-07-09_06:34 7.7 -999.9 -999.9 91.4 -999.9 -999.9 6.4 -999.9 -999.9 998.9 -999.9 -999.9 -999.9 -999.9 6.3 0.0 0.0 0.0 0.0 0.0 0.2 0.2 8.5 7.7 94.1 91.0 12.2 DCRS_-_Nova_Roma_-_Farroupilha_(180_m) -999.9 -999.9 999.0 998.4 998.9 7.6 6.4 0.0 Rio_Grande_do_Sul DCRS -999.9 0.0 0.0
-29.057501 -51.396099 DCRS-00008 2026-07-09_06:35 7.7 -999.9 -999.9 91.2 -999.9 -999.9 6.3 -999.9 -999.9 998.9 -999.9 -999.9 0.0 -999.9 8.8 0.0 0.0 0.0 0.0 0.0 0.2 0.2 8.5 7.7 94.1 91.0 12.2 DCRS_-_Nova_Roma_-_Farroupilha_(180_m) -999.9 -999.9 999.0 998.4 998.9 7.6 6.3 0.0 Rio_Grande_do_Sul DCRS -999.9 0.0 0.0
-29.057501 -51.396099 DCRS-00008 2026-07-09_06:36 7.7 -999.9 -999.9 91.1 -999.9 -999.9 6.3 -999.9 -999.9 998.9 -999.9 -999.9 7.2 -999.9 8.8 0.0 0.0 0.0 0.0 0.0 0.2 0.2 8.5 7.7 94.1 91.0 12.2 DCRS_-_Nova_Roma_-_Farroupilha_(180_m) -999.9 -999.9 999.0 998.4 998.9 7.6 6.3 0.0 Rio_Grande_do_Sul DCRS -999.9 0.0 0.0
-29.057501 -51.396099 DCRS-00008 2026-07-09_06:37 7.7 -999.9 -999.9 91.2 -999.9 -999.9 6.3 -999.9 -999.9 998.9 -999.9 -999.9 6.9 -999.9 8.8 0.0 0.0 0.0 0.0 0.0 0.2 0.2 8.5 7.7 94.1 91.0 12.2 DCRS_-_Nova_Roma_-_Farroupilha_(180_m) -999.9 -999.9 999.0 998.4 998.9 7.6 6.3 0.0 Rio_Grande_do_Sul DCRS -999.9 0.0 0.0
-29.057501 -51.396099 DCRS-00008 2026-07-09_06:38 7.7 -999.9 -999.9 91.1 -999.9 -999.9 6.3 -999.9 -999.9 998.9 -999.9 -999.9 2.7 -999.9 8.8 0.0 0.0 0.0 0.0 0.0 0.2 0.2 8.5 7.7 94.1 91.0 12.2 DCRS_-_Nova_Roma_-_Farroupilha_(180_m) -999.9 -999.9 999.0 998.4 998.9 7.6 6.3 0.0 Rio_Grande_do_Sul DCRS -999.9 0.0 0.0
-29.057501 -51.396099 DCRS-00008 2026-07-09_06:39 7.7 -999.9 -999.9 91.2 -999.9 -999.9 6.3 -999.9 -999.9 998.9 -999.9 -999.9 0.0 -999.9 8.8 0.0 0.0 0.0 0.0 0.0 0.2 0.2 8.5 7.7 94.1 91.0 12.2 DCRS_-_Nova_Roma_-_Farroupilha_(180_m) -999.9 -999.9 999.0 998.4 998.9 7.6 6.3 0.0 Rio_Grande_do_Sul DCRS -999.9 0.0 0.0
-29.057501 -51.396099 DCRS-00008 2026-07-09_06:40 7.7 -999.9 -999.9 91.3 -999.9 -999.9 6.4 -999.9 -999.9 998.9 -999.9 -999.9 2.8 -999.9 12.1 0.0 0.0 0.0 0.0 0.0 0.2 0.2 8.5 7.7 94.1 91.0 12.2 DCRS_-_Nova_Roma_-_Farroupilha_(180_m) -999.9 -999.9 999.0 998.4 998.9 7.6 6.3 0.0 Rio_Grande_do_Sul DCRS -999.9 0.0 0.0
-29.057501 -51.396099 DCRS-00008 2026-07-09_06:41 7.7 -999.9 -999.9 91.2 -999.9 -999.9 6.3 -999.9 -999.9 998.9 -999.9 -999.9 2.8 -999.9 12.1 0.0 0.0 0.0 0.0 0.0 0.2 0.2 8.5 7.7 94.1 91.0 12.2 DCRS_-_Nova_Roma_-_Farroupilha_(180_m) -999.9 -999.9 999.0 998.4 998.9 7.6 6.3 0.0 Rio_Grande_do_Sul DCRS -999.9 0.0 0.0
-29.057501 -51.396099 DCRS-00008 2026-07-09_06:42 7.6 -999.9 -999.9 91.3 -999.9 -999.9 6.3 -999.9 -999.9 998.9 -999.9 -999.9 0.0 -999.9 12.1 0.0 0.0 0.0 0.0 0.0 0.2 0.2 8.5 7.6 94.1 91.0 12.2 DCRS_-_Nova_Roma_-_Farroupilha_(180_m) -999.9 -999.9 999.0 998.4 998.9 7.6 6.3 0.0 Rio_Grande_do_Sul DCRS -999.9 0.0 0.0
-29.057501 -51.396099 DCRS-00008 2026-07-09_06:43 7.6 -999.9 -999.9 91.4 -999.9 -999.9 6.3 -999.9 -999.9 998.9 -999.9 -999.9 2.5 -999.9 12.1 0.0 0.0 0.0 0.0 0.0 0.2 0.2 8.5 7.6 94.1 91.0 12.2 DCRS_-_Nova_Roma_-_Farroupilha_(180_m) -999.9 -999.9 999.0 998.4 998.9 7.6 6.3 0.0 Rio_Grande_do_Sul DCRS -999.9 0.0 0.0
-29.057501 -51.396099 DCRS-00008 2026-07-09_06:44 7.6 -999.9 -999.9 91.3 -999.9 -999.9 6.3 -999.9 -999.9 998.9 -999.9 -999.9 3.0 -999.9 12.1 0.0 0.0 0.0 0.0 0.0 0.2 0.2 8.5 7.6 94.1 91.0 12.2 DCRS_-_Nova_Roma_-_Farroupilha_(180_m) -999.9 -999.9 999.0 998.4 998.9 7.6 6.3 0.0 Rio_Grande_do_Sul DCRS -999.9 0.0 0.0
-29.057501 -51.396099 DCRS-00008 2026-07-09_06:45 7.6 -999.9 -999.9 91.3 -999.9 -999.9 6.3 -999.9 -999.9 998.9 -999.9 -999.9 4.1 -999.9 11.6 0.0 0.0 0.0 0.0 0.0 0.2 0.2 8.5 7.6 94.1 91.0 12.2 DCRS_-_Nova_Roma_-_Farroupilha_(180_m) -999.9 -999.9 999.0 998.4 998.9 7.6 6.3 0.0 Rio_Grande_do_Sul DCRS -999.9 0.0 0.0
-29.057501 -51.396099 DCRS-00008 2026-07-09_06:46 7.6 -999.9 -999.9 91.3 -999.9 -999.9 6.3 -999.9 -999.9 998.9 -999.9 -999.9 3.6 -999.9 11.6 0.0 0.0 0.0 0.0 0.0 0.2 0.2 8.5 7.6 94.1 91.0 12.2 DCRS_-_Nova_Roma_-_Farroupilha_(180_m) -999.9 -999.9 999.0 998.4 998.9 7.6 6.3 0.0 Rio_Grande_do_Sul DCRS -999.9 0.0 0.0
-29.057501 -51.396099 DCRS-00008 2026-07-09_06:47 7.5 -999.9 -999.9 91.4 -999.9 -999.9 6.2 -999.9 -999.9 998.9 -999.9 -999.9 4.9 -999.9 11.6 0.0 0.0 0.0 0.0 0.0 0.2 0.2 8.5 7.5 94.1 91.0 12.2 DCRS_-_Nova_Roma_-_Farroupilha_(180_m) -999.9 -999.9 999.0 998.4 998.9 7.6 6.2 0.0 Rio_Grande_do_Sul DCRS -999.9 0.0 0.0
-29.057501 -51.396099 DCRS-00008 2026-07-09_06:48 7.5 -999.9 -999.9 91.5 -999.9 -999.9 6.2 -999.9 -999.9 998.9 -999.9 -999.9 3.7 -999.9 11.6 0.0 0.0 0.0 0.0 0.0 0.2 0.2 8.5 7.5 94.1 91.0 12.2 DCRS_-_Nova_Roma_-_Farroupilha_(180_m) -999.9 -999.9 999.0 998.4 998.9 7.6 6.2 0.0 Rio_Grande_do_Sul DCRS -999.9 0.0 0.0
-29.057501 -51.396099 DCRS-00008 2026-07-09_06:49 7.6 -999.9 -999.9 91.5 -999.9 -999.9 6.3 -999.9 -999.9 998.9 -999.9 -999.9 3.5 -999.9 11.6 0.0 0.0 0.0 0.0 0.0 0.2 0.2 8.5 7.5 94.1 91.0 12.2 DCRS_-_Nova_Roma_-_Farroupilha_(180_m) -999.9 -999.9 999.0 998.4 998.9 7.6 6.2 0.0 Rio_Grande_do_Sul DCRS -999.9 0.0 0.0
-29.057501 -51.396099 DCRS-00008 2026-07-09_06:50 7.5 -999.9 -999.9 91.4 -999.9 -999.9 6.2 -999.9 -999.9 998.9 -999.9 -999.9 0.0 -999.9 9.0 0.0 0.0 0.0 0.0 0.0 0.2 0.2 8.5 7.5 94.1 91.0 12.2 DCRS_-_Nova_Roma_-_Farroupilha_(180_m) -999.9 -999.9 999.0 998.4 998.9 7.6 6.2 0.0 Rio_Grande_do_Sul DCRS -999.9 0.0 0.0
-29.057501 -51.396099 DCRS-00008 2026-07-09_06:51 7.5 -999.9 -999.9 91.4 -999.9 -999.9 6.2 -999.9 -999.9 998.9 -999.9 -999.9 4.0 -999.9 9.0 0.0 0.0 0.0 0.0 0.0 0.2 0.2 8.5 7.5 94.1 91.0 12.2 DCRS_-_Nova_Roma_-_Farroupilha_(180_m) -999.9 -999.9 999.0 998.4 998.9 7.6 6.2 0.0 Rio_Grande_do_Sul DCRS -999.9 0.0 0.0
-29.057501 -51.396099 DCRS-00008 2026-07-09_06:52 7.6 -999.9 -999.9 91.3 -999.9 -999.9 6.3 -999.9 -999.9 998.9 -999.9 -999.9 3.6 -999.9 9.0 0.0 0.0 0.0 0.0 0.0 0.2 0.2 8.5 7.5 94.1 91.0 12.2 DCRS_-_Nova_Roma_-_Farroupilha_(180_m) -999.9 -999.9 999.0 998.4 998.9 7.6 6.2 0.0 Rio_Grande_do_Sul DCRS -999.9 0.0 0.0
-29.057501 -51.396099 DCRS-00008 2026-07-09_06:53 7.5 -999.9 -999.9 91.3 -999.9 -999.9 6.2 -999.9 -999.9 999.0 -999.9 -999.9 2.5 -999.9 9.0 0.0 0.0 0.0 0.0 0.0 0.2 0.2 8.5 7.5 94.1 91.0 12.2 DCRS_-_Nova_Roma_-_Farroupilha_(180_m) -999.9 -999.9 999.0 998.4 999.0 7.6 6.2 0.0 Rio_Grande_do_Sul DCRS -999.9 0.0 0.0
-29.057501 -51.396099 DCRS-00008 2026-07-09_06:54 7.5 -999.9 -999.9 91.3 -999.9 -999.9 6.2 -999.9 -999.9 998.9 -999.9 -999.9 0.0 -999.9 9.0 0.0 0.0 0.0 0.0 0.0 0.2 0.2 8.5 7.5 94.1 91.0 12.2 DCRS_-_Nova_Roma_-_Farroupilha_(180_m) -999.9 -999.9 999.0 998.4 998.9 7.6 6.2 0.0 Rio_Grande_do_Sul DCRS -999.9 0.0 0.0
-29.057501 -51.396099 DCRS-00008 2026-07-09_06:55 7.5 -999.9 -999.9 91.3 -999.9 -999.9 6.2 -999.9 -999.9 998.9 -999.9 -999.9 1.8 -999.9 5.2 0.0 0.0 0.0 0.0 0.0 0.2 0.2 8.5 7.5 94.1 91.0 12.2 DCRS_-_Nova_Roma_-_Farroupilha_(180_m) -999.9 -999.9 999.0 998.4 998.9 7.6 6.2 0.0 Rio_Grande_do_Sul DCRS -999.9 0.0 0.0
-29.057501 -51.396099 DCRS-00008 2026-07-09_06:56 7.5 -999.9 -999.9 91.3 -999.9 -999.9 6.2 -999.9 -999.9 998.9 -999.9 -999.9 3.1 -999.9 5.2 0.0 0.0 0.0 0.0 0.0 0.2 0.2 8.5 7.5 94.1 91.0 12.2 DCRS_-_Nova_Roma_-_Farroupilha_(180_m) -999.9 -999.9 999.0 998.4 998.9 7.6 6.2 0.0 Rio_Grande_do_Sul DCRS -999.9 0.0 0.0
-29.057501 -51.396099 DCRS-00008 2026-07-09_06:57 7.4 -999.9 -999.9 91.3 -999.9 -999.9 6.1 -999.9 -999.9 998.9 -999.9 -999.9 2.7 -999.9 5.2 0.0 0.0 0.0 0.0 0.0 0.2 0.2 8.5 7.4 94.1 91.0 12.2 DCRS_-_Nova_Roma_-_Farroupilha_(180_m) -999.9 -999.9 999.0 998.4 998.9 7.6 6.1 0.0 Rio_Grande_do_Sul DCRS -999.9 0.0 0.0
-29.057501 -51.396099 DCRS-00008 2026-07-09_06:58 7.4 -999.9 -999.9 91.4 -999.9 -999.9 6.1 -999.9 -999.9 998.9 -999.9 -999.9 0.0 -999.9 5.2 0.0 0.0 0.0 0.0 0.0 0.2 0.2 8.5 7.4 94.1 91.0 12.2 DCRS_-_Nova_Roma_-_Farroupilha_(180_m) -999.9 -999.9 999.0 998.4 998.9 7.6 6.1 0.0 Rio_Grande_do_Sul DCRS -999.9 0.0 0.0
-29.057501 -51.396099 DCRS-00008 2026-07-09_06:59 7.4 -999.9 -999.9 91.3 -999.9 -999.9 6.1 -999.9 -999.9 999.0 -999.9 -999.9 0.0 -999.9 5.2 0.0 0.0 0.0 0.0 0.0 0.2 0.2 8.5 7.4 94.1 91.0 12.2 DCRS_-_Nova_Roma_-_Farroupilha_(180_m) -999.9 -999.9 999.0 998.4 999.0 7.6 6.1 0.0 Rio_Grande_do_Sul DCRS -999.9 0.0 0.0
-29.057501 -51.396099 DCRS-00008 2026-07-09_07:00 7.4 -999.9 -999.9 91.3 -999.9 -999.9 6.1 -999.9 -999.9 999.0 -999.9 -999.9 3.8 -999.9 5.2 0.0 0.0 0.0 0.0 0.0 0.2 0.2 8.5 7.4 94.1 91.0 12.2 DCRS_-_Nova_Roma_-_Farroupilha_(180_m) -999.9 -999.9 999.0 998.4 999.0 7.6 6.1 0.0 Rio_Grande_do_Sul DCRS -999.9 0.0 0.0
-29.057501 -51.396099 DCRS-00008 2026-07-09_07:01 7.4 -999.9 -999.9 91.4 -999.9 -999.9 6.1 -999.9 -999.9 999.0 -999.9 -999.9 4.4 -999.9 5.2 0.0 0.0 0.0 0.0 0.0 0.2 0.2 8.5 7.4 94.1 91.0 12.2 DCRS_-_Nova_Roma_-_Farroupilha_(180_m) -999.9 -999.9 999.0 998.4 999.0 7.6 6.1 0.0 Rio_Grande_do_Sul DCRS -999.9 0.0 0.0
-29.057501 -51.396099 DCRS-00008 2026-07-09_07:02 7.3 -999.9 -999.9 91.5 -999.9 -999.9 6.0 -999.9 -999.9 999.0 -999.9 -999.9 3.8 -999.9 5.2 0.0 0.0 0.0 0.0 0.0 0.2 0.2 8.5 7.3 94.1 91.0 12.2 DCRS_-_Nova_Roma_-_Farroupilha_(180_m) -999.9 -999.9 999.0 998.4 999.0 7.6 6.0 0.0 Rio_Grande_do_Sul DCRS -999.9 0.0 0.0
-29.057501 -51.396099 DCRS-00008 2026-07-09_07:03 7.4 -999.9 -999.9 91.5 -999.9 -999.9 6.1 -999.9 -999.9 999.0 -999.9 -999.9 4.6 -999.9 5.2 0.0 0.0 0.0 0.0 0.0 0.2 0.2 8.5 7.3 94.1 91.0 12.2 DCRS_-_Nova_Roma_-_Farroupilha_(180_m) -999.9 -999.9 999.0 998.4 999.0 7.6 6.0 0.0 Rio_Grande_do_Sul DCRS -999.9 0.0 0.0
-29.057501 -51.396099 DCRS-00008 2026-07-09_07:04 7.3 -999.9 -999.9 91.5 -999.9 -999.9 6.0 -999.9 -999.9 999.0 -999.9 -999.9 2.2 -999.9 5.2 0.0 0.0 0.0 0.0 0.0 0.2 0.2 8.5 7.3 94.1 91.0 12.2 DCRS_-_Nova_Roma_-_Farroupilha_(180_m) -999.9 -999.9 999.0 998.4 999.0 7.6 6.0 0.0 Rio_Grande_do_Sul DCRS -999.9 0.0 0.0
-29.057501 -51.396099 DCRS-00008 2026-07-09_07:05 7.4 -999.9 -999.9 91.6 -999.9 -999.9 6.1 -999.9 -999.9 999.0 -999.9 -999.9 0.0 -999.9 6.3 0.0 0.0 0.0 0.0 0.0 0.2 0.2 8.5 7.3 94.1 91.0 12.2 DCRS_-_Nova_Roma_-_Farroupilha_(180_m) -999.9 -999.9 999.0 998.4 999.0 7.6 6.0 0.0 Rio_Grande_do_Sul DCRS -999.9 0.0 0.0
-29.057501 -51.396099 DCRS-00008 2026-07-09_07:06 7.4 -999.9 -999.9 91.5 -999.9 -999.9 6.1 -999.9 -999.9 999.0 -999.9 -999.9 4.4 -999.9 6.3 0.0 0.0 0.0 0.0 0.0 0.2 0.2 8.5 7.3 94.1 91.0 12.2 DCRS_-_Nova_Roma_-_Farroupilha_(180_m) -999.9 -999.9 999.0 998.4 999.0 7.6 6.0 0.0 Rio_Grande_do_Sul DCRS -999.9 0.0 0.0
-29.057501 -51.396099 DCRS-00008 2026-07-09_07:07 7.4 -999.9 -999.9 91.5 -999.9 -999.9 6.1 -999.9 -999.9 999.0 -999.9 -999.9 5.4 -999.9 6.3 1.0 0.0 0.0 0.0 0.0 0.2 0.2 8.5 7.3 94.1 91.0 12.2 DCRS_-_Nova_Roma_-_Farroupilha_(180_m) -999.9 -999.9 999.0 998.4 999.0 7.6 6.0 1.0 Rio_Grande_do_Sul DCRS -999.9 0.0 0.0
-29.057501 -51.396099 DCRS-00008 2026-07-09_07:08 7.3 -999.9 -999.9 91.6 -999.9 -999.9 6.0 -999.9 -999.9 999.0 -999.9 -999.9 0.0 -999.9 6.3 1.0 0.0 0.0 0.0 0.0 0.2 0.2 8.5 7.3 94.1 91.0 12.2 DCRS_-_Nova_Roma_-_Farroupilha_(180_m) -999.9 -999.9 999.0 998.4 999.0 7.6 6.0 1.0 Rio_Grande_do_Sul DCRS -999.9 0.0 0.0
-29.057501 -51.396099 DCRS-00008 2026-07-09_07:09 7.3 -999.9 -999.9 91.5 -999.9 -999.9 6.0 -999.9 -999.9 999.0 -999.9 -999.9 2.7 -999.9 6.3 2.0 0.0 0.0 0.0 0.0 0.2 0.2 8.5 7.3 94.1 91.0 12.2 DCRS_-_Nova_Roma_-_Farroupilha_(180_m) -999.9 -999.9 999.0 998.4 999.0 7.6 6.0 2.0 Rio_Grande_do_Sul DCRS -999.9 0.0 0.0
-29.057501 -51.396099 DCRS-00008 2026-07-09_07:10 7.3 -999.9 -999.9 91.5 -999.9 -999.9 6.0 -999.9 -999.9 999.0 -999.9 -999.9 0.0 -999.9 8.5 2.0 0.0 0.0 0.0 0.0 0.2 0.2 8.5 7.3 94.1 91.0 12.2 DCRS_-_Nova_Roma_-_Farroupilha_(180_m) -999.9 -999.9 999.0 998.4 999.0 7.6 6.0 2.0 Rio_Grande_do_Sul DCRS -999.9 0.0 0.0
-29.057501 -51.396099 DCRS-00008 2026-07-09_07:11 7.3 -999.9 -999.9 91.5 -999.9 -999.9 6.0 -999.9 -999.9 999.0 -999.9 -999.9 0.0 -999.9 8.5 2.0 0.0 0.0 0.0 0.0 0.2 0.2 8.5 7.3 94.1 91.0 12.2 DCRS_-_Nova_Roma_-_Farroupilha_(180_m) -999.9 -999.9 999.0 998.4 999.0 7.6 6.0 2.0 Rio_Grande_do_Sul DCRS -999.9 0.0 0.0
-29.057501 -51.396099 DCRS-00008 2026-07-09_07:12 7.2 -999.9 -999.9 91.5 -999.9 -999.9 5.9 -999.9 -999.9 999.0 -999.9 -999.9 2.3 -999.9 8.5 2.0 0.0 0.0 0.0 0.0 0.2 0.2 8.5 7.2 94.1 91.0 12.2 DCRS_-_Nova_Roma_-_Farroupilha_(180_m) -999.9 -999.9 999.0 998.4 999.0 7.6 5.9 2.0 Rio_Grande_do_Sul DCRS -999.9 0.0 0.0
-29.057501 -51.396099 DCRS-00008 2026-07-09_07:13 7.3 -999.9 -999.9 91.6 -999.9 -999.9 6.0 -999.9 -999.9 998.9 -999.9 -999.9 0.0 -999.9 8.5 2.0 0.0 0.0 0.0 0.0 0.2 0.2 8.5 7.2 94.1 91.0 12.2 DCRS_-_Nova_Roma_-_Farroupilha_(180_m) -999.9 -999.9 999.0 998.4 998.9 7.6 5.9 2.0 Rio_Grande_do_Sul DCRS -999.9 0.0 0.0
-29.057501 -51.396099 DCRS-00008 2026-07-09_07:14 7.3 -999.9 -999.9 91.7 -999.9 -999.9 6.0 -999.9 -999.9 998.9 -999.9 -999.9 1.9 -999.9 8.5 3.0 0.0 0.0 0.0 0.0 0.2 0.2 8.5 7.2 94.1 91.0 12.2 DCRS_-_Nova_Roma_-_Farroupilha_(180_m) -999.9 -999.9 999.0 998.4 998.9 7.6 5.9 3.0 Rio_Grande_do_Sul DCRS -999.9 0.0 0.0
-29.057501 -51.396099 DCRS-00008 2026-07-09_07:15 7.3 -999.9 -999.9 91.7 -999.9 -999.9 6.0 -999.9 -999.9 998.9 -999.9 -999.9 0.0 -999.9 3.9 3.0 0.0 0.0 0.0 0.0 0.2 0.2 8.5 7.2 94.1 91.0 12.2 DCRS_-_Nova_Roma_-_Farroupilha_(180_m) -999.9 -999.9 999.0 998.4 998.9 7.6 5.9 3.0 Rio_Grande_do_Sul DCRS -999.9 0.0 0.0
-29.057501 -51.396099 DCRS-00008 2026-07-09_07:16 7.3 -999.9 -999.9 91.6 -999.9 -999.9 6.0 -999.9 -999.9 998.9 -999.9 -999.9 2.1 -999.9 3.9 3.0 0.0 0.0 0.0 0.0 0.2 0.2 8.5 7.2 94.1 91.0 12.2 DCRS_-_Nova_Roma_-_Farroupilha_(180_m) -999.9 -999.9 999.0 998.4 998.9 7.6 5.9 3.0 Rio_Grande_do_Sul DCRS -999.9 0.0 0.0
-29.057501 -51.396099 DCRS-00008 2026-07-09_07:17 7.3 -999.9 -999.9 91.6 -999.9 -999.9 6.0 -999.9 -999.9 998.9 -999.9 -999.9 2.5 -999.9 3.9 3.0 0.0 0.0 0.0 0.0 0.2 0.2 8.5 7.2 94.1 91.0 12.2 DCRS_-_Nova_Roma_-_Farroupilha_(180_m) -999.9 -999.9 999.0 998.4 998.9 7.6 5.9 3.0 Rio_Grande_do_Sul DCRS -999.9 0.0 0.0
-29.057501 -51.396099 DCRS-00008 2026-07-09_07:18 7.3 -999.9 -999.9 91.7 -999.9 -999.9 6.0 -999.9 -999.9 998.9 -999.9 -999.9 2.3 -999.9 3.9 3.0 0.0 0.0 0.0 0.0 0.2 0.2 8.5 7.2 94.1 91.0 12.2 DCRS_-_Nova_Roma_-_Farroupilha_(180_m) -999.9 -999.9 999.0 998.4 998.9 7.6 5.9 3.0 Rio_Grande_do_Sul DCRS -999.9 0.0 0.0
-29.057501 -51.396099 DCRS-00008 2026-07-09_07:19 7.3 -999.9 -999.9 91.8 -999.9 -999.9 6.0 -999.9 -999.9 998.9 -999.9 -999.9 0.0 -999.9 3.9 3.0 0.0 0.0 0.0 0.0 0.2 0.2 8.5 7.2 94.1 91.0 12.2 DCRS_-_Nova_Roma_-_Farroupilha_(180_m) -999.9 -999.9 999.0 998.4 998.9 7.6 5.9 3.0 Rio_Grande_do_Sul DCRS -999.9 0.0 0.0
-29.057501 -51.396099 DCRS-00008 2026-07-09_07:20 7.3 -999.9 -999.9 91.8 -999.9 -999.9 6.0 -999.9 -999.9 999.0 -999.9 -999.9 0.0 -999.9 5.0 4.0 0.0 0.0 0.0 0.0 0.2 0.2 8.5 7.2 94.1 91.0 12.2 DCRS_-_Nova_Roma_-_Farroupilha_(180_m) -999.9 -999.9 999.0 998.4 999.0 7.6 5.9 4.0 Rio_Grande_do_Sul DCRS -999.9 0.0 0.0
-29.057501 -51.396099 DCRS-00008 2026-07-09_07:21 7.3 -999.9 -999.9 91.8 -999.9 -999.9 6.0 -999.9 -999.9 999.0 -999.9 -999.9 2.5 -999.9 5.0 4.0 0.0 0.0 0.0 0.0 0.2 0.2 8.5 7.2 94.1 91.0 12.2 DCRS_-_Nova_Roma_-_Farroupilha_(180_m) -999.9 -999.9 999.0 998.4 999.0 7.6 5.9 4.0 Rio_Grande_do_Sul DCRS -999.9 0.0 0.0
-29.057501 -51.396099 DCRS-00008 2026-07-09_07:22 7.3 -999.9 -999.9 91.8 -999.9 -999.9 6.0 -999.9 -999.9 999.0 -999.9 -999.9 3.5 -999.9 5.0 4.0 0.0 0.0 0.0 0.0 0.2 0.2 8.5 7.2 94.1 91.0 12.2 DCRS_-_Nova_Roma_-_Farroupilha_(180_m) -999.9 -999.9 999.0 998.4 999.0 7.6 5.9 4.0 Rio_Grande_do_Sul DCRS -999.9 0.0 0.0
-29.057501 -51.396099 DCRS-00008 2026-07-09_07:23 7.3 -999.9 -999.9 91.8 -999.9 -999.9 6.0 -999.9 -999.9 999.1 -999.9 -999.9 2.9 -999.9 5.0 4.0 0.0 0.0 0.0 0.0 0.2 0.2 8.5 7.2 94.1 91.0 12.2 DCRS_-_Nova_Roma_-_Farroupilha_(180_m) -999.9 -999.9 999.1 998.4 999.1 7.6 5.9 4.0 Rio_Grande_do_Sul DCRS -999.9 0.0 0.0
-29.057501 -51.396099 DCRS-00008 2026-07-09_07:24 7.2 -999.9 -999.9 91.8 -999.9 -999.9 5.9 -999.9 -999.9 999.1 -999.9 -999.9 0.0 -999.9 5.0 4.0 0.0 0.0 0.0 0.0 0.2 0.2 8.5 7.2 94.1 91.0 12.2 DCRS_-_Nova_Roma_-_Farroupilha_(180_m) -999.9 -999.9 999.1 998.4 999.1 7.6 5.9 4.0 Rio_Grande_do_Sul DCRS -999.9 0.0 0.0
-29.057501 -51.396099 DCRS-00008 2026-07-09_07:25 7.3 -999.9 -999.9 91.8 -999.9 -999.9 6.0 -999.9 -999.9 999.1 -999.9 -999.9 2.2 -999.9 6.1 5.0 0.0 0.0 0.0 0.0 0.2 0.2 8.5 7.2 94.1 91.0 12.2 DCRS_-_Nova_Roma_-_Farroupilha_(180_m) -999.9 -999.9 999.1 998.4 999.1 7.6 5.9 5.0 Rio_Grande_do_Sul DCRS -999.9 0.0 0.0
-29.057501 -51.396099 DCRS-00008 2026-07-09_07:26 7.2 -999.9 -999.9 91.7 -999.9 -999.9 5.9 -999.9 -999.9 999.1 -999.9 -999.9 1.8 -999.9 6.1 5.0 0.0 0.0 0.0 0.0 0.2 0.2 8.5 7.2 94.1 91.0 12.2 DCRS_-_Nova_Roma_-_Farroupilha_(180_m) -999.9 -999.9 999.1 998.4 999.1 7.6 5.9 5.0 Rio_Grande_do_Sul DCRS -999.9 0.0 0.0
-29.057501 -51.396099 DCRS-00008 2026-07-09_07:27 7.3 -999.9 -999.9 91.8 -999.9 -999.9 6.0 -999.9 -999.9 999.1 -999.9 -999.9 2.6 -999.9 6.1 6.0 0.0 0.0 0.0 0.0 0.2 0.2 8.5 7.2 94.1 91.0 12.2 DCRS_-_Nova_Roma_-_Farroupilha_(180_m) -999.9 -999.9 999.1 998.4 999.1 7.6 5.9 6.0 Rio_Grande_do_Sul DCRS -999.9 0.0 0.0
-29.057501 -51.396099 DCRS-00008 2026-07-09_07:28 7.2 -999.9 -999.9 91.7 -999.9 -999.9 5.9 -999.9 -999.9 999.2 -999.9 -999.9 0.0 -999.9 6.1 6.0 0.0 0.0 0.0 0.0 0.2 0.2 8.5 7.2 94.1 91.0 12.2 DCRS_-_Nova_Roma_-_Farroupilha_(180_m) -999.9 -999.9 999.2 998.4 999.2 7.6 5.9 6.0 Rio_Grande_do_Sul DCRS -999.9 0.0 0.0
-29.057501 -51.396099 DCRS-00008 2026-07-09_07:29 7.2 -999.9 -999.9 91.7 -999.9 -999.9 5.9 -999.9 -999.9 999.2 -999.9 -999.9 0.0 -999.9 6.1 6.0 0.0 0.0 0.0 0.0 0.2 0.2 8.5 7.2 94.1 91.0 12.2 DCRS_-_Nova_Roma_-_Farroupilha_(180_m) -999.9 -999.9 999.2 998.4 999.2 7.6 5.9 6.0 Rio_Grande_do_Sul DCRS -999.9 0.0 0.0
-29.057501 -51.396099 DCRS-00008 2026-07-09_07:30 7.2 -999.9 -999.9 91.8 -999.9 -999.9 5.9 -999.9 -999.9 999.2 -999.9 -999.9 2.5 -999.9 4.6 6.0 0.0 0.0 0.0 0.0 0.2 0.2 8.5 7.2 94.1 91.0 12.2 DCRS_-_Nova_Roma_-_Farroupilha_(180_m) -999.9 -999.9 999.2 998.4 999.2 7.6 5.9 6.0 Rio_Grande_do_Sul DCRS -999.9 0.0 0.0
-29.057501 -51.396099 DCRS-00008 2026-07-09_07:31 7.2 -999.9 -999.9 91.7 -999.9 -999.9 5.9 -999.9 -999.9 999.2 -999.9 -999.9 3.6 -999.9 4.6 7.0 0.0 0.0 0.0 0.0 0.2 0.2 8.5 7.2 94.1 91.0 12.2 DCRS_-_Nova_Roma_-_Farroupilha_(180_m) -999.9 -999.9 999.2 998.4 999.2 7.6 5.9 7.0 Rio_Grande_do_Sul DCRS -999.9 0.0 0.0
-29.057501 -51.396099 DCRS-00008 2026-07-09_07:32 7.2 -999.9 -999.9 91.7 -999.9 -999.9 5.9 -999.9 -999.9 999.2 -999.9 -999.9 2.0 -999.9 4.6 7.0 0.0 0.0 0.0 0.0 0.2 0.2 8.5 7.2 94.1 91.0 12.2 DCRS_-_Nova_Roma_-_Farroupilha_(180_m) -999.9 -999.9 999.2 998.4 999.2 7.6 5.9 7.0 Rio_Grande_do_Sul DCRS -999.9 0.0 0.0
-29.057501 -51.396099 DCRS-00008 2026-07-09_07:33 7.2 -999.9 -999.9 91.6 -999.9 -999.9 5.9 -999.9 -999.9 999.2 -999.9 -999.9 2.5 -999.9 4.6 7.0 0.0 0.0 0.0 0.0 0.2 0.2 8.5 7.2 94.1 91.0 12.2 DCRS_-_Nova_Roma_-_Farroupilha_(180_m) -999.9 -999.9 999.2 998.4 999.2 7.6 5.9 7.0 Rio_Grande_do_Sul DCRS -999.9 0.0 0.0
-29.057501 -51.396099 DCRS-00008 2026-07-09_07:34 7.2 -999.9 -999.9 91.6 -999.9 -999.9 5.9 -999.9 -999.9 999.2 -999.9 -999.9 4.3 -999.9 4.6 8.0 0.0 0.0 0.0 0.0 0.2 0.2 8.5 7.2 94.1 91.0 12.2 DCRS_-_Nova_Roma_-_Farroupilha_(180_m) -999.9 -999.9 999.2 998.4 999.2 7.6 5.9 8.0 Rio_Grande_do_Sul DCRS -999.9 0.0 0.0
-29.057501 -51.396099 DCRS-00008 2026-07-09_07:35 7.2 -999.9 -999.9 91.6 -999.9 -999.9 5.9 -999.9 -999.9 999.3 -999.9 -999.9 0.0 -999.9 4.4 8.0 0.0 0.0 0.0 0.0 0.2 0.2 8.5 7.2 94.1 91.0 12.2 DCRS_-_Nova_Roma_-_Farroupilha_(180_m) -999.9 -999.9 999.3 998.4 999.3 7.6 5.9 8.0 Rio_Grande_do_Sul DCRS -999.9 0.0 0.0
-29.057501 -51.396099 DCRS-00008 2026-07-09_07:36 7.2 -999.9 -999.9 91.6 -999.9 -999.9 5.9 -999.9 -999.9 999.3 -999.9 -999.9 2.0 -999.9 4.4 9.0 0.0 0.0 0.0 0.0 0.2 0.2 8.5 7.2 94.1 91.0 12.2 DCRS_-_Nova_Roma_-_Farroupilha_(180_m) -999.9 -999.9 999.3 998.4 999.3 7.6 5.9 9.0 Rio_Grande_do_Sul DCRS -999.9 0.0 0.0
-29.057501 -51.396099 DCRS-00008 2026-07-09_07:37 7.2 -999.9 -999.9 91.6 -999.9 -999.9 5.9 -999.9 -999.9 999.3 -999.9 -999.9 2.9 -999.9 4.4 9.0 0.0 0.0 0.0 0.0 0.2 0.2 8.5 7.2 94.1 91.0 12.2 DCRS_-_Nova_Roma_-_Farroupilha_(180_m) -999.9 -999.9 999.3 998.4 999.3 7.6 5.9 9.0 Rio_Grande_do_Sul DCRS -999.9 0.0 0.0
-29.057501 -51.396099 DCRS-00008 2026-07-09_07:38 7.2 -999.9 -999.9 91.6 -999.9 -999.9 5.9 -999.9 -999.9 999.3 -999.9 -999.9 0.0 -999.9 4.4 10.0 0.0 0.0 0.0 0.0 0.2 0.2 8.5 7.2 94.1 91.0 12.2 DCRS_-_Nova_Roma_-_Farroupilha_(180_m) -999.9 -999.9 999.3 998.4 999.3 7.6 5.9 10.0 Rio_Grande_do_Sul DCRS -999.9 0.0 0.0
-29.057501 -51.396099 DCRS-00008 2026-07-09_07:39 7.2 -999.9 -999.9 91.6 -999.9 -999.9 5.9 -999.9 -999.9 999.4 -999.9 -999.9 0.0 -999.9 4.4 11.0 0.0 0.0 0.0 0.0 0.2 0.2 8.5 7.2 94.1 91.0 12.2 DCRS_-_Nova_Roma_-_Farroupilha_(180_m) -999.9 -999.9 999.4 998.4 999.4 7.6 5.9 11.0 Rio_Grande_do_Sul DCRS -999.9 0.0 0.0
-29.057501 -51.396099 DCRS-00008 2026-07-09_07:40 7.2 -999.9 -999.9 91.5 -999.9 -999.9 5.9 -999.9 -999.9 999.3 -999.9 -999.9 0.0 -999.9 3.9 12.0 0.0 0.0 0.0 0.0 0.2 0.2 8.5 7.2 94.1 91.0 12.2 DCRS_-_Nova_Roma_-_Farroupilha_(180_m) -999.9 -999.9 999.4 998.4 999.3 7.6 5.9 12.0 Rio_Grande_do_Sul DCRS -999.9 0.0 0.0
-29.057501 -51.396099 DCRS-00008 2026-07-09_07:41 7.2 -999.9 -999.9 91.6 -999.9 -999.9 5.9 -999.9 -999.9 999.3 -999.9 -999.9 2.5 -999.9 3.9 12.0 0.0 0.0 0.0 0.0 0.2 0.2 8.5 7.2 94.1 91.0 12.2 DCRS_-_Nova_Roma_-_Farroupilha_(180_m) -999.9 -999.9 999.4 998.4 999.3 7.6 5.9 12.0 Rio_Grande_do_Sul DCRS -999.9 0.0 0.0
-29.057501 -51.396099 DCRS-00008 2026-07-09_07:42 7.2 -999.9 -999.9 91.5 -999.9 -999.9 5.9 -999.9 -999.9 999.3 -999.9 -999.9 0.0 -999.9 3.9 13.0 0.0 0.0 0.0 0.0 0.2 0.2 8.5 7.2 94.1 91.0 12.2 DCRS_-_Nova_Roma_-_Farroupilha_(180_m) -999.9 -999.9 999.4 998.4 999.3 7.6 5.9 13.0 Rio_Grande_do_Sul DCRS -999.9 0.0 0.0
-29.057501 -51.396099 DCRS-00008 2026-07-09_07:43 7.2 -999.9 -999.9 91.5 -999.9 -999.9 5.9 -999.9 -999.9 999.3 -999.9 -999.9 0.0 -999.9 3.9 13.0 0.0 0.0 0.0 0.0 0.2 0.2 8.5 7.2 94.1 91.0 12.2 DCRS_-_Nova_Roma_-_Farroupilha_(180_m) -999.9 -999.9 999.4 998.4 999.3 7.6 5.9 13.0 Rio_Grande_do_Sul DCRS -999.9 0.0 0.0
-29.057501 -51.396099 DCRS-00008 2026-07-09_07:44 7.3 -999.9 -999.9 91.6 -999.9 -999.9 6.0 -999.9 -999.9 999.3 -999.9 -999.9 0.0 -999.9 3.9 14.0 0.0 0.0 0.0 0.0 0.2 0.2 8.5 7.2 94.1 91.0 12.2 DCRS_-_Nova_Roma_-_Farroupilha_(180_m) -999.9 -999.9 999.4 998.4 999.3 7.6 5.9 14.0 Rio_Grande_do_Sul DCRS -999.9 0.0 0.0
-29.057501 -51.396099 DCRS-00008 2026-07-09_07:45 7.3 -999.9 -999.9 91.5 -999.9 -999.9 6.0 -999.9 -999.9 999.3 -999.9 -999.9 1.9 -999.9 3.5 15.0 0.0 0.0 0.0 0.0 0.2 0.2 8.5 7.2 94.1 91.0 12.2 DCRS_-_Nova_Roma_-_Farroupilha_(180_m) -999.9 -999.9 999.4 998.4 999.3 7.6 5.9 15.0 Rio_Grande_do_Sul DCRS -999.9 0.0 0.0
-29.057501 -51.396099 DCRS-00008 2026-07-09_07:46 7.2 -999.9 -999.9 91.4 -999.9 -999.9 5.9 -999.9 -999.9 999.3 -999.9 -999.9 3.0 -999.9 3.5 17.0 0.0 0.0 0.0 0.0 0.2 0.2 8.5 7.2 94.1 91.0 12.2 DCRS_-_Nova_Roma_-_Farroupilha_(180_m) -999.9 -999.9 999.4 998.4 999.3 7.6 5.9 17.0 Rio_Grande_do_Sul DCRS -999.9 0.0 0.0
-29.057501 -51.396099 DCRS-00008 2026-07-09_07:47 7.2 -999.9 -999.9 91.4 -999.9 -999.9 5.9 -999.9 -999.9 999.3 -999.9 -999.9 0.0 -999.9 3.5 18.0 0.0 0.0 0.0 0.0 0.2 0.2 8.5 7.2 94.1 91.0 12.2 DCRS_-_Nova_Roma_-_Farroupilha_(180_m) -999.9 -999.9 999.4 998.4 999.3 7.6 5.9 18.0 Rio_Grande_do_Sul DCRS -999.9 0.0 0.0
-29.057501 -51.396099 DCRS-00008 2026-07-09_07:48 7.3 -999.9 -999.9 91.3 -999.9 -999.9 6.0 -999.9 -999.9 999.3 -999.9 -999.9 -999.9 -999.9 3.5 20.0 0.0 0.0 0.0 0.0 0.2 0.2 8.5 7.2 94.1 91.0 12.2 DCRS_-_Nova_Roma_-_Farroupilha_(180_m) -999.9 -999.9 999.4 998.4 999.3 7.6 5.9 20.0 Rio_Grande_do_Sul DCRS -999.9 0.0 0.0
-29.057501 -51.396099 DCRS-00008 2026-07-09_07:49 7.2 -999.9 -999.9 91.2 -999.9 -999.9 5.8 -999.9 -999.9 999.4 -999.9 -999.9 2.2 -999.9 3.5 19.0 0.0 0.0 0.0 0.0 0.2 0.2 8.5 7.2 94.1 91.0 12.2 DCRS_-_Nova_Roma_-_Farroupilha_(180_m) -999.9 -999.9 999.4 998.4 999.4 7.6 5.8 20.0 Rio_Grande_do_Sul DCRS -999.9 0.0 0.0
-29.057501 -51.396099 DCRS-00008 2026-07-09_07:50 7.2 -999.9 -999.9 91.1 -999.9 -999.9 5.8 -999.9 -999.9 999.4 -999.9 -999.9 0.0 -999.9 7.0 17.0 0.0 0.0 0.0 0.0 0.2 0.2 8.5 7.2 94.1 91.0 12.2 DCRS_-_Nova_Roma_-_Farroupilha_(180_m) -999.9 -999.9 999.4 998.4 999.4 7.6 5.8 20.0 Rio_Grande_do_Sul DCRS -999.9 0.0 0.0
-29.057501 -51.396099 DCRS-00008 2026-07-09_07:51 7.2 -999.9 -999.9 91.2 -999.9 -999.9 5.8 -999.9 -999.9 999.5 -999.9 -999.9 0.0 -999.9 7.0 16.0 0.0 0.0 0.0 0.0 0.2 0.2 8.5 7.2 94.1 91.0 12.2 DCRS_-_Nova_Roma_-_Farroupilha_(180_m) -999.9 -999.9 999.5 998.4 999.5 7.6 5.8 20.0 Rio_Grande_do_Sul DCRS -999.9 0.0 0.0
-29.057501 -51.396099 DCRS-00008 2026-07-09_07:52 7.2 -999.9 -999.9 91.3 -999.9 -999.9 5.9 -999.9 -999.9 999.5 -999.9 -999.9 3.2 -999.9 7.0 16.0 0.0 0.0 0.0 0.0 0.2 0.2 8.5 7.2 94.1 91.0 12.2 DCRS_-_Nova_Roma_-_Farroupilha_(180_m) -999.9 -999.9 999.5 998.4 999.5 7.6 5.8 20.0 Rio_Grande_do_Sul DCRS -999.9 0.0 0.0
-29.057501 -51.396099 DCRS-00008 2026-07-09_07:53 7.3 -999.9 -999.9 91.2 -999.9 -999.9 5.9 -999.9 -999.9 999.5 -999.9 -999.9 3.9 -999.9 7.0 17.0 0.0 0.0 0.0 0.0 0.2 0.2 8.5 7.2 94.1 91.0 12.2 DCRS_-_Nova_Roma_-_Farroupilha_(180_m) -999.9 -999.9 999.5 998.4 999.5 7.6 5.8 20.0 Rio_Grande_do_Sul DCRS -999.9 0.0 0.0
-29.057501 -51.396099 DCRS-00008 2026-07-09_07:54 7.2 -999.9 -999.9 91.1 -999.9 -999.9 5.8 -999.9 -999.9 999.5 -999.9 -999.9 0.0 -999.9 7.0 17.0 0.0 0.0 0.0 0.0 0.2 0.2 8.5 7.2 94.1 91.0 12.2 DCRS_-_Nova_Roma_-_Farroupilha_(180_m) -999.9 -999.9 999.5 998.4 999.5 7.6 5.8 20.0 Rio_Grande_do_Sul DCRS -999.9 0.0 0.0
-29.057501 -51.396099 DCRS-00008 2026-07-09_07:55 7.3 -999.9 -999.9 91.0 -999.9 -999.9 5.9 -999.9 -999.9 999.5 -999.9 -999.9 0.0 -999.9 4.1 17.0 0.0 0.0 0.0 0.0 0.2 0.2 8.5 7.2 94.1 91.0 12.2 DCRS_-_Nova_Roma_-_Farroupilha_(180_m) -999.9 -999.9 999.5 998.4 999.5 7.6 5.8 20.0 Rio_Grande_do_Sul DCRS -999.9 0.0 0.0
-29.057501 -51.396099 DCRS-00008 2026-07-09_07:56 7.2 -999.9 -999.9 91.0 -999.9 -999.9 5.8 -999.9 -999.9 999.5 -999.9 -999.9 2.5 -999.9 4.1 20.0 0.0 0.0 0.0 0.0 0.2 0.2 8.5 7.2 94.1 91.0 12.2 DCRS_-_Nova_Roma_-_Farroupilha_(180_m) -999.9 -999.9 999.5 998.4 999.5 7.6 5.8 20.0 Rio_Grande_do_Sul DCRS -999.9 0.0 0.0
-29.057501 -51.396099 DCRS-00008 2026-07-09_07:57 7.2 -999.9 -999.9 91.0 -999.9 -999.9 5.8 -999.9 -999.9 999.5 -999.9 -999.9 3.6 -999.9 4.1 22.0 0.0 0.0 0.0 0.0 0.2 0.2 8.5 7.2 94.1 91.0 12.2 DCRS_-_Nova_Roma_-_Farroupilha_(180_m) -999.9 -999.9 999.5 998.4 999.5 7.6 5.8 22.0 Rio_Grande_do_Sul DCRS -999.9 0.0 0.0
-29.057501 -51.396099 DCRS-00008 2026-07-09_07:58 7.3 -999.9 -999.9 91.0 -999.9 -999.9 5.9 -999.9 -999.9 999.5 -999.9 -999.9 0.0 -999.9 4.1 27.0 0.0 0.0 0.0 0.0 0.2 0.2 8.5 7.2 94.1 91.0 12.2 DCRS_-_Nova_Roma_-_Farroupilha_(180_m) -999.9 -999.9 999.5 998.4 999.5 7.6 5.8 27.0 Rio_Grande_do_Sul DCRS -999.9 0.0 0.0
-29.057501 -51.396099 DCRS-00008 2026-07-09_07:59 7.3 -999.9 -999.9 90.9 -999.9 -999.9 5.9 -999.9 -999.9 999.5 -999.9 -999.9 0.0 -999.9 4.1 28.0 0.0 0.0 0.0 0.0 0.2 0.2 8.5 7.2 94.1 90.9 12.2 DCRS_-_Nova_Roma_-_Farroupilha_(180_m) -999.9 -999.9 999.5 998.4 999.5 7.6 5.8 28.0 Rio_Grande_do_Sul DCRS -999.9 0.0 0.0
-29.057501 -51.396099 DCRS-00008 2026-07-09_08:00 7.3 -999.9 -999.9 91.0 -999.9 -999.9 5.9 -999.9 -999.9 999.5 -999.9 -999.9 0.0 -999.9 3.6 30.0 0.0 0.0 0.0 0.0 0.2 0.2 8.5 7.2 94.1 90.9 12.2 DCRS_-_Nova_Roma_-_Farroupilha_(180_m) -999.9 -999.9 999.5 998.4 999.5 7.6 5.8 30.0 Rio_Grande_do_Sul DCRS -999.9 0.0 0.0
-29.057501 -51.396099 DCRS-00008 2026-07-09_08:01 7.3 -999.9 -999.9 90.9 -999.9 -999.9 5.9 -999.9 -999.9 999.5 -999.9 -999.9 0.0 -999.9 3.6 31.0 0.0 0.0 0.0 0.0 0.2 0.2 8.5 7.2 94.1 90.9 12.2 DCRS_-_Nova_Roma_-_Farroupilha_(180_m) -999.9 -999.9 999.5 998.4 999.5 7.6 5.8 31.0 Rio_Grande_do_Sul DCRS -999.9 0.0 0.0
-29.057501 -51.396099 DCRS-00008 2026-07-09_08:02 7.3 -999.9 -999.9 90.9 -999.9 -999.9 5.9 -999.9 -999.9 999.5 -999.9 -999.9 0.0 -999.9 3.6 30.0 0.0 0.0 0.0 0.0 0.2 0.2 8.5 7.2 94.1 90.9 12.2 DCRS_-_Nova_Roma_-_Farroupilha_(180_m) -999.9 -999.9 999.5 998.4 999.5 7.6 5.8 31.0 Rio_Grande_do_Sul DCRS -999.9 0.0 0.0
-29.057501 -51.396099 DCRS-00008 2026-07-09_08:03 7.3 -999.9 -999.9 91.0 -999.9 -999.9 5.9 -999.9 -999.9 999.5 -999.9 -999.9 0.0 -999.9 3.6 29.0 0.0 0.0 0.0 0.0 0.2 0.2 8.5 7.2 94.1 90.9 12.2 DCRS_-_Nova_Roma_-_Farroupilha_(180_m) -999.9 -999.9 999.5 998.4 999.5 7.6 5.8 31.0 Rio_Grande_do_Sul DCRS -999.9 0.0 0.0
-29.057501 -51.396099 DCRS-00008 2026-07-09_08:04 7.3 -999.9 -999.9 91.1 -999.9 -999.9 5.9 -999.9 -999.9 999.6 -999.9 -999.9 0.0 -999.9 3.6 26.0 0.0 0.0 0.0 0.0 0.2 0.2 8.5 7.2 94.1 90.9 12.2 DCRS_-_Nova_Roma_-_Farroupilha_(180_m) -999.9 -999.9 999.6 998.4 999.6 7.6 5.8 31.0 Rio_Grande_do_Sul DCRS -999.9 0.0 0.0
-29.057501 -51.396099 DCRS-00008 2026-07-09_08:05 7.3 -999.9 -999.9 91.1 -999.9 -999.9 5.9 -999.9 -999.9 999.6 -999.9 -999.9 1.8 -999.9 3.1 26.0 0.0 0.0 0.0 0.0 0.2 0.2 8.5 7.2 94.1 90.9 12.2 DCRS_-_Nova_Roma_-_Farroupilha_(180_m) -999.9 -999.9 999.6 998.4 999.6 7.6 5.8 31.0 Rio_Grande_do_Sul DCRS -999.9 0.0 0.0
-29.057501 -51.396099 DCRS-00008 2026-07-09_08:06 7.3 -999.9 -999.9 91.0 -999.9 -999.9 5.9 -999.9 -999.9 999.6 -999.9 -999.9 0.0 -999.9 3.1 28.0 0.0 0.0 0.0 0.0 0.2 0.2 8.5 7.2 94.1 90.9 12.2 DCRS_-_Nova_Roma_-_Farroupilha_(180_m) -999.9 -999.9 999.6 998.4 999.6 7.6 5.8 31.0 Rio_Grande_do_Sul DCRS -999.9 0.0 0.0
-29.057501 -51.396099 DCRS-00008 2026-07-09_08:07 7.4 -999.9 -999.9 91.0 -999.9 -999.9 6.0 -999.9 -999.9 999.6 -999.9 -999.9 0.0 -999.9 3.1 27.0 0.0 0.0 0.0 0.0 0.2 0.2 8.5 7.2 94.1 90.9 12.2 DCRS_-_Nova_Roma_-_Farroupilha_(180_m) -999.9 -999.9 999.6 998.4 999.6 7.6 5.8 31.0 Rio_Grande_do_Sul DCRS -999.9 0.0 0.0
-29.057501 -51.396099 DCRS-00008 2026-07-09_08:08 7.4 -999.9 -999.9 90.9 -999.9 -999.9 6.0 -999.9 -999.9 999.6 -999.9 -999.9 0.0 -999.9 3.1 34.0 0.0 0.0 0.0 0.0 0.2 0.2 8.5 7.2 94.1 90.9 12.2 DCRS_-_Nova_Roma_-_Farroupilha_(180_m) -999.9 -999.9 999.6 998.4 999.6 7.6 5.8 34.0 Rio_Grande_do_Sul DCRS -999.9 0.0 0.0
-29.057501 -51.396099 DCRS-00008 2026-07-09_08:09 7.3 -999.9 -999.9 90.9 -999.9 -999.9 5.9 -999.9 -999.9 999.7 -999.9 -999.9 0.0 -999.9 3.1 34.0 0.0 0.0 0.0 0.0 0.2 0.2 8.5 7.2 94.1 90.9 12.2 DCRS_-_Nova_Roma_-_Farroupilha_(180_m) -999.9 -999.9 999.7 998.4 999.7 7.6 5.8 34.0 Rio_Grande_do_Sul DCRS -999.9 0.0 0.0
-29.057501 -51.396099 DCRS-00008 2026-07-09_08:10 7.4 -999.9 -999.9 90.8 -999.9 -999.9 6.0 -999.9 -999.9 999.6 -999.9 -999.9 0.0 -999.9 2.2 31.0 0.0 0.0 0.0 0.0 0.2 0.2 8.5 7.2 94.1 90.8 12.2 DCRS_-_Nova_Roma_-_Farroupilha_(180_m) -999.9 -999.9 999.7 998.4 999.6 7.6 5.8 34.0 Rio_Grande_do_Sul DCRS -999.9 0.0 0.0
-29.057501 -51.396099 DCRS-00008 2026-07-09_08:11 7.4 -999.9 -999.9 90.7 -999.9 -999.9 6.0 -999.9 -999.9 999.6 -999.9 -999.9 0.0 -999.9 2.2 33.0 0.0 0.0 0.0 0.0 0.2 0.2 8.5 7.2 94.1 90.7 12.2 DCRS_-_Nova_Roma_-_Farroupilha_(180_m) -999.9 -999.9 999.7 998.4 999.6 7.6 5.8 34.0 Rio_Grande_do_Sul DCRS -999.9 0.0 0.0
-29.057501 -51.396099 DCRS-00008 2026-07-09_08:12 7.3 -999.9 -999.9 90.9 -999.9 -999.9 5.9 -999.9 -999.9 999.6 -999.9 -999.9 0.0 -999.9 2.2 31.0 0.0 0.0 0.0 0.0 0.2 0.2 8.5 7.2 94.1 90.7 12.2 DCRS_-_Nova_Roma_-_Farroupilha_(180_m) -999.9 -999.9 999.7 998.4 999.6 7.6 5.8 34.0 Rio_Grande_do_Sul DCRS -999.9 0.0 0.0
-29.057501 -51.396099 DCRS-00008 2026-07-09_08:13 7.4 -999.9 -999.9 90.8 -999.9 -999.9 6.0 -999.9 -999.9 999.6 -999.9 -999.9 2.1 -999.9 2.2 32.0 0.0 0.0 0.0 0.0 0.2 0.2 8.5 7.2 94.1 90.7 12.2 DCRS_-_Nova_Roma_-_Farroupilha_(180_m) -999.9 -999.9 999.7 998.4 999.6 7.6 5.8 34.0 Rio_Grande_do_Sul DCRS -999.9 0.0 0.0
-29.057501 -51.396099 DCRS-00008 2026-07-09_08:14 7.3 -999.9 -999.9 90.6 -999.9 -999.9 5.8 -999.9 -999.9 999.6 -999.9 -999.9 0.0 -999.9 2.2 29.0 0.0 0.0 0.0 0.0 0.2 0.2 8.5 7.2 94.1 90.6 12.2 DCRS_-_Nova_Roma_-_Farroupilha_(180_m) -999.9 -999.9 999.7 998.4 999.6 7.6 5.8 34.0 Rio_Grande_do_Sul DCRS -999.9 0.0 0.0
-29.057501 -51.396099 DCRS-00008 2026-07-09_08:15 7.4 -999.9 -999.9 90.5 -999.9 -999.9 5.9 -999.9 -999.9 999.6 -999.9 -999.9 0.0 -999.9 2.5 28.0 0.0 0.0 0.0 0.0 0.2 0.2 8.5 7.2 94.1 90.5 12.2 DCRS_-_Nova_Roma_-_Farroupilha_(180_m) -999.9 -999.9 999.7 998.4 999.6 7.6 5.8 34.0 Rio_Grande_do_Sul DCRS -999.9 0.0 0.0
-29.057501 -51.396099 DCRS-00008 2026-07-09_08:16 7.4 -999.9 -999.9 90.5 -999.9 -999.9 5.9 -999.9 -999.9 999.6 -999.9 -999.9 0.0 -999.9 2.5 24.0 0.0 0.0 0.0 0.0 0.2 0.2 8.5 7.2 94.1 90.5 12.2 DCRS_-_Nova_Roma_-_Farroupilha_(180_m) -999.9 -999.9 999.7 998.4 999.6 7.6 5.8 34.0 Rio_Grande_do_Sul DCRS -999.9 0.0 0.0
-29.057501 -51.396099 DCRS-00008 2026-07-09_08:17 7.4 -999.9 -999.9 90.5 -999.9 -999.9 5.9 -999.9 -999.9 999.6 -999.9 -999.9 1.9 -999.9 2.5 27.0 0.0 0.0 0.0 0.0 0.2 0.2 8.5 7.2 94.1 90.5 12.2 DCRS_-_Nova_Roma_-_Farroupilha_(180_m) -999.9 -999.9 999.7 998.4 999.6 7.6 5.8 34.0 Rio_Grande_do_Sul DCRS -999.9 0.0 0.0
-29.057501 -51.396099 DCRS-00008 2026-07-09_08:18 7.5 -999.9 -999.9 90.8 -999.9 -999.9 6.1 -999.9 -999.9 999.6 -999.9 -999.9 0.0 -999.9 2.5 31.0 0.0 0.0 0.0 0.0 0.2 0.2 8.5 7.2 94.1 90.5 12.2 DCRS_-_Nova_Roma_-_Farroupilha_(180_m) -999.9 -999.9 999.7 998.4 999.6 7.6 5.8 34.0 Rio_Grande_do_Sul DCRS -999.9 0.0 0.0
-29.057501 -51.396099 DCRS-00008 2026-07-09_08:19 7.5 -999.9 -999.9 90.7 -999.9 -999.9 6.1 -999.9 -999.9 999.6 -999.9 -999.9 0.0 -999.9 2.5 34.0 0.0 0.0 0.0 0.0 0.2 0.2 8.5 7.2 94.1 90.5 12.2 DCRS_-_Nova_Roma_-_Farroupilha_(180_m) -999.9 -999.9 999.7 998.4 999.6 7.6 5.8 34.0 Rio_Grande_do_Sul DCRS -999.9 0.0 0.0
-29.057501 -51.396099 DCRS-00008 2026-07-09_08:20 7.4 -999.9 -999.9 90.7 -999.9 -999.9 6.0 -999.9 -999.9 999.6 -999.9 -999.9 0.0 -999.9 3.2 36.0 0.0 0.0 0.0 0.0 0.2 0.2 8.5 7.2 94.1 90.5 12.2 DCRS_-_Nova_Roma_-_Farroupilha_(180_m) -999.9 -999.9 999.7 998.4 999.6 7.6 5.8 36.0 Rio_Grande_do_Sul DCRS -999.9 0.0 0.0
-29.057501 -51.396099 DCRS-00008 2026-07-09_08:21 7.4 -999.9 -999.9 90.6 -999.9 -999.9 5.9 -999.9 -999.9 999.6 -999.9 -999.9 0.0 -999.9 3.2 36.0 0.0 0.0 0.0 0.0 0.2 0.2 8.5 7.2 94.1 90.5 12.2 DCRS_-_Nova_Roma_-_Farroupilha_(180_m) -999.9 -999.9 999.7 998.4 999.6 7.6 5.8 36.0 Rio_Grande_do_Sul DCRS -999.9 0.0 0.0
-29.057501 -51.396099 DCRS-00008 2026-07-09_08:22 7.5 -999.9 -999.9 90.5 -999.9 -999.9 6.0 -999.9 -999.9 999.6 -999.9 -999.9 0.0 -999.9 3.2 29.0 0.0 0.0 0.0 0.0 0.2 0.2 8.5 7.2 94.1 90.5 12.2 DCRS_-_Nova_Roma_-_Farroupilha_(180_m) -999.9 -999.9 999.7 998.4 999.6 7.6 5.8 36.0 Rio_Grande_do_Sul DCRS -999.9 0.0 0.0
-29.057501 -51.396099 DCRS-00008 2026-07-09_08:23 7.4 -999.9 -999.9 90.6 -999.9 -999.9 5.9 -999.9 -999.9 999.7 -999.9 -999.9 2.2 -999.9 3.2 33.0 0.0 0.0 0.0 0.0 0.2 0.2 8.5 7.2 94.1 90.5 12.2 DCRS_-_Nova_Roma_-_Farroupilha_(180_m) -999.9 -999.9 999.7 998.4 999.7 7.6 5.8 36.0 Rio_Grande_do_Sul DCRS -999.9 0.0 0.0
-29.057501 -51.396099 DCRS-00008 2026-07-09_08:24 7.4 -999.9 -999.9 90.5 -999.9 -999.9 5.9 -999.9 -999.9 999.7 -999.9 -999.9 3.1 -999.9 3.2 39.0 0.0 0.0 0.0 0.0 0.2 0.2 8.5 7.2 94.1 90.5 12.2 DCRS_-_Nova_Roma_-_Farroupilha_(180_m) -999.9 -999.9 999.7 998.4 999.7 7.6 5.8 39.0 Rio_Grande_do_Sul DCRS -999.9 0.0 0.0
-29.057501 -51.396099 DCRS-00008 2026-07-09_08:25 7.4 -999.9 -999.9 90.5 -999.9 -999.9 5.9 -999.9 -999.9 999.7 -999.9 -999.9 0.0 -999.9 6.8 44.0 0.0 0.0 0.0 0.0 0.2 0.2 8.5 7.2 94.1 90.5 12.2 DCRS_-_Nova_Roma_-_Farroupilha_(180_m) -999.9 -999.9 999.7 998.4 999.7 7.6 5.8 44.0 Rio_Grande_do_Sul DCRS -999.9 0.0 0.0
-29.057501 -51.396099 DCRS-00008 2026-07-09_08:26 7.4 -999.9 -999.9 90.5 -999.9 -999.9 5.9 -999.9 -999.9 999.7 -999.9 -999.9 0.0 -999.9 6.8 47.0 0.0 0.0 0.0 0.0 0.2 0.2 8.5 7.2 94.1 90.5 12.2 DCRS_-_Nova_Roma_-_Farroupilha_(180_m) -999.9 -999.9 999.7 998.4 999.7 7.6 5.8 47.0 Rio_Grande_do_Sul DCRS -999.9 0.0 0.0
-29.057501 -51.396099 DCRS-00008 2026-07-09_08:27 7.5 -999.9 -999.9 90.6 -999.9 -999.9 6.0 -999.9 -999.9 999.7 -999.9 -999.9 0.0 -999.9 6.8 47.0 0.0 0.0 0.0 0.0 0.2 0.2 8.5 7.2 94.1 90.5 12.2 DCRS_-_Nova_Roma_-_Farroupilha_(180_m) -999.9 -999.9 999.7 998.4 999.7 7.6 5.8 47.0 Rio_Grande_do_Sul DCRS -999.9 0.0 0.0
-29.057501 -51.396099 DCRS-00008 2026-07-09_08:28 7.5 -999.9 -999.9 90.6 -999.9 -999.9 6.0 -999.9 -999.9 999.7 -999.9 -999.9 0.0 -999.9 6.8 47.0 0.0 0.0 0.0 0.0 0.2 0.2 8.5 7.2 94.1 90.5 12.2 DCRS_-_Nova_Roma_-_Farroupilha_(180_m) -999.9 -999.9 999.7 998.4 999.7 7.6 5.8 47.0 Rio_Grande_do_Sul DCRS -999.9 0.0 0.0
-29.057501 -51.396099 DCRS-00008 2026-07-09_08:29 7.5 -999.9 -999.9 90.8 -999.9 -999.9 6.1 -999.9 -999.9 999.7 -999.9 -999.9 0.0 -999.9 6.8 42.0 0.0 0.0 0.0 0.0 0.2 0.2 8.5 7.2 94.1 90.5 12.2 DCRS_-_Nova_Roma_-_Farroupilha_(180_m) -999.9 -999.9 999.7 998.4 999.7 7.6 5.8 47.0 Rio_Grande_do_Sul DCRS -999.9 0.0 0.0
-29.057501 -51.396099 DCRS-00008 2026-07-09_08:30 7.5 -999.9 -999.9 90.7 -999.9 -999.9 6.1 -999.9 -999.9 999.8 -999.9 -999.9 0.0 -999.9 2.6 40.0 0.0 0.0 0.0 0.0 0.2 0.2 8.5 7.2 94.1 90.5 12.2 DCRS_-_Nova_Roma_-_Farroupilha_(180_m) -999.9 -999.9 999.8 998.4 999.8 7.6 5.8 47.0 Rio_Grande_do_Sul DCRS -999.9 0.0 0.0
-29.057501 -51.396099 DCRS-00008 2026-07-09_08:31 7.5 -999.9 -999.9 90.5 -999.9 -999.9 6.0 -999.9 -999.9 999.8 -999.9 -999.9 0.0 -999.9 2.6 41.0 0.0 0.0 0.0 0.0 0.2 0.2 8.5 7.2 94.1 90.5 12.2 DCRS_-_Nova_Roma_-_Farroupilha_(180_m) -999.9 -999.9 999.8 998.4 999.8 7.6 5.8 47.0 Rio_Grande_do_Sul DCRS -999.9 0.0 0.0
-29.057501 -51.396099 DCRS-00008 2026-07-09_08:32 7.5 -999.9 -999.9 90.6 -999.9 -999.9 6.0 -999.9 -999.9 999.8 -999.9 -999.9 0.0 -999.9 2.6 41.0 0.0 0.0 0.0 0.0 0.2 0.2 8.5 7.2 94.1 90.5 12.2 DCRS_-_Nova_Roma_-_Farroupilha_(180_m) -999.9 -999.9 999.8 998.4 999.8 7.6 5.8 47.0 Rio_Grande_do_Sul DCRS -999.9 0.0 0.0
-29.057501 -51.396099 DCRS-00008 2026-07-09_08:33 7.6 -999.9 -999.9 90.5 -999.9 -999.9 6.1 -999.9 -999.9 999.8 -999.9 -999.9 0.0 -999.9 2.6 42.0 0.0 0.0 0.0 0.0 0.2 0.2 8.5 7.2 94.1 90.5 12.2 DCRS_-_Nova_Roma_-_Farroupilha_(180_m) -999.9 -999.9 999.8 998.4 999.8 7.6 5.8 47.0 Rio_Grande_do_Sul DCRS -999.9 0.0 0.0
-29.057501 -51.396099 DCRS-00008 2026-07-09_08:34 7.6 -999.9 -999.9 90.3 -999.9 -999.9 6.1 -999.9 -999.9 999.8 -999.9 -999.9 0.0 -999.9 2.6 43.0 0.0 0.0 0.0 0.0 0.2 0.2 8.5 7.2 94.1 90.3 12.2 DCRS_-_Nova_Roma_-_Farroupilha_(180_m) -999.9 -999.9 999.8 998.4 999.8 7.6 5.8 47.0 Rio_Grande_do_Sul DCRS -999.9 0.0 0.0
-29.057501 -51.396099 DCRS-00008 2026-07-09_08:35 7.5 -999.9 -999.9 90.2 -999.9 -999.9 6.0 -999.9 -999.9 999.8 -999.9 -999.9 0.0 -999.9 0.0 37.0 0.0 0.0 0.0 0.0 0.2 0.2 8.5 7.2 94.1 90.2 12.2 DCRS_-_Nova_Roma_-_Farroupilha_(180_m) -999.9 -999.9 999.8 998.4 999.8 7.6 5.8 47.0 Rio_Grande_do_Sul DCRS -999.9 0.0 0.0
-29.057501 -51.396099 DCRS-00008 2026-07-09_08:36 7.5 -999.9 -999.9 90.3 -999.9 -999.9 6.0 -999.9 -999.9 999.8 -999.9 -999.9 0.0 -999.9 0.0 31.0 0.0 0.0 0.0 0.0 0.2 0.2 8.5 7.2 94.1 90.2 12.2 DCRS_-_Nova_Roma_-_Farroupilha_(180_m) -999.9 -999.9 999.8 998.4 999.8 7.6 5.8 47.0 Rio_Grande_do_Sul DCRS -999.9 0.0 0.0
-29.057501 -51.396099 DCRS-00008 2026-07-09_08:37 7.5 -999.9 -999.9 90.2 -999.9 -999.9 6.0 -999.9 -999.9 999.8 -999.9 -999.9 -999.9 -999.9 0.0 29.0 0.0 0.0 0.0 0.0 0.2 0.2 8.5 7.2 94.1 90.2 12.2 DCRS_-_Nova_Roma_-_Farroupilha_(180_m) -999.9 -999.9 999.8 998.4 999.8 7.6 5.8 47.0 Rio_Grande_do_Sul DCRS -999.9 0.0 0.0
-29.057501 -51.396099 DCRS-00008 2026-07-09_08:38 7.6 -999.9 -999.9 90.3 -999.9 -999.9 6.1 -999.9 -999.9 999.7 -999.9 -999.9 -999.9 -999.9 0.0 30.0 0.0 0.0 0.0 0.0 0.2 0.2 8.5 7.2 94.1 90.2 12.2 DCRS_-_Nova_Roma_-_Farroupilha_(180_m) -999.9 -999.9 999.8 998.4 999.7 7.6 5.8 47.0 Rio_Grande_do_Sul DCRS -999.9 0.0 0.0
-29.057501 -51.396099 DCRS-00008 2026-07-09_08:39 7.5 -999.9 -999.9 90.3 -999.9 -999.9 6.0 -999.9 -999.9 999.7 -999.9 -999.9 -999.9 -999.9 0.0 30.0 0.0 0.0 0.0 0.0 0.2 0.2 8.5 7.2 94.1 90.2 12.2 DCRS_-_Nova_Roma_-_Farroupilha_(180_m) -999.9 -999.9 999.8 998.4 999.7 7.6 5.8 47.0 Rio_Grande_do_Sul DCRS -999.9 0.0 0.0
-29.057501 -51.396099 DCRS-00008 2026-07-09_08:40 7.5 -999.9 -999.9 90.2 -999.9 -999.9 6.0 -999.9 -999.9 999.8 -999.9 -999.9 0.0 -999.9 4.5 29.0 0.0 0.0 0.0 0.0 0.2 0.2 8.5 7.2 94.1 90.2 12.2 DCRS_-_Nova_Roma_-_Farroupilha_(180_m) -999.9 -999.9 999.8 998.4 999.8 7.6 5.8 47.0 Rio_Grande_do_Sul DCRS -999.9 0.0 0.0
-29.057501 -51.396099 DCRS-00008 2026-07-09_08:41 7.5 -999.9 -999.9 90.4 -999.9 -999.9 6.0 -999.9 -999.9 999.8 -999.9 -999.9 2.0 -999.9 4.5 30.0 0.0 0.0 0.0 0.0 0.2 0.2 8.5 7.2 94.1 90.2 12.2 DCRS_-_Nova_Roma_-_Farroupilha_(180_m) -999.9 -999.9 999.8 998.4 999.8 7.6 5.8 47.0 Rio_Grande_do_Sul DCRS -999.9 0.0 0.0
-29.057501 -51.396099 DCRS-00008 2026-07-09_08:42 7.5 -999.9 -999.9 90.4 -999.9 -999.9 6.0 -999.9 -999.9 999.8 -999.9 -999.9 0.0 -999.9 4.5 28.0 0.0 0.0 0.0 0.0 0.2 0.2 8.5 7.2 94.1 90.2 12.2 DCRS_-_Nova_Roma_-_Farroupilha_(180_m) -999.9 -999.9 999.8 998.4 999.8 7.6 5.8 47.0 Rio_Grande_do_Sul DCRS -999.9 0.0 0.0
-29.057501 -51.396099 DCRS-00008 2026-07-09_08:43 7.5 -999.9 -999.9 90.5 -999.9 -999.9 6.0 -999.9 -999.9 999.9 -999.9 -999.9 2.1 -999.9 4.5 27.0 0.0 0.0 0.0 0.0 0.2 0.2 8.5 7.2 94.1 90.2 12.2 DCRS_-_Nova_Roma_-_Farroupilha_(180_m) -999.9 -999.9 999.9 998.4 999.9 7.6 5.8 47.0 Rio_Grande_do_Sul DCRS -999.9 0.0 0.0
-29.057501 -51.396099 DCRS-00008 2026-07-09_08:44 7.5 -999.9 -999.9 90.5 -999.9 -999.9 6.0 -999.9 -999.9 999.9 -999.9 -999.9 3.0 -999.9 4.5 26.0 0.0 0.0 0.0 0.0 0.2 0.2 8.5 7.2 94.1 90.2 12.2 DCRS_-_Nova_Roma_-_Farroupilha_(180_m) -999.9 -999.9 999.9 998.4 999.9 7.6 5.8 47.0 Rio_Grande_do_Sul DCRS -999.9 0.0 0.0
-29.057501 -51.396099 DCRS-00008 2026-07-09_08:45 7.5 -999.9 -999.9 90.4 -999.9 -999.9 6.0 -999.9 -999.9 999.9 -999.9 -999.9 0.0 -999.9 3.7 27.0 0.0 0.0 0.0 0.0 0.2 0.2 8.5 7.2 94.1 90.2 12.2 DCRS_-_Nova_Roma_-_Farroupilha_(180_m) -999.9 -999.9 999.9 998.4 999.9 7.6 5.8 47.0 Rio_Grande_do_Sul DCRS -999.9 0.0 0.0
-29.057501 -51.396099 DCRS-00008 2026-07-09_08:46 7.5 -999.9 -999.9 90.4 -999.9 -999.9 6.0 -999.9 -999.9 999.9 -999.9 -999.9 2.3 -999.9 3.7 27.0 0.0 0.0 0.0 0.0 0.2 0.2 8.5 7.2 94.1 90.2 12.2 DCRS_-_Nova_Roma_-_Farroupilha_(180_m) -999.9 -999.9 999.9 998.4 999.9 7.6 5.8 47.0 Rio_Grande_do_Sul DCRS -999.9 0.0 0.0
-29.057501 -51.396099 DCRS-00008 2026-07-09_08:47 7.5 -999.9 -999.9 90.4 -999.9 -999.9 6.0 -999.9 -999.9 999.9 -999.9 -999.9 0.0 -999.9 3.7 27.0 0.0 0.0 0.0 0.0 0.2 0.2 8.5 7.2 94.1 90.2 12.2 DCRS_-_Nova_Roma_-_Farroupilha_(180_m) -999.9 -999.9 999.9 998.4 999.9 7.6 5.8 47.0 Rio_Grande_do_Sul DCRS -999.9 0.0 0.0
-29.057501 -51.396099 DCRS-00008 2026-07-09_08:48 7.4 -999.9 -999.9 90.4 -999.9 -999.9 5.9 -999.9 -999.9 999.9 -999.9 -999.9 0.0 -999.9 3.7 27.0 0.0 0.0 0.0 0.0 0.2 0.2 8.5 7.2 94.1 90.2 12.2 DCRS_-_Nova_Roma_-_Farroupilha_(180_m) -999.9 -999.9 999.9 998.4 999.9 7.6 5.8 47.0 Rio_Grande_do_Sul DCRS -999.9 0.0 0.0
-29.057501 -51.396099 DCRS-00008 2026-07-09_08:49 7.4 -999.9 -999.9 90.3 -999.9 -999.9 5.9 -999.9 -999.9 999.9 -999.9 -999.9 2.3 -999.9 3.7 27.0 0.0 0.0 0.0 0.0 0.2 0.2 8.5 7.2 94.1 90.2 12.2 DCRS_-_Nova_Roma_-_Farroupilha_(180_m) -999.9 -999.9 999.9 998.4 999.9 7.6 5.8 47.0 Rio_Grande_do_Sul DCRS -999.9 0.0 0.0
-29.057501 -51.396099 DCRS-00008 2026-07-09_08:50 7.5 -999.9 -999.9 90.4 -999.9 -999.9 6.0 -999.9 -999.9 999.8 -999.9 -999.9 -999.9 -999.9 2.8 27.0 0.0 0.0 0.0 0.0 0.2 0.2 8.5 7.2 94.1 90.2 12.2 DCRS_-_Nova_Roma_-_Farroupilha_(180_m) -999.9 -999.9 999.9 998.4 999.8 7.6 5.8 47.0 Rio_Grande_do_Sul DCRS -999.9 0.0 0.0
-29.057501 -51.396099 DCRS-00008 2026-07-09_08:51 7.5 -999.9 -999.9 90.5 -999.9 -999.9 6.0 -999.9 -999.9 999.8 -999.9 -999.9 -999.9 -999.9 2.8 27.0 0.0 0.0 0.0 0.0 0.2 0.2 8.5 7.2 94.1 90.2 12.2 DCRS_-_Nova_Roma_-_Farroupilha_(180_m) -999.9 -999.9 999.9 998.4 999.8 7.6 5.8 47.0 Rio_Grande_do_Sul DCRS -999.9 0.0 0.0
-29.057501 -51.396099 DCRS-00008 2026-07-09_08:52 7.4 -999.9 -999.9 90.5 -999.9 -999.9 5.9 -999.9 -999.9 999.8 -999.9 -999.9 0.0 -999.9 2.8 27.0 0.0 0.0 0.0 0.0 0.2 0.2 8.5 7.2 94.1 90.2 12.2 DCRS_-_Nova_Roma_-_Farroupilha_(180_m) -999.9 -999.9 999.9 998.4 999.8 7.6 5.8 47.0 Rio_Grande_do_Sul DCRS -999.9 0.0 0.0
-29.057501 -51.396099 DCRS-00008 2026-07-09_08:53 7.4 -999.9 -999.9 90.5 -999.9 -999.9 5.9 -999.9 -999.9 999.8 -999.9 -999.9 1.8 -999.9 2.8 27.0 0.0 0.0 0.0 0.0 0.2 0.2 8.5 7.2 94.1 90.2 12.2 DCRS_-_Nova_Roma_-_Farroupilha_(180_m) -999.9 -999.9 999.9 998.4 999.8 7.6 5.8 47.0 Rio_Grande_do_Sul DCRS -999.9 0.0 0.0
-29.057501 -51.396099 DCRS-00008 2026-07-09_08:54 7.4 -999.9 -999.9 90.5 -999.9 -999.9 5.9 -999.9 -999.9 999.8 -999.9 -999.9 -999.9 -999.9 2.8 27.0 0.0 0.0 0.0 0.0 0.2 0.2 8.5 7.2 94.1 90.2 12.2 DCRS_-_Nova_Roma_-_Farroupilha_(180_m) -999.9 -999.9 999.9 998.4 999.8 7.6 5.8 47.0 Rio_Grande_do_Sul DCRS -999.9 0.0 0.0
-29.057501 -51.396099 DCRS-00008 2026-07-09_08:55 7.4 -999.9 -999.9 90.4 -999.9 -999.9 5.9 -999.9 -999.9 999.8 -999.9 -999.9 0.0 -999.9 4.8 27.0 0.0 0.0 0.0 0.0 0.2 0.2 8.5 7.2 94.1 90.2 12.2 DCRS_-_Nova_Roma_-_Farroupilha_(180_m) -999.9 -999.9 999.9 998.4 999.8 7.6 5.8 47.0 Rio_Grande_do_Sul DCRS -999.9 0.0 0.0
-29.057501 -51.396099 DCRS-00008 2026-07-09_08:56 7.3 -999.9 -999.9 90.3 -999.9 -999.9 5.8 -999.9 -999.9 999.8 -999.9 -999.9 3.0 -999.9 4.8 27.0 0.0 0.0 0.0 0.0 0.2 0.2 8.5 7.2 94.1 90.2 12.2 DCRS_-_Nova_Roma_-_Farroupilha_(180_m) -999.9 -999.9 999.9 998.4 999.8 7.6 5.8 47.0 Rio_Grande_do_Sul DCRS -999.9 0.0 0.0
-29.057501 -51.396099 DCRS-00008 2026-07-09_08:57 7.4 -999.9 -999.9 90.3 -999.9 -999.9 5.9 -999.9 -999.9 999.8 -999.9 -999.9 1.8 -999.9 4.8 27.0 0.0 0.0 0.0 0.0 0.2 0.2 8.5 7.2 94.1 90.2 12.2 DCRS_-_Nova_Roma_-_Farroupilha_(180_m) -999.9 -999.9 999.9 998.4 999.8 7.6 5.8 47.0 Rio_Grande_do_Sul DCRS -999.9 0.0 0.0
-29.057501 -51.396099 DCRS-00008 2026-07-09_08:58 7.4 -999.9 -999.9 90.4 -999.9 -999.9 5.9 -999.9 -999.9 999.7 -999.9 -999.9 0.0 -999.9 4.8 28.0 0.0 0.0 0.0 0.0 0.2 0.2 8.5 7.2 94.1 90.2 12.2 DCRS_-_Nova_Roma_-_Farroupilha_(180_m) -999.9 -999.9 999.9 998.4 999.7 7.6 5.8 47.0 Rio_Grande_do_Sul DCRS -999.9 0.0 0.0
-29.057501 -51.396099 DCRS-00008 2026-07-09_08:59 7.3 -999.9 -999.9 90.4 -999.9 -999.9 5.8 -999.9 -999.9 999.7 -999.9 -999.9 0.0 -999.9 4.8 28.0 0.0 0.0 0.0 0.0 0.2 0.2 8.5 7.2 94.1 90.2 12.2 DCRS_-_Nova_Roma_-_Farroupilha_(180_m) -999.9 -999.9 999.9 998.4 999.7 7.6 5.8 47.0 Rio_Grande_do_Sul DCRS -999.9 0.0 0.0
-29.057501 -51.396099 DCRS-00008 2026-07-09_09:01 7.3 -999.9 -999.9 90.5 -999.9 -999.9 5.8 -999.9 -999.9 999.7 -999.9 -999.9 2.6 -999.9 4.3 28.0 0.0 0.0 0.0 0.0 0.2 0.2 8.5 7.2 94.1 90.2 12.2 DCRS_-_Nova_Roma_-_Farroupilha_(180_m) -999.9 -999.9 999.9 998.4 999.7 7.6 5.8 47.0 Rio_Grande_do_Sul DCRS -999.9 0.0 0.0
-29.057501 -51.396099 DCRS-00008 2026-07-09_09:02 7.3 -999.9 -999.9 90.3 -999.9 -999.9 5.8 -999.9 -999.9 999.7 -999.9 -999.9 0.0 -999.9 4.3 28.0 0.0 0.0 0.0 0.0 0.2 0.2 8.5 7.2 94.1 90.2 12.2 DCRS_-_Nova_Roma_-_Farroupilha_(180_m) -999.9 -999.9 999.9 998.4 999.7 7.6 5.8 47.0 Rio_Grande_do_Sul DCRS -999.9 0.0 0.0
-29.057501 -51.396099 DCRS-00008 2026-07-09_09:03 7.3 -999.9 -999.9 90.3 -999.9 -999.9 5.8 -999.9 -999.9 999.7 -999.9 -999.9 2.5 -999.9 4.3 28.0 0.0 0.0 0.0 0.0 0.2 0.2 8.5 7.2 94.1 90.2 12.2 DCRS_-_Nova_Roma_-_Farroupilha_(180_m) -999.9 -999.9 999.9 998.4 999.7 7.6 5.8 47.0 Rio_Grande_do_Sul DCRS -999.9 0.0 0.0
-29.057501 -51.396099 DCRS-00008 2026-07-09_09:04 7.3 -999.9 -999.9 90.2 -999.9 -999.9 5.8 -999.9 -999.9 999.7 -999.9 -999.9 1.9 -999.9 4.3 28.0 0.0 0.0 0.0 0.0 0.2 0.2 8.5 7.2 94.1 90.2 12.2 DCRS_-_Nova_Roma_-_Farroupilha_(180_m) -999.9 -999.9 999.9 998.4 999.7 7.6 5.8 47.0 Rio_Grande_do_Sul DCRS -999.9 0.0 0.0
-29.057501 -51.396099 DCRS-00008 2026-07-09_09:05 7.3 -999.9 -999.9 90.2 -999.9 -999.9 5.8 -999.9 -999.9 999.8 -999.9 -999.9 0.0 -999.9 4.6 28.0 0.0 0.0 0.0 0.0 0.2 0.2 8.5 7.2 94.1 90.2 12.2 DCRS_-_Nova_Roma_-_Farroupilha_(180_m) -999.9 -999.9 999.9 998.4 999.8 7.6 5.8 47.0 Rio_Grande_do_Sul DCRS -999.9 0.0 0.0
-29.057501 -51.396099 DCRS-00008 2026-07-09_09:06 7.3 -999.9 -999.9 90.2 -999.9 -999.9 5.8 -999.9 -999.9 999.8 -999.9 -999.9 3.1 -999.9 4.6 28.0 0.0 0.0 0.0 0.0 0.2 0.2 8.5 7.2 94.1 90.2 12.2 DCRS_-_Nova_Roma_-_Farroupilha_(180_m) -999.9 -999.9 999.9 998.4 999.8 7.6 5.8 47.0 Rio_Grande_do_Sul DCRS -999.9 0.0 0.0
-29.057501 -51.396099 DCRS-00008 2026-07-09_09:07 7.3 -999.9 -999.9 90.1 -999.9 -999.9 5.8 -999.9 -999.9 999.8 -999.9 -999.9 0.0 -999.9 4.6 28.0 0.0 0.0 0.0 0.0 0.2 0.2 8.5 7.2 94.1 90.1 12.2 DCRS_-_Nova_Roma_-_Farroupilha_(180_m) -999.9 -999.9 999.9 998.4 999.8 7.6 5.8 47.0 Rio_Grande_do_Sul DCRS -999.9 0.0 0.0
-29.057501 -51.396099 DCRS-00008 2026-07-09_09:08 7.3 -999.9 -999.9 90.1 -999.9 -999.9 5.8 -999.9 -999.9 999.8 -999.9 -999.9 2.0 -999.9 4.6 28.0 0.0 0.0 0.0 0.0 0.2 0.2 8.5 7.2 94.1 90.1 12.2 DCRS_-_Nova_Roma_-_Farroupilha_(180_m) -999.9 -999.9 999.9 998.4 999.8 7.6 5.8 47.0 Rio_Grande_do_Sul DCRS -999.9 0.0 0.0
-29.057501 -51.396099 DCRS-00008 2026-07-09_09:09 7.3 -999.9 -999.9 90.0 -999.9 -999.9 5.7 -999.9 -999.9 999.8 -999.9 -999.9 1.9 -999.9 4.6 28.0 0.0 0.0 0.0 0.0 0.2 0.2 8.5 7.2 94.1 90.0 12.2 DCRS_-_Nova_Roma_-_Farroupilha_(180_m) -999.9 -999.9 999.9 998.4 999.8 7.6 5.7 47.0 Rio_Grande_do_Sul DCRS -999.9 0.0 0.0
-29.057501 -51.396099 DCRS-00008 2026-07-09_09:10 7.3 -999.9 -999.9 90.0 -999.9 -999.9 5.7 -999.9 -999.9 999.7 -999.9 -999.9 3.6 -999.9 4.0 27.0 0.0 0.0 0.0 0.0 0.2 0.2 8.5 7.2 94.1 90.0 12.2 DCRS_-_Nova_Roma_-_Farroupilha_(180_m) -999.9 -999.9 999.9 998.4 999.7 7.6 5.7 47.0 Rio_Grande_do_Sul DCRS -999.9 0.0 0.0
-29.057501 -51.396099 DCRS-00008 2026-07-09_09:11 7.3 -999.9 -999.9 89.7 -999.9 -999.9 5.7 -999.9 -999.9 999.7 -999.9 -999.9 0.0 -999.9 4.0 27.0 0.0 0.0 0.0 0.0 0.2 0.2 8.5 7.2 94.1 89.7 12.2 DCRS_-_Nova_Roma_-_Farroupilha_(180_m) -999.9 -999.9 999.9 998.4 999.7 7.6 5.7 47.0 Rio_Grande_do_Sul DCRS -999.9 0.0 0.0
-29.057501 -51.396099 DCRS-00008 2026-07-09_09:12 7.3 -999.9 -999.9 89.8 -999.9 -999.9 5.7 -999.9 -999.9 999.7 -999.9 -999.9 2.4 -999.9 4.0 27.0 0.0 0.0 0.0 0.0 0.2 0.2 8.5 7.2 94.1 89.7 12.2 DCRS_-_Nova_Roma_-_Farroupilha_(180_m) -999.9 -999.9 999.9 998.4 999.7 7.6 5.7 47.0 Rio_Grande_do_Sul DCRS -999.9 0.0 0.0
-29.057501 -51.396099 DCRS-00008 2026-07-09_09:13 7.3 -999.9 -999.9 89.7 -999.9 -999.9 5.7 -999.9 -999.9 999.6 -999.9 -999.9 0.0 -999.9 4.0 27.0 0.0 0.0 0.0 0.0 0.2 0.2 8.5 7.2 94.1 89.7 12.2 DCRS_-_Nova_Roma_-_Farroupilha_(180_m) -999.9 -999.9 999.9 998.4 999.6 7.6 5.7 47.0 Rio_Grande_do_Sul DCRS -999.9 0.0 0.0
-29.057501 -51.396099 DCRS-00008 2026-07-09_09:14 7.3 -999.9 -999.9 89.9 -999.9 -999.9 5.7 -999.9 -999.9 999.6 -999.9 -999.9 0.0 -999.9 4.0 27.0 0.0 0.0 0.0 0.0 0.2 0.2 8.5 7.2 94.1 89.7 12.2 DCRS_-_Nova_Roma_-_Farroupilha_(180_m) -999.9 -999.9 999.9 998.4 999.6 7.6 5.7 47.0 Rio_Grande_do_Sul DCRS -999.9 0.0 0.0
-29.057501 -51.396099 DCRS-00008 2026-07-09_09:15 7.3 -999.9 -999.9 90.1 -999.9 -999.9 5.8 -999.9 -999.9 999.5 -999.9 -999.9 0.0 -999.9 3.6 27.0 0.0 0.0 0.0 0.0 0.2 0.2 8.5 7.2 94.1 89.7 12.2 DCRS_-_Nova_Roma_-_Farroupilha_(180_m) -999.9 -999.9 999.9 998.4 999.5 7.6 5.7 47.0 Rio_Grande_do_Sul DCRS -999.9 0.0 0.0
-29.057501 -51.396099 DCRS-00008 2026-07-09_09:16 7.3 -999.9 -999.9 90.4 -999.9 -999.9 5.8 -999.9 -999.9 999.5 -999.9 -999.9 0.0 -999.9 3.6 26.0 0.0 0.0 0.0 0.0 0.2 0.2 8.5 7.2 94.1 89.7 12.2 DCRS_-_Nova_Roma_-_Farroupilha_(180_m) -999.9 -999.9 999.9 998.4 999.5 7.6 5.7 47.0 Rio_Grande_do_Sul DCRS -999.9 0.0 0.0
-29.057501 -51.396099 DCRS-00008 2026-07-09_09:17 7.3 -999.9 -999.9 90.5 -999.9 -999.9 5.8 -999.9 -999.9 999.5 -999.9 -999.9 0.0 -999.9 3.6 26.0 0.0 0.0 0.0 0.0 0.2 0.2 8.5 7.2 94.1 89.7 12.2 DCRS_-_Nova_Roma_-_Farroupilha_(180_m) -999.9 -999.9 999.9 998.4 999.5 7.6 5.7 47.0 Rio_Grande_do_Sul DCRS -999.9 0.0 0.0
-29.057501 -51.396099 DCRS-00008 2026-07-09_09:18 7.3 -999.9 -999.9 90.6 -999.9 -999.9 5.8 -999.9 -999.9 999.6 -999.9 -999.9 3.0 -999.9 3.6 26.0 0.0 0.0 0.0 0.0 0.2 0.2 8.5 7.2 94.1 89.7 12.2 DCRS_-_Nova_Roma_-_Farroupilha_(180_m) -999.9 -999.9 999.9 998.4 999.6 7.6 5.7 47.0 Rio_Grande_do_Sul DCRS -999.9 0.0 0.0
-29.057501 -51.396099 DCRS-00008 2026-07-09_09:19 7.3 -999.9 -999.9 90.4 -999.9 -999.9 5.8 -999.9 -999.9 999.6 -999.9 -999.9 2.6 -999.9 3.6 24.0 0.0 0.0 0.0 0.0 0.2 0.2 8.5 7.2 94.1 89.7 12.2 DCRS_-_Nova_Roma_-_Farroupilha_(180_m) -999.9 -999.9 999.9 998.4 999.6 7.6 5.7 47.0 Rio_Grande_do_Sul DCRS -999.9 0.0 0.0
-29.057501 -51.396099 DCRS-00008 2026-07-09_09:21 7.3 -999.9 -999.9 90.2 -999.9 -999.9 5.8 -999.9 -999.9 999.6 -999.9 -999.9 0.0 -999.9 6.2 24.0 0.0 0.0 0.0 0.0 0.2 0.2 8.5 7.2 94.1 89.7 12.2 DCRS_-_Nova_Roma_-_Farroupilha_(180_m) -999.9 -999.9 999.9 998.4 999.6 7.6 5.7 47.0 Rio_Grande_do_Sul DCRS -999.9 0.0 0.0
-29.057501 -51.396099 DCRS-00008 2026-07-09_09:22 7.3 -999.9 -999.9 90.3 -999.9 -999.9 5.8 -999.9 -999.9 999.6 -999.9 -999.9 0.0 -999.9 6.2 23.0 0.0 0.0 0.0 0.0 0.2 0.2 8.5 7.2 94.1 89.7 12.2 DCRS_-_Nova_Roma_-_Farroupilha_(180_m) -999.9 -999.9 999.9 998.4 999.6 7.6 5.7 47.0 Rio_Grande_do_Sul DCRS -999.9 0.0 0.0
-29.057501 -51.396099 DCRS-00008 2026-07-09_09:23 7.3 -999.9 -999.9 90.3 -999.9 -999.9 5.8 -999.9 -999.9 999.6 -999.9 -999.9 0.0 -999.9 6.2 24.0 0.0 0.0 0.0 0.0 0.2 0.2 8.5 7.2 94.1 89.7 12.2 DCRS_-_Nova_Roma_-_Farroupilha_(180_m) -999.9 -999.9 999.9 998.4 999.6 7.6 5.7 47.0 Rio_Grande_do_Sul DCRS -999.9 0.0 0.0
-29.057501 -51.396099 DCRS-00008 2026-07-09_09:24 7.3 -999.9 -999.9 90.2 -999.9 -999.9 5.8 -999.9 -999.9 999.6 -999.9 -999.9 0.0 -999.9 6.2 24.0 0.0 0.0 0.0 0.0 0.2 0.2 8.5 7.2 94.1 89.7 12.2 DCRS_-_Nova_Roma_-_Farroupilha_(180_m) -999.9 -999.9 999.9 998.4 999.6 7.6 5.7 47.0 Rio_Grande_do_Sul DCRS -999.9 0.0 0.0
-29.057501 -51.396099 DCRS-00008 2026-07-09_09:25 7.3 -999.9 -999.9 90.2 -999.9 -999.9 5.8 -999.9 -999.9 999.6 -999.9 -999.9 0.0 -999.9 1.9 23.0 0.0 0.0 0.0 0.0 0.2 0.2 8.5 7.2 94.1 89.7 12.2 DCRS_-_Nova_Roma_-_Farroupilha_(180_m) -999.9 -999.9 999.9 998.4 999.6 7.6 5.7 47.0 Rio_Grande_do_Sul DCRS -999.9 0.0 0.0
-29.057501 -51.396099 DCRS-00008 2026-07-09_09:26 7.4 -999.9 -999.9 90.2 -999.9 -999.9 5.9 -999.9 -999.9 999.6 -999.9 -999.9 0.0 -999.9 1.9 24.0 0.0 0.0 0.0 0.0 0.2 0.2 8.5 7.2 94.1 89.7 12.2 DCRS_-_Nova_Roma_-_Farroupilha_(180_m) -999.9 -999.9 999.9 998.4 999.6 7.6 5.7 47.0 Rio_Grande_do_Sul DCRS -999.9 0.0 0.0
-29.057501 -51.396099 DCRS-00008 2026-07-09_09:27 7.4 -999.9 -999.9 90.2 -999.9 -999.9 5.9 -999.9 -999.9 999.6 -999.9 -999.9 0.0 -999.9 1.9 23.0 0.0 0.0 0.0 0.0 0.2 0.2 8.5 7.2 94.1 89.7 12.2 DCRS_-_Nova_Roma_-_Farroupilha_(180_m) -999.9 -999.9 999.9 998.4 999.6 7.6 5.7 47.0 Rio_Grande_do_Sul DCRS -999.9 0.0 0.0
-29.057501 -51.396099 DCRS-00008 2026-07-09_09:28 7.4 -999.9 -999.9 90.4 -999.9 -999.9 5.9 -999.9 -999.9 999.6 -999.9 -999.9 0.0 -999.9 1.9 23.0 0.0 0.0 0.0 0.0 0.2 0.2 8.5 7.2 94.1 89.7 12.2 DCRS_-_Nova_Roma_-_Farroupilha_(180_m) -999.9 -999.9 999.9 998.4 999.6 7.6 5.7 47.0 Rio_Grande_do_Sul DCRS -999.9 0.0 0.0
-29.057501 -51.396099 DCRS-00008 2026-07-09_09:29 7.4 -999.9 -999.9 90.8 -999.9 -999.9 6.0 -999.9 -999.9 999.6 -999.9 -999.9 0.0 -999.9 1.9 23.0 0.0 0.0 0.0 0.0 0.2 0.2 8.5 7.2 94.1 89.7 12.2 DCRS_-_Nova_Roma_-_Farroupilha_(180_m) -999.9 -999.9 999.9 998.4 999.6 7.6 5.7 47.0 Rio_Grande_do_Sul DCRS -999.9 0.0 0.0
-29.057501 -51.396099 DCRS-00008 2026-07-09_09:30 7.4 -999.9 -999.9 90.7 -999.9 -999.9 6.0 -999.9 -999.9 999.6 -999.9 -999.9 -999.9 -999.9 2.2 23.0 0.0 0.0 0.0 0.0 0.2 0.2 8.5 7.2 94.1 89.7 12.2 DCRS_-_Nova_Roma_-_Farroupilha_(180_m) -999.9 -999.9 999.9 998.4 999.6 7.6 5.7 47.0 Rio_Grande_do_Sul DCRS -999.9 0.0 0.0
-29.057501 -51.396099 DCRS-00008 2026-07-09_09:31 7.5 -999.9 -999.9 90.7 -999.9 -999.9 6.1 -999.9 -999.9 999.7 -999.9 -999.9 -999.9 -999.9 2.2 23.0 0.0 0.0 0.0 0.0 0.2 0.2 8.5 7.2 94.1 89.7 12.2 DCRS_-_Nova_Roma_-_Farroupilha_(180_m) -999.9 -999.9 999.9 998.4 999.7 7.6 5.7 47.0 Rio_Grande_do_Sul DCRS -999.9 0.0 0.0
-29.057501 -51.396099 DCRS-00008 2026-07-09_09:32 7.5 -999.9 -999.9 90.4 -999.9 -999.9 6.0 -999.9 -999.9 999.7 -999.9 -999.9 0.0 -999.9 2.2 22.0 0.0 0.0 0.0 0.0 0.2 0.2 8.5 7.2 94.1 89.7 12.2 DCRS_-_Nova_Roma_-_Farroupilha_(180_m) -999.9 -999.9 999.9 998.4 999.7 7.6 5.7 47.0 Rio_Grande_do_Sul DCRS -999.9 0.0 0.0
-29.057501 -51.396099 DCRS-00008 2026-07-09_09:33 7.5 -999.9 -999.9 90.2 -999.9 -999.9 6.0 -999.9 -999.9 999.7 -999.9 -999.9 0.0 -999.9 2.2 23.0 0.0 0.0 0.0 0.0 0.2 0.2 8.5 7.2 94.1 89.7 12.2 DCRS_-_Nova_Roma_-_Farroupilha_(180_m) -999.9 -999.9 999.9 998.4 999.7 7.6 5.7 47.0 Rio_Grande_do_Sul DCRS -999.9 0.0 0.0
-29.057501 -51.396099 DCRS-00008 2026-07-09_09:34 7.6 -999.9 -999.9 89.9 -999.9 -999.9 6.0 -999.9 -999.9 999.6 -999.9 -999.9 0.0 -999.9 2.2 23.0 0.0 0.0 0.0 0.0 0.2 0.2 8.5 7.2 94.1 89.7 12.2 DCRS_-_Nova_Roma_-_Farroupilha_(180_m) -999.9 -999.9 999.9 998.4 999.6 7.6 5.7 47.0 Rio_Grande_do_Sul DCRS -999.9 0.0 0.0
-29.057501 -51.396099 DCRS-00008 2026-07-09_09:35 7.6 -999.9 -999.9 89.9 -999.9 -999.9 6.0 -999.9 -999.9 999.6 -999.9 -999.9 0.0 -999.9 4.2 23.0 0.0 0.0 0.0 0.0 0.2 0.2 8.5 7.2 94.1 89.7 12.2 DCRS_-_Nova_Roma_-_Farroupilha_(180_m) -999.9 -999.9 999.9 998.4 999.6 7.6 5.7 47.0 Rio_Grande_do_Sul DCRS -999.9 0.0 0.0
-29.057501 -51.396099 DCRS-00008 2026-07-09_09:36 7.7 -999.9 -999.9 90.0 -999.9 -999.9 6.1 -999.9 -999.9 999.6 -999.9 -999.9 0.0 -999.9 4.2 23.0 0.0 0.0 0.0 0.0 0.2 0.2 8.5 7.2 94.1 89.7 12.2 DCRS_-_Nova_Roma_-_Farroupilha_(180_m) -999.9 -999.9 999.9 998.4 999.6 7.6 5.7 47.0 Rio_Grande_do_Sul DCRS -999.9 0.0 0.0
-29.057501 -51.396099 DCRS-00008 2026-07-09_09:37 7.7 -999.9 -999.9 90.1 -999.9 -999.9 6.2 -999.9 -999.9 999.6 -999.9 -999.9 0.0 -999.9 4.2 23.0 0.0 0.0 0.0 0.0 0.2 0.2 8.5 7.2 94.1 89.7 12.2 DCRS_-_Nova_Roma_-_Farroupilha_(180_m) -999.9 -999.9 999.9 998.4 999.6 7.6 5.7 47.0 Rio_Grande_do_Sul DCRS -999.9 0.0 0.0
-29.057501 -51.396099 DCRS-00008 2026-07-09_09:38 7.6 -999.9 -999.9 90.3 -999.9 -999.9 6.1 -999.9 -999.9 999.5 -999.9 -999.9 0.0 -999.9 4.2 23.0 0.0 0.0 0.0 0.0 0.2 0.2 8.5 7.2 94.1 89.7 12.2 DCRS_-_Nova_Roma_-_Farroupilha_(180_m) -999.9 -999.9 999.9 998.4 999.5 7.6 5.7 47.0 Rio_Grande_do_Sul DCRS -999.9 0.0 0.0
-29.057501 -51.396099 DCRS-00008 2026-07-09_09:39 7.7 -999.9 -999.9 90.3 -999.9 -999.9 6.2 -999.9 -999.9 999.5 -999.9 -999.9 0.0 -999.9 4.2 23.0 0.0 0.0 0.0 0.0 0.2 0.2 8.5 7.2 94.1 89.7 12.2 DCRS_-_Nova_Roma_-_Farroupilha_(180_m) -999.9 -999.9 999.9 998.4 999.5 7.6 5.7 47.0 Rio_Grande_do_Sul DCRS -999.9 0.0 0.0
-29.057501 -51.396099 DCRS-00008 2026-07-09_09:41 7.6 -999.9 -999.9 90.0 -999.9 -999.9 6.0 -999.9 -999.9 999.5 -999.9 -999.9 0.0 -999.9 0.0 23.0 0.0 0.0 0.0 0.0 0.2 0.2 8.5 7.2 94.1 89.7 12.2 DCRS_-_Nova_Roma_-_Farroupilha_(180_m) -999.9 -999.9 999.9 998.4 999.5 7.6 5.7 47.0 Rio_Grande_do_Sul DCRS -999.9 0.0 0.0
-29.057501 -51.396099 DCRS-00008 2026-07-09_09:42 7.6 -999.9 -999.9 90.1 -999.9 -999.9 6.1 -999.9 -999.9 999.5 -999.9 -999.9 0.0 -999.9 0.0 23.0 0.0 0.0 0.0 0.0 0.2 0.2 8.5 7.2 94.1 89.7 12.2 DCRS_-_Nova_Roma_-_Farroupilha_(180_m) -999.9 -999.9 999.9 998.4 999.5 7.6 5.7 47.0 Rio_Grande_do_Sul DCRS -999.9 0.0 0.0
-29.057501 -51.396099 DCRS-00008 2026-07-09_09:43 7.7 -999.9 -999.9 90.2 -999.9 -999.9 6.2 -999.9 -999.9 999.5 -999.9 -999.9 0.0 -999.9 0.0 23.0 0.0 0.0 0.0 0.0 0.2 0.2 8.5 7.2 94.1 89.7 12.2 DCRS_-_Nova_Roma_-_Farroupilha_(180_m) -999.9 -999.9 999.9 998.4 999.5 7.6 5.7 47.0 Rio_Grande_do_Sul DCRS -999.9 0.0 0.0
-29.057501 -51.396099 DCRS-00008 2026-07-09_09:44 7.7 -999.9 -999.9 90.4 -999.9 -999.9 6.2 -999.9 -999.9 999.5 -999.9 -999.9 0.0 -999.9 0.0 23.0 0.0 0.0 0.0 0.0 0.2 0.2 8.5 7.2 94.1 89.7 12.2 DCRS_-_Nova_Roma_-_Farroupilha_(180_m) -999.9 -999.9 999.9 998.4 999.5 7.6 5.7 47.0 Rio_Grande_do_Sul DCRS -999.9 0.0 0.0
-29.057501 -51.396099 DCRS-00008 2026-07-09_09:45 7.7 -999.9 -999.9 90.7 -999.9 -999.9 6.3 -999.9 -999.9 999.5 -999.9 -999.9 0.0 -999.9 0.0 23.0 0.0 0.0 0.0 0.0 0.2 0.2 8.5 7.2 94.1 89.7 12.2 DCRS_-_Nova_Roma_-_Farroupilha_(180_m) -999.9 -999.9 999.9 998.4 999.5 7.6 5.7 47.0 Rio_Grande_do_Sul DCRS -999.9 0.0 0.0
-29.057501 -51.396099 DCRS-00008 2026-07-09_09:46 7.7 -999.9 -999.9 90.7 -999.9 -999.9 6.3 -999.9 -999.9 999.5 -999.9 -999.9 0.0 -999.9 0.0 23.0 0.0 0.0 0.0 0.0 0.2 0.2 8.5 7.2 94.1 89.7 12.2 DCRS_-_Nova_Roma_-_Farroupilha_(180_m) -999.9 -999.9 999.9 998.4 999.5 7.6 5.7 47.0 Rio_Grande_do_Sul DCRS -999.9 0.0 0.0
-29.057501 -51.396099 DCRS-00008 2026-07-09_09:47 7.8 -999.9 -999.9 91.0 -999.9 -999.9 6.4 -999.9 -999.9 999.5 -999.9 -999.9 0.0 -999.9 0.0 22.0 0.0 0.0 0.0 0.0 0.2 0.2 8.5 7.2 94.1 89.7 12.2 DCRS_-_Nova_Roma_-_Farroupilha_(180_m) -999.9 -999.9 999.9 998.4 999.5 7.6 5.7 47.0 Rio_Grande_do_Sul DCRS -999.9 0.0 0.0
-29.057501 -51.396099 DCRS-00008 2026-07-09_09:48 7.8 -999.9 -999.9 91.1 -999.9 -999.9 6.4 -999.9 -999.9 999.5 -999.9 -999.9 0.0 -999.9 0.0 22.0 0.0 0.0 0.0 0.0 0.2 0.2 8.5 7.2 94.1 89.7 12.2 DCRS_-_Nova_Roma_-_Farroupilha_(180_m) -999.9 -999.9 999.9 998.4 999.5 7.6 5.7 47.0 Rio_Grande_do_Sul DCRS -999.9 0.0 0.0
-29.057501 -51.396099 DCRS-00008 2026-07-09_09:49 7.8 -999.9 -999.9 91.0 -999.9 -999.9 6.4 -999.9 -999.9 999.5 -999.9 -999.9 0.0 -999.9 0.0 21.0 0.0 0.0 0.0 0.0 0.2 0.2 8.5 7.2 94.1 89.7 12.2 DCRS_-_Nova_Roma_-_Farroupilha_(180_m) -999.9 -999.9 999.9 998.4 999.5 7.6 5.7 47.0 Rio_Grande_do_Sul DCRS -999.9 0.0 0.0
-29.057501 -51.396099 DCRS-00008 2026-07-09_09:51 7.9 -999.9 -999.9 90.9 -999.9 -999.9 6.5 -999.9 -999.9 999.5 -999.9 -999.9 0.0 -999.9 0.0 20.0 0.0 0.0 0.0 0.0 0.2 0.2 8.5 7.2 94.1 89.7 12.2 DCRS_-_Nova_Roma_-_Farroupilha_(180_m) -999.9 -999.9 999.9 998.4 999.5 7.6 5.7 47.0 Rio_Grande_do_Sul DCRS -999.9 0.0 0.0
-29.057501 -51.396099 DCRS-00008 2026-07-09_09:52 7.9 -999.9 -999.9 91.1 -999.9 -999.9 6.5 -999.9 -999.9 999.6 -999.9 -999.9 0.0 -999.9 0.0 20.0 0.0 0.0 0.0 0.0 0.2 0.2 8.5 7.2 94.1 89.7 12.2 DCRS_-_Nova_Roma_-_Farroupilha_(180_m) -999.9 -999.9 999.9 998.4 999.6 7.6 5.7 47.0 Rio_Grande_do_Sul DCRS -999.9 0.0 0.0
-29.057501 -51.396099 DCRS-00008 2026-07-09_09:53 7.9 -999.9 -999.9 91.2 -999.9 -999.9 6.5 -999.9 -999.9 999.6 -999.9 -999.9 0.0 -999.9 0.0 20.0 0.0 0.0 0.0 0.0 0.2 0.2 8.5 7.2 94.1 89.7 12.2 DCRS_-_Nova_Roma_-_Farroupilha_(180_m) -999.9 -999.9 999.9 998.4 999.6 7.6 5.7 47.0 Rio_Grande_do_Sul DCRS -999.9 0.0 0.0
-29.057501 -51.396099 DCRS-00008 2026-07-09_09:54 7.9 -999.9 -999.9 91.6 -999.9 -999.9 6.6 -999.9 -999.9 999.6 -999.9 -999.9 0.0 -999.9 0.0 20.0 0.0 0.0 0.0 0.0 0.2 0.2 8.5 7.2 94.1 89.7 12.2 DCRS_-_Nova_Roma_-_Farroupilha_(180_m) -999.9 -999.9 999.9 998.4 999.6 7.6 5.7 47.0 Rio_Grande_do_Sul DCRS -999.9 0.0 0.0
-29.057501 -51.396099 DCRS-00008 2026-07-09_09:55 7.9 -999.9 -999.9 91.6 -999.9 -999.9 6.6 -999.9 -999.9 999.6 -999.9 -999.9 0.0 -999.9 0.0 20.0 0.0 0.0 0.0 0.0 0.2 0.2 8.5 7.2 94.1 89.7 12.2 DCRS_-_Nova_Roma_-_Farroupilha_(180_m) -999.9 -999.9 999.9 998.4 999.6 7.6 5.7 47.0 Rio_Grande_do_Sul DCRS -999.9 0.0 0.0
-29.057501 -51.396099 DCRS-00008 2026-07-09_09:56 7.9 -999.9 -999.9 91.6 -999.9 -999.9 6.6 -999.9 -999.9 999.6 -999.9 -999.9 0.0 -999.9 0.0 20.0 0.0 0.0 0.0 0.0 0.2 0.2 8.5 7.2 94.1 89.7 12.2 DCRS_-_Nova_Roma_-_Farroupilha_(180_m) -999.9 -999.9 999.9 998.4 999.6 7.6 5.7 47.0 Rio_Grande_do_Sul DCRS -999.9 0.0 0.0
-29.057501 -51.396099 DCRS-00008 2026-07-09_09:57 8.0 -999.9 -999.9 91.7 -999.9 -999.9 6.7 -999.9 -999.9 999.6 -999.9 -999.9 0.0 -999.9 0.0 21.0 0.0 0.0 0.0 0.0 0.2 0.2 8.5 7.2 94.1 89.7 12.2 DCRS_-_Nova_Roma_-_Farroupilha_(180_m) -999.9 -999.9 999.9 998.4 999.6 7.6 5.7 47.0 Rio_Grande_do_Sul DCRS -999.9 0.0 0.0
-29.057501 -51.396099 DCRS-00008 2026-07-09_09:58 8.0 -999.9 -999.9 91.8 -999.9 -999.9 6.7 -999.9 -999.9 999.6 -999.9 -999.9 0.0 -999.9 0.0 21.0 0.0 0.0 0.0 0.0 0.2 0.2 8.5 7.2 94.1 89.7 12.2 DCRS_-_Nova_Roma_-_Farroupilha_(180_m) -999.9 -999.9 999.9 998.4 999.6 7.6 5.7 47.0 Rio_Grande_do_Sul DCRS -999.9 0.0 0.0
-29.057501 -51.396099 DCRS-00008 2026-07-09_09:59 8.0 -999.9 -999.9 91.8 -999.9 -999.9 6.7 -999.9 -999.9 999.5 -999.9 -999.9 0.0 -999.9 0.0 22.0 0.0 0.0 0.0 0.0 0.2 0.2 8.5 7.2 94.1 89.7 12.2 DCRS_-_Nova_Roma_-_Farroupilha_(180_m) -999.9 -999.9 999.9 998.4 999.5 7.6 5.7 47.0 Rio_Grande_do_Sul DCRS -999.9 0.0 0.0
-29.057501 -51.396099 DCRS-00008 2026-07-09_10:00 8.0 -999.9 -999.9 91.9 -999.9 -999.9 6.7 -999.9 -999.9 999.5 -999.9 -999.9 0.0 -999.9 0.0 22.0 0.0 0.0 0.0 0.0 0.2 0.2 8.5 7.2 94.1 89.7 12.2 DCRS_-_Nova_Roma_-_Farroupilha_(180_m) -999.9 -999.9 999.9 998.4 999.5 7.6 5.7 47.0 Rio_Grande_do_Sul DCRS -999.9 0.0 0.0
-29.057501 -51.396099 DCRS-00008 2026-07-09_10:01 8.0 -999.9 -999.9 91.9 -999.9 -999.9 6.7 -999.9 -999.9 999.4 -999.9 -999.9 0.0 -999.9 0.0 22.0 0.0 0.0 0.0 0.0 0.2 0.2 8.5 7.2 94.1 89.7 12.2 DCRS_-_Nova_Roma_-_Farroupilha_(180_m) -999.9 -999.9 999.9 998.4 999.4 7.6 5.7 47.0 Rio_Grande_do_Sul DCRS -999.9 0.0 0.0
-29.057501 -51.396099 DCRS-00008 2026-07-09_10:02 8.0 -999.9 -999.9 92.0 -999.9 -999.9 6.8 -999.9 -999.9 999.4 -999.9 -999.9 0.0 -999.9 0.0 22.0 0.0 0.0 0.0 0.0 0.2 0.2 8.5 7.2 94.1 89.7 12.2 DCRS_-_Nova_Roma_-_Farroupilha_(180_m) -999.9 -999.9 999.9 998.4 999.4 7.6 5.7 47.0 Rio_Grande_do_Sul DCRS -999.9 0.0 0.0
-29.057501 -51.396099 DCRS-00008 2026-07-09_10:03 8.0 -999.9 -999.9 92.2 -999.9 -999.9 6.8 -999.9 -999.9 999.4 -999.9 -999.9 -999.9 -999.9 0.0 21.0 0.0 0.0 0.0 0.0 0.2 0.2 8.5 7.2 94.1 89.7 12.2 DCRS_-_Nova_Roma_-_Farroupilha_(180_m) -999.9 -999.9 999.9 998.4 999.4 7.6 5.7 47.0 Rio_Grande_do_Sul DCRS -999.9 0.0 0.0
-29.057501 -51.396099 DCRS-00008 2026-07-09_10:04 8.1 -999.9 -999.9 92.3 -999.9 -999.9 6.9 -999.9 -999.9 999.4 -999.9 -999.9 -999.9 -999.9 0.0 21.0 0.0 0.0 0.0 0.0 0.2 0.2 8.5 7.2 94.1 89.7 12.2 DCRS_-_Nova_Roma_-_Farroupilha_(180_m) -999.9 -999.9 999.9 998.4 999.4 7.6 5.7 47.0 Rio_Grande_do_Sul DCRS -999.9 0.0 0.0
-29.057501 -51.396099 DCRS-00008 2026-07-09_10:05 8.2 -999.9 -999.9 92.4 -999.9 -999.9 7.0 -999.9 -999.9 999.4 -999.9 -999.9 -999.9 -999.9 3.0 21.0 0.0 0.0 0.0 0.0 0.2 0.2 8.5 7.2 94.1 89.7 12.2 DCRS_-_Nova_Roma_-_Farroupilha_(180_m) -999.9 -999.9 999.9 998.4 999.4 7.6 5.7 47.0 Rio_Grande_do_Sul DCRS -999.9 0.0 0.0
-29.057501 -51.396099 DCRS-00008 2026-07-09_10:06 8.2 -999.9 -999.9 92.2 -999.9 -999.9 7.0 -999.9 -999.9 999.4 -999.9 -999.9 1.8 -999.9 3.0 21.0 0.0 0.0 0.0 0.0 0.2 0.2 8.5 7.2 94.1 89.7 12.2 DCRS_-_Nova_Roma_-_Farroupilha_(180_m) -999.9 -999.9 999.9 998.4 999.4 7.6 5.7 47.0 Rio_Grande_do_Sul DCRS -999.9 0.0 0.0
-29.057501 -51.396099 DCRS-00008 2026-07-09_10:07 8.2 -999.9 -999.9 92.2 -999.9 -999.9 7.0 -999.9 -999.9 999.4 -999.9 -999.9 0.0 -999.9 3.0 20.0 0.0 0.0 0.0 0.0 0.2 0.2 8.5 7.2 94.1 89.7 12.2 DCRS_-_Nova_Roma_-_Farroupilha_(180_m) -999.9 -999.9 999.9 998.4 999.4 7.6 5.7 47.0 Rio_Grande_do_Sul DCRS -999.9 0.0 0.0
-29.057501 -51.396099 DCRS-00008 2026-07-09_10:08 8.3 -999.9 -999.9 92.1 -999.9 -999.9 7.1 -999.9 -999.9 999.4 -999.9 -999.9 0.0 -999.9 3.0 20.0 0.0 0.0 0.0 0.0 0.2 0.2 8.5 7.2 94.1 89.7 12.2 DCRS_-_Nova_Roma_-_Farroupilha_(180_m) -999.9 -999.9 999.9 998.4 999.4 7.6 5.7 47.0 Rio_Grande_do_Sul DCRS -999.9 0.0 0.0
-29.057501 -51.396099 DCRS-00008 2026-07-09_10:09 8.3 -999.9 -999.9 91.9 -999.9 -999.9 7.0 -999.9 -999.9 999.4 -999.9 -999.9 0.0 -999.9 3.0 21.0 0.0 0.0 0.0 0.0 0.2 0.2 8.5 7.2 94.1 89.7 12.2 DCRS_-_Nova_Roma_-_Farroupilha_(180_m) -999.9 -999.9 999.9 998.4 999.4 7.6 5.7 47.0 Rio_Grande_do_Sul DCRS -999.9 0.0 0.0
-29.057501 -51.396099 DCRS-00008 2026-07-09_10:10 8.3 -999.9 -999.9 91.8 -999.9 -999.9 7.0 -999.9 -999.9 999.4 -999.9 -999.9 0.0 -999.9 3.1 20.0 0.0 0.0 0.0 0.0 0.2 0.2 8.5 7.2 94.1 89.7 12.2 DCRS_-_Nova_Roma_-_Farroupilha_(180_m) -999.9 -999.9 999.9 998.4 999.4 7.6 5.7 47.0 Rio_Grande_do_Sul DCRS -999.9 0.0 0.0
-29.057501 -51.396099 DCRS-00008 2026-07-09_10:11 8.4 -999.9 -999.9 91.8 -999.9 -999.9 7.1 -999.9 -999.9 999.4 -999.9 -999.9 0.0 -999.9 3.1 21.0 0.0 0.0 0.0 0.0 0.2 0.2 8.5 7.2 94.1 89.7 12.2 DCRS_-_Nova_Roma_-_Farroupilha_(180_m) -999.9 -999.9 999.9 998.4 999.4 7.6 5.7 47.0 Rio_Grande_do_Sul DCRS -999.9 0.0 0.0
-29.057501 -51.396099 DCRS-00008 2026-07-09_10:12 8.4 -999.9 -999.9 91.8 -999.9 -999.9 7.1 -999.9 -999.9 999.4 -999.9 -999.9 0.0 -999.9 3.1 21.0 0.0 0.0 0.0 0.0 0.2 0.2 8.5 7.2 94.1 89.7 12.2 DCRS_-_Nova_Roma_-_Farroupilha_(180_m) -999.9 -999.9 999.9 998.4 999.4 7.6 5.7 47.0 Rio_Grande_do_Sul DCRS -999.9 0.0 0.0
-29.057501 -51.396099 DCRS-00008 2026-07-09_10:13 8.4 -999.9 -999.9 91.7 -999.9 -999.9 7.1 -999.9 -999.9 999.4 -999.9 -999.9 0.0 -999.9 3.1 21.0 0.0 0.0 0.0 0.0 0.2 0.2 8.5 7.2 94.1 89.7 12.2 DCRS_-_Nova_Roma_-_Farroupilha_(180_m) -999.9 -999.9 999.9 998.4 999.4 7.6 5.7 47.0 Rio_Grande_do_Sul DCRS -999.9 0.0 0.0
-29.057501 -51.396099 DCRS-00008 2026-07-09_10:14 8.4 -999.9 -999.9 91.8 -999.9 -999.9 7.1 -999.9 -999.9 999.4 -999.9 -999.9 0.0 -999.9 3.1 22.0 0.0 0.0 0.0 0.0 0.2 0.2 8.5 7.2 94.1 89.7 12.2 DCRS_-_Nova_Roma_-_Farroupilha_(180_m) -999.9 -999.9 999.9 998.4 999.4 7.6 5.7 47.0 Rio_Grande_do_Sul DCRS -999.9 0.0 0.0
-29.057501 -51.396099 DCRS-00008 2026-07-09_10:15 8.4 -999.9 -999.9 91.8 -999.9 -999.9 7.1 -999.9 -999.9 999.4 -999.9 -999.9 0.0 -999.9 0.0 23.0 0.0 0.0 0.0 0.0 0.2 0.2 8.5 7.2 94.1 89.7 12.2 DCRS_-_Nova_Roma_-_Farroupilha_(180_m) -999.9 -999.9 999.9 998.4 999.4 7.6 5.7 47.0 Rio_Grande_do_Sul DCRS -999.9 0.0 0.0
-29.057501 -51.396099 DCRS-00008 2026-07-09_10:16 8.5 -999.9 -999.9 91.8 -999.9 -999.9 7.2 -999.9 -999.9 999.4 -999.9 -999.9 0.0 -999.9 0.0 23.0 0.0 0.0 0.0 0.0 0.2 0.2 8.5 7.2 94.1 89.7 12.2 DCRS_-_Nova_Roma_-_Farroupilha_(180_m) -999.9 -999.9 999.9 998.4 999.4 7.6 5.7 47.0 Rio_Grande_do_Sul DCRS -999.9 0.0 0.0
-29.057501 -51.396099 DCRS-00008 2026-07-09_10:17 8.4 -999.9 -999.9 91.9 -999.9 -999.9 7.1 -999.9 -999.9 999.4 -999.9 -999.9 0.0 -999.9 0.0 23.0 0.0 0.0 0.0 0.0 0.2 0.2 8.5 7.2 94.1 89.7 12.2 DCRS_-_Nova_Roma_-_Farroupilha_(180_m) -999.9 -999.9 999.9 998.4 999.4 7.6 5.7 47.0 Rio_Grande_do_Sul DCRS -999.9 0.0 0.0
-29.057501 -51.396099 DCRS-00008 2026-07-09_10:18 8.4 -999.9 -999.9 92.0 -999.9 -999.9 7.2 -999.9 -999.9 999.3 -999.9 -999.9 0.0 -999.9 0.0 24.0 0.0 0.0 0.0 0.0 0.2 0.2 8.5 7.2 94.1 89.7 12.2 DCRS_-_Nova_Roma_-_Farroupilha_(180_m) -999.9 -999.9 999.9 998.4 999.3 7.6 5.7 47.0 Rio_Grande_do_Sul DCRS -999.9 0.0 0.0
-29.057501 -51.396099 DCRS-00008 2026-07-09_10:19 8.5 -999.9 -999.9 92.0 -999.9 -999.9 7.3 -999.9 -999.9 999.3 -999.9 -999.9 0.0 -999.9 0.0 26.0 0.0 0.0 0.0 0.0 0.2 0.2 8.5 7.2 94.1 89.7 12.2 DCRS_-_Nova_Roma_-_Farroupilha_(180_m) -999.9 -999.9 999.9 998.4 999.3 7.6 5.7 47.0 Rio_Grande_do_Sul DCRS -999.9 0.0 0.0
-29.057501 -51.396099 DCRS-00008 2026-07-09_10:20 8.6 -999.9 -999.9 91.9 -999.9 -999.9 7.3 -999.9 -999.9 999.3 -999.9 -999.9 0.0 -999.9 0.0 27.0 0.0 0.0 0.0 0.0 0.2 0.2 8.6 7.2 94.1 89.7 12.2 DCRS_-_Nova_Roma_-_Farroupilha_(180_m) -999.9 -999.9 999.9 998.4 999.3 7.6 5.7 47.0 Rio_Grande_do_Sul DCRS -999.9 0.0 0.0
-29.057501 -51.396099 DCRS-00008 2026-07-09_10:21 8.5 -999.9 -999.9 91.8 -999.9 -999.9 7.2 -999.9 -999.9 999.3 -999.9 -999.9 0.0 -999.9 0.0 27.0 0.0 0.0 0.0 0.0 0.2 0.2 8.6 7.2 94.1 89.7 12.2 DCRS_-_Nova_Roma_-_Farroupilha_(180_m) -999.9 -999.9 999.9 998.4 999.3 7.6 5.7 47.0 Rio_Grande_do_Sul DCRS -999.9 0.0 0.0
-29.057501 -51.396099 DCRS-00008 2026-07-09_10:22 8.6 -999.9 -999.9 91.7 -999.9 -999.9 7.3 -999.9 -999.9 999.3 -999.9 -999.9 0.0 -999.9 0.0 28.0 0.0 0.0 0.0 0.0 0.2 0.2 8.6 7.2 94.1 89.7 12.2 DCRS_-_Nova_Roma_-_Farroupilha_(180_m) -999.9 -999.9 999.9 998.4 999.3 7.6 5.7 47.0 Rio_Grande_do_Sul DCRS -999.9 0.0 0.0
-29.057501 -51.396099 DCRS-00008 2026-07-09_10:23 8.6 -999.9 -999.9 91.5 -999.9 -999.9 7.3 -999.9 -999.9 999.3 -999.9 -999.9 0.0 -999.9 0.0 29.0 0.0 0.0 0.0 0.0 0.2 0.2 8.6 7.2 94.1 89.7 12.2 DCRS_-_Nova_Roma_-_Farroupilha_(180_m) -999.9 -999.9 999.9 998.4 999.3 7.6 5.7 47.0 Rio_Grande_do_Sul DCRS -999.9 0.0 0.0
-29.057501 -51.396099 DCRS-00008 2026-07-09_10:24 8.7 -999.9 -999.9 91.3 -999.9 -999.9 7.3 -999.9 -999.9 999.4 -999.9 -999.9 0.0 -999.9 0.0 30.0 0.0 0.0 0.0 0.0 0.2 0.2 8.7 7.2 94.1 89.7 12.2 DCRS_-_Nova_Roma_-_Farroupilha_(180_m) -999.9 -999.9 999.9 998.4 999.4 7.6 5.7 47.0 Rio_Grande_do_Sul DCRS -999.9 0.0 0.0
-29.057501 -51.396099 DCRS-00008 2026-07-09_10:25 8.7 -999.9 -999.9 91.0 -999.9 -999.9 7.3 -999.9 -999.9 999.4 -999.9 -999.9 0.0 -999.9 0.0 31.0 0.0 0.0 0.0 0.0 0.2 0.2 8.7 7.2 94.1 89.7 12.2 DCRS_-_Nova_Roma_-_Farroupilha_(180_m) -999.9 -999.9 999.9 998.4 999.4 7.6 5.7 47.0 Rio_Grande_do_Sul DCRS -999.9 0.0 0.0
-29.057501 -51.396099 DCRS-00008 2026-07-09_10:26 8.8 -999.9 -999.9 90.7 -999.9 -999.9 7.3 -999.9 -999.9 999.4 -999.9 -999.9 0.0 -999.9 0.0 32.0 0.0 0.0 0.0 0.0 0.2 0.2 8.8 7.2 94.1 89.7 12.2 DCRS_-_Nova_Roma_-_Farroupilha_(180_m) -999.9 -999.9 999.9 998.4 999.4 7.6 5.7 47.0 Rio_Grande_do_Sul DCRS -999.9 0.0 0.0
-29.057501 -51.396099 DCRS-00008 2026-07-09_10:27 8.9 -999.9 -999.9 90.5 -999.9 -999.9 7.4 -999.9 -999.9 999.4 -999.9 -999.9 0.0 -999.9 0.0 34.0 0.0 0.0 0.0 0.0 0.2 0.2 8.9 7.2 94.1 89.7 12.2 DCRS_-_Nova_Roma_-_Farroupilha_(180_m) -999.9 -999.9 999.9 998.4 999.4 7.6 5.7 47.0 Rio_Grande_do_Sul DCRS -999.9 0.0 0.0
-29.057501 -51.396099 DCRS-00008 2026-07-09_10:28 8.9 -999.9 -999.9 90.3 -999.9 -999.9 7.4 -999.9 -999.9 999.4 -999.9 -999.9 -999.9 -999.9 0.0 34.0 0.0 0.0 0.0 0.0 0.2 0.2 8.9 7.2 94.1 89.7 12.2 DCRS_-_Nova_Roma_-_Farroupilha_(180_m) -999.9 -999.9 999.9 998.4 999.4 7.6 5.7 47.0 Rio_Grande_do_Sul DCRS -999.9 0.0 0.0
-29.057501 -51.396099 DCRS-00008 2026-07-09_10:29 9.0 -999.9 -999.9 90.2 -999.9 -999.9 7.5 -999.9 -999.9 999.4 -999.9 -999.9 0.0 -999.9 0.0 36.0 0.0 0.0 0.0 0.0 0.2 0.2 9.0 7.2 94.1 89.7 12.2 DCRS_-_Nova_Roma_-_Farroupilha_(180_m) -999.9 -999.9 999.9 998.4 999.4 7.6 5.7 47.0 Rio_Grande_do_Sul DCRS -999.9 0.0 0.0
-29.057501 -51.396099 DCRS-00008 2026-07-09_10:30 9.1 -999.9 -999.9 89.9 -999.9 -999.9 7.5 -999.9 -999.9 999.4 -999.9 -999.9 0.0 -999.9 3.3 38.0 0.0 0.0 0.0 0.0 0.2 0.2 9.1 7.2 94.1 89.7 12.2 DCRS_-_Nova_Roma_-_Farroupilha_(180_m) -999.9 -999.9 999.9 998.4 999.4 7.6 5.7 47.0 Rio_Grande_do_Sul DCRS -999.9 0.0 0.0
-29.057501 -51.396099 DCRS-00008 2026-07-09_10:31 9.2 -999.9 -999.9 89.8 -999.9 -999.9 7.6 -999.9 -999.9 999.4 -999.9 -999.9 0.0 -999.9 3.3 39.0 0.0 0.0 0.0 0.0 0.2 0.2 9.2 7.2 94.1 89.7 12.2 DCRS_-_Nova_Roma_-_Farroupilha_(180_m) -999.9 -999.9 999.9 998.4 999.4 7.6 5.7 47.0 Rio_Grande_do_Sul DCRS -999.9 0.0 0.0
-29.057501 -51.396099 DCRS-00008 2026-07-09_10:32 9.3 -999.9 -999.9 89.5 -999.9 -999.9 7.6 -999.9 -999.9 999.4 -999.9 -999.9 0.0 -999.9 3.3 41.0 0.0 0.0 0.0 0.0 0.2 0.2 9.3 7.2 94.1 89.5 12.2 DCRS_-_Nova_Roma_-_Farroupilha_(180_m) -999.9 -999.9 999.9 998.4 999.4 7.6 5.7 47.0 Rio_Grande_do_Sul DCRS -999.9 0.0 0.0
-29.057501 -51.396099 DCRS-00008 2026-07-09_10:33 9.3 -999.9 -999.9 89.1 -999.9 -999.9 7.6 -999.9 -999.9 999.4 -999.9 -999.9 0.0 -999.9 3.3 43.0 0.0 0.0 0.0 0.0 0.2 0.2 9.3 7.2 94.1 89.1 12.2 DCRS_-_Nova_Roma_-_Farroupilha_(180_m) -999.9 -999.9 999.9 998.4 999.4 7.6 5.7 47.0 Rio_Grande_do_Sul DCRS -999.9 0.0 0.0
-29.057501 -51.396099 DCRS-00008 2026-07-09_10:34 9.4 -999.9 -999.9 89.0 -999.9 -999.9 7.7 -999.9 -999.9 999.4 -999.9 -999.9 0.0 -999.9 3.3 46.0 0.0 0.0 0.0 0.0 0.2 0.2 9.4 7.2 94.1 89.0 12.2 DCRS_-_Nova_Roma_-_Farroupilha_(180_m) -999.9 -999.9 999.9 998.4 999.4 7.7 5.7 47.0 Rio_Grande_do_Sul DCRS -999.9 0.0 0.0
-29.057501 -51.396099 DCRS-00008 2026-07-09_10:35 9.4 -999.9 -999.9 89.0 -999.9 -999.9 7.7 -999.9 -999.9 999.4 -999.9 -999.9 0.0 -999.9 0.0 48.0 0.0 0.0 0.0 0.0 0.2 0.2 9.4 7.2 94.1 89.0 12.2 DCRS_-_Nova_Roma_-_Farroupilha_(180_m) -999.9 -999.9 999.9 998.4 999.4 7.7 5.7 48.0 Rio_Grande_do_Sul DCRS -999.9 0.0 0.0
-29.057501 -51.396099 DCRS-00008 2026-07-09_10:36 9.5 -999.9 -999.9 88.3 -999.9 -999.9 7.6 -999.9 -999.9 999.4 -999.9 -999.9 0.0 -999.9 0.0 51.0 0.0 0.0 0.0 0.0 0.2 0.2 9.5 7.2 94.1 88.3 12.2 DCRS_-_Nova_Roma_-_Farroupilha_(180_m) -999.9 -999.9 999.9 998.4 999.4 7.7 5.7 51.0 Rio_Grande_do_Sul DCRS -999.9 0.0 0.0
-29.057501 -51.396099 DCRS-00008 2026-07-09_10:37 9.6 -999.9 -999.9 88.6 -999.9 -999.9 7.8 -999.9 -999.9 999.3 -999.9 -999.9 0.0 -999.9 0.0 55.0 0.0 0.0 0.0 0.0 0.2 0.2 9.6 7.2 94.1 88.3 12.2 DCRS_-_Nova_Roma_-_Farroupilha_(180_m) -999.9 -999.9 999.9 998.4 999.3 7.8 5.7 55.0 Rio_Grande_do_Sul DCRS -999.9 0.0 0.0
-29.057501 -51.396099 DCRS-00008 2026-07-09_10:38 9.6 -999.9 -999.9 88.9 -999.9 -999.9 7.8 -999.9 -999.9 999.3 -999.9 -999.9 0.0 -999.9 0.0 57.0 0.0 0.0 0.0 0.0 0.2 0.2 9.6 7.2 94.1 88.3 12.2 DCRS_-_Nova_Roma_-_Farroupilha_(180_m) -999.9 -999.9 999.9 998.4 999.3 7.8 5.7 57.0 Rio_Grande_do_Sul DCRS -999.9 0.0 0.0
-29.057501 -51.396099 DCRS-00008 2026-07-09_10:39 9.7 -999.9 -999.9 89.2 -999.9 -999.9 8.0 -999.9 -999.9 999.2 -999.9 -999.9 0.0 -999.9 0.0 60.0 0.0 0.0 0.0 0.0 0.2 0.2 9.7 7.2 94.1 88.3 12.2 DCRS_-_Nova_Roma_-_Farroupilha_(180_m) -999.9 -999.9 999.9 998.4 999.2 8.0 5.7 60.0 Rio_Grande_do_Sul DCRS -999.9 0.0 0.0
-29.057501 -51.396099 DCRS-00008 2026-07-09_10:40 9.8 -999.9 -999.9 89.4 -999.9 -999.9 8.1 -999.9 -999.9 999.2 -999.9 -999.9 0.0 -999.9 1.9 62.0 0.0 0.0 0.0 0.0 0.2 0.2 9.8 7.2 94.1 88.3 12.2 DCRS_-_Nova_Roma_-_Farroupilha_(180_m) -999.9 -999.9 999.9 998.4 999.2 8.1 5.7 62.0 Rio_Grande_do_Sul DCRS -999.9 0.0 0.0
-29.057501 -51.396099 DCRS-00008 2026-07-09_10:41 9.8 -999.9 -999.9 89.5 -999.9 -999.9 8.1 -999.9 -999.9 999.1 -999.9 -999.9 0.0 -999.9 1.9 65.0 0.0 0.0 0.0 0.0 0.2 0.2 9.8 7.2 94.1 88.3 12.2 DCRS_-_Nova_Roma_-_Farroupilha_(180_m) -999.9 -999.9 999.9 998.4 999.1 8.1 5.7 65.0 Rio_Grande_do_Sul DCRS -999.9 0.0 0.0
-29.057501 -51.396099 DCRS-00008 2026-07-09_10:42 9.9 -999.9 -999.9 89.6 -999.9 -999.9 8.3 -999.9 -999.9 999.1 -999.9 -999.9 0.0 -999.9 1.9 67.0 0.0 0.0 0.0 0.0 0.2 0.2 9.9 7.2 94.1 88.3 12.2 DCRS_-_Nova_Roma_-_Farroupilha_(180_m) -999.9 -999.9 999.9 998.4 999.1 8.3 5.7 67.0 Rio_Grande_do_Sul DCRS -999.9 0.0 0.0
-29.057501 -51.396099 DCRS-00008 2026-07-09_10:43 9.9 -999.9 -999.9 90.0 -999.9 -999.9 8.3 -999.9 -999.9 999.1 -999.9 -999.9 0.0 -999.9 1.9 69.0 0.0 0.0 0.0 0.0 0.2 0.2 9.9 7.2 94.1 88.3 12.2 DCRS_-_Nova_Roma_-_Farroupilha_(180_m) -999.9 -999.9 999.9 998.4 999.1 8.3 5.7 69.0 Rio_Grande_do_Sul DCRS -999.9 0.0 0.0
-29.057501 -51.396099 DCRS-00008 2026-07-09_10:44 9.9 -999.9 -999.9 89.9 -999.9 -999.9 8.3 -999.9 -999.9 999.1 -999.9 -999.9 0.0 -999.9 1.9 71.0 0.0 0.0 0.0 0.0 0.2 0.2 9.9 7.2 94.1 88.3 12.2 DCRS_-_Nova_Roma_-_Farroupilha_(180_m) -999.9 -999.9 999.9 998.4 999.1 8.3 5.7 71.0 Rio_Grande_do_Sul DCRS -999.9 0.0 0.0
-29.057501 -51.396099 DCRS-00008 2026-07-09_10:45 9.9 -999.9 -999.9 89.5 -999.9 -999.9 8.2 -999.9 -999.9 999.0 -999.9 -999.9 0.0 -999.9 0.0 73.0 0.0 0.0 0.0 0.0 0.2 0.2 9.9 7.2 94.1 88.3 12.2 DCRS_-_Nova_Roma_-_Farroupilha_(180_m) -999.9 -999.9 999.9 998.4 999.0 8.3 5.7 73.0 Rio_Grande_do_Sul DCRS -999.9 0.0 0.0
-29.057501 -51.396099 DCRS-00008 2026-07-09_10:46 10.1 -999.9 -999.9 89.5 -999.9 -999.9 8.4 -999.9 -999.9 999.0 -999.9 -999.9 0.0 -999.9 0.0 74.0 0.0 0.0 0.0 0.0 0.2 0.2 10.1 7.2 94.1 88.3 12.2 DCRS_-_Nova_Roma_-_Farroupilha_(180_m) -999.9 -999.9 999.9 998.4 999.0 8.4 5.7 74.0 Rio_Grande_do_Sul DCRS -999.9 0.0 0.0
-29.057501 -51.396099 DCRS-00008 2026-07-09_10:47 10.1 -999.9 -999.9 89.2 -999.9 -999.9 8.4 -999.9 -999.9 999.0 -999.9 -999.9 0.0 -999.9 0.0 76.0 0.0 0.0 0.0 0.0 0.2 0.2 10.1 7.2 94.1 88.3 12.2 DCRS_-_Nova_Roma_-_Farroupilha_(180_m) -999.9 -999.9 999.9 998.4 999.0 8.4 5.7 76.0 Rio_Grande_do_Sul DCRS -999.9 0.0 0.0
-29.057501 -51.396099 DCRS-00008 2026-07-09_10:48 10.2 -999.9 -999.9 89.2 -999.9 -999.9 8.5 -999.9 -999.9 999.0 -999.9 -999.9 0.0 -999.9 0.0 77.0 0.0 0.0 0.0 0.0 0.2 0.2 10.2 7.2 94.1 88.3 12.2 DCRS_-_Nova_Roma_-_Farroupilha_(180_m) -999.9 -999.9 999.9 998.4 999.0 8.5 5.7 77.0 Rio_Grande_do_Sul DCRS -999.9 0.0 0.0
-29.057501 -51.396099 DCRS-00008 2026-07-09_10:49 10.3 -999.9 -999.9 89.0 -999.9 -999.9 8.5 -999.9 -999.9 999.0 -999.9 -999.9 0.0 -999.9 0.0 77.0 0.0 0.0 0.0 0.0 0.2 0.2 10.3 7.2 94.1 88.3 12.2 DCRS_-_Nova_Roma_-_Farroupilha_(180_m) -999.9 -999.9 999.9 998.4 999.0 8.5 5.7 77.0 Rio_Grande_do_Sul DCRS -999.9 0.0 0.0
-29.057501 -51.396099 DCRS-00008 2026-07-09_10:51 10.4 -999.9 -999.9 89.3 -999.9 -999.9 8.7 -999.9 -999.9 998.9 -999.9 -999.9 0.0 -999.9 2.1 77.0 0.0 0.0 0.0 0.0 0.2 0.2 10.4 7.2 94.1 88.3 12.2 DCRS_-_Nova_Roma_-_Farroupilha_(180_m) -999.9 -999.9 999.9 998.4 998.9 8.7 5.7 77.0 Rio_Grande_do_Sul DCRS -999.9 0.0 0.0
-29.057501 -51.396099 DCRS-00008 2026-07-09_10:52 10.4 -999.9 -999.9 89.5 -999.9 -999.9 8.7 -999.9 -999.9 998.9 -999.9 -999.9 0.0 -999.9 2.1 78.0 0.0 0.0 0.0 0.0 0.2 0.2 10.4 7.2 94.1 88.3 12.2 DCRS_-_Nova_Roma_-_Farroupilha_(180_m) -999.9 -999.9 999.9 998.4 998.9 8.7 5.7 78.0 Rio_Grande_do_Sul DCRS -999.9 0.0 0.0
-29.057501 -51.396099 DCRS-00008 2026-07-09_10:53 10.5 -999.9 -999.9 89.6 -999.9 -999.9 8.8 -999.9 -999.9 998.8 -999.9 -999.9 0.0 -999.9 2.1 80.0 0.0 0.0 0.0 0.0 0.2 0.2 10.5 7.2 94.1 88.3 12.2 DCRS_-_Nova_Roma_-_Farroupilha_(180_m) -999.9 -999.9 999.9 998.4 998.8 8.8 5.7 80.0 Rio_Grande_do_Sul DCRS -999.9 0.0 0.0
-29.057501 -51.396099 DCRS-00008 2026-07-09_10:54 10.5 -999.9 -999.9 89.6 -999.9 -999.9 8.8 -999.9 -999.9 998.8 -999.9 -999.9 0.0 -999.9 2.1 80.0 0.0 0.0 0.0 0.0 0.2 0.2 10.5 7.2 94.1 88.3 12.2 DCRS_-_Nova_Roma_-_Farroupilha_(180_m) -999.9 -999.9 999.9 998.4 998.8 8.8 5.7 80.0 Rio_Grande_do_Sul DCRS -999.9 0.0 0.0
-29.057501 -51.396099 DCRS-00008 2026-07-09_10:55 10.5 -999.9 -999.9 89.4 -999.9 -999.9 8.8 -999.9 -999.9 998.8 -999.9 -999.9 0.0 -999.9 2.5 80.0 0.0 0.0 0.0 0.0 0.2 0.2 10.5 7.2 94.1 88.3 12.2 DCRS_-_Nova_Roma_-_Farroupilha_(180_m) -999.9 -999.9 999.9 998.4 998.8 8.8 5.7 80.0 Rio_Grande_do_Sul DCRS -999.9 0.0 0.0
-29.057501 -51.396099 DCRS-00008 2026-07-09_10:56 10.6 -999.9 -999.9 89.1 -999.9 -999.9 8.9 -999.9 -999.9 998.8 -999.9 -999.9 0.0 -999.9 2.5 83.0 0.0 0.0 0.0 0.0 0.2 0.2 10.6 7.2 94.1 88.3 12.2 DCRS_-_Nova_Roma_-_Farroupilha_(180_m) -999.9 -999.9 999.9 998.4 998.8 8.9 5.7 83.0 Rio_Grande_do_Sul DCRS -999.9 0.0 0.0
-29.057501 -51.396099 DCRS-00008 2026-07-09_10:57 10.6 -999.9 -999.9 88.8 -999.9 -999.9 8.8 -999.9 -999.9 998.8 -999.9 -999.9 0.0 -999.9 2.5 83.0 0.0 0.0 0.0 0.0 0.2 0.2 10.6 7.2 94.1 88.3 12.2 DCRS_-_Nova_Roma_-_Farroupilha_(180_m) -999.9 -999.9 999.9 998.4 998.8 8.9 5.7 83.0 Rio_Grande_do_Sul DCRS -999.9 0.0 0.0
-29.057501 -51.396099 DCRS-00008 2026-07-09_10:58 10.7 -999.9 -999.9 88.7 -999.9 -999.9 8.9 -999.9 -999.9 998.7 -999.9 -999.9 0.0 -999.9 2.5 83.0 0.0 0.0 0.0 0.0 0.2 0.2 10.7 7.2 94.1 88.3 12.2 DCRS_-_Nova_Roma_-_Farroupilha_(180_m) -999.9 -999.9 999.9 998.4 998.7 8.9 5.7 83.0 Rio_Grande_do_Sul DCRS -999.9 0.0 0.0
-29.057501 -51.396099 DCRS-00008 2026-07-09_11:00 10.8 -999.9 -999.9 88.3 -999.9 -999.9 8.9 -999.9 -999.9 998.7 -999.9 -999.9 0.0 -999.9 0.0 84.0 0.0 0.0 0.0 0.0 0.2 0.2 10.8 7.2 94.1 88.3 12.2 DCRS_-_Nova_Roma_-_Farroupilha_(180_m) -999.9 -999.9 999.9 998.4 998.7 9.0 5.7 84.0 Rio_Grande_do_Sul DCRS -999.9 0.0 0.0
-29.057501 -51.396099 DCRS-00008 2026-07-09_11:01 10.8 -999.9 -999.9 86.9 -999.9 -999.9 8.7 -999.9 -999.9 998.7 -999.9 -999.9 0.0 -999.9 0.0 86.0 0.0 0.0 0.0 0.0 0.2 0.2 10.8 7.2 94.1 86.9 12.2 DCRS_-_Nova_Roma_-_Farroupilha_(180_m) -999.9 -999.9 999.9 998.4 998.7 9.0 5.7 86.0 Rio_Grande_do_Sul DCRS -999.9 0.0 0.0
-29.057501 -51.396099 DCRS-00008 2026-07-09_11:02 10.9 -999.9 -999.9 86.8 -999.9 -999.9 8.8 -999.9 -999.9 998.7 -999.9 -999.9 0.0 -999.9 0.0 87.0 0.0 0.0 0.0 0.0 0.2 0.2 10.9 7.2 94.1 86.8 12.2 DCRS_-_Nova_Roma_-_Farroupilha_(180_m) -999.9 -999.9 999.9 998.4 998.7 9.0 5.7 87.0 Rio_Grande_do_Sul DCRS -999.9 0.0 0.0
-29.057501 -51.396099 DCRS-00008 2026-07-09_11:03 11.0 -999.9 -999.9 86.7 -999.9 -999.9 8.8 -999.9 -999.9 998.7 -999.9 -999.9 0.0 -999.9 0.0 88.0 0.0 0.0 0.0 0.0 0.2 0.2 11.0 7.2 94.1 86.7 12.2 DCRS_-_Nova_Roma_-_Farroupilha_(180_m) -999.9 -999.9 999.9 998.4 998.7 9.0 5.7 88.0 Rio_Grande_do_Sul DCRS -999.9 0.0 0.0
-29.057501 -51.396099 DCRS-00008 2026-07-09_11:04 11.1 -999.9 -999.9 86.7 -999.9 -999.9 8.9 -999.9 -999.9 998.6 -999.9 -999.9 0.0 -999.9 0.0 89.0 0.0 0.0 0.0 0.0 0.2 0.2 11.1 7.2 94.1 86.7 12.2 DCRS_-_Nova_Roma_-_Farroupilha_(180_m) -999.9 -999.9 999.9 998.4 998.6 9.0 5.7 89.0 Rio_Grande_do_Sul DCRS -999.9 0.0 0.0
-29.057501 -51.396099 DCRS-00008 2026-07-09_11:06 11.2 -999.9 -999.9 86.1 -999.9 -999.9 8.9 -999.9 -999.9 998.7 -999.9 -999.9 0.0 -999.9 0.0 90.0 0.0 0.0 0.0 0.0 0.2 0.2 11.2 7.2 94.1 86.1 12.2 DCRS_-_Nova_Roma_-_Farroupilha_(180_m) -999.9 -999.9 999.9 998.4 998.7 9.0 5.7 90.0 Rio_Grande_do_Sul DCRS -999.9 0.0 0.0
-29.057501 -51.396099 DCRS-00008 2026-07-09_11:08 11.3 -999.9 -999.9 86.0 -999.9 -999.9 9.0 -999.9 -999.9 998.7 -999.9 -999.9 0.0 -999.9 0.0 90.0 0.0 0.0 0.0 0.0 0.2 0.2 11.3 7.2 94.1 86.0 12.2 DCRS_-_Nova_Roma_-_Farroupilha_(180_m) -999.9 -999.9 999.9 998.4 998.7 9.0 5.7 90.0 Rio_Grande_do_Sul DCRS -999.9 0.0 0.0
-29.057501 -51.396099 DCRS-00008 2026-07-09_11:09 11.3 -999.9 -999.9 85.4 -999.9 -999.9 8.9 -999.9 -999.9 998.8 -999.9 -999.9 0.0 -999.9 0.0 91.0 0.0 0.0 0.0 0.0 0.2 0.2 11.3 7.2 94.1 85.4 12.2 DCRS_-_Nova_Roma_-_Farroupilha_(180_m) -999.9 -999.9 999.9 998.4 998.8 9.0 5.7 91.0 Rio_Grande_do_Sul DCRS -999.9 0.0 0.0
-29.057501 -51.396099 DCRS-00008 2026-07-09_11:10 11.4 -999.9 -999.9 84.1 -999.9 -999.9 8.8 -999.9 -999.9 998.8 -999.9 -999.9 0.0 -999.9 1.8 94.0 0.0 0.0 0.0 0.0 0.2 0.2 11.4 7.2 94.1 84.1 12.2 DCRS_-_Nova_Roma_-_Farroupilha_(180_m) -999.9 -999.9 999.9 998.4 998.8 9.0 5.7 94.0 Rio_Grande_do_Sul DCRS -999.9 0.0 0.0
-29.057501 -51.396099 DCRS-00008 2026-07-09_11:12 11.6 -999.9 -999.9 83.2 -999.9 -999.9 8.8 -999.9 -999.9 998.7 -999.9 -999.9 0.0 -999.9 1.8 135.0 0.0 0.0 0.0 0.0 0.2 0.2 11.6 7.2 94.1 83.1 12.2 DCRS_-_Nova_Roma_-_Farroupilha_(180_m) -999.9 -999.9 999.9 998.4 998.7 9.0 5.7 135.0 Rio_Grande_do_Sul DCRS -999.9 0.0 0.0
-29.057501 -51.396099 DCRS-00008 2026-07-09_11:13 11.7 -999.9 -999.9 82.3 -999.9 -999.9 8.8 -999.9 -999.9 998.7 -999.9 -999.9 0.0 -999.9 1.8 128.0 0.0 0.0 0.0 0.0 0.2 0.2 11.7 7.2 94.1 82.3 12.2 DCRS_-_Nova_Roma_-_Farroupilha_(180_m) -999.9 -999.9 999.9 998.4 998.7 9.0 5.7 135.0 Rio_Grande_do_Sul DCRS -999.9 0.0 0.0
-29.057501 -51.396099 DCRS-00008 2026-07-09_11:14 11.7 -999.9 -999.9 81.7 -999.9 -999.9 8.6 -999.9 -999.9 998.6 -999.9 -999.9 0.0 -999.9 1.8 129.0 0.0 0.0 0.0 0.0 0.2 0.2 11.7 7.2 94.1 81.7 12.2 DCRS_-_Nova_Roma_-_Farroupilha_(180_m) -999.9 -999.9 999.9 998.4 998.6 9.0 5.7 135.0 Rio_Grande_do_Sul DCRS -999.9 0.0 0.0
-29.057501 -51.396099 DCRS-00008 2026-07-09_11:15 11.9 -999.9 -999.9 80.9 -999.9 -999.9 8.7 -999.9 -999.9 998.6 -999.9 -999.9 0.0 -999.9 0.0 149.0 0.0 0.0 0.0 0.0 0.2 0.2 11.9 7.2 94.1 80.9 12.2 DCRS_-_Nova_Roma_-_Farroupilha_(180_m) -999.9 -999.9 999.9 998.4 998.6 9.0 5.7 149.0 Rio_Grande_do_Sul DCRS -999.9 0.0 0.0
-29.057501 -51.396099 DCRS-00008 2026-07-09_11:16 12.0 -999.9 -999.9 81.1 -999.9 -999.9 8.8 -999.9 -999.9 998.6 -999.9 -999.9 0.0 -999.9 0.0 213.0 0.0 0.0 0.0 0.0 0.2 0.2 12.0 7.2 94.1 80.9 12.2 DCRS_-_Nova_Roma_-_Farroupilha_(180_m) -999.9 -999.9 999.9 998.4 998.6 9.0 5.7 213.0 Rio_Grande_do_Sul DCRS -999.9 0.0 0.0
-29.057501 -51.396099 DCRS-00008 2026-07-09_11:17 12.2 -999.9 -999.9 80.8 -999.9 -999.9 9.0 -999.9 -999.9 998.5 -999.9 -999.9 0.0 -999.9 0.0 241.0 0.0 0.0 0.0 0.0 0.2 0.2 12.2 7.2 94.1 80.8 12.2 DCRS_-_Nova_Roma_-_Farroupilha_(180_m) -999.9 -999.9 999.9 998.4 998.5 9.0 5.7 241.0 Rio_Grande_do_Sul DCRS -999.9 0.0 0.0
-29.057501 -51.396099 DCRS-00008 2026-07-09_11:18 12.3 -999.9 -999.9 81.1 -999.9 -999.9 9.1 -999.9 -999.9 998.5 -999.9 -999.9 0.0 -999.9 0.0 244.0 0.0 0.0 0.0 0.0 0.2 0.2 12.3 7.2 94.1 80.8 12.2 DCRS_-_Nova_Roma_-_Farroupilha_(180_m) -999.9 -999.9 999.9 998.4 998.5 9.1 5.7 244.0 Rio_Grande_do_Sul DCRS -999.9 0.0 0.0
-29.057501 -51.396099 DCRS-00008 2026-07-09_11:19 12.4 -999.9 -999.9 80.5 -999.9 -999.9 9.1 -999.9 -999.9 998.5 -999.9 -999.9 0.0 -999.9 0.0 254.0 0.0 0.0 0.0 0.0 0.2 0.2 12.4 7.2 94.1 80.5 12.2 DCRS_-_Nova_Roma_-_Farroupilha_(180_m) -999.9 -999.9 999.9 998.4 998.5 9.1 5.7 254.0 Rio_Grande_do_Sul DCRS -999.9 0.0 0.0
-29.057501 -51.396099 DCRS-00008 2026-07-09_11:20 12.6 -999.9 -999.9 80.4 -999.9 -999.9 9.3 -999.9 -999.9 998.5 -999.9 -999.9 0.0 -999.9 0.0 277.0 0.0 0.0 0.0 0.0 0.2 0.2 12.6 7.2 94.1 80.4 12.2 DCRS_-_Nova_Roma_-_Farroupilha_(180_m) -999.9 -999.9 999.9 998.4 998.5 9.3 5.7 277.0 Rio_Grande_do_Sul DCRS -999.9 0.0 0.0
-29.057501 -51.396099 DCRS-00008 2026-07-09_11:21 12.8 -999.9 -999.9 78.7 -999.9 -999.9 9.2 -999.9 -999.9 998.6 -999.9 -999.9 0.0 -999.9 0.0 255.0 0.0 0.0 0.0 0.0 0.2 0.2 12.8 7.2 94.1 78.7 12.2 DCRS_-_Nova_Roma_-_Farroupilha_(180_m) -999.9 -999.9 999.9 998.4 998.6 9.3 5.7 277.0 Rio_Grande_do_Sul DCRS -999.9 0.0 0.0
-29.057501 -51.396099 DCRS-00008 2026-07-09_11:22 13.0 -999.9 -999.9 78.1 -999.9 -999.9 9.2 -999.9 -999.9 998.6 -999.9 -999.9 0.0 -999.9 0.0 236.0 0.0 0.0 0.0 0.0 0.2 0.2 13.0 7.2 94.1 78.1 12.2 DCRS_-_Nova_Roma_-_Farroupilha_(180_m) -999.9 -999.9 999.9 998.4 998.6 9.3 5.7 277.0 Rio_Grande_do_Sul DCRS -999.9 0.0 0.0
-29.057501 -51.396099 DCRS-00008 2026-07-09_11:23 13.1 -999.9 -999.9 78.8 -999.9 -999.9 9.5 -999.9 -999.9 998.5 -999.9 -999.9 0.0 -999.9 0.0 252.0 0.0 0.0 0.0 0.0 0.2 0.2 13.1 7.2 94.1 78.1 12.2 DCRS_-_Nova_Roma_-_Farroupilha_(180_m) -999.9 -999.9 999.9 998.4 998.5 9.5 5.7 277.0 Rio_Grande_do_Sul DCRS -999.9 0.0 0.0
-29.057501 -51.396099 DCRS-00008 2026-07-09_11:24 13.2 -999.9 -999.9 78.4 -999.9 -999.9 9.5 -999.9 -999.9 998.5 -999.9 -999.9 0.0 -999.9 0.0 284.0 0.0 0.0 0.0 0.0 0.2 0.2 13.2 7.2 94.1 78.1 12.2 DCRS_-_Nova_Roma_-_Farroupilha_(180_m) -999.9 -999.9 999.9 998.4 998.5 9.5 5.7 284.0 Rio_Grande_do_Sul DCRS -999.9 0.0 0.0
-29.057501 -51.396099 DCRS-00008 2026-07-09_11:25 13.3 -999.9 -999.9 78.7 -999.9 -999.9 9.6 -999.9 -999.9 998.5 -999.9 -999.9 0.0 -999.9 0.0 281.0 0.0 0.0 0.0 0.0 0.2 0.2 13.3 7.2 94.1 78.1 12.2 DCRS_-_Nova_Roma_-_Farroupilha_(180_m) -999.9 -999.9 999.9 998.4 998.5 9.6 5.7 284.0 Rio_Grande_do_Sul DCRS -999.9 0.0 0.0
-29.057501 -51.396099 DCRS-00008 2026-07-09_11:26 13.5 -999.9 -999.9 77.1 -999.9 -999.9 9.5 -999.9 -999.9 998.6 -999.9 -999.9 0.0 -999.9 0.0 285.0 0.0 0.0 0.0 0.0 0.2 0.2 13.5 7.2 94.1 77.1 12.2 DCRS_-_Nova_Roma_-_Farroupilha_(180_m) -999.9 -999.9 999.9 998.4 998.6 9.6 5.7 285.0 Rio_Grande_do_Sul DCRS -999.9 0.0 0.0
-29.057501 -51.396099 DCRS-00008 2026-07-09_11:27 13.6 -999.9 -999.9 76.7 -999.9 -999.9 9.5 -999.9 -999.9 998.5 -999.9 -999.9 0.0 -999.9 0.0 291.0 0.0 0.0 0.0 0.0 0.2 0.2 13.6 7.2 94.1 76.7 12.2 DCRS_-_Nova_Roma_-_Farroupilha_(180_m) -999.9 -999.9 999.9 998.4 998.5 9.6 5.7 291.0 Rio_Grande_do_Sul DCRS -999.9 0.0 0.0
-29.057501 -51.396099 DCRS-00008 2026-07-09_11:28 13.7 -999.9 -999.9 76.7 -999.9 -999.9 9.6 -999.9 -999.9 998.5 -999.9 -999.9 0.0 -999.9 0.0 322.0 0.0 0.0 0.0 0.0 0.2 0.2 13.7 7.2 94.1 76.7 12.2 DCRS_-_Nova_Roma_-_Farroupilha_(180_m) -999.9 -999.9 999.9 998.4 998.5 9.6 5.7 322.0 Rio_Grande_do_Sul DCRS -999.9 0.0 0.0
-29.057501 -51.396099 DCRS-00008 2026-07-09_11:29 13.8 -999.9 -999.9 75.7 -999.9 -999.9 9.5 -999.9 -999.9 998.5 -999.9 -999.9 0.0 -999.9 0.0 330.0 0.0 0.0 0.0 0.0 0.2 0.2 13.8 7.2 94.1 75.7 12.2 DCRS_-_Nova_Roma_-_Farroupilha_(180_m) -999.9 -999.9 999.9 998.4 998.5 9.6 5.7 330.0 Rio_Grande_do_Sul DCRS -999.9 0.0 0.0
-29.057501 -51.396099 DCRS-00008 2026-07-09_11:30 14.1 -999.9 -999.9 75.6 -999.9 -999.9 9.8 -999.9 -999.9 998.5 -999.9 -999.9 0.0 -999.9 0.0 330.0 0.0 0.0 0.0 0.0 0.2 0.2 14.1 7.2 94.1 75.6 12.2 DCRS_-_Nova_Roma_-_Farroupilha_(180_m) -999.9 -999.9 999.9 998.4 998.5 9.8 5.7 330.0 Rio_Grande_do_Sul DCRS -999.9 0.0 0.0
-29.057501 -51.396099 DCRS-00008 2026-07-09_11:31 14.2 -999.9 -999.9 75.9 -999.9 -999.9 10.0 -999.9 -999.9 998.4 -999.9 -999.9 0.0 -999.9 0.0 337.0 0.0 0.0 0.0 0.0 0.2 0.2 14.2 7.2 94.1 75.6 12.2 DCRS_-_Nova_Roma_-_Farroupilha_(180_m) -999.9 -999.9 999.9 998.4 998.4 10.0 5.7 337.0 Rio_Grande_do_Sul DCRS -999.9 0.0 0.0
-29.057501 -51.396099 DCRS-00008 2026-07-09_11:32 14.4 -999.9 -999.9 75.1 -999.9 -999.9 10.0 -999.9 -999.9 998.5 -999.9 -999.9 0.0 -999.9 0.0 337.0 0.0 0.0 0.0 0.0 0.2 0.2 14.4 7.2 94.1 75.1 12.2 DCRS_-_Nova_Roma_-_Farroupilha_(180_m) -999.9 -999.9 999.9 998.4 998.5 10.0 5.7 337.0 Rio_Grande_do_Sul DCRS -999.9 0.0 0.0
-29.057501 -51.396099 DCRS-00008 2026-07-09_11:33 14.6 -999.9 -999.9 74.2 -999.9 -999.9 10.0 -999.9 -999.9 998.5 -999.9 -999.9 0.0 -999.9 0.0 340.0 0.0 0.0 0.0 0.0 0.2 0.2 14.6 7.2 94.1 74.2 12.2 DCRS_-_Nova_Roma_-_Farroupilha_(180_m) -999.9 -999.9 999.9 998.4 998.5 10.0 5.7 340.0 Rio_Grande_do_Sul DCRS -999.9 0.0 0.0
-29.057501 -51.396099 DCRS-00008 2026-07-09_11:34 14.7 -999.9 -999.9 74.4 -999.9 -999.9 10.2 -999.9 -999.9 998.4 -999.9 -999.9 0.0 -999.9 0.0 345.0 0.0 0.0 0.0 0.0 0.2 0.2 14.7 7.2 94.1 74.2 12.2 DCRS_-_Nova_Roma_-_Farroupilha_(180_m) -999.9 -999.9 999.9 998.4 998.4 10.2 5.7 345.0 Rio_Grande_do_Sul DCRS -999.9 0.0 0.0
-29.057501 -51.396099 DCRS-00008 2026-07-09_11:35 14.8 -999.9 -999.9 74.5 -999.9 -999.9 10.3 -999.9 -999.9 998.4 -999.9 -999.9 0.0 -999.9 0.0 348.0 0.0 0.0 0.0 0.0 0.2 0.2 14.8 7.2 94.1 74.2 12.2 DCRS_-_Nova_Roma_-_Farroupilha_(180_m) -999.9 -999.9 999.9 998.4 998.4 10.3 5.7 348.0 Rio_Grande_do_Sul DCRS -999.9 0.0 0.0
-29.057501 -51.396099 DCRS-00008 2026-07-09_11:37 14.9 -999.9 -999.9 73.2 -999.9 -999.9 10.1 -999.9 -999.9 998.5 -999.9 -999.9 0.0 -999.9 0.0 349.0 0.0 0.0 0.0 0.0 0.2 0.2 14.9 7.2 94.1 73.2 12.2 DCRS_-_Nova_Roma_-_Farroupilha_(180_m) -999.9 -999.9 999.9 998.4 998.5 10.3 5.7 349.0 Rio_Grande_do_Sul DCRS -999.9 0.0 0.0
-29.057501 -51.396099 DCRS-00008 2026-07-09_11:38 15.0 -999.9 -999.9 72.4 -999.9 -999.9 10.0 -999.9 -999.9 998.5 -999.9 -999.9 0.0 -999.9 0.0 355.0 0.0 0.0 0.0 0.0 0.2 0.2 15.0 7.2 94.1 72.4 12.2 DCRS_-_Nova_Roma_-_Farroupilha_(180_m) -999.9 -999.9 999.9 998.4 998.5 10.3 5.7 355.0 Rio_Grande_do_Sul DCRS -999.9 0.0 0.0
-29.057501 -51.396099 DCRS-00008 2026-07-09_11:39 15.1 -999.9 -999.9 72.2 -999.9 -999.9 10.1 -999.9 -999.9 998.5 -999.9 -999.9 0.0 -999.9 0.0 356.0 0.0 0.0 0.0 0.0 0.2 0.2 15.1 7.2 94.1 72.2 12.2 DCRS_-_Nova_Roma_-_Farroupilha_(180_m) -999.9 -999.9 999.9 998.4 998.5 10.3 5.7 356.0 Rio_Grande_do_Sul DCRS -999.9 0.0 0.0
-29.057501 -51.396099 DCRS-00008 2026-07-09_11:40 15.3 -999.9 -999.9 71.3 -999.9 -999.9 10.1 -999.9 -999.9 998.6 -999.9 -999.9 0.0 -999.9 2.1 365.0 0.0 0.0 0.0 0.0 0.2 0.2 15.3 7.2 94.1 71.3 12.2 DCRS_-_Nova_Roma_-_Farroupilha_(180_m) -999.9 -999.9 999.9 998.4 998.6 10.3 5.7 365.0 Rio_Grande_do_Sul DCRS -999.9 0.0 0.0
-29.057501 -51.396099 DCRS-00008 2026-07-09_11:41 15.4 -999.9 -999.9 70.3 -999.9 -999.9 10.0 -999.9 -999.9 998.6 -999.9 -999.9 0.0 -999.9 2.1 366.0 0.0 0.0 0.0 0.0 0.2 0.2 15.4 7.2 94.1 70.3 12.2 DCRS_-_Nova_Roma_-_Farroupilha_(180_m) -999.9 -999.9 999.9 998.4 998.6 10.3 5.7 366.0 Rio_Grande_do_Sul DCRS -999.9 0.0 0.0
-29.057501 -51.396099 DCRS-00008 2026-07-09_11:42 15.6 -999.9 -999.9 70.1 -999.9 -999.9 -999.9 -999.9 -999.9 998.6 -999.9 -999.9 0.0 -999.9 2.1 370.0 0.0 0.0 0.0 0.0 0.2 0.2 15.6 7.2 94.1 70.1 12.2 DCRS_-_Nova_Roma_-_Farroupilha_(180_m) -999.9 -999.9 999.9 998.4 998.6 10.3 5.7 370.0 Rio_Grande_do_Sul DCRS -999.9 0.0 0.0
-29.057501 -51.396099 DCRS-00008 2026-07-09_11:43 15.7 -999.9 -999.9 69.8 -999.9 -999.9 10.2 -999.9 -999.9 998.6 -999.9 -999.9 0.0 -999.9 2.1 367.0 0.0 0.0 0.0 0.0 0.2 0.2 15.7 7.2 94.1 69.8 12.2 DCRS_-_Nova_Roma_-_Farroupilha_(180_m) -999.9 -999.9 999.9 998.4 998.6 10.3 5.7 370.0 Rio_Grande_do_Sul DCRS -999.9 0.0 0.0
-29.057501 -51.396099 DCRS-00008 2026-07-09_11:44 15.8 -999.9 -999.9 69.9 -999.9 -999.9 10.3 -999.9 -999.9 998.5 -999.9 -999.9 0.0 -999.9 2.1 373.0 0.0 0.0 0.0 0.0 0.2 0.2 15.8 7.2 94.1 69.8 12.2 DCRS_-_Nova_Roma_-_Farroupilha_(180_m) -999.9 -999.9 999.9 998.4 998.5 10.3 5.7 373.0 Rio_Grande_do_Sul DCRS -999.9 0.0 0.0
-29.057501 -51.396099 DCRS-00008 2026-07-09_11:45 15.8 -999.9 -999.9 69.5 -999.9 -999.9 10.2 -999.9 -999.9 998.5 -999.9 -999.9 0.0 -999.9 1.8 376.0 0.0 0.0 0.0 0.0 0.2 0.2 15.8 7.2 94.1 69.5 12.2 DCRS_-_Nova_Roma_-_Farroupilha_(180_m) -999.9 -999.9 999.9 998.4 998.5 10.3 5.7 376.0 Rio_Grande_do_Sul DCRS -999.9 0.0 0.0
-29.057501 -51.396099 DCRS-00008 2026-07-09_11:46 15.8 -999.9 -999.9 68.4 -999.9 -999.9 9.9 -999.9 -999.9 998.5 -999.9 -999.9 0.0 -999.9 1.8 375.0 0.0 0.0 0.0 0.0 0.2 0.2 15.8 7.2 94.1 68.4 12.2 DCRS_-_Nova_Roma_-_Farroupilha_(180_m) -999.9 -999.9 999.9 998.4 998.5 10.3 5.7 376.0 Rio_Grande_do_Sul DCRS -999.9 0.0 0.0
-29.057501 -51.396099 DCRS-00008 2026-07-09_11:47 15.9 -999.9 -999.9 69.0 -999.9 -999.9 10.2 -999.9 -999.9 998.4 -999.9 -999.9 0.0 -999.9 1.8 373.0 0.0 0.0 0.0 0.0 0.2 0.2 15.9 7.2 94.1 68.4 12.2 DCRS_-_Nova_Roma_-_Farroupilha_(180_m) -999.9 -999.9 999.9 998.4 998.4 10.3 5.7 376.0 Rio_Grande_do_Sul DCRS -999.9 0.0 0.0
-29.057501 -51.396099 DCRS-00008 2026-07-09_11:48 16.0 -999.9 -999.9 68.6 -999.9 -999.9 10.2 -999.9 -999.9 998.4 -999.9 -999.9 0.0 -999.9 1.8 339.0 0.0 0.0 0.0 0.0 0.2 0.2 16.0 7.2 94.1 68.4 12.2 DCRS_-_Nova_Roma_-_Farroupilha_(180_m) -999.9 -999.9 999.9 998.4 998.4 10.3 5.7 376.0 Rio_Grande_do_Sul DCRS -999.9 0.0 0.0
-29.057501 -51.396099 DCRS-00008 2026-07-09_11:49 16.2 -999.9 -999.9 68.7 -999.9 -999.9 10.4 -999.9 -999.9 998.4 -999.9 -999.9 0.0 -999.9 1.8 335.0 0.0 0.0 0.0 0.0 0.2 0.2 16.2 7.2 94.1 68.4 12.2 DCRS_-_Nova_Roma_-_Farroupilha_(180_m) -999.9 -999.9 999.9 998.4 998.4 10.4 5.7 376.0 Rio_Grande_do_Sul DCRS -999.9 0.0 0.0
-29.057501 -51.396099 DCRS-00008 2026-07-09_11:50 16.5 -999.9 -999.9 67.8 -999.9 -999.9 10.5 -999.9 -999.9 998.4 -999.9 -999.9 0.0 -999.9 0.0 320.0 0.0 0.0 0.0 0.0 0.2 0.2 16.5 7.2 94.1 67.8 12.2 DCRS_-_Nova_Roma_-_Farroupilha_(180_m) -999.9 -999.9 999.9 998.4 998.4 10.5 5.7 376.0 Rio_Grande_do_Sul DCRS -999.9 0.0 0.0
-29.057501 -51.396099 DCRS-00008 2026-07-09_11:51 16.8 -999.9 -999.9 67.0 -999.9 -999.9 10.6 -999.9 -999.9 998.4 -999.9 -999.9 0.0 -999.9 0.0 291.0 0.0 0.0 0.0 0.0 0.2 0.2 16.8 7.2 94.1 67.0 12.2 DCRS_-_Nova_Roma_-_Farroupilha_(180_m) -999.9 -999.9 999.9 998.4 998.4 10.6 5.7 376.0 Rio_Grande_do_Sul DCRS -999.9 0.0 0.0
-29.057501 -51.396099 DCRS-00008 2026-07-09_11:52 16.8 -999.9 -999.9 66.3 -999.9 -999.9 10.4 -999.9 -999.9 998.4 -999.9 -999.9 0.0 -999.9 0.0 315.0 0.0 0.0 0.0 0.0 0.2 0.2 16.8 7.2 94.1 66.3 12.2 DCRS_-_Nova_Roma_-_Farroupilha_(180_m) -999.9 -999.9 999.9 998.4 998.4 10.6 5.7 376.0 Rio_Grande_do_Sul DCRS -999.9 0.0 0.0
-29.057501 -51.396099 DCRS-00008 2026-07-09_11:53 16.7 -999.9 -999.9 66.6 -999.9 -999.9 10.4 -999.9 -999.9 998.4 -999.9 -999.9 0.0 -999.9 0.0 310.0 0.0 0.0 0.0 0.0 0.2 0.2 16.8 7.2 94.1 66.3 12.2 DCRS_-_Nova_Roma_-_Farroupilha_(180_m) -999.9 -999.9 999.9 998.4 998.4 10.6 5.7 376.0 Rio_Grande_do_Sul DCRS -999.9 0.0 0.0
-29.057501 -51.396099 DCRS-00008 2026-07-09_11:54 16.7 -999.9 -999.9 66.9 -999.9 -999.9 10.5 -999.9 -999.9 998.3 -999.9 -999.9 0.0 -999.9 0.0 311.0 0.0 0.0 0.0 0.0 0.2 0.2 16.8 7.2 94.1 66.3 12.2 DCRS_-_Nova_Roma_-_Farroupilha_(180_m) -999.9 -999.9 999.9 998.3 998.3 10.6 5.7 376.0 Rio_Grande_do_Sul DCRS -999.9 0.0 0.0
-29.057501 -51.396099 DCRS-00008 2026-07-09_11:55 16.6 -999.9 -999.9 67.2 -999.9 -999.9 10.4 -999.9 -999.9 998.3 -999.9 -999.9 0.0 -999.9 0.0 329.0 0.0 0.0 0.0 0.0 0.2 0.2 16.8 7.2 94.1 66.3 12.2 DCRS_-_Nova_Roma_-_Farroupilha_(180_m) -999.9 -999.9 999.9 998.3 998.3 10.6 5.7 376.0 Rio_Grande_do_Sul DCRS -999.9 0.0 0.0
-29.057501 -51.396099 DCRS-00008 2026-07-09_11:56 16.6 -999.9 -999.9 67.3 -999.9 -999.9 10.5 -999.9 -999.9 998.3 -999.9 -999.9 0.0 -999.9 0.0 326.0 0.0 0.0 0.0 0.0 0.2 0.2 16.8 7.2 94.1 66.3 12.2 DCRS_-_Nova_Roma_-_Farroupilha_(180_m) -999.9 -999.9 999.9 998.3 998.3 10.6 5.7 376.0 Rio_Grande_do_Sul DCRS -999.9 0.0 0.0
-29.057501 -51.396099 DCRS-00008 2026-07-09_11:57 16.6 -999.9 -999.9 67.2 -999.9 -999.9 10.4 -999.9 -999.9 998.3 -999.9 -999.9 0.0 -999.9 0.0 324.0 0.0 0.0 0.0 0.0 0.2 0.2 16.8 7.2 94.1 66.3 12.2 DCRS_-_Nova_Roma_-_Farroupilha_(180_m) -999.9 -999.9 999.9 998.3 998.3 10.6 5.7 376.0 Rio_Grande_do_Sul DCRS -999.9 0.0 0.0
-29.057501 -51.396099 DCRS-00008 2026-07-09_11:58 16.7 -999.9 -999.9 66.7 -999.9 -999.9 10.4 -999.9 -999.9 998.3 -999.9 -999.9 0.0 -999.9 0.0 341.0 0.0 0.0 0.0 0.0 0.2 0.2 16.8 7.2 94.1 66.3 12.2 DCRS_-_Nova_Roma_-_Farroupilha_(180_m) -999.9 -999.9 999.9 998.3 998.3 10.6 5.7 376.0 Rio_Grande_do_Sul DCRS -999.9 0.0 0.0
-29.057501 -51.396099 DCRS-00008 2026-07-09_11:59 16.8 -999.9 -999.9 66.3 -999.9 -999.9 10.4 -999.9 -999.9 998.3 -999.9 -999.9 0.0 -999.9 0.0 320.0 0.0 0.0 0.0 0.0 0.2 0.2 16.8 7.2 94.1 66.3 12.2 DCRS_-_Nova_Roma_-_Farroupilha_(180_m) -999.9 -999.9 999.9 998.3 998.3 10.6 5.7 376.0 Rio_Grande_do_Sul DCRS -999.9 0.0 0.0
-29.057501 -51.396099 DCRS-00008 2026-07-09_12:01 16.9 -999.9 -999.9 65.2 -999.9 -999.9 10.3 -999.9 -999.9 998.3 -999.9 -999.9 0.0 -999.9 0.0 333.0 0.0 0.0 0.0 0.0 0.2 0.2 16.9 7.2 94.1 65.2 12.2 DCRS_-_Nova_Roma_-_Farroupilha_(180_m) -999.9 -999.9 999.9 998.3 998.3 10.6 5.7 376.0 Rio_Grande_do_Sul DCRS -999.9 0.0 0.0
-29.057501 -51.396099 DCRS-00008 2026-07-09_12:02 17.0 -999.9 -999.9 64.6 -999.9 -999.9 10.2 -999.9 -999.9 998.2 -999.9 -999.9 0.0 -999.9 0.0 340.0 0.0 0.0 0.0 0.0 0.2 0.2 17.0 7.2 94.1 64.6 12.2 DCRS_-_Nova_Roma_-_Farroupilha_(180_m) -999.9 -999.9 999.9 998.2 998.2 10.6 5.7 376.0 Rio_Grande_do_Sul DCRS -999.9 0.0 0.0
-29.057501 -51.396099 DCRS-00008 2026-07-09_12:03 17.1 -999.9 -999.9 65.4 -999.9 -999.9 10.5 -999.9 -999.9 998.2 -999.9 -999.9 0.0 -999.9 0.0 364.0 0.0 0.0 0.0 0.0 0.2 0.2 17.1 7.2 94.1 64.6 12.2 DCRS_-_Nova_Roma_-_Farroupilha_(180_m) -999.9 -999.9 999.9 998.2 998.2 10.6 5.7 376.0 Rio_Grande_do_Sul DCRS -999.9 0.0 0.0
-29.057501 -51.396099 DCRS-00008 2026-07-09_12:04 16.9 -999.9 -999.9 66.3 -999.9 -999.9 10.5 -999.9 -999.9 998.1 -999.9 -999.9 0.0 -999.9 0.0 358.0 0.0 0.0 0.0 0.0 0.2 0.2 17.1 7.2 94.1 64.6 12.2 DCRS_-_Nova_Roma_-_Farroupilha_(180_m) -999.9 -999.9 999.9 998.1 998.1 10.6 5.7 376.0 Rio_Grande_do_Sul DCRS -999.9 0.0 0.0
-29.057501 -51.396099 DCRS-00008 2026-07-09_12:05 16.8 -999.9 -999.9 66.7 -999.9 -999.9 10.5 -999.9 -999.9 998.1 -999.9 -999.9 0.0 -999.9 2.4 367.0 0.0 0.0 0.0 0.0 0.2 0.2 17.1 7.2 94.1 64.6 12.2 DCRS_-_Nova_Roma_-_Farroupilha_(180_m) -999.9 -999.9 999.9 998.1 998.1 10.6 5.7 376.0 Rio_Grande_do_Sul DCRS -999.9 0.0 0.0
-29.057501 -51.396099 DCRS-00008 2026-07-09_12:06 16.7 -999.9 -999.9 66.5 -999.9 -999.9 10.4 -999.9 -999.9 998.1 -999.9 -999.9 0.0 -999.9 2.4 374.0 0.0 0.0 0.0 0.0 0.2 0.2 17.1 7.2 94.1 64.6 12.2 DCRS_-_Nova_Roma_-_Farroupilha_(180_m) -999.9 -999.9 999.9 998.1 998.1 10.6 5.7 376.0 Rio_Grande_do_Sul DCRS -999.9 0.0 0.0
-29.057501 -51.396099 DCRS-00008 2026-07-09_12:07 16.8 -999.9 -999.9 66.2 -999.9 -999.9 10.4 -999.9 -999.9 998.1 -999.9 -999.9 0.0 -999.9 2.4 341.0 0.0 0.0 0.0 0.0 0.2 0.2 17.1 7.2 94.1 64.6 12.2 DCRS_-_Nova_Roma_-_Farroupilha_(180_m) -999.9 -999.9 999.9 998.1 998.1 10.6 5.7 376.0 Rio_Grande_do_Sul DCRS -999.9 0.0 0.0
-29.057501 -51.396099 DCRS-00008 2026-07-09_12:08 16.9 -999.9 -999.9 66.3 -999.9 -999.9 10.5 -999.9 -999.9 998.0 -999.9 -999.9 0.0 -999.9 2.4 363.0 0.0 0.0 0.0 0.0 0.2 0.2 17.1 7.2 94.1 64.6 12.2 DCRS_-_Nova_Roma_-_Farroupilha_(180_m) -999.9 -999.9 999.9 998.0 998.0 10.6 5.7 376.0 Rio_Grande_do_Sul DCRS -999.9 0.0 0.0
-29.057501 -51.396099 DCRS-00008 2026-07-09_12:09 17.2 -999.9 -999.9 66.0 -999.9 -999.9 10.7 -999.9 -999.9 998.0 -999.9 -999.9 0.0 -999.9 2.4 366.0 0.0 0.0 0.0 0.0 0.2 0.2 17.2 7.2 94.1 64.6 12.2 DCRS_-_Nova_Roma_-_Farroupilha_(180_m) -999.9 -999.9 999.9 998.0 998.0 10.7 5.7 376.0 Rio_Grande_do_Sul DCRS -999.9 0.0 0.0
-29.057501 -51.396099 DCRS-00008 2026-07-09_12:11 17.6 -999.9 -999.9 64.1 -999.9 -999.9 10.7 -999.9 -999.9 998.1 -999.9 -999.9 0.0 -999.9 0.0 370.0 0.0 0.0 0.0 0.0 0.2 0.2 17.6 7.2 94.1 64.1 12.2 DCRS_-_Nova_Roma_-_Farroupilha_(180_m) -999.9 -999.9 999.9 998.0 998.1 10.8 5.7 376.0 Rio_Grande_do_Sul DCRS -999.9 0.0 0.0
-29.057501 -51.396099 DCRS-00008 2026-07-09_12:12 17.8 -999.9 -999.9 63.2 -999.9 -999.9 10.7 -999.9 -999.9 998.1 -999.9 -999.9 0.0 -999.9 0.0 369.0 0.0 0.0 0.0 0.0 0.2 0.2 17.8 7.2 94.1 63.2 12.2 DCRS_-_Nova_Roma_-_Farroupilha_(180_m) -999.9 -999.9 999.9 998.0 998.1 10.8 5.7 376.0 Rio_Grande_do_Sul DCRS -999.9 0.0 0.0
-29.057501 -51.396099 DCRS-00008 2026-07-09_12:13 17.9 -999.9 -999.9 63.2 -999.9 -999.9 10.8 -999.9 -999.9 998.1 -999.9 -999.9 0.0 -999.9 0.0 376.0 0.0 0.0 0.0 0.0 0.2 0.2 17.9 7.2 94.1 63.2 12.2 DCRS_-_Nova_Roma_-_Farroupilha_(180_m) -999.9 -999.9 999.9 998.0 998.1 10.8 5.7 376.0 Rio_Grande_do_Sul DCRS -999.9 0.0 0.0
-29.057501 -51.396099 DCRS-00008 2026-07-09_12:14 18.0 -999.9 -999.9 63.4 -999.9 -999.9 10.9 -999.9 -999.9 998.0 -999.9 -999.9 0.0 -999.9 0.0 379.0 0.0 0.0 0.0 0.0 0.2 0.2 18.0 7.2 94.1 63.2 12.2 DCRS_-_Nova_Roma_-_Farroupilha_(180_m) -999.9 -999.9 999.9 998.0 998.0 10.9 5.7 379.0 Rio_Grande_do_Sul DCRS -999.9 0.0 0.0
-29.057501 -51.396099 DCRS-00008 2026-07-09_12:15 18.2 -999.9 -999.9 62.8 -999.9 -999.9 10.9 -999.9 -999.9 998.1 -999.9 -999.9 0.0 -999.9 0.0 373.0 0.0 0.0 0.0 0.0 0.2 0.2 18.2 7.2 94.1 62.8 12.2 DCRS_-_Nova_Roma_-_Farroupilha_(180_m) -999.9 -999.9 999.9 998.0 998.1 10.9 5.7 379.0 Rio_Grande_do_Sul DCRS -999.9 0.0 0.0
-29.057501 -51.396099 DCRS-00008 2026-07-09_12:16 18.3 -999.9 -999.9 62.3 -999.9 -999.9 10.9 -999.9 -999.9 998.1 -999.9 -999.9 0.0 -999.9 0.0 375.0 0.0 0.0 0.0 0.0 0.2 0.2 18.3 7.2 94.1 62.3 12.2 DCRS_-_Nova_Roma_-_Farroupilha_(180_m) -999.9 -999.9 999.9 998.0 998.1 10.9 5.7 379.0 Rio_Grande_do_Sul DCRS -999.9 0.0 0.0
-29.057501 -51.396099 DCRS-00008 2026-07-09_12:17 18.4 -999.9 -999.9 61.8 -999.9 -999.9 10.9 -999.9 -999.9 998.1 -999.9 -999.9 0.0 -999.9 0.0 380.0 0.0 0.0 0.0 0.0 0.2 0.2 18.4 7.2 94.1 61.8 12.2 DCRS_-_Nova_Roma_-_Farroupilha_(180_m) -999.9 -999.9 999.9 998.0 998.1 10.9 5.7 380.0 Rio_Grande_do_Sul DCRS -999.9 0.0 0.0
-29.057501 -51.396099 DCRS-00008 2026-07-09_12:18 18.5 -999.9 -999.9 62.1 -999.9 -999.9 11.1 -999.9 -999.9 998.0 -999.9 -999.9 0.0 -999.9 0.0 380.0 0.0 0.0 0.0 0.0 0.2 0.2 18.5 7.2 94.1 61.8 12.2 DCRS_-_Nova_Roma_-_Farroupilha_(180_m) -999.9 -999.9 999.9 998.0 998.0 11.1 5.7 380.0 Rio_Grande_do_Sul DCRS -999.9 0.0 0.0
-29.057501 -51.396099 DCRS-00008 2026-07-09_12:19 18.6 -999.9 -999.9 61.5 -999.9 -999.9 11.0 -999.9 -999.9 998.0 -999.9 -999.9 0.0 -999.9 0.0 381.0 0.0 0.0 0.0 0.0 0.2 0.2 18.6 7.2 94.1 61.5 12.2 DCRS_-_Nova_Roma_-_Farroupilha_(180_m) -999.9 -999.9 999.9 998.0 998.0 11.1 5.7 381.0 Rio_Grande_do_Sul DCRS -999.9 0.0 0.0
-29.057501 -51.396099 DCRS-00008 2026-07-09_12:21 18.6 -999.9 -999.9 61.4 -999.9 -999.9 11.0 -999.9 -999.9 997.9 -999.9 -999.9 0.0 -999.9 0.0 382.0 0.0 0.0 0.0 0.0 0.2 0.2 18.6 7.2 94.1 61.4 12.2 DCRS_-_Nova_Roma_-_Farroupilha_(180_m) -999.9 -999.9 999.9 997.9 997.9 11.1 5.7 382.0 Rio_Grande_do_Sul DCRS -999.9 0.0 0.0
-29.057501 -51.396099 DCRS-00008 2026-07-09_12:22 18.8 -999.9 -999.9 61.2 -999.9 -999.9 11.1 -999.9 -999.9 997.9 -999.9 -999.9 0.0 -999.9 0.0 382.0 0.0 0.0 0.0 0.0 0.2 0.2 18.8 7.2 94.1 61.2 12.2 DCRS_-_Nova_Roma_-_Farroupilha_(180_m) -999.9 -999.9 999.9 997.9 997.9 11.1 5.7 382.0 Rio_Grande_do_Sul DCRS -999.9 0.0 0.0
-29.057501 -51.396099 DCRS-00008 2026-07-09_12:23 18.9 -999.9 -999.9 60.9 -999.9 -999.9 11.1 -999.9 -999.9 997.9 -999.9 -999.9 0.0 -999.9 0.0 383.0 0.0 0.0 0.0 0.0 0.2 0.2 18.9 7.2 94.1 60.9 12.2 DCRS_-_Nova_Roma_-_Farroupilha_(180_m) -999.9 -999.9 999.9 997.9 997.9 11.1 5.7 383.0 Rio_Grande_do_Sul DCRS -999.9 0.0 0.0
-29.057501 -51.396099 DCRS-00008 2026-07-09_12:24 19.0 -999.9 -999.9 60.5 -999.9 -999.9 11.1 -999.9 -999.9 997.9 -999.9 -999.9 0.0 -999.9 0.0 383.0 0.0 0.0 0.0 0.0 0.2 0.2 19.0 7.2 94.1 60.5 12.2 DCRS_-_Nova_Roma_-_Farroupilha_(180_m) -999.9 -999.9 999.9 997.9 997.9 11.1 5.7 383.0 Rio_Grande_do_Sul DCRS -999.9 0.0 0.0
-29.057501 -51.396099 DCRS-00008 2026-07-09_12:25 19.0 -999.9 -999.9 60.8 -999.9 -999.9 11.2 -999.9 -999.9 997.8 -999.9 -999.9 0.0 -999.9 0.0 384.0 0.0 0.0 0.0 0.0 0.2 0.2 19.0 7.2 94.1 60.5 12.2 DCRS_-_Nova_Roma_-_Farroupilha_(180_m) -999.9 -999.9 999.9 997.8 997.8 11.2 5.7 384.0 Rio_Grande_do_Sul DCRS -999.9 0.0 0.0
-29.057501 -51.396099 DCRS-00008 2026-07-09_12:26 19.1 -999.9 -999.9 61.4 -999.9 -999.9 11.5 -999.9 -999.9 997.8 -999.9 -999.9 0.0 -999.9 0.0 384.0 0.0 0.0 0.0 0.0 0.2 0.2 19.1 7.2 94.1 60.5 12.2 DCRS_-_Nova_Roma_-_Farroupilha_(180_m) -999.9 -999.9 999.9 997.8 997.8 11.5 5.7 384.0 Rio_Grande_do_Sul DCRS -999.9 0.0 0.0
-29.057501 -51.396099 DCRS-00008 2026-07-09_12:27 19.1 -999.9 -999.9 61.6 -999.9 -999.9 11.5 -999.9 -999.9 997.8 -999.9 -999.9 0.0 -999.9 0.0 386.0 0.0 0.0 0.0 0.0 0.2 0.2 19.1 7.2 94.1 60.5 12.2 DCRS_-_Nova_Roma_-_Farroupilha_(180_m) -999.9 -999.9 999.9 997.8 997.8 11.5 5.7 386.0 Rio_Grande_do_Sul DCRS -999.9 0.0 0.0
-29.057501 -51.396099 DCRS-00008 2026-07-09_12:28 19.4 -999.9 -999.9 61.0 -999.9 -999.9 11.6 -999.9 -999.9 997.8 -999.9 -999.9 0.0 -999.9 0.0 387.0 0.0 0.0 0.0 0.0 0.2 0.2 19.4 7.2 94.1 60.5 12.2 DCRS_-_Nova_Roma_-_Farroupilha_(180_m) -999.9 -999.9 999.9 997.8 997.8 11.6 5.7 387.0 Rio_Grande_do_Sul DCRS -999.9 0.0 0.0
-29.057501 -51.396099 DCRS-00008 2026-07-09_12:29 19.6 -999.9 -999.9 60.0 -999.9 -999.9 11.6 -999.9 -999.9 997.9 -999.9 -999.9 0.0 -999.9 0.0 387.0 0.0 0.0 0.0 0.0 0.2 0.2 19.6 7.2 94.1 60.0 12.2 DCRS_-_Nova_Roma_-_Farroupilha_(180_m) -999.9 -999.9 999.9 997.8 997.9 11.6 5.7 387.0 Rio_Grande_do_Sul DCRS -999.9 0.0 0.0
-29.057501 -51.396099 DCRS-00008 2026-07-09_12:30 19.7 -999.9 -999.9 59.7 -999.9 -999.9 11.6 -999.9 -999.9 997.8 -999.9 -999.9 0.0 -999.9 0.0 388.0 0.0 0.0 0.0 0.0 0.2 0.2 19.7 7.2 94.1 59.7 12.2 DCRS_-_Nova_Roma_-_Farroupilha_(180_m) -999.9 -999.9 999.9 997.8 997.8 11.6 5.7 388.0 Rio_Grande_do_Sul DCRS -999.9 0.0 0.0
-29.057501 -51.396099 DCRS-00008 2026-07-09_12:31 19.9 -999.9 -999.9 59.3 -999.9 -999.9 11.7 -999.9 -999.9 997.8 -999.9 -999.9 0.0 -999.9 0.0 390.0 0.0 0.0 0.0 0.0 0.2 0.2 19.9 7.2 94.1 59.3 12.2 DCRS_-_Nova_Roma_-_Farroupilha_(180_m) -999.9 -999.9 999.9 997.8 997.8 11.7 5.7 390.0 Rio_Grande_do_Sul DCRS -999.9 0.0 0.0
-29.057501 -51.396099 DCRS-00008 2026-07-09_12:32 20.1 -999.9 -999.9 59.1 -999.9 -999.9 11.8 -999.9 -999.9 997.8 -999.9 -999.9 0.0 -999.9 0.0 390.0 0.0 0.0 0.0 0.0 0.2 0.2 20.1 7.2 94.1 59.1 12.2 DCRS_-_Nova_Roma_-_Farroupilha_(180_m) -999.9 -999.9 999.9 997.8 997.8 11.8 5.7 390.0 Rio_Grande_do_Sul DCRS -999.9 0.0 0.0
-29.057501 -51.396099 DCRS-00008 2026-07-09_12:33 20.4 -999.9 -999.9 58.1 -999.9 -999.9 11.8 -999.9 -999.9 997.8 -999.9 -999.9 0.0 -999.9 0.0 391.0 0.0 0.0 0.0 0.0 0.2 0.2 20.4 7.2 94.1 58.1 12.2 DCRS_-_Nova_Roma_-_Farroupilha_(180_m) -999.9 -999.9 999.9 997.8 997.8 11.8 5.7 391.0 Rio_Grande_do_Sul DCRS -999.9 0.0 0.0
-29.057501 -51.396099 DCRS-00008 2026-07-09_12:34 20.7 -999.9 -999.9 57.1 -999.9 -999.9 11.9 -999.9 -999.9 997.8 -999.9 -999.9 0.0 -999.9 0.0 391.0 0.0 0.0 0.0 0.0 0.2 0.2 20.7 7.2 94.1 57.1 12.2 DCRS_-_Nova_Roma_-_Farroupilha_(180_m) -999.9 -999.9 999.9 997.8 997.8 11.9 5.7 391.0 Rio_Grande_do_Sul DCRS -999.9 0.0 0.0
-29.057501 -51.396099 DCRS-00008 2026-07-09_12:35 20.9 -999.9 -999.9 56.2 -999.9 -999.9 11.8 -999.9 -999.9 997.7 -999.9 -999.9 0.0 -999.9 1.9 392.0 0.0 0.0 0.0 0.0 0.2 0.2 20.9 7.2 94.1 56.2 12.2 DCRS_-_Nova_Roma_-_Farroupilha_(180_m) -999.9 -999.9 999.9 997.7 997.7 11.9 5.7 392.0 Rio_Grande_do_Sul DCRS -999.9 0.0 0.0
-29.057501 -51.396099 DCRS-00008 2026-07-09_12:36 21.1 -999.9 -999.9 56.4 -999.9 -999.9 12.1 -999.9 -999.9 997.7 -999.9 -999.9 0.0 -999.9 1.9 392.0 0.0 0.0 0.0 0.0 0.2 0.2 21.1 7.2 94.1 56.2 12.2 DCRS_-_Nova_Roma_-_Farroupilha_(180_m) -999.9 -999.9 999.9 997.7 997.7 12.1 5.7 392.0 Rio_Grande_do_Sul DCRS -999.9 0.0 0.0
-29.057501 -51.396099 DCRS-00008 2026-07-09_12:37 21.3 -999.9 -999.9 55.6 -999.9 -999.9 12.0 -999.9 -999.9 997.7 -999.9 -999.9 0.0 -999.9 1.9 392.0 0.0 0.0 0.0 0.0 0.2 0.2 21.3 7.2 94.1 55.6 12.2 DCRS_-_Nova_Roma_-_Farroupilha_(180_m) -999.9 -999.9 999.9 997.7 997.7 12.1 5.7 392.0 Rio_Grande_do_Sul DCRS -999.9 0.0 0.0
-29.057501 -51.396099 DCRS-00008 2026-07-09_12:38 21.5 -999.9 -999.9 54.9 -999.9 -999.9 12.0 -999.9 -999.9 997.6 -999.9 -999.9 0.0 -999.9 1.9 393.0 0.0 0.0 0.0 0.0 0.2 0.2 21.5 7.2 94.1 54.9 12.2 DCRS_-_Nova_Roma_-_Farroupilha_(180_m) -999.9 -999.9 999.9 997.6 997.6 12.1 5.7 393.0 Rio_Grande_do_Sul DCRS -999.9 0.0 0.0
-29.057501 -51.396099 DCRS-00008 2026-07-09_12:39 21.7 -999.9 -999.9 54.0 -999.9 -999.9 11.9 -999.9 -999.9 997.6 -999.9 -999.9 0.0 -999.9 1.9 394.0 0.0 0.0 0.0 0.0 0.2 0.2 21.7 7.2 94.1 54.0 12.2 DCRS_-_Nova_Roma_-_Farroupilha_(180_m) -999.9 -999.9 999.9 997.6 997.6 12.1 5.7 394.0 Rio_Grande_do_Sul DCRS -999.9 0.0 0.0
-29.057501 -51.396099 DCRS-00008 2026-07-09_12:40 21.9 -999.9 -999.9 53.0 -999.9 -999.9 11.9 -999.9 -999.9 997.6 -999.9 -999.9 0.0 -999.9 0.0 395.0 0.0 0.0 0.0 0.0 0.2 0.2 21.9 7.2 94.1 53.0 12.2 DCRS_-_Nova_Roma_-_Farroupilha_(180_m) -999.9 -999.9 999.9 997.6 997.6 12.1 5.7 395.0 Rio_Grande_do_Sul DCRS -999.9 0.0 0.0
-29.057501 -51.396099 DCRS-00008 2026-07-09_12:41 22.0 -999.9 -999.9 52.3 -999.9 -999.9 11.7 -999.9 -999.9 997.5 -999.9 -999.9 0.0 -999.9 0.0 390.0 0.0 0.0 0.0 0.0 0.2 0.2 22.0 7.2 94.1 52.3 12.2 DCRS_-_Nova_Roma_-_Farroupilha_(180_m) -999.9 -999.9 999.9 997.5 997.5 12.1 5.7 395.0 Rio_Grande_do_Sul DCRS -999.9 0.0 0.0
-29.057501 -51.396099 DCRS-00008 2026-07-09_12:42 22.0 -999.9 -999.9 52.8 -999.9 -999.9 11.9 -999.9 -999.9 997.4 -999.9 -999.9 0.0 -999.9 0.0 373.0 0.0 0.0 0.0 0.0 0.2 0.2 22.0 7.2 94.1 52.3 12.2 DCRS_-_Nova_Roma_-_Farroupilha_(180_m) -999.9 -999.9 999.9 997.4 997.4 12.1 5.7 395.0 Rio_Grande_do_Sul DCRS -999.9 0.0 0.0
-29.057501 -51.396099 DCRS-00008 2026-07-09_12:43 22.2 -999.9 -999.9 53.0 -999.9 -999.9 12.1 -999.9 -999.9 997.4 -999.9 -999.9 0.0 -999.9 0.0 366.0 0.0 0.0 0.0 0.0 0.2 0.2 22.2 7.2 94.1 52.3 12.2 DCRS_-_Nova_Roma_-_Farroupilha_(180_m) -999.9 -999.9 999.9 997.4 997.4 12.1 5.7 395.0 Rio_Grande_do_Sul DCRS -999.9 0.0 0.0
-29.057501 -51.396099 DCRS-00008 2026-07-09_12:44 22.4 -999.9 -999.9 52.8 -999.9 -999.9 12.3 -999.9 -999.9 997.4 -999.9 -999.9 0.0 -999.9 0.0 316.0 0.0 0.0 0.0 0.0 0.2 0.2 22.4 7.2 94.1 52.3 12.2 DCRS_-_Nova_Roma_-_Farroupilha_(180_m) -999.9 -999.9 999.9 997.4 997.4 12.3 5.7 395.0 Rio_Grande_do_Sul DCRS -999.9 0.0 0.0
-29.057501 -51.396099 DCRS-00008 2026-07-09_12:45 22.6 -999.9 -999.9 52.4 -999.9 -999.9 12.3 -999.9 -999.9 997.5 -999.9 -999.9 0.0 -999.9 0.0 271.0 0.0 0.0 0.0 0.0 0.2 0.2 22.6 7.2 94.1 52.3 12.2 DCRS_-_Nova_Roma_-_Farroupilha_(180_m) -999.9 -999.9 999.9 997.4 997.5 12.3 5.7 395.0 Rio_Grande_do_Sul DCRS -999.9 0.0 0.0
-29.057501 -51.396099 DCRS-00008 2026-07-09_12:46 22.5 -999.9 -999.9 52.8 -999.9 -999.9 12.4 -999.9 -999.9 997.4 -999.9 -999.9 0.0 -999.9 0.0 275.0 0.0 0.0 0.0 0.0 0.2 0.2 22.6 7.2 94.1 52.3 12.2 DCRS_-_Nova_Roma_-_Farroupilha_(180_m) -999.9 -999.9 999.9 997.4 997.4 12.4 5.7 395.0 Rio_Grande_do_Sul DCRS -999.9 0.0 0.0
-29.057501 -51.396099 DCRS-00008 2026-07-09_12:47 22.3 -999.9 -999.9 53.4 -999.9 -999.9 12.3 -999.9 -999.9 997.4 -999.9 -999.9 0.0 -999.9 0.0 320.0 0.0 0.0 0.0 0.0 0.2 0.2 22.6 7.2 94.1 52.3 12.2 DCRS_-_Nova_Roma_-_Farroupilha_(180_m) -999.9 -999.9 999.9 997.4 997.4 12.4 5.7 395.0 Rio_Grande_do_Sul DCRS -999.9 0.0 0.0
-29.057501 -51.396099 DCRS-00008 2026-07-09_12:48 22.0 -999.9 -999.9 53.1 -999.9 -999.9 12.0 -999.9 -999.9 997.4 -999.9 -999.9 0.0 -999.9 0.0 382.0 0.0 0.0 0.0 0.0 0.2 0.2 22.6 7.2 94.1 52.3 12.2 DCRS_-_Nova_Roma_-_Farroupilha_(180_m) -999.9 -999.9 999.9 997.4 997.4 12.4 5.7 395.0 Rio_Grande_do_Sul DCRS -999.9 0.0 0.0
-29.057501 -51.396099 DCRS-00008 2026-07-09_12:49 21.7 -999.9 -999.9 53.9 -999.9 -999.9 11.9 -999.9 -999.9 997.3 -999.9 -999.9 0.0 -999.9 0.0 392.0 0.0 0.0 0.0 0.0 0.2 0.2 22.6 7.2 94.1 52.3 12.2 DCRS_-_Nova_Roma_-_Farroupilha_(180_m) -999.9 -999.9 999.9 997.3 997.3 12.4 5.7 395.0 Rio_Grande_do_Sul DCRS -999.9 0.0 0.0
-29.057501 -51.396099 DCRS-00008 2026-07-09_12:50 21.5 -999.9 -999.9 54.7 -999.9 -999.9 12.0 -999.9 -999.9 997.3 -999.9 -999.9 0.0 -999.9 2.2 378.0 0.0 0.0 0.0 0.0 0.2 0.2 22.6 7.2 94.1 52.3 12.2 DCRS_-_Nova_Roma_-_Farroupilha_(180_m) -999.9 -999.9 999.9 997.3 997.3 12.4 5.7 395.0 Rio_Grande_do_Sul DCRS -999.9 0.0 0.0
-29.057501 -51.396099 DCRS-00008 2026-07-09_12:51 21.4 -999.9 -999.9 54.9 -999.9 -999.9 11.9 -999.9 -999.9 997.2 -999.9 -999.9 0.0 -999.9 2.2 377.0 0.0 0.0 0.0 0.0 0.2 0.2 22.6 7.2 94.1 52.3 12.2 DCRS_-_Nova_Roma_-_Farroupilha_(180_m) -999.9 -999.9 999.9 997.2 997.2 12.4 5.7 395.0 Rio_Grande_do_Sul DCRS -999.9 0.0 0.0
-29.057501 -51.396099 DCRS-00008 2026-07-09_12:52 21.3 -999.9 -999.9 54.2 -999.9 -999.9 11.6 -999.9 -999.9 997.2 -999.9 -999.9 0.0 -999.9 2.2 394.0 0.0 0.0 0.0 0.0 0.2 0.2 22.6 7.2 94.1 52.3 12.2 DCRS_-_Nova_Roma_-_Farroupilha_(180_m) -999.9 -999.9 999.9 997.2 997.2 12.4 5.7 395.0 Rio_Grande_do_Sul DCRS -999.9 0.0 0.0
-29.057501 -51.396099 DCRS-00008 2026-07-09_12:53 21.3 -999.9 -999.9 54.3 -999.9 -999.9 11.7 -999.9 -999.9 997.2 -999.9 -999.9 0.0 -999.9 2.2 398.0 0.0 0.0 0.0 0.0 0.2 0.2 22.6 7.2 94.1 52.3 12.2 DCRS_-_Nova_Roma_-_Farroupilha_(180_m) -999.9 -999.9 999.9 997.2 997.2 12.4 5.7 398.0 Rio_Grande_do_Sul DCRS -999.9 0.0 0.0
-29.057501 -51.396099 DCRS-00008 2026-07-09_12:54 21.3 -999.9 -999.9 54.1 -999.9 -999.9 11.6 -999.9 -999.9 997.2 -999.9 -999.9 0.0 -999.9 2.2 408.0 0.0 0.0 0.0 0.0 0.2 0.2 22.6 7.2 94.1 52.3 12.2 DCRS_-_Nova_Roma_-_Farroupilha_(180_m) -999.9 -999.9 999.9 997.2 997.2 12.4 5.7 408.0 Rio_Grande_do_Sul DCRS -999.9 0.0 0.0
-29.057501 -51.396099 DCRS-00008 2026-07-09_12:55 21.3 -999.9 -999.9 54.8 -999.9 -999.9 11.8 -999.9 -999.9 997.1 -999.9 -999.9 0.0 -999.9 0.0 419.0 0.0 0.0 0.0 0.0 0.2 0.2 22.6 7.2 94.1 52.3 12.2 DCRS_-_Nova_Roma_-_Farroupilha_(180_m) -999.9 -999.9 999.9 997.1 997.1 12.4 5.7 419.0 Rio_Grande_do_Sul DCRS -999.9 0.0 0.0
-29.057501 -51.396099 DCRS-00008 2026-07-09_12:56 21.3 -999.9 -999.9 55.1 -999.9 -999.9 11.9 -999.9 -999.9 997.1 -999.9 -999.9 0.0 -999.9 0.0 410.0 0.0 0.0 0.0 0.0 0.2 0.2 22.6 7.2 94.1 52.3 12.2 DCRS_-_Nova_Roma_-_Farroupilha_(180_m) -999.9 -999.9 999.9 997.1 997.1 12.4 5.7 419.0 Rio_Grande_do_Sul DCRS -999.9 0.0 0.0
-29.057501 -51.396099 DCRS-00008 2026-07-09_12:57 21.4 -999.9 -999.9 54.9 -999.9 -999.9 11.9 -999.9 -999.9 997.0 -999.9 -999.9 0.0 -999.9 0.0 432.0 0.0 0.0 0.0 0.0 0.2 0.2 22.6 7.2 94.1 52.3 12.2 DCRS_-_Nova_Roma_-_Farroupilha_(180_m) -999.9 -999.9 999.9 997.0 997.0 12.4 5.7 432.0 Rio_Grande_do_Sul DCRS -999.9 0.0 0.0
-29.057501 -51.396099 DCRS-00008 2026-07-09_12:58 21.6 -999.9 -999.9 55.1 -999.9 -999.9 12.2 -999.9 -999.9 997.0 -999.9 -999.9 0.0 -999.9 0.0 436.0 0.0 0.0 0.0 0.0 0.2 0.2 22.6 7.2 94.1 52.3 12.2 DCRS_-_Nova_Roma_-_Farroupilha_(180_m) -999.9 -999.9 999.9 997.0 997.0 12.4 5.7 436.0 Rio_Grande_do_Sul DCRS -999.9 0.0 0.0
-29.057501 -51.396099 DCRS-00008 2026-07-09_12:59 21.9 -999.9 -999.9 54.4 -999.9 -999.9 12.2 -999.9 -999.9 997.0 -999.9 -999.9 0.0 -999.9 0.0 360.0 0.0 0.0 0.0 0.0 0.2 0.2 22.6 7.2 94.1 52.3 12.2 DCRS_-_Nova_Roma_-_Farroupilha_(180_m) -999.9 -999.9 999.9 997.0 997.0 12.4 5.7 436.0 Rio_Grande_do_Sul DCRS -999.9 0.0 0.0
-29.057501 -51.396099 DCRS-00008 2026-07-09_13:00 21.9 -999.9 -999.9 54.1 -999.9 -999.9 12.2 -999.9 -999.9 997.0 -999.9 -999.9 0.0 -999.9 0.0 326.0 0.0 0.0 0.0 0.0 0.2 0.2 22.6 7.2 94.1 52.3 12.2 DCRS_-_Nova_Roma_-_Farroupilha_(180_m) -999.9 -999.9 999.9 997.0 997.0 12.4 5.7 436.0 Rio_Grande_do_Sul DCRS -999.9 0.0 0.0
-29.057501 -51.396099 DCRS-00008 2026-07-09_13:01 21.9 -999.9 -999.9 53.7 -999.9 -999.9 12.1 -999.9 -999.9 997.0 -999.9 -999.9 0.0 -999.9 0.0 281.0 0.0 0.0 0.0 0.0 0.2 0.2 22.6 7.2 94.1 52.3 12.2 DCRS_-_Nova_Roma_-_Farroupilha_(180_m) -999.9 -999.9 999.9 997.0 997.0 12.4 5.7 436.0 Rio_Grande_do_Sul DCRS -999.9 0.0 0.0
-29.057501 -51.396099 DCRS-00008 2026-07-09_13:02 21.9 -999.9 -999.9 54.0 -999.9 -999.9 12.1 -999.9 -999.9 997.0 -999.9 -999.9 0.0 -999.9 0.0 260.0 0.0 0.0 0.0 0.0 0.2 0.2 22.6 7.2 94.1 52.3 12.2 DCRS_-_Nova_Roma_-_Farroupilha_(180_m) -999.9 -999.9 999.9 997.0 997.0 12.4 5.7 436.0 Rio_Grande_do_Sul DCRS -999.9 0.0 0.0
-29.057501 -51.396099 DCRS-00008 2026-07-09_13:03 22.0 -999.9 -999.9 53.8 -999.9 -999.9 12.2 -999.9 -999.9 997.0 -999.9 -999.9 0.0 -999.9 0.0 225.0 0.0 0.0 0.0 0.0 0.2 0.2 22.6 7.2 94.1 52.3 12.2 DCRS_-_Nova_Roma_-_Farroupilha_(180_m) -999.9 -999.9 999.9 997.0 997.0 12.4 5.7 436.0 Rio_Grande_do_Sul DCRS -999.9 0.0 0.0
-29.057501 -51.396099 DCRS-00008 2026-07-09_13:04 21.9 -999.9 -999.9 54.1 -999.9 -999.9 12.2 -999.9 -999.9 997.0 -999.9 -999.9 0.0 -999.9 0.0 212.0 0.0 0.0 0.0 0.0 0.2 0.2 22.6 7.2 94.1 52.3 12.2 DCRS_-_Nova_Roma_-_Farroupilha_(180_m) -999.9 -999.9 999.9 997.0 997.0 12.4 5.7 436.0 Rio_Grande_do_Sul DCRS -999.9 0.0 0.0
-29.057501 -51.396099 DCRS-00008 2026-07-09_13:05 21.7 -999.9 -999.9 54.2 -999.9 -999.9 12.0 -999.9 -999.9 997.0 -999.9 -999.9 0.0 -999.9 0.0 226.0 0.0 0.0 0.0 0.0 0.2 0.2 22.6 7.2 94.1 52.3 12.2 DCRS_-_Nova_Roma_-_Farroupilha_(180_m) -999.9 -999.9 999.9 997.0 997.0 12.4 5.7 436.0 Rio_Grande_do_Sul DCRS -999.9 0.0 0.0
-29.057501 -51.396099 DCRS-00008 2026-07-09_13:06 21.5 -999.9 -999.9 55.0 -999.9 -999.9 12.0 -999.9 -999.9 996.9 -999.9 -999.9 0.0 -999.9 0.0 221.0 0.0 0.0 0.0 0.0 0.2 0.2 22.6 7.2 94.1 52.3 12.2 DCRS_-_Nova_Roma_-_Farroupilha_(180_m) -999.9 -999.9 999.9 996.9 996.9 12.4 5.7 436.0 Rio_Grande_do_Sul DCRS -999.9 0.0 0.0
-29.057501 -51.396099 DCRS-00008 2026-07-09_13:07 21.4 -999.9 -999.9 55.1 -999.9 -999.9 12.0 -999.9 -999.9 996.9 -999.9 -999.9 0.0 -999.9 0.0 224.0 0.0 0.0 0.0 0.0 0.2 0.2 22.6 7.2 94.1 52.3 12.2 DCRS_-_Nova_Roma_-_Farroupilha_(180_m) -999.9 -999.9 999.9 996.9 996.9 12.4 5.7 436.0 Rio_Grande_do_Sul DCRS -999.9 0.0 0.0
-29.057501 -51.396099 DCRS-00008 2026-07-09_13:08 21.2 -999.9 -999.9 56.0 -999.9 -999.9 12.0 -999.9 -999.9 996.9 -999.9 -999.9 0.0 -999.9 0.0 251.0 0.0 0.0 0.0 0.0 0.2 0.2 22.6 7.2 94.1 52.3 12.2 DCRS_-_Nova_Roma_-_Farroupilha_(180_m) -999.9 -999.9 999.9 996.9 996.9 12.4 5.7 436.0 Rio_Grande_do_Sul DCRS -999.9 0.0 0.0
-29.057501 -51.396099 DCRS-00008 2026-07-09_13:09 20.9 -999.9 -999.9 56.6 -999.9 -999.9 11.9 -999.9 -999.9 996.8 -999.9 -999.9 0.0 -999.9 0.0 234.0 0.0 0.0 0.0 0.0 0.2 0.2 22.6 7.2 94.1 52.3 12.2 DCRS_-_Nova_Roma_-_Farroupilha_(180_m) -999.9 -999.9 999.9 996.8 996.8 12.4 5.7 436.0 Rio_Grande_do_Sul DCRS -999.9 0.0 0.0
-29.057501 -51.396099 DCRS-00008 2026-07-09_13:10 20.7 -999.9 -999.9 57.3 -999.9 -999.9 11.9 -999.9 -999.9 996.7 -999.9 -999.9 0.0 -999.9 2.2 216.0 0.0 0.0 0.0 0.0 0.2 0.2 22.6 7.2 94.1 52.3 12.2 DCRS_-_Nova_Roma_-_Farroupilha_(180_m) -999.9 -999.9 999.9 996.7 996.7 12.4 5.7 436.0 Rio_Grande_do_Sul DCRS -999.9 0.0 0.0
-29.057501 -51.396099 DCRS-00008 2026-07-09_13:11 20.5 -999.9 -999.9 57.4 -999.9 -999.9 11.8 -999.9 -999.9 996.7 -999.9 -999.9 0.0 -999.9 2.2 203.0 0.0 0.0 0.0 0.0 0.2 0.2 22.6 7.2 94.1 52.3 12.2 DCRS_-_Nova_Roma_-_Farroupilha_(180_m) -999.9 -999.9 999.9 996.7 996.7 12.4 5.7 436.0 Rio_Grande_do_Sul DCRS -999.9 0.0 0.0
-29.057501 -51.396099 DCRS-00008 2026-07-09_13:12 20.4 -999.9 -999.9 57.3 -999.9 -999.9 11.6 -999.9 -999.9 996.6 -999.9 -999.9 0.0 -999.9 2.2 223.0 0.0 0.0 0.0 0.0 0.2 0.2 22.6 7.2 94.1 52.3 12.2 DCRS_-_Nova_Roma_-_Farroupilha_(180_m) -999.9 -999.9 999.9 996.6 996.6 12.4 5.7 436.0 Rio_Grande_do_Sul DCRS -999.9 0.0 0.0
-29.057501 -51.396099 DCRS-00008 2026-07-09_13:13 20.3 -999.9 -999.9 58.0 -999.9 -999.9 11.7 -999.9 -999.9 996.6 -999.9 -999.9 0.0 -999.9 2.2 249.0 0.0 0.0 0.0 0.0 0.2 0.2 22.6 7.2 94.1 52.3 12.2 DCRS_-_Nova_Roma_-_Farroupilha_(180_m) -999.9 -999.9 999.9 996.6 996.6 12.4 5.7 436.0 Rio_Grande_do_Sul DCRS -999.9 0.0 0.0
-29.057501 -51.396099 DCRS-00008 2026-07-09_13:14 20.3 -999.9 -999.9 60.3 -999.9 -999.9 12.3 -999.9 -999.9 996.4 -999.9 -999.9 0.0 -999.9 2.2 287.0 0.0 0.0 0.0 0.0 0.2 0.2 22.6 7.2 94.1 52.3 12.2 DCRS_-_Nova_Roma_-_Farroupilha_(180_m) -999.9 -999.9 999.9 996.4 996.4 12.4 5.7 436.0 Rio_Grande_do_Sul DCRS -999.9 0.0 0.0
-29.057501 -51.396099 DCRS-00008 2026-07-09_13:15 20.2 -999.9 -999.9 59.6 -999.9 -999.9 12.0 -999.9 -999.9 996.4 -999.9 -999.9 0.0 -999.9 0.0 255.0 0.0 0.0 0.0 0.0 0.2 0.2 22.6 7.2 94.1 52.3 12.2 DCRS_-_Nova_Roma_-_Farroupilha_(180_m) -999.9 -999.9 999.9 996.4 996.4 12.4 5.7 436.0 Rio_Grande_do_Sul DCRS -999.9 0.0 0.0
-29.057501 -51.396099 DCRS-00008 2026-07-09_13:16 20.1 -999.9 -999.9 59.5 -999.9 -999.9 11.9 -999.9 -999.9 996.4 -999.9 -999.9 0.0 -999.9 0.0 262.0 0.0 0.0 0.0 0.0 0.2 0.2 22.6 7.2 94.1 52.3 12.2 DCRS_-_Nova_Roma_-_Farroupilha_(180_m) -999.9 -999.9 999.9 996.4 996.4 12.4 5.7 436.0 Rio_Grande_do_Sul DCRS -999.9 0.0 0.0
-29.057501 -51.396099 DCRS-00008 2026-07-09_13:17 20.0 -999.9 -999.9 61.0 -999.9 -999.9 12.2 -999.9 -999.9 996.2 -999.9 -999.9 0.0 -999.9 0.0 266.0 0.0 0.0 0.0 0.0 0.2 0.2 22.6 7.2 94.1 52.3 12.2 DCRS_-_Nova_Roma_-_Farroupilha_(180_m) -999.9 -999.9 999.9 996.2 996.2 12.4 5.7 436.0 Rio_Grande_do_Sul DCRS -999.9 0.0 0.0
-29.057501 -51.396099 DCRS-00008 2026-07-09_13:18 20.0 -999.9 -999.9 60.8 -999.9 -999.9 12.2 -999.9 -999.9 996.2 -999.9 -999.9 0.0 -999.9 0.0 248.0 0.0 0.0 0.0 0.0 0.2 0.2 22.6 7.2 94.1 52.3 12.2 DCRS_-_Nova_Roma_-_Farroupilha_(180_m) -999.9 -999.9 999.9 996.2 996.2 12.4 5.7 436.0 Rio_Grande_do_Sul DCRS -999.9 0.0 0.0
-29.057501 -51.396099 DCRS-00008 2026-07-09_13:19 20.0 -999.9 -999.9 60.7 -999.9 -999.9 12.1 -999.9 -999.9 996.2 -999.9 -999.9 0.0 -999.9 0.0 252.0 0.0 0.0 0.0 0.0 0.2 0.2 22.6 7.2 94.1 52.3 12.2 DCRS_-_Nova_Roma_-_Farroupilha_(180_m) -999.9 -999.9 999.9 996.2 996.2 12.4 5.7 436.0 Rio_Grande_do_Sul DCRS -999.9 0.0 0.0
-29.057501 -51.396099 DCRS-00008 2026-07-09_13:20 20.0 -999.9 -999.9 60.2 -999.9 -999.9 12.0 -999.9 -999.9 996.2 -999.9 -999.9 0.0 -999.9 0.0 236.0 0.0 0.0 0.0 0.0 0.2 0.2 22.6 7.2 94.1 52.3 12.2 DCRS_-_Nova_Roma_-_Farroupilha_(180_m) -999.9 -999.9 999.9 996.2 996.2 12.4 5.7 436.0 Rio_Grande_do_Sul DCRS -999.9 0.0 0.0
-29.057501 -51.396099 DCRS-00008 2026-07-09_13:21 20.1 -999.9 -999.9 61.0 -999.9 -999.9 12.3 -999.9 -999.9 996.2 -999.9 -999.9 0.0 -999.9 0.0 219.0 0.0 0.0 0.0 0.0 0.2 0.2 22.6 7.2 94.1 52.3 12.2 DCRS_-_Nova_Roma_-_Farroupilha_(180_m) -999.9 -999.9 999.9 996.2 996.2 12.4 5.7 436.0 Rio_Grande_do_Sul DCRS -999.9 0.0 0.0
-29.057501 -51.396099 DCRS-00008 2026-07-09_13:22 20.0 -999.9 -999.9 61.7 -999.9 -999.9 12.4 -999.9 -999.9 996.1 -999.9 -999.9 0.0 -999.9 0.0 261.0 0.0 0.0 0.0 0.0 0.2 0.2 22.6 7.2 94.1 52.3 12.2 DCRS_-_Nova_Roma_-_Farroupilha_(180_m) -999.9 -999.9 999.9 996.1 996.1 12.4 5.7 436.0 Rio_Grande_do_Sul DCRS -999.9 0.0 0.0
-29.057501 -51.396099 DCRS-00008 2026-07-09_13:23 19.9 -999.9 -999.9 61.3 -999.9 -999.9 -999.9 -999.9 -999.9 996.1 -999.9 -999.9 0.0 -999.9 0.0 274.0 0.0 0.0 0.0 0.0 0.2 0.2 22.6 7.2 94.1 52.3 12.2 DCRS_-_Nova_Roma_-_Farroupilha_(180_m) -999.9 -999.9 999.9 996.1 996.1 12.4 5.7 436.0 Rio_Grande_do_Sul DCRS -999.9 0.0 0.0
-29.057501 -51.396099 DCRS-00008 2026-07-09_13:24 19.9 -999.9 -999.9 62.0 -999.9 -999.9 12.4 -999.9 -999.9 996.0 -999.9 -999.9 -999.9 -999.9 0.0 278.0 0.0 0.0 0.0 0.0 0.2 0.2 22.6 7.2 94.1 52.3 12.2 DCRS_-_Nova_Roma_-_Farroupilha_(180_m) -999.9 -999.9 999.9 996.0 996.0 12.4 5.7 436.0 Rio_Grande_do_Sul DCRS -999.9 0.0 0.0
-29.057501 -51.396099 DCRS-00008 2026-07-09_13:25 19.8 -999.9 -999.9 62.7 -999.9 -999.9 12.4 -999.9 -999.9 996.0 -999.9 -999.9 0.0 -999.9 2.6 273.0 0.0 0.0 0.0 0.0 0.2 0.2 22.6 7.2 94.1 52.3 12.2 DCRS_-_Nova_Roma_-_Farroupilha_(180_m) -999.9 -999.9 999.9 996.0 996.0 12.4 5.7 436.0 Rio_Grande_do_Sul DCRS -999.9 0.0 0.0
-29.057501 -51.396099 DCRS-00008 2026-07-09_13:26 19.7 -999.9 -999.9 62.6 -999.9 -999.9 12.3 -999.9 -999.9 996.0 -999.9 -999.9 1.9 -999.9 2.6 297.0 0.0 0.0 0.0 0.0 0.2 0.2 22.6 7.2 94.1 52.3 12.2 DCRS_-_Nova_Roma_-_Farroupilha_(180_m) -999.9 -999.9 999.9 996.0 996.0 12.4 5.7 436.0 Rio_Grande_do_Sul DCRS -999.9 0.0 0.0
-29.057501 -51.396099 DCRS-00008 2026-07-09_13:27 19.6 -999.9 -999.9 62.8 -999.9 -999.9 12.3 -999.9 -999.9 996.0 -999.9 -999.9 0.0 -999.9 2.6 328.0 0.0 0.0 0.0 0.0 0.2 0.2 22.6 7.2 94.1 52.3 12.2 DCRS_-_Nova_Roma_-_Farroupilha_(180_m) -999.9 -999.9 999.9 996.0 996.0 12.4 5.7 436.0 Rio_Grande_do_Sul DCRS -999.9 0.0 0.0
-29.057501 -51.396099 DCRS-00008 2026-07-09_13:28 19.5 -999.9 -999.9 63.4 -999.9 -999.9 12.3 -999.9 -999.9 995.9 -999.9 -999.9 0.0 -999.9 2.6 329.0 0.0 0.0 0.0 0.0 0.2 0.2 22.6 7.2 94.1 52.3 12.2 DCRS_-_Nova_Roma_-_Farroupilha_(180_m) -999.9 -999.9 999.9 995.9 995.9 12.4 5.7 436.0 Rio_Grande_do_Sul DCRS -999.9 0.0 0.0
-29.057501 -51.396099 DCRS-00008 2026-07-09_13:29 19.5 -999.9 -999.9 61.1 -999.9 -999.9 11.8 -999.9 -999.9 996.0 -999.9 -999.9 0.0 -999.9 2.6 307.0 0.0 0.0 0.0 0.0 0.2 0.2 22.6 7.2 94.1 52.3 12.2 DCRS_-_Nova_Roma_-_Farroupilha_(180_m) -999.9 -999.9 999.9 995.9 996.0 12.4 5.7 436.0 Rio_Grande_do_Sul DCRS -999.9 0.0 0.0
-29.057501 -51.396099 DCRS-00008 2026-07-09_13:30 19.5 -999.9 -999.9 60.8 -999.9 -999.9 11.7 -999.9 -999.9 996.0 -999.9 -999.9 0.0 -999.9 2.2 413.0 0.0 0.0 0.0 0.0 0.2 0.2 22.6 7.2 94.1 52.3 12.2 DCRS_-_Nova_Roma_-_Farroupilha_(180_m) -999.9 -999.9 999.9 995.9 996.0 12.4 5.7 436.0 Rio_Grande_do_Sul DCRS -999.9 0.0 0.0
-29.057501 -51.396099 DCRS-00008 2026-07-09_13:32 19.7 -999.9 -999.9 63.3 -999.9 -999.9 12.5 -999.9 -999.9 995.9 -999.9 -999.9 0.0 -999.9 2.2 373.0 0.0 0.0 0.0 0.0 0.2 0.2 22.6 7.2 94.1 52.3 12.2 DCRS_-_Nova_Roma_-_Farroupilha_(180_m) -999.9 -999.9 999.9 995.9 995.9 12.5 5.7 436.0 Rio_Grande_do_Sul DCRS -999.9 0.0 0.0
-29.057501 -51.396099 DCRS-00008 2026-07-09_13:33 19.8 -999.9 -999.9 61.8 -999.9 -999.9 12.2 -999.9 -999.9 995.9 -999.9 -999.9 0.0 -999.9 2.2 374.0 0.0 0.0 0.0 0.0 0.2 0.2 22.6 7.2 94.1 52.3 12.2 DCRS_-_Nova_Roma_-_Farroupilha_(180_m) -999.9 -999.9 999.9 995.9 995.9 12.5 5.7 436.0 Rio_Grande_do_Sul DCRS -999.9 0.0 0.0
-29.057501 -51.396099 DCRS-00008 2026-07-09_13:34 19.9 -999.9 -999.9 59.0 -999.9 -999.9 11.6 -999.9 -999.9 996.1 -999.9 -999.9 0.0 -999.9 2.2 322.0 0.0 0.0 0.0 0.0 0.2 0.2 22.6 7.2 94.1 52.3 12.2 DCRS_-_Nova_Roma_-_Farroupilha_(180_m) -999.9 -999.9 999.9 995.9 996.1 12.5 5.7 436.0 Rio_Grande_do_Sul DCRS -999.9 0.0 0.0
-29.057501 -51.396099 DCRS-00008 2026-07-09_13:35 20.0 -999.9 -999.9 58.7 -999.9 -999.9 11.6 -999.9 -999.9 996.2 -999.9 -999.9 0.0 -999.9 0.0 368.0 0.0 0.0 0.0 0.0 0.2 0.2 22.6 7.2 94.1 52.3 12.2 DCRS_-_Nova_Roma_-_Farroupilha_(180_m) -999.9 -999.9 999.9 995.9 996.2 12.5 5.7 436.0 Rio_Grande_do_Sul DCRS -999.9 0.0 0.0
-29.057501 -51.396099 DCRS-00008 2026-07-09_13:36 20.2 -999.9 -999.9 61.1 -999.9 -999.9 12.4 -999.9 -999.9 996.0 -999.9 -999.9 0.0 -999.9 0.0 371.0 0.0 0.0 0.0 0.0 0.2 0.2 22.6 7.2 94.1 52.3 12.2 DCRS_-_Nova_Roma_-_Farroupilha_(180_m) -999.9 -999.9 999.9 995.9 996.0 12.5 5.7 436.0 Rio_Grande_do_Sul DCRS -999.9 0.0 0.0
-29.057501 -51.396099 DCRS-00008 2026-07-09_13:37 20.5 -999.9 -999.9 58.7 -999.9 -999.9 12.1 -999.9 -999.9 996.2 -999.9 -999.9 0.0 -999.9 0.0 414.0 0.0 0.0 0.0 0.0 0.2 0.2 22.6 7.2 94.1 52.3 12.2 DCRS_-_Nova_Roma_-_Farroupilha_(180_m) -999.9 -999.9 999.9 995.9 996.2 12.5 5.7 436.0 Rio_Grande_do_Sul DCRS -999.9 0.0 0.0
-29.057501 -51.396099 DCRS-00008 2026-07-09_13:38 20.6 -999.9 -999.9 59.3 -999.9 -999.9 12.3 -999.9 -999.9 996.1 -999.9 -999.9 -999.9 -999.9 0.0 420.0 0.0 0.0 0.0 0.0 0.2 0.2 22.6 7.2 94.1 52.3 12.2 DCRS_-_Nova_Roma_-_Farroupilha_(180_m) -999.9 -999.9 999.9 995.9 996.1 12.5 5.7 436.0 Rio_Grande_do_Sul DCRS -999.9 0.0 0.0
-29.057501 -51.396099 DCRS-00008 2026-07-09_13:39 20.6 -999.9 -999.9 62.3 -999.9 -999.9 13.1 -999.9 -999.9 995.9 -999.9 -999.9 0.0 -999.9 0.0 481.0 0.0 0.0 0.0 0.0 0.2 0.2 22.6 7.2 94.1 52.3 12.2 DCRS_-_Nova_Roma_-_Farroupilha_(180_m) -999.9 -999.9 999.9 995.9 995.9 13.1 5.7 481.0 Rio_Grande_do_Sul DCRS -999.9 0.0 0.0
-29.057501 -51.396099 DCRS-00008 2026-07-09_13:40 20.6 -999.9 -999.9 63.0 -999.9 -999.9 13.3 -999.9 -999.9 995.9 -999.9 -999.9 0.0 -999.9 2.7 446.0 0.0 0.0 0.0 0.0 0.2 0.2 22.6 7.2 94.1 52.3 12.2 DCRS_-_Nova_Roma_-_Farroupilha_(180_m) -999.9 -999.9 999.9 995.9 995.9 13.3 5.7 481.0 Rio_Grande_do_Sul DCRS -999.9 0.0 0.0
-29.057501 -51.396099 DCRS-00008 2026-07-09_13:41 20.6 -999.9 -999.9 62.5 -999.9 -999.9 13.2 -999.9 -999.9 995.9 -999.9 -999.9 0.0 -999.9 2.7 464.0 0.0 0.0 0.0 0.0 0.2 0.2 22.6 7.2 94.1 52.3 12.2 DCRS_-_Nova_Roma_-_Farroupilha_(180_m) -999.9 -999.9 999.9 995.9 995.9 13.3 5.7 481.0 Rio_Grande_do_Sul DCRS -999.9 0.0 0.0
-29.057501 -51.396099 DCRS-00008 2026-07-09_13:42 20.7 -999.9 -999.9 62.0 -999.9 -999.9 13.1 -999.9 -999.9 995.9 -999.9 -999.9 1.9 -999.9 2.7 461.0 0.0 0.0 0.0 0.0 0.2 0.2 22.6 7.2 94.1 52.3 12.2 DCRS_-_Nova_Roma_-_Farroupilha_(180_m) -999.9 -999.9 999.9 995.9 995.9 13.3 5.7 481.0 Rio_Grande_do_Sul DCRS -999.9 0.0 0.0
-29.057501 -51.396099 DCRS-00008 2026-07-09_13:43 20.8 -999.9 -999.9 61.1 -999.9 -999.9 13.0 -999.9 -999.9 995.9 -999.9 -999.9 2.5 -999.9 2.7 445.0 0.0 0.0 0.0 0.0 0.2 0.2 22.6 7.2 94.1 52.3 12.2 DCRS_-_Nova_Roma_-_Farroupilha_(180_m) -999.9 -999.9 999.9 995.9 995.9 13.3 5.7 481.0 Rio_Grande_do_Sul DCRS -999.9 0.0 0.0
-29.057501 -51.396099 DCRS-00008 2026-07-09_13:44 20.7 -999.9 -999.9 61.9 -999.9 -999.9 13.1 -999.9 -999.9 995.9 -999.9 -999.9 -999.9 -999.9 2.7 448.0 0.0 0.0 0.0 0.0 0.2 0.2 22.6 7.2 94.1 52.3 12.2 DCRS_-_Nova_Roma_-_Farroupilha_(180_m) -999.9 -999.9 999.9 995.9 995.9 13.3 5.7 481.0 Rio_Grande_do_Sul DCRS -999.9 0.0 0.0
-29.057501 -51.396099 DCRS-00008 2026-07-09_13:45 20.6 -999.9 -999.9 62.1 -999.9 -999.9 13.1 -999.9 -999.9 995.9 -999.9 -999.9 0.0 -999.9 3.1 447.0 0.0 0.0 0.0 0.0 0.2 0.2 22.6 7.2 94.1 52.3 12.2 DCRS_-_Nova_Roma_-_Farroupilha_(180_m) -999.9 -999.9 999.9 995.9 995.9 13.3 5.7 481.0 Rio_Grande_do_Sul DCRS -999.9 0.0 0.0
-29.057501 -51.396099 DCRS-00008 2026-07-09_13:46 20.5 -999.9 -999.9 62.8 -999.9 -999.9 13.1 -999.9 -999.9 995.8 -999.9 -999.9 1.8 -999.9 3.1 445.0 0.0 0.0 0.0 0.0 0.2 0.2 22.6 7.2 94.1 52.3 12.2 DCRS_-_Nova_Roma_-_Farroupilha_(180_m) -999.9 -999.9 999.9 995.8 995.8 13.3 5.7 481.0 Rio_Grande_do_Sul DCRS -999.9 0.0 0.0
-29.057501 -51.396099 DCRS-00008 2026-07-09_13:47 20.4 -999.9 -999.9 63.0 -999.9 -999.9 13.1 -999.9 -999.9 995.8 -999.9 -999.9 1.9 -999.9 3.1 439.0 0.0 0.0 0.0 0.0 0.2 0.2 22.6 7.2 94.1 52.3 12.2 DCRS_-_Nova_Roma_-_Farroupilha_(180_m) -999.9 -999.9 999.9 995.8 995.8 13.3 5.7 481.0 Rio_Grande_do_Sul DCRS -999.9 0.0 0.0
-29.057501 -51.396099 DCRS-00008 2026-07-09_13:48 20.5 -999.9 -999.9 63.1 -999.9 -999.9 13.2 -999.9 -999.9 995.8 -999.9 -999.9 2.2 -999.9 3.1 390.0 0.0 0.0 0.0 0.0 0.2 0.2 22.6 7.2 94.1 52.3 12.2 DCRS_-_Nova_Roma_-_Farroupilha_(180_m) -999.9 -999.9 999.9 995.8 995.8 13.3 5.7 481.0 Rio_Grande_do_Sul DCRS -999.9 0.0 0.0
-29.057501 -51.396099 DCRS-00008 2026-07-09_13:49 20.4 -999.9 -999.9 62.0 -999.9 -999.9 12.8 -999.9 -999.9 995.8 -999.9 -999.9 -999.9 -999.9 3.1 396.0 0.0 0.0 0.0 0.0 0.2 0.2 22.6 7.2 94.1 52.3 12.2 DCRS_-_Nova_Roma_-_Farroupilha_(180_m) -999.9 -999.9 999.9 995.8 995.8 13.3 5.7 481.0 Rio_Grande_do_Sul DCRS -999.9 0.0 0.0
-29.057501 -51.396099 DCRS-00008 2026-07-09_13:50 20.4 -999.9 -999.9 61.9 -999.9 -999.9 12.8 -999.9 -999.9 995.8 -999.9 -999.9 0.0 -999.9 4.9 395.0 0.0 0.0 0.0 0.0 0.2 0.2 22.6 7.2 94.1 52.3 12.2 DCRS_-_Nova_Roma_-_Farroupilha_(180_m) -999.9 -999.9 999.9 995.8 995.8 13.3 5.7 481.0 Rio_Grande_do_Sul DCRS -999.9 0.0 0.0
-29.057501 -51.396099 DCRS-00008 2026-07-09_13:51 20.4 -999.9 -999.9 62.6 -999.9 -999.9 13.0 -999.9 -999.9 995.8 -999.9 -999.9 2.2 -999.9 4.9 432.0 0.0 0.0 0.0 0.0 0.2 0.2 22.6 7.2 94.1 52.3 12.2 DCRS_-_Nova_Roma_-_Farroupilha_(180_m) -999.9 -999.9 999.9 995.8 995.8 13.3 5.7 481.0 Rio_Grande_do_Sul DCRS -999.9 0.0 0.0
-29.057501 -51.396099 DCRS-00008 2026-07-09_13:52 20.4 -999.9 -999.9 62.9 -999.9 -999.9 13.1 -999.9 -999.9 995.8 -999.9 -999.9 2.5 -999.9 4.9 443.0 0.0 0.0 0.0 0.0 0.2 0.2 22.6 7.2 94.1 52.3 12.2 DCRS_-_Nova_Roma_-_Farroupilha_(180_m) -999.9 -999.9 999.9 995.8 995.8 13.3 5.7 481.0 Rio_Grande_do_Sul DCRS -999.9 0.0 0.0
-29.057501 -51.396099 DCRS-00008 2026-07-09_13:53 20.3 -999.9 -999.9 63.5 -999.9 -999.9 13.1 -999.9 -999.9 995.7 -999.9 -999.9 0.0 -999.9 4.9 413.0 0.0 0.0 0.0 0.0 0.2 0.2 22.6 7.2 94.1 52.3 12.2 DCRS_-_Nova_Roma_-_Farroupilha_(180_m) -999.9 -999.9 999.9 995.7 995.7 13.3 5.7 481.0 Rio_Grande_do_Sul DCRS -999.9 0.0 0.0
-29.057501 -51.396099 DCRS-00008 2026-07-09_13:54 20.3 -999.9 -999.9 63.8 -999.9 -999.9 13.2 -999.9 -999.9 995.7 -999.9 -999.9 2.3 -999.9 4.9 370.0 0.0 0.0 0.0 0.0 0.2 0.2 22.6 7.2 94.1 52.3 12.2 DCRS_-_Nova_Roma_-_Farroupilha_(180_m) -999.9 -999.9 999.9 995.7 995.7 13.3 5.7 481.0 Rio_Grande_do_Sul DCRS -999.9 0.0 0.0
-29.057501 -51.396099 DCRS-00008 2026-07-09_13:55 20.3 -999.9 -999.9 63.9 -999.9 -999.9 13.2 -999.9 -999.9 995.7 -999.9 -999.9 3.0 -999.9 3.2 397.0 0.0 0.0 0.0 0.0 0.2 0.2 22.6 7.2 94.1 52.3 12.2 DCRS_-_Nova_Roma_-_Farroupilha_(180_m) -999.9 -999.9 999.9 995.7 995.7 13.3 5.7 481.0 Rio_Grande_do_Sul DCRS -999.9 0.0 0.0
-29.057501 -51.396099 DCRS-00008 2026-07-09_13:56 20.3 -999.9 -999.9 64.0 -999.9 -999.9 13.2 -999.9 -999.9 995.6 -999.9 -999.9 2.2 -999.9 3.2 424.0 0.0 0.0 0.0 0.0 0.2 0.2 22.6 7.2 94.1 52.3 12.2 DCRS_-_Nova_Roma_-_Farroupilha_(180_m) -999.9 -999.9 999.9 995.6 995.6 13.3 5.7 481.0 Rio_Grande_do_Sul DCRS -999.9 0.0 0.0
-29.057501 -51.396099 DCRS-00008 2026-07-09_13:57 20.2 -999.9 -999.9 64.1 -999.9 -999.9 13.2 -999.9 -999.9 995.6 -999.9 -999.9 2.0 -999.9 3.2 355.0 0.0 0.0 0.0 0.0 0.2 0.2 22.6 7.2 94.1 52.3 12.2 DCRS_-_Nova_Roma_-_Farroupilha_(180_m) -999.9 -999.9 999.9 995.6 995.6 13.3 5.7 481.0 Rio_Grande_do_Sul DCRS -999.9 0.0 0.0
-29.057501 -51.396099 DCRS-00008 2026-07-09_13:58 20.2 -999.9 -999.9 63.7 -999.9 -999.9 13.1 -999.9 -999.9 995.6 -999.9 -999.9 0.0 -999.9 3.2 309.0 0.0 0.0 0.0 0.0 0.2 0.2 22.6 7.2 94.1 52.3 12.2 DCRS_-_Nova_Roma_-_Farroupilha_(180_m) -999.9 -999.9 999.9 995.6 995.6 13.3 5.7 481.0 Rio_Grande_do_Sul DCRS -999.9 0.0 0.0
-29.057501 -51.396099 DCRS-00008 2026-07-09_13:59 20.2 -999.9 -999.9 63.7 -999.9 -999.9 13.1 -999.9 -999.9 995.6 -999.9 -999.9 0.0 -999.9 3.2 336.0 0.0 0.0 0.0 0.0 0.2 0.2 22.6 7.2 94.1 52.3 12.2 DCRS_-_Nova_Roma_-_Farroupilha_(180_m) -999.9 -999.9 999.9 995.6 995.6 13.3 5.7 481.0 Rio_Grande_do_Sul DCRS -999.9 0.0 0.0
-29.057501 -51.396099 DCRS-00008 2026-07-09_14:00 20.3 -999.9 -999.9 62.6 -999.9 -999.9 12.9 -999.9 -999.9 995.7 -999.9 -999.9 0.0 -999.9 3.1 372.0 0.0 0.0 0.0 0.0 0.2 0.2 22.6 7.2 94.1 52.3 12.2 DCRS_-_Nova_Roma_-_Farroupilha_(180_m) -999.9 -999.9 999.9 995.6 995.7 13.3 5.7 481.0 Rio_Grande_do_Sul DCRS -999.9 0.0 0.0
-29.057501 -51.396099 DCRS-00008 2026-07-09_14:01 20.3 -999.9 -999.9 61.0 -999.9 -999.9 12.5 -999.9 -999.9 995.8 -999.9 -999.9 -999.9 -999.9 3.1 349.0 0.0 0.0 0.0 0.0 0.2 0.2 22.6 7.2 94.1 52.3 12.2 DCRS_-_Nova_Roma_-_Farroupilha_(180_m) -999.9 -999.9 999.9 995.6 995.8 13.3 5.7 481.0 Rio_Grande_do_Sul DCRS -999.9 0.0 0.0
-29.057501 -51.396099 DCRS-00008 2026-07-09_14:02 20.3 -999.9 -999.9 59.4 -999.9 -999.9 12.1 -999.9 -999.9 995.9 -999.9 -999.9 -999.9 -999.9 3.1 375.0 0.0 0.0 0.0 0.0 0.2 0.2 22.6 7.2 94.1 52.3 12.2 DCRS_-_Nova_Roma_-_Farroupilha_(180_m) -999.9 -999.9 999.9 995.6 995.9 13.3 5.7 481.0 Rio_Grande_do_Sul DCRS -999.9 0.0 0.0
-29.057501 -51.396099 DCRS-00008 2026-07-09_14:03 20.2 -999.9 -999.9 60.0 -999.9 -999.9 12.1 -999.9 -999.9 995.8 -999.9 -999.9 0.0 -999.9 3.1 387.0 0.0 0.0 0.0 0.0 0.2 0.2 22.6 7.2 94.1 52.3 12.2 DCRS_-_Nova_Roma_-_Farroupilha_(180_m) -999.9 -999.9 999.9 995.6 995.8 13.3 5.7 481.0 Rio_Grande_do_Sul DCRS -999.9 0.0 0.0
-29.057501 -51.396099 DCRS-00008 2026-07-09_14:04 20.2 -999.9 -999.9 60.1 -999.9 -999.9 12.2 -999.9 -999.9 995.8 -999.9 -999.9 -999.9 -999.9 3.1 345.0 0.0 0.0 0.0 0.0 0.2 0.2 22.6 7.2 94.1 52.3 12.2 DCRS_-_Nova_Roma_-_Farroupilha_(180_m) -999.9 -999.9 999.9 995.6 995.8 13.3 5.7 481.0 Rio_Grande_do_Sul DCRS -999.9 0.0 0.0
-29.057501 -51.396099 DCRS-00008 2026-07-09_14:05 20.2 -999.9 -999.9 61.2 -999.9 -999.9 12.5 -999.9 -999.9 995.7 -999.9 -999.9 2.1 -999.9 8.0 281.0 0.0 0.0 0.0 0.0 0.2 0.2 22.6 7.2 94.1 52.3 12.2 DCRS_-_Nova_Roma_-_Farroupilha_(180_m) -999.9 -999.9 999.9 995.6 995.7 13.3 5.7 481.0 Rio_Grande_do_Sul DCRS -999.9 0.0 0.0
-29.057501 -51.396099 DCRS-00008 2026-07-09_14:06 20.2 -999.9 -999.9 62.3 -999.9 -999.9 12.7 -999.9 -999.9 995.6 -999.9 -999.9 1.8 -999.9 8.0 324.0 0.0 0.0 0.0 0.0 0.2 0.2 22.6 7.2 94.1 52.3 12.2 DCRS_-_Nova_Roma_-_Farroupilha_(180_m) -999.9 -999.9 999.9 995.6 995.6 13.3 5.7 481.0 Rio_Grande_do_Sul DCRS -999.9 0.0 0.0
-29.057501 -51.396099 DCRS-00008 2026-07-09_14:07 20.3 -999.9 -999.9 62.5 -999.9 -999.9 12.9 -999.9 -999.9 995.6 -999.9 -999.9 2.2 -999.9 8.0 373.0 0.0 0.0 0.0 0.0 0.2 0.2 22.6 7.2 94.1 52.3 12.2 DCRS_-_Nova_Roma_-_Farroupilha_(180_m) -999.9 -999.9 999.9 995.6 995.6 13.3 5.7 481.0 Rio_Grande_do_Sul DCRS -999.9 0.0 0.0
-29.057501 -51.396099 DCRS-00008 2026-07-09_14:08 20.4 -999.9 -999.9 60.3 -999.9 -999.9 12.4 -999.9 -999.9 995.7 -999.9 -999.9 2.8 -999.9 8.0 373.0 0.0 0.0 0.0 0.0 0.2 0.2 22.6 7.2 94.1 52.3 12.2 DCRS_-_Nova_Roma_-_Farroupilha_(180_m) -999.9 -999.9 999.9 995.6 995.7 13.3 5.7 481.0 Rio_Grande_do_Sul DCRS -999.9 0.0 0.0
-29.057501 -51.396099 DCRS-00008 2026-07-09_14:09 20.4 -999.9 -999.9 59.6 -999.9 -999.9 12.2 -999.9 -999.9 995.8 -999.9 -999.9 0.0 -999.9 8.0 370.0 0.0 0.0 0.0 0.0 0.2 0.2 22.6 7.2 94.1 52.3 12.2 DCRS_-_Nova_Roma_-_Farroupilha_(180_m) -999.9 -999.9 999.9 995.6 995.8 13.3 5.7 481.0 Rio_Grande_do_Sul DCRS -999.9 0.0 0.0
-29.057501 -51.396099 DCRS-00008 2026-07-09_14:10 20.5 -999.9 -999.9 60.8 -999.9 -999.9 12.6 -999.9 -999.9 995.7 -999.9 -999.9 4.6 -999.9 5.2 366.0 0.0 0.0 0.0 0.0 0.2 0.2 22.6 7.2 94.1 52.3 12.2 DCRS_-_Nova_Roma_-_Farroupilha_(180_m) -999.9 -999.9 999.9 995.6 995.7 13.3 5.7 481.0 Rio_Grande_do_Sul DCRS -999.9 0.0 0.0
-29.057501 -51.396099 DCRS-00008 2026-07-09_14:11 20.5 -999.9 -999.9 59.5 -999.9 -999.9 12.3 -999.9 -999.9 995.8 -999.9 -999.9 4.3 -999.9 5.2 358.0 0.0 0.0 0.0 0.0 0.2 0.2 22.6 7.2 94.1 52.3 12.2 DCRS_-_Nova_Roma_-_Farroupilha_(180_m) -999.9 -999.9 999.9 995.6 995.8 13.3 5.7 481.0 Rio_Grande_do_Sul DCRS -999.9 0.0 0.0
-29.057501 -51.396099 DCRS-00008 2026-07-09_14:12 20.5 -999.9 -999.9 60.9 -999.9 -999.9 12.7 -999.9 -999.9 995.7 -999.9 -999.9 3.3 -999.9 5.2 352.0 0.0 0.0 0.0 0.0 0.2 0.2 22.6 7.2 94.1 52.3 12.2 DCRS_-_Nova_Roma_-_Farroupilha_(180_m) -999.9 -999.9 999.9 995.6 995.7 13.3 5.7 481.0 Rio_Grande_do_Sul DCRS -999.9 0.0 0.0
-29.057501 -51.396099 DCRS-00008 2026-07-09_14:13 20.4 -999.9 -999.9 61.3 -999.9 -999.9 12.7 -999.9 -999.9 995.7 -999.9 -999.9 3.2 -999.9 5.2 348.0 0.0 0.0 0.0 0.0 0.2 0.2 22.6 7.2 94.1 52.3 12.2 DCRS_-_Nova_Roma_-_Farroupilha_(180_m) -999.9 -999.9 999.9 995.6 995.7 13.3 5.7 481.0 Rio_Grande_do_Sul DCRS -999.9 0.0 0.0
-29.057501 -51.396099 DCRS-00008 2026-07-09_14:14 20.5 -999.9 -999.9 62.3 -999.9 -999.9 13.0 -999.9 -999.9 995.6 -999.9 -999.9 0.0 -999.9 5.2 345.0 0.0 0.0 0.0 0.0 0.2 0.2 22.6 7.2 94.1 52.3 12.2 DCRS_-_Nova_Roma_-_Farroupilha_(180_m) -999.9 -999.9 999.9 995.6 995.6 13.3 5.7 481.0 Rio_Grande_do_Sul DCRS -999.9 0.0 0.0
-29.057501 -51.396099 DCRS-00008 2026-07-09_14:16 20.6 -999.9 -999.9 59.5 -999.9 -999.9 12.4 -999.9 -999.9 995.8 -999.9 -999.9 0.0 -999.9 9.0 348.0 0.0 0.0 0.0 0.0 0.2 0.2 22.6 7.2 94.1 52.3 12.2 DCRS_-_Nova_Roma_-_Farroupilha_(180_m) -999.9 -999.9 999.9 995.6 995.8 13.3 5.7 481.0 Rio_Grande_do_Sul DCRS -999.9 0.0 0.0
-29.057501 -51.396099 DCRS-00008 2026-07-09_14:17 20.8 -999.9 -999.9 57.6 -999.9 -999.9 12.1 -999.9 -999.9 996.0 -999.9 -999.9 3.8 -999.9 9.0 351.0 0.0 0.0 0.0 0.0 0.2 0.2 22.6 7.2 94.1 52.3 12.2 DCRS_-_Nova_Roma_-_Farroupilha_(180_m) -999.9 -999.9 999.9 995.6 996.0 13.3 5.7 481.0 Rio_Grande_do_Sul DCRS -999.9 0.0 0.0
-29.057501 -51.396099 DCRS-00008 2026-07-09_14:18 20.9 -999.9 -999.9 59.2 -999.9 -999.9 12.6 -999.9 -999.9 995.8 -999.9 -999.9 0.0 -999.9 9.0 354.0 0.0 0.0 0.0 0.0 0.2 0.2 22.6 7.2 94.1 52.3 12.2 DCRS_-_Nova_Roma_-_Farroupilha_(180_m) -999.9 -999.9 999.9 995.6 995.8 13.3 5.7 481.0 Rio_Grande_do_Sul DCRS -999.9 0.0 0.0
-29.057501 -51.396099 DCRS-00008 2026-07-09_14:20 21.1 -999.9 -999.9 61.5 -999.9 -999.9 13.4 -999.9 -999.9 995.6 -999.9 -999.9 0.0 -999.9 4.4 359.0 0.0 0.0 0.0 0.0 0.2 0.2 22.6 7.2 94.1 52.3 12.2 DCRS_-_Nova_Roma_-_Farroupilha_(180_m) -999.9 -999.9 999.9 995.6 995.6 13.4 5.7 481.0 Rio_Grande_do_Sul DCRS -999.9 0.0 0.0
-29.057501 -51.396099 DCRS-00008 2026-07-09_14:21 21.3 -999.9 -999.9 60.5 -999.9 -999.9 13.3 -999.9 -999.9 995.6 -999.9 -999.9 0.0 -999.9 4.4 369.0 0.0 0.0 0.0 0.0 0.2 0.2 22.6 7.2 94.1 52.3 12.2 DCRS_-_Nova_Roma_-_Farroupilha_(180_m) -999.9 -999.9 999.9 995.6 995.6 13.4 5.7 481.0 Rio_Grande_do_Sul DCRS -999.9 0.0 0.0
-29.057501 -51.396099 DCRS-00008 2026-07-09_14:22 21.6 -999.9 -999.9 60.7 -999.9 -999.9 13.6 -999.9 -999.9 995.6 -999.9 -999.9 0.0 -999.9 4.4 360.0 0.0 0.0 0.0 0.0 0.2 0.2 22.6 7.2 94.1 52.3 12.2 DCRS_-_Nova_Roma_-_Farroupilha_(180_m) -999.9 -999.9 999.9 995.6 995.6 13.6 5.7 481.0 Rio_Grande_do_Sul DCRS -999.9 0.0 0.0
-29.057501 -51.396099 DCRS-00008 2026-07-09_14:23 21.9 -999.9 -999.9 60.8 -999.9 -999.9 14.0 -999.9 -999.9 995.6 -999.9 -999.9 0.0 -999.9 4.4 270.0 0.0 0.0 0.0 0.0 0.2 0.2 22.6 7.2 94.1 52.3 12.2 DCRS_-_Nova_Roma_-_Farroupilha_(180_m) -999.9 -999.9 999.9 995.6 995.6 14.0 5.7 481.0 Rio_Grande_do_Sul DCRS -999.9 0.0 0.0
-29.057501 -51.396099 DCRS-00008 2026-07-09_14:24 22.3 -999.9 -999.9 58.5 -999.9 -999.9 13.7 -999.9 -999.9 995.8 -999.9 -999.9 0.0 -999.9 4.4 339.0 0.0 0.0 0.0 0.0 0.2 0.2 22.6 7.2 94.1 52.3 12.2 DCRS_-_Nova_Roma_-_Farroupilha_(180_m) -999.9 -999.9 999.9 995.6 995.8 14.0 5.7 481.0 Rio_Grande_do_Sul DCRS -999.9 0.0 0.0
-29.057501 -51.396099 DCRS-00008 2026-07-09_14:25 22.7 -999.9 -999.9 56.8 -999.9 -999.9 13.7 -999.9 -999.9 995.9 -999.9 -999.9 0.0 -999.9 2.0 384.0 0.0 0.0 0.0 0.0 0.2 0.2 22.7 7.2 94.1 52.3 12.2 DCRS_-_Nova_Roma_-_Farroupilha_(180_m) -999.9 -999.9 999.9 995.6 995.9 14.0 5.7 481.0 Rio_Grande_do_Sul DCRS -999.9 0.0 0.0
-29.057501 -51.396099 DCRS-00008 2026-07-09_14:26 22.9 -999.9 -999.9 55.4 -999.9 -999.9 13.5 -999.9 -999.9 995.9 -999.9 -999.9 0.0 -999.9 2.0 380.0 0.0 0.0 0.0 0.0 0.2 0.2 22.9 7.2 94.1 52.3 12.2 DCRS_-_Nova_Roma_-_Farroupilha_(180_m) -999.9 -999.9 999.9 995.6 995.9 14.0 5.7 481.0 Rio_Grande_do_Sul DCRS -999.9 0.0 0.0
-29.057501 -51.396099 DCRS-00008 2026-07-09_14:27 23.0 -999.9 -999.9 54.5 -999.9 -999.9 13.3 -999.9 -999.9 995.8 -999.9 -999.9 0.0 -999.9 2.0 218.0 0.0 0.0 0.0 0.0 0.2 0.2 23.0 7.2 94.1 52.3 12.2 DCRS_-_Nova_Roma_-_Farroupilha_(180_m) -999.9 -999.9 999.9 995.6 995.8 14.0 5.7 481.0 Rio_Grande_do_Sul DCRS -999.9 0.0 0.0
-29.057501 -51.396099 DCRS-00008 2026-07-09_14:28 23.0 -999.9 -999.9 57.2 -999.9 -999.9 14.1 -999.9 -999.9 995.6 -999.9 -999.9 0.0 -999.9 2.0 251.0 0.0 0.0 0.0 0.0 0.2 0.2 23.0 7.2 94.1 52.3 12.2 DCRS_-_Nova_Roma_-_Farroupilha_(180_m) -999.9 -999.9 999.9 995.6 995.6 14.1 5.7 481.0 Rio_Grande_do_Sul DCRS -999.9 0.0 0.0
-29.057501 -51.396099 DCRS-00008 2026-07-09_14:29 23.0 -999.9 -999.9 57.0 -999.9 -999.9 14.0 -999.9 -999.9 995.6 -999.9 -999.9 0.0 -999.9 2.0 174.0 0.0 0.0 0.0 0.0 0.2 0.2 23.0 7.2 94.1 52.3 12.2 DCRS_-_Nova_Roma_-_Farroupilha_(180_m) -999.9 -999.9 999.9 995.6 995.6 14.1 5.7 481.0 Rio_Grande_do_Sul DCRS -999.9 0.0 0.0
-29.057501 -51.396099 DCRS-00008 2026-07-09_14:30 23.0 -999.9 -999.9 56.4 -999.9 -999.9 13.8 -999.9 -999.9 995.7 -999.9 -999.9 0.0 -999.9 2.4 162.0 0.0 0.0 0.0 0.0 0.2 0.2 23.0 7.2 94.1 52.3 12.2 DCRS_-_Nova_Roma_-_Farroupilha_(180_m) -999.9 -999.9 999.9 995.6 995.7 14.1 5.7 481.0 Rio_Grande_do_Sul DCRS -999.9 0.0 0.0
-29.057501 -51.396099 DCRS-00008 2026-07-09_14:31 23.0 -999.9 -999.9 57.4 -999.9 -999.9 14.1 -999.9 -999.9 995.6 -999.9 -999.9 0.0 -999.9 2.4 207.0 0.0 0.0 0.0 0.0 0.2 0.2 23.0 7.2 94.1 52.3 12.2 DCRS_-_Nova_Roma_-_Farroupilha_(180_m) -999.9 -999.9 999.9 995.6 995.6 14.1 5.7 481.0 Rio_Grande_do_Sul DCRS -999.9 0.0 0.0
-29.057501 -51.396099 DCRS-00008 2026-07-09_14:32 22.8 -999.9 -999.9 57.8 -999.9 -999.9 14.0 -999.9 -999.9 995.6 -999.9 -999.9 0.0 -999.9 2.4 218.0 0.0 0.0 0.0 0.0 0.2 0.2 23.0 7.2 94.1 52.3 12.2 DCRS_-_Nova_Roma_-_Farroupilha_(180_m) -999.9 -999.9 999.9 995.6 995.6 14.1 5.7 481.0 Rio_Grande_do_Sul DCRS -999.9 0.0 0.0
-29.057501 -51.396099 DCRS-00008 2026-07-09_14:33 22.7 -999.9 -999.9 57.8 -999.9 -999.9 13.9 -999.9 -999.9 995.6 -999.9 -999.9 2.3 -999.9 2.4 240.0 0.0 0.0 0.0 0.0 0.2 0.2 23.0 7.2 94.1 52.3 12.2 DCRS_-_Nova_Roma_-_Farroupilha_(180_m) -999.9 -999.9 999.9 995.6 995.6 14.1 5.7 481.0 Rio_Grande_do_Sul DCRS -999.9 0.0 0.0
-29.057501 -51.396099 DCRS-00008 2026-07-09_14:34 22.6 -999.9 -999.9 58.8 -999.9 -999.9 14.1 -999.9 -999.9 995.5 -999.9 -999.9 2.1 -999.9 2.4 196.0 0.0 0.0 0.0 0.0 0.2 0.2 23.0 7.2 94.1 52.3 12.2 DCRS_-_Nova_Roma_-_Farroupilha_(180_m) -999.9 -999.9 999.9 995.5 995.5 14.1 5.7 481.0 Rio_Grande_do_Sul DCRS -999.9 0.0 0.0
-29.057501 -51.396099 DCRS-00008 2026-07-09_14:35 22.3 -999.9 -999.9 60.1 -999.9 -999.9 14.2 -999.9 -999.9 995.4 -999.9 -999.9 0.0 -999.9 2.7 185.0 0.0 0.0 0.0 0.0 0.2 0.2 23.0 7.2 94.1 52.3 12.2 DCRS_-_Nova_Roma_-_Farroupilha_(180_m) -999.9 -999.9 999.9 995.4 995.4 14.2 5.7 481.0 Rio_Grande_do_Sul DCRS -999.9 0.0 0.0
-29.057501 -51.396099 DCRS-00008 2026-07-09_14:36 22.1 -999.9 -999.9 60.3 -999.9 -999.9 14.0 -999.9 -999.9 995.3 -999.9 -999.9 2.3 -999.9 2.7 268.0 0.0 0.0 0.0 0.0 0.2 0.2 23.0 7.2 94.1 52.3 12.2 DCRS_-_Nova_Roma_-_Farroupilha_(180_m) -999.9 -999.9 999.9 995.3 995.3 14.2 5.7 481.0 Rio_Grande_do_Sul DCRS -999.9 0.0 0.0
-29.057501 -51.396099 DCRS-00008 2026-07-09_14:37 21.9 -999.9 -999.9 60.8 -999.9 -999.9 14.0 -999.9 -999.9 995.3 -999.9 -999.9 2.5 -999.9 2.7 214.0 0.0 0.0 0.0 0.0 0.2 0.2 23.0 7.2 94.1 52.3 12.2 DCRS_-_Nova_Roma_-_Farroupilha_(180_m) -999.9 -999.9 999.9 995.3 995.3 14.2 5.7 481.0 Rio_Grande_do_Sul DCRS -999.9 0.0 0.0
-29.057501 -51.396099 DCRS-00008 2026-07-09_14:38 21.8 -999.9 -999.9 61.5 -999.9 -999.9 14.0 -999.9 -999.9 995.2 -999.9 -999.9 0.0 -999.9 2.7 236.0 0.0 0.0 0.0 0.0 0.2 0.2 23.0 7.2 94.1 52.3 12.2 DCRS_-_Nova_Roma_-_Farroupilha_(180_m) -999.9 -999.9 999.9 995.2 995.2 14.2 5.7 481.0 Rio_Grande_do_Sul DCRS -999.9 0.0 0.0
-29.057501 -51.396099 DCRS-00008 2026-07-09_14:39 21.6 -999.9 -999.9 61.3 -999.9 -999.9 13.8 -999.9 -999.9 995.2 -999.9 -999.9 0.0 -999.9 2.7 219.0 0.0 0.0 0.0 0.0 0.2 0.2 23.0 7.2 94.1 52.3 12.2 DCRS_-_Nova_Roma_-_Farroupilha_(180_m) -999.9 -999.9 999.9 995.2 995.2 14.2 5.7 481.0 Rio_Grande_do_Sul DCRS -999.9 0.0 0.0
-29.057501 -51.396099 DCRS-00008 2026-07-09_14:40 21.7 -999.9 -999.9 62.4 -999.9 -999.9 14.2 -999.9 -999.9 995.1 -999.9 -999.9 0.0 -999.9 2.8 177.0 0.0 0.0 0.0 0.0 0.2 0.2 23.0 7.2 94.1 52.3 12.2 DCRS_-_Nova_Roma_-_Farroupilha_(180_m) -999.9 -999.9 999.9 995.1 995.1 14.2 5.7 481.0 Rio_Grande_do_Sul DCRS -999.9 0.0 0.0
-29.057501 -51.396099 DCRS-00008 2026-07-09_14:41 21.7 -999.9 -999.9 61.6 -999.9 -999.9 14.0 -999.9 -999.9 995.2 -999.9 -999.9 0.0 -999.9 2.8 187.0 0.0 0.0 0.0 0.0 0.2 0.2 23.0 7.2 94.1 52.3 12.2 DCRS_-_Nova_Roma_-_Farroupilha_(180_m) -999.9 -999.9 999.9 995.1 995.2 14.2 5.7 481.0 Rio_Grande_do_Sul DCRS -999.9 0.0 0.0
-29.057501 -51.396099 DCRS-00008 2026-07-09_14:42 21.7 -999.9 -999.9 60.4 -999.9 -999.9 13.7 -999.9 -999.9 995.3 -999.9 -999.9 2.3 -999.9 2.8 138.0 0.0 0.0 0.0 0.0 0.2 0.2 23.0 7.2 94.1 52.3 12.2 DCRS_-_Nova_Roma_-_Farroupilha_(180_m) -999.9 -999.9 999.9 995.1 995.3 14.2 5.7 481.0 Rio_Grande_do_Sul DCRS -999.9 0.0 0.0
-29.057501 -51.396099 DCRS-00008 2026-07-09_14:43 21.6 -999.9 -999.9 59.4 -999.9 -999.9 13.3 -999.9 -999.9 995.4 -999.9 -999.9 0.0 -999.9 2.8 143.0 0.0 0.0 0.0 0.0 0.2 0.2 23.0 7.2 94.1 52.3 12.2 DCRS_-_Nova_Roma_-_Farroupilha_(180_m) -999.9 -999.9 999.9 995.1 995.4 14.2 5.7 481.0 Rio_Grande_do_Sul DCRS -999.9 0.0 0.0
-29.057501 -51.396099 DCRS-00008 2026-07-09_14:44 21.4 -999.9 -999.9 60.6 -999.9 -999.9 13.4 -999.9 -999.9 995.3 -999.9 -999.9 0.0 -999.9 2.8 130.0 0.0 0.0 0.0 0.0 0.2 0.2 23.0 7.2 94.1 52.3 12.2 DCRS_-_Nova_Roma_-_Farroupilha_(180_m) -999.9 -999.9 999.9 995.1 995.3 14.2 5.7 481.0 Rio_Grande_do_Sul DCRS -999.9 0.0 0.0
-29.057501 -51.396099 DCRS-00008 2026-07-09_14:46 21.3 -999.9 -999.9 62.7 -999.9 -999.9 13.9 -999.9 -999.9 995.1 -999.9 -999.9 2.1 -999.9 3.3 124.0 0.0 0.0 0.0 0.0 0.2 0.2 23.0 7.2 94.1 52.3 12.2 DCRS_-_Nova_Roma_-_Farroupilha_(180_m) -999.9 -999.9 999.9 995.1 995.1 14.2 5.7 481.0 Rio_Grande_do_Sul DCRS -999.9 0.0 0.0
-29.057501 -51.396099 DCRS-00008 2026-07-09_14:47 21.1 -999.9 -999.9 64.1 -999.9 -999.9 14.0 -999.9 -999.9 995.1 -999.9 -999.9 0.0 -999.9 3.3 125.0 0.0 0.0 0.0 0.0 0.2 0.2 23.0 7.2 94.1 52.3 12.2 DCRS_-_Nova_Roma_-_Farroupilha_(180_m) -999.9 -999.9 999.9 995.1 995.1 14.2 5.7 481.0 Rio_Grande_do_Sul DCRS -999.9 0.0 0.0
-29.057501 -51.396099 DCRS-00008 2026-07-09_14:48 20.9 -999.9 -999.9 65.0 -999.9 -999.9 14.0 -999.9 -999.9 995.0 -999.9 -999.9 0.0 -999.9 3.3 130.0 0.0 0.0 0.0 0.0 0.2 0.2 23.0 7.2 94.1 52.3 12.2 DCRS_-_Nova_Roma_-_Farroupilha_(180_m) -999.9 -999.9 999.9 995.0 995.0 14.2 5.7 481.0 Rio_Grande_do_Sul DCRS -999.9 0.0 0.0
-29.057501 -51.396099 DCRS-00008 2026-07-09_14:49 20.8 -999.9 -999.9 65.7 -999.9 -999.9 14.1 -999.9 -999.9 995.0 -999.9 -999.9 0.0 -999.9 3.3 132.0 0.0 0.0 0.0 0.0 0.2 0.2 23.0 7.2 94.1 52.3 12.2 DCRS_-_Nova_Roma_-_Farroupilha_(180_m) -999.9 -999.9 999.9 995.0 995.0 14.2 5.7 481.0 Rio_Grande_do_Sul DCRS -999.9 0.0 0.0
-29.057501 -51.396099 DCRS-00008 2026-07-09_14:50 20.8 -999.9 -999.9 65.5 -999.9 -999.9 14.1 -999.9 -999.9 995.1 -999.9 -999.9 0.0 -999.9 3.1 131.0 0.0 0.0 0.0 0.0 0.2 0.2 23.0 7.2 94.1 52.3 12.2 DCRS_-_Nova_Roma_-_Farroupilha_(180_m) -999.9 -999.9 999.9 995.0 995.1 14.2 5.7 481.0 Rio_Grande_do_Sul DCRS -999.9 0.0 0.0
-29.057501 -51.396099 DCRS-00008 2026-07-09_14:51 20.7 -999.9 -999.9 65.6 -999.9 -999.9 14.0 -999.9 -999.9 995.0 -999.9 -999.9 0.0 -999.9 3.1 127.0 0.0 0.0 0.0 0.0 0.2 0.2 23.0 7.2 94.1 52.3 12.2 DCRS_-_Nova_Roma_-_Farroupilha_(180_m) -999.9 -999.9 999.9 995.0 995.0 14.2 5.7 481.0 Rio_Grande_do_Sul DCRS -999.9 0.0 0.0
-29.057501 -51.396099 DCRS-00008 2026-07-09_14:52 20.7 -999.9 -999.9 64.7 -999.9 -999.9 13.8 -999.9 -999.9 995.0 -999.9 -999.9 0.0 -999.9 3.1 128.0 0.0 0.0 0.0 0.0 0.2 0.2 23.0 7.2 94.1 52.3 12.2 DCRS_-_Nova_Roma_-_Farroupilha_(180_m) -999.9 -999.9 999.9 995.0 995.0 14.2 5.7 481.0 Rio_Grande_do_Sul DCRS -999.9 0.0 0.0
-29.057501 -51.396099 DCRS-00008 2026-07-09_14:53 20.6 -999.9 -999.9 66.5 -999.9 -999.9 14.1 -999.9 -999.9 994.9 -999.9 -999.9 0.0 -999.9 3.1 122.0 0.0 0.0 0.0 0.0 0.2 0.2 23.0 7.2 94.1 52.3 12.2 DCRS_-_Nova_Roma_-_Farroupilha_(180_m) -999.9 -999.9 999.9 994.9 994.9 14.2 5.7 481.0 Rio_Grande_do_Sul DCRS -999.9 0.0 0.0
-29.057501 -51.396099 DCRS-00008 2026-07-09_14:54 20.6 -999.9 -999.9 67.1 -999.9 -999.9 14.2 -999.9 -999.9 994.9 -999.9 -999.9 0.0 -999.9 3.1 125.0 0.0 0.0 0.0 0.0 0.2 0.2 23.0 7.2 94.1 52.3 12.2 DCRS_-_Nova_Roma_-_Farroupilha_(180_m) -999.9 -999.9 999.9 994.9 994.9 14.2 5.7 481.0 Rio_Grande_do_Sul DCRS -999.9 0.0 0.0
-29.057501 -51.396099 DCRS-00008 2026-07-09_14:55 20.6 -999.9 -999.9 67.5 -999.9 -999.9 14.3 -999.9 -999.9 994.8 -999.9 -999.9 0.0 -999.9 2.2 151.0 0.0 0.0 0.0 0.0 0.2 0.2 23.0 7.2 94.1 52.3 12.2 DCRS_-_Nova_Roma_-_Farroupilha_(180_m) -999.9 -999.9 999.9 994.8 994.8 14.3 5.7 481.0 Rio_Grande_do_Sul DCRS -999.9 0.0 0.0
-29.057501 -51.396099 DCRS-00008 2026-07-09_14:56 20.4 -999.9 -999.9 67.8 -999.9 -999.9 14.2 -999.9 -999.9 994.8 -999.9 -999.9 0.0 -999.9 2.2 128.0 0.0 0.0 0.0 0.0 0.2 0.2 23.0 7.2 94.1 52.3 12.2 DCRS_-_Nova_Roma_-_Farroupilha_(180_m) -999.9 -999.9 999.9 994.8 994.8 14.3 5.7 481.0 Rio_Grande_do_Sul DCRS -999.9 0.0 0.0
-29.057501 -51.396099 DCRS-00008 2026-07-09_14:57 20.3 -999.9 -999.9 68.1 -999.9 -999.9 14.2 -999.9 -999.9 994.8 -999.9 -999.9 0.0 -999.9 2.2 140.0 0.0 0.0 0.0 0.0 0.2 0.2 23.0 7.2 94.1 52.3 12.2 DCRS_-_Nova_Roma_-_Farroupilha_(180_m) -999.9 -999.9 999.9 994.8 994.8 14.3 5.7 481.0 Rio_Grande_do_Sul DCRS -999.9 0.0 0.0
-29.057501 -51.396099 DCRS-00008 2026-07-09_14:58 20.2 -999.9 -999.9 67.8 -999.9 -999.9 14.0 -999.9 -999.9 994.8 -999.9 -999.9 0.0 -999.9 2.2 133.0 0.0 0.0 0.0 0.0 0.2 0.2 23.0 7.2 94.1 52.3 12.2 DCRS_-_Nova_Roma_-_Farroupilha_(180_m) -999.9 -999.9 999.9 994.8 994.8 14.3 5.7 481.0 Rio_Grande_do_Sul DCRS -999.9 0.0 0.0
-29.057501 -51.396099 DCRS-00008 2026-07-09_14:59 20.3 -999.9 -999.9 67.5 -999.9 -999.9 14.1 -999.9 -999.9 994.8 -999.9 -999.9 0.0 -999.9 2.2 126.0 0.0 0.0 0.0 0.0 0.2 0.2 23.0 7.2 94.1 52.3 12.2 DCRS_-_Nova_Roma_-_Farroupilha_(180_m) -999.9 -999.9 999.9 994.8 994.8 14.3 5.7 481.0 Rio_Grande_do_Sul DCRS -999.9 0.0 0.0
-29.057501 -51.396099 DCRS-00008 2026-07-09_15:01 20.2 -999.9 -999.9 68.3 -999.9 -999.9 14.1 -999.9 -999.9 994.7 -999.9 -999.9 0.0 -999.9 2.5 199.0 0.0 0.0 0.0 0.0 0.2 0.2 23.0 7.2 94.1 52.3 12.2 DCRS_-_Nova_Roma_-_Farroupilha_(180_m) -999.9 -999.9 999.9 994.7 994.7 14.3 5.7 481.0 Rio_Grande_do_Sul DCRS -999.9 0.0 0.0
-29.057501 -51.396099 DCRS-00008 2026-07-09_15:03 20.0 -999.9 -999.9 67.4 -999.9 -999.9 13.7 -999.9 -999.9 994.7 -999.9 -999.9 0.0 -999.9 2.5 149.0 0.0 0.0 0.0 0.0 0.2 0.2 23.0 7.2 94.1 52.3 12.2 DCRS_-_Nova_Roma_-_Farroupilha_(180_m) -999.9 -999.9 999.9 994.7 994.7 14.3 5.7 481.0 Rio_Grande_do_Sul DCRS -999.9 0.0 0.0
-29.057501 -51.396099 DCRS-00008 2026-07-09_15:04 20.1 -999.9 -999.9 68.1 -999.9 -999.9 14.0 -999.9 -999.9 994.6 -999.9 -999.9 0.0 -999.9 2.5 215.0 0.0 0.0 0.0 0.0 0.2 0.2 23.0 7.2 94.1 52.3 12.2 DCRS_-_Nova_Roma_-_Farroupilha_(180_m) -999.9 -999.9 999.9 994.6 994.6 14.3 5.7 481.0 Rio_Grande_do_Sul DCRS -999.9 0.0 0.0
-29.057501 -51.396099 DCRS-00008 2026-07-09_15:05 20.0 -999.9 -999.9 68.3 -999.9 -999.9 13.9 -999.9 -999.9 994.6 -999.9 -999.9 0.0 -999.9 2.3 162.0 0.0 0.0 0.0 0.0 0.2 0.2 23.0 7.2 94.1 52.3 12.2 DCRS_-_Nova_Roma_-_Farroupilha_(180_m) -999.9 -999.9 999.9 994.6 994.6 14.3 5.7 481.0 Rio_Grande_do_Sul DCRS -999.9 0.0 0.0
-29.057501 -51.396099 DCRS-00008 2026-07-09_15:06 20.0 -999.9 -999.9 69.5 -999.9 -999.9 14.2 -999.9 -999.9 994.5 -999.9 -999.9 0.0 -999.9 2.3 268.0 0.0 0.0 0.0 0.0 0.2 0.2 23.0 7.2 94.1 52.3 12.2 DCRS_-_Nova_Roma_-_Farroupilha_(180_m) -999.9 -999.9 999.9 994.5 994.5 14.3 5.7 481.0 Rio_Grande_do_Sul DCRS -999.9 0.0 0.0
-29.057501 -51.396099 DCRS-00008 2026-07-09_15:07 20.1 -999.9 -999.9 69.5 -999.9 -999.9 14.3 -999.9 -999.9 994.6 -999.9 -999.9 0.0 -999.9 2.3 111.0 0.0 0.0 0.0 0.0 0.2 0.2 23.0 7.2 94.1 52.3 12.2 DCRS_-_Nova_Roma_-_Farroupilha_(180_m) -999.9 -999.9 999.9 994.5 994.6 14.3 5.7 481.0 Rio_Grande_do_Sul DCRS -999.9 0.0 0.0
-29.057501 -51.396099 DCRS-00008 2026-07-09_15:08 20.2 -999.9 -999.9 69.0 -999.9 -999.9 14.3 -999.9 -999.9 994.6 -999.9 -999.9 0.0 -999.9 2.3 103.0 0.0 0.0 0.0 0.0 0.2 0.2 23.0 7.2 94.1 52.3 12.2 DCRS_-_Nova_Roma_-_Farroupilha_(180_m) -999.9 -999.9 999.9 994.5 994.6 14.3 5.7 481.0 Rio_Grande_do_Sul DCRS -999.9 0.0 0.0
-29.057501 -51.396099 DCRS-00008 2026-07-09_15:09 20.1 -999.9 -999.9 69.2 -999.9 -999.9 14.2 -999.9 -999.9 994.6 -999.9 -999.9 0.0 -999.9 2.3 70.0 0.0 0.0 0.0 0.0 0.2 0.2 23.0 7.2 94.1 52.3 12.2 DCRS_-_Nova_Roma_-_Farroupilha_(180_m) -999.9 -999.9 999.9 994.5 994.6 14.3 5.7 481.0 Rio_Grande_do_Sul DCRS -999.9 0.0 0.0
-29.057501 -51.396099 DCRS-00008 2026-07-09_15:10 19.9 -999.9 -999.9 68.8 -999.9 -999.9 14.0 -999.9 -999.9 994.7 -999.9 -999.9 2.3 -999.9 2.4 67.0 0.0 0.0 0.0 0.0 0.2 0.2 23.0 7.2 94.1 52.3 12.2 DCRS_-_Nova_Roma_-_Farroupilha_(180_m) -999.9 -999.9 999.9 994.5 994.7 14.3 5.7 481.0 Rio_Grande_do_Sul DCRS -999.9 0.0 0.0
-29.057501 -51.396099 DCRS-00008 2026-07-09_15:11 19.7 -999.9 -999.9 68.8 -999.9 -999.9 13.8 -999.9 -999.9 994.7 -999.9 -999.9 -999.9 -999.9 2.4 133.0 0.0 0.0 0.0 0.0 0.2 0.2 23.0 7.2 94.1 52.3 12.2 DCRS_-_Nova_Roma_-_Farroupilha_(180_m) -999.9 -999.9 999.9 994.5 994.7 14.3 5.7 481.0 Rio_Grande_do_Sul DCRS -999.9 0.0 0.0
-29.057501 -51.396099 DCRS-00008 2026-07-09_15:12 19.7 -999.9 -999.9 69.3 -999.9 -999.9 13.9 -999.9 -999.9 994.7 -999.9 -999.9 0.0 -999.9 2.4 174.0 0.0 0.0 0.0 0.0 0.2 0.2 23.0 7.2 94.1 52.3 12.2 DCRS_-_Nova_Roma_-_Farroupilha_(180_m) -999.9 -999.9 999.9 994.5 994.7 14.3 5.7 481.0 Rio_Grande_do_Sul DCRS -999.9 0.0 0.0
-29.057501 -51.396099 DCRS-00008 2026-07-09_15:13 19.6 -999.9 -999.9 69.4 -999.9 -999.9 13.8 -999.9 -999.9 994.7 -999.9 -999.9 2.4 -999.9 2.4 257.0 0.0 0.0 0.0 0.0 0.2 0.2 23.0 7.2 94.1 52.3 12.2 DCRS_-_Nova_Roma_-_Farroupilha_(180_m) -999.9 -999.9 999.9 994.5 994.7 14.3 5.7 481.0 Rio_Grande_do_Sul DCRS -999.9 0.0 0.0
-29.057501 -51.396099 DCRS-00008 2026-07-09_15:14 19.5 -999.9 -999.9 70.0 -999.9 -999.9 13.9 -999.9 -999.9 994.6 -999.9 -999.9 -999.9 -999.9 2.4 239.0 0.0 0.0 0.0 0.0 0.2 0.2 23.0 7.2 94.1 52.3 12.2 DCRS_-_Nova_Roma_-_Farroupilha_(180_m) -999.9 -999.9 999.9 994.5 994.6 14.3 5.7 481.0 Rio_Grande_do_Sul DCRS -999.9 0.0 0.0
-29.057501 -51.396099 DCRS-00008 2026-07-09_15:15 19.3 -999.9 -999.9 70.5 -999.9 -999.9 13.8 -999.9 -999.9 994.6 -999.9 -999.9 0.0 -999.9 4.4 206.0 0.0 0.0 0.0 0.0 0.2 0.2 23.0 7.2 94.1 52.3 12.2 DCRS_-_Nova_Roma_-_Farroupilha_(180_m) -999.9 -999.9 999.9 994.5 994.6 14.3 5.7 481.0 Rio_Grande_do_Sul DCRS -999.9 0.0 0.0
-29.057501 -51.396099 DCRS-00008 2026-07-09_15:16 19.3 -999.9 -999.9 71.1 -999.9 -999.9 13.9 -999.9 -999.9 994.6 -999.9 -999.9 0.0 -999.9 4.4 282.0 0.0 0.0 0.0 0.0 0.2 0.2 23.0 7.2 94.1 52.3 12.2 DCRS_-_Nova_Roma_-_Farroupilha_(180_m) -999.9 -999.9 999.9 994.5 994.6 14.3 5.7 481.0 Rio_Grande_do_Sul DCRS -999.9 0.0 0.0
-29.057501 -51.396099 DCRS-00008 2026-07-09_15:17 19.4 -999.9 -999.9 71.4 -999.9 -999.9 14.1 -999.9 -999.9 994.6 -999.9 -999.9 0.0 -999.9 4.4 288.0 0.0 0.0 0.0 0.0 0.2 0.2 23.0 7.2 94.1 52.3 12.2 DCRS_-_Nova_Roma_-_Farroupilha_(180_m) -999.9 -999.9 999.9 994.5 994.6 14.3 5.7 481.0 Rio_Grande_do_Sul DCRS -999.9 0.0 0.0
-29.057501 -51.396099 DCRS-00008 2026-07-09_15:18 19.7 -999.9 -999.9 71.0 -999.9 -999.9 14.3 -999.9 -999.9 994.6 -999.9 -999.9 0.0 -999.9 4.4 289.0 0.0 0.0 0.0 0.0 0.2 0.2 23.0 7.2 94.1 52.3 12.2 DCRS_-_Nova_Roma_-_Farroupilha_(180_m) -999.9 -999.9 999.9 994.5 994.6 14.3 5.7 481.0 Rio_Grande_do_Sul DCRS -999.9 0.0 0.0
-29.057501 -51.396099 DCRS-00008 2026-07-09_15:19 19.9 -999.9 -999.9 69.4 -999.9 -999.9 14.1 -999.9 -999.9 994.8 -999.9 -999.9 0.0 -999.9 4.4 131.0 0.0 0.0 0.0 0.0 0.2 0.2 23.0 7.2 94.1 52.3 12.2 DCRS_-_Nova_Roma_-_Farroupilha_(180_m) -999.9 -999.9 999.9 994.5 994.8 14.3 5.7 481.0 Rio_Grande_do_Sul DCRS -999.9 0.0 0.0
-29.057501 -51.396099 DCRS-00008 2026-07-09_15:20 20.1 -999.9 -999.9 68.8 -999.9 -999.9 14.2 -999.9 -999.9 994.8 -999.9 -999.9 0.0 -999.9 1.9 126.0 0.0 0.0 0.0 0.0 0.2 0.2 23.0 7.2 94.1 52.3 12.2 DCRS_-_Nova_Roma_-_Farroupilha_(180_m) -999.9 -999.9 999.9 994.5 994.8 14.3 5.7 481.0 Rio_Grande_do_Sul DCRS -999.9 0.0 0.0
-29.057501 -51.396099 DCRS-00008 2026-07-09_15:21 20.3 -999.9 -999.9 68.5 -999.9 -999.9 14.3 -999.9 -999.9 994.8 -999.9 -999.9 0.0 -999.9 1.9 106.0 0.0 0.0 0.0 0.0 0.2 0.2 23.0 7.2 94.1 52.3 12.2 DCRS_-_Nova_Roma_-_Farroupilha_(180_m) -999.9 -999.9 999.9 994.5 994.8 14.3 5.7 481.0 Rio_Grande_do_Sul DCRS -999.9 0.0 0.0
-29.057501 -51.396099 DCRS-00008 2026-07-09_15:22 20.4 -999.9 -999.9 67.5 -999.9 -999.9 14.2 -999.9 -999.9 994.9 -999.9 -999.9 0.0 -999.9 1.9 106.0 0.0 0.0 0.0 0.0 0.2 0.2 23.0 7.2 94.1 52.3 12.2 DCRS_-_Nova_Roma_-_Farroupilha_(180_m) -999.9 -999.9 999.9 994.5 994.9 14.3 5.7 481.0 Rio_Grande_do_Sul DCRS -999.9 0.0 0.0
-29.057501 -51.396099 DCRS-00008 2026-07-09_15:23 20.5 -999.9 -999.9 67.4 -999.9 -999.9 14.2 -999.9 -999.9 994.9 -999.9 -999.9 0.0 -999.9 1.9 105.0 0.0 0.0 0.0 0.0 0.2 0.2 23.0 7.2 94.1 52.3 12.2 DCRS_-_Nova_Roma_-_Farroupilha_(180_m) -999.9 -999.9 999.9 994.5 994.9 14.3 5.7 481.0 Rio_Grande_do_Sul DCRS -999.9 0.0 0.0
-29.057501 -51.396099 DCRS-00008 2026-07-09_15:24 20.6 -999.9 -999.9 68.2 -999.9 -999.9 14.5 -999.9 -999.9 994.9 -999.9 -999.9 0.0 -999.9 1.9 101.0 0.0 0.0 0.0 0.0 0.2 0.2 23.0 7.2 94.1 52.3 12.2 DCRS_-_Nova_Roma_-_Farroupilha_(180_m) -999.9 -999.9 999.9 994.5 994.9 14.5 5.7 481.0 Rio_Grande_do_Sul DCRS -999.9 0.0 0.0
-29.057501 -51.396099 DCRS-00008 2026-07-09_15:25 20.5 -999.9 -999.9 68.2 -999.9 -999.9 14.4 -999.9 -999.9 994.8 -999.9 -999.9 0.0 -999.9 2.3 123.0 0.0 0.0 0.0 0.0 0.2 0.2 23.0 7.2 94.1 52.3 12.2 DCRS_-_Nova_Roma_-_Farroupilha_(180_m) -999.9 -999.9 999.9 994.5 994.8 14.5 5.7 481.0 Rio_Grande_do_Sul DCRS -999.9 0.0 0.0
-29.057501 -51.396099 DCRS-00008 2026-07-09_15:26 20.5 -999.9 -999.9 68.3 -999.9 -999.9 14.4 -999.9 -999.9 994.8 -999.9 -999.9 0.0 -999.9 2.3 140.0 0.0 0.0 0.0 0.0 0.2 0.2 23.0 7.2 94.1 52.3 12.2 DCRS_-_Nova_Roma_-_Farroupilha_(180_m) -999.9 -999.9 999.9 994.5 994.8 14.5 5.7 481.0 Rio_Grande_do_Sul DCRS -999.9 0.0 0.0
-29.057501 -51.396099 DCRS-00008 2026-07-09_15:27 20.4 -999.9 -999.9 68.8 -999.9 -999.9 14.4 -999.9 -999.9 994.8 -999.9 -999.9 0.0 -999.9 2.3 231.0 0.0 0.0 0.0 0.0 0.2 0.2 23.0 7.2 94.1 52.3 12.2 DCRS_-_Nova_Roma_-_Farroupilha_(180_m) -999.9 -999.9 999.9 994.5 994.8 14.5 5.7 481.0 Rio_Grande_do_Sul DCRS -999.9 0.0 0.0
-29.057501 -51.396099 DCRS-00008 2026-07-09_15:28 20.4 -999.9 -999.9 69.0 -999.9 -999.9 14.5 -999.9 -999.9 994.8 -999.9 -999.9 0.0 -999.9 2.3 255.0 0.0 0.0 0.0 0.0 0.2 0.2 23.0 7.2 94.1 52.3 12.2 DCRS_-_Nova_Roma_-_Farroupilha_(180_m) -999.9 -999.9 999.9 994.5 994.8 14.5 5.7 481.0 Rio_Grande_do_Sul DCRS -999.9 0.0 0.0
-29.057501 -51.396099 DCRS-00008 2026-07-09_15:29 20.4 -999.9 -999.9 68.3 -999.9 -999.9 14.3 -999.9 -999.9 994.8 -999.9 -999.9 1.8 -999.9 2.3 229.0 0.0 0.0 0.0 0.0 0.2 0.2 23.0 7.2 94.1 52.3 12.2 DCRS_-_Nova_Roma_-_Farroupilha_(180_m) -999.9 -999.9 999.9 994.5 994.8 14.5 5.7 481.0 Rio_Grande_do_Sul DCRS -999.9 0.0 0.0
-29.057501 -51.396099 DCRS-00008 2026-07-09_15:30 20.6 -999.9 -999.9 67.8 -999.9 -999.9 14.4 -999.9 -999.9 994.8 -999.9 -999.9 0.0 -999.9 1.8 253.0 0.0 0.0 0.0 0.0 0.2 0.2 23.0 7.2 94.1 52.3 12.2 DCRS_-_Nova_Roma_-_Farroupilha_(180_m) -999.9 -999.9 999.9 994.5 994.8 14.5 5.7 481.0 Rio_Grande_do_Sul DCRS -999.9 0.0 0.0
-29.057501 -51.396099 DCRS-00008 2026-07-09_15:31 20.7 -999.9 -999.9 66.9 -999.9 -999.9 14.3 -999.9 -999.9 994.9 -999.9 -999.9 0.0 -999.9 1.8 256.0 0.0 0.0 0.0 0.0 0.2 0.2 23.0 7.2 94.1 52.3 12.2 DCRS_-_Nova_Roma_-_Farroupilha_(180_m) -999.9 -999.9 999.9 994.5 994.9 14.5 5.7 481.0 Rio_Grande_do_Sul DCRS -999.9 0.0 0.0
-29.057501 -51.396099 DCRS-00008 2026-07-09_15:32 20.8 -999.9 -999.9 66.5 -999.9 -999.9 14.3 -999.9 -999.9 994.9 -999.9 -999.9 -999.9 -999.9 1.8 261.0 0.0 0.0 0.0 0.0 0.2 0.2 23.0 7.2 94.1 52.3 12.2 DCRS_-_Nova_Roma_-_Farroupilha_(180_m) -999.9 -999.9 999.9 994.5 994.9 14.5 5.7 481.0 Rio_Grande_do_Sul DCRS -999.9 0.0 0.0
-29.057501 -51.396099 DCRS-00008 2026-07-09_15:33 20.7 -999.9 -999.9 67.5 -999.9 -999.9 14.4 -999.9 -999.9 994.8 -999.9 -999.9 -999.9 -999.9 1.8 270.0 0.0 0.0 0.0 0.0 0.2 0.2 23.0 7.2 94.1 52.3 12.2 DCRS_-_Nova_Roma_-_Farroupilha_(180_m) -999.9 -999.9 999.9 994.5 994.8 14.5 5.7 481.0 Rio_Grande_do_Sul DCRS -999.9 0.0 0.0
-29.057501 -51.396099 DCRS-00008 2026-07-09_15:34 20.6 -999.9 -999.9 68.1 -999.9 -999.9 14.5 -999.9 -999.9 994.7 -999.9 -999.9 -999.9 -999.9 1.8 256.0 0.0 0.0 0.0 0.0 0.2 0.2 23.0 7.2 94.1 52.3 12.2 DCRS_-_Nova_Roma_-_Farroupilha_(180_m) -999.9 -999.9 999.9 994.5 994.7 14.5 5.7 481.0 Rio_Grande_do_Sul DCRS -999.9 0.0 0.0
-29.057501 -51.396099 DCRS-00008 2026-07-09_15:36 20.4 -999.9 -999.9 68.6 -999.9 -999.9 14.4 -999.9 -999.9 994.7 -999.9 -999.9 2.3 -999.9 3.3 264.0 0.0 0.0 0.0 0.0 0.2 0.2 23.0 7.2 94.1 52.3 12.2 DCRS_-_Nova_Roma_-_Farroupilha_(180_m) -999.9 -999.9 999.9 994.5 994.7 14.5 5.7 481.0 Rio_Grande_do_Sul DCRS -999.9 0.0 0.0
-29.057501 -51.396099 DCRS-00008 2026-07-09_15:37 20.5 -999.9 -999.9 69.1 -999.9 -999.9 14.6 -999.9 -999.9 994.6 -999.9 -999.9 -999.9 -999.9 3.3 290.0 0.0 0.0 0.0 0.0 0.2 0.2 23.0 7.2 94.1 52.3 12.2 DCRS_-_Nova_Roma_-_Farroupilha_(180_m) -999.9 -999.9 999.9 994.5 994.6 14.6 5.7 481.0 Rio_Grande_do_Sul DCRS -999.9 0.0 0.0
-29.057501 -51.396099 DCRS-00008 2026-07-09_15:38 20.4 -999.9 -999.9 68.3 -999.9 -999.9 14.3 -999.9 -999.9 994.7 -999.9 -999.9 -999.9 -999.9 3.3 300.0 0.0 0.0 0.0 0.0 0.2 0.2 23.0 7.2 94.1 52.3 12.2 DCRS_-_Nova_Roma_-_Farroupilha_(180_m) -999.9 -999.9 999.9 994.5 994.7 14.6 5.7 481.0 Rio_Grande_do_Sul DCRS -999.9 0.0 0.0
-29.057501 -51.396099 DCRS-00008 2026-07-09_15:39 20.5 -999.9 -999.9 67.7 -999.9 -999.9 14.3 -999.9 -999.9 994.7 -999.9 -999.9 3.1 -999.9 3.3 244.0 0.0 0.0 0.0 0.0 0.2 0.2 23.0 7.2 94.1 52.3 12.2 DCRS_-_Nova_Roma_-_Farroupilha_(180_m) -999.9 -999.9 999.9 994.5 994.7 14.6 5.7 481.0 Rio_Grande_do_Sul DCRS -999.9 0.0 0.0
-29.057501 -51.396099 DCRS-00008 2026-07-09_15:41 20.4 -999.9 -999.9 69.3 -999.9 -999.9 14.6 -999.9 -999.9 994.6 -999.9 -999.9 0.0 -999.9 5.1 210.0 0.0 0.0 0.0 0.0 0.2 0.2 23.0 7.2 94.1 52.3 12.2 DCRS_-_Nova_Roma_-_Farroupilha_(180_m) -999.9 -999.9 999.9 994.5 994.6 14.6 5.7 481.0 Rio_Grande_do_Sul DCRS -999.9 0.0 0.0
-29.057501 -51.396099 DCRS-00008 2026-07-09_15:42 20.4 -999.9 -999.9 68.3 -999.9 -999.9 14.3 -999.9 -999.9 994.6 -999.9 -999.9 2.5 -999.9 5.1 139.0 0.0 0.0 0.0 0.0 0.2 0.2 23.0 7.2 94.1 52.3 12.2 DCRS_-_Nova_Roma_-_Farroupilha_(180_m) -999.9 -999.9 999.9 994.5 994.6 14.6 5.7 481.0 Rio_Grande_do_Sul DCRS -999.9 0.0 0.0
-29.057501 -51.396099 DCRS-00008 2026-07-09_15:43 20.1 -999.9 -999.9 69.3 -999.9 -999.9 14.3 -999.9 -999.9 994.5 -999.9 -999.9 0.0 -999.9 5.1 153.0 0.0 0.0 0.0 0.0 0.2 0.2 23.0 7.2 94.1 52.3 12.2 DCRS_-_Nova_Roma_-_Farroupilha_(180_m) -999.9 -999.9 999.9 994.5 994.5 14.6 5.7 481.0 Rio_Grande_do_Sul DCRS -999.9 0.0 0.0
-29.057501 -51.396099 DCRS-00008 2026-07-09_15:44 20.1 -999.9 -999.9 69.9 -999.9 -999.9 14.4 -999.9 -999.9 994.4 -999.9 -999.9 1.9 -999.9 5.1 115.0 0.0 0.0 0.0 0.0 0.2 0.2 23.0 7.2 94.1 52.3 12.2 DCRS_-_Nova_Roma_-_Farroupilha_(180_m) -999.9 -999.9 999.9 994.4 994.4 14.6 5.7 481.0 Rio_Grande_do_Sul DCRS -999.9 0.0 0.0
-29.057501 -51.396099 DCRS-00008 2026-07-09_15:45 20.0 -999.9 -999.9 70.2 -999.9 -999.9 14.4 -999.9 -999.9 994.3 -999.9 -999.9 3.4 -999.9 4.8 106.0 0.0 0.0 0.0 0.0 0.2 0.2 23.0 7.2 94.1 52.3 12.2 DCRS_-_Nova_Roma_-_Farroupilha_(180_m) -999.9 -999.9 999.9 994.3 994.3 14.6 5.7 481.0 Rio_Grande_do_Sul DCRS -999.9 0.0 0.0
-29.057501 -51.396099 DCRS-00008 2026-07-09_15:46 19.9 -999.9 -999.9 70.4 -999.9 -999.9 14.3 -999.9 -999.9 994.3 -999.9 -999.9 2.0 -999.9 4.8 98.0 0.0 0.0 0.0 0.0 0.2 0.2 23.0 7.2 94.1 52.3 12.2 DCRS_-_Nova_Roma_-_Farroupilha_(180_m) -999.9 -999.9 999.9 994.3 994.3 14.6 5.7 481.0 Rio_Grande_do_Sul DCRS -999.9 0.0 0.0
-29.057501 -51.396099 DCRS-00008 2026-07-09_15:47 19.8 -999.9 -999.9 71.4 -999.9 -999.9 14.4 -999.9 -999.9 994.3 -999.9 -999.9 0.0 -999.9 4.8 94.0 0.0 0.0 0.0 0.0 0.2 0.2 23.0 7.2 94.1 52.3 12.2 DCRS_-_Nova_Roma_-_Farroupilha_(180_m) -999.9 -999.9 999.9 994.3 994.3 14.6 5.7 481.0 Rio_Grande_do_Sul DCRS -999.9 0.0 0.0
-29.057501 -51.396099 DCRS-00008 2026-07-09_15:48 19.8 -999.9 -999.9 69.9 -999.9 -999.9 14.1 -999.9 -999.9 994.4 -999.9 -999.9 2.3 -999.9 4.8 94.0 0.0 0.0 0.0 0.0 0.2 0.2 23.0 7.2 94.1 52.3 12.2 DCRS_-_Nova_Roma_-_Farroupilha_(180_m) -999.9 -999.9 999.9 994.3 994.4 14.6 5.7 481.0 Rio_Grande_do_Sul DCRS -999.9 0.0 0.0
-29.057501 -51.396099 DCRS-00008 2026-07-09_15:49 19.7 -999.9 -999.9 70.3 -999.9 -999.9 14.1 -999.9 -999.9 994.3 -999.9 -999.9 3.6 -999.9 4.8 94.0 0.0 0.0 0.0 0.0 0.2 0.2 23.0 7.2 94.1 52.3 12.2 DCRS_-_Nova_Roma_-_Farroupilha_(180_m) -999.9 -999.9 999.9 994.3 994.3 14.6 5.7 481.0 Rio_Grande_do_Sul DCRS -999.9 0.0 0.0
-29.057501 -51.396099 DCRS-00008 2026-07-09_15:50 19.6 -999.9 -999.9 69.4 -999.9 -999.9 13.8 -999.9 -999.9 994.4 -999.9 -999.9 3.1 -999.9 4.9 214.0 0.0 0.0 0.0 0.0 0.2 0.2 23.0 7.2 94.1 52.3 12.2 DCRS_-_Nova_Roma_-_Farroupilha_(180_m) -999.9 -999.9 999.9 994.3 994.4 14.6 5.7 481.0 Rio_Grande_do_Sul DCRS -999.9 0.0 0.0
-29.057501 -51.396099 DCRS-00008 2026-07-09_15:51 19.6 -999.9 -999.9 69.7 -999.9 -999.9 13.9 -999.9 -999.9 994.4 -999.9 -999.9 3.1 -999.9 4.9 212.0 0.0 0.0 0.0 0.0 0.2 0.2 23.0 7.2 94.1 52.3 12.2 DCRS_-_Nova_Roma_-_Farroupilha_(180_m) -999.9 -999.9 999.9 994.3 994.4 14.6 5.7 481.0 Rio_Grande_do_Sul DCRS -999.9 0.0 0.0
-29.057501 -51.396099 DCRS-00008 2026-07-09_15:52 19.6 -999.9 -999.9 69.9 -999.9 -999.9 13.9 -999.9 -999.9 994.4 -999.9 -999.9 0.0 -999.9 4.9 205.0 0.0 0.0 0.0 0.0 0.2 0.2 23.0 7.2 94.1 52.3 12.2 DCRS_-_Nova_Roma_-_Farroupilha_(180_m) -999.9 -999.9 999.9 994.3 994.4 14.6 5.7 481.0 Rio_Grande_do_Sul DCRS -999.9 0.0 0.0
-29.057501 -51.396099 DCRS-00008 2026-07-09_15:53 19.8 -999.9 -999.9 70.6 -999.9 -999.9 14.3 -999.9 -999.9 994.4 -999.9 -999.9 0.0 -999.9 4.9 199.0 0.0 0.0 0.0 0.0 0.2 0.2 23.0 7.2 94.1 52.3 12.2 DCRS_-_Nova_Roma_-_Farroupilha_(180_m) -999.9 -999.9 999.9 994.3 994.4 14.6 5.7 481.0 Rio_Grande_do_Sul DCRS -999.9 0.0 0.0
-29.057501 -51.396099 DCRS-00008 2026-07-09_15:54 20.0 -999.9 -999.9 71.6 -999.9 -999.9 14.7 -999.9 -999.9 994.3 -999.9 -999.9 2.1 -999.9 4.9 195.0 0.0 0.0 0.0 0.0 0.2 0.2 23.0 7.2 94.1 52.3 12.2 DCRS_-_Nova_Roma_-_Farroupilha_(180_m) -999.9 -999.9 999.9 994.3 994.3 14.7 5.7 481.0 Rio_Grande_do_Sul DCRS -999.9 0.0 0.0
-29.057501 -51.396099 DCRS-00008 2026-07-09_15:55 20.2 -999.9 -999.9 70.8 -999.9 -999.9 14.7 -999.9 -999.9 994.4 -999.9 -999.9 0.0 -999.9 4.6 191.0 0.0 0.0 0.0 0.0 0.2 0.2 23.0 7.2 94.1 52.3 12.2 DCRS_-_Nova_Roma_-_Farroupilha_(180_m) -999.9 -999.9 999.9 994.3 994.4 14.7 5.7 481.0 Rio_Grande_do_Sul DCRS -999.9 0.0 0.0
-29.057501 -51.396099 DCRS-00008 2026-07-09_15:56 20.4 -999.9 -999.9 70.5 -999.9 -999.9 14.8 -999.9 -999.9 994.4 -999.9 -999.9 0.0 -999.9 4.6 190.0 0.0 0.0 0.0 0.0 0.2 0.2 23.0 7.2 94.1 52.3 12.2 DCRS_-_Nova_Roma_-_Farroupilha_(180_m) -999.9 -999.9 999.9 994.3 994.4 14.8 5.7 481.0 Rio_Grande_do_Sul DCRS -999.9 0.0 0.0
-29.057501 -51.396099 DCRS-00008 2026-07-09_15:57 20.5 -999.9 -999.9 69.6 -999.9 -999.9 14.7 -999.9 -999.9 994.5 -999.9 -999.9 0.0 -999.9 4.6 163.0 0.0 0.0 0.0 0.0 0.2 0.2 23.0 7.2 94.1 52.3 12.2 DCRS_-_Nova_Roma_-_Farroupilha_(180_m) -999.9 -999.9 999.9 994.3 994.5 14.8 5.7 481.0 Rio_Grande_do_Sul DCRS -999.9 0.0 0.0
-29.057501 -51.396099 DCRS-00008 2026-07-09_15:58 20.6 -999.9 -999.9 69.4 -999.9 -999.9 14.8 -999.9 -999.9 994.6 -999.9 -999.9 0.0 -999.9 4.6 108.0 0.0 0.0 0.0 0.0 0.2 0.2 23.0 7.2 94.1 52.3 12.2 DCRS_-_Nova_Roma_-_Farroupilha_(180_m) -999.9 -999.9 999.9 994.3 994.6 14.8 5.7 481.0 Rio_Grande_do_Sul DCRS -999.9 0.0 0.0
-29.057501 -51.396099 DCRS-00008 2026-07-09_15:59 20.6 -999.9 -999.9 68.6 -999.9 -999.9 14.6 -999.9 -999.9 994.7 -999.9 -999.9 0.0 -999.9 4.6 135.0 0.0 0.0 0.0 0.0 0.2 0.2 23.0 7.2 94.1 52.3 12.2 DCRS_-_Nova_Roma_-_Farroupilha_(180_m) -999.9 -999.9 999.9 994.3 994.7 14.8 5.7 481.0 Rio_Grande_do_Sul DCRS -999.9 0.0 0.0
-29.057501 -51.396099 DCRS-00008 2026-07-09_16:00 20.7 -999.9 -999.9 68.5 -999.9 -999.9 14.7 -999.9 -999.9 994.6 -999.9 -999.9 0.0 -999.9 2.5 159.0 0.0 0.0 0.0 0.0 0.2 0.2 23.0 7.2 94.1 52.3 12.2 DCRS_-_Nova_Roma_-_Farroupilha_(180_m) -999.9 -999.9 999.9 994.3 994.6 14.8 5.7 481.0 Rio_Grande_do_Sul DCRS -999.9 0.0 0.0
-29.057501 -51.396099 DCRS-00008 2026-07-09_16:01 20.6 -999.9 -999.9 67.7 -999.9 -999.9 14.4 -999.9 -999.9 994.7 -999.9 -999.9 2.5 -999.9 2.5 151.0 0.0 0.0 0.0 0.0 0.2 0.2 23.0 7.2 94.1 52.3 12.2 DCRS_-_Nova_Roma_-_Farroupilha_(180_m) -999.9 -999.9 999.9 994.3 994.7 14.8 5.7 481.0 Rio_Grande_do_Sul DCRS -999.9 0.0 0.0
-29.057501 -51.396099 DCRS-00008 2026-07-09_16:02 20.6 -999.9 -999.9 67.2 -999.9 -999.9 14.3 -999.9 -999.9 994.7 -999.9 -999.9 2.2 -999.9 2.5 159.0 0.0 0.0 0.0 0.0 0.2 0.2 23.0 7.2 94.1 52.3 12.2 DCRS_-_Nova_Roma_-_Farroupilha_(180_m) -999.9 -999.9 999.9 994.3 994.7 14.8 5.7 481.0 Rio_Grande_do_Sul DCRS -999.9 0.0 0.0
-29.057501 -51.396099 DCRS-00008 2026-07-09_16:03 20.7 -999.9 -999.9 68.0 -999.9 -999.9 14.6 -999.9 -999.9 994.6 -999.9 -999.9 0.0 -999.9 2.5 161.0 0.0 0.0 0.0 0.0 0.2 0.2 23.0 7.2 94.1 52.3 12.2 DCRS_-_Nova_Roma_-_Farroupilha_(180_m) -999.9 -999.9 999.9 994.3 994.6 14.8 5.7 481.0 Rio_Grande_do_Sul DCRS -999.9 0.0 0.0
-29.057501 -51.396099 DCRS-00008 2026-07-09_16:04 20.7 -999.9 -999.9 68.6 -999.9 -999.9 14.7 -999.9 -999.9 994.5 -999.9 -999.9 -999.9 -999.9 2.5 161.0 0.0 0.0 0.0 0.0 0.2 0.2 23.0 7.2 94.1 52.3 12.2 DCRS_-_Nova_Roma_-_Farroupilha_(180_m) -999.9 -999.9 999.9 994.3 994.5 14.8 5.7 481.0 Rio_Grande_do_Sul DCRS -999.9 0.0 0.0
-29.057501 -51.396099 DCRS-00008 2026-07-09_16:05 20.6 -999.9 -999.9 69.5 -999.9 -999.9 14.8 -999.9 -999.9 994.5 -999.9 -999.9 0.0 -999.9 3.3 139.0 0.0 0.0 0.0 0.0 0.2 0.2 23.0 7.2 94.1 52.3 12.2 DCRS_-_Nova_Roma_-_Farroupilha_(180_m) -999.9 -999.9 999.9 994.3 994.5 14.8 5.7 481.0 Rio_Grande_do_Sul DCRS -999.9 0.0 0.0
-29.057501 -51.396099 DCRS-00008 2026-07-09_16:06 20.6 -999.9 -999.9 70.0 -999.9 -999.9 14.9 -999.9 -999.9 994.4 -999.9 -999.9 0.0 -999.9 3.3 154.0 0.0 0.0 0.0 0.0 0.2 0.2 23.0 7.2 94.1 52.3 12.2 DCRS_-_Nova_Roma_-_Farroupilha_(180_m) -999.9 -999.9 999.9 994.3 994.4 14.9 5.7 481.0 Rio_Grande_do_Sul DCRS -999.9 0.0 0.0
-29.057501 -51.396099 DCRS-00008 2026-07-09_16:07 20.6 -999.9 -999.9 70.0 -999.9 -999.9 14.9 -999.9 -999.9 994.4 -999.9 -999.9 0.0 -999.9 3.3 151.0 0.0 0.0 0.0 0.0 0.2 0.2 23.0 7.2 94.1 52.3 12.2 DCRS_-_Nova_Roma_-_Farroupilha_(180_m) -999.9 -999.9 999.9 994.3 994.4 14.9 5.7 481.0 Rio_Grande_do_Sul DCRS -999.9 0.0 0.0
-29.057501 -51.396099 DCRS-00008 2026-07-09_16:08 20.6 -999.9 -999.9 69.7 -999.9 -999.9 14.8 -999.9 -999.9 994.4 -999.9 -999.9 0.0 -999.9 3.3 145.0 0.0 0.0 0.0 0.0 0.2 0.2 23.0 7.2 94.1 52.3 12.2 DCRS_-_Nova_Roma_-_Farroupilha_(180_m) -999.9 -999.9 999.9 994.3 994.4 14.9 5.7 481.0 Rio_Grande_do_Sul DCRS -999.9 0.0 0.0
-29.057501 -51.396099 DCRS-00008 2026-07-09_16:09 20.8 -999.9 -999.9 68.3 -999.9 -999.9 14.7 -999.9 -999.9 994.5 -999.9 -999.9 2.6 -999.9 3.3 130.0 0.0 0.0 0.0 0.0 0.2 0.2 23.0 7.2 94.1 52.3 12.2 DCRS_-_Nova_Roma_-_Farroupilha_(180_m) -999.9 -999.9 999.9 994.3 994.5 14.9 5.7 481.0 Rio_Grande_do_Sul DCRS -999.9 0.0 0.0
-29.057501 -51.396099 DCRS-00008 2026-07-09_16:10 20.8 -999.9 -999.9 68.5 -999.9 -999.9 14.8 -999.9 -999.9 994.5 -999.9 -999.9 0.0 -999.9 2.6 140.0 0.0 0.0 0.0 0.0 0.2 0.2 23.0 7.2 94.1 52.3 12.2 DCRS_-_Nova_Roma_-_Farroupilha_(180_m) -999.9 -999.9 999.9 994.3 994.5 14.9 5.7 481.0 Rio_Grande_do_Sul DCRS -999.9 0.0 0.0
-29.057501 -51.396099 DCRS-00008 2026-07-09_16:11 20.9 -999.9 -999.9 68.5 -999.9 -999.9 14.9 -999.9 -999.9 994.4 -999.9 -999.9 0.0 -999.9 2.6 128.0 0.0 0.0 0.0 0.0 0.2 0.2 23.0 7.2 94.1 52.3 12.2 DCRS_-_Nova_Roma_-_Farroupilha_(180_m) -999.9 -999.9 999.9 994.3 994.4 14.9 5.7 481.0 Rio_Grande_do_Sul DCRS -999.9 0.0 0.0
-29.057501 -51.396099 DCRS-00008 2026-07-09_16:12 21.0 -999.9 -999.9 69.0 -999.9 -999.9 15.1 -999.9 -999.9 994.4 -999.9 -999.9 0.0 -999.9 2.6 136.0 0.0 0.0 0.0 0.0 0.2 0.2 23.0 7.2 94.1 52.3 12.2 DCRS_-_Nova_Roma_-_Farroupilha_(180_m) -999.9 -999.9 999.9 994.3 994.4 15.1 5.7 481.0 Rio_Grande_do_Sul DCRS -999.9 0.0 0.0
-29.057501 -51.396099 DCRS-00008 2026-07-09_16:13 21.3 -999.9 -999.9 67.5 -999.9 -999.9 15.0 -999.9 -999.9 994.5 -999.9 -999.9 0.0 -999.9 2.6 132.0 0.0 0.0 0.0 0.0 0.2 0.2 23.0 7.2 94.1 52.3 12.2 DCRS_-_Nova_Roma_-_Farroupilha_(180_m) -999.9 -999.9 999.9 994.3 994.5 15.1 5.7 481.0 Rio_Grande_do_Sul DCRS -999.9 0.0 0.0
-29.057501 -51.396099 DCRS-00008 2026-07-09_16:14 21.5 -999.9 -999.9 66.8 -999.9 -999.9 15.0 -999.9 -999.9 994.6 -999.9 -999.9 0.0 -999.9 2.6 128.0 0.0 0.0 0.0 0.0 0.2 0.2 23.0 7.2 94.1 52.3 12.2 DCRS_-_Nova_Roma_-_Farroupilha_(180_m) -999.9 -999.9 999.9 994.3 994.6 15.1 5.7 481.0 Rio_Grande_do_Sul DCRS -999.9 0.0 0.0
-29.057501 -51.396099 DCRS-00008 2026-07-09_16:15 21.7 -999.9 -999.9 66.1 -999.9 -999.9 -999.9 -999.9 -999.9 994.6 -999.9 -999.9 0.0 -999.9 0.0 124.0 0.0 0.0 0.0 0.0 0.2 0.2 23.0 7.2 94.1 52.3 12.2 DCRS_-_Nova_Roma_-_Farroupilha_(180_m) -999.9 -999.9 999.9 994.3 994.6 15.1 5.7 481.0 Rio_Grande_do_Sul DCRS -999.9 0.0 0.0
-29.057501 -51.396099 DCRS-00008 2026-07-09_16:16 21.8 -999.9 -999.9 65.8 -999.9 -999.9 15.1 -999.9 -999.9 994.7 -999.9 -999.9 0.0 -999.9 0.0 121.0 0.0 0.0 0.0 0.0 0.2 0.2 23.0 7.2 94.1 52.3 12.2 DCRS_-_Nova_Roma_-_Farroupilha_(180_m) -999.9 -999.9 999.9 994.3 994.7 15.1 5.7 481.0 Rio_Grande_do_Sul DCRS -999.9 0.0 0.0
-29.057501 -51.396099 DCRS-00008 2026-07-09_16:17 21.9 -999.9 -999.9 65.2 -999.9 -999.9 15.0 -999.9 -999.9 994.7 -999.9 -999.9 0.0 -999.9 0.0 118.0 0.0 0.0 0.0 0.0 0.2 0.2 23.0 7.2 94.1 52.3 12.2 DCRS_-_Nova_Roma_-_Farroupilha_(180_m) -999.9 -999.9 999.9 994.3 994.7 15.1 5.7 481.0 Rio_Grande_do_Sul DCRS -999.9 0.0 0.0
-29.057501 -51.396099 DCRS-00008 2026-07-09_16:18 21.8 -999.9 -999.9 65.3 -999.9 -999.9 15.0 -999.9 -999.9 994.7 -999.9 -999.9 0.0 -999.9 0.0 116.0 0.0 0.0 0.0 0.0 0.2 0.2 23.0 7.2 94.1 52.3 12.2 DCRS_-_Nova_Roma_-_Farroupilha_(180_m) -999.9 -999.9 999.9 994.3 994.7 15.1 5.7 481.0 Rio_Grande_do_Sul DCRS -999.9 0.0 0.0
-29.057501 -51.396099 DCRS-00008 2026-07-09_16:19 21.9 -999.9 -999.9 65.5 -999.9 -999.9 15.1 -999.9 -999.9 994.7 -999.9 -999.9 0.0 -999.9 0.0 112.0 0.0 0.0 0.0 0.0 0.2 0.2 23.0 7.2 94.1 52.3 12.2 DCRS_-_Nova_Roma_-_Farroupilha_(180_m) -999.9 -999.9 999.9 994.3 994.7 15.1 5.7 481.0 Rio_Grande_do_Sul DCRS -999.9 0.0 0.0
-29.057501 -51.396099 DCRS-00008 2026-07-09_16:20 22.0 -999.9 -999.9 64.7 -999.9 -999.9 15.0 -999.9 -999.9 994.8 -999.9 -999.9 0.0 -999.9 0.0 95.0 0.0 0.0 0.0 0.0 0.2 0.2 23.0 7.2 94.1 52.3 12.2 DCRS_-_Nova_Roma_-_Farroupilha_(180_m) -999.9 -999.9 999.9 994.3 994.8 15.1 5.7 481.0 Rio_Grande_do_Sul DCRS -999.9 0.0 0.0
-29.057501 -51.396099 DCRS-00008 2026-07-09_16:21 22.1 -999.9 -999.9 64.1 -999.9 -999.9 15.0 -999.9 -999.9 994.8 -999.9 -999.9 0.0 -999.9 0.0 82.0 0.0 0.0 0.0 0.0 0.2 0.2 23.0 7.2 94.1 52.3 12.2 DCRS_-_Nova_Roma_-_Farroupilha_(180_m) -999.9 -999.9 999.9 994.3 994.8 15.1 5.7 481.0 Rio_Grande_do_Sul DCRS -999.9 0.0 0.0
-29.057501 -51.396099 DCRS-00008 2026-07-09_16:22 22.1 -999.9 -999.9 64.7 -999.9 -999.9 15.1 -999.9 -999.9 994.8 -999.9 -999.9 0.0 -999.9 0.0 83.0 0.0 0.0 0.0 0.0 0.2 0.2 23.0 7.2 94.1 52.3 12.2 DCRS_-_Nova_Roma_-_Farroupilha_(180_m) -999.9 -999.9 999.9 994.3 994.8 15.1 5.7 481.0 Rio_Grande_do_Sul DCRS -999.9 0.0 0.0
-29.057501 -51.396099 DCRS-00008 2026-07-09_16:23 21.9 -999.9 -999.9 64.9 -999.9 -999.9 15.0 -999.9 -999.9 994.7 -999.9 -999.9 0.0 -999.9 0.0 99.0 0.0 0.0 0.0 0.0 0.2 0.2 23.0 7.2 94.1 52.3 12.2 DCRS_-_Nova_Roma_-_Farroupilha_(180_m) -999.9 -999.9 999.9 994.3 994.7 15.1 5.7 481.0 Rio_Grande_do_Sul DCRS -999.9 0.0 0.0
-29.057501 -51.396099 DCRS-00008 2026-07-09_16:24 21.6 -999.9 -999.9 66.3 -999.9 -999.9 15.0 -999.9 -999.9 994.6 -999.9 -999.9 -999.9 -999.9 0.0 105.0 0.0 0.0 0.0 0.0 0.2 0.2 23.0 7.2 94.1 52.3 12.2 DCRS_-_Nova_Roma_-_Farroupilha_(180_m) -999.9 -999.9 999.9 994.3 994.6 15.1 5.7 481.0 Rio_Grande_do_Sul DCRS -999.9 0.0 0.0
-29.057501 -51.396099 DCRS-00008 2026-07-09_16:25 21.4 -999.9 -999.9 67.4 -999.9 -999.9 15.1 -999.9 -999.9 994.6 -999.9 -999.9 2.0 -999.9 2.3 104.0 0.0 0.0 0.0 0.0 0.2 0.2 23.0 7.2 94.1 52.3 12.2 DCRS_-_Nova_Roma_-_Farroupilha_(180_m) -999.9 -999.9 999.9 994.3 994.6 15.1 5.7 481.0 Rio_Grande_do_Sul DCRS -999.9 0.0 0.0
-29.057501 -51.396099 DCRS-00008 2026-07-09_16:26 21.1 -999.9 -999.9 67.7 -999.9 -999.9 14.9 -999.9 -999.9 994.6 -999.9 -999.9 0.0 -999.9 2.3 101.0 0.0 0.0 0.0 0.0 0.2 0.2 23.0 7.2 94.1 52.3 12.2 DCRS_-_Nova_Roma_-_Farroupilha_(180_m) -999.9 -999.9 999.9 994.3 994.6 15.1 5.7 481.0 Rio_Grande_do_Sul DCRS -999.9 0.0 0.0
-29.057501 -51.396099 DCRS-00008 2026-07-09_16:27 20.9 -999.9 -999.9 68.4 -999.9 -999.9 14.8 -999.9 -999.9 994.5 -999.9 -999.9 0.0 -999.9 2.3 72.0 0.0 0.0 0.0 0.0 0.2 0.2 23.0 7.2 94.1 52.3 12.2 DCRS_-_Nova_Roma_-_Farroupilha_(180_m) -999.9 -999.9 999.9 994.3 994.5 15.1 5.7 481.0 Rio_Grande_do_Sul DCRS -999.9 0.0 0.0
-29.057501 -51.396099 DCRS-00008 2026-07-09_16:28 20.6 -999.9 -999.9 69.3 -999.9 -999.9 14.8 -999.9 -999.9 994.5 -999.9 -999.9 0.0 -999.9 2.3 38.0 0.0 0.0 0.0 0.0 0.2 0.2 23.0 7.2 94.1 52.3 12.2 DCRS_-_Nova_Roma_-_Farroupilha_(180_m) -999.9 -999.9 999.9 994.3 994.5 15.1 5.7 481.0 Rio_Grande_do_Sul DCRS -999.9 0.0 0.0
-29.057501 -51.396099 DCRS-00008 2026-07-09_16:29 20.5 -999.9 -999.9 69.3 -999.9 -999.9 14.7 -999.9 -999.9 994.5 -999.9 -999.9 0.0 -999.9 2.3 33.0 0.0 0.0 0.0 0.0 0.2 0.2 23.0 7.2 94.1 52.3 12.2 DCRS_-_Nova_Roma_-_Farroupilha_(180_m) -999.9 -999.9 999.9 994.3 994.5 15.1 5.7 481.0 Rio_Grande_do_Sul DCRS -999.9 0.0 0.0
-29.057501 -51.396099 DCRS-00008 2026-07-09_16:30 20.5 -999.9 -999.9 69.0 -999.9 -999.9 14.6 -999.9 -999.9 994.6 -999.9 -999.9 0.0 -999.9 2.1 33.0 0.0 0.0 0.0 0.0 0.2 0.2 23.0 7.2 94.1 52.3 12.2 DCRS_-_Nova_Roma_-_Farroupilha_(180_m) -999.9 -999.9 999.9 994.3 994.6 15.1 5.7 481.0 Rio_Grande_do_Sul DCRS -999.9 0.0 0.0
-29.057501 -51.396099 DCRS-00008 2026-07-09_16:31 20.5 -999.9 -999.9 68.3 -999.9 -999.9 14.4 -999.9 -999.9 994.7 -999.9 -999.9 0.0 -999.9 2.1 33.0 0.0 0.0 0.0 0.0 0.2 0.2 23.0 7.2 94.1 52.3 12.2 DCRS_-_Nova_Roma_-_Farroupilha_(180_m) -999.9 -999.9 999.9 994.3 994.7 15.1 5.7 481.0 Rio_Grande_do_Sul DCRS -999.9 0.0 0.0
-29.057501 -51.396099 DCRS-00008 2026-07-09_16:32 20.4 -999.9 -999.9 68.3 -999.9 -999.9 14.3 -999.9 -999.9 994.7 -999.9 -999.9 0.0 -999.9 2.1 34.0 0.0 0.0 0.0 0.0 0.2 0.2 23.0 7.2 94.1 52.3 12.2 DCRS_-_Nova_Roma_-_Farroupilha_(180_m) -999.9 -999.9 999.9 994.3 994.7 15.1 5.7 481.0 Rio_Grande_do_Sul DCRS -999.9 0.0 0.0
-29.057501 -51.396099 DCRS-00008 2026-07-09_16:33 20.2 -999.9 -999.9 69.0 -999.9 -999.9 14.3 -999.9 -999.9 994.7 -999.9 -999.9 0.0 -999.9 2.1 36.0 0.0 0.0 0.0 0.0 0.2 0.2 23.0 7.2 94.1 52.3 12.2 DCRS_-_Nova_Roma_-_Farroupilha_(180_m) -999.9 -999.9 999.9 994.3 994.7 15.1 5.7 481.0 Rio_Grande_do_Sul DCRS -999.9 0.0 0.0
-29.057501 -51.396099 DCRS-00008 2026-07-09_16:34 20.1 -999.9 -999.9 70.0 -999.9 -999.9 14.4 -999.9 -999.9 994.6 -999.9 -999.9 0.0 -999.9 2.1 39.0 0.0 0.0 0.0 0.0 0.2 0.2 23.0 7.2 94.1 52.3 12.2 DCRS_-_Nova_Roma_-_Farroupilha_(180_m) -999.9 -999.9 999.9 994.3 994.6 15.1 5.7 481.0 Rio_Grande_do_Sul DCRS -999.9 0.0 0.0
-29.057501 -51.396099 DCRS-00008 2026-07-09_16:35 20.0 -999.9 -999.9 70.4 -999.9 -999.9 14.4 -999.9 -999.9 994.6 -999.9 -999.9 0.0 -999.9 0.0 42.0 0.0 0.0 0.0 0.0 0.2 0.2 23.0 7.2 94.1 52.3 12.2 DCRS_-_Nova_Roma_-_Farroupilha_(180_m) -999.9 -999.9 999.9 994.3 994.6 15.1 5.7 481.0 Rio_Grande_do_Sul DCRS -999.9 0.0 0.0
-29.057501 -51.396099 DCRS-00008 2026-07-09_16:36 19.8 -999.9 -999.9 71.0 -999.9 -999.9 14.4 -999.9 -999.9 994.6 -999.9 -999.9 0.0 -999.9 0.0 43.0 0.0 0.0 0.0 0.0 0.2 0.2 23.0 7.2 94.1 52.3 12.2 DCRS_-_Nova_Roma_-_Farroupilha_(180_m) -999.9 -999.9 999.9 994.3 994.6 15.1 5.7 481.0 Rio_Grande_do_Sul DCRS -999.9 0.0 0.0
-29.057501 -51.396099 DCRS-00008 2026-07-09_16:37 19.8 -999.9 -999.9 71.3 -999.9 -999.9 14.4 -999.9 -999.9 994.6 -999.9 -999.9 0.0 -999.9 0.0 43.0 0.0 0.0 0.0 0.0 0.2 0.2 23.0 7.2 94.1 52.3 12.2 DCRS_-_Nova_Roma_-_Farroupilha_(180_m) -999.9 -999.9 999.9 994.3 994.6 15.1 5.7 481.0 Rio_Grande_do_Sul DCRS -999.9 0.0 0.0
-29.057501 -51.396099 DCRS-00008 2026-07-09_16:38 19.6 -999.9 -999.9 70.4 -999.9 -999.9 14.0 -999.9 -999.9 994.7 -999.9 -999.9 0.0 -999.9 0.0 44.0 0.0 0.0 0.0 0.0 0.2 0.2 23.0 7.2 94.1 52.3 12.2 DCRS_-_Nova_Roma_-_Farroupilha_(180_m) -999.9 -999.9 999.9 994.3 994.7 15.1 5.7 481.0 Rio_Grande_do_Sul DCRS -999.9 0.0 0.0
-29.057501 -51.396099 DCRS-00008 2026-07-09_16:39 19.5 -999.9 -999.9 71.3 -999.9 -999.9 14.1 -999.9 -999.9 994.6 -999.9 -999.9 0.0 -999.9 0.0 45.0 0.0 0.0 0.0 0.0 0.2 0.2 23.0 7.2 94.1 52.3 12.2 DCRS_-_Nova_Roma_-_Farroupilha_(180_m) -999.9 -999.9 999.9 994.3 994.6 15.1 5.7 481.0 Rio_Grande_do_Sul DCRS -999.9 0.0 0.0
-29.057501 -51.396099 DCRS-00008 2026-07-09_16:41 19.5 -999.9 -999.9 72.6 -999.9 -999.9 14.4 -999.9 -999.9 994.6 -999.9 -999.9 0.0 -999.9 0.0 43.0 0.0 0.0 0.0 0.0 0.2 0.2 23.0 7.2 94.1 52.3 12.2 DCRS_-_Nova_Roma_-_Farroupilha_(180_m) -999.9 -999.9 999.9 994.3 994.6 15.1 5.7 481.0 Rio_Grande_do_Sul DCRS -999.9 0.0 0.0
-29.057501 -51.396099 DCRS-00008 2026-07-09_16:42 19.3 -999.9 -999.9 71.8 -999.9 -999.9 14.1 -999.9 -999.9 994.7 -999.9 -999.9 0.0 -999.9 0.0 41.0 0.0 0.0 0.0 0.0 0.2 0.2 23.0 7.2 94.1 52.3 12.2 DCRS_-_Nova_Roma_-_Farroupilha_(180_m) -999.9 -999.9 999.9 994.3 994.7 15.1 5.7 481.0 Rio_Grande_do_Sul DCRS -999.9 0.0 0.0
-29.057501 -51.396099 DCRS-00008 2026-07-09_16:43 19.2 -999.9 -999.9 72.9 -999.9 -999.9 14.2 -999.9 -999.9 994.6 -999.9 -999.9 0.0 -999.9 0.0 40.0 0.0 0.0 0.0 0.0 0.2 0.2 23.0 7.2 94.1 52.3 12.2 DCRS_-_Nova_Roma_-_Farroupilha_(180_m) -999.9 -999.9 999.9 994.3 994.6 15.1 5.7 481.0 Rio_Grande_do_Sul DCRS -999.9 0.0 0.0
-29.057501 -51.396099 DCRS-00008 2026-07-09_16:44 19.1 -999.9 -999.9 73.2 -999.9 -999.9 14.2 -999.9 -999.9 994.6 -999.9 -999.9 0.0 -999.9 0.0 38.0 0.0 0.0 0.0 0.0 0.2 0.2 23.0 7.2 94.1 52.3 12.2 DCRS_-_Nova_Roma_-_Farroupilha_(180_m) -999.9 -999.9 999.9 994.3 994.6 15.1 5.7 481.0 Rio_Grande_do_Sul DCRS -999.9 0.0 0.0
-29.057501 -51.396099 DCRS-00008 2026-07-09_16:45 19.0 -999.9 -999.9 73.2 -999.9 -999.9 14.1 -999.9 -999.9 994.6 -999.9 -999.9 0.0 -999.9 0.0 37.0 0.0 0.0 0.0 0.0 0.2 0.2 23.0 7.2 94.1 52.3 12.2 DCRS_-_Nova_Roma_-_Farroupilha_(180_m) -999.9 -999.9 999.9 994.3 994.6 15.1 5.7 481.0 Rio_Grande_do_Sul DCRS -999.9 0.0 0.0
-29.057501 -51.396099 DCRS-00008 2026-07-09_16:46 18.8 -999.9 -999.9 73.7 -999.9 -999.9 14.0 -999.9 -999.9 994.6 -999.9 -999.9 0.0 -999.9 0.0 37.0 0.0 0.0 0.0 0.0 0.2 0.2 23.0 7.2 94.1 52.3 12.2 DCRS_-_Nova_Roma_-_Farroupilha_(180_m) -999.9 -999.9 999.9 994.3 994.6 15.1 5.7 481.0 Rio_Grande_do_Sul DCRS -999.9 0.0 0.0
-29.057501 -51.396099 DCRS-00008 2026-07-09_16:47 18.7 -999.9 -999.9 74.0 -999.9 -999.9 13.9 -999.9 -999.9 994.6 -999.9 -999.9 0.0 -999.9 0.0 36.0 0.0 0.0 0.0 0.0 0.2 0.2 23.0 7.2 94.1 52.3 12.2 DCRS_-_Nova_Roma_-_Farroupilha_(180_m) -999.9 -999.9 999.9 994.3 994.6 15.1 5.7 481.0 Rio_Grande_do_Sul DCRS -999.9 0.0 0.0
-29.057501 -51.396099 DCRS-00008 2026-07-09_16:48 18.6 -999.9 -999.9 74.4 -999.9 -999.9 13.9 -999.9 -999.9 994.6 -999.9 -999.9 0.0 -999.9 0.0 35.0 0.0 0.0 0.0 0.0 0.2 0.2 23.0 7.2 94.1 52.3 12.2 DCRS_-_Nova_Roma_-_Farroupilha_(180_m) -999.9 -999.9 999.9 994.3 994.6 15.1 5.7 481.0 Rio_Grande_do_Sul DCRS -999.9 0.0 0.0
-29.057501 -51.396099 DCRS-00008 2026-07-09_16:49 18.4 -999.9 -999.9 75.1 -999.9 -999.9 13.9 -999.9 -999.9 994.6 -999.9 -999.9 0.0 -999.9 0.0 35.0 0.0 0.0 0.0 0.0 0.2 0.2 23.0 7.2 94.1 52.3 12.2 DCRS_-_Nova_Roma_-_Farroupilha_(180_m) -999.9 -999.9 999.9 994.3 994.6 15.1 5.7 481.0 Rio_Grande_do_Sul DCRS -999.9 0.0 0.0
-29.057501 -51.396099 DCRS-00008 2026-07-09_16:50 18.3 -999.9 -999.9 75.9 -999.9 -999.9 13.9 -999.9 -999.9 994.6 -999.9 -999.9 0.0 -999.9 0.0 35.0 0.0 0.0 0.0 0.0 0.2 0.2 23.0 7.2 94.1 52.3 12.2 DCRS_-_Nova_Roma_-_Farroupilha_(180_m) -999.9 -999.9 999.9 994.3 994.6 15.1 5.7 481.0 Rio_Grande_do_Sul DCRS -999.9 0.0 0.0
-29.057501 -51.396099 DCRS-00008 2026-07-09_16:51 18.0 -999.9 -999.9 77.3 -999.9 -999.9 13.9 -999.9 -999.9 994.6 -999.9 -999.9 0.0 -999.9 0.0 35.0 0.0 0.0 0.0 0.0 0.2 0.2 23.0 7.2 94.1 52.3 12.2 DCRS_-_Nova_Roma_-_Farroupilha_(180_m) -999.9 -999.9 999.9 994.3 994.6 15.1 5.7 481.0 Rio_Grande_do_Sul DCRS -999.9 0.0 0.0
-29.057501 -51.396099 DCRS-00008 2026-07-09_16:52 17.9 -999.9 -999.9 78.1 -999.9 -999.9 14.0 -999.9 -999.9 994.6 -999.9 -999.9 0.0 -999.9 0.0 35.0 0.0 0.0 0.0 0.0 0.2 0.2 23.0 7.2 94.1 52.3 12.2 DCRS_-_Nova_Roma_-_Farroupilha_(180_m) -999.9 -999.9 999.9 994.3 994.6 15.1 5.7 481.0 Rio_Grande_do_Sul DCRS -999.9 0.0 0.0
-29.057501 -51.396099 DCRS-00008 2026-07-09_16:53 17.8 -999.9 -999.9 78.3 -999.9 -999.9 13.9 -999.9 -999.9 994.6 -999.9 -999.9 0.0 -999.9 0.0 36.0 0.0 0.0 0.0 0.0 0.2 0.2 23.0 7.2 94.1 52.3 12.2 DCRS_-_Nova_Roma_-_Farroupilha_(180_m) -999.9 -999.9 999.9 994.3 994.6 15.1 5.7 481.0 Rio_Grande_do_Sul DCRS -999.9 0.0 0.0
-29.057501 -51.396099 DCRS-00008 2026-07-09_16:54 17.8 -999.9 -999.9 78.1 -999.9 -999.9 13.9 -999.9 -999.9 994.6 -999.9 -999.9 0.0 -999.9 0.0 37.0 0.0 0.0 0.0 0.0 0.2 0.2 23.0 7.2 94.1 52.3 12.2 DCRS_-_Nova_Roma_-_Farroupilha_(180_m) -999.9 -999.9 999.9 994.3 994.6 15.1 5.7 481.0 Rio_Grande_do_Sul DCRS -999.9 0.0 0.0
-29.057501 -51.396099 DCRS-00008 2026-07-09_16:55 17.6 -999.9 -999.9 78.4 -999.9 -999.9 13.8 -999.9 -999.9 994.6 -999.9 -999.9 0.0 -999.9 1.8 37.0 0.0 0.0 0.0 0.0 0.2 0.2 23.0 7.2 94.1 52.3 12.2 DCRS_-_Nova_Roma_-_Farroupilha_(180_m) -999.9 -999.9 999.9 994.3 994.6 15.1 5.7 481.0 Rio_Grande_do_Sul DCRS -999.9 0.0 0.0
-29.057501 -51.396099 DCRS-00008 2026-07-09_16:56 17.6 -999.9 -999.9 78.3 -999.9 -999.9 13.8 -999.9 -999.9 994.7 -999.9 -999.9 0.0 -999.9 1.8 37.0 0.0 0.0 0.0 0.0 0.2 0.2 23.0 7.2 94.1 52.3 12.2 DCRS_-_Nova_Roma_-_Farroupilha_(180_m) -999.9 -999.9 999.9 994.3 994.7 15.1 5.7 481.0 Rio_Grande_do_Sul DCRS -999.9 0.0 0.0
-29.057501 -51.396099 DCRS-00008 2026-07-09_16:57 17.6 -999.9 -999.9 79.0 -999.9 -999.9 13.9 -999.9 -999.9 994.6 -999.9 -999.9 0.0 -999.9 1.8 36.0 0.0 0.0 0.0 0.0 0.2 0.2 23.0 7.2 94.1 52.3 12.2 DCRS_-_Nova_Roma_-_Farroupilha_(180_m) -999.9 -999.9 999.9 994.3 994.6 15.1 5.7 481.0 Rio_Grande_do_Sul DCRS -999.9 0.0 0.0
-29.057501 -51.396099 DCRS-00008 2026-07-09_16:58 17.5 -999.9 -999.9 79.5 -999.9 -999.9 13.9 -999.9 -999.9 994.6 -999.9 -999.9 0.0 -999.9 1.8 35.0 0.0 0.0 0.0 0.0 0.2 0.2 23.0 7.2 94.1 52.3 12.2 DCRS_-_Nova_Roma_-_Farroupilha_(180_m) -999.9 -999.9 999.9 994.3 994.6 15.1 5.7 481.0 Rio_Grande_do_Sul DCRS -999.9 0.0 0.0
-29.057501 -51.396099 DCRS-00008 2026-07-09_16:59 17.5 -999.9 -999.9 79.7 -999.9 -999.9 13.9 -999.9 -999.9 994.6 -999.9 -999.9 0.0 -999.9 1.8 33.0 0.0 0.0 0.0 0.0 0.2 0.2 23.0 7.2 94.1 52.3 12.2 DCRS_-_Nova_Roma_-_Farroupilha_(180_m) -999.9 -999.9 999.9 994.3 994.6 15.1 5.7 481.0 Rio_Grande_do_Sul DCRS -999.9 0.0 0.0
-29.057501 -51.396099 DCRS-00008 2026-07-09_17:01 17.3 -999.9 -999.9 80.0 -999.9 -999.9 13.8 -999.9 -999.9 994.5 -999.9 -999.9 0.0 -999.9 0.0 23.0 0.0 0.0 0.0 0.0 0.2 0.2 23.0 7.2 94.1 52.3 12.2 DCRS_-_Nova_Roma_-_Farroupilha_(180_m) -999.9 -999.9 999.9 994.3 994.5 15.1 5.7 481.0 Rio_Grande_do_Sul DCRS -999.9 0.0 0.0
-29.057501 -51.396099 DCRS-00008 2026-07-09_17:02 17.2 -999.9 -999.9 80.3 -999.9 -999.9 13.8 -999.9 -999.9 994.4 -999.9 -999.9 0.0 -999.9 0.0 20.0 0.0 0.0 0.0 0.0 0.2 0.2 23.0 7.2 94.1 52.3 12.2 DCRS_-_Nova_Roma_-_Farroupilha_(180_m) -999.9 -999.9 999.9 994.3 994.4 15.1 5.7 481.0 Rio_Grande_do_Sul DCRS -999.9 0.0 0.0
-29.057501 -51.396099 DCRS-00008 2026-07-09_17:03 17.0 -999.9 -999.9 81.0 -999.9 -999.9 13.7 -999.9 -999.9 994.4 -999.9 -999.9 -999.9 -999.9 0.0 20.0 0.0 0.0 0.0 0.0 0.2 0.2 23.0 7.2 94.1 52.3 12.2 DCRS_-_Nova_Roma_-_Farroupilha_(180_m) -999.9 -999.9 999.9 994.3 994.4 15.1 5.7 481.0 Rio_Grande_do_Sul DCRS -999.9 0.0 0.0
-29.057501 -51.396099 DCRS-00008 2026-07-09_17:04 16.9 -999.9 -999.9 81.0 -999.9 -999.9 13.6 -999.9 -999.9 994.4 -999.9 -999.9 0.0 -999.9 0.0 19.0 0.0 0.0 0.0 0.0 0.2 0.2 23.0 7.2 94.1 52.3 12.2 DCRS_-_Nova_Roma_-_Farroupilha_(180_m) -999.9 -999.9 999.9 994.3 994.4 15.1 5.7 481.0 Rio_Grande_do_Sul DCRS -999.9 0.0 0.0
-29.057501 -51.396099 DCRS-00008 2026-07-09_17:05 16.8 -999.9 -999.9 81.6 -999.9 -999.9 13.6 -999.9 -999.9 994.3 -999.9 -999.9 2.0 -999.9 4.8 18.0 0.0 0.0 0.0 0.0 0.2 0.2 23.0 7.2 94.1 52.3 12.2 DCRS_-_Nova_Roma_-_Farroupilha_(180_m) -999.9 -999.9 999.9 994.3 994.3 15.1 5.7 481.0 Rio_Grande_do_Sul DCRS -999.9 0.0 0.0
-29.057501 -51.396099 DCRS-00008 2026-07-09_17:06 16.7 -999.9 -999.9 82.5 -999.9 -999.9 13.7 -999.9 -999.9 994.3 -999.9 -999.9 2.9 -999.9 4.8 19.0 0.0 0.0 0.0 0.0 0.2 0.2 23.0 7.2 94.1 52.3 12.2 DCRS_-_Nova_Roma_-_Farroupilha_(180_m) -999.9 -999.9 999.9 994.3 994.3 15.1 5.7 481.0 Rio_Grande_do_Sul DCRS -999.9 0.0 0.0
-29.057501 -51.396099 DCRS-00008 2026-07-09_17:07 16.6 -999.9 -999.9 83.3 -999.9 -999.9 13.7 -999.9 -999.9 994.3 -999.9 -999.9 0.0 -999.9 4.8 19.0 0.0 0.0 0.0 0.0 0.2 0.2 23.0 7.2 94.1 52.3 12.2 DCRS_-_Nova_Roma_-_Farroupilha_(180_m) -999.9 -999.9 999.9 994.3 994.3 15.1 5.7 481.0 Rio_Grande_do_Sul DCRS -999.9 0.0 0.0
-29.057501 -51.396099 DCRS-00008 2026-07-09_17:08 16.6 -999.9 -999.9 84.0 -999.9 -999.9 13.9 -999.9 -999.9 994.4 -999.9 -999.9 0.0 -999.9 4.8 19.0 0.0 0.0 0.0 0.0 0.2 0.2 23.0 7.2 94.1 52.3 12.2 DCRS_-_Nova_Roma_-_Farroupilha_(180_m) -999.9 -999.9 999.9 994.3 994.4 15.1 5.7 481.0 Rio_Grande_do_Sul DCRS -999.9 0.0 0.0
-29.057501 -51.396099 DCRS-00008 2026-07-09_17:09 16.5 -999.9 -999.9 84.5 -999.9 -999.9 13.9 -999.9 -999.9 994.4 -999.9 -999.9 0.0 -999.9 4.8 19.0 0.0 0.0 0.0 0.0 0.2 0.2 23.0 7.2 94.1 52.3 12.2 DCRS_-_Nova_Roma_-_Farroupilha_(180_m) -999.9 -999.9 999.9 994.3 994.4 15.1 5.7 481.0 Rio_Grande_do_Sul DCRS -999.9 0.0 0.0
-29.057501 -51.396099 DCRS-00008 2026-07-09_17:10 16.5 -999.9 -999.9 84.7 -999.9 -999.9 13.9 -999.9 -999.9 994.4 -999.9 -999.9 0.0 -999.9 4.8 19.0 0.0 0.0 0.0 0.0 0.2 0.2 23.0 7.2 94.1 52.3 12.2 DCRS_-_Nova_Roma_-_Farroupilha_(180_m) -999.9 -999.9 999.9 994.3 994.4 15.1 5.7 481.0 Rio_Grande_do_Sul DCRS -999.9 0.0 0.0
-29.057501 -51.396099 DCRS-00008 2026-07-09_17:11 16.4 -999.9 -999.9 84.1 -999.9 -999.9 13.7 -999.9 -999.9 994.5 -999.9 -999.9 3.1 -999.9 4.8 18.0 0.0 0.0 0.0 0.0 0.2 0.2 23.0 7.2 94.1 52.3 12.2 DCRS_-_Nova_Roma_-_Farroupilha_(180_m) -999.9 -999.9 999.9 994.3 994.5 15.1 5.7 481.0 Rio_Grande_do_Sul DCRS -999.9 0.0 0.0
-29.057501 -51.396099 DCRS-00008 2026-07-09_17:12 16.3 -999.9 -999.9 83.8 -999.9 -999.9 13.5 -999.9 -999.9 994.5 -999.9 -999.9 2.6 -999.9 4.8 18.0 0.0 0.0 0.0 0.0 0.2 0.2 23.0 7.2 94.1 52.3 12.2 DCRS_-_Nova_Roma_-_Farroupilha_(180_m) -999.9 -999.9 999.9 994.3 994.5 15.1 5.7 481.0 Rio_Grande_do_Sul DCRS -999.9 0.0 0.0
-29.057501 -51.396099 DCRS-00008 2026-07-09_17:13 16.2 -999.9 -999.9 84.1 -999.9 -999.9 13.5 -999.9 -999.9 994.4 -999.9 -999.9 3.3 -999.9 4.8 17.0 0.0 0.0 0.0 0.0 0.2 0.2 23.0 7.2 94.1 52.3 12.2 DCRS_-_Nova_Roma_-_Farroupilha_(180_m) -999.9 -999.9 999.9 994.3 994.4 15.1 5.7 481.0 Rio_Grande_do_Sul DCRS -999.9 0.0 0.0
-29.057501 -51.396099 DCRS-00008 2026-07-09_17:14 16.1 -999.9 -999.9 84.5 -999.9 -999.9 13.5 -999.9 -999.9 994.4 -999.9 -999.9 0.0 -999.9 4.8 16.0 0.0 0.0 0.0 0.0 0.2 0.2 23.0 7.2 94.1 52.3 12.2 DCRS_-_Nova_Roma_-_Farroupilha_(180_m) -999.9 -999.9 999.9 994.3 994.4 15.1 5.7 481.0 Rio_Grande_do_Sul DCRS -999.9 0.0 0.0
-29.057501 -51.396099 DCRS-00008 2026-07-09_17:15 16.1 -999.9 -999.9 84.5 -999.9 -999.9 13.5 -999.9 -999.9 994.4 -999.9 -999.9 0.0 -999.9 6.1 15.0 0.0 0.0 0.0 0.0 0.2 0.2 23.0 7.2 94.1 52.3 12.2 DCRS_-_Nova_Roma_-_Farroupilha_(180_m) -999.9 -999.9 999.9 994.3 994.4 15.1 5.7 481.0 Rio_Grande_do_Sul DCRS -999.9 0.0 0.0
-29.057501 -51.396099 DCRS-00008 2026-07-09_17:16 16.0 -999.9 -999.9 85.0 -999.9 -999.9 13.5 -999.9 -999.9 994.4 -999.9 -999.9 0.0 -999.9 6.1 13.0 0.0 0.0 0.0 0.0 0.2 0.2 23.0 7.2 94.1 52.3 12.2 DCRS_-_Nova_Roma_-_Farroupilha_(180_m) -999.9 -999.9 999.9 994.3 994.4 15.1 5.7 481.0 Rio_Grande_do_Sul DCRS -999.9 0.0 0.0
-29.057501 -51.396099 DCRS-00008 2026-07-09_17:17 16.0 -999.9 -999.9 85.3 -999.9 -999.9 13.5 -999.9 -999.9 994.4 -999.9 -999.9 0.0 -999.9 6.1 12.0 0.0 0.0 0.0 0.0 0.2 0.2 23.0 7.2 94.1 52.3 12.2 DCRS_-_Nova_Roma_-_Farroupilha_(180_m) -999.9 -999.9 999.9 994.3 994.4 15.1 5.7 481.0 Rio_Grande_do_Sul DCRS -999.9 0.0 0.0
-29.057501 -51.396099 DCRS-00008 2026-07-09_17:18 15.9 -999.9 -999.9 85.1 -999.9 -999.9 13.4 -999.9 -999.9 994.4 -999.9 -999.9 0.0 -999.9 6.1 12.0 0.0 0.0 0.0 0.0 0.2 0.2 23.0 7.2 94.1 52.3 12.2 DCRS_-_Nova_Roma_-_Farroupilha_(180_m) -999.9 -999.9 999.9 994.3 994.4 15.1 5.7 481.0 Rio_Grande_do_Sul DCRS -999.9 0.0 0.0
-29.057501 -51.396099 DCRS-00008 2026-07-09_17:19 15.8 -999.9 -999.9 85.2 -999.9 -999.9 13.3 -999.9 -999.9 994.4 -999.9 -999.9 3.0 -999.9 6.1 11.0 0.0 0.0 0.0 0.0 0.2 0.2 23.0 7.2 94.1 52.3 12.2 DCRS_-_Nova_Roma_-_Farroupilha_(180_m) -999.9 -999.9 999.9 994.3 994.4 15.1 5.7 481.0 Rio_Grande_do_Sul DCRS -999.9 0.0 0.0
-29.057501 -51.396099 DCRS-00008 2026-07-09_17:21 15.8 -999.9 -999.9 85.4 -999.9 -999.9 13.3 -999.9 -999.9 994.5 -999.9 -999.9 0.0 -999.9 4.2 10.0 0.0 0.0 0.0 0.0 0.2 0.2 23.0 7.2 94.1 52.3 12.2 DCRS_-_Nova_Roma_-_Farroupilha_(180_m) -999.9 -999.9 999.9 994.3 994.5 15.1 5.7 481.0 Rio_Grande_do_Sul DCRS -999.9 0.0 0.0
-29.057501 -51.396099 DCRS-00008 2026-07-09_17:22 15.8 -999.9 -999.9 85.8 -999.9 -999.9 13.4 -999.9 -999.9 994.5 -999.9 -999.9 3.2 -999.9 4.2 10.0 0.0 0.0 0.0 0.0 0.2 0.2 23.0 7.2 94.1 52.3 12.2 DCRS_-_Nova_Roma_-_Farroupilha_(180_m) -999.9 -999.9 999.9 994.3 994.5 15.1 5.7 481.0 Rio_Grande_do_Sul DCRS -999.9 0.0 0.0
-29.057501 -51.396099 DCRS-00008 2026-07-09_17:23 15.7 -999.9 -999.9 85.8 -999.9 -999.9 13.3 -999.9 -999.9 994.5 -999.9 -999.9 4.1 -999.9 4.2 10.0 0.0 0.0 0.0 0.0 0.2 0.2 23.0 7.2 94.1 52.3 12.2 DCRS_-_Nova_Roma_-_Farroupilha_(180_m) -999.9 -999.9 999.9 994.3 994.5 15.1 5.7 481.0 Rio_Grande_do_Sul DCRS -999.9 0.0 0.0
-29.057501 -51.396099 DCRS-00008 2026-07-09_17:24 15.7 -999.9 -999.9 85.8 -999.9 -999.9 13.3 -999.9 -999.9 994.5 -999.9 -999.9 1.8 -999.9 4.2 9.0 0.0 0.0 0.0 0.0 0.2 0.2 23.0 7.2 94.1 52.3 12.2 DCRS_-_Nova_Roma_-_Farroupilha_(180_m) -999.9 -999.9 999.9 994.3 994.5 15.1 5.7 481.0 Rio_Grande_do_Sul DCRS -999.9 0.0 0.0
-29.057501 -51.396099 DCRS-00008 2026-07-09_17:25 15.7 -999.9 -999.9 85.9 -999.9 -999.9 13.3 -999.9 -999.9 994.5 -999.9 -999.9 0.0 -999.9 5.1 10.0 0.0 0.0 0.0 0.0 0.2 0.2 23.0 7.2 94.1 52.3 12.2 DCRS_-_Nova_Roma_-_Farroupilha_(180_m) -999.9 -999.9 999.9 994.3 994.5 15.1 5.7 481.0 Rio_Grande_do_Sul DCRS -999.9 0.0 0.0
-29.057501 -51.396099 DCRS-00008 2026-07-09_17:26 15.7 -999.9 -999.9 85.8 -999.9 -999.9 13.3 -999.9 -999.9 994.5 -999.9 -999.9 2.6 -999.9 5.1 9.0 0.0 0.0 0.0 0.0 0.2 0.2 23.0 7.2 94.1 52.3 12.2 DCRS_-_Nova_Roma_-_Farroupilha_(180_m) -999.9 -999.9 999.9 994.3 994.5 15.1 5.7 481.0 Rio_Grande_do_Sul DCRS -999.9 0.0 0.0
-29.057501 -51.396099 DCRS-00008 2026-07-09_17:27 15.7 -999.9 -999.9 85.9 -999.9 -999.9 13.3 -999.9 -999.9 994.5 -999.9 -999.9 0.0 -999.9 5.1 9.0 0.0 0.0 0.0 0.0 0.2 0.2 23.0 7.2 94.1 52.3 12.2 DCRS_-_Nova_Roma_-_Farroupilha_(180_m) -999.9 -999.9 999.9 994.3 994.5 15.1 5.7 481.0 Rio_Grande_do_Sul DCRS -999.9 0.0 0.0
-29.057501 -51.396099 DCRS-00008 2026-07-09_17:28 15.6 -999.9 -999.9 86.0 -999.9 -999.9 13.2 -999.9 -999.9 994.5 -999.9 -999.9 0.0 -999.9 5.1 9.0 0.0 0.0 0.0 0.0 0.2 0.2 23.0 7.2 94.1 52.3 12.2 DCRS_-_Nova_Roma_-_Farroupilha_(180_m) -999.9 -999.9 999.9 994.3 994.5 15.1 5.7 481.0 Rio_Grande_do_Sul DCRS -999.9 0.0 0.0
-29.057501 -51.396099 DCRS-00008 2026-07-09_18:01 14.6 -999.9 -999.9 90.0 -999.9 -999.9 13.0 -999.9 -999.9 994.6 -999.9 -999.9 -999.9 -999.9 0.0 0.0 0.0 0.0 0.0 0.0 0.2 0.2 23.0 7.2 94.1 52.3 12.2 DCRS_-_Nova_Roma_-_Farroupilha_(180_m) -999.9 -999.9 999.9 994.3 994.6 15.1 5.7 481.0 Rio_Grande_do_Sul DCRS -999.9 0.0 0.0
-29.057501 -51.396099 DCRS-00008 2026-07-09_18:02 14.6 -999.9 -999.9 90.4 -999.9 -999.9 13.0 -999.9 -999.9 994.6 -999.9 -999.9 -999.9 -999.9 0.0 0.0 0.0 0.0 0.0 0.0 0.2 0.2 23.0 7.2 94.1 52.3 12.2 DCRS_-_Nova_Roma_-_Farroupilha_(180_m) -999.9 -999.9 999.9 994.3 994.6 15.1 5.7 481.0 Rio_Grande_do_Sul DCRS -999.9 0.0 0.0
-29.057501 -51.396099 DCRS-00008 2026-07-09_18:03 14.5 -999.9 -999.9 90.5 -999.9 -999.9 12.9 -999.9 -999.9 994.6 -999.9 -999.9 0.0 -999.9 0.0 0.0 0.0 0.0 0.0 0.0 0.2 0.2 23.0 7.2 94.1 52.3 12.2 DCRS_-_Nova_Roma_-_Farroupilha_(180_m) -999.9 -999.9 999.9 994.3 994.6 15.1 5.7 481.0 Rio_Grande_do_Sul DCRS -999.9 0.0 0.0
-29.057501 -51.396099 DCRS-00008 2026-07-09_18:04 14.6 -999.9 -999.9 90.8 -999.9 -999.9 13.1 -999.9 -999.9 994.7 -999.9 -999.9 -999.9 -999.9 0.0 0.0 0.0 0.0 0.0 0.0 0.2 0.2 23.0 7.2 94.1 52.3 12.2 DCRS_-_Nova_Roma_-_Farroupilha_(180_m) -999.9 -999.9 999.9 994.3 994.7 15.1 5.7 481.0 Rio_Grande_do_Sul DCRS -999.9 0.0 0.0
-29.057501 -51.396099 DCRS-00008 2026-07-09_18:05 14.5 -999.9 -999.9 90.9 -999.9 -999.9 13.0 -999.9 -999.9 994.7 -999.9 -999.9 1.9 -999.9 2.7 0.0 0.0 0.0 0.0 0.0 0.2 0.2 23.0 7.2 94.1 52.3 12.2 DCRS_-_Nova_Roma_-_Farroupilha_(180_m) -999.9 -999.9 999.9 994.3 994.7 15.1 5.7 481.0 Rio_Grande_do_Sul DCRS -999.9 0.0 0.0
-29.057501 -51.396099 DCRS-00008 2026-07-09_18:06 14.4 -999.9 -999.9 91.1 -999.9 -999.9 13.0 -999.9 -999.9 994.7 -999.9 -999.9 2.0 -999.9 2.7 0.0 0.0 0.0 0.0 0.0 0.2 0.2 23.0 7.2 94.1 52.3 12.2 DCRS_-_Nova_Roma_-_Farroupilha_(180_m) -999.9 -999.9 999.9 994.3 994.7 15.1 5.7 481.0 Rio_Grande_do_Sul DCRS -999.9 0.0 0.0
-29.057501 -51.396099 DCRS-00008 2026-07-09_18:07 14.4 -999.9 -999.9 91.3 -999.9 -999.9 13.0 -999.9 -999.9 994.7 -999.9 -999.9 0.0 -999.9 2.7 0.0 0.0 0.0 0.0 0.0 0.2 0.2 23.0 7.2 94.1 52.3 12.2 DCRS_-_Nova_Roma_-_Farroupilha_(180_m) -999.9 -999.9 999.9 994.3 994.7 15.1 5.7 481.0 Rio_Grande_do_Sul DCRS -999.9 0.0 0.0
-29.057501 -51.396099 DCRS-00008 2026-07-09_18:08 14.4 -999.9 -999.9 91.3 -999.9 -999.9 13.0 -999.9 -999.9 994.8 -999.9 -999.9 0.0 -999.9 2.7 0.0 0.0 0.0 0.0 0.0 0.2 0.2 23.0 7.2 94.1 52.3 12.2 DCRS_-_Nova_Roma_-_Farroupilha_(180_m) -999.9 -999.9 999.9 994.3 994.8 15.1 5.7 481.0 Rio_Grande_do_Sul DCRS -999.9 0.0 0.0
-29.057501 -51.396099 DCRS-00008 2026-07-09_18:09 14.4 -999.9 -999.9 91.2 -999.9 -999.9 13.0 -999.9 -999.9 994.8 -999.9 -999.9 0.0 -999.9 2.7 0.0 0.0 0.0 0.0 0.0 0.2 0.2 23.0 7.2 94.1 52.3 12.2 DCRS_-_Nova_Roma_-_Farroupilha_(180_m) -999.9 -999.9 999.9 994.3 994.8 15.1 5.7 481.0 Rio_Grande_do_Sul DCRS -999.9 0.0 0.0
-29.057501 -51.396099 DCRS-00008 2026-07-09_18:10 14.4 -999.9 -999.9 91.1 -999.9 -999.9 13.0 -999.9 -999.9 994.8 -999.9 -999.9 0.0 -999.9 2.5 0.0 0.0 0.0 0.0 0.0 0.2 0.2 23.0 7.2 94.1 52.3 12.2 DCRS_-_Nova_Roma_-_Farroupilha_(180_m) -999.9 -999.9 999.9 994.3 994.8 15.1 5.7 481.0 Rio_Grande_do_Sul DCRS -999.9 0.0 0.0
-29.057501 -51.396099 DCRS-00008 2026-07-09_18:11 14.4 -999.9 -999.9 90.8 -999.9 -999.9 12.9 -999.9 -999.9 994.8 -999.9 -999.9 0.0 -999.9 2.5 0.0 0.0 0.0 0.0 0.0 0.2 0.2 23.0 7.2 94.1 52.3 12.2 DCRS_-_Nova_Roma_-_Farroupilha_(180_m) -999.9 -999.9 999.9 994.3 994.8 15.1 5.7 481.0 Rio_Grande_do_Sul DCRS -999.9 0.0 0.0
-29.057501 -51.396099 DCRS-00008 2026-07-09_18:12 14.3 -999.9 -999.9 90.7 -999.9 -999.9 12.8 -999.9 -999.9 994.8 -999.9 -999.9 0.0 -999.9 2.5 0.0 0.0 0.0 0.0 0.0 0.2 0.2 23.0 7.2 94.1 52.3 12.2 DCRS_-_Nova_Roma_-_Farroupilha_(180_m) -999.9 -999.9 999.9 994.3 994.8 15.1 5.7 481.0 Rio_Grande_do_Sul DCRS -999.9 0.0 0.0
-29.057501 -51.396099 DCRS-00008 2026-07-09_18:13 14.3 -999.9 -999.9 90.6 -999.9 -999.9 12.8 -999.9 -999.9 994.8 -999.9 -999.9 0.0 -999.9 2.5 0.0 0.0 0.0 0.0 0.0 0.2 0.2 23.0 7.2 94.1 52.3 12.2 DCRS_-_Nova_Roma_-_Farroupilha_(180_m) -999.9 -999.9 999.9 994.3 994.8 15.1 5.7 481.0 Rio_Grande_do_Sul DCRS -999.9 0.0 0.0
-29.057501 -51.396099 DCRS-00008 2026-07-09_18:14 14.3 -999.9 -999.9 90.7 -999.9 -999.9 12.8 -999.9 -999.9 994.8 -999.9 -999.9 0.0 -999.9 2.5 0.0 0.0 0.0 0.0 0.0 0.2 0.2 23.0 7.2 94.1 52.3 12.2 DCRS_-_Nova_Roma_-_Farroupilha_(180_m) -999.9 -999.9 999.9 994.3 994.8 15.1 5.7 481.0 Rio_Grande_do_Sul DCRS -999.9 0.0 0.0
-29.057501 -51.396099 DCRS-00008 2026-07-09_18:15 14.3 -999.9 -999.9 90.7 -999.9 -999.9 12.8 -999.9 -999.9 994.9 -999.9 -999.9 0.0 -999.9 0.0 0.0 0.0 0.0 0.0 0.0 0.2 0.2 23.0 7.2 94.1 52.3 12.2 DCRS_-_Nova_Roma_-_Farroupilha_(180_m) -999.9 -999.9 999.9 994.3 994.9 15.1 5.7 481.0 Rio_Grande_do_Sul DCRS -999.9 0.0 0.0
-29.057501 -51.396099 DCRS-00008 2026-07-09_18:16 14.2 -999.9 -999.9 90.8 -999.9 -999.9 12.7 -999.9 -999.9 994.9 -999.9 -999.9 0.0 -999.9 0.0 0.0 0.0 0.0 0.0 0.0 0.2 0.2 23.0 7.2 94.1 52.3 12.2 DCRS_-_Nova_Roma_-_Farroupilha_(180_m) -999.9 -999.9 999.9 994.3 994.9 15.1 5.7 481.0 Rio_Grande_do_Sul DCRS -999.9 0.0 0.0
-29.057501 -51.396099 DCRS-00008 2026-07-09_18:17 14.2 -999.9 -999.9 90.8 -999.9 -999.9 12.7 -999.9 -999.9 994.9 -999.9 -999.9 0.0 -999.9 0.0 0.0 0.0 0.0 0.0 0.0 0.2 0.2 23.0 7.2 94.1 52.3 12.2 DCRS_-_Nova_Roma_-_Farroupilha_(180_m) -999.9 -999.9 999.9 994.3 994.9 15.1 5.7 481.0 Rio_Grande_do_Sul DCRS -999.9 0.0 0.0
-29.057501 -51.396099 DCRS-00008 2026-07-09_18:18 14.2 -999.9 -999.9 91.1 -999.9 -999.9 12.8 -999.9 -999.9 994.9 -999.9 -999.9 0.0 -999.9 0.0 0.0 0.0 0.0 0.0 0.0 0.2 0.2 23.0 7.2 94.1 52.3 12.2 DCRS_-_Nova_Roma_-_Farroupilha_(180_m) -999.9 -999.9 999.9 994.3 994.9 15.1 5.7 481.0 Rio_Grande_do_Sul DCRS -999.9 0.0 0.0
-29.057501 -51.396099 DCRS-00008 2026-07-09_18:19 14.1 -999.9 -999.9 91.0 -999.9 -999.9 12.6 -999.9 -999.9 994.9 -999.9 -999.9 0.0 -999.9 0.0 0.0 0.0 0.0 0.0 0.0 0.2 0.2 23.0 7.2 94.1 52.3 12.2 DCRS_-_Nova_Roma_-_Farroupilha_(180_m) -999.9 -999.9 999.9 994.3 994.9 15.1 5.7 481.0 Rio_Grande_do_Sul DCRS -999.9 0.0 0.0
-29.057501 -51.396099 DCRS-00008 2026-07-09_18:20 14.1 -999.9 -999.9 91.2 -999.9 -999.9 12.7 -999.9 -999.9 994.9 -999.9 -999.9 3.2 -999.9 3.4 0.0 0.0 0.0 0.0 0.0 0.2 0.2 23.0 7.2 94.1 52.3 12.2 DCRS_-_Nova_Roma_-_Farroupilha_(180_m) -999.9 -999.9 999.9 994.3 994.9 15.1 5.7 481.0 Rio_Grande_do_Sul DCRS -999.9 0.0 0.0
-29.057501 -51.396099 DCRS-00008 2026-07-09_18:21 14.1 -999.9 -999.9 91.4 -999.9 -999.9 12.7 -999.9 -999.9 994.9 -999.9 -999.9 2.5 -999.9 3.4 0.0 0.0 0.0 0.0 0.0 0.2 0.2 23.0 7.2 94.1 52.3 12.2 DCRS_-_Nova_Roma_-_Farroupilha_(180_m) -999.9 -999.9 999.9 994.3 994.9 15.1 5.7 481.0 Rio_Grande_do_Sul DCRS -999.9 0.0 0.0
-29.057501 -51.396099 DCRS-00008 2026-07-09_18:22 14.1 -999.9 -999.9 91.5 -999.9 -999.9 12.7 -999.9 -999.9 994.9 -999.9 -999.9 0.0 -999.9 3.4 0.0 0.0 0.0 0.0 0.0 0.2 0.2 23.0 7.2 94.1 52.3 12.2 DCRS_-_Nova_Roma_-_Farroupilha_(180_m) -999.9 -999.9 999.9 994.3 994.9 15.1 5.7 481.0 Rio_Grande_do_Sul DCRS -999.9 0.0 0.0
-29.057501 -51.396099 DCRS-00008 2026-07-09_18:23 14.0 -999.9 -999.9 91.8 -999.9 -999.9 12.7 -999.9 -999.9 994.9 -999.9 -999.9 1.9 -999.9 3.4 0.0 0.0 0.0 0.0 0.0 0.2 0.2 23.0 7.2 94.1 52.3 12.2 DCRS_-_Nova_Roma_-_Farroupilha_(180_m) -999.9 -999.9 999.9 994.3 994.9 15.1 5.7 481.0 Rio_Grande_do_Sul DCRS -999.9 0.0 0.0
-29.057501 -51.396099 DCRS-00008 2026-07-09_18:24 14.0 -999.9 -999.9 91.9 -999.9 -999.9 12.7 -999.9 -999.9 994.9 -999.9 -999.9 0.0 -999.9 3.4 0.0 0.0 0.0 0.0 0.0 0.2 0.2 23.0 7.2 94.1 52.3 12.2 DCRS_-_Nova_Roma_-_Farroupilha_(180_m) -999.9 -999.9 999.9 994.3 994.9 15.1 5.7 481.0 Rio_Grande_do_Sul DCRS -999.9 0.0 0.0
-29.057501 -51.396099 DCRS-00008 2026-07-09_18:25 14.0 -999.9 -999.9 92.1 -999.9 -999.9 12.7 -999.9 -999.9 994.9 -999.9 -999.9 2.0 -999.9 4.8 0.0 0.0 0.0 0.0 0.0 0.2 0.2 23.0 7.2 94.1 52.3 12.2 DCRS_-_Nova_Roma_-_Farroupilha_(180_m) -999.9 -999.9 999.9 994.3 994.9 15.1 5.7 481.0 Rio_Grande_do_Sul DCRS -999.9 0.0 0.0
-29.057501 -51.396099 DCRS-00008 2026-07-09_18:26 14.0 -999.9 -999.9 92.3 -999.9 -999.9 -999.9 -999.9 -999.9 994.9 -999.9 -999.9 3.1 -999.9 4.8 0.0 0.0 0.0 0.0 0.0 0.2 0.2 23.0 7.2 94.1 52.3 12.2 DCRS_-_Nova_Roma_-_Farroupilha_(180_m) -999.9 -999.9 999.9 994.3 994.9 15.1 5.7 481.0 Rio_Grande_do_Sul DCRS -999.9 0.0 0.0
-29.057501 -51.396099 DCRS-00008 2026-07-09_18:27 14.0 -999.9 -999.9 92.5 -999.9 -999.9 12.8 -999.9 -999.9 994.9 -999.9 -999.9 -999.9 -999.9 4.8 0.0 0.0 0.0 0.0 0.0 0.2 0.2 23.0 7.2 94.1 52.3 12.2 DCRS_-_Nova_Roma_-_Farroupilha_(180_m) -999.9 -999.9 999.9 994.3 994.9 15.1 5.7 481.0 Rio_Grande_do_Sul DCRS -999.9 0.0 0.0
-29.057501 -51.396099 DCRS-00008 2026-07-09_18:28 14.0 -999.9 -999.9 92.5 -999.9 -999.9 12.8 -999.9 -999.9 994.9 -999.9 -999.9 0.0 -999.9 4.8 0.0 0.0 0.0 0.0 0.0 0.2 0.2 23.0 7.2 94.1 52.3 12.2 DCRS_-_Nova_Roma_-_Farroupilha_(180_m) -999.9 -999.9 999.9 994.3 994.9 15.1 5.7 481.0 Rio_Grande_do_Sul DCRS -999.9 0.0 0.0
-29.057501 -51.396099 DCRS-00008 2026-07-09_18:29 14.0 -999.9 -999.9 92.6 -999.9 -999.9 12.8 -999.9 -999.9 995.0 -999.9 -999.9 0.0 -999.9 4.8 0.0 0.0 0.0 0.0 0.0 0.2 0.2 23.0 7.2 94.1 52.3 12.2 DCRS_-_Nova_Roma_-_Farroupilha_(180_m) -999.9 -999.9 999.9 994.3 995.0 15.1 5.7 481.0 Rio_Grande_do_Sul DCRS -999.9 0.0 0.0
-29.057501 -51.396099 DCRS-00008 2026-07-09_18:30 13.9 -999.9 -999.9 92.5 -999.9 -999.9 12.7 -999.9 -999.9 995.0 -999.9 -999.9 0.0 -999.9 7.3 0.0 0.0 0.0 0.0 0.0 0.2 0.2 23.0 7.2 94.1 52.3 12.2 DCRS_-_Nova_Roma_-_Farroupilha_(180_m) -999.9 -999.9 999.9 994.3 995.0 15.1 5.7 481.0 Rio_Grande_do_Sul DCRS -999.9 0.0 0.0
-29.057501 -51.396099 DCRS-00008 2026-07-09_18:31 13.9 -999.9 -999.9 92.4 -999.9 -999.9 12.7 -999.9 -999.9 995.0 -999.9 -999.9 0.0 -999.9 7.3 0.0 0.0 0.0 0.0 0.0 0.2 0.2 23.0 7.2 94.1 52.3 12.2 DCRS_-_Nova_Roma_-_Farroupilha_(180_m) -999.9 -999.9 999.9 994.3 995.0 15.1 5.7 481.0 Rio_Grande_do_Sul DCRS -999.9 0.0 0.0
-29.057501 -51.396099 DCRS-00008 2026-07-09_18:32 13.9 -999.9 -999.9 92.3 -999.9 -999.9 12.7 -999.9 -999.9 995.0 -999.9 -999.9 2.5 -999.9 7.3 0.0 0.0 0.0 0.0 0.0 0.2 0.2 23.0 7.2 94.1 52.3 12.2 DCRS_-_Nova_Roma_-_Farroupilha_(180_m) -999.9 -999.9 999.9 994.3 995.0 15.1 5.7 481.0 Rio_Grande_do_Sul DCRS -999.9 0.0 0.0
-29.057501 -51.396099 DCRS-00008 2026-07-09_18:33 13.9 -999.9 -999.9 92.3 -999.9 -999.9 12.7 -999.9 -999.9 995.1 -999.9 -999.9 2.4 -999.9 7.3 0.0 0.0 0.0 0.0 0.0 0.2 0.2 23.0 7.2 94.1 52.3 12.2 DCRS_-_Nova_Roma_-_Farroupilha_(180_m) -999.9 -999.9 999.9 994.3 995.1 15.1 5.7 481.0 Rio_Grande_do_Sul DCRS -999.9 0.0 0.0
-29.057501 -51.396099 DCRS-00008 2026-07-09_18:34 13.9 -999.9 -999.9 92.3 -999.9 -999.9 12.7 -999.9 -999.9 995.1 -999.9 -999.9 0.0 -999.9 7.3 0.0 0.0 0.0 0.0 0.0 0.2 0.2 23.0 7.2 94.1 52.3 12.2 DCRS_-_Nova_Roma_-_Farroupilha_(180_m) -999.9 -999.9 999.9 994.3 995.1 15.1 5.7 481.0 Rio_Grande_do_Sul DCRS -999.9 0.0 0.0
-29.057501 -51.396099 DCRS-00008 2026-07-09_18:35 13.8 -999.9 -999.9 92.3 -999.9 -999.9 12.6 -999.9 -999.9 995.1 -999.9 -999.9 0.0 -999.9 5.5 0.0 0.0 0.0 0.0 0.0 0.2 0.2 23.0 7.2 94.1 52.3 12.2 DCRS_-_Nova_Roma_-_Farroupilha_(180_m) -999.9 -999.9 999.9 994.3 995.1 15.1 5.7 481.0 Rio_Grande_do_Sul DCRS -999.9 0.0 0.0
-29.057501 -51.396099 DCRS-00008 2026-07-09_18:36 13.8 -999.9 -999.9 92.3 -999.9 -999.9 12.6 -999.9 -999.9 995.2 -999.9 -999.9 0.0 -999.9 5.5 0.0 0.0 0.0 0.0 0.0 0.2 0.2 23.0 7.2 94.1 52.3 12.2 DCRS_-_Nova_Roma_-_Farroupilha_(180_m) -999.9 -999.9 999.9 994.3 995.2 15.1 5.7 481.0 Rio_Grande_do_Sul DCRS -999.9 0.0 0.0
-29.057501 -51.396099 DCRS-00008 2026-07-09_18:37 13.7 -999.9 -999.9 92.2 -999.9 -999.9 12.4 -999.9 -999.9 995.2 -999.9 -999.9 0.0 -999.9 5.5 0.0 0.0 0.0 0.0 0.0 0.2 0.2 23.0 7.2 94.1 52.3 12.2 DCRS_-_Nova_Roma_-_Farroupilha_(180_m) -999.9 -999.9 999.9 994.3 995.2 15.1 5.7 481.0 Rio_Grande_do_Sul DCRS -999.9 0.0 0.0
-29.057501 -51.396099 DCRS-00008 2026-07-09_18:38 13.8 -999.9 -999.9 92.3 -999.9 -999.9 12.6 -999.9 -999.9 995.2 -999.9 -999.9 2.3 -999.9 5.5 0.0 0.0 0.0 0.0 0.0 0.2 0.2 23.0 7.2 94.1 52.3 12.2 DCRS_-_Nova_Roma_-_Farroupilha_(180_m) -999.9 -999.9 999.9 994.3 995.2 15.1 5.7 481.0 Rio_Grande_do_Sul DCRS -999.9 0.0 0.0
-29.057501 -51.396099 DCRS-00008 2026-07-09_18:39 13.7 -999.9 -999.9 92.3 -999.9 -999.9 12.5 -999.9 -999.9 995.2 -999.9 -999.9 0.0 -999.9 5.5 0.0 0.0 0.0 0.0 0.0 0.2 0.2 23.0 7.2 94.1 52.3 12.2 DCRS_-_Nova_Roma_-_Farroupilha_(180_m) -999.9 -999.9 999.9 994.3 995.2 15.1 5.7 481.0 Rio_Grande_do_Sul DCRS -999.9 0.0 0.0
-29.057501 -51.396099 DCRS-00008 2026-07-09_18:40 13.7 -999.9 -999.9 92.3 -999.9 -999.9 12.5 -999.9 -999.9 995.2 -999.9 -999.9 0.0 -999.9 2.3 0.0 0.0 0.0 0.0 0.0 0.2 0.2 23.0 7.2 94.1 52.3 12.2 DCRS_-_Nova_Roma_-_Farroupilha_(180_m) -999.9 -999.9 999.9 994.3 995.2 15.1 5.7 481.0 Rio_Grande_do_Sul DCRS -999.9 0.0 0.0
-29.057501 -51.396099 DCRS-00008 2026-07-09_18:41 13.7 -999.9 -999.9 92.4 -999.9 -999.9 12.5 -999.9 -999.9 995.2 -999.9 -999.9 0.0 -999.9 2.3 0.0 0.0 0.0 0.0 0.0 0.2 0.2 23.0 7.2 94.1 52.3 12.2 DCRS_-_Nova_Roma_-_Farroupilha_(180_m) -999.9 -999.9 999.9 994.3 995.2 15.1 5.7 481.0 Rio_Grande_do_Sul DCRS -999.9 0.0 0.0
-29.057501 -51.396099 DCRS-00008 2026-07-09_18:42 13.7 -999.9 -999.9 92.4 -999.9 -999.9 12.5 -999.9 -999.9 995.2 -999.9 -999.9 0.0 -999.9 2.3 0.0 0.0 0.0 0.0 0.0 0.2 0.2 23.0 7.2 94.1 52.3 12.2 DCRS_-_Nova_Roma_-_Farroupilha_(180_m) -999.9 -999.9 999.9 994.3 995.2 15.1 5.7 481.0 Rio_Grande_do_Sul DCRS -999.9 0.0 0.0
-29.057501 -51.396099 DCRS-00008 2026-07-09_18:43 13.7 -999.9 -999.9 92.5 -999.9 -999.9 12.5 -999.9 -999.9 995.2 -999.9 -999.9 0.0 -999.9 2.3 0.0 0.0 0.0 0.0 0.0 0.2 0.2 23.0 7.2 94.1 52.3 12.2 DCRS_-_Nova_Roma_-_Farroupilha_(180_m) -999.9 -999.9 999.9 994.3 995.2 15.1 5.7 481.0 Rio_Grande_do_Sul DCRS -999.9 0.0 0.0
-29.057501 -51.396099 DCRS-00008 2026-07-09_18:44 13.7 -999.9 -999.9 92.5 -999.9 -999.9 12.5 -999.9 -999.9 995.2 -999.9 -999.9 0.0 -999.9 2.3 0.0 0.0 0.0 0.0 0.0 0.2 0.2 23.0 7.2 94.1 52.3 12.2 DCRS_-_Nova_Roma_-_Farroupilha_(180_m) -999.9 -999.9 999.9 994.3 995.2 15.1 5.7 481.0 Rio_Grande_do_Sul DCRS -999.9 0.0 0.0
-29.057501 -51.396099 DCRS-00008 2026-07-09_18:45 13.6 -999.9 -999.9 92.6 -999.9 -999.9 12.4 -999.9 -999.9 995.2 -999.9 -999.9 0.0 -999.9 2.1 0.0 0.0 0.0 0.0 0.0 0.2 0.2 23.0 7.2 94.1 52.3 12.2 DCRS_-_Nova_Roma_-_Farroupilha_(180_m) -999.9 -999.9 999.9 994.3 995.2 15.1 5.7 481.0 Rio_Grande_do_Sul DCRS -999.9 0.0 0.0
-29.057501 -51.396099 DCRS-00008 2026-07-09_18:46 13.6 -999.9 -999.9 92.7 -999.9 -999.9 12.4 -999.9 -999.9 995.2 -999.9 -999.9 0.0 -999.9 2.1 0.0 0.0 0.0 0.0 0.0 0.2 0.2 23.0 7.2 94.1 52.3 12.2 DCRS_-_Nova_Roma_-_Farroupilha_(180_m) -999.9 -999.9 999.9 994.3 995.2 15.1 5.7 481.0 Rio_Grande_do_Sul DCRS -999.9 0.0 0.0
-29.057501 -51.396099 DCRS-00008 2026-07-09_18:47 13.6 -999.9 -999.9 92.7 -999.9 -999.9 12.4 -999.9 -999.9 995.2 -999.9 -999.9 2.0 -999.9 2.1 0.0 0.0 0.0 0.0 0.0 0.2 0.2 23.0 7.2 94.1 52.3 12.2 DCRS_-_Nova_Roma_-_Farroupilha_(180_m) -999.9 -999.9 999.9 994.3 995.2 15.1 5.7 481.0 Rio_Grande_do_Sul DCRS -999.9 0.0 0.0
-29.057501 -51.396099 DCRS-00008 2026-07-09_18:48 13.6 -999.9 -999.9 92.8 -999.9 -999.9 12.4 -999.9 -999.9 995.2 -999.9 -999.9 2.0 -999.9 2.1 0.0 0.0 0.0 0.0 0.0 0.2 0.2 23.0 7.2 94.1 52.3 12.2 DCRS_-_Nova_Roma_-_Farroupilha_(180_m) -999.9 -999.9 999.9 994.3 995.2 15.1 5.7 481.0 Rio_Grande_do_Sul DCRS -999.9 0.0 0.0
-29.057501 -51.396099 DCRS-00008 2026-07-09_18:49 13.6 -999.9 -999.9 92.9 -999.9 -999.9 12.5 -999.9 -999.9 995.2 -999.9 -999.9 -999.9 -999.9 2.1 0.0 0.0 0.0 0.0 0.0 0.2 0.2 23.0 7.2 94.1 52.3 12.2 DCRS_-_Nova_Roma_-_Farroupilha_(180_m) -999.9 -999.9 999.9 994.3 995.2 15.1 5.7 481.0 Rio_Grande_do_Sul DCRS -999.9 0.0 0.0
-29.057501 -51.396099 DCRS-00008 2026-07-09_18:50 13.6 -999.9 -999.9 92.9 -999.9 -999.9 12.5 -999.9 -999.9 995.2 -999.9 -999.9 2.4 -999.9 3.1 0.0 0.0 0.0 0.0 0.0 0.2 0.2 23.0 7.2 94.1 52.3 12.2 DCRS_-_Nova_Roma_-_Farroupilha_(180_m) -999.9 -999.9 999.9 994.3 995.2 15.1 5.7 481.0 Rio_Grande_do_Sul DCRS -999.9 0.0 0.0
-29.057501 -51.396099 DCRS-00008 2026-07-09_18:51 13.5 -999.9 -999.9 93.0 -999.9 -999.9 12.4 -999.9 -999.9 995.2 -999.9 -999.9 0.0 -999.9 3.1 0.0 0.0 0.0 0.0 0.0 0.2 0.2 23.0 7.2 94.1 52.3 12.2 DCRS_-_Nova_Roma_-_Farroupilha_(180_m) -999.9 -999.9 999.9 994.3 995.2 15.1 5.7 481.0 Rio_Grande_do_Sul DCRS -999.9 0.0 0.0
-29.057501 -51.396099 DCRS-00008 2026-07-09_18:52 13.6 -999.9 -999.9 93.1 -999.9 -999.9 12.5 -999.9 -999.9 995.2 -999.9 -999.9 0.0 -999.9 3.1 0.0 0.0 0.0 0.0 0.0 0.2 0.2 23.0 7.2 94.1 52.3 12.2 DCRS_-_Nova_Roma_-_Farroupilha_(180_m) -999.9 -999.9 999.9 994.3 995.2 15.1 5.7 481.0 Rio_Grande_do_Sul DCRS -999.9 0.0 0.0
-29.057501 -51.396099 DCRS-00008 2026-07-09_18:53 13.5 -999.9 -999.9 93.1 -999.9 -999.9 12.4 -999.9 -999.9 995.2 -999.9 -999.9 0.0 -999.9 3.1 0.0 0.0 0.0 0.0 0.0 0.2 0.2 23.0 7.2 94.1 52.3 12.2 DCRS_-_Nova_Roma_-_Farroupilha_(180_m) -999.9 -999.9 999.9 994.3 995.2 15.1 5.7 481.0 Rio_Grande_do_Sul DCRS -999.9 0.0 0.0
-29.057501 -51.396099 DCRS-00008 2026-07-09_18:54 13.5 -999.9 -999.9 93.2 -999.9 -999.9 12.4 -999.9 -999.9 995.2 -999.9 -999.9 0.0 -999.9 3.1 0.0 0.0 0.0 0.0 0.0 0.2 0.2 23.0 7.2 94.1 52.3 12.2 DCRS_-_Nova_Roma_-_Farroupilha_(180_m) -999.9 -999.9 999.9 994.3 995.2 15.1 5.7 481.0 Rio_Grande_do_Sul DCRS -999.9 0.0 0.0
-29.057501 -51.396099 DCRS-00008 2026-07-09_18:55 13.5 -999.9 -999.9 93.2 -999.9 -999.9 12.4 -999.9 -999.9 995.3 -999.9 -999.9 0.0 -999.9 2.6 0.0 0.0 0.0 0.0 0.0 0.2 0.2 23.0 7.2 94.1 52.3 12.2 DCRS_-_Nova_Roma_-_Farroupilha_(180_m) -999.9 -999.9 999.9 994.3 995.3 15.1 5.7 481.0 Rio_Grande_do_Sul DCRS -999.9 0.0 0.0
-29.057501 -51.396099 DCRS-00008 2026-07-09_18:56 13.5 -999.9 -999.9 93.2 -999.9 -999.9 12.4 -999.9 -999.9 995.3 -999.9 -999.9 0.0 -999.9 2.6 0.0 0.0 0.0 0.0 0.0 0.2 0.2 23.0 7.2 94.1 52.3 12.2 DCRS_-_Nova_Roma_-_Farroupilha_(180_m) -999.9 -999.9 999.9 994.3 995.3 15.1 5.7 481.0 Rio_Grande_do_Sul DCRS -999.9 0.0 0.0
-29.057501 -51.396099 DCRS-00008 2026-07-09_18:57 13.5 -999.9 -999.9 93.3 -999.9 -999.9 12.4 -999.9 -999.9 995.3 -999.9 -999.9 0.0 -999.9 2.6 0.0 0.0 0.0 0.0 0.0 0.2 0.2 23.0 7.2 94.1 52.3 12.2 DCRS_-_Nova_Roma_-_Farroupilha_(180_m) -999.9 -999.9 999.9 994.3 995.3 15.1 5.7 481.0 Rio_Grande_do_Sul DCRS -999.9 0.0 0.0
-29.057501 -51.396099 DCRS-00008 2026-07-09_18:58 13.4 -999.9 -999.9 93.3 -999.9 -999.9 12.3 -999.9 -999.9 995.3 -999.9 -999.9 0.0 -999.9 2.6 0.0 0.0 0.0 0.0 0.0 0.2 0.2 23.0 7.2 94.1 52.3 12.2 DCRS_-_Nova_Roma_-_Farroupilha_(180_m) -999.9 -999.9 999.9 994.3 995.3 15.1 5.7 481.0 Rio_Grande_do_Sul DCRS -999.9 0.0 0.0
-29.057501 -51.396099 DCRS-00008 2026-07-09_18:59 13.4 -999.9 -999.9 93.2 -999.9 -999.9 12.3 -999.9 -999.9 995.3 -999.9 -999.9 0.0 -999.9 2.6 0.0 0.0 0.0 0.0 0.0 0.2 0.2 23.0 7.2 94.1 52.3 12.2 DCRS_-_Nova_Roma_-_Farroupilha_(180_m) -999.9 -999.9 999.9 994.3 995.3 15.1 5.7 481.0 Rio_Grande_do_Sul DCRS -999.9 0.0 0.0
-29.057501 -51.396099 DCRS-00008 2026-07-09_19:00 13.3 -999.9 -999.9 93.2 -999.9 -999.9 12.2 -999.9 -999.9 995.3 -999.9 -999.9 0.0 -999.9 2.5 0.0 0.0 0.0 0.0 0.0 0.2 0.2 23.0 7.2 94.1 52.3 12.2 DCRS_-_Nova_Roma_-_Farroupilha_(180_m) -999.9 -999.9 999.9 994.3 995.3 15.1 5.7 481.0 Rio_Grande_do_Sul DCRS -999.9 0.0 0.0
-29.057501 -51.396099 DCRS-00008 2026-07-09_19:01 13.4 -999.9 -999.9 93.2 -999.9 -999.9 12.3 -999.9 -999.9 995.4 -999.9 -999.9 0.0 -999.9 2.5 0.0 0.0 0.0 0.0 0.0 0.2 0.2 23.0 7.2 94.1 52.3 12.2 DCRS_-_Nova_Roma_-_Farroupilha_(180_m) -999.9 -999.9 999.9 994.3 995.4 15.1 5.7 481.0 Rio_Grande_do_Sul DCRS -999.9 0.0 0.0
-29.057501 -51.396099 DCRS-00008 2026-07-09_19:02 13.3 -999.9 -999.9 93.2 -999.9 -999.9 12.2 -999.9 -999.9 995.4 -999.9 -999.9 0.0 -999.9 2.5 0.0 0.0 0.0 0.0 0.0 0.2 0.2 23.0 7.2 94.1 52.3 12.2 DCRS_-_Nova_Roma_-_Farroupilha_(180_m) -999.9 -999.9 999.9 994.3 995.4 15.1 5.7 481.0 Rio_Grande_do_Sul DCRS -999.9 0.0 0.0
-29.057501 -51.396099 DCRS-00008 2026-07-09_19:03 13.3 -999.9 -999.9 93.2 -999.9 -999.9 12.2 -999.9 -999.9 995.4 -999.9 -999.9 0.0 -999.9 2.5 0.0 0.0 0.0 0.0 0.0 0.2 0.2 23.0 7.2 94.1 52.3 12.2 DCRS_-_Nova_Roma_-_Farroupilha_(180_m) -999.9 -999.9 999.9 994.3 995.4 15.1 5.7 481.0 Rio_Grande_do_Sul DCRS -999.9 0.0 0.0
-29.057501 -51.396099 DCRS-00008 2026-07-09_19:04 13.3 -999.9 -999.9 93.2 -999.9 -999.9 12.2 -999.9 -999.9 995.4 -999.9 -999.9 0.0 -999.9 2.5 0.0 0.0 0.0 0.0 0.0 0.2 0.2 23.0 7.2 94.1 52.3 12.2 DCRS_-_Nova_Roma_-_Farroupilha_(180_m) -999.9 -999.9 999.9 994.3 995.4 15.1 5.7 481.0 Rio_Grande_do_Sul DCRS -999.9 0.0 0.0
-29.057501 -51.396099 DCRS-00008 2026-07-09_19:05 13.3 -999.9 -999.9 93.2 -999.9 -999.9 12.2 -999.9 -999.9 995.4 -999.9 -999.9 0.0 -999.9 1.9 0.0 0.0 0.0 0.0 0.0 0.2 0.2 23.0 7.2 94.1 52.3 12.2 DCRS_-_Nova_Roma_-_Farroupilha_(180_m) -999.9 -999.9 999.9 994.3 995.4 15.1 5.7 481.0 Rio_Grande_do_Sul DCRS -999.9 0.0 0.0
-29.057501 -51.396099 DCRS-00008 2026-07-09_19:06 13.3 -999.9 -999.9 93.1 -999.9 -999.9 12.2 -999.9 -999.9 995.5 -999.9 -999.9 0.0 -999.9 1.9 0.0 0.0 0.0 0.0 0.0 0.2 0.2 23.0 7.2 94.1 52.3 12.2 DCRS_-_Nova_Roma_-_Farroupilha_(180_m) -999.9 -999.9 999.9 994.3 995.5 15.1 5.7 481.0 Rio_Grande_do_Sul DCRS -999.9 0.0 0.0
-29.057501 -51.396099 DCRS-00008 2026-07-09_19:07 13.3 -999.9 -999.9 93.1 -999.9 -999.9 12.2 -999.9 -999.9 995.5 -999.9 -999.9 0.0 -999.9 1.9 0.0 0.0 0.0 0.0 0.0 0.2 0.2 23.0 7.2 94.1 52.3 12.2 DCRS_-_Nova_Roma_-_Farroupilha_(180_m) -999.9 -999.9 999.9 994.3 995.5 15.1 5.7 481.0 Rio_Grande_do_Sul DCRS -999.9 0.0 0.0
-29.057501 -51.396099 DCRS-00008 2026-07-09_19:08 13.2 -999.9 -999.9 93.1 -999.9 -999.9 12.1 -999.9 -999.9 995.5 -999.9 -999.9 0.0 -999.9 1.9 0.0 0.0 0.0 0.0 0.0 0.2 0.2 23.0 7.2 94.1 52.3 12.2 DCRS_-_Nova_Roma_-_Farroupilha_(180_m) -999.9 -999.9 999.9 994.3 995.5 15.1 5.7 481.0 Rio_Grande_do_Sul DCRS -999.9 0.0 0.0
-29.057501 -51.396099 DCRS-00008 2026-07-09_19:09 13.2 -999.9 -999.9 93.1 -999.9 -999.9 12.1 -999.9 -999.9 995.5 -999.9 -999.9 0.0 -999.9 1.9 0.0 0.0 0.0 0.0 0.0 0.2 0.2 23.0 7.2 94.1 52.3 12.2 DCRS_-_Nova_Roma_-_Farroupilha_(180_m) -999.9 -999.9 999.9 994.3 995.5 15.1 5.7 481.0 Rio_Grande_do_Sul DCRS -999.9 0.0 0.0
-29.057501 -51.396099 DCRS-00008 2026-07-09_19:10 13.2 -999.9 -999.9 93.2 -999.9 -999.9 12.1 -999.9 -999.9 995.5 -999.9 -999.9 0.0 -999.9 0.0 0.0 0.0 0.0 0.0 0.0 0.2 0.2 23.0 7.2 94.1 52.3 12.2 DCRS_-_Nova_Roma_-_Farroupilha_(180_m) -999.9 -999.9 999.9 994.3 995.5 15.1 5.7 481.0 Rio_Grande_do_Sul DCRS -999.9 0.0 0.0
-29.057501 -51.396099 DCRS-00008 2026-07-09_19:11 13.3 -999.9 -999.9 93.3 -999.9 -999.9 12.2 -999.9 -999.9 995.5 -999.9 -999.9 -999.9 -999.9 0.0 0.0 0.0 0.0 0.0 0.0 0.2 0.2 23.0 7.2 94.1 52.3 12.2 DCRS_-_Nova_Roma_-_Farroupilha_(180_m) -999.9 -999.9 999.9 994.3 995.5 15.1 5.7 481.0 Rio_Grande_do_Sul DCRS -999.9 0.0 0.0
-29.057501 -51.396099 DCRS-00008 2026-07-09_19:12 13.3 -999.9 -999.9 93.6 -999.9 -999.9 12.3 -999.9 -999.9 995.5 -999.9 -999.9 -999.9 -999.9 0.0 0.0 0.0 0.0 0.0 0.0 0.2 0.2 23.0 7.2 94.1 52.3 12.2 DCRS_-_Nova_Roma_-_Farroupilha_(180_m) -999.9 -999.9 999.9 994.3 995.5 15.1 5.7 481.0 Rio_Grande_do_Sul DCRS -999.9 0.0 0.0
-29.057501 -51.396099 DCRS-00008 2026-07-09_19:13 13.3 -999.9 -999.9 93.9 -999.9 -999.9 12.3 -999.9 -999.9 995.5 -999.9 -999.9 -999.9 -999.9 0.0 0.0 0.0 0.0 0.0 0.0 0.2 0.2 23.0 7.2 94.1 52.3 12.2 DCRS_-_Nova_Roma_-_Farroupilha_(180_m) -999.9 -999.9 999.9 994.3 995.5 15.1 5.7 481.0 Rio_Grande_do_Sul DCRS -999.9 0.0 0.0
-29.057501 -51.396099 DCRS-00008 2026-07-09_19:14 13.4 -999.9 -999.9 94.0 -999.9 -999.9 12.4 -999.9 -999.9 995.5 -999.9 -999.9 0.0 -999.9 0.0 0.0 0.0 0.0 0.0 0.0 0.2 0.2 23.0 7.2 94.1 52.3 12.2 DCRS_-_Nova_Roma_-_Farroupilha_(180_m) -999.9 -999.9 999.9 994.3 995.5 15.1 5.7 481.0 Rio_Grande_do_Sul DCRS -999.9 0.0 0.0
-29.057501 -51.396099 DCRS-00008 2026-07-09_19:15 13.3 -999.9 -999.9 94.0 -999.9 -999.9 12.3 -999.9 -999.9 995.5 -999.9 -999.9 0.0 -999.9 2.5 0.0 0.0 0.0 0.0 0.0 0.2 0.2 23.0 7.2 94.1 52.3 12.2 DCRS_-_Nova_Roma_-_Farroupilha_(180_m) -999.9 -999.9 999.9 994.3 995.5 15.1 5.7 481.0 Rio_Grande_do_Sul DCRS -999.9 0.0 0.0
-29.057501 -51.396099 DCRS-00008 2026-07-09_19:16 13.3 -999.9 -999.9 93.9 -999.9 -999.9 12.3 -999.9 -999.9 995.5 -999.9 -999.9 1.9 -999.9 2.5 0.0 0.0 0.0 0.0 0.0 0.2 0.2 23.0 7.2 94.1 52.3 12.2 DCRS_-_Nova_Roma_-_Farroupilha_(180_m) -999.9 -999.9 999.9 994.3 995.5 15.1 5.7 481.0 Rio_Grande_do_Sul DCRS -999.9 0.0 0.0
-29.057501 -51.396099 DCRS-00008 2026-07-09_19:17 13.2 -999.9 -999.9 93.8 -999.9 -999.9 12.2 -999.9 -999.9 995.5 -999.9 -999.9 0.0 -999.9 2.5 0.0 0.0 0.0 0.0 0.0 0.2 0.2 23.0 7.2 94.1 52.3 12.2 DCRS_-_Nova_Roma_-_Farroupilha_(180_m) -999.9 -999.9 999.9 994.3 995.5 15.1 5.7 481.0 Rio_Grande_do_Sul DCRS -999.9 0.0 0.0
-29.057501 -51.396099 DCRS-00008 2026-07-09_19:18 13.2 -999.9 -999.9 93.7 -999.9 -999.9 12.2 -999.9 -999.9 995.4 -999.9 -999.9 0.0 -999.9 2.5 0.0 0.0 0.0 0.0 0.0 0.2 0.2 23.0 7.2 94.1 52.3 12.2 DCRS_-_Nova_Roma_-_Farroupilha_(180_m) -999.9 -999.9 999.9 994.3 995.4 15.1 5.7 481.0 Rio_Grande_do_Sul DCRS -999.9 0.0 0.0
-29.057501 -51.396099 DCRS-00008 2026-07-09_19:19 13.2 -999.9 -999.9 93.6 -999.9 -999.9 12.2 -999.9 -999.9 995.4 -999.9 -999.9 1.8 -999.9 2.5 0.0 0.0 0.0 0.0 0.0 0.2 0.2 23.0 7.2 94.1 52.3 12.2 DCRS_-_Nova_Roma_-_Farroupilha_(180_m) -999.9 -999.9 999.9 994.3 995.4 15.1 5.7 481.0 Rio_Grande_do_Sul DCRS -999.9 0.0 0.0
-29.057501 -51.396099 DCRS-00008 2026-07-09_19:20 13.2 -999.9 -999.9 93.7 -999.9 -999.9 12.2 -999.9 -999.9 995.4 -999.9 -999.9 0.0 -999.9 2.6 0.0 0.0 0.0 0.0 0.0 0.2 0.2 23.0 7.2 94.1 52.3 12.2 DCRS_-_Nova_Roma_-_Farroupilha_(180_m) -999.9 -999.9 999.9 994.3 995.4 15.1 5.7 481.0 Rio_Grande_do_Sul DCRS -999.9 0.0 0.0
-29.057501 -51.396099 DCRS-00008 2026-07-09_19:21 13.2 -999.9 -999.9 93.7 -999.9 -999.9 12.2 -999.9 -999.9 995.4 -999.9 -999.9 2.4 -999.9 2.6 0.0 0.0 0.0 0.0 0.0 0.2 0.2 23.0 7.2 94.1 52.3 12.2 DCRS_-_Nova_Roma_-_Farroupilha_(180_m) -999.9 -999.9 999.9 994.3 995.4 15.1 5.7 481.0 Rio_Grande_do_Sul DCRS -999.9 0.0 0.0
-29.057501 -51.396099 DCRS-00008 2026-07-09_19:22 13.1 -999.9 -999.9 93.6 -999.9 -999.9 12.1 -999.9 -999.9 995.4 -999.9 -999.9 1.8 -999.9 2.6 0.0 0.0 0.0 0.0 0.0 0.2 0.2 23.0 7.2 94.1 52.3 12.2 DCRS_-_Nova_Roma_-_Farroupilha_(180_m) -999.9 -999.9 999.9 994.3 995.4 15.1 5.7 481.0 Rio_Grande_do_Sul DCRS -999.9 0.0 0.0
-29.057501 -51.396099 DCRS-00008 2026-07-09_19:23 13.1 -999.9 -999.9 93.7 -999.9 -999.9 12.1 -999.9 -999.9 995.4 -999.9 -999.9 0.0 -999.9 2.6 0.0 0.0 0.0 0.0 0.0 0.2 0.2 23.0 7.2 94.1 52.3 12.2 DCRS_-_Nova_Roma_-_Farroupilha_(180_m) -999.9 -999.9 999.9 994.3 995.4 15.1 5.7 481.0 Rio_Grande_do_Sul DCRS -999.9 0.0 0.0
-29.057501 -51.396099 DCRS-00008 2026-07-09_19:24 13.1 -999.9 -999.9 93.7 -999.9 -999.9 12.1 -999.9 -999.9 995.4 -999.9 -999.9 0.0 -999.9 2.6 0.0 0.0 0.0 0.0 0.0 0.2 0.2 23.0 7.2 94.1 52.3 12.2 DCRS_-_Nova_Roma_-_Farroupilha_(180_m) -999.9 -999.9 999.9 994.3 995.4 15.1 5.7 481.0 Rio_Grande_do_Sul DCRS -999.9 0.0 0.0
-29.057501 -51.396099 DCRS-00008 2026-07-09_19:25 13.0 -999.9 -999.9 93.8 -999.9 -999.9 12.0 -999.9 -999.9 995.3 -999.9 -999.9 0.0 -999.9 3.2 0.0 0.0 0.0 0.0 0.0 0.2 0.2 23.0 7.2 94.1 52.3 12.2 DCRS_-_Nova_Roma_-_Farroupilha_(180_m) -999.9 -999.9 999.9 994.3 995.3 15.1 5.7 481.0 Rio_Grande_do_Sul DCRS -999.9 0.0 0.0
-29.057501 -51.396099 DCRS-00008 2026-07-09_19:26 13.0 -999.9 -999.9 93.8 -999.9 -999.9 12.0 -999.9 -999.9 995.3 -999.9 -999.9 0.0 -999.9 3.2 0.0 0.0 0.0 0.0 0.0 0.2 0.2 23.0 7.2 94.1 52.3 12.2 DCRS_-_Nova_Roma_-_Farroupilha_(180_m) -999.9 -999.9 999.9 994.3 995.3 15.1 5.7 481.0 Rio_Grande_do_Sul DCRS -999.9 0.0 0.0
-29.057501 -51.396099 DCRS-00008 2026-07-09_19:27 13.0 -999.9 -999.9 93.9 -999.9 -999.9 12.0 -999.9 -999.9 995.3 -999.9 -999.9 0.0 -999.9 3.2 0.0 0.0 0.0 0.0 0.0 0.2 0.2 23.0 7.2 94.1 52.3 12.2 DCRS_-_Nova_Roma_-_Farroupilha_(180_m) -999.9 -999.9 999.9 994.3 995.3 15.1 5.7 481.0 Rio_Grande_do_Sul DCRS -999.9 0.0 0.0
-29.057501 -51.396099 DCRS-00008 2026-07-09_19:28 13.0 -999.9 -999.9 93.9 -999.9 -999.9 12.0 -999.9 -999.9 995.3 -999.9 -999.9 2.6 -999.9 3.2 0.0 0.0 0.0 0.0 0.0 0.2 0.2 23.0 7.2 94.1 52.3 12.2 DCRS_-_Nova_Roma_-_Farroupilha_(180_m) -999.9 -999.9 999.9 994.3 995.3 15.1 5.7 481.0 Rio_Grande_do_Sul DCRS -999.9 0.0 0.0
-29.057501 -51.396099 DCRS-00008 2026-07-09_19:29 13.1 -999.9 -999.9 94.0 -999.9 -999.9 12.1 -999.9 -999.9 995.3 -999.9 -999.9 1.8 -999.9 3.2 0.0 0.0 0.0 0.0 0.0 0.2 0.2 23.0 7.2 94.1 52.3 12.2 DCRS_-_Nova_Roma_-_Farroupilha_(180_m) -999.9 -999.9 999.9 994.3 995.3 15.1 5.7 481.0 Rio_Grande_do_Sul DCRS -999.9 0.0 0.0
-29.057501 -51.396099 DCRS-00008 2026-07-09_19:30 13.1 -999.9 -999.9 94.1 -999.9 -999.9 12.2 -999.9 -999.9 995.3 -999.9 -999.9 0.0 -999.9 3.5 0.0 0.0 0.0 0.0 0.0 0.2 0.2 23.0 7.2 94.1 52.3 12.2 DCRS_-_Nova_Roma_-_Farroupilha_(180_m) -999.9 -999.9 999.9 994.3 995.3 15.1 5.7 481.0 Rio_Grande_do_Sul DCRS -999.9 0.0 0.0
-29.057501 -51.396099 DCRS-00008 2026-07-09_19:31 13.0 -999.9 -999.9 94.1 -999.9 -999.9 12.1 -999.9 -999.9 995.2 -999.9 -999.9 2.0 -999.9 3.5 0.0 0.0 0.0 0.0 0.0 0.2 0.2 23.0 7.2 94.1 52.3 12.2 DCRS_-_Nova_Roma_-_Farroupilha_(180_m) -999.9 -999.9 999.9 994.3 995.2 15.1 5.7 481.0 Rio_Grande_do_Sul DCRS -999.9 0.0 0.0
-29.057501 -51.396099 DCRS-00008 2026-07-09_19:32 13.0 -999.9 -999.9 94.1 -999.9 -999.9 12.1 -999.9 -999.9 995.2 -999.9 -999.9 0.0 -999.9 3.5 0.0 0.0 0.0 0.0 0.0 0.2 0.2 23.0 7.2 94.1 52.3 12.2 DCRS_-_Nova_Roma_-_Farroupilha_(180_m) -999.9 -999.9 999.9 994.3 995.2 15.1 5.7 481.0 Rio_Grande_do_Sul DCRS -999.9 0.0 0.0
-29.057501 -51.396099 DCRS-00008 2026-07-09_19:33 13.0 -999.9 -999.9 94.1 -999.9 -999.9 12.1 -999.9 -999.9 995.2 -999.9 -999.9 3.2 -999.9 3.5 0.0 0.0 0.0 0.0 0.0 0.2 0.2 23.0 7.2 94.1 52.3 12.2 DCRS_-_Nova_Roma_-_Farroupilha_(180_m) -999.9 -999.9 999.9 994.3 995.2 15.1 5.7 481.0 Rio_Grande_do_Sul DCRS -999.9 0.0 0.0
-29.057501 -51.396099 DCRS-00008 2026-07-09_19:34 13.0 -999.9 -999.9 94.2 -999.9 -999.9 12.1 -999.9 -999.9 995.2 -999.9 -999.9 3.0 -999.9 3.5 0.0 0.0 0.0 0.0 0.0 0.2 0.2 23.0 7.2 94.2 52.3 12.2 DCRS_-_Nova_Roma_-_Farroupilha_(180_m) -999.9 -999.9 999.9 994.3 995.2 15.1 5.7 481.0 Rio_Grande_do_Sul DCRS -999.9 0.0 0.0
-29.057501 -51.396099 DCRS-00008 2026-07-09_19:35 12.9 -999.9 -999.9 94.1 -999.9 -999.9 12.0 -999.9 -999.9 995.2 -999.9 -999.9 2.0 -999.9 5.5 0.0 0.0 0.0 0.0 0.0 0.2 0.2 23.0 7.2 94.2 52.3 12.2 DCRS_-_Nova_Roma_-_Farroupilha_(180_m) -999.9 -999.9 999.9 994.3 995.2 15.1 5.7 481.0 Rio_Grande_do_Sul DCRS -999.9 0.0 0.0
-29.057501 -51.396099 DCRS-00008 2026-07-09_19:36 12.9 -999.9 -999.9 94.3 -999.9 -999.9 12.0 -999.9 -999.9 995.2 -999.9 -999.9 1.8 -999.9 5.5 0.0 0.0 0.0 0.0 0.0 0.2 0.2 23.0 7.2 94.3 52.3 12.2 DCRS_-_Nova_Roma_-_Farroupilha_(180_m) -999.9 -999.9 999.9 994.3 995.2 15.1 5.7 481.0 Rio_Grande_do_Sul DCRS -999.9 0.0 0.0
-29.057501 -51.396099 DCRS-00008 2026-07-09_19:37 12.9 -999.9 -999.9 94.3 -999.9 -999.9 12.0 -999.9 -999.9 995.2 -999.9 -999.9 2.3 -999.9 5.5 0.0 0.0 0.0 0.0 0.0 0.2 0.2 23.0 7.2 94.3 52.3 12.2 DCRS_-_Nova_Roma_-_Farroupilha_(180_m) -999.9 -999.9 999.9 994.3 995.2 15.1 5.7 481.0 Rio_Grande_do_Sul DCRS -999.9 0.0 0.0
-29.057501 -51.396099 DCRS-00008 2026-07-09_19:38 12.9 -999.9 -999.9 94.3 -999.9 -999.9 12.0 -999.9 -999.9 995.2 -999.9 -999.9 2.6 -999.9 5.5 0.0 0.0 0.0 0.0 0.0 0.2 0.2 23.0 7.2 94.3 52.3 12.2 DCRS_-_Nova_Roma_-_Farroupilha_(180_m) -999.9 -999.9 999.9 994.3 995.2 15.1 5.7 481.0 Rio_Grande_do_Sul DCRS -999.9 0.0 0.0
-29.057501 -51.396099 DCRS-00008 2026-07-09_19:39 12.9 -999.9 -999.9 94.4 -999.9 -999.9 12.0 -999.9 -999.9 995.2 -999.9 -999.9 3.5 -999.9 5.5 0.0 0.0 0.0 0.0 0.0 0.2 0.2 23.0 7.2 94.4 52.3 12.2 DCRS_-_Nova_Roma_-_Farroupilha_(180_m) -999.9 -999.9 999.9 994.3 995.2 15.1 5.7 481.0 Rio_Grande_do_Sul DCRS -999.9 0.0 0.0
-29.057501 -51.396099 DCRS-00008 2026-07-09_19:40 12.9 -999.9 -999.9 94.4 -999.9 -999.9 12.0 -999.9 -999.9 995.1 -999.9 -999.9 1.8 -999.9 4.3 0.0 0.0 0.0 0.0 0.0 0.2 0.2 23.0 7.2 94.4 52.3 12.2 DCRS_-_Nova_Roma_-_Farroupilha_(180_m) -999.9 -999.9 999.9 994.3 995.1 15.1 5.7 481.0 Rio_Grande_do_Sul DCRS -999.9 0.0 0.0
-29.057501 -51.396099 DCRS-00008 2026-07-09_19:41 12.9 -999.9 -999.9 94.5 -999.9 -999.9 12.0 -999.9 -999.9 995.1 -999.9 -999.9 2.1 -999.9 4.3 0.0 0.0 0.0 0.0 0.0 0.2 0.2 23.0 7.2 94.5 52.3 12.2 DCRS_-_Nova_Roma_-_Farroupilha_(180_m) -999.9 -999.9 999.9 994.3 995.1 15.1 5.7 481.0 Rio_Grande_do_Sul DCRS -999.9 0.0 0.0
-29.057501 -51.396099 DCRS-00008 2026-07-09_19:42 12.9 -999.9 -999.9 94.6 -999.9 -999.9 12.0 -999.9 -999.9 995.1 -999.9 -999.9 2.5 -999.9 4.3 0.0 0.0 0.0 0.0 0.0 0.2 0.2 23.0 7.2 94.6 52.3 12.2 DCRS_-_Nova_Roma_-_Farroupilha_(180_m) -999.9 -999.9 999.9 994.3 995.1 15.1 5.7 481.0 Rio_Grande_do_Sul DCRS -999.9 0.0 0.0
-29.057501 -51.396099 DCRS-00008 2026-07-09_19:43 12.9 -999.9 -999.9 94.6 -999.9 -999.9 12.0 -999.9 -999.9 995.1 -999.9 -999.9 3.5 -999.9 4.3 0.0 0.0 0.0 0.0 0.0 0.2 0.2 23.0 7.2 94.6 52.3 12.2 DCRS_-_Nova_Roma_-_Farroupilha_(180_m) -999.9 -999.9 999.9 994.3 995.1 15.1 5.7 481.0 Rio_Grande_do_Sul DCRS -999.9 0.0 0.0
-29.057501 -51.396099 DCRS-00008 2026-07-09_19:44 12.9 -999.9 -999.9 94.7 -999.9 -999.9 12.1 -999.9 -999.9 995.1 -999.9 -999.9 0.0 -999.9 4.3 0.0 0.0 0.0 0.0 0.0 0.2 0.2 23.0 7.2 94.7 52.3 12.2 DCRS_-_Nova_Roma_-_Farroupilha_(180_m) -999.9 -999.9 999.9 994.3 995.1 15.1 5.7 481.0 Rio_Grande_do_Sul DCRS -999.9 0.0 0.0
-29.057501 -51.396099 DCRS-00008 2026-07-09_19:45 12.9 -999.9 -999.9 94.6 -999.9 -999.9 12.0 -999.9 -999.9 995.1 -999.9 -999.9 0.0 -999.9 3.7 0.0 0.0 0.0 0.0 0.0 0.2 0.2 23.0 7.2 94.7 52.3 12.2 DCRS_-_Nova_Roma_-_Farroupilha_(180_m) -999.9 -999.9 999.9 994.3 995.1 15.1 5.7 481.0 Rio_Grande_do_Sul DCRS -999.9 0.0 0.0
-29.057501 -51.396099 DCRS-00008 2026-07-09_19:46 12.9 -999.9 -999.9 94.6 -999.9 -999.9 12.0 -999.9 -999.9 995.1 -999.9 -999.9 0.0 -999.9 3.7 0.0 0.0 0.0 0.0 0.0 0.2 0.2 23.0 7.2 94.7 52.3 12.2 DCRS_-_Nova_Roma_-_Farroupilha_(180_m) -999.9 -999.9 999.9 994.3 995.1 15.1 5.7 481.0 Rio_Grande_do_Sul DCRS -999.9 0.0 0.0
-29.057501 -51.396099 DCRS-00008 2026-07-09_19:47 12.9 -999.9 -999.9 94.7 -999.9 -999.9 12.1 -999.9 -999.9 995.1 -999.9 -999.9 0.0 -999.9 3.7 0.0 0.0 0.0 0.0 0.0 0.2 0.2 23.0 7.2 94.7 52.3 12.2 DCRS_-_Nova_Roma_-_Farroupilha_(180_m) -999.9 -999.9 999.9 994.3 995.1 15.1 5.7 481.0 Rio_Grande_do_Sul DCRS -999.9 0.0 0.0
-29.057501 -51.396099 DCRS-00008 2026-07-09_19:48 12.9 -999.9 -999.9 94.6 -999.9 -999.9 12.0 -999.9 -999.9 995.1 -999.9 -999.9 0.0 -999.9 3.7 0.0 0.0 0.0 0.0 0.0 0.2 0.2 23.0 7.2 94.7 52.3 12.2 DCRS_-_Nova_Roma_-_Farroupilha_(180_m) -999.9 -999.9 999.9 994.3 995.1 15.1 5.7 481.0 Rio_Grande_do_Sul DCRS -999.9 0.0 0.0
-29.057501 -51.396099 DCRS-00008 2026-07-09_19:49 12.9 -999.9 -999.9 94.6 -999.9 -999.9 12.0 -999.9 -999.9 995.1 -999.9 -999.9 0.0 -999.9 3.7 0.0 0.0 0.0 0.0 0.0 0.2 0.2 23.0 7.2 94.7 52.3 12.2 DCRS_-_Nova_Roma_-_Farroupilha_(180_m) -999.9 -999.9 999.9 994.3 995.1 15.1 5.7 481.0 Rio_Grande_do_Sul DCRS -999.9 0.0 0.0
-29.057501 -51.396099 DCRS-00008 2026-07-09_19:50 12.9 -999.9 -999.9 94.6 -999.9 -999.9 12.0 -999.9 -999.9 995.1 -999.9 -999.9 2.5 -999.9 3.2 0.0 0.0 0.0 0.0 0.0 0.2 0.2 23.0 7.2 94.7 52.3 12.2 DCRS_-_Nova_Roma_-_Farroupilha_(180_m) -999.9 -999.9 999.9 994.3 995.1 15.1 5.7 481.0 Rio_Grande_do_Sul DCRS -999.9 0.0 0.0
-29.057501 -51.396099 DCRS-00008 2026-07-09_19:51 12.8 -999.9 -999.9 94.6 -999.9 -999.9 11.9 -999.9 -999.9 995.1 -999.9 -999.9 3.0 -999.9 3.2 0.0 0.0 0.0 0.0 0.0 0.2 0.2 23.0 7.2 94.7 52.3 12.2 DCRS_-_Nova_Roma_-_Farroupilha_(180_m) -999.9 -999.9 999.9 994.3 995.1 15.1 5.7 481.0 Rio_Grande_do_Sul DCRS -999.9 0.0 0.0
-29.057501 -51.396099 DCRS-00008 2026-07-09_19:52 12.9 -999.9 -999.9 94.7 -999.9 -999.9 12.1 -999.9 -999.9 995.1 -999.9 -999.9 0.0 -999.9 3.2 0.0 0.0 0.0 0.0 0.0 0.2 0.2 23.0 7.2 94.7 52.3 12.2 DCRS_-_Nova_Roma_-_Farroupilha_(180_m) -999.9 -999.9 999.9 994.3 995.1 15.1 5.7 481.0 Rio_Grande_do_Sul DCRS -999.9 0.0 0.0
-29.057501 -51.396099 DCRS-00008 2026-07-09_19:53 12.8 -999.9 -999.9 94.7 -999.9 -999.9 12.0 -999.9 -999.9 995.1 -999.9 -999.9 2.3 -999.9 3.2 0.0 0.0 0.0 0.0 0.0 0.2 0.2 23.0 7.2 94.7 52.3 12.2 DCRS_-_Nova_Roma_-_Farroupilha_(180_m) -999.9 -999.9 999.9 994.3 995.1 15.1 5.7 481.0 Rio_Grande_do_Sul DCRS -999.9 0.0 0.0
-29.057501 -51.396099 DCRS-00008 2026-07-09_19:54 12.9 -999.9 -999.9 94.7 -999.9 -999.9 12.1 -999.9 -999.9 995.1 -999.9 -999.9 2.6 -999.9 3.2 0.0 0.0 0.0 0.0 0.0 0.2 0.2 23.0 7.2 94.7 52.3 12.2 DCRS_-_Nova_Roma_-_Farroupilha_(180_m) -999.9 -999.9 999.9 994.3 995.1 15.1 5.7 481.0 Rio_Grande_do_Sul DCRS -999.9 0.0 0.0
-29.057501 -51.396099 DCRS-00008 2026-07-09_19:55 12.8 -999.9 -999.9 94.7 -999.9 -999.9 12.0 -999.9 -999.9 995.1 -999.9 -999.9 2.6 -999.9 3.3 0.0 0.0 0.0 0.0 0.0 0.2 0.2 23.0 7.2 94.7 52.3 12.2 DCRS_-_Nova_Roma_-_Farroupilha_(180_m) -999.9 -999.9 999.9 994.3 995.1 15.1 5.7 481.0 Rio_Grande_do_Sul DCRS -999.9 0.0 0.0
-29.057501 -51.396099 DCRS-00008 2026-07-09_19:56 12.9 -999.9 -999.9 94.7 -999.9 -999.9 12.1 -999.9 -999.9 995.1 -999.9 -999.9 0.0 -999.9 3.3 0.0 0.0 0.0 0.0 0.0 0.2 0.2 23.0 7.2 94.7 52.3 12.2 DCRS_-_Nova_Roma_-_Farroupilha_(180_m) -999.9 -999.9 999.9 994.3 995.1 15.1 5.7 481.0 Rio_Grande_do_Sul DCRS -999.9 0.0 0.0
-29.057501 -51.396099 DCRS-00008 2026-07-09_19:57 12.8 -999.9 -999.9 94.7 -999.9 -999.9 12.0 -999.9 -999.9 995.1 -999.9 -999.9 -999.9 -999.9 3.3 0.0 0.0 0.0 0.0 0.0 0.2 0.2 23.0 7.2 94.7 52.3 12.2 DCRS_-_Nova_Roma_-_Farroupilha_(180_m) -999.9 -999.9 999.9 994.3 995.1 15.1 5.7 481.0 Rio_Grande_do_Sul DCRS -999.9 0.0 0.0
-29.057501 -51.396099 DCRS-00008 2026-07-09_19:58 12.8 -999.9 -999.9 94.7 -999.9 -999.9 12.0 -999.9 -999.9 995.1 -999.9 -999.9 0.0 -999.9 3.3 0.0 0.0 0.0 0.0 0.0 0.2 0.2 23.0 7.2 94.7 52.3 12.2 DCRS_-_Nova_Roma_-_Farroupilha_(180_m) -999.9 -999.9 999.9 994.3 995.1 15.1 5.7 481.0 Rio_Grande_do_Sul DCRS -999.9 0.0 0.0
-29.057501 -51.396099 DCRS-00008 2026-07-09_19:59 12.8 -999.9 -999.9 94.8 -999.9 -999.9 12.0 -999.9 -999.9 995.1 -999.9 -999.9 0.0 -999.9 3.3 0.0 0.0 0.0 0.0 0.0 0.2 0.2 23.0 7.2 94.8 52.3 12.2 DCRS_-_Nova_Roma_-_Farroupilha_(180_m) -999.9 -999.9 999.9 994.3 995.1 15.1 5.7 481.0 Rio_Grande_do_Sul DCRS -999.9 0.0 0.0
-29.057501 -51.396099 DCRS-00008 2026-07-09_20:00 12.8 -999.9 -999.9 94.7 -999.9 -999.9 12.0 -999.9 -999.9 995.1 -999.9 -999.9 1.8 -999.9 3.7 0.0 0.0 0.0 0.0 0.0 0.2 0.2 23.0 7.2 94.8 52.3 12.2 DCRS_-_Nova_Roma_-_Farroupilha_(180_m) -999.9 -999.9 999.9 994.3 995.1 15.1 5.7 481.0 Rio_Grande_do_Sul DCRS -999.9 0.0 0.0
-29.057501 -51.396099 DCRS-00008 2026-07-09_20:01 12.8 -999.9 -999.9 94.7 -999.9 -999.9 12.0 -999.9 -999.9 995.2 -999.9 -999.9 2.5 -999.9 3.7 0.0 0.0 0.0 0.0 0.0 0.2 0.2 23.0 7.2 94.8 52.3 12.2 DCRS_-_Nova_Roma_-_Farroupilha_(180_m) -999.9 -999.9 999.9 994.3 995.2 15.1 5.7 481.0 Rio_Grande_do_Sul DCRS -999.9 0.0 0.0
-29.057501 -51.396099 DCRS-00008 2026-07-09_20:02 12.9 -999.9 -999.9 94.7 -999.9 -999.9 12.1 -999.9 -999.9 995.2 -999.9 -999.9 0.0 -999.9 3.7 0.0 0.0 0.0 0.0 0.0 0.2 0.2 23.0 7.2 94.8 52.3 12.2 DCRS_-_Nova_Roma_-_Farroupilha_(180_m) -999.9 -999.9 999.9 994.3 995.2 15.1 5.7 481.0 Rio_Grande_do_Sul DCRS -999.9 0.0 0.0
-29.057501 -51.396099 DCRS-00008 2026-07-09_20:03 12.8 -999.9 -999.9 94.8 -999.9 -999.9 12.0 -999.9 -999.9 995.2 -999.9 -999.9 0.0 -999.9 3.7 0.0 0.0 0.0 0.0 0.0 0.2 0.2 23.0 7.2 94.8 52.3 12.2 DCRS_-_Nova_Roma_-_Farroupilha_(180_m) -999.9 -999.9 999.9 994.3 995.2 15.1 5.7 481.0 Rio_Grande_do_Sul DCRS -999.9 0.0 0.0
-29.057501 -51.396099 DCRS-00008 2026-07-09_20:04 12.8 -999.9 -999.9 94.8 -999.9 -999.9 12.0 -999.9 -999.9 995.2 -999.9 -999.9 0.0 -999.9 3.7 0.0 0.0 0.0 0.0 0.0 0.2 0.2 23.0 7.2 94.8 52.3 12.2 DCRS_-_Nova_Roma_-_Farroupilha_(180_m) -999.9 -999.9 999.9 994.3 995.2 15.1 5.7 481.0 Rio_Grande_do_Sul DCRS -999.9 0.0 0.0
-29.057501 -51.396099 DCRS-00008 2026-07-09_20:05 12.9 -999.9 -999.9 94.8 -999.9 -999.9 12.1 -999.9 -999.9 995.2 -999.9 -999.9 2.2 -999.9 2.9 0.0 0.0 0.0 0.0 0.0 0.2 0.2 23.0 7.2 94.8 52.3 12.2 DCRS_-_Nova_Roma_-_Farroupilha_(180_m) -999.9 -999.9 999.9 994.3 995.2 15.1 5.7 481.0 Rio_Grande_do_Sul DCRS -999.9 0.0 0.0
-29.057501 -51.396099 DCRS-00008 2026-07-09_20:06 12.8 -999.9 -999.9 94.8 -999.9 -999.9 12.0 -999.9 -999.9 995.2 -999.9 -999.9 0.0 -999.9 2.9 0.0 0.0 0.0 0.0 0.0 0.2 0.2 23.0 7.2 94.8 52.3 12.2 DCRS_-_Nova_Roma_-_Farroupilha_(180_m) -999.9 -999.9 999.9 994.3 995.2 15.1 5.7 481.0 Rio_Grande_do_Sul DCRS -999.9 0.0 0.0
-29.057501 -51.396099 DCRS-00008 2026-07-09_20:07 12.9 -999.9 -999.9 94.8 -999.9 -999.9 12.1 -999.9 -999.9 995.2 -999.9 -999.9 1.8 -999.9 2.9 0.0 0.0 0.0 0.0 0.0 0.2 0.2 23.0 7.2 94.8 52.3 12.2 DCRS_-_Nova_Roma_-_Farroupilha_(180_m) -999.9 -999.9 999.9 994.3 995.2 15.1 5.7 481.0 Rio_Grande_do_Sul DCRS -999.9 0.0 0.0
-29.057501 -51.396099 DCRS-00008 2026-07-09_20:08 12.9 -999.9 -999.9 94.8 -999.9 -999.9 12.1 -999.9 -999.9 995.2 -999.9 -999.9 0.0 -999.9 2.9 0.0 0.0 0.0 0.0 0.0 0.2 0.2 23.0 7.2 94.8 52.3 12.2 DCRS_-_Nova_Roma_-_Farroupilha_(180_m) -999.9 -999.9 999.9 994.3 995.2 15.1 5.7 481.0 Rio_Grande_do_Sul DCRS -999.9 0.0 0.0
-29.057501 -51.396099 DCRS-00008 2026-07-09_20:09 12.8 -999.9 -999.9 94.9 -999.9 -999.9 12.0 -999.9 -999.9 995.2 -999.9 -999.9 2.5 -999.9 2.9 0.0 0.0 0.0 0.0 0.0 0.2 0.2 23.0 7.2 94.9 52.3 12.2 DCRS_-_Nova_Roma_-_Farroupilha_(180_m) -999.9 -999.9 999.9 994.3 995.2 15.1 5.7 481.0 Rio_Grande_do_Sul DCRS -999.9 0.0 0.0
-29.057501 -51.396099 DCRS-00008 2026-07-09_20:10 12.8 -999.9 -999.9 94.8 -999.9 -999.9 12.0 -999.9 -999.9 995.2 -999.9 -999.9 0.0 -999.9 2.7 0.0 0.0 0.0 0.0 0.0 0.2 0.2 23.0 7.2 94.9 52.3 12.2 DCRS_-_Nova_Roma_-_Farroupilha_(180_m) -999.9 -999.9 999.9 994.3 995.2 15.1 5.7 481.0 Rio_Grande_do_Sul DCRS -999.9 0.0 0.0
-29.057501 -51.396099 DCRS-00008 2026-07-09_20:11 12.8 -999.9 -999.9 94.8 -999.9 -999.9 12.0 -999.9 -999.9 995.2 -999.9 -999.9 -999.9 -999.9 2.7 0.0 0.0 0.0 0.0 0.0 0.2 0.2 23.0 7.2 94.9 52.3 12.2 DCRS_-_Nova_Roma_-_Farroupilha_(180_m) -999.9 -999.9 999.9 994.3 995.2 15.1 5.7 481.0 Rio_Grande_do_Sul DCRS -999.9 0.0 0.0
-29.057501 -51.396099 DCRS-00008 2026-07-09_20:12 12.8 -999.9 -999.9 94.7 -999.9 -999.9 12.0 -999.9 -999.9 995.2 -999.9 -999.9 -999.9 -999.9 2.7 0.0 0.0 0.0 0.0 0.0 0.2 0.2 23.0 7.2 94.9 52.3 12.2 DCRS_-_Nova_Roma_-_Farroupilha_(180_m) -999.9 -999.9 999.9 994.3 995.2 15.1 5.7 481.0 Rio_Grande_do_Sul DCRS -999.9 0.0 0.0
-29.057501 -51.396099 DCRS-00008 2026-07-09_20:13 12.8 -999.9 -999.9 94.8 -999.9 -999.9 12.0 -999.9 -999.9 995.2 -999.9 -999.9 2.0 -999.9 2.7 0.0 0.0 0.0 0.0 0.0 0.2 0.2 23.0 7.2 94.9 52.3 12.2 DCRS_-_Nova_Roma_-_Farroupilha_(180_m) -999.9 -999.9 999.9 994.3 995.2 15.1 5.7 481.0 Rio_Grande_do_Sul DCRS -999.9 0.0 0.0
-29.057501 -51.396099 DCRS-00008 2026-07-09_20:14 12.8 -999.9 -999.9 94.7 -999.9 -999.9 12.0 -999.9 -999.9 995.3 -999.9 -999.9 0.0 -999.9 2.7 0.0 0.0 0.0 0.0 0.0 0.2 0.2 23.0 7.2 94.9 52.3 12.2 DCRS_-_Nova_Roma_-_Farroupilha_(180_m) -999.9 -999.9 999.9 994.3 995.3 15.1 5.7 481.0 Rio_Grande_do_Sul DCRS -999.9 0.0 0.0
-29.057501 -51.396099 DCRS-00008 2026-07-09_20:15 12.8 -999.9 -999.9 94.7 -999.9 -999.9 12.0 -999.9 -999.9 995.3 -999.9 -999.9 3.2 -999.9 3.7 0.0 0.0 0.0 0.0 0.0 0.2 0.2 23.0 7.2 94.9 52.3 12.2 DCRS_-_Nova_Roma_-_Farroupilha_(180_m) -999.9 -999.9 999.9 994.3 995.3 15.1 5.7 481.0 Rio_Grande_do_Sul DCRS -999.9 0.0 0.0
-29.057501 -51.396099 DCRS-00008 2026-07-09_20:16 12.7 -999.9 -999.9 94.7 -999.9 -999.9 11.9 -999.9 -999.9 995.3 -999.9 -999.9 1.9 -999.9 3.7 0.0 0.0 0.0 0.0 0.0 0.2 0.2 23.0 7.2 94.9 52.3 12.2 DCRS_-_Nova_Roma_-_Farroupilha_(180_m) -999.9 -999.9 999.9 994.3 995.3 15.1 5.7 481.0 Rio_Grande_do_Sul DCRS -999.9 0.0 0.0
-29.057501 -51.396099 DCRS-00008 2026-07-09_20:17 12.8 -999.9 -999.9 94.7 -999.9 -999.9 12.0 -999.9 -999.9 995.4 -999.9 -999.9 2.0 -999.9 3.7 0.0 0.0 0.0 0.0 0.0 0.2 0.2 23.0 7.2 94.9 52.3 12.2 DCRS_-_Nova_Roma_-_Farroupilha_(180_m) -999.9 -999.9 999.9 994.3 995.4 15.1 5.7 481.0 Rio_Grande_do_Sul DCRS -999.9 0.0 0.0
-29.057501 -51.396099 DCRS-00008 2026-07-09_20:18 12.8 -999.9 -999.9 94.7 -999.9 -999.9 -999.9 -999.9 -999.9 995.4 -999.9 -999.9 2.7 -999.9 3.7 0.0 0.0 0.0 0.0 0.0 0.2 0.2 23.0 7.2 94.9 52.3 12.2 DCRS_-_Nova_Roma_-_Farroupilha_(180_m) -999.9 -999.9 999.9 994.3 995.4 15.1 5.7 481.0 Rio_Grande_do_Sul DCRS -999.9 0.0 0.0
-29.057501 -51.396099 DCRS-00008 2026-07-09_20:19 12.8 -999.9 -999.9 94.8 -999.9 -999.9 12.0 -999.9 -999.9 995.4 -999.9 -999.9 0.0 -999.9 3.7 0.0 0.0 0.0 0.0 0.0 0.2 0.2 23.0 7.2 94.9 52.3 12.2 DCRS_-_Nova_Roma_-_Farroupilha_(180_m) -999.9 -999.9 999.9 994.3 995.4 15.1 5.7 481.0 Rio_Grande_do_Sul DCRS -999.9 0.0 0.0
-29.057501 -51.396099 DCRS-00008 2026-07-09_20:20 12.7 -999.9 -999.9 94.8 -999.9 -999.9 11.9 -999.9 -999.9 995.4 -999.9 -999.9 3.0 -999.9 3.3 0.0 0.0 0.0 0.0 0.0 0.2 0.2 23.0 7.2 94.9 52.3 12.2 DCRS_-_Nova_Roma_-_Farroupilha_(180_m) -999.9 -999.9 999.9 994.3 995.4 15.1 5.7 481.0 Rio_Grande_do_Sul DCRS -999.9 0.0 0.0
-29.057501 -51.396099 DCRS-00008 2026-07-09_20:21 12.7 -999.9 -999.9 94.7 -999.9 -999.9 11.9 -999.9 -999.9 995.4 -999.9 -999.9 2.2 -999.9 3.3 0.0 0.0 0.0 0.0 0.0 0.2 0.2 23.0 7.2 94.9 52.3 12.2 DCRS_-_Nova_Roma_-_Farroupilha_(180_m) -999.9 -999.9 999.9 994.3 995.4 15.1 5.7 481.0 Rio_Grande_do_Sul DCRS -999.9 0.0 0.0
-29.057501 -51.396099 DCRS-00008 2026-07-09_20:22 12.8 -999.9 -999.9 94.7 -999.9 -999.9 12.0 -999.9 -999.9 995.4 -999.9 -999.9 0.0 -999.9 3.3 0.0 0.0 0.0 0.0 0.0 0.2 0.2 23.0 7.2 94.9 52.3 12.2 DCRS_-_Nova_Roma_-_Farroupilha_(180_m) -999.9 -999.9 999.9 994.3 995.4 15.1 5.7 481.0 Rio_Grande_do_Sul DCRS -999.9 0.0 0.0
-29.057501 -51.396099 DCRS-00008 2026-07-09_20:23 12.7 -999.9 -999.9 94.6 -999.9 -999.9 11.8 -999.9 -999.9 995.4 -999.9 -999.9 0.0 -999.9 3.3 0.0 0.0 0.0 0.0 0.0 0.2 0.2 23.0 7.2 94.9 52.3 12.2 DCRS_-_Nova_Roma_-_Farroupilha_(180_m) -999.9 -999.9 999.9 994.3 995.4 15.1 5.7 481.0 Rio_Grande_do_Sul DCRS -999.9 0.0 0.0
-29.057501 -51.396099 DCRS-00008 2026-07-09_20:24 12.7 -999.9 -999.9 94.6 -999.9 -999.9 11.8 -999.9 -999.9 995.4 -999.9 -999.9 0.0 -999.9 3.3 0.0 0.0 0.0 0.0 0.0 0.2 0.2 23.0 7.2 94.9 52.3 12.2 DCRS_-_Nova_Roma_-_Farroupilha_(180_m) -999.9 -999.9 999.9 994.3 995.4 15.1 5.7 481.0 Rio_Grande_do_Sul DCRS -999.9 0.0 0.0
-29.057501 -51.396099 DCRS-00008 2026-07-09_20:25 12.7 -999.9 -999.9 94.6 -999.9 -999.9 11.8 -999.9 -999.9 995.4 -999.9 -999.9 0.0 -999.9 3.1 0.0 0.0 0.0 0.0 0.0 0.2 0.2 23.0 7.2 94.9 52.3 12.2 DCRS_-_Nova_Roma_-_Farroupilha_(180_m) -999.9 -999.9 999.9 994.3 995.4 15.1 5.7 481.0 Rio_Grande_do_Sul DCRS -999.9 0.0 0.0
-29.057501 -51.396099 DCRS-00008 2026-07-09_20:26 12.7 -999.9 -999.9 94.7 -999.9 -999.9 11.9 -999.9 -999.9 995.4 -999.9 -999.9 0.0 -999.9 3.1 0.0 0.0 0.0 0.0 0.0 0.2 0.2 23.0 7.2 94.9 52.3 12.2 DCRS_-_Nova_Roma_-_Farroupilha_(180_m) -999.9 -999.9 999.9 994.3 995.4 15.1 5.7 481.0 Rio_Grande_do_Sul DCRS -999.9 0.0 0.0
-29.057501 -51.396099 DCRS-00008 2026-07-09_20:27 12.7 -999.9 -999.9 94.7 -999.9 -999.9 11.9 -999.9 -999.9 995.4 -999.9 -999.9 0.0 -999.9 3.1 0.0 0.0 0.0 0.0 0.0 0.2 0.2 23.0 7.2 94.9 52.3 12.2 DCRS_-_Nova_Roma_-_Farroupilha_(180_m) -999.9 -999.9 999.9 994.3 995.4 15.1 5.7 481.0 Rio_Grande_do_Sul DCRS -999.9 0.0 0.0
-29.057501 -51.396099 DCRS-00008 2026-07-09_20:28 12.7 -999.9 -999.9 94.7 -999.9 -999.9 11.9 -999.9 -999.9 995.4 -999.9 -999.9 0.0 -999.9 3.1 0.0 0.0 0.0 0.0 0.0 0.2 0.2 23.0 7.2 94.9 52.3 12.2 DCRS_-_Nova_Roma_-_Farroupilha_(180_m) -999.9 -999.9 999.9 994.3 995.4 15.1 5.7 481.0 Rio_Grande_do_Sul DCRS -999.9 0.0 0.0
-29.057501 -51.396099 DCRS-00008 2026-07-09_20:29 12.7 -999.9 -999.9 94.6 -999.9 -999.9 11.8 -999.9 -999.9 995.4 -999.9 -999.9 1.8 -999.9 3.1 0.0 0.0 0.0 0.0 0.0 0.2 0.2 23.0 7.2 94.9 52.3 12.2 DCRS_-_Nova_Roma_-_Farroupilha_(180_m) -999.9 -999.9 999.9 994.3 995.4 15.1 5.7 481.0 Rio_Grande_do_Sul DCRS -999.9 0.0 0.0
-29.057501 -51.396099 DCRS-00008 2026-07-09_20:30 12.7 -999.9 -999.9 94.6 -999.9 -999.9 11.8 -999.9 -999.9 995.5 -999.9 -999.9 0.0 -999.9 2.1 0.0 0.0 0.0 0.0 0.0 0.2 0.2 23.0 7.2 94.9 52.3 12.2 DCRS_-_Nova_Roma_-_Farroupilha_(180_m) -999.9 -999.9 999.9 994.3 995.5 15.1 5.7 481.0 Rio_Grande_do_Sul DCRS -999.9 0.0 0.0
-29.057501 -51.396099 DCRS-00008 2026-07-09_20:31 12.7 -999.9 -999.9 94.6 -999.9 -999.9 11.8 -999.9 -999.9 995.5 -999.9 -999.9 0.0 -999.9 2.1 0.0 0.0 0.0 0.0 0.0 0.2 0.2 23.0 7.2 94.9 52.3 12.2 DCRS_-_Nova_Roma_-_Farroupilha_(180_m) -999.9 -999.9 999.9 994.3 995.5 15.1 5.7 481.0 Rio_Grande_do_Sul DCRS -999.9 0.0 0.0
-29.057501 -51.396099 DCRS-00008 2026-07-09_20:32 12.6 -999.9 -999.9 94.5 -999.9 -999.9 11.7 -999.9 -999.9 995.5 -999.9 -999.9 0.0 -999.9 2.1 0.0 0.0 0.0 0.0 0.0 0.2 0.2 23.0 7.2 94.9 52.3 12.2 DCRS_-_Nova_Roma_-_Farroupilha_(180_m) -999.9 -999.9 999.9 994.3 995.5 15.1 5.7 481.0 Rio_Grande_do_Sul DCRS -999.9 0.0 0.0
-29.057501 -51.396099 DCRS-00008 2026-07-09_20:33 12.6 -999.9 -999.9 94.5 -999.9 -999.9 11.7 -999.9 -999.9 995.5 -999.9 -999.9 2.1 -999.9 2.1 0.0 0.0 0.0 0.0 0.0 0.2 0.2 23.0 7.2 94.9 52.3 12.2 DCRS_-_Nova_Roma_-_Farroupilha_(180_m) -999.9 -999.9 999.9 994.3 995.5 15.1 5.7 481.0 Rio_Grande_do_Sul DCRS -999.9 0.0 0.0
-29.057501 -51.396099 DCRS-00008 2026-07-09_20:34 12.6 -999.9 -999.9 94.6 -999.9 -999.9 11.7 -999.9 -999.9 995.5 -999.9 -999.9 2.0 -999.9 2.1 0.0 0.0 0.0 0.0 0.0 0.2 0.2 23.0 7.2 94.9 52.3 12.2 DCRS_-_Nova_Roma_-_Farroupilha_(180_m) -999.9 -999.9 999.9 994.3 995.5 15.1 5.7 481.0 Rio_Grande_do_Sul DCRS -999.9 0.0 0.0
-29.057501 -51.396099 DCRS-00008 2026-07-09_20:35 12.6 -999.9 -999.9 94.6 -999.9 -999.9 11.7 -999.9 -999.9 995.5 -999.9 -999.9 0.0 -999.9 2.7 0.0 0.0 0.0 0.0 0.0 0.2 0.2 23.0 7.2 94.9 52.3 12.2 DCRS_-_Nova_Roma_-_Farroupilha_(180_m) -999.9 -999.9 999.9 994.3 995.5 15.1 5.7 481.0 Rio_Grande_do_Sul DCRS -999.9 0.0 0.0
-29.057501 -51.396099 DCRS-00008 2026-07-09_20:36 12.6 -999.9 -999.9 94.6 -999.9 -999.9 11.7 -999.9 -999.9 995.5 -999.9 -999.9 0.0 -999.9 2.7 0.0 0.0 0.0 0.0 0.0 0.2 0.2 23.0 7.2 94.9 52.3 12.2 DCRS_-_Nova_Roma_-_Farroupilha_(180_m) -999.9 -999.9 999.9 994.3 995.5 15.1 5.7 481.0 Rio_Grande_do_Sul DCRS -999.9 0.0 0.0
-29.057501 -51.396099 DCRS-00008 2026-07-09_20:37 12.6 -999.9 -999.9 94.7 -999.9 -999.9 11.8 -999.9 -999.9 995.5 -999.9 -999.9 0.0 -999.9 2.7 0.0 0.0 0.0 0.0 0.0 0.2 0.2 23.0 7.2 94.9 52.3 12.2 DCRS_-_Nova_Roma_-_Farroupilha_(180_m) -999.9 -999.9 999.9 994.3 995.5 15.1 5.7 481.0 Rio_Grande_do_Sul DCRS -999.9 0.0 0.0
-29.057501 -51.396099 DCRS-00008 2026-07-09_20:38 12.6 -999.9 -999.9 94.7 -999.9 -999.9 11.8 -999.9 -999.9 995.5 -999.9 -999.9 0.0 -999.9 2.7 0.0 0.0 0.0 0.0 0.0 0.2 0.2 23.0 7.2 94.9 52.3 12.2 DCRS_-_Nova_Roma_-_Farroupilha_(180_m) -999.9 -999.9 999.9 994.3 995.5 15.1 5.7 481.0 Rio_Grande_do_Sul DCRS -999.9 0.0 0.0
-29.057501 -51.396099 DCRS-00008 2026-07-09_20:39 12.6 -999.9 -999.9 94.6 -999.9 -999.9 11.7 -999.9 -999.9 995.5 -999.9 -999.9 0.0 -999.9 2.7 0.0 0.0 0.0 0.0 0.0 0.2 0.2 23.0 7.2 94.9 52.3 12.2 DCRS_-_Nova_Roma_-_Farroupilha_(180_m) -999.9 -999.9 999.9 994.3 995.5 15.1 5.7 481.0 Rio_Grande_do_Sul DCRS -999.9 0.0 0.0
-29.057501 -51.396099 DCRS-00008 2026-07-09_20:40 12.6 -999.9 -999.9 94.6 -999.9 -999.9 11.7 -999.9 -999.9 995.5 -999.9 -999.9 0.0 -999.9 2.3 0.0 0.0 0.0 0.0 0.0 0.2 0.2 23.0 7.2 94.9 52.3 12.2 DCRS_-_Nova_Roma_-_Farroupilha_(180_m) -999.9 -999.9 999.9 994.3 995.5 15.1 5.7 481.0 Rio_Grande_do_Sul DCRS -999.9 0.0 0.0
-29.057501 -51.396099 DCRS-00008 2026-07-09_20:41 12.6 -999.9 -999.9 94.6 -999.9 -999.9 11.7 -999.9 -999.9 995.5 -999.9 -999.9 2.0 -999.9 2.3 0.0 0.0 0.0 0.0 0.0 0.2 0.2 23.0 7.2 94.9 52.3 12.2 DCRS_-_Nova_Roma_-_Farroupilha_(180_m) -999.9 -999.9 999.9 994.3 995.5 15.1 5.7 481.0 Rio_Grande_do_Sul DCRS -999.9 0.0 0.0
-29.057501 -51.396099 DCRS-00008 2026-07-09_20:42 12.6 -999.9 -999.9 94.6 -999.9 -999.9 11.7 -999.9 -999.9 995.5 -999.9 -999.9 0.0 -999.9 2.3 0.0 0.0 0.0 0.0 0.0 0.2 0.2 23.0 7.2 94.9 52.3 12.2 DCRS_-_Nova_Roma_-_Farroupilha_(180_m) -999.9 -999.9 999.9 994.3 995.5 15.1 5.7 481.0 Rio_Grande_do_Sul DCRS -999.9 0.0 0.0
-29.057501 -51.396099 DCRS-00008 2026-07-09_20:43 12.6 -999.9 -999.9 94.6 -999.9 -999.9 11.7 -999.9 -999.9 995.5 -999.9 -999.9 -999.9 -999.9 2.3 0.0 0.0 0.0 0.0 0.0 0.2 0.2 23.0 7.2 94.9 52.3 12.2 DCRS_-_Nova_Roma_-_Farroupilha_(180_m) -999.9 -999.9 999.9 994.3 995.5 15.1 5.7 481.0 Rio_Grande_do_Sul DCRS -999.9 0.0 0.0
-29.057501 -51.396099 DCRS-00008 2026-07-09_20:44 12.6 -999.9 -999.9 94.6 -999.9 -999.9 11.7 -999.9 -999.9 995.5 -999.9 -999.9 2.0 -999.9 2.3 0.0 0.0 0.0 0.0 0.0 0.2 0.2 23.0 7.2 94.9 52.3 12.2 DCRS_-_Nova_Roma_-_Farroupilha_(180_m) -999.9 -999.9 999.9 994.3 995.5 15.1 5.7 481.0 Rio_Grande_do_Sul DCRS -999.9 0.0 0.0
-29.057501 -51.396099 DCRS-00008 2026-07-09_20:45 12.6 -999.9 -999.9 94.7 -999.9 -999.9 11.8 -999.9 -999.9 995.5 -999.9 -999.9 2.2 -999.9 3.2 0.0 0.0 0.0 0.0 0.0 0.2 0.2 23.0 7.2 94.9 52.3 12.2 DCRS_-_Nova_Roma_-_Farroupilha_(180_m) -999.9 -999.9 999.9 994.3 995.5 15.1 5.7 481.0 Rio_Grande_do_Sul DCRS -999.9 0.0 0.0
-29.057501 -51.396099 DCRS-00008 2026-07-09_20:46 12.6 -999.9 -999.9 94.7 -999.9 -999.9 11.8 -999.9 -999.9 995.5 -999.9 -999.9 0.0 -999.9 3.2 0.0 0.0 0.0 0.0 0.0 0.2 0.2 23.0 7.2 94.9 52.3 12.2 DCRS_-_Nova_Roma_-_Farroupilha_(180_m) -999.9 -999.9 999.9 994.3 995.5 15.1 5.7 481.0 Rio_Grande_do_Sul DCRS -999.9 0.0 0.0
-29.057501 -51.396099 DCRS-00008 2026-07-09_20:47 12.6 -999.9 -999.9 94.7 -999.9 -999.9 11.8 -999.9 -999.9 995.5 -999.9 -999.9 2.0 -999.9 3.2 0.0 0.0 0.0 0.0 0.0 0.2 0.2 23.0 7.2 94.9 52.3 12.2 DCRS_-_Nova_Roma_-_Farroupilha_(180_m) -999.9 -999.9 999.9 994.3 995.5 15.1 5.7 481.0 Rio_Grande_do_Sul DCRS -999.9 0.0 0.0
-29.057501 -51.396099 DCRS-00008 2026-07-09_20:48 12.6 -999.9 -999.9 94.8 -999.9 -999.9 11.8 -999.9 -999.9 995.5 -999.9 -999.9 2.1 -999.9 3.2 0.0 0.0 0.0 0.0 0.0 0.2 0.2 23.0 7.2 94.9 52.3 12.2 DCRS_-_Nova_Roma_-_Farroupilha_(180_m) -999.9 -999.9 999.9 994.3 995.5 15.1 5.7 481.0 Rio_Grande_do_Sul DCRS -999.9 0.0 0.0
-29.057501 -51.396099 DCRS-00008 2026-07-09_20:49 12.5 -999.9 -999.9 94.7 -999.9 -999.9 11.7 -999.9 -999.9 995.5 -999.9 -999.9 2.4 -999.9 3.2 0.0 0.0 0.0 0.0 0.0 0.2 0.2 23.0 7.2 94.9 52.3 12.2 DCRS_-_Nova_Roma_-_Farroupilha_(180_m) -999.9 -999.9 999.9 994.3 995.5 15.1 5.7 481.0 Rio_Grande_do_Sul DCRS -999.9 0.0 0.0
-29.057501 -51.396099 DCRS-00008 2026-07-09_20:50 12.5 -999.9 -999.9 94.7 -999.9 -999.9 11.7 -999.9 -999.9 995.5 -999.9 -999.9 1.9 -999.9 3.2 0.0 0.0 0.0 0.0 0.0 0.2 0.2 23.0 7.2 94.9 52.3 12.2 DCRS_-_Nova_Roma_-_Farroupilha_(180_m) -999.9 -999.9 999.9 994.3 995.5 15.1 5.7 481.0 Rio_Grande_do_Sul DCRS -999.9 0.0 0.0
-29.057501 -51.396099 DCRS-00008 2026-07-09_20:51 12.5 -999.9 -999.9 94.6 -999.9 -999.9 11.6 -999.9 -999.9 995.5 -999.9 -999.9 0.0 -999.9 3.2 0.0 0.0 0.0 0.0 0.0 0.2 0.2 23.0 7.2 94.9 52.3 12.2 DCRS_-_Nova_Roma_-_Farroupilha_(180_m) -999.9 -999.9 999.9 994.3 995.5 15.1 5.7 481.0 Rio_Grande_do_Sul DCRS -999.9 0.0 0.0
-29.057501 -51.396099 DCRS-00008 2026-07-09_20:52 12.5 -999.9 -999.9 94.6 -999.9 -999.9 11.6 -999.9 -999.9 995.5 -999.9 -999.9 0.0 -999.9 3.2 0.0 0.0 0.0 0.0 0.0 0.2 0.2 23.0 7.2 94.9 52.3 12.2 DCRS_-_Nova_Roma_-_Farroupilha_(180_m) -999.9 -999.9 999.9 994.3 995.5 15.1 5.7 481.0 Rio_Grande_do_Sul DCRS -999.9 0.0 0.0
-29.057501 -51.396099 DCRS-00008 2026-07-09_20:53 12.4 -999.9 -999.9 94.6 -999.9 -999.9 11.5 -999.9 -999.9 995.5 -999.9 -999.9 2.0 -999.9 3.2 0.0 0.0 0.0 0.0 0.0 0.2 0.2 23.0 7.2 94.9 52.3 12.2 DCRS_-_Nova_Roma_-_Farroupilha_(180_m) -999.9 -999.9 999.9 994.3 995.5 15.1 5.7 481.0 Rio_Grande_do_Sul DCRS -999.9 0.0 0.0
-29.057501 -51.396099 DCRS-00008 2026-07-09_20:54 12.4 -999.9 -999.9 94.6 -999.9 -999.9 11.5 -999.9 -999.9 995.5 -999.9 -999.9 0.0 -999.9 3.2 0.0 0.0 0.0 0.0 0.0 0.2 0.2 23.0 7.2 94.9 52.3 12.2 DCRS_-_Nova_Roma_-_Farroupilha_(180_m) -999.9 -999.9 999.9 994.3 995.5 15.1 5.7 481.0 Rio_Grande_do_Sul DCRS -999.9 0.0 0.0
-29.057501 -51.396099 DCRS-00008 2026-07-09_20:55 12.4 -999.9 -999.9 94.5 -999.9 -999.9 11.5 -999.9 -999.9 995.5 -999.9 -999.9 2.6 -999.9 3.1 0.0 0.0 0.0 0.0 0.0 0.2 0.2 23.0 7.2 94.9 52.3 12.2 DCRS_-_Nova_Roma_-_Farroupilha_(180_m) -999.9 -999.9 999.9 994.3 995.5 15.1 5.7 481.0 Rio_Grande_do_Sul DCRS -999.9 0.0 0.0
-29.057501 -51.396099 DCRS-00008 2026-07-09_20:56 12.4 -999.9 -999.9 94.5 -999.9 -999.9 11.5 -999.9 -999.9 995.5 -999.9 -999.9 2.1 -999.9 3.1 0.0 0.0 0.0 0.0 0.0 0.2 0.2 23.0 7.2 94.9 52.3 12.2 DCRS_-_Nova_Roma_-_Farroupilha_(180_m) -999.9 -999.9 999.9 994.3 995.5 15.1 5.7 481.0 Rio_Grande_do_Sul DCRS -999.9 0.0 0.0
-29.057501 -51.396099 DCRS-00008 2026-07-09_20:57 12.4 -999.9 -999.9 94.6 -999.9 -999.9 11.5 -999.9 -999.9 995.5 -999.9 -999.9 0.0 -999.9 3.1 0.0 0.0 0.0 0.0 0.0 0.2 0.2 23.0 7.2 94.9 52.3 12.2 DCRS_-_Nova_Roma_-_Farroupilha_(180_m) -999.9 -999.9 999.9 994.3 995.5 15.1 5.7 481.0 Rio_Grande_do_Sul DCRS -999.9 0.0 0.0
-29.057501 -51.396099 DCRS-00008 2026-07-09_20:58 12.4 -999.9 -999.9 94.6 -999.9 -999.9 11.5 -999.9 -999.9 995.4 -999.9 -999.9 0.0 -999.9 3.1 0.0 0.0 0.0 0.0 0.0 0.2 0.2 23.0 7.2 94.9 52.3 12.2 DCRS_-_Nova_Roma_-_Farroupilha_(180_m) -999.9 -999.9 999.9 994.3 995.4 15.1 5.7 481.0 Rio_Grande_do_Sul DCRS -999.9 0.0 0.0
-29.057501 -51.396099 DCRS-00008 2026-07-09_20:59 12.4 -999.9 -999.9 94.6 -999.9 -999.9 11.5 -999.9 -999.9 995.4 -999.9 -999.9 0.0 -999.9 3.1 0.0 0.0 0.0 0.0 0.0 0.2 0.2 23.0 7.2 94.9 52.3 12.2 DCRS_-_Nova_Roma_-_Farroupilha_(180_m) -999.9 -999.9 999.9 994.3 995.4 15.1 5.7 481.0 Rio_Grande_do_Sul DCRS -999.9 0.0 0.0
-29.057501 -51.396099 DCRS-00008 2026-07-09_21:00 12.4 -999.9 -999.9 94.6 -999.9 -999.9 11.5 -999.9 -999.9 995.4 -999.9 -999.9 2.3 -999.9 2.7 0.0 0.0 0.0 0.0 0.0 0.2 0.2 23.0 7.2 94.9 52.3 12.2 DCRS_-_Nova_Roma_-_Farroupilha_(180_m) -999.9 -999.9 999.9 994.3 995.4 15.1 5.7 481.0 Rio_Grande_do_Sul DCRS -999.9 0.0 0.0
-29.057501 -51.396099 DCRS-00008 2026-07-09_21:01 12.4 -999.9 -999.9 94.6 -999.9 -999.9 11.5 -999.9 -999.9 995.4 -999.9 -999.9 2.6 -999.9 2.7 0.0 0.0 0.0 0.0 0.0 0.2 0.2 23.0 7.2 94.9 52.3 12.2 DCRS_-_Nova_Roma_-_Farroupilha_(180_m) -999.9 -999.9 999.9 994.3 995.4 15.1 5.7 481.0 Rio_Grande_do_Sul DCRS -999.9 0.0 0.0
-29.057501 -51.396099 DCRS-00008 2026-07-09_21:02 12.4 -999.9 -999.9 94.6 -999.9 -999.9 11.5 -999.9 -999.9 995.4 -999.9 -999.9 -999.9 -999.9 2.7 0.0 0.0 0.0 0.0 0.0 0.2 0.2 23.0 7.2 94.9 52.3 12.2 DCRS_-_Nova_Roma_-_Farroupilha_(180_m) -999.9 -999.9 999.9 994.3 995.4 15.1 5.7 481.0 Rio_Grande_do_Sul DCRS -999.9 0.0 0.0
-29.057501 -51.396099 DCRS-00008 2026-07-09_21:03 12.3 -999.9 -999.9 94.7 -999.9 -999.9 11.5 -999.9 -999.9 995.4 -999.9 -999.9 0.0 -999.9 2.7 0.0 0.0 0.0 0.0 0.0 0.2 0.2 23.0 7.2 94.9 52.3 12.2 DCRS_-_Nova_Roma_-_Farroupilha_(180_m) -999.9 -999.9 999.9 994.3 995.4 15.1 5.7 481.0 Rio_Grande_do_Sul DCRS -999.9 0.0 0.0
-29.057501 -51.396099 DCRS-00008 2026-07-09_21:04 12.3 -999.9 -999.9 94.7 -999.9 -999.9 11.5 -999.9 -999.9 995.5 -999.9 -999.9 0.0 -999.9 2.7 0.0 0.0 0.0 0.0 0.0 0.2 0.2 23.0 7.2 94.9 52.3 12.2 DCRS_-_Nova_Roma_-_Farroupilha_(180_m) -999.9 -999.9 999.9 994.3 995.5 15.1 5.7 481.0 Rio_Grande_do_Sul DCRS -999.9 0.0 0.0
-29.057501 -51.396099 DCRS-00008 2026-07-09_21:05 12.3 -999.9 -999.9 94.6 -999.9 -999.9 11.4 -999.9 -999.9 995.5 -999.9 -999.9 1.9 -999.9 3.5 0.0 0.0 0.0 0.0 0.0 0.2 0.2 23.0 7.2 94.9 52.3 12.2 DCRS_-_Nova_Roma_-_Farroupilha_(180_m) -999.9 -999.9 999.9 994.3 995.5 15.1 5.7 481.0 Rio_Grande_do_Sul DCRS -999.9 0.0 0.0
-29.057501 -51.396099 DCRS-00008 2026-07-09_21:06 12.3 -999.9 -999.9 94.7 -999.9 -999.9 11.5 -999.9 -999.9 995.5 -999.9 -999.9 1.9 -999.9 3.5 0.0 0.0 0.0 0.0 0.0 0.2 0.2 23.0 7.2 94.9 52.3 12.2 DCRS_-_Nova_Roma_-_Farroupilha_(180_m) -999.9 -999.9 999.9 994.3 995.5 15.1 5.7 481.0 Rio_Grande_do_Sul DCRS -999.9 0.0 0.0
-29.057501 -51.396099 DCRS-00008 2026-07-09_21:07 12.3 -999.9 -999.9 94.7 -999.9 -999.9 11.5 -999.9 -999.9 995.5 -999.9 -999.9 2.5 -999.9 3.5 0.0 0.0 0.0 0.0 0.0 0.2 0.2 23.0 7.2 94.9 52.3 12.2 DCRS_-_Nova_Roma_-_Farroupilha_(180_m) -999.9 -999.9 999.9 994.3 995.5 15.1 5.7 481.0 Rio_Grande_do_Sul DCRS -999.9 0.0 0.0
-29.057501 -51.396099 DCRS-00008 2026-07-09_21:08 12.3 -999.9 -999.9 94.8 -999.9 -999.9 11.5 -999.9 -999.9 995.5 -999.9 -999.9 -999.9 -999.9 3.5 0.0 0.0 0.0 0.0 0.0 0.2 0.2 23.0 7.2 94.9 52.3 12.2 DCRS_-_Nova_Roma_-_Farroupilha_(180_m) -999.9 -999.9 999.9 994.3 995.5 15.1 5.7 481.0 Rio_Grande_do_Sul DCRS -999.9 0.0 0.0
-29.057501 -51.396099 DCRS-00008 2026-07-09_21:09 12.3 -999.9 -999.9 94.7 -999.9 -999.9 11.5 -999.9 -999.9 995.5 -999.9 -999.9 0.0 -999.9 3.5 0.0 0.0 0.0 0.0 0.0 0.2 0.2 23.0 7.2 94.9 52.3 12.2 DCRS_-_Nova_Roma_-_Farroupilha_(180_m) -999.9 -999.9 999.9 994.3 995.5 15.1 5.7 481.0 Rio_Grande_do_Sul DCRS -999.9 0.0 0.0
-29.057501 -51.396099 DCRS-00008 2026-07-09_21:10 12.3 -999.9 -999.9 94.8 -999.9 -999.9 11.5 -999.9 -999.9 995.5 -999.9 -999.9 0.0 -999.9 3.7 0.0 0.0 0.0 0.0 0.0 0.2 0.2 23.0 7.2 94.9 52.3 12.2 DCRS_-_Nova_Roma_-_Farroupilha_(180_m) -999.9 -999.9 999.9 994.3 995.5 15.1 5.7 481.0 Rio_Grande_do_Sul DCRS -999.9 0.0 0.0
-29.057501 -51.396099 DCRS-00008 2026-07-09_21:11 12.3 -999.9 -999.9 94.8 -999.9 -999.9 11.5 -999.9 -999.9 995.6 -999.9 -999.9 0.0 -999.9 3.7 0.0 0.0 0.0 0.0 0.0 0.2 0.2 23.0 7.2 94.9 52.3 12.2 DCRS_-_Nova_Roma_-_Farroupilha_(180_m) -999.9 -999.9 999.9 994.3 995.6 15.1 5.7 481.0 Rio_Grande_do_Sul DCRS -999.9 0.0 0.0
-29.057501 -51.396099 DCRS-00008 2026-07-09_21:12 12.3 -999.9 -999.9 94.8 -999.9 -999.9 11.5 -999.9 -999.9 995.6 -999.9 -999.9 0.0 -999.9 3.7 0.0 0.0 0.0 0.0 0.0 0.2 0.2 23.0 7.2 94.9 52.3 12.2 DCRS_-_Nova_Roma_-_Farroupilha_(180_m) -999.9 -999.9 999.9 994.3 995.6 15.1 5.7 481.0 Rio_Grande_do_Sul DCRS -999.9 0.0 0.0
-29.057501 -51.396099 DCRS-00008 2026-07-09_21:13 12.3 -999.9 -999.9 94.8 -999.9 -999.9 11.5 -999.9 -999.9 995.6 -999.9 -999.9 1.9 -999.9 3.7 0.0 0.0 0.0 0.0 0.0 0.2 0.2 23.0 7.2 94.9 52.3 12.2 DCRS_-_Nova_Roma_-_Farroupilha_(180_m) -999.9 -999.9 999.9 994.3 995.6 15.1 5.7 481.0 Rio_Grande_do_Sul DCRS -999.9 0.0 0.0
-29.057501 -51.396099 DCRS-00008 2026-07-09_21:14 12.3 -999.9 -999.9 95.0 -999.9 -999.9 11.5 -999.9 -999.9 995.6 -999.9 -999.9 0.0 -999.9 3.7 0.0 0.0 0.0 0.0 0.0 0.2 0.2 23.0 7.2 95.0 52.3 12.2 DCRS_-_Nova_Roma_-_Farroupilha_(180_m) -999.9 -999.9 999.9 994.3 995.6 15.1 5.7 481.0 Rio_Grande_do_Sul DCRS -999.9 0.0 0.0
-29.057501 -51.396099 DCRS-00008 2026-07-09_21:15 12.2 -999.9 -999.9 94.9 -999.9 -999.9 11.4 -999.9 -999.9 995.6 -999.9 -999.9 2.0 -999.9 2.8 0.0 0.0 0.0 0.0 0.0 0.2 0.2 23.0 7.2 95.0 52.3 12.2 DCRS_-_Nova_Roma_-_Farroupilha_(180_m) -999.9 -999.9 999.9 994.3 995.6 15.1 5.7 481.0 Rio_Grande_do_Sul DCRS -999.9 0.0 0.0
-29.057501 -51.396099 DCRS-00008 2026-07-09_21:16 12.2 -999.9 -999.9 94.9 -999.9 -999.9 11.4 -999.9 -999.9 995.6 -999.9 -999.9 1.9 -999.9 2.8 0.0 0.0 0.0 0.0 0.0 0.2 0.2 23.0 7.2 95.0 52.3 12.2 DCRS_-_Nova_Roma_-_Farroupilha_(180_m) -999.9 -999.9 999.9 994.3 995.6 15.1 5.7 481.0 Rio_Grande_do_Sul DCRS -999.9 0.0 0.0
-29.057501 -51.396099 DCRS-00008 2026-07-09_21:17 12.2 -999.9 -999.9 94.9 -999.9 -999.9 11.4 -999.9 -999.9 995.6 -999.9 -999.9 0.0 -999.9 2.8 0.0 0.0 0.0 0.0 0.0 0.2 0.2 23.0 7.2 95.0 52.3 12.2 DCRS_-_Nova_Roma_-_Farroupilha_(180_m) -999.9 -999.9 999.9 994.3 995.6 15.1 5.7 481.0 Rio_Grande_do_Sul DCRS -999.9 0.0 0.0
-29.057501 -51.396099 DCRS-00008 2026-07-09_21:18 12.2 -999.9 -999.9 95.0 -999.9 -999.9 11.4 -999.9 -999.9 995.6 -999.9 -999.9 0.0 -999.9 2.8 0.0 0.0 0.0 0.0 0.0 0.2 0.2 23.0 7.2 95.0 52.3 12.2 DCRS_-_Nova_Roma_-_Farroupilha_(180_m) -999.9 -999.9 999.9 994.3 995.6 15.1 5.7 481.0 Rio_Grande_do_Sul DCRS -999.9 0.0 0.0
-29.057501 -51.396099 DCRS-00008 2026-07-09_21:19 12.2 -999.9 -999.9 95.0 -999.9 -999.9 11.4 -999.9 -999.9 995.6 -999.9 -999.9 0.0 -999.9 2.8 0.0 0.0 0.0 0.0 0.0 0.2 0.2 23.0 7.2 95.0 52.3 12.2 DCRS_-_Nova_Roma_-_Farroupilha_(180_m) -999.9 -999.9 999.9 994.3 995.6 15.1 5.7 481.0 Rio_Grande_do_Sul DCRS -999.9 0.0 0.0
-29.057501 -51.396099 DCRS-00008 2026-07-09_21:20 12.2 -999.9 -999.9 95.0 -999.9 -999.9 11.4 -999.9 -999.9 995.6 -999.9 -999.9 2.4 -999.9 3.4 0.0 0.0 0.0 0.0 0.0 0.2 0.2 23.0 7.2 95.0 52.3 12.2 DCRS_-_Nova_Roma_-_Farroupilha_(180_m) -999.9 -999.9 999.9 994.3 995.6 15.1 5.7 481.0 Rio_Grande_do_Sul DCRS -999.9 0.0 0.0
-29.057501 -51.396099 DCRS-00008 2026-07-09_21:21 12.2 -999.9 -999.9 94.9 -999.9 -999.9 11.4 -999.9 -999.9 995.6 -999.9 -999.9 0.0 -999.9 3.4 0.0 0.0 0.0 0.0 0.0 0.2 0.2 23.0 7.2 95.0 52.3 12.2 DCRS_-_Nova_Roma_-_Farroupilha_(180_m) -999.9 -999.9 999.9 994.3 995.6 15.1 5.7 481.0 Rio_Grande_do_Sul DCRS -999.9 0.0 0.0
-29.057501 -51.396099 DCRS-00008 2026-07-09_21:22 12.2 -999.9 -999.9 95.0 -999.9 -999.9 11.4 -999.9 -999.9 995.6 -999.9 -999.9 0.0 -999.9 3.4 0.0 0.0 0.0 0.0 0.0 0.2 0.2 23.0 7.2 95.0 52.3 12.2 DCRS_-_Nova_Roma_-_Farroupilha_(180_m) -999.9 -999.9 999.9 994.3 995.6 15.1 5.7 481.0 Rio_Grande_do_Sul DCRS -999.9 0.0 0.0
-29.057501 -51.396099 DCRS-00008 2026-07-09_21:23 12.2 -999.9 -999.9 95.0 -999.9 -999.9 11.4 -999.9 -999.9 995.6 -999.9 -999.9 2.0 -999.9 3.4 0.0 0.0 0.0 0.0 0.0 0.2 0.2 23.0 7.2 95.0 52.3 12.2 DCRS_-_Nova_Roma_-_Farroupilha_(180_m) -999.9 -999.9 999.9 994.3 995.6 15.1 5.7 481.0 Rio_Grande_do_Sul DCRS -999.9 0.0 0.0
-29.057501 -51.396099 DCRS-00008 2026-07-09_21:24 12.1 -999.9 -999.9 95.0 -999.9 -999.9 11.3 -999.9 -999.9 995.6 -999.9 -999.9 0.0 -999.9 3.4 0.0 0.0 0.0 0.0 0.0 0.2 0.2 23.0 7.2 95.0 52.3 12.2 DCRS_-_Nova_Roma_-_Farroupilha_(180_m) -999.9 -999.9 999.9 994.3 995.6 15.1 5.7 481.0 Rio_Grande_do_Sul DCRS -999.9 0.0 0.0
-29.057501 -51.396099 DCRS-00008 2026-07-09_21:25 12.2 -999.9 -999.9 95.0 -999.9 -999.9 11.4 -999.9 -999.9 995.6 -999.9 -999.9 0.0 -999.9 2.4 0.0 0.0 0.0 0.0 0.0 0.2 0.2 23.0 7.2 95.0 52.3 12.2 DCRS_-_Nova_Roma_-_Farroupilha_(180_m) -999.9 -999.9 999.9 994.3 995.6 15.1 5.7 481.0 Rio_Grande_do_Sul DCRS -999.9 0.0 0.0
-29.057501 -51.396099 DCRS-00008 2026-07-09_21:26 12.1 -999.9 -999.9 95.0 -999.9 -999.9 11.3 -999.9 -999.9 995.6 -999.9 -999.9 0.0 -999.9 2.4 0.0 0.0 0.0 0.0 0.0 0.2 0.2 23.0 7.2 95.0 52.3 12.2 DCRS_-_Nova_Roma_-_Farroupilha_(180_m) -999.9 -999.9 999.9 994.3 995.6 15.1 5.7 481.0 Rio_Grande_do_Sul DCRS -999.9 0.0 0.0
-29.057501 -51.396099 DCRS-00008 2026-07-09_21:27 12.1 -999.9 -999.9 95.1 -999.9 -999.9 11.3 -999.9 -999.9 995.6 -999.9 -999.9 1.8 -999.9 2.4 0.0 0.0 0.0 0.0 0.0 0.2 0.2 23.0 7.2 95.1 52.3 12.2 DCRS_-_Nova_Roma_-_Farroupilha_(180_m) -999.9 -999.9 999.9 994.3 995.6 15.1 5.7 481.0 Rio_Grande_do_Sul DCRS -999.9 0.0 0.0
-29.057501 -51.396099 DCRS-00008 2026-07-09_21:28 12.1 -999.9 -999.9 95.1 -999.9 -999.9 11.3 -999.9 -999.9 995.6 -999.9 -999.9 2.1 -999.9 2.4 0.0 0.0 0.0 0.0 0.0 0.2 0.2 23.0 7.2 95.1 52.3 12.2 DCRS_-_Nova_Roma_-_Farroupilha_(180_m) -999.9 -999.9 999.9 994.3 995.6 15.1 5.7 481.0 Rio_Grande_do_Sul DCRS -999.9 0.0 0.0
-29.057501 -51.396099 DCRS-00008 2026-07-09_21:29 12.2 -999.9 -999.9 95.1 -999.9 -999.9 11.4 -999.9 -999.9 995.6 -999.9 -999.9 0.0 -999.9 2.4 0.0 0.0 0.0 0.0 0.0 0.2 0.2 23.0 7.2 95.1 52.3 12.2 DCRS_-_Nova_Roma_-_Farroupilha_(180_m) -999.9 -999.9 999.9 994.3 995.6 15.1 5.7 481.0 Rio_Grande_do_Sul DCRS -999.9 0.0 0.0
-29.057501 -51.396099 DCRS-00008 2026-07-09_21:30 12.1 -999.9 -999.9 95.1 -999.9 -999.9 11.3 -999.9 -999.9 995.6 -999.9 -999.9 1.9 -999.9 2.6 0.0 0.0 0.0 0.0 0.0 0.2 0.2 23.0 7.2 95.1 52.3 12.2 DCRS_-_Nova_Roma_-_Farroupilha_(180_m) -999.9 -999.9 999.9 994.3 995.6 15.1 5.7 481.0 Rio_Grande_do_Sul DCRS -999.9 0.0 0.0
-29.057501 -51.396099 DCRS-00008 2026-07-09_21:31 12.1 -999.9 -999.9 95.1 -999.9 -999.9 11.3 -999.9 -999.9 995.6 -999.9 -999.9 0.0 -999.9 2.6 0.0 0.0 0.0 0.0 0.0 0.2 0.2 23.0 7.2 95.1 52.3 12.2 DCRS_-_Nova_Roma_-_Farroupilha_(180_m) -999.9 -999.9 999.9 994.3 995.6 15.1 5.7 481.0 Rio_Grande_do_Sul DCRS -999.9 0.0 0.0
-29.057501 -51.396099 DCRS-00008 2026-07-09_21:32 12.1 -999.9 -999.9 95.1 -999.9 -999.9 11.3 -999.9 -999.9 995.6 -999.9 -999.9 1.9 -999.9 2.6 0.0 0.0 0.0 0.0 0.0 0.2 0.2 23.0 7.2 95.1 52.3 12.2 DCRS_-_Nova_Roma_-_Farroupilha_(180_m) -999.9 -999.9 999.9 994.3 995.6 15.1 5.7 481.0 Rio_Grande_do_Sul DCRS -999.9 0.0 0.0
-29.057501 -51.396099 DCRS-00008 2026-07-09_21:33 12.1 -999.9 -999.9 95.1 -999.9 -999.9 11.3 -999.9 -999.9 995.7 -999.9 -999.9 0.0 -999.9 2.6 0.0 0.0 0.0 0.0 0.0 0.2 0.2 23.0 7.2 95.1 52.3 12.2 DCRS_-_Nova_Roma_-_Farroupilha_(180_m) -999.9 -999.9 999.9 994.3 995.7 15.1 5.7 481.0 Rio_Grande_do_Sul DCRS -999.9 0.0 0.0
-29.057501 -51.396099 DCRS-00008 2026-07-09_21:34 12.1 -999.9 -999.9 95.1 -999.9 -999.9 11.3 -999.9 -999.9 995.7 -999.9 -999.9 0.0 -999.9 2.6 0.0 0.0 0.0 0.0 0.0 0.2 0.2 23.0 7.2 95.1 52.3 12.2 DCRS_-_Nova_Roma_-_Farroupilha_(180_m) -999.9 -999.9 999.9 994.3 995.7 15.1 5.7 481.0 Rio_Grande_do_Sul DCRS -999.9 0.0 0.0
-29.057501 -51.396099 DCRS-00008 2026-07-09_21:35 12.1 -999.9 -999.9 95.2 -999.9 -999.9 11.3 -999.9 -999.9 995.7 -999.9 -999.9 1.8 -999.9 2.3 0.0 0.0 0.0 0.0 0.0 0.2 0.2 23.0 7.2 95.2 52.3 12.2 DCRS_-_Nova_Roma_-_Farroupilha_(180_m) -999.9 -999.9 999.9 994.3 995.7 15.1 5.7 481.0 Rio_Grande_do_Sul DCRS -999.9 0.0 0.0
-29.057501 -51.396099 DCRS-00008 2026-07-09_21:36 12.1 -999.9 -999.9 95.2 -999.9 -999.9 11.3 -999.9 -999.9 995.7 -999.9 -999.9 1.9 -999.9 2.3 0.0 0.0 0.0 0.0 0.0 0.2 0.2 23.0 7.2 95.2 52.3 12.2 DCRS_-_Nova_Roma_-_Farroupilha_(180_m) -999.9 -999.9 999.9 994.3 995.7 15.1 5.7 481.0 Rio_Grande_do_Sul DCRS -999.9 0.0 0.0
-29.057501 -51.396099 DCRS-00008 2026-07-09_21:37 12.0 -999.9 -999.9 95.2 -999.9 -999.9 11.2 -999.9 -999.9 995.7 -999.9 -999.9 0.0 -999.9 2.3 0.0 0.0 0.0 0.0 0.0 0.2 0.2 23.0 7.2 95.2 52.3 12.2 DCRS_-_Nova_Roma_-_Farroupilha_(180_m) -999.9 -999.9 999.9 994.3 995.7 15.1 5.7 481.0 Rio_Grande_do_Sul DCRS -999.9 0.0 0.0
-29.057501 -51.396099 DCRS-00008 2026-07-09_21:38 12.0 -999.9 -999.9 95.2 -999.9 -999.9 11.2 -999.9 -999.9 995.7 -999.9 -999.9 0.0 -999.9 2.3 0.0 0.0 0.0 0.0 0.0 0.2 0.2 23.0 7.2 95.2 52.3 12.2 DCRS_-_Nova_Roma_-_Farroupilha_(180_m) -999.9 -999.9 999.9 994.3 995.7 15.1 5.7 481.0 Rio_Grande_do_Sul DCRS -999.9 0.0 0.0
-29.057501 -51.396099 DCRS-00008 2026-07-09_21:39 12.1 -999.9 -999.9 95.2 -999.9 -999.9 11.3 -999.9 -999.9 995.7 -999.9 -999.9 0.0 -999.9 2.3 0.0 0.0 0.0 0.0 0.0 0.2 0.2 23.0 7.2 95.2 52.3 12.2 DCRS_-_Nova_Roma_-_Farroupilha_(180_m) -999.9 -999.9 999.9 994.3 995.7 15.1 5.7 481.0 Rio_Grande_do_Sul DCRS -999.9 0.0 0.0
-29.057501 -51.396099 DCRS-00008 2026-07-09_21:40 12.1 -999.9 -999.9 95.2 -999.9 -999.9 11.3 -999.9 -999.9 995.7 -999.9 -999.9 1.9 -999.9 2.3 0.0 0.0 0.0 0.0 0.0 0.2 0.2 23.0 7.2 95.2 52.3 12.2 DCRS_-_Nova_Roma_-_Farroupilha_(180_m) -999.9 -999.9 999.9 994.3 995.7 15.1 5.7 481.0 Rio_Grande_do_Sul DCRS -999.9 0.0 0.0
-29.057501 -51.396099 DCRS-00008 2026-07-09_21:41 12.0 -999.9 -999.9 95.2 -999.9 -999.9 11.2 -999.9 -999.9 995.7 -999.9 -999.9 0.0 -999.9 2.3 0.0 0.0 0.0 0.0 0.0 0.2 0.2 23.0 7.2 95.2 52.3 12.2 DCRS_-_Nova_Roma_-_Farroupilha_(180_m) -999.9 -999.9 999.9 994.3 995.7 15.1 5.7 481.0 Rio_Grande_do_Sul DCRS -999.9 0.0 0.0
-29.057501 -51.396099 DCRS-00008 2026-07-09_21:42 12.0 -999.9 -999.9 95.2 -999.9 -999.9 11.2 -999.9 -999.9 995.7 -999.9 -999.9 0.0 -999.9 2.3 0.0 0.0 0.0 0.0 0.0 0.2 0.2 23.0 7.2 95.2 52.3 12.2 DCRS_-_Nova_Roma_-_Farroupilha_(180_m) -999.9 -999.9 999.9 994.3 995.7 15.1 5.7 481.0 Rio_Grande_do_Sul DCRS -999.9 0.0 0.0
-29.057501 -51.396099 DCRS-00008 2026-07-09_21:43 12.0 -999.9 -999.9 95.2 -999.9 -999.9 11.2 -999.9 -999.9 995.7 -999.9 -999.9 0.0 -999.9 2.3 0.0 0.0 0.0 0.0 0.0 0.2 0.2 23.0 7.2 95.2 52.3 12.2 DCRS_-_Nova_Roma_-_Farroupilha_(180_m) -999.9 -999.9 999.9 994.3 995.7 15.1 5.7 481.0 Rio_Grande_do_Sul DCRS -999.9 0.0 0.0
-29.057501 -51.396099 DCRS-00008 2026-07-09_21:44 12.0 -999.9 -999.9 95.2 -999.9 -999.9 11.2 -999.9 -999.9 995.7 -999.9 -999.9 2.2 -999.9 2.3 0.0 0.0 0.0 0.0 0.0 0.2 0.2 23.0 7.2 95.2 52.3 12.2 DCRS_-_Nova_Roma_-_Farroupilha_(180_m) -999.9 -999.9 999.9 994.3 995.7 15.1 5.7 481.0 Rio_Grande_do_Sul DCRS -999.9 0.0 0.0
-29.057501 -51.396099 DCRS-00008 2026-07-09_21:45 11.9 -999.9 -999.9 95.1 -999.9 -999.9 11.1 -999.9 -999.9 995.7 -999.9 -999.9 2.4 -999.9 2.5 0.0 0.0 0.0 0.0 0.0 0.2 0.2 23.0 7.2 95.2 52.3 12.2 DCRS_-_Nova_Roma_-_Farroupilha_(180_m) -999.9 -999.9 999.9 994.3 995.7 15.1 5.7 481.0 Rio_Grande_do_Sul DCRS -999.9 0.0 0.0
-29.057501 -51.396099 DCRS-00008 2026-07-09_21:46 12.0 -999.9 -999.9 95.1 -999.9 -999.9 11.2 -999.9 -999.9 995.6 -999.9 -999.9 0.0 -999.9 2.5 0.0 0.0 0.0 0.0 0.0 0.2 0.2 23.0 7.2 95.2 52.3 12.2 DCRS_-_Nova_Roma_-_Farroupilha_(180_m) -999.9 -999.9 999.9 994.3 995.6 15.1 5.7 481.0 Rio_Grande_do_Sul DCRS -999.9 0.0 0.0
-29.057501 -51.396099 DCRS-00008 2026-07-09_21:47 12.0 -999.9 -999.9 95.2 -999.9 -999.9 11.2 -999.9 -999.9 995.6 -999.9 -999.9 0.0 -999.9 2.5 0.0 0.0 0.0 0.0 0.0 0.2 0.2 23.0 7.2 95.2 52.3 12.2 DCRS_-_Nova_Roma_-_Farroupilha_(180_m) -999.9 -999.9 999.9 994.3 995.6 15.1 5.7 481.0 Rio_Grande_do_Sul DCRS -999.9 0.0 0.0
-29.057501 -51.396099 DCRS-00008 2026-07-09_21:48 12.0 -999.9 -999.9 95.1 -999.9 -999.9 11.2 -999.9 -999.9 995.6 -999.9 -999.9 -999.9 -999.9 2.5 0.0 0.0 0.0 0.0 0.0 0.2 0.2 23.0 7.2 95.2 52.3 12.2 DCRS_-_Nova_Roma_-_Farroupilha_(180_m) -999.9 -999.9 999.9 994.3 995.6 15.1 5.7 481.0 Rio_Grande_do_Sul DCRS -999.9 0.0 0.0
-29.057501 -51.396099 DCRS-00008 2026-07-09_21:49 12.0 -999.9 -999.9 95.2 -999.9 -999.9 11.2 -999.9 -999.9 995.6 -999.9 -999.9 -999.9 -999.9 2.5 0.0 0.0 0.0 0.0 0.0 0.2 0.2 23.0 7.2 95.2 52.3 12.2 DCRS_-_Nova_Roma_-_Farroupilha_(180_m) -999.9 -999.9 999.9 994.3 995.6 15.1 5.7 481.0 Rio_Grande_do_Sul DCRS -999.9 0.0 0.0
-29.057501 -51.396099 DCRS-00008 2026-07-09_21:50 12.0 -999.9 -999.9 95.2 -999.9 -999.9 11.2 -999.9 -999.9 995.6 -999.9 -999.9 0.0 -999.9 3.6 0.0 0.0 0.0 0.0 0.0 0.2 0.2 23.0 7.2 95.2 52.3 12.2 DCRS_-_Nova_Roma_-_Farroupilha_(180_m) -999.9 -999.9 999.9 994.3 995.6 15.1 5.7 481.0 Rio_Grande_do_Sul DCRS -999.9 0.0 0.0
-29.057501 -51.396099 DCRS-00008 2026-07-09_21:51 11.9 -999.9 -999.9 95.2 -999.9 -999.9 11.1 -999.9 -999.9 995.6 -999.9 -999.9 2.9 -999.9 3.6 0.0 0.0 0.0 0.0 0.0 0.2 0.2 23.0 7.2 95.2 52.3 12.2 DCRS_-_Nova_Roma_-_Farroupilha_(180_m) -999.9 -999.9 999.9 994.3 995.6 15.1 5.7 481.0 Rio_Grande_do_Sul DCRS -999.9 0.0 0.0
-29.057501 -51.396099 DCRS-00008 2026-07-09_21:52 11.9 -999.9 -999.9 95.2 -999.9 -999.9 11.1 -999.9 -999.9 995.6 -999.9 -999.9 2.5 -999.9 3.6 0.0 0.0 0.0 0.0 0.0 0.2 0.2 23.0 7.2 95.2 52.3 12.2 DCRS_-_Nova_Roma_-_Farroupilha_(180_m) -999.9 -999.9 999.9 994.3 995.6 15.1 5.7 481.0 Rio_Grande_do_Sul DCRS -999.9 0.0 0.0
-29.057501 -51.396099 DCRS-00008 2026-07-09_21:53 11.9 -999.9 -999.9 95.2 -999.9 -999.9 11.1 -999.9 -999.9 995.5 -999.9 -999.9 2.0 -999.9 3.6 0.0 0.0 0.0 0.0 0.0 0.2 0.2 23.0 7.2 95.2 52.3 12.2 DCRS_-_Nova_Roma_-_Farroupilha_(180_m) -999.9 -999.9 999.9 994.3 995.5 15.1 5.7 481.0 Rio_Grande_do_Sul DCRS -999.9 0.0 0.0
-29.057501 -51.396099 DCRS-00008 2026-07-09_21:54 11.9 -999.9 -999.9 95.2 -999.9 -999.9 11.1 -999.9 -999.9 995.5 -999.9 -999.9 0.0 -999.9 3.6 0.0 0.0 0.0 0.0 0.0 0.2 0.2 23.0 7.2 95.2 52.3 12.2 DCRS_-_Nova_Roma_-_Farroupilha_(180_m) -999.9 -999.9 999.9 994.3 995.5 15.1 5.7 481.0 Rio_Grande_do_Sul DCRS -999.9 0.0 0.0
-29.057501 -51.396099 DCRS-00008 2026-07-09_21:55 11.9 -999.9 -999.9 95.2 -999.9 -999.9 11.1 -999.9 -999.9 995.5 -999.9 -999.9 2.3 -999.9 4.5 0.0 0.0 0.0 0.0 0.0 0.2 0.2 23.0 7.2 95.2 52.3 12.2 DCRS_-_Nova_Roma_-_Farroupilha_(180_m) -999.9 -999.9 999.9 994.3 995.5 15.1 5.7 481.0 Rio_Grande_do_Sul DCRS -999.9 0.0 0.0
-29.057501 -51.396099 DCRS-00008 2026-07-09_21:56 11.9 -999.9 -999.9 95.3 -999.9 -999.9 11.2 -999.9 -999.9 995.5 -999.9 -999.9 0.0 -999.9 4.5 0.0 0.0 0.0 0.0 0.0 0.2 0.2 23.0 7.2 95.3 52.3 12.2 DCRS_-_Nova_Roma_-_Farroupilha_(180_m) -999.9 -999.9 999.9 994.3 995.5 15.1 5.7 481.0 Rio_Grande_do_Sul DCRS -999.9 0.0 0.0
-29.057501 -51.396099 DCRS-00008 2026-07-09_21:57 11.9 -999.9 -999.9 95.3 -999.9 -999.9 11.2 -999.9 -999.9 995.5 -999.9 -999.9 2.3 -999.9 4.5 0.0 0.0 0.0 0.0 0.0 0.2 0.2 23.0 7.2 95.3 52.3 12.2 DCRS_-_Nova_Roma_-_Farroupilha_(180_m) -999.9 -999.9 999.9 994.3 995.5 15.1 5.7 481.0 Rio_Grande_do_Sul DCRS -999.9 0.0 0.0
-29.057501 -51.396099 DCRS-00008 2026-07-09_21:58 11.8 -999.9 -999.9 95.4 -999.9 -999.9 11.1 -999.9 -999.9 995.4 -999.9 -999.9 3.1 -999.9 4.5 0.0 0.0 0.0 0.0 0.0 0.2 0.2 23.0 7.2 95.4 52.3 12.2 DCRS_-_Nova_Roma_-_Farroupilha_(180_m) -999.9 -999.9 999.9 994.3 995.4 15.1 5.7 481.0 Rio_Grande_do_Sul DCRS -999.9 0.0 0.0
-29.057501 -51.396099 DCRS-00008 2026-07-09_21:59 11.9 -999.9 -999.9 95.3 -999.9 -999.9 11.2 -999.9 -999.9 995.4 -999.9 -999.9 -999.9 -999.9 4.5 0.0 0.0 0.0 0.0 0.0 0.2 0.2 23.0 7.2 95.4 52.3 12.2 DCRS_-_Nova_Roma_-_Farroupilha_(180_m) -999.9 -999.9 999.9 994.3 995.4 15.1 5.7 481.0 Rio_Grande_do_Sul DCRS -999.9 0.0 0.0
-29.057501 -51.396099 DCRS-00008 2026-07-09_22:00 11.8 -999.9 -999.9 95.3 -999.9 -999.9 11.1 -999.9 -999.9 995.4 -999.9 -999.9 3.5 -999.9 6.3 0.0 0.0 0.0 0.0 0.0 0.2 0.2 23.0 7.2 95.4 52.3 12.2 DCRS_-_Nova_Roma_-_Farroupilha_(180_m) -999.9 -999.9 999.9 994.3 995.4 15.1 5.7 481.0 Rio_Grande_do_Sul DCRS -999.9 0.0 0.0
-29.057501 -51.396099 DCRS-00008 2026-07-09_22:01 11.8 -999.9 -999.9 95.3 -999.9 -999.9 11.1 -999.9 -999.9 995.4 -999.9 -999.9 3.7 -999.9 6.3 0.0 0.0 0.0 0.0 0.0 0.2 0.2 23.0 7.2 95.4 52.3 12.2 DCRS_-_Nova_Roma_-_Farroupilha_(180_m) -999.9 -999.9 999.9 994.3 995.4 15.1 5.7 481.0 Rio_Grande_do_Sul DCRS -999.9 0.0 0.0
-29.057501 -51.396099 DCRS-00008 2026-07-09_22:02 11.8 -999.9 -999.9 95.3 -999.9 -999.9 11.1 -999.9 -999.9 995.5 -999.9 -999.9 2.5 -999.9 6.3 0.0 0.0 0.0 0.0 0.0 0.2 0.2 23.0 7.2 95.4 52.3 12.2 DCRS_-_Nova_Roma_-_Farroupilha_(180_m) -999.9 -999.9 999.9 994.3 995.5 15.1 5.7 481.0 Rio_Grande_do_Sul DCRS -999.9 0.0 0.0
-29.057501 -51.396099 DCRS-00008 2026-07-09_22:03 11.8 -999.9 -999.9 95.4 -999.9 -999.9 11.1 -999.9 -999.9 995.5 -999.9 -999.9 4.3 -999.9 6.3 0.0 0.0 0.0 0.0 0.0 0.2 0.2 23.0 7.2 95.4 52.3 12.2 DCRS_-_Nova_Roma_-_Farroupilha_(180_m) -999.9 -999.9 999.9 994.3 995.5 15.1 5.7 481.0 Rio_Grande_do_Sul DCRS -999.9 0.0 0.0
-29.057501 -51.396099 DCRS-00008 2026-07-09_22:04 11.8 -999.9 -999.9 95.4 -999.9 -999.9 11.1 -999.9 -999.9 995.5 -999.9 -999.9 0.0 -999.9 6.3 0.0 0.0 0.0 0.0 0.0 0.2 0.2 23.0 7.2 95.4 52.3 12.2 DCRS_-_Nova_Roma_-_Farroupilha_(180_m) -999.9 -999.9 999.9 994.3 995.5 15.1 5.7 481.0 Rio_Grande_do_Sul DCRS -999.9 0.0 0.0
-29.057501 -51.396099 DCRS-00008 2026-07-09_22:05 11.8 -999.9 -999.9 95.4 -999.9 -999.9 11.1 -999.9 -999.9 995.5 -999.9 -999.9 0.0 -999.9 5.2 0.0 0.0 0.0 0.0 0.0 0.2 0.2 23.0 7.2 95.4 52.3 12.2 DCRS_-_Nova_Roma_-_Farroupilha_(180_m) -999.9 -999.9 999.9 994.3 995.5 15.1 5.7 481.0 Rio_Grande_do_Sul DCRS -999.9 0.0 0.0
-29.057501 -51.396099 DCRS-00008 2026-07-09_22:06 11.9 -999.9 -999.9 95.5 -999.9 -999.9 11.2 -999.9 -999.9 995.5 -999.9 -999.9 2.2 -999.9 5.2 0.0 0.0 0.0 0.0 0.0 0.2 0.2 23.0 7.2 95.5 52.3 12.2 DCRS_-_Nova_Roma_-_Farroupilha_(180_m) -999.9 -999.9 999.9 994.3 995.5 15.1 5.7 481.0 Rio_Grande_do_Sul DCRS -999.9 0.0 0.0
-29.057501 -51.396099 DCRS-00008 2026-07-09_22:07 11.8 -999.9 -999.9 95.4 -999.9 -999.9 11.1 -999.9 -999.9 995.5 -999.9 -999.9 2.2 -999.9 5.2 0.0 0.0 0.0 0.0 0.0 0.2 0.2 23.0 7.2 95.5 52.3 12.2 DCRS_-_Nova_Roma_-_Farroupilha_(180_m) -999.9 -999.9 999.9 994.3 995.5 15.1 5.7 481.0 Rio_Grande_do_Sul DCRS -999.9 0.0 0.0
-29.057501 -51.396099 DCRS-00008 2026-07-09_22:08 11.9 -999.9 -999.9 95.4 -999.9 -999.9 11.2 -999.9 -999.9 995.5 -999.9 -999.9 0.0 -999.9 5.2 0.0 0.0 0.0 0.0 0.0 0.2 0.2 23.0 7.2 95.5 52.3 12.2 DCRS_-_Nova_Roma_-_Farroupilha_(180_m) -999.9 -999.9 999.9 994.3 995.5 15.1 5.7 481.0 Rio_Grande_do_Sul DCRS -999.9 0.0 0.0
-29.057501 -51.396099 DCRS-00008 2026-07-09_22:09 11.8 -999.9 -999.9 95.3 -999.9 -999.9 11.1 -999.9 -999.9 995.5 -999.9 -999.9 3.4 -999.9 5.2 0.0 0.0 0.0 0.0 0.0 0.2 0.2 23.0 7.2 95.5 52.3 12.2 DCRS_-_Nova_Roma_-_Farroupilha_(180_m) -999.9 -999.9 999.9 994.3 995.5 15.1 5.7 481.0 Rio_Grande_do_Sul DCRS -999.9 0.0 0.0
-29.057501 -51.396099 DCRS-00008 2026-07-09_22:10 11.8 -999.9 -999.9 95.4 -999.9 -999.9 11.1 -999.9 -999.9 995.5 -999.9 -999.9 3.2 -999.9 5.3 0.0 0.0 0.0 0.0 0.0 0.2 0.2 23.0 7.2 95.5 52.3 12.2 DCRS_-_Nova_Roma_-_Farroupilha_(180_m) -999.9 -999.9 999.9 994.3 995.5 15.1 5.7 481.0 Rio_Grande_do_Sul DCRS -999.9 0.0 0.0
-29.057501 -51.396099 DCRS-00008 2026-07-09_22:11 11.8 -999.9 -999.9 95.3 -999.9 -999.9 11.1 -999.9 -999.9 995.5 -999.9 -999.9 0.0 -999.9 5.3 0.0 0.0 0.0 0.0 0.0 0.2 0.2 23.0 7.2 95.5 52.3 12.2 DCRS_-_Nova_Roma_-_Farroupilha_(180_m) -999.9 -999.9 999.9 994.3 995.5 15.1 5.7 481.0 Rio_Grande_do_Sul DCRS -999.9 0.0 0.0
-29.057501 -51.396099 DCRS-00008 2026-07-09_22:12 11.7 -999.9 -999.9 95.3 -999.9 -999.9 11.0 -999.9 -999.9 995.5 -999.9 -999.9 2.1 -999.9 5.3 0.0 0.0 0.0 0.0 0.0 0.2 0.2 23.0 7.2 95.5 52.3 12.2 DCRS_-_Nova_Roma_-_Farroupilha_(180_m) -999.9 -999.9 999.9 994.3 995.5 15.1 5.7 481.0 Rio_Grande_do_Sul DCRS -999.9 0.0 0.0
-29.057501 -51.396099 DCRS-00008 2026-07-09_22:13 11.8 -999.9 -999.9 95.4 -999.9 -999.9 11.1 -999.9 -999.9 995.6 -999.9 -999.9 2.7 -999.9 5.3 0.0 0.0 0.0 0.0 0.0 0.2 0.2 23.0 7.2 95.5 52.3 12.2 DCRS_-_Nova_Roma_-_Farroupilha_(180_m) -999.9 -999.9 999.9 994.3 995.6 15.1 5.7 481.0 Rio_Grande_do_Sul DCRS -999.9 0.0 0.0
-29.057501 -51.396099 DCRS-00008 2026-07-09_22:14 11.7 -999.9 -999.9 95.3 -999.9 -999.9 11.0 -999.9 -999.9 995.6 -999.9 -999.9 3.2 -999.9 5.3 0.0 0.0 0.0 0.0 0.0 0.2 0.2 23.0 7.2 95.5 52.3 12.2 DCRS_-_Nova_Roma_-_Farroupilha_(180_m) -999.9 -999.9 999.9 994.3 995.6 15.1 5.7 481.0 Rio_Grande_do_Sul DCRS -999.9 0.0 0.0
-29.057501 -51.396099 DCRS-00008 2026-07-09_22:15 11.7 -999.9 -999.9 95.3 -999.9 -999.9 11.0 -999.9 -999.9 995.6 -999.9 -999.9 0.0 -999.9 5.0 0.0 0.0 0.0 0.0 0.0 0.2 0.2 23.0 7.2 95.5 52.3 12.2 DCRS_-_Nova_Roma_-_Farroupilha_(180_m) -999.9 -999.9 999.9 994.3 995.6 15.1 5.7 481.0 Rio_Grande_do_Sul DCRS -999.9 0.0 0.0
-29.057501 -51.396099 DCRS-00008 2026-07-09_22:16 11.8 -999.9 -999.9 95.4 -999.9 -999.9 11.1 -999.9 -999.9 995.6 -999.9 -999.9 2.4 -999.9 5.0 0.0 0.0 0.0 0.0 0.0 0.2 0.2 23.0 7.2 95.5 52.3 12.2 DCRS_-_Nova_Roma_-_Farroupilha_(180_m) -999.9 -999.9 999.9 994.3 995.6 15.1 5.7 481.0 Rio_Grande_do_Sul DCRS -999.9 0.0 0.0
-29.057501 -51.396099 DCRS-00008 2026-07-09_22:17 11.7 -999.9 -999.9 95.4 -999.9 -999.9 11.0 -999.9 -999.9 995.6 -999.9 -999.9 4.0 -999.9 5.0 0.0 0.0 0.0 0.0 0.0 0.2 0.2 23.0 7.2 95.5 52.3 12.2 DCRS_-_Nova_Roma_-_Farroupilha_(180_m) -999.9 -999.9 999.9 994.3 995.6 15.1 5.7 481.0 Rio_Grande_do_Sul DCRS -999.9 0.0 0.0
-29.057501 -51.396099 DCRS-00008 2026-07-09_22:18 11.7 -999.9 -999.9 95.4 -999.9 -999.9 11.0 -999.9 -999.9 995.6 -999.9 -999.9 0.0 -999.9 5.0 0.0 0.0 0.0 0.0 0.0 0.2 0.2 23.0 7.2 95.5 52.3 12.2 DCRS_-_Nova_Roma_-_Farroupilha_(180_m) -999.9 -999.9 999.9 994.3 995.6 15.1 5.7 481.0 Rio_Grande_do_Sul DCRS -999.9 0.0 0.0
-29.057501 -51.396099 DCRS-00008 2026-07-09_22:19 11.7 -999.9 -999.9 95.4 -999.9 -999.9 11.0 -999.9 -999.9 995.6 -999.9 -999.9 0.0 -999.9 5.0 0.0 0.0 0.0 0.0 0.0 0.2 0.2 23.0 7.2 95.5 52.3 12.2 DCRS_-_Nova_Roma_-_Farroupilha_(180_m) -999.9 -999.9 999.9 994.3 995.6 15.1 5.7 481.0 Rio_Grande_do_Sul DCRS -999.9 0.0 0.0
-29.057501 -51.396099 DCRS-00008 2026-07-09_22:20 11.7 -999.9 -999.9 95.3 -999.9 -999.9 11.0 -999.9 -999.9 995.6 -999.9 -999.9 0.0 -999.9 5.8 0.0 0.0 0.0 0.0 0.0 0.2 0.2 23.0 7.2 95.5 52.3 12.2 DCRS_-_Nova_Roma_-_Farroupilha_(180_m) -999.9 -999.9 999.9 994.3 995.6 15.1 5.7 481.0 Rio_Grande_do_Sul DCRS -999.9 0.0 0.0
-29.057501 -51.396099 DCRS-00008 2026-07-09_22:21 11.7 -999.9 -999.9 95.3 -999.9 -999.9 11.0 -999.9 -999.9 995.6 -999.9 -999.9 0.0 -999.9 5.8 0.0 0.0 0.0 0.0 0.0 0.2 0.2 23.0 7.2 95.5 52.3 12.2 DCRS_-_Nova_Roma_-_Farroupilha_(180_m) -999.9 -999.9 999.9 994.3 995.6 15.1 5.7 481.0 Rio_Grande_do_Sul DCRS -999.9 0.0 0.0
-29.057501 -51.396099 DCRS-00008 2026-07-09_22:22 11.7 -999.9 -999.9 95.3 -999.9 -999.9 11.0 -999.9 -999.9 995.6 -999.9 -999.9 0.0 -999.9 5.8 0.0 0.0 0.0 0.0 0.0 0.2 0.2 23.0 7.2 95.5 52.3 12.2 DCRS_-_Nova_Roma_-_Farroupilha_(180_m) -999.9 -999.9 999.9 994.3 995.6 15.1 5.7 481.0 Rio_Grande_do_Sul DCRS -999.9 0.0 0.0
-29.057501 -51.396099 DCRS-00008 2026-07-09_22:23 11.7 -999.9 -999.9 95.2 -999.9 -999.9 10.9 -999.9 -999.9 995.6 -999.9 -999.9 0.0 -999.9 5.8 0.0 0.0 0.0 0.0 0.0 0.2 0.2 23.0 7.2 95.5 52.3 12.2 DCRS_-_Nova_Roma_-_Farroupilha_(180_m) -999.9 -999.9 999.9 994.3 995.6 15.1 5.7 481.0 Rio_Grande_do_Sul DCRS -999.9 0.0 0.0
-29.057501 -51.396099 DCRS-00008 2026-07-09_22:24 11.7 -999.9 -999.9 95.3 -999.9 -999.9 11.0 -999.9 -999.9 995.6 -999.9 -999.9 0.0 -999.9 5.8 0.0 0.0 0.0 0.0 0.0 0.2 0.2 23.0 7.2 95.5 52.3 12.2 DCRS_-_Nova_Roma_-_Farroupilha_(180_m) -999.9 -999.9 999.9 994.3 995.6 15.1 5.7 481.0 Rio_Grande_do_Sul DCRS -999.9 0.0 0.0
-29.057501 -51.396099 DCRS-00008 2026-07-09_22:25 11.7 -999.9 -999.9 95.2 -999.9 -999.9 10.9 -999.9 -999.9 995.6 -999.9 -999.9 0.0 -999.9 0.0 0.0 0.0 0.0 0.0 0.0 0.2 0.2 23.0 7.2 95.5 52.3 12.2 DCRS_-_Nova_Roma_-_Farroupilha_(180_m) -999.9 -999.9 999.9 994.3 995.6 15.1 5.7 481.0 Rio_Grande_do_Sul DCRS -999.9 0.0 0.0
-29.057501 -51.396099 DCRS-00008 2026-07-09_22:26 11.7 -999.9 -999.9 95.2 -999.9 -999.9 10.9 -999.9 -999.9 995.6 -999.9 -999.9 0.0 -999.9 0.0 0.0 0.0 0.0 0.0 0.0 0.2 0.2 23.0 7.2 95.5 52.3 12.2 DCRS_-_Nova_Roma_-_Farroupilha_(180_m) -999.9 -999.9 999.9 994.3 995.6 15.1 5.7 481.0 Rio_Grande_do_Sul DCRS -999.9 0.0 0.0
-29.057501 -51.396099 DCRS-00008 2026-07-09_22:27 11.7 -999.9 -999.9 95.3 -999.9 -999.9 11.0 -999.9 -999.9 995.6 -999.9 -999.9 0.0 -999.9 0.0 0.0 0.0 0.0 0.0 0.0 0.2 0.2 23.0 7.2 95.5 52.3 12.2 DCRS_-_Nova_Roma_-_Farroupilha_(180_m) -999.9 -999.9 999.9 994.3 995.6 15.1 5.7 481.0 Rio_Grande_do_Sul DCRS -999.9 0.0 0.0
-29.057501 -51.396099 DCRS-00008 2026-07-09_22:28 11.7 -999.9 -999.9 95.3 -999.9 -999.9 11.0 -999.9 -999.9 995.6 -999.9 -999.9 0.0 -999.9 0.0 0.0 0.0 0.0 0.0 0.0 0.2 0.2 23.0 7.2 95.5 52.3 12.2 DCRS_-_Nova_Roma_-_Farroupilha_(180_m) -999.9 -999.9 999.9 994.3 995.6 15.1 5.7 481.0 Rio_Grande_do_Sul DCRS -999.9 0.0 0.0
-29.057501 -51.396099 DCRS-00008 2026-07-09_22:29 11.6 -999.9 -999.9 95.2 -999.9 -999.9 10.8 -999.9 -999.9 995.6 -999.9 -999.9 0.0 -999.9 0.0 0.0 0.0 0.0 0.0 0.0 0.2 0.2 23.0 7.2 95.5 52.3 12.2 DCRS_-_Nova_Roma_-_Farroupilha_(180_m) -999.9 -999.9 999.9 994.3 995.6 15.1 5.7 481.0 Rio_Grande_do_Sul DCRS -999.9 0.0 0.0
-29.057501 -51.396099 DCRS-00008 2026-07-09_22:30 11.6 -999.9 -999.9 95.2 -999.9 -999.9 10.8 -999.9 -999.9 995.6 -999.9 -999.9 0.0 -999.9 0.0 0.0 0.0 0.0 0.0 0.0 0.2 0.2 23.0 7.2 95.5 52.3 12.2 DCRS_-_Nova_Roma_-_Farroupilha_(180_m) -999.9 -999.9 999.9 994.3 995.6 15.1 5.7 481.0 Rio_Grande_do_Sul DCRS -999.9 0.0 0.0
-29.057501 -51.396099 DCRS-00008 2026-07-09_22:31 11.6 -999.9 -999.9 95.2 -999.9 -999.9 10.8 -999.9 -999.9 995.6 -999.9 -999.9 0.0 -999.9 0.0 0.0 0.0 0.0 0.0 0.0 0.2 0.2 23.0 7.2 95.5 52.3 12.2 DCRS_-_Nova_Roma_-_Farroupilha_(180_m) -999.9 -999.9 999.9 994.3 995.6 15.1 5.7 481.0 Rio_Grande_do_Sul DCRS -999.9 0.0 0.0
-29.057501 -51.396099 DCRS-00008 2026-07-09_22:32 11.6 -999.9 -999.9 95.1 -999.9 -999.9 10.8 -999.9 -999.9 995.7 -999.9 -999.9 0.0 -999.9 0.0 0.0 0.0 0.0 0.0 0.0 0.2 0.2 23.0 7.2 95.5 52.3 12.2 DCRS_-_Nova_Roma_-_Farroupilha_(180_m) -999.9 -999.9 999.9 994.3 995.7 15.1 5.7 481.0 Rio_Grande_do_Sul DCRS -999.9 0.0 0.0
-29.057501 -51.396099 DCRS-00008 2026-07-09_22:33 11.7 -999.9 -999.9 95.1 -999.9 -999.9 10.9 -999.9 -999.9 995.7 -999.9 -999.9 0.0 -999.9 0.0 0.0 0.0 0.0 0.0 0.0 0.2 0.2 23.0 7.2 95.5 52.3 12.2 DCRS_-_Nova_Roma_-_Farroupilha_(180_m) -999.9 -999.9 999.9 994.3 995.7 15.1 5.7 481.0 Rio_Grande_do_Sul DCRS -999.9 0.0 0.0
-29.057501 -51.396099 DCRS-00008 2026-07-09_22:34 11.6 -999.9 -999.9 95.2 -999.9 -999.9 10.8 -999.9 -999.9 995.7 -999.9 -999.9 -999.9 -999.9 0.0 0.0 0.0 0.0 0.0 0.0 0.2 0.2 23.0 7.2 95.5 52.3 12.2 DCRS_-_Nova_Roma_-_Farroupilha_(180_m) -999.9 -999.9 999.9 994.3 995.7 15.1 5.7 481.0 Rio_Grande_do_Sul DCRS -999.9 0.0 0.0
-29.057501 -51.396099 DCRS-00008 2026-07-09_22:35 11.6 -999.9 -999.9 95.2 -999.9 -999.9 10.8 -999.9 -999.9 995.7 -999.9 -999.9 2.1 -999.9 2.2 0.0 0.0 0.0 0.0 0.0 0.2 0.2 23.0 7.2 95.5 52.3 12.2 DCRS_-_Nova_Roma_-_Farroupilha_(180_m) -999.9 -999.9 999.9 994.3 995.7 15.1 5.7 481.0 Rio_Grande_do_Sul DCRS -999.9 0.0 0.0
-29.057501 -51.396099 DCRS-00008 2026-07-09_22:36 11.6 -999.9 -999.9 95.2 -999.9 -999.9 10.8 -999.9 -999.9 995.7 -999.9 -999.9 0.0 -999.9 2.2 0.0 0.0 0.0 0.0 0.0 0.2 0.2 23.0 7.2 95.5 52.3 12.2 DCRS_-_Nova_Roma_-_Farroupilha_(180_m) -999.9 -999.9 999.9 994.3 995.7 15.1 5.7 481.0 Rio_Grande_do_Sul DCRS -999.9 0.0 0.0
-29.057501 -51.396099 DCRS-00008 2026-07-09_22:37 11.6 -999.9 -999.9 95.1 -999.9 -999.9 10.8 -999.9 -999.9 995.7 -999.9 -999.9 0.0 -999.9 2.2 0.0 0.0 0.0 0.0 0.0 0.2 0.2 23.0 7.2 95.5 52.3 12.2 DCRS_-_Nova_Roma_-_Farroupilha_(180_m) -999.9 -999.9 999.9 994.3 995.7 15.1 5.7 481.0 Rio_Grande_do_Sul DCRS -999.9 0.0 0.0
-29.057501 -51.396099 DCRS-00008 2026-07-09_22:38 11.6 -999.9 -999.9 95.2 -999.9 -999.9 10.8 -999.9 -999.9 995.8 -999.9 -999.9 0.0 -999.9 2.2 0.0 0.0 0.0 0.0 0.0 0.2 0.2 23.0 7.2 95.5 52.3 12.2 DCRS_-_Nova_Roma_-_Farroupilha_(180_m) -999.9 -999.9 999.9 994.3 995.8 15.1 5.7 481.0 Rio_Grande_do_Sul DCRS -999.9 0.0 0.0
-29.057501 -51.396099 DCRS-00008 2026-07-09_22:39 11.6 -999.9 -999.9 95.3 -999.9 -999.9 10.9 -999.9 -999.9 995.8 -999.9 -999.9 0.0 -999.9 2.2 0.0 0.0 0.0 0.0 0.0 0.2 0.2 23.0 7.2 95.5 52.3 12.2 DCRS_-_Nova_Roma_-_Farroupilha_(180_m) -999.9 -999.9 999.9 994.3 995.8 15.1 5.7 481.0 Rio_Grande_do_Sul DCRS -999.9 0.0 0.0
-29.057501 -51.396099 DCRS-00008 2026-07-09_22:40 11.6 -999.9 -999.9 95.3 -999.9 -999.9 10.9 -999.9 -999.9 995.8 -999.9 -999.9 0.0 -999.9 2.1 0.0 0.0 0.0 0.0 0.0 0.2 0.2 23.0 7.2 95.5 52.3 12.2 DCRS_-_Nova_Roma_-_Farroupilha_(180_m) -999.9 -999.9 999.9 994.3 995.8 15.1 5.7 481.0 Rio_Grande_do_Sul DCRS -999.9 0.0 0.0
-29.057501 -51.396099 DCRS-00008 2026-07-09_22:41 11.6 -999.9 -999.9 95.2 -999.9 -999.9 10.8 -999.9 -999.9 995.8 -999.9 -999.9 0.0 -999.9 2.1 0.0 0.0 0.0 0.0 0.0 0.2 0.2 23.0 7.2 95.5 52.3 12.2 DCRS_-_Nova_Roma_-_Farroupilha_(180_m) -999.9 -999.9 999.9 994.3 995.8 15.1 5.7 481.0 Rio_Grande_do_Sul DCRS -999.9 0.0 0.0
-29.057501 -51.396099 DCRS-00008 2026-07-09_22:42 11.6 -999.9 -999.9 95.2 -999.9 -999.9 10.8 -999.9 -999.9 995.9 -999.9 -999.9 0.0 -999.9 2.1 0.0 0.0 0.0 0.0 0.0 0.2 0.2 23.0 7.2 95.5 52.3 12.2 DCRS_-_Nova_Roma_-_Farroupilha_(180_m) -999.9 -999.9 999.9 994.3 995.9 15.1 5.7 481.0 Rio_Grande_do_Sul DCRS -999.9 0.0 0.0
-29.057501 -51.396099 DCRS-00008 2026-07-09_22:43 11.6 -999.9 -999.9 95.2 -999.9 -999.9 10.8 -999.9 -999.9 995.9 -999.9 -999.9 0.0 -999.9 2.1 0.0 0.0 0.0 0.0 0.0 0.2 0.2 23.0 7.2 95.5 52.3 12.2 DCRS_-_Nova_Roma_-_Farroupilha_(180_m) -999.9 -999.9 999.9 994.3 995.9 15.1 5.7 481.0 Rio_Grande_do_Sul DCRS -999.9 0.0 0.0
-29.057501 -51.396099 DCRS-00008 2026-07-09_22:44 11.6 -999.9 -999.9 95.3 -999.9 -999.9 10.9 -999.9 -999.9 995.9 -999.9 -999.9 0.0 -999.9 2.1 0.0 0.0 0.0 0.0 0.0 0.2 0.2 23.0 7.2 95.5 52.3 12.2 DCRS_-_Nova_Roma_-_Farroupilha_(180_m) -999.9 -999.9 999.9 994.3 995.9 15.1 5.7 481.0 Rio_Grande_do_Sul DCRS -999.9 0.0 0.0
-29.057501 -51.396099 DCRS-00008 2026-07-09_22:45 11.6 -999.9 -999.9 95.3 -999.9 -999.9 10.9 -999.9 -999.9 995.9 -999.9 -999.9 0.0 -999.9 2.3 0.0 0.0 0.0 0.0 0.0 0.2 0.2 23.0 7.2 95.5 52.3 12.2 DCRS_-_Nova_Roma_-_Farroupilha_(180_m) -999.9 -999.9 999.9 994.3 995.9 15.1 5.7 481.0 Rio_Grande_do_Sul DCRS -999.9 0.0 0.0
-29.057501 -51.396099 DCRS-00008 2026-07-09_22:46 11.6 -999.9 -999.9 95.3 -999.9 -999.9 10.9 -999.9 -999.9 995.9 -999.9 -999.9 0.0 -999.9 2.3 0.0 0.0 0.0 0.0 0.0 0.2 0.2 23.0 7.2 95.5 52.3 12.2 DCRS_-_Nova_Roma_-_Farroupilha_(180_m) -999.9 -999.9 999.9 994.3 995.9 15.1 5.7 481.0 Rio_Grande_do_Sul DCRS -999.9 0.0 0.0
-29.057501 -51.396099 DCRS-00008 2026-07-09_22:47 11.6 -999.9 -999.9 95.3 -999.9 -999.9 10.9 -999.9 -999.9 995.9 -999.9 -999.9 -999.9 -999.9 2.3 0.0 0.0 0.0 0.0 0.0 0.2 0.2 23.0 7.2 95.5 52.3 12.2 DCRS_-_Nova_Roma_-_Farroupilha_(180_m) -999.9 -999.9 999.9 994.3 995.9 15.1 5.7 481.0 Rio_Grande_do_Sul DCRS -999.9 0.0 0.0
-29.057501 -51.396099 DCRS-00008 2026-07-09_22:48 11.6 -999.9 -999.9 95.3 -999.9 -999.9 10.9 -999.9 -999.9 995.9 -999.9 -999.9 0.0 -999.9 2.3 0.0 0.0 0.0 0.0 0.0 0.2 0.2 23.0 7.2 95.5 52.3 12.2 DCRS_-_Nova_Roma_-_Farroupilha_(180_m) -999.9 -999.9 999.9 994.3 995.9 15.1 5.7 481.0 Rio_Grande_do_Sul DCRS -999.9 0.0 0.0
-29.057501 -51.396099 DCRS-00008 2026-07-09_22:49 11.6 -999.9 -999.9 95.3 -999.9 -999.9 10.9 -999.9 -999.9 995.9 -999.9 -999.9 0.0 -999.9 2.3 0.0 0.0 0.0 0.0 0.0 0.2 0.2 23.0 7.2 95.5 52.3 12.2 DCRS_-_Nova_Roma_-_Farroupilha_(180_m) -999.9 -999.9 999.9 994.3 995.9 15.1 5.7 481.0 Rio_Grande_do_Sul DCRS -999.9 0.0 0.0
-29.057501 -51.396099 DCRS-00008 2026-07-09_22:50 11.6 -999.9 -999.9 95.3 -999.9 -999.9 10.9 -999.9 -999.9 995.9 -999.9 -999.9 0.0 -999.9 3.3 0.0 0.0 0.0 0.0 0.0 0.2 0.2 23.0 7.2 95.5 52.3 12.2 DCRS_-_Nova_Roma_-_Farroupilha_(180_m) -999.9 -999.9 999.9 994.3 995.9 15.1 5.7 481.0 Rio_Grande_do_Sul DCRS -999.9 0.0 0.0
-29.057501 -51.396099 DCRS-00008 2026-07-09_22:51 11.5 -999.9 -999.9 95.3 -999.9 -999.9 10.8 -999.9 -999.9 995.9 -999.9 -999.9 0.0 -999.9 3.3 0.0 0.0 0.0 0.0 0.0 0.2 0.2 23.0 7.2 95.5 52.3 12.2 DCRS_-_Nova_Roma_-_Farroupilha_(180_m) -999.9 -999.9 999.9 994.3 995.9 15.1 5.7 481.0 Rio_Grande_do_Sul DCRS -999.9 0.0 0.0
-29.057501 -51.396099 DCRS-00008 2026-07-09_22:52 11.5 -999.9 -999.9 95.3 -999.9 -999.9 10.8 -999.9 -999.9 995.9 -999.9 -999.9 0.0 -999.9 3.3 0.0 0.0 0.0 0.0 0.0 0.2 0.2 23.0 7.2 95.5 52.3 12.2 DCRS_-_Nova_Roma_-_Farroupilha_(180_m) -999.9 -999.9 999.9 994.3 995.9 15.1 5.7 481.0 Rio_Grande_do_Sul DCRS -999.9 0.0 0.0
-29.057501 -51.396099 DCRS-00008 2026-07-09_22:53 11.5 -999.9 -999.9 95.3 -999.9 -999.9 10.8 -999.9 -999.9 995.9 -999.9 -999.9 0.0 -999.9 3.3 0.0 0.0 0.0 0.0 0.0 0.2 0.2 23.0 7.2 95.5 52.3 12.2 DCRS_-_Nova_Roma_-_Farroupilha_(180_m) -999.9 -999.9 999.9 994.3 995.9 15.1 5.7 481.0 Rio_Grande_do_Sul DCRS -999.9 0.0 0.0
-29.057501 -51.396099 DCRS-00008 2026-07-09_22:54 11.5 -999.9 -999.9 95.3 -999.9 -999.9 10.8 -999.9 -999.9 995.9 -999.9 -999.9 0.0 -999.9 3.3 0.0 0.0 0.0 0.0 0.0 0.2 0.2 23.0 7.2 95.5 52.3 12.2 DCRS_-_Nova_Roma_-_Farroupilha_(180_m) -999.9 -999.9 999.9 994.3 995.9 15.1 5.7 481.0 Rio_Grande_do_Sul DCRS -999.9 0.0 0.0
-29.057501 -51.396099 DCRS-00008 2026-07-09_22:55 11.5 -999.9 -999.9 95.3 -999.9 -999.9 10.8 -999.9 -999.9 995.9 -999.9 -999.9 0.0 -999.9 2.2 0.0 0.0 0.0 0.0 0.0 0.2 0.2 23.0 7.2 95.5 52.3 12.2 DCRS_-_Nova_Roma_-_Farroupilha_(180_m) -999.9 -999.9 999.9 994.3 995.9 15.1 5.7 481.0 Rio_Grande_do_Sul DCRS -999.9 0.0 0.0
-29.057501 -51.396099 DCRS-00008 2026-07-09_22:56 11.5 -999.9 -999.9 95.2 -999.9 -999.9 10.8 -999.9 -999.9 996.0 -999.9 -999.9 0.0 -999.9 2.2 0.0 0.0 0.0 0.0 0.0 0.2 0.2 23.0 7.2 95.5 52.3 12.2 DCRS_-_Nova_Roma_-_Farroupilha_(180_m) -999.9 -999.9 999.9 994.3 996.0 15.1 5.7 481.0 Rio_Grande_do_Sul DCRS -999.9 0.0 0.0
-29.057501 -51.396099 DCRS-00008 2026-07-09_22:58 11.5 -999.9 -999.9 95.3 -999.9 -999.9 10.8 -999.9 -999.9 996.0 -999.9 -999.9 0.0 -999.9 2.2 0.0 0.0 0.0 0.0 0.0 0.2 0.2 23.0 7.2 95.5 52.3 12.2 DCRS_-_Nova_Roma_-_Farroupilha_(180_m) -999.9 -999.9 999.9 994.3 996.0 15.1 5.7 481.0 Rio_Grande_do_Sul DCRS -999.9 0.0 0.0
-29.057501 -51.396099 DCRS-00008 2026-07-09_22:59 11.4 -999.9 -999.9 95.3 -999.9 -999.9 10.7 -999.9 -999.9 996.0 -999.9 -999.9 0.0 -999.9 2.2 0.0 0.0 0.0 0.0 0.0 0.2 0.2 23.0 7.2 95.5 52.3 12.2 DCRS_-_Nova_Roma_-_Farroupilha_(180_m) -999.9 -999.9 999.9 994.3 996.0 15.1 5.7 481.0 Rio_Grande_do_Sul DCRS -999.9 0.0 0.0
-29.057501 -51.396099 DCRS-00008 2026-07-09_23:00 11.5 -999.9 -999.9 95.3 -999.9 -999.9 10.8 -999.9 -999.9 996.0 -999.9 -999.9 0.0 -999.9 1.9 0.0 0.0 0.0 0.0 0.0 0.2 0.2 23.0 7.2 95.5 52.3 12.2 DCRS_-_Nova_Roma_-_Farroupilha_(180_m) -999.9 -999.9 999.9 994.3 996.0 15.1 5.7 481.0 Rio_Grande_do_Sul DCRS -999.9 0.0 0.0
-29.057501 -51.396099 DCRS-00008 2026-07-09_23:01 11.4 -999.9 -999.9 95.2 -999.9 -999.9 10.7 -999.9 -999.9 996.1 -999.9 -999.9 -999.9 -999.9 1.9 0.0 0.0 0.0 0.0 0.0 0.2 0.2 23.0 7.2 95.5 52.3 12.2 DCRS_-_Nova_Roma_-_Farroupilha_(180_m) -999.9 -999.9 999.9 994.3 996.1 15.1 5.7 481.0 Rio_Grande_do_Sul DCRS -999.9 0.0 0.0
-29.057501 -51.396099 DCRS-00008 2026-07-09_23:02 11.4 -999.9 -999.9 95.2 -999.9 -999.9 10.7 -999.9 -999.9 996.1 -999.9 -999.9 0.0 -999.9 1.9 0.0 0.0 0.0 0.0 0.0 0.2 0.2 23.0 7.2 95.5 52.3 12.2 DCRS_-_Nova_Roma_-_Farroupilha_(180_m) -999.9 -999.9 999.9 994.3 996.1 15.1 5.7 481.0 Rio_Grande_do_Sul DCRS -999.9 0.0 0.0
-29.057501 -51.396099 DCRS-00008 2026-07-09_23:03 11.4 -999.9 -999.9 95.2 -999.9 -999.9 10.7 -999.9 -999.9 996.1 -999.9 -999.9 1.9 -999.9 1.9 0.0 0.0 0.0 0.0 0.0 0.2 0.2 23.0 7.2 95.5 52.3 12.2 DCRS_-_Nova_Roma_-_Farroupilha_(180_m) -999.9 -999.9 999.9 994.3 996.1 15.1 5.7 481.0 Rio_Grande_do_Sul DCRS -999.9 0.0 0.0
-29.057501 -51.396099 DCRS-00008 2026-07-09_23:04 11.4 -999.9 -999.9 95.3 -999.9 -999.9 10.7 -999.9 -999.9 996.1 -999.9 -999.9 0.0 -999.9 1.9 0.0 0.0 0.0 0.0 0.0 0.2 0.2 23.0 7.2 95.5 52.3 12.2 DCRS_-_Nova_Roma_-_Farroupilha_(180_m) -999.9 -999.9 999.9 994.3 996.1 15.1 5.7 481.0 Rio_Grande_do_Sul DCRS -999.9 0.0 0.0
-29.057501 -51.396099 DCRS-00008 2026-07-09_23:05 11.4 -999.9 -999.9 95.3 -999.9 -999.9 10.7 -999.9 -999.9 996.1 -999.9 -999.9 0.0 -999.9 3.9 0.0 0.0 0.0 0.0 0.0 0.2 0.2 23.0 7.2 95.5 52.3 12.2 DCRS_-_Nova_Roma_-_Farroupilha_(180_m) -999.9 -999.9 999.9 994.3 996.1 15.1 5.7 481.0 Rio_Grande_do_Sul DCRS -999.9 0.0 0.0
-29.057501 -51.396099 DCRS-00008 2026-07-09_23:06 11.4 -999.9 -999.9 95.3 -999.9 -999.9 10.7 -999.9 -999.9 996.1 -999.9 -999.9 0.0 -999.9 3.9 0.0 0.0 0.0 0.0 0.0 0.2 0.2 23.0 7.2 95.5 52.3 12.2 DCRS_-_Nova_Roma_-_Farroupilha_(180_m) -999.9 -999.9 999.9 994.3 996.1 15.1 5.7 481.0 Rio_Grande_do_Sul DCRS -999.9 0.0 0.0
-29.057501 -51.396099 DCRS-00008 2026-07-09_23:07 11.4 -999.9 -999.9 95.3 -999.9 -999.9 10.7 -999.9 -999.9 996.1 -999.9 -999.9 2.6 -999.9 3.9 0.0 0.0 0.0 0.0 0.0 0.2 0.2 23.0 7.2 95.5 52.3 12.2 DCRS_-_Nova_Roma_-_Farroupilha_(180_m) -999.9 -999.9 999.9 994.3 996.1 15.1 5.7 481.0 Rio_Grande_do_Sul DCRS -999.9 0.0 0.0
-29.057501 -51.396099 DCRS-00008 2026-07-09_23:08 11.4 -999.9 -999.9 95.3 -999.9 -999.9 10.7 -999.9 -999.9 996.1 -999.9 -999.9 0.0 -999.9 3.9 0.0 0.0 0.0 0.0 0.0 0.2 0.2 23.0 7.2 95.5 52.3 12.2 DCRS_-_Nova_Roma_-_Farroupilha_(180_m) -999.9 -999.9 999.9 994.3 996.1 15.1 5.7 481.0 Rio_Grande_do_Sul DCRS -999.9 0.0 0.0
-29.057501 -51.396099 DCRS-00008 2026-07-09_23:09 11.4 -999.9 -999.9 95.3 -999.9 -999.9 10.7 -999.9 -999.9 996.1 -999.9 -999.9 2.3 -999.9 3.9 0.0 0.0 0.0 0.0 0.0 0.2 0.2 23.0 7.2 95.5 52.3 12.2 DCRS_-_Nova_Roma_-_Farroupilha_(180_m) -999.9 -999.9 999.9 994.3 996.1 15.1 5.7 481.0 Rio_Grande_do_Sul DCRS -999.9 0.0 0.0
-29.057501 -51.396099 DCRS-00008 2026-07-09_23:10 11.4 -999.9 -999.9 95.3 -999.9 -999.9 10.7 -999.9 -999.9 996.1 -999.9 -999.9 0.0 -999.9 2.7 0.0 0.0 0.0 0.0 0.0 0.2 0.2 23.0 7.2 95.5 52.3 12.2 DCRS_-_Nova_Roma_-_Farroupilha_(180_m) -999.9 -999.9 999.9 994.3 996.1 15.1 5.7 481.0 Rio_Grande_do_Sul DCRS -999.9 0.0 0.0
-29.057501 -51.396099 DCRS-00008 2026-07-09_23:11 11.4 -999.9 -999.9 95.4 -999.9 -999.9 10.7 -999.9 -999.9 996.1 -999.9 -999.9 1.9 -999.9 2.7 0.0 0.0 0.0 0.0 0.0 0.2 0.2 23.0 7.2 95.5 52.3 12.2 DCRS_-_Nova_Roma_-_Farroupilha_(180_m) -999.9 -999.9 999.9 994.3 996.1 15.1 5.7 481.0 Rio_Grande_do_Sul DCRS -999.9 0.0 0.0
-29.057501 -51.396099 DCRS-00008 2026-07-09_23:12 11.4 -999.9 -999.9 95.4 -999.9 -999.9 10.7 -999.9 -999.9 996.1 -999.9 -999.9 2.5 -999.9 2.7 0.0 0.0 0.0 0.0 0.0 0.2 0.2 23.0 7.2 95.5 52.3 12.2 DCRS_-_Nova_Roma_-_Farroupilha_(180_m) -999.9 -999.9 999.9 994.3 996.1 15.1 5.7 481.0 Rio_Grande_do_Sul DCRS -999.9 0.0 0.0
-29.057501 -51.396099 DCRS-00008 2026-07-09_23:13 11.3 -999.9 -999.9 95.4 -999.9 -999.9 10.6 -999.9 -999.9 996.1 -999.9 -999.9 -999.9 -999.9 2.7 0.0 0.0 0.0 0.0 0.0 0.2 0.2 23.0 7.2 95.5 52.3 12.2 DCRS_-_Nova_Roma_-_Farroupilha_(180_m) -999.9 -999.9 999.9 994.3 996.1 15.1 5.7 481.0 Rio_Grande_do_Sul DCRS -999.9 0.0 0.0
-29.057501 -51.396099 DCRS-00008 2026-07-09_23:14 11.4 -999.9 -999.9 95.4 -999.9 -999.9 10.7 -999.9 -999.9 996.1 -999.9 -999.9 1.9 -999.9 2.7 0.0 0.0 0.0 0.0 0.0 0.2 0.2 23.0 7.2 95.5 52.3 12.2 DCRS_-_Nova_Roma_-_Farroupilha_(180_m) -999.9 -999.9 999.9 994.3 996.1 15.1 5.7 481.0 Rio_Grande_do_Sul DCRS -999.9 0.0 0.0
-29.057501 -51.396099 DCRS-00008 2026-07-09_23:15 11.4 -999.9 -999.9 95.4 -999.9 -999.9 10.7 -999.9 -999.9 996.1 -999.9 -999.9 2.7 -999.9 4.1 0.0 0.0 0.0 0.0 0.0 0.2 0.2 23.0 7.2 95.5 52.3 12.2 DCRS_-_Nova_Roma_-_Farroupilha_(180_m) -999.9 -999.9 999.9 994.3 996.1 15.1 5.7 481.0 Rio_Grande_do_Sul DCRS -999.9 0.0 0.0
-29.057501 -51.396099 DCRS-00008 2026-07-09_23:16 11.4 -999.9 -999.9 95.5 -999.9 -999.9 10.7 -999.9 -999.9 996.1 -999.9 -999.9 0.0 -999.9 4.1 0.0 0.0 0.0 0.0 0.0 0.2 0.2 23.0 7.2 95.5 52.3 12.2 DCRS_-_Nova_Roma_-_Farroupilha_(180_m) -999.9 -999.9 999.9 994.3 996.1 15.1 5.7 481.0 Rio_Grande_do_Sul DCRS -999.9 0.0 0.0
-29.057501 -51.396099 DCRS-00008 2026-07-09_23:17 11.4 -999.9 -999.9 95.5 -999.9 -999.9 10.7 -999.9 -999.9 996.1 -999.9 -999.9 0.0 -999.9 4.1 0.0 0.0 0.0 0.0 0.0 0.2 0.2 23.0 7.2 95.5 52.3 12.2 DCRS_-_Nova_Roma_-_Farroupilha_(180_m) -999.9 -999.9 999.9 994.3 996.1 15.1 5.7 481.0 Rio_Grande_do_Sul DCRS -999.9 0.0 0.0
-29.057501 -51.396099 DCRS-00008 2026-07-09_23:18 11.4 -999.9 -999.9 95.4 -999.9 -999.9 10.7 -999.9 -999.9 996.1 -999.9 -999.9 2.9 -999.9 4.1 0.0 0.0 0.0 0.0 0.0 0.2 0.2 23.0 7.2 95.5 52.3 12.2 DCRS_-_Nova_Roma_-_Farroupilha_(180_m) -999.9 -999.9 999.9 994.3 996.1 15.1 5.7 481.0 Rio_Grande_do_Sul DCRS -999.9 0.0 0.0
-29.057501 -51.396099 DCRS-00008 2026-07-09_23:19 11.4 -999.9 -999.9 95.5 -999.9 -999.9 10.7 -999.9 -999.9 996.1 -999.9 -999.9 1.8 -999.9 4.1 0.0 0.0 0.0 0.0 0.0 0.2 0.2 23.0 7.2 95.5 52.3 12.2 DCRS_-_Nova_Roma_-_Farroupilha_(180_m) -999.9 -999.9 999.9 994.3 996.1 15.1 5.7 481.0 Rio_Grande_do_Sul DCRS -999.9 0.0 0.0
-29.057501 -51.396099 DCRS-00008 2026-07-09_23:20 11.3 -999.9 -999.9 95.5 -999.9 -999.9 10.6 -999.9 -999.9 996.1 -999.9 -999.9 0.0 -999.9 4.0 0.0 0.0 0.0 0.0 0.0 0.2 0.2 23.0 7.2 95.5 52.3 12.2 DCRS_-_Nova_Roma_-_Farroupilha_(180_m) -999.9 -999.9 999.9 994.3 996.1 15.1 5.7 481.0 Rio_Grande_do_Sul DCRS -999.9 0.0 0.0
-29.057501 -51.396099 DCRS-00008 2026-07-09_23:21 11.4 -999.9 -999.9 95.5 -999.9 -999.9 10.7 -999.9 -999.9 996.1 -999.9 -999.9 2.6 -999.9 4.0 0.0 0.0 0.0 0.0 0.0 0.2 0.2 23.0 7.2 95.5 52.3 12.2 DCRS_-_Nova_Roma_-_Farroupilha_(180_m) -999.9 -999.9 999.9 994.3 996.1 15.1 5.7 481.0 Rio_Grande_do_Sul DCRS -999.9 0.0 0.0
-29.057501 -51.396099 DCRS-00008 2026-07-09_23:22 11.4 -999.9 -999.9 95.6 -999.9 -999.9 10.7 -999.9 -999.9 996.1 -999.9 -999.9 2.5 -999.9 4.0 0.0 0.0 0.0 0.0 0.0 0.2 0.2 23.0 7.2 95.6 52.3 12.2 DCRS_-_Nova_Roma_-_Farroupilha_(180_m) -999.9 -999.9 999.9 994.3 996.1 15.1 5.7 481.0 Rio_Grande_do_Sul DCRS -999.9 0.0 0.0
-29.057501 -51.396099 DCRS-00008 2026-07-09_23:23 11.4 -999.9 -999.9 95.6 -999.9 -999.9 10.7 -999.9 -999.9 996.1 -999.9 -999.9 1.8 -999.9 4.0 0.0 0.0 0.0 0.0 0.0 0.2 0.2 23.0 7.2 95.6 52.3 12.2 DCRS_-_Nova_Roma_-_Farroupilha_(180_m) -999.9 -999.9 999.9 994.3 996.1 15.1 5.7 481.0 Rio_Grande_do_Sul DCRS -999.9 0.0 0.0
-29.057501 -51.396099 DCRS-00008 2026-07-09_23:24 11.4 -999.9 -999.9 95.5 -999.9 -999.9 10.7 -999.9 -999.9 996.0 -999.9 -999.9 2.3 -999.9 4.0 0.0 0.0 0.0 0.0 0.0 0.2 0.2 23.0 7.2 95.6 52.3 12.2 DCRS_-_Nova_Roma_-_Farroupilha_(180_m) -999.9 -999.9 999.9 994.3 996.0 15.1 5.7 481.0 Rio_Grande_do_Sul DCRS -999.9 0.0 0.0
-29.057501 -51.396099 DCRS-00008 2026-07-09_23:25 11.4 -999.9 -999.9 95.6 -999.9 -999.9 10.7 -999.9 -999.9 996.0 -999.9 -999.9 5.3 -999.9 5.3 0.0 0.0 0.0 0.0 0.0 0.2 0.2 23.0 7.2 95.6 52.3 12.2 DCRS_-_Nova_Roma_-_Farroupilha_(180_m) -999.9 -999.9 999.9 994.3 996.0 15.1 5.7 481.0 Rio_Grande_do_Sul DCRS -999.9 0.0 0.0
-29.057501 -51.396099 DCRS-00008 2026-07-09_23:26 11.4 -999.9 -999.9 95.6 -999.9 -999.9 10.7 -999.9 -999.9 996.0 -999.9 -999.9 4.0 -999.9 5.3 0.0 0.0 0.0 0.0 0.0 0.2 0.2 23.0 7.2 95.6 52.3 12.2 DCRS_-_Nova_Roma_-_Farroupilha_(180_m) -999.9 -999.9 999.9 994.3 996.0 15.1 5.7 481.0 Rio_Grande_do_Sul DCRS -999.9 0.0 0.0
-29.057501 -51.396099 DCRS-00008 2026-07-09_23:27 11.4 -999.9 -999.9 95.6 -999.9 -999.9 10.7 -999.9 -999.9 996.0 -999.9 -999.9 4.4 -999.9 5.3 0.0 0.0 0.0 0.0 0.0 0.2 0.2 23.0 7.2 95.6 52.3 12.2 DCRS_-_Nova_Roma_-_Farroupilha_(180_m) -999.9 -999.9 999.9 994.3 996.0 15.1 5.7 481.0 Rio_Grande_do_Sul DCRS -999.9 0.0 0.0
-29.057501 -51.396099 DCRS-00008 2026-07-09_23:28 11.4 -999.9 -999.9 95.5 -999.9 -999.9 10.7 -999.9 -999.9 996.0 -999.9 -999.9 2.6 -999.9 5.3 0.0 0.0 0.0 0.0 0.0 0.2 0.2 23.0 7.2 95.6 52.3 12.2 DCRS_-_Nova_Roma_-_Farroupilha_(180_m) -999.9 -999.9 999.9 994.3 996.0 15.1 5.7 481.0 Rio_Grande_do_Sul DCRS -999.9 0.0 0.0
-29.057501 -51.396099 DCRS-00008 2026-07-09_23:29 11.4 -999.9 -999.9 95.5 -999.9 -999.9 10.7 -999.9 -999.9 996.0 -999.9 -999.9 1.9 -999.9 5.3 0.0 0.0 0.0 0.0 0.0 0.2 0.2 23.0 7.2 95.6 52.3 12.2 DCRS_-_Nova_Roma_-_Farroupilha_(180_m) -999.9 -999.9 999.9 994.3 996.0 15.1 5.7 481.0 Rio_Grande_do_Sul DCRS -999.9 0.0 0.0
-29.057501 -51.396099 DCRS-00008 2026-07-09_23:30 11.4 -999.9 -999.9 95.5 -999.9 -999.9 10.7 -999.9 -999.9 996.0 -999.9 -999.9 3.1 -999.9 6.2 0.0 0.0 0.0 0.0 0.0 0.2 0.2 23.0 7.2 95.6 52.3 12.2 DCRS_-_Nova_Roma_-_Farroupilha_(180_m) -999.9 -999.9 999.9 994.3 996.0 15.1 5.7 481.0 Rio_Grande_do_Sul DCRS -999.9 0.0 0.0
-29.057501 -51.396099 DCRS-00008 2026-07-09_23:31 11.4 -999.9 -999.9 95.5 -999.9 -999.9 10.7 -999.9 -999.9 996.0 -999.9 -999.9 4.4 -999.9 6.2 0.0 0.0 0.0 0.0 0.0 0.2 0.2 23.0 7.2 95.6 52.3 12.2 DCRS_-_Nova_Roma_-_Farroupilha_(180_m) -999.9 -999.9 999.9 994.3 996.0 15.1 5.7 481.0 Rio_Grande_do_Sul DCRS -999.9 0.0 0.0
-29.057501 -51.396099 DCRS-00008 2026-07-09_23:32 11.5 -999.9 -999.9 95.6 -999.9 -999.9 10.8 -999.9 -999.9 996.1 -999.9 -999.9 3.5 -999.9 6.2 0.0 0.0 0.0 0.0 0.0 0.2 0.2 23.0 7.2 95.6 52.3 12.2 DCRS_-_Nova_Roma_-_Farroupilha_(180_m) -999.9 -999.9 999.9 994.3 996.1 15.1 5.7 481.0 Rio_Grande_do_Sul DCRS -999.9 0.0 0.0
-29.057501 -51.396099 DCRS-00008 2026-07-09_23:33 11.4 -999.9 -999.9 95.5 -999.9 -999.9 10.7 -999.9 -999.9 996.1 -999.9 -999.9 3.3 -999.9 6.2 0.0 0.0 0.0 0.0 0.0 0.2 0.2 23.0 7.2 95.6 52.3 12.2 DCRS_-_Nova_Roma_-_Farroupilha_(180_m) -999.9 -999.9 999.9 994.3 996.1 15.1 5.7 481.0 Rio_Grande_do_Sul DCRS -999.9 0.0 0.0
-29.057501 -51.396099 DCRS-00008 2026-07-09_23:34 11.5 -999.9 -999.9 95.6 -999.9 -999.9 10.8 -999.9 -999.9 996.1 -999.9 -999.9 3.0 -999.9 6.2 0.0 0.0 0.0 0.0 0.0 0.2 0.2 23.0 7.2 95.6 52.3 12.2 DCRS_-_Nova_Roma_-_Farroupilha_(180_m) -999.9 -999.9 999.9 994.3 996.1 15.1 5.7 481.0 Rio_Grande_do_Sul DCRS -999.9 0.0 0.0
-29.057501 -51.396099 DCRS-00008 2026-07-09_23:35 11.4 -999.9 -999.9 95.6 -999.9 -999.9 10.7 -999.9 -999.9 996.1 -999.9 -999.9 4.2 -999.9 6.4 0.0 0.0 0.0 0.0 0.0 0.2 0.2 23.0 7.2 95.6 52.3 12.2 DCRS_-_Nova_Roma_-_Farroupilha_(180_m) -999.9 -999.9 999.9 994.3 996.1 15.1 5.7 481.0 Rio_Grande_do_Sul DCRS -999.9 0.0 0.0
-29.057501 -51.396099 DCRS-00008 2026-07-09_23:36 11.4 -999.9 -999.9 95.6 -999.9 -999.9 10.7 -999.9 -999.9 996.1 -999.9 -999.9 3.4 -999.9 6.4 0.0 0.0 0.0 0.0 0.0 0.2 0.2 23.0 7.2 95.6 52.3 12.2 DCRS_-_Nova_Roma_-_Farroupilha_(180_m) -999.9 -999.9 999.9 994.3 996.1 15.1 5.7 481.0 Rio_Grande_do_Sul DCRS -999.9 0.0 0.0
-29.057501 -51.396099 DCRS-00008 2026-07-09_23:37 11.4 -999.9 -999.9 95.6 -999.9 -999.9 10.7 -999.9 -999.9 996.1 -999.9 -999.9 4.9 -999.9 6.4 0.0 0.0 0.0 0.0 0.0 0.2 0.2 23.0 7.2 95.6 52.3 12.2 DCRS_-_Nova_Roma_-_Farroupilha_(180_m) -999.9 -999.9 999.9 994.3 996.1 15.1 5.7 481.0 Rio_Grande_do_Sul DCRS -999.9 0.0 0.0
-29.057501 -51.396099 DCRS-00008 2026-07-09_23:38 11.4 -999.9 -999.9 95.6 -999.9 -999.9 10.7 -999.9 -999.9 996.1 -999.9 -999.9 4.4 -999.9 6.4 0.0 0.0 0.0 0.0 0.0 0.2 0.2 23.0 7.2 95.6 52.3 12.2 DCRS_-_Nova_Roma_-_Farroupilha_(180_m) -999.9 -999.9 999.9 994.3 996.1 15.1 5.7 481.0 Rio_Grande_do_Sul DCRS -999.9 0.0 0.0
-29.057501 -51.396099 DCRS-00008 2026-07-09_23:39 11.4 -999.9 -999.9 95.6 -999.9 -999.9 10.7 -999.9 -999.9 996.1 -999.9 -999.9 2.0 -999.9 6.4 0.0 0.0 0.0 0.0 0.0 0.2 0.2 23.0 7.2 95.6 52.3 12.2 DCRS_-_Nova_Roma_-_Farroupilha_(180_m) -999.9 -999.9 999.9 994.3 996.1 15.1 5.7 481.0 Rio_Grande_do_Sul DCRS -999.9 0.0 0.0
-29.057501 -51.396099 DCRS-00008 2026-07-09_23:40 11.4 -999.9 -999.9 95.6 -999.9 -999.9 10.7 -999.9 -999.9 996.2 -999.9 -999.9 3.6 -999.9 5.5 0.0 0.0 0.0 0.0 0.0 0.2 0.2 23.0 7.2 95.6 52.3 12.2 DCRS_-_Nova_Roma_-_Farroupilha_(180_m) -999.9 -999.9 999.9 994.3 996.2 15.1 5.7 481.0 Rio_Grande_do_Sul DCRS -999.9 0.0 0.0
-29.057501 -51.396099 DCRS-00008 2026-07-09_23:41 11.4 -999.9 -999.9 95.7 -999.9 -999.9 10.7 -999.9 -999.9 996.2 -999.9 -999.9 4.9 -999.9 5.5 0.0 0.0 0.0 0.0 0.0 0.2 0.2 23.0 7.2 95.7 52.3 12.2 DCRS_-_Nova_Roma_-_Farroupilha_(180_m) -999.9 -999.9 999.9 994.3 996.2 15.1 5.7 481.0 Rio_Grande_do_Sul DCRS -999.9 0.0 0.0
-29.057501 -51.396099 DCRS-00008 2026-07-09_23:42 11.5 -999.9 -999.9 95.7 -999.9 -999.9 10.8 -999.9 -999.9 996.2 -999.9 -999.9 4.5 -999.9 5.5 0.0 0.0 0.0 0.0 0.0 0.2 0.2 23.0 7.2 95.7 52.3 12.2 DCRS_-_Nova_Roma_-_Farroupilha_(180_m) -999.9 -999.9 999.9 994.3 996.2 15.1 5.7 481.0 Rio_Grande_do_Sul DCRS -999.9 0.0 0.0
-29.057501 -51.396099 DCRS-00008 2026-07-09_23:43 11.5 -999.9 -999.9 95.7 -999.9 -999.9 10.8 -999.9 -999.9 996.2 -999.9 -999.9 4.5 -999.9 5.5 0.0 0.0 0.0 0.0 0.0 0.2 0.2 23.0 7.2 95.7 52.3 12.2 DCRS_-_Nova_Roma_-_Farroupilha_(180_m) -999.9 -999.9 999.9 994.3 996.2 15.1 5.7 481.0 Rio_Grande_do_Sul DCRS -999.9 0.0 0.0
-29.057501 -51.396099 DCRS-00008 2026-07-09_23:44 11.5 -999.9 -999.9 95.7 -999.9 -999.9 10.8 -999.9 -999.9 996.2 -999.9 -999.9 2.9 -999.9 5.5 0.0 0.0 0.0 0.0 0.0 0.2 0.2 23.0 7.2 95.7 52.3 12.2 DCRS_-_Nova_Roma_-_Farroupilha_(180_m) -999.9 -999.9 999.9 994.3 996.2 15.1 5.7 481.0 Rio_Grande_do_Sul DCRS -999.9 0.0 0.0
-29.057501 -51.396099 DCRS-00008 2026-07-09_23:45 11.5 -999.9 -999.9 95.7 -999.9 -999.9 10.8 -999.9 -999.9 996.1 -999.9 -999.9 2.2 -999.9 7.0 0.0 0.0 0.0 0.0 0.0 0.2 0.2 23.0 7.2 95.7 52.3 12.2 DCRS_-_Nova_Roma_-_Farroupilha_(180_m) -999.9 -999.9 999.9 994.3 996.1 15.1 5.7 481.0 Rio_Grande_do_Sul DCRS -999.9 0.0 0.0
-29.057501 -51.396099 DCRS-00008 2026-07-09_23:46 11.5 -999.9 -999.9 95.8 -999.9 -999.9 10.8 -999.9 -999.9 996.1 -999.9 -999.9 0.0 -999.9 7.0 0.0 0.0 0.0 0.0 0.0 0.2 0.2 23.0 7.2 95.8 52.3 12.2 DCRS_-_Nova_Roma_-_Farroupilha_(180_m) -999.9 -999.9 999.9 994.3 996.1 15.1 5.7 481.0 Rio_Grande_do_Sul DCRS -999.9 0.0 0.0
-29.057501 -51.396099 DCRS-00008 2026-07-09_23:47 11.6 -999.9 -999.9 95.8 -999.9 -999.9 10.9 -999.9 -999.9 996.2 -999.9 -999.9 0.0 -999.9 7.0 0.0 0.0 0.0 0.0 0.0 0.2 0.2 23.0 7.2 95.8 52.3 12.2 DCRS_-_Nova_Roma_-_Farroupilha_(180_m) -999.9 -999.9 999.9 994.3 996.2 15.1 5.7 481.0 Rio_Grande_do_Sul DCRS -999.9 0.0 0.0
-29.057501 -51.396099 DCRS-00008 2026-07-09_23:48 11.6 -999.9 -999.9 95.8 -999.9 -999.9 10.9 -999.9 -999.9 996.2 -999.9 -999.9 2.2 -999.9 7.0 0.0 0.0 0.0 0.0 0.0 0.2 0.2 23.0 7.2 95.8 52.3 12.2 DCRS_-_Nova_Roma_-_Farroupilha_(180_m) -999.9 -999.9 999.9 994.3 996.2 15.1 5.7 481.0 Rio_Grande_do_Sul DCRS -999.9 0.0 0.0
-29.057501 -51.396099 DCRS-00008 2026-07-09_23:49 11.6 -999.9 -999.9 95.8 -999.9 -999.9 10.9 -999.9 -999.9 996.2 -999.9 -999.9 0.0 -999.9 7.0 0.0 0.0 0.0 0.0 0.0 0.2 0.2 23.0 7.2 95.8 52.3 12.2 DCRS_-_Nova_Roma_-_Farroupilha_(180_m) -999.9 -999.9 999.9 994.3 996.2 15.1 5.7 481.0 Rio_Grande_do_Sul DCRS -999.9 0.0 0.0
-29.057501 -51.396099 DCRS-00008 2026-07-09_23:50 11.6 -999.9 -999.9 95.8 -999.9 -999.9 10.9 -999.9 -999.9 996.2 -999.9 -999.9 0.0 -999.9 2.9 0.0 0.0 0.0 0.0 0.0 0.2 0.2 23.0 7.2 95.8 52.3 12.2 DCRS_-_Nova_Roma_-_Farroupilha_(180_m) -999.9 -999.9 999.9 994.3 996.2 15.1 5.7 481.0 Rio_Grande_do_Sul DCRS -999.9 0.0 0.0
-29.057501 -51.396099 DCRS-00008 2026-07-09_23:51 11.6 -999.9 -999.9 95.8 -999.9 -999.9 10.9 -999.9 -999.9 996.2 -999.9 -999.9 0.0 -999.9 2.9 0.0 0.0 0.0 0.0 0.0 0.2 0.2 23.0 7.2 95.8 52.3 12.2 DCRS_-_Nova_Roma_-_Farroupilha_(180_m) -999.9 -999.9 999.9 994.3 996.2 15.1 5.7 481.0 Rio_Grande_do_Sul DCRS -999.9 0.0 0.0
-29.057501 -51.396099 DCRS-00008 2026-07-09_23:52 11.6 -999.9 -999.9 95.8 -999.9 -999.9 10.9 -999.9 -999.9 996.3 -999.9 -999.9 0.0 -999.9 2.9 0.0 0.0 0.0 0.0 0.0 0.2 0.2 23.0 7.2 95.8 52.3 12.2 DCRS_-_Nova_Roma_-_Farroupilha_(180_m) -999.9 -999.9 999.9 994.3 996.3 15.1 5.7 481.0 Rio_Grande_do_Sul DCRS -999.9 0.0 0.0
-29.057501 -51.396099 DCRS-00008 2026-07-09_23:53 11.6 -999.9 -999.9 95.8 -999.9 -999.9 10.9 -999.9 -999.9 996.3 -999.9 -999.9 1.8 -999.9 2.9 0.0 0.0 0.0 0.0 0.0 0.2 0.2 23.0 7.2 95.8 52.3 12.2 DCRS_-_Nova_Roma_-_Farroupilha_(180_m) -999.9 -999.9 999.9 994.3 996.3 15.1 5.7 481.0 Rio_Grande_do_Sul DCRS -999.9 0.0 0.0
-29.057501 -51.396099 DCRS-00008 2026-07-09_23:54 11.6 -999.9 -999.9 95.8 -999.9 -999.9 10.9 -999.9 -999.9 996.3 -999.9 -999.9 0.0 -999.9 2.9 0.0 0.0 0.0 0.0 0.0 0.2 0.2 23.0 7.2 95.8 52.3 12.2 DCRS_-_Nova_Roma_-_Farroupilha_(180_m) -999.9 -999.9 999.9 994.3 996.3 15.1 5.7 481.0 Rio_Grande_do_Sul DCRS -999.9 0.0 0.0
-29.057501 -51.396099 DCRS-00008 2026-07-09_23:55 11.6 -999.9 -999.9 95.8 -999.9 -999.9 10.9 -999.9 -999.9 996.3 -999.9 -999.9 2.1 -999.9 2.8 0.0 0.0 0.0 0.0 0.0 0.2 0.2 23.0 7.2 95.8 52.3 12.2 DCRS_-_Nova_Roma_-_Farroupilha_(180_m) -999.9 -999.9 999.9 994.3 996.3 15.1 5.7 481.0 Rio_Grande_do_Sul DCRS -999.9 0.0 0.0
-29.057501 -51.396099 DCRS-00008 2026-07-09_23:56 11.6 -999.9 -999.9 95.8 -999.9 -999.9 10.9 -999.9 -999.9 996.3 -999.9 -999.9 0.0 -999.9 2.8 0.0 0.0 0.0 0.0 0.0 0.2 0.2 23.0 7.2 95.8 52.3 12.2 DCRS_-_Nova_Roma_-_Farroupilha_(180_m) -999.9 -999.9 999.9 994.3 996.3 15.1 5.7 481.0 Rio_Grande_do_Sul DCRS -999.9 0.0 0.0
-29.057501 -51.396099 DCRS-00008 2026-07-09_23:57 11.7 -999.9 -999.9 95.9 -999.9 -999.9 11.1 -999.9 -999.9 996.3 -999.9 -999.9 2.4 -999.9 2.8 0.0 0.0 0.0 0.0 0.0 0.2 0.2 23.0 7.2 95.9 52.3 12.2 DCRS_-_Nova_Roma_-_Farroupilha_(180_m) -999.9 -999.9 999.9 994.3 996.3 15.1 5.7 481.0 Rio_Grande_do_Sul DCRS -999.9 0.0 0.0
-29.057501 -51.396099 DCRS-00008 2026-07-09_23:58 11.7 -999.9 -999.9 95.9 -999.9 -999.9 11.1 -999.9 -999.9 996.3 -999.9 -999.9 2.4 -999.9 2.8 0.0 0.0 0.0 0.0 0.0 0.2 0.2 23.0 7.2 95.9 52.3 12.2 DCRS_-_Nova_Roma_-_Farroupilha_(180_m) -999.9 -999.9 999.9 994.3 996.3 15.1 5.7 481.0 Rio_Grande_do_Sul DCRS -999.9 0.0 0.0
-29.057501 -51.396099 DCRS-00008 2026-07-09_23:59 11.7 -999.9 -999.9 95.8 -999.9 -999.9 11.0 -999.9 -999.9 996.3 -999.9 -999.9 2.4 -999.9 2.8 0.0 0.0 0.0 0.0 0.0 0.2 0.2 23.0 7.2 95.9 52.3 12.2 DCRS_-_Nova_Roma_-_Farroupilha_(180_m) -999.9 -999.9 999.9 994.3 996.3 15.1 5.7 481.0 Rio_Grande_do_Sul DCRS -999.9 0.0 0.0
