-28.798800 -50.429798 DCRS-00086 2026-09-14_00:00 9.9 -999.9 -999.9 81.5 -999.9 -999.9 6.8 -999.9 -999.9 975.6 -999.9 -999.9 6.1 -999.9 7.8 0.0 0.0 0.0 0.0 0.0 39.4 41.8 9.9 9.9 81.5 81.5 7.8 DCRS_-_Bom_Jesus/Jaquirana_(606_m) -999.9 -999.9 975.6 975.6 975.6 6.8 6.8 0.0 Rio_Grande_do_Sul DCRS -999.9 0.0 0.0 601.07 601.07 601.07 -1 0.01 601.28 601.96 601.96 601.96
-28.798800 -50.429798 DCRS-00086 2026-09-14_00:01 9.9 -999.9 -999.9 81.7 -999.9 -999.9 6.9 -999.9 -999.9 975.8 -999.9 -999.9 5.7 -999.9 7.8 0.0 0.0 0.0 0.0 0.0 39.4 41.8 9.9 9.9 81.7 81.5 7.8 DCRS_-_Bom_Jesus/Jaquirana_(606_m) -999.9 -999.9 975.8 975.6 975.8 6.9 6.8 0.0 Rio_Grande_do_Sul DCRS -999.9 0.0 0.0 601.08 601.08 601.07 -1 0.02 601.28 601.96 601.96 601.96
-28.798800 -50.429798 DCRS-00086 2026-09-14_00:02 9.9 -999.9 -999.9 82.0 -999.9 -999.9 6.9 -999.9 -999.9 976.0 -999.9 -999.9 5.3 -999.9 7.8 0.0 0.0 0.0 0.0 0.0 39.4 41.8 9.9 9.9 82.0 81.5 7.8 DCRS_-_Bom_Jesus/Jaquirana_(606_m) -999.9 -999.9 976.0 975.6 976.0 6.9 6.8 0.0 Rio_Grande_do_Sul DCRS -999.9 0.0 0.0 601.03 601.08 601.03 -1 -0.03 601.28 601.96 601.96 601.96
-28.798800 -50.429798 DCRS-00086 2026-09-14_00:03 9.8 -999.9 -999.9 82.7 -999.9 -999.9 7.0 -999.9 -999.9 976.5 -999.9 -999.9 5.4 -999.9 7.8 0.0 0.0 0.0 0.0 0.0 39.4 41.8 9.9 9.8 82.7 81.5 7.8 DCRS_-_Bom_Jesus/Jaquirana_(606_m) -999.9 -999.9 976.5 975.6 976.5 7.0 6.8 0.0 Rio_Grande_do_Sul DCRS -999.9 0.0 0.0 601.06 601.08 601.03 0 0.02 601.28 601.96 601.96 601.96
-28.798800 -50.429798 DCRS-00086 2026-09-14_00:04 9.8 -999.9 -999.9 82.5 -999.9 -999.9 6.9 -999.9 -999.9 976.5 -999.9 -999.9 5.9 -999.9 7.8 0.0 0.0 0.0 0.0 0.0 39.4 41.8 9.9 9.8 82.7 81.5 7.8 DCRS_-_Bom_Jesus/Jaquirana_(606_m) -999.9 -999.9 976.5 975.6 976.5 7.0 6.8 0.0 Rio_Grande_do_Sul DCRS -999.9 0.0 0.0 601.07 601.08 601.03 0 0.03 601.28 601.96 601.96 601.96
-28.798800 -50.429798 DCRS-00086 2026-09-14_00:05 9.8 -999.9 -999.9 82.6 -999.9 -999.9 6.9 -999.9 -999.9 976.5 -999.9 -999.9 7.2 -999.9 7.3 0.0 0.0 0.0 0.0 0.0 39.4 41.8 9.9 9.8 82.7 81.5 7.8 DCRS_-_Bom_Jesus/Jaquirana_(606_m) -999.9 -999.9 976.5 975.6 976.5 7.0 6.8 0.0 Rio_Grande_do_Sul DCRS -999.9 0.0 0.0 601.07 601.08 601.03 0 0.0 601.28 601.96 601.96 601.96
-28.798800 -50.429798 DCRS-00086 2026-09-14_00:06 9.8 -999.9 -999.9 82.5 -999.9 -999.9 6.9 -999.9 -999.9 976.4 -999.9 -999.9 6.9 -999.9 7.3 0.0 0.0 0.0 0.0 0.0 39.4 41.8 9.9 9.8 82.7 81.5 7.8 DCRS_-_Bom_Jesus/Jaquirana_(606_m) -999.9 -999.9 976.5 975.6 976.4 7.0 6.8 0.0 Rio_Grande_do_Sul DCRS -999.9 0.0 0.0 601.08 601.08 601.03 0 0.02 601.28 601.96 601.96 601.96
-28.798800 -50.429798 DCRS-00086 2026-09-14_00:07 9.7 -999.9 -999.9 82.6 -999.9 -999.9 6.8 -999.9 -999.9 976.5 -999.9 -999.9 6.4 -999.9 7.3 0.0 0.0 0.0 0.0 0.0 39.4 41.8 9.9 9.7 82.7 81.5 7.8 DCRS_-_Bom_Jesus/Jaquirana_(606_m) -999.9 -999.9 976.5 975.6 976.5 7.0 6.8 0.0 Rio_Grande_do_Sul DCRS -999.9 0.0 0.0 601.07 601.08 601.03 0 0.01 601.28 601.96 601.96 601.96
-28.798800 -50.429798 DCRS-00086 2026-09-14_00:08 9.7 -999.9 -999.9 81.7 -999.9 -999.9 6.7 -999.9 -999.9 976.2 -999.9 -999.9 7.3 -999.9 7.3 0.0 0.0 0.0 0.0 0.0 39.4 41.8 9.9 9.7 82.7 81.5 7.8 DCRS_-_Bom_Jesus/Jaquirana_(606_m) -999.9 -999.9 976.5 975.6 976.2 7.0 6.7 0.0 Rio_Grande_do_Sul DCRS -999.9 0.0 0.0 601.06 601.08 601.03 0 -0.01 601.28 601.96 601.96 601.96
-28.798800 -50.429798 DCRS-00086 2026-09-14_00:09 9.7 -999.9 -999.9 81.6 -999.9 -999.9 6.7 -999.9 -999.9 975.8 -999.9 -999.9 -999.9 -999.9 7.3 0.0 0.0 0.0 0.0 0.0 39.4 41.8 9.9 9.7 82.7 81.5 7.8 DCRS_-_Bom_Jesus/Jaquirana_(606_m) -999.9 -999.9 976.5 975.6 975.8 7.0 6.7 0.0 Rio_Grande_do_Sul DCRS -999.9 0.0 0.0 601.04 601.08 601.03 0 -0.03 601.28 601.96 601.96 601.96
-28.798800 -50.429798 DCRS-00086 2026-09-14_00:10 9.7 -999.9 -999.9 81.1 -999.9 -999.9 6.6 -999.9 -999.9 975.4 -999.9 -999.9 7.2 -999.9 8.5 0.0 0.0 0.0 0.0 0.0 39.4 41.8 9.9 9.7 82.7 81.1 8.5 DCRS_-_Bom_Jesus/Jaquirana_(606_m) -999.9 -999.9 976.5 975.4 975.4 7.0 6.6 0.0 Rio_Grande_do_Sul DCRS -999.9 0.0 0.0 601.03 601.08 601.03 0 -0.04 601.28 601.96 601.96 601.96
-28.798800 -50.429798 DCRS-00086 2026-09-14_00:11 9.7 -999.9 -999.9 81.3 -999.9 -999.9 6.6 -999.9 -999.9 975.4 -999.9 -999.9 6.3 -999.9 8.5 0.0 0.0 0.0 0.0 0.0 39.4 41.8 9.9 9.7 82.7 81.1 8.5 DCRS_-_Bom_Jesus/Jaquirana_(606_m) -999.9 -999.9 976.5 975.4 975.4 7.0 6.6 0.0 Rio_Grande_do_Sul DCRS -999.9 0.0 0.0 601.06 601.08 601.03 0 -0.01 601.28 601.96 601.96 601.96
-28.798800 -50.429798 DCRS-00086 2026-09-14_00:12 9.7 -999.9 -999.9 82.4 -999.9 -999.9 6.8 -999.9 -999.9 976.0 -999.9 -999.9 6.2 -999.9 8.5 0.0 0.0 0.0 0.0 0.0 39.4 41.8 9.9 9.7 82.7 81.1 8.5 DCRS_-_Bom_Jesus/Jaquirana_(606_m) -999.9 -999.9 976.5 975.4 976.0 7.0 6.6 0.0 Rio_Grande_do_Sul DCRS -999.9 0.0 0.0 601.05 601.08 601.03 0 0.0 601.28 601.96 601.96 601.96
-28.798800 -50.429798 DCRS-00086 2026-09-14_00:13 9.7 -999.9 -999.9 82.8 -999.9 -999.9 6.9 -999.9 -999.9 976.3 -999.9 -999.9 5.0 -999.9 8.5 0.0 0.0 0.0 0.0 0.0 39.4 41.8 9.9 9.7 82.8 81.1 8.5 DCRS_-_Bom_Jesus/Jaquirana_(606_m) -999.9 -999.9 976.5 975.4 976.3 7.0 6.6 0.0 Rio_Grande_do_Sul DCRS -999.9 0.0 0.0 601.04 601.08 601.03 0 -0.02 601.28 601.96 601.96 601.96
-28.798800 -50.429798 DCRS-00086 2026-09-14_00:14 9.6 -999.9 -999.9 83.1 -999.9 -999.9 6.8 -999.9 -999.9 976.7 -999.9 -999.9 3.9 -999.9 8.5 0.0 0.0 0.0 0.0 0.0 39.4 41.8 9.9 9.6 83.1 81.1 8.5 DCRS_-_Bom_Jesus/Jaquirana_(606_m) -999.9 -999.9 976.7 975.4 976.7 7.0 6.6 0.0 Rio_Grande_do_Sul DCRS -999.9 0.0 0.0 601.06 601.08 601.03 -1 -0.01 601.28 601.96 601.96 601.96
-28.798800 -50.429798 DCRS-00086 2026-09-14_00:15 9.6 -999.9 -999.9 83.5 -999.9 -999.9 6.9 -999.9 -999.9 976.9 -999.9 -999.9 3.9 -999.9 8.2 0.0 0.0 0.0 0.0 0.0 39.4 41.8 9.9 9.6 83.5 81.1 8.5 DCRS_-_Bom_Jesus/Jaquirana_(606_m) -999.9 -999.9 976.9 975.4 976.9 7.0 6.6 0.0 Rio_Grande_do_Sul DCRS -999.9 0.0 0.0 601.07 601.08 601.03 0 0.0 601.28 601.96 601.96 601.96
-28.798800 -50.429798 DCRS-00086 2026-09-14_00:16 9.5 -999.9 -999.9 83.8 -999.9 -999.9 6.9 -999.9 -999.9 977.1 -999.9 -999.9 2.2 -999.9 8.2 0.0 0.0 0.0 0.0 0.0 39.4 41.8 9.9 9.5 83.8 81.1 8.5 DCRS_-_Bom_Jesus/Jaquirana_(606_m) -999.9 -999.9 977.1 975.4 977.1 7.0 6.6 0.0 Rio_Grande_do_Sul DCRS -999.9 0.0 0.0 601.05 601.08 601.03 0 -0.02 601.28 601.96 601.96 601.96
-28.798800 -50.429798 DCRS-00086 2026-09-14_00:17 9.5 -999.9 -999.9 83.5 -999.9 -999.9 6.8 -999.9 -999.9 977.0 -999.9 -999.9 3.6 -999.9 8.2 0.0 0.0 0.0 0.0 0.0 39.4 41.8 9.9 9.5 83.8 81.1 8.5 DCRS_-_Bom_Jesus/Jaquirana_(606_m) -999.9 -999.9 977.1 975.4 977.0 7.0 6.6 0.0 Rio_Grande_do_Sul DCRS -999.9 0.0 0.0 601.06 601.08 601.03 0 0.01 601.28 601.96 601.96 601.96
-28.798800 -50.429798 DCRS-00086 2026-09-14_00:18 9.5 -999.9 -999.9 83.2 -999.9 -999.9 6.8 -999.9 -999.9 976.8 -999.9 -999.9 4.8 -999.9 8.2 0.0 0.0 0.0 0.0 0.0 39.4 41.8 9.9 9.5 83.8 81.1 8.5 DCRS_-_Bom_Jesus/Jaquirana_(606_m) -999.9 -999.9 977.1 975.4 976.8 7.0 6.6 0.0 Rio_Grande_do_Sul DCRS -999.9 0.0 0.0 601.05 601.08 601.03 0 -0.03 601.28 601.96 601.96 601.96
-28.798800 -50.429798 DCRS-00086 2026-09-14_00:19 9.4 -999.9 -999.9 83.3 -999.9 -999.9 6.7 -999.9 -999.9 976.8 -999.9 -999.9 2.5 -999.9 8.2 0.0 0.0 0.0 0.0 0.0 39.4 41.8 9.9 9.4 83.8 81.1 8.5 DCRS_-_Bom_Jesus/Jaquirana_(606_m) -999.9 -999.9 977.1 975.4 976.8 7.0 6.6 0.0 Rio_Grande_do_Sul DCRS -999.9 0.0 0.0 601.06 601.08 601.03 0 -0.02 601.28 601.96 601.96 601.96
-28.798800 -50.429798 DCRS-00086 2026-09-14_00:20 9.4 -999.9 -999.9 82.8 -999.9 -999.9 6.6 -999.9 -999.9 976.6 -999.9 -999.9 4.9 -999.9 5.2 0.0 0.0 0.0 0.0 0.0 39.4 41.8 9.9 9.4 83.8 81.1 8.5 DCRS_-_Bom_Jesus/Jaquirana_(606_m) -999.9 -999.9 977.1 975.4 976.6 7.0 6.6 0.0 Rio_Grande_do_Sul DCRS -999.9 0.0 0.0 601.0 601.08 601.0 0 -0.07 601.28 601.96 601.96 601.96
-28.798800 -50.429798 DCRS-00086 2026-09-14_00:21 9.5 -999.9 -999.9 83.2 -999.9 -999.9 6.8 -999.9 -999.9 976.7 -999.9 -999.9 5.1 -999.9 5.2 0.0 0.0 0.0 0.0 0.0 39.4 41.8 9.9 9.4 83.8 81.1 8.5 DCRS_-_Bom_Jesus/Jaquirana_(606_m) -999.9 -999.9 977.1 975.4 976.7 7.0 6.6 0.0 Rio_Grande_do_Sul DCRS -999.9 0.0 0.0 601.05 601.08 601.0 0 0.0 601.28 601.96 601.96 601.96
-28.798800 -50.429798 DCRS-00086 2026-09-14_00:22 9.4 -999.9 -999.9 83.8 -999.9 -999.9 6.8 -999.9 -999.9 977.0 -999.9 -999.9 4.9 -999.9 5.2 0.0 0.0 0.0 0.0 0.0 39.4 41.8 9.9 9.4 83.8 81.1 8.5 DCRS_-_Bom_Jesus/Jaquirana_(606_m) -999.9 -999.9 977.1 975.4 977.0 7.0 6.6 0.0 Rio_Grande_do_Sul DCRS -999.9 0.0 0.0 601.04 601.08 601.0 0 -0.01 601.28 601.96 601.96 601.96
-28.798800 -50.429798 DCRS-00086 2026-09-14_00:23 9.4 -999.9 -999.9 84.5 -999.9 -999.9 6.9 -999.9 -999.9 977.5 -999.9 -999.9 3.7 -999.9 5.2 0.0 0.0 0.0 0.0 0.0 39.4 41.8 9.9 9.4 84.5 81.1 8.5 DCRS_-_Bom_Jesus/Jaquirana_(606_m) -999.9 -999.9 977.5 975.4 977.5 7.0 6.6 0.0 Rio_Grande_do_Sul DCRS -999.9 0.0 0.0 601.07 601.08 601.0 0 -0.01 601.28 601.96 601.96 601.96
-28.798800 -50.429798 DCRS-00086 2026-09-14_00:24 9.4 -999.9 -999.9 85.0 -999.9 -999.9 7.0 -999.9 -999.9 977.9 -999.9 -999.9 4.1 -999.9 5.2 0.0 0.0 0.0 0.0 0.0 39.4 41.8 9.9 9.4 85.0 81.1 8.5 DCRS_-_Bom_Jesus/Jaquirana_(606_m) -999.9 -999.9 977.9 975.4 977.9 7.0 6.6 0.0 Rio_Grande_do_Sul DCRS -999.9 0.0 0.0 601.07 601.08 601.0 0 0.02 601.28 601.96 601.96 601.96
-28.798800 -50.429798 DCRS-00086 2026-09-14_00:25 9.3 -999.9 -999.9 85.1 -999.9 -999.9 6.9 -999.9 -999.9 978.1 -999.9 -999.9 3.8 -999.9 5.8 0.0 0.0 0.0 0.0 0.0 39.4 41.8 9.9 9.3 85.1 81.1 8.5 DCRS_-_Bom_Jesus/Jaquirana_(606_m) -999.9 -999.9 978.1 975.4 978.1 7.0 6.6 0.0 Rio_Grande_do_Sul DCRS -999.9 0.0 0.0 601.07 601.08 601.0 0 0.02 601.28 601.96 601.96 601.96
-28.798800 -50.429798 DCRS-00086 2026-09-14_00:26 9.3 -999.9 -999.9 85.0 -999.9 -999.9 6.9 -999.9 -999.9 978.1 -999.9 -999.9 5.5 -999.9 5.8 0.0 0.0 0.0 0.0 0.0 39.4 41.8 9.9 9.3 85.1 81.1 8.5 DCRS_-_Bom_Jesus/Jaquirana_(606_m) -999.9 -999.9 978.1 975.4 978.1 7.0 6.6 0.0 Rio_Grande_do_Sul DCRS -999.9 0.0 0.0 601.05 601.08 601.0 0 0.0 601.28 601.96 601.96 601.96
-28.798800 -50.429798 DCRS-00086 2026-09-14_00:27 9.3 -999.9 -999.9 85.0 -999.9 -999.9 6.9 -999.9 -999.9 978.1 -999.9 -999.9 4.0 -999.9 5.8 0.0 0.0 0.0 0.0 0.0 39.4 41.8 9.9 9.3 85.1 81.1 8.5 DCRS_-_Bom_Jesus/Jaquirana_(606_m) -999.9 -999.9 978.1 975.4 978.1 7.0 6.6 0.0 Rio_Grande_do_Sul DCRS -999.9 0.0 0.0 601.05 601.08 601.0 0 0.02 601.28 601.96 601.96 601.96
-28.798800 -50.429798 DCRS-00086 2026-09-14_00:28 9.3 -999.9 -999.9 84.7 -999.9 -999.9 6.8 -999.9 -999.9 977.9 -999.9 -999.9 3.4 -999.9 5.8 0.0 0.0 0.0 0.0 0.0 39.4 41.8 9.9 9.3 85.1 81.1 8.5 DCRS_-_Bom_Jesus/Jaquirana_(606_m) -999.9 -999.9 978.1 975.4 977.9 7.0 6.6 0.0 Rio_Grande_do_Sul DCRS -999.9 0.0 0.0 601.05 601.08 601.0 0 0.01 601.28 601.96 601.96 601.96
-28.798800 -50.429798 DCRS-00086 2026-09-14_00:29 9.3 -999.9 -999.9 84.9 -999.9 -999.9 6.9 -999.9 -999.9 977.9 -999.9 -999.9 1.9 -999.9 5.8 0.0 0.0 0.0 0.0 0.0 39.4 41.8 9.9 9.3 85.1 81.1 8.5 DCRS_-_Bom_Jesus/Jaquirana_(606_m) -999.9 -999.9 978.1 975.4 977.9 7.0 6.6 0.0 Rio_Grande_do_Sul DCRS -999.9 0.0 0.0 601.08 601.08 601.0 0 0.03 601.28 601.96 601.96 601.96
-28.798800 -50.429798 DCRS-00086 2026-09-14_00:30 9.3 -999.9 -999.9 85.1 -999.9 -999.9 6.9 -999.9 -999.9 978.0 -999.9 -999.9 4.8 -999.9 5.9 0.0 0.0 0.0 0.0 0.0 39.4 41.8 9.9 9.3 85.1 81.1 8.5 DCRS_-_Bom_Jesus/Jaquirana_(606_m) -999.9 -999.9 978.1 975.4 978.0 7.0 6.6 0.0 Rio_Grande_do_Sul DCRS -999.9 0.0 0.0 601.07 601.08 601.0 0 0.02 601.28 601.96 601.96 601.96
-28.798800 -50.429798 DCRS-00086 2026-09-14_00:31 9.2 -999.9 -999.9 85.5 -999.9 -999.9 6.9 -999.9 -999.9 978.2 -999.9 -999.9 5.4 -999.9 5.9 0.0 0.0 0.0 0.0 0.0 39.4 41.8 9.9 9.2 85.5 81.1 8.5 DCRS_-_Bom_Jesus/Jaquirana_(606_m) -999.9 -999.9 978.2 975.4 978.2 7.0 6.6 0.0 Rio_Grande_do_Sul DCRS -999.9 0.0 0.0 601.06 601.08 601.0 0 -0.01 601.28 601.96 601.96 601.96
-28.798800 -50.429798 DCRS-00086 2026-09-14_00:32 9.2 -999.9 -999.9 85.9 -999.9 -999.9 6.9 -999.9 -999.9 978.4 -999.9 -999.9 5.3 -999.9 5.9 0.0 0.0 0.0 0.0 0.0 39.4 41.8 9.9 9.2 85.9 81.1 8.5 DCRS_-_Bom_Jesus/Jaquirana_(606_m) -999.9 -999.9 978.4 975.4 978.4 7.0 6.6 0.0 Rio_Grande_do_Sul DCRS -999.9 0.0 0.0 601.01 601.08 601.0 0 -0.07 601.28 601.96 601.96 601.96
-28.798800 -50.429798 DCRS-00086 2026-09-14_00:33 9.2 -999.9 -999.9 86.1 -999.9 -999.9 7.0 -999.9 -999.9 978.7 -999.9 -999.9 5.2 -999.9 5.9 0.0 0.0 0.0 0.0 0.0 39.4 41.8 9.9 9.2 86.1 81.1 8.5 DCRS_-_Bom_Jesus/Jaquirana_(606_m) -999.9 -999.9 978.7 975.4 978.7 7.0 6.6 0.0 Rio_Grande_do_Sul DCRS -999.9 0.0 0.0 601.08 601.08 601.0 0 0.01 601.28 601.96 601.96 601.96
-28.798800 -50.429798 DCRS-00086 2026-09-14_00:34 9.1 -999.9 -999.9 86.3 -999.9 -999.9 6.9 -999.9 -999.9 978.9 -999.9 -999.9 3.7 -999.9 5.9 0.0 0.0 0.0 0.0 0.0 39.4 41.8 9.9 9.1 86.3 81.1 8.5 DCRS_-_Bom_Jesus/Jaquirana_(606_m) -999.9 -999.9 978.9 975.4 978.9 7.0 6.6 0.0 Rio_Grande_do_Sul DCRS -999.9 0.0 0.0 601.07 601.08 601.0 0 0.0 601.28 601.96 601.96 601.96
-28.798800 -50.429798 DCRS-00086 2026-09-14_00:35 9.1 -999.9 -999.9 86.3 -999.9 -999.9 6.9 -999.9 -999.9 979.0 -999.9 -999.9 5.6 -999.9 7.2 0.0 0.0 0.0 0.0 0.0 39.4 41.8 9.9 9.1 86.3 81.1 8.5 DCRS_-_Bom_Jesus/Jaquirana_(606_m) -999.9 -999.9 979.0 975.4 979.0 7.0 6.6 0.0 Rio_Grande_do_Sul DCRS -999.9 0.0 0.0 601.05 601.08 601.0 0 -0.02 601.28 601.96 601.96 601.96
-28.798800 -50.429798 DCRS-00086 2026-09-14_00:36 9.0 -999.9 -999.9 86.5 -999.9 -999.9 6.8 -999.9 -999.9 979.1 -999.9 -999.9 4.9 -999.9 7.2 0.0 0.0 0.0 0.0 0.0 39.4 41.8 9.9 9.0 86.5 81.1 8.5 DCRS_-_Bom_Jesus/Jaquirana_(606_m) -999.9 -999.9 979.1 975.4 979.1 7.0 6.6 0.0 Rio_Grande_do_Sul DCRS -999.9 0.0 0.0 601.05 601.08 601.0 0 -0.04 601.28 601.96 601.96 601.96
-28.798800 -50.429798 DCRS-00086 2026-09-14_00:37 9.0 -999.9 -999.9 86.7 -999.9 -999.9 6.9 -999.9 -999.9 979.2 -999.9 -999.9 5.4 -999.9 7.2 0.0 0.0 0.0 0.0 0.0 39.4 41.8 9.9 9.0 86.7 81.1 8.5 DCRS_-_Bom_Jesus/Jaquirana_(606_m) -999.9 -999.9 979.2 975.4 979.2 7.0 6.6 0.0 Rio_Grande_do_Sul DCRS -999.9 0.0 0.0 601.06 601.08 601.0 0 -0.03 601.28 601.96 601.96 601.96
-28.798800 -50.429798 DCRS-00086 2026-09-14_00:38 9.0 -999.9 -999.9 86.8 -999.9 -999.9 6.9 -999.9 -999.9 979.3 -999.9 -999.9 5.6 -999.9 7.2 0.0 0.0 0.0 0.0 0.0 39.4 41.8 9.9 9.0 86.8 81.1 8.5 DCRS_-_Bom_Jesus/Jaquirana_(606_m) -999.9 -999.9 979.3 975.4 979.3 7.0 6.6 0.0 Rio_Grande_do_Sul DCRS -999.9 0.0 0.0 601.02 601.08 601.0 0 -0.03 601.28 601.96 601.96 601.96
-28.798800 -50.429798 DCRS-00086 2026-09-14_00:39 9.0 -999.9 -999.9 86.8 -999.9 -999.9 6.9 -999.9 -999.9 979.4 -999.9 -999.9 6.1 -999.9 7.2 0.0 0.0 0.0 0.0 0.0 39.4 41.8 9.9 9.0 86.8 81.1 8.5 DCRS_-_Bom_Jesus/Jaquirana_(606_m) -999.9 -999.9 979.4 975.4 979.4 7.0 6.6 0.0 Rio_Grande_do_Sul DCRS -999.9 0.0 0.0 601.02 601.08 601.0 0 -0.03 601.28 601.96 601.96 601.96
-28.798800 -50.429798 DCRS-00086 2026-09-14_00:40 9.0 -999.9 -999.9 86.9 -999.9 -999.9 6.9 -999.9 -999.9 979.5 -999.9 -999.9 5.5 -999.9 6.4 0.0 0.0 0.0 0.0 0.0 39.4 41.8 9.9 9.0 86.9 81.1 8.5 DCRS_-_Bom_Jesus/Jaquirana_(606_m) -999.9 -999.9 979.5 975.4 979.5 7.0 6.6 0.0 Rio_Grande_do_Sul DCRS -999.9 0.0 0.0 601.03 601.08 601.0 0 -0.04 601.28 601.96 601.96 601.96
-28.798800 -50.429798 DCRS-00086 2026-09-14_00:41 8.9 -999.9 -999.9 87.2 -999.9 -999.9 6.9 -999.9 -999.9 979.6 -999.9 -999.9 5.8 -999.9 6.4 0.0 0.0 0.0 0.0 0.0 39.4 41.8 9.9 8.9 87.2 81.1 8.5 DCRS_-_Bom_Jesus/Jaquirana_(606_m) -999.9 -999.9 979.6 975.4 979.6 7.0 6.6 0.0 Rio_Grande_do_Sul DCRS -999.9 0.0 0.0 601.04 601.08 601.0 0 -0.01 601.28 601.96 601.96 601.96
-28.798800 -50.429798 DCRS-00086 2026-09-14_00:42 8.9 -999.9 -999.9 87.0 -999.9 -999.9 6.8 -999.9 -999.9 979.5 -999.9 -999.9 4.7 -999.9 6.4 0.0 0.0 0.0 0.0 0.0 39.4 41.8 9.9 8.9 87.2 81.1 8.5 DCRS_-_Bom_Jesus/Jaquirana_(606_m) -999.9 -999.9 979.6 975.4 979.5 7.0 6.6 0.0 Rio_Grande_do_Sul DCRS -999.9 0.0 0.0 601.05 601.08 601.0 0 -0.01 601.28 601.96 601.96 601.96
-28.798800 -50.429798 DCRS-00086 2026-09-14_00:43 8.8 -999.9 -999.9 86.9 -999.9 -999.9 6.7 -999.9 -999.9 979.3 -999.9 -999.9 5.7 -999.9 6.4 0.0 0.0 0.0 0.0 0.0 39.4 41.8 9.9 8.8 87.2 81.1 8.5 DCRS_-_Bom_Jesus/Jaquirana_(606_m) -999.9 -999.9 979.6 975.4 979.3 7.0 6.6 0.0 Rio_Grande_do_Sul DCRS -999.9 0.0 0.0 601.06 601.08 601.0 0 0.0 601.28 601.96 601.96 601.96
-28.798800 -50.429798 DCRS-00086 2026-09-14_00:44 8.8 -999.9 -999.9 87.0 -999.9 -999.9 6.7 -999.9 -999.9 979.3 -999.9 -999.9 -999.9 -999.9 6.4 0.0 0.0 0.0 0.0 0.0 39.4 41.8 9.9 8.8 87.2 81.1 8.5 DCRS_-_Bom_Jesus/Jaquirana_(606_m) -999.9 -999.9 979.6 975.4 979.3 7.0 6.6 0.0 Rio_Grande_do_Sul DCRS -999.9 0.0 0.0 601.02 601.08 601.0 0 -0.04 601.28 601.96 601.96 601.96
-28.798800 -50.429798 DCRS-00086 2026-09-14_00:45 8.8 -999.9 -999.9 87.1 -999.9 -999.9 6.7 -999.9 -999.9 979.4 -999.9 -999.9 6.2 -999.9 6.8 0.0 0.0 0.0 0.0 0.0 39.4 41.8 9.9 8.8 87.2 81.1 8.5 DCRS_-_Bom_Jesus/Jaquirana_(606_m) -999.9 -999.9 979.6 975.4 979.4 7.0 6.6 0.0 Rio_Grande_do_Sul DCRS -999.9 0.0 0.0 601.03 601.08 601.0 0 -0.03 601.28 601.96 601.96 601.96
-28.798800 -50.429798 DCRS-00086 2026-09-14_00:46 8.8 -999.9 -999.9 87.1 -999.9 -999.9 6.7 -999.9 -999.9 979.4 -999.9 -999.9 -999.9 -999.9 6.8 0.0 0.0 0.0 0.0 0.0 39.4 41.8 9.9 8.8 87.2 81.1 8.5 DCRS_-_Bom_Jesus/Jaquirana_(606_m) -999.9 -999.9 979.6 975.4 979.4 7.0 6.6 0.0 Rio_Grande_do_Sul DCRS -999.9 0.0 0.0 601.04 601.08 601.0 0 0.0 601.28 601.96 601.96 601.96
-28.798800 -50.429798 DCRS-00086 2026-09-14_00:47 8.8 -999.9 -999.9 87.3 -999.9 -999.9 6.8 -999.9 -999.9 979.4 -999.9 -999.9 6.4 -999.9 6.8 0.0 0.0 0.0 0.0 0.0 39.4 41.8 9.9 8.8 87.3 81.1 8.5 DCRS_-_Bom_Jesus/Jaquirana_(606_m) -999.9 -999.9 979.6 975.4 979.4 7.0 6.6 0.0 Rio_Grande_do_Sul DCRS -999.9 0.0 0.0 601.04 601.08 601.0 -1 -0.01 601.28 601.96 601.96 601.96
-28.798800 -50.429798 DCRS-00086 2026-09-14_00:48 8.8 -999.9 -999.9 87.3 -999.9 -999.9 6.8 -999.9 -999.9 979.4 -999.9 -999.9 6.3 -999.9 6.8 0.0 0.0 0.0 0.0 0.0 39.4 41.8 9.9 8.8 87.3 81.1 8.5 DCRS_-_Bom_Jesus/Jaquirana_(606_m) -999.9 -999.9 979.6 975.4 979.4 7.0 6.6 0.0 Rio_Grande_do_Sul DCRS -999.9 0.0 0.0 601.04 601.08 601.0 -1 -0.02 601.28 601.96 601.96 601.96
-28.798800 -50.429798 DCRS-00086 2026-09-14_00:49 8.7 -999.9 -999.9 87.6 -999.9 -999.9 6.7 -999.9 -999.9 979.6 -999.9 -999.9 6.1 -999.9 6.8 0.0 0.0 0.0 0.0 0.0 39.4 41.8 9.9 8.7 87.6 81.1 8.5 DCRS_-_Bom_Jesus/Jaquirana_(606_m) -999.9 -999.9 979.6 975.4 979.6 7.0 6.6 0.0 Rio_Grande_do_Sul DCRS -999.9 0.0 0.0 601.03 601.08 601.0 -1 -0.03 601.28 601.96 601.96 601.96
-28.798800 -50.429798 DCRS-00086 2026-09-14_00:50 8.7 -999.9 -999.9 87.8 -999.9 -999.9 6.8 -999.9 -999.9 979.9 -999.9 -999.9 6.3 -999.9 7.0 0.0 0.0 0.0 0.0 0.0 39.4 41.8 9.9 8.7 87.8 81.1 8.5 DCRS_-_Bom_Jesus/Jaquirana_(606_m) -999.9 -999.9 979.9 975.4 979.9 7.0 6.6 0.0 Rio_Grande_do_Sul DCRS -999.9 0.0 0.0 601.04 601.08 601.0 -1 0.02 601.28 601.96 601.96 601.96
-28.798800 -50.429798 DCRS-00086 2026-09-14_00:51 8.8 -999.9 -999.9 88.0 -999.9 -999.9 6.9 -999.9 -999.9 980.0 -999.9 -999.9 6.0 -999.9 7.0 0.0 0.0 0.0 0.0 0.0 39.4 41.8 9.9 8.7 88.0 81.1 8.5 DCRS_-_Bom_Jesus/Jaquirana_(606_m) -999.9 -999.9 980.0 975.4 980.0 7.0 6.6 0.0 Rio_Grande_do_Sul DCRS -999.9 0.0 0.0 601.04 601.08 601.0 -1 -0.02 601.28 601.96 601.96 601.96
-28.798800 -50.429798 DCRS-00086 2026-09-14_00:52 8.7 -999.9 -999.9 87.9 -999.9 -999.9 6.8 -999.9 -999.9 980.0 -999.9 -999.9 5.6 -999.9 7.0 0.0 0.0 0.0 0.0 0.0 39.4 41.8 9.9 8.7 88.0 81.1 8.5 DCRS_-_Bom_Jesus/Jaquirana_(606_m) -999.9 -999.9 980.0 975.4 980.0 7.0 6.6 0.0 Rio_Grande_do_Sul DCRS -999.9 0.0 0.0 601.06 601.08 601.0 -1 0.02 601.28 601.96 601.96 601.96
-28.798800 -50.429798 DCRS-00086 2026-09-14_00:53 8.7 -999.9 -999.9 87.8 -999.9 -999.9 6.8 -999.9 -999.9 979.9 -999.9 -999.9 5.4 -999.9 7.0 0.0 0.0 0.0 0.0 0.0 39.4 41.8 9.9 8.7 88.0 81.1 8.5 DCRS_-_Bom_Jesus/Jaquirana_(606_m) -999.9 -999.9 980.0 975.4 979.9 7.0 6.6 0.0 Rio_Grande_do_Sul DCRS -999.9 0.0 0.0 601.07 601.08 601.0 -1 0.0 601.28 601.96 601.96 601.96
-28.798800 -50.429798 DCRS-00086 2026-09-14_00:54 8.7 -999.9 -999.9 87.9 -999.9 -999.9 6.8 -999.9 -999.9 979.9 -999.9 -999.9 4.2 -999.9 7.0 0.0 0.0 0.0 0.0 0.0 39.4 41.8 9.9 8.7 88.0 81.1 8.5 DCRS_-_Bom_Jesus/Jaquirana_(606_m) -999.9 -999.9 980.0 975.4 979.9 7.0 6.6 0.0 Rio_Grande_do_Sul DCRS -999.9 0.0 0.0 601.04 601.08 601.0 -1 -0.03 601.28 601.96 601.96 601.96
-28.798800 -50.429798 DCRS-00086 2026-09-14_00:55 8.7 -999.9 -999.9 88.2 -999.9 -999.9 6.8 -999.9 -999.9 980.1 -999.9 -999.9 5.0 -999.9 6.6 0.0 0.0 0.0 0.0 0.0 39.4 41.8 9.9 8.7 88.2 81.1 8.5 DCRS_-_Bom_Jesus/Jaquirana_(606_m) -999.9 -999.9 980.1 975.4 980.1 7.0 6.6 0.0 Rio_Grande_do_Sul DCRS -999.9 0.0 0.0 601.06 601.08 601.0 -1 0.0 601.28 601.96 601.96 601.96
-28.798800 -50.429798 DCRS-00086 2026-09-14_00:56 8.7 -999.9 -999.9 88.2 -999.9 -999.9 6.8 -999.9 -999.9 980.1 -999.9 -999.9 5.4 -999.9 6.6 0.0 0.0 0.0 0.0 0.0 39.4 41.8 9.9 8.7 88.2 81.1 8.5 DCRS_-_Bom_Jesus/Jaquirana_(606_m) -999.9 -999.9 980.1 975.4 980.1 7.0 6.6 0.0 Rio_Grande_do_Sul DCRS -999.9 0.0 0.0 601.04 601.08 601.0 -1 0.03 601.28 601.96 601.96 601.96
-28.798800 -50.429798 DCRS-00086 2026-09-14_00:57 8.7 -999.9 -999.9 88.3 -999.9 -999.9 6.9 -999.9 -999.9 980.3 -999.9 -999.9 4.9 -999.9 6.6 0.0 0.0 0.0 0.0 0.0 39.4 41.8 9.9 8.7 88.3 81.1 8.5 DCRS_-_Bom_Jesus/Jaquirana_(606_m) -999.9 -999.9 980.3 975.4 980.3 7.0 6.6 0.0 Rio_Grande_do_Sul DCRS -999.9 0.0 0.0 601.06 601.08 601.0 -1 0.05 601.28 601.96 601.96 601.96
-28.798800 -50.429798 DCRS-00086 2026-09-14_00:58 8.7 -999.9 -999.9 88.3 -999.9 -999.9 6.9 -999.9 -999.9 980.3 -999.9 -999.9 5.8 -999.9 6.6 0.0 0.0 0.0 0.0 0.0 39.4 41.8 9.9 8.7 88.3 81.1 8.5 DCRS_-_Bom_Jesus/Jaquirana_(606_m) -999.9 -999.9 980.3 975.4 980.3 7.0 6.6 0.0 Rio_Grande_do_Sul DCRS -999.9 0.0 0.0 601.06 601.08 601.0 -1 -0.01 601.28 601.96 601.96 601.96
-28.798800 -50.429798 DCRS-00086 2026-09-14_00:59 8.6 -999.9 -999.9 88.3 -999.9 -999.9 6.8 -999.9 -999.9 980.3 -999.9 -999.9 5.5 -999.9 6.6 0.0 0.0 0.0 0.0 0.0 39.4 41.8 9.9 8.6 88.3 81.1 8.5 DCRS_-_Bom_Jesus/Jaquirana_(606_m) -999.9 -999.9 980.3 975.4 980.3 7.0 6.6 0.0 Rio_Grande_do_Sul DCRS -999.9 0.0 0.0 601.06 601.08 601.0 -1 -0.02 601.28 601.96 601.96 601.96
-28.798800 -50.429798 DCRS-00086 2026-09-14_01:00 8.7 -999.9 -999.9 88.3 -999.9 -999.9 6.9 -999.9 -999.9 980.3 -999.9 -999.9 4.5 -999.9 5.8 0.0 0.0 0.0 0.0 0.0 39.4 41.8 9.9 8.6 88.3 81.1 8.5 DCRS_-_Bom_Jesus/Jaquirana_(606_m) -999.9 -999.9 980.3 975.4 980.3 7.0 6.6 0.0 Rio_Grande_do_Sul DCRS -999.9 0.0 0.0 601.05 601.08 601.0 -1 -0.02 601.28 601.96 601.96 601.96
-28.798800 -50.429798 DCRS-00086 2026-09-14_01:01 8.7 -999.9 -999.9 88.5 -999.9 -999.9 6.9 -999.9 -999.9 980.3 -999.9 -999.9 4.8 -999.9 5.8 0.0 0.0 0.0 0.0 0.0 39.4 41.8 9.9 8.6 88.5 81.1 8.5 DCRS_-_Bom_Jesus/Jaquirana_(606_m) -999.9 -999.9 980.3 975.4 980.3 7.0 6.6 0.0 Rio_Grande_do_Sul DCRS -999.9 0.0 0.0 601.04 601.08 601.0 -1 -0.04 601.28 601.96 601.96 601.96
-28.798800 -50.429798 DCRS-00086 2026-09-14_01:02 8.7 -999.9 -999.9 88.6 -999.9 -999.9 6.9 -999.9 -999.9 980.5 -999.9 -999.9 5.8 -999.9 5.8 0.0 0.0 0.0 0.0 0.0 39.4 41.8 9.9 8.6 88.6 81.1 8.5 DCRS_-_Bom_Jesus/Jaquirana_(606_m) -999.9 -999.9 980.5 975.4 980.5 7.0 6.6 0.0 Rio_Grande_do_Sul DCRS -999.9 0.0 0.0 601.03 601.08 601.0 -1 -0.03 601.28 601.96 601.96 601.96
-28.798800 -50.429798 DCRS-00086 2026-09-14_01:03 8.7 -999.9 -999.9 88.4 -999.9 -999.9 6.9 -999.9 -999.9 980.5 -999.9 -999.9 5.7 -999.9 5.8 0.0 0.0 0.0 0.0 0.0 39.4 41.8 9.9 8.6 88.6 81.1 8.5 DCRS_-_Bom_Jesus/Jaquirana_(606_m) -999.9 -999.9 980.5 975.4 980.5 7.0 6.6 0.0 Rio_Grande_do_Sul DCRS -999.9 0.0 0.0 601.03 601.08 601.0 -1 -0.03 601.28 601.96 601.96 601.96
-28.798800 -50.429798 DCRS-00086 2026-09-14_01:04 8.7 -999.9 -999.9 88.5 -999.9 -999.9 6.9 -999.9 -999.9 980.4 -999.9 -999.9 5.5 -999.9 5.8 0.0 0.0 0.0 0.0 0.0 39.4 41.8 9.9 8.6 88.6 81.1 8.5 DCRS_-_Bom_Jesus/Jaquirana_(606_m) -999.9 -999.9 980.5 975.4 980.4 7.0 6.6 0.0 Rio_Grande_do_Sul DCRS -999.9 0.0 0.0 601.05 601.08 601.0 -1 -0.02 601.28 601.96 601.96 601.96
-28.798800 -50.429798 DCRS-00086 2026-09-14_01:05 8.8 -999.9 -999.9 88.5 -999.9 -999.9 7.0 -999.9 -999.9 980.5 -999.9 -999.9 5.3 -999.9 6.2 0.0 0.0 0.0 0.0 0.0 39.4 41.8 9.9 8.6 88.6 81.1 8.5 DCRS_-_Bom_Jesus/Jaquirana_(606_m) -999.9 -999.9 980.5 975.4 980.5 7.0 6.6 0.0 Rio_Grande_do_Sul DCRS -999.9 0.0 0.0 601.07 601.08 601.0 -1 0.0 601.28 601.96 601.96 601.96
-28.798800 -50.429798 DCRS-00086 2026-09-14_01:06 8.8 -999.9 -999.9 88.5 -999.9 -999.9 7.0 -999.9 -999.9 980.3 -999.9 -999.9 5.5 -999.9 6.2 0.0 0.0 0.0 0.0 0.0 39.4 41.8 9.9 8.6 88.6 81.1 8.5 DCRS_-_Bom_Jesus/Jaquirana_(606_m) -999.9 -999.9 980.5 975.4 980.3 7.0 6.6 0.0 Rio_Grande_do_Sul DCRS -999.9 0.0 0.0 601.05 601.08 601.0 -1 -0.02 601.28 601.96 601.96 601.96
-28.798800 -50.429798 DCRS-00086 2026-09-14_01:07 8.8 -999.9 -999.9 88.6 -999.9 -999.9 7.0 -999.9 -999.9 980.4 -999.9 -999.9 5.2 -999.9 6.2 0.0 0.0 0.0 0.0 0.0 39.4 41.8 9.9 8.6 88.6 81.1 8.5 DCRS_-_Bom_Jesus/Jaquirana_(606_m) -999.9 -999.9 980.5 975.4 980.4 7.0 6.6 0.0 Rio_Grande_do_Sul DCRS -999.9 0.0 0.0 601.05 601.08 601.0 0 -0.02 601.28 601.96 601.96 601.96
-28.798800 -50.429798 DCRS-00086 2026-09-14_01:08 8.8 -999.9 -999.9 88.2 -999.9 -999.9 6.9 -999.9 -999.9 980.1 -999.9 -999.9 5.4 -999.9 6.2 0.0 0.0 0.0 0.0 0.0 39.4 41.8 9.9 8.6 88.6 81.1 8.5 DCRS_-_Bom_Jesus/Jaquirana_(606_m) -999.9 -999.9 980.5 975.4 980.1 7.0 6.6 0.0 Rio_Grande_do_Sul DCRS -999.9 0.0 0.0 601.05 601.08 601.0 0 -0.01 601.28 601.96 601.96 601.96
-28.798800 -50.429798 DCRS-00086 2026-09-14_01:09 8.8 -999.9 -999.9 88.3 -999.9 -999.9 6.9 -999.9 -999.9 980.1 -999.9 -999.9 5.5 -999.9 6.2 0.0 0.0 0.0 0.0 0.0 39.4 41.8 9.9 8.6 88.6 81.1 8.5 DCRS_-_Bom_Jesus/Jaquirana_(606_m) -999.9 -999.9 980.5 975.4 980.1 7.0 6.6 0.0 Rio_Grande_do_Sul DCRS -999.9 0.0 0.0 601.04 601.08 601.0 0 0.0 601.28 601.96 601.96 601.96
-28.798800 -50.429798 DCRS-00086 2026-09-14_01:10 8.8 -999.9 -999.9 88.2 -999.9 -999.9 6.9 -999.9 -999.9 980.0 -999.9 -999.9 6.0 -999.9 6.5 0.0 0.0 0.0 0.0 0.0 39.4 41.8 9.9 8.6 88.6 81.1 8.5 DCRS_-_Bom_Jesus/Jaquirana_(606_m) -999.9 -999.9 980.5 975.4 980.0 7.0 6.6 0.0 Rio_Grande_do_Sul DCRS -999.9 0.0 0.0 601.03 601.08 601.0 0 0.0 601.28 601.96 601.96 601.96
-28.798800 -50.429798 DCRS-00086 2026-09-14_01:11 8.8 -999.9 -999.9 88.3 -999.9 -999.9 6.9 -999.9 -999.9 980.0 -999.9 -999.9 5.1 -999.9 6.5 0.0 0.0 0.0 0.0 0.0 39.4 41.8 9.9 8.6 88.6 81.1 8.5 DCRS_-_Bom_Jesus/Jaquirana_(606_m) -999.9 -999.9 980.5 975.4 980.0 7.0 6.6 0.0 Rio_Grande_do_Sul DCRS -999.9 0.0 0.0 601.07 601.08 601.0 0 0.02 601.28 601.96 601.96 601.96
-28.798800 -50.429798 DCRS-00086 2026-09-14_01:12 8.8 -999.9 -999.9 88.5 -999.9 -999.9 7.0 -999.9 -999.9 980.1 -999.9 -999.9 5.5 -999.9 6.5 0.0 0.0 0.0 0.0 0.0 39.4 41.8 9.9 8.6 88.6 81.1 8.5 DCRS_-_Bom_Jesus/Jaquirana_(606_m) -999.9 -999.9 980.5 975.4 980.1 7.0 6.6 0.0 Rio_Grande_do_Sul DCRS -999.9 0.0 0.0 601.06 601.08 601.0 0 0.01 601.28 601.96 601.96 601.96
-28.798800 -50.429798 DCRS-00086 2026-09-14_01:13 8.9 -999.9 -999.9 88.7 -999.9 -999.9 7.1 -999.9 -999.9 980.3 -999.9 -999.9 6.2 -999.9 6.5 0.0 0.0 0.0 0.0 0.0 39.4 41.8 9.9 8.6 88.7 81.1 8.5 DCRS_-_Bom_Jesus/Jaquirana_(606_m) -999.9 -999.9 980.5 975.4 980.3 7.1 6.6 0.0 Rio_Grande_do_Sul DCRS -999.9 0.0 0.0 601.05 601.08 601.0 0 -0.01 601.28 601.96 601.96 601.96
-28.798800 -50.429798 DCRS-00086 2026-09-14_01:14 8.9 -999.9 -999.9 88.7 -999.9 -999.9 7.1 -999.9 -999.9 980.4 -999.9 -999.9 5.2 -999.9 6.5 0.0 0.0 0.0 0.0 0.0 39.4 41.8 9.9 8.6 88.7 81.1 8.5 DCRS_-_Bom_Jesus/Jaquirana_(606_m) -999.9 -999.9 980.5 975.4 980.4 7.1 6.6 0.0 Rio_Grande_do_Sul DCRS -999.9 0.0 0.0 601.02 601.08 601.0 0 -0.04 601.28 601.96 601.96 601.96
-28.798800 -50.429798 DCRS-00086 2026-09-14_01:15 8.9 -999.9 -999.9 88.5 -999.9 -999.9 7.1 -999.9 -999.9 980.3 -999.9 -999.9 5.6 -999.9 6.8 0.0 0.0 0.0 0.0 0.0 39.4 41.8 9.9 8.6 88.7 81.1 8.5 DCRS_-_Bom_Jesus/Jaquirana_(606_m) -999.9 -999.9 980.5 975.4 980.3 7.1 6.6 0.0 Rio_Grande_do_Sul DCRS -999.9 0.0 0.0 601.01 601.08 601.0 0 -0.06 601.28 601.96 601.96 601.96
-28.798800 -50.429798 DCRS-00086 2026-09-14_01:16 9.0 -999.9 -999.9 88.3 -999.9 -999.9 7.1 -999.9 -999.9 979.9 -999.9 -999.9 5.0 -999.9 6.8 0.0 0.0 0.0 0.0 0.0 39.4 41.8 9.9 8.6 88.7 81.1 8.5 DCRS_-_Bom_Jesus/Jaquirana_(606_m) -999.9 -999.9 980.5 975.4 979.9 7.1 6.6 0.0 Rio_Grande_do_Sul DCRS -999.9 0.0 0.0 601.06 601.08 601.0 0 0.01 601.28 601.96 601.96 601.96
-28.798800 -50.429798 DCRS-00086 2026-09-14_01:17 9.0 -999.9 -999.9 88.3 -999.9 -999.9 7.1 -999.9 -999.9 979.8 -999.9 -999.9 5.5 -999.9 6.8 0.0 0.0 0.0 0.0 0.0 39.4 41.8 9.9 8.6 88.7 81.1 8.5 DCRS_-_Bom_Jesus/Jaquirana_(606_m) -999.9 -999.9 980.5 975.4 979.8 7.1 6.6 0.0 Rio_Grande_do_Sul DCRS -999.9 0.0 0.0 601.04 601.08 601.0 0 -0.02 601.28 601.96 601.96 601.96
-28.798800 -50.429798 DCRS-00086 2026-09-14_01:18 9.0 -999.9 -999.9 88.3 -999.9 -999.9 7.1 -999.9 -999.9 979.7 -999.9 -999.9 5.6 -999.9 6.8 0.0 0.0 0.0 0.0 0.0 39.4 41.8 9.9 8.6 88.7 81.1 8.5 DCRS_-_Bom_Jesus/Jaquirana_(606_m) -999.9 -999.9 980.5 975.4 979.7 7.1 6.6 0.0 Rio_Grande_do_Sul DCRS -999.9 0.0 0.0 601.06 601.08 601.0 0 0.01 601.28 601.96 601.96 601.96
-28.798800 -50.429798 DCRS-00086 2026-09-14_01:19 8.9 -999.9 -999.9 88.2 -999.9 -999.9 7.0 -999.9 -999.9 979.5 -999.9 -999.9 6.3 -999.9 6.8 0.0 0.0 0.0 0.0 0.0 39.4 41.8 9.9 8.6 88.7 81.1 8.5 DCRS_-_Bom_Jesus/Jaquirana_(606_m) -999.9 -999.9 980.5 975.4 979.5 7.1 6.6 0.0 Rio_Grande_do_Sul DCRS -999.9 0.0 0.0 601.05 601.08 601.0 0 -0.01 601.28 601.96 601.96 601.96
-28.798800 -50.429798 DCRS-00086 2026-09-14_01:20 8.9 -999.9 -999.9 88.2 -999.9 -999.9 7.0 -999.9 -999.9 979.4 -999.9 -999.9 5.6 -999.9 6.5 0.0 0.0 0.0 0.0 0.0 39.4 41.8 9.9 8.6 88.7 81.1 8.5 DCRS_-_Bom_Jesus/Jaquirana_(606_m) -999.9 -999.9 980.5 975.4 979.4 7.1 6.6 0.0 Rio_Grande_do_Sul DCRS -999.9 0.0 0.0 601.04 601.08 601.0 0 0.04 601.28 601.96 601.96 601.96
-28.798800 -50.429798 DCRS-00086 2026-09-14_01:21 8.9 -999.9 -999.9 88.1 -999.9 -999.9 7.0 -999.9 -999.9 979.2 -999.9 -999.9 5.4 -999.9 6.5 0.0 0.0 0.0 0.0 0.0 39.4 41.8 9.9 8.6 88.7 81.1 8.5 DCRS_-_Bom_Jesus/Jaquirana_(606_m) -999.9 -999.9 980.5 975.4 979.2 7.1 6.6 0.0 Rio_Grande_do_Sul DCRS -999.9 0.0 0.0 601.04 601.08 601.0 0 -0.01 601.28 601.96 601.96 601.96
-28.798800 -50.429798 DCRS-00086 2026-09-14_01:22 8.9 -999.9 -999.9 88.4 -999.9 -999.9 7.1 -999.9 -999.9 979.3 -999.9 -999.9 5.9 -999.9 6.5 0.0 0.0 0.0 0.0 0.0 39.4 41.8 9.9 8.6 88.7 81.1 8.5 DCRS_-_Bom_Jesus/Jaquirana_(606_m) -999.9 -999.9 980.5 975.4 979.3 7.1 6.6 0.0 Rio_Grande_do_Sul DCRS -999.9 0.0 0.0 601.06 601.08 601.0 -1 -0.01 601.28 601.96 601.96 601.96
-28.798800 -50.429798 DCRS-00086 2026-09-14_01:23 8.9 -999.9 -999.9 88.2 -999.9 -999.9 7.0 -999.9 -999.9 979.2 -999.9 -999.9 -999.9 -999.9 6.5 0.0 0.0 0.0 0.0 0.0 39.4 41.8 9.9 8.6 88.7 81.1 8.5 DCRS_-_Bom_Jesus/Jaquirana_(606_m) -999.9 -999.9 980.5 975.4 979.2 7.1 6.6 0.0 Rio_Grande_do_Sul DCRS -999.9 0.0 0.0 601.07 601.08 601.0 -1 0.0 601.28 601.96 601.96 601.96
-28.798800 -50.429798 DCRS-00086 2026-09-14_01:24 8.9 -999.9 -999.9 88.0 -999.9 -999.9 7.0 -999.9 -999.9 979.0 -999.9 -999.9 6.3 -999.9 6.5 0.0 0.0 0.0 0.0 0.0 39.4 41.8 9.9 8.6 88.7 81.1 8.5 DCRS_-_Bom_Jesus/Jaquirana_(606_m) -999.9 -999.9 980.5 975.4 979.0 7.1 6.6 0.0 Rio_Grande_do_Sul DCRS -999.9 0.0 0.0 601.04 601.08 601.0 0 -0.03 601.28 601.96 601.96 601.96
-28.798800 -50.429798 DCRS-00086 2026-09-14_01:25 9.0 -999.9 -999.9 87.8 -999.9 -999.9 7.1 -999.9 -999.9 978.5 -999.9 -999.9 5.3 -999.9 7.0 0.0 0.0 0.0 0.0 0.0 39.4 41.8 9.9 8.6 88.7 81.1 8.5 DCRS_-_Bom_Jesus/Jaquirana_(606_m) -999.9 -999.9 980.5 975.4 978.5 7.1 6.6 0.0 Rio_Grande_do_Sul DCRS -999.9 0.0 0.0 601.06 601.08 601.0 0 -0.01 601.28 601.96 601.96 601.96
-28.798800 -50.429798 DCRS-00086 2026-09-14_01:26 8.9 -999.9 -999.9 87.7 -999.9 -999.9 6.9 -999.9 -999.9 978.3 -999.9 -999.9 6.2 -999.9 7.0 0.0 0.0 0.0 0.0 0.0 39.4 41.8 9.9 8.6 88.7 81.1 8.5 DCRS_-_Bom_Jesus/Jaquirana_(606_m) -999.9 -999.9 980.5 975.4 978.3 7.1 6.6 0.0 Rio_Grande_do_Sul DCRS -999.9 0.0 0.0 601.04 601.08 601.0 0 -0.01 601.28 601.96 601.96 601.96
-28.798800 -50.429798 DCRS-00086 2026-09-14_01:27 9.0 -999.9 -999.9 87.7 -999.9 -999.9 7.0 -999.9 -999.9 978.1 -999.9 -999.9 6.4 -999.9 7.0 0.0 0.0 0.0 0.0 0.0 39.4 41.8 9.9 8.6 88.7 81.1 8.5 DCRS_-_Bom_Jesus/Jaquirana_(606_m) -999.9 -999.9 980.5 975.4 978.1 7.1 6.6 0.0 Rio_Grande_do_Sul DCRS -999.9 0.0 0.0 601.06 601.08 601.0 0 0.01 601.28 601.96 601.96 601.96
-28.798800 -50.429798 DCRS-00086 2026-09-14_01:28 8.9 -999.9 -999.9 87.6 -999.9 -999.9 6.9 -999.9 -999.9 978.0 -999.9 -999.9 6.3 -999.9 7.0 0.0 0.0 0.0 0.0 0.0 39.4 41.8 9.9 8.6 88.7 81.1 8.5 DCRS_-_Bom_Jesus/Jaquirana_(606_m) -999.9 -999.9 980.5 975.4 978.0 7.1 6.6 0.0 Rio_Grande_do_Sul DCRS -999.9 0.0 0.0 601.08 601.08 601.0 0 0.0 601.28 601.96 601.96 601.96
-28.798800 -50.429798 DCRS-00086 2026-09-14_01:29 8.9 -999.9 -999.9 87.5 -999.9 -999.9 6.9 -999.9 -999.9 977.7 -999.9 -999.9 6.5 -999.9 7.0 0.0 0.0 0.0 0.0 0.0 39.4 41.8 9.9 8.6 88.7 81.1 8.5 DCRS_-_Bom_Jesus/Jaquirana_(606_m) -999.9 -999.9 980.5 975.4 977.7 7.1 6.6 0.0 Rio_Grande_do_Sul DCRS -999.9 0.0 0.0 601.04 601.08 601.0 0 -0.03 601.28 601.96 601.96 601.96
-28.798800 -50.429798 DCRS-00086 2026-09-14_01:30 8.9 -999.9 -999.9 87.5 -999.9 -999.9 6.9 -999.9 -999.9 977.6 -999.9 -999.9 6.4 -999.9 6.8 0.0 0.0 0.0 0.0 0.0 39.4 41.8 9.9 8.6 88.7 81.1 8.5 DCRS_-_Bom_Jesus/Jaquirana_(606_m) -999.9 -999.9 980.5 975.4 977.6 7.1 6.6 0.0 Rio_Grande_do_Sul DCRS -999.9 0.0 0.0 601.02 601.08 601.0 0 -0.05 601.28 601.96 601.96 601.96
-28.798800 -50.429798 DCRS-00086 2026-09-14_01:31 8.9 -999.9 -999.9 87.4 -999.9 -999.9 6.9 -999.9 -999.9 977.5 -999.9 -999.9 6.6 -999.9 6.8 0.0 0.0 0.0 0.0 0.0 39.4 41.8 9.9 8.6 88.7 81.1 8.5 DCRS_-_Bom_Jesus/Jaquirana_(606_m) -999.9 -999.9 980.5 975.4 977.5 7.1 6.6 0.0 Rio_Grande_do_Sul DCRS -999.9 0.0 0.0 601.02 601.08 601.0 0 -0.04 601.28 601.96 601.96 601.96
-28.798800 -50.429798 DCRS-00086 2026-09-14_01:32 8.9 -999.9 -999.9 87.6 -999.9 -999.9 6.9 -999.9 -999.9 977.4 -999.9 -999.9 6.7 -999.9 6.8 0.0 0.0 0.0 0.0 0.0 39.4 41.8 9.9 8.6 88.7 81.1 8.5 DCRS_-_Bom_Jesus/Jaquirana_(606_m) -999.9 -999.9 980.5 975.4 977.4 7.1 6.6 0.0 Rio_Grande_do_Sul DCRS -999.9 0.0 0.0 601.03 601.08 601.0 0 0.02 601.28 601.96 601.96 601.96
-28.798800 -50.429798 DCRS-00086 2026-09-14_01:33 9.0 -999.9 -999.9 87.7 -999.9 -999.9 7.0 -999.9 -999.9 977.5 -999.9 -999.9 6.5 -999.9 6.8 0.0 0.0 0.0 0.0 0.0 39.4 41.8 9.9 8.6 88.7 81.1 8.5 DCRS_-_Bom_Jesus/Jaquirana_(606_m) -999.9 -999.9 980.5 975.4 977.5 7.1 6.6 0.0 Rio_Grande_do_Sul DCRS -999.9 0.0 0.0 601.03 601.08 601.0 0 -0.04 601.28 601.96 601.96 601.96
-28.798800 -50.429798 DCRS-00086 2026-09-14_01:34 8.9 -999.9 -999.9 87.9 -999.9 -999.9 7.0 -999.9 -999.9 977.6 -999.9 -999.9 6.3 -999.9 6.8 0.0 0.0 0.0 0.0 0.0 39.4 41.8 9.9 8.6 88.7 81.1 8.5 DCRS_-_Bom_Jesus/Jaquirana_(606_m) -999.9 -999.9 980.5 975.4 977.6 7.1 6.6 0.0 Rio_Grande_do_Sul DCRS -999.9 0.0 0.0 601.07 601.08 601.0 0 0.0 601.28 601.96 601.96 601.96
-28.798800 -50.429798 DCRS-00086 2026-09-14_01:35 8.9 -999.9 -999.9 87.8 -999.9 -999.9 7.0 -999.9 -999.9 977.6 -999.9 -999.9 6.5 -999.9 7.4 0.0 0.0 0.0 0.0 0.0 39.4 41.8 9.9 8.6 88.7 81.1 8.5 DCRS_-_Bom_Jesus/Jaquirana_(606_m) -999.9 -999.9 980.5 975.4 977.6 7.1 6.6 0.0 Rio_Grande_do_Sul DCRS -999.9 0.0 0.0 601.05 601.08 601.0 0 0.0 601.28 601.96 601.96 601.96
-28.798800 -50.429798 DCRS-00086 2026-09-14_01:36 8.9 -999.9 -999.9 88.0 -999.9 -999.9 7.0 -999.9 -999.9 977.7 -999.9 -999.9 6.7 -999.9 7.4 0.0 0.0 0.0 0.0 0.0 39.4 41.8 9.9 8.6 88.7 81.1 8.5 DCRS_-_Bom_Jesus/Jaquirana_(606_m) -999.9 -999.9 980.5 975.4 977.7 7.1 6.6 0.0 Rio_Grande_do_Sul DCRS -999.9 0.0 0.0 601.07 601.08 601.0 0 0.02 601.28 601.96 601.96 601.96
-28.798800 -50.429798 DCRS-00086 2026-09-14_01:37 8.9 -999.9 -999.9 87.8 -999.9 -999.9 7.0 -999.9 -999.9 977.7 -999.9 -999.9 6.3 -999.9 7.4 0.0 0.0 0.0 0.0 0.0 39.4 41.8 9.9 8.6 88.7 81.1 8.5 DCRS_-_Bom_Jesus/Jaquirana_(606_m) -999.9 -999.9 980.5 975.4 977.7 7.1 6.6 0.0 Rio_Grande_do_Sul DCRS -999.9 0.0 0.0 601.07 601.08 601.0 0 0.01 601.28 601.96 601.96 601.96
-28.798800 -50.429798 DCRS-00086 2026-09-14_01:38 8.9 -999.9 -999.9 87.7 -999.9 -999.9 6.9 -999.9 -999.9 977.5 -999.9 -999.9 6.5 -999.9 7.4 0.0 0.0 0.0 0.0 0.0 39.4 41.8 9.9 8.6 88.7 81.1 8.5 DCRS_-_Bom_Jesus/Jaquirana_(606_m) -999.9 -999.9 980.5 975.4 977.5 7.1 6.6 0.0 Rio_Grande_do_Sul DCRS -999.9 0.0 0.0 601.06 601.08 601.0 1 0.04 601.28 601.96 601.96 601.96
-28.798800 -50.429798 DCRS-00086 2026-09-14_01:39 8.9 -999.9 -999.9 87.7 -999.9 -999.9 6.9 -999.9 -999.9 977.4 -999.9 -999.9 6.7 -999.9 7.4 0.0 0.0 0.0 0.0 0.0 39.4 41.8 9.9 8.6 88.7 81.1 8.5 DCRS_-_Bom_Jesus/Jaquirana_(606_m) -999.9 -999.9 980.5 975.4 977.4 7.1 6.6 0.0 Rio_Grande_do_Sul DCRS -999.9 0.0 0.0 601.06 601.08 601.0 1 0.03 601.28 601.96 601.96 601.96
-28.798800 -50.429798 DCRS-00086 2026-09-14_01:40 9.0 -999.9 -999.9 87.7 -999.9 -999.9 7.0 -999.9 -999.9 977.3 -999.9 -999.9 6.7 -999.9 7.0 0.0 0.0 0.0 0.0 0.0 39.4 41.8 9.9 8.6 88.7 81.1 8.5 DCRS_-_Bom_Jesus/Jaquirana_(606_m) -999.9 -999.9 980.5 975.4 977.3 7.1 6.6 0.0 Rio_Grande_do_Sul DCRS -999.9 0.0 0.0 601.04 601.08 601.0 1 0.01 601.28 601.96 601.96 601.96
-28.798800 -50.429798 DCRS-00086 2026-09-14_01:41 9.0 -999.9 -999.9 87.9 -999.9 -999.9 7.1 -999.9 -999.9 977.5 -999.9 -999.9 5.5 -999.9 7.0 0.0 0.0 0.0 0.0 0.0 39.4 41.8 9.9 8.6 88.7 81.1 8.5 DCRS_-_Bom_Jesus/Jaquirana_(606_m) -999.9 -999.9 980.5 975.4 977.5 7.1 6.6 0.0 Rio_Grande_do_Sul DCRS -999.9 0.0 0.0 601.06 601.08 601.0 0 0.02 601.28 601.96 601.96 601.96
-28.798800 -50.429798 DCRS-00086 2026-09-14_01:42 8.9 -999.9 -999.9 88.0 -999.9 -999.9 7.0 -999.9 -999.9 977.5 -999.9 -999.9 5.2 -999.9 7.0 0.0 0.0 0.0 0.0 0.0 39.4 41.8 9.9 8.6 88.7 81.1 8.5 DCRS_-_Bom_Jesus/Jaquirana_(606_m) -999.9 -999.9 980.5 975.4 977.5 7.1 6.6 0.0 Rio_Grande_do_Sul DCRS -999.9 0.0 0.0 601.05 601.08 601.0 0 0.0 601.28 601.96 601.96 601.96
-28.798800 -50.429798 DCRS-00086 2026-09-14_01:43 9.0 -999.9 -999.9 88.3 -999.9 -999.9 7.1 -999.9 -999.9 977.7 -999.9 -999.9 6.2 -999.9 7.0 0.0 0.0 0.0 0.0 0.0 39.4 41.8 9.9 8.6 88.7 81.1 8.5 DCRS_-_Bom_Jesus/Jaquirana_(606_m) -999.9 -999.9 980.5 975.4 977.7 7.1 6.6 0.0 Rio_Grande_do_Sul DCRS -999.9 0.0 0.0 601.04 601.08 601.0 0 -0.02 601.28 601.96 601.96 601.96
-28.798800 -50.429798 DCRS-00086 2026-09-14_01:44 8.9 -999.9 -999.9 88.5 -999.9 -999.9 7.1 -999.9 -999.9 977.9 -999.9 -999.9 6.5 -999.9 7.0 0.0 0.0 0.0 0.0 0.0 39.4 41.8 9.9 8.6 88.7 81.1 8.5 DCRS_-_Bom_Jesus/Jaquirana_(606_m) -999.9 -999.9 980.5 975.4 977.9 7.1 6.6 0.0 Rio_Grande_do_Sul DCRS -999.9 0.0 0.0 601.07 601.08 601.0 0 0.04 601.28 601.96 601.96 601.96
-28.798800 -50.429798 DCRS-00086 2026-09-14_01:45 8.9 -999.9 -999.9 88.2 -999.9 -999.9 7.0 -999.9 -999.9 977.8 -999.9 -999.9 7.1 -999.9 7.2 0.0 0.0 0.0 0.0 0.0 39.4 41.8 9.9 8.6 88.7 81.1 8.5 DCRS_-_Bom_Jesus/Jaquirana_(606_m) -999.9 -999.9 980.5 975.4 977.8 7.1 6.6 0.0 Rio_Grande_do_Sul DCRS -999.9 0.0 0.0 601.03 601.08 601.0 0 0.0 601.28 601.96 601.96 601.96
-28.798800 -50.429798 DCRS-00086 2026-09-14_01:46 8.9 -999.9 -999.9 88.1 -999.9 -999.9 7.0 -999.9 -999.9 977.6 -999.9 -999.9 -999.9 -999.9 7.2 0.0 0.0 0.0 0.0 0.0 39.4 41.8 9.9 8.6 88.7 81.1 8.5 DCRS_-_Bom_Jesus/Jaquirana_(606_m) -999.9 -999.9 980.5 975.4 977.6 7.1 6.6 0.0 Rio_Grande_do_Sul DCRS -999.9 0.0 0.0 601.06 601.08 601.0 0 0.02 601.28 601.96 601.96 601.96
-28.798800 -50.429798 DCRS-00086 2026-09-14_01:47 9.0 -999.9 -999.9 88.0 -999.9 -999.9 7.1 -999.9 -999.9 977.5 -999.9 -999.9 -999.9 -999.9 7.2 0.0 0.0 0.0 0.0 0.0 39.4 41.8 9.9 8.6 88.7 81.1 8.5 DCRS_-_Bom_Jesus/Jaquirana_(606_m) -999.9 -999.9 980.5 975.4 977.5 7.1 6.6 0.0 Rio_Grande_do_Sul DCRS -999.9 0.0 0.0 601.06 601.08 601.0 0 0.02 601.28 601.96 601.96 601.96
-28.798800 -50.429798 DCRS-00086 2026-09-14_01:48 8.9 -999.9 -999.9 88.1 -999.9 -999.9 7.0 -999.9 -999.9 977.4 -999.9 -999.9 6.8 -999.9 7.2 0.0 0.0 0.0 0.0 0.0 39.4 41.8 9.9 8.6 88.7 81.1 8.5 DCRS_-_Bom_Jesus/Jaquirana_(606_m) -999.9 -999.9 980.5 975.4 977.4 7.1 6.6 0.0 Rio_Grande_do_Sul DCRS -999.9 0.0 0.0 601.06 601.08 601.0 0 0.03 601.28 601.96 601.96 601.96
-28.798800 -50.429798 DCRS-00086 2026-09-14_01:49 8.9 -999.9 -999.9 88.1 -999.9 -999.9 7.0 -999.9 -999.9 977.4 -999.9 -999.9 -999.9 -999.9 7.2 0.0 0.0 0.0 0.0 0.0 39.4 41.8 9.9 8.6 88.7 81.1 8.5 DCRS_-_Bom_Jesus/Jaquirana_(606_m) -999.9 -999.9 980.5 975.4 977.4 7.1 6.6 0.0 Rio_Grande_do_Sul DCRS -999.9 0.0 0.0 601.03 601.08 601.0 0 -0.01 601.28 601.96 601.96 601.96
-28.798800 -50.429798 DCRS-00086 2026-09-14_01:50 8.9 -999.9 -999.9 88.0 -999.9 -999.9 7.0 -999.9 -999.9 977.4 -999.9 -999.9 8.2 -999.9 8.2 0.0 0.0 0.0 0.0 0.0 39.4 41.8 9.9 8.6 88.7 81.1 8.5 DCRS_-_Bom_Jesus/Jaquirana_(606_m) -999.9 -999.9 980.5 975.4 977.4 7.1 6.6 0.0 Rio_Grande_do_Sul DCRS -999.9 0.0 0.0 601.04 601.08 601.0 0 0.0 601.28 601.96 601.96 601.96
-28.798800 -50.429798 DCRS-00086 2026-09-14_01:51 8.9 -999.9 -999.9 87.8 -999.9 -999.9 7.0 -999.9 -999.9 977.2 -999.9 -999.9 7.8 -999.9 8.2 0.0 0.0 0.0 0.0 0.0 39.4 41.8 9.9 8.6 88.7 81.1 8.5 DCRS_-_Bom_Jesus/Jaquirana_(606_m) -999.9 -999.9 980.5 975.4 977.2 7.1 6.6 0.0 Rio_Grande_do_Sul DCRS -999.9 0.0 0.0 601.02 601.08 601.0 0 -0.02 601.28 601.96 601.96 601.96
-28.798800 -50.429798 DCRS-00086 2026-09-14_01:52 8.9 -999.9 -999.9 87.7 -999.9 -999.9 6.9 -999.9 -999.9 977.1 -999.9 -999.9 7.7 -999.9 8.2 0.0 0.0 0.0 0.0 0.0 39.4 41.8 9.9 8.6 88.7 81.1 8.5 DCRS_-_Bom_Jesus/Jaquirana_(606_m) -999.9 -999.9 980.5 975.4 977.1 7.1 6.6 0.0 Rio_Grande_do_Sul DCRS -999.9 0.0 0.0 601.06 601.08 601.0 0 -0.01 601.28 601.96 601.96 601.96
-28.798800 -50.429798 DCRS-00086 2026-09-14_01:53 8.9 -999.9 -999.9 87.7 -999.9 -999.9 6.9 -999.9 -999.9 977.0 -999.9 -999.9 6.9 -999.9 8.2 0.0 0.0 0.0 0.0 0.0 39.4 41.8 9.9 8.6 88.7 81.1 8.5 DCRS_-_Bom_Jesus/Jaquirana_(606_m) -999.9 -999.9 980.5 975.4 977.0 7.1 6.6 0.0 Rio_Grande_do_Sul DCRS -999.9 0.0 0.0 601.06 601.08 601.0 0 -0.01 601.28 601.96 601.96 601.96
-28.798800 -50.429798 DCRS-00086 2026-09-14_01:54 8.9 -999.9 -999.9 87.6 -999.9 -999.9 6.9 -999.9 -999.9 976.9 -999.9 -999.9 7.0 -999.9 8.2 0.0 0.0 0.0 0.0 0.0 39.4 41.8 9.9 8.6 88.7 81.1 8.5 DCRS_-_Bom_Jesus/Jaquirana_(606_m) -999.9 -999.9 980.5 975.4 976.9 7.1 6.6 0.0 Rio_Grande_do_Sul DCRS -999.9 0.0 0.0 601.06 601.08 601.0 0 0.0 601.28 601.96 601.96 601.96
-28.798800 -50.429798 DCRS-00086 2026-09-14_01:55 8.9 -999.9 -999.9 87.4 -999.9 -999.9 6.9 -999.9 -999.9 976.6 -999.9 -999.9 6.6 -999.9 9.3 0.0 0.0 0.0 0.0 0.0 39.4 41.8 9.9 8.6 88.7 81.1 9.3 DCRS_-_Bom_Jesus/Jaquirana_(606_m) -999.9 -999.9 980.5 975.4 976.6 7.1 6.6 0.0 Rio_Grande_do_Sul DCRS -999.9 0.0 0.0 601.07 601.08 601.0 0 0.01 601.28 601.96 601.96 601.96
-28.798800 -50.429798 DCRS-00086 2026-09-14_01:56 9.0 -999.9 -999.9 87.6 -999.9 -999.9 7.0 -999.9 -999.9 976.6 -999.9 -999.9 6.5 -999.9 9.3 0.0 0.0 0.0 0.0 0.0 39.4 41.8 9.9 8.6 88.7 81.1 9.3 DCRS_-_Bom_Jesus/Jaquirana_(606_m) -999.9 -999.9 980.5 975.4 976.6 7.1 6.6 0.0 Rio_Grande_do_Sul DCRS -999.9 0.0 0.0 601.07 601.08 601.0 0 0.03 601.28 601.96 601.96 601.96
-28.798800 -50.429798 DCRS-00086 2026-09-14_01:57 8.9 -999.9 -999.9 87.7 -999.9 -999.9 6.9 -999.9 -999.9 976.8 -999.9 -999.9 6.5 -999.9 9.3 0.0 0.0 0.0 0.0 0.0 39.4 41.8 9.9 8.6 88.7 81.1 9.3 DCRS_-_Bom_Jesus/Jaquirana_(606_m) -999.9 -999.9 980.5 975.4 976.8 7.1 6.6 0.0 Rio_Grande_do_Sul DCRS -999.9 0.0 0.0 601.06 601.08 601.0 0 0.0 601.28 601.96 601.96 601.96
-28.798800 -50.429798 DCRS-00086 2026-09-14_01:58 9.0 -999.9 -999.9 87.9 -999.9 -999.9 7.1 -999.9 -999.9 977.0 -999.9 -999.9 6.1 -999.9 9.3 0.0 0.0 0.0 0.0 0.0 39.4 41.8 9.9 8.6 88.7 81.1 9.3 DCRS_-_Bom_Jesus/Jaquirana_(606_m) -999.9 -999.9 980.5 975.4 977.0 7.1 6.6 0.0 Rio_Grande_do_Sul DCRS -999.9 0.0 0.0 601.05 601.08 601.0 0 -0.01 601.28 601.96 601.96 601.96
-28.798800 -50.429798 DCRS-00086 2026-09-14_01:59 9.0 -999.9 -999.9 88.0 -999.9 -999.9 7.1 -999.9 -999.9 977.1 -999.9 -999.9 5.7 -999.9 9.3 0.0 0.0 0.0 0.0 0.0 39.4 41.8 9.9 8.6 88.7 81.1 9.3 DCRS_-_Bom_Jesus/Jaquirana_(606_m) -999.9 -999.9 980.5 975.4 977.1 7.1 6.6 0.0 Rio_Grande_do_Sul DCRS -999.9 0.0 0.0 601.04 601.08 601.0 0 -0.02 601.28 601.96 601.96 601.96
-28.798800 -50.429798 DCRS-00086 2026-09-14_02:00 9.0 -999.9 -999.9 87.6 -999.9 -999.9 7.0 -999.9 -999.9 976.9 -999.9 -999.9 6.2 -999.9 6.8 0.0 0.0 0.0 0.0 0.0 39.4 41.8 9.9 8.6 88.7 81.1 9.3 DCRS_-_Bom_Jesus/Jaquirana_(606_m) -999.9 -999.9 980.5 975.4 976.9 7.1 6.6 0.0 Rio_Grande_do_Sul DCRS -999.9 0.0 0.0 601.05 601.08 601.0 1 0.0 601.28 601.96 601.96 601.96
-28.798800 -50.429798 DCRS-00086 2026-09-14_02:01 9.1 -999.9 -999.9 87.5 -999.9 -999.9 7.1 -999.9 -999.9 976.8 -999.9 -999.9 6.0 -999.9 6.8 0.0 0.0 0.0 0.0 0.0 39.4 41.8 9.9 8.6 88.7 81.1 9.3 DCRS_-_Bom_Jesus/Jaquirana_(606_m) -999.9 -999.9 980.5 975.4 976.8 7.1 6.6 0.0 Rio_Grande_do_Sul DCRS -999.9 0.0 0.0 601.06 601.08 601.0 1 0.02 601.28 601.96 601.96 601.96
-28.798800 -50.429798 DCRS-00086 2026-09-14_02:02 9.0 -999.9 -999.9 87.7 -999.9 -999.9 7.0 -999.9 -999.9 976.7 -999.9 -999.9 6.3 -999.9 6.8 0.0 0.0 0.0 0.0 0.0 39.4 41.8 9.9 8.6 88.7 81.1 9.3 DCRS_-_Bom_Jesus/Jaquirana_(606_m) -999.9 -999.9 980.5 975.4 976.7 7.1 6.6 0.0 Rio_Grande_do_Sul DCRS -999.9 0.0 0.0 601.05 601.08 601.0 1 0.02 601.28 601.96 601.96 601.96
-28.798800 -50.429798 DCRS-00086 2026-09-14_02:03 9.1 -999.9 -999.9 87.9 -999.9 -999.9 7.2 -999.9 -999.9 976.9 -999.9 -999.9 5.5 -999.9 6.8 0.0 0.0 0.0 0.0 0.0 39.4 41.8 9.9 8.6 88.7 81.1 9.3 DCRS_-_Bom_Jesus/Jaquirana_(606_m) -999.9 -999.9 980.5 975.4 976.9 7.2 6.6 0.0 Rio_Grande_do_Sul DCRS -999.9 0.0 0.0 601.05 601.08 601.0 0 0.02 601.28 601.96 601.96 601.96
-28.798800 -50.429798 DCRS-00086 2026-09-14_02:04 9.1 -999.9 -999.9 88.0 -999.9 -999.9 7.2 -999.9 -999.9 976.9 -999.9 -999.9 6.0 -999.9 6.8 0.0 0.0 0.0 0.0 0.0 39.4 41.8 9.9 8.6 88.7 81.1 9.3 DCRS_-_Bom_Jesus/Jaquirana_(606_m) -999.9 -999.9 980.5 975.4 976.9 7.2 6.6 0.0 Rio_Grande_do_Sul DCRS -999.9 0.0 0.0 601.03 601.08 601.0 0 -0.02 601.28 601.96 601.96 601.96
-28.798800 -50.429798 DCRS-00086 2026-09-14_02:05 9.1 -999.9 -999.9 87.5 -999.9 -999.9 7.1 -999.9 -999.9 976.7 -999.9 -999.9 6.6 -999.9 6.7 0.0 0.0 0.0 0.0 0.0 39.4 41.8 9.9 8.6 88.7 81.1 9.3 DCRS_-_Bom_Jesus/Jaquirana_(606_m) -999.9 -999.9 980.5 975.4 976.7 7.2 6.6 0.0 Rio_Grande_do_Sul DCRS -999.9 0.0 0.0 601.06 601.08 601.0 0 -0.01 601.28 601.96 601.96 601.96
-28.798800 -50.429798 DCRS-00086 2026-09-14_02:06 9.0 -999.9 -999.9 87.2 -999.9 -999.9 7.0 -999.9 -999.9 976.2 -999.9 -999.9 6.4 -999.9 6.7 0.0 0.0 0.0 0.0 0.0 39.4 41.8 9.9 8.6 88.7 81.1 9.3 DCRS_-_Bom_Jesus/Jaquirana_(606_m) -999.9 -999.9 980.5 975.4 976.2 7.2 6.6 0.0 Rio_Grande_do_Sul DCRS -999.9 0.0 0.0 601.05 601.08 601.0 0 0.0 601.28 601.96 601.96 601.96
-28.798800 -50.429798 DCRS-00086 2026-09-14_02:07 9.0 -999.9 -999.9 87.3 -999.9 -999.9 7.0 -999.9 -999.9 976.1 -999.9 -999.9 6.3 -999.9 6.7 0.0 0.0 0.0 0.0 0.0 39.4 41.8 9.9 8.6 88.7 81.1 9.3 DCRS_-_Bom_Jesus/Jaquirana_(606_m) -999.9 -999.9 980.5 975.4 976.1 7.2 6.6 0.0 Rio_Grande_do_Sul DCRS -999.9 0.0 0.0 601.06 601.08 601.0 0 0.01 601.28 601.96 601.96 601.96
-28.798800 -50.429798 DCRS-00086 2026-09-14_02:08 9.1 -999.9 -999.9 87.5 -999.9 -999.9 7.1 -999.9 -999.9 976.2 -999.9 -999.9 -999.9 -999.9 6.7 0.0 0.0 0.0 0.0 0.0 39.4 41.8 9.9 8.6 88.7 81.1 9.3 DCRS_-_Bom_Jesus/Jaquirana_(606_m) -999.9 -999.9 980.5 975.4 976.2 7.2 6.6 0.0 Rio_Grande_do_Sul DCRS -999.9 0.0 0.0 601.04 601.08 601.0 0 -0.01 601.28 601.96 601.96 601.96
-28.798800 -50.429798 DCRS-00086 2026-09-14_02:09 9.1 -999.9 -999.9 87.5 -999.9 -999.9 7.1 -999.9 -999.9 976.2 -999.9 -999.9 -999.9 -999.9 6.7 0.0 0.0 0.0 0.0 0.0 39.4 41.8 9.9 8.6 88.7 81.1 9.3 DCRS_-_Bom_Jesus/Jaquirana_(606_m) -999.9 -999.9 980.5 975.4 976.2 7.2 6.6 0.0 Rio_Grande_do_Sul DCRS -999.9 0.0 0.0 601.04 601.08 601.0 0 0.0 601.28 601.96 601.96 601.96
-28.798800 -50.429798 DCRS-00086 2026-09-14_02:10 9.1 -999.9 -999.9 87.4 -999.9 -999.9 7.1 -999.9 -999.9 976.1 -999.9 -999.9 7.0 -999.9 7.4 0.0 0.0 0.0 0.0 0.0 39.4 41.8 9.9 8.6 88.7 81.1 9.3 DCRS_-_Bom_Jesus/Jaquirana_(606_m) -999.9 -999.9 980.5 975.4 976.1 7.2 6.6 0.0 Rio_Grande_do_Sul DCRS -999.9 0.0 0.0 601.03 601.08 601.0 0 -0.04 601.28 601.96 601.96 601.96
-28.798800 -50.429798 DCRS-00086 2026-09-14_02:11 9.1 -999.9 -999.9 87.6 -999.9 -999.9 7.1 -999.9 -999.9 976.1 -999.9 -999.9 7.0 -999.9 7.4 0.0 0.0 0.0 0.0 0.0 39.4 41.8 9.9 8.6 88.7 81.1 9.3 DCRS_-_Bom_Jesus/Jaquirana_(606_m) -999.9 -999.9 980.5 975.4 976.1 7.2 6.6 0.0 Rio_Grande_do_Sul DCRS -999.9 0.0 0.0 601.04 601.08 601.0 0 -0.02 601.28 601.96 601.96 601.96
-28.798800 -50.429798 DCRS-00086 2026-09-14_02:12 9.1 -999.9 -999.9 87.8 -999.9 -999.9 7.2 -999.9 -999.9 976.3 -999.9 -999.9 -999.9 -999.9 7.4 0.0 0.0 0.0 0.0 0.0 39.4 41.8 9.9 8.6 88.7 81.1 9.3 DCRS_-_Bom_Jesus/Jaquirana_(606_m) -999.9 -999.9 980.5 975.4 976.3 7.2 6.6 0.0 Rio_Grande_do_Sul DCRS -999.9 0.0 0.0 601.06 601.08 601.0 0 0.0 601.28 601.96 601.96 601.96
-28.798800 -50.429798 DCRS-00086 2026-09-14_02:13 9.1 -999.9 -999.9 87.9 -999.9 -999.9 7.2 -999.9 -999.9 976.5 -999.9 -999.9 7.1 -999.9 7.4 0.0 0.0 0.0 0.0 0.0 39.4 41.8 9.9 8.6 88.7 81.1 9.3 DCRS_-_Bom_Jesus/Jaquirana_(606_m) -999.9 -999.9 980.5 975.4 976.5 7.2 6.6 0.0 Rio_Grande_do_Sul DCRS -999.9 0.0 0.0 601.05 601.08 601.0 0 0.0 601.28 601.96 601.96 601.96
-28.798800 -50.429798 DCRS-00086 2026-09-14_02:14 9.1 -999.9 -999.9 87.8 -999.9 -999.9 7.2 -999.9 -999.9 976.5 -999.9 -999.9 -999.9 -999.9 7.4 0.0 0.0 0.0 0.0 0.0 39.4 41.8 9.9 8.6 88.7 81.1 9.3 DCRS_-_Bom_Jesus/Jaquirana_(606_m) -999.9 -999.9 980.5 975.4 976.5 7.2 6.6 0.0 Rio_Grande_do_Sul DCRS -999.9 0.0 0.0 601.0 601.08 601.0 0 -0.02 601.28 601.96 601.96 601.96
-28.798800 -50.429798 DCRS-00086 2026-09-14_02:15 9.1 -999.9 -999.9 87.5 -999.9 -999.9 7.1 -999.9 -999.9 976.2 -999.9 -999.9 7.7 -999.9 8.4 0.0 0.0 0.0 0.0 0.0 39.4 41.8 9.9 8.6 88.7 81.1 9.3 DCRS_-_Bom_Jesus/Jaquirana_(606_m) -999.9 -999.9 980.5 975.4 976.2 7.2 6.6 0.0 Rio_Grande_do_Sul DCRS -999.9 0.0 0.0 601.06 601.08 601.0 0 0.0 601.28 601.96 601.96 601.96
-28.798800 -50.429798 DCRS-00086 2026-09-14_02:16 9.1 -999.9 -999.9 87.2 -999.9 -999.9 7.1 -999.9 -999.9 975.9 -999.9 -999.9 7.2 -999.9 8.4 0.0 0.0 0.0 0.0 0.0 39.4 41.8 9.9 8.6 88.7 81.1 9.3 DCRS_-_Bom_Jesus/Jaquirana_(606_m) -999.9 -999.9 980.5 975.4 975.9 7.2 6.6 0.0 Rio_Grande_do_Sul DCRS -999.9 0.0 0.0 601.03 601.08 601.0 0 -0.03 601.28 601.96 601.96 601.96
-28.798800 -50.429798 DCRS-00086 2026-09-14_02:17 9.1 -999.9 -999.9 87.4 -999.9 -999.9 7.1 -999.9 -999.9 975.9 -999.9 -999.9 6.8 -999.9 8.4 0.0 0.0 0.0 0.0 0.0 39.4 41.8 9.9 8.6 88.7 81.1 9.3 DCRS_-_Bom_Jesus/Jaquirana_(606_m) -999.9 -999.9 980.5 975.4 975.9 7.2 6.6 0.0 Rio_Grande_do_Sul DCRS -999.9 0.0 0.0 601.05 601.08 601.0 0 0.01 601.28 601.96 601.96 601.96
-28.798800 -50.429798 DCRS-00086 2026-09-14_02:18 9.2 -999.9 -999.9 87.5 -999.9 -999.9 7.2 -999.9 -999.9 976.0 -999.9 -999.9 6.1 -999.9 8.4 0.0 0.0 0.0 0.0 0.0 39.4 41.8 9.9 8.6 88.7 81.1 9.3 DCRS_-_Bom_Jesus/Jaquirana_(606_m) -999.9 -999.9 980.5 975.4 976.0 7.2 6.6 0.0 Rio_Grande_do_Sul DCRS -999.9 0.0 0.0 601.01 601.08 601.0 0 -0.05 601.28 601.96 601.96 601.96
-28.798800 -50.429798 DCRS-00086 2026-09-14_02:19 9.1 -999.9 -999.9 87.6 -999.9 -999.9 7.1 -999.9 -999.9 976.1 -999.9 -999.9 5.9 -999.9 8.4 0.0 0.0 0.0 0.0 0.0 39.4 41.8 9.9 8.6 88.7 81.1 9.3 DCRS_-_Bom_Jesus/Jaquirana_(606_m) -999.9 -999.9 980.5 975.4 976.1 7.2 6.6 0.0 Rio_Grande_do_Sul DCRS -999.9 0.0 0.0 601.05 601.08 601.0 0 0.0 601.28 601.96 601.96 601.96
-28.798800 -50.429798 DCRS-00086 2026-09-14_02:20 9.2 -999.9 -999.9 87.9 -999.9 -999.9 7.3 -999.9 -999.9 976.4 -999.9 -999.9 5.5 -999.9 8.1 0.0 0.0 0.0 0.0 0.0 39.4 41.8 9.9 8.6 88.7 81.1 9.3 DCRS_-_Bom_Jesus/Jaquirana_(606_m) -999.9 -999.9 980.5 975.4 976.4 7.3 6.6 0.0 Rio_Grande_do_Sul DCRS -999.9 0.0 0.0 601.05 601.08 601.0 0 0.01 601.28 601.96 601.96 601.96
-28.798800 -50.429798 DCRS-00086 2026-09-14_02:21 9.2 -999.9 -999.9 87.6 -999.9 -999.9 7.2 -999.9 -999.9 976.3 -999.9 -999.9 6.0 -999.9 8.1 0.0 0.0 0.0 0.0 0.0 39.4 41.8 9.9 8.6 88.7 81.1 9.3 DCRS_-_Bom_Jesus/Jaquirana_(606_m) -999.9 -999.9 980.5 975.4 976.3 7.3 6.6 0.0 Rio_Grande_do_Sul DCRS -999.9 0.0 0.0 601.05 601.08 601.0 -1 -0.01 601.28 601.96 601.96 601.96
-28.798800 -50.429798 DCRS-00086 2026-09-14_02:22 9.2 -999.9 -999.9 87.5 -999.9 -999.9 7.2 -999.9 -999.9 976.1 -999.9 -999.9 6.1 -999.9 8.1 0.0 0.0 0.0 0.0 0.0 39.4 41.8 9.9 8.6 88.7 81.1 9.3 DCRS_-_Bom_Jesus/Jaquirana_(606_m) -999.9 -999.9 980.5 975.4 976.1 7.3 6.6 0.0 Rio_Grande_do_Sul DCRS -999.9 0.0 0.0 601.05 601.08 601.0 -1 -0.01 601.28 601.96 601.96 601.96
-28.798800 -50.429798 DCRS-00086 2026-09-14_02:23 9.3 -999.9 -999.9 87.4 -999.9 -999.9 7.3 -999.9 -999.9 976.0 -999.9 -999.9 6.3 -999.9 8.1 0.0 0.0 0.0 0.0 0.0 39.4 41.8 9.9 8.6 88.7 81.1 9.3 DCRS_-_Bom_Jesus/Jaquirana_(606_m) -999.9 -999.9 980.5 975.4 976.0 7.3 6.6 0.0 Rio_Grande_do_Sul DCRS -999.9 0.0 0.0 601.06 601.08 601.0 -1 -0.01 601.28 601.96 601.96 601.96
-28.798800 -50.429798 DCRS-00086 2026-09-14_02:24 9.3 -999.9 -999.9 87.4 -999.9 -999.9 7.3 -999.9 -999.9 976.0 -999.9 -999.9 8.0 -999.9 8.1 0.0 0.0 0.0 0.0 0.0 39.4 41.8 9.9 8.6 88.7 81.1 9.3 DCRS_-_Bom_Jesus/Jaquirana_(606_m) -999.9 -999.9 980.5 975.4 976.0 7.3 6.6 0.0 Rio_Grande_do_Sul DCRS -999.9 0.0 0.0 601.06 601.08 601.0 0 0.02 601.28 601.96 601.96 601.96
-28.798800 -50.429798 DCRS-00086 2026-09-14_02:25 9.3 -999.9 -999.9 86.7 -999.9 -999.9 7.2 -999.9 -999.9 975.4 -999.9 -999.9 7.1 -999.9 8.0 0.0 0.0 0.0 0.0 0.0 39.4 41.8 9.9 8.6 88.7 81.1 9.3 DCRS_-_Bom_Jesus/Jaquirana_(606_m) -999.9 -999.9 980.5 975.4 975.4 7.3 6.6 0.0 Rio_Grande_do_Sul DCRS -999.9 0.0 0.0 601.02 601.08 601.0 0 -0.04 601.28 601.96 601.96 601.96
-28.798800 -50.429798 DCRS-00086 2026-09-14_02:26 9.2 -999.9 -999.9 86.8 -999.9 -999.9 7.1 -999.9 -999.9 975.1 -999.9 -999.9 7.1 -999.9 8.0 0.0 0.0 0.0 0.0 0.0 39.4 41.8 9.9 8.6 88.7 81.1 9.3 DCRS_-_Bom_Jesus/Jaquirana_(606_m) -999.9 -999.9 980.5 975.1 975.1 7.3 6.6 0.0 Rio_Grande_do_Sul DCRS -999.9 0.0 0.0 600.99 601.08 600.99 0 -0.05 601.28 601.96 601.96 601.96
-28.798800 -50.429798 DCRS-00086 2026-09-14_02:27 9.3 -999.9 -999.9 86.8 -999.9 -999.9 7.2 -999.9 -999.9 974.9 -999.9 -999.9 7.1 -999.9 8.0 0.0 0.0 0.0 0.0 0.0 39.4 41.8 9.9 8.6 88.7 81.1 9.3 DCRS_-_Bom_Jesus/Jaquirana_(606_m) -999.9 -999.9 980.5 974.9 974.9 7.3 6.6 0.0 Rio_Grande_do_Sul DCRS -999.9 0.0 0.0 601.05 601.08 600.99 -1 -0.01 601.28 601.96 601.96 601.96
-28.798800 -50.429798 DCRS-00086 2026-09-14_02:28 9.3 -999.9 -999.9 86.6 -999.9 -999.9 7.2 -999.9 -999.9 974.6 -999.9 -999.9 6.8 -999.9 8.0 0.0 0.0 0.0 0.0 0.0 39.4 41.8 9.9 8.6 88.7 81.1 9.3 DCRS_-_Bom_Jesus/Jaquirana_(606_m) -999.9 -999.9 980.5 974.6 974.6 7.3 6.6 0.0 Rio_Grande_do_Sul DCRS -999.9 0.0 0.0 601.04 601.08 600.99 -1 -0.04 601.28 601.96 601.96 601.96
-28.798800 -50.429798 DCRS-00086 2026-09-14_02:29 9.2 -999.9 -999.9 86.6 -999.9 -999.9 7.1 -999.9 -999.9 974.5 -999.9 -999.9 6.4 -999.9 8.0 0.0 0.0 0.0 0.0 0.0 39.4 41.8 9.9 8.6 88.7 81.1 9.3 DCRS_-_Bom_Jesus/Jaquirana_(606_m) -999.9 -999.9 980.5 974.5 974.5 7.3 6.6 0.0 Rio_Grande_do_Sul DCRS -999.9 0.0 0.0 601.05 601.08 600.99 0 0.01 601.28 601.96 601.96 601.96
-28.798800 -50.429798 DCRS-00086 2026-09-14_02:30 9.3 -999.9 -999.9 86.7 -999.9 -999.9 7.2 -999.9 -999.9 974.4 -999.9 -999.9 6.4 -999.9 7.9 0.0 0.0 0.0 0.0 0.0 39.4 41.8 9.9 8.6 88.7 81.1 9.3 DCRS_-_Bom_Jesus/Jaquirana_(606_m) -999.9 -999.9 980.5 974.4 974.4 7.3 6.6 0.0 Rio_Grande_do_Sul DCRS -999.9 0.0 0.0 601.02 601.08 600.99 -1 0.0 601.28 601.96 601.96 601.96
-28.798800 -50.429798 DCRS-00086 2026-09-14_02:31 9.3 -999.9 -999.9 86.6 -999.9 -999.9 7.2 -999.9 -999.9 974.3 -999.9 -999.9 6.4 -999.9 7.9 0.0 0.0 0.0 0.0 0.0 39.4 41.8 9.9 8.6 88.7 81.1 9.3 DCRS_-_Bom_Jesus/Jaquirana_(606_m) -999.9 -999.9 980.5 974.3 974.3 7.3 6.6 0.0 Rio_Grande_do_Sul DCRS -999.9 0.0 0.0 601.05 601.08 600.99 -1 0.02 601.28 601.96 601.96 601.96
-28.798800 -50.429798 DCRS-00086 2026-09-14_02:32 9.3 -999.9 -999.9 86.5 -999.9 -999.9 7.1 -999.9 -999.9 974.3 -999.9 -999.9 6.0 -999.9 7.9 0.0 0.0 0.0 0.0 0.0 39.4 41.8 9.9 8.6 88.7 81.1 9.3 DCRS_-_Bom_Jesus/Jaquirana_(606_m) -999.9 -999.9 980.5 974.3 974.3 7.3 6.6 0.0 Rio_Grande_do_Sul DCRS -999.9 0.0 0.0 601.05 601.08 600.99 -1 0.02 601.28 601.96 601.96 601.96
-28.798800 -50.429798 DCRS-00086 2026-09-14_02:33 9.3 -999.9 -999.9 86.3 -999.9 -999.9 7.1 -999.9 -999.9 974.0 -999.9 -999.9 6.2 -999.9 7.9 0.0 0.0 0.0 0.0 0.0 39.4 41.8 9.9 8.6 88.7 81.1 9.3 DCRS_-_Bom_Jesus/Jaquirana_(606_m) -999.9 -999.9 980.5 974.0 974.0 7.3 6.6 0.0 Rio_Grande_do_Sul DCRS -999.9 0.0 0.0 601.04 601.08 600.99 -1 0.01 601.28 601.96 601.96 601.96
-28.798800 -50.429798 DCRS-00086 2026-09-14_02:34 9.3 -999.9 -999.9 86.1 -999.9 -999.9 7.1 -999.9 -999.9 973.8 -999.9 -999.9 6.3 -999.9 7.9 0.0 0.0 0.0 0.0 0.0 39.4 41.8 9.9 8.6 88.7 81.1 9.3 DCRS_-_Bom_Jesus/Jaquirana_(606_m) -999.9 -999.9 980.5 973.8 973.8 7.3 6.6 0.0 Rio_Grande_do_Sul DCRS -999.9 0.0 0.0 601.01 601.08 600.99 -1 -0.06 601.28 601.96 601.96 601.96
-28.798800 -50.429798 DCRS-00086 2026-09-14_02:35 9.3 -999.9 -999.9 86.3 -999.9 -999.9 7.1 -999.9 -999.9 973.7 -999.9 -999.9 5.3 -999.9 6.6 0.0 0.0 0.0 0.0 0.0 39.4 41.8 9.9 8.6 88.7 81.1 9.3 DCRS_-_Bom_Jesus/Jaquirana_(606_m) -999.9 -999.9 980.5 973.7 973.7 7.3 6.6 0.0 Rio_Grande_do_Sul DCRS -999.9 0.0 0.0 601.06 601.08 600.99 -1 -0.01 601.28 601.96 601.96 601.96
-28.798800 -50.429798 DCRS-00086 2026-09-14_02:36 9.3 -999.9 -999.9 86.7 -999.9 -999.9 7.2 -999.9 -999.9 973.9 -999.9 -999.9 5.2 -999.9 6.6 0.0 0.0 0.0 0.0 0.0 39.4 41.8 9.9 8.6 88.7 81.1 9.3 DCRS_-_Bom_Jesus/Jaquirana_(606_m) -999.9 -999.9 980.5 973.7 973.9 7.3 6.6 0.0 Rio_Grande_do_Sul DCRS -999.9 0.0 0.0 601.05 601.08 600.99 -1 -0.02 601.28 601.96 601.96 601.96
-28.798800 -50.429798 DCRS-00086 2026-09-14_02:37 9.4 -999.9 -999.9 87.4 -999.9 -999.9 7.4 -999.9 -999.9 974.5 -999.9 -999.9 5.3 -999.9 6.6 0.0 0.0 0.0 0.0 0.0 39.4 41.8 9.9 8.6 88.7 81.1 9.3 DCRS_-_Bom_Jesus/Jaquirana_(606_m) -999.9 -999.9 980.5 973.7 974.5 7.4 6.6 0.0 Rio_Grande_do_Sul DCRS -999.9 0.0 0.0 601.06 601.08 600.99 -1 -0.01 601.28 601.96 601.96 601.96
-28.798800 -50.429798 DCRS-00086 2026-09-14_02:38 9.3 -999.9 -999.9 87.2 -999.9 -999.9 7.3 -999.9 -999.9 974.7 -999.9 -999.9 6.4 -999.9 6.6 0.0 0.0 0.0 0.0 0.0 39.4 41.8 9.9 8.6 88.7 81.1 9.3 DCRS_-_Bom_Jesus/Jaquirana_(606_m) -999.9 -999.9 980.5 973.7 974.7 7.4 6.6 0.0 Rio_Grande_do_Sul DCRS -999.9 0.0 0.0 601.06 601.08 600.99 -1 0.0 601.28 601.96 601.96 601.96
-28.798800 -50.429798 DCRS-00086 2026-09-14_02:39 9.3 -999.9 -999.9 87.2 -999.9 -999.9 7.3 -999.9 -999.9 974.7 -999.9 -999.9 5.9 -999.9 6.6 0.0 0.0 0.0 0.0 0.0 39.4 41.8 9.9 8.6 88.7 81.1 9.3 DCRS_-_Bom_Jesus/Jaquirana_(606_m) -999.9 -999.9 980.5 973.7 974.7 7.4 6.6 0.0 Rio_Grande_do_Sul DCRS -999.9 0.0 0.0 601.04 601.08 600.99 -1 -0.02 601.28 601.96 601.96 601.96
-28.798800 -50.429798 DCRS-00086 2026-09-14_02:40 9.3 -999.9 -999.9 87.2 -999.9 -999.9 7.3 -999.9 -999.9 974.7 -999.9 -999.9 5.8 -999.9 6.7 0.0 0.0 0.0 0.0 0.0 39.4 41.8 9.9 8.6 88.7 81.1 9.3 DCRS_-_Bom_Jesus/Jaquirana_(606_m) -999.9 -999.9 980.5 973.7 974.7 7.4 6.6 0.0 Rio_Grande_do_Sul DCRS -999.9 0.0 0.0 601.0 601.08 600.99 -1 -0.06 601.28 601.96 601.96 601.96
-28.798800 -50.429798 DCRS-00086 2026-09-14_02:41 9.4 -999.9 -999.9 87.3 -999.9 -999.9 7.4 -999.9 -999.9 974.7 -999.9 -999.9 -999.9 -999.9 6.7 0.0 0.0 0.0 0.0 0.0 39.4 41.8 9.9 8.6 88.7 81.1 9.3 DCRS_-_Bom_Jesus/Jaquirana_(606_m) -999.9 -999.9 980.5 973.7 974.7 7.4 6.6 0.0 Rio_Grande_do_Sul DCRS -999.9 0.0 0.0 601.05 601.08 600.99 -1 -0.01 601.28 601.96 601.96 601.96
-28.798800 -50.429798 DCRS-00086 2026-09-14_02:42 9.4 -999.9 -999.9 87.0 -999.9 -999.9 7.3 -999.9 -999.9 974.6 -999.9 -999.9 5.5 -999.9 6.7 0.0 0.0 0.0 0.0 0.0 39.4 41.8 9.9 8.6 88.7 81.1 9.3 DCRS_-_Bom_Jesus/Jaquirana_(606_m) -999.9 -999.9 980.5 973.7 974.6 7.4 6.6 0.0 Rio_Grande_do_Sul DCRS -999.9 0.0 0.0 601.05 601.08 600.99 -1 0.0 601.28 601.96 601.96 601.96
-28.798800 -50.429798 DCRS-00086 2026-09-14_02:43 9.3 -999.9 -999.9 86.8 -999.9 -999.9 7.2 -999.9 -999.9 974.3 -999.9 -999.9 5.5 -999.9 6.7 0.0 0.0 0.0 0.0 0.0 39.4 41.8 9.9 8.6 88.7 81.1 9.3 DCRS_-_Bom_Jesus/Jaquirana_(606_m) -999.9 -999.9 980.5 973.7 974.3 7.4 6.6 0.0 Rio_Grande_do_Sul DCRS -999.9 0.0 0.0 601.05 601.08 600.99 -1 0.01 601.28 601.96 601.96 601.96
-28.798800 -50.429798 DCRS-00086 2026-09-14_02:44 9.4 -999.9 -999.9 87.0 -999.9 -999.9 7.3 -999.9 -999.9 974.3 -999.9 -999.9 5.6 -999.9 6.7 0.0 0.0 0.0 0.0 0.0 39.4 41.8 9.9 8.6 88.7 81.1 9.3 DCRS_-_Bom_Jesus/Jaquirana_(606_m) -999.9 -999.9 980.5 973.7 974.3 7.4 6.6 0.0 Rio_Grande_do_Sul DCRS -999.9 0.0 0.0 601.02 601.08 600.99 -1 -0.05 601.28 601.96 601.96 601.96
-28.798800 -50.429798 DCRS-00086 2026-09-14_02:45 9.3 -999.9 -999.9 86.7 -999.9 -999.9 7.2 -999.9 -999.9 974.2 -999.9 -999.9 6.1 -999.9 7.4 0.0 0.0 0.0 0.0 0.0 39.4 41.8 9.9 8.6 88.7 81.1 9.3 DCRS_-_Bom_Jesus/Jaquirana_(606_m) -999.9 -999.9 980.5 973.7 974.2 7.4 6.6 0.0 Rio_Grande_do_Sul DCRS -999.9 0.0 0.0 601.05 601.08 600.99 -1 -0.01 601.28 601.96 601.96 601.96
-28.798800 -50.429798 DCRS-00086 2026-09-14_02:46 9.3 -999.9 -999.9 86.7 -999.9 -999.9 7.2 -999.9 -999.9 974.1 -999.9 -999.9 6.0 -999.9 7.4 0.0 0.0 0.0 0.0 0.0 39.4 41.8 9.9 8.6 88.7 81.1 9.3 DCRS_-_Bom_Jesus/Jaquirana_(606_m) -999.9 -999.9 980.5 973.7 974.1 7.4 6.6 0.0 Rio_Grande_do_Sul DCRS -999.9 0.0 0.0 601.03 601.08 600.99 -1 -0.03 601.28 601.96 601.96 601.96
-28.798800 -50.429798 DCRS-00086 2026-09-14_02:47 9.4 -999.9 -999.9 86.7 -999.9 -999.9 7.3 -999.9 -999.9 974.0 -999.9 -999.9 6.4 -999.9 7.4 0.0 0.0 0.0 0.0 0.0 39.4 41.8 9.9 8.6 88.7 81.1 9.3 DCRS_-_Bom_Jesus/Jaquirana_(606_m) -999.9 -999.9 980.5 973.7 974.0 7.4 6.6 0.0 Rio_Grande_do_Sul DCRS -999.9 0.0 0.0 601.06 601.08 600.99 -1 0.0 601.28 601.96 601.96 601.96
-28.798800 -50.429798 DCRS-00086 2026-09-14_02:48 9.4 -999.9 -999.9 86.9 -999.9 -999.9 7.3 -999.9 -999.9 974.1 -999.9 -999.9 5.9 -999.9 7.4 0.0 0.0 0.0 0.0 0.0 39.4 41.8 9.9 8.6 88.7 81.1 9.3 DCRS_-_Bom_Jesus/Jaquirana_(606_m) -999.9 -999.9 980.5 973.7 974.1 7.4 6.6 0.0 Rio_Grande_do_Sul DCRS -999.9 0.0 0.0 601.06 601.08 600.99 -1 0.0 601.28 601.96 601.96 601.96
-28.798800 -50.429798 DCRS-00086 2026-09-14_02:49 9.4 -999.9 -999.9 87.0 -999.9 -999.9 7.3 -999.9 -999.9 974.3 -999.9 -999.9 5.5 -999.9 7.4 0.0 0.0 0.0 0.0 0.0 39.4 41.8 9.9 8.6 88.7 81.1 9.3 DCRS_-_Bom_Jesus/Jaquirana_(606_m) -999.9 -999.9 980.5 973.7 974.3 7.4 6.6 0.0 Rio_Grande_do_Sul DCRS -999.9 0.0 0.0 601.04 601.08 600.99 -1 0.0 601.28 601.96 601.96 601.96
-28.798800 -50.429798 DCRS-00086 2026-09-14_02:50 9.4 -999.9 -999.9 87.3 -999.9 -999.9 7.4 -999.9 -999.9 974.4 -999.9 -999.9 5.4 -999.9 6.5 0.0 0.0 0.0 0.0 0.0 39.4 41.8 9.9 8.6 88.7 81.1 9.3 DCRS_-_Bom_Jesus/Jaquirana_(606_m) -999.9 -999.9 980.5 973.7 974.4 7.4 6.6 0.0 Rio_Grande_do_Sul DCRS -999.9 0.0 0.0 601.02 601.08 600.99 -1 -0.02 601.28 601.96 601.96 601.96
-28.798800 -50.429798 DCRS-00086 2026-09-14_02:51 9.4 -999.9 -999.9 87.3 -999.9 -999.9 7.4 -999.9 -999.9 974.6 -999.9 -999.9 5.5 -999.9 6.5 0.0 0.0 0.0 0.0 0.0 39.4 41.8 9.9 8.6 88.7 81.1 9.3 DCRS_-_Bom_Jesus/Jaquirana_(606_m) -999.9 -999.9 980.5 973.7 974.6 7.4 6.6 0.0 Rio_Grande_do_Sul DCRS -999.9 0.0 0.0 601.03 601.08 600.99 -1 0.01 601.28 601.96 601.96 601.96
-28.798800 -50.429798 DCRS-00086 2026-09-14_02:52 9.4 -999.9 -999.9 87.3 -999.9 -999.9 7.4 -999.9 -999.9 974.6 -999.9 -999.9 6.0 -999.9 6.5 0.0 0.0 0.0 0.0 0.0 39.4 41.8 9.9 8.6 88.7 81.1 9.3 DCRS_-_Bom_Jesus/Jaquirana_(606_m) -999.9 -999.9 980.5 973.7 974.6 7.4 6.6 0.0 Rio_Grande_do_Sul DCRS -999.9 0.0 0.0 601.06 601.08 600.99 -1 0.0 601.28 601.96 601.96 601.96
-28.798800 -50.429798 DCRS-00086 2026-09-14_02:53 9.4 -999.9 -999.9 87.2 -999.9 -999.9 7.4 -999.9 -999.9 974.6 -999.9 -999.9 -999.9 -999.9 6.5 0.0 0.0 0.0 0.0 0.0 39.4 41.8 9.9 8.6 88.7 81.1 9.3 DCRS_-_Bom_Jesus/Jaquirana_(606_m) -999.9 -999.9 980.5 973.7 974.6 7.4 6.6 0.0 Rio_Grande_do_Sul DCRS -999.9 0.0 0.0 601.04 601.08 600.99 -1 -0.02 601.28 601.96 601.96 601.96
-28.798800 -50.429798 DCRS-00086 2026-09-14_02:54 9.4 -999.9 -999.9 87.3 -999.9 -999.9 7.4 -999.9 -999.9 974.6 -999.9 -999.9 -999.9 -999.9 6.5 0.0 0.0 0.0 0.0 0.0 39.4 41.8 9.9 8.6 88.7 81.1 9.3 DCRS_-_Bom_Jesus/Jaquirana_(606_m) -999.9 -999.9 980.5 973.7 974.6 7.4 6.6 0.0 Rio_Grande_do_Sul DCRS -999.9 0.0 0.0 601.03 601.08 600.99 -1 -0.03 601.28 601.96 601.96 601.96
-28.798800 -50.429798 DCRS-00086 2026-09-14_02:55 9.4 -999.9 -999.9 87.2 -999.9 -999.9 7.4 -999.9 -999.9 974.6 -999.9 -999.9 6.6 -999.9 7.3 0.0 0.0 0.0 0.0 0.0 39.4 41.8 9.9 8.6 88.7 81.1 9.3 DCRS_-_Bom_Jesus/Jaquirana_(606_m) -999.9 -999.9 980.5 973.7 974.6 7.4 6.6 0.0 Rio_Grande_do_Sul DCRS -999.9 0.0 0.0 601.04 601.08 600.99 -1 -0.03 601.28 601.96 601.96 601.96
-28.798800 -50.429798 DCRS-00086 2026-09-14_02:56 9.4 -999.9 -999.9 87.2 -999.9 -999.9 7.4 -999.9 -999.9 974.5 -999.9 -999.9 6.3 -999.9 7.3 0.0 0.0 0.0 0.0 0.0 39.4 41.8 9.9 8.6 88.7 81.1 9.3 DCRS_-_Bom_Jesus/Jaquirana_(606_m) -999.9 -999.9 980.5 973.7 974.5 7.4 6.6 0.0 Rio_Grande_do_Sul DCRS -999.9 0.0 0.0 601.03 601.08 600.99 -1 -0.04 601.28 601.96 601.96 601.96
-28.798800 -50.429798 DCRS-00086 2026-09-14_02:57 9.3 -999.9 -999.9 87.2 -999.9 -999.9 7.3 -999.9 -999.9 974.5 -999.9 -999.9 5.5 -999.9 7.3 0.0 0.0 0.0 0.0 0.0 39.4 41.8 9.9 8.6 88.7 81.1 9.3 DCRS_-_Bom_Jesus/Jaquirana_(606_m) -999.9 -999.9 980.5 973.7 974.5 7.4 6.6 0.0 Rio_Grande_do_Sul DCRS -999.9 0.0 0.0 601.05 601.08 600.99 0 -0.01 601.28 601.96 601.96 601.96
-28.798800 -50.429798 DCRS-00086 2026-09-14_02:58 9.4 -999.9 -999.9 87.5 -999.9 -999.9 7.4 -999.9 -999.9 974.7 -999.9 -999.9 6.0 -999.9 7.3 0.0 0.0 0.0 0.0 0.0 39.4 41.8 9.9 8.6 88.7 81.1 9.3 DCRS_-_Bom_Jesus/Jaquirana_(606_m) -999.9 -999.9 980.5 973.7 974.7 7.4 6.6 0.0 Rio_Grande_do_Sul DCRS -999.9 0.0 0.0 601.05 601.08 600.99 0 0.0 601.28 601.96 601.96 601.96
-28.798800 -50.429798 DCRS-00086 2026-09-14_02:59 9.4 -999.9 -999.9 87.2 -999.9 -999.9 7.4 -999.9 -999.9 974.5 -999.9 -999.9 5.8 -999.9 7.3 0.0 0.0 0.0 0.0 0.0 39.4 41.8 9.9 8.6 88.7 81.1 9.3 DCRS_-_Bom_Jesus/Jaquirana_(606_m) -999.9 -999.9 980.5 973.7 974.5 7.4 6.6 0.0 Rio_Grande_do_Sul DCRS -999.9 0.0 0.0 601.0 601.08 600.99 0 -0.04 601.28 601.96 601.96 601.96
-28.798800 -50.429798 DCRS-00086 2026-09-14_03:00 9.4 -999.9 -999.9 87.4 -999.9 -999.9 7.4 -999.9 -999.9 974.6 -999.9 -999.9 5.6 -999.9 6.8 0.0 0.0 0.0 0.0 0.0 39.4 41.8 9.9 8.6 88.7 81.1 9.3 DCRS_-_Bom_Jesus/Jaquirana_(606_m) -999.9 -999.9 980.5 973.7 974.6 7.4 6.6 0.0 Rio_Grande_do_Sul DCRS -999.9 0.0 0.0 601.05 601.08 600.99 0 0.0 601.28 601.96 601.96 601.96
-28.798800 -50.429798 DCRS-00086 2026-09-14_03:01 9.3 -999.9 -999.9 87.5 -999.9 -999.9 7.3 -999.9 -999.9 974.7 -999.9 -999.9 6.0 -999.9 6.8 0.0 0.0 0.0 0.0 0.0 39.4 41.8 9.9 8.6 88.7 81.1 9.3 DCRS_-_Bom_Jesus/Jaquirana_(606_m) -999.9 -999.9 980.5 973.7 974.7 7.4 6.6 0.0 Rio_Grande_do_Sul DCRS -999.9 0.0 0.0 601.03 601.08 600.99 0 -0.03 601.28 601.96 601.96 601.96
-28.798800 -50.429798 DCRS-00086 2026-09-14_03:02 9.3 -999.9 -999.9 87.5 -999.9 -999.9 7.3 -999.9 -999.9 974.8 -999.9 -999.9 6.1 -999.9 6.8 0.0 0.0 0.0 0.0 0.0 39.4 41.8 9.9 8.6 88.7 81.1 9.3 DCRS_-_Bom_Jesus/Jaquirana_(606_m) -999.9 -999.9 980.5 973.7 974.8 7.4 6.6 0.0 Rio_Grande_do_Sul DCRS -999.9 0.0 0.0 601.06 601.08 600.99 0 0.01 601.28 601.96 601.96 601.96
-28.798800 -50.429798 DCRS-00086 2026-09-14_03:03 9.4 -999.9 -999.9 87.6 -999.9 -999.9 7.4 -999.9 -999.9 974.9 -999.9 -999.9 5.6 -999.9 6.8 0.0 0.0 0.0 0.0 0.0 39.4 41.8 9.9 8.6 88.7 81.1 9.3 DCRS_-_Bom_Jesus/Jaquirana_(606_m) -999.9 -999.9 980.5 973.7 974.9 7.4 6.6 0.0 Rio_Grande_do_Sul DCRS -999.9 0.0 0.0 601.03 601.08 600.99 0 -0.02 601.28 601.96 601.96 601.96
-28.798800 -50.429798 DCRS-00086 2026-09-14_03:04 9.4 -999.9 -999.9 87.8 -999.9 -999.9 7.5 -999.9 -999.9 975.1 -999.9 -999.9 4.9 -999.9 6.8 0.0 0.0 0.0 0.0 0.0 39.4 41.8 9.9 8.6 88.7 81.1 9.3 DCRS_-_Bom_Jesus/Jaquirana_(606_m) -999.9 -999.9 980.5 973.7 975.1 7.5 6.6 0.0 Rio_Grande_do_Sul DCRS -999.9 0.0 0.0 601.03 601.08 600.99 0 -0.03 601.28 601.96 601.96 601.96
-28.798800 -50.429798 DCRS-00086 2026-09-14_03:05 9.4 -999.9 -999.9 88.1 -999.9 -999.9 7.5 -999.9 -999.9 975.4 -999.9 -999.9 5.9 -999.9 6.4 0.0 0.0 0.0 0.0 0.0 39.4 41.8 9.9 8.6 88.7 81.1 9.3 DCRS_-_Bom_Jesus/Jaquirana_(606_m) -999.9 -999.9 980.5 973.7 975.4 7.5 6.6 0.0 Rio_Grande_do_Sul DCRS -999.9 0.0 0.0 601.05 601.08 600.99 0 0.0 601.28 601.96 601.96 601.96
-28.798800 -50.429798 DCRS-00086 2026-09-14_03:06 9.4 -999.9 -999.9 88.2 -999.9 -999.9 7.5 -999.9 -999.9 975.8 -999.9 -999.9 5.5 -999.9 6.4 0.0 0.0 0.0 0.0 0.0 39.4 41.8 9.9 8.6 88.7 81.1 9.3 DCRS_-_Bom_Jesus/Jaquirana_(606_m) -999.9 -999.9 980.5 973.7 975.8 7.5 6.6 0.0 Rio_Grande_do_Sul DCRS -999.9 0.0 0.0 601.03 601.08 600.99 0 -0.02 601.28 601.96 601.96 601.96
-28.798800 -50.429798 DCRS-00086 2026-09-14_03:07 9.4 -999.9 -999.9 88.2 -999.9 -999.9 7.5 -999.9 -999.9 976.0 -999.9 -999.9 5.5 -999.9 6.4 0.0 0.0 0.0 0.0 0.0 39.4 41.8 9.9 8.6 88.7 81.1 9.3 DCRS_-_Bom_Jesus/Jaquirana_(606_m) -999.9 -999.9 980.5 973.7 976.0 7.5 6.6 0.0 Rio_Grande_do_Sul DCRS -999.9 0.0 0.0 601.06 601.08 600.99 0 0.0 601.28 601.96 601.96 601.96
-28.798800 -50.429798 DCRS-00086 2026-09-14_03:08 9.4 -999.9 -999.9 88.3 -999.9 -999.9 7.5 -999.9 -999.9 976.1 -999.9 -999.9 5.5 -999.9 6.4 0.0 0.0 0.0 0.0 0.0 39.4 41.8 9.9 8.6 88.7 81.1 9.3 DCRS_-_Bom_Jesus/Jaquirana_(606_m) -999.9 -999.9 980.5 973.7 976.1 7.5 6.6 0.0 Rio_Grande_do_Sul DCRS -999.9 0.0 0.0 601.06 601.08 600.99 0 0.02 601.28 601.96 601.96 601.96
-28.798800 -50.429798 DCRS-00086 2026-09-14_03:09 9.4 -999.9 -999.9 88.2 -999.9 -999.9 7.5 -999.9 -999.9 976.1 -999.9 -999.9 5.8 -999.9 6.4 0.0 0.0 0.0 0.0 0.0 39.4 41.8 9.9 8.6 88.7 81.1 9.3 DCRS_-_Bom_Jesus/Jaquirana_(606_m) -999.9 -999.9 980.5 973.7 976.1 7.5 6.6 0.0 Rio_Grande_do_Sul DCRS -999.9 0.0 0.0 601.05 601.08 600.99 0 0.01 601.28 601.96 601.96 601.96
-28.798800 -50.429798 DCRS-00086 2026-09-14_03:10 9.4 -999.9 -999.9 87.7 -999.9 -999.9 7.4 -999.9 -999.9 975.9 -999.9 -999.9 5.9 -999.9 6.0 0.0 0.0 0.0 0.0 0.0 39.4 41.8 9.9 8.6 88.7 81.1 9.3 DCRS_-_Bom_Jesus/Jaquirana_(606_m) -999.9 -999.9 980.5 973.7 975.9 7.5 6.6 0.0 Rio_Grande_do_Sul DCRS -999.9 0.0 0.0 601.03 601.08 600.99 0 0.0 601.28 601.96 601.96 601.96
-28.798800 -50.429798 DCRS-00086 2026-09-14_03:11 9.5 -999.9 -999.9 87.5 -999.9 -999.9 7.5 -999.9 -999.9 975.5 -999.9 -999.9 -999.9 -999.9 6.0 0.0 0.0 0.0 0.0 0.0 39.4 41.8 9.9 8.6 88.7 81.1 9.3 DCRS_-_Bom_Jesus/Jaquirana_(606_m) -999.9 -999.9 980.5 973.7 975.5 7.5 6.6 0.0 Rio_Grande_do_Sul DCRS -999.9 0.0 0.0 601.02 601.08 600.99 0 -0.02 601.28 601.96 601.96 601.96
-28.798800 -50.429798 DCRS-00086 2026-09-14_03:12 9.4 -999.9 -999.9 87.5 -999.9 -999.9 7.4 -999.9 -999.9 975.3 -999.9 -999.9 -999.9 -999.9 6.0 0.0 0.0 0.0 0.0 0.0 39.4 41.8 9.9 8.6 88.7 81.1 9.3 DCRS_-_Bom_Jesus/Jaquirana_(606_m) -999.9 -999.9 980.5 973.7 975.3 7.5 6.6 0.0 Rio_Grande_do_Sul DCRS -999.9 0.0 0.0 601.06 601.08 600.99 0 0.01 601.28 601.96 601.96 601.96
-28.798800 -50.429798 DCRS-00086 2026-09-14_03:13 9.5 -999.9 -999.9 87.6 -999.9 -999.9 7.5 -999.9 -999.9 975.3 -999.9 -999.9 -999.9 -999.9 6.0 0.0 0.0 0.0 0.0 0.0 39.4 41.8 9.9 8.6 88.7 81.1 9.3 DCRS_-_Bom_Jesus/Jaquirana_(606_m) -999.9 -999.9 980.5 973.7 975.3 7.5 6.6 0.0 Rio_Grande_do_Sul DCRS -999.9 0.0 0.0 601.01 601.08 600.99 0 0.01 601.28 601.96 601.96 601.96
-28.798800 -50.429798 DCRS-00086 2026-09-14_03:14 9.5 -999.9 -999.9 87.8 -999.9 -999.9 7.6 -999.9 -999.9 975.5 -999.9 -999.9 -999.9 -999.9 6.0 0.0 0.0 0.0 0.0 0.0 39.4 41.8 9.9 8.6 88.7 81.1 9.3 DCRS_-_Bom_Jesus/Jaquirana_(606_m) -999.9 -999.9 980.5 973.7 975.5 7.6 6.6 0.0 Rio_Grande_do_Sul DCRS -999.9 0.0 0.0 601.03 601.08 600.99 0 -0.03 601.28 601.96 601.96 601.96
-28.798800 -50.429798 DCRS-00086 2026-09-14_03:15 9.5 -999.9 -999.9 87.8 -999.9 -999.9 7.6 -999.9 -999.9 975.5 -999.9 -999.9 6.1 -999.9 6.8 0.0 0.0 0.0 0.0 0.0 39.4 41.8 9.9 8.6 88.7 81.1 9.3 DCRS_-_Bom_Jesus/Jaquirana_(606_m) -999.9 -999.9 980.5 973.7 975.5 7.6 6.6 0.0 Rio_Grande_do_Sul DCRS -999.9 0.0 0.0 601.0 601.08 600.99 0 -0.06 601.28 601.96 601.96 601.96
-28.798800 -50.429798 DCRS-00086 2026-09-14_03:16 9.5 -999.9 -999.9 87.8 -999.9 -999.9 7.6 -999.9 -999.9 975.6 -999.9 -999.9 5.9 -999.9 6.8 0.0 0.0 0.0 0.0 0.0 39.4 41.8 9.9 8.6 88.7 81.1 9.3 DCRS_-_Bom_Jesus/Jaquirana_(606_m) -999.9 -999.9 980.5 973.7 975.6 7.6 6.6 0.0 Rio_Grande_do_Sul DCRS -999.9 0.0 0.0 601.05 601.08 600.99 0 0.02 601.28 601.96 601.96 601.96
-28.798800 -50.429798 DCRS-00086 2026-09-14_03:17 9.5 -999.9 -999.9 87.7 -999.9 -999.9 7.5 -999.9 -999.9 975.6 -999.9 -999.9 5.8 -999.9 6.8 0.0 0.0 0.0 0.0 0.0 39.4 41.8 9.9 8.6 88.7 81.1 9.3 DCRS_-_Bom_Jesus/Jaquirana_(606_m) -999.9 -999.9 980.5 973.7 975.6 7.6 6.6 0.0 Rio_Grande_do_Sul DCRS -999.9 0.0 0.0 601.04 601.08 600.99 0 0.03 601.28 601.96 601.96 601.96
-28.798800 -50.429798 DCRS-00086 2026-09-14_03:18 9.5 -999.9 -999.9 87.8 -999.9 -999.9 7.6 -999.9 -999.9 975.6 -999.9 -999.9 4.7 -999.9 6.8 0.0 0.0 0.0 0.0 0.0 39.4 41.8 9.9 8.6 88.7 81.1 9.3 DCRS_-_Bom_Jesus/Jaquirana_(606_m) -999.9 -999.9 980.5 973.7 975.6 7.6 6.6 0.0 Rio_Grande_do_Sul DCRS -999.9 0.0 0.0 601.05 601.08 600.99 0 0.04 601.28 601.96 601.96 601.96
-28.798800 -50.429798 DCRS-00086 2026-09-14_03:19 9.5 -999.9 -999.9 87.3 -999.9 -999.9 7.5 -999.9 -999.9 975.3 -999.9 -999.9 5.6 -999.9 6.8 0.0 0.0 0.0 0.0 0.0 39.4 41.8 9.9 8.6 88.7 81.1 9.3 DCRS_-_Bom_Jesus/Jaquirana_(606_m) -999.9 -999.9 980.5 973.7 975.3 7.6 6.6 0.0 Rio_Grande_do_Sul DCRS -999.9 0.0 0.0 601.05 601.08 600.99 0 0.0 601.28 601.96 601.96 601.96
-28.798800 -50.429798 DCRS-00086 2026-09-14_03:20 9.5 -999.9 -999.9 87.3 -999.9 -999.9 7.5 -999.9 -999.9 974.9 -999.9 -999.9 -999.9 -999.9 6.4 0.0 0.0 0.0 0.0 0.0 39.4 41.8 9.9 8.6 88.7 81.1 9.3 DCRS_-_Bom_Jesus/Jaquirana_(606_m) -999.9 -999.9 980.5 973.7 974.9 7.6 6.6 0.0 Rio_Grande_do_Sul DCRS -999.9 0.0 0.0 601.03 601.08 600.99 0 -0.02 601.28 601.96 601.96 601.96
-28.798800 -50.429798 DCRS-00086 2026-09-14_03:21 9.6 -999.9 -999.9 87.4 -999.9 -999.9 7.6 -999.9 -999.9 975.0 -999.9 -999.9 5.4 -999.9 6.4 0.0 0.0 0.0 0.0 0.0 39.4 41.8 9.9 8.6 88.7 81.1 9.3 DCRS_-_Bom_Jesus/Jaquirana_(606_m) -999.9 -999.9 980.5 973.7 975.0 7.6 6.6 0.0 Rio_Grande_do_Sul DCRS -999.9 0.0 0.0 601.04 601.08 600.99 0 -0.01 601.28 601.96 601.96 601.96
-28.798800 -50.429798 DCRS-00086 2026-09-14_03:22 9.6 -999.9 -999.9 87.8 -999.9 -999.9 7.7 -999.9 -999.9 975.2 -999.9 -999.9 5.2 -999.9 6.4 0.0 0.0 0.0 0.0 0.0 39.4 41.8 9.9 8.6 88.7 81.1 9.3 DCRS_-_Bom_Jesus/Jaquirana_(606_m) -999.9 -999.9 980.5 973.7 975.2 7.7 6.6 0.0 Rio_Grande_do_Sul DCRS -999.9 0.0 0.0 601.03 601.08 600.99 0 -0.02 601.28 601.96 601.96 601.96
-28.798800 -50.429798 DCRS-00086 2026-09-14_03:23 9.5 -999.9 -999.9 88.1 -999.9 -999.9 7.6 -999.9 -999.9 975.5 -999.9 -999.9 5.3 -999.9 6.4 0.0 0.0 0.0 0.0 0.0 39.4 41.8 9.9 8.6 88.7 81.1 9.3 DCRS_-_Bom_Jesus/Jaquirana_(606_m) -999.9 -999.9 980.5 973.7 975.5 7.7 6.6 0.0 Rio_Grande_do_Sul DCRS -999.9 0.0 0.0 601.04 601.08 600.99 0 -0.02 601.28 601.96 601.96 601.96
-28.798800 -50.429798 DCRS-00086 2026-09-14_03:24 9.5 -999.9 -999.9 87.8 -999.9 -999.9 7.6 -999.9 -999.9 975.4 -999.9 -999.9 5.2 -999.9 6.4 0.0 0.0 0.0 0.0 0.0 39.4 41.8 9.9 8.6 88.7 81.1 9.3 DCRS_-_Bom_Jesus/Jaquirana_(606_m) -999.9 -999.9 980.5 973.7 975.4 7.7 6.6 0.0 Rio_Grande_do_Sul DCRS -999.9 0.0 0.0 601.03 601.08 600.99 0 0.01 601.28 601.96 601.96 601.96
-28.798800 -50.429798 DCRS-00086 2026-09-14_03:25 9.5 -999.9 -999.9 87.8 -999.9 -999.9 7.6 -999.9 -999.9 975.3 -999.9 -999.9 5.4 -999.9 6.6 0.0 0.0 0.0 0.0 0.0 39.4 41.8 9.9 8.6 88.7 81.1 9.3 DCRS_-_Bom_Jesus/Jaquirana_(606_m) -999.9 -999.9 980.5 973.7 975.3 7.7 6.6 0.0 Rio_Grande_do_Sul DCRS -999.9 0.0 0.0 601.05 601.08 600.99 0 0.03 601.28 601.96 601.96 601.96
-28.798800 -50.429798 DCRS-00086 2026-09-14_03:26 9.5 -999.9 -999.9 87.7 -999.9 -999.9 7.5 -999.9 -999.9 975.2 -999.9 -999.9 5.4 -999.9 6.6 0.0 0.0 0.0 0.0 0.0 39.4 41.8 9.9 8.6 88.7 81.1 9.3 DCRS_-_Bom_Jesus/Jaquirana_(606_m) -999.9 -999.9 980.5 973.7 975.2 7.7 6.6 0.0 Rio_Grande_do_Sul DCRS -999.9 0.0 0.0 601.04 601.08 600.99 0 0.05 601.28 601.96 601.96 601.96
-28.798800 -50.429798 DCRS-00086 2026-09-14_03:27 9.5 -999.9 -999.9 87.8 -999.9 -999.9 7.6 -999.9 -999.9 975.1 -999.9 -999.9 5.2 -999.9 6.6 0.0 0.0 0.0 0.0 0.0 39.4 41.8 9.9 8.6 88.7 81.1 9.3 DCRS_-_Bom_Jesus/Jaquirana_(606_m) -999.9 -999.9 980.5 973.7 975.1 7.7 6.6 0.0 Rio_Grande_do_Sul DCRS -999.9 0.0 0.0 601.03 601.08 600.99 0 -0.02 601.28 601.96 601.96 601.96
-28.798800 -50.429798 DCRS-00086 2026-09-14_03:28 9.5 -999.9 -999.9 88.0 -999.9 -999.9 7.6 -999.9 -999.9 975.2 -999.9 -999.9 5.2 -999.9 6.6 0.0 0.0 0.0 0.0 0.0 39.4 41.8 9.9 8.6 88.7 81.1 9.3 DCRS_-_Bom_Jesus/Jaquirana_(606_m) -999.9 -999.9 980.5 973.7 975.2 7.7 6.6 0.0 Rio_Grande_do_Sul DCRS -999.9 0.0 0.0 601.05 601.08 600.99 0 0.01 601.28 601.96 601.96 601.96
-28.798800 -50.429798 DCRS-00086 2026-09-14_03:29 9.5 -999.9 -999.9 88.1 -999.9 -999.9 7.6 -999.9 -999.9 975.4 -999.9 -999.9 5.4 -999.9 6.6 0.0 0.0 0.0 0.0 0.0 39.4 41.8 9.9 8.6 88.7 81.1 9.3 DCRS_-_Bom_Jesus/Jaquirana_(606_m) -999.9 -999.9 980.5 973.7 975.4 7.7 6.6 0.0 Rio_Grande_do_Sul DCRS -999.9 0.0 0.0 601.02 601.08 600.99 0 -0.03 601.28 601.96 601.96 601.96
-28.798800 -50.429798 DCRS-00086 2026-09-14_03:30 9.5 -999.9 -999.9 88.4 -999.9 -999.9 7.7 -999.9 -999.9 975.6 -999.9 -999.9 5.1 -999.9 5.7 0.0 0.0 0.0 0.0 0.0 39.4 41.8 9.9 8.6 88.7 81.1 9.3 DCRS_-_Bom_Jesus/Jaquirana_(606_m) -999.9 -999.9 980.5 973.7 975.6 7.7 6.6 0.0 Rio_Grande_do_Sul DCRS -999.9 0.0 0.0 601.02 601.08 600.99 0 0.0 601.28 601.96 601.96 601.96
-28.798800 -50.429798 DCRS-00086 2026-09-14_03:31 9.5 -999.9 -999.9 88.5 -999.9 -999.9 7.7 -999.9 -999.9 975.9 -999.9 -999.9 5.1 -999.9 5.7 0.0 0.0 0.0 0.0 0.0 39.4 41.8 9.9 8.6 88.7 81.1 9.3 DCRS_-_Bom_Jesus/Jaquirana_(606_m) -999.9 -999.9 980.5 973.7 975.9 7.7 6.6 0.0 Rio_Grande_do_Sul DCRS -999.9 0.0 0.0 601.05 601.08 600.99 0 0.0 601.28 601.96 601.96 601.96
-28.798800 -50.429798 DCRS-00086 2026-09-14_03:32 9.5 -999.9 -999.9 88.3 -999.9 -999.9 7.6 -999.9 -999.9 975.9 -999.9 -999.9 -999.9 -999.9 5.7 0.0 0.0 0.0 0.0 0.0 39.4 41.8 9.9 8.6 88.7 81.1 9.3 DCRS_-_Bom_Jesus/Jaquirana_(606_m) -999.9 -999.9 980.5 973.7 975.9 7.7 6.6 0.0 Rio_Grande_do_Sul DCRS -999.9 0.0 0.0 601.02 601.08 600.99 0 -0.02 601.28 601.96 601.96 601.96
-28.798800 -50.429798 DCRS-00086 2026-09-14_03:33 9.5 -999.9 -999.9 88.1 -999.9 -999.9 7.6 -999.9 -999.9 975.7 -999.9 -999.9 -999.9 -999.9 5.7 0.0 0.0 0.0 0.0 0.0 39.4 41.8 9.9 8.6 88.7 81.1 9.3 DCRS_-_Bom_Jesus/Jaquirana_(606_m) -999.9 -999.9 980.5 973.7 975.7 7.7 6.6 0.0 Rio_Grande_do_Sul DCRS -999.9 0.0 0.0 601.04 601.08 600.99 0 0.03 601.28 601.96 601.96 601.96
-28.798800 -50.429798 DCRS-00086 2026-09-14_03:34 9.5 -999.9 -999.9 88.2 -999.9 -999.9 7.6 -999.9 -999.9 975.8 -999.9 -999.9 -999.9 -999.9 5.7 0.0 0.0 0.0 0.0 0.0 39.4 41.8 9.9 8.6 88.7 81.1 9.3 DCRS_-_Bom_Jesus/Jaquirana_(606_m) -999.9 -999.9 980.5 973.7 975.8 7.7 6.6 0.0 Rio_Grande_do_Sul DCRS -999.9 0.0 0.0 601.03 601.08 600.99 -1 -0.03 601.28 601.96 601.96 601.96
-28.798800 -50.429798 DCRS-00086 2026-09-14_03:35 9.5 -999.9 -999.9 88.3 -999.9 -999.9 7.6 -999.9 -999.9 975.9 -999.9 -999.9 6.1 -999.9 7.0 0.0 0.0 0.0 0.0 0.0 39.4 41.8 9.9 8.6 88.7 81.1 9.3 DCRS_-_Bom_Jesus/Jaquirana_(606_m) -999.9 -999.9 980.5 973.7 975.9 7.7 6.6 0.0 Rio_Grande_do_Sul DCRS -999.9 0.0 0.0 601.02 601.08 600.99 -1 -0.04 601.28 601.96 601.96 601.96
-28.798800 -50.429798 DCRS-00086 2026-09-14_03:36 9.5 -999.9 -999.9 88.5 -999.9 -999.9 7.7 -999.9 -999.9 976.1 -999.9 -999.9 5.0 -999.9 7.0 0.0 0.0 0.0 0.0 0.0 39.4 41.8 9.9 8.6 88.7 81.1 9.3 DCRS_-_Bom_Jesus/Jaquirana_(606_m) -999.9 -999.9 980.5 973.7 976.1 7.7 6.6 0.0 Rio_Grande_do_Sul DCRS -999.9 0.0 0.0 601.02 601.08 600.99 -1 -0.04 601.28 601.96 601.96 601.96
-28.798800 -50.429798 DCRS-00086 2026-09-14_03:37 9.5 -999.9 -999.9 88.4 -999.9 -999.9 7.7 -999.9 -999.9 976.2 -999.9 -999.9 5.3 -999.9 7.0 0.0 0.0 0.0 0.0 0.0 39.4 41.8 9.9 8.6 88.7 81.1 9.3 DCRS_-_Bom_Jesus/Jaquirana_(606_m) -999.9 -999.9 980.5 973.7 976.2 7.7 6.6 0.0 Rio_Grande_do_Sul DCRS -999.9 0.0 0.0 601.05 601.08 600.99 -1 -0.01 601.28 601.96 601.96 601.96
-28.798800 -50.429798 DCRS-00086 2026-09-14_03:38 9.5 -999.9 -999.9 88.6 -999.9 -999.9 7.7 -999.9 -999.9 976.4 -999.9 -999.9 5.8 -999.9 7.0 0.0 0.0 0.0 0.0 0.0 39.4 41.8 9.9 8.6 88.7 81.1 9.3 DCRS_-_Bom_Jesus/Jaquirana_(606_m) -999.9 -999.9 980.5 973.7 976.4 7.7 6.6 0.0 Rio_Grande_do_Sul DCRS -999.9 0.0 0.0 601.02 601.08 600.99 -1 -0.04 601.28 601.96 601.96 601.96
-28.798800 -50.429798 DCRS-00086 2026-09-14_03:39 9.6 -999.9 -999.9 88.5 -999.9 -999.9 7.8 -999.9 -999.9 976.4 -999.9 -999.9 3.8 -999.9 7.0 0.0 0.0 0.0 0.0 0.0 39.4 41.8 9.9 8.6 88.7 81.1 9.3 DCRS_-_Bom_Jesus/Jaquirana_(606_m) -999.9 -999.9 980.5 973.7 976.4 7.8 6.6 0.0 Rio_Grande_do_Sul DCRS -999.9 0.0 0.0 601.05 601.08 600.99 0 0.05 601.28 601.96 601.96 601.96
-28.798800 -50.429798 DCRS-00086 2026-09-14_03:40 9.5 -999.9 -999.9 88.0 -999.9 -999.9 7.6 -999.9 -999.9 976.0 -999.9 -999.9 3.1 -999.9 6.2 0.0 0.0 0.0 0.0 0.0 39.4 41.8 9.9 8.6 88.7 81.1 9.3 DCRS_-_Bom_Jesus/Jaquirana_(606_m) -999.9 -999.9 980.5 973.7 976.0 7.8 6.6 0.0 Rio_Grande_do_Sul DCRS -999.9 0.0 0.0 601.01 601.08 600.99 -1 -0.04 601.28 601.96 601.96 601.96
-28.798800 -50.429798 DCRS-00086 2026-09-14_03:41 9.5 -999.9 -999.9 88.0 -999.9 -999.9 7.6 -999.9 -999.9 975.8 -999.9 -999.9 5.8 -999.9 6.2 0.0 0.0 0.0 0.0 0.0 39.4 41.8 9.9 8.6 88.7 81.1 9.3 DCRS_-_Bom_Jesus/Jaquirana_(606_m) -999.9 -999.9 980.5 973.7 975.8 7.8 6.6 0.0 Rio_Grande_do_Sul DCRS -999.9 0.0 0.0 601.02 601.08 600.99 -1 -0.03 601.28 601.96 601.96 601.96
-28.798800 -50.429798 DCRS-00086 2026-09-14_03:42 9.5 -999.9 -999.9 88.0 -999.9 -999.9 7.6 -999.9 -999.9 975.7 -999.9 -999.9 5.3 -999.9 6.2 0.0 0.0 0.0 0.0 0.0 39.4 41.8 9.9 8.6 88.7 81.1 9.3 DCRS_-_Bom_Jesus/Jaquirana_(606_m) -999.9 -999.9 980.5 973.7 975.7 7.8 6.6 0.0 Rio_Grande_do_Sul DCRS -999.9 0.0 0.0 601.02 601.08 600.99 -1 -0.03 601.28 601.96 601.96 601.96
-28.798800 -50.429798 DCRS-00086 2026-09-14_03:43 9.5 -999.9 -999.9 88.1 -999.9 -999.9 7.6 -999.9 -999.9 975.6 -999.9 -999.9 4.9 -999.9 6.2 0.0 0.0 0.0 0.0 0.0 39.4 41.8 9.9 8.6 88.7 81.1 9.3 DCRS_-_Bom_Jesus/Jaquirana_(606_m) -999.9 -999.9 980.5 973.7 975.6 7.8 6.6 0.0 Rio_Grande_do_Sul DCRS -999.9 0.0 0.0 601.02 601.08 600.99 -1 -0.03 601.28 601.96 601.96 601.96
-28.798800 -50.429798 DCRS-00086 2026-09-14_03:44 9.5 -999.9 -999.9 87.4 -999.9 -999.9 7.5 -999.9 -999.9 974.9 -999.9 -999.9 4.4 -999.9 6.2 0.0 0.0 0.0 0.0 0.0 39.4 41.8 9.9 8.6 88.7 81.1 9.3 DCRS_-_Bom_Jesus/Jaquirana_(606_m) -999.9 -999.9 980.5 973.7 974.9 7.8 6.6 0.0 Rio_Grande_do_Sul DCRS -999.9 0.0 0.0 601.02 601.08 600.99 -1 -0.03 601.28 601.96 601.96 601.96
-28.798800 -50.429798 DCRS-00086 2026-09-14_03:45 9.5 -999.9 -999.9 87.2 -999.9 -999.9 7.5 -999.9 -999.9 974.4 -999.9 -999.9 4.7 -999.9 6.0 0.0 0.0 0.0 0.0 0.0 39.4 41.8 9.9 8.6 88.7 81.1 9.3 DCRS_-_Bom_Jesus/Jaquirana_(606_m) -999.9 -999.9 980.5 973.7 974.4 7.8 6.6 0.0 Rio_Grande_do_Sul DCRS -999.9 0.0 0.0 601.02 601.08 600.99 -1 -0.03 601.28 601.96 601.96 601.96
-28.798800 -50.429798 DCRS-00086 2026-09-14_03:46 9.5 -999.9 -999.9 87.1 -999.9 -999.9 7.4 -999.9 -999.9 974.0 -999.9 -999.9 4.0 -999.9 6.0 0.0 0.0 0.0 0.0 0.0 39.4 41.8 9.9 8.6 88.7 81.1 9.3 DCRS_-_Bom_Jesus/Jaquirana_(606_m) -999.9 -999.9 980.5 973.7 974.0 7.8 6.6 0.0 Rio_Grande_do_Sul DCRS -999.9 0.0 0.0 601.04 601.08 600.99 -1 -0.02 601.28 601.96 601.96 601.96
-28.798800 -50.429798 DCRS-00086 2026-09-14_03:47 9.4 -999.9 -999.9 86.9 -999.9 -999.9 7.3 -999.9 -999.9 973.6 -999.9 -999.9 0.0 -999.9 6.0 0.0 0.0 0.0 0.0 0.0 39.4 41.8 9.9 8.6 88.7 81.1 9.3 DCRS_-_Bom_Jesus/Jaquirana_(606_m) -999.9 -999.9 980.5 973.6 973.6 7.8 6.6 0.0 Rio_Grande_do_Sul DCRS -999.9 0.0 0.0 601.05 601.08 600.99 -1 -0.01 601.28 601.96 601.96 601.96
-28.798800 -50.429798 DCRS-00086 2026-09-14_03:48 9.4 -999.9 -999.9 86.9 -999.9 -999.9 7.3 -999.9 -999.9 973.3 -999.9 -999.9 4.3 -999.9 6.0 0.0 0.0 0.0 0.0 0.0 39.4 41.8 9.9 8.6 88.7 81.1 9.3 DCRS_-_Bom_Jesus/Jaquirana_(606_m) -999.9 -999.9 980.5 973.3 973.3 7.8 6.6 0.0 Rio_Grande_do_Sul DCRS -999.9 0.0 0.0 601.01 601.08 600.99 -1 -0.05 601.28 601.96 601.96 601.96
-28.798800 -50.429798 DCRS-00086 2026-09-14_03:49 9.4 -999.9 -999.9 87.0 -999.9 -999.9 7.3 -999.9 -999.9 973.2 -999.9 -999.9 3.3 -999.9 6.0 0.0 0.0 0.0 0.0 0.0 39.4 41.8 9.9 8.6 88.7 81.1 9.3 DCRS_-_Bom_Jesus/Jaquirana_(606_m) -999.9 -999.9 980.5 973.2 973.2 7.8 6.6 0.0 Rio_Grande_do_Sul DCRS -999.9 0.0 0.0 601.01 601.08 600.99 -1 -0.03 601.28 601.96 601.96 601.96
-28.798800 -50.429798 DCRS-00086 2026-09-14_03:50 9.4 -999.9 -999.9 86.6 -999.9 -999.9 7.3 -999.9 -999.9 972.8 -999.9 -999.9 2.7 -999.9 5.1 0.0 0.0 0.0 0.0 0.0 39.4 41.8 9.9 8.6 88.7 81.1 9.3 DCRS_-_Bom_Jesus/Jaquirana_(606_m) -999.9 -999.9 980.5 972.8 972.8 7.8 6.6 0.0 Rio_Grande_do_Sul DCRS -999.9 0.0 0.0 601.03 601.08 600.99 -1 0.0 601.28 601.96 601.96 601.96
-28.798800 -50.429798 DCRS-00086 2026-09-14_03:51 9.4 -999.9 -999.9 86.0 -999.9 -999.9 7.2 -999.9 -999.9 972.2 -999.9 -999.9 1.8 -999.9 5.1 0.0 0.0 0.0 0.0 0.0 39.4 41.8 9.9 8.6 88.7 81.1 9.3 DCRS_-_Bom_Jesus/Jaquirana_(606_m) -999.9 -999.9 980.5 972.2 972.2 7.8 6.6 0.0 Rio_Grande_do_Sul DCRS -999.9 0.0 0.0 601.05 601.08 600.99 -1 -0.01 601.28 601.96 601.96 601.96
-28.798800 -50.429798 DCRS-00086 2026-09-14_03:52 9.4 -999.9 -999.9 85.9 -999.9 -999.9 7.1 -999.9 -999.9 971.7 -999.9 -999.9 0.0 -999.9 5.1 0.0 0.0 0.0 0.0 0.0 39.4 41.8 9.9 8.6 88.7 81.1 9.3 DCRS_-_Bom_Jesus/Jaquirana_(606_m) -999.9 -999.9 980.5 971.7 971.7 7.8 6.6 0.0 Rio_Grande_do_Sul DCRS -999.9 0.0 0.0 601.03 601.08 600.99 -1 -0.01 601.28 601.96 601.96 601.96
-28.798800 -50.429798 DCRS-00086 2026-09-14_03:53 9.4 -999.9 -999.9 86.3 -999.9 -999.9 7.2 -999.9 -999.9 971.6 -999.9 -999.9 3.2 -999.9 5.1 0.0 0.0 0.0 0.0 0.0 39.4 41.8 9.9 8.6 88.7 81.1 9.3 DCRS_-_Bom_Jesus/Jaquirana_(606_m) -999.9 -999.9 980.5 971.6 971.6 7.8 6.6 0.0 Rio_Grande_do_Sul DCRS -999.9 0.0 0.0 601.02 601.08 600.99 -1 -0.01 601.28 601.96 601.96 601.96
-28.798800 -50.429798 DCRS-00086 2026-09-14_03:54 9.4 -999.9 -999.9 86.7 -999.9 -999.9 7.3 -999.9 -999.9 971.9 -999.9 -999.9 3.2 -999.9 5.1 0.0 0.0 0.0 0.0 0.0 39.4 41.8 9.9 8.6 88.7 81.1 9.3 DCRS_-_Bom_Jesus/Jaquirana_(606_m) -999.9 -999.9 980.5 971.6 971.9 7.8 6.6 0.0 Rio_Grande_do_Sul DCRS -999.9 0.0 0.0 601.04 601.08 600.99 -1 0.01 601.28 601.96 601.96 601.96
-28.798800 -50.429798 DCRS-00086 2026-09-14_03:55 9.4 -999.9 -999.9 87.2 -999.9 -999.9 7.4 -999.9 -999.9 972.4 -999.9 -999.9 4.6 -999.9 5.1 0.0 0.0 0.0 0.0 0.0 39.4 41.8 9.9 8.6 88.7 81.1 9.3 DCRS_-_Bom_Jesus/Jaquirana_(606_m) -999.9 -999.9 980.5 971.6 972.4 7.8 6.6 0.0 Rio_Grande_do_Sul DCRS -999.9 0.0 0.0 601.01 601.08 600.99 -1 -0.03 601.28 601.96 601.96 601.96
-28.798800 -50.429798 DCRS-00086 2026-09-14_03:56 9.4 -999.9 -999.9 87.5 -999.9 -999.9 7.4 -999.9 -999.9 972.7 -999.9 -999.9 4.4 -999.9 5.1 0.0 0.0 0.0 0.0 0.0 39.4 41.8 9.9 8.6 88.7 81.1 9.3 DCRS_-_Bom_Jesus/Jaquirana_(606_m) -999.9 -999.9 980.5 971.6 972.7 7.8 6.6 0.0 Rio_Grande_do_Sul DCRS -999.9 0.0 0.0 601.03 601.08 600.99 -1 -0.02 601.28 601.96 601.96 601.96
-28.798800 -50.429798 DCRS-00086 2026-09-14_03:57 9.4 -999.9 -999.9 87.7 -999.9 -999.9 7.4 -999.9 -999.9 973.0 -999.9 -999.9 4.9 -999.9 5.1 0.0 0.0 0.0 0.0 0.0 39.4 41.8 9.9 8.6 88.7 81.1 9.3 DCRS_-_Bom_Jesus/Jaquirana_(606_m) -999.9 -999.9 980.5 971.6 973.0 7.8 6.6 0.0 Rio_Grande_do_Sul DCRS -999.9 0.0 0.0 601.05 601.08 600.99 -1 0.0 601.28 601.96 601.96 601.96
-28.798800 -50.429798 DCRS-00086 2026-09-14_03:58 9.4 -999.9 -999.9 87.8 -999.9 -999.9 7.5 -999.9 -999.9 973.5 -999.9 -999.9 4.8 -999.9 5.1 0.0 0.0 0.0 0.0 0.0 39.4 41.8 9.9 8.6 88.7 81.1 9.3 DCRS_-_Bom_Jesus/Jaquirana_(606_m) -999.9 -999.9 980.5 971.6 973.5 7.8 6.6 0.0 Rio_Grande_do_Sul DCRS -999.9 0.0 0.0 601.01 601.08 600.99 -1 -0.04 601.28 601.96 601.96 601.96
-28.798800 -50.429798 DCRS-00086 2026-09-14_03:59 9.4 -999.9 -999.9 88.0 -999.9 -999.9 7.5 -999.9 -999.9 973.8 -999.9 -999.9 4.8 -999.9 5.1 0.0 0.0 0.0 0.0 0.0 39.4 41.8 9.9 8.6 88.7 81.1 9.3 DCRS_-_Bom_Jesus/Jaquirana_(606_m) -999.9 -999.9 980.5 971.6 973.8 7.8 6.6 0.0 Rio_Grande_do_Sul DCRS -999.9 0.0 0.0 601.04 601.08 600.99 -1 0.04 601.28 601.96 601.96 601.96
-28.798800 -50.429798 DCRS-00086 2026-09-14_04:00 9.4 -999.9 -999.9 88.1 -999.9 -999.9 7.5 -999.9 -999.9 974.1 -999.9 -999.9 4.6 -999.9 5.4 0.0 0.0 0.0 0.0 0.0 39.4 41.8 9.9 8.6 88.7 81.1 9.3 DCRS_-_Bom_Jesus/Jaquirana_(606_m) -999.9 -999.9 980.5 971.6 974.1 7.8 6.6 0.0 Rio_Grande_do_Sul DCRS -999.9 0.0 0.0 601.04 601.08 600.99 -1 0.01 601.28 601.96 601.96 601.96
-28.798800 -50.429798 DCRS-00086 2026-09-14_04:01 9.4 -999.9 -999.9 87.8 -999.9 -999.9 7.5 -999.9 -999.9 974.0 -999.9 -999.9 0.0 -999.9 5.4 0.0 0.0 0.0 0.0 0.0 39.4 41.8 9.9 8.6 88.7 81.1 9.3 DCRS_-_Bom_Jesus/Jaquirana_(606_m) -999.9 -999.9 980.5 971.6 974.0 7.8 6.6 0.0 Rio_Grande_do_Sul DCRS -999.9 0.0 0.0 601.04 601.08 600.99 -1 0.01 601.28 601.96 601.96 601.96
-28.798800 -50.429798 DCRS-00086 2026-09-14_04:02 9.4 -999.9 -999.9 87.9 -999.9 -999.9 7.5 -999.9 -999.9 974.1 -999.9 -999.9 4.1 -999.9 5.4 0.0 0.0 0.0 0.0 0.0 39.4 41.8 9.9 8.6 88.7 81.1 9.3 DCRS_-_Bom_Jesus/Jaquirana_(606_m) -999.9 -999.9 980.5 971.6 974.1 7.8 6.6 0.0 Rio_Grande_do_Sul DCRS -999.9 0.0 0.0 600.99 601.08 600.99 -1 -0.07 601.28 601.96 601.96 601.96
-28.798800 -50.429798 DCRS-00086 2026-09-14_04:03 9.4 -999.9 -999.9 88.1 -999.9 -999.9 7.5 -999.9 -999.9 974.4 -999.9 -999.9 4.7 -999.9 5.4 0.0 0.0 0.0 0.0 0.0 39.4 41.8 9.9 8.6 88.7 81.1 9.3 DCRS_-_Bom_Jesus/Jaquirana_(606_m) -999.9 -999.9 980.5 971.6 974.4 7.8 6.6 0.0 Rio_Grande_do_Sul DCRS -999.9 0.0 0.0 601.03 601.08 600.99 -1 0.0 601.28 601.96 601.96 601.96
-28.798800 -50.429798 DCRS-00086 2026-09-14_04:04 9.4 -999.9 -999.9 88.1 -999.9 -999.9 7.5 -999.9 -999.9 974.5 -999.9 -999.9 4.9 -999.9 5.4 0.0 0.0 0.0 0.0 0.0 39.4 41.8 9.9 8.6 88.7 81.1 9.3 DCRS_-_Bom_Jesus/Jaquirana_(606_m) -999.9 -999.9 980.5 971.6 974.5 7.8 6.6 0.0 Rio_Grande_do_Sul DCRS -999.9 0.0 0.0 601.01 601.08 600.99 -1 -0.02 601.28 601.96 601.96 601.96
-28.798800 -50.429798 DCRS-00086 2026-09-14_04:05 9.4 -999.9 -999.9 88.0 -999.9 -999.9 7.5 -999.9 -999.9 974.5 -999.9 -999.9 3.8 -999.9 5.5 0.0 0.0 0.0 0.0 0.0 39.4 41.8 9.9 8.6 88.7 81.1 9.3 DCRS_-_Bom_Jesus/Jaquirana_(606_m) -999.9 -999.9 980.5 971.6 974.5 7.8 6.6 0.0 Rio_Grande_do_Sul DCRS -999.9 0.0 0.0 601.06 601.08 600.99 -1 0.01 601.28 601.96 601.96 601.96
-28.798800 -50.429798 DCRS-00086 2026-09-14_04:06 9.4 -999.9 -999.9 88.1 -999.9 -999.9 7.5 -999.9 -999.9 974.6 -999.9 -999.9 4.1 -999.9 5.5 0.0 0.0 0.0 0.0 0.0 39.4 41.8 9.9 8.6 88.7 81.1 9.3 DCRS_-_Bom_Jesus/Jaquirana_(606_m) -999.9 -999.9 980.5 971.6 974.6 7.8 6.6 0.0 Rio_Grande_do_Sul DCRS -999.9 0.0 0.0 601.04 601.08 600.99 -1 0.01 601.28 601.96 601.96 601.96
-28.798800 -50.429798 DCRS-00086 2026-09-14_04:07 9.4 -999.9 -999.9 87.8 -999.9 -999.9 7.5 -999.9 -999.9 974.3 -999.9 -999.9 5.0 -999.9 5.5 0.0 0.0 0.0 0.0 0.0 39.4 41.8 9.9 8.6 88.7 81.1 9.3 DCRS_-_Bom_Jesus/Jaquirana_(606_m) -999.9 -999.9 980.5 971.6 974.3 7.8 6.6 0.0 Rio_Grande_do_Sul DCRS -999.9 0.0 0.0 601.04 601.08 600.99 -1 -0.02 601.28 601.96 601.96 601.96
-28.798800 -50.429798 DCRS-00086 2026-09-14_04:08 9.4 -999.9 -999.9 87.9 -999.9 -999.9 7.5 -999.9 -999.9 974.4 -999.9 -999.9 -999.9 -999.9 5.5 0.0 0.0 0.0 0.0 0.0 39.4 41.8 9.9 8.6 88.7 81.1 9.3 DCRS_-_Bom_Jesus/Jaquirana_(606_m) -999.9 -999.9 980.5 971.6 974.4 7.8 6.6 0.0 Rio_Grande_do_Sul DCRS -999.9 0.0 0.0 601.04 601.08 600.99 0 -0.01 601.28 601.96 601.96 601.96
-28.798800 -50.429798 DCRS-00086 2026-09-14_04:09 9.4 -999.9 -999.9 88.4 -999.9 -999.9 7.6 -999.9 -999.9 974.7 -999.9 -999.9 -999.9 -999.9 5.5 0.0 0.0 0.0 0.0 0.0 39.4 41.8 9.9 8.6 88.7 81.1 9.3 DCRS_-_Bom_Jesus/Jaquirana_(606_m) -999.9 -999.9 980.5 971.6 974.7 7.8 6.6 0.0 Rio_Grande_do_Sul DCRS -999.9 0.0 0.0 601.03 601.08 600.99 0 0.0 601.28 601.96 601.96 601.96
-28.798800 -50.429798 DCRS-00086 2026-09-14_04:10 9.4 -999.9 -999.9 88.6 -999.9 -999.9 7.6 -999.9 -999.9 975.0 -999.9 -999.9 6.6 -999.9 6.6 0.0 0.0 0.0 0.0 0.0 39.4 41.8 9.9 8.6 88.7 81.1 9.3 DCRS_-_Bom_Jesus/Jaquirana_(606_m) -999.9 -999.9 980.5 971.6 975.0 7.8 6.6 0.0 Rio_Grande_do_Sul DCRS -999.9 0.0 0.0 601.02 601.08 600.99 0 0.0 601.28 601.96 601.96 601.96
-28.798800 -50.429798 DCRS-00086 2026-09-14_04:11 9.4 -999.9 -999.9 88.6 -999.9 -999.9 7.6 -999.9 -999.9 975.2 -999.9 -999.9 6.6 -999.9 6.6 0.0 0.0 0.0 0.0 0.0 39.4 41.8 9.9 8.6 88.7 81.1 9.3 DCRS_-_Bom_Jesus/Jaquirana_(606_m) -999.9 -999.9 980.5 971.6 975.2 7.8 6.6 0.0 Rio_Grande_do_Sul DCRS -999.9 0.0 0.0 601.03 601.08 600.99 0 0.01 601.28 601.96 601.96 601.96
-28.798800 -50.429798 DCRS-00086 2026-09-14_04:12 9.4 -999.9 -999.9 88.8 -999.9 -999.9 7.6 -999.9 -999.9 975.4 -999.9 -999.9 -999.9 -999.9 6.6 0.0 0.0 0.0 0.0 0.0 39.4 41.8 9.9 8.6 88.8 81.1 9.3 DCRS_-_Bom_Jesus/Jaquirana_(606_m) -999.9 -999.9 980.5 971.6 975.4 7.8 6.6 0.0 Rio_Grande_do_Sul DCRS -999.9 0.0 0.0 601.03 601.08 600.99 0 -0.03 601.28 601.96 601.96 601.96
-28.798800 -50.429798 DCRS-00086 2026-09-14_04:13 9.4 -999.9 -999.9 88.8 -999.9 -999.9 7.6 -999.9 -999.9 975.7 -999.9 -999.9 -999.9 -999.9 6.6 0.0 0.0 0.0 0.0 0.0 39.4 41.8 9.9 8.6 88.8 81.1 9.3 DCRS_-_Bom_Jesus/Jaquirana_(606_m) -999.9 -999.9 980.5 971.6 975.7 7.8 6.6 0.0 Rio_Grande_do_Sul DCRS -999.9 0.0 0.0 601.04 601.08 600.99 0 0.03 601.28 601.96 601.96 601.96
-28.798800 -50.429798 DCRS-00086 2026-09-14_04:14 9.4 -999.9 -999.9 88.8 -999.9 -999.9 7.6 -999.9 -999.9 975.8 -999.9 -999.9 6.6 -999.9 6.6 0.0 0.0 0.0 0.0 0.0 39.4 41.8 9.9 8.6 88.8 81.1 9.3 DCRS_-_Bom_Jesus/Jaquirana_(606_m) -999.9 -999.9 980.5 971.6 975.8 7.8 6.6 0.0 Rio_Grande_do_Sul DCRS -999.9 0.0 0.0 600.96 601.08 600.96 0 -0.07 601.28 601.96 601.96 601.96
-28.798800 -50.429798 DCRS-00086 2026-09-14_04:15 9.4 -999.9 -999.9 88.9 -999.9 -999.9 7.6 -999.9 -999.9 975.9 -999.9 -999.9 7.7 -999.9 8.2 0.0 0.0 0.0 0.0 0.0 39.4 41.8 9.9 8.6 88.9 81.1 9.3 DCRS_-_Bom_Jesus/Jaquirana_(606_m) -999.9 -999.9 980.5 971.6 975.9 7.8 6.6 0.0 Rio_Grande_do_Sul DCRS -999.9 0.0 0.0 601.0 601.08 600.96 0 0.0 601.28 601.96 601.96 601.96
-28.798800 -50.429798 DCRS-00086 2026-09-14_04:16 9.4 -999.9 -999.9 88.9 -999.9 -999.9 7.6 -999.9 -999.9 976.0 -999.9 -999.9 7.6 -999.9 8.2 0.0 0.0 0.0 0.0 0.0 39.4 41.8 9.9 8.6 88.9 81.1 9.3 DCRS_-_Bom_Jesus/Jaquirana_(606_m) -999.9 -999.9 980.5 971.6 976.0 7.8 6.6 0.0 Rio_Grande_do_Sul DCRS -999.9 0.0 0.0 601.05 601.08 600.96 -1 0.0 601.28 601.96 601.96 601.96
-28.798800 -50.429798 DCRS-00086 2026-09-14_04:17 9.4 -999.9 -999.9 89.0 -999.9 -999.9 7.7 -999.9 -999.9 976.1 -999.9 -999.9 -999.9 -999.9 8.2 0.0 0.0 0.0 0.0 0.0 39.4 41.8 9.9 8.6 89.0 81.1 9.3 DCRS_-_Bom_Jesus/Jaquirana_(606_m) -999.9 -999.9 980.5 971.6 976.1 7.8 6.6 0.0 Rio_Grande_do_Sul DCRS -999.9 0.0 0.0 601.04 601.08 600.96 -1 0.0 601.28 601.96 601.96 601.96
-28.798800 -50.429798 DCRS-00086 2026-09-14_04:18 9.4 -999.9 -999.9 89.0 -999.9 -999.9 7.7 -999.9 -999.9 976.2 -999.9 -999.9 -999.9 -999.9 8.2 0.0 0.0 0.0 0.0 0.0 39.4 41.8 9.9 8.6 89.0 81.1 9.3 DCRS_-_Bom_Jesus/Jaquirana_(606_m) -999.9 -999.9 980.5 971.6 976.2 7.8 6.6 0.0 Rio_Grande_do_Sul DCRS -999.9 0.0 0.0 601.04 601.08 600.96 -1 -0.01 601.28 601.96 601.96 601.96
-28.798800 -50.429798 DCRS-00086 2026-09-14_04:19 9.3 -999.9 -999.9 89.1 -999.9 -999.9 7.6 -999.9 -999.9 976.3 -999.9 -999.9 8.1 -999.9 8.2 0.0 0.0 0.0 0.0 0.0 39.4 41.8 9.9 8.6 89.1 81.1 9.3 DCRS_-_Bom_Jesus/Jaquirana_(606_m) -999.9 -999.9 980.5 971.6 976.3 7.8 6.6 0.0 Rio_Grande_do_Sul DCRS -999.9 0.0 0.0 601.04 601.08 600.96 0 0.01 601.28 601.96 601.96 601.96
-28.798800 -50.429798 DCRS-00086 2026-09-14_04:20 9.3 -999.9 -999.9 89.0 -999.9 -999.9 7.6 -999.9 -999.9 976.3 -999.9 -999.9 9.0 -999.9 9.9 0.0 0.0 0.0 0.0 0.0 39.4 41.8 9.9 8.6 89.1 81.1 9.9 DCRS_-_Bom_Jesus/Jaquirana_(606_m) -999.9 -999.9 980.5 971.6 976.3 7.8 6.6 0.0 Rio_Grande_do_Sul DCRS -999.9 0.0 0.0 601.06 601.08 600.96 0 0.03 601.28 601.96 601.96 601.96
-28.798800 -50.429798 DCRS-00086 2026-09-14_04:21 9.3 -999.9 -999.9 89.1 -999.9 -999.9 7.6 -999.9 -999.9 976.3 -999.9 -999.9 7.2 -999.9 9.9 0.0 0.0 0.0 0.0 0.0 39.4 41.8 9.9 8.6 89.1 81.1 9.9 DCRS_-_Bom_Jesus/Jaquirana_(606_m) -999.9 -999.9 980.5 971.6 976.3 7.8 6.6 0.0 Rio_Grande_do_Sul DCRS -999.9 0.0 0.0 601.02 601.08 600.96 0 -0.02 601.28 601.96 601.96 601.96
-28.798800 -50.429798 DCRS-00086 2026-09-14_04:22 9.3 -999.9 -999.9 89.3 -999.9 -999.9 7.6 -999.9 -999.9 976.5 -999.9 -999.9 7.7 -999.9 9.9 0.0 0.0 0.0 0.0 0.0 39.4 41.8 9.9 8.6 89.3 81.1 9.9 DCRS_-_Bom_Jesus/Jaquirana_(606_m) -999.9 -999.9 980.5 971.6 976.5 7.8 6.6 0.0 Rio_Grande_do_Sul DCRS -999.9 0.0 0.0 601.04 601.08 600.96 0 0.0 601.28 601.96 601.96 601.96
-28.798800 -50.429798 DCRS-00086 2026-09-14_04:23 9.3 -999.9 -999.9 89.4 -999.9 -999.9 7.6 -999.9 -999.9 976.7 -999.9 -999.9 7.0 -999.9 9.9 0.0 0.0 0.0 0.0 0.0 39.4 41.8 9.9 8.6 89.4 81.1 9.9 DCRS_-_Bom_Jesus/Jaquirana_(606_m) -999.9 -999.9 980.5 971.6 976.7 7.8 6.6 0.0 Rio_Grande_do_Sul DCRS -999.9 0.0 0.0 601.02 601.08 600.96 0 -0.01 601.28 601.96 601.96 601.96
-28.798800 -50.429798 DCRS-00086 2026-09-14_04:24 9.3 -999.9 -999.9 89.4 -999.9 -999.9 7.6 -999.9 -999.9 976.9 -999.9 -999.9 7.0 -999.9 9.9 0.0 0.0 0.0 0.0 0.0 39.4 41.8 9.9 8.6 89.4 81.1 9.9 DCRS_-_Bom_Jesus/Jaquirana_(606_m) -999.9 -999.9 980.5 971.6 976.9 7.8 6.6 0.0 Rio_Grande_do_Sul DCRS -999.9 0.0 0.0 601.05 601.08 600.96 0 0.02 601.28 601.96 601.96 601.96
-28.798800 -50.429798 DCRS-00086 2026-09-14_04:25 9.3 -999.9 -999.9 89.7 -999.9 -999.9 7.7 -999.9 -999.9 977.1 -999.9 -999.9 7.6 -999.9 9.1 0.0 0.0 0.0 0.0 0.0 39.4 41.8 9.9 8.6 89.7 81.1 9.9 DCRS_-_Bom_Jesus/Jaquirana_(606_m) -999.9 -999.9 980.5 971.6 977.1 7.8 6.6 0.0 Rio_Grande_do_Sul DCRS -999.9 0.0 0.0 601.06 601.08 600.96 0 0.01 601.28 601.96 601.96 601.96
-28.798800 -50.429798 DCRS-00086 2026-09-14_04:26 9.3 -999.9 -999.9 89.7 -999.9 -999.9 7.7 -999.9 -999.9 977.4 -999.9 -999.9 6.7 -999.9 9.1 0.0 0.0 0.0 0.0 0.0 39.4 41.8 9.9 8.6 89.7 81.1 9.9 DCRS_-_Bom_Jesus/Jaquirana_(606_m) -999.9 -999.9 980.5 971.6 977.4 7.8 6.6 0.0 Rio_Grande_do_Sul DCRS -999.9 0.0 0.0 601.04 601.08 600.96 0 0.01 601.28 601.96 601.96 601.96
-28.798800 -50.429798 DCRS-00086 2026-09-14_04:27 9.3 -999.9 -999.9 89.8 -999.9 -999.9 7.7 -999.9 -999.9 977.6 -999.9 -999.9 5.4 -999.9 9.1 0.0 0.0 0.0 0.0 0.0 39.4 41.8 9.9 8.6 89.8 81.1 9.9 DCRS_-_Bom_Jesus/Jaquirana_(606_m) -999.9 -999.9 980.5 971.6 977.6 7.8 6.6 0.0 Rio_Grande_do_Sul DCRS -999.9 0.0 0.0 601.02 601.08 600.96 0 -0.01 601.28 601.96 601.96 601.96
-28.798800 -50.429798 DCRS-00086 2026-09-14_04:28 9.3 -999.9 -999.9 89.9 -999.9 -999.9 7.7 -999.9 -999.9 977.8 -999.9 -999.9 5.4 -999.9 9.1 0.0 0.0 0.0 0.0 0.0 39.4 41.8 9.9 8.6 89.9 81.1 9.9 DCRS_-_Bom_Jesus/Jaquirana_(606_m) -999.9 -999.9 980.5 971.6 977.8 7.8 6.6 0.0 Rio_Grande_do_Sul DCRS -999.9 0.0 0.0 601.03 601.08 600.96 0 -0.02 601.28 601.96 601.96 601.96
-28.798800 -50.429798 DCRS-00086 2026-09-14_04:29 9.3 -999.9 -999.9 89.9 -999.9 -999.9 7.7 -999.9 -999.9 977.9 -999.9 -999.9 5.4 -999.9 9.1 0.0 0.0 0.0 0.0 0.0 39.4 41.8 9.9 8.6 89.9 81.1 9.9 DCRS_-_Bom_Jesus/Jaquirana_(606_m) -999.9 -999.9 980.5 971.6 977.9 7.8 6.6 0.0 Rio_Grande_do_Sul DCRS -999.9 0.0 0.0 601.02 601.08 600.96 0 0.0 601.28 601.96 601.96 601.96
-28.798800 -50.429798 DCRS-00086 2026-09-14_04:30 9.3 -999.9 -999.9 89.8 -999.9 -999.9 7.7 -999.9 -999.9 977.8 -999.9 -999.9 5.3 -999.9 7.9 0.0 0.0 0.0 0.0 0.0 39.4 41.8 9.9 8.6 89.9 81.1 9.9 DCRS_-_Bom_Jesus/Jaquirana_(606_m) -999.9 -999.9 980.5 971.6 977.8 7.8 6.6 0.0 Rio_Grande_do_Sul DCRS -999.9 0.0 0.0 601.04 601.08 600.96 0 -0.01 601.28 601.96 601.96 601.96
-28.798800 -50.429798 DCRS-00086 2026-09-14_04:31 9.3 -999.9 -999.9 89.8 -999.9 -999.9 7.7 -999.9 -999.9 977.8 -999.9 -999.9 5.5 -999.9 7.9 0.0 0.0 0.0 0.0 0.0 39.4 41.8 9.9 8.6 89.9 81.1 9.9 DCRS_-_Bom_Jesus/Jaquirana_(606_m) -999.9 -999.9 980.5 971.6 977.8 7.8 6.6 0.0 Rio_Grande_do_Sul DCRS -999.9 0.0 0.0 601.04 601.08 600.96 0 -0.01 601.28 601.96 601.96 601.96
-28.798800 -50.429798 DCRS-00086 2026-09-14_04:32 9.3 -999.9 -999.9 89.8 -999.9 -999.9 7.7 -999.9 -999.9 977.8 -999.9 -999.9 6.0 -999.9 7.9 0.0 0.0 0.0 0.0 0.0 39.4 41.8 9.9 8.6 89.9 81.1 9.9 DCRS_-_Bom_Jesus/Jaquirana_(606_m) -999.9 -999.9 980.5 971.6 977.8 7.8 6.6 0.0 Rio_Grande_do_Sul DCRS -999.9 0.0 0.0 601.04 601.08 600.96 0 0.02 601.28 601.96 601.96 601.96
-28.798800 -50.429798 DCRS-00086 2026-09-14_04:33 9.3 -999.9 -999.9 89.9 -999.9 -999.9 7.7 -999.9 -999.9 977.9 -999.9 -999.9 6.2 -999.9 7.9 0.0 0.0 0.0 0.0 0.0 39.4 41.8 9.9 8.6 89.9 81.1 9.9 DCRS_-_Bom_Jesus/Jaquirana_(606_m) -999.9 -999.9 980.5 971.6 977.9 7.8 6.6 0.0 Rio_Grande_do_Sul DCRS -999.9 0.0 0.0 601.03 601.08 600.96 0 -0.01 601.28 601.96 601.96 601.96
-28.798800 -50.429798 DCRS-00086 2026-09-14_04:34 9.3 -999.9 -999.9 89.8 -999.9 -999.9 7.7 -999.9 -999.9 977.9 -999.9 -999.9 6.2 -999.9 7.9 0.0 0.0 0.0 0.0 0.0 39.4 41.8 9.9 8.6 89.9 81.1 9.9 DCRS_-_Bom_Jesus/Jaquirana_(606_m) -999.9 -999.9 980.5 971.6 977.9 7.8 6.6 0.0 Rio_Grande_do_Sul DCRS -999.9 0.0 0.0 601.05 601.08 600.96 1 0.02 601.28 601.96 601.96 601.96
-28.798800 -50.429798 DCRS-00086 2026-09-14_04:35 9.3 -999.9 -999.9 89.9 -999.9 -999.9 7.7 -999.9 -999.9 977.9 -999.9 -999.9 6.3 -999.9 6.5 0.0 0.0 0.0 0.0 0.0 39.4 41.8 9.9 8.6 89.9 81.1 9.9 DCRS_-_Bom_Jesus/Jaquirana_(606_m) -999.9 -999.9 980.5 971.6 977.9 7.8 6.6 0.0 Rio_Grande_do_Sul DCRS -999.9 0.0 0.0 600.99 601.08 600.96 1 -0.03 601.28 601.96 601.96 601.96
-28.798800 -50.429798 DCRS-00086 2026-09-14_04:36 9.3 -999.9 -999.9 89.9 -999.9 -999.9 7.7 -999.9 -999.9 978.0 -999.9 -999.9 6.2 -999.9 6.5 0.0 0.0 0.0 0.0 0.0 39.4 41.8 9.9 8.6 89.9 81.1 9.9 DCRS_-_Bom_Jesus/Jaquirana_(606_m) -999.9 -999.9 980.5 971.6 978.0 7.8 6.6 0.0 Rio_Grande_do_Sul DCRS -999.9 0.0 0.0 601.01 601.08 600.96 0 -0.01 601.28 601.96 601.96 601.96
-28.798800 -50.429798 DCRS-00086 2026-09-14_04:37 9.3 -999.9 -999.9 89.8 -999.9 -999.9 7.7 -999.9 -999.9 978.0 -999.9 -999.9 6.2 -999.9 6.5 0.0 0.0 0.0 0.0 0.0 39.4 41.8 9.9 8.6 89.9 81.1 9.9 DCRS_-_Bom_Jesus/Jaquirana_(606_m) -999.9 -999.9 980.5 971.6 978.0 7.8 6.6 0.0 Rio_Grande_do_Sul DCRS -999.9 0.0 0.0 601.02 601.08 600.96 0 -0.03 601.28 601.96 601.96 601.96
-28.798800 -50.429798 DCRS-00086 2026-09-14_04:38 9.3 -999.9 -999.9 89.9 -999.9 -999.9 7.7 -999.9 -999.9 978.0 -999.9 -999.9 6.3 -999.9 6.5 0.0 0.0 0.0 0.0 0.0 39.4 41.8 9.9 8.6 89.9 81.1 9.9 DCRS_-_Bom_Jesus/Jaquirana_(606_m) -999.9 -999.9 980.5 971.6 978.0 7.8 6.6 0.0 Rio_Grande_do_Sul DCRS -999.9 0.0 0.0 601.03 601.08 600.96 0 -0.02 601.28 601.96 601.96 601.96
-28.798800 -50.429798 DCRS-00086 2026-09-14_04:39 9.3 -999.9 -999.9 89.9 -999.9 -999.9 7.7 -999.9 -999.9 978.0 -999.9 -999.9 6.2 -999.9 6.5 0.0 0.0 0.0 0.0 0.0 39.4 41.8 9.9 8.6 89.9 81.1 9.9 DCRS_-_Bom_Jesus/Jaquirana_(606_m) -999.9 -999.9 980.5 971.6 978.0 7.8 6.6 0.0 Rio_Grande_do_Sul DCRS -999.9 0.0 0.0 601.02 601.08 600.96 0 -0.03 601.28 601.96 601.96 601.96
-28.798800 -50.429798 DCRS-00086 2026-09-14_04:40 9.3 -999.9 -999.9 89.8 -999.9 -999.9 7.7 -999.9 -999.9 978.0 -999.9 -999.9 6.5 -999.9 6.7 0.0 0.0 0.0 0.0 0.0 39.4 41.8 9.9 8.6 89.9 81.1 9.9 DCRS_-_Bom_Jesus/Jaquirana_(606_m) -999.9 -999.9 980.5 971.6 978.0 7.8 6.6 0.0 Rio_Grande_do_Sul DCRS -999.9 0.0 0.0 601.01 601.08 600.96 0 0.0 601.28 601.96 601.96 601.96
-28.798800 -50.429798 DCRS-00086 2026-09-14_04:41 9.3 -999.9 -999.9 89.8 -999.9 -999.9 7.7 -999.9 -999.9 977.9 -999.9 -999.9 6.5 -999.9 6.7 0.0 0.0 0.0 0.0 0.0 39.4 41.8 9.9 8.6 89.9 81.1 9.9 DCRS_-_Bom_Jesus/Jaquirana_(606_m) -999.9 -999.9 980.5 971.6 977.9 7.8 6.6 0.0 Rio_Grande_do_Sul DCRS -999.9 0.0 0.0 601.02 601.08 600.96 0 0.0 601.28 601.96 601.96 601.96
-28.798800 -50.429798 DCRS-00086 2026-09-14_04:42 9.3 -999.9 -999.9 89.8 -999.9 -999.9 7.7 -999.9 -999.9 977.9 -999.9 -999.9 -999.9 -999.9 6.7 0.0 0.0 0.0 0.0 0.0 39.4 41.8 9.9 8.6 89.9 81.1 9.9 DCRS_-_Bom_Jesus/Jaquirana_(606_m) -999.9 -999.9 980.5 971.6 977.9 7.8 6.6 0.0 Rio_Grande_do_Sul DCRS -999.9 0.0 0.0 601.02 601.08 600.96 0 0.0 601.28 601.96 601.96 601.96
-28.798800 -50.429798 DCRS-00086 2026-09-14_04:43 9.3 -999.9 -999.9 90.0 -999.9 -999.9 7.7 -999.9 -999.9 978.1 -999.9 -999.9 -999.9 -999.9 6.7 0.0 0.0 0.0 0.0 0.0 39.4 41.8 9.9 8.6 90.0 81.1 9.9 DCRS_-_Bom_Jesus/Jaquirana_(606_m) -999.9 -999.9 980.5 971.6 978.1 7.8 6.6 0.0 Rio_Grande_do_Sul DCRS -999.9 0.0 0.0 601.0 601.08 600.96 0 -0.02 601.28 601.96 601.96 601.96
-28.798800 -50.429798 DCRS-00086 2026-09-14_04:44 9.3 -999.9 -999.9 90.2 -999.9 -999.9 7.8 -999.9 -999.9 978.2 -999.9 -999.9 -999.9 -999.9 6.7 0.0 0.0 0.0 0.0 0.0 39.4 41.8 9.9 8.6 90.2 81.1 9.9 DCRS_-_Bom_Jesus/Jaquirana_(606_m) -999.9 -999.9 980.5 971.6 978.2 7.8 6.6 0.0 Rio_Grande_do_Sul DCRS -999.9 0.0 0.0 601.03 601.08 600.96 0 0.01 601.28 601.96 601.96 601.96
-28.798800 -50.429798 DCRS-00086 2026-09-14_04:45 9.2 -999.9 -999.9 90.2 -999.9 -999.9 7.7 -999.9 -999.9 978.3 -999.9 -999.9 -999.9 -999.9 7.2 0.0 0.0 0.0 0.0 0.0 39.4 41.8 9.9 8.6 90.2 81.1 9.9 DCRS_-_Bom_Jesus/Jaquirana_(606_m) -999.9 -999.9 980.5 971.6 978.3 7.8 6.6 0.0 Rio_Grande_do_Sul DCRS -999.9 0.0 0.0 601.03 601.08 600.96 0 0.01 601.28 601.96 601.96 601.96
-28.798800 -50.429798 DCRS-00086 2026-09-14_04:46 9.2 -999.9 -999.9 90.0 -999.9 -999.9 7.6 -999.9 -999.9 978.1 -999.9 -999.9 -999.9 -999.9 7.2 0.0 0.0 0.0 0.0 0.0 39.4 41.8 9.9 8.6 90.2 81.1 9.9 DCRS_-_Bom_Jesus/Jaquirana_(606_m) -999.9 -999.9 980.5 971.6 978.1 7.8 6.6 0.0 Rio_Grande_do_Sul DCRS -999.9 0.0 0.0 601.03 601.08 600.96 0 -0.01 601.28 601.96 601.96 601.96
-28.798800 -50.429798 DCRS-00086 2026-09-14_04:47 9.2 -999.9 -999.9 90.0 -999.9 -999.9 7.6 -999.9 -999.9 978.0 -999.9 -999.9 -999.9 -999.9 7.2 0.0 0.0 0.0 0.0 0.0 39.4 41.8 9.9 8.6 90.2 81.1 9.9 DCRS_-_Bom_Jesus/Jaquirana_(606_m) -999.9 -999.9 980.5 971.6 978.0 7.8 6.6 0.0 Rio_Grande_do_Sul DCRS -999.9 0.0 0.0 601.03 601.08 600.96 0 -0.02 601.28 601.96 601.96 601.96
-28.798800 -50.429798 DCRS-00086 2026-09-14_04:48 9.2 -999.9 -999.9 90.0 -999.9 -999.9 7.6 -999.9 -999.9 978.0 -999.9 -999.9 7.2 -999.9 7.2 0.0 0.0 0.0 0.0 0.0 39.4 41.8 9.9 8.6 90.2 81.1 9.9 DCRS_-_Bom_Jesus/Jaquirana_(606_m) -999.9 -999.9 980.5 971.6 978.0 7.8 6.6 0.0 Rio_Grande_do_Sul DCRS -999.9 0.0 0.0 601.04 601.08 600.96 0 0.03 601.28 601.96 601.96 601.96
-28.798800 -50.429798 DCRS-00086 2026-09-14_04:49 9.1 -999.9 -999.9 90.1 -999.9 -999.9 7.5 -999.9 -999.9 978.0 -999.9 -999.9 7.1 -999.9 7.2 0.0 0.0 0.0 0.0 0.0 39.4 41.8 9.9 8.6 90.2 81.1 9.9 DCRS_-_Bom_Jesus/Jaquirana_(606_m) -999.9 -999.9 980.5 971.6 978.0 7.8 6.6 0.0 Rio_Grande_do_Sul DCRS -999.9 0.0 0.0 601.0 601.08 600.96 0 -0.03 601.28 601.96 601.96 601.96
-28.798800 -50.429798 DCRS-00086 2026-09-14_04:50 9.1 -999.9 -999.9 90.2 -999.9 -999.9 7.6 -999.9 -999.9 978.1 -999.9 -999.9 7.2 -999.9 8.3 0.0 0.0 0.0 0.0 0.0 39.4 41.8 9.9 8.6 90.2 81.1 9.9 DCRS_-_Bom_Jesus/Jaquirana_(606_m) -999.9 -999.9 980.5 971.6 978.1 7.8 6.6 0.0 Rio_Grande_do_Sul DCRS -999.9 0.0 0.0 601.04 601.08 600.96 0 0.01 601.28 601.96 601.96 601.96
-28.798800 -50.429798 DCRS-00086 2026-09-14_04:51 9.1 -999.9 -999.9 90.2 -999.9 -999.9 7.6 -999.9 -999.9 978.2 -999.9 -999.9 7.5 -999.9 8.3 0.0 0.0 0.0 0.0 0.0 39.4 41.8 9.9 8.6 90.2 81.1 9.9 DCRS_-_Bom_Jesus/Jaquirana_(606_m) -999.9 -999.9 980.5 971.6 978.2 7.8 6.6 0.0 Rio_Grande_do_Sul DCRS -999.9 0.0 0.0 601.03 601.08 600.96 0 -0.02 601.28 601.96 601.96 601.96
-28.798800 -50.429798 DCRS-00086 2026-09-14_04:52 9.1 -999.9 -999.9 90.2 -999.9 -999.9 7.6 -999.9 -999.9 978.2 -999.9 -999.9 6.8 -999.9 8.3 0.0 0.0 0.0 0.0 0.0 39.4 41.8 9.9 8.6 90.2 81.1 9.9 DCRS_-_Bom_Jesus/Jaquirana_(606_m) -999.9 -999.9 980.5 971.6 978.2 7.8 6.6 0.0 Rio_Grande_do_Sul DCRS -999.9 0.0 0.0 601.03 601.08 600.96 0 0.01 601.28 601.96 601.96 601.96
-28.798800 -50.429798 DCRS-00086 2026-09-14_04:53 9.2 -999.9 -999.9 90.2 -999.9 -999.9 7.7 -999.9 -999.9 978.3 -999.9 -999.9 6.8 -999.9 8.3 0.0 0.0 0.0 0.0 0.0 39.4 41.8 9.9 8.6 90.2 81.1 9.9 DCRS_-_Bom_Jesus/Jaquirana_(606_m) -999.9 -999.9 980.5 971.6 978.3 7.8 6.6 0.0 Rio_Grande_do_Sul DCRS -999.9 0.0 0.0 601.05 601.08 600.96 0 0.03 601.28 601.96 601.96 601.96
-28.798800 -50.429798 DCRS-00086 2026-09-14_04:54 9.2 -999.9 -999.9 90.3 -999.9 -999.9 7.7 -999.9 -999.9 978.3 -999.9 -999.9 5.8 -999.9 8.3 0.0 0.0 0.0 0.0 0.0 39.4 41.8 9.9 8.6 90.3 81.1 9.9 DCRS_-_Bom_Jesus/Jaquirana_(606_m) -999.9 -999.9 980.5 971.6 978.3 7.8 6.6 0.0 Rio_Grande_do_Sul DCRS -999.9 0.0 0.0 601.04 601.08 600.96 0 0.0 601.28 601.96 601.96 601.96
-28.798800 -50.429798 DCRS-00086 2026-09-14_04:55 9.1 -999.9 -999.9 90.3 -999.9 -999.9 7.6 -999.9 -999.9 978.4 -999.9 -999.9 5.0 -999.9 7.6 0.0 0.0 0.0 0.0 0.0 39.4 41.8 9.9 8.6 90.3 81.1 9.9 DCRS_-_Bom_Jesus/Jaquirana_(606_m) -999.9 -999.9 980.5 971.6 978.4 7.8 6.6 0.0 Rio_Grande_do_Sul DCRS -999.9 0.0 0.0 601.03 601.08 600.96 0 0.02 601.28 601.96 601.96 601.96
-28.798800 -50.429798 DCRS-00086 2026-09-14_04:56 9.2 -999.9 -999.9 90.3 -999.9 -999.9 7.7 -999.9 -999.9 978.4 -999.9 -999.9 5.1 -999.9 7.6 0.0 0.0 0.0 0.0 0.0 39.4 41.8 9.9 8.6 90.3 81.1 9.9 DCRS_-_Bom_Jesus/Jaquirana_(606_m) -999.9 -999.9 980.5 971.6 978.4 7.8 6.6 0.0 Rio_Grande_do_Sul DCRS -999.9 0.0 0.0 601.03 601.08 600.96 0 0.0 601.28 601.96 601.96 601.96
-28.798800 -50.429798 DCRS-00086 2026-09-14_04:57 9.1 -999.9 -999.9 90.4 -999.9 -999.9 7.6 -999.9 -999.9 978.6 -999.9 -999.9 5.1 -999.9 7.6 0.0 0.0 0.0 0.0 0.0 39.4 41.8 9.9 8.6 90.4 81.1 9.9 DCRS_-_Bom_Jesus/Jaquirana_(606_m) -999.9 -999.9 980.5 971.6 978.6 7.8 6.6 0.0 Rio_Grande_do_Sul DCRS -999.9 0.0 0.0 601.04 601.08 600.96 0 0.03 601.28 601.96 601.96 601.96
-28.798800 -50.429798 DCRS-00086 2026-09-14_04:58 9.2 -999.9 -999.9 90.6 -999.9 -999.9 7.7 -999.9 -999.9 978.8 -999.9 -999.9 5.9 -999.9 7.6 0.0 0.0 0.0 0.0 0.0 39.4 41.8 9.9 8.6 90.6 81.1 9.9 DCRS_-_Bom_Jesus/Jaquirana_(606_m) -999.9 -999.9 980.5 971.6 978.8 7.8 6.6 0.0 Rio_Grande_do_Sul DCRS -999.9 0.0 0.0 601.02 601.08 600.96 0 0.01 601.28 601.96 601.96 601.96
-28.798800 -50.429798 DCRS-00086 2026-09-14_04:59 9.2 -999.9 -999.9 90.9 -999.9 -999.9 7.8 -999.9 -999.9 979.3 -999.9 -999.9 6.1 -999.9 7.6 0.0 0.0 0.0 0.0 0.0 39.4 41.8 9.9 8.6 90.9 81.1 9.9 DCRS_-_Bom_Jesus/Jaquirana_(606_m) -999.9 -999.9 980.5 971.6 979.3 7.8 6.6 0.0 Rio_Grande_do_Sul DCRS -999.9 0.0 0.0 601.05 601.08 600.96 0 0.01 601.28 601.96 601.96 601.96
-28.798800 -50.429798 DCRS-00086 2026-09-14_05:00 9.2 -999.9 -999.9 90.9 -999.9 -999.9 7.8 -999.9 -999.9 979.5 -999.9 -999.9 5.5 -999.9 6.2 0.0 0.0 0.0 0.0 0.0 39.4 41.8 9.9 8.6 90.9 81.1 9.9 DCRS_-_Bom_Jesus/Jaquirana_(606_m) -999.9 -999.9 980.5 971.6 979.5 7.8 6.6 0.0 Rio_Grande_do_Sul DCRS -999.9 0.0 0.0 601.01 601.08 600.96 0 -0.03 601.28 601.96 601.96 601.96
-28.798800 -50.429798 DCRS-00086 2026-09-14_05:01 9.2 -999.9 -999.9 91.0 -999.9 -999.9 7.8 -999.9 -999.9 979.7 -999.9 -999.9 6.0 -999.9 6.2 0.0 0.0 0.0 0.0 0.0 39.4 41.8 9.9 8.6 91.0 81.1 9.9 DCRS_-_Bom_Jesus/Jaquirana_(606_m) -999.9 -999.9 980.5 971.6 979.7 7.8 6.6 0.0 Rio_Grande_do_Sul DCRS -999.9 0.0 0.0 601.04 601.08 600.96 0 0.0 601.28 601.96 601.96 601.96
-28.798800 -50.429798 DCRS-00086 2026-09-14_05:02 9.2 -999.9 -999.9 91.0 -999.9 -999.9 7.8 -999.9 -999.9 979.9 -999.9 -999.9 5.9 -999.9 6.2 0.0 0.0 0.0 0.0 0.0 39.4 41.8 9.9 8.6 91.0 81.1 9.9 DCRS_-_Bom_Jesus/Jaquirana_(606_m) -999.9 -999.9 980.5 971.6 979.9 7.8 6.6 0.0 Rio_Grande_do_Sul DCRS -999.9 0.0 0.0 601.02 601.08 600.96 0 -0.01 601.28 601.96 601.96 601.96
-28.798800 -50.429798 DCRS-00086 2026-09-14_05:03 9.2 -999.9 -999.9 91.1 -999.9 -999.9 7.8 -999.9 -999.9 980.0 -999.9 -999.9 6.0 -999.9 6.2 0.0 0.0 0.0 0.0 0.0 39.4 41.8 9.9 8.6 91.1 81.1 9.9 DCRS_-_Bom_Jesus/Jaquirana_(606_m) -999.9 -999.9 980.5 971.6 980.0 7.8 6.6 0.0 Rio_Grande_do_Sul DCRS -999.9 0.0 0.0 601.01 601.08 600.96 0 -0.02 601.28 601.96 601.96 601.96
-28.798800 -50.429798 DCRS-00086 2026-09-14_05:04 9.2 -999.9 -999.9 91.2 -999.9 -999.9 7.8 -999.9 -999.9 980.1 -999.9 -999.9 5.9 -999.9 6.2 0.0 0.0 0.0 0.0 0.0 39.4 41.8 9.9 8.6 91.2 81.1 9.9 DCRS_-_Bom_Jesus/Jaquirana_(606_m) -999.9 -999.9 980.5 971.6 980.1 7.8 6.6 0.0 Rio_Grande_do_Sul DCRS -999.9 0.0 0.0 601.01 601.08 600.96 0 -0.05 601.28 601.96 601.96 601.96
-28.798800 -50.429798 DCRS-00086 2026-09-14_05:05 9.2 -999.9 -999.9 91.0 -999.9 -999.9 7.8 -999.9 -999.9 980.1 -999.9 -999.9 6.1 -999.9 6.5 0.0 0.0 0.0 0.0 0.0 39.4 41.8 9.9 8.6 91.2 81.1 9.9 DCRS_-_Bom_Jesus/Jaquirana_(606_m) -999.9 -999.9 980.5 971.6 980.1 7.8 6.6 0.0 Rio_Grande_do_Sul DCRS -999.9 0.0 0.0 601.04 601.08 600.96 -1 -0.02 601.28 601.96 601.96 601.96
-28.798800 -50.429798 DCRS-00086 2026-09-14_05:06 9.2 -999.9 -999.9 91.0 -999.9 -999.9 7.8 -999.9 -999.9 980.1 -999.9 -999.9 6.1 -999.9 6.5 0.0 0.0 0.0 0.0 0.0 39.4 41.8 9.9 8.6 91.2 81.1 9.9 DCRS_-_Bom_Jesus/Jaquirana_(606_m) -999.9 -999.9 980.5 971.6 980.1 7.8 6.6 0.0 Rio_Grande_do_Sul DCRS -999.9 0.0 0.0 601.03 601.08 600.96 0 -0.01 601.28 601.96 601.96 601.96
-28.798800 -50.429798 DCRS-00086 2026-09-14_05:07 9.2 -999.9 -999.9 90.9 -999.9 -999.9 7.8 -999.9 -999.9 980.1 -999.9 -999.9 6.5 -999.9 6.5 0.0 0.0 0.0 0.0 0.0 39.4 41.8 9.9 8.6 91.2 81.1 9.9 DCRS_-_Bom_Jesus/Jaquirana_(606_m) -999.9 -999.9 980.5 971.6 980.1 7.8 6.6 0.0 Rio_Grande_do_Sul DCRS -999.9 0.0 0.0 601.04 601.08 600.96 0 0.0 601.28 601.96 601.96 601.96
-28.798800 -50.429798 DCRS-00086 2026-09-14_05:08 9.3 -999.9 -999.9 91.0 -999.9 -999.9 7.9 -999.9 -999.9 980.0 -999.9 -999.9 6.2 -999.9 6.5 0.0 0.0 0.0 0.0 0.0 39.4 41.8 9.9 8.6 91.2 81.1 9.9 DCRS_-_Bom_Jesus/Jaquirana_(606_m) -999.9 -999.9 980.5 971.6 980.0 7.9 6.6 0.0 Rio_Grande_do_Sul DCRS -999.9 0.0 0.0 601.05 601.08 600.96 0 0.01 601.28 601.96 601.96 601.96
-28.798800 -50.429798 DCRS-00086 2026-09-14_05:09 9.2 -999.9 -999.9 91.0 -999.9 -999.9 7.8 -999.9 -999.9 980.0 -999.9 -999.9 5.5 -999.9 6.5 0.0 0.0 0.0 0.0 0.0 39.4 41.8 9.9 8.6 91.2 81.1 9.9 DCRS_-_Bom_Jesus/Jaquirana_(606_m) -999.9 -999.9 980.5 971.6 980.0 7.9 6.6 0.0 Rio_Grande_do_Sul DCRS -999.9 0.0 0.0 601.01 601.08 600.96 0 -0.02 601.28 601.96 601.96 601.96
-28.798800 -50.429798 DCRS-00086 2026-09-14_05:10 9.3 -999.9 -999.9 90.8 -999.9 -999.9 7.9 -999.9 -999.9 979.9 -999.9 -999.9 5.5 -999.9 6.6 0.0 0.0 0.0 0.0 0.0 39.4 41.8 9.9 8.6 91.2 81.1 9.9 DCRS_-_Bom_Jesus/Jaquirana_(606_m) -999.9 -999.9 980.5 971.6 979.9 7.9 6.6 0.0 Rio_Grande_do_Sul DCRS -999.9 0.0 0.0 601.04 601.08 600.96 0 0.02 601.28 601.96 601.96 601.96
-28.798800 -50.429798 DCRS-00086 2026-09-14_05:11 9.3 -999.9 -999.9 90.5 -999.9 -999.9 7.8 -999.9 -999.9 979.4 -999.9 -999.9 5.7 -999.9 6.6 0.0 0.0 0.0 0.0 0.0 39.4 41.8 9.9 8.6 91.2 81.1 9.9 DCRS_-_Bom_Jesus/Jaquirana_(606_m) -999.9 -999.9 980.5 971.6 979.4 7.9 6.6 0.0 Rio_Grande_do_Sul DCRS -999.9 0.0 0.0 601.03 601.08 600.96 0 0.0 601.28 601.96 601.96 601.96
-28.798800 -50.429798 DCRS-00086 2026-09-14_05:12 9.2 -999.9 -999.9 90.3 -999.9 -999.9 7.7 -999.9 -999.9 979.0 -999.9 -999.9 6.0 -999.9 6.6 0.0 0.0 0.0 0.0 0.0 39.4 41.8 9.9 8.6 91.2 81.1 9.9 DCRS_-_Bom_Jesus/Jaquirana_(606_m) -999.9 -999.9 980.5 971.6 979.0 7.9 6.6 0.0 Rio_Grande_do_Sul DCRS -999.9 0.0 0.0 601.03 601.08 600.96 0 0.0 601.28 601.96 601.96 601.96
-28.798800 -50.429798 DCRS-00086 2026-09-14_05:13 9.2 -999.9 -999.9 90.2 -999.9 -999.9 7.7 -999.9 -999.9 978.7 -999.9 -999.9 4.8 -999.9 6.6 0.0 0.0 0.0 0.0 0.0 39.4 41.8 9.9 8.6 91.2 81.1 9.9 DCRS_-_Bom_Jesus/Jaquirana_(606_m) -999.9 -999.9 980.5 971.6 978.7 7.9 6.6 0.0 Rio_Grande_do_Sul DCRS -999.9 0.0 0.0 601.02 601.08 600.96 0 -0.02 601.28 601.96 601.96 601.96
-28.798800 -50.429798 DCRS-00086 2026-09-14_05:14 9.2 -999.9 -999.9 90.2 -999.9 -999.9 7.7 -999.9 -999.9 978.4 -999.9 -999.9 5.9 -999.9 6.6 0.0 0.0 0.0 0.0 0.0 39.4 41.8 9.9 8.6 91.2 81.1 9.9 DCRS_-_Bom_Jesus/Jaquirana_(606_m) -999.9 -999.9 980.5 971.6 978.4 7.9 6.6 0.0 Rio_Grande_do_Sul DCRS -999.9 0.0 0.0 601.03 601.08 600.96 0 0.07 601.28 601.96 601.96 601.96
-28.798800 -50.429798 DCRS-00086 2026-09-14_05:15 9.3 -999.9 -999.9 90.2 -999.9 -999.9 7.8 -999.9 -999.9 978.4 -999.9 -999.9 5.4 -999.9 6.7 0.0 0.0 0.0 0.0 0.0 39.4 41.8 9.9 8.6 91.2 81.1 9.9 DCRS_-_Bom_Jesus/Jaquirana_(606_m) -999.9 -999.9 980.5 971.6 978.4 7.9 6.6 0.0 Rio_Grande_do_Sul DCRS -999.9 0.0 0.0 601.03 601.08 600.96 0 0.03 601.28 601.96 601.96 601.96
-28.798800 -50.429798 DCRS-00086 2026-09-14_05:16 9.2 -999.9 -999.9 90.3 -999.9 -999.9 7.7 -999.9 -999.9 978.5 -999.9 -999.9 5.6 -999.9 6.7 0.0 0.0 0.0 0.0 0.0 39.4 41.8 9.9 8.6 91.2 81.1 9.9 DCRS_-_Bom_Jesus/Jaquirana_(606_m) -999.9 -999.9 980.5 971.6 978.5 7.9 6.6 0.0 Rio_Grande_do_Sul DCRS -999.9 0.0 0.0 601.02 601.08 600.96 0 -0.02 601.28 601.96 601.96 601.96
-28.798800 -50.429798 DCRS-00086 2026-09-14_05:17 9.3 -999.9 -999.9 90.4 -999.9 -999.9 7.8 -999.9 -999.9 978.5 -999.9 -999.9 5.2 -999.9 6.7 0.0 0.0 0.0 0.0 0.0 39.4 41.8 9.9 8.6 91.2 81.1 9.9 DCRS_-_Bom_Jesus/Jaquirana_(606_m) -999.9 -999.9 980.5 971.6 978.5 7.9 6.6 0.0 Rio_Grande_do_Sul DCRS -999.9 0.0 0.0 601.04 601.08 600.96 0 0.0 601.28 601.96 601.96 601.96
-28.798800 -50.429798 DCRS-00086 2026-09-14_05:18 9.3 -999.9 -999.9 90.4 -999.9 -999.9 7.8 -999.9 -999.9 978.4 -999.9 -999.9 6.5 -999.9 6.7 0.0 0.0 0.0 0.0 0.0 39.4 41.8 9.9 8.6 91.2 81.1 9.9 DCRS_-_Bom_Jesus/Jaquirana_(606_m) -999.9 -999.9 980.5 971.6 978.4 7.9 6.6 0.0 Rio_Grande_do_Sul DCRS -999.9 0.0 0.0 601.04 601.08 600.96 0 0.0 601.28 601.96 601.96 601.96
-28.798800 -50.429798 DCRS-00086 2026-09-14_05:19 9.2 -999.9 -999.9 90.4 -999.9 -999.9 7.7 -999.9 -999.9 978.3 -999.9 -999.9 5.5 -999.9 6.7 0.0 0.0 0.0 0.0 0.0 39.4 41.8 9.9 8.6 91.2 81.1 9.9 DCRS_-_Bom_Jesus/Jaquirana_(606_m) -999.9 -999.9 980.5 971.6 978.3 7.9 6.6 0.0 Rio_Grande_do_Sul DCRS -999.9 0.0 0.0 601.02 601.08 600.96 0 -0.02 601.28 601.96 601.96 601.96
-28.798800 -50.429798 DCRS-00086 2026-09-14_05:20 9.2 -999.9 -999.9 90.4 -999.9 -999.9 7.7 -999.9 -999.9 978.2 -999.9 -999.9 6.3 -999.9 7.0 0.0 0.0 0.0 0.0 0.0 39.4 41.8 9.9 8.6 91.2 81.1 9.9 DCRS_-_Bom_Jesus/Jaquirana_(606_m) -999.9 -999.9 980.5 971.6 978.2 7.9 6.6 0.0 Rio_Grande_do_Sul DCRS -999.9 0.0 0.0 601.03 601.08 600.96 0 -0.03 601.28 601.96 601.96 601.96
-28.798800 -50.429798 DCRS-00086 2026-09-14_05:21 9.3 -999.9 -999.9 90.5 -999.9 -999.9 7.8 -999.9 -999.9 978.3 -999.9 -999.9 6.1 -999.9 7.0 0.0 0.0 0.0 0.0 0.0 39.4 41.8 9.9 8.6 91.2 81.1 9.9 DCRS_-_Bom_Jesus/Jaquirana_(606_m) -999.9 -999.9 980.5 971.6 978.3 7.9 6.6 0.0 Rio_Grande_do_Sul DCRS -999.9 0.0 0.0 601.03 601.08 600.96 0 -0.01 601.28 601.96 601.96 601.96
-28.798800 -50.429798 DCRS-00086 2026-09-14_05:22 9.2 -999.9 -999.9 90.5 -999.9 -999.9 7.7 -999.9 -999.9 978.5 -999.9 -999.9 5.6 -999.9 7.0 0.0 0.0 0.0 0.0 0.0 39.4 41.8 9.9 8.6 91.2 81.1 9.9 DCRS_-_Bom_Jesus/Jaquirana_(606_m) -999.9 -999.9 980.5 971.6 978.5 7.9 6.6 0.0 Rio_Grande_do_Sul DCRS -999.9 0.0 0.0 601.01 601.08 600.96 0 -0.03 601.28 601.96 601.96 601.96
-28.798800 -50.429798 DCRS-00086 2026-09-14_05:23 9.3 -999.9 -999.9 90.6 -999.9 -999.9 7.8 -999.9 -999.9 978.6 -999.9 -999.9 5.5 -999.9 7.0 0.0 0.0 0.0 0.0 0.0 39.4 41.8 9.9 8.6 91.2 81.1 9.9 DCRS_-_Bom_Jesus/Jaquirana_(606_m) -999.9 -999.9 980.5 971.6 978.6 7.9 6.6 0.0 Rio_Grande_do_Sul DCRS -999.9 0.0 0.0 601.03 601.08 600.96 0 0.01 601.28 601.96 601.96 601.96
-28.798800 -50.429798 DCRS-00086 2026-09-14_05:24 9.2 -999.9 -999.9 90.8 -999.9 -999.9 7.8 -999.9 -999.9 978.8 -999.9 -999.9 5.5 -999.9 7.0 0.0 0.0 0.0 0.0 0.0 39.4 41.8 9.9 8.6 91.2 81.1 9.9 DCRS_-_Bom_Jesus/Jaquirana_(606_m) -999.9 -999.9 980.5 971.6 978.8 7.9 6.6 0.0 Rio_Grande_do_Sul DCRS -999.9 0.0 0.0 601.03 601.08 600.96 0 -0.02 601.28 601.96 601.96 601.96
-28.798800 -50.429798 DCRS-00086 2026-09-14_05:25 9.3 -999.9 -999.9 90.9 -999.9 -999.9 7.9 -999.9 -999.9 978.9 -999.9 -999.9 5.2 -999.9 6.7 0.0 0.0 0.0 0.0 0.0 39.4 41.8 9.9 8.6 91.2 81.1 9.9 DCRS_-_Bom_Jesus/Jaquirana_(606_m) -999.9 -999.9 980.5 971.6 978.9 7.9 6.6 0.0 Rio_Grande_do_Sul DCRS -999.9 0.0 0.0 601.04 601.08 600.96 0 0.0 601.28 601.96 601.96 601.96
-28.798800 -50.429798 DCRS-00086 2026-09-14_05:26 9.3 -999.9 -999.9 90.8 -999.9 -999.9 7.9 -999.9 -999.9 979.0 -999.9 -999.9 5.8 -999.9 6.7 0.0 0.0 0.0 0.0 0.0 39.4 41.8 9.9 8.6 91.2 81.1 9.9 DCRS_-_Bom_Jesus/Jaquirana_(606_m) -999.9 -999.9 980.5 971.6 979.0 7.9 6.6 0.0 Rio_Grande_do_Sul DCRS -999.9 0.0 0.0 601.01 601.08 600.96 0 -0.03 601.28 601.96 601.96 601.96
-28.798800 -50.429798 DCRS-00086 2026-09-14_05:27 9.3 -999.9 -999.9 90.9 -999.9 -999.9 7.9 -999.9 -999.9 979.0 -999.9 -999.9 5.9 -999.9 6.7 0.0 0.0 0.0 0.0 0.0 39.4 41.8 9.9 8.6 91.2 81.1 9.9 DCRS_-_Bom_Jesus/Jaquirana_(606_m) -999.9 -999.9 980.5 971.6 979.0 7.9 6.6 0.0 Rio_Grande_do_Sul DCRS -999.9 0.0 0.0 601.0 601.08 600.96 0 -0.02 601.28 601.96 601.96 601.96
-28.798800 -50.429798 DCRS-00086 2026-09-14_05:28 9.3 -999.9 -999.9 90.7 -999.9 -999.9 7.8 -999.9 -999.9 978.8 -999.9 -999.9 6.2 -999.9 6.7 0.0 0.0 0.0 0.0 0.0 39.4 41.8 9.9 8.6 91.2 81.1 9.9 DCRS_-_Bom_Jesus/Jaquirana_(606_m) -999.9 -999.9 980.5 971.6 978.8 7.9 6.6 0.0 Rio_Grande_do_Sul DCRS -999.9 0.0 0.0 601.04 601.08 600.96 0 0.01 601.28 601.96 601.96 601.96
-28.798800 -50.429798 DCRS-00086 2026-09-14_05:29 9.3 -999.9 -999.9 90.7 -999.9 -999.9 7.8 -999.9 -999.9 978.7 -999.9 -999.9 6.1 -999.9 6.7 0.0 0.0 0.0 0.0 0.0 39.4 41.8 9.9 8.6 91.2 81.1 9.9 DCRS_-_Bom_Jesus/Jaquirana_(606_m) -999.9 -999.9 980.5 971.6 978.7 7.9 6.6 0.0 Rio_Grande_do_Sul DCRS -999.9 0.0 0.0 601.02 601.08 600.96 0 0.0 601.28 601.96 601.96 601.96
-28.798800 -50.429798 DCRS-00086 2026-09-14_05:30 9.3 -999.9 -999.9 90.7 -999.9 -999.9 7.8 -999.9 -999.9 978.7 -999.9 -999.9 6.1 -999.9 6.4 0.0 0.0 0.0 0.0 0.0 39.4 41.8 9.9 8.6 91.2 81.1 9.9 DCRS_-_Bom_Jesus/Jaquirana_(606_m) -999.9 -999.9 980.5 971.6 978.7 7.9 6.6 0.0 Rio_Grande_do_Sul DCRS -999.9 0.0 0.0 601.04 601.08 600.96 0 0.0 601.28 601.96 601.96 601.96
-28.798800 -50.429798 DCRS-00086 2026-09-14_05:31 9.3 -999.9 -999.9 90.7 -999.9 -999.9 7.8 -999.9 -999.9 978.6 -999.9 -999.9 6.3 -999.9 6.4 0.0 0.0 0.0 0.0 0.0 39.4 41.8 9.9 8.6 91.2 81.1 9.9 DCRS_-_Bom_Jesus/Jaquirana_(606_m) -999.9 -999.9 980.5 971.6 978.6 7.9 6.6 0.0 Rio_Grande_do_Sul DCRS -999.9 0.0 0.0 601.03 601.08 600.96 0 -0.01 601.28 601.96 601.96 601.96
-28.798800 -50.429798 DCRS-00086 2026-09-14_05:32 9.3 -999.9 -999.9 90.7 -999.9 -999.9 7.8 -999.9 -999.9 978.6 -999.9 -999.9 -999.9 -999.9 6.4 0.0 0.0 0.0 0.0 0.0 39.4 41.8 9.9 8.6 91.2 81.1 9.9 DCRS_-_Bom_Jesus/Jaquirana_(606_m) -999.9 -999.9 980.5 971.6 978.6 7.9 6.6 0.0 Rio_Grande_do_Sul DCRS -999.9 0.0 0.0 600.99 601.08 600.96 0 -0.05 601.28 601.96 601.96 601.96
-28.798800 -50.429798 DCRS-00086 2026-09-14_05:33 9.2 -999.9 -999.9 90.6 -999.9 -999.9 -999.9 -999.9 -999.9 978.4 -999.9 -999.9 -999.9 -999.9 6.4 0.0 0.0 0.0 0.0 0.0 39.4 41.8 9.9 8.6 91.2 81.1 9.9 DCRS_-_Bom_Jesus/Jaquirana_(606_m) -999.9 -999.9 980.5 971.6 978.4 7.9 6.6 0.0 Rio_Grande_do_Sul DCRS -999.9 0.0 0.0 601.02 601.08 600.96 0 -0.01 601.28 601.96 601.96 601.96
-28.798800 -50.429798 DCRS-00086 2026-09-14_05:34 9.2 -999.9 -999.9 90.5 -999.9 -999.9 7.7 -999.9 -999.9 978.2 -999.9 -999.9 -999.9 -999.9 6.4 0.0 0.0 0.0 0.0 0.0 39.4 41.8 9.9 8.6 91.2 81.1 9.9 DCRS_-_Bom_Jesus/Jaquirana_(606_m) -999.9 -999.9 980.5 971.6 978.2 7.9 6.6 0.0 Rio_Grande_do_Sul DCRS -999.9 0.0 0.0 601.03 601.08 600.96 0 -0.02 601.28 601.96 601.96 601.96
-28.798800 -50.429798 DCRS-00086 2026-09-14_05:35 9.2 -999.9 -999.9 90.7 -999.9 -999.9 7.7 -999.9 -999.9 978.1 -999.9 -999.9 6.1 -999.9 8.0 0.0 0.0 0.0 0.0 0.0 39.4 41.8 9.9 8.6 91.2 81.1 9.9 DCRS_-_Bom_Jesus/Jaquirana_(606_m) -999.9 -999.9 980.5 971.6 978.1 7.9 6.6 0.0 Rio_Grande_do_Sul DCRS -999.9 0.0 0.0 601.02 601.08 600.96 0 0.01 601.28 601.96 601.96 601.96
-28.798800 -50.429798 DCRS-00086 2026-09-14_05:36 9.2 -999.9 -999.9 90.7 -999.9 -999.9 7.7 -999.9 -999.9 978.1 -999.9 -999.9 7.4 -999.9 8.0 0.0 0.0 0.0 0.0 0.0 39.4 41.8 9.9 8.6 91.2 81.1 9.9 DCRS_-_Bom_Jesus/Jaquirana_(606_m) -999.9 -999.9 980.5 971.6 978.1 7.9 6.6 0.0 Rio_Grande_do_Sul DCRS -999.9 0.0 0.0 600.99 601.08 600.96 0 -0.02 601.28 601.96 601.96 601.96
-28.798800 -50.429798 DCRS-00086 2026-09-14_05:37 9.2 -999.9 -999.9 90.6 -999.9 -999.9 7.7 -999.9 -999.9 978.0 -999.9 -999.9 5.8 -999.9 8.0 0.0 0.0 0.0 0.0 0.0 39.4 41.8 9.9 8.6 91.2 81.1 9.9 DCRS_-_Bom_Jesus/Jaquirana_(606_m) -999.9 -999.9 980.5 971.6 978.0 7.9 6.6 0.0 Rio_Grande_do_Sul DCRS -999.9 0.0 0.0 601.04 601.08 600.96 0 0.02 601.28 601.96 601.96 601.96
-28.798800 -50.429798 DCRS-00086 2026-09-14_05:38 9.2 -999.9 -999.9 90.8 -999.9 -999.9 7.8 -999.9 -999.9 978.1 -999.9 -999.9 6.5 -999.9 8.0 0.0 0.0 0.0 0.0 0.0 39.4 41.8 9.9 8.6 91.2 81.1 9.9 DCRS_-_Bom_Jesus/Jaquirana_(606_m) -999.9 -999.9 980.5 971.6 978.1 7.9 6.6 0.0 Rio_Grande_do_Sul DCRS -999.9 0.0 0.0 601.04 601.08 600.96 0 0.01 601.28 601.96 601.96 601.96
-28.798800 -50.429798 DCRS-00086 2026-09-14_05:39 9.2 -999.9 -999.9 90.9 -999.9 -999.9 7.8 -999.9 -999.9 978.1 -999.9 -999.9 7.0 -999.9 8.0 0.0 0.0 0.0 0.0 0.0 39.4 41.8 9.9 8.6 91.2 81.1 9.9 DCRS_-_Bom_Jesus/Jaquirana_(606_m) -999.9 -999.9 980.5 971.6 978.1 7.9 6.6 0.0 Rio_Grande_do_Sul DCRS -999.9 0.0 0.0 601.03 601.08 600.96 0 0.01 601.28 601.96 601.96 601.96
-28.798800 -50.429798 DCRS-00086 2026-09-14_05:40 9.2 -999.9 -999.9 91.0 -999.9 -999.9 7.8 -999.9 -999.9 978.3 -999.9 -999.9 7.1 -999.9 7.7 0.0 0.0 0.0 0.0 0.0 39.4 41.8 9.9 8.6 91.2 81.1 9.9 DCRS_-_Bom_Jesus/Jaquirana_(606_m) -999.9 -999.9 980.5 971.6 978.3 7.9 6.6 0.0 Rio_Grande_do_Sul DCRS -999.9 0.0 0.0 601.04 601.08 600.96 0 0.03 601.28 601.96 601.96 601.96
-28.798800 -50.429798 DCRS-00086 2026-09-14_05:41 9.1 -999.9 -999.9 91.1 -999.9 -999.9 7.7 -999.9 -999.9 978.4 -999.9 -999.9 6.8 -999.9 7.7 0.0 0.0 0.0 0.0 0.0 39.4 41.8 9.9 8.6 91.2 81.1 9.9 DCRS_-_Bom_Jesus/Jaquirana_(606_m) -999.9 -999.9 980.5 971.6 978.4 7.9 6.6 0.0 Rio_Grande_do_Sul DCRS -999.9 0.0 0.0 601.04 601.08 600.96 0 0.02 601.28 601.96 601.96 601.96
-28.798800 -50.429798 DCRS-00086 2026-09-14_05:42 9.2 -999.9 -999.9 91.2 -999.9 -999.9 7.8 -999.9 -999.9 978.7 -999.9 -999.9 6.3 -999.9 7.7 0.0 0.0 0.0 0.0 0.0 39.4 41.8 9.9 8.6 91.2 81.1 9.9 DCRS_-_Bom_Jesus/Jaquirana_(606_m) -999.9 -999.9 980.5 971.6 978.7 7.9 6.6 0.0 Rio_Grande_do_Sul DCRS -999.9 0.0 0.0 601.03 601.08 600.96 0 0.03 601.28 601.96 601.96 601.96
-28.798800 -50.429798 DCRS-00086 2026-09-14_05:43 9.2 -999.9 -999.9 91.3 -999.9 -999.9 7.8 -999.9 -999.9 978.8 -999.9 -999.9 5.3 -999.9 7.7 0.0 0.0 0.0 0.0 0.0 39.4 41.8 9.9 8.6 91.3 81.1 9.9 DCRS_-_Bom_Jesus/Jaquirana_(606_m) -999.9 -999.9 980.5 971.6 978.8 7.9 6.6 0.0 Rio_Grande_do_Sul DCRS -999.9 0.0 0.0 601.03 601.08 600.96 0 0.03 601.28 601.96 601.96 601.96
-28.798800 -50.429798 DCRS-00086 2026-09-14_05:44 9.2 -999.9 -999.9 91.3 -999.9 -999.9 7.8 -999.9 -999.9 978.9 -999.9 -999.9 6.5 -999.9 7.7 0.0 0.0 0.0 0.0 0.0 39.4 41.8 9.9 8.6 91.3 81.1 9.9 DCRS_-_Bom_Jesus/Jaquirana_(606_m) -999.9 -999.9 980.5 971.6 978.9 7.9 6.6 0.0 Rio_Grande_do_Sul DCRS -999.9 0.0 0.0 601.0 601.08 600.96 0 -0.03 601.28 601.96 601.96 601.96
-28.798800 -50.429798 DCRS-00086 2026-09-14_05:45 9.1 -999.9 -999.9 91.3 -999.9 -999.9 7.7 -999.9 -999.9 978.9 -999.9 -999.9 7.5 -999.9 8.3 0.0 0.0 0.0 0.0 0.0 39.4 41.8 9.9 8.6 91.3 81.1 9.9 DCRS_-_Bom_Jesus/Jaquirana_(606_m) -999.9 -999.9 980.5 971.6 978.9 7.9 6.6 0.0 Rio_Grande_do_Sul DCRS -999.9 0.0 0.0 601.04 601.08 600.96 0 0.01 601.28 601.96 601.96 601.96
-28.798800 -50.429798 DCRS-00086 2026-09-14_05:46 9.1 -999.9 -999.9 91.3 -999.9 -999.9 7.7 -999.9 -999.9 978.9 -999.9 -999.9 7.3 -999.9 8.3 0.0 0.0 0.0 0.0 0.0 39.4 41.8 9.9 8.6 91.3 81.1 9.9 DCRS_-_Bom_Jesus/Jaquirana_(606_m) -999.9 -999.9 980.5 971.6 978.9 7.9 6.6 0.0 Rio_Grande_do_Sul DCRS -999.9 0.0 0.0 601.03 601.08 600.96 0 0.0 601.28 601.96 601.96 601.96
-28.798800 -50.429798 DCRS-00086 2026-09-14_05:47 9.1 -999.9 -999.9 91.3 -999.9 -999.9 7.7 -999.9 -999.9 979.0 -999.9 -999.9 6.7 -999.9 8.3 0.0 0.0 0.0 0.0 0.0 39.4 41.8 9.9 8.6 91.3 81.1 9.9 DCRS_-_Bom_Jesus/Jaquirana_(606_m) -999.9 -999.9 980.5 971.6 979.0 7.9 6.6 0.0 Rio_Grande_do_Sul DCRS -999.9 0.0 0.0 601.03 601.08 600.96 0 0.0 601.28 601.96 601.96 601.96
-28.798800 -50.429798 DCRS-00086 2026-09-14_05:48 9.2 -999.9 -999.9 91.4 -999.9 -999.9 7.9 -999.9 -999.9 979.1 -999.9 -999.9 6.5 -999.9 8.3 0.0 0.0 0.0 0.0 0.0 39.4 41.8 9.9 8.6 91.4 81.1 9.9 DCRS_-_Bom_Jesus/Jaquirana_(606_m) -999.9 -999.9 980.5 971.6 979.1 7.9 6.6 0.0 Rio_Grande_do_Sul DCRS -999.9 0.0 0.0 601.02 601.08 600.96 0 -0.02 601.28 601.96 601.96 601.96
-28.798800 -50.429798 DCRS-00086 2026-09-14_05:49 9.1 -999.9 -999.9 91.5 -999.9 -999.9 7.8 -999.9 -999.9 979.2 -999.9 -999.9 6.5 -999.9 8.3 0.0 0.0 0.0 0.0 0.0 39.4 41.8 9.9 8.6 91.5 81.1 9.9 DCRS_-_Bom_Jesus/Jaquirana_(606_m) -999.9 -999.9 980.5 971.6 979.2 7.9 6.6 0.0 Rio_Grande_do_Sul DCRS -999.9 0.0 0.0 601.03 601.08 600.96 0 0.03 601.28 601.96 601.96 601.96
-28.798800 -50.429798 DCRS-00086 2026-09-14_05:50 9.1 -999.9 -999.9 91.4 -999.9 -999.9 7.8 -999.9 -999.9 979.3 -999.9 -999.9 6.7 -999.9 8.8 0.0 0.0 0.0 0.0 0.0 39.4 41.8 9.9 8.6 91.5 81.1 9.9 DCRS_-_Bom_Jesus/Jaquirana_(606_m) -999.9 -999.9 980.5 971.6 979.3 7.9 6.6 0.0 Rio_Grande_do_Sul DCRS -999.9 0.0 0.0 601.0 601.08 600.96 0 -0.04 601.28 601.96 601.96 601.96
-28.798800 -50.429798 DCRS-00086 2026-09-14_05:51 9.1 -999.9 -999.9 91.5 -999.9 -999.9 7.8 -999.9 -999.9 979.3 -999.9 -999.9 6.5 -999.9 8.8 0.0 0.0 0.0 0.0 0.0 39.4 41.8 9.9 8.6 91.5 81.1 9.9 DCRS_-_Bom_Jesus/Jaquirana_(606_m) -999.9 -999.9 980.5 971.6 979.3 7.9 6.6 0.0 Rio_Grande_do_Sul DCRS -999.9 0.0 0.0 601.04 601.08 600.96 0 0.01 601.28 601.96 601.96 601.96
-28.798800 -50.429798 DCRS-00086 2026-09-14_05:52 9.1 -999.9 -999.9 91.7 -999.9 -999.9 7.8 -999.9 -999.9 979.5 -999.9 -999.9 6.2 -999.9 8.8 0.0 0.0 0.0 0.0 0.0 39.4 41.8 9.9 8.6 91.7 81.1 9.9 DCRS_-_Bom_Jesus/Jaquirana_(606_m) -999.9 -999.9 980.5 971.6 979.5 7.9 6.6 0.0 Rio_Grande_do_Sul DCRS -999.9 0.0 0.0 601.03 601.08 600.96 0 0.0 601.28 601.96 601.96 601.96
-28.798800 -50.429798 DCRS-00086 2026-09-14_05:53 9.2 -999.9 -999.9 91.7 -999.9 -999.9 7.9 -999.9 -999.9 979.7 -999.9 -999.9 6.0 -999.9 8.8 0.0 0.0 0.0 0.0 0.0 39.4 41.8 9.9 8.6 91.7 81.1 9.9 DCRS_-_Bom_Jesus/Jaquirana_(606_m) -999.9 -999.9 980.5 971.6 979.7 7.9 6.6 0.0 Rio_Grande_do_Sul DCRS -999.9 0.0 0.0 601.02 601.08 600.96 0 -0.03 601.28 601.96 601.96 601.96
-28.798800 -50.429798 DCRS-00086 2026-09-14_05:54 9.2 -999.9 -999.9 91.7 -999.9 -999.9 7.9 -999.9 -999.9 979.8 -999.9 -999.9 5.3 -999.9 8.8 0.0 0.0 0.0 0.0 0.0 39.4 41.8 9.9 8.6 91.7 81.1 9.9 DCRS_-_Bom_Jesus/Jaquirana_(606_m) -999.9 -999.9 980.5 971.6 979.8 7.9 6.6 0.0 Rio_Grande_do_Sul DCRS -999.9 0.0 0.0 601.0 601.08 600.96 0 -0.03 601.28 601.96 601.96 601.96
-28.798800 -50.429798 DCRS-00086 2026-09-14_05:55 9.2 -999.9 -999.9 91.6 -999.9 -999.9 7.9 -999.9 -999.9 979.9 -999.9 -999.9 6.2 -999.9 7.0 0.0 0.0 0.0 0.0 0.0 39.4 41.8 9.9 8.6 91.7 81.1 9.9 DCRS_-_Bom_Jesus/Jaquirana_(606_m) -999.9 -999.9 980.5 971.6 979.9 7.9 6.6 0.0 Rio_Grande_do_Sul DCRS -999.9 0.0 0.0 601.03 601.08 600.96 0 0.0 601.28 601.96 601.96 601.96
-28.798800 -50.429798 DCRS-00086 2026-09-14_05:56 9.2 -999.9 -999.9 91.7 -999.9 -999.9 7.9 -999.9 -999.9 980.0 -999.9 -999.9 5.4 -999.9 7.0 0.0 0.0 0.0 0.0 0.0 39.4 41.8 9.9 8.6 91.7 81.1 9.9 DCRS_-_Bom_Jesus/Jaquirana_(606_m) -999.9 -999.9 980.5 971.6 980.0 7.9 6.6 0.0 Rio_Grande_do_Sul DCRS -999.9 0.0 0.0 601.03 601.08 600.96 0 -0.01 601.28 601.96 601.96 601.96
-28.798800 -50.429798 DCRS-00086 2026-09-14_05:57 9.1 -999.9 -999.9 91.5 -999.9 -999.9 7.8 -999.9 -999.9 980.0 -999.9 -999.9 5.6 -999.9 7.0 0.0 0.0 0.0 0.0 0.0 39.4 41.8 9.9 8.6 91.7 81.1 9.9 DCRS_-_Bom_Jesus/Jaquirana_(606_m) -999.9 -999.9 980.5 971.6 980.0 7.9 6.6 0.0 Rio_Grande_do_Sul DCRS -999.9 0.0 0.0 601.01 601.08 600.96 0 -0.03 601.28 601.96 601.96 601.96
-28.798800 -50.429798 DCRS-00086 2026-09-14_05:58 9.2 -999.9 -999.9 91.5 -999.9 -999.9 7.9 -999.9 -999.9 979.9 -999.9 -999.9 5.4 -999.9 7.0 0.0 0.0 0.0 0.0 0.0 39.4 41.8 9.9 8.6 91.7 81.1 9.9 DCRS_-_Bom_Jesus/Jaquirana_(606_m) -999.9 -999.9 980.5 971.6 979.9 7.9 6.6 0.0 Rio_Grande_do_Sul DCRS -999.9 0.0 0.0 601.04 601.08 600.96 0 -0.01 601.28 601.96 601.96 601.96
-28.798800 -50.429798 DCRS-00086 2026-09-14_05:59 9.2 -999.9 -999.9 91.6 -999.9 -999.9 7.9 -999.9 -999.9 979.9 -999.9 -999.9 6.0 -999.9 7.0 0.0 0.0 0.0 0.0 0.0 39.4 41.8 9.9 8.6 91.7 81.1 9.9 DCRS_-_Bom_Jesus/Jaquirana_(606_m) -999.9 -999.9 980.5 971.6 979.9 7.9 6.6 0.0 Rio_Grande_do_Sul DCRS -999.9 0.0 0.0 601.03 601.08 600.96 0 -0.02 601.28 601.96 601.96 601.96
-28.798800 -50.429798 DCRS-00086 2026-09-14_06:00 9.3 -999.9 -999.9 91.6 -999.9 -999.9 8.0 -999.9 -999.9 979.9 -999.9 -999.9 5.5 -999.9 6.3 0.0 0.0 0.0 0.0 0.0 39.4 41.8 9.9 8.6 91.7 81.1 9.9 DCRS_-_Bom_Jesus/Jaquirana_(606_m) -999.9 -999.9 980.5 971.6 979.9 8.0 6.6 0.0 Rio_Grande_do_Sul DCRS -999.9 0.0 0.0 601.01 601.08 600.96 0 0.0 601.28 601.96 601.96 601.96
-28.798800 -50.429798 DCRS-00086 2026-09-14_06:01 9.2 -999.9 -999.9 91.6 -999.9 -999.9 7.9 -999.9 -999.9 979.9 -999.9 -999.9 5.2 -999.9 6.3 0.0 0.0 0.0 0.0 0.0 39.4 41.8 9.9 8.6 91.7 81.1 9.9 DCRS_-_Bom_Jesus/Jaquirana_(606_m) -999.9 -999.9 980.5 971.6 979.9 8.0 6.6 0.0 Rio_Grande_do_Sul DCRS -999.9 0.0 0.0 601.02 601.08 600.96 0 -0.02 601.28 601.96 601.96 601.96
-28.798800 -50.429798 DCRS-00086 2026-09-14_06:02 9.2 -999.9 -999.9 91.5 -999.9 -999.9 7.9 -999.9 -999.9 979.8 -999.9 -999.9 5.8 -999.9 6.3 0.0 0.0 0.0 0.0 0.0 39.4 41.8 9.9 8.6 91.7 81.1 9.9 DCRS_-_Bom_Jesus/Jaquirana_(606_m) -999.9 -999.9 980.5 971.6 979.8 8.0 6.6 0.0 Rio_Grande_do_Sul DCRS -999.9 0.0 0.0 601.03 601.08 600.96 0 0.01 601.28 601.96 601.96 601.96
-28.798800 -50.429798 DCRS-00086 2026-09-14_06:03 9.3 -999.9 -999.9 91.6 -999.9 -999.9 8.0 -999.9 -999.9 979.8 -999.9 -999.9 4.5 -999.9 6.3 0.0 0.0 0.0 0.0 0.0 39.4 41.8 9.9 8.6 91.7 81.1 9.9 DCRS_-_Bom_Jesus/Jaquirana_(606_m) -999.9 -999.9 980.5 971.6 979.8 8.0 6.6 0.0 Rio_Grande_do_Sul DCRS -999.9 0.0 0.0 601.03 601.08 600.96 0 0.02 601.28 601.96 601.96 601.96
-28.798800 -50.429798 DCRS-00086 2026-09-14_06:04 9.2 -999.9 -999.9 91.3 -999.9 -999.9 7.8 -999.9 -999.9 979.6 -999.9 -999.9 5.1 -999.9 6.3 0.0 0.0 0.0 0.0 0.0 39.4 41.8 9.9 8.6 91.7 81.1 9.9 DCRS_-_Bom_Jesus/Jaquirana_(606_m) -999.9 -999.9 980.5 971.6 979.6 8.0 6.6 0.0 Rio_Grande_do_Sul DCRS -999.9 0.0 0.0 601.02 601.08 600.96 0 0.01 601.28 601.96 601.96 601.96
-28.798800 -50.429798 DCRS-00086 2026-09-14_06:05 9.3 -999.9 -999.9 91.2 -999.9 -999.9 7.9 -999.9 -999.9 979.4 -999.9 -999.9 4.9 -999.9 5.9 0.0 0.0 0.0 0.0 0.0 39.4 41.8 9.9 8.6 91.7 81.1 9.9 DCRS_-_Bom_Jesus/Jaquirana_(606_m) -999.9 -999.9 980.5 971.6 979.4 8.0 6.6 0.0 Rio_Grande_do_Sul DCRS -999.9 0.0 0.0 601.02 601.08 600.96 0 -0.02 601.28 601.96 601.96 601.96
-28.798800 -50.429798 DCRS-00086 2026-09-14_06:06 9.2 -999.9 -999.9 91.0 -999.9 -999.9 7.8 -999.9 -999.9 979.1 -999.9 -999.9 5.3 -999.9 5.9 0.0 0.0 0.0 0.0 0.0 39.4 41.8 9.9 8.6 91.7 81.1 9.9 DCRS_-_Bom_Jesus/Jaquirana_(606_m) -999.9 -999.9 980.5 971.6 979.1 8.0 6.6 0.0 Rio_Grande_do_Sul DCRS -999.9 0.0 0.0 601.01 601.08 600.96 0 -0.02 601.28 601.96 601.96 601.96
-28.798800 -50.429798 DCRS-00086 2026-09-14_06:07 9.2 -999.9 -999.9 90.9 -999.9 -999.9 7.8 -999.9 -999.9 978.8 -999.9 -999.9 5.9 -999.9 5.9 0.0 0.0 0.0 0.0 0.0 39.4 41.8 9.9 8.6 91.7 81.1 9.9 DCRS_-_Bom_Jesus/Jaquirana_(606_m) -999.9 -999.9 980.5 971.6 978.8 8.0 6.6 0.0 Rio_Grande_do_Sul DCRS -999.9 0.0 0.0 601.01 601.08 600.96 0 -0.04 601.28 601.96 601.96 601.96
-28.798800 -50.429798 DCRS-00086 2026-09-14_06:08 9.2 -999.9 -999.9 91.0 -999.9 -999.9 7.8 -999.9 -999.9 978.7 -999.9 -999.9 -999.9 -999.9 5.9 0.0 0.0 0.0 0.0 0.0 39.4 41.8 9.9 8.6 91.7 81.1 9.9 DCRS_-_Bom_Jesus/Jaquirana_(606_m) -999.9 -999.9 980.5 971.6 978.7 8.0 6.6 0.0 Rio_Grande_do_Sul DCRS -999.9 0.0 0.0 601.02 601.08 600.96 0 -0.03 601.28 601.96 601.96 601.96
-28.798800 -50.429798 DCRS-00086 2026-09-14_06:09 9.2 -999.9 -999.9 91.0 -999.9 -999.9 7.8 -999.9 -999.9 978.8 -999.9 -999.9 5.8 -999.9 5.9 0.0 0.0 0.0 0.0 0.0 39.4 41.8 9.9 8.6 91.7 81.1 9.9 DCRS_-_Bom_Jesus/Jaquirana_(606_m) -999.9 -999.9 980.5 971.6 978.8 8.0 6.6 0.0 Rio_Grande_do_Sul DCRS -999.9 0.0 0.0 601.03 601.08 600.96 0 0.02 601.28 601.96 601.96 601.96
-28.798800 -50.429798 DCRS-00086 2026-09-14_06:10 9.3 -999.9 -999.9 90.8 -999.9 -999.9 7.9 -999.9 -999.9 978.5 -999.9 -999.9 5.3 -999.9 6.9 0.0 0.0 0.0 0.0 0.0 39.4 41.8 9.9 8.6 91.7 81.1 9.9 DCRS_-_Bom_Jesus/Jaquirana_(606_m) -999.9 -999.9 980.5 971.6 978.5 8.0 6.6 0.0 Rio_Grande_do_Sul DCRS -999.9 0.0 0.0 601.01 601.08 600.96 0 -0.02 601.28 601.96 601.96 601.96
-28.798800 -50.429798 DCRS-00086 2026-09-14_06:11 9.3 -999.9 -999.9 90.8 -999.9 -999.9 7.9 -999.9 -999.9 978.3 -999.9 -999.9 5.2 -999.9 6.9 0.0 0.0 0.0 0.0 0.0 39.4 41.8 9.9 8.6 91.7 81.1 9.9 DCRS_-_Bom_Jesus/Jaquirana_(606_m) -999.9 -999.9 980.5 971.6 978.3 8.0 6.6 0.0 Rio_Grande_do_Sul DCRS -999.9 0.0 0.0 601.02 601.08 600.96 0 -0.01 601.28 601.96 601.96 601.96
-28.798800 -50.429798 DCRS-00086 2026-09-14_06:12 9.3 -999.9 -999.9 90.7 -999.9 -999.9 7.8 -999.9 -999.9 978.2 -999.9 -999.9 5.5 -999.9 6.9 0.0 0.0 0.0 0.0 0.0 39.4 41.8 9.9 8.6 91.7 81.1 9.9 DCRS_-_Bom_Jesus/Jaquirana_(606_m) -999.9 -999.9 980.5 971.6 978.2 8.0 6.6 0.0 Rio_Grande_do_Sul DCRS -999.9 0.0 0.0 601.04 601.08 600.96 0 0.02 601.28 601.96 601.96 601.96
-28.798800 -50.429798 DCRS-00086 2026-09-14_06:13 9.3 -999.9 -999.9 90.7 -999.9 -999.9 7.8 -999.9 -999.9 978.0 -999.9 -999.9 5.8 -999.9 6.9 0.0 0.0 0.0 0.0 0.0 39.4 41.8 9.9 8.6 91.7 81.1 9.9 DCRS_-_Bom_Jesus/Jaquirana_(606_m) -999.9 -999.9 980.5 971.6 978.0 8.0 6.6 0.0 Rio_Grande_do_Sul DCRS -999.9 0.0 0.0 601.02 601.08 600.96 0 -0.01 601.28 601.96 601.96 601.96
-28.798800 -50.429798 DCRS-00086 2026-09-14_06:14 9.3 -999.9 -999.9 90.6 -999.9 -999.9 7.8 -999.9 -999.9 977.9 -999.9 -999.9 6.3 -999.9 6.9 0.0 0.0 0.0 0.0 0.0 39.4 41.8 9.9 8.6 91.7 81.1 9.9 DCRS_-_Bom_Jesus/Jaquirana_(606_m) -999.9 -999.9 980.5 971.6 977.9 8.0 6.6 0.0 Rio_Grande_do_Sul DCRS -999.9 0.0 0.0 601.04 601.08 600.96 0 0.01 601.28 601.96 601.96 601.96
-28.798800 -50.429798 DCRS-00086 2026-09-14_06:15 9.3 -999.9 -999.9 90.6 -999.9 -999.9 7.8 -999.9 -999.9 977.9 -999.9 -999.9 7.1 -999.9 7.1 0.0 0.0 0.0 0.0 0.0 39.4 41.8 9.9 8.6 91.7 81.1 9.9 DCRS_-_Bom_Jesus/Jaquirana_(606_m) -999.9 -999.9 980.5 971.6 977.9 8.0 6.6 0.0 Rio_Grande_do_Sul DCRS -999.9 0.0 0.0 601.02 601.08 600.96 0 0.0 601.28 601.96 601.96 601.96
-28.798800 -50.429798 DCRS-00086 2026-09-14_06:16 9.3 -999.9 -999.9 90.7 -999.9 -999.9 7.8 -999.9 -999.9 978.0 -999.9 -999.9 6.8 -999.9 7.1 0.0 0.0 0.0 0.0 0.0 39.4 41.8 9.9 8.6 91.7 81.1 9.9 DCRS_-_Bom_Jesus/Jaquirana_(606_m) -999.9 -999.9 980.5 971.6 978.0 8.0 6.6 0.0 Rio_Grande_do_Sul DCRS -999.9 0.0 0.0 601.01 601.08 600.96 0 -0.03 601.28 601.96 601.96 601.96
-28.798800 -50.429798 DCRS-00086 2026-09-14_06:17 9.3 -999.9 -999.9 90.8 -999.9 -999.9 7.9 -999.9 -999.9 978.0 -999.9 -999.9 6.7 -999.9 7.1 0.0 0.0 0.0 0.0 0.0 39.4 41.8 9.9 8.6 91.7 81.1 9.9 DCRS_-_Bom_Jesus/Jaquirana_(606_m) -999.9 -999.9 980.5 971.6 978.0 8.0 6.6 0.0 Rio_Grande_do_Sul DCRS -999.9 0.0 0.0 601.02 601.08 600.96 0 -0.02 601.28 601.96 601.96 601.96
-28.798800 -50.429798 DCRS-00086 2026-09-14_06:18 9.4 -999.9 -999.9 90.7 -999.9 -999.9 7.9 -999.9 -999.9 978.0 -999.9 -999.9 6.6 -999.9 7.1 0.0 0.0 0.0 0.0 0.0 39.4 41.8 9.9 8.6 91.7 81.1 9.9 DCRS_-_Bom_Jesus/Jaquirana_(606_m) -999.9 -999.9 980.5 971.6 978.0 8.0 6.6 0.0 Rio_Grande_do_Sul DCRS -999.9 0.0 0.0 601.01 601.08 600.96 0 -0.03 601.28 601.96 601.96 601.96
-28.798800 -50.429798 DCRS-00086 2026-09-14_06:19 9.3 -999.9 -999.9 90.5 -999.9 -999.9 7.8 -999.9 -999.9 977.8 -999.9 -999.9 5.9 -999.9 7.1 1.0 0.0 0.0 0.0 0.0 39.4 41.8 9.9 8.6 91.7 81.1 9.9 DCRS_-_Bom_Jesus/Jaquirana_(606_m) -999.9 -999.9 980.5 971.6 977.8 8.0 6.6 1.0 Rio_Grande_do_Sul DCRS -999.9 0.0 0.0 601.03 601.08 600.96 0 0.0 601.28 601.96 601.96 601.96
-28.798800 -50.429798 DCRS-00086 2026-09-14_06:20 9.3 -999.9 -999.9 90.7 -999.9 -999.9 7.8 -999.9 -999.9 977.8 -999.9 -999.9 6.1 -999.9 7.2 1.0 0.0 0.0 0.0 0.0 39.4 41.8 9.9 8.6 91.7 81.1 9.9 DCRS_-_Bom_Jesus/Jaquirana_(606_m) -999.9 -999.9 980.5 971.6 977.8 8.0 6.6 1.0 Rio_Grande_do_Sul DCRS -999.9 0.0 0.0 601.03 601.08 600.96 0 0.0 601.28 601.96 601.96 601.96
-28.798800 -50.429798 DCRS-00086 2026-09-14_06:21 9.4 -999.9 -999.9 90.7 -999.9 -999.9 7.9 -999.9 -999.9 977.8 -999.9 -999.9 6.2 -999.9 7.2 1.0 0.0 0.0 0.0 0.0 39.4 41.8 9.9 8.6 91.7 81.1 9.9 DCRS_-_Bom_Jesus/Jaquirana_(606_m) -999.9 -999.9 980.5 971.6 977.8 8.0 6.6 1.0 Rio_Grande_do_Sul DCRS -999.9 0.0 0.0 601.04 601.08 600.96 0 0.01 601.28 601.96 601.96 601.96
-28.798800 -50.429798 DCRS-00086 2026-09-14_06:22 9.4 -999.9 -999.9 90.6 -999.9 -999.9 7.9 -999.9 -999.9 977.8 -999.9 -999.9 6.7 -999.9 7.2 1.0 0.0 0.0 0.0 0.0 39.4 41.8 9.9 8.6 91.7 81.1 9.9 DCRS_-_Bom_Jesus/Jaquirana_(606_m) -999.9 -999.9 980.5 971.6 977.8 8.0 6.6 1.0 Rio_Grande_do_Sul DCRS -999.9 0.0 0.0 601.03 601.08 600.96 0 0.02 601.28 601.96 601.96 601.96
-28.798800 -50.429798 DCRS-00086 2026-09-14_06:23 9.4 -999.9 -999.9 90.6 -999.9 -999.9 7.9 -999.9 -999.9 977.7 -999.9 -999.9 5.9 -999.9 7.2 2.0 0.0 0.0 0.0 0.0 39.4 41.8 9.9 8.6 91.7 81.1 9.9 DCRS_-_Bom_Jesus/Jaquirana_(606_m) -999.9 -999.9 980.5 971.6 977.7 8.0 6.6 2.0 Rio_Grande_do_Sul DCRS -999.9 0.0 0.0 601.01 601.08 600.96 0 -0.02 601.28 601.96 601.96 601.96
-28.798800 -50.429798 DCRS-00086 2026-09-14_06:24 9.4 -999.9 -999.9 90.6 -999.9 -999.9 7.9 -999.9 -999.9 977.7 -999.9 -999.9 6.7 -999.9 7.2 2.0 0.0 0.0 0.0 0.0 39.4 41.8 9.9 8.6 91.7 81.1 9.9 DCRS_-_Bom_Jesus/Jaquirana_(606_m) -999.9 -999.9 980.5 971.6 977.7 8.0 6.6 2.0 Rio_Grande_do_Sul DCRS -999.9 0.0 0.0 601.01 601.08 600.96 0 -0.02 601.28 601.96 601.96 601.96
-28.798800 -50.429798 DCRS-00086 2026-09-14_06:25 9.4 -999.9 -999.9 90.5 -999.9 -999.9 7.9 -999.9 -999.9 977.5 -999.9 -999.9 6.3 -999.9 6.9 3.0 0.0 0.0 0.0 0.0 39.4 41.8 9.9 8.6 91.7 81.1 9.9 DCRS_-_Bom_Jesus/Jaquirana_(606_m) -999.9 -999.9 980.5 971.6 977.5 8.0 6.6 3.0 Rio_Grande_do_Sul DCRS -999.9 0.0 0.0 601.03 601.08 600.96 0 -0.01 601.28 601.96 601.96 601.96
-28.798800 -50.429798 DCRS-00086 2026-09-14_06:26 9.4 -999.9 -999.9 90.5 -999.9 -999.9 7.9 -999.9 -999.9 977.6 -999.9 -999.9 6.2 -999.9 6.9 3.0 0.0 0.0 0.0 0.0 39.4 41.8 9.9 8.6 91.7 81.1 9.9 DCRS_-_Bom_Jesus/Jaquirana_(606_m) -999.9 -999.9 980.5 971.6 977.6 8.0 6.6 3.0 Rio_Grande_do_Sul DCRS -999.9 0.0 0.0 601.03 601.08 600.96 0 0.02 601.28 601.96 601.96 601.96
-28.798800 -50.429798 DCRS-00086 2026-09-14_06:27 9.4 -999.9 -999.9 90.5 -999.9 -999.9 7.9 -999.9 -999.9 977.5 -999.9 -999.9 6.1 -999.9 6.9 4.0 0.0 0.0 0.0 0.0 39.4 41.8 9.9 8.6 91.7 81.1 9.9 DCRS_-_Bom_Jesus/Jaquirana_(606_m) -999.9 -999.9 980.5 971.6 977.5 8.0 6.6 4.0 Rio_Grande_do_Sul DCRS -999.9 0.0 0.0 600.97 601.08 600.96 0 -0.07 601.28 601.96 601.96 601.96
-28.798800 -50.429798 DCRS-00086 2026-09-14_06:28 9.4 -999.9 -999.9 90.4 -999.9 -999.9 7.9 -999.9 -999.9 977.4 -999.9 -999.9 6.0 -999.9 6.9 4.0 0.0 0.0 0.0 0.0 39.4 41.8 9.9 8.6 91.7 81.1 9.9 DCRS_-_Bom_Jesus/Jaquirana_(606_m) -999.9 -999.9 980.5 971.6 977.4 8.0 6.6 4.0 Rio_Grande_do_Sul DCRS -999.9 0.0 0.0 601.03 601.08 600.96 0 -0.01 601.28 601.96 601.96 601.96
-28.798800 -50.429798 DCRS-00086 2026-09-14_06:29 9.5 -999.9 -999.9 90.0 -999.9 -999.9 7.9 -999.9 -999.9 977.0 -999.9 -999.9 6.2 -999.9 6.9 5.0 0.0 0.0 0.0 0.0 39.4 41.8 9.9 8.6 91.7 81.1 9.9 DCRS_-_Bom_Jesus/Jaquirana_(606_m) -999.9 -999.9 980.5 971.6 977.0 8.0 6.6 5.0 Rio_Grande_do_Sul DCRS -999.9 0.0 0.0 601.02 601.08 600.96 0 0.0 601.28 601.96 601.96 601.96
-28.798800 -50.429798 DCRS-00086 2026-09-14_06:30 9.4 -999.9 -999.9 89.8 -999.9 -999.9 7.8 -999.9 -999.9 976.6 -999.9 -999.9 6.6 -999.9 6.7 5.0 0.0 0.0 0.0 0.0 39.4 41.8 9.9 8.6 91.7 81.1 9.9 DCRS_-_Bom_Jesus/Jaquirana_(606_m) -999.9 -999.9 980.5 971.6 976.6 8.0 6.6 5.0 Rio_Grande_do_Sul DCRS -999.9 0.0 0.0 601.02 601.08 600.96 0 -0.02 601.28 601.96 601.96 601.96
-28.798800 -50.429798 DCRS-00086 2026-09-14_06:31 9.4 -999.9 -999.9 89.6 -999.9 -999.9 7.8 -999.9 -999.9 976.1 -999.9 -999.9 6.0 -999.9 6.7 6.0 0.0 0.0 0.0 0.0 39.4 41.8 9.9 8.6 91.7 81.1 9.9 DCRS_-_Bom_Jesus/Jaquirana_(606_m) -999.9 -999.9 980.5 971.6 976.1 8.0 6.6 6.0 Rio_Grande_do_Sul DCRS -999.9 0.0 0.0 601.02 601.08 600.96 0 -0.01 601.28 601.96 601.96 601.96
-28.798800 -50.429798 DCRS-00086 2026-09-14_06:32 9.5 -999.9 -999.9 89.6 -999.9 -999.9 7.9 -999.9 -999.9 975.9 -999.9 -999.9 6.1 -999.9 6.7 7.0 0.0 0.0 0.0 0.0 39.4 41.8 9.9 8.6 91.7 81.1 9.9 DCRS_-_Bom_Jesus/Jaquirana_(606_m) -999.9 -999.9 980.5 971.6 975.9 8.0 6.6 7.0 Rio_Grande_do_Sul DCRS -999.9 0.0 0.0 601.01 601.08 600.96 0 -0.01 601.28 601.96 601.96 601.96
-28.798800 -50.429798 DCRS-00086 2026-09-14_06:33 9.5 -999.9 -999.9 89.6 -999.9 -999.9 7.9 -999.9 -999.9 975.8 -999.9 -999.9 6.1 -999.9 6.7 7.0 0.0 0.0 0.0 0.0 39.4 41.8 9.9 8.6 91.7 81.1 9.9 DCRS_-_Bom_Jesus/Jaquirana_(606_m) -999.9 -999.9 980.5 971.6 975.8 8.0 6.6 7.0 Rio_Grande_do_Sul DCRS -999.9 0.0 0.0 601.01 601.08 600.96 0 -0.01 601.28 601.96 601.96 601.96
-28.798800 -50.429798 DCRS-00086 2026-09-14_06:34 9.5 -999.9 -999.9 89.5 -999.9 -999.9 7.8 -999.9 -999.9 975.5 -999.9 -999.9 6.2 -999.9 6.7 8.0 0.0 0.0 0.0 0.0 39.4 41.8 9.9 8.6 91.7 81.1 9.9 DCRS_-_Bom_Jesus/Jaquirana_(606_m) -999.9 -999.9 980.5 971.6 975.5 8.0 6.6 8.0 Rio_Grande_do_Sul DCRS -999.9 0.0 0.0 601.04 601.08 600.96 0 0.02 601.28 601.96 601.96 601.96
-28.798800 -50.429798 DCRS-00086 2026-09-14_06:35 9.5 -999.9 -999.9 89.5 -999.9 -999.9 7.8 -999.9 -999.9 975.3 -999.9 -999.9 5.9 -999.9 6.8 10.0 0.0 0.0 0.0 0.0 39.4 41.8 9.9 8.6 91.7 81.1 9.9 DCRS_-_Bom_Jesus/Jaquirana_(606_m) -999.9 -999.9 980.5 971.6 975.3 8.0 6.6 10.0 Rio_Grande_do_Sul DCRS -999.9 0.0 0.0 601.02 601.08 600.96 0 0.0 601.28 601.96 601.96 601.96
-28.798800 -50.429798 DCRS-00086 2026-09-14_06:36 9.5 -999.9 -999.9 89.1 -999.9 -999.9 7.8 -999.9 -999.9 975.0 -999.9 -999.9 5.8 -999.9 6.8 10.0 0.0 0.0 0.0 0.0 39.4 41.8 9.9 8.6 91.7 81.1 9.9 DCRS_-_Bom_Jesus/Jaquirana_(606_m) -999.9 -999.9 980.5 971.6 975.0 8.0 6.6 10.0 Rio_Grande_do_Sul DCRS -999.9 0.0 0.0 601.01 601.08 600.96 -1 -0.03 601.28 601.96 601.96 601.96
-28.798800 -50.429798 DCRS-00086 2026-09-14_06:37 9.5 -999.9 -999.9 89.1 -999.9 -999.9 7.8 -999.9 -999.9 974.7 -999.9 -999.9 5.5 -999.9 6.8 10.0 0.0 0.0 0.0 0.0 39.4 41.8 9.9 8.6 91.7 81.1 9.9 DCRS_-_Bom_Jesus/Jaquirana_(606_m) -999.9 -999.9 980.5 971.6 974.7 8.0 6.6 10.0 Rio_Grande_do_Sul DCRS -999.9 0.0 0.0 601.03 601.08 600.96 -1 -0.01 601.28 601.96 601.96 601.96
-28.798800 -50.429798 DCRS-00086 2026-09-14_06:38 9.5 -999.9 -999.9 88.9 -999.9 -999.9 7.7 -999.9 -999.9 974.2 -999.9 -999.9 6.2 -999.9 6.8 10.0 0.0 0.0 0.0 0.0 39.4 41.8 9.9 8.6 91.7 81.1 9.9 DCRS_-_Bom_Jesus/Jaquirana_(606_m) -999.9 -999.9 980.5 971.6 974.2 8.0 6.6 10.0 Rio_Grande_do_Sul DCRS -999.9 0.0 0.0 601.0 601.08 600.96 -1 -0.04 601.28 601.96 601.96 601.96
-28.798800 -50.429798 DCRS-00086 2026-09-14_06:39 9.5 -999.9 -999.9 88.9 -999.9 -999.9 7.7 -999.9 -999.9 974.0 -999.9 -999.9 5.9 -999.9 6.8 10.0 0.0 0.0 0.0 0.0 39.4 41.8 9.9 8.6 91.7 81.1 9.9 DCRS_-_Bom_Jesus/Jaquirana_(606_m) -999.9 -999.9 980.5 971.6 974.0 8.0 6.6 10.0 Rio_Grande_do_Sul DCRS -999.9 0.0 0.0 601.0 601.08 600.96 -1 -0.04 601.28 601.96 601.96 601.96
-28.798800 -50.429798 DCRS-00086 2026-09-14_06:40 9.5 -999.9 -999.9 88.9 -999.9 -999.9 7.7 -999.9 -999.9 973.8 -999.9 -999.9 6.1 -999.9 6.4 10.0 0.0 0.0 0.0 0.0 39.4 41.8 9.9 8.6 91.7 81.1 9.9 DCRS_-_Bom_Jesus/Jaquirana_(606_m) -999.9 -999.9 980.5 971.6 973.8 8.0 6.6 10.0 Rio_Grande_do_Sul DCRS -999.9 0.0 0.0 601.02 601.08 600.96 -1 -0.02 601.28 601.96 601.96 601.96
-28.798800 -50.429798 DCRS-00086 2026-09-14_06:41 9.5 -999.9 -999.9 89.3 -999.9 -999.9 7.8 -999.9 -999.9 974.0 -999.9 -999.9 -999.9 -999.9 6.4 10.0 0.0 0.0 0.0 0.0 39.4 41.8 9.9 8.6 91.7 81.1 9.9 DCRS_-_Bom_Jesus/Jaquirana_(606_m) -999.9 -999.9 980.5 971.6 974.0 8.0 6.6 10.0 Rio_Grande_do_Sul DCRS -999.9 0.0 0.0 601.0 601.08 600.96 -1 -0.03 601.28 601.96 601.96 601.96
-28.798800 -50.429798 DCRS-00086 2026-09-14_06:42 9.6 -999.9 -999.9 89.5 -999.9 -999.9 7.9 -999.9 -999.9 974.3 -999.9 -999.9 5.5 -999.9 6.4 10.0 0.0 0.0 0.0 0.0 39.4 41.8 9.9 8.6 91.7 81.1 9.9 DCRS_-_Bom_Jesus/Jaquirana_(606_m) -999.9 -999.9 980.5 971.6 974.3 8.0 6.6 10.0 Rio_Grande_do_Sul DCRS -999.9 0.0 0.0 601.02 601.08 600.96 -1 -0.01 601.28 601.96 601.96 601.96
-28.798800 -50.429798 DCRS-00086 2026-09-14_06:43 9.6 -999.9 -999.9 89.6 -999.9 -999.9 8.0 -999.9 -999.9 974.6 -999.9 -999.9 4.0 -999.9 6.4 11.0 0.0 0.0 0.0 0.0 39.4 41.8 9.9 8.6 91.7 81.1 9.9 DCRS_-_Bom_Jesus/Jaquirana_(606_m) -999.9 -999.9 980.5 971.6 974.6 8.0 6.6 11.0 Rio_Grande_do_Sul DCRS -999.9 0.0 0.0 601.01 601.08 600.96 -1 -0.02 601.28 601.96 601.96 601.96
-28.798800 -50.429798 DCRS-00086 2026-09-14_06:44 9.6 -999.9 -999.9 89.5 -999.9 -999.9 7.9 -999.9 -999.9 974.6 -999.9 -999.9 4.4 -999.9 6.4 13.0 0.0 0.0 0.0 0.0 39.4 41.8 9.9 8.6 91.7 81.1 9.9 DCRS_-_Bom_Jesus/Jaquirana_(606_m) -999.9 -999.9 980.5 971.6 974.6 8.0 6.6 13.0 Rio_Grande_do_Sul DCRS -999.9 0.0 0.0 601.02 601.08 600.96 0 0.02 601.28 601.96 601.96 601.96
-28.798800 -50.429798 DCRS-00086 2026-09-14_06:45 9.5 -999.9 -999.9 89.7 -999.9 -999.9 7.9 -999.9 -999.9 974.5 -999.9 -999.9 2.6 -999.9 8.3 13.0 0.0 0.0 0.0 0.0 39.4 41.8 9.9 8.6 91.7 81.1 9.9 DCRS_-_Bom_Jesus/Jaquirana_(606_m) -999.9 -999.9 980.5 971.6 974.5 8.0 6.6 13.0 Rio_Grande_do_Sul DCRS -999.9 0.0 0.0 601.01 601.08 600.96 -1 -0.03 601.28 601.96 601.96 601.96
-28.798800 -50.429798 DCRS-00086 2026-09-14_06:46 9.5 -999.9 -999.9 89.7 -999.9 -999.9 7.9 -999.9 -999.9 974.6 -999.9 -999.9 4.3 -999.9 8.3 14.0 0.0 0.0 0.0 0.0 39.4 41.8 9.9 8.6 91.7 81.1 9.9 DCRS_-_Bom_Jesus/Jaquirana_(606_m) -999.9 -999.9 980.5 971.6 974.6 8.0 6.6 14.0 Rio_Grande_do_Sul DCRS -999.9 0.0 0.0 601.03 601.08 600.96 -1 0.0 601.28 601.96 601.96 601.96
-28.798800 -50.429798 DCRS-00086 2026-09-14_06:47 9.5 -999.9 -999.9 89.8 -999.9 -999.9 7.9 -999.9 -999.9 974.7 -999.9 -999.9 5.1 -999.9 8.3 15.0 0.0 0.0 0.0 0.0 39.4 41.8 9.9 8.6 91.7 81.1 9.9 DCRS_-_Bom_Jesus/Jaquirana_(606_m) -999.9 -999.9 980.5 971.6 974.7 8.0 6.6 15.0 Rio_Grande_do_Sul DCRS -999.9 0.0 0.0 601.04 601.08 600.96 0 0.01 601.28 601.96 601.96 601.96
-28.798800 -50.429798 DCRS-00086 2026-09-14_06:48 9.5 -999.9 -999.9 90.0 -999.9 -999.9 7.9 -999.9 -999.9 974.9 -999.9 -999.9 3.9 -999.9 8.3 16.0 0.0 0.0 0.0 0.0 39.4 41.8 9.9 8.6 91.7 81.1 9.9 DCRS_-_Bom_Jesus/Jaquirana_(606_m) -999.9 -999.9 980.5 971.6 974.9 8.0 6.6 16.0 Rio_Grande_do_Sul DCRS -999.9 0.0 0.0 601.02 601.08 600.96 0 -0.01 601.28 601.96 601.96 601.96
-28.798800 -50.429798 DCRS-00086 2026-09-14_06:49 9.6 -999.9 -999.9 90.0 -999.9 -999.9 8.0 -999.9 -999.9 975.1 -999.9 -999.9 4.5 -999.9 8.3 16.0 0.0 0.0 0.0 0.0 39.4 41.8 9.9 8.6 91.7 81.1 9.9 DCRS_-_Bom_Jesus/Jaquirana_(606_m) -999.9 -999.9 980.5 971.6 975.1 8.0 6.6 16.0 Rio_Grande_do_Sul DCRS -999.9 0.0 0.0 600.99 601.08 600.96 0 -0.01 601.28 601.96 601.96 601.96
-28.798800 -50.429798 DCRS-00086 2026-09-14_06:50 9.5 -999.9 -999.9 90.0 -999.9 -999.9 7.9 -999.9 -999.9 975.2 -999.9 -999.9 -999.9 -999.9 6.3 16.0 0.0 0.0 0.0 0.0 39.4 41.8 9.9 8.6 91.7 81.1 9.9 DCRS_-_Bom_Jesus/Jaquirana_(606_m) -999.9 -999.9 980.5 971.6 975.2 8.0 6.6 16.0 Rio_Grande_do_Sul DCRS -999.9 0.0 0.0 601.03 601.08 600.96 -1 -0.01 601.28 601.96 601.96 601.96
-28.798800 -50.429798 DCRS-00086 2026-09-14_06:51 9.6 -999.9 -999.9 90.0 -999.9 -999.9 8.0 -999.9 -999.9 975.3 -999.9 -999.9 6.3 -999.9 6.3 16.0 0.0 0.0 0.0 0.0 39.4 41.8 9.9 8.6 91.7 81.1 9.9 DCRS_-_Bom_Jesus/Jaquirana_(606_m) -999.9 -999.9 980.5 971.6 975.3 8.0 6.6 16.0 Rio_Grande_do_Sul DCRS -999.9 0.0 0.0 601.03 601.08 600.96 0 0.0 601.28 601.96 601.96 601.96
-28.798800 -50.429798 DCRS-00086 2026-09-14_06:52 9.5 -999.9 -999.9 90.0 -999.9 -999.9 7.9 -999.9 -999.9 975.3 -999.9 -999.9 6.1 -999.9 6.3 16.0 0.0 0.0 0.0 0.0 39.4 41.8 9.9 8.6 91.7 81.1 9.9 DCRS_-_Bom_Jesus/Jaquirana_(606_m) -999.9 -999.9 980.5 971.6 975.3 8.0 6.6 16.0 Rio_Grande_do_Sul DCRS -999.9 0.0 0.0 601.0 601.08 600.96 0 -0.03 601.28 601.96 601.96 601.96
-28.798800 -50.429798 DCRS-00086 2026-09-14_06:53 9.6 -999.9 -999.9 89.9 -999.9 -999.9 8.0 -999.9 -999.9 975.4 -999.9 -999.9 6.0 -999.9 6.3 16.0 0.0 0.0 0.0 0.0 39.4 41.8 9.9 8.6 91.7 81.1 9.9 DCRS_-_Bom_Jesus/Jaquirana_(606_m) -999.9 -999.9 980.5 971.6 975.4 8.0 6.6 16.0 Rio_Grande_do_Sul DCRS -999.9 0.0 0.0 601.0 601.08 600.96 0 0.0 601.28 601.96 601.96 601.96
-28.798800 -50.429798 DCRS-00086 2026-09-14_06:54 9.6 -999.9 -999.9 89.8 -999.9 -999.9 8.0 -999.9 -999.9 975.4 -999.9 -999.9 5.8 -999.9 6.3 16.0 0.0 0.0 0.0 0.0 39.4 41.8 9.9 8.6 91.7 81.1 9.9 DCRS_-_Bom_Jesus/Jaquirana_(606_m) -999.9 -999.9 980.5 971.6 975.4 8.0 6.6 16.0 Rio_Grande_do_Sul DCRS -999.9 0.0 0.0 601.0 601.08 600.96 0 0.0 601.28 601.96 601.96 601.96
-28.798800 -50.429798 DCRS-00086 2026-09-14_06:55 9.6 -999.9 -999.9 89.8 -999.9 -999.9 8.0 -999.9 -999.9 975.4 -999.9 -999.9 5.2 -999.9 6.9 16.0 0.0 0.0 0.0 0.0 39.4 41.8 9.9 8.6 91.7 81.1 9.9 DCRS_-_Bom_Jesus/Jaquirana_(606_m) -999.9 -999.9 980.5 971.6 975.4 8.0 6.6 16.0 Rio_Grande_do_Sul DCRS -999.9 0.0 0.0 601.01 601.08 600.96 -1 -0.02 601.28 601.96 601.96 601.96
-28.798800 -50.429798 DCRS-00086 2026-09-14_06:56 9.6 -999.9 -999.9 89.8 -999.9 -999.9 8.0 -999.9 -999.9 975.4 -999.9 -999.9 5.4 -999.9 6.9 17.0 0.0 0.0 0.0 0.0 39.4 41.8 9.9 8.6 91.7 81.1 9.9 DCRS_-_Bom_Jesus/Jaquirana_(606_m) -999.9 -999.9 980.5 971.6 975.4 8.0 6.6 17.0 Rio_Grande_do_Sul DCRS -999.9 0.0 0.0 601.02 601.08 600.96 -1 -0.01 601.28 601.96 601.96 601.96
-28.798800 -50.429798 DCRS-00086 2026-09-14_06:57 9.6 -999.9 -999.9 89.9 -999.9 -999.9 8.0 -999.9 -999.9 975.5 -999.9 -999.9 5.0 -999.9 6.9 17.0 0.0 0.0 0.0 0.0 39.4 41.8 9.9 8.6 91.7 81.1 9.9 DCRS_-_Bom_Jesus/Jaquirana_(606_m) -999.9 -999.9 980.5 971.6 975.5 8.0 6.6 17.0 Rio_Grande_do_Sul DCRS -999.9 0.0 0.0 601.02 601.08 600.96 -1 0.01 601.28 601.96 601.96 601.96
-28.798800 -50.429798 DCRS-00086 2026-09-14_06:58 9.7 -999.9 -999.9 90.0 -999.9 -999.9 8.1 -999.9 -999.9 975.7 -999.9 -999.9 5.1 -999.9 6.9 18.0 0.0 0.0 0.0 0.0 39.4 41.8 9.9 8.6 91.7 81.1 9.9 DCRS_-_Bom_Jesus/Jaquirana_(606_m) -999.9 -999.9 980.5 971.6 975.7 8.1 6.6 18.0 Rio_Grande_do_Sul DCRS -999.9 0.0 0.0 601.01 601.08 600.96 -1 -0.03 601.28 601.96 601.96 601.96
-28.798800 -50.429798 DCRS-00086 2026-09-14_06:59 9.7 -999.9 -999.9 90.1 -999.9 -999.9 8.1 -999.9 -999.9 975.9 -999.9 -999.9 5.2 -999.9 6.9 18.0 0.0 0.0 0.0 0.0 39.4 41.8 9.9 8.6 91.7 81.1 9.9 DCRS_-_Bom_Jesus/Jaquirana_(606_m) -999.9 -999.9 980.5 971.6 975.9 8.1 6.6 18.0 Rio_Grande_do_Sul DCRS -999.9 0.0 0.0 601.02 601.08 600.96 -1 -0.01 601.28 601.96 601.96 601.96
-28.798800 -50.429798 DCRS-00086 2026-09-14_07:00 9.7 -999.9 -999.9 89.8 -999.9 -999.9 8.1 -999.9 -999.9 975.8 -999.9 -999.9 -999.9 -999.9 6.0 18.0 0.0 0.0 0.0 0.0 39.4 41.8 9.9 8.6 91.7 81.1 9.9 DCRS_-_Bom_Jesus/Jaquirana_(606_m) -999.9 -999.9 980.5 971.6 975.8 8.1 6.6 18.0 Rio_Grande_do_Sul DCRS -999.9 0.0 0.0 601.02 601.08 600.96 -1 0.0 601.28 601.96 601.96 601.96
-28.798800 -50.429798 DCRS-00086 2026-09-14_07:01 9.7 -999.9 -999.9 89.7 -999.9 -999.9 8.1 -999.9 -999.9 975.5 -999.9 -999.9 5.6 -999.9 6.0 18.0 0.0 0.0 0.0 0.0 39.4 41.8 9.9 8.6 91.7 81.1 9.9 DCRS_-_Bom_Jesus/Jaquirana_(606_m) -999.9 -999.9 980.5 971.6 975.5 8.1 6.6 18.0 Rio_Grande_do_Sul DCRS -999.9 0.0 0.0 601.01 601.08 600.96 -1 -0.01 601.28 601.96 601.96 601.96
-28.798800 -50.429798 DCRS-00086 2026-09-14_07:02 9.7 -999.9 -999.9 89.2 -999.9 -999.9 8.0 -999.9 -999.9 975.0 -999.9 -999.9 -999.9 -999.9 6.0 19.0 0.0 0.0 0.0 0.0 39.4 41.8 9.9 8.6 91.7 81.1 9.9 DCRS_-_Bom_Jesus/Jaquirana_(606_m) -999.9 -999.9 980.5 971.6 975.0 8.1 6.6 19.0 Rio_Grande_do_Sul DCRS -999.9 0.0 0.0 601.01 601.08 600.96 -1 -0.02 601.28 601.96 601.96 601.96
-28.798800 -50.429798 DCRS-00086 2026-09-14_07:03 9.7 -999.9 -999.9 89.1 -999.9 -999.9 8.0 -999.9 -999.9 974.6 -999.9 -999.9 6.0 -999.9 6.0 20.0 0.0 0.0 0.0 0.0 39.4 41.8 9.9 8.6 91.7 81.1 9.9 DCRS_-_Bom_Jesus/Jaquirana_(606_m) -999.9 -999.9 980.5 971.6 974.6 8.1 6.6 20.0 Rio_Grande_do_Sul DCRS -999.9 0.0 0.0 600.99 601.08 600.96 -1 -0.04 601.28 601.96 601.96 601.96
-28.798800 -50.429798 DCRS-00086 2026-09-14_07:04 9.7 -999.9 -999.9 89.0 -999.9 -999.9 8.0 -999.9 -999.9 974.2 -999.9 -999.9 -999.9 -999.9 6.0 22.0 0.0 0.0 0.0 0.0 39.4 41.8 9.9 8.6 91.7 81.1 9.9 DCRS_-_Bom_Jesus/Jaquirana_(606_m) -999.9 -999.9 980.5 971.6 974.2 8.1 6.6 22.0 Rio_Grande_do_Sul DCRS -999.9 0.0 0.0 601.03 601.08 600.96 -1 0.01 601.28 601.96 601.96 601.96
-28.798800 -50.429798 DCRS-00086 2026-09-14_07:05 9.7 -999.9 -999.9 88.9 -999.9 -999.9 7.9 -999.9 -999.9 973.9 -999.9 -999.9 5.3 -999.9 6.9 24.0 0.0 0.0 0.0 0.0 39.4 41.8 9.9 8.6 91.7 81.1 9.9 DCRS_-_Bom_Jesus/Jaquirana_(606_m) -999.9 -999.9 980.5 971.6 973.9 8.1 6.6 24.0 Rio_Grande_do_Sul DCRS -999.9 0.0 0.0 601.02 601.08 600.96 0 0.01 601.28 601.96 601.96 601.96
-28.798800 -50.429798 DCRS-00086 2026-09-14_07:06 9.7 -999.9 -999.9 88.8 -999.9 -999.9 7.9 -999.9 -999.9 973.6 -999.9 -999.9 5.3 -999.9 6.9 27.0 0.0 0.0 0.0 0.0 39.4 41.8 9.9 8.6 91.7 81.1 9.9 DCRS_-_Bom_Jesus/Jaquirana_(606_m) -999.9 -999.9 980.5 971.6 973.6 8.1 6.6 27.0 Rio_Grande_do_Sul DCRS -999.9 0.0 0.0 601.0 601.08 600.96 0 -0.01 601.28 601.96 601.96 601.96
-28.798800 -50.429798 DCRS-00086 2026-09-14_07:07 9.7 -999.9 -999.9 88.5 -999.9 -999.9 7.9 -999.9 -999.9 973.1 -999.9 -999.9 5.0 -999.9 6.9 29.0 0.0 0.0 0.0 0.0 39.4 41.8 9.9 8.6 91.7 81.1 9.9 DCRS_-_Bom_Jesus/Jaquirana_(606_m) -999.9 -999.9 980.5 971.6 973.1 8.1 6.6 29.0 Rio_Grande_do_Sul DCRS -999.9 0.0 0.0 601.03 601.08 600.96 -1 0.02 601.28 601.96 601.96 601.96
-28.798800 -50.429798 DCRS-00086 2026-09-14_07:08 9.7 -999.9 -999.9 88.4 -999.9 -999.9 7.9 -999.9 -999.9 972.6 -999.9 -999.9 5.8 -999.9 6.9 32.0 0.0 0.0 0.0 0.0 39.4 41.8 9.9 8.6 91.7 81.1 9.9 DCRS_-_Bom_Jesus/Jaquirana_(606_m) -999.9 -999.9 980.5 971.6 972.6 8.1 6.6 32.0 Rio_Grande_do_Sul DCRS -999.9 0.0 0.0 601.03 601.08 600.96 -1 0.0 601.28 601.96 601.96 601.96
-28.798800 -50.429798 DCRS-00086 2026-09-14_07:09 9.7 -999.9 -999.9 88.6 -999.9 -999.9 7.9 -999.9 -999.9 972.6 -999.9 -999.9 5.5 -999.9 6.9 33.0 0.0 0.0 0.0 0.0 39.4 41.8 9.9 8.6 91.7 81.1 9.9 DCRS_-_Bom_Jesus/Jaquirana_(606_m) -999.9 -999.9 980.5 971.6 972.6 8.1 6.6 33.0 Rio_Grande_do_Sul DCRS -999.9 0.0 0.0 601.01 601.08 600.96 0 0.0 601.28 601.96 601.96 601.96
-28.798800 -50.429798 DCRS-00086 2026-09-14_07:10 9.7 -999.9 -999.9 88.8 -999.9 -999.9 7.9 -999.9 -999.9 972.7 -999.9 -999.9 5.4 -999.9 6.2 33.0 0.0 0.0 0.0 0.0 39.4 41.8 9.9 8.6 91.7 81.1 9.9 DCRS_-_Bom_Jesus/Jaquirana_(606_m) -999.9 -999.9 980.5 971.6 972.7 8.1 6.6 33.0 Rio_Grande_do_Sul DCRS -999.9 0.0 0.0 601.04 601.08 600.96 0 0.03 601.28 601.96 601.96 601.96
-28.798800 -50.429798 DCRS-00086 2026-09-14_07:11 9.7 -999.9 -999.9 88.7 -999.9 -999.9 7.9 -999.9 -999.9 972.7 -999.9 -999.9 6.1 -999.9 6.2 32.0 0.0 0.0 0.0 0.0 39.4 41.8 9.9 8.6 91.7 81.1 9.9 DCRS_-_Bom_Jesus/Jaquirana_(606_m) -999.9 -999.9 980.5 971.6 972.7 8.1 6.6 33.0 Rio_Grande_do_Sul DCRS -999.9 0.0 0.0 601.03 601.08 600.96 0 0.01 601.28 601.96 601.96 601.96
-28.798800 -50.429798 DCRS-00086 2026-09-14_07:12 9.8 -999.9 -999.9 88.5 -999.9 -999.9 8.0 -999.9 -999.9 972.5 -999.9 -999.9 5.8 -999.9 6.2 31.0 0.0 0.0 0.0 0.0 39.4 41.8 9.9 8.6 91.7 81.1 9.9 DCRS_-_Bom_Jesus/Jaquirana_(606_m) -999.9 -999.9 980.5 971.6 972.5 8.1 6.6 33.0 Rio_Grande_do_Sul DCRS -999.9 0.0 0.0 601.01 601.08 600.96 0 -0.01 601.28 601.96 601.96 601.96
-28.798800 -50.429798 DCRS-00086 2026-09-14_07:13 9.8 -999.9 -999.9 88.2 -999.9 -999.9 7.9 -999.9 -999.9 972.2 -999.9 -999.9 5.6 -999.9 6.2 30.0 0.0 0.0 0.0 0.0 39.4 41.8 9.9 8.6 91.7 81.1 9.9 DCRS_-_Bom_Jesus/Jaquirana_(606_m) -999.9 -999.9 980.5 971.6 972.2 8.1 6.6 33.0 Rio_Grande_do_Sul DCRS -999.9 0.0 0.0 601.03 601.08 600.96 0 0.01 601.28 601.96 601.96 601.96
-28.798800 -50.429798 DCRS-00086 2026-09-14_07:14 9.8 -999.9 -999.9 88.1 -999.9 -999.9 7.9 -999.9 -999.9 972.0 -999.9 -999.9 6.1 -999.9 6.2 30.0 0.0 0.0 0.0 0.0 39.4 41.8 9.9 8.6 91.7 81.1 9.9 DCRS_-_Bom_Jesus/Jaquirana_(606_m) -999.9 -999.9 980.5 971.6 972.0 8.1 6.6 33.0 Rio_Grande_do_Sul DCRS -999.9 0.0 0.0 601.0 601.08 600.96 0 -0.02 601.28 601.96 601.96 601.96
-28.798800 -50.429798 DCRS-00086 2026-09-14_07:15 9.8 -999.9 -999.9 88.1 -999.9 -999.9 7.9 -999.9 -999.9 971.8 -999.9 -999.9 5.6 -999.9 6.3 30.0 0.0 0.0 0.0 0.0 39.4 41.8 9.9 8.6 91.7 81.1 9.9 DCRS_-_Bom_Jesus/Jaquirana_(606_m) -999.9 -999.9 980.5 971.6 971.8 8.1 6.6 33.0 Rio_Grande_do_Sul DCRS -999.9 0.0 0.0 601.04 601.08 600.96 0 0.02 601.28 601.96 601.96 601.96
-28.798800 -50.429798 DCRS-00086 2026-09-14_07:16 9.8 -999.9 -999.9 88.0 -999.9 -999.9 7.9 -999.9 -999.9 971.6 -999.9 -999.9 5.7 -999.9 6.3 29.0 0.0 0.0 0.0 0.0 39.4 41.8 9.9 8.6 91.7 81.1 9.9 DCRS_-_Bom_Jesus/Jaquirana_(606_m) -999.9 -999.9 980.5 971.6 971.6 8.1 6.6 33.0 Rio_Grande_do_Sul DCRS -999.9 0.0 0.0 601.01 601.08 600.96 0 0.0 601.28 601.96 601.96 601.96
-28.798800 -50.429798 DCRS-00086 2026-09-14_07:17 9.8 -999.9 -999.9 87.9 -999.9 -999.9 7.9 -999.9 -999.9 971.3 -999.9 -999.9 5.8 -999.9 6.3 29.0 0.0 0.0 0.0 0.0 39.4 41.8 9.9 8.6 91.7 81.1 9.9 DCRS_-_Bom_Jesus/Jaquirana_(606_m) -999.9 -999.9 980.5 971.3 971.3 8.1 6.6 33.0 Rio_Grande_do_Sul DCRS -999.9 0.0 0.0 601.03 601.08 600.96 0 0.01 601.28 601.96 601.96 601.96
-28.798800 -50.429798 DCRS-00086 2026-09-14_07:18 9.8 -999.9 -999.9 88.0 -999.9 -999.9 7.9 -999.9 -999.9 971.2 -999.9 -999.9 5.8 -999.9 6.3 28.0 0.0 0.0 0.0 0.0 39.4 41.8 9.9 8.6 91.7 81.1 9.9 DCRS_-_Bom_Jesus/Jaquirana_(606_m) -999.9 -999.9 980.5 971.2 971.2 8.1 6.6 33.0 Rio_Grande_do_Sul DCRS -999.9 0.0 0.0 601.01 601.08 600.96 0 -0.02 601.28 601.96 601.96 601.96
-28.798800 -50.429798 DCRS-00086 2026-09-14_07:19 9.8 -999.9 -999.9 87.8 -999.9 -999.9 7.9 -999.9 -999.9 971.0 -999.9 -999.9 5.3 -999.9 6.3 29.0 0.0 0.0 0.0 0.0 39.4 41.8 9.9 8.6 91.7 81.1 9.9 DCRS_-_Bom_Jesus/Jaquirana_(606_m) -999.9 -999.9 980.5 971.0 971.0 8.1 6.6 33.0 Rio_Grande_do_Sul DCRS -999.9 0.0 0.0 601.04 601.08 600.96 0 0.01 601.28 601.96 601.96 601.96
-28.798800 -50.429798 DCRS-00086 2026-09-14_07:20 9.9 -999.9 -999.9 87.6 -999.9 -999.9 7.9 -999.9 -999.9 970.7 -999.9 -999.9 5.4 -999.9 6.1 31.0 0.0 0.0 0.0 0.0 39.4 41.8 9.9 8.6 91.7 81.1 9.9 DCRS_-_Bom_Jesus/Jaquirana_(606_m) -999.9 -999.9 980.5 970.7 970.7 8.1 6.6 33.0 Rio_Grande_do_Sul DCRS -999.9 0.0 0.0 601.01 601.08 600.96 0 -0.02 601.28 601.96 601.96 601.96
-28.798800 -50.429798 DCRS-00086 2026-09-14_07:21 9.8 -999.9 -999.9 87.4 -999.9 -999.9 7.8 -999.9 -999.9 970.2 -999.9 -999.9 5.1 -999.9 6.1 32.0 0.0 0.0 0.0 0.0 39.4 41.8 9.9 8.6 91.7 81.1 9.9 DCRS_-_Bom_Jesus/Jaquirana_(606_m) -999.9 -999.9 980.5 970.2 970.2 8.1 6.6 33.0 Rio_Grande_do_Sul DCRS -999.9 0.0 0.0 600.99 601.08 600.96 0 -0.05 601.28 601.96 601.96 601.96
-28.798800 -50.429798 DCRS-00086 2026-09-14_07:22 9.8 -999.9 -999.9 87.5 -999.9 -999.9 7.8 -999.9 -999.9 970.0 -999.9 -999.9 -999.9 -999.9 6.1 34.0 0.0 0.0 0.0 0.0 39.4 41.8 9.9 8.6 91.7 81.1 9.9 DCRS_-_Bom_Jesus/Jaquirana_(606_m) -999.9 -999.9 980.5 970.0 970.0 8.1 6.6 34.0 Rio_Grande_do_Sul DCRS -999.9 0.0 0.0 601.04 601.08 600.96 0 0.03 601.28 601.96 601.96 601.96
-28.798800 -50.429798 DCRS-00086 2026-09-14_07:23 9.8 -999.9 -999.9 86.6 -999.9 -999.9 7.6 -999.9 -999.9 969.2 -999.9 -999.9 5.5 -999.9 6.1 35.0 0.0 0.0 0.0 0.0 39.4 41.8 9.9 8.6 91.7 81.1 9.9 DCRS_-_Bom_Jesus/Jaquirana_(606_m) -999.9 -999.9 980.5 969.2 969.2 8.1 6.6 35.0 Rio_Grande_do_Sul DCRS -999.9 0.0 0.0 601.02 601.08 600.96 0 0.01 601.28 601.96 601.96 601.96
-28.798800 -50.429798 DCRS-00086 2026-09-14_07:24 9.8 -999.9 -999.9 86.1 -999.9 -999.9 7.6 -999.9 -999.9 968.5 -999.9 -999.9 5.9 -999.9 6.1 35.0 0.0 0.0 0.0 0.0 39.4 41.8 9.9 8.6 91.7 81.1 9.9 DCRS_-_Bom_Jesus/Jaquirana_(606_m) -999.9 -999.9 980.5 968.5 968.5 8.1 6.6 35.0 Rio_Grande_do_Sul DCRS -999.9 0.0 0.0 601.03 601.08 600.96 0 0.02 601.28 601.96 601.96 601.96
-28.798800 -50.429798 DCRS-00086 2026-09-14_07:25 9.8 -999.9 -999.9 86.4 -999.9 -999.9 7.6 -999.9 -999.9 968.0 -999.9 -999.9 5.5 -999.9 6.5 35.0 0.0 0.0 0.0 0.0 39.4 41.8 9.9 8.6 91.7 81.1 9.9 DCRS_-_Bom_Jesus/Jaquirana_(606_m) -999.9 -999.9 980.5 968.0 968.0 8.1 6.6 35.0 Rio_Grande_do_Sul DCRS -999.9 0.0 0.0 601.01 601.08 600.96 0 -0.02 601.28 601.96 601.96 601.96
-28.798800 -50.429798 DCRS-00086 2026-09-14_07:26 9.8 -999.9 -999.9 86.8 -999.9 -999.9 7.7 -999.9 -999.9 968.2 -999.9 -999.9 5.3 -999.9 6.5 37.0 0.0 0.0 0.0 0.0 39.4 41.8 9.9 8.6 91.7 81.1 9.9 DCRS_-_Bom_Jesus/Jaquirana_(606_m) -999.9 -999.9 980.5 968.0 968.2 8.1 6.6 37.0 Rio_Grande_do_Sul DCRS -999.9 0.0 0.0 601.0 601.08 600.96 0 -0.03 601.28 601.96 601.96 601.96
-28.798800 -50.429798 DCRS-00086 2026-09-14_07:27 9.9 -999.9 -999.9 87.0 -999.9 -999.9 7.8 -999.9 -999.9 968.3 -999.9 -999.9 5.4 -999.9 6.5 39.0 0.0 0.0 0.0 0.0 39.4 41.8 9.9 8.6 91.7 81.1 9.9 DCRS_-_Bom_Jesus/Jaquirana_(606_m) -999.9 -999.9 980.5 968.0 968.3 8.1 6.6 39.0 Rio_Grande_do_Sul DCRS -999.9 0.0 0.0 601.02 601.08 600.96 0 0.05 601.28 601.96 601.96 601.96
-28.798800 -50.429798 DCRS-00086 2026-09-14_07:28 9.9 -999.9 -999.9 87.3 -999.9 -999.9 7.9 -999.9 -999.9 968.5 -999.9 -999.9 5.7 -999.9 6.5 40.0 0.0 0.0 0.0 0.0 39.4 41.8 9.9 8.6 91.7 81.1 9.9 DCRS_-_Bom_Jesus/Jaquirana_(606_m) -999.9 -999.9 980.5 968.0 968.5 8.1 6.6 40.0 Rio_Grande_do_Sul DCRS -999.9 0.0 0.0 601.0 601.08 600.96 0 -0.02 601.28 601.96 601.96 601.96
-28.798800 -50.429798 DCRS-00086 2026-09-14_07:29 9.9 -999.9 -999.9 87.2 -999.9 -999.9 7.8 -999.9 -999.9 968.6 -999.9 -999.9 5.3 -999.9 6.5 40.0 0.0 0.0 0.0 0.0 39.4 41.8 9.9 8.6 91.7 81.1 9.9 DCRS_-_Bom_Jesus/Jaquirana_(606_m) -999.9 -999.9 980.5 968.0 968.6 8.1 6.6 40.0 Rio_Grande_do_Sul DCRS -999.9 0.0 0.0 601.03 601.08 600.96 0 0.01 601.28 601.96 601.96 601.96
-28.798800 -50.429798 DCRS-00086 2026-09-14_07:30 9.9 -999.9 -999.9 87.0 -999.9 -999.9 7.8 -999.9 -999.9 968.4 -999.9 -999.9 5.5 -999.9 6.2 39.0 0.0 0.0 0.0 0.0 39.4 41.8 9.9 8.6 91.7 81.1 9.9 DCRS_-_Bom_Jesus/Jaquirana_(606_m) -999.9 -999.9 980.5 968.0 968.4 8.1 6.6 40.0 Rio_Grande_do_Sul DCRS -999.9 0.0 0.0 601.03 601.08 600.96 0 0.01 601.28 601.96 601.96 601.96
-28.798800 -50.429798 DCRS-00086 2026-09-14_07:31 10.0 -999.9 -999.9 87.3 -999.9 -999.9 8.0 -999.9 -999.9 968.6 -999.9 -999.9 4.8 -999.9 6.2 38.0 0.0 0.0 0.0 0.0 39.4 41.8 10.0 8.6 91.7 81.1 9.9 DCRS_-_Bom_Jesus/Jaquirana_(606_m) -999.9 -999.9 980.5 968.0 968.6 8.1 6.6 40.0 Rio_Grande_do_Sul DCRS -999.9 0.0 0.0 601.03 601.08 600.96 0 0.01 601.28 601.96 601.96 601.96
-28.798800 -50.429798 DCRS-00086 2026-09-14_07:32 10.0 -999.9 -999.9 87.5 -999.9 -999.9 8.0 -999.9 -999.9 968.8 -999.9 -999.9 5.5 -999.9 6.2 39.0 0.0 0.0 0.0 0.0 39.4 41.8 10.0 8.6 91.7 81.1 9.9 DCRS_-_Bom_Jesus/Jaquirana_(606_m) -999.9 -999.9 980.5 968.0 968.8 8.1 6.6 40.0 Rio_Grande_do_Sul DCRS -999.9 0.0 0.0 600.99 601.08 600.96 0 -0.02 601.28 601.96 601.96 601.96
-28.798800 -50.429798 DCRS-00086 2026-09-14_07:33 10.0 -999.9 -999.9 87.5 -999.9 -999.9 8.0 -999.9 -999.9 968.9 -999.9 -999.9 -999.9 -999.9 6.2 39.0 0.0 0.0 0.0 0.0 39.4 41.8 10.0 8.6 91.7 81.1 9.9 DCRS_-_Bom_Jesus/Jaquirana_(606_m) -999.9 -999.9 980.5 968.0 968.9 8.1 6.6 40.0 Rio_Grande_do_Sul DCRS -999.9 0.0 0.0 601.03 601.08 600.96 0 -0.01 601.28 601.96 601.96 601.96
-28.798800 -50.429798 DCRS-00086 2026-09-14_07:34 10.0 -999.9 -999.9 87.3 -999.9 -999.9 8.0 -999.9 -999.9 968.8 -999.9 -999.9 6.1 -999.9 6.2 39.0 0.0 0.0 0.0 0.0 39.4 41.8 10.0 8.6 91.7 81.1 9.9 DCRS_-_Bom_Jesus/Jaquirana_(606_m) -999.9 -999.9 980.5 968.0 968.8 8.1 6.6 40.0 Rio_Grande_do_Sul DCRS -999.9 0.0 0.0 601.04 601.08 600.96 0 0.0 601.28 601.96 601.96 601.96
-28.798800 -50.429798 DCRS-00086 2026-09-14_07:35 10.0 -999.9 -999.9 87.4 -999.9 -999.9 8.0 -999.9 -999.9 968.7 -999.9 -999.9 5.8 -999.9 7.1 38.0 0.0 0.0 0.0 0.0 39.4 41.8 10.0 8.6 91.7 81.1 9.9 DCRS_-_Bom_Jesus/Jaquirana_(606_m) -999.9 -999.9 980.5 968.0 968.7 8.1 6.6 40.0 Rio_Grande_do_Sul DCRS -999.9 0.0 0.0 601.0 601.08 600.96 0 -0.02 601.28 601.96 601.96 601.96
-28.798800 -50.429798 DCRS-00086 2026-09-14_07:36 10.0 -999.9 -999.9 87.3 -999.9 -999.9 8.0 -999.9 -999.9 968.7 -999.9 -999.9 5.7 -999.9 7.1 38.0 0.0 0.0 0.0 0.0 39.4 41.8 10.0 8.6 91.7 81.1 9.9 DCRS_-_Bom_Jesus/Jaquirana_(606_m) -999.9 -999.9 980.5 968.0 968.7 8.1 6.6 40.0 Rio_Grande_do_Sul DCRS -999.9 0.0 0.0 601.01 601.08 600.96 0 0.0 601.28 601.96 601.96 601.96
-28.798800 -50.429798 DCRS-00086 2026-09-14_07:37 10.0 -999.9 -999.9 87.3 -999.9 -999.9 8.0 -999.9 -999.9 968.7 -999.9 -999.9 5.5 -999.9 7.1 41.0 0.0 0.0 0.0 0.0 39.4 41.8 10.0 8.6 91.7 81.1 9.9 DCRS_-_Bom_Jesus/Jaquirana_(606_m) -999.9 -999.9 980.5 968.0 968.7 8.1 6.6 41.0 Rio_Grande_do_Sul DCRS -999.9 0.0 0.0 600.99 601.08 600.96 0 -0.01 601.28 601.96 601.96 601.96
-28.798800 -50.429798 DCRS-00086 2026-09-14_07:38 10.1 -999.9 -999.9 87.5 -999.9 -999.9 8.1 -999.9 -999.9 968.8 -999.9 -999.9 5.3 -999.9 7.1 46.0 0.0 0.0 0.0 0.0 39.4 41.8 10.1 8.6 91.7 81.1 9.9 DCRS_-_Bom_Jesus/Jaquirana_(606_m) -999.9 -999.9 980.5 968.0 968.8 8.1 6.6 46.0 Rio_Grande_do_Sul DCRS -999.9 0.0 0.0 601.03 601.08 600.96 0 0.03 601.28 601.96 601.96 601.96
-28.798800 -50.429798 DCRS-00086 2026-09-14_07:39 10.1 -999.9 -999.9 87.5 -999.9 -999.9 8.1 -999.9 -999.9 968.9 -999.9 -999.9 6.3 -999.9 7.1 49.0 0.0 0.0 0.0 0.0 39.4 41.8 10.1 8.6 91.7 81.1 9.9 DCRS_-_Bom_Jesus/Jaquirana_(606_m) -999.9 -999.9 980.5 968.0 968.9 8.1 6.6 49.0 Rio_Grande_do_Sul DCRS -999.9 0.0 0.0 601.03 601.08 600.96 0 0.03 601.28 601.96 601.96 601.96
-28.798800 -50.429798 DCRS-00086 2026-09-14_07:40 10.2 -999.9 -999.9 87.5 -999.9 -999.9 8.2 -999.9 -999.9 969.0 -999.9 -999.9 5.6 -999.9 6.4 50.0 0.0 0.0 0.0 0.0 39.4 41.8 10.2 8.6 91.7 81.1 9.9 DCRS_-_Bom_Jesus/Jaquirana_(606_m) -999.9 -999.9 980.5 968.0 969.0 8.2 6.6 50.0 Rio_Grande_do_Sul DCRS -999.9 0.0 0.0 601.01 601.08 600.96 0 -0.01 601.28 601.96 601.96 601.96
-28.798800 -50.429798 DCRS-00086 2026-09-14_07:41 10.2 -999.9 -999.9 87.4 -999.9 -999.9 8.2 -999.9 -999.9 969.1 -999.9 -999.9 5.5 -999.9 6.4 51.0 0.0 0.0 0.0 0.0 39.4 41.8 10.2 8.6 91.7 81.1 9.9 DCRS_-_Bom_Jesus/Jaquirana_(606_m) -999.9 -999.9 980.5 968.0 969.1 8.2 6.6 51.0 Rio_Grande_do_Sul DCRS -999.9 0.0 0.0 601.03 601.08 600.96 0 0.03 601.28 601.96 601.96 601.96
-28.798800 -50.429798 DCRS-00086 2026-09-14_07:42 10.2 -999.9 -999.9 87.3 -999.9 -999.9 8.2 -999.9 -999.9 969.1 -999.9 -999.9 5.6 -999.9 6.4 54.0 0.0 0.0 0.0 0.0 39.4 41.8 10.2 8.6 91.7 81.1 9.9 DCRS_-_Bom_Jesus/Jaquirana_(606_m) -999.9 -999.9 980.5 968.0 969.1 8.2 6.6 54.0 Rio_Grande_do_Sul DCRS -999.9 0.0 0.0 601.03 601.08 600.96 0 0.02 601.28 601.96 601.96 601.96
-28.798800 -50.429798 DCRS-00086 2026-09-14_07:43 10.2 -999.9 -999.9 87.3 -999.9 -999.9 8.2 -999.9 -999.9 969.2 -999.9 -999.9 6.0 -999.9 6.4 56.0 0.0 0.0 0.0 0.0 39.4 41.8 10.2 8.6 91.7 81.1 9.9 DCRS_-_Bom_Jesus/Jaquirana_(606_m) -999.9 -999.9 980.5 968.0 969.2 8.2 6.6 56.0 Rio_Grande_do_Sul DCRS -999.9 0.0 0.0 601.02 601.08 600.96 0 0.01 601.28 601.96 601.96 601.96
-28.798800 -50.429798 DCRS-00086 2026-09-14_07:44 10.3 -999.9 -999.9 87.7 -999.9 -999.9 8.3 -999.9 -999.9 969.6 -999.9 -999.9 5.0 -999.9 6.4 63.0 0.0 0.0 0.0 0.0 39.4 41.8 10.3 8.6 91.7 81.1 9.9 DCRS_-_Bom_Jesus/Jaquirana_(606_m) -999.9 -999.9 980.5 968.0 969.6 8.3 6.6 63.0 Rio_Grande_do_Sul DCRS -999.9 0.0 0.0 601.01 601.08 600.96 0 -0.01 601.28 601.96 601.96 601.96
-28.798800 -50.429798 DCRS-00086 2026-09-14_07:45 10.3 -999.9 -999.9 87.7 -999.9 -999.9 8.3 -999.9 -999.9 969.6 -999.9 -999.9 3.5 -999.9 6.6 68.0 0.0 0.0 0.0 0.0 39.4 41.8 10.3 8.6 91.7 81.1 9.9 DCRS_-_Bom_Jesus/Jaquirana_(606_m) -999.9 -999.9 980.5 968.0 969.6 8.3 6.6 68.0 Rio_Grande_do_Sul DCRS -999.9 0.0 0.0 601.03 601.08 600.96 0 0.02 601.28 601.96 601.96 601.96
-28.798800 -50.429798 DCRS-00086 2026-09-14_07:46 10.4 -999.9 -999.9 87.8 -999.9 -999.9 8.4 -999.9 -999.9 969.8 -999.9 -999.9 4.6 -999.9 6.6 74.0 0.0 0.0 0.0 0.0 39.4 41.8 10.4 8.6 91.7 81.1 9.9 DCRS_-_Bom_Jesus/Jaquirana_(606_m) -999.9 -999.9 980.5 968.0 969.8 8.4 6.6 74.0 Rio_Grande_do_Sul DCRS -999.9 0.0 0.0 601.02 601.08 600.96 0 -0.01 601.28 601.96 601.96 601.96
-28.798800 -50.429798 DCRS-00086 2026-09-14_07:47 10.4 -999.9 -999.9 86.9 -999.9 -999.9 8.3 -999.9 -999.9 969.1 -999.9 -999.9 3.4 -999.9 6.6 85.0 0.0 0.0 0.0 0.0 39.4 41.8 10.4 8.6 91.7 81.1 9.9 DCRS_-_Bom_Jesus/Jaquirana_(606_m) -999.9 -999.9 980.5 968.0 969.1 8.4 6.6 85.0 Rio_Grande_do_Sul DCRS -999.9 0.0 0.0 601.04 601.08 600.96 0 0.02 601.28 601.96 601.96 601.96
-28.798800 -50.429798 DCRS-00086 2026-09-14_07:48 10.4 -999.9 -999.9 86.9 -999.9 -999.9 8.3 -999.9 -999.9 968.9 -999.9 -999.9 4.1 -999.9 6.6 89.0 0.0 0.0 0.0 0.0 39.4 41.8 10.4 8.6 91.7 81.1 9.9 DCRS_-_Bom_Jesus/Jaquirana_(606_m) -999.9 -999.9 980.5 968.0 968.9 8.4 6.6 89.0 Rio_Grande_do_Sul DCRS -999.9 0.0 0.0 601.03 601.08 600.96 0 0.01 601.28 601.96 601.96 601.96
-28.798800 -50.429798 DCRS-00086 2026-09-14_07:49 10.4 -999.9 -999.9 86.4 -999.9 -999.9 8.2 -999.9 -999.9 968.3 -999.9 -999.9 4.4 -999.9 6.6 94.0 0.0 0.0 0.0 0.0 39.4 41.8 10.4 8.6 91.7 81.1 9.9 DCRS_-_Bom_Jesus/Jaquirana_(606_m) -999.9 -999.9 980.5 968.0 968.3 8.4 6.6 94.0 Rio_Grande_do_Sul DCRS -999.9 0.0 0.0 601.01 601.08 600.96 1 0.02 601.28 601.96 601.96 601.96
-28.798800 -50.429798 DCRS-00086 2026-09-14_07:50 10.4 -999.9 -999.9 85.7 -999.9 -999.9 8.1 -999.9 -999.9 967.2 -999.9 -999.9 4.4 -999.9 6.1 99.0 0.0 0.0 0.0 0.0 39.4 41.8 10.4 8.6 91.7 81.1 9.9 DCRS_-_Bom_Jesus/Jaquirana_(606_m) -999.9 -999.9 980.5 967.2 967.2 8.4 6.6 99.0 Rio_Grande_do_Sul DCRS -999.9 0.0 0.0 601.01 601.08 600.96 0 -0.02 601.28 601.96 601.96 601.96
-28.798800 -50.429798 DCRS-00086 2026-09-14_07:51 10.3 -999.9 -999.9 85.1 -999.9 -999.9 7.9 -999.9 -999.9 966.2 -999.9 -999.9 3.9 -999.9 6.1 105.0 0.0 0.0 0.0 0.0 39.4 41.8 10.4 8.6 91.7 81.1 9.9 DCRS_-_Bom_Jesus/Jaquirana_(606_m) -999.9 -999.9 980.5 966.2 966.2 8.4 6.6 105.0 Rio_Grande_do_Sul DCRS -999.9 0.0 0.0 601.04 601.08 600.96 0 0.01 601.28 601.96 601.96 601.96
-28.798800 -50.429798 DCRS-00086 2026-09-14_07:52 10.4 -999.9 -999.9 85.6 -999.9 -999.9 8.1 -999.9 -999.9 965.9 -999.9 -999.9 2.9 -999.9 6.1 109.0 0.0 0.0 0.0 0.0 39.4 41.8 10.4 8.6 91.7 81.1 9.9 DCRS_-_Bom_Jesus/Jaquirana_(606_m) -999.9 -999.9 980.5 965.9 965.9 8.4 6.6 109.0 Rio_Grande_do_Sul DCRS -999.9 0.0 0.0 601.02 601.08 600.96 1 0.02 601.28 601.96 601.96 601.96
-28.798800 -50.429798 DCRS-00086 2026-09-14_07:53 10.4 -999.9 -999.9 85.7 -999.9 -999.9 8.1 -999.9 -999.9 965.9 -999.9 -999.9 0.0 -999.9 6.1 116.0 0.0 0.0 0.0 0.0 39.4 41.8 10.4 8.6 91.7 81.1 9.9 DCRS_-_Bom_Jesus/Jaquirana_(606_m) -999.9 -999.9 980.5 965.9 965.9 8.4 6.6 116.0 Rio_Grande_do_Sul DCRS -999.9 0.0 0.0 600.99 601.08 600.96 1 -0.01 601.28 601.96 601.96 601.96
-28.798800 -50.429798 DCRS-00086 2026-09-14_07:54 10.4 -999.9 -999.9 85.6 -999.9 -999.9 8.1 -999.9 -999.9 965.5 -999.9 -999.9 3.3 -999.9 6.1 119.0 0.0 0.0 0.0 0.0 39.4 41.8 10.4 8.6 91.7 81.1 9.9 DCRS_-_Bom_Jesus/Jaquirana_(606_m) -999.9 -999.9 980.5 965.5 965.5 8.4 6.6 119.0 Rio_Grande_do_Sul DCRS -999.9 0.0 0.0 601.0 601.08 600.96 0 0.0 601.28 601.96 601.96 601.96
-28.798800 -50.429798 DCRS-00086 2026-09-14_07:55 10.4 -999.9 -999.9 85.0 -999.9 -999.9 8.0 -999.9 -999.9 965.0 -999.9 -999.9 2.8 -999.9 4.6 122.0 0.0 0.0 0.0 0.0 39.4 41.8 10.4 8.6 91.7 81.1 9.9 DCRS_-_Bom_Jesus/Jaquirana_(606_m) -999.9 -999.9 980.5 965.0 965.0 8.4 6.6 122.0 Rio_Grande_do_Sul DCRS -999.9 0.0 0.0 600.98 601.08 600.96 0 -0.03 601.28 601.96 601.96 601.96
-28.798800 -50.429798 DCRS-00086 2026-09-14_07:56 10.4 -999.9 -999.9 84.8 -999.9 -999.9 7.9 -999.9 -999.9 964.4 -999.9 -999.9 3.0 -999.9 4.6 133.0 0.0 0.0 0.0 0.0 39.4 41.8 10.4 8.6 91.7 81.1 9.9 DCRS_-_Bom_Jesus/Jaquirana_(606_m) -999.9 -999.9 980.5 964.4 964.4 8.4 6.6 133.0 Rio_Grande_do_Sul DCRS -999.9 0.0 0.0 601.03 601.08 600.96 0 0.01 601.28 601.96 601.96 601.96
-28.798800 -50.429798 DCRS-00086 2026-09-14_07:57 10.4 -999.9 -999.9 84.8 -999.9 -999.9 7.9 -999.9 -999.9 964.1 -999.9 -999.9 3.1 -999.9 4.6 138.0 0.0 0.0 0.0 0.0 39.4 41.8 10.4 8.6 91.7 81.1 9.9 DCRS_-_Bom_Jesus/Jaquirana_(606_m) -999.9 -999.9 980.5 964.1 964.1 8.4 6.6 138.0 Rio_Grande_do_Sul DCRS -999.9 0.0 0.0 601.01 601.08 600.96 0 -0.01 601.28 601.96 601.96 601.96
-28.798800 -50.429798 DCRS-00086 2026-09-14_07:58 10.4 -999.9 -999.9 84.2 -999.9 -999.9 7.8 -999.9 -999.9 963.5 -999.9 -999.9 3.2 -999.9 4.6 140.0 0.0 0.0 0.0 0.0 39.4 41.8 10.4 8.6 91.7 81.1 9.9 DCRS_-_Bom_Jesus/Jaquirana_(606_m) -999.9 -999.9 980.5 963.5 963.5 8.4 6.6 140.0 Rio_Grande_do_Sul DCRS -999.9 0.0 0.0 601.01 601.08 600.96 0 0.0 601.28 601.96 601.96 601.96
-28.798800 -50.429798 DCRS-00086 2026-09-14_07:59 10.5 -999.9 -999.9 83.8 -999.9 -999.9 7.8 -999.9 -999.9 962.6 -999.9 -999.9 3.9 -999.9 4.6 160.0 0.0 0.0 0.0 0.0 39.4 41.8 10.5 8.6 91.7 81.1 9.9 DCRS_-_Bom_Jesus/Jaquirana_(606_m) -999.9 -999.9 980.5 962.6 962.6 8.4 6.6 160.0 Rio_Grande_do_Sul DCRS -999.9 0.0 0.0 601.02 601.08 600.96 0 0.0 601.28 601.96 601.96 601.96
-28.798800 -50.429798 DCRS-00086 2026-09-14_08:00 10.6 -999.9 -999.9 84.0 -999.9 -999.9 8.0 -999.9 -999.9 962.4 -999.9 -999.9 3.1 -999.9 5.0 162.0 0.0 0.0 0.0 0.0 39.4 41.8 10.6 8.6 91.7 81.1 9.9 DCRS_-_Bom_Jesus/Jaquirana_(606_m) -999.9 -999.9 980.5 962.4 962.4 8.4 6.6 162.0 Rio_Grande_do_Sul DCRS -999.9 0.0 0.0 601.03 601.08 600.96 0 0.01 601.28 601.96 601.96 601.96
-28.798800 -50.429798 DCRS-00086 2026-09-14_08:01 10.6 -999.9 -999.9 83.5 -999.9 -999.9 7.9 -999.9 -999.9 962.0 -999.9 -999.9 0.0 -999.9 5.0 159.0 0.0 0.0 0.0 0.0 39.4 41.8 10.6 8.6 91.7 81.1 9.9 DCRS_-_Bom_Jesus/Jaquirana_(606_m) -999.9 -999.9 980.5 962.0 962.0 8.4 6.6 162.0 Rio_Grande_do_Sul DCRS -999.9 0.0 0.0 601.03 601.08 600.96 0 0.02 601.28 601.96 601.96 601.96
-28.798800 -50.429798 DCRS-00086 2026-09-14_08:02 10.6 -999.9 -999.9 83.9 -999.9 -999.9 8.0 -999.9 -999.9 961.9 -999.9 -999.9 3.5 -999.9 5.0 170.0 0.0 0.0 0.0 0.0 39.4 41.8 10.6 8.6 91.7 81.1 9.9 DCRS_-_Bom_Jesus/Jaquirana_(606_m) -999.9 -999.9 980.5 961.9 961.9 8.4 6.6 170.0 Rio_Grande_do_Sul DCRS -999.9 0.0 0.0 601.03 601.08 600.96 0 0.02 601.28 601.96 601.96 601.96
-28.798800 -50.429798 DCRS-00086 2026-09-14_08:03 10.7 -999.9 -999.9 83.4 -999.9 -999.9 8.0 -999.9 -999.9 961.5 -999.9 -999.9 3.3 -999.9 5.0 198.0 0.0 0.0 0.0 0.0 39.4 41.8 10.7 8.6 91.7 81.1 9.9 DCRS_-_Bom_Jesus/Jaquirana_(606_m) -999.9 -999.9 980.5 961.5 961.5 8.4 6.6 198.0 Rio_Grande_do_Sul DCRS -999.9 0.0 0.0 601.0 601.08 600.96 0 0.01 601.28 601.96 601.96 601.96
-28.798800 -50.429798 DCRS-00086 2026-09-14_08:04 10.7 -999.9 -999.9 82.7 -999.9 -999.9 7.8 -999.9 -999.9 960.8 -999.9 -999.9 0.0 -999.9 5.0 208.0 0.0 0.0 0.0 0.0 39.4 41.8 10.7 8.6 91.7 81.1 9.9 DCRS_-_Bom_Jesus/Jaquirana_(606_m) -999.9 -999.9 980.5 960.8 960.8 8.4 6.6 208.0 Rio_Grande_do_Sul DCRS -999.9 0.0 0.0 601.01 601.08 600.96 0 -0.01 601.28 601.96 601.96 601.96
-28.798800 -50.429798 DCRS-00086 2026-09-14_08:05 10.8 -999.9 -999.9 82.3 -999.9 -999.9 7.9 -999.9 -999.9 960.2 -999.9 -999.9 2.8 -999.9 4.9 206.0 0.0 0.0 0.0 0.0 39.4 41.8 10.8 8.6 91.7 81.1 9.9 DCRS_-_Bom_Jesus/Jaquirana_(606_m) -999.9 -999.9 980.5 960.2 960.2 8.4 6.6 208.0 Rio_Grande_do_Sul DCRS -999.9 0.0 0.0 601.0 601.08 600.96 0 -0.02 601.28 601.96 601.96 601.96
-28.798800 -50.429798 DCRS-00086 2026-09-14_08:06 10.8 -999.9 -999.9 82.2 -999.9 -999.9 7.9 -999.9 -999.9 960.0 -999.9 -999.9 0.0 -999.9 4.9 214.0 0.0 0.0 0.0 0.0 39.4 41.8 10.8 8.6 91.7 81.1 9.9 DCRS_-_Bom_Jesus/Jaquirana_(606_m) -999.9 -999.9 980.5 960.0 960.0 8.4 6.6 214.0 Rio_Grande_do_Sul DCRS -999.9 0.0 0.0 601.02 601.08 600.96 0 0.02 601.28 601.96 601.96 601.96
-28.798800 -50.429798 DCRS-00086 2026-09-14_08:07 10.9 -999.9 -999.9 82.3 -999.9 -999.9 8.0 -999.9 -999.9 959.9 -999.9 -999.9 3.1 -999.9 4.9 184.0 0.0 0.0 0.0 0.0 39.4 41.8 10.9 8.6 91.7 81.1 9.9 DCRS_-_Bom_Jesus/Jaquirana_(606_m) -999.9 -999.9 980.5 959.9 959.9 8.4 6.6 214.0 Rio_Grande_do_Sul DCRS -999.9 0.0 0.0 601.0 601.08 600.96 -1 -0.03 601.28 601.96 601.96 601.96
-28.798800 -50.429798 DCRS-00086 2026-09-14_08:08 11.0 -999.9 -999.9 82.0 -999.9 -999.9 8.0 -999.9 -999.9 959.4 -999.9 -999.9 2.7 -999.9 4.9 147.0 0.0 0.0 0.0 0.0 39.4 41.8 11.0 8.6 91.7 81.1 9.9 DCRS_-_Bom_Jesus/Jaquirana_(606_m) -999.9 -999.9 980.5 959.4 959.4 8.4 6.6 214.0 Rio_Grande_do_Sul DCRS -999.9 0.0 0.0 601.02 601.08 600.96 0 -0.01 601.28 601.96 601.96 601.96
-28.798800 -50.429798 DCRS-00086 2026-09-14_08:09 11.0 -999.9 -999.9 81.5 -999.9 -999.9 7.9 -999.9 -999.9 958.8 -999.9 -999.9 1.8 -999.9 4.9 142.0 0.0 0.0 0.0 0.0 39.4 41.8 11.0 8.6 91.7 81.1 9.9 DCRS_-_Bom_Jesus/Jaquirana_(606_m) -999.9 -999.9 980.5 958.8 958.8 8.4 6.6 214.0 Rio_Grande_do_Sul DCRS -999.9 0.0 0.0 601.02 601.08 600.96 0 0.01 601.28 601.96 601.96 601.96
-28.798800 -50.429798 DCRS-00086 2026-09-14_08:10 11.1 -999.9 -999.9 81.5 -999.9 -999.9 8.0 -999.9 -999.9 958.4 -999.9 -999.9 3.4 -999.9 4.3 143.0 0.0 0.0 0.0 0.0 39.4 41.8 11.1 8.6 91.7 81.1 9.9 DCRS_-_Bom_Jesus/Jaquirana_(606_m) -999.9 -999.9 980.5 958.4 958.4 8.4 6.6 214.0 Rio_Grande_do_Sul DCRS -999.9 0.0 0.0 600.99 601.08 600.96 0 -0.04 601.28 601.96 601.96 601.96
-28.798800 -50.429798 DCRS-00086 2026-09-14_08:11 11.1 -999.9 -999.9 81.7 -999.9 -999.9 8.1 -999.9 -999.9 958.3 -999.9 -999.9 2.3 -999.9 4.3 149.0 0.0 0.0 0.0 0.0 39.4 41.8 11.1 8.6 91.7 81.1 9.9 DCRS_-_Bom_Jesus/Jaquirana_(606_m) -999.9 -999.9 980.5 958.3 958.3 8.4 6.6 214.0 Rio_Grande_do_Sul DCRS -999.9 0.0 0.0 601.02 601.08 600.96 0 -0.01 601.28 601.96 601.96 601.96
-28.798800 -50.429798 DCRS-00086 2026-09-14_08:12 11.1 -999.9 -999.9 81.9 -999.9 -999.9 8.1 -999.9 -999.9 958.4 -999.9 -999.9 0.0 -999.9 4.3 147.0 0.0 0.0 0.0 0.0 39.4 41.8 11.1 8.6 91.7 81.1 9.9 DCRS_-_Bom_Jesus/Jaquirana_(606_m) -999.9 -999.9 980.5 958.3 958.4 8.4 6.6 214.0 Rio_Grande_do_Sul DCRS -999.9 0.0 0.0 601.03 601.08 600.96 0 0.02 601.28 601.96 601.96 601.96
-28.798800 -50.429798 DCRS-00086 2026-09-14_08:13 11.1 -999.9 -999.9 82.1 -999.9 -999.9 8.1 -999.9 -999.9 958.4 -999.9 -999.9 3.5 -999.9 4.3 129.0 0.0 0.0 0.0 0.0 39.4 41.8 11.1 8.6 91.7 81.1 9.9 DCRS_-_Bom_Jesus/Jaquirana_(606_m) -999.9 -999.9 980.5 958.3 958.4 8.4 6.6 214.0 Rio_Grande_do_Sul DCRS -999.9 0.0 0.0 601.0 601.08 600.96 0 -0.03 601.28 601.96 601.96 601.96
-28.798800 -50.429798 DCRS-00086 2026-09-14_08:14 11.1 -999.9 -999.9 81.6 -999.9 -999.9 8.0 -999.9 -999.9 958.1 -999.9 -999.9 3.7 -999.9 4.3 121.0 0.0 0.0 0.0 0.0 39.4 41.8 11.1 8.6 91.7 81.1 9.9 DCRS_-_Bom_Jesus/Jaquirana_(606_m) -999.9 -999.9 980.5 958.1 958.1 8.4 6.6 214.0 Rio_Grande_do_Sul DCRS -999.9 0.0 0.0 601.03 601.08 600.96 0 0.03 601.28 601.96 601.96 601.96
-28.798800 -50.429798 DCRS-00086 2026-09-14_08:15 11.2 -999.9 -999.9 81.1 -999.9 -999.9 8.0 -999.9 -999.9 957.3 -999.9 -999.9 2.9 -999.9 4.0 115.0 0.0 0.0 0.0 0.0 39.4 41.8 11.2 8.6 91.7 81.1 9.9 DCRS_-_Bom_Jesus/Jaquirana_(606_m) -999.9 -999.9 980.5 957.3 957.3 8.4 6.6 214.0 Rio_Grande_do_Sul DCRS -999.9 0.0 0.0 601.04 601.08 600.96 0 0.03 601.28 601.96 601.96 601.96
-28.798800 -50.429798 DCRS-00086 2026-09-14_08:16 11.1 -999.9 -999.9 81.0 -999.9 -999.9 7.9 -999.9 -999.9 957.1 -999.9 -999.9 3.1 -999.9 4.0 115.0 0.0 0.0 0.0 0.0 39.4 41.8 11.2 8.6 91.7 81.0 9.9 DCRS_-_Bom_Jesus/Jaquirana_(606_m) -999.9 -999.9 980.5 957.1 957.1 8.4 6.6 214.0 Rio_Grande_do_Sul DCRS -999.9 0.0 0.0 601.02 601.08 600.96 0 0.01 601.28 601.96 601.96 601.96
-28.798800 -50.429798 DCRS-00086 2026-09-14_08:17 11.1 -999.9 -999.9 80.8 -999.9 -999.9 7.9 -999.9 -999.9 956.7 -999.9 -999.9 0.0 -999.9 4.0 63.0 0.0 0.0 0.0 0.0 39.4 41.8 11.2 8.6 91.7 80.8 9.9 DCRS_-_Bom_Jesus/Jaquirana_(606_m) -999.9 -999.9 980.5 956.7 956.7 8.4 6.6 214.0 Rio_Grande_do_Sul DCRS -999.9 0.0 0.0 601.03 601.08 600.96 0 0.0 601.28 601.96 601.96 601.96
-28.798800 -50.429798 DCRS-00086 2026-09-14_08:18 11.2 -999.9 -999.9 81.0 -999.9 -999.9 8.0 -999.9 -999.9 956.7 -999.9 -999.9 -999.9 -999.9 4.0 67.0 0.0 0.0 0.0 0.0 39.4 41.8 11.2 8.6 91.7 80.8 9.9 DCRS_-_Bom_Jesus/Jaquirana_(606_m) -999.9 -999.9 980.5 956.7 956.7 8.4 6.6 214.0 Rio_Grande_do_Sul DCRS -999.9 0.0 0.0 601.0 601.08 600.96 0 -0.01 601.28 601.96 601.96 601.96
-28.798800 -50.429798 DCRS-00086 2026-09-14_08:19 11.2 -999.9 -999.9 81.3 -999.9 -999.9 -999.9 -999.9 -999.9 956.9 -999.9 -999.9 3.5 -999.9 4.0 100.0 0.0 0.0 0.0 0.0 39.4 41.8 11.2 8.6 91.7 80.8 9.9 DCRS_-_Bom_Jesus/Jaquirana_(606_m) -999.9 -999.9 980.5 956.7 956.9 8.4 6.6 214.0 Rio_Grande_do_Sul DCRS -999.9 0.0 0.0 601.01 601.08 600.96 0 -0.03 601.28 601.96 601.96 601.96
-28.798800 -50.429798 DCRS-00086 2026-09-14_08:20 11.2 -999.9 -999.9 81.0 -999.9 -999.9 8.0 -999.9 -999.9 956.7 -999.9 -999.9 0.0 -999.9 5.8 104.0 0.0 0.0 0.0 0.0 39.4 41.8 11.2 8.6 91.7 80.8 9.9 DCRS_-_Bom_Jesus/Jaquirana_(606_m) -999.9 -999.9 980.5 956.7 956.7 8.4 6.6 214.0 Rio_Grande_do_Sul DCRS -999.9 0.0 0.0 601.02 601.08 600.96 0 0.03 601.28 601.96 601.96 601.96
-28.798800 -50.429798 DCRS-00086 2026-09-14_08:21 11.2 -999.9 -999.9 81.2 -999.9 -999.9 8.1 -999.9 -999.9 956.7 -999.9 -999.9 3.5 -999.9 5.8 112.0 0.0 0.0 0.0 0.0 39.4 41.8 11.2 8.6 91.7 80.8 9.9 DCRS_-_Bom_Jesus/Jaquirana_(606_m) -999.9 -999.9 980.5 956.7 956.7 8.4 6.6 214.0 Rio_Grande_do_Sul DCRS -999.9 0.0 0.0 601.0 601.08 600.96 0 -0.04 601.28 601.96 601.96 601.96
-28.798800 -50.429798 DCRS-00086 2026-09-14_08:22 11.2 -999.9 -999.9 81.5 -999.9 -999.9 8.1 -999.9 -999.9 956.9 -999.9 -999.9 5.7 -999.9 5.8 118.0 0.0 0.0 0.0 0.0 39.4 41.8 11.2 8.6 91.7 80.8 9.9 DCRS_-_Bom_Jesus/Jaquirana_(606_m) -999.9 -999.9 980.5 956.7 956.9 8.4 6.6 214.0 Rio_Grande_do_Sul DCRS -999.9 0.0 0.0 601.02 601.08 600.96 0 -0.02 601.28 601.96 601.96 601.96
-28.798800 -50.429798 DCRS-00086 2026-09-14_08:23 11.3 -999.9 -999.9 80.8 -999.9 -999.9 8.1 -999.9 -999.9 956.6 -999.9 -999.9 3.1 -999.9 5.8 123.0 0.0 0.0 0.0 0.0 39.4 41.8 11.3 8.6 91.7 80.8 9.9 DCRS_-_Bom_Jesus/Jaquirana_(606_m) -999.9 -999.9 980.5 956.6 956.6 8.4 6.6 214.0 Rio_Grande_do_Sul DCRS -999.9 0.0 0.0 601.03 601.08 600.96 0 0.01 601.28 601.96 601.96 601.96
-28.798800 -50.429798 DCRS-00086 2026-09-14_08:24 11.3 -999.9 -999.9 81.0 -999.9 -999.9 8.1 -999.9 -999.9 956.7 -999.9 -999.9 0.0 -999.9 5.8 126.0 0.0 0.0 0.0 0.0 39.4 41.8 11.3 8.6 91.7 80.8 9.9 DCRS_-_Bom_Jesus/Jaquirana_(606_m) -999.9 -999.9 980.5 956.6 956.7 8.4 6.6 214.0 Rio_Grande_do_Sul DCRS -999.9 0.0 0.0 601.02 601.08 600.96 0 0.01 601.28 601.96 601.96 601.96
-28.798800 -50.429798 DCRS-00086 2026-09-14_08:25 11.4 -999.9 -999.9 80.6 -999.9 -999.9 8.1 -999.9 -999.9 956.5 -999.9 -999.9 0.0 -999.9 7.3 123.0 0.0 0.0 0.0 0.0 39.4 41.8 11.4 8.6 91.7 80.6 9.9 DCRS_-_Bom_Jesus/Jaquirana_(606_m) -999.9 -999.9 980.5 956.5 956.5 8.4 6.6 214.0 Rio_Grande_do_Sul DCRS -999.9 0.0 0.0 601.02 601.08 600.96 0 0.01 601.28 601.96 601.96 601.96
-28.798800 -50.429798 DCRS-00086 2026-09-14_08:26 11.4 -999.9 -999.9 80.6 -999.9 -999.9 8.1 -999.9 -999.9 956.3 -999.9 -999.9 3.1 -999.9 7.3 117.0 0.0 0.0 0.0 0.0 39.4 41.8 11.4 8.6 91.7 80.6 9.9 DCRS_-_Bom_Jesus/Jaquirana_(606_m) -999.9 -999.9 980.5 956.3 956.3 8.4 6.6 214.0 Rio_Grande_do_Sul DCRS -999.9 0.0 0.0 601.03 601.08 600.96 0 0.03 601.28 601.96 601.96 601.96
-28.798800 -50.429798 DCRS-00086 2026-09-14_08:27 11.4 -999.9 -999.9 80.5 -999.9 -999.9 8.1 -999.9 -999.9 956.1 -999.9 -999.9 5.2 -999.9 7.3 121.0 0.0 0.0 0.0 0.0 39.4 41.8 11.4 8.6 91.7 80.5 9.9 DCRS_-_Bom_Jesus/Jaquirana_(606_m) -999.9 -999.9 980.5 956.1 956.1 8.4 6.6 214.0 Rio_Grande_do_Sul DCRS -999.9 0.0 0.0 601.02 601.08 600.96 0 0.0 601.28 601.96 601.96 601.96
-28.798800 -50.429798 DCRS-00086 2026-09-14_08:28 11.4 -999.9 -999.9 81.0 -999.9 -999.9 8.2 -999.9 -999.9 956.3 -999.9 -999.9 6.6 -999.9 7.3 128.0 0.0 0.0 0.0 0.0 39.4 41.8 11.4 8.6 91.7 80.5 9.9 DCRS_-_Bom_Jesus/Jaquirana_(606_m) -999.9 -999.9 980.5 956.1 956.3 8.4 6.6 214.0 Rio_Grande_do_Sul DCRS -999.9 0.0 0.0 601.03 601.08 600.96 0 0.03 601.28 601.96 601.96 601.96
-28.798800 -50.429798 DCRS-00086 2026-09-14_08:29 11.5 -999.9 -999.9 80.5 -999.9 -999.9 8.2 -999.9 -999.9 956.3 -999.9 -999.9 3.9 -999.9 7.3 130.0 0.0 0.0 0.0 0.0 39.4 41.8 11.5 8.6 91.7 80.5 9.9 DCRS_-_Bom_Jesus/Jaquirana_(606_m) -999.9 -999.9 980.5 956.1 956.3 8.4 6.6 214.0 Rio_Grande_do_Sul DCRS -999.9 0.0 0.0 601.01 601.08 600.96 0 -0.02 601.28 601.96 601.96 601.96
-28.798800 -50.429798 DCRS-00086 2026-09-14_08:30 11.6 -999.9 -999.9 81.1 -999.9 -999.9 8.4 -999.9 -999.9 956.7 -999.9 -999.9 4.9 -999.9 7.1 127.0 0.0 0.0 0.0 0.0 39.4 41.8 11.6 8.6 91.7 80.5 9.9 DCRS_-_Bom_Jesus/Jaquirana_(606_m) -999.9 -999.9 980.5 956.1 956.7 8.4 6.6 214.0 Rio_Grande_do_Sul DCRS -999.9 0.0 0.0 601.02 601.08 600.96 0 -0.01 601.28 601.96 601.96 601.96
-28.798800 -50.429798 DCRS-00086 2026-09-14_08:31 11.6 -999.9 -999.9 81.0 -999.9 -999.9 8.4 -999.9 -999.9 956.9 -999.9 -999.9 5.3 -999.9 7.1 122.0 0.0 0.0 0.0 0.0 39.4 41.8 11.6 8.6 91.7 80.5 9.9 DCRS_-_Bom_Jesus/Jaquirana_(606_m) -999.9 -999.9 980.5 956.1 956.9 8.4 6.6 214.0 Rio_Grande_do_Sul DCRS -999.9 0.0 0.0 601.03 601.08 600.96 0 0.0 601.28 601.96 601.96 601.96
-28.798800 -50.429798 DCRS-00086 2026-09-14_08:32 11.6 -999.9 -999.9 80.0 -999.9 -999.9 8.2 -999.9 -999.9 956.4 -999.9 -999.9 5.1 -999.9 7.1 121.0 0.0 0.0 0.0 0.0 39.4 41.8 11.6 8.6 91.7 80.0 9.9 DCRS_-_Bom_Jesus/Jaquirana_(606_m) -999.9 -999.9 980.5 956.1 956.4 8.4 6.6 214.0 Rio_Grande_do_Sul DCRS -999.9 0.0 0.0 601.02 601.08 600.96 0 0.03 601.28 601.96 601.96 601.96
-28.798800 -50.429798 DCRS-00086 2026-09-14_08:33 11.7 -999.9 -999.9 79.7 -999.9 -999.9 8.3 -999.9 -999.9 955.8 -999.9 -999.9 6.1 -999.9 7.1 115.0 0.0 0.0 0.0 0.0 39.4 41.8 11.7 8.6 91.7 79.7 9.9 DCRS_-_Bom_Jesus/Jaquirana_(606_m) -999.9 -999.9 980.5 955.8 955.8 8.4 6.6 214.0 Rio_Grande_do_Sul DCRS -999.9 0.0 0.0 601.02 601.08 600.96 0 -0.02 601.28 601.96 601.96 601.96
-28.798800 -50.429798 DCRS-00086 2026-09-14_08:34 11.7 -999.9 -999.9 79.7 -999.9 -999.9 8.3 -999.9 -999.9 955.6 -999.9 -999.9 2.7 -999.9 7.1 113.0 0.0 0.0 0.0 0.0 39.4 41.8 11.7 8.6 91.7 79.7 9.9 DCRS_-_Bom_Jesus/Jaquirana_(606_m) -999.9 -999.9 980.5 955.6 955.6 8.4 6.6 214.0 Rio_Grande_do_Sul DCRS -999.9 0.0 0.0 601.01 601.08 600.96 0 0.01 601.28 601.96 601.96 601.96
-28.798800 -50.429798 DCRS-00086 2026-09-14_08:35 11.7 -999.9 -999.9 78.9 -999.9 -999.9 8.1 -999.9 -999.9 955.0 -999.9 -999.9 3.6 -999.9 6.5 112.0 0.0 0.0 0.0 0.0 39.4 41.8 11.7 8.6 91.7 78.9 9.9 DCRS_-_Bom_Jesus/Jaquirana_(606_m) -999.9 -999.9 980.5 955.0 955.0 8.4 6.6 214.0 Rio_Grande_do_Sul DCRS -999.9 0.0 0.0 601.01 601.08 600.96 0 0.01 601.28 601.96 601.96 601.96
-28.798800 -50.429798 DCRS-00086 2026-09-14_08:36 11.6 -999.9 -999.9 79.0 -999.9 -999.9 8.0 -999.9 -999.9 954.7 -999.9 -999.9 3.7 -999.9 6.5 104.0 0.0 0.0 0.0 0.0 39.4 41.8 11.7 8.6 91.7 78.9 9.9 DCRS_-_Bom_Jesus/Jaquirana_(606_m) -999.9 -999.9 980.5 954.7 954.7 8.4 6.6 214.0 Rio_Grande_do_Sul DCRS -999.9 0.0 0.0 601.01 601.08 600.96 0 0.02 601.28 601.96 601.96 601.96
-28.798800 -50.429798 DCRS-00086 2026-09-14_08:37 11.6 -999.9 -999.9 78.7 -999.9 -999.9 8.0 -999.9 -999.9 954.4 -999.9 -999.9 3.6 -999.9 6.5 99.0 0.0 0.0 0.0 0.0 39.4 41.8 11.7 8.6 91.7 78.7 9.9 DCRS_-_Bom_Jesus/Jaquirana_(606_m) -999.9 -999.9 980.5 954.4 954.4 8.4 6.6 214.0 Rio_Grande_do_Sul DCRS -999.9 0.0 0.0 601.02 601.08 600.96 0 -0.01 601.28 601.96 601.96 601.96
-28.798800 -50.429798 DCRS-00086 2026-09-14_08:38 11.7 -999.9 -999.9 79.5 -999.9 -999.9 8.2 -999.9 -999.9 954.9 -999.9 -999.9 3.5 -999.9 6.5 92.0 0.0 0.0 0.0 0.0 39.4 41.8 11.7 8.6 91.7 78.7 9.9 DCRS_-_Bom_Jesus/Jaquirana_(606_m) -999.9 -999.9 980.5 954.4 954.9 8.4 6.6 214.0 Rio_Grande_do_Sul DCRS -999.9 0.0 0.0 601.01 601.08 600.96 0 -0.02 601.28 601.96 601.96 601.96
-28.798800 -50.429798 DCRS-00086 2026-09-14_08:39 11.7 -999.9 -999.9 79.0 -999.9 -999.9 8.1 -999.9 -999.9 954.7 -999.9 -999.9 3.7 -999.9 6.5 100.0 0.0 0.0 0.0 0.0 39.4 41.8 11.7 8.6 91.7 78.7 9.9 DCRS_-_Bom_Jesus/Jaquirana_(606_m) -999.9 -999.9 980.5 954.4 954.7 8.4 6.6 214.0 Rio_Grande_do_Sul DCRS -999.9 0.0 0.0 601.02 601.08 600.96 0 -0.01 601.28 601.96 601.96 601.96
-28.798800 -50.429798 DCRS-00086 2026-09-14_08:40 11.7 -999.9 -999.9 78.7 -999.9 -999.9 8.1 -999.9 -999.9 954.3 -999.9 -999.9 3.9 -999.9 4.8 86.0 0.0 0.0 0.0 0.0 39.4 41.8 11.7 8.6 91.7 78.7 9.9 DCRS_-_Bom_Jesus/Jaquirana_(606_m) -999.9 -999.9 980.5 954.3 954.3 8.4 6.6 214.0 Rio_Grande_do_Sul DCRS -999.9 0.0 0.0 601.01 601.08 600.96 0 0.0 601.28 601.96 601.96 601.96
-28.798800 -50.429798 DCRS-00086 2026-09-14_08:41 11.7 -999.9 -999.9 79.4 -999.9 -999.9 8.2 -999.9 -999.9 954.7 -999.9 -999.9 4.5 -999.9 4.8 84.0 0.0 0.0 0.0 0.0 39.4 41.8 11.7 8.6 91.7 78.7 9.9 DCRS_-_Bom_Jesus/Jaquirana_(606_m) -999.9 -999.9 980.5 954.3 954.7 8.4 6.6 214.0 Rio_Grande_do_Sul DCRS -999.9 0.0 0.0 601.01 601.08 600.96 0 -0.02 601.28 601.96 601.96 601.96
-28.798800 -50.429798 DCRS-00086 2026-09-14_08:42 11.8 -999.9 -999.9 79.0 -999.9 -999.9 8.2 -999.9 -999.9 954.6 -999.9 -999.9 4.0 -999.9 4.8 83.0 0.0 0.0 0.0 0.0 39.4 41.8 11.8 8.6 91.7 78.7 9.9 DCRS_-_Bom_Jesus/Jaquirana_(606_m) -999.9 -999.9 980.5 954.3 954.6 8.4 6.6 214.0 Rio_Grande_do_Sul DCRS -999.9 0.0 0.0 601.0 601.08 600.96 0 -0.02 601.28 601.96 601.96 601.96
-28.798800 -50.429798 DCRS-00086 2026-09-14_08:43 11.8 -999.9 -999.9 78.8 -999.9 -999.9 8.2 -999.9 -999.9 954.5 -999.9 -999.9 4.1 -999.9 4.8 86.0 0.0 0.0 0.0 0.0 39.4 41.8 11.8 8.6 91.7 78.7 9.9 DCRS_-_Bom_Jesus/Jaquirana_(606_m) -999.9 -999.9 980.5 954.3 954.5 8.4 6.6 214.0 Rio_Grande_do_Sul DCRS -999.9 0.0 0.0 601.02 601.08 600.96 0 0.01 601.28 601.96 601.96 601.96
-28.798800 -50.429798 DCRS-00086 2026-09-14_08:44 11.8 -999.9 -999.9 78.4 -999.9 -999.9 8.1 -999.9 -999.9 954.3 -999.9 -999.9 3.6 -999.9 4.8 91.0 0.0 0.0 0.0 0.0 39.4 41.8 11.8 8.6 91.7 78.4 9.9 DCRS_-_Bom_Jesus/Jaquirana_(606_m) -999.9 -999.9 980.5 954.3 954.3 8.4 6.6 214.0 Rio_Grande_do_Sul DCRS -999.9 0.0 0.0 601.01 601.08 600.96 0 0.0 601.28 601.96 601.96 601.96
-28.798800 -50.429798 DCRS-00086 2026-09-14_08:45 11.8 -999.9 -999.9 78.3 -999.9 -999.9 8.1 -999.9 -999.9 954.2 -999.9 -999.9 3.7 -999.9 6.0 103.0 0.0 0.0 0.0 0.0 39.4 41.8 11.8 8.6 91.7 78.3 9.9 DCRS_-_Bom_Jesus/Jaquirana_(606_m) -999.9 -999.9 980.5 954.2 954.2 8.4 6.6 214.0 Rio_Grande_do_Sul DCRS -999.9 0.0 0.0 601.0 601.08 600.96 0 -0.03 601.28 601.96 601.96 601.96
-28.798800 -50.429798 DCRS-00086 2026-09-14_08:46 11.8 -999.9 -999.9 78.2 -999.9 -999.9 8.1 -999.9 -999.9 954.1 -999.9 -999.9 2.2 -999.9 6.0 115.0 0.0 0.0 0.0 0.0 39.4 41.8 11.8 8.6 91.7 78.2 9.9 DCRS_-_Bom_Jesus/Jaquirana_(606_m) -999.9 -999.9 980.5 954.1 954.1 8.4 6.6 214.0 Rio_Grande_do_Sul DCRS -999.9 0.0 0.0 601.03 601.08 600.96 0 -0.01 601.28 601.96 601.96 601.96
-28.798800 -50.429798 DCRS-00086 2026-09-14_08:47 11.8 -999.9 -999.9 78.0 -999.9 -999.9 8.1 -999.9 -999.9 954.0 -999.9 -999.9 3.7 -999.9 6.0 118.0 0.0 0.0 0.0 0.0 39.4 41.8 11.8 8.6 91.7 78.0 9.9 DCRS_-_Bom_Jesus/Jaquirana_(606_m) -999.9 -999.9 980.5 954.0 954.0 8.4 6.6 214.0 Rio_Grande_do_Sul DCRS -999.9 0.0 0.0 601.01 601.08 600.96 0 -0.03 601.28 601.96 601.96 601.96
-28.798800 -50.429798 DCRS-00086 2026-09-14_08:48 11.8 -999.9 -999.9 78.0 -999.9 -999.9 8.1 -999.9 -999.9 953.9 -999.9 -999.9 0.0 -999.9 6.0 119.0 0.0 0.0 0.0 0.0 39.4 41.8 11.8 8.6 91.7 78.0 9.9 DCRS_-_Bom_Jesus/Jaquirana_(606_m) -999.9 -999.9 980.5 953.9 953.9 8.4 6.6 214.0 Rio_Grande_do_Sul DCRS -999.9 0.0 0.0 600.99 601.08 600.96 0 -0.02 601.28 601.96 601.96 601.96
-28.798800 -50.429798 DCRS-00086 2026-09-14_08:49 11.9 -999.9 -999.9 77.9 -999.9 -999.9 8.1 -999.9 -999.9 953.9 -999.9 -999.9 3.6 -999.9 6.0 119.0 0.0 0.0 0.0 0.0 39.4 41.8 11.9 8.6 91.7 77.9 9.9 DCRS_-_Bom_Jesus/Jaquirana_(606_m) -999.9 -999.9 980.5 953.9 953.9 8.4 6.6 214.0 Rio_Grande_do_Sul DCRS -999.9 0.0 0.0 601.03 601.08 600.96 0 0.02 601.28 601.96 601.96 601.96
-28.798800 -50.429798 DCRS-00086 2026-09-14_08:50 11.9 -999.9 -999.9 77.9 -999.9 -999.9 8.1 -999.9 -999.9 953.9 -999.9 -999.9 3.0 -999.9 4.5 116.0 0.0 0.0 0.0 0.0 39.4 41.8 11.9 8.6 91.7 77.9 9.9 DCRS_-_Bom_Jesus/Jaquirana_(606_m) -999.9 -999.9 980.5 953.9 953.9 8.4 6.6 214.0 Rio_Grande_do_Sul DCRS -999.9 0.0 0.0 600.98 601.08 600.96 0 -0.03 601.28 601.96 601.96 601.96
-28.798800 -50.429798 DCRS-00086 2026-09-14_08:51 12.0 -999.9 -999.9 77.7 -999.9 -999.9 8.2 -999.9 -999.9 953.9 -999.9 -999.9 3.6 -999.9 4.5 106.0 0.0 0.0 0.0 0.0 39.4 41.8 12.0 8.6 91.7 77.7 9.9 DCRS_-_Bom_Jesus/Jaquirana_(606_m) -999.9 -999.9 980.5 953.9 953.9 8.4 6.6 214.0 Rio_Grande_do_Sul DCRS -999.9 0.0 0.0 601.01 601.08 600.96 0 -0.03 601.28 601.96 601.96 601.96
-28.798800 -50.429798 DCRS-00086 2026-09-14_08:52 12.0 -999.9 -999.9 77.6 -999.9 -999.9 8.2 -999.9 -999.9 953.9 -999.9 -999.9 3.7 -999.9 4.5 110.0 0.0 0.0 0.0 0.0 39.4 41.8 12.0 8.6 91.7 77.6 9.9 DCRS_-_Bom_Jesus/Jaquirana_(606_m) -999.9 -999.9 980.5 953.9 953.9 8.4 6.6 214.0 Rio_Grande_do_Sul DCRS -999.9 0.0 0.0 601.02 601.08 600.96 0 0.0 601.28 601.96 601.96 601.96
-28.798800 -50.429798 DCRS-00086 2026-09-14_08:53 12.1 -999.9 -999.9 77.5 -999.9 -999.9 8.2 -999.9 -999.9 953.8 -999.9 -999.9 0.0 -999.9 4.5 106.0 0.0 0.0 0.0 0.0 39.4 41.8 12.1 8.6 91.7 77.5 9.9 DCRS_-_Bom_Jesus/Jaquirana_(606_m) -999.9 -999.9 980.5 953.8 953.8 8.4 6.6 214.0 Rio_Grande_do_Sul DCRS -999.9 0.0 0.0 601.03 601.08 600.96 0 0.04 601.28 601.96 601.96 601.96
-28.798800 -50.429798 DCRS-00086 2026-09-14_08:54 12.1 -999.9 -999.9 77.5 -999.9 -999.9 8.2 -999.9 -999.9 953.8 -999.9 -999.9 0.0 -999.9 4.5 105.0 0.0 0.0 0.0 0.0 39.4 41.8 12.1 8.6 91.7 77.5 9.9 DCRS_-_Bom_Jesus/Jaquirana_(606_m) -999.9 -999.9 980.5 953.8 953.8 8.4 6.6 214.0 Rio_Grande_do_Sul DCRS -999.9 0.0 0.0 601.01 601.08 600.96 0 0.03 601.28 601.96 601.96 601.96
-28.798800 -50.429798 DCRS-00086 2026-09-14_08:55 12.1 -999.9 -999.9 77.6 -999.9 -999.9 8.3 -999.9 -999.9 953.9 -999.9 -999.9 0.0 -999.9 4.4 101.0 0.0 0.0 0.0 0.0 39.4 41.8 12.1 8.6 91.7 77.5 9.9 DCRS_-_Bom_Jesus/Jaquirana_(606_m) -999.9 -999.9 980.5 953.8 953.9 8.4 6.6 214.0 Rio_Grande_do_Sul DCRS -999.9 0.0 0.0 600.99 601.08 600.96 0 0.01 601.28 601.96 601.96 601.96
-28.798800 -50.429798 DCRS-00086 2026-09-14_08:56 12.0 -999.9 -999.9 77.5 -999.9 -999.9 8.1 -999.9 -999.9 953.8 -999.9 -999.9 -999.9 -999.9 4.4 100.0 0.0 0.0 0.0 0.0 39.4 41.8 12.1 8.6 91.7 77.5 9.9 DCRS_-_Bom_Jesus/Jaquirana_(606_m) -999.9 -999.9 980.5 953.8 953.8 8.4 6.6 214.0 Rio_Grande_do_Sul DCRS -999.9 0.0 0.0 601.01 601.08 600.96 0 -0.02 601.28 601.96 601.96 601.96
-28.798800 -50.429798 DCRS-00086 2026-09-14_08:57 12.0 -999.9 -999.9 77.5 -999.9 -999.9 8.1 -999.9 -999.9 953.9 -999.9 -999.9 4.0 -999.9 4.4 105.0 0.0 0.0 0.0 0.0 39.4 41.8 12.1 8.6 91.7 77.5 9.9 DCRS_-_Bom_Jesus/Jaquirana_(606_m) -999.9 -999.9 980.5 953.8 953.9 8.4 6.6 214.0 Rio_Grande_do_Sul DCRS -999.9 0.0 0.0 601.01 601.08 600.96 0 0.0 601.28 601.96 601.96 601.96
-28.798800 -50.429798 DCRS-00086 2026-09-14_08:58 12.0 -999.9 -999.9 77.6 -999.9 -999.9 8.2 -999.9 -999.9 953.9 -999.9 -999.9 4.0 -999.9 4.4 114.0 0.0 0.0 0.0 0.0 39.4 41.8 12.1 8.6 91.7 77.5 9.9 DCRS_-_Bom_Jesus/Jaquirana_(606_m) -999.9 -999.9 980.5 953.8 953.9 8.4 6.6 214.0 Rio_Grande_do_Sul DCRS -999.9 0.0 0.0 601.02 601.08 600.96 0 0.0 601.28 601.96 601.96 601.96
-28.798800 -50.429798 DCRS-00086 2026-09-14_08:59 12.0 -999.9 -999.9 77.8 -999.9 -999.9 8.2 -999.9 -999.9 954.0 -999.9 -999.9 4.3 -999.9 4.4 113.0 0.0 0.0 0.0 0.0 39.4 41.8 12.1 8.6 91.7 77.5 9.9 DCRS_-_Bom_Jesus/Jaquirana_(606_m) -999.9 -999.9 980.5 953.8 954.0 8.4 6.6 214.0 Rio_Grande_do_Sul DCRS -999.9 0.0 0.0 601.02 601.08 600.96 0 0.0 601.28 601.96 601.96 601.96
-28.798800 -50.429798 DCRS-00086 2026-09-14_09:00 12.0 -999.9 -999.9 78.1 -999.9 -999.9 8.3 -999.9 -999.9 954.4 -999.9 -999.9 2.3 -999.9 4.9 116.0 0.0 0.0 0.0 0.0 39.4 41.8 12.1 8.6 91.7 77.5 9.9 DCRS_-_Bom_Jesus/Jaquirana_(606_m) -999.9 -999.9 980.5 953.8 954.4 8.4 6.6 214.0 Rio_Grande_do_Sul DCRS -999.9 0.0 0.0 601.02 601.08 600.96 0 -0.01 601.28 601.96 601.96 601.96
-28.798800 -50.429798 DCRS-00086 2026-09-14_09:01 11.9 -999.9 -999.9 78.0 -999.9 -999.9 8.1 -999.9 -999.9 954.3 -999.9 -999.9 0.0 -999.9 4.9 118.0 0.0 0.0 0.0 0.0 39.4 41.8 12.1 8.6 91.7 77.5 9.9 DCRS_-_Bom_Jesus/Jaquirana_(606_m) -999.9 -999.9 980.5 953.8 954.3 8.4 6.6 214.0 Rio_Grande_do_Sul DCRS -999.9 0.0 0.0 601.01 601.08 600.96 0 -0.02 601.28 601.96 601.96 601.96
-28.798800 -50.429798 DCRS-00086 2026-09-14_09:02 11.9 -999.9 -999.9 78.1 -999.9 -999.9 8.2 -999.9 -999.9 954.5 -999.9 -999.9 0.0 -999.9 4.9 126.0 0.0 0.0 0.0 0.0 39.4 41.8 12.1 8.6 91.7 77.5 9.9 DCRS_-_Bom_Jesus/Jaquirana_(606_m) -999.9 -999.9 980.5 953.8 954.5 8.4 6.6 214.0 Rio_Grande_do_Sul DCRS -999.9 0.0 0.0 601.01 601.08 600.96 0 0.01 601.28 601.96 601.96 601.96
-28.798800 -50.429798 DCRS-00086 2026-09-14_09:03 11.9 -999.9 -999.9 78.0 -999.9 -999.9 8.1 -999.9 -999.9 954.5 -999.9 -999.9 4.4 -999.9 4.9 133.0 0.0 0.0 0.0 0.0 39.4 41.8 12.1 8.6 91.7 77.5 9.9 DCRS_-_Bom_Jesus/Jaquirana_(606_m) -999.9 -999.9 980.5 953.8 954.5 8.4 6.6 214.0 Rio_Grande_do_Sul DCRS -999.9 0.0 0.0 601.0 601.08 600.96 0 0.0 601.28 601.96 601.96 601.96
-28.798800 -50.429798 DCRS-00086 2026-09-14_09:04 12.0 -999.9 -999.9 78.3 -999.9 -999.9 8.3 -999.9 -999.9 954.8 -999.9 -999.9 3.9 -999.9 4.9 133.0 0.0 0.0 0.0 0.0 39.4 41.8 12.1 8.6 91.7 77.5 9.9 DCRS_-_Bom_Jesus/Jaquirana_(606_m) -999.9 -999.9 980.5 953.8 954.8 8.4 6.6 214.0 Rio_Grande_do_Sul DCRS -999.9 0.0 0.0 601.0 601.08 600.96 0 -0.01 601.28 601.96 601.96 601.96
-28.798800 -50.429798 DCRS-00086 2026-09-14_09:05 12.0 -999.9 -999.9 79.0 -999.9 -999.9 8.4 -999.9 -999.9 955.2 -999.9 -999.9 -999.9 -999.9 4.4 133.0 0.0 0.0 0.0 0.0 39.4 41.8 12.1 8.6 91.7 77.5 9.9 DCRS_-_Bom_Jesus/Jaquirana_(606_m) -999.9 -999.9 980.5 953.8 955.2 8.4 6.6 214.0 Rio_Grande_do_Sul DCRS -999.9 0.0 0.0 601.02 601.08 600.96 0 0.02 601.28 601.96 601.96 601.96
-28.798800 -50.429798 DCRS-00086 2026-09-14_09:06 12.0 -999.9 -999.9 78.4 -999.9 -999.9 8.3 -999.9 -999.9 955.2 -999.9 -999.9 -999.9 -999.9 4.4 130.0 0.0 0.0 0.0 0.0 39.4 41.8 12.1 8.6 91.7 77.5 9.9 DCRS_-_Bom_Jesus/Jaquirana_(606_m) -999.9 -999.9 980.5 953.8 955.2 8.4 6.6 214.0 Rio_Grande_do_Sul DCRS -999.9 0.0 0.0 600.99 601.08 600.96 0 -0.01 601.28 601.96 601.96 601.96
-28.798800 -50.429798 DCRS-00086 2026-09-14_09:07 12.1 -999.9 -999.9 78.2 -999.9 -999.9 8.4 -999.9 -999.9 955.2 -999.9 -999.9 -999.9 -999.9 4.4 132.0 0.0 0.0 0.0 0.0 39.4 41.8 12.1 8.6 91.7 77.5 9.9 DCRS_-_Bom_Jesus/Jaquirana_(606_m) -999.9 -999.9 980.5 953.8 955.2 8.4 6.6 214.0 Rio_Grande_do_Sul DCRS -999.9 0.0 0.0 601.0 601.08 600.96 -1 -0.02 601.28 601.96 601.96 601.96
-28.798800 -50.429798 DCRS-00086 2026-09-14_09:08 12.1 -999.9 -999.9 78.2 -999.9 -999.9 8.4 -999.9 -999.9 955.2 -999.9 -999.9 -999.9 -999.9 4.4 133.0 0.0 0.0 0.0 0.0 39.4 41.8 12.1 8.6 91.7 77.5 9.9 DCRS_-_Bom_Jesus/Jaquirana_(606_m) -999.9 -999.9 980.5 953.8 955.2 8.4 6.6 214.0 Rio_Grande_do_Sul DCRS -999.9 0.0 0.0 601.02 601.08 600.96 -1 0.0 601.28 601.96 601.96 601.96
-28.798800 -50.429798 DCRS-00086 2026-09-14_09:09 12.1 -999.9 -999.9 78.3 -999.9 -999.9 8.4 -999.9 -999.9 955.4 -999.9 -999.9 -999.9 -999.9 4.4 128.0 0.0 0.0 0.0 0.0 39.4 41.8 12.1 8.6 91.7 77.5 9.9 DCRS_-_Bom_Jesus/Jaquirana_(606_m) -999.9 -999.9 980.5 953.8 955.4 8.4 6.6 214.0 Rio_Grande_do_Sul DCRS -999.9 0.0 0.0 601.01 601.08 600.96 -1 0.02 601.28 601.96 601.96 601.96
-28.798800 -50.429798 DCRS-00086 2026-09-14_09:10 12.1 -999.9 -999.9 79.2 -999.9 -999.9 8.6 -999.9 -999.9 956.0 -999.9 -999.9 5.3 -999.9 5.9 126.0 0.0 0.0 0.0 0.0 39.4 41.8 12.1 8.6 91.7 77.5 9.9 DCRS_-_Bom_Jesus/Jaquirana_(606_m) -999.9 -999.9 980.5 953.8 956.0 8.6 6.6 214.0 Rio_Grande_do_Sul DCRS -999.9 0.0 0.0 601.01 601.08 600.96 -1 0.02 601.28 601.96 601.96 601.96
-28.798800 -50.429798 DCRS-00086 2026-09-14_09:11 12.1 -999.9 -999.9 79.0 -999.9 -999.9 8.5 -999.9 -999.9 956.1 -999.9 -999.9 4.2 -999.9 5.9 122.0 0.0 0.0 0.0 0.0 39.4 41.8 12.1 8.6 91.7 77.5 9.9 DCRS_-_Bom_Jesus/Jaquirana_(606_m) -999.9 -999.9 980.5 953.8 956.1 8.6 6.6 214.0 Rio_Grande_do_Sul DCRS -999.9 0.0 0.0 601.02 601.08 600.96 -1 0.0 601.28 601.96 601.96 601.96
-28.798800 -50.429798 DCRS-00086 2026-09-14_09:12 12.1 -999.9 -999.9 78.8 -999.9 -999.9 8.5 -999.9 -999.9 956.0 -999.9 -999.9 5.9 -999.9 5.9 118.0 0.0 0.0 0.0 0.0 39.4 41.8 12.1 8.6 91.7 77.5 9.9 DCRS_-_Bom_Jesus/Jaquirana_(606_m) -999.9 -999.9 980.5 953.8 956.0 8.6 6.6 214.0 Rio_Grande_do_Sul DCRS -999.9 0.0 0.0 601.02 601.08 600.96 -1 -0.01 601.28 601.96 601.96 601.96
-28.798800 -50.429798 DCRS-00086 2026-09-14_09:13 12.1 -999.9 -999.9 79.9 -999.9 -999.9 8.7 -999.9 -999.9 956.7 -999.9 -999.9 4.6 -999.9 5.9 113.0 0.0 0.0 0.0 0.0 39.4 41.8 12.1 8.6 91.7 77.5 9.9 DCRS_-_Bom_Jesus/Jaquirana_(606_m) -999.9 -999.9 980.5 953.8 956.7 8.7 6.6 214.0 Rio_Grande_do_Sul DCRS -999.9 0.0 0.0 601.01 601.08 600.96 -1 0.01 601.28 601.96 601.96 601.96
-28.798800 -50.429798 DCRS-00086 2026-09-14_09:14 12.1 -999.9 -999.9 80.4 -999.9 -999.9 8.8 -999.9 -999.9 957.3 -999.9 -999.9 4.1 -999.9 5.9 112.0 0.0 0.0 0.0 0.0 39.4 41.8 12.1 8.6 91.7 77.5 9.9 DCRS_-_Bom_Jesus/Jaquirana_(606_m) -999.9 -999.9 980.5 953.8 957.3 8.8 6.6 214.0 Rio_Grande_do_Sul DCRS -999.9 0.0 0.0 601.0 601.08 600.96 -1 -0.04 601.28 601.96 601.96 601.96
-28.798800 -50.429798 DCRS-00086 2026-09-14_09:15 12.2 -999.9 -999.9 80.5 -999.9 -999.9 8.9 -999.9 -999.9 957.9 -999.9 -999.9 5.1 -999.9 6.5 113.0 0.0 0.0 0.0 0.0 39.4 41.8 12.2 8.6 91.7 77.5 9.9 DCRS_-_Bom_Jesus/Jaquirana_(606_m) -999.9 -999.9 980.5 953.8 957.9 8.9 6.6 214.0 Rio_Grande_do_Sul DCRS -999.9 0.0 0.0 601.02 601.08 600.96 -1 -0.02 601.28 601.96 601.96 601.96
-28.798800 -50.429798 DCRS-00086 2026-09-14_09:16 12.2 -999.9 -999.9 80.4 -999.9 -999.9 8.9 -999.9 -999.9 957.8 -999.9 -999.9 3.7 -999.9 6.5 112.0 0.0 0.0 0.0 0.0 39.4 41.8 12.2 8.6 91.7 77.5 9.9 DCRS_-_Bom_Jesus/Jaquirana_(606_m) -999.9 -999.9 980.5 953.8 957.8 8.9 6.6 214.0 Rio_Grande_do_Sul DCRS -999.9 0.0 0.0 600.99 601.08 600.96 -1 -0.04 601.28 601.96 601.96 601.96
-28.798800 -50.429798 DCRS-00086 2026-09-14_09:17 12.2 -999.9 -999.9 80.0 -999.9 -999.9 8.8 -999.9 -999.9 958.0 -999.9 -999.9 3.2 -999.9 6.5 106.0 0.0 0.0 0.0 0.0 39.4 41.8 12.2 8.6 91.7 77.5 9.9 DCRS_-_Bom_Jesus/Jaquirana_(606_m) -999.9 -999.9 980.5 953.8 958.0 8.9 6.6 214.0 Rio_Grande_do_Sul DCRS -999.9 0.0 0.0 600.99 601.08 600.96 -1 -0.04 601.28 601.96 601.96 601.96
-28.798800 -50.429798 DCRS-00086 2026-09-14_09:18 12.3 -999.9 -999.9 80.8 -999.9 -999.9 9.1 -999.9 -999.9 958.4 -999.9 -999.9 4.0 -999.9 6.5 103.0 0.0 0.0 0.0 0.0 39.4 41.8 12.3 8.6 91.7 77.5 9.9 DCRS_-_Bom_Jesus/Jaquirana_(606_m) -999.9 -999.9 980.5 953.8 958.4 9.1 6.6 214.0 Rio_Grande_do_Sul DCRS -999.9 0.0 0.0 601.01 601.08 600.96 -1 0.01 601.28 601.96 601.96 601.96
-28.798800 -50.429798 DCRS-00086 2026-09-14_09:19 12.2 -999.9 -999.9 80.4 -999.9 -999.9 8.9 -999.9 -999.9 958.5 -999.9 -999.9 3.9 -999.9 6.5 104.0 0.0 0.0 0.0 0.0 39.4 41.8 12.3 8.6 91.7 77.5 9.9 DCRS_-_Bom_Jesus/Jaquirana_(606_m) -999.9 -999.9 980.5 953.8 958.5 9.1 6.6 214.0 Rio_Grande_do_Sul DCRS -999.9 0.0 0.0 601.03 601.08 600.96 -1 0.02 601.28 601.96 601.96 601.96
-28.798800 -50.429798 DCRS-00086 2026-09-14_09:20 12.2 -999.9 -999.9 79.2 -999.9 -999.9 8.7 -999.9 -999.9 957.8 -999.9 -999.9 -999.9 -999.9 5.3 105.0 0.0 0.0 0.0 0.0 39.4 41.8 12.3 8.6 91.7 77.5 9.9 DCRS_-_Bom_Jesus/Jaquirana_(606_m) -999.9 -999.9 980.5 953.8 957.8 9.1 6.6 214.0 Rio_Grande_do_Sul DCRS -999.9 0.0 0.0 601.0 601.08 600.96 -1 -0.02 601.28 601.96 601.96 601.96
-28.798800 -50.429798 DCRS-00086 2026-09-14_09:21 12.2 -999.9 -999.9 79.3 -999.9 -999.9 8.7 -999.9 -999.9 957.5 -999.9 -999.9 4.5 -999.9 5.3 104.0 0.0 0.0 0.0 0.0 39.4 41.8 12.3 8.6 91.7 77.5 9.9 DCRS_-_Bom_Jesus/Jaquirana_(606_m) -999.9 -999.9 980.5 953.8 957.5 9.1 6.6 214.0 Rio_Grande_do_Sul DCRS -999.9 0.0 0.0 600.99 601.08 600.96 -1 -0.01 601.28 601.96 601.96 601.96
-28.798800 -50.429798 DCRS-00086 2026-09-14_09:22 12.2 -999.9 -999.9 79.0 -999.9 -999.9 8.6 -999.9 -999.9 957.2 -999.9 -999.9 5.3 -999.9 5.3 101.0 0.0 0.0 0.0 0.0 39.4 41.8 12.3 8.6 91.7 77.5 9.9 DCRS_-_Bom_Jesus/Jaquirana_(606_m) -999.9 -999.9 980.5 953.8 957.2 9.1 6.6 214.0 Rio_Grande_do_Sul DCRS -999.9 0.0 0.0 601.01 601.08 600.96 -1 -0.02 601.28 601.96 601.96 601.96
-28.798800 -50.429798 DCRS-00086 2026-09-14_09:23 12.2 -999.9 -999.9 79.2 -999.9 -999.9 8.7 -999.9 -999.9 957.2 -999.9 -999.9 4.6 -999.9 5.3 96.0 0.0 0.0 0.0 0.0 39.4 41.8 12.3 8.6 91.7 77.5 9.9 DCRS_-_Bom_Jesus/Jaquirana_(606_m) -999.9 -999.9 980.5 953.8 957.2 9.1 6.6 214.0 Rio_Grande_do_Sul DCRS -999.9 0.0 0.0 601.02 601.08 600.96 -1 -0.01 601.28 601.96 601.96 601.96
-28.798800 -50.429798 DCRS-00086 2026-09-14_09:24 12.2 -999.9 -999.9 79.4 -999.9 -999.9 8.7 -999.9 -999.9 957.4 -999.9 -999.9 4.9 -999.9 5.3 91.0 0.0 0.0 0.0 0.0 39.4 41.8 12.3 8.6 91.7 77.5 9.9 DCRS_-_Bom_Jesus/Jaquirana_(606_m) -999.9 -999.9 980.5 953.8 957.4 9.1 6.6 214.0 Rio_Grande_do_Sul DCRS -999.9 0.0 0.0 600.99 601.08 600.96 -1 -0.03 601.28 601.96 601.96 601.96
-28.798800 -50.429798 DCRS-00086 2026-09-14_09:25 12.2 -999.9 -999.9 79.4 -999.9 -999.9 8.7 -999.9 -999.9 957.5 -999.9 -999.9 4.2 -999.9 5.9 89.0 0.0 0.0 0.0 0.0 39.4 41.8 12.3 8.6 91.7 77.5 9.9 DCRS_-_Bom_Jesus/Jaquirana_(606_m) -999.9 -999.9 980.5 953.8 957.5 9.1 6.6 214.0 Rio_Grande_do_Sul DCRS -999.9 0.0 0.0 601.01 601.08 600.96 -1 -0.01 601.28 601.96 601.96 601.96
-28.798800 -50.429798 DCRS-00086 2026-09-14_09:26 12.3 -999.9 -999.9 80.5 -999.9 -999.9 9.0 -999.9 -999.9 958.1 -999.9 -999.9 4.0 -999.9 5.9 88.0 0.0 0.0 0.0 0.0 39.4 41.8 12.3 8.6 91.7 77.5 9.9 DCRS_-_Bom_Jesus/Jaquirana_(606_m) -999.9 -999.9 980.5 953.8 958.1 9.1 6.6 214.0 Rio_Grande_do_Sul DCRS -999.9 0.0 0.0 601.02 601.08 600.96 -1 0.0 601.28 601.96 601.96 601.96
-28.798800 -50.429798 DCRS-00086 2026-09-14_09:27 12.2 -999.9 -999.9 81.1 -999.9 -999.9 9.0 -999.9 -999.9 958.9 -999.9 -999.9 4.9 -999.9 5.9 87.0 0.0 0.0 0.0 0.0 39.4 41.8 12.3 8.6 91.7 77.5 9.9 DCRS_-_Bom_Jesus/Jaquirana_(606_m) -999.9 -999.9 980.5 953.8 958.9 9.1 6.6 214.0 Rio_Grande_do_Sul DCRS -999.9 0.0 0.0 600.99 601.08 600.96 -1 -0.03 601.28 601.96 601.96 601.96
-28.798800 -50.429798 DCRS-00086 2026-09-14_09:28 12.2 -999.9 -999.9 80.5 -999.9 -999.9 8.9 -999.9 -999.9 958.9 -999.9 -999.9 4.3 -999.9 5.9 86.0 0.0 0.0 0.0 0.0 39.4 41.8 12.3 8.6 91.7 77.5 9.9 DCRS_-_Bom_Jesus/Jaquirana_(606_m) -999.9 -999.9 980.5 953.8 958.9 9.1 6.6 214.0 Rio_Grande_do_Sul DCRS -999.9 0.0 0.0 601.01 601.08 600.96 -1 -0.02 601.28 601.96 601.96 601.96
-28.798800 -50.429798 DCRS-00086 2026-09-14_09:29 12.2 -999.9 -999.9 80.4 -999.9 -999.9 8.9 -999.9 -999.9 958.7 -999.9 -999.9 4.8 -999.9 5.9 86.0 0.0 0.0 0.0 0.0 39.4 41.8 12.3 8.6 91.7 77.5 9.9 DCRS_-_Bom_Jesus/Jaquirana_(606_m) -999.9 -999.9 980.5 953.8 958.7 9.1 6.6 214.0 Rio_Grande_do_Sul DCRS -999.9 0.0 0.0 601.02 601.08 600.96 -1 0.0 601.28 601.96 601.96 601.96
-28.798800 -50.429798 DCRS-00086 2026-09-14_09:30 12.2 -999.9 -999.9 80.6 -999.9 -999.9 8.9 -999.9 -999.9 958.9 -999.9 -999.9 5.0 -999.9 5.5 88.0 0.0 0.0 0.0 0.0 39.4 41.8 12.3 8.6 91.7 77.5 9.9 DCRS_-_Bom_Jesus/Jaquirana_(606_m) -999.9 -999.9 980.5 953.8 958.9 9.1 6.6 214.0 Rio_Grande_do_Sul DCRS -999.9 0.0 0.0 600.99 601.08 600.96 -1 -0.04 601.28 601.96 601.96 601.96
-28.798800 -50.429798 DCRS-00086 2026-09-14_09:31 12.3 -999.9 -999.9 80.9 -999.9 -999.9 9.1 -999.9 -999.9 959.4 -999.9 -999.9 4.7 -999.9 5.5 94.0 0.0 0.0 0.0 0.0 39.4 41.8 12.3 8.6 91.7 77.5 9.9 DCRS_-_Bom_Jesus/Jaquirana_(606_m) -999.9 -999.9 980.5 953.8 959.4 9.1 6.6 214.0 Rio_Grande_do_Sul DCRS -999.9 0.0 0.0 601.01 601.08 600.96 0 -0.01 601.28 601.96 601.96 601.96
-28.798800 -50.429798 DCRS-00086 2026-09-14_09:32 12.3 -999.9 -999.9 81.0 -999.9 -999.9 9.1 -999.9 -999.9 959.5 -999.9 -999.9 3.5 -999.9 5.5 96.0 0.0 0.0 0.0 0.0 39.4 41.8 12.3 8.6 91.7 77.5 9.9 DCRS_-_Bom_Jesus/Jaquirana_(606_m) -999.9 -999.9 980.5 953.8 959.5 9.1 6.6 214.0 Rio_Grande_do_Sul DCRS -999.9 0.0 0.0 601.02 601.08 600.96 0 0.0 601.28 601.96 601.96 601.96
-28.798800 -50.429798 DCRS-00086 2026-09-14_09:33 12.3 -999.9 -999.9 81.5 -999.9 -999.9 9.2 -999.9 -999.9 959.9 -999.9 -999.9 4.3 -999.9 5.5 99.0 0.0 0.0 0.0 0.0 39.4 41.8 12.3 8.6 91.7 77.5 9.9 DCRS_-_Bom_Jesus/Jaquirana_(606_m) -999.9 -999.9 980.5 953.8 959.9 9.2 6.6 214.0 Rio_Grande_do_Sul DCRS -999.9 0.0 0.0 601.0 601.08 600.96 0 -0.02 601.28 601.96 601.96 601.96
-28.798800 -50.429798 DCRS-00086 2026-09-14_09:34 12.3 -999.9 -999.9 82.1 -999.9 -999.9 9.3 -999.9 -999.9 960.5 -999.9 -999.9 4.1 -999.9 5.5 101.0 0.0 0.0 0.0 0.0 39.4 41.8 12.3 8.6 91.7 77.5 9.9 DCRS_-_Bom_Jesus/Jaquirana_(606_m) -999.9 -999.9 980.5 953.8 960.5 9.3 6.6 214.0 Rio_Grande_do_Sul DCRS -999.9 0.0 0.0 601.01 601.08 600.96 0 0.0 601.28 601.96 601.96 601.96
-28.798800 -50.429798 DCRS-00086 2026-09-14_09:35 12.3 -999.9 -999.9 81.5 -999.9 -999.9 9.2 -999.9 -999.9 960.5 -999.9 -999.9 0.0 -999.9 6.1 98.0 0.0 0.0 0.0 0.0 39.4 41.8 12.3 8.6 91.7 77.5 9.9 DCRS_-_Bom_Jesus/Jaquirana_(606_m) -999.9 -999.9 980.5 953.8 960.5 9.3 6.6 214.0 Rio_Grande_do_Sul DCRS -999.9 0.0 0.0 601.01 601.08 600.96 0 0.0 601.28 601.96 601.96 601.96
-28.798800 -50.429798 DCRS-00086 2026-09-14_09:36 12.2 -999.9 -999.9 80.8 -999.9 -999.9 9.0 -999.9 -999.9 960.0 -999.9 -999.9 0.0 -999.9 6.1 100.0 0.0 0.0 0.0 0.0 39.4 41.8 12.3 8.6 91.7 77.5 9.9 DCRS_-_Bom_Jesus/Jaquirana_(606_m) -999.9 -999.9 980.5 953.8 960.0 9.3 6.6 214.0 Rio_Grande_do_Sul DCRS -999.9 0.0 0.0 600.99 601.08 600.96 0 -0.02 601.28 601.96 601.96 601.96
-28.798800 -50.429798 DCRS-00086 2026-09-14_09:37 12.2 -999.9 -999.9 80.6 -999.9 -999.9 8.9 -999.9 -999.9 959.5 -999.9 -999.9 0.0 -999.9 6.1 101.0 0.0 0.0 0.0 0.0 39.4 41.8 12.3 8.6 91.7 77.5 9.9 DCRS_-_Bom_Jesus/Jaquirana_(606_m) -999.9 -999.9 980.5 953.8 959.5 9.3 6.6 214.0 Rio_Grande_do_Sul DCRS -999.9 0.0 0.0 601.03 601.08 600.96 0 0.01 601.28 601.96 601.96 601.96
-28.798800 -50.429798 DCRS-00086 2026-09-14_09:38 12.1 -999.9 -999.9 81.6 -999.9 -999.9 9.0 -999.9 -999.9 959.7 -999.9 -999.9 2.5 -999.9 6.1 104.0 0.0 0.0 0.0 0.0 39.4 41.8 12.3 8.6 91.7 77.5 9.9 DCRS_-_Bom_Jesus/Jaquirana_(606_m) -999.9 -999.9 980.5 953.8 959.7 9.3 6.6 214.0 Rio_Grande_do_Sul DCRS -999.9 0.0 0.0 601.02 601.08 600.96 0 0.01 601.28 601.96 601.96 601.96
-28.798800 -50.429798 DCRS-00086 2026-09-14_09:39 12.1 -999.9 -999.9 82.7 -999.9 -999.9 9.2 -999.9 -999.9 960.6 -999.9 -999.9 3.8 -999.9 6.1 107.0 0.0 0.0 0.0 0.0 39.4 41.8 12.3 8.6 91.7 77.5 9.9 DCRS_-_Bom_Jesus/Jaquirana_(606_m) -999.9 -999.9 980.5 953.8 960.6 9.3 6.6 214.0 Rio_Grande_do_Sul DCRS -999.9 0.0 0.0 601.01 601.08 600.96 0 -0.01 601.28 601.96 601.96 601.96
-28.798800 -50.429798 DCRS-00086 2026-09-14_09:40 12.0 -999.9 -999.9 82.4 -999.9 -999.9 9.1 -999.9 -999.9 960.9 -999.9 -999.9 0.0 -999.9 6.0 112.0 0.0 0.0 0.0 0.0 39.4 41.8 12.3 8.6 91.7 77.5 9.9 DCRS_-_Bom_Jesus/Jaquirana_(606_m) -999.9 -999.9 980.5 953.8 960.9 9.3 6.6 214.0 Rio_Grande_do_Sul DCRS -999.9 0.0 0.0 601.0 601.08 600.96 0 -0.01 601.28 601.96 601.96 601.96
-28.798800 -50.429798 DCRS-00086 2026-09-14_09:41 12.0 -999.9 -999.9 81.8 -999.9 -999.9 9.0 -999.9 -999.9 960.5 -999.9 -999.9 0.0 -999.9 6.0 116.0 0.0 0.0 0.0 0.0 39.4 41.8 12.3 8.6 91.7 77.5 9.9 DCRS_-_Bom_Jesus/Jaquirana_(606_m) -999.9 -999.9 980.5 953.8 960.5 9.3 6.6 214.0 Rio_Grande_do_Sul DCRS -999.9 0.0 0.0 601.01 601.08 600.96 0 0.0 601.28 601.96 601.96 601.96
-28.798800 -50.429798 DCRS-00086 2026-09-14_09:42 12.0 -999.9 -999.9 82.8 -999.9 -999.9 9.1 -999.9 -999.9 961.1 -999.9 -999.9 2.0 -999.9 6.0 119.0 0.0 0.0 0.0 0.0 39.4 41.8 12.3 8.6 91.7 77.5 9.9 DCRS_-_Bom_Jesus/Jaquirana_(606_m) -999.9 -999.9 980.5 953.8 961.1 9.3 6.6 214.0 Rio_Grande_do_Sul DCRS -999.9 0.0 0.0 601.03 601.08 600.96 0 0.03 601.28 601.96 601.96 601.96
-28.798800 -50.429798 DCRS-00086 2026-09-14_09:43 11.9 -999.9 -999.9 82.6 -999.9 -999.9 9.0 -999.9 -999.9 961.2 -999.9 -999.9 3.7 -999.9 6.0 117.0 0.0 0.0 0.0 0.0 39.4 41.8 12.3 8.6 91.7 77.5 9.9 DCRS_-_Bom_Jesus/Jaquirana_(606_m) -999.9 -999.9 980.5 953.8 961.2 9.3 6.6 214.0 Rio_Grande_do_Sul DCRS -999.9 0.0 0.0 601.01 601.08 600.96 0 -0.01 601.28 601.96 601.96 601.96
-28.798800 -50.429798 DCRS-00086 2026-09-14_09:44 11.8 -999.9 -999.9 82.8 -999.9 -999.9 8.9 -999.9 -999.9 961.4 -999.9 -999.9 4.0 -999.9 6.0 111.0 0.0 0.0 0.0 0.0 39.4 41.8 12.3 8.6 91.7 77.5 9.9 DCRS_-_Bom_Jesus/Jaquirana_(606_m) -999.9 -999.9 980.5 953.8 961.4 9.3 6.6 214.0 Rio_Grande_do_Sul DCRS -999.9 0.0 0.0 601.0 601.08 600.96 0 -0.01 601.28 601.96 601.96 601.96
-28.798800 -50.429798 DCRS-00086 2026-09-14_09:45 11.9 -999.9 -999.9 83.3 -999.9 -999.9 9.1 -999.9 -999.9 961.8 -999.9 -999.9 3.8 -999.9 4.3 116.0 0.0 0.0 0.0 0.0 39.4 41.8 12.3 8.6 91.7 77.5 9.9 DCRS_-_Bom_Jesus/Jaquirana_(606_m) -999.9 -999.9 980.5 953.8 961.8 9.3 6.6 214.0 Rio_Grande_do_Sul DCRS -999.9 0.0 0.0 601.02 601.08 600.96 0 -0.01 601.28 601.96 601.96 601.96
-28.798800 -50.429798 DCRS-00086 2026-09-14_09:46 11.8 -999.9 -999.9 83.2 -999.9 -999.9 9.0 -999.9 -999.9 961.9 -999.9 -999.9 3.8 -999.9 4.3 124.0 0.0 0.0 0.0 0.0 39.4 41.8 12.3 8.6 91.7 77.5 9.9 DCRS_-_Bom_Jesus/Jaquirana_(606_m) -999.9 -999.9 980.5 953.8 961.9 9.3 6.6 214.0 Rio_Grande_do_Sul DCRS -999.9 0.0 0.0 601.02 601.08 600.96 0 -0.01 601.28 601.96 601.96 601.96
-28.798800 -50.429798 DCRS-00086 2026-09-14_09:47 11.8 -999.9 -999.9 83.1 -999.9 -999.9 9.0 -999.9 -999.9 962.1 -999.9 -999.9 3.9 -999.9 4.3 128.0 0.0 0.0 0.0 0.0 39.4 41.8 12.3 8.6 91.7 77.5 9.9 DCRS_-_Bom_Jesus/Jaquirana_(606_m) -999.9 -999.9 980.5 953.8 962.1 9.3 6.6 214.0 Rio_Grande_do_Sul DCRS -999.9 0.0 0.0 601.02 601.08 600.96 0 0.01 601.28 601.96 601.96 601.96
-28.798800 -50.429798 DCRS-00086 2026-09-14_09:48 11.8 -999.9 -999.9 83.1 -999.9 -999.9 9.0 -999.9 -999.9 962.1 -999.9 -999.9 2.1 -999.9 4.3 130.0 0.0 0.0 0.0 0.0 39.4 41.8 12.3 8.6 91.7 77.5 9.9 DCRS_-_Bom_Jesus/Jaquirana_(606_m) -999.9 -999.9 980.5 953.8 962.1 9.3 6.6 214.0 Rio_Grande_do_Sul DCRS -999.9 0.0 0.0 600.99 601.08 600.96 0 0.0 601.28 601.96 601.96 601.96
-28.798800 -50.429798 DCRS-00086 2026-09-14_09:49 11.7 -999.9 -999.9 83.2 -999.9 -999.9 8.9 -999.9 -999.9 962.2 -999.9 -999.9 3.6 -999.9 4.3 130.0 0.0 0.0 0.0 0.0 39.4 41.8 12.3 8.6 91.7 77.5 9.9 DCRS_-_Bom_Jesus/Jaquirana_(606_m) -999.9 -999.9 980.5 953.8 962.2 9.3 6.6 214.0 Rio_Grande_do_Sul DCRS -999.9 0.0 0.0 601.02 601.08 600.96 0 -0.01 601.28 601.96 601.96 601.96
-28.798800 -50.429798 DCRS-00086 2026-09-14_09:50 11.7 -999.9 -999.9 83.1 -999.9 -999.9 8.9 -999.9 -999.9 962.1 -999.9 -999.9 2.6 -999.9 4.2 126.0 0.0 0.0 0.0 0.0 39.4 41.8 12.3 8.6 91.7 77.5 9.9 DCRS_-_Bom_Jesus/Jaquirana_(606_m) -999.9 -999.9 980.5 953.8 962.1 9.3 6.6 214.0 Rio_Grande_do_Sul DCRS -999.9 0.0 0.0 601.02 601.08 600.96 0 0.04 601.28 601.96 601.96 601.96
-28.798800 -50.429798 DCRS-00086 2026-09-14_09:51 11.7 -999.9 -999.9 83.1 -999.9 -999.9 8.9 -999.9 -999.9 962.1 -999.9 -999.9 3.2 -999.9 4.2 132.0 0.0 0.0 0.0 0.0 39.4 41.8 12.3 8.6 91.7 77.5 9.9 DCRS_-_Bom_Jesus/Jaquirana_(606_m) -999.9 -999.9 980.5 953.8 962.1 9.3 6.6 214.0 Rio_Grande_do_Sul DCRS -999.9 0.0 0.0 601.01 601.08 600.96 0 0.0 601.28 601.96 601.96 601.96
-28.798800 -50.429798 DCRS-00086 2026-09-14_09:52 11.6 -999.9 -999.9 83.3 -999.9 -999.9 8.8 -999.9 -999.9 962.1 -999.9 -999.9 1.9 -999.9 4.2 142.0 0.0 0.0 0.0 0.0 39.4 41.8 12.3 8.6 91.7 77.5 9.9 DCRS_-_Bom_Jesus/Jaquirana_(606_m) -999.9 -999.9 980.5 953.8 962.1 9.3 6.6 214.0 Rio_Grande_do_Sul DCRS -999.9 0.0 0.0 601.02 601.08 600.96 0 0.0 601.28 601.96 601.96 601.96
-28.798800 -50.429798 DCRS-00086 2026-09-14_09:53 11.6 -999.9 -999.9 83.4 -999.9 -999.9 8.9 -999.9 -999.9 962.3 -999.9 -999.9 2.6 -999.9 4.2 140.0 0.0 0.0 0.0 0.0 39.4 41.8 12.3 8.6 91.7 77.5 9.9 DCRS_-_Bom_Jesus/Jaquirana_(606_m) -999.9 -999.9 980.5 953.8 962.3 9.3 6.6 214.0 Rio_Grande_do_Sul DCRS -999.9 0.0 0.0 601.01 601.08 600.96 0 -0.02 601.28 601.96 601.96 601.96
-28.798800 -50.429798 DCRS-00086 2026-09-14_09:54 11.5 -999.9 -999.9 83.7 -999.9 -999.9 8.8 -999.9 -999.9 962.6 -999.9 -999.9 3.7 -999.9 4.2 139.0 0.0 0.0 0.0 0.0 39.4 41.8 12.3 8.6 91.7 77.5 9.9 DCRS_-_Bom_Jesus/Jaquirana_(606_m) -999.9 -999.9 980.5 953.8 962.6 9.3 6.6 214.0 Rio_Grande_do_Sul DCRS -999.9 0.0 0.0 600.98 601.08 600.96 0 -0.03 601.28 601.96 601.96 601.96
-28.798800 -50.429798 DCRS-00086 2026-09-14_09:55 11.6 -999.9 -999.9 83.9 -999.9 -999.9 8.9 -999.9 -999.9 963.0 -999.9 -999.9 2.9 -999.9 3.9 128.0 0.0 0.0 0.0 0.0 39.4 41.8 12.3 8.6 91.7 77.5 9.9 DCRS_-_Bom_Jesus/Jaquirana_(606_m) -999.9 -999.9 980.5 953.8 963.0 9.3 6.6 214.0 Rio_Grande_do_Sul DCRS -999.9 0.0 0.0 601.0 601.08 600.96 0 -0.01 601.28 601.96 601.96 601.96
-28.798800 -50.429798 DCRS-00086 2026-09-14_09:56 11.6 -999.9 -999.9 84.2 -999.9 -999.9 9.0 -999.9 -999.9 963.3 -999.9 -999.9 3.8 -999.9 3.9 119.0 0.0 0.0 0.0 0.0 39.4 41.8 12.3 8.6 91.7 77.5 9.9 DCRS_-_Bom_Jesus/Jaquirana_(606_m) -999.9 -999.9 980.5 953.8 963.3 9.3 6.6 214.0 Rio_Grande_do_Sul DCRS -999.9 0.0 0.0 601.01 601.08 600.96 0 0.0 601.28 601.96 601.96 601.96
-28.798800 -50.429798 DCRS-00086 2026-09-14_09:57 11.6 -999.9 -999.9 84.1 -999.9 -999.9 9.0 -999.9 -999.9 963.7 -999.9 -999.9 2.7 -999.9 3.9 122.0 0.0 0.0 0.0 0.0 39.4 41.8 12.3 8.6 91.7 77.5 9.9 DCRS_-_Bom_Jesus/Jaquirana_(606_m) -999.9 -999.9 980.5 953.8 963.7 9.3 6.6 214.0 Rio_Grande_do_Sul DCRS -999.9 0.0 0.0 601.0 601.08 600.96 0 -0.01 601.28 601.96 601.96 601.96
-28.798800 -50.429798 DCRS-00086 2026-09-14_09:58 11.6 -999.9 -999.9 84.1 -999.9 -999.9 9.0 -999.9 -999.9 963.7 -999.9 -999.9 3.9 -999.9 3.9 126.0 0.0 0.0 0.0 0.0 39.4 41.8 12.3 8.6 91.7 77.5 9.9 DCRS_-_Bom_Jesus/Jaquirana_(606_m) -999.9 -999.9 980.5 953.8 963.7 9.3 6.6 214.0 Rio_Grande_do_Sul DCRS -999.9 0.0 0.0 601.03 601.08 600.96 0 0.01 601.28 601.96 601.96 601.96
-28.798800 -50.429798 DCRS-00086 2026-09-14_09:59 11.6 -999.9 -999.9 84.4 -999.9 -999.9 9.0 -999.9 -999.9 964.1 -999.9 -999.9 3.9 -999.9 3.9 120.0 0.0 0.0 0.0 0.0 39.4 41.8 12.3 8.6 91.7 77.5 9.9 DCRS_-_Bom_Jesus/Jaquirana_(606_m) -999.9 -999.9 980.5 953.8 964.1 9.3 6.6 214.0 Rio_Grande_do_Sul DCRS -999.9 0.0 0.0 601.01 601.08 600.96 0 -0.01 601.28 601.96 601.96 601.96
-28.798800 -50.429798 DCRS-00086 2026-09-14_10:00 11.6 -999.9 -999.9 84.7 -999.9 -999.9 9.1 -999.9 -999.9 964.4 -999.9 -999.9 -999.9 -999.9 4.1 116.0 0.0 0.0 0.0 0.0 39.4 41.8 12.3 8.6 91.7 77.5 9.9 DCRS_-_Bom_Jesus/Jaquirana_(606_m) -999.9 -999.9 980.5 953.8 964.4 9.3 6.6 214.0 Rio_Grande_do_Sul DCRS -999.9 0.0 0.0 601.01 601.08 600.96 0 -0.01 601.28 601.96 601.96 601.96
-28.798800 -50.429798 DCRS-00086 2026-09-14_10:01 11.6 -999.9 -999.9 85.4 -999.9 -999.9 9.2 -999.9 -999.9 965.2 -999.9 -999.9 3.7 -999.9 4.1 115.0 0.0 0.0 0.0 0.0 39.4 41.8 12.3 8.6 91.7 77.5 9.9 DCRS_-_Bom_Jesus/Jaquirana_(606_m) -999.9 -999.9 980.5 953.8 965.2 9.3 6.6 214.0 Rio_Grande_do_Sul DCRS -999.9 0.0 0.0 601.01 601.08 600.96 0 0.0 601.28 601.96 601.96 601.96
-28.798800 -50.429798 DCRS-00086 2026-09-14_10:02 11.6 -999.9 -999.9 84.8 -999.9 -999.9 9.1 -999.9 -999.9 965.1 -999.9 -999.9 3.6 -999.9 4.1 117.0 0.0 0.0 0.0 0.0 39.4 41.8 12.3 8.6 91.7 77.5 9.9 DCRS_-_Bom_Jesus/Jaquirana_(606_m) -999.9 -999.9 980.5 953.8 965.1 9.3 6.6 214.0 Rio_Grande_do_Sul DCRS -999.9 0.0 0.0 601.02 601.08 600.96 0 0.01 601.28 601.96 601.96 601.96
-28.798800 -50.429798 DCRS-00086 2026-09-14_10:03 11.6 -999.9 -999.9 84.6 -999.9 -999.9 9.1 -999.9 -999.9 965.1 -999.9 -999.9 3.1 -999.9 4.1 115.0 0.0 0.0 0.0 0.0 39.4 41.8 12.3 8.6 91.7 77.5 9.9 DCRS_-_Bom_Jesus/Jaquirana_(606_m) -999.9 -999.9 980.5 953.8 965.1 9.3 6.6 214.0 Rio_Grande_do_Sul DCRS -999.9 0.0 0.0 601.01 601.08 600.96 0 0.01 601.28 601.96 601.96 601.96
-28.798800 -50.429798 DCRS-00086 2026-09-14_10:04 11.6 -999.9 -999.9 84.8 -999.9 -999.9 9.1 -999.9 -999.9 965.1 -999.9 -999.9 3.3 -999.9 4.1 120.0 0.0 0.0 0.0 0.0 39.4 41.8 12.3 8.6 91.7 77.5 9.9 DCRS_-_Bom_Jesus/Jaquirana_(606_m) -999.9 -999.9 980.5 953.8 965.1 9.3 6.6 214.0 Rio_Grande_do_Sul DCRS -999.9 0.0 0.0 601.01 601.08 600.96 0 0.01 601.28 601.96 601.96 601.96
-28.798800 -50.429798 DCRS-00086 2026-09-14_10:05 11.6 -999.9 -999.9 84.8 -999.9 -999.9 9.1 -999.9 -999.9 965.2 -999.9 -999.9 2.8 -999.9 5.8 119.0 0.0 0.0 0.0 0.0 39.4 41.8 12.3 8.6 91.7 77.5 9.9 DCRS_-_Bom_Jesus/Jaquirana_(606_m) -999.9 -999.9 980.5 953.8 965.2 9.3 6.6 214.0 Rio_Grande_do_Sul DCRS -999.9 0.0 0.0 600.99 601.08 600.96 0 -0.03 601.28 601.96 601.96 601.96
-28.798800 -50.429798 DCRS-00086 2026-09-14_10:06 11.5 -999.9 -999.9 84.7 -999.9 -999.9 9.0 -999.9 -999.9 965.2 -999.9 -999.9 3.7 -999.9 5.8 119.0 0.0 0.0 0.0 0.0 39.4 41.8 12.3 8.6 91.7 77.5 9.9 DCRS_-_Bom_Jesus/Jaquirana_(606_m) -999.9 -999.9 980.5 953.8 965.2 9.3 6.6 214.0 Rio_Grande_do_Sul DCRS -999.9 0.0 0.0 601.02 601.08 600.96 0 0.03 601.28 601.96 601.96 601.96
-28.798800 -50.429798 DCRS-00086 2026-09-14_10:07 11.5 -999.9 -999.9 84.7 -999.9 -999.9 9.0 -999.9 -999.9 965.2 -999.9 -999.9 3.5 -999.9 5.8 119.0 0.0 0.0 0.0 0.0 39.4 41.8 12.3 8.6 91.7 77.5 9.9 DCRS_-_Bom_Jesus/Jaquirana_(606_m) -999.9 -999.9 980.5 953.8 965.2 9.3 6.6 214.0 Rio_Grande_do_Sul DCRS -999.9 0.0 0.0 601.02 601.08 600.96 0 0.02 601.28 601.96 601.96 601.96
-28.798800 -50.429798 DCRS-00086 2026-09-14_10:08 11.5 -999.9 -999.9 85.3 -999.9 -999.9 9.1 -999.9 -999.9 965.6 -999.9 -999.9 2.7 -999.9 5.8 122.0 0.0 0.0 0.0 0.0 39.4 41.8 12.3 8.6 91.7 77.5 9.9 DCRS_-_Bom_Jesus/Jaquirana_(606_m) -999.9 -999.9 980.5 953.8 965.6 9.3 6.6 214.0 Rio_Grande_do_Sul DCRS -999.9 0.0 0.0 601.03 601.08 600.96 0 0.02 601.28 601.96 601.96 601.96
-28.798800 -50.429798 DCRS-00086 2026-09-14_10:09 11.5 -999.9 -999.9 85.5 -999.9 -999.9 9.1 -999.9 -999.9 966.1 -999.9 -999.9 2.8 -999.9 5.8 126.0 0.0 0.0 0.0 0.0 39.4 41.8 12.3 8.6 91.7 77.5 9.9 DCRS_-_Bom_Jesus/Jaquirana_(606_m) -999.9 -999.9 980.5 953.8 966.1 9.3 6.6 214.0 Rio_Grande_do_Sul DCRS -999.9 0.0 0.0 600.99 601.08 600.96 0 -0.02 601.28 601.96 601.96 601.96
-28.798800 -50.429798 DCRS-00086 2026-09-14_10:10 11.5 -999.9 -999.9 85.6 -999.9 -999.9 9.1 -999.9 -999.9 966.4 -999.9 -999.9 2.5 -999.9 4.3 127.0 0.0 0.0 0.0 0.0 39.4 41.8 12.3 8.6 91.7 77.5 9.9 DCRS_-_Bom_Jesus/Jaquirana_(606_m) -999.9 -999.9 980.5 953.8 966.4 9.3 6.6 214.0 Rio_Grande_do_Sul DCRS -999.9 0.0 0.0 601.01 601.08 600.96 0 0.0 601.28 601.96 601.96 601.96
-28.798800 -50.429798 DCRS-00086 2026-09-14_10:11 11.5 -999.9 -999.9 85.6 -999.9 -999.9 9.1 -999.9 -999.9 966.7 -999.9 -999.9 0.0 -999.9 4.3 126.0 0.0 0.0 0.0 0.0 39.4 41.8 12.3 8.6 91.7 77.5 9.9 DCRS_-_Bom_Jesus/Jaquirana_(606_m) -999.9 -999.9 980.5 953.8 966.7 9.3 6.6 214.0 Rio_Grande_do_Sul DCRS -999.9 0.0 0.0 601.01 601.08 600.96 0 -0.01 601.28 601.96 601.96 601.96
-28.798800 -50.429798 DCRS-00086 2026-09-14_10:12 11.6 -999.9 -999.9 85.4 -999.9 -999.9 9.2 -999.9 -999.9 966.7 -999.9 -999.9 3.7 -999.9 4.3 124.0 0.0 0.0 0.0 0.0 39.4 41.8 12.3 8.6 91.7 77.5 9.9 DCRS_-_Bom_Jesus/Jaquirana_(606_m) -999.9 -999.9 980.5 953.8 966.7 9.3 6.6 214.0 Rio_Grande_do_Sul DCRS -999.9 0.0 0.0 601.02 601.08 600.96 0 0.0 601.28 601.96 601.96 601.96
-28.798800 -50.429798 DCRS-00086 2026-09-14_10:13 11.6 -999.9 -999.9 85.3 -999.9 -999.9 9.2 -999.9 -999.9 966.5 -999.9 -999.9 2.9 -999.9 4.3 126.0 0.0 0.0 0.0 0.0 39.4 41.8 12.3 8.6 91.7 77.5 9.9 DCRS_-_Bom_Jesus/Jaquirana_(606_m) -999.9 -999.9 980.5 953.8 966.5 9.3 6.6 214.0 Rio_Grande_do_Sul DCRS -999.9 0.0 0.0 601.01 601.08 600.96 0 0.0 601.28 601.96 601.96 601.96
-28.798800 -50.429798 DCRS-00086 2026-09-14_10:14 11.5 -999.9 -999.9 85.1 -999.9 -999.9 9.1 -999.9 -999.9 966.5 -999.9 -999.9 3.1 -999.9 4.3 128.0 0.0 0.0 0.0 0.0 39.4 41.8 12.3 8.6 91.7 77.5 9.9 DCRS_-_Bom_Jesus/Jaquirana_(606_m) -999.9 -999.9 980.5 953.8 966.5 9.3 6.6 214.0 Rio_Grande_do_Sul DCRS -999.9 0.0 0.0 601.02 601.08 600.96 0 0.02 601.28 601.96 601.96 601.96
-28.798800 -50.429798 DCRS-00086 2026-09-14_10:15 11.5 -999.9 -999.9 84.9 -999.9 -999.9 9.0 -999.9 -999.9 966.3 -999.9 -999.9 3.7 -999.9 4.3 132.0 0.0 0.0 0.0 0.0 39.4 41.8 12.3 8.6 91.7 77.5 9.9 DCRS_-_Bom_Jesus/Jaquirana_(606_m) -999.9 -999.9 980.5 953.8 966.3 9.3 6.6 214.0 Rio_Grande_do_Sul DCRS -999.9 0.0 0.0 601.01 601.08 600.96 0 -0.01 601.28 601.96 601.96 601.96
-28.798800 -50.429798 DCRS-00086 2026-09-14_10:16 11.6 -999.9 -999.9 85.0 -999.9 -999.9 9.1 -999.9 -999.9 966.4 -999.9 -999.9 3.6 -999.9 4.3 138.0 0.0 0.0 0.0 0.0 39.4 41.8 12.3 8.6 91.7 77.5 9.9 DCRS_-_Bom_Jesus/Jaquirana_(606_m) -999.9 -999.9 980.5 953.8 966.4 9.3 6.6 214.0 Rio_Grande_do_Sul DCRS -999.9 0.0 0.0 600.99 601.08 600.96 0 0.0 601.28 601.96 601.96 601.96
-28.798800 -50.429798 DCRS-00086 2026-09-14_10:17 11.6 -999.9 -999.9 85.3 -999.9 -999.9 9.2 -999.9 -999.9 966.6 -999.9 -999.9 3.6 -999.9 4.3 137.0 0.0 0.0 0.0 0.0 39.4 41.8 12.3 8.6 91.7 77.5 9.9 DCRS_-_Bom_Jesus/Jaquirana_(606_m) -999.9 -999.9 980.5 953.8 966.6 9.3 6.6 214.0 Rio_Grande_do_Sul DCRS -999.9 0.0 0.0 601.02 601.08 600.96 0 0.03 601.28 601.96 601.96 601.96
-28.798800 -50.429798 DCRS-00086 2026-09-14_10:18 11.6 -999.9 -999.9 85.5 -999.9 -999.9 9.2 -999.9 -999.9 967.1 -999.9 -999.9 3.8 -999.9 4.3 133.0 0.0 0.0 0.0 0.0 39.4 41.8 12.3 8.6 91.7 77.5 9.9 DCRS_-_Bom_Jesus/Jaquirana_(606_m) -999.9 -999.9 980.5 953.8 967.1 9.3 6.6 214.0 Rio_Grande_do_Sul DCRS -999.9 0.0 0.0 601.03 601.08 600.96 0 0.0 601.28 601.96 601.96 601.96
-28.798800 -50.429798 DCRS-00086 2026-09-14_10:19 11.6 -999.9 -999.9 85.1 -999.9 -999.9 9.2 -999.9 -999.9 967.0 -999.9 -999.9 4.0 -999.9 4.3 133.0 0.0 0.0 0.0 0.0 39.4 41.8 12.3 8.6 91.7 77.5 9.9 DCRS_-_Bom_Jesus/Jaquirana_(606_m) -999.9 -999.9 980.5 953.8 967.0 9.3 6.6 214.0 Rio_Grande_do_Sul DCRS -999.9 0.0 0.0 601.01 601.08 600.96 0 -0.02 601.28 601.96 601.96 601.96
-28.798800 -50.429798 DCRS-00086 2026-09-14_10:20 11.7 -999.9 -999.9 84.8 -999.9 -999.9 9.2 -999.9 -999.9 966.6 -999.9 -999.9 2.8 -999.9 4.5 138.0 0.0 0.0 0.0 0.0 39.4 41.8 12.3 8.6 91.7 77.5 9.9 DCRS_-_Bom_Jesus/Jaquirana_(606_m) -999.9 -999.9 980.5 953.8 966.6 9.3 6.6 214.0 Rio_Grande_do_Sul DCRS -999.9 0.0 0.0 601.01 601.08 600.96 0 0.01 601.28 601.96 601.96 601.96
-28.798800 -50.429798 DCRS-00086 2026-09-14_10:21 11.7 -999.9 -999.9 84.7 -999.9 -999.9 9.2 -999.9 -999.9 966.5 -999.9 -999.9 -999.9 -999.9 4.5 145.0 0.0 0.0 0.0 0.0 39.4 41.8 12.3 8.6 91.7 77.5 9.9 DCRS_-_Bom_Jesus/Jaquirana_(606_m) -999.9 -999.9 980.5 953.8 966.5 9.3 6.6 214.0 Rio_Grande_do_Sul DCRS -999.9 0.0 0.0 600.98 601.08 600.96 0 -0.01 601.28 601.96 601.96 601.96
-28.798800 -50.429798 DCRS-00086 2026-09-14_10:22 11.7 -999.9 -999.9 84.7 -999.9 -999.9 9.2 -999.9 -999.9 966.5 -999.9 -999.9 2.7 -999.9 4.5 139.0 0.0 0.0 0.0 0.0 39.4 41.8 12.3 8.6 91.7 77.5 9.9 DCRS_-_Bom_Jesus/Jaquirana_(606_m) -999.9 -999.9 980.5 953.8 966.5 9.3 6.6 214.0 Rio_Grande_do_Sul DCRS -999.9 0.0 0.0 601.01 601.08 600.96 0 0.0 601.28 601.96 601.96 601.96
-28.798800 -50.429798 DCRS-00086 2026-09-14_10:23 11.7 -999.9 -999.9 84.6 -999.9 -999.9 9.2 -999.9 -999.9 966.4 -999.9 -999.9 2.7 -999.9 4.5 132.0 0.0 0.0 0.0 0.0 39.4 41.8 12.3 8.6 91.7 77.5 9.9 DCRS_-_Bom_Jesus/Jaquirana_(606_m) -999.9 -999.9 980.5 953.8 966.4 9.3 6.6 214.0 Rio_Grande_do_Sul DCRS -999.9 0.0 0.0 601.02 601.08 600.96 0 0.03 601.28 601.96 601.96 601.96
-28.798800 -50.429798 DCRS-00086 2026-09-14_10:24 11.7 -999.9 -999.9 84.6 -999.9 -999.9 9.2 -999.9 -999.9 966.3 -999.9 -999.9 3.6 -999.9 4.5 129.0 0.0 0.0 0.0 0.0 39.4 41.8 12.3 8.6 91.7 77.5 9.9 DCRS_-_Bom_Jesus/Jaquirana_(606_m) -999.9 -999.9 980.5 953.8 966.3 9.3 6.6 214.0 Rio_Grande_do_Sul DCRS -999.9 0.0 0.0 600.94 601.08 600.94 0 -0.05 601.28 601.96 601.96 601.96
-28.798800 -50.429798 DCRS-00086 2026-09-14_10:25 11.8 -999.9 -999.9 84.7 -999.9 -999.9 9.3 -999.9 -999.9 966.5 -999.9 -999.9 0.0 -999.9 4.6 126.0 0.0 0.0 0.0 0.0 39.4 41.8 12.3 8.6 91.7 77.5 9.9 DCRS_-_Bom_Jesus/Jaquirana_(606_m) -999.9 -999.9 980.5 953.8 966.5 9.3 6.6 214.0 Rio_Grande_do_Sul DCRS -999.9 0.0 0.0 600.98 601.08 600.94 0 -0.03 601.28 601.96 601.96 601.96
-28.798800 -50.429798 DCRS-00086 2026-09-14_10:26 11.8 -999.9 -999.9 84.9 -999.9 -999.9 9.3 -999.9 -999.9 966.7 -999.9 -999.9 3.7 -999.9 4.6 134.0 0.0 0.0 0.0 0.0 39.4 41.8 12.3 8.6 91.7 77.5 9.9 DCRS_-_Bom_Jesus/Jaquirana_(606_m) -999.9 -999.9 980.5 953.8 966.7 9.3 6.6 214.0 Rio_Grande_do_Sul DCRS -999.9 0.0 0.0 601.01 601.08 600.94 0 0.02 601.28 601.96 601.96 601.96
-28.798800 -50.429798 DCRS-00086 2026-09-14_10:27 11.8 -999.9 -999.9 84.5 -999.9 -999.9 9.2 -999.9 -999.9 966.5 -999.9 -999.9 3.9 -999.9 4.6 138.0 0.0 0.0 0.0 0.0 39.4 41.8 12.3 8.6 91.7 77.5 9.9 DCRS_-_Bom_Jesus/Jaquirana_(606_m) -999.9 -999.9 980.5 953.8 966.5 9.3 6.6 214.0 Rio_Grande_do_Sul DCRS -999.9 0.0 0.0 601.02 601.08 600.94 0 0.01 601.28 601.96 601.96 601.96
-28.798800 -50.429798 DCRS-00086 2026-09-14_10:28 11.9 -999.9 -999.9 84.3 -999.9 -999.9 9.3 -999.9 -999.9 966.3 -999.9 -999.9 2.9 -999.9 4.6 140.0 0.0 0.0 0.0 0.0 39.4 41.8 12.3 8.6 91.7 77.5 9.9 DCRS_-_Bom_Jesus/Jaquirana_(606_m) -999.9 -999.9 980.5 953.8 966.3 9.3 6.6 214.0 Rio_Grande_do_Sul DCRS -999.9 0.0 0.0 601.01 601.08 600.94 0 0.0 601.28 601.96 601.96 601.96
-28.798800 -50.429798 DCRS-00086 2026-09-14_10:29 11.9 -999.9 -999.9 84.4 -999.9 -999.9 9.3 -999.9 -999.9 966.3 -999.9 -999.9 0.0 -999.9 4.6 147.0 0.0 0.0 0.0 0.0 39.4 41.8 12.3 8.6 91.7 77.5 9.9 DCRS_-_Bom_Jesus/Jaquirana_(606_m) -999.9 -999.9 980.5 953.8 966.3 9.3 6.6 214.0 Rio_Grande_do_Sul DCRS -999.9 0.0 0.0 600.99 601.08 600.94 0 0.0 601.28 601.96 601.96 601.96
-28.798800 -50.429798 DCRS-00086 2026-09-14_10:30 11.9 -999.9 -999.9 84.2 -999.9 -999.9 9.3 -999.9 -999.9 966.2 -999.9 -999.9 0.0 -999.9 4.6 156.0 0.0 0.0 0.0 0.0 39.4 41.8 12.3 8.6 91.7 77.5 9.9 DCRS_-_Bom_Jesus/Jaquirana_(606_m) -999.9 -999.9 980.5 953.8 966.2 9.3 6.6 214.0 Rio_Grande_do_Sul DCRS -999.9 0.0 0.0 601.02 601.08 600.94 0 0.03 601.28 601.96 601.96 601.96
-28.798800 -50.429798 DCRS-00086 2026-09-14_10:31 11.9 -999.9 -999.9 83.8 -999.9 -999.9 9.2 -999.9 -999.9 965.7 -999.9 -999.9 2.8 -999.9 4.6 174.0 0.0 0.0 0.0 0.0 39.4 41.8 12.3 8.6 91.7 77.5 9.9 DCRS_-_Bom_Jesus/Jaquirana_(606_m) -999.9 -999.9 980.5 953.8 965.7 9.3 6.6 214.0 Rio_Grande_do_Sul DCRS -999.9 0.0 0.0 601.01 601.08 600.94 0 0.0 601.28 601.96 601.96 601.96
-28.798800 -50.429798 DCRS-00086 2026-09-14_10:32 12.0 -999.9 -999.9 83.8 -999.9 -999.9 9.3 -999.9 -999.9 965.6 -999.9 -999.9 3.3 -999.9 4.6 178.0 0.0 0.0 0.0 0.0 39.4 41.8 12.3 8.6 91.7 77.5 9.9 DCRS_-_Bom_Jesus/Jaquirana_(606_m) -999.9 -999.9 980.5 953.8 965.6 9.3 6.6 214.0 Rio_Grande_do_Sul DCRS -999.9 0.0 0.0 601.02 601.08 600.94 0 0.02 601.28 601.96 601.96 601.96
-28.798800 -50.429798 DCRS-00086 2026-09-14_10:33 12.0 -999.9 -999.9 83.2 -999.9 -999.9 9.2 -999.9 -999.9 965.0 -999.9 -999.9 3.1 -999.9 4.6 185.0 0.0 0.0 0.0 0.0 39.4 41.8 12.3 8.6 91.7 77.5 9.9 DCRS_-_Bom_Jesus/Jaquirana_(606_m) -999.9 -999.9 980.5 953.8 965.0 9.3 6.6 214.0 Rio_Grande_do_Sul DCRS -999.9 0.0 0.0 601.01 601.08 600.94 0 0.01 601.28 601.96 601.96 601.96
-28.798800 -50.429798 DCRS-00086 2026-09-14_10:34 11.9 -999.9 -999.9 83.3 -999.9 -999.9 9.1 -999.9 -999.9 964.6 -999.9 -999.9 4.5 -999.9 4.6 191.0 0.0 0.0 0.0 0.0 39.4 41.8 12.3 8.6 91.7 77.5 9.9 DCRS_-_Bom_Jesus/Jaquirana_(606_m) -999.9 -999.9 980.5 953.8 964.6 9.3 6.6 214.0 Rio_Grande_do_Sul DCRS -999.9 0.0 0.0 601.02 601.08 600.94 0 0.01 601.28 601.96 601.96 601.96
-28.798800 -50.429798 DCRS-00086 2026-09-14_10:35 12.0 -999.9 -999.9 83.7 -999.9 -999.9 9.3 -999.9 -999.9 964.8 -999.9 -999.9 3.9 -999.9 4.7 189.0 0.0 0.0 0.0 0.0 39.4 41.8 12.3 8.6 91.7 77.5 9.9 DCRS_-_Bom_Jesus/Jaquirana_(606_m) -999.9 -999.9 980.5 953.8 964.8 9.3 6.6 214.0 Rio_Grande_do_Sul DCRS -999.9 0.0 0.0 600.98 601.08 600.94 0 -0.03 601.28 601.96 601.96 601.96
-28.798800 -50.429798 DCRS-00086 2026-09-14_10:36 12.0 -999.9 -999.9 84.2 -999.9 -999.9 9.4 -999.9 -999.9 965.5 -999.9 -999.9 3.7 -999.9 4.7 183.0 0.0 0.0 0.0 0.0 39.4 41.8 12.3 8.6 91.7 77.5 9.9 DCRS_-_Bom_Jesus/Jaquirana_(606_m) -999.9 -999.9 980.5 953.8 965.5 9.4 6.6 214.0 Rio_Grande_do_Sul DCRS -999.9 0.0 0.0 601.0 601.08 600.94 0 0.01 601.28 601.96 601.96 601.96
-28.798800 -50.429798 DCRS-00086 2026-09-14_10:37 12.1 -999.9 -999.9 83.6 -999.9 -999.9 9.4 -999.9 -999.9 965.4 -999.9 -999.9 2.2 -999.9 4.7 179.0 0.0 0.0 0.0 0.0 39.4 41.8 12.3 8.6 91.7 77.5 9.9 DCRS_-_Bom_Jesus/Jaquirana_(606_m) -999.9 -999.9 980.5 953.8 965.4 9.4 6.6 214.0 Rio_Grande_do_Sul DCRS -999.9 0.0 0.0 601.0 601.08 600.94 -1 -0.03 601.28 601.96 601.96 601.96
-28.798800 -50.429798 DCRS-00086 2026-09-14_10:38 12.2 -999.9 -999.9 83.1 -999.9 -999.9 9.4 -999.9 -999.9 964.9 -999.9 -999.9 0.0 -999.9 4.7 178.0 0.0 0.0 0.0 0.0 39.4 41.8 12.3 8.6 91.7 77.5 9.9 DCRS_-_Bom_Jesus/Jaquirana_(606_m) -999.9 -999.9 980.5 953.8 964.9 9.4 6.6 214.0 Rio_Grande_do_Sul DCRS -999.9 0.0 0.0 601.0 601.08 600.94 -1 -0.02 601.28 601.96 601.96 601.96
-28.798800 -50.429798 DCRS-00086 2026-09-14_10:39 12.2 -999.9 -999.9 83.0 -999.9 -999.9 9.4 -999.9 -999.9 964.6 -999.9 -999.9 3.1 -999.9 4.7 173.0 0.0 0.0 0.0 0.0 39.4 41.8 12.3 8.6 91.7 77.5 9.9 DCRS_-_Bom_Jesus/Jaquirana_(606_m) -999.9 -999.9 980.5 953.8 964.6 9.4 6.6 214.0 Rio_Grande_do_Sul DCRS -999.9 0.0 0.0 601.01 601.08 600.94 0 0.0 601.28 601.96 601.96 601.96
-28.798800 -50.429798 DCRS-00086 2026-09-14_10:40 12.2 -999.9 -999.9 82.7 -999.9 -999.9 9.3 -999.9 -999.9 964.1 -999.9 -999.9 3.2 -999.9 4.5 171.0 0.0 0.0 0.0 0.0 39.4 41.8 12.3 8.6 91.7 77.5 9.9 DCRS_-_Bom_Jesus/Jaquirana_(606_m) -999.9 -999.9 980.5 953.8 964.1 9.4 6.6 214.0 Rio_Grande_do_Sul DCRS -999.9 0.0 0.0 601.0 601.08 600.94 -1 -0.01 601.28 601.96 601.96 601.96
-28.798800 -50.429798 DCRS-00086 2026-09-14_10:41 12.2 -999.9 -999.9 82.6 -999.9 -999.9 9.3 -999.9 -999.9 963.8 -999.9 -999.9 3.0 -999.9 4.5 173.0 0.0 0.0 0.0 0.0 39.4 41.8 12.3 8.6 91.7 77.5 9.9 DCRS_-_Bom_Jesus/Jaquirana_(606_m) -999.9 -999.9 980.5 953.8 963.8 9.4 6.6 214.0 Rio_Grande_do_Sul DCRS -999.9 0.0 0.0 601.01 601.08 600.94 -1 0.0 601.28 601.96 601.96 601.96
-28.798800 -50.429798 DCRS-00086 2026-09-14_10:42 12.2 -999.9 -999.9 83.1 -999.9 -999.9 9.4 -999.9 -999.9 963.9 -999.9 -999.9 3.5 -999.9 4.5 173.0 0.0 0.0 0.0 0.0 39.4 41.8 12.3 8.6 91.7 77.5 9.9 DCRS_-_Bom_Jesus/Jaquirana_(606_m) -999.9 -999.9 980.5 953.8 963.9 9.4 6.6 214.0 Rio_Grande_do_Sul DCRS -999.9 0.0 0.0 601.0 601.08 600.94 0 -0.01 601.28 601.96 601.96 601.96
-28.798800 -50.429798 DCRS-00086 2026-09-14_10:43 12.2 -999.9 -999.9 83.0 -999.9 -999.9 -999.9 -999.9 -999.9 963.8 -999.9 -999.9 3.3 -999.9 4.5 168.0 0.0 0.0 0.0 0.0 39.4 41.8 12.3 8.6 91.7 77.5 9.9 DCRS_-_Bom_Jesus/Jaquirana_(606_m) -999.9 -999.9 980.5 953.8 963.8 9.4 6.6 214.0 Rio_Grande_do_Sul DCRS -999.9 0.0 0.0 601.0 601.08 600.94 0 -0.01 601.28 601.96 601.96 601.96
-28.798800 -50.429798 DCRS-00086 2026-09-14_10:44 12.2 -999.9 -999.9 82.8 -999.9 -999.9 9.3 -999.9 -999.9 963.7 -999.9 -999.9 2.7 -999.9 4.5 154.0 0.0 0.0 0.0 0.0 39.4 41.8 12.3 8.6 91.7 77.5 9.9 DCRS_-_Bom_Jesus/Jaquirana_(606_m) -999.9 -999.9 980.5 953.8 963.7 9.4 6.6 214.0 Rio_Grande_do_Sul DCRS -999.9 0.0 0.0 601.0 601.08 600.94 0 0.0 601.28 601.96 601.96 601.96
-28.798800 -50.429798 DCRS-00086 2026-09-14_10:45 12.2 -999.9 -999.9 82.9 -999.9 -999.9 9.4 -999.9 -999.9 963.6 -999.9 -999.9 0.0 -999.9 3.9 147.0 0.0 0.0 0.0 0.0 39.4 41.8 12.3 8.6 91.7 77.5 9.9 DCRS_-_Bom_Jesus/Jaquirana_(606_m) -999.9 -999.9 980.5 953.8 963.6 9.4 6.6 214.0 Rio_Grande_do_Sul DCRS -999.9 0.0 0.0 601.01 601.08 600.94 -1 -0.01 601.28 601.96 601.96 601.96
-28.798800 -50.429798 DCRS-00086 2026-09-14_10:46 12.3 -999.9 -999.9 83.0 -999.9 -999.9 9.5 -999.9 -999.9 963.8 -999.9 -999.9 0.0 -999.9 3.9 157.0 0.0 0.0 0.0 0.0 39.4 41.8 12.3 8.6 91.7 77.5 9.9 DCRS_-_Bom_Jesus/Jaquirana_(606_m) -999.9 -999.9 980.5 953.8 963.8 9.5 6.6 214.0 Rio_Grande_do_Sul DCRS -999.9 0.0 0.0 601.0 601.08 600.94 -1 -0.02 601.28 601.96 601.96 601.96
-28.798800 -50.429798 DCRS-00086 2026-09-14_10:47 12.3 -999.9 -999.9 82.7 -999.9 -999.9 9.4 -999.9 -999.9 963.6 -999.9 -999.9 0.0 -999.9 3.9 163.0 0.0 0.0 0.0 0.0 39.4 41.8 12.3 8.6 91.7 77.5 9.9 DCRS_-_Bom_Jesus/Jaquirana_(606_m) -999.9 -999.9 980.5 953.8 963.6 9.5 6.6 214.0 Rio_Grande_do_Sul DCRS -999.9 0.0 0.0 601.01 601.08 600.94 0 -0.01 601.28 601.96 601.96 601.96
-28.798800 -50.429798 DCRS-00086 2026-09-14_10:48 12.3 -999.9 -999.9 82.8 -999.9 -999.9 9.4 -999.9 -999.9 963.5 -999.9 -999.9 3.1 -999.9 3.9 171.0 0.0 0.0 0.0 0.0 39.4 41.8 12.3 8.6 91.7 77.5 9.9 DCRS_-_Bom_Jesus/Jaquirana_(606_m) -999.9 -999.9 980.5 953.8 963.5 9.5 6.6 214.0 Rio_Grande_do_Sul DCRS -999.9 0.0 0.0 600.99 601.08 600.94 -1 -0.03 601.28 601.96 601.96 601.96
-28.798800 -50.429798 DCRS-00086 2026-09-14_10:49 12.3 -999.9 -999.9 82.6 -999.9 -999.9 9.4 -999.9 -999.9 963.3 -999.9 -999.9 2.9 -999.9 3.9 178.0 0.0 0.0 0.0 0.0 39.4 41.8 12.3 8.6 91.7 77.5 9.9 DCRS_-_Bom_Jesus/Jaquirana_(606_m) -999.9 -999.9 980.5 953.8 963.3 9.5 6.6 214.0 Rio_Grande_do_Sul DCRS -999.9 0.0 0.0 601.01 601.08 600.94 -1 -0.01 601.28 601.96 601.96 601.96
-28.798800 -50.429798 DCRS-00086 2026-09-14_10:50 12.4 -999.9 -999.9 82.6 -999.9 -999.9 9.5 -999.9 -999.9 963.2 -999.9 -999.9 2.8 -999.9 3.8 202.0 0.0 0.0 0.0 0.0 39.4 41.8 12.4 8.6 91.7 77.5 9.9 DCRS_-_Bom_Jesus/Jaquirana_(606_m) -999.9 -999.9 980.5 953.8 963.2 9.5 6.6 214.0 Rio_Grande_do_Sul DCRS -999.9 0.0 0.0 601.0 601.08 600.94 -1 -0.02 601.28 601.96 601.96 601.96
-28.798800 -50.429798 DCRS-00086 2026-09-14_10:51 12.4 -999.9 -999.9 83.1 -999.9 -999.9 9.6 -999.9 -999.9 963.5 -999.9 -999.9 2.0 -999.9 3.8 207.0 0.0 0.0 0.0 0.0 39.4 41.8 12.4 8.6 91.7 77.5 9.9 DCRS_-_Bom_Jesus/Jaquirana_(606_m) -999.9 -999.9 980.5 953.8 963.5 9.6 6.6 214.0 Rio_Grande_do_Sul DCRS -999.9 0.0 0.0 601.02 601.08 600.94 0 0.0 601.28 601.96 601.96 601.96
-28.798800 -50.429798 DCRS-00086 2026-09-14_10:52 12.4 -999.9 -999.9 83.0 -999.9 -999.9 9.6 -999.9 -999.9 963.6 -999.9 -999.9 1.9 -999.9 3.8 202.0 0.0 0.0 0.0 0.0 39.4 41.8 12.4 8.6 91.7 77.5 9.9 DCRS_-_Bom_Jesus/Jaquirana_(606_m) -999.9 -999.9 980.5 953.8 963.6 9.6 6.6 214.0 Rio_Grande_do_Sul DCRS -999.9 0.0 0.0 600.99 601.08 600.94 0 -0.03 601.28 601.96 601.96 601.96
-28.798800 -50.429798 DCRS-00086 2026-09-14_10:53 12.4 -999.9 -999.9 82.6 -999.9 -999.9 9.5 -999.9 -999.9 963.5 -999.9 -999.9 0.0 -999.9 3.8 189.0 0.0 0.0 0.0 0.0 39.4 41.8 12.4 8.6 91.7 77.5 9.9 DCRS_-_Bom_Jesus/Jaquirana_(606_m) -999.9 -999.9 980.5 953.8 963.5 9.6 6.6 214.0 Rio_Grande_do_Sul DCRS -999.9 0.0 0.0 600.98 601.08 600.94 0 -0.03 601.28 601.96 601.96 601.96
-28.798800 -50.429798 DCRS-00086 2026-09-14_10:54 12.5 -999.9 -999.9 82.8 -999.9 -999.9 9.6 -999.9 -999.9 963.6 -999.9 -999.9 2.0 -999.9 3.8 184.0 0.0 0.0 0.0 0.0 39.4 41.8 12.5 8.6 91.7 77.5 9.9 DCRS_-_Bom_Jesus/Jaquirana_(606_m) -999.9 -999.9 980.5 953.8 963.6 9.6 6.6 214.0 Rio_Grande_do_Sul DCRS -999.9 0.0 0.0 601.0 601.08 600.94 0 0.02 601.28 601.96 601.96 601.96
-28.798800 -50.429798 DCRS-00086 2026-09-14_10:55 12.5 -999.9 -999.9 82.9 -999.9 -999.9 9.6 -999.9 -999.9 963.7 -999.9 -999.9 3.2 -999.9 3.7 180.0 0.0 0.0 0.0 0.0 39.4 41.8 12.5 8.6 91.7 77.5 9.9 DCRS_-_Bom_Jesus/Jaquirana_(606_m) -999.9 -999.9 980.5 953.8 963.7 9.6 6.6 214.0 Rio_Grande_do_Sul DCRS -999.9 0.0 0.0 600.98 601.08 600.94 -1 -0.02 601.28 601.96 601.96 601.96
-28.798800 -50.429798 DCRS-00086 2026-09-14_10:56 12.6 -999.9 -999.9 83.0 -999.9 -999.9 9.8 -999.9 -999.9 963.8 -999.9 -999.9 3.6 -999.9 3.7 203.0 0.0 0.0 0.0 0.0 39.4 41.8 12.6 8.6 91.7 77.5 9.9 DCRS_-_Bom_Jesus/Jaquirana_(606_m) -999.9 -999.9 980.5 953.8 963.8 9.8 6.6 214.0 Rio_Grande_do_Sul DCRS -999.9 0.0 0.0 601.01 601.08 600.94 -1 0.01 601.28 601.96 601.96 601.96
-28.798800 -50.429798 DCRS-00086 2026-09-14_10:57 12.6 -999.9 -999.9 83.0 -999.9 -999.9 9.8 -999.9 -999.9 964.1 -999.9 -999.9 3.2 -999.9 3.7 204.0 0.0 0.0 0.0 0.0 39.4 41.8 12.6 8.6 91.7 77.5 9.9 DCRS_-_Bom_Jesus/Jaquirana_(606_m) -999.9 -999.9 980.5 953.8 964.1 9.8 6.6 214.0 Rio_Grande_do_Sul DCRS -999.9 0.0 0.0 601.0 601.08 600.94 -1 0.0 601.28 601.96 601.96 601.96
-28.798800 -50.429798 DCRS-00086 2026-09-14_10:58 12.6 -999.9 -999.9 82.6 -999.9 -999.9 9.7 -999.9 -999.9 963.5 -999.9 -999.9 2.6 -999.9 3.7 211.0 0.0 0.0 0.0 0.0 39.4 41.8 12.6 8.6 91.7 77.5 9.9 DCRS_-_Bom_Jesus/Jaquirana_(606_m) -999.9 -999.9 980.5 953.8 963.5 9.8 6.6 214.0 Rio_Grande_do_Sul DCRS -999.9 0.0 0.0 601.01 601.08 600.94 -1 -0.02 601.28 601.96 601.96 601.96
-28.798800 -50.429798 DCRS-00086 2026-09-14_10:59 12.6 -999.9 -999.9 82.9 -999.9 -999.9 9.7 -999.9 -999.9 963.6 -999.9 -999.9 2.6 -999.9 3.7 235.0 0.0 0.0 0.0 0.0 39.4 41.8 12.6 8.6 91.7 77.5 9.9 DCRS_-_Bom_Jesus/Jaquirana_(606_m) -999.9 -999.9 980.5 953.8 963.6 9.8 6.6 235.0 Rio_Grande_do_Sul DCRS -999.9 0.0 0.0 600.98 601.08 600.94 -1 -0.03 601.28 601.96 601.96 601.96
-28.798800 -50.429798 DCRS-00086 2026-09-14_11:00 12.6 -999.9 -999.9 82.9 -999.9 -999.9 9.7 -999.9 -999.9 963.6 -999.9 -999.9 3.5 -999.9 3.8 219.0 0.0 0.0 0.0 0.0 39.4 41.8 12.6 8.6 91.7 77.5 9.9 DCRS_-_Bom_Jesus/Jaquirana_(606_m) -999.9 -999.9 980.5 953.8 963.6 9.8 6.6 235.0 Rio_Grande_do_Sul DCRS -999.9 0.0 0.0 601.01 601.08 600.94 -1 0.0 601.28 601.96 601.96 601.96
-28.798800 -50.429798 DCRS-00086 2026-09-14_11:01 12.7 -999.9 -999.9 82.8 -999.9 -999.9 9.8 -999.9 -999.9 963.6 -999.9 -999.9 3.0 -999.9 3.8 214.0 0.0 0.0 0.0 0.0 39.4 41.8 12.7 8.6 91.7 77.5 9.9 DCRS_-_Bom_Jesus/Jaquirana_(606_m) -999.9 -999.9 980.5 953.8 963.6 9.8 6.6 235.0 Rio_Grande_do_Sul DCRS -999.9 0.0 0.0 600.99 601.08 600.94 -1 -0.03 601.28 601.96 601.96 601.96
-28.798800 -50.429798 DCRS-00086 2026-09-14_11:02 12.7 -999.9 -999.9 82.3 -999.9 -999.9 9.7 -999.9 -999.9 963.3 -999.9 -999.9 2.3 -999.9 3.8 220.0 0.0 0.0 0.0 0.0 39.4 41.8 12.7 8.6 91.7 77.5 9.9 DCRS_-_Bom_Jesus/Jaquirana_(606_m) -999.9 -999.9 980.5 953.8 963.3 9.8 6.6 235.0 Rio_Grande_do_Sul DCRS -999.9 0.0 0.0 600.99 601.08 600.94 -1 -0.03 601.28 601.96 601.96 601.96
-28.798800 -50.429798 DCRS-00086 2026-09-14_11:03 12.7 -999.9 -999.9 82.5 -999.9 -999.9 9.8 -999.9 -999.9 963.2 -999.9 -999.9 3.6 -999.9 3.8 224.0 0.0 0.0 0.0 0.0 39.4 41.8 12.7 8.6 91.7 77.5 9.9 DCRS_-_Bom_Jesus/Jaquirana_(606_m) -999.9 -999.9 980.5 953.8 963.2 9.8 6.6 235.0 Rio_Grande_do_Sul DCRS -999.9 0.0 0.0 600.99 601.08 600.94 -1 -0.02 601.28 601.96 601.96 601.96
-28.798800 -50.429798 DCRS-00086 2026-09-14_11:04 12.7 -999.9 -999.9 82.2 -999.9 -999.9 9.7 -999.9 -999.9 963.1 -999.9 -999.9 1.9 -999.9 3.8 245.0 0.0 0.0 0.0 0.0 39.4 41.8 12.7 8.6 91.7 77.5 9.9 DCRS_-_Bom_Jesus/Jaquirana_(606_m) -999.9 -999.9 980.5 953.8 963.1 9.8 6.6 245.0 Rio_Grande_do_Sul DCRS -999.9 0.0 0.0 601.02 601.08 600.94 -1 0.01 601.28 601.96 601.96 601.96
-28.798800 -50.429798 DCRS-00086 2026-09-14_11:05 12.7 -999.9 -999.9 82.2 -999.9 -999.9 9.7 -999.9 -999.9 962.9 -999.9 -999.9 2.3 -999.9 4.9 240.0 0.0 0.0 0.0 0.0 39.4 41.8 12.7 8.6 91.7 77.5 9.9 DCRS_-_Bom_Jesus/Jaquirana_(606_m) -999.9 -999.9 980.5 953.8 962.9 9.8 6.6 245.0 Rio_Grande_do_Sul DCRS -999.9 0.0 0.0 601.03 601.08 600.94 -1 0.04 601.28 601.96 601.96 601.96
-28.798800 -50.429798 DCRS-00086 2026-09-14_11:06 12.8 -999.9 -999.9 82.3 -999.9 -999.9 9.8 -999.9 -999.9 963.0 -999.9 -999.9 0.0 -999.9 4.9 236.0 0.0 0.0 0.0 0.0 39.4 41.8 12.8 8.6 91.7 77.5 9.9 DCRS_-_Bom_Jesus/Jaquirana_(606_m) -999.9 -999.9 980.5 953.8 963.0 9.8 6.6 245.0 Rio_Grande_do_Sul DCRS -999.9 0.0 0.0 601.01 601.08 600.94 -1 -0.01 601.28 601.96 601.96 601.96
-28.798800 -50.429798 DCRS-00086 2026-09-14_11:07 12.9 -999.9 -999.9 82.4 -999.9 -999.9 9.9 -999.9 -999.9 963.1 -999.9 -999.9 2.7 -999.9 4.9 239.0 0.0 0.0 0.0 0.0 39.4 41.8 12.9 8.6 91.7 77.5 9.9 DCRS_-_Bom_Jesus/Jaquirana_(606_m) -999.9 -999.9 980.5 953.8 963.1 9.9 6.6 245.0 Rio_Grande_do_Sul DCRS -999.9 0.0 0.0 601.02 601.08 600.94 -1 0.0 601.28 601.96 601.96 601.96
-28.798800 -50.429798 DCRS-00086 2026-09-14_11:08 12.9 -999.9 -999.9 81.9 -999.9 -999.9 9.9 -999.9 -999.9 962.9 -999.9 -999.9 2.0 -999.9 4.9 256.0 0.0 0.0 0.0 0.0 39.4 41.8 12.9 8.6 91.7 77.5 9.9 DCRS_-_Bom_Jesus/Jaquirana_(606_m) -999.9 -999.9 980.5 953.8 962.9 9.9 6.6 256.0 Rio_Grande_do_Sul DCRS -999.9 0.0 0.0 601.0 601.08 600.94 0 0.01 601.28 601.96 601.96 601.96
-28.798800 -50.429798 DCRS-00086 2026-09-14_11:09 12.9 -999.9 -999.9 81.8 -999.9 -999.9 9.8 -999.9 -999.9 962.6 -999.9 -999.9 0.0 -999.9 4.9 263.0 0.0 0.0 0.0 0.0 39.4 41.8 12.9 8.6 91.7 77.5 9.9 DCRS_-_Bom_Jesus/Jaquirana_(606_m) -999.9 -999.9 980.5 953.8 962.6 9.9 6.6 263.0 Rio_Grande_do_Sul DCRS -999.9 0.0 0.0 601.01 601.08 600.94 0 0.02 601.28 601.96 601.96 601.96
-28.798800 -50.429798 DCRS-00086 2026-09-14_11:10 13.1 -999.9 -999.9 81.9 -999.9 -999.9 10.0 -999.9 -999.9 962.7 -999.9 -999.9 2.8 -999.9 4.2 280.0 0.0 0.0 0.0 0.0 39.4 41.8 13.1 8.6 91.7 77.5 9.9 DCRS_-_Bom_Jesus/Jaquirana_(606_m) -999.9 -999.9 980.5 953.8 962.7 10.0 6.6 280.0 Rio_Grande_do_Sul DCRS -999.9 0.0 0.0 600.98 601.08 600.94 0 -0.03 601.28 601.96 601.96 601.96
-28.798800 -50.429798 DCRS-00086 2026-09-14_11:11 13.1 -999.9 -999.9 81.8 -999.9 -999.9 10.0 -999.9 -999.9 962.8 -999.9 -999.9 3.0 -999.9 4.2 292.0 0.0 0.0 0.0 0.0 39.4 41.8 13.1 8.6 91.7 77.5 9.9 DCRS_-_Bom_Jesus/Jaquirana_(606_m) -999.9 -999.9 980.5 953.8 962.8 10.0 6.6 292.0 Rio_Grande_do_Sul DCRS -999.9 0.0 0.0 601.03 601.08 600.94 0 0.02 601.28 601.96 601.96 601.96
-28.798800 -50.429798 DCRS-00086 2026-09-14_11:12 13.2 -999.9 -999.9 81.0 -999.9 -999.9 10.0 -999.9 -999.9 962.2 -999.9 -999.9 2.7 -999.9 4.2 296.0 0.0 0.0 0.0 0.0 39.4 41.8 13.2 8.6 91.7 77.5 9.9 DCRS_-_Bom_Jesus/Jaquirana_(606_m) -999.9 -999.9 980.5 953.8 962.2 10.0 6.6 296.0 Rio_Grande_do_Sul DCRS -999.9 0.0 0.0 601.01 601.08 600.94 0 0.0 601.28 601.96 601.96 601.96
-28.798800 -50.429798 DCRS-00086 2026-09-14_11:13 13.2 -999.9 -999.9 81.2 -999.9 -999.9 10.0 -999.9 -999.9 961.9 -999.9 -999.9 2.3 -999.9 4.2 282.0 0.0 0.0 0.0 0.0 39.4 41.8 13.2 8.6 91.7 77.5 9.9 DCRS_-_Bom_Jesus/Jaquirana_(606_m) -999.9 -999.9 980.5 953.8 961.9 10.0 6.6 296.0 Rio_Grande_do_Sul DCRS -999.9 0.0 0.0 601.01 601.08 600.94 0 0.0 601.28 601.96 601.96 601.96
-28.798800 -50.429798 DCRS-00086 2026-09-14_11:14 13.2 -999.9 -999.9 80.8 -999.9 -999.9 9.9 -999.9 -999.9 961.5 -999.9 -999.9 0.0 -999.9 4.2 266.0 0.0 0.0 0.0 0.0 39.4 41.8 13.2 8.6 91.7 77.5 9.9 DCRS_-_Bom_Jesus/Jaquirana_(606_m) -999.9 -999.9 980.5 953.8 961.5 10.0 6.6 296.0 Rio_Grande_do_Sul DCRS -999.9 0.0 0.0 601.01 601.08 600.94 0 0.0 601.28 601.96 601.96 601.96
-28.798800 -50.429798 DCRS-00086 2026-09-14_11:15 13.3 -999.9 -999.9 80.9 -999.9 -999.9 10.1 -999.9 -999.9 961.4 -999.9 -999.9 3.2 -999.9 4.7 270.0 0.0 0.0 0.0 0.0 39.4 41.8 13.3 8.6 91.7 77.5 9.9 DCRS_-_Bom_Jesus/Jaquirana_(606_m) -999.9 -999.9 980.5 953.8 961.4 10.1 6.6 296.0 Rio_Grande_do_Sul DCRS -999.9 0.0 0.0 600.98 601.08 600.94 0 -0.01 601.28 601.96 601.96 601.96
-28.798800 -50.429798 DCRS-00086 2026-09-14_11:16 13.3 -999.9 -999.9 80.7 -999.9 -999.9 10.0 -999.9 -999.9 961.3 -999.9 -999.9 3.3 -999.9 4.7 274.0 0.0 0.0 0.0 0.0 39.4 41.8 13.3 8.6 91.7 77.5 9.9 DCRS_-_Bom_Jesus/Jaquirana_(606_m) -999.9 -999.9 980.5 953.8 961.3 10.1 6.6 296.0 Rio_Grande_do_Sul DCRS -999.9 0.0 0.0 600.97 601.08 600.94 0 -0.02 601.28 601.96 601.96 601.96
-28.798800 -50.429798 DCRS-00086 2026-09-14_11:17 13.4 -999.9 -999.9 80.1 -999.9 -999.9 10.0 -999.9 -999.9 960.6 -999.9 -999.9 3.3 -999.9 4.7 292.0 0.0 0.0 0.0 0.0 39.4 41.8 13.4 8.6 91.7 77.5 9.9 DCRS_-_Bom_Jesus/Jaquirana_(606_m) -999.9 -999.9 980.5 953.8 960.6 10.1 6.6 296.0 Rio_Grande_do_Sul DCRS -999.9 0.0 0.0 600.99 601.08 600.94 0 -0.03 601.28 601.96 601.96 601.96
-28.798800 -50.429798 DCRS-00086 2026-09-14_11:18 13.4 -999.9 -999.9 80.2 -999.9 -999.9 10.0 -999.9 -999.9 960.3 -999.9 -999.9 0.0 -999.9 4.7 285.0 0.0 0.0 0.0 0.0 39.4 41.8 13.4 8.6 91.7 77.5 9.9 DCRS_-_Bom_Jesus/Jaquirana_(606_m) -999.9 -999.9 980.5 953.8 960.3 10.1 6.6 296.0 Rio_Grande_do_Sul DCRS -999.9 0.0 0.0 601.01 601.08 600.94 0 -0.02 601.28 601.96 601.96 601.96
-28.798800 -50.429798 DCRS-00086 2026-09-14_11:19 13.4 -999.9 -999.9 81.0 -999.9 -999.9 10.2 -999.9 -999.9 960.7 -999.9 -999.9 0.0 -999.9 4.7 270.0 0.0 0.0 0.0 0.0 39.4 41.8 13.4 8.6 91.7 77.5 9.9 DCRS_-_Bom_Jesus/Jaquirana_(606_m) -999.9 -999.9 980.5 953.8 960.7 10.2 6.6 296.0 Rio_Grande_do_Sul DCRS -999.9 0.0 0.0 601.0 601.08 600.94 0 -0.01 601.28 601.96 601.96 601.96
-28.798800 -50.429798 DCRS-00086 2026-09-14_11:20 13.5 -999.9 -999.9 80.7 -999.9 -999.9 10.2 -999.9 -999.9 960.8 -999.9 -999.9 2.7 -999.9 4.7 270.0 0.0 0.0 0.0 0.0 39.4 41.8 13.5 8.6 91.7 77.5 9.9 DCRS_-_Bom_Jesus/Jaquirana_(606_m) -999.9 -999.9 980.5 953.8 960.8 10.2 6.6 296.0 Rio_Grande_do_Sul DCRS -999.9 0.0 0.0 600.97 601.08 600.94 0 -0.04 601.28 601.96 601.96 601.96
-28.798800 -50.429798 DCRS-00086 2026-09-14_11:21 13.6 -999.9 -999.9 79.9 -999.9 -999.9 10.2 -999.9 -999.9 960.3 -999.9 -999.9 1.9 -999.9 4.7 254.0 0.0 0.0 0.0 0.0 39.4 41.8 13.6 8.6 91.7 77.5 9.9 DCRS_-_Bom_Jesus/Jaquirana_(606_m) -999.9 -999.9 980.5 953.8 960.3 10.2 6.6 296.0 Rio_Grande_do_Sul DCRS -999.9 0.0 0.0 601.02 601.08 600.94 0 0.04 601.28 601.96 601.96 601.96
-28.798800 -50.429798 DCRS-00086 2026-09-14_11:22 13.6 -999.9 -999.9 79.5 -999.9 -999.9 10.1 -999.9 -999.9 959.6 -999.9 -999.9 0.0 -999.9 4.7 247.0 0.0 0.0 0.0 0.0 39.4 41.8 13.6 8.6 91.7 77.5 9.9 DCRS_-_Bom_Jesus/Jaquirana_(606_m) -999.9 -999.9 980.5 953.8 959.6 10.2 6.6 296.0 Rio_Grande_do_Sul DCRS -999.9 0.0 0.0 600.99 601.08 600.94 0 -0.02 601.28 601.96 601.96 601.96
-28.798800 -50.429798 DCRS-00086 2026-09-14_11:23 13.6 -999.9 -999.9 79.2 -999.9 -999.9 10.0 -999.9 -999.9 959.2 -999.9 -999.9 0.0 -999.9 4.7 250.0 0.0 0.0 0.0 0.0 39.4 41.8 13.6 8.6 91.7 77.5 9.9 DCRS_-_Bom_Jesus/Jaquirana_(606_m) -999.9 -999.9 980.5 953.8 959.2 10.2 6.6 296.0 Rio_Grande_do_Sul DCRS -999.9 0.0 0.0 601.02 601.08 600.94 0 0.0 601.28 601.96 601.96 601.96
-28.798800 -50.429798 DCRS-00086 2026-09-14_11:24 13.7 -999.9 -999.9 79.4 -999.9 -999.9 10.2 -999.9 -999.9 959.1 -999.9 -999.9 0.0 -999.9 4.7 241.0 0.0 0.0 0.0 0.0 39.4 41.8 13.7 8.6 91.7 77.5 9.9 DCRS_-_Bom_Jesus/Jaquirana_(606_m) -999.9 -999.9 980.5 953.8 959.1 10.2 6.6 296.0 Rio_Grande_do_Sul DCRS -999.9 0.0 0.0 601.0 601.08 600.94 0 0.06 601.28 601.96 601.96 601.96
-28.798800 -50.429798 DCRS-00086 2026-09-14_11:25 13.7 -999.9 -999.9 79.0 -999.9 -999.9 10.1 -999.9 -999.9 958.7 -999.9 -999.9 2.7 -999.9 4.7 231.0 0.0 0.0 0.0 0.0 39.4 41.8 13.7 8.6 91.7 77.5 9.9 DCRS_-_Bom_Jesus/Jaquirana_(606_m) -999.9 -999.9 980.5 953.8 958.7 10.2 6.6 296.0 Rio_Grande_do_Sul DCRS -999.9 0.0 0.0 601.01 601.08 600.94 0 0.0 601.28 601.96 601.96 601.96
-28.798800 -50.429798 DCRS-00086 2026-09-14_11:26 13.7 -999.9 -999.9 79.4 -999.9 -999.9 10.2 -999.9 -999.9 958.6 -999.9 -999.9 3.0 -999.9 4.7 220.0 0.0 0.0 0.0 0.0 39.4 41.8 13.7 8.6 91.7 77.5 9.9 DCRS_-_Bom_Jesus/Jaquirana_(606_m) -999.9 -999.9 980.5 953.8 958.6 10.2 6.6 296.0 Rio_Grande_do_Sul DCRS -999.9 0.0 0.0 600.99 601.08 600.94 0 -0.02 601.28 601.96 601.96 601.96
-28.798800 -50.429798 DCRS-00086 2026-09-14_11:27 13.7 -999.9 -999.9 78.8 -999.9 -999.9 10.1 -999.9 -999.9 958.1 -999.9 -999.9 4.6 -999.9 4.7 209.0 0.0 0.0 0.0 0.0 39.4 41.8 13.7 8.6 91.7 77.5 9.9 DCRS_-_Bom_Jesus/Jaquirana_(606_m) -999.9 -999.9 980.5 953.8 958.1 10.2 6.6 296.0 Rio_Grande_do_Sul DCRS -999.9 0.0 0.0 600.99 601.08 600.94 0 -0.03 601.28 601.96 601.96 601.96
-28.798800 -50.429798 DCRS-00086 2026-09-14_11:28 13.8 -999.9 -999.9 78.7 -999.9 -999.9 10.1 -999.9 -999.9 957.8 -999.9 -999.9 2.3 -999.9 4.7 200.0 0.0 0.0 0.0 0.0 39.4 41.8 13.8 8.6 91.7 77.5 9.9 DCRS_-_Bom_Jesus/Jaquirana_(606_m) -999.9 -999.9 980.5 953.8 957.8 10.2 6.6 296.0 Rio_Grande_do_Sul DCRS -999.9 0.0 0.0 601.01 601.08 600.94 0 0.0 601.28 601.96 601.96 601.96
-28.798800 -50.429798 DCRS-00086 2026-09-14_11:29 13.8 -999.9 -999.9 78.7 -999.9 -999.9 10.1 -999.9 -999.9 957.9 -999.9 -999.9 0.0 -999.9 4.7 197.0 0.0 0.0 0.0 0.0 39.4 41.8 13.8 8.6 91.7 77.5 9.9 DCRS_-_Bom_Jesus/Jaquirana_(606_m) -999.9 -999.9 980.5 953.8 957.9 10.2 6.6 296.0 Rio_Grande_do_Sul DCRS -999.9 0.0 0.0 601.01 601.08 600.94 0 0.02 601.28 601.96 601.96 601.96
-28.798800 -50.429798 DCRS-00086 2026-09-14_11:30 13.8 -999.9 -999.9 78.7 -999.9 -999.9 10.1 -999.9 -999.9 957.7 -999.9 -999.9 2.6 -999.9 5.0 194.0 0.0 0.0 0.0 0.0 39.4 41.8 13.8 8.6 91.7 77.5 9.9 DCRS_-_Bom_Jesus/Jaquirana_(606_m) -999.9 -999.9 980.5 953.8 957.7 10.2 6.6 296.0 Rio_Grande_do_Sul DCRS -999.9 0.0 0.0 601.02 601.08 600.94 0 0.01 601.28 601.96 601.96 601.96
-28.798800 -50.429798 DCRS-00086 2026-09-14_11:31 13.8 -999.9 -999.9 78.6 -999.9 -999.9 10.1 -999.9 -999.9 957.5 -999.9 -999.9 0.0 -999.9 5.0 189.0 0.0 0.0 0.0 0.0 39.4 41.8 13.8 8.6 91.7 77.5 9.9 DCRS_-_Bom_Jesus/Jaquirana_(606_m) -999.9 -999.9 980.5 953.8 957.5 10.2 6.6 296.0 Rio_Grande_do_Sul DCRS -999.9 0.0 0.0 601.01 601.08 600.94 0 0.0 601.28 601.96 601.96 601.96
-28.798800 -50.429798 DCRS-00086 2026-09-14_11:32 13.8 -999.9 -999.9 78.6 -999.9 -999.9 10.1 -999.9 -999.9 957.5 -999.9 -999.9 2.7 -999.9 5.0 175.0 0.0 0.0 0.0 0.0 39.4 41.8 13.8 8.6 91.7 77.5 9.9 DCRS_-_Bom_Jesus/Jaquirana_(606_m) -999.9 -999.9 980.5 953.8 957.5 10.2 6.6 296.0 Rio_Grande_do_Sul DCRS -999.9 0.0 0.0 601.01 601.08 600.94 0 -0.01 601.28 601.96 601.96 601.96
-28.798800 -50.429798 DCRS-00086 2026-09-14_11:33 13.8 -999.9 -999.9 79.1 -999.9 -999.9 10.2 -999.9 -999.9 957.9 -999.9 -999.9 3.2 -999.9 5.0 167.0 0.0 0.0 0.0 0.0 39.4 41.8 13.8 8.6 91.7 77.5 9.9 DCRS_-_Bom_Jesus/Jaquirana_(606_m) -999.9 -999.9 980.5 953.8 957.9 10.2 6.6 296.0 Rio_Grande_do_Sul DCRS -999.9 0.0 0.0 601.0 601.08 600.94 0 -0.02 601.28 601.96 601.96 601.96
-28.798800 -50.429798 DCRS-00086 2026-09-14_11:34 13.9 -999.9 -999.9 78.8 -999.9 -999.9 10.2 -999.9 -999.9 958.1 -999.9 -999.9 2.9 -999.9 5.0 162.0 0.0 0.0 0.0 0.0 39.4 41.8 13.9 8.6 91.7 77.5 9.9 DCRS_-_Bom_Jesus/Jaquirana_(606_m) -999.9 -999.9 980.5 953.8 958.1 10.2 6.6 296.0 Rio_Grande_do_Sul DCRS -999.9 0.0 0.0 601.01 601.08 600.94 0 -0.01 601.28 601.96 601.96 601.96
-28.798800 -50.429798 DCRS-00086 2026-09-14_11:35 13.9 -999.9 -999.9 78.0 -999.9 -999.9 10.1 -999.9 -999.9 957.5 -999.9 -999.9 4.5 -999.9 4.5 158.0 0.0 0.0 0.0 0.0 39.4 41.8 13.9 8.6 91.7 77.5 9.9 DCRS_-_Bom_Jesus/Jaquirana_(606_m) -999.9 -999.9 980.5 953.8 957.5 10.2 6.6 296.0 Rio_Grande_do_Sul DCRS -999.9 0.0 0.0 600.99 601.08 600.94 0 0.01 601.28 601.96 601.96 601.96
-28.798800 -50.429798 DCRS-00086 2026-09-14_11:36 13.9 -999.9 -999.9 77.8 -999.9 -999.9 10.1 -999.9 -999.9 957.0 -999.9 -999.9 -999.9 -999.9 4.5 150.0 0.0 0.0 0.0 0.0 39.4 41.8 13.9 8.6 91.7 77.5 9.9 DCRS_-_Bom_Jesus/Jaquirana_(606_m) -999.9 -999.9 980.5 953.8 957.0 10.2 6.6 296.0 Rio_Grande_do_Sul DCRS -999.9 0.0 0.0 601.0 601.08 600.94 0 0.0 601.28 601.96 601.96 601.96
-28.798800 -50.429798 DCRS-00086 2026-09-14_11:37 13.9 -999.9 -999.9 77.8 -999.9 -999.9 10.1 -999.9 -999.9 956.7 -999.9 -999.9 3.4 -999.9 4.5 142.0 0.0 0.0 0.0 0.0 39.4 41.8 13.9 8.6 91.7 77.5 9.9 DCRS_-_Bom_Jesus/Jaquirana_(606_m) -999.9 -999.9 980.5 953.8 956.7 10.2 6.6 296.0 Rio_Grande_do_Sul DCRS -999.9 0.0 0.0 601.01 601.08 600.94 0 0.01 601.28 601.96 601.96 601.96
-28.798800 -50.429798 DCRS-00086 2026-09-14_11:38 13.9 -999.9 -999.9 78.5 -999.9 -999.9 10.2 -999.9 -999.9 957.1 -999.9 -999.9 3.5 -999.9 4.5 143.0 0.0 0.0 0.0 0.0 39.4 41.8 13.9 8.6 91.7 77.5 9.9 DCRS_-_Bom_Jesus/Jaquirana_(606_m) -999.9 -999.9 980.5 953.8 957.1 10.2 6.6 296.0 Rio_Grande_do_Sul DCRS -999.9 0.0 0.0 601.0 601.08 600.94 0 -0.01 601.28 601.96 601.96 601.96
-28.798800 -50.429798 DCRS-00086 2026-09-14_11:39 13.9 -999.9 -999.9 78.2 -999.9 -999.9 10.1 -999.9 -999.9 957.0 -999.9 -999.9 4.5 -999.9 4.5 144.0 0.0 0.0 0.0 0.0 39.4 41.8 13.9 8.6 91.7 77.5 9.9 DCRS_-_Bom_Jesus/Jaquirana_(606_m) -999.9 -999.9 980.5 953.8 957.0 10.2 6.6 296.0 Rio_Grande_do_Sul DCRS -999.9 0.0 0.0 601.01 601.08 600.94 0 0.0 601.28 601.96 601.96 601.96
-28.798800 -50.429798 DCRS-00086 2026-09-14_11:40 13.9 -999.9 -999.9 77.8 -999.9 -999.9 10.1 -999.9 -999.9 956.6 -999.9 -999.9 3.6 -999.9 5.9 152.0 0.0 0.0 0.0 0.0 39.4 41.8 13.9 8.6 91.7 77.5 9.9 DCRS_-_Bom_Jesus/Jaquirana_(606_m) -999.9 -999.9 980.5 953.8 956.6 10.2 6.6 296.0 Rio_Grande_do_Sul DCRS -999.9 0.0 0.0 600.96 601.08 600.94 0 -0.04 601.28 601.96 601.96 601.96
-28.798800 -50.429798 DCRS-00086 2026-09-14_11:41 14.0 -999.9 -999.9 78.2 -999.9 -999.9 10.2 -999.9 -999.9 956.7 -999.9 -999.9 3.9 -999.9 5.9 163.0 0.0 0.0 0.0 0.0 39.4 41.8 14.0 8.6 91.7 77.5 9.9 DCRS_-_Bom_Jesus/Jaquirana_(606_m) -999.9 -999.9 980.5 953.8 956.7 10.2 6.6 296.0 Rio_Grande_do_Sul DCRS -999.9 0.0 0.0 601.02 601.08 600.94 0 0.02 601.28 601.96 601.96 601.96
-28.798800 -50.429798 DCRS-00086 2026-09-14_11:42 14.0 -999.9 -999.9 78.2 -999.9 -999.9 10.2 -999.9 -999.9 957.0 -999.9 -999.9 0.0 -999.9 5.9 177.0 0.0 0.0 0.0 0.0 39.4 41.8 14.0 8.6 91.7 77.5 9.9 DCRS_-_Bom_Jesus/Jaquirana_(606_m) -999.9 -999.9 980.5 953.8 957.0 10.2 6.6 296.0 Rio_Grande_do_Sul DCRS -999.9 0.0 0.0 600.99 601.08 600.94 0 -0.01 601.28 601.96 601.96 601.96
-28.798800 -50.429798 DCRS-00086 2026-09-14_11:43 14.1 -999.9 -999.9 78.5 -999.9 -999.9 10.4 -999.9 -999.9 957.2 -999.9 -999.9 3.2 -999.9 5.9 179.0 0.0 0.0 0.0 0.0 39.4 41.8 14.1 8.6 91.7 77.5 9.9 DCRS_-_Bom_Jesus/Jaquirana_(606_m) -999.9 -999.9 980.5 953.8 957.2 10.4 6.6 296.0 Rio_Grande_do_Sul DCRS -999.9 0.0 0.0 601.0 601.08 600.94 0 0.0 601.28 601.96 601.96 601.96
-28.798800 -50.429798 DCRS-00086 2026-09-14_11:44 14.1 -999.9 -999.9 78.1 -999.9 -999.9 10.3 -999.9 -999.9 957.1 -999.9 -999.9 2.3 -999.9 5.9 177.0 0.0 0.0 0.0 0.0 39.4 41.8 14.1 8.6 91.7 77.5 9.9 DCRS_-_Bom_Jesus/Jaquirana_(606_m) -999.9 -999.9 980.5 953.8 957.1 10.4 6.6 296.0 Rio_Grande_do_Sul DCRS -999.9 0.0 0.0 601.01 601.08 600.94 0 0.0 601.28 601.96 601.96 601.96
-28.798800 -50.429798 DCRS-00086 2026-09-14_11:46 14.2 -999.9 -999.9 78.5 -999.9 -999.9 10.5 -999.9 -999.9 957.4 -999.9 -999.9 2.0 -999.9 5.1 183.0 0.0 0.0 0.0 0.0 39.4 41.8 14.2 8.6 91.7 77.5 9.9 DCRS_-_Bom_Jesus/Jaquirana_(606_m) -999.9 -999.9 980.5 953.8 957.4 10.5 6.6 296.0 Rio_Grande_do_Sul DCRS -999.9 0.0 0.0 601.01 601.08 600.94 0 0.01 601.28 601.96 601.96 601.96
-28.798800 -50.429798 DCRS-00086 2026-09-14_11:47 14.1 -999.9 -999.9 78.4 -999.9 -999.9 10.4 -999.9 -999.9 957.6 -999.9 -999.9 2.8 -999.9 5.1 190.0 0.0 0.0 0.0 0.0 39.4 41.8 14.2 8.6 91.7 77.5 9.9 DCRS_-_Bom_Jesus/Jaquirana_(606_m) -999.9 -999.9 980.5 953.8 957.6 10.5 6.6 296.0 Rio_Grande_do_Sul DCRS -999.9 0.0 0.0 601.0 601.08 600.94 0 0.01 601.28 601.96 601.96 601.96
-28.798800 -50.429798 DCRS-00086 2026-09-14_11:48 14.3 -999.9 -999.9 78.6 -999.9 -999.9 10.6 -999.9 -999.9 957.7 -999.9 -999.9 3.3 -999.9 5.1 206.0 0.0 0.0 0.0 0.0 39.4 41.8 14.3 8.6 91.7 77.5 9.9 DCRS_-_Bom_Jesus/Jaquirana_(606_m) -999.9 -999.9 980.5 953.8 957.7 10.6 6.6 296.0 Rio_Grande_do_Sul DCRS -999.9 0.0 0.0 601.0 601.08 600.94 0 0.01 601.28 601.96 601.96 601.96
-28.798800 -50.429798 DCRS-00086 2026-09-14_11:49 14.3 -999.9 -999.9 77.9 -999.9 -999.9 10.5 -999.9 -999.9 957.2 -999.9 -999.9 2.4 -999.9 5.1 212.0 0.0 0.0 0.0 0.0 39.4 41.8 14.3 8.6 91.7 77.5 9.9 DCRS_-_Bom_Jesus/Jaquirana_(606_m) -999.9 -999.9 980.5 953.8 957.2 10.6 6.6 296.0 Rio_Grande_do_Sul DCRS -999.9 0.0 0.0 601.01 601.08 600.94 0 0.0 601.28 601.96 601.96 601.96
-28.798800 -50.429798 DCRS-00086 2026-09-14_11:50 14.3 -999.9 -999.9 78.2 -999.9 -999.9 10.5 -999.9 -999.9 957.3 -999.9 -999.9 0.0 -999.9 4.1 223.0 0.0 0.0 0.0 0.0 39.4 41.8 14.3 8.6 91.7 77.5 9.9 DCRS_-_Bom_Jesus/Jaquirana_(606_m) -999.9 -999.9 980.5 953.8 957.3 10.6 6.6 296.0 Rio_Grande_do_Sul DCRS -999.9 0.0 0.0 601.0 601.08 600.94 0 0.0 601.28 601.96 601.96 601.96
-28.798800 -50.429798 DCRS-00086 2026-09-14_11:51 14.3 -999.9 -999.9 77.0 -999.9 -999.9 10.3 -999.9 -999.9 956.3 -999.9 -999.9 3.6 -999.9 4.1 238.0 0.0 0.0 0.0 0.0 39.4 41.8 14.3 8.6 91.7 77.0 9.9 DCRS_-_Bom_Jesus/Jaquirana_(606_m) -999.9 -999.9 980.5 953.8 956.3 10.6 6.6 296.0 Rio_Grande_do_Sul DCRS -999.9 0.0 0.0 601.02 601.08 600.94 0 0.03 601.28 601.96 601.96 601.96
-28.798800 -50.429798 DCRS-00086 2026-09-14_11:52 14.3 -999.9 -999.9 77.4 -999.9 -999.9 10.4 -999.9 -999.9 956.4 -999.9 -999.9 0.0 -999.9 4.1 247.0 0.0 0.0 0.0 0.0 39.4 41.8 14.3 8.6 91.7 77.0 9.9 DCRS_-_Bom_Jesus/Jaquirana_(606_m) -999.9 -999.9 980.5 953.8 956.4 10.6 6.6 296.0 Rio_Grande_do_Sul DCRS -999.9 0.0 0.0 600.96 601.08 600.94 0 -0.03 601.28 601.96 601.96 601.96
-28.798800 -50.429798 DCRS-00086 2026-09-14_11:53 14.4 -999.9 -999.9 77.4 -999.9 -999.9 10.5 -999.9 -999.9 956.3 -999.9 -999.9 0.0 -999.9 4.1 255.0 0.0 0.0 0.0 0.0 39.4 41.8 14.4 8.6 91.7 77.0 9.9 DCRS_-_Bom_Jesus/Jaquirana_(606_m) -999.9 -999.9 980.5 953.8 956.3 10.6 6.6 296.0 Rio_Grande_do_Sul DCRS -999.9 0.0 0.0 601.01 601.08 600.94 0 0.03 601.28 601.96 601.96 601.96
-28.798800 -50.429798 DCRS-00086 2026-09-14_11:54 14.3 -999.9 -999.9 77.6 -999.9 -999.9 10.4 -999.9 -999.9 956.1 -999.9 -999.9 2.6 -999.9 4.1 267.0 0.0 0.0 0.0 0.0 39.4 41.8 14.4 8.6 91.7 77.0 9.9 DCRS_-_Bom_Jesus/Jaquirana_(606_m) -999.9 -999.9 980.5 953.8 956.1 10.6 6.6 296.0 Rio_Grande_do_Sul DCRS -999.9 0.0 0.0 601.02 601.08 600.94 0 0.02 601.28 601.96 601.96 601.96
-28.798800 -50.429798 DCRS-00086 2026-09-14_11:55 14.4 -999.9 -999.9 77.3 -999.9 -999.9 10.4 -999.9 -999.9 955.8 -999.9 -999.9 2.9 -999.9 4.2 273.0 0.0 0.0 0.0 0.0 39.4 41.8 14.4 8.6 91.7 77.0 9.9 DCRS_-_Bom_Jesus/Jaquirana_(606_m) -999.9 -999.9 980.5 953.8 955.8 10.6 6.6 296.0 Rio_Grande_do_Sul DCRS -999.9 0.0 0.0 601.0 601.08 600.94 0 -0.01 601.28 601.96 601.96 601.96
-28.798800 -50.429798 DCRS-00086 2026-09-14_11:56 14.4 -999.9 -999.9 77.3 -999.9 -999.9 10.4 -999.9 -999.9 955.9 -999.9 -999.9 0.0 -999.9 4.2 282.0 0.0 0.0 0.0 0.0 39.4 41.8 14.4 8.6 91.7 77.0 9.9 DCRS_-_Bom_Jesus/Jaquirana_(606_m) -999.9 -999.9 980.5 953.8 955.9 10.6 6.6 296.0 Rio_Grande_do_Sul DCRS -999.9 0.0 0.0 601.02 601.08 600.94 0 0.01 601.28 601.96 601.96 601.96
-28.798800 -50.429798 DCRS-00086 2026-09-14_11:57 14.5 -999.9 -999.9 77.5 -999.9 -999.9 10.6 -999.9 -999.9 956.2 -999.9 -999.9 0.0 -999.9 4.2 280.0 0.0 0.0 0.0 0.0 39.4 41.8 14.5 8.6 91.7 77.0 9.9 DCRS_-_Bom_Jesus/Jaquirana_(606_m) -999.9 -999.9 980.5 953.8 956.2 10.6 6.6 296.0 Rio_Grande_do_Sul DCRS -999.9 0.0 0.0 600.98 601.08 600.94 0 -0.03 601.28 601.96 601.96 601.96
-28.798800 -50.429798 DCRS-00086 2026-09-14_11:58 14.6 -999.9 -999.9 77.8 -999.9 -999.9 10.7 -999.9 -999.9 956.6 -999.9 -999.9 0.0 -999.9 4.2 272.0 0.0 0.0 0.0 0.0 39.4 41.8 14.6 8.6 91.7 77.0 9.9 DCRS_-_Bom_Jesus/Jaquirana_(606_m) -999.9 -999.9 980.5 953.8 956.6 10.7 6.6 296.0 Rio_Grande_do_Sul DCRS -999.9 0.0 0.0 601.0 601.08 600.94 0 -0.01 601.28 601.96 601.96 601.96
-28.798800 -50.429798 DCRS-00086 2026-09-14_11:59 14.7 -999.9 -999.9 77.0 -999.9 -999.9 10.7 -999.9 -999.9 956.5 -999.9 -999.9 2.8 -999.9 4.2 271.0 0.0 0.0 0.0 0.0 39.4 41.8 14.7 8.6 91.7 77.0 9.9 DCRS_-_Bom_Jesus/Jaquirana_(606_m) -999.9 -999.9 980.5 953.8 956.5 10.7 6.6 296.0 Rio_Grande_do_Sul DCRS -999.9 0.0 0.0 600.99 601.08 600.94 0 0.01 601.28 601.96 601.96 601.96
-28.798800 -50.429798 DCRS-00086 2026-09-14_12:17 15.3 -999.9 -999.9 73.0 -999.9 -999.9 10.4 -999.9 -999.9 952.3 -999.9 -999.9 0.0 -999.9 3.1 270.0 0.0 0.0 0.0 0.0 39.4 41.8 15.3 8.6 91.7 73.0 9.9 DCRS_-_Bom_Jesus/Jaquirana_(606_m) -999.9 -999.9 980.5 952.3 952.3 10.7 6.6 296.0 Rio_Grande_do_Sul DCRS -999.9 0.0 0.0 600.98 601.08 600.94 1 -0.03 601.28 601.96 601.96 601.96
-28.798800 -50.429798 DCRS-00086 2026-09-14_12:18 15.3 -999.9 -999.9 72.7 -999.9 -999.9 10.4 -999.9 -999.9 952.2 -999.9 -999.9 2.4 -999.9 3.1 273.0 0.0 0.0 0.0 0.0 39.4 41.8 15.3 8.6 91.7 72.7 9.9 DCRS_-_Bom_Jesus/Jaquirana_(606_m) -999.9 -999.9 980.5 952.2 952.2 10.7 6.6 296.0 Rio_Grande_do_Sul DCRS -999.9 0.0 0.0 601.01 601.08 600.94 1 0.0 601.28 601.96 601.96 601.96
-28.798800 -50.429798 DCRS-00086 2026-09-14_12:19 15.5 -999.9 -999.9 71.8 -999.9 -999.9 10.4 -999.9 -999.9 951.7 -999.9 -999.9 2.6 -999.9 3.1 287.0 0.0 0.0 0.0 0.0 39.4 41.8 15.5 8.6 91.7 71.8 9.9 DCRS_-_Bom_Jesus/Jaquirana_(606_m) -999.9 -999.9 980.5 951.7 951.7 10.7 6.6 296.0 Rio_Grande_do_Sul DCRS -999.9 0.0 0.0 601.01 601.08 600.94 1 0.01 601.28 601.96 601.96 601.96
-28.798800 -50.429798 DCRS-00086 2026-09-14_12:20 15.6 -999.9 -999.9 73.4 -999.9 -999.9 10.8 -999.9 -999.9 952.4 -999.9 -999.9 0.0 -999.9 2.6 263.0 0.0 0.0 0.0 0.0 39.4 41.8 15.6 8.6 91.7 71.8 9.9 DCRS_-_Bom_Jesus/Jaquirana_(606_m) -999.9 -999.9 980.5 951.7 952.4 10.8 6.6 296.0 Rio_Grande_do_Sul DCRS -999.9 0.0 0.0 601.0 601.08 600.94 1 -0.02 601.28 601.96 601.96 601.96
-28.798800 -50.429798 DCRS-00086 2026-09-14_12:21 15.7 -999.9 -999.9 72.6 -999.9 -999.9 10.8 -999.9 -999.9 952.4 -999.9 -999.9 0.0 -999.9 2.6 236.0 0.0 0.0 0.0 0.0 39.4 41.8 15.7 8.6 91.7 71.8 9.9 DCRS_-_Bom_Jesus/Jaquirana_(606_m) -999.9 -999.9 980.5 951.7 952.4 10.8 6.6 296.0 Rio_Grande_do_Sul DCRS -999.9 0.0 0.0 601.0 601.08 600.94 0 -0.02 601.28 601.96 601.96 601.96
-28.798800 -50.429798 DCRS-00086 2026-09-14_12:22 15.7 -999.9 -999.9 69.1 -999.9 -999.9 10.0 -999.9 -999.9 950.6 -999.9 -999.9 2.4 -999.9 2.6 239.0 0.0 0.0 0.0 0.0 39.4 41.8 15.7 8.6 91.7 69.1 9.9 DCRS_-_Bom_Jesus/Jaquirana_(606_m) -999.9 -999.9 980.5 950.6 950.6 10.8 6.6 296.0 Rio_Grande_do_Sul DCRS -999.9 0.0 0.0 600.99 601.08 600.94 1 0.0 601.28 601.96 601.96 601.96
-28.798800 -50.429798 DCRS-00086 2026-09-14_12:23 15.7 -999.9 -999.9 71.0 -999.9 -999.9 10.4 -999.9 -999.9 951.1 -999.9 -999.9 1.8 -999.9 2.6 248.0 0.0 0.0 0.0 0.0 39.4 41.8 15.7 8.6 91.7 69.1 9.9 DCRS_-_Bom_Jesus/Jaquirana_(606_m) -999.9 -999.9 980.5 950.6 951.1 10.8 6.6 296.0 Rio_Grande_do_Sul DCRS -999.9 0.0 0.0 600.99 601.08 600.94 1 -0.01 601.28 601.96 601.96 601.96
-28.798800 -50.429798 DCRS-00086 2026-09-14_12:24 15.7 -999.9 -999.9 69.5 -999.9 -999.9 10.1 -999.9 -999.9 950.6 -999.9 -999.9 -999.9 -999.9 2.6 254.0 0.0 0.0 0.0 0.0 39.4 41.8 15.7 8.6 91.7 69.1 9.9 DCRS_-_Bom_Jesus/Jaquirana_(606_m) -999.9 -999.9 980.5 950.6 950.6 10.8 6.6 296.0 Rio_Grande_do_Sul DCRS -999.9 0.0 0.0 601.01 601.08 600.94 0 0.0 601.28 601.96 601.96 601.96
-28.798800 -50.429798 DCRS-00086 2026-09-14_12:25 15.8 -999.9 -999.9 68.5 -999.9 -999.9 10.0 -999.9 -999.9 950.0 -999.9 -999.9 0.0 -999.9 4.2 254.0 0.0 0.0 0.0 0.0 39.4 41.8 15.8 8.6 91.7 68.5 9.9 DCRS_-_Bom_Jesus/Jaquirana_(606_m) -999.9 -999.9 980.5 950.0 950.0 10.8 6.6 296.0 Rio_Grande_do_Sul DCRS -999.9 0.0 0.0 600.99 601.08 600.94 0 -0.02 601.28 601.96 601.96 601.96
-28.798800 -50.429798 DCRS-00086 2026-09-14_12:26 15.7 -999.9 -999.9 68.6 -999.9 -999.9 9.9 -999.9 -999.9 950.1 -999.9 -999.9 0.0 -999.9 4.2 253.0 0.0 0.0 0.0 0.0 39.4 41.8 15.8 8.6 91.7 68.5 9.9 DCRS_-_Bom_Jesus/Jaquirana_(606_m) -999.9 -999.9 980.5 950.0 950.1 10.8 6.6 296.0 Rio_Grande_do_Sul DCRS -999.9 0.0 0.0 601.02 601.08 600.94 0 0.03 601.28 601.96 601.96 601.96
-28.798800 -50.429798 DCRS-00086 2026-09-14_12:27 15.7 -999.9 -999.9 69.0 -999.9 -999.9 10.0 -999.9 -999.9 950.5 -999.9 -999.9 0.0 -999.9 4.2 244.0 0.0 0.0 0.0 0.0 39.4 41.8 15.8 8.6 91.7 68.5 9.9 DCRS_-_Bom_Jesus/Jaquirana_(606_m) -999.9 -999.9 980.5 950.0 950.5 10.8 6.6 296.0 Rio_Grande_do_Sul DCRS -999.9 0.0 0.0 600.97 601.08 600.94 0 -0.04 601.28 601.96 601.96 601.96
-28.798800 -50.429798 DCRS-00086 2026-09-14_12:28 15.8 -999.9 -999.9 68.9 -999.9 -999.9 10.1 -999.9 -999.9 950.8 -999.9 -999.9 0.0 -999.9 4.2 235.0 0.0 0.0 0.0 0.0 39.4 41.8 15.8 8.6 91.7 68.5 9.9 DCRS_-_Bom_Jesus/Jaquirana_(606_m) -999.9 -999.9 980.5 950.0 950.8 10.8 6.6 296.0 Rio_Grande_do_Sul DCRS -999.9 0.0 0.0 600.98 601.08 600.94 0 -0.03 601.28 601.96 601.96 601.96
-28.798800 -50.429798 DCRS-00086 2026-09-14_12:29 15.9 -999.9 -999.9 69.0 -999.9 -999.9 10.2 -999.9 -999.9 951.0 -999.9 -999.9 2.2 -999.9 4.2 221.0 0.0 0.0 0.0 0.0 39.4 41.8 15.9 8.6 91.7 68.5 9.9 DCRS_-_Bom_Jesus/Jaquirana_(606_m) -999.9 -999.9 980.5 950.0 951.0 10.8 6.6 296.0 Rio_Grande_do_Sul DCRS -999.9 0.0 0.0 601.02 601.08 600.94 0 0.01 601.28 601.96 601.96 601.96
-28.798800 -50.429798 DCRS-00086 2026-09-14_12:30 15.9 -999.9 -999.9 69.0 -999.9 -999.9 10.2 -999.9 -999.9 951.3 -999.9 -999.9 3.7 -999.9 4.1 216.0 0.0 0.0 0.0 0.0 39.4 41.8 15.9 8.6 91.7 68.5 9.9 DCRS_-_Bom_Jesus/Jaquirana_(606_m) -999.9 -999.9 980.5 950.0 951.3 10.8 6.6 296.0 Rio_Grande_do_Sul DCRS -999.9 0.0 0.0 601.0 601.08 600.94 0 -0.02 601.28 601.96 601.96 601.96
-28.798800 -50.429798 DCRS-00086 2026-09-14_12:31 16.0 -999.9 -999.9 69.4 -999.9 -999.9 10.4 -999.9 -999.9 951.7 -999.9 -999.9 0.0 -999.9 4.1 205.0 0.0 0.0 0.0 0.0 39.4 41.8 16.0 8.6 91.7 68.5 9.9 DCRS_-_Bom_Jesus/Jaquirana_(606_m) -999.9 -999.9 980.5 950.0 951.7 10.8 6.6 296.0 Rio_Grande_do_Sul DCRS -999.9 0.0 0.0 600.99 601.08 600.94 0 -0.02 601.28 601.96 601.96 601.96
-28.798800 -50.429798 DCRS-00086 2026-09-14_12:32 16.0 -999.9 -999.9 70.2 -999.9 -999.9 10.5 -999.9 -999.9 952.2 -999.9 -999.9 0.0 -999.9 4.1 196.0 0.0 0.0 0.0 0.0 39.4 41.8 16.0 8.6 91.7 68.5 9.9 DCRS_-_Bom_Jesus/Jaquirana_(606_m) -999.9 -999.9 980.5 950.0 952.2 10.8 6.6 296.0 Rio_Grande_do_Sul DCRS -999.9 0.0 0.0 601.01 601.08 600.94 0 0.01 601.28 601.96 601.96 601.96
-28.798800 -50.429798 DCRS-00086 2026-09-14_12:33 15.9 -999.9 -999.9 70.2 -999.9 -999.9 10.4 -999.9 -999.9 952.4 -999.9 -999.9 0.0 -999.9 4.1 191.0 0.0 0.0 0.0 0.0 39.4 41.8 16.0 8.6 91.7 68.5 9.9 DCRS_-_Bom_Jesus/Jaquirana_(606_m) -999.9 -999.9 980.5 950.0 952.4 10.8 6.6 296.0 Rio_Grande_do_Sul DCRS -999.9 0.0 0.0 600.99 601.08 600.94 0 -0.01 601.28 601.96 601.96 601.96
-28.798800 -50.429798 DCRS-00086 2026-09-14_12:34 15.9 -999.9 -999.9 70.8 -999.9 -999.9 10.6 -999.9 -999.9 952.8 -999.9 -999.9 3.2 -999.9 4.1 189.0 0.0 0.0 0.0 0.0 39.4 41.8 16.0 8.6 91.7 68.5 9.9 DCRS_-_Bom_Jesus/Jaquirana_(606_m) -999.9 -999.9 980.5 950.0 952.8 10.8 6.6 296.0 Rio_Grande_do_Sul DCRS -999.9 0.0 0.0 601.0 601.08 600.94 0 -0.01 601.28 601.96 601.96 601.96
-28.798800 -50.429798 DCRS-00086 2026-09-14_12:35 15.9 -999.9 -999.9 69.6 -999.9 -999.9 10.3 -999.9 -999.9 952.5 -999.9 -999.9 0.0 -999.9 4.4 190.0 0.0 0.0 0.0 0.0 39.4 41.8 16.0 8.6 91.7 68.5 9.9 DCRS_-_Bom_Jesus/Jaquirana_(606_m) -999.9 -999.9 980.5 950.0 952.5 10.8 6.6 296.0 Rio_Grande_do_Sul DCRS -999.9 0.0 0.0 600.97 601.08 600.94 0 -0.03 601.28 601.96 601.96 601.96
-28.798800 -50.429798 DCRS-00086 2026-09-14_12:36 15.8 -999.9 -999.9 70.3 -999.9 -999.9 10.4 -999.9 -999.9 952.9 -999.9 -999.9 0.0 -999.9 4.4 187.0 0.0 0.0 0.0 0.0 39.4 41.8 16.0 8.6 91.7 68.5 9.9 DCRS_-_Bom_Jesus/Jaquirana_(606_m) -999.9 -999.9 980.5 950.0 952.9 10.8 6.6 296.0 Rio_Grande_do_Sul DCRS -999.9 0.0 0.0 600.99 601.08 600.94 0 -0.02 601.28 601.96 601.96 601.96
-28.798800 -50.429798 DCRS-00086 2026-09-14_12:37 15.7 -999.9 -999.9 70.3 -999.9 -999.9 10.3 -999.9 -999.9 952.9 -999.9 -999.9 0.0 -999.9 4.4 188.0 0.0 0.0 0.0 0.0 39.4 41.8 16.0 8.6 91.7 68.5 9.9 DCRS_-_Bom_Jesus/Jaquirana_(606_m) -999.9 -999.9 980.5 950.0 952.9 10.8 6.6 296.0 Rio_Grande_do_Sul DCRS -999.9 0.0 0.0 601.01 601.08 600.94 0 0.0 601.28 601.96 601.96 601.96
-28.798800 -50.429798 DCRS-00086 2026-09-14_12:38 15.8 -999.9 -999.9 70.8 -999.9 -999.9 10.5 -999.9 -999.9 953.1 -999.9 -999.9 0.0 -999.9 4.4 196.0 0.0 0.0 0.0 0.0 39.4 41.8 16.0 8.6 91.7 68.5 9.9 DCRS_-_Bom_Jesus/Jaquirana_(606_m) -999.9 -999.9 980.5 950.0 953.1 10.8 6.6 296.0 Rio_Grande_do_Sul DCRS -999.9 0.0 0.0 600.99 601.08 600.94 0 -0.01 601.28 601.96 601.96 601.96
-28.798800 -50.429798 DCRS-00086 2026-09-14_12:39 15.7 -999.9 -999.9 70.6 -999.9 -999.9 10.3 -999.9 -999.9 953.3 -999.9 -999.9 0.0 -999.9 4.4 197.0 0.0 0.0 0.0 0.0 39.4 41.8 16.0 8.6 91.7 68.5 9.9 DCRS_-_Bom_Jesus/Jaquirana_(606_m) -999.9 -999.9 980.5 950.0 953.3 10.8 6.6 296.0 Rio_Grande_do_Sul DCRS -999.9 0.0 0.0 601.01 601.08 600.94 0 0.05 601.28 601.96 601.96 601.96
-28.798800 -50.429798 DCRS-00086 2026-09-14_12:40 15.7 -999.9 -999.9 70.7 -999.9 -999.9 10.4 -999.9 -999.9 953.3 -999.9 -999.9 2.2 -999.9 2.9 197.0 0.0 0.0 0.0 0.0 39.4 41.8 16.0 8.6 91.7 68.5 9.9 DCRS_-_Bom_Jesus/Jaquirana_(606_m) -999.9 -999.9 980.5 950.0 953.3 10.8 6.6 296.0 Rio_Grande_do_Sul DCRS -999.9 0.0 0.0 600.98 601.08 600.94 0 0.02 601.28 601.96 601.96 601.96
-28.798800 -50.429798 DCRS-00086 2026-09-14_12:41 15.7 -999.9 -999.9 71.0 -999.9 -999.9 10.4 -999.9 -999.9 953.5 -999.9 -999.9 2.7 -999.9 2.9 200.0 0.0 0.0 0.0 0.0 39.4 41.8 16.0 8.6 91.7 68.5 9.9 DCRS_-_Bom_Jesus/Jaquirana_(606_m) -999.9 -999.9 980.5 950.0 953.5 10.8 6.6 296.0 Rio_Grande_do_Sul DCRS -999.9 0.0 0.0 600.99 601.08 600.94 -1 0.0 601.28 601.96 601.96 601.96
-28.798800 -50.429798 DCRS-00086 2026-09-14_12:42 15.7 -999.9 -999.9 70.9 -999.9 -999.9 10.4 -999.9 -999.9 953.7 -999.9 -999.9 0.0 -999.9 2.9 201.0 0.0 0.0 0.0 0.0 39.4 41.8 16.0 8.6 91.7 68.5 9.9 DCRS_-_Bom_Jesus/Jaquirana_(606_m) -999.9 -999.9 980.5 950.0 953.7 10.8 6.6 296.0 Rio_Grande_do_Sul DCRS -999.9 0.0 0.0 600.99 601.08 600.94 -1 0.0 601.28 601.96 601.96 601.96
-28.798800 -50.429798 DCRS-00086 2026-09-14_12:43 15.7 -999.9 -999.9 70.7 -999.9 -999.9 10.4 -999.9 -999.9 953.6 -999.9 -999.9 0.0 -999.9 2.9 207.0 0.0 0.0 0.0 0.0 39.4 41.8 16.0 8.6 91.7 68.5 9.9 DCRS_-_Bom_Jesus/Jaquirana_(606_m) -999.9 -999.9 980.5 950.0 953.6 10.8 6.6 296.0 Rio_Grande_do_Sul DCRS -999.9 0.0 0.0 601.01 601.08 600.94 -1 0.01 601.28 601.96 601.96 601.96
-28.798800 -50.429798 DCRS-00086 2026-09-14_12:44 15.8 -999.9 -999.9 71.4 -999.9 -999.9 10.6 -999.9 -999.9 954.0 -999.9 -999.9 0.0 -999.9 2.9 209.0 0.0 0.0 0.0 0.0 39.4 41.8 16.0 8.6 91.7 68.5 9.9 DCRS_-_Bom_Jesus/Jaquirana_(606_m) -999.9 -999.9 980.5 950.0 954.0 10.8 6.6 296.0 Rio_Grande_do_Sul DCRS -999.9 0.0 0.0 601.0 601.08 600.94 -1 -0.01 601.28 601.96 601.96 601.96
-28.798800 -50.429798 DCRS-00086 2026-09-14_12:45 15.8 -999.9 -999.9 70.7 -999.9 -999.9 10.4 -999.9 -999.9 953.7 -999.9 -999.9 1.8 -999.9 4.7 201.0 0.0 0.0 0.0 0.0 39.4 41.8 16.0 8.6 91.7 68.5 9.9 DCRS_-_Bom_Jesus/Jaquirana_(606_m) -999.9 -999.9 980.5 950.0 953.7 10.8 6.6 296.0 Rio_Grande_do_Sul DCRS -999.9 0.0 0.0 601.0 601.08 600.94 -1 -0.01 601.28 601.96 601.96 601.96
-28.798800 -50.429798 DCRS-00086 2026-09-14_12:46 15.9 -999.9 -999.9 72.1 -999.9 -999.9 10.8 -999.9 -999.9 954.7 -999.9 -999.9 0.0 -999.9 4.7 173.0 0.0 0.0 0.0 0.0 39.4 41.8 16.0 8.6 91.7 68.5 9.9 DCRS_-_Bom_Jesus/Jaquirana_(606_m) -999.9 -999.9 980.5 950.0 954.7 10.8 6.6 296.0 Rio_Grande_do_Sul DCRS -999.9 0.0 0.0 601.01 601.08 600.94 -1 0.0 601.28 601.96 601.96 601.96
-28.798800 -50.429798 DCRS-00086 2026-09-14_12:47 15.9 -999.9 -999.9 70.0 -999.9 -999.9 10.4 -999.9 -999.9 954.0 -999.9 -999.9 0.0 -999.9 4.7 159.0 0.0 0.0 0.0 0.0 39.4 41.8 16.0 8.6 91.7 68.5 9.9 DCRS_-_Bom_Jesus/Jaquirana_(606_m) -999.9 -999.9 980.5 950.0 954.0 10.8 6.6 296.0 Rio_Grande_do_Sul DCRS -999.9 0.0 0.0 601.01 601.08 600.94 -1 0.01 601.28 601.96 601.96 601.96
-28.798800 -50.429798 DCRS-00086 2026-09-14_12:48 15.9 -999.9 -999.9 69.4 -999.9 -999.9 10.3 -999.9 -999.9 953.3 -999.9 -999.9 0.0 -999.9 4.7 164.0 0.0 0.0 0.0 0.0 39.4 41.8 16.0 8.6 91.7 68.5 9.9 DCRS_-_Bom_Jesus/Jaquirana_(606_m) -999.9 -999.9 980.5 950.0 953.3 10.8 6.6 296.0 Rio_Grande_do_Sul DCRS -999.9 0.0 0.0 600.99 601.08 600.94 -1 -0.01 601.28 601.96 601.96 601.96
-28.798800 -50.429798 DCRS-00086 2026-09-14_12:49 15.9 -999.9 -999.9 70.0 -999.9 -999.9 10.4 -999.9 -999.9 953.2 -999.9 -999.9 0.0 -999.9 4.7 177.0 0.0 0.0 0.0 0.0 39.4 41.8 16.0 8.6 91.7 68.5 9.9 DCRS_-_Bom_Jesus/Jaquirana_(606_m) -999.9 -999.9 980.5 950.0 953.2 10.8 6.6 296.0 Rio_Grande_do_Sul DCRS -999.9 0.0 0.0 600.98 601.08 600.94 -1 -0.02 601.28 601.96 601.96 601.96
-28.798800 -50.429798 DCRS-00086 2026-09-14_12:50 15.9 -999.9 -999.9 69.7 -999.9 -999.9 10.3 -999.9 -999.9 953.1 -999.9 -999.9 0.0 -999.9 2.0 184.0 0.0 0.0 0.0 0.0 39.4 41.8 16.0 8.6 91.7 68.5 9.9 DCRS_-_Bom_Jesus/Jaquirana_(606_m) -999.9 -999.9 980.5 950.0 953.1 10.8 6.6 296.0 Rio_Grande_do_Sul DCRS -999.9 0.0 0.0 601.0 601.08 600.94 -1 0.0 601.28 601.96 601.96 601.96
-28.798800 -50.429798 DCRS-00086 2026-09-14_12:51 15.9 -999.9 -999.9 69.8 -999.9 -999.9 10.3 -999.9 -999.9 953.1 -999.9 -999.9 0.0 -999.9 2.0 175.0 0.0 0.0 0.0 0.0 39.4 41.8 16.0 8.6 91.7 68.5 9.9 DCRS_-_Bom_Jesus/Jaquirana_(606_m) -999.9 -999.9 980.5 950.0 953.1 10.8 6.6 296.0 Rio_Grande_do_Sul DCRS -999.9 0.0 0.0 600.98 601.08 600.94 -1 -0.04 601.28 601.96 601.96 601.96
-28.798800 -50.429798 DCRS-00086 2026-09-14_12:52 15.9 -999.9 -999.9 69.8 -999.9 -999.9 10.3 -999.9 -999.9 953.2 -999.9 -999.9 0.0 -999.9 2.0 163.0 0.0 0.0 0.0 0.0 39.4 41.8 16.0 8.6 91.7 68.5 9.9 DCRS_-_Bom_Jesus/Jaquirana_(606_m) -999.9 -999.9 980.5 950.0 953.2 10.8 6.6 296.0 Rio_Grande_do_Sul DCRS -999.9 0.0 0.0 601.0 601.08 600.94 -1 -0.01 601.28 601.96 601.96 601.96
-28.798800 -50.429798 DCRS-00086 2026-09-14_12:53 15.9 -999.9 -999.9 69.6 -999.9 -999.9 10.3 -999.9 -999.9 953.1 -999.9 -999.9 0.0 -999.9 2.0 151.0 0.0 0.0 0.0 0.0 39.4 41.8 16.0 8.6 91.7 68.5 9.9 DCRS_-_Bom_Jesus/Jaquirana_(606_m) -999.9 -999.9 980.5 950.0 953.1 10.8 6.6 296.0 Rio_Grande_do_Sul DCRS -999.9 0.0 0.0 600.98 601.08 600.94 -1 -0.04 601.28 601.96 601.96 601.96
-28.798800 -50.429798 DCRS-00086 2026-09-14_12:54 15.9 -999.9 -999.9 69.8 -999.9 -999.9 10.3 -999.9 -999.9 953.2 -999.9 -999.9 0.0 -999.9 2.0 137.0 0.0 0.0 0.0 0.0 39.4 41.8 16.0 8.6 91.7 68.5 9.9 DCRS_-_Bom_Jesus/Jaquirana_(606_m) -999.9 -999.9 980.5 950.0 953.2 10.8 6.6 296.0 Rio_Grande_do_Sul DCRS -999.9 0.0 0.0 601.0 601.08 600.94 -1 0.0 601.28 601.96 601.96 601.96
-28.798800 -50.429798 DCRS-00086 2026-09-14_12:55 16.0 -999.9 -999.9 70.0 -999.9 -999.9 10.5 -999.9 -999.9 953.3 -999.9 -999.9 0.0 -999.9 0.0 131.0 0.0 0.0 0.0 0.0 39.4 41.8 16.0 8.6 91.7 68.5 9.9 DCRS_-_Bom_Jesus/Jaquirana_(606_m) -999.9 -999.9 980.5 950.0 953.3 10.8 6.6 296.0 Rio_Grande_do_Sul DCRS -999.9 0.0 0.0 600.98 601.08 600.94 -1 -0.02 601.28 601.96 601.96 601.96
-28.798800 -50.429798 DCRS-00086 2026-09-14_12:56 16.0 -999.9 -999.9 68.6 -999.9 -999.9 10.2 -999.9 -999.9 952.7 -999.9 -999.9 0.0 -999.9 0.0 133.0 0.0 0.0 0.0 0.0 39.4 41.8 16.0 8.6 91.7 68.5 9.9 DCRS_-_Bom_Jesus/Jaquirana_(606_m) -999.9 -999.9 980.5 950.0 952.7 10.8 6.6 296.0 Rio_Grande_do_Sul DCRS -999.9 0.0 0.0 601.0 601.08 600.94 -1 0.02 601.28 601.96 601.96 601.96
-28.798800 -50.429798 DCRS-00086 2026-09-14_12:57 16.0 -999.9 -999.9 68.4 -999.9 -999.9 10.1 -999.9 -999.9 952.4 -999.9 -999.9 0.0 -999.9 0.0 139.0 0.0 0.0 0.0 0.0 39.4 41.8 16.0 8.6 91.7 68.4 9.9 DCRS_-_Bom_Jesus/Jaquirana_(606_m) -999.9 -999.9 980.5 950.0 952.4 10.8 6.6 296.0 Rio_Grande_do_Sul DCRS -999.9 0.0 0.0 601.0 601.08 600.94 -1 0.02 601.28 601.96 601.96 601.96
-28.798800 -50.429798 DCRS-00086 2026-09-14_12:58 15.9 -999.9 -999.9 69.3 -999.9 -999.9 10.2 -999.9 -999.9 953.0 -999.9 -999.9 0.0 -999.9 0.0 145.0 0.0 0.0 0.0 0.0 39.4 41.8 16.0 8.6 91.7 68.4 9.9 DCRS_-_Bom_Jesus/Jaquirana_(606_m) -999.9 -999.9 980.5 950.0 953.0 10.8 6.6 296.0 Rio_Grande_do_Sul DCRS -999.9 0.0 0.0 601.02 601.08 600.94 -1 0.03 601.28 601.96 601.96 601.96
-28.798800 -50.429798 DCRS-00086 2026-09-14_12:59 15.9 -999.9 -999.9 69.3 -999.9 -999.9 10.2 -999.9 -999.9 953.1 -999.9 -999.9 0.0 -999.9 0.0 140.0 0.0 0.0 0.0 0.0 39.4 41.8 16.0 8.6 91.7 68.4 9.9 DCRS_-_Bom_Jesus/Jaquirana_(606_m) -999.9 -999.9 980.5 950.0 953.1 10.8 6.6 296.0 Rio_Grande_do_Sul DCRS -999.9 0.0 0.0 601.01 601.08 600.94 -1 -0.01 601.28 601.96 601.96 601.96
-28.798800 -50.429798 DCRS-00086 2026-09-14_13:00 15.9 -999.9 -999.9 69.7 -999.9 -999.9 -999.9 -999.9 -999.9 953.3 -999.9 -999.9 0.0 -999.9 3.5 130.0 0.0 0.0 0.0 0.0 39.4 41.8 16.0 8.6 91.7 68.4 9.9 DCRS_-_Bom_Jesus/Jaquirana_(606_m) -999.9 -999.9 980.5 950.0 953.3 10.8 6.6 296.0 Rio_Grande_do_Sul DCRS -999.9 0.0 0.0 601.0 601.08 600.94 0 0.02 601.28 601.96 601.96 601.96
-28.798800 -50.429798 DCRS-00086 2026-09-14_13:01 15.9 -999.9 -999.9 69.4 -999.9 -999.9 10.3 -999.9 -999.9 953.4 -999.9 -999.9 0.0 -999.9 3.5 124.0 0.0 0.0 0.0 0.0 39.4 41.8 16.0 8.6 91.7 68.4 9.9 DCRS_-_Bom_Jesus/Jaquirana_(606_m) -999.9 -999.9 980.5 950.0 953.4 10.8 6.6 296.0 Rio_Grande_do_Sul DCRS -999.9 0.0 0.0 600.99 601.08 600.94 0 0.01 601.28 601.96 601.96 601.96
-28.798800 -50.429798 DCRS-00086 2026-09-14_13:02 15.9 -999.9 -999.9 68.7 -999.9 -999.9 10.1 -999.9 -999.9 953.0 -999.9 -999.9 0.0 -999.9 3.5 122.0 0.0 0.0 0.0 0.0 39.4 41.8 16.0 8.6 91.7 68.4 9.9 DCRS_-_Bom_Jesus/Jaquirana_(606_m) -999.9 -999.9 980.5 950.0 953.0 10.8 6.6 296.0 Rio_Grande_do_Sul DCRS -999.9 0.0 0.0 601.0 601.08 600.94 0 0.02 601.28 601.96 601.96 601.96
-28.798800 -50.429798 DCRS-00086 2026-09-14_13:03 15.9 -999.9 -999.9 69.0 -999.9 -999.9 10.2 -999.9 -999.9 953.0 -999.9 -999.9 2.0 -999.9 3.5 122.0 0.0 0.0 0.0 0.0 39.4 41.8 16.0 8.6 91.7 68.4 9.9 DCRS_-_Bom_Jesus/Jaquirana_(606_m) -999.9 -999.9 980.5 950.0 953.0 10.8 6.6 296.0 Rio_Grande_do_Sul DCRS -999.9 0.0 0.0 601.0 601.08 600.94 0 0.02 601.28 601.96 601.96 601.96
-28.798800 -50.429798 DCRS-00086 2026-09-14_13:04 15.9 -999.9 -999.9 69.5 -999.9 -999.9 10.3 -999.9 -999.9 953.4 -999.9 -999.9 0.0 -999.9 3.5 121.0 0.0 0.0 0.0 0.0 39.4 41.8 16.0 8.6 91.7 68.4 9.9 DCRS_-_Bom_Jesus/Jaquirana_(606_m) -999.9 -999.9 980.5 950.0 953.4 10.8 6.6 296.0 Rio_Grande_do_Sul DCRS -999.9 0.0 0.0 601.01 601.08 600.94 0 0.03 601.28 601.96 601.96 601.96
-28.798800 -50.429798 DCRS-00086 2026-09-14_13:05 15.9 -999.9 -999.9 69.3 -999.9 -999.9 10.2 -999.9 -999.9 953.4 -999.9 -999.9 0.0 -999.9 3.5 117.0 0.0 0.0 0.0 0.0 39.4 41.8 16.0 8.6 91.7 68.4 9.9 DCRS_-_Bom_Jesus/Jaquirana_(606_m) -999.9 -999.9 980.5 950.0 953.4 10.8 6.6 296.0 Rio_Grande_do_Sul DCRS -999.9 0.0 0.0 601.01 601.08 600.94 0 0.03 601.28 601.96 601.96 601.96
-28.798800 -50.429798 DCRS-00086 2026-09-14_13:06 15.8 -999.9 -999.9 69.0 -999.9 -999.9 10.1 -999.9 -999.9 953.3 -999.9 -999.9 0.0 -999.9 3.5 114.0 0.0 0.0 0.0 0.0 39.4 41.8 16.0 8.6 91.7 68.4 9.9 DCRS_-_Bom_Jesus/Jaquirana_(606_m) -999.9 -999.9 980.5 950.0 953.3 10.8 6.6 296.0 Rio_Grande_do_Sul DCRS -999.9 0.0 0.0 600.98 601.08 600.94 0 0.0 601.28 601.96 601.96 601.96
-28.798800 -50.429798 DCRS-00086 2026-09-14_13:07 15.8 -999.9 -999.9 69.2 -999.9 -999.9 10.1 -999.9 -999.9 953.3 -999.9 -999.9 0.0 -999.9 3.5 112.0 0.0 0.0 0.0 0.0 39.4 41.8 16.0 8.6 91.7 68.4 9.9 DCRS_-_Bom_Jesus/Jaquirana_(606_m) -999.9 -999.9 980.5 950.0 953.3 10.8 6.6 296.0 Rio_Grande_do_Sul DCRS -999.9 0.0 0.0 601.0 601.08 600.94 0 0.02 601.28 601.96 601.96 601.96
-28.798800 -50.429798 DCRS-00086 2026-09-14_13:08 15.8 -999.9 -999.9 69.6 -999.9 -999.9 10.2 -999.9 -999.9 953.5 -999.9 -999.9 0.0 -999.9 3.5 115.0 0.0 0.0 0.0 0.0 39.4 41.8 16.0 8.6 91.7 68.4 9.9 DCRS_-_Bom_Jesus/Jaquirana_(606_m) -999.9 -999.9 980.5 950.0 953.5 10.8 6.6 296.0 Rio_Grande_do_Sul DCRS -999.9 0.0 0.0 600.98 601.08 600.94 0 0.0 601.28 601.96 601.96 601.96
-28.798800 -50.429798 DCRS-00086 2026-09-14_13:09 15.8 -999.9 -999.9 69.2 -999.9 -999.9 10.1 -999.9 -999.9 953.6 -999.9 -999.9 0.0 -999.9 3.5 118.0 0.0 0.0 0.0 0.0 39.4 41.8 16.0 8.6 91.7 68.4 9.9 DCRS_-_Bom_Jesus/Jaquirana_(606_m) -999.9 -999.9 980.5 950.0 953.6 10.8 6.6 296.0 Rio_Grande_do_Sul DCRS -999.9 0.0 0.0 600.98 601.08 600.94 0 0.0 601.28 601.96 601.96 601.96
-28.798800 -50.429798 DCRS-00086 2026-09-14_13:10 15.9 -999.9 -999.9 69.0 -999.9 -999.9 10.2 -999.9 -999.9 953.4 -999.9 -999.9 0.0 -999.9 1.9 119.0 0.0 0.0 0.0 0.0 39.4 41.8 16.0 8.6 91.7 68.4 9.9 DCRS_-_Bom_Jesus/Jaquirana_(606_m) -999.9 -999.9 980.5 950.0 953.4 10.8 6.6 296.0 Rio_Grande_do_Sul DCRS -999.9 0.0 0.0 601.01 601.08 600.94 0 0.03 601.28 601.96 601.96 601.96
-28.798800 -50.429798 DCRS-00086 2026-09-14_13:11 15.8 -999.9 -999.9 69.1 -999.9 -999.9 10.1 -999.9 -999.9 953.5 -999.9 -999.9 0.0 -999.9 1.9 115.0 0.0 0.0 0.0 0.0 39.4 41.8 16.0 8.6 91.7 68.4 9.9 DCRS_-_Bom_Jesus/Jaquirana_(606_m) -999.9 -999.9 980.5 950.0 953.5 10.8 6.6 296.0 Rio_Grande_do_Sul DCRS -999.9 0.0 0.0 600.99 601.08 600.94 0 0.01 601.28 601.96 601.96 601.96
-28.798800 -50.429798 DCRS-00086 2026-09-14_13:12 15.8 -999.9 -999.9 69.2 -999.9 -999.9 10.1 -999.9 -999.9 953.5 -999.9 -999.9 0.0 -999.9 1.9 107.0 0.0 0.0 0.0 0.0 39.4 41.8 16.0 8.6 91.7 68.4 9.9 DCRS_-_Bom_Jesus/Jaquirana_(606_m) -999.9 -999.9 980.5 950.0 953.5 10.8 6.6 296.0 Rio_Grande_do_Sul DCRS -999.9 0.0 0.0 601.01 601.08 600.94 0 0.03 601.28 601.96 601.96 601.96
-28.798800 -50.429798 DCRS-00086 2026-09-14_13:13 15.8 -999.9 -999.9 68.8 -999.9 -999.9 10.0 -999.9 -999.9 953.3 -999.9 -999.9 0.0 -999.9 1.9 105.0 0.0 0.0 0.0 0.0 39.4 41.8 16.0 8.6 91.7 68.4 9.9 DCRS_-_Bom_Jesus/Jaquirana_(606_m) -999.9 -999.9 980.5 950.0 953.3 10.8 6.6 296.0 Rio_Grande_do_Sul DCRS -999.9 0.0 0.0 600.98 601.08 600.94 0 0.0 601.28 601.96 601.96 601.96
-28.798800 -50.429798 DCRS-00086 2026-09-14_13:14 15.8 -999.9 -999.9 69.0 -999.9 -999.9 10.1 -999.9 -999.9 953.4 -999.9 -999.9 0.0 -999.9 1.9 105.0 0.0 0.0 0.0 0.0 39.4 41.8 16.0 8.6 91.7 68.4 9.9 DCRS_-_Bom_Jesus/Jaquirana_(606_m) -999.9 -999.9 980.5 950.0 953.4 10.8 6.6 296.0 Rio_Grande_do_Sul DCRS -999.9 0.0 0.0 600.97 601.08 600.94 0 -0.01 601.28 601.96 601.96 601.96
-28.798800 -50.429798 DCRS-00086 2026-09-14_13:15 15.8 -999.9 -999.9 69.1 -999.9 -999.9 10.1 -999.9 -999.9 953.5 -999.9 -999.9 0.0 -999.9 2.4 108.0 0.0 0.0 0.0 0.0 39.4 41.8 16.0 8.6 91.7 68.4 9.9 DCRS_-_Bom_Jesus/Jaquirana_(606_m) -999.9 -999.9 980.5 950.0 953.5 10.8 6.6 296.0 Rio_Grande_do_Sul DCRS -999.9 0.0 0.0 601.01 601.08 600.94 0 0.03 601.28 601.96 601.96 601.96
-28.798800 -50.429798 DCRS-00086 2026-09-14_13:16 15.8 -999.9 -999.9 68.8 -999.9 -999.9 10.0 -999.9 -999.9 953.4 -999.9 -999.9 0.0 -999.9 2.4 113.0 0.0 0.0 0.0 0.0 39.4 41.8 16.0 8.6 91.7 68.4 9.9 DCRS_-_Bom_Jesus/Jaquirana_(606_m) -999.9 -999.9 980.5 950.0 953.4 10.8 6.6 296.0 Rio_Grande_do_Sul DCRS -999.9 0.0 0.0 601.01 601.08 600.94 0 0.03 601.28 601.96 601.96 601.96
-28.798800 -50.429798 DCRS-00086 2026-09-14_13:17 15.7 -999.9 -999.9 69.3 -999.9 -999.9 10.0 -999.9 -999.9 953.6 -999.9 -999.9 0.0 -999.9 2.4 122.0 0.0 0.0 0.0 0.0 39.4 41.8 16.0 8.6 91.7 68.4 9.9 DCRS_-_Bom_Jesus/Jaquirana_(606_m) -999.9 -999.9 980.5 950.0 953.6 10.8 6.6 296.0 Rio_Grande_do_Sul DCRS -999.9 0.0 0.0 601.01 601.08 600.94 0 0.03 601.28 601.96 601.96 601.96
-28.798800 -50.429798 DCRS-00086 2026-09-14_13:18 15.8 -999.9 -999.9 68.8 -999.9 -999.9 10.0 -999.9 -999.9 953.5 -999.9 -999.9 0.0 -999.9 2.4 126.0 0.0 0.0 0.0 0.0 39.4 41.8 16.0 8.6 91.7 68.4 9.9 DCRS_-_Bom_Jesus/Jaquirana_(606_m) -999.9 -999.9 980.5 950.0 953.5 10.8 6.6 296.0 Rio_Grande_do_Sul DCRS -999.9 0.0 0.0 600.99 601.08 600.94 0 -0.02 601.28 601.96 601.96 601.96
-28.798800 -50.429798 DCRS-00086 2026-09-14_13:19 15.8 -999.9 -999.9 69.0 -999.9 -999.9 10.1 -999.9 -999.9 953.6 -999.9 -999.9 0.0 -999.9 2.4 125.0 0.0 0.0 0.0 0.0 39.4 41.8 16.0 8.6 91.7 68.4 9.9 DCRS_-_Bom_Jesus/Jaquirana_(606_m) -999.9 -999.9 980.5 950.0 953.6 10.8 6.6 296.0 Rio_Grande_do_Sul DCRS -999.9 0.0 0.0 601.0 601.08 600.94 0 -0.01 601.28 601.96 601.96 601.96
-28.798800 -50.429798 DCRS-00086 2026-09-14_13:20 15.7 -999.9 -999.9 69.1 -999.9 -999.9 10.0 -999.9 -999.9 953.7 -999.9 -999.9 0.0 -999.9 2.4 125.0 0.0 0.0 0.0 0.0 39.4 41.8 16.0 8.6 91.7 68.4 9.9 DCRS_-_Bom_Jesus/Jaquirana_(606_m) -999.9 -999.9 980.5 950.0 953.7 10.8 6.6 296.0 Rio_Grande_do_Sul DCRS -999.9 0.0 0.0 600.97 601.08 600.94 0 -0.03 601.28 601.96 601.96 601.96
-28.798800 -50.429798 DCRS-00086 2026-09-14_13:21 15.8 -999.9 -999.9 69.0 -999.9 -999.9 10.1 -999.9 -999.9 953.7 -999.9 -999.9 0.0 -999.9 2.4 126.0 0.0 0.0 0.0 0.0 39.4 41.8 16.0 8.6 91.7 68.4 9.9 DCRS_-_Bom_Jesus/Jaquirana_(606_m) -999.9 -999.9 980.5 950.0 953.7 10.8 6.6 296.0 Rio_Grande_do_Sul DCRS -999.9 0.0 0.0 600.98 601.08 600.94 0 -0.01 601.28 601.96 601.96 601.96
-28.798800 -50.429798 DCRS-00086 2026-09-14_13:22 15.8 -999.9 -999.9 69.3 -999.9 -999.9 10.1 -999.9 -999.9 953.8 -999.9 -999.9 0.0 -999.9 2.4 126.0 0.0 0.0 0.0 0.0 39.4 41.8 16.0 8.6 91.7 68.4 9.9 DCRS_-_Bom_Jesus/Jaquirana_(606_m) -999.9 -999.9 980.5 950.0 953.8 10.8 6.6 296.0 Rio_Grande_do_Sul DCRS -999.9 0.0 0.0 601.01 601.08 600.94 0 0.02 601.28 601.96 601.96 601.96
-28.798800 -50.429798 DCRS-00086 2026-09-14_13:23 15.8 -999.9 -999.9 69.2 -999.9 -999.9 10.1 -999.9 -999.9 953.9 -999.9 -999.9 0.0 -999.9 2.4 125.0 0.0 0.0 0.0 0.0 39.4 41.8 16.0 8.6 91.7 68.4 9.9 DCRS_-_Bom_Jesus/Jaquirana_(606_m) -999.9 -999.9 980.5 950.0 953.9 10.8 6.6 296.0 Rio_Grande_do_Sul DCRS -999.9 0.0 0.0 601.0 601.08 600.94 0 0.01 601.28 601.96 601.96 601.96
-28.798800 -50.429798 DCRS-00086 2026-09-14_13:24 15.7 -999.9 -999.9 68.8 -999.9 -999.9 9.9 -999.9 -999.9 953.7 -999.9 -999.9 0.0 -999.9 2.4 121.0 0.0 0.0 0.0 0.0 39.4 41.8 16.0 8.6 91.7 68.4 9.9 DCRS_-_Bom_Jesus/Jaquirana_(606_m) -999.9 -999.9 980.5 950.0 953.7 10.8 6.6 296.0 Rio_Grande_do_Sul DCRS -999.9 0.0 0.0 601.0 601.08 600.94 0 0.01 601.28 601.96 601.96 601.96
-28.798800 -50.429798 DCRS-00086 2026-09-14_13:25 15.8 -999.9 -999.9 69.1 -999.9 -999.9 10.1 -999.9 -999.9 953.8 -999.9 -999.9 0.0 -999.9 0.0 121.0 0.0 0.0 0.0 0.0 39.4 41.8 16.0 8.6 91.7 68.4 9.9 DCRS_-_Bom_Jesus/Jaquirana_(606_m) -999.9 -999.9 980.5 950.0 953.8 10.8 6.6 296.0 Rio_Grande_do_Sul DCRS -999.9 0.0 0.0 601.01 601.08 600.94 0 -0.01 601.28 601.96 601.96 601.96
-28.798800 -50.429798 DCRS-00086 2026-09-14_13:26 15.8 -999.9 -999.9 69.2 -999.9 -999.9 10.1 -999.9 -999.9 953.9 -999.9 -999.9 0.0 -999.9 0.0 126.0 0.0 0.0 0.0 0.0 39.4 41.8 16.0 8.6 91.7 68.4 9.9 DCRS_-_Bom_Jesus/Jaquirana_(606_m) -999.9 -999.9 980.5 950.0 953.9 10.8 6.6 296.0 Rio_Grande_do_Sul DCRS -999.9 0.0 0.0 600.99 601.08 600.94 0 -0.03 601.28 601.96 601.96 601.96
-28.798800 -50.429798 DCRS-00086 2026-09-14_13:27 15.8 -999.9 -999.9 69.0 -999.9 -999.9 10.1 -999.9 -999.9 953.8 -999.9 -999.9 0.0 -999.9 0.0 130.0 0.0 0.0 0.0 0.0 39.4 41.8 16.0 8.6 91.7 68.4 9.9 DCRS_-_Bom_Jesus/Jaquirana_(606_m) -999.9 -999.9 980.5 950.0 953.8 10.8 6.6 296.0 Rio_Grande_do_Sul DCRS -999.9 0.0 0.0 600.98 601.08 600.94 0 0.0 601.28 601.96 601.96 601.96
-28.798800 -50.429798 DCRS-00086 2026-09-14_13:28 15.8 -999.9 -999.9 68.8 -999.9 -999.9 10.0 -999.9 -999.9 953.6 -999.9 -999.9 0.0 -999.9 0.0 135.0 0.0 0.0 0.0 0.0 39.4 41.8 16.0 8.6 91.7 68.4 9.9 DCRS_-_Bom_Jesus/Jaquirana_(606_m) -999.9 -999.9 980.5 950.0 953.6 10.8 6.6 296.0 Rio_Grande_do_Sul DCRS -999.9 0.0 0.0 601.02 601.08 600.94 0 0.0 601.28 601.96 601.96 601.96
-28.798800 -50.429798 DCRS-00086 2026-09-14_13:29 15.8 -999.9 -999.9 69.4 -999.9 -999.9 10.2 -999.9 -999.9 953.9 -999.9 -999.9 0.0 -999.9 0.0 140.0 0.0 0.0 0.0 0.0 39.4 41.8 16.0 8.6 91.7 68.4 9.9 DCRS_-_Bom_Jesus/Jaquirana_(606_m) -999.9 -999.9 980.5 950.0 953.9 10.8 6.6 296.0 Rio_Grande_do_Sul DCRS -999.9 0.0 0.0 601.01 601.08 600.94 0 0.01 601.28 601.96 601.96 601.96
-28.798800 -50.429798 DCRS-00086 2026-09-14_13:30 15.8 -999.9 -999.9 69.2 -999.9 -999.9 10.1 -999.9 -999.9 953.9 -999.9 -999.9 0.0 -999.9 3.0 139.0 0.0 0.0 0.0 0.0 39.4 41.8 16.0 8.6 91.7 68.4 9.9 DCRS_-_Bom_Jesus/Jaquirana_(606_m) -999.9 -999.9 980.5 950.0 953.9 10.8 6.6 296.0 Rio_Grande_do_Sul DCRS -999.9 0.0 0.0 601.0 601.08 600.94 0 0.0 601.28 601.96 601.96 601.96
-28.798800 -50.429798 DCRS-00086 2026-09-14_13:31 15.8 -999.9 -999.9 69.2 -999.9 -999.9 10.1 -999.9 -999.9 953.8 -999.9 -999.9 0.0 -999.9 3.0 129.0 0.0 0.0 0.0 0.0 39.4 41.8 16.0 8.6 91.7 68.4 9.9 DCRS_-_Bom_Jesus/Jaquirana_(606_m) -999.9 -999.9 980.5 950.0 953.8 10.8 6.6 296.0 Rio_Grande_do_Sul DCRS -999.9 0.0 0.0 601.0 601.08 600.94 0 -0.01 601.28 601.96 601.96 601.96
-28.798800 -50.429798 DCRS-00086 2026-09-14_13:32 15.8 -999.9 -999.9 69.6 -999.9 -999.9 10.2 -999.9 -999.9 954.0 -999.9 -999.9 0.0 -999.9 3.0 130.0 0.0 0.0 0.0 0.0 39.4 41.8 16.0 8.6 91.7 68.4 9.9 DCRS_-_Bom_Jesus/Jaquirana_(606_m) -999.9 -999.9 980.5 950.0 954.0 10.8 6.6 296.0 Rio_Grande_do_Sul DCRS -999.9 0.0 0.0 601.0 601.08 600.94 0 -0.01 601.28 601.96 601.96 601.96
-28.798800 -50.429798 DCRS-00086 2026-09-14_13:33 15.8 -999.9 -999.9 69.3 -999.9 -999.9 10.1 -999.9 -999.9 953.9 -999.9 -999.9 0.0 -999.9 3.0 129.0 0.0 0.0 0.0 0.0 39.4 41.8 16.0 8.6 91.7 68.4 9.9 DCRS_-_Bom_Jesus/Jaquirana_(606_m) -999.9 -999.9 980.5 950.0 953.9 10.8 6.6 296.0 Rio_Grande_do_Sul DCRS -999.9 0.0 0.0 600.99 601.08 600.94 0 0.0 601.28 601.96 601.96 601.96
-28.798800 -50.429798 DCRS-00086 2026-09-14_13:34 15.8 -999.9 -999.9 68.5 -999.9 -999.9 10.0 -999.9 -999.9 953.6 -999.9 -999.9 0.0 -999.9 3.0 126.0 0.0 0.0 0.0 0.0 39.4 41.8 16.0 8.6 91.7 68.4 9.9 DCRS_-_Bom_Jesus/Jaquirana_(606_m) -999.9 -999.9 980.5 950.0 953.6 10.8 6.6 296.0 Rio_Grande_do_Sul DCRS -999.9 0.0 0.0 600.98 601.08 600.94 0 -0.02 601.28 601.96 601.96 601.96
-28.798800 -50.429798 DCRS-00086 2026-09-14_13:35 15.8 -999.9 -999.9 68.2 -999.9 -999.9 9.9 -999.9 -999.9 953.4 -999.9 -999.9 0.0 -999.9 4.1 129.0 0.0 0.0 0.0 0.0 39.4 41.8 16.0 8.6 91.7 68.2 9.9 DCRS_-_Bom_Jesus/Jaquirana_(606_m) -999.9 -999.9 980.5 950.0 953.4 10.8 6.6 296.0 Rio_Grande_do_Sul DCRS -999.9 0.0 0.0 601.01 601.08 600.94 0 0.04 601.28 601.96 601.96 601.96
-28.798800 -50.429798 DCRS-00086 2026-09-14_13:36 15.8 -999.9 -999.9 68.6 -999.9 -999.9 10.0 -999.9 -999.9 953.5 -999.9 -999.9 0.0 -999.9 4.1 124.0 0.0 0.0 0.0 0.0 39.4 41.8 16.0 8.6 91.7 68.2 9.9 DCRS_-_Bom_Jesus/Jaquirana_(606_m) -999.9 -999.9 980.5 950.0 953.5 10.8 6.6 296.0 Rio_Grande_do_Sul DCRS -999.9 0.0 0.0 600.99 601.08 600.94 0 0.0 601.28 601.96 601.96 601.96
-28.798800 -50.429798 DCRS-00086 2026-09-14_13:37 15.8 -999.9 -999.9 68.5 -999.9 -999.9 10.0 -999.9 -999.9 953.5 -999.9 -999.9 0.0 -999.9 4.1 131.0 0.0 0.0 0.0 0.0 39.4 41.8 16.0 8.6 91.7 68.2 9.9 DCRS_-_Bom_Jesus/Jaquirana_(606_m) -999.9 -999.9 980.5 950.0 953.5 10.8 6.6 296.0 Rio_Grande_do_Sul DCRS -999.9 0.0 0.0 601.0 601.08 600.94 0 0.01 601.28 601.96 601.96 601.96
-28.798800 -50.429798 DCRS-00086 2026-09-14_13:38 15.8 -999.9 -999.9 69.0 -999.9 -999.9 10.1 -999.9 -999.9 953.7 -999.9 -999.9 0.0 -999.9 4.1 128.0 0.0 0.0 0.0 0.0 39.4 41.8 16.0 8.6 91.7 68.2 9.9 DCRS_-_Bom_Jesus/Jaquirana_(606_m) -999.9 -999.9 980.5 950.0 953.7 10.8 6.6 296.0 Rio_Grande_do_Sul DCRS -999.9 0.0 0.0 600.99 601.08 600.94 0 -0.02 601.28 601.96 601.96 601.96
-28.798800 -50.429798 DCRS-00086 2026-09-14_13:39 15.8 -999.9 -999.9 69.3 -999.9 -999.9 10.1 -999.9 -999.9 953.9 -999.9 -999.9 0.0 -999.9 4.1 130.0 0.0 0.0 0.0 0.0 39.4 41.8 16.0 8.6 91.7 68.2 9.9 DCRS_-_Bom_Jesus/Jaquirana_(606_m) -999.9 -999.9 980.5 950.0 953.9 10.8 6.6 296.0 Rio_Grande_do_Sul DCRS -999.9 0.0 0.0 600.97 601.08 600.94 0 -0.01 601.28 601.96 601.96 601.96
-28.798800 -50.429798 DCRS-00086 2026-09-14_13:40 15.8 -999.9 -999.9 69.2 -999.9 -999.9 10.1 -999.9 -999.9 954.0 -999.9 -999.9 2.5 -999.9 3.4 125.0 0.0 0.0 0.0 0.0 39.4 41.8 16.0 8.6 91.7 68.2 9.9 DCRS_-_Bom_Jesus/Jaquirana_(606_m) -999.9 -999.9 980.5 950.0 954.0 10.8 6.6 296.0 Rio_Grande_do_Sul DCRS -999.9 0.0 0.0 601.0 601.08 600.94 0 0.02 601.28 601.96 601.96 601.96
-28.798800 -50.429798 DCRS-00086 2026-09-14_13:41 15.8 -999.9 -999.9 68.8 -999.9 -999.9 10.0 -999.9 -999.9 953.9 -999.9 -999.9 0.0 -999.9 3.4 112.0 0.0 0.0 0.0 0.0 39.4 41.8 16.0 8.6 91.7 68.2 9.9 DCRS_-_Bom_Jesus/Jaquirana_(606_m) -999.9 -999.9 980.5 950.0 953.9 10.8 6.6 296.0 Rio_Grande_do_Sul DCRS -999.9 0.0 0.0 601.02 601.08 600.94 0 0.03 601.28 601.96 601.96 601.96
-28.798800 -50.429798 DCRS-00086 2026-09-14_13:42 15.9 -999.9 -999.9 69.0 -999.9 -999.9 10.2 -999.9 -999.9 954.0 -999.9 -999.9 0.0 -999.9 3.4 107.0 0.0 0.0 0.0 0.0 39.4 41.8 16.0 8.6 91.7 68.2 9.9 DCRS_-_Bom_Jesus/Jaquirana_(606_m) -999.9 -999.9 980.5 950.0 954.0 10.8 6.6 296.0 Rio_Grande_do_Sul DCRS -999.9 0.0 0.0 601.01 601.08 600.94 0 0.02 601.28 601.96 601.96 601.96
-28.798800 -50.429798 DCRS-00086 2026-09-14_13:43 15.8 -999.9 -999.9 68.5 -999.9 -999.9 10.0 -999.9 -999.9 953.7 -999.9 -999.9 0.0 -999.9 3.4 107.0 0.0 0.0 0.0 0.0 39.4 41.8 16.0 8.6 91.7 68.2 9.9 DCRS_-_Bom_Jesus/Jaquirana_(606_m) -999.9 -999.9 980.5 950.0 953.7 10.8 6.6 296.0 Rio_Grande_do_Sul DCRS -999.9 0.0 0.0 601.0 601.08 600.94 0 -0.01 601.28 601.96 601.96 601.96
-28.798800 -50.429798 DCRS-00086 2026-09-14_13:44 15.8 -999.9 -999.9 68.4 -999.9 -999.9 9.9 -999.9 -999.9 953.5 -999.9 -999.9 2.0 -999.9 3.4 105.0 0.0 0.0 0.0 0.0 39.4 41.8 16.0 8.6 91.7 68.2 9.9 DCRS_-_Bom_Jesus/Jaquirana_(606_m) -999.9 -999.9 980.5 950.0 953.5 10.8 6.6 296.0 Rio_Grande_do_Sul DCRS -999.9 0.0 0.0 601.0 601.08 600.94 0 0.0 601.28 601.96 601.96 601.96
-28.798800 -50.429798 DCRS-00086 2026-09-14_13:45 15.8 -999.9 -999.9 68.5 -999.9 -999.9 10.0 -999.9 -999.9 953.5 -999.9 -999.9 0.0 -999.9 3.7 98.0 0.0 0.0 0.0 0.0 39.4 41.8 16.0 8.6 91.7 68.2 9.9 DCRS_-_Bom_Jesus/Jaquirana_(606_m) -999.9 -999.9 980.5 950.0 953.5 10.8 6.6 296.0 Rio_Grande_do_Sul DCRS -999.9 0.0 0.0 601.0 601.08 600.94 0 -0.01 601.28 601.96 601.96 601.96
-28.798800 -50.429798 DCRS-00086 2026-09-14_13:46 15.7 -999.9 -999.9 68.8 -999.9 -999.9 9.9 -999.9 -999.9 953.7 -999.9 -999.9 0.0 -999.9 3.7 91.0 0.0 0.0 0.0 0.0 39.4 41.8 16.0 8.6 91.7 68.2 9.9 DCRS_-_Bom_Jesus/Jaquirana_(606_m) -999.9 -999.9 980.5 950.0 953.7 10.8 6.6 296.0 Rio_Grande_do_Sul DCRS -999.9 0.0 0.0 601.01 601.08 600.94 0 0.0 601.28 601.96 601.96 601.96
-28.798800 -50.429798 DCRS-00086 2026-09-14_13:47 15.7 -999.9 -999.9 68.4 -999.9 -999.9 9.9 -999.9 -999.9 953.6 -999.9 -999.9 1.8 -999.9 3.7 80.0 0.0 0.0 0.0 0.0 39.4 41.8 16.0 8.6 91.7 68.2 9.9 DCRS_-_Bom_Jesus/Jaquirana_(606_m) -999.9 -999.9 980.5 950.0 953.6 10.8 6.6 296.0 Rio_Grande_do_Sul DCRS -999.9 0.0 0.0 600.98 601.08 600.94 0 -0.03 601.28 601.96 601.96 601.96
-28.798800 -50.429798 DCRS-00086 2026-09-14_13:48 15.7 -999.9 -999.9 68.9 -999.9 -999.9 10.0 -999.9 -999.9 953.8 -999.9 -999.9 3.1 -999.9 3.7 66.0 0.0 0.0 0.0 0.0 39.4 41.8 16.0 8.6 91.7 68.2 9.9 DCRS_-_Bom_Jesus/Jaquirana_(606_m) -999.9 -999.9 980.5 950.0 953.8 10.8 6.6 296.0 Rio_Grande_do_Sul DCRS -999.9 0.0 0.0 600.99 601.08 600.94 0 0.01 601.28 601.96 601.96 601.96
-28.798800 -50.429798 DCRS-00086 2026-09-14_13:49 15.8 -999.9 -999.9 68.6 -999.9 -999.9 10.0 -999.9 -999.9 953.8 -999.9 -999.9 0.0 -999.9 3.7 65.0 0.0 0.0 0.0 0.0 39.4 41.8 16.0 8.6 91.7 68.2 9.9 DCRS_-_Bom_Jesus/Jaquirana_(606_m) -999.9 -999.9 980.5 950.0 953.8 10.8 6.6 296.0 Rio_Grande_do_Sul DCRS -999.9 0.0 0.0 601.0 601.08 600.94 0 0.0 601.28 601.96 601.96 601.96
-28.798800 -50.429798 DCRS-00086 2026-09-14_13:50 15.7 -999.9 -999.9 69.2 -999.9 -999.9 10.0 -999.9 -999.9 954.1 -999.9 -999.9 0.0 -999.9 3.2 60.0 0.0 0.0 0.0 0.0 39.4 41.8 16.0 8.6 91.7 68.2 9.9 DCRS_-_Bom_Jesus/Jaquirana_(606_m) -999.9 -999.9 980.5 950.0 954.1 10.8 6.6 296.0 Rio_Grande_do_Sul DCRS -999.9 0.0 0.0 601.0 601.08 600.94 0 0.02 601.28 601.96 601.96 601.96
-28.798800 -50.429798 DCRS-00086 2026-09-14_13:51 15.7 -999.9 -999.9 69.3 -999.9 -999.9 10.0 -999.9 -999.9 954.2 -999.9 -999.9 0.0 -999.9 3.2 65.0 0.0 0.0 0.0 0.0 39.4 41.8 16.0 8.6 91.7 68.2 9.9 DCRS_-_Bom_Jesus/Jaquirana_(606_m) -999.9 -999.9 980.5 950.0 954.2 10.8 6.6 296.0 Rio_Grande_do_Sul DCRS -999.9 0.0 0.0 601.02 601.08 600.94 0 0.02 601.28 601.96 601.96 601.96
-28.798800 -50.429798 DCRS-00086 2026-09-14_13:52 15.7 -999.9 -999.9 69.5 -999.9 -999.9 10.1 -999.9 -999.9 954.4 -999.9 -999.9 0.0 -999.9 3.2 63.0 0.0 0.0 0.0 0.0 39.4 41.8 16.0 8.6 91.7 68.2 9.9 DCRS_-_Bom_Jesus/Jaquirana_(606_m) -999.9 -999.9 980.5 950.0 954.4 10.8 6.6 296.0 Rio_Grande_do_Sul DCRS -999.9 0.0 0.0 601.01 601.08 600.94 0 0.03 601.28 601.96 601.96 601.96
-28.798800 -50.429798 DCRS-00086 2026-09-14_13:53 15.7 -999.9 -999.9 69.5 -999.9 -999.9 10.1 -999.9 -999.9 954.4 -999.9 -999.9 0.0 -999.9 3.2 59.0 0.0 0.0 0.0 0.0 39.4 41.8 16.0 8.6 91.7 68.2 9.9 DCRS_-_Bom_Jesus/Jaquirana_(606_m) -999.9 -999.9 980.5 950.0 954.4 10.8 6.6 296.0 Rio_Grande_do_Sul DCRS -999.9 0.0 0.0 600.95 601.08 600.94 0 -0.03 601.28 601.96 601.96 601.96
-28.798800 -50.429798 DCRS-00086 2026-09-14_13:54 15.7 -999.9 -999.9 69.9 -999.9 -999.9 10.2 -999.9 -999.9 954.6 -999.9 -999.9 0.0 -999.9 3.2 62.0 0.0 0.0 0.0 0.0 39.4 41.8 16.0 8.6 91.7 68.2 9.9 DCRS_-_Bom_Jesus/Jaquirana_(606_m) -999.9 -999.9 980.5 950.0 954.6 10.8 6.6 296.0 Rio_Grande_do_Sul DCRS -999.9 0.0 0.0 601.0 601.08 600.94 0 0.02 601.28 601.96 601.96 601.96
-28.798800 -50.429798 DCRS-00086 2026-09-14_13:55 15.7 -999.9 -999.9 70.5 -999.9 -999.9 10.3 -999.9 -999.9 955.0 -999.9 -999.9 1.8 -999.9 2.1 61.0 0.0 0.0 0.0 0.0 39.4 41.8 16.0 8.6 91.7 68.2 9.9 DCRS_-_Bom_Jesus/Jaquirana_(606_m) -999.9 -999.9 980.5 950.0 955.0 10.8 6.6 296.0 Rio_Grande_do_Sul DCRS -999.9 0.0 0.0 600.99 601.08 600.94 0 0.01 601.28 601.96 601.96 601.96
-28.798800 -50.429798 DCRS-00086 2026-09-14_13:56 15.7 -999.9 -999.9 70.4 -999.9 -999.9 10.3 -999.9 -999.9 955.1 -999.9 -999.9 0.0 -999.9 2.1 61.0 0.0 0.0 0.0 0.0 39.4 41.8 16.0 8.6 91.7 68.2 9.9 DCRS_-_Bom_Jesus/Jaquirana_(606_m) -999.9 -999.9 980.5 950.0 955.1 10.8 6.6 296.0 Rio_Grande_do_Sul DCRS -999.9 0.0 0.0 601.0 601.08 600.94 0 0.0 601.28 601.96 601.96 601.96
-28.798800 -50.429798 DCRS-00086 2026-09-14_13:57 15.7 -999.9 -999.9 70.3 -999.9 -999.9 10.3 -999.9 -999.9 955.0 -999.9 -999.9 0.0 -999.9 2.1 62.0 0.0 0.0 0.0 0.0 39.4 41.8 16.0 8.6 91.7 68.2 9.9 DCRS_-_Bom_Jesus/Jaquirana_(606_m) -999.9 -999.9 980.5 950.0 955.0 10.8 6.6 296.0 Rio_Grande_do_Sul DCRS -999.9 0.0 0.0 601.02 601.08 600.94 0 0.02 601.28 601.96 601.96 601.96
-28.798800 -50.429798 DCRS-00086 2026-09-14_13:58 15.7 -999.9 -999.9 70.5 -999.9 -999.9 10.3 -999.9 -999.9 955.1 -999.9 -999.9 -999.9 -999.9 2.1 67.0 0.0 0.0 0.0 0.0 39.4 41.8 16.0 8.6 91.7 68.2 9.9 DCRS_-_Bom_Jesus/Jaquirana_(606_m) -999.9 -999.9 980.5 950.0 955.1 10.8 6.6 296.0 Rio_Grande_do_Sul DCRS -999.9 0.0 0.0 600.99 601.08 600.94 0 -0.02 601.28 601.96 601.96 601.96
-28.798800 -50.429798 DCRS-00086 2026-09-14_13:59 15.7 -999.9 -999.9 70.1 -999.9 -999.9 10.2 -999.9 -999.9 954.9 -999.9 -999.9 0.0 -999.9 2.1 72.0 0.0 0.0 0.0 0.0 39.4 41.8 16.0 8.6 91.7 68.2 9.9 DCRS_-_Bom_Jesus/Jaquirana_(606_m) -999.9 -999.9 980.5 950.0 954.9 10.8 6.6 296.0 Rio_Grande_do_Sul DCRS -999.9 0.0 0.0 601.0 601.08 600.94 0 -0.01 601.28 601.96 601.96 601.96
-28.798800 -50.429798 DCRS-00086 2026-09-14_14:00 15.7 -999.9 -999.9 70.4 -999.9 -999.9 10.3 -999.9 -999.9 954.9 -999.9 -999.9 1.8 -999.9 3.1 77.0 0.0 0.0 0.0 0.0 39.4 41.8 16.0 8.6 91.7 68.2 9.9 DCRS_-_Bom_Jesus/Jaquirana_(606_m) -999.9 -999.9 980.5 950.0 954.9 10.8 6.6 296.0 Rio_Grande_do_Sul DCRS -999.9 0.0 0.0 601.01 601.08 600.94 0 0.02 601.28 601.96 601.96 601.96
-28.798800 -50.429798 DCRS-00086 2026-09-14_14:01 15.7 -999.9 -999.9 70.6 -999.9 -999.9 10.3 -999.9 -999.9 955.0 -999.9 -999.9 0.0 -999.9 3.1 86.0 0.0 0.0 0.0 0.0 39.4 41.8 16.0 8.6 91.7 68.2 9.9 DCRS_-_Bom_Jesus/Jaquirana_(606_m) -999.9 -999.9 980.5 950.0 955.0 10.8 6.6 296.0 Rio_Grande_do_Sul DCRS -999.9 0.0 0.0 601.01 601.08 600.94 0 0.01 601.28 601.96 601.96 601.96
-28.798800 -50.429798 DCRS-00086 2026-09-14_14:02 15.7 -999.9 -999.9 70.5 -999.9 -999.9 10.3 -999.9 -999.9 955.0 -999.9 -999.9 -999.9 -999.9 3.1 84.0 0.0 0.0 0.0 0.0 39.4 41.8 16.0 8.6 91.7 68.2 9.9 DCRS_-_Bom_Jesus/Jaquirana_(606_m) -999.9 -999.9 980.5 950.0 955.0 10.8 6.6 296.0 Rio_Grande_do_Sul DCRS -999.9 0.0 0.0 600.98 601.08 600.94 0 -0.02 601.28 601.96 601.96 601.96
-28.798800 -50.429798 DCRS-00086 2026-09-14_14:03 15.7 -999.9 -999.9 71.5 -999.9 -999.9 10.5 -999.9 -999.9 955.6 -999.9 -999.9 2.7 -999.9 3.1 69.0 0.0 0.0 0.0 0.0 39.4 41.8 16.0 8.6 91.7 68.2 9.9 DCRS_-_Bom_Jesus/Jaquirana_(606_m) -999.9 -999.9 980.5 950.0 955.6 10.8 6.6 296.0 Rio_Grande_do_Sul DCRS -999.9 0.0 0.0 601.01 601.08 600.94 0 0.0 601.28 601.96 601.96 601.96
-28.798800 -50.429798 DCRS-00086 2026-09-14_14:04 15.8 -999.9 -999.9 70.9 -999.9 -999.9 10.5 -999.9 -999.9 955.4 -999.9 -999.9 3.1 -999.9 3.1 67.0 0.0 0.0 0.0 0.0 39.4 41.8 16.0 8.6 91.7 68.2 9.9 DCRS_-_Bom_Jesus/Jaquirana_(606_m) -999.9 -999.9 980.5 950.0 955.4 10.8 6.6 296.0 Rio_Grande_do_Sul DCRS -999.9 0.0 0.0 600.99 601.08 600.94 0 -0.02 601.28 601.96 601.96 601.96
-28.798800 -50.429798 DCRS-00086 2026-09-14_14:05 15.8 -999.9 -999.9 71.8 -999.9 -999.9 10.7 -999.9 -999.9 955.7 -999.9 -999.9 3.3 -999.9 3.8 71.0 0.0 0.0 0.0 0.0 39.4 41.8 16.0 8.6 91.7 68.2 9.9 DCRS_-_Bom_Jesus/Jaquirana_(606_m) -999.9 -999.9 980.5 950.0 955.7 10.8 6.6 296.0 Rio_Grande_do_Sul DCRS -999.9 0.0 0.0 600.99 601.08 600.94 0 0.01 601.28 601.96 601.96 601.96
-28.798800 -50.429798 DCRS-00086 2026-09-14_14:06 15.8 -999.9 -999.9 70.8 -999.9 -999.9 10.5 -999.9 -999.9 955.4 -999.9 -999.9 -999.9 -999.9 3.8 75.0 0.0 0.0 0.0 0.0 39.4 41.8 16.0 8.6 91.7 68.2 9.9 DCRS_-_Bom_Jesus/Jaquirana_(606_m) -999.9 -999.9 980.5 950.0 955.4 10.8 6.6 296.0 Rio_Grande_do_Sul DCRS -999.9 0.0 0.0 601.01 601.08 600.94 0 0.01 601.28 601.96 601.96 601.96
-28.798800 -50.429798 DCRS-00086 2026-09-14_14:07 15.8 -999.9 -999.9 71.0 -999.9 -999.9 10.5 -999.9 -999.9 955.3 -999.9 -999.9 2.5 -999.9 3.8 88.0 0.0 0.0 0.0 0.0 39.4 41.8 16.0 8.6 91.7 68.2 9.9 DCRS_-_Bom_Jesus/Jaquirana_(606_m) -999.9 -999.9 980.5 950.0 955.3 10.8 6.6 296.0 Rio_Grande_do_Sul DCRS -999.9 0.0 0.0 601.0 601.08 600.94 0 0.0 601.28 601.96 601.96 601.96
-28.798800 -50.429798 DCRS-00086 2026-09-14_14:08 15.8 -999.9 -999.9 71.0 -999.9 -999.9 10.5 -999.9 -999.9 955.5 -999.9 -999.9 2.3 -999.9 3.8 105.0 0.0 0.0 0.0 0.0 39.4 41.8 16.0 8.6 91.7 68.2 9.9 DCRS_-_Bom_Jesus/Jaquirana_(606_m) -999.9 -999.9 980.5 950.0 955.5 10.8 6.6 296.0 Rio_Grande_do_Sul DCRS -999.9 0.0 0.0 601.0 601.08 600.94 0 0.02 601.28 601.96 601.96 601.96
-28.798800 -50.429798 DCRS-00086 2026-09-14_14:09 15.8 -999.9 -999.9 70.2 -999.9 -999.9 10.3 -999.9 -999.9 955.0 -999.9 -999.9 0.0 -999.9 3.8 100.0 0.0 0.0 0.0 0.0 39.4 41.8 16.0 8.6 91.7 68.2 9.9 DCRS_-_Bom_Jesus/Jaquirana_(606_m) -999.9 -999.9 980.5 950.0 955.0 10.8 6.6 296.0 Rio_Grande_do_Sul DCRS -999.9 0.0 0.0 601.0 601.08 600.94 0 -0.01 601.28 601.96 601.96 601.96
-28.798800 -50.429798 DCRS-00086 2026-09-14_14:10 15.8 -999.9 -999.9 69.7 -999.9 -999.9 10.2 -999.9 -999.9 954.6 -999.9 -999.9 2.9 -999.9 3.9 90.0 0.0 0.0 0.0 0.0 39.4 41.8 16.0 8.6 91.7 68.2 9.9 DCRS_-_Bom_Jesus/Jaquirana_(606_m) -999.9 -999.9 980.5 950.0 954.6 10.8 6.6 296.0 Rio_Grande_do_Sul DCRS -999.9 0.0 0.0 601.02 601.08 600.94 0 0.01 601.28 601.96 601.96 601.96
-28.798800 -50.429798 DCRS-00086 2026-09-14_14:11 15.9 -999.9 -999.9 70.0 -999.9 -999.9 10.4 -999.9 -999.9 954.5 -999.9 -999.9 3.0 -999.9 3.9 100.0 0.0 0.0 0.0 0.0 39.4 41.8 16.0 8.6 91.7 68.2 9.9 DCRS_-_Bom_Jesus/Jaquirana_(606_m) -999.9 -999.9 980.5 950.0 954.5 10.8 6.6 296.0 Rio_Grande_do_Sul DCRS -999.9 0.0 0.0 601.0 601.08 600.94 0 -0.01 601.28 601.96 601.96 601.96
-28.798800 -50.429798 DCRS-00086 2026-09-14_14:12 15.9 -999.9 -999.9 69.8 -999.9 -999.9 10.3 -999.9 -999.9 954.4 -999.9 -999.9 2.7 -999.9 3.9 101.0 0.0 0.0 0.0 0.0 39.4 41.8 16.0 8.6 91.7 68.2 9.9 DCRS_-_Bom_Jesus/Jaquirana_(606_m) -999.9 -999.9 980.5 950.0 954.4 10.8 6.6 296.0 Rio_Grande_do_Sul DCRS -999.9 0.0 0.0 601.01 601.08 600.94 0 0.03 601.28 601.96 601.96 601.96
-28.798800 -50.429798 DCRS-00086 2026-09-14_14:13 15.9 -999.9 -999.9 69.8 -999.9 -999.9 10.3 -999.9 -999.9 954.4 -999.9 -999.9 1.8 -999.9 3.9 96.0 0.0 0.0 0.0 0.0 39.4 41.8 16.0 8.6 91.7 68.2 9.9 DCRS_-_Bom_Jesus/Jaquirana_(606_m) -999.9 -999.9 980.5 950.0 954.4 10.8 6.6 296.0 Rio_Grande_do_Sul DCRS -999.9 0.0 0.0 601.0 601.08 600.94 0 0.02 601.28 601.96 601.96 601.96
-28.798800 -50.429798 DCRS-00086 2026-09-14_14:14 15.9 -999.9 -999.9 68.9 -999.9 -999.9 10.2 -999.9 -999.9 954.0 -999.9 -999.9 0.0 -999.9 3.9 84.0 0.0 0.0 0.0 0.0 39.4 41.8 16.0 8.6 91.7 68.2 9.9 DCRS_-_Bom_Jesus/Jaquirana_(606_m) -999.9 -999.9 980.5 950.0 954.0 10.8 6.6 296.0 Rio_Grande_do_Sul DCRS -999.9 0.0 0.0 600.96 601.08 600.94 0 -0.01 601.28 601.96 601.96 601.96
-28.798800 -50.429798 DCRS-00086 2026-09-14_14:15 16.0 -999.9 -999.9 69.3 -999.9 -999.9 10.3 -999.9 -999.9 953.9 -999.9 -999.9 0.0 -999.9 3.2 83.0 0.0 0.0 0.0 0.0 39.4 41.8 16.0 8.6 91.7 68.2 9.9 DCRS_-_Bom_Jesus/Jaquirana_(606_m) -999.9 -999.9 980.5 950.0 953.9 10.8 6.6 296.0 Rio_Grande_do_Sul DCRS -999.9 0.0 0.0 601.01 601.08 600.94 0 0.0 601.28 601.96 601.96 601.96
-28.798800 -50.429798 DCRS-00086 2026-09-14_14:16 15.9 -999.9 -999.9 69.8 -999.9 -999.9 10.3 -999.9 -999.9 954.3 -999.9 -999.9 0.0 -999.9 3.2 80.0 0.0 0.0 0.0 0.0 39.4 41.8 16.0 8.6 91.7 68.2 9.9 DCRS_-_Bom_Jesus/Jaquirana_(606_m) -999.9 -999.9 980.5 950.0 954.3 10.8 6.6 296.0 Rio_Grande_do_Sul DCRS -999.9 0.0 0.0 600.99 601.08 600.94 0 -0.02 601.28 601.96 601.96 601.96
-28.798800 -50.429798 DCRS-00086 2026-09-14_14:17 15.9 -999.9 -999.9 70.8 -999.9 -999.9 10.6 -999.9 -999.9 954.6 -999.9 -999.9 2.0 -999.9 3.2 80.0 0.0 0.0 0.0 0.0 39.4 41.8 16.0 8.6 91.7 68.2 9.9 DCRS_-_Bom_Jesus/Jaquirana_(606_m) -999.9 -999.9 980.5 950.0 954.6 10.8 6.6 296.0 Rio_Grande_do_Sul DCRS -999.9 0.0 0.0 601.0 601.08 600.94 0 0.01 601.28 601.96 601.96 601.96
-28.798800 -50.429798 DCRS-00086 2026-09-14_14:18 16.0 -999.9 -999.9 70.8 -999.9 -999.9 10.7 -999.9 -999.9 954.9 -999.9 -999.9 2.0 -999.9 3.2 83.0 0.0 0.0 0.0 0.0 39.4 41.8 16.0 8.6 91.7 68.2 9.9 DCRS_-_Bom_Jesus/Jaquirana_(606_m) -999.9 -999.9 980.5 950.0 954.9 10.8 6.6 296.0 Rio_Grande_do_Sul DCRS -999.9 0.0 0.0 601.0 601.08 600.94 0 0.0 601.28 601.96 601.96 601.96
-28.798800 -50.429798 DCRS-00086 2026-09-14_14:19 16.0 -999.9 -999.9 71.0 -999.9 -999.9 10.7 -999.9 -999.9 955.0 -999.9 -999.9 2.0 -999.9 3.2 77.0 0.0 0.0 0.0 0.0 39.4 41.8 16.0 8.6 91.7 68.2 9.9 DCRS_-_Bom_Jesus/Jaquirana_(606_m) -999.9 -999.9 980.5 950.0 955.0 10.8 6.6 296.0 Rio_Grande_do_Sul DCRS -999.9 0.0 0.0 601.0 601.08 600.94 0 0.03 601.28 601.96 601.96 601.96
-28.798800 -50.429798 DCRS-00086 2026-09-14_14:20 16.0 -999.9 -999.9 70.9 -999.9 -999.9 10.7 -999.9 -999.9 955.1 -999.9 -999.9 3.0 -999.9 3.1 66.0 0.0 0.0 0.0 0.0 39.4 41.8 16.0 8.6 91.7 68.2 9.9 DCRS_-_Bom_Jesus/Jaquirana_(606_m) -999.9 -999.9 980.5 950.0 955.1 10.8 6.6 296.0 Rio_Grande_do_Sul DCRS -999.9 0.0 0.0 600.97 601.08 600.94 0 0.0 601.28 601.96 601.96 601.96
-28.798800 -50.429798 DCRS-00086 2026-09-14_14:21 16.0 -999.9 -999.9 70.9 -999.9 -999.9 10.7 -999.9 -999.9 955.4 -999.9 -999.9 2.6 -999.9 3.1 75.0 0.0 0.0 0.0 0.0 39.4 41.8 16.0 8.6 91.7 68.2 9.9 DCRS_-_Bom_Jesus/Jaquirana_(606_m) -999.9 -999.9 980.5 950.0 955.4 10.8 6.6 296.0 Rio_Grande_do_Sul DCRS -999.9 0.0 0.0 600.99 601.08 600.94 0 0.01 601.28 601.96 601.96 601.96
-28.798800 -50.429798 DCRS-00086 2026-09-14_14:22 16.0 -999.9 -999.9 69.8 -999.9 -999.9 10.4 -999.9 -999.9 954.7 -999.9 -999.9 2.9 -999.9 3.1 79.0 0.0 0.0 0.0 0.0 39.4 41.8 16.0 8.6 91.7 68.2 9.9 DCRS_-_Bom_Jesus/Jaquirana_(606_m) -999.9 -999.9 980.5 950.0 954.7 10.8 6.6 296.0 Rio_Grande_do_Sul DCRS -999.9 0.0 0.0 601.0 601.08 600.94 0 -0.01 601.28 601.96 601.96 601.96
-28.798800 -50.429798 DCRS-00086 2026-09-14_14:23 16.0 -999.9 -999.9 71.2 -999.9 -999.9 10.7 -999.9 -999.9 955.1 -999.9 -999.9 3.1 -999.9 3.1 73.0 0.0 0.0 0.0 0.0 39.4 41.8 16.0 8.6 91.7 68.2 9.9 DCRS_-_Bom_Jesus/Jaquirana_(606_m) -999.9 -999.9 980.5 950.0 955.1 10.8 6.6 296.0 Rio_Grande_do_Sul DCRS -999.9 0.0 0.0 601.0 601.08 600.94 0 0.0 601.28 601.96 601.96 601.96
-28.798800 -50.429798 DCRS-00086 2026-09-14_14:24 16.0 -999.9 -999.9 70.6 -999.9 -999.9 10.6 -999.9 -999.9 955.1 -999.9 -999.9 2.0 -999.9 3.1 81.0 0.0 0.0 0.0 0.0 39.4 41.8 16.0 8.6 91.7 68.2 9.9 DCRS_-_Bom_Jesus/Jaquirana_(606_m) -999.9 -999.9 980.5 950.0 955.1 10.8 6.6 296.0 Rio_Grande_do_Sul DCRS -999.9 0.0 0.0 601.01 601.08 600.94 0 0.01 601.28 601.96 601.96 601.96
-28.798800 -50.429798 DCRS-00086 2026-09-14_14:25 16.0 -999.9 -999.9 70.2 -999.9 -999.9 10.5 -999.9 -999.9 954.8 -999.9 -999.9 0.0 -999.9 3.1 83.0 0.0 0.0 0.0 0.0 39.4 41.8 16.0 8.6 91.7 68.2 9.9 DCRS_-_Bom_Jesus/Jaquirana_(606_m) -999.9 -999.9 980.5 950.0 954.8 10.8 6.6 296.0 Rio_Grande_do_Sul DCRS -999.9 0.0 0.0 601.01 601.08 600.94 0 0.0 601.28 601.96 601.96 601.96
-28.798800 -50.429798 DCRS-00086 2026-09-14_14:26 16.0 -999.9 -999.9 70.7 -999.9 -999.9 10.6 -999.9 -999.9 955.0 -999.9 -999.9 2.5 -999.9 3.1 86.0 0.0 0.0 0.0 0.0 39.4 41.8 16.0 8.6 91.7 68.2 9.9 DCRS_-_Bom_Jesus/Jaquirana_(606_m) -999.9 -999.9 980.5 950.0 955.0 10.8 6.6 296.0 Rio_Grande_do_Sul DCRS -999.9 0.0 0.0 601.0 601.08 600.94 0 0.01 601.28 601.96 601.96 601.96
-28.798800 -50.429798 DCRS-00086 2026-09-14_14:27 16.1 -999.9 -999.9 71.6 -999.9 -999.9 10.9 -999.9 -999.9 955.7 -999.9 -999.9 2.3 -999.9 3.1 85.0 0.0 0.0 0.0 0.0 39.4 41.8 16.1 8.6 91.7 68.2 9.9 DCRS_-_Bom_Jesus/Jaquirana_(606_m) -999.9 -999.9 980.5 950.0 955.7 10.9 6.6 296.0 Rio_Grande_do_Sul DCRS -999.9 0.0 0.0 600.99 601.08 600.94 0 0.01 601.28 601.96 601.96 601.96
-28.798800 -50.429798 DCRS-00086 2026-09-14_14:28 16.0 -999.9 -999.9 70.6 -999.9 -999.9 10.6 -999.9 -999.9 955.2 -999.9 -999.9 2.0 -999.9 3.1 75.0 0.0 0.0 0.0 0.0 39.4 41.8 16.1 8.6 91.7 68.2 9.9 DCRS_-_Bom_Jesus/Jaquirana_(606_m) -999.9 -999.9 980.5 950.0 955.2 10.9 6.6 296.0 Rio_Grande_do_Sul DCRS -999.9 0.0 0.0 601.01 601.08 600.94 0 -0.01 601.28 601.96 601.96 601.96
-28.798800 -50.429798 DCRS-00086 2026-09-14_14:29 16.0 -999.9 -999.9 70.3 -999.9 -999.9 10.6 -999.9 -999.9 954.7 -999.9 -999.9 2.0 -999.9 3.1 92.0 0.0 0.0 0.0 0.0 39.4 41.8 16.1 8.6 91.7 68.2 9.9 DCRS_-_Bom_Jesus/Jaquirana_(606_m) -999.9 -999.9 980.5 950.0 954.7 10.9 6.6 296.0 Rio_Grande_do_Sul DCRS -999.9 0.0 0.0 600.93 601.08 600.93 0 -0.08 601.28 601.96 601.96 601.96
-28.798800 -50.429798 DCRS-00086 2026-09-14_14:30 16.0 -999.9 -999.9 70.8 -999.9 -999.9 10.7 -999.9 -999.9 954.8 -999.9 -999.9 0.0 -999.9 2.7 96.0 0.0 0.0 0.0 0.0 39.4 41.8 16.1 8.6 91.7 68.2 9.9 DCRS_-_Bom_Jesus/Jaquirana_(606_m) -999.9 -999.9 980.5 950.0 954.8 10.9 6.6 296.0 Rio_Grande_do_Sul DCRS -999.9 0.0 0.0 600.99 601.08 600.93 0 -0.01 601.28 601.96 601.96 601.96
-28.798800 -50.429798 DCRS-00086 2026-09-14_14:31 16.0 -999.9 -999.9 71.6 -999.9 -999.9 10.8 -999.9 -999.9 955.4 -999.9 -999.9 1.9 -999.9 2.7 93.0 0.0 0.0 0.0 0.0 39.4 41.8 16.1 8.6 91.7 68.2 9.9 DCRS_-_Bom_Jesus/Jaquirana_(606_m) -999.9 -999.9 980.5 950.0 955.4 10.9 6.6 296.0 Rio_Grande_do_Sul DCRS -999.9 0.0 0.0 601.01 601.08 600.93 0 0.01 601.28 601.96 601.96 601.96
-28.798800 -50.429798 DCRS-00086 2026-09-14_14:32 16.0 -999.9 -999.9 71.7 -999.9 -999.9 10.9 -999.9 -999.9 955.4 -999.9 -999.9 2.1 -999.9 2.7 92.0 0.0 0.0 0.0 0.0 39.4 41.8 16.1 8.6 91.7 68.2 9.9 DCRS_-_Bom_Jesus/Jaquirana_(606_m) -999.9 -999.9 980.5 950.0 955.4 10.9 6.6 296.0 Rio_Grande_do_Sul DCRS -999.9 0.0 0.0 601.0 601.08 600.93 0 0.0 601.28 601.96 601.96 601.96
-28.798800 -50.429798 DCRS-00086 2026-09-14_14:33 15.9 -999.9 -999.9 71.9 -999.9 -999.9 10.8 -999.9 -999.9 955.8 -999.9 -999.9 2.0 -999.9 2.7 95.0 0.0 0.0 0.0 0.0 39.4 41.8 16.1 8.6 91.7 68.2 9.9 DCRS_-_Bom_Jesus/Jaquirana_(606_m) -999.9 -999.9 980.5 950.0 955.8 10.9 6.6 296.0 Rio_Grande_do_Sul DCRS -999.9 0.0 0.0 600.99 601.08 600.93 0 0.01 601.28 601.96 601.96 601.96
-28.798800 -50.429798 DCRS-00086 2026-09-14_14:34 15.9 -999.9 -999.9 72.6 -999.9 -999.9 10.9 -999.9 -999.9 956.0 -999.9 -999.9 2.6 -999.9 2.7 92.0 0.0 0.0 0.0 0.0 39.4 41.8 16.1 8.6 91.7 68.2 9.9 DCRS_-_Bom_Jesus/Jaquirana_(606_m) -999.9 -999.9 980.5 950.0 956.0 10.9 6.6 296.0 Rio_Grande_do_Sul DCRS -999.9 0.0 0.0 601.0 601.08 600.93 0 -0.01 601.28 601.96 601.96 601.96
-28.798800 -50.429798 DCRS-00086 2026-09-14_14:35 15.9 -999.9 -999.9 71.3 -999.9 -999.9 10.7 -999.9 -999.9 955.7 -999.9 -999.9 2.3 -999.9 2.6 86.0 0.0 0.0 0.0 0.0 39.4 41.8 16.1 8.6 91.7 68.2 9.9 DCRS_-_Bom_Jesus/Jaquirana_(606_m) -999.9 -999.9 980.5 950.0 955.7 10.9 6.6 296.0 Rio_Grande_do_Sul DCRS -999.9 0.0 0.0 601.01 601.08 600.93 0 0.02 601.28 601.96 601.96 601.96
-28.798800 -50.429798 DCRS-00086 2026-09-14_14:36 15.9 -999.9 -999.9 71.7 -999.9 -999.9 10.8 -999.9 -999.9 955.6 -999.9 -999.9 1.8 -999.9 2.6 76.0 0.0 0.0 0.0 0.0 39.4 41.8 16.1 8.6 91.7 68.2 9.9 DCRS_-_Bom_Jesus/Jaquirana_(606_m) -999.9 -999.9 980.5 950.0 955.6 10.9 6.6 296.0 Rio_Grande_do_Sul DCRS -999.9 0.0 0.0 600.99 601.08 600.93 0 0.0 601.28 601.96 601.96 601.96
-28.798800 -50.429798 DCRS-00086 2026-09-14_14:37 15.9 -999.9 -999.9 71.1 -999.9 -999.9 10.6 -999.9 -999.9 955.2 -999.9 -999.9 1.8 -999.9 2.6 69.0 0.0 0.0 0.0 0.0 39.4 41.8 16.1 8.6 91.7 68.2 9.9 DCRS_-_Bom_Jesus/Jaquirana_(606_m) -999.9 -999.9 980.5 950.0 955.2 10.9 6.6 296.0 Rio_Grande_do_Sul DCRS -999.9 0.0 0.0 600.99 601.08 600.93 0 -0.01 601.28 601.96 601.96 601.96
-28.798800 -50.429798 DCRS-00086 2026-09-14_14:38 15.9 -999.9 -999.9 71.4 -999.9 -999.9 10.7 -999.9 -999.9 955.1 -999.9 -999.9 2.3 -999.9 2.6 63.0 0.0 0.0 0.0 0.0 39.4 41.8 16.1 8.6 91.7 68.2 9.9 DCRS_-_Bom_Jesus/Jaquirana_(606_m) -999.9 -999.9 980.5 950.0 955.1 10.9 6.6 296.0 Rio_Grande_do_Sul DCRS -999.9 0.0 0.0 600.97 601.08 600.93 0 -0.02 601.28 601.96 601.96 601.96
-28.798800 -50.429798 DCRS-00086 2026-09-14_14:39 15.9 -999.9 -999.9 71.8 -999.9 -999.9 10.8 -999.9 -999.9 955.5 -999.9 -999.9 2.4 -999.9 2.6 56.0 0.0 0.0 0.0 0.0 39.4 41.8 16.1 8.6 91.7 68.2 9.9 DCRS_-_Bom_Jesus/Jaquirana_(606_m) -999.9 -999.9 980.5 950.0 955.5 10.9 6.6 296.0 Rio_Grande_do_Sul DCRS -999.9 0.0 0.0 600.99 601.08 600.93 0 0.02 601.28 601.96 601.96 601.96
-28.798800 -50.429798 DCRS-00086 2026-09-14_14:40 15.9 -999.9 -999.9 71.9 -999.9 -999.9 10.8 -999.9 -999.9 955.6 -999.9 -999.9 2.7 -999.9 2.9 52.0 0.0 0.0 0.0 0.0 39.4 41.8 16.1 8.6 91.7 68.2 9.9 DCRS_-_Bom_Jesus/Jaquirana_(606_m) -999.9 -999.9 980.5 950.0 955.6 10.9 6.6 296.0 Rio_Grande_do_Sul DCRS -999.9 0.0 0.0 601.01 601.08 600.93 -1 -0.01 601.28 601.96 601.96 601.96
-28.798800 -50.429798 DCRS-00086 2026-09-14_14:41 15.9 -999.9 -999.9 72.4 -999.9 -999.9 10.9 -999.9 -999.9 956.0 -999.9 -999.9 2.7 -999.9 2.9 59.0 0.0 0.0 0.0 0.0 39.4 41.8 16.1 8.6 91.7 68.2 9.9 DCRS_-_Bom_Jesus/Jaquirana_(606_m) -999.9 -999.9 980.5 950.0 956.0 10.9 6.6 296.0 Rio_Grande_do_Sul DCRS -999.9 0.0 0.0 601.01 601.08 600.93 -1 -0.01 601.28 601.96 601.96 601.96
-28.798800 -50.429798 DCRS-00086 2026-09-14_14:42 15.9 -999.9 -999.9 72.3 -999.9 -999.9 10.9 -999.9 -999.9 956.2 -999.9 -999.9 2.3 -999.9 2.9 58.0 0.0 0.0 0.0 0.0 39.4 41.8 16.1 8.6 91.7 68.2 9.9 DCRS_-_Bom_Jesus/Jaquirana_(606_m) -999.9 -999.9 980.5 950.0 956.2 10.9 6.6 296.0 Rio_Grande_do_Sul DCRS -999.9 0.0 0.0 601.0 601.08 600.93 0 0.0 601.28 601.96 601.96 601.96
-28.798800 -50.429798 DCRS-00086 2026-09-14_14:43 16.0 -999.9 -999.9 71.0 -999.9 -999.9 10.7 -999.9 -999.9 955.3 -999.9 -999.9 2.9 -999.9 2.9 63.0 0.0 0.0 0.0 0.0 39.4 41.8 16.1 8.6 91.7 68.2 9.9 DCRS_-_Bom_Jesus/Jaquirana_(606_m) -999.9 -999.9 980.5 950.0 955.3 10.9 6.6 296.0 Rio_Grande_do_Sul DCRS -999.9 0.0 0.0 601.01 601.08 600.93 0 0.01 601.28 601.96 601.96 601.96
-28.798800 -50.429798 DCRS-00086 2026-09-14_14:44 16.0 -999.9 -999.9 71.8 -999.9 -999.9 10.9 -999.9 -999.9 955.5 -999.9 -999.9 -999.9 -999.9 2.9 66.0 0.0 0.0 0.0 0.0 39.4 41.8 16.1 8.6 91.7 68.2 9.9 DCRS_-_Bom_Jesus/Jaquirana_(606_m) -999.9 -999.9 980.5 950.0 955.5 10.9 6.6 296.0 Rio_Grande_do_Sul DCRS -999.9 0.0 0.0 600.98 601.08 600.93 0 -0.02 601.28 601.96 601.96 601.96
-28.798800 -50.429798 DCRS-00086 2026-09-14_14:45 16.0 -999.9 -999.9 71.8 -999.9 -999.9 10.9 -999.9 -999.9 955.7 -999.9 -999.9 3.3 -999.9 3.6 66.0 0.0 0.0 0.0 0.0 39.4 41.8 16.1 8.6 91.7 68.2 9.9 DCRS_-_Bom_Jesus/Jaquirana_(606_m) -999.9 -999.9 980.5 950.0 955.7 10.9 6.6 296.0 Rio_Grande_do_Sul DCRS -999.9 0.0 0.0 600.99 601.08 600.93 0 -0.01 601.28 601.96 601.96 601.96
-28.798800 -50.429798 DCRS-00086 2026-09-14_14:46 16.0 -999.9 -999.9 69.7 -999.9 -999.9 10.4 -999.9 -999.9 954.4 -999.9 -999.9 3.3 -999.9 3.6 64.0 0.0 0.0 0.0 0.0 39.4 41.8 16.1 8.6 91.7 68.2 9.9 DCRS_-_Bom_Jesus/Jaquirana_(606_m) -999.9 -999.9 980.5 950.0 954.4 10.9 6.6 296.0 Rio_Grande_do_Sul DCRS -999.9 0.0 0.0 601.01 601.08 600.93 0 0.0 601.28 601.96 601.96 601.96
-28.798800 -50.429798 DCRS-00086 2026-09-14_14:47 16.1 -999.9 -999.9 72.5 -999.9 -999.9 11.1 -999.9 -999.9 955.8 -999.9 -999.9 3.1 -999.9 3.6 63.0 0.0 0.0 0.0 0.0 39.4 41.8 16.1 8.6 91.7 68.2 9.9 DCRS_-_Bom_Jesus/Jaquirana_(606_m) -999.9 -999.9 980.5 950.0 955.8 11.1 6.6 296.0 Rio_Grande_do_Sul DCRS -999.9 0.0 0.0 601.0 601.08 600.93 0 0.01 601.28 601.96 601.96 601.96
-28.798800 -50.429798 DCRS-00086 2026-09-14_14:48 16.1 -999.9 -999.9 70.8 -999.9 -999.9 10.8 -999.9 -999.9 955.2 -999.9 -999.9 2.5 -999.9 3.6 63.0 0.0 0.0 0.0 0.0 39.4 41.8 16.1 8.6 91.7 68.2 9.9 DCRS_-_Bom_Jesus/Jaquirana_(606_m) -999.9 -999.9 980.5 950.0 955.2 11.1 6.6 296.0 Rio_Grande_do_Sul DCRS -999.9 0.0 0.0 600.97 601.08 600.93 0 -0.02 601.28 601.96 601.96 601.96
-28.798800 -50.429798 DCRS-00086 2026-09-14_14:49 16.1 -999.9 -999.9 71.0 -999.9 -999.9 10.8 -999.9 -999.9 954.9 -999.9 -999.9 2.8 -999.9 3.6 66.0 0.0 0.0 0.0 0.0 39.4 41.8 16.1 8.6 91.7 68.2 9.9 DCRS_-_Bom_Jesus/Jaquirana_(606_m) -999.9 -999.9 980.5 950.0 954.9 11.1 6.6 296.0 Rio_Grande_do_Sul DCRS -999.9 0.0 0.0 601.01 601.08 600.93 0 0.01 601.28 601.96 601.96 601.96
-28.798800 -50.429798 DCRS-00086 2026-09-14_14:50 16.1 -999.9 -999.9 72.0 -999.9 -999.9 11.0 -999.9 -999.9 955.4 -999.9 -999.9 2.7 -999.9 4.0 68.0 0.0 0.0 0.0 0.0 39.4 41.8 16.1 8.6 91.7 68.2 9.9 DCRS_-_Bom_Jesus/Jaquirana_(606_m) -999.9 -999.9 980.5 950.0 955.4 11.1 6.6 296.0 Rio_Grande_do_Sul DCRS -999.9 0.0 0.0 601.0 601.08 600.93 0 0.0 601.28 601.96 601.96 601.96
-28.798800 -50.429798 DCRS-00086 2026-09-14_14:52 16.2 -999.9 -999.9 71.6 -999.9 -999.9 11.0 -999.9 -999.9 955.5 -999.9 -999.9 2.7 -999.9 4.0 70.0 0.0 0.0 0.0 0.0 39.4 41.8 16.2 8.6 91.7 68.2 9.9 DCRS_-_Bom_Jesus/Jaquirana_(606_m) -999.9 -999.9 980.5 950.0 955.5 11.1 6.6 296.0 Rio_Grande_do_Sul DCRS -999.9 0.0 0.0 601.01 601.08 600.93 0 0.0 601.28 601.96 601.96 601.96
-28.798800 -50.429798 DCRS-00086 2026-09-14_14:53 16.2 -999.9 -999.9 72.0 -999.9 -999.9 11.1 -999.9 -999.9 955.8 -999.9 -999.9 2.7 -999.9 4.0 73.0 0.0 0.0 0.0 0.0 39.4 41.8 16.2 8.6 91.7 68.2 9.9 DCRS_-_Bom_Jesus/Jaquirana_(606_m) -999.9 -999.9 980.5 950.0 955.8 11.1 6.6 296.0 Rio_Grande_do_Sul DCRS -999.9 0.0 0.0 601.0 601.08 600.93 0 0.0 601.28 601.96 601.96 601.96
-28.798800 -50.429798 DCRS-00086 2026-09-14_14:54 16.2 -999.9 -999.9 72.4 -999.9 -999.9 11.2 -999.9 -999.9 956.0 -999.9 -999.9 2.0 -999.9 4.0 83.0 0.0 0.0 0.0 0.0 39.4 41.8 16.2 8.6 91.7 68.2 9.9 DCRS_-_Bom_Jesus/Jaquirana_(606_m) -999.9 -999.9 980.5 950.0 956.0 11.2 6.6 296.0 Rio_Grande_do_Sul DCRS -999.9 0.0 0.0 600.98 601.08 600.93 0 -0.01 601.28 601.96 601.96 601.96
-28.798800 -50.429798 DCRS-00086 2026-09-14_14:55 16.2 -999.9 -999.9 71.7 -999.9 -999.9 11.0 -999.9 -999.9 955.5 -999.9 -999.9 2.4 -999.9 3.2 80.0 0.0 0.0 0.0 0.0 39.4 41.8 16.2 8.6 91.7 68.2 9.9 DCRS_-_Bom_Jesus/Jaquirana_(606_m) -999.9 -999.9 980.5 950.0 955.5 11.2 6.6 296.0 Rio_Grande_do_Sul DCRS -999.9 0.0 0.0 600.99 601.08 600.93 0 -0.01 601.28 601.96 601.96 601.96
-28.798800 -50.429798 DCRS-00086 2026-09-14_14:56 16.1 -999.9 -999.9 72.6 -999.9 -999.9 11.1 -999.9 -999.9 955.9 -999.9 -999.9 2.4 -999.9 3.2 83.0 0.0 0.0 0.0 0.0 39.4 41.8 16.2 8.6 91.7 68.2 9.9 DCRS_-_Bom_Jesus/Jaquirana_(606_m) -999.9 -999.9 980.5 950.0 955.9 11.2 6.6 296.0 Rio_Grande_do_Sul DCRS -999.9 0.0 0.0 600.98 601.08 600.93 0 -0.04 601.28 601.96 601.96 601.96
-28.798800 -50.429798 DCRS-00086 2026-09-14_14:57 16.1 -999.9 -999.9 70.9 -999.9 -999.9 10.8 -999.9 -999.9 955.3 -999.9 -999.9 0.0 -999.9 3.2 82.0 0.0 0.0 0.0 0.0 39.4 41.8 16.2 8.6 91.7 68.2 9.9 DCRS_-_Bom_Jesus/Jaquirana_(606_m) -999.9 -999.9 980.5 950.0 955.3 11.2 6.6 296.0 Rio_Grande_do_Sul DCRS -999.9 0.0 0.0 600.99 601.08 600.93 0 -0.03 601.28 601.96 601.96 601.96
-28.798800 -50.429798 DCRS-00086 2026-09-14_14:58 16.1 -999.9 -999.9 71.5 -999.9 -999.9 10.9 -999.9 -999.9 955.1 -999.9 -999.9 1.9 -999.9 3.2 83.0 0.0 0.0 0.0 0.0 39.4 41.8 16.2 8.6 91.7 68.2 9.9 DCRS_-_Bom_Jesus/Jaquirana_(606_m) -999.9 -999.9 980.5 950.0 955.1 11.2 6.6 296.0 Rio_Grande_do_Sul DCRS -999.9 0.0 0.0 601.01 601.08 600.93 0 0.02 601.28 601.96 601.96 601.96
-28.798800 -50.429798 DCRS-00086 2026-09-14_14:59 16.0 -999.9 -999.9 70.7 -999.9 -999.9 10.6 -999.9 -999.9 954.6 -999.9 -999.9 2.2 -999.9 3.2 76.0 0.0 0.0 0.0 0.0 39.4 41.8 16.2 8.6 91.7 68.2 9.9 DCRS_-_Bom_Jesus/Jaquirana_(606_m) -999.9 -999.9 980.5 950.0 954.6 11.2 6.6 296.0 Rio_Grande_do_Sul DCRS -999.9 0.0 0.0 600.99 601.08 600.93 0 -0.01 601.28 601.96 601.96 601.96
-28.798800 -50.429798 DCRS-00086 2026-09-14_15:00 16.0 -999.9 -999.9 71.2 -999.9 -999.9 10.7 -999.9 -999.9 954.7 -999.9 -999.9 0.0 -999.9 2.9 74.0 0.0 0.0 0.0 0.0 39.4 41.8 16.2 8.6 91.7 68.2 9.9 DCRS_-_Bom_Jesus/Jaquirana_(606_m) -999.9 -999.9 980.5 950.0 954.7 11.2 6.6 296.0 Rio_Grande_do_Sul DCRS -999.9 0.0 0.0 601.0 601.08 600.93 0 -0.01 601.28 601.96 601.96 601.96
-28.798800 -50.429798 DCRS-00086 2026-09-14_15:01 16.0 -999.9 -999.9 71.4 -999.9 -999.9 10.8 -999.9 -999.9 954.8 -999.9 -999.9 0.0 -999.9 2.9 67.0 0.0 0.0 0.0 0.0 39.4 41.8 16.2 8.6 91.7 68.2 9.9 DCRS_-_Bom_Jesus/Jaquirana_(606_m) -999.9 -999.9 980.5 950.0 954.8 11.2 6.6 296.0 Rio_Grande_do_Sul DCRS -999.9 0.0 0.0 600.99 601.08 600.93 0 -0.02 601.28 601.96 601.96 601.96
-28.798800 -50.429798 DCRS-00086 2026-09-14_15:02 16.0 -999.9 -999.9 71.6 -999.9 -999.9 10.8 -999.9 -999.9 955.0 -999.9 -999.9 0.0 -999.9 2.9 59.0 0.0 0.0 0.0 0.0 39.4 41.8 16.2 8.6 91.7 68.2 9.9 DCRS_-_Bom_Jesus/Jaquirana_(606_m) -999.9 -999.9 980.5 950.0 955.0 11.2 6.6 296.0 Rio_Grande_do_Sul DCRS -999.9 0.0 0.0 601.0 601.08 600.93 0 0.02 601.28 601.96 601.96 601.96
-28.798800 -50.429798 DCRS-00086 2026-09-14_15:03 16.0 -999.9 -999.9 72.7 -999.9 -999.9 11.1 -999.9 -999.9 955.7 -999.9 -999.9 0.0 -999.9 2.9 49.0 0.0 0.0 0.0 0.0 39.4 41.8 16.2 8.6 91.7 68.2 9.9 DCRS_-_Bom_Jesus/Jaquirana_(606_m) -999.9 -999.9 980.5 950.0 955.7 11.2 6.6 296.0 Rio_Grande_do_Sul DCRS -999.9 0.0 0.0 600.98 601.08 600.93 0 -0.03 601.28 601.96 601.96 601.96
-28.798800 -50.429798 DCRS-00086 2026-09-14_15:04 15.9 -999.9 -999.9 73.8 -999.9 -999.9 11.2 -999.9 -999.9 956.5 -999.9 -999.9 2.3 -999.9 2.9 47.0 0.0 0.0 0.0 0.0 39.4 41.8 16.2 8.6 91.7 68.2 9.9 DCRS_-_Bom_Jesus/Jaquirana_(606_m) -999.9 -999.9 980.5 950.0 956.5 11.2 6.6 296.0 Rio_Grande_do_Sul DCRS -999.9 0.0 0.0 600.97 601.08 600.93 0 -0.02 601.28 601.96 601.96 601.96
-28.798800 -50.429798 DCRS-00086 2026-09-14_15:05 15.9 -999.9 -999.9 75.3 -999.9 -999.9 11.5 -999.9 -999.9 957.8 -999.9 -999.9 2.7 -999.9 2.9 45.0 0.0 0.0 0.0 0.0 39.4 41.8 16.2 8.6 91.7 68.2 9.9 DCRS_-_Bom_Jesus/Jaquirana_(606_m) -999.9 -999.9 980.5 950.0 957.8 11.5 6.6 296.0 Rio_Grande_do_Sul DCRS -999.9 0.0 0.0 600.99 601.08 600.93 0 0.0 601.28 601.96 601.96 601.96
-28.798800 -50.429798 DCRS-00086 2026-09-14_15:06 15.8 -999.9 -999.9 75.0 -999.9 -999.9 11.3 -999.9 -999.9 958.0 -999.9 -999.9 -999.9 -999.9 2.9 45.0 0.0 0.0 0.0 0.0 39.4 41.8 16.2 8.6 91.7 68.2 9.9 DCRS_-_Bom_Jesus/Jaquirana_(606_m) -999.9 -999.9 980.5 950.0 958.0 11.5 6.6 296.0 Rio_Grande_do_Sul DCRS -999.9 0.0 0.0 600.99 601.08 600.93 -1 -0.02 601.28 601.96 601.96 601.96
-28.798800 -50.429798 DCRS-00086 2026-09-14_15:07 15.8 -999.9 -999.9 75.3 -999.9 -999.9 11.4 -999.9 -999.9 958.2 -999.9 -999.9 2.4 -999.9 2.9 47.0 0.0 0.0 0.0 0.0 39.4 41.8 16.2 8.6 91.7 68.2 9.9 DCRS_-_Bom_Jesus/Jaquirana_(606_m) -999.9 -999.9 980.5 950.0 958.2 11.5 6.6 296.0 Rio_Grande_do_Sul DCRS -999.9 0.0 0.0 601.0 601.08 600.93 0 0.0 601.28 601.96 601.96 601.96
-28.798800 -50.429798 DCRS-00086 2026-09-14_15:08 15.8 -999.9 -999.9 75.2 -999.9 -999.9 11.4 -999.9 -999.9 958.3 -999.9 -999.9 -999.9 -999.9 2.9 48.0 0.0 0.0 0.0 0.0 39.4 41.8 16.2 8.6 91.7 68.2 9.9 DCRS_-_Bom_Jesus/Jaquirana_(606_m) -999.9 -999.9 980.5 950.0 958.3 11.5 6.6 296.0 Rio_Grande_do_Sul DCRS -999.9 0.0 0.0 601.01 601.08 600.93 0 0.01 601.28 601.96 601.96 601.96
-28.798800 -50.429798 DCRS-00086 2026-09-14_15:09 15.7 -999.9 -999.9 75.8 -999.9 -999.9 11.4 -999.9 -999.9 958.8 -999.9 -999.9 -999.9 -999.9 2.9 48.0 0.0 0.0 0.0 0.0 39.4 41.8 16.2 8.6 91.7 68.2 9.9 DCRS_-_Bom_Jesus/Jaquirana_(606_m) -999.9 -999.9 980.5 950.0 958.8 11.5 6.6 296.0 Rio_Grande_do_Sul DCRS -999.9 0.0 0.0 600.99 601.08 600.93 0 -0.01 601.28 601.96 601.96 601.96
-28.798800 -50.429798 DCRS-00086 2026-09-14_15:10 15.7 -999.9 -999.9 74.7 -999.9 -999.9 11.2 -999.9 -999.9 958.2 -999.9 -999.9 3.8 -999.9 4.9 46.0 0.0 0.0 0.0 0.0 39.4 41.8 16.2 8.6 91.7 68.2 9.9 DCRS_-_Bom_Jesus/Jaquirana_(606_m) -999.9 -999.9 980.5 950.0 958.2 11.5 6.6 296.0 Rio_Grande_do_Sul DCRS -999.9 0.0 0.0 601.01 601.08 600.93 0 0.01 601.28 601.96 601.96 601.96
-28.798800 -50.429798 DCRS-00086 2026-09-14_15:11 15.7 -999.9 -999.9 74.6 -999.9 -999.9 11.2 -999.9 -999.9 957.8 -999.9 -999.9 3.3 -999.9 4.9 41.0 0.0 0.0 0.0 0.0 39.4 41.8 16.2 8.6 91.7 68.2 9.9 DCRS_-_Bom_Jesus/Jaquirana_(606_m) -999.9 -999.9 980.5 950.0 957.8 11.5 6.6 296.0 Rio_Grande_do_Sul DCRS -999.9 0.0 0.0 600.99 601.08 600.93 0 -0.01 601.28 601.96 601.96 601.96
-28.798800 -50.429798 DCRS-00086 2026-09-14_15:12 15.7 -999.9 -999.9 74.5 -999.9 -999.9 11.1 -999.9 -999.9 957.8 -999.9 -999.9 3.8 -999.9 4.9 38.0 0.0 0.0 0.0 0.0 39.4 41.8 16.2 8.6 91.7 68.2 9.9 DCRS_-_Bom_Jesus/Jaquirana_(606_m) -999.9 -999.9 980.5 950.0 957.8 11.5 6.6 296.0 Rio_Grande_do_Sul DCRS -999.9 0.0 0.0 601.02 601.08 600.93 0 0.01 601.28 601.96 601.96 601.96
-28.798800 -50.429798 DCRS-00086 2026-09-14_15:13 15.7 -999.9 -999.9 74.6 -999.9 -999.9 11.2 -999.9 -999.9 957.8 -999.9 -999.9 3.2 -999.9 4.9 41.0 0.0 0.0 0.0 0.0 39.4 41.8 16.2 8.6 91.7 68.2 9.9 DCRS_-_Bom_Jesus/Jaquirana_(606_m) -999.9 -999.9 980.5 950.0 957.8 11.5 6.6 296.0 Rio_Grande_do_Sul DCRS -999.9 0.0 0.0 601.0 601.08 600.93 0 0.04 601.28 601.96 601.96 601.96
-28.798800 -50.429798 DCRS-00086 2026-09-14_15:14 15.7 -999.9 -999.9 74.9 -999.9 -999.9 11.2 -999.9 -999.9 958.0 -999.9 -999.9 4.1 -999.9 4.9 43.0 0.0 0.0 0.0 0.0 39.4 41.8 16.2 8.6 91.7 68.2 9.9 DCRS_-_Bom_Jesus/Jaquirana_(606_m) -999.9 -999.9 980.5 950.0 958.0 11.5 6.6 296.0 Rio_Grande_do_Sul DCRS -999.9 0.0 0.0 601.01 601.08 600.93 0 0.0 601.28 601.96 601.96 601.96
-28.798800 -50.429798 DCRS-00086 2026-09-14_15:15 15.8 -999.9 -999.9 75.3 -999.9 -999.9 11.4 -999.9 -999.9 958.5 -999.9 -999.9 4.3 -999.9 5.2 41.0 0.0 0.0 0.0 0.0 39.4 41.8 16.2 8.6 91.7 68.2 9.9 DCRS_-_Bom_Jesus/Jaquirana_(606_m) -999.9 -999.9 980.5 950.0 958.5 11.5 6.6 296.0 Rio_Grande_do_Sul DCRS -999.9 0.0 0.0 601.0 601.08 600.93 0 -0.01 601.28 601.96 601.96 601.96
-28.798800 -50.429798 DCRS-00086 2026-09-14_15:16 15.8 -999.9 -999.9 75.3 -999.9 -999.9 11.4 -999.9 -999.9 958.6 -999.9 -999.9 3.9 -999.9 5.2 40.0 0.0 0.0 0.0 0.0 39.4 41.8 16.2 8.6 91.7 68.2 9.9 DCRS_-_Bom_Jesus/Jaquirana_(606_m) -999.9 -999.9 980.5 950.0 958.6 11.5 6.6 296.0 Rio_Grande_do_Sul DCRS -999.9 0.0 0.0 601.0 601.08 600.93 0 0.01 601.28 601.96 601.96 601.96
-28.798800 -50.429798 DCRS-00086 2026-09-14_15:17 15.8 -999.9 -999.9 76.4 -999.9 -999.9 11.6 -999.9 -999.9 959.5 -999.9 -999.9 4.2 -999.9 5.2 38.0 0.0 0.0 0.0 0.0 39.4 41.8 16.2 8.6 91.7 68.2 9.9 DCRS_-_Bom_Jesus/Jaquirana_(606_m) -999.9 -999.9 980.5 950.0 959.5 11.6 6.6 296.0 Rio_Grande_do_Sul DCRS -999.9 0.0 0.0 601.01 601.08 600.93 0 0.01 601.28 601.96 601.96 601.96
-28.798800 -50.429798 DCRS-00086 2026-09-14_15:18 15.8 -999.9 -999.9 76.7 -999.9 -999.9 11.7 -999.9 -999.9 960.0 -999.9 -999.9 4.6 -999.9 5.2 37.0 0.0 0.0 0.0 0.0 39.4 41.8 16.2 8.6 91.7 68.2 9.9 DCRS_-_Bom_Jesus/Jaquirana_(606_m) -999.9 -999.9 980.5 950.0 960.0 11.7 6.6 296.0 Rio_Grande_do_Sul DCRS -999.9 0.0 0.0 601.02 601.08 600.93 0 0.02 601.28 601.96 601.96 601.96
-28.798800 -50.429798 DCRS-00086 2026-09-14_15:19 15.7 -999.9 -999.9 77.2 -999.9 -999.9 11.7 -999.9 -999.9 960.4 -999.9 -999.9 4.3 -999.9 5.2 41.0 0.0 0.0 0.0 0.0 39.4 41.8 16.2 8.6 91.7 68.2 9.9 DCRS_-_Bom_Jesus/Jaquirana_(606_m) -999.9 -999.9 980.5 950.0 960.4 11.7 6.6 296.0 Rio_Grande_do_Sul DCRS -999.9 0.0 0.0 601.0 601.08 600.93 0 0.0 601.28 601.96 601.96 601.96
-28.798800 -50.429798 DCRS-00086 2026-09-14_15:20 15.8 -999.9 -999.9 78.2 -999.9 -999.9 12.0 -999.9 -999.9 961.5 -999.9 -999.9 4.5 -999.9 5.3 45.0 0.0 0.0 0.0 0.0 39.4 41.8 16.2 8.6 91.7 68.2 9.9 DCRS_-_Bom_Jesus/Jaquirana_(606_m) -999.9 -999.9 980.5 950.0 961.5 12.0 6.6 296.0 Rio_Grande_do_Sul DCRS -999.9 0.0 0.0 601.01 601.08 600.93 0 0.02 601.28 601.96 601.96 601.96
-28.798800 -50.429798 DCRS-00086 2026-09-14_15:21 15.8 -999.9 -999.9 77.8 -999.9 -999.9 11.9 -999.9 -999.9 961.5 -999.9 -999.9 4.3 -999.9 5.3 46.0 0.0 0.0 0.0 0.0 39.4 41.8 16.2 8.6 91.7 68.2 9.9 DCRS_-_Bom_Jesus/Jaquirana_(606_m) -999.9 -999.9 980.5 950.0 961.5 12.0 6.6 296.0 Rio_Grande_do_Sul DCRS -999.9 0.0 0.0 601.01 601.08 600.93 0 0.02 601.28 601.96 601.96 601.96
-28.798800 -50.429798 DCRS-00086 2026-09-14_15:22 15.7 -999.9 -999.9 77.2 -999.9 -999.9 11.7 -999.9 -999.9 961.0 -999.9 -999.9 4.9 -999.9 5.3 47.0 0.0 0.0 0.0 0.0 39.4 41.8 16.2 8.6 91.7 68.2 9.9 DCRS_-_Bom_Jesus/Jaquirana_(606_m) -999.9 -999.9 980.5 950.0 961.0 12.0 6.6 296.0 Rio_Grande_do_Sul DCRS -999.9 0.0 0.0 601.0 601.08 600.93 0 0.0 601.28 601.96 601.96 601.96
-28.798800 -50.429798 DCRS-00086 2026-09-14_15:23 15.7 -999.9 -999.9 78.8 -999.9 -999.9 12.0 -999.9 -999.9 962.1 -999.9 -999.9 5.3 -999.9 5.3 45.0 0.0 0.0 0.0 0.0 39.4 41.8 16.2 8.6 91.7 68.2 9.9 DCRS_-_Bom_Jesus/Jaquirana_(606_m) -999.9 -999.9 980.5 950.0 962.1 12.0 6.6 296.0 Rio_Grande_do_Sul DCRS -999.9 0.0 0.0 600.99 601.08 600.93 0 -0.01 601.28 601.96 601.96 601.96
-28.798800 -50.429798 DCRS-00086 2026-09-14_15:24 15.7 -999.9 -999.9 77.1 -999.9 -999.9 11.7 -999.9 -999.9 961.2 -999.9 -999.9 -999.9 -999.9 5.3 43.0 0.0 0.0 0.0 0.0 39.4 41.8 16.2 8.6 91.7 68.2 9.9 DCRS_-_Bom_Jesus/Jaquirana_(606_m) -999.9 -999.9 980.5 950.0 961.2 12.0 6.6 296.0 Rio_Grande_do_Sul DCRS -999.9 0.0 0.0 600.99 601.08 600.93 0 -0.02 601.28 601.96 601.96 601.96
-28.798800 -50.429798 DCRS-00086 2026-09-14_15:25 15.6 -999.9 -999.9 78.0 -999.9 -999.9 11.7 -999.9 -999.9 961.7 -999.9 -999.9 6.0 -999.9 6.5 39.0 0.0 0.0 0.0 0.0 39.4 41.8 16.2 8.6 91.7 68.2 9.9 DCRS_-_Bom_Jesus/Jaquirana_(606_m) -999.9 -999.9 980.5 950.0 961.7 12.0 6.6 296.0 Rio_Grande_do_Sul DCRS -999.9 0.0 0.0 601.0 601.08 600.93 1 0.0 601.28 601.96 601.96 601.96
-28.798800 -50.429798 DCRS-00086 2026-09-14_15:26 15.6 -999.9 -999.9 78.5 -999.9 -999.9 11.8 -999.9 -999.9 961.9 -999.9 -999.9 4.9 -999.9 6.5 37.0 0.0 0.0 0.0 0.0 39.4 41.8 16.2 8.6 91.7 68.2 9.9 DCRS_-_Bom_Jesus/Jaquirana_(606_m) -999.9 -999.9 980.5 950.0 961.9 12.0 6.6 296.0 Rio_Grande_do_Sul DCRS -999.9 0.0 0.0 600.99 601.08 600.93 1 -0.01 601.28 601.96 601.96 601.96
-28.798800 -50.429798 DCRS-00086 2026-09-14_15:27 15.6 -999.9 -999.9 79.5 -999.9 -999.9 12.0 -999.9 -999.9 963.2 -999.9 -999.9 5.1 -999.9 6.5 37.0 0.0 0.0 0.0 0.0 39.4 41.8 16.2 8.6 91.7 68.2 9.9 DCRS_-_Bom_Jesus/Jaquirana_(606_m) -999.9 -999.9 980.5 950.0 963.2 12.0 6.6 296.0 Rio_Grande_do_Sul DCRS -999.9 0.0 0.0 600.98 601.08 600.93 1 -0.01 601.28 601.96 601.96 601.96
-28.798800 -50.429798 DCRS-00086 2026-09-14_15:28 15.5 -999.9 -999.9 80.2 -999.9 -999.9 12.1 -999.9 -999.9 963.7 -999.9 -999.9 4.6 -999.9 6.5 39.0 0.0 0.0 0.0 0.0 39.4 41.8 16.2 8.6 91.7 68.2 9.9 DCRS_-_Bom_Jesus/Jaquirana_(606_m) -999.9 -999.9 980.5 950.0 963.7 12.1 6.6 296.0 Rio_Grande_do_Sul DCRS -999.9 0.0 0.0 600.99 601.08 600.93 0 -0.02 601.28 601.96 601.96 601.96
-28.798800 -50.429798 DCRS-00086 2026-09-14_15:29 15.5 -999.9 -999.9 80.6 -999.9 -999.9 12.1 -999.9 -999.9 964.6 -999.9 -999.9 5.2 -999.9 6.5 38.0 0.0 0.0 0.0 0.0 39.4 41.8 16.2 8.6 91.7 68.2 9.9 DCRS_-_Bom_Jesus/Jaquirana_(606_m) -999.9 -999.9 980.5 950.0 964.6 12.1 6.6 296.0 Rio_Grande_do_Sul DCRS -999.9 0.0 0.0 601.01 601.08 600.93 1 0.08 601.28 601.96 601.96 601.96
-28.798800 -50.429798 DCRS-00086 2026-09-14_15:30 15.4 -999.9 -999.9 79.8 -999.9 -999.9 11.9 -999.9 -999.9 964.1 -999.9 -999.9 5.9 -999.9 6.3 41.0 0.0 0.0 0.0 0.0 39.4 41.8 16.2 8.6 91.7 68.2 9.9 DCRS_-_Bom_Jesus/Jaquirana_(606_m) -999.9 -999.9 980.5 950.0 964.1 12.1 6.6 296.0 Rio_Grande_do_Sul DCRS -999.9 0.0 0.0 600.95 601.08 600.93 0 -0.06 601.28 601.96 601.96 601.96
-28.798800 -50.429798 DCRS-00086 2026-09-14_15:31 15.4 -999.9 -999.9 80.3 -999.9 -999.9 12.0 -999.9 -999.9 964.5 -999.9 -999.9 5.4 -999.9 6.3 39.0 0.0 0.0 0.0 0.0 39.4 41.8 16.2 8.6 91.7 68.2 9.9 DCRS_-_Bom_Jesus/Jaquirana_(606_m) -999.9 -999.9 980.5 950.0 964.5 12.1 6.6 296.0 Rio_Grande_do_Sul DCRS -999.9 0.0 0.0 600.95 601.08 600.93 0 -0.05 601.28 601.96 601.96 601.96
-28.798800 -50.429798 DCRS-00086 2026-09-14_15:32 15.4 -999.9 -999.9 80.0 -999.9 -999.9 11.9 -999.9 -999.9 964.4 -999.9 -999.9 4.4 -999.9 6.3 40.0 0.0 0.0 0.0 0.0 39.4 41.8 16.2 8.6 91.7 68.2 9.9 DCRS_-_Bom_Jesus/Jaquirana_(606_m) -999.9 -999.9 980.5 950.0 964.4 12.1 6.6 296.0 Rio_Grande_do_Sul DCRS -999.9 0.0 0.0 601.0 601.08 600.93 0 0.0 601.28 601.96 601.96 601.96
-28.798800 -50.429798 DCRS-00086 2026-09-14_15:33 15.4 -999.9 -999.9 80.7 -999.9 -999.9 12.1 -999.9 -999.9 964.9 -999.9 -999.9 4.0 -999.9 6.3 41.0 0.0 0.0 0.0 0.0 39.4 41.8 16.2 8.6 91.7 68.2 9.9 DCRS_-_Bom_Jesus/Jaquirana_(606_m) -999.9 -999.9 980.5 950.0 964.9 12.1 6.6 296.0 Rio_Grande_do_Sul DCRS -999.9 0.0 0.0 601.0 601.08 600.93 0 0.01 601.28 601.96 601.96 601.96
-28.798800 -50.429798 DCRS-00086 2026-09-14_15:34 15.4 -999.9 -999.9 82.2 -999.9 -999.9 12.4 -999.9 -999.9 966.3 -999.9 -999.9 3.7 -999.9 6.3 40.0 0.0 0.0 0.0 0.0 39.4 41.8 16.2 8.6 91.7 68.2 9.9 DCRS_-_Bom_Jesus/Jaquirana_(606_m) -999.9 -999.9 980.5 950.0 966.3 12.4 6.6 296.0 Rio_Grande_do_Sul DCRS -999.9 0.0 0.0 601.0 601.08 600.93 0 0.0 601.28 601.96 601.96 601.96
-28.798800 -50.429798 DCRS-00086 2026-09-14_15:35 15.3 -999.9 -999.9 82.5 -999.9 -999.9 12.3 -999.9 -999.9 966.9 -999.9 -999.9 3.5 -999.9 5.9 39.0 0.0 0.0 0.0 0.0 39.4 41.8 16.2 8.6 91.7 68.2 9.9 DCRS_-_Bom_Jesus/Jaquirana_(606_m) -999.9 -999.9 980.5 950.0 966.9 12.4 6.6 296.0 Rio_Grande_do_Sul DCRS -999.9 0.0 0.0 601.0 601.08 600.93 0 -0.01 601.28 601.96 601.96 601.96
-28.798800 -50.429798 DCRS-00086 2026-09-14_15:36 15.3 -999.9 -999.9 83.0 -999.9 -999.9 12.4 -999.9 -999.9 968.0 -999.9 -999.9 3.6 -999.9 5.9 34.0 0.0 0.0 0.0 0.0 39.4 41.8 16.2 8.6 91.7 68.2 9.9 DCRS_-_Bom_Jesus/Jaquirana_(606_m) -999.9 -999.9 980.5 950.0 968.0 12.4 6.6 296.0 Rio_Grande_do_Sul DCRS -999.9 0.0 0.0 601.01 601.08 600.93 0 0.02 601.28 601.96 601.96 601.96
-28.798800 -50.429798 DCRS-00086 2026-09-14_15:37 15.3 -999.9 -999.9 83.5 -999.9 -999.9 12.5 -999.9 -999.9 968.7 -999.9 -999.9 4.0 -999.9 5.9 31.0 0.0 0.0 0.0 0.0 39.4 41.8 16.2 8.6 91.7 68.2 9.9 DCRS_-_Bom_Jesus/Jaquirana_(606_m) -999.9 -999.9 980.5 950.0 968.7 12.5 6.6 296.0 Rio_Grande_do_Sul DCRS -999.9 0.0 0.0 601.01 601.08 600.93 0 0.02 601.28 601.96 601.96 601.96
-28.798800 -50.429798 DCRS-00086 2026-09-14_15:38 15.3 -999.9 -999.9 83.8 -999.9 -999.9 12.6 -999.9 -999.9 969.5 -999.9 -999.9 4.1 -999.9 5.9 30.0 0.0 0.0 0.0 0.0 39.4 41.8 16.2 8.6 91.7 68.2 9.9 DCRS_-_Bom_Jesus/Jaquirana_(606_m) -999.9 -999.9 980.5 950.0 969.5 12.6 6.6 296.0 Rio_Grande_do_Sul DCRS -999.9 0.0 0.0 601.01 601.08 600.93 0 0.04 601.28 601.96 601.96 601.96
-28.798800 -50.429798 DCRS-00086 2026-09-14_15:39 15.3 -999.9 -999.9 83.6 -999.9 -999.9 12.5 -999.9 -999.9 969.6 -999.9 -999.9 3.9 -999.9 5.9 32.0 0.0 0.0 0.0 0.0 39.4 41.8 16.2 8.6 91.7 68.2 9.9 DCRS_-_Bom_Jesus/Jaquirana_(606_m) -999.9 -999.9 980.5 950.0 969.6 12.6 6.6 296.0 Rio_Grande_do_Sul DCRS -999.9 0.0 0.0 600.98 601.08 600.93 0 -0.03 601.28 601.96 601.96 601.96
-28.798800 -50.429798 DCRS-00086 2026-09-14_15:40 15.3 -999.9 -999.9 83.7 -999.9 -999.9 12.5 -999.9 -999.9 969.9 -999.9 -999.9 4.0 -999.9 4.8 36.0 0.0 0.0 0.0 0.0 39.4 41.8 16.2 8.6 91.7 68.2 9.9 DCRS_-_Bom_Jesus/Jaquirana_(606_m) -999.9 -999.9 980.5 950.0 969.9 12.6 6.6 296.0 Rio_Grande_do_Sul DCRS -999.9 0.0 0.0 601.0 601.08 600.93 0 -0.01 601.28 601.96 601.96 601.96
-28.798800 -50.429798 DCRS-00086 2026-09-14_15:41 15.2 -999.9 -999.9 84.2 -999.9 -999.9 12.5 -999.9 -999.9 970.4 -999.9 -999.9 4.1 -999.9 4.8 38.0 0.0 0.0 0.0 0.0 39.4 41.8 16.2 8.6 91.7 68.2 9.9 DCRS_-_Bom_Jesus/Jaquirana_(606_m) -999.9 -999.9 980.5 950.0 970.4 12.6 6.6 296.0 Rio_Grande_do_Sul DCRS -999.9 0.0 0.0 600.97 601.08 600.93 0 -0.04 601.28 601.96 601.96 601.96
-28.798800 -50.429798 DCRS-00086 2026-09-14_15:42 15.2 -999.9 -999.9 84.7 -999.9 -999.9 12.6 -999.9 -999.9 971.0 -999.9 -999.9 3.9 -999.9 4.8 38.0 0.0 0.0 0.0 0.0 39.4 41.8 16.2 8.6 91.7 68.2 9.9 DCRS_-_Bom_Jesus/Jaquirana_(606_m) -999.9 -999.9 980.5 950.0 971.0 12.6 6.6 296.0 Rio_Grande_do_Sul DCRS -999.9 0.0 0.0 601.0 601.08 600.93 0 0.0 601.28 601.96 601.96 601.96
-28.798800 -50.429798 DCRS-00086 2026-09-14_15:43 15.2 -999.9 -999.9 84.8 -999.9 -999.9 12.6 -999.9 -999.9 971.5 -999.9 -999.9 3.9 -999.9 4.8 38.0 0.0 0.0 0.0 0.0 39.4 41.8 16.2 8.6 91.7 68.2 9.9 DCRS_-_Bom_Jesus/Jaquirana_(606_m) -999.9 -999.9 980.5 950.0 971.5 12.6 6.6 296.0 Rio_Grande_do_Sul DCRS -999.9 0.0 0.0 601.0 601.08 600.93 0 0.02 601.28 601.96 601.96 601.96
-28.798800 -50.429798 DCRS-00086 2026-09-14_15:44 15.2 -999.9 -999.9 85.5 -999.9 -999.9 12.8 -999.9 -999.9 972.2 -999.9 -999.9 4.3 -999.9 4.8 37.0 0.0 0.0 0.0 0.0 39.4 41.8 16.2 8.6 91.7 68.2 9.9 DCRS_-_Bom_Jesus/Jaquirana_(606_m) -999.9 -999.9 980.5 950.0 972.2 12.8 6.6 296.0 Rio_Grande_do_Sul DCRS -999.9 0.0 0.0 600.98 601.08 600.93 0 0.0 601.28 601.96 601.96 601.96
-28.798800 -50.429798 DCRS-00086 2026-09-14_15:45 15.1 -999.9 -999.9 85.5 -999.9 -999.9 12.7 -999.9 -999.9 972.5 -999.9 -999.9 4.2 -999.9 4.9 38.0 0.0 0.0 0.0 0.0 39.4 41.8 16.2 8.6 91.7 68.2 9.9 DCRS_-_Bom_Jesus/Jaquirana_(606_m) -999.9 -999.9 980.5 950.0 972.5 12.8 6.6 296.0 Rio_Grande_do_Sul DCRS -999.9 0.0 0.0 600.99 601.08 600.93 0 0.0 601.28 601.96 601.96 601.96
-28.798800 -50.429798 DCRS-00086 2026-09-14_15:46 15.1 -999.9 -999.9 85.0 -999.9 -999.9 12.6 -999.9 -999.9 972.4 -999.9 -999.9 -999.9 -999.9 4.9 39.0 0.0 0.0 0.0 0.0 39.4 41.8 16.2 8.6 91.7 68.2 9.9 DCRS_-_Bom_Jesus/Jaquirana_(606_m) -999.9 -999.9 980.5 950.0 972.4 12.8 6.6 296.0 Rio_Grande_do_Sul DCRS -999.9 0.0 0.0 601.01 601.08 600.93 0 0.0 601.28 601.96 601.96 601.96
-28.798800 -50.429798 DCRS-00086 2026-09-14_15:47 15.0 -999.9 -999.9 85.1 -999.9 -999.9 12.5 -999.9 -999.9 972.2 -999.9 -999.9 -999.9 -999.9 4.9 42.0 0.0 0.0 0.0 0.0 39.4 41.8 16.2 8.6 91.7 68.2 9.9 DCRS_-_Bom_Jesus/Jaquirana_(606_m) -999.9 -999.9 980.5 950.0 972.2 12.8 6.6 296.0 Rio_Grande_do_Sul DCRS -999.9 0.0 0.0 601.0 601.08 600.93 0 0.0 601.28 601.96 601.96 601.96
-28.798800 -50.429798 DCRS-00086 2026-09-14_15:48 15.0 -999.9 -999.9 85.0 -999.9 -999.9 12.5 -999.9 -999.9 972.1 -999.9 -999.9 4.1 -999.9 4.9 52.0 0.0 0.0 0.0 0.0 39.4 41.8 16.2 8.6 91.7 68.2 9.9 DCRS_-_Bom_Jesus/Jaquirana_(606_m) -999.9 -999.9 980.5 950.0 972.1 12.8 6.6 296.0 Rio_Grande_do_Sul DCRS -999.9 0.0 0.0 601.0 601.08 600.93 0 -0.01 601.28 601.96 601.96 601.96
-28.798800 -50.429798 DCRS-00086 2026-09-14_15:49 15.1 -999.9 -999.9 85.6 -999.9 -999.9 12.7 -999.9 -999.9 972.5 -999.9 -999.9 3.9 -999.9 4.9 67.0 0.0 0.0 0.0 0.0 39.4 41.8 16.2 8.6 91.7 68.2 9.9 DCRS_-_Bom_Jesus/Jaquirana_(606_m) -999.9 -999.9 980.5 950.0 972.5 12.8 6.6 296.0 Rio_Grande_do_Sul DCRS -999.9 0.0 0.0 601.0 601.08 600.93 0 -0.01 601.28 601.96 601.96 601.96
-28.798800 -50.429798 DCRS-00086 2026-09-14_15:50 15.0 -999.9 -999.9 85.7 -999.9 -999.9 12.6 -999.9 -999.9 972.9 -999.9 -999.9 3.8 -999.9 6.4 76.0 0.0 0.0 0.0 0.0 39.4 41.8 16.2 8.6 91.7 68.2 9.9 DCRS_-_Bom_Jesus/Jaquirana_(606_m) -999.9 -999.9 980.5 950.0 972.9 12.8 6.6 296.0 Rio_Grande_do_Sul DCRS -999.9 0.0 0.0 601.01 601.08 600.93 0 0.01 601.28 601.96 601.96 601.96
-28.798800 -50.429798 DCRS-00086 2026-09-14_15:51 15.0 -999.9 -999.9 86.0 -999.9 -999.9 12.7 -999.9 -999.9 973.3 -999.9 -999.9 3.8 -999.9 6.4 80.0 0.0 0.0 0.0 0.0 39.4 41.8 16.2 8.6 91.7 68.2 9.9 DCRS_-_Bom_Jesus/Jaquirana_(606_m) -999.9 -999.9 980.5 950.0 973.3 12.8 6.6 296.0 Rio_Grande_do_Sul DCRS -999.9 0.0 0.0 601.0 601.08 600.93 0 -0.01 601.28 601.96 601.96 601.96
-28.798800 -50.429798 DCRS-00086 2026-09-14_15:52 15.0 -999.9 -999.9 86.1 -999.9 -999.9 12.7 -999.9 -999.9 973.7 -999.9 -999.9 4.4 -999.9 6.4 76.0 0.0 0.0 0.0 0.0 39.4 41.8 16.2 8.6 91.7 68.2 9.9 DCRS_-_Bom_Jesus/Jaquirana_(606_m) -999.9 -999.9 980.5 950.0 973.7 12.8 6.6 296.0 Rio_Grande_do_Sul DCRS -999.9 0.0 0.0 600.98 601.08 600.93 0 -0.02 601.28 601.96 601.96 601.96
-28.798800 -50.429798 DCRS-00086 2026-09-14_15:53 15.0 -999.9 -999.9 85.4 -999.9 -999.9 12.5 -999.9 -999.9 973.1 -999.9 -999.9 4.2 -999.9 6.4 69.0 0.0 0.0 0.0 0.0 39.4 41.8 16.2 8.6 91.7 68.2 9.9 DCRS_-_Bom_Jesus/Jaquirana_(606_m) -999.9 -999.9 980.5 950.0 973.1 12.8 6.6 296.0 Rio_Grande_do_Sul DCRS -999.9 0.0 0.0 601.01 601.08 600.93 0 0.01 601.28 601.96 601.96 601.96
-28.798800 -50.429798 DCRS-00086 2026-09-14_15:54 15.0 -999.9 -999.9 85.5 -999.9 -999.9 12.6 -999.9 -999.9 973.0 -999.9 -999.9 3.9 -999.9 6.4 66.0 0.0 0.0 0.0 0.0 39.4 41.8 16.2 8.6 91.7 68.2 9.9 DCRS_-_Bom_Jesus/Jaquirana_(606_m) -999.9 -999.9 980.5 950.0 973.0 12.8 6.6 296.0 Rio_Grande_do_Sul DCRS -999.9 0.0 0.0 601.02 601.08 600.93 0 0.04 601.28 601.96 601.96 601.96
-28.798800 -50.429798 DCRS-00086 2026-09-14_15:55 15.1 -999.9 -999.9 85.2 -999.9 -999.9 12.6 -999.9 -999.9 973.0 -999.9 -999.9 4.0 -999.9 4.8 67.0 0.0 0.0 0.0 0.0 39.4 41.8 16.2 8.6 91.7 68.2 9.9 DCRS_-_Bom_Jesus/Jaquirana_(606_m) -999.9 -999.9 980.5 950.0 973.0 12.8 6.6 296.0 Rio_Grande_do_Sul DCRS -999.9 0.0 0.0 600.97 601.08 600.93 0 -0.02 601.28 601.96 601.96 601.96
-28.798800 -50.429798 DCRS-00086 2026-09-14_15:56 15.1 -999.9 -999.9 86.4 -999.9 -999.9 12.8 -999.9 -999.9 973.6 -999.9 -999.9 4.4 -999.9 4.8 70.0 0.0 0.0 0.0 0.0 39.4 41.8 16.2 8.6 91.7 68.2 9.9 DCRS_-_Bom_Jesus/Jaquirana_(606_m) -999.9 -999.9 980.5 950.0 973.6 12.8 6.6 296.0 Rio_Grande_do_Sul DCRS -999.9 0.0 0.0 601.0 601.08 600.93 0 0.02 601.28 601.96 601.96 601.96
-28.798800 -50.429798 DCRS-00086 2026-09-14_15:57 15.1 -999.9 -999.9 85.4 -999.9 -999.9 12.6 -999.9 -999.9 973.3 -999.9 -999.9 3.9 -999.9 4.8 73.0 0.0 0.0 0.0 0.0 39.4 41.8 16.2 8.6 91.7 68.2 9.9 DCRS_-_Bom_Jesus/Jaquirana_(606_m) -999.9 -999.9 980.5 950.0 973.3 12.8 6.6 296.0 Rio_Grande_do_Sul DCRS -999.9 0.0 0.0 600.99 601.08 600.93 0 -0.02 601.28 601.96 601.96 601.96
-28.798800 -50.429798 DCRS-00086 2026-09-14_15:58 15.1 -999.9 -999.9 85.7 -999.9 -999.9 12.7 -999.9 -999.9 973.4 -999.9 -999.9 3.8 -999.9 4.8 77.0 0.0 0.0 0.0 0.0 39.4 41.8 16.2 8.6 91.7 68.2 9.9 DCRS_-_Bom_Jesus/Jaquirana_(606_m) -999.9 -999.9 980.5 950.0 973.4 12.8 6.6 296.0 Rio_Grande_do_Sul DCRS -999.9 0.0 0.0 600.94 601.08 600.93 0 -0.07 601.28 601.96 601.96 601.96
-28.798800 -50.429798 DCRS-00086 2026-09-14_15:59 15.2 -999.9 -999.9 86.2 -999.9 -999.9 12.9 -999.9 -999.9 974.0 -999.9 -999.9 3.7 -999.9 4.8 81.0 0.0 0.0 0.0 0.0 39.4 41.8 16.2 8.6 91.7 68.2 9.9 DCRS_-_Bom_Jesus/Jaquirana_(606_m) -999.9 -999.9 980.5 950.0 974.0 12.9 6.6 296.0 Rio_Grande_do_Sul DCRS -999.9 0.0 0.0 601.0 601.08 600.93 0 0.01 601.28 601.96 601.96 601.96
-28.798800 -50.429798 DCRS-00086 2026-09-14_16:00 15.2 -999.9 -999.9 85.7 -999.9 -999.9 12.8 -999.9 -999.9 973.4 -999.9 -999.9 2.9 -999.9 4.7 80.0 0.0 0.0 0.0 0.0 39.4 41.8 16.2 8.6 91.7 68.2 9.9 DCRS_-_Bom_Jesus/Jaquirana_(606_m) -999.9 -999.9 980.5 950.0 973.4 12.9 6.6 296.0 Rio_Grande_do_Sul DCRS -999.9 0.0 0.0 600.96 601.08 600.93 0 -0.04 601.28 601.96 601.96 601.96
-28.798800 -50.429798 DCRS-00086 2026-09-14_16:01 15.2 -999.9 -999.9 86.1 -999.9 -999.9 12.9 -999.9 -999.9 974.0 -999.9 -999.9 3.8 -999.9 4.7 76.0 0.0 0.0 0.0 0.0 39.4 41.8 16.2 8.6 91.7 68.2 9.9 DCRS_-_Bom_Jesus/Jaquirana_(606_m) -999.9 -999.9 980.5 950.0 974.0 12.9 6.6 296.0 Rio_Grande_do_Sul DCRS -999.9 0.0 0.0 601.01 601.08 600.93 0 0.02 601.28 601.96 601.96 601.96
-28.798800 -50.429798 DCRS-00086 2026-09-14_16:02 15.2 -999.9 -999.9 85.3 -999.9 -999.9 12.7 -999.9 -999.9 973.3 -999.9 -999.9 3.7 -999.9 4.7 73.0 0.0 0.0 0.0 0.0 39.4 41.8 16.2 8.6 91.7 68.2 9.9 DCRS_-_Bom_Jesus/Jaquirana_(606_m) -999.9 -999.9 980.5 950.0 973.3 12.9 6.6 296.0 Rio_Grande_do_Sul DCRS -999.9 0.0 0.0 600.99 601.08 600.93 0 0.01 601.28 601.96 601.96 601.96
-28.798800 -50.429798 DCRS-00086 2026-09-14_16:03 15.3 -999.9 -999.9 85.2 -999.9 -999.9 12.8 -999.9 -999.9 972.7 -999.9 -999.9 3.6 -999.9 4.7 72.0 0.0 0.0 0.0 0.0 39.4 41.8 16.2 8.6 91.7 68.2 9.9 DCRS_-_Bom_Jesus/Jaquirana_(606_m) -999.9 -999.9 980.5 950.0 972.7 12.9 6.6 296.0 Rio_Grande_do_Sul DCRS -999.9 0.0 0.0 601.0 601.08 600.93 0 0.02 601.28 601.96 601.96 601.96
-28.798800 -50.429798 DCRS-00086 2026-09-14_16:04 15.3 -999.9 -999.9 85.6 -999.9 -999.9 12.9 -999.9 -999.9 973.0 -999.9 -999.9 3.8 -999.9 4.7 73.0 0.0 0.0 0.0 0.0 39.4 41.8 16.2 8.6 91.7 68.2 9.9 DCRS_-_Bom_Jesus/Jaquirana_(606_m) -999.9 -999.9 980.5 950.0 973.0 12.9 6.6 296.0 Rio_Grande_do_Sul DCRS -999.9 0.0 0.0 601.0 601.08 600.93 0 0.03 601.28 601.96 601.96 601.96
-28.798800 -50.429798 DCRS-00086 2026-09-14_16:05 15.3 -999.9 -999.9 86.0 -999.9 -999.9 13.0 -999.9 -999.9 973.7 -999.9 -999.9 3.6 -999.9 4.0 78.0 0.0 0.0 0.0 0.0 39.4 41.8 16.2 8.6 91.7 68.2 9.9 DCRS_-_Bom_Jesus/Jaquirana_(606_m) -999.9 -999.9 980.5 950.0 973.7 13.0 6.6 296.0 Rio_Grande_do_Sul DCRS -999.9 0.0 0.0 600.98 601.08 600.93 -1 -0.01 601.28 601.96 601.96 601.96
-28.798800 -50.429798 DCRS-00086 2026-09-14_16:06 15.3 -999.9 -999.9 86.1 -999.9 -999.9 13.0 -999.9 -999.9 974.1 -999.9 -999.9 4.0 -999.9 4.0 79.0 0.0 0.0 0.0 0.0 39.4 41.8 16.2 8.6 91.7 68.2 9.9 DCRS_-_Bom_Jesus/Jaquirana_(606_m) -999.9 -999.9 980.5 950.0 974.1 13.0 6.6 296.0 Rio_Grande_do_Sul DCRS -999.9 0.0 0.0 600.99 601.08 600.93 -1 -0.01 601.28 601.96 601.96 601.96
-28.798800 -50.429798 DCRS-00086 2026-09-14_16:07 15.3 -999.9 -999.9 85.9 -999.9 -999.9 12.9 -999.9 -999.9 974.0 -999.9 -999.9 2.9 -999.9 4.0 80.0 0.0 0.0 0.0 0.0 39.4 41.8 16.2 8.6 91.7 68.2 9.9 DCRS_-_Bom_Jesus/Jaquirana_(606_m) -999.9 -999.9 980.5 950.0 974.0 13.0 6.6 296.0 Rio_Grande_do_Sul DCRS -999.9 0.0 0.0 601.0 601.08 600.93 -1 -0.01 601.28 601.96 601.96 601.96
-28.798800 -50.429798 DCRS-00086 2026-09-14_16:08 15.3 -999.9 -999.9 85.6 -999.9 -999.9 12.9 -999.9 -999.9 973.5 -999.9 -999.9 2.5 -999.9 4.0 76.0 0.0 0.0 0.0 0.0 39.4 41.8 16.2 8.6 91.7 68.2 9.9 DCRS_-_Bom_Jesus/Jaquirana_(606_m) -999.9 -999.9 980.5 950.0 973.5 13.0 6.6 296.0 Rio_Grande_do_Sul DCRS -999.9 0.0 0.0 600.97 601.08 600.93 -1 -0.02 601.28 601.96 601.96 601.96
-28.798800 -50.429798 DCRS-00086 2026-09-14_16:09 15.3 -999.9 -999.9 84.7 -999.9 -999.9 12.7 -999.9 -999.9 972.0 -999.9 -999.9 2.6 -999.9 4.0 70.0 0.0 0.0 0.0 0.0 39.4 41.8 16.2 8.6 91.7 68.2 9.9 DCRS_-_Bom_Jesus/Jaquirana_(606_m) -999.9 -999.9 980.5 950.0 972.0 13.0 6.6 296.0 Rio_Grande_do_Sul DCRS -999.9 0.0 0.0 600.95 601.08 600.93 -1 -0.06 601.28 601.96 601.96 601.96
-28.798800 -50.429798 DCRS-00086 2026-09-14_16:10 15.2 -999.9 -999.9 84.7 -999.9 -999.9 12.6 -999.9 -999.9 971.1 -999.9 -999.9 2.6 -999.9 4.7 66.0 0.0 0.0 0.0 0.0 39.4 41.8 16.2 8.6 91.7 68.2 9.9 DCRS_-_Bom_Jesus/Jaquirana_(606_m) -999.9 -999.9 980.5 950.0 971.1 13.0 6.6 296.0 Rio_Grande_do_Sul DCRS -999.9 0.0 0.0 601.01 601.08 600.93 -1 0.0 601.28 601.96 601.96 601.96
-28.798800 -50.429798 DCRS-00086 2026-09-14_16:11 15.2 -999.9 -999.9 85.7 -999.9 -999.9 12.8 -999.9 -999.9 971.7 -999.9 -999.9 3.1 -999.9 4.7 63.0 0.0 0.0 0.0 0.0 39.4 41.8 16.2 8.6 91.7 68.2 9.9 DCRS_-_Bom_Jesus/Jaquirana_(606_m) -999.9 -999.9 980.5 950.0 971.7 13.0 6.6 296.0 Rio_Grande_do_Sul DCRS -999.9 0.0 0.0 600.97 601.08 600.93 -1 -0.02 601.28 601.96 601.96 601.96
-28.798800 -50.429798 DCRS-00086 2026-09-14_16:12 15.3 -999.9 -999.9 86.1 -999.9 -999.9 13.0 -999.9 -999.9 972.4 -999.9 -999.9 4.3 -999.9 4.7 60.0 0.0 0.0 0.0 0.0 39.4 41.8 16.2 8.6 91.7 68.2 9.9 DCRS_-_Bom_Jesus/Jaquirana_(606_m) -999.9 -999.9 980.5 950.0 972.4 13.0 6.6 296.0 Rio_Grande_do_Sul DCRS -999.9 0.0 0.0 601.01 601.08 600.93 -1 -0.01 601.28 601.96 601.96 601.96
-28.798800 -50.429798 DCRS-00086 2026-09-14_16:13 15.3 -999.9 -999.9 86.0 -999.9 -999.9 13.0 -999.9 -999.9 972.8 -999.9 -999.9 3.1 -999.9 4.7 57.0 0.0 0.0 0.0 0.0 39.4 41.8 16.2 8.6 91.7 68.2 9.9 DCRS_-_Bom_Jesus/Jaquirana_(606_m) -999.9 -999.9 980.5 950.0 972.8 13.0 6.6 296.0 Rio_Grande_do_Sul DCRS -999.9 0.0 0.0 601.01 601.08 600.93 -1 0.01 601.28 601.96 601.96 601.96
-28.798800 -50.429798 DCRS-00086 2026-09-14_16:14 15.3 -999.9 -999.9 85.3 -999.9 -999.9 12.8 -999.9 -999.9 972.0 -999.9 -999.9 3.8 -999.9 4.7 46.0 0.0 0.0 0.0 0.0 39.4 41.8 16.2 8.6 91.7 68.2 9.9 DCRS_-_Bom_Jesus/Jaquirana_(606_m) -999.9 -999.9 980.5 950.0 972.0 13.0 6.6 296.0 Rio_Grande_do_Sul DCRS -999.9 0.0 0.0 600.99 601.08 600.93 -1 -0.02 601.28 601.96 601.96 601.96
-28.798800 -50.429798 DCRS-00086 2026-09-14_16:15 15.3 -999.9 -999.9 85.2 -999.9 -999.9 12.8 -999.9 -999.9 971.8 -999.9 -999.9 3.2 -999.9 5.3 40.0 0.0 0.0 0.0 0.0 39.4 41.8 16.2 8.6 91.7 68.2 9.9 DCRS_-_Bom_Jesus/Jaquirana_(606_m) -999.9 -999.9 980.5 950.0 971.8 13.0 6.6 296.0 Rio_Grande_do_Sul DCRS -999.9 0.0 0.0 601.0 601.08 600.93 -1 0.0 601.28 601.96 601.96 601.96
-28.798800 -50.429798 DCRS-00086 2026-09-14_16:16 15.3 -999.9 -999.9 84.9 -999.9 -999.9 12.8 -999.9 -999.9 971.0 -999.9 -999.9 4.3 -999.9 5.3 34.0 0.0 0.0 0.0 0.0 39.4 41.8 16.2 8.6 91.7 68.2 9.9 DCRS_-_Bom_Jesus/Jaquirana_(606_m) -999.9 -999.9 980.5 950.0 971.0 13.0 6.6 296.0 Rio_Grande_do_Sul DCRS -999.9 0.0 0.0 601.0 601.08 600.93 -1 -0.01 601.28 601.96 601.96 601.96
-28.798800 -50.429798 DCRS-00086 2026-09-14_16:17 15.3 -999.9 -999.9 84.7 -999.9 -999.9 12.7 -999.9 -999.9 970.7 -999.9 -999.9 3.6 -999.9 5.3 32.0 0.0 0.0 0.0 0.0 39.4 41.8 16.2 8.6 91.7 68.2 9.9 DCRS_-_Bom_Jesus/Jaquirana_(606_m) -999.9 -999.9 980.5 950.0 970.7 13.0 6.6 296.0 Rio_Grande_do_Sul DCRS -999.9 0.0 0.0 601.0 601.08 600.93 -1 -0.01 601.28 601.96 601.96 601.96
-28.798800 -50.429798 DCRS-00086 2026-09-14_16:18 15.3 -999.9 -999.9 84.6 -999.9 -999.9 12.7 -999.9 -999.9 970.1 -999.9 -999.9 3.3 -999.9 5.3 29.0 0.0 0.0 0.0 0.0 39.4 41.8 16.2 8.6 91.7 68.2 9.9 DCRS_-_Bom_Jesus/Jaquirana_(606_m) -999.9 -999.9 980.5 950.0 970.1 13.0 6.6 296.0 Rio_Grande_do_Sul DCRS -999.9 0.0 0.0 601.0 601.08 600.93 0 -0.02 601.28 601.96 601.96 601.96
-28.798800 -50.429798 DCRS-00086 2026-09-14_16:19 15.3 -999.9 -999.9 84.7 -999.9 -999.9 12.7 -999.9 -999.9 969.9 -999.9 -999.9 3.5 -999.9 5.3 28.0 0.0 0.0 0.0 0.0 39.4 41.8 16.2 8.6 91.7 68.2 9.9 DCRS_-_Bom_Jesus/Jaquirana_(606_m) -999.9 -999.9 980.5 950.0 969.9 13.0 6.6 296.0 Rio_Grande_do_Sul DCRS -999.9 0.0 0.0 601.0 601.08 600.93 0 0.0 601.28 601.96 601.96 601.96
-28.798800 -50.429798 DCRS-00086 2026-09-14_16:20 15.3 -999.9 -999.9 84.9 -999.9 -999.9 12.8 -999.9 -999.9 969.7 -999.9 -999.9 3.8 -999.9 4.3 31.0 0.0 0.0 0.0 0.0 39.4 41.8 16.2 8.6 91.7 68.2 9.9 DCRS_-_Bom_Jesus/Jaquirana_(606_m) -999.9 -999.9 980.5 950.0 969.7 13.0 6.6 296.0 Rio_Grande_do_Sul DCRS -999.9 0.0 0.0 601.0 601.08 600.93 0 -0.01 601.28 601.96 601.96 601.96
-28.798800 -50.429798 DCRS-00086 2026-09-14_16:21 15.3 -999.9 -999.9 85.5 -999.9 -999.9 12.9 -999.9 -999.9 970.0 -999.9 -999.9 3.8 -999.9 4.3 34.0 0.0 0.0 0.0 0.0 39.4 41.8 16.2 8.6 91.7 68.2 9.9 DCRS_-_Bom_Jesus/Jaquirana_(606_m) -999.9 -999.9 980.5 950.0 970.0 13.0 6.6 296.0 Rio_Grande_do_Sul DCRS -999.9 0.0 0.0 600.97 601.08 600.93 0 -0.03 601.28 601.96 601.96 601.96
-28.798800 -50.429798 DCRS-00086 2026-09-14_16:22 15.2 -999.9 -999.9 85.4 -999.9 -999.9 12.7 -999.9 -999.9 970.2 -999.9 -999.9 3.6 -999.9 4.3 38.0 0.0 0.0 0.0 0.0 39.4 41.8 16.2 8.6 91.7 68.2 9.9 DCRS_-_Bom_Jesus/Jaquirana_(606_m) -999.9 -999.9 980.5 950.0 970.2 13.0 6.6 296.0 Rio_Grande_do_Sul DCRS -999.9 0.0 0.0 600.98 601.08 600.93 0 -0.02 601.28 601.96 601.96 601.96
-28.798800 -50.429798 DCRS-00086 2026-09-14_16:23 15.2 -999.9 -999.9 85.0 -999.9 -999.9 12.7 -999.9 -999.9 969.7 -999.9 -999.9 3.7 -999.9 4.3 42.0 0.0 0.0 0.0 0.0 39.4 41.8 16.2 8.6 91.7 68.2 9.9 DCRS_-_Bom_Jesus/Jaquirana_(606_m) -999.9 -999.9 980.5 950.0 969.7 13.0 6.6 296.0 Rio_Grande_do_Sul DCRS -999.9 0.0 0.0 600.98 601.08 600.93 0 -0.01 601.28 601.96 601.96 601.96
-28.798800 -50.429798 DCRS-00086 2026-09-14_16:24 15.2 -999.9 -999.9 85.1 -999.9 -999.9 12.7 -999.9 -999.9 969.6 -999.9 -999.9 3.2 -999.9 4.3 43.0 0.0 0.0 0.0 0.0 39.4 41.8 16.2 8.6 91.7 68.2 9.9 DCRS_-_Bom_Jesus/Jaquirana_(606_m) -999.9 -999.9 980.5 950.0 969.6 13.0 6.6 296.0 Rio_Grande_do_Sul DCRS -999.9 0.0 0.0 600.98 601.08 600.93 0 -0.01 601.28 601.96 601.96 601.96
-28.798800 -50.429798 DCRS-00086 2026-09-14_16:25 15.2 -999.9 -999.9 85.5 -999.9 -999.9 12.8 -999.9 -999.9 970.2 -999.9 -999.9 3.3 -999.9 5.0 44.0 0.0 0.0 0.0 0.0 39.4 41.8 16.2 8.6 91.7 68.2 9.9 DCRS_-_Bom_Jesus/Jaquirana_(606_m) -999.9 -999.9 980.5 950.0 970.2 13.0 6.6 296.0 Rio_Grande_do_Sul DCRS -999.9 0.0 0.0 600.99 601.08 600.93 0 -0.01 601.28 601.96 601.96 601.96
-28.798800 -50.429798 DCRS-00086 2026-09-14_16:26 15.2 -999.9 -999.9 85.1 -999.9 -999.9 12.7 -999.9 -999.9 970.1 -999.9 -999.9 3.3 -999.9 5.0 41.0 0.0 0.0 0.0 0.0 39.4 41.8 16.2 8.6 91.7 68.2 9.9 DCRS_-_Bom_Jesus/Jaquirana_(606_m) -999.9 -999.9 980.5 950.0 970.1 13.0 6.6 296.0 Rio_Grande_do_Sul DCRS -999.9 0.0 0.0 601.0 601.08 600.93 0 0.02 601.28 601.96 601.96 601.96
-28.798800 -50.429798 DCRS-00086 2026-09-14_16:27 15.2 -999.9 -999.9 84.8 -999.9 -999.9 12.6 -999.9 -999.9 969.6 -999.9 -999.9 3.1 -999.9 5.0 40.0 0.0 0.0 0.0 0.0 39.4 41.8 16.2 8.6 91.7 68.2 9.9 DCRS_-_Bom_Jesus/Jaquirana_(606_m) -999.9 -999.9 980.5 950.0 969.6 13.0 6.6 296.0 Rio_Grande_do_Sul DCRS -999.9 0.0 0.0 601.0 601.08 600.93 0 0.02 601.28 601.96 601.96 601.96
-28.798800 -50.429798 DCRS-00086 2026-09-14_16:28 15.2 -999.9 -999.9 85.6 -999.9 -999.9 12.8 -999.9 -999.9 970.1 -999.9 -999.9 3.6 -999.9 5.0 38.0 0.0 0.0 0.0 0.0 39.4 41.8 16.2 8.6 91.7 68.2 9.9 DCRS_-_Bom_Jesus/Jaquirana_(606_m) -999.9 -999.9 980.5 950.0 970.1 13.0 6.6 296.0 Rio_Grande_do_Sul DCRS -999.9 0.0 0.0 600.98 601.08 600.93 0 -0.01 601.28 601.96 601.96 601.96
-28.798800 -50.429798 DCRS-00086 2026-09-14_16:29 15.2 -999.9 -999.9 85.3 -999.9 -999.9 12.7 -999.9 -999.9 969.9 -999.9 -999.9 3.2 -999.9 5.0 38.0 0.0 0.0 0.0 0.0 39.4 41.8 16.2 8.6 91.7 68.2 9.9 DCRS_-_Bom_Jesus/Jaquirana_(606_m) -999.9 -999.9 980.5 950.0 969.9 13.0 6.6 296.0 Rio_Grande_do_Sul DCRS -999.9 0.0 0.0 601.0 601.08 600.93 0 -0.01 601.28 601.96 601.96 601.96
-28.798800 -50.429798 DCRS-00086 2026-09-14_16:30 15.2 -999.9 -999.9 85.5 -999.9 -999.9 12.8 -999.9 -999.9 970.0 -999.9 -999.9 3.5 -999.9 4.8 40.0 0.0 0.0 0.0 0.0 39.4 41.8 16.2 8.6 91.7 68.2 9.9 DCRS_-_Bom_Jesus/Jaquirana_(606_m) -999.9 -999.9 980.5 950.0 970.0 13.0 6.6 296.0 Rio_Grande_do_Sul DCRS -999.9 0.0 0.0 601.01 601.08 600.93 0 0.06 601.28 601.96 601.96 601.96
-28.798800 -50.429798 DCRS-00086 2026-09-14_16:31 15.2 -999.9 -999.9 86.1 -999.9 -999.9 12.9 -999.9 -999.9 970.7 -999.9 -999.9 3.6 -999.9 4.8 41.0 0.0 0.0 0.0 0.0 39.4 41.8 16.2 8.6 91.7 68.2 9.9 DCRS_-_Bom_Jesus/Jaquirana_(606_m) -999.9 -999.9 980.5 950.0 970.7 13.0 6.6 296.0 Rio_Grande_do_Sul DCRS -999.9 0.0 0.0 601.01 601.08 600.93 0 0.06 601.28 601.96 601.96 601.96
-28.798800 -50.429798 DCRS-00086 2026-09-14_16:32 15.2 -999.9 -999.9 86.4 -999.9 -999.9 12.9 -999.9 -999.9 971.5 -999.9 -999.9 3.5 -999.9 4.8 41.0 0.0 0.0 0.0 0.0 39.4 41.8 16.2 8.6 91.7 68.2 9.9 DCRS_-_Bom_Jesus/Jaquirana_(606_m) -999.9 -999.9 980.5 950.0 971.5 13.0 6.6 296.0 Rio_Grande_do_Sul DCRS -999.9 0.0 0.0 600.99 601.08 600.93 0 -0.01 601.28 601.96 601.96 601.96
-28.798800 -50.429798 DCRS-00086 2026-09-14_16:33 15.2 -999.9 -999.9 86.0 -999.9 -999.9 12.9 -999.9 -999.9 971.4 -999.9 -999.9 3.6 -999.9 4.8 40.0 0.0 0.0 0.0 0.0 39.4 41.8 16.2 8.6 91.7 68.2 9.9 DCRS_-_Bom_Jesus/Jaquirana_(606_m) -999.9 -999.9 980.5 950.0 971.4 13.0 6.6 296.0 Rio_Grande_do_Sul DCRS -999.9 0.0 0.0 601.01 601.08 600.93 0 0.01 601.28 601.96 601.96 601.96
-28.798800 -50.429798 DCRS-00086 2026-09-14_16:34 15.2 -999.9 -999.9 86.3 -999.9 -999.9 12.9 -999.9 -999.9 971.8 -999.9 -999.9 4.0 -999.9 4.8 38.0 0.0 0.0 0.0 0.0 39.4 41.8 16.2 8.6 91.7 68.2 9.9 DCRS_-_Bom_Jesus/Jaquirana_(606_m) -999.9 -999.9 980.5 950.0 971.8 13.0 6.6 296.0 Rio_Grande_do_Sul DCRS -999.9 0.0 0.0 601.0 601.08 600.93 0 0.0 601.28 601.96 601.96 601.96
-28.798800 -50.429798 DCRS-00086 2026-09-14_16:35 15.2 -999.9 -999.9 86.4 -999.9 -999.9 12.9 -999.9 -999.9 972.2 -999.9 -999.9 3.8 -999.9 4.1 38.0 0.0 0.0 0.0 0.0 39.4 41.8 16.2 8.6 91.7 68.2 9.9 DCRS_-_Bom_Jesus/Jaquirana_(606_m) -999.9 -999.9 980.5 950.0 972.2 13.0 6.6 296.0 Rio_Grande_do_Sul DCRS -999.9 0.0 0.0 601.02 601.08 600.93 0 0.01 601.28 601.96 601.96 601.96
-28.798800 -50.429798 DCRS-00086 2026-09-14_16:36 15.2 -999.9 -999.9 86.4 -999.9 -999.9 12.9 -999.9 -999.9 972.5 -999.9 -999.9 3.8 -999.9 4.1 38.0 0.0 0.0 0.0 0.0 39.4 41.8 16.2 8.6 91.7 68.2 9.9 DCRS_-_Bom_Jesus/Jaquirana_(606_m) -999.9 -999.9 980.5 950.0 972.5 13.0 6.6 296.0 Rio_Grande_do_Sul DCRS -999.9 0.0 0.0 600.99 601.08 600.93 0 -0.02 601.28 601.96 601.96 601.96
-28.798800 -50.429798 DCRS-00086 2026-09-14_16:37 15.2 -999.9 -999.9 86.2 -999.9 -999.9 12.9 -999.9 -999.9 972.3 -999.9 -999.9 3.7 -999.9 4.1 38.0 0.0 0.0 0.0 0.0 39.4 41.8 16.2 8.6 91.7 68.2 9.9 DCRS_-_Bom_Jesus/Jaquirana_(606_m) -999.9 -999.9 980.5 950.0 972.3 13.0 6.6 296.0 Rio_Grande_do_Sul DCRS -999.9 0.0 0.0 600.99 601.08 600.93 0 -0.02 601.28 601.96 601.96 601.96
-28.798800 -50.429798 DCRS-00086 2026-09-14_16:38 15.2 -999.9 -999.9 86.0 -999.9 -999.9 12.9 -999.9 -999.9 972.1 -999.9 -999.9 3.3 -999.9 4.1 40.0 0.0 0.0 0.0 0.0 39.4 41.8 16.2 8.6 91.7 68.2 9.9 DCRS_-_Bom_Jesus/Jaquirana_(606_m) -999.9 -999.9 980.5 950.0 972.1 13.0 6.6 296.0 Rio_Grande_do_Sul DCRS -999.9 0.0 0.0 601.01 601.08 600.93 0 0.03 601.28 601.96 601.96 601.96
-28.798800 -50.429798 DCRS-00086 2026-09-14_16:39 15.2 -999.9 -999.9 86.0 -999.9 -999.9 12.9 -999.9 -999.9 971.9 -999.9 -999.9 -999.9 -999.9 4.1 41.0 0.0 0.0 0.0 0.0 39.4 41.8 16.2 8.6 91.7 68.2 9.9 DCRS_-_Bom_Jesus/Jaquirana_(606_m) -999.9 -999.9 980.5 950.0 971.9 13.0 6.6 296.0 Rio_Grande_do_Sul DCRS -999.9 0.0 0.0 600.99 601.08 600.93 0 -0.01 601.28 601.96 601.96 601.96
-28.798800 -50.429798 DCRS-00086 2026-09-14_16:40 15.2 -999.9 -999.9 85.9 -999.9 -999.9 12.8 -999.9 -999.9 971.6 -999.9 -999.9 -999.9 -999.9 4.5 44.0 0.0 0.0 0.0 0.0 39.4 41.8 16.2 8.6 91.7 68.2 9.9 DCRS_-_Bom_Jesus/Jaquirana_(606_m) -999.9 -999.9 980.5 950.0 971.6 13.0 6.6 296.0 Rio_Grande_do_Sul DCRS -999.9 0.0 0.0 601.0 601.08 600.93 0 0.0 601.28 601.96 601.96 601.96
-28.798800 -50.429798 DCRS-00086 2026-09-14_16:41 15.2 -999.9 -999.9 86.1 -999.9 -999.9 12.9 -999.9 -999.9 971.6 -999.9 -999.9 -999.9 -999.9 4.5 47.0 0.0 0.0 0.0 0.0 39.4 41.8 16.2 8.6 91.7 68.2 9.9 DCRS_-_Bom_Jesus/Jaquirana_(606_m) -999.9 -999.9 980.5 950.0 971.6 13.0 6.6 296.0 Rio_Grande_do_Sul DCRS -999.9 0.0 0.0 600.99 601.08 600.93 0 0.02 601.28 601.96 601.96 601.96
-28.798800 -50.429798 DCRS-00086 2026-09-14_16:42 15.1 -999.9 -999.9 85.9 -999.9 -999.9 12.7 -999.9 -999.9 971.4 -999.9 -999.9 4.3 -999.9 4.5 48.0 0.0 0.0 0.0 0.0 39.4 41.8 16.2 8.6 91.7 68.2 9.9 DCRS_-_Bom_Jesus/Jaquirana_(606_m) -999.9 -999.9 980.5 950.0 971.4 13.0 6.6 296.0 Rio_Grande_do_Sul DCRS -999.9 0.0 0.0 601.01 601.08 600.93 0 0.01 601.28 601.96 601.96 601.96
-28.798800 -50.429798 DCRS-00086 2026-09-14_16:43 15.2 -999.9 -999.9 85.5 -999.9 -999.9 12.8 -999.9 -999.9 970.7 -999.9 -999.9 3.9 -999.9 4.5 49.0 0.0 0.0 0.0 0.0 39.4 41.8 16.2 8.6 91.7 68.2 9.9 DCRS_-_Bom_Jesus/Jaquirana_(606_m) -999.9 -999.9 980.5 950.0 970.7 13.0 6.6 296.0 Rio_Grande_do_Sul DCRS -999.9 0.0 0.0 600.99 601.08 600.93 0 -0.01 601.28 601.96 601.96 601.96
-28.798800 -50.429798 DCRS-00086 2026-09-14_16:44 15.1 -999.9 -999.9 85.3 -999.9 -999.9 12.6 -999.9 -999.9 970.1 -999.9 -999.9 -999.9 -999.9 4.5 48.0 0.0 0.0 0.0 0.0 39.4 41.8 16.2 8.6 91.7 68.2 9.9 DCRS_-_Bom_Jesus/Jaquirana_(606_m) -999.9 -999.9 980.5 950.0 970.1 13.0 6.6 296.0 Rio_Grande_do_Sul DCRS -999.9 0.0 0.0 601.01 601.08 600.93 0 0.03 601.28 601.96 601.96 601.96
-28.798800 -50.429798 DCRS-00086 2026-09-14_16:45 15.1 -999.9 -999.9 84.3 -999.9 -999.9 12.4 -999.9 -999.9 968.5 -999.9 -999.9 5.0 -999.9 6.1 46.0 0.0 0.0 0.0 0.0 39.4 41.8 16.2 8.6 91.7 68.2 9.9 DCRS_-_Bom_Jesus/Jaquirana_(606_m) -999.9 -999.9 980.5 950.0 968.5 13.0 6.6 296.0 Rio_Grande_do_Sul DCRS -999.9 0.0 0.0 600.99 601.08 600.93 0 -0.02 601.28 601.96 601.96 601.96
-28.798800 -50.429798 DCRS-00086 2026-09-14_16:46 15.1 -999.9 -999.9 84.9 -999.9 -999.9 12.6 -999.9 -999.9 968.2 -999.9 -999.9 3.5 -999.9 6.1 43.0 0.0 0.0 0.0 0.0 39.4 41.8 16.2 8.6 91.7 68.2 9.9 DCRS_-_Bom_Jesus/Jaquirana_(606_m) -999.9 -999.9 980.5 950.0 968.2 13.0 6.6 296.0 Rio_Grande_do_Sul DCRS -999.9 0.0 0.0 601.0 601.08 600.93 0 -0.01 601.28 601.96 601.96 601.96
-28.798800 -50.429798 DCRS-00086 2026-09-14_16:47 15.1 -999.9 -999.9 84.7 -999.9 -999.9 12.5 -999.9 -999.9 968.0 -999.9 -999.9 4.8 -999.9 6.1 41.0 0.0 0.0 0.0 0.0 39.4 41.8 16.2 8.6 91.7 68.2 9.9 DCRS_-_Bom_Jesus/Jaquirana_(606_m) -999.9 -999.9 980.5 950.0 968.0 13.0 6.6 296.0 Rio_Grande_do_Sul DCRS -999.9 0.0 0.0 600.99 601.08 600.93 0 -0.01 601.28 601.96 601.96 601.96
-28.798800 -50.429798 DCRS-00086 2026-09-14_16:48 15.0 -999.9 -999.9 84.1 -999.9 -999.9 12.3 -999.9 -999.9 966.9 -999.9 -999.9 4.4 -999.9 6.1 39.0 0.0 0.0 0.0 0.0 39.4 41.8 16.2 8.6 91.7 68.2 9.9 DCRS_-_Bom_Jesus/Jaquirana_(606_m) -999.9 -999.9 980.5 950.0 966.9 13.0 6.6 296.0 Rio_Grande_do_Sul DCRS -999.9 0.0 0.0 601.0 601.08 600.93 0 0.0 601.28 601.96 601.96 601.96
-28.798800 -50.429798 DCRS-00086 2026-09-14_16:49 15.0 -999.9 -999.9 84.3 -999.9 -999.9 12.3 -999.9 -999.9 966.4 -999.9 -999.9 5.7 -999.9 6.1 36.0 0.0 0.0 0.0 0.0 39.4 41.8 16.2 8.6 91.7 68.2 9.9 DCRS_-_Bom_Jesus/Jaquirana_(606_m) -999.9 -999.9 980.5 950.0 966.4 13.0 6.6 296.0 Rio_Grande_do_Sul DCRS -999.9 0.0 0.0 600.98 601.08 600.93 0 -0.02 601.28 601.96 601.96 601.96
-28.798800 -50.429798 DCRS-00086 2026-09-14_16:50 15.0 -999.9 -999.9 83.8 -999.9 -999.9 12.3 -999.9 -999.9 965.5 -999.9 -999.9 5.4 -999.9 6.2 34.0 0.0 0.0 0.0 0.0 39.4 41.8 16.2 8.6 91.7 68.2 9.9 DCRS_-_Bom_Jesus/Jaquirana_(606_m) -999.9 -999.9 980.5 950.0 965.5 13.0 6.6 296.0 Rio_Grande_do_Sul DCRS -999.9 0.0 0.0 600.98 601.08 600.93 0 -0.02 601.28 601.96 601.96 601.96
-28.798800 -50.429798 DCRS-00086 2026-09-14_16:51 14.9 -999.9 -999.9 84.2 -999.9 -999.9 12.2 -999.9 -999.9 965.4 -999.9 -999.9 5.9 -999.9 6.2 31.0 0.0 0.0 0.0 0.0 39.4 41.8 16.2 8.6 91.7 68.2 9.9 DCRS_-_Bom_Jesus/Jaquirana_(606_m) -999.9 -999.9 980.5 950.0 965.4 13.0 6.6 296.0 Rio_Grande_do_Sul DCRS -999.9 0.0 0.0 600.99 601.08 600.93 0 -0.01 601.28 601.96 601.96 601.96
-28.798800 -50.429798 DCRS-00086 2026-09-14_16:52 14.9 -999.9 -999.9 85.0 -999.9 -999.9 12.4 -999.9 -999.9 965.9 -999.9 -999.9 6.0 -999.9 6.2 29.0 0.0 0.0 0.0 0.0 39.4 41.8 16.2 8.6 91.7 68.2 9.9 DCRS_-_Bom_Jesus/Jaquirana_(606_m) -999.9 -999.9 980.5 950.0 965.9 13.0 6.6 296.0 Rio_Grande_do_Sul DCRS -999.9 0.0 0.0 600.99 601.08 600.93 0 0.01 601.28 601.96 601.96 601.96
-28.798800 -50.429798 DCRS-00086 2026-09-14_16:53 14.9 -999.9 -999.9 86.2 -999.9 -999.9 12.6 -999.9 -999.9 967.4 -999.9 -999.9 5.5 -999.9 6.2 28.0 0.0 0.0 0.0 0.0 39.4 41.8 16.2 8.6 91.7 68.2 9.9 DCRS_-_Bom_Jesus/Jaquirana_(606_m) -999.9 -999.9 980.5 950.0 967.4 13.0 6.6 296.0 Rio_Grande_do_Sul DCRS -999.9 0.0 0.0 601.01 601.08 600.93 0 0.0 601.28 601.96 601.96 601.96
-28.798800 -50.429798 DCRS-00086 2026-09-14_16:54 14.9 -999.9 -999.9 86.5 -999.9 -999.9 12.6 -999.9 -999.9 968.5 -999.9 -999.9 5.3 -999.9 6.2 29.0 0.0 0.0 0.0 0.0 39.4 41.8 16.2 8.6 91.7 68.2 9.9 DCRS_-_Bom_Jesus/Jaquirana_(606_m) -999.9 -999.9 980.5 950.0 968.5 13.0 6.6 296.0 Rio_Grande_do_Sul DCRS -999.9 0.0 0.0 601.0 601.08 600.93 1 0.03 601.28 601.96 601.96 601.96
-28.798800 -50.429798 DCRS-00086 2026-09-14_16:55 14.8 -999.9 -999.9 86.6 -999.9 -999.9 12.6 -999.9 -999.9 969.3 -999.9 -999.9 4.4 -999.9 6.4 30.0 0.0 0.0 0.0 0.0 39.4 41.8 16.2 8.6 91.7 68.2 9.9 DCRS_-_Bom_Jesus/Jaquirana_(606_m) -999.9 -999.9 980.5 950.0 969.3 13.0 6.6 296.0 Rio_Grande_do_Sul DCRS -999.9 0.0 0.0 601.0 601.08 600.93 1 0.03 601.28 601.96 601.96 601.96
-28.798800 -50.429798 DCRS-00086 2026-09-14_16:56 14.8 -999.9 -999.9 86.9 -999.9 -999.9 12.6 -999.9 -999.9 970.1 -999.9 -999.9 5.3 -999.9 6.4 31.0 0.0 0.0 0.0 0.0 39.4 41.8 16.2 8.6 91.7 68.2 9.9 DCRS_-_Bom_Jesus/Jaquirana_(606_m) -999.9 -999.9 980.5 950.0 970.1 13.0 6.6 296.0 Rio_Grande_do_Sul DCRS -999.9 0.0 0.0 600.94 601.08 600.93 0 -0.06 601.28 601.96 601.96 601.96
-28.798800 -50.429798 DCRS-00086 2026-09-14_16:57 14.8 -999.9 -999.9 87.1 -999.9 -999.9 12.7 -999.9 -999.9 970.7 -999.9 -999.9 5.2 -999.9 6.4 31.0 0.0 0.0 0.0 0.0 39.4 41.8 16.2 8.6 91.7 68.2 9.9 DCRS_-_Bom_Jesus/Jaquirana_(606_m) -999.9 -999.9 980.5 950.0 970.7 13.0 6.6 296.0 Rio_Grande_do_Sul DCRS -999.9 0.0 0.0 600.98 601.08 600.93 0 -0.01 601.28 601.96 601.96 601.96
-28.798800 -50.429798 DCRS-00086 2026-09-14_16:58 14.8 -999.9 -999.9 87.4 -999.9 -999.9 12.7 -999.9 -999.9 971.7 -999.9 -999.9 -999.9 -999.9 6.4 31.0 0.0 0.0 0.0 0.0 39.4 41.8 16.2 8.6 91.7 68.2 9.9 DCRS_-_Bom_Jesus/Jaquirana_(606_m) -999.9 -999.9 980.5 950.0 971.7 13.0 6.6 296.0 Rio_Grande_do_Sul DCRS -999.9 0.0 0.0 600.93 601.08 600.93 0 -0.01 601.28 601.96 601.96 601.96
-28.798800 -50.429798 DCRS-00086 2026-09-14_16:59 14.8 -999.9 -999.9 87.7 -999.9 -999.9 12.8 -999.9 -999.9 972.2 -999.9 -999.9 5.7 -999.9 6.4 30.0 0.0 0.0 0.0 0.0 39.4 41.8 16.2 8.6 91.7 68.2 9.9 DCRS_-_Bom_Jesus/Jaquirana_(606_m) -999.9 -999.9 980.5 950.0 972.2 13.0 6.6 296.0 Rio_Grande_do_Sul DCRS -999.9 0.0 0.0 600.97 601.08 600.93 0 -0.03 601.28 601.96 601.96 601.96
-28.798800 -50.429798 DCRS-00086 2026-09-14_17:00 14.7 -999.9 -999.9 87.8 -999.9 -999.9 12.7 -999.9 -999.9 972.9 -999.9 -999.9 5.2 -999.9 7.9 30.0 0.0 0.0 0.0 0.0 39.4 41.8 16.2 8.6 91.7 68.2 9.9 DCRS_-_Bom_Jesus/Jaquirana_(606_m) -999.9 -999.9 980.5 950.0 972.9 13.0 6.6 296.0 Rio_Grande_do_Sul DCRS -999.9 0.0 0.0 600.97 601.08 600.93 0 0.01 601.28 601.96 601.96 601.96
-28.798800 -50.429798 DCRS-00086 2026-09-14_17:01 14.7 -999.9 -999.9 88.0 -999.9 -999.9 12.7 -999.9 -999.9 973.4 -999.9 -999.9 5.3 -999.9 7.9 30.0 0.0 0.0 0.0 0.0 39.4 41.8 16.2 8.6 91.7 68.2 9.9 DCRS_-_Bom_Jesus/Jaquirana_(606_m) -999.9 -999.9 980.5 950.0 973.4 13.0 6.6 296.0 Rio_Grande_do_Sul DCRS -999.9 0.0 0.0 600.98 601.08 600.93 -1 -0.03 601.28 601.96 601.96 601.96
-28.798800 -50.429798 DCRS-00086 2026-09-14_17:02 14.6 -999.9 -999.9 88.1 -999.9 -999.9 12.6 -999.9 -999.9 973.9 -999.9 -999.9 6.2 -999.9 7.9 31.0 0.0 0.0 0.0 0.0 39.4 41.8 16.2 8.6 91.7 68.2 9.9 DCRS_-_Bom_Jesus/Jaquirana_(606_m) -999.9 -999.9 980.5 950.0 973.9 13.0 6.6 296.0 Rio_Grande_do_Sul DCRS -999.9 0.0 0.0 601.0 601.08 600.93 0 0.01 601.28 601.96 601.96 601.96
-28.798800 -50.429798 DCRS-00086 2026-09-14_17:03 14.6 -999.9 -999.9 87.8 -999.9 -999.9 12.6 -999.9 -999.9 973.7 -999.9 -999.9 6.2 -999.9 7.9 32.0 0.0 0.0 0.0 0.0 39.4 41.8 16.2 8.6 91.7 68.2 9.9 DCRS_-_Bom_Jesus/Jaquirana_(606_m) -999.9 -999.9 980.5 950.0 973.7 13.0 6.6 296.0 Rio_Grande_do_Sul DCRS -999.9 0.0 0.0 600.99 601.08 600.93 -1 -0.01 601.28 601.96 601.96 601.96
-28.798800 -50.429798 DCRS-00086 2026-09-14_17:04 14.6 -999.9 -999.9 88.2 -999.9 -999.9 12.7 -999.9 -999.9 973.8 -999.9 -999.9 6.5 -999.9 7.9 33.0 0.0 0.0 0.0 0.0 39.4 41.8 16.2 8.6 91.7 68.2 9.9 DCRS_-_Bom_Jesus/Jaquirana_(606_m) -999.9 -999.9 980.5 950.0 973.8 13.0 6.6 296.0 Rio_Grande_do_Sul DCRS -999.9 0.0 0.0 600.97 601.08 600.93 0 -0.01 601.28 601.96 601.96 601.96
-28.798800 -50.429798 DCRS-00086 2026-09-14_17:05 14.5 -999.9 -999.9 88.1 -999.9 -999.9 12.5 -999.9 -999.9 973.9 -999.9 -999.9 6.4 -999.9 7.5 33.0 0.0 0.0 0.0 0.0 39.4 41.8 16.2 8.6 91.7 68.2 9.9 DCRS_-_Bom_Jesus/Jaquirana_(606_m) -999.9 -999.9 980.5 950.0 973.9 13.0 6.6 296.0 Rio_Grande_do_Sul DCRS -999.9 0.0 0.0 600.98 601.08 600.93 0 0.0 601.28 601.96 601.96 601.96
-28.798800 -50.429798 DCRS-00086 2026-09-14_17:06 14.5 -999.9 -999.9 87.5 -999.9 -999.9 12.4 -999.9 -999.9 973.4 -999.9 -999.9 7.3 -999.9 7.5 34.0 0.0 0.0 0.0 0.0 39.4 41.8 16.2 8.6 91.7 68.2 9.9 DCRS_-_Bom_Jesus/Jaquirana_(606_m) -999.9 -999.9 980.5 950.0 973.4 13.0 6.6 296.0 Rio_Grande_do_Sul DCRS -999.9 0.0 0.0 600.92 601.08 600.92 -1 -0.07 601.28 601.96 601.96 601.96
-28.798800 -50.429798 DCRS-00086 2026-09-14_17:07 14.4 -999.9 -999.9 87.3 -999.9 -999.9 12.3 -999.9 -999.9 972.7 -999.9 -999.9 4.9 -999.9 7.5 34.0 0.0 0.0 0.0 0.0 39.4 41.8 16.2 8.6 91.7 68.2 9.9 DCRS_-_Bom_Jesus/Jaquirana_(606_m) -999.9 -999.9 980.5 950.0 972.7 13.0 6.6 296.0 Rio_Grande_do_Sul DCRS -999.9 0.0 0.0 600.98 601.08 600.92 -1 -0.02 601.28 601.96 601.96 601.96
-28.798800 -50.429798 DCRS-00086 2026-09-14_17:08 14.3 -999.9 -999.9 88.0 -999.9 -999.9 12.3 -999.9 -999.9 973.3 -999.9 -999.9 6.6 -999.9 7.5 34.0 0.0 0.0 0.0 0.0 39.4 41.8 16.2 8.6 91.7 68.2 9.9 DCRS_-_Bom_Jesus/Jaquirana_(606_m) -999.9 -999.9 980.5 950.0 973.3 13.0 6.6 296.0 Rio_Grande_do_Sul DCRS -999.9 0.0 0.0 601.0 601.08 600.92 -1 0.03 601.28 601.96 601.96 601.96
-28.798800 -50.429798 DCRS-00086 2026-09-14_17:09 14.3 -999.9 -999.9 87.6 -999.9 -999.9 12.3 -999.9 -999.9 972.7 -999.9 -999.9 -999.9 -999.9 7.5 36.0 0.0 0.0 0.0 0.0 39.4 41.8 16.2 8.6 91.7 68.2 9.9 DCRS_-_Bom_Jesus/Jaquirana_(606_m) -999.9 -999.9 980.5 950.0 972.7 13.0 6.6 296.0 Rio_Grande_do_Sul DCRS -999.9 0.0 0.0 601.0 601.08 600.92 -1 0.05 601.28 601.96 601.96 601.96
-28.798800 -50.429798 DCRS-00086 2026-09-14_17:10 14.2 -999.9 -999.9 87.1 -999.9 -999.9 12.1 -999.9 -999.9 971.7 -999.9 -999.9 8.0 -999.9 10.9 39.0 0.0 0.0 0.0 0.0 39.4 41.8 16.2 8.6 91.7 68.2 10.9 DCRS_-_Bom_Jesus/Jaquirana_(606_m) -999.9 -999.9 980.5 950.0 971.7 13.0 6.6 296.0 Rio_Grande_do_Sul DCRS -999.9 0.0 0.0 600.99 601.08 600.92 -1 -0.02 601.28 601.96 601.96 601.96
-28.798800 -50.429798 DCRS-00086 2026-09-14_17:11 14.2 -999.9 -999.9 87.5 -999.9 -999.9 12.1 -999.9 -999.9 971.7 -999.9 -999.9 8.2 -999.9 10.9 41.0 0.0 0.0 0.0 0.0 39.4 41.8 16.2 8.6 91.7 68.2 10.9 DCRS_-_Bom_Jesus/Jaquirana_(606_m) -999.9 -999.9 980.5 950.0 971.7 13.0 6.6 296.0 Rio_Grande_do_Sul DCRS -999.9 0.0 0.0 600.98 601.08 600.92 -1 0.01 601.28 601.96 601.96 601.96
-28.798800 -50.429798 DCRS-00086 2026-09-14_17:12 14.0 -999.9 -999.9 87.8 -999.9 -999.9 12.0 -999.9 -999.9 972.0 -999.9 -999.9 10.0 -999.9 10.9 44.0 0.0 0.0 0.0 0.0 39.4 41.8 16.2 8.6 91.7 68.2 10.9 DCRS_-_Bom_Jesus/Jaquirana_(606_m) -999.9 -999.9 980.5 950.0 972.0 13.0 6.6 296.0 Rio_Grande_do_Sul DCRS -999.9 0.0 0.0 600.96 601.08 600.92 -1 -0.05 601.28 601.96 601.96 601.96
-28.798800 -50.429798 DCRS-00086 2026-09-14_17:13 14.1 -999.9 -999.9 87.8 -999.9 -999.9 12.1 -999.9 -999.9 972.0 -999.9 -999.9 6.0 -999.9 10.9 73.0 0.0 0.0 0.0 0.0 39.4 41.8 16.2 8.6 91.7 68.2 10.9 DCRS_-_Bom_Jesus/Jaquirana_(606_m) -999.9 -999.9 980.5 950.0 972.0 13.0 6.6 296.0 Rio_Grande_do_Sul DCRS -999.9 0.0 0.0 600.98 601.08 600.92 -1 -0.01 601.28 601.96 601.96 601.96
-28.798800 -50.429798 DCRS-00086 2026-09-14_17:14 14.1 -999.9 -999.9 87.9 -999.9 -999.9 12.1 -999.9 -999.9 972.4 -999.9 -999.9 6.4 -999.9 10.9 62.0 0.0 0.0 0.0 0.0 39.4 41.8 16.2 8.6 91.7 68.2 10.9 DCRS_-_Bom_Jesus/Jaquirana_(606_m) -999.9 -999.9 980.5 950.0 972.4 13.0 6.6 296.0 Rio_Grande_do_Sul DCRS -999.9 0.0 0.0 600.99 601.08 600.92 -1 0.0 601.28 601.96 601.96 601.96
-28.798800 -50.429798 DCRS-00086 2026-09-14_17:15 14.1 -999.9 -999.9 87.8 -999.9 -999.9 12.1 -999.9 -999.9 972.4 -999.9 -999.9 6.0 -999.9 10.8 55.0 0.0 0.0 0.0 0.0 39.4 41.8 16.2 8.6 91.7 68.2 10.9 DCRS_-_Bom_Jesus/Jaquirana_(606_m) -999.9 -999.9 980.5 950.0 972.4 13.0 6.6 296.0 Rio_Grande_do_Sul DCRS -999.9 0.0 0.0 601.0 601.08 600.92 -1 0.0 601.28 601.96 601.96 601.96
-28.798800 -50.429798 DCRS-00086 2026-09-14_17:16 14.1 -999.9 -999.9 87.8 -999.9 -999.9 12.1 -999.9 -999.9 972.5 -999.9 -999.9 7.2 -999.9 10.8 62.0 0.0 0.0 0.0 0.0 39.4 41.8 16.2 8.6 91.7 68.2 10.9 DCRS_-_Bom_Jesus/Jaquirana_(606_m) -999.9 -999.9 980.5 950.0 972.5 13.0 6.6 296.0 Rio_Grande_do_Sul DCRS -999.9 0.0 0.0 601.0 601.08 600.92 -1 0.0 601.28 601.96 601.96 601.96
-28.798800 -50.429798 DCRS-00086 2026-09-14_17:17 14.1 -999.9 -999.9 88.3 -999.9 -999.9 12.2 -999.9 -999.9 973.2 -999.9 -999.9 4.8 -999.9 10.8 76.0 0.0 0.0 0.0 0.0 39.4 41.8 16.2 8.6 91.7 68.2 10.9 DCRS_-_Bom_Jesus/Jaquirana_(606_m) -999.9 -999.9 980.5 950.0 973.2 13.0 6.6 296.0 Rio_Grande_do_Sul DCRS -999.9 0.0 0.0 601.01 601.08 600.92 -1 0.01 601.28 601.96 601.96 601.96
-28.798800 -50.429798 DCRS-00086 2026-09-14_17:18 14.1 -999.9 -999.9 88.8 -999.9 -999.9 12.3 -999.9 -999.9 974.1 -999.9 -999.9 4.7 -999.9 10.8 76.0 0.0 0.0 0.0 0.0 39.4 41.8 16.2 8.6 91.7 68.2 10.9 DCRS_-_Bom_Jesus/Jaquirana_(606_m) -999.9 -999.9 980.5 950.0 974.1 13.0 6.6 296.0 Rio_Grande_do_Sul DCRS -999.9 0.0 0.0 600.99 601.08 600.92 -1 -0.01 601.28 601.96 601.96 601.96
-28.798800 -50.429798 DCRS-00086 2026-09-14_17:19 14.1 -999.9 -999.9 89.1 -999.9 -999.9 12.3 -999.9 -999.9 974.8 -999.9 -999.9 5.7 -999.9 10.8 70.0 0.0 0.0 0.0 0.0 39.4 41.8 16.2 8.6 91.7 68.2 10.9 DCRS_-_Bom_Jesus/Jaquirana_(606_m) -999.9 -999.9 980.5 950.0 974.8 13.0 6.6 296.0 Rio_Grande_do_Sul DCRS -999.9 0.0 0.0 601.0 601.08 600.92 -1 0.0 601.28 601.96 601.96 601.96
-28.798800 -50.429798 DCRS-00086 2026-09-14_17:20 14.2 -999.9 -999.9 89.2 -999.9 -999.9 12.4 -999.9 -999.9 975.8 -999.9 -999.9 4.1 -999.9 9.3 68.0 0.0 0.0 0.0 0.0 39.4 41.8 16.2 8.6 91.7 68.2 10.9 DCRS_-_Bom_Jesus/Jaquirana_(606_m) -999.9 -999.9 980.5 950.0 975.8 13.0 6.6 296.0 Rio_Grande_do_Sul DCRS -999.9 0.0 0.0 600.96 601.08 600.92 -1 -0.04 601.28 601.96 601.96 601.96
-28.798800 -50.429798 DCRS-00086 2026-09-14_17:21 14.2 -999.9 -999.9 89.5 -999.9 -999.9 12.5 -999.9 -999.9 976.8 -999.9 -999.9 6.0 -999.9 9.3 77.0 0.0 0.0 0.0 0.0 39.4 41.8 16.2 8.6 91.7 68.2 10.9 DCRS_-_Bom_Jesus/Jaquirana_(606_m) -999.9 -999.9 980.5 950.0 976.8 13.0 6.6 296.0 Rio_Grande_do_Sul DCRS -999.9 0.0 0.0 600.97 601.08 600.92 -1 0.0 601.28 601.96 601.96 601.96
-28.798800 -50.429798 DCRS-00086 2026-09-14_17:22 14.2 -999.9 -999.9 89.4 -999.9 -999.9 12.5 -999.9 -999.9 976.9 -999.9 -999.9 6.0 -999.9 9.3 74.0 0.0 0.0 0.0 0.0 39.4 41.8 16.2 8.6 91.7 68.2 10.9 DCRS_-_Bom_Jesus/Jaquirana_(606_m) -999.9 -999.9 980.5 950.0 976.9 13.0 6.6 296.0 Rio_Grande_do_Sul DCRS -999.9 0.0 0.0 600.98 601.08 600.92 -1 0.0 601.28 601.96 601.96 601.96
-28.798800 -50.429798 DCRS-00086 2026-09-14_17:23 14.2 -999.9 -999.9 89.1 -999.9 -999.9 12.4 -999.9 -999.9 977.0 -999.9 -999.9 6.7 -999.9 9.3 64.0 0.0 0.0 0.0 0.0 39.4 41.8 16.2 8.6 91.7 68.2 10.9 DCRS_-_Bom_Jesus/Jaquirana_(606_m) -999.9 -999.9 980.5 950.0 977.0 13.0 6.6 296.0 Rio_Grande_do_Sul DCRS -999.9 0.0 0.0 600.97 601.08 600.92 -1 -0.01 601.28 601.96 601.96 601.96
-28.798800 -50.429798 DCRS-00086 2026-09-14_17:24 14.2 -999.9 -999.9 88.9 -999.9 -999.9 12.4 -999.9 -999.9 976.6 -999.9 -999.9 6.1 -999.9 9.3 58.0 0.0 0.0 0.0 0.0 39.4 41.8 16.2 8.6 91.7 68.2 10.9 DCRS_-_Bom_Jesus/Jaquirana_(606_m) -999.9 -999.9 980.5 950.0 976.6 13.0 6.6 296.0 Rio_Grande_do_Sul DCRS -999.9 0.0 0.0 600.98 601.08 600.92 -1 0.0 601.28 601.96 601.96 601.96
-28.798800 -50.429798 DCRS-00086 2026-09-14_17:25 14.1 -999.9 -999.9 88.8 -999.9 -999.9 12.3 -999.9 -999.9 976.3 -999.9 -999.9 6.1 -999.9 7.2 48.0 0.0 0.0 0.0 0.0 39.4 41.8 16.2 8.6 91.7 68.2 10.9 DCRS_-_Bom_Jesus/Jaquirana_(606_m) -999.9 -999.9 980.5 950.0 976.3 13.0 6.6 296.0 Rio_Grande_do_Sul DCRS -999.9 0.0 0.0 600.98 601.08 600.92 -1 -0.01 601.28 601.96 601.96 601.96
-28.798800 -50.429798 DCRS-00086 2026-09-14_17:26 14.1 -999.9 -999.9 88.6 -999.9 -999.9 12.2 -999.9 -999.9 975.8 -999.9 -999.9 6.0 -999.9 7.2 44.0 0.0 0.0 0.0 0.0 39.4 41.8 16.2 8.6 91.7 68.2 10.9 DCRS_-_Bom_Jesus/Jaquirana_(606_m) -999.9 -999.9 980.5 950.0 975.8 13.0 6.6 296.0 Rio_Grande_do_Sul DCRS -999.9 0.0 0.0 600.99 601.08 600.92 -1 -0.01 601.28 601.96 601.96 601.96
-28.798800 -50.429798 DCRS-00086 2026-09-14_17:27 14.0 -999.9 -999.9 88.8 -999.9 -999.9 12.2 -999.9 -999.9 975.8 -999.9 -999.9 5.5 -999.9 7.2 40.0 0.0 0.0 0.0 0.0 39.4 41.8 16.2 8.6 91.7 68.2 10.9 DCRS_-_Bom_Jesus/Jaquirana_(606_m) -999.9 -999.9 980.5 950.0 975.8 13.0 6.6 296.0 Rio_Grande_do_Sul DCRS -999.9 0.0 0.0 600.96 601.08 600.92 -1 -0.02 601.28 601.96 601.96 601.96
-28.798800 -50.429798 DCRS-00086 2026-09-14_17:28 14.1 -999.9 -999.9 88.8 -999.9 -999.9 12.3 -999.9 -999.9 975.8 -999.9 -999.9 6.7 -999.9 7.2 38.0 0.0 0.0 0.0 0.0 39.4 41.8 16.2 8.6 91.7 68.2 10.9 DCRS_-_Bom_Jesus/Jaquirana_(606_m) -999.9 -999.9 980.5 950.0 975.8 13.0 6.6 296.0 Rio_Grande_do_Sul DCRS -999.9 0.0 0.0 600.98 601.08 600.92 -1 0.0 601.28 601.96 601.96 601.96
-28.798800 -50.429798 DCRS-00086 2026-09-14_17:29 14.0 -999.9 -999.9 88.8 -999.9 -999.9 12.2 -999.9 -999.9 975.4 -999.9 -999.9 6.7 -999.9 7.2 35.0 0.0 0.0 0.0 0.0 39.4 41.8 16.2 8.6 91.7 68.2 10.9 DCRS_-_Bom_Jesus/Jaquirana_(606_m) -999.9 -999.9 980.5 950.0 975.4 13.0 6.6 296.0 Rio_Grande_do_Sul DCRS -999.9 0.0 0.0 601.01 601.08 600.92 -1 0.01 601.28 601.96 601.96 601.96
-28.798800 -50.429798 DCRS-00086 2026-09-14_17:30 13.9 -999.9 -999.9 89.1 -999.9 -999.9 12.1 -999.9 -999.9 975.7 -999.9 -999.9 7.0 -999.9 8.2 32.0 0.0 0.0 0.0 0.0 39.4 41.8 16.2 8.6 91.7 68.2 10.9 DCRS_-_Bom_Jesus/Jaquirana_(606_m) -999.9 -999.9 980.5 950.0 975.7 13.0 6.6 296.0 Rio_Grande_do_Sul DCRS -999.9 0.0 0.0 601.0 601.08 600.92 -1 -0.01 601.28 601.96 601.96 601.96
-28.798800 -50.429798 DCRS-00086 2026-09-14_17:31 13.9 -999.9 -999.9 89.4 -999.9 -999.9 12.2 -999.9 -999.9 976.1 -999.9 -999.9 6.2 -999.9 8.2 29.0 0.0 0.0 0.0 0.0 39.4 41.8 16.2 8.6 91.7 68.2 10.9 DCRS_-_Bom_Jesus/Jaquirana_(606_m) -999.9 -999.9 980.5 950.0 976.1 13.0 6.6 296.0 Rio_Grande_do_Sul DCRS -999.9 0.0 0.0 601.0 601.08 600.92 -1 -0.01 601.28 601.96 601.96 601.96
-28.798800 -50.429798 DCRS-00086 2026-09-14_17:32 13.9 -999.9 -999.9 89.6 -999.9 -999.9 12.2 -999.9 -999.9 976.5 -999.9 -999.9 5.6 -999.9 8.2 27.0 0.0 0.0 0.0 0.0 39.4 41.8 16.2 8.6 91.7 68.2 10.9 DCRS_-_Bom_Jesus/Jaquirana_(606_m) -999.9 -999.9 980.5 950.0 976.5 13.0 6.6 296.0 Rio_Grande_do_Sul DCRS -999.9 0.0 0.0 601.0 601.08 600.92 -1 0.01 601.28 601.96 601.96 601.96
-28.798800 -50.429798 DCRS-00086 2026-09-14_17:33 13.9 -999.9 -999.9 89.6 -999.9 -999.9 12.2 -999.9 -999.9 976.8 -999.9 -999.9 6.5 -999.9 8.2 28.0 0.0 0.0 0.0 0.0 39.4 41.8 16.2 8.6 91.7 68.2 10.9 DCRS_-_Bom_Jesus/Jaquirana_(606_m) -999.9 -999.9 980.5 950.0 976.8 13.0 6.6 296.0 Rio_Grande_do_Sul DCRS -999.9 0.0 0.0 600.97 601.08 600.92 -1 -0.04 601.28 601.96 601.96 601.96
-28.798800 -50.429798 DCRS-00086 2026-09-14_17:34 13.8 -999.9 -999.9 89.7 -999.9 -999.9 12.1 -999.9 -999.9 977.0 -999.9 -999.9 6.2 -999.9 8.2 30.0 0.0 0.0 0.0 0.0 39.4 41.8 16.2 8.6 91.7 68.2 10.9 DCRS_-_Bom_Jesus/Jaquirana_(606_m) -999.9 -999.9 980.5 950.0 977.0 13.0 6.6 296.0 Rio_Grande_do_Sul DCRS -999.9 0.0 0.0 600.98 601.08 600.92 -1 -0.02 601.28 601.96 601.96 601.96
-28.798800 -50.429798 DCRS-00086 2026-09-14_17:35 13.8 -999.9 -999.9 89.8 -999.9 -999.9 12.1 -999.9 -999.9 977.1 -999.9 -999.9 6.6 -999.9 8.2 31.0 0.0 0.0 0.0 0.0 39.4 41.8 16.2 8.6 91.7 68.2 10.9 DCRS_-_Bom_Jesus/Jaquirana_(606_m) -999.9 -999.9 980.5 950.0 977.1 13.0 6.6 296.0 Rio_Grande_do_Sul DCRS -999.9 0.0 0.0 601.01 601.08 600.92 -1 -0.01 601.28 601.96 601.96 601.96
-28.798800 -50.429798 DCRS-00086 2026-09-14_17:36 13.8 -999.9 -999.9 89.8 -999.9 -999.9 12.1 -999.9 -999.9 977.2 -999.9 -999.9 6.5 -999.9 8.2 32.0 0.0 0.0 0.0 0.0 39.4 41.8 16.2 8.6 91.7 68.2 10.9 DCRS_-_Bom_Jesus/Jaquirana_(606_m) -999.9 -999.9 980.5 950.0 977.2 13.0 6.6 296.0 Rio_Grande_do_Sul DCRS -999.9 0.0 0.0 601.0 601.08 600.92 0 0.01 601.28 601.96 601.96 601.96
-28.798800 -50.429798 DCRS-00086 2026-09-14_17:37 13.8 -999.9 -999.9 89.9 -999.9 -999.9 12.2 -999.9 -999.9 977.4 -999.9 -999.9 3.8 -999.9 8.2 30.0 0.0 0.0 0.0 0.0 39.4 41.8 16.2 8.6 91.7 68.2 10.9 DCRS_-_Bom_Jesus/Jaquirana_(606_m) -999.9 -999.9 980.5 950.0 977.4 13.0 6.6 296.0 Rio_Grande_do_Sul DCRS -999.9 0.0 0.0 600.98 601.08 600.92 0 -0.03 601.28 601.96 601.96 601.96
-28.798800 -50.429798 DCRS-00086 2026-09-14_17:38 13.8 -999.9 -999.9 90.5 -999.9 -999.9 12.3 -999.9 -999.9 978.3 -999.9 -999.9 2.7 -999.9 8.2 28.0 0.0 0.0 0.0 0.0 39.4 41.8 16.2 8.6 91.7 68.2 10.9 DCRS_-_Bom_Jesus/Jaquirana_(606_m) -999.9 -999.9 980.5 950.0 978.3 13.0 6.6 296.0 Rio_Grande_do_Sul DCRS -999.9 0.0 0.0 600.99 601.08 600.92 0 -0.02 601.28 601.96 601.96 601.96
-28.798800 -50.429798 DCRS-00086 2026-09-14_17:39 13.8 -999.9 -999.9 90.7 -999.9 -999.9 12.3 -999.9 -999.9 979.2 -999.9 -999.9 4.2 -999.9 8.2 26.0 0.0 0.0 0.0 0.0 39.4 41.8 16.2 8.6 91.7 68.2 10.9 DCRS_-_Bom_Jesus/Jaquirana_(606_m) -999.9 -999.9 980.5 950.0 979.2 13.0 6.6 296.0 Rio_Grande_do_Sul DCRS -999.9 0.0 0.0 600.99 601.08 600.92 0 0.0 601.28 601.96 601.96 601.96
-28.798800 -50.429798 DCRS-00086 2026-09-14_17:40 13.8 -999.9 -999.9 90.0 -999.9 -999.9 12.2 -999.9 -999.9 979.1 -999.9 -999.9 4.9 -999.9 7.0 26.0 0.0 0.0 0.0 0.0 39.4 41.8 16.2 8.6 91.7 68.2 10.9 DCRS_-_Bom_Jesus/Jaquirana_(606_m) -999.9 -999.9 980.5 950.0 979.1 13.0 6.6 296.0 Rio_Grande_do_Sul DCRS -999.9 0.0 0.0 601.0 601.08 600.92 0 0.0 601.28 601.96 601.96 601.96
-28.798800 -50.429798 DCRS-00086 2026-09-14_17:41 13.8 -999.9 -999.9 89.5 -999.9 -999.9 12.1 -999.9 -999.9 978.4 -999.9 -999.9 4.3 -999.9 7.0 27.0 0.0 0.0 0.0 0.0 39.4 41.8 16.2 8.6 91.7 68.2 10.9 DCRS_-_Bom_Jesus/Jaquirana_(606_m) -999.9 -999.9 980.5 950.0 978.4 13.0 6.6 296.0 Rio_Grande_do_Sul DCRS -999.9 0.0 0.0 600.98 601.08 600.92 0 -0.01 601.28 601.96 601.96 601.96
-28.798800 -50.429798 DCRS-00086 2026-09-14_17:42 13.8 -999.9 -999.9 89.5 -999.9 -999.9 12.1 -999.9 -999.9 977.9 -999.9 -999.9 3.8 -999.9 7.0 28.0 0.0 0.0 0.0 0.0 39.4 41.8 16.2 8.6 91.7 68.2 10.9 DCRS_-_Bom_Jesus/Jaquirana_(606_m) -999.9 -999.9 980.5 950.0 977.9 13.0 6.6 296.0 Rio_Grande_do_Sul DCRS -999.9 0.0 0.0 600.99 601.08 600.92 0 -0.02 601.28 601.96 601.96 601.96
-28.798800 -50.429798 DCRS-00086 2026-09-14_17:43 13.8 -999.9 -999.9 89.7 -999.9 -999.9 12.1 -999.9 -999.9 978.1 -999.9 -999.9 3.9 -999.9 7.0 28.0 0.2 0.0 0.0 0.0 39.4 41.8 16.2 8.6 91.7 68.2 10.9 DCRS_-_Bom_Jesus/Jaquirana_(606_m) -999.9 -999.9 980.5 950.0 978.1 13.0 6.6 296.0 Rio_Grande_do_Sul DCRS -999.9 0.0 0.0 601.0 601.08 600.92 0 0.01 601.28 601.96 601.96 601.96
-28.798800 -50.429798 DCRS-00086 2026-09-14_17:44 13.8 -999.9 -999.9 89.2 -999.9 -999.9 12.0 -999.9 -999.9 977.3 -999.9 -999.9 2.4 -999.9 7.0 28.0 0.2 0.0 0.0 0.0 39.4 41.8 16.2 8.6 91.7 68.2 10.9 DCRS_-_Bom_Jesus/Jaquirana_(606_m) -999.9 -999.9 980.5 950.0 977.3 13.0 6.6 296.0 Rio_Grande_do_Sul DCRS -999.9 0.0 0.0 601.01 601.08 600.92 0 0.0 601.28 601.96 601.96 601.96
-28.798800 -50.429798 DCRS-00086 2026-09-14_17:45 13.8 -999.9 -999.9 89.6 -999.9 -999.9 12.1 -999.9 -999.9 977.3 -999.9 -999.9 3.2 -999.9 5.3 27.0 0.2 0.0 0.0 0.0 39.4 41.8 16.2 8.6 91.7 68.2 10.9 DCRS_-_Bom_Jesus/Jaquirana_(606_m) -999.9 -999.9 980.5 950.0 977.3 13.0 6.6 296.0 Rio_Grande_do_Sul DCRS -999.9 0.0 0.0 600.99 601.08 600.92 0 0.0 601.28 601.96 601.96 601.96
-28.798800 -50.429798 DCRS-00086 2026-09-14_17:46 13.8 -999.9 -999.9 90.0 -999.9 -999.9 12.2 -999.9 -999.9 977.9 -999.9 -999.9 3.6 -999.9 5.3 24.0 0.2 0.0 0.0 0.0 39.4 41.8 16.2 8.6 91.7 68.2 10.9 DCRS_-_Bom_Jesus/Jaquirana_(606_m) -999.9 -999.9 980.5 950.0 977.9 13.0 6.6 296.0 Rio_Grande_do_Sul DCRS -999.9 0.0 0.0 600.98 601.08 600.92 0 -0.02 601.28 601.96 601.96 601.96
-28.798800 -50.429798 DCRS-00086 2026-09-14_17:47 13.8 -999.9 -999.9 90.5 -999.9 -999.9 12.3 -999.9 -999.9 978.8 -999.9 -999.9 3.8 -999.9 5.3 22.0 0.2 0.0 0.0 0.0 39.4 41.8 16.2 8.6 91.7 68.2 10.9 DCRS_-_Bom_Jesus/Jaquirana_(606_m) -999.9 -999.9 980.5 950.0 978.8 13.0 6.6 296.0 Rio_Grande_do_Sul DCRS -999.9 0.0 0.0 600.99 601.08 600.92 1 0.0 601.28 601.96 601.96 601.96
-28.798800 -50.429798 DCRS-00086 2026-09-14_17:48 13.8 -999.9 -999.9 90.6 -999.9 -999.9 12.3 -999.9 -999.9 979.3 -999.9 -999.9 3.3 -999.9 5.3 20.0 0.2 0.0 0.0 0.0 39.4 41.8 16.2 8.6 91.7 68.2 10.9 DCRS_-_Bom_Jesus/Jaquirana_(606_m) -999.9 -999.9 980.5 950.0 979.3 13.0 6.6 296.0 Rio_Grande_do_Sul DCRS -999.9 0.0 0.0 600.98 601.08 600.92 1 -0.02 601.28 601.96 601.96 601.96
-28.798800 -50.429798 DCRS-00086 2026-09-14_17:49 13.8 -999.9 -999.9 90.8 -999.9 -999.9 12.3 -999.9 -999.9 979.8 -999.9 -999.9 3.2 -999.9 5.3 17.0 0.2 0.0 0.0 0.0 39.4 41.8 16.2 8.6 91.7 68.2 10.9 DCRS_-_Bom_Jesus/Jaquirana_(606_m) -999.9 -999.9 980.5 950.0 979.8 13.0 6.6 296.0 Rio_Grande_do_Sul DCRS -999.9 0.0 0.0 600.99 601.08 600.92 1 0.01 601.28 601.96 601.96 601.96
-28.798800 -50.429798 DCRS-00086 2026-09-14_17:50 13.8 -999.9 -999.9 91.1 -999.9 -999.9 12.4 -999.9 -999.9 980.6 -999.9 -999.9 3.8 -999.9 3.9 15.0 0.2 0.0 0.0 0.0 39.4 41.8 16.2 8.6 91.7 68.2 10.9 DCRS_-_Bom_Jesus/Jaquirana_(606_m) -999.9 -999.9 980.6 950.0 980.6 13.0 6.6 296.0 Rio_Grande_do_Sul DCRS -999.9 0.0 0.0 601.0 601.08 600.92 1 0.02 601.28 601.96 601.96 601.96
-28.798800 -50.429798 DCRS-00086 2026-09-14_17:51 13.8 -999.9 -999.9 91.2 -999.9 -999.9 12.4 -999.9 -999.9 981.2 -999.9 -999.9 -999.9 -999.9 3.9 13.0 0.2 0.0 0.0 0.0 39.4 41.8 16.2 8.6 91.7 68.2 10.9 DCRS_-_Bom_Jesus/Jaquirana_(606_m) -999.9 -999.9 981.2 950.0 981.2 13.0 6.6 296.0 Rio_Grande_do_Sul DCRS -999.9 0.0 0.0 601.0 601.08 600.92 1 0.01 601.28 601.96 601.96 601.96
-28.798800 -50.429798 DCRS-00086 2026-09-14_17:52 13.8 -999.9 -999.9 91.3 -999.9 -999.9 12.4 -999.9 -999.9 981.4 -999.9 -999.9 3.7 -999.9 3.9 12.0 0.4 0.0 0.0 0.0 39.4 41.8 16.2 8.6 91.7 68.2 10.9 DCRS_-_Bom_Jesus/Jaquirana_(606_m) -999.9 -999.9 981.4 950.0 981.4 13.0 6.6 296.0 Rio_Grande_do_Sul DCRS -999.9 0.0 0.0 601.0 601.08 600.92 1 0.01 601.28 601.96 601.96 601.96
-28.798800 -50.429798 DCRS-00086 2026-09-14_17:53 13.7 -999.9 -999.9 91.2 -999.9 -999.9 12.3 -999.9 -999.9 981.5 -999.9 -999.9 3.4 -999.9 3.9 11.0 0.4 0.0 0.0 0.0 39.4 41.8 16.2 8.6 91.7 68.2 10.9 DCRS_-_Bom_Jesus/Jaquirana_(606_m) -999.9 -999.9 981.5 950.0 981.5 13.0 6.6 296.0 Rio_Grande_do_Sul DCRS -999.9 0.0 0.0 601.0 601.08 600.92 1 -0.01 601.28 601.96 601.96 601.96
-28.798800 -50.429798 DCRS-00086 2026-09-14_17:54 13.7 -999.9 -999.9 91.1 -999.9 -999.9 12.3 -999.9 -999.9 981.4 -999.9 -999.9 2.3 -999.9 3.9 10.0 0.4 0.0 0.0 0.0 39.4 41.8 16.2 8.6 91.7 68.2 10.9 DCRS_-_Bom_Jesus/Jaquirana_(606_m) -999.9 -999.9 981.5 950.0 981.4 13.0 6.6 296.0 Rio_Grande_do_Sul DCRS -999.9 0.0 0.0 600.98 601.08 600.92 1 -0.02 601.28 601.96 601.96 601.96
-28.798800 -50.429798 DCRS-00086 2026-09-14_17:55 13.7 -999.9 -999.9 91.3 -999.9 -999.9 12.3 -999.9 -999.9 981.5 -999.9 -999.9 3.4 -999.9 4.6 9.0 0.4 0.0 0.0 0.0 39.4 41.8 16.2 8.6 91.7 68.2 10.9 DCRS_-_Bom_Jesus/Jaquirana_(606_m) -999.9 -999.9 981.5 950.0 981.5 13.0 6.6 296.0 Rio_Grande_do_Sul DCRS -999.9 0.0 0.0 600.99 601.08 600.92 1 -0.01 601.28 601.96 601.96 601.96
-28.798800 -50.429798 DCRS-00086 2026-09-14_17:56 13.7 -999.9 -999.9 91.4 -999.9 -999.9 12.3 -999.9 -999.9 981.7 -999.9 -999.9 3.0 -999.9 4.6 8.0 0.4 0.0 0.0 0.0 39.4 41.8 16.2 8.6 91.7 68.2 10.9 DCRS_-_Bom_Jesus/Jaquirana_(606_m) -999.9 -999.9 981.7 950.0 981.7 13.0 6.6 296.0 Rio_Grande_do_Sul DCRS -999.9 0.0 0.0 601.01 601.08 600.92 1 0.07 601.28 601.96 601.96 601.96
-28.798800 -50.429798 DCRS-00086 2026-09-14_17:57 13.7 -999.9 -999.9 91.4 -999.9 -999.9 12.3 -999.9 -999.9 981.8 -999.9 -999.9 2.6 -999.9 4.6 7.0 0.4 0.0 0.0 0.0 39.4 41.8 16.2 8.6 91.7 68.2 10.9 DCRS_-_Bom_Jesus/Jaquirana_(606_m) -999.9 -999.9 981.8 950.0 981.8 13.0 6.6 296.0 Rio_Grande_do_Sul DCRS -999.9 0.0 0.0 601.0 601.08 600.92 1 0.02 601.28 601.96 601.96 601.96
-28.798800 -50.429798 DCRS-00086 2026-09-14_17:58 13.6 -999.9 -999.9 91.4 -999.9 -999.9 12.2 -999.9 -999.9 981.9 -999.9 -999.9 2.9 -999.9 4.6 6.0 0.4 0.0 0.0 0.0 39.4 41.8 16.2 8.6 91.7 68.2 10.9 DCRS_-_Bom_Jesus/Jaquirana_(606_m) -999.9 -999.9 981.9 950.0 981.9 13.0 6.6 296.0 Rio_Grande_do_Sul DCRS -999.9 0.0 0.0 601.0 601.08 600.92 1 0.07 601.28 601.96 601.96 601.96
-28.798800 -50.429798 DCRS-00086 2026-09-14_17:59 13.6 -999.9 -999.9 91.6 -999.9 -999.9 12.2 -999.9 -999.9 982.1 -999.9 -999.9 2.7 -999.9 4.6 6.0 0.4 0.0 0.0 0.0 39.4 41.8 16.2 8.6 91.7 68.2 10.9 DCRS_-_Bom_Jesus/Jaquirana_(606_m) -999.9 -999.9 982.1 950.0 982.1 13.0 6.6 296.0 Rio_Grande_do_Sul DCRS -999.9 0.0 0.0 600.99 601.08 600.92 1 0.02 601.28 601.96 601.96 601.96
-28.798800 -50.429798 DCRS-00086 2026-09-14_18:00 13.6 -999.9 -999.9 91.7 -999.9 -999.9 12.3 -999.9 -999.9 982.3 -999.9 -999.9 2.5 -999.9 3.9 5.0 0.4 0.0 0.0 0.0 39.4 41.8 16.2 8.6 91.7 68.2 10.9 DCRS_-_Bom_Jesus/Jaquirana_(606_m) -999.9 -999.9 982.3 950.0 982.3 13.0 6.6 296.0 Rio_Grande_do_Sul DCRS -999.9 0.0 0.0 600.98 601.08 600.92 1 0.01 601.28 601.96 601.96 601.96
-28.798800 -50.429798 DCRS-00086 2026-09-14_18:01 13.5 -999.9 -999.9 91.8 -999.9 -999.9 12.2 -999.9 -999.9 982.5 -999.9 -999.9 3.0 -999.9 3.9 5.0 0.4 0.0 0.0 0.0 39.4 41.8 16.2 8.6 91.8 68.2 10.9 DCRS_-_Bom_Jesus/Jaquirana_(606_m) -999.9 -999.9 982.5 950.0 982.5 13.0 6.6 296.0 Rio_Grande_do_Sul DCRS -999.9 0.0 0.0 601.0 601.08 600.92 1 0.02 601.28 601.96 601.96 601.96
-28.798800 -50.429798 DCRS-00086 2026-09-14_18:02 13.5 -999.9 -999.9 91.9 -999.9 -999.9 12.2 -999.9 -999.9 982.7 -999.9 -999.9 3.2 -999.9 3.9 4.0 0.4 0.0 0.0 0.0 39.4 41.8 16.2 8.6 91.9 68.2 10.9 DCRS_-_Bom_Jesus/Jaquirana_(606_m) -999.9 -999.9 982.7 950.0 982.7 13.0 6.6 296.0 Rio_Grande_do_Sul DCRS -999.9 0.0 0.0 601.0 601.08 600.92 1 0.0 601.28 601.96 601.96 601.96
-28.798800 -50.429798 DCRS-00086 2026-09-14_18:03 13.5 -999.9 -999.9 92.1 -999.9 -999.9 12.2 -999.9 -999.9 983.1 -999.9 -999.9 0.0 -999.9 3.9 4.0 0.4 0.0 0.0 0.0 39.4 41.8 16.2 8.6 92.1 68.2 10.9 DCRS_-_Bom_Jesus/Jaquirana_(606_m) -999.9 -999.9 983.1 950.0 983.1 13.0 6.6 296.0 Rio_Grande_do_Sul DCRS -999.9 0.0 0.0 600.99 601.08 600.92 1 0.02 601.28 601.96 601.96 601.96
-28.798800 -50.429798 DCRS-00086 2026-09-14_18:04 13.5 -999.9 -999.9 92.0 -999.9 -999.9 12.2 -999.9 -999.9 983.2 -999.9 -999.9 3.6 -999.9 3.9 3.0 0.4 0.0 0.0 0.0 39.4 41.8 16.2 8.6 92.1 68.2 10.9 DCRS_-_Bom_Jesus/Jaquirana_(606_m) -999.9 -999.9 983.2 950.0 983.2 13.0 6.6 296.0 Rio_Grande_do_Sul DCRS -999.9 0.0 0.0 600.99 601.08 600.92 1 0.01 601.28 601.96 601.96 601.96
-28.798800 -50.429798 DCRS-00086 2026-09-14_18:05 13.4 -999.9 -999.9 92.2 -999.9 -999.9 12.1 -999.9 -999.9 983.5 -999.9 -999.9 4.0 -999.9 4.0 3.0 0.4 0.0 0.0 0.0 39.4 41.8 16.2 8.6 92.2 68.2 10.9 DCRS_-_Bom_Jesus/Jaquirana_(606_m) -999.9 -999.9 983.5 950.0 983.5 13.0 6.6 296.0 Rio_Grande_do_Sul DCRS -999.9 0.0 0.0 601.0 601.08 600.92 1 0.02 601.28 601.96 601.96 601.96
-28.798800 -50.429798 DCRS-00086 2026-09-14_18:06 13.5 -999.9 -999.9 92.3 -999.9 -999.9 12.3 -999.9 -999.9 983.8 -999.9 -999.9 -999.9 -999.9 4.0 3.0 0.4 0.0 0.0 0.0 39.4 41.8 16.2 8.6 92.3 68.2 10.9 DCRS_-_Bom_Jesus/Jaquirana_(606_m) -999.9 -999.9 983.8 950.0 983.8 13.0 6.6 296.0 Rio_Grande_do_Sul DCRS -999.9 0.0 0.0 600.99 601.08 600.92 1 0.07 601.28 601.96 601.96 601.96
-28.798800 -50.429798 DCRS-00086 2026-09-14_18:07 13.5 -999.9 -999.9 92.4 -999.9 -999.9 12.3 -999.9 -999.9 984.1 -999.9 -999.9 -999.9 -999.9 4.0 3.0 0.4 0.0 0.0 0.0 39.4 41.8 16.2 8.6 92.4 68.2 10.9 DCRS_-_Bom_Jesus/Jaquirana_(606_m) -999.9 -999.9 984.1 950.0 984.1 13.0 6.6 296.0 Rio_Grande_do_Sul DCRS -999.9 0.0 0.0 600.99 601.08 600.92 1 0.01 601.28 601.96 601.96 601.96
-28.798800 -50.429798 DCRS-00086 2026-09-14_18:08 13.4 -999.9 -999.9 92.4 -999.9 -999.9 12.2 -999.9 -999.9 984.3 -999.9 -999.9 -999.9 -999.9 4.0 3.0 0.4 0.0 0.0 0.0 39.4 41.8 16.2 8.6 92.4 68.2 10.9 DCRS_-_Bom_Jesus/Jaquirana_(606_m) -999.9 -999.9 984.3 950.0 984.3 13.0 6.6 296.0 Rio_Grande_do_Sul DCRS -999.9 0.0 0.0 601.0 601.08 600.92 0 0.0 601.28 601.96 601.96 601.96
-28.798800 -50.429798 DCRS-00086 2026-09-14_18:09 13.4 -999.9 -999.9 92.3 -999.9 -999.9 12.2 -999.9 -999.9 984.2 -999.9 -999.9 -999.9 -999.9 4.0 3.0 0.4 0.0 0.0 0.0 39.4 41.8 16.2 8.6 92.4 68.2 10.9 DCRS_-_Bom_Jesus/Jaquirana_(606_m) -999.9 -999.9 984.3 950.0 984.2 13.0 6.6 296.0 Rio_Grande_do_Sul DCRS -999.9 0.0 0.0 601.0 601.08 600.92 1 0.0 601.28 601.96 601.96 601.96
-28.798800 -50.429798 DCRS-00086 2026-09-14_18:10 13.5 -999.9 -999.9 92.2 -999.9 -999.9 12.2 -999.9 -999.9 984.2 -999.9 -999.9 4.4 -999.9 4.5 2.0 0.4 0.0 0.0 0.0 39.4 41.8 16.2 8.6 92.4 68.2 10.9 DCRS_-_Bom_Jesus/Jaquirana_(606_m) -999.9 -999.9 984.3 950.0 984.2 13.0 6.6 296.0 Rio_Grande_do_Sul DCRS -999.9 0.0 0.0 600.99 601.08 600.92 1 0.0 601.28 601.96 601.96 601.96
-28.798800 -50.429798 DCRS-00086 2026-09-14_18:11 13.4 -999.9 -999.9 92.3 -999.9 -999.9 12.2 -999.9 -999.9 984.1 -999.9 -999.9 4.1 -999.9 4.5 2.0 0.4 0.0 0.0 0.0 39.4 41.8 16.2 8.6 92.4 68.2 10.9 DCRS_-_Bom_Jesus/Jaquirana_(606_m) -999.9 -999.9 984.3 950.0 984.1 13.0 6.6 296.0 Rio_Grande_do_Sul DCRS -999.9 0.0 0.0 601.0 601.08 600.92 1 0.02 601.28 601.96 601.96 601.96
-28.798800 -50.429798 DCRS-00086 2026-09-14_18:12 13.4 -999.9 -999.9 92.1 -999.9 -999.9 12.1 -999.9 -999.9 983.9 -999.9 -999.9 4.3 -999.9 4.5 2.0 0.4 0.0 0.0 0.0 39.4 41.8 16.2 8.6 92.4 68.2 10.9 DCRS_-_Bom_Jesus/Jaquirana_(606_m) -999.9 -999.9 984.3 950.0 983.9 13.0 6.6 296.0 Rio_Grande_do_Sul DCRS -999.9 0.0 0.0 600.99 601.08 600.92 1 0.01 601.28 601.96 601.96 601.96
-28.798800 -50.429798 DCRS-00086 2026-09-14_18:13 13.5 -999.9 -999.9 92.1 -999.9 -999.9 12.2 -999.9 -999.9 983.9 -999.9 -999.9 4.3 -999.9 4.5 2.0 0.4 0.0 0.0 0.0 39.4 41.8 16.2 8.6 92.4 68.2 10.9 DCRS_-_Bom_Jesus/Jaquirana_(606_m) -999.9 -999.9 984.3 950.0 983.9 13.0 6.6 296.0 Rio_Grande_do_Sul DCRS -999.9 0.0 0.0 600.99 601.08 600.92 0 0.0 601.28 601.96 601.96 601.96
-28.798800 -50.429798 DCRS-00086 2026-09-14_18:14 13.5 -999.9 -999.9 92.2 -999.9 -999.9 12.2 -999.9 -999.9 983.8 -999.9 -999.9 4.3 -999.9 4.5 2.0 0.4 0.0 0.0 0.0 39.4 41.8 16.2 8.6 92.4 68.2 10.9 DCRS_-_Bom_Jesus/Jaquirana_(606_m) -999.9 -999.9 984.3 950.0 983.8 13.0 6.6 296.0 Rio_Grande_do_Sul DCRS -999.9 0.0 0.0 600.99 601.08 600.92 0 0.0 601.28 601.96 601.96 601.96
-28.798800 -50.429798 DCRS-00086 2026-09-14_18:15 13.5 -999.9 -999.9 92.2 -999.9 -999.9 12.2 -999.9 -999.9 983.8 -999.9 -999.9 4.1 -999.9 4.7 2.0 0.4 0.0 0.0 0.0 39.4 41.8 16.2 8.6 92.4 68.2 10.9 DCRS_-_Bom_Jesus/Jaquirana_(606_m) -999.9 -999.9 984.3 950.0 983.8 13.0 6.6 296.0 Rio_Grande_do_Sul DCRS -999.9 0.0 0.0 601.0 601.08 600.92 0 0.0 601.28 601.96 601.96 601.96
-28.798800 -50.429798 DCRS-00086 2026-09-14_18:16 13.4 -999.9 -999.9 92.3 -999.9 -999.9 12.2 -999.9 -999.9 983.8 -999.9 -999.9 -999.9 -999.9 4.7 1.0 0.4 0.0 0.0 0.0 39.4 41.8 16.2 8.6 92.4 68.2 10.9 DCRS_-_Bom_Jesus/Jaquirana_(606_m) -999.9 -999.9 984.3 950.0 983.8 13.0 6.6 296.0 Rio_Grande_do_Sul DCRS -999.9 0.0 0.0 600.97 601.08 600.92 0 -0.03 601.28 601.96 601.96 601.96
-28.798800 -50.429798 DCRS-00086 2026-09-14_18:17 13.4 -999.9 -999.9 92.3 -999.9 -999.9 12.2 -999.9 -999.9 983.7 -999.9 -999.9 -999.9 -999.9 4.7 1.0 0.2 0.0 0.0 0.0 39.4 41.8 16.2 8.6 92.4 68.2 10.9 DCRS_-_Bom_Jesus/Jaquirana_(606_m) -999.9 -999.9 984.3 950.0 983.7 13.0 6.6 296.0 Rio_Grande_do_Sul DCRS -999.9 0.0 0.0 601.0 601.08 600.92 0 -0.01 601.28 601.96 601.96 601.96
-28.798800 -50.429798 DCRS-00086 2026-09-14_18:18 13.3 -999.9 -999.9 92.4 -999.9 -999.9 12.1 -999.9 -999.9 983.7 -999.9 -999.9 4.5 -999.9 4.7 1.0 0.2 0.0 0.0 0.0 39.4 41.8 16.2 8.6 92.4 68.2 10.9 DCRS_-_Bom_Jesus/Jaquirana_(606_m) -999.9 -999.9 984.3 950.0 983.7 13.0 6.6 296.0 Rio_Grande_do_Sul DCRS -999.9 0.0 0.0 601.0 601.08 600.92 1 0.01 601.28 601.96 601.96 601.96
-28.798800 -50.429798 DCRS-00086 2026-09-14_18:19 13.3 -999.9 -999.9 92.5 -999.9 -999.9 12.1 -999.9 -999.9 983.8 -999.9 -999.9 4.1 -999.9 4.7 0.0 0.2 0.0 0.0 0.0 39.4 41.8 16.2 8.6 92.5 68.2 10.9 DCRS_-_Bom_Jesus/Jaquirana_(606_m) -999.9 -999.9 984.3 950.0 983.8 13.0 6.6 296.0 Rio_Grande_do_Sul DCRS -999.9 0.0 0.0 600.98 601.08 600.92 1 0.02 601.28 601.96 601.96 601.96
-28.798800 -50.429798 DCRS-00086 2026-09-14_18:20 13.4 -999.9 -999.9 92.6 -999.9 -999.9 12.2 -999.9 -999.9 983.9 -999.9 -999.9 4.1 -999.9 6.0 0.0 0.2 0.0 0.0 0.0 39.4 41.8 16.2 8.6 92.6 68.2 10.9 DCRS_-_Bom_Jesus/Jaquirana_(606_m) -999.9 -999.9 984.3 950.0 983.9 13.0 6.6 296.0 Rio_Grande_do_Sul DCRS -999.9 0.0 0.0 600.97 601.08 600.92 1 0.01 601.28 601.96 601.96 601.96
-28.798800 -50.429798 DCRS-00086 2026-09-14_18:21 13.3 -999.9 -999.9 92.7 -999.9 -999.9 12.1 -999.9 -999.9 984.1 -999.9 -999.9 4.4 -999.9 6.0 0.0 0.2 0.0 0.0 0.0 39.4 41.8 16.2 8.6 92.7 68.2 10.9 DCRS_-_Bom_Jesus/Jaquirana_(606_m) -999.9 -999.9 984.3 950.0 984.1 13.0 6.6 296.0 Rio_Grande_do_Sul DCRS -999.9 0.0 0.0 600.99 601.08 600.92 1 0.02 601.28 601.96 601.96 601.96
-28.798800 -50.429798 DCRS-00086 2026-09-14_18:22 13.3 -999.9 -999.9 92.7 -999.9 -999.9 12.1 -999.9 -999.9 984.1 -999.9 -999.9 4.3 -999.9 6.0 0.0 0.2 0.0 0.0 0.0 39.4 41.8 16.2 8.6 92.7 68.2 10.9 DCRS_-_Bom_Jesus/Jaquirana_(606_m) -999.9 -999.9 984.3 950.0 984.1 13.0 6.6 296.0 Rio_Grande_do_Sul DCRS -999.9 0.0 0.0 600.98 601.08 600.92 0 0.0 601.28 601.96 601.96 601.96
-28.798800 -50.429798 DCRS-00086 2026-09-14_18:23 13.3 -999.9 -999.9 92.8 -999.9 -999.9 12.1 -999.9 -999.9 984.3 -999.9 -999.9 4.7 -999.9 6.0 0.0 0.2 0.0 0.0 0.0 39.4 41.8 16.2 8.6 92.8 68.2 10.9 DCRS_-_Bom_Jesus/Jaquirana_(606_m) -999.9 -999.9 984.3 950.0 984.3 13.0 6.6 296.0 Rio_Grande_do_Sul DCRS -999.9 0.0 0.0 600.99 601.08 600.92 0 0.02 601.28 601.96 601.96 601.96
-28.798800 -50.429798 DCRS-00086 2026-09-14_18:24 13.3 -999.9 -999.9 92.8 -999.9 -999.9 12.1 -999.9 -999.9 984.4 -999.9 -999.9 4.3 -999.9 6.0 0.0 0.2 0.0 0.0 0.0 39.4 41.8 16.2 8.6 92.8 68.2 10.9 DCRS_-_Bom_Jesus/Jaquirana_(606_m) -999.9 -999.9 984.4 950.0 984.4 13.0 6.6 296.0 Rio_Grande_do_Sul DCRS -999.9 0.0 0.0 600.97 601.08 600.92 0 -0.01 601.28 601.96 601.96 601.96
-28.798800 -50.429798 DCRS-00086 2026-09-14_18:25 13.3 -999.9 -999.9 92.8 -999.9 -999.9 12.1 -999.9 -999.9 984.4 -999.9 -999.9 4.0 -999.9 5.3 0.0 0.2 0.0 0.0 0.0 39.4 41.8 16.2 8.6 92.8 68.2 10.9 DCRS_-_Bom_Jesus/Jaquirana_(606_m) -999.9 -999.9 984.4 950.0 984.4 13.0 6.6 296.0 Rio_Grande_do_Sul DCRS -999.9 0.0 0.0 600.94 601.08 600.92 0 -0.04 601.28 601.96 601.96 601.96
-28.798800 -50.429798 DCRS-00086 2026-09-14_18:26 13.3 -999.9 -999.9 92.9 -999.9 -999.9 12.2 -999.9 -999.9 984.5 -999.9 -999.9 4.6 -999.9 5.3 0.0 0.2 0.0 0.0 0.0 39.4 41.8 16.2 8.6 92.9 68.2 10.9 DCRS_-_Bom_Jesus/Jaquirana_(606_m) -999.9 -999.9 984.5 950.0 984.5 13.0 6.6 296.0 Rio_Grande_do_Sul DCRS -999.9 0.0 0.0 601.0 601.08 600.92 0 0.01 601.28 601.96 601.96 601.96
-28.798800 -50.429798 DCRS-00086 2026-09-14_18:27 13.3 -999.9 -999.9 93.1 -999.9 -999.9 12.2 -999.9 -999.9 984.8 -999.9 -999.9 4.1 -999.9 5.3 0.0 0.2 0.0 0.0 0.0 39.4 41.8 16.2 8.6 93.1 68.2 10.9 DCRS_-_Bom_Jesus/Jaquirana_(606_m) -999.9 -999.9 984.8 950.0 984.8 13.0 6.6 296.0 Rio_Grande_do_Sul DCRS -999.9 0.0 0.0 600.99 601.08 600.92 0 0.01 601.28 601.96 601.96 601.96
-28.798800 -50.429798 DCRS-00086 2026-09-14_18:28 13.3 -999.9 -999.9 93.1 -999.9 -999.9 12.2 -999.9 -999.9 985.1 -999.9 -999.9 4.3 -999.9 5.3 0.0 0.2 0.0 0.0 0.0 39.4 41.8 16.2 8.6 93.1 68.2 10.9 DCRS_-_Bom_Jesus/Jaquirana_(606_m) -999.9 -999.9 985.1 950.0 985.1 13.0 6.6 296.0 Rio_Grande_do_Sul DCRS -999.9 0.0 0.0 600.99 601.08 600.92 -1 -0.02 601.28 601.96 601.96 601.96
-28.798800 -50.429798 DCRS-00086 2026-09-14_18:29 13.3 -999.9 -999.9 93.2 -999.9 -999.9 12.2 -999.9 -999.9 985.4 -999.9 -999.9 4.3 -999.9 5.3 0.0 0.2 0.0 0.0 0.0 39.4 41.8 16.2 8.6 93.2 68.2 10.9 DCRS_-_Bom_Jesus/Jaquirana_(606_m) -999.9 -999.9 985.4 950.0 985.4 13.0 6.6 296.0 Rio_Grande_do_Sul DCRS -999.9 0.0 0.0 600.99 601.08 600.92 -1 -0.02 601.28 601.96 601.96 601.96
-28.798800 -50.429798 DCRS-00086 2026-09-14_18:30 13.3 -999.9 -999.9 93.1 -999.9 -999.9 12.2 -999.9 -999.9 985.4 -999.9 -999.9 4.6 -999.9 5.0 0.0 0.2 0.0 0.0 0.0 39.4 41.8 16.2 8.6 93.2 68.2 10.9 DCRS_-_Bom_Jesus/Jaquirana_(606_m) -999.9 -999.9 985.4 950.0 985.4 13.0 6.6 296.0 Rio_Grande_do_Sul DCRS -999.9 0.0 0.0 600.99 601.08 600.92 -1 -0.01 601.28 601.96 601.96 601.96
-28.798800 -50.429798 DCRS-00086 2026-09-14_18:31 13.2 -999.9 -999.9 93.1 -999.9 -999.9 12.1 -999.9 -999.9 985.2 -999.9 -999.9 4.8 -999.9 5.0 0.0 0.2 0.0 0.0 0.0 39.4 41.8 16.2 8.6 93.2 68.2 10.9 DCRS_-_Bom_Jesus/Jaquirana_(606_m) -999.9 -999.9 985.4 950.0 985.2 13.0 6.6 296.0 Rio_Grande_do_Sul DCRS -999.9 0.0 0.0 600.98 601.08 600.92 0 -0.02 601.28 601.96 601.96 601.96
-28.798800 -50.429798 DCRS-00086 2026-09-14_18:32 13.2 -999.9 -999.9 92.9 -999.9 -999.9 12.1 -999.9 -999.9 984.8 -999.9 -999.9 4.5 -999.9 5.0 0.0 0.2 0.0 0.0 0.0 39.4 41.8 16.2 8.6 93.2 68.2 10.9 DCRS_-_Bom_Jesus/Jaquirana_(606_m) -999.9 -999.9 985.4 950.0 984.8 13.0 6.6 296.0 Rio_Grande_do_Sul DCRS -999.9 0.0 0.0 600.99 601.08 600.92 0 -0.01 601.28 601.96 601.96 601.96
-28.798800 -50.429798 DCRS-00086 2026-09-14_18:33 13.2 -999.9 -999.9 93.0 -999.9 -999.9 12.1 -999.9 -999.9 984.7 -999.9 -999.9 4.6 -999.9 5.0 0.0 0.2 0.0 0.0 0.0 39.4 41.8 16.2 8.6 93.2 68.2 10.9 DCRS_-_Bom_Jesus/Jaquirana_(606_m) -999.9 -999.9 985.4 950.0 984.7 13.0 6.6 296.0 Rio_Grande_do_Sul DCRS -999.9 0.0 0.0 601.0 601.08 600.92 0 0.03 601.28 601.96 601.96 601.96
-28.798800 -50.429798 DCRS-00086 2026-09-14_18:34 13.2 -999.9 -999.9 93.0 -999.9 -999.9 12.1 -999.9 -999.9 984.7 -999.9 -999.9 4.8 -999.9 5.0 0.0 0.2 0.0 0.0 0.0 39.4 41.8 16.2 8.6 93.2 68.2 10.9 DCRS_-_Bom_Jesus/Jaquirana_(606_m) -999.9 -999.9 985.4 950.0 984.7 13.0 6.6 296.0 Rio_Grande_do_Sul DCRS -999.9 0.0 0.0 601.0 601.08 600.92 0 0.02 601.28 601.96 601.96 601.96
-28.798800 -50.429798 DCRS-00086 2026-09-14_18:35 13.2 -999.9 -999.9 93.0 -999.9 -999.9 12.1 -999.9 -999.9 984.8 -999.9 -999.9 4.3 -999.9 5.0 0.0 0.2 0.0 0.0 0.0 39.4 41.8 16.2 8.6 93.2 68.2 10.9 DCRS_-_Bom_Jesus/Jaquirana_(606_m) -999.9 -999.9 985.4 950.0 984.8 13.0 6.6 296.0 Rio_Grande_do_Sul DCRS -999.9 0.0 0.0 601.01 601.08 600.92 0 0.01 601.28 601.96 601.96 601.96
-28.798800 -50.429798 DCRS-00086 2026-09-14_18:36 13.2 -999.9 -999.9 93.1 -999.9 -999.9 12.1 -999.9 -999.9 984.8 -999.9 -999.9 4.4 -999.9 5.0 0.0 0.2 0.0 0.0 0.0 39.4 41.8 16.2 8.6 93.2 68.2 10.9 DCRS_-_Bom_Jesus/Jaquirana_(606_m) -999.9 -999.9 985.4 950.0 984.8 13.0 6.6 296.0 Rio_Grande_do_Sul DCRS -999.9 0.0 0.0 600.99 601.08 600.92 0 -0.01 601.28 601.96 601.96 601.96
-28.798800 -50.429798 DCRS-00086 2026-09-14_18:37 13.2 -999.9 -999.9 93.0 -999.9 -999.9 12.1 -999.9 -999.9 984.9 -999.9 -999.9 4.4 -999.9 5.0 0.0 0.2 0.0 0.0 0.0 39.4 41.8 16.2 8.6 93.2 68.2 10.9 DCRS_-_Bom_Jesus/Jaquirana_(606_m) -999.9 -999.9 985.4 950.0 984.9 13.0 6.6 296.0 Rio_Grande_do_Sul DCRS -999.9 0.0 0.0 600.99 601.08 600.92 0 0.0 601.28 601.96 601.96 601.96
-28.798800 -50.429798 DCRS-00086 2026-09-14_18:38 13.2 -999.9 -999.9 93.2 -999.9 -999.9 12.1 -999.9 -999.9 985.0 -999.9 -999.9 3.9 -999.9 5.0 0.0 0.2 0.0 0.0 0.0 39.4 41.8 16.2 8.6 93.2 68.2 10.9 DCRS_-_Bom_Jesus/Jaquirana_(606_m) -999.9 -999.9 985.4 950.0 985.0 13.0 6.6 296.0 Rio_Grande_do_Sul DCRS -999.9 0.0 0.0 601.01 601.08 600.92 0 0.02 601.28 601.96 601.96 601.96
-28.798800 -50.429798 DCRS-00086 2026-09-14_18:39 13.2 -999.9 -999.9 93.1 -999.9 -999.9 12.1 -999.9 -999.9 985.0 -999.9 -999.9 4.3 -999.9 5.0 0.0 0.0 0.0 0.0 0.0 39.4 41.8 16.2 8.6 93.2 68.2 10.9 DCRS_-_Bom_Jesus/Jaquirana_(606_m) -999.9 -999.9 985.4 950.0 985.0 13.0 6.6 296.0 Rio_Grande_do_Sul DCRS -999.9 0.0 0.0 600.99 601.08 600.92 0 0.0 601.28 601.96 601.96 601.96
-28.798800 -50.429798 DCRS-00086 2026-09-14_18:40 13.2 -999.9 -999.9 93.3 -999.9 -999.9 12.1 -999.9 -999.9 985.0 -999.9 -999.9 4.1 -999.9 5.2 0.0 0.0 0.0 0.0 0.0 39.4 41.8 16.2 8.6 93.3 68.2 10.9 DCRS_-_Bom_Jesus/Jaquirana_(606_m) -999.9 -999.9 985.4 950.0 985.0 13.0 6.6 296.0 Rio_Grande_do_Sul DCRS -999.9 0.0 0.0 600.98 601.08 600.92 0 -0.02 601.28 601.96 601.96 601.96
-28.798800 -50.429798 DCRS-00086 2026-09-14_18:41 13.2 -999.9 -999.9 93.2 -999.9 -999.9 12.1 -999.9 -999.9 985.1 -999.9 -999.9 4.4 -999.9 5.2 0.0 0.0 0.0 0.0 0.0 39.4 41.8 16.2 8.6 93.3 68.2 10.9 DCRS_-_Bom_Jesus/Jaquirana_(606_m) -999.9 -999.9 985.4 950.0 985.1 13.0 6.6 296.0 Rio_Grande_do_Sul DCRS -999.9 0.0 0.0 600.96 601.08 600.92 0 -0.02 601.28 601.96 601.96 601.96
-28.798800 -50.429798 DCRS-00086 2026-09-14_18:42 13.2 -999.9 -999.9 93.3 -999.9 -999.9 12.1 -999.9 -999.9 985.1 -999.9 -999.9 4.3 -999.9 5.2 0.0 0.0 0.0 0.0 0.0 39.4 41.8 16.2 8.6 93.3 68.2 10.9 DCRS_-_Bom_Jesus/Jaquirana_(606_m) -999.9 -999.9 985.4 950.0 985.1 13.0 6.6 296.0 Rio_Grande_do_Sul DCRS -999.9 0.0 0.0 600.97 601.08 600.92 0 -0.02 601.28 601.96 601.96 601.96
-28.798800 -50.429798 DCRS-00086 2026-09-14_18:43 13.2 -999.9 -999.9 93.3 -999.9 -999.9 12.1 -999.9 -999.9 985.0 -999.9 -999.9 4.5 -999.9 5.2 0.0 0.0 0.0 0.0 0.0 39.4 41.8 16.2 8.6 93.3 68.2 10.9 DCRS_-_Bom_Jesus/Jaquirana_(606_m) -999.9 -999.9 985.4 950.0 985.0 13.0 6.6 296.0 Rio_Grande_do_Sul DCRS -999.9 0.0 0.0 600.99 601.08 600.92 -1 -0.02 601.28 601.96 601.96 601.96
-28.798800 -50.429798 DCRS-00086 2026-09-14_18:44 13.2 -999.9 -999.9 93.2 -999.9 -999.9 12.1 -999.9 -999.9 985.0 -999.9 -999.9 4.4 -999.9 5.2 0.0 0.0 0.0 0.0 0.0 39.4 41.8 16.2 8.6 93.3 68.2 10.9 DCRS_-_Bom_Jesus/Jaquirana_(606_m) -999.9 -999.9 985.4 950.0 985.0 13.0 6.6 296.0 Rio_Grande_do_Sul DCRS -999.9 0.0 0.0 601.01 601.08 600.92 -1 0.0 601.28 601.96 601.96 601.96
-28.798800 -50.429798 DCRS-00086 2026-09-14_18:45 13.2 -999.9 -999.9 93.3 -999.9 -999.9 12.1 -999.9 -999.9 985.1 -999.9 -999.9 4.6 -999.9 5.2 0.0 0.0 0.0 0.0 0.0 39.4 41.8 16.2 8.6 93.3 68.2 10.9 DCRS_-_Bom_Jesus/Jaquirana_(606_m) -999.9 -999.9 985.4 950.0 985.1 13.0 6.6 296.0 Rio_Grande_do_Sul DCRS -999.9 0.0 0.0 600.99 601.08 600.92 0 0.0 601.28 601.96 601.96 601.96
-28.798800 -50.429798 DCRS-00086 2026-09-14_18:46 13.2 -999.9 -999.9 93.3 -999.9 -999.9 12.1 -999.9 -999.9 985.1 -999.9 -999.9 4.2 -999.9 5.2 0.0 0.0 0.0 0.0 0.0 39.4 41.8 16.2 8.6 93.3 68.2 10.9 DCRS_-_Bom_Jesus/Jaquirana_(606_m) -999.9 -999.9 985.4 950.0 985.1 13.0 6.6 296.0 Rio_Grande_do_Sul DCRS -999.9 0.0 0.0 601.0 601.08 600.92 0 0.02 601.28 601.96 601.96 601.96
-28.798800 -50.429798 DCRS-00086 2026-09-14_18:47 13.2 -999.9 -999.9 93.3 -999.9 -999.9 12.1 -999.9 -999.9 985.2 -999.9 -999.9 4.3 -999.9 5.2 0.0 0.0 0.0 0.0 0.0 39.4 41.8 16.2 8.6 93.3 68.2 10.9 DCRS_-_Bom_Jesus/Jaquirana_(606_m) -999.9 -999.9 985.4 950.0 985.2 13.0 6.6 296.0 Rio_Grande_do_Sul DCRS -999.9 0.0 0.0 600.99 601.08 600.92 0 0.0 601.28 601.96 601.96 601.96
-28.798800 -50.429798 DCRS-00086 2026-09-14_18:48 13.2 -999.9 -999.9 93.3 -999.9 -999.9 12.1 -999.9 -999.9 985.2 -999.9 -999.9 4.2 -999.9 5.2 0.0 0.0 0.0 0.0 0.0 39.4 41.8 16.2 8.6 93.3 68.2 10.9 DCRS_-_Bom_Jesus/Jaquirana_(606_m) -999.9 -999.9 985.4 950.0 985.2 13.0 6.6 296.0 Rio_Grande_do_Sul DCRS -999.9 0.0 0.0 600.98 601.08 600.92 0 -0.01 601.28 601.96 601.96 601.96
-28.798800 -50.429798 DCRS-00086 2026-09-14_18:49 13.2 -999.9 -999.9 93.3 -999.9 -999.9 12.1 -999.9 -999.9 985.1 -999.9 -999.9 4.0 -999.9 5.2 0.0 0.0 0.0 0.0 0.0 39.4 41.8 16.2 8.6 93.3 68.2 10.9 DCRS_-_Bom_Jesus/Jaquirana_(606_m) -999.9 -999.9 985.4 950.0 985.1 13.0 6.6 296.0 Rio_Grande_do_Sul DCRS -999.9 0.0 0.0 600.98 601.08 600.92 0 -0.01 601.28 601.96 601.96 601.96
-28.798800 -50.429798 DCRS-00086 2026-09-14_18:50 13.2 -999.9 -999.9 93.2 -999.9 -999.9 12.1 -999.9 -999.9 985.0 -999.9 -999.9 4.3 -999.9 5.1 0.0 0.0 0.0 0.0 0.0 39.4 41.8 16.2 8.6 93.3 68.2 10.9 DCRS_-_Bom_Jesus/Jaquirana_(606_m) -999.9 -999.9 985.4 950.0 985.0 13.0 6.6 296.0 Rio_Grande_do_Sul DCRS -999.9 0.0 0.0 600.98 601.08 600.92 -1 -0.02 601.28 601.96 601.96 601.96
-28.798800 -50.429798 DCRS-00086 2026-09-14_18:51 13.2 -999.9 -999.9 93.3 -999.9 -999.9 12.1 -999.9 -999.9 985.0 -999.9 -999.9 3.6 -999.9 5.1 0.0 0.0 0.0 0.0 0.0 39.4 41.8 16.2 8.6 93.3 68.2 10.9 DCRS_-_Bom_Jesus/Jaquirana_(606_m) -999.9 -999.9 985.4 950.0 985.0 13.0 6.6 296.0 Rio_Grande_do_Sul DCRS -999.9 0.0 0.0 600.99 601.08 600.92 -1 -0.01 601.28 601.96 601.96 601.96
-28.798800 -50.429798 DCRS-00086 2026-09-14_18:52 13.2 -999.9 -999.9 93.2 -999.9 -999.9 12.1 -999.9 -999.9 984.7 -999.9 -999.9 3.1 -999.9 5.1 0.0 0.0 0.0 0.0 0.0 39.4 41.8 16.2 8.6 93.3 68.2 10.9 DCRS_-_Bom_Jesus/Jaquirana_(606_m) -999.9 -999.9 985.4 950.0 984.7 13.0 6.6 296.0 Rio_Grande_do_Sul DCRS -999.9 0.0 0.0 600.97 601.08 600.92 -1 -0.03 601.28 601.96 601.96 601.96
-28.798800 -50.429798 DCRS-00086 2026-09-14_18:53 13.1 -999.9 -999.9 93.1 -999.9 -999.9 12.0 -999.9 -999.9 984.5 -999.9 -999.9 3.1 -999.9 5.1 0.0 0.0 0.0 0.0 0.0 39.4 41.8 16.2 8.6 93.3 68.2 10.9 DCRS_-_Bom_Jesus/Jaquirana_(606_m) -999.9 -999.9 985.4 950.0 984.5 13.0 6.6 296.0 Rio_Grande_do_Sul DCRS -999.9 0.0 0.0 600.97 601.08 600.92 -1 -0.03 601.28 601.96 601.96 601.96
-28.798800 -50.429798 DCRS-00086 2026-09-14_18:54 13.1 -999.9 -999.9 93.1 -999.9 -999.9 12.0 -999.9 -999.9 984.2 -999.9 -999.9 3.5 -999.9 5.1 0.0 0.0 0.0 0.0 0.0 39.4 41.8 16.2 8.6 93.3 68.2 10.9 DCRS_-_Bom_Jesus/Jaquirana_(606_m) -999.9 -999.9 985.4 950.0 984.2 13.0 6.6 296.0 Rio_Grande_do_Sul DCRS -999.9 0.0 0.0 600.97 601.08 600.92 0 -0.01 601.28 601.96 601.96 601.96
-28.798800 -50.429798 DCRS-00086 2026-09-14_18:55 13.1 -999.9 -999.9 93.1 -999.9 -999.9 12.0 -999.9 -999.9 983.9 -999.9 -999.9 3.1 -999.9 4.4 0.0 0.0 0.0 0.0 0.0 39.4 41.8 16.2 8.6 93.3 68.2 10.9 DCRS_-_Bom_Jesus/Jaquirana_(606_m) -999.9 -999.9 985.4 950.0 983.9 13.0 6.6 296.0 Rio_Grande_do_Sul DCRS -999.9 0.0 0.0 600.98 601.08 600.92 -1 -0.03 601.28 601.96 601.96 601.96
-28.798800 -50.429798 DCRS-00086 2026-09-14_18:56 13.1 -999.9 -999.9 93.1 -999.9 -999.9 12.0 -999.9 -999.9 983.8 -999.9 -999.9 3.6 -999.9 4.4 0.0 0.0 0.0 0.0 0.0 39.4 41.8 16.2 8.6 93.3 68.2 10.9 DCRS_-_Bom_Jesus/Jaquirana_(606_m) -999.9 -999.9 985.4 950.0 983.8 13.0 6.6 296.0 Rio_Grande_do_Sul DCRS -999.9 0.0 0.0 600.99 601.08 600.92 -1 -0.02 601.28 601.96 601.96 601.96
-28.798800 -50.429798 DCRS-00086 2026-09-14_18:57 13.1 -999.9 -999.9 93.2 -999.9 -999.9 12.0 -999.9 -999.9 983.8 -999.9 -999.9 4.0 -999.9 4.4 0.0 0.0 0.0 0.0 0.0 39.4 41.8 16.2 8.6 93.3 68.2 10.9 DCRS_-_Bom_Jesus/Jaquirana_(606_m) -999.9 -999.9 985.4 950.0 983.8 13.0 6.6 296.0 Rio_Grande_do_Sul DCRS -999.9 0.0 0.0 600.99 601.08 600.92 -1 -0.01 601.28 601.96 601.96 601.96
-28.798800 -50.429798 DCRS-00086 2026-09-14_18:58 13.1 -999.9 -999.9 93.3 -999.9 -999.9 12.0 -999.9 -999.9 983.9 -999.9 -999.9 3.2 -999.9 4.4 0.0 0.0 0.0 0.0 0.0 39.4 41.8 16.2 8.6 93.3 68.2 10.9 DCRS_-_Bom_Jesus/Jaquirana_(606_m) -999.9 -999.9 985.4 950.0 983.9 13.0 6.6 296.0 Rio_Grande_do_Sul DCRS -999.9 0.0 0.0 600.99 601.08 600.92 -1 -0.01 601.28 601.96 601.96 601.96
-28.798800 -50.429798 DCRS-00086 2026-09-14_18:59 13.1 -999.9 -999.9 93.4 -999.9 -999.9 12.0 -999.9 -999.9 984.1 -999.9 -999.9 3.0 -999.9 4.4 0.0 0.0 0.0 0.0 0.0 39.4 41.8 16.2 8.6 93.4 68.2 10.9 DCRS_-_Bom_Jesus/Jaquirana_(606_m) -999.9 -999.9 985.4 950.0 984.1 13.0 6.6 296.0 Rio_Grande_do_Sul DCRS -999.9 0.0 0.0 600.97 601.08 600.92 0 -0.02 601.28 601.96 601.96 601.96
-28.798800 -50.429798 DCRS-00086 2026-09-14_19:00 13.1 -999.9 -999.9 93.5 -999.9 -999.9 12.1 -999.9 -999.9 984.2 -999.9 -999.9 4.2 -999.9 4.4 0.0 0.0 0.0 0.0 0.0 39.4 41.8 16.2 8.6 93.5 68.2 10.9 DCRS_-_Bom_Jesus/Jaquirana_(606_m) -999.9 -999.9 985.4 950.0 984.2 13.0 6.6 296.0 Rio_Grande_do_Sul DCRS -999.9 0.0 0.0 600.99 601.08 600.92 -1 -0.01 601.28 601.96 601.96 601.96
-28.798800 -50.429798 DCRS-00086 2026-09-14_19:01 13.0 -999.9 -999.9 93.5 -999.9 -999.9 12.0 -999.9 -999.9 984.3 -999.9 -999.9 4.3 -999.9 4.4 0.0 0.0 0.0 0.0 0.0 39.4 41.8 16.2 8.6 93.5 68.2 10.9 DCRS_-_Bom_Jesus/Jaquirana_(606_m) -999.9 -999.9 985.4 950.0 984.3 13.0 6.6 296.0 Rio_Grande_do_Sul DCRS -999.9 0.0 0.0 601.0 601.08 600.92 -1 0.0 601.28 601.96 601.96 601.96
-28.798800 -50.429798 DCRS-00086 2026-09-14_19:02 13.1 -999.9 -999.9 93.6 -999.9 -999.9 12.1 -999.9 -999.9 984.6 -999.9 -999.9 4.0 -999.9 4.4 0.0 0.0 0.0 0.0 0.0 39.4 41.8 16.2 8.6 93.6 68.2 10.9 DCRS_-_Bom_Jesus/Jaquirana_(606_m) -999.9 -999.9 985.4 950.0 984.6 13.0 6.6 296.0 Rio_Grande_do_Sul DCRS -999.9 0.0 0.0 600.99 601.08 600.92 0 0.0 601.28 601.96 601.96 601.96
-28.798800 -50.429798 DCRS-00086 2026-09-14_19:03 13.1 -999.9 -999.9 93.7 -999.9 -999.9 12.1 -999.9 -999.9 984.7 -999.9 -999.9 4.3 -999.9 4.4 0.0 0.0 0.0 0.0 0.0 39.4 41.8 16.2 8.6 93.7 68.2 10.9 DCRS_-_Bom_Jesus/Jaquirana_(606_m) -999.9 -999.9 985.4 950.0 984.7 13.0 6.6 296.0 Rio_Grande_do_Sul DCRS -999.9 0.0 0.0 600.99 601.08 600.92 0 0.0 601.28 601.96 601.96 601.96
-28.798800 -50.429798 DCRS-00086 2026-09-14_19:04 13.0 -999.9 -999.9 93.7 -999.9 -999.9 12.0 -999.9 -999.9 984.8 -999.9 -999.9 4.0 -999.9 4.4 0.0 0.0 0.0 0.0 0.0 39.4 41.8 16.2 8.6 93.7 68.2 10.9 DCRS_-_Bom_Jesus/Jaquirana_(606_m) -999.9 -999.9 985.4 950.0 984.8 13.0 6.6 296.0 Rio_Grande_do_Sul DCRS -999.9 0.0 0.0 600.99 601.08 600.92 0 0.0 601.28 601.96 601.96 601.96
-28.798800 -50.429798 DCRS-00086 2026-09-14_19:05 13.0 -999.9 -999.9 93.7 -999.9 -999.9 12.0 -999.9 -999.9 984.7 -999.9 -999.9 4.1 -999.9 4.9 0.0 0.0 0.0 0.0 0.0 39.4 41.8 16.2 8.6 93.7 68.2 10.9 DCRS_-_Bom_Jesus/Jaquirana_(606_m) -999.9 -999.9 985.4 950.0 984.7 13.0 6.6 296.0 Rio_Grande_do_Sul DCRS -999.9 0.0 0.0 601.0 601.08 600.92 0 0.0 601.28 601.96 601.96 601.96
-28.798800 -50.429798 DCRS-00086 2026-09-14_19:06 13.0 -999.9 -999.9 93.7 -999.9 -999.9 12.0 -999.9 -999.9 984.7 -999.9 -999.9 4.2 -999.9 4.9 0.0 0.0 0.0 0.0 0.0 39.4 41.8 16.2 8.6 93.7 68.2 10.9 DCRS_-_Bom_Jesus/Jaquirana_(606_m) -999.9 -999.9 985.4 950.0 984.7 13.0 6.6 296.0 Rio_Grande_do_Sul DCRS -999.9 0.0 0.0 601.0 601.08 600.92 0 0.01 601.28 601.96 601.96 601.96
-28.798800 -50.429798 DCRS-00086 2026-09-14_19:07 13.0 -999.9 -999.9 93.6 -999.9 -999.9 12.0 -999.9 -999.9 984.7 -999.9 -999.9 4.2 -999.9 4.9 0.0 0.0 0.0 0.0 0.0 39.4 41.8 16.2 8.6 93.7 68.2 10.9 DCRS_-_Bom_Jesus/Jaquirana_(606_m) -999.9 -999.9 985.4 950.0 984.7 13.0 6.6 296.0 Rio_Grande_do_Sul DCRS -999.9 0.0 0.0 600.98 601.08 600.92 0 -0.02 601.28 601.96 601.96 601.96
-28.798800 -50.429798 DCRS-00086 2026-09-14_19:08 13.0 -999.9 -999.9 93.6 -999.9 -999.9 12.0 -999.9 -999.9 984.7 -999.9 -999.9 4.3 -999.9 4.9 0.0 0.0 0.0 0.0 0.0 39.4 41.8 16.2 8.6 93.7 68.2 10.9 DCRS_-_Bom_Jesus/Jaquirana_(606_m) -999.9 -999.9 985.4 950.0 984.7 13.0 6.6 296.0 Rio_Grande_do_Sul DCRS -999.9 0.0 0.0 600.96 601.08 600.92 0 -0.04 601.28 601.96 601.96 601.96
-28.798800 -50.429798 DCRS-00086 2026-09-14_19:09 13.0 -999.9 -999.9 93.7 -999.9 -999.9 12.0 -999.9 -999.9 984.7 -999.9 -999.9 4.3 -999.9 4.9 0.0 0.0 0.0 0.0 0.0 39.4 41.8 16.2 8.6 93.7 68.2 10.9 DCRS_-_Bom_Jesus/Jaquirana_(606_m) -999.9 -999.9 985.4 950.0 984.7 13.0 6.6 296.0 Rio_Grande_do_Sul DCRS -999.9 0.0 0.0 600.98 601.08 600.92 0 -0.02 601.28 601.96 601.96 601.96
-28.798800 -50.429798 DCRS-00086 2026-09-14_19:10 13.0 -999.9 -999.9 93.6 -999.9 -999.9 12.0 -999.9 -999.9 984.6 -999.9 -999.9 1.9 -999.9 4.7 0.0 0.0 0.0 0.0 0.0 39.4 41.8 16.2 8.6 93.7 68.2 10.9 DCRS_-_Bom_Jesus/Jaquirana_(606_m) -999.9 -999.9 985.4 950.0 984.6 13.0 6.6 296.0 Rio_Grande_do_Sul DCRS -999.9 0.0 0.0 600.99 601.08 600.92 0 0.0 601.28 601.96 601.96 601.96
-28.798800 -50.429798 DCRS-00086 2026-09-14_19:11 12.9 -999.9 -999.9 93.7 -999.9 -999.9 11.9 -999.9 -999.9 984.5 -999.9 -999.9 0.0 -999.9 4.7 0.0 0.0 0.0 0.0 0.0 39.4 41.8 16.2 8.6 93.7 68.2 10.9 DCRS_-_Bom_Jesus/Jaquirana_(606_m) -999.9 -999.9 985.4 950.0 984.5 13.0 6.6 296.0 Rio_Grande_do_Sul DCRS -999.9 0.0 0.0 600.99 601.08 600.92 0 0.0 601.28 601.96 601.96 601.96
-28.798800 -50.429798 DCRS-00086 2026-09-14_19:12 12.9 -999.9 -999.9 93.7 -999.9 -999.9 11.9 -999.9 -999.9 984.5 -999.9 -999.9 0.0 -999.9 4.7 0.0 0.0 0.0 0.0 0.0 39.4 41.8 16.2 8.6 93.7 68.2 10.9 DCRS_-_Bom_Jesus/Jaquirana_(606_m) -999.9 -999.9 985.4 950.0 984.5 13.0 6.6 296.0 Rio_Grande_do_Sul DCRS -999.9 0.0 0.0 600.96 601.08 600.92 0 -0.03 601.28 601.96 601.96 601.96
-28.798800 -50.429798 DCRS-00086 2026-09-14_19:13 12.9 -999.9 -999.9 93.8 -999.9 -999.9 11.9 -999.9 -999.9 984.4 -999.9 -999.9 0.0 -999.9 4.7 0.0 0.0 0.0 0.0 0.0 39.4 41.8 16.2 8.6 93.8 68.2 10.9 DCRS_-_Bom_Jesus/Jaquirana_(606_m) -999.9 -999.9 985.4 950.0 984.4 13.0 6.6 296.0 Rio_Grande_do_Sul DCRS -999.9 0.0 0.0 601.0 601.08 600.92 0 0.01 601.28 601.96 601.96 601.96
-28.798800 -50.429798 DCRS-00086 2026-09-14_19:14 12.8 -999.9 -999.9 93.8 -999.9 -999.9 11.8 -999.9 -999.9 984.4 -999.9 -999.9 2.9 -999.9 4.7 0.0 0.0 0.0 0.0 0.0 39.4 41.8 16.2 8.6 93.8 68.2 10.9 DCRS_-_Bom_Jesus/Jaquirana_(606_m) -999.9 -999.9 985.4 950.0 984.4 13.0 6.6 296.0 Rio_Grande_do_Sul DCRS -999.9 0.0 0.0 600.99 601.08 600.92 0 0.0 601.28 601.96 601.96 601.96
-28.798800 -50.429798 DCRS-00086 2026-09-14_19:15 12.9 -999.9 -999.9 93.9 -999.9 -999.9 11.9 -999.9 -999.9 984.5 -999.9 -999.9 2.1 -999.9 3.9 0.0 0.0 0.0 0.0 0.0 39.4 41.8 16.2 8.6 93.9 68.2 10.9 DCRS_-_Bom_Jesus/Jaquirana_(606_m) -999.9 -999.9 985.4 950.0 984.5 13.0 6.6 296.0 Rio_Grande_do_Sul DCRS -999.9 0.0 0.0 601.0 601.08 600.92 0 0.0 601.28 601.96 601.96 601.96
-28.798800 -50.429798 DCRS-00086 2026-09-14_19:16 12.8 -999.9 -999.9 94.0 -999.9 -999.9 11.8 -999.9 -999.9 984.6 -999.9 -999.9 2.9 -999.9 3.9 0.0 0.0 0.0 0.0 0.0 39.4 41.8 16.2 8.6 94.0 68.2 10.9 DCRS_-_Bom_Jesus/Jaquirana_(606_m) -999.9 -999.9 985.4 950.0 984.6 13.0 6.6 296.0 Rio_Grande_do_Sul DCRS -999.9 0.0 0.0 600.98 601.08 600.92 0 -0.02 601.28 601.96 601.96 601.96
-28.798800 -50.429798 DCRS-00086 2026-09-14_19:17 12.8 -999.9 -999.9 94.0 -999.9 -999.9 11.8 -999.9 -999.9 984.7 -999.9 -999.9 1.9 -999.9 3.9 0.0 0.0 0.0 0.0 0.0 39.4 41.8 16.2 8.6 94.0 68.2 10.9 DCRS_-_Bom_Jesus/Jaquirana_(606_m) -999.9 -999.9 985.4 950.0 984.7 13.0 6.6 296.0 Rio_Grande_do_Sul DCRS -999.9 0.0 0.0 600.98 601.08 600.92 0 -0.02 601.28 601.96 601.96 601.96
-28.798800 -50.429798 DCRS-00086 2026-09-14_19:18 12.8 -999.9 -999.9 94.0 -999.9 -999.9 11.8 -999.9 -999.9 984.8 -999.9 -999.9 3.1 -999.9 3.9 0.0 0.0 0.0 0.0 0.0 39.4 41.8 16.2 8.6 94.0 68.2 10.9 DCRS_-_Bom_Jesus/Jaquirana_(606_m) -999.9 -999.9 985.4 950.0 984.8 13.0 6.6 296.0 Rio_Grande_do_Sul DCRS -999.9 0.0 0.0 601.0 601.08 600.92 0 0.0 601.28 601.96 601.96 601.96
-28.798800 -50.429798 DCRS-00086 2026-09-14_19:19 12.8 -999.9 -999.9 94.0 -999.9 -999.9 11.8 -999.9 -999.9 984.9 -999.9 -999.9 3.2 -999.9 3.9 0.0 0.0 0.0 0.0 0.0 39.4 41.8 16.2 8.6 94.0 68.2 10.9 DCRS_-_Bom_Jesus/Jaquirana_(606_m) -999.9 -999.9 985.4 950.0 984.9 13.0 6.6 296.0 Rio_Grande_do_Sul DCRS -999.9 0.0 0.0 601.01 601.08 600.92 0 0.03 601.28 601.96 601.96 601.96
-28.798800 -50.429798 DCRS-00086 2026-09-14_19:20 12.8 -999.9 -999.9 94.1 -999.9 -999.9 11.9 -999.9 -999.9 984.9 -999.9 -999.9 3.6 -999.9 3.7 0.0 0.0 0.0 0.0 0.0 39.4 41.8 16.2 8.6 94.1 68.2 10.9 DCRS_-_Bom_Jesus/Jaquirana_(606_m) -999.9 -999.9 985.4 950.0 984.9 13.0 6.6 296.0 Rio_Grande_do_Sul DCRS -999.9 0.0 0.0 600.98 601.08 600.92 0 -0.01 601.28 601.96 601.96 601.96
-28.798800 -50.429798 DCRS-00086 2026-09-14_19:21 12.7 -999.9 -999.9 94.1 -999.9 -999.9 11.8 -999.9 -999.9 984.8 -999.9 -999.9 3.7 -999.9 3.7 0.0 0.0 0.0 0.0 0.0 39.4 41.8 16.2 8.6 94.1 68.2 10.9 DCRS_-_Bom_Jesus/Jaquirana_(606_m) -999.9 -999.9 985.4 950.0 984.8 13.0 6.6 296.0 Rio_Grande_do_Sul DCRS -999.9 0.0 0.0 601.0 601.08 600.92 0 0.01 601.28 601.96 601.96 601.96
-28.798800 -50.429798 DCRS-00086 2026-09-14_19:22 12.7 -999.9 -999.9 94.1 -999.9 -999.9 11.8 -999.9 -999.9 984.8 -999.9 -999.9 -999.9 -999.9 3.7 0.0 0.0 0.0 0.0 0.0 39.4 41.8 16.2 8.6 94.1 68.2 10.9 DCRS_-_Bom_Jesus/Jaquirana_(606_m) -999.9 -999.9 985.4 950.0 984.8 13.0 6.6 296.0 Rio_Grande_do_Sul DCRS -999.9 0.0 0.0 600.97 601.08 600.92 0 -0.02 601.28 601.96 601.96 601.96
-28.798800 -50.429798 DCRS-00086 2026-09-14_19:23 12.7 -999.9 -999.9 94.1 -999.9 -999.9 11.8 -999.9 -999.9 984.7 -999.9 -999.9 -999.9 -999.9 3.7 0.0 0.0 0.0 0.0 0.0 39.4 41.8 16.2 8.6 94.1 68.2 10.9 DCRS_-_Bom_Jesus/Jaquirana_(606_m) -999.9 -999.9 985.4 950.0 984.7 13.0 6.6 296.0 Rio_Grande_do_Sul DCRS -999.9 0.0 0.0 600.97 601.08 600.92 0 -0.02 601.28 601.96 601.96 601.96
-28.798800 -50.429798 DCRS-00086 2026-09-14_19:25 12.6 -999.9 -999.9 94.0 -999.9 -999.9 11.6 -999.9 -999.9 984.5 -999.9 -999.9 5.2 -999.9 5.3 0.0 0.0 0.0 0.0 0.0 39.4 41.8 16.2 8.6 94.1 68.2 10.9 DCRS_-_Bom_Jesus/Jaquirana_(606_m) -999.9 -999.9 985.4 950.0 984.5 13.0 6.6 296.0 Rio_Grande_do_Sul DCRS -999.9 0.0 0.0 601.0 601.08 600.92 0 0.0 601.28 601.96 601.96 601.96
-28.798800 -50.429798 DCRS-00086 2026-09-14_19:26 12.7 -999.9 -999.9 94.2 -999.9 -999.9 11.8 -999.9 -999.9 984.5 -999.9 -999.9 5.3 -999.9 5.3 0.0 0.0 0.0 0.0 0.0 39.4 41.8 16.2 8.6 94.2 68.2 10.9 DCRS_-_Bom_Jesus/Jaquirana_(606_m) -999.9 -999.9 985.4 950.0 984.5 13.0 6.6 296.0 Rio_Grande_do_Sul DCRS -999.9 0.0 0.0 600.99 601.08 600.92 0 -0.01 601.28 601.96 601.96 601.96
-28.798800 -50.429798 DCRS-00086 2026-09-14_19:27 12.6 -999.9 -999.9 94.1 -999.9 -999.9 11.7 -999.9 -999.9 984.4 -999.9 -999.9 4.6 -999.9 5.3 0.0 0.0 0.0 0.0 0.0 39.4 41.8 16.2 8.6 94.2 68.2 10.9 DCRS_-_Bom_Jesus/Jaquirana_(606_m) -999.9 -999.9 985.4 950.0 984.4 13.0 6.6 296.0 Rio_Grande_do_Sul DCRS -999.9 0.0 0.0 601.0 601.08 600.92 0 0.01 601.28 601.96 601.96 601.96
-28.798800 -50.429798 DCRS-00086 2026-09-14_19:28 12.5 -999.9 -999.9 94.0 -999.9 -999.9 11.6 -999.9 -999.9 984.3 -999.9 -999.9 4.6 -999.9 5.3 0.0 0.0 0.0 0.0 0.0 39.4 41.8 16.2 8.6 94.2 68.2 10.9 DCRS_-_Bom_Jesus/Jaquirana_(606_m) -999.9 -999.9 985.4 950.0 984.3 13.0 6.6 296.0 Rio_Grande_do_Sul DCRS -999.9 0.0 0.0 601.0 601.08 600.92 0 0.01 601.28 601.96 601.96 601.96
-28.798800 -50.429798 DCRS-00086 2026-09-14_19:29 12.6 -999.9 -999.9 94.1 -999.9 -999.9 11.7 -999.9 -999.9 984.2 -999.9 -999.9 4.6 -999.9 5.3 0.0 0.0 0.0 0.0 0.0 39.4 41.8 16.2 8.6 94.2 68.2 10.9 DCRS_-_Bom_Jesus/Jaquirana_(606_m) -999.9 -999.9 985.4 950.0 984.2 13.0 6.6 296.0 Rio_Grande_do_Sul DCRS -999.9 0.0 0.0 600.94 601.08 600.92 0 -0.05 601.28 601.96 601.96 601.96
-28.798800 -50.429798 DCRS-00086 2026-09-14_19:30 12.6 -999.9 -999.9 94.0 -999.9 -999.9 11.6 -999.9 -999.9 984.1 -999.9 -999.9 5.2 -999.9 5.4 0.0 0.0 0.0 0.0 0.0 39.4 41.8 16.2 8.6 94.2 68.2 10.9 DCRS_-_Bom_Jesus/Jaquirana_(606_m) -999.9 -999.9 985.4 950.0 984.1 13.0 6.6 296.0 Rio_Grande_do_Sul DCRS -999.9 0.0 0.0 600.98 601.08 600.92 0 -0.01 601.28 601.96 601.96 601.96
-28.798800 -50.429798 DCRS-00086 2026-09-14_19:31 12.4 -999.9 -999.9 94.0 -999.9 -999.9 11.5 -999.9 -999.9 983.9 -999.9 -999.9 4.6 -999.9 5.4 0.0 0.0 0.0 0.0 0.0 39.4 41.8 16.2 8.6 94.2 68.2 10.9 DCRS_-_Bom_Jesus/Jaquirana_(606_m) -999.9 -999.9 985.4 950.0 983.9 13.0 6.6 296.0 Rio_Grande_do_Sul DCRS -999.9 0.0 0.0 601.0 601.08 600.92 0 0.01 601.28 601.96 601.96 601.96
-28.798800 -50.429798 DCRS-00086 2026-09-14_19:32 12.4 -999.9 -999.9 94.0 -999.9 -999.9 11.5 -999.9 -999.9 983.7 -999.9 -999.9 4.1 -999.9 5.4 0.0 0.0 0.0 0.0 0.0 39.4 41.8 16.2 8.6 94.2 68.2 10.9 DCRS_-_Bom_Jesus/Jaquirana_(606_m) -999.9 -999.9 985.4 950.0 983.7 13.0 6.6 296.0 Rio_Grande_do_Sul DCRS -999.9 0.0 0.0 600.97 601.08 600.92 0 -0.02 601.28 601.96 601.96 601.96
-28.798800 -50.429798 DCRS-00086 2026-09-14_19:33 12.4 -999.9 -999.9 93.9 -999.9 -999.9 11.4 -999.9 -999.9 983.5 -999.9 -999.9 4.7 -999.9 5.4 0.0 0.0 0.0 0.0 0.0 39.4 41.8 16.2 8.6 94.2 68.2 10.9 DCRS_-_Bom_Jesus/Jaquirana_(606_m) -999.9 -999.9 985.4 950.0 983.5 13.0 6.6 296.0 Rio_Grande_do_Sul DCRS -999.9 0.0 0.0 600.94 601.08 600.92 0 -0.06 601.28 601.96 601.96 601.96
-28.798800 -50.429798 DCRS-00086 2026-09-14_19:34 12.4 -999.9 -999.9 94.0 -999.9 -999.9 11.5 -999.9 -999.9 983.2 -999.9 -999.9 3.6 -999.9 5.4 0.0 0.0 0.0 0.0 0.0 39.4 41.8 16.2 8.6 94.2 68.2 10.9 DCRS_-_Bom_Jesus/Jaquirana_(606_m) -999.9 -999.9 985.4 950.0 983.2 13.0 6.6 296.0 Rio_Grande_do_Sul DCRS -999.9 0.0 0.0 600.98 601.08 600.92 0 -0.03 601.28 601.96 601.96 601.96
-28.798800 -50.429798 DCRS-00086 2026-09-14_19:35 12.3 -999.9 -999.9 93.9 -999.9 -999.9 11.3 -999.9 -999.9 982.9 -999.9 -999.9 4.0 -999.9 5.2 0.0 0.0 0.0 0.0 0.0 39.4 41.8 16.2 8.6 94.2 68.2 10.9 DCRS_-_Bom_Jesus/Jaquirana_(606_m) -999.9 -999.9 985.4 950.0 982.9 13.0 6.6 296.0 Rio_Grande_do_Sul DCRS -999.9 0.0 0.0 600.98 601.08 600.92 -1 -0.03 601.28 601.96 601.96 601.96
-28.798800 -50.429798 DCRS-00086 2026-09-14_19:36 12.4 -999.9 -999.9 94.0 -999.9 -999.9 11.5 -999.9 -999.9 982.9 -999.9 -999.9 4.3 -999.9 5.2 0.0 0.0 0.0 0.0 0.0 39.4 41.8 16.2 8.6 94.2 68.2 10.9 DCRS_-_Bom_Jesus/Jaquirana_(606_m) -999.9 -999.9 985.4 950.0 982.9 13.0 6.6 296.0 Rio_Grande_do_Sul DCRS -999.9 0.0 0.0 600.99 601.08 600.92 0 0.0 601.28 601.96 601.96 601.96
-28.798800 -50.429798 DCRS-00086 2026-09-14_19:37 12.3 -999.9 -999.9 94.2 -999.9 -999.9 11.4 -999.9 -999.9 983.1 -999.9 -999.9 4.9 -999.9 5.2 0.0 0.0 0.0 0.0 0.0 39.4 41.8 16.2 8.6 94.2 68.2 10.9 DCRS_-_Bom_Jesus/Jaquirana_(606_m) -999.9 -999.9 985.4 950.0 983.1 13.0 6.6 296.0 Rio_Grande_do_Sul DCRS -999.9 0.0 0.0 601.0 601.08 600.92 0 0.01 601.28 601.96 601.96 601.96
-28.798800 -50.429798 DCRS-00086 2026-09-14_19:38 12.3 -999.9 -999.9 94.2 -999.9 -999.9 11.4 -999.9 -999.9 983.2 -999.9 -999.9 5.1 -999.9 5.2 0.0 0.0 0.0 0.0 0.0 39.4 41.8 16.2 8.6 94.2 68.2 10.9 DCRS_-_Bom_Jesus/Jaquirana_(606_m) -999.9 -999.9 985.4 950.0 983.2 13.0 6.6 296.0 Rio_Grande_do_Sul DCRS -999.9 0.0 0.0 600.96 601.08 600.92 0 -0.05 601.28 601.96 601.96 601.96
-28.798800 -50.429798 DCRS-00086 2026-09-14_19:39 12.3 -999.9 -999.9 94.1 -999.9 -999.9 11.4 -999.9 -999.9 983.1 -999.9 -999.9 -999.9 -999.9 5.2 0.0 0.0 0.0 0.0 0.0 39.4 41.8 16.2 8.6 94.2 68.2 10.9 DCRS_-_Bom_Jesus/Jaquirana_(606_m) -999.9 -999.9 985.4 950.0 983.1 13.0 6.6 296.0 Rio_Grande_do_Sul DCRS -999.9 0.0 0.0 600.99 601.08 600.92 0 0.01 601.28 601.96 601.96 601.96
-28.798800 -50.429798 DCRS-00086 2026-09-14_19:40 12.3 -999.9 -999.9 94.2 -999.9 -999.9 11.4 -999.9 -999.9 983.0 -999.9 -999.9 5.4 -999.9 5.7 0.0 0.0 0.0 0.0 0.0 39.4 41.8 16.2 8.6 94.2 68.2 10.9 DCRS_-_Bom_Jesus/Jaquirana_(606_m) -999.9 -999.9 985.4 950.0 983.0 13.0 6.6 296.0 Rio_Grande_do_Sul DCRS -999.9 0.0 0.0 601.0 601.08 600.92 0 0.02 601.28 601.96 601.96 601.96
-28.798800 -50.429798 DCRS-00086 2026-09-14_19:41 12.3 -999.9 -999.9 94.1 -999.9 -999.9 11.4 -999.9 -999.9 983.0 -999.9 -999.9 -999.9 -999.9 5.7 0.0 0.0 0.0 0.0 0.0 39.4 41.8 16.2 8.6 94.2 68.2 10.9 DCRS_-_Bom_Jesus/Jaquirana_(606_m) -999.9 -999.9 985.4 950.0 983.0 13.0 6.6 296.0 Rio_Grande_do_Sul DCRS -999.9 0.0 0.0 600.99 601.08 600.92 0 0.03 601.28 601.96 601.96 601.96
-28.798800 -50.429798 DCRS-00086 2026-09-14_19:42 12.2 -999.9 -999.9 94.4 -999.9 -999.9 11.3 -999.9 -999.9 983.2 -999.9 -999.9 5.4 -999.9 5.7 0.0 0.0 0.0 0.0 0.0 39.4 41.8 16.2 8.6 94.4 68.2 10.9 DCRS_-_Bom_Jesus/Jaquirana_(606_m) -999.9 -999.9 985.4 950.0 983.2 13.0 6.6 296.0 Rio_Grande_do_Sul DCRS -999.9 0.0 0.0 600.99 601.08 600.92 0 0.0 601.28 601.96 601.96 601.96
-28.798800 -50.429798 DCRS-00086 2026-09-14_19:43 12.2 -999.9 -999.9 94.5 -999.9 -999.9 11.3 -999.9 -999.9 983.5 -999.9 -999.9 5.2 -999.9 5.7 0.0 0.0 0.0 0.0 0.0 39.4 41.8 16.2 8.6 94.5 68.2 10.9 DCRS_-_Bom_Jesus/Jaquirana_(606_m) -999.9 -999.9 985.4 950.0 983.5 13.0 6.6 296.0 Rio_Grande_do_Sul DCRS -999.9 0.0 0.0 601.0 601.08 600.92 0 0.01 601.28 601.96 601.96 601.96
-28.798800 -50.429798 DCRS-00086 2026-09-14_19:44 12.2 -999.9 -999.9 94.5 -999.9 -999.9 11.3 -999.9 -999.9 983.7 -999.9 -999.9 5.3 -999.9 5.7 0.0 0.0 0.0 0.0 0.0 39.4 41.8 16.2 8.6 94.5 68.2 10.9 DCRS_-_Bom_Jesus/Jaquirana_(606_m) -999.9 -999.9 985.4 950.0 983.7 13.0 6.6 296.0 Rio_Grande_do_Sul DCRS -999.9 0.0 0.0 600.99 601.08 600.92 0 0.0 601.28 601.96 601.96 601.96
-28.798800 -50.429798 DCRS-00086 2026-09-14_19:45 12.2 -999.9 -999.9 94.5 -999.9 -999.9 11.3 -999.9 -999.9 983.8 -999.9 -999.9 5.0 -999.9 6.5 0.0 0.0 0.0 0.0 0.0 39.4 41.8 16.2 8.6 94.5 68.2 10.9 DCRS_-_Bom_Jesus/Jaquirana_(606_m) -999.9 -999.9 985.4 950.0 983.8 13.0 6.6 296.0 Rio_Grande_do_Sul DCRS -999.9 0.0 0.0 600.97 601.08 600.92 0 -0.02 601.28 601.96 601.96 601.96
-28.798800 -50.429798 DCRS-00086 2026-09-14_19:46 12.1 -999.9 -999.9 94.6 -999.9 -999.9 11.3 -999.9 -999.9 983.9 -999.9 -999.9 4.9 -999.9 6.5 0.0 0.0 0.0 0.0 0.0 39.4 41.8 16.2 8.6 94.6 68.2 10.9 DCRS_-_Bom_Jesus/Jaquirana_(606_m) -999.9 -999.9 985.4 950.0 983.9 13.0 6.6 296.0 Rio_Grande_do_Sul DCRS -999.9 0.0 0.0 600.99 601.08 600.92 0 0.0 601.28 601.96 601.96 601.96
-28.798800 -50.429798 DCRS-00086 2026-09-14_19:47 12.1 -999.9 -999.9 94.5 -999.9 -999.9 11.2 -999.9 -999.9 983.9 -999.9 -999.9 5.0 -999.9 6.5 0.0 0.0 0.0 0.0 0.0 39.4 41.8 16.2 8.6 94.6 68.2 10.9 DCRS_-_Bom_Jesus/Jaquirana_(606_m) -999.9 -999.9 985.4 950.0 983.9 13.0 6.6 296.0 Rio_Grande_do_Sul DCRS -999.9 0.0 0.0 600.98 601.08 600.92 0 -0.01 601.28 601.96 601.96 601.96
-28.798800 -50.429798 DCRS-00086 2026-09-14_19:48 12.1 -999.9 -999.9 94.6 -999.9 -999.9 11.3 -999.9 -999.9 984.0 -999.9 -999.9 5.3 -999.9 6.5 0.0 0.0 0.0 0.0 0.0 39.4 41.8 16.2 8.6 94.6 68.2 10.9 DCRS_-_Bom_Jesus/Jaquirana_(606_m) -999.9 -999.9 985.4 950.0 984.0 13.0 6.6 296.0 Rio_Grande_do_Sul DCRS -999.9 0.0 0.0 600.99 601.08 600.92 0 0.01 601.28 601.96 601.96 601.96
-28.798800 -50.429798 DCRS-00086 2026-09-14_19:49 12.1 -999.9 -999.9 94.6 -999.9 -999.9 11.3 -999.9 -999.9 984.1 -999.9 -999.9 4.7 -999.9 6.5 0.0 0.0 0.0 0.0 0.0 39.4 41.8 16.2 8.6 94.6 68.2 10.9 DCRS_-_Bom_Jesus/Jaquirana_(606_m) -999.9 -999.9 985.4 950.0 984.1 13.0 6.6 296.0 Rio_Grande_do_Sul DCRS -999.9 0.0 0.0 600.99 601.08 600.92 0 0.01 601.28 601.96 601.96 601.96
-28.798800 -50.429798 DCRS-00086 2026-09-14_19:50 12.1 -999.9 -999.9 94.6 -999.9 -999.9 11.3 -999.9 -999.9 984.2 -999.9 -999.9 5.0 -999.9 5.6 0.0 0.0 0.0 0.0 0.0 39.4 41.8 16.2 8.6 94.6 68.2 10.9 DCRS_-_Bom_Jesus/Jaquirana_(606_m) -999.9 -999.9 985.4 950.0 984.2 13.0 6.6 296.0 Rio_Grande_do_Sul DCRS -999.9 0.0 0.0 600.97 601.08 600.92 0 -0.01 601.28 601.96 601.96 601.96
-28.798800 -50.429798 DCRS-00086 2026-09-14_19:51 12.1 -999.9 -999.9 94.7 -999.9 -999.9 11.3 -999.9 -999.9 984.3 -999.9 -999.9 5.1 -999.9 5.6 0.0 0.0 0.0 0.0 0.0 39.4 41.8 16.2 8.6 94.7 68.2 10.9 DCRS_-_Bom_Jesus/Jaquirana_(606_m) -999.9 -999.9 985.4 950.0 984.3 13.0 6.6 296.0 Rio_Grande_do_Sul DCRS -999.9 0.0 0.0 601.0 601.08 600.92 0 0.01 601.28 601.96 601.96 601.96
-28.798800 -50.429798 DCRS-00086 2026-09-14_19:52 12.1 -999.9 -999.9 94.6 -999.9 -999.9 11.3 -999.9 -999.9 984.2 -999.9 -999.9 4.5 -999.9 5.6 0.0 0.0 0.0 0.0 0.0 39.4 41.8 16.2 8.6 94.7 68.2 10.9 DCRS_-_Bom_Jesus/Jaquirana_(606_m) -999.9 -999.9 985.4 950.0 984.2 13.0 6.6 296.0 Rio_Grande_do_Sul DCRS -999.9 0.0 0.0 601.0 601.08 600.92 0 0.03 601.28 601.96 601.96 601.96
-28.798800 -50.429798 DCRS-00086 2026-09-14_19:53 12.1 -999.9 -999.9 94.5 -999.9 -999.9 11.2 -999.9 -999.9 984.1 -999.9 -999.9 4.3 -999.9 5.6 0.0 0.0 0.0 0.0 0.0 39.4 41.8 16.2 8.6 94.7 68.2 10.9 DCRS_-_Bom_Jesus/Jaquirana_(606_m) -999.9 -999.9 985.4 950.0 984.1 13.0 6.6 296.0 Rio_Grande_do_Sul DCRS -999.9 0.0 0.0 600.99 601.08 600.92 0 0.02 601.28 601.96 601.96 601.96
-28.798800 -50.429798 DCRS-00086 2026-09-14_19:54 12.0 -999.9 -999.9 94.6 -999.9 -999.9 11.2 -999.9 -999.9 984.0 -999.9 -999.9 4.4 -999.9 5.6 0.0 0.0 0.0 0.0 0.0 39.4 41.8 16.2 8.6 94.7 68.2 10.9 DCRS_-_Bom_Jesus/Jaquirana_(606_m) -999.9 -999.9 985.4 950.0 984.0 13.0 6.6 296.0 Rio_Grande_do_Sul DCRS -999.9 0.0 0.0 600.98 601.08 600.92 0 0.0 601.28 601.96 601.96 601.96
-28.798800 -50.429798 DCRS-00086 2026-09-14_19:55 12.1 -999.9 -999.9 94.5 -999.9 -999.9 11.2 -999.9 -999.9 984.1 -999.9 -999.9 4.3 -999.9 5.3 0.0 0.0 0.0 0.0 0.0 39.4 41.8 16.2 8.6 94.7 68.2 10.9 DCRS_-_Bom_Jesus/Jaquirana_(606_m) -999.9 -999.9 985.4 950.0 984.1 13.0 6.6 296.0 Rio_Grande_do_Sul DCRS -999.9 0.0 0.0 600.99 601.08 600.92 0 0.01 601.28 601.96 601.96 601.96
-28.798800 -50.429798 DCRS-00086 2026-09-14_19:56 12.0 -999.9 -999.9 94.7 -999.9 -999.9 11.2 -999.9 -999.9 984.1 -999.9 -999.9 4.1 -999.9 5.3 0.0 0.0 0.0 0.0 0.0 39.4 41.8 16.2 8.6 94.7 68.2 10.9 DCRS_-_Bom_Jesus/Jaquirana_(606_m) -999.9 -999.9 985.4 950.0 984.1 13.0 6.6 296.0 Rio_Grande_do_Sul DCRS -999.9 0.0 0.0 600.98 601.08 600.92 0 -0.01 601.28 601.96 601.96 601.96
-28.798800 -50.429798 DCRS-00086 2026-09-14_19:57 12.0 -999.9 -999.9 94.7 -999.9 -999.9 11.2 -999.9 -999.9 984.2 -999.9 -999.9 4.0 -999.9 5.3 0.0 0.0 0.0 0.0 0.0 39.4 41.8 16.2 8.6 94.7 68.2 10.9 DCRS_-_Bom_Jesus/Jaquirana_(606_m) -999.9 -999.9 985.4 950.0 984.2 13.0 6.6 296.0 Rio_Grande_do_Sul DCRS -999.9 0.0 0.0 601.0 601.08 600.92 0 0.01 601.28 601.96 601.96 601.96
-28.798800 -50.429798 DCRS-00086 2026-09-14_19:58 12.0 -999.9 -999.9 94.7 -999.9 -999.9 11.2 -999.9 -999.9 984.4 -999.9 -999.9 0.0 -999.9 5.3 0.0 0.0 0.0 0.0 0.0 39.4 41.8 16.2 8.6 94.7 68.2 10.9 DCRS_-_Bom_Jesus/Jaquirana_(606_m) -999.9 -999.9 985.4 950.0 984.4 13.0 6.6 296.0 Rio_Grande_do_Sul DCRS -999.9 0.0 0.0 600.95 601.08 600.92 0 -0.04 601.28 601.96 601.96 601.96
-28.798800 -50.429798 DCRS-00086 2026-09-14_19:59 12.0 -999.9 -999.9 94.7 -999.9 -999.9 11.2 -999.9 -999.9 984.5 -999.9 -999.9 1.8 -999.9 5.3 0.0 0.0 0.0 0.0 0.0 39.4 41.8 16.2 8.6 94.7 68.2 10.9 DCRS_-_Bom_Jesus/Jaquirana_(606_m) -999.9 -999.9 985.4 950.0 984.5 13.0 6.6 296.0 Rio_Grande_do_Sul DCRS -999.9 0.0 0.0 601.0 601.08 600.92 0 0.03 601.28 601.96 601.96 601.96
-28.798800 -50.429798 DCRS-00086 2026-09-14_20:00 12.0 -999.9 -999.9 94.9 -999.9 -999.9 11.2 -999.9 -999.9 984.6 -999.9 -999.9 3.1 -999.9 4.6 0.0 0.0 0.0 0.0 0.0 39.4 41.8 16.2 8.6 94.9 68.2 10.9 DCRS_-_Bom_Jesus/Jaquirana_(606_m) -999.9 -999.9 985.4 950.0 984.6 13.0 6.6 296.0 Rio_Grande_do_Sul DCRS -999.9 0.0 0.0 600.98 601.08 600.92 0 -0.01 601.28 601.96 601.96 601.96
-28.798800 -50.429798 DCRS-00086 2026-09-14_20:01 12.0 -999.9 -999.9 95.0 -999.9 -999.9 11.2 -999.9 -999.9 984.9 -999.9 -999.9 -999.9 -999.9 4.6 0.0 0.0 0.0 0.0 0.0 39.4 41.8 16.2 8.6 95.0 68.2 10.9 DCRS_-_Bom_Jesus/Jaquirana_(606_m) -999.9 -999.9 985.4 950.0 984.9 13.0 6.6 296.0 Rio_Grande_do_Sul DCRS -999.9 0.0 0.0 600.99 601.08 600.92 0 0.0 601.28 601.96 601.96 601.96
-28.798800 -50.429798 DCRS-00086 2026-09-14_20:02 12.0 -999.9 -999.9 95.0 -999.9 -999.9 11.2 -999.9 -999.9 985.3 -999.9 -999.9 -999.9 -999.9 4.6 0.0 0.0 0.0 0.0 0.0 39.4 41.8 16.2 8.6 95.0 68.2 10.9 DCRS_-_Bom_Jesus/Jaquirana_(606_m) -999.9 -999.9 985.4 950.0 985.3 13.0 6.6 296.0 Rio_Grande_do_Sul DCRS -999.9 0.0 0.0 600.98 601.08 600.92 0 -0.01 601.28 601.96 601.96 601.96
-28.798800 -50.429798 DCRS-00086 2026-09-14_20:03 12.0 -999.9 -999.9 95.0 -999.9 -999.9 11.2 -999.9 -999.9 985.6 -999.9 -999.9 -999.9 -999.9 4.6 0.0 0.0 0.0 0.0 0.0 39.4 41.8 16.2 8.6 95.0 68.2 10.9 DCRS_-_Bom_Jesus/Jaquirana_(606_m) -999.9 -999.9 985.6 950.0 985.6 13.0 6.6 296.0 Rio_Grande_do_Sul DCRS -999.9 0.0 0.0 600.96 601.08 600.92 0 -0.03 601.28 601.96 601.96 601.96
-28.798800 -50.429798 DCRS-00086 2026-09-14_20:04 12.0 -999.9 -999.9 95.1 -999.9 -999.9 11.2 -999.9 -999.9 985.8 -999.9 -999.9 4.3 -999.9 4.6 0.0 0.0 0.0 0.0 0.0 39.4 41.8 16.2 8.6 95.1 68.2 10.9 DCRS_-_Bom_Jesus/Jaquirana_(606_m) -999.9 -999.9 985.8 950.0 985.8 13.0 6.6 296.0 Rio_Grande_do_Sul DCRS -999.9 0.0 0.0 600.99 601.08 600.92 0 0.0 601.28 601.96 601.96 601.96
-28.798800 -50.429798 DCRS-00086 2026-09-14_20:05 12.1 -999.9 -999.9 95.1 -999.9 -999.9 11.3 -999.9 -999.9 986.0 -999.9 -999.9 4.5 -999.9 6.2 0.0 0.0 0.0 0.0 0.0 39.4 41.8 16.2 8.6 95.1 68.2 10.9 DCRS_-_Bom_Jesus/Jaquirana_(606_m) -999.9 -999.9 986.0 950.0 986.0 13.0 6.6 296.0 Rio_Grande_do_Sul DCRS -999.9 0.0 0.0 601.0 601.08 600.92 0 0.0 601.28 601.96 601.96 601.96
-28.798800 -50.429798 DCRS-00086 2026-09-14_20:06 12.1 -999.9 -999.9 95.1 -999.9 -999.9 11.3 -999.9 -999.9 986.1 -999.9 -999.9 4.3 -999.9 6.2 0.0 0.0 0.0 0.0 0.0 39.4 41.8 16.2 8.6 95.1 68.2 10.9 DCRS_-_Bom_Jesus/Jaquirana_(606_m) -999.9 -999.9 986.1 950.0 986.1 13.0 6.6 296.0 Rio_Grande_do_Sul DCRS -999.9 0.0 0.0 600.96 601.08 600.92 0 -0.04 601.28 601.96 601.96 601.96
-28.798800 -50.429798 DCRS-00086 2026-09-14_20:07 12.0 -999.9 -999.9 95.1 -999.9 -999.9 11.2 -999.9 -999.9 986.4 -999.9 -999.9 4.8 -999.9 6.2 0.0 0.0 0.0 0.0 0.0 39.4 41.8 16.2 8.6 95.1 68.2 10.9 DCRS_-_Bom_Jesus/Jaquirana_(606_m) -999.9 -999.9 986.4 950.0 986.4 13.0 6.6 296.0 Rio_Grande_do_Sul DCRS -999.9 0.0 0.0 600.99 601.08 600.92 0 0.01 601.28 601.96 601.96 601.96
-28.798800 -50.429798 DCRS-00086 2026-09-14_20:08 12.0 -999.9 -999.9 95.1 -999.9 -999.9 11.2 -999.9 -999.9 986.6 -999.9 -999.9 4.1 -999.9 6.2 0.0 0.0 0.0 0.0 0.0 39.4 41.8 16.2 8.6 95.1 68.2 10.9 DCRS_-_Bom_Jesus/Jaquirana_(606_m) -999.9 -999.9 986.6 950.0 986.6 13.0 6.6 296.0 Rio_Grande_do_Sul DCRS -999.9 0.0 0.0 600.98 601.08 600.92 0 0.0 601.28 601.96 601.96 601.96
-28.798800 -50.429798 DCRS-00086 2026-09-14_20:09 12.0 -999.9 -999.9 95.1 -999.9 -999.9 11.2 -999.9 -999.9 986.7 -999.9 -999.9 4.2 -999.9 6.2 0.0 0.0 0.0 0.0 0.0 39.4 41.8 16.2 8.6 95.1 68.2 10.9 DCRS_-_Bom_Jesus/Jaquirana_(606_m) -999.9 -999.9 986.7 950.0 986.7 13.0 6.6 296.0 Rio_Grande_do_Sul DCRS -999.9 0.0 0.0 600.99 601.08 600.92 0 0.0 601.28 601.96 601.96 601.96
-28.798800 -50.429798 DCRS-00086 2026-09-14_20:10 12.1 -999.9 -999.9 95.1 -999.9 -999.9 11.3 -999.9 -999.9 986.8 -999.9 -999.9 4.2 -999.9 5.1 0.0 0.0 0.0 0.0 0.0 39.4 41.8 16.2 8.6 95.1 68.2 10.9 DCRS_-_Bom_Jesus/Jaquirana_(606_m) -999.9 -999.9 986.8 950.0 986.8 13.0 6.6 296.0 Rio_Grande_do_Sul DCRS -999.9 0.0 0.0 600.96 601.08 600.92 0 -0.03 601.28 601.96 601.96 601.96
-28.798800 -50.429798 DCRS-00086 2026-09-14_20:11 12.0 -999.9 -999.9 95.0 -999.9 -999.9 11.2 -999.9 -999.9 986.7 -999.9 -999.9 4.0 -999.9 5.1 0.0 0.0 0.0 0.0 0.0 39.4 41.8 16.2 8.6 95.1 68.2 10.9 DCRS_-_Bom_Jesus/Jaquirana_(606_m) -999.9 -999.9 986.8 950.0 986.7 13.0 6.6 296.0 Rio_Grande_do_Sul DCRS -999.9 0.0 0.0 600.99 601.08 600.92 0 0.0 601.28 601.96 601.96 601.96
-28.798800 -50.429798 DCRS-00086 2026-09-14_20:12 12.0 -999.9 -999.9 95.1 -999.9 -999.9 11.2 -999.9 -999.9 986.8 -999.9 -999.9 4.9 -999.9 5.1 0.0 0.0 0.0 0.0 0.0 39.4 41.8 16.2 8.6 95.1 68.2 10.9 DCRS_-_Bom_Jesus/Jaquirana_(606_m) -999.9 -999.9 986.8 950.0 986.8 13.0 6.6 296.0 Rio_Grande_do_Sul DCRS -999.9 0.0 0.0 600.99 601.08 600.92 0 -0.01 601.28 601.96 601.96 601.96
-28.798800 -50.429798 DCRS-00086 2026-09-14_20:13 12.0 -999.9 -999.9 95.0 -999.9 -999.9 11.2 -999.9 -999.9 986.8 -999.9 -999.9 5.1 -999.9 5.1 0.0 0.0 0.0 0.0 0.0 39.4 41.8 16.2 8.6 95.1 68.2 10.9 DCRS_-_Bom_Jesus/Jaquirana_(606_m) -999.9 -999.9 986.8 950.0 986.8 13.0 6.6 296.0 Rio_Grande_do_Sul DCRS -999.9 0.0 0.0 600.98 601.08 600.92 0 -0.02 601.28 601.96 601.96 601.96
-28.798800 -50.429798 DCRS-00086 2026-09-14_20:14 12.1 -999.9 -999.9 95.1 -999.9 -999.9 11.3 -999.9 -999.9 986.9 -999.9 -999.9 5.1 -999.9 5.1 0.0 0.0 0.0 0.0 0.0 39.4 41.8 16.2 8.6 95.1 68.2 10.9 DCRS_-_Bom_Jesus/Jaquirana_(606_m) -999.9 -999.9 986.9 950.0 986.9 13.0 6.6 296.0 Rio_Grande_do_Sul DCRS -999.9 0.0 0.0 600.98 601.08 600.92 0 -0.01 601.28 601.96 601.96 601.96
-28.798800 -50.429798 DCRS-00086 2026-09-14_20:15 12.1 -999.9 -999.9 95.1 -999.9 -999.9 11.3 -999.9 -999.9 987.1 -999.9 -999.9 5.3 -999.9 5.5 0.0 0.0 0.0 0.0 0.0 39.4 41.8 16.2 8.6 95.1 68.2 10.9 DCRS_-_Bom_Jesus/Jaquirana_(606_m) -999.9 -999.9 987.1 950.0 987.1 13.0 6.6 296.0 Rio_Grande_do_Sul DCRS -999.9 0.0 0.0 601.0 601.08 600.92 0 0.0 601.28 601.96 601.96 601.96
-28.798800 -50.429798 DCRS-00086 2026-09-14_20:16 12.1 -999.9 -999.9 95.1 -999.9 -999.9 11.3 -999.9 -999.9 987.2 -999.9 -999.9 -999.9 -999.9 5.5 0.0 0.0 0.0 0.0 0.0 39.4 41.8 16.2 8.6 95.1 68.2 10.9 DCRS_-_Bom_Jesus/Jaquirana_(606_m) -999.9 -999.9 987.2 950.0 987.2 13.0 6.6 296.0 Rio_Grande_do_Sul DCRS -999.9 0.0 0.0 600.98 601.08 600.92 0 0.0 601.28 601.96 601.96 601.96
-28.798800 -50.429798 DCRS-00086 2026-09-14_20:17 12.1 -999.9 -999.9 95.0 -999.9 -999.9 11.3 -999.9 -999.9 987.2 -999.9 -999.9 -999.9 -999.9 5.5 0.0 0.0 0.0 0.0 0.0 39.4 41.8 16.2 8.6 95.1 68.2 10.9 DCRS_-_Bom_Jesus/Jaquirana_(606_m) -999.9 -999.9 987.2 950.0 987.2 13.0 6.6 296.0 Rio_Grande_do_Sul DCRS -999.9 0.0 0.0 600.99 601.08 600.92 0 0.01 601.28 601.96 601.96 601.96
-28.798800 -50.429798 DCRS-00086 2026-09-14_20:18 12.1 -999.9 -999.9 94.9 -999.9 -999.9 11.3 -999.9 -999.9 986.9 -999.9 -999.9 -999.9 -999.9 5.5 0.0 0.0 0.0 0.0 0.0 39.4 41.8 16.2 8.6 95.1 68.2 10.9 DCRS_-_Bom_Jesus/Jaquirana_(606_m) -999.9 -999.9 987.2 950.0 986.9 13.0 6.6 296.0 Rio_Grande_do_Sul DCRS -999.9 0.0 0.0 600.98 601.08 600.92 0 -0.03 601.28 601.96 601.96 601.96
-28.798800 -50.429798 DCRS-00086 2026-09-14_20:19 12.1 -999.9 -999.9 95.0 -999.9 -999.9 11.3 -999.9 -999.9 986.8 -999.9 -999.9 -999.9 -999.9 5.5 0.0 0.0 0.0 0.0 0.0 39.4 41.8 16.2 8.6 95.1 68.2 10.9 DCRS_-_Bom_Jesus/Jaquirana_(606_m) -999.9 -999.9 987.2 950.0 986.8 13.0 6.6 296.0 Rio_Grande_do_Sul DCRS -999.9 0.0 0.0 600.99 601.08 600.92 0 -0.02 601.28 601.96 601.96 601.96
-28.798800 -50.429798 DCRS-00086 2026-09-14_20:20 12.1 -999.9 -999.9 95.0 -999.9 -999.9 11.3 -999.9 -999.9 986.8 -999.9 -999.9 5.5 -999.9 6.5 0.0 0.0 0.0 0.0 0.0 39.4 41.8 16.2 8.6 95.1 68.2 10.9 DCRS_-_Bom_Jesus/Jaquirana_(606_m) -999.9 -999.9 987.2 950.0 986.8 13.0 6.6 296.0 Rio_Grande_do_Sul DCRS -999.9 0.0 0.0 600.99 601.08 600.92 0 0.01 601.28 601.96 601.96 601.96
-28.798800 -50.429798 DCRS-00086 2026-09-14_20:21 12.1 -999.9 -999.9 95.0 -999.9 -999.9 11.3 -999.9 -999.9 986.9 -999.9 -999.9 5.2 -999.9 6.5 0.0 0.0 0.0 0.0 0.0 39.4 41.8 16.2 8.6 95.1 68.2 10.9 DCRS_-_Bom_Jesus/Jaquirana_(606_m) -999.9 -999.9 987.2 950.0 986.9 13.0 6.6 296.0 Rio_Grande_do_Sul DCRS -999.9 0.0 0.0 600.99 601.08 600.92 0 -0.01 601.28 601.96 601.96 601.96
-28.798800 -50.429798 DCRS-00086 2026-09-14_20:22 12.1 -999.9 -999.9 95.0 -999.9 -999.9 11.3 -999.9 -999.9 987.0 -999.9 -999.9 5.2 -999.9 6.5 0.0 0.0 0.0 0.0 0.0 39.4 41.8 16.2 8.6 95.1 68.2 10.9 DCRS_-_Bom_Jesus/Jaquirana_(606_m) -999.9 -999.9 987.2 950.0 987.0 13.0 6.6 296.0 Rio_Grande_do_Sul DCRS -999.9 0.0 0.0 600.99 601.08 600.92 0 0.02 601.28 601.96 601.96 601.96
-28.798800 -50.429798 DCRS-00086 2026-09-14_20:23 12.1 -999.9 -999.9 95.0 -999.9 -999.9 11.3 -999.9 -999.9 987.0 -999.9 -999.9 4.9 -999.9 6.5 0.0 0.0 0.0 0.0 0.0 39.4 41.8 16.2 8.6 95.1 68.2 10.9 DCRS_-_Bom_Jesus/Jaquirana_(606_m) -999.9 -999.9 987.2 950.0 987.0 13.0 6.6 296.0 Rio_Grande_do_Sul DCRS -999.9 0.0 0.0 600.99 601.08 600.92 0 0.02 601.28 601.96 601.96 601.96
-28.798800 -50.429798 DCRS-00086 2026-09-14_20:24 12.1 -999.9 -999.9 95.1 -999.9 -999.9 11.3 -999.9 -999.9 987.1 -999.9 -999.9 5.2 -999.9 6.5 0.0 0.0 0.0 0.0 0.0 39.4 41.8 16.2 8.6 95.1 68.2 10.9 DCRS_-_Bom_Jesus/Jaquirana_(606_m) -999.9 -999.9 987.2 950.0 987.1 13.0 6.6 296.0 Rio_Grande_do_Sul DCRS -999.9 0.0 0.0 600.99 601.08 600.92 0 -0.01 601.28 601.96 601.96 601.96
-28.798800 -50.429798 DCRS-00086 2026-09-14_20:25 12.1 -999.9 -999.9 95.0 -999.9 -999.9 11.3 -999.9 -999.9 987.0 -999.9 -999.9 5.6 -999.9 6.2 0.0 0.0 0.0 0.0 0.0 39.4 41.8 16.2 8.6 95.1 68.2 10.9 DCRS_-_Bom_Jesus/Jaquirana_(606_m) -999.9 -999.9 987.2 950.0 987.0 13.0 6.6 296.0 Rio_Grande_do_Sul DCRS -999.9 0.0 0.0 600.99 601.08 600.92 0 -0.01 601.28 601.96 601.96 601.96
-28.798800 -50.429798 DCRS-00086 2026-09-14_20:26 12.1 -999.9 -999.9 95.1 -999.9 -999.9 -999.9 -999.9 -999.9 987.1 -999.9 -999.9 5.5 -999.9 6.2 0.0 0.0 0.0 0.0 0.0 39.4 41.8 16.2 8.6 95.1 68.2 10.9 DCRS_-_Bom_Jesus/Jaquirana_(606_m) -999.9 -999.9 987.2 950.0 987.1 13.0 6.6 296.0 Rio_Grande_do_Sul DCRS -999.9 0.0 0.0 600.98 601.08 600.92 0 -0.02 601.28 601.96 601.96 601.96
-28.798800 -50.429798 DCRS-00086 2026-09-14_20:27 12.1 -999.9 -999.9 95.1 -999.9 -999.9 11.3 -999.9 -999.9 987.2 -999.9 -999.9 5.1 -999.9 6.2 0.0 0.0 0.0 0.0 0.0 39.4 41.8 16.2 8.6 95.1 68.2 10.9 DCRS_-_Bom_Jesus/Jaquirana_(606_m) -999.9 -999.9 987.2 950.0 987.2 13.0 6.6 296.0 Rio_Grande_do_Sul DCRS -999.9 0.0 0.0 600.97 601.08 600.92 0 -0.03 601.28 601.96 601.96 601.96
-28.798800 -50.429798 DCRS-00086 2026-09-14_20:28 12.1 -999.9 -999.9 94.9 -999.9 -999.9 11.3 -999.9 -999.9 987.1 -999.9 -999.9 5.2 -999.9 6.2 0.0 0.0 0.0 0.0 0.0 39.4 41.8 16.2 8.6 95.1 68.2 10.9 DCRS_-_Bom_Jesus/Jaquirana_(606_m) -999.9 -999.9 987.2 950.0 987.1 13.0 6.6 296.0 Rio_Grande_do_Sul DCRS -999.9 0.0 0.0 600.98 601.08 600.92 0 -0.02 601.28 601.96 601.96 601.96
-28.798800 -50.429798 DCRS-00086 2026-09-14_20:29 12.2 -999.9 -999.9 95.0 -999.9 -999.9 11.4 -999.9 -999.9 987.2 -999.9 -999.9 4.3 -999.9 6.2 0.0 0.0 0.0 0.0 0.0 39.4 41.8 16.2 8.6 95.1 68.2 10.9 DCRS_-_Bom_Jesus/Jaquirana_(606_m) -999.9 -999.9 987.2 950.0 987.2 13.0 6.6 296.0 Rio_Grande_do_Sul DCRS -999.9 0.0 0.0 600.99 601.08 600.92 0 0.05 601.28 601.96 601.96 601.96
-28.798800 -50.429798 DCRS-00086 2026-09-14_20:30 12.1 -999.9 -999.9 95.1 -999.9 -999.9 11.3 -999.9 -999.9 987.3 -999.9 -999.9 5.3 -999.9 6.1 0.0 0.0 0.0 0.0 0.0 39.4 41.8 16.2 8.6 95.1 68.2 10.9 DCRS_-_Bom_Jesus/Jaquirana_(606_m) -999.9 -999.9 987.3 950.0 987.3 13.0 6.6 296.0 Rio_Grande_do_Sul DCRS -999.9 0.0 0.0 600.98 601.08 600.92 0 -0.02 601.28 601.96 601.96 601.96
-28.798800 -50.429798 DCRS-00086 2026-09-14_20:31 12.2 -999.9 -999.9 95.1 -999.9 -999.9 11.4 -999.9 -999.9 987.4 -999.9 -999.9 4.5 -999.9 6.1 0.0 0.0 0.0 0.0 0.0 39.4 41.8 16.2 8.6 95.1 68.2 10.9 DCRS_-_Bom_Jesus/Jaquirana_(606_m) -999.9 -999.9 987.4 950.0 987.4 13.0 6.6 296.0 Rio_Grande_do_Sul DCRS -999.9 0.0 0.0 600.98 601.08 600.92 0 -0.02 601.28 601.96 601.96 601.96
-28.798800 -50.429798 DCRS-00086 2026-09-14_20:32 12.2 -999.9 -999.9 95.1 -999.9 -999.9 11.4 -999.9 -999.9 987.4 -999.9 -999.9 4.8 -999.9 6.1 0.0 0.0 0.0 0.0 0.0 39.4 41.8 16.2 8.6 95.1 68.2 10.9 DCRS_-_Bom_Jesus/Jaquirana_(606_m) -999.9 -999.9 987.4 950.0 987.4 13.0 6.6 296.0 Rio_Grande_do_Sul DCRS -999.9 0.0 0.0 600.98 601.08 600.92 0 0.04 601.28 601.96 601.96 601.96
-28.798800 -50.429798 DCRS-00086 2026-09-14_20:33 12.2 -999.9 -999.9 95.1 -999.9 -999.9 11.4 -999.9 -999.9 987.4 -999.9 -999.9 5.4 -999.9 6.1 0.0 0.0 0.0 0.0 0.0 39.4 41.8 16.2 8.6 95.1 68.2 10.9 DCRS_-_Bom_Jesus/Jaquirana_(606_m) -999.9 -999.9 987.4 950.0 987.4 13.0 6.6 296.0 Rio_Grande_do_Sul DCRS -999.9 0.0 0.0 600.99 601.08 600.92 0 0.05 601.28 601.96 601.96 601.96
-28.798800 -50.429798 DCRS-00086 2026-09-14_20:34 12.2 -999.9 -999.9 95.0 -999.9 -999.9 11.4 -999.9 -999.9 987.4 -999.9 -999.9 5.0 -999.9 6.1 0.0 0.0 0.0 0.0 0.0 39.4 41.8 16.2 8.6 95.1 68.2 10.9 DCRS_-_Bom_Jesus/Jaquirana_(606_m) -999.9 -999.9 987.4 950.0 987.4 13.0 6.6 296.0 Rio_Grande_do_Sul DCRS -999.9 0.0 0.0 600.98 601.08 600.92 0 0.0 601.28 601.96 601.96 601.96
-28.798800 -50.429798 DCRS-00086 2026-09-14_20:35 12.1 -999.9 -999.9 95.0 -999.9 -999.9 11.3 -999.9 -999.9 987.4 -999.9 -999.9 4.7 -999.9 5.6 0.0 0.0 0.0 0.0 0.0 39.4 41.8 16.2 8.6 95.1 68.2 10.9 DCRS_-_Bom_Jesus/Jaquirana_(606_m) -999.9 -999.9 987.4 950.0 987.4 13.0 6.6 296.0 Rio_Grande_do_Sul DCRS -999.9 0.0 0.0 600.99 601.08 600.92 0 0.01 601.28 601.96 601.96 601.96
-28.798800 -50.429798 DCRS-00086 2026-09-14_20:36 12.3 -999.9 -999.9 95.1 -999.9 -999.9 11.5 -999.9 -999.9 987.4 -999.9 -999.9 4.6 -999.9 5.6 0.0 0.0 0.0 0.0 0.0 39.4 41.8 16.2 8.6 95.1 68.2 10.9 DCRS_-_Bom_Jesus/Jaquirana_(606_m) -999.9 -999.9 987.4 950.0 987.4 13.0 6.6 296.0 Rio_Grande_do_Sul DCRS -999.9 0.0 0.0 600.99 601.08 600.92 0 0.0 601.28 601.96 601.96 601.96
-28.798800 -50.429798 DCRS-00086 2026-09-14_20:37 12.2 -999.9 -999.9 95.0 -999.9 -999.9 11.4 -999.9 -999.9 987.4 -999.9 -999.9 4.9 -999.9 5.6 0.0 0.0 0.0 0.0 0.0 39.4 41.8 16.2 8.6 95.1 68.2 10.9 DCRS_-_Bom_Jesus/Jaquirana_(606_m) -999.9 -999.9 987.4 950.0 987.4 13.0 6.6 296.0 Rio_Grande_do_Sul DCRS -999.9 0.0 0.0 601.0 601.08 600.92 0 0.0 601.28 601.96 601.96 601.96
-28.798800 -50.429798 DCRS-00086 2026-09-14_20:38 12.2 -999.9 -999.9 95.0 -999.9 -999.9 11.4 -999.9 -999.9 987.4 -999.9 -999.9 5.2 -999.9 5.6 0.0 0.0 0.0 0.0 0.0 39.4 41.8 16.2 8.6 95.1 68.2 10.9 DCRS_-_Bom_Jesus/Jaquirana_(606_m) -999.9 -999.9 987.4 950.0 987.4 13.0 6.6 296.0 Rio_Grande_do_Sul DCRS -999.9 0.0 0.0 600.99 601.08 600.92 0 0.03 601.28 601.96 601.96 601.96
-28.798800 -50.429798 DCRS-00086 2026-09-14_20:39 12.2 -999.9 -999.9 95.0 -999.9 -999.9 11.4 -999.9 -999.9 987.3 -999.9 -999.9 5.2 -999.9 5.6 0.0 0.0 0.0 0.0 0.0 39.4 41.8 16.2 8.6 95.1 68.2 10.9 DCRS_-_Bom_Jesus/Jaquirana_(606_m) -999.9 -999.9 987.4 950.0 987.3 13.0 6.6 296.0 Rio_Grande_do_Sul DCRS -999.9 0.0 0.0 600.98 601.08 600.92 0 -0.01 601.28 601.96 601.96 601.96
-28.798800 -50.429798 DCRS-00086 2026-09-14_20:40 12.2 -999.9 -999.9 94.9 -999.9 -999.9 11.4 -999.9 -999.9 987.3 -999.9 -999.9 4.6 -999.9 6.1 0.0 0.0 0.0 0.0 0.0 39.4 41.8 16.2 8.6 95.1 68.2 10.9 DCRS_-_Bom_Jesus/Jaquirana_(606_m) -999.9 -999.9 987.4 950.0 987.3 13.0 6.6 296.0 Rio_Grande_do_Sul DCRS -999.9 0.0 0.0 600.99 601.08 600.92 0 -0.01 601.28 601.96 601.96 601.96
-28.798800 -50.429798 DCRS-00086 2026-09-14_20:41 12.3 -999.9 -999.9 95.0 -999.9 -999.9 11.5 -999.9 -999.9 987.3 -999.9 -999.9 4.5 -999.9 6.1 0.0 0.0 0.0 0.0 0.0 39.4 41.8 16.2 8.6 95.1 68.2 10.9 DCRS_-_Bom_Jesus/Jaquirana_(606_m) -999.9 -999.9 987.4 950.0 987.3 13.0 6.6 296.0 Rio_Grande_do_Sul DCRS -999.9 0.0 0.0 600.97 601.08 600.92 0 -0.02 601.28 601.96 601.96 601.96
-28.798800 -50.429798 DCRS-00086 2026-09-14_20:42 12.2 -999.9 -999.9 95.0 -999.9 -999.9 11.4 -999.9 -999.9 987.3 -999.9 -999.9 3.5 -999.9 6.1 0.0 0.0 0.0 0.0 0.0 39.4 41.8 16.2 8.6 95.1 68.2 10.9 DCRS_-_Bom_Jesus/Jaquirana_(606_m) -999.9 -999.9 987.4 950.0 987.3 13.0 6.6 296.0 Rio_Grande_do_Sul DCRS -999.9 0.0 0.0 600.98 601.08 600.92 0 -0.01 601.28 601.96 601.96 601.96
-28.798800 -50.429798 DCRS-00086 2026-09-14_20:43 12.2 -999.9 -999.9 94.9 -999.9 -999.9 11.4 -999.9 -999.9 987.1 -999.9 -999.9 4.9 -999.9 6.1 0.0 0.0 0.0 0.0 0.0 39.4 41.8 16.2 8.6 95.1 68.2 10.9 DCRS_-_Bom_Jesus/Jaquirana_(606_m) -999.9 -999.9 987.4 950.0 987.1 13.0 6.6 296.0 Rio_Grande_do_Sul DCRS -999.9 0.0 0.0 601.0 601.08 600.92 0 0.0 601.28 601.96 601.96 601.96
-28.798800 -50.429798 DCRS-00086 2026-09-14_20:44 12.2 -999.9 -999.9 94.9 -999.9 -999.9 11.4 -999.9 -999.9 987.0 -999.9 -999.9 4.8 -999.9 6.1 0.0 0.0 0.0 0.0 0.0 39.4 41.8 16.2 8.6 95.1 68.2 10.9 DCRS_-_Bom_Jesus/Jaquirana_(606_m) -999.9 -999.9 987.4 950.0 987.0 13.0 6.6 296.0 Rio_Grande_do_Sul DCRS -999.9 0.0 0.0 600.99 601.08 600.92 0 0.0 601.28 601.96 601.96 601.96
-28.798800 -50.429798 DCRS-00086 2026-09-14_20:45 12.2 -999.9 -999.9 94.9 -999.9 -999.9 11.4 -999.9 -999.9 986.9 -999.9 -999.9 3.9 -999.9 5.4 0.0 0.0 0.0 0.0 0.0 39.4 41.8 16.2 8.6 95.1 68.2 10.9 DCRS_-_Bom_Jesus/Jaquirana_(606_m) -999.9 -999.9 987.4 950.0 986.9 13.0 6.6 296.0 Rio_Grande_do_Sul DCRS -999.9 0.0 0.0 600.97 601.08 600.92 0 -0.02 601.28 601.96 601.96 601.96
-28.798800 -50.429798 DCRS-00086 2026-09-14_20:46 12.2 -999.9 -999.9 94.9 -999.9 -999.9 11.4 -999.9 -999.9 986.8 -999.9 -999.9 4.1 -999.9 5.4 0.0 0.0 0.0 0.0 0.0 39.4 41.8 16.2 8.6 95.1 68.2 10.9 DCRS_-_Bom_Jesus/Jaquirana_(606_m) -999.9 -999.9 987.4 950.0 986.8 13.0 6.6 296.0 Rio_Grande_do_Sul DCRS -999.9 0.0 0.0 601.0 601.08 600.92 0 0.01 601.28 601.96 601.96 601.96
-28.798800 -50.429798 DCRS-00086 2026-09-14_20:47 12.2 -999.9 -999.9 94.9 -999.9 -999.9 11.4 -999.9 -999.9 986.6 -999.9 -999.9 4.0 -999.9 5.4 0.0 0.0 0.0 0.0 0.0 39.4 41.8 16.2 8.6 95.1 68.2 10.9 DCRS_-_Bom_Jesus/Jaquirana_(606_m) -999.9 -999.9 987.4 950.0 986.6 13.0 6.6 296.0 Rio_Grande_do_Sul DCRS -999.9 0.0 0.0 600.97 601.08 600.92 0 -0.01 601.28 601.96 601.96 601.96
-28.798800 -50.429798 DCRS-00086 2026-09-14_20:48 12.2 -999.9 -999.9 94.8 -999.9 -999.9 11.4 -999.9 -999.9 986.4 -999.9 -999.9 4.7 -999.9 5.4 0.0 0.0 0.0 0.0 0.0 39.4 41.8 16.2 8.6 95.1 68.2 10.9 DCRS_-_Bom_Jesus/Jaquirana_(606_m) -999.9 -999.9 987.4 950.0 986.4 13.0 6.6 296.0 Rio_Grande_do_Sul DCRS -999.9 0.0 0.0 600.98 601.08 600.92 0 -0.01 601.28 601.96 601.96 601.96
-28.798800 -50.429798 DCRS-00086 2026-09-14_20:49 12.2 -999.9 -999.9 94.8 -999.9 -999.9 11.4 -999.9 -999.9 986.3 -999.9 -999.9 4.7 -999.9 5.4 0.0 0.0 0.0 0.0 0.0 39.4 41.8 16.2 8.6 95.1 68.2 10.9 DCRS_-_Bom_Jesus/Jaquirana_(606_m) -999.9 -999.9 987.4 950.0 986.3 13.0 6.6 296.0 Rio_Grande_do_Sul DCRS -999.9 0.0 0.0 600.98 601.08 600.92 0 0.01 601.28 601.96 601.96 601.96
-28.798800 -50.429798 DCRS-00086 2026-09-14_20:50 12.2 -999.9 -999.9 94.8 -999.9 -999.9 11.4 -999.9 -999.9 986.2 -999.9 -999.9 4.6 -999.9 5.1 0.0 0.0 0.0 0.0 0.0 39.4 41.8 16.2 8.6 95.1 68.2 10.9 DCRS_-_Bom_Jesus/Jaquirana_(606_m) -999.9 -999.9 987.4 950.0 986.2 13.0 6.6 296.0 Rio_Grande_do_Sul DCRS -999.9 0.0 0.0 600.97 601.08 600.92 0 -0.03 601.28 601.96 601.96 601.96
-28.798800 -50.429798 DCRS-00086 2026-09-14_20:51 12.2 -999.9 -999.9 94.8 -999.9 -999.9 11.4 -999.9 -999.9 986.1 -999.9 -999.9 4.5 -999.9 5.1 0.0 0.0 0.0 0.0 0.0 39.4 41.8 16.2 8.6 95.1 68.2 10.9 DCRS_-_Bom_Jesus/Jaquirana_(606_m) -999.9 -999.9 987.4 950.0 986.1 13.0 6.6 296.0 Rio_Grande_do_Sul DCRS -999.9 0.0 0.0 600.98 601.08 600.92 0 -0.02 601.28 601.96 601.96 601.96
-28.798800 -50.429798 DCRS-00086 2026-09-14_20:52 12.2 -999.9 -999.9 94.8 -999.9 -999.9 11.4 -999.9 -999.9 986.0 -999.9 -999.9 4.6 -999.9 5.1 0.0 0.0 0.0 0.0 0.0 39.4 41.8 16.2 8.6 95.1 68.2 10.9 DCRS_-_Bom_Jesus/Jaquirana_(606_m) -999.9 -999.9 987.4 950.0 986.0 13.0 6.6 296.0 Rio_Grande_do_Sul DCRS -999.9 0.0 0.0 600.98 601.08 600.92 0 -0.02 601.28 601.96 601.96 601.96
-28.798800 -50.429798 DCRS-00086 2026-09-14_20:53 12.2 -999.9 -999.9 94.8 -999.9 -999.9 11.4 -999.9 -999.9 985.9 -999.9 -999.9 5.0 -999.9 5.1 0.0 0.0 0.0 0.0 0.0 39.4 41.8 16.2 8.6 95.1 68.2 10.9 DCRS_-_Bom_Jesus/Jaquirana_(606_m) -999.9 -999.9 987.4 950.0 985.9 13.0 6.6 296.0 Rio_Grande_do_Sul DCRS -999.9 0.0 0.0 600.99 601.08 600.92 0 0.0 601.28 601.96 601.96 601.96
-28.798800 -50.429798 DCRS-00086 2026-09-14_20:54 12.2 -999.9 -999.9 94.7 -999.9 -999.9 11.4 -999.9 -999.9 985.8 -999.9 -999.9 4.7 -999.9 5.1 0.0 0.0 0.0 0.0 0.0 39.4 41.8 16.2 8.6 95.1 68.2 10.9 DCRS_-_Bom_Jesus/Jaquirana_(606_m) -999.9 -999.9 987.4 950.0 985.8 13.0 6.6 296.0 Rio_Grande_do_Sul DCRS -999.9 0.0 0.0 600.96 601.08 600.92 0 -0.02 601.28 601.96 601.96 601.96
-28.798800 -50.429798 DCRS-00086 2026-09-14_20:55 12.2 -999.9 -999.9 94.8 -999.9 -999.9 11.4 -999.9 -999.9 985.8 -999.9 -999.9 4.9 -999.9 5.2 0.0 0.0 0.0 0.0 0.0 39.4 41.8 16.2 8.6 95.1 68.2 10.9 DCRS_-_Bom_Jesus/Jaquirana_(606_m) -999.9 -999.9 987.4 950.0 985.8 13.0 6.6 296.0 Rio_Grande_do_Sul DCRS -999.9 0.0 0.0 600.97 601.08 600.92 0 -0.02 601.28 601.96 601.96 601.96
-28.798800 -50.429798 DCRS-00086 2026-09-14_20:56 12.2 -999.9 -999.9 94.7 -999.9 -999.9 11.4 -999.9 -999.9 985.8 -999.9 -999.9 4.7 -999.9 5.2 0.0 0.0 0.0 0.0 0.0 39.4 41.8 16.2 8.6 95.1 68.2 10.9 DCRS_-_Bom_Jesus/Jaquirana_(606_m) -999.9 -999.9 987.4 950.0 985.8 13.0 6.6 296.0 Rio_Grande_do_Sul DCRS -999.9 0.0 0.0 600.99 601.08 600.92 0 0.01 601.28 601.96 601.96 601.96
-28.798800 -50.429798 DCRS-00086 2026-09-14_20:57 12.2 -999.9 -999.9 94.7 -999.9 -999.9 11.4 -999.9 -999.9 985.6 -999.9 -999.9 -999.9 -999.9 5.2 0.0 0.0 0.0 0.0 0.0 39.4 41.8 16.2 8.6 95.1 68.2 10.9 DCRS_-_Bom_Jesus/Jaquirana_(606_m) -999.9 -999.9 987.4 950.0 985.6 13.0 6.6 296.0 Rio_Grande_do_Sul DCRS -999.9 0.0 0.0 600.99 601.08 600.92 0 0.04 601.28 601.96 601.96 601.96
-28.798800 -50.429798 DCRS-00086 2026-09-14_20:58 12.1 -999.9 -999.9 94.6 -999.9 -999.9 11.3 -999.9 -999.9 985.4 -999.9 -999.9 -999.9 -999.9 5.2 0.0 0.0 0.0 0.0 0.0 39.4 41.8 16.2 8.6 95.1 68.2 10.9 DCRS_-_Bom_Jesus/Jaquirana_(606_m) -999.9 -999.9 987.4 950.0 985.4 13.0 6.6 296.0 Rio_Grande_do_Sul DCRS -999.9 0.0 0.0 600.99 601.08 600.92 0 0.04 601.28 601.96 601.96 601.96
-28.798800 -50.429798 DCRS-00086 2026-09-14_20:59 12.2 -999.9 -999.9 94.7 -999.9 -999.9 11.4 -999.9 -999.9 985.3 -999.9 -999.9 -999.9 -999.9 5.2 0.0 0.0 0.0 0.0 0.0 39.4 41.8 16.2 8.6 95.1 68.2 10.9 DCRS_-_Bom_Jesus/Jaquirana_(606_m) -999.9 -999.9 987.4 950.0 985.3 13.0 6.6 296.0 Rio_Grande_do_Sul DCRS -999.9 0.0 0.0 600.97 601.08 600.92 0 -0.03 601.28 601.96 601.96 601.96
-28.798800 -50.429798 DCRS-00086 2026-09-14_21:00 12.1 -999.9 -999.9 94.6 -999.9 -999.9 11.3 -999.9 -999.9 985.1 -999.9 -999.9 6.2 -999.9 7.3 0.0 0.0 0.0 0.0 0.0 39.4 41.8 16.2 8.6 95.1 68.2 10.9 DCRS_-_Bom_Jesus/Jaquirana_(606_m) -999.9 -999.9 987.4 950.0 985.1 13.0 6.6 296.0 Rio_Grande_do_Sul DCRS -999.9 0.0 0.0 600.98 601.08 600.92 0 -0.01 601.28 601.96 601.96 601.96
-28.798800 -50.429798 DCRS-00086 2026-09-14_21:01 12.1 -999.9 -999.9 94.4 -999.9 -999.9 11.2 -999.9 -999.9 984.5 -999.9 -999.9 7.0 -999.9 7.3 0.0 0.0 0.0 0.0 0.0 39.4 41.8 16.2 8.6 95.1 68.2 10.9 DCRS_-_Bom_Jesus/Jaquirana_(606_m) -999.9 -999.9 987.4 950.0 984.5 13.0 6.6 296.0 Rio_Grande_do_Sul DCRS -999.9 0.0 0.0 601.0 601.08 600.92 0 0.02 601.28 601.96 601.96 601.96
-28.798800 -50.429798 DCRS-00086 2026-09-14_21:02 12.1 -999.9 -999.9 94.4 -999.9 -999.9 11.2 -999.9 -999.9 984.1 -999.9 -999.9 6.4 -999.9 7.3 0.0 0.0 0.0 0.0 0.0 39.4 41.8 16.2 8.6 95.1 68.2 10.9 DCRS_-_Bom_Jesus/Jaquirana_(606_m) -999.9 -999.9 987.4 950.0 984.1 13.0 6.6 296.0 Rio_Grande_do_Sul DCRS -999.9 0.0 0.0 600.99 601.08 600.92 0 0.01 601.28 601.96 601.96 601.96
-28.798800 -50.429798 DCRS-00086 2026-09-14_21:03 12.1 -999.9 -999.9 94.3 -999.9 -999.9 11.2 -999.9 -999.9 983.7 -999.9 -999.9 7.0 -999.9 7.3 0.0 0.0 0.0 0.0 0.0 39.4 41.8 16.2 8.6 95.1 68.2 10.9 DCRS_-_Bom_Jesus/Jaquirana_(606_m) -999.9 -999.9 987.4 950.0 983.7 13.0 6.6 296.0 Rio_Grande_do_Sul DCRS -999.9 0.0 0.0 601.0 601.08 600.92 0 0.04 601.28 601.96 601.96 601.96
-28.798800 -50.429798 DCRS-00086 2026-09-14_21:04 12.1 -999.9 -999.9 94.3 -999.9 -999.9 11.2 -999.9 -999.9 983.3 -999.9 -999.9 6.5 -999.9 7.3 0.0 0.0 0.0 0.0 0.0 39.4 41.8 16.2 8.6 95.1 68.2 10.9 DCRS_-_Bom_Jesus/Jaquirana_(606_m) -999.9 -999.9 987.4 950.0 983.3 13.0 6.6 296.0 Rio_Grande_do_Sul DCRS -999.9 0.0 0.0 601.0 601.08 600.92 0 0.0 601.28 601.96 601.96 601.96
-28.798800 -50.429798 DCRS-00086 2026-09-14_21:05 12.1 -999.9 -999.9 94.3 -999.9 -999.9 11.2 -999.9 -999.9 983.0 -999.9 -999.9 6.2 -999.9 8.7 0.0 0.0 0.0 0.0 0.0 39.4 41.8 16.2 8.6 95.1 68.2 10.9 DCRS_-_Bom_Jesus/Jaquirana_(606_m) -999.9 -999.9 987.4 950.0 983.0 13.0 6.6 296.0 Rio_Grande_do_Sul DCRS -999.9 0.0 0.0 600.98 601.08 600.92 0 0.02 601.28 601.96 601.96 601.96
-28.798800 -50.429798 DCRS-00086 2026-09-14_21:06 12.0 -999.9 -999.9 94.3 -999.9 -999.9 11.1 -999.9 -999.9 982.9 -999.9 -999.9 5.7 -999.9 8.7 0.0 0.0 0.0 0.0 0.0 39.4 41.8 16.2 8.6 95.1 68.2 10.9 DCRS_-_Bom_Jesus/Jaquirana_(606_m) -999.9 -999.9 987.4 950.0 982.9 13.0 6.6 296.0 Rio_Grande_do_Sul DCRS -999.9 0.0 0.0 601.0 601.08 600.92 0 0.01 601.28 601.96 601.96 601.96
-28.798800 -50.429798 DCRS-00086 2026-09-14_21:07 12.1 -999.9 -999.9 94.4 -999.9 -999.9 11.2 -999.9 -999.9 982.9 -999.9 -999.9 5.5 -999.9 8.7 0.0 0.0 0.0 0.0 0.0 39.4 41.8 16.2 8.6 95.1 68.2 10.9 DCRS_-_Bom_Jesus/Jaquirana_(606_m) -999.9 -999.9 987.4 950.0 982.9 13.0 6.6 296.0 Rio_Grande_do_Sul DCRS -999.9 0.0 0.0 600.96 601.08 600.92 0 -0.03 601.28 601.96 601.96 601.96
-28.798800 -50.429798 DCRS-00086 2026-09-14_21:08 12.1 -999.9 -999.9 94.4 -999.9 -999.9 11.2 -999.9 -999.9 982.9 -999.9 -999.9 5.6 -999.9 8.7 0.0 0.0 0.0 0.0 0.0 39.4 41.8 16.2 8.6 95.1 68.2 10.9 DCRS_-_Bom_Jesus/Jaquirana_(606_m) -999.9 -999.9 987.4 950.0 982.9 13.0 6.6 296.0 Rio_Grande_do_Sul DCRS -999.9 0.0 0.0 600.96 601.08 600.92 0 -0.02 601.28 601.96 601.96 601.96
-28.798800 -50.429798 DCRS-00086 2026-09-14_21:09 12.1 -999.9 -999.9 94.3 -999.9 -999.9 11.2 -999.9 -999.9 982.6 -999.9 -999.9 6.7 -999.9 8.7 0.0 0.0 0.0 0.0 0.0 39.4 41.8 16.2 8.6 95.1 68.2 10.9 DCRS_-_Bom_Jesus/Jaquirana_(606_m) -999.9 -999.9 987.4 950.0 982.6 13.0 6.6 296.0 Rio_Grande_do_Sul DCRS -999.9 0.0 0.0 600.99 601.08 600.92 0 0.0 601.28 601.96 601.96 601.96
-28.798800 -50.429798 DCRS-00086 2026-09-14_21:10 12.1 -999.9 -999.9 94.3 -999.9 -999.9 11.2 -999.9 -999.9 982.5 -999.9 -999.9 6.3 -999.9 7.5 0.0 0.0 0.0 0.0 0.0 39.4 41.8 16.2 8.6 95.1 68.2 10.9 DCRS_-_Bom_Jesus/Jaquirana_(606_m) -999.9 -999.9 987.4 950.0 982.5 13.0 6.6 296.0 Rio_Grande_do_Sul DCRS -999.9 0.0 0.0 600.99 601.08 600.92 0 0.03 601.28 601.96 601.96 601.96
-28.798800 -50.429798 DCRS-00086 2026-09-14_21:11 12.0 -999.9 -999.9 94.3 -999.9 -999.9 11.1 -999.9 -999.9 982.4 -999.9 -999.9 -999.9 -999.9 7.5 0.0 0.0 0.0 0.0 0.0 39.4 41.8 16.2 8.6 95.1 68.2 10.9 DCRS_-_Bom_Jesus/Jaquirana_(606_m) -999.9 -999.9 987.4 950.0 982.4 13.0 6.6 296.0 Rio_Grande_do_Sul DCRS -999.9 0.0 0.0 601.0 601.08 600.92 0 0.01 601.28 601.96 601.96 601.96
-28.798800 -50.429798 DCRS-00086 2026-09-14_21:12 12.1 -999.9 -999.9 94.2 -999.9 -999.9 11.2 -999.9 -999.9 982.2 -999.9 -999.9 7.0 -999.9 7.5 0.0 0.0 0.0 0.0 0.0 39.4 41.8 16.2 8.6 95.1 68.2 10.9 DCRS_-_Bom_Jesus/Jaquirana_(606_m) -999.9 -999.9 987.4 950.0 982.2 13.0 6.6 296.0 Rio_Grande_do_Sul DCRS -999.9 0.0 0.0 600.99 601.08 600.92 0 0.0 601.28 601.96 601.96 601.96
-28.798800 -50.429798 DCRS-00086 2026-09-14_21:13 12.0 -999.9 -999.9 94.2 -999.9 -999.9 11.1 -999.9 -999.9 981.8 -999.9 -999.9 7.1 -999.9 7.5 0.0 0.0 0.0 0.0 0.0 39.4 41.8 16.2 8.6 95.1 68.2 10.9 DCRS_-_Bom_Jesus/Jaquirana_(606_m) -999.9 -999.9 987.4 950.0 981.8 13.0 6.6 296.0 Rio_Grande_do_Sul DCRS -999.9 0.0 0.0 600.99 601.08 600.92 0 0.01 601.28 601.96 601.96 601.96
-28.798800 -50.429798 DCRS-00086 2026-09-14_21:14 12.0 -999.9 -999.9 94.2 -999.9 -999.9 11.1 -999.9 -999.9 981.7 -999.9 -999.9 -999.9 -999.9 7.5 0.0 0.0 0.0 0.0 0.0 39.4 41.8 16.2 8.6 95.1 68.2 10.9 DCRS_-_Bom_Jesus/Jaquirana_(606_m) -999.9 -999.9 987.4 950.0 981.7 13.0 6.6 296.0 Rio_Grande_do_Sul DCRS -999.9 0.0 0.0 600.98 601.08 600.92 0 0.0 601.28 601.96 601.96 601.96
-28.798800 -50.429798 DCRS-00086 2026-09-14_21:15 12.0 -999.9 -999.9 94.3 -999.9 -999.9 11.1 -999.9 -999.9 981.7 -999.9 -999.9 7.2 -999.9 8.9 0.0 0.0 0.0 0.0 0.0 39.4 41.8 16.2 8.6 95.1 68.2 10.9 DCRS_-_Bom_Jesus/Jaquirana_(606_m) -999.9 -999.9 987.4 950.0 981.7 13.0 6.6 296.0 Rio_Grande_do_Sul DCRS -999.9 0.0 0.0 601.01 601.08 600.92 0 0.01 601.28 601.96 601.96 601.96
-28.798800 -50.429798 DCRS-00086 2026-09-14_21:16 12.0 -999.9 -999.9 94.4 -999.9 -999.9 11.1 -999.9 -999.9 981.5 -999.9 -999.9 7.1 -999.9 8.9 0.0 0.0 0.0 0.0 0.0 39.4 41.8 16.2 8.6 95.1 68.2 10.9 DCRS_-_Bom_Jesus/Jaquirana_(606_m) -999.9 -999.9 987.4 950.0 981.5 13.0 6.6 296.0 Rio_Grande_do_Sul DCRS -999.9 0.0 0.0 600.98 601.08 600.92 0 0.0 601.28 601.96 601.96 601.96
-28.798800 -50.429798 DCRS-00086 2026-09-14_21:17 11.9 -999.9 -999.9 94.4 -999.9 -999.9 11.0 -999.9 -999.9 981.5 -999.9 -999.9 7.3 -999.9 8.9 0.0 0.0 0.0 0.0 0.0 39.4 41.8 16.2 8.6 95.1 68.2 10.9 DCRS_-_Bom_Jesus/Jaquirana_(606_m) -999.9 -999.9 987.4 950.0 981.5 13.0 6.6 296.0 Rio_Grande_do_Sul DCRS -999.9 0.0 0.0 600.97 601.08 600.92 0 -0.01 601.28 601.96 601.96 601.96
-28.798800 -50.429798 DCRS-00086 2026-09-14_21:18 12.0 -999.9 -999.9 94.3 -999.9 -999.9 11.1 -999.9 -999.9 981.4 -999.9 -999.9 6.6 -999.9 8.9 0.0 0.0 0.0 0.0 0.0 39.4 41.8 16.2 8.6 95.1 68.2 10.9 DCRS_-_Bom_Jesus/Jaquirana_(606_m) -999.9 -999.9 987.4 950.0 981.4 13.0 6.6 296.0 Rio_Grande_do_Sul DCRS -999.9 0.0 0.0 600.99 601.08 600.92 0 0.01 601.28 601.96 601.96 601.96
-28.798800 -50.429798 DCRS-00086 2026-09-14_21:19 11.9 -999.9 -999.9 94.4 -999.9 -999.9 11.0 -999.9 -999.9 981.4 -999.9 -999.9 6.0 -999.9 8.9 0.0 0.0 0.0 0.0 0.0 39.4 41.8 16.2 8.6 95.1 68.2 10.9 DCRS_-_Bom_Jesus/Jaquirana_(606_m) -999.9 -999.9 987.4 950.0 981.4 13.0 6.6 296.0 Rio_Grande_do_Sul DCRS -999.9 0.0 0.0 601.0 601.08 600.92 0 0.01 601.28 601.96 601.96 601.96
-28.798800 -50.429798 DCRS-00086 2026-09-14_21:20 11.9 -999.9 -999.9 94.4 -999.9 -999.9 11.0 -999.9 -999.9 981.4 -999.9 -999.9 7.0 -999.9 7.9 0.0 0.0 0.0 0.0 0.0 39.4 41.8 16.2 8.6 95.1 68.2 10.9 DCRS_-_Bom_Jesus/Jaquirana_(606_m) -999.9 -999.9 987.4 950.0 981.4 13.0 6.6 296.0 Rio_Grande_do_Sul DCRS -999.9 0.0 0.0 600.95 601.08 600.92 0 -0.04 601.28 601.96 601.96 601.96
-28.798800 -50.429798 DCRS-00086 2026-09-14_21:21 12.0 -999.9 -999.9 94.4 -999.9 -999.9 11.1 -999.9 -999.9 981.6 -999.9 -999.9 6.2 -999.9 7.9 0.0 0.0 0.0 0.0 0.0 39.4 41.8 16.2 8.6 95.1 68.2 10.9 DCRS_-_Bom_Jesus/Jaquirana_(606_m) -999.9 -999.9 987.4 950.0 981.6 13.0 6.6 296.0 Rio_Grande_do_Sul DCRS -999.9 0.0 0.0 600.99 601.08 600.92 0 0.0 601.28 601.96 601.96 601.96
-28.798800 -50.429798 DCRS-00086 2026-09-14_21:22 11.9 -999.9 -999.9 94.5 -999.9 -999.9 11.0 -999.9 -999.9 981.7 -999.9 -999.9 -999.9 -999.9 7.9 0.0 0.0 0.0 0.0 0.0 39.4 41.8 16.2 8.6 95.1 68.2 10.9 DCRS_-_Bom_Jesus/Jaquirana_(606_m) -999.9 -999.9 987.4 950.0 981.7 13.0 6.6 296.0 Rio_Grande_do_Sul DCRS -999.9 0.0 0.0 600.97 601.08 600.92 0 -0.02 601.28 601.96 601.96 601.96
-28.798800 -50.429798 DCRS-00086 2026-09-14_21:23 11.9 -999.9 -999.9 94.4 -999.9 -999.9 11.0 -999.9 -999.9 981.5 -999.9 -999.9 6.9 -999.9 7.9 0.0 0.0 0.0 0.0 0.0 39.4 41.8 16.2 8.6 95.1 68.2 10.9 DCRS_-_Bom_Jesus/Jaquirana_(606_m) -999.9 -999.9 987.4 950.0 981.5 13.0 6.6 296.0 Rio_Grande_do_Sul DCRS -999.9 0.0 0.0 600.99 601.08 600.92 0 0.0 601.28 601.96 601.96 601.96
-28.798800 -50.429798 DCRS-00086 2026-09-14_21:24 12.0 -999.9 -999.9 94.5 -999.9 -999.9 11.1 -999.9 -999.9 981.6 -999.9 -999.9 6.4 -999.9 7.9 0.0 0.0 0.0 0.0 0.0 39.4 41.8 16.2 8.6 95.1 68.2 10.9 DCRS_-_Bom_Jesus/Jaquirana_(606_m) -999.9 -999.9 987.4 950.0 981.6 13.0 6.6 296.0 Rio_Grande_do_Sul DCRS -999.9 0.0 0.0 600.98 601.08 600.92 0 -0.01 601.28 601.96 601.96 601.96
-28.798800 -50.429798 DCRS-00086 2026-09-14_21:25 11.9 -999.9 -999.9 94.5 -999.9 -999.9 11.0 -999.9 -999.9 981.7 -999.9 -999.9 6.6 -999.9 8.6 0.0 0.0 0.0 0.0 0.0 39.4 41.8 16.2 8.6 95.1 68.2 10.9 DCRS_-_Bom_Jesus/Jaquirana_(606_m) -999.9 -999.9 987.4 950.0 981.7 13.0 6.6 296.0 Rio_Grande_do_Sul DCRS -999.9 0.0 0.0 601.0 601.08 600.92 0 0.01 601.28 601.96 601.96 601.96
-28.798800 -50.429798 DCRS-00086 2026-09-14_21:26 11.9 -999.9 -999.9 94.6 -999.9 -999.9 11.1 -999.9 -999.9 981.7 -999.9 -999.9 7.4 -999.9 8.6 0.0 0.0 0.0 0.0 0.0 39.4 41.8 16.2 8.6 95.1 68.2 10.9 DCRS_-_Bom_Jesus/Jaquirana_(606_m) -999.9 -999.9 987.4 950.0 981.7 13.0 6.6 296.0 Rio_Grande_do_Sul DCRS -999.9 0.0 0.0 600.99 601.08 600.92 0 0.02 601.28 601.96 601.96 601.96
-28.798800 -50.429798 DCRS-00086 2026-09-14_21:27 11.8 -999.9 -999.9 94.5 -999.9 -999.9 10.9 -999.9 -999.9 981.7 -999.9 -999.9 7.5 -999.9 8.6 0.0 0.0 0.0 0.0 0.0 39.4 41.8 16.2 8.6 95.1 68.2 10.9 DCRS_-_Bom_Jesus/Jaquirana_(606_m) -999.9 -999.9 987.4 950.0 981.7 13.0 6.6 296.0 Rio_Grande_do_Sul DCRS -999.9 0.0 0.0 600.96 601.08 600.92 0 -0.01 601.28 601.96 601.96 601.96
-28.798800 -50.429798 DCRS-00086 2026-09-14_21:28 11.9 -999.9 -999.9 94.5 -999.9 -999.9 11.0 -999.9 -999.9 981.6 -999.9 -999.9 6.8 -999.9 8.6 0.0 0.0 0.0 0.0 0.0 39.4 41.8 16.2 8.6 95.1 68.2 10.9 DCRS_-_Bom_Jesus/Jaquirana_(606_m) -999.9 -999.9 987.4 950.0 981.6 13.0 6.6 296.0 Rio_Grande_do_Sul DCRS -999.9 0.0 0.0 600.99 601.08 600.92 0 0.01 601.28 601.96 601.96 601.96
-28.798800 -50.429798 DCRS-00086 2026-09-14_21:29 11.9 -999.9 -999.9 94.6 -999.9 -999.9 11.1 -999.9 -999.9 981.7 -999.9 -999.9 6.9 -999.9 8.6 0.0 0.0 0.0 0.0 0.0 39.4 41.8 16.2 8.6 95.1 68.2 10.9 DCRS_-_Bom_Jesus/Jaquirana_(606_m) -999.9 -999.9 987.4 950.0 981.7 13.0 6.6 296.0 Rio_Grande_do_Sul DCRS -999.9 0.0 0.0 600.99 601.08 600.92 0 0.0 601.28 601.96 601.96 601.96
-28.798800 -50.429798 DCRS-00086 2026-09-14_21:30 11.8 -999.9 -999.9 94.5 -999.9 -999.9 10.9 -999.9 -999.9 981.7 -999.9 -999.9 7.8 -999.9 8.5 0.0 0.0 0.0 0.0 0.0 39.4 41.8 16.2 8.6 95.1 68.2 10.9 DCRS_-_Bom_Jesus/Jaquirana_(606_m) -999.9 -999.9 987.4 950.0 981.7 13.0 6.6 296.0 Rio_Grande_do_Sul DCRS -999.9 0.0 0.0 600.98 601.08 600.92 0 0.0 601.28 601.96 601.96 601.96
-28.798800 -50.429798 DCRS-00086 2026-09-14_21:31 11.8 -999.9 -999.9 94.6 -999.9 -999.9 11.0 -999.9 -999.9 981.7 -999.9 -999.9 7.1 -999.9 8.5 0.0 0.0 0.0 0.0 0.0 39.4 41.8 16.2 8.6 95.1 68.2 10.9 DCRS_-_Bom_Jesus/Jaquirana_(606_m) -999.9 -999.9 987.4 950.0 981.7 13.0 6.6 296.0 Rio_Grande_do_Sul DCRS -999.9 0.0 0.0 600.95 601.08 600.92 0 -0.03 601.28 601.96 601.96 601.96
-28.798800 -50.429798 DCRS-00086 2026-09-14_21:32 11.8 -999.9 -999.9 94.7 -999.9 -999.9 11.0 -999.9 -999.9 981.7 -999.9 -999.9 7.2 -999.9 8.5 0.0 0.0 0.0 0.0 0.0 39.4 41.8 16.2 8.6 95.1 68.2 10.9 DCRS_-_Bom_Jesus/Jaquirana_(606_m) -999.9 -999.9 987.4 950.0 981.7 13.0 6.6 296.0 Rio_Grande_do_Sul DCRS -999.9 0.0 0.0 600.98 601.08 600.92 0 -0.01 601.28 601.96 601.96 601.96
-28.798800 -50.429798 DCRS-00086 2026-09-14_21:33 11.8 -999.9 -999.9 94.7 -999.9 -999.9 11.0 -999.9 -999.9 981.7 -999.9 -999.9 7.2 -999.9 8.5 0.0 0.0 0.0 0.0 0.0 39.4 41.8 16.2 8.6 95.1 68.2 10.9 DCRS_-_Bom_Jesus/Jaquirana_(606_m) -999.9 -999.9 987.4 950.0 981.7 13.0 6.6 296.0 Rio_Grande_do_Sul DCRS -999.9 0.0 0.0 601.01 601.08 600.92 0 0.03 601.28 601.96 601.96 601.96
-28.798800 -50.429798 DCRS-00086 2026-09-14_21:34 11.8 -999.9 -999.9 94.8 -999.9 -999.9 11.0 -999.9 -999.9 981.7 -999.9 -999.9 7.6 -999.9 8.5 0.0 0.0 0.0 0.0 0.0 39.4 41.8 16.2 8.6 95.1 68.2 10.9 DCRS_-_Bom_Jesus/Jaquirana_(606_m) -999.9 -999.9 987.4 950.0 981.7 13.0 6.6 296.0 Rio_Grande_do_Sul DCRS -999.9 0.0 0.0 600.98 601.08 600.92 0 0.0 601.28 601.96 601.96 601.96
-28.798800 -50.429798 DCRS-00086 2026-09-14_21:35 11.8 -999.9 -999.9 94.8 -999.9 -999.9 11.0 -999.9 -999.9 981.7 -999.9 -999.9 7.3 -999.9 8.5 0.0 0.0 0.0 0.0 0.0 39.4 41.8 16.2 8.6 95.1 68.2 10.9 DCRS_-_Bom_Jesus/Jaquirana_(606_m) -999.9 -999.9 987.4 950.0 981.7 13.0 6.6 296.0 Rio_Grande_do_Sul DCRS -999.9 0.0 0.0 601.0 601.08 600.92 0 0.01 601.28 601.96 601.96 601.96
-28.798800 -50.429798 DCRS-00086 2026-09-14_21:36 11.8 -999.9 -999.9 94.7 -999.9 -999.9 11.0 -999.9 -999.9 981.8 -999.9 -999.9 6.4 -999.9 8.5 0.0 0.0 0.0 0.0 0.0 39.4 41.8 16.2 8.6 95.1 68.2 10.9 DCRS_-_Bom_Jesus/Jaquirana_(606_m) -999.9 -999.9 987.4 950.0 981.8 13.0 6.6 296.0 Rio_Grande_do_Sul DCRS -999.9 0.0 0.0 600.97 601.08 600.92 0 -0.02 601.28 601.96 601.96 601.96
-28.798800 -50.429798 DCRS-00086 2026-09-14_21:37 11.8 -999.9 -999.9 94.9 -999.9 -999.9 11.0 -999.9 -999.9 982.1 -999.9 -999.9 7.0 -999.9 8.5 0.0 0.0 0.0 0.0 0.0 39.4 41.8 16.2 8.6 95.1 68.2 10.9 DCRS_-_Bom_Jesus/Jaquirana_(606_m) -999.9 -999.9 987.4 950.0 982.1 13.0 6.6 296.0 Rio_Grande_do_Sul DCRS -999.9 0.0 0.0 600.97 601.08 600.92 0 -0.03 601.28 601.96 601.96 601.96
-28.798800 -50.429798 DCRS-00086 2026-09-14_21:38 11.8 -999.9 -999.9 94.9 -999.9 -999.9 11.0 -999.9 -999.9 982.3 -999.9 -999.9 6.7 -999.9 8.5 0.0 0.0 0.0 0.0 0.0 39.4 41.8 16.2 8.6 95.1 68.2 10.9 DCRS_-_Bom_Jesus/Jaquirana_(606_m) -999.9 -999.9 987.4 950.0 982.3 13.0 6.6 296.0 Rio_Grande_do_Sul DCRS -999.9 0.0 0.0 600.97 601.08 600.92 0 -0.01 601.28 601.96 601.96 601.96
-28.798800 -50.429798 DCRS-00086 2026-09-14_21:39 11.8 -999.9 -999.9 95.0 -999.9 -999.9 11.0 -999.9 -999.9 982.5 -999.9 -999.9 6.6 -999.9 8.5 0.0 0.0 0.0 0.0 0.0 39.4 41.8 16.2 8.6 95.1 68.2 10.9 DCRS_-_Bom_Jesus/Jaquirana_(606_m) -999.9 -999.9 987.4 950.0 982.5 13.0 6.6 296.0 Rio_Grande_do_Sul DCRS -999.9 0.0 0.0 600.98 601.08 600.92 0 -0.01 601.28 601.96 601.96 601.96
-28.798800 -50.429798 DCRS-00086 2026-09-14_21:40 11.8 -999.9 -999.9 95.0 -999.9 -999.9 11.0 -999.9 -999.9 982.7 -999.9 -999.9 5.7 -999.9 8.1 0.0 0.0 0.0 0.0 0.0 39.4 41.8 16.2 8.6 95.1 68.2 10.9 DCRS_-_Bom_Jesus/Jaquirana_(606_m) -999.9 -999.9 987.4 950.0 982.7 13.0 6.6 296.0 Rio_Grande_do_Sul DCRS -999.9 0.0 0.0 600.98 601.08 600.92 0 -0.01 601.28 601.96 601.96 601.96
-28.798800 -50.429798 DCRS-00086 2026-09-14_21:41 11.8 -999.9 -999.9 95.1 -999.9 -999.9 11.0 -999.9 -999.9 983.0 -999.9 -999.9 6.6 -999.9 8.1 0.0 0.0 0.0 0.0 0.0 39.4 41.8 16.2 8.6 95.1 68.2 10.9 DCRS_-_Bom_Jesus/Jaquirana_(606_m) -999.9 -999.9 987.4 950.0 983.0 13.0 6.6 296.0 Rio_Grande_do_Sul DCRS -999.9 0.0 0.0 600.98 601.08 600.92 0 0.01 601.28 601.96 601.96 601.96
-28.798800 -50.429798 DCRS-00086 2026-09-14_21:42 11.8 -999.9 -999.9 95.1 -999.9 -999.9 11.0 -999.9 -999.9 983.1 -999.9 -999.9 5.8 -999.9 8.1 0.0 0.0 0.0 0.0 0.0 39.4 41.8 16.2 8.6 95.1 68.2 10.9 DCRS_-_Bom_Jesus/Jaquirana_(606_m) -999.9 -999.9 987.4 950.0 983.1 13.0 6.6 296.0 Rio_Grande_do_Sul DCRS -999.9 0.0 0.0 600.96 601.08 600.92 0 -0.04 601.28 601.96 601.96 601.96
-28.798800 -50.429798 DCRS-00086 2026-09-14_21:43 11.8 -999.9 -999.9 95.1 -999.9 -999.9 11.0 -999.9 -999.9 983.3 -999.9 -999.9 6.5 -999.9 8.1 0.0 0.0 0.0 0.0 0.0 39.4 41.8 16.2 8.6 95.1 68.2 10.9 DCRS_-_Bom_Jesus/Jaquirana_(606_m) -999.9 -999.9 987.4 950.0 983.3 13.0 6.6 296.0 Rio_Grande_do_Sul DCRS -999.9 0.0 0.0 600.99 601.08 600.92 0 -0.01 601.28 601.96 601.96 601.96
-28.798800 -50.429798 DCRS-00086 2026-09-14_21:44 11.8 -999.9 -999.9 95.2 -999.9 -999.9 11.0 -999.9 -999.9 983.4 -999.9 -999.9 5.8 -999.9 8.1 0.0 0.0 0.0 0.0 0.0 39.4 41.8 16.2 8.6 95.2 68.2 10.9 DCRS_-_Bom_Jesus/Jaquirana_(606_m) -999.9 -999.9 987.4 950.0 983.4 13.0 6.6 296.0 Rio_Grande_do_Sul DCRS -999.9 0.0 0.0 600.98 601.08 600.92 0 -0.01 601.28 601.96 601.96 601.96
-28.798800 -50.429798 DCRS-00086 2026-09-14_21:45 11.8 -999.9 -999.9 95.2 -999.9 -999.9 11.0 -999.9 -999.9 983.5 -999.9 -999.9 5.4 -999.9 6.8 0.0 0.0 0.0 0.0 0.0 39.4 41.8 16.2 8.6 95.2 68.2 10.9 DCRS_-_Bom_Jesus/Jaquirana_(606_m) -999.9 -999.9 987.4 950.0 983.5 13.0 6.6 296.0 Rio_Grande_do_Sul DCRS -999.9 0.0 0.0 600.96 601.08 600.92 0 -0.01 601.28 601.96 601.96 601.96
-28.798800 -50.429798 DCRS-00086 2026-09-14_21:46 11.8 -999.9 -999.9 95.2 -999.9 -999.9 11.0 -999.9 -999.9 983.6 -999.9 -999.9 5.9 -999.9 6.8 0.0 0.0 0.0 0.0 0.0 39.4 41.8 16.2 8.6 95.2 68.2 10.9 DCRS_-_Bom_Jesus/Jaquirana_(606_m) -999.9 -999.9 987.4 950.0 983.6 13.0 6.6 296.0 Rio_Grande_do_Sul DCRS -999.9 0.0 0.0 600.98 601.08 600.92 0 -0.02 601.28 601.96 601.96 601.96
-28.798800 -50.429798 DCRS-00086 2026-09-14_21:47 11.8 -999.9 -999.9 95.2 -999.9 -999.9 11.0 -999.9 -999.9 983.7 -999.9 -999.9 6.5 -999.9 6.8 0.0 0.0 0.0 0.0 0.0 39.4 41.8 16.2 8.6 95.2 68.2 10.9 DCRS_-_Bom_Jesus/Jaquirana_(606_m) -999.9 -999.9 987.4 950.0 983.7 13.0 6.6 296.0 Rio_Grande_do_Sul DCRS -999.9 0.0 0.0 600.94 601.08 600.92 0 -0.03 601.28 601.96 601.96 601.96
-28.798800 -50.429798 DCRS-00086 2026-09-14_21:48 11.8 -999.9 -999.9 95.1 -999.9 -999.9 11.0 -999.9 -999.9 983.7 -999.9 -999.9 6.5 -999.9 6.8 0.0 0.0 0.0 0.0 0.0 39.4 41.8 16.2 8.6 95.2 68.2 10.9 DCRS_-_Bom_Jesus/Jaquirana_(606_m) -999.9 -999.9 987.4 950.0 983.7 13.0 6.6 296.0 Rio_Grande_do_Sul DCRS -999.9 0.0 0.0 600.98 601.08 600.92 0 0.0 601.28 601.96 601.96 601.96
-28.798800 -50.429798 DCRS-00086 2026-09-14_21:49 11.7 -999.9 -999.9 95.1 -999.9 -999.9 10.9 -999.9 -999.9 983.7 -999.9 -999.9 6.4 -999.9 6.8 0.0 0.0 0.0 0.0 0.0 39.4 41.8 16.2 8.6 95.2 68.2 10.9 DCRS_-_Bom_Jesus/Jaquirana_(606_m) -999.9 -999.9 987.4 950.0 983.7 13.0 6.6 296.0 Rio_Grande_do_Sul DCRS -999.9 0.0 0.0 600.98 601.08 600.92 0 0.0 601.28 601.96 601.96 601.96
-28.798800 -50.429798 DCRS-00086 2026-09-14_21:50 11.7 -999.9 -999.9 95.1 -999.9 -999.9 10.9 -999.9 -999.9 983.7 -999.9 -999.9 8.1 -999.9 8.6 0.0 0.0 0.0 0.0 0.0 39.4 41.8 16.2 8.6 95.2 68.2 10.9 DCRS_-_Bom_Jesus/Jaquirana_(606_m) -999.9 -999.9 987.4 950.0 983.7 13.0 6.6 296.0 Rio_Grande_do_Sul DCRS -999.9 0.0 0.0 600.98 601.08 600.92 -1 0.0 601.28 601.96 601.96 601.96
-28.798800 -50.429798 DCRS-00086 2026-09-14_21:51 11.7 -999.9 -999.9 95.2 -999.9 -999.9 10.9 -999.9 -999.9 983.6 -999.9 -999.9 7.7 -999.9 8.6 0.0 0.0 0.0 0.0 0.0 39.4 41.8 16.2 8.6 95.2 68.2 10.9 DCRS_-_Bom_Jesus/Jaquirana_(606_m) -999.9 -999.9 987.4 950.0 983.6 13.0 6.6 296.0 Rio_Grande_do_Sul DCRS -999.9 0.0 0.0 601.0 601.08 600.92 -1 0.02 601.28 601.96 601.96 601.96
-28.798800 -50.429798 DCRS-00086 2026-09-14_21:52 11.8 -999.9 -999.9 95.2 -999.9 -999.9 11.0 -999.9 -999.9 983.7 -999.9 -999.9 6.3 -999.9 8.6 0.0 0.0 0.0 0.0 0.0 39.4 41.8 16.2 8.6 95.2 68.2 10.9 DCRS_-_Bom_Jesus/Jaquirana_(606_m) -999.9 -999.9 987.4 950.0 983.7 13.0 6.6 296.0 Rio_Grande_do_Sul DCRS -999.9 0.0 0.0 600.98 601.08 600.92 -1 0.0 601.28 601.96 601.96 601.96
-28.798800 -50.429798 DCRS-00086 2026-09-14_21:53 11.7 -999.9 -999.9 95.2 -999.9 -999.9 10.9 -999.9 -999.9 983.8 -999.9 -999.9 7.2 -999.9 8.6 0.0 0.0 0.0 0.0 0.0 39.4 41.8 16.2 8.6 95.2 68.2 10.9 DCRS_-_Bom_Jesus/Jaquirana_(606_m) -999.9 -999.9 987.4 950.0 983.8 13.0 6.6 296.0 Rio_Grande_do_Sul DCRS -999.9 0.0 0.0 600.99 601.08 600.92 0 0.0 601.28 601.96 601.96 601.96
-28.798800 -50.429798 DCRS-00086 2026-09-14_21:54 11.7 -999.9 -999.9 95.3 -999.9 -999.9 11.0 -999.9 -999.9 983.8 -999.9 -999.9 6.8 -999.9 8.6 0.0 0.0 0.0 0.0 0.0 39.4 41.8 16.2 8.6 95.3 68.2 10.9 DCRS_-_Bom_Jesus/Jaquirana_(606_m) -999.9 -999.9 987.4 950.0 983.8 13.0 6.6 296.0 Rio_Grande_do_Sul DCRS -999.9 0.0 0.0 600.99 601.08 600.92 0 0.03 601.28 601.96 601.96 601.96
-28.798800 -50.429798 DCRS-00086 2026-09-14_21:55 11.7 -999.9 -999.9 95.3 -999.9 -999.9 11.0 -999.9 -999.9 983.8 -999.9 -999.9 8.0 -999.9 8.9 0.0 0.0 0.0 0.0 0.0 39.4 41.8 16.2 8.6 95.3 68.2 10.9 DCRS_-_Bom_Jesus/Jaquirana_(606_m) -999.9 -999.9 987.4 950.0 983.8 13.0 6.6 296.0 Rio_Grande_do_Sul DCRS -999.9 0.0 0.0 600.99 601.08 600.92 0 0.02 601.28 601.96 601.96 601.96
-28.798800 -50.429798 DCRS-00086 2026-09-14_21:56 11.7 -999.9 -999.9 95.2 -999.9 -999.9 10.9 -999.9 -999.9 983.7 -999.9 -999.9 7.5 -999.9 8.9 0.0 0.0 0.0 0.0 0.0 39.4 41.8 16.2 8.6 95.3 68.2 10.9 DCRS_-_Bom_Jesus/Jaquirana_(606_m) -999.9 -999.9 987.4 950.0 983.7 13.0 6.6 296.0 Rio_Grande_do_Sul DCRS -999.9 0.0 0.0 600.98 601.08 600.92 -1 -0.01 601.28 601.96 601.96 601.96
-28.798800 -50.429798 DCRS-00086 2026-09-14_21:57 11.7 -999.9 -999.9 95.2 -999.9 -999.9 10.9 -999.9 -999.9 983.6 -999.9 -999.9 7.1 -999.9 8.9 0.0 0.0 0.0 0.0 0.0 39.4 41.8 16.2 8.6 95.3 68.2 10.9 DCRS_-_Bom_Jesus/Jaquirana_(606_m) -999.9 -999.9 987.4 950.0 983.6 13.0 6.6 296.0 Rio_Grande_do_Sul DCRS -999.9 0.0 0.0 600.98 601.08 600.92 -1 -0.01 601.28 601.96 601.96 601.96
-28.798800 -50.429798 DCRS-00086 2026-09-14_21:58 11.6 -999.9 -999.9 95.2 -999.9 -999.9 10.8 -999.9 -999.9 983.6 -999.9 -999.9 7.1 -999.9 8.9 0.0 0.0 0.0 0.0 0.0 39.4 41.8 16.2 8.6 95.3 68.2 10.9 DCRS_-_Bom_Jesus/Jaquirana_(606_m) -999.9 -999.9 987.4 950.0 983.6 13.0 6.6 296.0 Rio_Grande_do_Sul DCRS -999.9 0.0 0.0 600.97 601.08 600.92 0 -0.02 601.28 601.96 601.96 601.96
-28.798800 -50.429798 DCRS-00086 2026-09-14_21:59 11.6 -999.9 -999.9 95.2 -999.9 -999.9 10.8 -999.9 -999.9 983.6 -999.9 -999.9 6.4 -999.9 8.9 0.0 0.0 0.0 0.0 0.0 39.4 41.8 16.2 8.6 95.3 68.2 10.9 DCRS_-_Bom_Jesus/Jaquirana_(606_m) -999.9 -999.9 987.4 950.0 983.6 13.0 6.6 296.0 Rio_Grande_do_Sul DCRS -999.9 0.0 0.0 600.97 601.08 600.92 0 0.0 601.28 601.96 601.96 601.96
-28.798800 -50.429798 DCRS-00086 2026-09-14_22:00 11.6 -999.9 -999.9 95.4 -999.9 -999.9 10.9 -999.9 -999.9 983.6 -999.9 -999.9 7.2 -999.9 9.3 0.0 0.0 0.0 0.0 0.0 39.4 41.8 16.2 8.6 95.4 68.2 10.9 DCRS_-_Bom_Jesus/Jaquirana_(606_m) -999.9 -999.9 987.4 950.0 983.6 13.0 6.6 296.0 Rio_Grande_do_Sul DCRS -999.9 0.0 0.0 600.99 601.08 600.92 -1 0.01 601.28 601.96 601.96 601.96
-28.798800 -50.429798 DCRS-00086 2026-09-14_22:01 11.6 -999.9 -999.9 95.3 -999.9 -999.9 10.9 -999.9 -999.9 983.6 -999.9 -999.9 6.4 -999.9 9.3 0.0 0.0 0.0 0.0 0.0 39.4 41.8 16.2 8.6 95.4 68.2 10.9 DCRS_-_Bom_Jesus/Jaquirana_(606_m) -999.9 -999.9 987.4 950.0 983.6 13.0 6.6 296.0 Rio_Grande_do_Sul DCRS -999.9 0.0 0.0 600.97 601.08 600.92 -1 -0.03 601.28 601.96 601.96 601.96
-28.798800 -50.429798 DCRS-00086 2026-09-14_22:02 11.6 -999.9 -999.9 95.3 -999.9 -999.9 10.9 -999.9 -999.9 983.7 -999.9 -999.9 5.6 -999.9 9.3 0.0 0.0 0.0 0.0 0.0 39.4 41.8 16.2 8.6 95.4 68.2 10.9 DCRS_-_Bom_Jesus/Jaquirana_(606_m) -999.9 -999.9 987.4 950.0 983.7 13.0 6.6 296.0 Rio_Grande_do_Sul DCRS -999.9 0.0 0.0 600.99 601.08 600.92 -1 0.0 601.28 601.96 601.96 601.96
-28.798800 -50.429798 DCRS-00086 2026-09-14_22:03 11.6 -999.9 -999.9 95.3 -999.9 -999.9 10.9 -999.9 -999.9 983.8 -999.9 -999.9 6.3 -999.9 9.3 0.0 0.0 0.0 0.0 0.0 39.4 41.8 16.2 8.6 95.4 68.2 10.9 DCRS_-_Bom_Jesus/Jaquirana_(606_m) -999.9 -999.9 987.4 950.0 983.8 13.0 6.6 296.0 Rio_Grande_do_Sul DCRS -999.9 0.0 0.0 600.97 601.08 600.92 -1 -0.03 601.28 601.96 601.96 601.96
-28.798800 -50.429798 DCRS-00086 2026-09-14_22:04 11.6 -999.9 -999.9 95.3 -999.9 -999.9 10.9 -999.9 -999.9 984.0 -999.9 -999.9 6.0 -999.9 9.3 0.0 0.0 0.0 0.0 0.0 39.4 41.8 16.2 8.6 95.4 68.2 10.9 DCRS_-_Bom_Jesus/Jaquirana_(606_m) -999.9 -999.9 987.4 950.0 984.0 13.0 6.6 296.0 Rio_Grande_do_Sul DCRS -999.9 0.0 0.0 600.98 601.08 600.92 0 -0.02 601.28 601.96 601.96 601.96
-28.798800 -50.429798 DCRS-00086 2026-09-14_22:05 11.7 -999.9 -999.9 95.3 -999.9 -999.9 11.0 -999.9 -999.9 984.2 -999.9 -999.9 5.6 -999.9 8.3 0.0 0.0 0.0 0.0 0.0 39.4 41.8 16.2 8.6 95.4 68.2 10.9 DCRS_-_Bom_Jesus/Jaquirana_(606_m) -999.9 -999.9 987.4 950.0 984.2 13.0 6.6 296.0 Rio_Grande_do_Sul DCRS -999.9 0.0 0.0 600.99 601.08 600.92 0 0.01 601.28 601.96 601.96 601.96
-28.798800 -50.429798 DCRS-00086 2026-09-14_22:06 11.6 -999.9 -999.9 95.3 -999.9 -999.9 10.9 -999.9 -999.9 984.2 -999.9 -999.9 4.0 -999.9 8.3 0.0 0.0 0.0 0.0 0.0 39.4 41.8 16.2 8.6 95.4 68.2 10.9 DCRS_-_Bom_Jesus/Jaquirana_(606_m) -999.9 -999.9 987.4 950.0 984.2 13.0 6.6 296.0 Rio_Grande_do_Sul DCRS -999.9 0.0 0.0 600.95 601.08 600.92 0 -0.05 601.28 601.96 601.96 601.96
-28.798800 -50.429798 DCRS-00086 2026-09-14_22:07 11.6 -999.9 -999.9 95.2 -999.9 -999.9 10.8 -999.9 -999.9 983.9 -999.9 -999.9 7.8 -999.9 8.3 0.0 0.0 0.0 0.0 0.0 39.4 41.8 16.2 8.6 95.4 68.2 10.9 DCRS_-_Bom_Jesus/Jaquirana_(606_m) -999.9 -999.9 987.4 950.0 983.9 13.0 6.6 296.0 Rio_Grande_do_Sul DCRS -999.9 0.0 0.0 601.0 601.08 600.92 0 0.04 601.28 601.96 601.96 601.96
-28.798800 -50.429798 DCRS-00086 2026-09-14_22:08 11.5 -999.9 -999.9 95.1 -999.9 -999.9 10.7 -999.9 -999.9 983.4 -999.9 -999.9 6.7 -999.9 8.3 0.0 0.0 0.0 0.0 0.0 39.4 41.8 16.2 8.6 95.4 68.2 10.9 DCRS_-_Bom_Jesus/Jaquirana_(606_m) -999.9 -999.9 987.4 950.0 983.4 13.0 6.6 296.0 Rio_Grande_do_Sul DCRS -999.9 0.0 0.0 600.99 601.08 600.92 0 0.03 601.28 601.96 601.96 601.96
-28.798800 -50.429798 DCRS-00086 2026-09-14_22:09 11.6 -999.9 -999.9 95.2 -999.9 -999.9 10.8 -999.9 -999.9 983.2 -999.9 -999.9 6.3 -999.9 8.3 0.0 0.0 0.0 0.0 0.0 39.4 41.8 16.2 8.6 95.4 68.2 10.9 DCRS_-_Bom_Jesus/Jaquirana_(606_m) -999.9 -999.9 987.4 950.0 983.2 13.0 6.6 296.0 Rio_Grande_do_Sul DCRS -999.9 0.0 0.0 600.97 601.08 600.92 0 -0.02 601.28 601.96 601.96 601.96
-28.798800 -50.429798 DCRS-00086 2026-09-14_22:10 11.5 -999.9 -999.9 95.3 -999.9 -999.9 10.8 -999.9 -999.9 983.3 -999.9 -999.9 7.6 -999.9 11.8 0.0 0.0 0.0 0.0 0.0 39.4 41.8 16.2 8.6 95.4 68.2 11.8 DCRS_-_Bom_Jesus/Jaquirana_(606_m) -999.9 -999.9 987.4 950.0 983.3 13.0 6.6 296.0 Rio_Grande_do_Sul DCRS -999.9 0.0 0.0 600.91 601.08 600.91 -1 -0.09 601.28 601.96 601.96 601.96
-28.798800 -50.429798 DCRS-00086 2026-09-14_22:11 11.5 -999.9 -999.9 95.2 -999.9 -999.9 10.8 -999.9 -999.9 983.2 -999.9 -999.9 7.4 -999.9 11.8 0.0 0.0 0.0 0.0 0.0 39.4 41.8 16.2 8.6 95.4 68.2 11.8 DCRS_-_Bom_Jesus/Jaquirana_(606_m) -999.9 -999.9 987.4 950.0 983.2 13.0 6.6 296.0 Rio_Grande_do_Sul DCRS -999.9 0.0 0.0 600.93 601.08 600.91 -1 -0.07 601.28 601.96 601.96 601.96
-28.798800 -50.429798 DCRS-00086 2026-09-14_22:12 11.5 -999.9 -999.9 95.2 -999.9 -999.9 10.8 -999.9 -999.9 983.0 -999.9 -999.9 5.3 -999.9 11.8 0.0 0.0 0.0 0.0 0.0 39.4 41.8 16.2 8.6 95.4 68.2 11.8 DCRS_-_Bom_Jesus/Jaquirana_(606_m) -999.9 -999.9 987.4 950.0 983.0 13.0 6.6 296.0 Rio_Grande_do_Sul DCRS -999.9 0.0 0.0 600.98 601.08 600.91 -1 -0.01 601.28 601.96 601.96 601.96
-28.798800 -50.429798 DCRS-00086 2026-09-14_22:13 11.5 -999.9 -999.9 95.2 -999.9 -999.9 10.8 -999.9 -999.9 983.2 -999.9 -999.9 8.3 -999.9 11.8 0.0 0.0 0.0 0.0 0.0 39.4 41.8 16.2 8.6 95.4 68.2 11.8 DCRS_-_Bom_Jesus/Jaquirana_(606_m) -999.9 -999.9 987.4 950.0 983.2 13.0 6.6 296.0 Rio_Grande_do_Sul DCRS -999.9 0.0 0.0 600.96 601.08 600.91 -1 -0.03 601.28 601.96 601.96 601.96
-28.798800 -50.429798 DCRS-00086 2026-09-14_22:14 11.5 -999.9 -999.9 95.2 -999.9 -999.9 10.8 -999.9 -999.9 983.1 -999.9 -999.9 7.1 -999.9 11.8 0.0 0.0 0.0 0.0 0.0 39.4 41.8 16.2 8.6 95.4 68.2 11.8 DCRS_-_Bom_Jesus/Jaquirana_(606_m) -999.9 -999.9 987.4 950.0 983.1 13.0 6.6 296.0 Rio_Grande_do_Sul DCRS -999.9 0.0 0.0 600.96 601.08 600.91 -1 -0.02 601.28 601.96 601.96 601.96
-28.798800 -50.429798 DCRS-00086 2026-09-14_22:15 11.4 -999.9 -999.9 95.1 -999.9 -999.9 10.6 -999.9 -999.9 982.7 -999.9 -999.9 7.7 -999.9 9.1 0.0 0.0 0.0 0.0 0.0 39.4 41.8 16.2 8.6 95.4 68.2 11.8 DCRS_-_Bom_Jesus/Jaquirana_(606_m) -999.9 -999.9 987.4 950.0 982.7 13.0 6.6 296.0 Rio_Grande_do_Sul DCRS -999.9 0.0 0.0 600.98 601.08 600.91 -1 0.0 601.28 601.96 601.96 601.96
-28.798800 -50.429798 DCRS-00086 2026-09-14_22:16 11.4 -999.9 -999.9 95.1 -999.9 -999.9 10.6 -999.9 -999.9 982.5 -999.9 -999.9 7.1 -999.9 9.1 0.0 0.0 0.0 0.0 0.0 39.4 41.8 16.2 8.6 95.4 68.2 11.8 DCRS_-_Bom_Jesus/Jaquirana_(606_m) -999.9 -999.9 987.4 950.0 982.5 13.0 6.6 296.0 Rio_Grande_do_Sul DCRS -999.9 0.0 0.0 600.98 601.08 600.91 -1 0.0 601.28 601.96 601.96 601.96
-28.798800 -50.429798 DCRS-00086 2026-09-14_22:17 11.4 -999.9 -999.9 95.3 -999.9 -999.9 10.7 -999.9 -999.9 982.6 -999.9 -999.9 5.3 -999.9 9.1 0.0 0.0 0.0 0.0 0.0 39.4 41.8 16.2 8.6 95.4 68.2 11.8 DCRS_-_Bom_Jesus/Jaquirana_(606_m) -999.9 -999.9 987.4 950.0 982.6 13.0 6.6 296.0 Rio_Grande_do_Sul DCRS -999.9 0.0 0.0 600.97 601.08 600.91 -1 0.0 601.28 601.96 601.96 601.96
-28.798800 -50.429798 DCRS-00086 2026-09-14_22:18 11.4 -999.9 -999.9 95.2 -999.9 -999.9 10.7 -999.9 -999.9 982.7 -999.9 -999.9 6.1 -999.9 9.1 0.0 0.0 0.0 0.0 0.0 39.4 41.8 16.2 8.6 95.4 68.2 11.8 DCRS_-_Bom_Jesus/Jaquirana_(606_m) -999.9 -999.9 987.4 950.0 982.7 13.0 6.6 296.0 Rio_Grande_do_Sul DCRS -999.9 0.0 0.0 600.98 601.08 600.91 -1 -0.01 601.28 601.96 601.96 601.96
-28.798800 -50.429798 DCRS-00086 2026-09-14_22:19 11.4 -999.9 -999.9 95.2 -999.9 -999.9 10.7 -999.9 -999.9 982.9 -999.9 -999.9 6.8 -999.9 9.1 0.0 0.0 0.0 0.0 0.0 39.4 41.8 16.2 8.6 95.4 68.2 11.8 DCRS_-_Bom_Jesus/Jaquirana_(606_m) -999.9 -999.9 987.4 950.0 982.9 13.0 6.6 296.0 Rio_Grande_do_Sul DCRS -999.9 0.0 0.0 600.97 601.08 600.91 -1 -0.03 601.28 601.96 601.96 601.96
-28.798800 -50.429798 DCRS-00086 2026-09-14_22:20 11.4 -999.9 -999.9 95.3 -999.9 -999.9 10.7 -999.9 -999.9 982.8 -999.9 -999.9 6.7 -999.9 9.1 0.0 0.0 0.0 0.0 0.0 39.4 41.8 16.2 8.6 95.4 68.2 11.8 DCRS_-_Bom_Jesus/Jaquirana_(606_m) -999.9 -999.9 987.4 950.0 982.8 13.0 6.6 296.0 Rio_Grande_do_Sul DCRS -999.9 0.0 0.0 600.99 601.08 600.91 -1 0.0 601.28 601.96 601.96 601.96
-28.798800 -50.429798 DCRS-00086 2026-09-14_22:21 11.3 -999.9 -999.9 95.3 -999.9 -999.9 10.6 -999.9 -999.9 982.8 -999.9 -999.9 6.7 -999.9 9.1 0.0 0.0 0.0 0.0 0.0 39.4 41.8 16.2 8.6 95.4 68.2 11.8 DCRS_-_Bom_Jesus/Jaquirana_(606_m) -999.9 -999.9 987.4 950.0 982.8 13.0 6.6 296.0 Rio_Grande_do_Sul DCRS -999.9 0.0 0.0 600.99 601.08 600.91 -1 0.0 601.28 601.96 601.96 601.96
-28.798800 -50.429798 DCRS-00086 2026-09-14_22:22 11.4 -999.9 -999.9 95.3 -999.9 -999.9 10.7 -999.9 -999.9 982.8 -999.9 -999.9 6.3 -999.9 9.1 0.0 0.0 0.0 0.0 0.0 39.4 41.8 16.2 8.6 95.4 68.2 11.8 DCRS_-_Bom_Jesus/Jaquirana_(606_m) -999.9 -999.9 987.4 950.0 982.8 13.0 6.6 296.0 Rio_Grande_do_Sul DCRS -999.9 0.0 0.0 600.98 601.08 600.91 -1 -0.01 601.28 601.96 601.96 601.96
-28.798800 -50.429798 DCRS-00086 2026-09-14_22:23 11.4 -999.9 -999.9 95.3 -999.9 -999.9 10.7 -999.9 -999.9 982.9 -999.9 -999.9 5.7 -999.9 9.1 0.0 0.0 0.0 0.0 0.0 39.4 41.8 16.2 8.6 95.4 68.2 11.8 DCRS_-_Bom_Jesus/Jaquirana_(606_m) -999.9 -999.9 987.4 950.0 982.9 13.0 6.6 296.0 Rio_Grande_do_Sul DCRS -999.9 0.0 0.0 600.95 601.08 600.91 -1 -0.04 601.28 601.96 601.96 601.96
-28.798800 -50.429798 DCRS-00086 2026-09-14_22:24 11.3 -999.9 -999.9 95.3 -999.9 -999.9 10.6 -999.9 -999.9 983.0 -999.9 -999.9 5.2 -999.9 9.1 0.0 0.0 0.0 0.0 0.0 39.4 41.8 16.2 8.6 95.4 68.2 11.8 DCRS_-_Bom_Jesus/Jaquirana_(606_m) -999.9 -999.9 987.4 950.0 983.0 13.0 6.6 296.0 Rio_Grande_do_Sul DCRS -999.9 0.0 0.0 600.99 601.08 600.91 -1 -0.01 601.28 601.96 601.96 601.96
-28.798800 -50.429798 DCRS-00086 2026-09-14_22:25 11.3 -999.9 -999.9 95.3 -999.9 -999.9 10.6 -999.9 -999.9 982.8 -999.9 -999.9 5.9 -999.9 7.7 0.0 0.0 0.0 0.0 0.0 39.4 41.8 16.2 8.6 95.4 68.2 11.8 DCRS_-_Bom_Jesus/Jaquirana_(606_m) -999.9 -999.9 987.4 950.0 982.8 13.0 6.6 296.0 Rio_Grande_do_Sul DCRS -999.9 0.0 0.0 600.98 601.08 600.91 -1 -0.01 601.28 601.96 601.96 601.96
-28.798800 -50.429798 DCRS-00086 2026-09-14_22:26 11.3 -999.9 -999.9 95.3 -999.9 -999.9 10.6 -999.9 -999.9 982.5 -999.9 -999.9 4.7 -999.9 7.7 0.0 0.0 0.0 0.0 0.0 39.4 41.8 16.2 8.6 95.4 68.2 11.8 DCRS_-_Bom_Jesus/Jaquirana_(606_m) -999.9 -999.9 987.4 950.0 982.5 13.0 6.6 296.0 Rio_Grande_do_Sul DCRS -999.9 0.0 0.0 600.99 601.08 600.91 0 0.0 601.28 601.96 601.96 601.96
-28.798800 -50.429798 DCRS-00086 2026-09-14_22:27 11.3 -999.9 -999.9 95.3 -999.9 -999.9 10.6 -999.9 -999.9 982.4 -999.9 -999.9 3.8 -999.9 7.7 0.0 0.0 0.0 0.0 0.0 39.4 41.8 16.2 8.6 95.4 68.2 11.8 DCRS_-_Bom_Jesus/Jaquirana_(606_m) -999.9 -999.9 987.4 950.0 982.4 13.0 6.6 296.0 Rio_Grande_do_Sul DCRS -999.9 0.0 0.0 600.99 601.08 600.91 0 0.0 601.28 601.96 601.96 601.96
-28.798800 -50.429798 DCRS-00086 2026-09-14_22:28 11.3 -999.9 -999.9 95.4 -999.9 -999.9 10.6 -999.9 -999.9 982.5 -999.9 -999.9 5.0 -999.9 7.7 0.0 0.0 0.0 0.0 0.0 39.4 41.8 16.2 8.6 95.4 68.2 11.8 DCRS_-_Bom_Jesus/Jaquirana_(606_m) -999.9 -999.9 987.4 950.0 982.5 13.0 6.6 296.0 Rio_Grande_do_Sul DCRS -999.9 0.0 0.0 600.98 601.08 600.91 0 -0.01 601.28 601.96 601.96 601.96
-28.798800 -50.429798 DCRS-00086 2026-09-14_22:29 11.3 -999.9 -999.9 95.3 -999.9 -999.9 10.6 -999.9 -999.9 982.6 -999.9 -999.9 6.0 -999.9 7.7 0.0 0.0 0.0 0.0 0.0 39.4 41.8 16.2 8.6 95.4 68.2 11.8 DCRS_-_Bom_Jesus/Jaquirana_(606_m) -999.9 -999.9 987.4 950.0 982.6 13.0 6.6 296.0 Rio_Grande_do_Sul DCRS -999.9 0.0 0.0 600.97 601.08 600.91 0 -0.02 601.28 601.96 601.96 601.96
-28.798800 -50.429798 DCRS-00086 2026-09-14_22:30 11.3 -999.9 -999.9 95.2 -999.9 -999.9 10.6 -999.9 -999.9 982.4 -999.9 -999.9 7.4 -999.9 8.2 0.0 0.0 0.0 0.0 0.0 39.4 41.8 16.2 8.6 95.4 68.2 11.8 DCRS_-_Bom_Jesus/Jaquirana_(606_m) -999.9 -999.9 987.4 950.0 982.4 13.0 6.6 296.0 Rio_Grande_do_Sul DCRS -999.9 0.0 0.0 600.99 601.08 600.91 0 0.04 601.28 601.96 601.96 601.96
-28.798800 -50.429798 DCRS-00086 2026-09-14_22:31 11.2 -999.9 -999.9 95.2 -999.9 -999.9 10.5 -999.9 -999.9 982.0 -999.9 -999.9 4.8 -999.9 8.2 0.0 0.0 0.0 0.0 0.0 39.4 41.8 16.2 8.6 95.4 68.2 11.8 DCRS_-_Bom_Jesus/Jaquirana_(606_m) -999.9 -999.9 987.4 950.0 982.0 13.0 6.6 296.0 Rio_Grande_do_Sul DCRS -999.9 0.0 0.0 600.98 601.08 600.91 0 0.03 601.28 601.96 601.96 601.96
-28.798800 -50.429798 DCRS-00086 2026-09-14_22:32 11.2 -999.9 -999.9 95.1 -999.9 -999.9 10.4 -999.9 -999.9 981.8 -999.9 -999.9 4.7 -999.9 8.2 0.0 0.0 0.0 0.0 0.0 39.4 41.8 16.2 8.6 95.4 68.2 11.8 DCRS_-_Bom_Jesus/Jaquirana_(606_m) -999.9 -999.9 987.4 950.0 981.8 13.0 6.6 296.0 Rio_Grande_do_Sul DCRS -999.9 0.0 0.0 600.96 601.08 600.91 0 -0.02 601.28 601.96 601.96 601.96
-28.798800 -50.429798 DCRS-00086 2026-09-14_22:33 11.2 -999.9 -999.9 95.1 -999.9 -999.9 10.4 -999.9 -999.9 981.5 -999.9 -999.9 3.9 -999.9 8.2 0.0 0.0 0.0 0.0 0.0 39.4 41.8 16.2 8.6 95.4 68.2 11.8 DCRS_-_Bom_Jesus/Jaquirana_(606_m) -999.9 -999.9 987.4 950.0 981.5 13.0 6.6 296.0 Rio_Grande_do_Sul DCRS -999.9 0.0 0.0 600.98 601.08 600.91 0 -0.03 601.28 601.96 601.96 601.96
-28.798800 -50.429798 DCRS-00086 2026-09-14_22:34 11.2 -999.9 -999.9 95.1 -999.9 -999.9 10.4 -999.9 -999.9 981.4 -999.9 -999.9 5.5 -999.9 8.2 0.0 0.0 0.0 0.0 0.0 39.4 41.8 16.2 8.6 95.4 68.2 11.8 DCRS_-_Bom_Jesus/Jaquirana_(606_m) -999.9 -999.9 987.4 950.0 981.4 13.0 6.6 296.0 Rio_Grande_do_Sul DCRS -999.9 0.0 0.0 600.97 601.08 600.91 0 -0.01 601.28 601.96 601.96 601.96
-28.798800 -50.429798 DCRS-00086 2026-09-14_22:35 11.2 -999.9 -999.9 95.2 -999.9 -999.9 10.5 -999.9 -999.9 981.3 -999.9 -999.9 5.8 -999.9 7.8 0.0 0.0 0.0 0.0 0.0 39.4 41.8 16.2 8.6 95.4 68.2 11.8 DCRS_-_Bom_Jesus/Jaquirana_(606_m) -999.9 -999.9 987.4 950.0 981.3 13.0 6.6 296.0 Rio_Grande_do_Sul DCRS -999.9 0.0 0.0 600.95 601.08 600.91 0 -0.05 601.28 601.96 601.96 601.96
-28.798800 -50.429798 DCRS-00086 2026-09-14_22:36 11.1 -999.9 -999.9 95.1 -999.9 -999.9 10.3 -999.9 -999.9 981.3 -999.9 -999.9 5.2 -999.9 7.8 0.0 0.0 0.0 0.0 0.0 39.4 41.8 16.2 8.6 95.4 68.2 11.8 DCRS_-_Bom_Jesus/Jaquirana_(606_m) -999.9 -999.9 987.4 950.0 981.3 13.0 6.6 296.0 Rio_Grande_do_Sul DCRS -999.9 0.0 0.0 600.98 601.08 600.91 0 0.01 601.28 601.96 601.96 601.96
-28.798800 -50.429798 DCRS-00086 2026-09-14_22:37 11.1 -999.9 -999.9 95.1 -999.9 -999.9 10.3 -999.9 -999.9 981.2 -999.9 -999.9 5.0 -999.9 7.8 0.0 0.0 0.0 0.0 0.0 39.4 41.8 16.2 8.6 95.4 68.2 11.8 DCRS_-_Bom_Jesus/Jaquirana_(606_m) -999.9 -999.9 987.4 950.0 981.2 13.0 6.6 296.0 Rio_Grande_do_Sul DCRS -999.9 0.0 0.0 600.99 601.08 600.91 0 0.02 601.28 601.96 601.96 601.96
-28.798800 -50.429798 DCRS-00086 2026-09-14_22:38 11.1 -999.9 -999.9 95.1 -999.9 -999.9 10.3 -999.9 -999.9 981.1 -999.9 -999.9 5.3 -999.9 7.8 0.0 0.0 0.0 0.0 0.0 39.4 41.8 16.2 8.6 95.4 68.2 11.8 DCRS_-_Bom_Jesus/Jaquirana_(606_m) -999.9 -999.9 987.4 950.0 981.1 13.0 6.6 296.0 Rio_Grande_do_Sul DCRS -999.9 0.0 0.0 600.99 601.08 600.91 0 0.02 601.28 601.96 601.96 601.96
-28.798800 -50.429798 DCRS-00086 2026-09-14_22:39 11.1 -999.9 -999.9 95.2 -999.9 -999.9 10.4 -999.9 -999.9 981.1 -999.9 -999.9 5.9 -999.9 7.8 0.0 0.0 0.0 0.0 0.0 39.4 41.8 16.2 8.6 95.4 68.2 11.8 DCRS_-_Bom_Jesus/Jaquirana_(606_m) -999.9 -999.9 987.4 950.0 981.1 13.0 6.6 296.0 Rio_Grande_do_Sul DCRS -999.9 0.0 0.0 600.99 601.08 600.91 0 0.01 601.28 601.96 601.96 601.96
-28.798800 -50.429798 DCRS-00086 2026-09-14_22:40 11.1 -999.9 -999.9 95.2 -999.9 -999.9 10.4 -999.9 -999.9 981.0 -999.9 -999.9 4.6 -999.9 6.7 0.0 0.0 0.0 0.0 0.0 39.4 41.8 16.2 8.6 95.4 68.2 11.8 DCRS_-_Bom_Jesus/Jaquirana_(606_m) -999.9 -999.9 987.4 950.0 981.0 13.0 6.6 296.0 Rio_Grande_do_Sul DCRS -999.9 0.0 0.0 600.98 601.08 600.91 0 0.0 601.28 601.96 601.96 601.96
-28.798800 -50.429798 DCRS-00086 2026-09-14_22:41 11.1 -999.9 -999.9 95.2 -999.9 -999.9 10.4 -999.9 -999.9 981.0 -999.9 -999.9 5.2 -999.9 6.7 0.0 0.0 0.0 0.0 0.0 39.4 41.8 16.2 8.6 95.4 68.2 11.8 DCRS_-_Bom_Jesus/Jaquirana_(606_m) -999.9 -999.9 987.4 950.0 981.0 13.0 6.6 296.0 Rio_Grande_do_Sul DCRS -999.9 0.0 0.0 600.99 601.08 600.91 0 0.03 601.28 601.96 601.96 601.96
-28.798800 -50.429798 DCRS-00086 2026-09-14_22:42 11.1 -999.9 -999.9 95.2 -999.9 -999.9 10.4 -999.9 -999.9 981.1 -999.9 -999.9 5.9 -999.9 6.7 0.0 0.0 0.0 0.0 0.0 39.4 41.8 16.2 8.6 95.4 68.2 11.8 DCRS_-_Bom_Jesus/Jaquirana_(606_m) -999.9 -999.9 987.4 950.0 981.1 13.0 6.6 296.0 Rio_Grande_do_Sul DCRS -999.9 0.0 0.0 600.97 601.08 600.91 0 0.01 601.28 601.96 601.96 601.96
-28.798800 -50.429798 DCRS-00086 2026-09-14_22:43 11.1 -999.9 -999.9 95.2 -999.9 -999.9 10.4 -999.9 -999.9 981.1 -999.9 -999.9 5.2 -999.9 6.7 0.0 0.0 0.0 0.0 0.0 39.4 41.8 16.2 8.6 95.4 68.2 11.8 DCRS_-_Bom_Jesus/Jaquirana_(606_m) -999.9 -999.9 987.4 950.0 981.1 13.0 6.6 296.0 Rio_Grande_do_Sul DCRS -999.9 0.0 0.0 600.98 601.08 600.91 0 0.0 601.28 601.96 601.96 601.96
-28.798800 -50.429798 DCRS-00086 2026-09-14_22:44 11.1 -999.9 -999.9 95.2 -999.9 -999.9 10.4 -999.9 -999.9 981.2 -999.9 -999.9 5.1 -999.9 6.7 0.0 0.0 0.0 0.0 0.0 39.4 41.8 16.2 8.6 95.4 68.2 11.8 DCRS_-_Bom_Jesus/Jaquirana_(606_m) -999.9 -999.9 987.4 950.0 981.2 13.0 6.6 296.0 Rio_Grande_do_Sul DCRS -999.9 0.0 0.0 600.97 601.08 600.91 0 -0.01 601.28 601.96 601.96 601.96
-28.798800 -50.429798 DCRS-00086 2026-09-14_22:45 11.1 -999.9 -999.9 95.2 -999.9 -999.9 10.4 -999.9 -999.9 981.1 -999.9 -999.9 -999.9 -999.9 7.3 0.0 0.0 0.0 0.0 0.0 39.4 41.8 16.2 8.6 95.4 68.2 11.8 DCRS_-_Bom_Jesus/Jaquirana_(606_m) -999.9 -999.9 987.4 950.0 981.1 13.0 6.6 296.0 Rio_Grande_do_Sul DCRS -999.9 0.0 0.0 600.99 601.08 600.91 0 0.03 601.28 601.96 601.96 601.96
-28.798800 -50.429798 DCRS-00086 2026-09-14_22:46 11.0 -999.9 -999.9 95.1 -999.9 -999.9 10.2 -999.9 -999.9 980.9 -999.9 -999.9 -999.9 -999.9 7.3 0.0 0.0 0.0 0.0 0.0 39.4 41.8 16.2 8.6 95.4 68.2 11.8 DCRS_-_Bom_Jesus/Jaquirana_(606_m) -999.9 -999.9 987.4 950.0 980.9 13.0 6.6 296.0 Rio_Grande_do_Sul DCRS -999.9 0.0 0.0 600.98 601.08 600.91 0 0.04 601.28 601.96 601.96 601.96
-28.798800 -50.429798 DCRS-00086 2026-09-14_22:47 11.0 -999.9 -999.9 95.1 -999.9 -999.9 10.2 -999.9 -999.9 980.7 -999.9 -999.9 7.2 -999.9 7.3 0.0 0.0 0.0 0.0 0.0 39.4 41.8 16.2 8.6 95.4 68.2 11.8 DCRS_-_Bom_Jesus/Jaquirana_(606_m) -999.9 -999.9 987.4 950.0 980.7 13.0 6.6 296.0 Rio_Grande_do_Sul DCRS -999.9 0.0 0.0 600.97 601.08 600.91 0 0.03 601.28 601.96 601.96 601.96
-28.798800 -50.429798 DCRS-00086 2026-09-14_22:48 11.0 -999.9 -999.9 95.1 -999.9 -999.9 10.2 -999.9 -999.9 980.6 -999.9 -999.9 6.9 -999.9 7.3 0.0 0.0 0.0 0.0 0.0 39.4 41.8 16.2 8.6 95.4 68.2 11.8 DCRS_-_Bom_Jesus/Jaquirana_(606_m) -999.9 -999.9 987.4 950.0 980.6 13.0 6.6 296.0 Rio_Grande_do_Sul DCRS -999.9 0.0 0.0 600.96 601.08 600.91 0 -0.02 601.28 601.96 601.96 601.96
-28.798800 -50.429798 DCRS-00086 2026-09-14_22:49 11.0 -999.9 -999.9 95.1 -999.9 -999.9 10.2 -999.9 -999.9 980.6 -999.9 -999.9 4.7 -999.9 7.3 0.0 0.0 0.0 0.0 0.0 39.4 41.8 16.2 8.6 95.4 68.2 11.8 DCRS_-_Bom_Jesus/Jaquirana_(606_m) -999.9 -999.9 987.4 950.0 980.6 13.0 6.6 296.0 Rio_Grande_do_Sul DCRS -999.9 0.0 0.0 600.96 601.08 600.91 0 -0.02 601.28 601.96 601.96 601.96
-28.798800 -50.429798 DCRS-00086 2026-09-14_22:50 11.0 -999.9 -999.9 95.3 -999.9 -999.9 10.3 -999.9 -999.9 980.7 -999.9 -999.9 5.7 -999.9 8.5 0.0 0.0 0.0 0.0 0.0 39.4 41.8 16.2 8.6 95.4 68.2 11.8 DCRS_-_Bom_Jesus/Jaquirana_(606_m) -999.9 -999.9 987.4 950.0 980.7 13.0 6.6 296.0 Rio_Grande_do_Sul DCRS -999.9 0.0 0.0 600.96 601.08 600.91 0 -0.02 601.28 601.96 601.96 601.96
-28.798800 -50.429798 DCRS-00086 2026-09-14_22:51 11.0 -999.9 -999.9 95.2 -999.9 -999.9 10.3 -999.9 -999.9 980.9 -999.9 -999.9 5.8 -999.9 8.5 0.0 0.0 0.0 0.0 0.0 39.4 41.8 16.2 8.6 95.4 68.2 11.8 DCRS_-_Bom_Jesus/Jaquirana_(606_m) -999.9 -999.9 987.4 950.0 980.9 13.0 6.6 296.0 Rio_Grande_do_Sul DCRS -999.9 0.0 0.0 600.98 601.08 600.91 0 -0.02 601.28 601.96 601.96 601.96
-28.798800 -50.429798 DCRS-00086 2026-09-14_22:52 11.0 -999.9 -999.9 95.2 -999.9 -999.9 10.3 -999.9 -999.9 981.0 -999.9 -999.9 6.0 -999.9 8.5 0.0 0.0 0.0 0.0 0.0 39.4 41.8 16.2 8.6 95.4 68.2 11.8 DCRS_-_Bom_Jesus/Jaquirana_(606_m) -999.9 -999.9 987.4 950.0 981.0 13.0 6.6 296.0 Rio_Grande_do_Sul DCRS -999.9 0.0 0.0 600.94 601.08 600.91 0 -0.04 601.28 601.96 601.96 601.96
-28.798800 -50.429798 DCRS-00086 2026-09-14_22:53 11.0 -999.9 -999.9 95.2 -999.9 -999.9 10.3 -999.9 -999.9 981.0 -999.9 -999.9 5.9 -999.9 8.5 0.0 0.0 0.0 0.0 0.0 39.4 41.8 16.2 8.6 95.4 68.2 11.8 DCRS_-_Bom_Jesus/Jaquirana_(606_m) -999.9 -999.9 987.4 950.0 981.0 13.0 6.6 296.0 Rio_Grande_do_Sul DCRS -999.9 0.0 0.0 601.0 601.08 600.91 0 0.01 601.28 601.96 601.96 601.96
-28.798800 -50.429798 DCRS-00086 2026-09-14_22:54 11.0 -999.9 -999.9 95.2 -999.9 -999.9 10.3 -999.9 -999.9 980.9 -999.9 -999.9 7.5 -999.9 8.5 0.0 0.0 0.0 0.0 0.0 39.4 41.8 16.2 8.6 95.4 68.2 11.8 DCRS_-_Bom_Jesus/Jaquirana_(606_m) -999.9 -999.9 987.4 950.0 980.9 13.0 6.6 296.0 Rio_Grande_do_Sul DCRS -999.9 0.0 0.0 600.99 601.08 600.91 0 0.0 601.28 601.96 601.96 601.96
-28.798800 -50.429798 DCRS-00086 2026-09-14_22:55 11.0 -999.9 -999.9 95.1 -999.9 -999.9 10.2 -999.9 -999.9 980.8 -999.9 -999.9 5.4 -999.9 7.9 0.0 0.0 0.0 0.0 0.0 39.4 41.8 16.2 8.6 95.4 68.2 11.8 DCRS_-_Bom_Jesus/Jaquirana_(606_m) -999.9 -999.9 987.4 950.0 980.8 13.0 6.6 296.0 Rio_Grande_do_Sul DCRS -999.9 0.0 0.0 600.98 601.08 600.91 0 -0.01 601.28 601.96 601.96 601.96
-28.798800 -50.429798 DCRS-00086 2026-09-14_22:56 10.9 -999.9 -999.9 95.2 -999.9 -999.9 10.2 -999.9 -999.9 980.6 -999.9 -999.9 6.2 -999.9 7.9 0.0 0.0 0.0 0.0 0.0 39.4 41.8 16.2 8.6 95.4 68.2 11.8 DCRS_-_Bom_Jesus/Jaquirana_(606_m) -999.9 -999.9 987.4 950.0 980.6 13.0 6.6 296.0 Rio_Grande_do_Sul DCRS -999.9 0.0 0.0 600.97 601.08 600.91 0 -0.01 601.28 601.96 601.96 601.96
-28.798800 -50.429798 DCRS-00086 2026-09-14_22:57 10.9 -999.9 -999.9 95.1 -999.9 -999.9 10.1 -999.9 -999.9 980.5 -999.9 -999.9 6.8 -999.9 7.9 0.0 0.0 0.0 0.0 0.0 39.4 41.8 16.2 8.6 95.4 68.2 11.8 DCRS_-_Bom_Jesus/Jaquirana_(606_m) -999.9 -999.9 987.4 950.0 980.5 13.0 6.6 296.0 Rio_Grande_do_Sul DCRS -999.9 0.0 0.0 600.97 601.08 600.91 0 0.0 601.28 601.96 601.96 601.96
-28.798800 -50.429798 DCRS-00086 2026-09-14_22:58 10.9 -999.9 -999.9 95.1 -999.9 -999.9 10.1 -999.9 -999.9 980.4 -999.9 -999.9 6.7 -999.9 7.9 0.0 0.0 0.0 0.0 0.0 39.4 41.8 16.2 8.6 95.4 68.2 11.8 DCRS_-_Bom_Jesus/Jaquirana_(606_m) -999.9 -999.9 987.4 950.0 980.4 13.0 6.6 296.0 Rio_Grande_do_Sul DCRS -999.9 0.0 0.0 600.98 601.08 600.91 0 0.01 601.28 601.96 601.96 601.96
-28.798800 -50.429798 DCRS-00086 2026-09-14_22:59 10.9 -999.9 -999.9 95.1 -999.9 -999.9 10.1 -999.9 -999.9 980.4 -999.9 -999.9 6.3 -999.9 7.9 0.0 0.0 0.0 0.0 0.0 39.4 41.8 16.2 8.6 95.4 68.2 11.8 DCRS_-_Bom_Jesus/Jaquirana_(606_m) -999.9 -999.9 987.4 950.0 980.4 13.0 6.6 296.0 Rio_Grande_do_Sul DCRS -999.9 0.0 0.0 600.98 601.08 600.91 0 0.01 601.28 601.96 601.96 601.96
-28.798800 -50.429798 DCRS-00086 2026-09-14_23:00 10.9 -999.9 -999.9 95.1 -999.9 -999.9 10.1 -999.9 -999.9 980.3 -999.9 -999.9 6.7 -999.9 7.9 0.0 0.0 0.0 0.0 0.0 39.4 41.8 16.2 8.6 95.4 68.2 11.8 DCRS_-_Bom_Jesus/Jaquirana_(606_m) -999.9 -999.9 987.4 950.0 980.3 13.0 6.6 296.0 Rio_Grande_do_Sul DCRS -999.9 0.0 0.0 601.0 601.08 600.91 0 0.01 601.28 601.96 601.96 601.96
-28.798800 -50.429798 DCRS-00086 2026-09-14_23:01 10.9 -999.9 -999.9 95.1 -999.9 -999.9 10.1 -999.9 -999.9 980.2 -999.9 -999.9 6.2 -999.9 7.9 0.0 0.0 0.0 0.0 0.0 39.4 41.8 16.2 8.6 95.4 68.2 11.8 DCRS_-_Bom_Jesus/Jaquirana_(606_m) -999.9 -999.9 987.4 950.0 980.2 13.0 6.6 296.0 Rio_Grande_do_Sul DCRS -999.9 0.0 0.0 600.98 601.08 600.91 0 0.01 601.28 601.96 601.96 601.96
-28.798800 -50.429798 DCRS-00086 2026-09-14_23:02 10.9 -999.9 -999.9 95.1 -999.9 -999.9 10.1 -999.9 -999.9 980.1 -999.9 -999.9 -999.9 -999.9 7.9 0.0 0.0 0.0 0.0 0.0 39.4 41.8 16.2 8.6 95.4 68.2 11.8 DCRS_-_Bom_Jesus/Jaquirana_(606_m) -999.9 -999.9 987.4 950.0 980.1 13.0 6.6 296.0 Rio_Grande_do_Sul DCRS -999.9 0.0 0.0 600.97 601.08 600.91 0 -0.02 601.28 601.96 601.96 601.96
-28.798800 -50.429798 DCRS-00086 2026-09-14_23:03 10.9 -999.9 -999.9 95.1 -999.9 -999.9 10.1 -999.9 -999.9 979.9 -999.9 -999.9 -999.9 -999.9 7.9 0.0 0.0 0.0 0.0 0.0 39.4 41.8 16.2 8.6 95.4 68.2 11.8 DCRS_-_Bom_Jesus/Jaquirana_(606_m) -999.9 -999.9 987.4 950.0 979.9 13.0 6.6 296.0 Rio_Grande_do_Sul DCRS -999.9 0.0 0.0 600.99 601.08 600.91 0 0.01 601.28 601.96 601.96 601.96
-28.798800 -50.429798 DCRS-00086 2026-09-14_23:04 10.9 -999.9 -999.9 95.0 -999.9 -999.9 10.1 -999.9 -999.9 979.8 -999.9 -999.9 5.5 -999.9 7.9 0.0 0.0 0.0 0.0 0.0 39.4 41.8 16.2 8.6 95.4 68.2 11.8 DCRS_-_Bom_Jesus/Jaquirana_(606_m) -999.9 -999.9 987.4 950.0 979.8 13.0 6.6 296.0 Rio_Grande_do_Sul DCRS -999.9 0.0 0.0 600.98 601.08 600.91 0 -0.01 601.28 601.96 601.96 601.96
-28.798800 -50.429798 DCRS-00086 2026-09-14_23:05 10.9 -999.9 -999.9 95.2 -999.9 -999.9 10.2 -999.9 -999.9 979.9 -999.9 -999.9 6.0 -999.9 9.7 0.0 0.0 0.0 0.0 0.0 39.4 41.8 16.2 8.6 95.4 68.2 11.8 DCRS_-_Bom_Jesus/Jaquirana_(606_m) -999.9 -999.9 987.4 950.0 979.9 13.0 6.6 296.0 Rio_Grande_do_Sul DCRS -999.9 0.0 0.0 600.99 601.08 600.91 0 0.0 601.28 601.96 601.96 601.96
-28.798800 -50.429798 DCRS-00086 2026-09-14_23:06 10.9 -999.9 -999.9 95.2 -999.9 -999.9 10.2 -999.9 -999.9 980.0 -999.9 -999.9 6.3 -999.9 9.7 0.0 0.0 0.0 0.0 0.0 39.4 41.8 16.2 8.6 95.4 68.2 11.8 DCRS_-_Bom_Jesus/Jaquirana_(606_m) -999.9 -999.9 987.4 950.0 980.0 13.0 6.6 296.0 Rio_Grande_do_Sul DCRS -999.9 0.0 0.0 600.98 601.08 600.91 1 0.03 601.28 601.96 601.96 601.96
-28.798800 -50.429798 DCRS-00086 2026-09-14_23:07 10.8 -999.9 -999.9 95.3 -999.9 -999.9 10.1 -999.9 -999.9 980.2 -999.9 -999.9 5.9 -999.9 9.7 0.0 0.0 0.0 0.0 0.0 39.4 41.8 16.2 8.6 95.4 68.2 11.8 DCRS_-_Bom_Jesus/Jaquirana_(606_m) -999.9 -999.9 987.4 950.0 980.2 13.0 6.6 296.0 Rio_Grande_do_Sul DCRS -999.9 0.0 0.0 600.99 601.08 600.91 0 -0.01 601.28 601.96 601.96 601.96
-28.798800 -50.429798 DCRS-00086 2026-09-14_23:08 10.9 -999.9 -999.9 95.2 -999.9 -999.9 10.2 -999.9 -999.9 980.3 -999.9 -999.9 6.2 -999.9 9.7 0.0 0.0 0.0 0.0 0.0 39.4 41.8 16.2 8.6 95.4 68.2 11.8 DCRS_-_Bom_Jesus/Jaquirana_(606_m) -999.9 -999.9 987.4 950.0 980.3 13.0 6.6 296.0 Rio_Grande_do_Sul DCRS -999.9 0.0 0.0 601.0 601.08 600.91 1 0.01 601.28 601.96 601.96 601.96
-28.798800 -50.429798 DCRS-00086 2026-09-14_23:09 10.8 -999.9 -999.9 95.3 -999.9 -999.9 10.1 -999.9 -999.9 980.3 -999.9 -999.9 6.3 -999.9 9.7 0.0 0.0 0.0 0.0 0.0 39.4 41.8 16.2 8.6 95.4 68.2 11.8 DCRS_-_Bom_Jesus/Jaquirana_(606_m) -999.9 -999.9 987.4 950.0 980.3 13.0 6.6 296.0 Rio_Grande_do_Sul DCRS -999.9 0.0 0.0 600.93 601.08 600.91 1 0.02 601.28 601.96 601.96 601.96
-28.798800 -50.429798 DCRS-00086 2026-09-14_23:10 10.9 -999.9 -999.9 95.3 -999.9 -999.9 -999.9 -999.9 -999.9 980.3 -999.9 -999.9 5.5 -999.9 6.9 0.0 0.0 0.0 0.0 0.0 39.4 41.8 16.2 8.6 95.4 68.2 11.8 DCRS_-_Bom_Jesus/Jaquirana_(606_m) -999.9 -999.9 987.4 950.0 980.3 13.0 6.6 296.0 Rio_Grande_do_Sul DCRS -999.9 0.0 0.0 600.97 601.08 600.91 1 0.06 601.28 601.96 601.96 601.96
-28.798800 -50.429798 DCRS-00086 2026-09-14_23:11 10.8 -999.9 -999.9 95.2 -999.9 -999.9 10.1 -999.9 -999.9 980.3 -999.9 -999.9 -999.9 -999.9 6.9 0.0 0.0 0.0 0.0 0.0 39.4 41.8 16.2 8.6 95.4 68.2 11.8 DCRS_-_Bom_Jesus/Jaquirana_(606_m) -999.9 -999.9 987.4 950.0 980.3 13.0 6.6 296.0 Rio_Grande_do_Sul DCRS -999.9 0.0 0.0 600.99 601.08 600.91 0 0.01 601.28 601.96 601.96 601.96
-28.798800 -50.429798 DCRS-00086 2026-09-14_23:12 10.8 -999.9 -999.9 95.2 -999.9 -999.9 10.1 -999.9 -999.9 980.3 -999.9 -999.9 6.0 -999.9 6.9 0.0 0.0 0.0 0.0 0.0 39.4 41.8 16.2 8.6 95.4 68.2 11.8 DCRS_-_Bom_Jesus/Jaquirana_(606_m) -999.9 -999.9 987.4 950.0 980.3 13.0 6.6 296.0 Rio_Grande_do_Sul DCRS -999.9 0.0 0.0 600.98 601.08 600.91 0 0.02 601.28 601.96 601.96 601.96
-28.798800 -50.429798 DCRS-00086 2026-09-14_23:13 10.8 -999.9 -999.9 95.3 -999.9 -999.9 10.1 -999.9 -999.9 980.3 -999.9 -999.9 6.5 -999.9 6.9 0.0 0.0 0.0 0.0 0.0 39.4 41.8 16.2 8.6 95.4 68.2 11.8 DCRS_-_Bom_Jesus/Jaquirana_(606_m) -999.9 -999.9 987.4 950.0 980.3 13.0 6.6 296.0 Rio_Grande_do_Sul DCRS -999.9 0.0 0.0 600.99 601.08 600.91 0 0.03 601.28 601.96 601.96 601.96
-28.798800 -50.429798 DCRS-00086 2026-09-14_23:14 10.8 -999.9 -999.9 95.2 -999.9 -999.9 10.1 -999.9 -999.9 980.2 -999.9 -999.9 -999.9 -999.9 6.9 0.0 0.0 0.0 0.0 0.0 39.4 41.8 16.2 8.6 95.4 68.2 11.8 DCRS_-_Bom_Jesus/Jaquirana_(606_m) -999.9 -999.9 987.4 950.0 980.2 13.0 6.6 296.0 Rio_Grande_do_Sul DCRS -999.9 0.0 0.0 600.98 601.08 600.91 0 0.0 601.28 601.96 601.96 601.96
-28.798800 -50.429798 DCRS-00086 2026-09-14_23:15 10.8 -999.9 -999.9 95.2 -999.9 -999.9 10.1 -999.9 -999.9 980.0 -999.9 -999.9 7.4 -999.9 8.4 0.0 0.0 0.0 0.0 0.0 39.4 41.8 16.2 8.6 95.4 68.2 11.8 DCRS_-_Bom_Jesus/Jaquirana_(606_m) -999.9 -999.9 987.4 950.0 980.0 13.0 6.6 296.0 Rio_Grande_do_Sul DCRS -999.9 0.0 0.0 601.0 601.08 600.91 0 0.02 601.28 601.96 601.96 601.96
-28.798800 -50.429798 DCRS-00086 2026-09-14_23:16 10.8 -999.9 -999.9 95.2 -999.9 -999.9 10.1 -999.9 -999.9 980.0 -999.9 -999.9 6.3 -999.9 8.4 0.0 0.0 0.0 0.0 0.0 39.4 41.8 16.2 8.6 95.4 68.2 11.8 DCRS_-_Bom_Jesus/Jaquirana_(606_m) -999.9 -999.9 987.4 950.0 980.0 13.0 6.6 296.0 Rio_Grande_do_Sul DCRS -999.9 0.0 0.0 600.97 601.08 600.91 0 0.0 601.28 601.96 601.96 601.96
-28.798800 -50.429798 DCRS-00086 2026-09-14_23:17 10.8 -999.9 -999.9 95.2 -999.9 -999.9 10.1 -999.9 -999.9 980.0 -999.9 -999.9 4.8 -999.9 8.4 0.0 0.0 0.0 0.0 0.0 39.4 41.8 16.2 8.6 95.4 68.2 11.8 DCRS_-_Bom_Jesus/Jaquirana_(606_m) -999.9 -999.9 987.4 950.0 980.0 13.0 6.6 296.0 Rio_Grande_do_Sul DCRS -999.9 0.0 0.0 600.99 601.08 600.91 0 0.02 601.28 601.96 601.96 601.96
-28.798800 -50.429798 DCRS-00086 2026-09-14_23:18 10.8 -999.9 -999.9 95.2 -999.9 -999.9 10.1 -999.9 -999.9 980.1 -999.9 -999.9 6.1 -999.9 8.4 0.0 0.0 0.0 0.0 0.0 39.4 41.8 16.2 8.6 95.4 68.2 11.8 DCRS_-_Bom_Jesus/Jaquirana_(606_m) -999.9 -999.9 987.4 950.0 980.1 13.0 6.6 296.0 Rio_Grande_do_Sul DCRS -999.9 0.0 0.0 600.99 601.08 600.91 0 0.01 601.28 601.96 601.96 601.96
-28.798800 -50.429798 DCRS-00086 2026-09-14_23:19 10.8 -999.9 -999.9 95.3 -999.9 -999.9 10.1 -999.9 -999.9 980.1 -999.9 -999.9 4.9 -999.9 8.4 0.0 0.0 0.0 0.0 0.0 39.4 41.8 16.2 8.6 95.4 68.2 11.8 DCRS_-_Bom_Jesus/Jaquirana_(606_m) -999.9 -999.9 987.4 950.0 980.1 13.0 6.6 296.0 Rio_Grande_do_Sul DCRS -999.9 0.0 0.0 600.96 601.08 600.91 0 -0.01 601.28 601.96 601.96 601.96
-28.798800 -50.429798 DCRS-00086 2026-09-14_23:20 10.8 -999.9 -999.9 95.3 -999.9 -999.9 10.1 -999.9 -999.9 980.2 -999.9 -999.9 6.3 -999.9 7.7 0.0 0.0 0.0 0.0 0.0 39.4 41.8 16.2 8.6 95.4 68.2 11.8 DCRS_-_Bom_Jesus/Jaquirana_(606_m) -999.9 -999.9 987.4 950.0 980.2 13.0 6.6 296.0 Rio_Grande_do_Sul DCRS -999.9 0.0 0.0 600.98 601.08 600.91 0 -0.01 601.28 601.96 601.96 601.96
-28.798800 -50.429798 DCRS-00086 2026-09-14_23:21 10.8 -999.9 -999.9 95.3 -999.9 -999.9 10.1 -999.9 -999.9 980.2 -999.9 -999.9 5.8 -999.9 7.7 0.0 0.0 0.0 0.0 0.0 39.4 41.8 16.2 8.6 95.4 68.2 11.8 DCRS_-_Bom_Jesus/Jaquirana_(606_m) -999.9 -999.9 987.4 950.0 980.2 13.0 6.6 296.0 Rio_Grande_do_Sul DCRS -999.9 0.0 0.0 600.97 601.08 600.91 0 -0.01 601.28 601.96 601.96 601.96
-28.798800 -50.429798 DCRS-00086 2026-09-14_23:22 10.8 -999.9 -999.9 95.3 -999.9 -999.9 10.1 -999.9 -999.9 980.2 -999.9 -999.9 6.9 -999.9 7.7 0.0 0.0 0.0 0.0 0.0 39.4 41.8 16.2 8.6 95.4 68.2 11.8 DCRS_-_Bom_Jesus/Jaquirana_(606_m) -999.9 -999.9 987.4 950.0 980.2 13.0 6.6 296.0 Rio_Grande_do_Sul DCRS -999.9 0.0 0.0 600.99 601.08 600.91 0 0.01 601.28 601.96 601.96 601.96
-28.798800 -50.429798 DCRS-00086 2026-09-14_23:23 10.8 -999.9 -999.9 95.3 -999.9 -999.9 10.1 -999.9 -999.9 980.3 -999.9 -999.9 5.3 -999.9 7.7 0.0 0.0 0.0 0.0 0.0 39.4 41.8 16.2 8.6 95.4 68.2 11.8 DCRS_-_Bom_Jesus/Jaquirana_(606_m) -999.9 -999.9 987.4 950.0 980.3 13.0 6.6 296.0 Rio_Grande_do_Sul DCRS -999.9 0.0 0.0 600.98 601.08 600.91 0 0.03 601.28 601.96 601.96 601.96
-28.798800 -50.429798 DCRS-00086 2026-09-14_23:24 10.8 -999.9 -999.9 95.4 -999.9 -999.9 10.1 -999.9 -999.9 980.4 -999.9 -999.9 5.9 -999.9 7.7 0.0 0.0 0.0 0.0 0.0 39.4 41.8 16.2 8.6 95.4 68.2 11.8 DCRS_-_Bom_Jesus/Jaquirana_(606_m) -999.9 -999.9 987.4 950.0 980.4 13.0 6.6 296.0 Rio_Grande_do_Sul DCRS -999.9 0.0 0.0 600.99 601.08 600.91 0 0.0 601.28 601.96 601.96 601.96
-28.798800 -50.429798 DCRS-00086 2026-09-14_23:25 10.8 -999.9 -999.9 95.3 -999.9 -999.9 10.1 -999.9 -999.9 980.5 -999.9 -999.9 5.3 -999.9 7.2 0.0 0.0 0.0 0.0 0.0 39.4 41.8 16.2 8.6 95.4 68.2 11.8 DCRS_-_Bom_Jesus/Jaquirana_(606_m) -999.9 -999.9 987.4 950.0 980.5 13.0 6.6 296.0 Rio_Grande_do_Sul DCRS -999.9 0.0 0.0 600.95 601.08 600.91 0 -0.03 601.28 601.96 601.96 601.96
-28.798800 -50.429798 DCRS-00086 2026-09-14_23:26 10.8 -999.9 -999.9 95.4 -999.9 -999.9 10.1 -999.9 -999.9 980.6 -999.9 -999.9 6.0 -999.9 7.2 0.0 0.0 0.0 0.0 0.0 39.4 41.8 16.2 8.6 95.4 68.2 11.8 DCRS_-_Bom_Jesus/Jaquirana_(606_m) -999.9 -999.9 987.4 950.0 980.6 13.0 6.6 296.0 Rio_Grande_do_Sul DCRS -999.9 0.0 0.0 600.99 601.08 600.91 0 0.0 601.28 601.96 601.96 601.96
-28.798800 -50.429798 DCRS-00086 2026-09-14_23:27 10.8 -999.9 -999.9 95.3 -999.9 -999.9 10.1 -999.9 -999.9 980.7 -999.9 -999.9 6.5 -999.9 7.2 0.0 0.0 0.0 0.0 0.0 39.4 41.8 16.2 8.6 95.4 68.2 11.8 DCRS_-_Bom_Jesus/Jaquirana_(606_m) -999.9 -999.9 987.4 950.0 980.7 13.0 6.6 296.0 Rio_Grande_do_Sul DCRS -999.9 0.0 0.0 600.97 601.08 600.91 0 -0.02 601.28 601.96 601.96 601.96
-28.798800 -50.429798 DCRS-00086 2026-09-14_23:28 10.8 -999.9 -999.9 95.2 -999.9 -999.9 10.1 -999.9 -999.9 980.6 -999.9 -999.9 -999.9 -999.9 7.2 0.0 0.0 0.0 0.0 0.0 39.4 41.8 16.2 8.6 95.4 68.2 11.8 DCRS_-_Bom_Jesus/Jaquirana_(606_m) -999.9 -999.9 987.4 950.0 980.6 13.0 6.6 296.0 Rio_Grande_do_Sul DCRS -999.9 0.0 0.0 600.98 601.08 600.91 0 0.0 601.28 601.96 601.96 601.96
-28.798800 -50.429798 DCRS-00086 2026-09-14_23:29 10.8 -999.9 -999.9 95.3 -999.9 -999.9 10.1 -999.9 -999.9 980.5 -999.9 -999.9 6.5 -999.9 7.2 0.0 0.0 0.0 0.0 0.0 39.4 41.8 16.2 8.6 95.4 68.2 11.8 DCRS_-_Bom_Jesus/Jaquirana_(606_m) -999.9 -999.9 987.4 950.0 980.5 13.0 6.6 296.0 Rio_Grande_do_Sul DCRS -999.9 0.0 0.0 600.98 601.08 600.91 0 0.01 601.28 601.96 601.96 601.96
-28.798800 -50.429798 DCRS-00086 2026-09-14_23:30 10.8 -999.9 -999.9 95.2 -999.9 -999.9 10.1 -999.9 -999.9 980.5 -999.9 -999.9 6.7 -999.9 8.0 0.0 0.0 0.0 0.0 0.0 39.4 41.8 16.2 8.6 95.4 68.2 11.8 DCRS_-_Bom_Jesus/Jaquirana_(606_m) -999.9 -999.9 987.4 950.0 980.5 13.0 6.6 296.0 Rio_Grande_do_Sul DCRS -999.9 0.0 0.0 600.97 601.08 600.91 0 -0.02 601.28 601.96 601.96 601.96
-28.798800 -50.429798 DCRS-00086 2026-09-14_23:31 10.8 -999.9 -999.9 95.4 -999.9 -999.9 10.1 -999.9 -999.9 980.7 -999.9 -999.9 6.6 -999.9 8.0 0.0 0.0 0.0 0.0 0.0 39.4 41.8 16.2 8.6 95.4 68.2 11.8 DCRS_-_Bom_Jesus/Jaquirana_(606_m) -999.9 -999.9 987.4 950.0 980.7 13.0 6.6 296.0 Rio_Grande_do_Sul DCRS -999.9 0.0 0.0 600.99 601.08 600.91 0 0.01 601.28 601.96 601.96 601.96
-28.798800 -50.429798 DCRS-00086 2026-09-14_23:32 10.8 -999.9 -999.9 95.3 -999.9 -999.9 10.1 -999.9 -999.9 980.7 -999.9 -999.9 7.4 -999.9 8.0 0.0 0.0 0.0 0.0 0.0 39.4 41.8 16.2 8.6 95.4 68.2 11.8 DCRS_-_Bom_Jesus/Jaquirana_(606_m) -999.9 -999.9 987.4 950.0 980.7 13.0 6.6 296.0 Rio_Grande_do_Sul DCRS -999.9 0.0 0.0 601.0 601.08 600.91 0 0.04 601.28 601.96 601.96 601.96
-28.798800 -50.429798 DCRS-00086 2026-09-14_23:33 10.8 -999.9 -999.9 95.3 -999.9 -999.9 10.1 -999.9 -999.9 980.8 -999.9 -999.9 6.8 -999.9 8.0 0.0 0.0 0.0 0.0 0.0 39.4 41.8 16.2 8.6 95.4 68.2 11.8 DCRS_-_Bom_Jesus/Jaquirana_(606_m) -999.9 -999.9 987.4 950.0 980.8 13.0 6.6 296.0 Rio_Grande_do_Sul DCRS -999.9 0.0 0.0 600.99 601.08 600.91 0 0.01 601.28 601.96 601.96 601.96
-28.798800 -50.429798 DCRS-00086 2026-09-14_23:34 10.8 -999.9 -999.9 95.4 -999.9 -999.9 10.1 -999.9 -999.9 980.9 -999.9 -999.9 6.9 -999.9 8.0 0.0 0.0 0.0 0.0 0.0 39.4 41.8 16.2 8.6 95.4 68.2 11.8 DCRS_-_Bom_Jesus/Jaquirana_(606_m) -999.9 -999.9 987.4 950.0 980.9 13.0 6.6 296.0 Rio_Grande_do_Sul DCRS -999.9 0.0 0.0 600.99 601.08 600.91 0 0.02 601.28 601.96 601.96 601.96
-28.798800 -50.429798 DCRS-00086 2026-09-14_23:35 10.8 -999.9 -999.9 95.4 -999.9 -999.9 10.1 -999.9 -999.9 981.0 -999.9 -999.9 5.5 -999.9 7.6 0.0 0.0 0.0 0.0 0.0 39.4 41.8 16.2 8.6 95.4 68.2 11.8 DCRS_-_Bom_Jesus/Jaquirana_(606_m) -999.9 -999.9 987.4 950.0 981.0 13.0 6.6 296.0 Rio_Grande_do_Sul DCRS -999.9 0.0 0.0 600.98 601.08 600.91 0 0.03 601.28 601.96 601.96 601.96
-28.798800 -50.429798 DCRS-00086 2026-09-14_23:36 10.8 -999.9 -999.9 95.4 -999.9 -999.9 10.1 -999.9 -999.9 981.0 -999.9 -999.9 4.9 -999.9 7.6 0.0 0.0 0.0 0.0 0.0 39.4 41.8 16.2 8.6 95.4 68.2 11.8 DCRS_-_Bom_Jesus/Jaquirana_(606_m) -999.9 -999.9 987.4 950.0 981.0 13.0 6.6 296.0 Rio_Grande_do_Sul DCRS -999.9 0.0 0.0 600.99 601.08 600.91 0 0.01 601.28 601.96 601.96 601.96
-28.798800 -50.429798 DCRS-00086 2026-09-14_23:37 10.8 -999.9 -999.9 95.5 -999.9 -999.9 10.1 -999.9 -999.9 981.2 -999.9 -999.9 5.0 -999.9 7.6 0.0 0.0 0.0 0.0 0.0 39.4 41.8 16.2 8.6 95.5 68.2 11.8 DCRS_-_Bom_Jesus/Jaquirana_(606_m) -999.9 -999.9 987.4 950.0 981.2 13.0 6.6 296.0 Rio_Grande_do_Sul DCRS -999.9 0.0 0.0 600.97 601.08 600.91 0 -0.02 601.28 601.96 601.96 601.96
-28.798800 -50.429798 DCRS-00086 2026-09-14_23:38 10.8 -999.9 -999.9 95.4 -999.9 -999.9 10.1 -999.9 -999.9 981.3 -999.9 -999.9 7.3 -999.9 7.6 0.0 0.0 0.0 0.0 0.0 39.4 41.8 16.2 8.6 95.5 68.2 11.8 DCRS_-_Bom_Jesus/Jaquirana_(606_m) -999.9 -999.9 987.4 950.0 981.3 13.0 6.6 296.0 Rio_Grande_do_Sul DCRS -999.9 0.0 0.0 600.98 601.08 600.91 0 -0.01 601.28 601.96 601.96 601.96
-28.798800 -50.429798 DCRS-00086 2026-09-14_23:39 10.8 -999.9 -999.9 95.3 -999.9 -999.9 10.1 -999.9 -999.9 981.2 -999.9 -999.9 6.8 -999.9 7.6 0.0 0.0 0.0 0.0 0.0 39.4 41.8 16.2 8.6 95.5 68.2 11.8 DCRS_-_Bom_Jesus/Jaquirana_(606_m) -999.9 -999.9 987.4 950.0 981.2 13.0 6.6 296.0 Rio_Grande_do_Sul DCRS -999.9 0.0 0.0 600.96 601.08 600.91 0 -0.03 601.28 601.96 601.96 601.96
-28.798800 -50.429798 DCRS-00086 2026-09-14_23:40 10.8 -999.9 -999.9 95.3 -999.9 -999.9 10.1 -999.9 -999.9 981.0 -999.9 -999.9 7.1 -999.9 7.8 0.0 0.0 0.0 0.0 0.0 39.4 41.8 16.2 8.6 95.5 68.2 11.8 DCRS_-_Bom_Jesus/Jaquirana_(606_m) -999.9 -999.9 987.4 950.0 981.0 13.0 6.6 296.0 Rio_Grande_do_Sul DCRS -999.9 0.0 0.0 600.97 601.08 600.91 0 -0.01 601.28 601.96 601.96 601.96
-28.798800 -50.429798 DCRS-00086 2026-09-14_23:41 10.7 -999.9 -999.9 95.3 -999.9 -999.9 10.0 -999.9 -999.9 980.6 -999.9 -999.9 -999.9 -999.9 7.8 0.0 0.0 0.0 0.0 0.0 39.4 41.8 16.2 8.6 95.5 68.2 11.8 DCRS_-_Bom_Jesus/Jaquirana_(606_m) -999.9 -999.9 987.4 950.0 980.6 13.0 6.6 296.0 Rio_Grande_do_Sul DCRS -999.9 0.0 0.0 600.99 601.08 600.91 0 0.0 601.28 601.96 601.96 601.96
-28.798800 -50.429798 DCRS-00086 2026-09-14_23:42 10.7 -999.9 -999.9 95.3 -999.9 -999.9 10.0 -999.9 -999.9 980.4 -999.9 -999.9 7.5 -999.9 7.8 0.0 0.0 0.0 0.0 0.0 39.4 41.8 16.2 8.6 95.5 68.2 11.8 DCRS_-_Bom_Jesus/Jaquirana_(606_m) -999.9 -999.9 987.4 950.0 980.4 13.0 6.6 296.0 Rio_Grande_do_Sul DCRS -999.9 0.0 0.0 600.99 601.08 600.91 0 0.02 601.28 601.96 601.96 601.96
-28.798800 -50.429798 DCRS-00086 2026-09-14_23:43 10.7 -999.9 -999.9 95.2 -999.9 -999.9 10.0 -999.9 -999.9 980.2 -999.9 -999.9 7.0 -999.9 7.8 0.0 0.0 0.0 0.0 0.0 39.4 41.8 16.2 8.6 95.5 68.2 11.8 DCRS_-_Bom_Jesus/Jaquirana_(606_m) -999.9 -999.9 987.4 950.0 980.2 13.0 6.6 296.0 Rio_Grande_do_Sul DCRS -999.9 0.0 0.0 600.98 601.08 600.91 0 0.0 601.28 601.96 601.96 601.96
-28.798800 -50.429798 DCRS-00086 2026-09-14_23:44 10.7 -999.9 -999.9 95.2 -999.9 -999.9 10.0 -999.9 -999.9 980.0 -999.9 -999.9 7.8 -999.9 7.8 0.0 0.0 0.0 0.0 0.0 39.4 41.8 16.2 8.6 95.5 68.2 11.8 DCRS_-_Bom_Jesus/Jaquirana_(606_m) -999.9 -999.9 987.4 950.0 980.0 13.0 6.6 296.0 Rio_Grande_do_Sul DCRS -999.9 0.0 0.0 600.99 601.08 600.91 0 0.0 601.28 601.96 601.96 601.96
-28.798800 -50.429798 DCRS-00086 2026-09-14_23:45 10.7 -999.9 -999.9 95.2 -999.9 -999.9 10.0 -999.9 -999.9 979.9 -999.9 -999.9 9.0 -999.9 9.9 0.0 0.0 0.0 0.0 0.0 39.4 41.8 16.2 8.6 95.5 68.2 11.8 DCRS_-_Bom_Jesus/Jaquirana_(606_m) -999.9 -999.9 987.4 950.0 979.9 13.0 6.6 296.0 Rio_Grande_do_Sul DCRS -999.9 0.0 0.0 600.98 601.08 600.91 0 -0.01 601.28 601.96 601.96 601.96
-28.798800 -50.429798 DCRS-00086 2026-09-14_23:46 10.6 -999.9 -999.9 95.2 -999.9 -999.9 9.9 -999.9 -999.9 979.7 -999.9 -999.9 6.5 -999.9 9.9 0.0 0.0 0.0 0.0 0.0 39.4 41.8 16.2 8.6 95.5 68.2 11.8 DCRS_-_Bom_Jesus/Jaquirana_(606_m) -999.9 -999.9 987.4 950.0 979.7 13.0 6.6 296.0 Rio_Grande_do_Sul DCRS -999.9 0.0 0.0 600.99 601.08 600.91 0 0.01 601.28 601.96 601.96 601.96
-28.798800 -50.429798 DCRS-00086 2026-09-14_23:47 10.6 -999.9 -999.9 95.3 -999.9 -999.9 9.9 -999.9 -999.9 979.6 -999.9 -999.9 8.3 -999.9 9.9 0.0 0.0 0.0 0.0 0.0 39.4 41.8 16.2 8.6 95.5 68.2 11.8 DCRS_-_Bom_Jesus/Jaquirana_(606_m) -999.9 -999.9 987.4 950.0 979.6 13.0 6.6 296.0 Rio_Grande_do_Sul DCRS -999.9 0.0 0.0 600.97 601.08 600.91 1 0.01 601.28 601.96 601.96 601.96
-28.798800 -50.429798 DCRS-00086 2026-09-14_23:48 10.6 -999.9 -999.9 95.3 -999.9 -999.9 9.9 -999.9 -999.9 979.6 -999.9 -999.9 7.0 -999.9 9.9 0.0 0.0 0.0 0.0 0.0 39.4 41.8 16.2 8.6 95.5 68.2 11.8 DCRS_-_Bom_Jesus/Jaquirana_(606_m) -999.9 -999.9 987.4 950.0 979.6 13.0 6.6 296.0 Rio_Grande_do_Sul DCRS -999.9 0.0 0.0 600.99 601.08 600.91 1 0.03 601.28 601.96 601.96 601.96
-28.798800 -50.429798 DCRS-00086 2026-09-14_23:49 10.6 -999.9 -999.9 95.4 -999.9 -999.9 9.9 -999.9 -999.9 979.5 -999.9 -999.9 8.8 -999.9 9.9 0.0 0.0 0.0 0.0 0.0 39.4 41.8 16.2 8.6 95.5 68.2 11.8 DCRS_-_Bom_Jesus/Jaquirana_(606_m) -999.9 -999.9 987.4 950.0 979.5 13.0 6.6 296.0 Rio_Grande_do_Sul DCRS -999.9 0.0 0.0 600.97 601.08 600.91 0 0.01 601.28 601.96 601.96 601.96
-28.798800 -50.429798 DCRS-00086 2026-09-14_23:50 10.6 -999.9 -999.9 95.3 -999.9 -999.9 9.9 -999.9 -999.9 979.5 -999.9 -999.9 8.0 -999.9 9.9 0.0 0.0 0.0 0.0 0.0 39.4 41.8 16.2 8.6 95.5 68.2 11.8 DCRS_-_Bom_Jesus/Jaquirana_(606_m) -999.9 -999.9 987.4 950.0 979.5 13.0 6.6 296.0 Rio_Grande_do_Sul DCRS -999.9 0.0 0.0 600.95 601.08 600.91 0 -0.01 601.28 601.96 601.96 601.96
-28.798800 -50.429798 DCRS-00086 2026-09-14_23:51 10.5 -999.9 -999.9 95.3 -999.9 -999.9 9.8 -999.9 -999.9 979.5 -999.9 -999.9 8.4 -999.9 9.9 0.0 0.0 0.0 0.0 0.0 39.4 41.8 16.2 8.6 95.5 68.2 11.8 DCRS_-_Bom_Jesus/Jaquirana_(606_m) -999.9 -999.9 987.4 950.0 979.5 13.0 6.6 296.0 Rio_Grande_do_Sul DCRS -999.9 0.0 0.0 600.98 601.08 600.91 0 0.0 601.28 601.96 601.96 601.96
-28.798800 -50.429798 DCRS-00086 2026-09-14_23:52 10.6 -999.9 -999.9 95.4 -999.9 -999.9 9.9 -999.9 -999.9 979.5 -999.9 -999.9 7.0 -999.9 9.9 0.0 0.0 0.0 0.0 0.0 39.4 41.8 16.2 8.6 95.5 68.2 11.8 DCRS_-_Bom_Jesus/Jaquirana_(606_m) -999.9 -999.9 987.4 950.0 979.5 13.0 6.6 296.0 Rio_Grande_do_Sul DCRS -999.9 0.0 0.0 600.99 601.08 600.91 0 0.05 601.28 601.96 601.96 601.96
-28.798800 -50.429798 DCRS-00086 2026-09-14_23:53 10.5 -999.9 -999.9 95.5 -999.9 -999.9 9.8 -999.9 -999.9 979.7 -999.9 -999.9 6.9 -999.9 9.9 0.0 0.0 0.0 0.0 0.0 39.4 41.8 16.2 8.6 95.5 68.2 11.8 DCRS_-_Bom_Jesus/Jaquirana_(606_m) -999.9 -999.9 987.4 950.0 979.7 13.0 6.6 296.0 Rio_Grande_do_Sul DCRS -999.9 0.0 0.0 600.97 601.08 600.91 0 -0.03 601.28 601.96 601.96 601.96
-28.798800 -50.429798 DCRS-00086 2026-09-14_23:54 10.6 -999.9 -999.9 95.5 -999.9 -999.9 9.9 -999.9 -999.9 979.9 -999.9 -999.9 6.8 -999.9 9.9 0.0 0.0 0.0 0.0 0.0 39.4 41.8 16.2 8.6 95.5 68.2 11.8 DCRS_-_Bom_Jesus/Jaquirana_(606_m) -999.9 -999.9 987.4 950.0 979.9 13.0 6.6 296.0 Rio_Grande_do_Sul DCRS -999.9 0.0 0.0 600.97 601.08 600.91 0 -0.02 601.28 601.96 601.96 601.96
-28.798800 -50.429798 DCRS-00086 2026-09-14_23:55 10.6 -999.9 -999.9 95.5 -999.9 -999.9 9.9 -999.9 -999.9 980.1 -999.9 -999.9 5.9 -999.9 9.5 0.0 0.0 0.0 0.0 0.0 39.4 41.8 16.2 8.6 95.5 68.2 11.8 DCRS_-_Bom_Jesus/Jaquirana_(606_m) -999.9 -999.9 987.4 950.0 980.1 13.0 6.6 296.0 Rio_Grande_do_Sul DCRS -999.9 0.0 0.0 600.98 601.08 600.91 0 0.01 601.28 601.96 601.96 601.96
-28.798800 -50.429798 DCRS-00086 2026-09-14_23:56 10.6 -999.9 -999.9 95.6 -999.9 -999.9 9.9 -999.9 -999.9 980.1 -999.9 -999.9 6.0 -999.9 9.5 0.0 0.0 0.0 0.0 0.0 39.4 41.8 16.2 8.6 95.6 68.2 11.8 DCRS_-_Bom_Jesus/Jaquirana_(606_m) -999.9 -999.9 987.4 950.0 980.1 13.0 6.6 296.0 Rio_Grande_do_Sul DCRS -999.9 0.0 0.0 600.99 601.08 600.91 0 0.02 601.28 601.96 601.96 601.96
-28.798800 -50.429798 DCRS-00086 2026-09-14_23:57 10.6 -999.9 -999.9 95.5 -999.9 -999.9 9.9 -999.9 -999.9 980.2 -999.9 -999.9 6.5 -999.9 9.5 0.0 0.0 0.0 0.0 0.0 39.4 41.8 16.2 8.6 95.6 68.2 11.8 DCRS_-_Bom_Jesus/Jaquirana_(606_m) -999.9 -999.9 987.4 950.0 980.2 13.0 6.6 296.0 Rio_Grande_do_Sul DCRS -999.9 0.0 0.0 600.96 601.08 600.91 0 -0.01 601.28 601.96 601.96 601.96
-28.798800 -50.429798 DCRS-00086 2026-09-14_23:58 10.6 -999.9 -999.9 95.6 -999.9 -999.9 9.9 -999.9 -999.9 980.3 -999.9 -999.9 6.9 -999.9 9.5 0.0 0.0 0.0 0.0 0.0 39.4 41.8 16.2 8.6 95.6 68.2 11.8 DCRS_-_Bom_Jesus/Jaquirana_(606_m) -999.9 -999.9 987.4 950.0 980.3 13.0 6.6 296.0 Rio_Grande_do_Sul DCRS -999.9 0.0 0.0 600.99 601.08 600.91 0 0.01 601.28 601.96 601.96 601.96
-28.798800 -50.429798 DCRS-00086 2026-09-14_23:59 10.5 -999.9 -999.9 95.6 -999.9 -999.9 9.8 -999.9 -999.9 980.4 -999.9 -999.9 5.2 -999.9 9.5 0.0 0.0 0.0 0.0 0.0 39.4 41.8 16.2 8.6 95.6 68.2 11.8 DCRS_-_Bom_Jesus/Jaquirana_(606_m) -999.9 -999.9 987.4 950.0 980.4 13.0 6.6 296.0 Rio_Grande_do_Sul DCRS -999.9 0.0 0.0 600.97 601.08 600.91 0 -0.03 601.28 601.96 601.96 601.96
