-28.939899 -51.188499 DCRS-00087 2026-09-14_00:00 12.3 -999.9 -999.9 85.8 -999.9 -999.9 10.0 -999.9 -999.9 988.2 -999.9 -999.9 0.0 -999.9 2.6 0.0 0.0 0.0 0.0 0.0 57.4 66.8 12.3 12.3 85.8 85.8 2.6 DCRS_-_Antônio_Prado/Flores_da_Cunha_(292_m) -999.9 -999.9 988.2 988.2 988.2 10.0 10.0 0.0 Rio_Grande_do_Sul DCRS -999.9 0.0 0.0 nan nan nan 0 nan nan nan nan nan
-28.939899 -51.188499 DCRS-00087 2026-09-14_00:01 12.4 -999.9 -999.9 85.1 -999.9 -999.9 9.9 -999.9 -999.9 988.2 -999.9 -999.9 0.0 -999.9 2.6 0.0 0.0 0.0 0.0 0.0 57.4 66.8 12.4 12.3 85.8 85.1 2.6 DCRS_-_Antônio_Prado/Flores_da_Cunha_(292_m) -999.9 -999.9 988.2 988.2 988.2 10.0 9.9 0.0 Rio_Grande_do_Sul DCRS -999.9 0.0 0.0 nan nan nan 0 nan nan nan nan nan
-28.939899 -51.188499 DCRS-00087 2026-09-14_00:02 12.3 -999.9 -999.9 84.7 -999.9 -999.9 9.8 -999.9 -999.9 988.2 -999.9 -999.9 0.0 -999.9 2.6 0.0 0.0 0.0 0.0 0.0 57.4 66.8 12.4 12.3 85.8 84.7 2.6 DCRS_-_Antônio_Prado/Flores_da_Cunha_(292_m) -999.9 -999.9 988.2 988.2 988.2 10.0 9.8 0.0 Rio_Grande_do_Sul DCRS -999.9 0.0 0.0 nan nan nan 0 nan nan nan nan nan
-28.939899 -51.188499 DCRS-00087 2026-09-14_00:03 12.4 -999.9 -999.9 84.0 -999.9 -999.9 9.7 -999.9 -999.9 988.2 -999.9 -999.9 0.0 -999.9 2.6 0.0 0.0 0.0 0.0 0.0 57.4 66.8 12.4 12.3 85.8 84.0 2.6 DCRS_-_Antônio_Prado/Flores_da_Cunha_(292_m) -999.9 -999.9 988.2 988.2 988.2 10.0 9.7 0.0 Rio_Grande_do_Sul DCRS -999.9 0.0 0.0 nan nan nan 0 nan nan nan nan nan
-28.939899 -51.188499 DCRS-00087 2026-09-14_00:04 12.4 -999.9 -999.9 84.9 -999.9 -999.9 9.9 -999.9 -999.9 988.2 -999.9 -999.9 0.0 -999.9 2.6 0.0 0.0 0.0 0.0 0.0 57.4 66.8 12.4 12.3 85.8 84.0 2.6 DCRS_-_Antônio_Prado/Flores_da_Cunha_(292_m) -999.9 -999.9 988.2 988.2 988.2 10.0 9.7 0.0 Rio_Grande_do_Sul DCRS -999.9 0.0 0.0 nan nan nan 0 nan nan nan nan nan
-28.939899 -51.188499 DCRS-00087 2026-09-14_00:05 12.4 -999.9 -999.9 85.8 -999.9 -999.9 10.1 -999.9 -999.9 988.2 -999.9 -999.9 0.0 -999.9 0.0 0.0 0.0 0.0 0.0 0.0 57.4 66.8 12.4 12.3 85.8 84.0 2.6 DCRS_-_Antônio_Prado/Flores_da_Cunha_(292_m) -999.9 -999.9 988.2 988.2 988.2 10.1 9.7 0.0 Rio_Grande_do_Sul DCRS -999.9 0.0 0.0 nan nan nan 0 nan nan nan nan nan
-28.939899 -51.188499 DCRS-00087 2026-09-14_00:06 12.4 -999.9 -999.9 86.3 -999.9 -999.9 10.2 -999.9 -999.9 988.1 -999.9 -999.9 0.0 -999.9 0.0 0.0 0.0 0.0 0.0 0.0 57.4 66.8 12.4 12.3 86.3 84.0 2.6 DCRS_-_Antônio_Prado/Flores_da_Cunha_(292_m) -999.9 -999.9 988.2 988.1 988.1 10.2 9.7 0.0 Rio_Grande_do_Sul DCRS -999.9 0.0 0.0 nan nan nan 0 nan nan nan nan nan
-28.939899 -51.188499 DCRS-00087 2026-09-14_00:07 12.4 -999.9 -999.9 85.6 -999.9 -999.9 10.0 -999.9 -999.9 988.1 -999.9 -999.9 0.0 -999.9 0.0 0.0 0.0 0.0 0.0 0.0 57.4 66.8 12.4 12.3 86.3 84.0 2.6 DCRS_-_Antônio_Prado/Flores_da_Cunha_(292_m) -999.9 -999.9 988.2 988.1 988.1 10.2 9.7 0.0 Rio_Grande_do_Sul DCRS -999.9 0.0 0.0 nan nan nan 0 nan nan nan nan nan
-28.939899 -51.188499 DCRS-00087 2026-09-14_00:08 12.4 -999.9 -999.9 86.0 -999.9 -999.9 10.1 -999.9 -999.9 988.1 -999.9 -999.9 0.0 -999.9 0.0 0.0 0.0 0.0 0.0 0.0 57.4 66.8 12.4 12.3 86.3 84.0 2.6 DCRS_-_Antônio_Prado/Flores_da_Cunha_(292_m) -999.9 -999.9 988.2 988.1 988.1 10.2 9.7 0.0 Rio_Grande_do_Sul DCRS -999.9 0.0 0.0 nan nan nan 0 nan nan nan nan nan
-28.939899 -51.188499 DCRS-00087 2026-09-14_00:09 12.4 -999.9 -999.9 85.6 -999.9 -999.9 10.0 -999.9 -999.9 988.1 -999.9 -999.9 0.0 -999.9 0.0 0.0 0.0 0.0 0.0 0.0 57.4 66.8 12.4 12.3 86.3 84.0 2.6 DCRS_-_Antônio_Prado/Flores_da_Cunha_(292_m) -999.9 -999.9 988.2 988.1 988.1 10.2 9.7 0.0 Rio_Grande_do_Sul DCRS -999.9 0.0 0.0 nan nan nan 0 nan nan nan nan nan
-28.939899 -51.188499 DCRS-00087 2026-09-14_00:10 12.4 -999.9 -999.9 86.6 -999.9 -999.9 10.2 -999.9 -999.9 988.1 -999.9 -999.9 -999.9 -999.9 0.0 0.0 0.0 0.0 0.0 0.0 57.4 66.8 12.4 12.3 86.6 84.0 2.6 DCRS_-_Antônio_Prado/Flores_da_Cunha_(292_m) -999.9 -999.9 988.2 988.1 988.1 10.2 9.7 0.0 Rio_Grande_do_Sul DCRS -999.9 0.0 0.0 nan nan nan 0 nan nan nan nan nan
-28.939899 -51.188499 DCRS-00087 2026-09-14_00:11 12.4 -999.9 -999.9 87.2 -999.9 -999.9 10.3 -999.9 -999.9 988.1 -999.9 -999.9 -999.9 -999.9 0.0 0.0 0.0 0.0 0.0 0.0 57.4 66.8 12.4 12.3 87.2 84.0 2.6 DCRS_-_Antônio_Prado/Flores_da_Cunha_(292_m) -999.9 -999.9 988.2 988.1 988.1 10.3 9.7 0.0 Rio_Grande_do_Sul DCRS -999.9 0.0 0.0 nan nan nan 0 nan nan nan nan nan
-28.939899 -51.188499 DCRS-00087 2026-09-14_00:12 12.3 -999.9 -999.9 87.3 -999.9 -999.9 10.2 -999.9 -999.9 988.1 -999.9 -999.9 0.0 -999.9 0.0 0.0 0.0 0.0 0.0 0.0 57.4 66.8 12.4 12.3 87.3 84.0 2.6 DCRS_-_Antônio_Prado/Flores_da_Cunha_(292_m) -999.9 -999.9 988.2 988.1 988.1 10.3 9.7 0.0 Rio_Grande_do_Sul DCRS -999.9 0.0 0.0 nan nan nan 0 nan nan nan nan nan
-28.939899 -51.188499 DCRS-00087 2026-09-14_00:13 12.4 -999.9 -999.9 86.8 -999.9 -999.9 10.2 -999.9 -999.9 988.1 -999.9 -999.9 0.0 -999.9 0.0 0.0 0.0 0.0 0.0 0.0 57.4 66.8 12.4 12.3 87.3 84.0 2.6 DCRS_-_Antônio_Prado/Flores_da_Cunha_(292_m) -999.9 -999.9 988.2 988.1 988.1 10.3 9.7 0.0 Rio_Grande_do_Sul DCRS -999.9 0.0 0.0 nan nan nan 0 nan nan nan nan nan
-28.939899 -51.188499 DCRS-00087 2026-09-14_00:14 12.4 -999.9 -999.9 86.5 -999.9 -999.9 10.2 -999.9 -999.9 988.1 -999.9 -999.9 0.0 -999.9 0.0 0.0 0.0 0.0 0.0 0.0 57.4 66.8 12.4 12.3 87.3 84.0 2.6 DCRS_-_Antônio_Prado/Flores_da_Cunha_(292_m) -999.9 -999.9 988.2 988.1 988.1 10.3 9.7 0.0 Rio_Grande_do_Sul DCRS -999.9 0.0 0.0 nan nan nan 0 nan nan nan nan nan
-28.939899 -51.188499 DCRS-00087 2026-09-14_00:15 12.4 -999.9 -999.9 87.3 -999.9 -999.9 10.3 -999.9 -999.9 988.1 -999.9 -999.9 0.0 -999.9 3.2 0.0 0.0 0.0 0.0 0.0 57.4 66.8 12.4 12.3 87.3 84.0 3.2 DCRS_-_Antônio_Prado/Flores_da_Cunha_(292_m) -999.9 -999.9 988.2 988.1 988.1 10.3 9.7 0.0 Rio_Grande_do_Sul DCRS -999.9 0.0 0.0 nan nan nan 0 nan nan nan nan nan
-28.939899 -51.188499 DCRS-00087 2026-09-14_00:16 12.4 -999.9 -999.9 87.2 -999.9 -999.9 10.3 -999.9 -999.9 988.1 -999.9 -999.9 0.0 -999.9 3.2 0.0 0.0 0.0 0.0 0.0 57.4 66.8 12.4 12.3 87.3 84.0 3.2 DCRS_-_Antônio_Prado/Flores_da_Cunha_(292_m) -999.9 -999.9 988.2 988.1 988.1 10.3 9.7 0.0 Rio_Grande_do_Sul DCRS -999.9 0.0 0.0 nan nan nan 0 nan nan nan nan nan
-28.939899 -51.188499 DCRS-00087 2026-09-14_00:17 12.4 -999.9 -999.9 86.6 -999.9 -999.9 10.2 -999.9 -999.9 988.1 -999.9 -999.9 0.0 -999.9 3.2 0.0 0.0 0.0 0.0 0.0 57.4 66.8 12.4 12.3 87.3 84.0 3.2 DCRS_-_Antônio_Prado/Flores_da_Cunha_(292_m) -999.9 -999.9 988.2 988.1 988.1 10.3 9.7 0.0 Rio_Grande_do_Sul DCRS -999.9 0.0 0.0 nan nan nan 0 nan nan nan nan nan
-28.939899 -51.188499 DCRS-00087 2026-09-14_00:18 12.4 -999.9 -999.9 86.4 -999.9 -999.9 10.2 -999.9 -999.9 988.1 -999.9 -999.9 0.0 -999.9 3.2 0.0 0.0 0.0 0.0 0.0 57.4 66.8 12.4 12.3 87.3 84.0 3.2 DCRS_-_Antônio_Prado/Flores_da_Cunha_(292_m) -999.9 -999.9 988.2 988.1 988.1 10.3 9.7 0.0 Rio_Grande_do_Sul DCRS -999.9 0.0 0.0 nan nan nan 0 nan nan nan nan nan
-28.939899 -51.188499 DCRS-00087 2026-09-14_00:19 12.3 -999.9 -999.9 86.6 -999.9 -999.9 10.1 -999.9 -999.9 988.0 -999.9 -999.9 0.0 -999.9 3.2 0.0 0.0 0.0 0.0 0.0 57.4 66.8 12.4 12.3 87.3 84.0 3.2 DCRS_-_Antônio_Prado/Flores_da_Cunha_(292_m) -999.9 -999.9 988.2 988.0 988.0 10.3 9.7 0.0 Rio_Grande_do_Sul DCRS -999.9 0.0 0.0 nan nan nan 0 nan nan nan nan nan
-28.939899 -51.188499 DCRS-00087 2026-09-14_00:20 12.3 -999.9 -999.9 86.7 -999.9 -999.9 10.1 -999.9 -999.9 988.0 -999.9 -999.9 0.0 -999.9 2.0 0.0 0.0 0.0 0.0 0.0 57.4 66.8 12.4 12.3 87.3 84.0 3.2 DCRS_-_Antônio_Prado/Flores_da_Cunha_(292_m) -999.9 -999.9 988.2 988.0 988.0 10.3 9.7 0.0 Rio_Grande_do_Sul DCRS -999.9 0.0 0.0 nan nan nan 0 nan nan nan nan nan
-28.939899 -51.188499 DCRS-00087 2026-09-14_00:21 12.4 -999.9 -999.9 86.9 -999.9 -999.9 10.3 -999.9 -999.9 988.0 -999.9 -999.9 0.0 -999.9 2.0 0.0 0.0 0.0 0.0 0.0 57.4 66.8 12.4 12.3 87.3 84.0 3.2 DCRS_-_Antônio_Prado/Flores_da_Cunha_(292_m) -999.9 -999.9 988.2 988.0 988.0 10.3 9.7 0.0 Rio_Grande_do_Sul DCRS -999.9 0.0 0.0 nan nan nan 0 nan nan nan nan nan
-28.939899 -51.188499 DCRS-00087 2026-09-14_00:22 12.3 -999.9 -999.9 87.1 -999.9 -999.9 10.2 -999.9 -999.9 988.0 -999.9 -999.9 0.0 -999.9 2.0 0.0 0.0 0.0 0.0 0.0 57.4 66.8 12.4 12.3 87.3 84.0 3.2 DCRS_-_Antônio_Prado/Flores_da_Cunha_(292_m) -999.9 -999.9 988.2 988.0 988.0 10.3 9.7 0.0 Rio_Grande_do_Sul DCRS -999.9 0.0 0.0 nan nan nan 0 nan nan nan nan nan
-28.939899 -51.188499 DCRS-00087 2026-09-14_00:23 12.3 -999.9 -999.9 87.4 -999.9 -999.9 10.2 -999.9 -999.9 988.0 -999.9 -999.9 0.0 -999.9 2.0 0.0 0.0 0.0 0.0 0.0 57.4 66.8 12.4 12.3 87.4 84.0 3.2 DCRS_-_Antônio_Prado/Flores_da_Cunha_(292_m) -999.9 -999.9 988.2 988.0 988.0 10.3 9.7 0.0 Rio_Grande_do_Sul DCRS -999.9 0.0 0.0 nan nan nan 0 nan nan nan nan nan
-28.939899 -51.188499 DCRS-00087 2026-09-14_00:24 12.3 -999.9 -999.9 87.2 -999.9 -999.9 10.2 -999.9 -999.9 988.0 -999.9 -999.9 0.0 -999.9 2.0 0.0 0.0 0.0 0.0 0.0 57.4 66.8 12.4 12.3 87.4 84.0 3.2 DCRS_-_Antônio_Prado/Flores_da_Cunha_(292_m) -999.9 -999.9 988.2 988.0 988.0 10.3 9.7 0.0 Rio_Grande_do_Sul DCRS -999.9 0.0 0.0 nan nan nan 0 nan nan nan nan nan
-28.939899 -51.188499 DCRS-00087 2026-09-14_00:25 12.3 -999.9 -999.9 86.7 -999.9 -999.9 10.1 -999.9 -999.9 988.0 -999.9 -999.9 0.0 -999.9 2.2 0.0 0.0 0.0 0.0 0.0 57.4 66.8 12.4 12.3 87.4 84.0 3.2 DCRS_-_Antônio_Prado/Flores_da_Cunha_(292_m) -999.9 -999.9 988.2 988.0 988.0 10.3 9.7 0.0 Rio_Grande_do_Sul DCRS -999.9 0.0 0.0 nan nan nan 0 nan nan nan nan nan
-28.939899 -51.188499 DCRS-00087 2026-09-14_00:26 12.3 -999.9 -999.9 86.5 -999.9 -999.9 10.1 -999.9 -999.9 988.0 -999.9 -999.9 0.0 -999.9 2.2 0.0 0.0 0.0 0.0 0.0 57.4 66.8 12.4 12.3 87.4 84.0 3.2 DCRS_-_Antônio_Prado/Flores_da_Cunha_(292_m) -999.9 -999.9 988.2 988.0 988.0 10.3 9.7 0.0 Rio_Grande_do_Sul DCRS -999.9 0.0 0.0 nan nan nan 0 nan nan nan nan nan
-28.939899 -51.188499 DCRS-00087 2026-09-14_00:27 12.2 -999.9 -999.9 86.4 -999.9 -999.9 10.0 -999.9 -999.9 988.0 -999.9 -999.9 0.0 -999.9 2.2 0.0 0.0 0.0 0.0 0.0 57.4 66.8 12.4 12.2 87.4 84.0 3.2 DCRS_-_Antônio_Prado/Flores_da_Cunha_(292_m) -999.9 -999.9 988.2 988.0 988.0 10.3 9.7 0.0 Rio_Grande_do_Sul DCRS -999.9 0.0 0.0 nan nan nan 0 nan nan nan nan nan
-28.939899 -51.188499 DCRS-00087 2026-09-14_00:28 12.3 -999.9 -999.9 86.5 -999.9 -999.9 10.1 -999.9 -999.9 988.0 -999.9 -999.9 0.0 -999.9 2.2 0.0 0.0 0.0 0.0 0.0 57.4 66.8 12.4 12.2 87.4 84.0 3.2 DCRS_-_Antônio_Prado/Flores_da_Cunha_(292_m) -999.9 -999.9 988.2 988.0 988.0 10.3 9.7 0.0 Rio_Grande_do_Sul DCRS -999.9 0.0 0.0 nan nan nan 0 nan nan nan nan nan
-28.939899 -51.188499 DCRS-00087 2026-09-14_00:29 12.2 -999.9 -999.9 86.8 -999.9 -999.9 10.0 -999.9 -999.9 988.0 -999.9 -999.9 0.0 -999.9 2.2 0.0 0.0 0.0 0.0 0.0 57.4 66.8 12.4 12.2 87.4 84.0 3.2 DCRS_-_Antônio_Prado/Flores_da_Cunha_(292_m) -999.9 -999.9 988.2 988.0 988.0 10.3 9.7 0.0 Rio_Grande_do_Sul DCRS -999.9 0.0 0.0 nan nan nan 0 nan nan nan nan nan
-28.939899 -51.188499 DCRS-00087 2026-09-14_00:30 12.2 -999.9 -999.9 87.3 -999.9 -999.9 10.1 -999.9 -999.9 988.0 -999.9 -999.9 0.0 -999.9 1.8 0.0 0.0 0.0 0.0 0.0 57.4 66.8 12.4 12.2 87.4 84.0 3.2 DCRS_-_Antônio_Prado/Flores_da_Cunha_(292_m) -999.9 -999.9 988.2 988.0 988.0 10.3 9.7 0.0 Rio_Grande_do_Sul DCRS -999.9 0.0 0.0 nan nan nan 0 nan nan nan nan nan
-28.939899 -51.188499 DCRS-00087 2026-09-14_00:31 12.2 -999.9 -999.9 87.9 -999.9 -999.9 10.2 -999.9 -999.9 987.9 -999.9 -999.9 0.0 -999.9 1.8 0.0 0.0 0.0 0.0 0.0 57.4 66.8 12.4 12.2 87.9 84.0 3.2 DCRS_-_Antônio_Prado/Flores_da_Cunha_(292_m) -999.9 -999.9 988.2 987.9 987.9 10.3 9.7 0.0 Rio_Grande_do_Sul DCRS -999.9 0.0 0.0 nan nan nan 0 nan nan nan nan nan
-28.939899 -51.188499 DCRS-00087 2026-09-14_00:32 12.2 -999.9 -999.9 87.7 -999.9 -999.9 10.2 -999.9 -999.9 988.0 -999.9 -999.9 0.0 -999.9 1.8 0.0 0.0 0.0 0.0 0.0 57.4 66.8 12.4 12.2 87.9 84.0 3.2 DCRS_-_Antônio_Prado/Flores_da_Cunha_(292_m) -999.9 -999.9 988.2 987.9 988.0 10.3 9.7 0.0 Rio_Grande_do_Sul DCRS -999.9 0.0 0.0 nan nan nan 0 nan nan nan nan nan
-28.939899 -51.188499 DCRS-00087 2026-09-14_00:33 12.2 -999.9 -999.9 87.5 -999.9 -999.9 10.2 -999.9 -999.9 988.0 -999.9 -999.9 0.0 -999.9 1.8 0.0 0.0 0.0 0.0 0.0 57.4 66.8 12.4 12.2 87.9 84.0 3.2 DCRS_-_Antônio_Prado/Flores_da_Cunha_(292_m) -999.9 -999.9 988.2 987.9 988.0 10.3 9.7 0.0 Rio_Grande_do_Sul DCRS -999.9 0.0 0.0 nan nan nan 0 nan nan nan nan nan
-28.939899 -51.188499 DCRS-00087 2026-09-14_00:34 12.2 -999.9 -999.9 85.9 -999.9 -999.9 9.9 -999.9 -999.9 988.0 -999.9 -999.9 0.0 -999.9 1.8 0.0 0.0 0.0 0.0 0.0 57.4 66.8 12.4 12.2 87.9 84.0 3.2 DCRS_-_Antônio_Prado/Flores_da_Cunha_(292_m) -999.9 -999.9 988.2 987.9 988.0 10.3 9.7 0.0 Rio_Grande_do_Sul DCRS -999.9 0.0 0.0 nan nan nan 0 nan nan nan nan nan
-28.939899 -51.188499 DCRS-00087 2026-09-14_00:35 12.1 -999.9 -999.9 85.6 -999.9 -999.9 9.7 -999.9 -999.9 988.0 -999.9 -999.9 0.0 -999.9 3.1 0.0 0.0 0.0 0.0 0.0 57.4 66.8 12.4 12.1 87.9 84.0 3.2 DCRS_-_Antônio_Prado/Flores_da_Cunha_(292_m) -999.9 -999.9 988.2 987.9 988.0 10.3 9.7 0.0 Rio_Grande_do_Sul DCRS -999.9 0.0 0.0 nan nan nan 0 nan nan nan nan nan
-28.939899 -51.188499 DCRS-00087 2026-09-14_00:36 12.1 -999.9 -999.9 85.5 -999.9 -999.9 9.7 -999.9 -999.9 988.0 -999.9 -999.9 0.0 -999.9 3.1 0.0 0.0 0.0 0.0 0.0 57.4 66.8 12.4 12.1 87.9 84.0 3.2 DCRS_-_Antônio_Prado/Flores_da_Cunha_(292_m) -999.9 -999.9 988.2 987.9 988.0 10.3 9.7 0.0 Rio_Grande_do_Sul DCRS -999.9 0.0 0.0 nan nan nan 0 nan nan nan nan nan
-28.939899 -51.188499 DCRS-00087 2026-09-14_00:37 12.2 -999.9 -999.9 86.6 -999.9 -999.9 10.0 -999.9 -999.9 988.0 -999.9 -999.9 0.0 -999.9 3.1 0.0 0.0 0.0 0.0 0.0 57.4 66.8 12.4 12.1 87.9 84.0 3.2 DCRS_-_Antônio_Prado/Flores_da_Cunha_(292_m) -999.9 -999.9 988.2 987.9 988.0 10.3 9.7 0.0 Rio_Grande_do_Sul DCRS -999.9 0.0 0.0 nan nan nan 0 nan nan nan nan nan
-28.939899 -51.188499 DCRS-00087 2026-09-14_00:38 12.1 -999.9 -999.9 87.3 -999.9 -999.9 10.0 -999.9 -999.9 988.0 -999.9 -999.9 0.0 -999.9 3.1 0.0 0.0 0.0 0.0 0.0 57.4 66.8 12.4 12.1 87.9 84.0 3.2 DCRS_-_Antônio_Prado/Flores_da_Cunha_(292_m) -999.9 -999.9 988.2 987.9 988.0 10.3 9.7 0.0 Rio_Grande_do_Sul DCRS -999.9 0.0 0.0 nan nan nan 0 nan nan nan nan nan
-28.939899 -51.188499 DCRS-00087 2026-09-14_00:39 12.1 -999.9 -999.9 87.2 -999.9 -999.9 10.0 -999.9 -999.9 987.9 -999.9 -999.9 0.0 -999.9 3.1 0.0 0.0 0.0 0.0 0.0 57.4 66.8 12.4 12.1 87.9 84.0 3.2 DCRS_-_Antônio_Prado/Flores_da_Cunha_(292_m) -999.9 -999.9 988.2 987.9 987.9 10.3 9.7 0.0 Rio_Grande_do_Sul DCRS -999.9 0.0 0.0 nan nan nan 0 nan nan nan nan nan
-28.939899 -51.188499 DCRS-00087 2026-09-14_00:40 12.2 -999.9 -999.9 88.0 -999.9 -999.9 10.3 -999.9 -999.9 987.9 -999.9 -999.9 0.0 -999.9 0.0 0.0 0.0 0.0 0.0 0.0 57.4 66.8 12.4 12.1 88.0 84.0 3.2 DCRS_-_Antônio_Prado/Flores_da_Cunha_(292_m) -999.9 -999.9 988.2 987.9 987.9 10.3 9.7 0.0 Rio_Grande_do_Sul DCRS -999.9 0.0 0.0 nan nan nan 0 nan nan nan nan nan
-28.939899 -51.188499 DCRS-00087 2026-09-14_00:41 12.1 -999.9 -999.9 88.0 -999.9 -999.9 10.2 -999.9 -999.9 987.9 -999.9 -999.9 0.0 -999.9 0.0 0.0 0.0 0.0 0.0 0.0 57.4 66.8 12.4 12.1 88.0 84.0 3.2 DCRS_-_Antônio_Prado/Flores_da_Cunha_(292_m) -999.9 -999.9 988.2 987.9 987.9 10.3 9.7 0.0 Rio_Grande_do_Sul DCRS -999.9 0.0 0.0 nan nan nan 0 nan nan nan nan nan
-28.939899 -51.188499 DCRS-00087 2026-09-14_00:42 12.2 -999.9 -999.9 87.9 -999.9 -999.9 10.2 -999.9 -999.9 987.9 -999.9 -999.9 0.0 -999.9 0.0 0.0 0.0 0.0 0.0 0.0 57.4 66.8 12.4 12.1 88.0 84.0 3.2 DCRS_-_Antônio_Prado/Flores_da_Cunha_(292_m) -999.9 -999.9 988.2 987.9 987.9 10.3 9.7 0.0 Rio_Grande_do_Sul DCRS -999.9 0.0 0.0 nan nan nan 0 nan nan nan nan nan
-28.939899 -51.188499 DCRS-00087 2026-09-14_00:43 12.1 -999.9 -999.9 87.3 -999.9 -999.9 10.0 -999.9 -999.9 987.9 -999.9 -999.9 0.0 -999.9 0.0 0.0 0.0 0.0 0.0 0.0 57.4 66.8 12.4 12.1 88.0 84.0 3.2 DCRS_-_Antônio_Prado/Flores_da_Cunha_(292_m) -999.9 -999.9 988.2 987.9 987.9 10.3 9.7 0.0 Rio_Grande_do_Sul DCRS -999.9 0.0 0.0 nan nan nan 0 nan nan nan nan nan
-28.939899 -51.188499 DCRS-00087 2026-09-14_00:44 12.0 -999.9 -999.9 86.8 -999.9 -999.9 9.8 -999.9 -999.9 987.9 -999.9 -999.9 0.0 -999.9 0.0 0.0 0.0 0.0 0.0 0.0 57.4 66.8 12.4 12.0 88.0 84.0 3.2 DCRS_-_Antônio_Prado/Flores_da_Cunha_(292_m) -999.9 -999.9 988.2 987.9 987.9 10.3 9.7 0.0 Rio_Grande_do_Sul DCRS -999.9 0.0 0.0 nan nan nan 0 nan nan nan nan nan
-28.939899 -51.188499 DCRS-00087 2026-09-14_00:45 12.1 -999.9 -999.9 87.5 -999.9 -999.9 10.1 -999.9 -999.9 987.9 -999.9 -999.9 0.0 -999.9 2.0 0.0 0.0 0.0 0.0 0.0 57.4 66.8 12.4 12.0 88.0 84.0 3.2 DCRS_-_Antônio_Prado/Flores_da_Cunha_(292_m) -999.9 -999.9 988.2 987.9 987.9 10.3 9.7 0.0 Rio_Grande_do_Sul DCRS -999.9 0.0 0.0 nan nan nan 0 nan nan nan nan nan
-28.939899 -51.188499 DCRS-00087 2026-09-14_00:46 12.2 -999.9 -999.9 87.7 -999.9 -999.9 10.2 -999.9 -999.9 987.9 -999.9 -999.9 0.0 -999.9 2.0 0.0 0.0 0.0 0.0 0.0 57.4 66.8 12.4 12.0 88.0 84.0 3.2 DCRS_-_Antônio_Prado/Flores_da_Cunha_(292_m) -999.9 -999.9 988.2 987.9 987.9 10.3 9.7 0.0 Rio_Grande_do_Sul DCRS -999.9 0.0 0.0 nan nan nan 0 nan nan nan nan nan
-28.939899 -51.188499 DCRS-00087 2026-09-14_00:47 12.1 -999.9 -999.9 88.4 -999.9 -999.9 10.2 -999.9 -999.9 987.9 -999.9 -999.9 0.0 -999.9 2.0 0.0 0.0 0.0 0.0 0.0 57.4 66.8 12.4 12.0 88.4 84.0 3.2 DCRS_-_Antônio_Prado/Flores_da_Cunha_(292_m) -999.9 -999.9 988.2 987.9 987.9 10.3 9.7 0.0 Rio_Grande_do_Sul DCRS -999.9 0.0 0.0 nan nan nan 0 nan nan nan nan nan
-28.939899 -51.188499 DCRS-00087 2026-09-14_00:48 12.1 -999.9 -999.9 86.7 -999.9 -999.9 9.9 -999.9 -999.9 987.9 -999.9 -999.9 0.0 -999.9 2.0 0.0 0.0 0.0 0.0 0.0 57.4 66.8 12.4 12.0 88.4 84.0 3.2 DCRS_-_Antônio_Prado/Flores_da_Cunha_(292_m) -999.9 -999.9 988.2 987.9 987.9 10.3 9.7 0.0 Rio_Grande_do_Sul DCRS -999.9 0.0 0.0 nan nan nan 0 nan nan nan nan nan
-28.939899 -51.188499 DCRS-00087 2026-09-14_00:49 12.1 -999.9 -999.9 86.9 -999.9 -999.9 10.0 -999.9 -999.9 987.9 -999.9 -999.9 -999.9 -999.9 2.0 0.0 0.0 0.0 0.0 0.0 57.4 66.8 12.4 12.0 88.4 84.0 3.2 DCRS_-_Antônio_Prado/Flores_da_Cunha_(292_m) -999.9 -999.9 988.2 987.9 987.9 10.3 9.7 0.0 Rio_Grande_do_Sul DCRS -999.9 0.0 0.0 nan nan nan 0 nan nan nan nan nan
-28.939899 -51.188499 DCRS-00087 2026-09-14_00:50 12.1 -999.9 -999.9 87.6 -999.9 -999.9 10.1 -999.9 -999.9 987.9 -999.9 -999.9 0.0 -999.9 3.8 0.0 0.0 0.0 0.0 0.0 57.4 66.8 12.4 12.0 88.4 84.0 3.8 DCRS_-_Antônio_Prado/Flores_da_Cunha_(292_m) -999.9 -999.9 988.2 987.9 987.9 10.3 9.7 0.0 Rio_Grande_do_Sul DCRS -999.9 0.0 0.0 nan nan nan 0 nan nan nan nan nan
-28.939899 -51.188499 DCRS-00087 2026-09-14_00:51 12.1 -999.9 -999.9 88.0 -999.9 -999.9 10.2 -999.9 -999.9 987.9 -999.9 -999.9 3.5 -999.9 3.8 0.0 0.0 0.0 0.0 0.0 57.4 66.8 12.4 12.0 88.4 84.0 3.8 DCRS_-_Antônio_Prado/Flores_da_Cunha_(292_m) -999.9 -999.9 988.2 987.9 987.9 10.3 9.7 0.0 Rio_Grande_do_Sul DCRS -999.9 0.0 0.0 nan nan nan 0 nan nan nan nan nan
-28.939899 -51.188499 DCRS-00087 2026-09-14_00:52 12.1 -999.9 -999.9 88.4 -999.9 -999.9 10.2 -999.9 -999.9 987.8 -999.9 -999.9 2.5 -999.9 3.8 0.0 0.0 0.0 0.0 0.0 57.4 66.8 12.4 12.0 88.4 84.0 3.8 DCRS_-_Antônio_Prado/Flores_da_Cunha_(292_m) -999.9 -999.9 988.2 987.8 987.8 10.3 9.7 0.0 Rio_Grande_do_Sul DCRS -999.9 0.0 0.0 nan nan nan 0 nan nan nan nan nan
-28.939899 -51.188499 DCRS-00087 2026-09-14_00:53 12.1 -999.9 -999.9 88.5 -999.9 -999.9 10.2 -999.9 -999.9 987.8 -999.9 -999.9 0.0 -999.9 3.8 0.0 0.0 0.0 0.0 0.0 57.4 66.8 12.4 12.0 88.5 84.0 3.8 DCRS_-_Antônio_Prado/Flores_da_Cunha_(292_m) -999.9 -999.9 988.2 987.8 987.8 10.3 9.7 0.0 Rio_Grande_do_Sul DCRS -999.9 0.0 0.0 nan nan nan 0 nan nan nan nan nan
-28.939899 -51.188499 DCRS-00087 2026-09-14_00:54 12.1 -999.9 -999.9 88.7 -999.9 -999.9 10.3 -999.9 -999.9 987.8 -999.9 -999.9 0.0 -999.9 3.8 0.0 0.0 0.0 0.0 0.0 57.4 66.8 12.4 12.0 88.7 84.0 3.8 DCRS_-_Antônio_Prado/Flores_da_Cunha_(292_m) -999.9 -999.9 988.2 987.8 987.8 10.3 9.7 0.0 Rio_Grande_do_Sul DCRS -999.9 0.0 0.0 nan nan nan 0 nan nan nan nan nan
-28.939899 -51.188499 DCRS-00087 2026-09-14_00:55 12.1 -999.9 -999.9 88.6 -999.9 -999.9 10.3 -999.9 -999.9 987.8 -999.9 -999.9 0.0 -999.9 4.1 0.0 0.0 0.0 0.0 0.0 57.4 66.8 12.4 12.0 88.7 84.0 4.1 DCRS_-_Antônio_Prado/Flores_da_Cunha_(292_m) -999.9 -999.9 988.2 987.8 987.8 10.3 9.7 0.0 Rio_Grande_do_Sul DCRS -999.9 0.0 0.0 nan nan nan 0 nan nan nan nan nan
-28.939899 -51.188499 DCRS-00087 2026-09-14_00:56 12.1 -999.9 -999.9 88.6 -999.9 -999.9 10.3 -999.9 -999.9 987.8 -999.9 -999.9 0.0 -999.9 4.1 0.0 0.0 0.0 0.0 0.0 57.4 66.8 12.4 12.0 88.7 84.0 4.1 DCRS_-_Antônio_Prado/Flores_da_Cunha_(292_m) -999.9 -999.9 988.2 987.8 987.8 10.3 9.7 0.0 Rio_Grande_do_Sul DCRS -999.9 0.0 0.0 nan nan nan 0 nan nan nan nan nan
-28.939899 -51.188499 DCRS-00087 2026-09-14_00:57 12.1 -999.9 -999.9 88.3 -999.9 -999.9 10.2 -999.9 -999.9 987.8 -999.9 -999.9 0.0 -999.9 4.1 0.0 0.0 0.0 0.0 0.0 57.4 66.8 12.4 12.0 88.7 84.0 4.1 DCRS_-_Antônio_Prado/Flores_da_Cunha_(292_m) -999.9 -999.9 988.2 987.8 987.8 10.3 9.7 0.0 Rio_Grande_do_Sul DCRS -999.9 0.0 0.0 nan nan nan 0 nan nan nan nan nan
-28.939899 -51.188499 DCRS-00087 2026-09-14_00:58 12.0 -999.9 -999.9 88.1 -999.9 -999.9 10.1 -999.9 -999.9 987.8 -999.9 -999.9 0.0 -999.9 4.1 0.0 0.0 0.0 0.0 0.0 57.4 66.8 12.4 12.0 88.7 84.0 4.1 DCRS_-_Antônio_Prado/Flores_da_Cunha_(292_m) -999.9 -999.9 988.2 987.8 987.8 10.3 9.7 0.0 Rio_Grande_do_Sul DCRS -999.9 0.0 0.0 nan nan nan 0 nan nan nan nan nan
-28.939899 -51.188499 DCRS-00087 2026-09-14_00:59 12.1 -999.9 -999.9 87.5 -999.9 -999.9 10.1 -999.9 -999.9 987.7 -999.9 -999.9 0.0 -999.9 4.1 0.0 0.0 0.0 0.0 0.0 57.4 66.8 12.4 12.0 88.7 84.0 4.1 DCRS_-_Antônio_Prado/Flores_da_Cunha_(292_m) -999.9 -999.9 988.2 987.7 987.7 10.3 9.7 0.0 Rio_Grande_do_Sul DCRS -999.9 0.0 0.0 nan nan nan 0 nan nan nan nan nan
-28.939899 -51.188499 DCRS-00087 2026-09-14_01:00 12.1 -999.9 -999.9 87.7 -999.9 -999.9 10.1 -999.9 -999.9 987.7 -999.9 -999.9 0.0 -999.9 0.0 0.0 0.0 0.0 0.0 0.0 57.4 66.8 12.4 12.0 88.7 84.0 4.1 DCRS_-_Antônio_Prado/Flores_da_Cunha_(292_m) -999.9 -999.9 988.2 987.7 987.7 10.3 9.7 0.0 Rio_Grande_do_Sul DCRS -999.9 0.0 0.0 nan nan nan 0 nan nan nan nan nan
-28.939899 -51.188499 DCRS-00087 2026-09-14_01:01 12.0 -999.9 -999.9 87.6 -999.9 -999.9 10.0 -999.9 -999.9 987.7 -999.9 -999.9 0.0 -999.9 0.0 0.0 0.0 0.0 0.0 0.0 57.4 66.8 12.4 12.0 88.7 84.0 4.1 DCRS_-_Antônio_Prado/Flores_da_Cunha_(292_m) -999.9 -999.9 988.2 987.7 987.7 10.3 9.7 0.0 Rio_Grande_do_Sul DCRS -999.9 0.0 0.0 nan nan nan 0 nan nan nan nan nan
-28.939899 -51.188499 DCRS-00087 2026-09-14_01:02 12.0 -999.9 -999.9 87.8 -999.9 -999.9 10.0 -999.9 -999.9 987.6 -999.9 -999.9 0.0 -999.9 0.0 0.0 0.0 0.0 0.0 0.0 57.4 66.8 12.4 12.0 88.7 84.0 4.1 DCRS_-_Antônio_Prado/Flores_da_Cunha_(292_m) -999.9 -999.9 988.2 987.6 987.6 10.3 9.7 0.0 Rio_Grande_do_Sul DCRS -999.9 0.0 0.0 nan nan nan 0 nan nan nan nan nan
-28.939899 -51.188499 DCRS-00087 2026-09-14_01:03 12.1 -999.9 -999.9 87.9 -999.9 -999.9 10.1 -999.9 -999.9 987.6 -999.9 -999.9 0.0 -999.9 0.0 0.0 0.0 0.0 0.0 0.0 57.4 66.8 12.4 12.0 88.7 84.0 4.1 DCRS_-_Antônio_Prado/Flores_da_Cunha_(292_m) -999.9 -999.9 988.2 987.6 987.6 10.3 9.7 0.0 Rio_Grande_do_Sul DCRS -999.9 0.0 0.0 nan nan nan 0 nan nan nan nan nan
-28.939899 -51.188499 DCRS-00087 2026-09-14_01:04 11.9 -999.9 -999.9 87.7 -999.9 -999.9 9.9 -999.9 -999.9 987.6 -999.9 -999.9 0.0 -999.9 0.0 0.0 0.0 0.0 0.0 0.0 57.4 66.8 12.4 11.9 88.7 84.0 4.1 DCRS_-_Antônio_Prado/Flores_da_Cunha_(292_m) -999.9 -999.9 988.2 987.6 987.6 10.3 9.7 0.0 Rio_Grande_do_Sul DCRS -999.9 0.0 0.0 nan nan nan 0 nan nan nan nan nan
-28.939899 -51.188499 DCRS-00087 2026-09-14_01:05 12.0 -999.9 -999.9 87.9 -999.9 -999.9 10.0 -999.9 -999.9 987.6 -999.9 -999.9 1.8 -999.9 2.0 0.0 0.0 0.0 0.0 0.0 57.4 66.8 12.4 11.9 88.7 84.0 4.1 DCRS_-_Antônio_Prado/Flores_da_Cunha_(292_m) -999.9 -999.9 988.2 987.6 987.6 10.3 9.7 0.0 Rio_Grande_do_Sul DCRS -999.9 0.0 0.0 nan nan nan 0 nan nan nan nan nan
-28.939899 -51.188499 DCRS-00087 2026-09-14_01:06 12.0 -999.9 -999.9 88.2 -999.9 -999.9 10.1 -999.9 -999.9 987.6 -999.9 -999.9 0.0 -999.9 2.0 0.0 0.0 0.0 0.0 0.0 57.4 66.8 12.4 11.9 88.7 84.0 4.1 DCRS_-_Antônio_Prado/Flores_da_Cunha_(292_m) -999.9 -999.9 988.2 987.6 987.6 10.3 9.7 0.0 Rio_Grande_do_Sul DCRS -999.9 0.0 0.0 nan nan nan 0 nan nan nan nan nan
-28.939899 -51.188499 DCRS-00087 2026-09-14_01:07 12.0 -999.9 -999.9 87.6 -999.9 -999.9 10.0 -999.9 -999.9 987.6 -999.9 -999.9 0.0 -999.9 2.0 0.0 0.0 0.0 0.0 0.0 57.4 66.8 12.4 11.9 88.7 84.0 4.1 DCRS_-_Antônio_Prado/Flores_da_Cunha_(292_m) -999.9 -999.9 988.2 987.6 987.6 10.3 9.7 0.0 Rio_Grande_do_Sul DCRS -999.9 0.0 0.0 nan nan nan 0 nan nan nan nan nan
-28.939899 -51.188499 DCRS-00087 2026-09-14_01:08 12.0 -999.9 -999.9 87.3 -999.9 -999.9 9.9 -999.9 -999.9 987.6 -999.9 -999.9 0.0 -999.9 2.0 0.0 0.0 0.0 0.0 0.0 57.4 66.8 12.4 11.9 88.7 84.0 4.1 DCRS_-_Antônio_Prado/Flores_da_Cunha_(292_m) -999.9 -999.9 988.2 987.6 987.6 10.3 9.7 0.0 Rio_Grande_do_Sul DCRS -999.9 0.0 0.0 nan nan nan 0 nan nan nan nan nan
-28.939899 -51.188499 DCRS-00087 2026-09-14_01:09 12.0 -999.9 -999.9 87.0 -999.9 -999.9 9.9 -999.9 -999.9 987.6 -999.9 -999.9 0.0 -999.9 2.0 0.0 0.0 0.0 0.0 0.0 57.4 66.8 12.4 11.9 88.7 84.0 4.1 DCRS_-_Antônio_Prado/Flores_da_Cunha_(292_m) -999.9 -999.9 988.2 987.6 987.6 10.3 9.7 0.0 Rio_Grande_do_Sul DCRS -999.9 0.0 0.0 nan nan nan 0 nan nan nan nan nan
-28.939899 -51.188499 DCRS-00087 2026-09-14_01:10 12.0 -999.9 -999.9 87.3 -999.9 -999.9 9.9 -999.9 -999.9 987.6 -999.9 -999.9 0.0 -999.9 2.0 0.0 0.0 0.0 0.0 0.0 57.4 66.8 12.4 11.9 88.7 84.0 4.1 DCRS_-_Antônio_Prado/Flores_da_Cunha_(292_m) -999.9 -999.9 988.2 987.6 987.6 10.3 9.7 0.0 Rio_Grande_do_Sul DCRS -999.9 0.0 0.0 nan nan nan 0 nan nan nan nan nan
-28.939899 -51.188499 DCRS-00087 2026-09-14_01:11 12.0 -999.9 -999.9 87.9 -999.9 -999.9 10.0 -999.9 -999.9 987.6 -999.9 -999.9 0.0 -999.9 2.0 0.0 0.0 0.0 0.0 0.0 57.4 66.8 12.4 11.9 88.7 84.0 4.1 DCRS_-_Antônio_Prado/Flores_da_Cunha_(292_m) -999.9 -999.9 988.2 987.6 987.6 10.3 9.7 0.0 Rio_Grande_do_Sul DCRS -999.9 0.0 0.0 nan nan nan 0 nan nan nan nan nan
-28.939899 -51.188499 DCRS-00087 2026-09-14_01:12 12.0 -999.9 -999.9 88.1 -999.9 -999.9 10.1 -999.9 -999.9 987.5 -999.9 -999.9 0.0 -999.9 2.0 0.0 0.0 0.0 0.0 0.0 57.4 66.8 12.4 11.9 88.7 84.0 4.1 DCRS_-_Antônio_Prado/Flores_da_Cunha_(292_m) -999.9 -999.9 988.2 987.5 987.5 10.3 9.7 0.0 Rio_Grande_do_Sul DCRS -999.9 0.0 0.0 nan nan nan 0 nan nan nan nan nan
-28.939899 -51.188499 DCRS-00087 2026-09-14_01:13 12.1 -999.9 -999.9 88.0 -999.9 -999.9 10.2 -999.9 -999.9 987.5 -999.9 -999.9 0.0 -999.9 2.0 0.0 0.0 0.0 0.0 0.0 57.4 66.8 12.4 11.9 88.7 84.0 4.1 DCRS_-_Antônio_Prado/Flores_da_Cunha_(292_m) -999.9 -999.9 988.2 987.5 987.5 10.3 9.7 0.0 Rio_Grande_do_Sul DCRS -999.9 0.0 0.0 nan nan nan 0 nan nan nan nan nan
-28.939899 -51.188499 DCRS-00087 2026-09-14_01:14 12.0 -999.9 -999.9 88.2 -999.9 -999.9 10.1 -999.9 -999.9 987.5 -999.9 -999.9 0.0 -999.9 2.0 0.0 0.0 0.0 0.0 0.0 57.4 66.8 12.4 11.9 88.7 84.0 4.1 DCRS_-_Antônio_Prado/Flores_da_Cunha_(292_m) -999.9 -999.9 988.2 987.5 987.5 10.3 9.7 0.0 Rio_Grande_do_Sul DCRS -999.9 0.0 0.0 nan nan nan 0 nan nan nan nan nan
-28.939899 -51.188499 DCRS-00087 2026-09-14_01:15 12.0 -999.9 -999.9 88.6 -999.9 -999.9 10.2 -999.9 -999.9 987.6 -999.9 -999.9 0.0 -999.9 0.0 0.0 0.0 0.0 0.0 0.0 57.4 66.8 12.4 11.9 88.7 84.0 4.1 DCRS_-_Antônio_Prado/Flores_da_Cunha_(292_m) -999.9 -999.9 988.2 987.5 987.6 10.3 9.7 0.0 Rio_Grande_do_Sul DCRS -999.9 0.0 0.0 nan nan nan 0 nan nan nan nan nan
-28.939899 -51.188499 DCRS-00087 2026-09-14_01:16 12.0 -999.9 -999.9 88.6 -999.9 -999.9 10.2 -999.9 -999.9 987.6 -999.9 -999.9 0.0 -999.9 0.0 0.0 0.0 0.0 0.0 0.0 57.4 66.8 12.4 11.9 88.7 84.0 4.1 DCRS_-_Antônio_Prado/Flores_da_Cunha_(292_m) -999.9 -999.9 988.2 987.5 987.6 10.3 9.7 0.0 Rio_Grande_do_Sul DCRS -999.9 0.0 0.0 nan nan nan 0 nan nan nan nan nan
-28.939899 -51.188499 DCRS-00087 2026-09-14_01:17 12.0 -999.9 -999.9 88.3 -999.9 -999.9 10.1 -999.9 -999.9 987.5 -999.9 -999.9 0.0 -999.9 0.0 0.0 0.0 0.0 0.0 0.0 57.4 66.8 12.4 11.9 88.7 84.0 4.1 DCRS_-_Antônio_Prado/Flores_da_Cunha_(292_m) -999.9 -999.9 988.2 987.5 987.5 10.3 9.7 0.0 Rio_Grande_do_Sul DCRS -999.9 0.0 0.0 nan nan nan 0 nan nan nan nan nan
-28.939899 -51.188499 DCRS-00087 2026-09-14_01:18 12.0 -999.9 -999.9 88.4 -999.9 -999.9 10.1 -999.9 -999.9 987.6 -999.9 -999.9 0.0 -999.9 0.0 0.0 0.0 0.0 0.0 0.0 57.4 66.8 12.4 11.9 88.7 84.0 4.1 DCRS_-_Antônio_Prado/Flores_da_Cunha_(292_m) -999.9 -999.9 988.2 987.5 987.6 10.3 9.7 0.0 Rio_Grande_do_Sul DCRS -999.9 0.0 0.0 nan nan nan 0 nan nan nan nan nan
-28.939899 -51.188499 DCRS-00087 2026-09-14_01:19 12.0 -999.9 -999.9 88.8 -999.9 -999.9 10.2 -999.9 -999.9 987.5 -999.9 -999.9 0.0 -999.9 0.0 0.0 0.0 0.0 0.0 0.0 57.4 66.8 12.4 11.9 88.8 84.0 4.1 DCRS_-_Antônio_Prado/Flores_da_Cunha_(292_m) -999.9 -999.9 988.2 987.5 987.5 10.3 9.7 0.0 Rio_Grande_do_Sul DCRS -999.9 0.0 0.0 nan nan nan 0 nan nan nan nan nan
-28.939899 -51.188499 DCRS-00087 2026-09-14_01:20 12.0 -999.9 -999.9 89.0 -999.9 -999.9 10.2 -999.9 -999.9 987.5 -999.9 -999.9 0.0 -999.9 3.0 0.0 0.0 0.0 0.0 0.0 57.4 66.8 12.4 11.9 89.0 84.0 4.1 DCRS_-_Antônio_Prado/Flores_da_Cunha_(292_m) -999.9 -999.9 988.2 987.5 987.5 10.3 9.7 0.0 Rio_Grande_do_Sul DCRS -999.9 0.0 0.0 nan nan nan 0 nan nan nan nan nan
-28.939899 -51.188499 DCRS-00087 2026-09-14_01:21 12.0 -999.9 -999.9 89.2 -999.9 -999.9 10.3 -999.9 -999.9 987.5 -999.9 -999.9 0.0 -999.9 3.0 0.0 0.0 0.0 0.0 0.0 57.4 66.8 12.4 11.9 89.2 84.0 4.1 DCRS_-_Antônio_Prado/Flores_da_Cunha_(292_m) -999.9 -999.9 988.2 987.5 987.5 10.3 9.7 0.0 Rio_Grande_do_Sul DCRS -999.9 0.0 0.0 nan nan nan 0 nan nan nan nan nan
-28.939899 -51.188499 DCRS-00087 2026-09-14_01:22 11.9 -999.9 -999.9 88.8 -999.9 -999.9 10.1 -999.9 -999.9 987.5 -999.9 -999.9 0.0 -999.9 3.0 0.0 0.0 0.0 0.0 0.0 57.4 66.8 12.4 11.9 89.2 84.0 4.1 DCRS_-_Antônio_Prado/Flores_da_Cunha_(292_m) -999.9 -999.9 988.2 987.5 987.5 10.3 9.7 0.0 Rio_Grande_do_Sul DCRS -999.9 0.0 0.0 nan nan nan 0 nan nan nan nan nan
-28.939899 -51.188499 DCRS-00087 2026-09-14_01:23 11.9 -999.9 -999.9 88.7 -999.9 -999.9 10.1 -999.9 -999.9 987.5 -999.9 -999.9 0.0 -999.9 3.0 0.0 0.0 0.0 0.0 0.0 57.4 66.8 12.4 11.9 89.2 84.0 4.1 DCRS_-_Antônio_Prado/Flores_da_Cunha_(292_m) -999.9 -999.9 988.2 987.5 987.5 10.3 9.7 0.0 Rio_Grande_do_Sul DCRS -999.9 0.0 0.0 nan nan nan 0 nan nan nan nan nan
-28.939899 -51.188499 DCRS-00087 2026-09-14_01:24 11.9 -999.9 -999.9 88.1 -999.9 -999.9 10.0 -999.9 -999.9 987.4 -999.9 -999.9 0.0 -999.9 3.0 0.0 0.0 0.0 0.0 0.0 57.4 66.8 12.4 11.9 89.2 84.0 4.1 DCRS_-_Antônio_Prado/Flores_da_Cunha_(292_m) -999.9 -999.9 988.2 987.4 987.4 10.3 9.7 0.0 Rio_Grande_do_Sul DCRS -999.9 0.0 0.0 nan nan nan 0 nan nan nan nan nan
-28.939899 -51.188499 DCRS-00087 2026-09-14_01:25 11.9 -999.9 -999.9 88.4 -999.9 -999.9 10.0 -999.9 -999.9 987.4 -999.9 -999.9 0.0 -999.9 2.2 0.0 0.0 0.0 0.0 0.0 57.4 66.8 12.4 11.9 89.2 84.0 4.1 DCRS_-_Antônio_Prado/Flores_da_Cunha_(292_m) -999.9 -999.9 988.2 987.4 987.4 10.3 9.7 0.0 Rio_Grande_do_Sul DCRS -999.9 0.0 0.0 nan nan nan 0 nan nan nan nan nan
-28.939899 -51.188499 DCRS-00087 2026-09-14_01:26 11.9 -999.9 -999.9 88.7 -999.9 -999.9 10.1 -999.9 -999.9 987.4 -999.9 -999.9 1.8 -999.9 2.2 0.0 0.0 0.0 0.0 0.0 57.4 66.8 12.4 11.9 89.2 84.0 4.1 DCRS_-_Antônio_Prado/Flores_da_Cunha_(292_m) -999.9 -999.9 988.2 987.4 987.4 10.3 9.7 0.0 Rio_Grande_do_Sul DCRS -999.9 0.0 0.0 nan nan nan 0 nan nan nan nan nan
-28.939899 -51.188499 DCRS-00087 2026-09-14_01:27 11.9 -999.9 -999.9 88.6 -999.9 -999.9 10.1 -999.9 -999.9 987.4 -999.9 -999.9 0.0 -999.9 2.2 0.0 0.0 0.0 0.0 0.0 57.4 66.8 12.4 11.9 89.2 84.0 4.1 DCRS_-_Antônio_Prado/Flores_da_Cunha_(292_m) -999.9 -999.9 988.2 987.4 987.4 10.3 9.7 0.0 Rio_Grande_do_Sul DCRS -999.9 0.0 0.0 nan nan nan 0 nan nan nan nan nan
-28.939899 -51.188499 DCRS-00087 2026-09-14_01:28 11.9 -999.9 -999.9 88.6 -999.9 -999.9 10.1 -999.9 -999.9 987.4 -999.9 -999.9 0.0 -999.9 2.2 0.0 0.0 0.0 0.0 0.0 57.4 66.8 12.4 11.9 89.2 84.0 4.1 DCRS_-_Antônio_Prado/Flores_da_Cunha_(292_m) -999.9 -999.9 988.2 987.4 987.4 10.3 9.7 0.0 Rio_Grande_do_Sul DCRS -999.9 0.0 0.0 nan nan nan 0 nan nan nan nan nan
-28.939899 -51.188499 DCRS-00087 2026-09-14_01:29 11.9 -999.9 -999.9 88.7 -999.9 -999.9 10.1 -999.9 -999.9 987.4 -999.9 -999.9 0.0 -999.9 2.2 0.0 0.0 0.0 0.0 0.0 57.4 66.8 12.4 11.9 89.2 84.0 4.1 DCRS_-_Antônio_Prado/Flores_da_Cunha_(292_m) -999.9 -999.9 988.2 987.4 987.4 10.3 9.7 0.0 Rio_Grande_do_Sul DCRS -999.9 0.0 0.0 nan nan nan 0 nan nan nan nan nan
-28.939899 -51.188499 DCRS-00087 2026-09-14_01:30 11.9 -999.9 -999.9 88.9 -999.9 -999.9 10.1 -999.9 -999.9 987.4 -999.9 -999.9 0.0 -999.9 2.0 0.0 0.0 0.0 0.0 0.0 57.4 66.8 12.4 11.9 89.2 84.0 4.1 DCRS_-_Antônio_Prado/Flores_da_Cunha_(292_m) -999.9 -999.9 988.2 987.4 987.4 10.3 9.7 0.0 Rio_Grande_do_Sul DCRS -999.9 0.0 0.0 nan nan nan 0 nan nan nan nan nan
-28.939899 -51.188499 DCRS-00087 2026-09-14_01:31 11.9 -999.9 -999.9 89.3 -999.9 -999.9 10.2 -999.9 -999.9 987.3 -999.9 -999.9 0.0 -999.9 2.0 0.0 0.0 0.0 0.0 0.0 57.4 66.8 12.4 11.9 89.3 84.0 4.1 DCRS_-_Antônio_Prado/Flores_da_Cunha_(292_m) -999.9 -999.9 988.2 987.3 987.3 10.3 9.7 0.0 Rio_Grande_do_Sul DCRS -999.9 0.0 0.0 nan nan nan 0 nan nan nan nan nan
-28.939899 -51.188499 DCRS-00087 2026-09-14_01:32 11.8 -999.9 -999.9 89.4 -999.9 -999.9 10.1 -999.9 -999.9 987.3 -999.9 -999.9 0.0 -999.9 2.0 0.0 0.0 0.0 0.0 0.0 57.4 66.8 12.4 11.8 89.4 84.0 4.1 DCRS_-_Antônio_Prado/Flores_da_Cunha_(292_m) -999.9 -999.9 988.2 987.3 987.3 10.3 9.7 0.0 Rio_Grande_do_Sul DCRS -999.9 0.0 0.0 nan nan nan 0 nan nan nan nan nan
-28.939899 -51.188499 DCRS-00087 2026-09-14_01:33 11.9 -999.9 -999.9 89.1 -999.9 -999.9 10.1 -999.9 -999.9 987.3 -999.9 -999.9 0.0 -999.9 2.0 0.0 0.0 0.0 0.0 0.0 57.4 66.8 12.4 11.8 89.4 84.0 4.1 DCRS_-_Antônio_Prado/Flores_da_Cunha_(292_m) -999.9 -999.9 988.2 987.3 987.3 10.3 9.7 0.0 Rio_Grande_do_Sul DCRS -999.9 0.0 0.0 nan nan nan 0 nan nan nan nan nan
-28.939899 -51.188499 DCRS-00087 2026-09-14_01:34 11.8 -999.9 -999.9 89.0 -999.9 -999.9 10.0 -999.9 -999.9 987.3 -999.9 -999.9 0.0 -999.9 2.0 0.0 0.0 0.0 0.0 0.0 57.4 66.8 12.4 11.8 89.4 84.0 4.1 DCRS_-_Antônio_Prado/Flores_da_Cunha_(292_m) -999.9 -999.9 988.2 987.3 987.3 10.3 9.7 0.0 Rio_Grande_do_Sul DCRS -999.9 0.0 0.0 nan nan nan 0 nan nan nan nan nan
-28.939899 -51.188499 DCRS-00087 2026-09-14_01:35 11.8 -999.9 -999.9 89.3 -999.9 -999.9 10.1 -999.9 -999.9 987.2 -999.9 -999.9 0.0 -999.9 0.0 0.0 0.0 0.0 0.0 0.0 57.4 66.8 12.4 11.8 89.4 84.0 4.1 DCRS_-_Antônio_Prado/Flores_da_Cunha_(292_m) -999.9 -999.9 988.2 987.2 987.2 10.3 9.7 0.0 Rio_Grande_do_Sul DCRS -999.9 0.0 0.0 nan nan nan 0 nan nan nan nan nan
-28.939899 -51.188499 DCRS-00087 2026-09-14_01:36 11.8 -999.9 -999.9 89.8 -999.9 -999.9 10.2 -999.9 -999.9 987.2 -999.9 -999.9 -999.9 -999.9 0.0 0.0 0.0 0.0 0.0 0.0 57.4 66.8 12.4 11.8 89.8 84.0 4.1 DCRS_-_Antônio_Prado/Flores_da_Cunha_(292_m) -999.9 -999.9 988.2 987.2 987.2 10.3 9.7 0.0 Rio_Grande_do_Sul DCRS -999.9 0.0 0.0 nan nan nan 0 nan nan nan nan nan
-28.939899 -51.188499 DCRS-00087 2026-09-14_01:37 11.8 -999.9 -999.9 89.8 -999.9 -999.9 10.2 -999.9 -999.9 987.2 -999.9 -999.9 0.0 -999.9 0.0 0.0 0.0 0.0 0.0 0.0 57.4 66.8 12.4 11.8 89.8 84.0 4.1 DCRS_-_Antônio_Prado/Flores_da_Cunha_(292_m) -999.9 -999.9 988.2 987.2 987.2 10.3 9.7 0.0 Rio_Grande_do_Sul DCRS -999.9 0.0 0.0 nan nan nan 0 nan nan nan nan nan
-28.939899 -51.188499 DCRS-00087 2026-09-14_01:38 11.8 -999.9 -999.9 89.9 -999.9 -999.9 10.2 -999.9 -999.9 987.2 -999.9 -999.9 -999.9 -999.9 0.0 0.0 0.0 0.0 0.0 0.0 57.4 66.8 12.4 11.8 89.9 84.0 4.1 DCRS_-_Antônio_Prado/Flores_da_Cunha_(292_m) -999.9 -999.9 988.2 987.2 987.2 10.3 9.7 0.0 Rio_Grande_do_Sul DCRS -999.9 0.0 0.0 nan nan nan 0 nan nan nan nan nan
-28.939899 -51.188499 DCRS-00087 2026-09-14_01:39 11.8 -999.9 -999.9 89.9 -999.9 -999.9 10.2 -999.9 -999.9 987.1 -999.9 -999.9 0.0 -999.9 0.0 0.0 0.0 0.0 0.0 0.0 57.4 66.8 12.4 11.8 89.9 84.0 4.1 DCRS_-_Antônio_Prado/Flores_da_Cunha_(292_m) -999.9 -999.9 988.2 987.1 987.1 10.3 9.7 0.0 Rio_Grande_do_Sul DCRS -999.9 0.0 0.0 nan nan nan 0 nan nan nan nan nan
-28.939899 -51.188499 DCRS-00087 2026-09-14_01:40 11.8 -999.9 -999.9 90.1 -999.9 -999.9 10.2 -999.9 -999.9 987.1 -999.9 -999.9 0.0 -999.9 3.4 0.0 0.0 0.0 0.0 0.0 57.4 66.8 12.4 11.8 90.1 84.0 4.1 DCRS_-_Antônio_Prado/Flores_da_Cunha_(292_m) -999.9 -999.9 988.2 987.1 987.1 10.3 9.7 0.0 Rio_Grande_do_Sul DCRS -999.9 0.0 0.0 nan nan nan 0 nan nan nan nan nan
-28.939899 -51.188499 DCRS-00087 2026-09-14_01:41 11.7 -999.9 -999.9 90.1 -999.9 -999.9 10.1 -999.9 -999.9 987.1 -999.9 -999.9 0.0 -999.9 3.4 0.0 0.0 0.0 0.0 0.0 57.4 66.8 12.4 11.7 90.1 84.0 4.1 DCRS_-_Antônio_Prado/Flores_da_Cunha_(292_m) -999.9 -999.9 988.2 987.1 987.1 10.3 9.7 0.0 Rio_Grande_do_Sul DCRS -999.9 0.0 0.0 nan nan nan 0 nan nan nan nan nan
-28.939899 -51.188499 DCRS-00087 2026-09-14_01:42 11.7 -999.9 -999.9 89.7 -999.9 -999.9 10.0 -999.9 -999.9 987.1 -999.9 -999.9 0.0 -999.9 3.4 0.0 0.0 0.0 0.0 0.0 57.4 66.8 12.4 11.7 90.1 84.0 4.1 DCRS_-_Antônio_Prado/Flores_da_Cunha_(292_m) -999.9 -999.9 988.2 987.1 987.1 10.3 9.7 0.0 Rio_Grande_do_Sul DCRS -999.9 0.0 0.0 nan nan nan 0 nan nan nan nan nan
-28.939899 -51.188499 DCRS-00087 2026-09-14_01:43 11.6 -999.9 -999.9 89.9 -999.9 -999.9 10.0 -999.9 -999.9 987.1 -999.9 -999.9 0.0 -999.9 3.4 0.0 0.0 0.0 0.0 0.0 57.4 66.8 12.4 11.6 90.1 84.0 4.1 DCRS_-_Antônio_Prado/Flores_da_Cunha_(292_m) -999.9 -999.9 988.2 987.1 987.1 10.3 9.7 0.0 Rio_Grande_do_Sul DCRS -999.9 0.0 0.0 nan nan nan 0 nan nan nan nan nan
-28.939899 -51.188499 DCRS-00087 2026-09-14_01:44 11.6 -999.9 -999.9 90.1 -999.9 -999.9 10.0 -999.9 -999.9 987.1 -999.9 -999.9 0.0 -999.9 3.4 0.0 0.0 0.0 0.0 0.0 57.4 66.8 12.4 11.6 90.1 84.0 4.1 DCRS_-_Antônio_Prado/Flores_da_Cunha_(292_m) -999.9 -999.9 988.2 987.1 987.1 10.3 9.7 0.0 Rio_Grande_do_Sul DCRS -999.9 0.0 0.0 nan nan nan 0 nan nan nan nan nan
-28.939899 -51.188499 DCRS-00087 2026-09-14_01:45 11.6 -999.9 -999.9 90.1 -999.9 -999.9 10.0 -999.9 -999.9 987.1 -999.9 -999.9 0.0 -999.9 0.0 0.0 0.0 0.0 0.0 0.0 57.4 66.8 12.4 11.6 90.1 84.0 4.1 DCRS_-_Antônio_Prado/Flores_da_Cunha_(292_m) -999.9 -999.9 988.2 987.1 987.1 10.3 9.7 0.0 Rio_Grande_do_Sul DCRS -999.9 0.0 0.0 nan nan nan 0 nan nan nan nan nan
-28.939899 -51.188499 DCRS-00087 2026-09-14_01:46 11.5 -999.9 -999.9 90.2 -999.9 -999.9 9.9 -999.9 -999.9 987.1 -999.9 -999.9 0.0 -999.9 0.0 0.0 0.0 0.0 0.0 0.0 57.4 66.8 12.4 11.5 90.2 84.0 4.1 DCRS_-_Antônio_Prado/Flores_da_Cunha_(292_m) -999.9 -999.9 988.2 987.1 987.1 10.3 9.7 0.0 Rio_Grande_do_Sul DCRS -999.9 0.0 0.0 nan nan nan 0 nan nan nan nan nan
-28.939899 -51.188499 DCRS-00087 2026-09-14_01:47 11.5 -999.9 -999.9 90.2 -999.9 -999.9 9.9 -999.9 -999.9 987.1 -999.9 -999.9 0.0 -999.9 0.0 0.0 0.0 0.0 0.0 0.0 57.4 66.8 12.4 11.5 90.2 84.0 4.1 DCRS_-_Antônio_Prado/Flores_da_Cunha_(292_m) -999.9 -999.9 988.2 987.1 987.1 10.3 9.7 0.0 Rio_Grande_do_Sul DCRS -999.9 0.0 0.0 nan nan nan 0 nan nan nan nan nan
-28.939899 -51.188499 DCRS-00087 2026-09-14_01:48 11.5 -999.9 -999.9 90.3 -999.9 -999.9 9.9 -999.9 -999.9 987.1 -999.9 -999.9 0.0 -999.9 0.0 0.0 0.0 0.0 0.0 0.0 57.4 66.8 12.4 11.5 90.3 84.0 4.1 DCRS_-_Antônio_Prado/Flores_da_Cunha_(292_m) -999.9 -999.9 988.2 987.1 987.1 10.3 9.7 0.0 Rio_Grande_do_Sul DCRS -999.9 0.0 0.0 nan nan nan 0 nan nan nan nan nan
-28.939899 -51.188499 DCRS-00087 2026-09-14_01:49 11.5 -999.9 -999.9 90.4 -999.9 -999.9 10.0 -999.9 -999.9 987.0 -999.9 -999.9 0.0 -999.9 0.0 0.0 0.0 0.0 0.0 0.0 57.4 66.8 12.4 11.5 90.4 84.0 4.1 DCRS_-_Antônio_Prado/Flores_da_Cunha_(292_m) -999.9 -999.9 988.2 987.0 987.0 10.3 9.7 0.0 Rio_Grande_do_Sul DCRS -999.9 0.0 0.0 nan nan nan 0 nan nan nan nan nan
-28.939899 -51.188499 DCRS-00087 2026-09-14_01:50 11.5 -999.9 -999.9 90.4 -999.9 -999.9 10.0 -999.9 -999.9 987.0 -999.9 -999.9 0.0 -999.9 0.0 0.0 0.0 0.0 0.0 0.0 57.4 66.8 12.4 11.5 90.4 84.0 4.1 DCRS_-_Antônio_Prado/Flores_da_Cunha_(292_m) -999.9 -999.9 988.2 987.0 987.0 10.3 9.7 0.0 Rio_Grande_do_Sul DCRS -999.9 0.0 0.0 nan nan nan 0 nan nan nan nan nan
-28.939899 -51.188499 DCRS-00087 2026-09-14_01:51 11.4 -999.9 -999.9 90.7 -999.9 -999.9 9.9 -999.9 -999.9 987.0 -999.9 -999.9 0.0 -999.9 0.0 0.0 0.0 0.0 0.0 0.0 57.4 66.8 12.4 11.4 90.7 84.0 4.1 DCRS_-_Antônio_Prado/Flores_da_Cunha_(292_m) -999.9 -999.9 988.2 987.0 987.0 10.3 9.7 0.0 Rio_Grande_do_Sul DCRS -999.9 0.0 0.0 nan nan nan 0 nan nan nan nan nan
-28.939899 -51.188499 DCRS-00087 2026-09-14_01:52 11.4 -999.9 -999.9 90.9 -999.9 -999.9 10.0 -999.9 -999.9 987.0 -999.9 -999.9 0.0 -999.9 0.0 0.0 0.0 0.0 0.0 0.0 57.4 66.8 12.4 11.4 90.9 84.0 4.1 DCRS_-_Antônio_Prado/Flores_da_Cunha_(292_m) -999.9 -999.9 988.2 987.0 987.0 10.3 9.7 0.0 Rio_Grande_do_Sul DCRS -999.9 0.0 0.0 nan nan nan 0 nan nan nan nan nan
-28.939899 -51.188499 DCRS-00087 2026-09-14_01:53 11.4 -999.9 -999.9 91.0 -999.9 -999.9 10.0 -999.9 -999.9 987.0 -999.9 -999.9 0.0 -999.9 0.0 0.0 0.0 0.0 0.0 0.0 57.4 66.8 12.4 11.4 91.0 84.0 4.1 DCRS_-_Antônio_Prado/Flores_da_Cunha_(292_m) -999.9 -999.9 988.2 987.0 987.0 10.3 9.7 0.0 Rio_Grande_do_Sul DCRS -999.9 0.0 0.0 nan nan nan 0 nan nan nan nan nan
-28.939899 -51.188499 DCRS-00087 2026-09-14_01:54 11.4 -999.9 -999.9 91.1 -999.9 -999.9 10.0 -999.9 -999.9 987.0 -999.9 -999.9 0.0 -999.9 0.0 0.0 0.0 0.0 0.0 0.0 57.4 66.8 12.4 11.4 91.1 84.0 4.1 DCRS_-_Antônio_Prado/Flores_da_Cunha_(292_m) -999.9 -999.9 988.2 987.0 987.0 10.3 9.7 0.0 Rio_Grande_do_Sul DCRS -999.9 0.0 0.0 nan nan nan 0 nan nan nan nan nan
-28.939899 -51.188499 DCRS-00087 2026-09-14_01:55 11.3 -999.9 -999.9 91.3 -999.9 -999.9 9.9 -999.9 -999.9 987.0 -999.9 -999.9 0.0 -999.9 0.0 0.0 0.0 0.0 0.0 0.0 57.4 66.8 12.4 11.3 91.3 84.0 4.1 DCRS_-_Antônio_Prado/Flores_da_Cunha_(292_m) -999.9 -999.9 988.2 987.0 987.0 10.3 9.7 0.0 Rio_Grande_do_Sul DCRS -999.9 0.0 0.0 nan nan nan 0 nan nan nan nan nan
-28.939899 -51.188499 DCRS-00087 2026-09-14_01:56 11.3 -999.9 -999.9 91.0 -999.9 -999.9 9.9 -999.9 -999.9 987.0 -999.9 -999.9 0.0 -999.9 0.0 0.0 0.0 0.0 0.0 0.0 57.4 66.8 12.4 11.3 91.3 84.0 4.1 DCRS_-_Antônio_Prado/Flores_da_Cunha_(292_m) -999.9 -999.9 988.2 987.0 987.0 10.3 9.7 0.0 Rio_Grande_do_Sul DCRS -999.9 0.0 0.0 nan nan nan 0 nan nan nan nan nan
-28.939899 -51.188499 DCRS-00087 2026-09-14_01:57 11.3 -999.9 -999.9 90.7 -999.9 -999.9 9.8 -999.9 -999.9 986.9 -999.9 -999.9 0.0 -999.9 0.0 0.0 0.0 0.0 0.0 0.0 57.4 66.8 12.4 11.3 91.3 84.0 4.1 DCRS_-_Antônio_Prado/Flores_da_Cunha_(292_m) -999.9 -999.9 988.2 986.9 986.9 10.3 9.7 0.0 Rio_Grande_do_Sul DCRS -999.9 0.0 0.0 nan nan nan 0 nan nan nan nan nan
-28.939899 -51.188499 DCRS-00087 2026-09-14_01:58 11.3 -999.9 -999.9 90.5 -999.9 -999.9 9.8 -999.9 -999.9 986.9 -999.9 -999.9 0.0 -999.9 0.0 0.0 0.0 0.0 0.0 0.0 57.4 66.8 12.4 11.3 91.3 84.0 4.1 DCRS_-_Antônio_Prado/Flores_da_Cunha_(292_m) -999.9 -999.9 988.2 986.9 986.9 10.3 9.7 0.0 Rio_Grande_do_Sul DCRS -999.9 0.0 0.0 nan nan nan 0 nan nan nan nan nan
-28.939899 -51.188499 DCRS-00087 2026-09-14_01:59 11.2 -999.9 -999.9 90.4 -999.9 -999.9 9.7 -999.9 -999.9 986.9 -999.9 -999.9 0.0 -999.9 0.0 0.0 0.0 0.0 0.0 0.0 57.4 66.8 12.4 11.2 91.3 84.0 4.1 DCRS_-_Antônio_Prado/Flores_da_Cunha_(292_m) -999.9 -999.9 988.2 986.9 986.9 10.3 9.7 0.0 Rio_Grande_do_Sul DCRS -999.9 0.0 0.0 nan nan nan 0 nan nan nan nan nan
-28.939899 -51.188499 DCRS-00087 2026-09-14_02:00 11.3 -999.9 -999.9 90.6 -999.9 -999.9 9.8 -999.9 -999.9 986.9 -999.9 -999.9 0.0 -999.9 0.0 0.0 0.0 0.0 0.0 0.0 57.4 66.8 12.4 11.2 91.3 84.0 4.1 DCRS_-_Antônio_Prado/Flores_da_Cunha_(292_m) -999.9 -999.9 988.2 986.9 986.9 10.3 9.7 0.0 Rio_Grande_do_Sul DCRS -999.9 0.0 0.0 nan nan nan 0 nan nan nan nan nan
-28.939899 -51.188499 DCRS-00087 2026-09-14_02:01 11.2 -999.9 -999.9 90.7 -999.9 -999.9 9.7 -999.9 -999.9 986.9 -999.9 -999.9 0.0 -999.9 0.0 0.0 0.0 0.0 0.0 0.0 57.4 66.8 12.4 11.2 91.3 84.0 4.1 DCRS_-_Antônio_Prado/Flores_da_Cunha_(292_m) -999.9 -999.9 988.2 986.9 986.9 10.3 9.7 0.0 Rio_Grande_do_Sul DCRS -999.9 0.0 0.0 nan nan nan 0 nan nan nan nan nan
-28.939899 -51.188499 DCRS-00087 2026-09-14_02:02 11.2 -999.9 -999.9 91.0 -999.9 -999.9 9.8 -999.9 -999.9 986.9 -999.9 -999.9 0.0 -999.9 0.0 0.0 0.0 0.0 0.0 0.0 57.4 66.8 12.4 11.2 91.3 84.0 4.1 DCRS_-_Antônio_Prado/Flores_da_Cunha_(292_m) -999.9 -999.9 988.2 986.9 986.9 10.3 9.7 0.0 Rio_Grande_do_Sul DCRS -999.9 0.0 0.0 nan nan nan 0 nan nan nan nan nan
-28.939899 -51.188499 DCRS-00087 2026-09-14_02:03 11.2 -999.9 -999.9 91.3 -999.9 -999.9 9.8 -999.9 -999.9 986.9 -999.9 -999.9 0.0 -999.9 0.0 0.0 0.0 0.0 0.0 0.0 57.4 66.8 12.4 11.2 91.3 84.0 4.1 DCRS_-_Antônio_Prado/Flores_da_Cunha_(292_m) -999.9 -999.9 988.2 986.9 986.9 10.3 9.7 0.0 Rio_Grande_do_Sul DCRS -999.9 0.0 0.0 nan nan nan 0 nan nan nan nan nan
-28.939899 -51.188499 DCRS-00087 2026-09-14_02:04 11.2 -999.9 -999.9 91.3 -999.9 -999.9 9.8 -999.9 -999.9 986.8 -999.9 -999.9 0.0 -999.9 0.0 0.0 0.0 0.0 0.0 0.0 57.4 66.8 12.4 11.2 91.3 84.0 4.1 DCRS_-_Antônio_Prado/Flores_da_Cunha_(292_m) -999.9 -999.9 988.2 986.8 986.8 10.3 9.7 0.0 Rio_Grande_do_Sul DCRS -999.9 0.0 0.0 nan nan nan 0 nan nan nan nan nan
-28.939899 -51.188499 DCRS-00087 2026-09-14_02:05 11.2 -999.9 -999.9 91.2 -999.9 -999.9 9.8 -999.9 -999.9 986.8 -999.9 -999.9 0.0 -999.9 0.0 0.0 0.0 0.0 0.0 0.0 57.4 66.8 12.4 11.2 91.3 84.0 4.1 DCRS_-_Antônio_Prado/Flores_da_Cunha_(292_m) -999.9 -999.9 988.2 986.8 986.8 10.3 9.7 0.0 Rio_Grande_do_Sul DCRS -999.9 0.0 0.0 nan nan nan 0 nan nan nan nan nan
-28.939899 -51.188499 DCRS-00087 2026-09-14_02:06 11.2 -999.9 -999.9 91.3 -999.9 -999.9 9.8 -999.9 -999.9 986.8 -999.9 -999.9 0.0 -999.9 0.0 0.0 0.0 0.0 0.0 0.0 57.4 66.8 12.4 11.2 91.3 84.0 4.1 DCRS_-_Antônio_Prado/Flores_da_Cunha_(292_m) -999.9 -999.9 988.2 986.8 986.8 10.3 9.7 0.0 Rio_Grande_do_Sul DCRS -999.9 0.0 0.0 nan nan nan 0 nan nan nan nan nan
-28.939899 -51.188499 DCRS-00087 2026-09-14_02:07 11.1 -999.9 -999.9 91.1 -999.9 -999.9 9.7 -999.9 -999.9 986.8 -999.9 -999.9 -999.9 -999.9 0.0 0.0 0.0 0.0 0.0 0.0 57.4 66.8 12.4 11.1 91.3 84.0 4.1 DCRS_-_Antônio_Prado/Flores_da_Cunha_(292_m) -999.9 -999.9 988.2 986.8 986.8 10.3 9.7 0.0 Rio_Grande_do_Sul DCRS -999.9 0.0 0.0 nan nan nan 0 nan nan nan nan nan
-28.939899 -51.188499 DCRS-00087 2026-09-14_02:08 11.1 -999.9 -999.9 90.8 -999.9 -999.9 9.6 -999.9 -999.9 986.7 -999.9 -999.9 0.0 -999.9 0.0 0.0 0.0 0.0 0.0 0.0 57.4 66.8 12.4 11.1 91.3 84.0 4.1 DCRS_-_Antônio_Prado/Flores_da_Cunha_(292_m) -999.9 -999.9 988.2 986.7 986.7 10.3 9.6 0.0 Rio_Grande_do_Sul DCRS -999.9 0.0 0.0 nan nan nan 0 nan nan nan nan nan
-28.939899 -51.188499 DCRS-00087 2026-09-14_02:09 11.1 -999.9 -999.9 90.7 -999.9 -999.9 9.6 -999.9 -999.9 986.7 -999.9 -999.9 0.0 -999.9 0.0 0.0 0.0 0.0 0.0 0.0 57.4 66.8 12.4 11.1 91.3 84.0 4.1 DCRS_-_Antônio_Prado/Flores_da_Cunha_(292_m) -999.9 -999.9 988.2 986.7 986.7 10.3 9.6 0.0 Rio_Grande_do_Sul DCRS -999.9 0.0 0.0 nan nan nan 0 nan nan nan nan nan
-28.939899 -51.188499 DCRS-00087 2026-09-14_02:10 11.1 -999.9 -999.9 90.8 -999.9 -999.9 9.6 -999.9 -999.9 986.7 -999.9 -999.9 0.0 -999.9 3.7 0.0 0.0 0.0 0.0 0.0 57.4 66.8 12.4 11.1 91.3 84.0 4.1 DCRS_-_Antônio_Prado/Flores_da_Cunha_(292_m) -999.9 -999.9 988.2 986.7 986.7 10.3 9.6 0.0 Rio_Grande_do_Sul DCRS -999.9 0.0 0.0 nan nan nan 0 nan nan nan nan nan
-28.939899 -51.188499 DCRS-00087 2026-09-14_02:11 11.1 -999.9 -999.9 90.7 -999.9 -999.9 9.6 -999.9 -999.9 986.7 -999.9 -999.9 0.0 -999.9 3.7 0.0 0.0 0.0 0.0 0.0 57.4 66.8 12.4 11.1 91.3 84.0 4.1 DCRS_-_Antônio_Prado/Flores_da_Cunha_(292_m) -999.9 -999.9 988.2 986.7 986.7 10.3 9.6 0.0 Rio_Grande_do_Sul DCRS -999.9 0.0 0.0 nan nan nan 0 nan nan nan nan nan
-28.939899 -51.188499 DCRS-00087 2026-09-14_02:12 11.1 -999.9 -999.9 90.8 -999.9 -999.9 9.6 -999.9 -999.9 986.6 -999.9 -999.9 0.0 -999.9 3.7 0.0 0.0 0.0 0.0 0.0 57.4 66.8 12.4 11.1 91.3 84.0 4.1 DCRS_-_Antônio_Prado/Flores_da_Cunha_(292_m) -999.9 -999.9 988.2 986.6 986.6 10.3 9.6 0.0 Rio_Grande_do_Sul DCRS -999.9 0.0 0.0 nan nan nan 0 nan nan nan nan nan
-28.939899 -51.188499 DCRS-00087 2026-09-14_02:13 11.1 -999.9 -999.9 90.9 -999.9 -999.9 9.7 -999.9 -999.9 986.6 -999.9 -999.9 0.0 -999.9 3.7 0.0 0.0 0.0 0.0 0.0 57.4 66.8 12.4 11.1 91.3 84.0 4.1 DCRS_-_Antônio_Prado/Flores_da_Cunha_(292_m) -999.9 -999.9 988.2 986.6 986.6 10.3 9.6 0.0 Rio_Grande_do_Sul DCRS -999.9 0.0 0.0 nan nan nan 0 nan nan nan nan nan
-28.939899 -51.188499 DCRS-00087 2026-09-14_02:14 11.1 -999.9 -999.9 91.0 -999.9 -999.9 9.7 -999.9 -999.9 986.6 -999.9 -999.9 0.0 -999.9 3.7 0.0 0.0 0.0 0.0 0.0 57.4 66.8 12.4 11.1 91.3 84.0 4.1 DCRS_-_Antônio_Prado/Flores_da_Cunha_(292_m) -999.9 -999.9 988.2 986.6 986.6 10.3 9.6 0.0 Rio_Grande_do_Sul DCRS -999.9 0.0 0.0 nan nan nan 0 nan nan nan nan nan
-28.939899 -51.188499 DCRS-00087 2026-09-14_02:15 11.1 -999.9 -999.9 91.0 -999.9 -999.9 9.7 -999.9 -999.9 986.6 -999.9 -999.9 0.0 -999.9 2.9 0.0 0.0 0.0 0.0 0.0 57.4 66.8 12.4 11.1 91.3 84.0 4.1 DCRS_-_Antônio_Prado/Flores_da_Cunha_(292_m) -999.9 -999.9 988.2 986.6 986.6 10.3 9.6 0.0 Rio_Grande_do_Sul DCRS -999.9 0.0 0.0 nan nan nan 0 nan nan nan nan nan
-28.939899 -51.188499 DCRS-00087 2026-09-14_02:16 11.0 -999.9 -999.9 91.1 -999.9 -999.9 9.6 -999.9 -999.9 986.6 -999.9 -999.9 0.0 -999.9 2.9 0.0 0.0 0.0 0.0 0.0 57.4 66.8 12.4 11.0 91.3 84.0 4.1 DCRS_-_Antônio_Prado/Flores_da_Cunha_(292_m) -999.9 -999.9 988.2 986.6 986.6 10.3 9.6 0.0 Rio_Grande_do_Sul DCRS -999.9 0.0 0.0 nan nan nan 0 nan nan nan nan nan
-28.939899 -51.188499 DCRS-00087 2026-09-14_02:17 11.0 -999.9 -999.9 91.3 -999.9 -999.9 9.6 -999.9 -999.9 986.5 -999.9 -999.9 0.0 -999.9 2.9 0.0 0.0 0.0 0.0 0.0 57.4 66.8 12.4 11.0 91.3 84.0 4.1 DCRS_-_Antônio_Prado/Flores_da_Cunha_(292_m) -999.9 -999.9 988.2 986.5 986.5 10.3 9.6 0.0 Rio_Grande_do_Sul DCRS -999.9 0.0 0.0 nan nan nan 0 nan nan nan nan nan
-28.939899 -51.188499 DCRS-00087 2026-09-14_02:18 11.1 -999.9 -999.9 91.4 -999.9 -999.9 9.7 -999.9 -999.9 986.5 -999.9 -999.9 0.0 -999.9 2.9 0.0 0.0 0.0 0.0 0.0 57.4 66.8 12.4 11.0 91.4 84.0 4.1 DCRS_-_Antônio_Prado/Flores_da_Cunha_(292_m) -999.9 -999.9 988.2 986.5 986.5 10.3 9.6 0.0 Rio_Grande_do_Sul DCRS -999.9 0.0 0.0 nan nan nan 0 nan nan nan nan nan
-28.939899 -51.188499 DCRS-00087 2026-09-14_02:19 11.0 -999.9 -999.9 91.4 -999.9 -999.9 9.6 -999.9 -999.9 986.5 -999.9 -999.9 -999.9 -999.9 2.9 0.0 0.0 0.0 0.0 0.0 57.4 66.8 12.4 11.0 91.4 84.0 4.1 DCRS_-_Antônio_Prado/Flores_da_Cunha_(292_m) -999.9 -999.9 988.2 986.5 986.5 10.3 9.6 0.0 Rio_Grande_do_Sul DCRS -999.9 0.0 0.0 nan nan nan 0 nan nan nan nan nan
-28.939899 -51.188499 DCRS-00087 2026-09-14_02:20 11.0 -999.9 -999.9 91.6 -999.9 -999.9 9.7 -999.9 -999.9 986.4 -999.9 -999.9 2.5 -999.9 4.5 0.0 0.0 0.0 0.0 0.0 57.4 66.8 12.4 11.0 91.6 84.0 4.5 DCRS_-_Antônio_Prado/Flores_da_Cunha_(292_m) -999.9 -999.9 988.2 986.4 986.4 10.3 9.6 0.0 Rio_Grande_do_Sul DCRS -999.9 0.0 0.0 nan nan nan 0 nan nan nan nan nan
-28.939899 -51.188499 DCRS-00087 2026-09-14_02:21 11.0 -999.9 -999.9 91.8 -999.9 -999.9 9.7 -999.9 -999.9 986.4 -999.9 -999.9 2.7 -999.9 4.5 0.0 0.0 0.0 0.0 0.0 57.4 66.8 12.4 11.0 91.8 84.0 4.5 DCRS_-_Antônio_Prado/Flores_da_Cunha_(292_m) -999.9 -999.9 988.2 986.4 986.4 10.3 9.6 0.0 Rio_Grande_do_Sul DCRS -999.9 0.0 0.0 nan nan nan 0 nan nan nan nan nan
-28.939899 -51.188499 DCRS-00087 2026-09-14_02:22 11.0 -999.9 -999.9 91.8 -999.9 -999.9 9.7 -999.9 -999.9 986.4 -999.9 -999.9 0.0 -999.9 4.5 0.0 0.0 0.0 0.0 0.0 57.4 66.8 12.4 11.0 91.8 84.0 4.5 DCRS_-_Antônio_Prado/Flores_da_Cunha_(292_m) -999.9 -999.9 988.2 986.4 986.4 10.3 9.6 0.0 Rio_Grande_do_Sul DCRS -999.9 0.0 0.0 nan nan nan 0 nan nan nan nan nan
-28.939899 -51.188499 DCRS-00087 2026-09-14_02:23 10.9 -999.9 -999.9 91.7 -999.9 -999.9 9.6 -999.9 -999.9 986.4 -999.9 -999.9 0.0 -999.9 4.5 0.0 0.0 0.0 0.0 0.0 57.4 66.8 12.4 10.9 91.8 84.0 4.5 DCRS_-_Antônio_Prado/Flores_da_Cunha_(292_m) -999.9 -999.9 988.2 986.4 986.4 10.3 9.6 0.0 Rio_Grande_do_Sul DCRS -999.9 0.0 0.0 nan nan nan 0 nan nan nan nan nan
-28.939899 -51.188499 DCRS-00087 2026-09-14_02:24 10.9 -999.9 -999.9 91.7 -999.9 -999.9 9.6 -999.9 -999.9 986.4 -999.9 -999.9 0.0 -999.9 4.5 0.0 0.0 0.0 0.0 0.0 57.4 66.8 12.4 10.9 91.8 84.0 4.5 DCRS_-_Antônio_Prado/Flores_da_Cunha_(292_m) -999.9 -999.9 988.2 986.4 986.4 10.3 9.6 0.0 Rio_Grande_do_Sul DCRS -999.9 0.0 0.0 nan nan nan 0 nan nan nan nan nan
-28.939899 -51.188499 DCRS-00087 2026-09-14_02:25 11.0 -999.9 -999.9 91.8 -999.9 -999.9 9.7 -999.9 -999.9 986.4 -999.9 -999.9 0.0 -999.9 4.0 0.0 0.0 0.0 0.0 0.0 57.4 66.8 12.4 10.9 91.8 84.0 4.5 DCRS_-_Antônio_Prado/Flores_da_Cunha_(292_m) -999.9 -999.9 988.2 986.4 986.4 10.3 9.6 0.0 Rio_Grande_do_Sul DCRS -999.9 0.0 0.0 nan nan nan 0 nan nan nan nan nan
-28.939899 -51.188499 DCRS-00087 2026-09-14_02:26 11.0 -999.9 -999.9 91.8 -999.9 -999.9 9.7 -999.9 -999.9 986.4 -999.9 -999.9 0.0 -999.9 4.0 0.0 0.0 0.0 0.0 0.0 57.4 66.8 12.4 10.9 91.8 84.0 4.5 DCRS_-_Antônio_Prado/Flores_da_Cunha_(292_m) -999.9 -999.9 988.2 986.4 986.4 10.3 9.6 0.0 Rio_Grande_do_Sul DCRS -999.9 0.0 0.0 nan nan nan 0 nan nan nan nan nan
-28.939899 -51.188499 DCRS-00087 2026-09-14_02:27 10.9 -999.9 -999.9 91.8 -999.9 -999.9 9.6 -999.9 -999.9 986.4 -999.9 -999.9 0.0 -999.9 4.0 0.0 0.0 0.0 0.0 0.0 57.4 66.8 12.4 10.9 91.8 84.0 4.5 DCRS_-_Antônio_Prado/Flores_da_Cunha_(292_m) -999.9 -999.9 988.2 986.4 986.4 10.3 9.6 0.0 Rio_Grande_do_Sul DCRS -999.9 0.0 0.0 nan nan nan 0 nan nan nan nan nan
-28.939899 -51.188499 DCRS-00087 2026-09-14_02:28 11.0 -999.9 -999.9 91.7 -999.9 -999.9 9.7 -999.9 -999.9 986.3 -999.9 -999.9 2.3 -999.9 4.0 0.0 0.0 0.0 0.0 0.0 57.4 66.8 12.4 10.9 91.8 84.0 4.5 DCRS_-_Antônio_Prado/Flores_da_Cunha_(292_m) -999.9 -999.9 988.2 986.3 986.3 10.3 9.6 0.0 Rio_Grande_do_Sul DCRS -999.9 0.0 0.0 nan nan nan 0 nan nan nan nan nan
-28.939899 -51.188499 DCRS-00087 2026-09-14_02:29 11.0 -999.9 -999.9 91.8 -999.9 -999.9 9.7 -999.9 -999.9 986.3 -999.9 -999.9 2.3 -999.9 4.0 0.0 0.0 0.0 0.0 0.0 57.4 66.8 12.4 10.9 91.8 84.0 4.5 DCRS_-_Antônio_Prado/Flores_da_Cunha_(292_m) -999.9 -999.9 988.2 986.3 986.3 10.3 9.6 0.0 Rio_Grande_do_Sul DCRS -999.9 0.0 0.0 nan nan nan 0 nan nan nan nan nan
-28.939899 -51.188499 DCRS-00087 2026-09-14_02:30 11.0 -999.9 -999.9 91.9 -999.9 -999.9 9.7 -999.9 -999.9 986.3 -999.9 -999.9 0.0 -999.9 3.3 0.0 0.0 0.0 0.0 0.0 57.4 66.8 12.4 10.9 91.9 84.0 4.5 DCRS_-_Antônio_Prado/Flores_da_Cunha_(292_m) -999.9 -999.9 988.2 986.3 986.3 10.3 9.6 0.0 Rio_Grande_do_Sul DCRS -999.9 0.0 0.0 nan nan nan 0 nan nan nan nan nan
-28.939899 -51.188499 DCRS-00087 2026-09-14_02:31 10.9 -999.9 -999.9 91.8 -999.9 -999.9 9.6 -999.9 -999.9 986.2 -999.9 -999.9 0.0 -999.9 3.3 0.0 0.0 0.0 0.0 0.0 57.4 66.8 12.4 10.9 91.9 84.0 4.5 DCRS_-_Antônio_Prado/Flores_da_Cunha_(292_m) -999.9 -999.9 988.2 986.2 986.2 10.3 9.6 0.0 Rio_Grande_do_Sul DCRS -999.9 0.0 0.0 nan nan nan 0 nan nan nan nan nan
-28.939899 -51.188499 DCRS-00087 2026-09-14_02:32 11.0 -999.9 -999.9 92.0 -999.9 -999.9 9.7 -999.9 -999.9 986.2 -999.9 -999.9 1.9 -999.9 3.3 0.0 0.0 0.0 0.0 0.0 57.4 66.8 12.4 10.9 92.0 84.0 4.5 DCRS_-_Antônio_Prado/Flores_da_Cunha_(292_m) -999.9 -999.9 988.2 986.2 986.2 10.3 9.6 0.0 Rio_Grande_do_Sul DCRS -999.9 0.0 0.0 nan nan nan 0 nan nan nan nan nan
-28.939899 -51.188499 DCRS-00087 2026-09-14_02:33 10.9 -999.9 -999.9 91.8 -999.9 -999.9 9.6 -999.9 -999.9 986.2 -999.9 -999.9 0.0 -999.9 3.3 0.0 0.0 0.0 0.0 0.0 57.4 66.8 12.4 10.9 92.0 84.0 4.5 DCRS_-_Antônio_Prado/Flores_da_Cunha_(292_m) -999.9 -999.9 988.2 986.2 986.2 10.3 9.6 0.0 Rio_Grande_do_Sul DCRS -999.9 0.0 0.0 nan nan nan 0 nan nan nan nan nan
-28.939899 -51.188499 DCRS-00087 2026-09-14_02:34 10.9 -999.9 -999.9 91.9 -999.9 -999.9 9.6 -999.9 -999.9 986.2 -999.9 -999.9 0.0 -999.9 3.3 0.0 0.0 0.0 0.0 0.0 57.4 66.8 12.4 10.9 92.0 84.0 4.5 DCRS_-_Antônio_Prado/Flores_da_Cunha_(292_m) -999.9 -999.9 988.2 986.2 986.2 10.3 9.6 0.0 Rio_Grande_do_Sul DCRS -999.9 0.0 0.0 nan nan nan 0 nan nan nan nan nan
-28.939899 -51.188499 DCRS-00087 2026-09-14_02:35 10.9 -999.9 -999.9 92.0 -999.9 -999.9 9.6 -999.9 -999.9 986.2 -999.9 -999.9 0.0 -999.9 2.1 0.0 0.0 0.0 0.0 0.0 57.4 66.8 12.4 10.9 92.0 84.0 4.5 DCRS_-_Antônio_Prado/Flores_da_Cunha_(292_m) -999.9 -999.9 988.2 986.2 986.2 10.3 9.6 0.0 Rio_Grande_do_Sul DCRS -999.9 0.0 0.0 nan nan nan 0 nan nan nan nan nan
-28.939899 -51.188499 DCRS-00087 2026-09-14_02:36 10.9 -999.9 -999.9 91.9 -999.9 -999.9 9.6 -999.9 -999.9 986.1 -999.9 -999.9 0.0 -999.9 2.1 0.0 0.0 0.0 0.0 0.0 57.4 66.8 12.4 10.9 92.0 84.0 4.5 DCRS_-_Antônio_Prado/Flores_da_Cunha_(292_m) -999.9 -999.9 988.2 986.1 986.1 10.3 9.6 0.0 Rio_Grande_do_Sul DCRS -999.9 0.0 0.0 nan nan nan 0 nan nan nan nan nan
-28.939899 -51.188499 DCRS-00087 2026-09-14_02:37 10.9 -999.9 -999.9 92.1 -999.9 -999.9 9.7 -999.9 -999.9 986.1 -999.9 -999.9 2.0 -999.9 2.1 0.0 0.0 0.0 0.0 0.0 57.4 66.8 12.4 10.9 92.1 84.0 4.5 DCRS_-_Antônio_Prado/Flores_da_Cunha_(292_m) -999.9 -999.9 988.2 986.1 986.1 10.3 9.6 0.0 Rio_Grande_do_Sul DCRS -999.9 0.0 0.0 nan nan nan 0 nan nan nan nan nan
-28.939899 -51.188499 DCRS-00087 2026-09-14_02:38 10.9 -999.9 -999.9 92.1 -999.9 -999.9 9.7 -999.9 -999.9 986.1 -999.9 -999.9 -999.9 -999.9 2.1 0.0 0.0 0.0 0.0 0.0 57.4 66.8 12.4 10.9 92.1 84.0 4.5 DCRS_-_Antônio_Prado/Flores_da_Cunha_(292_m) -999.9 -999.9 988.2 986.1 986.1 10.3 9.6 0.0 Rio_Grande_do_Sul DCRS -999.9 0.0 0.0 nan nan nan 0 nan nan nan nan nan
-28.939899 -51.188499 DCRS-00087 2026-09-14_02:39 10.9 -999.9 -999.9 92.1 -999.9 -999.9 9.7 -999.9 -999.9 986.1 -999.9 -999.9 0.0 -999.9 2.1 0.0 0.0 0.0 0.0 0.0 57.4 66.8 12.4 10.9 92.1 84.0 4.5 DCRS_-_Antônio_Prado/Flores_da_Cunha_(292_m) -999.9 -999.9 988.2 986.1 986.1 10.3 9.6 0.0 Rio_Grande_do_Sul DCRS -999.9 0.0 0.0 nan nan nan 0 nan nan nan nan nan
-28.939899 -51.188499 DCRS-00087 2026-09-14_02:40 10.9 -999.9 -999.9 92.1 -999.9 -999.9 9.7 -999.9 -999.9 986.1 -999.9 -999.9 0.0 -999.9 3.0 0.0 0.0 0.0 0.0 0.0 57.4 66.8 12.4 10.9 92.1 84.0 4.5 DCRS_-_Antônio_Prado/Flores_da_Cunha_(292_m) -999.9 -999.9 988.2 986.1 986.1 10.3 9.6 0.0 Rio_Grande_do_Sul DCRS -999.9 0.0 0.0 nan nan nan 0 nan nan nan nan nan
-28.939899 -51.188499 DCRS-00087 2026-09-14_02:41 10.9 -999.9 -999.9 92.2 -999.9 -999.9 9.7 -999.9 -999.9 986.1 -999.9 -999.9 0.0 -999.9 3.0 0.0 0.0 0.0 0.0 0.0 57.4 66.8 12.4 10.9 92.2 84.0 4.5 DCRS_-_Antônio_Prado/Flores_da_Cunha_(292_m) -999.9 -999.9 988.2 986.1 986.1 10.3 9.6 0.0 Rio_Grande_do_Sul DCRS -999.9 0.0 0.0 nan nan nan 0 nan nan nan nan nan
-28.939899 -51.188499 DCRS-00087 2026-09-14_02:42 10.9 -999.9 -999.9 92.3 -999.9 -999.9 9.7 -999.9 -999.9 986.0 -999.9 -999.9 0.0 -999.9 3.0 0.0 0.0 0.0 0.0 0.0 57.4 66.8 12.4 10.9 92.3 84.0 4.5 DCRS_-_Antônio_Prado/Flores_da_Cunha_(292_m) -999.9 -999.9 988.2 986.0 986.0 10.3 9.6 0.0 Rio_Grande_do_Sul DCRS -999.9 0.0 0.0 nan nan nan 0 nan nan nan nan nan
-28.939899 -51.188499 DCRS-00087 2026-09-14_02:43 10.9 -999.9 -999.9 92.2 -999.9 -999.9 9.7 -999.9 -999.9 986.0 -999.9 -999.9 0.0 -999.9 3.0 0.0 0.0 0.0 0.0 0.0 57.4 66.8 12.4 10.9 92.3 84.0 4.5 DCRS_-_Antônio_Prado/Flores_da_Cunha_(292_m) -999.9 -999.9 988.2 986.0 986.0 10.3 9.6 0.0 Rio_Grande_do_Sul DCRS -999.9 0.0 0.0 nan nan nan 0 nan nan nan nan nan
-28.939899 -51.188499 DCRS-00087 2026-09-14_02:44 10.8 -999.9 -999.9 92.2 -999.9 -999.9 9.6 -999.9 -999.9 986.0 -999.9 -999.9 0.0 -999.9 3.0 0.0 0.0 0.0 0.0 0.0 57.4 66.8 12.4 10.8 92.3 84.0 4.5 DCRS_-_Antônio_Prado/Flores_da_Cunha_(292_m) -999.9 -999.9 988.2 986.0 986.0 10.3 9.6 0.0 Rio_Grande_do_Sul DCRS -999.9 0.0 0.0 nan nan nan 0 nan nan nan nan nan
-28.939899 -51.188499 DCRS-00087 2026-09-14_02:45 10.9 -999.9 -999.9 92.2 -999.9 -999.9 9.7 -999.9 -999.9 986.0 -999.9 -999.9 0.0 -999.9 3.9 0.0 0.0 0.0 0.0 0.0 57.4 66.8 12.4 10.8 92.3 84.0 4.5 DCRS_-_Antônio_Prado/Flores_da_Cunha_(292_m) -999.9 -999.9 988.2 986.0 986.0 10.3 9.6 0.0 Rio_Grande_do_Sul DCRS -999.9 0.0 0.0 nan nan nan 0 nan nan nan nan nan
-28.939899 -51.188499 DCRS-00087 2026-09-14_02:46 10.9 -999.9 -999.9 92.1 -999.9 -999.9 9.7 -999.9 -999.9 986.0 -999.9 -999.9 0.0 -999.9 3.9 0.0 0.0 0.0 0.0 0.0 57.4 66.8 12.4 10.8 92.3 84.0 4.5 DCRS_-_Antônio_Prado/Flores_da_Cunha_(292_m) -999.9 -999.9 988.2 986.0 986.0 10.3 9.6 0.0 Rio_Grande_do_Sul DCRS -999.9 0.0 0.0 nan nan nan 0 nan nan nan nan nan
-28.939899 -51.188499 DCRS-00087 2026-09-14_02:47 10.9 -999.9 -999.9 92.4 -999.9 -999.9 9.7 -999.9 -999.9 986.0 -999.9 -999.9 0.0 -999.9 3.9 0.0 0.0 0.0 0.0 0.0 57.4 66.8 12.4 10.8 92.4 84.0 4.5 DCRS_-_Antônio_Prado/Flores_da_Cunha_(292_m) -999.9 -999.9 988.2 986.0 986.0 10.3 9.6 0.0 Rio_Grande_do_Sul DCRS -999.9 0.0 0.0 nan nan nan 0 nan nan nan nan nan
-28.939899 -51.188499 DCRS-00087 2026-09-14_02:48 10.9 -999.9 -999.9 92.5 -999.9 -999.9 9.7 -999.9 -999.9 986.0 -999.9 -999.9 0.0 -999.9 3.9 0.0 0.0 0.0 0.0 0.0 57.4 66.8 12.4 10.8 92.5 84.0 4.5 DCRS_-_Antônio_Prado/Flores_da_Cunha_(292_m) -999.9 -999.9 988.2 986.0 986.0 10.3 9.6 0.0 Rio_Grande_do_Sul DCRS -999.9 0.0 0.0 nan nan nan 0 nan nan nan nan nan
-28.939899 -51.188499 DCRS-00087 2026-09-14_02:49 10.8 -999.9 -999.9 92.5 -999.9 -999.9 9.6 -999.9 -999.9 986.0 -999.9 -999.9 0.0 -999.9 3.9 0.0 0.0 0.0 0.0 0.0 57.4 66.8 12.4 10.8 92.5 84.0 4.5 DCRS_-_Antônio_Prado/Flores_da_Cunha_(292_m) -999.9 -999.9 988.2 986.0 986.0 10.3 9.6 0.0 Rio_Grande_do_Sul DCRS -999.9 0.0 0.0 nan nan nan 0 nan nan nan nan nan
-28.939899 -51.188499 DCRS-00087 2026-09-14_02:50 10.8 -999.9 -999.9 92.4 -999.9 -999.9 9.6 -999.9 -999.9 986.0 -999.9 -999.9 2.6 -999.9 2.7 0.0 0.0 0.0 0.0 0.0 57.4 66.8 12.4 10.8 92.5 84.0 4.5 DCRS_-_Antônio_Prado/Flores_da_Cunha_(292_m) -999.9 -999.9 988.2 986.0 986.0 10.3 9.6 0.0 Rio_Grande_do_Sul DCRS -999.9 0.0 0.0 nan nan nan 0 nan nan nan nan nan
-28.939899 -51.188499 DCRS-00087 2026-09-14_02:51 10.8 -999.9 -999.9 92.4 -999.9 -999.9 9.6 -999.9 -999.9 985.9 -999.9 -999.9 0.0 -999.9 2.7 0.0 0.0 0.0 0.0 0.0 57.4 66.8 12.4 10.8 92.5 84.0 4.5 DCRS_-_Antônio_Prado/Flores_da_Cunha_(292_m) -999.9 -999.9 988.2 985.9 985.9 10.3 9.6 0.0 Rio_Grande_do_Sul DCRS -999.9 0.0 0.0 nan nan nan 0 nan nan nan nan nan
-28.939899 -51.188499 DCRS-00087 2026-09-14_02:52 10.8 -999.9 -999.9 92.2 -999.9 -999.9 9.6 -999.9 -999.9 985.9 -999.9 -999.9 0.0 -999.9 2.7 0.0 0.0 0.0 0.0 0.0 57.4 66.8 12.4 10.8 92.5 84.0 4.5 DCRS_-_Antônio_Prado/Flores_da_Cunha_(292_m) -999.9 -999.9 988.2 985.9 985.9 10.3 9.6 0.0 Rio_Grande_do_Sul DCRS -999.9 0.0 0.0 nan nan nan 0 nan nan nan nan nan
-28.939899 -51.188499 DCRS-00087 2026-09-14_02:53 10.8 -999.9 -999.9 92.1 -999.9 -999.9 9.6 -999.9 -999.9 985.9 -999.9 -999.9 -999.9 -999.9 2.7 0.0 0.0 0.0 0.0 0.0 57.4 66.8 12.4 10.8 92.5 84.0 4.5 DCRS_-_Antônio_Prado/Flores_da_Cunha_(292_m) -999.9 -999.9 988.2 985.9 985.9 10.3 9.6 0.0 Rio_Grande_do_Sul DCRS -999.9 0.0 0.0 nan nan nan 0 nan nan nan nan nan
-28.939899 -51.188499 DCRS-00087 2026-09-14_02:54 10.8 -999.9 -999.9 91.9 -999.9 -999.9 9.5 -999.9 -999.9 985.9 -999.9 -999.9 -999.9 -999.9 2.7 0.0 0.0 0.0 0.0 0.0 57.4 66.8 12.4 10.8 92.5 84.0 4.5 DCRS_-_Antônio_Prado/Flores_da_Cunha_(292_m) -999.9 -999.9 988.2 985.9 985.9 10.3 9.5 0.0 Rio_Grande_do_Sul DCRS -999.9 0.0 0.0 nan nan nan 0 nan nan nan nan nan
-28.939899 -51.188499 DCRS-00087 2026-09-14_02:55 10.8 -999.9 -999.9 92.0 -999.9 -999.9 9.5 -999.9 -999.9 985.9 -999.9 -999.9 0.0 -999.9 4.3 0.0 0.0 0.0 0.0 0.0 57.4 66.8 12.4 10.8 92.5 84.0 4.5 DCRS_-_Antônio_Prado/Flores_da_Cunha_(292_m) -999.9 -999.9 988.2 985.9 985.9 10.3 9.5 0.0 Rio_Grande_do_Sul DCRS -999.9 0.0 0.0 nan nan nan 0 nan nan nan nan nan
-28.939899 -51.188499 DCRS-00087 2026-09-14_02:56 10.8 -999.9 -999.9 92.0 -999.9 -999.9 9.5 -999.9 -999.9 985.9 -999.9 -999.9 1.9 -999.9 4.3 0.0 0.0 0.0 0.0 0.0 57.4 66.8 12.4 10.8 92.5 84.0 4.5 DCRS_-_Antônio_Prado/Flores_da_Cunha_(292_m) -999.9 -999.9 988.2 985.9 985.9 10.3 9.5 0.0 Rio_Grande_do_Sul DCRS -999.9 0.0 0.0 nan nan nan 0 nan nan nan nan nan
-28.939899 -51.188499 DCRS-00087 2026-09-14_02:57 10.7 -999.9 -999.9 92.1 -999.9 -999.9 9.5 -999.9 -999.9 985.9 -999.9 -999.9 0.0 -999.9 4.3 0.0 0.0 0.0 0.0 0.0 57.4 66.8 12.4 10.7 92.5 84.0 4.5 DCRS_-_Antônio_Prado/Flores_da_Cunha_(292_m) -999.9 -999.9 988.2 985.9 985.9 10.3 9.5 0.0 Rio_Grande_do_Sul DCRS -999.9 0.0 0.0 nan nan nan 0 nan nan nan nan nan
-28.939899 -51.188499 DCRS-00087 2026-09-14_02:58 10.8 -999.9 -999.9 92.1 -999.9 -999.9 9.6 -999.9 -999.9 985.9 -999.9 -999.9 0.0 -999.9 4.3 0.0 0.0 0.0 0.0 0.0 57.4 66.8 12.4 10.7 92.5 84.0 4.5 DCRS_-_Antônio_Prado/Flores_da_Cunha_(292_m) -999.9 -999.9 988.2 985.9 985.9 10.3 9.5 0.0 Rio_Grande_do_Sul DCRS -999.9 0.0 0.0 nan nan nan 0 nan nan nan nan nan
-28.939899 -51.188499 DCRS-00087 2026-09-14_02:59 10.7 -999.9 -999.9 92.3 -999.9 -999.9 9.5 -999.9 -999.9 985.9 -999.9 -999.9 0.0 -999.9 4.3 0.0 0.0 0.0 0.0 0.0 57.4 66.8 12.4 10.7 92.5 84.0 4.5 DCRS_-_Antônio_Prado/Flores_da_Cunha_(292_m) -999.9 -999.9 988.2 985.9 985.9 10.3 9.5 0.0 Rio_Grande_do_Sul DCRS -999.9 0.0 0.0 nan nan nan 0 nan nan nan nan nan
-28.939899 -51.188499 DCRS-00087 2026-09-14_03:00 10.7 -999.9 -999.9 92.3 -999.9 -999.9 9.5 -999.9 -999.9 985.8 -999.9 -999.9 2.4 -999.9 4.3 0.0 0.0 0.0 0.0 0.0 57.4 66.8 12.4 10.7 92.5 84.0 4.5 DCRS_-_Antônio_Prado/Flores_da_Cunha_(292_m) -999.9 -999.9 988.2 985.8 985.8 10.3 9.5 0.0 Rio_Grande_do_Sul DCRS -999.9 0.0 0.0 nan nan nan 0 nan nan nan nan nan
-28.939899 -51.188499 DCRS-00087 2026-09-14_03:01 10.7 -999.9 -999.9 92.3 -999.9 -999.9 9.5 -999.9 -999.9 985.8 -999.9 -999.9 3.6 -999.9 4.3 0.0 0.0 0.0 0.0 0.0 57.4 66.8 12.4 10.7 92.5 84.0 4.5 DCRS_-_Antônio_Prado/Flores_da_Cunha_(292_m) -999.9 -999.9 988.2 985.8 985.8 10.3 9.5 0.0 Rio_Grande_do_Sul DCRS -999.9 0.0 0.0 nan nan nan 0 nan nan nan nan nan
-28.939899 -51.188499 DCRS-00087 2026-09-14_03:02 10.7 -999.9 -999.9 92.3 -999.9 -999.9 9.5 -999.9 -999.9 985.8 -999.9 -999.9 0.0 -999.9 4.3 0.0 0.0 0.0 0.0 0.0 57.4 66.8 12.4 10.7 92.5 84.0 4.5 DCRS_-_Antônio_Prado/Flores_da_Cunha_(292_m) -999.9 -999.9 988.2 985.8 985.8 10.3 9.5 0.0 Rio_Grande_do_Sul DCRS -999.9 0.0 0.0 nan nan nan 0 nan nan nan nan nan
-28.939899 -51.188499 DCRS-00087 2026-09-14_03:03 10.7 -999.9 -999.9 92.4 -999.9 -999.9 9.5 -999.9 -999.9 985.8 -999.9 -999.9 2.1 -999.9 4.3 0.0 0.0 0.0 0.0 0.0 57.4 66.8 12.4 10.7 92.5 84.0 4.5 DCRS_-_Antônio_Prado/Flores_da_Cunha_(292_m) -999.9 -999.9 988.2 985.8 985.8 10.3 9.5 0.0 Rio_Grande_do_Sul DCRS -999.9 0.0 0.0 nan nan nan 0 nan nan nan nan nan
-28.939899 -51.188499 DCRS-00087 2026-09-14_03:04 10.7 -999.9 -999.9 92.6 -999.9 -999.9 9.5 -999.9 -999.9 985.8 -999.9 -999.9 0.0 -999.9 4.3 0.0 0.0 0.0 0.0 0.0 57.4 66.8 12.4 10.7 92.6 84.0 4.5 DCRS_-_Antônio_Prado/Flores_da_Cunha_(292_m) -999.9 -999.9 988.2 985.8 985.8 10.3 9.5 0.0 Rio_Grande_do_Sul DCRS -999.9 0.0 0.0 nan nan nan 0 nan nan nan nan nan
-28.939899 -51.188499 DCRS-00087 2026-09-14_03:05 10.7 -999.9 -999.9 92.6 -999.9 -999.9 9.5 -999.9 -999.9 985.8 -999.9 -999.9 0.0 -999.9 4.4 0.0 0.0 0.0 0.0 0.0 57.4 66.8 12.4 10.7 92.6 84.0 4.5 DCRS_-_Antônio_Prado/Flores_da_Cunha_(292_m) -999.9 -999.9 988.2 985.8 985.8 10.3 9.5 0.0 Rio_Grande_do_Sul DCRS -999.9 0.0 0.0 nan nan nan 0 nan nan nan nan nan
-28.939899 -51.188499 DCRS-00087 2026-09-14_03:06 10.7 -999.9 -999.9 92.6 -999.9 -999.9 9.5 -999.9 -999.9 985.8 -999.9 -999.9 0.0 -999.9 4.4 0.0 0.0 0.0 0.0 0.0 57.4 66.8 12.4 10.7 92.6 84.0 4.5 DCRS_-_Antônio_Prado/Flores_da_Cunha_(292_m) -999.9 -999.9 988.2 985.8 985.8 10.3 9.5 0.0 Rio_Grande_do_Sul DCRS -999.9 0.0 0.0 nan nan nan 0 nan nan nan nan nan
-28.939899 -51.188499 DCRS-00087 2026-09-14_03:07 10.7 -999.9 -999.9 92.4 -999.9 -999.9 9.5 -999.9 -999.9 985.9 -999.9 -999.9 0.0 -999.9 4.4 0.0 0.0 0.0 0.0 0.0 57.4 66.8 12.4 10.7 92.6 84.0 4.5 DCRS_-_Antônio_Prado/Flores_da_Cunha_(292_m) -999.9 -999.9 988.2 985.8 985.9 10.3 9.5 0.0 Rio_Grande_do_Sul DCRS -999.9 0.0 0.0 nan nan nan 0 nan nan nan nan nan
-28.939899 -51.188499 DCRS-00087 2026-09-14_03:08 10.7 -999.9 -999.9 92.3 -999.9 -999.9 9.5 -999.9 -999.9 985.9 -999.9 -999.9 0.0 -999.9 4.4 0.0 0.0 0.0 0.0 0.0 57.4 66.8 12.4 10.7 92.6 84.0 4.5 DCRS_-_Antônio_Prado/Flores_da_Cunha_(292_m) -999.9 -999.9 988.2 985.8 985.9 10.3 9.5 0.0 Rio_Grande_do_Sul DCRS -999.9 0.0 0.0 nan nan nan 0 nan nan nan nan nan
-28.939899 -51.188499 DCRS-00087 2026-09-14_03:09 10.7 -999.9 -999.9 92.3 -999.9 -999.9 9.5 -999.9 -999.9 985.8 -999.9 -999.9 4.0 -999.9 4.4 0.0 0.0 0.0 0.0 0.0 57.4 66.8 12.4 10.7 92.6 84.0 4.5 DCRS_-_Antônio_Prado/Flores_da_Cunha_(292_m) -999.9 -999.9 988.2 985.8 985.8 10.3 9.5 0.0 Rio_Grande_do_Sul DCRS -999.9 0.0 0.0 nan nan nan 0 nan nan nan nan nan
-28.939899 -51.188499 DCRS-00087 2026-09-14_03:10 10.7 -999.9 -999.9 92.3 -999.9 -999.9 9.5 -999.9 -999.9 985.8 -999.9 -999.9 0.0 -999.9 6.3 0.0 0.0 0.0 0.0 0.0 57.4 66.8 12.4 10.7 92.6 84.0 6.3 DCRS_-_Antônio_Prado/Flores_da_Cunha_(292_m) -999.9 -999.9 988.2 985.8 985.8 10.3 9.5 0.0 Rio_Grande_do_Sul DCRS -999.9 0.0 0.0 nan nan nan 0 nan nan nan nan nan
-28.939899 -51.188499 DCRS-00087 2026-09-14_03:11 10.8 -999.9 -999.9 92.0 -999.9 -999.9 9.5 -999.9 -999.9 985.8 -999.9 -999.9 3.4 -999.9 6.3 0.0 0.0 0.0 0.0 0.0 57.4 66.8 12.4 10.7 92.6 84.0 6.3 DCRS_-_Antônio_Prado/Flores_da_Cunha_(292_m) -999.9 -999.9 988.2 985.8 985.8 10.3 9.5 0.0 Rio_Grande_do_Sul DCRS -999.9 0.0 0.0 nan nan nan 0 nan nan nan nan nan
-28.939899 -51.188499 DCRS-00087 2026-09-14_03:12 10.8 -999.9 -999.9 91.7 -999.9 -999.9 9.5 -999.9 -999.9 985.8 -999.9 -999.9 0.0 -999.9 6.3 0.0 0.0 0.0 0.0 0.0 57.4 66.8 12.4 10.7 92.6 84.0 6.3 DCRS_-_Antônio_Prado/Flores_da_Cunha_(292_m) -999.9 -999.9 988.2 985.8 985.8 10.3 9.5 0.0 Rio_Grande_do_Sul DCRS -999.9 0.0 0.0 nan nan nan 0 nan nan nan nan nan
-28.939899 -51.188499 DCRS-00087 2026-09-14_03:13 10.8 -999.9 -999.9 91.2 -999.9 -999.9 9.4 -999.9 -999.9 985.8 -999.9 -999.9 3.8 -999.9 6.3 0.0 0.0 0.0 0.0 0.0 57.4 66.8 12.4 10.7 92.6 84.0 6.3 DCRS_-_Antônio_Prado/Flores_da_Cunha_(292_m) -999.9 -999.9 988.2 985.8 985.8 10.3 9.4 0.0 Rio_Grande_do_Sul DCRS -999.9 0.0 0.0 nan nan nan 0 nan nan nan nan nan
-28.939899 -51.188499 DCRS-00087 2026-09-14_03:14 10.8 -999.9 -999.9 91.2 -999.9 -999.9 9.4 -999.9 -999.9 985.8 -999.9 -999.9 3.7 -999.9 6.3 0.0 0.0 0.0 0.0 0.0 57.4 66.8 12.4 10.7 92.6 84.0 6.3 DCRS_-_Antônio_Prado/Flores_da_Cunha_(292_m) -999.9 -999.9 988.2 985.8 985.8 10.3 9.4 0.0 Rio_Grande_do_Sul DCRS -999.9 0.0 0.0 nan nan nan 0 nan nan nan nan nan
-28.939899 -51.188499 DCRS-00087 2026-09-14_03:15 10.8 -999.9 -999.9 91.3 -999.9 -999.9 9.4 -999.9 -999.9 985.8 -999.9 -999.9 3.9 -999.9 3.9 0.0 0.0 0.0 0.0 0.0 57.4 66.8 12.4 10.7 92.6 84.0 6.3 DCRS_-_Antônio_Prado/Flores_da_Cunha_(292_m) -999.9 -999.9 988.2 985.8 985.8 10.3 9.4 0.0 Rio_Grande_do_Sul DCRS -999.9 0.0 0.0 nan nan nan 0 nan nan nan nan nan
-28.939899 -51.188499 DCRS-00087 2026-09-14_03:16 10.8 -999.9 -999.9 91.2 -999.9 -999.9 9.4 -999.9 -999.9 985.8 -999.9 -999.9 0.0 -999.9 3.9 0.0 0.0 0.0 0.0 0.0 57.4 66.8 12.4 10.7 92.6 84.0 6.3 DCRS_-_Antônio_Prado/Flores_da_Cunha_(292_m) -999.9 -999.9 988.2 985.8 985.8 10.3 9.4 0.0 Rio_Grande_do_Sul DCRS -999.9 0.0 0.0 nan nan nan 0 nan nan nan nan nan
-28.939899 -51.188499 DCRS-00087 2026-09-14_03:17 10.8 -999.9 -999.9 91.3 -999.9 -999.9 9.4 -999.9 -999.9 985.7 -999.9 -999.9 1.8 -999.9 3.9 0.0 0.0 0.0 0.0 0.0 57.4 66.8 12.4 10.7 92.6 84.0 6.3 DCRS_-_Antônio_Prado/Flores_da_Cunha_(292_m) -999.9 -999.9 988.2 985.7 985.7 10.3 9.4 0.0 Rio_Grande_do_Sul DCRS -999.9 0.0 0.0 nan nan nan 0 nan nan nan nan nan
-28.939899 -51.188499 DCRS-00087 2026-09-14_03:18 10.8 -999.9 -999.9 91.1 -999.9 -999.9 9.4 -999.9 -999.9 985.7 -999.9 -999.9 0.0 -999.9 3.9 0.0 0.0 0.0 0.0 0.0 57.4 66.8 12.4 10.7 92.6 84.0 6.3 DCRS_-_Antônio_Prado/Flores_da_Cunha_(292_m) -999.9 -999.9 988.2 985.7 985.7 10.3 9.4 0.0 Rio_Grande_do_Sul DCRS -999.9 0.0 0.0 nan nan nan 0 nan nan nan nan nan
-28.939899 -51.188499 DCRS-00087 2026-09-14_03:19 10.8 -999.9 -999.9 91.0 -999.9 -999.9 9.4 -999.9 -999.9 985.7 -999.9 -999.9 3.7 -999.9 3.9 0.0 0.0 0.0 0.0 0.0 57.4 66.8 12.4 10.7 92.6 84.0 6.3 DCRS_-_Antônio_Prado/Flores_da_Cunha_(292_m) -999.9 -999.9 988.2 985.7 985.7 10.3 9.4 0.0 Rio_Grande_do_Sul DCRS -999.9 0.0 0.0 nan nan nan 0 nan nan nan nan nan
-28.939899 -51.188499 DCRS-00087 2026-09-14_03:20 10.9 -999.9 -999.9 91.2 -999.9 -999.9 9.5 -999.9 -999.9 985.7 -999.9 -999.9 0.0 -999.9 4.2 0.0 0.0 0.0 0.0 0.0 57.4 66.8 12.4 10.7 92.6 84.0 6.3 DCRS_-_Antônio_Prado/Flores_da_Cunha_(292_m) -999.9 -999.9 988.2 985.7 985.7 10.3 9.4 0.0 Rio_Grande_do_Sul DCRS -999.9 0.0 0.0 nan nan nan 0 nan nan nan nan nan
-28.939899 -51.188499 DCRS-00087 2026-09-14_03:21 10.9 -999.9 -999.9 90.9 -999.9 -999.9 9.5 -999.9 -999.9 985.7 -999.9 -999.9 0.0 -999.9 4.2 0.0 0.0 0.0 0.0 0.0 57.4 66.8 12.4 10.7 92.6 84.0 6.3 DCRS_-_Antônio_Prado/Flores_da_Cunha_(292_m) -999.9 -999.9 988.2 985.7 985.7 10.3 9.4 0.0 Rio_Grande_do_Sul DCRS -999.9 0.0 0.0 nan nan nan 0 nan nan nan nan nan
-28.939899 -51.188499 DCRS-00087 2026-09-14_03:22 10.9 -999.9 -999.9 91.1 -999.9 -999.9 9.5 -999.9 -999.9 985.6 -999.9 -999.9 0.0 -999.9 4.2 0.0 0.0 0.0 0.0 0.0 57.4 66.8 12.4 10.7 92.6 84.0 6.3 DCRS_-_Antônio_Prado/Flores_da_Cunha_(292_m) -999.9 -999.9 988.2 985.6 985.6 10.3 9.4 0.0 Rio_Grande_do_Sul DCRS -999.9 0.0 0.0 nan nan nan 0 nan nan nan nan nan
-28.939899 -51.188499 DCRS-00087 2026-09-14_03:23 10.9 -999.9 -999.9 91.2 -999.9 -999.9 9.5 -999.9 -999.9 985.6 -999.9 -999.9 0.0 -999.9 4.2 0.0 0.0 0.0 0.0 0.0 57.4 66.8 12.4 10.7 92.6 84.0 6.3 DCRS_-_Antônio_Prado/Flores_da_Cunha_(292_m) -999.9 -999.9 988.2 985.6 985.6 10.3 9.4 0.0 Rio_Grande_do_Sul DCRS -999.9 0.0 0.0 nan nan nan 0 nan nan nan nan nan
-28.939899 -51.188499 DCRS-00087 2026-09-14_03:24 11.0 -999.9 -999.9 91.2 -999.9 -999.9 9.6 -999.9 -999.9 985.7 -999.9 -999.9 2.9 -999.9 4.2 0.0 0.0 0.0 0.0 0.0 57.4 66.8 12.4 10.7 92.6 84.0 6.3 DCRS_-_Antônio_Prado/Flores_da_Cunha_(292_m) -999.9 -999.9 988.2 985.6 985.7 10.3 9.4 0.0 Rio_Grande_do_Sul DCRS -999.9 0.0 0.0 nan nan nan 0 nan nan nan nan nan
-28.939899 -51.188499 DCRS-00087 2026-09-14_03:25 10.9 -999.9 -999.9 91.2 -999.9 -999.9 9.5 -999.9 -999.9 985.7 -999.9 -999.9 4.0 -999.9 5.3 0.0 0.0 0.0 0.0 0.0 57.4 66.8 12.4 10.7 92.6 84.0 6.3 DCRS_-_Antônio_Prado/Flores_da_Cunha_(292_m) -999.9 -999.9 988.2 985.6 985.7 10.3 9.4 0.0 Rio_Grande_do_Sul DCRS -999.9 0.0 0.0 nan nan nan 0 nan nan nan nan nan
-28.939899 -51.188499 DCRS-00087 2026-09-14_03:26 10.9 -999.9 -999.9 90.5 -999.9 -999.9 9.4 -999.9 -999.9 985.7 -999.9 -999.9 0.0 -999.9 5.3 0.0 0.0 0.0 0.0 0.0 57.4 66.8 12.4 10.7 92.6 84.0 6.3 DCRS_-_Antônio_Prado/Flores_da_Cunha_(292_m) -999.9 -999.9 988.2 985.6 985.7 10.3 9.4 0.0 Rio_Grande_do_Sul DCRS -999.9 0.0 0.0 nan nan nan 0 nan nan nan nan nan
-28.939899 -51.188499 DCRS-00087 2026-09-14_03:27 10.9 -999.9 -999.9 90.7 -999.9 -999.9 9.4 -999.9 -999.9 985.7 -999.9 -999.9 0.0 -999.9 5.3 0.0 0.0 0.0 0.0 0.0 57.4 66.8 12.4 10.7 92.6 84.0 6.3 DCRS_-_Antônio_Prado/Flores_da_Cunha_(292_m) -999.9 -999.9 988.2 985.6 985.7 10.3 9.4 0.0 Rio_Grande_do_Sul DCRS -999.9 0.0 0.0 nan nan nan 0 nan nan nan nan nan
-28.939899 -51.188499 DCRS-00087 2026-09-14_03:28 11.0 -999.9 -999.9 90.8 -999.9 -999.9 9.5 -999.9 -999.9 985.7 -999.9 -999.9 0.0 -999.9 5.3 0.0 0.0 0.0 0.0 0.0 57.4 66.8 12.4 10.7 92.6 84.0 6.3 DCRS_-_Antônio_Prado/Flores_da_Cunha_(292_m) -999.9 -999.9 988.2 985.6 985.7 10.3 9.4 0.0 Rio_Grande_do_Sul DCRS -999.9 0.0 0.0 nan nan nan 0 nan nan nan nan nan
-28.939899 -51.188499 DCRS-00087 2026-09-14_03:29 11.0 -999.9 -999.9 90.9 -999.9 -999.9 9.6 -999.9 -999.9 985.7 -999.9 -999.9 2.8 -999.9 5.3 0.0 0.0 0.0 0.0 0.0 57.4 66.8 12.4 10.7 92.6 84.0 6.3 DCRS_-_Antônio_Prado/Flores_da_Cunha_(292_m) -999.9 -999.9 988.2 985.6 985.7 10.3 9.4 0.0 Rio_Grande_do_Sul DCRS -999.9 0.0 0.0 nan nan nan 0 nan nan nan nan nan
-28.939899 -51.188499 DCRS-00087 2026-09-14_03:30 11.0 -999.9 -999.9 90.9 -999.9 -999.9 9.6 -999.9 -999.9 985.6 -999.9 -999.9 0.0 -999.9 4.6 0.0 0.0 0.0 0.0 0.0 57.4 66.8 12.4 10.7 92.6 84.0 6.3 DCRS_-_Antônio_Prado/Flores_da_Cunha_(292_m) -999.9 -999.9 988.2 985.6 985.6 10.3 9.4 0.0 Rio_Grande_do_Sul DCRS -999.9 0.0 0.0 nan nan nan 0 nan nan nan nan nan
-28.939899 -51.188499 DCRS-00087 2026-09-14_03:31 11.0 -999.9 -999.9 91.2 -999.9 -999.9 9.6 -999.9 -999.9 985.7 -999.9 -999.9 0.0 -999.9 4.6 0.0 0.0 0.0 0.0 0.0 57.4 66.8 12.4 10.7 92.6 84.0 6.3 DCRS_-_Antônio_Prado/Flores_da_Cunha_(292_m) -999.9 -999.9 988.2 985.6 985.7 10.3 9.4 0.0 Rio_Grande_do_Sul DCRS -999.9 0.0 0.0 nan nan nan 0 nan nan nan nan nan
-28.939899 -51.188499 DCRS-00087 2026-09-14_03:32 11.0 -999.9 -999.9 91.5 -999.9 -999.9 9.7 -999.9 -999.9 985.6 -999.9 -999.9 0.0 -999.9 4.6 0.0 0.0 0.0 0.0 0.0 57.4 66.8 12.4 10.7 92.6 84.0 6.3 DCRS_-_Antônio_Prado/Flores_da_Cunha_(292_m) -999.9 -999.9 988.2 985.6 985.6 10.3 9.4 0.0 Rio_Grande_do_Sul DCRS -999.9 0.0 0.0 nan nan nan 0 nan nan nan nan nan
-28.939899 -51.188499 DCRS-00087 2026-09-14_03:33 11.0 -999.9 -999.9 91.4 -999.9 -999.9 9.6 -999.9 -999.9 985.6 -999.9 -999.9 0.0 -999.9 4.6 0.0 0.0 0.0 0.0 0.0 57.4 66.8 12.4 10.7 92.6 84.0 6.3 DCRS_-_Antônio_Prado/Flores_da_Cunha_(292_m) -999.9 -999.9 988.2 985.6 985.6 10.3 9.4 0.0 Rio_Grande_do_Sul DCRS -999.9 0.0 0.0 nan nan nan 0 nan nan nan nan nan
-28.939899 -51.188499 DCRS-00087 2026-09-14_03:34 11.0 -999.9 -999.9 90.8 -999.9 -999.9 9.5 -999.9 -999.9 985.6 -999.9 -999.9 1.9 -999.9 4.6 0.0 0.0 0.0 0.0 0.0 57.4 66.8 12.4 10.7 92.6 84.0 6.3 DCRS_-_Antônio_Prado/Flores_da_Cunha_(292_m) -999.9 -999.9 988.2 985.6 985.6 10.3 9.4 0.0 Rio_Grande_do_Sul DCRS -999.9 0.0 0.0 nan nan nan 0 nan nan nan nan nan
-28.939899 -51.188499 DCRS-00087 2026-09-14_03:35 11.0 -999.9 -999.9 90.9 -999.9 -999.9 9.6 -999.9 -999.9 985.6 -999.9 -999.9 0.0 -999.9 3.5 0.0 0.0 0.0 0.0 0.0 57.4 66.8 12.4 10.7 92.6 84.0 6.3 DCRS_-_Antônio_Prado/Flores_da_Cunha_(292_m) -999.9 -999.9 988.2 985.6 985.6 10.3 9.4 0.0 Rio_Grande_do_Sul DCRS -999.9 0.0 0.0 nan nan nan 0 nan nan nan nan nan
-28.939899 -51.188499 DCRS-00087 2026-09-14_03:36 11.0 -999.9 -999.9 91.1 -999.9 -999.9 9.6 -999.9 -999.9 985.6 -999.9 -999.9 1.8 -999.9 3.5 0.0 0.0 0.0 0.0 0.0 57.4 66.8 12.4 10.7 92.6 84.0 6.3 DCRS_-_Antônio_Prado/Flores_da_Cunha_(292_m) -999.9 -999.9 988.2 985.6 985.6 10.3 9.4 0.0 Rio_Grande_do_Sul DCRS -999.9 0.0 0.0 nan nan nan 0 nan nan nan nan nan
-28.939899 -51.188499 DCRS-00087 2026-09-14_03:37 11.1 -999.9 -999.9 91.1 -999.9 -999.9 9.7 -999.9 -999.9 985.6 -999.9 -999.9 0.0 -999.9 3.5 0.0 0.0 0.0 0.0 0.0 57.4 66.8 12.4 10.7 92.6 84.0 6.3 DCRS_-_Antônio_Prado/Flores_da_Cunha_(292_m) -999.9 -999.9 988.2 985.6 985.6 10.3 9.4 0.0 Rio_Grande_do_Sul DCRS -999.9 0.0 0.0 nan nan nan 0 nan nan nan nan nan
-28.939899 -51.188499 DCRS-00087 2026-09-14_03:38 11.0 -999.9 -999.9 91.1 -999.9 -999.9 9.6 -999.9 -999.9 985.6 -999.9 -999.9 0.0 -999.9 3.5 0.0 0.0 0.0 0.0 0.0 57.4 66.8 12.4 10.7 92.6 84.0 6.3 DCRS_-_Antônio_Prado/Flores_da_Cunha_(292_m) -999.9 -999.9 988.2 985.6 985.6 10.3 9.4 0.0 Rio_Grande_do_Sul DCRS -999.9 0.0 0.0 nan nan nan 0 nan nan nan nan nan
-28.939899 -51.188499 DCRS-00087 2026-09-14_03:39 11.1 -999.9 -999.9 91.4 -999.9 -999.9 9.7 -999.9 -999.9 985.7 -999.9 -999.9 0.0 -999.9 3.5 0.0 0.0 0.0 0.0 0.0 57.4 66.8 12.4 10.7 92.6 84.0 6.3 DCRS_-_Antônio_Prado/Flores_da_Cunha_(292_m) -999.9 -999.9 988.2 985.6 985.7 10.3 9.4 0.0 Rio_Grande_do_Sul DCRS -999.9 0.0 0.0 nan nan nan 0 nan nan nan nan nan
-28.939899 -51.188499 DCRS-00087 2026-09-14_03:40 11.1 -999.9 -999.9 91.1 -999.9 -999.9 9.7 -999.9 -999.9 985.7 -999.9 -999.9 0.0 -999.9 2.6 0.0 0.0 0.0 0.0 0.0 57.4 66.8 12.4 10.7 92.6 84.0 6.3 DCRS_-_Antônio_Prado/Flores_da_Cunha_(292_m) -999.9 -999.9 988.2 985.6 985.7 10.3 9.4 0.0 Rio_Grande_do_Sul DCRS -999.9 0.0 0.0 nan nan nan 0 nan nan nan nan nan
-28.939899 -51.188499 DCRS-00087 2026-09-14_03:41 11.1 -999.9 -999.9 91.1 -999.9 -999.9 9.7 -999.9 -999.9 985.6 -999.9 -999.9 0.0 -999.9 2.6 0.0 0.0 0.0 0.0 0.0 57.4 66.8 12.4 10.7 92.6 84.0 6.3 DCRS_-_Antônio_Prado/Flores_da_Cunha_(292_m) -999.9 -999.9 988.2 985.6 985.6 10.3 9.4 0.0 Rio_Grande_do_Sul DCRS -999.9 0.0 0.0 nan nan nan 0 nan nan nan nan nan
-28.939899 -51.188499 DCRS-00087 2026-09-14_03:42 11.1 -999.9 -999.9 91.0 -999.9 -999.9 9.7 -999.9 -999.9 985.6 -999.9 -999.9 0.0 -999.9 2.6 0.0 0.0 0.0 0.0 0.0 57.4 66.8 12.4 10.7 92.6 84.0 6.3 DCRS_-_Antônio_Prado/Flores_da_Cunha_(292_m) -999.9 -999.9 988.2 985.6 985.6 10.3 9.4 0.0 Rio_Grande_do_Sul DCRS -999.9 0.0 0.0 nan nan nan 0 nan nan nan nan nan
-28.939899 -51.188499 DCRS-00087 2026-09-14_03:43 11.1 -999.9 -999.9 90.6 -999.9 -999.9 9.6 -999.9 -999.9 985.6 -999.9 -999.9 0.0 -999.9 2.6 0.0 0.0 0.0 0.0 0.0 57.4 66.8 12.4 10.7 92.6 84.0 6.3 DCRS_-_Antônio_Prado/Flores_da_Cunha_(292_m) -999.9 -999.9 988.2 985.6 985.6 10.3 9.4 0.0 Rio_Grande_do_Sul DCRS -999.9 0.0 0.0 nan nan nan 0 nan nan nan nan nan
-28.939899 -51.188499 DCRS-00087 2026-09-14_03:44 11.2 -999.9 -999.9 89.8 -999.9 -999.9 9.6 -999.9 -999.9 985.6 -999.9 -999.9 0.0 -999.9 2.6 0.0 0.0 0.0 0.0 0.0 57.4 66.8 12.4 10.7 92.6 84.0 6.3 DCRS_-_Antônio_Prado/Flores_da_Cunha_(292_m) -999.9 -999.9 988.2 985.6 985.6 10.3 9.4 0.0 Rio_Grande_do_Sul DCRS -999.9 0.0 0.0 nan nan nan 0 nan nan nan nan nan
-28.939899 -51.188499 DCRS-00087 2026-09-14_03:45 11.1 -999.9 -999.9 89.0 -999.9 -999.9 9.3 -999.9 -999.9 985.6 -999.9 -999.9 0.0 -999.9 0.0 0.0 0.0 0.0 0.0 0.0 57.4 66.8 12.4 10.7 92.6 84.0 6.3 DCRS_-_Antônio_Prado/Flores_da_Cunha_(292_m) -999.9 -999.9 988.2 985.6 985.6 10.3 9.3 0.0 Rio_Grande_do_Sul DCRS -999.9 0.0 0.0 nan nan nan 0 nan nan nan nan nan
-28.939899 -51.188499 DCRS-00087 2026-09-14_03:46 11.1 -999.9 -999.9 89.2 -999.9 -999.9 9.4 -999.9 -999.9 985.6 -999.9 -999.9 0.0 -999.9 0.0 0.0 0.0 0.0 0.0 0.0 57.4 66.8 12.4 10.7 92.6 84.0 6.3 DCRS_-_Antônio_Prado/Flores_da_Cunha_(292_m) -999.9 -999.9 988.2 985.6 985.6 10.3 9.3 0.0 Rio_Grande_do_Sul DCRS -999.9 0.0 0.0 nan nan nan 0 nan nan nan nan nan
-28.939899 -51.188499 DCRS-00087 2026-09-14_03:47 11.1 -999.9 -999.9 89.7 -999.9 -999.9 9.5 -999.9 -999.9 985.5 -999.9 -999.9 0.0 -999.9 0.0 0.0 0.0 0.0 0.0 0.0 57.4 66.8 12.4 10.7 92.6 84.0 6.3 DCRS_-_Antônio_Prado/Flores_da_Cunha_(292_m) -999.9 -999.9 988.2 985.5 985.5 10.3 9.3 0.0 Rio_Grande_do_Sul DCRS -999.9 0.0 0.0 nan nan nan 0 nan nan nan nan nan
-28.939899 -51.188499 DCRS-00087 2026-09-14_03:48 11.2 -999.9 -999.9 90.0 -999.9 -999.9 9.6 -999.9 -999.9 985.5 -999.9 -999.9 0.0 -999.9 0.0 0.0 0.0 0.0 0.0 0.0 57.4 66.8 12.4 10.7 92.6 84.0 6.3 DCRS_-_Antônio_Prado/Flores_da_Cunha_(292_m) -999.9 -999.9 988.2 985.5 985.5 10.3 9.3 0.0 Rio_Grande_do_Sul DCRS -999.9 0.0 0.0 nan nan nan 0 nan nan nan nan nan
-28.939899 -51.188499 DCRS-00087 2026-09-14_03:49 11.1 -999.9 -999.9 89.4 -999.9 -999.9 9.4 -999.9 -999.9 985.5 -999.9 -999.9 0.0 -999.9 0.0 0.0 0.0 0.0 0.0 0.0 57.4 66.8 12.4 10.7 92.6 84.0 6.3 DCRS_-_Antônio_Prado/Flores_da_Cunha_(292_m) -999.9 -999.9 988.2 985.5 985.5 10.3 9.3 0.0 Rio_Grande_do_Sul DCRS -999.9 0.0 0.0 nan nan nan 0 nan nan nan nan nan
-28.939899 -51.188499 DCRS-00087 2026-09-14_03:50 11.1 -999.9 -999.9 89.6 -999.9 -999.9 9.4 -999.9 -999.9 985.4 -999.9 -999.9 2.3 -999.9 4.6 0.0 0.0 0.0 0.0 0.0 57.4 66.8 12.4 10.7 92.6 84.0 6.3 DCRS_-_Antônio_Prado/Flores_da_Cunha_(292_m) -999.9 -999.9 988.2 985.4 985.4 10.3 9.3 0.0 Rio_Grande_do_Sul DCRS -999.9 0.0 0.0 nan nan nan 0 nan nan nan nan nan
-28.939899 -51.188499 DCRS-00087 2026-09-14_03:51 11.2 -999.9 -999.9 90.0 -999.9 -999.9 9.6 -999.9 -999.9 985.4 -999.9 -999.9 3.0 -999.9 4.6 0.0 0.0 0.0 0.0 0.0 57.4 66.8 12.4 10.7 92.6 84.0 6.3 DCRS_-_Antônio_Prado/Flores_da_Cunha_(292_m) -999.9 -999.9 988.2 985.4 985.4 10.3 9.3 0.0 Rio_Grande_do_Sul DCRS -999.9 0.0 0.0 nan nan nan 0 nan nan nan nan nan
-28.939899 -51.188499 DCRS-00087 2026-09-14_03:52 11.1 -999.9 -999.9 90.0 -999.9 -999.9 9.5 -999.9 -999.9 985.4 -999.9 -999.9 4.5 -999.9 4.6 0.0 0.0 0.0 0.0 0.0 57.4 66.8 12.4 10.7 92.6 84.0 6.3 DCRS_-_Antônio_Prado/Flores_da_Cunha_(292_m) -999.9 -999.9 988.2 985.4 985.4 10.3 9.3 0.0 Rio_Grande_do_Sul DCRS -999.9 0.0 0.0 nan nan nan 0 nan nan nan nan nan
-28.939899 -51.188499 DCRS-00087 2026-09-14_03:53 11.1 -999.9 -999.9 89.8 -999.9 -999.9 9.5 -999.9 -999.9 985.4 -999.9 -999.9 0.0 -999.9 4.6 0.0 0.0 0.0 0.0 0.0 57.4 66.8 12.4 10.7 92.6 84.0 6.3 DCRS_-_Antônio_Prado/Flores_da_Cunha_(292_m) -999.9 -999.9 988.2 985.4 985.4 10.3 9.3 0.0 Rio_Grande_do_Sul DCRS -999.9 0.0 0.0 nan nan nan 0 nan nan nan nan nan
-28.939899 -51.188499 DCRS-00087 2026-09-14_03:54 11.1 -999.9 -999.9 89.8 -999.9 -999.9 9.5 -999.9 -999.9 985.4 -999.9 -999.9 0.0 -999.9 4.6 0.0 0.0 0.0 0.0 0.0 57.4 66.8 12.4 10.7 92.6 84.0 6.3 DCRS_-_Antônio_Prado/Flores_da_Cunha_(292_m) -999.9 -999.9 988.2 985.4 985.4 10.3 9.3 0.0 Rio_Grande_do_Sul DCRS -999.9 0.0 0.0 nan nan nan 0 nan nan nan nan nan
-28.939899 -51.188499 DCRS-00087 2026-09-14_03:55 11.1 -999.9 -999.9 89.7 -999.9 -999.9 9.5 -999.9 -999.9 985.4 -999.9 -999.9 0.0 -999.9 5.0 0.0 0.0 0.0 0.0 0.0 57.4 66.8 12.4 10.7 92.6 84.0 6.3 DCRS_-_Antônio_Prado/Flores_da_Cunha_(292_m) -999.9 -999.9 988.2 985.4 985.4 10.3 9.3 0.0 Rio_Grande_do_Sul DCRS -999.9 0.0 0.0 nan nan nan 0 nan nan nan nan nan
-28.939899 -51.188499 DCRS-00087 2026-09-14_03:56 11.2 -999.9 -999.9 89.8 -999.9 -999.9 9.6 -999.9 -999.9 985.4 -999.9 -999.9 0.0 -999.9 5.0 0.0 0.0 0.0 0.0 0.0 57.4 66.8 12.4 10.7 92.6 84.0 6.3 DCRS_-_Antônio_Prado/Flores_da_Cunha_(292_m) -999.9 -999.9 988.2 985.4 985.4 10.3 9.3 0.0 Rio_Grande_do_Sul DCRS -999.9 0.0 0.0 nan nan nan 0 nan nan nan nan nan
-28.939899 -51.188499 DCRS-00087 2026-09-14_03:57 11.1 -999.9 -999.9 89.7 -999.9 -999.9 9.5 -999.9 -999.9 985.4 -999.9 -999.9 0.0 -999.9 5.0 0.0 0.0 0.0 0.0 0.0 57.4 66.8 12.4 10.7 92.6 84.0 6.3 DCRS_-_Antônio_Prado/Flores_da_Cunha_(292_m) -999.9 -999.9 988.2 985.4 985.4 10.3 9.3 0.0 Rio_Grande_do_Sul DCRS -999.9 0.0 0.0 nan nan nan 0 nan nan nan nan nan
-28.939899 -51.188499 DCRS-00087 2026-09-14_03:58 11.1 -999.9 -999.9 90.0 -999.9 -999.9 9.5 -999.9 -999.9 985.4 -999.9 -999.9 0.0 -999.9 5.0 0.0 0.0 0.0 0.0 0.0 57.4 66.8 12.4 10.7 92.6 84.0 6.3 DCRS_-_Antônio_Prado/Flores_da_Cunha_(292_m) -999.9 -999.9 988.2 985.4 985.4 10.3 9.3 0.0 Rio_Grande_do_Sul DCRS -999.9 0.0 0.0 nan nan nan 0 nan nan nan nan nan
-28.939899 -51.188499 DCRS-00087 2026-09-14_03:59 11.1 -999.9 -999.9 89.9 -999.9 -999.9 9.5 -999.9 -999.9 985.4 -999.9 -999.9 0.0 -999.9 5.0 0.0 0.0 0.0 0.0 0.0 57.4 66.8 12.4 10.7 92.6 84.0 6.3 DCRS_-_Antônio_Prado/Flores_da_Cunha_(292_m) -999.9 -999.9 988.2 985.4 985.4 10.3 9.3 0.0 Rio_Grande_do_Sul DCRS -999.9 0.0 0.0 nan nan nan 0 nan nan nan nan nan
-28.939899 -51.188499 DCRS-00087 2026-09-14_04:00 11.1 -999.9 -999.9 90.5 -999.9 -999.9 9.6 -999.9 -999.9 985.4 -999.9 -999.9 0.0 -999.9 1.9 0.0 0.0 0.0 0.0 0.0 57.4 66.8 12.4 10.7 92.6 84.0 6.3 DCRS_-_Antônio_Prado/Flores_da_Cunha_(292_m) -999.9 -999.9 988.2 985.4 985.4 10.3 9.3 0.0 Rio_Grande_do_Sul DCRS -999.9 0.0 0.0 nan nan nan 0 nan nan nan nan nan
-28.939899 -51.188499 DCRS-00087 2026-09-14_04:01 11.1 -999.9 -999.9 91.0 -999.9 -999.9 9.7 -999.9 -999.9 985.4 -999.9 -999.9 0.0 -999.9 1.9 0.0 0.0 0.0 0.0 0.0 57.4 66.8 12.4 10.7 92.6 84.0 6.3 DCRS_-_Antônio_Prado/Flores_da_Cunha_(292_m) -999.9 -999.9 988.2 985.4 985.4 10.3 9.3 0.0 Rio_Grande_do_Sul DCRS -999.9 0.0 0.0 nan nan nan 0 nan nan nan nan nan
-28.939899 -51.188499 DCRS-00087 2026-09-14_04:02 11.1 -999.9 -999.9 91.0 -999.9 -999.9 9.7 -999.9 -999.9 985.4 -999.9 -999.9 0.0 -999.9 1.9 0.0 0.0 0.0 0.0 0.0 57.4 66.8 12.4 10.7 92.6 84.0 6.3 DCRS_-_Antônio_Prado/Flores_da_Cunha_(292_m) -999.9 -999.9 988.2 985.4 985.4 10.3 9.3 0.0 Rio_Grande_do_Sul DCRS -999.9 0.0 0.0 nan nan nan 0 nan nan nan nan nan
-28.939899 -51.188499 DCRS-00087 2026-09-14_04:03 11.2 -999.9 -999.9 91.4 -999.9 -999.9 9.8 -999.9 -999.9 985.5 -999.9 -999.9 0.0 -999.9 1.9 0.0 0.0 0.0 0.0 0.0 57.4 66.8 12.4 10.7 92.6 84.0 6.3 DCRS_-_Antônio_Prado/Flores_da_Cunha_(292_m) -999.9 -999.9 988.2 985.4 985.5 10.3 9.3 0.0 Rio_Grande_do_Sul DCRS -999.9 0.0 0.0 nan nan nan 0 nan nan nan nan nan
-28.939899 -51.188499 DCRS-00087 2026-09-14_04:04 11.1 -999.9 -999.9 91.5 -999.9 -999.9 9.8 -999.9 -999.9 985.5 -999.9 -999.9 0.0 -999.9 1.9 0.0 0.0 0.0 0.0 0.0 57.4 66.8 12.4 10.7 92.6 84.0 6.3 DCRS_-_Antônio_Prado/Flores_da_Cunha_(292_m) -999.9 -999.9 988.2 985.4 985.5 10.3 9.3 0.0 Rio_Grande_do_Sul DCRS -999.9 0.0 0.0 nan nan nan 0 nan nan nan nan nan
-28.939899 -51.188499 DCRS-00087 2026-09-14_04:05 11.1 -999.9 -999.9 91.4 -999.9 -999.9 9.7 -999.9 -999.9 985.5 -999.9 -999.9 2.0 -999.9 3.5 0.0 0.0 0.0 0.0 0.0 57.4 66.8 12.4 10.7 92.6 84.0 6.3 DCRS_-_Antônio_Prado/Flores_da_Cunha_(292_m) -999.9 -999.9 988.2 985.4 985.5 10.3 9.3 0.0 Rio_Grande_do_Sul DCRS -999.9 0.0 0.0 nan nan nan 0 nan nan nan nan nan
-28.939899 -51.188499 DCRS-00087 2026-09-14_04:06 11.2 -999.9 -999.9 91.3 -999.9 -999.9 9.8 -999.9 -999.9 985.5 -999.9 -999.9 0.0 -999.9 3.5 0.0 0.0 0.0 0.0 0.0 57.4 66.8 12.4 10.7 92.6 84.0 6.3 DCRS_-_Antônio_Prado/Flores_da_Cunha_(292_m) -999.9 -999.9 988.2 985.4 985.5 10.3 9.3 0.0 Rio_Grande_do_Sul DCRS -999.9 0.0 0.0 nan nan nan 0 nan nan nan nan nan
-28.939899 -51.188499 DCRS-00087 2026-09-14_04:07 11.1 -999.9 -999.9 91.2 -999.9 -999.9 9.7 -999.9 -999.9 985.5 -999.9 -999.9 2.7 -999.9 3.5 0.0 0.0 0.0 0.0 0.0 57.4 66.8 12.4 10.7 92.6 84.0 6.3 DCRS_-_Antônio_Prado/Flores_da_Cunha_(292_m) -999.9 -999.9 988.2 985.4 985.5 10.3 9.3 0.0 Rio_Grande_do_Sul DCRS -999.9 0.0 0.0 nan nan nan 0 nan nan nan nan nan
-28.939899 -51.188499 DCRS-00087 2026-09-14_04:08 11.1 -999.9 -999.9 90.7 -999.9 -999.9 9.6 -999.9 -999.9 985.5 -999.9 -999.9 0.0 -999.9 3.5 0.0 0.0 0.0 0.0 0.0 57.4 66.8 12.4 10.7 92.6 84.0 6.3 DCRS_-_Antônio_Prado/Flores_da_Cunha_(292_m) -999.9 -999.9 988.2 985.4 985.5 10.3 9.3 0.0 Rio_Grande_do_Sul DCRS -999.9 0.0 0.0 nan nan nan 0 nan nan nan nan nan
-28.939899 -51.188499 DCRS-00087 2026-09-14_04:09 11.1 -999.9 -999.9 90.8 -999.9 -999.9 9.6 -999.9 -999.9 985.5 -999.9 -999.9 0.0 -999.9 3.5 0.0 0.0 0.0 0.0 0.0 57.4 66.8 12.4 10.7 92.6 84.0 6.3 DCRS_-_Antônio_Prado/Flores_da_Cunha_(292_m) -999.9 -999.9 988.2 985.4 985.5 10.3 9.3 0.0 Rio_Grande_do_Sul DCRS -999.9 0.0 0.0 nan nan nan 0 nan nan nan nan nan
-28.939899 -51.188499 DCRS-00087 2026-09-14_04:10 11.1 -999.9 -999.9 91.1 -999.9 -999.9 9.7 -999.9 -999.9 985.5 -999.9 -999.9 0.0 -999.9 3.2 0.0 0.0 0.0 0.0 0.0 57.4 66.8 12.4 10.7 92.6 84.0 6.3 DCRS_-_Antônio_Prado/Flores_da_Cunha_(292_m) -999.9 -999.9 988.2 985.4 985.5 10.3 9.3 0.0 Rio_Grande_do_Sul DCRS -999.9 0.0 0.0 nan nan nan 0 nan nan nan nan nan
-28.939899 -51.188499 DCRS-00087 2026-09-14_04:11 11.1 -999.9 -999.9 91.1 -999.9 -999.9 9.7 -999.9 -999.9 985.5 -999.9 -999.9 0.0 -999.9 3.2 0.0 0.0 0.0 0.0 0.0 57.4 66.8 12.4 10.7 92.6 84.0 6.3 DCRS_-_Antônio_Prado/Flores_da_Cunha_(292_m) -999.9 -999.9 988.2 985.4 985.5 10.3 9.3 0.0 Rio_Grande_do_Sul DCRS -999.9 0.0 0.0 nan nan nan 0 nan nan nan nan nan
-28.939899 -51.188499 DCRS-00087 2026-09-14_04:12 11.1 -999.9 -999.9 90.3 -999.9 -999.9 9.6 -999.9 -999.9 985.6 -999.9 -999.9 0.0 -999.9 3.2 0.0 0.0 0.0 0.0 0.0 57.4 66.8 12.4 10.7 92.6 84.0 6.3 DCRS_-_Antônio_Prado/Flores_da_Cunha_(292_m) -999.9 -999.9 988.2 985.4 985.6 10.3 9.3 0.0 Rio_Grande_do_Sul DCRS -999.9 0.0 0.0 nan nan nan 0 nan nan nan nan nan
-28.939899 -51.188499 DCRS-00087 2026-09-14_04:13 11.1 -999.9 -999.9 90.5 -999.9 -999.9 9.6 -999.9 -999.9 985.6 -999.9 -999.9 0.0 -999.9 3.2 0.0 0.0 0.0 0.0 0.0 57.4 66.8 12.4 10.7 92.6 84.0 6.3 DCRS_-_Antônio_Prado/Flores_da_Cunha_(292_m) -999.9 -999.9 988.2 985.4 985.6 10.3 9.3 0.0 Rio_Grande_do_Sul DCRS -999.9 0.0 0.0 nan nan nan 0 nan nan nan nan nan
-28.939899 -51.188499 DCRS-00087 2026-09-14_04:14 11.1 -999.9 -999.9 90.5 -999.9 -999.9 9.6 -999.9 -999.9 985.6 -999.9 -999.9 0.0 -999.9 3.2 0.0 0.0 0.0 0.0 0.0 57.4 66.8 12.4 10.7 92.6 84.0 6.3 DCRS_-_Antônio_Prado/Flores_da_Cunha_(292_m) -999.9 -999.9 988.2 985.4 985.6 10.3 9.3 0.0 Rio_Grande_do_Sul DCRS -999.9 0.0 0.0 nan nan nan 0 nan nan nan nan nan
-28.939899 -51.188499 DCRS-00087 2026-09-14_04:15 11.1 -999.9 -999.9 90.5 -999.9 -999.9 9.6 -999.9 -999.9 985.6 -999.9 -999.9 0.0 -999.9 3.0 0.0 0.0 0.0 0.0 0.0 57.4 66.8 12.4 10.7 92.6 84.0 6.3 DCRS_-_Antônio_Prado/Flores_da_Cunha_(292_m) -999.9 -999.9 988.2 985.4 985.6 10.3 9.3 0.0 Rio_Grande_do_Sul DCRS -999.9 0.0 0.0 nan nan nan 0 nan nan nan nan nan
-28.939899 -51.188499 DCRS-00087 2026-09-14_04:16 11.1 -999.9 -999.9 90.6 -999.9 -999.9 9.6 -999.9 -999.9 985.6 -999.9 -999.9 0.0 -999.9 3.0 0.0 0.0 0.0 0.0 0.0 57.4 66.8 12.4 10.7 92.6 84.0 6.3 DCRS_-_Antônio_Prado/Flores_da_Cunha_(292_m) -999.9 -999.9 988.2 985.4 985.6 10.3 9.3 0.0 Rio_Grande_do_Sul DCRS -999.9 0.0 0.0 nan nan nan 0 nan nan nan nan nan
-28.939899 -51.188499 DCRS-00087 2026-09-14_04:17 11.1 -999.9 -999.9 90.7 -999.9 -999.9 9.6 -999.9 -999.9 985.6 -999.9 -999.9 0.0 -999.9 3.0 0.0 0.0 0.0 0.0 0.0 57.4 66.8 12.4 10.7 92.6 84.0 6.3 DCRS_-_Antônio_Prado/Flores_da_Cunha_(292_m) -999.9 -999.9 988.2 985.4 985.6 10.3 9.3 0.0 Rio_Grande_do_Sul DCRS -999.9 0.0 0.0 nan nan nan 0 nan nan nan nan nan
-28.939899 -51.188499 DCRS-00087 2026-09-14_04:18 11.1 -999.9 -999.9 90.2 -999.9 -999.9 9.5 -999.9 -999.9 985.6 -999.9 -999.9 0.0 -999.9 3.0 0.0 0.0 0.0 0.0 0.0 57.4 66.8 12.4 10.7 92.6 84.0 6.3 DCRS_-_Antônio_Prado/Flores_da_Cunha_(292_m) -999.9 -999.9 988.2 985.4 985.6 10.3 9.3 0.0 Rio_Grande_do_Sul DCRS -999.9 0.0 0.0 nan nan nan 0 nan nan nan nan nan
-28.939899 -51.188499 DCRS-00087 2026-09-14_04:19 11.1 -999.9 -999.9 89.7 -999.9 -999.9 9.5 -999.9 -999.9 985.6 -999.9 -999.9 0.0 -999.9 3.0 0.0 0.0 0.0 0.0 0.0 57.4 66.8 12.4 10.7 92.6 84.0 6.3 DCRS_-_Antônio_Prado/Flores_da_Cunha_(292_m) -999.9 -999.9 988.2 985.4 985.6 10.3 9.3 0.0 Rio_Grande_do_Sul DCRS -999.9 0.0 0.0 nan nan nan 0 nan nan nan nan nan
-28.939899 -51.188499 DCRS-00087 2026-09-14_04:20 11.1 -999.9 -999.9 89.7 -999.9 -999.9 9.5 -999.9 -999.9 985.6 -999.9 -999.9 0.0 -999.9 0.0 0.0 0.0 0.0 0.0 0.0 57.4 66.8 12.4 10.7 92.6 84.0 6.3 DCRS_-_Antônio_Prado/Flores_da_Cunha_(292_m) -999.9 -999.9 988.2 985.4 985.6 10.3 9.3 0.0 Rio_Grande_do_Sul DCRS -999.9 0.0 0.0 nan nan nan 0 nan nan nan nan nan
-28.939899 -51.188499 DCRS-00087 2026-09-14_04:21 11.1 -999.9 -999.9 89.6 -999.9 -999.9 9.4 -999.9 -999.9 985.6 -999.9 -999.9 0.0 -999.9 0.0 0.0 0.0 0.0 0.0 0.0 57.4 66.8 12.4 10.7 92.6 84.0 6.3 DCRS_-_Antônio_Prado/Flores_da_Cunha_(292_m) -999.9 -999.9 988.2 985.4 985.6 10.3 9.3 0.0 Rio_Grande_do_Sul DCRS -999.9 0.0 0.0 nan nan nan 0 nan nan nan nan nan
-28.939899 -51.188499 DCRS-00087 2026-09-14_04:22 11.1 -999.9 -999.9 89.9 -999.9 -999.9 9.5 -999.9 -999.9 985.6 -999.9 -999.9 0.0 -999.9 0.0 0.0 0.0 0.0 0.0 0.0 57.4 66.8 12.4 10.7 92.6 84.0 6.3 DCRS_-_Antônio_Prado/Flores_da_Cunha_(292_m) -999.9 -999.9 988.2 985.4 985.6 10.3 9.3 0.0 Rio_Grande_do_Sul DCRS -999.9 0.0 0.0 nan nan nan 0 nan nan nan nan nan
-28.939899 -51.188499 DCRS-00087 2026-09-14_04:23 11.1 -999.9 -999.9 90.2 -999.9 -999.9 9.5 -999.9 -999.9 985.6 -999.9 -999.9 0.0 -999.9 0.0 0.0 0.0 0.0 0.0 0.0 57.4 66.8 12.4 10.7 92.6 84.0 6.3 DCRS_-_Antônio_Prado/Flores_da_Cunha_(292_m) -999.9 -999.9 988.2 985.4 985.6 10.3 9.3 0.0 Rio_Grande_do_Sul DCRS -999.9 0.0 0.0 nan nan nan 0 nan nan nan nan nan
-28.939899 -51.188499 DCRS-00087 2026-09-14_04:24 11.0 -999.9 -999.9 90.2 -999.9 -999.9 9.4 -999.9 -999.9 985.6 -999.9 -999.9 0.0 -999.9 0.0 0.0 0.0 0.0 0.0 0.0 57.4 66.8 12.4 10.7 92.6 84.0 6.3 DCRS_-_Antônio_Prado/Flores_da_Cunha_(292_m) -999.9 -999.9 988.2 985.4 985.6 10.3 9.3 0.0 Rio_Grande_do_Sul DCRS -999.9 0.0 0.0 nan nan nan 0 nan nan nan nan nan
-28.939899 -51.188499 DCRS-00087 2026-09-14_04:25 11.1 -999.9 -999.9 90.5 -999.9 -999.9 9.6 -999.9 -999.9 985.6 -999.9 -999.9 0.0 -999.9 0.0 0.0 0.0 0.0 0.0 0.0 57.4 66.8 12.4 10.7 92.6 84.0 6.3 DCRS_-_Antônio_Prado/Flores_da_Cunha_(292_m) -999.9 -999.9 988.2 985.4 985.6 10.3 9.3 0.0 Rio_Grande_do_Sul DCRS -999.9 0.0 0.0 nan nan nan 0 nan nan nan nan nan
-28.939899 -51.188499 DCRS-00087 2026-09-14_04:26 11.0 -999.9 -999.9 90.3 -999.9 -999.9 9.5 -999.9 -999.9 985.6 -999.9 -999.9 0.0 -999.9 0.0 0.0 0.0 0.0 0.0 0.0 57.4 66.8 12.4 10.7 92.6 84.0 6.3 DCRS_-_Antônio_Prado/Flores_da_Cunha_(292_m) -999.9 -999.9 988.2 985.4 985.6 10.3 9.3 0.0 Rio_Grande_do_Sul DCRS -999.9 0.0 0.0 nan nan nan 0 nan nan nan nan nan
-28.939899 -51.188499 DCRS-00087 2026-09-14_04:27 11.0 -999.9 -999.9 90.3 -999.9 -999.9 9.5 -999.9 -999.9 985.6 -999.9 -999.9 0.0 -999.9 0.0 0.0 0.0 0.0 0.0 0.0 57.4 66.8 12.4 10.7 92.6 84.0 6.3 DCRS_-_Antônio_Prado/Flores_da_Cunha_(292_m) -999.9 -999.9 988.2 985.4 985.6 10.3 9.3 0.0 Rio_Grande_do_Sul DCRS -999.9 0.0 0.0 nan nan nan 0 nan nan nan nan nan
-28.939899 -51.188499 DCRS-00087 2026-09-14_04:28 11.1 -999.9 -999.9 90.7 -999.9 -999.9 9.6 -999.9 -999.9 985.6 -999.9 -999.9 0.0 -999.9 0.0 0.0 0.0 0.0 0.0 0.0 57.4 66.8 12.4 10.7 92.6 84.0 6.3 DCRS_-_Antônio_Prado/Flores_da_Cunha_(292_m) -999.9 -999.9 988.2 985.4 985.6 10.3 9.3 0.0 Rio_Grande_do_Sul DCRS -999.9 0.0 0.0 nan nan nan 0 nan nan nan nan nan
-28.939899 -51.188499 DCRS-00087 2026-09-14_04:29 11.1 -999.9 -999.9 90.8 -999.9 -999.9 9.6 -999.9 -999.9 985.6 -999.9 -999.9 0.0 -999.9 0.0 0.0 0.0 0.0 0.0 0.0 57.4 66.8 12.4 10.7 92.6 84.0 6.3 DCRS_-_Antônio_Prado/Flores_da_Cunha_(292_m) -999.9 -999.9 988.2 985.4 985.6 10.3 9.3 0.0 Rio_Grande_do_Sul DCRS -999.9 0.0 0.0 nan nan nan 0 nan nan nan nan nan
-28.939899 -51.188499 DCRS-00087 2026-09-14_04:30 11.0 -999.9 -999.9 90.9 -999.9 -999.9 9.6 -999.9 -999.9 985.6 -999.9 -999.9 0.0 -999.9 0.0 0.0 0.0 0.0 0.0 0.0 57.4 66.8 12.4 10.7 92.6 84.0 6.3 DCRS_-_Antônio_Prado/Flores_da_Cunha_(292_m) -999.9 -999.9 988.2 985.4 985.6 10.3 9.3 0.0 Rio_Grande_do_Sul DCRS -999.9 0.0 0.0 nan nan nan 0 nan nan nan nan nan
-28.939899 -51.188499 DCRS-00087 2026-09-14_04:31 11.1 -999.9 -999.9 90.7 -999.9 -999.9 9.6 -999.9 -999.9 985.6 -999.9 -999.9 0.0 -999.9 0.0 0.0 0.0 0.0 0.0 0.0 57.4 66.8 12.4 10.7 92.6 84.0 6.3 DCRS_-_Antônio_Prado/Flores_da_Cunha_(292_m) -999.9 -999.9 988.2 985.4 985.6 10.3 9.3 0.0 Rio_Grande_do_Sul DCRS -999.9 0.0 0.0 nan nan nan 0 nan nan nan nan nan
-28.939899 -51.188499 DCRS-00087 2026-09-14_04:32 11.0 -999.9 -999.9 90.5 -999.9 -999.9 9.5 -999.9 -999.9 985.6 -999.9 -999.9 -999.9 -999.9 0.0 0.0 0.0 0.0 0.0 0.0 57.4 66.8 12.4 10.7 92.6 84.0 6.3 DCRS_-_Antônio_Prado/Flores_da_Cunha_(292_m) -999.9 -999.9 988.2 985.4 985.6 10.3 9.3 0.0 Rio_Grande_do_Sul DCRS -999.9 0.0 0.0 nan nan nan 0 nan nan nan nan nan
-28.939899 -51.188499 DCRS-00087 2026-09-14_04:33 11.1 -999.9 -999.9 90.2 -999.9 -999.9 9.5 -999.9 -999.9 985.6 -999.9 -999.9 -999.9 -999.9 0.0 0.0 0.0 0.0 0.0 0.0 57.4 66.8 12.4 10.7 92.6 84.0 6.3 DCRS_-_Antônio_Prado/Flores_da_Cunha_(292_m) -999.9 -999.9 988.2 985.4 985.6 10.3 9.3 0.0 Rio_Grande_do_Sul DCRS -999.9 0.0 0.0 nan nan nan 0 nan nan nan nan nan
-28.939899 -51.188499 DCRS-00087 2026-09-14_04:34 11.1 -999.9 -999.9 90.7 -999.9 -999.9 9.6 -999.9 -999.9 985.6 -999.9 -999.9 -999.9 -999.9 0.0 0.0 0.0 0.0 0.0 0.0 57.4 66.8 12.4 10.7 92.6 84.0 6.3 DCRS_-_Antônio_Prado/Flores_da_Cunha_(292_m) -999.9 -999.9 988.2 985.4 985.6 10.3 9.3 0.0 Rio_Grande_do_Sul DCRS -999.9 0.0 0.0 nan nan nan 0 nan nan nan nan nan
-28.939899 -51.188499 DCRS-00087 2026-09-14_04:35 11.1 -999.9 -999.9 91.0 -999.9 -999.9 9.7 -999.9 -999.9 985.6 -999.9 -999.9 0.0 -999.9 4.4 0.0 0.0 0.0 0.0 0.0 57.4 66.8 12.4 10.7 92.6 84.0 6.3 DCRS_-_Antônio_Prado/Flores_da_Cunha_(292_m) -999.9 -999.9 988.2 985.4 985.6 10.3 9.3 0.0 Rio_Grande_do_Sul DCRS -999.9 0.0 0.0 nan nan nan 0 nan nan nan nan nan
-28.939899 -51.188499 DCRS-00087 2026-09-14_04:36 11.1 -999.9 -999.9 91.0 -999.9 -999.9 9.7 -999.9 -999.9 985.6 -999.9 -999.9 0.0 -999.9 4.4 0.0 0.0 0.0 0.0 0.0 57.4 66.8 12.4 10.7 92.6 84.0 6.3 DCRS_-_Antônio_Prado/Flores_da_Cunha_(292_m) -999.9 -999.9 988.2 985.4 985.6 10.3 9.3 0.0 Rio_Grande_do_Sul DCRS -999.9 0.0 0.0 nan nan nan 0 nan nan nan nan nan
-28.939899 -51.188499 DCRS-00087 2026-09-14_04:37 11.1 -999.9 -999.9 90.9 -999.9 -999.9 9.7 -999.9 -999.9 985.6 -999.9 -999.9 0.0 -999.9 4.4 0.0 0.0 0.0 0.0 0.0 57.4 66.8 12.4 10.7 92.6 84.0 6.3 DCRS_-_Antônio_Prado/Flores_da_Cunha_(292_m) -999.9 -999.9 988.2 985.4 985.6 10.3 9.3 0.0 Rio_Grande_do_Sul DCRS -999.9 0.0 0.0 nan nan nan 0 nan nan nan nan nan
-28.939899 -51.188499 DCRS-00087 2026-09-14_04:38 11.1 -999.9 -999.9 91.0 -999.9 -999.9 9.7 -999.9 -999.9 985.6 -999.9 -999.9 0.0 -999.9 4.4 0.0 0.0 0.0 0.0 0.0 57.4 66.8 12.4 10.7 92.6 84.0 6.3 DCRS_-_Antônio_Prado/Flores_da_Cunha_(292_m) -999.9 -999.9 988.2 985.4 985.6 10.3 9.3 0.0 Rio_Grande_do_Sul DCRS -999.9 0.0 0.0 nan nan nan 0 nan nan nan nan nan
-28.939899 -51.188499 DCRS-00087 2026-09-14_04:39 11.1 -999.9 -999.9 90.8 -999.9 -999.9 9.6 -999.9 -999.9 985.6 -999.9 -999.9 0.0 -999.9 4.4 0.0 0.0 0.0 0.0 0.0 57.4 66.8 12.4 10.7 92.6 84.0 6.3 DCRS_-_Antônio_Prado/Flores_da_Cunha_(292_m) -999.9 -999.9 988.2 985.4 985.6 10.3 9.3 0.0 Rio_Grande_do_Sul DCRS -999.9 0.0 0.0 nan nan nan 0 nan nan nan nan nan
-28.939899 -51.188499 DCRS-00087 2026-09-14_04:40 11.1 -999.9 -999.9 90.3 -999.9 -999.9 9.6 -999.9 -999.9 985.6 -999.9 -999.9 0.0 -999.9 2.2 0.0 0.0 0.0 0.0 0.0 57.4 66.8 12.4 10.7 92.6 84.0 6.3 DCRS_-_Antônio_Prado/Flores_da_Cunha_(292_m) -999.9 -999.9 988.2 985.4 985.6 10.3 9.3 0.0 Rio_Grande_do_Sul DCRS -999.9 0.0 0.0 nan nan nan 0 nan nan nan nan nan
-28.939899 -51.188499 DCRS-00087 2026-09-14_04:41 11.1 -999.9 -999.9 90.4 -999.9 -999.9 9.6 -999.9 -999.9 985.6 -999.9 -999.9 0.0 -999.9 2.2 0.0 0.0 0.0 0.0 0.0 57.4 66.8 12.4 10.7 92.6 84.0 6.3 DCRS_-_Antônio_Prado/Flores_da_Cunha_(292_m) -999.9 -999.9 988.2 985.4 985.6 10.3 9.3 0.0 Rio_Grande_do_Sul DCRS -999.9 0.0 0.0 nan nan nan 0 nan nan nan nan nan
-28.939899 -51.188499 DCRS-00087 2026-09-14_04:42 11.2 -999.9 -999.9 90.8 -999.9 -999.9 9.7 -999.9 -999.9 985.6 -999.9 -999.9 0.0 -999.9 2.2 0.0 0.0 0.0 0.0 0.0 57.4 66.8 12.4 10.7 92.6 84.0 6.3 DCRS_-_Antônio_Prado/Flores_da_Cunha_(292_m) -999.9 -999.9 988.2 985.4 985.6 10.3 9.3 0.0 Rio_Grande_do_Sul DCRS -999.9 0.0 0.0 nan nan nan 0 nan nan nan nan nan
-28.939899 -51.188499 DCRS-00087 2026-09-14_04:43 11.1 -999.9 -999.9 91.3 -999.9 -999.9 9.7 -999.9 -999.9 985.6 -999.9 -999.9 0.0 -999.9 2.2 0.0 0.0 0.0 0.0 0.0 57.4 66.8 12.4 10.7 92.6 84.0 6.3 DCRS_-_Antônio_Prado/Flores_da_Cunha_(292_m) -999.9 -999.9 988.2 985.4 985.6 10.3 9.3 0.0 Rio_Grande_do_Sul DCRS -999.9 0.0 0.0 nan nan nan 0 nan nan nan nan nan
-28.939899 -51.188499 DCRS-00087 2026-09-14_04:44 11.2 -999.9 -999.9 91.5 -999.9 -999.9 9.9 -999.9 -999.9 985.6 -999.9 -999.9 0.0 -999.9 2.2 0.0 0.0 0.0 0.0 0.0 57.4 66.8 12.4 10.7 92.6 84.0 6.3 DCRS_-_Antônio_Prado/Flores_da_Cunha_(292_m) -999.9 -999.9 988.2 985.4 985.6 10.3 9.3 0.0 Rio_Grande_do_Sul DCRS -999.9 0.0 0.0 nan nan nan 0 nan nan nan nan nan
-28.939899 -51.188499 DCRS-00087 2026-09-14_04:45 11.2 -999.9 -999.9 91.7 -999.9 -999.9 9.9 -999.9 -999.9 985.6 -999.9 -999.9 0.0 -999.9 0.0 0.0 0.0 0.0 0.0 0.0 57.4 66.8 12.4 10.7 92.6 84.0 6.3 DCRS_-_Antônio_Prado/Flores_da_Cunha_(292_m) -999.9 -999.9 988.2 985.4 985.6 10.3 9.3 0.0 Rio_Grande_do_Sul DCRS -999.9 0.0 0.0 nan nan nan 0 nan nan nan nan nan
-28.939899 -51.188499 DCRS-00087 2026-09-14_04:46 11.2 -999.9 -999.9 91.9 -999.9 -999.9 9.9 -999.9 -999.9 985.6 -999.9 -999.9 0.0 -999.9 0.0 0.0 0.0 0.0 0.0 0.0 57.4 66.8 12.4 10.7 92.6 84.0 6.3 DCRS_-_Antônio_Prado/Flores_da_Cunha_(292_m) -999.9 -999.9 988.2 985.4 985.6 10.3 9.3 0.0 Rio_Grande_do_Sul DCRS -999.9 0.0 0.0 nan nan nan 0 nan nan nan nan nan
-28.939899 -51.188499 DCRS-00087 2026-09-14_04:47 11.2 -999.9 -999.9 91.8 -999.9 -999.9 9.9 -999.9 -999.9 985.6 -999.9 -999.9 0.0 -999.9 0.0 0.0 0.0 0.0 0.0 0.0 57.4 66.8 12.4 10.7 92.6 84.0 6.3 DCRS_-_Antônio_Prado/Flores_da_Cunha_(292_m) -999.9 -999.9 988.2 985.4 985.6 10.3 9.3 0.0 Rio_Grande_do_Sul DCRS -999.9 0.0 0.0 nan nan nan 0 nan nan nan nan nan
-28.939899 -51.188499 DCRS-00087 2026-09-14_04:48 11.2 -999.9 -999.9 91.7 -999.9 -999.9 9.9 -999.9 -999.9 985.5 -999.9 -999.9 0.0 -999.9 0.0 0.0 0.0 0.0 0.0 0.0 57.4 66.8 12.4 10.7 92.6 84.0 6.3 DCRS_-_Antônio_Prado/Flores_da_Cunha_(292_m) -999.9 -999.9 988.2 985.4 985.5 10.3 9.3 0.0 Rio_Grande_do_Sul DCRS -999.9 0.0 0.0 nan nan nan 0 nan nan nan nan nan
-28.939899 -51.188499 DCRS-00087 2026-09-14_04:49 11.2 -999.9 -999.9 91.6 -999.9 -999.9 9.9 -999.9 -999.9 985.5 -999.9 -999.9 0.0 -999.9 0.0 0.0 0.0 0.0 0.0 0.0 57.4 66.8 12.4 10.7 92.6 84.0 6.3 DCRS_-_Antônio_Prado/Flores_da_Cunha_(292_m) -999.9 -999.9 988.2 985.4 985.5 10.3 9.3 0.0 Rio_Grande_do_Sul DCRS -999.9 0.0 0.0 nan nan nan 0 nan nan nan nan nan
-28.939899 -51.188499 DCRS-00087 2026-09-14_04:50 11.2 -999.9 -999.9 91.3 -999.9 -999.9 9.8 -999.9 -999.9 985.5 -999.9 -999.9 0.0 -999.9 1.8 0.0 0.0 0.0 0.0 0.0 57.4 66.8 12.4 10.7 92.6 84.0 6.3 DCRS_-_Antônio_Prado/Flores_da_Cunha_(292_m) -999.9 -999.9 988.2 985.4 985.5 10.3 9.3 0.0 Rio_Grande_do_Sul DCRS -999.9 0.0 0.0 nan nan nan 0 nan nan nan nan nan
-28.939899 -51.188499 DCRS-00087 2026-09-14_04:51 11.1 -999.9 -999.9 91.0 -999.9 -999.9 9.7 -999.9 -999.9 985.5 -999.9 -999.9 0.0 -999.9 1.8 0.0 0.0 0.0 0.0 0.0 57.4 66.8 12.4 10.7 92.6 84.0 6.3 DCRS_-_Antônio_Prado/Flores_da_Cunha_(292_m) -999.9 -999.9 988.2 985.4 985.5 10.3 9.3 0.0 Rio_Grande_do_Sul DCRS -999.9 0.0 0.0 nan nan nan 0 nan nan nan nan nan
-28.939899 -51.188499 DCRS-00087 2026-09-14_04:52 11.2 -999.9 -999.9 90.9 -999.9 -999.9 9.8 -999.9 -999.9 985.5 -999.9 -999.9 0.0 -999.9 1.8 0.0 0.0 0.0 0.0 0.0 57.4 66.8 12.4 10.7 92.6 84.0 6.3 DCRS_-_Antônio_Prado/Flores_da_Cunha_(292_m) -999.9 -999.9 988.2 985.4 985.5 10.3 9.3 0.0 Rio_Grande_do_Sul DCRS -999.9 0.0 0.0 nan nan nan 0 nan nan nan nan nan
-28.939899 -51.188499 DCRS-00087 2026-09-14_04:53 11.2 -999.9 -999.9 91.1 -999.9 -999.9 9.8 -999.9 -999.9 985.5 -999.9 -999.9 -999.9 -999.9 1.8 0.0 0.0 0.0 0.0 0.0 57.4 66.8 12.4 10.7 92.6 84.0 6.3 DCRS_-_Antônio_Prado/Flores_da_Cunha_(292_m) -999.9 -999.9 988.2 985.4 985.5 10.3 9.3 0.0 Rio_Grande_do_Sul DCRS -999.9 0.0 0.0 nan nan nan 0 nan nan nan nan nan
-28.939899 -51.188499 DCRS-00087 2026-09-14_04:54 11.2 -999.9 -999.9 91.2 -999.9 -999.9 9.8 -999.9 -999.9 985.5 -999.9 -999.9 0.0 -999.9 1.8 0.0 0.0 0.0 0.0 0.0 57.4 66.8 12.4 10.7 92.6 84.0 6.3 DCRS_-_Antônio_Prado/Flores_da_Cunha_(292_m) -999.9 -999.9 988.2 985.4 985.5 10.3 9.3 0.0 Rio_Grande_do_Sul DCRS -999.9 0.0 0.0 nan nan nan 0 nan nan nan nan nan
-28.939899 -51.188499 DCRS-00087 2026-09-14_04:55 11.2 -999.9 -999.9 91.3 -999.9 -999.9 9.8 -999.9 -999.9 985.5 -999.9 -999.9 0.0 -999.9 2.4 0.0 0.0 0.0 0.0 0.0 57.4 66.8 12.4 10.7 92.6 84.0 6.3 DCRS_-_Antônio_Prado/Flores_da_Cunha_(292_m) -999.9 -999.9 988.2 985.4 985.5 10.3 9.3 0.0 Rio_Grande_do_Sul DCRS -999.9 0.0 0.0 nan nan nan 0 nan nan nan nan nan
-28.939899 -51.188499 DCRS-00087 2026-09-14_04:56 11.2 -999.9 -999.9 91.3 -999.9 -999.9 9.8 -999.9 -999.9 985.5 -999.9 -999.9 0.0 -999.9 2.4 0.0 0.0 0.0 0.0 0.0 57.4 66.8 12.4 10.7 92.6 84.0 6.3 DCRS_-_Antônio_Prado/Flores_da_Cunha_(292_m) -999.9 -999.9 988.2 985.4 985.5 10.3 9.3 0.0 Rio_Grande_do_Sul DCRS -999.9 0.0 0.0 nan nan nan 0 nan nan nan nan nan
-28.939899 -51.188499 DCRS-00087 2026-09-14_04:57 11.3 -999.9 -999.9 91.4 -999.9 -999.9 9.9 -999.9 -999.9 985.5 -999.9 -999.9 0.0 -999.9 2.4 0.0 0.0 0.0 0.0 0.0 57.4 66.8 12.4 10.7 92.6 84.0 6.3 DCRS_-_Antônio_Prado/Flores_da_Cunha_(292_m) -999.9 -999.9 988.2 985.4 985.5 10.3 9.3 0.0 Rio_Grande_do_Sul DCRS -999.9 0.0 0.0 nan nan nan 0 nan nan nan nan nan
-28.939899 -51.188499 DCRS-00087 2026-09-14_04:58 11.3 -999.9 -999.9 91.5 -999.9 -999.9 10.0 -999.9 -999.9 985.5 -999.9 -999.9 0.0 -999.9 2.4 0.0 0.0 0.0 0.0 0.0 57.4 66.8 12.4 10.7 92.6 84.0 6.3 DCRS_-_Antônio_Prado/Flores_da_Cunha_(292_m) -999.9 -999.9 988.2 985.4 985.5 10.3 9.3 0.0 Rio_Grande_do_Sul DCRS -999.9 0.0 0.0 nan nan nan 0 nan nan nan nan nan
-28.939899 -51.188499 DCRS-00087 2026-09-14_04:59 11.3 -999.9 -999.9 91.5 -999.9 -999.9 10.0 -999.9 -999.9 985.5 -999.9 -999.9 0.0 -999.9 2.4 0.0 0.0 0.0 0.0 0.0 57.4 66.8 12.4 10.7 92.6 84.0 6.3 DCRS_-_Antônio_Prado/Flores_da_Cunha_(292_m) -999.9 -999.9 988.2 985.4 985.5 10.3 9.3 0.0 Rio_Grande_do_Sul DCRS -999.9 0.0 0.0 nan nan nan 0 nan nan nan nan nan
-28.939899 -51.188499 DCRS-00087 2026-09-14_05:00 11.3 -999.9 -999.9 91.6 -999.9 -999.9 10.0 -999.9 -999.9 985.5 -999.9 -999.9 0.0 -999.9 2.4 0.0 0.0 0.0 0.0 0.0 57.4 66.8 12.4 10.7 92.6 84.0 6.3 DCRS_-_Antônio_Prado/Flores_da_Cunha_(292_m) -999.9 -999.9 988.2 985.4 985.5 10.3 9.3 0.0 Rio_Grande_do_Sul DCRS -999.9 0.0 0.0 nan nan nan 0 nan nan nan nan nan
-28.939899 -51.188499 DCRS-00087 2026-09-14_05:01 11.3 -999.9 -999.9 91.7 -999.9 -999.9 10.0 -999.9 -999.9 985.5 -999.9 -999.9 0.0 -999.9 2.4 0.0 0.0 0.0 0.0 0.0 57.4 66.8 12.4 10.7 92.6 84.0 6.3 DCRS_-_Antônio_Prado/Flores_da_Cunha_(292_m) -999.9 -999.9 988.2 985.4 985.5 10.3 9.3 0.0 Rio_Grande_do_Sul DCRS -999.9 0.0 0.0 nan nan nan 0 nan nan nan nan nan
-28.939899 -51.188499 DCRS-00087 2026-09-14_05:02 11.2 -999.9 -999.9 91.7 -999.9 -999.9 9.9 -999.9 -999.9 985.5 -999.9 -999.9 0.0 -999.9 2.4 0.0 0.0 0.0 0.0 0.0 57.4 66.8 12.4 10.7 92.6 84.0 6.3 DCRS_-_Antônio_Prado/Flores_da_Cunha_(292_m) -999.9 -999.9 988.2 985.4 985.5 10.3 9.3 0.0 Rio_Grande_do_Sul DCRS -999.9 0.0 0.0 nan nan nan 0 nan nan nan nan nan
-28.939899 -51.188499 DCRS-00087 2026-09-14_05:03 11.3 -999.9 -999.9 91.8 -999.9 -999.9 10.0 -999.9 -999.9 985.5 -999.9 -999.9 0.0 -999.9 2.4 0.0 0.0 0.0 0.0 0.0 57.4 66.8 12.4 10.7 92.6 84.0 6.3 DCRS_-_Antônio_Prado/Flores_da_Cunha_(292_m) -999.9 -999.9 988.2 985.4 985.5 10.3 9.3 0.0 Rio_Grande_do_Sul DCRS -999.9 0.0 0.0 nan nan nan 0 nan nan nan nan nan
-28.939899 -51.188499 DCRS-00087 2026-09-14_05:04 11.3 -999.9 -999.9 91.8 -999.9 -999.9 10.0 -999.9 -999.9 985.5 -999.9 -999.9 0.0 -999.9 2.4 0.0 0.0 0.0 0.0 0.0 57.4 66.8 12.4 10.7 92.6 84.0 6.3 DCRS_-_Antônio_Prado/Flores_da_Cunha_(292_m) -999.9 -999.9 988.2 985.4 985.5 10.3 9.3 0.0 Rio_Grande_do_Sul DCRS -999.9 0.0 0.0 nan nan nan 0 nan nan nan nan nan
-28.939899 -51.188499 DCRS-00087 2026-09-14_05:05 11.3 -999.9 -999.9 91.8 -999.9 -999.9 10.0 -999.9 -999.9 985.5 -999.9 -999.9 0.0 -999.9 0.0 0.0 0.0 0.0 0.0 0.0 57.4 66.8 12.4 10.7 92.6 84.0 6.3 DCRS_-_Antônio_Prado/Flores_da_Cunha_(292_m) -999.9 -999.9 988.2 985.4 985.5 10.3 9.3 0.0 Rio_Grande_do_Sul DCRS -999.9 0.0 0.0 nan nan nan 0 nan nan nan nan nan
-28.939899 -51.188499 DCRS-00087 2026-09-14_05:06 11.2 -999.9 -999.9 91.7 -999.9 -999.9 9.9 -999.9 -999.9 985.5 -999.9 -999.9 0.0 -999.9 0.0 0.0 0.0 0.0 0.0 0.0 57.4 66.8 12.4 10.7 92.6 84.0 6.3 DCRS_-_Antônio_Prado/Flores_da_Cunha_(292_m) -999.9 -999.9 988.2 985.4 985.5 10.3 9.3 0.0 Rio_Grande_do_Sul DCRS -999.9 0.0 0.0 nan nan nan 0 nan nan nan nan nan
-28.939899 -51.188499 DCRS-00087 2026-09-14_05:07 11.3 -999.9 -999.9 91.8 -999.9 -999.9 10.0 -999.9 -999.9 985.5 -999.9 -999.9 0.0 -999.9 0.0 0.0 0.0 0.0 0.0 0.0 57.4 66.8 12.4 10.7 92.6 84.0 6.3 DCRS_-_Antônio_Prado/Flores_da_Cunha_(292_m) -999.9 -999.9 988.2 985.4 985.5 10.3 9.3 0.0 Rio_Grande_do_Sul DCRS -999.9 0.0 0.0 nan nan nan 0 nan nan nan nan nan
-28.939899 -51.188499 DCRS-00087 2026-09-14_05:08 11.2 -999.9 -999.9 91.7 -999.9 -999.9 9.9 -999.9 -999.9 985.5 -999.9 -999.9 0.0 -999.9 0.0 0.0 0.0 0.0 0.0 0.0 57.4 66.8 12.4 10.7 92.6 84.0 6.3 DCRS_-_Antônio_Prado/Flores_da_Cunha_(292_m) -999.9 -999.9 988.2 985.4 985.5 10.3 9.3 0.0 Rio_Grande_do_Sul DCRS -999.9 0.0 0.0 nan nan nan 0 nan nan nan nan nan
-28.939899 -51.188499 DCRS-00087 2026-09-14_05:09 11.2 -999.9 -999.9 92.0 -999.9 -999.9 9.9 -999.9 -999.9 985.5 -999.9 -999.9 0.0 -999.9 0.0 0.0 0.0 0.0 0.0 0.0 57.4 66.8 12.4 10.7 92.6 84.0 6.3 DCRS_-_Antônio_Prado/Flores_da_Cunha_(292_m) -999.9 -999.9 988.2 985.4 985.5 10.3 9.3 0.0 Rio_Grande_do_Sul DCRS -999.9 0.0 0.0 nan nan nan 0 nan nan nan nan nan
-28.939899 -51.188499 DCRS-00087 2026-09-14_05:10 11.2 -999.9 -999.9 92.2 -999.9 -999.9 10.0 -999.9 -999.9 985.4 -999.9 -999.9 0.0 -999.9 0.0 0.0 0.0 0.0 0.0 0.0 57.4 66.8 12.4 10.7 92.6 84.0 6.3 DCRS_-_Antônio_Prado/Flores_da_Cunha_(292_m) -999.9 -999.9 988.2 985.4 985.4 10.3 9.3 0.0 Rio_Grande_do_Sul DCRS -999.9 0.0 0.0 nan nan nan 0 nan nan nan nan nan
-28.939899 -51.188499 DCRS-00087 2026-09-14_05:11 11.2 -999.9 -999.9 92.3 -999.9 -999.9 10.0 -999.9 -999.9 985.4 -999.9 -999.9 0.0 -999.9 0.0 0.0 0.0 0.0 0.0 0.0 57.4 66.8 12.4 10.7 92.6 84.0 6.3 DCRS_-_Antônio_Prado/Flores_da_Cunha_(292_m) -999.9 -999.9 988.2 985.4 985.4 10.3 9.3 0.0 Rio_Grande_do_Sul DCRS -999.9 0.0 0.0 nan nan nan 0 nan nan nan nan nan
-28.939899 -51.188499 DCRS-00087 2026-09-14_05:12 11.2 -999.9 -999.9 92.2 -999.9 -999.9 10.0 -999.9 -999.9 985.4 -999.9 -999.9 0.0 -999.9 0.0 0.0 0.0 0.0 0.0 0.0 57.4 66.8 12.4 10.7 92.6 84.0 6.3 DCRS_-_Antônio_Prado/Flores_da_Cunha_(292_m) -999.9 -999.9 988.2 985.4 985.4 10.3 9.3 0.0 Rio_Grande_do_Sul DCRS -999.9 0.0 0.0 nan nan nan 0 nan nan nan nan nan
-28.939899 -51.188499 DCRS-00087 2026-09-14_05:13 11.1 -999.9 -999.9 92.1 -999.9 -999.9 9.9 -999.9 -999.9 985.4 -999.9 -999.9 0.0 -999.9 0.0 0.0 0.0 0.0 0.0 0.0 57.4 66.8 12.4 10.7 92.6 84.0 6.3 DCRS_-_Antônio_Prado/Flores_da_Cunha_(292_m) -999.9 -999.9 988.2 985.4 985.4 10.3 9.3 0.0 Rio_Grande_do_Sul DCRS -999.9 0.0 0.0 nan nan nan 0 nan nan nan nan nan
-28.939899 -51.188499 DCRS-00087 2026-09-14_05:14 11.2 -999.9 -999.9 92.0 -999.9 -999.9 9.9 -999.9 -999.9 985.5 -999.9 -999.9 0.0 -999.9 0.0 0.0 0.0 0.0 0.0 0.0 57.4 66.8 12.4 10.7 92.6 84.0 6.3 DCRS_-_Antônio_Prado/Flores_da_Cunha_(292_m) -999.9 -999.9 988.2 985.4 985.5 10.3 9.3 0.0 Rio_Grande_do_Sul DCRS -999.9 0.0 0.0 nan nan nan 0 nan nan nan nan nan
-28.939899 -51.188499 DCRS-00087 2026-09-14_05:15 11.2 -999.9 -999.9 92.0 -999.9 -999.9 9.9 -999.9 -999.9 985.5 -999.9 -999.9 0.0 -999.9 0.0 0.0 0.0 0.0 0.0 0.0 57.4 66.8 12.4 10.7 92.6 84.0 6.3 DCRS_-_Antônio_Prado/Flores_da_Cunha_(292_m) -999.9 -999.9 988.2 985.4 985.5 10.3 9.3 0.0 Rio_Grande_do_Sul DCRS -999.9 0.0 0.0 nan nan nan 0 nan nan nan nan nan
-28.939899 -51.188499 DCRS-00087 2026-09-14_05:16 11.2 -999.9 -999.9 92.2 -999.9 -999.9 10.0 -999.9 -999.9 985.5 -999.9 -999.9 0.0 -999.9 0.0 0.0 0.0 0.0 0.0 0.0 57.4 66.8 12.4 10.7 92.6 84.0 6.3 DCRS_-_Antônio_Prado/Flores_da_Cunha_(292_m) -999.9 -999.9 988.2 985.4 985.5 10.3 9.3 0.0 Rio_Grande_do_Sul DCRS -999.9 0.0 0.0 nan nan nan 0 nan nan nan nan nan
-28.939899 -51.188499 DCRS-00087 2026-09-14_05:17 11.2 -999.9 -999.9 92.2 -999.9 -999.9 10.0 -999.9 -999.9 985.5 -999.9 -999.9 0.0 -999.9 0.0 0.0 0.0 0.0 0.0 0.0 57.4 66.8 12.4 10.7 92.6 84.0 6.3 DCRS_-_Antônio_Prado/Flores_da_Cunha_(292_m) -999.9 -999.9 988.2 985.4 985.5 10.3 9.3 0.0 Rio_Grande_do_Sul DCRS -999.9 0.0 0.0 nan nan nan 0 nan nan nan nan nan
-28.939899 -51.188499 DCRS-00087 2026-09-14_05:18 11.1 -999.9 -999.9 92.3 -999.9 -999.9 9.9 -999.9 -999.9 985.5 -999.9 -999.9 0.0 -999.9 0.0 0.0 0.0 0.0 0.0 0.0 57.4 66.8 12.4 10.7 92.6 84.0 6.3 DCRS_-_Antônio_Prado/Flores_da_Cunha_(292_m) -999.9 -999.9 988.2 985.4 985.5 10.3 9.3 0.0 Rio_Grande_do_Sul DCRS -999.9 0.0 0.0 nan nan nan 0 nan nan nan nan nan
-28.939899 -51.188499 DCRS-00087 2026-09-14_05:19 11.2 -999.9 -999.9 92.3 -999.9 -999.9 10.0 -999.9 -999.9 985.5 -999.9 -999.9 0.0 -999.9 0.0 0.0 0.0 0.0 0.0 0.0 57.4 66.8 12.4 10.7 92.6 84.0 6.3 DCRS_-_Antônio_Prado/Flores_da_Cunha_(292_m) -999.9 -999.9 988.2 985.4 985.5 10.3 9.3 0.0 Rio_Grande_do_Sul DCRS -999.9 0.0 0.0 nan nan nan 0 nan nan nan nan nan
-28.939899 -51.188499 DCRS-00087 2026-09-14_05:20 11.1 -999.9 -999.9 92.2 -999.9 -999.9 9.9 -999.9 -999.9 985.5 -999.9 -999.9 0.0 -999.9 0.0 0.0 0.0 0.0 0.0 0.0 57.4 66.8 12.4 10.7 92.6 84.0 6.3 DCRS_-_Antônio_Prado/Flores_da_Cunha_(292_m) -999.9 -999.9 988.2 985.4 985.5 10.3 9.3 0.0 Rio_Grande_do_Sul DCRS -999.9 0.0 0.0 nan nan nan 0 nan nan nan nan nan
-28.939899 -51.188499 DCRS-00087 2026-09-14_05:21 11.1 -999.9 -999.9 92.2 -999.9 -999.9 9.9 -999.9 -999.9 985.5 -999.9 -999.9 0.0 -999.9 0.0 0.0 0.0 0.0 0.0 0.0 57.4 66.8 12.4 10.7 92.6 84.0 6.3 DCRS_-_Antônio_Prado/Flores_da_Cunha_(292_m) -999.9 -999.9 988.2 985.4 985.5 10.3 9.3 0.0 Rio_Grande_do_Sul DCRS -999.9 0.0 0.0 nan nan nan 0 nan nan nan nan nan
-28.939899 -51.188499 DCRS-00087 2026-09-14_05:22 11.1 -999.9 -999.9 92.2 -999.9 -999.9 9.9 -999.9 -999.9 985.5 -999.9 -999.9 0.0 -999.9 0.0 0.0 0.0 0.0 0.0 0.0 57.4 66.8 12.4 10.7 92.6 84.0 6.3 DCRS_-_Antônio_Prado/Flores_da_Cunha_(292_m) -999.9 -999.9 988.2 985.4 985.5 10.3 9.3 0.0 Rio_Grande_do_Sul DCRS -999.9 0.0 0.0 nan nan nan 0 nan nan nan nan nan
-28.939899 -51.188499 DCRS-00087 2026-09-14_05:23 11.2 -999.9 -999.9 92.2 -999.9 -999.9 10.0 -999.9 -999.9 985.5 -999.9 -999.9 0.0 -999.9 0.0 0.0 0.0 0.0 0.0 0.0 57.4 66.8 12.4 10.7 92.6 84.0 6.3 DCRS_-_Antônio_Prado/Flores_da_Cunha_(292_m) -999.9 -999.9 988.2 985.4 985.5 10.3 9.3 0.0 Rio_Grande_do_Sul DCRS -999.9 0.0 0.0 nan nan nan 0 nan nan nan nan nan
-28.939899 -51.188499 DCRS-00087 2026-09-14_05:24 11.2 -999.9 -999.9 92.3 -999.9 -999.9 10.0 -999.9 -999.9 985.5 -999.9 -999.9 0.0 -999.9 0.0 0.0 0.0 0.0 0.0 0.0 57.4 66.8 12.4 10.7 92.6 84.0 6.3 DCRS_-_Antônio_Prado/Flores_da_Cunha_(292_m) -999.9 -999.9 988.2 985.4 985.5 10.3 9.3 0.0 Rio_Grande_do_Sul DCRS -999.9 0.0 0.0 nan nan nan 0 nan nan nan nan nan
-28.939899 -51.188499 DCRS-00087 2026-09-14_05:25 11.2 -999.9 -999.9 92.3 -999.9 -999.9 10.0 -999.9 -999.9 985.5 -999.9 -999.9 0.0 -999.9 0.0 0.0 0.0 0.0 0.0 0.0 57.4 66.8 12.4 10.7 92.6 84.0 6.3 DCRS_-_Antônio_Prado/Flores_da_Cunha_(292_m) -999.9 -999.9 988.2 985.4 985.5 10.3 9.3 0.0 Rio_Grande_do_Sul DCRS -999.9 0.0 0.0 nan nan nan 0 nan nan nan nan nan
-28.939899 -51.188499 DCRS-00087 2026-09-14_05:26 11.1 -999.9 -999.9 92.2 -999.9 -999.9 9.9 -999.9 -999.9 985.5 -999.9 -999.9 0.0 -999.9 0.0 0.0 0.0 0.0 0.0 0.0 57.4 66.8 12.4 10.7 92.6 84.0 6.3 DCRS_-_Antônio_Prado/Flores_da_Cunha_(292_m) -999.9 -999.9 988.2 985.4 985.5 10.3 9.3 0.0 Rio_Grande_do_Sul DCRS -999.9 0.0 0.0 nan nan nan 0 nan nan nan nan nan
-28.939899 -51.188499 DCRS-00087 2026-09-14_05:27 11.2 -999.9 -999.9 92.3 -999.9 -999.9 10.0 -999.9 -999.9 985.5 -999.9 -999.9 0.0 -999.9 0.0 0.0 0.0 0.0 0.0 0.0 57.4 66.8 12.4 10.7 92.6 84.0 6.3 DCRS_-_Antônio_Prado/Flores_da_Cunha_(292_m) -999.9 -999.9 988.2 985.4 985.5 10.3 9.3 0.0 Rio_Grande_do_Sul DCRS -999.9 0.0 0.0 nan nan nan 0 nan nan nan nan nan
-28.939899 -51.188499 DCRS-00087 2026-09-14_05:28 11.1 -999.9 -999.9 92.2 -999.9 -999.9 9.9 -999.9 -999.9 985.5 -999.9 -999.9 0.0 -999.9 0.0 0.0 0.0 0.0 0.0 0.0 57.4 66.8 12.4 10.7 92.6 84.0 6.3 DCRS_-_Antônio_Prado/Flores_da_Cunha_(292_m) -999.9 -999.9 988.2 985.4 985.5 10.3 9.3 0.0 Rio_Grande_do_Sul DCRS -999.9 0.0 0.0 nan nan nan 0 nan nan nan nan nan
-28.939899 -51.188499 DCRS-00087 2026-09-14_05:29 11.2 -999.9 -999.9 92.1 -999.9 -999.9 10.0 -999.9 -999.9 985.5 -999.9 -999.9 0.0 -999.9 0.0 0.0 0.0 0.0 0.0 0.0 57.4 66.8 12.4 10.7 92.6 84.0 6.3 DCRS_-_Antônio_Prado/Flores_da_Cunha_(292_m) -999.9 -999.9 988.2 985.4 985.5 10.3 9.3 0.0 Rio_Grande_do_Sul DCRS -999.9 0.0 0.0 nan nan nan 0 nan nan nan nan nan
-28.939899 -51.188499 DCRS-00087 2026-09-14_05:30 11.2 -999.9 -999.9 92.2 -999.9 -999.9 10.0 -999.9 -999.9 985.5 -999.9 -999.9 0.0 -999.9 0.0 0.0 0.0 0.0 0.0 0.0 57.4 66.8 12.4 10.7 92.6 84.0 6.3 DCRS_-_Antônio_Prado/Flores_da_Cunha_(292_m) -999.9 -999.9 988.2 985.4 985.5 10.3 9.3 0.0 Rio_Grande_do_Sul DCRS -999.9 0.0 0.0 nan nan nan 0 nan nan nan nan nan
-28.939899 -51.188499 DCRS-00087 2026-09-14_05:31 11.2 -999.9 -999.9 92.2 -999.9 -999.9 10.0 -999.9 -999.9 985.5 -999.9 -999.9 0.0 -999.9 0.0 0.0 0.0 0.0 0.0 0.0 57.4 66.8 12.4 10.7 92.6 84.0 6.3 DCRS_-_Antônio_Prado/Flores_da_Cunha_(292_m) -999.9 -999.9 988.2 985.4 985.5 10.3 9.3 0.0 Rio_Grande_do_Sul DCRS -999.9 0.0 0.0 nan nan nan 0 nan nan nan nan nan
-28.939899 -51.188499 DCRS-00087 2026-09-14_05:32 11.2 -999.9 -999.9 92.0 -999.9 -999.9 9.9 -999.9 -999.9 985.5 -999.9 -999.9 0.0 -999.9 0.0 0.0 0.0 0.0 0.0 0.0 57.4 66.8 12.4 10.7 92.6 84.0 6.3 DCRS_-_Antônio_Prado/Flores_da_Cunha_(292_m) -999.9 -999.9 988.2 985.4 985.5 10.3 9.3 0.0 Rio_Grande_do_Sul DCRS -999.9 0.0 0.0 nan nan nan 0 nan nan nan nan nan
-28.939899 -51.188499 DCRS-00087 2026-09-14_05:33 11.2 -999.9 -999.9 92.1 -999.9 -999.9 -999.9 -999.9 -999.9 985.5 -999.9 -999.9 0.0 -999.9 0.0 0.0 0.0 0.0 0.0 0.0 57.4 66.8 12.4 10.7 92.6 84.0 6.3 DCRS_-_Antônio_Prado/Flores_da_Cunha_(292_m) -999.9 -999.9 988.2 985.4 985.5 10.3 9.3 0.0 Rio_Grande_do_Sul DCRS -999.9 0.0 0.0 nan nan nan 0 nan nan nan nan nan
-28.939899 -51.188499 DCRS-00087 2026-09-14_05:34 11.1 -999.9 -999.9 92.1 -999.9 -999.9 9.9 -999.9 -999.9 985.5 -999.9 -999.9 0.0 -999.9 0.0 0.0 0.0 0.0 0.0 0.0 57.4 66.8 12.4 10.7 92.6 84.0 6.3 DCRS_-_Antônio_Prado/Flores_da_Cunha_(292_m) -999.9 -999.9 988.2 985.4 985.5 10.3 9.3 0.0 Rio_Grande_do_Sul DCRS -999.9 0.0 0.0 nan nan nan 0 nan nan nan nan nan
-28.939899 -51.188499 DCRS-00087 2026-09-14_05:35 11.1 -999.9 -999.9 92.1 -999.9 -999.9 9.9 -999.9 -999.9 985.5 -999.9 -999.9 0.0 -999.9 2.6 0.0 0.0 0.0 0.0 0.0 57.4 66.8 12.4 10.7 92.6 84.0 6.3 DCRS_-_Antônio_Prado/Flores_da_Cunha_(292_m) -999.9 -999.9 988.2 985.4 985.5 10.3 9.3 0.0 Rio_Grande_do_Sul DCRS -999.9 0.0 0.0 nan nan nan 0 nan nan nan nan nan
-28.939899 -51.188499 DCRS-00087 2026-09-14_05:36 11.1 -999.9 -999.9 92.0 -999.9 -999.9 9.8 -999.9 -999.9 985.5 -999.9 -999.9 0.0 -999.9 2.6 0.0 0.0 0.0 0.0 0.0 57.4 66.8 12.4 10.7 92.6 84.0 6.3 DCRS_-_Antônio_Prado/Flores_da_Cunha_(292_m) -999.9 -999.9 988.2 985.4 985.5 10.3 9.3 0.0 Rio_Grande_do_Sul DCRS -999.9 0.0 0.0 nan nan nan 0 nan nan nan nan nan
-28.939899 -51.188499 DCRS-00087 2026-09-14_05:37 11.1 -999.9 -999.9 91.8 -999.9 -999.9 9.8 -999.9 -999.9 985.4 -999.9 -999.9 0.0 -999.9 2.6 0.0 0.0 0.0 0.0 0.0 57.4 66.8 12.4 10.7 92.6 84.0 6.3 DCRS_-_Antônio_Prado/Flores_da_Cunha_(292_m) -999.9 -999.9 988.2 985.4 985.4 10.3 9.3 0.0 Rio_Grande_do_Sul DCRS -999.9 0.0 0.0 nan nan nan 0 nan nan nan nan nan
-28.939899 -51.188499 DCRS-00087 2026-09-14_05:38 11.1 -999.9 -999.9 91.7 -999.9 -999.9 9.8 -999.9 -999.9 985.4 -999.9 -999.9 0.0 -999.9 2.6 0.0 0.0 0.0 0.0 0.0 57.4 66.8 12.4 10.7 92.6 84.0 6.3 DCRS_-_Antônio_Prado/Flores_da_Cunha_(292_m) -999.9 -999.9 988.2 985.4 985.4 10.3 9.3 0.0 Rio_Grande_do_Sul DCRS -999.9 0.0 0.0 nan nan nan 0 nan nan nan nan nan
-28.939899 -51.188499 DCRS-00087 2026-09-14_05:39 11.2 -999.9 -999.9 91.6 -999.9 -999.9 9.9 -999.9 -999.9 985.4 -999.9 -999.9 0.0 -999.9 2.6 0.0 0.0 0.0 0.0 0.0 57.4 66.8 12.4 10.7 92.6 84.0 6.3 DCRS_-_Antônio_Prado/Flores_da_Cunha_(292_m) -999.9 -999.9 988.2 985.4 985.4 10.3 9.3 0.0 Rio_Grande_do_Sul DCRS -999.9 0.0 0.0 nan nan nan 0 nan nan nan nan nan
-28.939899 -51.188499 DCRS-00087 2026-09-14_05:40 11.1 -999.9 -999.9 91.7 -999.9 -999.9 9.8 -999.9 -999.9 985.4 -999.9 -999.9 0.0 -999.9 2.6 0.0 0.0 0.0 0.0 0.0 57.4 66.8 12.4 10.7 92.6 84.0 6.3 DCRS_-_Antônio_Prado/Flores_da_Cunha_(292_m) -999.9 -999.9 988.2 985.4 985.4 10.3 9.3 0.0 Rio_Grande_do_Sul DCRS -999.9 0.0 0.0 nan nan nan 0 nan nan nan nan nan
-28.939899 -51.188499 DCRS-00087 2026-09-14_05:41 11.1 -999.9 -999.9 91.8 -999.9 -999.9 9.8 -999.9 -999.9 985.4 -999.9 -999.9 0.0 -999.9 2.6 0.0 0.0 0.0 0.0 0.0 57.4 66.8 12.4 10.7 92.6 84.0 6.3 DCRS_-_Antônio_Prado/Flores_da_Cunha_(292_m) -999.9 -999.9 988.2 985.4 985.4 10.3 9.3 0.0 Rio_Grande_do_Sul DCRS -999.9 0.0 0.0 nan nan nan 0 nan nan nan nan nan
-28.939899 -51.188499 DCRS-00087 2026-09-14_05:42 11.1 -999.9 -999.9 91.9 -999.9 -999.9 9.8 -999.9 -999.9 985.4 -999.9 -999.9 2.2 -999.9 2.6 0.0 0.0 0.0 0.0 0.0 57.4 66.8 12.4 10.7 92.6 84.0 6.3 DCRS_-_Antônio_Prado/Flores_da_Cunha_(292_m) -999.9 -999.9 988.2 985.4 985.4 10.3 9.3 0.0 Rio_Grande_do_Sul DCRS -999.9 0.0 0.0 nan nan nan 0 nan nan nan nan nan
-28.939899 -51.188499 DCRS-00087 2026-09-14_05:43 11.1 -999.9 -999.9 91.8 -999.9 -999.9 9.8 -999.9 -999.9 985.4 -999.9 -999.9 0.0 -999.9 2.6 0.0 0.0 0.0 0.0 0.0 57.4 66.8 12.4 10.7 92.6 84.0 6.3 DCRS_-_Antônio_Prado/Flores_da_Cunha_(292_m) -999.9 -999.9 988.2 985.4 985.4 10.3 9.3 0.0 Rio_Grande_do_Sul DCRS -999.9 0.0 0.0 nan nan nan 0 nan nan nan nan nan
-28.939899 -51.188499 DCRS-00087 2026-09-14_05:44 11.1 -999.9 -999.9 91.8 -999.9 -999.9 9.8 -999.9 -999.9 985.4 -999.9 -999.9 0.0 -999.9 2.6 0.0 0.0 0.0 0.0 0.0 57.4 66.8 12.4 10.7 92.6 84.0 6.3 DCRS_-_Antônio_Prado/Flores_da_Cunha_(292_m) -999.9 -999.9 988.2 985.4 985.4 10.3 9.3 0.0 Rio_Grande_do_Sul DCRS -999.9 0.0 0.0 nan nan nan 0 nan nan nan nan nan
-28.939899 -51.188499 DCRS-00087 2026-09-14_05:45 11.1 -999.9 -999.9 91.8 -999.9 -999.9 9.8 -999.9 -999.9 985.4 -999.9 -999.9 0.0 -999.9 2.2 0.0 0.0 0.0 0.0 0.0 57.4 66.8 12.4 10.7 92.6 84.0 6.3 DCRS_-_Antônio_Prado/Flores_da_Cunha_(292_m) -999.9 -999.9 988.2 985.4 985.4 10.3 9.3 0.0 Rio_Grande_do_Sul DCRS -999.9 0.0 0.0 nan nan nan 0 nan nan nan nan nan
-28.939899 -51.188499 DCRS-00087 2026-09-14_05:46 11.2 -999.9 -999.9 91.8 -999.9 -999.9 9.9 -999.9 -999.9 985.4 -999.9 -999.9 0.0 -999.9 2.2 0.0 0.0 0.0 0.0 0.0 57.4 66.8 12.4 10.7 92.6 84.0 6.3 DCRS_-_Antônio_Prado/Flores_da_Cunha_(292_m) -999.9 -999.9 988.2 985.4 985.4 10.3 9.3 0.0 Rio_Grande_do_Sul DCRS -999.9 0.0 0.0 nan nan nan 0 nan nan nan nan nan
-28.939899 -51.188499 DCRS-00087 2026-09-14_05:47 11.1 -999.9 -999.9 91.7 -999.9 -999.9 9.8 -999.9 -999.9 985.4 -999.9 -999.9 0.0 -999.9 2.2 0.0 0.0 0.0 0.0 0.0 57.4 66.8 12.4 10.7 92.6 84.0 6.3 DCRS_-_Antônio_Prado/Flores_da_Cunha_(292_m) -999.9 -999.9 988.2 985.4 985.4 10.3 9.3 0.0 Rio_Grande_do_Sul DCRS -999.9 0.0 0.0 nan nan nan 0 nan nan nan nan nan
-28.939899 -51.188499 DCRS-00087 2026-09-14_05:48 11.1 -999.9 -999.9 92.0 -999.9 -999.9 9.8 -999.9 -999.9 985.4 -999.9 -999.9 0.0 -999.9 2.2 0.0 0.0 0.0 0.0 0.0 57.4 66.8 12.4 10.7 92.6 84.0 6.3 DCRS_-_Antônio_Prado/Flores_da_Cunha_(292_m) -999.9 -999.9 988.2 985.4 985.4 10.3 9.3 0.0 Rio_Grande_do_Sul DCRS -999.9 0.0 0.0 nan nan nan 0 nan nan nan nan nan
-28.939899 -51.188499 DCRS-00087 2026-09-14_05:49 11.2 -999.9 -999.9 92.3 -999.9 -999.9 10.0 -999.9 -999.9 985.4 -999.9 -999.9 0.0 -999.9 2.2 0.0 0.0 0.0 0.0 0.0 57.4 66.8 12.4 10.7 92.6 84.0 6.3 DCRS_-_Antônio_Prado/Flores_da_Cunha_(292_m) -999.9 -999.9 988.2 985.4 985.4 10.3 9.3 0.0 Rio_Grande_do_Sul DCRS -999.9 0.0 0.0 nan nan nan 0 nan nan nan nan nan
-28.939899 -51.188499 DCRS-00087 2026-09-14_05:50 11.2 -999.9 -999.9 92.3 -999.9 -999.9 10.0 -999.9 -999.9 985.4 -999.9 -999.9 0.0 -999.9 0.0 0.0 0.0 0.0 0.0 0.0 57.4 66.8 12.4 10.7 92.6 84.0 6.3 DCRS_-_Antônio_Prado/Flores_da_Cunha_(292_m) -999.9 -999.9 988.2 985.4 985.4 10.3 9.3 0.0 Rio_Grande_do_Sul DCRS -999.9 0.0 0.0 nan nan nan 0 nan nan nan nan nan
-28.939899 -51.188499 DCRS-00087 2026-09-14_05:51 11.1 -999.9 -999.9 92.4 -999.9 -999.9 9.9 -999.9 -999.9 985.4 -999.9 -999.9 0.0 -999.9 0.0 0.0 0.0 0.0 0.0 0.0 57.4 66.8 12.4 10.7 92.6 84.0 6.3 DCRS_-_Antônio_Prado/Flores_da_Cunha_(292_m) -999.9 -999.9 988.2 985.4 985.4 10.3 9.3 0.0 Rio_Grande_do_Sul DCRS -999.9 0.0 0.0 nan nan nan 0 nan nan nan nan nan
-28.939899 -51.188499 DCRS-00087 2026-09-14_05:52 11.2 -999.9 -999.9 92.4 -999.9 -999.9 10.0 -999.9 -999.9 985.4 -999.9 -999.9 0.0 -999.9 0.0 0.0 0.0 0.0 0.0 0.0 57.4 66.8 12.4 10.7 92.6 84.0 6.3 DCRS_-_Antônio_Prado/Flores_da_Cunha_(292_m) -999.9 -999.9 988.2 985.4 985.4 10.3 9.3 0.0 Rio_Grande_do_Sul DCRS -999.9 0.0 0.0 nan nan nan 0 nan nan nan nan nan
-28.939899 -51.188499 DCRS-00087 2026-09-14_05:53 11.2 -999.9 -999.9 92.5 -999.9 -999.9 10.0 -999.9 -999.9 985.4 -999.9 -999.9 0.0 -999.9 0.0 0.0 0.0 0.0 0.0 0.0 57.4 66.8 12.4 10.7 92.6 84.0 6.3 DCRS_-_Antônio_Prado/Flores_da_Cunha_(292_m) -999.9 -999.9 988.2 985.4 985.4 10.3 9.3 0.0 Rio_Grande_do_Sul DCRS -999.9 0.0 0.0 nan nan nan 0 nan nan nan nan nan
-28.939899 -51.188499 DCRS-00087 2026-09-14_05:54 11.2 -999.9 -999.9 92.4 -999.9 -999.9 10.0 -999.9 -999.9 985.4 -999.9 -999.9 0.0 -999.9 0.0 0.0 0.0 0.0 0.0 0.0 57.4 66.8 12.4 10.7 92.6 84.0 6.3 DCRS_-_Antônio_Prado/Flores_da_Cunha_(292_m) -999.9 -999.9 988.2 985.4 985.4 10.3 9.3 0.0 Rio_Grande_do_Sul DCRS -999.9 0.0 0.0 nan nan nan 0 nan nan nan nan nan
-28.939899 -51.188499 DCRS-00087 2026-09-14_05:55 11.2 -999.9 -999.9 92.5 -999.9 -999.9 10.0 -999.9 -999.9 985.4 -999.9 -999.9 0.0 -999.9 2.5 0.0 0.0 0.0 0.0 0.0 57.4 66.8 12.4 10.7 92.6 84.0 6.3 DCRS_-_Antônio_Prado/Flores_da_Cunha_(292_m) -999.9 -999.9 988.2 985.4 985.4 10.3 9.3 0.0 Rio_Grande_do_Sul DCRS -999.9 0.0 0.0 nan nan nan 0 nan nan nan nan nan
-28.939899 -51.188499 DCRS-00087 2026-09-14_05:56 11.2 -999.9 -999.9 92.6 -999.9 -999.9 10.0 -999.9 -999.9 985.4 -999.9 -999.9 0.0 -999.9 2.5 0.0 0.0 0.0 0.0 0.0 57.4 66.8 12.4 10.7 92.6 84.0 6.3 DCRS_-_Antônio_Prado/Flores_da_Cunha_(292_m) -999.9 -999.9 988.2 985.4 985.4 10.3 9.3 0.0 Rio_Grande_do_Sul DCRS -999.9 0.0 0.0 nan nan nan 0 nan nan nan nan nan
-28.939899 -51.188499 DCRS-00087 2026-09-14_05:57 11.2 -999.9 -999.9 92.7 -999.9 -999.9 10.0 -999.9 -999.9 985.4 -999.9 -999.9 0.0 -999.9 2.5 0.0 0.0 0.0 0.0 0.0 57.4 66.8 12.4 10.7 92.7 84.0 6.3 DCRS_-_Antônio_Prado/Flores_da_Cunha_(292_m) -999.9 -999.9 988.2 985.4 985.4 10.3 9.3 0.0 Rio_Grande_do_Sul DCRS -999.9 0.0 0.0 nan nan nan 0 nan nan nan nan nan
-28.939899 -51.188499 DCRS-00087 2026-09-14_05:58 11.2 -999.9 -999.9 92.8 -999.9 -999.9 10.1 -999.9 -999.9 985.4 -999.9 -999.9 0.0 -999.9 2.5 0.0 0.0 0.0 0.0 0.0 57.4 66.8 12.4 10.7 92.8 84.0 6.3 DCRS_-_Antônio_Prado/Flores_da_Cunha_(292_m) -999.9 -999.9 988.2 985.4 985.4 10.3 9.3 0.0 Rio_Grande_do_Sul DCRS -999.9 0.0 0.0 nan nan nan 0 nan nan nan nan nan
-28.939899 -51.188499 DCRS-00087 2026-09-14_05:59 11.2 -999.9 -999.9 92.8 -999.9 -999.9 10.1 -999.9 -999.9 985.4 -999.9 -999.9 0.0 -999.9 2.5 0.0 0.0 0.0 0.0 0.0 57.4 66.8 12.4 10.7 92.8 84.0 6.3 DCRS_-_Antônio_Prado/Flores_da_Cunha_(292_m) -999.9 -999.9 988.2 985.4 985.4 10.3 9.3 0.0 Rio_Grande_do_Sul DCRS -999.9 0.0 0.0 nan nan nan 0 nan nan nan nan nan
-28.939899 -51.188499 DCRS-00087 2026-09-14_06:00 11.2 -999.9 -999.9 92.7 -999.9 -999.9 10.0 -999.9 -999.9 985.4 -999.9 -999.9 0.0 -999.9 0.0 0.0 0.0 0.0 0.0 0.0 57.4 66.8 12.4 10.7 92.8 84.0 6.3 DCRS_-_Antônio_Prado/Flores_da_Cunha_(292_m) -999.9 -999.9 988.2 985.4 985.4 10.3 9.3 0.0 Rio_Grande_do_Sul DCRS -999.9 0.0 0.0 nan nan nan 0 nan nan nan nan nan
-28.939899 -51.188499 DCRS-00087 2026-09-14_06:01 11.2 -999.9 -999.9 92.8 -999.9 -999.9 10.1 -999.9 -999.9 985.4 -999.9 -999.9 0.0 -999.9 0.0 0.0 0.0 0.0 0.0 0.0 57.4 66.8 12.4 10.7 92.8 84.0 6.3 DCRS_-_Antônio_Prado/Flores_da_Cunha_(292_m) -999.9 -999.9 988.2 985.4 985.4 10.3 9.3 0.0 Rio_Grande_do_Sul DCRS -999.9 0.0 0.0 nan nan nan 0 nan nan nan nan nan
-28.939899 -51.188499 DCRS-00087 2026-09-14_06:02 11.1 -999.9 -999.9 92.7 -999.9 -999.9 9.9 -999.9 -999.9 985.4 -999.9 -999.9 0.0 -999.9 0.0 0.0 0.0 0.0 0.0 0.0 57.4 66.8 12.4 10.7 92.8 84.0 6.3 DCRS_-_Antônio_Prado/Flores_da_Cunha_(292_m) -999.9 -999.9 988.2 985.4 985.4 10.3 9.3 0.0 Rio_Grande_do_Sul DCRS -999.9 0.0 0.0 nan nan nan 0 nan nan nan nan nan
-28.939899 -51.188499 DCRS-00087 2026-09-14_06:03 11.1 -999.9 -999.9 92.8 -999.9 -999.9 10.0 -999.9 -999.9 985.4 -999.9 -999.9 0.0 -999.9 0.0 0.0 0.0 0.0 0.0 0.0 57.4 66.8 12.4 10.7 92.8 84.0 6.3 DCRS_-_Antônio_Prado/Flores_da_Cunha_(292_m) -999.9 -999.9 988.2 985.4 985.4 10.3 9.3 0.0 Rio_Grande_do_Sul DCRS -999.9 0.0 0.0 nan nan nan 0 nan nan nan nan nan
-28.939899 -51.188499 DCRS-00087 2026-09-14_06:04 11.2 -999.9 -999.9 92.8 -999.9 -999.9 10.1 -999.9 -999.9 985.4 -999.9 -999.9 0.0 -999.9 0.0 0.0 0.0 0.0 0.0 0.0 57.4 66.8 12.4 10.7 92.8 84.0 6.3 DCRS_-_Antônio_Prado/Flores_da_Cunha_(292_m) -999.9 -999.9 988.2 985.4 985.4 10.3 9.3 0.0 Rio_Grande_do_Sul DCRS -999.9 0.0 0.0 nan nan nan 0 nan nan nan nan nan
-28.939899 -51.188499 DCRS-00087 2026-09-14_06:05 11.2 -999.9 -999.9 92.8 -999.9 -999.9 10.1 -999.9 -999.9 985.4 -999.9 -999.9 0.0 -999.9 0.0 0.0 0.0 0.0 0.0 0.0 57.4 66.8 12.4 10.7 92.8 84.0 6.3 DCRS_-_Antônio_Prado/Flores_da_Cunha_(292_m) -999.9 -999.9 988.2 985.4 985.4 10.3 9.3 0.0 Rio_Grande_do_Sul DCRS -999.9 0.0 0.0 nan nan nan 0 nan nan nan nan nan
-28.939899 -51.188499 DCRS-00087 2026-09-14_06:06 11.2 -999.9 -999.9 92.7 -999.9 -999.9 10.0 -999.9 -999.9 985.4 -999.9 -999.9 0.0 -999.9 0.0 0.0 0.0 0.0 0.0 0.0 57.4 66.8 12.4 10.7 92.8 84.0 6.3 DCRS_-_Antônio_Prado/Flores_da_Cunha_(292_m) -999.9 -999.9 988.2 985.4 985.4 10.3 9.3 0.0 Rio_Grande_do_Sul DCRS -999.9 0.0 0.0 nan nan nan 0 nan nan nan nan nan
-28.939899 -51.188499 DCRS-00087 2026-09-14_06:07 11.2 -999.9 -999.9 92.8 -999.9 -999.9 10.1 -999.9 -999.9 985.4 -999.9 -999.9 0.0 -999.9 0.0 0.0 0.0 0.0 0.0 0.0 57.4 66.8 12.4 10.7 92.8 84.0 6.3 DCRS_-_Antônio_Prado/Flores_da_Cunha_(292_m) -999.9 -999.9 988.2 985.4 985.4 10.3 9.3 0.0 Rio_Grande_do_Sul DCRS -999.9 0.0 0.0 nan nan nan 0 nan nan nan nan nan
-28.939899 -51.188499 DCRS-00087 2026-09-14_06:08 11.1 -999.9 -999.9 92.6 -999.9 -999.9 9.9 -999.9 -999.9 985.4 -999.9 -999.9 0.0 -999.9 0.0 0.0 0.0 0.0 0.0 0.0 57.4 66.8 12.4 10.7 92.8 84.0 6.3 DCRS_-_Antônio_Prado/Flores_da_Cunha_(292_m) -999.9 -999.9 988.2 985.4 985.4 10.3 9.3 0.0 Rio_Grande_do_Sul DCRS -999.9 0.0 0.0 nan nan nan 0 nan nan nan nan nan
-28.939899 -51.188499 DCRS-00087 2026-09-14_06:09 11.1 -999.9 -999.9 92.4 -999.9 -999.9 9.9 -999.9 -999.9 985.4 -999.9 -999.9 0.0 -999.9 0.0 0.0 0.0 0.0 0.0 0.0 57.4 66.8 12.4 10.7 92.8 84.0 6.3 DCRS_-_Antônio_Prado/Flores_da_Cunha_(292_m) -999.9 -999.9 988.2 985.4 985.4 10.3 9.3 0.0 Rio_Grande_do_Sul DCRS -999.9 0.0 0.0 nan nan nan 0 nan nan nan nan nan
-28.939899 -51.188499 DCRS-00087 2026-09-14_06:10 11.1 -999.9 -999.9 92.5 -999.9 -999.9 9.9 -999.9 -999.9 985.4 -999.9 -999.9 0.0 -999.9 0.0 0.0 0.0 0.0 0.0 0.0 57.4 66.8 12.4 10.7 92.8 84.0 6.3 DCRS_-_Antônio_Prado/Flores_da_Cunha_(292_m) -999.9 -999.9 988.2 985.4 985.4 10.3 9.3 0.0 Rio_Grande_do_Sul DCRS -999.9 0.0 0.0 nan nan nan 0 nan nan nan nan nan
-28.939899 -51.188499 DCRS-00087 2026-09-14_06:11 11.1 -999.9 -999.9 92.6 -999.9 -999.9 9.9 -999.9 -999.9 985.4 -999.9 -999.9 0.0 -999.9 0.0 0.0 0.0 0.0 0.0 0.0 57.4 66.8 12.4 10.7 92.8 84.0 6.3 DCRS_-_Antônio_Prado/Flores_da_Cunha_(292_m) -999.9 -999.9 988.2 985.4 985.4 10.3 9.3 0.0 Rio_Grande_do_Sul DCRS -999.9 0.0 0.0 nan nan nan 0 nan nan nan nan nan
-28.939899 -51.188499 DCRS-00087 2026-09-14_06:12 11.1 -999.9 -999.9 92.8 -999.9 -999.9 10.0 -999.9 -999.9 985.5 -999.9 -999.9 0.0 -999.9 0.0 0.0 0.0 0.0 0.0 0.0 57.4 66.8 12.4 10.7 92.8 84.0 6.3 DCRS_-_Antônio_Prado/Flores_da_Cunha_(292_m) -999.9 -999.9 988.2 985.4 985.5 10.3 9.3 0.0 Rio_Grande_do_Sul DCRS -999.9 0.0 0.0 nan nan nan 0 nan nan nan nan nan
-28.939899 -51.188499 DCRS-00087 2026-09-14_06:13 11.1 -999.9 -999.9 92.8 -999.9 -999.9 10.0 -999.9 -999.9 985.5 -999.9 -999.9 0.0 -999.9 0.0 0.0 0.0 0.0 0.0 0.0 57.4 66.8 12.4 10.7 92.8 84.0 6.3 DCRS_-_Antônio_Prado/Flores_da_Cunha_(292_m) -999.9 -999.9 988.2 985.4 985.5 10.3 9.3 0.0 Rio_Grande_do_Sul DCRS -999.9 0.0 0.0 nan nan nan 0 nan nan nan nan nan
-28.939899 -51.188499 DCRS-00087 2026-09-14_06:14 11.1 -999.9 -999.9 92.7 -999.9 -999.9 9.9 -999.9 -999.9 985.5 -999.9 -999.9 0.0 -999.9 0.0 0.0 0.0 0.0 0.0 0.0 57.4 66.8 12.4 10.7 92.8 84.0 6.3 DCRS_-_Antônio_Prado/Flores_da_Cunha_(292_m) -999.9 -999.9 988.2 985.4 985.5 10.3 9.3 0.0 Rio_Grande_do_Sul DCRS -999.9 0.0 0.0 nan nan nan 0 nan nan nan nan nan
-28.939899 -51.188499 DCRS-00087 2026-09-14_06:15 11.1 -999.9 -999.9 92.8 -999.9 -999.9 10.0 -999.9 -999.9 985.5 -999.9 -999.9 0.0 -999.9 0.0 0.0 0.0 0.0 0.0 0.0 57.4 66.8 12.4 10.7 92.8 84.0 6.3 DCRS_-_Antônio_Prado/Flores_da_Cunha_(292_m) -999.9 -999.9 988.2 985.4 985.5 10.3 9.3 0.0 Rio_Grande_do_Sul DCRS -999.9 0.0 0.0 nan nan nan 0 nan nan nan nan nan
-28.939899 -51.188499 DCRS-00087 2026-09-14_06:16 11.1 -999.9 -999.9 92.7 -999.9 -999.9 9.9 -999.9 -999.9 985.5 -999.9 -999.9 0.0 -999.9 0.0 0.0 0.0 0.0 0.0 0.0 57.4 66.8 12.4 10.7 92.8 84.0 6.3 DCRS_-_Antônio_Prado/Flores_da_Cunha_(292_m) -999.9 -999.9 988.2 985.4 985.5 10.3 9.3 0.0 Rio_Grande_do_Sul DCRS -999.9 0.0 0.0 nan nan nan 0 nan nan nan nan nan
-28.939899 -51.188499 DCRS-00087 2026-09-14_06:17 11.0 -999.9 -999.9 92.6 -999.9 -999.9 9.8 -999.9 -999.9 985.5 -999.9 -999.9 0.0 -999.9 0.0 0.0 0.0 0.0 0.0 0.0 57.4 66.8 12.4 10.7 92.8 84.0 6.3 DCRS_-_Antônio_Prado/Flores_da_Cunha_(292_m) -999.9 -999.9 988.2 985.4 985.5 10.3 9.3 0.0 Rio_Grande_do_Sul DCRS -999.9 0.0 0.0 nan nan nan 0 nan nan nan nan nan
-28.939899 -51.188499 DCRS-00087 2026-09-14_06:18 11.1 -999.9 -999.9 92.5 -999.9 -999.9 9.9 -999.9 -999.9 985.5 -999.9 -999.9 0.0 -999.9 0.0 0.0 0.0 0.0 0.0 0.0 57.4 66.8 12.4 10.7 92.8 84.0 6.3 DCRS_-_Antônio_Prado/Flores_da_Cunha_(292_m) -999.9 -999.9 988.2 985.4 985.5 10.3 9.3 0.0 Rio_Grande_do_Sul DCRS -999.9 0.0 0.0 nan nan nan 0 nan nan nan nan nan
-28.939899 -51.188499 DCRS-00087 2026-09-14_06:19 11.0 -999.9 -999.9 92.4 -999.9 -999.9 9.8 -999.9 -999.9 985.5 -999.9 -999.9 0.0 -999.9 0.0 0.0 0.0 0.0 0.0 0.0 57.4 66.8 12.4 10.7 92.8 84.0 6.3 DCRS_-_Antônio_Prado/Flores_da_Cunha_(292_m) -999.9 -999.9 988.2 985.4 985.5 10.3 9.3 0.0 Rio_Grande_do_Sul DCRS -999.9 0.0 0.0 nan nan nan 0 nan nan nan nan nan
-28.939899 -51.188499 DCRS-00087 2026-09-14_06:20 11.0 -999.9 -999.9 92.4 -999.9 -999.9 9.8 -999.9 -999.9 985.6 -999.9 -999.9 0.0 -999.9 0.0 0.0 0.0 0.0 0.0 0.0 57.4 66.8 12.4 10.7 92.8 84.0 6.3 DCRS_-_Antônio_Prado/Flores_da_Cunha_(292_m) -999.9 -999.9 988.2 985.4 985.6 10.3 9.3 0.0 Rio_Grande_do_Sul DCRS -999.9 0.0 0.0 nan nan nan 0 nan nan nan nan nan
-28.939899 -51.188499 DCRS-00087 2026-09-14_06:21 11.0 -999.9 -999.9 92.6 -999.9 -999.9 9.8 -999.9 -999.9 985.6 -999.9 -999.9 0.0 -999.9 0.0 0.0 0.0 0.0 0.0 0.0 57.4 66.8 12.4 10.7 92.8 84.0 6.3 DCRS_-_Antônio_Prado/Flores_da_Cunha_(292_m) -999.9 -999.9 988.2 985.4 985.6 10.3 9.3 0.0 Rio_Grande_do_Sul DCRS -999.9 0.0 0.0 nan nan nan 0 nan nan nan nan nan
-28.939899 -51.188499 DCRS-00087 2026-09-14_06:22 11.0 -999.9 -999.9 92.8 -999.9 -999.9 9.9 -999.9 -999.9 985.6 -999.9 -999.9 0.0 -999.9 0.0 0.0 0.0 0.0 0.0 0.0 57.4 66.8 12.4 10.7 92.8 84.0 6.3 DCRS_-_Antônio_Prado/Flores_da_Cunha_(292_m) -999.9 -999.9 988.2 985.4 985.6 10.3 9.3 0.0 Rio_Grande_do_Sul DCRS -999.9 0.0 0.0 nan nan nan 0 nan nan nan nan nan
-28.939899 -51.188499 DCRS-00087 2026-09-14_06:23 11.1 -999.9 -999.9 92.9 -999.9 -999.9 10.0 -999.9 -999.9 985.6 -999.9 -999.9 0.0 -999.9 0.0 0.0 0.0 0.0 0.0 0.0 57.4 66.8 12.4 10.7 92.9 84.0 6.3 DCRS_-_Antônio_Prado/Flores_da_Cunha_(292_m) -999.9 -999.9 988.2 985.4 985.6 10.3 9.3 0.0 Rio_Grande_do_Sul DCRS -999.9 0.0 0.0 nan nan nan 0 nan nan nan nan nan
-28.939899 -51.188499 DCRS-00087 2026-09-14_06:24 11.0 -999.9 -999.9 93.0 -999.9 -999.9 9.9 -999.9 -999.9 985.6 -999.9 -999.9 -999.9 -999.9 0.0 1.0 0.0 0.0 0.0 0.0 57.4 66.8 12.4 10.7 93.0 84.0 6.3 DCRS_-_Antônio_Prado/Flores_da_Cunha_(292_m) -999.9 -999.9 988.2 985.4 985.6 10.3 9.3 1.0 Rio_Grande_do_Sul DCRS -999.9 0.0 0.0 nan nan nan 0 nan nan nan nan nan
-28.939899 -51.188499 DCRS-00087 2026-09-14_06:25 11.0 -999.9 -999.9 93.1 -999.9 -999.9 9.9 -999.9 -999.9 985.6 -999.9 -999.9 0.0 -999.9 2.7 1.0 0.0 0.0 0.0 0.0 57.4 66.8 12.4 10.7 93.1 84.0 6.3 DCRS_-_Antônio_Prado/Flores_da_Cunha_(292_m) -999.9 -999.9 988.2 985.4 985.6 10.3 9.3 1.0 Rio_Grande_do_Sul DCRS -999.9 0.0 0.0 nan nan nan 0 nan nan nan nan nan
-28.939899 -51.188499 DCRS-00087 2026-09-14_06:26 11.1 -999.9 -999.9 93.2 -999.9 -999.9 10.0 -999.9 -999.9 985.6 -999.9 -999.9 0.0 -999.9 2.7 1.0 0.0 0.0 0.0 0.0 57.4 66.8 12.4 10.7 93.2 84.0 6.3 DCRS_-_Antônio_Prado/Flores_da_Cunha_(292_m) -999.9 -999.9 988.2 985.4 985.6 10.3 9.3 1.0 Rio_Grande_do_Sul DCRS -999.9 0.0 0.0 nan nan nan 0 nan nan nan nan nan
-28.939899 -51.188499 DCRS-00087 2026-09-14_06:27 11.0 -999.9 -999.9 93.3 -999.9 -999.9 9.9 -999.9 -999.9 985.6 -999.9 -999.9 0.0 -999.9 2.7 1.0 0.0 0.0 0.0 0.0 57.4 66.8 12.4 10.7 93.3 84.0 6.3 DCRS_-_Antônio_Prado/Flores_da_Cunha_(292_m) -999.9 -999.9 988.2 985.4 985.6 10.3 9.3 1.0 Rio_Grande_do_Sul DCRS -999.9 0.0 0.0 nan nan nan 0 nan nan nan nan nan
-28.939899 -51.188499 DCRS-00087 2026-09-14_06:28 11.0 -999.9 -999.9 93.3 -999.9 -999.9 9.9 -999.9 -999.9 985.6 -999.9 -999.9 0.0 -999.9 2.7 1.0 0.0 0.0 0.0 0.0 57.4 66.8 12.4 10.7 93.3 84.0 6.3 DCRS_-_Antônio_Prado/Flores_da_Cunha_(292_m) -999.9 -999.9 988.2 985.4 985.6 10.3 9.3 1.0 Rio_Grande_do_Sul DCRS -999.9 0.0 0.0 nan nan nan 0 nan nan nan nan nan
-28.939899 -51.188499 DCRS-00087 2026-09-14_06:29 11.0 -999.9 -999.9 93.4 -999.9 -999.9 10.0 -999.9 -999.9 985.6 -999.9 -999.9 0.0 -999.9 2.7 2.0 0.0 0.0 0.0 0.0 57.4 66.8 12.4 10.7 93.4 84.0 6.3 DCRS_-_Antônio_Prado/Flores_da_Cunha_(292_m) -999.9 -999.9 988.2 985.4 985.6 10.3 9.3 2.0 Rio_Grande_do_Sul DCRS -999.9 0.0 0.0 nan nan nan 0 nan nan nan nan nan
-28.939899 -51.188499 DCRS-00087 2026-09-14_06:30 11.1 -999.9 -999.9 93.5 -999.9 -999.9 10.1 -999.9 -999.9 985.6 -999.9 -999.9 0.0 -999.9 0.0 2.0 0.0 0.0 0.0 0.0 57.4 66.8 12.4 10.7 93.5 84.0 6.3 DCRS_-_Antônio_Prado/Flores_da_Cunha_(292_m) -999.9 -999.9 988.2 985.4 985.6 10.3 9.3 2.0 Rio_Grande_do_Sul DCRS -999.9 0.0 0.0 nan nan nan 0 nan nan nan nan nan
-28.939899 -51.188499 DCRS-00087 2026-09-14_06:31 11.1 -999.9 -999.9 93.5 -999.9 -999.9 10.1 -999.9 -999.9 985.6 -999.9 -999.9 0.0 -999.9 0.0 3.0 0.0 0.0 0.0 0.0 57.4 66.8 12.4 10.7 93.5 84.0 6.3 DCRS_-_Antônio_Prado/Flores_da_Cunha_(292_m) -999.9 -999.9 988.2 985.4 985.6 10.3 9.3 3.0 Rio_Grande_do_Sul DCRS -999.9 0.0 0.0 nan nan nan 0 nan nan nan nan nan
-28.939899 -51.188499 DCRS-00087 2026-09-14_06:32 11.0 -999.9 -999.9 93.7 -999.9 -999.9 10.0 -999.9 -999.9 985.6 -999.9 -999.9 0.0 -999.9 0.0 3.0 0.0 0.0 0.0 0.0 57.4 66.8 12.4 10.7 93.7 84.0 6.3 DCRS_-_Antônio_Prado/Flores_da_Cunha_(292_m) -999.9 -999.9 988.2 985.4 985.6 10.3 9.3 3.0 Rio_Grande_do_Sul DCRS -999.9 0.0 0.0 nan nan nan 0 nan nan nan nan nan
-28.939899 -51.188499 DCRS-00087 2026-09-14_06:33 11.1 -999.9 -999.9 93.7 -999.9 -999.9 10.1 -999.9 -999.9 985.6 -999.9 -999.9 -999.9 -999.9 0.0 3.0 0.0 0.0 0.0 0.0 57.4 66.8 12.4 10.7 93.7 84.0 6.3 DCRS_-_Antônio_Prado/Flores_da_Cunha_(292_m) -999.9 -999.9 988.2 985.4 985.6 10.3 9.3 3.0 Rio_Grande_do_Sul DCRS -999.9 0.0 0.0 nan nan nan 0 nan nan nan nan nan
-28.939899 -51.188499 DCRS-00087 2026-09-14_06:34 11.1 -999.9 -999.9 93.2 -999.9 -999.9 10.0 -999.9 -999.9 985.6 -999.9 -999.9 -999.9 -999.9 0.0 4.0 0.0 0.0 0.0 0.0 57.4 66.8 12.4 10.7 93.7 84.0 6.3 DCRS_-_Antônio_Prado/Flores_da_Cunha_(292_m) -999.9 -999.9 988.2 985.4 985.6 10.3 9.3 4.0 Rio_Grande_do_Sul DCRS -999.9 0.0 0.0 nan nan nan 0 nan nan nan nan nan
-28.939899 -51.188499 DCRS-00087 2026-09-14_06:35 11.1 -999.9 -999.9 92.8 -999.9 -999.9 10.0 -999.9 -999.9 985.6 -999.9 -999.9 0.0 -999.9 4.8 5.0 0.0 0.0 0.0 0.0 57.4 66.8 12.4 10.7 93.7 84.0 6.3 DCRS_-_Antônio_Prado/Flores_da_Cunha_(292_m) -999.9 -999.9 988.2 985.4 985.6 10.3 9.3 5.0 Rio_Grande_do_Sul DCRS -999.9 0.0 0.0 nan nan nan 0 nan nan nan nan nan
-28.939899 -51.188499 DCRS-00087 2026-09-14_06:36 11.0 -999.9 -999.9 92.7 -999.9 -999.9 9.9 -999.9 -999.9 985.6 -999.9 -999.9 0.0 -999.9 4.8 6.0 0.0 0.0 0.0 0.0 57.4 66.8 12.4 10.7 93.7 84.0 6.3 DCRS_-_Antônio_Prado/Flores_da_Cunha_(292_m) -999.9 -999.9 988.2 985.4 985.6 10.3 9.3 6.0 Rio_Grande_do_Sul DCRS -999.9 0.0 0.0 nan nan nan 0 nan nan nan nan nan
-28.939899 -51.188499 DCRS-00087 2026-09-14_06:37 11.0 -999.9 -999.9 92.5 -999.9 -999.9 9.8 -999.9 -999.9 985.6 -999.9 -999.9 0.0 -999.9 4.8 7.0 0.0 0.0 0.0 0.0 57.4 66.8 12.4 10.7 93.7 84.0 6.3 DCRS_-_Antônio_Prado/Flores_da_Cunha_(292_m) -999.9 -999.9 988.2 985.4 985.6 10.3 9.3 7.0 Rio_Grande_do_Sul DCRS -999.9 0.0 0.0 nan nan nan 0 nan nan nan nan nan
-28.939899 -51.188499 DCRS-00087 2026-09-14_06:38 11.1 -999.9 -999.9 92.4 -999.9 -999.9 9.9 -999.9 -999.9 985.7 -999.9 -999.9 0.0 -999.9 4.8 7.0 0.0 0.0 0.0 0.0 57.4 66.8 12.4 10.7 93.7 84.0 6.3 DCRS_-_Antônio_Prado/Flores_da_Cunha_(292_m) -999.9 -999.9 988.2 985.4 985.7 10.3 9.3 7.0 Rio_Grande_do_Sul DCRS -999.9 0.0 0.0 nan nan nan 0 nan nan nan nan nan
-28.939899 -51.188499 DCRS-00087 2026-09-14_06:39 11.1 -999.9 -999.9 92.4 -999.9 -999.9 9.9 -999.9 -999.9 985.7 -999.9 -999.9 0.0 -999.9 4.8 8.0 0.0 0.0 0.0 0.0 57.4 66.8 12.4 10.7 93.7 84.0 6.3 DCRS_-_Antônio_Prado/Flores_da_Cunha_(292_m) -999.9 -999.9 988.2 985.4 985.7 10.3 9.3 8.0 Rio_Grande_do_Sul DCRS -999.9 0.0 0.0 nan nan nan 0 nan nan nan nan nan
-28.939899 -51.188499 DCRS-00087 2026-09-14_06:40 11.0 -999.9 -999.9 92.5 -999.9 -999.9 9.8 -999.9 -999.9 985.7 -999.9 -999.9 0.0 -999.9 3.1 9.0 0.0 0.0 0.0 0.0 57.4 66.8 12.4 10.7 93.7 84.0 6.3 DCRS_-_Antônio_Prado/Flores_da_Cunha_(292_m) -999.9 -999.9 988.2 985.4 985.7 10.3 9.3 9.0 Rio_Grande_do_Sul DCRS -999.9 0.0 0.0 nan nan nan 0 nan nan nan nan nan
-28.939899 -51.188499 DCRS-00087 2026-09-14_06:41 11.1 -999.9 -999.9 92.5 -999.9 -999.9 9.9 -999.9 -999.9 985.7 -999.9 -999.9 0.0 -999.9 3.1 9.0 0.0 0.0 0.0 0.0 57.4 66.8 12.4 10.7 93.7 84.0 6.3 DCRS_-_Antônio_Prado/Flores_da_Cunha_(292_m) -999.9 -999.9 988.2 985.4 985.7 10.3 9.3 9.0 Rio_Grande_do_Sul DCRS -999.9 0.0 0.0 nan nan nan 0 nan nan nan nan nan
-28.939899 -51.188499 DCRS-00087 2026-09-14_06:42 11.1 -999.9 -999.9 92.6 -999.9 -999.9 9.9 -999.9 -999.9 985.7 -999.9 -999.9 0.0 -999.9 3.1 10.0 0.0 0.0 0.0 0.0 57.4 66.8 12.4 10.7 93.7 84.0 6.3 DCRS_-_Antônio_Prado/Flores_da_Cunha_(292_m) -999.9 -999.9 988.2 985.4 985.7 10.3 9.3 10.0 Rio_Grande_do_Sul DCRS -999.9 0.0 0.0 nan nan nan 0 nan nan nan nan nan
-28.939899 -51.188499 DCRS-00087 2026-09-14_06:43 11.1 -999.9 -999.9 92.6 -999.9 -999.9 9.9 -999.9 -999.9 985.7 -999.9 -999.9 0.0 -999.9 3.1 10.0 0.0 0.0 0.0 0.0 57.4 66.8 12.4 10.7 93.7 84.0 6.3 DCRS_-_Antônio_Prado/Flores_da_Cunha_(292_m) -999.9 -999.9 988.2 985.4 985.7 10.3 9.3 10.0 Rio_Grande_do_Sul DCRS -999.9 0.0 0.0 nan nan nan 0 nan nan nan nan nan
-28.939899 -51.188499 DCRS-00087 2026-09-14_06:44 11.1 -999.9 -999.9 92.7 -999.9 -999.9 9.9 -999.9 -999.9 985.7 -999.9 -999.9 0.0 -999.9 3.1 10.0 0.0 0.0 0.0 0.0 57.4 66.8 12.4 10.7 93.7 84.0 6.3 DCRS_-_Antônio_Prado/Flores_da_Cunha_(292_m) -999.9 -999.9 988.2 985.4 985.7 10.3 9.3 10.0 Rio_Grande_do_Sul DCRS -999.9 0.0 0.0 nan nan nan 0 nan nan nan nan nan
-28.939899 -51.188499 DCRS-00087 2026-09-14_06:45 11.1 -999.9 -999.9 92.8 -999.9 -999.9 10.0 -999.9 -999.9 985.7 -999.9 -999.9 0.0 -999.9 0.0 10.0 0.0 0.0 0.0 0.0 57.4 66.8 12.4 10.7 93.7 84.0 6.3 DCRS_-_Antônio_Prado/Flores_da_Cunha_(292_m) -999.9 -999.9 988.2 985.4 985.7 10.3 9.3 10.0 Rio_Grande_do_Sul DCRS -999.9 0.0 0.0 nan nan nan 0 nan nan nan nan nan
-28.939899 -51.188499 DCRS-00087 2026-09-14_06:46 11.1 -999.9 -999.9 92.7 -999.9 -999.9 9.9 -999.9 -999.9 985.7 -999.9 -999.9 0.0 -999.9 0.0 11.0 0.0 0.0 0.0 0.0 57.4 66.8 12.4 10.7 93.7 84.0 6.3 DCRS_-_Antônio_Prado/Flores_da_Cunha_(292_m) -999.9 -999.9 988.2 985.4 985.7 10.3 9.3 11.0 Rio_Grande_do_Sul DCRS -999.9 0.0 0.0 nan nan nan 0 nan nan nan nan nan
-28.939899 -51.188499 DCRS-00087 2026-09-14_06:47 11.1 -999.9 -999.9 92.7 -999.9 -999.9 9.9 -999.9 -999.9 985.7 -999.9 -999.9 0.0 -999.9 0.0 11.0 0.0 0.0 0.0 0.0 57.4 66.8 12.4 10.7 93.7 84.0 6.3 DCRS_-_Antônio_Prado/Flores_da_Cunha_(292_m) -999.9 -999.9 988.2 985.4 985.7 10.3 9.3 11.0 Rio_Grande_do_Sul DCRS -999.9 0.0 0.0 nan nan nan 0 nan nan nan nan nan
-28.939899 -51.188499 DCRS-00087 2026-09-14_06:48 11.1 -999.9 -999.9 92.4 -999.9 -999.9 9.9 -999.9 -999.9 985.7 -999.9 -999.9 0.0 -999.9 0.0 10.0 0.0 0.0 0.0 0.0 57.4 66.8 12.4 10.7 93.7 84.0 6.3 DCRS_-_Antônio_Prado/Flores_da_Cunha_(292_m) -999.9 -999.9 988.2 985.4 985.7 10.3 9.3 11.0 Rio_Grande_do_Sul DCRS -999.9 0.0 0.0 nan nan nan 0 nan nan nan nan nan
-28.939899 -51.188499 DCRS-00087 2026-09-14_06:49 11.1 -999.9 -999.9 92.2 -999.9 -999.9 9.9 -999.9 -999.9 985.7 -999.9 -999.9 0.0 -999.9 0.0 10.0 0.0 0.0 0.0 0.0 57.4 66.8 12.4 10.7 93.7 84.0 6.3 DCRS_-_Antônio_Prado/Flores_da_Cunha_(292_m) -999.9 -999.9 988.2 985.4 985.7 10.3 9.3 11.0 Rio_Grande_do_Sul DCRS -999.9 0.0 0.0 nan nan nan 0 nan nan nan nan nan
-28.939899 -51.188499 DCRS-00087 2026-09-14_06:50 11.1 -999.9 -999.9 92.1 -999.9 -999.9 9.9 -999.9 -999.9 985.7 -999.9 -999.9 0.0 -999.9 0.0 11.0 0.0 0.0 0.0 0.0 57.4 66.8 12.4 10.7 93.7 84.0 6.3 DCRS_-_Antônio_Prado/Flores_da_Cunha_(292_m) -999.9 -999.9 988.2 985.4 985.7 10.3 9.3 11.0 Rio_Grande_do_Sul DCRS -999.9 0.0 0.0 nan nan nan 0 nan nan nan nan nan
-28.939899 -51.188499 DCRS-00087 2026-09-14_06:51 11.1 -999.9 -999.9 92.2 -999.9 -999.9 9.9 -999.9 -999.9 985.7 -999.9 -999.9 0.0 -999.9 0.0 12.0 0.0 0.0 0.0 0.0 57.4 66.8 12.4 10.7 93.7 84.0 6.3 DCRS_-_Antônio_Prado/Flores_da_Cunha_(292_m) -999.9 -999.9 988.2 985.4 985.7 10.3 9.3 12.0 Rio_Grande_do_Sul DCRS -999.9 0.0 0.0 nan nan nan 0 nan nan nan nan nan
-28.939899 -51.188499 DCRS-00087 2026-09-14_06:52 11.1 -999.9 -999.9 92.0 -999.9 -999.9 9.8 -999.9 -999.9 985.7 -999.9 -999.9 0.0 -999.9 0.0 12.0 0.0 0.0 0.0 0.0 57.4 66.8 12.4 10.7 93.7 84.0 6.3 DCRS_-_Antônio_Prado/Flores_da_Cunha_(292_m) -999.9 -999.9 988.2 985.4 985.7 10.3 9.3 12.0 Rio_Grande_do_Sul DCRS -999.9 0.0 0.0 nan nan nan 0 nan nan nan nan nan
-28.939899 -51.188499 DCRS-00087 2026-09-14_06:53 11.2 -999.9 -999.9 92.0 -999.9 -999.9 9.9 -999.9 -999.9 985.7 -999.9 -999.9 0.0 -999.9 0.0 12.0 0.0 0.0 0.0 0.0 57.4 66.8 12.4 10.7 93.7 84.0 6.3 DCRS_-_Antônio_Prado/Flores_da_Cunha_(292_m) -999.9 -999.9 988.2 985.4 985.7 10.3 9.3 12.0 Rio_Grande_do_Sul DCRS -999.9 0.0 0.0 nan nan nan 0 nan nan nan nan nan
-28.939899 -51.188499 DCRS-00087 2026-09-14_06:54 11.2 -999.9 -999.9 91.9 -999.9 -999.9 9.9 -999.9 -999.9 985.7 -999.9 -999.9 0.0 -999.9 0.0 12.0 0.0 0.0 0.0 0.0 57.4 66.8 12.4 10.7 93.7 84.0 6.3 DCRS_-_Antônio_Prado/Flores_da_Cunha_(292_m) -999.9 -999.9 988.2 985.4 985.7 10.3 9.3 12.0 Rio_Grande_do_Sul DCRS -999.9 0.0 0.0 nan nan nan 0 nan nan nan nan nan
-28.939899 -51.188499 DCRS-00087 2026-09-14_06:55 11.2 -999.9 -999.9 91.9 -999.9 -999.9 9.9 -999.9 -999.9 985.7 -999.9 -999.9 0.0 -999.9 1.9 12.0 0.0 0.0 0.0 0.0 57.4 66.8 12.4 10.7 93.7 84.0 6.3 DCRS_-_Antônio_Prado/Flores_da_Cunha_(292_m) -999.9 -999.9 988.2 985.4 985.7 10.3 9.3 12.0 Rio_Grande_do_Sul DCRS -999.9 0.0 0.0 nan nan nan 0 nan nan nan nan nan
-28.939899 -51.188499 DCRS-00087 2026-09-14_06:56 11.2 -999.9 -999.9 91.9 -999.9 -999.9 9.9 -999.9 -999.9 985.7 -999.9 -999.9 0.0 -999.9 1.9 13.0 0.0 0.0 0.0 0.0 57.4 66.8 12.4 10.7 93.7 84.0 6.3 DCRS_-_Antônio_Prado/Flores_da_Cunha_(292_m) -999.9 -999.9 988.2 985.4 985.7 10.3 9.3 13.0 Rio_Grande_do_Sul DCRS -999.9 0.0 0.0 nan nan nan 0 nan nan nan nan nan
-28.939899 -51.188499 DCRS-00087 2026-09-14_06:57 11.3 -999.9 -999.9 91.9 -999.9 -999.9 10.0 -999.9 -999.9 985.7 -999.9 -999.9 0.0 -999.9 1.9 13.0 0.0 0.0 0.0 0.0 57.4 66.8 12.4 10.7 93.7 84.0 6.3 DCRS_-_Antônio_Prado/Flores_da_Cunha_(292_m) -999.9 -999.9 988.2 985.4 985.7 10.3 9.3 13.0 Rio_Grande_do_Sul DCRS -999.9 0.0 0.0 nan nan nan 0 nan nan nan nan nan
-28.939899 -51.188499 DCRS-00087 2026-09-14_06:58 11.2 -999.9 -999.9 92.0 -999.9 -999.9 9.9 -999.9 -999.9 985.7 -999.9 -999.9 0.0 -999.9 1.9 14.0 0.0 0.0 0.0 0.0 57.4 66.8 12.4 10.7 93.7 84.0 6.3 DCRS_-_Antônio_Prado/Flores_da_Cunha_(292_m) -999.9 -999.9 988.2 985.4 985.7 10.3 9.3 14.0 Rio_Grande_do_Sul DCRS -999.9 0.0 0.0 nan nan nan 0 nan nan nan nan nan
-28.939899 -51.188499 DCRS-00087 2026-09-14_06:59 11.3 -999.9 -999.9 92.1 -999.9 -999.9 10.0 -999.9 -999.9 985.7 -999.9 -999.9 0.0 -999.9 1.9 14.0 0.0 0.0 0.0 0.0 57.4 66.8 12.4 10.7 93.7 84.0 6.3 DCRS_-_Antônio_Prado/Flores_da_Cunha_(292_m) -999.9 -999.9 988.2 985.4 985.7 10.3 9.3 14.0 Rio_Grande_do_Sul DCRS -999.9 0.0 0.0 nan nan nan 0 nan nan nan nan nan
-28.939899 -51.188499 DCRS-00087 2026-09-14_07:00 11.3 -999.9 -999.9 92.2 -999.9 -999.9 10.1 -999.9 -999.9 985.7 -999.9 -999.9 0.0 -999.9 0.0 15.0 0.0 0.0 0.0 0.0 57.4 66.8 12.4 10.7 93.7 84.0 6.3 DCRS_-_Antônio_Prado/Flores_da_Cunha_(292_m) -999.9 -999.9 988.2 985.4 985.7 10.3 9.3 15.0 Rio_Grande_do_Sul DCRS -999.9 0.0 0.0 nan nan nan 0 nan nan nan nan nan
-28.939899 -51.188499 DCRS-00087 2026-09-14_07:01 11.3 -999.9 -999.9 92.3 -999.9 -999.9 10.1 -999.9 -999.9 985.7 -999.9 -999.9 0.0 -999.9 0.0 15.0 0.0 0.0 0.0 0.0 57.4 66.8 12.4 10.7 93.7 84.0 6.3 DCRS_-_Antônio_Prado/Flores_da_Cunha_(292_m) -999.9 -999.9 988.2 985.4 985.7 10.3 9.3 15.0 Rio_Grande_do_Sul DCRS -999.9 0.0 0.0 nan nan nan 0 nan nan nan nan nan
-28.939899 -51.188499 DCRS-00087 2026-09-14_07:02 11.3 -999.9 -999.9 92.4 -999.9 -999.9 10.1 -999.9 -999.9 985.7 -999.9 -999.9 0.0 -999.9 0.0 17.0 0.0 0.0 0.0 0.0 57.4 66.8 12.4 10.7 93.7 84.0 6.3 DCRS_-_Antônio_Prado/Flores_da_Cunha_(292_m) -999.9 -999.9 988.2 985.4 985.7 10.3 9.3 17.0 Rio_Grande_do_Sul DCRS -999.9 0.0 0.0 nan nan nan 0 nan nan nan nan nan
-28.939899 -51.188499 DCRS-00087 2026-09-14_07:03 11.3 -999.9 -999.9 92.5 -999.9 -999.9 10.1 -999.9 -999.9 985.7 -999.9 -999.9 0.0 -999.9 0.0 18.0 0.0 0.0 0.0 0.0 57.4 66.8 12.4 10.7 93.7 84.0 6.3 DCRS_-_Antônio_Prado/Flores_da_Cunha_(292_m) -999.9 -999.9 988.2 985.4 985.7 10.3 9.3 18.0 Rio_Grande_do_Sul DCRS -999.9 0.0 0.0 nan nan nan 0 nan nan nan nan nan
-28.939899 -51.188499 DCRS-00087 2026-09-14_07:04 11.3 -999.9 -999.9 92.5 -999.9 -999.9 10.1 -999.9 -999.9 985.7 -999.9 -999.9 0.0 -999.9 0.0 19.0 0.0 0.0 0.0 0.0 57.4 66.8 12.4 10.7 93.7 84.0 6.3 DCRS_-_Antônio_Prado/Flores_da_Cunha_(292_m) -999.9 -999.9 988.2 985.4 985.7 10.3 9.3 19.0 Rio_Grande_do_Sul DCRS -999.9 0.0 0.0 nan nan nan 0 nan nan nan nan nan
-28.939899 -51.188499 DCRS-00087 2026-09-14_07:05 11.3 -999.9 -999.9 92.5 -999.9 -999.9 10.1 -999.9 -999.9 985.6 -999.9 -999.9 0.0 -999.9 0.0 20.0 0.0 0.0 0.0 0.0 57.4 66.8 12.4 10.7 93.7 84.0 6.3 DCRS_-_Antônio_Prado/Flores_da_Cunha_(292_m) -999.9 -999.9 988.2 985.4 985.6 10.3 9.3 20.0 Rio_Grande_do_Sul DCRS -999.9 0.0 0.0 nan nan nan 0 nan nan nan nan nan
-28.939899 -51.188499 DCRS-00087 2026-09-14_07:06 11.3 -999.9 -999.9 92.5 -999.9 -999.9 10.1 -999.9 -999.9 985.6 -999.9 -999.9 0.0 -999.9 0.0 21.0 0.0 0.0 0.0 0.0 57.4 66.8 12.4 10.7 93.7 84.0 6.3 DCRS_-_Antônio_Prado/Flores_da_Cunha_(292_m) -999.9 -999.9 988.2 985.4 985.6 10.3 9.3 21.0 Rio_Grande_do_Sul DCRS -999.9 0.0 0.0 nan nan nan 0 nan nan nan nan nan
-28.939899 -51.188499 DCRS-00087 2026-09-14_07:07 11.3 -999.9 -999.9 92.5 -999.9 -999.9 10.1 -999.9 -999.9 985.6 -999.9 -999.9 0.0 -999.9 0.0 22.0 0.0 0.0 0.0 0.0 57.4 66.8 12.4 10.7 93.7 84.0 6.3 DCRS_-_Antônio_Prado/Flores_da_Cunha_(292_m) -999.9 -999.9 988.2 985.4 985.6 10.3 9.3 22.0 Rio_Grande_do_Sul DCRS -999.9 0.0 0.0 nan nan nan 0 nan nan nan nan nan
-28.939899 -51.188499 DCRS-00087 2026-09-14_07:08 11.4 -999.9 -999.9 92.5 -999.9 -999.9 10.2 -999.9 -999.9 985.6 -999.9 -999.9 -999.9 -999.9 0.0 22.0 0.0 0.0 0.0 0.0 57.4 66.8 12.4 10.7 93.7 84.0 6.3 DCRS_-_Antônio_Prado/Flores_da_Cunha_(292_m) -999.9 -999.9 988.2 985.4 985.6 10.3 9.3 22.0 Rio_Grande_do_Sul DCRS -999.9 0.0 0.0 nan nan nan 0 nan nan nan nan nan
-28.939899 -51.188499 DCRS-00087 2026-09-14_07:09 11.3 -999.9 -999.9 92.4 -999.9 -999.9 10.1 -999.9 -999.9 985.6 -999.9 -999.9 0.0 -999.9 0.0 23.0 0.0 0.0 0.0 0.0 57.4 66.8 12.4 10.7 93.7 84.0 6.3 DCRS_-_Antônio_Prado/Flores_da_Cunha_(292_m) -999.9 -999.9 988.2 985.4 985.6 10.3 9.3 23.0 Rio_Grande_do_Sul DCRS -999.9 0.0 0.0 nan nan nan 0 nan nan nan nan nan
-28.939899 -51.188499 DCRS-00087 2026-09-14_07:10 11.4 -999.9 -999.9 92.2 -999.9 -999.9 10.2 -999.9 -999.9 985.6 -999.9 -999.9 0.0 -999.9 2.8 22.0 0.0 0.0 0.0 0.0 57.4 66.8 12.4 10.7 93.7 84.0 6.3 DCRS_-_Antônio_Prado/Flores_da_Cunha_(292_m) -999.9 -999.9 988.2 985.4 985.6 10.3 9.3 23.0 Rio_Grande_do_Sul DCRS -999.9 0.0 0.0 nan nan nan 0 nan nan nan nan nan
-28.939899 -51.188499 DCRS-00087 2026-09-14_07:11 11.4 -999.9 -999.9 92.3 -999.9 -999.9 10.2 -999.9 -999.9 985.6 -999.9 -999.9 0.0 -999.9 2.8 23.0 0.0 0.0 0.0 0.0 57.4 66.8 12.4 10.7 93.7 84.0 6.3 DCRS_-_Antônio_Prado/Flores_da_Cunha_(292_m) -999.9 -999.9 988.2 985.4 985.6 10.3 9.3 23.0 Rio_Grande_do_Sul DCRS -999.9 0.0 0.0 nan nan nan 0 nan nan nan nan nan
-28.939899 -51.188499 DCRS-00087 2026-09-14_07:12 11.4 -999.9 -999.9 92.3 -999.9 -999.9 10.2 -999.9 -999.9 985.6 -999.9 -999.9 0.0 -999.9 2.8 24.0 0.0 0.0 0.0 0.0 57.4 66.8 12.4 10.7 93.7 84.0 6.3 DCRS_-_Antônio_Prado/Flores_da_Cunha_(292_m) -999.9 -999.9 988.2 985.4 985.6 10.3 9.3 24.0 Rio_Grande_do_Sul DCRS -999.9 0.0 0.0 nan nan nan 0 nan nan nan nan nan
-28.939899 -51.188499 DCRS-00087 2026-09-14_07:13 11.5 -999.9 -999.9 92.4 -999.9 -999.9 10.3 -999.9 -999.9 985.6 -999.9 -999.9 0.0 -999.9 2.8 26.0 0.0 0.0 0.0 0.0 57.4 66.8 12.4 10.7 93.7 84.0 6.3 DCRS_-_Antônio_Prado/Flores_da_Cunha_(292_m) -999.9 -999.9 988.2 985.4 985.6 10.3 9.3 26.0 Rio_Grande_do_Sul DCRS -999.9 0.0 0.0 nan nan nan 0 nan nan nan nan nan
-28.939899 -51.188499 DCRS-00087 2026-09-14_07:14 11.4 -999.9 -999.9 92.3 -999.9 -999.9 10.2 -999.9 -999.9 985.6 -999.9 -999.9 2.0 -999.9 2.8 27.0 0.0 0.0 0.0 0.0 57.4 66.8 12.4 10.7 93.7 84.0 6.3 DCRS_-_Antônio_Prado/Flores_da_Cunha_(292_m) -999.9 -999.9 988.2 985.4 985.6 10.3 9.3 27.0 Rio_Grande_do_Sul DCRS -999.9 0.0 0.0 nan nan nan 0 nan nan nan nan nan
-28.939899 -51.188499 DCRS-00087 2026-09-14_07:15 11.5 -999.9 -999.9 92.3 -999.9 -999.9 10.3 -999.9 -999.9 985.6 -999.9 -999.9 0.0 -999.9 3.9 27.0 0.0 0.0 0.0 0.0 57.4 66.8 12.4 10.7 93.7 84.0 6.3 DCRS_-_Antônio_Prado/Flores_da_Cunha_(292_m) -999.9 -999.9 988.2 985.4 985.6 10.3 9.3 27.0 Rio_Grande_do_Sul DCRS -999.9 0.0 0.0 nan nan nan 0 nan nan nan nan nan
-28.939899 -51.188499 DCRS-00087 2026-09-14_07:16 11.5 -999.9 -999.9 92.0 -999.9 -999.9 10.2 -999.9 -999.9 985.6 -999.9 -999.9 0.0 -999.9 3.9 27.0 0.0 0.0 0.0 0.0 57.4 66.8 12.4 10.7 93.7 84.0 6.3 DCRS_-_Antônio_Prado/Flores_da_Cunha_(292_m) -999.9 -999.9 988.2 985.4 985.6 10.3 9.3 27.0 Rio_Grande_do_Sul DCRS -999.9 0.0 0.0 nan nan nan 0 nan nan nan nan nan
-28.939899 -51.188499 DCRS-00087 2026-09-14_07:17 11.5 -999.9 -999.9 92.0 -999.9 -999.9 10.2 -999.9 -999.9 985.6 -999.9 -999.9 0.0 -999.9 3.9 28.0 0.0 0.0 0.0 0.0 57.4 66.8 12.4 10.7 93.7 84.0 6.3 DCRS_-_Antônio_Prado/Flores_da_Cunha_(292_m) -999.9 -999.9 988.2 985.4 985.6 10.3 9.3 28.0 Rio_Grande_do_Sul DCRS -999.9 0.0 0.0 nan nan nan 0 nan nan nan nan nan
-28.939899 -51.188499 DCRS-00087 2026-09-14_07:18 11.6 -999.9 -999.9 92.1 -999.9 -999.9 10.3 -999.9 -999.9 985.6 -999.9 -999.9 0.0 -999.9 3.9 28.0 0.0 0.0 0.0 0.0 57.4 66.8 12.4 10.7 93.7 84.0 6.3 DCRS_-_Antônio_Prado/Flores_da_Cunha_(292_m) -999.9 -999.9 988.2 985.4 985.6 10.3 9.3 28.0 Rio_Grande_do_Sul DCRS -999.9 0.0 0.0 nan nan nan 0 nan nan nan nan nan
-28.939899 -51.188499 DCRS-00087 2026-09-14_07:19 11.6 -999.9 -999.9 92.1 -999.9 -999.9 10.3 -999.9 -999.9 985.6 -999.9 -999.9 0.0 -999.9 3.9 29.0 0.0 0.0 0.0 0.0 57.4 66.8 12.4 10.7 93.7 84.0 6.3 DCRS_-_Antônio_Prado/Flores_da_Cunha_(292_m) -999.9 -999.9 988.2 985.4 985.6 10.3 9.3 29.0 Rio_Grande_do_Sul DCRS -999.9 0.0 0.0 nan nan nan 0 nan nan nan nan nan
-28.939899 -51.188499 DCRS-00087 2026-09-14_07:20 11.6 -999.9 -999.9 91.8 -999.9 -999.9 10.3 -999.9 -999.9 985.5 -999.9 -999.9 1.9 -999.9 1.9 29.0 0.0 0.0 0.0 0.0 57.4 66.8 12.4 10.7 93.7 84.0 6.3 DCRS_-_Antônio_Prado/Flores_da_Cunha_(292_m) -999.9 -999.9 988.2 985.4 985.5 10.3 9.3 29.0 Rio_Grande_do_Sul DCRS -999.9 0.0 0.0 nan nan nan 0 nan nan nan nan nan
-28.939899 -51.188499 DCRS-00087 2026-09-14_07:21 11.6 -999.9 -999.9 91.4 -999.9 -999.9 10.2 -999.9 -999.9 985.5 -999.9 -999.9 1.8 -999.9 1.9 30.0 0.0 0.0 0.0 0.0 57.4 66.8 12.4 10.7 93.7 84.0 6.3 DCRS_-_Antônio_Prado/Flores_da_Cunha_(292_m) -999.9 -999.9 988.2 985.4 985.5 10.3 9.3 30.0 Rio_Grande_do_Sul DCRS -999.9 0.0 0.0 nan nan nan 0 nan nan nan nan nan
-28.939899 -51.188499 DCRS-00087 2026-09-14_07:22 11.6 -999.9 -999.9 91.5 -999.9 -999.9 10.2 -999.9 -999.9 985.4 -999.9 -999.9 1.8 -999.9 1.9 31.0 0.0 0.0 0.0 0.0 57.4 66.8 12.4 10.7 93.7 84.0 6.3 DCRS_-_Antônio_Prado/Flores_da_Cunha_(292_m) -999.9 -999.9 988.2 985.4 985.4 10.3 9.3 31.0 Rio_Grande_do_Sul DCRS -999.9 0.0 0.0 nan nan nan 0 nan nan nan nan nan
-28.939899 -51.188499 DCRS-00087 2026-09-14_07:23 11.6 -999.9 -999.9 91.5 -999.9 -999.9 10.2 -999.9 -999.9 985.4 -999.9 -999.9 0.0 -999.9 1.9 32.0 0.0 0.0 0.0 0.0 57.4 66.8 12.4 10.7 93.7 84.0 6.3 DCRS_-_Antônio_Prado/Flores_da_Cunha_(292_m) -999.9 -999.9 988.2 985.4 985.4 10.3 9.3 32.0 Rio_Grande_do_Sul DCRS -999.9 0.0 0.0 nan nan nan 0 nan nan nan nan nan
-28.939899 -51.188499 DCRS-00087 2026-09-14_07:24 11.7 -999.9 -999.9 91.3 -999.9 -999.9 10.3 -999.9 -999.9 985.4 -999.9 -999.9 0.0 -999.9 1.9 32.0 0.0 0.0 0.0 0.0 57.4 66.8 12.4 10.7 93.7 84.0 6.3 DCRS_-_Antônio_Prado/Flores_da_Cunha_(292_m) -999.9 -999.9 988.2 985.4 985.4 10.3 9.3 32.0 Rio_Grande_do_Sul DCRS -999.9 0.0 0.0 nan nan nan 0 nan nan nan nan nan
-28.939899 -51.188499 DCRS-00087 2026-09-14_07:25 11.6 -999.9 -999.9 91.2 -999.9 -999.9 10.2 -999.9 -999.9 985.4 -999.9 -999.9 0.0 -999.9 3.7 32.0 0.0 0.0 0.0 0.0 57.4 66.8 12.4 10.7 93.7 84.0 6.3 DCRS_-_Antônio_Prado/Flores_da_Cunha_(292_m) -999.9 -999.9 988.2 985.4 985.4 10.3 9.3 32.0 Rio_Grande_do_Sul DCRS -999.9 0.0 0.0 nan nan nan 0 nan nan nan nan nan
-28.939899 -51.188499 DCRS-00087 2026-09-14_07:26 11.7 -999.9 -999.9 91.5 -999.9 -999.9 10.3 -999.9 -999.9 985.4 -999.9 -999.9 0.0 -999.9 3.7 33.0 0.0 0.0 0.0 0.0 57.4 66.8 12.4 10.7 93.7 84.0 6.3 DCRS_-_Antônio_Prado/Flores_da_Cunha_(292_m) -999.9 -999.9 988.2 985.4 985.4 10.3 9.3 33.0 Rio_Grande_do_Sul DCRS -999.9 0.0 0.0 nan nan nan 0 nan nan nan nan nan
-28.939899 -51.188499 DCRS-00087 2026-09-14_07:27 11.7 -999.9 -999.9 91.7 -999.9 -999.9 10.4 -999.9 -999.9 985.3 -999.9 -999.9 0.0 -999.9 3.7 34.0 0.0 0.0 0.0 0.0 57.4 66.8 12.4 10.7 93.7 84.0 6.3 DCRS_-_Antônio_Prado/Flores_da_Cunha_(292_m) -999.9 -999.9 988.2 985.3 985.3 10.4 9.3 34.0 Rio_Grande_do_Sul DCRS -999.9 0.0 0.0 nan nan nan 0 nan nan nan nan nan
-28.939899 -51.188499 DCRS-00087 2026-09-14_07:28 11.8 -999.9 -999.9 91.6 -999.9 -999.9 10.5 -999.9 -999.9 985.3 -999.9 -999.9 0.0 -999.9 3.7 34.0 0.0 0.0 0.0 0.0 57.4 66.8 12.4 10.7 93.7 84.0 6.3 DCRS_-_Antônio_Prado/Flores_da_Cunha_(292_m) -999.9 -999.9 988.2 985.3 985.3 10.5 9.3 34.0 Rio_Grande_do_Sul DCRS -999.9 0.0 0.0 nan nan nan 0 nan nan nan nan nan
-28.939899 -51.188499 DCRS-00087 2026-09-14_07:29 11.7 -999.9 -999.9 91.6 -999.9 -999.9 10.4 -999.9 -999.9 985.3 -999.9 -999.9 0.0 -999.9 3.7 35.0 0.0 0.0 0.0 0.0 57.4 66.8 12.4 10.7 93.7 84.0 6.3 DCRS_-_Antônio_Prado/Flores_da_Cunha_(292_m) -999.9 -999.9 988.2 985.3 985.3 10.5 9.3 35.0 Rio_Grande_do_Sul DCRS -999.9 0.0 0.0 nan nan nan 0 nan nan nan nan nan
-28.939899 -51.188499 DCRS-00087 2026-09-14_07:30 11.8 -999.9 -999.9 91.7 -999.9 -999.9 10.5 -999.9 -999.9 985.3 -999.9 -999.9 0.0 -999.9 2.0 34.0 0.0 0.0 0.0 0.0 57.4 66.8 12.4 10.7 93.7 84.0 6.3 DCRS_-_Antônio_Prado/Flores_da_Cunha_(292_m) -999.9 -999.9 988.2 985.3 985.3 10.5 9.3 35.0 Rio_Grande_do_Sul DCRS -999.9 0.0 0.0 nan nan nan 0 nan nan nan nan nan
-28.939899 -51.188499 DCRS-00087 2026-09-14_07:31 11.8 -999.9 -999.9 91.6 -999.9 -999.9 10.5 -999.9 -999.9 985.3 -999.9 -999.9 0.0 -999.9 2.0 34.0 0.0 0.0 0.0 0.0 57.4 66.8 12.4 10.7 93.7 84.0 6.3 DCRS_-_Antônio_Prado/Flores_da_Cunha_(292_m) -999.9 -999.9 988.2 985.3 985.3 10.5 9.3 35.0 Rio_Grande_do_Sul DCRS -999.9 0.0 0.0 nan nan nan 0 nan nan nan nan nan
-28.939899 -51.188499 DCRS-00087 2026-09-14_07:32 11.8 -999.9 -999.9 91.2 -999.9 -999.9 10.4 -999.9 -999.9 985.3 -999.9 -999.9 0.0 -999.9 2.0 36.0 0.0 0.0 0.0 0.0 57.4 66.8 12.4 10.7 93.7 84.0 6.3 DCRS_-_Antônio_Prado/Flores_da_Cunha_(292_m) -999.9 -999.9 988.2 985.3 985.3 10.5 9.3 36.0 Rio_Grande_do_Sul DCRS -999.9 0.0 0.0 nan nan nan 0 nan nan nan nan nan
-28.939899 -51.188499 DCRS-00087 2026-09-14_07:33 11.8 -999.9 -999.9 91.0 -999.9 -999.9 10.4 -999.9 -999.9 985.2 -999.9 -999.9 0.0 -999.9 2.0 38.0 0.0 0.0 0.0 0.0 57.4 66.8 12.4 10.7 93.7 84.0 6.3 DCRS_-_Antônio_Prado/Flores_da_Cunha_(292_m) -999.9 -999.9 988.2 985.2 985.2 10.5 9.3 38.0 Rio_Grande_do_Sul DCRS -999.9 0.0 0.0 nan nan nan 0 nan nan nan nan nan
-28.939899 -51.188499 DCRS-00087 2026-09-14_07:34 11.8 -999.9 -999.9 91.0 -999.9 -999.9 10.4 -999.9 -999.9 985.2 -999.9 -999.9 0.0 -999.9 2.0 38.0 0.0 0.0 0.0 0.0 57.4 66.8 12.4 10.7 93.7 84.0 6.3 DCRS_-_Antônio_Prado/Flores_da_Cunha_(292_m) -999.9 -999.9 988.2 985.2 985.2 10.5 9.3 38.0 Rio_Grande_do_Sul DCRS -999.9 0.0 0.0 nan nan nan 0 nan nan nan nan nan
-28.939899 -51.188499 DCRS-00087 2026-09-14_07:35 11.8 -999.9 -999.9 90.9 -999.9 -999.9 10.3 -999.9 -999.9 985.2 -999.9 -999.9 0.0 -999.9 2.2 39.0 0.0 0.0 0.0 0.0 57.4 66.8 12.4 10.7 93.7 84.0 6.3 DCRS_-_Antônio_Prado/Flores_da_Cunha_(292_m) -999.9 -999.9 988.2 985.2 985.2 10.5 9.3 39.0 Rio_Grande_do_Sul DCRS -999.9 0.0 0.0 nan nan nan 0 nan nan nan nan nan
-28.939899 -51.188499 DCRS-00087 2026-09-14_07:36 11.8 -999.9 -999.9 90.5 -999.9 -999.9 10.3 -999.9 -999.9 985.2 -999.9 -999.9 0.0 -999.9 2.2 39.0 0.0 0.0 0.0 0.0 57.4 66.8 12.4 10.7 93.7 84.0 6.3 DCRS_-_Antônio_Prado/Flores_da_Cunha_(292_m) -999.9 -999.9 988.2 985.2 985.2 10.5 9.3 39.0 Rio_Grande_do_Sul DCRS -999.9 0.0 0.0 nan nan nan 0 nan nan nan nan nan
-28.939899 -51.188499 DCRS-00087 2026-09-14_07:37 11.8 -999.9 -999.9 89.9 -999.9 -999.9 10.2 -999.9 -999.9 985.2 -999.9 -999.9 1.9 -999.9 2.2 38.0 0.0 0.0 0.0 0.0 57.4 66.8 12.4 10.7 93.7 84.0 6.3 DCRS_-_Antônio_Prado/Flores_da_Cunha_(292_m) -999.9 -999.9 988.2 985.2 985.2 10.5 9.3 39.0 Rio_Grande_do_Sul DCRS -999.9 0.0 0.0 nan nan nan 0 nan nan nan nan nan
-28.939899 -51.188499 DCRS-00087 2026-09-14_07:38 11.8 -999.9 -999.9 89.7 -999.9 -999.9 10.1 -999.9 -999.9 985.2 -999.9 -999.9 0.0 -999.9 2.2 37.0 0.0 0.0 0.0 0.0 57.4 66.8 12.4 10.7 93.7 84.0 6.3 DCRS_-_Antônio_Prado/Flores_da_Cunha_(292_m) -999.9 -999.9 988.2 985.2 985.2 10.5 9.3 39.0 Rio_Grande_do_Sul DCRS -999.9 0.0 0.0 nan nan nan 0 nan nan nan nan nan
-28.939899 -51.188499 DCRS-00087 2026-09-14_07:39 11.9 -999.9 -999.9 89.9 -999.9 -999.9 10.3 -999.9 -999.9 985.2 -999.9 -999.9 -999.9 -999.9 2.2 36.0 0.0 0.0 0.0 0.0 57.4 66.8 12.4 10.7 93.7 84.0 6.3 DCRS_-_Antônio_Prado/Flores_da_Cunha_(292_m) -999.9 -999.9 988.2 985.2 985.2 10.5 9.3 39.0 Rio_Grande_do_Sul DCRS -999.9 0.0 0.0 nan nan nan 0 nan nan nan nan nan
-28.939899 -51.188499 DCRS-00087 2026-09-14_07:40 11.9 -999.9 -999.9 90.2 -999.9 -999.9 10.3 -999.9 -999.9 985.1 -999.9 -999.9 1.8 -999.9 3.7 37.0 0.0 0.0 0.0 0.0 57.4 66.8 12.4 10.7 93.7 84.0 6.3 DCRS_-_Antônio_Prado/Flores_da_Cunha_(292_m) -999.9 -999.9 988.2 985.1 985.1 10.5 9.3 39.0 Rio_Grande_do_Sul DCRS -999.9 0.0 0.0 nan nan nan 0 nan nan nan nan nan
-28.939899 -51.188499 DCRS-00087 2026-09-14_07:41 11.9 -999.9 -999.9 89.9 -999.9 -999.9 10.3 -999.9 -999.9 985.1 -999.9 -999.9 -999.9 -999.9 3.7 39.0 0.0 0.0 0.0 0.0 57.4 66.8 12.4 10.7 93.7 84.0 6.3 DCRS_-_Antônio_Prado/Flores_da_Cunha_(292_m) -999.9 -999.9 988.2 985.1 985.1 10.5 9.3 39.0 Rio_Grande_do_Sul DCRS -999.9 0.0 0.0 nan nan nan 0 nan nan nan nan nan
-28.939899 -51.188499 DCRS-00087 2026-09-14_07:42 11.9 -999.9 -999.9 89.3 -999.9 -999.9 10.2 -999.9 -999.9 985.1 -999.9 -999.9 2.5 -999.9 3.7 41.0 0.0 0.0 0.0 0.0 57.4 66.8 12.4 10.7 93.7 84.0 6.3 DCRS_-_Antônio_Prado/Flores_da_Cunha_(292_m) -999.9 -999.9 988.2 985.1 985.1 10.5 9.3 41.0 Rio_Grande_do_Sul DCRS -999.9 0.0 0.0 nan nan nan 0 nan nan nan nan nan
-28.939899 -51.188499 DCRS-00087 2026-09-14_07:43 11.8 -999.9 -999.9 88.8 -999.9 -999.9 10.0 -999.9 -999.9 985.1 -999.9 -999.9 2.9 -999.9 3.7 41.0 0.0 0.0 0.0 0.0 57.4 66.8 12.4 10.7 93.7 84.0 6.3 DCRS_-_Antônio_Prado/Flores_da_Cunha_(292_m) -999.9 -999.9 988.2 985.1 985.1 10.5 9.3 41.0 Rio_Grande_do_Sul DCRS -999.9 0.0 0.0 nan nan nan 0 nan nan nan nan nan
-28.939899 -51.188499 DCRS-00087 2026-09-14_07:44 11.8 -999.9 -999.9 88.6 -999.9 -999.9 10.0 -999.9 -999.9 985.0 -999.9 -999.9 1.9 -999.9 3.7 41.0 0.0 0.0 0.0 0.0 57.4 66.8 12.4 10.7 93.7 84.0 6.3 DCRS_-_Antônio_Prado/Flores_da_Cunha_(292_m) -999.9 -999.9 988.2 985.0 985.0 10.5 9.3 41.0 Rio_Grande_do_Sul DCRS -999.9 0.0 0.0 nan nan nan 0 nan nan nan nan nan
-28.939899 -51.188499 DCRS-00087 2026-09-14_07:45 11.8 -999.9 -999.9 88.9 -999.9 -999.9 10.0 -999.9 -999.9 985.0 -999.9 -999.9 2.4 -999.9 4.5 42.0 0.0 0.0 0.0 0.0 57.4 66.8 12.4 10.7 93.7 84.0 6.3 DCRS_-_Antônio_Prado/Flores_da_Cunha_(292_m) -999.9 -999.9 988.2 985.0 985.0 10.5 9.3 42.0 Rio_Grande_do_Sul DCRS -999.9 0.0 0.0 nan nan nan 0 nan nan nan nan nan
-28.939899 -51.188499 DCRS-00087 2026-09-14_07:46 11.9 -999.9 -999.9 88.5 -999.9 -999.9 10.0 -999.9 -999.9 985.0 -999.9 -999.9 1.8 -999.9 4.5 44.0 0.0 0.0 0.0 0.0 57.4 66.8 12.4 10.7 93.7 84.0 6.3 DCRS_-_Antônio_Prado/Flores_da_Cunha_(292_m) -999.9 -999.9 988.2 985.0 985.0 10.5 9.3 44.0 Rio_Grande_do_Sul DCRS -999.9 0.0 0.0 nan nan nan 0 nan nan nan nan nan
-28.939899 -51.188499 DCRS-00087 2026-09-14_07:47 11.9 -999.9 -999.9 87.8 -999.9 -999.9 9.9 -999.9 -999.9 985.0 -999.9 -999.9 0.0 -999.9 4.5 50.0 0.0 0.0 0.0 0.0 57.4 66.8 12.4 10.7 93.7 84.0 6.3 DCRS_-_Antônio_Prado/Flores_da_Cunha_(292_m) -999.9 -999.9 988.2 985.0 985.0 10.5 9.3 50.0 Rio_Grande_do_Sul DCRS -999.9 0.0 0.0 nan nan nan 0 nan nan nan nan nan
-28.939899 -51.188499 DCRS-00087 2026-09-14_07:48 11.9 -999.9 -999.9 88.4 -999.9 -999.9 10.0 -999.9 -999.9 985.0 -999.9 -999.9 0.0 -999.9 4.5 56.0 0.0 0.0 0.0 0.0 57.4 66.8 12.4 10.7 93.7 84.0 6.3 DCRS_-_Antônio_Prado/Flores_da_Cunha_(292_m) -999.9 -999.9 988.2 985.0 985.0 10.5 9.3 56.0 Rio_Grande_do_Sul DCRS -999.9 0.0 0.0 nan nan nan 0 nan nan nan nan nan
-28.939899 -51.188499 DCRS-00087 2026-09-14_07:49 11.9 -999.9 -999.9 88.3 -999.9 -999.9 10.0 -999.9 -999.9 985.0 -999.9 -999.9 0.0 -999.9 4.5 60.0 0.0 0.0 0.0 0.0 57.4 66.8 12.4 10.7 93.7 84.0 6.3 DCRS_-_Antônio_Prado/Flores_da_Cunha_(292_m) -999.9 -999.9 988.2 985.0 985.0 10.5 9.3 60.0 Rio_Grande_do_Sul DCRS -999.9 0.0 0.0 nan nan nan 0 nan nan nan nan nan
-28.939899 -51.188499 DCRS-00087 2026-09-14_07:50 12.0 -999.9 -999.9 87.7 -999.9 -999.9 10.0 -999.9 -999.9 985.0 -999.9 -999.9 0.0 -999.9 3.1 65.0 0.0 0.0 0.0 0.0 57.4 66.8 12.4 10.7 93.7 84.0 6.3 DCRS_-_Antônio_Prado/Flores_da_Cunha_(292_m) -999.9 -999.9 988.2 985.0 985.0 10.5 9.3 65.0 Rio_Grande_do_Sul DCRS -999.9 0.0 0.0 nan nan nan 0 nan nan nan nan nan
-28.939899 -51.188499 DCRS-00087 2026-09-14_07:51 11.9 -999.9 -999.9 87.5 -999.9 -999.9 9.9 -999.9 -999.9 985.0 -999.9 -999.9 0.0 -999.9 3.1 66.0 0.0 0.0 0.0 0.0 57.4 66.8 12.4 10.7 93.7 84.0 6.3 DCRS_-_Antônio_Prado/Flores_da_Cunha_(292_m) -999.9 -999.9 988.2 985.0 985.0 10.5 9.3 66.0 Rio_Grande_do_Sul DCRS -999.9 0.0 0.0 nan nan nan 0 nan nan nan nan nan
-28.939899 -51.188499 DCRS-00087 2026-09-14_07:52 12.0 -999.9 -999.9 87.9 -999.9 -999.9 10.0 -999.9 -999.9 985.0 -999.9 -999.9 0.0 -999.9 3.1 67.0 0.0 0.0 0.0 0.0 57.4 66.8 12.4 10.7 93.7 84.0 6.3 DCRS_-_Antônio_Prado/Flores_da_Cunha_(292_m) -999.9 -999.9 988.2 985.0 985.0 10.5 9.3 67.0 Rio_Grande_do_Sul DCRS -999.9 0.0 0.0 nan nan nan 0 nan nan nan nan nan
-28.939899 -51.188499 DCRS-00087 2026-09-14_07:53 12.0 -999.9 -999.9 88.0 -999.9 -999.9 10.1 -999.9 -999.9 985.0 -999.9 -999.9 -999.9 -999.9 3.1 70.0 0.0 0.0 0.0 0.0 57.4 66.8 12.4 10.7 93.7 84.0 6.3 DCRS_-_Antônio_Prado/Flores_da_Cunha_(292_m) -999.9 -999.9 988.2 985.0 985.0 10.5 9.3 70.0 Rio_Grande_do_Sul DCRS -999.9 0.0 0.0 nan nan nan 0 nan nan nan nan nan
-28.939899 -51.188499 DCRS-00087 2026-09-14_07:54 12.0 -999.9 -999.9 88.0 -999.9 -999.9 10.1 -999.9 -999.9 985.0 -999.9 -999.9 2.4 -999.9 3.1 76.0 0.0 0.0 0.0 0.0 57.4 66.8 12.4 10.7 93.7 84.0 6.3 DCRS_-_Antônio_Prado/Flores_da_Cunha_(292_m) -999.9 -999.9 988.2 985.0 985.0 10.5 9.3 76.0 Rio_Grande_do_Sul DCRS -999.9 0.0 0.0 nan nan nan 0 nan nan nan nan nan
-28.939899 -51.188499 DCRS-00087 2026-09-14_07:55 12.0 -999.9 -999.9 87.8 -999.9 -999.9 10.0 -999.9 -999.9 985.0 -999.9 -999.9 0.0 -999.9 5.5 85.0 0.0 0.0 0.0 0.0 57.4 66.8 12.4 10.7 93.7 84.0 6.3 DCRS_-_Antônio_Prado/Flores_da_Cunha_(292_m) -999.9 -999.9 988.2 985.0 985.0 10.5 9.3 85.0 Rio_Grande_do_Sul DCRS -999.9 0.0 0.0 nan nan nan 0 nan nan nan nan nan
-28.939899 -51.188499 DCRS-00087 2026-09-14_07:56 12.1 -999.9 -999.9 88.2 -999.9 -999.9 10.2 -999.9 -999.9 985.0 -999.9 -999.9 2.4 -999.9 5.5 91.0 0.0 0.0 0.0 0.0 57.4 66.8 12.4 10.7 93.7 84.0 6.3 DCRS_-_Antônio_Prado/Flores_da_Cunha_(292_m) -999.9 -999.9 988.2 985.0 985.0 10.5 9.3 91.0 Rio_Grande_do_Sul DCRS -999.9 0.0 0.0 nan nan nan 0 nan nan nan nan nan
-28.939899 -51.188499 DCRS-00087 2026-09-14_07:57 12.2 -999.9 -999.9 88.4 -999.9 -999.9 10.3 -999.9 -999.9 985.0 -999.9 -999.9 1.8 -999.9 5.5 96.0 0.0 0.0 0.0 0.0 57.4 66.8 12.4 10.7 93.7 84.0 6.3 DCRS_-_Antônio_Prado/Flores_da_Cunha_(292_m) -999.9 -999.9 988.2 985.0 985.0 10.5 9.3 96.0 Rio_Grande_do_Sul DCRS -999.9 0.0 0.0 nan nan nan 0 nan nan nan nan nan
-28.939899 -51.188499 DCRS-00087 2026-09-14_07:58 12.2 -999.9 -999.9 88.4 -999.9 -999.9 10.3 -999.9 -999.9 985.0 -999.9 -999.9 0.0 -999.9 5.5 95.0 0.0 0.0 0.0 0.0 57.4 66.8 12.4 10.7 93.7 84.0 6.3 DCRS_-_Antônio_Prado/Flores_da_Cunha_(292_m) -999.9 -999.9 988.2 985.0 985.0 10.5 9.3 96.0 Rio_Grande_do_Sul DCRS -999.9 0.0 0.0 nan nan nan 0 nan nan nan nan nan
-28.939899 -51.188499 DCRS-00087 2026-09-14_07:59 12.2 -999.9 -999.9 89.1 -999.9 -999.9 10.4 -999.9 -999.9 985.1 -999.9 -999.9 2.1 -999.9 5.5 93.0 0.0 0.0 0.0 0.0 57.4 66.8 12.4 10.7 93.7 84.0 6.3 DCRS_-_Antônio_Prado/Flores_da_Cunha_(292_m) -999.9 -999.9 988.2 985.0 985.1 10.5 9.3 96.0 Rio_Grande_do_Sul DCRS -999.9 0.0 0.0 nan nan nan 0 nan nan nan nan nan
-28.939899 -51.188499 DCRS-00087 2026-09-14_08:00 12.3 -999.9 -999.9 88.8 -999.9 -999.9 10.5 -999.9 -999.9 985.1 -999.9 -999.9 3.0 -999.9 3.4 91.0 0.0 0.0 0.0 0.0 57.4 66.8 12.4 10.7 93.7 84.0 6.3 DCRS_-_Antônio_Prado/Flores_da_Cunha_(292_m) -999.9 -999.9 988.2 985.0 985.1 10.5 9.3 96.0 Rio_Grande_do_Sul DCRS -999.9 0.0 0.0 nan nan nan 0 nan nan nan nan nan
-28.939899 -51.188499 DCRS-00087 2026-09-14_08:01 12.4 -999.9 -999.9 88.1 -999.9 -999.9 10.5 -999.9 -999.9 985.1 -999.9 -999.9 0.0 -999.9 3.4 91.0 0.0 0.0 0.0 0.0 57.4 66.8 12.4 10.7 93.7 84.0 6.3 DCRS_-_Antônio_Prado/Flores_da_Cunha_(292_m) -999.9 -999.9 988.2 985.0 985.1 10.5 9.3 96.0 Rio_Grande_do_Sul DCRS -999.9 0.0 0.0 nan nan nan 0 nan nan nan nan nan
-28.939899 -51.188499 DCRS-00087 2026-09-14_08:02 12.3 -999.9 -999.9 87.5 -999.9 -999.9 10.3 -999.9 -999.9 985.1 -999.9 -999.9 1.9 -999.9 3.4 91.0 0.0 0.0 0.0 0.0 57.4 66.8 12.4 10.7 93.7 84.0 6.3 DCRS_-_Antônio_Prado/Flores_da_Cunha_(292_m) -999.9 -999.9 988.2 985.0 985.1 10.5 9.3 96.0 Rio_Grande_do_Sul DCRS -999.9 0.0 0.0 nan nan nan 0 nan nan nan nan nan
-28.939899 -51.188499 DCRS-00087 2026-09-14_08:03 12.4 -999.9 -999.9 87.5 -999.9 -999.9 10.4 -999.9 -999.9 985.1 -999.9 -999.9 0.0 -999.9 3.4 89.0 0.0 0.0 0.0 0.0 57.4 66.8 12.4 10.7 93.7 84.0 6.3 DCRS_-_Antônio_Prado/Flores_da_Cunha_(292_m) -999.9 -999.9 988.2 985.0 985.1 10.5 9.3 96.0 Rio_Grande_do_Sul DCRS -999.9 0.0 0.0 nan nan nan 0 nan nan nan nan nan
-28.939899 -51.188499 DCRS-00087 2026-09-14_08:04 12.4 -999.9 -999.9 88.0 -999.9 -999.9 10.4 -999.9 -999.9 985.1 -999.9 -999.9 2.2 -999.9 3.4 87.0 0.0 0.0 0.0 0.0 57.4 66.8 12.4 10.7 93.7 84.0 6.3 DCRS_-_Antônio_Prado/Flores_da_Cunha_(292_m) -999.9 -999.9 988.2 985.0 985.1 10.5 9.3 96.0 Rio_Grande_do_Sul DCRS -999.9 0.0 0.0 nan nan nan 0 nan nan nan nan nan
-28.939899 -51.188499 DCRS-00087 2026-09-14_08:05 12.4 -999.9 -999.9 86.8 -999.9 -999.9 10.2 -999.9 -999.9 985.1 -999.9 -999.9 2.6 -999.9 3.2 87.0 0.0 0.0 0.0 0.0 57.4 66.8 12.4 10.7 93.7 84.0 6.3 DCRS_-_Antônio_Prado/Flores_da_Cunha_(292_m) -999.9 -999.9 988.2 985.0 985.1 10.5 9.3 96.0 Rio_Grande_do_Sul DCRS -999.9 0.0 0.0 nan nan nan 0 nan nan nan nan nan
-28.939899 -51.188499 DCRS-00087 2026-09-14_08:06 12.5 -999.9 -999.9 86.4 -999.9 -999.9 10.3 -999.9 -999.9 985.0 -999.9 -999.9 3.0 -999.9 3.2 88.0 0.0 0.0 0.0 0.0 57.4 66.8 12.5 10.7 93.7 84.0 6.3 DCRS_-_Antônio_Prado/Flores_da_Cunha_(292_m) -999.9 -999.9 988.2 985.0 985.0 10.5 9.3 96.0 Rio_Grande_do_Sul DCRS -999.9 0.0 0.0 nan nan nan 0 nan nan nan nan nan
-28.939899 -51.188499 DCRS-00087 2026-09-14_08:07 12.5 -999.9 -999.9 86.1 -999.9 -999.9 10.2 -999.9 -999.9 985.0 -999.9 -999.9 -999.9 -999.9 3.2 88.0 0.0 0.0 0.0 0.0 57.4 66.8 12.5 10.7 93.7 84.0 6.3 DCRS_-_Antônio_Prado/Flores_da_Cunha_(292_m) -999.9 -999.9 988.2 985.0 985.0 10.5 9.3 96.0 Rio_Grande_do_Sul DCRS -999.9 0.0 0.0 nan nan nan 0 nan nan nan nan nan
-28.939899 -51.188499 DCRS-00087 2026-09-14_08:08 12.5 -999.9 -999.9 87.2 -999.9 -999.9 10.4 -999.9 -999.9 985.1 -999.9 -999.9 2.7 -999.9 3.2 86.0 0.0 0.0 0.0 0.0 57.4 66.8 12.5 10.7 93.7 84.0 6.3 DCRS_-_Antônio_Prado/Flores_da_Cunha_(292_m) -999.9 -999.9 988.2 985.0 985.1 10.5 9.3 96.0 Rio_Grande_do_Sul DCRS -999.9 0.0 0.0 nan nan nan 0 nan nan nan nan nan
-28.939899 -51.188499 DCRS-00087 2026-09-14_08:09 12.5 -999.9 -999.9 85.6 -999.9 -999.9 10.1 -999.9 -999.9 985.1 -999.9 -999.9 2.2 -999.9 3.2 83.0 0.0 0.0 0.0 0.0 57.4 66.8 12.5 10.7 93.7 84.0 6.3 DCRS_-_Antônio_Prado/Flores_da_Cunha_(292_m) -999.9 -999.9 988.2 985.0 985.1 10.5 9.3 96.0 Rio_Grande_do_Sul DCRS -999.9 0.0 0.0 nan nan nan 0 nan nan nan nan nan
-28.939899 -51.188499 DCRS-00087 2026-09-14_08:10 12.5 -999.9 -999.9 86.5 -999.9 -999.9 10.3 -999.9 -999.9 985.1 -999.9 -999.9 3.0 -999.9 4.1 78.0 0.0 0.0 0.0 0.0 57.4 66.8 12.5 10.7 93.7 84.0 6.3 DCRS_-_Antônio_Prado/Flores_da_Cunha_(292_m) -999.9 -999.9 988.2 985.0 985.1 10.5 9.3 96.0 Rio_Grande_do_Sul DCRS -999.9 0.0 0.0 nan nan nan 0 nan nan nan nan nan
-28.939899 -51.188499 DCRS-00087 2026-09-14_08:11 12.5 -999.9 -999.9 86.1 -999.9 -999.9 10.2 -999.9 -999.9 985.2 -999.9 -999.9 2.8 -999.9 4.1 76.0 0.0 0.0 0.0 0.0 57.4 66.8 12.5 10.7 93.7 84.0 6.3 DCRS_-_Antônio_Prado/Flores_da_Cunha_(292_m) -999.9 -999.9 988.2 985.0 985.2 10.5 9.3 96.0 Rio_Grande_do_Sul DCRS -999.9 0.0 0.0 nan nan nan 0 nan nan nan nan nan
-28.939899 -51.188499 DCRS-00087 2026-09-14_08:12 12.5 -999.9 -999.9 86.6 -999.9 -999.9 10.3 -999.9 -999.9 985.2 -999.9 -999.9 3.6 -999.9 4.1 73.0 0.0 0.0 0.0 0.0 57.4 66.8 12.5 10.7 93.7 84.0 6.3 DCRS_-_Antônio_Prado/Flores_da_Cunha_(292_m) -999.9 -999.9 988.2 985.0 985.2 10.5 9.3 96.0 Rio_Grande_do_Sul DCRS -999.9 0.0 0.0 nan nan nan 0 nan nan nan nan nan
-28.939899 -51.188499 DCRS-00087 2026-09-14_08:13 12.5 -999.9 -999.9 86.4 -999.9 -999.9 10.3 -999.9 -999.9 985.2 -999.9 -999.9 0.0 -999.9 4.1 69.0 0.0 0.0 0.0 0.0 57.4 66.8 12.5 10.7 93.7 84.0 6.3 DCRS_-_Antônio_Prado/Flores_da_Cunha_(292_m) -999.9 -999.9 988.2 985.0 985.2 10.5 9.3 96.0 Rio_Grande_do_Sul DCRS -999.9 0.0 0.0 nan nan nan 0 nan nan nan nan nan
-28.939899 -51.188499 DCRS-00087 2026-09-14_08:14 12.5 -999.9 -999.9 86.7 -999.9 -999.9 10.3 -999.9 -999.9 985.3 -999.9 -999.9 1.8 -999.9 4.1 68.0 0.0 0.0 0.0 0.0 57.4 66.8 12.5 10.7 93.7 84.0 6.3 DCRS_-_Antônio_Prado/Flores_da_Cunha_(292_m) -999.9 -999.9 988.2 985.0 985.3 10.5 9.3 96.0 Rio_Grande_do_Sul DCRS -999.9 0.0 0.0 nan nan nan 0 nan nan nan nan nan
-28.939899 -51.188499 DCRS-00087 2026-09-14_08:15 12.5 -999.9 -999.9 86.0 -999.9 -999.9 10.2 -999.9 -999.9 985.3 -999.9 -999.9 3.5 -999.9 4.3 67.0 0.0 0.0 0.0 0.0 57.4 66.8 12.5 10.7 93.7 84.0 6.3 DCRS_-_Antônio_Prado/Flores_da_Cunha_(292_m) -999.9 -999.9 988.2 985.0 985.3 10.5 9.3 96.0 Rio_Grande_do_Sul DCRS -999.9 0.0 0.0 nan nan nan 0 nan nan nan nan nan
-28.939899 -51.188499 DCRS-00087 2026-09-14_08:16 12.5 -999.9 -999.9 86.5 -999.9 -999.9 10.3 -999.9 -999.9 985.3 -999.9 -999.9 0.0 -999.9 4.3 66.0 0.0 0.0 0.0 0.0 57.4 66.8 12.5 10.7 93.7 84.0 6.3 DCRS_-_Antônio_Prado/Flores_da_Cunha_(292_m) -999.9 -999.9 988.2 985.0 985.3 10.5 9.3 96.0 Rio_Grande_do_Sul DCRS -999.9 0.0 0.0 nan nan nan 0 nan nan nan nan nan
-28.939899 -51.188499 DCRS-00087 2026-09-14_08:17 12.6 -999.9 -999.9 86.7 -999.9 -999.9 10.4 -999.9 -999.9 985.3 -999.9 -999.9 0.0 -999.9 4.3 66.0 0.0 0.0 0.0 0.0 57.4 66.8 12.6 10.7 93.7 84.0 6.3 DCRS_-_Antônio_Prado/Flores_da_Cunha_(292_m) -999.9 -999.9 988.2 985.0 985.3 10.5 9.3 96.0 Rio_Grande_do_Sul DCRS -999.9 0.0 0.0 nan nan nan 0 nan nan nan nan nan
-28.939899 -51.188499 DCRS-00087 2026-09-14_08:18 12.6 -999.9 -999.9 86.9 -999.9 -999.9 10.5 -999.9 -999.9 985.3 -999.9 -999.9 0.0 -999.9 4.3 68.0 0.0 0.0 0.0 0.0 57.4 66.8 12.6 10.7 93.7 84.0 6.3 DCRS_-_Antônio_Prado/Flores_da_Cunha_(292_m) -999.9 -999.9 988.2 985.0 985.3 10.5 9.3 96.0 Rio_Grande_do_Sul DCRS -999.9 0.0 0.0 nan nan nan 0 nan nan nan nan nan
-28.939899 -51.188499 DCRS-00087 2026-09-14_08:19 12.7 -999.9 -999.9 86.4 -999.9 -999.9 -999.9 -999.9 -999.9 985.3 -999.9 -999.9 0.0 -999.9 4.3 71.0 0.0 0.0 0.0 0.0 57.4 66.8 12.7 10.7 93.7 84.0 6.3 DCRS_-_Antônio_Prado/Flores_da_Cunha_(292_m) -999.9 -999.9 988.2 985.0 985.3 10.5 9.3 96.0 Rio_Grande_do_Sul DCRS -999.9 0.0 0.0 nan nan nan 0 nan nan nan nan nan
-28.939899 -51.188499 DCRS-00087 2026-09-14_08:20 12.6 -999.9 -999.9 85.8 -999.9 -999.9 10.3 -999.9 -999.9 985.3 -999.9 -999.9 0.0 -999.9 3.7 77.0 0.0 0.0 0.0 0.0 57.4 66.8 12.7 10.7 93.7 84.0 6.3 DCRS_-_Antônio_Prado/Flores_da_Cunha_(292_m) -999.9 -999.9 988.2 985.0 985.3 10.5 9.3 96.0 Rio_Grande_do_Sul DCRS -999.9 0.0 0.0 nan nan nan 0 nan nan nan nan nan
-28.939899 -51.188499 DCRS-00087 2026-09-14_08:21 12.7 -999.9 -999.9 86.0 -999.9 -999.9 10.4 -999.9 -999.9 985.3 -999.9 -999.9 0.0 -999.9 3.7 80.0 0.0 0.0 0.0 0.0 57.4 66.8 12.7 10.7 93.7 84.0 6.3 DCRS_-_Antônio_Prado/Flores_da_Cunha_(292_m) -999.9 -999.9 988.2 985.0 985.3 10.5 9.3 96.0 Rio_Grande_do_Sul DCRS -999.9 0.0 0.0 nan nan nan 0 nan nan nan nan nan
-28.939899 -51.188499 DCRS-00087 2026-09-14_08:22 12.7 -999.9 -999.9 85.6 -999.9 -999.9 10.3 -999.9 -999.9 985.3 -999.9 -999.9 0.0 -999.9 3.7 89.0 0.0 0.0 0.0 0.0 57.4 66.8 12.7 10.7 93.7 84.0 6.3 DCRS_-_Antônio_Prado/Flores_da_Cunha_(292_m) -999.9 -999.9 988.2 985.0 985.3 10.5 9.3 96.0 Rio_Grande_do_Sul DCRS -999.9 0.0 0.0 nan nan nan 0 nan nan nan nan nan
-28.939899 -51.188499 DCRS-00087 2026-09-14_08:23 12.8 -999.9 -999.9 85.4 -999.9 -999.9 10.4 -999.9 -999.9 985.2 -999.9 -999.9 3.7 -999.9 3.7 98.0 0.0 0.0 0.0 0.0 57.4 66.8 12.8 10.7 93.7 84.0 6.3 DCRS_-_Antônio_Prado/Flores_da_Cunha_(292_m) -999.9 -999.9 988.2 985.0 985.2 10.5 9.3 98.0 Rio_Grande_do_Sul DCRS -999.9 0.0 0.0 nan nan nan 0 nan nan nan nan nan
-28.939899 -51.188499 DCRS-00087 2026-09-14_08:24 12.8 -999.9 -999.9 84.9 -999.9 -999.9 10.3 -999.9 -999.9 985.2 -999.9 -999.9 0.0 -999.9 3.7 108.0 0.0 0.0 0.0 0.0 57.4 66.8 12.8 10.7 93.7 84.0 6.3 DCRS_-_Antônio_Prado/Flores_da_Cunha_(292_m) -999.9 -999.9 988.2 985.0 985.2 10.5 9.3 108.0 Rio_Grande_do_Sul DCRS -999.9 0.0 0.0 nan nan nan 0 nan nan nan nan nan
-28.939899 -51.188499 DCRS-00087 2026-09-14_08:25 12.8 -999.9 -999.9 84.7 -999.9 -999.9 10.3 -999.9 -999.9 985.2 -999.9 -999.9 0.0 -999.9 3.7 119.0 0.0 0.0 0.0 0.0 57.4 66.8 12.8 10.7 93.7 84.0 6.3 DCRS_-_Antônio_Prado/Flores_da_Cunha_(292_m) -999.9 -999.9 988.2 985.0 985.2 10.5 9.3 119.0 Rio_Grande_do_Sul DCRS -999.9 0.0 0.0 nan nan nan 0 nan nan nan nan nan
-28.939899 -51.188499 DCRS-00087 2026-09-14_08:26 12.8 -999.9 -999.9 84.1 -999.9 -999.9 10.2 -999.9 -999.9 985.2 -999.9 -999.9 0.0 -999.9 3.7 129.0 0.0 0.0 0.0 0.0 57.4 66.8 12.8 10.7 93.7 84.0 6.3 DCRS_-_Antônio_Prado/Flores_da_Cunha_(292_m) -999.9 -999.9 988.2 985.0 985.2 10.5 9.3 129.0 Rio_Grande_do_Sul DCRS -999.9 0.0 0.0 nan nan nan 0 nan nan nan nan nan
-28.939899 -51.188499 DCRS-00087 2026-09-14_08:27 12.8 -999.9 -999.9 84.5 -999.9 -999.9 10.2 -999.9 -999.9 985.2 -999.9 -999.9 0.0 -999.9 3.7 134.0 0.0 0.0 0.0 0.0 57.4 66.8 12.8 10.7 93.7 84.0 6.3 DCRS_-_Antônio_Prado/Flores_da_Cunha_(292_m) -999.9 -999.9 988.2 985.0 985.2 10.5 9.3 134.0 Rio_Grande_do_Sul DCRS -999.9 0.0 0.0 nan nan nan 0 nan nan nan nan nan
-28.939899 -51.188499 DCRS-00087 2026-09-14_08:28 12.9 -999.9 -999.9 84.3 -999.9 -999.9 10.3 -999.9 -999.9 985.2 -999.9 -999.9 0.0 -999.9 3.7 141.0 0.0 0.0 0.0 0.0 57.4 66.8 12.9 10.7 93.7 84.0 6.3 DCRS_-_Antônio_Prado/Flores_da_Cunha_(292_m) -999.9 -999.9 988.2 985.0 985.2 10.5 9.3 141.0 Rio_Grande_do_Sul DCRS -999.9 0.0 0.0 nan nan nan 0 nan nan nan nan nan
-28.939899 -51.188499 DCRS-00087 2026-09-14_08:29 12.9 -999.9 -999.9 84.0 -999.9 -999.9 10.2 -999.9 -999.9 985.3 -999.9 -999.9 0.0 -999.9 3.7 147.0 0.0 0.0 0.0 0.0 57.4 66.8 12.9 10.7 93.7 84.0 6.3 DCRS_-_Antônio_Prado/Flores_da_Cunha_(292_m) -999.9 -999.9 988.2 985.0 985.3 10.5 9.3 147.0 Rio_Grande_do_Sul DCRS -999.9 0.0 0.0 nan nan nan 0 nan nan nan nan nan
-28.939899 -51.188499 DCRS-00087 2026-09-14_08:30 12.9 -999.9 -999.9 83.7 -999.9 -999.9 10.2 -999.9 -999.9 985.3 -999.9 -999.9 0.0 -999.9 0.0 152.0 0.0 0.0 0.0 0.0 57.4 66.8 12.9 10.7 93.7 83.7 6.3 DCRS_-_Antônio_Prado/Flores_da_Cunha_(292_m) -999.9 -999.9 988.2 985.0 985.3 10.5 9.3 152.0 Rio_Grande_do_Sul DCRS -999.9 0.0 0.0 nan nan nan 0 nan nan nan nan nan
-28.939899 -51.188499 DCRS-00087 2026-09-14_08:31 12.9 -999.9 -999.9 83.4 -999.9 -999.9 10.1 -999.9 -999.9 985.3 -999.9 -999.9 0.0 -999.9 0.0 155.0 0.0 0.0 0.0 0.0 57.4 66.8 12.9 10.7 93.7 83.4 6.3 DCRS_-_Antônio_Prado/Flores_da_Cunha_(292_m) -999.9 -999.9 988.2 985.0 985.3 10.5 9.3 155.0 Rio_Grande_do_Sul DCRS -999.9 0.0 0.0 nan nan nan 0 nan nan nan nan nan
-28.939899 -51.188499 DCRS-00087 2026-09-14_08:32 13.0 -999.9 -999.9 83.3 -999.9 -999.9 10.2 -999.9 -999.9 985.3 -999.9 -999.9 0.0 -999.9 0.0 151.0 0.0 0.0 0.0 0.0 57.4 66.8 13.0 10.7 93.7 83.3 6.3 DCRS_-_Antônio_Prado/Flores_da_Cunha_(292_m) -999.9 -999.9 988.2 985.0 985.3 10.5 9.3 155.0 Rio_Grande_do_Sul DCRS -999.9 0.0 0.0 nan nan nan 0 nan nan nan nan nan
-28.939899 -51.188499 DCRS-00087 2026-09-14_08:33 13.1 -999.9 -999.9 82.8 -999.9 -999.9 10.2 -999.9 -999.9 985.3 -999.9 -999.9 0.0 -999.9 0.0 140.0 0.0 0.0 0.0 0.0 57.4 66.8 13.1 10.7 93.7 82.8 6.3 DCRS_-_Antônio_Prado/Flores_da_Cunha_(292_m) -999.9 -999.9 988.2 985.0 985.3 10.5 9.3 155.0 Rio_Grande_do_Sul DCRS -999.9 0.0 0.0 nan nan nan 0 nan nan nan nan nan
-28.939899 -51.188499 DCRS-00087 2026-09-14_08:34 13.1 -999.9 -999.9 82.2 -999.9 -999.9 10.1 -999.9 -999.9 985.3 -999.9 -999.9 0.0 -999.9 0.0 128.0 0.0 0.0 0.0 0.0 57.4 66.8 13.1 10.7 93.7 82.2 6.3 DCRS_-_Antônio_Prado/Flores_da_Cunha_(292_m) -999.9 -999.9 988.2 985.0 985.3 10.5 9.3 155.0 Rio_Grande_do_Sul DCRS -999.9 0.0 0.0 nan nan nan 0 nan nan nan nan nan
-28.939899 -51.188499 DCRS-00087 2026-09-14_08:35 13.2 -999.9 -999.9 82.2 -999.9 -999.9 10.2 -999.9 -999.9 985.3 -999.9 -999.9 0.0 -999.9 0.0 123.0 0.0 0.0 0.0 0.0 57.4 66.8 13.2 10.7 93.7 82.2 6.3 DCRS_-_Antônio_Prado/Flores_da_Cunha_(292_m) -999.9 -999.9 988.2 985.0 985.3 10.5 9.3 155.0 Rio_Grande_do_Sul DCRS -999.9 0.0 0.0 nan nan nan 0 nan nan nan nan nan
-28.939899 -51.188499 DCRS-00087 2026-09-14_08:36 13.2 -999.9 -999.9 82.1 -999.9 -999.9 10.2 -999.9 -999.9 985.3 -999.9 -999.9 0.0 -999.9 0.0 119.0 0.0 0.0 0.0 0.0 57.4 66.8 13.2 10.7 93.7 82.1 6.3 DCRS_-_Antônio_Prado/Flores_da_Cunha_(292_m) -999.9 -999.9 988.2 985.0 985.3 10.5 9.3 155.0 Rio_Grande_do_Sul DCRS -999.9 0.0 0.0 nan nan nan 0 nan nan nan nan nan
-28.939899 -51.188499 DCRS-00087 2026-09-14_08:37 13.4 -999.9 -999.9 81.9 -999.9 -999.9 10.3 -999.9 -999.9 985.4 -999.9 -999.9 -999.9 -999.9 0.0 117.0 0.0 0.0 0.0 0.0 57.4 66.8 13.4 10.7 93.7 81.9 6.3 DCRS_-_Antônio_Prado/Flores_da_Cunha_(292_m) -999.9 -999.9 988.2 985.0 985.4 10.5 9.3 155.0 Rio_Grande_do_Sul DCRS -999.9 0.0 0.0 nan nan nan 0 nan nan nan nan nan
-28.939899 -51.188499 DCRS-00087 2026-09-14_08:38 13.4 -999.9 -999.9 82.0 -999.9 -999.9 10.4 -999.9 -999.9 985.4 -999.9 -999.9 0.0 -999.9 0.0 116.0 0.0 0.0 0.0 0.0 57.4 66.8 13.4 10.7 93.7 81.9 6.3 DCRS_-_Antônio_Prado/Flores_da_Cunha_(292_m) -999.9 -999.9 988.2 985.0 985.4 10.5 9.3 155.0 Rio_Grande_do_Sul DCRS -999.9 0.0 0.0 nan nan nan 0 nan nan nan nan nan
-28.939899 -51.188499 DCRS-00087 2026-09-14_08:39 13.5 -999.9 -999.9 82.6 -999.9 -999.9 10.6 -999.9 -999.9 985.4 -999.9 -999.9 -999.9 -999.9 0.0 116.0 0.0 0.0 0.0 0.0 57.4 66.8 13.5 10.7 93.7 81.9 6.3 DCRS_-_Antônio_Prado/Flores_da_Cunha_(292_m) -999.9 -999.9 988.2 985.0 985.4 10.6 9.3 155.0 Rio_Grande_do_Sul DCRS -999.9 0.0 0.0 nan nan nan 0 nan nan nan nan nan
-28.939899 -51.188499 DCRS-00087 2026-09-14_08:40 13.5 -999.9 -999.9 83.0 -999.9 -999.9 10.6 -999.9 -999.9 985.4 -999.9 -999.9 1.8 -999.9 4.2 112.0 0.0 0.0 0.0 0.0 57.4 66.8 13.5 10.7 93.7 81.9 6.3 DCRS_-_Antônio_Prado/Flores_da_Cunha_(292_m) -999.9 -999.9 988.2 985.0 985.4 10.6 9.3 155.0 Rio_Grande_do_Sul DCRS -999.9 0.0 0.0 nan nan nan 0 nan nan nan nan nan
-28.939899 -51.188499 DCRS-00087 2026-09-14_08:41 13.5 -999.9 -999.9 82.0 -999.9 -999.9 10.5 -999.9 -999.9 985.4 -999.9 -999.9 2.5 -999.9 4.2 125.0 0.0 0.0 0.0 0.0 57.4 66.8 13.5 10.7 93.7 81.9 6.3 DCRS_-_Antônio_Prado/Flores_da_Cunha_(292_m) -999.9 -999.9 988.2 985.0 985.4 10.6 9.3 155.0 Rio_Grande_do_Sul DCRS -999.9 0.0 0.0 nan nan nan 0 nan nan nan nan nan
-28.939899 -51.188499 DCRS-00087 2026-09-14_08:42 13.5 -999.9 -999.9 81.7 -999.9 -999.9 10.4 -999.9 -999.9 985.4 -999.9 -999.9 2.8 -999.9 4.2 134.0 0.0 0.0 0.0 0.0 57.4 66.8 13.5 10.7 93.7 81.7 6.3 DCRS_-_Antônio_Prado/Flores_da_Cunha_(292_m) -999.9 -999.9 988.2 985.0 985.4 10.6 9.3 155.0 Rio_Grande_do_Sul DCRS -999.9 0.0 0.0 nan nan nan 0 nan nan nan nan nan
-28.939899 -51.188499 DCRS-00087 2026-09-14_08:43 13.5 -999.9 -999.9 81.2 -999.9 -999.9 10.3 -999.9 -999.9 985.4 -999.9 -999.9 1.9 -999.9 4.2 156.0 0.0 0.0 0.0 0.0 57.4 66.8 13.5 10.7 93.7 81.2 6.3 DCRS_-_Antônio_Prado/Flores_da_Cunha_(292_m) -999.9 -999.9 988.2 985.0 985.4 10.6 9.3 156.0 Rio_Grande_do_Sul DCRS -999.9 0.0 0.0 nan nan nan 0 nan nan nan nan nan
-28.939899 -51.188499 DCRS-00087 2026-09-14_08:44 13.5 -999.9 -999.9 80.8 -999.9 -999.9 10.2 -999.9 -999.9 985.4 -999.9 -999.9 0.0 -999.9 4.2 161.0 0.0 0.0 0.0 0.0 57.4 66.8 13.5 10.7 93.7 80.8 6.3 DCRS_-_Antônio_Prado/Flores_da_Cunha_(292_m) -999.9 -999.9 988.2 985.0 985.4 10.6 9.3 161.0 Rio_Grande_do_Sul DCRS -999.9 0.0 0.0 nan nan nan 0 nan nan nan nan nan
-28.939899 -51.188499 DCRS-00087 2026-09-14_08:45 13.5 -999.9 -999.9 80.7 -999.9 -999.9 10.2 -999.9 -999.9 985.4 -999.9 -999.9 0.0 -999.9 4.3 172.0 0.0 0.0 0.0 0.0 57.4 66.8 13.5 10.7 93.7 80.7 6.3 DCRS_-_Antônio_Prado/Flores_da_Cunha_(292_m) -999.9 -999.9 988.2 985.0 985.4 10.6 9.3 172.0 Rio_Grande_do_Sul DCRS -999.9 0.0 0.0 nan nan nan 0 nan nan nan nan nan
-28.939899 -51.188499 DCRS-00087 2026-09-14_08:46 13.6 -999.9 -999.9 80.5 -999.9 -999.9 10.3 -999.9 -999.9 985.5 -999.9 -999.9 0.0 -999.9 4.3 165.0 0.0 0.0 0.0 0.0 57.4 66.8 13.6 10.7 93.7 80.5 6.3 DCRS_-_Antônio_Prado/Flores_da_Cunha_(292_m) -999.9 -999.9 988.2 985.0 985.5 10.6 9.3 172.0 Rio_Grande_do_Sul DCRS -999.9 0.0 0.0 nan nan nan 0 nan nan nan nan nan
-28.939899 -51.188499 DCRS-00087 2026-09-14_08:47 13.7 -999.9 -999.9 80.5 -999.9 -999.9 10.4 -999.9 -999.9 985.5 -999.9 -999.9 0.0 -999.9 4.3 155.0 0.0 0.0 0.0 0.0 57.4 66.8 13.7 10.7 93.7 80.5 6.3 DCRS_-_Antônio_Prado/Flores_da_Cunha_(292_m) -999.9 -999.9 988.2 985.0 985.5 10.6 9.3 172.0 Rio_Grande_do_Sul DCRS -999.9 0.0 0.0 nan nan nan 0 nan nan nan nan nan
-28.939899 -51.188499 DCRS-00087 2026-09-14_08:48 13.8 -999.9 -999.9 80.8 -999.9 -999.9 10.5 -999.9 -999.9 985.4 -999.9 -999.9 0.0 -999.9 4.3 126.0 0.0 0.0 0.0 0.0 57.4 66.8 13.8 10.7 93.7 80.5 6.3 DCRS_-_Antônio_Prado/Flores_da_Cunha_(292_m) -999.9 -999.9 988.2 985.0 985.4 10.6 9.3 172.0 Rio_Grande_do_Sul DCRS -999.9 0.0 0.0 nan nan nan 0 nan nan nan nan nan
-28.939899 -51.188499 DCRS-00087 2026-09-14_08:49 13.9 -999.9 -999.9 78.5 -999.9 -999.9 10.2 -999.9 -999.9 985.4 -999.9 -999.9 0.0 -999.9 4.3 150.0 0.0 0.0 0.0 0.0 57.4 66.8 13.9 10.7 93.7 78.5 6.3 DCRS_-_Antônio_Prado/Flores_da_Cunha_(292_m) -999.9 -999.9 988.2 985.0 985.4 10.6 9.3 172.0 Rio_Grande_do_Sul DCRS -999.9 0.0 0.0 nan nan nan 0 nan nan nan nan nan
-28.939899 -51.188499 DCRS-00087 2026-09-14_08:50 13.9 -999.9 -999.9 78.0 -999.9 -999.9 10.1 -999.9 -999.9 985.4 -999.9 -999.9 0.0 -999.9 2.7 153.0 0.0 0.0 0.0 0.0 57.4 66.8 13.9 10.7 93.7 78.0 6.3 DCRS_-_Antônio_Prado/Flores_da_Cunha_(292_m) -999.9 -999.9 988.2 985.0 985.4 10.6 9.3 172.0 Rio_Grande_do_Sul DCRS -999.9 0.0 0.0 nan nan nan 0 nan nan nan nan nan
-28.939899 -51.188499 DCRS-00087 2026-09-14_08:51 14.0 -999.9 -999.9 76.7 -999.9 -999.9 9.9 -999.9 -999.9 985.4 -999.9 -999.9 0.0 -999.9 2.7 149.0 0.0 0.0 0.0 0.0 57.4 66.8 14.0 10.7 93.7 76.7 6.3 DCRS_-_Antônio_Prado/Flores_da_Cunha_(292_m) -999.9 -999.9 988.2 985.0 985.4 10.6 9.3 172.0 Rio_Grande_do_Sul DCRS -999.9 0.0 0.0 nan nan nan 0 nan nan nan nan nan
-28.939899 -51.188499 DCRS-00087 2026-09-14_08:52 14.1 -999.9 -999.9 77.2 -999.9 -999.9 10.1 -999.9 -999.9 985.5 -999.9 -999.9 0.0 -999.9 2.7 113.0 0.0 0.0 0.0 0.0 57.4 66.8 14.1 10.7 93.7 76.7 6.3 DCRS_-_Antônio_Prado/Flores_da_Cunha_(292_m) -999.9 -999.9 988.2 985.0 985.5 10.6 9.3 172.0 Rio_Grande_do_Sul DCRS -999.9 0.0 0.0 nan nan nan 0 nan nan nan nan nan
-28.939899 -51.188499 DCRS-00087 2026-09-14_08:53 14.1 -999.9 -999.9 78.1 -999.9 -999.9 10.3 -999.9 -999.9 985.5 -999.9 -999.9 -999.9 -999.9 2.7 124.0 0.0 0.0 0.0 0.0 57.4 66.8 14.1 10.7 93.7 76.7 6.3 DCRS_-_Antônio_Prado/Flores_da_Cunha_(292_m) -999.9 -999.9 988.2 985.0 985.5 10.6 9.3 172.0 Rio_Grande_do_Sul DCRS -999.9 0.0 0.0 nan nan nan 0 nan nan nan nan nan
-28.939899 -51.188499 DCRS-00087 2026-09-14_08:54 14.0 -999.9 -999.9 78.7 -999.9 -999.9 10.3 -999.9 -999.9 985.5 -999.9 -999.9 0.0 -999.9 2.7 151.0 0.0 0.0 0.0 0.0 57.4 66.8 14.1 10.7 93.7 76.7 6.3 DCRS_-_Antônio_Prado/Flores_da_Cunha_(292_m) -999.9 -999.9 988.2 985.0 985.5 10.6 9.3 172.0 Rio_Grande_do_Sul DCRS -999.9 0.0 0.0 nan nan nan 0 nan nan nan nan nan
-28.939899 -51.188499 DCRS-00087 2026-09-14_08:55 14.0 -999.9 -999.9 77.9 -999.9 -999.9 10.2 -999.9 -999.9 985.5 -999.9 -999.9 0.0 -999.9 3.8 167.0 0.0 0.0 0.0 0.0 57.4 66.8 14.1 10.7 93.7 76.7 6.3 DCRS_-_Antônio_Prado/Flores_da_Cunha_(292_m) -999.9 -999.9 988.2 985.0 985.5 10.6 9.3 172.0 Rio_Grande_do_Sul DCRS -999.9 0.0 0.0 nan nan nan 0 nan nan nan nan nan
-28.939899 -51.188499 DCRS-00087 2026-09-14_08:56 14.0 -999.9 -999.9 78.8 -999.9 -999.9 10.3 -999.9 -999.9 985.5 -999.9 -999.9 0.0 -999.9 3.8 147.0 0.0 0.0 0.0 0.0 57.4 66.8 14.1 10.7 93.7 76.7 6.3 DCRS_-_Antônio_Prado/Flores_da_Cunha_(292_m) -999.9 -999.9 988.2 985.0 985.5 10.6 9.3 172.0 Rio_Grande_do_Sul DCRS -999.9 0.0 0.0 nan nan nan 0 nan nan nan nan nan
-28.939899 -51.188499 DCRS-00087 2026-09-14_08:57 14.0 -999.9 -999.9 78.6 -999.9 -999.9 10.3 -999.9 -999.9 985.6 -999.9 -999.9 3.2 -999.9 3.8 131.0 0.0 0.0 0.0 0.0 57.4 66.8 14.1 10.7 93.7 76.7 6.3 DCRS_-_Antônio_Prado/Flores_da_Cunha_(292_m) -999.9 -999.9 988.2 985.0 985.6 10.6 9.3 172.0 Rio_Grande_do_Sul DCRS -999.9 0.0 0.0 nan nan nan 0 nan nan nan nan nan
-28.939899 -51.188499 DCRS-00087 2026-09-14_08:58 14.1 -999.9 -999.9 79.8 -999.9 -999.9 10.6 -999.9 -999.9 985.6 -999.9 -999.9 2.2 -999.9 3.8 153.0 0.0 0.0 0.0 0.0 57.4 66.8 14.1 10.7 93.7 76.7 6.3 DCRS_-_Antônio_Prado/Flores_da_Cunha_(292_m) -999.9 -999.9 988.2 985.0 985.6 10.6 9.3 172.0 Rio_Grande_do_Sul DCRS -999.9 0.0 0.0 nan nan nan 0 nan nan nan nan nan
-28.939899 -51.188499 DCRS-00087 2026-09-14_08:59 14.1 -999.9 -999.9 78.5 -999.9 -999.9 10.4 -999.9 -999.9 985.6 -999.9 -999.9 2.0 -999.9 3.8 145.0 0.0 0.0 0.0 0.0 57.4 66.8 14.1 10.7 93.7 76.7 6.3 DCRS_-_Antônio_Prado/Flores_da_Cunha_(292_m) -999.9 -999.9 988.2 985.0 985.6 10.6 9.3 172.0 Rio_Grande_do_Sul DCRS -999.9 0.0 0.0 nan nan nan 0 nan nan nan nan nan
-28.939899 -51.188499 DCRS-00087 2026-09-14_09:00 14.0 -999.9 -999.9 78.3 -999.9 -999.9 10.2 -999.9 -999.9 985.6 -999.9 -999.9 0.0 -999.9 3.8 144.0 0.0 0.0 0.0 0.0 57.4 66.8 14.1 10.7 93.7 76.7 6.3 DCRS_-_Antônio_Prado/Flores_da_Cunha_(292_m) -999.9 -999.9 988.2 985.0 985.6 10.6 9.3 172.0 Rio_Grande_do_Sul DCRS -999.9 0.0 0.0 nan nan nan 0 nan nan nan nan nan
-28.939899 -51.188499 DCRS-00087 2026-09-14_09:01 14.0 -999.9 -999.9 78.2 -999.9 -999.9 10.2 -999.9 -999.9 985.6 -999.9 -999.9 0.0 -999.9 3.8 126.0 0.0 0.0 0.0 0.0 57.4 66.8 14.1 10.7 93.7 76.7 6.3 DCRS_-_Antônio_Prado/Flores_da_Cunha_(292_m) -999.9 -999.9 988.2 985.0 985.6 10.6 9.3 172.0 Rio_Grande_do_Sul DCRS -999.9 0.0 0.0 nan nan nan 0 nan nan nan nan nan
-28.939899 -51.188499 DCRS-00087 2026-09-14_09:02 14.1 -999.9 -999.9 77.4 -999.9 -999.9 10.2 -999.9 -999.9 985.6 -999.9 -999.9 2.0 -999.9 3.8 122.0 0.0 0.0 0.0 0.0 57.4 66.8 14.1 10.7 93.7 76.7 6.3 DCRS_-_Antônio_Prado/Flores_da_Cunha_(292_m) -999.9 -999.9 988.2 985.0 985.6 10.6 9.3 172.0 Rio_Grande_do_Sul DCRS -999.9 0.0 0.0 nan nan nan 0 nan nan nan nan nan
-28.939899 -51.188499 DCRS-00087 2026-09-14_09:03 14.1 -999.9 -999.9 78.6 -999.9 -999.9 10.4 -999.9 -999.9 985.6 -999.9 -999.9 0.0 -999.9 3.8 113.0 0.0 0.0 0.0 0.0 57.4 66.8 14.1 10.7 93.7 76.7 6.3 DCRS_-_Antônio_Prado/Flores_da_Cunha_(292_m) -999.9 -999.9 988.2 985.0 985.6 10.6 9.3 172.0 Rio_Grande_do_Sul DCRS -999.9 0.0 0.0 nan nan nan 0 nan nan nan nan nan
-28.939899 -51.188499 DCRS-00087 2026-09-14_09:04 14.2 -999.9 -999.9 78.3 -999.9 -999.9 10.4 -999.9 -999.9 985.6 -999.9 -999.9 0.0 -999.9 3.8 118.0 0.0 0.0 0.0 0.0 57.4 66.8 14.2 10.7 93.7 76.7 6.3 DCRS_-_Antônio_Prado/Flores_da_Cunha_(292_m) -999.9 -999.9 988.2 985.0 985.6 10.6 9.3 172.0 Rio_Grande_do_Sul DCRS -999.9 0.0 0.0 nan nan nan 0 nan nan nan nan nan
-28.939899 -51.188499 DCRS-00087 2026-09-14_09:05 14.2 -999.9 -999.9 77.5 -999.9 -999.9 10.3 -999.9 -999.9 985.6 -999.9 -999.9 2.3 -999.9 2.5 120.0 0.0 0.0 0.0 0.0 57.4 66.8 14.2 10.7 93.7 76.7 6.3 DCRS_-_Antônio_Prado/Flores_da_Cunha_(292_m) -999.9 -999.9 988.2 985.0 985.6 10.6 9.3 172.0 Rio_Grande_do_Sul DCRS -999.9 0.0 0.0 nan nan nan 0 nan nan nan nan nan
-28.939899 -51.188499 DCRS-00087 2026-09-14_09:06 14.3 -999.9 -999.9 77.2 -999.9 -999.9 10.3 -999.9 -999.9 985.6 -999.9 -999.9 2.0 -999.9 2.5 121.0 0.0 0.0 0.0 0.0 57.4 66.8 14.3 10.7 93.7 76.7 6.3 DCRS_-_Antônio_Prado/Flores_da_Cunha_(292_m) -999.9 -999.9 988.2 985.0 985.6 10.6 9.3 172.0 Rio_Grande_do_Sul DCRS -999.9 0.0 0.0 nan nan nan 0 nan nan nan nan nan
-28.939899 -51.188499 DCRS-00087 2026-09-14_09:07 14.3 -999.9 -999.9 76.7 -999.9 -999.9 10.2 -999.9 -999.9 985.6 -999.9 -999.9 0.0 -999.9 2.5 128.0 0.0 0.0 0.0 0.0 57.4 66.8 14.3 10.7 93.7 76.7 6.3 DCRS_-_Antônio_Prado/Flores_da_Cunha_(292_m) -999.9 -999.9 988.2 985.0 985.6 10.6 9.3 172.0 Rio_Grande_do_Sul DCRS -999.9 0.0 0.0 nan nan nan 0 nan nan nan nan nan
-28.939899 -51.188499 DCRS-00087 2026-09-14_09:08 14.3 -999.9 -999.9 77.0 -999.9 -999.9 10.3 -999.9 -999.9 985.6 -999.9 -999.9 1.9 -999.9 2.5 128.0 0.0 0.0 0.0 0.0 57.4 66.8 14.3 10.7 93.7 76.7 6.3 DCRS_-_Antônio_Prado/Flores_da_Cunha_(292_m) -999.9 -999.9 988.2 985.0 985.6 10.6 9.3 172.0 Rio_Grande_do_Sul DCRS -999.9 0.0 0.0 nan nan nan 0 nan nan nan nan nan
-28.939899 -51.188499 DCRS-00087 2026-09-14_09:09 14.4 -999.9 -999.9 76.2 -999.9 -999.9 10.2 -999.9 -999.9 985.6 -999.9 -999.9 0.0 -999.9 2.5 126.0 0.0 0.0 0.0 0.0 57.4 66.8 14.4 10.7 93.7 76.2 6.3 DCRS_-_Antônio_Prado/Flores_da_Cunha_(292_m) -999.9 -999.9 988.2 985.0 985.6 10.6 9.3 172.0 Rio_Grande_do_Sul DCRS -999.9 0.0 0.0 nan nan nan 0 nan nan nan nan nan
-28.939899 -51.188499 DCRS-00087 2026-09-14_09:10 14.5 -999.9 -999.9 76.5 -999.9 -999.9 10.4 -999.9 -999.9 985.6 -999.9 -999.9 0.0 -999.9 2.5 128.0 0.0 0.0 0.0 0.0 57.4 66.8 14.5 10.7 93.7 76.2 6.3 DCRS_-_Antônio_Prado/Flores_da_Cunha_(292_m) -999.9 -999.9 988.2 985.0 985.6 10.6 9.3 172.0 Rio_Grande_do_Sul DCRS -999.9 0.0 0.0 nan nan nan 0 nan nan nan nan nan
-28.939899 -51.188499 DCRS-00087 2026-09-14_09:11 14.5 -999.9 -999.9 76.6 -999.9 -999.9 10.4 -999.9 -999.9 985.6 -999.9 -999.9 0.0 -999.9 2.5 129.0 0.0 0.0 0.0 0.0 57.4 66.8 14.5 10.7 93.7 76.2 6.3 DCRS_-_Antônio_Prado/Flores_da_Cunha_(292_m) -999.9 -999.9 988.2 985.0 985.6 10.6 9.3 172.0 Rio_Grande_do_Sul DCRS -999.9 0.0 0.0 nan nan nan 0 nan nan nan nan nan
-28.939899 -51.188499 DCRS-00087 2026-09-14_09:12 14.5 -999.9 -999.9 77.3 -999.9 -999.9 10.5 -999.9 -999.9 985.6 -999.9 -999.9 0.0 -999.9 2.5 129.0 0.0 0.0 0.0 0.0 57.4 66.8 14.5 10.7 93.7 76.2 6.3 DCRS_-_Antônio_Prado/Flores_da_Cunha_(292_m) -999.9 -999.9 988.2 985.0 985.6 10.6 9.3 172.0 Rio_Grande_do_Sul DCRS -999.9 0.0 0.0 nan nan nan 0 nan nan nan nan nan
-28.939899 -51.188499 DCRS-00087 2026-09-14_09:13 14.5 -999.9 -999.9 77.2 -999.9 -999.9 10.5 -999.9 -999.9 985.6 -999.9 -999.9 0.0 -999.9 2.5 144.0 0.0 0.0 0.0 0.0 57.4 66.8 14.5 10.7 93.7 76.2 6.3 DCRS_-_Antônio_Prado/Flores_da_Cunha_(292_m) -999.9 -999.9 988.2 985.0 985.6 10.6 9.3 172.0 Rio_Grande_do_Sul DCRS -999.9 0.0 0.0 nan nan nan 0 nan nan nan nan nan
-28.939899 -51.188499 DCRS-00087 2026-09-14_09:14 14.5 -999.9 -999.9 77.4 -999.9 -999.9 10.6 -999.9 -999.9 985.6 -999.9 -999.9 -999.9 -999.9 2.5 142.0 0.0 0.0 0.0 0.0 57.4 66.8 14.5 10.7 93.7 76.2 6.3 DCRS_-_Antônio_Prado/Flores_da_Cunha_(292_m) -999.9 -999.9 988.2 985.0 985.6 10.6 9.3 172.0 Rio_Grande_do_Sul DCRS -999.9 0.0 0.0 nan nan nan 0 nan nan nan nan nan
-28.939899 -51.188499 DCRS-00087 2026-09-14_09:15 14.5 -999.9 -999.9 78.0 -999.9 -999.9 10.7 -999.9 -999.9 985.6 -999.9 -999.9 3.1 -999.9 4.8 127.0 0.0 0.0 0.0 0.0 57.4 66.8 14.5 10.7 93.7 76.2 6.3 DCRS_-_Antônio_Prado/Flores_da_Cunha_(292_m) -999.9 -999.9 988.2 985.0 985.6 10.7 9.3 172.0 Rio_Grande_do_Sul DCRS -999.9 0.0 0.0 nan nan nan 0 nan nan nan nan nan
-28.939899 -51.188499 DCRS-00087 2026-09-14_09:16 14.5 -999.9 -999.9 76.4 -999.9 -999.9 10.4 -999.9 -999.9 985.6 -999.9 -999.9 2.4 -999.9 4.8 156.0 0.0 0.0 0.0 0.0 57.4 66.8 14.5 10.7 93.7 76.2 6.3 DCRS_-_Antônio_Prado/Flores_da_Cunha_(292_m) -999.9 -999.9 988.2 985.0 985.6 10.7 9.3 172.0 Rio_Grande_do_Sul DCRS -999.9 0.0 0.0 nan nan nan 0 nan nan nan nan nan
-28.939899 -51.188499 DCRS-00087 2026-09-14_09:17 14.4 -999.9 -999.9 75.8 -999.9 -999.9 10.1 -999.9 -999.9 985.6 -999.9 -999.9 2.3 -999.9 4.8 149.0 0.0 0.0 0.0 0.0 57.4 66.8 14.5 10.7 93.7 75.8 6.3 DCRS_-_Antônio_Prado/Flores_da_Cunha_(292_m) -999.9 -999.9 988.2 985.0 985.6 10.7 9.3 172.0 Rio_Grande_do_Sul DCRS -999.9 0.0 0.0 nan nan nan 0 nan nan nan nan nan
-28.939899 -51.188499 DCRS-00087 2026-09-14_09:18 14.5 -999.9 -999.9 77.2 -999.9 -999.9 10.5 -999.9 -999.9 985.6 -999.9 -999.9 2.3 -999.9 4.8 145.0 0.0 0.0 0.0 0.0 57.4 66.8 14.5 10.7 93.7 75.8 6.3 DCRS_-_Antônio_Prado/Flores_da_Cunha_(292_m) -999.9 -999.9 988.2 985.0 985.6 10.7 9.3 172.0 Rio_Grande_do_Sul DCRS -999.9 0.0 0.0 nan nan nan 0 nan nan nan nan nan
-28.939899 -51.188499 DCRS-00087 2026-09-14_09:19 14.4 -999.9 -999.9 78.0 -999.9 -999.9 10.6 -999.9 -999.9 985.6 -999.9 -999.9 1.9 -999.9 4.8 132.0 0.0 0.0 0.0 0.0 57.4 66.8 14.5 10.7 93.7 75.8 6.3 DCRS_-_Antônio_Prado/Flores_da_Cunha_(292_m) -999.9 -999.9 988.2 985.0 985.6 10.7 9.3 172.0 Rio_Grande_do_Sul DCRS -999.9 0.0 0.0 nan nan nan 0 nan nan nan nan nan
-28.939899 -51.188499 DCRS-00087 2026-09-14_09:20 14.4 -999.9 -999.9 78.1 -999.9 -999.9 10.6 -999.9 -999.9 985.6 -999.9 -999.9 0.0 -999.9 3.8 120.0 0.0 0.0 0.0 0.0 57.4 66.8 14.5 10.7 93.7 75.8 6.3 DCRS_-_Antônio_Prado/Flores_da_Cunha_(292_m) -999.9 -999.9 988.2 985.0 985.6 10.7 9.3 172.0 Rio_Grande_do_Sul DCRS -999.9 0.0 0.0 nan nan nan 0 nan nan nan nan nan
-28.939899 -51.188499 DCRS-00087 2026-09-14_09:21 14.5 -999.9 -999.9 78.2 -999.9 -999.9 10.7 -999.9 -999.9 985.6 -999.9 -999.9 2.1 -999.9 3.8 112.0 0.0 0.0 0.0 0.0 57.4 66.8 14.5 10.7 93.7 75.8 6.3 DCRS_-_Antônio_Prado/Flores_da_Cunha_(292_m) -999.9 -999.9 988.2 985.0 985.6 10.7 9.3 172.0 Rio_Grande_do_Sul DCRS -999.9 0.0 0.0 nan nan nan 0 nan nan nan nan nan
-28.939899 -51.188499 DCRS-00087 2026-09-14_09:22 14.5 -999.9 -999.9 76.3 -999.9 -999.9 10.3 -999.9 -999.9 985.6 -999.9 -999.9 0.0 -999.9 3.8 100.0 0.0 0.0 0.0 0.0 57.4 66.8 14.5 10.7 93.7 75.8 6.3 DCRS_-_Antônio_Prado/Flores_da_Cunha_(292_m) -999.9 -999.9 988.2 985.0 985.6 10.7 9.3 172.0 Rio_Grande_do_Sul DCRS -999.9 0.0 0.0 nan nan nan 0 nan nan nan nan nan
-28.939899 -51.188499 DCRS-00087 2026-09-14_09:23 14.4 -999.9 -999.9 77.3 -999.9 -999.9 10.4 -999.9 -999.9 985.6 -999.9 -999.9 2.2 -999.9 3.8 96.0 0.0 0.0 0.0 0.0 57.4 66.8 14.5 10.7 93.7 75.8 6.3 DCRS_-_Antônio_Prado/Flores_da_Cunha_(292_m) -999.9 -999.9 988.2 985.0 985.6 10.7 9.3 172.0 Rio_Grande_do_Sul DCRS -999.9 0.0 0.0 nan nan nan 0 nan nan nan nan nan
-28.939899 -51.188499 DCRS-00087 2026-09-14_09:24 14.4 -999.9 -999.9 75.1 -999.9 -999.9 10.0 -999.9 -999.9 985.7 -999.9 -999.9 2.6 -999.9 3.8 93.0 0.0 0.0 0.0 0.0 57.4 66.8 14.5 10.7 93.7 75.1 6.3 DCRS_-_Antônio_Prado/Flores_da_Cunha_(292_m) -999.9 -999.9 988.2 985.0 985.7 10.7 9.3 172.0 Rio_Grande_do_Sul DCRS -999.9 0.0 0.0 nan nan nan 0 nan nan nan nan nan
-28.939899 -51.188499 DCRS-00087 2026-09-14_09:25 14.4 -999.9 -999.9 76.0 -999.9 -999.9 10.2 -999.9 -999.9 985.7 -999.9 -999.9 2.3 -999.9 4.2 89.0 0.0 0.0 0.0 0.0 57.4 66.8 14.5 10.7 93.7 75.1 6.3 DCRS_-_Antônio_Prado/Flores_da_Cunha_(292_m) -999.9 -999.9 988.2 985.0 985.7 10.7 9.3 172.0 Rio_Grande_do_Sul DCRS -999.9 0.0 0.0 nan nan nan 0 nan nan nan nan nan
-28.939899 -51.188499 DCRS-00087 2026-09-14_09:26 14.4 -999.9 -999.9 77.1 -999.9 -999.9 10.4 -999.9 -999.9 985.7 -999.9 -999.9 -999.9 -999.9 4.2 94.0 0.0 0.0 0.0 0.0 57.4 66.8 14.5 10.7 93.7 75.1 6.3 DCRS_-_Antônio_Prado/Flores_da_Cunha_(292_m) -999.9 -999.9 988.2 985.0 985.7 10.7 9.3 172.0 Rio_Grande_do_Sul DCRS -999.9 0.0 0.0 nan nan nan 0 nan nan nan nan nan
-28.939899 -51.188499 DCRS-00087 2026-09-14_09:27 14.4 -999.9 -999.9 76.5 -999.9 -999.9 10.3 -999.9 -999.9 985.7 -999.9 -999.9 2.1 -999.9 4.2 98.0 0.0 0.0 0.0 0.0 57.4 66.8 14.5 10.7 93.7 75.1 6.3 DCRS_-_Antônio_Prado/Flores_da_Cunha_(292_m) -999.9 -999.9 988.2 985.0 985.7 10.7 9.3 172.0 Rio_Grande_do_Sul DCRS -999.9 0.0 0.0 nan nan nan 0 nan nan nan nan nan
-28.939899 -51.188499 DCRS-00087 2026-09-14_09:28 14.3 -999.9 -999.9 76.2 -999.9 -999.9 10.1 -999.9 -999.9 985.6 -999.9 -999.9 2.3 -999.9 4.2 103.0 0.0 0.0 0.0 0.0 57.4 66.8 14.5 10.7 93.7 75.1 6.3 DCRS_-_Antônio_Prado/Flores_da_Cunha_(292_m) -999.9 -999.9 988.2 985.0 985.6 10.7 9.3 172.0 Rio_Grande_do_Sul DCRS -999.9 0.0 0.0 nan nan nan 0 nan nan nan nan nan
-28.939899 -51.188499 DCRS-00087 2026-09-14_09:29 14.3 -999.9 -999.9 76.2 -999.9 -999.9 10.1 -999.9 -999.9 985.6 -999.9 -999.9 2.4 -999.9 4.2 110.0 0.0 0.0 0.0 0.0 57.4 66.8 14.5 10.7 93.7 75.1 6.3 DCRS_-_Antônio_Prado/Flores_da_Cunha_(292_m) -999.9 -999.9 988.2 985.0 985.6 10.7 9.3 172.0 Rio_Grande_do_Sul DCRS -999.9 0.0 0.0 nan nan nan 0 nan nan nan nan nan
-28.939899 -51.188499 DCRS-00087 2026-09-14_09:30 14.3 -999.9 -999.9 77.4 -999.9 -999.9 10.4 -999.9 -999.9 985.6 -999.9 -999.9 2.5 -999.9 4.9 117.0 0.0 0.0 0.0 0.0 57.4 66.8 14.5 10.7 93.7 75.1 6.3 DCRS_-_Antônio_Prado/Flores_da_Cunha_(292_m) -999.9 -999.9 988.2 985.0 985.6 10.7 9.3 172.0 Rio_Grande_do_Sul DCRS -999.9 0.0 0.0 nan nan nan 0 nan nan nan nan nan
-28.939899 -51.188499 DCRS-00087 2026-09-14_09:31 14.3 -999.9 -999.9 77.3 -999.9 -999.9 10.3 -999.9 -999.9 985.6 -999.9 -999.9 2.6 -999.9 4.9 109.0 0.0 0.0 0.0 0.0 57.4 66.8 14.5 10.7 93.7 75.1 6.3 DCRS_-_Antônio_Prado/Flores_da_Cunha_(292_m) -999.9 -999.9 988.2 985.0 985.6 10.7 9.3 172.0 Rio_Grande_do_Sul DCRS -999.9 0.0 0.0 nan nan nan 0 nan nan nan nan nan
-28.939899 -51.188499 DCRS-00087 2026-09-14_09:32 14.3 -999.9 -999.9 77.0 -999.9 -999.9 10.3 -999.9 -999.9 985.6 -999.9 -999.9 2.0 -999.9 4.9 117.0 0.0 0.0 0.0 0.0 57.4 66.8 14.5 10.7 93.7 75.1 6.3 DCRS_-_Antônio_Prado/Flores_da_Cunha_(292_m) -999.9 -999.9 988.2 985.0 985.6 10.7 9.3 172.0 Rio_Grande_do_Sul DCRS -999.9 0.0 0.0 nan nan nan 0 nan nan nan nan nan
-28.939899 -51.188499 DCRS-00087 2026-09-14_09:33 14.3 -999.9 -999.9 77.6 -999.9 -999.9 10.4 -999.9 -999.9 985.6 -999.9 -999.9 2.6 -999.9 4.9 121.0 0.0 0.0 0.0 0.0 57.4 66.8 14.5 10.7 93.7 75.1 6.3 DCRS_-_Antônio_Prado/Flores_da_Cunha_(292_m) -999.9 -999.9 988.2 985.0 985.6 10.7 9.3 172.0 Rio_Grande_do_Sul DCRS -999.9 0.0 0.0 nan nan nan 0 nan nan nan nan nan
-28.939899 -51.188499 DCRS-00087 2026-09-14_09:34 14.3 -999.9 -999.9 76.9 -999.9 -999.9 10.3 -999.9 -999.9 985.6 -999.9 -999.9 2.0 -999.9 4.9 123.0 0.0 0.0 0.0 0.0 57.4 66.8 14.5 10.7 93.7 75.1 6.3 DCRS_-_Antônio_Prado/Flores_da_Cunha_(292_m) -999.9 -999.9 988.2 985.0 985.6 10.7 9.3 172.0 Rio_Grande_do_Sul DCRS -999.9 0.0 0.0 nan nan nan 0 nan nan nan nan nan
-28.939899 -51.188499 DCRS-00087 2026-09-14_09:35 14.3 -999.9 -999.9 77.0 -999.9 -999.9 10.3 -999.9 -999.9 985.6 -999.9 -999.9 2.3 -999.9 3.7 126.0 0.0 0.0 0.0 0.0 57.4 66.8 14.5 10.7 93.7 75.1 6.3 DCRS_-_Antônio_Prado/Flores_da_Cunha_(292_m) -999.9 -999.9 988.2 985.0 985.6 10.7 9.3 172.0 Rio_Grande_do_Sul DCRS -999.9 0.0 0.0 nan nan nan 0 nan nan nan nan nan
-28.939899 -51.188499 DCRS-00087 2026-09-14_09:36 14.4 -999.9 -999.9 77.6 -999.9 -999.9 10.5 -999.9 -999.9 985.6 -999.9 -999.9 0.0 -999.9 3.7 133.0 0.0 0.0 0.0 0.0 57.4 66.8 14.5 10.7 93.7 75.1 6.3 DCRS_-_Antônio_Prado/Flores_da_Cunha_(292_m) -999.9 -999.9 988.2 985.0 985.6 10.7 9.3 172.0 Rio_Grande_do_Sul DCRS -999.9 0.0 0.0 nan nan nan 0 nan nan nan nan nan
-28.939899 -51.188499 DCRS-00087 2026-09-14_09:37 14.4 -999.9 -999.9 78.5 -999.9 -999.9 10.7 -999.9 -999.9 985.6 -999.9 -999.9 0.0 -999.9 3.7 138.0 0.0 0.0 0.0 0.0 57.4 66.8 14.5 10.7 93.7 75.1 6.3 DCRS_-_Antônio_Prado/Flores_da_Cunha_(292_m) -999.9 -999.9 988.2 985.0 985.6 10.7 9.3 172.0 Rio_Grande_do_Sul DCRS -999.9 0.0 0.0 nan nan nan 0 nan nan nan nan nan
-28.939899 -51.188499 DCRS-00087 2026-09-14_09:38 14.5 -999.9 -999.9 78.7 -999.9 -999.9 10.8 -999.9 -999.9 985.6 -999.9 -999.9 0.0 -999.9 3.7 138.0 0.0 0.0 0.0 0.0 57.4 66.8 14.5 10.7 93.7 75.1 6.3 DCRS_-_Antônio_Prado/Flores_da_Cunha_(292_m) -999.9 -999.9 988.2 985.0 985.6 10.8 9.3 172.0 Rio_Grande_do_Sul DCRS -999.9 0.0 0.0 nan nan nan 0 nan nan nan nan nan
-28.939899 -51.188499 DCRS-00087 2026-09-14_09:39 14.5 -999.9 -999.9 77.2 -999.9 -999.9 10.5 -999.9 -999.9 985.6 -999.9 -999.9 2.2 -999.9 3.7 130.0 0.0 0.0 0.0 0.0 57.4 66.8 14.5 10.7 93.7 75.1 6.3 DCRS_-_Antônio_Prado/Flores_da_Cunha_(292_m) -999.9 -999.9 988.2 985.0 985.6 10.8 9.3 172.0 Rio_Grande_do_Sul DCRS -999.9 0.0 0.0 nan nan nan 0 nan nan nan nan nan
-28.939899 -51.188499 DCRS-00087 2026-09-14_09:40 14.6 -999.9 -999.9 76.5 -999.9 -999.9 10.5 -999.9 -999.9 985.6 -999.9 -999.9 0.0 -999.9 3.4 130.0 0.0 0.0 0.0 0.0 57.4 66.8 14.6 10.7 93.7 75.1 6.3 DCRS_-_Antônio_Prado/Flores_da_Cunha_(292_m) -999.9 -999.9 988.2 985.0 985.6 10.8 9.3 172.0 Rio_Grande_do_Sul DCRS -999.9 0.0 0.0 nan nan nan 0 nan nan nan nan nan
-28.939899 -51.188499 DCRS-00087 2026-09-14_09:41 14.6 -999.9 -999.9 76.8 -999.9 -999.9 10.5 -999.9 -999.9 985.6 -999.9 -999.9 0.0 -999.9 3.4 132.0 0.0 0.0 0.0 0.0 57.4 66.8 14.6 10.7 93.7 75.1 6.3 DCRS_-_Antônio_Prado/Flores_da_Cunha_(292_m) -999.9 -999.9 988.2 985.0 985.6 10.8 9.3 172.0 Rio_Grande_do_Sul DCRS -999.9 0.0 0.0 nan nan nan 0 nan nan nan nan nan
-28.939899 -51.188499 DCRS-00087 2026-09-14_09:42 14.7 -999.9 -999.9 78.0 -999.9 -999.9 10.9 -999.9 -999.9 985.6 -999.9 -999.9 2.2 -999.9 3.4 135.0 0.0 0.0 0.0 0.0 57.4 66.8 14.7 10.7 93.7 75.1 6.3 DCRS_-_Antônio_Prado/Flores_da_Cunha_(292_m) -999.9 -999.9 988.2 985.0 985.6 10.9 9.3 172.0 Rio_Grande_do_Sul DCRS -999.9 0.0 0.0 nan nan nan 0 nan nan nan nan nan
-28.939899 -51.188499 DCRS-00087 2026-09-14_09:43 14.8 -999.9 -999.9 77.2 -999.9 -999.9 10.8 -999.9 -999.9 985.6 -999.9 -999.9 0.0 -999.9 3.4 155.0 0.0 0.0 0.0 0.0 57.4 66.8 14.8 10.7 93.7 75.1 6.3 DCRS_-_Antônio_Prado/Flores_da_Cunha_(292_m) -999.9 -999.9 988.2 985.0 985.6 10.9 9.3 172.0 Rio_Grande_do_Sul DCRS -999.9 0.0 0.0 nan nan nan 0 nan nan nan nan nan
-28.939899 -51.188499 DCRS-00087 2026-09-14_09:44 14.8 -999.9 -999.9 76.3 -999.9 -999.9 10.6 -999.9 -999.9 985.6 -999.9 -999.9 1.8 -999.9 3.4 166.0 0.0 0.0 0.0 0.0 57.4 66.8 14.8 10.7 93.7 75.1 6.3 DCRS_-_Antônio_Prado/Flores_da_Cunha_(292_m) -999.9 -999.9 988.2 985.0 985.6 10.9 9.3 172.0 Rio_Grande_do_Sul DCRS -999.9 0.0 0.0 nan nan nan 0 nan nan nan nan nan
-28.939899 -51.188499 DCRS-00087 2026-09-14_09:45 14.8 -999.9 -999.9 76.8 -999.9 -999.9 10.7 -999.9 -999.9 985.6 -999.9 -999.9 2.7 -999.9 4.3 172.0 0.0 0.0 0.0 0.0 57.4 66.8 14.8 10.7 93.7 75.1 6.3 DCRS_-_Antônio_Prado/Flores_da_Cunha_(292_m) -999.9 -999.9 988.2 985.0 985.6 10.9 9.3 172.0 Rio_Grande_do_Sul DCRS -999.9 0.0 0.0 nan nan nan 0 nan nan nan nan nan
-28.939899 -51.188499 DCRS-00087 2026-09-14_09:46 14.8 -999.9 -999.9 75.7 -999.9 -999.9 10.5 -999.9 -999.9 985.6 -999.9 -999.9 2.6 -999.9 4.3 171.0 0.0 0.0 0.0 0.0 57.4 66.8 14.8 10.7 93.7 75.1 6.3 DCRS_-_Antônio_Prado/Flores_da_Cunha_(292_m) -999.9 -999.9 988.2 985.0 985.6 10.9 9.3 172.0 Rio_Grande_do_Sul DCRS -999.9 0.0 0.0 nan nan nan 0 nan nan nan nan nan
-28.939899 -51.188499 DCRS-00087 2026-09-14_09:47 14.9 -999.9 -999.9 75.4 -999.9 -999.9 10.6 -999.9 -999.9 985.6 -999.9 -999.9 2.6 -999.9 4.3 173.0 0.0 0.0 0.0 0.0 57.4 66.8 14.9 10.7 93.7 75.1 6.3 DCRS_-_Antônio_Prado/Flores_da_Cunha_(292_m) -999.9 -999.9 988.2 985.0 985.6 10.9 9.3 173.0 Rio_Grande_do_Sul DCRS -999.9 0.0 0.0 nan nan nan 0 nan nan nan nan nan
-28.939899 -51.188499 DCRS-00087 2026-09-14_09:48 14.9 -999.9 -999.9 76.1 -999.9 -999.9 10.7 -999.9 -999.9 985.6 -999.9 -999.9 0.0 -999.9 4.3 167.0 0.0 0.0 0.0 0.0 57.4 66.8 14.9 10.7 93.7 75.1 6.3 DCRS_-_Antônio_Prado/Flores_da_Cunha_(292_m) -999.9 -999.9 988.2 985.0 985.6 10.9 9.3 173.0 Rio_Grande_do_Sul DCRS -999.9 0.0 0.0 nan nan nan 0 nan nan nan nan nan
-28.939899 -51.188499 DCRS-00087 2026-09-14_09:49 14.9 -999.9 -999.9 75.7 -999.9 -999.9 10.6 -999.9 -999.9 985.5 -999.9 -999.9 2.9 -999.9 4.3 158.0 0.0 0.0 0.0 0.0 57.4 66.8 14.9 10.7 93.7 75.1 6.3 DCRS_-_Antônio_Prado/Flores_da_Cunha_(292_m) -999.9 -999.9 988.2 985.0 985.5 10.9 9.3 173.0 Rio_Grande_do_Sul DCRS -999.9 0.0 0.0 nan nan nan 0 nan nan nan nan nan
-28.939899 -51.188499 DCRS-00087 2026-09-14_09:50 14.9 -999.9 -999.9 74.5 -999.9 -999.9 10.4 -999.9 -999.9 985.5 -999.9 -999.9 3.5 -999.9 4.1 182.0 0.0 0.0 0.0 0.0 57.4 66.8 14.9 10.7 93.7 74.5 6.3 DCRS_-_Antônio_Prado/Flores_da_Cunha_(292_m) -999.9 -999.9 988.2 985.0 985.5 10.9 9.3 182.0 Rio_Grande_do_Sul DCRS -999.9 0.0 0.0 nan nan nan 0 nan nan nan nan nan
-28.939899 -51.188499 DCRS-00087 2026-09-14_09:51 14.9 -999.9 -999.9 73.0 -999.9 -999.9 10.1 -999.9 -999.9 985.5 -999.9 -999.9 3.7 -999.9 4.1 193.0 0.0 0.0 0.0 0.0 57.4 66.8 14.9 10.7 93.7 73.0 6.3 DCRS_-_Antônio_Prado/Flores_da_Cunha_(292_m) -999.9 -999.9 988.2 985.0 985.5 10.9 9.3 193.0 Rio_Grande_do_Sul DCRS -999.9 0.0 0.0 nan nan nan 0 nan nan nan nan nan
-28.939899 -51.188499 DCRS-00087 2026-09-14_09:52 15.0 -999.9 -999.9 76.1 -999.9 -999.9 10.8 -999.9 -999.9 985.5 -999.9 -999.9 2.4 -999.9 4.1 195.0 0.0 0.0 0.0 0.0 57.4 66.8 15.0 10.7 93.7 73.0 6.3 DCRS_-_Antônio_Prado/Flores_da_Cunha_(292_m) -999.9 -999.9 988.2 985.0 985.5 10.9 9.3 195.0 Rio_Grande_do_Sul DCRS -999.9 0.0 0.0 nan nan nan 0 nan nan nan nan nan
-28.939899 -51.188499 DCRS-00087 2026-09-14_09:53 15.0 -999.9 -999.9 71.7 -999.9 -999.9 9.9 -999.9 -999.9 985.5 -999.9 -999.9 3.6 -999.9 4.1 185.0 0.0 0.0 0.0 0.0 57.4 66.8 15.0 10.7 93.7 71.7 6.3 DCRS_-_Antônio_Prado/Flores_da_Cunha_(292_m) -999.9 -999.9 988.2 985.0 985.5 10.9 9.3 195.0 Rio_Grande_do_Sul DCRS -999.9 0.0 0.0 nan nan nan 0 nan nan nan nan nan
-28.939899 -51.188499 DCRS-00087 2026-09-14_09:54 15.1 -999.9 -999.9 74.2 -999.9 -999.9 10.5 -999.9 -999.9 985.5 -999.9 -999.9 3.5 -999.9 4.1 178.0 0.0 0.0 0.0 0.0 57.4 66.8 15.1 10.7 93.7 71.7 6.3 DCRS_-_Antônio_Prado/Flores_da_Cunha_(292_m) -999.9 -999.9 988.2 985.0 985.5 10.9 9.3 195.0 Rio_Grande_do_Sul DCRS -999.9 0.0 0.0 nan nan nan 0 nan nan nan nan nan
-28.939899 -51.188499 DCRS-00087 2026-09-14_09:55 15.1 -999.9 -999.9 74.2 -999.9 -999.9 10.5 -999.9 -999.9 985.5 -999.9 -999.9 1.9 -999.9 4.9 172.0 0.0 0.0 0.0 0.0 57.4 66.8 15.1 10.7 93.7 71.7 6.3 DCRS_-_Antônio_Prado/Flores_da_Cunha_(292_m) -999.9 -999.9 988.2 985.0 985.5 10.9 9.3 195.0 Rio_Grande_do_Sul DCRS -999.9 0.0 0.0 nan nan nan 0 nan nan nan nan nan
-28.939899 -51.188499 DCRS-00087 2026-09-14_09:56 15.1 -999.9 -999.9 77.3 -999.9 -999.9 11.1 -999.9 -999.9 985.5 -999.9 -999.9 0.0 -999.9 4.9 162.0 0.0 0.0 0.0 0.0 57.4 66.8 15.1 10.7 93.7 71.7 6.3 DCRS_-_Antônio_Prado/Flores_da_Cunha_(292_m) -999.9 -999.9 988.2 985.0 985.5 11.1 9.3 195.0 Rio_Grande_do_Sul DCRS -999.9 0.0 0.0 nan nan nan 0 nan nan nan nan nan
-28.939899 -51.188499 DCRS-00087 2026-09-14_09:57 15.2 -999.9 -999.9 72.8 -999.9 -999.9 10.3 -999.9 -999.9 985.5 -999.9 -999.9 3.6 -999.9 4.9 153.0 0.0 0.0 0.0 0.0 57.4 66.8 15.2 10.7 93.7 71.7 6.3 DCRS_-_Antônio_Prado/Flores_da_Cunha_(292_m) -999.9 -999.9 988.2 985.0 985.5 11.1 9.3 195.0 Rio_Grande_do_Sul DCRS -999.9 0.0 0.0 nan nan nan 0 nan nan nan nan nan
-28.939899 -51.188499 DCRS-00087 2026-09-14_09:58 15.1 -999.9 -999.9 71.3 -999.9 -999.9 9.9 -999.9 -999.9 985.4 -999.9 -999.9 3.8 -999.9 4.9 146.0 0.0 0.0 0.0 0.0 57.4 66.8 15.2 10.7 93.7 71.3 6.3 DCRS_-_Antônio_Prado/Flores_da_Cunha_(292_m) -999.9 -999.9 988.2 985.0 985.4 11.1 9.3 195.0 Rio_Grande_do_Sul DCRS -999.9 0.0 0.0 nan nan nan 0 nan nan nan nan nan
-28.939899 -51.188499 DCRS-00087 2026-09-14_09:59 15.0 -999.9 -999.9 70.8 -999.9 -999.9 9.7 -999.9 -999.9 985.4 -999.9 -999.9 3.5 -999.9 4.9 150.0 0.0 0.0 0.0 0.0 57.4 66.8 15.2 10.7 93.7 70.8 6.3 DCRS_-_Antônio_Prado/Flores_da_Cunha_(292_m) -999.9 -999.9 988.2 985.0 985.4 11.1 9.3 195.0 Rio_Grande_do_Sul DCRS -999.9 0.0 0.0 nan nan nan 0 nan nan nan nan nan
-28.939899 -51.188499 DCRS-00087 2026-09-14_10:00 15.0 -999.9 -999.9 71.4 -999.9 -999.9 9.8 -999.9 -999.9 985.4 -999.9 -999.9 2.2 -999.9 3.9 153.0 0.0 0.0 0.0 0.0 57.4 66.8 15.2 10.7 93.7 70.8 6.3 DCRS_-_Antônio_Prado/Flores_da_Cunha_(292_m) -999.9 -999.9 988.2 985.0 985.4 11.1 9.3 195.0 Rio_Grande_do_Sul DCRS -999.9 0.0 0.0 nan nan nan 0 nan nan nan nan nan
-28.939899 -51.188499 DCRS-00087 2026-09-14_10:01 15.0 -999.9 -999.9 74.3 -999.9 -999.9 10.4 -999.9 -999.9 985.4 -999.9 -999.9 0.0 -999.9 3.9 158.0 0.0 0.0 0.0 0.0 57.4 66.8 15.2 10.7 93.7 70.8 6.3 DCRS_-_Antônio_Prado/Flores_da_Cunha_(292_m) -999.9 -999.9 988.2 985.0 985.4 11.1 9.3 195.0 Rio_Grande_do_Sul DCRS -999.9 0.0 0.0 nan nan nan 0 nan nan nan nan nan
-28.939899 -51.188499 DCRS-00087 2026-09-14_10:02 15.1 -999.9 -999.9 71.9 -999.9 -999.9 10.0 -999.9 -999.9 985.4 -999.9 -999.9 0.0 -999.9 3.9 159.0 0.0 0.0 0.0 0.0 57.4 66.8 15.2 10.7 93.7 70.8 6.3 DCRS_-_Antônio_Prado/Flores_da_Cunha_(292_m) -999.9 -999.9 988.2 985.0 985.4 11.1 9.3 195.0 Rio_Grande_do_Sul DCRS -999.9 0.0 0.0 nan nan nan 0 nan nan nan nan nan
-28.939899 -51.188499 DCRS-00087 2026-09-14_10:03 15.2 -999.9 -999.9 74.2 -999.9 -999.9 10.6 -999.9 -999.9 985.4 -999.9 -999.9 2.0 -999.9 3.9 155.0 0.0 0.0 0.0 0.0 57.4 66.8 15.2 10.7 93.7 70.8 6.3 DCRS_-_Antônio_Prado/Flores_da_Cunha_(292_m) -999.9 -999.9 988.2 985.0 985.4 11.1 9.3 195.0 Rio_Grande_do_Sul DCRS -999.9 0.0 0.0 nan nan nan 0 nan nan nan nan nan
-28.939899 -51.188499 DCRS-00087 2026-09-14_10:04 15.2 -999.9 -999.9 72.8 -999.9 -999.9 10.3 -999.9 -999.9 985.4 -999.9 -999.9 0.0 -999.9 3.9 152.0 0.0 0.0 0.0 0.0 57.4 66.8 15.2 10.7 93.7 70.8 6.3 DCRS_-_Antônio_Prado/Flores_da_Cunha_(292_m) -999.9 -999.9 988.2 985.0 985.4 11.1 9.3 195.0 Rio_Grande_do_Sul DCRS -999.9 0.0 0.0 nan nan nan 0 nan nan nan nan nan
-28.939899 -51.188499 DCRS-00087 2026-09-14_10:05 15.2 -999.9 -999.9 70.5 -999.9 -999.9 9.8 -999.9 -999.9 985.4 -999.9 -999.9 2.9 -999.9 3.7 151.0 0.0 0.0 0.0 0.0 57.4 66.8 15.2 10.7 93.7 70.5 6.3 DCRS_-_Antônio_Prado/Flores_da_Cunha_(292_m) -999.9 -999.9 988.2 985.0 985.4 11.1 9.3 195.0 Rio_Grande_do_Sul DCRS -999.9 0.0 0.0 nan nan nan 0 nan nan nan nan nan
-28.939899 -51.188499 DCRS-00087 2026-09-14_10:06 15.2 -999.9 -999.9 70.7 -999.9 -999.9 9.9 -999.9 -999.9 985.4 -999.9 -999.9 2.3 -999.9 3.7 152.0 0.0 0.0 0.0 0.0 57.4 66.8 15.2 10.7 93.7 70.5 6.3 DCRS_-_Antônio_Prado/Flores_da_Cunha_(292_m) -999.9 -999.9 988.2 985.0 985.4 11.1 9.3 195.0 Rio_Grande_do_Sul DCRS -999.9 0.0 0.0 nan nan nan 0 nan nan nan nan nan
-28.939899 -51.188499 DCRS-00087 2026-09-14_10:07 15.2 -999.9 -999.9 70.6 -999.9 -999.9 9.8 -999.9 -999.9 985.4 -999.9 -999.9 2.5 -999.9 3.7 157.0 0.0 0.0 0.0 0.0 57.4 66.8 15.2 10.7 93.7 70.5 6.3 DCRS_-_Antônio_Prado/Flores_da_Cunha_(292_m) -999.9 -999.9 988.2 985.0 985.4 11.1 9.3 195.0 Rio_Grande_do_Sul DCRS -999.9 0.0 0.0 nan nan nan 0 nan nan nan nan nan
-28.939899 -51.188499 DCRS-00087 2026-09-14_10:08 15.2 -999.9 -999.9 71.3 -999.9 -999.9 10.0 -999.9 -999.9 985.4 -999.9 -999.9 2.0 -999.9 3.7 158.0 0.0 0.0 0.0 0.0 57.4 66.8 15.2 10.7 93.7 70.5 6.3 DCRS_-_Antônio_Prado/Flores_da_Cunha_(292_m) -999.9 -999.9 988.2 985.0 985.4 11.1 9.3 195.0 Rio_Grande_do_Sul DCRS -999.9 0.0 0.0 nan nan nan 0 nan nan nan nan nan
-28.939899 -51.188499 DCRS-00087 2026-09-14_10:09 15.3 -999.9 -999.9 71.0 -999.9 -999.9 10.0 -999.9 -999.9 985.4 -999.9 -999.9 3.2 -999.9 3.7 157.0 0.0 0.0 0.0 0.0 57.4 66.8 15.3 10.7 93.7 70.5 6.3 DCRS_-_Antônio_Prado/Flores_da_Cunha_(292_m) -999.9 -999.9 988.2 985.0 985.4 11.1 9.3 195.0 Rio_Grande_do_Sul DCRS -999.9 0.0 0.0 nan nan nan 0 nan nan nan nan nan
-28.939899 -51.188499 DCRS-00087 2026-09-14_10:10 15.3 -999.9 -999.9 71.7 -999.9 -999.9 10.2 -999.9 -999.9 985.4 -999.9 -999.9 2.7 -999.9 3.6 159.0 0.0 0.0 0.0 0.0 57.4 66.8 15.3 10.7 93.7 70.5 6.3 DCRS_-_Antônio_Prado/Flores_da_Cunha_(292_m) -999.9 -999.9 988.2 985.0 985.4 11.1 9.3 195.0 Rio_Grande_do_Sul DCRS -999.9 0.0 0.0 nan nan nan 0 nan nan nan nan nan
-28.939899 -51.188499 DCRS-00087 2026-09-14_10:11 15.3 -999.9 -999.9 70.3 -999.9 -999.9 9.9 -999.9 -999.9 985.4 -999.9 -999.9 0.0 -999.9 3.6 171.0 0.0 0.0 0.0 0.0 57.4 66.8 15.3 10.7 93.7 70.3 6.3 DCRS_-_Antônio_Prado/Flores_da_Cunha_(292_m) -999.9 -999.9 988.2 985.0 985.4 11.1 9.3 195.0 Rio_Grande_do_Sul DCRS -999.9 0.0 0.0 nan nan nan 0 nan nan nan nan nan
-28.939899 -51.188499 DCRS-00087 2026-09-14_10:12 15.3 -999.9 -999.9 72.0 -999.9 -999.9 10.2 -999.9 -999.9 985.4 -999.9 -999.9 2.8 -999.9 3.6 171.0 0.0 0.0 0.0 0.0 57.4 66.8 15.3 10.7 93.7 70.3 6.3 DCRS_-_Antônio_Prado/Flores_da_Cunha_(292_m) -999.9 -999.9 988.2 985.0 985.4 11.1 9.3 195.0 Rio_Grande_do_Sul DCRS -999.9 0.0 0.0 nan nan nan 0 nan nan nan nan nan
-28.939899 -51.188499 DCRS-00087 2026-09-14_10:13 15.3 -999.9 -999.9 70.8 -999.9 -999.9 10.0 -999.9 -999.9 985.4 -999.9 -999.9 0.0 -999.9 3.6 170.0 0.0 0.0 0.0 0.0 57.4 66.8 15.3 10.7 93.7 70.3 6.3 DCRS_-_Antônio_Prado/Flores_da_Cunha_(292_m) -999.9 -999.9 988.2 985.0 985.4 11.1 9.3 195.0 Rio_Grande_do_Sul DCRS -999.9 0.0 0.0 nan nan nan 0 nan nan nan nan nan
-28.939899 -51.188499 DCRS-00087 2026-09-14_10:14 15.3 -999.9 -999.9 70.5 -999.9 -999.9 9.9 -999.9 -999.9 985.3 -999.9 -999.9 -999.9 -999.9 3.6 169.0 0.0 0.0 0.0 0.0 57.4 66.8 15.3 10.7 93.7 70.3 6.3 DCRS_-_Antônio_Prado/Flores_da_Cunha_(292_m) -999.9 -999.9 988.2 985.0 985.3 11.1 9.3 195.0 Rio_Grande_do_Sul DCRS -999.9 0.0 0.0 nan nan nan 0 nan nan nan nan nan
-28.939899 -51.188499 DCRS-00087 2026-09-14_10:15 15.3 -999.9 -999.9 71.4 -999.9 -999.9 10.1 -999.9 -999.9 985.3 -999.9 -999.9 1.9 -999.9 4.9 163.0 0.0 0.0 0.0 0.0 57.4 66.8 15.3 10.7 93.7 70.3 6.3 DCRS_-_Antônio_Prado/Flores_da_Cunha_(292_m) -999.9 -999.9 988.2 985.0 985.3 11.1 9.3 195.0 Rio_Grande_do_Sul DCRS -999.9 0.0 0.0 nan nan nan 0 nan nan nan nan nan
-28.939899 -51.188499 DCRS-00087 2026-09-14_10:16 15.4 -999.9 -999.9 71.5 -999.9 -999.9 10.2 -999.9 -999.9 985.3 -999.9 -999.9 2.3 -999.9 4.9 156.0 0.0 0.0 0.0 0.0 57.4 66.8 15.4 10.7 93.7 70.3 6.3 DCRS_-_Antônio_Prado/Flores_da_Cunha_(292_m) -999.9 -999.9 988.2 985.0 985.3 11.1 9.3 195.0 Rio_Grande_do_Sul DCRS -999.9 0.0 0.0 nan nan nan 0 nan nan nan nan nan
-28.939899 -51.188499 DCRS-00087 2026-09-14_10:17 15.4 -999.9 -999.9 71.5 -999.9 -999.9 10.2 -999.9 -999.9 985.3 -999.9 -999.9 2.3 -999.9 4.9 150.0 0.0 0.0 0.0 0.0 57.4 66.8 15.4 10.7 93.7 70.3 6.3 DCRS_-_Antônio_Prado/Flores_da_Cunha_(292_m) -999.9 -999.9 988.2 985.0 985.3 11.1 9.3 195.0 Rio_Grande_do_Sul DCRS -999.9 0.0 0.0 nan nan nan 0 nan nan nan nan nan
-28.939899 -51.188499 DCRS-00087 2026-09-14_10:18 15.3 -999.9 -999.9 70.8 -999.9 -999.9 10.0 -999.9 -999.9 985.3 -999.9 -999.9 2.8 -999.9 4.9 147.0 0.0 0.0 0.0 0.0 57.4 66.8 15.4 10.7 93.7 70.3 6.3 DCRS_-_Antônio_Prado/Flores_da_Cunha_(292_m) -999.9 -999.9 988.2 985.0 985.3 11.1 9.3 195.0 Rio_Grande_do_Sul DCRS -999.9 0.0 0.0 nan nan nan 0 nan nan nan nan nan
-28.939899 -51.188499 DCRS-00087 2026-09-14_10:19 15.4 -999.9 -999.9 70.3 -999.9 -999.9 10.0 -999.9 -999.9 985.4 -999.9 -999.9 2.2 -999.9 4.9 145.0 0.0 0.0 0.0 0.0 57.4 66.8 15.4 10.7 93.7 70.3 6.3 DCRS_-_Antônio_Prado/Flores_da_Cunha_(292_m) -999.9 -999.9 988.2 985.0 985.4 11.1 9.3 195.0 Rio_Grande_do_Sul DCRS -999.9 0.0 0.0 nan nan nan 0 nan nan nan nan nan
-28.939899 -51.188499 DCRS-00087 2026-09-14_10:20 15.4 -999.9 -999.9 70.3 -999.9 -999.9 10.0 -999.9 -999.9 985.4 -999.9 -999.9 3.3 -999.9 4.9 143.0 0.0 0.0 0.0 0.0 57.4 66.8 15.4 10.7 93.7 70.3 6.3 DCRS_-_Antônio_Prado/Flores_da_Cunha_(292_m) -999.9 -999.9 988.2 985.0 985.4 11.1 9.3 195.0 Rio_Grande_do_Sul DCRS -999.9 0.0 0.0 nan nan nan 0 nan nan nan nan nan
-28.939899 -51.188499 DCRS-00087 2026-09-14_10:21 15.4 -999.9 -999.9 71.5 -999.9 -999.9 10.2 -999.9 -999.9 985.4 -999.9 -999.9 2.6 -999.9 4.9 141.0 0.0 0.0 0.0 0.0 57.4 66.8 15.4 10.7 93.7 70.3 6.3 DCRS_-_Antônio_Prado/Flores_da_Cunha_(292_m) -999.9 -999.9 988.2 985.0 985.4 11.1 9.3 195.0 Rio_Grande_do_Sul DCRS -999.9 0.0 0.0 nan nan nan 0 nan nan nan nan nan
-28.939899 -51.188499 DCRS-00087 2026-09-14_10:22 15.4 -999.9 -999.9 70.7 -999.9 -999.9 10.1 -999.9 -999.9 985.4 -999.9 -999.9 3.1 -999.9 4.9 140.0 0.0 0.0 0.0 0.0 57.4 66.8 15.4 10.7 93.7 70.3 6.3 DCRS_-_Antônio_Prado/Flores_da_Cunha_(292_m) -999.9 -999.9 988.2 985.0 985.4 11.1 9.3 195.0 Rio_Grande_do_Sul DCRS -999.9 0.0 0.0 nan nan nan 0 nan nan nan nan nan
-28.939899 -51.188499 DCRS-00087 2026-09-14_10:23 15.4 -999.9 -999.9 71.7 -999.9 -999.9 10.3 -999.9 -999.9 985.4 -999.9 -999.9 4.1 -999.9 4.9 141.0 0.0 0.0 0.0 0.0 57.4 66.8 15.4 10.7 93.7 70.3 6.3 DCRS_-_Antônio_Prado/Flores_da_Cunha_(292_m) -999.9 -999.9 988.2 985.0 985.4 11.1 9.3 195.0 Rio_Grande_do_Sul DCRS -999.9 0.0 0.0 nan nan nan 0 nan nan nan nan nan
-28.939899 -51.188499 DCRS-00087 2026-09-14_10:24 15.4 -999.9 -999.9 70.7 -999.9 -999.9 10.1 -999.9 -999.9 985.4 -999.9 -999.9 2.3 -999.9 4.9 144.0 0.0 0.0 0.0 0.0 57.4 66.8 15.4 10.7 93.7 70.3 6.3 DCRS_-_Antônio_Prado/Flores_da_Cunha_(292_m) -999.9 -999.9 988.2 985.0 985.4 11.1 9.3 195.0 Rio_Grande_do_Sul DCRS -999.9 0.0 0.0 nan nan nan 0 nan nan nan nan nan
-28.939899 -51.188499 DCRS-00087 2026-09-14_10:25 15.4 -999.9 -999.9 71.3 -999.9 -999.9 10.2 -999.9 -999.9 985.4 -999.9 -999.9 3.1 -999.9 4.4 147.0 0.0 0.0 0.0 0.0 57.4 66.8 15.4 10.7 93.7 70.3 6.3 DCRS_-_Antônio_Prado/Flores_da_Cunha_(292_m) -999.9 -999.9 988.2 985.0 985.4 11.1 9.3 195.0 Rio_Grande_do_Sul DCRS -999.9 0.0 0.0 nan nan nan 0 nan nan nan nan nan
-28.939899 -51.188499 DCRS-00087 2026-09-14_10:26 15.4 -999.9 -999.9 71.8 -999.9 -999.9 10.3 -999.9 -999.9 985.4 -999.9 -999.9 0.0 -999.9 4.4 151.0 0.0 0.0 0.0 0.0 57.4 66.8 15.4 10.7 93.7 70.3 6.3 DCRS_-_Antônio_Prado/Flores_da_Cunha_(292_m) -999.9 -999.9 988.2 985.0 985.4 11.1 9.3 195.0 Rio_Grande_do_Sul DCRS -999.9 0.0 0.0 nan nan nan 0 nan nan nan nan nan
-28.939899 -51.188499 DCRS-00087 2026-09-14_10:27 15.5 -999.9 -999.9 71.8 -999.9 -999.9 10.4 -999.9 -999.9 985.4 -999.9 -999.9 3.7 -999.9 4.4 158.0 0.0 0.0 0.0 0.0 57.4 66.8 15.5 10.7 93.7 70.3 6.3 DCRS_-_Antônio_Prado/Flores_da_Cunha_(292_m) -999.9 -999.9 988.2 985.0 985.4 11.1 9.3 195.0 Rio_Grande_do_Sul DCRS -999.9 0.0 0.0 nan nan nan 0 nan nan nan nan nan
-28.939899 -51.188499 DCRS-00087 2026-09-14_10:28 15.6 -999.9 -999.9 71.1 -999.9 -999.9 10.3 -999.9 -999.9 985.4 -999.9 -999.9 2.0 -999.9 4.4 164.0 0.0 0.0 0.0 0.0 57.4 66.8 15.6 10.7 93.7 70.3 6.3 DCRS_-_Antônio_Prado/Flores_da_Cunha_(292_m) -999.9 -999.9 988.2 985.0 985.4 11.1 9.3 195.0 Rio_Grande_do_Sul DCRS -999.9 0.0 0.0 nan nan nan 0 nan nan nan nan nan
-28.939899 -51.188499 DCRS-00087 2026-09-14_10:29 15.6 -999.9 -999.9 70.9 -999.9 -999.9 10.3 -999.9 -999.9 985.4 -999.9 -999.9 0.0 -999.9 4.4 173.0 0.0 0.0 0.0 0.0 57.4 66.8 15.6 10.7 93.7 70.3 6.3 DCRS_-_Antônio_Prado/Flores_da_Cunha_(292_m) -999.9 -999.9 988.2 985.0 985.4 11.1 9.3 195.0 Rio_Grande_do_Sul DCRS -999.9 0.0 0.0 nan nan nan 0 nan nan nan nan nan
-28.939899 -51.188499 DCRS-00087 2026-09-14_10:30 15.7 -999.9 -999.9 70.3 -999.9 -999.9 10.3 -999.9 -999.9 985.4 -999.9 -999.9 1.8 -999.9 4.2 182.0 0.0 0.0 0.0 0.0 57.4 66.8 15.7 10.7 93.7 70.3 6.3 DCRS_-_Antônio_Prado/Flores_da_Cunha_(292_m) -999.9 -999.9 988.2 985.0 985.4 11.1 9.3 195.0 Rio_Grande_do_Sul DCRS -999.9 0.0 0.0 nan nan nan 0 nan nan nan nan nan
-28.939899 -51.188499 DCRS-00087 2026-09-14_10:31 15.7 -999.9 -999.9 69.7 -999.9 -999.9 10.1 -999.9 -999.9 985.4 -999.9 -999.9 4.1 -999.9 4.2 200.0 0.0 0.0 0.0 0.0 57.4 66.8 15.7 10.7 93.7 69.7 6.3 DCRS_-_Antônio_Prado/Flores_da_Cunha_(292_m) -999.9 -999.9 988.2 985.0 985.4 11.1 9.3 200.0 Rio_Grande_do_Sul DCRS -999.9 0.0 0.0 nan nan nan 0 nan nan nan nan nan
-28.939899 -51.188499 DCRS-00087 2026-09-14_10:32 15.8 -999.9 -999.9 70.8 -999.9 -999.9 10.5 -999.9 -999.9 985.4 -999.9 -999.9 -999.9 -999.9 4.2 211.0 0.0 0.0 0.0 0.0 57.4 66.8 15.8 10.7 93.7 69.7 6.3 DCRS_-_Antônio_Prado/Flores_da_Cunha_(292_m) -999.9 -999.9 988.2 985.0 985.4 11.1 9.3 211.0 Rio_Grande_do_Sul DCRS -999.9 0.0 0.0 nan nan nan 0 nan nan nan nan nan
-28.939899 -51.188499 DCRS-00087 2026-09-14_10:33 15.7 -999.9 -999.9 70.5 -999.9 -999.9 10.3 -999.9 -999.9 985.4 -999.9 -999.9 2.6 -999.9 4.2 225.0 0.0 0.0 0.0 0.0 57.4 66.8 15.8 10.7 93.7 69.7 6.3 DCRS_-_Antônio_Prado/Flores_da_Cunha_(292_m) -999.9 -999.9 988.2 985.0 985.4 11.1 9.3 225.0 Rio_Grande_do_Sul DCRS -999.9 0.0 0.0 nan nan nan 0 nan nan nan nan nan
-28.939899 -51.188499 DCRS-00087 2026-09-14_10:34 15.8 -999.9 -999.9 69.3 -999.9 -999.9 10.1 -999.9 -999.9 985.4 -999.9 -999.9 0.0 -999.9 4.2 247.0 0.0 0.0 0.0 0.0 57.4 66.8 15.8 10.7 93.7 69.3 6.3 DCRS_-_Antônio_Prado/Flores_da_Cunha_(292_m) -999.9 -999.9 988.2 985.0 985.4 11.1 9.3 247.0 Rio_Grande_do_Sul DCRS -999.9 0.0 0.0 nan nan nan 0 nan nan nan nan nan
-28.939899 -51.188499 DCRS-00087 2026-09-14_10:35 15.8 -999.9 -999.9 69.1 -999.9 -999.9 10.1 -999.9 -999.9 985.4 -999.9 -999.9 2.0 -999.9 5.5 267.0 0.0 0.0 0.0 0.0 57.4 66.8 15.8 10.7 93.7 69.1 6.3 DCRS_-_Antônio_Prado/Flores_da_Cunha_(292_m) -999.9 -999.9 988.2 985.0 985.4 11.1 9.3 267.0 Rio_Grande_do_Sul DCRS -999.9 0.0 0.0 nan nan nan 0 nan nan nan nan nan
-28.939899 -51.188499 DCRS-00087 2026-09-14_10:36 15.8 -999.9 -999.9 69.1 -999.9 -999.9 10.1 -999.9 -999.9 985.4 -999.9 -999.9 4.5 -999.9 5.5 280.0 0.0 0.0 0.0 0.0 57.4 66.8 15.8 10.7 93.7 69.1 6.3 DCRS_-_Antônio_Prado/Flores_da_Cunha_(292_m) -999.9 -999.9 988.2 985.0 985.4 11.1 9.3 280.0 Rio_Grande_do_Sul DCRS -999.9 0.0 0.0 nan nan nan 0 nan nan nan nan nan
-28.939899 -51.188499 DCRS-00087 2026-09-14_10:37 15.8 -999.9 -999.9 68.6 -999.9 -999.9 10.0 -999.9 -999.9 985.4 -999.9 -999.9 0.0 -999.9 5.5 285.0 0.0 0.0 0.0 0.0 57.4 66.8 15.8 10.7 93.7 68.6 6.3 DCRS_-_Antônio_Prado/Flores_da_Cunha_(292_m) -999.9 -999.9 988.2 985.0 985.4 11.1 9.3 285.0 Rio_Grande_do_Sul DCRS -999.9 0.0 0.0 nan nan nan 0 nan nan nan nan nan
-28.939899 -51.188499 DCRS-00087 2026-09-14_10:38 15.9 -999.9 -999.9 68.8 -999.9 -999.9 10.1 -999.9 -999.9 985.4 -999.9 -999.9 0.0 -999.9 5.5 281.0 0.0 0.0 0.0 0.0 57.4 66.8 15.9 10.7 93.7 68.6 6.3 DCRS_-_Antônio_Prado/Flores_da_Cunha_(292_m) -999.9 -999.9 988.2 985.0 985.4 11.1 9.3 285.0 Rio_Grande_do_Sul DCRS -999.9 0.0 0.0 nan nan nan 0 nan nan nan nan nan
-28.939899 -51.188499 DCRS-00087 2026-09-14_10:39 16.0 -999.9 -999.9 68.6 -999.9 -999.9 10.2 -999.9 -999.9 985.4 -999.9 -999.9 0.0 -999.9 5.5 278.0 0.0 0.0 0.0 0.0 57.4 66.8 16.0 10.7 93.7 68.6 6.3 DCRS_-_Antônio_Prado/Flores_da_Cunha_(292_m) -999.9 -999.9 988.2 985.0 985.4 11.1 9.3 285.0 Rio_Grande_do_Sul DCRS -999.9 0.0 0.0 nan nan nan 0 nan nan nan nan nan
-28.939899 -51.188499 DCRS-00087 2026-09-14_10:40 16.1 -999.9 -999.9 68.3 -999.9 -999.9 10.2 -999.9 -999.9 985.4 -999.9 -999.9 0.0 -999.9 4.5 279.0 0.0 0.0 0.0 0.0 57.4 66.8 16.1 10.7 93.7 68.3 6.3 DCRS_-_Antônio_Prado/Flores_da_Cunha_(292_m) -999.9 -999.9 988.2 985.0 985.4 11.1 9.3 285.0 Rio_Grande_do_Sul DCRS -999.9 0.0 0.0 nan nan nan 0 nan nan nan nan nan
-28.939899 -51.188499 DCRS-00087 2026-09-14_10:41 16.2 -999.9 -999.9 68.3 -999.9 -999.9 10.3 -999.9 -999.9 985.4 -999.9 -999.9 0.0 -999.9 4.5 280.0 0.0 0.0 0.0 0.0 57.4 66.8 16.2 10.7 93.7 68.3 6.3 DCRS_-_Antônio_Prado/Flores_da_Cunha_(292_m) -999.9 -999.9 988.2 985.0 985.4 11.1 9.3 285.0 Rio_Grande_do_Sul DCRS -999.9 0.0 0.0 nan nan nan 0 nan nan nan nan nan
-28.939899 -51.188499 DCRS-00087 2026-09-14_10:42 16.4 -999.9 -999.9 68.3 -999.9 -999.9 10.5 -999.9 -999.9 985.4 -999.9 -999.9 2.8 -999.9 4.5 286.0 0.0 0.0 0.0 0.0 57.4 66.8 16.4 10.7 93.7 68.3 6.3 DCRS_-_Antônio_Prado/Flores_da_Cunha_(292_m) -999.9 -999.9 988.2 985.0 985.4 11.1 9.3 286.0 Rio_Grande_do_Sul DCRS -999.9 0.0 0.0 nan nan nan 0 nan nan nan nan nan
-28.939899 -51.188499 DCRS-00087 2026-09-14_10:43 16.5 -999.9 -999.9 67.8 -999.9 -999.9 -999.9 -999.9 -999.9 985.4 -999.9 -999.9 0.0 -999.9 4.5 288.0 0.0 0.0 0.0 0.0 57.4 66.8 16.5 10.7 93.7 67.8 6.3 DCRS_-_Antônio_Prado/Flores_da_Cunha_(292_m) -999.9 -999.9 988.2 985.0 985.4 11.1 9.3 288.0 Rio_Grande_do_Sul DCRS -999.9 0.0 0.0 nan nan nan 0 nan nan nan nan nan
-28.939899 -51.188499 DCRS-00087 2026-09-14_10:44 16.6 -999.9 -999.9 70.8 -999.9 -999.9 11.2 -999.9 -999.9 985.4 -999.9 -999.9 2.4 -999.9 4.5 278.0 0.0 0.0 0.0 0.0 57.4 66.8 16.6 10.7 93.7 67.8 6.3 DCRS_-_Antônio_Prado/Flores_da_Cunha_(292_m) -999.9 -999.9 988.2 985.0 985.4 11.2 9.3 288.0 Rio_Grande_do_Sul DCRS -999.9 0.0 0.0 nan nan nan 0 nan nan nan nan nan
-28.939899 -51.188499 DCRS-00087 2026-09-14_10:45 16.6 -999.9 -999.9 67.5 -999.9 -999.9 10.5 -999.9 -999.9 985.5 -999.9 -999.9 -999.9 -999.9 3.6 267.0 0.0 0.0 0.0 0.0 57.4 66.8 16.6 10.7 93.7 67.5 6.3 DCRS_-_Antônio_Prado/Flores_da_Cunha_(292_m) -999.9 -999.9 988.2 985.0 985.5 11.2 9.3 288.0 Rio_Grande_do_Sul DCRS -999.9 0.0 0.0 nan nan nan 0 nan nan nan nan nan
-28.939899 -51.188499 DCRS-00087 2026-09-14_10:46 16.6 -999.9 -999.9 69.5 -999.9 -999.9 11.0 -999.9 -999.9 985.5 -999.9 -999.9 2.1 -999.9 3.6 261.0 0.0 0.0 0.0 0.0 57.4 66.8 16.6 10.7 93.7 67.5 6.3 DCRS_-_Antônio_Prado/Flores_da_Cunha_(292_m) -999.9 -999.9 988.2 985.0 985.5 11.2 9.3 288.0 Rio_Grande_do_Sul DCRS -999.9 0.0 0.0 nan nan nan 0 nan nan nan nan nan
-28.939899 -51.188499 DCRS-00087 2026-09-14_10:47 16.6 -999.9 -999.9 68.7 -999.9 -999.9 10.8 -999.9 -999.9 985.5 -999.9 -999.9 2.3 -999.9 3.6 260.0 0.0 0.0 0.0 0.0 57.4 66.8 16.6 10.7 93.7 67.5 6.3 DCRS_-_Antônio_Prado/Flores_da_Cunha_(292_m) -999.9 -999.9 988.2 985.0 985.5 11.2 9.3 288.0 Rio_Grande_do_Sul DCRS -999.9 0.0 0.0 nan nan nan 0 nan nan nan nan nan
-28.939899 -51.188499 DCRS-00087 2026-09-14_10:48 16.6 -999.9 -999.9 67.5 -999.9 -999.9 10.5 -999.9 -999.9 985.5 -999.9 -999.9 3.1 -999.9 3.6 267.0 0.0 0.0 0.0 0.0 57.4 66.8 16.6 10.7 93.7 67.5 6.3 DCRS_-_Antônio_Prado/Flores_da_Cunha_(292_m) -999.9 -999.9 988.2 985.0 985.5 11.2 9.3 288.0 Rio_Grande_do_Sul DCRS -999.9 0.0 0.0 nan nan nan 0 nan nan nan nan nan
-28.939899 -51.188499 DCRS-00087 2026-09-14_10:49 16.6 -999.9 -999.9 69.4 -999.9 -999.9 10.9 -999.9 -999.9 985.4 -999.9 -999.9 1.9 -999.9 3.6 272.0 0.0 0.0 0.0 0.0 57.4 66.8 16.6 10.7 93.7 67.5 6.3 DCRS_-_Antônio_Prado/Flores_da_Cunha_(292_m) -999.9 -999.9 988.2 985.0 985.4 11.2 9.3 288.0 Rio_Grande_do_Sul DCRS -999.9 0.0 0.0 nan nan nan 0 nan nan nan nan nan
-28.939899 -51.188499 DCRS-00087 2026-09-14_10:50 16.7 -999.9 -999.9 69.2 -999.9 -999.9 11.0 -999.9 -999.9 985.4 -999.9 -999.9 -999.9 -999.9 4.6 281.0 0.0 0.0 0.0 0.0 57.4 66.8 16.7 10.7 93.7 67.5 6.3 DCRS_-_Antônio_Prado/Flores_da_Cunha_(292_m) -999.9 -999.9 988.2 985.0 985.4 11.2 9.3 288.0 Rio_Grande_do_Sul DCRS -999.9 0.0 0.0 nan nan nan 0 nan nan nan nan nan
-28.939899 -51.188499 DCRS-00087 2026-09-14_10:51 16.7 -999.9 -999.9 72.7 -999.9 -999.9 11.7 -999.9 -999.9 985.4 -999.9 -999.9 0.0 -999.9 4.6 296.0 0.0 0.0 0.0 0.0 57.4 66.8 16.7 10.7 93.7 67.5 6.3 DCRS_-_Antônio_Prado/Flores_da_Cunha_(292_m) -999.9 -999.9 988.2 985.0 985.4 11.7 9.3 296.0 Rio_Grande_do_Sul DCRS -999.9 0.0 0.0 nan nan nan 0 nan nan nan nan nan
-28.939899 -51.188499 DCRS-00087 2026-09-14_10:52 16.8 -999.9 -999.9 70.0 -999.9 -999.9 11.3 -999.9 -999.9 985.4 -999.9 -999.9 2.5 -999.9 4.6 300.0 0.0 0.0 0.0 0.0 57.4 66.8 16.8 10.7 93.7 67.5 6.3 DCRS_-_Antônio_Prado/Flores_da_Cunha_(292_m) -999.9 -999.9 988.2 985.0 985.4 11.7 9.3 300.0 Rio_Grande_do_Sul DCRS -999.9 0.0 0.0 nan nan nan 0 nan nan nan nan nan
-28.939899 -51.188499 DCRS-00087 2026-09-14_10:53 16.9 -999.9 -999.9 70.7 -999.9 -999.9 11.5 -999.9 -999.9 985.4 -999.9 -999.9 2.2 -999.9 4.6 321.0 0.0 0.0 0.0 0.0 57.4 66.8 16.9 10.7 93.7 67.5 6.3 DCRS_-_Antônio_Prado/Flores_da_Cunha_(292_m) -999.9 -999.9 988.2 985.0 985.4 11.7 9.3 321.0 Rio_Grande_do_Sul DCRS -999.9 0.0 0.0 nan nan nan 0 nan nan nan nan nan
-28.939899 -51.188499 DCRS-00087 2026-09-14_10:54 16.9 -999.9 -999.9 68.0 -999.9 -999.9 10.9 -999.9 -999.9 985.3 -999.9 -999.9 -999.9 -999.9 4.6 326.0 0.0 0.0 0.0 0.0 57.4 66.8 16.9 10.7 93.7 67.5 6.3 DCRS_-_Antônio_Prado/Flores_da_Cunha_(292_m) -999.9 -999.9 988.2 985.0 985.3 11.7 9.3 326.0 Rio_Grande_do_Sul DCRS -999.9 0.0 0.0 nan nan nan 0 nan nan nan nan nan
-28.939899 -51.188499 DCRS-00087 2026-09-14_10:55 16.9 -999.9 -999.9 67.3 -999.9 -999.9 10.8 -999.9 -999.9 985.3 -999.9 -999.9 2.6 -999.9 5.8 328.0 0.0 0.0 0.0 0.0 57.4 66.8 16.9 10.7 93.7 67.3 6.3 DCRS_-_Antônio_Prado/Flores_da_Cunha_(292_m) -999.9 -999.9 988.2 985.0 985.3 11.7 9.3 328.0 Rio_Grande_do_Sul DCRS -999.9 0.0 0.0 nan nan nan 0 nan nan nan nan nan
-28.939899 -51.188499 DCRS-00087 2026-09-14_10:56 16.9 -999.9 -999.9 69.0 -999.9 -999.9 11.1 -999.9 -999.9 985.3 -999.9 -999.9 5.8 -999.9 5.8 284.0 0.0 0.0 0.0 0.0 57.4 66.8 16.9 10.7 93.7 67.3 6.3 DCRS_-_Antônio_Prado/Flores_da_Cunha_(292_m) -999.9 -999.9 988.2 985.0 985.3 11.7 9.3 328.0 Rio_Grande_do_Sul DCRS -999.9 0.0 0.0 nan nan nan 0 nan nan nan nan nan
-28.939899 -51.188499 DCRS-00087 2026-09-14_10:57 16.9 -999.9 -999.9 67.5 -999.9 -999.9 10.8 -999.9 -999.9 985.3 -999.9 -999.9 5.0 -999.9 5.8 265.0 0.0 0.0 0.0 0.0 57.4 66.8 16.9 10.7 93.7 67.3 6.3 DCRS_-_Antônio_Prado/Flores_da_Cunha_(292_m) -999.9 -999.9 988.2 985.0 985.3 11.7 9.3 328.0 Rio_Grande_do_Sul DCRS -999.9 0.0 0.0 nan nan nan 0 nan nan nan nan nan
-28.939899 -51.188499 DCRS-00087 2026-09-14_10:58 16.9 -999.9 -999.9 68.6 -999.9 -999.9 11.0 -999.9 -999.9 985.3 -999.9 -999.9 3.0 -999.9 5.8 250.0 0.0 0.0 0.0 0.0 57.4 66.8 16.9 10.7 93.7 67.3 6.3 DCRS_-_Antônio_Prado/Flores_da_Cunha_(292_m) -999.9 -999.9 988.2 985.0 985.3 11.7 9.3 328.0 Rio_Grande_do_Sul DCRS -999.9 0.0 0.0 nan nan nan 0 nan nan nan nan nan
-28.939899 -51.188499 DCRS-00087 2026-09-14_10:59 17.0 -999.9 -999.9 67.7 -999.9 -999.9 10.9 -999.9 -999.9 985.3 -999.9 -999.9 4.0 -999.9 5.8 239.0 0.0 0.0 0.0 0.0 57.4 66.8 17.0 10.7 93.7 67.3 6.3 DCRS_-_Antônio_Prado/Flores_da_Cunha_(292_m) -999.9 -999.9 988.2 985.0 985.3 11.7 9.3 328.0 Rio_Grande_do_Sul DCRS -999.9 0.0 0.0 nan nan nan 0 nan nan nan nan nan
-28.939899 -51.188499 DCRS-00087 2026-09-14_11:00 16.9 -999.9 -999.9 70.5 -999.9 -999.9 11.5 -999.9 -999.9 985.3 -999.9 -999.9 0.0 -999.9 6.0 236.0 0.0 0.0 0.0 0.0 57.4 66.8 17.0 10.7 93.7 67.3 6.3 DCRS_-_Antônio_Prado/Flores_da_Cunha_(292_m) -999.9 -999.9 988.2 985.0 985.3 11.7 9.3 328.0 Rio_Grande_do_Sul DCRS -999.9 0.0 0.0 nan nan nan 0 nan nan nan nan nan
-28.939899 -51.188499 DCRS-00087 2026-09-14_11:01 17.1 -999.9 -999.9 68.1 -999.9 -999.9 11.1 -999.9 -999.9 985.2 -999.9 -999.9 1.9 -999.9 6.0 234.0 0.0 0.0 0.0 0.0 57.4 66.8 17.1 10.7 93.7 67.3 6.3 DCRS_-_Antônio_Prado/Flores_da_Cunha_(292_m) -999.9 -999.9 988.2 985.0 985.2 11.7 9.3 328.0 Rio_Grande_do_Sul DCRS -999.9 0.0 0.0 nan nan nan 0 nan nan nan nan nan
-28.939899 -51.188499 DCRS-00087 2026-09-14_11:02 17.1 -999.9 -999.9 68.3 -999.9 -999.9 11.2 -999.9 -999.9 985.2 -999.9 -999.9 2.8 -999.9 6.0 233.0 0.0 0.0 0.0 0.0 57.4 66.8 17.1 10.7 93.7 67.3 6.3 DCRS_-_Antônio_Prado/Flores_da_Cunha_(292_m) -999.9 -999.9 988.2 985.0 985.2 11.7 9.3 328.0 Rio_Grande_do_Sul DCRS -999.9 0.0 0.0 nan nan nan 0 nan nan nan nan nan
-28.939899 -51.188499 DCRS-00087 2026-09-14_11:03 17.1 -999.9 -999.9 66.7 -999.9 -999.9 10.8 -999.9 -999.9 985.2 -999.9 -999.9 0.0 -999.9 6.0 237.0 0.0 0.0 0.0 0.0 57.4 66.8 17.1 10.7 93.7 66.7 6.3 DCRS_-_Antônio_Prado/Flores_da_Cunha_(292_m) -999.9 -999.9 988.2 985.0 985.2 11.7 9.3 328.0 Rio_Grande_do_Sul DCRS -999.9 0.0 0.0 nan nan nan 0 nan nan nan nan nan
-28.939899 -51.188499 DCRS-00087 2026-09-14_11:04 17.1 -999.9 -999.9 66.1 -999.9 -999.9 10.7 -999.9 -999.9 985.2 -999.9 -999.9 0.0 -999.9 6.0 246.0 0.0 0.0 0.0 0.0 57.4 66.8 17.1 10.7 93.7 66.1 6.3 DCRS_-_Antônio_Prado/Flores_da_Cunha_(292_m) -999.9 -999.9 988.2 985.0 985.2 11.7 9.3 328.0 Rio_Grande_do_Sul DCRS -999.9 0.0 0.0 nan nan nan 0 nan nan nan nan nan
-28.939899 -51.188499 DCRS-00087 2026-09-14_11:05 17.1 -999.9 -999.9 66.4 -999.9 -999.9 10.7 -999.9 -999.9 985.2 -999.9 -999.9 0.0 -999.9 3.6 251.0 0.0 0.0 0.0 0.0 57.4 66.8 17.1 10.7 93.7 66.1 6.3 DCRS_-_Antônio_Prado/Flores_da_Cunha_(292_m) -999.9 -999.9 988.2 985.0 985.2 11.7 9.3 328.0 Rio_Grande_do_Sul DCRS -999.9 0.0 0.0 nan nan nan 0 nan nan nan nan nan
-28.939899 -51.188499 DCRS-00087 2026-09-14_11:06 17.1 -999.9 -999.9 67.0 -999.9 -999.9 10.9 -999.9 -999.9 985.2 -999.9 -999.9 -999.9 -999.9 3.6 247.0 0.0 0.0 0.0 0.0 57.4 66.8 17.1 10.7 93.7 66.1 6.3 DCRS_-_Antônio_Prado/Flores_da_Cunha_(292_m) -999.9 -999.9 988.2 985.0 985.2 11.7 9.3 328.0 Rio_Grande_do_Sul DCRS -999.9 0.0 0.0 nan nan nan 0 nan nan nan nan nan
-28.939899 -51.188499 DCRS-00087 2026-09-14_11:07 17.2 -999.9 -999.9 66.9 -999.9 -999.9 11.0 -999.9 -999.9 985.2 -999.9 -999.9 0.0 -999.9 3.6 242.0 0.0 0.0 0.0 0.0 57.4 66.8 17.2 10.7 93.7 66.1 6.3 DCRS_-_Antônio_Prado/Flores_da_Cunha_(292_m) -999.9 -999.9 988.2 985.0 985.2 11.7 9.3 328.0 Rio_Grande_do_Sul DCRS -999.9 0.0 0.0 nan nan nan 0 nan nan nan nan nan
-28.939899 -51.188499 DCRS-00087 2026-09-14_11:08 17.3 -999.9 -999.9 66.5 -999.9 -999.9 11.0 -999.9 -999.9 985.2 -999.9 -999.9 0.0 -999.9 3.6 245.0 0.0 0.0 0.0 0.0 57.4 66.8 17.3 10.7 93.7 66.1 6.3 DCRS_-_Antônio_Prado/Flores_da_Cunha_(292_m) -999.9 -999.9 988.2 985.0 985.2 11.7 9.3 328.0 Rio_Grande_do_Sul DCRS -999.9 0.0 0.0 nan nan nan 0 nan nan nan nan nan
-28.939899 -51.188499 DCRS-00087 2026-09-14_11:09 17.3 -999.9 -999.9 64.4 -999.9 -999.9 10.5 -999.9 -999.9 985.2 -999.9 -999.9 0.0 -999.9 3.6 263.0 0.0 0.0 0.0 0.0 57.4 66.8 17.3 10.7 93.7 64.4 6.3 DCRS_-_Antônio_Prado/Flores_da_Cunha_(292_m) -999.9 -999.9 988.2 985.0 985.2 11.7 9.3 328.0 Rio_Grande_do_Sul DCRS -999.9 0.0 0.0 nan nan nan 0 nan nan nan nan nan
-28.939899 -51.188499 DCRS-00087 2026-09-14_11:10 17.2 -999.9 -999.9 64.8 -999.9 -999.9 10.5 -999.9 -999.9 985.1 -999.9 -999.9 0.0 -999.9 4.0 271.0 0.0 0.0 0.0 0.0 57.4 66.8 17.3 10.7 93.7 64.4 6.3 DCRS_-_Antônio_Prado/Flores_da_Cunha_(292_m) -999.9 -999.9 988.2 985.0 985.1 11.7 9.3 328.0 Rio_Grande_do_Sul DCRS -999.9 0.0 0.0 nan nan nan 0 nan nan nan nan nan
-28.939899 -51.188499 DCRS-00087 2026-09-14_11:11 17.2 -999.9 -999.9 65.9 -999.9 -999.9 10.7 -999.9 -999.9 985.1 -999.9 -999.9 0.0 -999.9 4.0 266.0 0.0 0.0 0.0 0.0 57.4 66.8 17.3 10.7 93.7 64.4 6.3 DCRS_-_Antônio_Prado/Flores_da_Cunha_(292_m) -999.9 -999.9 988.2 985.0 985.1 11.7 9.3 328.0 Rio_Grande_do_Sul DCRS -999.9 0.0 0.0 nan nan nan 0 nan nan nan nan nan
-28.939899 -51.188499 DCRS-00087 2026-09-14_11:12 17.2 -999.9 -999.9 67.2 -999.9 -999.9 11.0 -999.9 -999.9 985.1 -999.9 -999.9 0.0 -999.9 4.0 293.0 0.0 0.0 0.0 0.0 57.4 66.8 17.3 10.7 93.7 64.4 6.3 DCRS_-_Antônio_Prado/Flores_da_Cunha_(292_m) -999.9 -999.9 988.2 985.0 985.1 11.7 9.3 328.0 Rio_Grande_do_Sul DCRS -999.9 0.0 0.0 nan nan nan 0 nan nan nan nan nan
-28.939899 -51.188499 DCRS-00087 2026-09-14_11:13 17.3 -999.9 -999.9 67.2 -999.9 -999.9 11.1 -999.9 -999.9 985.1 -999.9 -999.9 3.8 -999.9 4.0 322.0 0.0 0.0 0.0 0.0 57.4 66.8 17.3 10.7 93.7 64.4 6.3 DCRS_-_Antônio_Prado/Flores_da_Cunha_(292_m) -999.9 -999.9 988.2 985.0 985.1 11.7 9.3 328.0 Rio_Grande_do_Sul DCRS -999.9 0.0 0.0 nan nan nan 0 nan nan nan nan nan
-28.939899 -51.188499 DCRS-00087 2026-09-14_11:14 17.2 -999.9 -999.9 64.8 -999.9 -999.9 10.5 -999.9 -999.9 985.1 -999.9 -999.9 3.2 -999.9 4.0 315.0 0.0 0.0 0.0 0.0 57.4 66.8 17.3 10.7 93.7 64.4 6.3 DCRS_-_Antônio_Prado/Flores_da_Cunha_(292_m) -999.9 -999.9 988.2 985.0 985.1 11.7 9.3 328.0 Rio_Grande_do_Sul DCRS -999.9 0.0 0.0 nan nan nan 0 nan nan nan nan nan
-28.939899 -51.188499 DCRS-00087 2026-09-14_11:15 17.1 -999.9 -999.9 64.7 -999.9 -999.9 10.4 -999.9 -999.9 985.1 -999.9 -999.9 0.0 -999.9 5.4 322.0 0.0 0.0 0.0 0.0 57.4 66.8 17.3 10.7 93.7 64.4 6.3 DCRS_-_Antônio_Prado/Flores_da_Cunha_(292_m) -999.9 -999.9 988.2 985.0 985.1 11.7 9.3 328.0 Rio_Grande_do_Sul DCRS -999.9 0.0 0.0 nan nan nan 0 nan nan nan nan nan
-28.939899 -51.188499 DCRS-00087 2026-09-14_11:16 17.1 -999.9 -999.9 65.3 -999.9 -999.9 10.5 -999.9 -999.9 985.1 -999.9 -999.9 0.0 -999.9 5.4 299.0 0.0 0.0 0.0 0.0 57.4 66.8 17.3 10.7 93.7 64.4 6.3 DCRS_-_Antônio_Prado/Flores_da_Cunha_(292_m) -999.9 -999.9 988.2 985.0 985.1 11.7 9.3 328.0 Rio_Grande_do_Sul DCRS -999.9 0.0 0.0 nan nan nan 0 nan nan nan nan nan
-28.939899 -51.188499 DCRS-00087 2026-09-14_11:17 17.3 -999.9 -999.9 64.5 -999.9 -999.9 10.5 -999.9 -999.9 985.1 -999.9 -999.9 0.0 -999.9 5.4 294.0 0.0 0.0 0.0 0.0 57.4 66.8 17.3 10.7 93.7 64.4 6.3 DCRS_-_Antônio_Prado/Flores_da_Cunha_(292_m) -999.9 -999.9 988.2 985.0 985.1 11.7 9.3 328.0 Rio_Grande_do_Sul DCRS -999.9 0.0 0.0 nan nan nan 0 nan nan nan nan nan
-28.939899 -51.188499 DCRS-00087 2026-09-14_11:18 17.4 -999.9 -999.9 64.3 -999.9 -999.9 10.5 -999.9 -999.9 985.1 -999.9 -999.9 1.8 -999.9 5.4 292.0 0.0 0.0 0.0 0.0 57.4 66.8 17.4 10.7 93.7 64.3 6.3 DCRS_-_Antônio_Prado/Flores_da_Cunha_(292_m) -999.9 -999.9 988.2 985.0 985.1 11.7 9.3 328.0 Rio_Grande_do_Sul DCRS -999.9 0.0 0.0 nan nan nan 0 nan nan nan nan nan
-28.939899 -51.188499 DCRS-00087 2026-09-14_11:19 17.6 -999.9 -999.9 64.6 -999.9 -999.9 10.8 -999.9 -999.9 985.1 -999.9 -999.9 0.0 -999.9 5.4 305.0 0.0 0.0 0.0 0.0 57.4 66.8 17.6 10.7 93.7 64.3 6.3 DCRS_-_Antônio_Prado/Flores_da_Cunha_(292_m) -999.9 -999.9 988.2 985.0 985.1 11.7 9.3 328.0 Rio_Grande_do_Sul DCRS -999.9 0.0 0.0 nan nan nan 0 nan nan nan nan nan
-28.939899 -51.188499 DCRS-00087 2026-09-14_11:20 17.7 -999.9 -999.9 65.5 -999.9 -999.9 11.1 -999.9 -999.9 985.1 -999.9 -999.9 2.3 -999.9 4.5 324.0 0.0 0.0 0.0 0.0 57.4 66.8 17.7 10.7 93.7 64.3 6.3 DCRS_-_Antônio_Prado/Flores_da_Cunha_(292_m) -999.9 -999.9 988.2 985.0 985.1 11.7 9.3 328.0 Rio_Grande_do_Sul DCRS -999.9 0.0 0.0 nan nan nan 0 nan nan nan nan nan
-28.939899 -51.188499 DCRS-00087 2026-09-14_11:21 17.9 -999.9 -999.9 63.8 -999.9 -999.9 10.9 -999.9 -999.9 985.1 -999.9 -999.9 3.4 -999.9 4.5 337.0 0.0 0.0 0.0 0.0 57.4 66.8 17.9 10.7 93.7 63.8 6.3 DCRS_-_Antônio_Prado/Flores_da_Cunha_(292_m) -999.9 -999.9 988.2 985.0 985.1 11.7 9.3 337.0 Rio_Grande_do_Sul DCRS -999.9 0.0 0.0 nan nan nan 0 nan nan nan nan nan
-28.939899 -51.188499 DCRS-00087 2026-09-14_11:22 17.9 -999.9 -999.9 64.1 -999.9 -999.9 11.0 -999.9 -999.9 985.1 -999.9 -999.9 -999.9 -999.9 4.5 348.0 0.0 0.0 0.0 0.0 57.4 66.8 17.9 10.7 93.7 63.8 6.3 DCRS_-_Antônio_Prado/Flores_da_Cunha_(292_m) -999.9 -999.9 988.2 985.0 985.1 11.7 9.3 348.0 Rio_Grande_do_Sul DCRS -999.9 0.0 0.0 nan nan nan 0 nan nan nan nan nan
-28.939899 -51.188499 DCRS-00087 2026-09-14_11:23 17.8 -999.9 -999.9 63.5 -999.9 -999.9 10.7 -999.9 -999.9 985.0 -999.9 -999.9 0.0 -999.9 4.5 344.0 0.0 0.0 0.0 0.0 57.4 66.8 17.9 10.7 93.7 63.5 6.3 DCRS_-_Antônio_Prado/Flores_da_Cunha_(292_m) -999.9 -999.9 988.2 985.0 985.0 11.7 9.3 348.0 Rio_Grande_do_Sul DCRS -999.9 0.0 0.0 nan nan nan 0 nan nan nan nan nan
-28.939899 -51.188499 DCRS-00087 2026-09-14_11:24 17.8 -999.9 -999.9 63.6 -999.9 -999.9 10.8 -999.9 -999.9 985.0 -999.9 -999.9 2.8 -999.9 4.5 350.0 0.0 0.0 0.0 0.0 57.4 66.8 17.9 10.7 93.7 63.5 6.3 DCRS_-_Antônio_Prado/Flores_da_Cunha_(292_m) -999.9 -999.9 988.2 985.0 985.0 11.7 9.3 350.0 Rio_Grande_do_Sul DCRS -999.9 0.0 0.0 nan nan nan 0 nan nan nan nan nan
-28.939899 -51.188499 DCRS-00087 2026-09-14_11:25 17.8 -999.9 -999.9 63.9 -999.9 -999.9 10.8 -999.9 -999.9 985.0 -999.9 -999.9 4.0 -999.9 6.3 365.0 0.0 0.0 0.0 0.0 57.4 66.8 17.9 10.7 93.7 63.5 6.3 DCRS_-_Antônio_Prado/Flores_da_Cunha_(292_m) -999.9 -999.9 988.2 985.0 985.0 11.7 9.3 365.0 Rio_Grande_do_Sul DCRS -999.9 0.0 0.0 nan nan nan 0 nan nan nan nan nan
-28.939899 -51.188499 DCRS-00087 2026-09-14_11:26 17.8 -999.9 -999.9 63.7 -999.9 -999.9 10.8 -999.9 -999.9 985.0 -999.9 -999.9 4.5 -999.9 6.3 379.0 0.0 0.0 0.0 0.0 57.4 66.8 17.9 10.7 93.7 63.5 6.3 DCRS_-_Antônio_Prado/Flores_da_Cunha_(292_m) -999.9 -999.9 988.2 985.0 985.0 11.7 9.3 379.0 Rio_Grande_do_Sul DCRS -999.9 0.0 0.0 nan nan nan 0 nan nan nan nan nan
-28.939899 -51.188499 DCRS-00087 2026-09-14_11:27 17.7 -999.9 -999.9 62.8 -999.9 -999.9 10.5 -999.9 -999.9 984.9 -999.9 -999.9 -999.9 -999.9 6.3 485.0 0.0 0.0 0.0 0.0 57.4 66.8 17.9 10.7 93.7 62.8 6.3 DCRS_-_Antônio_Prado/Flores_da_Cunha_(292_m) -999.9 -999.9 988.2 984.9 984.9 11.7 9.3 485.0 Rio_Grande_do_Sul DCRS -999.9 0.0 0.0 nan nan nan 0 nan nan nan nan nan
-28.939899 -51.188499 DCRS-00087 2026-09-14_11:28 17.6 -999.9 -999.9 63.3 -999.9 -999.9 10.5 -999.9 -999.9 984.9 -999.9 -999.9 4.8 -999.9 6.3 479.0 0.0 0.0 0.0 0.0 57.4 66.8 17.9 10.7 93.7 62.8 6.3 DCRS_-_Antônio_Prado/Flores_da_Cunha_(292_m) -999.9 -999.9 988.2 984.9 984.9 11.7 9.3 485.0 Rio_Grande_do_Sul DCRS -999.9 0.0 0.0 nan nan nan 0 nan nan nan nan nan
-28.939899 -51.188499 DCRS-00087 2026-09-14_11:29 17.5 -999.9 -999.9 63.9 -999.9 -999.9 10.5 -999.9 -999.9 984.9 -999.9 -999.9 0.0 -999.9 6.3 579.0 0.0 0.0 0.0 0.0 57.4 66.8 17.9 10.7 93.7 62.8 6.3 DCRS_-_Antônio_Prado/Flores_da_Cunha_(292_m) -999.9 -999.9 988.2 984.9 984.9 11.7 9.3 579.0 Rio_Grande_do_Sul DCRS -999.9 0.0 0.0 nan nan nan 0 nan nan nan nan nan
-28.939899 -51.188499 DCRS-00087 2026-09-14_11:30 17.5 -999.9 -999.9 64.5 -999.9 -999.9 10.7 -999.9 -999.9 984.8 -999.9 -999.9 0.0 -999.9 8.4 393.0 0.0 0.0 0.0 0.0 57.4 66.8 17.9 10.7 93.7 62.8 8.4 DCRS_-_Antônio_Prado/Flores_da_Cunha_(292_m) -999.9 -999.9 988.2 984.8 984.8 11.7 9.3 579.0 Rio_Grande_do_Sul DCRS -999.9 0.0 0.0 nan nan nan 0 nan nan nan nan nan
-28.939899 -51.188499 DCRS-00087 2026-09-14_11:31 17.6 -999.9 -999.9 64.4 -999.9 -999.9 10.8 -999.9 -999.9 984.8 -999.9 -999.9 0.0 -999.9 8.4 488.0 0.0 0.0 0.0 0.0 57.4 66.8 17.9 10.7 93.7 62.8 8.4 DCRS_-_Antônio_Prado/Flores_da_Cunha_(292_m) -999.9 -999.9 988.2 984.8 984.8 11.7 9.3 579.0 Rio_Grande_do_Sul DCRS -999.9 0.0 0.0 nan nan nan 0 nan nan nan nan nan
-28.939899 -51.188499 DCRS-00087 2026-09-14_11:32 17.7 -999.9 -999.9 64.6 -999.9 -999.9 10.9 -999.9 -999.9 984.8 -999.9 -999.9 2.3 -999.9 8.4 362.0 0.0 0.0 0.0 0.0 57.4 66.8 17.9 10.7 93.7 62.8 8.4 DCRS_-_Antônio_Prado/Flores_da_Cunha_(292_m) -999.9 -999.9 988.2 984.8 984.8 11.7 9.3 579.0 Rio_Grande_do_Sul DCRS -999.9 0.0 0.0 nan nan nan 0 nan nan nan nan nan
-28.939899 -51.188499 DCRS-00087 2026-09-14_11:33 17.9 -999.9 -999.9 67.0 -999.9 -999.9 11.6 -999.9 -999.9 984.8 -999.9 -999.9 3.2 -999.9 8.4 426.0 0.0 0.0 0.0 0.0 57.4 66.8 17.9 10.7 93.7 62.8 8.4 DCRS_-_Antônio_Prado/Flores_da_Cunha_(292_m) -999.9 -999.9 988.2 984.8 984.8 11.7 9.3 579.0 Rio_Grande_do_Sul DCRS -999.9 0.0 0.0 nan nan nan 0 nan nan nan nan nan
-28.939899 -51.188499 DCRS-00087 2026-09-14_11:34 18.1 -999.9 -999.9 63.3 -999.9 -999.9 11.0 -999.9 -999.9 984.7 -999.9 -999.9 2.5 -999.9 8.4 382.0 0.0 0.0 0.0 0.0 57.4 66.8 18.1 10.7 93.7 62.8 8.4 DCRS_-_Antônio_Prado/Flores_da_Cunha_(292_m) -999.9 -999.9 988.2 984.7 984.7 11.7 9.3 579.0 Rio_Grande_do_Sul DCRS -999.9 0.0 0.0 nan nan nan 0 nan nan nan nan nan
-28.939899 -51.188499 DCRS-00087 2026-09-14_11:35 18.1 -999.9 -999.9 62.2 -999.9 -999.9 10.7 -999.9 -999.9 984.7 -999.9 -999.9 4.0 -999.9 6.7 335.0 0.0 0.0 0.0 0.0 57.4 66.8 18.1 10.7 93.7 62.2 8.4 DCRS_-_Antônio_Prado/Flores_da_Cunha_(292_m) -999.9 -999.9 988.2 984.7 984.7 11.7 9.3 579.0 Rio_Grande_do_Sul DCRS -999.9 0.0 0.0 nan nan nan 0 nan nan nan nan nan
-28.939899 -51.188499 DCRS-00087 2026-09-14_11:36 18.1 -999.9 -999.9 64.4 -999.9 -999.9 11.2 -999.9 -999.9 984.6 -999.9 -999.9 6.2 -999.9 6.7 445.0 0.0 0.0 0.0 0.0 57.4 66.8 18.1 10.7 93.7 62.2 8.4 DCRS_-_Antônio_Prado/Flores_da_Cunha_(292_m) -999.9 -999.9 988.2 984.6 984.6 11.7 9.3 579.0 Rio_Grande_do_Sul DCRS -999.9 0.0 0.0 nan nan nan 0 nan nan nan nan nan
-28.939899 -51.188499 DCRS-00087 2026-09-14_11:37 18.1 -999.9 -999.9 66.5 -999.9 -999.9 11.7 -999.9 -999.9 984.6 -999.9 -999.9 4.4 -999.9 6.7 412.0 0.0 0.0 0.0 0.0 57.4 66.8 18.1 10.7 93.7 62.2 8.4 DCRS_-_Antônio_Prado/Flores_da_Cunha_(292_m) -999.9 -999.9 988.2 984.6 984.6 11.7 9.3 579.0 Rio_Grande_do_Sul DCRS -999.9 0.0 0.0 nan nan nan 0 nan nan nan nan nan
-28.939899 -51.188499 DCRS-00087 2026-09-14_11:38 18.2 -999.9 -999.9 65.2 -999.9 -999.9 11.5 -999.9 -999.9 984.6 -999.9 -999.9 4.5 -999.9 6.7 397.0 0.0 0.0 0.0 0.0 57.4 66.8 18.2 10.7 93.7 62.2 8.4 DCRS_-_Antônio_Prado/Flores_da_Cunha_(292_m) -999.9 -999.9 988.2 984.6 984.6 11.7 9.3 579.0 Rio_Grande_do_Sul DCRS -999.9 0.0 0.0 nan nan nan 0 nan nan nan nan nan
-28.939899 -51.188499 DCRS-00087 2026-09-14_11:39 18.3 -999.9 -999.9 63.8 -999.9 -999.9 11.3 -999.9 -999.9 984.6 -999.9 -999.9 5.9 -999.9 6.7 454.0 0.0 0.0 0.0 0.0 57.4 66.8 18.3 10.7 93.7 62.2 8.4 DCRS_-_Antônio_Prado/Flores_da_Cunha_(292_m) -999.9 -999.9 988.2 984.6 984.6 11.7 9.3 579.0 Rio_Grande_do_Sul DCRS -999.9 0.0 0.0 nan nan nan 0 nan nan nan nan nan
-28.939899 -51.188499 DCRS-00087 2026-09-14_11:40 18.3 -999.9 -999.9 63.6 -999.9 -999.9 11.2 -999.9 -999.9 984.5 -999.9 -999.9 5.1 -999.9 6.4 711.0 0.0 0.0 0.0 0.0 57.4 66.8 18.3 10.7 93.7 62.2 8.4 DCRS_-_Antônio_Prado/Flores_da_Cunha_(292_m) -999.9 -999.9 988.2 984.5 984.5 11.7 9.3 711.0 Rio_Grande_do_Sul DCRS -999.9 0.0 0.0 nan nan nan 0 nan nan nan nan nan
-28.939899 -51.188499 DCRS-00087 2026-09-14_11:41 18.4 -999.9 -999.9 64.3 -999.9 -999.9 11.5 -999.9 -999.9 984.5 -999.9 -999.9 5.8 -999.9 6.4 671.0 0.0 0.0 0.0 0.0 57.4 66.8 18.4 10.7 93.7 62.2 8.4 DCRS_-_Antônio_Prado/Flores_da_Cunha_(292_m) -999.9 -999.9 988.2 984.5 984.5 11.7 9.3 711.0 Rio_Grande_do_Sul DCRS -999.9 0.0 0.0 nan nan nan 0 nan nan nan nan nan
-28.939899 -51.188499 DCRS-00087 2026-09-14_11:42 18.3 -999.9 -999.9 61.4 -999.9 -999.9 10.7 -999.9 -999.9 984.4 -999.9 -999.9 2.2 -999.9 6.4 460.0 0.0 0.0 0.0 0.0 57.4 66.8 18.4 10.7 93.7 61.4 8.4 DCRS_-_Antônio_Prado/Flores_da_Cunha_(292_m) -999.9 -999.9 988.2 984.4 984.4 11.7 9.3 711.0 Rio_Grande_do_Sul DCRS -999.9 0.0 0.0 nan nan nan 0 nan nan nan nan nan
-28.939899 -51.188499 DCRS-00087 2026-09-14_11:43 18.4 -999.9 -999.9 62.8 -999.9 -999.9 11.1 -999.9 -999.9 984.4 -999.9 -999.9 6.1 -999.9 6.4 340.0 0.0 0.0 0.0 0.0 57.4 66.8 18.4 10.7 93.7 61.4 8.4 DCRS_-_Antônio_Prado/Flores_da_Cunha_(292_m) -999.9 -999.9 988.2 984.4 984.4 11.7 9.3 711.0 Rio_Grande_do_Sul DCRS -999.9 0.0 0.0 nan nan nan 0 nan nan nan nan nan
-28.939899 -51.188499 DCRS-00087 2026-09-14_11:44 18.4 -999.9 -999.9 64.0 -999.9 -999.9 11.4 -999.9 -999.9 984.4 -999.9 -999.9 2.3 -999.9 6.4 440.0 0.0 0.0 0.0 0.0 57.4 66.8 18.4 10.7 93.7 61.4 8.4 DCRS_-_Antônio_Prado/Flores_da_Cunha_(292_m) -999.9 -999.9 988.2 984.4 984.4 11.7 9.3 711.0 Rio_Grande_do_Sul DCRS -999.9 0.0 0.0 nan nan nan 0 nan nan nan nan nan
-28.939899 -51.188499 DCRS-00087 2026-09-14_11:46 18.6 -999.9 -999.9 64.2 -999.9 -999.9 11.7 -999.9 -999.9 984.4 -999.9 -999.9 2.3 -999.9 8.7 327.0 0.0 0.0 0.0 0.0 57.4 66.8 18.6 10.7 93.7 61.4 8.7 DCRS_-_Antônio_Prado/Flores_da_Cunha_(292_m) -999.9 -999.9 988.2 984.4 984.4 11.7 9.3 711.0 Rio_Grande_do_Sul DCRS -999.9 0.0 0.0 nan nan nan 0 nan nan nan nan nan
-28.939899 -51.188499 DCRS-00087 2026-09-14_11:47 18.7 -999.9 -999.9 61.5 -999.9 -999.9 11.1 -999.9 -999.9 984.4 -999.9 -999.9 7.0 -999.9 8.7 323.0 0.0 0.0 0.0 0.0 57.4 66.8 18.7 10.7 93.7 61.4 8.7 DCRS_-_Antônio_Prado/Flores_da_Cunha_(292_m) -999.9 -999.9 988.2 984.4 984.4 11.7 9.3 711.0 Rio_Grande_do_Sul DCRS -999.9 0.0 0.0 nan nan nan 0 nan nan nan nan nan
-28.939899 -51.188499 DCRS-00087 2026-09-14_11:48 18.6 -999.9 -999.9 61.7 -999.9 -999.9 11.1 -999.9 -999.9 984.3 -999.9 -999.9 0.0 -999.9 8.7 484.0 0.0 0.0 0.0 0.0 57.4 66.8 18.7 10.7 93.7 61.4 8.7 DCRS_-_Antônio_Prado/Flores_da_Cunha_(292_m) -999.9 -999.9 988.2 984.3 984.3 11.7 9.3 711.0 Rio_Grande_do_Sul DCRS -999.9 0.0 0.0 nan nan nan 0 nan nan nan nan nan
-28.939899 -51.188499 DCRS-00087 2026-09-14_11:49 18.4 -999.9 -999.9 61.9 -999.9 -999.9 10.9 -999.9 -999.9 984.3 -999.9 -999.9 2.2 -999.9 8.7 542.0 0.0 0.0 0.0 0.0 57.4 66.8 18.7 10.7 93.7 61.4 8.7 DCRS_-_Antônio_Prado/Flores_da_Cunha_(292_m) -999.9 -999.9 988.2 984.3 984.3 11.7 9.3 711.0 Rio_Grande_do_Sul DCRS -999.9 0.0 0.0 nan nan nan 0 nan nan nan nan nan
-28.939899 -51.188499 DCRS-00087 2026-09-14_11:50 18.3 -999.9 -999.9 62.0 -999.9 -999.9 10.8 -999.9 -999.9 984.3 -999.9 -999.9 5.7 -999.9 10.7 478.0 0.0 0.0 0.0 0.0 57.4 66.8 18.7 10.7 93.7 61.4 10.7 DCRS_-_Antônio_Prado/Flores_da_Cunha_(292_m) -999.9 -999.9 988.2 984.3 984.3 11.7 9.3 711.0 Rio_Grande_do_Sul DCRS -999.9 0.0 0.0 nan nan nan 0 nan nan nan nan nan
-28.939899 -51.188499 DCRS-00087 2026-09-14_11:51 18.3 -999.9 -999.9 62.8 -999.9 -999.9 11.0 -999.9 -999.9 984.3 -999.9 -999.9 6.6 -999.9 10.7 480.0 0.0 0.0 0.0 0.0 57.4 66.8 18.7 10.7 93.7 61.4 10.7 DCRS_-_Antônio_Prado/Flores_da_Cunha_(292_m) -999.9 -999.9 988.2 984.3 984.3 11.7 9.3 711.0 Rio_Grande_do_Sul DCRS -999.9 0.0 0.0 nan nan nan 0 nan nan nan nan nan
-28.939899 -51.188499 DCRS-00087 2026-09-14_11:52 18.3 -999.9 -999.9 62.1 -999.9 -999.9 10.9 -999.9 -999.9 984.3 -999.9 -999.9 2.0 -999.9 10.7 659.0 0.0 0.0 0.0 0.0 57.4 66.8 18.7 10.7 93.7 61.4 10.7 DCRS_-_Antônio_Prado/Flores_da_Cunha_(292_m) -999.9 -999.9 988.2 984.3 984.3 11.7 9.3 711.0 Rio_Grande_do_Sul DCRS -999.9 0.0 0.0 nan nan nan 0 nan nan nan nan nan
-28.939899 -51.188499 DCRS-00087 2026-09-14_11:53 18.3 -999.9 -999.9 61.9 -999.9 -999.9 10.8 -999.9 -999.9 984.3 -999.9 -999.9 2.6 -999.9 10.7 671.0 0.0 0.0 0.0 0.0 57.4 66.8 18.7 10.7 93.7 61.4 10.7 DCRS_-_Antônio_Prado/Flores_da_Cunha_(292_m) -999.9 -999.9 988.2 984.3 984.3 11.7 9.3 711.0 Rio_Grande_do_Sul DCRS -999.9 0.0 0.0 nan nan nan 0 nan nan nan nan nan
-28.939899 -51.188499 DCRS-00087 2026-09-14_11:54 18.6 -999.9 -999.9 62.2 -999.9 -999.9 11.2 -999.9 -999.9 984.3 -999.9 -999.9 0.0 -999.9 10.7 485.0 0.0 0.0 0.0 0.0 57.4 66.8 18.7 10.7 93.7 61.4 10.7 DCRS_-_Antônio_Prado/Flores_da_Cunha_(292_m) -999.9 -999.9 988.2 984.3 984.3 11.7 9.3 711.0 Rio_Grande_do_Sul DCRS -999.9 0.0 0.0 nan nan nan 0 nan nan nan nan nan
-28.939899 -51.188499 DCRS-00087 2026-09-14_11:55 18.9 -999.9 -999.9 62.3 -999.9 -999.9 11.5 -999.9 -999.9 984.3 -999.9 -999.9 6.8 -999.9 7.0 434.0 0.0 0.0 0.0 0.0 57.4 66.8 18.9 10.7 93.7 61.4 10.7 DCRS_-_Antônio_Prado/Flores_da_Cunha_(292_m) -999.9 -999.9 988.2 984.3 984.3 11.7 9.3 711.0 Rio_Grande_do_Sul DCRS -999.9 0.0 0.0 nan nan nan 0 nan nan nan nan nan
-28.939899 -51.188499 DCRS-00087 2026-09-14_11:56 19.0 -999.9 -999.9 63.5 -999.9 -999.9 11.9 -999.9 -999.9 984.3 -999.9 -999.9 1.9 -999.9 7.0 478.0 0.0 0.0 0.0 0.0 57.4 66.8 19.0 10.7 93.7 61.4 10.7 DCRS_-_Antônio_Prado/Flores_da_Cunha_(292_m) -999.9 -999.9 988.2 984.3 984.3 11.9 9.3 711.0 Rio_Grande_do_Sul DCRS -999.9 0.0 0.0 nan nan nan 0 nan nan nan nan nan
-28.939899 -51.188499 DCRS-00087 2026-09-14_11:57 19.1 -999.9 -999.9 60.1 -999.9 -999.9 11.1 -999.9 -999.9 984.3 -999.9 -999.9 2.2 -999.9 7.0 712.0 0.0 0.0 0.0 0.0 57.4 66.8 19.1 10.7 93.7 60.1 10.7 DCRS_-_Antônio_Prado/Flores_da_Cunha_(292_m) -999.9 -999.9 988.2 984.3 984.3 11.9 9.3 712.0 Rio_Grande_do_Sul DCRS -999.9 0.0 0.0 nan nan nan 0 nan nan nan nan nan
-28.939899 -51.188499 DCRS-00087 2026-09-14_11:58 19.2 -999.9 -999.9 59.5 -999.9 -999.9 11.1 -999.9 -999.9 984.3 -999.9 -999.9 1.9 -999.9 7.0 523.0 0.0 0.0 0.0 0.0 57.4 66.8 19.2 10.7 93.7 59.5 10.7 DCRS_-_Antônio_Prado/Flores_da_Cunha_(292_m) -999.9 -999.9 988.2 984.3 984.3 11.9 9.3 712.0 Rio_Grande_do_Sul DCRS -999.9 0.0 0.0 nan nan nan 0 nan nan nan nan nan
-28.939899 -51.188499 DCRS-00087 2026-09-14_11:59 19.4 -999.9 -999.9 58.8 -999.9 -999.9 11.1 -999.9 -999.9 984.3 -999.9 -999.9 0.0 -999.9 7.0 475.0 0.0 0.0 0.0 0.0 57.4 66.8 19.4 10.7 93.7 58.8 10.7 DCRS_-_Antônio_Prado/Flores_da_Cunha_(292_m) -999.9 -999.9 988.2 984.3 984.3 11.9 9.3 712.0 Rio_Grande_do_Sul DCRS -999.9 0.0 0.0 nan nan nan 0 nan nan nan nan nan
-28.939899 -51.188499 DCRS-00087 2026-09-14_12:00 19.5 -999.9 -999.9 58.5 -999.9 -999.9 11.1 -999.9 -999.9 984.3 -999.9 -999.9 3.7 -999.9 6.8 574.0 0.0 0.0 0.0 0.0 57.4 66.8 19.5 10.7 93.7 58.5 10.7 DCRS_-_Antônio_Prado/Flores_da_Cunha_(292_m) -999.9 -999.9 988.2 984.3 984.3 11.9 9.3 712.0 Rio_Grande_do_Sul DCRS -999.9 0.0 0.0 nan nan nan 0 nan nan nan nan nan
-28.939899 -51.188499 DCRS-00087 2026-09-14_12:01 19.7 -999.9 -999.9 58.8 -999.9 -999.9 11.4 -999.9 -999.9 984.2 -999.9 -999.9 4.2 -999.9 6.8 518.0 0.0 0.0 0.0 0.0 57.4 66.8 19.7 10.7 93.7 58.5 10.7 DCRS_-_Antônio_Prado/Flores_da_Cunha_(292_m) -999.9 -999.9 988.2 984.2 984.2 11.9 9.3 712.0 Rio_Grande_do_Sul DCRS -999.9 0.0 0.0 nan nan nan 0 nan nan nan nan nan
-28.939899 -51.188499 DCRS-00087 2026-09-14_12:02 19.7 -999.9 -999.9 59.6 -999.9 -999.9 11.6 -999.9 -999.9 984.2 -999.9 -999.9 2.8 -999.9 6.8 447.0 0.0 0.0 0.0 0.0 57.4 66.8 19.7 10.7 93.7 58.5 10.7 DCRS_-_Antônio_Prado/Flores_da_Cunha_(292_m) -999.9 -999.9 988.2 984.2 984.2 11.9 9.3 712.0 Rio_Grande_do_Sul DCRS -999.9 0.0 0.0 nan nan nan 0 nan nan nan nan nan
-28.939899 -51.188499 DCRS-00087 2026-09-14_12:03 19.7 -999.9 -999.9 60.3 -999.9 -999.9 11.8 -999.9 -999.9 984.2 -999.9 -999.9 5.8 -999.9 6.8 476.0 0.0 0.0 0.0 0.0 57.4 66.8 19.7 10.7 93.7 58.5 10.7 DCRS_-_Antônio_Prado/Flores_da_Cunha_(292_m) -999.9 -999.9 988.2 984.2 984.2 11.9 9.3 712.0 Rio_Grande_do_Sul DCRS -999.9 0.0 0.0 nan nan nan 0 nan nan nan nan nan
-28.939899 -51.188499 DCRS-00087 2026-09-14_12:05 19.8 -999.9 -999.9 60.5 -999.9 -999.9 11.9 -999.9 -999.9 984.2 -999.9 -999.9 0.0 -999.9 6.3 329.0 0.0 0.0 0.0 0.0 57.4 66.8 19.8 10.7 93.7 58.5 10.7 DCRS_-_Antônio_Prado/Flores_da_Cunha_(292_m) -999.9 -999.9 988.2 984.2 984.2 11.9 9.3 712.0 Rio_Grande_do_Sul DCRS -999.9 0.0 0.0 nan nan nan 0 nan nan nan nan nan
-28.939899 -51.188499 DCRS-00087 2026-09-14_12:06 19.8 -999.9 -999.9 59.0 -999.9 -999.9 11.5 -999.9 -999.9 984.2 -999.9 -999.9 4.1 -999.9 6.3 364.0 0.0 0.0 0.0 0.0 57.4 66.8 19.8 10.7 93.7 58.5 10.7 DCRS_-_Antônio_Prado/Flores_da_Cunha_(292_m) -999.9 -999.9 988.2 984.2 984.2 11.9 9.3 712.0 Rio_Grande_do_Sul DCRS -999.9 0.0 0.0 nan nan nan 0 nan nan nan nan nan
-28.939899 -51.188499 DCRS-00087 2026-09-14_12:07 19.7 -999.9 -999.9 58.9 -999.9 -999.9 11.4 -999.9 -999.9 984.2 -999.9 -999.9 2.8 -999.9 6.3 439.0 0.0 0.0 0.0 0.0 57.4 66.8 19.8 10.7 93.7 58.5 10.7 DCRS_-_Antônio_Prado/Flores_da_Cunha_(292_m) -999.9 -999.9 988.2 984.2 984.2 11.9 9.3 712.0 Rio_Grande_do_Sul DCRS -999.9 0.0 0.0 nan nan nan 0 nan nan nan nan nan
-28.939899 -51.188499 DCRS-00087 2026-09-14_12:08 19.7 -999.9 -999.9 58.2 -999.9 -999.9 11.2 -999.9 -999.9 984.2 -999.9 -999.9 5.9 -999.9 6.3 356.0 0.0 0.0 0.0 0.0 57.4 66.8 19.8 10.7 93.7 58.2 10.7 DCRS_-_Antônio_Prado/Flores_da_Cunha_(292_m) -999.9 -999.9 988.2 984.2 984.2 11.9 9.3 712.0 Rio_Grande_do_Sul DCRS -999.9 0.0 0.0 nan nan nan 0 nan nan nan nan nan
-28.939899 -51.188499 DCRS-00087 2026-09-14_12:09 19.5 -999.9 -999.9 59.6 -999.9 -999.9 11.4 -999.9 -999.9 984.1 -999.9 -999.9 2.3 -999.9 6.3 416.0 0.0 0.0 0.0 0.0 57.4 66.8 19.8 10.7 93.7 58.2 10.7 DCRS_-_Antônio_Prado/Flores_da_Cunha_(292_m) -999.9 -999.9 988.2 984.1 984.1 11.9 9.3 712.0 Rio_Grande_do_Sul DCRS -999.9 0.0 0.0 nan nan nan 0 nan nan nan nan nan
-28.939899 -51.188499 DCRS-00087 2026-09-14_12:10 19.5 -999.9 -999.9 60.7 -999.9 -999.9 11.7 -999.9 -999.9 984.1 -999.9 -999.9 2.1 -999.9 6.5 539.0 0.0 0.0 0.0 0.0 57.4 66.8 19.8 10.7 93.7 58.2 10.7 DCRS_-_Antônio_Prado/Flores_da_Cunha_(292_m) -999.9 -999.9 988.2 984.1 984.1 11.9 9.3 712.0 Rio_Grande_do_Sul DCRS -999.9 0.0 0.0 nan nan nan 0 nan nan nan nan nan
-28.939899 -51.188499 DCRS-00087 2026-09-14_12:11 19.6 -999.9 -999.9 58.5 -999.9 -999.9 11.2 -999.9 -999.9 984.1 -999.9 -999.9 0.0 -999.9 6.5 327.0 0.0 0.0 0.0 0.0 57.4 66.8 19.8 10.7 93.7 58.2 10.7 DCRS_-_Antônio_Prado/Flores_da_Cunha_(292_m) -999.9 -999.9 988.2 984.1 984.1 11.9 9.3 712.0 Rio_Grande_do_Sul DCRS -999.9 0.0 0.0 nan nan nan 0 nan nan nan nan nan
-28.939899 -51.188499 DCRS-00087 2026-09-14_12:12 19.6 -999.9 -999.9 58.4 -999.9 -999.9 11.2 -999.9 -999.9 984.0 -999.9 -999.9 0.0 -999.9 6.5 382.0 0.0 0.0 0.0 0.0 57.4 66.8 19.8 10.7 93.7 58.2 10.7 DCRS_-_Antônio_Prado/Flores_da_Cunha_(292_m) -999.9 -999.9 988.2 984.0 984.0 11.9 9.3 712.0 Rio_Grande_do_Sul DCRS -999.9 0.0 0.0 nan nan nan 0 nan nan nan nan nan
-28.939899 -51.188499 DCRS-00087 2026-09-14_12:13 19.7 -999.9 -999.9 60.1 -999.9 -999.9 11.7 -999.9 -999.9 984.0 -999.9 -999.9 2.0 -999.9 6.5 313.0 0.0 0.0 0.0 0.0 57.4 66.8 19.8 10.7 93.7 58.2 10.7 DCRS_-_Antônio_Prado/Flores_da_Cunha_(292_m) -999.9 -999.9 988.2 984.0 984.0 11.9 9.3 712.0 Rio_Grande_do_Sul DCRS -999.9 0.0 0.0 nan nan nan 0 nan nan nan nan nan
-28.939899 -51.188499 DCRS-00087 2026-09-14_12:14 19.9 -999.9 -999.9 58.9 -999.9 -999.9 11.6 -999.9 -999.9 983.9 -999.9 -999.9 2.2 -999.9 6.5 399.0 0.0 0.0 0.0 0.0 57.4 66.8 19.9 10.7 93.7 58.2 10.7 DCRS_-_Antônio_Prado/Flores_da_Cunha_(292_m) -999.9 -999.9 988.2 983.9 983.9 11.9 9.3 712.0 Rio_Grande_do_Sul DCRS -999.9 0.0 0.0 nan nan nan 0 nan nan nan nan nan
-28.939899 -51.188499 DCRS-00087 2026-09-14_12:15 19.9 -999.9 -999.9 60.5 -999.9 -999.9 12.0 -999.9 -999.9 983.9 -999.9 -999.9 -999.9 -999.9 2.7 346.0 0.0 0.0 0.0 0.0 57.4 66.8 19.9 10.7 93.7 58.2 10.7 DCRS_-_Antônio_Prado/Flores_da_Cunha_(292_m) -999.9 -999.9 988.2 983.9 983.9 12.0 9.3 712.0 Rio_Grande_do_Sul DCRS -999.9 0.0 0.0 nan nan nan 0 nan nan nan nan nan
-28.939899 -51.188499 DCRS-00087 2026-09-14_12:16 19.9 -999.9 -999.9 59.5 -999.9 -999.9 11.7 -999.9 -999.9 983.9 -999.9 -999.9 -999.9 -999.9 2.7 331.0 0.0 0.0 0.0 0.0 57.4 66.8 19.9 10.7 93.7 58.2 10.7 DCRS_-_Antônio_Prado/Flores_da_Cunha_(292_m) -999.9 -999.9 988.2 983.9 983.9 12.0 9.3 712.0 Rio_Grande_do_Sul DCRS -999.9 0.0 0.0 nan nan nan 0 nan nan nan nan nan
-28.939899 -51.188499 DCRS-00087 2026-09-14_12:17 19.8 -999.9 -999.9 59.8 -999.9 -999.9 11.7 -999.9 -999.9 983.9 -999.9 -999.9 1.8 -999.9 2.7 330.0 0.0 0.0 0.0 0.0 57.4 66.8 19.9 10.7 93.7 58.2 10.7 DCRS_-_Antônio_Prado/Flores_da_Cunha_(292_m) -999.9 -999.9 988.2 983.9 983.9 12.0 9.3 712.0 Rio_Grande_do_Sul DCRS -999.9 0.0 0.0 nan nan nan 0 nan nan nan nan nan
-28.939899 -51.188499 DCRS-00087 2026-09-14_12:18 19.9 -999.9 -999.9 61.2 -999.9 -999.9 12.2 -999.9 -999.9 983.8 -999.9 -999.9 0.0 -999.9 2.7 313.0 0.0 0.0 0.0 0.0 57.4 66.8 19.9 10.7 93.7 58.2 10.7 DCRS_-_Antônio_Prado/Flores_da_Cunha_(292_m) -999.9 -999.9 988.2 983.8 983.8 12.2 9.3 712.0 Rio_Grande_do_Sul DCRS -999.9 0.0 0.0 nan nan nan 0 nan nan nan nan nan
-28.939899 -51.188499 DCRS-00087 2026-09-14_12:19 20.0 -999.9 -999.9 63.8 -999.9 -999.9 12.9 -999.9 -999.9 983.8 -999.9 -999.9 0.0 -999.9 2.7 295.0 0.0 0.0 0.0 0.0 57.4 66.8 20.0 10.7 93.7 58.2 10.7 DCRS_-_Antônio_Prado/Flores_da_Cunha_(292_m) -999.9 -999.9 988.2 983.8 983.8 12.9 9.3 712.0 Rio_Grande_do_Sul DCRS -999.9 0.0 0.0 nan nan nan 0 nan nan nan nan nan
-28.939899 -51.188499 DCRS-00087 2026-09-14_12:20 20.0 -999.9 -999.9 59.4 -999.9 -999.9 11.8 -999.9 -999.9 983.8 -999.9 -999.9 0.0 -999.9 5.5 270.0 0.0 0.0 0.0 0.0 57.4 66.8 20.0 10.7 93.7 58.2 10.7 DCRS_-_Antônio_Prado/Flores_da_Cunha_(292_m) -999.9 -999.9 988.2 983.8 983.8 12.9 9.3 712.0 Rio_Grande_do_Sul DCRS -999.9 0.0 0.0 nan nan nan 0 nan nan nan nan nan
-28.939899 -51.188499 DCRS-00087 2026-09-14_12:21 20.0 -999.9 -999.9 60.2 -999.9 -999.9 12.0 -999.9 -999.9 983.7 -999.9 -999.9 0.0 -999.9 5.5 281.0 0.0 0.0 0.0 0.0 57.4 66.8 20.0 10.7 93.7 58.2 10.7 DCRS_-_Antônio_Prado/Flores_da_Cunha_(292_m) -999.9 -999.9 988.2 983.7 983.7 12.9 9.3 712.0 Rio_Grande_do_Sul DCRS -999.9 0.0 0.0 nan nan nan 0 nan nan nan nan nan
-28.939899 -51.188499 DCRS-00087 2026-09-14_12:22 20.0 -999.9 -999.9 59.0 -999.9 -999.9 11.7 -999.9 -999.9 983.7 -999.9 -999.9 1.8 -999.9 5.5 292.0 0.0 0.0 0.0 0.0 57.4 66.8 20.0 10.7 93.7 58.2 10.7 DCRS_-_Antônio_Prado/Flores_da_Cunha_(292_m) -999.9 -999.9 988.2 983.7 983.7 12.9 9.3 712.0 Rio_Grande_do_Sul DCRS -999.9 0.0 0.0 nan nan nan 0 nan nan nan nan nan
-28.939899 -51.188499 DCRS-00087 2026-09-14_12:23 20.0 -999.9 -999.9 58.7 -999.9 -999.9 11.6 -999.9 -999.9 983.7 -999.9 -999.9 0.0 -999.9 5.5 284.0 0.0 0.0 0.0 0.0 57.4 66.8 20.0 10.7 93.7 58.2 10.7 DCRS_-_Antônio_Prado/Flores_da_Cunha_(292_m) -999.9 -999.9 988.2 983.7 983.7 12.9 9.3 712.0 Rio_Grande_do_Sul DCRS -999.9 0.0 0.0 nan nan nan 0 nan nan nan nan nan
-28.939899 -51.188499 DCRS-00087 2026-09-14_12:24 20.1 -999.9 -999.9 61.5 -999.9 -999.9 12.4 -999.9 -999.9 983.7 -999.9 -999.9 0.0 -999.9 5.5 278.0 0.0 0.0 0.0 0.0 57.4 66.8 20.1 10.7 93.7 58.2 10.7 DCRS_-_Antônio_Prado/Flores_da_Cunha_(292_m) -999.9 -999.9 988.2 983.7 983.7 12.9 9.3 712.0 Rio_Grande_do_Sul DCRS -999.9 0.0 0.0 nan nan nan 0 nan nan nan nan nan
-28.939899 -51.188499 DCRS-00087 2026-09-14_12:25 20.0 -999.9 -999.9 61.5 -999.9 -999.9 12.3 -999.9 -999.9 983.7 -999.9 -999.9 0.0 -999.9 4.4 284.0 0.0 0.0 0.0 0.0 57.4 66.8 20.1 10.7 93.7 58.2 10.7 DCRS_-_Antônio_Prado/Flores_da_Cunha_(292_m) -999.9 -999.9 988.2 983.7 983.7 12.9 9.3 712.0 Rio_Grande_do_Sul DCRS -999.9 0.0 0.0 nan nan nan 0 nan nan nan nan nan
-28.939899 -51.188499 DCRS-00087 2026-09-14_12:26 20.1 -999.9 -999.9 57.2 -999.9 -999.9 11.3 -999.9 -999.9 983.7 -999.9 -999.9 0.0 -999.9 4.4 301.0 0.0 0.0 0.0 0.0 57.4 66.8 20.1 10.7 93.7 57.2 10.7 DCRS_-_Antônio_Prado/Flores_da_Cunha_(292_m) -999.9 -999.9 988.2 983.7 983.7 12.9 9.3 712.0 Rio_Grande_do_Sul DCRS -999.9 0.0 0.0 nan nan nan 0 nan nan nan nan nan
-28.939899 -51.188499 DCRS-00087 2026-09-14_12:27 20.1 -999.9 -999.9 59.7 -999.9 -999.9 12.0 -999.9 -999.9 983.6 -999.9 -999.9 0.0 -999.9 4.4 306.0 0.0 0.0 0.0 0.0 57.4 66.8 20.1 10.7 93.7 57.2 10.7 DCRS_-_Antônio_Prado/Flores_da_Cunha_(292_m) -999.9 -999.9 988.2 983.6 983.6 12.9 9.3 712.0 Rio_Grande_do_Sul DCRS -999.9 0.0 0.0 nan nan nan 0 nan nan nan nan nan
-28.939899 -51.188499 DCRS-00087 2026-09-14_12:28 20.0 -999.9 -999.9 58.3 -999.9 -999.9 11.5 -999.9 -999.9 983.6 -999.9 -999.9 0.0 -999.9 4.4 281.0 0.0 0.0 0.0 0.0 57.4 66.8 20.1 10.7 93.7 57.2 10.7 DCRS_-_Antônio_Prado/Flores_da_Cunha_(292_m) -999.9 -999.9 988.2 983.6 983.6 12.9 9.3 712.0 Rio_Grande_do_Sul DCRS -999.9 0.0 0.0 nan nan nan 0 nan nan nan nan nan
-28.939899 -51.188499 DCRS-00087 2026-09-14_12:29 20.0 -999.9 -999.9 57.2 -999.9 -999.9 11.2 -999.9 -999.9 983.6 -999.9 -999.9 0.0 -999.9 4.4 254.0 0.0 0.0 0.0 0.0 57.4 66.8 20.1 10.7 93.7 57.2 10.7 DCRS_-_Antônio_Prado/Flores_da_Cunha_(292_m) -999.9 -999.9 988.2 983.6 983.6 12.9 9.3 712.0 Rio_Grande_do_Sul DCRS -999.9 0.0 0.0 nan nan nan 0 nan nan nan nan nan
-28.939899 -51.188499 DCRS-00087 2026-09-14_12:30 19.8 -999.9 -999.9 57.8 -999.9 -999.9 11.2 -999.9 -999.9 983.6 -999.9 -999.9 3.6 -999.9 5.4 240.0 0.0 0.0 0.0 0.0 57.4 66.8 20.1 10.7 93.7 57.2 10.7 DCRS_-_Antônio_Prado/Flores_da_Cunha_(292_m) -999.9 -999.9 988.2 983.6 983.6 12.9 9.3 712.0 Rio_Grande_do_Sul DCRS -999.9 0.0 0.0 nan nan nan 0 nan nan nan nan nan
-28.939899 -51.188499 DCRS-00087 2026-09-14_12:31 19.7 -999.9 -999.9 59.0 -999.9 -999.9 11.4 -999.9 -999.9 983.6 -999.9 -999.9 0.0 -999.9 5.4 229.0 0.0 0.0 0.0 0.0 57.4 66.8 20.1 10.7 93.7 57.2 10.7 DCRS_-_Antônio_Prado/Flores_da_Cunha_(292_m) -999.9 -999.9 988.2 983.6 983.6 12.9 9.3 712.0 Rio_Grande_do_Sul DCRS -999.9 0.0 0.0 nan nan nan 0 nan nan nan nan nan
-28.939899 -51.188499 DCRS-00087 2026-09-14_12:32 19.7 -999.9 -999.9 58.7 -999.9 -999.9 11.3 -999.9 -999.9 983.5 -999.9 -999.9 0.0 -999.9 5.4 223.0 0.0 0.0 0.0 0.0 57.4 66.8 20.1 10.7 93.7 57.2 10.7 DCRS_-_Antônio_Prado/Flores_da_Cunha_(292_m) -999.9 -999.9 988.2 983.5 983.5 12.9 9.3 712.0 Rio_Grande_do_Sul DCRS -999.9 0.0 0.0 nan nan nan 0 nan nan nan nan nan
-28.939899 -51.188499 DCRS-00087 2026-09-14_12:33 19.6 -999.9 -999.9 59.6 -999.9 -999.9 11.5 -999.9 -999.9 983.5 -999.9 -999.9 0.0 -999.9 5.4 227.0 0.0 0.0 0.0 0.0 57.4 66.8 20.1 10.7 93.7 57.2 10.7 DCRS_-_Antônio_Prado/Flores_da_Cunha_(292_m) -999.9 -999.9 988.2 983.5 983.5 12.9 9.3 712.0 Rio_Grande_do_Sul DCRS -999.9 0.0 0.0 nan nan nan 0 nan nan nan nan nan
-28.939899 -51.188499 DCRS-00087 2026-09-14_12:34 19.5 -999.9 -999.9 59.4 -999.9 -999.9 11.3 -999.9 -999.9 983.5 -999.9 -999.9 0.0 -999.9 5.4 228.0 0.0 0.0 0.0 0.0 57.4 66.8 20.1 10.7 93.7 57.2 10.7 DCRS_-_Antônio_Prado/Flores_da_Cunha_(292_m) -999.9 -999.9 988.2 983.5 983.5 12.9 9.3 712.0 Rio_Grande_do_Sul DCRS -999.9 0.0 0.0 nan nan nan 0 nan nan nan nan nan
-28.939899 -51.188499 DCRS-00087 2026-09-14_12:35 19.5 -999.9 -999.9 59.7 -999.9 -999.9 11.4 -999.9 -999.9 983.5 -999.9 -999.9 2.4 -999.9 4.9 228.0 0.0 0.0 0.0 0.0 57.4 66.8 20.1 10.7 93.7 57.2 10.7 DCRS_-_Antônio_Prado/Flores_da_Cunha_(292_m) -999.9 -999.9 988.2 983.5 983.5 12.9 9.3 712.0 Rio_Grande_do_Sul DCRS -999.9 0.0 0.0 nan nan nan 0 nan nan nan nan nan
-28.939899 -51.188499 DCRS-00087 2026-09-14_12:36 19.4 -999.9 -999.9 59.0 -999.9 -999.9 11.1 -999.9 -999.9 983.5 -999.9 -999.9 4.6 -999.9 4.9 234.0 0.0 0.0 0.0 0.0 57.4 66.8 20.1 10.7 93.7 57.2 10.7 DCRS_-_Antônio_Prado/Flores_da_Cunha_(292_m) -999.9 -999.9 988.2 983.5 983.5 12.9 9.3 712.0 Rio_Grande_do_Sul DCRS -999.9 0.0 0.0 nan nan nan 0 nan nan nan nan nan
-28.939899 -51.188499 DCRS-00087 2026-09-14_12:37 19.4 -999.9 -999.9 61.2 -999.9 -999.9 11.7 -999.9 -999.9 983.5 -999.9 -999.9 0.0 -999.9 4.9 241.0 0.0 0.0 0.0 0.0 57.4 66.8 20.1 10.7 93.7 57.2 10.7 DCRS_-_Antônio_Prado/Flores_da_Cunha_(292_m) -999.9 -999.9 988.2 983.5 983.5 12.9 9.3 712.0 Rio_Grande_do_Sul DCRS -999.9 0.0 0.0 nan nan nan 0 nan nan nan nan nan
-28.939899 -51.188499 DCRS-00087 2026-09-14_12:38 19.4 -999.9 -999.9 61.0 -999.9 -999.9 11.6 -999.9 -999.9 983.5 -999.9 -999.9 0.0 -999.9 4.9 233.0 0.0 0.0 0.0 0.0 57.4 66.8 20.1 10.7 93.7 57.2 10.7 DCRS_-_Antônio_Prado/Flores_da_Cunha_(292_m) -999.9 -999.9 988.2 983.5 983.5 12.9 9.3 712.0 Rio_Grande_do_Sul DCRS -999.9 0.0 0.0 nan nan nan 0 nan nan nan nan nan
-28.939899 -51.188499 DCRS-00087 2026-09-14_12:39 19.4 -999.9 -999.9 62.8 -999.9 -999.9 12.1 -999.9 -999.9 983.5 -999.9 -999.9 1.9 -999.9 4.9 221.0 0.0 0.0 0.0 0.0 57.4 66.8 20.1 10.7 93.7 57.2 10.7 DCRS_-_Antônio_Prado/Flores_da_Cunha_(292_m) -999.9 -999.9 988.2 983.5 983.5 12.9 9.3 712.0 Rio_Grande_do_Sul DCRS -999.9 0.0 0.0 nan nan nan 0 nan nan nan nan nan
-28.939899 -51.188499 DCRS-00087 2026-09-14_12:40 19.4 -999.9 -999.9 61.6 -999.9 -999.9 11.8 -999.9 -999.9 983.4 -999.9 -999.9 0.0 -999.9 4.7 219.0 0.0 0.0 0.0 0.0 57.4 66.8 20.1 10.7 93.7 57.2 10.7 DCRS_-_Antônio_Prado/Flores_da_Cunha_(292_m) -999.9 -999.9 988.2 983.4 983.4 12.9 9.3 712.0 Rio_Grande_do_Sul DCRS -999.9 0.0 0.0 nan nan nan 0 nan nan nan nan nan
-28.939899 -51.188499 DCRS-00087 2026-09-14_12:41 19.4 -999.9 -999.9 59.6 -999.9 -999.9 11.3 -999.9 -999.9 983.4 -999.9 -999.9 0.0 -999.9 4.7 227.0 0.0 0.0 0.0 0.0 57.4 66.8 20.1 10.7 93.7 57.2 10.7 DCRS_-_Antônio_Prado/Flores_da_Cunha_(292_m) -999.9 -999.9 988.2 983.4 983.4 12.9 9.3 712.0 Rio_Grande_do_Sul DCRS -999.9 0.0 0.0 nan nan nan 0 nan nan nan nan nan
-28.939899 -51.188499 DCRS-00087 2026-09-14_12:42 19.5 -999.9 -999.9 64.0 -999.9 -999.9 12.5 -999.9 -999.9 983.4 -999.9 -999.9 2.8 -999.9 4.7 226.0 0.0 0.0 0.0 0.0 57.4 66.8 20.1 10.7 93.7 57.2 10.7 DCRS_-_Antônio_Prado/Flores_da_Cunha_(292_m) -999.9 -999.9 988.2 983.4 983.4 12.9 9.3 712.0 Rio_Grande_do_Sul DCRS -999.9 0.0 0.0 nan nan nan 0 nan nan nan nan nan
-28.939899 -51.188499 DCRS-00087 2026-09-14_12:43 19.4 -999.9 -999.9 60.2 -999.9 -999.9 11.4 -999.9 -999.9 983.3 -999.9 -999.9 4.0 -999.9 4.7 226.0 0.0 0.0 0.0 0.0 57.4 66.8 20.1 10.7 93.7 57.2 10.7 DCRS_-_Antônio_Prado/Flores_da_Cunha_(292_m) -999.9 -999.9 988.2 983.3 983.3 12.9 9.3 712.0 Rio_Grande_do_Sul DCRS -999.9 0.0 0.0 nan nan nan 0 nan nan nan nan nan
-28.939899 -51.188499 DCRS-00087 2026-09-14_12:44 19.3 -999.9 -999.9 63.8 -999.9 -999.9 12.2 -999.9 -999.9 983.3 -999.9 -999.9 3.0 -999.9 4.7 223.0 0.0 0.0 0.0 0.0 57.4 66.8 20.1 10.7 93.7 57.2 10.7 DCRS_-_Antônio_Prado/Flores_da_Cunha_(292_m) -999.9 -999.9 988.2 983.3 983.3 12.9 9.3 712.0 Rio_Grande_do_Sul DCRS -999.9 0.0 0.0 nan nan nan 0 nan nan nan nan nan
-28.939899 -51.188499 DCRS-00087 2026-09-14_12:45 19.3 -999.9 -999.9 64.0 -999.9 -999.9 12.3 -999.9 -999.9 983.3 -999.9 -999.9 1.8 -999.9 5.4 215.0 0.0 0.0 0.0 0.0 57.4 66.8 20.1 10.7 93.7 57.2 10.7 DCRS_-_Antônio_Prado/Flores_da_Cunha_(292_m) -999.9 -999.9 988.2 983.3 983.3 12.9 9.3 712.0 Rio_Grande_do_Sul DCRS -999.9 0.0 0.0 nan nan nan 0 nan nan nan nan nan
-28.939899 -51.188499 DCRS-00087 2026-09-14_12:46 19.2 -999.9 -999.9 61.0 -999.9 -999.9 11.5 -999.9 -999.9 983.3 -999.9 -999.9 2.2 -999.9 5.4 203.0 0.0 0.0 0.0 0.0 57.4 66.8 20.1 10.7 93.7 57.2 10.7 DCRS_-_Antônio_Prado/Flores_da_Cunha_(292_m) -999.9 -999.9 988.2 983.3 983.3 12.9 9.3 712.0 Rio_Grande_do_Sul DCRS -999.9 0.0 0.0 nan nan nan 0 nan nan nan nan nan
-28.939899 -51.188499 DCRS-00087 2026-09-14_12:47 19.2 -999.9 -999.9 60.6 -999.9 -999.9 11.4 -999.9 -999.9 983.2 -999.9 -999.9 2.6 -999.9 5.4 191.0 0.0 0.0 0.0 0.0 57.4 66.8 20.1 10.7 93.7 57.2 10.7 DCRS_-_Antônio_Prado/Flores_da_Cunha_(292_m) -999.9 -999.9 988.2 983.2 983.2 12.9 9.3 712.0 Rio_Grande_do_Sul DCRS -999.9 0.0 0.0 nan nan nan 0 nan nan nan nan nan
-28.939899 -51.188499 DCRS-00087 2026-09-14_12:48 19.2 -999.9 -999.9 60.8 -999.9 -999.9 11.4 -999.9 -999.9 983.2 -999.9 -999.9 -999.9 -999.9 5.4 186.0 0.0 0.0 0.0 0.0 57.4 66.8 20.1 10.7 93.7 57.2 10.7 DCRS_-_Antônio_Prado/Flores_da_Cunha_(292_m) -999.9 -999.9 988.2 983.2 983.2 12.9 9.3 712.0 Rio_Grande_do_Sul DCRS -999.9 0.0 0.0 nan nan nan 0 nan nan nan nan nan
-28.939899 -51.188499 DCRS-00087 2026-09-14_12:49 19.1 -999.9 -999.9 60.2 -999.9 -999.9 11.2 -999.9 -999.9 983.2 -999.9 -999.9 3.4 -999.9 5.4 187.0 0.0 0.0 0.0 0.0 57.4 66.8 20.1 10.7 93.7 57.2 10.7 DCRS_-_Antônio_Prado/Flores_da_Cunha_(292_m) -999.9 -999.9 988.2 983.2 983.2 12.9 9.3 712.0 Rio_Grande_do_Sul DCRS -999.9 0.0 0.0 nan nan nan 0 nan nan nan nan nan
-28.939899 -51.188499 DCRS-00087 2026-09-14_12:50 19.0 -999.9 -999.9 61.2 -999.9 -999.9 11.3 -999.9 -999.9 983.1 -999.9 -999.9 4.4 -999.9 5.7 196.0 0.0 0.0 0.0 0.0 57.4 66.8 20.1 10.7 93.7 57.2 10.7 DCRS_-_Antônio_Prado/Flores_da_Cunha_(292_m) -999.9 -999.9 988.2 983.1 983.1 12.9 9.3 712.0 Rio_Grande_do_Sul DCRS -999.9 0.0 0.0 nan nan nan 0 nan nan nan nan nan
-28.939899 -51.188499 DCRS-00087 2026-09-14_12:51 19.0 -999.9 -999.9 62.1 -999.9 -999.9 11.5 -999.9 -999.9 983.1 -999.9 -999.9 3.8 -999.9 5.7 211.0 0.0 0.0 0.0 0.0 57.4 66.8 20.1 10.7 93.7 57.2 10.7 DCRS_-_Antônio_Prado/Flores_da_Cunha_(292_m) -999.9 -999.9 988.2 983.1 983.1 12.9 9.3 712.0 Rio_Grande_do_Sul DCRS -999.9 0.0 0.0 nan nan nan 0 nan nan nan nan nan
-28.939899 -51.188499 DCRS-00087 2026-09-14_12:52 18.9 -999.9 -999.9 62.4 -999.9 -999.9 11.5 -999.9 -999.9 983.1 -999.9 -999.9 3.6 -999.9 5.7 211.0 0.0 0.0 0.0 0.0 57.4 66.8 20.1 10.7 93.7 57.2 10.7 DCRS_-_Antônio_Prado/Flores_da_Cunha_(292_m) -999.9 -999.9 988.2 983.1 983.1 12.9 9.3 712.0 Rio_Grande_do_Sul DCRS -999.9 0.0 0.0 nan nan nan 0 nan nan nan nan nan
-28.939899 -51.188499 DCRS-00087 2026-09-14_12:53 18.9 -999.9 -999.9 62.4 -999.9 -999.9 11.5 -999.9 -999.9 983.0 -999.9 -999.9 2.7 -999.9 5.7 203.0 0.0 0.0 0.0 0.0 57.4 66.8 20.1 10.7 93.7 57.2 10.7 DCRS_-_Antônio_Prado/Flores_da_Cunha_(292_m) -999.9 -999.9 988.2 983.0 983.0 12.9 9.3 712.0 Rio_Grande_do_Sul DCRS -999.9 0.0 0.0 nan nan nan 0 nan nan nan nan nan
-28.939899 -51.188499 DCRS-00087 2026-09-14_12:54 18.9 -999.9 -999.9 62.8 -999.9 -999.9 11.6 -999.9 -999.9 983.0 -999.9 -999.9 4.5 -999.9 5.7 189.0 0.0 0.0 0.0 0.0 57.4 66.8 20.1 10.7 93.7 57.2 10.7 DCRS_-_Antônio_Prado/Flores_da_Cunha_(292_m) -999.9 -999.9 988.2 983.0 983.0 12.9 9.3 712.0 Rio_Grande_do_Sul DCRS -999.9 0.0 0.0 nan nan nan 0 nan nan nan nan nan
-28.939899 -51.188499 DCRS-00087 2026-09-14_12:55 18.8 -999.9 -999.9 62.7 -999.9 -999.9 11.5 -999.9 -999.9 983.0 -999.9 -999.9 3.1 -999.9 5.7 184.0 0.0 0.0 0.0 0.0 57.4 66.8 20.1 10.7 93.7 57.2 10.7 DCRS_-_Antônio_Prado/Flores_da_Cunha_(292_m) -999.9 -999.9 988.2 983.0 983.0 12.9 9.3 712.0 Rio_Grande_do_Sul DCRS -999.9 0.0 0.0 nan nan nan 0 nan nan nan nan nan
-28.939899 -51.188499 DCRS-00087 2026-09-14_12:56 18.8 -999.9 -999.9 63.6 -999.9 -999.9 11.7 -999.9 -999.9 982.9 -999.9 -999.9 2.5 -999.9 5.7 184.0 0.0 0.0 0.0 0.0 57.4 66.8 20.1 10.7 93.7 57.2 10.7 DCRS_-_Antônio_Prado/Flores_da_Cunha_(292_m) -999.9 -999.9 988.2 982.9 982.9 12.9 9.3 712.0 Rio_Grande_do_Sul DCRS -999.9 0.0 0.0 nan nan nan 0 nan nan nan nan nan
-28.939899 -51.188499 DCRS-00087 2026-09-14_12:57 18.8 -999.9 -999.9 63.9 -999.9 -999.9 11.8 -999.9 -999.9 982.9 -999.9 -999.9 0.0 -999.9 5.7 181.0 0.0 0.0 0.0 0.0 57.4 66.8 20.1 10.7 93.7 57.2 10.7 DCRS_-_Antônio_Prado/Flores_da_Cunha_(292_m) -999.9 -999.9 988.2 982.9 982.9 12.9 9.3 712.0 Rio_Grande_do_Sul DCRS -999.9 0.0 0.0 nan nan nan 0 nan nan nan nan nan
-28.939899 -51.188499 DCRS-00087 2026-09-14_12:58 18.9 -999.9 -999.9 65.7 -999.9 -999.9 12.3 -999.9 -999.9 982.9 -999.9 -999.9 2.4 -999.9 5.7 180.0 0.0 0.0 0.0 0.0 57.4 66.8 20.1 10.7 93.7 57.2 10.7 DCRS_-_Antônio_Prado/Flores_da_Cunha_(292_m) -999.9 -999.9 988.2 982.9 982.9 12.9 9.3 712.0 Rio_Grande_do_Sul DCRS -999.9 0.0 0.0 nan nan nan 0 nan nan nan nan nan
-28.939899 -51.188499 DCRS-00087 2026-09-14_12:59 18.9 -999.9 -999.9 64.5 -999.9 -999.9 12.0 -999.9 -999.9 982.9 -999.9 -999.9 2.1 -999.9 5.7 181.0 0.0 0.0 0.0 0.0 57.4 66.8 20.1 10.7 93.7 57.2 10.7 DCRS_-_Antônio_Prado/Flores_da_Cunha_(292_m) -999.9 -999.9 988.2 982.9 982.9 12.9 9.3 712.0 Rio_Grande_do_Sul DCRS -999.9 0.0 0.0 nan nan nan 0 nan nan nan nan nan
-28.939899 -51.188499 DCRS-00087 2026-09-14_13:00 18.9 -999.9 -999.9 65.3 -999.9 -999.9 -999.9 -999.9 -999.9 982.8 -999.9 -999.9 2.3 -999.9 4.5 180.0 0.0 0.0 0.0 0.0 57.4 66.8 20.1 10.7 93.7 57.2 10.7 DCRS_-_Antônio_Prado/Flores_da_Cunha_(292_m) -999.9 -999.9 988.2 982.8 982.8 12.9 9.3 712.0 Rio_Grande_do_Sul DCRS -999.9 0.0 0.0 nan nan nan 0 nan nan nan nan nan
-28.939899 -51.188499 DCRS-00087 2026-09-14_13:01 18.9 -999.9 -999.9 64.9 -999.9 -999.9 12.1 -999.9 -999.9 982.8 -999.9 -999.9 4.1 -999.9 4.5 170.0 0.0 0.0 0.0 0.0 57.4 66.8 20.1 10.7 93.7 57.2 10.7 DCRS_-_Antônio_Prado/Flores_da_Cunha_(292_m) -999.9 -999.9 988.2 982.8 982.8 12.9 9.3 712.0 Rio_Grande_do_Sul DCRS -999.9 0.0 0.0 nan nan nan 0 nan nan nan nan nan
-28.939899 -51.188499 DCRS-00087 2026-09-14_13:02 18.9 -999.9 -999.9 63.8 -999.9 -999.9 11.9 -999.9 -999.9 982.8 -999.9 -999.9 3.6 -999.9 4.5 173.0 0.0 0.0 0.0 0.0 57.4 66.8 20.1 10.7 93.7 57.2 10.7 DCRS_-_Antônio_Prado/Flores_da_Cunha_(292_m) -999.9 -999.9 988.2 982.8 982.8 12.9 9.3 712.0 Rio_Grande_do_Sul DCRS -999.9 0.0 0.0 nan nan nan 0 nan nan nan nan nan
-28.939899 -51.188499 DCRS-00087 2026-09-14_13:03 18.8 -999.9 -999.9 64.4 -999.9 -999.9 11.9 -999.9 -999.9 982.8 -999.9 -999.9 0.0 -999.9 4.5 175.0 0.0 0.0 0.0 0.0 57.4 66.8 20.1 10.7 93.7 57.2 10.7 DCRS_-_Antônio_Prado/Flores_da_Cunha_(292_m) -999.9 -999.9 988.2 982.8 982.8 12.9 9.3 712.0 Rio_Grande_do_Sul DCRS -999.9 0.0 0.0 nan nan nan 0 nan nan nan nan nan
-28.939899 -51.188499 DCRS-00087 2026-09-14_13:04 18.8 -999.9 -999.9 64.4 -999.9 -999.9 11.9 -999.9 -999.9 982.8 -999.9 -999.9 3.9 -999.9 4.5 174.0 0.0 0.0 0.0 0.0 57.4 66.8 20.1 10.7 93.7 57.2 10.7 DCRS_-_Antônio_Prado/Flores_da_Cunha_(292_m) -999.9 -999.9 988.2 982.8 982.8 12.9 9.3 712.0 Rio_Grande_do_Sul DCRS -999.9 0.0 0.0 nan nan nan 0 nan nan nan nan nan
-28.939899 -51.188499 DCRS-00087 2026-09-14_13:05 18.8 -999.9 -999.9 65.5 -999.9 -999.9 12.2 -999.9 -999.9 982.8 -999.9 -999.9 2.7 -999.9 5.4 186.0 0.0 0.0 0.0 0.0 57.4 66.8 20.1 10.7 93.7 57.2 10.7 DCRS_-_Antônio_Prado/Flores_da_Cunha_(292_m) -999.9 -999.9 988.2 982.8 982.8 12.9 9.3 712.0 Rio_Grande_do_Sul DCRS -999.9 0.0 0.0 nan nan nan 0 nan nan nan nan nan
-28.939899 -51.188499 DCRS-00087 2026-09-14_13:06 18.7 -999.9 -999.9 65.6 -999.9 -999.9 12.1 -999.9 -999.9 982.8 -999.9 -999.9 3.5 -999.9 5.4 184.0 0.0 0.0 0.0 0.0 57.4 66.8 20.1 10.7 93.7 57.2 10.7 DCRS_-_Antônio_Prado/Flores_da_Cunha_(292_m) -999.9 -999.9 988.2 982.8 982.8 12.9 9.3 712.0 Rio_Grande_do_Sul DCRS -999.9 0.0 0.0 nan nan nan 0 nan nan nan nan nan
-28.939899 -51.188499 DCRS-00087 2026-09-14_13:07 18.7 -999.9 -999.9 63.7 -999.9 -999.9 11.6 -999.9 -999.9 982.7 -999.9 -999.9 5.0 -999.9 5.4 180.0 0.0 0.0 0.0 0.0 57.4 66.8 20.1 10.7 93.7 57.2 10.7 DCRS_-_Antônio_Prado/Flores_da_Cunha_(292_m) -999.9 -999.9 988.2 982.7 982.7 12.9 9.3 712.0 Rio_Grande_do_Sul DCRS -999.9 0.0 0.0 nan nan nan 0 nan nan nan nan nan
-28.939899 -51.188499 DCRS-00087 2026-09-14_13:08 18.8 -999.9 -999.9 63.8 -999.9 -999.9 11.8 -999.9 -999.9 982.7 -999.9 -999.9 2.9 -999.9 5.4 178.0 0.0 0.0 0.0 0.0 57.4 66.8 20.1 10.7 93.7 57.2 10.7 DCRS_-_Antônio_Prado/Flores_da_Cunha_(292_m) -999.9 -999.9 988.2 982.7 982.7 12.9 9.3 712.0 Rio_Grande_do_Sul DCRS -999.9 0.0 0.0 nan nan nan 0 nan nan nan nan nan
-28.939899 -51.188499 DCRS-00087 2026-09-14_13:09 18.7 -999.9 -999.9 63.3 -999.9 -999.9 11.5 -999.9 -999.9 982.7 -999.9 -999.9 5.4 -999.9 5.4 183.0 0.0 0.0 0.0 0.0 57.4 66.8 20.1 10.7 93.7 57.2 10.7 DCRS_-_Antônio_Prado/Flores_da_Cunha_(292_m) -999.9 -999.9 988.2 982.7 982.7 12.9 9.3 712.0 Rio_Grande_do_Sul DCRS -999.9 0.0 0.0 nan nan nan 0 nan nan nan nan nan
-28.939899 -51.188499 DCRS-00087 2026-09-14_13:10 18.7 -999.9 -999.9 64.1 -999.9 -999.9 11.7 -999.9 -999.9 982.6 -999.9 -999.9 0.0 -999.9 5.7 175.0 0.0 0.0 0.0 0.0 57.4 66.8 20.1 10.7 93.7 57.2 10.7 DCRS_-_Antônio_Prado/Flores_da_Cunha_(292_m) -999.9 -999.9 988.2 982.6 982.6 12.9 9.3 712.0 Rio_Grande_do_Sul DCRS -999.9 0.0 0.0 nan nan nan 0 nan nan nan nan nan
-28.939899 -51.188499 DCRS-00087 2026-09-14_13:11 18.7 -999.9 -999.9 64.5 -999.9 -999.9 11.8 -999.9 -999.9 982.6 -999.9 -999.9 0.0 -999.9 5.7 162.0 0.0 0.0 0.0 0.0 57.4 66.8 20.1 10.7 93.7 57.2 10.7 DCRS_-_Antônio_Prado/Flores_da_Cunha_(292_m) -999.9 -999.9 988.2 982.6 982.6 12.9 9.3 712.0 Rio_Grande_do_Sul DCRS -999.9 0.0 0.0 nan nan nan 0 nan nan nan nan nan
-28.939899 -51.188499 DCRS-00087 2026-09-14_13:12 18.7 -999.9 -999.9 65.4 -999.9 -999.9 12.0 -999.9 -999.9 982.6 -999.9 -999.9 2.5 -999.9 5.7 141.0 0.0 0.0 0.0 0.0 57.4 66.8 20.1 10.7 93.7 57.2 10.7 DCRS_-_Antônio_Prado/Flores_da_Cunha_(292_m) -999.9 -999.9 988.2 982.6 982.6 12.9 9.3 712.0 Rio_Grande_do_Sul DCRS -999.9 0.0 0.0 nan nan nan 0 nan nan nan nan nan
-28.939899 -51.188499 DCRS-00087 2026-09-14_13:13 18.8 -999.9 -999.9 65.5 -999.9 -999.9 12.2 -999.9 -999.9 982.6 -999.9 -999.9 4.3 -999.9 5.7 154.0 0.0 0.0 0.0 0.0 57.4 66.8 20.1 10.7 93.7 57.2 10.7 DCRS_-_Antônio_Prado/Flores_da_Cunha_(292_m) -999.9 -999.9 988.2 982.6 982.6 12.9 9.3 712.0 Rio_Grande_do_Sul DCRS -999.9 0.0 0.0 nan nan nan 0 nan nan nan nan nan
-28.939899 -51.188499 DCRS-00087 2026-09-14_13:14 18.7 -999.9 -999.9 65.9 -999.9 -999.9 12.2 -999.9 -999.9 982.6 -999.9 -999.9 2.7 -999.9 5.7 150.0 0.0 0.0 0.0 0.0 57.4 66.8 20.1 10.7 93.7 57.2 10.7 DCRS_-_Antônio_Prado/Flores_da_Cunha_(292_m) -999.9 -999.9 988.2 982.6 982.6 12.9 9.3 712.0 Rio_Grande_do_Sul DCRS -999.9 0.0 0.0 nan nan nan 0 nan nan nan nan nan
-28.939899 -51.188499 DCRS-00087 2026-09-14_13:15 18.7 -999.9 -999.9 64.5 -999.9 -999.9 11.8 -999.9 -999.9 982.6 -999.9 -999.9 3.6 -999.9 5.6 151.0 0.0 0.0 0.0 0.0 57.4 66.8 20.1 10.7 93.7 57.2 10.7 DCRS_-_Antônio_Prado/Flores_da_Cunha_(292_m) -999.9 -999.9 988.2 982.6 982.6 12.9 9.3 712.0 Rio_Grande_do_Sul DCRS -999.9 0.0 0.0 nan nan nan 0 nan nan nan nan nan
-28.939899 -51.188499 DCRS-00087 2026-09-14_13:16 18.7 -999.9 -999.9 65.3 -999.9 -999.9 12.0 -999.9 -999.9 982.6 -999.9 -999.9 3.1 -999.9 5.6 145.0 0.0 0.0 0.0 0.0 57.4 66.8 20.1 10.7 93.7 57.2 10.7 DCRS_-_Antônio_Prado/Flores_da_Cunha_(292_m) -999.9 -999.9 988.2 982.6 982.6 12.9 9.3 712.0 Rio_Grande_do_Sul DCRS -999.9 0.0 0.0 nan nan nan 0 nan nan nan nan nan
-28.939899 -51.188499 DCRS-00087 2026-09-14_13:17 18.6 -999.9 -999.9 65.9 -999.9 -999.9 12.1 -999.9 -999.9 982.6 -999.9 -999.9 2.1 -999.9 5.6 147.0 0.0 0.0 0.0 0.0 57.4 66.8 20.1 10.7 93.7 57.2 10.7 DCRS_-_Antônio_Prado/Flores_da_Cunha_(292_m) -999.9 -999.9 988.2 982.6 982.6 12.9 9.3 712.0 Rio_Grande_do_Sul DCRS -999.9 0.0 0.0 nan nan nan 0 nan nan nan nan nan
-28.939899 -51.188499 DCRS-00087 2026-09-14_13:18 18.6 -999.9 -999.9 66.6 -999.9 -999.9 12.2 -999.9 -999.9 982.6 -999.9 -999.9 4.3 -999.9 5.6 141.0 0.0 0.0 0.0 0.0 57.4 66.8 20.1 10.7 93.7 57.2 10.7 DCRS_-_Antônio_Prado/Flores_da_Cunha_(292_m) -999.9 -999.9 988.2 982.6 982.6 12.9 9.3 712.0 Rio_Grande_do_Sul DCRS -999.9 0.0 0.0 nan nan nan 0 nan nan nan nan nan
-28.939899 -51.188499 DCRS-00087 2026-09-14_13:19 18.6 -999.9 -999.9 66.7 -999.9 -999.9 12.2 -999.9 -999.9 982.6 -999.9 -999.9 3.0 -999.9 5.6 130.0 0.0 0.0 0.0 0.0 57.4 66.8 20.1 10.7 93.7 57.2 10.7 DCRS_-_Antônio_Prado/Flores_da_Cunha_(292_m) -999.9 -999.9 988.2 982.6 982.6 12.9 9.3 712.0 Rio_Grande_do_Sul DCRS -999.9 0.0 0.0 nan nan nan 0 nan nan nan nan nan
-28.939899 -51.188499 DCRS-00087 2026-09-14_13:20 18.6 -999.9 -999.9 66.1 -999.9 -999.9 12.1 -999.9 -999.9 982.6 -999.9 -999.9 3.6 -999.9 5.7 128.0 0.0 0.0 0.0 0.0 57.4 66.8 20.1 10.7 93.7 57.2 10.7 DCRS_-_Antônio_Prado/Flores_da_Cunha_(292_m) -999.9 -999.9 988.2 982.6 982.6 12.9 9.3 712.0 Rio_Grande_do_Sul DCRS -999.9 0.0 0.0 nan nan nan 0 nan nan nan nan nan
-28.939899 -51.188499 DCRS-00087 2026-09-14_13:21 18.6 -999.9 -999.9 65.9 -999.9 -999.9 12.1 -999.9 -999.9 982.6 -999.9 -999.9 2.4 -999.9 5.7 126.0 0.0 0.0 0.0 0.0 57.4 66.8 20.1 10.7 93.7 57.2 10.7 DCRS_-_Antônio_Prado/Flores_da_Cunha_(292_m) -999.9 -999.9 988.2 982.6 982.6 12.9 9.3 712.0 Rio_Grande_do_Sul DCRS -999.9 0.0 0.0 nan nan nan 0 nan nan nan nan nan
-28.939899 -51.188499 DCRS-00087 2026-09-14_13:22 18.6 -999.9 -999.9 66.2 -999.9 -999.9 12.1 -999.9 -999.9 982.6 -999.9 -999.9 2.4 -999.9 5.7 127.0 0.0 0.0 0.0 0.0 57.4 66.8 20.1 10.7 93.7 57.2 10.7 DCRS_-_Antônio_Prado/Flores_da_Cunha_(292_m) -999.9 -999.9 988.2 982.6 982.6 12.9 9.3 712.0 Rio_Grande_do_Sul DCRS -999.9 0.0 0.0 nan nan nan 0 nan nan nan nan nan
-28.939899 -51.188499 DCRS-00087 2026-09-14_13:23 18.6 -999.9 -999.9 64.8 -999.9 -999.9 11.8 -999.9 -999.9 982.6 -999.9 -999.9 0.0 -999.9 5.7 126.0 0.0 0.0 0.0 0.0 57.4 66.8 20.1 10.7 93.7 57.2 10.7 DCRS_-_Antônio_Prado/Flores_da_Cunha_(292_m) -999.9 -999.9 988.2 982.6 982.6 12.9 9.3 712.0 Rio_Grande_do_Sul DCRS -999.9 0.0 0.0 nan nan nan 0 nan nan nan nan nan
-28.939899 -51.188499 DCRS-00087 2026-09-14_13:24 18.6 -999.9 -999.9 64.8 -999.9 -999.9 11.8 -999.9 -999.9 982.5 -999.9 -999.9 0.0 -999.9 5.7 121.0 0.0 0.0 0.0 0.0 57.4 66.8 20.1 10.7 93.7 57.2 10.7 DCRS_-_Antônio_Prado/Flores_da_Cunha_(292_m) -999.9 -999.9 988.2 982.5 982.5 12.9 9.3 712.0 Rio_Grande_do_Sul DCRS -999.9 0.0 0.0 nan nan nan 0 nan nan nan nan nan
-28.939899 -51.188499 DCRS-00087 2026-09-14_13:25 18.7 -999.9 -999.9 65.2 -999.9 -999.9 12.0 -999.9 -999.9 982.5 -999.9 -999.9 1.8 -999.9 5.0 121.0 0.0 0.0 0.0 0.0 57.4 66.8 20.1 10.7 93.7 57.2 10.7 DCRS_-_Antônio_Prado/Flores_da_Cunha_(292_m) -999.9 -999.9 988.2 982.5 982.5 12.9 9.3 712.0 Rio_Grande_do_Sul DCRS -999.9 0.0 0.0 nan nan nan 0 nan nan nan nan nan
-28.939899 -51.188499 DCRS-00087 2026-09-14_13:26 18.6 -999.9 -999.9 66.0 -999.9 -999.9 12.1 -999.9 -999.9 982.5 -999.9 -999.9 0.0 -999.9 5.0 110.0 0.0 0.0 0.0 0.0 57.4 66.8 20.1 10.7 93.7 57.2 10.7 DCRS_-_Antônio_Prado/Flores_da_Cunha_(292_m) -999.9 -999.9 988.2 982.5 982.5 12.9 9.3 712.0 Rio_Grande_do_Sul DCRS -999.9 0.0 0.0 nan nan nan 0 nan nan nan nan nan
-28.939899 -51.188499 DCRS-00087 2026-09-14_13:27 18.6 -999.9 -999.9 66.2 -999.9 -999.9 12.1 -999.9 -999.9 982.5 -999.9 -999.9 0.0 -999.9 5.0 119.0 0.0 0.0 0.0 0.0 57.4 66.8 20.1 10.7 93.7 57.2 10.7 DCRS_-_Antônio_Prado/Flores_da_Cunha_(292_m) -999.9 -999.9 988.2 982.5 982.5 12.9 9.3 712.0 Rio_Grande_do_Sul DCRS -999.9 0.0 0.0 nan nan nan 0 nan nan nan nan nan
-28.939899 -51.188499 DCRS-00087 2026-09-14_13:28 18.6 -999.9 -999.9 66.2 -999.9 -999.9 12.1 -999.9 -999.9 982.5 -999.9 -999.9 0.0 -999.9 5.0 122.0 0.0 0.0 0.0 0.0 57.4 66.8 20.1 10.7 93.7 57.2 10.7 DCRS_-_Antônio_Prado/Flores_da_Cunha_(292_m) -999.9 -999.9 988.2 982.5 982.5 12.9 9.3 712.0 Rio_Grande_do_Sul DCRS -999.9 0.0 0.0 nan nan nan 0 nan nan nan nan nan
-28.939899 -51.188499 DCRS-00087 2026-09-14_13:29 18.7 -999.9 -999.9 66.0 -999.9 -999.9 12.2 -999.9 -999.9 982.4 -999.9 -999.9 2.1 -999.9 5.0 120.0 0.0 0.0 0.0 0.0 57.4 66.8 20.1 10.7 93.7 57.2 10.7 DCRS_-_Antônio_Prado/Flores_da_Cunha_(292_m) -999.9 -999.9 988.2 982.4 982.4 12.9 9.3 712.0 Rio_Grande_do_Sul DCRS -999.9 0.0 0.0 nan nan nan 0 nan nan nan nan nan
-28.939899 -51.188499 DCRS-00087 2026-09-14_13:30 18.6 -999.9 -999.9 65.9 -999.9 -999.9 12.1 -999.9 -999.9 982.4 -999.9 -999.9 2.0 -999.9 3.5 126.0 0.0 0.0 0.0 0.0 57.4 66.8 20.1 10.7 93.7 57.2 10.7 DCRS_-_Antônio_Prado/Flores_da_Cunha_(292_m) -999.9 -999.9 988.2 982.4 982.4 12.9 9.3 712.0 Rio_Grande_do_Sul DCRS -999.9 0.0 0.0 nan nan nan 0 nan nan nan nan nan
-28.939899 -51.188499 DCRS-00087 2026-09-14_13:31 18.6 -999.9 -999.9 67.0 -999.9 -999.9 12.3 -999.9 -999.9 982.4 -999.9 -999.9 3.2 -999.9 3.5 121.0 0.0 0.0 0.0 0.0 57.4 66.8 20.1 10.7 93.7 57.2 10.7 DCRS_-_Antônio_Prado/Flores_da_Cunha_(292_m) -999.9 -999.9 988.2 982.4 982.4 12.9 9.3 712.0 Rio_Grande_do_Sul DCRS -999.9 0.0 0.0 nan nan nan 0 nan nan nan nan nan
-28.939899 -51.188499 DCRS-00087 2026-09-14_13:32 18.6 -999.9 -999.9 66.5 -999.9 -999.9 12.2 -999.9 -999.9 982.4 -999.9 -999.9 3.4 -999.9 3.5 115.0 0.0 0.0 0.0 0.0 57.4 66.8 20.1 10.7 93.7 57.2 10.7 DCRS_-_Antônio_Prado/Flores_da_Cunha_(292_m) -999.9 -999.9 988.2 982.4 982.4 12.9 9.3 712.0 Rio_Grande_do_Sul DCRS -999.9 0.0 0.0 nan nan nan 0 nan nan nan nan nan
-28.939899 -51.188499 DCRS-00087 2026-09-14_13:33 18.6 -999.9 -999.9 66.3 -999.9 -999.9 12.2 -999.9 -999.9 982.4 -999.9 -999.9 0.0 -999.9 3.5 112.0 0.0 0.0 0.0 0.0 57.4 66.8 20.1 10.7 93.7 57.2 10.7 DCRS_-_Antônio_Prado/Flores_da_Cunha_(292_m) -999.9 -999.9 988.2 982.4 982.4 12.9 9.3 712.0 Rio_Grande_do_Sul DCRS -999.9 0.0 0.0 nan nan nan 0 nan nan nan nan nan
-28.939899 -51.188499 DCRS-00087 2026-09-14_13:34 18.6 -999.9 -999.9 67.1 -999.9 -999.9 12.3 -999.9 -999.9 982.3 -999.9 -999.9 0.0 -999.9 3.5 105.0 0.0 0.0 0.0 0.0 57.4 66.8 20.1 10.7 93.7 57.2 10.7 DCRS_-_Antônio_Prado/Flores_da_Cunha_(292_m) -999.9 -999.9 988.2 982.3 982.3 12.9 9.3 712.0 Rio_Grande_do_Sul DCRS -999.9 0.0 0.0 nan nan nan 0 nan nan nan nan nan
-28.939899 -51.188499 DCRS-00087 2026-09-14_13:35 18.6 -999.9 -999.9 66.3 -999.9 -999.9 12.2 -999.9 -999.9 982.3 -999.9 -999.9 0.0 -999.9 3.7 98.0 0.0 0.0 0.0 0.0 57.4 66.8 20.1 10.7 93.7 57.2 10.7 DCRS_-_Antônio_Prado/Flores_da_Cunha_(292_m) -999.9 -999.9 988.2 982.3 982.3 12.9 9.3 712.0 Rio_Grande_do_Sul DCRS -999.9 0.0 0.0 nan nan nan 0 nan nan nan nan nan
-28.939899 -51.188499 DCRS-00087 2026-09-14_13:36 18.7 -999.9 -999.9 65.8 -999.9 -999.9 12.1 -999.9 -999.9 982.3 -999.9 -999.9 -999.9 -999.9 3.7 82.0 0.0 0.0 0.0 0.0 57.4 66.8 20.1 10.7 93.7 57.2 10.7 DCRS_-_Antônio_Prado/Flores_da_Cunha_(292_m) -999.9 -999.9 988.2 982.3 982.3 12.9 9.3 712.0 Rio_Grande_do_Sul DCRS -999.9 0.0 0.0 nan nan nan 0 nan nan nan nan nan
-28.939899 -51.188499 DCRS-00087 2026-09-14_13:37 18.5 -999.9 -999.9 67.0 -999.9 -999.9 12.2 -999.9 -999.9 982.3 -999.9 -999.9 0.0 -999.9 3.7 87.0 0.0 0.0 0.0 0.0 57.4 66.8 20.1 10.7 93.7 57.2 10.7 DCRS_-_Antônio_Prado/Flores_da_Cunha_(292_m) -999.9 -999.9 988.2 982.3 982.3 12.9 9.3 712.0 Rio_Grande_do_Sul DCRS -999.9 0.0 0.0 nan nan nan 0 nan nan nan nan nan
-28.939899 -51.188499 DCRS-00087 2026-09-14_13:38 18.5 -999.9 -999.9 66.9 -999.9 -999.9 12.2 -999.9 -999.9 982.4 -999.9 -999.9 2.4 -999.9 3.7 86.0 0.0 0.0 0.0 0.0 57.4 66.8 20.1 10.7 93.7 57.2 10.7 DCRS_-_Antônio_Prado/Flores_da_Cunha_(292_m) -999.9 -999.9 988.2 982.3 982.4 12.9 9.3 712.0 Rio_Grande_do_Sul DCRS -999.9 0.0 0.0 nan nan nan 0 nan nan nan nan nan
-28.939899 -51.188499 DCRS-00087 2026-09-14_13:39 18.5 -999.9 -999.9 68.1 -999.9 -999.9 12.5 -999.9 -999.9 982.4 -999.9 -999.9 0.0 -999.9 3.7 83.0 0.0 0.0 0.0 0.0 57.4 66.8 20.1 10.7 93.7 57.2 10.7 DCRS_-_Antônio_Prado/Flores_da_Cunha_(292_m) -999.9 -999.9 988.2 982.3 982.4 12.9 9.3 712.0 Rio_Grande_do_Sul DCRS -999.9 0.0 0.0 nan nan nan 0 nan nan nan nan nan
-28.939899 -51.188499 DCRS-00087 2026-09-14_13:40 18.5 -999.9 -999.9 68.7 -999.9 -999.9 12.6 -999.9 -999.9 982.4 -999.9 -999.9 0.0 -999.9 5.0 84.0 0.0 0.0 0.0 0.0 57.4 66.8 20.1 10.7 93.7 57.2 10.7 DCRS_-_Antônio_Prado/Flores_da_Cunha_(292_m) -999.9 -999.9 988.2 982.3 982.4 12.9 9.3 712.0 Rio_Grande_do_Sul DCRS -999.9 0.0 0.0 nan nan nan 0 nan nan nan nan nan
-28.939899 -51.188499 DCRS-00087 2026-09-14_13:41 18.5 -999.9 -999.9 68.8 -999.9 -999.9 12.6 -999.9 -999.9 982.4 -999.9 -999.9 0.0 -999.9 5.0 93.0 0.0 0.0 0.0 0.0 57.4 66.8 20.1 10.7 93.7 57.2 10.7 DCRS_-_Antônio_Prado/Flores_da_Cunha_(292_m) -999.9 -999.9 988.2 982.3 982.4 12.9 9.3 712.0 Rio_Grande_do_Sul DCRS -999.9 0.0 0.0 nan nan nan 0 nan nan nan nan nan
-28.939899 -51.188499 DCRS-00087 2026-09-14_13:42 18.6 -999.9 -999.9 69.2 -999.9 -999.9 12.8 -999.9 -999.9 982.4 -999.9 -999.9 2.9 -999.9 5.0 97.0 0.0 0.0 0.0 0.0 57.4 66.8 20.1 10.7 93.7 57.2 10.7 DCRS_-_Antônio_Prado/Flores_da_Cunha_(292_m) -999.9 -999.9 988.2 982.3 982.4 12.9 9.3 712.0 Rio_Grande_do_Sul DCRS -999.9 0.0 0.0 nan nan nan 0 nan nan nan nan nan
-28.939899 -51.188499 DCRS-00087 2026-09-14_13:43 18.5 -999.9 -999.9 67.8 -999.9 -999.9 12.4 -999.9 -999.9 982.3 -999.9 -999.9 0.0 -999.9 5.0 95.0 0.0 0.0 0.0 0.0 57.4 66.8 20.1 10.7 93.7 57.2 10.7 DCRS_-_Antônio_Prado/Flores_da_Cunha_(292_m) -999.9 -999.9 988.2 982.3 982.3 12.9 9.3 712.0 Rio_Grande_do_Sul DCRS -999.9 0.0 0.0 nan nan nan 0 nan nan nan nan nan
-28.939899 -51.188499 DCRS-00087 2026-09-14_13:44 18.4 -999.9 -999.9 70.0 -999.9 -999.9 12.8 -999.9 -999.9 982.3 -999.9 -999.9 2.3 -999.9 5.0 97.0 0.0 0.0 0.0 0.0 57.4 66.8 20.1 10.7 93.7 57.2 10.7 DCRS_-_Antônio_Prado/Flores_da_Cunha_(292_m) -999.9 -999.9 988.2 982.3 982.3 12.9 9.3 712.0 Rio_Grande_do_Sul DCRS -999.9 0.0 0.0 nan nan nan 0 nan nan nan nan nan
-28.939899 -51.188499 DCRS-00087 2026-09-14_13:45 18.5 -999.9 -999.9 69.3 -999.9 -999.9 12.7 -999.9 -999.9 982.3 -999.9 -999.9 0.0 -999.9 3.6 96.0 0.0 0.0 0.0 0.0 57.4 66.8 20.1 10.7 93.7 57.2 10.7 DCRS_-_Antônio_Prado/Flores_da_Cunha_(292_m) -999.9 -999.9 988.2 982.3 982.3 12.9 9.3 712.0 Rio_Grande_do_Sul DCRS -999.9 0.0 0.0 nan nan nan 0 nan nan nan nan nan
-28.939899 -51.188499 DCRS-00087 2026-09-14_13:46 18.5 -999.9 -999.9 68.3 -999.9 -999.9 12.5 -999.9 -999.9 982.3 -999.9 -999.9 0.0 -999.9 3.6 98.0 0.0 0.0 0.0 0.0 57.4 66.8 20.1 10.7 93.7 57.2 10.7 DCRS_-_Antônio_Prado/Flores_da_Cunha_(292_m) -999.9 -999.9 988.2 982.3 982.3 12.9 9.3 712.0 Rio_Grande_do_Sul DCRS -999.9 0.0 0.0 nan nan nan 0 nan nan nan nan nan
-28.939899 -51.188499 DCRS-00087 2026-09-14_13:47 18.5 -999.9 -999.9 67.6 -999.9 -999.9 12.4 -999.9 -999.9 982.3 -999.9 -999.9 0.0 -999.9 3.6 100.0 0.0 0.0 0.0 0.0 57.4 66.8 20.1 10.7 93.7 57.2 10.7 DCRS_-_Antônio_Prado/Flores_da_Cunha_(292_m) -999.9 -999.9 988.2 982.3 982.3 12.9 9.3 712.0 Rio_Grande_do_Sul DCRS -999.9 0.0 0.0 nan nan nan 0 nan nan nan nan nan
-28.939899 -51.188499 DCRS-00087 2026-09-14_13:48 18.5 -999.9 -999.9 69.0 -999.9 -999.9 12.7 -999.9 -999.9 982.3 -999.9 -999.9 0.0 -999.9 3.6 105.0 0.0 0.0 0.0 0.0 57.4 66.8 20.1 10.7 93.7 57.2 10.7 DCRS_-_Antônio_Prado/Flores_da_Cunha_(292_m) -999.9 -999.9 988.2 982.3 982.3 12.9 9.3 712.0 Rio_Grande_do_Sul DCRS -999.9 0.0 0.0 nan nan nan 0 nan nan nan nan nan
-28.939899 -51.188499 DCRS-00087 2026-09-14_13:49 18.5 -999.9 -999.9 69.2 -999.9 -999.9 12.7 -999.9 -999.9 982.2 -999.9 -999.9 0.0 -999.9 3.6 105.0 0.0 0.0 0.0 0.0 57.4 66.8 20.1 10.7 93.7 57.2 10.7 DCRS_-_Antônio_Prado/Flores_da_Cunha_(292_m) -999.9 -999.9 988.2 982.2 982.2 12.9 9.3 712.0 Rio_Grande_do_Sul DCRS -999.9 0.0 0.0 nan nan nan 0 nan nan nan nan nan
-28.939899 -51.188499 DCRS-00087 2026-09-14_13:50 18.5 -999.9 -999.9 68.7 -999.9 -999.9 12.6 -999.9 -999.9 982.2 -999.9 -999.9 0.0 -999.9 2.9 104.0 0.0 0.0 0.0 0.0 57.4 66.8 20.1 10.7 93.7 57.2 10.7 DCRS_-_Antônio_Prado/Flores_da_Cunha_(292_m) -999.9 -999.9 988.2 982.2 982.2 12.9 9.3 712.0 Rio_Grande_do_Sul DCRS -999.9 0.0 0.0 nan nan nan 0 nan nan nan nan nan
-28.939899 -51.188499 DCRS-00087 2026-09-14_13:51 18.5 -999.9 -999.9 68.8 -999.9 -999.9 12.6 -999.9 -999.9 982.2 -999.9 -999.9 2.5 -999.9 2.9 97.0 0.0 0.0 0.0 0.0 57.4 66.8 20.1 10.7 93.7 57.2 10.7 DCRS_-_Antônio_Prado/Flores_da_Cunha_(292_m) -999.9 -999.9 988.2 982.2 982.2 12.9 9.3 712.0 Rio_Grande_do_Sul DCRS -999.9 0.0 0.0 nan nan nan 0 nan nan nan nan nan
-28.939899 -51.188499 DCRS-00087 2026-09-14_13:52 18.6 -999.9 -999.9 68.2 -999.9 -999.9 12.6 -999.9 -999.9 982.2 -999.9 -999.9 -999.9 -999.9 2.9 111.0 0.0 0.0 0.0 0.0 57.4 66.8 20.1 10.7 93.7 57.2 10.7 DCRS_-_Antônio_Prado/Flores_da_Cunha_(292_m) -999.9 -999.9 988.2 982.2 982.2 12.9 9.3 712.0 Rio_Grande_do_Sul DCRS -999.9 0.0 0.0 nan nan nan 0 nan nan nan nan nan
-28.939899 -51.188499 DCRS-00087 2026-09-14_13:53 18.4 -999.9 -999.9 68.7 -999.9 -999.9 12.5 -999.9 -999.9 982.2 -999.9 -999.9 0.0 -999.9 2.9 114.0 0.0 0.0 0.0 0.0 57.4 66.8 20.1 10.7 93.7 57.2 10.7 DCRS_-_Antônio_Prado/Flores_da_Cunha_(292_m) -999.9 -999.9 988.2 982.2 982.2 12.9 9.3 712.0 Rio_Grande_do_Sul DCRS -999.9 0.0 0.0 nan nan nan 0 nan nan nan nan nan
-28.939899 -51.188499 DCRS-00087 2026-09-14_13:54 18.4 -999.9 -999.9 69.5 -999.9 -999.9 12.7 -999.9 -999.9 982.2 -999.9 -999.9 0.0 -999.9 2.9 98.0 0.0 0.0 0.0 0.0 57.4 66.8 20.1 10.7 93.7 57.2 10.7 DCRS_-_Antônio_Prado/Flores_da_Cunha_(292_m) -999.9 -999.9 988.2 982.2 982.2 12.9 9.3 712.0 Rio_Grande_do_Sul DCRS -999.9 0.0 0.0 nan nan nan 0 nan nan nan nan nan
-28.939899 -51.188499 DCRS-00087 2026-09-14_13:55 18.4 -999.9 -999.9 70.3 -999.9 -999.9 12.9 -999.9 -999.9 982.1 -999.9 -999.9 1.9 -999.9 5.2 93.0 0.0 0.0 0.0 0.0 57.4 66.8 20.1 10.7 93.7 57.2 10.7 DCRS_-_Antônio_Prado/Flores_da_Cunha_(292_m) -999.9 -999.9 988.2 982.1 982.1 12.9 9.3 712.0 Rio_Grande_do_Sul DCRS -999.9 0.0 0.0 nan nan nan 0 nan nan nan nan nan
-28.939899 -51.188499 DCRS-00087 2026-09-14_13:56 18.4 -999.9 -999.9 70.1 -999.9 -999.9 12.8 -999.9 -999.9 982.1 -999.9 -999.9 0.0 -999.9 5.2 94.0 0.0 0.0 0.0 0.0 57.4 66.8 20.1 10.7 93.7 57.2 10.7 DCRS_-_Antônio_Prado/Flores_da_Cunha_(292_m) -999.9 -999.9 988.2 982.1 982.1 12.9 9.3 712.0 Rio_Grande_do_Sul DCRS -999.9 0.0 0.0 nan nan nan 0 nan nan nan nan nan
-28.939899 -51.188499 DCRS-00087 2026-09-14_13:57 18.4 -999.9 -999.9 68.8 -999.9 -999.9 12.5 -999.9 -999.9 982.1 -999.9 -999.9 0.0 -999.9 5.2 115.0 0.0 0.0 0.0 0.0 57.4 66.8 20.1 10.7 93.7 57.2 10.7 DCRS_-_Antônio_Prado/Flores_da_Cunha_(292_m) -999.9 -999.9 988.2 982.1 982.1 12.9 9.3 712.0 Rio_Grande_do_Sul DCRS -999.9 0.0 0.0 nan nan nan 0 nan nan nan nan nan
-28.939899 -51.188499 DCRS-00087 2026-09-14_13:58 18.3 -999.9 -999.9 69.7 -999.9 -999.9 12.6 -999.9 -999.9 982.1 -999.9 -999.9 2.1 -999.9 5.2 122.0 0.0 0.0 0.0 0.0 57.4 66.8 20.1 10.7 93.7 57.2 10.7 DCRS_-_Antônio_Prado/Flores_da_Cunha_(292_m) -999.9 -999.9 988.2 982.1 982.1 12.9 9.3 712.0 Rio_Grande_do_Sul DCRS -999.9 0.0 0.0 nan nan nan 0 nan nan nan nan nan
-28.939899 -51.188499 DCRS-00087 2026-09-14_13:59 18.3 -999.9 -999.9 69.2 -999.9 -999.9 12.5 -999.9 -999.9 982.0 -999.9 -999.9 2.0 -999.9 5.2 121.0 0.0 0.0 0.0 0.0 57.4 66.8 20.1 10.7 93.7 57.2 10.7 DCRS_-_Antônio_Prado/Flores_da_Cunha_(292_m) -999.9 -999.9 988.2 982.0 982.0 12.9 9.3 712.0 Rio_Grande_do_Sul DCRS -999.9 0.0 0.0 nan nan nan 0 nan nan nan nan nan
-28.939899 -51.188499 DCRS-00087 2026-09-14_14:00 18.3 -999.9 -999.9 69.2 -999.9 -999.9 12.5 -999.9 -999.9 982.0 -999.9 -999.9 0.0 -999.9 3.5 121.0 0.0 0.0 0.0 0.0 57.4 66.8 20.1 10.7 93.7 57.2 10.7 DCRS_-_Antônio_Prado/Flores_da_Cunha_(292_m) -999.9 -999.9 988.2 982.0 982.0 12.9 9.3 712.0 Rio_Grande_do_Sul DCRS -999.9 0.0 0.0 nan nan nan 0 nan nan nan nan nan
-28.939899 -51.188499 DCRS-00087 2026-09-14_14:01 18.3 -999.9 -999.9 68.6 -999.9 -999.9 12.4 -999.9 -999.9 982.0 -999.9 -999.9 2.3 -999.9 3.5 116.0 0.0 0.0 0.0 0.0 57.4 66.8 20.1 10.7 93.7 57.2 10.7 DCRS_-_Antônio_Prado/Flores_da_Cunha_(292_m) -999.9 -999.9 988.2 982.0 982.0 12.9 9.3 712.0 Rio_Grande_do_Sul DCRS -999.9 0.0 0.0 nan nan nan 0 nan nan nan nan nan
-28.939899 -51.188499 DCRS-00087 2026-09-14_14:02 18.3 -999.9 -999.9 68.7 -999.9 -999.9 12.4 -999.9 -999.9 982.0 -999.9 -999.9 2.8 -999.9 3.5 104.0 0.0 0.0 0.0 0.0 57.4 66.8 20.1 10.7 93.7 57.2 10.7 DCRS_-_Antônio_Prado/Flores_da_Cunha_(292_m) -999.9 -999.9 988.2 982.0 982.0 12.9 9.3 712.0 Rio_Grande_do_Sul DCRS -999.9 0.0 0.0 nan nan nan 0 nan nan nan nan nan
-28.939899 -51.188499 DCRS-00087 2026-09-14_14:03 18.3 -999.9 -999.9 69.3 -999.9 -999.9 12.5 -999.9 -999.9 981.9 -999.9 -999.9 0.0 -999.9 3.5 110.0 0.0 0.0 0.0 0.0 57.4 66.8 20.1 10.7 93.7 57.2 10.7 DCRS_-_Antônio_Prado/Flores_da_Cunha_(292_m) -999.9 -999.9 988.2 981.9 981.9 12.9 9.3 712.0 Rio_Grande_do_Sul DCRS -999.9 0.0 0.0 nan nan nan 0 nan nan nan nan nan
-28.939899 -51.188499 DCRS-00087 2026-09-14_14:04 18.3 -999.9 -999.9 69.1 -999.9 -999.9 12.5 -999.9 -999.9 981.9 -999.9 -999.9 0.0 -999.9 3.5 121.0 0.0 0.0 0.0 0.0 57.4 66.8 20.1 10.7 93.7 57.2 10.7 DCRS_-_Antônio_Prado/Flores_da_Cunha_(292_m) -999.9 -999.9 988.2 981.9 981.9 12.9 9.3 712.0 Rio_Grande_do_Sul DCRS -999.9 0.0 0.0 nan nan nan 0 nan nan nan nan nan
-28.939899 -51.188499 DCRS-00087 2026-09-14_14:05 18.3 -999.9 -999.9 69.8 -999.9 -999.9 12.7 -999.9 -999.9 981.9 -999.9 -999.9 3.2 -999.9 4.8 124.0 0.0 0.0 0.0 0.0 57.4 66.8 20.1 10.7 93.7 57.2 10.7 DCRS_-_Antônio_Prado/Flores_da_Cunha_(292_m) -999.9 -999.9 988.2 981.9 981.9 12.9 9.3 712.0 Rio_Grande_do_Sul DCRS -999.9 0.0 0.0 nan nan nan 0 nan nan nan nan nan
-28.939899 -51.188499 DCRS-00087 2026-09-14_14:06 18.3 -999.9 -999.9 68.6 -999.9 -999.9 12.4 -999.9 -999.9 981.9 -999.9 -999.9 0.0 -999.9 4.8 122.0 0.0 0.0 0.0 0.0 57.4 66.8 20.1 10.7 93.7 57.2 10.7 DCRS_-_Antônio_Prado/Flores_da_Cunha_(292_m) -999.9 -999.9 988.2 981.9 981.9 12.9 9.3 712.0 Rio_Grande_do_Sul DCRS -999.9 0.0 0.0 nan nan nan 0 nan nan nan nan nan
-28.939899 -51.188499 DCRS-00087 2026-09-14_14:07 18.3 -999.9 -999.9 69.3 -999.9 -999.9 12.5 -999.9 -999.9 981.9 -999.9 -999.9 0.0 -999.9 4.8 122.0 0.0 0.0 0.0 0.0 57.4 66.8 20.1 10.7 93.7 57.2 10.7 DCRS_-_Antônio_Prado/Flores_da_Cunha_(292_m) -999.9 -999.9 988.2 981.9 981.9 12.9 9.3 712.0 Rio_Grande_do_Sul DCRS -999.9 0.0 0.0 nan nan nan 0 nan nan nan nan nan
-28.939899 -51.188499 DCRS-00087 2026-09-14_14:08 18.3 -999.9 -999.9 69.6 -999.9 -999.9 12.6 -999.9 -999.9 981.9 -999.9 -999.9 0.0 -999.9 4.8 131.0 0.0 0.0 0.0 0.0 57.4 66.8 20.1 10.7 93.7 57.2 10.7 DCRS_-_Antônio_Prado/Flores_da_Cunha_(292_m) -999.9 -999.9 988.2 981.9 981.9 12.9 9.3 712.0 Rio_Grande_do_Sul DCRS -999.9 0.0 0.0 nan nan nan 0 nan nan nan nan nan
-28.939899 -51.188499 DCRS-00087 2026-09-14_14:09 18.4 -999.9 -999.9 69.1 -999.9 -999.9 12.6 -999.9 -999.9 981.9 -999.9 -999.9 0.0 -999.9 4.8 142.0 0.0 0.0 0.0 0.0 57.4 66.8 20.1 10.7 93.7 57.2 10.7 DCRS_-_Antônio_Prado/Flores_da_Cunha_(292_m) -999.9 -999.9 988.2 981.9 981.9 12.9 9.3 712.0 Rio_Grande_do_Sul DCRS -999.9 0.0 0.0 nan nan nan 0 nan nan nan nan nan
-28.939899 -51.188499 DCRS-00087 2026-09-14_14:10 18.4 -999.9 -999.9 68.3 -999.9 -999.9 12.4 -999.9 -999.9 981.8 -999.9 -999.9 3.3 -999.9 4.6 146.0 0.0 0.0 0.0 0.0 57.4 66.8 20.1 10.7 93.7 57.2 10.7 DCRS_-_Antônio_Prado/Flores_da_Cunha_(292_m) -999.9 -999.9 988.2 981.8 981.8 12.9 9.3 712.0 Rio_Grande_do_Sul DCRS -999.9 0.0 0.0 nan nan nan 0 nan nan nan nan nan
-28.939899 -51.188499 DCRS-00087 2026-09-14_14:11 18.4 -999.9 -999.9 68.7 -999.9 -999.9 12.5 -999.9 -999.9 981.8 -999.9 -999.9 0.0 -999.9 4.6 146.0 0.0 0.0 0.0 0.0 57.4 66.8 20.1 10.7 93.7 57.2 10.7 DCRS_-_Antônio_Prado/Flores_da_Cunha_(292_m) -999.9 -999.9 988.2 981.8 981.8 12.9 9.3 712.0 Rio_Grande_do_Sul DCRS -999.9 0.0 0.0 nan nan nan 0 nan nan nan nan nan
-28.939899 -51.188499 DCRS-00087 2026-09-14_14:12 18.3 -999.9 -999.9 69.1 -999.9 -999.9 12.5 -999.9 -999.9 981.8 -999.9 -999.9 2.4 -999.9 4.6 151.0 0.0 0.0 0.0 0.0 57.4 66.8 20.1 10.7 93.7 57.2 10.7 DCRS_-_Antônio_Prado/Flores_da_Cunha_(292_m) -999.9 -999.9 988.2 981.8 981.8 12.9 9.3 712.0 Rio_Grande_do_Sul DCRS -999.9 0.0 0.0 nan nan nan 0 nan nan nan nan nan
-28.939899 -51.188499 DCRS-00087 2026-09-14_14:13 18.3 -999.9 -999.9 68.8 -999.9 -999.9 12.4 -999.9 -999.9 981.8 -999.9 -999.9 2.0 -999.9 4.6 155.0 0.0 0.0 0.0 0.0 57.4 66.8 20.1 10.7 93.7 57.2 10.7 DCRS_-_Antônio_Prado/Flores_da_Cunha_(292_m) -999.9 -999.9 988.2 981.8 981.8 12.9 9.3 712.0 Rio_Grande_do_Sul DCRS -999.9 0.0 0.0 nan nan nan 0 nan nan nan nan nan
-28.939899 -51.188499 DCRS-00087 2026-09-14_14:14 18.3 -999.9 -999.9 68.3 -999.9 -999.9 12.3 -999.9 -999.9 981.8 -999.9 -999.9 2.7 -999.9 4.6 157.0 0.0 0.0 0.0 0.0 57.4 66.8 20.1 10.7 93.7 57.2 10.7 DCRS_-_Antônio_Prado/Flores_da_Cunha_(292_m) -999.9 -999.9 988.2 981.8 981.8 12.9 9.3 712.0 Rio_Grande_do_Sul DCRS -999.9 0.0 0.0 nan nan nan 0 nan nan nan nan nan
-28.939899 -51.188499 DCRS-00087 2026-09-14_14:15 18.3 -999.9 -999.9 68.3 -999.9 -999.9 12.3 -999.9 -999.9 981.8 -999.9 -999.9 3.1 -999.9 3.8 156.0 0.0 0.0 0.0 0.0 57.4 66.8 20.1 10.7 93.7 57.2 10.7 DCRS_-_Antônio_Prado/Flores_da_Cunha_(292_m) -999.9 -999.9 988.2 981.8 981.8 12.9 9.3 712.0 Rio_Grande_do_Sul DCRS -999.9 0.0 0.0 nan nan nan 0 nan nan nan nan nan
-28.939899 -51.188499 DCRS-00087 2026-09-14_14:16 18.3 -999.9 -999.9 66.8 -999.9 -999.9 12.0 -999.9 -999.9 981.8 -999.9 -999.9 3.0 -999.9 3.8 158.0 0.0 0.0 0.0 0.0 57.4 66.8 20.1 10.7 93.7 57.2 10.7 DCRS_-_Antônio_Prado/Flores_da_Cunha_(292_m) -999.9 -999.9 988.2 981.8 981.8 12.9 9.3 712.0 Rio_Grande_do_Sul DCRS -999.9 0.0 0.0 nan nan nan 0 nan nan nan nan nan
-28.939899 -51.188499 DCRS-00087 2026-09-14_14:17 18.3 -999.9 -999.9 68.0 -999.9 -999.9 12.3 -999.9 -999.9 981.8 -999.9 -999.9 0.0 -999.9 3.8 161.0 0.0 0.0 0.0 0.0 57.4 66.8 20.1 10.7 93.7 57.2 10.7 DCRS_-_Antônio_Prado/Flores_da_Cunha_(292_m) -999.9 -999.9 988.2 981.8 981.8 12.9 9.3 712.0 Rio_Grande_do_Sul DCRS -999.9 0.0 0.0 nan nan nan 0 nan nan nan nan nan
-28.939899 -51.188499 DCRS-00087 2026-09-14_14:18 18.4 -999.9 -999.9 67.6 -999.9 -999.9 12.3 -999.9 -999.9 981.7 -999.9 -999.9 3.2 -999.9 3.8 202.0 0.0 0.0 0.0 0.0 57.4 66.8 20.1 10.7 93.7 57.2 10.7 DCRS_-_Antônio_Prado/Flores_da_Cunha_(292_m) -999.9 -999.9 988.2 981.7 981.7 12.9 9.3 712.0 Rio_Grande_do_Sul DCRS -999.9 0.0 0.0 nan nan nan 0 nan nan nan nan nan
-28.939899 -51.188499 DCRS-00087 2026-09-14_14:19 18.3 -999.9 -999.9 66.7 -999.9 -999.9 12.0 -999.9 -999.9 981.7 -999.9 -999.9 0.0 -999.9 3.8 161.0 0.0 0.0 0.0 0.0 57.4 66.8 20.1 10.7 93.7 57.2 10.7 DCRS_-_Antônio_Prado/Flores_da_Cunha_(292_m) -999.9 -999.9 988.2 981.7 981.7 12.9 9.3 712.0 Rio_Grande_do_Sul DCRS -999.9 0.0 0.0 nan nan nan 0 nan nan nan nan nan
-28.939899 -51.188499 DCRS-00087 2026-09-14_14:20 18.4 -999.9 -999.9 68.3 -999.9 -999.9 12.4 -999.9 -999.9 981.7 -999.9 -999.9 1.9 -999.9 4.5 157.0 0.0 0.0 0.0 0.0 57.4 66.8 20.1 10.7 93.7 57.2 10.7 DCRS_-_Antônio_Prado/Flores_da_Cunha_(292_m) -999.9 -999.9 988.2 981.7 981.7 12.9 9.3 712.0 Rio_Grande_do_Sul DCRS -999.9 0.0 0.0 nan nan nan 0 nan nan nan nan nan
-28.939899 -51.188499 DCRS-00087 2026-09-14_14:21 18.4 -999.9 -999.9 67.8 -999.9 -999.9 12.3 -999.9 -999.9 981.7 -999.9 -999.9 0.0 -999.9 4.5 155.0 0.0 0.0 0.0 0.0 57.4 66.8 20.1 10.7 93.7 57.2 10.7 DCRS_-_Antônio_Prado/Flores_da_Cunha_(292_m) -999.9 -999.9 988.2 981.7 981.7 12.9 9.3 712.0 Rio_Grande_do_Sul DCRS -999.9 0.0 0.0 nan nan nan 0 nan nan nan nan nan
-28.939899 -51.188499 DCRS-00087 2026-09-14_14:22 18.5 -999.9 -999.9 67.2 -999.9 -999.9 12.3 -999.9 -999.9 981.8 -999.9 -999.9 3.9 -999.9 4.5 157.0 0.0 0.0 0.0 0.0 57.4 66.8 20.1 10.7 93.7 57.2 10.7 DCRS_-_Antônio_Prado/Flores_da_Cunha_(292_m) -999.9 -999.9 988.2 981.7 981.8 12.9 9.3 712.0 Rio_Grande_do_Sul DCRS -999.9 0.0 0.0 nan nan nan 0 nan nan nan nan nan
-28.939899 -51.188499 DCRS-00087 2026-09-14_14:23 18.5 -999.9 -999.9 67.1 -999.9 -999.9 12.2 -999.9 -999.9 981.8 -999.9 -999.9 3.1 -999.9 4.5 156.0 0.0 0.0 0.0 0.0 57.4 66.8 20.1 10.7 93.7 57.2 10.7 DCRS_-_Antônio_Prado/Flores_da_Cunha_(292_m) -999.9 -999.9 988.2 981.7 981.8 12.9 9.3 712.0 Rio_Grande_do_Sul DCRS -999.9 0.0 0.0 nan nan nan 0 nan nan nan nan nan
-28.939899 -51.188499 DCRS-00087 2026-09-14_14:24 18.5 -999.9 -999.9 66.1 -999.9 -999.9 12.0 -999.9 -999.9 981.8 -999.9 -999.9 3.9 -999.9 4.5 149.0 0.0 0.0 0.0 0.0 57.4 66.8 20.1 10.7 93.7 57.2 10.7 DCRS_-_Antônio_Prado/Flores_da_Cunha_(292_m) -999.9 -999.9 988.2 981.7 981.8 12.9 9.3 712.0 Rio_Grande_do_Sul DCRS -999.9 0.0 0.0 nan nan nan 0 nan nan nan nan nan
-28.939899 -51.188499 DCRS-00087 2026-09-14_14:25 18.5 -999.9 -999.9 67.1 -999.9 -999.9 12.2 -999.9 -999.9 981.8 -999.9 -999.9 2.5 -999.9 5.7 154.0 0.0 0.0 0.0 0.0 57.4 66.8 20.1 10.7 93.7 57.2 10.7 DCRS_-_Antônio_Prado/Flores_da_Cunha_(292_m) -999.9 -999.9 988.2 981.7 981.8 12.9 9.3 712.0 Rio_Grande_do_Sul DCRS -999.9 0.0 0.0 nan nan nan 0 nan nan nan nan nan
-28.939899 -51.188499 DCRS-00087 2026-09-14_14:26 18.5 -999.9 -999.9 67.9 -999.9 -999.9 12.4 -999.9 -999.9 981.8 -999.9 -999.9 2.0 -999.9 5.7 151.0 0.0 0.0 0.0 0.0 57.4 66.8 20.1 10.7 93.7 57.2 10.7 DCRS_-_Antônio_Prado/Flores_da_Cunha_(292_m) -999.9 -999.9 988.2 981.7 981.8 12.9 9.3 712.0 Rio_Grande_do_Sul DCRS -999.9 0.0 0.0 nan nan nan 0 nan nan nan nan nan
-28.939899 -51.188499 DCRS-00087 2026-09-14_14:27 18.5 -999.9 -999.9 66.6 -999.9 -999.9 12.1 -999.9 -999.9 981.7 -999.9 -999.9 0.0 -999.9 5.7 135.0 0.0 0.0 0.0 0.0 57.4 66.8 20.1 10.7 93.7 57.2 10.7 DCRS_-_Antônio_Prado/Flores_da_Cunha_(292_m) -999.9 -999.9 988.2 981.7 981.7 12.9 9.3 712.0 Rio_Grande_do_Sul DCRS -999.9 0.0 0.0 nan nan nan 0 nan nan nan nan nan
-28.939899 -51.188499 DCRS-00087 2026-09-14_14:28 18.6 -999.9 -999.9 66.5 -999.9 -999.9 12.2 -999.9 -999.9 981.7 -999.9 -999.9 3.8 -999.9 5.7 133.0 0.0 0.0 0.0 0.0 57.4 66.8 20.1 10.7 93.7 57.2 10.7 DCRS_-_Antônio_Prado/Flores_da_Cunha_(292_m) -999.9 -999.9 988.2 981.7 981.7 12.9 9.3 712.0 Rio_Grande_do_Sul DCRS -999.9 0.0 0.0 nan nan nan 0 nan nan nan nan nan
-28.939899 -51.188499 DCRS-00087 2026-09-14_14:29 18.6 -999.9 -999.9 66.1 -999.9 -999.9 12.1 -999.9 -999.9 981.7 -999.9 -999.9 3.2 -999.9 5.7 130.0 0.0 0.0 0.0 0.0 57.4 66.8 20.1 10.7 93.7 57.2 10.7 DCRS_-_Antônio_Prado/Flores_da_Cunha_(292_m) -999.9 -999.9 988.2 981.7 981.7 12.9 9.3 712.0 Rio_Grande_do_Sul DCRS -999.9 0.0 0.0 nan nan nan 0 nan nan nan nan nan
-28.939899 -51.188499 DCRS-00087 2026-09-14_14:30 18.6 -999.9 -999.9 66.5 -999.9 -999.9 12.2 -999.9 -999.9 981.7 -999.9 -999.9 2.9 -999.9 4.4 129.0 0.0 0.0 0.0 0.0 57.4 66.8 20.1 10.7 93.7 57.2 10.7 DCRS_-_Antônio_Prado/Flores_da_Cunha_(292_m) -999.9 -999.9 988.2 981.7 981.7 12.9 9.3 712.0 Rio_Grande_do_Sul DCRS -999.9 0.0 0.0 nan nan nan 0 nan nan nan nan nan
-28.939899 -51.188499 DCRS-00087 2026-09-14_14:31 18.6 -999.9 -999.9 66.2 -999.9 -999.9 12.1 -999.9 -999.9 981.7 -999.9 -999.9 0.0 -999.9 4.4 129.0 0.0 0.0 0.0 0.0 57.4 66.8 20.1 10.7 93.7 57.2 10.7 DCRS_-_Antônio_Prado/Flores_da_Cunha_(292_m) -999.9 -999.9 988.2 981.7 981.7 12.9 9.3 712.0 Rio_Grande_do_Sul DCRS -999.9 0.0 0.0 nan nan nan 0 nan nan nan nan nan
-28.939899 -51.188499 DCRS-00087 2026-09-14_14:32 18.6 -999.9 -999.9 67.0 -999.9 -999.9 12.3 -999.9 -999.9 981.7 -999.9 -999.9 2.5 -999.9 4.4 130.0 0.0 0.0 0.0 0.0 57.4 66.8 20.1 10.7 93.7 57.2 10.7 DCRS_-_Antônio_Prado/Flores_da_Cunha_(292_m) -999.9 -999.9 988.2 981.7 981.7 12.9 9.3 712.0 Rio_Grande_do_Sul DCRS -999.9 0.0 0.0 nan nan nan 0 nan nan nan nan nan
-28.939899 -51.188499 DCRS-00087 2026-09-14_14:33 18.6 -999.9 -999.9 65.5 -999.9 -999.9 12.0 -999.9 -999.9 981.6 -999.9 -999.9 3.3 -999.9 4.4 131.0 0.0 0.0 0.0 0.0 57.4 66.8 20.1 10.7 93.7 57.2 10.7 DCRS_-_Antônio_Prado/Flores_da_Cunha_(292_m) -999.9 -999.9 988.2 981.6 981.6 12.9 9.3 712.0 Rio_Grande_do_Sul DCRS -999.9 0.0 0.0 nan nan nan 0 nan nan nan nan nan
-28.939899 -51.188499 DCRS-00087 2026-09-14_14:34 18.6 -999.9 -999.9 67.0 -999.9 -999.9 12.3 -999.9 -999.9 981.6 -999.9 -999.9 1.9 -999.9 4.4 131.0 0.0 0.0 0.0 0.0 57.4 66.8 20.1 10.7 93.7 57.2 10.7 DCRS_-_Antônio_Prado/Flores_da_Cunha_(292_m) -999.9 -999.9 988.2 981.6 981.6 12.9 9.3 712.0 Rio_Grande_do_Sul DCRS -999.9 0.0 0.0 nan nan nan 0 nan nan nan nan nan
-28.939899 -51.188499 DCRS-00087 2026-09-14_14:35 18.6 -999.9 -999.9 66.1 -999.9 -999.9 12.1 -999.9 -999.9 981.6 -999.9 -999.9 0.0 -999.9 5.3 133.0 0.0 0.0 0.0 0.0 57.4 66.8 20.1 10.7 93.7 57.2 10.7 DCRS_-_Antônio_Prado/Flores_da_Cunha_(292_m) -999.9 -999.9 988.2 981.6 981.6 12.9 9.3 712.0 Rio_Grande_do_Sul DCRS -999.9 0.0 0.0 nan nan nan 0 nan nan nan nan nan
-28.939899 -51.188499 DCRS-00087 2026-09-14_14:36 18.6 -999.9 -999.9 66.2 -999.9 -999.9 12.1 -999.9 -999.9 981.6 -999.9 -999.9 0.0 -999.9 5.3 132.0 0.0 0.0 0.0 0.0 57.4 66.8 20.1 10.7 93.7 57.2 10.7 DCRS_-_Antônio_Prado/Flores_da_Cunha_(292_m) -999.9 -999.9 988.2 981.6 981.6 12.9 9.3 712.0 Rio_Grande_do_Sul DCRS -999.9 0.0 0.0 nan nan nan 0 nan nan nan nan nan
-28.939899 -51.188499 DCRS-00087 2026-09-14_14:37 18.5 -999.9 -999.9 66.4 -999.9 -999.9 12.1 -999.9 -999.9 981.6 -999.9 -999.9 2.5 -999.9 5.3 133.0 0.0 0.0 0.0 0.0 57.4 66.8 20.1 10.7 93.7 57.2 10.7 DCRS_-_Antônio_Prado/Flores_da_Cunha_(292_m) -999.9 -999.9 988.2 981.6 981.6 12.9 9.3 712.0 Rio_Grande_do_Sul DCRS -999.9 0.0 0.0 nan nan nan 0 nan nan nan nan nan
-28.939899 -51.188499 DCRS-00087 2026-09-14_14:38 18.5 -999.9 -999.9 65.4 -999.9 -999.9 11.8 -999.9 -999.9 981.6 -999.9 -999.9 2.5 -999.9 5.3 136.0 0.0 0.0 0.0 0.0 57.4 66.8 20.1 10.7 93.7 57.2 10.7 DCRS_-_Antônio_Prado/Flores_da_Cunha_(292_m) -999.9 -999.9 988.2 981.6 981.6 12.9 9.3 712.0 Rio_Grande_do_Sul DCRS -999.9 0.0 0.0 nan nan nan 0 nan nan nan nan nan
-28.939899 -51.188499 DCRS-00087 2026-09-14_14:39 18.6 -999.9 -999.9 65.5 -999.9 -999.9 12.0 -999.9 -999.9 981.6 -999.9 -999.9 2.2 -999.9 5.3 143.0 0.0 0.0 0.0 0.0 57.4 66.8 20.1 10.7 93.7 57.2 10.7 DCRS_-_Antônio_Prado/Flores_da_Cunha_(292_m) -999.9 -999.9 988.2 981.6 981.6 12.9 9.3 712.0 Rio_Grande_do_Sul DCRS -999.9 0.0 0.0 nan nan nan 0 nan nan nan nan nan
-28.939899 -51.188499 DCRS-00087 2026-09-14_14:40 18.5 -999.9 -999.9 65.9 -999.9 -999.9 12.0 -999.9 -999.9 981.6 -999.9 -999.9 0.0 -999.9 3.5 165.0 0.0 0.0 0.0 0.0 57.4 66.8 20.1 10.7 93.7 57.2 10.7 DCRS_-_Antônio_Prado/Flores_da_Cunha_(292_m) -999.9 -999.9 988.2 981.6 981.6 12.9 9.3 712.0 Rio_Grande_do_Sul DCRS -999.9 0.0 0.0 nan nan nan 0 nan nan nan nan nan
-28.939899 -51.188499 DCRS-00087 2026-09-14_14:41 18.6 -999.9 -999.9 64.8 -999.9 -999.9 11.8 -999.9 -999.9 981.5 -999.9 -999.9 2.1 -999.9 3.5 262.0 0.0 0.0 0.0 0.0 57.4 66.8 20.1 10.7 93.7 57.2 10.7 DCRS_-_Antônio_Prado/Flores_da_Cunha_(292_m) -999.9 -999.9 988.2 981.5 981.5 12.9 9.3 712.0 Rio_Grande_do_Sul DCRS -999.9 0.0 0.0 nan nan nan 0 nan nan nan nan nan
-28.939899 -51.188499 DCRS-00087 2026-09-14_14:42 18.7 -999.9 -999.9 65.2 -999.9 -999.9 12.0 -999.9 -999.9 981.5 -999.9 -999.9 3.0 -999.9 3.5 214.0 0.0 0.0 0.0 0.0 57.4 66.8 20.1 10.7 93.7 57.2 10.7 DCRS_-_Antônio_Prado/Flores_da_Cunha_(292_m) -999.9 -999.9 988.2 981.5 981.5 12.9 9.3 712.0 Rio_Grande_do_Sul DCRS -999.9 0.0 0.0 nan nan nan 0 nan nan nan nan nan
-28.939899 -51.188499 DCRS-00087 2026-09-14_14:43 18.8 -999.9 -999.9 64.5 -999.9 -999.9 11.9 -999.9 -999.9 981.5 -999.9 -999.9 0.0 -999.9 3.5 179.0 0.0 0.0 0.0 0.0 57.4 66.8 20.1 10.7 93.7 57.2 10.7 DCRS_-_Antônio_Prado/Flores_da_Cunha_(292_m) -999.9 -999.9 988.2 981.5 981.5 12.9 9.3 712.0 Rio_Grande_do_Sul DCRS -999.9 0.0 0.0 nan nan nan 0 nan nan nan nan nan
-28.939899 -51.188499 DCRS-00087 2026-09-14_14:44 18.8 -999.9 -999.9 65.4 -999.9 -999.9 12.1 -999.9 -999.9 981.5 -999.9 -999.9 -999.9 -999.9 3.5 178.0 0.0 0.0 0.0 0.0 57.4 66.8 20.1 10.7 93.7 57.2 10.7 DCRS_-_Antônio_Prado/Flores_da_Cunha_(292_m) -999.9 -999.9 988.2 981.5 981.5 12.9 9.3 712.0 Rio_Grande_do_Sul DCRS -999.9 0.0 0.0 nan nan nan 0 nan nan nan nan nan
-28.939899 -51.188499 DCRS-00087 2026-09-14_14:45 18.8 -999.9 -999.9 64.9 -999.9 -999.9 12.0 -999.9 -999.9 981.5 -999.9 -999.9 4.9 -999.9 5.8 175.0 0.0 0.0 0.0 0.0 57.4 66.8 20.1 10.7 93.7 57.2 10.7 DCRS_-_Antônio_Prado/Flores_da_Cunha_(292_m) -999.9 -999.9 988.2 981.5 981.5 12.9 9.3 712.0 Rio_Grande_do_Sul DCRS -999.9 0.0 0.0 nan nan nan 0 nan nan nan nan nan
-28.939899 -51.188499 DCRS-00087 2026-09-14_14:46 18.8 -999.9 -999.9 65.0 -999.9 -999.9 12.0 -999.9 -999.9 981.5 -999.9 -999.9 3.7 -999.9 5.8 166.0 0.0 0.0 0.0 0.0 57.4 66.8 20.1 10.7 93.7 57.2 10.7 DCRS_-_Antônio_Prado/Flores_da_Cunha_(292_m) -999.9 -999.9 988.2 981.5 981.5 12.9 9.3 712.0 Rio_Grande_do_Sul DCRS -999.9 0.0 0.0 nan nan nan 0 nan nan nan nan nan
-28.939899 -51.188499 DCRS-00087 2026-09-14_14:47 18.7 -999.9 -999.9 64.8 -999.9 -999.9 11.9 -999.9 -999.9 981.5 -999.9 -999.9 2.4 -999.9 5.8 159.0 0.0 0.0 0.0 0.0 57.4 66.8 20.1 10.7 93.7 57.2 10.7 DCRS_-_Antônio_Prado/Flores_da_Cunha_(292_m) -999.9 -999.9 988.2 981.5 981.5 12.9 9.3 712.0 Rio_Grande_do_Sul DCRS -999.9 0.0 0.0 nan nan nan 0 nan nan nan nan nan
-28.939899 -51.188499 DCRS-00087 2026-09-14_14:48 18.7 -999.9 -999.9 63.6 -999.9 -999.9 11.6 -999.9 -999.9 981.4 -999.9 -999.9 1.9 -999.9 5.8 255.0 0.0 0.0 0.0 0.0 57.4 66.8 20.1 10.7 93.7 57.2 10.7 DCRS_-_Antônio_Prado/Flores_da_Cunha_(292_m) -999.9 -999.9 988.2 981.4 981.4 12.9 9.3 712.0 Rio_Grande_do_Sul DCRS -999.9 0.0 0.0 nan nan nan 0 nan nan nan nan nan
-28.939899 -51.188499 DCRS-00087 2026-09-14_14:49 18.9 -999.9 -999.9 63.7 -999.9 -999.9 11.8 -999.9 -999.9 981.4 -999.9 -999.9 2.2 -999.9 5.8 152.0 0.0 0.0 0.0 0.0 57.4 66.8 20.1 10.7 93.7 57.2 10.7 DCRS_-_Antônio_Prado/Flores_da_Cunha_(292_m) -999.9 -999.9 988.2 981.4 981.4 12.9 9.3 712.0 Rio_Grande_do_Sul DCRS -999.9 0.0 0.0 nan nan nan 0 nan nan nan nan nan
-28.939899 -51.188499 DCRS-00087 2026-09-14_14:50 18.9 -999.9 -999.9 65.1 -999.9 -999.9 12.2 -999.9 -999.9 981.4 -999.9 -999.9 2.0 -999.9 5.9 153.0 0.0 0.0 0.0 0.0 57.4 66.8 20.1 10.7 93.7 57.2 10.7 DCRS_-_Antônio_Prado/Flores_da_Cunha_(292_m) -999.9 -999.9 988.2 981.4 981.4 12.9 9.3 712.0 Rio_Grande_do_Sul DCRS -999.9 0.0 0.0 nan nan nan 0 nan nan nan nan nan
-28.939899 -51.188499 DCRS-00087 2026-09-14_14:52 18.9 -999.9 -999.9 64.0 -999.9 -999.9 11.9 -999.9 -999.9 981.3 -999.9 -999.9 0.0 -999.9 5.9 151.0 0.0 0.0 0.0 0.0 57.4 66.8 20.1 10.7 93.7 57.2 10.7 DCRS_-_Antônio_Prado/Flores_da_Cunha_(292_m) -999.9 -999.9 988.2 981.3 981.3 12.9 9.3 712.0 Rio_Grande_do_Sul DCRS -999.9 0.0 0.0 nan nan nan 0 nan nan nan nan nan
-28.939899 -51.188499 DCRS-00087 2026-09-14_14:53 19.0 -999.9 -999.9 61.6 -999.9 -999.9 11.4 -999.9 -999.9 981.3 -999.9 -999.9 1.9 -999.9 5.9 150.0 0.0 0.0 0.0 0.0 57.4 66.8 20.1 10.7 93.7 57.2 10.7 DCRS_-_Antônio_Prado/Flores_da_Cunha_(292_m) -999.9 -999.9 988.2 981.3 981.3 12.9 9.3 712.0 Rio_Grande_do_Sul DCRS -999.9 0.0 0.0 nan nan nan 0 nan nan nan nan nan
-28.939899 -51.188499 DCRS-00087 2026-09-14_14:54 18.9 -999.9 -999.9 63.4 -999.9 -999.9 11.8 -999.9 -999.9 981.3 -999.9 -999.9 1.9 -999.9 5.9 146.0 0.0 0.0 0.0 0.0 57.4 66.8 20.1 10.7 93.7 57.2 10.7 DCRS_-_Antônio_Prado/Flores_da_Cunha_(292_m) -999.9 -999.9 988.2 981.3 981.3 12.9 9.3 712.0 Rio_Grande_do_Sul DCRS -999.9 0.0 0.0 nan nan nan 0 nan nan nan nan nan
-28.939899 -51.188499 DCRS-00087 2026-09-14_14:55 19.0 -999.9 -999.9 63.9 -999.9 -999.9 12.0 -999.9 -999.9 981.3 -999.9 -999.9 0.0 -999.9 3.1 144.0 0.0 0.0 0.0 0.0 57.4 66.8 20.1 10.7 93.7 57.2 10.7 DCRS_-_Antônio_Prado/Flores_da_Cunha_(292_m) -999.9 -999.9 988.2 981.3 981.3 12.9 9.3 712.0 Rio_Grande_do_Sul DCRS -999.9 0.0 0.0 nan nan nan 0 nan nan nan nan nan
-28.939899 -51.188499 DCRS-00087 2026-09-14_14:56 18.9 -999.9 -999.9 63.9 -999.9 -999.9 11.9 -999.9 -999.9 981.3 -999.9 -999.9 0.0 -999.9 3.1 141.0 0.0 0.0 0.0 0.0 57.4 66.8 20.1 10.7 93.7 57.2 10.7 DCRS_-_Antônio_Prado/Flores_da_Cunha_(292_m) -999.9 -999.9 988.2 981.3 981.3 12.9 9.3 712.0 Rio_Grande_do_Sul DCRS -999.9 0.0 0.0 nan nan nan 0 nan nan nan nan nan
-28.939899 -51.188499 DCRS-00087 2026-09-14_14:57 18.9 -999.9 -999.9 63.9 -999.9 -999.9 11.9 -999.9 -999.9 981.3 -999.9 -999.9 0.0 -999.9 3.1 141.0 0.0 0.0 0.0 0.0 57.4 66.8 20.1 10.7 93.7 57.2 10.7 DCRS_-_Antônio_Prado/Flores_da_Cunha_(292_m) -999.9 -999.9 988.2 981.3 981.3 12.9 9.3 712.0 Rio_Grande_do_Sul DCRS -999.9 0.0 0.0 nan nan nan 0 nan nan nan nan nan
-28.939899 -51.188499 DCRS-00087 2026-09-14_14:58 19.0 -999.9 -999.9 63.5 -999.9 -999.9 11.9 -999.9 -999.9 981.3 -999.9 -999.9 0.0 -999.9 3.1 140.0 0.0 0.0 0.0 0.0 57.4 66.8 20.1 10.7 93.7 57.2 10.7 DCRS_-_Antônio_Prado/Flores_da_Cunha_(292_m) -999.9 -999.9 988.2 981.3 981.3 12.9 9.3 712.0 Rio_Grande_do_Sul DCRS -999.9 0.0 0.0 nan nan nan 0 nan nan nan nan nan
-28.939899 -51.188499 DCRS-00087 2026-09-14_14:59 19.1 -999.9 -999.9 63.5 -999.9 -999.9 12.0 -999.9 -999.9 981.3 -999.9 -999.9 2.2 -999.9 3.1 140.0 0.0 0.0 0.0 0.0 57.4 66.8 20.1 10.7 93.7 57.2 10.7 DCRS_-_Antônio_Prado/Flores_da_Cunha_(292_m) -999.9 -999.9 988.2 981.3 981.3 12.9 9.3 712.0 Rio_Grande_do_Sul DCRS -999.9 0.0 0.0 nan nan nan 0 nan nan nan nan nan
-28.939899 -51.188499 DCRS-00087 2026-09-14_15:00 19.1 -999.9 -999.9 65.9 -999.9 -999.9 12.5 -999.9 -999.9 981.2 -999.9 -999.9 2.8 -999.9 4.1 140.0 0.0 0.0 0.0 0.0 57.4 66.8 20.1 10.7 93.7 57.2 10.7 DCRS_-_Antônio_Prado/Flores_da_Cunha_(292_m) -999.9 -999.9 988.2 981.2 981.2 12.9 9.3 712.0 Rio_Grande_do_Sul DCRS -999.9 0.0 0.0 nan nan nan 0 nan nan nan nan nan
-28.939899 -51.188499 DCRS-00087 2026-09-14_15:01 19.1 -999.9 -999.9 65.6 -999.9 -999.9 12.5 -999.9 -999.9 981.2 -999.9 -999.9 2.9 -999.9 4.1 142.0 0.0 0.0 0.0 0.0 57.4 66.8 20.1 10.7 93.7 57.2 10.7 DCRS_-_Antônio_Prado/Flores_da_Cunha_(292_m) -999.9 -999.9 988.2 981.2 981.2 12.9 9.3 712.0 Rio_Grande_do_Sul DCRS -999.9 0.0 0.0 nan nan nan 0 nan nan nan nan nan
-28.939899 -51.188499 DCRS-00087 2026-09-14_15:02 19.1 -999.9 -999.9 65.0 -999.9 -999.9 12.3 -999.9 -999.9 981.2 -999.9 -999.9 4.1 -999.9 4.1 143.0 0.0 0.0 0.0 0.0 57.4 66.8 20.1 10.7 93.7 57.2 10.7 DCRS_-_Antônio_Prado/Flores_da_Cunha_(292_m) -999.9 -999.9 988.2 981.2 981.2 12.9 9.3 712.0 Rio_Grande_do_Sul DCRS -999.9 0.0 0.0 nan nan nan 0 nan nan nan nan nan
-28.939899 -51.188499 DCRS-00087 2026-09-14_15:03 19.1 -999.9 -999.9 64.7 -999.9 -999.9 12.3 -999.9 -999.9 981.2 -999.9 -999.9 3.8 -999.9 4.1 142.0 0.0 0.0 0.0 0.0 57.4 66.8 20.1 10.7 93.7 57.2 10.7 DCRS_-_Antônio_Prado/Flores_da_Cunha_(292_m) -999.9 -999.9 988.2 981.2 981.2 12.9 9.3 712.0 Rio_Grande_do_Sul DCRS -999.9 0.0 0.0 nan nan nan 0 nan nan nan nan nan
-28.939899 -51.188499 DCRS-00087 2026-09-14_15:04 19.0 -999.9 -999.9 65.5 -999.9 -999.9 12.3 -999.9 -999.9 981.2 -999.9 -999.9 2.8 -999.9 4.1 142.0 0.0 0.0 0.0 0.0 57.4 66.8 20.1 10.7 93.7 57.2 10.7 DCRS_-_Antônio_Prado/Flores_da_Cunha_(292_m) -999.9 -999.9 988.2 981.2 981.2 12.9 9.3 712.0 Rio_Grande_do_Sul DCRS -999.9 0.0 0.0 nan nan nan 0 nan nan nan nan nan
-28.939899 -51.188499 DCRS-00087 2026-09-14_15:05 19.0 -999.9 -999.9 63.6 -999.9 -999.9 11.9 -999.9 -999.9 981.2 -999.9 -999.9 0.0 -999.9 4.3 167.0 0.0 0.0 0.0 0.0 57.4 66.8 20.1 10.7 93.7 57.2 10.7 DCRS_-_Antônio_Prado/Flores_da_Cunha_(292_m) -999.9 -999.9 988.2 981.2 981.2 12.9 9.3 712.0 Rio_Grande_do_Sul DCRS -999.9 0.0 0.0 nan nan nan 0 nan nan nan nan nan
-28.939899 -51.188499 DCRS-00087 2026-09-14_15:06 19.0 -999.9 -999.9 66.8 -999.9 -999.9 12.7 -999.9 -999.9 981.2 -999.9 -999.9 1.9 -999.9 4.3 133.0 0.0 0.0 0.0 0.0 57.4 66.8 20.1 10.7 93.7 57.2 10.7 DCRS_-_Antônio_Prado/Flores_da_Cunha_(292_m) -999.9 -999.9 988.2 981.2 981.2 12.9 9.3 712.0 Rio_Grande_do_Sul DCRS -999.9 0.0 0.0 nan nan nan 0 nan nan nan nan nan
-28.939899 -51.188499 DCRS-00087 2026-09-14_15:07 19.1 -999.9 -999.9 66.7 -999.9 -999.9 12.7 -999.9 -999.9 981.2 -999.9 -999.9 0.0 -999.9 4.3 135.0 0.0 0.0 0.0 0.0 57.4 66.8 20.1 10.7 93.7 57.2 10.7 DCRS_-_Antônio_Prado/Flores_da_Cunha_(292_m) -999.9 -999.9 988.2 981.2 981.2 12.9 9.3 712.0 Rio_Grande_do_Sul DCRS -999.9 0.0 0.0 nan nan nan 0 nan nan nan nan nan
-28.939899 -51.188499 DCRS-00087 2026-09-14_15:08 19.0 -999.9 -999.9 63.7 -999.9 -999.9 11.9 -999.9 -999.9 981.1 -999.9 -999.9 0.0 -999.9 4.3 128.0 0.0 0.0 0.0 0.0 57.4 66.8 20.1 10.7 93.7 57.2 10.7 DCRS_-_Antônio_Prado/Flores_da_Cunha_(292_m) -999.9 -999.9 988.2 981.1 981.1 12.9 9.3 712.0 Rio_Grande_do_Sul DCRS -999.9 0.0 0.0 nan nan nan 0 nan nan nan nan nan
-28.939899 -51.188499 DCRS-00087 2026-09-14_15:09 19.1 -999.9 -999.9 63.7 -999.9 -999.9 12.0 -999.9 -999.9 981.1 -999.9 -999.9 2.5 -999.9 4.3 128.0 0.0 0.0 0.0 0.0 57.4 66.8 20.1 10.7 93.7 57.2 10.7 DCRS_-_Antônio_Prado/Flores_da_Cunha_(292_m) -999.9 -999.9 988.2 981.1 981.1 12.9 9.3 712.0 Rio_Grande_do_Sul DCRS -999.9 0.0 0.0 nan nan nan 0 nan nan nan nan nan
-28.939899 -51.188499 DCRS-00087 2026-09-14_15:10 19.0 -999.9 -999.9 62.5 -999.9 -999.9 11.6 -999.9 -999.9 981.1 -999.9 -999.9 2.2 -999.9 3.8 129.0 0.0 0.0 0.0 0.0 57.4 66.8 20.1 10.7 93.7 57.2 10.7 DCRS_-_Antônio_Prado/Flores_da_Cunha_(292_m) -999.9 -999.9 988.2 981.1 981.1 12.9 9.3 712.0 Rio_Grande_do_Sul DCRS -999.9 0.0 0.0 nan nan nan 0 nan nan nan nan nan
-28.939899 -51.188499 DCRS-00087 2026-09-14_15:11 19.1 -999.9 -999.9 62.6 -999.9 -999.9 11.8 -999.9 -999.9 981.1 -999.9 -999.9 0.0 -999.9 3.8 132.0 0.0 0.0 0.0 0.0 57.4 66.8 20.1 10.7 93.7 57.2 10.7 DCRS_-_Antônio_Prado/Flores_da_Cunha_(292_m) -999.9 -999.9 988.2 981.1 981.1 12.9 9.3 712.0 Rio_Grande_do_Sul DCRS -999.9 0.0 0.0 nan nan nan 0 nan nan nan nan nan
-28.939899 -51.188499 DCRS-00087 2026-09-14_15:12 19.1 -999.9 -999.9 62.9 -999.9 -999.9 11.8 -999.9 -999.9 981.1 -999.9 -999.9 1.9 -999.9 3.8 135.0 0.0 0.0 0.0 0.0 57.4 66.8 20.1 10.7 93.7 57.2 10.7 DCRS_-_Antônio_Prado/Flores_da_Cunha_(292_m) -999.9 -999.9 988.2 981.1 981.1 12.9 9.3 712.0 Rio_Grande_do_Sul DCRS -999.9 0.0 0.0 nan nan nan 0 nan nan nan nan nan
-28.939899 -51.188499 DCRS-00087 2026-09-14_15:13 19.1 -999.9 -999.9 61.3 -999.9 -999.9 11.4 -999.9 -999.9 981.1 -999.9 -999.9 0.0 -999.9 3.8 162.0 0.0 0.0 0.0 0.0 57.4 66.8 20.1 10.7 93.7 57.2 10.7 DCRS_-_Antônio_Prado/Flores_da_Cunha_(292_m) -999.9 -999.9 988.2 981.1 981.1 12.9 9.3 712.0 Rio_Grande_do_Sul DCRS -999.9 0.0 0.0 nan nan nan 0 nan nan nan nan nan
-28.939899 -51.188499 DCRS-00087 2026-09-14_15:14 19.1 -999.9 -999.9 61.1 -999.9 -999.9 11.4 -999.9 -999.9 981.1 -999.9 -999.9 2.2 -999.9 3.8 158.0 0.0 0.0 0.0 0.0 57.4 66.8 20.1 10.7 93.7 57.2 10.7 DCRS_-_Antônio_Prado/Flores_da_Cunha_(292_m) -999.9 -999.9 988.2 981.1 981.1 12.9 9.3 712.0 Rio_Grande_do_Sul DCRS -999.9 0.0 0.0 nan nan nan 0 nan nan nan nan nan
-28.939899 -51.188499 DCRS-00087 2026-09-14_15:15 19.2 -999.9 -999.9 62.3 -999.9 -999.9 11.8 -999.9 -999.9 981.1 -999.9 -999.9 0.0 -999.9 2.5 160.0 0.0 0.0 0.0 0.0 57.4 66.8 20.1 10.7 93.7 57.2 10.7 DCRS_-_Antônio_Prado/Flores_da_Cunha_(292_m) -999.9 -999.9 988.2 981.1 981.1 12.9 9.3 712.0 Rio_Grande_do_Sul DCRS -999.9 0.0 0.0 nan nan nan 0 nan nan nan nan nan
-28.939899 -51.188499 DCRS-00087 2026-09-14_15:16 19.3 -999.9 -999.9 62.3 -999.9 -999.9 11.9 -999.9 -999.9 981.0 -999.9 -999.9 2.1 -999.9 2.5 161.0 0.0 0.0 0.0 0.0 57.4 66.8 20.1 10.7 93.7 57.2 10.7 DCRS_-_Antônio_Prado/Flores_da_Cunha_(292_m) -999.9 -999.9 988.2 981.0 981.0 12.9 9.3 712.0 Rio_Grande_do_Sul DCRS -999.9 0.0 0.0 nan nan nan 0 nan nan nan nan nan
-28.939899 -51.188499 DCRS-00087 2026-09-14_15:17 19.3 -999.9 -999.9 62.8 -999.9 -999.9 12.0 -999.9 -999.9 981.0 -999.9 -999.9 0.0 -999.9 2.5 170.0 0.0 0.0 0.0 0.0 57.4 66.8 20.1 10.7 93.7 57.2 10.7 DCRS_-_Antônio_Prado/Flores_da_Cunha_(292_m) -999.9 -999.9 988.2 981.0 981.0 12.9 9.3 712.0 Rio_Grande_do_Sul DCRS -999.9 0.0 0.0 nan nan nan 0 nan nan nan nan nan
-28.939899 -51.188499 DCRS-00087 2026-09-14_15:18 19.4 -999.9 -999.9 61.4 -999.9 -999.9 11.7 -999.9 -999.9 981.0 -999.9 -999.9 0.0 -999.9 2.5 187.0 0.0 0.0 0.0 0.0 57.4 66.8 20.1 10.7 93.7 57.2 10.7 DCRS_-_Antônio_Prado/Flores_da_Cunha_(292_m) -999.9 -999.9 988.2 981.0 981.0 12.9 9.3 712.0 Rio_Grande_do_Sul DCRS -999.9 0.0 0.0 nan nan nan 0 nan nan nan nan nan
-28.939899 -51.188499 DCRS-00087 2026-09-14_15:19 19.4 -999.9 -999.9 60.5 -999.9 -999.9 11.5 -999.9 -999.9 981.1 -999.9 -999.9 0.0 -999.9 2.5 381.0 0.0 0.0 0.0 0.0 57.4 66.8 20.1 10.7 93.7 57.2 10.7 DCRS_-_Antônio_Prado/Flores_da_Cunha_(292_m) -999.9 -999.9 988.2 981.0 981.1 12.9 9.3 712.0 Rio_Grande_do_Sul DCRS -999.9 0.0 0.0 nan nan nan 0 nan nan nan nan nan
-28.939899 -51.188499 DCRS-00087 2026-09-14_15:20 19.5 -999.9 -999.9 61.4 -999.9 -999.9 11.8 -999.9 -999.9 981.1 -999.9 -999.9 2.8 -999.9 4.2 207.0 0.0 0.0 0.0 0.0 57.4 66.8 20.1 10.7 93.7 57.2 10.7 DCRS_-_Antônio_Prado/Flores_da_Cunha_(292_m) -999.9 -999.9 988.2 981.0 981.1 12.9 9.3 712.0 Rio_Grande_do_Sul DCRS -999.9 0.0 0.0 nan nan nan 0 nan nan nan nan nan
-28.939899 -51.188499 DCRS-00087 2026-09-14_15:21 19.6 -999.9 -999.9 60.0 -999.9 -999.9 11.6 -999.9 -999.9 981.0 -999.9 -999.9 3.1 -999.9 4.2 231.0 0.0 0.0 0.0 0.0 57.4 66.8 20.1 10.7 93.7 57.2 10.7 DCRS_-_Antônio_Prado/Flores_da_Cunha_(292_m) -999.9 -999.9 988.2 981.0 981.0 12.9 9.3 712.0 Rio_Grande_do_Sul DCRS -999.9 0.0 0.0 nan nan nan 0 nan nan nan nan nan
-28.939899 -51.188499 DCRS-00087 2026-09-14_15:22 19.6 -999.9 -999.9 60.1 -999.9 -999.9 11.6 -999.9 -999.9 981.0 -999.9 -999.9 3.0 -999.9 4.2 177.0 0.0 0.0 0.0 0.0 57.4 66.8 20.1 10.7 93.7 57.2 10.7 DCRS_-_Antônio_Prado/Flores_da_Cunha_(292_m) -999.9 -999.9 988.2 981.0 981.0 12.9 9.3 712.0 Rio_Grande_do_Sul DCRS -999.9 0.0 0.0 nan nan nan 0 nan nan nan nan nan
-28.939899 -51.188499 DCRS-00087 2026-09-14_15:23 19.6 -999.9 -999.9 59.9 -999.9 -999.9 11.6 -999.9 -999.9 981.0 -999.9 -999.9 0.0 -999.9 4.2 180.0 0.0 0.0 0.0 0.0 57.4 66.8 20.1 10.7 93.7 57.2 10.7 DCRS_-_Antônio_Prado/Flores_da_Cunha_(292_m) -999.9 -999.9 988.2 981.0 981.0 12.9 9.3 712.0 Rio_Grande_do_Sul DCRS -999.9 0.0 0.0 nan nan nan 0 nan nan nan nan nan
-28.939899 -51.188499 DCRS-00087 2026-09-14_15:24 19.6 -999.9 -999.9 62.4 -999.9 -999.9 12.2 -999.9 -999.9 981.0 -999.9 -999.9 2.5 -999.9 4.2 166.0 0.0 0.0 0.0 0.0 57.4 66.8 20.1 10.7 93.7 57.2 10.7 DCRS_-_Antônio_Prado/Flores_da_Cunha_(292_m) -999.9 -999.9 988.2 981.0 981.0 12.9 9.3 712.0 Rio_Grande_do_Sul DCRS -999.9 0.0 0.0 nan nan nan 0 nan nan nan nan nan
-28.939899 -51.188499 DCRS-00087 2026-09-14_15:25 19.7 -999.9 -999.9 59.4 -999.9 -999.9 11.5 -999.9 -999.9 981.1 -999.9 -999.9 2.6 -999.9 4.0 155.0 0.0 0.0 0.0 0.0 57.4 66.8 20.1 10.7 93.7 57.2 10.7 DCRS_-_Antônio_Prado/Flores_da_Cunha_(292_m) -999.9 -999.9 988.2 981.0 981.1 12.9 9.3 712.0 Rio_Grande_do_Sul DCRS -999.9 0.0 0.0 nan nan nan 0 nan nan nan nan nan
-28.939899 -51.188499 DCRS-00087 2026-09-14_15:26 19.7 -999.9 -999.9 59.5 -999.9 -999.9 11.5 -999.9 -999.9 981.1 -999.9 -999.9 2.2 -999.9 4.0 153.0 0.0 0.0 0.0 0.0 57.4 66.8 20.1 10.7 93.7 57.2 10.7 DCRS_-_Antônio_Prado/Flores_da_Cunha_(292_m) -999.9 -999.9 988.2 981.0 981.1 12.9 9.3 712.0 Rio_Grande_do_Sul DCRS -999.9 0.0 0.0 nan nan nan 0 nan nan nan nan nan
-28.939899 -51.188499 DCRS-00087 2026-09-14_15:27 19.7 -999.9 -999.9 61.4 -999.9 -999.9 12.0 -999.9 -999.9 981.1 -999.9 -999.9 2.2 -999.9 4.0 151.0 0.0 0.0 0.0 0.0 57.4 66.8 20.1 10.7 93.7 57.2 10.7 DCRS_-_Antônio_Prado/Flores_da_Cunha_(292_m) -999.9 -999.9 988.2 981.0 981.1 12.9 9.3 712.0 Rio_Grande_do_Sul DCRS -999.9 0.0 0.0 nan nan nan 0 nan nan nan nan nan
-28.939899 -51.188499 DCRS-00087 2026-09-14_15:28 19.7 -999.9 -999.9 59.7 -999.9 -999.9 11.6 -999.9 -999.9 981.0 -999.9 -999.9 1.9 -999.9 4.0 149.0 0.0 0.0 0.0 0.0 57.4 66.8 20.1 10.7 93.7 57.2 10.7 DCRS_-_Antônio_Prado/Flores_da_Cunha_(292_m) -999.9 -999.9 988.2 981.0 981.0 12.9 9.3 712.0 Rio_Grande_do_Sul DCRS -999.9 0.0 0.0 nan nan nan 0 nan nan nan nan nan
-28.939899 -51.188499 DCRS-00087 2026-09-14_15:29 19.7 -999.9 -999.9 60.1 -999.9 -999.9 11.7 -999.9 -999.9 981.0 -999.9 -999.9 0.0 -999.9 4.0 145.0 0.0 0.0 0.0 0.0 57.4 66.8 20.1 10.7 93.7 57.2 10.7 DCRS_-_Antônio_Prado/Flores_da_Cunha_(292_m) -999.9 -999.9 988.2 981.0 981.0 12.9 9.3 712.0 Rio_Grande_do_Sul DCRS -999.9 0.0 0.0 nan nan nan 0 nan nan nan nan nan
-28.939899 -51.188499 DCRS-00087 2026-09-14_15:30 19.8 -999.9 -999.9 60.0 -999.9 -999.9 11.8 -999.9 -999.9 981.0 -999.9 -999.9 0.0 -999.9 3.0 143.0 0.0 0.0 0.0 0.0 57.4 66.8 20.1 10.7 93.7 57.2 10.7 DCRS_-_Antônio_Prado/Flores_da_Cunha_(292_m) -999.9 -999.9 988.2 981.0 981.0 12.9 9.3 712.0 Rio_Grande_do_Sul DCRS -999.9 0.0 0.0 nan nan nan 0 nan nan nan nan nan
-28.939899 -51.188499 DCRS-00087 2026-09-14_15:31 19.9 -999.9 -999.9 59.1 -999.9 -999.9 11.6 -999.9 -999.9 981.0 -999.9 -999.9 0.0 -999.9 3.0 139.0 0.0 0.0 0.0 0.0 57.4 66.8 20.1 10.7 93.7 57.2 10.7 DCRS_-_Antônio_Prado/Flores_da_Cunha_(292_m) -999.9 -999.9 988.2 981.0 981.0 12.9 9.3 712.0 Rio_Grande_do_Sul DCRS -999.9 0.0 0.0 nan nan nan 0 nan nan nan nan nan
-28.939899 -51.188499 DCRS-00087 2026-09-14_15:32 20.0 -999.9 -999.9 59.2 -999.9 -999.9 11.8 -999.9 -999.9 981.0 -999.9 -999.9 0.0 -999.9 3.0 141.0 0.0 0.0 0.0 0.0 57.4 66.8 20.1 10.7 93.7 57.2 10.7 DCRS_-_Antônio_Prado/Flores_da_Cunha_(292_m) -999.9 -999.9 988.2 981.0 981.0 12.9 9.3 712.0 Rio_Grande_do_Sul DCRS -999.9 0.0 0.0 nan nan nan 0 nan nan nan nan nan
-28.939899 -51.188499 DCRS-00087 2026-09-14_15:33 20.0 -999.9 -999.9 59.2 -999.9 -999.9 11.8 -999.9 -999.9 981.0 -999.9 -999.9 -999.9 -999.9 3.0 143.0 0.0 0.0 0.0 0.0 57.4 66.8 20.1 10.7 93.7 57.2 10.7 DCRS_-_Antônio_Prado/Flores_da_Cunha_(292_m) -999.9 -999.9 988.2 981.0 981.0 12.9 9.3 712.0 Rio_Grande_do_Sul DCRS -999.9 0.0 0.0 nan nan nan 0 nan nan nan nan nan
-28.939899 -51.188499 DCRS-00087 2026-09-14_15:34 20.0 -999.9 -999.9 59.5 -999.9 -999.9 11.8 -999.9 -999.9 981.0 -999.9 -999.9 -999.9 -999.9 3.0 145.0 0.0 0.0 0.0 0.0 57.4 66.8 20.1 10.7 93.7 57.2 10.7 DCRS_-_Antônio_Prado/Flores_da_Cunha_(292_m) -999.9 -999.9 988.2 981.0 981.0 12.9 9.3 712.0 Rio_Grande_do_Sul DCRS -999.9 0.0 0.0 nan nan nan 0 nan nan nan nan nan
-28.939899 -51.188499 DCRS-00087 2026-09-14_15:35 20.0 -999.9 -999.9 59.7 -999.9 -999.9 11.9 -999.9 -999.9 981.0 -999.9 -999.9 2.5 -999.9 4.6 147.0 0.0 0.0 0.0 0.0 57.4 66.8 20.1 10.7 93.7 57.2 10.7 DCRS_-_Antônio_Prado/Flores_da_Cunha_(292_m) -999.9 -999.9 988.2 981.0 981.0 12.9 9.3 712.0 Rio_Grande_do_Sul DCRS -999.9 0.0 0.0 nan nan nan 0 nan nan nan nan nan
-28.939899 -51.188499 DCRS-00087 2026-09-14_15:36 19.9 -999.9 -999.9 60.0 -999.9 -999.9 11.9 -999.9 -999.9 980.9 -999.9 -999.9 0.0 -999.9 4.6 152.0 0.0 0.0 0.0 0.0 57.4 66.8 20.1 10.7 93.7 57.2 10.7 DCRS_-_Antônio_Prado/Flores_da_Cunha_(292_m) -999.9 -999.9 988.2 980.9 980.9 12.9 9.3 712.0 Rio_Grande_do_Sul DCRS -999.9 0.0 0.0 nan nan nan 0 nan nan nan nan nan
-28.939899 -51.188499 DCRS-00087 2026-09-14_15:37 19.9 -999.9 -999.9 60.4 -999.9 -999.9 12.0 -999.9 -999.9 980.9 -999.9 -999.9 2.1 -999.9 4.6 158.0 0.0 0.0 0.0 0.0 57.4 66.8 20.1 10.7 93.7 57.2 10.7 DCRS_-_Antônio_Prado/Flores_da_Cunha_(292_m) -999.9 -999.9 988.2 980.9 980.9 12.9 9.3 712.0 Rio_Grande_do_Sul DCRS -999.9 0.0 0.0 nan nan nan 0 nan nan nan nan nan
-28.939899 -51.188499 DCRS-00087 2026-09-14_15:38 19.9 -999.9 -999.9 60.4 -999.9 -999.9 12.0 -999.9 -999.9 980.9 -999.9 -999.9 2.7 -999.9 4.6 167.0 0.0 0.0 0.0 0.0 57.4 66.8 20.1 10.7 93.7 57.2 10.7 DCRS_-_Antônio_Prado/Flores_da_Cunha_(292_m) -999.9 -999.9 988.2 980.9 980.9 12.9 9.3 712.0 Rio_Grande_do_Sul DCRS -999.9 0.0 0.0 nan nan nan 0 nan nan nan nan nan
-28.939899 -51.188499 DCRS-00087 2026-09-14_15:39 19.8 -999.9 -999.9 60.7 -999.9 -999.9 11.9 -999.9 -999.9 980.9 -999.9 -999.9 2.7 -999.9 4.6 174.0 0.0 0.0 0.0 0.0 57.4 66.8 20.1 10.7 93.7 57.2 10.7 DCRS_-_Antônio_Prado/Flores_da_Cunha_(292_m) -999.9 -999.9 988.2 980.9 980.9 12.9 9.3 712.0 Rio_Grande_do_Sul DCRS -999.9 0.0 0.0 nan nan nan 0 nan nan nan nan nan
-28.939899 -51.188499 DCRS-00087 2026-09-14_15:40 19.8 -999.9 -999.9 61.1 -999.9 -999.9 12.0 -999.9 -999.9 980.9 -999.9 -999.9 4.8 -999.9 5.9 362.0 0.0 0.0 0.0 0.0 57.4 66.8 20.1 10.7 93.7 57.2 10.7 DCRS_-_Antônio_Prado/Flores_da_Cunha_(292_m) -999.9 -999.9 988.2 980.9 980.9 12.9 9.3 712.0 Rio_Grande_do_Sul DCRS -999.9 0.0 0.0 nan nan nan 0 nan nan nan nan nan
-28.939899 -51.188499 DCRS-00087 2026-09-14_15:41 19.8 -999.9 -999.9 61.2 -999.9 -999.9 12.1 -999.9 -999.9 980.9 -999.9 -999.9 2.8 -999.9 5.9 168.0 0.0 0.0 0.0 0.0 57.4 66.8 20.1 10.7 93.7 57.2 10.7 DCRS_-_Antônio_Prado/Flores_da_Cunha_(292_m) -999.9 -999.9 988.2 980.9 980.9 12.9 9.3 712.0 Rio_Grande_do_Sul DCRS -999.9 0.0 0.0 nan nan nan 0 nan nan nan nan nan
-28.939899 -51.188499 DCRS-00087 2026-09-14_15:42 19.9 -999.9 -999.9 60.1 -999.9 -999.9 11.9 -999.9 -999.9 980.9 -999.9 -999.9 3.8 -999.9 5.9 151.0 0.0 0.0 0.0 0.0 57.4 66.8 20.1 10.7 93.7 57.2 10.7 DCRS_-_Antônio_Prado/Flores_da_Cunha_(292_m) -999.9 -999.9 988.2 980.9 980.9 12.9 9.3 712.0 Rio_Grande_do_Sul DCRS -999.9 0.0 0.0 nan nan nan 0 nan nan nan nan nan
-28.939899 -51.188499 DCRS-00087 2026-09-14_15:43 19.9 -999.9 -999.9 59.5 -999.9 -999.9 11.7 -999.9 -999.9 980.9 -999.9 -999.9 3.1 -999.9 5.9 130.0 0.0 0.0 0.0 0.0 57.4 66.8 20.1 10.7 93.7 57.2 10.7 DCRS_-_Antônio_Prado/Flores_da_Cunha_(292_m) -999.9 -999.9 988.2 980.9 980.9 12.9 9.3 712.0 Rio_Grande_do_Sul DCRS -999.9 0.0 0.0 nan nan nan 0 nan nan nan nan nan
-28.939899 -51.188499 DCRS-00087 2026-09-14_15:44 19.9 -999.9 -999.9 59.3 -999.9 -999.9 11.7 -999.9 -999.9 980.9 -999.9 -999.9 3.3 -999.9 5.9 121.0 0.0 0.0 0.0 0.0 57.4 66.8 20.1 10.7 93.7 57.2 10.7 DCRS_-_Antônio_Prado/Flores_da_Cunha_(292_m) -999.9 -999.9 988.2 980.9 980.9 12.9 9.3 712.0 Rio_Grande_do_Sul DCRS -999.9 0.0 0.0 nan nan nan 0 nan nan nan nan nan
-28.939899 -51.188499 DCRS-00087 2026-09-14_15:45 19.9 -999.9 -999.9 60.2 -999.9 -999.9 11.9 -999.9 -999.9 980.9 -999.9 -999.9 3.0 -999.9 5.4 116.0 0.0 0.0 0.0 0.0 57.4 66.8 20.1 10.7 93.7 57.2 10.7 DCRS_-_Antônio_Prado/Flores_da_Cunha_(292_m) -999.9 -999.9 988.2 980.9 980.9 12.9 9.3 712.0 Rio_Grande_do_Sul DCRS -999.9 0.0 0.0 nan nan nan 0 nan nan nan nan nan
-28.939899 -51.188499 DCRS-00087 2026-09-14_15:46 19.8 -999.9 -999.9 59.3 -999.9 -999.9 11.6 -999.9 -999.9 980.9 -999.9 -999.9 3.0 -999.9 5.4 112.0 0.0 0.0 0.0 0.0 57.4 66.8 20.1 10.7 93.7 57.2 10.7 DCRS_-_Antônio_Prado/Flores_da_Cunha_(292_m) -999.9 -999.9 988.2 980.9 980.9 12.9 9.3 712.0 Rio_Grande_do_Sul DCRS -999.9 0.0 0.0 nan nan nan 0 nan nan nan nan nan
-28.939899 -51.188499 DCRS-00087 2026-09-14_15:47 19.8 -999.9 -999.9 60.8 -999.9 -999.9 12.0 -999.9 -999.9 980.9 -999.9 -999.9 2.7 -999.9 5.4 112.0 0.0 0.0 0.0 0.0 57.4 66.8 20.1 10.7 93.7 57.2 10.7 DCRS_-_Antônio_Prado/Flores_da_Cunha_(292_m) -999.9 -999.9 988.2 980.9 980.9 12.9 9.3 712.0 Rio_Grande_do_Sul DCRS -999.9 0.0 0.0 nan nan nan 0 nan nan nan nan nan
-28.939899 -51.188499 DCRS-00087 2026-09-14_15:48 19.8 -999.9 -999.9 61.0 -999.9 -999.9 12.0 -999.9 -999.9 980.9 -999.9 -999.9 0.0 -999.9 5.4 112.0 0.0 0.0 0.0 0.0 57.4 66.8 20.1 10.7 93.7 57.2 10.7 DCRS_-_Antônio_Prado/Flores_da_Cunha_(292_m) -999.9 -999.9 988.2 980.9 980.9 12.9 9.3 712.0 Rio_Grande_do_Sul DCRS -999.9 0.0 0.0 nan nan nan 0 nan nan nan nan nan
-28.939899 -51.188499 DCRS-00087 2026-09-14_15:49 19.8 -999.9 -999.9 61.0 -999.9 -999.9 12.0 -999.9 -999.9 980.9 -999.9 -999.9 2.2 -999.9 5.4 112.0 0.0 0.0 0.0 0.0 57.4 66.8 20.1 10.7 93.7 57.2 10.7 DCRS_-_Antônio_Prado/Flores_da_Cunha_(292_m) -999.9 -999.9 988.2 980.9 980.9 12.9 9.3 712.0 Rio_Grande_do_Sul DCRS -999.9 0.0 0.0 nan nan nan 0 nan nan nan nan nan
-28.939899 -51.188499 DCRS-00087 2026-09-14_15:50 19.8 -999.9 -999.9 62.6 -999.9 -999.9 12.4 -999.9 -999.9 980.9 -999.9 -999.9 0.0 -999.9 4.3 114.0 0.0 0.0 0.0 0.0 57.4 66.8 20.1 10.7 93.7 57.2 10.7 DCRS_-_Antônio_Prado/Flores_da_Cunha_(292_m) -999.9 -999.9 988.2 980.9 980.9 12.9 9.3 712.0 Rio_Grande_do_Sul DCRS -999.9 0.0 0.0 nan nan nan 0 nan nan nan nan nan
-28.939899 -51.188499 DCRS-00087 2026-09-14_15:51 19.8 -999.9 -999.9 60.6 -999.9 -999.9 11.9 -999.9 -999.9 980.9 -999.9 -999.9 0.0 -999.9 4.3 117.0 0.0 0.0 0.0 0.0 57.4 66.8 20.1 10.7 93.7 57.2 10.7 DCRS_-_Antônio_Prado/Flores_da_Cunha_(292_m) -999.9 -999.9 988.2 980.9 980.9 12.9 9.3 712.0 Rio_Grande_do_Sul DCRS -999.9 0.0 0.0 nan nan nan 0 nan nan nan nan nan
-28.939899 -51.188499 DCRS-00087 2026-09-14_15:52 19.8 -999.9 -999.9 62.5 -999.9 -999.9 12.4 -999.9 -999.9 980.9 -999.9 -999.9 2.9 -999.9 4.3 119.0 0.0 0.0 0.0 0.0 57.4 66.8 20.1 10.7 93.7 57.2 10.7 DCRS_-_Antônio_Prado/Flores_da_Cunha_(292_m) -999.9 -999.9 988.2 980.9 980.9 12.9 9.3 712.0 Rio_Grande_do_Sul DCRS -999.9 0.0 0.0 nan nan nan 0 nan nan nan nan nan
-28.939899 -51.188499 DCRS-00087 2026-09-14_15:53 19.8 -999.9 -999.9 59.8 -999.9 -999.9 11.7 -999.9 -999.9 980.9 -999.9 -999.9 0.0 -999.9 4.3 118.0 0.0 0.0 0.0 0.0 57.4 66.8 20.1 10.7 93.7 57.2 10.7 DCRS_-_Antônio_Prado/Flores_da_Cunha_(292_m) -999.9 -999.9 988.2 980.9 980.9 12.9 9.3 712.0 Rio_Grande_do_Sul DCRS -999.9 0.0 0.0 nan nan nan 0 nan nan nan nan nan
-28.939899 -51.188499 DCRS-00087 2026-09-14_15:54 19.7 -999.9 -999.9 60.4 -999.9 -999.9 11.8 -999.9 -999.9 980.9 -999.9 -999.9 2.7 -999.9 4.3 116.0 0.0 0.0 0.0 0.0 57.4 66.8 20.1 10.7 93.7 57.2 10.7 DCRS_-_Antônio_Prado/Flores_da_Cunha_(292_m) -999.9 -999.9 988.2 980.9 980.9 12.9 9.3 712.0 Rio_Grande_do_Sul DCRS -999.9 0.0 0.0 nan nan nan 0 nan nan nan nan nan
-28.939899 -51.188499 DCRS-00087 2026-09-14_15:55 19.7 -999.9 -999.9 60.1 -999.9 -999.9 11.7 -999.9 -999.9 980.9 -999.9 -999.9 0.0 -999.9 4.2 113.0 0.0 0.0 0.0 0.0 57.4 66.8 20.1 10.7 93.7 57.2 10.7 DCRS_-_Antônio_Prado/Flores_da_Cunha_(292_m) -999.9 -999.9 988.2 980.9 980.9 12.9 9.3 712.0 Rio_Grande_do_Sul DCRS -999.9 0.0 0.0 nan nan nan 0 nan nan nan nan nan
-28.939899 -51.188499 DCRS-00087 2026-09-14_15:56 19.7 -999.9 -999.9 60.1 -999.9 -999.9 11.7 -999.9 -999.9 980.9 -999.9 -999.9 0.0 -999.9 4.2 112.0 0.0 0.0 0.0 0.0 57.4 66.8 20.1 10.7 93.7 57.2 10.7 DCRS_-_Antônio_Prado/Flores_da_Cunha_(292_m) -999.9 -999.9 988.2 980.9 980.9 12.9 9.3 712.0 Rio_Grande_do_Sul DCRS -999.9 0.0 0.0 nan nan nan 0 nan nan nan nan nan
-28.939899 -51.188499 DCRS-00087 2026-09-14_15:57 19.7 -999.9 -999.9 59.9 -999.9 -999.9 11.6 -999.9 -999.9 980.9 -999.9 -999.9 0.0 -999.9 4.2 113.0 0.0 0.0 0.0 0.0 57.4 66.8 20.1 10.7 93.7 57.2 10.7 DCRS_-_Antônio_Prado/Flores_da_Cunha_(292_m) -999.9 -999.9 988.2 980.9 980.9 12.9 9.3 712.0 Rio_Grande_do_Sul DCRS -999.9 0.0 0.0 nan nan nan 0 nan nan nan nan nan
-28.939899 -51.188499 DCRS-00087 2026-09-14_15:58 19.7 -999.9 -999.9 60.6 -999.9 -999.9 11.8 -999.9 -999.9 980.9 -999.9 -999.9 0.0 -999.9 4.2 117.0 0.0 0.0 0.0 0.0 57.4 66.8 20.1 10.7 93.7 57.2 10.7 DCRS_-_Antônio_Prado/Flores_da_Cunha_(292_m) -999.9 -999.9 988.2 980.9 980.9 12.9 9.3 712.0 Rio_Grande_do_Sul DCRS -999.9 0.0 0.0 nan nan nan 0 nan nan nan nan nan
-28.939899 -51.188499 DCRS-00087 2026-09-14_15:59 19.8 -999.9 -999.9 60.8 -999.9 -999.9 12.0 -999.9 -999.9 980.9 -999.9 -999.9 0.0 -999.9 4.2 209.0 0.0 0.0 0.0 0.0 57.4 66.8 20.1 10.7 93.7 57.2 10.7 DCRS_-_Antônio_Prado/Flores_da_Cunha_(292_m) -999.9 -999.9 988.2 980.9 980.9 12.9 9.3 712.0 Rio_Grande_do_Sul DCRS -999.9 0.0 0.0 nan nan nan 0 nan nan nan nan nan
-28.939899 -51.188499 DCRS-00087 2026-09-14_16:00 19.8 -999.9 -999.9 59.8 -999.9 -999.9 11.7 -999.9 -999.9 980.9 -999.9 -999.9 0.0 -999.9 2.9 173.0 0.0 0.0 0.0 0.0 57.4 66.8 20.1 10.7 93.7 57.2 10.7 DCRS_-_Antônio_Prado/Flores_da_Cunha_(292_m) -999.9 -999.9 988.2 980.9 980.9 12.9 9.3 712.0 Rio_Grande_do_Sul DCRS -999.9 0.0 0.0 nan nan nan 0 nan nan nan nan nan
-28.939899 -51.188499 DCRS-00087 2026-09-14_16:01 19.9 -999.9 -999.9 60.0 -999.9 -999.9 11.9 -999.9 -999.9 980.9 -999.9 -999.9 0.0 -999.9 2.9 130.0 0.0 0.0 0.0 0.0 57.4 66.8 20.1 10.7 93.7 57.2 10.7 DCRS_-_Antônio_Prado/Flores_da_Cunha_(292_m) -999.9 -999.9 988.2 980.9 980.9 12.9 9.3 712.0 Rio_Grande_do_Sul DCRS -999.9 0.0 0.0 nan nan nan 0 nan nan nan nan nan
-28.939899 -51.188499 DCRS-00087 2026-09-14_16:02 20.0 -999.9 -999.9 59.9 -999.9 -999.9 11.9 -999.9 -999.9 980.8 -999.9 -999.9 0.0 -999.9 2.9 130.0 0.0 0.0 0.0 0.0 57.4 66.8 20.1 10.7 93.7 57.2 10.7 DCRS_-_Antônio_Prado/Flores_da_Cunha_(292_m) -999.9 -999.9 988.2 980.8 980.8 12.9 9.3 712.0 Rio_Grande_do_Sul DCRS -999.9 0.0 0.0 nan nan nan 0 nan nan nan nan nan
-28.939899 -51.188499 DCRS-00087 2026-09-14_16:03 20.1 -999.9 -999.9 60.7 -999.9 -999.9 12.2 -999.9 -999.9 980.8 -999.9 -999.9 1.9 -999.9 2.9 133.0 0.0 0.0 0.0 0.0 57.4 66.8 20.1 10.7 93.7 57.2 10.7 DCRS_-_Antônio_Prado/Flores_da_Cunha_(292_m) -999.9 -999.9 988.2 980.8 980.8 12.9 9.3 712.0 Rio_Grande_do_Sul DCRS -999.9 0.0 0.0 nan nan nan 0 nan nan nan nan nan
-28.939899 -51.188499 DCRS-00087 2026-09-14_16:04 20.1 -999.9 -999.9 61.0 -999.9 -999.9 12.3 -999.9 -999.9 980.8 -999.9 -999.9 0.0 -999.9 2.9 134.0 0.0 0.0 0.0 0.0 57.4 66.8 20.1 10.7 93.7 57.2 10.7 DCRS_-_Antônio_Prado/Flores_da_Cunha_(292_m) -999.9 -999.9 988.2 980.8 980.8 12.9 9.3 712.0 Rio_Grande_do_Sul DCRS -999.9 0.0 0.0 nan nan nan 0 nan nan nan nan nan
-28.939899 -51.188499 DCRS-00087 2026-09-14_16:05 20.1 -999.9 -999.9 60.4 -999.9 -999.9 12.2 -999.9 -999.9 980.8 -999.9 -999.9 -999.9 -999.9 3.8 140.0 0.0 0.0 0.0 0.0 57.4 66.8 20.1 10.7 93.7 57.2 10.7 DCRS_-_Antônio_Prado/Flores_da_Cunha_(292_m) -999.9 -999.9 988.2 980.8 980.8 12.9 9.3 712.0 Rio_Grande_do_Sul DCRS -999.9 0.0 0.0 nan nan nan 0 nan nan nan nan nan
-28.939899 -51.188499 DCRS-00087 2026-09-14_16:06 20.1 -999.9 -999.9 60.5 -999.9 -999.9 12.2 -999.9 -999.9 980.8 -999.9 -999.9 1.9 -999.9 3.8 328.0 0.0 0.0 0.0 0.0 57.4 66.8 20.1 10.7 93.7 57.2 10.7 DCRS_-_Antônio_Prado/Flores_da_Cunha_(292_m) -999.9 -999.9 988.2 980.8 980.8 12.9 9.3 712.0 Rio_Grande_do_Sul DCRS -999.9 0.0 0.0 nan nan nan 0 nan nan nan nan nan
-28.939899 -51.188499 DCRS-00087 2026-09-14_16:07 20.1 -999.9 -999.9 59.0 -999.9 -999.9 11.8 -999.9 -999.9 980.8 -999.9 -999.9 2.6 -999.9 3.8 320.0 0.0 0.0 0.0 0.0 57.4 66.8 20.1 10.7 93.7 57.2 10.7 DCRS_-_Antônio_Prado/Flores_da_Cunha_(292_m) -999.9 -999.9 988.2 980.8 980.8 12.9 9.3 712.0 Rio_Grande_do_Sul DCRS -999.9 0.0 0.0 nan nan nan 0 nan nan nan nan nan
-28.939899 -51.188499 DCRS-00087 2026-09-14_16:08 20.1 -999.9 -999.9 60.0 -999.9 -999.9 12.1 -999.9 -999.9 980.8 -999.9 -999.9 0.0 -999.9 3.8 312.0 0.0 0.0 0.0 0.0 57.4 66.8 20.1 10.7 93.7 57.2 10.7 DCRS_-_Antônio_Prado/Flores_da_Cunha_(292_m) -999.9 -999.9 988.2 980.8 980.8 12.9 9.3 712.0 Rio_Grande_do_Sul DCRS -999.9 0.0 0.0 nan nan nan 0 nan nan nan nan nan
-28.939899 -51.188499 DCRS-00087 2026-09-14_16:09 20.3 -999.9 -999.9 59.2 -999.9 -999.9 12.0 -999.9 -999.9 980.8 -999.9 -999.9 2.7 -999.9 3.8 307.0 0.0 0.0 0.0 0.0 57.4 66.8 20.3 10.7 93.7 57.2 10.7 DCRS_-_Antônio_Prado/Flores_da_Cunha_(292_m) -999.9 -999.9 988.2 980.8 980.8 12.9 9.3 712.0 Rio_Grande_do_Sul DCRS -999.9 0.0 0.0 nan nan nan 0 nan nan nan nan nan
-28.939899 -51.188499 DCRS-00087 2026-09-14_16:10 20.3 -999.9 -999.9 59.2 -999.9 -999.9 12.0 -999.9 -999.9 980.8 -999.9 -999.9 2.6 -999.9 5.5 304.0 0.0 0.0 0.0 0.0 57.4 66.8 20.3 10.7 93.7 57.2 10.7 DCRS_-_Antônio_Prado/Flores_da_Cunha_(292_m) -999.9 -999.9 988.2 980.8 980.8 12.9 9.3 712.0 Rio_Grande_do_Sul DCRS -999.9 0.0 0.0 nan nan nan 0 nan nan nan nan nan
-28.939899 -51.188499 DCRS-00087 2026-09-14_16:11 20.4 -999.9 -999.9 59.4 -999.9 -999.9 12.2 -999.9 -999.9 980.8 -999.9 -999.9 2.4 -999.9 5.5 290.0 0.0 0.0 0.0 0.0 57.4 66.8 20.4 10.7 93.7 57.2 10.7 DCRS_-_Antônio_Prado/Flores_da_Cunha_(292_m) -999.9 -999.9 988.2 980.8 980.8 12.9 9.3 712.0 Rio_Grande_do_Sul DCRS -999.9 0.0 0.0 nan nan nan 0 nan nan nan nan nan
-28.939899 -51.188499 DCRS-00087 2026-09-14_16:12 20.6 -999.9 -999.9 59.1 -999.9 -999.9 12.3 -999.9 -999.9 980.8 -999.9 -999.9 0.0 -999.9 5.5 155.0 0.0 0.0 0.0 0.0 57.4 66.8 20.6 10.7 93.7 57.2 10.7 DCRS_-_Antônio_Prado/Flores_da_Cunha_(292_m) -999.9 -999.9 988.2 980.8 980.8 12.9 9.3 712.0 Rio_Grande_do_Sul DCRS -999.9 0.0 0.0 nan nan nan 0 nan nan nan nan nan
-28.939899 -51.188499 DCRS-00087 2026-09-14_16:13 20.6 -999.9 -999.9 58.6 -999.9 -999.9 12.2 -999.9 -999.9 980.8 -999.9 -999.9 2.2 -999.9 5.5 134.0 0.0 0.0 0.0 0.0 57.4 66.8 20.6 10.7 93.7 57.2 10.7 DCRS_-_Antônio_Prado/Flores_da_Cunha_(292_m) -999.9 -999.9 988.2 980.8 980.8 12.9 9.3 712.0 Rio_Grande_do_Sul DCRS -999.9 0.0 0.0 nan nan nan 0 nan nan nan nan nan
-28.939899 -51.188499 DCRS-00087 2026-09-14_16:14 20.6 -999.9 -999.9 57.9 -999.9 -999.9 12.0 -999.9 -999.9 980.8 -999.9 -999.9 4.6 -999.9 5.5 213.0 0.0 0.0 0.0 0.0 57.4 66.8 20.6 10.7 93.7 57.2 10.7 DCRS_-_Antônio_Prado/Flores_da_Cunha_(292_m) -999.9 -999.9 988.2 980.8 980.8 12.9 9.3 712.0 Rio_Grande_do_Sul DCRS -999.9 0.0 0.0 nan nan nan 0 nan nan nan nan nan
-28.939899 -51.188499 DCRS-00087 2026-09-14_16:15 20.6 -999.9 -999.9 57.7 -999.9 -999.9 11.9 -999.9 -999.9 980.8 -999.9 -999.9 2.7 -999.9 4.7 190.0 0.0 0.0 0.0 0.0 57.4 66.8 20.6 10.7 93.7 57.2 10.7 DCRS_-_Antônio_Prado/Flores_da_Cunha_(292_m) -999.9 -999.9 988.2 980.8 980.8 12.9 9.3 712.0 Rio_Grande_do_Sul DCRS -999.9 0.0 0.0 nan nan nan 0 nan nan nan nan nan
-28.939899 -51.188499 DCRS-00087 2026-09-14_16:16 20.6 -999.9 -999.9 57.9 -999.9 -999.9 12.0 -999.9 -999.9 980.8 -999.9 -999.9 0.0 -999.9 4.7 87.0 0.0 0.0 0.0 0.0 57.4 66.8 20.6 10.7 93.7 57.2 10.7 DCRS_-_Antônio_Prado/Flores_da_Cunha_(292_m) -999.9 -999.9 988.2 980.8 980.8 12.9 9.3 712.0 Rio_Grande_do_Sul DCRS -999.9 0.0 0.0 nan nan nan 0 nan nan nan nan nan
-28.939899 -51.188499 DCRS-00087 2026-09-14_16:17 20.6 -999.9 -999.9 57.0 -999.9 -999.9 11.7 -999.9 -999.9 980.8 -999.9 -999.9 2.9 -999.9 4.7 78.0 0.0 0.0 0.0 0.0 57.4 66.8 20.6 10.7 93.7 57.0 10.7 DCRS_-_Antônio_Prado/Flores_da_Cunha_(292_m) -999.9 -999.9 988.2 980.8 980.8 12.9 9.3 712.0 Rio_Grande_do_Sul DCRS -999.9 0.0 0.0 nan nan nan 0 nan nan nan nan nan
-28.939899 -51.188499 DCRS-00087 2026-09-14_16:18 20.6 -999.9 -999.9 57.3 -999.9 -999.9 11.8 -999.9 -999.9 980.8 -999.9 -999.9 3.1 -999.9 4.7 80.0 0.0 0.0 0.0 0.0 57.4 66.8 20.6 10.7 93.7 57.0 10.7 DCRS_-_Antônio_Prado/Flores_da_Cunha_(292_m) -999.9 -999.9 988.2 980.8 980.8 12.9 9.3 712.0 Rio_Grande_do_Sul DCRS -999.9 0.0 0.0 nan nan nan 0 nan nan nan nan nan
-28.939899 -51.188499 DCRS-00087 2026-09-14_16:19 20.5 -999.9 -999.9 56.7 -999.9 -999.9 11.6 -999.9 -999.9 980.7 -999.9 -999.9 3.9 -999.9 4.7 86.0 0.0 0.0 0.0 0.0 57.4 66.8 20.6 10.7 93.7 56.7 10.7 DCRS_-_Antônio_Prado/Flores_da_Cunha_(292_m) -999.9 -999.9 988.2 980.7 980.7 12.9 9.3 712.0 Rio_Grande_do_Sul DCRS -999.9 0.0 0.0 nan nan nan 0 nan nan nan nan nan
-28.939899 -51.188499 DCRS-00087 2026-09-14_16:20 20.4 -999.9 -999.9 57.1 -999.9 -999.9 11.6 -999.9 -999.9 980.8 -999.9 -999.9 2.0 -999.9 5.4 90.0 0.0 0.0 0.0 0.0 57.4 66.8 20.6 10.7 93.7 56.7 10.7 DCRS_-_Antônio_Prado/Flores_da_Cunha_(292_m) -999.9 -999.9 988.2 980.7 980.8 12.9 9.3 712.0 Rio_Grande_do_Sul DCRS -999.9 0.0 0.0 nan nan nan 0 nan nan nan nan nan
-28.939899 -51.188499 DCRS-00087 2026-09-14_16:21 20.4 -999.9 -999.9 57.6 -999.9 -999.9 11.7 -999.9 -999.9 980.8 -999.9 -999.9 2.4 -999.9 5.4 94.0 0.0 0.0 0.0 0.0 57.4 66.8 20.6 10.7 93.7 56.7 10.7 DCRS_-_Antônio_Prado/Flores_da_Cunha_(292_m) -999.9 -999.9 988.2 980.7 980.8 12.9 9.3 712.0 Rio_Grande_do_Sul DCRS -999.9 0.0 0.0 nan nan nan 0 nan nan nan nan nan
-28.939899 -51.188499 DCRS-00087 2026-09-14_16:22 20.3 -999.9 -999.9 57.0 -999.9 -999.9 11.5 -999.9 -999.9 980.8 -999.9 -999.9 0.0 -999.9 5.4 97.0 0.0 0.0 0.0 0.0 57.4 66.8 20.6 10.7 93.7 56.7 10.7 DCRS_-_Antônio_Prado/Flores_da_Cunha_(292_m) -999.9 -999.9 988.2 980.7 980.8 12.9 9.3 712.0 Rio_Grande_do_Sul DCRS -999.9 0.0 0.0 nan nan nan 0 nan nan nan nan nan
-28.939899 -51.188499 DCRS-00087 2026-09-14_16:23 20.3 -999.9 -999.9 59.1 -999.9 -999.9 12.0 -999.9 -999.9 980.8 -999.9 -999.9 0.0 -999.9 5.4 99.0 0.0 0.0 0.0 0.0 57.4 66.8 20.6 10.7 93.7 56.7 10.7 DCRS_-_Antônio_Prado/Flores_da_Cunha_(292_m) -999.9 -999.9 988.2 980.7 980.8 12.9 9.3 712.0 Rio_Grande_do_Sul DCRS -999.9 0.0 0.0 nan nan nan 0 nan nan nan nan nan
-28.939899 -51.188499 DCRS-00087 2026-09-14_16:24 20.3 -999.9 -999.9 61.8 -999.9 -999.9 12.7 -999.9 -999.9 980.8 -999.9 -999.9 2.6 -999.9 5.4 103.0 0.0 0.0 0.0 0.0 57.4 66.8 20.6 10.7 93.7 56.7 10.7 DCRS_-_Antônio_Prado/Flores_da_Cunha_(292_m) -999.9 -999.9 988.2 980.7 980.8 12.9 9.3 712.0 Rio_Grande_do_Sul DCRS -999.9 0.0 0.0 nan nan nan 0 nan nan nan nan nan
-28.939899 -51.188499 DCRS-00087 2026-09-14_16:25 20.1 -999.9 -999.9 64.4 -999.9 -999.9 13.1 -999.9 -999.9 980.8 -999.9 -999.9 2.7 -999.9 3.8 105.0 0.0 0.0 0.0 0.0 57.4 66.8 20.6 10.7 93.7 56.7 10.7 DCRS_-_Antônio_Prado/Flores_da_Cunha_(292_m) -999.9 -999.9 988.2 980.7 980.8 13.1 9.3 712.0 Rio_Grande_do_Sul DCRS -999.9 0.0 0.0 nan nan nan 0 nan nan nan nan nan
-28.939899 -51.188499 DCRS-00087 2026-09-14_16:26 20.0 -999.9 -999.9 64.2 -999.9 -999.9 13.0 -999.9 -999.9 980.8 -999.9 -999.9 -999.9 -999.9 3.8 110.0 0.0 0.0 0.0 0.0 57.4 66.8 20.6 10.7 93.7 56.7 10.7 DCRS_-_Antônio_Prado/Flores_da_Cunha_(292_m) -999.9 -999.9 988.2 980.7 980.8 13.1 9.3 712.0 Rio_Grande_do_Sul DCRS -999.9 0.0 0.0 nan nan nan 0 nan nan nan nan nan
-28.939899 -51.188499 DCRS-00087 2026-09-14_16:27 20.0 -999.9 -999.9 62.7 -999.9 -999.9 12.6 -999.9 -999.9 980.8 -999.9 -999.9 -999.9 -999.9 3.8 107.0 0.0 0.0 0.0 0.0 57.4 66.8 20.6 10.7 93.7 56.7 10.7 DCRS_-_Antônio_Prado/Flores_da_Cunha_(292_m) -999.9 -999.9 988.2 980.7 980.8 13.1 9.3 712.0 Rio_Grande_do_Sul DCRS -999.9 0.0 0.0 nan nan nan 0 nan nan nan nan nan
-28.939899 -51.188499 DCRS-00087 2026-09-14_16:28 19.8 -999.9 -999.9 66.0 -999.9 -999.9 13.2 -999.9 -999.9 980.8 -999.9 -999.9 -999.9 -999.9 3.8 100.0 0.0 0.0 0.0 0.0 57.4 66.8 20.6 10.7 93.7 56.7 10.7 DCRS_-_Antônio_Prado/Flores_da_Cunha_(292_m) -999.9 -999.9 988.2 980.7 980.8 13.2 9.3 712.0 Rio_Grande_do_Sul DCRS -999.9 0.0 0.0 nan nan nan 0 nan nan nan nan nan
-28.939899 -51.188499 DCRS-00087 2026-09-14_16:29 19.6 -999.9 -999.9 64.5 -999.9 -999.9 12.7 -999.9 -999.9 980.8 -999.9 -999.9 -999.9 -999.9 3.8 99.0 0.0 0.0 0.0 0.0 57.4 66.8 20.6 10.7 93.7 56.7 10.7 DCRS_-_Antônio_Prado/Flores_da_Cunha_(292_m) -999.9 -999.9 988.2 980.7 980.8 13.2 9.3 712.0 Rio_Grande_do_Sul DCRS -999.9 0.0 0.0 nan nan nan 0 nan nan nan nan nan
-28.939899 -51.188499 DCRS-00087 2026-09-14_16:30 19.5 -999.9 -999.9 64.9 -999.9 -999.9 12.7 -999.9 -999.9 980.8 -999.9 -999.9 4.5 -999.9 7.0 96.0 0.0 0.0 0.0 0.0 57.4 66.8 20.6 10.7 93.7 56.7 10.7 DCRS_-_Antônio_Prado/Flores_da_Cunha_(292_m) -999.9 -999.9 988.2 980.7 980.8 13.2 9.3 712.0 Rio_Grande_do_Sul DCRS -999.9 0.0 0.0 nan nan nan 0 nan nan nan nan nan
-28.939899 -51.188499 DCRS-00087 2026-09-14_16:31 19.4 -999.9 -999.9 65.3 -999.9 -999.9 12.7 -999.9 -999.9 980.8 -999.9 -999.9 3.4 -999.9 7.0 93.0 0.0 0.0 0.0 0.0 57.4 66.8 20.6 10.7 93.7 56.7 10.7 DCRS_-_Antônio_Prado/Flores_da_Cunha_(292_m) -999.9 -999.9 988.2 980.7 980.8 13.2 9.3 712.0 Rio_Grande_do_Sul DCRS -999.9 0.0 0.0 nan nan nan 0 nan nan nan nan nan
-28.939899 -51.188499 DCRS-00087 2026-09-14_16:32 19.3 -999.9 -999.9 68.0 -999.9 -999.9 13.2 -999.9 -999.9 980.8 -999.9 -999.9 2.0 -999.9 7.0 90.0 0.0 0.0 0.0 0.0 57.4 66.8 20.6 10.7 93.7 56.7 10.7 DCRS_-_Antônio_Prado/Flores_da_Cunha_(292_m) -999.9 -999.9 988.2 980.7 980.8 13.2 9.3 712.0 Rio_Grande_do_Sul DCRS -999.9 0.0 0.0 nan nan nan 0 nan nan nan nan nan
-28.939899 -51.188499 DCRS-00087 2026-09-14_16:33 19.2 -999.9 -999.9 68.8 -999.9 -999.9 13.3 -999.9 -999.9 980.8 -999.9 -999.9 0.0 -999.9 7.0 86.0 0.0 0.0 0.0 0.0 57.4 66.8 20.6 10.7 93.7 56.7 10.7 DCRS_-_Antônio_Prado/Flores_da_Cunha_(292_m) -999.9 -999.9 988.2 980.7 980.8 13.3 9.3 712.0 Rio_Grande_do_Sul DCRS -999.9 0.0 0.0 nan nan nan 0 nan nan nan nan nan
-28.939899 -51.188499 DCRS-00087 2026-09-14_16:34 19.2 -999.9 -999.9 67.4 -999.9 -999.9 13.0 -999.9 -999.9 980.8 -999.9 -999.9 0.0 -999.9 7.0 84.0 0.0 0.0 0.0 0.0 57.4 66.8 20.6 10.7 93.7 56.7 10.7 DCRS_-_Antônio_Prado/Flores_da_Cunha_(292_m) -999.9 -999.9 988.2 980.7 980.8 13.3 9.3 712.0 Rio_Grande_do_Sul DCRS -999.9 0.0 0.0 nan nan nan 0 nan nan nan nan nan
-28.939899 -51.188499 DCRS-00087 2026-09-14_16:35 19.2 -999.9 -999.9 69.4 -999.9 -999.9 13.4 -999.9 -999.9 980.8 -999.9 -999.9 0.0 -999.9 5.7 83.0 0.0 0.0 0.0 0.0 57.4 66.8 20.6 10.7 93.7 56.7 10.7 DCRS_-_Antônio_Prado/Flores_da_Cunha_(292_m) -999.9 -999.9 988.2 980.7 980.8 13.4 9.3 712.0 Rio_Grande_do_Sul DCRS -999.9 0.0 0.0 nan nan nan 0 nan nan nan nan nan
-28.939899 -51.188499 DCRS-00087 2026-09-14_16:36 19.2 -999.9 -999.9 71.1 -999.9 -999.9 13.8 -999.9 -999.9 980.8 -999.9 -999.9 0.0 -999.9 5.7 82.0 0.0 0.0 0.0 0.0 57.4 66.8 20.6 10.7 93.7 56.7 10.7 DCRS_-_Antônio_Prado/Flores_da_Cunha_(292_m) -999.9 -999.9 988.2 980.7 980.8 13.8 9.3 712.0 Rio_Grande_do_Sul DCRS -999.9 0.0 0.0 nan nan nan 0 nan nan nan nan nan
-28.939899 -51.188499 DCRS-00087 2026-09-14_16:37 19.2 -999.9 -999.9 70.3 -999.9 -999.9 13.6 -999.9 -999.9 980.9 -999.9 -999.9 0.0 -999.9 5.7 79.0 0.0 0.0 0.0 0.0 57.4 66.8 20.6 10.7 93.7 56.7 10.7 DCRS_-_Antônio_Prado/Flores_da_Cunha_(292_m) -999.9 -999.9 988.2 980.7 980.9 13.8 9.3 712.0 Rio_Grande_do_Sul DCRS -999.9 0.0 0.0 nan nan nan 0 nan nan nan nan nan
-28.939899 -51.188499 DCRS-00087 2026-09-14_16:38 19.2 -999.9 -999.9 68.8 -999.9 -999.9 13.3 -999.9 -999.9 980.9 -999.9 -999.9 0.0 -999.9 5.7 74.0 0.0 0.0 0.0 0.0 57.4 66.8 20.6 10.7 93.7 56.7 10.7 DCRS_-_Antônio_Prado/Flores_da_Cunha_(292_m) -999.9 -999.9 988.2 980.7 980.9 13.8 9.3 712.0 Rio_Grande_do_Sul DCRS -999.9 0.0 0.0 nan nan nan 0 nan nan nan nan nan
-28.939899 -51.188499 DCRS-00087 2026-09-14_16:39 19.3 -999.9 -999.9 70.3 -999.9 -999.9 13.7 -999.9 -999.9 980.9 -999.9 -999.9 0.0 -999.9 5.7 71.0 0.0 0.0 0.0 0.0 57.4 66.8 20.6 10.7 93.7 56.7 10.7 DCRS_-_Antônio_Prado/Flores_da_Cunha_(292_m) -999.9 -999.9 988.2 980.7 980.9 13.8 9.3 712.0 Rio_Grande_do_Sul DCRS -999.9 0.0 0.0 nan nan nan 0 nan nan nan nan nan
-28.939899 -51.188499 DCRS-00087 2026-09-14_16:40 19.3 -999.9 -999.9 71.8 -999.9 -999.9 14.1 -999.9 -999.9 980.9 -999.9 -999.9 0.0 -999.9 2.7 69.0 0.0 0.0 0.0 0.0 57.4 66.8 20.6 10.7 93.7 56.7 10.7 DCRS_-_Antônio_Prado/Flores_da_Cunha_(292_m) -999.9 -999.9 988.2 980.7 980.9 14.1 9.3 712.0 Rio_Grande_do_Sul DCRS -999.9 0.0 0.0 nan nan nan 0 nan nan nan nan nan
-28.939899 -51.188499 DCRS-00087 2026-09-14_16:41 19.3 -999.9 -999.9 71.4 -999.9 -999.9 14.0 -999.9 -999.9 980.9 -999.9 -999.9 0.0 -999.9 2.7 68.0 0.0 0.0 0.0 0.0 57.4 66.8 20.6 10.7 93.7 56.7 10.7 DCRS_-_Antônio_Prado/Flores_da_Cunha_(292_m) -999.9 -999.9 988.2 980.7 980.9 14.1 9.3 712.0 Rio_Grande_do_Sul DCRS -999.9 0.0 0.0 nan nan nan 0 nan nan nan nan nan
-28.939899 -51.188499 DCRS-00087 2026-09-14_16:42 19.2 -999.9 -999.9 70.4 -999.9 -999.9 13.7 -999.9 -999.9 980.9 -999.9 -999.9 0.0 -999.9 2.7 68.0 0.0 0.0 0.0 0.0 57.4 66.8 20.6 10.7 93.7 56.7 10.7 DCRS_-_Antônio_Prado/Flores_da_Cunha_(292_m) -999.9 -999.9 988.2 980.7 980.9 14.1 9.3 712.0 Rio_Grande_do_Sul DCRS -999.9 0.0 0.0 nan nan nan 0 nan nan nan nan nan
-28.939899 -51.188499 DCRS-00087 2026-09-14_16:43 19.1 -999.9 -999.9 69.8 -999.9 -999.9 13.4 -999.9 -999.9 981.0 -999.9 -999.9 1.8 -999.9 2.7 69.0 0.0 0.0 0.0 0.0 57.4 66.8 20.6 10.7 93.7 56.7 10.7 DCRS_-_Antônio_Prado/Flores_da_Cunha_(292_m) -999.9 -999.9 988.2 980.7 981.0 14.1 9.3 712.0 Rio_Grande_do_Sul DCRS -999.9 0.0 0.0 nan nan nan 0 nan nan nan nan nan
-28.939899 -51.188499 DCRS-00087 2026-09-14_16:44 19.1 -999.9 -999.9 70.3 -999.9 -999.9 13.5 -999.9 -999.9 981.0 -999.9 -999.9 -999.9 -999.9 2.7 71.0 0.0 0.0 0.0 0.0 57.4 66.8 20.6 10.7 93.7 56.7 10.7 DCRS_-_Antônio_Prado/Flores_da_Cunha_(292_m) -999.9 -999.9 988.2 980.7 981.0 14.1 9.3 712.0 Rio_Grande_do_Sul DCRS -999.9 0.0 0.0 nan nan nan 0 nan nan nan nan nan
-28.939899 -51.188499 DCRS-00087 2026-09-14_16:45 18.9 -999.9 -999.9 72.1 -999.9 -999.9 13.7 -999.9 -999.9 981.0 -999.9 -999.9 3.6 -999.9 4.4 72.0 0.0 0.0 0.0 0.0 57.4 66.8 20.6 10.7 93.7 56.7 10.7 DCRS_-_Antônio_Prado/Flores_da_Cunha_(292_m) -999.9 -999.9 988.2 980.7 981.0 14.1 9.3 712.0 Rio_Grande_do_Sul DCRS -999.9 0.0 0.0 nan nan nan 0 nan nan nan nan nan
-28.939899 -51.188499 DCRS-00087 2026-09-14_16:46 18.8 -999.9 -999.9 69.4 -999.9 -999.9 13.0 -999.9 -999.9 981.0 -999.9 -999.9 4.1 -999.9 4.4 73.0 0.0 0.0 0.0 0.0 57.4 66.8 20.6 10.7 93.7 56.7 10.7 DCRS_-_Antônio_Prado/Flores_da_Cunha_(292_m) -999.9 -999.9 988.2 980.7 981.0 14.1 9.3 712.0 Rio_Grande_do_Sul DCRS -999.9 0.0 0.0 nan nan nan 0 nan nan nan nan nan
-28.939899 -51.188499 DCRS-00087 2026-09-14_16:47 18.7 -999.9 -999.9 70.4 -999.9 -999.9 13.2 -999.9 -999.9 981.0 -999.9 -999.9 2.0 -999.9 4.4 74.0 0.0 0.0 0.0 0.0 57.4 66.8 20.6 10.7 93.7 56.7 10.7 DCRS_-_Antônio_Prado/Flores_da_Cunha_(292_m) -999.9 -999.9 988.2 980.7 981.0 14.1 9.3 712.0 Rio_Grande_do_Sul DCRS -999.9 0.0 0.0 nan nan nan 0 nan nan nan nan nan
-28.939899 -51.188499 DCRS-00087 2026-09-14_16:48 18.7 -999.9 -999.9 74.0 -999.9 -999.9 13.9 -999.9 -999.9 981.0 -999.9 -999.9 0.0 -999.9 4.4 75.0 0.0 0.0 0.0 0.0 57.4 66.8 20.6 10.7 93.7 56.7 10.7 DCRS_-_Antônio_Prado/Flores_da_Cunha_(292_m) -999.9 -999.9 988.2 980.7 981.0 14.1 9.3 712.0 Rio_Grande_do_Sul DCRS -999.9 0.0 0.0 nan nan nan 0 nan nan nan nan nan
-28.939899 -51.188499 DCRS-00087 2026-09-14_16:49 18.6 -999.9 -999.9 72.4 -999.9 -999.9 13.5 -999.9 -999.9 981.0 -999.9 -999.9 3.5 -999.9 4.4 79.0 0.0 0.0 0.0 0.0 57.4 66.8 20.6 10.7 93.7 56.7 10.7 DCRS_-_Antônio_Prado/Flores_da_Cunha_(292_m) -999.9 -999.9 988.2 980.7 981.0 14.1 9.3 712.0 Rio_Grande_do_Sul DCRS -999.9 0.0 0.0 nan nan nan 0 nan nan nan nan nan
-28.939899 -51.188499 DCRS-00087 2026-09-14_16:50 18.5 -999.9 -999.9 72.5 -999.9 -999.9 13.4 -999.9 -999.9 981.0 -999.9 -999.9 0.0 -999.9 5.1 83.0 0.0 0.0 0.0 0.0 57.4 66.8 20.6 10.7 93.7 56.7 10.7 DCRS_-_Antônio_Prado/Flores_da_Cunha_(292_m) -999.9 -999.9 988.2 980.7 981.0 14.1 9.3 712.0 Rio_Grande_do_Sul DCRS -999.9 0.0 0.0 nan nan nan 0 nan nan nan nan nan
-28.939899 -51.188499 DCRS-00087 2026-09-14_16:51 18.6 -999.9 -999.9 71.4 -999.9 -999.9 13.3 -999.9 -999.9 981.0 -999.9 -999.9 0.0 -999.9 5.1 84.0 0.0 0.0 0.0 0.0 57.4 66.8 20.6 10.7 93.7 56.7 10.7 DCRS_-_Antônio_Prado/Flores_da_Cunha_(292_m) -999.9 -999.9 988.2 980.7 981.0 14.1 9.3 712.0 Rio_Grande_do_Sul DCRS -999.9 0.0 0.0 nan nan nan 0 nan nan nan nan nan
-28.939899 -51.188499 DCRS-00087 2026-09-14_16:52 18.5 -999.9 -999.9 72.1 -999.9 -999.9 13.3 -999.9 -999.9 981.0 -999.9 -999.9 0.0 -999.9 5.1 83.0 0.0 0.0 0.0 0.0 57.4 66.8 20.6 10.7 93.7 56.7 10.7 DCRS_-_Antônio_Prado/Flores_da_Cunha_(292_m) -999.9 -999.9 988.2 980.7 981.0 14.1 9.3 712.0 Rio_Grande_do_Sul DCRS -999.9 0.0 0.0 nan nan nan 0 nan nan nan nan nan
-28.939899 -51.188499 DCRS-00087 2026-09-14_16:53 18.5 -999.9 -999.9 70.1 -999.9 -999.9 12.9 -999.9 -999.9 981.0 -999.9 -999.9 0.0 -999.9 5.1 79.0 0.0 0.0 0.0 0.0 57.4 66.8 20.6 10.7 93.7 56.7 10.7 DCRS_-_Antônio_Prado/Flores_da_Cunha_(292_m) -999.9 -999.9 988.2 980.7 981.0 14.1 9.3 712.0 Rio_Grande_do_Sul DCRS -999.9 0.0 0.0 nan nan nan 0 nan nan nan nan nan
-28.939899 -51.188499 DCRS-00087 2026-09-14_16:54 18.5 -999.9 -999.9 71.7 -999.9 -999.9 13.3 -999.9 -999.9 981.0 -999.9 -999.9 2.3 -999.9 5.1 76.0 0.0 0.0 0.0 0.0 57.4 66.8 20.6 10.7 93.7 56.7 10.7 DCRS_-_Antônio_Prado/Flores_da_Cunha_(292_m) -999.9 -999.9 988.2 980.7 981.0 14.1 9.3 712.0 Rio_Grande_do_Sul DCRS -999.9 0.0 0.0 nan nan nan 0 nan nan nan nan nan
-28.939899 -51.188499 DCRS-00087 2026-09-14_16:55 18.5 -999.9 -999.9 73.5 -999.9 -999.9 13.6 -999.9 -999.9 981.0 -999.9 -999.9 2.1 -999.9 2.5 74.0 0.0 0.0 0.0 0.0 57.4 66.8 20.6 10.7 93.7 56.7 10.7 DCRS_-_Antônio_Prado/Flores_da_Cunha_(292_m) -999.9 -999.9 988.2 980.7 981.0 14.1 9.3 712.0 Rio_Grande_do_Sul DCRS -999.9 0.0 0.0 nan nan nan 0 nan nan nan nan nan
-28.939899 -51.188499 DCRS-00087 2026-09-14_16:56 18.4 -999.9 -999.9 70.7 -999.9 -999.9 12.9 -999.9 -999.9 981.0 -999.9 -999.9 0.0 -999.9 2.5 73.0 0.0 0.0 0.0 0.0 57.4 66.8 20.6 10.7 93.7 56.7 10.7 DCRS_-_Antônio_Prado/Flores_da_Cunha_(292_m) -999.9 -999.9 988.2 980.7 981.0 14.1 9.3 712.0 Rio_Grande_do_Sul DCRS -999.9 0.0 0.0 nan nan nan 0 nan nan nan nan nan
-28.939899 -51.188499 DCRS-00087 2026-09-14_16:57 18.5 -999.9 -999.9 71.4 -999.9 -999.9 13.2 -999.9 -999.9 981.0 -999.9 -999.9 2.2 -999.9 2.5 73.0 0.0 0.0 0.0 0.0 57.4 66.8 20.6 10.7 93.7 56.7 10.7 DCRS_-_Antônio_Prado/Flores_da_Cunha_(292_m) -999.9 -999.9 988.2 980.7 981.0 14.1 9.3 712.0 Rio_Grande_do_Sul DCRS -999.9 0.0 0.0 nan nan nan 0 nan nan nan nan nan
-28.939899 -51.188499 DCRS-00087 2026-09-14_16:58 18.5 -999.9 -999.9 69.3 -999.9 -999.9 12.7 -999.9 -999.9 980.9 -999.9 -999.9 -999.9 -999.9 2.5 71.0 0.0 0.0 0.0 0.0 57.4 66.8 20.6 10.7 93.7 56.7 10.7 DCRS_-_Antônio_Prado/Flores_da_Cunha_(292_m) -999.9 -999.9 988.2 980.7 980.9 14.1 9.3 712.0 Rio_Grande_do_Sul DCRS -999.9 0.0 0.0 nan nan nan 0 nan nan nan nan nan
-28.939899 -51.188499 DCRS-00087 2026-09-14_16:59 18.4 -999.9 -999.9 72.3 -999.9 -999.9 13.3 -999.9 -999.9 980.9 -999.9 -999.9 1.9 -999.9 2.5 69.0 0.0 0.0 0.0 0.0 57.4 66.8 20.6 10.7 93.7 56.7 10.7 DCRS_-_Antônio_Prado/Flores_da_Cunha_(292_m) -999.9 -999.9 988.2 980.7 980.9 14.1 9.3 712.0 Rio_Grande_do_Sul DCRS -999.9 0.0 0.0 nan nan nan 0 nan nan nan nan nan
-28.939899 -51.188499 DCRS-00087 2026-09-14_17:00 18.5 -999.9 -999.9 72.0 -999.9 -999.9 13.3 -999.9 -999.9 980.9 -999.9 -999.9 0.0 -999.9 3.6 67.0 0.0 0.0 0.0 0.0 57.4 66.8 20.6 10.7 93.7 56.7 10.7 DCRS_-_Antônio_Prado/Flores_da_Cunha_(292_m) -999.9 -999.9 988.2 980.7 980.9 14.1 9.3 712.0 Rio_Grande_do_Sul DCRS -999.9 0.0 0.0 nan nan nan 0 nan nan nan nan nan
-28.939899 -51.188499 DCRS-00087 2026-09-14_17:01 18.4 -999.9 -999.9 74.4 -999.9 -999.9 13.7 -999.9 -999.9 980.9 -999.9 -999.9 0.0 -999.9 3.6 63.0 0.0 0.0 0.0 0.0 57.4 66.8 20.6 10.7 93.7 56.7 10.7 DCRS_-_Antônio_Prado/Flores_da_Cunha_(292_m) -999.9 -999.9 988.2 980.7 980.9 14.1 9.3 712.0 Rio_Grande_do_Sul DCRS -999.9 0.0 0.0 nan nan nan 0 nan nan nan nan nan
-28.939899 -51.188499 DCRS-00087 2026-09-14_17:02 18.4 -999.9 -999.9 74.3 -999.9 -999.9 13.7 -999.9 -999.9 980.9 -999.9 -999.9 0.0 -999.9 3.6 59.0 0.0 0.0 0.0 0.0 57.4 66.8 20.6 10.7 93.7 56.7 10.7 DCRS_-_Antônio_Prado/Flores_da_Cunha_(292_m) -999.9 -999.9 988.2 980.7 980.9 14.1 9.3 712.0 Rio_Grande_do_Sul DCRS -999.9 0.0 0.0 nan nan nan 0 nan nan nan nan nan
-28.939899 -51.188499 DCRS-00087 2026-09-14_17:03 18.3 -999.9 -999.9 74.4 -999.9 -999.9 13.6 -999.9 -999.9 980.9 -999.9 -999.9 2.6 -999.9 3.6 55.0 0.0 0.0 0.0 0.0 57.4 66.8 20.6 10.7 93.7 56.7 10.7 DCRS_-_Antônio_Prado/Flores_da_Cunha_(292_m) -999.9 -999.9 988.2 980.7 980.9 14.1 9.3 712.0 Rio_Grande_do_Sul DCRS -999.9 0.0 0.0 nan nan nan 0 nan nan nan nan nan
-28.939899 -51.188499 DCRS-00087 2026-09-14_17:04 18.2 -999.9 -999.9 73.3 -999.9 -999.9 13.3 -999.9 -999.9 980.9 -999.9 -999.9 2.9 -999.9 3.6 49.0 0.0 0.0 0.0 0.0 57.4 66.8 20.6 10.7 93.7 56.7 10.7 DCRS_-_Antônio_Prado/Flores_da_Cunha_(292_m) -999.9 -999.9 988.2 980.7 980.9 14.1 9.3 712.0 Rio_Grande_do_Sul DCRS -999.9 0.0 0.0 nan nan nan 0 nan nan nan nan nan
-28.939899 -51.188499 DCRS-00087 2026-09-14_17:05 18.2 -999.9 -999.9 73.9 -999.9 -999.9 13.4 -999.9 -999.9 980.9 -999.9 -999.9 2.3 -999.9 5.3 47.0 0.0 0.0 0.0 0.0 57.4 66.8 20.6 10.7 93.7 56.7 10.7 DCRS_-_Antônio_Prado/Flores_da_Cunha_(292_m) -999.9 -999.9 988.2 980.7 980.9 14.1 9.3 712.0 Rio_Grande_do_Sul DCRS -999.9 0.0 0.0 nan nan nan 0 nan nan nan nan nan
-28.939899 -51.188499 DCRS-00087 2026-09-14_17:06 18.1 -999.9 -999.9 73.6 -999.9 -999.9 13.3 -999.9 -999.9 980.9 -999.9 -999.9 5.1 -999.9 5.3 45.0 0.0 0.0 0.0 0.0 57.4 66.8 20.6 10.7 93.7 56.7 10.7 DCRS_-_Antônio_Prado/Flores_da_Cunha_(292_m) -999.9 -999.9 988.2 980.7 980.9 14.1 9.3 712.0 Rio_Grande_do_Sul DCRS -999.9 0.0 0.0 nan nan nan 0 nan nan nan nan nan
-28.939899 -51.188499 DCRS-00087 2026-09-14_17:07 18.1 -999.9 -999.9 73.6 -999.9 -999.9 13.3 -999.9 -999.9 980.9 -999.9 -999.9 -999.9 -999.9 5.3 43.0 0.0 0.0 0.0 0.0 57.4 66.8 20.6 10.7 93.7 56.7 10.7 DCRS_-_Antônio_Prado/Flores_da_Cunha_(292_m) -999.9 -999.9 988.2 980.7 980.9 14.1 9.3 712.0 Rio_Grande_do_Sul DCRS -999.9 0.0 0.0 nan nan nan 0 nan nan nan nan nan
-28.939899 -51.188499 DCRS-00087 2026-09-14_17:08 18.0 -999.9 -999.9 73.9 -999.9 -999.9 13.2 -999.9 -999.9 980.9 -999.9 -999.9 2.9 -999.9 5.3 42.0 0.0 0.0 0.0 0.0 57.4 66.8 20.6 10.7 93.7 56.7 10.7 DCRS_-_Antônio_Prado/Flores_da_Cunha_(292_m) -999.9 -999.9 988.2 980.7 980.9 14.1 9.3 712.0 Rio_Grande_do_Sul DCRS -999.9 0.0 0.0 nan nan nan 0 nan nan nan nan nan
-28.939899 -51.188499 DCRS-00087 2026-09-14_17:09 18.0 -999.9 -999.9 73.2 -999.9 -999.9 13.1 -999.9 -999.9 980.9 -999.9 -999.9 4.0 -999.9 5.3 42.0 0.0 0.0 0.0 0.0 57.4 66.8 20.6 10.7 93.7 56.7 10.7 DCRS_-_Antônio_Prado/Flores_da_Cunha_(292_m) -999.9 -999.9 988.2 980.7 980.9 14.1 9.3 712.0 Rio_Grande_do_Sul DCRS -999.9 0.0 0.0 nan nan nan 0 nan nan nan nan nan
-28.939899 -51.188499 DCRS-00087 2026-09-14_17:10 17.9 -999.9 -999.9 75.1 -999.9 -999.9 13.4 -999.9 -999.9 980.9 -999.9 -999.9 4.9 -999.9 6.1 42.0 0.0 0.0 0.0 0.0 57.4 66.8 20.6 10.7 93.7 56.7 10.7 DCRS_-_Antônio_Prado/Flores_da_Cunha_(292_m) -999.9 -999.9 988.2 980.7 980.9 14.1 9.3 712.0 Rio_Grande_do_Sul DCRS -999.9 0.0 0.0 nan nan nan 0 nan nan nan nan nan
-28.939899 -51.188499 DCRS-00087 2026-09-14_17:11 17.9 -999.9 -999.9 72.7 -999.9 -999.9 12.9 -999.9 -999.9 981.0 -999.9 -999.9 3.9 -999.9 6.1 41.0 0.0 0.0 0.0 0.0 57.4 66.8 20.6 10.7 93.7 56.7 10.7 DCRS_-_Antônio_Prado/Flores_da_Cunha_(292_m) -999.9 -999.9 988.2 980.7 981.0 14.1 9.3 712.0 Rio_Grande_do_Sul DCRS -999.9 0.0 0.0 nan nan nan 0 nan nan nan nan nan
-28.939899 -51.188499 DCRS-00087 2026-09-14_17:12 17.9 -999.9 -999.9 74.3 -999.9 -999.9 13.2 -999.9 -999.9 981.0 -999.9 -999.9 4.7 -999.9 6.1 41.0 0.0 0.0 0.0 0.0 57.4 66.8 20.6 10.7 93.7 56.7 10.7 DCRS_-_Antônio_Prado/Flores_da_Cunha_(292_m) -999.9 -999.9 988.2 980.7 981.0 14.1 9.3 712.0 Rio_Grande_do_Sul DCRS -999.9 0.0 0.0 nan nan nan 0 nan nan nan nan nan
-28.939899 -51.188499 DCRS-00087 2026-09-14_17:13 17.8 -999.9 -999.9 74.5 -999.9 -999.9 13.2 -999.9 -999.9 980.9 -999.9 -999.9 5.1 -999.9 6.1 42.0 0.0 0.0 0.0 0.0 57.4 66.8 20.6 10.7 93.7 56.7 10.7 DCRS_-_Antônio_Prado/Flores_da_Cunha_(292_m) -999.9 -999.9 988.2 980.7 980.9 14.1 9.3 712.0 Rio_Grande_do_Sul DCRS -999.9 0.0 0.0 nan nan nan 0 nan nan nan nan nan
-28.939899 -51.188499 DCRS-00087 2026-09-14_17:14 17.8 -999.9 -999.9 74.6 -999.9 -999.9 13.2 -999.9 -999.9 980.9 -999.9 -999.9 2.3 -999.9 6.1 42.0 0.0 0.0 0.0 0.0 57.4 66.8 20.6 10.7 93.7 56.7 10.7 DCRS_-_Antônio_Prado/Flores_da_Cunha_(292_m) -999.9 -999.9 988.2 980.7 980.9 14.1 9.3 712.0 Rio_Grande_do_Sul DCRS -999.9 0.0 0.0 nan nan nan 0 nan nan nan nan nan
-28.939899 -51.188499 DCRS-00087 2026-09-14_17:15 17.7 -999.9 -999.9 73.5 -999.9 -999.9 12.9 -999.9 -999.9 980.9 -999.9 -999.9 7.4 -999.9 7.5 44.0 0.0 0.0 0.0 0.0 57.4 66.8 20.6 10.7 93.7 56.7 10.7 DCRS_-_Antônio_Prado/Flores_da_Cunha_(292_m) -999.9 -999.9 988.2 980.7 980.9 14.1 9.3 712.0 Rio_Grande_do_Sul DCRS -999.9 0.0 0.0 nan nan nan 0 nan nan nan nan nan
-28.939899 -51.188499 DCRS-00087 2026-09-14_17:16 17.6 -999.9 -999.9 71.8 -999.9 -999.9 12.4 -999.9 -999.9 980.9 -999.9 -999.9 5.9 -999.9 7.5 45.0 0.0 0.0 0.0 0.0 57.4 66.8 20.6 10.7 93.7 56.7 10.7 DCRS_-_Antônio_Prado/Flores_da_Cunha_(292_m) -999.9 -999.9 988.2 980.7 980.9 14.1 9.3 712.0 Rio_Grande_do_Sul DCRS -999.9 0.0 0.0 nan nan nan 0 nan nan nan nan nan
-28.939899 -51.188499 DCRS-00087 2026-09-14_17:17 17.6 -999.9 -999.9 73.5 -999.9 -999.9 12.8 -999.9 -999.9 981.0 -999.9 -999.9 3.7 -999.9 7.5 44.0 0.0 0.0 0.0 0.0 57.4 66.8 20.6 10.7 93.7 56.7 10.7 DCRS_-_Antônio_Prado/Flores_da_Cunha_(292_m) -999.9 -999.9 988.2 980.7 981.0 14.1 9.3 712.0 Rio_Grande_do_Sul DCRS -999.9 0.0 0.0 nan nan nan 0 nan nan nan nan nan
-28.939899 -51.188499 DCRS-00087 2026-09-14_17:18 17.6 -999.9 -999.9 72.4 -999.9 -999.9 12.5 -999.9 -999.9 981.0 -999.9 -999.9 3.7 -999.9 7.5 40.0 0.0 0.0 0.0 0.0 57.4 66.8 20.6 10.7 93.7 56.7 10.7 DCRS_-_Antônio_Prado/Flores_da_Cunha_(292_m) -999.9 -999.9 988.2 980.7 981.0 14.1 9.3 712.0 Rio_Grande_do_Sul DCRS -999.9 0.0 0.0 nan nan nan 0 nan nan nan nan nan
-28.939899 -51.188499 DCRS-00087 2026-09-14_17:19 17.6 -999.9 -999.9 74.2 -999.9 -999.9 12.9 -999.9 -999.9 980.9 -999.9 -999.9 2.8 -999.9 7.5 38.0 0.0 0.0 0.0 0.0 57.4 66.8 20.6 10.7 93.7 56.7 10.7 DCRS_-_Antônio_Prado/Flores_da_Cunha_(292_m) -999.9 -999.9 988.2 980.7 980.9 14.1 9.3 712.0 Rio_Grande_do_Sul DCRS -999.9 0.0 0.0 nan nan nan 0 nan nan nan nan nan
-28.939899 -51.188499 DCRS-00087 2026-09-14_17:20 17.6 -999.9 -999.9 72.8 -999.9 -999.9 12.6 -999.9 -999.9 980.9 -999.9 -999.9 5.0 -999.9 9.5 36.0 0.0 0.0 0.0 0.0 57.4 66.8 20.6 10.7 93.7 56.7 10.7 DCRS_-_Antônio_Prado/Flores_da_Cunha_(292_m) -999.9 -999.9 988.2 980.7 980.9 14.1 9.3 712.0 Rio_Grande_do_Sul DCRS -999.9 0.0 0.0 nan nan nan 0 nan nan nan nan nan
-28.939899 -51.188499 DCRS-00087 2026-09-14_17:21 17.5 -999.9 -999.9 72.4 -999.9 -999.9 12.4 -999.9 -999.9 980.9 -999.9 -999.9 2.7 -999.9 9.5 34.0 0.0 0.0 0.0 0.0 57.4 66.8 20.6 10.7 93.7 56.7 10.7 DCRS_-_Antônio_Prado/Flores_da_Cunha_(292_m) -999.9 -999.9 988.2 980.7 980.9 14.1 9.3 712.0 Rio_Grande_do_Sul DCRS -999.9 0.0 0.0 nan nan nan 0 nan nan nan nan nan
-28.939899 -51.188499 DCRS-00087 2026-09-14_17:22 17.5 -999.9 -999.9 73.0 -999.9 -999.9 12.6 -999.9 -999.9 980.9 -999.9 -999.9 0.0 -999.9 9.5 31.0 0.0 0.0 0.0 0.0 57.4 66.8 20.6 10.7 93.7 56.7 10.7 DCRS_-_Antônio_Prado/Flores_da_Cunha_(292_m) -999.9 -999.9 988.2 980.7 980.9 14.1 9.3 712.0 Rio_Grande_do_Sul DCRS -999.9 0.0 0.0 nan nan nan 0 nan nan nan nan nan
-28.939899 -51.188499 DCRS-00087 2026-09-14_17:23 17.4 -999.9 -999.9 73.0 -999.9 -999.9 12.5 -999.9 -999.9 980.9 -999.9 -999.9 4.3 -999.9 9.5 28.0 0.0 0.0 0.0 0.0 57.4 66.8 20.6 10.7 93.7 56.7 10.7 DCRS_-_Antônio_Prado/Flores_da_Cunha_(292_m) -999.9 -999.9 988.2 980.7 980.9 14.1 9.3 712.0 Rio_Grande_do_Sul DCRS -999.9 0.0 0.0 nan nan nan 0 nan nan nan nan nan
-28.939899 -51.188499 DCRS-00087 2026-09-14_17:24 17.4 -999.9 -999.9 73.8 -999.9 -999.9 12.6 -999.9 -999.9 980.9 -999.9 -999.9 0.0 -999.9 9.5 27.0 0.0 0.0 0.0 0.0 57.4 66.8 20.6 10.7 93.7 56.7 10.7 DCRS_-_Antônio_Prado/Flores_da_Cunha_(292_m) -999.9 -999.9 988.2 980.7 980.9 14.1 9.3 712.0 Rio_Grande_do_Sul DCRS -999.9 0.0 0.0 nan nan nan 0 nan nan nan nan nan
-28.939899 -51.188499 DCRS-00087 2026-09-14_17:25 17.4 -999.9 -999.9 74.2 -999.9 -999.9 12.7 -999.9 -999.9 980.9 -999.9 -999.9 8.9 -999.9 11.0 24.0 0.0 0.0 0.0 0.0 57.4 66.8 20.6 10.7 93.7 56.7 11.0 DCRS_-_Antônio_Prado/Flores_da_Cunha_(292_m) -999.9 -999.9 988.2 980.7 980.9 14.1 9.3 712.0 Rio_Grande_do_Sul DCRS -999.9 0.0 0.0 nan nan nan 0 nan nan nan nan nan
-28.939899 -51.188499 DCRS-00087 2026-09-14_17:26 17.3 -999.9 -999.9 73.6 -999.9 -999.9 12.5 -999.9 -999.9 980.9 -999.9 -999.9 2.8 -999.9 11.0 23.0 0.0 0.0 0.0 0.0 57.4 66.8 20.6 10.7 93.7 56.7 11.0 DCRS_-_Antônio_Prado/Flores_da_Cunha_(292_m) -999.9 -999.9 988.2 980.7 980.9 14.1 9.3 712.0 Rio_Grande_do_Sul DCRS -999.9 0.0 0.0 nan nan nan 0 nan nan nan nan nan
-28.939899 -51.188499 DCRS-00087 2026-09-14_17:27 17.3 -999.9 -999.9 76.5 -999.9 -999.9 13.1 -999.9 -999.9 980.9 -999.9 -999.9 0.0 -999.9 11.0 21.0 0.0 0.0 0.0 0.0 57.4 66.8 20.6 10.7 93.7 56.7 11.0 DCRS_-_Antônio_Prado/Flores_da_Cunha_(292_m) -999.9 -999.9 988.2 980.7 980.9 14.1 9.3 712.0 Rio_Grande_do_Sul DCRS -999.9 0.0 0.0 nan nan nan 0 nan nan nan nan nan
-28.939899 -51.188499 DCRS-00087 2026-09-14_17:28 17.2 -999.9 -999.9 76.7 -999.9 -999.9 13.0 -999.9 -999.9 980.9 -999.9 -999.9 4.0 -999.9 11.0 20.0 0.0 0.0 0.0 0.0 57.4 66.8 20.6 10.7 93.7 56.7 11.0 DCRS_-_Antônio_Prado/Flores_da_Cunha_(292_m) -999.9 -999.9 988.2 980.7 980.9 14.1 9.3 712.0 Rio_Grande_do_Sul DCRS -999.9 0.0 0.0 nan nan nan 0 nan nan nan nan nan
-28.939899 -51.188499 DCRS-00087 2026-09-14_17:29 17.0 -999.9 -999.9 74.4 -999.9 -999.9 12.4 -999.9 -999.9 980.9 -999.9 -999.9 8.2 -999.9 11.0 18.0 0.0 0.0 0.0 0.0 57.4 66.8 20.6 10.7 93.7 56.7 11.0 DCRS_-_Antônio_Prado/Flores_da_Cunha_(292_m) -999.9 -999.9 988.2 980.7 980.9 14.1 9.3 712.0 Rio_Grande_do_Sul DCRS -999.9 0.0 0.0 nan nan nan 0 nan nan nan nan nan
-28.939899 -51.188499 DCRS-00087 2026-09-14_17:30 17.0 -999.9 -999.9 76.6 -999.9 -999.9 12.8 -999.9 -999.9 980.9 -999.9 -999.9 0.0 -999.9 8.9 17.0 0.0 0.0 0.0 0.0 57.4 66.8 20.6 10.7 93.7 56.7 11.0 DCRS_-_Antônio_Prado/Flores_da_Cunha_(292_m) -999.9 -999.9 988.2 980.7 980.9 14.1 9.3 712.0 Rio_Grande_do_Sul DCRS -999.9 0.0 0.0 nan nan nan 0 nan nan nan nan nan
-28.939899 -51.188499 DCRS-00087 2026-09-14_17:31 16.9 -999.9 -999.9 77.4 -999.9 -999.9 12.9 -999.9 -999.9 980.8 -999.9 -999.9 4.4 -999.9 8.9 16.0 0.0 0.0 0.0 0.0 57.4 66.8 20.6 10.7 93.7 56.7 11.0 DCRS_-_Antônio_Prado/Flores_da_Cunha_(292_m) -999.9 -999.9 988.2 980.7 980.8 14.1 9.3 712.0 Rio_Grande_do_Sul DCRS -999.9 0.0 0.0 nan nan nan 0 nan nan nan nan nan
-28.939899 -51.188499 DCRS-00087 2026-09-14_17:32 16.8 -999.9 -999.9 75.8 -999.9 -999.9 12.5 -999.9 -999.9 980.8 -999.9 -999.9 0.0 -999.9 8.9 15.0 0.0 0.0 0.0 0.0 57.4 66.8 20.6 10.7 93.7 56.7 11.0 DCRS_-_Antônio_Prado/Flores_da_Cunha_(292_m) -999.9 -999.9 988.2 980.7 980.8 14.1 9.3 712.0 Rio_Grande_do_Sul DCRS -999.9 0.0 0.0 nan nan nan 0 nan nan nan nan nan
-28.939899 -51.188499 DCRS-00087 2026-09-14_17:33 16.8 -999.9 -999.9 77.8 -999.9 -999.9 12.9 -999.9 -999.9 980.8 -999.9 -999.9 0.0 -999.9 8.9 14.0 0.0 0.0 0.0 0.0 57.4 66.8 20.6 10.7 93.7 56.7 11.0 DCRS_-_Antônio_Prado/Flores_da_Cunha_(292_m) -999.9 -999.9 988.2 980.7 980.8 14.1 9.3 712.0 Rio_Grande_do_Sul DCRS -999.9 0.0 0.0 nan nan nan 0 nan nan nan nan nan
-28.939899 -51.188499 DCRS-00087 2026-09-14_17:34 16.7 -999.9 -999.9 76.7 -999.9 -999.9 12.6 -999.9 -999.9 980.8 -999.9 -999.9 2.2 -999.9 8.9 14.0 0.0 0.0 0.0 0.0 57.4 66.8 20.6 10.7 93.7 56.7 11.0 DCRS_-_Antônio_Prado/Flores_da_Cunha_(292_m) -999.9 -999.9 988.2 980.7 980.8 14.1 9.3 712.0 Rio_Grande_do_Sul DCRS -999.9 0.0 0.0 nan nan nan 0 nan nan nan nan nan
-28.939899 -51.188499 DCRS-00087 2026-09-14_17:35 16.7 -999.9 -999.9 76.4 -999.9 -999.9 12.5 -999.9 -999.9 980.8 -999.9 -999.9 7.5 -999.9 7.8 13.0 0.0 0.0 0.0 0.0 57.4 66.8 20.6 10.7 93.7 56.7 11.0 DCRS_-_Antônio_Prado/Flores_da_Cunha_(292_m) -999.9 -999.9 988.2 980.7 980.8 14.1 9.3 712.0 Rio_Grande_do_Sul DCRS -999.9 0.0 0.0 nan nan nan 0 nan nan nan nan nan
-28.939899 -51.188499 DCRS-00087 2026-09-14_17:36 16.7 -999.9 -999.9 76.5 -999.9 -999.9 12.5 -999.9 -999.9 980.8 -999.9 -999.9 2.7 -999.9 7.8 14.0 0.0 0.0 0.0 0.0 57.4 66.8 20.6 10.7 93.7 56.7 11.0 DCRS_-_Antônio_Prado/Flores_da_Cunha_(292_m) -999.9 -999.9 988.2 980.7 980.8 14.1 9.3 712.0 Rio_Grande_do_Sul DCRS -999.9 0.0 0.0 nan nan nan 0 nan nan nan nan nan
-28.939899 -51.188499 DCRS-00087 2026-09-14_17:37 16.6 -999.9 -999.9 75.9 -999.9 -999.9 12.3 -999.9 -999.9 980.8 -999.9 -999.9 6.8 -999.9 7.8 14.0 0.0 0.0 0.0 0.0 57.4 66.8 20.6 10.7 93.7 56.7 11.0 DCRS_-_Antônio_Prado/Flores_da_Cunha_(292_m) -999.9 -999.9 988.2 980.7 980.8 14.1 9.3 712.0 Rio_Grande_do_Sul DCRS -999.9 0.0 0.0 nan nan nan 0 nan nan nan nan nan
-28.939899 -51.188499 DCRS-00087 2026-09-14_17:38 16.6 -999.9 -999.9 76.5 -999.9 -999.9 12.4 -999.9 -999.9 980.9 -999.9 -999.9 4.5 -999.9 7.8 14.0 0.0 0.0 0.0 0.0 57.4 66.8 20.6 10.7 93.7 56.7 11.0 DCRS_-_Antônio_Prado/Flores_da_Cunha_(292_m) -999.9 -999.9 988.2 980.7 980.9 14.1 9.3 712.0 Rio_Grande_do_Sul DCRS -999.9 0.0 0.0 nan nan nan 0 nan nan nan nan nan
-28.939899 -51.188499 DCRS-00087 2026-09-14_17:39 16.6 -999.9 -999.9 75.7 -999.9 -999.9 12.3 -999.9 -999.9 980.9 -999.9 -999.9 7.7 -999.9 7.8 15.0 0.0 0.0 0.0 0.0 57.4 66.8 20.6 10.7 93.7 56.7 11.0 DCRS_-_Antônio_Prado/Flores_da_Cunha_(292_m) -999.9 -999.9 988.2 980.7 980.9 14.1 9.3 712.0 Rio_Grande_do_Sul DCRS -999.9 0.0 0.0 nan nan nan 0 nan nan nan nan nan
-28.939899 -51.188499 DCRS-00087 2026-09-14_17:40 16.6 -999.9 -999.9 76.0 -999.9 -999.9 12.3 -999.9 -999.9 980.9 -999.9 -999.9 6.0 -999.9 8.3 15.0 0.0 0.0 0.0 0.0 57.4 66.8 20.6 10.7 93.7 56.7 11.0 DCRS_-_Antônio_Prado/Flores_da_Cunha_(292_m) -999.9 -999.9 988.2 980.7 980.9 14.1 9.3 712.0 Rio_Grande_do_Sul DCRS -999.9 0.0 0.0 nan nan nan 0 nan nan nan nan nan
-28.939899 -51.188499 DCRS-00087 2026-09-14_17:41 16.6 -999.9 -999.9 76.0 -999.9 -999.9 12.3 -999.9 -999.9 980.9 -999.9 -999.9 0.0 -999.9 8.3 15.0 0.0 0.0 0.0 0.0 57.4 66.8 20.6 10.7 93.7 56.7 11.0 DCRS_-_Antônio_Prado/Flores_da_Cunha_(292_m) -999.9 -999.9 988.2 980.7 980.9 14.1 9.3 712.0 Rio_Grande_do_Sul DCRS -999.9 0.0 0.0 nan nan nan 0 nan nan nan nan nan
-28.939899 -51.188499 DCRS-00087 2026-09-14_17:42 16.5 -999.9 -999.9 75.3 -999.9 -999.9 12.1 -999.9 -999.9 980.9 -999.9 -999.9 5.2 -999.9 8.3 14.0 0.0 0.0 0.0 0.0 57.4 66.8 20.6 10.7 93.7 56.7 11.0 DCRS_-_Antônio_Prado/Flores_da_Cunha_(292_m) -999.9 -999.9 988.2 980.7 980.9 14.1 9.3 712.0 Rio_Grande_do_Sul DCRS -999.9 0.0 0.0 nan nan nan 0 nan nan nan nan nan
-28.939899 -51.188499 DCRS-00087 2026-09-14_17:43 16.5 -999.9 -999.9 76.1 -999.9 -999.9 12.2 -999.9 -999.9 980.9 -999.9 -999.9 7.0 -999.9 8.3 15.0 0.0 0.0 0.0 0.0 57.4 66.8 20.6 10.7 93.7 56.7 11.0 DCRS_-_Antônio_Prado/Flores_da_Cunha_(292_m) -999.9 -999.9 988.2 980.7 980.9 14.1 9.3 712.0 Rio_Grande_do_Sul DCRS -999.9 0.0 0.0 nan nan nan 0 nan nan nan nan nan
-28.939899 -51.188499 DCRS-00087 2026-09-14_17:44 16.5 -999.9 -999.9 74.3 -999.9 -999.9 11.9 -999.9 -999.9 980.9 -999.9 -999.9 7.5 -999.9 8.3 16.0 0.0 0.0 0.0 0.0 57.4 66.8 20.6 10.7 93.7 56.7 11.0 DCRS_-_Antônio_Prado/Flores_da_Cunha_(292_m) -999.9 -999.9 988.2 980.7 980.9 14.1 9.3 712.0 Rio_Grande_do_Sul DCRS -999.9 0.0 0.0 nan nan nan 0 nan nan nan nan nan
-28.939899 -51.188499 DCRS-00087 2026-09-14_17:45 16.6 -999.9 -999.9 74.4 -999.9 -999.9 12.0 -999.9 -999.9 980.9 -999.9 -999.9 6.1 -999.9 8.6 17.0 0.0 0.0 0.0 0.0 57.4 66.8 20.6 10.7 93.7 56.7 11.0 DCRS_-_Antônio_Prado/Flores_da_Cunha_(292_m) -999.9 -999.9 988.2 980.7 980.9 14.1 9.3 712.0 Rio_Grande_do_Sul DCRS -999.9 0.0 0.0 nan nan nan 0 nan nan nan nan nan
-28.939899 -51.188499 DCRS-00087 2026-09-14_17:46 16.6 -999.9 -999.9 74.1 -999.9 -999.9 11.9 -999.9 -999.9 980.9 -999.9 -999.9 6.3 -999.9 8.6 17.0 0.0 0.0 0.0 0.0 57.4 66.8 20.6 10.7 93.7 56.7 11.0 DCRS_-_Antônio_Prado/Flores_da_Cunha_(292_m) -999.9 -999.9 988.2 980.7 980.9 14.1 9.3 712.0 Rio_Grande_do_Sul DCRS -999.9 0.0 0.0 nan nan nan 0 nan nan nan nan nan
-28.939899 -51.188499 DCRS-00087 2026-09-14_17:47 16.6 -999.9 -999.9 73.5 -999.9 -999.9 11.8 -999.9 -999.9 980.9 -999.9 -999.9 8.1 -999.9 8.6 17.0 0.0 0.0 0.0 0.0 57.4 66.8 20.6 10.7 93.7 56.7 11.0 DCRS_-_Antônio_Prado/Flores_da_Cunha_(292_m) -999.9 -999.9 988.2 980.7 980.9 14.1 9.3 712.0 Rio_Grande_do_Sul DCRS -999.9 0.0 0.0 nan nan nan 0 nan nan nan nan nan
-28.939899 -51.188499 DCRS-00087 2026-09-14_17:48 16.6 -999.9 -999.9 74.3 -999.9 -999.9 12.0 -999.9 -999.9 980.9 -999.9 -999.9 5.9 -999.9 8.6 16.0 0.0 0.0 0.0 0.0 57.4 66.8 20.6 10.7 93.7 56.7 11.0 DCRS_-_Antônio_Prado/Flores_da_Cunha_(292_m) -999.9 -999.9 988.2 980.7 980.9 14.1 9.3 712.0 Rio_Grande_do_Sul DCRS -999.9 0.0 0.0 nan nan nan 0 nan nan nan nan nan
-28.939899 -51.188499 DCRS-00087 2026-09-14_17:49 16.6 -999.9 -999.9 75.3 -999.9 -999.9 12.2 -999.9 -999.9 980.9 -999.9 -999.9 1.8 -999.9 8.6 14.0 0.0 0.0 0.0 0.0 57.4 66.8 20.6 10.7 93.7 56.7 11.0 DCRS_-_Antônio_Prado/Flores_da_Cunha_(292_m) -999.9 -999.9 988.2 980.7 980.9 14.1 9.3 712.0 Rio_Grande_do_Sul DCRS -999.9 0.0 0.0 nan nan nan 0 nan nan nan nan nan
-28.939899 -51.188499 DCRS-00087 2026-09-14_17:50 16.5 -999.9 -999.9 76.4 -999.9 -999.9 12.3 -999.9 -999.9 980.9 -999.9 -999.9 0.0 -999.9 9.4 13.0 0.0 0.0 0.0 0.0 57.4 66.8 20.6 10.7 93.7 56.7 11.0 DCRS_-_Antônio_Prado/Flores_da_Cunha_(292_m) -999.9 -999.9 988.2 980.7 980.9 14.1 9.3 712.0 Rio_Grande_do_Sul DCRS -999.9 0.0 0.0 nan nan nan 0 nan nan nan nan nan
-28.939899 -51.188499 DCRS-00087 2026-09-14_17:51 16.5 -999.9 -999.9 77.3 -999.9 -999.9 12.5 -999.9 -999.9 980.8 -999.9 -999.9 0.0 -999.9 9.4 11.0 0.0 0.0 0.0 0.0 57.4 66.8 20.6 10.7 93.7 56.7 11.0 DCRS_-_Antônio_Prado/Flores_da_Cunha_(292_m) -999.9 -999.9 988.2 980.7 980.8 14.1 9.3 712.0 Rio_Grande_do_Sul DCRS -999.9 0.0 0.0 nan nan nan 0 nan nan nan nan nan
-28.939899 -51.188499 DCRS-00087 2026-09-14_17:52 16.4 -999.9 -999.9 77.7 -999.9 -999.9 12.5 -999.9 -999.9 980.8 -999.9 -999.9 0.0 -999.9 9.4 10.0 0.0 0.0 0.0 0.0 57.4 66.8 20.6 10.7 93.7 56.7 11.0 DCRS_-_Antônio_Prado/Flores_da_Cunha_(292_m) -999.9 -999.9 988.2 980.7 980.8 14.1 9.3 712.0 Rio_Grande_do_Sul DCRS -999.9 0.0 0.0 nan nan nan 0 nan nan nan nan nan
-28.939899 -51.188499 DCRS-00087 2026-09-14_17:53 16.4 -999.9 -999.9 77.4 -999.9 -999.9 12.4 -999.9 -999.9 980.8 -999.9 -999.9 0.0 -999.9 9.4 9.0 0.0 0.0 0.0 0.0 57.4 66.8 20.6 10.7 93.7 56.7 11.0 DCRS_-_Antônio_Prado/Flores_da_Cunha_(292_m) -999.9 -999.9 988.2 980.7 980.8 14.1 9.3 712.0 Rio_Grande_do_Sul DCRS -999.9 0.0 0.0 nan nan nan 0 nan nan nan nan nan
-28.939899 -51.188499 DCRS-00087 2026-09-14_17:54 16.3 -999.9 -999.9 77.6 -999.9 -999.9 12.3 -999.9 -999.9 980.8 -999.9 -999.9 4.0 -999.9 9.4 9.0 0.0 0.0 0.0 0.0 57.4 66.8 20.6 10.7 93.7 56.7 11.0 DCRS_-_Antônio_Prado/Flores_da_Cunha_(292_m) -999.9 -999.9 988.2 980.7 980.8 14.1 9.3 712.0 Rio_Grande_do_Sul DCRS -999.9 0.0 0.0 nan nan nan 0 nan nan nan nan nan
-28.939899 -51.188499 DCRS-00087 2026-09-14_17:55 16.3 -999.9 -999.9 77.0 -999.9 -999.9 12.2 -999.9 -999.9 980.9 -999.9 -999.9 5.7 -999.9 5.8 8.0 0.0 0.0 0.0 0.0 57.4 66.8 20.6 10.7 93.7 56.7 11.0 DCRS_-_Antônio_Prado/Flores_da_Cunha_(292_m) -999.9 -999.9 988.2 980.7 980.9 14.1 9.3 712.0 Rio_Grande_do_Sul DCRS -999.9 0.0 0.0 nan nan nan 0 nan nan nan nan nan
-28.939899 -51.188499 DCRS-00087 2026-09-14_17:56 16.3 -999.9 -999.9 77.4 -999.9 -999.9 12.3 -999.9 -999.9 980.9 -999.9 -999.9 4.8 -999.9 5.8 8.0 0.0 0.0 0.0 0.0 57.4 66.8 20.6 10.7 93.7 56.7 11.0 DCRS_-_Antônio_Prado/Flores_da_Cunha_(292_m) -999.9 -999.9 988.2 980.7 980.9 14.1 9.3 712.0 Rio_Grande_do_Sul DCRS -999.9 0.0 0.0 nan nan nan 0 nan nan nan nan nan
-28.939899 -51.188499 DCRS-00087 2026-09-14_17:57 16.2 -999.9 -999.9 76.8 -999.9 -999.9 12.1 -999.9 -999.9 981.0 -999.9 -999.9 0.0 -999.9 5.8 8.0 0.0 0.0 0.0 0.0 57.4 66.8 20.6 10.7 93.7 56.7 11.0 DCRS_-_Antônio_Prado/Flores_da_Cunha_(292_m) -999.9 -999.9 988.2 980.7 981.0 14.1 9.3 712.0 Rio_Grande_do_Sul DCRS -999.9 0.0 0.0 nan nan nan 0 nan nan nan nan nan
-28.939899 -51.188499 DCRS-00087 2026-09-14_17:58 16.2 -999.9 -999.9 77.6 -999.9 -999.9 12.3 -999.9 -999.9 981.0 -999.9 -999.9 0.0 -999.9 5.8 9.0 0.0 0.0 0.0 0.0 57.4 66.8 20.6 10.7 93.7 56.7 11.0 DCRS_-_Antônio_Prado/Flores_da_Cunha_(292_m) -999.9 -999.9 988.2 980.7 981.0 14.1 9.3 712.0 Rio_Grande_do_Sul DCRS -999.9 0.0 0.0 nan nan nan 0 nan nan nan nan nan
-28.939899 -51.188499 DCRS-00087 2026-09-14_17:59 16.2 -999.9 -999.9 78.4 -999.9 -999.9 12.4 -999.9 -999.9 981.0 -999.9 -999.9 0.0 -999.9 5.8 8.0 0.0 0.0 0.0 0.0 57.4 66.8 20.6 10.7 93.7 56.7 11.0 DCRS_-_Antônio_Prado/Flores_da_Cunha_(292_m) -999.9 -999.9 988.2 980.7 981.0 14.1 9.3 712.0 Rio_Grande_do_Sul DCRS -999.9 0.0 0.0 nan nan nan 0 nan nan nan nan nan
-28.939899 -51.188499 DCRS-00087 2026-09-14_18:00 16.1 -999.9 -999.9 78.2 -999.9 -999.9 12.3 -999.9 -999.9 981.0 -999.9 -999.9 0.0 -999.9 6.3 8.0 0.0 0.0 0.0 0.0 57.4 66.8 20.6 10.7 93.7 56.7 11.0 DCRS_-_Antônio_Prado/Flores_da_Cunha_(292_m) -999.9 -999.9 988.2 980.7 981.0 14.1 9.3 712.0 Rio_Grande_do_Sul DCRS -999.9 0.0 0.0 nan nan nan 0 nan nan nan nan nan
-28.939899 -51.188499 DCRS-00087 2026-09-14_18:01 16.1 -999.9 -999.9 80.6 -999.9 -999.9 12.7 -999.9 -999.9 981.0 -999.9 -999.9 2.2 -999.9 6.3 7.0 0.0 0.0 0.0 0.0 57.4 66.8 20.6 10.7 93.7 56.7 11.0 DCRS_-_Antônio_Prado/Flores_da_Cunha_(292_m) -999.9 -999.9 988.2 980.7 981.0 14.1 9.3 712.0 Rio_Grande_do_Sul DCRS -999.9 0.0 0.0 nan nan nan 0 nan nan nan nan nan
-28.939899 -51.188499 DCRS-00087 2026-09-14_18:02 16.0 -999.9 -999.9 81.5 -999.9 -999.9 12.8 -999.9 -999.9 981.0 -999.9 -999.9 0.0 -999.9 6.3 7.0 0.0 0.0 0.0 0.0 57.4 66.8 20.6 10.7 93.7 56.7 11.0 DCRS_-_Antônio_Prado/Flores_da_Cunha_(292_m) -999.9 -999.9 988.2 980.7 981.0 14.1 9.3 712.0 Rio_Grande_do_Sul DCRS -999.9 0.0 0.0 nan nan nan 0 nan nan nan nan nan
-28.939899 -51.188499 DCRS-00087 2026-09-14_18:03 15.9 -999.9 -999.9 79.4 -999.9 -999.9 12.3 -999.9 -999.9 981.0 -999.9 -999.9 1.8 -999.9 6.3 6.0 0.0 0.0 0.0 0.0 57.4 66.8 20.6 10.7 93.7 56.7 11.0 DCRS_-_Antônio_Prado/Flores_da_Cunha_(292_m) -999.9 -999.9 988.2 980.7 981.0 14.1 9.3 712.0 Rio_Grande_do_Sul DCRS -999.9 0.0 0.0 nan nan nan 0 nan nan nan nan nan
-28.939899 -51.188499 DCRS-00087 2026-09-14_18:04 15.9 -999.9 -999.9 79.4 -999.9 -999.9 12.3 -999.9 -999.9 981.0 -999.9 -999.9 3.0 -999.9 6.3 5.0 0.0 0.0 0.0 0.0 57.4 66.8 20.6 10.7 93.7 56.7 11.0 DCRS_-_Antônio_Prado/Flores_da_Cunha_(292_m) -999.9 -999.9 988.2 980.7 981.0 14.1 9.3 712.0 Rio_Grande_do_Sul DCRS -999.9 0.0 0.0 nan nan nan 0 nan nan nan nan nan
-28.939899 -51.188499 DCRS-00087 2026-09-14_18:05 15.9 -999.9 -999.9 78.9 -999.9 -999.9 12.2 -999.9 -999.9 981.0 -999.9 -999.9 0.0 -999.9 4.3 5.0 0.0 0.0 0.0 0.0 57.4 66.8 20.6 10.7 93.7 56.7 11.0 DCRS_-_Antônio_Prado/Flores_da_Cunha_(292_m) -999.9 -999.9 988.2 980.7 981.0 14.1 9.3 712.0 Rio_Grande_do_Sul DCRS -999.9 0.0 0.0 nan nan nan 0 nan nan nan nan nan
-28.939899 -51.188499 DCRS-00087 2026-09-14_18:06 15.8 -999.9 -999.9 81.4 -999.9 -999.9 12.6 -999.9 -999.9 981.0 -999.9 -999.9 2.0 -999.9 4.3 5.0 0.0 0.0 0.0 0.0 57.4 66.8 20.6 10.7 93.7 56.7 11.0 DCRS_-_Antônio_Prado/Flores_da_Cunha_(292_m) -999.9 -999.9 988.2 980.7 981.0 14.1 9.3 712.0 Rio_Grande_do_Sul DCRS -999.9 0.0 0.0 nan nan nan 0 nan nan nan nan nan
-28.939899 -51.188499 DCRS-00087 2026-09-14_18:07 15.7 -999.9 -999.9 81.0 -999.9 -999.9 12.4 -999.9 -999.9 981.0 -999.9 -999.9 0.0 -999.9 4.3 4.0 0.0 0.0 0.0 0.0 57.4 66.8 20.6 10.7 93.7 56.7 11.0 DCRS_-_Antônio_Prado/Flores_da_Cunha_(292_m) -999.9 -999.9 988.2 980.7 981.0 14.1 9.3 712.0 Rio_Grande_do_Sul DCRS -999.9 0.0 0.0 nan nan nan 0 nan nan nan nan nan
-28.939899 -51.188499 DCRS-00087 2026-09-14_18:08 15.7 -999.9 -999.9 81.3 -999.9 -999.9 12.5 -999.9 -999.9 981.0 -999.9 -999.9 0.0 -999.9 4.3 4.0 0.0 0.0 0.0 0.0 57.4 66.8 20.6 10.7 93.7 56.7 11.0 DCRS_-_Antônio_Prado/Flores_da_Cunha_(292_m) -999.9 -999.9 988.2 980.7 981.0 14.1 9.3 712.0 Rio_Grande_do_Sul DCRS -999.9 0.0 0.0 nan nan nan 0 nan nan nan nan nan
-28.939899 -51.188499 DCRS-00087 2026-09-14_18:09 15.6 -999.9 -999.9 80.9 -999.9 -999.9 12.3 -999.9 -999.9 981.1 -999.9 -999.9 2.5 -999.9 4.3 3.0 0.0 0.0 0.0 0.0 57.4 66.8 20.6 10.7 93.7 56.7 11.0 DCRS_-_Antônio_Prado/Flores_da_Cunha_(292_m) -999.9 -999.9 988.2 980.7 981.1 14.1 9.3 712.0 Rio_Grande_do_Sul DCRS -999.9 0.0 0.0 nan nan nan 0 nan nan nan nan nan
-28.939899 -51.188499 DCRS-00087 2026-09-14_18:10 15.6 -999.9 -999.9 81.2 -999.9 -999.9 12.4 -999.9 -999.9 981.1 -999.9 -999.9 2.6 -999.9 3.0 3.0 0.0 0.0 0.0 0.0 57.4 66.8 20.6 10.7 93.7 56.7 11.0 DCRS_-_Antônio_Prado/Flores_da_Cunha_(292_m) -999.9 -999.9 988.2 980.7 981.1 14.1 9.3 712.0 Rio_Grande_do_Sul DCRS -999.9 0.0 0.0 nan nan nan 0 nan nan nan nan nan
-28.939899 -51.188499 DCRS-00087 2026-09-14_18:11 15.6 -999.9 -999.9 79.7 -999.9 -999.9 12.1 -999.9 -999.9 981.1 -999.9 -999.9 2.8 -999.9 3.0 3.0 0.0 0.0 0.0 0.0 57.4 66.8 20.6 10.7 93.7 56.7 11.0 DCRS_-_Antônio_Prado/Flores_da_Cunha_(292_m) -999.9 -999.9 988.2 980.7 981.1 14.1 9.3 712.0 Rio_Grande_do_Sul DCRS -999.9 0.0 0.0 nan nan nan 0 nan nan nan nan nan
-28.939899 -51.188499 DCRS-00087 2026-09-14_18:12 15.7 -999.9 -999.9 79.7 -999.9 -999.9 12.2 -999.9 -999.9 981.0 -999.9 -999.9 -999.9 -999.9 3.0 2.0 0.0 0.0 0.0 0.0 57.4 66.8 20.6 10.7 93.7 56.7 11.0 DCRS_-_Antônio_Prado/Flores_da_Cunha_(292_m) -999.9 -999.9 988.2 980.7 981.0 14.1 9.3 712.0 Rio_Grande_do_Sul DCRS -999.9 0.0 0.0 nan nan nan 0 nan nan nan nan nan
-28.939899 -51.188499 DCRS-00087 2026-09-14_18:13 15.7 -999.9 -999.9 81.2 -999.9 -999.9 12.5 -999.9 -999.9 981.0 -999.9 -999.9 1.8 -999.9 3.0 2.0 0.0 0.0 0.0 0.0 57.4 66.8 20.6 10.7 93.7 56.7 11.0 DCRS_-_Antônio_Prado/Flores_da_Cunha_(292_m) -999.9 -999.9 988.2 980.7 981.0 14.1 9.3 712.0 Rio_Grande_do_Sul DCRS -999.9 0.0 0.0 nan nan nan 0 nan nan nan nan nan
-28.939899 -51.188499 DCRS-00087 2026-09-14_18:14 15.7 -999.9 -999.9 82.9 -999.9 -999.9 12.8 -999.9 -999.9 981.0 -999.9 -999.9 0.0 -999.9 3.0 2.0 0.0 0.0 0.0 0.0 57.4 66.8 20.6 10.7 93.7 56.7 11.0 DCRS_-_Antônio_Prado/Flores_da_Cunha_(292_m) -999.9 -999.9 988.2 980.7 981.0 14.1 9.3 712.0 Rio_Grande_do_Sul DCRS -999.9 0.0 0.0 nan nan nan 0 nan nan nan nan nan
-28.939899 -51.188499 DCRS-00087 2026-09-14_18:15 15.7 -999.9 -999.9 82.5 -999.9 -999.9 12.7 -999.9 -999.9 981.1 -999.9 -999.9 0.0 -999.9 5.0 1.0 0.0 0.0 0.0 0.0 57.4 66.8 20.6 10.7 93.7 56.7 11.0 DCRS_-_Antônio_Prado/Flores_da_Cunha_(292_m) -999.9 -999.9 988.2 980.7 981.1 14.1 9.3 712.0 Rio_Grande_do_Sul DCRS -999.9 0.0 0.0 nan nan nan 0 nan nan nan nan nan
-28.939899 -51.188499 DCRS-00087 2026-09-14_18:16 15.7 -999.9 -999.9 81.3 -999.9 -999.9 12.5 -999.9 -999.9 981.1 -999.9 -999.9 0.0 -999.9 5.0 1.0 0.0 0.0 0.0 0.0 57.4 66.8 20.6 10.7 93.7 56.7 11.0 DCRS_-_Antônio_Prado/Flores_da_Cunha_(292_m) -999.9 -999.9 988.2 980.7 981.1 14.1 9.3 712.0 Rio_Grande_do_Sul DCRS -999.9 0.0 0.0 nan nan nan 0 nan nan nan nan nan
-28.939899 -51.188499 DCRS-00087 2026-09-14_18:17 15.6 -999.9 -999.9 79.8 -999.9 -999.9 12.1 -999.9 -999.9 981.1 -999.9 -999.9 4.2 -999.9 5.0 1.0 0.0 0.0 0.0 0.0 57.4 66.8 20.6 10.7 93.7 56.7 11.0 DCRS_-_Antônio_Prado/Flores_da_Cunha_(292_m) -999.9 -999.9 988.2 980.7 981.1 14.1 9.3 712.0 Rio_Grande_do_Sul DCRS -999.9 0.0 0.0 nan nan nan 0 nan nan nan nan nan
-28.939899 -51.188499 DCRS-00087 2026-09-14_18:18 15.7 -999.9 -999.9 79.4 -999.9 -999.9 12.1 -999.9 -999.9 981.1 -999.9 -999.9 3.9 -999.9 5.0 1.0 0.0 0.0 0.0 0.0 57.4 66.8 20.6 10.7 93.7 56.7 11.0 DCRS_-_Antônio_Prado/Flores_da_Cunha_(292_m) -999.9 -999.9 988.2 980.7 981.1 14.1 9.3 712.0 Rio_Grande_do_Sul DCRS -999.9 0.0 0.0 nan nan nan 0 nan nan nan nan nan
-28.939899 -51.188499 DCRS-00087 2026-09-14_18:19 15.7 -999.9 -999.9 79.3 -999.9 -999.9 12.1 -999.9 -999.9 981.1 -999.9 -999.9 0.0 -999.9 5.0 0.0 0.0 0.0 0.0 0.0 57.4 66.8 20.6 10.7 93.7 56.7 11.0 DCRS_-_Antônio_Prado/Flores_da_Cunha_(292_m) -999.9 -999.9 988.2 980.7 981.1 14.1 9.3 712.0 Rio_Grande_do_Sul DCRS -999.9 0.0 0.0 nan nan nan 0 nan nan nan nan nan
-28.939899 -51.188499 DCRS-00087 2026-09-14_18:20 15.7 -999.9 -999.9 79.5 -999.9 -999.9 12.1 -999.9 -999.9 981.1 -999.9 -999.9 0.0 -999.9 5.7 0.0 0.0 0.0 0.0 0.0 57.4 66.8 20.6 10.7 93.7 56.7 11.0 DCRS_-_Antônio_Prado/Flores_da_Cunha_(292_m) -999.9 -999.9 988.2 980.7 981.1 14.1 9.3 712.0 Rio_Grande_do_Sul DCRS -999.9 0.0 0.0 nan nan nan 0 nan nan nan nan nan
-28.939899 -51.188499 DCRS-00087 2026-09-14_18:21 15.7 -999.9 -999.9 79.9 -999.9 -999.9 12.2 -999.9 -999.9 981.1 -999.9 -999.9 0.0 -999.9 5.7 0.0 0.0 0.0 0.0 0.0 57.4 66.8 20.6 10.7 93.7 56.7 11.0 DCRS_-_Antônio_Prado/Flores_da_Cunha_(292_m) -999.9 -999.9 988.2 980.7 981.1 14.1 9.3 712.0 Rio_Grande_do_Sul DCRS -999.9 0.0 0.0 nan nan nan 0 nan nan nan nan nan
-28.939899 -51.188499 DCRS-00087 2026-09-14_18:22 15.7 -999.9 -999.9 79.2 -999.9 -999.9 12.1 -999.9 -999.9 981.1 -999.9 -999.9 0.0 -999.9 5.7 0.0 0.0 0.0 0.0 0.0 57.4 66.8 20.6 10.7 93.7 56.7 11.0 DCRS_-_Antônio_Prado/Flores_da_Cunha_(292_m) -999.9 -999.9 988.2 980.7 981.1 14.1 9.3 712.0 Rio_Grande_do_Sul DCRS -999.9 0.0 0.0 nan nan nan 0 nan nan nan nan nan
-28.939899 -51.188499 DCRS-00087 2026-09-14_18:23 15.8 -999.9 -999.9 82.3 -999.9 -999.9 12.8 -999.9 -999.9 981.2 -999.9 -999.9 0.0 -999.9 5.7 0.0 0.0 0.0 0.0 0.0 57.4 66.8 20.6 10.7 93.7 56.7 11.0 DCRS_-_Antônio_Prado/Flores_da_Cunha_(292_m) -999.9 -999.9 988.2 980.7 981.2 14.1 9.3 712.0 Rio_Grande_do_Sul DCRS -999.9 0.0 0.0 nan nan nan 0 nan nan nan nan nan
-28.939899 -51.188499 DCRS-00087 2026-09-14_18:24 15.7 -999.9 -999.9 82.5 -999.9 -999.9 12.7 -999.9 -999.9 981.2 -999.9 -999.9 0.0 -999.9 5.7 0.0 0.0 0.0 0.0 0.0 57.4 66.8 20.6 10.7 93.7 56.7 11.0 DCRS_-_Antônio_Prado/Flores_da_Cunha_(292_m) -999.9 -999.9 988.2 980.7 981.2 14.1 9.3 712.0 Rio_Grande_do_Sul DCRS -999.9 0.0 0.0 nan nan nan 0 nan nan nan nan nan
-28.939899 -51.188499 DCRS-00087 2026-09-14_18:25 15.7 -999.9 -999.9 83.5 -999.9 -999.9 12.9 -999.9 -999.9 981.2 -999.9 -999.9 0.0 -999.9 3.9 0.0 0.0 0.0 0.0 0.0 57.4 66.8 20.6 10.7 93.7 56.7 11.0 DCRS_-_Antônio_Prado/Flores_da_Cunha_(292_m) -999.9 -999.9 988.2 980.7 981.2 14.1 9.3 712.0 Rio_Grande_do_Sul DCRS -999.9 0.0 0.0 nan nan nan 0 nan nan nan nan nan
-28.939899 -51.188499 DCRS-00087 2026-09-14_18:26 15.6 -999.9 -999.9 82.1 -999.9 -999.9 12.5 -999.9 -999.9 981.2 -999.9 -999.9 0.0 -999.9 3.9 0.0 0.0 0.0 0.0 0.0 57.4 66.8 20.6 10.7 93.7 56.7 11.0 DCRS_-_Antônio_Prado/Flores_da_Cunha_(292_m) -999.9 -999.9 988.2 980.7 981.2 14.1 9.3 712.0 Rio_Grande_do_Sul DCRS -999.9 0.0 0.0 nan nan nan 0 nan nan nan nan nan
-28.939899 -51.188499 DCRS-00087 2026-09-14_18:27 15.5 -999.9 -999.9 82.0 -999.9 -999.9 12.4 -999.9 -999.9 981.2 -999.9 -999.9 0.0 -999.9 3.9 0.0 0.0 0.0 0.0 0.0 57.4 66.8 20.6 10.7 93.7 56.7 11.0 DCRS_-_Antônio_Prado/Flores_da_Cunha_(292_m) -999.9 -999.9 988.2 980.7 981.2 14.1 9.3 712.0 Rio_Grande_do_Sul DCRS -999.9 0.0 0.0 nan nan nan 0 nan nan nan nan nan
-28.939899 -51.188499 DCRS-00087 2026-09-14_18:28 15.5 -999.9 -999.9 81.8 -999.9 -999.9 12.4 -999.9 -999.9 981.3 -999.9 -999.9 0.0 -999.9 3.9 0.0 0.0 0.0 0.0 0.0 57.4 66.8 20.6 10.7 93.7 56.7 11.0 DCRS_-_Antônio_Prado/Flores_da_Cunha_(292_m) -999.9 -999.9 988.2 980.7 981.3 14.1 9.3 712.0 Rio_Grande_do_Sul DCRS -999.9 0.0 0.0 nan nan nan 0 nan nan nan nan nan
-28.939899 -51.188499 DCRS-00087 2026-09-14_18:29 15.4 -999.9 -999.9 82.8 -999.9 -999.9 12.5 -999.9 -999.9 981.3 -999.9 -999.9 0.0 -999.9 3.9 0.0 0.0 0.0 0.0 0.0 57.4 66.8 20.6 10.7 93.7 56.7 11.0 DCRS_-_Antônio_Prado/Flores_da_Cunha_(292_m) -999.9 -999.9 988.2 980.7 981.3 14.1 9.3 712.0 Rio_Grande_do_Sul DCRS -999.9 0.0 0.0 nan nan nan 0 nan nan nan nan nan
-28.939899 -51.188499 DCRS-00087 2026-09-14_18:30 15.4 -999.9 -999.9 82.7 -999.9 -999.9 12.4 -999.9 -999.9 981.3 -999.9 -999.9 0.0 -999.9 0.0 0.0 0.0 0.0 0.0 0.0 57.4 66.8 20.6 10.7 93.7 56.7 11.0 DCRS_-_Antônio_Prado/Flores_da_Cunha_(292_m) -999.9 -999.9 988.2 980.7 981.3 14.1 9.3 712.0 Rio_Grande_do_Sul DCRS -999.9 0.0 0.0 nan nan nan 0 nan nan nan nan nan
-28.939899 -51.188499 DCRS-00087 2026-09-14_18:31 15.4 -999.9 -999.9 83.2 -999.9 -999.9 12.5 -999.9 -999.9 981.3 -999.9 -999.9 0.0 -999.9 0.0 0.0 0.0 0.0 0.0 0.0 57.4 66.8 20.6 10.7 93.7 56.7 11.0 DCRS_-_Antônio_Prado/Flores_da_Cunha_(292_m) -999.9 -999.9 988.2 980.7 981.3 14.1 9.3 712.0 Rio_Grande_do_Sul DCRS -999.9 0.0 0.0 nan nan nan 0 nan nan nan nan nan
-28.939899 -51.188499 DCRS-00087 2026-09-14_18:32 15.4 -999.9 -999.9 83.8 -999.9 -999.9 12.6 -999.9 -999.9 981.3 -999.9 -999.9 0.0 -999.9 0.0 0.0 0.0 0.0 0.0 0.0 57.4 66.8 20.6 10.7 93.7 56.7 11.0 DCRS_-_Antônio_Prado/Flores_da_Cunha_(292_m) -999.9 -999.9 988.2 980.7 981.3 14.1 9.3 712.0 Rio_Grande_do_Sul DCRS -999.9 0.0 0.0 nan nan nan 0 nan nan nan nan nan
-28.939899 -51.188499 DCRS-00087 2026-09-14_18:33 15.4 -999.9 -999.9 83.9 -999.9 -999.9 12.7 -999.9 -999.9 981.3 -999.9 -999.9 0.0 -999.9 0.0 0.0 0.0 0.0 0.0 0.0 57.4 66.8 20.6 10.7 93.7 56.7 11.0 DCRS_-_Antônio_Prado/Flores_da_Cunha_(292_m) -999.9 -999.9 988.2 980.7 981.3 14.1 9.3 712.0 Rio_Grande_do_Sul DCRS -999.9 0.0 0.0 nan nan nan 0 nan nan nan nan nan
-28.939899 -51.188499 DCRS-00087 2026-09-14_18:34 15.3 -999.9 -999.9 84.9 -999.9 -999.9 12.8 -999.9 -999.9 981.3 -999.9 -999.9 0.0 -999.9 0.0 0.0 0.0 0.0 0.0 0.0 57.4 66.8 20.6 10.7 93.7 56.7 11.0 DCRS_-_Antônio_Prado/Flores_da_Cunha_(292_m) -999.9 -999.9 988.2 980.7 981.3 14.1 9.3 712.0 Rio_Grande_do_Sul DCRS -999.9 0.0 0.0 nan nan nan 0 nan nan nan nan nan
-28.939899 -51.188499 DCRS-00087 2026-09-14_18:35 15.3 -999.9 -999.9 84.3 -999.9 -999.9 12.6 -999.9 -999.9 981.3 -999.9 -999.9 0.0 -999.9 0.0 0.0 0.0 0.0 0.0 0.0 57.4 66.8 20.6 10.7 93.7 56.7 11.0 DCRS_-_Antônio_Prado/Flores_da_Cunha_(292_m) -999.9 -999.9 988.2 980.7 981.3 14.1 9.3 712.0 Rio_Grande_do_Sul DCRS -999.9 0.0 0.0 nan nan nan 0 nan nan nan nan nan
-28.939899 -51.188499 DCRS-00087 2026-09-14_18:36 15.3 -999.9 -999.9 84.3 -999.9 -999.9 12.6 -999.9 -999.9 981.3 -999.9 -999.9 0.0 -999.9 0.0 0.0 0.0 0.0 0.0 0.0 57.4 66.8 20.6 10.7 93.7 56.7 11.0 DCRS_-_Antônio_Prado/Flores_da_Cunha_(292_m) -999.9 -999.9 988.2 980.7 981.3 14.1 9.3 712.0 Rio_Grande_do_Sul DCRS -999.9 0.0 0.0 nan nan nan 0 nan nan nan nan nan
-28.939899 -51.188499 DCRS-00087 2026-09-14_18:37 15.3 -999.9 -999.9 85.5 -999.9 -999.9 12.9 -999.9 -999.9 981.3 -999.9 -999.9 0.0 -999.9 0.0 0.0 0.0 0.0 0.0 0.0 57.4 66.8 20.6 10.7 93.7 56.7 11.0 DCRS_-_Antônio_Prado/Flores_da_Cunha_(292_m) -999.9 -999.9 988.2 980.7 981.3 14.1 9.3 712.0 Rio_Grande_do_Sul DCRS -999.9 0.0 0.0 nan nan nan 0 nan nan nan nan nan
-28.939899 -51.188499 DCRS-00087 2026-09-14_18:38 15.3 -999.9 -999.9 85.0 -999.9 -999.9 12.8 -999.9 -999.9 981.3 -999.9 -999.9 0.0 -999.9 0.0 0.0 0.0 0.0 0.0 0.0 57.4 66.8 20.6 10.7 93.7 56.7 11.0 DCRS_-_Antônio_Prado/Flores_da_Cunha_(292_m) -999.9 -999.9 988.2 980.7 981.3 14.1 9.3 712.0 Rio_Grande_do_Sul DCRS -999.9 0.0 0.0 nan nan nan 0 nan nan nan nan nan
-28.939899 -51.188499 DCRS-00087 2026-09-14_18:39 15.2 -999.9 -999.9 85.0 -999.9 -999.9 12.7 -999.9 -999.9 981.4 -999.9 -999.9 0.0 -999.9 0.0 0.0 0.0 0.0 0.0 0.0 57.4 66.8 20.6 10.7 93.7 56.7 11.0 DCRS_-_Antônio_Prado/Flores_da_Cunha_(292_m) -999.9 -999.9 988.2 980.7 981.4 14.1 9.3 712.0 Rio_Grande_do_Sul DCRS -999.9 0.0 0.0 nan nan nan 0 nan nan nan nan nan
-28.939899 -51.188499 DCRS-00087 2026-09-14_18:40 15.2 -999.9 -999.9 85.0 -999.9 -999.9 12.7 -999.9 -999.9 981.4 -999.9 -999.9 0.0 -999.9 0.0 0.0 0.0 0.0 0.0 0.0 57.4 66.8 20.6 10.7 93.7 56.7 11.0 DCRS_-_Antônio_Prado/Flores_da_Cunha_(292_m) -999.9 -999.9 988.2 980.7 981.4 14.1 9.3 712.0 Rio_Grande_do_Sul DCRS -999.9 0.0 0.0 nan nan nan 0 nan nan nan nan nan
-28.939899 -51.188499 DCRS-00087 2026-09-14_18:41 15.2 -999.9 -999.9 85.5 -999.9 -999.9 12.8 -999.9 -999.9 981.4 -999.9 -999.9 0.0 -999.9 0.0 0.0 0.0 0.0 0.0 0.0 57.4 66.8 20.6 10.7 93.7 56.7 11.0 DCRS_-_Antônio_Prado/Flores_da_Cunha_(292_m) -999.9 -999.9 988.2 980.7 981.4 14.1 9.3 712.0 Rio_Grande_do_Sul DCRS -999.9 0.0 0.0 nan nan nan 0 nan nan nan nan nan
-28.939899 -51.188499 DCRS-00087 2026-09-14_18:42 15.2 -999.9 -999.9 86.4 -999.9 -999.9 12.9 -999.9 -999.9 981.4 -999.9 -999.9 0.0 -999.9 0.0 0.0 0.0 0.0 0.0 0.0 57.4 66.8 20.6 10.7 93.7 56.7 11.0 DCRS_-_Antônio_Prado/Flores_da_Cunha_(292_m) -999.9 -999.9 988.2 980.7 981.4 14.1 9.3 712.0 Rio_Grande_do_Sul DCRS -999.9 0.0 0.0 nan nan nan 0 nan nan nan nan nan
-28.939899 -51.188499 DCRS-00087 2026-09-14_18:43 15.2 -999.9 -999.9 86.7 -999.9 -999.9 13.0 -999.9 -999.9 981.4 -999.9 -999.9 0.0 -999.9 0.0 0.0 0.0 0.0 0.0 0.0 57.4 66.8 20.6 10.7 93.7 56.7 11.0 DCRS_-_Antônio_Prado/Flores_da_Cunha_(292_m) -999.9 -999.9 988.2 980.7 981.4 14.1 9.3 712.0 Rio_Grande_do_Sul DCRS -999.9 0.0 0.0 nan nan nan 0 nan nan nan nan nan
-28.939899 -51.188499 DCRS-00087 2026-09-14_18:44 15.1 -999.9 -999.9 84.9 -999.9 -999.9 12.6 -999.9 -999.9 981.4 -999.9 -999.9 0.0 -999.9 0.0 0.0 0.0 0.0 0.0 0.0 57.4 66.8 20.6 10.7 93.7 56.7 11.0 DCRS_-_Antônio_Prado/Flores_da_Cunha_(292_m) -999.9 -999.9 988.2 980.7 981.4 14.1 9.3 712.0 Rio_Grande_do_Sul DCRS -999.9 0.0 0.0 nan nan nan 0 nan nan nan nan nan
-28.939899 -51.188499 DCRS-00087 2026-09-14_18:45 15.2 -999.9 -999.9 86.0 -999.9 -999.9 12.9 -999.9 -999.9 981.4 -999.9 -999.9 0.0 -999.9 0.0 0.0 0.0 0.0 0.0 0.0 57.4 66.8 20.6 10.7 93.7 56.7 11.0 DCRS_-_Antônio_Prado/Flores_da_Cunha_(292_m) -999.9 -999.9 988.2 980.7 981.4 14.1 9.3 712.0 Rio_Grande_do_Sul DCRS -999.9 0.0 0.0 nan nan nan 0 nan nan nan nan nan
-28.939899 -51.188499 DCRS-00087 2026-09-14_18:46 15.2 -999.9 -999.9 85.8 -999.9 -999.9 12.8 -999.9 -999.9 981.4 -999.9 -999.9 0.0 -999.9 0.0 0.0 0.0 0.0 0.0 0.0 57.4 66.8 20.6 10.7 93.7 56.7 11.0 DCRS_-_Antônio_Prado/Flores_da_Cunha_(292_m) -999.9 -999.9 988.2 980.7 981.4 14.1 9.3 712.0 Rio_Grande_do_Sul DCRS -999.9 0.0 0.0 nan nan nan 0 nan nan nan nan nan
-28.939899 -51.188499 DCRS-00087 2026-09-14_18:47 15.1 -999.9 -999.9 85.4 -999.9 -999.9 12.6 -999.9 -999.9 981.4 -999.9 -999.9 0.0 -999.9 0.0 0.0 0.0 0.0 0.0 0.0 57.4 66.8 20.6 10.7 93.7 56.7 11.0 DCRS_-_Antônio_Prado/Flores_da_Cunha_(292_m) -999.9 -999.9 988.2 980.7 981.4 14.1 9.3 712.0 Rio_Grande_do_Sul DCRS -999.9 0.0 0.0 nan nan nan 0 nan nan nan nan nan
-28.939899 -51.188499 DCRS-00087 2026-09-14_18:48 15.1 -999.9 -999.9 85.1 -999.9 -999.9 12.6 -999.9 -999.9 981.4 -999.9 -999.9 0.0 -999.9 0.0 0.0 0.0 0.0 0.0 0.0 57.4 66.8 20.6 10.7 93.7 56.7 11.0 DCRS_-_Antônio_Prado/Flores_da_Cunha_(292_m) -999.9 -999.9 988.2 980.7 981.4 14.1 9.3 712.0 Rio_Grande_do_Sul DCRS -999.9 0.0 0.0 nan nan nan 0 nan nan nan nan nan
-28.939899 -51.188499 DCRS-00087 2026-09-14_18:49 15.1 -999.9 -999.9 84.8 -999.9 -999.9 12.5 -999.9 -999.9 981.4 -999.9 -999.9 -999.9 -999.9 0.0 0.0 0.0 0.0 0.0 0.0 57.4 66.8 20.6 10.7 93.7 56.7 11.0 DCRS_-_Antônio_Prado/Flores_da_Cunha_(292_m) -999.9 -999.9 988.2 980.7 981.4 14.1 9.3 712.0 Rio_Grande_do_Sul DCRS -999.9 0.0 0.0 nan nan nan 0 nan nan nan nan nan
-28.939899 -51.188499 DCRS-00087 2026-09-14_18:50 15.1 -999.9 -999.9 85.0 -999.9 -999.9 12.6 -999.9 -999.9 981.5 -999.9 -999.9 0.0 -999.9 2.4 0.0 0.0 0.0 0.0 0.0 57.4 66.8 20.6 10.7 93.7 56.7 11.0 DCRS_-_Antônio_Prado/Flores_da_Cunha_(292_m) -999.9 -999.9 988.2 980.7 981.5 14.1 9.3 712.0 Rio_Grande_do_Sul DCRS -999.9 0.0 0.0 nan nan nan 0 nan nan nan nan nan
-28.939899 -51.188499 DCRS-00087 2026-09-14_18:51 15.1 -999.9 -999.9 84.9 -999.9 -999.9 12.6 -999.9 -999.9 981.5 -999.9 -999.9 0.0 -999.9 2.4 0.0 0.0 0.0 0.0 0.0 57.4 66.8 20.6 10.7 93.7 56.7 11.0 DCRS_-_Antônio_Prado/Flores_da_Cunha_(292_m) -999.9 -999.9 988.2 980.7 981.5 14.1 9.3 712.0 Rio_Grande_do_Sul DCRS -999.9 0.0 0.0 nan nan nan 0 nan nan nan nan nan
-28.939899 -51.188499 DCRS-00087 2026-09-14_18:52 15.1 -999.9 -999.9 85.0 -999.9 -999.9 12.6 -999.9 -999.9 981.5 -999.9 -999.9 0.0 -999.9 2.4 0.0 0.0 0.0 0.0 0.0 57.4 66.8 20.6 10.7 93.7 56.7 11.0 DCRS_-_Antônio_Prado/Flores_da_Cunha_(292_m) -999.9 -999.9 988.2 980.7 981.5 14.1 9.3 712.0 Rio_Grande_do_Sul DCRS -999.9 0.0 0.0 nan nan nan 0 nan nan nan nan nan
-28.939899 -51.188499 DCRS-00087 2026-09-14_18:53 15.1 -999.9 -999.9 85.2 -999.9 -999.9 12.6 -999.9 -999.9 981.5 -999.9 -999.9 0.0 -999.9 2.4 0.0 0.0 0.0 0.0 0.0 57.4 66.8 20.6 10.7 93.7 56.7 11.0 DCRS_-_Antônio_Prado/Flores_da_Cunha_(292_m) -999.9 -999.9 988.2 980.7 981.5 14.1 9.3 712.0 Rio_Grande_do_Sul DCRS -999.9 0.0 0.0 nan nan nan 0 nan nan nan nan nan
-28.939899 -51.188499 DCRS-00087 2026-09-14_18:54 15.1 -999.9 -999.9 85.5 -999.9 -999.9 12.7 -999.9 -999.9 981.5 -999.9 -999.9 0.0 -999.9 2.4 0.0 0.0 0.0 0.0 0.0 57.4 66.8 20.6 10.7 93.7 56.7 11.0 DCRS_-_Antônio_Prado/Flores_da_Cunha_(292_m) -999.9 -999.9 988.2 980.7 981.5 14.1 9.3 712.0 Rio_Grande_do_Sul DCRS -999.9 0.0 0.0 nan nan nan 0 nan nan nan nan nan
-28.939899 -51.188499 DCRS-00087 2026-09-14_18:55 15.1 -999.9 -999.9 86.2 -999.9 -999.9 12.8 -999.9 -999.9 981.5 -999.9 -999.9 0.0 -999.9 0.0 0.0 0.0 0.0 0.0 0.0 57.4 66.8 20.6 10.7 93.7 56.7 11.0 DCRS_-_Antônio_Prado/Flores_da_Cunha_(292_m) -999.9 -999.9 988.2 980.7 981.5 14.1 9.3 712.0 Rio_Grande_do_Sul DCRS -999.9 0.0 0.0 nan nan nan 0 nan nan nan nan nan
-28.939899 -51.188499 DCRS-00087 2026-09-14_18:56 15.1 -999.9 -999.9 86.8 -999.9 -999.9 12.9 -999.9 -999.9 981.5 -999.9 -999.9 0.0 -999.9 0.0 0.0 0.0 0.0 0.0 0.0 57.4 66.8 20.6 10.7 93.7 56.7 11.0 DCRS_-_Antônio_Prado/Flores_da_Cunha_(292_m) -999.9 -999.9 988.2 980.7 981.5 14.1 9.3 712.0 Rio_Grande_do_Sul DCRS -999.9 0.0 0.0 nan nan nan 0 nan nan nan nan nan
-28.939899 -51.188499 DCRS-00087 2026-09-14_18:57 15.0 -999.9 -999.9 86.6 -999.9 -999.9 12.8 -999.9 -999.9 981.5 -999.9 -999.9 0.0 -999.9 0.0 0.0 0.0 0.0 0.0 0.0 57.4 66.8 20.6 10.7 93.7 56.7 11.0 DCRS_-_Antônio_Prado/Flores_da_Cunha_(292_m) -999.9 -999.9 988.2 980.7 981.5 14.1 9.3 712.0 Rio_Grande_do_Sul DCRS -999.9 0.0 0.0 nan nan nan 0 nan nan nan nan nan
-28.939899 -51.188499 DCRS-00087 2026-09-14_18:58 15.0 -999.9 -999.9 86.4 -999.9 -999.9 12.7 -999.9 -999.9 981.5 -999.9 -999.9 0.0 -999.9 0.0 0.0 0.0 0.0 0.0 0.0 57.4 66.8 20.6 10.7 93.7 56.7 11.0 DCRS_-_Antônio_Prado/Flores_da_Cunha_(292_m) -999.9 -999.9 988.2 980.7 981.5 14.1 9.3 712.0 Rio_Grande_do_Sul DCRS -999.9 0.0 0.0 nan nan nan 0 nan nan nan nan nan
-28.939899 -51.188499 DCRS-00087 2026-09-14_18:59 14.9 -999.9 -999.9 86.4 -999.9 -999.9 12.6 -999.9 -999.9 981.5 -999.9 -999.9 0.0 -999.9 0.0 0.0 0.0 0.0 0.0 0.0 57.4 66.8 20.6 10.7 93.7 56.7 11.0 DCRS_-_Antônio_Prado/Flores_da_Cunha_(292_m) -999.9 -999.9 988.2 980.7 981.5 14.1 9.3 712.0 Rio_Grande_do_Sul DCRS -999.9 0.0 0.0 nan nan nan 0 nan nan nan nan nan
-28.939899 -51.188499 DCRS-00087 2026-09-14_19:00 14.9 -999.9 -999.9 86.4 -999.9 -999.9 12.6 -999.9 -999.9 981.5 -999.9 -999.9 0.0 -999.9 0.0 0.0 0.0 0.0 0.0 0.0 57.4 66.8 20.6 10.7 93.7 56.7 11.0 DCRS_-_Antônio_Prado/Flores_da_Cunha_(292_m) -999.9 -999.9 988.2 980.7 981.5 14.1 9.3 712.0 Rio_Grande_do_Sul DCRS -999.9 0.0 0.0 nan nan nan 0 nan nan nan nan nan
-28.939899 -51.188499 DCRS-00087 2026-09-14_19:01 14.9 -999.9 -999.9 86.9 -999.9 -999.9 12.7 -999.9 -999.9 981.5 -999.9 -999.9 0.0 -999.9 0.0 0.0 0.0 0.0 0.0 0.0 57.4 66.8 20.6 10.7 93.7 56.7 11.0 DCRS_-_Antônio_Prado/Flores_da_Cunha_(292_m) -999.9 -999.9 988.2 980.7 981.5 14.1 9.3 712.0 Rio_Grande_do_Sul DCRS -999.9 0.0 0.0 nan nan nan 0 nan nan nan nan nan
-28.939899 -51.188499 DCRS-00087 2026-09-14_19:02 14.9 -999.9 -999.9 87.6 -999.9 -999.9 12.8 -999.9 -999.9 981.5 -999.9 -999.9 0.0 -999.9 0.0 0.0 0.0 0.0 0.0 0.0 57.4 66.8 20.6 10.7 93.7 56.7 11.0 DCRS_-_Antônio_Prado/Flores_da_Cunha_(292_m) -999.9 -999.9 988.2 980.7 981.5 14.1 9.3 712.0 Rio_Grande_do_Sul DCRS -999.9 0.0 0.0 nan nan nan 0 nan nan nan nan nan
-28.939899 -51.188499 DCRS-00087 2026-09-14_19:03 14.9 -999.9 -999.9 88.0 -999.9 -999.9 12.9 -999.9 -999.9 981.5 -999.9 -999.9 0.0 -999.9 0.0 0.0 0.0 0.0 0.0 0.0 57.4 66.8 20.6 10.7 93.7 56.7 11.0 DCRS_-_Antônio_Prado/Flores_da_Cunha_(292_m) -999.9 -999.9 988.2 980.7 981.5 14.1 9.3 712.0 Rio_Grande_do_Sul DCRS -999.9 0.0 0.0 nan nan nan 0 nan nan nan nan nan
-28.939899 -51.188499 DCRS-00087 2026-09-14_19:04 14.9 -999.9 -999.9 88.3 -999.9 -999.9 13.0 -999.9 -999.9 981.5 -999.9 -999.9 0.0 -999.9 0.0 0.0 0.0 0.0 0.0 0.0 57.4 66.8 20.6 10.7 93.7 56.7 11.0 DCRS_-_Antônio_Prado/Flores_da_Cunha_(292_m) -999.9 -999.9 988.2 980.7 981.5 14.1 9.3 712.0 Rio_Grande_do_Sul DCRS -999.9 0.0 0.0 nan nan nan 0 nan nan nan nan nan
-28.939899 -51.188499 DCRS-00087 2026-09-14_19:05 14.9 -999.9 -999.9 88.3 -999.9 -999.9 13.0 -999.9 -999.9 981.5 -999.9 -999.9 -999.9 -999.9 0.0 0.0 0.0 0.0 0.0 0.0 57.4 66.8 20.6 10.7 93.7 56.7 11.0 DCRS_-_Antônio_Prado/Flores_da_Cunha_(292_m) -999.9 -999.9 988.2 980.7 981.5 14.1 9.3 712.0 Rio_Grande_do_Sul DCRS -999.9 0.0 0.0 nan nan nan 0 nan nan nan nan nan
-28.939899 -51.188499 DCRS-00087 2026-09-14_19:06 14.8 -999.9 -999.9 87.9 -999.9 -999.9 12.8 -999.9 -999.9 981.5 -999.9 -999.9 -999.9 -999.9 0.0 0.0 0.0 0.0 0.0 0.0 57.4 66.8 20.6 10.7 93.7 56.7 11.0 DCRS_-_Antônio_Prado/Flores_da_Cunha_(292_m) -999.9 -999.9 988.2 980.7 981.5 14.1 9.3 712.0 Rio_Grande_do_Sul DCRS -999.9 0.0 0.0 nan nan nan 0 nan nan nan nan nan
-28.939899 -51.188499 DCRS-00087 2026-09-14_19:07 14.8 -999.9 -999.9 87.8 -999.9 -999.9 12.8 -999.9 -999.9 981.5 -999.9 -999.9 -999.9 -999.9 0.0 0.0 0.0 0.0 0.0 0.0 57.4 66.8 20.6 10.7 93.7 56.7 11.0 DCRS_-_Antônio_Prado/Flores_da_Cunha_(292_m) -999.9 -999.9 988.2 980.7 981.5 14.1 9.3 712.0 Rio_Grande_do_Sul DCRS -999.9 0.0 0.0 nan nan nan 0 nan nan nan nan nan
-28.939899 -51.188499 DCRS-00087 2026-09-14_19:08 14.8 -999.9 -999.9 87.9 -999.9 -999.9 12.8 -999.9 -999.9 981.5 -999.9 -999.9 -999.9 -999.9 0.0 0.0 0.0 0.0 0.0 0.0 57.4 66.8 20.6 10.7 93.7 56.7 11.0 DCRS_-_Antônio_Prado/Flores_da_Cunha_(292_m) -999.9 -999.9 988.2 980.7 981.5 14.1 9.3 712.0 Rio_Grande_do_Sul DCRS -999.9 0.0 0.0 nan nan nan 0 nan nan nan nan nan
-28.939899 -51.188499 DCRS-00087 2026-09-14_19:09 14.7 -999.9 -999.9 88.0 -999.9 -999.9 12.7 -999.9 -999.9 981.5 -999.9 -999.9 0.0 -999.9 0.0 0.0 0.0 0.0 0.0 0.0 57.4 66.8 20.6 10.7 93.7 56.7 11.0 DCRS_-_Antônio_Prado/Flores_da_Cunha_(292_m) -999.9 -999.9 988.2 980.7 981.5 14.1 9.3 712.0 Rio_Grande_do_Sul DCRS -999.9 0.0 0.0 nan nan nan 0 nan nan nan nan nan
-28.939899 -51.188499 DCRS-00087 2026-09-14_19:10 14.7 -999.9 -999.9 88.2 -999.9 -999.9 12.7 -999.9 -999.9 981.5 -999.9 -999.9 0.0 -999.9 6.6 0.0 0.0 0.0 0.0 0.0 57.4 66.8 20.6 10.7 93.7 56.7 11.0 DCRS_-_Antônio_Prado/Flores_da_Cunha_(292_m) -999.9 -999.9 988.2 980.7 981.5 14.1 9.3 712.0 Rio_Grande_do_Sul DCRS -999.9 0.0 0.0 nan nan nan 0 nan nan nan nan nan
-28.939899 -51.188499 DCRS-00087 2026-09-14_19:11 14.7 -999.9 -999.9 87.4 -999.9 -999.9 12.6 -999.9 -999.9 981.5 -999.9 -999.9 0.0 -999.9 6.6 0.0 0.0 0.0 0.0 0.0 57.4 66.8 20.6 10.7 93.7 56.7 11.0 DCRS_-_Antônio_Prado/Flores_da_Cunha_(292_m) -999.9 -999.9 988.2 980.7 981.5 14.1 9.3 712.0 Rio_Grande_do_Sul DCRS -999.9 0.0 0.0 nan nan nan 0 nan nan nan nan nan
-28.939899 -51.188499 DCRS-00087 2026-09-14_19:12 14.7 -999.9 -999.9 87.2 -999.9 -999.9 12.6 -999.9 -999.9 981.5 -999.9 -999.9 3.1 -999.9 6.6 0.0 0.0 0.0 0.0 0.0 57.4 66.8 20.6 10.7 93.7 56.7 11.0 DCRS_-_Antônio_Prado/Flores_da_Cunha_(292_m) -999.9 -999.9 988.2 980.7 981.5 14.1 9.3 712.0 Rio_Grande_do_Sul DCRS -999.9 0.0 0.0 nan nan nan 0 nan nan nan nan nan
-28.939899 -51.188499 DCRS-00087 2026-09-14_19:13 14.7 -999.9 -999.9 87.3 -999.9 -999.9 12.6 -999.9 -999.9 981.6 -999.9 -999.9 0.0 -999.9 6.6 0.0 0.0 0.0 0.0 0.0 57.4 66.8 20.6 10.7 93.7 56.7 11.0 DCRS_-_Antônio_Prado/Flores_da_Cunha_(292_m) -999.9 -999.9 988.2 980.7 981.6 14.1 9.3 712.0 Rio_Grande_do_Sul DCRS -999.9 0.0 0.0 nan nan nan 0 nan nan nan nan nan
-28.939899 -51.188499 DCRS-00087 2026-09-14_19:14 14.7 -999.9 -999.9 87.3 -999.9 -999.9 12.6 -999.9 -999.9 981.6 -999.9 -999.9 0.0 -999.9 6.6 0.0 0.0 0.0 0.0 0.0 57.4 66.8 20.6 10.7 93.7 56.7 11.0 DCRS_-_Antônio_Prado/Flores_da_Cunha_(292_m) -999.9 -999.9 988.2 980.7 981.6 14.1 9.3 712.0 Rio_Grande_do_Sul DCRS -999.9 0.0 0.0 nan nan nan 0 nan nan nan nan nan
-28.939899 -51.188499 DCRS-00087 2026-09-14_19:15 14.7 -999.9 -999.9 87.7 -999.9 -999.9 12.7 -999.9 -999.9 981.6 -999.9 -999.9 0.0 -999.9 3.9 0.0 0.0 0.0 0.0 0.0 57.4 66.8 20.6 10.7 93.7 56.7 11.0 DCRS_-_Antônio_Prado/Flores_da_Cunha_(292_m) -999.9 -999.9 988.2 980.7 981.6 14.1 9.3 712.0 Rio_Grande_do_Sul DCRS -999.9 0.0 0.0 nan nan nan 0 nan nan nan nan nan
-28.939899 -51.188499 DCRS-00087 2026-09-14_19:16 14.6 -999.9 -999.9 87.9 -999.9 -999.9 12.6 -999.9 -999.9 981.6 -999.9 -999.9 0.0 -999.9 3.9 0.0 0.0 0.0 0.0 0.0 57.4 66.8 20.6 10.7 93.7 56.7 11.0 DCRS_-_Antônio_Prado/Flores_da_Cunha_(292_m) -999.9 -999.9 988.2 980.7 981.6 14.1 9.3 712.0 Rio_Grande_do_Sul DCRS -999.9 0.0 0.0 nan nan nan 0 nan nan nan nan nan
-28.939899 -51.188499 DCRS-00087 2026-09-14_19:17 14.6 -999.9 -999.9 88.0 -999.9 -999.9 12.6 -999.9 -999.9 981.6 -999.9 -999.9 0.0 -999.9 3.9 0.0 0.0 0.0 0.0 0.0 57.4 66.8 20.6 10.7 93.7 56.7 11.0 DCRS_-_Antônio_Prado/Flores_da_Cunha_(292_m) -999.9 -999.9 988.2 980.7 981.6 14.1 9.3 712.0 Rio_Grande_do_Sul DCRS -999.9 0.0 0.0 nan nan nan 0 nan nan nan nan nan
-28.939899 -51.188499 DCRS-00087 2026-09-14_19:18 14.6 -999.9 -999.9 88.7 -999.9 -999.9 12.7 -999.9 -999.9 981.6 -999.9 -999.9 0.0 -999.9 3.9 0.0 0.0 0.0 0.0 0.0 57.4 66.8 20.6 10.7 93.7 56.7 11.0 DCRS_-_Antônio_Prado/Flores_da_Cunha_(292_m) -999.9 -999.9 988.2 980.7 981.6 14.1 9.3 712.0 Rio_Grande_do_Sul DCRS -999.9 0.0 0.0 nan nan nan 0 nan nan nan nan nan
-28.939899 -51.188499 DCRS-00087 2026-09-14_19:19 14.6 -999.9 -999.9 89.4 -999.9 -999.9 12.9 -999.9 -999.9 981.6 -999.9 -999.9 0.0 -999.9 3.9 0.0 0.0 0.0 0.0 0.0 57.4 66.8 20.6 10.7 93.7 56.7 11.0 DCRS_-_Antônio_Prado/Flores_da_Cunha_(292_m) -999.9 -999.9 988.2 980.7 981.6 14.1 9.3 712.0 Rio_Grande_do_Sul DCRS -999.9 0.0 0.0 nan nan nan 0 nan nan nan nan nan
-28.939899 -51.188499 DCRS-00087 2026-09-14_19:20 14.5 -999.9 -999.9 89.2 -999.9 -999.9 12.7 -999.9 -999.9 981.6 -999.9 -999.9 0.0 -999.9 0.0 0.0 0.0 0.0 0.0 0.0 57.4 66.8 20.6 10.7 93.7 56.7 11.0 DCRS_-_Antônio_Prado/Flores_da_Cunha_(292_m) -999.9 -999.9 988.2 980.7 981.6 14.1 9.3 712.0 Rio_Grande_do_Sul DCRS -999.9 0.0 0.0 nan nan nan 0 nan nan nan nan nan
-28.939899 -51.188499 DCRS-00087 2026-09-14_19:21 14.5 -999.9 -999.9 89.5 -999.9 -999.9 12.8 -999.9 -999.9 981.7 -999.9 -999.9 0.0 -999.9 0.0 0.0 0.0 0.0 0.0 0.0 57.4 66.8 20.6 10.7 93.7 56.7 11.0 DCRS_-_Antônio_Prado/Flores_da_Cunha_(292_m) -999.9 -999.9 988.2 980.7 981.7 14.1 9.3 712.0 Rio_Grande_do_Sul DCRS -999.9 0.0 0.0 nan nan nan 0 nan nan nan nan nan
-28.939899 -51.188499 DCRS-00087 2026-09-14_19:22 14.5 -999.9 -999.9 89.6 -999.9 -999.9 12.8 -999.9 -999.9 981.6 -999.9 -999.9 0.0 -999.9 0.0 0.0 0.0 0.0 0.0 0.0 57.4 66.8 20.6 10.7 93.7 56.7 11.0 DCRS_-_Antônio_Prado/Flores_da_Cunha_(292_m) -999.9 -999.9 988.2 980.7 981.6 14.1 9.3 712.0 Rio_Grande_do_Sul DCRS -999.9 0.0 0.0 nan nan nan 0 nan nan nan nan nan
-28.939899 -51.188499 DCRS-00087 2026-09-14_19:23 14.5 -999.9 -999.9 89.5 -999.9 -999.9 12.8 -999.9 -999.9 981.7 -999.9 -999.9 0.0 -999.9 0.0 0.0 0.0 0.0 0.0 0.0 57.4 66.8 20.6 10.7 93.7 56.7 11.0 DCRS_-_Antônio_Prado/Flores_da_Cunha_(292_m) -999.9 -999.9 988.2 980.7 981.7 14.1 9.3 712.0 Rio_Grande_do_Sul DCRS -999.9 0.0 0.0 nan nan nan 0 nan nan nan nan nan
-28.939899 -51.188499 DCRS-00087 2026-09-14_19:25 14.4 -999.9 -999.9 89.3 -999.9 -999.9 12.6 -999.9 -999.9 981.7 -999.9 -999.9 0.0 -999.9 0.0 0.0 0.0 0.0 0.0 0.0 57.4 66.8 20.6 10.7 93.7 56.7 11.0 DCRS_-_Antônio_Prado/Flores_da_Cunha_(292_m) -999.9 -999.9 988.2 980.7 981.7 14.1 9.3 712.0 Rio_Grande_do_Sul DCRS -999.9 0.0 0.0 nan nan nan 0 nan nan nan nan nan
-28.939899 -51.188499 DCRS-00087 2026-09-14_19:26 14.5 -999.9 -999.9 89.1 -999.9 -999.9 12.7 -999.9 -999.9 981.7 -999.9 -999.9 0.0 -999.9 0.0 0.0 0.0 0.0 0.0 0.0 57.4 66.8 20.6 10.7 93.7 56.7 11.0 DCRS_-_Antônio_Prado/Flores_da_Cunha_(292_m) -999.9 -999.9 988.2 980.7 981.7 14.1 9.3 712.0 Rio_Grande_do_Sul DCRS -999.9 0.0 0.0 nan nan nan 0 nan nan nan nan nan
-28.939899 -51.188499 DCRS-00087 2026-09-14_19:27 14.4 -999.9 -999.9 89.4 -999.9 -999.9 12.7 -999.9 -999.9 981.7 -999.9 -999.9 0.0 -999.9 0.0 0.0 0.0 0.0 0.0 0.0 57.4 66.8 20.6 10.7 93.7 56.7 11.0 DCRS_-_Antônio_Prado/Flores_da_Cunha_(292_m) -999.9 -999.9 988.2 980.7 981.7 14.1 9.3 712.0 Rio_Grande_do_Sul DCRS -999.9 0.0 0.0 nan nan nan 0 nan nan nan nan nan
-28.939899 -51.188499 DCRS-00087 2026-09-14_19:28 14.4 -999.9 -999.9 89.7 -999.9 -999.9 12.7 -999.9 -999.9 981.6 -999.9 -999.9 0.0 -999.9 0.0 0.0 0.0 0.0 0.0 0.0 57.4 66.8 20.6 10.7 93.7 56.7 11.0 DCRS_-_Antônio_Prado/Flores_da_Cunha_(292_m) -999.9 -999.9 988.2 980.7 981.6 14.1 9.3 712.0 Rio_Grande_do_Sul DCRS -999.9 0.0 0.0 nan nan nan 0 nan nan nan nan nan
-28.939899 -51.188499 DCRS-00087 2026-09-14_19:29 14.4 -999.9 -999.9 89.8 -999.9 -999.9 12.7 -999.9 -999.9 981.6 -999.9 -999.9 0.0 -999.9 0.0 0.0 0.0 0.0 0.0 0.0 57.4 66.8 20.6 10.7 93.7 56.7 11.0 DCRS_-_Antônio_Prado/Flores_da_Cunha_(292_m) -999.9 -999.9 988.2 980.7 981.6 14.1 9.3 712.0 Rio_Grande_do_Sul DCRS -999.9 0.0 0.0 nan nan nan 0 nan nan nan nan nan
-28.939899 -51.188499 DCRS-00087 2026-09-14_19:30 14.4 -999.9 -999.9 89.2 -999.9 -999.9 12.6 -999.9 -999.9 981.6 -999.9 -999.9 0.0 -999.9 0.0 0.0 0.0 0.0 0.0 0.0 57.4 66.8 20.6 10.7 93.7 56.7 11.0 DCRS_-_Antônio_Prado/Flores_da_Cunha_(292_m) -999.9 -999.9 988.2 980.7 981.6 14.1 9.3 712.0 Rio_Grande_do_Sul DCRS -999.9 0.0 0.0 nan nan nan 0 nan nan nan nan nan
-28.939899 -51.188499 DCRS-00087 2026-09-14_19:31 14.4 -999.9 -999.9 88.8 -999.9 -999.9 12.6 -999.9 -999.9 981.6 -999.9 -999.9 0.0 -999.9 0.0 0.0 0.0 0.0 0.0 0.0 57.4 66.8 20.6 10.7 93.7 56.7 11.0 DCRS_-_Antônio_Prado/Flores_da_Cunha_(292_m) -999.9 -999.9 988.2 980.7 981.6 14.1 9.3 712.0 Rio_Grande_do_Sul DCRS -999.9 0.0 0.0 nan nan nan 0 nan nan nan nan nan
-28.939899 -51.188499 DCRS-00087 2026-09-14_19:32 14.4 -999.9 -999.9 88.8 -999.9 -999.9 12.6 -999.9 -999.9 981.6 -999.9 -999.9 0.0 -999.9 0.0 0.0 0.0 0.0 0.0 0.0 57.4 66.8 20.6 10.7 93.7 56.7 11.0 DCRS_-_Antônio_Prado/Flores_da_Cunha_(292_m) -999.9 -999.9 988.2 980.7 981.6 14.1 9.3 712.0 Rio_Grande_do_Sul DCRS -999.9 0.0 0.0 nan nan nan 0 nan nan nan nan nan
-28.939899 -51.188499 DCRS-00087 2026-09-14_19:33 14.4 -999.9 -999.9 89.1 -999.9 -999.9 12.6 -999.9 -999.9 981.6 -999.9 -999.9 0.0 -999.9 0.0 0.0 0.0 0.0 0.0 0.0 57.4 66.8 20.6 10.7 93.7 56.7 11.0 DCRS_-_Antônio_Prado/Flores_da_Cunha_(292_m) -999.9 -999.9 988.2 980.7 981.6 14.1 9.3 712.0 Rio_Grande_do_Sul DCRS -999.9 0.0 0.0 nan nan nan 0 nan nan nan nan nan
-28.939899 -51.188499 DCRS-00087 2026-09-14_19:34 14.3 -999.9 -999.9 89.3 -999.9 -999.9 12.5 -999.9 -999.9 981.7 -999.9 -999.9 0.0 -999.9 0.0 0.0 0.0 0.0 0.0 0.0 57.4 66.8 20.6 10.7 93.7 56.7 11.0 DCRS_-_Antônio_Prado/Flores_da_Cunha_(292_m) -999.9 -999.9 988.2 980.7 981.7 14.1 9.3 712.0 Rio_Grande_do_Sul DCRS -999.9 0.0 0.0 nan nan nan 0 nan nan nan nan nan
-28.939899 -51.188499 DCRS-00087 2026-09-14_19:35 14.3 -999.9 -999.9 89.2 -999.9 -999.9 12.5 -999.9 -999.9 981.7 -999.9 -999.9 0.0 -999.9 0.0 0.0 0.0 0.0 0.0 0.0 57.4 66.8 20.6 10.7 93.7 56.7 11.0 DCRS_-_Antônio_Prado/Flores_da_Cunha_(292_m) -999.9 -999.9 988.2 980.7 981.7 14.1 9.3 712.0 Rio_Grande_do_Sul DCRS -999.9 0.0 0.0 nan nan nan 0 nan nan nan nan nan
-28.939899 -51.188499 DCRS-00087 2026-09-14_19:36 14.3 -999.9 -999.9 89.3 -999.9 -999.9 12.5 -999.9 -999.9 981.7 -999.9 -999.9 0.0 -999.9 0.0 0.0 0.0 0.0 0.0 0.0 57.4 66.8 20.6 10.7 93.7 56.7 11.0 DCRS_-_Antônio_Prado/Flores_da_Cunha_(292_m) -999.9 -999.9 988.2 980.7 981.7 14.1 9.3 712.0 Rio_Grande_do_Sul DCRS -999.9 0.0 0.0 nan nan nan 0 nan nan nan nan nan
-28.939899 -51.188499 DCRS-00087 2026-09-14_19:37 14.2 -999.9 -999.9 89.3 -999.9 -999.9 12.4 -999.9 -999.9 981.7 -999.9 -999.9 0.0 -999.9 0.0 0.0 0.0 0.0 0.0 0.0 57.4 66.8 20.6 10.7 93.7 56.7 11.0 DCRS_-_Antônio_Prado/Flores_da_Cunha_(292_m) -999.9 -999.9 988.2 980.7 981.7 14.1 9.3 712.0 Rio_Grande_do_Sul DCRS -999.9 0.0 0.0 nan nan nan 0 nan nan nan nan nan
-28.939899 -51.188499 DCRS-00087 2026-09-14_19:38 14.3 -999.9 -999.9 89.3 -999.9 -999.9 12.5 -999.9 -999.9 981.7 -999.9 -999.9 0.0 -999.9 0.0 0.0 0.0 0.0 0.0 0.0 57.4 66.8 20.6 10.7 93.7 56.7 11.0 DCRS_-_Antônio_Prado/Flores_da_Cunha_(292_m) -999.9 -999.9 988.2 980.7 981.7 14.1 9.3 712.0 Rio_Grande_do_Sul DCRS -999.9 0.0 0.0 nan nan nan 0 nan nan nan nan nan
-28.939899 -51.188499 DCRS-00087 2026-09-14_19:39 14.3 -999.9 -999.9 89.5 -999.9 -999.9 12.6 -999.9 -999.9 981.7 -999.9 -999.9 0.0 -999.9 0.0 0.0 0.0 0.0 0.0 0.0 57.4 66.8 20.6 10.7 93.7 56.7 11.0 DCRS_-_Antônio_Prado/Flores_da_Cunha_(292_m) -999.9 -999.9 988.2 980.7 981.7 14.1 9.3 712.0 Rio_Grande_do_Sul DCRS -999.9 0.0 0.0 nan nan nan 0 nan nan nan nan nan
-28.939899 -51.188499 DCRS-00087 2026-09-14_19:40 14.3 -999.9 -999.9 89.6 -999.9 -999.9 12.6 -999.9 -999.9 981.7 -999.9 -999.9 0.0 -999.9 0.0 0.0 0.0 0.0 0.0 0.0 57.4 66.8 20.6 10.7 93.7 56.7 11.0 DCRS_-_Antônio_Prado/Flores_da_Cunha_(292_m) -999.9 -999.9 988.2 980.7 981.7 14.1 9.3 712.0 Rio_Grande_do_Sul DCRS -999.9 0.0 0.0 nan nan nan 0 nan nan nan nan nan
-28.939899 -51.188499 DCRS-00087 2026-09-14_19:41 14.3 -999.9 -999.9 89.5 -999.9 -999.9 12.6 -999.9 -999.9 981.8 -999.9 -999.9 0.0 -999.9 0.0 0.0 0.0 0.0 0.0 0.0 57.4 66.8 20.6 10.7 93.7 56.7 11.0 DCRS_-_Antônio_Prado/Flores_da_Cunha_(292_m) -999.9 -999.9 988.2 980.7 981.8 14.1 9.3 712.0 Rio_Grande_do_Sul DCRS -999.9 0.0 0.0 nan nan nan 0 nan nan nan nan nan
-28.939899 -51.188499 DCRS-00087 2026-09-14_19:42 14.2 -999.9 -999.9 89.9 -999.9 -999.9 12.6 -999.9 -999.9 981.8 -999.9 -999.9 0.0 -999.9 0.0 0.0 0.0 0.0 0.0 0.0 57.4 66.8 20.6 10.7 93.7 56.7 11.0 DCRS_-_Antônio_Prado/Flores_da_Cunha_(292_m) -999.9 -999.9 988.2 980.7 981.8 14.1 9.3 712.0 Rio_Grande_do_Sul DCRS -999.9 0.0 0.0 nan nan nan 0 nan nan nan nan nan
-28.939899 -51.188499 DCRS-00087 2026-09-14_19:43 14.2 -999.9 -999.9 89.9 -999.9 -999.9 12.6 -999.9 -999.9 981.8 -999.9 -999.9 0.0 -999.9 0.0 0.0 0.0 0.0 0.0 0.0 57.4 66.8 20.6 10.7 93.7 56.7 11.0 DCRS_-_Antônio_Prado/Flores_da_Cunha_(292_m) -999.9 -999.9 988.2 980.7 981.8 14.1 9.3 712.0 Rio_Grande_do_Sul DCRS -999.9 0.0 0.0 nan nan nan 0 nan nan nan nan nan
-28.939899 -51.188499 DCRS-00087 2026-09-14_19:44 14.2 -999.9 -999.9 90.1 -999.9 -999.9 12.6 -999.9 -999.9 981.8 -999.9 -999.9 0.0 -999.9 0.0 0.0 0.0 0.0 0.0 0.0 57.4 66.8 20.6 10.7 93.7 56.7 11.0 DCRS_-_Antônio_Prado/Flores_da_Cunha_(292_m) -999.9 -999.9 988.2 980.7 981.8 14.1 9.3 712.0 Rio_Grande_do_Sul DCRS -999.9 0.0 0.0 nan nan nan 0 nan nan nan nan nan
-28.939899 -51.188499 DCRS-00087 2026-09-14_19:45 14.2 -999.9 -999.9 90.2 -999.9 -999.9 12.6 -999.9 -999.9 981.8 -999.9 -999.9 0.0 -999.9 0.0 0.0 0.0 0.0 0.0 0.0 57.4 66.8 20.6 10.7 93.7 56.7 11.0 DCRS_-_Antônio_Prado/Flores_da_Cunha_(292_m) -999.9 -999.9 988.2 980.7 981.8 14.1 9.3 712.0 Rio_Grande_do_Sul DCRS -999.9 0.0 0.0 nan nan nan 0 nan nan nan nan nan
-28.939899 -51.188499 DCRS-00087 2026-09-14_19:46 14.1 -999.9 -999.9 90.6 -999.9 -999.9 12.6 -999.9 -999.9 981.8 -999.9 -999.9 0.0 -999.9 0.0 0.0 0.0 0.0 0.0 0.0 57.4 66.8 20.6 10.7 93.7 56.7 11.0 DCRS_-_Antônio_Prado/Flores_da_Cunha_(292_m) -999.9 -999.9 988.2 980.7 981.8 14.1 9.3 712.0 Rio_Grande_do_Sul DCRS -999.9 0.0 0.0 nan nan nan 0 nan nan nan nan nan
-28.939899 -51.188499 DCRS-00087 2026-09-14_19:47 14.2 -999.9 -999.9 90.6 -999.9 -999.9 12.7 -999.9 -999.9 981.8 -999.9 -999.9 -999.9 -999.9 0.0 0.0 0.0 0.0 0.0 0.0 57.4 66.8 20.6 10.7 93.7 56.7 11.0 DCRS_-_Antônio_Prado/Flores_da_Cunha_(292_m) -999.9 -999.9 988.2 980.7 981.8 14.1 9.3 712.0 Rio_Grande_do_Sul DCRS -999.9 0.0 0.0 nan nan nan 0 nan nan nan nan nan
-28.939899 -51.188499 DCRS-00087 2026-09-14_19:48 14.1 -999.9 -999.9 90.7 -999.9 -999.9 12.6 -999.9 -999.9 981.9 -999.9 -999.9 -999.9 -999.9 0.0 0.0 0.0 0.0 0.0 0.0 57.4 66.8 20.6 10.7 93.7 56.7 11.0 DCRS_-_Antônio_Prado/Flores_da_Cunha_(292_m) -999.9 -999.9 988.2 980.7 981.9 14.1 9.3 712.0 Rio_Grande_do_Sul DCRS -999.9 0.0 0.0 nan nan nan 0 nan nan nan nan nan
-28.939899 -51.188499 DCRS-00087 2026-09-14_19:49 14.2 -999.9 -999.9 90.6 -999.9 -999.9 12.7 -999.9 -999.9 981.9 -999.9 -999.9 -999.9 -999.9 0.0 0.0 0.0 0.0 0.0 0.0 57.4 66.8 20.6 10.7 93.7 56.7 11.0 DCRS_-_Antônio_Prado/Flores_da_Cunha_(292_m) -999.9 -999.9 988.2 980.7 981.9 14.1 9.3 712.0 Rio_Grande_do_Sul DCRS -999.9 0.0 0.0 nan nan nan 0 nan nan nan nan nan
-28.939899 -51.188499 DCRS-00087 2026-09-14_19:50 14.2 -999.9 -999.9 90.5 -999.9 -999.9 12.7 -999.9 -999.9 981.9 -999.9 -999.9 0.0 -999.9 7.4 0.0 0.0 0.0 0.0 0.0 57.4 66.8 20.6 10.7 93.7 56.7 11.0 DCRS_-_Antônio_Prado/Flores_da_Cunha_(292_m) -999.9 -999.9 988.2 980.7 981.9 14.1 9.3 712.0 Rio_Grande_do_Sul DCRS -999.9 0.0 0.0 nan nan nan 0 nan nan nan nan nan
-28.939899 -51.188499 DCRS-00087 2026-09-14_19:51 14.1 -999.9 -999.9 90.4 -999.9 -999.9 12.5 -999.9 -999.9 981.9 -999.9 -999.9 0.0 -999.9 7.4 0.0 0.0 0.0 0.0 0.0 57.4 66.8 20.6 10.7 93.7 56.7 11.0 DCRS_-_Antônio_Prado/Flores_da_Cunha_(292_m) -999.9 -999.9 988.2 980.7 981.9 14.1 9.3 712.0 Rio_Grande_do_Sul DCRS -999.9 0.0 0.0 nan nan nan 0 nan nan nan nan nan
-28.939899 -51.188499 DCRS-00087 2026-09-14_19:52 14.2 -999.9 -999.9 90.1 -999.9 -999.9 12.6 -999.9 -999.9 981.9 -999.9 -999.9 0.0 -999.9 7.4 0.0 0.0 0.0 0.0 0.0 57.4 66.8 20.6 10.7 93.7 56.7 11.0 DCRS_-_Antônio_Prado/Flores_da_Cunha_(292_m) -999.9 -999.9 988.2 980.7 981.9 14.1 9.3 712.0 Rio_Grande_do_Sul DCRS -999.9 0.0 0.0 nan nan nan 0 nan nan nan nan nan
-28.939899 -51.188499 DCRS-00087 2026-09-14_19:53 14.1 -999.9 -999.9 90.2 -999.9 -999.9 12.5 -999.9 -999.9 981.9 -999.9 -999.9 0.0 -999.9 7.4 0.0 0.0 0.0 0.0 0.0 57.4 66.8 20.6 10.7 93.7 56.7 11.0 DCRS_-_Antônio_Prado/Flores_da_Cunha_(292_m) -999.9 -999.9 988.2 980.7 981.9 14.1 9.3 712.0 Rio_Grande_do_Sul DCRS -999.9 0.0 0.0 nan nan nan 0 nan nan nan nan nan
-28.939899 -51.188499 DCRS-00087 2026-09-14_19:54 14.1 -999.9 -999.9 90.1 -999.9 -999.9 12.5 -999.9 -999.9 981.9 -999.9 -999.9 0.0 -999.9 7.4 0.0 0.0 0.0 0.0 0.0 57.4 66.8 20.6 10.7 93.7 56.7 11.0 DCRS_-_Antônio_Prado/Flores_da_Cunha_(292_m) -999.9 -999.9 988.2 980.7 981.9 14.1 9.3 712.0 Rio_Grande_do_Sul DCRS -999.9 0.0 0.0 nan nan nan 0 nan nan nan nan nan
-28.939899 -51.188499 DCRS-00087 2026-09-14_19:55 14.1 -999.9 -999.9 90.2 -999.9 -999.9 12.5 -999.9 -999.9 981.9 -999.9 -999.9 0.0 -999.9 3.2 0.0 0.0 0.0 0.0 0.0 57.4 66.8 20.6 10.7 93.7 56.7 11.0 DCRS_-_Antônio_Prado/Flores_da_Cunha_(292_m) -999.9 -999.9 988.2 980.7 981.9 14.1 9.3 712.0 Rio_Grande_do_Sul DCRS -999.9 0.0 0.0 nan nan nan 0 nan nan nan nan nan
-28.939899 -51.188499 DCRS-00087 2026-09-14_19:56 14.0 -999.9 -999.9 90.1 -999.9 -999.9 12.4 -999.9 -999.9 981.9 -999.9 -999.9 0.0 -999.9 3.2 0.0 0.0 0.0 0.0 0.0 57.4 66.8 20.6 10.7 93.7 56.7 11.0 DCRS_-_Antônio_Prado/Flores_da_Cunha_(292_m) -999.9 -999.9 988.2 980.7 981.9 14.1 9.3 712.0 Rio_Grande_do_Sul DCRS -999.9 0.0 0.0 nan nan nan 0 nan nan nan nan nan
-28.939899 -51.188499 DCRS-00087 2026-09-14_19:57 14.1 -999.9 -999.9 90.4 -999.9 -999.9 12.5 -999.9 -999.9 981.9 -999.9 -999.9 -999.9 -999.9 3.2 0.0 0.0 0.0 0.0 0.0 57.4 66.8 20.6 10.7 93.7 56.7 11.0 DCRS_-_Antônio_Prado/Flores_da_Cunha_(292_m) -999.9 -999.9 988.2 980.7 981.9 14.1 9.3 712.0 Rio_Grande_do_Sul DCRS -999.9 0.0 0.0 nan nan nan 0 nan nan nan nan nan
-28.939899 -51.188499 DCRS-00087 2026-09-14_19:58 14.1 -999.9 -999.9 91.2 -999.9 -999.9 12.7 -999.9 -999.9 981.9 -999.9 -999.9 2.3 -999.9 3.2 0.0 0.0 0.0 0.0 0.0 57.4 66.8 20.6 10.7 93.7 56.7 11.0 DCRS_-_Antônio_Prado/Flores_da_Cunha_(292_m) -999.9 -999.9 988.2 980.7 981.9 14.1 9.3 712.0 Rio_Grande_do_Sul DCRS -999.9 0.0 0.0 nan nan nan 0 nan nan nan nan nan
-28.939899 -51.188499 DCRS-00087 2026-09-14_19:59 14.1 -999.9 -999.9 91.4 -999.9 -999.9 12.7 -999.9 -999.9 981.9 -999.9 -999.9 0.0 -999.9 3.2 0.0 0.0 0.0 0.0 0.0 57.4 66.8 20.6 10.7 93.7 56.7 11.0 DCRS_-_Antônio_Prado/Flores_da_Cunha_(292_m) -999.9 -999.9 988.2 980.7 981.9 14.1 9.3 712.0 Rio_Grande_do_Sul DCRS -999.9 0.0 0.0 nan nan nan 0 nan nan nan nan nan
-28.939899 -51.188499 DCRS-00087 2026-09-14_20:00 14.0 -999.9 -999.9 91.5 -999.9 -999.9 12.6 -999.9 -999.9 982.0 -999.9 -999.9 0.0 -999.9 4.2 0.0 0.0 0.0 0.0 0.0 57.4 66.8 20.6 10.7 93.7 56.7 11.0 DCRS_-_Antônio_Prado/Flores_da_Cunha_(292_m) -999.9 -999.9 988.2 980.7 982.0 14.1 9.3 712.0 Rio_Grande_do_Sul DCRS -999.9 0.0 0.0 nan nan nan 0 nan nan nan nan nan
-28.939899 -51.188499 DCRS-00087 2026-09-14_20:01 14.1 -999.9 -999.9 91.6 -999.9 -999.9 12.7 -999.9 -999.9 982.0 -999.9 -999.9 0.0 -999.9 4.2 0.0 0.0 0.0 0.0 0.0 57.4 66.8 20.6 10.7 93.7 56.7 11.0 DCRS_-_Antônio_Prado/Flores_da_Cunha_(292_m) -999.9 -999.9 988.2 980.7 982.0 14.1 9.3 712.0 Rio_Grande_do_Sul DCRS -999.9 0.0 0.0 nan nan nan 0 nan nan nan nan nan
-28.939899 -51.188499 DCRS-00087 2026-09-14_20:02 14.0 -999.9 -999.9 91.3 -999.9 -999.9 12.6 -999.9 -999.9 982.0 -999.9 -999.9 0.0 -999.9 4.2 0.0 0.0 0.0 0.0 0.0 57.4 66.8 20.6 10.7 93.7 56.7 11.0 DCRS_-_Antônio_Prado/Flores_da_Cunha_(292_m) -999.9 -999.9 988.2 980.7 982.0 14.1 9.3 712.0 Rio_Grande_do_Sul DCRS -999.9 0.0 0.0 nan nan nan 0 nan nan nan nan nan
-28.939899 -51.188499 DCRS-00087 2026-09-14_20:03 14.0 -999.9 -999.9 91.5 -999.9 -999.9 12.6 -999.9 -999.9 982.0 -999.9 -999.9 0.0 -999.9 4.2 0.0 0.0 0.0 0.0 0.0 57.4 66.8 20.6 10.7 93.7 56.7 11.0 DCRS_-_Antônio_Prado/Flores_da_Cunha_(292_m) -999.9 -999.9 988.2 980.7 982.0 14.1 9.3 712.0 Rio_Grande_do_Sul DCRS -999.9 0.0 0.0 nan nan nan 0 nan nan nan nan nan
-28.939899 -51.188499 DCRS-00087 2026-09-14_20:04 14.0 -999.9 -999.9 91.7 -999.9 -999.9 12.7 -999.9 -999.9 982.0 -999.9 -999.9 0.0 -999.9 4.2 0.0 0.0 0.0 0.0 0.0 57.4 66.8 20.6 10.7 93.7 56.7 11.0 DCRS_-_Antônio_Prado/Flores_da_Cunha_(292_m) -999.9 -999.9 988.2 980.7 982.0 14.1 9.3 712.0 Rio_Grande_do_Sul DCRS -999.9 0.0 0.0 nan nan nan 0 nan nan nan nan nan
-28.939899 -51.188499 DCRS-00087 2026-09-14_20:05 13.9 -999.9 -999.9 92.0 -999.9 -999.9 12.6 -999.9 -999.9 982.0 -999.9 -999.9 0.0 -999.9 2.2 0.0 0.0 0.0 0.0 0.0 57.4 66.8 20.6 10.7 93.7 56.7 11.0 DCRS_-_Antônio_Prado/Flores_da_Cunha_(292_m) -999.9 -999.9 988.2 980.7 982.0 14.1 9.3 712.0 Rio_Grande_do_Sul DCRS -999.9 0.0 0.0 nan nan nan 0 nan nan nan nan nan
-28.939899 -51.188499 DCRS-00087 2026-09-14_20:06 14.0 -999.9 -999.9 92.2 -999.9 -999.9 12.7 -999.9 -999.9 982.1 -999.9 -999.9 0.0 -999.9 2.2 0.0 0.0 0.0 0.0 0.0 57.4 66.8 20.6 10.7 93.7 56.7 11.0 DCRS_-_Antônio_Prado/Flores_da_Cunha_(292_m) -999.9 -999.9 988.2 980.7 982.1 14.1 9.3 712.0 Rio_Grande_do_Sul DCRS -999.9 0.0 0.0 nan nan nan 0 nan nan nan nan nan
-28.939899 -51.188499 DCRS-00087 2026-09-14_20:07 13.9 -999.9 -999.9 92.3 -999.9 -999.9 12.7 -999.9 -999.9 982.1 -999.9 -999.9 0.0 -999.9 2.2 0.0 0.0 0.0 0.0 0.0 57.4 66.8 20.6 10.7 93.7 56.7 11.0 DCRS_-_Antônio_Prado/Flores_da_Cunha_(292_m) -999.9 -999.9 988.2 980.7 982.1 14.1 9.3 712.0 Rio_Grande_do_Sul DCRS -999.9 0.0 0.0 nan nan nan 0 nan nan nan nan nan
-28.939899 -51.188499 DCRS-00087 2026-09-14_20:08 13.9 -999.9 -999.9 92.4 -999.9 -999.9 12.7 -999.9 -999.9 982.1 -999.9 -999.9 0.0 -999.9 2.2 0.0 0.0 0.0 0.0 0.0 57.4 66.8 20.6 10.7 93.7 56.7 11.0 DCRS_-_Antônio_Prado/Flores_da_Cunha_(292_m) -999.9 -999.9 988.2 980.7 982.1 14.1 9.3 712.0 Rio_Grande_do_Sul DCRS -999.9 0.0 0.0 nan nan nan 0 nan nan nan nan nan
-28.939899 -51.188499 DCRS-00087 2026-09-14_20:09 14.0 -999.9 -999.9 92.5 -999.9 -999.9 12.8 -999.9 -999.9 982.1 -999.9 -999.9 0.0 -999.9 2.2 0.0 0.0 0.0 0.0 0.0 57.4 66.8 20.6 10.7 93.7 56.7 11.0 DCRS_-_Antônio_Prado/Flores_da_Cunha_(292_m) -999.9 -999.9 988.2 980.7 982.1 14.1 9.3 712.0 Rio_Grande_do_Sul DCRS -999.9 0.0 0.0 nan nan nan 0 nan nan nan nan nan
-28.939899 -51.188499 DCRS-00087 2026-09-14_20:10 14.0 -999.9 -999.9 92.6 -999.9 -999.9 12.8 -999.9 -999.9 982.1 -999.9 -999.9 0.0 -999.9 1.8 0.0 0.0 0.0 0.0 0.0 57.4 66.8 20.6 10.7 93.7 56.7 11.0 DCRS_-_Antônio_Prado/Flores_da_Cunha_(292_m) -999.9 -999.9 988.2 980.7 982.1 14.1 9.3 712.0 Rio_Grande_do_Sul DCRS -999.9 0.0 0.0 nan nan nan 0 nan nan nan nan nan
-28.939899 -51.188499 DCRS-00087 2026-09-14_20:11 14.0 -999.9 -999.9 92.6 -999.9 -999.9 12.8 -999.9 -999.9 982.2 -999.9 -999.9 0.0 -999.9 1.8 0.0 0.0 0.0 0.0 0.0 57.4 66.8 20.6 10.7 93.7 56.7 11.0 DCRS_-_Antônio_Prado/Flores_da_Cunha_(292_m) -999.9 -999.9 988.2 980.7 982.2 14.1 9.3 712.0 Rio_Grande_do_Sul DCRS -999.9 0.0 0.0 nan nan nan 0 nan nan nan nan nan
-28.939899 -51.188499 DCRS-00087 2026-09-14_20:12 14.0 -999.9 -999.9 92.8 -999.9 -999.9 12.8 -999.9 -999.9 982.2 -999.9 -999.9 0.0 -999.9 1.8 0.0 0.0 0.0 0.0 0.0 57.4 66.8 20.6 10.7 93.7 56.7 11.0 DCRS_-_Antônio_Prado/Flores_da_Cunha_(292_m) -999.9 -999.9 988.2 980.7 982.2 14.1 9.3 712.0 Rio_Grande_do_Sul DCRS -999.9 0.0 0.0 nan nan nan 0 nan nan nan nan nan
-28.939899 -51.188499 DCRS-00087 2026-09-14_20:13 14.0 -999.9 -999.9 92.9 -999.9 -999.9 12.9 -999.9 -999.9 982.1 -999.9 -999.9 0.0 -999.9 1.8 0.0 0.0 0.0 0.0 0.0 57.4 66.8 20.6 10.7 93.7 56.7 11.0 DCRS_-_Antônio_Prado/Flores_da_Cunha_(292_m) -999.9 -999.9 988.2 980.7 982.1 14.1 9.3 712.0 Rio_Grande_do_Sul DCRS -999.9 0.0 0.0 nan nan nan 0 nan nan nan nan nan
-28.939899 -51.188499 DCRS-00087 2026-09-14_20:14 14.0 -999.9 -999.9 93.0 -999.9 -999.9 12.9 -999.9 -999.9 982.1 -999.9 -999.9 0.0 -999.9 1.8 0.0 0.0 0.0 0.0 0.0 57.4 66.8 20.6 10.7 93.7 56.7 11.0 DCRS_-_Antônio_Prado/Flores_da_Cunha_(292_m) -999.9 -999.9 988.2 980.7 982.1 14.1 9.3 712.0 Rio_Grande_do_Sul DCRS -999.9 0.0 0.0 nan nan nan 0 nan nan nan nan nan
-28.939899 -51.188499 DCRS-00087 2026-09-14_20:15 14.1 -999.9 -999.9 93.0 -999.9 -999.9 13.0 -999.9 -999.9 982.1 -999.9 -999.9 0.0 -999.9 2.1 0.0 0.0 0.0 0.0 0.0 57.4 66.8 20.6 10.7 93.7 56.7 11.0 DCRS_-_Antônio_Prado/Flores_da_Cunha_(292_m) -999.9 -999.9 988.2 980.7 982.1 14.1 9.3 712.0 Rio_Grande_do_Sul DCRS -999.9 0.0 0.0 nan nan nan 0 nan nan nan nan nan
-28.939899 -51.188499 DCRS-00087 2026-09-14_20:16 14.0 -999.9 -999.9 93.0 -999.9 -999.9 12.9 -999.9 -999.9 982.1 -999.9 -999.9 0.0 -999.9 2.1 0.0 0.0 0.0 0.0 0.0 57.4 66.8 20.6 10.7 93.7 56.7 11.0 DCRS_-_Antônio_Prado/Flores_da_Cunha_(292_m) -999.9 -999.9 988.2 980.7 982.1 14.1 9.3 712.0 Rio_Grande_do_Sul DCRS -999.9 0.0 0.0 nan nan nan 0 nan nan nan nan nan
-28.939899 -51.188499 DCRS-00087 2026-09-14_20:17 14.0 -999.9 -999.9 93.2 -999.9 -999.9 12.9 -999.9 -999.9 982.0 -999.9 -999.9 0.0 -999.9 2.1 0.0 0.0 0.0 0.0 0.0 57.4 66.8 20.6 10.7 93.7 56.7 11.0 DCRS_-_Antônio_Prado/Flores_da_Cunha_(292_m) -999.9 -999.9 988.2 980.7 982.0 14.1 9.3 712.0 Rio_Grande_do_Sul DCRS -999.9 0.0 0.0 nan nan nan 0 nan nan nan nan nan
-28.939899 -51.188499 DCRS-00087 2026-09-14_20:18 14.0 -999.9 -999.9 93.1 -999.9 -999.9 12.9 -999.9 -999.9 982.0 -999.9 -999.9 0.0 -999.9 2.1 0.0 0.0 0.0 0.0 0.0 57.4 66.8 20.6 10.7 93.7 56.7 11.0 DCRS_-_Antônio_Prado/Flores_da_Cunha_(292_m) -999.9 -999.9 988.2 980.7 982.0 14.1 9.3 712.0 Rio_Grande_do_Sul DCRS -999.9 0.0 0.0 nan nan nan 0 nan nan nan nan nan
-28.939899 -51.188499 DCRS-00087 2026-09-14_20:19 14.1 -999.9 -999.9 93.1 -999.9 -999.9 13.0 -999.9 -999.9 982.0 -999.9 -999.9 0.0 -999.9 2.1 0.0 0.0 0.0 0.0 0.0 57.4 66.8 20.6 10.7 93.7 56.7 11.0 DCRS_-_Antônio_Prado/Flores_da_Cunha_(292_m) -999.9 -999.9 988.2 980.7 982.0 14.1 9.3 712.0 Rio_Grande_do_Sul DCRS -999.9 0.0 0.0 nan nan nan 0 nan nan nan nan nan
-28.939899 -51.188499 DCRS-00087 2026-09-14_20:20 14.1 -999.9 -999.9 93.1 -999.9 -999.9 13.0 -999.9 -999.9 982.0 -999.9 -999.9 0.0 -999.9 0.0 0.0 0.0 0.0 0.0 0.0 57.4 66.8 20.6 10.7 93.7 56.7 11.0 DCRS_-_Antônio_Prado/Flores_da_Cunha_(292_m) -999.9 -999.9 988.2 980.7 982.0 14.1 9.3 712.0 Rio_Grande_do_Sul DCRS -999.9 0.0 0.0 nan nan nan 0 nan nan nan nan nan
-28.939899 -51.188499 DCRS-00087 2026-09-14_20:21 14.1 -999.9 -999.9 93.1 -999.9 -999.9 13.0 -999.9 -999.9 982.0 -999.9 -999.9 0.0 -999.9 0.0 0.0 0.0 0.0 0.0 0.0 57.4 66.8 20.6 10.7 93.7 56.7 11.0 DCRS_-_Antônio_Prado/Flores_da_Cunha_(292_m) -999.9 -999.9 988.2 980.7 982.0 14.1 9.3 712.0 Rio_Grande_do_Sul DCRS -999.9 0.0 0.0 nan nan nan 0 nan nan nan nan nan
-28.939899 -51.188499 DCRS-00087 2026-09-14_20:22 14.0 -999.9 -999.9 93.1 -999.9 -999.9 12.9 -999.9 -999.9 982.0 -999.9 -999.9 -999.9 -999.9 0.0 0.0 0.0 0.0 0.0 0.0 57.4 66.8 20.6 10.7 93.7 56.7 11.0 DCRS_-_Antônio_Prado/Flores_da_Cunha_(292_m) -999.9 -999.9 988.2 980.7 982.0 14.1 9.3 712.0 Rio_Grande_do_Sul DCRS -999.9 0.0 0.0 nan nan nan 0 nan nan nan nan nan
-28.939899 -51.188499 DCRS-00087 2026-09-14_20:23 14.0 -999.9 -999.9 93.1 -999.9 -999.9 12.9 -999.9 -999.9 982.0 -999.9 -999.9 -999.9 -999.9 0.0 0.0 0.0 0.0 0.0 0.0 57.4 66.8 20.6 10.7 93.7 56.7 11.0 DCRS_-_Antônio_Prado/Flores_da_Cunha_(292_m) -999.9 -999.9 988.2 980.7 982.0 14.1 9.3 712.0 Rio_Grande_do_Sul DCRS -999.9 0.0 0.0 nan nan nan 0 nan nan nan nan nan
-28.939899 -51.188499 DCRS-00087 2026-09-14_20:24 14.0 -999.9 -999.9 93.1 -999.9 -999.9 12.9 -999.9 -999.9 982.1 -999.9 -999.9 0.0 -999.9 0.0 0.0 0.0 0.0 0.0 0.0 57.4 66.8 20.6 10.7 93.7 56.7 11.0 DCRS_-_Antônio_Prado/Flores_da_Cunha_(292_m) -999.9 -999.9 988.2 980.7 982.1 14.1 9.3 712.0 Rio_Grande_do_Sul DCRS -999.9 0.0 0.0 nan nan nan 0 nan nan nan nan nan
-28.939899 -51.188499 DCRS-00087 2026-09-14_20:25 14.0 -999.9 -999.9 93.0 -999.9 -999.9 12.9 -999.9 -999.9 982.1 -999.9 -999.9 0.0 -999.9 4.3 0.0 0.0 0.0 0.0 0.0 57.4 66.8 20.6 10.7 93.7 56.7 11.0 DCRS_-_Antônio_Prado/Flores_da_Cunha_(292_m) -999.9 -999.9 988.2 980.7 982.1 14.1 9.3 712.0 Rio_Grande_do_Sul DCRS -999.9 0.0 0.0 nan nan nan 0 nan nan nan nan nan
-28.939899 -51.188499 DCRS-00087 2026-09-14_20:26 14.0 -999.9 -999.9 93.0 -999.9 -999.9 -999.9 -999.9 -999.9 982.1 -999.9 -999.9 0.0 -999.9 4.3 0.0 0.0 0.0 0.0 0.0 57.4 66.8 20.6 10.7 93.7 56.7 11.0 DCRS_-_Antônio_Prado/Flores_da_Cunha_(292_m) -999.9 -999.9 988.2 980.7 982.1 14.1 9.3 712.0 Rio_Grande_do_Sul DCRS -999.9 0.0 0.0 nan nan nan 0 nan nan nan nan nan
-28.939899 -51.188499 DCRS-00087 2026-09-14_20:27 14.0 -999.9 -999.9 92.9 -999.9 -999.9 12.9 -999.9 -999.9 982.1 -999.9 -999.9 2.7 -999.9 4.3 0.0 0.0 0.0 0.0 0.0 57.4 66.8 20.6 10.7 93.7 56.7 11.0 DCRS_-_Antônio_Prado/Flores_da_Cunha_(292_m) -999.9 -999.9 988.2 980.7 982.1 14.1 9.3 712.0 Rio_Grande_do_Sul DCRS -999.9 0.0 0.0 nan nan nan 0 nan nan nan nan nan
-28.939899 -51.188499 DCRS-00087 2026-09-14_20:28 13.9 -999.9 -999.9 92.7 -999.9 -999.9 12.7 -999.9 -999.9 982.1 -999.9 -999.9 2.0 -999.9 4.3 0.0 0.0 0.0 0.0 0.0 57.4 66.8 20.6 10.7 93.7 56.7 11.0 DCRS_-_Antônio_Prado/Flores_da_Cunha_(292_m) -999.9 -999.9 988.2 980.7 982.1 14.1 9.3 712.0 Rio_Grande_do_Sul DCRS -999.9 0.0 0.0 nan nan nan 0 nan nan nan nan nan
-28.939899 -51.188499 DCRS-00087 2026-09-14_20:29 13.9 -999.9 -999.9 92.6 -999.9 -999.9 12.7 -999.9 -999.9 982.1 -999.9 -999.9 4.0 -999.9 4.3 0.0 0.0 0.0 0.0 0.0 57.4 66.8 20.6 10.7 93.7 56.7 11.0 DCRS_-_Antônio_Prado/Flores_da_Cunha_(292_m) -999.9 -999.9 988.2 980.7 982.1 14.1 9.3 712.0 Rio_Grande_do_Sul DCRS -999.9 0.0 0.0 nan nan nan 0 nan nan nan nan nan
-28.939899 -51.188499 DCRS-00087 2026-09-14_20:30 13.9 -999.9 -999.9 92.2 -999.9 -999.9 12.6 -999.9 -999.9 982.1 -999.9 -999.9 -999.9 -999.9 4.3 0.0 0.0 0.0 0.0 0.0 57.4 66.8 20.6 10.7 93.7 56.7 11.0 DCRS_-_Antônio_Prado/Flores_da_Cunha_(292_m) -999.9 -999.9 988.2 980.7 982.1 14.1 9.3 712.0 Rio_Grande_do_Sul DCRS -999.9 0.0 0.0 nan nan nan 0 nan nan nan nan nan
-28.939899 -51.188499 DCRS-00087 2026-09-14_20:31 13.9 -999.9 -999.9 91.8 -999.9 -999.9 12.6 -999.9 -999.9 982.1 -999.9 -999.9 3.1 -999.9 4.3 0.0 0.0 0.0 0.0 0.0 57.4 66.8 20.6 10.7 93.7 56.7 11.0 DCRS_-_Antônio_Prado/Flores_da_Cunha_(292_m) -999.9 -999.9 988.2 980.7 982.1 14.1 9.3 712.0 Rio_Grande_do_Sul DCRS -999.9 0.0 0.0 nan nan nan 0 nan nan nan nan nan
-28.939899 -51.188499 DCRS-00087 2026-09-14_20:32 13.9 -999.9 -999.9 91.7 -999.9 -999.9 12.6 -999.9 -999.9 982.1 -999.9 -999.9 0.0 -999.9 4.3 0.0 0.0 0.0 0.0 0.0 57.4 66.8 20.6 10.7 93.7 56.7 11.0 DCRS_-_Antônio_Prado/Flores_da_Cunha_(292_m) -999.9 -999.9 988.2 980.7 982.1 14.1 9.3 712.0 Rio_Grande_do_Sul DCRS -999.9 0.0 0.0 nan nan nan 0 nan nan nan nan nan
-28.939899 -51.188499 DCRS-00087 2026-09-14_20:33 13.8 -999.9 -999.9 92.0 -999.9 -999.9 12.5 -999.9 -999.9 982.1 -999.9 -999.9 0.0 -999.9 4.3 0.0 0.0 0.0 0.0 0.0 57.4 66.8 20.6 10.7 93.7 56.7 11.0 DCRS_-_Antônio_Prado/Flores_da_Cunha_(292_m) -999.9 -999.9 988.2 980.7 982.1 14.1 9.3 712.0 Rio_Grande_do_Sul DCRS -999.9 0.0 0.0 nan nan nan 0 nan nan nan nan nan
-28.939899 -51.188499 DCRS-00087 2026-09-14_20:34 13.9 -999.9 -999.9 91.9 -999.9 -999.9 12.6 -999.9 -999.9 982.1 -999.9 -999.9 0.0 -999.9 4.3 0.0 0.0 0.0 0.0 0.0 57.4 66.8 20.6 10.7 93.7 56.7 11.0 DCRS_-_Antônio_Prado/Flores_da_Cunha_(292_m) -999.9 -999.9 988.2 980.7 982.1 14.1 9.3 712.0 Rio_Grande_do_Sul DCRS -999.9 0.0 0.0 nan nan nan 0 nan nan nan nan nan
-28.939899 -51.188499 DCRS-00087 2026-09-14_20:35 13.8 -999.9 -999.9 91.9 -999.9 -999.9 12.5 -999.9 -999.9 982.1 -999.9 -999.9 0.0 -999.9 4.6 0.0 0.0 0.0 0.0 0.0 57.4 66.8 20.6 10.7 93.7 56.7 11.0 DCRS_-_Antônio_Prado/Flores_da_Cunha_(292_m) -999.9 -999.9 988.2 980.7 982.1 14.1 9.3 712.0 Rio_Grande_do_Sul DCRS -999.9 0.0 0.0 nan nan nan 0 nan nan nan nan nan
-28.939899 -51.188499 DCRS-00087 2026-09-14_20:36 13.8 -999.9 -999.9 92.0 -999.9 -999.9 12.5 -999.9 -999.9 982.1 -999.9 -999.9 0.0 -999.9 4.6 0.0 0.0 0.0 0.0 0.0 57.4 66.8 20.6 10.7 93.7 56.7 11.0 DCRS_-_Antônio_Prado/Flores_da_Cunha_(292_m) -999.9 -999.9 988.2 980.7 982.1 14.1 9.3 712.0 Rio_Grande_do_Sul DCRS -999.9 0.0 0.0 nan nan nan 0 nan nan nan nan nan
-28.939899 -51.188499 DCRS-00087 2026-09-14_20:37 13.8 -999.9 -999.9 92.3 -999.9 -999.9 12.6 -999.9 -999.9 982.1 -999.9 -999.9 0.0 -999.9 4.6 0.0 0.0 0.0 0.0 0.0 57.4 66.8 20.6 10.7 93.7 56.7 11.0 DCRS_-_Antônio_Prado/Flores_da_Cunha_(292_m) -999.9 -999.9 988.2 980.7 982.1 14.1 9.3 712.0 Rio_Grande_do_Sul DCRS -999.9 0.0 0.0 nan nan nan 0 nan nan nan nan nan
-28.939899 -51.188499 DCRS-00087 2026-09-14_20:38 13.8 -999.9 -999.9 92.3 -999.9 -999.9 12.6 -999.9 -999.9 982.1 -999.9 -999.9 0.0 -999.9 4.6 0.0 0.0 0.0 0.0 0.0 57.4 66.8 20.6 10.7 93.7 56.7 11.0 DCRS_-_Antônio_Prado/Flores_da_Cunha_(292_m) -999.9 -999.9 988.2 980.7 982.1 14.1 9.3 712.0 Rio_Grande_do_Sul DCRS -999.9 0.0 0.0 nan nan nan 0 nan nan nan nan nan
-28.939899 -51.188499 DCRS-00087 2026-09-14_20:39 13.8 -999.9 -999.9 92.4 -999.9 -999.9 12.6 -999.9 -999.9 982.1 -999.9 -999.9 0.0 -999.9 4.6 0.0 0.0 0.0 0.0 0.0 57.4 66.8 20.6 10.7 93.7 56.7 11.0 DCRS_-_Antônio_Prado/Flores_da_Cunha_(292_m) -999.9 -999.9 988.2 980.7 982.1 14.1 9.3 712.0 Rio_Grande_do_Sul DCRS -999.9 0.0 0.0 nan nan nan 0 nan nan nan nan nan
-28.939899 -51.188499 DCRS-00087 2026-09-14_20:40 13.8 -999.9 -999.9 92.3 -999.9 -999.9 12.6 -999.9 -999.9 982.1 -999.9 -999.9 0.0 -999.9 6.7 0.0 0.0 0.0 0.0 0.0 57.4 66.8 20.6 10.7 93.7 56.7 11.0 DCRS_-_Antônio_Prado/Flores_da_Cunha_(292_m) -999.9 -999.9 988.2 980.7 982.1 14.1 9.3 712.0 Rio_Grande_do_Sul DCRS -999.9 0.0 0.0 nan nan nan 0 nan nan nan nan nan
-28.939899 -51.188499 DCRS-00087 2026-09-14_20:41 13.8 -999.9 -999.9 92.2 -999.9 -999.9 12.5 -999.9 -999.9 982.2 -999.9 -999.9 0.0 -999.9 6.7 0.0 0.0 0.0 0.0 0.0 57.4 66.8 20.6 10.7 93.7 56.7 11.0 DCRS_-_Antônio_Prado/Flores_da_Cunha_(292_m) -999.9 -999.9 988.2 980.7 982.2 14.1 9.3 712.0 Rio_Grande_do_Sul DCRS -999.9 0.0 0.0 nan nan nan 0 nan nan nan nan nan
-28.939899 -51.188499 DCRS-00087 2026-09-14_20:42 13.8 -999.9 -999.9 92.2 -999.9 -999.9 12.5 -999.9 -999.9 982.2 -999.9 -999.9 0.0 -999.9 6.7 0.0 0.0 0.0 0.0 0.0 57.4 66.8 20.6 10.7 93.7 56.7 11.0 DCRS_-_Antônio_Prado/Flores_da_Cunha_(292_m) -999.9 -999.9 988.2 980.7 982.2 14.1 9.3 712.0 Rio_Grande_do_Sul DCRS -999.9 0.0 0.0 nan nan nan 0 nan nan nan nan nan
-28.939899 -51.188499 DCRS-00087 2026-09-14_20:43 13.8 -999.9 -999.9 92.4 -999.9 -999.9 12.6 -999.9 -999.9 982.2 -999.9 -999.9 0.0 -999.9 6.7 0.0 0.0 0.0 0.0 0.0 57.4 66.8 20.6 10.7 93.7 56.7 11.0 DCRS_-_Antônio_Prado/Flores_da_Cunha_(292_m) -999.9 -999.9 988.2 980.7 982.2 14.1 9.3 712.0 Rio_Grande_do_Sul DCRS -999.9 0.0 0.0 nan nan nan 0 nan nan nan nan nan
-28.939899 -51.188499 DCRS-00087 2026-09-14_20:44 13.8 -999.9 -999.9 92.5 -999.9 -999.9 12.6 -999.9 -999.9 982.2 -999.9 -999.9 0.0 -999.9 6.7 0.0 0.0 0.0 0.0 0.0 57.4 66.8 20.6 10.7 93.7 56.7 11.0 DCRS_-_Antônio_Prado/Flores_da_Cunha_(292_m) -999.9 -999.9 988.2 980.7 982.2 14.1 9.3 712.0 Rio_Grande_do_Sul DCRS -999.9 0.0 0.0 nan nan nan 0 nan nan nan nan nan
-28.939899 -51.188499 DCRS-00087 2026-09-14_20:45 13.8 -999.9 -999.9 92.8 -999.9 -999.9 12.6 -999.9 -999.9 982.2 -999.9 -999.9 0.0 -999.9 2.5 0.0 0.0 0.0 0.0 0.0 57.4 66.8 20.6 10.7 93.7 56.7 11.0 DCRS_-_Antônio_Prado/Flores_da_Cunha_(292_m) -999.9 -999.9 988.2 980.7 982.2 14.1 9.3 712.0 Rio_Grande_do_Sul DCRS -999.9 0.0 0.0 nan nan nan 0 nan nan nan nan nan
-28.939899 -51.188499 DCRS-00087 2026-09-14_20:46 13.8 -999.9 -999.9 92.6 -999.9 -999.9 12.6 -999.9 -999.9 982.1 -999.9 -999.9 0.0 -999.9 2.5 0.0 0.0 0.0 0.0 0.0 57.4 66.8 20.6 10.7 93.7 56.7 11.0 DCRS_-_Antônio_Prado/Flores_da_Cunha_(292_m) -999.9 -999.9 988.2 980.7 982.1 14.1 9.3 712.0 Rio_Grande_do_Sul DCRS -999.9 0.0 0.0 nan nan nan 0 nan nan nan nan nan
-28.939899 -51.188499 DCRS-00087 2026-09-14_20:47 13.7 -999.9 -999.9 92.4 -999.9 -999.9 12.5 -999.9 -999.9 982.1 -999.9 -999.9 0.0 -999.9 2.5 0.0 0.0 0.0 0.0 0.0 57.4 66.8 20.6 10.7 93.7 56.7 11.0 DCRS_-_Antônio_Prado/Flores_da_Cunha_(292_m) -999.9 -999.9 988.2 980.7 982.1 14.1 9.3 712.0 Rio_Grande_do_Sul DCRS -999.9 0.0 0.0 nan nan nan 0 nan nan nan nan nan
-28.939899 -51.188499 DCRS-00087 2026-09-14_20:48 13.7 -999.9 -999.9 92.5 -999.9 -999.9 12.5 -999.9 -999.9 982.2 -999.9 -999.9 0.0 -999.9 2.5 0.0 0.0 0.0 0.0 0.0 57.4 66.8 20.6 10.7 93.7 56.7 11.0 DCRS_-_Antônio_Prado/Flores_da_Cunha_(292_m) -999.9 -999.9 988.2 980.7 982.2 14.1 9.3 712.0 Rio_Grande_do_Sul DCRS -999.9 0.0 0.0 nan nan nan 0 nan nan nan nan nan
-28.939899 -51.188499 DCRS-00087 2026-09-14_20:49 13.6 -999.9 -999.9 92.5 -999.9 -999.9 12.4 -999.9 -999.9 982.2 -999.9 -999.9 0.0 -999.9 2.5 0.0 0.0 0.0 0.0 0.0 57.4 66.8 20.6 10.7 93.7 56.7 11.0 DCRS_-_Antônio_Prado/Flores_da_Cunha_(292_m) -999.9 -999.9 988.2 980.7 982.2 14.1 9.3 712.0 Rio_Grande_do_Sul DCRS -999.9 0.0 0.0 nan nan nan 0 nan nan nan nan nan
-28.939899 -51.188499 DCRS-00087 2026-09-14_20:50 13.6 -999.9 -999.9 92.5 -999.9 -999.9 12.4 -999.9 -999.9 982.2 -999.9 -999.9 0.0 -999.9 0.0 0.0 0.0 0.0 0.0 0.0 57.4 66.8 20.6 10.7 93.7 56.7 11.0 DCRS_-_Antônio_Prado/Flores_da_Cunha_(292_m) -999.9 -999.9 988.2 980.7 982.2 14.1 9.3 712.0 Rio_Grande_do_Sul DCRS -999.9 0.0 0.0 nan nan nan 0 nan nan nan nan nan
-28.939899 -51.188499 DCRS-00087 2026-09-14_20:51 13.6 -999.9 -999.9 92.6 -999.9 -999.9 12.4 -999.9 -999.9 982.2 -999.9 -999.9 0.0 -999.9 0.0 0.0 0.0 0.0 0.0 0.0 57.4 66.8 20.6 10.7 93.7 56.7 11.0 DCRS_-_Antônio_Prado/Flores_da_Cunha_(292_m) -999.9 -999.9 988.2 980.7 982.2 14.1 9.3 712.0 Rio_Grande_do_Sul DCRS -999.9 0.0 0.0 nan nan nan 0 nan nan nan nan nan
-28.939899 -51.188499 DCRS-00087 2026-09-14_20:52 13.6 -999.9 -999.9 92.8 -999.9 -999.9 12.4 -999.9 -999.9 982.2 -999.9 -999.9 0.0 -999.9 0.0 0.0 0.0 0.0 0.0 0.0 57.4 66.8 20.6 10.7 93.7 56.7 11.0 DCRS_-_Antônio_Prado/Flores_da_Cunha_(292_m) -999.9 -999.9 988.2 980.7 982.2 14.1 9.3 712.0 Rio_Grande_do_Sul DCRS -999.9 0.0 0.0 nan nan nan 0 nan nan nan nan nan
-28.939899 -51.188499 DCRS-00087 2026-09-14_20:53 13.6 -999.9 -999.9 92.9 -999.9 -999.9 12.5 -999.9 -999.9 982.2 -999.9 -999.9 0.0 -999.9 0.0 0.0 0.0 0.0 0.0 0.0 57.4 66.8 20.6 10.7 93.7 56.7 11.0 DCRS_-_Antônio_Prado/Flores_da_Cunha_(292_m) -999.9 -999.9 988.2 980.7 982.2 14.1 9.3 712.0 Rio_Grande_do_Sul DCRS -999.9 0.0 0.0 nan nan nan 0 nan nan nan nan nan
-28.939899 -51.188499 DCRS-00087 2026-09-14_20:54 13.5 -999.9 -999.9 92.9 -999.9 -999.9 12.4 -999.9 -999.9 982.3 -999.9 -999.9 0.0 -999.9 0.0 0.0 0.0 0.0 0.0 0.0 57.4 66.8 20.6 10.7 93.7 56.7 11.0 DCRS_-_Antônio_Prado/Flores_da_Cunha_(292_m) -999.9 -999.9 988.2 980.7 982.3 14.1 9.3 712.0 Rio_Grande_do_Sul DCRS -999.9 0.0 0.0 nan nan nan 0 nan nan nan nan nan
-28.939899 -51.188499 DCRS-00087 2026-09-14_20:55 13.5 -999.9 -999.9 92.8 -999.9 -999.9 12.3 -999.9 -999.9 982.3 -999.9 -999.9 0.0 -999.9 1.9 0.0 0.0 0.0 0.0 0.0 57.4 66.8 20.6 10.7 93.7 56.7 11.0 DCRS_-_Antônio_Prado/Flores_da_Cunha_(292_m) -999.9 -999.9 988.2 980.7 982.3 14.1 9.3 712.0 Rio_Grande_do_Sul DCRS -999.9 0.0 0.0 nan nan nan 0 nan nan nan nan nan
-28.939899 -51.188499 DCRS-00087 2026-09-14_20:56 13.5 -999.9 -999.9 93.0 -999.9 -999.9 12.4 -999.9 -999.9 982.3 -999.9 -999.9 0.0 -999.9 1.9 0.0 0.0 0.0 0.0 0.0 57.4 66.8 20.6 10.7 93.7 56.7 11.0 DCRS_-_Antônio_Prado/Flores_da_Cunha_(292_m) -999.9 -999.9 988.2 980.7 982.3 14.1 9.3 712.0 Rio_Grande_do_Sul DCRS -999.9 0.0 0.0 nan nan nan 0 nan nan nan nan nan
-28.939899 -51.188499 DCRS-00087 2026-09-14_20:57 13.5 -999.9 -999.9 93.0 -999.9 -999.9 12.4 -999.9 -999.9 982.3 -999.9 -999.9 0.0 -999.9 1.9 0.0 0.0 0.0 0.0 0.0 57.4 66.8 20.6 10.7 93.7 56.7 11.0 DCRS_-_Antônio_Prado/Flores_da_Cunha_(292_m) -999.9 -999.9 988.2 980.7 982.3 14.1 9.3 712.0 Rio_Grande_do_Sul DCRS -999.9 0.0 0.0 nan nan nan 0 nan nan nan nan nan
-28.939899 -51.188499 DCRS-00087 2026-09-14_20:58 13.5 -999.9 -999.9 93.0 -999.9 -999.9 12.4 -999.9 -999.9 982.3 -999.9 -999.9 0.0 -999.9 1.9 0.0 0.0 0.0 0.0 0.0 57.4 66.8 20.6 10.7 93.7 56.7 11.0 DCRS_-_Antônio_Prado/Flores_da_Cunha_(292_m) -999.9 -999.9 988.2 980.7 982.3 14.1 9.3 712.0 Rio_Grande_do_Sul DCRS -999.9 0.0 0.0 nan nan nan 0 nan nan nan nan nan
-28.939899 -51.188499 DCRS-00087 2026-09-14_20:59 13.4 -999.9 -999.9 93.1 -999.9 -999.9 12.3 -999.9 -999.9 982.4 -999.9 -999.9 0.0 -999.9 1.9 0.0 0.0 0.0 0.0 0.0 57.4 66.8 20.6 10.7 93.7 56.7 11.0 DCRS_-_Antônio_Prado/Flores_da_Cunha_(292_m) -999.9 -999.9 988.2 980.7 982.4 14.1 9.3 712.0 Rio_Grande_do_Sul DCRS -999.9 0.0 0.0 nan nan nan 0 nan nan nan nan nan
-28.939899 -51.188499 DCRS-00087 2026-09-14_21:00 13.4 -999.9 -999.9 93.1 -999.9 -999.9 12.3 -999.9 -999.9 982.4 -999.9 -999.9 0.0 -999.9 2.2 0.0 0.0 0.0 0.0 0.0 57.4 66.8 20.6 10.7 93.7 56.7 11.0 DCRS_-_Antônio_Prado/Flores_da_Cunha_(292_m) -999.9 -999.9 988.2 980.7 982.4 14.1 9.3 712.0 Rio_Grande_do_Sul DCRS -999.9 0.0 0.0 nan nan nan 0 nan nan nan nan nan
-28.939899 -51.188499 DCRS-00087 2026-09-14_21:01 13.5 -999.9 -999.9 93.0 -999.9 -999.9 12.4 -999.9 -999.9 982.4 -999.9 -999.9 0.0 -999.9 2.2 0.0 0.0 0.0 0.0 0.0 57.4 66.8 20.6 10.7 93.7 56.7 11.0 DCRS_-_Antônio_Prado/Flores_da_Cunha_(292_m) -999.9 -999.9 988.2 980.7 982.4 14.1 9.3 712.0 Rio_Grande_do_Sul DCRS -999.9 0.0 0.0 nan nan nan 0 nan nan nan nan nan
-28.939899 -51.188499 DCRS-00087 2026-09-14_21:02 13.5 -999.9 -999.9 93.1 -999.9 -999.9 12.4 -999.9 -999.9 982.4 -999.9 -999.9 0.0 -999.9 2.2 0.0 0.0 0.0 0.0 0.0 57.4 66.8 20.6 10.7 93.7 56.7 11.0 DCRS_-_Antônio_Prado/Flores_da_Cunha_(292_m) -999.9 -999.9 988.2 980.7 982.4 14.1 9.3 712.0 Rio_Grande_do_Sul DCRS -999.9 0.0 0.0 nan nan nan 0 nan nan nan nan nan
-28.939899 -51.188499 DCRS-00087 2026-09-14_21:03 13.5 -999.9 -999.9 92.9 -999.9 -999.9 12.4 -999.9 -999.9 982.4 -999.9 -999.9 0.0 -999.9 2.2 0.0 0.0 0.0 0.0 0.0 57.4 66.8 20.6 10.7 93.7 56.7 11.0 DCRS_-_Antônio_Prado/Flores_da_Cunha_(292_m) -999.9 -999.9 988.2 980.7 982.4 14.1 9.3 712.0 Rio_Grande_do_Sul DCRS -999.9 0.0 0.0 nan nan nan 0 nan nan nan nan nan
-28.939899 -51.188499 DCRS-00087 2026-09-14_21:04 13.4 -999.9 -999.9 93.0 -999.9 -999.9 12.3 -999.9 -999.9 982.5 -999.9 -999.9 0.0 -999.9 2.2 0.0 0.0 0.0 0.0 0.0 57.4 66.8 20.6 10.7 93.7 56.7 11.0 DCRS_-_Antônio_Prado/Flores_da_Cunha_(292_m) -999.9 -999.9 988.2 980.7 982.5 14.1 9.3 712.0 Rio_Grande_do_Sul DCRS -999.9 0.0 0.0 nan nan nan 0 nan nan nan nan nan
-28.939899 -51.188499 DCRS-00087 2026-09-14_21:05 13.4 -999.9 -999.9 92.9 -999.9 -999.9 12.3 -999.9 -999.9 982.5 -999.9 -999.9 0.0 -999.9 0.0 0.0 0.0 0.0 0.0 0.0 57.4 66.8 20.6 10.7 93.7 56.7 11.0 DCRS_-_Antônio_Prado/Flores_da_Cunha_(292_m) -999.9 -999.9 988.2 980.7 982.5 14.1 9.3 712.0 Rio_Grande_do_Sul DCRS -999.9 0.0 0.0 nan nan nan 0 nan nan nan nan nan
-28.939899 -51.188499 DCRS-00087 2026-09-14_21:06 13.5 -999.9 -999.9 93.1 -999.9 -999.9 12.4 -999.9 -999.9 982.5 -999.9 -999.9 0.0 -999.9 0.0 0.0 0.0 0.0 0.0 0.0 57.4 66.8 20.6 10.7 93.7 56.7 11.0 DCRS_-_Antônio_Prado/Flores_da_Cunha_(292_m) -999.9 -999.9 988.2 980.7 982.5 14.1 9.3 712.0 Rio_Grande_do_Sul DCRS -999.9 0.0 0.0 nan nan nan 0 nan nan nan nan nan
-28.939899 -51.188499 DCRS-00087 2026-09-14_21:07 13.5 -999.9 -999.9 93.2 -999.9 -999.9 12.4 -999.9 -999.9 982.5 -999.9 -999.9 0.0 -999.9 0.0 0.0 0.0 0.0 0.0 0.0 57.4 66.8 20.6 10.7 93.7 56.7 11.0 DCRS_-_Antônio_Prado/Flores_da_Cunha_(292_m) -999.9 -999.9 988.2 980.7 982.5 14.1 9.3 712.0 Rio_Grande_do_Sul DCRS -999.9 0.0 0.0 nan nan nan 0 nan nan nan nan nan
-28.939899 -51.188499 DCRS-00087 2026-09-14_21:08 13.5 -999.9 -999.9 93.2 -999.9 -999.9 12.4 -999.9 -999.9 982.5 -999.9 -999.9 0.0 -999.9 0.0 0.0 0.0 0.0 0.0 0.0 57.4 66.8 20.6 10.7 93.7 56.7 11.0 DCRS_-_Antônio_Prado/Flores_da_Cunha_(292_m) -999.9 -999.9 988.2 980.7 982.5 14.1 9.3 712.0 Rio_Grande_do_Sul DCRS -999.9 0.0 0.0 nan nan nan 0 nan nan nan nan nan
-28.939899 -51.188499 DCRS-00087 2026-09-14_21:09 13.5 -999.9 -999.9 92.7 -999.9 -999.9 12.3 -999.9 -999.9 982.5 -999.9 -999.9 0.0 -999.9 0.0 0.0 0.0 0.0 0.0 0.0 57.4 66.8 20.6 10.7 93.7 56.7 11.0 DCRS_-_Antônio_Prado/Flores_da_Cunha_(292_m) -999.9 -999.9 988.2 980.7 982.5 14.1 9.3 712.0 Rio_Grande_do_Sul DCRS -999.9 0.0 0.0 nan nan nan 0 nan nan nan nan nan
-28.939899 -51.188499 DCRS-00087 2026-09-14_21:10 13.6 -999.9 -999.9 92.8 -999.9 -999.9 12.4 -999.9 -999.9 982.5 -999.9 -999.9 -999.9 -999.9 0.0 0.0 0.0 0.0 0.0 0.0 57.4 66.8 20.6 10.7 93.7 56.7 11.0 DCRS_-_Antônio_Prado/Flores_da_Cunha_(292_m) -999.9 -999.9 988.2 980.7 982.5 14.1 9.3 712.0 Rio_Grande_do_Sul DCRS -999.9 0.0 0.0 nan nan nan 0 nan nan nan nan nan
-28.939899 -51.188499 DCRS-00087 2026-09-14_21:11 13.6 -999.9 -999.9 92.9 -999.9 -999.9 12.5 -999.9 -999.9 982.6 -999.9 -999.9 0.0 -999.9 0.0 0.0 0.0 0.0 0.0 0.0 57.4 66.8 20.6 10.7 93.7 56.7 11.0 DCRS_-_Antônio_Prado/Flores_da_Cunha_(292_m) -999.9 -999.9 988.2 980.7 982.6 14.1 9.3 712.0 Rio_Grande_do_Sul DCRS -999.9 0.0 0.0 nan nan nan 0 nan nan nan nan nan
-28.939899 -51.188499 DCRS-00087 2026-09-14_21:12 13.6 -999.9 -999.9 92.9 -999.9 -999.9 12.5 -999.9 -999.9 982.6 -999.9 -999.9 0.0 -999.9 0.0 0.0 0.0 0.0 0.0 0.0 57.4 66.8 20.6 10.7 93.7 56.7 11.0 DCRS_-_Antônio_Prado/Flores_da_Cunha_(292_m) -999.9 -999.9 988.2 980.7 982.6 14.1 9.3 712.0 Rio_Grande_do_Sul DCRS -999.9 0.0 0.0 nan nan nan 0 nan nan nan nan nan
-28.939899 -51.188499 DCRS-00087 2026-09-14_21:13 13.6 -999.9 -999.9 92.8 -999.9 -999.9 12.4 -999.9 -999.9 982.6 -999.9 -999.9 0.0 -999.9 0.0 0.0 0.0 0.0 0.0 0.0 57.4 66.8 20.6 10.7 93.7 56.7 11.0 DCRS_-_Antônio_Prado/Flores_da_Cunha_(292_m) -999.9 -999.9 988.2 980.7 982.6 14.1 9.3 712.0 Rio_Grande_do_Sul DCRS -999.9 0.0 0.0 nan nan nan 0 nan nan nan nan nan
-28.939899 -51.188499 DCRS-00087 2026-09-14_21:14 13.6 -999.9 -999.9 92.8 -999.9 -999.9 12.4 -999.9 -999.9 982.6 -999.9 -999.9 0.0 -999.9 0.0 0.0 0.0 0.0 0.0 0.0 57.4 66.8 20.6 10.7 93.7 56.7 11.0 DCRS_-_Antônio_Prado/Flores_da_Cunha_(292_m) -999.9 -999.9 988.2 980.7 982.6 14.1 9.3 712.0 Rio_Grande_do_Sul DCRS -999.9 0.0 0.0 nan nan nan 0 nan nan nan nan nan
-28.939899 -51.188499 DCRS-00087 2026-09-14_21:15 13.6 -999.9 -999.9 92.9 -999.9 -999.9 12.5 -999.9 -999.9 982.6 -999.9 -999.9 0.0 -999.9 2.4 0.0 0.0 0.0 0.0 0.0 57.4 66.8 20.6 10.7 93.7 56.7 11.0 DCRS_-_Antônio_Prado/Flores_da_Cunha_(292_m) -999.9 -999.9 988.2 980.7 982.6 14.1 9.3 712.0 Rio_Grande_do_Sul DCRS -999.9 0.0 0.0 nan nan nan 0 nan nan nan nan nan
-28.939899 -51.188499 DCRS-00087 2026-09-14_21:16 13.6 -999.9 -999.9 92.8 -999.9 -999.9 12.4 -999.9 -999.9 982.6 -999.9 -999.9 0.0 -999.9 2.4 0.0 0.0 0.0 0.0 0.0 57.4 66.8 20.6 10.7 93.7 56.7 11.0 DCRS_-_Antônio_Prado/Flores_da_Cunha_(292_m) -999.9 -999.9 988.2 980.7 982.6 14.1 9.3 712.0 Rio_Grande_do_Sul DCRS -999.9 0.0 0.0 nan nan nan 0 nan nan nan nan nan
-28.939899 -51.188499 DCRS-00087 2026-09-14_21:17 13.6 -999.9 -999.9 92.9 -999.9 -999.9 12.5 -999.9 -999.9 982.6 -999.9 -999.9 -999.9 -999.9 2.4 0.0 0.0 0.0 0.0 0.0 57.4 66.8 20.6 10.7 93.7 56.7 11.0 DCRS_-_Antônio_Prado/Flores_da_Cunha_(292_m) -999.9 -999.9 988.2 980.7 982.6 14.1 9.3 712.0 Rio_Grande_do_Sul DCRS -999.9 0.0 0.0 nan nan nan 0 nan nan nan nan nan
-28.939899 -51.188499 DCRS-00087 2026-09-14_21:18 13.7 -999.9 -999.9 93.0 -999.9 -999.9 12.6 -999.9 -999.9 982.6 -999.9 -999.9 -999.9 -999.9 2.4 0.0 0.0 0.0 0.0 0.0 57.4 66.8 20.6 10.7 93.7 56.7 11.0 DCRS_-_Antônio_Prado/Flores_da_Cunha_(292_m) -999.9 -999.9 988.2 980.7 982.6 14.1 9.3 712.0 Rio_Grande_do_Sul DCRS -999.9 0.0 0.0 nan nan nan 0 nan nan nan nan nan
-28.939899 -51.188499 DCRS-00087 2026-09-14_21:19 13.7 -999.9 -999.9 93.2 -999.9 -999.9 12.6 -999.9 -999.9 982.6 -999.9 -999.9 2.3 -999.9 2.4 0.0 0.0 0.0 0.0 0.0 57.4 66.8 20.6 10.7 93.7 56.7 11.0 DCRS_-_Antônio_Prado/Flores_da_Cunha_(292_m) -999.9 -999.9 988.2 980.7 982.6 14.1 9.3 712.0 Rio_Grande_do_Sul DCRS -999.9 0.0 0.0 nan nan nan 0 nan nan nan nan nan
-28.939899 -51.188499 DCRS-00087 2026-09-14_21:20 13.7 -999.9 -999.9 93.3 -999.9 -999.9 12.6 -999.9 -999.9 982.5 -999.9 -999.9 2.2 -999.9 3.3 0.0 0.0 0.0 0.0 0.0 57.4 66.8 20.6 10.7 93.7 56.7 11.0 DCRS_-_Antônio_Prado/Flores_da_Cunha_(292_m) -999.9 -999.9 988.2 980.7 982.5 14.1 9.3 712.0 Rio_Grande_do_Sul DCRS -999.9 0.0 0.0 nan nan nan 0 nan nan nan nan nan
-28.939899 -51.188499 DCRS-00087 2026-09-14_21:21 13.7 -999.9 -999.9 93.4 -999.9 -999.9 12.6 -999.9 -999.9 982.5 -999.9 -999.9 2.0 -999.9 3.3 0.0 0.0 0.0 0.0 0.0 57.4 66.8 20.6 10.7 93.7 56.7 11.0 DCRS_-_Antônio_Prado/Flores_da_Cunha_(292_m) -999.9 -999.9 988.2 980.7 982.5 14.1 9.3 712.0 Rio_Grande_do_Sul DCRS -999.9 0.0 0.0 nan nan nan 0 nan nan nan nan nan
-28.939899 -51.188499 DCRS-00087 2026-09-14_21:22 13.6 -999.9 -999.9 93.5 -999.9 -999.9 12.6 -999.9 -999.9 982.5 -999.9 -999.9 2.1 -999.9 3.3 0.0 0.0 0.0 0.0 0.0 57.4 66.8 20.6 10.7 93.7 56.7 11.0 DCRS_-_Antônio_Prado/Flores_da_Cunha_(292_m) -999.9 -999.9 988.2 980.7 982.5 14.1 9.3 712.0 Rio_Grande_do_Sul DCRS -999.9 0.0 0.0 nan nan nan 0 nan nan nan nan nan
-28.939899 -51.188499 DCRS-00087 2026-09-14_21:23 13.6 -999.9 -999.9 93.6 -999.9 -999.9 12.6 -999.9 -999.9 982.5 -999.9 -999.9 0.0 -999.9 3.3 0.0 0.0 0.0 0.0 0.0 57.4 66.8 20.6 10.7 93.7 56.7 11.0 DCRS_-_Antônio_Prado/Flores_da_Cunha_(292_m) -999.9 -999.9 988.2 980.7 982.5 14.1 9.3 712.0 Rio_Grande_do_Sul DCRS -999.9 0.0 0.0 nan nan nan 0 nan nan nan nan nan
-28.939899 -51.188499 DCRS-00087 2026-09-14_21:24 13.6 -999.9 -999.9 93.6 -999.9 -999.9 12.6 -999.9 -999.9 982.4 -999.9 -999.9 0.0 -999.9 3.3 0.0 0.0 0.0 0.0 0.0 57.4 66.8 20.6 10.7 93.7 56.7 11.0 DCRS_-_Antônio_Prado/Flores_da_Cunha_(292_m) -999.9 -999.9 988.2 980.7 982.4 14.1 9.3 712.0 Rio_Grande_do_Sul DCRS -999.9 0.0 0.0 nan nan nan 0 nan nan nan nan nan
-28.939899 -51.188499 DCRS-00087 2026-09-14_21:25 13.6 -999.9 -999.9 93.6 -999.9 -999.9 12.6 -999.9 -999.9 982.4 -999.9 -999.9 0.0 -999.9 2.4 0.0 0.0 0.0 0.0 0.0 57.4 66.8 20.6 10.7 93.7 56.7 11.0 DCRS_-_Antônio_Prado/Flores_da_Cunha_(292_m) -999.9 -999.9 988.2 980.7 982.4 14.1 9.3 712.0 Rio_Grande_do_Sul DCRS -999.9 0.0 0.0 nan nan nan 0 nan nan nan nan nan
-28.939899 -51.188499 DCRS-00087 2026-09-14_21:26 13.6 -999.9 -999.9 93.5 -999.9 -999.9 12.6 -999.9 -999.9 982.4 -999.9 -999.9 0.0 -999.9 2.4 0.0 0.0 0.0 0.0 0.0 57.4 66.8 20.6 10.7 93.7 56.7 11.0 DCRS_-_Antônio_Prado/Flores_da_Cunha_(292_m) -999.9 -999.9 988.2 980.7 982.4 14.1 9.3 712.0 Rio_Grande_do_Sul DCRS -999.9 0.0 0.0 nan nan nan 0 nan nan nan nan nan
-28.939899 -51.188499 DCRS-00087 2026-09-14_21:27 13.6 -999.9 -999.9 93.6 -999.9 -999.9 12.6 -999.9 -999.9 982.3 -999.9 -999.9 0.0 -999.9 2.4 0.0 0.0 0.0 0.0 0.0 57.4 66.8 20.6 10.7 93.7 56.7 11.0 DCRS_-_Antônio_Prado/Flores_da_Cunha_(292_m) -999.9 -999.9 988.2 980.7 982.3 14.1 9.3 712.0 Rio_Grande_do_Sul DCRS -999.9 0.0 0.0 nan nan nan 0 nan nan nan nan nan
-28.939899 -51.188499 DCRS-00087 2026-09-14_21:28 13.6 -999.9 -999.9 93.6 -999.9 -999.9 12.6 -999.9 -999.9 982.3 -999.9 -999.9 0.0 -999.9 2.4 0.0 0.0 0.0 0.0 0.0 57.4 66.8 20.6 10.7 93.7 56.7 11.0 DCRS_-_Antônio_Prado/Flores_da_Cunha_(292_m) -999.9 -999.9 988.2 980.7 982.3 14.1 9.3 712.0 Rio_Grande_do_Sul DCRS -999.9 0.0 0.0 nan nan nan 0 nan nan nan nan nan
-28.939899 -51.188499 DCRS-00087 2026-09-14_21:29 13.6 -999.9 -999.9 93.7 -999.9 -999.9 12.6 -999.9 -999.9 982.3 -999.9 -999.9 1.8 -999.9 2.4 0.0 0.0 0.0 0.0 0.0 57.4 66.8 20.6 10.7 93.7 56.7 11.0 DCRS_-_Antônio_Prado/Flores_da_Cunha_(292_m) -999.9 -999.9 988.2 980.7 982.3 14.1 9.3 712.0 Rio_Grande_do_Sul DCRS -999.9 0.0 0.0 nan nan nan 0 nan nan nan nan nan
-28.939899 -51.188499 DCRS-00087 2026-09-14_21:30 13.5 -999.9 -999.9 93.7 -999.9 -999.9 12.5 -999.9 -999.9 982.3 -999.9 -999.9 0.0 -999.9 2.3 0.0 0.0 0.0 0.0 0.0 57.4 66.8 20.6 10.7 93.7 56.7 11.0 DCRS_-_Antônio_Prado/Flores_da_Cunha_(292_m) -999.9 -999.9 988.2 980.7 982.3 14.1 9.3 712.0 Rio_Grande_do_Sul DCRS -999.9 0.0 0.0 nan nan nan 0 nan nan nan nan nan
-28.939899 -51.188499 DCRS-00087 2026-09-14_21:31 13.6 -999.9 -999.9 93.8 -999.9 -999.9 12.6 -999.9 -999.9 982.3 -999.9 -999.9 0.0 -999.9 2.3 0.0 0.0 0.0 0.0 0.0 57.4 66.8 20.6 10.7 93.8 56.7 11.0 DCRS_-_Antônio_Prado/Flores_da_Cunha_(292_m) -999.9 -999.9 988.2 980.7 982.3 14.1 9.3 712.0 Rio_Grande_do_Sul DCRS -999.9 0.0 0.0 nan nan nan 0 nan nan nan nan nan
-28.939899 -51.188499 DCRS-00087 2026-09-14_21:32 13.6 -999.9 -999.9 93.8 -999.9 -999.9 12.6 -999.9 -999.9 982.4 -999.9 -999.9 0.0 -999.9 2.3 0.0 0.0 0.0 0.0 0.0 57.4 66.8 20.6 10.7 93.8 56.7 11.0 DCRS_-_Antônio_Prado/Flores_da_Cunha_(292_m) -999.9 -999.9 988.2 980.7 982.4 14.1 9.3 712.0 Rio_Grande_do_Sul DCRS -999.9 0.0 0.0 nan nan nan 0 nan nan nan nan nan
-28.939899 -51.188499 DCRS-00087 2026-09-14_21:33 13.6 -999.9 -999.9 93.9 -999.9 -999.9 12.6 -999.9 -999.9 982.3 -999.9 -999.9 0.0 -999.9 2.3 0.0 0.0 0.0 0.0 0.0 57.4 66.8 20.6 10.7 93.9 56.7 11.0 DCRS_-_Antônio_Prado/Flores_da_Cunha_(292_m) -999.9 -999.9 988.2 980.7 982.3 14.1 9.3 712.0 Rio_Grande_do_Sul DCRS -999.9 0.0 0.0 nan nan nan 0 nan nan nan nan nan
-28.939899 -51.188499 DCRS-00087 2026-09-14_21:34 13.5 -999.9 -999.9 93.9 -999.9 -999.9 12.5 -999.9 -999.9 982.3 -999.9 -999.9 2.3 -999.9 2.3 0.0 0.0 0.0 0.0 0.0 57.4 66.8 20.6 10.7 93.9 56.7 11.0 DCRS_-_Antônio_Prado/Flores_da_Cunha_(292_m) -999.9 -999.9 988.2 980.7 982.3 14.1 9.3 712.0 Rio_Grande_do_Sul DCRS -999.9 0.0 0.0 nan nan nan 0 nan nan nan nan nan
-28.939899 -51.188499 DCRS-00087 2026-09-14_21:35 13.5 -999.9 -999.9 94.0 -999.9 -999.9 12.5 -999.9 -999.9 982.3 -999.9 -999.9 3.6 -999.9 4.1 0.0 0.0 0.0 0.0 0.0 57.4 66.8 20.6 10.7 94.0 56.7 11.0 DCRS_-_Antônio_Prado/Flores_da_Cunha_(292_m) -999.9 -999.9 988.2 980.7 982.3 14.1 9.3 712.0 Rio_Grande_do_Sul DCRS -999.9 0.0 0.0 nan nan nan 0 nan nan nan nan nan
-28.939899 -51.188499 DCRS-00087 2026-09-14_21:36 13.5 -999.9 -999.9 94.0 -999.9 -999.9 12.5 -999.9 -999.9 982.3 -999.9 -999.9 1.9 -999.9 4.1 0.0 0.0 0.0 0.0 0.0 57.4 66.8 20.6 10.7 94.0 56.7 11.0 DCRS_-_Antônio_Prado/Flores_da_Cunha_(292_m) -999.9 -999.9 988.2 980.7 982.3 14.1 9.3 712.0 Rio_Grande_do_Sul DCRS -999.9 0.0 0.0 nan nan nan 0 nan nan nan nan nan
-28.939899 -51.188499 DCRS-00087 2026-09-14_21:37 13.4 -999.9 -999.9 93.7 -999.9 -999.9 12.4 -999.9 -999.9 982.3 -999.9 -999.9 2.5 -999.9 4.1 0.0 0.0 0.0 0.0 0.0 57.4 66.8 20.6 10.7 94.0 56.7 11.0 DCRS_-_Antônio_Prado/Flores_da_Cunha_(292_m) -999.9 -999.9 988.2 980.7 982.3 14.1 9.3 712.0 Rio_Grande_do_Sul DCRS -999.9 0.0 0.0 nan nan nan 0 nan nan nan nan nan
-28.939899 -51.188499 DCRS-00087 2026-09-14_21:38 13.5 -999.9 -999.9 93.6 -999.9 -999.9 12.5 -999.9 -999.9 982.3 -999.9 -999.9 0.0 -999.9 4.1 0.0 0.0 0.0 0.0 0.0 57.4 66.8 20.6 10.7 94.0 56.7 11.0 DCRS_-_Antônio_Prado/Flores_da_Cunha_(292_m) -999.9 -999.9 988.2 980.7 982.3 14.1 9.3 712.0 Rio_Grande_do_Sul DCRS -999.9 0.0 0.0 nan nan nan 0 nan nan nan nan nan
-28.939899 -51.188499 DCRS-00087 2026-09-14_21:39 13.4 -999.9 -999.9 93.6 -999.9 -999.9 12.4 -999.9 -999.9 982.3 -999.9 -999.9 0.0 -999.9 4.1 0.0 0.0 0.0 0.0 0.0 57.4 66.8 20.6 10.7 94.0 56.7 11.0 DCRS_-_Antônio_Prado/Flores_da_Cunha_(292_m) -999.9 -999.9 988.2 980.7 982.3 14.1 9.3 712.0 Rio_Grande_do_Sul DCRS -999.9 0.0 0.0 nan nan nan 0 nan nan nan nan nan
-28.939899 -51.188499 DCRS-00087 2026-09-14_21:40 13.4 -999.9 -999.9 93.6 -999.9 -999.9 12.4 -999.9 -999.9 982.4 -999.9 -999.9 0.0 -999.9 4.1 0.0 0.0 0.0 0.0 0.0 57.4 66.8 20.6 10.7 94.0 56.7 11.0 DCRS_-_Antônio_Prado/Flores_da_Cunha_(292_m) -999.9 -999.9 988.2 980.7 982.4 14.1 9.3 712.0 Rio_Grande_do_Sul DCRS -999.9 0.0 0.0 nan nan nan 0 nan nan nan nan nan
-28.939899 -51.188499 DCRS-00087 2026-09-14_21:41 13.4 -999.9 -999.9 93.5 -999.9 -999.9 12.4 -999.9 -999.9 982.4 -999.9 -999.9 0.0 -999.9 4.1 0.0 0.0 0.0 0.0 0.0 57.4 66.8 20.6 10.7 94.0 56.7 11.0 DCRS_-_Antônio_Prado/Flores_da_Cunha_(292_m) -999.9 -999.9 988.2 980.7 982.4 14.1 9.3 712.0 Rio_Grande_do_Sul DCRS -999.9 0.0 0.0 nan nan nan 0 nan nan nan nan nan
-28.939899 -51.188499 DCRS-00087 2026-09-14_21:42 13.4 -999.9 -999.9 93.5 -999.9 -999.9 12.4 -999.9 -999.9 982.4 -999.9 -999.9 0.0 -999.9 4.1 0.0 0.0 0.0 0.0 0.0 57.4 66.8 20.6 10.7 94.0 56.7 11.0 DCRS_-_Antônio_Prado/Flores_da_Cunha_(292_m) -999.9 -999.9 988.2 980.7 982.4 14.1 9.3 712.0 Rio_Grande_do_Sul DCRS -999.9 0.0 0.0 nan nan nan 0 nan nan nan nan nan
-28.939899 -51.188499 DCRS-00087 2026-09-14_21:43 13.4 -999.9 -999.9 93.5 -999.9 -999.9 12.4 -999.9 -999.9 982.4 -999.9 -999.9 0.0 -999.9 4.1 0.0 0.0 0.0 0.0 0.0 57.4 66.8 20.6 10.7 94.0 56.7 11.0 DCRS_-_Antônio_Prado/Flores_da_Cunha_(292_m) -999.9 -999.9 988.2 980.7 982.4 14.1 9.3 712.0 Rio_Grande_do_Sul DCRS -999.9 0.0 0.0 nan nan nan 0 nan nan nan nan nan
-28.939899 -51.188499 DCRS-00087 2026-09-14_21:44 13.4 -999.9 -999.9 93.6 -999.9 -999.9 12.4 -999.9 -999.9 982.4 -999.9 -999.9 0.0 -999.9 4.1 0.0 0.0 0.0 0.0 0.0 57.4 66.8 20.6 10.7 94.0 56.7 11.0 DCRS_-_Antônio_Prado/Flores_da_Cunha_(292_m) -999.9 -999.9 988.2 980.7 982.4 14.1 9.3 712.0 Rio_Grande_do_Sul DCRS -999.9 0.0 0.0 nan nan nan 0 nan nan nan nan nan
-28.939899 -51.188499 DCRS-00087 2026-09-14_21:45 13.4 -999.9 -999.9 93.3 -999.9 -999.9 12.3 -999.9 -999.9 982.4 -999.9 -999.9 0.0 -999.9 2.8 0.0 0.0 0.0 0.0 0.0 57.4 66.8 20.6 10.7 94.0 56.7 11.0 DCRS_-_Antônio_Prado/Flores_da_Cunha_(292_m) -999.9 -999.9 988.2 980.7 982.4 14.1 9.3 712.0 Rio_Grande_do_Sul DCRS -999.9 0.0 0.0 nan nan nan 0 nan nan nan nan nan
-28.939899 -51.188499 DCRS-00087 2026-09-14_21:46 13.4 -999.9 -999.9 93.2 -999.9 -999.9 12.3 -999.9 -999.9 982.4 -999.9 -999.9 1.9 -999.9 2.8 0.0 0.0 0.0 0.0 0.0 57.4 66.8 20.6 10.7 94.0 56.7 11.0 DCRS_-_Antônio_Prado/Flores_da_Cunha_(292_m) -999.9 -999.9 988.2 980.7 982.4 14.1 9.3 712.0 Rio_Grande_do_Sul DCRS -999.9 0.0 0.0 nan nan nan 0 nan nan nan nan nan
-28.939899 -51.188499 DCRS-00087 2026-09-14_21:47 13.4 -999.9 -999.9 93.1 -999.9 -999.9 12.3 -999.9 -999.9 982.4 -999.9 -999.9 0.0 -999.9 2.8 0.0 0.0 0.0 0.0 0.0 57.4 66.8 20.6 10.7 94.0 56.7 11.0 DCRS_-_Antônio_Prado/Flores_da_Cunha_(292_m) -999.9 -999.9 988.2 980.7 982.4 14.1 9.3 712.0 Rio_Grande_do_Sul DCRS -999.9 0.0 0.0 nan nan nan 0 nan nan nan nan nan
-28.939899 -51.188499 DCRS-00087 2026-09-14_21:48 13.4 -999.9 -999.9 93.3 -999.9 -999.9 12.3 -999.9 -999.9 982.4 -999.9 -999.9 0.0 -999.9 2.8 0.0 0.0 0.0 0.0 0.0 57.4 66.8 20.6 10.7 94.0 56.7 11.0 DCRS_-_Antônio_Prado/Flores_da_Cunha_(292_m) -999.9 -999.9 988.2 980.7 982.4 14.1 9.3 712.0 Rio_Grande_do_Sul DCRS -999.9 0.0 0.0 nan nan nan 0 nan nan nan nan nan
-28.939899 -51.188499 DCRS-00087 2026-09-14_21:49 13.4 -999.9 -999.9 93.4 -999.9 -999.9 12.3 -999.9 -999.9 982.4 -999.9 -999.9 0.0 -999.9 2.8 0.0 0.0 0.0 0.0 0.0 57.4 66.8 20.6 10.7 94.0 56.7 11.0 DCRS_-_Antônio_Prado/Flores_da_Cunha_(292_m) -999.9 -999.9 988.2 980.7 982.4 14.1 9.3 712.0 Rio_Grande_do_Sul DCRS -999.9 0.0 0.0 nan nan nan 0 nan nan nan nan nan
-28.939899 -51.188499 DCRS-00087 2026-09-14_21:50 13.3 -999.9 -999.9 93.3 -999.9 -999.9 12.2 -999.9 -999.9 982.4 -999.9 -999.9 2.6 -999.9 3.2 0.0 0.0 0.0 0.0 0.0 57.4 66.8 20.6 10.7 94.0 56.7 11.0 DCRS_-_Antônio_Prado/Flores_da_Cunha_(292_m) -999.9 -999.9 988.2 980.7 982.4 14.1 9.3 712.0 Rio_Grande_do_Sul DCRS -999.9 0.0 0.0 nan nan nan 0 nan nan nan nan nan
-28.939899 -51.188499 DCRS-00087 2026-09-14_21:51 13.3 -999.9 -999.9 93.3 -999.9 -999.9 12.2 -999.9 -999.9 982.4 -999.9 -999.9 2.2 -999.9 3.2 0.0 0.0 0.0 0.0 0.0 57.4 66.8 20.6 10.7 94.0 56.7 11.0 DCRS_-_Antônio_Prado/Flores_da_Cunha_(292_m) -999.9 -999.9 988.2 980.7 982.4 14.1 9.3 712.0 Rio_Grande_do_Sul DCRS -999.9 0.0 0.0 nan nan nan 0 nan nan nan nan nan
-28.939899 -51.188499 DCRS-00087 2026-09-14_21:52 13.3 -999.9 -999.9 93.4 -999.9 -999.9 12.2 -999.9 -999.9 982.4 -999.9 -999.9 0.0 -999.9 3.2 0.0 0.0 0.0 0.0 0.0 57.4 66.8 20.6 10.7 94.0 56.7 11.0 DCRS_-_Antônio_Prado/Flores_da_Cunha_(292_m) -999.9 -999.9 988.2 980.7 982.4 14.1 9.3 712.0 Rio_Grande_do_Sul DCRS -999.9 0.0 0.0 nan nan nan 0 nan nan nan nan nan
-28.939899 -51.188499 DCRS-00087 2026-09-14_21:53 13.3 -999.9 -999.9 93.4 -999.9 -999.9 12.2 -999.9 -999.9 982.4 -999.9 -999.9 0.0 -999.9 3.2 0.0 0.0 0.0 0.0 0.0 57.4 66.8 20.6 10.7 94.0 56.7 11.0 DCRS_-_Antônio_Prado/Flores_da_Cunha_(292_m) -999.9 -999.9 988.2 980.7 982.4 14.1 9.3 712.0 Rio_Grande_do_Sul DCRS -999.9 0.0 0.0 nan nan nan 0 nan nan nan nan nan
-28.939899 -51.188499 DCRS-00087 2026-09-14_21:54 13.3 -999.9 -999.9 93.3 -999.9 -999.9 12.2 -999.9 -999.9 982.4 -999.9 -999.9 0.0 -999.9 3.2 0.0 0.0 0.0 0.0 0.0 57.4 66.8 20.6 10.7 94.0 56.7 11.0 DCRS_-_Antônio_Prado/Flores_da_Cunha_(292_m) -999.9 -999.9 988.2 980.7 982.4 14.1 9.3 712.0 Rio_Grande_do_Sul DCRS -999.9 0.0 0.0 nan nan nan 0 nan nan nan nan nan
-28.939899 -51.188499 DCRS-00087 2026-09-14_21:55 13.3 -999.9 -999.9 93.1 -999.9 -999.9 12.2 -999.9 -999.9 982.4 -999.9 -999.9 0.0 -999.9 3.1 0.0 0.0 0.0 0.0 0.0 57.4 66.8 20.6 10.7 94.0 56.7 11.0 DCRS_-_Antônio_Prado/Flores_da_Cunha_(292_m) -999.9 -999.9 988.2 980.7 982.4 14.1 9.3 712.0 Rio_Grande_do_Sul DCRS -999.9 0.0 0.0 nan nan nan 0 nan nan nan nan nan
-28.939899 -51.188499 DCRS-00087 2026-09-14_21:56 13.3 -999.9 -999.9 93.1 -999.9 -999.9 12.2 -999.9 -999.9 982.5 -999.9 -999.9 0.0 -999.9 3.1 0.0 0.0 0.0 0.0 0.0 57.4 66.8 20.6 10.7 94.0 56.7 11.0 DCRS_-_Antônio_Prado/Flores_da_Cunha_(292_m) -999.9 -999.9 988.2 980.7 982.5 14.1 9.3 712.0 Rio_Grande_do_Sul DCRS -999.9 0.0 0.0 nan nan nan 0 nan nan nan nan nan
-28.939899 -51.188499 DCRS-00087 2026-09-14_21:57 13.3 -999.9 -999.9 93.1 -999.9 -999.9 12.2 -999.9 -999.9 982.5 -999.9 -999.9 0.0 -999.9 3.1 0.0 0.0 0.0 0.0 0.0 57.4 66.8 20.6 10.7 94.0 56.7 11.0 DCRS_-_Antônio_Prado/Flores_da_Cunha_(292_m) -999.9 -999.9 988.2 980.7 982.5 14.1 9.3 712.0 Rio_Grande_do_Sul DCRS -999.9 0.0 0.0 nan nan nan 0 nan nan nan nan nan
-28.939899 -51.188499 DCRS-00087 2026-09-14_21:58 13.2 -999.9 -999.9 93.2 -999.9 -999.9 12.1 -999.9 -999.9 982.5 -999.9 -999.9 0.0 -999.9 3.1 0.0 0.0 0.0 0.0 0.0 57.4 66.8 20.6 10.7 94.0 56.7 11.0 DCRS_-_Antônio_Prado/Flores_da_Cunha_(292_m) -999.9 -999.9 988.2 980.7 982.5 14.1 9.3 712.0 Rio_Grande_do_Sul DCRS -999.9 0.0 0.0 nan nan nan 0 nan nan nan nan nan
-28.939899 -51.188499 DCRS-00087 2026-09-14_21:59 13.3 -999.9 -999.9 93.4 -999.9 -999.9 12.2 -999.9 -999.9 982.5 -999.9 -999.9 0.0 -999.9 3.1 0.0 0.0 0.0 0.0 0.0 57.4 66.8 20.6 10.7 94.0 56.7 11.0 DCRS_-_Antônio_Prado/Flores_da_Cunha_(292_m) -999.9 -999.9 988.2 980.7 982.5 14.1 9.3 712.0 Rio_Grande_do_Sul DCRS -999.9 0.0 0.0 nan nan nan 0 nan nan nan nan nan
-28.939899 -51.188499 DCRS-00087 2026-09-14_22:00 13.3 -999.9 -999.9 93.6 -999.9 -999.9 12.3 -999.9 -999.9 982.5 -999.9 -999.9 0.0 -999.9 2.5 0.0 0.0 0.0 0.0 0.0 57.4 66.8 20.6 10.7 94.0 56.7 11.0 DCRS_-_Antônio_Prado/Flores_da_Cunha_(292_m) -999.9 -999.9 988.2 980.7 982.5 14.1 9.3 712.0 Rio_Grande_do_Sul DCRS -999.9 0.0 0.0 nan nan nan 0 nan nan nan nan nan
-28.939899 -51.188499 DCRS-00087 2026-09-14_22:01 13.3 -999.9 -999.9 93.7 -999.9 -999.9 12.3 -999.9 -999.9 982.5 -999.9 -999.9 0.0 -999.9 2.5 0.0 0.0 0.0 0.0 0.0 57.4 66.8 20.6 10.7 94.0 56.7 11.0 DCRS_-_Antônio_Prado/Flores_da_Cunha_(292_m) -999.9 -999.9 988.2 980.7 982.5 14.1 9.3 712.0 Rio_Grande_do_Sul DCRS -999.9 0.0 0.0 nan nan nan 0 nan nan nan nan nan
-28.939899 -51.188499 DCRS-00087 2026-09-14_22:02 13.3 -999.9 -999.9 93.7 -999.9 -999.9 12.3 -999.9 -999.9 982.5 -999.9 -999.9 0.0 -999.9 2.5 0.0 0.0 0.0 0.0 0.0 57.4 66.8 20.6 10.7 94.0 56.7 11.0 DCRS_-_Antônio_Prado/Flores_da_Cunha_(292_m) -999.9 -999.9 988.2 980.7 982.5 14.1 9.3 712.0 Rio_Grande_do_Sul DCRS -999.9 0.0 0.0 nan nan nan 0 nan nan nan nan nan
-28.939899 -51.188499 DCRS-00087 2026-09-14_22:03 13.3 -999.9 -999.9 93.9 -999.9 -999.9 12.3 -999.9 -999.9 982.5 -999.9 -999.9 1.9 -999.9 2.5 0.0 0.0 0.0 0.0 0.0 57.4 66.8 20.6 10.7 94.0 56.7 11.0 DCRS_-_Antônio_Prado/Flores_da_Cunha_(292_m) -999.9 -999.9 988.2 980.7 982.5 14.1 9.3 712.0 Rio_Grande_do_Sul DCRS -999.9 0.0 0.0 nan nan nan 0 nan nan nan nan nan
-28.939899 -51.188499 DCRS-00087 2026-09-14_22:04 13.3 -999.9 -999.9 93.9 -999.9 -999.9 12.3 -999.9 -999.9 982.5 -999.9 -999.9 0.0 -999.9 2.5 0.0 0.0 0.0 0.0 0.0 57.4 66.8 20.6 10.7 94.0 56.7 11.0 DCRS_-_Antônio_Prado/Flores_da_Cunha_(292_m) -999.9 -999.9 988.2 980.7 982.5 14.1 9.3 712.0 Rio_Grande_do_Sul DCRS -999.9 0.0 0.0 nan nan nan 0 nan nan nan nan nan
-28.939899 -51.188499 DCRS-00087 2026-09-14_22:05 13.3 -999.9 -999.9 94.1 -999.9 -999.9 12.4 -999.9 -999.9 982.6 -999.9 -999.9 0.0 -999.9 3.2 0.0 0.0 0.0 0.0 0.0 57.4 66.8 20.6 10.7 94.1 56.7 11.0 DCRS_-_Antônio_Prado/Flores_da_Cunha_(292_m) -999.9 -999.9 988.2 980.7 982.6 14.1 9.3 712.0 Rio_Grande_do_Sul DCRS -999.9 0.0 0.0 nan nan nan 0 nan nan nan nan nan
-28.939899 -51.188499 DCRS-00087 2026-09-14_22:06 13.3 -999.9 -999.9 94.3 -999.9 -999.9 12.4 -999.9 -999.9 982.6 -999.9 -999.9 0.0 -999.9 3.2 0.0 0.0 0.0 0.0 0.0 57.4 66.8 20.6 10.7 94.3 56.7 11.0 DCRS_-_Antônio_Prado/Flores_da_Cunha_(292_m) -999.9 -999.9 988.2 980.7 982.6 14.1 9.3 712.0 Rio_Grande_do_Sul DCRS -999.9 0.0 0.0 nan nan nan 0 nan nan nan nan nan
-28.939899 -51.188499 DCRS-00087 2026-09-14_22:07 13.3 -999.9 -999.9 94.4 -999.9 -999.9 12.4 -999.9 -999.9 982.6 -999.9 -999.9 0.0 -999.9 3.2 0.0 0.0 0.0 0.0 0.0 57.4 66.8 20.6 10.7 94.4 56.7 11.0 DCRS_-_Antônio_Prado/Flores_da_Cunha_(292_m) -999.9 -999.9 988.2 980.7 982.6 14.1 9.3 712.0 Rio_Grande_do_Sul DCRS -999.9 0.0 0.0 nan nan nan 0 nan nan nan nan nan
-28.939899 -51.188499 DCRS-00087 2026-09-14_22:08 13.3 -999.9 -999.9 94.5 -999.9 -999.9 12.4 -999.9 -999.9 982.6 -999.9 -999.9 1.8 -999.9 3.2 0.0 0.0 0.0 0.0 0.0 57.4 66.8 20.6 10.7 94.5 56.7 11.0 DCRS_-_Antônio_Prado/Flores_da_Cunha_(292_m) -999.9 -999.9 988.2 980.7 982.6 14.1 9.3 712.0 Rio_Grande_do_Sul DCRS -999.9 0.0 0.0 nan nan nan 0 nan nan nan nan nan
-28.939899 -51.188499 DCRS-00087 2026-09-14_22:09 13.3 -999.9 -999.9 94.6 -999.9 -999.9 12.4 -999.9 -999.9 982.6 -999.9 -999.9 0.0 -999.9 3.2 0.0 0.0 0.0 0.0 0.0 57.4 66.8 20.6 10.7 94.6 56.7 11.0 DCRS_-_Antônio_Prado/Flores_da_Cunha_(292_m) -999.9 -999.9 988.2 980.7 982.6 14.1 9.3 712.0 Rio_Grande_do_Sul DCRS -999.9 0.0 0.0 nan nan nan 0 nan nan nan nan nan
-28.939899 -51.188499 DCRS-00087 2026-09-14_22:10 13.3 -999.9 -999.9 94.7 -999.9 -999.9 12.5 -999.9 -999.9 982.7 -999.9 -999.9 0.0 -999.9 2.1 0.0 0.0 0.0 0.0 0.0 57.4 66.8 20.6 10.7 94.7 56.7 11.0 DCRS_-_Antônio_Prado/Flores_da_Cunha_(292_m) -999.9 -999.9 988.2 980.7 982.7 14.1 9.3 712.0 Rio_Grande_do_Sul DCRS -999.9 0.0 0.0 nan nan nan 0 nan nan nan nan nan
-28.939899 -51.188499 DCRS-00087 2026-09-14_22:11 13.3 -999.9 -999.9 94.7 -999.9 -999.9 12.5 -999.9 -999.9 982.7 -999.9 -999.9 0.0 -999.9 2.1 0.0 0.0 0.0 0.0 0.0 57.4 66.8 20.6 10.7 94.7 56.7 11.0 DCRS_-_Antônio_Prado/Flores_da_Cunha_(292_m) -999.9 -999.9 988.2 980.7 982.7 14.1 9.3 712.0 Rio_Grande_do_Sul DCRS -999.9 0.0 0.0 nan nan nan 0 nan nan nan nan nan
-28.939899 -51.188499 DCRS-00087 2026-09-14_22:12 13.3 -999.9 -999.9 94.8 -999.9 -999.9 12.5 -999.9 -999.9 982.7 -999.9 -999.9 0.0 -999.9 2.1 0.0 0.0 0.0 0.0 0.0 57.4 66.8 20.6 10.7 94.8 56.7 11.0 DCRS_-_Antônio_Prado/Flores_da_Cunha_(292_m) -999.9 -999.9 988.2 980.7 982.7 14.1 9.3 712.0 Rio_Grande_do_Sul DCRS -999.9 0.0 0.0 nan nan nan 0 nan nan nan nan nan
-28.939899 -51.188499 DCRS-00087 2026-09-14_22:13 13.3 -999.9 -999.9 94.8 -999.9 -999.9 12.5 -999.9 -999.9 982.7 -999.9 -999.9 0.0 -999.9 2.1 0.0 0.0 0.0 0.0 0.0 57.4 66.8 20.6 10.7 94.8 56.7 11.0 DCRS_-_Antônio_Prado/Flores_da_Cunha_(292_m) -999.9 -999.9 988.2 980.7 982.7 14.1 9.3 712.0 Rio_Grande_do_Sul DCRS -999.9 0.0 0.0 nan nan nan 0 nan nan nan nan nan
-28.939899 -51.188499 DCRS-00087 2026-09-14_22:14 13.4 -999.9 -999.9 94.8 -999.9 -999.9 12.6 -999.9 -999.9 982.7 -999.9 -999.9 -999.9 -999.9 2.1 0.0 0.0 0.0 0.0 0.0 57.4 66.8 20.6 10.7 94.8 56.7 11.0 DCRS_-_Antônio_Prado/Flores_da_Cunha_(292_m) -999.9 -999.9 988.2 980.7 982.7 14.1 9.3 712.0 Rio_Grande_do_Sul DCRS -999.9 0.0 0.0 nan nan nan 0 nan nan nan nan nan
-28.939899 -51.188499 DCRS-00087 2026-09-14_22:15 13.4 -999.9 -999.9 94.8 -999.9 -999.9 12.6 -999.9 -999.9 982.6 -999.9 -999.9 0.0 -999.9 4.7 0.0 0.0 0.0 0.0 0.0 57.4 66.8 20.6 10.7 94.8 56.7 11.0 DCRS_-_Antônio_Prado/Flores_da_Cunha_(292_m) -999.9 -999.9 988.2 980.7 982.6 14.1 9.3 712.0 Rio_Grande_do_Sul DCRS -999.9 0.0 0.0 nan nan nan 0 nan nan nan nan nan
-28.939899 -51.188499 DCRS-00087 2026-09-14_22:16 13.4 -999.9 -999.9 94.8 -999.9 -999.9 12.6 -999.9 -999.9 982.7 -999.9 -999.9 1.8 -999.9 4.7 0.0 0.0 0.0 0.0 0.0 57.4 66.8 20.6 10.7 94.8 56.7 11.0 DCRS_-_Antônio_Prado/Flores_da_Cunha_(292_m) -999.9 -999.9 988.2 980.7 982.7 14.1 9.3 712.0 Rio_Grande_do_Sul DCRS -999.9 0.0 0.0 nan nan nan 0 nan nan nan nan nan
-28.939899 -51.188499 DCRS-00087 2026-09-14_22:17 13.4 -999.9 -999.9 94.6 -999.9 -999.9 12.5 -999.9 -999.9 982.7 -999.9 -999.9 2.6 -999.9 4.7 0.0 0.0 0.0 0.0 0.0 57.4 66.8 20.6 10.7 94.8 56.7 11.0 DCRS_-_Antônio_Prado/Flores_da_Cunha_(292_m) -999.9 -999.9 988.2 980.7 982.7 14.1 9.3 712.0 Rio_Grande_do_Sul DCRS -999.9 0.0 0.0 nan nan nan 0 nan nan nan nan nan
-28.939899 -51.188499 DCRS-00087 2026-09-14_22:18 13.4 -999.9 -999.9 94.4 -999.9 -999.9 12.5 -999.9 -999.9 982.6 -999.9 -999.9 0.0 -999.9 4.7 0.0 0.0 0.0 0.0 0.0 57.4 66.8 20.6 10.7 94.8 56.7 11.0 DCRS_-_Antônio_Prado/Flores_da_Cunha_(292_m) -999.9 -999.9 988.2 980.7 982.6 14.1 9.3 712.0 Rio_Grande_do_Sul DCRS -999.9 0.0 0.0 nan nan nan 0 nan nan nan nan nan
-28.939899 -51.188499 DCRS-00087 2026-09-14_22:19 13.4 -999.9 -999.9 94.3 -999.9 -999.9 12.5 -999.9 -999.9 982.7 -999.9 -999.9 0.0 -999.9 4.7 0.0 0.0 0.0 0.0 0.0 57.4 66.8 20.6 10.7 94.8 56.7 11.0 DCRS_-_Antônio_Prado/Flores_da_Cunha_(292_m) -999.9 -999.9 988.2 980.7 982.7 14.1 9.3 712.0 Rio_Grande_do_Sul DCRS -999.9 0.0 0.0 nan nan nan 0 nan nan nan nan nan
-28.939899 -51.188499 DCRS-00087 2026-09-14_22:20 13.4 -999.9 -999.9 94.2 -999.9 -999.9 12.5 -999.9 -999.9 982.6 -999.9 -999.9 0.0 -999.9 5.0 0.0 0.0 0.0 0.0 0.0 57.4 66.8 20.6 10.7 94.8 56.7 11.0 DCRS_-_Antônio_Prado/Flores_da_Cunha_(292_m) -999.9 -999.9 988.2 980.7 982.6 14.1 9.3 712.0 Rio_Grande_do_Sul DCRS -999.9 0.0 0.0 nan nan nan 0 nan nan nan nan nan
-28.939899 -51.188499 DCRS-00087 2026-09-14_22:21 13.4 -999.9 -999.9 94.1 -999.9 -999.9 12.5 -999.9 -999.9 982.6 -999.9 -999.9 0.0 -999.9 5.0 0.0 0.0 0.0 0.0 0.0 57.4 66.8 20.6 10.7 94.8 56.7 11.0 DCRS_-_Antônio_Prado/Flores_da_Cunha_(292_m) -999.9 -999.9 988.2 980.7 982.6 14.1 9.3 712.0 Rio_Grande_do_Sul DCRS -999.9 0.0 0.0 nan nan nan 0 nan nan nan nan nan
-28.939899 -51.188499 DCRS-00087 2026-09-14_22:22 13.4 -999.9 -999.9 93.8 -999.9 -999.9 12.4 -999.9 -999.9 982.6 -999.9 -999.9 0.0 -999.9 5.0 0.0 0.0 0.0 0.0 0.0 57.4 66.8 20.6 10.7 94.8 56.7 11.0 DCRS_-_Antônio_Prado/Flores_da_Cunha_(292_m) -999.9 -999.9 988.2 980.7 982.6 14.1 9.3 712.0 Rio_Grande_do_Sul DCRS -999.9 0.0 0.0 nan nan nan 0 nan nan nan nan nan
-28.939899 -51.188499 DCRS-00087 2026-09-14_22:23 13.4 -999.9 -999.9 93.7 -999.9 -999.9 12.4 -999.9 -999.9 982.6 -999.9 -999.9 3.9 -999.9 5.0 0.0 0.0 0.0 0.0 0.0 57.4 66.8 20.6 10.7 94.8 56.7 11.0 DCRS_-_Antônio_Prado/Flores_da_Cunha_(292_m) -999.9 -999.9 988.2 980.7 982.6 14.1 9.3 712.0 Rio_Grande_do_Sul DCRS -999.9 0.0 0.0 nan nan nan 0 nan nan nan nan nan
-28.939899 -51.188499 DCRS-00087 2026-09-14_22:24 13.4 -999.9 -999.9 93.7 -999.9 -999.9 12.4 -999.9 -999.9 982.5 -999.9 -999.9 2.3 -999.9 5.0 0.0 0.0 0.0 0.0 0.0 57.4 66.8 20.6 10.7 94.8 56.7 11.0 DCRS_-_Antônio_Prado/Flores_da_Cunha_(292_m) -999.9 -999.9 988.2 980.7 982.5 14.1 9.3 712.0 Rio_Grande_do_Sul DCRS -999.9 0.0 0.0 nan nan nan 0 nan nan nan nan nan
-28.939899 -51.188499 DCRS-00087 2026-09-14_22:25 13.4 -999.9 -999.9 93.7 -999.9 -999.9 12.4 -999.9 -999.9 982.5 -999.9 -999.9 3.2 -999.9 4.4 0.0 0.0 0.0 0.0 0.0 57.4 66.8 20.6 10.7 94.8 56.7 11.0 DCRS_-_Antônio_Prado/Flores_da_Cunha_(292_m) -999.9 -999.9 988.2 980.7 982.5 14.1 9.3 712.0 Rio_Grande_do_Sul DCRS -999.9 0.0 0.0 nan nan nan 0 nan nan nan nan nan
-28.939899 -51.188499 DCRS-00087 2026-09-14_22:26 13.5 -999.9 -999.9 93.7 -999.9 -999.9 12.5 -999.9 -999.9 982.5 -999.9 -999.9 1.9 -999.9 4.4 0.0 0.0 0.0 0.0 0.0 57.4 66.8 20.6 10.7 94.8 56.7 11.0 DCRS_-_Antônio_Prado/Flores_da_Cunha_(292_m) -999.9 -999.9 988.2 980.7 982.5 14.1 9.3 712.0 Rio_Grande_do_Sul DCRS -999.9 0.0 0.0 nan nan nan 0 nan nan nan nan nan
-28.939899 -51.188499 DCRS-00087 2026-09-14_22:27 13.4 -999.9 -999.9 93.7 -999.9 -999.9 12.4 -999.9 -999.9 982.4 -999.9 -999.9 0.0 -999.9 4.4 0.0 0.0 0.0 0.0 0.0 57.4 66.8 20.6 10.7 94.8 56.7 11.0 DCRS_-_Antônio_Prado/Flores_da_Cunha_(292_m) -999.9 -999.9 988.2 980.7 982.4 14.1 9.3 712.0 Rio_Grande_do_Sul DCRS -999.9 0.0 0.0 nan nan nan 0 nan nan nan nan nan
-28.939899 -51.188499 DCRS-00087 2026-09-14_22:28 13.5 -999.9 -999.9 93.9 -999.9 -999.9 12.5 -999.9 -999.9 982.4 -999.9 -999.9 0.0 -999.9 4.4 0.0 0.0 0.0 0.0 0.0 57.4 66.8 20.6 10.7 94.8 56.7 11.0 DCRS_-_Antônio_Prado/Flores_da_Cunha_(292_m) -999.9 -999.9 988.2 980.7 982.4 14.1 9.3 712.0 Rio_Grande_do_Sul DCRS -999.9 0.0 0.0 nan nan nan 0 nan nan nan nan nan
-28.939899 -51.188499 DCRS-00087 2026-09-14_22:29 13.5 -999.9 -999.9 93.8 -999.9 -999.9 12.5 -999.9 -999.9 982.4 -999.9 -999.9 0.0 -999.9 4.4 0.0 0.0 0.0 0.0 0.0 57.4 66.8 20.6 10.7 94.8 56.7 11.0 DCRS_-_Antônio_Prado/Flores_da_Cunha_(292_m) -999.9 -999.9 988.2 980.7 982.4 14.1 9.3 712.0 Rio_Grande_do_Sul DCRS -999.9 0.0 0.0 nan nan nan 0 nan nan nan nan nan
-28.939899 -51.188499 DCRS-00087 2026-09-14_22:30 13.5 -999.9 -999.9 93.8 -999.9 -999.9 12.5 -999.9 -999.9 982.4 -999.9 -999.9 0.0 -999.9 3.6 0.0 0.0 0.0 0.0 0.0 57.4 66.8 20.6 10.7 94.8 56.7 11.0 DCRS_-_Antônio_Prado/Flores_da_Cunha_(292_m) -999.9 -999.9 988.2 980.7 982.4 14.1 9.3 712.0 Rio_Grande_do_Sul DCRS -999.9 0.0 0.0 nan nan nan 0 nan nan nan nan nan
-28.939899 -51.188499 DCRS-00087 2026-09-14_22:31 13.5 -999.9 -999.9 93.8 -999.9 -999.9 12.5 -999.9 -999.9 982.4 -999.9 -999.9 0.0 -999.9 3.6 0.0 0.0 0.0 0.0 0.0 57.4 66.8 20.6 10.7 94.8 56.7 11.0 DCRS_-_Antônio_Prado/Flores_da_Cunha_(292_m) -999.9 -999.9 988.2 980.7 982.4 14.1 9.3 712.0 Rio_Grande_do_Sul DCRS -999.9 0.0 0.0 nan nan nan 0 nan nan nan nan nan
-28.939899 -51.188499 DCRS-00087 2026-09-14_22:32 13.4 -999.9 -999.9 93.8 -999.9 -999.9 12.4 -999.9 -999.9 982.4 -999.9 -999.9 0.0 -999.9 3.6 0.0 0.0 0.0 0.0 0.0 57.4 66.8 20.6 10.7 94.8 56.7 11.0 DCRS_-_Antônio_Prado/Flores_da_Cunha_(292_m) -999.9 -999.9 988.2 980.7 982.4 14.1 9.3 712.0 Rio_Grande_do_Sul DCRS -999.9 0.0 0.0 nan nan nan 0 nan nan nan nan nan
-28.939899 -51.188499 DCRS-00087 2026-09-14_22:33 13.5 -999.9 -999.9 94.0 -999.9 -999.9 12.5 -999.9 -999.9 982.4 -999.9 -999.9 0.0 -999.9 3.6 0.0 0.0 0.0 0.0 0.0 57.4 66.8 20.6 10.7 94.8 56.7 11.0 DCRS_-_Antônio_Prado/Flores_da_Cunha_(292_m) -999.9 -999.9 988.2 980.7 982.4 14.1 9.3 712.0 Rio_Grande_do_Sul DCRS -999.9 0.0 0.0 nan nan nan 0 nan nan nan nan nan
-28.939899 -51.188499 DCRS-00087 2026-09-14_22:34 13.5 -999.9 -999.9 93.9 -999.9 -999.9 12.5 -999.9 -999.9 982.4 -999.9 -999.9 0.0 -999.9 3.6 0.0 0.0 0.0 0.0 0.0 57.4 66.8 20.6 10.7 94.8 56.7 11.0 DCRS_-_Antônio_Prado/Flores_da_Cunha_(292_m) -999.9 -999.9 988.2 980.7 982.4 14.1 9.3 712.0 Rio_Grande_do_Sul DCRS -999.9 0.0 0.0 nan nan nan 0 nan nan nan nan nan
-28.939899 -51.188499 DCRS-00087 2026-09-14_22:35 13.5 -999.9 -999.9 93.9 -999.9 -999.9 12.5 -999.9 -999.9 982.4 -999.9 -999.9 0.0 -999.9 1.8 0.0 0.0 0.0 0.0 0.0 57.4 66.8 20.6 10.7 94.8 56.7 11.0 DCRS_-_Antônio_Prado/Flores_da_Cunha_(292_m) -999.9 -999.9 988.2 980.7 982.4 14.1 9.3 712.0 Rio_Grande_do_Sul DCRS -999.9 0.0 0.0 nan nan nan 0 nan nan nan nan nan
-28.939899 -51.188499 DCRS-00087 2026-09-14_22:36 13.4 -999.9 -999.9 93.7 -999.9 -999.9 12.4 -999.9 -999.9 982.4 -999.9 -999.9 0.0 -999.9 1.8 0.0 0.0 0.0 0.0 0.0 57.4 66.8 20.6 10.7 94.8 56.7 11.0 DCRS_-_Antônio_Prado/Flores_da_Cunha_(292_m) -999.9 -999.9 988.2 980.7 982.4 14.1 9.3 712.0 Rio_Grande_do_Sul DCRS -999.9 0.0 0.0 nan nan nan 0 nan nan nan nan nan
-28.939899 -51.188499 DCRS-00087 2026-09-14_22:37 13.4 -999.9 -999.9 93.5 -999.9 -999.9 12.4 -999.9 -999.9 982.4 -999.9 -999.9 -999.9 -999.9 1.8 0.0 0.0 0.0 0.0 0.0 57.4 66.8 20.6 10.7 94.8 56.7 11.0 DCRS_-_Antônio_Prado/Flores_da_Cunha_(292_m) -999.9 -999.9 988.2 980.7 982.4 14.1 9.3 712.0 Rio_Grande_do_Sul DCRS -999.9 0.0 0.0 nan nan nan 0 nan nan nan nan nan
-28.939899 -51.188499 DCRS-00087 2026-09-14_22:38 13.4 -999.9 -999.9 93.4 -999.9 -999.9 12.3 -999.9 -999.9 982.4 -999.9 -999.9 0.0 -999.9 1.8 0.0 0.0 0.0 0.0 0.0 57.4 66.8 20.6 10.7 94.8 56.7 11.0 DCRS_-_Antônio_Prado/Flores_da_Cunha_(292_m) -999.9 -999.9 988.2 980.7 982.4 14.1 9.3 712.0 Rio_Grande_do_Sul DCRS -999.9 0.0 0.0 nan nan nan 0 nan nan nan nan nan
-28.939899 -51.188499 DCRS-00087 2026-09-14_22:39 13.4 -999.9 -999.9 93.2 -999.9 -999.9 12.3 -999.9 -999.9 982.4 -999.9 -999.9 0.0 -999.9 1.8 0.0 0.0 0.0 0.0 0.0 57.4 66.8 20.6 10.7 94.8 56.7 11.0 DCRS_-_Antônio_Prado/Flores_da_Cunha_(292_m) -999.9 -999.9 988.2 980.7 982.4 14.1 9.3 712.0 Rio_Grande_do_Sul DCRS -999.9 0.0 0.0 nan nan nan 0 nan nan nan nan nan
-28.939899 -51.188499 DCRS-00087 2026-09-14_22:40 13.5 -999.9 -999.9 93.1 -999.9 -999.9 12.4 -999.9 -999.9 982.3 -999.9 -999.9 3.0 -999.9 4.7 0.0 0.0 0.0 0.0 0.0 57.4 66.8 20.6 10.7 94.8 56.7 11.0 DCRS_-_Antônio_Prado/Flores_da_Cunha_(292_m) -999.9 -999.9 988.2 980.7 982.3 14.1 9.3 712.0 Rio_Grande_do_Sul DCRS -999.9 0.0 0.0 nan nan nan 0 nan nan nan nan nan
-28.939899 -51.188499 DCRS-00087 2026-09-14_22:41 13.5 -999.9 -999.9 93.1 -999.9 -999.9 12.4 -999.9 -999.9 982.3 -999.9 -999.9 4.0 -999.9 4.7 0.0 0.0 0.0 0.0 0.0 57.4 66.8 20.6 10.7 94.8 56.7 11.0 DCRS_-_Antônio_Prado/Flores_da_Cunha_(292_m) -999.9 -999.9 988.2 980.7 982.3 14.1 9.3 712.0 Rio_Grande_do_Sul DCRS -999.9 0.0 0.0 nan nan nan 0 nan nan nan nan nan
-28.939899 -51.188499 DCRS-00087 2026-09-14_22:42 13.4 -999.9 -999.9 92.9 -999.9 -999.9 12.3 -999.9 -999.9 982.3 -999.9 -999.9 0.0 -999.9 4.7 0.0 0.0 0.0 0.0 0.0 57.4 66.8 20.6 10.7 94.8 56.7 11.0 DCRS_-_Antônio_Prado/Flores_da_Cunha_(292_m) -999.9 -999.9 988.2 980.7 982.3 14.1 9.3 712.0 Rio_Grande_do_Sul DCRS -999.9 0.0 0.0 nan nan nan 0 nan nan nan nan nan
-28.939899 -51.188499 DCRS-00087 2026-09-14_22:43 13.5 -999.9 -999.9 92.8 -999.9 -999.9 12.3 -999.9 -999.9 982.3 -999.9 -999.9 0.0 -999.9 4.7 0.0 0.0 0.0 0.0 0.0 57.4 66.8 20.6 10.7 94.8 56.7 11.0 DCRS_-_Antônio_Prado/Flores_da_Cunha_(292_m) -999.9 -999.9 988.2 980.7 982.3 14.1 9.3 712.0 Rio_Grande_do_Sul DCRS -999.9 0.0 0.0 nan nan nan 0 nan nan nan nan nan
-28.939899 -51.188499 DCRS-00087 2026-09-14_22:44 13.4 -999.9 -999.9 92.7 -999.9 -999.9 12.2 -999.9 -999.9 982.3 -999.9 -999.9 0.0 -999.9 4.7 0.0 0.0 0.0 0.0 0.0 57.4 66.8 20.6 10.7 94.8 56.7 11.0 DCRS_-_Antônio_Prado/Flores_da_Cunha_(292_m) -999.9 -999.9 988.2 980.7 982.3 14.1 9.3 712.0 Rio_Grande_do_Sul DCRS -999.9 0.0 0.0 nan nan nan 0 nan nan nan nan nan
-28.939899 -51.188499 DCRS-00087 2026-09-14_22:45 13.4 -999.9 -999.9 92.4 -999.9 -999.9 12.2 -999.9 -999.9 982.3 -999.9 -999.9 0.0 -999.9 5.3 0.0 0.0 0.0 0.0 0.0 57.4 66.8 20.6 10.7 94.8 56.7 11.0 DCRS_-_Antônio_Prado/Flores_da_Cunha_(292_m) -999.9 -999.9 988.2 980.7 982.3 14.1 9.3 712.0 Rio_Grande_do_Sul DCRS -999.9 0.0 0.0 nan nan nan 0 nan nan nan nan nan
-28.939899 -51.188499 DCRS-00087 2026-09-14_22:46 13.5 -999.9 -999.9 92.5 -999.9 -999.9 12.3 -999.9 -999.9 982.2 -999.9 -999.9 0.0 -999.9 5.3 0.0 0.0 0.0 0.0 0.0 57.4 66.8 20.6 10.7 94.8 56.7 11.0 DCRS_-_Antônio_Prado/Flores_da_Cunha_(292_m) -999.9 -999.9 988.2 980.7 982.2 14.1 9.3 712.0 Rio_Grande_do_Sul DCRS -999.9 0.0 0.0 nan nan nan 0 nan nan nan nan nan
-28.939899 -51.188499 DCRS-00087 2026-09-14_22:47 13.4 -999.9 -999.9 92.5 -999.9 -999.9 12.2 -999.9 -999.9 982.2 -999.9 -999.9 0.0 -999.9 5.3 0.0 0.0 0.0 0.0 0.0 57.4 66.8 20.6 10.7 94.8 56.7 11.0 DCRS_-_Antônio_Prado/Flores_da_Cunha_(292_m) -999.9 -999.9 988.2 980.7 982.2 14.1 9.3 712.0 Rio_Grande_do_Sul DCRS -999.9 0.0 0.0 nan nan nan 0 nan nan nan nan nan
-28.939899 -51.188499 DCRS-00087 2026-09-14_22:48 13.4 -999.9 -999.9 92.5 -999.9 -999.9 12.2 -999.9 -999.9 982.2 -999.9 -999.9 0.0 -999.9 5.3 0.0 0.0 0.0 0.0 0.0 57.4 66.8 20.6 10.7 94.8 56.7 11.0 DCRS_-_Antônio_Prado/Flores_da_Cunha_(292_m) -999.9 -999.9 988.2 980.7 982.2 14.1 9.3 712.0 Rio_Grande_do_Sul DCRS -999.9 0.0 0.0 nan nan nan 0 nan nan nan nan nan
-28.939899 -51.188499 DCRS-00087 2026-09-14_22:49 13.4 -999.9 -999.9 92.4 -999.9 -999.9 12.2 -999.9 -999.9 982.2 -999.9 -999.9 0.0 -999.9 5.3 0.0 0.0 0.0 0.0 0.0 57.4 66.8 20.6 10.7 94.8 56.7 11.0 DCRS_-_Antônio_Prado/Flores_da_Cunha_(292_m) -999.9 -999.9 988.2 980.7 982.2 14.1 9.3 712.0 Rio_Grande_do_Sul DCRS -999.9 0.0 0.0 nan nan nan 0 nan nan nan nan nan
-28.939899 -51.188499 DCRS-00087 2026-09-14_22:50 13.4 -999.9 -999.9 92.4 -999.9 -999.9 12.2 -999.9 -999.9 982.2 -999.9 -999.9 0.0 -999.9 1.9 0.0 0.0 0.0 0.0 0.0 57.4 66.8 20.6 10.7 94.8 56.7 11.0 DCRS_-_Antônio_Prado/Flores_da_Cunha_(292_m) -999.9 -999.9 988.2 980.7 982.2 14.1 9.3 712.0 Rio_Grande_do_Sul DCRS -999.9 0.0 0.0 nan nan nan 0 nan nan nan nan nan
-28.939899 -51.188499 DCRS-00087 2026-09-14_22:51 13.4 -999.9 -999.9 92.3 -999.9 -999.9 12.2 -999.9 -999.9 982.2 -999.9 -999.9 0.0 -999.9 1.9 0.0 0.0 0.0 0.0 0.0 57.4 66.8 20.6 10.7 94.8 56.7 11.0 DCRS_-_Antônio_Prado/Flores_da_Cunha_(292_m) -999.9 -999.9 988.2 980.7 982.2 14.1 9.3 712.0 Rio_Grande_do_Sul DCRS -999.9 0.0 0.0 nan nan nan 0 nan nan nan nan nan
-28.939899 -51.188499 DCRS-00087 2026-09-14_22:52 13.4 -999.9 -999.9 92.3 -999.9 -999.9 12.2 -999.9 -999.9 982.2 -999.9 -999.9 0.0 -999.9 1.9 0.0 0.0 0.0 0.0 0.0 57.4 66.8 20.6 10.7 94.8 56.7 11.0 DCRS_-_Antônio_Prado/Flores_da_Cunha_(292_m) -999.9 -999.9 988.2 980.7 982.2 14.1 9.3 712.0 Rio_Grande_do_Sul DCRS -999.9 0.0 0.0 nan nan nan 0 nan nan nan nan nan
-28.939899 -51.188499 DCRS-00087 2026-09-14_22:53 13.4 -999.9 -999.9 92.6 -999.9 -999.9 12.2 -999.9 -999.9 982.2 -999.9 -999.9 0.0 -999.9 1.9 0.0 0.0 0.0 0.0 0.0 57.4 66.8 20.6 10.7 94.8 56.7 11.0 DCRS_-_Antônio_Prado/Flores_da_Cunha_(292_m) -999.9 -999.9 988.2 980.7 982.2 14.1 9.3 712.0 Rio_Grande_do_Sul DCRS -999.9 0.0 0.0 nan nan nan 0 nan nan nan nan nan
-28.939899 -51.188499 DCRS-00087 2026-09-14_22:54 13.4 -999.9 -999.9 92.6 -999.9 -999.9 12.2 -999.9 -999.9 982.2 -999.9 -999.9 0.0 -999.9 1.9 0.0 0.0 0.0 0.0 0.0 57.4 66.8 20.6 10.7 94.8 56.7 11.0 DCRS_-_Antônio_Prado/Flores_da_Cunha_(292_m) -999.9 -999.9 988.2 980.7 982.2 14.1 9.3 712.0 Rio_Grande_do_Sul DCRS -999.9 0.0 0.0 nan nan nan 0 nan nan nan nan nan
-28.939899 -51.188499 DCRS-00087 2026-09-14_22:55 13.3 -999.9 -999.9 93.0 -999.9 -999.9 12.2 -999.9 -999.9 982.3 -999.9 -999.9 0.0 -999.9 1.9 0.0 0.0 0.0 0.0 0.0 57.4 66.8 20.6 10.7 94.8 56.7 11.0 DCRS_-_Antônio_Prado/Flores_da_Cunha_(292_m) -999.9 -999.9 988.2 980.7 982.3 14.1 9.3 712.0 Rio_Grande_do_Sul DCRS -999.9 0.0 0.0 nan nan nan 0 nan nan nan nan nan
-28.939899 -51.188499 DCRS-00087 2026-09-14_22:56 13.3 -999.9 -999.9 93.3 -999.9 -999.9 12.2 -999.9 -999.9 982.3 -999.9 -999.9 0.0 -999.9 1.9 0.0 0.0 0.0 0.0 0.0 57.4 66.8 20.6 10.7 94.8 56.7 11.0 DCRS_-_Antônio_Prado/Flores_da_Cunha_(292_m) -999.9 -999.9 988.2 980.7 982.3 14.1 9.3 712.0 Rio_Grande_do_Sul DCRS -999.9 0.0 0.0 nan nan nan 0 nan nan nan nan nan
-28.939899 -51.188499 DCRS-00087 2026-09-14_22:57 13.3 -999.9 -999.9 93.4 -999.9 -999.9 12.2 -999.9 -999.9 982.3 -999.9 -999.9 0.0 -999.9 1.9 0.0 0.0 0.0 0.0 0.0 57.4 66.8 20.6 10.7 94.8 56.7 11.0 DCRS_-_Antônio_Prado/Flores_da_Cunha_(292_m) -999.9 -999.9 988.2 980.7 982.3 14.1 9.3 712.0 Rio_Grande_do_Sul DCRS -999.9 0.0 0.0 nan nan nan 0 nan nan nan nan nan
-28.939899 -51.188499 DCRS-00087 2026-09-14_22:58 13.2 -999.9 -999.9 93.4 -999.9 -999.9 12.1 -999.9 -999.9 982.3 -999.9 -999.9 0.0 -999.9 1.9 0.0 0.0 0.0 0.0 0.0 57.4 66.8 20.6 10.7 94.8 56.7 11.0 DCRS_-_Antônio_Prado/Flores_da_Cunha_(292_m) -999.9 -999.9 988.2 980.7 982.3 14.1 9.3 712.0 Rio_Grande_do_Sul DCRS -999.9 0.0 0.0 nan nan nan 0 nan nan nan nan nan
-28.939899 -51.188499 DCRS-00087 2026-09-14_22:59 13.3 -999.9 -999.9 93.3 -999.9 -999.9 12.2 -999.9 -999.9 982.3 -999.9 -999.9 0.0 -999.9 1.9 0.0 0.0 0.0 0.0 0.0 57.4 66.8 20.6 10.7 94.8 56.7 11.0 DCRS_-_Antônio_Prado/Flores_da_Cunha_(292_m) -999.9 -999.9 988.2 980.7 982.3 14.1 9.3 712.0 Rio_Grande_do_Sul DCRS -999.9 0.0 0.0 nan nan nan 0 nan nan nan nan nan
-28.939899 -51.188499 DCRS-00087 2026-09-14_23:00 13.2 -999.9 -999.9 93.3 -999.9 -999.9 12.1 -999.9 -999.9 982.3 -999.9 -999.9 0.0 -999.9 2.0 0.0 0.0 0.0 0.0 0.0 57.4 66.8 20.6 10.7 94.8 56.7 11.0 DCRS_-_Antônio_Prado/Flores_da_Cunha_(292_m) -999.9 -999.9 988.2 980.7 982.3 14.1 9.3 712.0 Rio_Grande_do_Sul DCRS -999.9 0.0 0.0 nan nan nan 0 nan nan nan nan nan
-28.939899 -51.188499 DCRS-00087 2026-09-14_23:01 13.2 -999.9 -999.9 93.3 -999.9 -999.9 12.1 -999.9 -999.9 982.3 -999.9 -999.9 0.0 -999.9 2.0 0.0 0.0 0.0 0.0 0.0 57.4 66.8 20.6 10.7 94.8 56.7 11.0 DCRS_-_Antônio_Prado/Flores_da_Cunha_(292_m) -999.9 -999.9 988.2 980.7 982.3 14.1 9.3 712.0 Rio_Grande_do_Sul DCRS -999.9 0.0 0.0 nan nan nan 0 nan nan nan nan nan
-28.939899 -51.188499 DCRS-00087 2026-09-14_23:02 13.1 -999.9 -999.9 93.3 -999.9 -999.9 12.0 -999.9 -999.9 982.3 -999.9 -999.9 0.0 -999.9 2.0 0.0 0.0 0.0 0.0 0.0 57.4 66.8 20.6 10.7 94.8 56.7 11.0 DCRS_-_Antônio_Prado/Flores_da_Cunha_(292_m) -999.9 -999.9 988.2 980.7 982.3 14.1 9.3 712.0 Rio_Grande_do_Sul DCRS -999.9 0.0 0.0 nan nan nan 0 nan nan nan nan nan
-28.939899 -51.188499 DCRS-00087 2026-09-14_23:03 13.1 -999.9 -999.9 93.3 -999.9 -999.9 12.0 -999.9 -999.9 982.3 -999.9 -999.9 0.0 -999.9 2.0 0.0 0.0 0.0 0.0 0.0 57.4 66.8 20.6 10.7 94.8 56.7 11.0 DCRS_-_Antônio_Prado/Flores_da_Cunha_(292_m) -999.9 -999.9 988.2 980.7 982.3 14.1 9.3 712.0 Rio_Grande_do_Sul DCRS -999.9 0.0 0.0 nan nan nan 0 nan nan nan nan nan
-28.939899 -51.188499 DCRS-00087 2026-09-14_23:04 13.1 -999.9 -999.9 93.4 -999.9 -999.9 12.0 -999.9 -999.9 982.3 -999.9 -999.9 0.0 -999.9 2.0 0.0 0.0 0.0 0.0 0.0 57.4 66.8 20.6 10.7 94.8 56.7 11.0 DCRS_-_Antônio_Prado/Flores_da_Cunha_(292_m) -999.9 -999.9 988.2 980.7 982.3 14.1 9.3 712.0 Rio_Grande_do_Sul DCRS -999.9 0.0 0.0 nan nan nan 0 nan nan nan nan nan
-28.939899 -51.188499 DCRS-00087 2026-09-14_23:05 13.0 -999.9 -999.9 93.5 -999.9 -999.9 12.0 -999.9 -999.9 982.3 -999.9 -999.9 0.0 -999.9 0.0 0.0 0.0 0.0 0.0 0.0 57.4 66.8 20.6 10.7 94.8 56.7 11.0 DCRS_-_Antônio_Prado/Flores_da_Cunha_(292_m) -999.9 -999.9 988.2 980.7 982.3 14.1 9.3 712.0 Rio_Grande_do_Sul DCRS -999.9 0.0 0.0 nan nan nan 0 nan nan nan nan nan
-28.939899 -51.188499 DCRS-00087 2026-09-14_23:06 13.0 -999.9 -999.9 93.8 -999.9 -999.9 12.0 -999.9 -999.9 982.3 -999.9 -999.9 0.0 -999.9 0.0 0.0 0.0 0.0 0.0 0.0 57.4 66.8 20.6 10.7 94.8 56.7 11.0 DCRS_-_Antônio_Prado/Flores_da_Cunha_(292_m) -999.9 -999.9 988.2 980.7 982.3 14.1 9.3 712.0 Rio_Grande_do_Sul DCRS -999.9 0.0 0.0 nan nan nan 0 nan nan nan nan nan
-28.939899 -51.188499 DCRS-00087 2026-09-14_23:07 13.1 -999.9 -999.9 93.9 -999.9 -999.9 12.1 -999.9 -999.9 982.3 -999.9 -999.9 0.0 -999.9 0.0 0.0 0.0 0.0 0.0 0.0 57.4 66.8 20.6 10.7 94.8 56.7 11.0 DCRS_-_Antônio_Prado/Flores_da_Cunha_(292_m) -999.9 -999.9 988.2 980.7 982.3 14.1 9.3 712.0 Rio_Grande_do_Sul DCRS -999.9 0.0 0.0 nan nan nan 0 nan nan nan nan nan
-28.939899 -51.188499 DCRS-00087 2026-09-14_23:08 13.0 -999.9 -999.9 94.1 -999.9 -999.9 12.1 -999.9 -999.9 982.3 -999.9 -999.9 0.0 -999.9 0.0 0.0 0.0 0.0 0.0 0.0 57.4 66.8 20.6 10.7 94.8 56.7 11.0 DCRS_-_Antônio_Prado/Flores_da_Cunha_(292_m) -999.9 -999.9 988.2 980.7 982.3 14.1 9.3 712.0 Rio_Grande_do_Sul DCRS -999.9 0.0 0.0 nan nan nan 0 nan nan nan nan nan
-28.939899 -51.188499 DCRS-00087 2026-09-14_23:09 13.0 -999.9 -999.9 94.2 -999.9 -999.9 12.1 -999.9 -999.9 982.3 -999.9 -999.9 0.0 -999.9 0.0 0.0 0.0 0.0 0.0 0.0 57.4 66.8 20.6 10.7 94.8 56.7 11.0 DCRS_-_Antônio_Prado/Flores_da_Cunha_(292_m) -999.9 -999.9 988.2 980.7 982.3 14.1 9.3 712.0 Rio_Grande_do_Sul DCRS -999.9 0.0 0.0 nan nan nan 0 nan nan nan nan nan
-28.939899 -51.188499 DCRS-00087 2026-09-14_23:10 12.9 -999.9 -999.9 94.2 -999.9 -999.9 -999.9 -999.9 -999.9 982.3 -999.9 -999.9 0.0 -999.9 0.0 0.0 0.0 0.0 0.0 0.0 57.4 66.8 20.6 10.7 94.8 56.7 11.0 DCRS_-_Antônio_Prado/Flores_da_Cunha_(292_m) -999.9 -999.9 988.2 980.7 982.3 14.1 9.3 712.0 Rio_Grande_do_Sul DCRS -999.9 0.0 0.0 nan nan nan 0 nan nan nan nan nan
-28.939899 -51.188499 DCRS-00087 2026-09-14_23:11 13.0 -999.9 -999.9 94.3 -999.9 -999.9 12.1 -999.9 -999.9 982.3 -999.9 -999.9 0.0 -999.9 0.0 0.0 0.0 0.0 0.0 0.0 57.4 66.8 20.6 10.7 94.8 56.7 11.0 DCRS_-_Antônio_Prado/Flores_da_Cunha_(292_m) -999.9 -999.9 988.2 980.7 982.3 14.1 9.3 712.0 Rio_Grande_do_Sul DCRS -999.9 0.0 0.0 nan nan nan 0 nan nan nan nan nan
-28.939899 -51.188499 DCRS-00087 2026-09-14_23:12 12.9 -999.9 -999.9 94.5 -999.9 -999.9 12.0 -999.9 -999.9 982.3 -999.9 -999.9 0.0 -999.9 0.0 0.0 0.0 0.0 0.0 0.0 57.4 66.8 20.6 10.7 94.8 56.7 11.0 DCRS_-_Antônio_Prado/Flores_da_Cunha_(292_m) -999.9 -999.9 988.2 980.7 982.3 14.1 9.3 712.0 Rio_Grande_do_Sul DCRS -999.9 0.0 0.0 nan nan nan 0 nan nan nan nan nan
-28.939899 -51.188499 DCRS-00087 2026-09-14_23:13 12.9 -999.9 -999.9 94.6 -999.9 -999.9 12.0 -999.9 -999.9 982.3 -999.9 -999.9 -999.9 -999.9 0.0 0.0 0.0 0.0 0.0 0.0 57.4 66.8 20.6 10.7 94.8 56.7 11.0 DCRS_-_Antônio_Prado/Flores_da_Cunha_(292_m) -999.9 -999.9 988.2 980.7 982.3 14.1 9.3 712.0 Rio_Grande_do_Sul DCRS -999.9 0.0 0.0 nan nan nan 0 nan nan nan nan nan
-28.939899 -51.188499 DCRS-00087 2026-09-14_23:14 12.9 -999.9 -999.9 94.5 -999.9 -999.9 12.0 -999.9 -999.9 982.3 -999.9 -999.9 0.0 -999.9 0.0 0.0 0.0 0.0 0.0 0.0 57.4 66.8 20.6 10.7 94.8 56.7 11.0 DCRS_-_Antônio_Prado/Flores_da_Cunha_(292_m) -999.9 -999.9 988.2 980.7 982.3 14.1 9.3 712.0 Rio_Grande_do_Sul DCRS -999.9 0.0 0.0 nan nan nan 0 nan nan nan nan nan
-28.939899 -51.188499 DCRS-00087 2026-09-14_23:15 12.9 -999.9 -999.9 94.6 -999.9 -999.9 12.0 -999.9 -999.9 982.3 -999.9 -999.9 0.0 -999.9 4.8 0.0 0.0 0.0 0.0 0.0 57.4 66.8 20.6 10.7 94.8 56.7 11.0 DCRS_-_Antônio_Prado/Flores_da_Cunha_(292_m) -999.9 -999.9 988.2 980.7 982.3 14.1 9.3 712.0 Rio_Grande_do_Sul DCRS -999.9 0.0 0.0 nan nan nan 0 nan nan nan nan nan
-28.939899 -51.188499 DCRS-00087 2026-09-14_23:16 12.9 -999.9 -999.9 94.5 -999.9 -999.9 12.0 -999.9 -999.9 982.3 -999.9 -999.9 0.0 -999.9 4.8 0.0 0.0 0.0 0.0 0.0 57.4 66.8 20.6 10.7 94.8 56.7 11.0 DCRS_-_Antônio_Prado/Flores_da_Cunha_(292_m) -999.9 -999.9 988.2 980.7 982.3 14.1 9.3 712.0 Rio_Grande_do_Sul DCRS -999.9 0.0 0.0 nan nan nan 0 nan nan nan nan nan
-28.939899 -51.188499 DCRS-00087 2026-09-14_23:17 12.8 -999.9 -999.9 94.5 -999.9 -999.9 11.9 -999.9 -999.9 982.4 -999.9 -999.9 0.0 -999.9 4.8 0.0 0.0 0.0 0.0 0.0 57.4 66.8 20.6 10.7 94.8 56.7 11.0 DCRS_-_Antônio_Prado/Flores_da_Cunha_(292_m) -999.9 -999.9 988.2 980.7 982.4 14.1 9.3 712.0 Rio_Grande_do_Sul DCRS -999.9 0.0 0.0 nan nan nan 0 nan nan nan nan nan
-28.939899 -51.188499 DCRS-00087 2026-09-14_23:18 12.8 -999.9 -999.9 94.5 -999.9 -999.9 11.9 -999.9 -999.9 982.4 -999.9 -999.9 0.0 -999.9 4.8 0.0 0.0 0.0 0.0 0.0 57.4 66.8 20.6 10.7 94.8 56.7 11.0 DCRS_-_Antônio_Prado/Flores_da_Cunha_(292_m) -999.9 -999.9 988.2 980.7 982.4 14.1 9.3 712.0 Rio_Grande_do_Sul DCRS -999.9 0.0 0.0 nan nan nan 0 nan nan nan nan nan
-28.939899 -51.188499 DCRS-00087 2026-09-14_23:19 12.8 -999.9 -999.9 94.5 -999.9 -999.9 11.9 -999.9 -999.9 982.3 -999.9 -999.9 0.0 -999.9 4.8 0.0 0.0 0.0 0.0 0.0 57.4 66.8 20.6 10.7 94.8 56.7 11.0 DCRS_-_Antônio_Prado/Flores_da_Cunha_(292_m) -999.9 -999.9 988.2 980.7 982.3 14.1 9.3 712.0 Rio_Grande_do_Sul DCRS -999.9 0.0 0.0 nan nan nan 0 nan nan nan nan nan
-28.939899 -51.188499 DCRS-00087 2026-09-14_23:20 12.8 -999.9 -999.9 94.5 -999.9 -999.9 11.9 -999.9 -999.9 982.3 -999.9 -999.9 0.0 -999.9 2.9 0.0 0.0 0.0 0.0 0.0 57.4 66.8 20.6 10.7 94.8 56.7 11.0 DCRS_-_Antônio_Prado/Flores_da_Cunha_(292_m) -999.9 -999.9 988.2 980.7 982.3 14.1 9.3 712.0 Rio_Grande_do_Sul DCRS -999.9 0.0 0.0 nan nan nan 0 nan nan nan nan nan
-28.939899 -51.188499 DCRS-00087 2026-09-14_23:21 12.8 -999.9 -999.9 94.4 -999.9 -999.9 11.9 -999.9 -999.9 982.3 -999.9 -999.9 0.0 -999.9 2.9 0.0 0.0 0.0 0.0 0.0 57.4 66.8 20.6 10.7 94.8 56.7 11.0 DCRS_-_Antônio_Prado/Flores_da_Cunha_(292_m) -999.9 -999.9 988.2 980.7 982.3 14.1 9.3 712.0 Rio_Grande_do_Sul DCRS -999.9 0.0 0.0 nan nan nan 0 nan nan nan nan nan
-28.939899 -51.188499 DCRS-00087 2026-09-14_23:22 12.8 -999.9 -999.9 94.5 -999.9 -999.9 11.9 -999.9 -999.9 982.3 -999.9 -999.9 0.0 -999.9 2.9 0.0 0.0 0.0 0.0 0.0 57.4 66.8 20.6 10.7 94.8 56.7 11.0 DCRS_-_Antônio_Prado/Flores_da_Cunha_(292_m) -999.9 -999.9 988.2 980.7 982.3 14.1 9.3 712.0 Rio_Grande_do_Sul DCRS -999.9 0.0 0.0 nan nan nan 0 nan nan nan nan nan
-28.939899 -51.188499 DCRS-00087 2026-09-14_23:23 12.8 -999.9 -999.9 94.6 -999.9 -999.9 11.9 -999.9 -999.9 982.3 -999.9 -999.9 0.0 -999.9 2.9 0.0 0.0 0.0 0.0 0.0 57.4 66.8 20.6 10.7 94.8 56.7 11.0 DCRS_-_Antônio_Prado/Flores_da_Cunha_(292_m) -999.9 -999.9 988.2 980.7 982.3 14.1 9.3 712.0 Rio_Grande_do_Sul DCRS -999.9 0.0 0.0 nan nan nan 0 nan nan nan nan nan
-28.939899 -51.188499 DCRS-00087 2026-09-14_23:24 12.8 -999.9 -999.9 94.6 -999.9 -999.9 11.9 -999.9 -999.9 982.3 -999.9 -999.9 0.0 -999.9 2.9 0.0 0.0 0.0 0.0 0.0 57.4 66.8 20.6 10.7 94.8 56.7 11.0 DCRS_-_Antônio_Prado/Flores_da_Cunha_(292_m) -999.9 -999.9 988.2 980.7 982.3 14.1 9.3 712.0 Rio_Grande_do_Sul DCRS -999.9 0.0 0.0 nan nan nan 0 nan nan nan nan nan
-28.939899 -51.188499 DCRS-00087 2026-09-14_23:25 12.7 -999.9 -999.9 94.6 -999.9 -999.9 11.8 -999.9 -999.9 982.3 -999.9 -999.9 0.0 -999.9 0.0 0.0 0.0 0.0 0.0 0.0 57.4 66.8 20.6 10.7 94.8 56.7 11.0 DCRS_-_Antônio_Prado/Flores_da_Cunha_(292_m) -999.9 -999.9 988.2 980.7 982.3 14.1 9.3 712.0 Rio_Grande_do_Sul DCRS -999.9 0.0 0.0 nan nan nan 0 nan nan nan nan nan
-28.939899 -51.188499 DCRS-00087 2026-09-14_23:26 12.8 -999.9 -999.9 94.7 -999.9 -999.9 12.0 -999.9 -999.9 982.3 -999.9 -999.9 0.0 -999.9 0.0 0.0 0.0 0.0 0.0 0.0 57.4 66.8 20.6 10.7 94.8 56.7 11.0 DCRS_-_Antônio_Prado/Flores_da_Cunha_(292_m) -999.9 -999.9 988.2 980.7 982.3 14.1 9.3 712.0 Rio_Grande_do_Sul DCRS -999.9 0.0 0.0 nan nan nan 0 nan nan nan nan nan
-28.939899 -51.188499 DCRS-00087 2026-09-14_23:27 12.7 -999.9 -999.9 94.5 -999.9 -999.9 11.8 -999.9 -999.9 982.4 -999.9 -999.9 0.0 -999.9 0.0 0.0 0.0 0.0 0.0 0.0 57.4 66.8 20.6 10.7 94.8 56.7 11.0 DCRS_-_Antônio_Prado/Flores_da_Cunha_(292_m) -999.9 -999.9 988.2 980.7 982.4 14.1 9.3 712.0 Rio_Grande_do_Sul DCRS -999.9 0.0 0.0 nan nan nan 0 nan nan nan nan nan
-28.939899 -51.188499 DCRS-00087 2026-09-14_23:28 12.7 -999.9 -999.9 94.5 -999.9 -999.9 11.8 -999.9 -999.9 982.4 -999.9 -999.9 0.0 -999.9 0.0 0.0 0.0 0.0 0.0 0.0 57.4 66.8 20.6 10.7 94.8 56.7 11.0 DCRS_-_Antônio_Prado/Flores_da_Cunha_(292_m) -999.9 -999.9 988.2 980.7 982.4 14.1 9.3 712.0 Rio_Grande_do_Sul DCRS -999.9 0.0 0.0 nan nan nan 0 nan nan nan nan nan
-28.939899 -51.188499 DCRS-00087 2026-09-14_23:29 12.7 -999.9 -999.9 94.5 -999.9 -999.9 11.8 -999.9 -999.9 982.4 -999.9 -999.9 0.0 -999.9 0.0 0.0 0.0 0.0 0.0 0.0 57.4 66.8 20.6 10.7 94.8 56.7 11.0 DCRS_-_Antônio_Prado/Flores_da_Cunha_(292_m) -999.9 -999.9 988.2 980.7 982.4 14.1 9.3 712.0 Rio_Grande_do_Sul DCRS -999.9 0.0 0.0 nan nan nan 0 nan nan nan nan nan
-28.939899 -51.188499 DCRS-00087 2026-09-14_23:30 12.7 -999.9 -999.9 94.5 -999.9 -999.9 11.8 -999.9 -999.9 982.4 -999.9 -999.9 0.0 -999.9 0.0 0.0 0.0 0.0 0.0 0.0 57.4 66.8 20.6 10.7 94.8 56.7 11.0 DCRS_-_Antônio_Prado/Flores_da_Cunha_(292_m) -999.9 -999.9 988.2 980.7 982.4 14.1 9.3 712.0 Rio_Grande_do_Sul DCRS -999.9 0.0 0.0 nan nan nan 0 nan nan nan nan nan
-28.939899 -51.188499 DCRS-00087 2026-09-14_23:31 12.7 -999.9 -999.9 94.6 -999.9 -999.9 11.8 -999.9 -999.9 982.4 -999.9 -999.9 0.0 -999.9 0.0 0.0 0.0 0.0 0.0 0.0 57.4 66.8 20.6 10.7 94.8 56.7 11.0 DCRS_-_Antônio_Prado/Flores_da_Cunha_(292_m) -999.9 -999.9 988.2 980.7 982.4 14.1 9.3 712.0 Rio_Grande_do_Sul DCRS -999.9 0.0 0.0 nan nan nan 0 nan nan nan nan nan
-28.939899 -51.188499 DCRS-00087 2026-09-14_23:32 12.7 -999.9 -999.9 94.6 -999.9 -999.9 11.8 -999.9 -999.9 982.4 -999.9 -999.9 0.0 -999.9 0.0 0.0 0.0 0.0 0.0 0.0 57.4 66.8 20.6 10.7 94.8 56.7 11.0 DCRS_-_Antônio_Prado/Flores_da_Cunha_(292_m) -999.9 -999.9 988.2 980.7 982.4 14.1 9.3 712.0 Rio_Grande_do_Sul DCRS -999.9 0.0 0.0 nan nan nan 0 nan nan nan nan nan
-28.939899 -51.188499 DCRS-00087 2026-09-14_23:33 12.6 -999.9 -999.9 94.6 -999.9 -999.9 11.7 -999.9 -999.9 982.4 -999.9 -999.9 0.0 -999.9 0.0 0.0 0.0 0.0 0.0 0.0 57.4 66.8 20.6 10.7 94.8 56.7 11.0 DCRS_-_Antônio_Prado/Flores_da_Cunha_(292_m) -999.9 -999.9 988.2 980.7 982.4 14.1 9.3 712.0 Rio_Grande_do_Sul DCRS -999.9 0.0 0.0 nan nan nan 0 nan nan nan nan nan
-28.939899 -51.188499 DCRS-00087 2026-09-14_23:34 12.7 -999.9 -999.9 94.7 -999.9 -999.9 11.9 -999.9 -999.9 982.4 -999.9 -999.9 0.0 -999.9 0.0 0.0 0.0 0.0 0.0 0.0 57.4 66.8 20.6 10.7 94.8 56.7 11.0 DCRS_-_Antônio_Prado/Flores_da_Cunha_(292_m) -999.9 -999.9 988.2 980.7 982.4 14.1 9.3 712.0 Rio_Grande_do_Sul DCRS -999.9 0.0 0.0 nan nan nan 0 nan nan nan nan nan
-28.939899 -51.188499 DCRS-00087 2026-09-14_23:35 12.7 -999.9 -999.9 94.7 -999.9 -999.9 11.9 -999.9 -999.9 982.4 -999.9 -999.9 0.0 -999.9 0.0 0.0 0.0 0.0 0.0 0.0 57.4 66.8 20.6 10.7 94.8 56.7 11.0 DCRS_-_Antônio_Prado/Flores_da_Cunha_(292_m) -999.9 -999.9 988.2 980.7 982.4 14.1 9.3 712.0 Rio_Grande_do_Sul DCRS -999.9 0.0 0.0 nan nan nan 0 nan nan nan nan nan
-28.939899 -51.188499 DCRS-00087 2026-09-14_23:36 12.7 -999.9 -999.9 94.7 -999.9 -999.9 11.9 -999.9 -999.9 982.4 -999.9 -999.9 0.0 -999.9 0.0 0.0 0.0 0.0 0.0 0.0 57.4 66.8 20.6 10.7 94.8 56.7 11.0 DCRS_-_Antônio_Prado/Flores_da_Cunha_(292_m) -999.9 -999.9 988.2 980.7 982.4 14.1 9.3 712.0 Rio_Grande_do_Sul DCRS -999.9 0.0 0.0 nan nan nan 0 nan nan nan nan nan
-28.939899 -51.188499 DCRS-00087 2026-09-14_23:37 12.7 -999.9 -999.9 94.8 -999.9 -999.9 11.9 -999.9 -999.9 982.4 -999.9 -999.9 0.0 -999.9 0.0 0.0 0.0 0.0 0.0 0.0 57.4 66.8 20.6 10.7 94.8 56.7 11.0 DCRS_-_Antônio_Prado/Flores_da_Cunha_(292_m) -999.9 -999.9 988.2 980.7 982.4 14.1 9.3 712.0 Rio_Grande_do_Sul DCRS -999.9 0.0 0.0 nan nan nan 0 nan nan nan nan nan
-28.939899 -51.188499 DCRS-00087 2026-09-14_23:38 12.7 -999.9 -999.9 94.7 -999.9 -999.9 11.9 -999.9 -999.9 982.4 -999.9 -999.9 0.0 -999.9 0.0 0.0 0.0 0.0 0.0 0.0 57.4 66.8 20.6 10.7 94.8 56.7 11.0 DCRS_-_Antônio_Prado/Flores_da_Cunha_(292_m) -999.9 -999.9 988.2 980.7 982.4 14.1 9.3 712.0 Rio_Grande_do_Sul DCRS -999.9 0.0 0.0 nan nan nan 0 nan nan nan nan nan
-28.939899 -51.188499 DCRS-00087 2026-09-14_23:39 12.6 -999.9 -999.9 94.7 -999.9 -999.9 11.8 -999.9 -999.9 982.5 -999.9 -999.9 -999.9 -999.9 0.0 0.0 0.0 0.0 0.0 0.0 57.4 66.8 20.6 10.7 94.8 56.7 11.0 DCRS_-_Antônio_Prado/Flores_da_Cunha_(292_m) -999.9 -999.9 988.2 980.7 982.5 14.1 9.3 712.0 Rio_Grande_do_Sul DCRS -999.9 0.0 0.0 nan nan nan 0 nan nan nan nan nan
-28.939899 -51.188499 DCRS-00087 2026-09-14_23:40 12.7 -999.9 -999.9 94.7 -999.9 -999.9 11.9 -999.9 -999.9 982.4 -999.9 -999.9 0.0 -999.9 3.1 0.0 0.0 0.0 0.0 0.0 57.4 66.8 20.6 10.7 94.8 56.7 11.0 DCRS_-_Antônio_Prado/Flores_da_Cunha_(292_m) -999.9 -999.9 988.2 980.7 982.4 14.1 9.3 712.0 Rio_Grande_do_Sul DCRS -999.9 0.0 0.0 nan nan nan 0 nan nan nan nan nan
-28.939899 -51.188499 DCRS-00087 2026-09-14_23:41 12.6 -999.9 -999.9 94.7 -999.9 -999.9 11.8 -999.9 -999.9 982.4 -999.9 -999.9 2.4 -999.9 3.1 0.0 0.0 0.0 0.0 0.0 57.4 66.8 20.6 10.7 94.8 56.7 11.0 DCRS_-_Antônio_Prado/Flores_da_Cunha_(292_m) -999.9 -999.9 988.2 980.7 982.4 14.1 9.3 712.0 Rio_Grande_do_Sul DCRS -999.9 0.0 0.0 nan nan nan 0 nan nan nan nan nan
-28.939899 -51.188499 DCRS-00087 2026-09-14_23:42 12.6 -999.9 -999.9 94.7 -999.9 -999.9 11.8 -999.9 -999.9 982.4 -999.9 -999.9 2.0 -999.9 3.1 0.0 0.0 0.0 0.0 0.0 57.4 66.8 20.6 10.7 94.8 56.7 11.0 DCRS_-_Antônio_Prado/Flores_da_Cunha_(292_m) -999.9 -999.9 988.2 980.7 982.4 14.1 9.3 712.0 Rio_Grande_do_Sul DCRS -999.9 0.0 0.0 nan nan nan 0 nan nan nan nan nan
-28.939899 -51.188499 DCRS-00087 2026-09-14_23:43 12.7 -999.9 -999.9 94.7 -999.9 -999.9 11.9 -999.9 -999.9 982.4 -999.9 -999.9 0.0 -999.9 3.1 0.0 0.0 0.0 0.0 0.0 57.4 66.8 20.6 10.7 94.8 56.7 11.0 DCRS_-_Antônio_Prado/Flores_da_Cunha_(292_m) -999.9 -999.9 988.2 980.7 982.4 14.1 9.3 712.0 Rio_Grande_do_Sul DCRS -999.9 0.0 0.0 nan nan nan 0 nan nan nan nan nan
-28.939899 -51.188499 DCRS-00087 2026-09-14_23:44 12.6 -999.9 -999.9 94.7 -999.9 -999.9 11.8 -999.9 -999.9 982.4 -999.9 -999.9 0.0 -999.9 3.1 0.0 0.0 0.0 0.0 0.0 57.4 66.8 20.6 10.7 94.8 56.7 11.0 DCRS_-_Antônio_Prado/Flores_da_Cunha_(292_m) -999.9 -999.9 988.2 980.7 982.4 14.1 9.3 712.0 Rio_Grande_do_Sul DCRS -999.9 0.0 0.0 nan nan nan 0 nan nan nan nan nan
-28.939899 -51.188499 DCRS-00087 2026-09-14_23:45 12.6 -999.9 -999.9 94.7 -999.9 -999.9 11.8 -999.9 -999.9 982.4 -999.9 -999.9 0.0 -999.9 3.0 0.0 0.0 0.0 0.0 0.0 57.4 66.8 20.6 10.7 94.8 56.7 11.0 DCRS_-_Antônio_Prado/Flores_da_Cunha_(292_m) -999.9 -999.9 988.2 980.7 982.4 14.1 9.3 712.0 Rio_Grande_do_Sul DCRS -999.9 0.0 0.0 nan nan nan 0 nan nan nan nan nan
-28.939899 -51.188499 DCRS-00087 2026-09-14_23:46 12.6 -999.9 -999.9 94.7 -999.9 -999.9 11.8 -999.9 -999.9 982.4 -999.9 -999.9 0.0 -999.9 3.0 0.0 0.0 0.0 0.0 0.0 57.4 66.8 20.6 10.7 94.8 56.7 11.0 DCRS_-_Antônio_Prado/Flores_da_Cunha_(292_m) -999.9 -999.9 988.2 980.7 982.4 14.1 9.3 712.0 Rio_Grande_do_Sul DCRS -999.9 0.0 0.0 nan nan nan 0 nan nan nan nan nan
-28.939899 -51.188499 DCRS-00087 2026-09-14_23:47 12.6 -999.9 -999.9 94.7 -999.9 -999.9 11.8 -999.9 -999.9 982.4 -999.9 -999.9 0.0 -999.9 3.0 0.0 0.0 0.0 0.0 0.0 57.4 66.8 20.6 10.7 94.8 56.7 11.0 DCRS_-_Antônio_Prado/Flores_da_Cunha_(292_m) -999.9 -999.9 988.2 980.7 982.4 14.1 9.3 712.0 Rio_Grande_do_Sul DCRS -999.9 0.0 0.0 nan nan nan 0 nan nan nan nan nan
-28.939899 -51.188499 DCRS-00087 2026-09-14_23:48 12.6 -999.9 -999.9 94.8 -999.9 -999.9 11.8 -999.9 -999.9 982.4 -999.9 -999.9 0.0 -999.9 3.0 0.0 0.0 0.0 0.0 0.0 57.4 66.8 20.6 10.7 94.8 56.7 11.0 DCRS_-_Antônio_Prado/Flores_da_Cunha_(292_m) -999.9 -999.9 988.2 980.7 982.4 14.1 9.3 712.0 Rio_Grande_do_Sul DCRS -999.9 0.0 0.0 nan nan nan 0 nan nan nan nan nan
-28.939899 -51.188499 DCRS-00087 2026-09-14_23:49 12.7 -999.9 -999.9 94.9 -999.9 -999.9 11.9 -999.9 -999.9 982.4 -999.9 -999.9 -999.9 -999.9 3.0 0.0 0.0 0.0 0.0 0.0 57.4 66.8 20.6 10.7 94.9 56.7 11.0 DCRS_-_Antônio_Prado/Flores_da_Cunha_(292_m) -999.9 -999.9 988.2 980.7 982.4 14.1 9.3 712.0 Rio_Grande_do_Sul DCRS -999.9 0.0 0.0 nan nan nan 0 nan nan nan nan nan
-28.939899 -51.188499 DCRS-00087 2026-09-14_23:50 12.7 -999.9 -999.9 94.8 -999.9 -999.9 11.9 -999.9 -999.9 982.4 -999.9 -999.9 2.1 -999.9 3.3 0.0 0.0 0.0 0.0 0.0 57.4 66.8 20.6 10.7 94.9 56.7 11.0 DCRS_-_Antônio_Prado/Flores_da_Cunha_(292_m) -999.9 -999.9 988.2 980.7 982.4 14.1 9.3 712.0 Rio_Grande_do_Sul DCRS -999.9 0.0 0.0 nan nan nan 0 nan nan nan nan nan
-28.939899 -51.188499 DCRS-00087 2026-09-14_23:51 12.7 -999.9 -999.9 94.6 -999.9 -999.9 11.8 -999.9 -999.9 982.4 -999.9 -999.9 3.0 -999.9 3.3 0.0 0.0 0.0 0.0 0.0 57.4 66.8 20.6 10.7 94.9 56.7 11.0 DCRS_-_Antônio_Prado/Flores_da_Cunha_(292_m) -999.9 -999.9 988.2 980.7 982.4 14.1 9.3 712.0 Rio_Grande_do_Sul DCRS -999.9 0.0 0.0 nan nan nan 0 nan nan nan nan nan
-28.939899 -51.188499 DCRS-00087 2026-09-14_23:52 12.6 -999.9 -999.9 94.5 -999.9 -999.9 11.7 -999.9 -999.9 982.4 -999.9 -999.9 0.0 -999.9 3.3 0.0 0.0 0.0 0.0 0.0 57.4 66.8 20.6 10.7 94.9 56.7 11.0 DCRS_-_Antônio_Prado/Flores_da_Cunha_(292_m) -999.9 -999.9 988.2 980.7 982.4 14.1 9.3 712.0 Rio_Grande_do_Sul DCRS -999.9 0.0 0.0 nan nan nan 0 nan nan nan nan nan
-28.939899 -51.188499 DCRS-00087 2026-09-14_23:53 12.6 -999.9 -999.9 94.4 -999.9 -999.9 11.7 -999.9 -999.9 982.4 -999.9 -999.9 -999.9 -999.9 3.3 0.0 0.0 0.0 0.0 0.0 57.4 66.8 20.6 10.7 94.9 56.7 11.0 DCRS_-_Antônio_Prado/Flores_da_Cunha_(292_m) -999.9 -999.9 988.2 980.7 982.4 14.1 9.3 712.0 Rio_Grande_do_Sul DCRS -999.9 0.0 0.0 nan nan nan 0 nan nan nan nan nan
-28.939899 -51.188499 DCRS-00087 2026-09-14_23:54 12.6 -999.9 -999.9 94.2 -999.9 -999.9 11.7 -999.9 -999.9 982.3 -999.9 -999.9 0.0 -999.9 3.3 0.0 0.0 0.0 0.0 0.0 57.4 66.8 20.6 10.7 94.9 56.7 11.0 DCRS_-_Antônio_Prado/Flores_da_Cunha_(292_m) -999.9 -999.9 988.2 980.7 982.3 14.1 9.3 712.0 Rio_Grande_do_Sul DCRS -999.9 0.0 0.0 nan nan nan 0 nan nan nan nan nan
-28.939899 -51.188499 DCRS-00087 2026-09-14_23:55 12.6 -999.9 -999.9 94.1 -999.9 -999.9 11.7 -999.9 -999.9 982.3 -999.9 -999.9 0.0 -999.9 4.9 0.0 0.0 0.0 0.0 0.0 57.4 66.8 20.6 10.7 94.9 56.7 11.0 DCRS_-_Antônio_Prado/Flores_da_Cunha_(292_m) -999.9 -999.9 988.2 980.7 982.3 14.1 9.3 712.0 Rio_Grande_do_Sul DCRS -999.9 0.0 0.0 nan nan nan 0 nan nan nan nan nan
-28.939899 -51.188499 DCRS-00087 2026-09-14_23:56 12.7 -999.9 -999.9 94.0 -999.9 -999.9 11.7 -999.9 -999.9 982.4 -999.9 -999.9 2.2 -999.9 4.9 0.0 0.0 0.0 0.0 0.0 57.4 66.8 20.6 10.7 94.9 56.7 11.0 DCRS_-_Antônio_Prado/Flores_da_Cunha_(292_m) -999.9 -999.9 988.2 980.7 982.4 14.1 9.3 712.0 Rio_Grande_do_Sul DCRS -999.9 0.0 0.0 nan nan nan 0 nan nan nan nan nan
-28.939899 -51.188499 DCRS-00087 2026-09-14_23:57 12.6 -999.9 -999.9 93.9 -999.9 -999.9 11.6 -999.9 -999.9 982.4 -999.9 -999.9 0.0 -999.9 4.9 0.0 0.0 0.0 0.0 0.0 57.4 66.8 20.6 10.7 94.9 56.7 11.0 DCRS_-_Antônio_Prado/Flores_da_Cunha_(292_m) -999.9 -999.9 988.2 980.7 982.4 14.1 9.3 712.0 Rio_Grande_do_Sul DCRS -999.9 0.0 0.0 nan nan nan 0 nan nan nan nan nan
-28.939899 -51.188499 DCRS-00087 2026-09-14_23:58 12.6 -999.9 -999.9 93.9 -999.9 -999.9 11.6 -999.9 -999.9 982.4 -999.9 -999.9 0.0 -999.9 4.9 0.0 0.0 0.0 0.0 0.0 57.4 66.8 20.6 10.7 94.9 56.7 11.0 DCRS_-_Antônio_Prado/Flores_da_Cunha_(292_m) -999.9 -999.9 988.2 980.7 982.4 14.1 9.3 712.0 Rio_Grande_do_Sul DCRS -999.9 0.0 0.0 nan nan nan 0 nan nan nan nan nan
-28.939899 -51.188499 DCRS-00087 2026-09-14_23:59 12.7 -999.9 -999.9 94.0 -999.9 -999.9 11.7 -999.9 -999.9 982.4 -999.9 -999.9 0.0 -999.9 4.9 0.0 0.0 0.0 0.0 0.0 57.4 66.8 20.6 10.7 94.9 56.7 11.0 DCRS_-_Antônio_Prado/Flores_da_Cunha_(292_m) -999.9 -999.9 988.2 980.7 982.4 14.1 9.3 712.0 Rio_Grande_do_Sul DCRS -999.9 0.0 0.0 nan nan nan 0 nan nan nan nan nan
