-28.939899 -51.188499 DCRS-00087 2026-07-20_00:00 19.6 -999.9 -999.9 77.9 -999.9 -999.9 15.6 -999.9 -999.9 974.6 -999.9 -999.9 0.0 -999.9 1.8 0.0 0.0 0.0 0.0 0.0 0.2 0.4 19.6 19.6 77.9 77.9 1.8 DCRS_-_Antônio_Prado/Flores_da_Cunha_(292_m) -999.9 -999.9 974.6 974.6 974.6 15.6 15.6 0.0 Rio_Grande_do_Sul DCRS -999.9 0.0 0.0 250.16 250.16 250.16 0 0.0 250.41 250.54 250.54 250.65
-28.939899 -51.188499 DCRS-00087 2026-07-20_00:01 19.5 -999.9 -999.9 78.3 -999.9 -999.9 15.6 -999.9 -999.9 974.6 -999.9 -999.9 1.8 -999.9 1.8 0.0 0.0 0.0 0.0 0.0 0.2 0.4 19.6 19.5 78.3 77.9 1.8 DCRS_-_Antônio_Prado/Flores_da_Cunha_(292_m) -999.9 -999.9 974.6 974.6 974.6 15.6 15.6 0.0 Rio_Grande_do_Sul DCRS -999.9 0.0 0.0 250.16 250.16 250.16 0 0.0 250.41 250.54 250.54 250.65
-28.939899 -51.188499 DCRS-00087 2026-07-20_00:02 19.5 -999.9 -999.9 78.4 -999.9 -999.9 15.6 -999.9 -999.9 974.6 -999.9 -999.9 0.0 -999.9 1.8 0.0 0.0 0.0 0.0 0.0 0.2 0.4 19.6 19.5 78.4 77.9 1.8 DCRS_-_Antônio_Prado/Flores_da_Cunha_(292_m) -999.9 -999.9 974.6 974.6 974.6 15.6 15.6 0.0 Rio_Grande_do_Sul DCRS -999.9 0.0 0.0 250.16 250.16 250.16 0 0.0 250.41 250.54 250.54 250.65
-28.939899 -51.188499 DCRS-00087 2026-07-20_00:03 19.5 -999.9 -999.9 78.3 -999.9 -999.9 15.6 -999.9 -999.9 974.6 -999.9 -999.9 0.0 -999.9 1.8 0.0 0.0 0.0 0.0 0.0 0.2 0.4 19.6 19.5 78.4 77.9 1.8 DCRS_-_Antônio_Prado/Flores_da_Cunha_(292_m) -999.9 -999.9 974.6 974.6 974.6 15.6 15.6 0.0 Rio_Grande_do_Sul DCRS -999.9 0.0 0.0 250.16 250.16 250.16 0 0.0 250.41 250.54 250.54 250.65
-28.939899 -51.188499 DCRS-00087 2026-07-20_00:04 19.5 -999.9 -999.9 78.3 -999.9 -999.9 15.6 -999.9 -999.9 974.6 -999.9 -999.9 0.0 -999.9 1.8 0.0 0.0 0.0 0.0 0.0 0.2 0.4 19.6 19.5 78.4 77.9 1.8 DCRS_-_Antônio_Prado/Flores_da_Cunha_(292_m) -999.9 -999.9 974.6 974.6 974.6 15.6 15.6 0.0 Rio_Grande_do_Sul DCRS -999.9 0.0 0.0 250.16 250.16 250.16 0 0.0 250.41 250.54 250.54 250.65
-28.939899 -51.188499 DCRS-00087 2026-07-20_00:05 19.5 -999.9 -999.9 78.5 -999.9 -999.9 15.6 -999.9 -999.9 974.6 -999.9 -999.9 0.0 -999.9 2.6 0.0 0.0 0.0 0.0 0.0 0.2 0.4 19.6 19.5 78.5 77.9 2.6 DCRS_-_Antônio_Prado/Flores_da_Cunha_(292_m) -999.9 -999.9 974.6 974.6 974.6 15.6 15.6 0.0 Rio_Grande_do_Sul DCRS -999.9 0.0 0.0 250.16 250.16 250.16 0 0.0 250.41 250.54 250.54 250.65
-28.939899 -51.188499 DCRS-00087 2026-07-20_00:06 19.4 -999.9 -999.9 78.3 -999.9 -999.9 15.5 -999.9 -999.9 974.6 -999.9 -999.9 0.0 -999.9 2.6 0.0 0.0 0.0 0.0 0.0 0.2 0.4 19.6 19.4 78.5 77.9 2.6 DCRS_-_Antônio_Prado/Flores_da_Cunha_(292_m) -999.9 -999.9 974.6 974.6 974.6 15.6 15.5 0.0 Rio_Grande_do_Sul DCRS -999.9 0.0 0.0 250.16 250.16 250.16 0 0.0 250.41 250.54 250.54 250.65
-28.939899 -51.188499 DCRS-00087 2026-07-20_00:07 19.4 -999.9 -999.9 78.6 -999.9 -999.9 15.6 -999.9 -999.9 974.6 -999.9 -999.9 0.0 -999.9 2.6 0.0 0.0 0.0 0.0 0.0 0.2 0.4 19.6 19.4 78.6 77.9 2.6 DCRS_-_Antônio_Prado/Flores_da_Cunha_(292_m) -999.9 -999.9 974.6 974.6 974.6 15.6 15.5 0.0 Rio_Grande_do_Sul DCRS -999.9 0.0 0.0 250.16 250.16 250.16 0 0.0 250.41 250.54 250.54 250.65
-28.939899 -51.188499 DCRS-00087 2026-07-20_00:08 19.4 -999.9 -999.9 78.5 -999.9 -999.9 15.5 -999.9 -999.9 974.5 -999.9 -999.9 0.0 -999.9 2.6 0.0 0.0 0.0 0.0 0.0 0.2 0.4 19.6 19.4 78.6 77.9 2.6 DCRS_-_Antônio_Prado/Flores_da_Cunha_(292_m) -999.9 -999.9 974.6 974.5 974.5 15.6 15.5 0.0 Rio_Grande_do_Sul DCRS -999.9 0.0 0.0 250.16 250.16 250.16 0 0.0 250.41 250.54 250.54 250.65
-28.939899 -51.188499 DCRS-00087 2026-07-20_00:09 19.4 -999.9 -999.9 78.8 -999.9 -999.9 15.6 -999.9 -999.9 974.5 -999.9 -999.9 0.0 -999.9 2.6 0.0 0.0 0.0 0.0 0.0 0.2 0.4 19.6 19.4 78.8 77.9 2.6 DCRS_-_Antônio_Prado/Flores_da_Cunha_(292_m) -999.9 -999.9 974.6 974.5 974.5 15.6 15.5 0.0 Rio_Grande_do_Sul DCRS -999.9 0.0 0.0 250.16 250.16 250.16 0 0.0 250.41 250.54 250.54 250.65
-28.939899 -51.188499 DCRS-00087 2026-07-20_00:10 19.4 -999.9 -999.9 79.6 -999.9 -999.9 15.8 -999.9 -999.9 974.5 -999.9 -999.9 -999.9 -999.9 1.8 0.0 0.0 0.0 0.0 0.0 0.2 0.4 19.6 19.4 79.6 77.9 2.6 DCRS_-_Antônio_Prado/Flores_da_Cunha_(292_m) -999.9 -999.9 974.6 974.5 974.5 15.8 15.5 0.0 Rio_Grande_do_Sul DCRS -999.9 0.0 0.0 250.16 250.16 250.16 0 0.0 250.41 250.54 250.54 250.65
-28.939899 -51.188499 DCRS-00087 2026-07-20_00:11 19.4 -999.9 -999.9 78.8 -999.9 -999.9 15.6 -999.9 -999.9 974.5 -999.9 -999.9 -999.9 -999.9 1.8 0.0 0.0 0.0 0.0 0.0 0.2 0.4 19.6 19.4 79.6 77.9 2.6 DCRS_-_Antônio_Prado/Flores_da_Cunha_(292_m) -999.9 -999.9 974.6 974.5 974.5 15.8 15.5 0.0 Rio_Grande_do_Sul DCRS -999.9 0.0 0.0 250.16 250.16 250.16 0 0.0 250.41 250.54 250.54 250.65
-28.939899 -51.188499 DCRS-00087 2026-07-20_00:12 19.3 -999.9 -999.9 79.0 -999.9 -999.9 15.5 -999.9 -999.9 974.5 -999.9 -999.9 0.0 -999.9 1.8 0.0 0.0 0.0 0.0 0.0 0.2 0.4 19.6 19.3 79.6 77.9 2.6 DCRS_-_Antônio_Prado/Flores_da_Cunha_(292_m) -999.9 -999.9 974.6 974.5 974.5 15.8 15.5 0.0 Rio_Grande_do_Sul DCRS -999.9 0.0 0.0 250.16 250.16 250.16 0 0.0 250.41 250.54 250.54 250.65
-28.939899 -51.188499 DCRS-00087 2026-07-20_00:13 19.3 -999.9 -999.9 79.3 -999.9 -999.9 15.6 -999.9 -999.9 974.5 -999.9 -999.9 0.0 -999.9 1.8 0.0 0.0 0.0 0.0 0.0 0.2 0.4 19.6 19.3 79.6 77.9 2.6 DCRS_-_Antônio_Prado/Flores_da_Cunha_(292_m) -999.9 -999.9 974.6 974.5 974.5 15.8 15.5 0.0 Rio_Grande_do_Sul DCRS -999.9 0.0 0.0 250.16 250.16 250.16 0 0.0 250.41 250.54 250.54 250.65
-28.939899 -51.188499 DCRS-00087 2026-07-20_00:14 19.4 -999.9 -999.9 79.7 -999.9 -999.9 15.8 -999.9 -999.9 974.5 -999.9 -999.9 0.0 -999.9 1.8 0.0 0.0 0.0 0.0 0.0 0.2 0.4 19.6 19.3 79.7 77.9 2.6 DCRS_-_Antônio_Prado/Flores_da_Cunha_(292_m) -999.9 -999.9 974.6 974.5 974.5 15.8 15.5 0.0 Rio_Grande_do_Sul DCRS -999.9 0.0 0.0 250.16 250.16 250.16 0 0.0 250.41 250.54 250.54 250.65
-28.939899 -51.188499 DCRS-00087 2026-07-20_00:15 19.3 -999.9 -999.9 79.2 -999.9 -999.9 15.6 -999.9 -999.9 974.5 -999.9 -999.9 0.0 -999.9 2.7 0.0 0.0 0.0 0.0 0.0 0.2 0.4 19.6 19.3 79.7 77.9 2.7 DCRS_-_Antônio_Prado/Flores_da_Cunha_(292_m) -999.9 -999.9 974.6 974.5 974.5 15.8 15.5 0.0 Rio_Grande_do_Sul DCRS -999.9 0.0 0.0 250.16 250.16 250.16 0 0.0 250.41 250.54 250.54 250.65
-28.939899 -51.188499 DCRS-00087 2026-07-20_00:16 19.3 -999.9 -999.9 79.8 -999.9 -999.9 15.7 -999.9 -999.9 974.5 -999.9 -999.9 0.0 -999.9 2.7 0.0 0.0 0.0 0.0 0.0 0.2 0.4 19.6 19.3 79.8 77.9 2.7 DCRS_-_Antônio_Prado/Flores_da_Cunha_(292_m) -999.9 -999.9 974.6 974.5 974.5 15.8 15.5 0.0 Rio_Grande_do_Sul DCRS -999.9 0.0 0.0 250.16 250.16 250.16 0 0.0 250.41 250.54 250.54 250.65
-28.939899 -51.188499 DCRS-00087 2026-07-20_00:17 19.3 -999.9 -999.9 80.3 -999.9 -999.9 15.8 -999.9 -999.9 974.4 -999.9 -999.9 0.0 -999.9 2.7 0.0 0.0 0.0 0.0 0.0 0.2 0.4 19.6 19.3 80.3 77.9 2.7 DCRS_-_Antônio_Prado/Flores_da_Cunha_(292_m) -999.9 -999.9 974.6 974.4 974.4 15.8 15.5 0.0 Rio_Grande_do_Sul DCRS -999.9 0.0 0.0 250.16 250.16 250.16 0 0.0 250.41 250.54 250.54 250.65
-28.939899 -51.188499 DCRS-00087 2026-07-20_00:18 19.3 -999.9 -999.9 80.3 -999.9 -999.9 15.8 -999.9 -999.9 974.4 -999.9 -999.9 0.0 -999.9 2.7 0.0 0.0 0.0 0.0 0.0 0.2 0.4 19.6 19.3 80.3 77.9 2.7 DCRS_-_Antônio_Prado/Flores_da_Cunha_(292_m) -999.9 -999.9 974.6 974.4 974.4 15.8 15.5 0.0 Rio_Grande_do_Sul DCRS -999.9 0.0 0.0 250.16 250.16 250.16 0 0.0 250.41 250.54 250.54 250.65
-28.939899 -51.188499 DCRS-00087 2026-07-20_00:19 19.3 -999.9 -999.9 79.9 -999.9 -999.9 15.7 -999.9 -999.9 974.4 -999.9 -999.9 2.0 -999.9 2.7 0.0 0.0 0.0 0.0 0.0 0.2 0.4 19.6 19.3 80.3 77.9 2.7 DCRS_-_Antônio_Prado/Flores_da_Cunha_(292_m) -999.9 -999.9 974.6 974.4 974.4 15.8 15.5 0.0 Rio_Grande_do_Sul DCRS -999.9 0.0 0.0 250.16 250.16 250.16 0 0.0 250.41 250.54 250.54 250.65
-28.939899 -51.188499 DCRS-00087 2026-07-20_00:20 19.2 -999.9 -999.9 80.2 -999.9 -999.9 15.7 -999.9 -999.9 974.4 -999.9 -999.9 0.0 -999.9 3.0 0.0 0.0 0.0 0.0 0.0 0.2 0.4 19.6 19.2 80.3 77.9 3.0 DCRS_-_Antônio_Prado/Flores_da_Cunha_(292_m) -999.9 -999.9 974.6 974.4 974.4 15.8 15.5 0.0 Rio_Grande_do_Sul DCRS -999.9 0.0 0.0 250.16 250.16 250.16 0 0.0 250.41 250.54 250.54 250.65
-28.939899 -51.188499 DCRS-00087 2026-07-20_00:21 19.3 -999.9 -999.9 80.2 -999.9 -999.9 15.8 -999.9 -999.9 974.4 -999.9 -999.9 0.0 -999.9 3.0 0.0 0.0 0.0 0.0 0.0 0.2 0.4 19.6 19.2 80.3 77.9 3.0 DCRS_-_Antônio_Prado/Flores_da_Cunha_(292_m) -999.9 -999.9 974.6 974.4 974.4 15.8 15.5 0.0 Rio_Grande_do_Sul DCRS -999.9 0.0 0.0 250.16 250.16 250.16 0 0.0 250.41 250.54 250.54 250.65
-28.939899 -51.188499 DCRS-00087 2026-07-20_00:22 19.2 -999.9 -999.9 80.4 -999.9 -999.9 15.7 -999.9 -999.9 974.4 -999.9 -999.9 0.0 -999.9 3.0 0.0 0.0 0.0 0.0 0.0 0.2 0.4 19.6 19.2 80.4 77.9 3.0 DCRS_-_Antônio_Prado/Flores_da_Cunha_(292_m) -999.9 -999.9 974.6 974.4 974.4 15.8 15.5 0.0 Rio_Grande_do_Sul DCRS -999.9 0.0 0.0 250.16 250.16 250.16 0 0.0 250.41 250.54 250.54 250.65
-28.939899 -51.188499 DCRS-00087 2026-07-20_00:23 19.2 -999.9 -999.9 80.2 -999.9 -999.9 15.7 -999.9 -999.9 974.4 -999.9 -999.9 0.0 -999.9 3.0 0.0 0.0 0.0 0.0 0.0 0.2 0.4 19.6 19.2 80.4 77.9 3.0 DCRS_-_Antônio_Prado/Flores_da_Cunha_(292_m) -999.9 -999.9 974.6 974.4 974.4 15.8 15.5 0.0 Rio_Grande_do_Sul DCRS -999.9 0.0 0.0 250.16 250.16 250.16 0 0.0 250.41 250.54 250.54 250.65
-28.939899 -51.188499 DCRS-00087 2026-07-20_00:24 19.2 -999.9 -999.9 80.5 -999.9 -999.9 15.7 -999.9 -999.9 974.4 -999.9 -999.9 1.9 -999.9 3.0 0.0 0.0 0.0 0.0 0.0 0.2 0.4 19.6 19.2 80.5 77.9 3.0 DCRS_-_Antônio_Prado/Flores_da_Cunha_(292_m) -999.9 -999.9 974.6 974.4 974.4 15.8 15.5 0.0 Rio_Grande_do_Sul DCRS -999.9 0.0 0.0 250.16 250.16 250.16 0 0.0 250.41 250.54 250.54 250.65
-28.939899 -51.188499 DCRS-00087 2026-07-20_00:25 19.1 -999.9 -999.9 79.9 -999.9 -999.9 15.5 -999.9 -999.9 974.4 -999.9 -999.9 0.0 -999.9 2.4 0.0 0.0 0.0 0.0 0.0 0.2 0.4 19.6 19.1 80.5 77.9 3.0 DCRS_-_Antônio_Prado/Flores_da_Cunha_(292_m) -999.9 -999.9 974.6 974.4 974.4 15.8 15.5 0.0 Rio_Grande_do_Sul DCRS -999.9 0.0 0.0 250.16 250.16 250.16 0 0.0 250.41 250.54 250.54 250.65
-28.939899 -51.188499 DCRS-00087 2026-07-20_00:26 19.1 -999.9 -999.9 79.5 -999.9 -999.9 15.4 -999.9 -999.9 974.4 -999.9 -999.9 2.3 -999.9 2.4 0.0 0.0 0.0 0.0 0.0 0.2 0.4 19.6 19.1 80.5 77.9 3.0 DCRS_-_Antônio_Prado/Flores_da_Cunha_(292_m) -999.9 -999.9 974.6 974.4 974.4 15.8 15.4 0.0 Rio_Grande_do_Sul DCRS -999.9 0.0 0.0 250.16 250.16 250.16 0 0.0 250.41 250.54 250.54 250.65
-28.939899 -51.188499 DCRS-00087 2026-07-20_00:27 19.1 -999.9 -999.9 79.9 -999.9 -999.9 15.5 -999.9 -999.9 974.4 -999.9 -999.9 0.0 -999.9 2.4 0.0 0.0 0.0 0.0 0.0 0.2 0.4 19.6 19.1 80.5 77.9 3.0 DCRS_-_Antônio_Prado/Flores_da_Cunha_(292_m) -999.9 -999.9 974.6 974.4 974.4 15.8 15.4 0.0 Rio_Grande_do_Sul DCRS -999.9 0.0 0.0 250.16 250.16 250.16 0 0.0 250.41 250.54 250.54 250.65
-28.939899 -51.188499 DCRS-00087 2026-07-20_00:28 19.1 -999.9 -999.9 80.0 -999.9 -999.9 15.5 -999.9 -999.9 974.4 -999.9 -999.9 0.0 -999.9 2.4 0.0 0.0 0.0 0.0 0.0 0.2 0.4 19.6 19.1 80.5 77.9 3.0 DCRS_-_Antônio_Prado/Flores_da_Cunha_(292_m) -999.9 -999.9 974.6 974.4 974.4 15.8 15.4 0.0 Rio_Grande_do_Sul DCRS -999.9 0.0 0.0 250.16 250.16 250.16 0 0.0 250.41 250.54 250.54 250.65
-28.939899 -51.188499 DCRS-00087 2026-07-20_00:29 19.0 -999.9 -999.9 80.8 -999.9 -999.9 15.6 -999.9 -999.9 974.5 -999.9 -999.9 0.0 -999.9 2.4 0.0 0.0 0.0 0.0 0.0 0.2 0.4 19.6 19.0 80.8 77.9 3.0 DCRS_-_Antônio_Prado/Flores_da_Cunha_(292_m) -999.9 -999.9 974.6 974.4 974.5 15.8 15.4 0.0 Rio_Grande_do_Sul DCRS -999.9 0.0 0.0 250.16 250.16 250.16 0 0.0 250.41 250.54 250.54 250.65
-28.939899 -51.188499 DCRS-00087 2026-07-20_00:30 19.0 -999.9 -999.9 80.3 -999.9 -999.9 15.5 -999.9 -999.9 974.5 -999.9 -999.9 2.2 -999.9 2.8 0.0 0.0 0.0 0.0 0.0 0.2 0.4 19.6 19.0 80.8 77.9 3.0 DCRS_-_Antônio_Prado/Flores_da_Cunha_(292_m) -999.9 -999.9 974.6 974.4 974.5 15.8 15.4 0.0 Rio_Grande_do_Sul DCRS -999.9 0.0 0.0 250.16 250.16 250.16 0 0.0 250.41 250.54 250.54 250.65
-28.939899 -51.188499 DCRS-00087 2026-07-20_00:31 18.9 -999.9 -999.9 81.2 -999.9 -999.9 15.6 -999.9 -999.9 974.5 -999.9 -999.9 0.0 -999.9 2.8 0.0 0.0 0.0 0.0 0.0 0.2 0.4 19.6 18.9 81.2 77.9 3.0 DCRS_-_Antônio_Prado/Flores_da_Cunha_(292_m) -999.9 -999.9 974.6 974.4 974.5 15.8 15.4 0.0 Rio_Grande_do_Sul DCRS -999.9 0.0 0.0 250.16 250.16 250.16 0 0.0 250.41 250.54 250.54 250.65
-28.939899 -51.188499 DCRS-00087 2026-07-20_00:32 19.0 -999.9 -999.9 81.1 -999.9 -999.9 15.7 -999.9 -999.9 974.5 -999.9 -999.9 0.0 -999.9 2.8 0.0 0.0 0.0 0.0 0.0 0.2 0.4 19.6 18.9 81.2 77.9 3.0 DCRS_-_Antônio_Prado/Flores_da_Cunha_(292_m) -999.9 -999.9 974.6 974.4 974.5 15.8 15.4 0.0 Rio_Grande_do_Sul DCRS -999.9 0.0 0.0 250.16 250.16 250.16 0 0.0 250.41 250.54 250.54 250.65
-28.939899 -51.188499 DCRS-00087 2026-07-20_00:33 18.9 -999.9 -999.9 81.2 -999.9 -999.9 15.6 -999.9 -999.9 974.5 -999.9 -999.9 0.0 -999.9 2.8 0.0 0.0 0.0 0.0 0.0 0.2 0.4 19.6 18.9 81.2 77.9 3.0 DCRS_-_Antônio_Prado/Flores_da_Cunha_(292_m) -999.9 -999.9 974.6 974.4 974.5 15.8 15.4 0.0 Rio_Grande_do_Sul DCRS -999.9 0.0 0.0 250.16 250.16 250.16 0 0.0 250.41 250.54 250.54 250.65
-28.939899 -51.188499 DCRS-00087 2026-07-20_00:34 18.9 -999.9 -999.9 80.6 -999.9 -999.9 15.5 -999.9 -999.9 974.5 -999.9 -999.9 0.0 -999.9 2.8 0.0 0.0 0.0 0.0 0.0 0.2 0.4 19.6 18.9 81.2 77.9 3.0 DCRS_-_Antônio_Prado/Flores_da_Cunha_(292_m) -999.9 -999.9 974.6 974.4 974.5 15.8 15.4 0.0 Rio_Grande_do_Sul DCRS -999.9 0.0 0.0 250.16 250.16 250.16 0 0.0 250.41 250.54 250.54 250.65
-28.939899 -51.188499 DCRS-00087 2026-07-20_00:35 18.9 -999.9 -999.9 81.2 -999.9 -999.9 15.6 -999.9 -999.9 974.4 -999.9 -999.9 2.3 -999.9 2.5 0.0 0.0 0.0 0.0 0.0 0.2 0.4 19.6 18.9 81.2 77.9 3.0 DCRS_-_Antônio_Prado/Flores_da_Cunha_(292_m) -999.9 -999.9 974.6 974.4 974.4 15.8 15.4 0.0 Rio_Grande_do_Sul DCRS -999.9 0.0 0.0 250.16 250.16 250.16 0 0.0 250.41 250.54 250.54 250.65
-28.939899 -51.188499 DCRS-00087 2026-07-20_00:36 18.9 -999.9 -999.9 81.0 -999.9 -999.9 15.5 -999.9 -999.9 974.5 -999.9 -999.9 0.0 -999.9 2.5 0.0 0.0 0.0 0.0 0.0 0.2 0.4 19.6 18.9 81.2 77.9 3.0 DCRS_-_Antônio_Prado/Flores_da_Cunha_(292_m) -999.9 -999.9 974.6 974.4 974.5 15.8 15.4 0.0 Rio_Grande_do_Sul DCRS -999.9 0.0 0.0 250.16 250.16 250.16 0 0.0 250.41 250.54 250.54 250.65
-28.939899 -51.188499 DCRS-00087 2026-07-20_00:37 18.9 -999.9 -999.9 81.3 -999.9 -999.9 15.6 -999.9 -999.9 974.5 -999.9 -999.9 0.0 -999.9 2.5 0.0 0.0 0.0 0.0 0.0 0.2 0.4 19.6 18.9 81.3 77.9 3.0 DCRS_-_Antônio_Prado/Flores_da_Cunha_(292_m) -999.9 -999.9 974.6 974.4 974.5 15.8 15.4 0.0 Rio_Grande_do_Sul DCRS -999.9 0.0 0.0 250.16 250.16 250.16 0 0.0 250.41 250.54 250.54 250.65
-28.939899 -51.188499 DCRS-00087 2026-07-20_00:38 18.9 -999.9 -999.9 81.5 -999.9 -999.9 15.6 -999.9 -999.9 974.6 -999.9 -999.9 0.0 -999.9 2.5 0.0 0.0 0.0 0.0 0.0 0.2 0.4 19.6 18.9 81.5 77.9 3.0 DCRS_-_Antônio_Prado/Flores_da_Cunha_(292_m) -999.9 -999.9 974.6 974.4 974.6 15.8 15.4 0.0 Rio_Grande_do_Sul DCRS -999.9 0.0 0.0 250.16 250.16 250.16 0 0.0 250.41 250.54 250.54 250.65
-28.939899 -51.188499 DCRS-00087 2026-07-20_00:39 18.9 -999.9 -999.9 80.8 -999.9 -999.9 15.5 -999.9 -999.9 974.6 -999.9 -999.9 0.0 -999.9 2.5 0.0 0.0 0.0 0.0 0.0 0.2 0.4 19.6 18.9 81.5 77.9 3.0 DCRS_-_Antônio_Prado/Flores_da_Cunha_(292_m) -999.9 -999.9 974.6 974.4 974.6 15.8 15.4 0.0 Rio_Grande_do_Sul DCRS -999.9 0.0 0.0 250.16 250.16 250.16 0 0.0 250.41 250.54 250.54 250.65
-28.939899 -51.188499 DCRS-00087 2026-07-20_00:40 18.9 -999.9 -999.9 81.0 -999.9 -999.9 15.5 -999.9 -999.9 974.6 -999.9 -999.9 0.0 -999.9 3.0 0.0 0.0 0.0 0.0 0.0 0.2 0.4 19.6 18.9 81.5 77.9 3.0 DCRS_-_Antônio_Prado/Flores_da_Cunha_(292_m) -999.9 -999.9 974.6 974.4 974.6 15.8 15.4 0.0 Rio_Grande_do_Sul DCRS -999.9 0.0 0.0 250.16 250.16 250.16 0 0.0 250.41 250.54 250.54 250.65
-28.939899 -51.188499 DCRS-00087 2026-07-20_00:41 18.8 -999.9 -999.9 80.8 -999.9 -999.9 15.4 -999.9 -999.9 974.6 -999.9 -999.9 0.0 -999.9 3.0 0.0 0.0 0.0 0.0 0.0 0.2 0.4 19.6 18.8 81.5 77.9 3.0 DCRS_-_Antônio_Prado/Flores_da_Cunha_(292_m) -999.9 -999.9 974.6 974.4 974.6 15.8 15.4 0.0 Rio_Grande_do_Sul DCRS -999.9 0.0 0.0 250.16 250.16 250.16 0 0.0 250.41 250.54 250.54 250.65
-28.939899 -51.188499 DCRS-00087 2026-07-20_00:42 18.9 -999.9 -999.9 81.5 -999.9 -999.9 15.6 -999.9 -999.9 974.7 -999.9 -999.9 0.0 -999.9 3.0 0.0 0.0 0.0 0.0 0.0 0.2 0.4 19.6 18.8 81.5 77.9 3.0 DCRS_-_Antônio_Prado/Flores_da_Cunha_(292_m) -999.9 -999.9 974.7 974.4 974.7 15.8 15.4 0.0 Rio_Grande_do_Sul DCRS -999.9 0.0 0.0 250.16 250.16 250.16 0 0.0 250.41 250.54 250.54 250.65
-28.939899 -51.188499 DCRS-00087 2026-07-20_00:43 18.8 -999.9 -999.9 81.0 -999.9 -999.9 15.4 -999.9 -999.9 974.7 -999.9 -999.9 0.0 -999.9 3.0 0.0 0.0 0.0 0.0 0.0 0.2 0.4 19.6 18.8 81.5 77.9 3.0 DCRS_-_Antônio_Prado/Flores_da_Cunha_(292_m) -999.9 -999.9 974.7 974.4 974.7 15.8 15.4 0.0 Rio_Grande_do_Sul DCRS -999.9 0.0 0.0 250.16 250.16 250.16 0 0.0 250.41 250.54 250.54 250.65
-28.939899 -51.188499 DCRS-00087 2026-07-20_00:44 18.9 -999.9 -999.9 81.7 -999.9 -999.9 15.7 -999.9 -999.9 974.7 -999.9 -999.9 0.0 -999.9 3.0 0.0 0.0 0.0 0.0 0.0 0.2 0.4 19.6 18.8 81.7 77.9 3.0 DCRS_-_Antônio_Prado/Flores_da_Cunha_(292_m) -999.9 -999.9 974.7 974.4 974.7 15.8 15.4 0.0 Rio_Grande_do_Sul DCRS -999.9 0.0 0.0 250.16 250.16 250.16 0 0.0 250.41 250.54 250.54 250.65
-28.939899 -51.188499 DCRS-00087 2026-07-20_00:45 18.8 -999.9 -999.9 81.1 -999.9 -999.9 15.5 -999.9 -999.9 974.8 -999.9 -999.9 0.0 -999.9 2.2 0.0 0.0 0.0 0.0 0.0 0.2 0.4 19.6 18.8 81.7 77.9 3.0 DCRS_-_Antônio_Prado/Flores_da_Cunha_(292_m) -999.9 -999.9 974.8 974.4 974.8 15.8 15.4 0.0 Rio_Grande_do_Sul DCRS -999.9 0.0 0.0 250.16 250.16 250.16 0 0.0 250.41 250.54 250.54 250.65
-28.939899 -51.188499 DCRS-00087 2026-07-20_00:46 18.9 -999.9 -999.9 80.6 -999.9 -999.9 15.5 -999.9 -999.9 975.0 -999.9 -999.9 -999.9 -999.9 2.2 0.0 0.0 0.0 0.0 0.0 0.2 0.4 19.6 18.8 81.7 77.9 3.0 DCRS_-_Antônio_Prado/Flores_da_Cunha_(292_m) -999.9 -999.9 975.0 974.4 975.0 15.8 15.4 0.0 Rio_Grande_do_Sul DCRS -999.9 0.0 0.0 250.16 250.16 250.16 0 0.0 250.41 250.54 250.54 250.65
-28.939899 -51.188499 DCRS-00087 2026-07-20_00:47 18.8 -999.9 -999.9 80.2 -999.9 -999.9 15.3 -999.9 -999.9 975.3 -999.9 -999.9 -999.9 -999.9 2.2 0.0 0.0 0.0 0.0 0.0 0.2 0.4 19.6 18.8 81.7 77.9 3.0 DCRS_-_Antônio_Prado/Flores_da_Cunha_(292_m) -999.9 -999.9 975.3 974.4 975.3 15.8 15.3 0.0 Rio_Grande_do_Sul DCRS -999.9 0.0 0.0 250.16 250.16 250.16 0 0.0 250.41 250.54 250.54 250.65
-28.939899 -51.188499 DCRS-00087 2026-07-20_00:48 18.9 -999.9 -999.9 79.8 -999.9 -999.9 15.3 -999.9 -999.9 975.9 -999.9 -999.9 -999.9 -999.9 2.2 0.0 0.0 0.0 0.0 0.0 0.2 0.4 19.6 18.8 81.7 77.9 3.0 DCRS_-_Antônio_Prado/Flores_da_Cunha_(292_m) -999.9 -999.9 975.9 974.4 975.9 15.8 15.3 0.0 Rio_Grande_do_Sul DCRS -999.9 0.0 0.0 250.16 250.16 250.16 0 0.0 250.41 250.54 250.54 250.65
-28.939899 -51.188499 DCRS-00087 2026-07-20_00:49 19.0 -999.9 -999.9 79.3 -999.9 -999.9 15.3 -999.9 -999.9 976.4 -999.9 -999.9 -999.9 -999.9 2.2 0.0 0.0 0.0 0.0 0.0 0.2 0.4 19.6 18.8 81.7 77.9 3.0 DCRS_-_Antônio_Prado/Flores_da_Cunha_(292_m) -999.9 -999.9 976.4 974.4 976.4 15.8 15.3 0.0 Rio_Grande_do_Sul DCRS -999.9 0.0 0.0 250.16 250.16 250.16 0 0.0 250.41 250.54 250.54 250.65
-28.939899 -51.188499 DCRS-00087 2026-07-20_00:50 19.1 -999.9 -999.9 79.2 -999.9 -999.9 15.4 -999.9 -999.9 976.7 -999.9 -999.9 11.4 -999.9 22.8 0.0 0.0 0.0 0.0 0.0 0.2 0.4 19.6 18.8 81.7 77.9 22.8 DCRS_-_Antônio_Prado/Flores_da_Cunha_(292_m) -999.9 -999.9 976.7 974.4 976.7 15.8 15.3 0.0 Rio_Grande_do_Sul DCRS -999.9 0.0 0.0 250.09 250.16 250.09 0 -0.07 250.41 250.54 250.54 250.65
-28.939899 -51.188499 DCRS-00087 2026-07-20_00:51 19.3 -999.9 -999.9 78.3 -999.9 -999.9 15.4 -999.9 -999.9 976.5 -999.9 -999.9 6.3 -999.9 22.8 0.0 0.0 0.0 0.0 0.0 0.2 0.4 19.6 18.8 81.7 77.9 22.8 DCRS_-_Antônio_Prado/Flores_da_Cunha_(292_m) -999.9 -999.9 976.7 974.4 976.5 15.8 15.3 0.0 Rio_Grande_do_Sul DCRS -999.9 0.0 0.0 250.1 250.16 250.09 0 -0.06 250.41 250.54 250.54 250.65
-28.939899 -51.188499 DCRS-00087 2026-07-20_00:52 19.4 -999.9 -999.9 77.1 -999.9 -999.9 15.3 -999.9 -999.9 976.5 -999.9 -999.9 13.5 -999.9 22.8 0.0 0.0 0.0 0.0 0.0 0.2 0.4 19.6 18.8 81.7 77.1 22.8 DCRS_-_Antônio_Prado/Flores_da_Cunha_(292_m) -999.9 -999.9 976.7 974.4 976.5 15.8 15.3 0.0 Rio_Grande_do_Sul DCRS -999.9 0.0 0.0 250.11 250.16 250.09 -1 -0.05 250.41 250.54 250.54 250.65
-28.939899 -51.188499 DCRS-00087 2026-07-20_00:53 19.6 -999.9 -999.9 76.2 -999.9 -999.9 15.3 -999.9 -999.9 976.4 -999.9 -999.9 2.5 -999.9 22.8 0.0 0.0 0.0 0.0 0.0 0.2 0.4 19.6 18.8 81.7 76.2 22.8 DCRS_-_Antônio_Prado/Flores_da_Cunha_(292_m) -999.9 -999.9 976.7 974.4 976.4 15.8 15.3 0.0 Rio_Grande_do_Sul DCRS -999.9 0.0 0.0 250.09 250.16 250.09 -1 -0.07 250.41 250.54 250.54 250.65
-28.939899 -51.188499 DCRS-00087 2026-07-20_00:54 19.7 -999.9 -999.9 75.6 -999.9 -999.9 15.2 -999.9 -999.9 976.1 -999.9 -999.9 2.5 -999.9 22.8 0.0 0.0 0.0 0.0 0.0 0.2 0.4 19.7 18.8 81.7 75.6 22.8 DCRS_-_Antônio_Prado/Flores_da_Cunha_(292_m) -999.9 -999.9 976.7 974.4 976.1 15.8 15.2 0.0 Rio_Grande_do_Sul DCRS -999.9 0.0 0.0 250.1 250.16 250.09 -1 -0.06 250.41 250.54 250.54 250.65
-28.939899 -51.188499 DCRS-00087 2026-07-20_00:55 19.8 -999.9 -999.9 75.8 -999.9 -999.9 15.4 -999.9 -999.9 976.0 -999.9 -999.9 2.6 -999.9 24.3 0.0 0.0 0.0 0.0 0.0 0.2 0.4 19.8 18.8 81.7 75.6 24.3 DCRS_-_Antônio_Prado/Flores_da_Cunha_(292_m) -999.9 -999.9 976.7 974.4 976.0 15.8 15.2 0.0 Rio_Grande_do_Sul DCRS -999.9 0.0 0.0 250.11 250.16 250.09 -1 -0.05 250.41 250.54 250.54 250.65
-28.939899 -51.188499 DCRS-00087 2026-07-20_00:56 19.8 -999.9 -999.9 75.1 -999.9 -999.9 15.2 -999.9 -999.9 976.0 -999.9 -999.9 3.3 -999.9 24.3 0.0 0.0 0.0 0.0 0.0 0.2 0.4 19.8 18.8 81.7 75.1 24.3 DCRS_-_Antônio_Prado/Flores_da_Cunha_(292_m) -999.9 -999.9 976.7 974.4 976.0 15.8 15.2 0.0 Rio_Grande_do_Sul DCRS -999.9 0.0 0.0 250.1 250.16 250.09 -1 -0.06 250.41 250.54 250.54 250.65
-28.939899 -51.188499 DCRS-00087 2026-07-20_00:57 19.9 -999.9 -999.9 74.6 -999.9 -999.9 15.2 -999.9 -999.9 976.2 -999.9 -999.9 4.0 -999.9 24.3 0.0 0.0 0.0 0.0 0.0 0.2 0.4 19.9 18.8 81.7 74.6 24.3 DCRS_-_Antônio_Prado/Flores_da_Cunha_(292_m) -999.9 -999.9 976.7 974.4 976.2 15.8 15.2 0.0 Rio_Grande_do_Sul DCRS -999.9 0.0 0.0 250.13 250.16 250.09 -1 -0.03 250.41 250.54 250.54 250.65
-28.939899 -51.188499 DCRS-00087 2026-07-20_00:58 19.9 -999.9 -999.9 74.5 -999.9 -999.9 15.2 -999.9 -999.9 976.4 -999.9 -999.9 9.5 -999.9 24.3 0.0 0.0 0.0 0.0 0.0 0.2 0.4 19.9 18.8 81.7 74.5 24.3 DCRS_-_Antônio_Prado/Flores_da_Cunha_(292_m) -999.9 -999.9 976.7 974.4 976.4 15.8 15.2 0.0 Rio_Grande_do_Sul DCRS -999.9 0.0 0.0 250.15 250.16 250.09 -1 -0.01 250.41 250.54 250.54 250.65
-28.939899 -51.188499 DCRS-00087 2026-07-20_00:59 19.9 -999.9 -999.9 75.2 -999.9 -999.9 15.4 -999.9 -999.9 976.6 -999.9 -999.9 4.4 -999.9 24.3 0.0 0.0 0.0 0.0 0.0 0.2 0.4 19.9 18.8 81.7 74.5 24.3 DCRS_-_Antônio_Prado/Flores_da_Cunha_(292_m) -999.9 -999.9 976.7 974.4 976.6 15.8 15.2 0.0 Rio_Grande_do_Sul DCRS -999.9 0.0 0.0 250.16 250.16 250.09 -1 0.0 250.41 250.54 250.54 250.65
-28.939899 -51.188499 DCRS-00087 2026-07-20_01:00 19.9 -999.9 -999.9 76.1 -999.9 -999.9 15.5 -999.9 -999.9 976.7 -999.9 -999.9 7.8 -999.9 11.0 0.0 0.0 0.0 0.0 0.0 0.2 0.4 19.9 18.8 81.7 74.5 24.3 DCRS_-_Antônio_Prado/Flores_da_Cunha_(292_m) -999.9 -999.9 976.7 974.4 976.7 15.8 15.2 0.0 Rio_Grande_do_Sul DCRS -999.9 0.0 0.0 250.15 250.16 250.09 -1 -0.01 250.41 250.54 250.54 250.65
-28.939899 -51.188499 DCRS-00087 2026-07-20_01:01 19.9 -999.9 -999.9 74.9 -999.9 -999.9 15.3 -999.9 -999.9 976.6 -999.9 -999.9 4.9 -999.9 11.0 0.0 0.0 0.0 0.0 0.0 0.2 0.4 19.9 18.8 81.7 74.5 24.3 DCRS_-_Antônio_Prado/Flores_da_Cunha_(292_m) -999.9 -999.9 976.7 974.4 976.6 15.8 15.2 0.0 Rio_Grande_do_Sul DCRS -999.9 0.0 0.0 250.06 250.16 250.06 -1 -0.1 250.41 250.54 250.54 250.65
-28.939899 -51.188499 DCRS-00087 2026-07-20_01:02 19.9 -999.9 -999.9 75.8 -999.9 -999.9 15.5 -999.9 -999.9 976.5 -999.9 -999.9 6.0 -999.9 11.0 0.0 0.0 0.0 0.0 0.0 0.2 0.4 19.9 18.8 81.7 74.5 24.3 DCRS_-_Antônio_Prado/Flores_da_Cunha_(292_m) -999.9 -999.9 976.7 974.4 976.5 15.8 15.2 0.0 Rio_Grande_do_Sul DCRS -999.9 0.0 0.0 250.12 250.16 250.06 -1 -0.04 250.41 250.54 250.54 250.65
-28.939899 -51.188499 DCRS-00087 2026-07-20_01:03 19.9 -999.9 -999.9 77.0 -999.9 -999.9 15.7 -999.9 -999.9 976.4 -999.9 -999.9 2.2 -999.9 11.0 0.0 0.0 0.0 0.0 0.0 0.2 0.4 19.9 18.8 81.7 74.5 24.3 DCRS_-_Antônio_Prado/Flores_da_Cunha_(292_m) -999.9 -999.9 976.7 974.4 976.4 15.8 15.2 0.0 Rio_Grande_do_Sul DCRS -999.9 0.0 0.0 250.17 250.17 250.06 -1 0.01 250.41 250.54 250.54 250.65
-28.939899 -51.188499 DCRS-00087 2026-07-20_01:04 19.8 -999.9 -999.9 77.7 -999.9 -999.9 15.8 -999.9 -999.9 976.4 -999.9 -999.9 6.0 -999.9 11.0 0.0 0.0 0.0 0.0 0.0 0.2 0.4 19.9 18.8 81.7 74.5 24.3 DCRS_-_Antônio_Prado/Flores_da_Cunha_(292_m) -999.9 -999.9 976.7 974.4 976.4 15.8 15.2 0.0 Rio_Grande_do_Sul DCRS -999.9 0.0 0.0 250.16 250.17 250.06 -1 0.0 250.41 250.54 250.54 250.65
-28.939899 -51.188499 DCRS-00087 2026-07-20_01:05 19.8 -999.9 -999.9 77.3 -999.9 -999.9 15.7 -999.9 -999.9 976.4 -999.9 -999.9 8.8 -999.9 10.3 0.0 0.0 0.0 0.0 0.0 0.2 0.4 19.9 18.8 81.7 74.5 24.3 DCRS_-_Antônio_Prado/Flores_da_Cunha_(292_m) -999.9 -999.9 976.7 974.4 976.4 15.8 15.2 0.0 Rio_Grande_do_Sul DCRS -999.9 0.0 0.0 250.16 250.17 250.06 -1 0.0 250.41 250.54 250.54 250.65
-28.939899 -51.188499 DCRS-00087 2026-07-20_01:06 19.7 -999.9 -999.9 77.0 -999.9 -999.9 15.5 -999.9 -999.9 976.5 -999.9 -999.9 7.6 -999.9 10.3 0.0 0.0 0.0 0.0 0.0 0.2 0.4 19.9 18.8 81.7 74.5 24.3 DCRS_-_Antônio_Prado/Flores_da_Cunha_(292_m) -999.9 -999.9 976.7 974.4 976.5 15.8 15.2 0.0 Rio_Grande_do_Sul DCRS -999.9 0.0 0.0 250.16 250.17 250.06 -1 0.0 250.41 250.54 250.54 250.65
-28.939899 -51.188499 DCRS-00087 2026-07-20_01:07 19.7 -999.9 -999.9 76.8 -999.9 -999.9 15.5 -999.9 -999.9 976.7 -999.9 -999.9 9.0 -999.9 10.3 0.0 0.0 0.0 0.0 0.0 0.2 0.4 19.9 18.8 81.7 74.5 24.3 DCRS_-_Antônio_Prado/Flores_da_Cunha_(292_m) -999.9 -999.9 976.7 974.4 976.7 15.8 15.2 0.0 Rio_Grande_do_Sul DCRS -999.9 0.0 0.0 250.16 250.17 250.06 -1 0.0 250.41 250.54 250.54 250.65
-28.939899 -51.188499 DCRS-00087 2026-07-20_01:08 19.6 -999.9 -999.9 77.0 -999.9 -999.9 15.4 -999.9 -999.9 976.7 -999.9 -999.9 9.8 -999.9 10.3 0.0 0.0 0.0 0.0 0.0 0.2 0.4 19.9 18.8 81.7 74.5 24.3 DCRS_-_Antônio_Prado/Flores_da_Cunha_(292_m) -999.9 -999.9 976.7 974.4 976.7 15.8 15.2 0.0 Rio_Grande_do_Sul DCRS -999.9 0.0 0.0 250.1 250.17 250.06 -1 -0.06 250.41 250.54 250.54 250.65
-28.939899 -51.188499 DCRS-00087 2026-07-20_01:09 19.6 -999.9 -999.9 76.0 -999.9 -999.9 15.2 -999.9 -999.9 976.7 -999.9 -999.9 4.0 -999.9 10.3 0.0 0.0 0.0 0.0 0.0 0.2 0.4 19.9 18.8 81.7 74.5 24.3 DCRS_-_Antônio_Prado/Flores_da_Cunha_(292_m) -999.9 -999.9 976.7 974.4 976.7 15.8 15.2 0.0 Rio_Grande_do_Sul DCRS -999.9 0.0 0.0 250.09 250.17 250.06 -1 -0.07 250.41 250.54 250.54 250.65
-28.939899 -51.188499 DCRS-00087 2026-07-20_01:10 19.6 -999.9 -999.9 75.9 -999.9 -999.9 15.2 -999.9 -999.9 976.7 -999.9 -999.9 0.0 -999.9 11.3 0.0 0.0 0.0 0.0 0.0 0.2 0.4 19.9 18.8 81.7 74.5 24.3 DCRS_-_Antônio_Prado/Flores_da_Cunha_(292_m) -999.9 -999.9 976.7 974.4 976.7 15.8 15.2 0.0 Rio_Grande_do_Sul DCRS -999.9 0.0 0.0 250.11 250.17 250.06 -1 -0.05 250.41 250.54 250.54 250.65
-28.939899 -51.188499 DCRS-00087 2026-07-20_01:11 19.6 -999.9 -999.9 77.1 -999.9 -999.9 15.5 -999.9 -999.9 976.8 -999.9 -999.9 2.6 -999.9 11.3 0.0 0.0 0.0 0.0 0.0 0.2 0.4 19.9 18.8 81.7 74.5 24.3 DCRS_-_Antônio_Prado/Flores_da_Cunha_(292_m) -999.9 -999.9 976.8 974.4 976.8 15.8 15.2 0.0 Rio_Grande_do_Sul DCRS -999.9 0.0 0.0 250.15 250.17 250.06 -1 -0.01 250.41 250.54 250.54 250.65
-28.939899 -51.188499 DCRS-00087 2026-07-20_01:12 19.6 -999.9 -999.9 77.1 -999.9 -999.9 15.5 -999.9 -999.9 976.9 -999.9 -999.9 3.1 -999.9 11.3 0.0 0.0 0.0 0.0 0.0 0.2 0.4 19.9 18.8 81.7 74.5 24.3 DCRS_-_Antônio_Prado/Flores_da_Cunha_(292_m) -999.9 -999.9 976.9 974.4 976.9 15.8 15.2 0.0 Rio_Grande_do_Sul DCRS -999.9 0.0 0.0 250.15 250.17 250.06 -1 -0.01 250.41 250.54 250.54 250.65
-28.939899 -51.188499 DCRS-00087 2026-07-20_01:13 19.5 -999.9 -999.9 77.9 -999.9 -999.9 15.5 -999.9 -999.9 977.0 -999.9 -999.9 5.3 -999.9 11.3 0.0 0.0 0.0 0.0 0.0 0.2 0.4 19.9 18.8 81.7 74.5 24.3 DCRS_-_Antônio_Prado/Flores_da_Cunha_(292_m) -999.9 -999.9 977.0 974.4 977.0 15.8 15.2 0.0 Rio_Grande_do_Sul DCRS -999.9 0.0 0.0 250.15 250.17 250.06 -1 -0.01 250.41 250.54 250.54 250.65
-28.939899 -51.188499 DCRS-00087 2026-07-20_01:14 19.4 -999.9 -999.9 77.5 -999.9 -999.9 15.3 -999.9 -999.9 977.1 -999.9 -999.9 4.0 -999.9 11.3 0.0 0.0 0.0 0.0 0.0 0.2 0.4 19.9 18.8 81.7 74.5 24.3 DCRS_-_Antônio_Prado/Flores_da_Cunha_(292_m) -999.9 -999.9 977.1 974.4 977.1 15.8 15.2 0.0 Rio_Grande_do_Sul DCRS -999.9 0.0 0.0 250.15 250.17 250.06 -1 -0.01 250.41 250.54 250.54 250.65
-28.939899 -51.188499 DCRS-00087 2026-07-20_01:15 19.3 -999.9 -999.9 78.2 -999.9 -999.9 15.4 -999.9 -999.9 977.2 -999.9 -999.9 6.8 -999.9 7.1 0.0 0.0 0.0 0.0 0.0 0.2 0.4 19.9 18.8 81.7 74.5 24.3 DCRS_-_Antônio_Prado/Flores_da_Cunha_(292_m) -999.9 -999.9 977.2 974.4 977.2 15.8 15.2 0.0 Rio_Grande_do_Sul DCRS -999.9 0.0 0.0 250.17 250.17 250.06 -1 0.01 250.41 250.54 250.54 250.65
-28.939899 -51.188499 DCRS-00087 2026-07-20_01:16 19.3 -999.9 -999.9 77.3 -999.9 -999.9 15.2 -999.9 -999.9 977.3 -999.9 -999.9 0.0 -999.9 7.1 0.0 0.0 0.0 0.0 0.0 0.2 0.4 19.9 18.8 81.7 74.5 24.3 DCRS_-_Antônio_Prado/Flores_da_Cunha_(292_m) -999.9 -999.9 977.3 974.4 977.3 15.8 15.2 0.0 Rio_Grande_do_Sul DCRS -999.9 0.0 0.0 250.16 250.17 250.06 -1 0.0 250.41 250.54 250.54 250.65
-28.939899 -51.188499 DCRS-00087 2026-07-20_01:17 19.3 -999.9 -999.9 78.9 -999.9 -999.9 15.5 -999.9 -999.9 977.4 -999.9 -999.9 4.4 -999.9 7.1 0.0 0.0 0.0 0.0 0.0 0.2 0.4 19.9 18.8 81.7 74.5 24.3 DCRS_-_Antônio_Prado/Flores_da_Cunha_(292_m) -999.9 -999.9 977.4 974.4 977.4 15.8 15.2 0.0 Rio_Grande_do_Sul DCRS -999.9 0.0 0.0 250.17 250.17 250.06 -1 0.01 250.41 250.54 250.54 250.65
-28.939899 -51.188499 DCRS-00087 2026-07-20_01:18 19.2 -999.9 -999.9 80.5 -999.9 -999.9 15.7 -999.9 -999.9 977.4 -999.9 -999.9 0.0 -999.9 7.1 0.0 0.0 0.0 0.0 0.0 0.2 0.4 19.9 18.8 81.7 74.5 24.3 DCRS_-_Antônio_Prado/Flores_da_Cunha_(292_m) -999.9 -999.9 977.4 974.4 977.4 15.8 15.2 0.0 Rio_Grande_do_Sul DCRS -999.9 0.0 0.0 250.17 250.17 250.06 -1 0.01 250.41 250.54 250.54 250.65
-28.939899 -51.188499 DCRS-00087 2026-07-20_01:19 19.1 -999.9 -999.9 79.5 -999.9 -999.9 15.4 -999.9 -999.9 977.4 -999.9 -999.9 0.0 -999.9 7.1 0.0 0.0 0.0 0.0 0.0 0.2 0.4 19.9 18.8 81.7 74.5 24.3 DCRS_-_Antônio_Prado/Flores_da_Cunha_(292_m) -999.9 -999.9 977.4 974.4 977.4 15.8 15.2 0.0 Rio_Grande_do_Sul DCRS -999.9 0.0 0.0 250.17 250.17 250.06 -1 0.01 250.41 250.54 250.54 250.65
-28.939899 -51.188499 DCRS-00087 2026-07-20_01:20 19.1 -999.9 -999.9 79.3 -999.9 -999.9 15.4 -999.9 -999.9 977.4 -999.9 -999.9 0.0 -999.9 7.6 0.0 0.0 0.0 0.0 0.0 0.2 0.4 19.9 18.8 81.7 74.5 24.3 DCRS_-_Antônio_Prado/Flores_da_Cunha_(292_m) -999.9 -999.9 977.4 974.4 977.4 15.8 15.2 0.0 Rio_Grande_do_Sul DCRS -999.9 0.0 0.0 250.16 250.17 250.06 -1 0.0 250.41 250.54 250.54 250.65
-28.939899 -51.188499 DCRS-00087 2026-07-20_01:21 19.1 -999.9 -999.9 78.1 -999.9 -999.9 15.2 -999.9 -999.9 977.5 -999.9 -999.9 -999.9 -999.9 7.6 0.0 0.0 0.0 0.0 0.0 0.2 0.4 19.9 18.8 81.7 74.5 24.3 DCRS_-_Antônio_Prado/Flores_da_Cunha_(292_m) -999.9 -999.9 977.5 974.4 977.5 15.8 15.2 0.0 Rio_Grande_do_Sul DCRS -999.9 0.0 0.0 250.15 250.17 250.06 -1 -0.01 250.41 250.54 250.54 250.65
-28.939899 -51.188499 DCRS-00087 2026-07-20_01:22 19.1 -999.9 -999.9 78.8 -999.9 -999.9 15.3 -999.9 -999.9 977.5 -999.9 -999.9 4.4 -999.9 7.6 0.0 0.0 0.0 0.0 0.0 0.2 0.4 19.9 18.8 81.7 74.5 24.3 DCRS_-_Antônio_Prado/Flores_da_Cunha_(292_m) -999.9 -999.9 977.5 974.4 977.5 15.8 15.2 0.0 Rio_Grande_do_Sul DCRS -999.9 0.0 0.0 250.15 250.17 250.06 -1 -0.01 250.41 250.54 250.54 250.65
-28.939899 -51.188499 DCRS-00087 2026-07-20_01:23 19.1 -999.9 -999.9 79.5 -999.9 -999.9 15.4 -999.9 -999.9 977.5 -999.9 -999.9 2.1 -999.9 7.6 0.0 0.0 0.0 0.0 0.0 0.2 0.4 19.9 18.8 81.7 74.5 24.3 DCRS_-_Antônio_Prado/Flores_da_Cunha_(292_m) -999.9 -999.9 977.5 974.4 977.5 15.8 15.2 0.0 Rio_Grande_do_Sul DCRS -999.9 0.0 0.0 250.16 250.17 250.06 -1 0.0 250.41 250.54 250.54 250.65
-28.939899 -51.188499 DCRS-00087 2026-07-20_01:24 19.1 -999.9 -999.9 79.7 -999.9 -999.9 15.5 -999.9 -999.9 977.6 -999.9 -999.9 0.0 -999.9 7.6 0.0 0.0 0.0 0.0 0.0 0.2 0.4 19.9 18.8 81.7 74.5 24.3 DCRS_-_Antônio_Prado/Flores_da_Cunha_(292_m) -999.9 -999.9 977.6 974.4 977.6 15.8 15.2 0.0 Rio_Grande_do_Sul DCRS -999.9 0.0 0.0 250.17 250.17 250.06 -1 0.01 250.41 250.54 250.54 250.65
-28.939899 -51.188499 DCRS-00087 2026-07-20_01:25 19.0 -999.9 -999.9 79.4 -999.9 -999.9 15.3 -999.9 -999.9 977.7 -999.9 -999.9 0.0 -999.9 9.9 0.0 0.0 0.0 0.0 0.0 0.2 0.4 19.9 18.8 81.7 74.5 24.3 DCRS_-_Antônio_Prado/Flores_da_Cunha_(292_m) -999.9 -999.9 977.7 974.4 977.7 15.8 15.2 0.0 Rio_Grande_do_Sul DCRS -999.9 0.0 0.0 250.17 250.17 250.06 -1 0.01 250.41 250.54 250.54 250.65
-28.939899 -51.188499 DCRS-00087 2026-07-20_01:26 19.0 -999.9 -999.9 80.9 -999.9 -999.9 15.6 -999.9 -999.9 977.8 -999.9 -999.9 3.7 -999.9 9.9 0.0 0.0 0.0 0.0 0.0 0.2 0.4 19.9 18.8 81.7 74.5 24.3 DCRS_-_Antônio_Prado/Flores_da_Cunha_(292_m) -999.9 -999.9 977.8 974.4 977.8 15.8 15.2 0.0 Rio_Grande_do_Sul DCRS -999.9 0.0 0.0 250.17 250.17 250.06 0 0.01 250.41 250.54 250.54 250.65
-28.939899 -51.188499 DCRS-00087 2026-07-20_01:27 18.9 -999.9 -999.9 81.6 -999.9 -999.9 15.7 -999.9 -999.9 978.0 -999.9 -999.9 5.1 -999.9 9.9 0.0 0.0 0.0 0.0 0.0 0.2 0.4 19.9 18.8 81.7 74.5 24.3 DCRS_-_Antônio_Prado/Flores_da_Cunha_(292_m) -999.9 -999.9 978.0 974.4 978.0 15.8 15.2 0.0 Rio_Grande_do_Sul DCRS -999.9 0.0 0.0 250.17 250.17 250.06 0 0.01 250.41 250.54 250.54 250.65
-28.939899 -51.188499 DCRS-00087 2026-07-20_01:28 18.8 -999.9 -999.9 80.9 -999.9 -999.9 15.4 -999.9 -999.9 978.2 -999.9 -999.9 0.0 -999.9 9.9 0.0 0.0 0.0 0.0 0.0 0.2 0.4 19.9 18.8 81.7 74.5 24.3 DCRS_-_Antônio_Prado/Flores_da_Cunha_(292_m) -999.9 -999.9 978.2 974.4 978.2 15.8 15.2 0.0 Rio_Grande_do_Sul DCRS -999.9 0.0 0.0 250.17 250.17 250.06 0 0.01 250.41 250.54 250.54 250.65
-28.939899 -51.188499 DCRS-00087 2026-07-20_01:29 18.7 -999.9 -999.9 81.1 -999.9 -999.9 15.4 -999.9 -999.9 978.6 -999.9 -999.9 7.2 -999.9 9.9 0.0 0.2 0.0 0.0 0.0 0.2 0.4 19.9 18.7 81.7 74.5 24.3 DCRS_-_Antônio_Prado/Flores_da_Cunha_(292_m) -999.9 -999.9 978.6 974.4 978.6 15.8 15.2 0.0 Rio_Grande_do_Sul DCRS -999.9 0.2 0.0 250.17 250.17 250.06 0 0.01 250.41 250.54 250.54 250.65
-28.939899 -51.188499 DCRS-00087 2026-07-20_01:30 18.7 -999.9 -999.9 81.8 -999.9 -999.9 15.5 -999.9 -999.9 978.8 -999.9 -999.9 9.1 -999.9 9.1 0.0 0.2 0.0 0.0 0.0 0.2 0.4 19.9 18.7 81.8 74.5 24.3 DCRS_-_Antônio_Prado/Flores_da_Cunha_(292_m) -999.9 -999.9 978.8 974.4 978.8 15.8 15.2 0.0 Rio_Grande_do_Sul DCRS -999.9 0.0 0.0 250.17 250.17 250.06 0 0.01 250.41 250.54 250.54 250.65
-28.939899 -51.188499 DCRS-00087 2026-07-20_01:31 18.6 -999.9 -999.9 82.8 -999.9 -999.9 15.6 -999.9 -999.9 978.9 -999.9 -999.9 0.0 -999.9 9.1 0.0 0.2 0.0 0.0 0.0 0.2 0.4 19.9 18.6 82.8 74.5 24.3 DCRS_-_Antônio_Prado/Flores_da_Cunha_(292_m) -999.9 -999.9 978.9 974.4 978.9 15.8 15.2 0.0 Rio_Grande_do_Sul DCRS -999.9 0.0 0.0 250.14 250.17 250.06 0 -0.02 250.41 250.54 250.54 250.65
-28.939899 -51.188499 DCRS-00087 2026-07-20_01:32 18.5 -999.9 -999.9 82.1 -999.9 -999.9 15.4 -999.9 -999.9 978.9 -999.9 -999.9 4.2 -999.9 9.1 0.0 0.2 0.2 0.2 0.2 0.4 0.6 19.9 18.5 82.8 74.5 24.3 DCRS_-_Antônio_Prado/Flores_da_Cunha_(292_m) -999.9 -999.9 978.9 974.4 978.9 15.8 15.2 0.0 Rio_Grande_do_Sul DCRS -999.9 0.0 0.2 250.16 250.17 250.06 1 0.0 250.41 250.54 250.54 250.65
-28.939899 -51.188499 DCRS-00087 2026-07-20_01:33 18.5 -999.9 -999.9 81.6 -999.9 -999.9 15.3 -999.9 -999.9 978.9 -999.9 -999.9 0.0 -999.9 9.1 0.0 0.2 0.2 0.2 0.2 0.4 0.6 19.9 18.5 82.8 74.5 24.3 DCRS_-_Antônio_Prado/Flores_da_Cunha_(292_m) -999.9 -999.9 978.9 974.4 978.9 15.8 15.2 0.0 Rio_Grande_do_Sul DCRS -999.9 0.0 0.2 250.16 250.17 250.06 1 0.0 250.41 250.54 250.54 250.65
-28.939899 -51.188499 DCRS-00087 2026-07-20_01:34 18.6 -999.9 -999.9 81.7 -999.9 -999.9 15.4 -999.9 -999.9 979.0 -999.9 -999.9 0.0 -999.9 9.1 0.0 0.2 0.2 0.2 0.2 0.4 0.6 19.9 18.5 82.8 74.5 24.3 DCRS_-_Antônio_Prado/Flores_da_Cunha_(292_m) -999.9 -999.9 979.0 974.4 979.0 15.8 15.2 0.0 Rio_Grande_do_Sul DCRS -999.9 0.0 0.2 250.11 250.17 250.06 1 -0.05 250.41 250.54 250.54 250.65
-28.939899 -51.188499 DCRS-00087 2026-07-20_01:35 18.5 -999.9 -999.9 81.6 -999.9 -999.9 15.3 -999.9 -999.9 979.1 -999.9 -999.9 0.0 -999.9 9.7 0.0 0.2 0.2 0.2 0.2 0.4 0.6 19.9 18.5 82.8 74.5 24.3 DCRS_-_Antônio_Prado/Flores_da_Cunha_(292_m) -999.9 -999.9 979.1 974.4 979.1 15.8 15.2 0.0 Rio_Grande_do_Sul DCRS -999.9 0.0 0.2 250.08 250.17 250.06 1 -0.08 250.41 250.54 250.54 250.65
-28.939899 -51.188499 DCRS-00087 2026-07-20_01:36 18.6 -999.9 -999.9 81.7 -999.9 -999.9 15.4 -999.9 -999.9 979.0 -999.9 -999.9 4.9 -999.9 9.7 0.0 0.2 0.2 0.2 0.2 0.4 0.6 19.9 18.5 82.8 74.5 24.3 DCRS_-_Antônio_Prado/Flores_da_Cunha_(292_m) -999.9 -999.9 979.1 974.4 979.0 15.8 15.2 0.0 Rio_Grande_do_Sul DCRS -999.9 0.0 0.2 250.09 250.17 250.06 0 -0.07 250.41 250.54 250.54 250.65
-28.939899 -51.188499 DCRS-00087 2026-07-20_01:37 18.5 -999.9 -999.9 81.9 -999.9 -999.9 15.3 -999.9 -999.9 978.9 -999.9 -999.9 8.4 -999.9 9.7 0.0 0.2 0.2 0.2 0.2 0.4 0.6 19.9 18.5 82.8 74.5 24.3 DCRS_-_Antônio_Prado/Flores_da_Cunha_(292_m) -999.9 -999.9 979.1 974.4 978.9 15.8 15.2 0.0 Rio_Grande_do_Sul DCRS -999.9 0.0 0.2 250.14 250.17 250.06 0 -0.02 250.41 250.54 250.54 250.65
-28.939899 -51.188499 DCRS-00087 2026-07-20_01:38 18.5 -999.9 -999.9 80.8 -999.9 -999.9 15.1 -999.9 -999.9 978.8 -999.9 -999.9 4.0 -999.9 9.7 0.0 0.2 0.2 0.2 0.2 0.4 0.6 19.9 18.5 82.8 74.5 24.3 DCRS_-_Antônio_Prado/Flores_da_Cunha_(292_m) -999.9 -999.9 979.1 974.4 978.8 15.8 15.1 0.0 Rio_Grande_do_Sul DCRS -999.9 0.0 0.2 250.11 250.17 250.06 0 -0.05 250.41 250.54 250.54 250.65
-28.939899 -51.188499 DCRS-00087 2026-07-20_01:39 18.4 -999.9 -999.9 82.2 -999.9 -999.9 15.3 -999.9 -999.9 978.7 -999.9 -999.9 4.4 -999.9 9.7 0.0 0.2 0.2 0.2 0.2 0.4 0.6 19.9 18.4 82.8 74.5 24.3 DCRS_-_Antônio_Prado/Flores_da_Cunha_(292_m) -999.9 -999.9 979.1 974.4 978.7 15.8 15.1 0.0 Rio_Grande_do_Sul DCRS -999.9 0.0 0.2 250.12 250.17 250.06 0 -0.04 250.41 250.54 250.54 250.65
-28.939899 -51.188499 DCRS-00087 2026-07-20_01:40 18.5 -999.9 -999.9 83.3 -999.9 -999.9 15.6 -999.9 -999.9 978.5 -999.9 -999.9 7.0 -999.9 8.6 0.0 0.2 0.2 0.2 0.2 0.4 0.6 19.9 18.4 83.3 74.5 24.3 DCRS_-_Antônio_Prado/Flores_da_Cunha_(292_m) -999.9 -999.9 979.1 974.4 978.5 15.8 15.1 0.0 Rio_Grande_do_Sul DCRS -999.9 0.0 0.2 250.12 250.17 250.06 0 -0.04 250.41 250.54 250.54 250.65
-28.939899 -51.188499 DCRS-00087 2026-07-20_01:41 18.3 -999.9 -999.9 83.0 -999.9 -999.9 15.3 -999.9 -999.9 978.4 -999.9 -999.9 3.3 -999.9 8.6 0.0 0.2 0.2 0.2 0.2 0.4 0.6 19.9 18.3 83.3 74.5 24.3 DCRS_-_Antônio_Prado/Flores_da_Cunha_(292_m) -999.9 -999.9 979.1 974.4 978.4 15.8 15.1 0.0 Rio_Grande_do_Sul DCRS -999.9 0.0 0.2 250.15 250.17 250.06 0 -0.01 250.41 250.54 250.54 250.65
-28.939899 -51.188499 DCRS-00087 2026-07-20_01:42 18.3 -999.9 -999.9 84.1 -999.9 -999.9 15.5 -999.9 -999.9 978.3 -999.9 -999.9 3.0 -999.9 8.6 0.0 0.2 0.2 0.2 0.2 0.4 0.6 19.9 18.3 84.1 74.5 24.3 DCRS_-_Antônio_Prado/Flores_da_Cunha_(292_m) -999.9 -999.9 979.1 974.4 978.3 15.8 15.1 0.0 Rio_Grande_do_Sul DCRS -999.9 0.0 0.2 250.12 250.17 250.06 0 -0.04 250.41 250.54 250.54 250.65
-28.939899 -51.188499 DCRS-00087 2026-07-20_01:43 18.3 -999.9 -999.9 85.0 -999.9 -999.9 15.7 -999.9 -999.9 978.2 -999.9 -999.9 4.5 -999.9 8.6 0.0 0.2 0.2 0.2 0.2 0.4 0.6 19.9 18.3 85.0 74.5 24.3 DCRS_-_Antônio_Prado/Flores_da_Cunha_(292_m) -999.9 -999.9 979.1 974.4 978.2 15.8 15.1 0.0 Rio_Grande_do_Sul DCRS -999.9 0.0 0.2 250.07 250.17 250.06 0 -0.09 250.41 250.54 250.54 250.65
-28.939899 -51.188499 DCRS-00087 2026-07-20_01:44 18.1 -999.9 -999.9 85.4 -999.9 -999.9 15.6 -999.9 -999.9 978.2 -999.9 -999.9 3.5 -999.9 8.6 0.0 0.4 0.4 0.4 0.4 0.6 0.8 19.9 18.1 85.4 74.5 24.3 DCRS_-_Antônio_Prado/Flores_da_Cunha_(292_m) -999.9 -999.9 979.1 974.4 978.2 15.8 15.1 0.0 Rio_Grande_do_Sul DCRS -999.9 0.2 0.4 250.14 250.17 250.06 0 -0.02 250.41 250.54 250.54 250.65
-28.939899 -51.188499 DCRS-00087 2026-07-20_01:45 18.1 -999.9 -999.9 85.9 -999.9 -999.9 15.7 -999.9 -999.9 978.2 -999.9 -999.9 3.3 -999.9 8.0 0.0 0.4 0.4 0.4 0.4 0.6 0.8 19.9 18.1 85.9 74.5 24.3 DCRS_-_Antônio_Prado/Flores_da_Cunha_(292_m) -999.9 -999.9 979.1 974.4 978.2 15.8 15.1 0.0 Rio_Grande_do_Sul DCRS -999.9 0.0 0.4 250.1 250.17 250.06 0 -0.06 250.41 250.54 250.54 250.65
-28.939899 -51.188499 DCRS-00087 2026-07-20_01:46 18.1 -999.9 -999.9 85.5 -999.9 -999.9 15.6 -999.9 -999.9 978.3 -999.9 -999.9 0.0 -999.9 8.0 0.0 0.4 0.4 0.4 0.4 0.6 0.8 19.9 18.1 85.9 74.5 24.3 DCRS_-_Antônio_Prado/Flores_da_Cunha_(292_m) -999.9 -999.9 979.1 974.4 978.3 15.8 15.1 0.0 Rio_Grande_do_Sul DCRS -999.9 0.0 0.4 250.14 250.17 250.06 0 -0.02 250.41 250.54 250.54 250.65
-28.939899 -51.188499 DCRS-00087 2026-07-20_01:47 18.0 -999.9 -999.9 85.8 -999.9 -999.9 15.6 -999.9 -999.9 978.4 -999.9 -999.9 0.0 -999.9 8.0 0.0 0.4 0.4 0.4 0.4 0.6 0.8 19.9 18.0 85.9 74.5 24.3 DCRS_-_Antônio_Prado/Flores_da_Cunha_(292_m) -999.9 -999.9 979.1 974.4 978.4 15.8 15.1 0.0 Rio_Grande_do_Sul DCRS -999.9 0.0 0.4 250.16 250.17 250.06 0 0.0 250.41 250.54 250.54 250.65
-28.939899 -51.188499 DCRS-00087 2026-07-20_01:48 18.0 -999.9 -999.9 86.7 -999.9 -999.9 15.7 -999.9 -999.9 978.5 -999.9 -999.9 0.0 -999.9 8.0 0.0 0.4 0.6 0.6 0.6 0.8 1.0 19.9 18.0 86.7 74.5 24.3 DCRS_-_Antônio_Prado/Flores_da_Cunha_(292_m) -999.9 -999.9 979.1 974.4 978.5 15.8 15.1 0.0 Rio_Grande_do_Sul DCRS -999.9 0.0 0.6 250.11 250.17 250.06 0 -0.05 250.41 250.54 250.54 250.65
-28.939899 -51.188499 DCRS-00087 2026-07-20_01:49 17.9 -999.9 -999.9 86.7 -999.9 -999.9 15.6 -999.9 -999.9 978.6 -999.9 -999.9 0.0 -999.9 8.0 0.0 0.6 0.6 0.6 0.6 0.8 1.0 19.9 17.9 86.7 74.5 24.3 DCRS_-_Antônio_Prado/Flores_da_Cunha_(292_m) -999.9 -999.9 979.1 974.4 978.6 15.8 15.1 0.0 Rio_Grande_do_Sul DCRS -999.9 0.0 0.6 250.11 250.17 250.06 0 -0.05 250.41 250.54 250.54 250.65
-28.939899 -51.188499 DCRS-00087 2026-07-20_01:50 17.9 -999.9 -999.9 86.8 -999.9 -999.9 15.7 -999.9 -999.9 978.6 -999.9 -999.9 0.0 -999.9 3.9 0.0 0.6 0.6 0.6 0.6 0.8 1.0 19.9 17.9 86.8 74.5 24.3 DCRS_-_Antônio_Prado/Flores_da_Cunha_(292_m) -999.9 -999.9 979.1 974.4 978.6 15.8 15.1 0.0 Rio_Grande_do_Sul DCRS -999.9 0.0 0.6 250.16 250.17 250.06 0 0.06 250.41 250.54 250.54 250.65
-28.939899 -51.188499 DCRS-00087 2026-07-20_01:51 17.8 -999.9 -999.9 87.6 -999.9 -999.9 15.7 -999.9 -999.9 978.6 -999.9 -999.9 2.0 -999.9 3.9 0.0 0.6 0.6 0.6 0.6 0.8 1.0 19.9 17.8 87.6 74.5 24.3 DCRS_-_Antônio_Prado/Flores_da_Cunha_(292_m) -999.9 -999.9 979.1 974.4 978.6 15.8 15.1 0.0 Rio_Grande_do_Sul DCRS -999.9 0.0 0.6 250.14 250.17 250.06 0 0.04 250.41 250.54 250.54 250.65
-28.939899 -51.188499 DCRS-00087 2026-07-20_01:52 17.8 -999.9 -999.9 87.5 -999.9 -999.9 15.7 -999.9 -999.9 978.6 -999.9 -999.9 3.9 -999.9 3.9 0.0 0.6 0.8 0.8 0.8 1.0 1.2 19.9 17.8 87.6 74.5 24.3 DCRS_-_Antônio_Prado/Flores_da_Cunha_(292_m) -999.9 -999.9 979.1 974.4 978.6 15.8 15.1 0.0 Rio_Grande_do_Sul DCRS -999.9 0.0 0.8 250.09 250.17 250.06 0 -0.02 250.41 250.54 250.54 250.65
-28.939899 -51.188499 DCRS-00087 2026-07-20_01:53 17.7 -999.9 -999.9 87.4 -999.9 -999.9 15.6 -999.9 -999.9 978.5 -999.9 -999.9 -999.9 -999.9 3.9 0.0 0.6 0.8 0.8 0.8 1.0 1.2 19.9 17.7 87.6 74.5 24.3 DCRS_-_Antônio_Prado/Flores_da_Cunha_(292_m) -999.9 -999.9 979.1 974.4 978.5 15.8 15.1 0.0 Rio_Grande_do_Sul DCRS -999.9 0.0 0.8 250.1 250.17 250.06 0 0.01 250.41 250.54 250.54 250.65
-28.939899 -51.188499 DCRS-00087 2026-07-20_01:54 17.7 -999.9 -999.9 88.0 -999.9 -999.9 15.7 -999.9 -999.9 978.4 -999.9 -999.9 3.4 -999.9 3.9 0.0 1.0 0.8 0.8 0.8 1.0 1.2 19.9 17.7 88.0 74.5 24.3 DCRS_-_Antônio_Prado/Flores_da_Cunha_(292_m) -999.9 -999.9 979.1 974.4 978.4 15.8 15.1 0.0 Rio_Grande_do_Sul DCRS -999.9 0.2 0.8 250.13 250.17 250.06 0 0.03 250.41 250.54 250.54 250.65
-28.939899 -51.188499 DCRS-00087 2026-07-20_01:55 17.6 -999.9 -999.9 88.8 -999.9 -999.9 15.7 -999.9 -999.9 978.3 -999.9 -999.9 2.3 -999.9 5.7 0.0 1.0 0.8 0.8 0.8 1.0 1.2 19.9 17.6 88.8 74.5 24.3 DCRS_-_Antônio_Prado/Flores_da_Cunha_(292_m) -999.9 -999.9 979.1 974.4 978.3 15.8 15.1 0.0 Rio_Grande_do_Sul DCRS -999.9 0.0 0.8 250.16 250.17 250.06 -1 0.05 250.41 250.54 250.54 250.65
-28.939899 -51.188499 DCRS-00087 2026-07-20_01:56 17.5 -999.9 -999.9 89.1 -999.9 -999.9 15.7 -999.9 -999.9 978.2 -999.9 -999.9 2.9 -999.9 5.7 0.0 1.0 1.2 1.2 1.2 1.4 1.6 19.9 17.5 89.1 74.5 24.3 DCRS_-_Antônio_Prado/Flores_da_Cunha_(292_m) -999.9 -999.9 979.1 974.4 978.2 15.8 15.1 0.0 Rio_Grande_do_Sul DCRS -999.9 0.0 1.2 250.14 250.17 250.06 -1 0.04 250.41 250.54 250.54 250.65
-28.939899 -51.188499 DCRS-00087 2026-07-20_01:57 17.5 -999.9 -999.9 89.2 -999.9 -999.9 15.7 -999.9 -999.9 978.1 -999.9 -999.9 2.1 -999.9 5.7 0.0 1.0 1.2 1.2 1.2 1.4 1.6 19.9 17.5 89.2 74.5 24.3 DCRS_-_Antônio_Prado/Flores_da_Cunha_(292_m) -999.9 -999.9 979.1 974.4 978.1 15.8 15.1 0.0 Rio_Grande_do_Sul DCRS -999.9 0.0 1.2 250.14 250.17 250.06 -1 0.01 250.41 250.54 250.54 250.65
-28.939899 -51.188499 DCRS-00087 2026-07-20_01:58 17.5 -999.9 -999.9 89.5 -999.9 -999.9 15.7 -999.9 -999.9 978.0 -999.9 -999.9 3.4 -999.9 5.7 0.0 1.0 1.2 1.2 1.2 1.4 1.6 19.9 17.5 89.5 74.5 24.3 DCRS_-_Antônio_Prado/Flores_da_Cunha_(292_m) -999.9 -999.9 979.1 974.4 978.0 15.8 15.1 0.0 Rio_Grande_do_Sul DCRS -999.9 0.0 1.2 250.15 250.17 250.06 -1 -0.01 250.41 250.54 250.54 250.65
-28.939899 -51.188499 DCRS-00087 2026-07-20_01:59 17.5 -999.9 -999.9 90.0 -999.9 -999.9 15.8 -999.9 -999.9 977.9 -999.9 -999.9 0.0 -999.9 5.7 0.0 1.4 1.2 1.2 1.2 1.4 1.6 19.9 17.5 90.0 74.5 24.3 DCRS_-_Antônio_Prado/Flores_da_Cunha_(292_m) -999.9 -999.9 979.1 974.4 977.9 15.8 15.1 0.0 Rio_Grande_do_Sul DCRS -999.9 0.0 1.2 250.15 250.17 250.06 -1 -0.01 250.41 250.54 250.54 250.65
-28.939899 -51.188499 DCRS-00087 2026-07-20_02:00 17.5 -999.9 -999.9 90.8 -999.9 -999.9 16.0 -999.9 -999.9 977.8 -999.9 -999.9 0.0 -999.9 7.0 0.0 1.4 1.6 1.6 1.6 1.8 2.0 19.9 17.5 90.8 74.5 24.3 DCRS_-_Antônio_Prado/Flores_da_Cunha_(292_m) -999.9 -999.9 979.1 974.4 977.8 16.0 15.1 0.0 Rio_Grande_do_Sul DCRS -999.9 0.0 1.6 250.12 250.17 250.06 -1 -0.03 250.41 250.54 250.54 250.65
-28.939899 -51.188499 DCRS-00087 2026-07-20_02:01 17.5 -999.9 -999.9 90.9 -999.9 -999.9 16.0 -999.9 -999.9 977.7 -999.9 -999.9 0.0 -999.9 7.0 0.0 1.4 1.6 1.6 1.6 1.8 2.0 19.9 17.5 90.9 74.5 24.3 DCRS_-_Antônio_Prado/Flores_da_Cunha_(292_m) -999.9 -999.9 979.1 974.4 977.7 16.0 15.1 0.0 Rio_Grande_do_Sul DCRS -999.9 0.0 1.6 250.09 250.17 250.06 -1 0.03 250.41 250.54 250.54 250.65
-28.939899 -51.188499 DCRS-00087 2026-07-20_02:02 17.4 -999.9 -999.9 91.1 -999.9 -999.9 15.9 -999.9 -999.9 977.5 -999.9 -999.9 0.0 -999.9 7.0 0.0 1.4 1.6 1.6 1.6 1.8 2.0 19.9 17.4 91.1 74.5 24.3 DCRS_-_Antônio_Prado/Flores_da_Cunha_(292_m) -999.9 -999.9 979.1 974.4 977.5 16.0 15.1 0.0 Rio_Grande_do_Sul DCRS -999.9 0.0 1.6 250.13 250.17 250.06 -1 0.01 250.41 250.54 250.54 250.65
-28.939899 -51.188499 DCRS-00087 2026-07-20_02:03 17.3 -999.9 -999.9 91.1 -999.9 -999.9 15.8 -999.9 -999.9 977.4 -999.9 -999.9 0.0 -999.9 7.0 0.0 1.4 1.6 1.6 1.6 1.8 2.0 19.9 17.3 91.1 74.5 24.3 DCRS_-_Antônio_Prado/Flores_da_Cunha_(292_m) -999.9 -999.9 979.1 974.4 977.4 16.0 15.1 0.0 Rio_Grande_do_Sul DCRS -999.9 0.0 1.6 250.17 250.17 250.06 -1 0.0 250.41 250.54 250.54 250.65
-28.939899 -51.188499 DCRS-00087 2026-07-20_02:04 17.3 -999.9 -999.9 91.3 -999.9 -999.9 15.9 -999.9 -999.9 977.2 -999.9 -999.9 0.0 -999.9 7.0 0.0 2.2 2.4 2.4 2.4 2.6 2.8 19.9 17.3 91.3 74.5 24.3 DCRS_-_Antônio_Prado/Flores_da_Cunha_(292_m) -999.9 -999.9 979.1 974.4 977.2 16.0 15.1 0.0 Rio_Grande_do_Sul DCRS -999.9 0.4 2.4 250.11 250.17 250.06 -1 -0.05 250.41 250.54 250.54 250.65
-28.939899 -51.188499 DCRS-00087 2026-07-20_02:05 17.3 -999.9 -999.9 91.5 -999.9 -999.9 15.9 -999.9 -999.9 977.2 -999.9 -999.9 2.4 -999.9 2.7 0.0 2.2 2.4 2.4 2.4 2.6 2.8 19.9 17.3 91.5 74.5 24.3 DCRS_-_Antônio_Prado/Flores_da_Cunha_(292_m) -999.9 -999.9 979.1 974.4 977.2 16.0 15.1 0.0 Rio_Grande_do_Sul DCRS -999.9 0.0 2.4 250.16 250.17 250.06 -1 0.0 250.41 250.54 250.54 250.65
-28.939899 -51.188499 DCRS-00087 2026-07-20_02:06 17.3 -999.9 -999.9 91.7 -999.9 -999.9 15.9 -999.9 -999.9 977.2 -999.9 -999.9 -999.9 -999.9 2.7 0.0 2.2 2.4 2.4 2.4 2.6 2.8 19.9 17.3 91.7 74.5 24.3 DCRS_-_Antônio_Prado/Flores_da_Cunha_(292_m) -999.9 -999.9 979.1 974.4 977.2 16.0 15.1 0.0 Rio_Grande_do_Sul DCRS -999.9 0.0 2.4 250.15 250.17 250.06 -1 -0.01 250.41 250.54 250.54 250.65
-28.939899 -51.188499 DCRS-00087 2026-07-20_02:07 17.3 -999.9 -999.9 92.1 -999.9 -999.9 16.0 -999.9 -999.9 977.1 -999.9 -999.9 0.0 -999.9 2.7 0.0 2.2 2.4 2.4 2.4 2.6 2.8 19.9 17.3 92.1 74.5 24.3 DCRS_-_Antônio_Prado/Flores_da_Cunha_(292_m) -999.9 -999.9 979.1 974.4 977.1 16.0 15.1 0.0 Rio_Grande_do_Sul DCRS -999.9 0.0 2.4 250.06 250.17 250.06 -1 -0.1 250.41 250.54 250.54 250.65
-28.939899 -51.188499 DCRS-00087 2026-07-20_02:08 17.3 -999.9 -999.9 92.3 -999.9 -999.9 16.0 -999.9 -999.9 977.0 -999.9 -999.9 0.0 -999.9 2.7 0.0 2.2 3.2 3.2 3.2 3.4 3.6 19.9 17.3 92.3 74.5 24.3 DCRS_-_Antônio_Prado/Flores_da_Cunha_(292_m) -999.9 -999.9 979.1 974.4 977.0 16.0 15.1 0.0 Rio_Grande_do_Sul DCRS -999.9 0.0 3.2 250.12 250.17 250.06 -1 0.02 250.41 250.54 250.54 250.65
-28.939899 -51.188499 DCRS-00087 2026-07-20_02:09 17.2 -999.9 -999.9 92.2 -999.9 -999.9 15.9 -999.9 -999.9 976.9 -999.9 -999.9 2.3 -999.9 2.7 0.0 2.6 3.2 3.2 3.2 3.4 3.6 19.9 17.2 92.3 74.5 24.3 DCRS_-_Antônio_Prado/Flores_da_Cunha_(292_m) -999.9 -999.9 979.1 974.4 976.9 16.0 15.1 0.0 Rio_Grande_do_Sul DCRS -999.9 0.0 3.2 250.16 250.17 250.06 -1 0.05 250.41 250.54 250.54 250.65
-28.939899 -51.188499 DCRS-00087 2026-07-20_02:10 17.1 -999.9 -999.9 92.2 -999.9 -999.9 15.8 -999.9 -999.9 976.8 -999.9 -999.9 -999.9 -999.9 4.0 0.0 2.6 3.2 3.2 3.2 3.4 3.6 19.9 17.1 92.3 74.5 24.3 DCRS_-_Antônio_Prado/Flores_da_Cunha_(292_m) -999.9 -999.9 979.1 974.4 976.8 16.0 15.1 0.0 Rio_Grande_do_Sul DCRS -999.9 0.0 3.2 250.16 250.17 250.06 -1 0.05 250.41 250.54 250.54 250.65
-28.939899 -51.188499 DCRS-00087 2026-07-20_02:11 17.1 -999.9 -999.9 91.9 -999.9 -999.9 15.8 -999.9 -999.9 976.8 -999.9 -999.9 -999.9 -999.9 4.0 0.0 2.6 3.2 3.2 3.2 3.4 3.6 19.9 17.1 92.3 74.5 24.3 DCRS_-_Antônio_Prado/Flores_da_Cunha_(292_m) -999.9 -999.9 979.1 974.4 976.8 16.0 15.1 0.0 Rio_Grande_do_Sul DCRS -999.9 0.0 3.2 250.14 250.17 250.06 -1 -0.01 250.41 250.54 250.54 250.65
-28.939899 -51.188499 DCRS-00087 2026-07-20_02:12 17.1 -999.9 -999.9 91.8 -999.9 -999.9 15.7 -999.9 -999.9 976.8 -999.9 -999.9 -999.9 -999.9 4.0 0.0 2.6 3.6 3.6 3.6 3.8 4.0 19.9 17.1 92.3 74.5 24.3 DCRS_-_Antônio_Prado/Flores_da_Cunha_(292_m) -999.9 -999.9 979.1 974.4 976.8 16.0 15.1 0.0 Rio_Grande_do_Sul DCRS -999.9 0.0 3.6 250.16 250.17 250.06 -1 0.01 250.41 250.54 250.54 250.65
-28.939899 -51.188499 DCRS-00087 2026-07-20_02:13 17.1 -999.9 -999.9 91.6 -999.9 -999.9 15.7 -999.9 -999.9 976.9 -999.9 -999.9 -999.9 -999.9 4.0 0.0 2.6 3.6 3.6 3.6 3.8 4.0 19.9 17.1 92.3 74.5 24.3 DCRS_-_Antônio_Prado/Flores_da_Cunha_(292_m) -999.9 -999.9 979.1 974.4 976.9 16.0 15.1 0.0 Rio_Grande_do_Sul DCRS -999.9 0.0 3.6 250.16 250.17 250.06 -1 0.01 250.41 250.54 250.54 250.65
-28.939899 -51.188499 DCRS-00087 2026-07-20_02:14 17.0 -999.9 -999.9 91.5 -999.9 -999.9 15.6 -999.9 -999.9 977.0 -999.9 -999.9 -999.9 -999.9 4.0 0.0 3.0 3.6 3.6 3.6 3.8 4.0 19.9 17.0 92.3 74.5 24.3 DCRS_-_Antônio_Prado/Flores_da_Cunha_(292_m) -999.9 -999.9 979.1 974.4 977.0 16.0 15.1 0.0 Rio_Grande_do_Sul DCRS -999.9 0.0 3.6 250.16 250.17 250.06 -1 0.01 250.41 250.54 250.54 250.65
-28.939899 -51.188499 DCRS-00087 2026-07-20_02:15 17.1 -999.9 -999.9 91.3 -999.9 -999.9 15.7 -999.9 -999.9 977.1 -999.9 -999.9 12.8 -999.9 14.2 0.0 3.0 3.6 3.6 3.6 3.8 4.0 19.9 17.0 92.3 74.5 24.3 DCRS_-_Antônio_Prado/Flores_da_Cunha_(292_m) -999.9 -999.9 979.1 974.4 977.1 16.0 15.1 0.0 Rio_Grande_do_Sul DCRS -999.9 0.0 3.6 250.13 250.17 250.06 -1 -0.03 250.41 250.54 250.54 250.65
-28.939899 -51.188499 DCRS-00087 2026-07-20_02:16 17.1 -999.9 -999.9 91.2 -999.9 -999.9 15.6 -999.9 -999.9 977.1 -999.9 -999.9 12.2 -999.9 14.2 0.0 3.0 4.0 4.0 4.0 4.2 4.4 19.9 17.0 92.3 74.5 24.3 DCRS_-_Antônio_Prado/Flores_da_Cunha_(292_m) -999.9 -999.9 979.1 974.4 977.1 16.0 15.1 0.0 Rio_Grande_do_Sul DCRS -999.9 0.0 4.0 250.16 250.17 250.06 -1 0.0 250.41 250.54 250.54 250.65
-28.939899 -51.188499 DCRS-00087 2026-07-20_02:17 17.2 -999.9 -999.9 90.4 -999.9 -999.9 15.6 -999.9 -999.9 977.0 -999.9 -999.9 3.5 -999.9 14.2 0.0 3.0 4.0 4.0 4.0 4.2 4.4 19.9 17.0 92.3 74.5 24.3 DCRS_-_Antônio_Prado/Flores_da_Cunha_(292_m) -999.9 -999.9 979.1 974.4 977.0 16.0 15.1 0.0 Rio_Grande_do_Sul DCRS -999.9 0.0 4.0 250.13 250.17 250.06 -1 -0.04 250.41 250.54 250.54 250.65
-28.939899 -51.188499 DCRS-00087 2026-07-20_02:18 17.2 -999.9 -999.9 90.3 -999.9 -999.9 15.6 -999.9 -999.9 976.9 -999.9 -999.9 0.0 -999.9 14.2 0.0 3.0 4.0 4.0 4.0 4.2 4.4 19.9 17.0 92.3 74.5 24.3 DCRS_-_Antônio_Prado/Flores_da_Cunha_(292_m) -999.9 -999.9 979.1 974.4 976.9 16.0 15.1 0.0 Rio_Grande_do_Sul DCRS -999.9 0.0 4.0 250.14 250.17 250.06 -1 -0.03 250.41 250.54 250.54 250.65
-28.939899 -51.188499 DCRS-00087 2026-07-20_02:19 17.3 -999.9 -999.9 90.5 -999.9 -999.9 15.7 -999.9 -999.9 976.7 -999.9 -999.9 3.1 -999.9 14.2 0.0 3.4 4.0 4.0 4.0 4.2 4.4 19.9 17.0 92.3 74.5 24.3 DCRS_-_Antônio_Prado/Flores_da_Cunha_(292_m) -999.9 -999.9 979.1 974.4 976.7 16.0 15.1 0.0 Rio_Grande_do_Sul DCRS -999.9 0.0 4.0 250.15 250.17 250.06 -1 -0.02 250.41 250.54 250.54 250.65
-28.939899 -51.188499 DCRS-00087 2026-07-20_02:20 17.3 -999.9 -999.9 91.0 -999.9 -999.9 15.8 -999.9 -999.9 976.6 -999.9 -999.9 2.7 -999.9 14.9 0.0 3.4 4.4 4.4 4.4 4.6 4.8 19.9 17.0 92.3 74.5 24.3 DCRS_-_Antônio_Prado/Flores_da_Cunha_(292_m) -999.9 -999.9 979.1 974.4 976.6 16.0 15.1 0.0 Rio_Grande_do_Sul DCRS -999.9 0.0 4.4 250.15 250.17 250.06 -1 -0.01 250.41 250.54 250.54 250.65
-28.939899 -51.188499 DCRS-00087 2026-07-20_02:21 17.2 -999.9 -999.9 91.5 -999.9 -999.9 15.8 -999.9 -999.9 976.6 -999.9 -999.9 3.4 -999.9 14.9 0.0 3.4 4.4 4.4 4.4 4.6 4.8 19.9 17.0 92.3 74.5 24.3 DCRS_-_Antônio_Prado/Flores_da_Cunha_(292_m) -999.9 -999.9 979.1 974.4 976.6 16.0 15.1 0.0 Rio_Grande_do_Sul DCRS -999.9 0.0 4.4 250.16 250.17 250.06 0 0.01 250.41 250.54 250.54 250.65
-28.939899 -51.188499 DCRS-00087 2026-07-20_02:22 17.2 -999.9 -999.9 91.9 -999.9 -999.9 15.9 -999.9 -999.9 976.6 -999.9 -999.9 6.5 -999.9 14.9 0.0 3.4 4.4 4.4 4.4 4.6 4.8 19.9 17.0 92.3 74.5 24.3 DCRS_-_Antônio_Prado/Flores_da_Cunha_(292_m) -999.9 -999.9 979.1 974.4 976.6 16.0 15.1 0.0 Rio_Grande_do_Sul DCRS -999.9 0.0 4.4 250.15 250.17 250.06 0 0.0 250.41 250.54 250.54 250.65
-28.939899 -51.188499 DCRS-00087 2026-07-20_02:23 17.1 -999.9 -999.9 91.9 -999.9 -999.9 15.8 -999.9 -999.9 976.5 -999.9 -999.9 0.0 -999.9 14.9 0.0 3.4 4.4 4.4 4.4 4.6 4.8 19.9 17.0 92.3 74.5 24.3 DCRS_-_Antônio_Prado/Flores_da_Cunha_(292_m) -999.9 -999.9 979.1 974.4 976.5 16.0 15.1 0.0 Rio_Grande_do_Sul DCRS -999.9 0.0 4.4 250.08 250.17 250.06 0 -0.09 250.41 250.54 250.54 250.65
-28.939899 -51.188499 DCRS-00087 2026-07-20_02:24 17.1 -999.9 -999.9 92.2 -999.9 -999.9 15.8 -999.9 -999.9 976.4 -999.9 -999.9 0.0 -999.9 14.9 0.0 3.6 4.6 4.6 4.6 4.8 5.0 19.9 17.0 92.3 74.5 24.3 DCRS_-_Antônio_Prado/Flores_da_Cunha_(292_m) -999.9 -999.9 979.1 974.4 976.4 16.0 15.1 0.0 Rio_Grande_do_Sul DCRS -999.9 0.0 4.6 250.13 250.17 250.06 0 -0.04 250.41 250.54 250.54 250.65
-28.939899 -51.188499 DCRS-00087 2026-07-20_02:25 17.1 -999.9 -999.9 91.9 -999.9 -999.9 15.8 -999.9 -999.9 976.4 -999.9 -999.9 2.1 -999.9 8.0 0.0 3.6 4.6 4.6 4.6 4.8 5.0 19.9 17.0 92.3 74.5 24.3 DCRS_-_Antônio_Prado/Flores_da_Cunha_(292_m) -999.9 -999.9 979.1 974.4 976.4 16.0 15.1 0.0 Rio_Grande_do_Sul DCRS -999.9 0.0 4.6 250.17 250.17 250.06 0 0.0 250.41 250.54 250.54 250.65
-28.939899 -51.188499 DCRS-00087 2026-07-20_02:26 17.1 -999.9 -999.9 91.4 -999.9 -999.9 15.7 -999.9 -999.9 976.3 -999.9 -999.9 0.0 -999.9 8.0 0.0 3.6 4.6 4.6 4.6 4.8 5.0 19.9 17.0 92.3 74.5 24.3 DCRS_-_Antônio_Prado/Flores_da_Cunha_(292_m) -999.9 -999.9 979.1 974.4 976.3 16.0 15.1 0.0 Rio_Grande_do_Sul DCRS -999.9 0.0 4.6 250.16 250.17 250.06 0 -0.01 250.41 250.54 250.54 250.65
-28.939899 -51.188499 DCRS-00087 2026-07-20_02:27 17.1 -999.9 -999.9 91.0 -999.9 -999.9 15.6 -999.9 -999.9 976.3 -999.9 -999.9 0.0 -999.9 8.0 0.0 3.6 4.6 4.6 4.6 4.8 5.0 19.9 17.0 92.3 74.5 24.3 DCRS_-_Antônio_Prado/Flores_da_Cunha_(292_m) -999.9 -999.9 979.1 974.4 976.3 16.0 15.1 0.0 Rio_Grande_do_Sul DCRS -999.9 0.0 4.6 250.16 250.17 250.06 1 -0.01 250.41 250.54 250.54 250.65
-28.939899 -51.188499 DCRS-00087 2026-07-20_02:28 17.2 -999.9 -999.9 91.4 -999.9 -999.9 15.8 -999.9 -999.9 976.2 -999.9 -999.9 2.3 -999.9 8.0 0.0 3.6 4.8 4.8 4.8 5.0 5.2 19.9 17.0 92.3 74.5 24.3 DCRS_-_Antônio_Prado/Flores_da_Cunha_(292_m) -999.9 -999.9 979.1 974.4 976.2 16.0 15.1 0.0 Rio_Grande_do_Sul DCRS -999.9 0.0 4.8 250.16 250.17 250.06 1 -0.01 250.41 250.54 250.54 250.65
-28.939899 -51.188499 DCRS-00087 2026-07-20_02:29 17.1 -999.9 -999.9 91.7 -999.9 -999.9 15.7 -999.9 -999.9 976.2 -999.9 -999.9 2.3 -999.9 8.0 0.0 3.4 4.8 4.8 4.8 5.0 5.2 19.9 17.0 92.3 74.5 24.3 DCRS_-_Antônio_Prado/Flores_da_Cunha_(292_m) -999.9 -999.9 979.1 974.4 976.2 16.0 15.1 0.0 Rio_Grande_do_Sul DCRS -999.9 0.0 4.8 250.17 250.17 250.06 1 0.0 250.41 250.54 250.54 250.65
-28.939899 -51.188499 DCRS-00087 2026-07-20_02:30 17.1 -999.9 -999.9 92.1 -999.9 -999.9 15.8 -999.9 -999.9 976.0 -999.9 -999.9 2.7 -999.9 3.2 0.0 3.4 4.8 4.8 4.8 5.0 5.2 19.9 17.0 92.3 74.5 24.3 DCRS_-_Antônio_Prado/Flores_da_Cunha_(292_m) -999.9 -999.9 979.1 974.4 976.0 16.0 15.1 0.0 Rio_Grande_do_Sul DCRS -999.9 0.0 4.8 250.17 250.17 250.06 1 0.03 250.41 250.54 250.54 250.65
-28.939899 -51.188499 DCRS-00087 2026-07-20_02:31 17.1 -999.9 -999.9 92.2 -999.9 -999.9 15.8 -999.9 -999.9 975.8 -999.9 -999.9 0.0 -999.9 3.2 0.0 3.4 4.8 4.8 4.8 5.0 5.2 19.9 17.0 92.3 74.5 24.3 DCRS_-_Antônio_Prado/Flores_da_Cunha_(292_m) -999.9 -999.9 979.1 974.4 975.8 16.0 15.1 0.0 Rio_Grande_do_Sul DCRS -999.9 0.0 4.8 250.17 250.17 250.06 1 0.03 250.41 250.54 250.54 250.65
-28.939899 -51.188499 DCRS-00087 2026-07-20_02:32 17.1 -999.9 -999.9 92.5 -999.9 -999.9 15.9 -999.9 -999.9 975.5 -999.9 -999.9 2.8 -999.9 3.2 0.0 3.4 4.8 4.8 4.8 5.0 5.2 19.9 17.0 92.5 74.5 24.3 DCRS_-_Antônio_Prado/Flores_da_Cunha_(292_m) -999.9 -999.9 979.1 974.4 975.5 16.0 15.1 0.0 Rio_Grande_do_Sul DCRS -999.9 0.0 4.8 250.17 250.17 250.06 1 0.01 250.41 250.54 250.54 250.65
-28.939899 -51.188499 DCRS-00087 2026-07-20_02:33 17.0 -999.9 -999.9 92.6 -999.9 -999.9 15.8 -999.9 -999.9 975.3 -999.9 -999.9 0.0 -999.9 3.2 0.0 3.4 4.8 4.8 4.8 5.0 5.2 19.9 17.0 92.6 74.5 24.3 DCRS_-_Antônio_Prado/Flores_da_Cunha_(292_m) -999.9 -999.9 979.1 974.4 975.3 16.0 15.1 0.0 Rio_Grande_do_Sul DCRS -999.9 0.0 4.8 250.17 250.17 250.06 1 0.06 250.41 250.54 250.54 250.65
-28.939899 -51.188499 DCRS-00087 2026-07-20_02:34 17.0 -999.9 -999.9 92.8 -999.9 -999.9 15.8 -999.9 -999.9 975.3 -999.9 -999.9 0.0 -999.9 3.2 0.0 3.4 4.8 4.8 4.8 5.0 5.2 19.9 17.0 92.8 74.5 24.3 DCRS_-_Antônio_Prado/Flores_da_Cunha_(292_m) -999.9 -999.9 979.1 974.4 975.3 16.0 15.1 0.0 Rio_Grande_do_Sul DCRS -999.9 0.0 4.8 250.17 250.17 250.06 1 0.06 250.41 250.54 250.54 250.65
-28.939899 -51.188499 DCRS-00087 2026-07-20_02:35 17.0 -999.9 -999.9 93.0 -999.9 -999.9 15.9 -999.9 -999.9 975.4 -999.9 -999.9 0.0 -999.9 4.9 0.0 3.4 4.8 4.8 4.8 5.0 5.2 19.9 17.0 93.0 74.5 24.3 DCRS_-_Antônio_Prado/Flores_da_Cunha_(292_m) -999.9 -999.9 979.1 974.4 975.4 16.0 15.1 0.0 Rio_Grande_do_Sul DCRS -999.9 0.0 4.8 250.17 250.17 250.06 1 0.09 250.41 250.54 250.54 250.65
-28.939899 -51.188499 DCRS-00087 2026-07-20_02:36 17.0 -999.9 -999.9 93.1 -999.9 -999.9 15.9 -999.9 -999.9 975.6 -999.9 -999.9 3.6 -999.9 4.9 0.0 3.4 4.8 4.8 4.8 5.0 5.2 19.9 17.0 93.1 74.5 24.3 DCRS_-_Antônio_Prado/Flores_da_Cunha_(292_m) -999.9 -999.9 979.1 974.4 975.6 16.0 15.1 0.0 Rio_Grande_do_Sul DCRS -999.9 0.0 4.8 250.17 250.17 250.06 1 0.08 250.41 250.54 250.54 250.65
-28.939899 -51.188499 DCRS-00087 2026-07-20_02:37 17.0 -999.9 -999.9 93.0 -999.9 -999.9 15.9 -999.9 -999.9 975.7 -999.9 -999.9 0.0 -999.9 4.9 0.0 3.4 4.8 4.8 4.8 5.0 5.2 19.9 17.0 93.1 74.5 24.3 DCRS_-_Antônio_Prado/Flores_da_Cunha_(292_m) -999.9 -999.9 979.1 974.4 975.7 16.0 15.1 0.0 Rio_Grande_do_Sul DCRS -999.9 0.0 4.8 250.11 250.17 250.06 1 0.0 250.41 250.54 250.54 250.65
-28.939899 -51.188499 DCRS-00087 2026-07-20_02:38 17.0 -999.9 -999.9 93.2 -999.9 -999.9 15.9 -999.9 -999.9 975.6 -999.9 -999.9 -999.9 -999.9 4.9 0.0 3.4 4.8 4.8 4.8 5.0 5.2 19.9 17.0 93.2 74.5 24.3 DCRS_-_Antônio_Prado/Flores_da_Cunha_(292_m) -999.9 -999.9 979.1 974.4 975.6 16.0 15.1 0.0 Rio_Grande_do_Sul DCRS -999.9 0.0 4.8 250.12 250.17 250.06 1 0.0 250.41 250.54 250.54 250.65
-28.939899 -51.188499 DCRS-00087 2026-07-20_02:39 16.9 -999.9 -999.9 93.4 -999.9 -999.9 15.8 -999.9 -999.9 975.5 -999.9 -999.9 -999.9 -999.9 4.9 0.0 3.4 4.8 4.8 4.8 5.0 5.2 19.9 16.9 93.4 74.5 24.3 DCRS_-_Antônio_Prado/Flores_da_Cunha_(292_m) -999.9 -999.9 979.1 974.4 975.5 16.0 15.1 0.0 Rio_Grande_do_Sul DCRS -999.9 0.0 4.8 250.15 250.17 250.06 1 0.03 250.41 250.54 250.54 250.65
-28.939899 -51.188499 DCRS-00087 2026-07-20_02:40 16.9 -999.9 -999.9 93.4 -999.9 -999.9 15.8 -999.9 -999.9 975.5 -999.9 -999.9 3.3 -999.9 8.2 0.0 3.4 4.8 4.8 4.8 5.0 5.2 19.9 16.9 93.4 74.5 24.3 DCRS_-_Antônio_Prado/Flores_da_Cunha_(292_m) -999.9 -999.9 979.1 974.4 975.5 16.0 15.1 0.0 Rio_Grande_do_Sul DCRS -999.9 0.0 4.8 250.15 250.17 250.06 1 0.03 250.41 250.54 250.54 250.65
-28.939899 -51.188499 DCRS-00087 2026-07-20_02:41 16.9 -999.9 -999.9 93.5 -999.9 -999.9 15.8 -999.9 -999.9 975.6 -999.9 -999.9 0.0 -999.9 8.2 0.0 3.4 4.8 4.8 4.8 5.0 5.2 19.9 16.9 93.5 74.5 24.3 DCRS_-_Antônio_Prado/Flores_da_Cunha_(292_m) -999.9 -999.9 979.1 974.4 975.6 16.0 15.1 0.0 Rio_Grande_do_Sul DCRS -999.9 0.0 4.8 250.16 250.17 250.06 1 0.01 250.41 250.54 250.54 250.65
-28.939899 -51.188499 DCRS-00087 2026-07-20_02:42 17.0 -999.9 -999.9 93.5 -999.9 -999.9 15.9 -999.9 -999.9 975.6 -999.9 -999.9 4.0 -999.9 8.2 0.0 3.4 4.8 4.8 4.8 5.0 5.2 19.9 16.9 93.5 74.5 24.3 DCRS_-_Antônio_Prado/Flores_da_Cunha_(292_m) -999.9 -999.9 979.1 974.4 975.6 16.0 15.1 0.0 Rio_Grande_do_Sul DCRS -999.9 0.0 4.8 250.16 250.17 250.06 1 0.09 250.41 250.54 250.54 250.65
-28.939899 -51.188499 DCRS-00087 2026-07-20_02:43 17.0 -999.9 -999.9 93.3 -999.9 -999.9 15.9 -999.9 -999.9 975.6 -999.9 -999.9 4.1 -999.9 8.2 0.0 3.4 4.8 4.8 4.8 5.0 5.2 19.9 16.9 93.5 74.5 24.3 DCRS_-_Antônio_Prado/Flores_da_Cunha_(292_m) -999.9 -999.9 979.1 974.4 975.6 16.0 15.1 0.0 Rio_Grande_do_Sul DCRS -999.9 0.0 4.8 250.18 250.18 250.06 1 0.04 250.41 250.54 250.54 250.65
-28.939899 -51.188499 DCRS-00087 2026-07-20_02:44 17.0 -999.9 -999.9 93.0 -999.9 -999.9 15.9 -999.9 -999.9 975.6 -999.9 -999.9 0.0 -999.9 8.2 0.0 3.2 4.8 4.8 4.8 5.0 5.2 19.9 16.9 93.5 74.5 24.3 DCRS_-_Antônio_Prado/Flores_da_Cunha_(292_m) -999.9 -999.9 979.1 974.4 975.6 16.0 15.1 0.0 Rio_Grande_do_Sul DCRS -999.9 0.0 4.8 250.18 250.18 250.06 1 0.04 250.41 250.54 250.54 250.65
-28.939899 -51.188499 DCRS-00087 2026-07-20_02:45 17.0 -999.9 -999.9 92.4 -999.9 -999.9 15.7 -999.9 -999.9 975.6 -999.9 -999.9 4.4 -999.9 9.2 0.0 3.2 4.8 4.8 4.8 5.0 5.2 19.9 16.9 93.5 74.5 24.3 DCRS_-_Antônio_Prado/Flores_da_Cunha_(292_m) -999.9 -999.9 979.1 974.4 975.6 16.0 15.1 0.0 Rio_Grande_do_Sul DCRS -999.9 0.0 4.8 250.18 250.18 250.06 1 0.08 250.41 250.54 250.54 250.65
-28.939899 -51.188499 DCRS-00087 2026-07-20_02:46 17.1 -999.9 -999.9 92.0 -999.9 -999.9 15.8 -999.9 -999.9 975.5 -999.9 -999.9 3.0 -999.9 9.2 0.0 3.2 4.8 4.8 4.8 5.0 5.2 19.9 16.9 93.5 74.5 24.3 DCRS_-_Antônio_Prado/Flores_da_Cunha_(292_m) -999.9 -999.9 979.1 974.4 975.5 16.0 15.1 0.0 Rio_Grande_do_Sul DCRS -999.9 0.0 4.8 250.18 250.18 250.06 1 0.04 250.41 250.54 250.54 250.65
-28.939899 -51.188499 DCRS-00087 2026-07-20_02:47 17.2 -999.9 -999.9 91.1 -999.9 -999.9 15.7 -999.9 -999.9 975.3 -999.9 -999.9 4.1 -999.9 9.2 0.0 3.2 4.8 4.8 4.8 5.0 5.2 19.9 16.9 93.5 74.5 24.3 DCRS_-_Antônio_Prado/Flores_da_Cunha_(292_m) -999.9 -999.9 979.1 974.4 975.3 16.0 15.1 0.0 Rio_Grande_do_Sul DCRS -999.9 0.0 4.8 250.16 250.18 250.06 1 0.0 250.41 250.54 250.54 250.65
-28.939899 -51.188499 DCRS-00087 2026-07-20_02:48 17.2 -999.9 -999.9 91.8 -999.9 -999.9 15.8 -999.9 -999.9 975.1 -999.9 -999.9 0.0 -999.9 9.2 0.0 3.2 4.8 4.8 4.8 5.0 5.2 19.9 16.9 93.5 74.5 24.3 DCRS_-_Antônio_Prado/Flores_da_Cunha_(292_m) -999.9 -999.9 979.1 974.4 975.1 16.0 15.1 0.0 Rio_Grande_do_Sul DCRS -999.9 0.0 4.8 250.18 250.18 250.06 1 0.07 250.41 250.54 250.54 250.65
-28.939899 -51.188499 DCRS-00087 2026-07-20_02:49 17.2 -999.9 -999.9 92.1 -999.9 -999.9 15.9 -999.9 -999.9 975.0 -999.9 -999.9 0.0 -999.9 9.2 0.0 3.0 4.8 4.8 4.8 5.0 5.2 19.9 16.9 93.5 74.5 24.3 DCRS_-_Antônio_Prado/Flores_da_Cunha_(292_m) -999.9 -999.9 979.1 974.4 975.0 16.0 15.1 0.0 Rio_Grande_do_Sul DCRS -999.9 0.0 4.8 250.15 250.18 250.06 1 0.04 250.41 250.54 250.54 250.65
-28.939899 -51.188499 DCRS-00087 2026-07-20_02:50 17.2 -999.9 -999.9 92.4 -999.9 -999.9 15.9 -999.9 -999.9 975.0 -999.9 -999.9 3.1 -999.9 6.7 0.0 3.0 4.8 4.8 4.8 5.0 5.2 19.9 16.9 93.5 74.5 24.3 DCRS_-_Antônio_Prado/Flores_da_Cunha_(292_m) -999.9 -999.9 979.1 974.4 975.0 16.0 15.1 0.0 Rio_Grande_do_Sul DCRS -999.9 0.0 4.8 250.19 250.19 250.06 1 0.03 250.41 250.54 250.54 250.65
-28.939899 -51.188499 DCRS-00087 2026-07-20_02:51 17.1 -999.9 -999.9 92.7 -999.9 -999.9 15.9 -999.9 -999.9 974.9 -999.9 -999.9 0.0 -999.9 6.7 0.0 3.0 4.8 4.8 4.8 5.0 5.2 19.9 16.9 93.5 74.5 24.3 DCRS_-_Antônio_Prado/Flores_da_Cunha_(292_m) -999.9 -999.9 979.1 974.4 974.9 16.0 15.1 0.0 Rio_Grande_do_Sul DCRS -999.9 0.0 4.8 250.18 250.19 250.06 1 0.04 250.41 250.54 250.54 250.65
-28.939899 -51.188499 DCRS-00087 2026-07-20_02:52 17.1 -999.9 -999.9 92.8 -999.9 -999.9 15.9 -999.9 -999.9 974.8 -999.9 -999.9 0.0 -999.9 6.7 0.0 3.0 4.8 4.8 4.8 5.0 5.2 19.9 16.9 93.5 74.5 24.3 DCRS_-_Antônio_Prado/Flores_da_Cunha_(292_m) -999.9 -999.9 979.1 974.4 974.8 16.0 15.1 0.0 Rio_Grande_do_Sul DCRS -999.9 0.0 4.8 250.18 250.19 250.06 1 0.08 250.41 250.54 250.54 250.65
-28.939899 -51.188499 DCRS-00087 2026-07-20_02:53 17.1 -999.9 -999.9 92.9 -999.9 -999.9 15.9 -999.9 -999.9 974.3 -999.9 -999.9 4.9 -999.9 6.7 0.0 3.0 4.8 4.8 4.8 5.0 5.2 19.9 16.9 93.5 74.5 24.3 DCRS_-_Antônio_Prado/Flores_da_Cunha_(292_m) -999.9 -999.9 979.1 974.3 974.3 16.0 15.1 0.0 Rio_Grande_do_Sul DCRS -999.9 0.0 4.8 250.18 250.19 250.06 1 0.05 250.41 250.54 250.54 250.65
-28.939899 -51.188499 DCRS-00087 2026-07-20_02:54 17.1 -999.9 -999.9 92.9 -999.9 -999.9 15.9 -999.9 -999.9 974.1 -999.9 -999.9 2.0 -999.9 6.7 0.0 2.6 4.8 4.8 4.8 5.0 5.2 19.9 16.9 93.5 74.5 24.3 DCRS_-_Antônio_Prado/Flores_da_Cunha_(292_m) -999.9 -999.9 979.1 974.1 974.1 16.0 15.1 0.0 Rio_Grande_do_Sul DCRS -999.9 0.0 4.8 250.18 250.19 250.06 1 0.05 250.41 250.54 250.54 250.65
-28.939899 -51.188499 DCRS-00087 2026-07-20_02:55 17.0 -999.9 -999.9 93.0 -999.9 -999.9 15.9 -999.9 -999.9 974.3 -999.9 -999.9 4.9 -999.9 5.8 0.0 2.6 4.8 4.8 4.8 5.0 5.2 19.9 16.9 93.5 74.5 24.3 DCRS_-_Antônio_Prado/Flores_da_Cunha_(292_m) -999.9 -999.9 979.1 974.1 974.3 16.0 15.1 0.0 Rio_Grande_do_Sul DCRS -999.9 0.0 4.8 250.18 250.19 250.06 1 0.02 250.41 250.54 250.54 250.65
-28.939899 -51.188499 DCRS-00087 2026-07-20_02:56 17.0 -999.9 -999.9 92.9 -999.9 -999.9 15.8 -999.9 -999.9 974.5 -999.9 -999.9 -999.9 -999.9 5.8 0.0 2.6 4.8 4.8 4.8 5.0 5.2 19.9 16.9 93.5 74.5 24.3 DCRS_-_Antônio_Prado/Flores_da_Cunha_(292_m) -999.9 -999.9 979.1 974.1 974.5 16.0 15.1 0.0 Rio_Grande_do_Sul DCRS -999.9 0.0 4.8 250.16 250.19 250.06 1 0.02 250.41 250.54 250.54 250.65
-28.939899 -51.188499 DCRS-00087 2026-07-20_02:57 17.0 -999.9 -999.9 92.8 -999.9 -999.9 15.8 -999.9 -999.9 974.6 -999.9 -999.9 4.1 -999.9 5.8 0.0 2.6 4.8 4.8 4.8 5.0 5.2 19.9 16.9 93.5 74.5 24.3 DCRS_-_Antônio_Prado/Flores_da_Cunha_(292_m) -999.9 -999.9 979.1 974.1 974.6 16.0 15.1 0.0 Rio_Grande_do_Sul DCRS -999.9 0.0 4.8 250.16 250.19 250.06 1 0.02 250.41 250.54 250.54 250.65
-28.939899 -51.188499 DCRS-00087 2026-07-20_02:58 17.0 -999.9 -999.9 92.8 -999.9 -999.9 15.8 -999.9 -999.9 974.7 -999.9 -999.9 3.3 -999.9 5.8 0.0 2.6 4.8 4.8 4.8 5.0 5.2 19.9 16.9 93.5 74.5 24.3 DCRS_-_Antônio_Prado/Flores_da_Cunha_(292_m) -999.9 -999.9 979.1 974.1 974.7 16.0 15.1 0.0 Rio_Grande_do_Sul DCRS -999.9 0.0 4.8 250.16 250.19 250.06 1 0.01 250.41 250.54 250.54 250.65
-28.939899 -51.188499 DCRS-00087 2026-07-20_02:59 17.0 -999.9 -999.9 92.9 -999.9 -999.9 15.8 -999.9 -999.9 974.8 -999.9 -999.9 5.5 -999.9 5.8 0.0 2.2 4.8 4.8 4.8 5.0 5.2 19.9 16.9 93.5 74.5 24.3 DCRS_-_Antônio_Prado/Flores_da_Cunha_(292_m) -999.9 -999.9 979.1 974.1 974.8 16.0 15.1 0.0 Rio_Grande_do_Sul DCRS -999.9 0.0 4.8 250.17 250.19 250.06 1 0.02 250.41 250.54 250.54 250.65
-28.939899 -51.188499 DCRS-00087 2026-07-20_03:00 17.0 -999.9 -999.9 92.9 -999.9 -999.9 15.8 -999.9 -999.9 974.8 -999.9 -999.9 6.4 -999.9 8.4 0.0 2.2 4.8 4.8 4.8 5.0 5.2 19.9 16.9 93.5 74.5 24.3 DCRS_-_Antônio_Prado/Flores_da_Cunha_(292_m) -999.9 -999.9 979.1 974.1 974.8 16.0 15.1 0.0 Rio_Grande_do_Sul DCRS -999.9 0.0 4.8 250.17 250.19 250.06 1 0.05 250.41 250.54 250.54 250.65
-28.939899 -51.188499 DCRS-00087 2026-07-20_03:01 17.0 -999.9 -999.9 92.7 -999.9 -999.9 15.8 -999.9 -999.9 974.8 -999.9 -999.9 2.0 -999.9 8.4 0.0 2.2 4.8 4.8 4.8 5.0 5.2 19.9 16.9 93.5 74.5 24.3 DCRS_-_Antônio_Prado/Flores_da_Cunha_(292_m) -999.9 -999.9 979.1 974.1 974.8 16.0 15.1 0.0 Rio_Grande_do_Sul DCRS -999.9 0.0 4.8 250.17 250.19 250.06 1 0.04 250.41 250.54 250.54 250.65
-28.939899 -51.188499 DCRS-00087 2026-07-20_03:02 17.0 -999.9 -999.9 92.6 -999.9 -999.9 15.8 -999.9 -999.9 974.8 -999.9 -999.9 6.6 -999.9 8.4 0.0 2.2 4.8 4.8 4.8 5.0 5.2 19.9 16.9 93.5 74.5 24.3 DCRS_-_Antônio_Prado/Flores_da_Cunha_(292_m) -999.9 -999.9 979.1 974.1 974.8 16.0 15.1 0.0 Rio_Grande_do_Sul DCRS -999.9 0.0 4.8 250.17 250.19 250.06 1 0.04 250.41 250.54 250.54 250.65
-28.939899 -51.188499 DCRS-00087 2026-07-20_03:03 17.1 -999.9 -999.9 92.2 -999.9 -999.9 15.8 -999.9 -999.9 974.8 -999.9 -999.9 7.7 -999.9 8.4 0.0 2.2 4.8 4.8 4.8 5.0 5.2 19.9 16.9 93.5 74.5 24.3 DCRS_-_Antônio_Prado/Flores_da_Cunha_(292_m) -999.9 -999.9 979.1 974.1 974.8 16.0 15.1 0.0 Rio_Grande_do_Sul DCRS -999.9 0.0 4.8 250.17 250.19 250.06 1 0.06 250.41 250.54 250.54 250.65
-28.939899 -51.188499 DCRS-00087 2026-07-20_03:04 17.1 -999.9 -999.9 91.6 -999.9 -999.9 15.7 -999.9 -999.9 974.7 -999.9 -999.9 6.5 -999.9 8.4 0.0 1.4 4.8 4.8 4.8 5.0 5.2 19.9 16.9 93.5 74.5 24.3 DCRS_-_Antônio_Prado/Flores_da_Cunha_(292_m) -999.9 -999.9 979.1 974.1 974.7 16.0 15.1 0.0 Rio_Grande_do_Sul DCRS -999.9 0.0 4.8 250.18 250.19 250.06 1 0.07 250.41 250.54 250.54 250.65
-28.939899 -51.188499 DCRS-00087 2026-07-20_03:05 17.1 -999.9 -999.9 91.5 -999.9 -999.9 15.7 -999.9 -999.9 974.6 -999.9 -999.9 0.0 -999.9 11.2 0.0 1.4 4.8 4.8 4.8 5.0 5.2 19.9 16.9 93.5 74.5 24.3 DCRS_-_Antônio_Prado/Flores_da_Cunha_(292_m) -999.9 -999.9 979.1 974.1 974.6 16.0 15.1 0.0 Rio_Grande_do_Sul DCRS -999.9 0.0 4.8 250.18 250.19 250.06 1 0.03 250.41 250.54 250.54 250.65
-28.939899 -51.188499 DCRS-00087 2026-07-20_03:06 17.1 -999.9 -999.9 91.8 -999.9 -999.9 15.7 -999.9 -999.9 974.6 -999.9 -999.9 2.3 -999.9 11.2 0.0 1.4 4.8 4.8 4.8 5.0 5.2 19.9 16.9 93.5 74.5 24.3 DCRS_-_Antônio_Prado/Flores_da_Cunha_(292_m) -999.9 -999.9 979.1 974.1 974.6 16.0 15.1 0.0 Rio_Grande_do_Sul DCRS -999.9 0.0 4.8 250.18 250.19 250.06 1 0.12 250.41 250.54 250.54 250.65
-28.939899 -51.188499 DCRS-00087 2026-07-20_03:07 17.2 -999.9 -999.9 92.0 -999.9 -999.9 15.9 -999.9 -999.9 974.6 -999.9 -999.9 3.1 -999.9 11.2 0.0 1.4 4.8 4.8 4.8 5.0 5.2 19.9 16.9 93.5 74.5 24.3 DCRS_-_Antônio_Prado/Flores_da_Cunha_(292_m) -999.9 -999.9 979.1 974.1 974.6 16.0 15.1 0.0 Rio_Grande_do_Sul DCRS -999.9 0.0 4.8 250.18 250.19 250.06 1 0.12 250.41 250.54 250.54 250.65
-28.939899 -51.188499 DCRS-00087 2026-07-20_03:08 17.2 -999.9 -999.9 92.3 -999.9 -999.9 15.9 -999.9 -999.9 974.6 -999.9 -999.9 0.0 -999.9 11.2 0.0 1.4 4.8 4.8 4.8 5.0 5.2 19.9 16.9 93.5 74.5 24.3 DCRS_-_Antônio_Prado/Flores_da_Cunha_(292_m) -999.9 -999.9 979.1 974.1 974.6 16.0 15.1 0.0 Rio_Grande_do_Sul DCRS -999.9 0.0 4.8 250.18 250.19 250.06 1 0.06 250.41 250.54 250.54 250.65
-28.939899 -51.188499 DCRS-00087 2026-07-20_03:09 17.2 -999.9 -999.9 92.2 -999.9 -999.9 15.9 -999.9 -999.9 974.7 -999.9 -999.9 2.6 -999.9 11.2 0.0 1.0 4.8 4.8 4.8 5.0 5.2 19.9 16.9 93.5 74.5 24.3 DCRS_-_Antônio_Prado/Flores_da_Cunha_(292_m) -999.9 -999.9 979.1 974.1 974.7 16.0 15.1 0.0 Rio_Grande_do_Sul DCRS -999.9 0.0 4.8 250.18 250.19 250.06 1 0.02 250.41 250.54 250.54 250.65
-28.939899 -51.188499 DCRS-00087 2026-07-20_03:10 17.1 -999.9 -999.9 92.5 -999.9 -999.9 15.9 -999.9 -999.9 974.8 -999.9 -999.9 1.8 -999.9 4.0 0.0 1.0 4.8 4.8 4.8 5.0 5.2 19.9 16.9 93.5 74.5 24.3 DCRS_-_Antônio_Prado/Flores_da_Cunha_(292_m) -999.9 -999.9 979.1 974.1 974.8 16.0 15.1 0.0 Rio_Grande_do_Sul DCRS -999.9 0.0 4.8 250.18 250.19 250.06 1 0.04 250.41 250.54 250.54 250.65
-28.939899 -51.188499 DCRS-00087 2026-07-20_03:11 17.1 -999.9 -999.9 92.7 -999.9 -999.9 15.9 -999.9 -999.9 974.9 -999.9 -999.9 0.0 -999.9 4.0 0.0 1.0 4.8 4.8 4.8 5.0 5.2 19.9 16.9 93.5 74.5 24.3 DCRS_-_Antônio_Prado/Flores_da_Cunha_(292_m) -999.9 -999.9 979.1 974.1 974.9 16.0 15.1 0.0 Rio_Grande_do_Sul DCRS -999.9 0.0 4.8 250.18 250.19 250.06 1 0.04 250.41 250.54 250.54 250.65
-28.939899 -51.188499 DCRS-00087 2026-07-20_03:12 17.0 -999.9 -999.9 92.8 -999.9 -999.9 15.8 -999.9 -999.9 974.9 -999.9 -999.9 0.0 -999.9 4.0 0.0 1.0 4.8 4.8 4.8 5.0 5.2 19.9 16.9 93.5 74.5 24.3 DCRS_-_Antônio_Prado/Flores_da_Cunha_(292_m) -999.9 -999.9 979.1 974.1 974.9 16.0 15.1 0.0 Rio_Grande_do_Sul DCRS -999.9 0.0 4.8 250.19 250.19 250.06 1 0.03 250.41 250.54 250.54 250.65
-28.939899 -51.188499 DCRS-00087 2026-07-20_03:13 17.0 -999.9 -999.9 92.9 -999.9 -999.9 15.8 -999.9 -999.9 974.9 -999.9 -999.9 2.7 -999.9 4.0 0.0 1.0 4.8 4.8 4.8 5.0 5.2 19.9 16.9 93.5 74.5 24.3 DCRS_-_Antônio_Prado/Flores_da_Cunha_(292_m) -999.9 -999.9 979.1 974.1 974.9 16.0 15.1 0.0 Rio_Grande_do_Sul DCRS -999.9 0.0 4.8 250.18 250.19 250.06 1 0.02 250.41 250.54 250.54 250.65
-28.939899 -51.188499 DCRS-00087 2026-07-20_03:14 17.0 -999.9 -999.9 92.8 -999.9 -999.9 15.8 -999.9 -999.9 974.9 -999.9 -999.9 3.9 -999.9 4.0 0.0 0.6 4.8 4.8 4.8 5.0 5.2 19.9 16.9 93.5 74.5 24.3 DCRS_-_Antônio_Prado/Flores_da_Cunha_(292_m) -999.9 -999.9 979.1 974.1 974.9 16.0 15.1 0.0 Rio_Grande_do_Sul DCRS -999.9 0.0 4.8 250.18 250.19 250.06 1 0.02 250.41 250.54 250.54 250.65
-28.939899 -51.188499 DCRS-00087 2026-07-20_03:15 17.0 -999.9 -999.9 93.0 -999.9 -999.9 15.9 -999.9 -999.9 975.0 -999.9 -999.9 2.5 -999.9 4.0 0.0 0.6 4.8 4.8 4.8 5.0 5.2 19.9 16.9 93.5 74.5 24.3 DCRS_-_Antônio_Prado/Flores_da_Cunha_(292_m) -999.9 -999.9 979.1 974.1 975.0 16.0 15.1 0.0 Rio_Grande_do_Sul DCRS -999.9 0.0 4.8 250.18 250.19 250.06 1 0.05 250.41 250.54 250.54 250.65
-28.939899 -51.188499 DCRS-00087 2026-07-20_03:16 16.9 -999.9 -999.9 93.1 -999.9 -999.9 15.8 -999.9 -999.9 975.1 -999.9 -999.9 -999.9 -999.9 4.0 0.0 0.6 4.8 4.8 4.8 5.0 5.2 19.9 16.9 93.5 74.5 24.3 DCRS_-_Antônio_Prado/Flores_da_Cunha_(292_m) -999.9 -999.9 979.1 974.1 975.1 16.0 15.1 0.0 Rio_Grande_do_Sul DCRS -999.9 0.0 4.8 250.18 250.19 250.06 1 0.02 250.41 250.54 250.54 250.65
-28.939899 -51.188499 DCRS-00087 2026-07-20_03:17 16.9 -999.9 -999.9 93.3 -999.9 -999.9 15.8 -999.9 -999.9 975.0 -999.9 -999.9 3.0 -999.9 4.0 0.0 0.6 4.8 4.8 4.8 5.0 5.2 19.9 16.9 93.5 74.5 24.3 DCRS_-_Antônio_Prado/Flores_da_Cunha_(292_m) -999.9 -999.9 979.1 974.1 975.0 16.0 15.1 0.0 Rio_Grande_do_Sul DCRS -999.9 0.0 4.8 250.18 250.19 250.06 1 0.05 250.41 250.54 250.54 250.65
-28.939899 -51.188499 DCRS-00087 2026-07-20_03:18 16.9 -999.9 -999.9 93.3 -999.9 -999.9 15.8 -999.9 -999.9 975.0 -999.9 -999.9 -999.9 -999.9 4.0 0.0 0.6 4.8 4.8 4.8 5.0 5.2 19.9 16.9 93.5 74.5 24.3 DCRS_-_Antônio_Prado/Flores_da_Cunha_(292_m) -999.9 -999.9 979.1 974.1 975.0 16.0 15.1 0.0 Rio_Grande_do_Sul DCRS -999.9 0.0 4.8 250.18 250.19 250.06 1 0.04 250.41 250.54 250.54 250.65
-28.939899 -51.188499 DCRS-00087 2026-07-20_03:19 16.9 -999.9 -999.9 93.2 -999.9 -999.9 15.8 -999.9 -999.9 975.0 -999.9 -999.9 0.0 -999.9 4.0 0.0 0.2 4.8 4.8 4.8 5.0 5.2 19.9 16.9 93.5 74.5 24.3 DCRS_-_Antônio_Prado/Flores_da_Cunha_(292_m) -999.9 -999.9 979.1 974.1 975.0 16.0 15.1 0.0 Rio_Grande_do_Sul DCRS -999.9 0.0 4.8 250.18 250.19 250.06 1 0.03 250.41 250.54 250.54 250.65
-28.939899 -51.188499 DCRS-00087 2026-07-20_03:20 16.9 -999.9 -999.9 93.3 -999.9 -999.9 15.8 -999.9 -999.9 974.9 -999.9 -999.9 0.0 -999.9 5.4 0.0 0.2 4.8 4.8 4.8 5.0 5.2 19.9 16.9 93.5 74.5 24.3 DCRS_-_Antônio_Prado/Flores_da_Cunha_(292_m) -999.9 -999.9 979.1 974.1 974.9 16.0 15.1 0.0 Rio_Grande_do_Sul DCRS -999.9 0.0 4.8 250.18 250.19 250.06 1 0.03 250.41 250.54 250.54 250.65
-28.939899 -51.188499 DCRS-00087 2026-07-20_03:21 16.9 -999.9 -999.9 93.3 -999.9 -999.9 15.8 -999.9 -999.9 974.9 -999.9 -999.9 2.5 -999.9 5.4 0.0 0.2 4.8 4.8 4.8 5.0 5.2 19.9 16.9 93.5 74.5 24.3 DCRS_-_Antônio_Prado/Flores_da_Cunha_(292_m) -999.9 -999.9 979.1 974.1 974.9 16.0 15.1 0.0 Rio_Grande_do_Sul DCRS -999.9 0.0 4.8 250.18 250.19 250.06 1 0.02 250.41 250.54 250.54 250.65
-28.939899 -51.188499 DCRS-00087 2026-07-20_03:22 16.9 -999.9 -999.9 92.9 -999.9 -999.9 15.7 -999.9 -999.9 974.8 -999.9 -999.9 3.5 -999.9 5.4 0.0 0.2 4.8 4.8 4.8 5.0 5.2 19.9 16.9 93.5 74.5 24.3 DCRS_-_Antônio_Prado/Flores_da_Cunha_(292_m) -999.9 -999.9 979.1 974.1 974.8 16.0 15.1 0.0 Rio_Grande_do_Sul DCRS -999.9 0.0 4.8 250.18 250.19 250.06 1 0.03 250.41 250.54 250.54 250.65
-28.939899 -51.188499 DCRS-00087 2026-07-20_03:23 17.0 -999.9 -999.9 92.7 -999.9 -999.9 15.8 -999.9 -999.9 974.8 -999.9 -999.9 0.0 -999.9 5.4 0.0 0.2 4.8 4.8 4.8 5.0 5.2 19.9 16.9 93.5 74.5 24.3 DCRS_-_Antônio_Prado/Flores_da_Cunha_(292_m) -999.9 -999.9 979.1 974.1 974.8 16.0 15.1 0.0 Rio_Grande_do_Sul DCRS -999.9 0.0 4.8 250.18 250.19 250.06 1 0.1 250.41 250.54 250.54 250.65
-28.939899 -51.188499 DCRS-00087 2026-07-20_03:24 16.9 -999.9 -999.9 92.6 -999.9 -999.9 15.7 -999.9 -999.9 974.9 -999.9 -999.9 0.0 -999.9 5.4 0.0 0.0 4.8 4.8 4.8 5.0 5.2 19.9 16.9 93.5 74.5 24.3 DCRS_-_Antônio_Prado/Flores_da_Cunha_(292_m) -999.9 -999.9 979.1 974.1 974.9 16.0 15.1 0.0 Rio_Grande_do_Sul DCRS -999.9 0.0 4.8 250.18 250.19 250.06 1 0.05 250.41 250.54 250.54 250.65
-28.939899 -51.188499 DCRS-00087 2026-07-20_03:25 16.9 -999.9 -999.9 92.6 -999.9 -999.9 15.7 -999.9 -999.9 974.8 -999.9 -999.9 0.0 -999.9 4.0 0.0 0.0 4.8 4.8 4.8 5.0 5.2 19.9 16.9 93.5 74.5 24.3 DCRS_-_Antônio_Prado/Flores_da_Cunha_(292_m) -999.9 -999.9 979.1 974.1 974.8 16.0 15.1 0.0 Rio_Grande_do_Sul DCRS -999.9 0.0 4.8 250.18 250.19 250.06 1 0.01 250.41 250.54 250.54 250.65
-28.939899 -51.188499 DCRS-00087 2026-07-20_03:26 16.9 -999.9 -999.9 92.8 -999.9 -999.9 15.7 -999.9 -999.9 974.8 -999.9 -999.9 0.0 -999.9 4.0 0.0 0.0 4.8 4.8 4.8 5.0 5.2 19.9 16.9 93.5 74.5 24.3 DCRS_-_Antônio_Prado/Flores_da_Cunha_(292_m) -999.9 -999.9 979.1 974.1 974.8 16.0 15.1 0.0 Rio_Grande_do_Sul DCRS -999.9 0.0 4.8 250.18 250.19 250.06 1 0.02 250.41 250.54 250.54 250.65
-28.939899 -51.188499 DCRS-00087 2026-07-20_03:27 16.9 -999.9 -999.9 92.8 -999.9 -999.9 15.7 -999.9 -999.9 974.8 -999.9 -999.9 0.0 -999.9 4.0 0.0 0.0 4.8 4.8 4.8 5.0 5.2 19.9 16.9 93.5 74.5 24.3 DCRS_-_Antônio_Prado/Flores_da_Cunha_(292_m) -999.9 -999.9 979.1 974.1 974.8 16.0 15.1 0.0 Rio_Grande_do_Sul DCRS -999.9 0.0 4.8 250.18 250.19 250.06 1 0.02 250.41 250.54 250.54 250.65
-28.939899 -51.188499 DCRS-00087 2026-07-20_03:28 16.9 -999.9 -999.9 93.0 -999.9 -999.9 15.8 -999.9 -999.9 974.8 -999.9 -999.9 0.0 -999.9 4.0 0.0 0.0 4.8 4.8 4.8 5.0 5.2 19.9 16.9 93.5 74.5 24.3 DCRS_-_Antônio_Prado/Flores_da_Cunha_(292_m) -999.9 -999.9 979.1 974.1 974.8 16.0 15.1 0.0 Rio_Grande_do_Sul DCRS -999.9 0.0 4.8 250.18 250.19 250.06 1 0.02 250.41 250.54 250.54 250.65
-28.939899 -51.188499 DCRS-00087 2026-07-20_03:29 16.9 -999.9 -999.9 93.0 -999.9 -999.9 15.8 -999.9 -999.9 974.8 -999.9 -999.9 2.0 -999.9 4.0 0.0 0.0 4.8 4.8 4.8 5.0 5.2 19.9 16.9 93.5 74.5 24.3 DCRS_-_Antônio_Prado/Flores_da_Cunha_(292_m) -999.9 -999.9 979.1 974.1 974.8 16.0 15.1 0.0 Rio_Grande_do_Sul DCRS -999.9 0.0 4.8 250.18 250.19 250.06 1 0.01 250.41 250.54 250.54 250.65
-28.939899 -51.188499 DCRS-00087 2026-07-20_03:30 16.9 -999.9 -999.9 93.2 -999.9 -999.9 15.8 -999.9 -999.9 974.8 -999.9 -999.9 -999.9 -999.9 2.9 0.0 0.0 4.8 4.8 4.8 5.0 5.2 19.9 16.9 93.5 74.5 24.3 DCRS_-_Antônio_Prado/Flores_da_Cunha_(292_m) -999.9 -999.9 979.1 974.1 974.8 16.0 15.1 0.0 Rio_Grande_do_Sul DCRS -999.9 0.0 4.8 250.18 250.19 250.06 1 0.01 250.41 250.54 250.54 250.65
-28.939899 -51.188499 DCRS-00087 2026-07-20_03:31 16.9 -999.9 -999.9 93.2 -999.9 -999.9 15.8 -999.9 -999.9 974.8 -999.9 -999.9 -999.9 -999.9 2.9 0.0 0.0 4.8 4.8 4.8 5.0 5.2 19.9 16.9 93.5 74.5 24.3 DCRS_-_Antônio_Prado/Flores_da_Cunha_(292_m) -999.9 -999.9 979.1 974.1 974.8 16.0 15.1 0.0 Rio_Grande_do_Sul DCRS -999.9 0.0 4.8 250.18 250.19 250.06 1 0.01 250.41 250.54 250.54 250.65
-28.939899 -51.188499 DCRS-00087 2026-07-20_03:32 16.8 -999.9 -999.9 93.3 -999.9 -999.9 15.7 -999.9 -999.9 974.7 -999.9 -999.9 0.0 -999.9 2.9 0.0 0.0 4.8 4.8 4.8 5.0 5.2 19.9 16.8 93.5 74.5 24.3 DCRS_-_Antônio_Prado/Flores_da_Cunha_(292_m) -999.9 -999.9 979.1 974.1 974.7 16.0 15.1 0.0 Rio_Grande_do_Sul DCRS -999.9 0.0 4.8 250.18 250.19 250.06 1 0.01 250.41 250.54 250.54 250.65
-28.939899 -51.188499 DCRS-00087 2026-07-20_03:33 16.8 -999.9 -999.9 93.4 -999.9 -999.9 15.7 -999.9 -999.9 974.8 -999.9 -999.9 0.0 -999.9 2.9 0.0 0.0 4.8 4.8 4.8 5.0 5.2 19.9 16.8 93.5 74.5 24.3 DCRS_-_Antônio_Prado/Flores_da_Cunha_(292_m) -999.9 -999.9 979.1 974.1 974.8 16.0 15.1 0.0 Rio_Grande_do_Sul DCRS -999.9 0.0 4.8 250.18 250.19 250.06 1 0.01 250.41 250.54 250.54 250.65
-28.939899 -51.188499 DCRS-00087 2026-07-20_03:34 16.8 -999.9 -999.9 93.5 -999.9 -999.9 15.7 -999.9 -999.9 974.8 -999.9 -999.9 0.0 -999.9 2.9 0.0 0.0 4.8 4.8 4.8 5.0 5.2 19.9 16.8 93.5 74.5 24.3 DCRS_-_Antônio_Prado/Flores_da_Cunha_(292_m) -999.9 -999.9 979.1 974.1 974.8 16.0 15.1 0.0 Rio_Grande_do_Sul DCRS -999.9 0.0 4.8 250.18 250.19 250.06 1 0.01 250.41 250.54 250.54 250.65
-28.939899 -51.188499 DCRS-00087 2026-07-20_03:35 16.7 -999.9 -999.9 93.5 -999.9 -999.9 15.6 -999.9 -999.9 974.8 -999.9 -999.9 1.9 -999.9 4.8 0.0 0.0 4.8 4.8 4.8 5.0 5.2 19.9 16.7 93.5 74.5 24.3 DCRS_-_Antônio_Prado/Flores_da_Cunha_(292_m) -999.9 -999.9 979.1 974.1 974.8 16.0 15.1 0.0 Rio_Grande_do_Sul DCRS -999.9 0.0 4.8 250.18 250.19 250.06 1 0.01 250.41 250.54 250.54 250.65
-28.939899 -51.188499 DCRS-00087 2026-07-20_03:36 16.8 -999.9 -999.9 93.5 -999.9 -999.9 15.7 -999.9 -999.9 974.8 -999.9 -999.9 0.0 -999.9 4.8 0.0 0.0 4.8 4.8 4.8 5.0 5.2 19.9 16.7 93.5 74.5 24.3 DCRS_-_Antônio_Prado/Flores_da_Cunha_(292_m) -999.9 -999.9 979.1 974.1 974.8 16.0 15.1 0.0 Rio_Grande_do_Sul DCRS -999.9 0.0 4.8 250.18 250.19 250.06 1 0.07 250.41 250.54 250.54 250.65
-28.939899 -51.188499 DCRS-00087 2026-07-20_03:37 16.7 -999.9 -999.9 93.7 -999.9 -999.9 15.7 -999.9 -999.9 974.8 -999.9 -999.9 0.0 -999.9 4.8 0.0 0.0 4.8 4.8 4.8 5.0 5.2 19.9 16.7 93.7 74.5 24.3 DCRS_-_Antônio_Prado/Flores_da_Cunha_(292_m) -999.9 -999.9 979.1 974.1 974.8 16.0 15.1 0.0 Rio_Grande_do_Sul DCRS -999.9 0.0 4.8 250.18 250.19 250.06 1 0.07 250.41 250.54 250.54 250.65
-28.939899 -51.188499 DCRS-00087 2026-07-20_03:38 16.8 -999.9 -999.9 93.7 -999.9 -999.9 15.8 -999.9 -999.9 974.8 -999.9 -999.9 0.0 -999.9 4.8 0.0 0.0 4.8 4.8 4.8 5.0 5.2 19.9 16.7 93.7 74.5 24.3 DCRS_-_Antônio_Prado/Flores_da_Cunha_(292_m) -999.9 -999.9 979.1 974.1 974.8 16.0 15.1 0.0 Rio_Grande_do_Sul DCRS -999.9 0.0 4.8 250.18 250.19 250.06 1 0.06 250.41 250.54 250.54 250.65
-28.939899 -51.188499 DCRS-00087 2026-07-20_03:39 16.7 -999.9 -999.9 93.7 -999.9 -999.9 15.7 -999.9 -999.9 974.7 -999.9 -999.9 0.0 -999.9 4.8 0.0 0.0 4.8 4.8 4.8 5.0 5.2 19.9 16.7 93.7 74.5 24.3 DCRS_-_Antônio_Prado/Flores_da_Cunha_(292_m) -999.9 -999.9 979.1 974.1 974.7 16.0 15.1 0.0 Rio_Grande_do_Sul DCRS -999.9 0.0 4.8 250.18 250.19 250.06 1 0.03 250.41 250.54 250.54 250.65
-28.939899 -51.188499 DCRS-00087 2026-07-20_03:40 16.7 -999.9 -999.9 93.8 -999.9 -999.9 15.7 -999.9 -999.9 974.7 -999.9 -999.9 2.1 -999.9 2.2 0.0 0.0 4.8 4.8 4.8 5.0 5.2 19.9 16.7 93.8 74.5 24.3 DCRS_-_Antônio_Prado/Flores_da_Cunha_(292_m) -999.9 -999.9 979.1 974.1 974.7 16.0 15.1 0.0 Rio_Grande_do_Sul DCRS -999.9 0.0 4.8 250.18 250.19 250.06 1 0.03 250.41 250.54 250.54 250.65
-28.939899 -51.188499 DCRS-00087 2026-07-20_03:41 16.7 -999.9 -999.9 93.8 -999.9 -999.9 15.7 -999.9 -999.9 974.6 -999.9 -999.9 0.0 -999.9 2.2 0.0 0.0 4.8 4.8 4.8 5.0 5.2 19.9 16.7 93.8 74.5 24.3 DCRS_-_Antônio_Prado/Flores_da_Cunha_(292_m) -999.9 -999.9 979.1 974.1 974.6 16.0 15.1 0.0 Rio_Grande_do_Sul DCRS -999.9 0.0 4.8 250.18 250.19 250.06 1 0.02 250.41 250.54 250.54 250.65
-28.939899 -51.188499 DCRS-00087 2026-07-20_03:42 16.7 -999.9 -999.9 93.8 -999.9 -999.9 15.7 -999.9 -999.9 974.6 -999.9 -999.9 0.0 -999.9 2.2 0.0 0.0 4.8 4.8 4.8 5.0 5.2 19.9 16.7 93.8 74.5 24.3 DCRS_-_Antônio_Prado/Flores_da_Cunha_(292_m) -999.9 -999.9 979.1 974.1 974.6 16.0 15.1 0.0 Rio_Grande_do_Sul DCRS -999.9 0.0 4.8 250.18 250.19 250.06 1 0.02 250.41 250.54 250.54 250.65
-28.939899 -51.188499 DCRS-00087 2026-07-20_03:44 16.7 -999.9 -999.9 93.8 -999.9 -999.9 15.7 -999.9 -999.9 974.6 -999.9 -999.9 0.0 -999.9 2.2 0.0 0.0 4.8 4.8 4.8 5.0 5.2 19.9 16.7 93.8 74.5 24.3 DCRS_-_Antônio_Prado/Flores_da_Cunha_(292_m) -999.9 -999.9 979.1 974.1 974.6 16.0 15.1 0.0 Rio_Grande_do_Sul DCRS -999.9 0.0 4.8 250.18 250.19 250.06 0 0.0 250.41 250.54 250.54 250.65
-28.939899 -51.188499 DCRS-00087 2026-07-20_03:45 16.6 -999.9 -999.9 93.8 -999.9 -999.9 15.6 -999.9 -999.9 974.6 -999.9 -999.9 0.0 -999.9 2.1 0.0 0.0 4.8 4.8 4.8 5.0 5.2 19.9 16.6 93.8 74.5 24.3 DCRS_-_Antônio_Prado/Flores_da_Cunha_(292_m) -999.9 -999.9 979.1 974.1 974.6 16.0 15.1 0.0 Rio_Grande_do_Sul DCRS -999.9 0.0 4.8 250.18 250.19 250.06 0 0.0 250.41 250.54 250.54 250.65
-28.939899 -51.188499 DCRS-00087 2026-07-20_03:46 16.7 -999.9 -999.9 93.9 -999.9 -999.9 15.7 -999.9 -999.9 974.6 -999.9 -999.9 0.0 -999.9 2.1 0.0 0.0 4.8 4.8 4.8 5.0 5.2 19.9 16.6 93.9 74.5 24.3 DCRS_-_Antônio_Prado/Flores_da_Cunha_(292_m) -999.9 -999.9 979.1 974.1 974.6 16.0 15.1 0.0 Rio_Grande_do_Sul DCRS -999.9 0.0 4.8 250.18 250.19 250.06 0 0.0 250.41 250.54 250.54 250.65
-28.939899 -51.188499 DCRS-00087 2026-07-20_03:47 16.6 -999.9 -999.9 94.0 -999.9 -999.9 15.6 -999.9 -999.9 974.6 -999.9 -999.9 0.0 -999.9 2.1 0.0 0.0 4.8 4.8 4.8 5.0 5.2 19.9 16.6 94.0 74.5 24.3 DCRS_-_Antônio_Prado/Flores_da_Cunha_(292_m) -999.9 -999.9 979.1 974.1 974.6 16.0 15.1 0.0 Rio_Grande_do_Sul DCRS -999.9 0.0 4.8 250.18 250.19 250.06 1 0.02 250.41 250.54 250.54 250.65
-28.939899 -51.188499 DCRS-00087 2026-07-20_03:48 16.6 -999.9 -999.9 94.1 -999.9 -999.9 15.6 -999.9 -999.9 974.6 -999.9 -999.9 -999.9 -999.9 2.1 0.0 0.0 4.8 4.8 4.8 5.0 5.2 19.9 16.6 94.1 74.5 24.3 DCRS_-_Antônio_Prado/Flores_da_Cunha_(292_m) -999.9 -999.9 979.1 974.1 974.6 16.0 15.1 0.0 Rio_Grande_do_Sul DCRS -999.9 0.0 4.8 250.18 250.19 250.06 0 0.0 250.41 250.54 250.54 250.65
-28.939899 -51.188499 DCRS-00087 2026-07-20_03:49 16.6 -999.9 -999.9 94.1 -999.9 -999.9 15.6 -999.9 -999.9 974.6 -999.9 -999.9 0.0 -999.9 2.1 0.0 0.0 4.8 4.8 4.8 5.0 5.2 19.9 16.6 94.1 74.5 24.3 DCRS_-_Antônio_Prado/Flores_da_Cunha_(292_m) -999.9 -999.9 979.1 974.1 974.6 16.0 15.1 0.0 Rio_Grande_do_Sul DCRS -999.9 0.0 4.8 250.18 250.19 250.06 0 -0.01 250.41 250.54 250.54 250.65
-28.939899 -51.188499 DCRS-00087 2026-07-20_03:50 16.5 -999.9 -999.9 94.2 -999.9 -999.9 15.6 -999.9 -999.9 974.6 -999.9 -999.9 0.0 -999.9 3.6 0.0 0.0 4.8 4.8 4.8 5.0 5.2 19.9 16.5 94.2 74.5 24.3 DCRS_-_Antônio_Prado/Flores_da_Cunha_(292_m) -999.9 -999.9 979.1 974.1 974.6 16.0 15.1 0.0 Rio_Grande_do_Sul DCRS -999.9 0.0 4.8 250.18 250.19 250.06 0 0.0 250.41 250.54 250.54 250.65
-28.939899 -51.188499 DCRS-00087 2026-07-20_03:51 16.6 -999.9 -999.9 94.2 -999.9 -999.9 15.7 -999.9 -999.9 974.7 -999.9 -999.9 0.0 -999.9 3.6 0.0 0.0 4.8 4.8 4.8 5.0 5.2 19.9 16.5 94.2 74.5 24.3 DCRS_-_Antônio_Prado/Flores_da_Cunha_(292_m) -999.9 -999.9 979.1 974.1 974.7 16.0 15.1 0.0 Rio_Grande_do_Sul DCRS -999.9 0.0 4.8 250.18 250.19 250.06 0 0.0 250.41 250.54 250.54 250.65
-28.939899 -51.188499 DCRS-00087 2026-07-20_03:52 16.6 -999.9 -999.9 94.3 -999.9 -999.9 15.7 -999.9 -999.9 974.7 -999.9 -999.9 0.0 -999.9 3.6 0.0 0.0 4.8 4.8 4.8 5.0 5.2 19.9 16.5 94.3 74.5 24.3 DCRS_-_Antônio_Prado/Flores_da_Cunha_(292_m) -999.9 -999.9 979.1 974.1 974.7 16.0 15.1 0.0 Rio_Grande_do_Sul DCRS -999.9 0.0 4.8 250.18 250.19 250.06 0 0.0 250.41 250.54 250.54 250.65
-28.939899 -51.188499 DCRS-00087 2026-07-20_03:53 16.5 -999.9 -999.9 94.3 -999.9 -999.9 15.6 -999.9 -999.9 974.6 -999.9 -999.9 2.0 -999.9 3.6 0.0 0.0 4.8 4.8 4.8 5.0 5.2 19.9 16.5 94.3 74.5 24.3 DCRS_-_Antônio_Prado/Flores_da_Cunha_(292_m) -999.9 -999.9 979.1 974.1 974.6 16.0 15.1 0.0 Rio_Grande_do_Sul DCRS -999.9 0.0 4.8 250.18 250.19 250.06 0 0.0 250.41 250.54 250.54 250.65
-28.939899 -51.188499 DCRS-00087 2026-07-20_03:54 16.6 -999.9 -999.9 94.4 -999.9 -999.9 15.7 -999.9 -999.9 974.6 -999.9 -999.9 3.3 -999.9 3.6 0.0 0.0 4.8 4.8 4.8 5.0 5.2 19.9 16.5 94.4 74.5 24.3 DCRS_-_Antônio_Prado/Flores_da_Cunha_(292_m) -999.9 -999.9 979.1 974.1 974.6 16.0 15.1 0.0 Rio_Grande_do_Sul DCRS -999.9 0.0 4.8 250.18 250.19 250.06 0 0.0 250.41 250.54 250.54 250.65
-28.939899 -51.188499 DCRS-00087 2026-07-20_03:55 16.6 -999.9 -999.9 94.4 -999.9 -999.9 15.7 -999.9 -999.9 974.6 -999.9 -999.9 2.3 -999.9 3.6 0.0 0.0 4.8 4.8 4.8 5.0 5.2 19.9 16.5 94.4 74.5 24.3 DCRS_-_Antônio_Prado/Flores_da_Cunha_(292_m) -999.9 -999.9 979.1 974.1 974.6 16.0 15.1 0.0 Rio_Grande_do_Sul DCRS -999.9 0.0 4.8 250.18 250.19 250.06 0 0.0 250.41 250.54 250.54 250.65
-28.939899 -51.188499 DCRS-00087 2026-07-20_03:56 16.5 -999.9 -999.9 94.5 -999.9 -999.9 15.6 -999.9 -999.9 974.7 -999.9 -999.9 0.0 -999.9 3.6 0.0 0.0 4.8 4.8 4.8 5.0 5.2 19.9 16.5 94.5 74.5 24.3 DCRS_-_Antônio_Prado/Flores_da_Cunha_(292_m) -999.9 -999.9 979.1 974.1 974.7 16.0 15.1 0.0 Rio_Grande_do_Sul DCRS -999.9 0.0 4.8 250.18 250.19 250.06 0 0.02 250.41 250.54 250.54 250.65
-28.939899 -51.188499 DCRS-00087 2026-07-20_03:57 16.5 -999.9 -999.9 94.5 -999.9 -999.9 15.6 -999.9 -999.9 974.8 -999.9 -999.9 1.9 -999.9 3.6 0.0 0.0 4.8 4.8 4.8 5.0 5.2 19.9 16.5 94.5 74.5 24.3 DCRS_-_Antônio_Prado/Flores_da_Cunha_(292_m) -999.9 -999.9 979.1 974.1 974.8 16.0 15.1 0.0 Rio_Grande_do_Sul DCRS -999.9 0.0 4.8 250.18 250.19 250.06 0 0.02 250.41 250.54 250.54 250.65
-28.939899 -51.188499 DCRS-00087 2026-07-20_03:58 16.5 -999.9 -999.9 94.5 -999.9 -999.9 15.6 -999.9 -999.9 974.9 -999.9 -999.9 0.0 -999.9 3.6 0.0 0.0 4.8 4.8 4.8 5.0 5.2 19.9 16.5 94.5 74.5 24.3 DCRS_-_Antônio_Prado/Flores_da_Cunha_(292_m) -999.9 -999.9 979.1 974.1 974.9 16.0 15.1 0.0 Rio_Grande_do_Sul DCRS -999.9 0.0 4.8 250.18 250.19 250.06 0 0.02 250.41 250.54 250.54 250.65
-28.939899 -51.188499 DCRS-00087 2026-07-20_03:59 16.6 -999.9 -999.9 94.6 -999.9 -999.9 15.7 -999.9 -999.9 975.0 -999.9 -999.9 2.1 -999.9 3.6 0.0 0.0 4.8 4.8 4.8 5.0 5.2 19.9 16.5 94.6 74.5 24.3 DCRS_-_Antônio_Prado/Flores_da_Cunha_(292_m) -999.9 -999.9 979.1 974.1 975.0 16.0 15.1 0.0 Rio_Grande_do_Sul DCRS -999.9 0.0 4.8 250.18 250.19 250.06 0 0.01 250.41 250.54 250.54 250.65
-28.939899 -51.188499 DCRS-00087 2026-07-20_04:00 16.5 -999.9 -999.9 94.7 -999.9 -999.9 15.6 -999.9 -999.9 975.0 -999.9 -999.9 3.2 -999.9 3.9 0.0 0.0 4.8 4.8 4.8 5.0 5.2 19.9 16.5 94.7 74.5 24.3 DCRS_-_Antônio_Prado/Flores_da_Cunha_(292_m) -999.9 -999.9 979.1 974.1 975.0 16.0 15.1 0.0 Rio_Grande_do_Sul DCRS -999.9 0.0 4.8 250.18 250.19 250.06 0 0.01 250.41 250.54 250.54 250.65
-28.939899 -51.188499 DCRS-00087 2026-07-20_04:01 16.6 -999.9 -999.9 94.6 -999.9 -999.9 15.7 -999.9 -999.9 975.0 -999.9 -999.9 0.0 -999.9 3.9 0.0 0.0 4.8 4.8 4.8 5.0 5.2 19.9 16.5 94.7 74.5 24.3 DCRS_-_Antônio_Prado/Flores_da_Cunha_(292_m) -999.9 -999.9 979.1 974.1 975.0 16.0 15.1 0.0 Rio_Grande_do_Sul DCRS -999.9 0.0 4.8 250.18 250.19 250.06 0 0.01 250.41 250.54 250.54 250.65
-28.939899 -51.188499 DCRS-00087 2026-07-20_04:02 16.6 -999.9 -999.9 94.6 -999.9 -999.9 15.7 -999.9 -999.9 974.9 -999.9 -999.9 0.0 -999.9 3.9 0.0 0.0 4.8 4.8 4.8 5.0 5.2 19.9 16.5 94.7 74.5 24.3 DCRS_-_Antônio_Prado/Flores_da_Cunha_(292_m) -999.9 -999.9 979.1 974.1 974.9 16.0 15.1 0.0 Rio_Grande_do_Sul DCRS -999.9 0.0 4.8 250.18 250.19 250.06 0 0.01 250.41 250.54 250.54 250.65
-28.939899 -51.188499 DCRS-00087 2026-07-20_04:03 16.6 -999.9 -999.9 94.7 -999.9 -999.9 15.7 -999.9 -999.9 974.8 -999.9 -999.9 0.0 -999.9 3.9 0.0 0.0 4.8 4.8 4.8 5.0 5.2 19.9 16.5 94.7 74.5 24.3 DCRS_-_Antônio_Prado/Flores_da_Cunha_(292_m) -999.9 -999.9 979.1 974.1 974.8 16.0 15.1 0.0 Rio_Grande_do_Sul DCRS -999.9 0.0 4.8 250.18 250.19 250.06 0 0.01 250.41 250.54 250.54 250.65
-28.939899 -51.188499 DCRS-00087 2026-07-20_04:04 16.6 -999.9 -999.9 94.8 -999.9 -999.9 15.8 -999.9 -999.9 974.8 -999.9 -999.9 2.0 -999.9 3.9 0.0 0.0 4.8 4.8 4.8 5.0 5.2 19.9 16.5 94.8 74.5 24.3 DCRS_-_Antônio_Prado/Flores_da_Cunha_(292_m) -999.9 -999.9 979.1 974.1 974.8 16.0 15.1 0.0 Rio_Grande_do_Sul DCRS -999.9 0.0 4.8 250.19 250.19 250.06 0 0.01 250.41 250.54 250.54 250.65
-28.939899 -51.188499 DCRS-00087 2026-07-20_04:05 16.5 -999.9 -999.9 94.7 -999.9 -999.9 15.6 -999.9 -999.9 974.9 -999.9 -999.9 0.0 -999.9 3.6 0.0 0.0 4.8 4.8 4.8 5.0 5.2 19.9 16.5 94.8 74.5 24.3 DCRS_-_Antônio_Prado/Flores_da_Cunha_(292_m) -999.9 -999.9 979.1 974.1 974.9 16.0 15.1 0.0 Rio_Grande_do_Sul DCRS -999.9 0.0 4.8 250.18 250.19 250.06 0 0.0 250.41 250.54 250.54 250.65
-28.939899 -51.188499 DCRS-00087 2026-07-20_04:06 16.6 -999.9 -999.9 94.7 -999.9 -999.9 15.7 -999.9 -999.9 975.1 -999.9 -999.9 0.0 -999.9 3.6 0.0 0.0 4.8 4.8 4.8 5.0 5.2 19.9 16.5 94.8 74.5 24.3 DCRS_-_Antônio_Prado/Flores_da_Cunha_(292_m) -999.9 -999.9 979.1 974.1 975.1 16.0 15.1 0.0 Rio_Grande_do_Sul DCRS -999.9 0.0 4.8 250.18 250.19 250.06 0 0.0 250.41 250.54 250.54 250.65
-28.939899 -51.188499 DCRS-00087 2026-07-20_04:07 16.6 -999.9 -999.9 94.6 -999.9 -999.9 15.7 -999.9 -999.9 975.2 -999.9 -999.9 -999.9 -999.9 3.6 0.0 0.0 4.8 4.8 4.8 5.0 5.2 19.9 16.5 94.8 74.5 24.3 DCRS_-_Antônio_Prado/Flores_da_Cunha_(292_m) -999.9 -999.9 979.1 974.1 975.2 16.0 15.1 0.0 Rio_Grande_do_Sul DCRS -999.9 0.0 4.8 250.18 250.19 250.06 0 0.0 250.41 250.54 250.54 250.65
-28.939899 -51.188499 DCRS-00087 2026-07-20_04:08 16.5 -999.9 -999.9 94.8 -999.9 -999.9 15.7 -999.9 -999.9 975.4 -999.9 -999.9 0.0 -999.9 3.6 0.0 0.0 4.8 4.8 4.8 5.0 5.2 19.9 16.5 94.8 74.5 24.3 DCRS_-_Antônio_Prado/Flores_da_Cunha_(292_m) -999.9 -999.9 979.1 974.1 975.4 16.0 15.1 0.0 Rio_Grande_do_Sul DCRS -999.9 0.0 4.8 250.18 250.19 250.06 0 0.0 250.41 250.54 250.54 250.65
-28.939899 -51.188499 DCRS-00087 2026-07-20_04:09 16.5 -999.9 -999.9 94.8 -999.9 -999.9 15.7 -999.9 -999.9 975.4 -999.9 -999.9 0.0 -999.9 3.6 0.0 0.0 4.8 4.8 4.8 5.0 5.2 19.9 16.5 94.8 74.5 24.3 DCRS_-_Antônio_Prado/Flores_da_Cunha_(292_m) -999.9 -999.9 979.1 974.1 975.4 16.0 15.1 0.0 Rio_Grande_do_Sul DCRS -999.9 0.0 4.8 250.18 250.19 250.06 0 0.0 250.41 250.54 250.54 250.65
-28.939899 -51.188499 DCRS-00087 2026-07-20_04:10 16.5 -999.9 -999.9 94.9 -999.9 -999.9 15.7 -999.9 -999.9 975.4 -999.9 -999.9 0.0 -999.9 5.6 0.0 0.0 4.8 4.8 4.8 5.0 5.2 19.9 16.5 94.9 74.5 24.3 DCRS_-_Antônio_Prado/Flores_da_Cunha_(292_m) -999.9 -999.9 979.1 974.1 975.4 16.0 15.1 0.0 Rio_Grande_do_Sul DCRS -999.9 0.0 4.8 250.18 250.19 250.06 0 0.0 250.41 250.54 250.54 250.65
-28.939899 -51.188499 DCRS-00087 2026-07-20_04:11 16.6 -999.9 -999.9 95.0 -999.9 -999.9 15.8 -999.9 -999.9 975.4 -999.9 -999.9 0.0 -999.9 5.6 0.0 0.0 4.8 4.8 4.8 5.0 5.2 19.9 16.5 95.0 74.5 24.3 DCRS_-_Antônio_Prado/Flores_da_Cunha_(292_m) -999.9 -999.9 979.1 974.1 975.4 16.0 15.1 0.0 Rio_Grande_do_Sul DCRS -999.9 0.0 4.8 250.18 250.19 250.06 0 0.0 250.41 250.54 250.54 250.65
-28.939899 -51.188499 DCRS-00087 2026-07-20_04:12 16.6 -999.9 -999.9 95.0 -999.9 -999.9 15.8 -999.9 -999.9 975.5 -999.9 -999.9 1.9 -999.9 5.6 0.0 0.0 4.8 4.8 4.8 5.0 5.2 19.9 16.5 95.0 74.5 24.3 DCRS_-_Antônio_Prado/Flores_da_Cunha_(292_m) -999.9 -999.9 979.1 974.1 975.5 16.0 15.1 0.0 Rio_Grande_do_Sul DCRS -999.9 0.0 4.8 250.18 250.19 250.06 0 -0.01 250.41 250.54 250.54 250.65
-28.939899 -51.188499 DCRS-00087 2026-07-20_04:13 16.5 -999.9 -999.9 95.0 -999.9 -999.9 15.7 -999.9 -999.9 975.6 -999.9 -999.9 2.5 -999.9 5.6 0.0 0.0 4.8 4.8 4.8 5.0 5.2 19.9 16.5 95.0 74.5 24.3 DCRS_-_Antônio_Prado/Flores_da_Cunha_(292_m) -999.9 -999.9 979.1 974.1 975.6 16.0 15.1 0.0 Rio_Grande_do_Sul DCRS -999.9 0.0 4.8 250.18 250.19 250.06 0 0.0 250.41 250.54 250.54 250.65
-28.939899 -51.188499 DCRS-00087 2026-07-20_04:14 16.6 -999.9 -999.9 94.9 -999.9 -999.9 15.8 -999.9 -999.9 975.6 -999.9 -999.9 3.4 -999.9 5.6 0.0 0.0 4.8 4.8 4.8 5.0 5.2 19.9 16.5 95.0 74.5 24.3 DCRS_-_Antônio_Prado/Flores_da_Cunha_(292_m) -999.9 -999.9 979.1 974.1 975.6 16.0 15.1 0.0 Rio_Grande_do_Sul DCRS -999.9 0.0 4.8 250.18 250.19 250.06 0 0.0 250.41 250.54 250.54 250.65
-28.939899 -51.188499 DCRS-00087 2026-07-20_04:15 16.6 -999.9 -999.9 94.9 -999.9 -999.9 15.8 -999.9 -999.9 975.6 -999.9 -999.9 2.7 -999.9 3.8 0.0 0.0 4.8 4.8 4.8 5.0 5.2 19.9 16.5 95.0 74.5 24.3 DCRS_-_Antônio_Prado/Flores_da_Cunha_(292_m) -999.9 -999.9 979.1 974.1 975.6 16.0 15.1 0.0 Rio_Grande_do_Sul DCRS -999.9 0.0 4.8 250.18 250.19 250.06 0 0.0 250.41 250.54 250.54 250.65
-28.939899 -51.188499 DCRS-00087 2026-07-20_04:16 16.6 -999.9 -999.9 94.9 -999.9 -999.9 15.8 -999.9 -999.9 975.6 -999.9 -999.9 0.0 -999.9 3.8 0.0 0.0 4.8 4.8 4.8 5.0 5.2 19.9 16.5 95.0 74.5 24.3 DCRS_-_Antônio_Prado/Flores_da_Cunha_(292_m) -999.9 -999.9 979.1 974.1 975.6 16.0 15.1 0.0 Rio_Grande_do_Sul DCRS -999.9 0.0 4.8 250.12 250.19 250.06 0 -0.06 250.41 250.54 250.54 250.65
-28.939899 -51.188499 DCRS-00087 2026-07-20_04:17 16.6 -999.9 -999.9 94.9 -999.9 -999.9 15.8 -999.9 -999.9 975.6 -999.9 -999.9 2.0 -999.9 3.8 0.0 0.0 4.8 4.8 4.8 5.0 5.2 19.9 16.5 95.0 74.5 24.3 DCRS_-_Antônio_Prado/Flores_da_Cunha_(292_m) -999.9 -999.9 979.1 974.1 975.6 16.0 15.1 0.0 Rio_Grande_do_Sul DCRS -999.9 0.0 4.8 250.14 250.19 250.06 0 -0.04 250.41 250.54 250.54 250.65
-28.939899 -51.188499 DCRS-00087 2026-07-20_04:18 16.6 -999.9 -999.9 94.9 -999.9 -999.9 15.8 -999.9 -999.9 975.6 -999.9 -999.9 2.2 -999.9 3.8 0.0 0.0 4.8 4.8 4.8 5.0 5.2 19.9 16.5 95.0 74.5 24.3 DCRS_-_Antônio_Prado/Flores_da_Cunha_(292_m) -999.9 -999.9 979.1 974.1 975.6 16.0 15.1 0.0 Rio_Grande_do_Sul DCRS -999.9 0.0 4.8 250.12 250.19 250.06 0 -0.06 250.41 250.54 250.54 250.65
-28.939899 -51.188499 DCRS-00087 2026-07-20_04:19 16.6 -999.9 -999.9 94.9 -999.9 -999.9 15.8 -999.9 -999.9 975.6 -999.9 -999.9 0.0 -999.9 3.8 0.0 0.0 4.8 4.8 4.8 5.0 5.2 19.9 16.5 95.0 74.5 24.3 DCRS_-_Antônio_Prado/Flores_da_Cunha_(292_m) -999.9 -999.9 979.1 974.1 975.6 16.0 15.1 0.0 Rio_Grande_do_Sul DCRS -999.9 0.0 4.8 250.18 250.19 250.06 -1 0.0 250.41 250.54 250.54 250.65
-28.939899 -51.188499 DCRS-00087 2026-07-20_04:20 16.6 -999.9 -999.9 95.0 -999.9 -999.9 15.8 -999.9 -999.9 975.6 -999.9 -999.9 2.6 -999.9 4.6 0.0 0.0 4.8 4.8 4.8 5.0 5.2 19.9 16.5 95.0 74.5 24.3 DCRS_-_Antônio_Prado/Flores_da_Cunha_(292_m) -999.9 -999.9 979.1 974.1 975.6 16.0 15.1 0.0 Rio_Grande_do_Sul DCRS -999.9 0.0 4.8 250.17 250.19 250.06 -1 -0.01 250.41 250.54 250.54 250.65
-28.939899 -51.188499 DCRS-00087 2026-07-20_04:21 16.5 -999.9 -999.9 95.0 -999.9 -999.9 15.7 -999.9 -999.9 975.6 -999.9 -999.9 3.0 -999.9 4.6 0.0 0.0 4.8 4.8 4.8 5.0 5.2 19.9 16.5 95.0 74.5 24.3 DCRS_-_Antônio_Prado/Flores_da_Cunha_(292_m) -999.9 -999.9 979.1 974.1 975.6 16.0 15.1 0.0 Rio_Grande_do_Sul DCRS -999.9 0.0 4.8 250.17 250.19 250.06 -1 -0.01 250.41 250.54 250.54 250.65
-28.939899 -51.188499 DCRS-00087 2026-07-20_04:22 16.5 -999.9 -999.9 95.1 -999.9 -999.9 15.7 -999.9 -999.9 975.6 -999.9 -999.9 0.0 -999.9 4.6 0.0 0.0 4.8 4.8 4.8 5.0 5.2 19.9 16.5 95.1 74.5 24.3 DCRS_-_Antônio_Prado/Flores_da_Cunha_(292_m) -999.9 -999.9 979.1 974.1 975.6 16.0 15.1 0.0 Rio_Grande_do_Sul DCRS -999.9 0.0 4.8 250.16 250.19 250.06 -1 -0.02 250.41 250.54 250.54 250.65
-28.939899 -51.188499 DCRS-00087 2026-07-20_04:23 16.6 -999.9 -999.9 95.1 -999.9 -999.9 15.8 -999.9 -999.9 975.5 -999.9 -999.9 3.1 -999.9 4.6 0.0 0.0 4.8 4.8 4.8 5.0 5.2 19.9 16.5 95.1 74.5 24.3 DCRS_-_Antônio_Prado/Flores_da_Cunha_(292_m) -999.9 -999.9 979.1 974.1 975.5 16.0 15.1 0.0 Rio_Grande_do_Sul DCRS -999.9 0.0 4.8 250.1 250.19 250.06 -1 -0.08 250.41 250.54 250.54 250.65
-28.939899 -51.188499 DCRS-00087 2026-07-20_04:24 16.6 -999.9 -999.9 95.1 -999.9 -999.9 15.8 -999.9 -999.9 975.4 -999.9 -999.9 2.3 -999.9 4.6 0.0 0.2 5.0 5.0 5.0 5.2 5.4 19.9 16.5 95.1 74.5 24.3 DCRS_-_Antônio_Prado/Flores_da_Cunha_(292_m) -999.9 -999.9 979.1 974.1 975.4 16.0 15.1 0.0 Rio_Grande_do_Sul DCRS -999.9 0.2 5.0 250.17 250.19 250.06 -1 -0.01 250.41 250.54 250.54 250.65
-28.939899 -51.188499 DCRS-00087 2026-07-20_04:25 16.5 -999.9 -999.9 95.2 -999.9 -999.9 15.7 -999.9 -999.9 975.2 -999.9 -999.9 2.2 -999.9 5.4 0.0 0.2 5.0 5.0 5.0 5.2 5.4 19.9 16.5 95.2 74.5 24.3 DCRS_-_Antônio_Prado/Flores_da_Cunha_(292_m) -999.9 -999.9 979.1 974.1 975.2 16.0 15.1 0.0 Rio_Grande_do_Sul DCRS -999.9 0.0 5.0 250.15 250.19 250.06 -1 -0.03 250.41 250.54 250.54 250.65
-28.939899 -51.188499 DCRS-00087 2026-07-20_04:26 16.5 -999.9 -999.9 95.2 -999.9 -999.9 15.7 -999.9 -999.9 975.1 -999.9 -999.9 0.0 -999.9 5.4 0.0 0.2 5.0 5.0 5.0 5.2 5.4 19.9 16.5 95.2 74.5 24.3 DCRS_-_Antônio_Prado/Flores_da_Cunha_(292_m) -999.9 -999.9 979.1 974.1 975.1 16.0 15.1 0.0 Rio_Grande_do_Sul DCRS -999.9 0.0 5.0 250.18 250.19 250.06 -1 0.0 250.41 250.54 250.54 250.65
-28.939899 -51.188499 DCRS-00087 2026-07-20_04:27 16.5 -999.9 -999.9 95.2 -999.9 -999.9 15.7 -999.9 -999.9 975.1 -999.9 -999.9 0.0 -999.9 5.4 0.0 0.2 5.0 5.0 5.0 5.2 5.4 19.9 16.5 95.2 74.5 24.3 DCRS_-_Antônio_Prado/Flores_da_Cunha_(292_m) -999.9 -999.9 979.1 974.1 975.1 16.0 15.1 0.0 Rio_Grande_do_Sul DCRS -999.9 0.0 5.0 250.18 250.19 250.06 -1 0.0 250.41 250.54 250.54 250.65
-28.939899 -51.188499 DCRS-00087 2026-07-20_04:28 16.5 -999.9 -999.9 95.3 -999.9 -999.9 15.7 -999.9 -999.9 975.1 -999.9 -999.9 3.8 -999.9 5.4 0.0 0.2 5.2 5.2 5.2 5.4 5.6 19.9 16.5 95.3 74.5 24.3 DCRS_-_Antônio_Prado/Flores_da_Cunha_(292_m) -999.9 -999.9 979.1 974.1 975.1 16.0 15.1 0.0 Rio_Grande_do_Sul DCRS -999.9 0.0 5.2 250.17 250.19 250.06 -1 -0.01 250.41 250.54 250.54 250.65
-28.939899 -51.188499 DCRS-00087 2026-07-20_04:29 16.5 -999.9 -999.9 95.2 -999.9 -999.9 15.7 -999.9 -999.9 975.2 -999.9 -999.9 0.0 -999.9 5.4 0.0 0.4 5.2 5.2 5.2 5.4 5.6 19.9 16.5 95.3 74.5 24.3 DCRS_-_Antônio_Prado/Flores_da_Cunha_(292_m) -999.9 -999.9 979.1 974.1 975.2 16.0 15.1 0.0 Rio_Grande_do_Sul DCRS -999.9 0.0 5.2 250.13 250.19 250.06 -1 -0.05 250.41 250.54 250.54 250.65
-28.939899 -51.188499 DCRS-00087 2026-07-20_04:30 16.5 -999.9 -999.9 95.3 -999.9 -999.9 15.7 -999.9 -999.9 975.4 -999.9 -999.9 6.4 -999.9 8.5 0.0 0.4 5.2 5.2 5.2 5.4 5.6 19.9 16.5 95.3 74.5 24.3 DCRS_-_Antônio_Prado/Flores_da_Cunha_(292_m) -999.9 -999.9 979.1 974.1 975.4 16.0 15.1 0.0 Rio_Grande_do_Sul DCRS -999.9 0.0 5.2 250.15 250.19 250.06 -1 -0.03 250.41 250.54 250.54 250.65
-28.939899 -51.188499 DCRS-00087 2026-07-20_04:31 16.5 -999.9 -999.9 95.2 -999.9 -999.9 15.7 -999.9 -999.9 975.6 -999.9 -999.9 7.6 -999.9 8.5 0.0 0.4 5.2 5.2 5.2 5.4 5.6 19.9 16.5 95.3 74.5 24.3 DCRS_-_Antônio_Prado/Flores_da_Cunha_(292_m) -999.9 -999.9 979.1 974.1 975.6 16.0 15.1 0.0 Rio_Grande_do_Sul DCRS -999.9 0.0 5.2 250.11 250.19 250.06 -1 -0.07 250.41 250.54 250.54 250.65
-28.939899 -51.188499 DCRS-00087 2026-07-20_04:32 16.5 -999.9 -999.9 95.4 -999.9 -999.9 15.8 -999.9 -999.9 975.7 -999.9 -999.9 4.9 -999.9 8.5 0.0 0.4 5.4 5.4 5.4 5.6 5.8 19.9 16.5 95.4 74.5 24.3 DCRS_-_Antônio_Prado/Flores_da_Cunha_(292_m) -999.9 -999.9 979.1 974.1 975.7 16.0 15.1 0.0 Rio_Grande_do_Sul DCRS -999.9 0.0 5.4 250.12 250.19 250.06 -1 -0.06 250.41 250.54 250.54 250.65
-28.939899 -51.188499 DCRS-00087 2026-07-20_04:33 16.6 -999.9 -999.9 95.5 -999.9 -999.9 15.9 -999.9 -999.9 975.7 -999.9 -999.9 5.2 -999.9 8.5 0.0 0.4 5.4 5.4 5.4 5.6 5.8 19.9 16.5 95.5 74.5 24.3 DCRS_-_Antônio_Prado/Flores_da_Cunha_(292_m) -999.9 -999.9 979.1 974.1 975.7 16.0 15.1 0.0 Rio_Grande_do_Sul DCRS -999.9 0.0 5.4 250.13 250.19 250.06 -1 -0.05 250.41 250.54 250.54 250.65
-28.939899 -51.188499 DCRS-00087 2026-07-20_04:34 16.6 -999.9 -999.9 95.5 -999.9 -999.9 15.9 -999.9 -999.9 975.7 -999.9 -999.9 8.1 -999.9 8.5 0.0 0.6 5.4 5.4 5.4 5.6 5.8 19.9 16.5 95.5 74.5 24.3 DCRS_-_Antônio_Prado/Flores_da_Cunha_(292_m) -999.9 -999.9 979.1 974.1 975.7 16.0 15.1 0.0 Rio_Grande_do_Sul DCRS -999.9 0.0 5.4 250.15 250.19 250.06 -1 -0.03 250.41 250.54 250.54 250.65
-28.939899 -51.188499 DCRS-00087 2026-07-20_04:35 16.6 -999.9 -999.9 95.3 -999.9 -999.9 15.8 -999.9 -999.9 975.8 -999.9 -999.9 0.0 -999.9 10.8 0.0 0.6 5.4 5.4 5.4 5.6 5.8 19.9 16.5 95.5 74.5 24.3 DCRS_-_Antônio_Prado/Flores_da_Cunha_(292_m) -999.9 -999.9 979.1 974.1 975.8 16.0 15.1 0.0 Rio_Grande_do_Sul DCRS -999.9 0.0 5.4 250.14 250.19 250.06 -1 -0.04 250.41 250.54 250.54 250.65
-28.939899 -51.188499 DCRS-00087 2026-07-20_04:36 16.7 -999.9 -999.9 95.2 -999.9 -999.9 15.9 -999.9 -999.9 975.7 -999.9 -999.9 3.7 -999.9 10.8 0.0 0.6 5.6 5.6 5.6 5.8 6.0 19.9 16.5 95.5 74.5 24.3 DCRS_-_Antônio_Prado/Flores_da_Cunha_(292_m) -999.9 -999.9 979.1 974.1 975.7 16.0 15.1 0.0 Rio_Grande_do_Sul DCRS -999.9 0.0 5.6 250.14 250.19 250.06 -1 -0.04 250.41 250.54 250.54 250.65
-28.939899 -51.188499 DCRS-00087 2026-07-20_04:37 16.7 -999.9 -999.9 95.1 -999.9 -999.9 15.9 -999.9 -999.9 975.7 -999.9 -999.9 5.1 -999.9 10.8 0.0 0.6 5.6 5.6 5.6 5.8 6.0 19.9 16.5 95.5 74.5 24.3 DCRS_-_Antônio_Prado/Flores_da_Cunha_(292_m) -999.9 -999.9 979.1 974.1 975.7 16.0 15.1 0.0 Rio_Grande_do_Sul DCRS -999.9 0.0 5.6 250.15 250.19 250.06 -1 -0.03 250.41 250.54 250.54 250.65
-28.939899 -51.188499 DCRS-00087 2026-07-20_04:38 16.7 -999.9 -999.9 94.9 -999.9 -999.9 15.9 -999.9 -999.9 975.6 -999.9 -999.9 7.2 -999.9 10.8 0.0 0.6 5.6 5.6 5.6 5.8 6.0 19.9 16.5 95.5 74.5 24.3 DCRS_-_Antônio_Prado/Flores_da_Cunha_(292_m) -999.9 -999.9 979.1 974.1 975.6 16.0 15.1 0.0 Rio_Grande_do_Sul DCRS -999.9 0.0 5.6 250.14 250.19 250.06 -1 -0.04 250.41 250.54 250.54 250.65
-28.939899 -51.188499 DCRS-00087 2026-07-20_04:39 16.7 -999.9 -999.9 94.9 -999.9 -999.9 15.9 -999.9 -999.9 975.7 -999.9 -999.9 0.0 -999.9 10.8 0.0 1.2 5.6 5.6 5.6 5.8 6.0 19.9 16.5 95.5 74.5 24.3 DCRS_-_Antônio_Prado/Flores_da_Cunha_(292_m) -999.9 -999.9 979.1 974.1 975.7 16.0 15.1 0.0 Rio_Grande_do_Sul DCRS -999.9 0.4 5.6 250.14 250.19 250.06 -1 -0.04 250.41 250.54 250.54 250.65
-28.939899 -51.188499 DCRS-00087 2026-07-20_04:40 16.8 -999.9 -999.9 94.9 -999.9 -999.9 16.0 -999.9 -999.9 975.7 -999.9 -999.9 2.0 -999.9 8.8 0.0 1.2 6.2 6.2 6.2 6.4 6.6 19.9 16.5 95.5 74.5 24.3 DCRS_-_Antônio_Prado/Flores_da_Cunha_(292_m) -999.9 -999.9 979.1 974.1 975.7 16.0 15.1 0.0 Rio_Grande_do_Sul DCRS -999.9 0.0 6.2 250.16 250.19 250.06 -1 -0.02 250.41 250.54 250.54 250.65
-28.939899 -51.188499 DCRS-00087 2026-07-20_04:41 16.7 -999.9 -999.9 94.9 -999.9 -999.9 15.9 -999.9 -999.9 975.8 -999.9 -999.9 2.3 -999.9 8.8 0.0 1.2 6.2 6.2 6.2 6.4 6.6 19.9 16.5 95.5 74.5 24.3 DCRS_-_Antônio_Prado/Flores_da_Cunha_(292_m) -999.9 -999.9 979.1 974.1 975.8 16.0 15.1 0.0 Rio_Grande_do_Sul DCRS -999.9 0.0 6.2 250.15 250.19 250.06 -1 -0.03 250.41 250.54 250.54 250.65
-28.939899 -51.188499 DCRS-00087 2026-07-20_04:42 16.8 -999.9 -999.9 95.0 -999.9 -999.9 16.0 -999.9 -999.9 975.8 -999.9 -999.9 8.1 -999.9 8.8 0.0 1.2 6.2 6.2 6.2 6.4 6.6 19.9 16.5 95.5 74.5 24.3 DCRS_-_Antônio_Prado/Flores_da_Cunha_(292_m) -999.9 -999.9 979.1 974.1 975.8 16.0 15.1 0.0 Rio_Grande_do_Sul DCRS -999.9 0.0 6.2 250.17 250.19 250.06 -1 -0.01 250.41 250.54 250.54 250.65
-28.939899 -51.188499 DCRS-00087 2026-07-20_04:43 16.9 -999.9 -999.9 94.8 -999.9 -999.9 16.1 -999.9 -999.9 975.8 -999.9 -999.9 0.0 -999.9 8.8 0.0 1.2 6.2 6.2 6.2 6.4 6.6 19.9 16.5 95.5 74.5 24.3 DCRS_-_Antônio_Prado/Flores_da_Cunha_(292_m) -999.9 -999.9 979.1 974.1 975.8 16.1 15.1 0.0 Rio_Grande_do_Sul DCRS -999.9 0.0 6.2 250.13 250.19 250.06 -1 -0.05 250.41 250.54 250.54 250.65
-28.939899 -51.188499 DCRS-00087 2026-07-20_04:44 16.9 -999.9 -999.9 94.6 -999.9 -999.9 16.0 -999.9 -999.9 975.8 -999.9 -999.9 4.5 -999.9 8.8 0.0 1.4 6.4 6.4 6.4 6.6 6.8 19.9 16.5 95.5 74.5 24.3 DCRS_-_Antônio_Prado/Flores_da_Cunha_(292_m) -999.9 -999.9 979.1 974.1 975.8 16.1 15.1 0.0 Rio_Grande_do_Sul DCRS -999.9 0.0 6.4 250.13 250.19 250.06 -1 -0.05 250.41 250.54 250.54 250.65
-28.939899 -51.188499 DCRS-00087 2026-07-20_04:45 16.9 -999.9 -999.9 94.4 -999.9 -999.9 16.0 -999.9 -999.9 975.8 -999.9 -999.9 3.2 -999.9 15.4 0.0 1.4 6.4 6.4 6.4 6.6 6.8 19.9 16.5 95.5 74.5 24.3 DCRS_-_Antônio_Prado/Flores_da_Cunha_(292_m) -999.9 -999.9 979.1 974.1 975.8 16.1 15.1 0.0 Rio_Grande_do_Sul DCRS -999.9 0.0 6.4 250.15 250.19 250.06 -1 -0.03 250.41 250.54 250.54 250.65
-28.939899 -51.188499 DCRS-00087 2026-07-20_04:46 16.9 -999.9 -999.9 94.2 -999.9 -999.9 16.0 -999.9 -999.9 975.7 -999.9 -999.9 0.0 -999.9 15.4 0.0 1.4 6.4 6.4 6.4 6.6 6.8 19.9 16.5 95.5 74.5 24.3 DCRS_-_Antônio_Prado/Flores_da_Cunha_(292_m) -999.9 -999.9 979.1 974.1 975.7 16.1 15.1 0.0 Rio_Grande_do_Sul DCRS -999.9 0.0 6.4 250.17 250.19 250.06 -1 -0.01 250.41 250.54 250.54 250.65
-28.939899 -51.188499 DCRS-00087 2026-07-20_04:47 16.9 -999.9 -999.9 94.1 -999.9 -999.9 15.9 -999.9 -999.9 975.7 -999.9 -999.9 3.3 -999.9 15.4 0.0 1.4 6.4 6.4 6.4 6.6 6.8 19.9 16.5 95.5 74.5 24.3 DCRS_-_Antônio_Prado/Flores_da_Cunha_(292_m) -999.9 -999.9 979.1 974.1 975.7 16.1 15.1 0.0 Rio_Grande_do_Sul DCRS -999.9 0.0 6.4 250.17 250.19 250.06 -1 -0.01 250.41 250.54 250.54 250.65
-28.939899 -51.188499 DCRS-00087 2026-07-20_04:48 16.9 -999.9 -999.9 94.0 -999.9 -999.9 15.9 -999.9 -999.9 975.5 -999.9 -999.9 2.6 -999.9 15.4 0.0 1.4 6.6 6.6 6.6 6.8 7.0 19.9 16.5 95.5 74.5 24.3 DCRS_-_Antônio_Prado/Flores_da_Cunha_(292_m) -999.9 -999.9 979.1 974.1 975.5 16.1 15.1 0.0 Rio_Grande_do_Sul DCRS -999.9 0.0 6.6 250.16 250.19 250.06 -1 -0.02 250.41 250.54 250.54 250.65
-28.939899 -51.188499 DCRS-00087 2026-07-20_04:49 16.9 -999.9 -999.9 94.1 -999.9 -999.9 15.9 -999.9 -999.9 975.4 -999.9 -999.9 0.0 -999.9 15.4 0.0 1.6 6.6 6.6 6.6 6.8 7.0 19.9 16.5 95.5 74.5 24.3 DCRS_-_Antônio_Prado/Flores_da_Cunha_(292_m) -999.9 -999.9 979.1 974.1 975.4 16.1 15.1 0.0 Rio_Grande_do_Sul DCRS -999.9 0.0 6.6 250.18 250.19 250.06 -1 0.0 250.41 250.54 250.54 250.65
-28.939899 -51.188499 DCRS-00087 2026-07-20_04:50 16.9 -999.9 -999.9 94.0 -999.9 -999.9 15.9 -999.9 -999.9 975.4 -999.9 -999.9 0.0 -999.9 5.6 0.0 1.6 6.6 6.6 6.6 6.8 7.0 19.9 16.5 95.5 74.5 24.3 DCRS_-_Antônio_Prado/Flores_da_Cunha_(292_m) -999.9 -999.9 979.1 974.1 975.4 16.1 15.1 0.0 Rio_Grande_do_Sul DCRS -999.9 0.0 6.6 250.18 250.19 250.06 -1 0.0 250.41 250.54 250.54 250.65
-28.939899 -51.188499 DCRS-00087 2026-07-20_04:51 16.9 -999.9 -999.9 94.1 -999.9 -999.9 15.9 -999.9 -999.9 975.2 -999.9 -999.9 0.0 -999.9 5.6 0.0 1.6 6.6 6.6 6.6 6.8 7.0 19.9 16.5 95.5 74.5 24.3 DCRS_-_Antônio_Prado/Flores_da_Cunha_(292_m) -999.9 -999.9 979.1 974.1 975.2 16.1 15.1 0.0 Rio_Grande_do_Sul DCRS -999.9 0.0 6.6 250.14 250.19 250.06 -1 -0.04 250.41 250.54 250.54 250.65
-28.939899 -51.188499 DCRS-00087 2026-07-20_04:52 16.9 -999.9 -999.9 94.2 -999.9 -999.9 16.0 -999.9 -999.9 975.0 -999.9 -999.9 3.1 -999.9 5.6 0.0 1.6 6.8 6.8 6.8 7.0 7.2 19.9 16.5 95.5 74.5 24.3 DCRS_-_Antônio_Prado/Flores_da_Cunha_(292_m) -999.9 -999.9 979.1 974.1 975.0 16.1 15.1 0.0 Rio_Grande_do_Sul DCRS -999.9 0.0 6.8 250.17 250.19 250.06 -1 -0.01 250.41 250.54 250.54 250.65
-28.939899 -51.188499 DCRS-00087 2026-07-20_04:53 16.9 -999.9 -999.9 94.2 -999.9 -999.9 16.0 -999.9 -999.9 974.9 -999.9 -999.9 3.7 -999.9 5.6 0.0 1.6 6.8 6.8 6.8 7.0 7.2 19.9 16.5 95.5 74.5 24.3 DCRS_-_Antônio_Prado/Flores_da_Cunha_(292_m) -999.9 -999.9 979.1 974.1 974.9 16.1 15.1 0.0 Rio_Grande_do_Sul DCRS -999.9 0.0 6.8 250.12 250.19 250.06 -1 -0.06 250.41 250.54 250.54 250.65
-28.939899 -51.188499 DCRS-00087 2026-07-20_04:54 16.9 -999.9 -999.9 94.4 -999.9 -999.9 16.0 -999.9 -999.9 974.9 -999.9 -999.9 0.0 -999.9 5.6 0.0 1.8 6.8 6.8 6.8 7.0 7.2 19.9 16.5 95.5 74.5 24.3 DCRS_-_Antônio_Prado/Flores_da_Cunha_(292_m) -999.9 -999.9 979.1 974.1 974.9 16.1 15.1 0.0 Rio_Grande_do_Sul DCRS -999.9 0.0 6.8 250.14 250.19 250.06 -1 -0.04 250.41 250.54 250.54 250.65
-28.939899 -51.188499 DCRS-00087 2026-07-20_04:55 16.9 -999.9 -999.9 94.4 -999.9 -999.9 16.0 -999.9 -999.9 975.0 -999.9 -999.9 -999.9 -999.9 3.9 0.0 1.8 6.8 6.8 6.8 7.0 7.2 19.9 16.5 95.5 74.5 24.3 DCRS_-_Antônio_Prado/Flores_da_Cunha_(292_m) -999.9 -999.9 979.1 974.1 975.0 16.1 15.1 0.0 Rio_Grande_do_Sul DCRS -999.9 0.0 6.8 250.16 250.19 250.06 -1 -0.02 250.41 250.54 250.54 250.65
-28.939899 -51.188499 DCRS-00087 2026-07-20_04:56 16.8 -999.9 -999.9 94.3 -999.9 -999.9 15.9 -999.9 -999.9 975.1 -999.9 -999.9 -999.9 -999.9 3.9 0.0 1.8 7.0 7.0 7.0 7.2 7.4 19.9 16.5 95.5 74.5 24.3 DCRS_-_Antônio_Prado/Flores_da_Cunha_(292_m) -999.9 -999.9 979.1 974.1 975.1 16.1 15.1 0.0 Rio_Grande_do_Sul DCRS -999.9 0.0 7.0 250.12 250.19 250.06 -1 -0.06 250.41 250.54 250.54 250.65
-28.939899 -51.188499 DCRS-00087 2026-07-20_04:57 16.9 -999.9 -999.9 94.4 -999.9 -999.9 16.0 -999.9 -999.9 975.1 -999.9 -999.9 -999.9 -999.9 3.9 0.0 1.8 7.0 7.0 7.0 7.2 7.4 19.9 16.5 95.5 74.5 24.3 DCRS_-_Antônio_Prado/Flores_da_Cunha_(292_m) -999.9 -999.9 979.1 974.1 975.1 16.1 15.1 0.0 Rio_Grande_do_Sul DCRS -999.9 0.0 7.0 250.16 250.19 250.06 -1 -0.02 250.41 250.54 250.54 250.65
-28.939899 -51.188499 DCRS-00087 2026-07-20_04:58 16.9 -999.9 -999.9 94.5 -999.9 -999.9 16.0 -999.9 -999.9 975.1 -999.9 -999.9 0.0 -999.9 3.9 0.0 1.8 7.0 7.0 7.0 7.2 7.4 19.9 16.5 95.5 74.5 24.3 DCRS_-_Antônio_Prado/Flores_da_Cunha_(292_m) -999.9 -999.9 979.1 974.1 975.1 16.1 15.1 0.0 Rio_Grande_do_Sul DCRS -999.9 0.0 7.0 250.11 250.19 250.06 -1 -0.07 250.41 250.54 250.54 250.65
-28.939899 -51.188499 DCRS-00087 2026-07-20_04:59 16.9 -999.9 -999.9 94.4 -999.9 -999.9 16.0 -999.9 -999.9 975.2 -999.9 -999.9 0.0 -999.9 3.9 0.0 2.2 7.0 7.0 7.0 7.2 7.4 19.9 16.5 95.5 74.5 24.3 DCRS_-_Antônio_Prado/Flores_da_Cunha_(292_m) -999.9 -999.9 979.1 974.1 975.2 16.1 15.1 0.0 Rio_Grande_do_Sul DCRS -999.9 0.2 7.0 250.18 250.19 250.06 -1 0.0 250.41 250.54 250.54 250.65
-28.939899 -51.188499 DCRS-00087 2026-07-20_05:00 16.9 -999.9 -999.9 94.4 -999.9 -999.9 16.0 -999.9 -999.9 975.2 -999.9 -999.9 0.0 -999.9 8.3 0.0 2.2 7.4 7.4 7.4 7.6 7.8 19.9 16.5 95.5 74.5 24.3 DCRS_-_Antônio_Prado/Flores_da_Cunha_(292_m) -999.9 -999.9 979.1 974.1 975.2 16.1 15.1 0.0 Rio_Grande_do_Sul DCRS -999.9 0.0 7.4 250.15 250.19 250.06 -1 -0.03 250.41 250.54 250.54 250.65
-28.939899 -51.188499 DCRS-00087 2026-07-20_05:01 17.0 -999.9 -999.9 94.4 -999.9 -999.9 16.1 -999.9 -999.9 975.3 -999.9 -999.9 0.0 -999.9 8.3 0.0 2.2 7.4 7.4 7.4 7.6 7.8 19.9 16.5 95.5 74.5 24.3 DCRS_-_Antônio_Prado/Flores_da_Cunha_(292_m) -999.9 -999.9 979.1 974.1 975.3 16.1 15.1 0.0 Rio_Grande_do_Sul DCRS -999.9 0.0 7.4 250.15 250.19 250.06 -1 -0.03 250.41 250.54 250.54 250.65
-28.939899 -51.188499 DCRS-00087 2026-07-20_05:02 16.9 -999.9 -999.9 94.4 -999.9 -999.9 16.0 -999.9 -999.9 975.4 -999.9 -999.9 3.1 -999.9 8.3 0.0 2.2 7.4 7.4 7.4 7.6 7.8 19.9 16.5 95.5 74.5 24.3 DCRS_-_Antônio_Prado/Flores_da_Cunha_(292_m) -999.9 -999.9 979.1 974.1 975.4 16.1 15.1 0.0 Rio_Grande_do_Sul DCRS -999.9 0.0 7.4 250.11 250.19 250.06 -1 -0.07 250.41 250.54 250.54 250.65
-28.939899 -51.188499 DCRS-00087 2026-07-20_05:03 16.9 -999.9 -999.9 94.6 -999.9 -999.9 16.0 -999.9 -999.9 975.6 -999.9 -999.9 0.0 -999.9 8.3 0.0 2.2 7.4 7.4 7.4 7.6 7.8 19.9 16.5 95.5 74.5 24.3 DCRS_-_Antônio_Prado/Flores_da_Cunha_(292_m) -999.9 -999.9 979.1 974.1 975.6 16.1 15.1 0.0 Rio_Grande_do_Sul DCRS -999.9 0.0 7.4 250.06 250.19 250.06 -1 -0.13 250.41 250.54 250.54 250.65
-28.939899 -51.188499 DCRS-00087 2026-07-20_05:04 16.9 -999.9 -999.9 94.7 -999.9 -999.9 16.0 -999.9 -999.9 975.3 -999.9 -999.9 3.5 -999.9 8.3 0.0 2.4 7.6 7.6 7.6 7.8 8.0 19.9 16.5 95.5 74.5 24.3 DCRS_-_Antônio_Prado/Flores_da_Cunha_(292_m) -999.9 -999.9 979.1 974.1 975.3 16.1 15.1 0.0 Rio_Grande_do_Sul DCRS -999.9 0.0 7.6 250.16 250.19 250.06 -1 -0.03 250.41 250.54 250.54 250.65
-28.939899 -51.188499 DCRS-00087 2026-07-20_05:05 16.9 -999.9 -999.9 94.7 -999.9 -999.9 16.0 -999.9 -999.9 974.9 -999.9 -999.9 -999.9 -999.9 5.9 0.0 2.4 7.6 7.6 7.6 7.8 8.0 19.9 16.5 95.5 74.5 24.3 DCRS_-_Antônio_Prado/Flores_da_Cunha_(292_m) -999.9 -999.9 979.1 974.1 974.9 16.1 15.1 0.0 Rio_Grande_do_Sul DCRS -999.9 0.0 7.6 250.1 250.19 250.06 -1 -0.08 250.41 250.54 250.54 250.65
-28.939899 -51.188499 DCRS-00087 2026-07-20_05:06 16.9 -999.9 -999.9 94.6 -999.9 -999.9 16.0 -999.9 -999.9 974.6 -999.9 -999.9 -999.9 -999.9 5.9 0.0 2.4 7.6 7.6 7.6 7.8 8.0 19.9 16.5 95.5 74.5 24.3 DCRS_-_Antônio_Prado/Flores_da_Cunha_(292_m) -999.9 -999.9 979.1 974.1 974.6 16.1 15.1 0.0 Rio_Grande_do_Sul DCRS -999.9 0.0 7.6 250.1 250.19 250.06 -1 -0.08 250.41 250.54 250.54 250.65
-28.939899 -51.188499 DCRS-00087 2026-07-20_05:07 16.8 -999.9 -999.9 94.7 -999.9 -999.9 15.9 -999.9 -999.9 974.5 -999.9 -999.9 4.4 -999.9 5.9 0.0 2.4 7.6 7.6 7.6 7.8 8.0 19.9 16.5 95.5 74.5 24.3 DCRS_-_Antônio_Prado/Flores_da_Cunha_(292_m) -999.9 -999.9 979.1 974.1 974.5 16.1 15.1 0.0 Rio_Grande_do_Sul DCRS -999.9 0.0 7.6 250.07 250.19 250.06 -1 -0.11 250.41 250.54 250.54 250.65
-28.939899 -51.188499 DCRS-00087 2026-07-20_05:08 16.8 -999.9 -999.9 95.0 -999.9 -999.9 16.0 -999.9 -999.9 974.4 -999.9 -999.9 0.0 -999.9 5.9 0.0 2.4 7.8 7.8 7.8 8.0 8.2 19.9 16.5 95.5 74.5 24.3 DCRS_-_Antônio_Prado/Flores_da_Cunha_(292_m) -999.9 -999.9 979.1 974.1 974.4 16.1 15.1 0.0 Rio_Grande_do_Sul DCRS -999.9 0.0 7.8 250.14 250.19 250.06 -1 -0.04 250.41 250.54 250.54 250.65
-28.939899 -51.188499 DCRS-00087 2026-07-20_05:09 16.8 -999.9 -999.9 95.1 -999.9 -999.9 16.0 -999.9 -999.9 974.3 -999.9 -999.9 0.0 -999.9 5.9 0.0 5.4 7.8 7.8 7.8 8.0 8.2 19.9 16.5 95.5 74.5 24.3 DCRS_-_Antônio_Prado/Flores_da_Cunha_(292_m) -999.9 -999.9 979.1 974.1 974.3 16.1 15.1 0.0 Rio_Grande_do_Sul DCRS -999.9 2.8 7.8 250.14 250.19 250.06 -1 -0.04 250.41 250.54 250.54 250.65
-28.939899 -51.188499 DCRS-00087 2026-07-20_05:10 16.9 -999.9 -999.9 95.2 -999.9 -999.9 16.1 -999.9 -999.9 974.2 -999.9 -999.9 2.7 -999.9 9.1 0.0 5.4 7.8 7.8 7.8 8.0 8.2 19.9 16.5 95.5 74.5 24.3 DCRS_-_Antônio_Prado/Flores_da_Cunha_(292_m) -999.9 -999.9 979.1 974.1 974.2 16.1 15.1 0.0 Rio_Grande_do_Sul DCRS -999.9 0.0 7.8 250.12 250.19 250.06 -1 -0.06 250.41 250.54 250.54 250.65
-28.939899 -51.188499 DCRS-00087 2026-07-20_05:11 16.8 -999.9 -999.9 95.2 -999.9 -999.9 16.0 -999.9 -999.9 974.1 -999.9 -999.9 0.0 -999.9 9.1 0.0 5.4 7.8 7.8 7.8 8.0 8.2 19.9 16.5 95.5 74.5 24.3 DCRS_-_Antônio_Prado/Flores_da_Cunha_(292_m) -999.9 -999.9 979.1 974.1 974.1 16.1 15.1 0.0 Rio_Grande_do_Sul DCRS -999.9 0.0 7.8 250.05 250.19 250.05 -1 -0.13 250.41 250.54 250.54 250.65
-28.939899 -51.188499 DCRS-00087 2026-07-20_05:12 16.9 -999.9 -999.9 95.3 -999.9 -999.9 16.1 -999.9 -999.9 974.3 -999.9 -999.9 1.8 -999.9 9.1 0.0 5.4 10.8 10.8 10.8 11.0 11.2 19.9 16.5 95.5 74.5 24.3 DCRS_-_Antônio_Prado/Flores_da_Cunha_(292_m) -999.9 -999.9 979.1 974.1 974.3 16.1 15.1 0.0 Rio_Grande_do_Sul DCRS -999.9 0.0 10.8 250.1 250.19 250.05 -1 -0.08 250.41 250.54 250.54 250.65
-28.939899 -51.188499 DCRS-00087 2026-07-20_05:13 16.9 -999.9 -999.9 95.3 -999.9 -999.9 16.1 -999.9 -999.9 974.5 -999.9 -999.9 3.0 -999.9 9.1 0.0 5.4 10.8 10.8 10.8 11.0 11.2 19.9 16.5 95.5 74.5 24.3 DCRS_-_Antônio_Prado/Flores_da_Cunha_(292_m) -999.9 -999.9 979.1 974.1 974.5 16.1 15.1 0.0 Rio_Grande_do_Sul DCRS -999.9 0.0 10.8 250.14 250.19 250.05 -1 -0.04 250.41 250.54 250.54 250.65
-28.939899 -51.188499 DCRS-00087 2026-07-20_05:14 16.9 -999.9 -999.9 95.3 -999.9 -999.9 16.1 -999.9 -999.9 974.7 -999.9 -999.9 1.8 -999.9 9.1 0.0 9.2 10.8 10.8 10.8 11.0 11.2 19.9 16.5 95.5 74.5 24.3 DCRS_-_Antônio_Prado/Flores_da_Cunha_(292_m) -999.9 -999.9 979.1 974.1 974.7 16.1 15.1 0.0 Rio_Grande_do_Sul DCRS -999.9 0.8 10.8 250.16 250.19 250.05 -1 -0.02 250.41 250.54 250.54 250.65
-28.939899 -51.188499 DCRS-00087 2026-07-20_05:15 16.9 -999.9 -999.9 95.3 -999.9 -999.9 -999.9 -999.9 -999.9 974.8 -999.9 -999.9 0.0 -999.9 4.3 0.0 9.2 10.8 10.8 10.8 11.0 11.2 19.9 16.5 95.5 74.5 24.3 DCRS_-_Antônio_Prado/Flores_da_Cunha_(292_m) -999.9 -999.9 979.1 974.1 974.8 16.1 15.1 0.0 Rio_Grande_do_Sul DCRS -999.9 0.0 10.8 250.16 250.19 250.05 -1 -0.02 250.41 250.54 250.54 250.65
-28.939899 -51.188499 DCRS-00087 2026-07-20_05:16 16.8 -999.9 -999.9 95.4 -999.9 -999.9 16.1 -999.9 -999.9 974.8 -999.9 -999.9 0.0 -999.9 4.3 0.0 9.2 14.6 14.6 14.6 14.8 15.0 19.9 16.5 95.5 74.5 24.3 DCRS_-_Antônio_Prado/Flores_da_Cunha_(292_m) -999.9 -999.9 979.1 974.1 974.8 16.1 15.1 0.0 Rio_Grande_do_Sul DCRS -999.9 0.0 14.6 250.18 250.19 250.05 -1 0.04 250.41 250.54 250.54 250.65
-28.939899 -51.188499 DCRS-00087 2026-07-20_05:17 16.9 -999.9 -999.9 95.4 -999.9 -999.9 16.2 -999.9 -999.9 974.7 -999.9 -999.9 -999.9 -999.9 4.3 0.0 9.2 14.6 14.6 14.6 14.8 15.0 19.9 16.5 95.5 74.5 24.3 DCRS_-_Antônio_Prado/Flores_da_Cunha_(292_m) -999.9 -999.9 979.1 974.1 974.7 16.2 15.1 0.0 Rio_Grande_do_Sul DCRS -999.9 0.0 14.6 250.16 250.19 250.05 -1 0.04 250.41 250.54 250.54 250.65
-28.939899 -51.188499 DCRS-00087 2026-07-20_05:18 16.8 -999.9 -999.9 95.5 -999.9 -999.9 16.1 -999.9 -999.9 974.6 -999.9 -999.9 -999.9 -999.9 4.3 0.0 9.2 14.6 14.6 14.6 14.8 15.0 19.9 16.5 95.5 74.5 24.3 DCRS_-_Antônio_Prado/Flores_da_Cunha_(292_m) -999.9 -999.9 979.1 974.1 974.6 16.2 15.1 0.0 Rio_Grande_do_Sul DCRS -999.9 0.0 14.6 250.15 250.19 250.05 -1 0.03 250.41 250.54 250.54 250.65
-28.939899 -51.188499 DCRS-00087 2026-07-20_05:19 16.8 -999.9 -999.9 95.5 -999.9 -999.9 16.1 -999.9 -999.9 974.5 -999.9 -999.9 0.0 -999.9 4.3 0.0 9.4 14.6 14.6 14.6 14.8 15.0 19.9 16.5 95.5 74.5 24.3 DCRS_-_Antônio_Prado/Flores_da_Cunha_(292_m) -999.9 -999.9 979.1 974.1 974.5 16.2 15.1 0.0 Rio_Grande_do_Sul DCRS -999.9 0.0 14.6 250.17 250.19 250.05 -1 0.0 250.41 250.54 250.54 250.65
-28.939899 -51.188499 DCRS-00087 2026-07-20_05:20 16.9 -999.9 -999.9 95.6 -999.9 -999.9 16.2 -999.9 -999.9 974.4 -999.9 -999.9 0.0 -999.9 5.3 0.0 9.4 14.8 14.8 14.8 15.0 15.2 19.9 16.5 95.6 74.5 24.3 DCRS_-_Antônio_Prado/Flores_da_Cunha_(292_m) -999.9 -999.9 979.1 974.1 974.4 16.2 15.1 0.0 Rio_Grande_do_Sul DCRS -999.9 0.0 14.8 250.17 250.19 250.05 -1 0.0 250.41 250.54 250.54 250.65
-28.939899 -51.188499 DCRS-00087 2026-07-20_05:21 16.9 -999.9 -999.9 95.7 -999.9 -999.9 16.2 -999.9 -999.9 974.3 -999.9 -999.9 0.0 -999.9 5.3 0.0 9.4 14.8 14.8 14.8 15.0 15.2 19.9 16.5 95.7 74.5 24.3 DCRS_-_Antônio_Prado/Flores_da_Cunha_(292_m) -999.9 -999.9 979.1 974.1 974.3 16.2 15.1 0.0 Rio_Grande_do_Sul DCRS -999.9 0.0 14.8 250.17 250.19 250.05 -1 0.01 250.41 250.54 250.54 250.65
-28.939899 -51.188499 DCRS-00087 2026-07-20_05:23 16.9 -999.9 -999.9 95.7 -999.9 -999.9 16.2 -999.9 -999.9 974.1 -999.9 -999.9 3.4 -999.9 5.3 0.0 9.4 14.8 14.8 14.8 15.0 15.2 19.9 16.5 95.7 74.5 24.3 DCRS_-_Antônio_Prado/Flores_da_Cunha_(292_m) -999.9 -999.9 979.1 974.1 974.1 16.2 15.1 0.0 Rio_Grande_do_Sul DCRS -999.9 0.0 14.8 250.16 250.19 250.05 -1 -0.01 250.41 250.54 250.54 250.65
-28.939899 -51.188499 DCRS-00087 2026-07-20_05:24 16.9 -999.9 -999.9 95.8 -999.9 -999.9 16.2 -999.9 -999.9 974.0 -999.9 -999.9 0.0 -999.9 5.3 0.0 9.2 14.8 14.8 14.8 15.0 15.2 19.9 16.5 95.8 74.5 24.3 DCRS_-_Antônio_Prado/Flores_da_Cunha_(292_m) -999.9 -999.9 979.1 974.0 974.0 16.2 15.1 0.0 Rio_Grande_do_Sul DCRS -999.9 0.0 14.8 250.11 250.19 250.05 -1 -0.04 250.41 250.54 250.54 250.65
-28.939899 -51.188499 DCRS-00087 2026-07-20_05:25 16.9 -999.9 -999.9 95.7 -999.9 -999.9 16.2 -999.9 -999.9 974.0 -999.9 -999.9 0.0 -999.9 3.5 0.0 9.2 14.8 14.8 14.8 15.0 15.2 19.9 16.5 95.8 74.5 24.3 DCRS_-_Antônio_Prado/Flores_da_Cunha_(292_m) -999.9 -999.9 979.1 974.0 974.0 16.2 15.1 0.0 Rio_Grande_do_Sul DCRS -999.9 0.0 14.8 250.1 250.19 250.05 -1 -0.08 250.41 250.54 250.54 250.65
-28.939899 -51.188499 DCRS-00087 2026-07-20_05:26 16.9 -999.9 -999.9 95.7 -999.9 -999.9 16.2 -999.9 -999.9 973.9 -999.9 -999.9 2.3 -999.9 3.5 0.0 9.2 14.8 14.8 14.8 15.0 15.2 19.9 16.5 95.8 74.5 24.3 DCRS_-_Antônio_Prado/Flores_da_Cunha_(292_m) -999.9 -999.9 979.1 973.9 973.9 16.2 15.1 0.0 Rio_Grande_do_Sul DCRS -999.9 0.0 14.8 250.14 250.19 250.05 -1 -0.04 250.41 250.54 250.54 250.65
-28.939899 -51.188499 DCRS-00087 2026-07-20_05:27 17.0 -999.9 -999.9 95.8 -999.9 -999.9 16.3 -999.9 -999.9 973.8 -999.9 -999.9 0.0 -999.9 3.5 0.0 9.2 14.8 14.8 14.8 15.0 15.2 19.9 16.5 95.8 74.5 24.3 DCRS_-_Antônio_Prado/Flores_da_Cunha_(292_m) -999.9 -999.9 979.1 973.8 973.8 16.3 15.1 0.0 Rio_Grande_do_Sul DCRS -999.9 0.0 14.8 250.18 250.19 250.05 0 0.01 250.41 250.54 250.54 250.65
-28.939899 -51.188499 DCRS-00087 2026-07-20_05:28 16.9 -999.9 -999.9 95.7 -999.9 -999.9 16.2 -999.9 -999.9 973.8 -999.9 -999.9 0.0 -999.9 3.5 0.0 9.2 14.8 14.8 14.8 15.0 15.2 19.9 16.5 95.8 74.5 24.3 DCRS_-_Antônio_Prado/Flores_da_Cunha_(292_m) -999.9 -999.9 979.1 973.8 973.8 16.3 15.1 0.0 Rio_Grande_do_Sul DCRS -999.9 0.0 14.8 250.12 250.19 250.05 0 -0.01 250.41 250.54 250.54 250.65
-28.939899 -51.188499 DCRS-00087 2026-07-20_05:29 16.9 -999.9 -999.9 95.6 -999.9 -999.9 16.2 -999.9 -999.9 973.9 -999.9 -999.9 0.0 -999.9 3.5 0.0 10.0 14.8 14.8 14.8 15.0 15.2 19.9 16.5 95.8 74.5 24.3 DCRS_-_Antônio_Prado/Flores_da_Cunha_(292_m) -999.9 -999.9 979.1 973.8 973.9 16.3 15.1 0.0 Rio_Grande_do_Sul DCRS -999.9 1.0 14.8 250.07 250.19 250.05 0 -0.08 250.41 250.54 250.54 250.65
-28.939899 -51.188499 DCRS-00087 2026-07-20_05:30 16.9 -999.9 -999.9 95.5 -999.9 -999.9 16.2 -999.9 -999.9 974.1 -999.9 -999.9 0.0 -999.9 2.5 0.0 10.0 14.8 14.8 14.8 15.0 15.2 19.9 16.5 95.8 74.5 24.3 DCRS_-_Antônio_Prado/Flores_da_Cunha_(292_m) -999.9 -999.9 979.1 973.8 974.1 16.3 15.1 0.0 Rio_Grande_do_Sul DCRS -999.9 0.0 14.8 250.18 250.19 250.05 0 0.07 250.41 250.54 250.54 250.65
-28.939899 -51.188499 DCRS-00087 2026-07-20_05:31 16.9 -999.9 -999.9 95.5 -999.9 -999.9 16.2 -999.9 -999.9 974.4 -999.9 -999.9 -999.9 -999.9 2.5 0.0 10.0 14.8 14.8 14.8 15.0 15.2 19.9 16.5 95.8 74.5 24.3 DCRS_-_Antônio_Prado/Flores_da_Cunha_(292_m) -999.9 -999.9 979.1 973.8 974.4 16.3 15.1 0.0 Rio_Grande_do_Sul DCRS -999.9 0.0 14.8 250.18 250.19 250.05 0 0.06 250.41 250.54 250.54 250.65
-28.939899 -51.188499 DCRS-00087 2026-07-20_05:32 16.9 -999.9 -999.9 95.7 -999.9 -999.9 16.2 -999.9 -999.9 974.8 -999.9 -999.9 0.0 -999.9 2.5 0.0 10.0 15.8 15.8 15.8 16.0 16.2 19.9 16.5 95.8 74.5 24.3 DCRS_-_Antônio_Prado/Flores_da_Cunha_(292_m) -999.9 -999.9 979.1 973.8 974.8 16.3 15.1 0.0 Rio_Grande_do_Sul DCRS -999.9 0.0 15.8 250.18 250.19 250.05 0 0.06 250.41 250.54 250.54 250.65
-28.939899 -51.188499 DCRS-00087 2026-07-20_05:33 16.9 -999.9 -999.9 95.9 -999.9 -999.9 16.2 -999.9 -999.9 975.2 -999.9 -999.9 -999.9 -999.9 2.5 0.0 10.0 15.8 15.8 15.8 16.0 16.2 19.9 16.5 95.9 74.5 24.3 DCRS_-_Antônio_Prado/Flores_da_Cunha_(292_m) -999.9 -999.9 979.1 973.8 975.2 16.3 15.1 0.0 Rio_Grande_do_Sul DCRS -999.9 0.0 15.8 250.17 250.19 250.05 0 0.02 250.41 250.54 250.54 250.65
-28.939899 -51.188499 DCRS-00087 2026-07-20_05:34 17.0 -999.9 -999.9 95.9 -999.9 -999.9 16.3 -999.9 -999.9 975.4 -999.9 -999.9 -999.9 -999.9 2.5 0.0 10.2 15.8 15.8 15.8 16.0 16.2 19.9 16.5 95.9 74.5 24.3 DCRS_-_Antônio_Prado/Flores_da_Cunha_(292_m) -999.9 -999.9 979.1 973.8 975.4 16.3 15.1 0.0 Rio_Grande_do_Sul DCRS -999.9 0.0 15.8 250.16 250.19 250.05 0 0.02 250.41 250.54 250.54 250.65
-28.939899 -51.188499 DCRS-00087 2026-07-20_05:35 17.1 -999.9 -999.9 95.8 -999.9 -999.9 16.4 -999.9 -999.9 975.5 -999.9 -999.9 4.4 -999.9 12.7 0.0 10.2 15.8 15.8 15.8 16.0 16.2 19.9 16.5 95.9 74.5 24.3 DCRS_-_Antônio_Prado/Flores_da_Cunha_(292_m) -999.9 -999.9 979.1 973.8 975.5 16.4 15.1 0.0 Rio_Grande_do_Sul DCRS -999.9 0.0 15.8 250.17 250.19 250.05 0 0.03 250.41 250.54 250.54 250.65
-28.939899 -51.188499 DCRS-00087 2026-07-20_05:36 17.1 -999.9 -999.9 95.6 -999.9 -999.9 16.4 -999.9 -999.9 975.5 -999.9 -999.9 7.1 -999.9 12.7 0.0 10.2 16.2 16.2 16.2 16.4 16.6 19.9 16.5 95.9 74.5 24.3 DCRS_-_Antônio_Prado/Flores_da_Cunha_(292_m) -999.9 -999.9 979.1 973.8 975.5 16.4 15.1 0.0 Rio_Grande_do_Sul DCRS -999.9 0.0 16.2 250.1 250.19 250.05 0 -0.05 250.41 250.54 250.54 250.65
-28.939899 -51.188499 DCRS-00087 2026-07-20_05:37 17.2 -999.9 -999.9 95.5 -999.9 -999.9 16.5 -999.9 -999.9 975.5 -999.9 -999.9 5.4 -999.9 12.7 0.0 10.2 16.2 16.2 16.2 16.4 16.6 19.9 16.5 95.9 74.5 24.3 DCRS_-_Antônio_Prado/Flores_da_Cunha_(292_m) -999.9 -999.9 979.1 973.8 975.5 16.5 15.1 0.0 Rio_Grande_do_Sul DCRS -999.9 0.0 16.2 250.16 250.19 250.05 0 0.02 250.41 250.54 250.54 250.65
-28.939899 -51.188499 DCRS-00087 2026-07-20_05:38 17.2 -999.9 -999.9 95.3 -999.9 -999.9 16.4 -999.9 -999.9 975.5 -999.9 -999.9 2.0 -999.9 12.7 0.0 10.2 16.2 16.2 16.2 16.4 16.6 19.9 16.5 95.9 74.5 24.3 DCRS_-_Antônio_Prado/Flores_da_Cunha_(292_m) -999.9 -999.9 979.1 973.8 975.5 16.5 15.1 0.0 Rio_Grande_do_Sul DCRS -999.9 0.0 16.2 250.14 250.19 250.05 0 0.0 250.41 250.54 250.54 250.65
-28.939899 -51.188499 DCRS-00087 2026-07-20_05:39 17.3 -999.9 -999.9 95.1 -999.9 -999.9 16.5 -999.9 -999.9 975.4 -999.9 -999.9 0.0 -999.9 12.7 0.0 9.6 16.2 16.2 16.2 16.4 16.6 19.9 16.5 95.9 74.5 24.3 DCRS_-_Antônio_Prado/Flores_da_Cunha_(292_m) -999.9 -999.9 979.1 973.8 975.4 16.5 15.1 0.0 Rio_Grande_do_Sul DCRS -999.9 0.0 16.2 250.17 250.19 250.05 0 0.01 250.41 250.54 250.54 250.65
-28.939899 -51.188499 DCRS-00087 2026-07-20_05:40 17.4 -999.9 -999.9 94.7 -999.9 -999.9 16.5 -999.9 -999.9 975.4 -999.9 -999.9 0.0 -999.9 9.5 0.0 9.6 16.2 16.2 16.2 16.4 16.6 19.9 16.5 95.9 74.5 24.3 DCRS_-_Antônio_Prado/Flores_da_Cunha_(292_m) -999.9 -999.9 979.1 973.8 975.4 16.5 15.1 0.0 Rio_Grande_do_Sul DCRS -999.9 0.0 16.2 250.17 250.19 250.05 0 0.02 250.41 250.54 250.54 250.65
-28.939899 -51.188499 DCRS-00087 2026-07-20_05:41 17.3 -999.9 -999.9 94.5 -999.9 -999.9 16.4 -999.9 -999.9 975.3 -999.9 -999.9 5.2 -999.9 9.5 0.0 9.6 16.2 16.2 16.2 16.4 16.6 19.9 16.5 95.9 74.5 24.3 DCRS_-_Antônio_Prado/Flores_da_Cunha_(292_m) -999.9 -999.9 979.1 973.8 975.3 16.5 15.1 0.0 Rio_Grande_do_Sul DCRS -999.9 0.0 16.2 250.14 250.19 250.05 0 -0.01 250.41 250.54 250.54 250.65
-28.939899 -51.188499 DCRS-00087 2026-07-20_05:42 17.4 -999.9 -999.9 94.4 -999.9 -999.9 16.5 -999.9 -999.9 975.2 -999.9 -999.9 0.0 -999.9 9.5 0.0 9.6 16.2 16.2 16.2 16.4 16.6 19.9 16.5 95.9 74.5 24.3 DCRS_-_Antônio_Prado/Flores_da_Cunha_(292_m) -999.9 -999.9 979.1 973.8 975.2 16.5 15.1 0.0 Rio_Grande_do_Sul DCRS -999.9 0.0 16.2 250.17 250.19 250.05 1 0.04 250.41 250.54 250.54 250.65
-28.939899 -51.188499 DCRS-00087 2026-07-20_05:43 17.3 -999.9 -999.9 94.2 -999.9 -999.9 16.4 -999.9 -999.9 975.1 -999.9 -999.9 2.4 -999.9 9.5 0.0 9.6 16.2 16.2 16.2 16.4 16.6 19.9 16.5 95.9 74.5 24.3 DCRS_-_Antônio_Prado/Flores_da_Cunha_(292_m) -999.9 -999.9 979.1 973.8 975.1 16.5 15.1 0.0 Rio_Grande_do_Sul DCRS -999.9 0.0 16.2 250.1 250.19 250.05 1 -0.03 250.41 250.54 250.54 250.65
-28.939899 -51.188499 DCRS-00087 2026-07-20_05:44 17.4 -999.9 -999.9 94.1 -999.9 -999.9 16.4 -999.9 -999.9 975.1 -999.9 -999.9 0.0 -999.9 9.5 0.0 10.0 16.8 16.8 16.8 17.0 17.2 19.9 16.5 95.9 74.5 24.3 DCRS_-_Antônio_Prado/Flores_da_Cunha_(292_m) -999.9 -999.9 979.1 973.8 975.1 16.5 15.1 0.0 Rio_Grande_do_Sul DCRS -999.9 0.6 16.8 250.09 250.19 250.05 0 -0.06 250.41 250.54 250.54 250.65
-28.939899 -51.188499 DCRS-00087 2026-07-20_05:45 17.4 -999.9 -999.9 94.1 -999.9 -999.9 16.4 -999.9 -999.9 975.2 -999.9 -999.9 3.8 -999.9 5.3 0.0 10.0 16.8 16.8 16.8 17.0 17.2 19.9 16.5 95.9 74.5 24.3 DCRS_-_Antônio_Prado/Flores_da_Cunha_(292_m) -999.9 -999.9 979.1 973.8 975.2 16.5 15.1 0.0 Rio_Grande_do_Sul DCRS -999.9 0.0 16.8 250.08 250.19 250.05 0 -0.09 250.41 250.54 250.54 250.65
-28.939899 -51.188499 DCRS-00087 2026-07-20_05:46 17.3 -999.9 -999.9 94.1 -999.9 -999.9 16.3 -999.9 -999.9 975.2 -999.9 -999.9 2.0 -999.9 5.3 0.0 10.0 16.8 16.8 16.8 17.0 17.2 19.9 16.5 95.9 74.5 24.3 DCRS_-_Antônio_Prado/Flores_da_Cunha_(292_m) -999.9 -999.9 979.1 973.8 975.2 16.5 15.1 0.0 Rio_Grande_do_Sul DCRS -999.9 0.0 16.8 250.09 250.19 250.05 0 -0.08 250.41 250.54 250.54 250.65
-28.939899 -51.188499 DCRS-00087 2026-07-20_05:47 17.3 -999.9 -999.9 94.2 -999.9 -999.9 16.4 -999.9 -999.9 975.2 -999.9 -999.9 -999.9 -999.9 5.3 0.0 10.0 16.8 16.8 16.8 17.0 17.2 19.9 16.5 95.9 74.5 24.3 DCRS_-_Antônio_Prado/Flores_da_Cunha_(292_m) -999.9 -999.9 979.1 973.8 975.2 16.5 15.1 0.0 Rio_Grande_do_Sul DCRS -999.9 0.0 16.8 250.09 250.19 250.05 0 -0.07 250.41 250.54 250.54 250.65
-28.939899 -51.188499 DCRS-00087 2026-07-20_05:48 17.3 -999.9 -999.9 94.3 -999.9 -999.9 16.4 -999.9 -999.9 975.1 -999.9 -999.9 -999.9 -999.9 5.3 0.0 10.0 17.4 17.4 17.4 17.6 17.8 19.9 16.5 95.9 74.5 24.3 DCRS_-_Antônio_Prado/Flores_da_Cunha_(292_m) -999.9 -999.9 979.1 973.8 975.1 16.5 15.1 0.0 Rio_Grande_do_Sul DCRS -999.9 0.0 17.4 250.09 250.19 250.05 -1 -0.09 250.41 250.54 250.54 250.65
-28.939899 -51.188499 DCRS-00087 2026-07-20_05:49 17.2 -999.9 -999.9 94.4 -999.9 -999.9 16.3 -999.9 -999.9 975.0 -999.9 -999.9 0.0 -999.9 5.3 0.0 10.8 17.4 17.4 17.4 17.6 17.8 19.9 16.5 95.9 74.5 24.3 DCRS_-_Antônio_Prado/Flores_da_Cunha_(292_m) -999.9 -999.9 979.1 973.8 975.0 16.5 15.1 0.0 Rio_Grande_do_Sul DCRS -999.9 0.4 17.4 249.99 250.19 249.99 -1 -0.19 250.41 250.54 250.54 250.65
-28.939899 -51.188499 DCRS-00087 2026-07-20_05:50 17.3 -999.9 -999.9 94.6 -999.9 -999.9 16.4 -999.9 -999.9 974.9 -999.9 -999.9 2.3 -999.9 11.3 0.0 10.8 17.4 17.4 17.4 17.6 17.8 19.9 16.5 95.9 74.5 24.3 DCRS_-_Antônio_Prado/Flores_da_Cunha_(292_m) -999.9 -999.9 979.1 973.8 974.9 16.5 15.1 0.0 Rio_Grande_do_Sul DCRS -999.9 0.0 17.4 250.01 250.19 249.99 -1 -0.13 250.41 250.54 250.54 250.65
-28.939899 -51.188499 DCRS-00087 2026-07-20_05:51 17.2 -999.9 -999.9 94.5 -999.9 -999.9 16.3 -999.9 -999.9 974.8 -999.9 -999.9 3.2 -999.9 11.3 0.0 10.8 17.4 17.4 17.4 17.6 17.8 19.9 16.5 95.9 74.5 24.3 DCRS_-_Antônio_Prado/Flores_da_Cunha_(292_m) -999.9 -999.9 979.1 973.8 974.8 16.5 15.1 0.0 Rio_Grande_do_Sul DCRS -999.9 0.0 17.4 250.05 250.19 249.99 -1 -0.12 250.41 250.54 250.54 250.65
-28.939899 -51.188499 DCRS-00087 2026-07-20_05:52 17.3 -999.9 -999.9 94.6 -999.9 -999.9 16.4 -999.9 -999.9 974.7 -999.9 -999.9 3.2 -999.9 11.3 0.0 10.8 18.4 18.4 18.4 18.6 18.8 19.9 16.5 95.9 74.5 24.3 DCRS_-_Antônio_Prado/Flores_da_Cunha_(292_m) -999.9 -999.9 979.1 973.8 974.7 16.5 15.1 0.0 Rio_Grande_do_Sul DCRS -999.9 0.0 18.4 250.16 250.19 249.99 -1 0.04 250.41 250.54 250.54 250.65
-28.939899 -51.188499 DCRS-00087 2026-07-20_05:53 17.2 -999.9 -999.9 94.5 -999.9 -999.9 16.3 -999.9 -999.9 974.6 -999.9 -999.9 5.6 -999.9 11.3 0.0 10.8 18.4 18.4 18.4 18.6 18.8 19.9 16.5 95.9 74.5 24.3 DCRS_-_Antônio_Prado/Flores_da_Cunha_(292_m) -999.9 -999.9 979.1 973.8 974.6 16.5 15.1 0.0 Rio_Grande_do_Sul DCRS -999.9 0.0 18.4 250.16 250.19 249.99 -1 0.02 250.41 250.54 250.54 250.65
-28.939899 -51.188499 DCRS-00087 2026-07-20_05:54 17.3 -999.9 -999.9 94.6 -999.9 -999.9 16.4 -999.9 -999.9 974.6 -999.9 -999.9 5.4 -999.9 11.3 0.0 12.8 18.4 18.4 18.4 18.6 18.8 19.9 16.5 95.9 74.5 24.3 DCRS_-_Antônio_Prado/Flores_da_Cunha_(292_m) -999.9 -999.9 979.1 973.8 974.6 16.5 15.1 0.0 Rio_Grande_do_Sul DCRS -999.9 1.2 18.4 250.14 250.19 249.99 -1 -0.02 250.41 250.54 250.54 250.65
-28.939899 -51.188499 DCRS-00087 2026-07-20_05:55 17.3 -999.9 -999.9 94.5 -999.9 -999.9 16.4 -999.9 -999.9 974.7 -999.9 -999.9 4.5 -999.9 7.6 0.0 12.8 18.4 18.4 18.4 18.6 18.8 19.9 16.5 95.9 74.5 24.3 DCRS_-_Antônio_Prado/Flores_da_Cunha_(292_m) -999.9 -999.9 979.1 973.8 974.7 16.5 15.1 0.0 Rio_Grande_do_Sul DCRS -999.9 0.0 18.4 250.15 250.19 249.99 -1 0.03 250.41 250.54 250.54 250.65
-28.939899 -51.188499 DCRS-00087 2026-07-20_05:56 17.3 -999.9 -999.9 94.5 -999.9 -999.9 16.4 -999.9 -999.9 974.8 -999.9 -999.9 6.6 -999.9 7.6 0.0 12.8 20.6 20.6 20.6 20.8 21.0 19.9 16.5 95.9 74.5 24.3 DCRS_-_Antônio_Prado/Flores_da_Cunha_(292_m) -999.9 -999.9 979.1 973.8 974.8 16.5 15.1 0.0 Rio_Grande_do_Sul DCRS -999.9 0.0 20.6 250.17 250.19 249.99 -1 0.01 250.41 250.54 250.54 250.65
-28.939899 -51.188499 DCRS-00087 2026-07-20_05:57 17.2 -999.9 -999.9 94.4 -999.9 -999.9 16.3 -999.9 -999.9 974.9 -999.9 -999.9 -999.9 -999.9 7.6 0.0 12.8 20.6 20.6 20.6 20.8 21.0 19.9 16.5 95.9 74.5 24.3 DCRS_-_Antônio_Prado/Flores_da_Cunha_(292_m) -999.9 -999.9 979.1 973.8 974.9 16.5 15.1 0.0 Rio_Grande_do_Sul DCRS -999.9 0.0 20.6 250.17 250.19 249.99 -1 0.06 250.41 250.54 250.54 250.65
-28.939899 -51.188499 DCRS-00087 2026-07-20_05:58 17.2 -999.9 -999.9 94.5 -999.9 -999.9 16.3 -999.9 -999.9 975.0 -999.9 -999.9 -999.9 -999.9 7.6 0.0 12.8 20.6 20.6 20.6 20.8 21.0 19.9 16.5 95.9 74.5 24.3 DCRS_-_Antônio_Prado/Flores_da_Cunha_(292_m) -999.9 -999.9 979.1 973.8 975.0 16.5 15.1 0.0 Rio_Grande_do_Sul DCRS -999.9 0.0 20.6 250.18 250.19 249.99 -1 0.0 250.41 250.54 250.54 250.65
-28.939899 -51.188499 DCRS-00087 2026-07-20_05:59 17.3 -999.9 -999.9 94.3 -999.9 -999.9 16.4 -999.9 -999.9 975.2 -999.9 -999.9 2.3 -999.9 7.6 0.0 13.6 20.6 20.6 20.6 20.8 21.0 19.9 16.5 95.9 74.5 24.3 DCRS_-_Antônio_Prado/Flores_da_Cunha_(292_m) -999.9 -999.9 979.1 973.8 975.2 16.5 15.1 0.0 Rio_Grande_do_Sul DCRS -999.9 0.0 20.6 250.18 250.19 249.99 0 0.03 250.41 250.54 250.54 250.65
-28.939899 -51.188499 DCRS-00087 2026-07-20_06:00 17.3 -999.9 -999.9 94.3 -999.9 -999.9 16.4 -999.9 -999.9 975.3 -999.9 -999.9 12.8 -999.9 13.2 0.0 13.6 21.8 21.8 21.8 22.0 22.2 19.9 16.5 95.9 74.5 24.3 DCRS_-_Antônio_Prado/Flores_da_Cunha_(292_m) -999.9 -999.9 979.1 973.8 975.3 16.5 15.1 0.0 Rio_Grande_do_Sul DCRS -999.9 0.0 21.8 250.21 250.21 249.99 0 0.06 250.41 250.54 250.54 250.65
-28.939899 -51.188499 DCRS-00087 2026-07-20_06:01 17.3 -999.9 -999.9 94.3 -999.9 -999.9 16.4 -999.9 -999.9 975.4 -999.9 -999.9 4.0 -999.9 13.2 0.0 13.6 21.8 21.8 21.8 22.0 22.2 19.9 16.5 95.9 74.5 24.3 DCRS_-_Antônio_Prado/Flores_da_Cunha_(292_m) -999.9 -999.9 979.1 973.8 975.4 16.5 15.1 0.0 Rio_Grande_do_Sul DCRS -999.9 0.0 21.8 250.2 250.21 249.99 0 0.05 250.41 250.54 250.54 250.65
-28.939899 -51.188499 DCRS-00087 2026-07-20_06:02 17.3 -999.9 -999.9 94.4 -999.9 -999.9 16.4 -999.9 -999.9 975.6 -999.9 -999.9 8.6 -999.9 13.2 0.0 13.6 21.8 21.8 21.8 22.0 22.2 19.9 16.5 95.9 74.5 24.3 DCRS_-_Antônio_Prado/Flores_da_Cunha_(292_m) -999.9 -999.9 979.1 973.8 975.6 16.5 15.1 0.0 Rio_Grande_do_Sul DCRS -999.9 0.0 21.8 250.18 250.21 249.99 1 0.12 250.41 250.54 250.54 250.65
-28.939899 -51.188499 DCRS-00087 2026-07-20_06:03 17.4 -999.9 -999.9 94.5 -999.9 -999.9 16.5 -999.9 -999.9 975.8 -999.9 -999.9 7.5 -999.9 13.2 0.0 13.6 21.8 21.8 21.8 22.0 22.2 19.9 16.5 95.9 74.5 24.3 DCRS_-_Antônio_Prado/Flores_da_Cunha_(292_m) -999.9 -999.9 979.1 973.8 975.8 16.5 15.1 0.0 Rio_Grande_do_Sul DCRS -999.9 0.0 21.8 250.17 250.21 249.99 1 0.11 250.41 250.54 250.54 250.65
-28.939899 -51.188499 DCRS-00087 2026-07-20_06:04 17.4 -999.9 -999.9 94.5 -999.9 -999.9 16.5 -999.9 -999.9 975.9 -999.9 -999.9 6.2 -999.9 13.2 0.0 13.6 22.0 22.0 22.0 22.2 22.4 19.9 16.5 95.9 74.5 24.3 DCRS_-_Antônio_Prado/Flores_da_Cunha_(292_m) -999.9 -999.9 979.1 973.8 975.9 16.5 15.1 0.0 Rio_Grande_do_Sul DCRS -999.9 0.0 22.0 250.18 250.21 249.99 1 0.02 250.41 250.54 250.54 250.65
-28.939899 -51.188499 DCRS-00087 2026-07-20_06:05 17.4 -999.9 -999.9 94.3 -999.9 -999.9 16.5 -999.9 -999.9 975.8 -999.9 -999.9 6.6 -999.9 14.5 0.0 13.6 22.0 22.0 22.0 22.2 22.4 19.9 16.5 95.9 74.5 24.3 DCRS_-_Antônio_Prado/Flores_da_Cunha_(292_m) -999.9 -999.9 979.1 973.8 975.8 16.5 15.1 0.0 Rio_Grande_do_Sul DCRS -999.9 0.0 22.0 250.14 250.21 249.99 1 0.04 250.41 250.54 250.54 250.65
-28.939899 -51.188499 DCRS-00087 2026-07-20_06:06 17.5 -999.9 -999.9 94.0 -999.9 -999.9 16.5 -999.9 -999.9 975.6 -999.9 -999.9 6.5 -999.9 14.5 0.0 13.6 22.0 22.0 22.0 22.2 22.4 19.9 16.5 95.9 74.5 24.3 DCRS_-_Antônio_Prado/Flores_da_Cunha_(292_m) -999.9 -999.9 979.1 973.8 975.6 16.5 15.1 0.0 Rio_Grande_do_Sul DCRS -999.9 0.0 22.0 250.15 250.21 249.99 1 0.05 250.41 250.54 250.54 250.65
-28.939899 -51.188499 DCRS-00087 2026-07-20_06:07 17.5 -999.9 -999.9 93.9 -999.9 -999.9 16.5 -999.9 -999.9 975.5 -999.9 -999.9 8.6 -999.9 14.5 0.0 13.6 22.0 22.0 22.0 22.2 22.4 19.9 16.5 95.9 74.5 24.3 DCRS_-_Antônio_Prado/Flores_da_Cunha_(292_m) -999.9 -999.9 979.1 973.8 975.5 16.5 15.1 0.0 Rio_Grande_do_Sul DCRS -999.9 0.0 22.0 250.17 250.21 249.99 1 0.1 250.41 250.54 250.54 250.65
-28.939899 -51.188499 DCRS-00087 2026-07-20_06:08 17.5 -999.9 -999.9 93.5 -999.9 -999.9 16.4 -999.9 -999.9 975.6 -999.9 -999.9 3.0 -999.9 14.5 0.0 13.6 22.2 22.2 22.2 22.4 22.6 19.9 16.5 95.9 74.5 24.3 DCRS_-_Antônio_Prado/Flores_da_Cunha_(292_m) -999.9 -999.9 979.1 973.8 975.6 16.5 15.1 0.0 Rio_Grande_do_Sul DCRS -999.9 0.0 22.2 250.11 250.21 249.99 0 -0.03 250.41 250.54 250.54 250.65
-28.939899 -51.188499 DCRS-00087 2026-07-20_06:09 17.6 -999.9 -999.9 93.4 -999.9 -999.9 16.5 -999.9 -999.9 975.5 -999.9 -999.9 2.3 -999.9 14.5 0.0 10.6 22.2 22.2 22.2 22.4 22.6 19.9 16.5 95.9 74.5 24.3 DCRS_-_Antônio_Prado/Flores_da_Cunha_(292_m) -999.9 -999.9 979.1 973.8 975.5 16.5 15.1 0.0 Rio_Grande_do_Sul DCRS -999.9 0.0 22.2 250.16 250.21 249.99 0 0.02 250.41 250.54 250.54 250.65
-28.939899 -51.188499 DCRS-00087 2026-07-20_06:10 17.6 -999.9 -999.9 93.5 -999.9 -999.9 16.5 -999.9 -999.9 975.3 -999.9 -999.9 0.0 -999.9 10.8 0.0 10.6 22.2 22.2 22.2 22.4 22.6 19.9 16.5 95.9 74.5 24.3 DCRS_-_Antônio_Prado/Flores_da_Cunha_(292_m) -999.9 -999.9 979.1 973.8 975.3 16.5 15.1 0.0 Rio_Grande_do_Sul DCRS -999.9 0.0 22.2 250.18 250.21 249.99 1 0.06 250.41 250.54 250.54 250.65
-28.939899 -51.188499 DCRS-00087 2026-07-20_06:11 17.7 -999.9 -999.9 93.4 -999.9 -999.9 16.6 -999.9 -999.9 975.1 -999.9 -999.9 2.5 -999.9 10.8 0.0 10.6 22.2 22.2 22.2 22.4 22.6 19.9 16.5 95.9 74.5 24.3 DCRS_-_Antônio_Prado/Flores_da_Cunha_(292_m) -999.9 -999.9 979.1 973.8 975.1 16.6 15.1 0.0 Rio_Grande_do_Sul DCRS -999.9 0.0 22.2 250.19 250.21 249.99 1 0.14 250.41 250.54 250.54 250.65
-28.939899 -51.188499 DCRS-00087 2026-07-20_06:12 17.6 -999.9 -999.9 93.2 -999.9 -999.9 16.5 -999.9 -999.9 975.1 -999.9 -999.9 4.6 -999.9 10.8 0.0 10.6 22.2 22.2 22.2 22.4 22.6 19.9 16.5 95.9 74.5 24.3 DCRS_-_Antônio_Prado/Flores_da_Cunha_(292_m) -999.9 -999.9 979.1 973.8 975.1 16.6 15.1 0.0 Rio_Grande_do_Sul DCRS -999.9 0.0 22.2 250.18 250.21 249.99 0 0.08 250.41 250.54 250.54 250.65
-28.939899 -51.188499 DCRS-00087 2026-07-20_06:13 17.6 -999.9 -999.9 93.2 -999.9 -999.9 16.5 -999.9 -999.9 975.0 -999.9 -999.9 2.8 -999.9 10.8 0.0 10.6 22.2 22.2 22.2 22.4 22.6 19.9 16.5 95.9 74.5 24.3 DCRS_-_Antônio_Prado/Flores_da_Cunha_(292_m) -999.9 -999.9 979.1 973.8 975.0 16.6 15.1 0.0 Rio_Grande_do_Sul DCRS -999.9 0.0 22.2 250.19 250.21 249.99 0 0.05 250.41 250.54 250.54 250.65
-28.939899 -51.188499 DCRS-00087 2026-07-20_06:14 17.6 -999.9 -999.9 93.4 -999.9 -999.9 16.5 -999.9 -999.9 975.0 -999.9 -999.9 0.0 -999.9 10.8 0.0 7.8 22.2 22.2 22.2 22.4 22.6 19.9 16.5 95.9 74.5 24.3 DCRS_-_Antônio_Prado/Flores_da_Cunha_(292_m) -999.9 -999.9 979.1 973.8 975.0 16.6 15.1 0.0 Rio_Grande_do_Sul DCRS -999.9 1.0 22.2 250.21 250.21 249.99 0 0.05 250.41 250.54 250.54 250.65
-28.939899 -51.188499 DCRS-00087 2026-07-20_06:15 17.5 -999.9 -999.9 93.6 -999.9 -999.9 16.4 -999.9 -999.9 974.9 -999.9 -999.9 4.6 -999.9 5.3 0.0 7.8 22.2 22.2 22.2 22.4 22.6 19.9 16.5 95.9 74.5 24.3 DCRS_-_Antônio_Prado/Flores_da_Cunha_(292_m) -999.9 -999.9 979.1 973.8 974.9 16.6 15.1 0.0 Rio_Grande_do_Sul DCRS -999.9 0.0 22.2 250.2 250.21 249.99 1 0.02 250.41 250.54 250.54 250.65
-28.939899 -51.188499 DCRS-00087 2026-07-20_06:16 17.6 -999.9 -999.9 93.9 -999.9 -999.9 16.6 -999.9 -999.9 974.9 -999.9 -999.9 0.0 -999.9 5.3 0.0 7.8 23.2 23.2 23.2 23.4 23.6 19.9 16.5 95.9 74.5 24.3 DCRS_-_Antônio_Prado/Flores_da_Cunha_(292_m) -999.9 -999.9 979.1 973.8 974.9 16.6 15.1 0.0 Rio_Grande_do_Sul DCRS -999.9 0.0 23.2 250.18 250.21 249.99 1 0.0 250.41 250.54 250.54 250.65
-28.939899 -51.188499 DCRS-00087 2026-07-20_06:17 17.5 -999.9 -999.9 94.0 -999.9 -999.9 16.5 -999.9 -999.9 974.9 -999.9 -999.9 1.9 -999.9 5.3 0.0 7.8 23.2 23.2 23.2 23.4 23.6 19.9 16.5 95.9 74.5 24.3 DCRS_-_Antônio_Prado/Flores_da_Cunha_(292_m) -999.9 -999.9 979.1 973.8 974.9 16.6 15.1 0.0 Rio_Grande_do_Sul DCRS -999.9 0.0 23.2 250.19 250.21 249.99 1 0.03 250.41 250.54 250.54 250.65
-28.939899 -51.188499 DCRS-00087 2026-07-20_06:18 17.4 -999.9 -999.9 94.1 -999.9 -999.9 16.4 -999.9 -999.9 974.8 -999.9 -999.9 2.3 -999.9 5.3 0.0 7.8 23.2 23.2 23.2 23.4 23.6 19.9 16.5 95.9 74.5 24.3 DCRS_-_Antônio_Prado/Flores_da_Cunha_(292_m) -999.9 -999.9 979.1 973.8 974.8 16.6 15.1 0.0 Rio_Grande_do_Sul DCRS -999.9 0.0 23.2 250.18 250.21 249.99 1 0.03 250.41 250.54 250.54 250.65
-28.939899 -51.188499 DCRS-00087 2026-07-20_06:19 17.5 -999.9 -999.9 94.1 -999.9 -999.9 16.5 -999.9 -999.9 974.8 -999.9 -999.9 2.8 -999.9 5.3 0.0 8.2 23.2 23.2 23.2 23.4 23.6 19.9 16.5 95.9 74.5 24.3 DCRS_-_Antônio_Prado/Flores_da_Cunha_(292_m) -999.9 -999.9 979.1 973.8 974.8 16.6 15.1 0.0 Rio_Grande_do_Sul DCRS -999.9 0.0 23.2 250.18 250.21 249.99 1 0.01 250.41 250.54 250.54 250.65
-28.939899 -51.188499 DCRS-00087 2026-07-20_06:20 17.4 -999.9 -999.9 94.1 -999.9 -999.9 16.4 -999.9 -999.9 974.8 -999.9 -999.9 3.9 -999.9 5.9 0.0 8.2 23.8 23.8 23.8 24.0 24.2 19.9 16.5 95.9 74.5 24.3 DCRS_-_Antônio_Prado/Flores_da_Cunha_(292_m) -999.9 -999.9 979.1 973.8 974.8 16.6 15.1 0.0 Rio_Grande_do_Sul DCRS -999.9 0.0 23.8 250.19 250.21 249.99 1 0.02 250.41 250.54 250.54 250.65
-28.939899 -51.188499 DCRS-00087 2026-07-20_06:21 17.5 -999.9 -999.9 94.2 -999.9 -999.9 16.5 -999.9 -999.9 974.8 -999.9 -999.9 4.7 -999.9 5.9 0.0 8.2 23.8 23.8 23.8 24.0 24.2 19.9 16.5 95.9 74.5 24.3 DCRS_-_Antônio_Prado/Flores_da_Cunha_(292_m) -999.9 -999.9 979.1 973.8 974.8 16.6 15.1 0.0 Rio_Grande_do_Sul DCRS -999.9 0.0 23.8 250.19 250.21 249.99 1 0.02 250.41 250.54 250.54 250.65
-28.939899 -51.188499 DCRS-00087 2026-07-20_06:22 17.5 -999.9 -999.9 94.2 -999.9 -999.9 16.5 -999.9 -999.9 974.8 -999.9 -999.9 3.2 -999.9 5.9 0.0 8.2 23.8 23.8 23.8 24.0 24.2 19.9 16.5 95.9 74.5 24.3 DCRS_-_Antônio_Prado/Flores_da_Cunha_(292_m) -999.9 -999.9 979.1 973.8 974.8 16.6 15.1 0.0 Rio_Grande_do_Sul DCRS -999.9 0.0 23.8 250.19 250.21 249.99 1 0.03 250.41 250.54 250.54 250.65
-28.939899 -51.188499 DCRS-00087 2026-07-20_06:23 17.5 -999.9 -999.9 94.1 -999.9 -999.9 16.5 -999.9 -999.9 974.8 -999.9 -999.9 0.0 -999.9 5.9 0.0 8.2 23.8 23.8 23.8 24.0 24.2 19.9 16.5 95.9 74.5 24.3 DCRS_-_Antônio_Prado/Flores_da_Cunha_(292_m) -999.9 -999.9 979.1 973.8 974.8 16.6 15.1 0.0 Rio_Grande_do_Sul DCRS -999.9 0.0 23.8 250.2 250.21 249.99 1 0.04 250.41 250.54 250.54 250.65
-28.939899 -51.188499 DCRS-00087 2026-07-20_06:24 17.6 -999.9 -999.9 94.1 -999.9 -999.9 16.6 -999.9 -999.9 974.8 -999.9 -999.9 3.0 -999.9 5.9 0.0 8.2 23.8 23.8 23.8 24.0 24.2 19.9 16.5 95.9 74.5 24.3 DCRS_-_Antônio_Prado/Flores_da_Cunha_(292_m) -999.9 -999.9 979.1 973.8 974.8 16.6 15.1 0.0 Rio_Grande_do_Sul DCRS -999.9 0.0 23.8 250.21 250.21 249.99 1 0.1 250.41 250.54 250.54 250.65
-28.939899 -51.188499 DCRS-00087 2026-07-20_06:25 17.5 -999.9 -999.9 93.9 -999.9 -999.9 16.5 -999.9 -999.9 974.8 -999.9 -999.9 3.4 -999.9 5.7 0.0 8.2 23.8 23.8 23.8 24.0 24.2 19.9 16.5 95.9 74.5 24.3 DCRS_-_Antônio_Prado/Flores_da_Cunha_(292_m) -999.9 -999.9 979.1 973.8 974.8 16.6 15.1 0.0 Rio_Grande_do_Sul DCRS -999.9 0.0 23.8 250.21 250.21 249.99 1 0.11 250.41 250.54 250.54 250.65
-28.939899 -51.188499 DCRS-00087 2026-07-20_06:26 17.6 -999.9 -999.9 93.7 -999.9 -999.9 16.6 -999.9 -999.9 974.8 -999.9 -999.9 4.8 -999.9 5.7 0.0 8.2 23.8 23.8 23.8 24.0 24.2 19.9 16.5 95.9 74.5 24.3 DCRS_-_Antônio_Prado/Flores_da_Cunha_(292_m) -999.9 -999.9 979.1 973.8 974.8 16.6 15.1 0.0 Rio_Grande_do_Sul DCRS -999.9 0.0 23.8 250.19 250.21 249.99 1 0.05 250.41 250.54 250.54 250.65
-28.939899 -51.188499 DCRS-00087 2026-07-20_06:27 17.6 -999.9 -999.9 93.6 -999.9 -999.9 16.5 -999.9 -999.9 974.8 -999.9 -999.9 4.7 -999.9 5.7 0.0 8.2 23.8 23.8 23.8 24.0 24.2 19.9 16.5 95.9 74.5 24.3 DCRS_-_Antônio_Prado/Flores_da_Cunha_(292_m) -999.9 -999.9 979.1 973.8 974.8 16.6 15.1 0.0 Rio_Grande_do_Sul DCRS -999.9 0.0 23.8 250.21 250.21 249.99 1 0.03 250.41 250.54 250.54 250.65
-28.939899 -51.188499 DCRS-00087 2026-07-20_06:28 17.6 -999.9 -999.9 93.6 -999.9 -999.9 16.5 -999.9 -999.9 974.7 -999.9 -999.9 -999.9 -999.9 5.7 0.0 8.2 23.8 23.8 23.8 24.0 24.2 19.9 16.5 95.9 74.5 24.3 DCRS_-_Antônio_Prado/Flores_da_Cunha_(292_m) -999.9 -999.9 979.1 973.8 974.7 16.6 15.1 0.0 Rio_Grande_do_Sul DCRS -999.9 0.0 23.8 250.2 250.21 249.99 1 0.08 250.41 250.54 250.54 250.65
-28.939899 -51.188499 DCRS-00087 2026-07-20_06:29 17.5 -999.9 -999.9 93.7 -999.9 -999.9 16.5 -999.9 -999.9 974.7 -999.9 -999.9 -999.9 -999.9 5.7 0.0 7.2 23.8 23.8 23.8 24.0 24.2 19.9 16.5 95.9 74.5 24.3 DCRS_-_Antônio_Prado/Flores_da_Cunha_(292_m) -999.9 -999.9 979.1 973.8 974.7 16.6 15.1 0.0 Rio_Grande_do_Sul DCRS -999.9 0.0 23.8 250.2 250.21 249.99 1 0.13 250.41 250.54 250.54 250.65
-28.939899 -51.188499 DCRS-00087 2026-07-20_06:30 17.5 -999.9 -999.9 93.8 -999.9 -999.9 16.5 -999.9 -999.9 974.8 -999.9 -999.9 6.2 -999.9 8.9 0.0 7.2 23.8 23.8 23.8 24.0 24.2 19.9 16.5 95.9 74.5 24.3 DCRS_-_Antônio_Prado/Flores_da_Cunha_(292_m) -999.9 -999.9 979.1 973.8 974.8 16.6 15.1 0.0 Rio_Grande_do_Sul DCRS -999.9 0.0 23.8 250.21 250.21 249.99 1 0.03 250.41 250.54 250.54 250.65
-28.939899 -51.188499 DCRS-00087 2026-07-20_06:31 17.6 -999.9 -999.9 93.9 -999.9 -999.9 16.6 -999.9 -999.9 974.8 -999.9 -999.9 6.5 -999.9 8.9 0.0 7.2 23.8 23.8 23.8 24.0 24.2 19.9 16.5 95.9 74.5 24.3 DCRS_-_Antônio_Prado/Flores_da_Cunha_(292_m) -999.9 -999.9 979.1 973.8 974.8 16.6 15.1 0.0 Rio_Grande_do_Sul DCRS -999.9 0.0 23.8 250.21 250.21 249.99 1 0.03 250.41 250.54 250.54 250.65
-28.939899 -51.188499 DCRS-00087 2026-07-20_06:32 17.6 -999.9 -999.9 94.0 -999.9 -999.9 16.6 -999.9 -999.9 974.8 -999.9 -999.9 0.0 -999.9 8.9 0.0 7.2 23.8 23.8 23.8 24.0 24.2 19.9 16.5 95.9 74.5 24.3 DCRS_-_Antônio_Prado/Flores_da_Cunha_(292_m) -999.9 -999.9 979.1 973.8 974.8 16.6 15.1 0.0 Rio_Grande_do_Sul DCRS -999.9 0.0 23.8 250.2 250.21 249.99 1 0.02 250.41 250.54 250.54 250.65
-28.939899 -51.188499 DCRS-00087 2026-07-20_06:33 17.5 -999.9 -999.9 94.0 -999.9 -999.9 16.5 -999.9 -999.9 974.7 -999.9 -999.9 4.1 -999.9 8.9 0.0 7.2 23.8 23.8 23.8 24.0 24.2 19.9 16.5 95.9 74.5 24.3 DCRS_-_Antônio_Prado/Flores_da_Cunha_(292_m) -999.9 -999.9 979.1 973.8 974.7 16.6 15.1 0.0 Rio_Grande_do_Sul DCRS -999.9 0.0 23.8 250.2 250.21 249.99 1 0.03 250.41 250.54 250.54 250.65
-28.939899 -51.188499 DCRS-00087 2026-07-20_06:34 17.6 -999.9 -999.9 94.0 -999.9 -999.9 16.6 -999.9 -999.9 974.7 -999.9 -999.9 5.5 -999.9 8.9 0.0 6.8 23.8 23.8 23.8 24.0 24.2 19.9 16.5 95.9 74.5 24.3 DCRS_-_Antônio_Prado/Flores_da_Cunha_(292_m) -999.9 -999.9 979.1 973.8 974.7 16.6 15.1 0.0 Rio_Grande_do_Sul DCRS -999.9 0.0 23.8 250.21 250.21 249.99 1 0.05 250.41 250.54 250.54 250.65
-28.939899 -51.188499 DCRS-00087 2026-07-20_06:35 17.6 -999.9 -999.9 93.8 -999.9 -999.9 16.6 -999.9 -999.9 974.6 -999.9 -999.9 0.0 -999.9 7.5 0.0 6.8 23.8 23.8 23.8 24.0 24.2 19.9 16.5 95.9 74.5 24.3 DCRS_-_Antônio_Prado/Flores_da_Cunha_(292_m) -999.9 -999.9 979.1 973.8 974.6 16.6 15.1 0.0 Rio_Grande_do_Sul DCRS -999.9 0.0 23.8 250.21 250.21 249.99 1 0.04 250.41 250.54 250.54 250.65
-28.939899 -51.188499 DCRS-00087 2026-07-20_06:36 17.6 -999.9 -999.9 93.9 -999.9 -999.9 16.6 -999.9 -999.9 974.6 -999.9 -999.9 0.0 -999.9 7.5 0.0 6.8 23.8 23.8 23.8 24.0 24.2 19.9 16.5 95.9 74.5 24.3 DCRS_-_Antônio_Prado/Flores_da_Cunha_(292_m) -999.9 -999.9 979.1 973.8 974.6 16.6 15.1 0.0 Rio_Grande_do_Sul DCRS -999.9 0.0 23.8 250.21 250.21 249.99 1 0.11 250.41 250.54 250.54 250.65
-28.939899 -51.188499 DCRS-00087 2026-07-20_06:37 17.6 -999.9 -999.9 94.0 -999.9 -999.9 16.6 -999.9 -999.9 974.5 -999.9 -999.9 4.2 -999.9 7.5 0.0 6.8 23.8 23.8 23.8 24.0 24.2 19.9 16.5 95.9 74.5 24.3 DCRS_-_Antônio_Prado/Flores_da_Cunha_(292_m) -999.9 -999.9 979.1 973.8 974.5 16.6 15.1 0.0 Rio_Grande_do_Sul DCRS -999.9 0.0 23.8 250.2 250.21 249.99 1 0.04 250.41 250.54 250.54 250.65
-28.939899 -51.188499 DCRS-00087 2026-07-20_06:38 17.6 -999.9 -999.9 94.1 -999.9 -999.9 16.6 -999.9 -999.9 974.5 -999.9 -999.9 5.7 -999.9 7.5 0.0 6.8 23.8 23.8 23.8 24.0 24.2 19.9 16.5 95.9 74.5 24.3 DCRS_-_Antônio_Prado/Flores_da_Cunha_(292_m) -999.9 -999.9 979.1 973.8 974.5 16.6 15.1 0.0 Rio_Grande_do_Sul DCRS -999.9 0.0 23.8 250.21 250.21 249.99 1 0.07 250.41 250.54 250.54 250.65
-28.939899 -51.188499 DCRS-00087 2026-07-20_06:39 17.6 -999.9 -999.9 94.2 -999.9 -999.9 16.6 -999.9 -999.9 974.5 -999.9 -999.9 0.0 -999.9 7.5 0.0 6.8 23.8 23.8 23.8 24.0 24.2 19.9 16.5 95.9 74.5 24.3 DCRS_-_Antônio_Prado/Flores_da_Cunha_(292_m) -999.9 -999.9 979.1 973.8 974.5 16.6 15.1 0.0 Rio_Grande_do_Sul DCRS -999.9 0.0 23.8 250.21 250.21 249.99 1 0.04 250.41 250.54 250.54 250.65
-28.939899 -51.188499 DCRS-00087 2026-07-20_06:40 17.5 -999.9 -999.9 94.3 -999.9 -999.9 16.6 -999.9 -999.9 974.5 -999.9 -999.9 6.5 -999.9 6.5 0.0 6.8 23.8 23.8 23.8 24.0 24.2 19.9 16.5 95.9 74.5 24.3 DCRS_-_Antônio_Prado/Flores_da_Cunha_(292_m) -999.9 -999.9 979.1 973.8 974.5 16.6 15.1 0.0 Rio_Grande_do_Sul DCRS -999.9 0.0 23.8 250.2 250.21 249.99 1 0.03 250.41 250.54 250.54 250.65
-28.939899 -51.188499 DCRS-00087 2026-07-20_06:41 17.5 -999.9 -999.9 94.4 -999.9 -999.9 16.6 -999.9 -999.9 974.5 -999.9 -999.9 0.0 -999.9 6.5 0.0 6.8 23.8 23.8 23.8 24.0 24.2 19.9 16.5 95.9 74.5 24.3 DCRS_-_Antônio_Prado/Flores_da_Cunha_(292_m) -999.9 -999.9 979.1 973.8 974.5 16.6 15.1 0.0 Rio_Grande_do_Sul DCRS -999.9 0.0 23.8 250.21 250.21 249.99 1 0.07 250.41 250.54 250.54 250.65
-28.939899 -51.188499 DCRS-00087 2026-07-20_06:42 17.5 -999.9 -999.9 94.6 -999.9 -999.9 16.6 -999.9 -999.9 974.5 -999.9 -999.9 2.3 -999.9 6.5 0.0 6.8 23.8 23.8 23.8 24.0 24.2 19.9 16.5 95.9 74.5 24.3 DCRS_-_Antônio_Prado/Flores_da_Cunha_(292_m) -999.9 -999.9 979.1 973.8 974.5 16.6 15.1 0.0 Rio_Grande_do_Sul DCRS -999.9 0.0 23.8 250.2 250.21 249.99 1 0.03 250.41 250.54 250.54 250.65
-28.939899 -51.188499 DCRS-00087 2026-07-20_06:43 17.4 -999.9 -999.9 94.6 -999.9 -999.9 16.5 -999.9 -999.9 974.5 -999.9 -999.9 0.0 -999.9 6.5 0.0 6.8 23.8 23.8 23.8 24.0 24.2 19.9 16.5 95.9 74.5 24.3 DCRS_-_Antônio_Prado/Flores_da_Cunha_(292_m) -999.9 -999.9 979.1 973.8 974.5 16.6 15.1 0.0 Rio_Grande_do_Sul DCRS -999.9 0.0 23.8 250.22 250.22 249.99 1 0.13 250.41 250.54 250.54 250.65
-28.939899 -51.188499 DCRS-00087 2026-07-20_06:44 17.4 -999.9 -999.9 94.7 -999.9 -999.9 16.5 -999.9 -999.9 974.5 -999.9 -999.9 5.1 -999.9 6.5 0.0 6.2 23.8 23.8 23.8 24.0 24.2 19.9 16.5 95.9 74.5 24.3 DCRS_-_Antônio_Prado/Flores_da_Cunha_(292_m) -999.9 -999.9 979.1 973.8 974.5 16.6 15.1 0.0 Rio_Grande_do_Sul DCRS -999.9 0.0 23.8 250.21 250.22 249.99 1 0.12 250.41 250.54 250.54 250.65
-28.939899 -51.188499 DCRS-00087 2026-07-20_06:45 17.5 -999.9 -999.9 94.8 -999.9 -999.9 16.7 -999.9 -999.9 974.6 -999.9 -999.9 4.4 -999.9 6.5 0.0 6.2 23.8 23.8 23.8 24.0 24.2 19.9 16.5 95.9 74.5 24.3 DCRS_-_Antônio_Prado/Flores_da_Cunha_(292_m) -999.9 -999.9 979.1 973.8 974.6 16.7 15.1 0.0 Rio_Grande_do_Sul DCRS -999.9 0.0 23.8 250.21 250.22 249.99 1 0.13 250.41 250.54 250.54 250.65
-28.939899 -51.188499 DCRS-00087 2026-07-20_06:46 17.4 -999.9 -999.9 94.9 -999.9 -999.9 16.6 -999.9 -999.9 974.7 -999.9 -999.9 3.2 -999.9 6.5 0.0 6.2 23.8 23.8 23.8 24.0 24.2 19.9 16.5 95.9 74.5 24.3 DCRS_-_Antônio_Prado/Flores_da_Cunha_(292_m) -999.9 -999.9 979.1 973.8 974.7 16.7 15.1 0.0 Rio_Grande_do_Sul DCRS -999.9 0.0 23.8 250.21 250.22 249.99 1 0.12 250.41 250.54 250.54 250.65
-28.939899 -51.188499 DCRS-00087 2026-07-20_06:47 17.5 -999.9 -999.9 94.9 -999.9 -999.9 16.7 -999.9 -999.9 974.8 -999.9 -999.9 2.7 -999.9 6.5 0.0 6.2 23.8 23.8 23.8 24.0 24.2 19.9 16.5 95.9 74.5 24.3 DCRS_-_Antônio_Prado/Flores_da_Cunha_(292_m) -999.9 -999.9 979.1 973.8 974.8 16.7 15.1 0.0 Rio_Grande_do_Sul DCRS -999.9 0.0 23.8 250.21 250.22 249.99 1 0.12 250.41 250.54 250.54 250.65
-28.939899 -51.188499 DCRS-00087 2026-07-20_06:48 17.4 -999.9 -999.9 95.0 -999.9 -999.9 16.6 -999.9 -999.9 974.8 -999.9 -999.9 0.0 -999.9 6.5 0.0 6.2 23.8 23.8 23.8 24.0 24.2 19.9 16.5 95.9 74.5 24.3 DCRS_-_Antônio_Prado/Flores_da_Cunha_(292_m) -999.9 -999.9 979.1 973.8 974.8 16.7 15.1 0.0 Rio_Grande_do_Sul DCRS -999.9 0.0 23.8 250.23 250.23 249.99 1 0.14 250.41 250.54 250.54 250.65
-28.939899 -51.188499 DCRS-00087 2026-07-20_06:49 17.4 -999.9 -999.9 95.0 -999.9 -999.9 16.6 -999.9 -999.9 974.9 -999.9 -999.9 0.0 -999.9 6.5 0.0 5.2 23.8 23.8 23.8 24.0 24.2 19.9 16.5 95.9 74.5 24.3 DCRS_-_Antônio_Prado/Flores_da_Cunha_(292_m) -999.9 -999.9 979.1 973.8 974.9 16.7 15.1 0.0 Rio_Grande_do_Sul DCRS -999.9 0.0 23.8 250.23 250.23 249.99 1 0.24 250.41 250.54 250.54 250.65
-28.939899 -51.188499 DCRS-00087 2026-07-20_06:50 17.4 -999.9 -999.9 95.0 -999.9 -999.9 16.6 -999.9 -999.9 974.9 -999.9 -999.9 0.0 -999.9 4.6 0.0 5.2 23.8 23.8 23.8 24.0 24.2 19.9 16.5 95.9 74.5 24.3 DCRS_-_Antônio_Prado/Flores_da_Cunha_(292_m) -999.9 -999.9 979.1 973.8 974.9 16.7 15.1 0.0 Rio_Grande_do_Sul DCRS -999.9 0.0 23.8 250.21 250.23 249.99 1 0.2 250.41 250.54 250.54 250.65
-28.939899 -51.188499 DCRS-00087 2026-07-20_06:51 17.4 -999.9 -999.9 95.0 -999.9 -999.9 16.6 -999.9 -999.9 975.0 -999.9 -999.9 2.7 -999.9 4.6 0.0 5.2 23.8 23.8 23.8 24.0 24.2 19.9 16.5 95.9 74.5 24.3 DCRS_-_Antônio_Prado/Flores_da_Cunha_(292_m) -999.9 -999.9 979.1 973.8 975.0 16.7 15.1 0.0 Rio_Grande_do_Sul DCRS -999.9 0.0 23.8 250.21 250.23 249.99 1 0.16 250.41 250.54 250.54 250.65
-28.939899 -51.188499 DCRS-00087 2026-07-20_06:52 17.4 -999.9 -999.9 95.0 -999.9 -999.9 16.6 -999.9 -999.9 975.0 -999.9 -999.9 -999.9 -999.9 4.6 0.0 5.2 23.8 23.8 23.8 24.0 24.2 19.9 16.5 95.9 74.5 24.3 DCRS_-_Antônio_Prado/Flores_da_Cunha_(292_m) -999.9 -999.9 979.1 973.8 975.0 16.7 15.1 0.0 Rio_Grande_do_Sul DCRS -999.9 0.0 23.8 250.21 250.23 249.99 1 0.05 250.41 250.54 250.54 250.65
-28.939899 -51.188499 DCRS-00087 2026-07-20_06:53 17.4 -999.9 -999.9 95.2 -999.9 -999.9 16.6 -999.9 -999.9 975.0 -999.9 -999.9 0.0 -999.9 4.6 0.0 5.2 23.8 23.8 23.8 24.0 24.2 19.9 16.5 95.9 74.5 24.3 DCRS_-_Antônio_Prado/Flores_da_Cunha_(292_m) -999.9 -999.9 979.1 973.8 975.0 16.7 15.1 0.0 Rio_Grande_do_Sul DCRS -999.9 0.0 23.8 250.21 250.23 249.99 1 0.05 250.41 250.54 250.54 250.65
-28.939899 -51.188499 DCRS-00087 2026-07-20_06:54 17.4 -999.9 -999.9 95.2 -999.9 -999.9 16.6 -999.9 -999.9 974.9 -999.9 -999.9 -999.9 -999.9 4.6 0.0 3.0 23.8 23.8 23.8 24.0 24.2 19.9 16.5 95.9 74.5 24.3 DCRS_-_Antônio_Prado/Flores_da_Cunha_(292_m) -999.9 -999.9 979.1 973.8 974.9 16.7 15.1 0.0 Rio_Grande_do_Sul DCRS -999.9 0.0 23.8 250.21 250.23 249.99 1 0.07 250.41 250.54 250.54 250.65
-28.939899 -51.188499 DCRS-00087 2026-07-20_06:55 17.4 -999.9 -999.9 95.2 -999.9 -999.9 16.6 -999.9 -999.9 975.0 -999.9 -999.9 4.0 -999.9 7.2 0.0 3.0 23.8 23.8 23.8 24.0 24.2 19.9 16.5 95.9 74.5 24.3 DCRS_-_Antônio_Prado/Flores_da_Cunha_(292_m) -999.9 -999.9 979.1 973.8 975.0 16.7 15.1 0.0 Rio_Grande_do_Sul DCRS -999.9 0.0 23.8 250.21 250.23 249.99 1 0.06 250.41 250.54 250.54 250.65
-28.939899 -51.188499 DCRS-00087 2026-07-20_06:56 17.4 -999.9 -999.9 95.2 -999.9 -999.9 16.6 -999.9 -999.9 975.0 -999.9 -999.9 4.6 -999.9 7.2 0.0 3.0 23.8 23.8 23.8 24.0 24.2 19.9 16.5 95.9 74.5 24.3 DCRS_-_Antônio_Prado/Flores_da_Cunha_(292_m) -999.9 -999.9 979.1 973.8 975.0 16.7 15.1 0.0 Rio_Grande_do_Sul DCRS -999.9 0.0 23.8 250.21 250.23 249.99 1 0.04 250.41 250.54 250.54 250.65
-28.939899 -51.188499 DCRS-00087 2026-07-20_06:57 17.4 -999.9 -999.9 95.2 -999.9 -999.9 16.6 -999.9 -999.9 975.0 -999.9 -999.9 7.0 -999.9 7.2 0.0 3.0 23.8 23.8 23.8 24.0 24.2 19.9 16.5 95.9 74.5 24.3 DCRS_-_Antônio_Prado/Flores_da_Cunha_(292_m) -999.9 -999.9 979.1 973.8 975.0 16.7 15.1 0.0 Rio_Grande_do_Sul DCRS -999.9 0.0 23.8 250.21 250.23 249.99 1 0.04 250.41 250.54 250.54 250.65
-28.939899 -51.188499 DCRS-00087 2026-07-20_06:58 17.4 -999.9 -999.9 95.0 -999.9 -999.9 16.6 -999.9 -999.9 975.0 -999.9 -999.9 -999.9 -999.9 7.2 0.0 3.0 23.8 23.8 23.8 24.0 24.2 19.9 16.5 95.9 74.5 24.3 DCRS_-_Antônio_Prado/Flores_da_Cunha_(292_m) -999.9 -999.9 979.1 973.8 975.0 16.7 15.1 0.0 Rio_Grande_do_Sul DCRS -999.9 0.0 23.8 250.21 250.23 249.99 1 0.03 250.41 250.54 250.54 250.65
-28.939899 -51.188499 DCRS-00087 2026-07-20_06:59 17.5 -999.9 -999.9 95.2 -999.9 -999.9 16.7 -999.9 -999.9 975.0 -999.9 -999.9 2.7 -999.9 7.2 0.0 1.8 23.8 23.8 23.8 24.0 24.2 19.9 16.5 95.9 74.5 24.3 DCRS_-_Antônio_Prado/Flores_da_Cunha_(292_m) -999.9 -999.9 979.1 973.8 975.0 16.7 15.1 0.0 Rio_Grande_do_Sul DCRS -999.9 0.0 23.8 250.22 250.23 249.99 1 0.04 250.41 250.54 250.54 250.65
-28.939899 -51.188499 DCRS-00087 2026-07-20_07:00 17.5 -999.9 -999.9 94.9 -999.9 -999.9 16.7 -999.9 -999.9 975.0 -999.9 -999.9 5.6 -999.9 11.2 0.0 1.8 23.8 23.8 23.8 24.0 24.2 19.9 16.5 95.9 74.5 24.3 DCRS_-_Antônio_Prado/Flores_da_Cunha_(292_m) -999.9 -999.9 979.1 973.8 975.0 16.7 15.1 0.0 Rio_Grande_do_Sul DCRS -999.9 0.0 23.8 250.22 250.23 249.99 1 0.01 250.41 250.54 250.54 250.65
-28.939899 -51.188499 DCRS-00087 2026-07-20_07:01 17.4 -999.9 -999.9 94.9 -999.9 -999.9 16.6 -999.9 -999.9 974.9 -999.9 -999.9 3.0 -999.9 11.2 0.0 1.8 23.8 23.8 23.8 24.0 24.2 19.9 16.5 95.9 74.5 24.3 DCRS_-_Antônio_Prado/Flores_da_Cunha_(292_m) -999.9 -999.9 979.1 973.8 974.9 16.7 15.1 0.0 Rio_Grande_do_Sul DCRS -999.9 0.0 23.8 250.22 250.23 249.99 1 0.02 250.41 250.54 250.54 250.65
-28.939899 -51.188499 DCRS-00087 2026-07-20_07:02 17.4 -999.9 -999.9 94.8 -999.9 -999.9 16.6 -999.9 -999.9 974.9 -999.9 -999.9 2.6 -999.9 11.2 0.0 1.8 23.8 23.8 23.8 24.0 24.2 19.9 16.5 95.9 74.5 24.3 DCRS_-_Antônio_Prado/Flores_da_Cunha_(292_m) -999.9 -999.9 979.1 973.8 974.9 16.7 15.1 0.0 Rio_Grande_do_Sul DCRS -999.9 0.0 23.8 250.22 250.23 249.99 1 0.04 250.41 250.54 250.54 250.65
-28.939899 -51.188499 DCRS-00087 2026-07-20_07:03 17.4 -999.9 -999.9 94.8 -999.9 -999.9 -999.9 -999.9 -999.9 974.8 -999.9 -999.9 3.4 -999.9 11.2 0.0 1.8 23.8 23.8 23.8 24.0 24.2 19.9 16.5 95.9 74.5 24.3 DCRS_-_Antônio_Prado/Flores_da_Cunha_(292_m) -999.9 -999.9 979.1 973.8 974.8 16.7 15.1 0.0 Rio_Grande_do_Sul DCRS -999.9 0.0 23.8 250.22 250.23 249.99 1 0.05 250.41 250.54 250.54 250.65
-28.939899 -51.188499 DCRS-00087 2026-07-20_07:04 17.4 -999.9 -999.9 94.8 -999.9 -999.9 16.6 -999.9 -999.9 974.7 -999.9 -999.9 1.8 -999.9 11.2 0.0 1.6 23.8 23.8 23.8 24.0 24.2 19.9 16.5 95.9 74.5 24.3 DCRS_-_Antônio_Prado/Flores_da_Cunha_(292_m) -999.9 -999.9 979.1 973.8 974.7 16.7 15.1 0.0 Rio_Grande_do_Sul DCRS -999.9 0.0 23.8 250.22 250.23 249.99 1 0.04 250.41 250.54 250.54 250.65
-28.939899 -51.188499 DCRS-00087 2026-07-20_07:05 17.4 -999.9 -999.9 94.9 -999.9 -999.9 16.6 -999.9 -999.9 974.7 -999.9 -999.9 4.5 -999.9 8.3 0.0 1.6 23.8 23.8 23.8 24.0 24.2 19.9 16.5 95.9 74.5 24.3 DCRS_-_Antônio_Prado/Flores_da_Cunha_(292_m) -999.9 -999.9 979.1 973.8 974.7 16.7 15.1 0.0 Rio_Grande_do_Sul DCRS -999.9 0.0 23.8 250.22 250.23 249.99 1 0.08 250.41 250.54 250.54 250.65
-28.939899 -51.188499 DCRS-00087 2026-07-20_07:06 17.4 -999.9 -999.9 94.9 -999.9 -999.9 16.6 -999.9 -999.9 974.7 -999.9 -999.9 3.8 -999.9 8.3 0.0 1.6 23.8 23.8 23.8 24.0 24.2 19.9 16.5 95.9 74.5 24.3 DCRS_-_Antônio_Prado/Flores_da_Cunha_(292_m) -999.9 -999.9 979.1 973.8 974.7 16.7 15.1 0.0 Rio_Grande_do_Sul DCRS -999.9 0.0 23.8 250.22 250.23 249.99 1 0.07 250.41 250.54 250.54 250.65
-28.939899 -51.188499 DCRS-00087 2026-07-20_07:07 17.3 -999.9 -999.9 95.1 -999.9 -999.9 16.5 -999.9 -999.9 974.7 -999.9 -999.9 3.6 -999.9 8.3 0.0 1.6 23.8 23.8 23.8 24.0 24.2 19.9 16.5 95.9 74.5 24.3 DCRS_-_Antônio_Prado/Flores_da_Cunha_(292_m) -999.9 -999.9 979.1 973.8 974.7 16.7 15.1 0.0 Rio_Grande_do_Sul DCRS -999.9 0.0 23.8 250.22 250.23 249.99 1 0.05 250.41 250.54 250.54 250.65
-28.939899 -51.188499 DCRS-00087 2026-07-20_07:08 17.4 -999.9 -999.9 95.2 -999.9 -999.9 16.6 -999.9 -999.9 974.8 -999.9 -999.9 3.6 -999.9 8.3 0.0 1.6 23.8 23.8 23.8 24.0 24.2 19.9 16.5 95.9 74.5 24.3 DCRS_-_Antônio_Prado/Flores_da_Cunha_(292_m) -999.9 -999.9 979.1 973.8 974.8 16.7 15.1 0.0 Rio_Grande_do_Sul DCRS -999.9 0.0 23.8 250.22 250.23 249.99 1 0.11 250.41 250.54 250.54 250.65
-28.939899 -51.188499 DCRS-00087 2026-07-20_07:09 17.4 -999.9 -999.9 95.3 -999.9 -999.9 16.6 -999.9 -999.9 974.8 -999.9 -999.9 5.2 -999.9 8.3 0.0 1.6 23.8 23.8 23.8 24.0 24.2 19.9 16.5 95.9 74.5 24.3 DCRS_-_Antônio_Prado/Flores_da_Cunha_(292_m) -999.9 -999.9 979.1 973.8 974.8 16.7 15.1 0.0 Rio_Grande_do_Sul DCRS -999.9 0.0 23.8 250.22 250.23 249.99 1 0.06 250.41 250.54 250.54 250.65
-28.939899 -51.188499 DCRS-00087 2026-07-20_07:10 17.4 -999.9 -999.9 95.4 -999.9 -999.9 16.7 -999.9 -999.9 974.9 -999.9 -999.9 3.0 -999.9 6.3 0.0 1.6 23.8 23.8 23.8 24.0 24.2 19.9 16.5 95.9 74.5 24.3 DCRS_-_Antônio_Prado/Flores_da_Cunha_(292_m) -999.9 -999.9 979.1 973.8 974.9 16.7 15.1 0.0 Rio_Grande_do_Sul DCRS -999.9 0.0 23.8 250.22 250.23 249.99 1 0.04 250.41 250.54 250.54 250.65
-28.939899 -51.188499 DCRS-00087 2026-07-20_07:11 17.3 -999.9 -999.9 95.3 -999.9 -999.9 16.5 -999.9 -999.9 974.9 -999.9 -999.9 4.9 -999.9 6.3 0.0 1.6 23.8 23.8 23.8 24.0 24.2 19.9 16.5 95.9 74.5 24.3 DCRS_-_Antônio_Prado/Flores_da_Cunha_(292_m) -999.9 -999.9 979.1 973.8 974.9 16.7 15.1 0.0 Rio_Grande_do_Sul DCRS -999.9 0.0 23.8 250.22 250.23 249.99 1 0.03 250.41 250.54 250.54 250.65
-28.939899 -51.188499 DCRS-00087 2026-07-20_07:12 17.3 -999.9 -999.9 95.4 -999.9 -999.9 16.6 -999.9 -999.9 974.9 -999.9 -999.9 2.0 -999.9 6.3 0.0 1.6 23.8 23.8 23.8 24.0 24.2 19.9 16.5 95.9 74.5 24.3 DCRS_-_Antônio_Prado/Flores_da_Cunha_(292_m) -999.9 -999.9 979.1 973.8 974.9 16.7 15.1 0.0 Rio_Grande_do_Sul DCRS -999.9 0.0 23.8 250.22 250.23 249.99 1 0.04 250.41 250.54 250.54 250.65
-28.939899 -51.188499 DCRS-00087 2026-07-20_07:13 17.4 -999.9 -999.9 95.4 -999.9 -999.9 16.7 -999.9 -999.9 974.9 -999.9 -999.9 0.0 -999.9 6.3 0.0 1.6 23.8 23.8 23.8 24.0 24.2 19.9 16.5 95.9 74.5 24.3 DCRS_-_Antônio_Prado/Flores_da_Cunha_(292_m) -999.9 -999.9 979.1 973.8 974.9 16.7 15.1 0.0 Rio_Grande_do_Sul DCRS -999.9 0.0 23.8 250.22 250.23 249.99 1 0.03 250.41 250.54 250.54 250.65
-28.939899 -51.188499 DCRS-00087 2026-07-20_07:14 17.3 -999.9 -999.9 95.3 -999.9 -999.9 16.5 -999.9 -999.9 975.0 -999.9 -999.9 0.0 -999.9 6.3 0.0 0.6 23.8 23.8 23.8 24.0 24.2 19.9 16.5 95.9 74.5 24.3 DCRS_-_Antônio_Prado/Flores_da_Cunha_(292_m) -999.9 -999.9 979.1 973.8 975.0 16.7 15.1 0.0 Rio_Grande_do_Sul DCRS -999.9 0.0 23.8 250.22 250.23 249.99 1 0.01 250.41 250.54 250.54 250.65
-28.939899 -51.188499 DCRS-00087 2026-07-20_07:15 17.4 -999.9 -999.9 95.2 -999.9 -999.9 16.6 -999.9 -999.9 975.1 -999.9 -999.9 0.0 -999.9 7.7 0.0 0.6 23.8 23.8 23.8 24.0 24.2 19.9 16.5 95.9 74.5 24.3 DCRS_-_Antônio_Prado/Flores_da_Cunha_(292_m) -999.9 -999.9 979.1 973.8 975.1 16.7 15.1 0.0 Rio_Grande_do_Sul DCRS -999.9 0.0 23.8 250.22 250.23 249.99 1 0.02 250.41 250.54 250.54 250.65
-28.939899 -51.188499 DCRS-00087 2026-07-20_07:16 17.4 -999.9 -999.9 95.2 -999.9 -999.9 16.6 -999.9 -999.9 975.1 -999.9 -999.9 4.3 -999.9 7.7 1.0 0.6 23.8 23.8 23.8 24.0 24.2 19.9 16.5 95.9 74.5 24.3 DCRS_-_Antônio_Prado/Flores_da_Cunha_(292_m) -999.9 -999.9 979.1 973.8 975.1 16.7 15.1 1.0 Rio_Grande_do_Sul DCRS -999.9 0.0 23.8 250.22 250.23 249.99 1 0.04 250.41 250.54 250.54 250.65
-28.939899 -51.188499 DCRS-00087 2026-07-20_07:17 17.4 -999.9 -999.9 95.2 -999.9 -999.9 16.6 -999.9 -999.9 975.0 -999.9 -999.9 2.0 -999.9 7.7 1.0 0.6 23.8 23.8 23.8 24.0 24.2 19.9 16.5 95.9 74.5 24.3 DCRS_-_Antônio_Prado/Flores_da_Cunha_(292_m) -999.9 -999.9 979.1 973.8 975.0 16.7 15.1 1.0 Rio_Grande_do_Sul DCRS -999.9 0.0 23.8 250.22 250.23 249.99 1 0.03 250.41 250.54 250.54 250.65
-28.939899 -51.188499 DCRS-00087 2026-07-20_07:18 17.3 -999.9 -999.9 95.3 -999.9 -999.9 16.5 -999.9 -999.9 975.0 -999.9 -999.9 3.8 -999.9 7.7 3.0 0.6 23.8 23.8 23.8 24.0 24.2 19.9 16.5 95.9 74.5 24.3 DCRS_-_Antônio_Prado/Flores_da_Cunha_(292_m) -999.9 -999.9 979.1 973.8 975.0 16.7 15.1 3.0 Rio_Grande_do_Sul DCRS -999.9 0.0 23.8 250.22 250.23 249.99 1 0.04 250.41 250.54 250.54 250.65
-28.939899 -51.188499 DCRS-00087 2026-07-20_07:19 17.3 -999.9 -999.9 95.3 -999.9 -999.9 16.5 -999.9 -999.9 975.0 -999.9 -999.9 2.4 -999.9 7.7 3.0 0.0 23.8 23.8 23.8 24.0 24.2 19.9 16.5 95.9 74.5 24.3 DCRS_-_Antônio_Prado/Flores_da_Cunha_(292_m) -999.9 -999.9 979.1 973.8 975.0 16.7 15.1 3.0 Rio_Grande_do_Sul DCRS -999.9 0.0 23.8 250.23 250.23 249.99 1 0.05 250.41 250.54 250.54 250.65
-28.939899 -51.188499 DCRS-00087 2026-07-20_07:20 17.3 -999.9 -999.9 95.3 -999.9 -999.9 16.5 -999.9 -999.9 974.9 -999.9 -999.9 5.3 -999.9 5.3 4.0 0.0 23.8 23.8 23.8 24.0 24.2 19.9 16.5 95.9 74.5 24.3 DCRS_-_Antônio_Prado/Flores_da_Cunha_(292_m) -999.9 -999.9 979.1 973.8 974.9 16.7 15.1 4.0 Rio_Grande_do_Sul DCRS -999.9 0.0 23.8 250.21 250.23 249.99 1 0.02 250.41 250.54 250.54 250.65
-28.939899 -51.188499 DCRS-00087 2026-07-20_07:21 17.3 -999.9 -999.9 95.3 -999.9 -999.9 16.5 -999.9 -999.9 974.9 -999.9 -999.9 -999.9 -999.9 5.3 4.0 0.0 23.8 23.8 23.8 24.0 24.2 19.9 16.5 95.9 74.5 24.3 DCRS_-_Antônio_Prado/Flores_da_Cunha_(292_m) -999.9 -999.9 979.1 973.8 974.9 16.7 15.1 4.0 Rio_Grande_do_Sul DCRS -999.9 0.0 23.8 250.23 250.23 249.99 1 0.04 250.41 250.54 250.54 250.65
-28.939899 -51.188499 DCRS-00087 2026-07-20_07:22 17.3 -999.9 -999.9 95.4 -999.9 -999.9 16.6 -999.9 -999.9 974.9 -999.9 -999.9 0.0 -999.9 5.3 5.0 0.0 23.8 23.8 23.8 24.0 24.2 19.9 16.5 95.9 74.5 24.3 DCRS_-_Antônio_Prado/Flores_da_Cunha_(292_m) -999.9 -999.9 979.1 973.8 974.9 16.7 15.1 5.0 Rio_Grande_do_Sul DCRS -999.9 0.0 23.8 250.23 250.23 249.99 1 0.04 250.41 250.54 250.54 250.65
-28.939899 -51.188499 DCRS-00087 2026-07-20_07:23 17.3 -999.9 -999.9 95.5 -999.9 -999.9 16.6 -999.9 -999.9 974.9 -999.9 -999.9 0.0 -999.9 5.3 6.0 0.0 23.8 23.8 23.8 24.0 24.2 19.9 16.5 95.9 74.5 24.3 DCRS_-_Antônio_Prado/Flores_da_Cunha_(292_m) -999.9 -999.9 979.1 973.8 974.9 16.7 15.1 6.0 Rio_Grande_do_Sul DCRS -999.9 0.0 23.8 250.21 250.23 249.99 1 0.01 250.41 250.54 250.54 250.65
-28.939899 -51.188499 DCRS-00087 2026-07-20_07:24 17.3 -999.9 -999.9 95.5 -999.9 -999.9 16.6 -999.9 -999.9 974.8 -999.9 -999.9 0.0 -999.9 5.3 6.0 0.0 23.8 23.8 23.8 24.0 24.2 19.9 16.5 95.9 74.5 24.3 DCRS_-_Antônio_Prado/Flores_da_Cunha_(292_m) -999.9 -999.9 979.1 973.8 974.8 16.7 15.1 6.0 Rio_Grande_do_Sul DCRS -999.9 0.0 23.8 250.23 250.23 249.99 1 0.02 250.41 250.54 250.54 250.65
-28.939899 -51.188499 DCRS-00087 2026-07-20_07:25 17.3 -999.9 -999.9 95.5 -999.9 -999.9 16.6 -999.9 -999.9 974.8 -999.9 -999.9 3.7 -999.9 7.3 7.0 0.0 23.8 23.8 23.8 24.0 24.2 19.9 16.5 95.9 74.5 24.3 DCRS_-_Antônio_Prado/Flores_da_Cunha_(292_m) -999.9 -999.9 979.1 973.8 974.8 16.7 15.1 7.0 Rio_Grande_do_Sul DCRS -999.9 0.0 23.8 250.23 250.23 249.99 1 0.02 250.41 250.54 250.54 250.65
-28.939899 -51.188499 DCRS-00087 2026-07-20_07:26 17.3 -999.9 -999.9 95.6 -999.9 -999.9 16.6 -999.9 -999.9 974.8 -999.9 -999.9 3.5 -999.9 7.3 7.0 0.0 23.8 23.8 23.8 24.0 24.2 19.9 16.5 95.9 74.5 24.3 DCRS_-_Antônio_Prado/Flores_da_Cunha_(292_m) -999.9 -999.9 979.1 973.8 974.8 16.7 15.1 7.0 Rio_Grande_do_Sul DCRS -999.9 0.0 23.8 250.23 250.23 249.99 1 0.04 250.41 250.54 250.54 250.65
-28.939899 -51.188499 DCRS-00087 2026-07-20_07:27 17.3 -999.9 -999.9 95.5 -999.9 -999.9 16.6 -999.9 -999.9 974.8 -999.9 -999.9 0.0 -999.9 7.3 8.0 0.0 23.8 23.8 23.8 24.0 24.2 19.9 16.5 95.9 74.5 24.3 DCRS_-_Antônio_Prado/Flores_da_Cunha_(292_m) -999.9 -999.9 979.1 973.8 974.8 16.7 15.1 8.0 Rio_Grande_do_Sul DCRS -999.9 0.0 23.8 250.2 250.23 249.99 1 -0.01 250.41 250.54 250.54 250.65
-28.939899 -51.188499 DCRS-00087 2026-07-20_07:28 17.3 -999.9 -999.9 95.6 -999.9 -999.9 16.6 -999.9 -999.9 974.8 -999.9 -999.9 2.8 -999.9 7.3 9.0 0.0 23.8 23.8 23.8 24.0 24.2 19.9 16.5 95.9 74.5 24.3 DCRS_-_Antônio_Prado/Flores_da_Cunha_(292_m) -999.9 -999.9 979.1 973.8 974.8 16.7 15.1 9.0 Rio_Grande_do_Sul DCRS -999.9 0.0 23.8 250.22 250.23 249.99 1 0.02 250.41 250.54 250.54 250.65
-28.939899 -51.188499 DCRS-00087 2026-07-20_07:29 17.3 -999.9 -999.9 95.6 -999.9 -999.9 16.6 -999.9 -999.9 974.8 -999.9 -999.9 2.0 -999.9 7.3 10.0 0.0 23.8 23.8 23.8 24.0 24.2 19.9 16.5 95.9 74.5 24.3 DCRS_-_Antônio_Prado/Flores_da_Cunha_(292_m) -999.9 -999.9 979.1 973.8 974.8 16.7 15.1 10.0 Rio_Grande_do_Sul DCRS -999.9 0.0 23.8 250.22 250.23 249.99 1 0.02 250.41 250.54 250.54 250.65
-28.939899 -51.188499 DCRS-00087 2026-07-20_07:30 17.3 -999.9 -999.9 95.6 -999.9 -999.9 16.6 -999.9 -999.9 974.8 -999.9 -999.9 2.5 -999.9 4.7 10.0 0.0 23.8 23.8 23.8 24.0 24.2 19.9 16.5 95.9 74.5 24.3 DCRS_-_Antônio_Prado/Flores_da_Cunha_(292_m) -999.9 -999.9 979.1 973.8 974.8 16.7 15.1 10.0 Rio_Grande_do_Sul DCRS -999.9 0.0 23.8 250.22 250.23 249.99 1 0.01 250.41 250.54 250.54 250.65
-28.939899 -51.188499 DCRS-00087 2026-07-20_07:31 17.3 -999.9 -999.9 95.6 -999.9 -999.9 16.6 -999.9 -999.9 974.8 -999.9 -999.9 -999.9 -999.9 4.7 10.0 0.0 23.8 23.8 23.8 24.0 24.2 19.9 16.5 95.9 74.5 24.3 DCRS_-_Antônio_Prado/Flores_da_Cunha_(292_m) -999.9 -999.9 979.1 973.8 974.8 16.7 15.1 10.0 Rio_Grande_do_Sul DCRS -999.9 0.0 23.8 250.22 250.23 249.99 1 0.01 250.41 250.54 250.54 250.65
-28.939899 -51.188499 DCRS-00087 2026-07-20_07:32 17.3 -999.9 -999.9 95.6 -999.9 -999.9 16.6 -999.9 -999.9 974.9 -999.9 -999.9 4.1 -999.9 4.7 11.0 0.0 23.8 23.8 23.8 24.0 24.2 19.9 16.5 95.9 74.5 24.3 DCRS_-_Antônio_Prado/Flores_da_Cunha_(292_m) -999.9 -999.9 979.1 973.8 974.9 16.7 15.1 11.0 Rio_Grande_do_Sul DCRS -999.9 0.0 23.8 250.22 250.23 249.99 1 0.02 250.41 250.54 250.54 250.65
-28.939899 -51.188499 DCRS-00087 2026-07-20_07:33 17.3 -999.9 -999.9 95.5 -999.9 -999.9 16.6 -999.9 -999.9 975.0 -999.9 -999.9 0.0 -999.9 4.7 11.0 0.0 23.8 23.8 23.8 24.0 24.2 19.9 16.5 95.9 74.5 24.3 DCRS_-_Antônio_Prado/Flores_da_Cunha_(292_m) -999.9 -999.9 979.1 973.8 975.0 16.7 15.1 11.0 Rio_Grande_do_Sul DCRS -999.9 0.0 23.8 250.22 250.23 249.99 1 0.02 250.41 250.54 250.54 250.65
-28.939899 -51.188499 DCRS-00087 2026-07-20_07:34 17.3 -999.9 -999.9 95.5 -999.9 -999.9 16.6 -999.9 -999.9 975.0 -999.9 -999.9 -999.9 -999.9 4.7 11.0 0.0 23.8 23.8 23.8 24.0 24.2 19.9 16.5 95.9 74.5 24.3 DCRS_-_Antônio_Prado/Flores_da_Cunha_(292_m) -999.9 -999.9 979.1 973.8 975.0 16.7 15.1 11.0 Rio_Grande_do_Sul DCRS -999.9 0.0 23.8 250.22 250.23 249.99 1 0.01 250.41 250.54 250.54 250.65
-28.939899 -51.188499 DCRS-00087 2026-07-20_07:35 17.4 -999.9 -999.9 95.5 -999.9 -999.9 16.7 -999.9 -999.9 975.0 -999.9 -999.9 4.5 -999.9 5.9 11.0 0.0 23.8 23.8 23.8 24.0 24.2 19.9 16.5 95.9 74.5 24.3 DCRS_-_Antônio_Prado/Flores_da_Cunha_(292_m) -999.9 -999.9 979.1 973.8 975.0 16.7 15.1 11.0 Rio_Grande_do_Sul DCRS -999.9 0.0 23.8 250.22 250.23 249.99 1 0.01 250.41 250.54 250.54 250.65
-28.939899 -51.188499 DCRS-00087 2026-07-20_07:36 17.3 -999.9 -999.9 95.5 -999.9 -999.9 16.6 -999.9 -999.9 974.9 -999.9 -999.9 3.2 -999.9 5.9 10.0 0.0 23.8 23.8 23.8 24.0 24.2 19.9 16.5 95.9 74.5 24.3 DCRS_-_Antônio_Prado/Flores_da_Cunha_(292_m) -999.9 -999.9 979.1 973.8 974.9 16.7 15.1 11.0 Rio_Grande_do_Sul DCRS -999.9 0.0 23.8 250.22 250.23 249.99 1 0.01 250.41 250.54 250.54 250.65
-28.939899 -51.188499 DCRS-00087 2026-07-20_07:37 17.4 -999.9 -999.9 95.5 -999.9 -999.9 16.7 -999.9 -999.9 975.0 -999.9 -999.9 2.0 -999.9 5.9 9.0 0.0 23.8 23.8 23.8 24.0 24.2 19.9 16.5 95.9 74.5 24.3 DCRS_-_Antônio_Prado/Flores_da_Cunha_(292_m) -999.9 -999.9 979.1 973.8 975.0 16.7 15.1 11.0 Rio_Grande_do_Sul DCRS -999.9 0.0 23.8 250.22 250.23 249.99 1 0.02 250.41 250.54 250.54 250.65
-28.939899 -51.188499 DCRS-00087 2026-07-20_07:38 17.4 -999.9 -999.9 95.4 -999.9 -999.9 16.7 -999.9 -999.9 975.0 -999.9 -999.9 0.0 -999.9 5.9 7.0 0.0 23.8 23.8 23.8 24.0 24.2 19.9 16.5 95.9 74.5 24.3 DCRS_-_Antônio_Prado/Flores_da_Cunha_(292_m) -999.9 -999.9 979.1 973.8 975.0 16.7 15.1 11.0 Rio_Grande_do_Sul DCRS -999.9 0.0 23.8 250.22 250.23 249.99 1 0.01 250.41 250.54 250.54 250.65
-28.939899 -51.188499 DCRS-00087 2026-07-20_07:39 17.4 -999.9 -999.9 95.3 -999.9 -999.9 16.6 -999.9 -999.9 975.0 -999.9 -999.9 2.3 -999.9 5.9 6.0 0.0 23.8 23.8 23.8 24.0 24.2 19.9 16.5 95.9 74.5 24.3 DCRS_-_Antônio_Prado/Flores_da_Cunha_(292_m) -999.9 -999.9 979.1 973.8 975.0 16.7 15.1 11.0 Rio_Grande_do_Sul DCRS -999.9 0.0 23.8 250.22 250.23 249.99 1 0.01 250.41 250.54 250.54 250.65
-28.939899 -51.188499 DCRS-00087 2026-07-20_07:40 17.4 -999.9 -999.9 95.4 -999.9 -999.9 16.7 -999.9 -999.9 975.0 -999.9 -999.9 1.8 -999.9 5.1 6.0 0.0 23.8 23.8 23.8 24.0 24.2 19.9 16.5 95.9 74.5 24.3 DCRS_-_Antônio_Prado/Flores_da_Cunha_(292_m) -999.9 -999.9 979.1 973.8 975.0 16.7 15.1 11.0 Rio_Grande_do_Sul DCRS -999.9 0.0 23.8 250.22 250.23 249.99 1 0.02 250.41 250.54 250.54 250.65
-28.939899 -51.188499 DCRS-00087 2026-07-20_07:41 17.4 -999.9 -999.9 95.4 -999.9 -999.9 16.7 -999.9 -999.9 975.0 -999.9 -999.9 0.0 -999.9 5.1 5.0 0.0 23.8 23.8 23.8 24.0 24.2 19.9 16.5 95.9 74.5 24.3 DCRS_-_Antônio_Prado/Flores_da_Cunha_(292_m) -999.9 -999.9 979.1 973.8 975.0 16.7 15.1 11.0 Rio_Grande_do_Sul DCRS -999.9 0.0 23.8 250.22 250.23 249.99 1 0.01 250.41 250.54 250.54 250.65
-28.939899 -51.188499 DCRS-00087 2026-07-20_07:42 17.5 -999.9 -999.9 95.4 -999.9 -999.9 16.8 -999.9 -999.9 975.1 -999.9 -999.9 0.0 -999.9 5.1 6.0 0.0 23.8 23.8 23.8 24.0 24.2 19.9 16.5 95.9 74.5 24.3 DCRS_-_Antônio_Prado/Flores_da_Cunha_(292_m) -999.9 -999.9 979.1 973.8 975.1 16.8 15.1 11.0 Rio_Grande_do_Sul DCRS -999.9 0.0 23.8 250.22 250.23 249.99 1 0.02 250.41 250.54 250.54 250.65
-28.939899 -51.188499 DCRS-00087 2026-07-20_07:43 17.4 -999.9 -999.9 95.4 -999.9 -999.9 16.7 -999.9 -999.9 975.1 -999.9 -999.9 3.5 -999.9 5.1 6.0 0.0 23.8 23.8 23.8 24.0 24.2 19.9 16.5 95.9 74.5 24.3 DCRS_-_Antônio_Prado/Flores_da_Cunha_(292_m) -999.9 -999.9 979.1 973.8 975.1 16.8 15.1 11.0 Rio_Grande_do_Sul DCRS -999.9 0.0 23.8 250.22 250.23 249.99 0 0.0 250.41 250.54 250.54 250.65
-28.939899 -51.188499 DCRS-00087 2026-07-20_07:44 17.4 -999.9 -999.9 95.3 -999.9 -999.9 16.6 -999.9 -999.9 975.1 -999.9 -999.9 3.5 -999.9 5.1 7.0 0.0 23.8 23.8 23.8 24.0 24.2 19.9 16.5 95.9 74.5 24.3 DCRS_-_Antônio_Prado/Flores_da_Cunha_(292_m) -999.9 -999.9 979.1 973.8 975.1 16.8 15.1 11.0 Rio_Grande_do_Sul DCRS -999.9 0.0 23.8 250.22 250.23 249.99 0 0.01 250.41 250.54 250.54 250.65
-28.939899 -51.188499 DCRS-00087 2026-07-20_07:45 17.4 -999.9 -999.9 95.2 -999.9 -999.9 16.6 -999.9 -999.9 975.0 -999.9 -999.9 4.3 -999.9 5.0 7.0 0.0 23.8 23.8 23.8 24.0 24.2 19.9 16.5 95.9 74.5 24.3 DCRS_-_Antônio_Prado/Flores_da_Cunha_(292_m) -999.9 -999.9 979.1 973.8 975.0 16.8 15.1 11.0 Rio_Grande_do_Sul DCRS -999.9 0.0 23.8 250.22 250.23 249.99 0 0.01 250.41 250.54 250.54 250.65
-28.939899 -51.188499 DCRS-00087 2026-07-20_07:46 17.3 -999.9 -999.9 95.1 -999.9 -999.9 16.5 -999.9 -999.9 975.0 -999.9 -999.9 4.6 -999.9 5.0 9.0 0.0 23.8 23.8 23.8 24.0 24.2 19.9 16.5 95.9 74.5 24.3 DCRS_-_Antônio_Prado/Flores_da_Cunha_(292_m) -999.9 -999.9 979.1 973.8 975.0 16.8 15.1 11.0 Rio_Grande_do_Sul DCRS -999.9 0.0 23.8 250.23 250.23 249.99 0 0.02 250.41 250.54 250.54 250.65
-28.939899 -51.188499 DCRS-00087 2026-07-20_07:47 17.4 -999.9 -999.9 95.1 -999.9 -999.9 16.6 -999.9 -999.9 975.0 -999.9 -999.9 3.1 -999.9 5.0 10.0 0.0 23.8 23.8 23.8 24.0 24.2 19.9 16.5 95.9 74.5 24.3 DCRS_-_Antônio_Prado/Flores_da_Cunha_(292_m) -999.9 -999.9 979.1 973.8 975.0 16.8 15.1 11.0 Rio_Grande_do_Sul DCRS -999.9 0.0 23.8 250.23 250.23 249.99 0 0.02 250.41 250.54 250.54 250.65
-28.939899 -51.188499 DCRS-00087 2026-07-20_07:48 17.4 -999.9 -999.9 95.2 -999.9 -999.9 16.6 -999.9 -999.9 975.0 -999.9 -999.9 0.0 -999.9 5.0 10.0 0.0 23.8 23.8 23.8 24.0 24.2 19.9 16.5 95.9 74.5 24.3 DCRS_-_Antônio_Prado/Flores_da_Cunha_(292_m) -999.9 -999.9 979.1 973.8 975.0 16.8 15.1 11.0 Rio_Grande_do_Sul DCRS -999.9 0.0 23.8 250.24 250.24 249.99 0 0.01 250.41 250.54 250.54 250.65
-28.939899 -51.188499 DCRS-00087 2026-07-20_07:49 17.4 -999.9 -999.9 95.4 -999.9 -999.9 16.7 -999.9 -999.9 975.0 -999.9 -999.9 0.0 -999.9 5.0 10.0 0.0 23.8 23.8 23.8 24.0 24.2 19.9 16.5 95.9 74.5 24.3 DCRS_-_Antônio_Prado/Flores_da_Cunha_(292_m) -999.9 -999.9 979.1 973.8 975.0 16.8 15.1 11.0 Rio_Grande_do_Sul DCRS -999.9 0.0 23.8 250.24 250.24 249.99 0 0.01 250.41 250.54 250.54 250.65
-28.939899 -51.188499 DCRS-00087 2026-07-20_07:50 17.4 -999.9 -999.9 95.4 -999.9 -999.9 16.7 -999.9 -999.9 975.0 -999.9 -999.9 0.0 -999.9 5.0 10.0 0.0 23.8 23.8 23.8 24.0 24.2 19.9 16.5 95.9 74.5 24.3 DCRS_-_Antônio_Prado/Flores_da_Cunha_(292_m) -999.9 -999.9 979.1 973.8 975.0 16.8 15.1 11.0 Rio_Grande_do_Sul DCRS -999.9 0.0 23.8 250.24 250.24 249.99 1 0.03 250.41 250.54 250.54 250.65
-28.939899 -51.188499 DCRS-00087 2026-07-20_07:51 17.4 -999.9 -999.9 95.4 -999.9 -999.9 16.7 -999.9 -999.9 975.0 -999.9 -999.9 2.0 -999.9 5.0 9.0 0.0 23.8 23.8 23.8 24.0 24.2 19.9 16.5 95.9 74.5 24.3 DCRS_-_Antônio_Prado/Flores_da_Cunha_(292_m) -999.9 -999.9 979.1 973.8 975.0 16.8 15.1 11.0 Rio_Grande_do_Sul DCRS -999.9 0.0 23.8 250.24 250.24 249.99 1 0.03 250.41 250.54 250.54 250.65
-28.939899 -51.188499 DCRS-00087 2026-07-20_07:52 17.4 -999.9 -999.9 95.5 -999.9 -999.9 16.7 -999.9 -999.9 975.0 -999.9 -999.9 3.5 -999.9 5.0 9.0 0.0 23.8 23.8 23.8 24.0 24.2 19.9 16.5 95.9 74.5 24.3 DCRS_-_Antônio_Prado/Flores_da_Cunha_(292_m) -999.9 -999.9 979.1 973.8 975.0 16.8 15.1 11.0 Rio_Grande_do_Sul DCRS -999.9 0.0 23.8 250.24 250.24 249.99 1 0.03 250.41 250.54 250.54 250.65
-28.939899 -51.188499 DCRS-00087 2026-07-20_07:53 17.4 -999.9 -999.9 95.5 -999.9 -999.9 16.7 -999.9 -999.9 975.0 -999.9 -999.9 0.0 -999.9 5.0 9.0 0.0 23.8 23.8 23.8 24.0 24.2 19.9 16.5 95.9 74.5 24.3 DCRS_-_Antônio_Prado/Flores_da_Cunha_(292_m) -999.9 -999.9 979.1 973.8 975.0 16.8 15.1 11.0 Rio_Grande_do_Sul DCRS -999.9 0.0 23.8 250.24 250.24 249.99 1 0.03 250.41 250.54 250.54 250.65
-28.939899 -51.188499 DCRS-00087 2026-07-20_07:54 17.5 -999.9 -999.9 95.5 -999.9 -999.9 16.8 -999.9 -999.9 975.0 -999.9 -999.9 3.6 -999.9 5.0 9.0 0.0 23.8 23.8 23.8 24.0 24.2 19.9 16.5 95.9 74.5 24.3 DCRS_-_Antônio_Prado/Flores_da_Cunha_(292_m) -999.9 -999.9 979.1 973.8 975.0 16.8 15.1 11.0 Rio_Grande_do_Sul DCRS -999.9 0.0 23.8 250.24 250.24 249.99 1 0.03 250.41 250.54 250.54 250.65
-28.939899 -51.188499 DCRS-00087 2026-07-20_07:55 17.4 -999.9 -999.9 95.5 -999.9 -999.9 16.7 -999.9 -999.9 975.1 -999.9 -999.9 -999.9 -999.9 4.6 9.0 0.0 23.8 23.8 23.8 24.0 24.2 19.9 16.5 95.9 74.5 24.3 DCRS_-_Antônio_Prado/Flores_da_Cunha_(292_m) -999.9 -999.9 979.1 973.8 975.1 16.8 15.1 11.0 Rio_Grande_do_Sul DCRS -999.9 0.0 23.8 250.24 250.24 249.99 1 0.03 250.41 250.54 250.54 250.65
-28.939899 -51.188499 DCRS-00087 2026-07-20_07:56 17.4 -999.9 -999.9 95.6 -999.9 -999.9 16.7 -999.9 -999.9 975.1 -999.9 -999.9 2.7 -999.9 4.6 9.0 0.0 23.8 23.8 23.8 24.0 24.2 19.9 16.5 95.9 74.5 24.3 DCRS_-_Antônio_Prado/Flores_da_Cunha_(292_m) -999.9 -999.9 979.1 973.8 975.1 16.8 15.1 11.0 Rio_Grande_do_Sul DCRS -999.9 0.0 23.8 250.24 250.24 249.99 1 0.03 250.41 250.54 250.54 250.65
-28.939899 -51.188499 DCRS-00087 2026-07-20_07:57 17.4 -999.9 -999.9 95.6 -999.9 -999.9 16.7 -999.9 -999.9 975.1 -999.9 -999.9 2.6 -999.9 4.6 9.0 0.0 23.8 23.8 23.8 24.0 24.2 19.9 16.5 95.9 74.5 24.3 DCRS_-_Antônio_Prado/Flores_da_Cunha_(292_m) -999.9 -999.9 979.1 973.8 975.1 16.8 15.1 11.0 Rio_Grande_do_Sul DCRS -999.9 0.0 23.8 250.24 250.24 249.99 1 0.03 250.41 250.54 250.54 250.65
-28.939899 -51.188499 DCRS-00087 2026-07-20_07:58 17.4 -999.9 -999.9 95.7 -999.9 -999.9 16.7 -999.9 -999.9 975.1 -999.9 -999.9 -999.9 -999.9 4.6 10.0 0.0 23.8 23.8 23.8 24.0 24.2 19.9 16.5 95.9 74.5 24.3 DCRS_-_Antônio_Prado/Flores_da_Cunha_(292_m) -999.9 -999.9 979.1 973.8 975.1 16.8 15.1 11.0 Rio_Grande_do_Sul DCRS -999.9 0.0 23.8 250.24 250.24 249.99 1 0.03 250.41 250.54 250.54 250.65
-28.939899 -51.188499 DCRS-00087 2026-07-20_07:59 17.3 -999.9 -999.9 95.7 -999.9 -999.9 16.6 -999.9 -999.9 975.1 -999.9 -999.9 -999.9 -999.9 4.6 11.0 0.0 23.8 23.8 23.8 24.0 24.2 19.9 16.5 95.9 74.5 24.3 DCRS_-_Antônio_Prado/Flores_da_Cunha_(292_m) -999.9 -999.9 979.1 973.8 975.1 16.8 15.1 11.0 Rio_Grande_do_Sul DCRS -999.9 0.0 23.8 250.24 250.24 249.99 1 0.02 250.41 250.54 250.54 250.65
-28.939899 -51.188499 DCRS-00087 2026-07-20_08:00 17.4 -999.9 -999.9 95.7 -999.9 -999.9 16.7 -999.9 -999.9 975.1 -999.9 -999.9 6.9 -999.9 10.3 13.0 0.0 23.8 23.8 23.8 24.0 24.2 19.9 16.5 95.9 74.5 24.3 DCRS_-_Antônio_Prado/Flores_da_Cunha_(292_m) -999.9 -999.9 979.1 973.8 975.1 16.8 15.1 13.0 Rio_Grande_do_Sul DCRS -999.9 0.0 23.8 250.26 250.26 249.99 1 0.04 250.41 250.54 250.54 250.65
-28.939899 -51.188499 DCRS-00087 2026-07-20_08:01 17.3 -999.9 -999.9 95.7 -999.9 -999.9 16.6 -999.9 -999.9 975.0 -999.9 -999.9 0.0 -999.9 10.3 14.0 0.0 23.8 23.8 23.8 24.0 24.2 19.9 16.5 95.9 74.5 24.3 DCRS_-_Antônio_Prado/Flores_da_Cunha_(292_m) -999.9 -999.9 979.1 973.8 975.0 16.8 15.1 14.0 Rio_Grande_do_Sul DCRS -999.9 0.0 23.8 250.26 250.26 249.99 1 0.04 250.41 250.54 250.54 250.65
-28.939899 -51.188499 DCRS-00087 2026-07-20_08:02 17.4 -999.9 -999.9 95.8 -999.9 -999.9 16.7 -999.9 -999.9 975.0 -999.9 -999.9 0.0 -999.9 10.3 15.0 0.0 23.8 23.8 23.8 24.0 24.2 19.9 16.5 95.9 74.5 24.3 DCRS_-_Antônio_Prado/Flores_da_Cunha_(292_m) -999.9 -999.9 979.1 973.8 975.0 16.8 15.1 15.0 Rio_Grande_do_Sul DCRS -999.9 0.0 23.8 250.26 250.26 249.99 1 0.04 250.41 250.54 250.54 250.65
-28.939899 -51.188499 DCRS-00087 2026-07-20_08:03 17.4 -999.9 -999.9 95.8 -999.9 -999.9 16.7 -999.9 -999.9 975.0 -999.9 -999.9 0.0 -999.9 10.3 15.0 0.0 23.8 23.8 23.8 24.0 24.2 19.9 16.5 95.9 74.5 24.3 DCRS_-_Antônio_Prado/Flores_da_Cunha_(292_m) -999.9 -999.9 979.1 973.8 975.0 16.8 15.1 15.0 Rio_Grande_do_Sul DCRS -999.9 0.0 23.8 250.26 250.26 249.99 1 0.04 250.41 250.54 250.54 250.65
-28.939899 -51.188499 DCRS-00087 2026-07-20_08:04 17.4 -999.9 -999.9 95.7 -999.9 -999.9 16.7 -999.9 -999.9 975.0 -999.9 -999.9 2.7 -999.9 10.3 16.0 0.0 23.8 23.8 23.8 24.0 24.2 19.9 16.5 95.9 74.5 24.3 DCRS_-_Antônio_Prado/Flores_da_Cunha_(292_m) -999.9 -999.9 979.1 973.8 975.0 16.8 15.1 16.0 Rio_Grande_do_Sul DCRS -999.9 0.0 23.8 250.26 250.26 249.99 1 0.04 250.41 250.54 250.54 250.65
-28.939899 -51.188499 DCRS-00087 2026-07-20_08:05 17.4 -999.9 -999.9 95.7 -999.9 -999.9 16.7 -999.9 -999.9 975.1 -999.9 -999.9 2.6 -999.9 8.5 16.0 0.0 23.8 23.8 23.8 24.0 24.2 19.9 16.5 95.9 74.5 24.3 DCRS_-_Antônio_Prado/Flores_da_Cunha_(292_m) -999.9 -999.9 979.1 973.8 975.1 16.8 15.1 16.0 Rio_Grande_do_Sul DCRS -999.9 0.0 23.8 250.26 250.26 249.99 1 0.04 250.41 250.54 250.54 250.65
-28.939899 -51.188499 DCRS-00087 2026-07-20_08:06 17.3 -999.9 -999.9 95.7 -999.9 -999.9 16.6 -999.9 -999.9 975.1 -999.9 -999.9 5.3 -999.9 8.5 16.0 0.0 23.8 23.8 23.8 24.0 24.2 19.9 16.5 95.9 74.5 24.3 DCRS_-_Antônio_Prado/Flores_da_Cunha_(292_m) -999.9 -999.9 979.1 973.8 975.1 16.8 15.1 16.0 Rio_Grande_do_Sul DCRS -999.9 0.0 23.8 250.26 250.26 249.99 1 0.04 250.41 250.54 250.54 250.65
-28.939899 -51.188499 DCRS-00087 2026-07-20_08:07 17.4 -999.9 -999.9 95.8 -999.9 -999.9 16.7 -999.9 -999.9 975.1 -999.9 -999.9 0.0 -999.9 8.5 16.0 0.0 23.8 23.8 23.8 24.0 24.2 19.9 16.5 95.9 74.5 24.3 DCRS_-_Antônio_Prado/Flores_da_Cunha_(292_m) -999.9 -999.9 979.1 973.8 975.1 16.8 15.1 16.0 Rio_Grande_do_Sul DCRS -999.9 0.0 23.8 250.26 250.26 249.99 1 0.04 250.41 250.54 250.54 250.65
-28.939899 -51.188499 DCRS-00087 2026-07-20_08:08 17.4 -999.9 -999.9 95.8 -999.9 -999.9 16.7 -999.9 -999.9 975.1 -999.9 -999.9 4.9 -999.9 8.5 16.0 0.0 23.8 23.8 23.8 24.0 24.2 19.9 16.5 95.9 74.5 24.3 DCRS_-_Antônio_Prado/Flores_da_Cunha_(292_m) -999.9 -999.9 979.1 973.8 975.1 16.8 15.1 16.0 Rio_Grande_do_Sul DCRS -999.9 0.0 23.8 250.26 250.26 249.99 1 0.04 250.41 250.54 250.54 250.65
-28.939899 -51.188499 DCRS-00087 2026-07-20_08:09 17.4 -999.9 -999.9 95.8 -999.9 -999.9 16.7 -999.9 -999.9 975.1 -999.9 -999.9 5.5 -999.9 8.5 15.0 0.0 23.8 23.8 23.8 24.0 24.2 19.9 16.5 95.9 74.5 24.3 DCRS_-_Antônio_Prado/Flores_da_Cunha_(292_m) -999.9 -999.9 979.1 973.8 975.1 16.8 15.1 16.0 Rio_Grande_do_Sul DCRS -999.9 0.0 23.8 250.26 250.26 249.99 1 0.04 250.41 250.54 250.54 250.65
-28.939899 -51.188499 DCRS-00087 2026-07-20_08:10 17.3 -999.9 -999.9 95.7 -999.9 -999.9 16.6 -999.9 -999.9 975.1 -999.9 -999.9 4.0 -999.9 5.9 14.0 0.0 23.8 23.8 23.8 24.0 24.2 19.9 16.5 95.9 74.5 24.3 DCRS_-_Antônio_Prado/Flores_da_Cunha_(292_m) -999.9 -999.9 979.1 973.8 975.1 16.8 15.1 16.0 Rio_Grande_do_Sul DCRS -999.9 0.0 23.8 250.26 250.26 249.99 1 0.04 250.41 250.54 250.54 250.65
-28.939899 -51.188499 DCRS-00087 2026-07-20_08:11 17.3 -999.9 -999.9 95.7 -999.9 -999.9 16.6 -999.9 -999.9 975.1 -999.9 -999.9 2.5 -999.9 5.9 14.0 0.0 23.8 23.8 23.8 24.0 24.2 19.9 16.5 95.9 74.5 24.3 DCRS_-_Antônio_Prado/Flores_da_Cunha_(292_m) -999.9 -999.9 979.1 973.8 975.1 16.8 15.1 16.0 Rio_Grande_do_Sul DCRS -999.9 0.0 23.8 250.26 250.26 249.99 1 0.04 250.41 250.54 250.54 250.65
-28.939899 -51.188499 DCRS-00087 2026-07-20_08:12 17.4 -999.9 -999.9 95.7 -999.9 -999.9 16.7 -999.9 -999.9 975.1 -999.9 -999.9 3.6 -999.9 5.9 15.0 0.0 23.8 23.8 23.8 24.0 24.2 19.9 16.5 95.9 74.5 24.3 DCRS_-_Antônio_Prado/Flores_da_Cunha_(292_m) -999.9 -999.9 979.1 973.8 975.1 16.8 15.1 16.0 Rio_Grande_do_Sul DCRS -999.9 0.0 23.8 250.27 250.27 249.99 1 0.05 250.41 250.54 250.54 250.65
-28.939899 -51.188499 DCRS-00087 2026-07-20_08:13 17.3 -999.9 -999.9 95.8 -999.9 -999.9 16.6 -999.9 -999.9 975.1 -999.9 -999.9 0.0 -999.9 5.9 17.0 0.0 23.8 23.8 23.8 24.0 24.2 19.9 16.5 95.9 74.5 24.3 DCRS_-_Antônio_Prado/Flores_da_Cunha_(292_m) -999.9 -999.9 979.1 973.8 975.1 16.8 15.1 17.0 Rio_Grande_do_Sul DCRS -999.9 0.0 23.8 250.27 250.27 249.99 1 0.05 250.41 250.54 250.54 250.65
-28.939899 -51.188499 DCRS-00087 2026-07-20_08:14 17.4 -999.9 -999.9 95.9 -999.9 -999.9 16.7 -999.9 -999.9 975.1 -999.9 -999.9 2.1 -999.9 5.9 18.0 0.0 23.8 23.8 23.8 24.0 24.2 19.9 16.5 95.9 74.5 24.3 DCRS_-_Antônio_Prado/Flores_da_Cunha_(292_m) -999.9 -999.9 979.1 973.8 975.1 16.8 15.1 18.0 Rio_Grande_do_Sul DCRS -999.9 0.0 23.8 250.27 250.27 249.99 1 0.05 250.41 250.54 250.54 250.65
-28.939899 -51.188499 DCRS-00087 2026-07-20_08:15 17.4 -999.9 -999.9 95.8 -999.9 -999.9 16.7 -999.9 -999.9 975.1 -999.9 -999.9 0.0 -999.9 5.1 19.0 0.0 23.8 23.8 23.8 24.0 24.2 19.9 16.5 95.9 74.5 24.3 DCRS_-_Antônio_Prado/Flores_da_Cunha_(292_m) -999.9 -999.9 979.1 973.8 975.1 16.8 15.1 19.0 Rio_Grande_do_Sul DCRS -999.9 0.0 23.8 250.27 250.27 249.99 1 0.05 250.41 250.54 250.54 250.65
-28.939899 -51.188499 DCRS-00087 2026-07-20_08:16 17.4 -999.9 -999.9 95.9 -999.9 -999.9 16.7 -999.9 -999.9 975.0 -999.9 -999.9 0.0 -999.9 5.1 19.0 0.0 23.8 23.8 23.8 24.0 24.2 19.9 16.5 95.9 74.5 24.3 DCRS_-_Antônio_Prado/Flores_da_Cunha_(292_m) -999.9 -999.9 979.1 973.8 975.0 16.8 15.1 19.0 Rio_Grande_do_Sul DCRS -999.9 0.0 23.8 250.27 250.27 249.99 1 0.05 250.41 250.54 250.54 250.65
-28.939899 -51.188499 DCRS-00087 2026-07-20_08:17 17.4 -999.9 -999.9 95.9 -999.9 -999.9 16.7 -999.9 -999.9 975.0 -999.9 -999.9 0.0 -999.9 5.1 20.0 0.0 23.8 23.8 23.8 24.0 24.2 19.9 16.5 95.9 74.5 24.3 DCRS_-_Antônio_Prado/Flores_da_Cunha_(292_m) -999.9 -999.9 979.1 973.8 975.0 16.8 15.1 20.0 Rio_Grande_do_Sul DCRS -999.9 0.0 23.8 250.27 250.27 249.99 1 0.05 250.41 250.54 250.54 250.65
-28.939899 -51.188499 DCRS-00087 2026-07-20_08:18 17.4 -999.9 -999.9 95.9 -999.9 -999.9 16.7 -999.9 -999.9 975.0 -999.9 -999.9 3.1 -999.9 5.1 21.0 0.0 23.8 23.8 23.8 24.0 24.2 19.9 16.5 95.9 74.5 24.3 DCRS_-_Antônio_Prado/Flores_da_Cunha_(292_m) -999.9 -999.9 979.1 973.8 975.0 16.8 15.1 21.0 Rio_Grande_do_Sul DCRS -999.9 0.0 23.8 250.27 250.27 249.99 1 0.05 250.41 250.54 250.54 250.65
-28.939899 -51.188499 DCRS-00087 2026-07-20_08:19 17.4 -999.9 -999.9 95.9 -999.9 -999.9 16.7 -999.9 -999.9 975.0 -999.9 -999.9 0.0 -999.9 5.1 20.0 0.0 23.8 23.8 23.8 24.0 24.2 19.9 16.5 95.9 74.5 24.3 DCRS_-_Antônio_Prado/Flores_da_Cunha_(292_m) -999.9 -999.9 979.1 973.8 975.0 16.8 15.1 21.0 Rio_Grande_do_Sul DCRS -999.9 0.0 23.8 250.27 250.27 249.99 1 0.04 250.41 250.54 250.54 250.65
-28.939899 -51.188499 DCRS-00087 2026-07-20_08:20 17.4 -999.9 -999.9 95.8 -999.9 -999.9 16.7 -999.9 -999.9 975.0 -999.9 -999.9 2.7 -999.9 3.2 20.0 0.0 23.8 23.8 23.8 24.0 24.2 19.9 16.5 95.9 74.5 24.3 DCRS_-_Antônio_Prado/Flores_da_Cunha_(292_m) -999.9 -999.9 979.1 973.8 975.0 16.8 15.1 21.0 Rio_Grande_do_Sul DCRS -999.9 0.0 23.8 250.27 250.27 249.99 1 0.04 250.41 250.54 250.54 250.65
-28.939899 -51.188499 DCRS-00087 2026-07-20_08:21 17.5 -999.9 -999.9 95.8 -999.9 -999.9 16.8 -999.9 -999.9 974.9 -999.9 -999.9 2.3 -999.9 3.2 19.0 0.0 23.8 23.8 23.8 24.0 24.2 19.9 16.5 95.9 74.5 24.3 DCRS_-_Antônio_Prado/Flores_da_Cunha_(292_m) -999.9 -999.9 979.1 973.8 974.9 16.8 15.1 21.0 Rio_Grande_do_Sul DCRS -999.9 0.0 23.8 250.27 250.27 249.99 1 0.04 250.41 250.54 250.54 250.65
-28.939899 -51.188499 DCRS-00087 2026-07-20_08:22 17.5 -999.9 -999.9 95.7 -999.9 -999.9 16.8 -999.9 -999.9 974.9 -999.9 -999.9 0.0 -999.9 3.2 19.0 0.0 23.8 23.8 23.8 24.0 24.2 19.9 16.5 95.9 74.5 24.3 DCRS_-_Antônio_Prado/Flores_da_Cunha_(292_m) -999.9 -999.9 979.1 973.8 974.9 16.8 15.1 21.0 Rio_Grande_do_Sul DCRS -999.9 0.0 23.8 250.27 250.27 249.99 1 0.04 250.41 250.54 250.54 250.65
-28.939899 -51.188499 DCRS-00087 2026-07-20_08:23 17.5 -999.9 -999.9 95.9 -999.9 -999.9 16.8 -999.9 -999.9 974.8 -999.9 -999.9 0.0 -999.9 3.2 17.0 0.0 23.8 23.8 23.8 24.0 24.2 19.9 16.5 95.9 74.5 24.3 DCRS_-_Antônio_Prado/Flores_da_Cunha_(292_m) -999.9 -999.9 979.1 973.8 974.8 16.8 15.1 21.0 Rio_Grande_do_Sul DCRS -999.9 0.0 23.8 250.27 250.27 249.99 1 0.06 250.41 250.54 250.54 250.65
-28.939899 -51.188499 DCRS-00087 2026-07-20_08:24 17.5 -999.9 -999.9 95.8 -999.9 -999.9 16.8 -999.9 -999.9 974.8 -999.9 -999.9 0.0 -999.9 3.2 16.0 0.0 23.8 23.8 23.8 24.0 24.2 19.9 16.5 95.9 74.5 24.3 DCRS_-_Antônio_Prado/Flores_da_Cunha_(292_m) -999.9 -999.9 979.1 973.8 974.8 16.8 15.1 21.0 Rio_Grande_do_Sul DCRS -999.9 0.0 23.8 250.27 250.27 249.99 1 0.04 250.41 250.54 250.54 250.65
-28.939899 -51.188499 DCRS-00087 2026-07-20_08:25 17.5 -999.9 -999.9 95.9 -999.9 -999.9 16.8 -999.9 -999.9 974.8 -999.9 -999.9 0.0 -999.9 3.2 15.0 0.0 23.8 23.8 23.8 24.0 24.2 19.9 16.5 95.9 74.5 24.3 DCRS_-_Antônio_Prado/Flores_da_Cunha_(292_m) -999.9 -999.9 979.1 973.8 974.8 16.8 15.1 21.0 Rio_Grande_do_Sul DCRS -999.9 0.0 23.8 250.27 250.27 249.99 1 0.04 250.41 250.54 250.54 250.65
-28.939899 -51.188499 DCRS-00087 2026-07-20_08:26 17.5 -999.9 -999.9 95.8 -999.9 -999.9 16.8 -999.9 -999.9 974.8 -999.9 -999.9 0.0 -999.9 3.2 14.0 0.0 23.8 23.8 23.8 24.0 24.2 19.9 16.5 95.9 74.5 24.3 DCRS_-_Antônio_Prado/Flores_da_Cunha_(292_m) -999.9 -999.9 979.1 973.8 974.8 16.8 15.1 21.0 Rio_Grande_do_Sul DCRS -999.9 0.0 23.8 250.27 250.27 249.99 1 0.04 250.41 250.54 250.54 250.65
-28.939899 -51.188499 DCRS-00087 2026-07-20_08:27 17.5 -999.9 -999.9 95.7 -999.9 -999.9 16.8 -999.9 -999.9 974.7 -999.9 -999.9 0.0 -999.9 3.2 14.0 0.0 23.8 23.8 23.8 24.0 24.2 19.9 16.5 95.9 74.5 24.3 DCRS_-_Antônio_Prado/Flores_da_Cunha_(292_m) -999.9 -999.9 979.1 973.8 974.7 16.8 15.1 21.0 Rio_Grande_do_Sul DCRS -999.9 0.0 23.8 250.27 250.27 249.99 1 0.07 250.41 250.54 250.54 250.65
-28.939899 -51.188499 DCRS-00087 2026-07-20_08:28 17.5 -999.9 -999.9 95.7 -999.9 -999.9 16.8 -999.9 -999.9 974.7 -999.9 -999.9 0.0 -999.9 3.2 14.0 0.0 23.8 23.8 23.8 24.0 24.2 19.9 16.5 95.9 74.5 24.3 DCRS_-_Antônio_Prado/Flores_da_Cunha_(292_m) -999.9 -999.9 979.1 973.8 974.7 16.8 15.1 21.0 Rio_Grande_do_Sul DCRS -999.9 0.0 23.8 250.27 250.27 249.99 1 0.05 250.41 250.54 250.54 250.65
-28.939899 -51.188499 DCRS-00087 2026-07-20_08:29 17.5 -999.9 -999.9 95.7 -999.9 -999.9 16.8 -999.9 -999.9 974.6 -999.9 -999.9 0.0 -999.9 3.2 13.0 0.0 23.8 23.8 23.8 24.0 24.2 19.9 16.5 95.9 74.5 24.3 DCRS_-_Antônio_Prado/Flores_da_Cunha_(292_m) -999.9 -999.9 979.1 973.8 974.6 16.8 15.1 21.0 Rio_Grande_do_Sul DCRS -999.9 0.0 23.8 250.27 250.27 249.99 1 0.05 250.41 250.54 250.54 250.65
-28.939899 -51.188499 DCRS-00087 2026-07-20_08:30 17.5 -999.9 -999.9 95.6 -999.9 -999.9 16.8 -999.9 -999.9 974.6 -999.9 -999.9 0.0 -999.9 2.6 13.0 0.0 23.8 23.8 23.8 24.0 24.2 19.9 16.5 95.9 74.5 24.3 DCRS_-_Antônio_Prado/Flores_da_Cunha_(292_m) -999.9 -999.9 979.1 973.8 974.6 16.8 15.1 21.0 Rio_Grande_do_Sul DCRS -999.9 0.0 23.8 250.27 250.27 249.99 1 0.05 250.41 250.54 250.54 250.65
-28.939899 -51.188499 DCRS-00087 2026-07-20_08:31 17.5 -999.9 -999.9 95.5 -999.9 -999.9 16.8 -999.9 -999.9 974.6 -999.9 -999.9 2.4 -999.9 2.6 13.0 0.0 23.8 23.8 23.8 24.0 24.2 19.9 16.5 95.9 74.5 24.3 DCRS_-_Antônio_Prado/Flores_da_Cunha_(292_m) -999.9 -999.9 979.1 973.8 974.6 16.8 15.1 21.0 Rio_Grande_do_Sul DCRS -999.9 0.0 23.8 250.27 250.27 249.99 1 0.05 250.41 250.54 250.54 250.65
-28.939899 -51.188499 DCRS-00087 2026-07-20_08:32 17.5 -999.9 -999.9 95.6 -999.9 -999.9 16.8 -999.9 -999.9 974.6 -999.9 -999.9 0.0 -999.9 2.6 12.0 0.0 23.8 23.8 23.8 24.0 24.2 19.9 16.5 95.9 74.5 24.3 DCRS_-_Antônio_Prado/Flores_da_Cunha_(292_m) -999.9 -999.9 979.1 973.8 974.6 16.8 15.1 21.0 Rio_Grande_do_Sul DCRS -999.9 0.0 23.8 250.27 250.27 249.99 1 0.05 250.41 250.54 250.54 250.65
-28.939899 -51.188499 DCRS-00087 2026-07-20_08:33 17.5 -999.9 -999.9 95.5 -999.9 -999.9 16.8 -999.9 -999.9 974.6 -999.9 -999.9 0.0 -999.9 2.6 11.0 0.0 23.8 23.8 23.8 24.0 24.2 19.9 16.5 95.9 74.5 24.3 DCRS_-_Antônio_Prado/Flores_da_Cunha_(292_m) -999.9 -999.9 979.1 973.8 974.6 16.8 15.1 21.0 Rio_Grande_do_Sul DCRS -999.9 0.0 23.8 250.27 250.27 249.99 1 0.05 250.41 250.54 250.54 250.65
-28.939899 -51.188499 DCRS-00087 2026-07-20_08:34 17.5 -999.9 -999.9 95.4 -999.9 -999.9 16.8 -999.9 -999.9 974.6 -999.9 -999.9 -999.9 -999.9 2.6 11.0 0.0 23.8 23.8 23.8 24.0 24.2 19.9 16.5 95.9 74.5 24.3 DCRS_-_Antônio_Prado/Flores_da_Cunha_(292_m) -999.9 -999.9 979.1 973.8 974.6 16.8 15.1 21.0 Rio_Grande_do_Sul DCRS -999.9 0.0 23.8 250.27 250.27 249.99 1 0.05 250.41 250.54 250.54 250.65
-28.939899 -51.188499 DCRS-00087 2026-07-20_08:35 17.5 -999.9 -999.9 95.5 -999.9 -999.9 16.8 -999.9 -999.9 974.6 -999.9 -999.9 0.0 -999.9 3.5 10.0 0.0 23.8 23.8 23.8 24.0 24.2 19.9 16.5 95.9 74.5 24.3 DCRS_-_Antônio_Prado/Flores_da_Cunha_(292_m) -999.9 -999.9 979.1 973.8 974.6 16.8 15.1 21.0 Rio_Grande_do_Sul DCRS -999.9 0.0 23.8 250.27 250.27 249.99 1 0.05 250.41 250.54 250.54 250.65
-28.939899 -51.188499 DCRS-00087 2026-07-20_08:36 17.5 -999.9 -999.9 95.5 -999.9 -999.9 16.8 -999.9 -999.9 974.5 -999.9 -999.9 1.8 -999.9 3.5 10.0 0.0 23.8 23.8 23.8 24.0 24.2 19.9 16.5 95.9 74.5 24.3 DCRS_-_Antônio_Prado/Flores_da_Cunha_(292_m) -999.9 -999.9 979.1 973.8 974.5 16.8 15.1 21.0 Rio_Grande_do_Sul DCRS -999.9 0.0 23.8 250.27 250.27 249.99 1 0.05 250.41 250.54 250.54 250.65
-28.939899 -51.188499 DCRS-00087 2026-07-20_08:37 17.5 -999.9 -999.9 95.6 -999.9 -999.9 16.8 -999.9 -999.9 974.5 -999.9 -999.9 3.1 -999.9 3.5 9.0 0.0 23.8 23.8 23.8 24.0 24.2 19.9 16.5 95.9 74.5 24.3 DCRS_-_Antônio_Prado/Flores_da_Cunha_(292_m) -999.9 -999.9 979.1 973.8 974.5 16.8 15.1 21.0 Rio_Grande_do_Sul DCRS -999.9 0.0 23.8 250.29 250.29 249.99 1 0.07 250.41 250.54 250.54 250.65
-28.939899 -51.188499 DCRS-00087 2026-07-20_08:38 17.5 -999.9 -999.9 95.6 -999.9 -999.9 16.8 -999.9 -999.9 974.4 -999.9 -999.9 1.9 -999.9 3.5 8.0 0.0 23.8 23.8 23.8 24.0 24.2 19.9 16.5 95.9 74.5 24.3 DCRS_-_Antônio_Prado/Flores_da_Cunha_(292_m) -999.9 -999.9 979.1 973.8 974.4 16.8 15.1 21.0 Rio_Grande_do_Sul DCRS -999.9 0.0 23.8 250.29 250.29 249.99 1 0.07 250.41 250.54 250.54 250.65
-28.939899 -51.188499 DCRS-00087 2026-07-20_08:39 17.4 -999.9 -999.9 95.6 -999.9 -999.9 16.7 -999.9 -999.9 974.4 -999.9 -999.9 0.0 -999.9 3.5 8.0 0.0 23.8 23.8 23.8 24.0 24.2 19.9 16.5 95.9 74.5 24.3 DCRS_-_Antônio_Prado/Flores_da_Cunha_(292_m) -999.9 -999.9 979.1 973.8 974.4 16.8 15.1 21.0 Rio_Grande_do_Sul DCRS -999.9 0.0 23.8 250.29 250.29 249.99 1 0.07 250.41 250.54 250.54 250.65
-28.939899 -51.188499 DCRS-00087 2026-07-20_08:40 17.4 -999.9 -999.9 95.6 -999.9 -999.9 16.7 -999.9 -999.9 974.4 -999.9 -999.9 0.0 -999.9 5.5 8.0 0.0 23.8 23.8 23.8 24.0 24.2 19.9 16.5 95.9 74.5 24.3 DCRS_-_Antônio_Prado/Flores_da_Cunha_(292_m) -999.9 -999.9 979.1 973.8 974.4 16.8 15.1 21.0 Rio_Grande_do_Sul DCRS -999.9 0.0 23.8 250.29 250.29 249.99 1 0.07 250.41 250.54 250.54 250.65
-28.939899 -51.188499 DCRS-00087 2026-07-20_08:41 17.5 -999.9 -999.9 95.7 -999.9 -999.9 16.8 -999.9 -999.9 974.4 -999.9 -999.9 0.0 -999.9 5.5 7.0 0.0 23.8 23.8 23.8 24.0 24.2 19.9 16.5 95.9 74.5 24.3 DCRS_-_Antônio_Prado/Flores_da_Cunha_(292_m) -999.9 -999.9 979.1 973.8 974.4 16.8 15.1 21.0 Rio_Grande_do_Sul DCRS -999.9 0.0 23.8 250.29 250.29 249.99 1 0.07 250.41 250.54 250.54 250.65
-28.939899 -51.188499 DCRS-00087 2026-07-20_08:42 17.5 -999.9 -999.9 95.8 -999.9 -999.9 16.8 -999.9 -999.9 974.4 -999.9 -999.9 0.0 -999.9 5.5 7.0 0.0 23.8 23.8 23.8 24.0 24.2 19.9 16.5 95.9 74.5 24.3 DCRS_-_Antônio_Prado/Flores_da_Cunha_(292_m) -999.9 -999.9 979.1 973.8 974.4 16.8 15.1 21.0 Rio_Grande_do_Sul DCRS -999.9 0.0 23.8 250.29 250.29 249.99 1 0.07 250.41 250.54 250.54 250.65
-28.939899 -51.188499 DCRS-00087 2026-07-20_08:43 17.5 -999.9 -999.9 95.8 -999.9 -999.9 16.8 -999.9 -999.9 974.3 -999.9 -999.9 2.2 -999.9 5.5 7.0 0.0 23.8 23.8 23.8 24.0 24.2 19.9 16.5 95.9 74.5 24.3 DCRS_-_Antônio_Prado/Flores_da_Cunha_(292_m) -999.9 -999.9 979.1 973.8 974.3 16.8 15.1 21.0 Rio_Grande_do_Sul DCRS -999.9 0.0 23.8 250.29 250.29 249.99 1 0.07 250.41 250.54 250.54 250.65
-28.939899 -51.188499 DCRS-00087 2026-07-20_08:44 17.5 -999.9 -999.9 95.8 -999.9 -999.9 16.8 -999.9 -999.9 974.3 -999.9 -999.9 0.0 -999.9 5.5 6.0 0.0 23.8 23.8 23.8 24.0 24.2 19.9 16.5 95.9 74.5 24.3 DCRS_-_Antônio_Prado/Flores_da_Cunha_(292_m) -999.9 -999.9 979.1 973.8 974.3 16.8 15.1 21.0 Rio_Grande_do_Sul DCRS -999.9 0.0 23.8 250.29 250.29 249.99 1 0.07 250.41 250.54 250.54 250.65
-28.939899 -51.188499 DCRS-00087 2026-07-20_08:45 17.5 -999.9 -999.9 95.8 -999.9 -999.9 16.8 -999.9 -999.9 974.2 -999.9 -999.9 2.3 -999.9 5.9 6.0 0.0 23.8 23.8 23.8 24.0 24.2 19.9 16.5 95.9 74.5 24.3 DCRS_-_Antônio_Prado/Flores_da_Cunha_(292_m) -999.9 -999.9 979.1 973.8 974.2 16.8 15.1 21.0 Rio_Grande_do_Sul DCRS -999.9 0.0 23.8 250.29 250.29 249.99 1 0.06 250.41 250.54 250.54 250.65
-28.939899 -51.188499 DCRS-00087 2026-07-20_08:46 17.5 -999.9 -999.9 95.8 -999.9 -999.9 16.8 -999.9 -999.9 974.2 -999.9 -999.9 2.6 -999.9 5.9 6.0 0.0 23.8 23.8 23.8 24.0 24.2 19.9 16.5 95.9 74.5 24.3 DCRS_-_Antônio_Prado/Flores_da_Cunha_(292_m) -999.9 -999.9 979.1 973.8 974.2 16.8 15.1 21.0 Rio_Grande_do_Sul DCRS -999.9 0.0 23.8 250.29 250.29 249.99 1 0.06 250.41 250.54 250.54 250.65
-28.939899 -51.188499 DCRS-00087 2026-07-20_08:47 17.4 -999.9 -999.9 95.9 -999.9 -999.9 16.7 -999.9 -999.9 974.1 -999.9 -999.9 0.0 -999.9 5.9 7.0 0.0 23.8 23.8 23.8 24.0 24.2 19.9 16.5 95.9 74.5 24.3 DCRS_-_Antônio_Prado/Flores_da_Cunha_(292_m) -999.9 -999.9 979.1 973.8 974.1 16.8 15.1 21.0 Rio_Grande_do_Sul DCRS -999.9 0.0 23.8 250.29 250.29 249.99 1 0.06 250.41 250.54 250.54 250.65
-28.939899 -51.188499 DCRS-00087 2026-07-20_08:48 17.5 -999.9 -999.9 95.8 -999.9 -999.9 16.8 -999.9 -999.9 974.1 -999.9 -999.9 0.0 -999.9 5.9 7.0 0.0 23.8 23.8 23.8 24.0 24.2 19.9 16.5 95.9 74.5 24.3 DCRS_-_Antônio_Prado/Flores_da_Cunha_(292_m) -999.9 -999.9 979.1 973.8 974.1 16.8 15.1 21.0 Rio_Grande_do_Sul DCRS -999.9 0.0 23.8 250.29 250.29 249.99 1 0.05 250.41 250.54 250.54 250.65
-28.939899 -51.188499 DCRS-00087 2026-07-20_08:49 17.4 -999.9 -999.9 95.6 -999.9 -999.9 16.7 -999.9 -999.9 974.2 -999.9 -999.9 3.2 -999.9 5.9 6.0 0.0 23.8 23.8 23.8 24.0 24.2 19.9 16.5 95.9 74.5 24.3 DCRS_-_Antônio_Prado/Flores_da_Cunha_(292_m) -999.9 -999.9 979.1 973.8 974.2 16.8 15.1 21.0 Rio_Grande_do_Sul DCRS -999.9 0.0 23.8 250.29 250.29 249.99 1 0.05 250.41 250.54 250.54 250.65
-28.939899 -51.188499 DCRS-00087 2026-07-20_08:50 17.5 -999.9 -999.9 95.7 -999.9 -999.9 16.8 -999.9 -999.9 974.3 -999.9 -999.9 3.5 -999.9 5.5 5.0 0.0 23.8 23.8 23.8 24.0 24.2 19.9 16.5 95.9 74.5 24.3 DCRS_-_Antônio_Prado/Flores_da_Cunha_(292_m) -999.9 -999.9 979.1 973.8 974.3 16.8 15.1 21.0 Rio_Grande_do_Sul DCRS -999.9 0.0 23.8 250.29 250.29 249.99 1 0.05 250.41 250.54 250.54 250.65
-28.939899 -51.188499 DCRS-00087 2026-07-20_08:51 17.4 -999.9 -999.9 95.6 -999.9 -999.9 16.7 -999.9 -999.9 974.3 -999.9 -999.9 0.0 -999.9 5.5 5.0 0.0 23.8 23.8 23.8 24.0 24.2 19.9 16.5 95.9 74.5 24.3 DCRS_-_Antônio_Prado/Flores_da_Cunha_(292_m) -999.9 -999.9 979.1 973.8 974.3 16.8 15.1 21.0 Rio_Grande_do_Sul DCRS -999.9 0.0 23.8 250.29 250.29 249.99 1 0.05 250.41 250.54 250.54 250.65
-28.939899 -51.188499 DCRS-00087 2026-07-20_08:52 17.4 -999.9 -999.9 95.7 -999.9 -999.9 16.7 -999.9 -999.9 974.4 -999.9 -999.9 0.0 -999.9 5.5 5.0 0.0 23.8 23.8 23.8 24.0 24.2 19.9 16.5 95.9 74.5 24.3 DCRS_-_Antônio_Prado/Flores_da_Cunha_(292_m) -999.9 -999.9 979.1 973.8 974.4 16.8 15.1 21.0 Rio_Grande_do_Sul DCRS -999.9 0.0 23.8 250.29 250.29 249.99 1 0.05 250.41 250.54 250.54 250.65
-28.939899 -51.188499 DCRS-00087 2026-07-20_08:53 17.5 -999.9 -999.9 95.8 -999.9 -999.9 16.8 -999.9 -999.9 974.5 -999.9 -999.9 2.2 -999.9 5.5 5.0 0.0 23.8 23.8 23.8 24.0 24.2 19.9 16.5 95.9 74.5 24.3 DCRS_-_Antônio_Prado/Flores_da_Cunha_(292_m) -999.9 -999.9 979.1 973.8 974.5 16.8 15.1 21.0 Rio_Grande_do_Sul DCRS -999.9 0.0 23.8 250.29 250.29 249.99 1 0.05 250.41 250.54 250.54 250.65
-28.939899 -51.188499 DCRS-00087 2026-07-20_08:54 17.4 -999.9 -999.9 95.9 -999.9 -999.9 16.7 -999.9 -999.9 974.5 -999.9 -999.9 1.9 -999.9 5.5 5.0 0.0 23.8 23.8 23.8 24.0 24.2 19.9 16.5 95.9 74.5 24.3 DCRS_-_Antônio_Prado/Flores_da_Cunha_(292_m) -999.9 -999.9 979.1 973.8 974.5 16.8 15.1 21.0 Rio_Grande_do_Sul DCRS -999.9 0.0 23.8 250.29 250.29 249.99 1 0.05 250.41 250.54 250.54 250.65
-28.939899 -51.188499 DCRS-00087 2026-07-20_08:55 17.5 -999.9 -999.9 95.8 -999.9 -999.9 16.8 -999.9 -999.9 974.6 -999.9 -999.9 0.0 -999.9 5.5 5.0 0.0 23.8 23.8 23.8 24.0 24.2 19.9 16.5 95.9 74.5 24.3 DCRS_-_Antônio_Prado/Flores_da_Cunha_(292_m) -999.9 -999.9 979.1 973.8 974.6 16.8 15.1 21.0 Rio_Grande_do_Sul DCRS -999.9 0.0 23.8 250.29 250.29 249.99 1 0.05 250.41 250.54 250.54 250.65
-28.939899 -51.188499 DCRS-00087 2026-07-20_08:56 17.4 -999.9 -999.9 95.8 -999.9 -999.9 16.7 -999.9 -999.9 974.6 -999.9 -999.9 0.0 -999.9 5.5 5.0 0.0 23.8 23.8 23.8 24.0 24.2 19.9 16.5 95.9 74.5 24.3 DCRS_-_Antônio_Prado/Flores_da_Cunha_(292_m) -999.9 -999.9 979.1 973.8 974.6 16.8 15.1 21.0 Rio_Grande_do_Sul DCRS -999.9 0.0 23.8 250.29 250.29 249.99 1 0.05 250.41 250.54 250.54 250.65
-28.939899 -51.188499 DCRS-00087 2026-07-20_08:57 17.5 -999.9 -999.9 95.8 -999.9 -999.9 16.8 -999.9 -999.9 974.6 -999.9 -999.9 2.8 -999.9 5.5 5.0 0.0 23.8 23.8 23.8 24.0 24.2 19.9 16.5 95.9 74.5 24.3 DCRS_-_Antônio_Prado/Flores_da_Cunha_(292_m) -999.9 -999.9 979.1 973.8 974.6 16.8 15.1 21.0 Rio_Grande_do_Sul DCRS -999.9 0.0 23.8 250.29 250.29 249.99 1 0.05 250.41 250.54 250.54 250.65
-28.939899 -51.188499 DCRS-00087 2026-07-20_08:58 17.5 -999.9 -999.9 95.8 -999.9 -999.9 16.8 -999.9 -999.9 974.6 -999.9 -999.9 3.2 -999.9 5.5 5.0 0.0 23.8 23.8 23.8 24.0 24.2 19.9 16.5 95.9 74.5 24.3 DCRS_-_Antônio_Prado/Flores_da_Cunha_(292_m) -999.9 -999.9 979.1 973.8 974.6 16.8 15.1 21.0 Rio_Grande_do_Sul DCRS -999.9 0.0 23.8 250.29 250.29 249.99 1 0.05 250.41 250.54 250.54 250.65
-28.939899 -51.188499 DCRS-00087 2026-07-20_08:59 17.5 -999.9 -999.9 95.8 -999.9 -999.9 16.8 -999.9 -999.9 974.7 -999.9 -999.9 2.7 -999.9 5.5 5.0 0.0 23.8 23.8 23.8 24.0 24.2 19.9 16.5 95.9 74.5 24.3 DCRS_-_Antônio_Prado/Flores_da_Cunha_(292_m) -999.9 -999.9 979.1 973.8 974.7 16.8 15.1 21.0 Rio_Grande_do_Sul DCRS -999.9 0.0 23.8 250.29 250.29 249.99 1 0.05 250.41 250.54 250.54 250.65
-28.939899 -51.188499 DCRS-00087 2026-07-20_09:00 17.5 -999.9 -999.9 95.8 -999.9 -999.9 16.8 -999.9 -999.9 974.7 -999.9 -999.9 -999.9 -999.9 3.6 5.0 0.0 23.8 23.8 23.8 24.0 24.2 19.9 16.5 95.9 74.5 24.3 DCRS_-_Antônio_Prado/Flores_da_Cunha_(292_m) -999.9 -999.9 979.1 973.8 974.7 16.8 15.1 21.0 Rio_Grande_do_Sul DCRS -999.9 0.0 23.8 250.29 250.29 249.99 1 0.03 250.41 250.54 250.54 250.65
-28.939899 -51.188499 DCRS-00087 2026-07-20_09:01 17.5 -999.9 -999.9 95.7 -999.9 -999.9 16.8 -999.9 -999.9 974.8 -999.9 -999.9 3.5 -999.9 3.6 5.0 0.0 23.8 23.8 23.8 24.0 24.2 19.9 16.5 95.9 74.5 24.3 DCRS_-_Antônio_Prado/Flores_da_Cunha_(292_m) -999.9 -999.9 979.1 973.8 974.8 16.8 15.1 21.0 Rio_Grande_do_Sul DCRS -999.9 0.0 23.8 250.29 250.29 249.99 1 0.03 250.41 250.54 250.54 250.65
-28.939899 -51.188499 DCRS-00087 2026-07-20_09:02 17.4 -999.9 -999.9 95.7 -999.9 -999.9 16.7 -999.9 -999.9 974.9 -999.9 -999.9 0.0 -999.9 3.6 5.0 0.0 23.8 23.8 23.8 24.0 24.2 19.9 16.5 95.9 74.5 24.3 DCRS_-_Antônio_Prado/Flores_da_Cunha_(292_m) -999.9 -999.9 979.1 973.8 974.9 16.8 15.1 21.0 Rio_Grande_do_Sul DCRS -999.9 0.0 23.8 250.29 250.29 249.99 1 0.03 250.41 250.54 250.54 250.65
-28.939899 -51.188499 DCRS-00087 2026-07-20_09:03 17.5 -999.9 -999.9 95.8 -999.9 -999.9 16.8 -999.9 -999.9 975.1 -999.9 -999.9 -999.9 -999.9 3.6 4.0 0.0 23.8 23.8 23.8 24.0 24.2 19.9 16.5 95.9 74.5 24.3 DCRS_-_Antônio_Prado/Flores_da_Cunha_(292_m) -999.9 -999.9 979.1 973.8 975.1 16.8 15.1 21.0 Rio_Grande_do_Sul DCRS -999.9 0.0 23.8 250.29 250.29 249.99 1 0.03 250.41 250.54 250.54 250.65
-28.939899 -51.188499 DCRS-00087 2026-07-20_09:04 17.5 -999.9 -999.9 95.9 -999.9 -999.9 16.8 -999.9 -999.9 975.5 -999.9 -999.9 -999.9 -999.9 3.6 4.0 0.0 23.8 23.8 23.8 24.0 24.2 19.9 16.5 95.9 74.5 24.3 DCRS_-_Antônio_Prado/Flores_da_Cunha_(292_m) -999.9 -999.9 979.1 973.8 975.5 16.8 15.1 21.0 Rio_Grande_do_Sul DCRS -999.9 0.0 23.8 250.29 250.29 249.99 1 0.03 250.41 250.54 250.54 250.65
-28.939899 -51.188499 DCRS-00087 2026-07-20_09:05 17.6 -999.9 -999.9 95.9 -999.9 -999.9 16.9 -999.9 -999.9 975.8 -999.9 -999.9 11.6 -999.9 13.0 3.0 0.0 23.8 23.8 23.8 24.0 24.2 19.9 16.5 95.9 74.5 24.3 DCRS_-_Antônio_Prado/Flores_da_Cunha_(292_m) -999.9 -999.9 979.1 973.8 975.8 16.9 15.1 21.0 Rio_Grande_do_Sul DCRS -999.9 0.0 23.8 250.29 250.29 249.99 1 0.03 250.41 250.54 250.54 250.65
-28.939899 -51.188499 DCRS-00087 2026-07-20_09:06 17.7 -999.9 -999.9 95.1 -999.9 -999.9 16.9 -999.9 -999.9 976.1 -999.9 -999.9 11.3 -999.9 13.0 2.0 0.0 23.8 23.8 23.8 24.0 24.2 19.9 16.5 95.9 74.5 24.3 DCRS_-_Antônio_Prado/Flores_da_Cunha_(292_m) -999.9 -999.9 979.1 973.8 976.1 16.9 15.1 21.0 Rio_Grande_do_Sul DCRS -999.9 0.0 23.8 250.29 250.29 249.99 1 0.03 250.41 250.54 250.54 250.65
-28.939899 -51.188499 DCRS-00087 2026-07-20_09:07 17.9 -999.9 -999.9 93.7 -999.9 -999.9 16.9 -999.9 -999.9 976.2 -999.9 -999.9 11.1 -999.9 13.0 1.0 0.0 23.8 23.8 23.8 24.0 24.2 19.9 16.5 95.9 74.5 24.3 DCRS_-_Antônio_Prado/Flores_da_Cunha_(292_m) -999.9 -999.9 979.1 973.8 976.2 16.9 15.1 21.0 Rio_Grande_do_Sul DCRS -999.9 0.0 23.8 250.2 250.29 249.99 1 -0.06 250.41 250.54 250.54 250.65
-28.939899 -51.188499 DCRS-00087 2026-07-20_09:08 17.9 -999.9 -999.9 92.9 -999.9 -999.9 16.7 -999.9 -999.9 976.0 -999.9 -999.9 12.5 -999.9 13.0 1.0 0.0 23.8 23.8 23.8 24.0 24.2 19.9 16.5 95.9 74.5 24.3 DCRS_-_Antônio_Prado/Flores_da_Cunha_(292_m) -999.9 -999.9 979.1 973.8 976.0 16.9 15.1 21.0 Rio_Grande_do_Sul DCRS -999.9 0.0 23.8 250.16 250.29 249.99 1 -0.1 250.41 250.54 250.54 250.65
-28.939899 -51.188499 DCRS-00087 2026-07-20_09:09 18.0 -999.9 -999.9 92.4 -999.9 -999.9 16.7 -999.9 -999.9 975.9 -999.9 -999.9 5.2 -999.9 13.0 1.0 0.0 23.8 23.8 23.8 24.0 24.2 19.9 16.5 95.9 74.5 24.3 DCRS_-_Antônio_Prado/Flores_da_Cunha_(292_m) -999.9 -999.9 979.1 973.8 975.9 16.9 15.1 21.0 Rio_Grande_do_Sul DCRS -999.9 0.0 23.8 250.24 250.29 249.99 1 -0.02 250.41 250.54 250.54 250.65
-28.939899 -51.188499 DCRS-00087 2026-07-20_09:10 18.0 -999.9 -999.9 91.7 -999.9 -999.9 16.6 -999.9 -999.9 975.8 -999.9 -999.9 10.0 -999.9 21.4 3.0 0.0 23.8 23.8 23.8 24.0 24.2 19.9 16.5 95.9 74.5 24.3 DCRS_-_Antônio_Prado/Flores_da_Cunha_(292_m) -999.9 -999.9 979.1 973.8 975.8 16.9 15.1 21.0 Rio_Grande_do_Sul DCRS -999.9 0.0 23.8 250.2 250.29 249.99 0 -0.06 250.41 250.54 250.54 250.65
-28.939899 -51.188499 DCRS-00087 2026-07-20_09:11 18.2 -999.9 -999.9 90.1 -999.9 -999.9 16.5 -999.9 -999.9 975.7 -999.9 -999.9 8.9 -999.9 21.4 4.0 0.0 23.8 23.8 23.8 24.0 24.2 19.9 16.5 95.9 74.5 24.3 DCRS_-_Antônio_Prado/Flores_da_Cunha_(292_m) -999.9 -999.9 979.1 973.8 975.7 16.9 15.1 21.0 Rio_Grande_do_Sul DCRS -999.9 0.0 23.8 250.23 250.29 249.99 0 -0.03 250.41 250.54 250.54 250.65
-28.939899 -51.188499 DCRS-00087 2026-07-20_09:12 18.4 -999.9 -999.9 89.3 -999.9 -999.9 16.6 -999.9 -999.9 975.4 -999.9 -999.9 8.2 -999.9 21.4 5.0 0.0 23.8 23.8 23.8 24.0 24.2 19.9 16.5 95.9 74.5 24.3 DCRS_-_Antônio_Prado/Flores_da_Cunha_(292_m) -999.9 -999.9 979.1 973.8 975.4 16.9 15.1 21.0 Rio_Grande_do_Sul DCRS -999.9 0.0 23.8 250.25 250.29 249.99 0 -0.02 250.41 250.54 250.54 250.65
-28.939899 -51.188499 DCRS-00087 2026-07-20_09:13 18.6 -999.9 -999.9 88.8 -999.9 -999.9 16.7 -999.9 -999.9 975.1 -999.9 -999.9 6.2 -999.9 21.4 5.0 0.0 23.8 23.8 23.8 24.0 24.2 19.9 16.5 95.9 74.5 24.3 DCRS_-_Antônio_Prado/Flores_da_Cunha_(292_m) -999.9 -999.9 979.1 973.8 975.1 16.9 15.1 21.0 Rio_Grande_do_Sul DCRS -999.9 0.0 23.8 250.23 250.29 249.99 -1 -0.04 250.41 250.54 250.54 250.65
-28.939899 -51.188499 DCRS-00087 2026-07-20_09:14 18.6 -999.9 -999.9 89.4 -999.9 -999.9 16.8 -999.9 -999.9 975.0 -999.9 -999.9 3.7 -999.9 21.4 6.0 0.2 23.8 23.8 23.8 24.0 24.2 19.9 16.5 95.9 74.5 24.3 DCRS_-_Antônio_Prado/Flores_da_Cunha_(292_m) -999.9 -999.9 979.1 973.8 975.0 16.9 15.1 21.0 Rio_Grande_do_Sul DCRS -999.9 0.2 23.8 250.24 250.29 249.99 -1 -0.03 250.41 250.54 250.54 250.65
-28.939899 -51.188499 DCRS-00087 2026-07-20_09:15 18.6 -999.9 -999.9 89.5 -999.9 -999.9 16.8 -999.9 -999.9 975.1 -999.9 -999.9 6.3 -999.9 15.2 6.0 0.2 23.8 23.8 23.8 24.0 24.2 19.9 16.5 95.9 74.5 24.3 DCRS_-_Antônio_Prado/Flores_da_Cunha_(292_m) -999.9 -999.9 979.1 973.8 975.1 16.9 15.1 21.0 Rio_Grande_do_Sul DCRS -999.9 0.0 23.8 250.25 250.29 249.99 -1 -0.02 250.41 250.54 250.54 250.65
-28.939899 -51.188499 DCRS-00087 2026-07-20_09:16 18.5 -999.9 -999.9 90.7 -999.9 -999.9 16.9 -999.9 -999.9 975.3 -999.9 -999.9 0.0 -999.9 15.2 6.0 0.2 24.0 24.0 24.0 24.2 24.4 19.9 16.5 95.9 74.5 24.3 DCRS_-_Antônio_Prado/Flores_da_Cunha_(292_m) -999.9 -999.9 979.1 973.8 975.3 16.9 15.1 21.0 Rio_Grande_do_Sul DCRS -999.9 0.0 24.0 250.26 250.29 249.99 -1 -0.01 250.41 250.54 250.54 250.65
-28.939899 -51.188499 DCRS-00087 2026-07-20_09:17 18.4 -999.9 -999.9 90.8 -999.9 -999.9 16.9 -999.9 -999.9 975.4 -999.9 -999.9 0.0 -999.9 15.2 5.0 0.2 24.0 24.0 24.0 24.2 24.4 19.9 16.5 95.9 74.5 24.3 DCRS_-_Antônio_Prado/Flores_da_Cunha_(292_m) -999.9 -999.9 979.1 973.8 975.4 16.9 15.1 21.0 Rio_Grande_do_Sul DCRS -999.9 0.0 24.0 250.27 250.29 249.99 -1 0.0 250.41 250.54 250.54 250.65
-28.939899 -51.188499 DCRS-00087 2026-07-20_09:18 18.4 -999.9 -999.9 90.8 -999.9 -999.9 16.9 -999.9 -999.9 975.6 -999.9 -999.9 1.9 -999.9 15.2 3.0 0.2 24.0 24.0 24.0 24.2 24.4 19.9 16.5 95.9 74.5 24.3 DCRS_-_Antônio_Prado/Flores_da_Cunha_(292_m) -999.9 -999.9 979.1 973.8 975.6 16.9 15.1 21.0 Rio_Grande_do_Sul DCRS -999.9 0.0 24.0 250.27 250.29 249.99 -1 0.0 250.41 250.54 250.54 250.65
-28.939899 -51.188499 DCRS-00087 2026-07-20_09:19 18.3 -999.9 -999.9 90.7 -999.9 -999.9 16.7 -999.9 -999.9 975.7 -999.9 -999.9 0.0 -999.9 15.2 2.0 0.2 24.0 24.0 24.0 24.2 24.4 19.9 16.5 95.9 74.5 24.3 DCRS_-_Antônio_Prado/Flores_da_Cunha_(292_m) -999.9 -999.9 979.1 973.8 975.7 16.9 15.1 21.0 Rio_Grande_do_Sul DCRS -999.9 0.0 24.0 250.26 250.29 249.99 -1 -0.01 250.41 250.54 250.54 250.65
-28.939899 -51.188499 DCRS-00087 2026-07-20_09:20 18.3 -999.9 -999.9 90.7 -999.9 -999.9 16.7 -999.9 -999.9 975.7 -999.9 -999.9 0.0 -999.9 7.3 1.0 0.2 24.0 24.0 24.0 24.2 24.4 19.9 16.5 95.9 74.5 24.3 DCRS_-_Antônio_Prado/Flores_da_Cunha_(292_m) -999.9 -999.9 979.1 973.8 975.7 16.9 15.1 21.0 Rio_Grande_do_Sul DCRS -999.9 0.0 24.0 250.27 250.29 249.99 -1 0.0 250.41 250.54 250.54 250.65
-28.939899 -51.188499 DCRS-00087 2026-07-20_09:21 18.3 -999.9 -999.9 90.7 -999.9 -999.9 16.7 -999.9 -999.9 975.6 -999.9 -999.9 0.0 -999.9 7.3 1.0 0.2 24.0 24.0 24.0 24.2 24.4 19.9 16.5 95.9 74.5 24.3 DCRS_-_Antônio_Prado/Flores_da_Cunha_(292_m) -999.9 -999.9 979.1 973.8 975.6 16.9 15.1 21.0 Rio_Grande_do_Sul DCRS -999.9 0.0 24.0 250.27 250.29 249.99 -1 0.0 250.41 250.54 250.54 250.65
-28.939899 -51.188499 DCRS-00087 2026-07-20_09:22 18.2 -999.9 -999.9 90.9 -999.9 -999.9 16.7 -999.9 -999.9 975.6 -999.9 -999.9 0.0 -999.9 7.3 1.0 0.2 24.0 24.0 24.0 24.2 24.4 19.9 16.5 95.9 74.5 24.3 DCRS_-_Antônio_Prado/Flores_da_Cunha_(292_m) -999.9 -999.9 979.1 973.8 975.6 16.9 15.1 21.0 Rio_Grande_do_Sul DCRS -999.9 0.0 24.0 250.29 250.29 249.99 -1 0.02 250.41 250.54 250.54 250.65
-28.939899 -51.188499 DCRS-00087 2026-07-20_09:23 18.2 -999.9 -999.9 91.3 -999.9 -999.9 16.7 -999.9 -999.9 975.5 -999.9 -999.9 5.4 -999.9 7.3 1.0 0.2 24.0 24.0 24.0 24.2 24.4 19.9 16.5 95.9 74.5 24.3 DCRS_-_Antônio_Prado/Flores_da_Cunha_(292_m) -999.9 -999.9 979.1 973.8 975.5 16.9 15.1 21.0 Rio_Grande_do_Sul DCRS -999.9 0.0 24.0 250.29 250.29 249.99 -1 0.02 250.41 250.54 250.54 250.65
-28.939899 -51.188499 DCRS-00087 2026-07-20_09:24 18.2 -999.9 -999.9 91.5 -999.9 -999.9 16.8 -999.9 -999.9 975.5 -999.9 -999.9 4.9 -999.9 7.3 1.0 0.2 24.0 24.0 24.0 24.2 24.4 19.9 16.5 95.9 74.5 24.3 DCRS_-_Antônio_Prado/Flores_da_Cunha_(292_m) -999.9 -999.9 979.1 973.8 975.5 16.9 15.1 21.0 Rio_Grande_do_Sul DCRS -999.9 0.0 24.0 250.29 250.29 249.99 -1 0.02 250.41 250.54 250.54 250.65
-28.939899 -51.188499 DCRS-00087 2026-07-20_09:25 18.1 -999.9 -999.9 91.9 -999.9 -999.9 16.8 -999.9 -999.9 975.6 -999.9 -999.9 0.0 -999.9 5.8 1.0 0.2 24.0 24.0 24.0 24.2 24.4 19.9 16.5 95.9 74.5 24.3 DCRS_-_Antônio_Prado/Flores_da_Cunha_(292_m) -999.9 -999.9 979.1 973.8 975.6 16.9 15.1 21.0 Rio_Grande_do_Sul DCRS -999.9 0.0 24.0 250.29 250.29 249.99 -1 0.02 250.41 250.54 250.54 250.65
-28.939899 -51.188499 DCRS-00087 2026-07-20_09:26 18.1 -999.9 -999.9 92.0 -999.9 -999.9 16.8 -999.9 -999.9 975.7 -999.9 -999.9 2.3 -999.9 5.8 1.0 0.2 24.0 24.0 24.0 24.2 24.4 19.9 16.5 95.9 74.5 24.3 DCRS_-_Antônio_Prado/Flores_da_Cunha_(292_m) -999.9 -999.9 979.1 973.8 975.7 16.9 15.1 21.0 Rio_Grande_do_Sul DCRS -999.9 0.0 24.0 250.29 250.29 249.99 -1 0.02 250.41 250.54 250.54 250.65
-28.939899 -51.188499 DCRS-00087 2026-07-20_09:27 18.0 -999.9 -999.9 92.2 -999.9 -999.9 16.7 -999.9 -999.9 976.0 -999.9 -999.9 5.3 -999.9 5.8 1.0 0.2 24.0 24.0 24.0 24.2 24.4 19.9 16.5 95.9 74.5 24.3 DCRS_-_Antônio_Prado/Flores_da_Cunha_(292_m) -999.9 -999.9 979.1 973.8 976.0 16.9 15.1 21.0 Rio_Grande_do_Sul DCRS -999.9 0.0 24.0 250.29 250.29 249.99 -1 0.02 250.41 250.54 250.54 250.65
-28.939899 -51.188499 DCRS-00087 2026-07-20_09:28 18.1 -999.9 -999.9 92.3 -999.9 -999.9 16.8 -999.9 -999.9 976.2 -999.9 -999.9 -999.9 -999.9 5.8 1.0 0.2 24.0 24.0 24.0 24.2 24.4 19.9 16.5 95.9 74.5 24.3 DCRS_-_Antônio_Prado/Flores_da_Cunha_(292_m) -999.9 -999.9 979.1 973.8 976.2 16.9 15.1 21.0 Rio_Grande_do_Sul DCRS -999.9 0.0 24.0 250.29 250.29 249.99 -1 0.02 250.41 250.54 250.54 250.65
-28.939899 -51.188499 DCRS-00087 2026-07-20_09:29 18.0 -999.9 -999.9 92.6 -999.9 -999.9 16.8 -999.9 -999.9 976.4 -999.9 -999.9 -999.9 -999.9 5.8 1.0 0.2 24.0 24.0 24.0 24.2 24.4 19.9 16.5 95.9 74.5 24.3 DCRS_-_Antônio_Prado/Flores_da_Cunha_(292_m) -999.9 -999.9 979.1 973.8 976.4 16.9 15.1 21.0 Rio_Grande_do_Sul DCRS -999.9 0.0 24.0 250.29 250.29 249.99 -1 0.02 250.41 250.54 250.54 250.65
-28.939899 -51.188499 DCRS-00087 2026-07-20_09:30 17.9 -999.9 -999.9 92.5 -999.9 -999.9 16.7 -999.9 -999.9 976.5 -999.9 -999.9 0.0 -999.9 7.9 1.0 0.2 24.0 24.0 24.0 24.2 24.4 19.9 16.5 95.9 74.5 24.3 DCRS_-_Antônio_Prado/Flores_da_Cunha_(292_m) -999.9 -999.9 979.1 973.8 976.5 16.9 15.1 21.0 Rio_Grande_do_Sul DCRS -999.9 0.0 24.0 250.26 250.29 249.99 -1 -0.01 250.41 250.54 250.54 250.65
-28.939899 -51.188499 DCRS-00087 2026-07-20_09:31 18.0 -999.9 -999.9 92.5 -999.9 -999.9 16.8 -999.9 -999.9 976.8 -999.9 -999.9 6.4 -999.9 7.9 1.0 0.2 24.0 24.0 24.0 24.2 24.4 19.9 16.5 95.9 74.5 24.3 DCRS_-_Antônio_Prado/Flores_da_Cunha_(292_m) -999.9 -999.9 979.1 973.8 976.8 16.9 15.1 21.0 Rio_Grande_do_Sul DCRS -999.9 0.0 24.0 250.28 250.29 249.99 -1 0.01 250.41 250.54 250.54 250.65
-28.939899 -51.188499 DCRS-00087 2026-07-20_09:32 18.0 -999.9 -999.9 92.2 -999.9 -999.9 16.7 -999.9 -999.9 977.1 -999.9 -999.9 0.0 -999.9 7.9 0.0 0.2 24.0 24.0 24.0 24.2 24.4 19.9 16.5 95.9 74.5 24.3 DCRS_-_Antônio_Prado/Flores_da_Cunha_(292_m) -999.9 -999.9 979.1 973.8 977.1 16.9 15.1 21.0 Rio_Grande_do_Sul DCRS -999.9 0.0 24.0 250.28 250.29 249.99 -1 0.01 250.41 250.54 250.54 250.65
-28.939899 -51.188499 DCRS-00087 2026-07-20_09:33 18.0 -999.9 -999.9 92.1 -999.9 -999.9 16.7 -999.9 -999.9 977.2 -999.9 -999.9 5.7 -999.9 7.9 0.0 0.2 24.0 24.0 24.0 24.2 24.4 19.9 16.5 95.9 74.5 24.3 DCRS_-_Antônio_Prado/Flores_da_Cunha_(292_m) -999.9 -999.9 979.1 973.8 977.2 16.9 15.1 21.0 Rio_Grande_do_Sul DCRS -999.9 0.0 24.0 250.28 250.29 249.99 -1 0.01 250.41 250.54 250.54 250.65
-28.939899 -51.188499 DCRS-00087 2026-07-20_09:34 18.1 -999.9 -999.9 91.2 -999.9 -999.9 16.6 -999.9 -999.9 977.3 -999.9 -999.9 2.1 -999.9 7.9 0.0 0.2 24.0 24.0 24.0 24.2 24.4 19.9 16.5 95.9 74.5 24.3 DCRS_-_Antônio_Prado/Flores_da_Cunha_(292_m) -999.9 -999.9 979.1 973.8 977.3 16.9 15.1 21.0 Rio_Grande_do_Sul DCRS -999.9 0.0 24.0 250.28 250.29 249.99 -1 0.01 250.41 250.54 250.54 250.65
-28.939899 -51.188499 DCRS-00087 2026-07-20_09:35 18.2 -999.9 -999.9 90.5 -999.9 -999.9 16.6 -999.9 -999.9 977.3 -999.9 -999.9 0.0 -999.9 8.4 0.0 0.2 24.0 24.0 24.0 24.2 24.4 19.9 16.5 95.9 74.5 24.3 DCRS_-_Antônio_Prado/Flores_da_Cunha_(292_m) -999.9 -999.9 979.1 973.8 977.3 16.9 15.1 21.0 Rio_Grande_do_Sul DCRS -999.9 0.0 24.0 250.24 250.29 249.99 -1 -0.03 250.41 250.54 250.54 250.65
-28.939899 -51.188499 DCRS-00087 2026-07-20_09:36 18.3 -999.9 -999.9 90.5 -999.9 -999.9 16.7 -999.9 -999.9 977.3 -999.9 -999.9 0.0 -999.9 8.4 0.0 0.2 24.0 24.0 24.0 24.2 24.4 19.9 16.5 95.9 74.5 24.3 DCRS_-_Antônio_Prado/Flores_da_Cunha_(292_m) -999.9 -999.9 979.1 973.8 977.3 16.9 15.1 21.0 Rio_Grande_do_Sul DCRS -999.9 0.0 24.0 250.22 250.29 249.99 -1 -0.05 250.41 250.54 250.54 250.65
-28.939899 -51.188499 DCRS-00087 2026-07-20_09:37 18.3 -999.9 -999.9 90.4 -999.9 -999.9 16.7 -999.9 -999.9 977.3 -999.9 -999.9 2.3 -999.9 8.4 0.0 0.2 24.0 24.0 24.0 24.2 24.4 19.9 16.5 95.9 74.5 24.3 DCRS_-_Antônio_Prado/Flores_da_Cunha_(292_m) -999.9 -999.9 979.1 973.8 977.3 16.9 15.1 21.0 Rio_Grande_do_Sul DCRS -999.9 0.0 24.0 250.26 250.29 249.99 -1 -0.03 250.41 250.54 250.54 250.65
-28.939899 -51.188499 DCRS-00087 2026-07-20_09:38 18.3 -999.9 -999.9 90.0 -999.9 -999.9 16.6 -999.9 -999.9 977.2 -999.9 -999.9 7.2 -999.9 8.4 0.0 0.2 24.0 24.0 24.0 24.2 24.4 19.9 16.5 95.9 74.5 24.3 DCRS_-_Antônio_Prado/Flores_da_Cunha_(292_m) -999.9 -999.9 979.1 973.8 977.2 16.9 15.1 21.0 Rio_Grande_do_Sul DCRS -999.9 0.0 24.0 250.24 250.29 249.99 -1 -0.05 250.41 250.54 250.54 250.65
-28.939899 -51.188499 DCRS-00087 2026-07-20_09:39 18.4 -999.9 -999.9 89.8 -999.9 -999.9 16.7 -999.9 -999.9 977.2 -999.9 -999.9 8.0 -999.9 8.4 0.0 0.2 24.0 24.0 24.0 24.2 24.4 19.9 16.5 95.9 74.5 24.3 DCRS_-_Antônio_Prado/Flores_da_Cunha_(292_m) -999.9 -999.9 979.1 973.8 977.2 16.9 15.1 21.0 Rio_Grande_do_Sul DCRS -999.9 0.0 24.0 250.28 250.29 249.99 -1 -0.01 250.41 250.54 250.54 250.65
-28.939899 -51.188499 DCRS-00087 2026-07-20_09:40 18.5 -999.9 -999.9 88.5 -999.9 -999.9 16.6 -999.9 -999.9 977.3 -999.9 -999.9 5.5 -999.9 9.6 0.0 0.2 24.0 24.0 24.0 24.2 24.4 19.9 16.5 95.9 74.5 24.3 DCRS_-_Antônio_Prado/Flores_da_Cunha_(292_m) -999.9 -999.9 979.1 973.8 977.3 16.9 15.1 21.0 Rio_Grande_do_Sul DCRS -999.9 0.0 24.0 250.25 250.29 249.99 -1 -0.04 250.41 250.54 250.54 250.65
-28.939899 -51.188499 DCRS-00087 2026-07-20_09:41 18.5 -999.9 -999.9 89.8 -999.9 -999.9 16.8 -999.9 -999.9 977.3 -999.9 -999.9 0.0 -999.9 9.6 0.0 0.2 24.0 24.0 24.0 24.2 24.4 19.9 16.5 95.9 74.5 24.3 DCRS_-_Antônio_Prado/Flores_da_Cunha_(292_m) -999.9 -999.9 979.1 973.8 977.3 16.9 15.1 21.0 Rio_Grande_do_Sul DCRS -999.9 0.0 24.0 250.24 250.29 249.99 -1 -0.05 250.41 250.54 250.54 250.65
-28.939899 -51.188499 DCRS-00087 2026-07-20_09:42 18.4 -999.9 -999.9 90.0 -999.9 -999.9 16.7 -999.9 -999.9 977.2 -999.9 -999.9 2.3 -999.9 9.6 0.0 0.2 24.0 24.0 24.0 24.2 24.4 19.9 16.5 95.9 74.5 24.3 DCRS_-_Antônio_Prado/Flores_da_Cunha_(292_m) -999.9 -999.9 979.1 973.8 977.2 16.9 15.1 21.0 Rio_Grande_do_Sul DCRS -999.9 0.0 24.0 250.22 250.29 249.99 -1 -0.07 250.41 250.54 250.54 250.65
-28.939899 -51.188499 DCRS-00087 2026-07-20_09:43 18.4 -999.9 -999.9 89.5 -999.9 -999.9 16.6 -999.9 -999.9 977.1 -999.9 -999.9 2.2 -999.9 9.6 0.0 0.2 24.0 24.0 24.0 24.2 24.4 19.9 16.5 95.9 74.5 24.3 DCRS_-_Antônio_Prado/Flores_da_Cunha_(292_m) -999.9 -999.9 979.1 973.8 977.1 16.9 15.1 21.0 Rio_Grande_do_Sul DCRS -999.9 0.0 24.0 250.23 250.29 249.99 -1 -0.06 250.41 250.54 250.54 250.65
-28.939899 -51.188499 DCRS-00087 2026-07-20_09:44 18.4 -999.9 -999.9 89.8 -999.9 -999.9 16.7 -999.9 -999.9 977.2 -999.9 -999.9 0.0 -999.9 9.6 0.0 0.4 24.2 24.2 24.2 24.4 24.6 19.9 16.5 95.9 74.5 24.3 DCRS_-_Antônio_Prado/Flores_da_Cunha_(292_m) -999.9 -999.9 979.1 973.8 977.2 16.9 15.1 21.0 Rio_Grande_do_Sul DCRS -999.9 0.2 24.2 250.22 250.29 249.99 -1 -0.07 250.41 250.54 250.54 250.65
-28.939899 -51.188499 DCRS-00087 2026-07-20_09:45 18.4 -999.9 -999.9 90.1 -999.9 -999.9 16.7 -999.9 -999.9 977.3 -999.9 -999.9 0.0 -999.9 8.6 0.0 0.4 24.2 24.2 24.2 24.4 24.6 19.9 16.5 95.9 74.5 24.3 DCRS_-_Antônio_Prado/Flores_da_Cunha_(292_m) -999.9 -999.9 979.1 973.8 977.3 16.9 15.1 21.0 Rio_Grande_do_Sul DCRS -999.9 0.0 24.2 250.21 250.29 249.99 -1 -0.08 250.41 250.54 250.54 250.65
-28.939899 -51.188499 DCRS-00087 2026-07-20_09:46 18.3 -999.9 -999.9 90.8 -999.9 -999.9 16.8 -999.9 -999.9 977.5 -999.9 -999.9 2.5 -999.9 8.6 0.0 0.4 24.2 24.2 24.2 24.4 24.6 19.9 16.5 95.9 74.5 24.3 DCRS_-_Antônio_Prado/Flores_da_Cunha_(292_m) -999.9 -999.9 979.1 973.8 977.5 16.9 15.1 21.0 Rio_Grande_do_Sul DCRS -999.9 0.0 24.2 250.22 250.29 249.99 -1 -0.07 250.41 250.54 250.54 250.65
-28.939899 -51.188499 DCRS-00087 2026-07-20_09:47 18.3 -999.9 -999.9 91.2 -999.9 -999.9 16.8 -999.9 -999.9 977.6 -999.9 -999.9 4.6 -999.9 8.6 0.0 0.4 24.2 24.2 24.2 24.4 24.6 19.9 16.5 95.9 74.5 24.3 DCRS_-_Antônio_Prado/Flores_da_Cunha_(292_m) -999.9 -999.9 979.1 973.8 977.6 16.9 15.1 21.0 Rio_Grande_do_Sul DCRS -999.9 0.0 24.2 250.2 250.29 249.99 -1 -0.09 250.41 250.54 250.54 250.65
-28.939899 -51.188499 DCRS-00087 2026-07-20_09:48 18.2 -999.9 -999.9 91.5 -999.9 -999.9 16.8 -999.9 -999.9 977.6 -999.9 -999.9 4.6 -999.9 8.6 0.0 0.4 24.4 24.4 24.4 24.6 24.8 19.9 16.5 95.9 74.5 24.3 DCRS_-_Antônio_Prado/Flores_da_Cunha_(292_m) -999.9 -999.9 979.1 973.8 977.6 16.9 15.1 21.0 Rio_Grande_do_Sul DCRS -999.9 0.0 24.4 250.19 250.29 249.99 -1 -0.1 250.41 250.54 250.54 250.65
-28.939899 -51.188499 DCRS-00087 2026-07-20_09:49 18.1 -999.9 -999.9 92.0 -999.9 -999.9 16.8 -999.9 -999.9 977.5 -999.9 -999.9 8.0 -999.9 8.6 1.0 0.6 24.4 24.4 24.4 24.6 24.8 19.9 16.5 95.9 74.5 24.3 DCRS_-_Antônio_Prado/Flores_da_Cunha_(292_m) -999.9 -999.9 979.1 973.8 977.5 16.9 15.1 21.0 Rio_Grande_do_Sul DCRS -999.9 0.0 24.4 250.22 250.29 249.99 -1 -0.07 250.41 250.54 250.54 250.65
-28.939899 -51.188499 DCRS-00087 2026-07-20_09:50 18.1 -999.9 -999.9 91.9 -999.9 -999.9 16.8 -999.9 -999.9 977.6 -999.9 -999.9 3.2 -999.9 9.6 1.0 0.6 24.4 24.4 24.4 24.6 24.8 19.9 16.5 95.9 74.5 24.3 DCRS_-_Antônio_Prado/Flores_da_Cunha_(292_m) -999.9 -999.9 979.1 973.8 977.6 16.9 15.1 21.0 Rio_Grande_do_Sul DCRS -999.9 0.0 24.4 250.15 250.29 249.99 -1 -0.14 250.41 250.54 250.54 250.65
-28.939899 -51.188499 DCRS-00087 2026-07-20_09:51 18.0 -999.9 -999.9 92.2 -999.9 -999.9 16.7 -999.9 -999.9 977.7 -999.9 -999.9 8.9 -999.9 9.6 1.0 0.6 24.4 24.4 24.4 24.6 24.8 19.9 16.5 95.9 74.5 24.3 DCRS_-_Antônio_Prado/Flores_da_Cunha_(292_m) -999.9 -999.9 979.1 973.8 977.7 16.9 15.1 21.0 Rio_Grande_do_Sul DCRS -999.9 0.0 24.4 250.15 250.29 249.99 -1 -0.14 250.41 250.54 250.54 250.65
-28.939899 -51.188499 DCRS-00087 2026-07-20_09:52 18.0 -999.9 -999.9 92.2 -999.9 -999.9 16.7 -999.9 -999.9 977.7 -999.9 -999.9 5.4 -999.9 9.6 0.0 0.6 24.6 24.6 24.6 24.8 25.0 19.9 16.5 95.9 74.5 24.3 DCRS_-_Antônio_Prado/Flores_da_Cunha_(292_m) -999.9 -999.9 979.1 973.8 977.7 16.9 15.1 21.0 Rio_Grande_do_Sul DCRS -999.9 0.0 24.6 250.19 250.29 249.99 -1 -0.1 250.41 250.54 250.54 250.65
-28.939899 -51.188499 DCRS-00087 2026-07-20_09:53 18.0 -999.9 -999.9 92.0 -999.9 -999.9 16.7 -999.9 -999.9 977.7 -999.9 -999.9 0.0 -999.9 9.6 0.0 0.6 24.6 24.6 24.6 24.8 25.0 19.9 16.5 95.9 74.5 24.3 DCRS_-_Antônio_Prado/Flores_da_Cunha_(292_m) -999.9 -999.9 979.1 973.8 977.7 16.9 15.1 21.0 Rio_Grande_do_Sul DCRS -999.9 0.0 24.6 250.18 250.29 249.99 -1 -0.11 250.41 250.54 250.54 250.65
-28.939899 -51.188499 DCRS-00087 2026-07-20_09:54 18.0 -999.9 -999.9 92.1 -999.9 -999.9 16.7 -999.9 -999.9 977.8 -999.9 -999.9 2.5 -999.9 9.6 0.0 1.0 24.6 24.6 24.6 24.8 25.0 19.9 16.5 95.9 74.5 24.3 DCRS_-_Antônio_Prado/Flores_da_Cunha_(292_m) -999.9 -999.9 979.1 973.8 977.8 16.9 15.1 21.0 Rio_Grande_do_Sul DCRS -999.9 0.2 24.6 250.12 250.29 249.99 -1 -0.17 250.41 250.54 250.54 250.65
-28.939899 -51.188499 DCRS-00087 2026-07-20_09:55 18.0 -999.9 -999.9 91.9 -999.9 -999.9 16.7 -999.9 -999.9 977.8 -999.9 -999.9 0.0 -999.9 10.0 1.0 1.0 24.6 24.6 24.6 24.8 25.0 19.9 16.5 95.9 74.5 24.3 DCRS_-_Antônio_Prado/Flores_da_Cunha_(292_m) -999.9 -999.9 979.1 973.8 977.8 16.9 15.1 21.0 Rio_Grande_do_Sul DCRS -999.9 0.0 24.6 250.24 250.29 249.99 -1 -0.05 250.41 250.54 250.54 250.65
-28.939899 -51.188499 DCRS-00087 2026-07-20_09:56 18.1 -999.9 -999.9 92.3 -999.9 -999.9 16.8 -999.9 -999.9 978.0 -999.9 -999.9 0.0 -999.9 10.0 1.0 1.0 25.0 25.0 25.0 25.2 25.4 19.9 16.5 95.9 74.5 24.3 DCRS_-_Antônio_Prado/Flores_da_Cunha_(292_m) -999.9 -999.9 979.1 973.8 978.0 16.9 15.1 21.0 Rio_Grande_do_Sul DCRS -999.9 0.0 25.0 250.24 250.29 249.99 -1 -0.05 250.41 250.54 250.54 250.65
-28.939899 -51.188499 DCRS-00087 2026-07-20_09:57 18.0 -999.9 -999.9 92.6 -999.9 -999.9 16.8 -999.9 -999.9 978.1 -999.9 -999.9 0.0 -999.9 10.0 0.0 1.0 25.0 25.0 25.0 25.2 25.4 19.9 16.5 95.9 74.5 24.3 DCRS_-_Antônio_Prado/Flores_da_Cunha_(292_m) -999.9 -999.9 979.1 973.8 978.1 16.9 15.1 21.0 Rio_Grande_do_Sul DCRS -999.9 0.0 25.0 250.22 250.29 249.99 -1 -0.07 250.41 250.54 250.54 250.65
-28.939899 -51.188499 DCRS-00087 2026-07-20_09:58 18.0 -999.9 -999.9 92.8 -999.9 -999.9 16.8 -999.9 -999.9 978.3 -999.9 -999.9 3.4 -999.9 10.0 0.0 1.0 25.0 25.0 25.0 25.2 25.4 19.9 16.5 95.9 74.5 24.3 DCRS_-_Antônio_Prado/Flores_da_Cunha_(292_m) -999.9 -999.9 979.1 973.8 978.3 16.9 15.1 21.0 Rio_Grande_do_Sul DCRS -999.9 0.0 25.0 250.28 250.29 249.99 -1 -0.01 250.41 250.54 250.54 250.65
-28.939899 -51.188499 DCRS-00087 2026-07-20_09:59 17.9 -999.9 -999.9 92.9 -999.9 -999.9 16.7 -999.9 -999.9 978.4 -999.9 -999.9 4.4 -999.9 10.0 0.0 2.6 25.0 25.0 25.0 25.2 25.4 19.9 16.5 95.9 74.5 24.3 DCRS_-_Antônio_Prado/Flores_da_Cunha_(292_m) -999.9 -999.9 979.1 973.8 978.4 16.9 15.1 21.0 Rio_Grande_do_Sul DCRS -999.9 1.2 25.0 250.25 250.29 249.99 -1 -0.04 250.41 250.54 250.54 250.65
-28.939899 -51.188499 DCRS-00087 2026-07-20_10:00 18.0 -999.9 -999.9 92.6 -999.9 -999.9 16.8 -999.9 -999.9 978.5 -999.9 -999.9 3.0 -999.9 4.8 0.0 2.6 26.6 26.6 26.6 26.8 27.0 19.9 16.5 95.9 74.5 24.3 DCRS_-_Antônio_Prado/Flores_da_Cunha_(292_m) -999.9 -999.9 979.1 973.8 978.5 16.9 15.1 21.0 Rio_Grande_do_Sul DCRS -999.9 0.0 26.6 250.26 250.29 249.99 -1 -0.03 250.41 250.54 250.54 250.65
-28.939899 -51.188499 DCRS-00087 2026-07-20_10:01 18.0 -999.9 -999.9 92.9 -999.9 -999.9 16.8 -999.9 -999.9 978.6 -999.9 -999.9 0.0 -999.9 4.8 0.0 2.6 26.6 26.6 26.6 26.8 27.0 19.9 16.5 95.9 74.5 24.3 DCRS_-_Antônio_Prado/Flores_da_Cunha_(292_m) -999.9 -999.9 979.1 973.8 978.6 16.9 15.1 21.0 Rio_Grande_do_Sul DCRS -999.9 0.0 26.6 250.26 250.29 249.99 -1 -0.03 250.41 250.54 250.54 250.65
-28.939899 -51.188499 DCRS-00087 2026-07-20_10:02 18.0 -999.9 -999.9 93.0 -999.9 -999.9 16.8 -999.9 -999.9 978.5 -999.9 -999.9 0.0 -999.9 4.8 0.0 2.6 26.6 26.6 26.6 26.8 27.0 19.9 16.5 95.9 74.5 24.3 DCRS_-_Antônio_Prado/Flores_da_Cunha_(292_m) -999.9 -999.9 979.1 973.8 978.5 16.9 15.1 21.0 Rio_Grande_do_Sul DCRS -999.9 0.0 26.6 250.28 250.29 249.99 -1 -0.01 250.41 250.54 250.54 250.65
-28.939899 -51.188499 DCRS-00087 2026-07-20_10:03 18.0 -999.9 -999.9 93.0 -999.9 -999.9 16.8 -999.9 -999.9 978.5 -999.9 -999.9 1.9 -999.9 4.8 0.0 2.6 26.6 26.6 26.6 26.8 27.0 19.9 16.5 95.9 74.5 24.3 DCRS_-_Antônio_Prado/Flores_da_Cunha_(292_m) -999.9 -999.9 979.1 973.8 978.5 16.9 15.1 21.0 Rio_Grande_do_Sul DCRS -999.9 0.0 26.6 250.19 250.29 249.99 -1 -0.1 250.41 250.54 250.54 250.65
-28.939899 -51.188499 DCRS-00087 2026-07-20_10:04 18.0 -999.9 -999.9 93.2 -999.9 -999.9 16.9 -999.9 -999.9 978.5 -999.9 -999.9 0.0 -999.9 4.8 0.0 3.0 27.0 27.0 27.0 27.2 27.4 19.9 16.5 95.9 74.5 24.3 DCRS_-_Antônio_Prado/Flores_da_Cunha_(292_m) -999.9 -999.9 979.1 973.8 978.5 16.9 15.1 21.0 Rio_Grande_do_Sul DCRS -999.9 0.0 27.0 250.21 250.29 249.99 -1 -0.08 250.41 250.54 250.54 250.65
-28.939899 -51.188499 DCRS-00087 2026-07-20_10:05 17.9 -999.9 -999.9 93.3 -999.9 -999.9 16.8 -999.9 -999.9 978.6 -999.9 -999.9 0.0 -999.9 5.3 0.0 3.0 27.0 27.0 27.0 27.2 27.4 19.9 16.5 95.9 74.5 24.3 DCRS_-_Antônio_Prado/Flores_da_Cunha_(292_m) -999.9 -999.9 979.1 973.8 978.6 16.9 15.1 21.0 Rio_Grande_do_Sul DCRS -999.9 0.0 27.0 250.18 250.29 249.99 -1 -0.11 250.41 250.54 250.54 250.65
-28.939899 -51.188499 DCRS-00087 2026-07-20_10:06 17.9 -999.9 -999.9 93.5 -999.9 -999.9 16.8 -999.9 -999.9 978.7 -999.9 -999.9 0.0 -999.9 5.3 0.0 3.0 27.0 27.0 27.0 27.2 27.4 19.9 16.5 95.9 74.5 24.3 DCRS_-_Antônio_Prado/Flores_da_Cunha_(292_m) -999.9 -999.9 979.1 973.8 978.7 16.9 15.1 21.0 Rio_Grande_do_Sul DCRS -999.9 0.0 27.0 250.15 250.29 249.99 -1 -0.14 250.41 250.54 250.54 250.65
-28.939899 -51.188499 DCRS-00087 2026-07-20_10:07 17.9 -999.9 -999.9 93.5 -999.9 -999.9 16.8 -999.9 -999.9 978.8 -999.9 -999.9 0.0 -999.9 5.3 0.0 3.0 27.0 27.0 27.0 27.2 27.4 19.9 16.5 95.9 74.5 24.3 DCRS_-_Antônio_Prado/Flores_da_Cunha_(292_m) -999.9 -999.9 979.1 973.8 978.8 16.9 15.1 21.0 Rio_Grande_do_Sul DCRS -999.9 0.0 27.0 250.13 250.29 249.99 -1 -0.07 250.41 250.54 250.54 250.65
-28.939899 -51.188499 DCRS-00087 2026-07-20_10:08 17.8 -999.9 -999.9 93.8 -999.9 -999.9 16.8 -999.9 -999.9 978.8 -999.9 -999.9 3.7 -999.9 5.3 0.0 3.0 27.4 27.4 27.4 27.6 27.8 19.9 16.5 95.9 74.5 24.3 DCRS_-_Antônio_Prado/Flores_da_Cunha_(292_m) -999.9 -999.9 979.1 973.8 978.8 16.9 15.1 21.0 Rio_Grande_do_Sul DCRS -999.9 0.0 27.4 250.27 250.29 249.99 -1 0.11 250.41 250.54 250.54 250.65
-28.939899 -51.188499 DCRS-00087 2026-07-20_10:09 17.8 -999.9 -999.9 93.9 -999.9 -999.9 16.8 -999.9 -999.9 978.7 -999.9 -999.9 2.6 -999.9 5.3 0.0 3.6 27.4 27.4 27.4 27.6 27.8 19.9 16.5 95.9 74.5 24.3 DCRS_-_Antônio_Prado/Flores_da_Cunha_(292_m) -999.9 -999.9 979.1 973.8 978.7 16.9 15.1 21.0 Rio_Grande_do_Sul DCRS -999.9 0.2 27.4 250.22 250.29 249.99 -1 -0.02 250.41 250.54 250.54 250.65
-28.939899 -51.188499 DCRS-00087 2026-07-20_10:10 17.8 -999.9 -999.9 94.0 -999.9 -999.9 16.8 -999.9 -999.9 978.5 -999.9 -999.9 3.5 -999.9 5.9 0.0 3.6 27.4 27.4 27.4 27.6 27.8 19.9 16.5 95.9 74.5 24.3 DCRS_-_Antônio_Prado/Flores_da_Cunha_(292_m) -999.9 -999.9 979.1 973.8 978.5 16.9 15.1 21.0 Rio_Grande_do_Sul DCRS -999.9 0.0 27.4 250.24 250.29 249.99 -1 0.04 250.41 250.54 250.54 250.65
-28.939899 -51.188499 DCRS-00087 2026-07-20_10:11 17.8 -999.9 -999.9 94.0 -999.9 -999.9 16.8 -999.9 -999.9 978.4 -999.9 -999.9 0.0 -999.9 5.9 0.0 3.6 27.4 27.4 27.4 27.6 27.8 19.9 16.5 95.9 74.5 24.3 DCRS_-_Antônio_Prado/Flores_da_Cunha_(292_m) -999.9 -999.9 979.1 973.8 978.4 16.9 15.1 21.0 Rio_Grande_do_Sul DCRS -999.9 0.0 27.4 250.25 250.29 249.99 -1 0.02 250.41 250.54 250.54 250.65
-28.939899 -51.188499 DCRS-00087 2026-07-20_10:12 17.8 -999.9 -999.9 94.1 -999.9 -999.9 16.8 -999.9 -999.9 978.3 -999.9 -999.9 1.9 -999.9 5.9 1.0 3.6 28.0 28.0 28.0 28.2 28.4 19.9 16.5 95.9 74.5 24.3 DCRS_-_Antônio_Prado/Flores_da_Cunha_(292_m) -999.9 -999.9 979.1 973.8 978.3 16.9 15.1 21.0 Rio_Grande_do_Sul DCRS -999.9 0.0 28.0 250.23 250.29 249.99 -1 -0.02 250.41 250.54 250.54 250.65
-28.939899 -51.188499 DCRS-00087 2026-07-20_10:13 17.8 -999.9 -999.9 94.1 -999.9 -999.9 16.8 -999.9 -999.9 978.2 -999.9 -999.9 0.0 -999.9 5.9 0.0 3.6 28.0 28.0 28.0 28.2 28.4 19.9 16.5 95.9 74.5 24.3 DCRS_-_Antônio_Prado/Flores_da_Cunha_(292_m) -999.9 -999.9 979.1 973.8 978.2 16.9 15.1 21.0 Rio_Grande_do_Sul DCRS -999.9 0.0 28.0 250.23 250.29 249.99 -1 0.0 250.41 250.54 250.54 250.65
-28.939899 -51.188499 DCRS-00087 2026-07-20_10:14 17.8 -999.9 -999.9 94.2 -999.9 -999.9 16.8 -999.9 -999.9 978.2 -999.9 -999.9 0.0 -999.9 5.9 0.0 4.4 28.0 28.0 28.0 28.2 28.4 19.9 16.5 95.9 74.5 24.3 DCRS_-_Antônio_Prado/Flores_da_Cunha_(292_m) -999.9 -999.9 979.1 973.8 978.2 16.9 15.1 21.0 Rio_Grande_do_Sul DCRS -999.9 0.4 28.0 250.24 250.29 249.99 -1 0.0 250.41 250.54 250.54 250.65
-28.939899 -51.188499 DCRS-00087 2026-07-20_10:15 17.8 -999.9 -999.9 94.4 -999.9 -999.9 16.9 -999.9 -999.9 978.3 -999.9 -999.9 0.0 -999.9 5.3 0.0 4.4 28.0 28.0 28.0 28.2 28.4 19.9 16.5 95.9 74.5 24.3 DCRS_-_Antônio_Prado/Flores_da_Cunha_(292_m) -999.9 -999.9 979.1 973.8 978.3 16.9 15.1 21.0 Rio_Grande_do_Sul DCRS -999.9 0.0 28.0 250.27 250.29 249.99 -1 0.02 250.41 250.54 250.54 250.65
-28.939899 -51.188499 DCRS-00087 2026-07-20_10:16 17.8 -999.9 -999.9 94.4 -999.9 -999.9 16.9 -999.9 -999.9 978.3 -999.9 -999.9 0.0 -999.9 5.3 0.0 4.4 29.0 29.0 29.0 29.2 29.4 19.9 16.5 95.9 74.5 24.3 DCRS_-_Antônio_Prado/Flores_da_Cunha_(292_m) -999.9 -999.9 979.1 973.8 978.3 16.9 15.1 21.0 Rio_Grande_do_Sul DCRS -999.9 0.0 29.0 250.24 250.29 249.99 -1 -0.02 250.41 250.54 250.54 250.65
-28.939899 -51.188499 DCRS-00087 2026-07-20_10:17 17.8 -999.9 -999.9 94.5 -999.9 -999.9 16.9 -999.9 -999.9 978.2 -999.9 -999.9 0.0 -999.9 5.3 1.0 4.4 29.0 29.0 29.0 29.2 29.4 19.9 16.5 95.9 74.5 24.3 DCRS_-_Antônio_Prado/Flores_da_Cunha_(292_m) -999.9 -999.9 979.1 973.8 978.2 16.9 15.1 21.0 Rio_Grande_do_Sul DCRS -999.9 0.0 29.0 250.22 250.29 249.99 -1 -0.05 250.41 250.54 250.54 250.65
-28.939899 -51.188499 DCRS-00087 2026-07-20_10:18 17.7 -999.9 -999.9 94.7 -999.9 -999.9 16.8 -999.9 -999.9 978.0 -999.9 -999.9 3.1 -999.9 5.3 0.0 4.4 29.0 29.0 29.0 29.2 29.4 19.9 16.5 95.9 74.5 24.3 DCRS_-_Antônio_Prado/Flores_da_Cunha_(292_m) -999.9 -999.9 979.1 973.8 978.0 16.9 15.1 21.0 Rio_Grande_do_Sul DCRS -999.9 0.0 29.0 250.25 250.29 249.99 -1 -0.02 250.41 250.54 250.54 250.65
-28.939899 -51.188499 DCRS-00087 2026-07-20_10:19 17.8 -999.9 -999.9 94.7 -999.9 -999.9 16.9 -999.9 -999.9 977.9 -999.9 -999.9 0.0 -999.9 5.3 1.0 5.0 29.0 29.0 29.0 29.2 29.4 19.9 16.5 95.9 74.5 24.3 DCRS_-_Antônio_Prado/Flores_da_Cunha_(292_m) -999.9 -999.9 979.1 973.8 977.9 16.9 15.1 21.0 Rio_Grande_do_Sul DCRS -999.9 0.0 29.0 250.26 250.29 249.99 -1 0.0 250.41 250.54 250.54 250.65
-28.939899 -51.188499 DCRS-00087 2026-07-20_10:20 17.7 -999.9 -999.9 94.7 -999.9 -999.9 16.8 -999.9 -999.9 977.8 -999.9 -999.9 0.0 -999.9 3.1 1.0 5.0 29.6 29.6 29.6 29.8 30.0 19.9 16.5 95.9 74.5 24.3 DCRS_-_Antônio_Prado/Flores_da_Cunha_(292_m) -999.9 -999.9 979.1 973.8 977.8 16.9 15.1 21.0 Rio_Grande_do_Sul DCRS -999.9 0.0 29.6 250.28 250.29 249.99 -1 0.01 250.41 250.54 250.54 250.65
-28.939899 -51.188499 DCRS-00087 2026-07-20_10:21 17.7 -999.9 -999.9 94.8 -999.9 -999.9 16.8 -999.9 -999.9 977.8 -999.9 -999.9 2.4 -999.9 3.1 1.0 5.0 29.6 29.6 29.6 29.8 30.0 19.9 16.5 95.9 74.5 24.3 DCRS_-_Antônio_Prado/Flores_da_Cunha_(292_m) -999.9 -999.9 979.1 973.8 977.8 16.9 15.1 21.0 Rio_Grande_do_Sul DCRS -999.9 0.0 29.6 250.24 250.29 249.99 -1 -0.03 250.41 250.54 250.54 250.65
-28.939899 -51.188499 DCRS-00087 2026-07-20_10:22 17.7 -999.9 -999.9 94.7 -999.9 -999.9 16.8 -999.9 -999.9 977.8 -999.9 -999.9 1.8 -999.9 3.1 1.0 5.0 29.6 29.6 29.6 29.8 30.0 19.9 16.5 95.9 74.5 24.3 DCRS_-_Antônio_Prado/Flores_da_Cunha_(292_m) -999.9 -999.9 979.1 973.8 977.8 16.9 15.1 21.0 Rio_Grande_do_Sul DCRS -999.9 0.0 29.6 250.27 250.29 249.99 -1 -0.02 250.41 250.54 250.54 250.65
-28.939899 -51.188499 DCRS-00087 2026-07-20_10:23 17.7 -999.9 -999.9 94.8 -999.9 -999.9 16.8 -999.9 -999.9 977.7 -999.9 -999.9 2.5 -999.9 3.1 1.0 5.0 29.6 29.6 29.6 29.8 30.0 19.9 16.5 95.9 74.5 24.3 DCRS_-_Antônio_Prado/Flores_da_Cunha_(292_m) -999.9 -999.9 979.1 973.8 977.7 16.9 15.1 21.0 Rio_Grande_do_Sul DCRS -999.9 0.0 29.6 250.27 250.29 249.99 -1 -0.02 250.41 250.54 250.54 250.65
-28.939899 -51.188499 DCRS-00087 2026-07-20_10:24 17.7 -999.9 -999.9 94.7 -999.9 -999.9 16.8 -999.9 -999.9 977.6 -999.9 -999.9 0.0 -999.9 3.1 2.0 6.0 30.6 30.6 30.6 30.8 31.0 19.9 16.5 95.9 74.5 24.3 DCRS_-_Antônio_Prado/Flores_da_Cunha_(292_m) -999.9 -999.9 979.1 973.8 977.6 16.9 15.1 21.0 Rio_Grande_do_Sul DCRS -999.9 0.4 30.6 250.25 250.29 249.99 -1 -0.04 250.41 250.54 250.54 250.65
-28.939899 -51.188499 DCRS-00087 2026-07-20_10:25 17.7 -999.9 -999.9 94.8 -999.9 -999.9 16.8 -999.9 -999.9 977.6 -999.9 -999.9 1.8 -999.9 2.8 2.0 6.0 30.6 30.6 30.6 30.8 31.0 19.9 16.5 95.9 74.5 24.3 DCRS_-_Antônio_Prado/Flores_da_Cunha_(292_m) -999.9 -999.9 979.1 973.8 977.6 16.9 15.1 21.0 Rio_Grande_do_Sul DCRS -999.9 0.0 30.6 250.25 250.29 249.99 -1 -0.04 250.41 250.54 250.54 250.65
-28.939899 -51.188499 DCRS-00087 2026-07-20_10:26 17.7 -999.9 -999.9 94.8 -999.9 -999.9 16.8 -999.9 -999.9 977.7 -999.9 -999.9 0.0 -999.9 2.8 2.0 6.0 30.6 30.6 30.6 30.8 31.0 19.9 16.5 95.9 74.5 24.3 DCRS_-_Antônio_Prado/Flores_da_Cunha_(292_m) -999.9 -999.9 979.1 973.8 977.7 16.9 15.1 21.0 Rio_Grande_do_Sul DCRS -999.9 0.0 30.6 250.28 250.29 249.99 -1 -0.01 250.41 250.54 250.54 250.65
-28.939899 -51.188499 DCRS-00087 2026-07-20_10:27 17.7 -999.9 -999.9 94.8 -999.9 -999.9 16.8 -999.9 -999.9 977.7 -999.9 -999.9 0.0 -999.9 2.8 2.0 6.0 30.6 30.6 30.6 30.8 31.0 19.9 16.5 95.9 74.5 24.3 DCRS_-_Antônio_Prado/Flores_da_Cunha_(292_m) -999.9 -999.9 979.1 973.8 977.7 16.9 15.1 21.0 Rio_Grande_do_Sul DCRS -999.9 0.0 30.6 250.28 250.29 249.99 -1 -0.01 250.41 250.54 250.54 250.65
-28.939899 -51.188499 DCRS-00087 2026-07-20_10:28 17.6 -999.9 -999.9 94.8 -999.9 -999.9 16.7 -999.9 -999.9 977.6 -999.9 -999.9 -999.9 -999.9 2.8 3.0 6.0 31.6 31.6 31.6 31.8 32.0 19.9 16.5 95.9 74.5 24.3 DCRS_-_Antônio_Prado/Flores_da_Cunha_(292_m) -999.9 -999.9 979.1 973.8 977.6 16.9 15.1 21.0 Rio_Grande_do_Sul DCRS -999.9 0.0 31.6 250.28 250.29 249.99 0 -0.01 250.41 250.54 250.54 250.65
-28.939899 -51.188499 DCRS-00087 2026-07-20_10:29 17.6 -999.9 -999.9 94.9 -999.9 -999.9 16.8 -999.9 -999.9 977.5 -999.9 -999.9 0.0 -999.9 2.8 2.0 6.2 31.6 31.6 31.6 31.8 32.0 19.9 16.5 95.9 74.5 24.3 DCRS_-_Antônio_Prado/Flores_da_Cunha_(292_m) -999.9 -999.9 979.1 973.8 977.5 16.9 15.1 21.0 Rio_Grande_do_Sul DCRS -999.9 0.0 31.6 250.29 250.29 249.99 0 0.0 250.41 250.54 250.54 250.65
-28.939899 -51.188499 DCRS-00087 2026-07-20_10:30 17.7 -999.9 -999.9 94.9 -999.9 -999.9 16.9 -999.9 -999.9 977.5 -999.9 -999.9 0.0 -999.9 5.9 3.0 6.2 31.6 31.6 31.6 31.8 32.0 19.9 16.5 95.9 74.5 24.3 DCRS_-_Antônio_Prado/Flores_da_Cunha_(292_m) -999.9 -999.9 979.1 973.8 977.5 16.9 15.1 21.0 Rio_Grande_do_Sul DCRS -999.9 0.0 31.6 250.24 250.29 249.99 1 -0.02 250.41 250.54 250.54 250.65
-28.939899 -51.188499 DCRS-00087 2026-07-20_10:31 17.7 -999.9 -999.9 94.9 -999.9 -999.9 16.9 -999.9 -999.9 977.6 -999.9 -999.9 0.0 -999.9 5.9 3.0 6.2 31.6 31.6 31.6 31.8 32.0 19.9 16.5 95.9 74.5 24.3 DCRS_-_Antônio_Prado/Flores_da_Cunha_(292_m) -999.9 -999.9 979.1 973.8 977.6 16.9 15.1 21.0 Rio_Grande_do_Sul DCRS -999.9 0.0 31.6 250.23 250.29 249.99 1 -0.05 250.41 250.54 250.54 250.65
-28.939899 -51.188499 DCRS-00087 2026-07-20_10:32 17.7 -999.9 -999.9 95.0 -999.9 -999.9 16.9 -999.9 -999.9 977.6 -999.9 -999.9 0.0 -999.9 5.9 3.0 6.2 31.8 31.8 31.8 32.0 32.2 19.9 16.5 95.9 74.5 24.3 DCRS_-_Antônio_Prado/Flores_da_Cunha_(292_m) -999.9 -999.9 979.1 973.8 977.6 16.9 15.1 21.0 Rio_Grande_do_Sul DCRS -999.9 0.0 31.8 250.27 250.29 249.99 1 -0.01 250.41 250.54 250.54 250.65
-28.939899 -51.188499 DCRS-00087 2026-07-20_10:33 17.7 -999.9 -999.9 95.0 -999.9 -999.9 16.9 -999.9 -999.9 977.7 -999.9 -999.9 0.0 -999.9 5.9 3.0 6.2 31.8 31.8 31.8 32.0 32.2 19.9 16.5 95.9 74.5 24.3 DCRS_-_Antônio_Prado/Flores_da_Cunha_(292_m) -999.9 -999.9 979.1 973.8 977.7 16.9 15.1 21.0 Rio_Grande_do_Sul DCRS -999.9 0.0 31.8 250.25 250.29 249.99 1 -0.03 250.41 250.54 250.54 250.65
-28.939899 -51.188499 DCRS-00087 2026-07-20_10:34 17.7 -999.9 -999.9 95.0 -999.9 -999.9 16.9 -999.9 -999.9 977.6 -999.9 -999.9 0.0 -999.9 5.9 3.0 6.4 31.8 31.8 31.8 32.0 32.2 19.9 16.5 95.9 74.5 24.3 DCRS_-_Antônio_Prado/Flores_da_Cunha_(292_m) -999.9 -999.9 979.1 973.8 977.6 16.9 15.1 21.0 Rio_Grande_do_Sul DCRS -999.9 0.0 31.8 250.28 250.29 249.99 1 0.0 250.41 250.54 250.54 250.65
-28.939899 -51.188499 DCRS-00087 2026-07-20_10:35 17.8 -999.9 -999.9 95.0 -999.9 -999.9 17.0 -999.9 -999.9 977.5 -999.9 -999.9 -999.9 -999.9 0.0 4.0 6.4 31.8 31.8 31.8 32.0 32.2 19.9 16.5 95.9 74.5 24.3 DCRS_-_Antônio_Prado/Flores_da_Cunha_(292_m) -999.9 -999.9 979.1 973.8 977.5 17.0 15.1 21.0 Rio_Grande_do_Sul DCRS -999.9 0.0 31.8 250.27 250.29 249.99 1 0.03 250.41 250.54 250.54 250.65
-28.939899 -51.188499 DCRS-00087 2026-07-20_10:36 17.7 -999.9 -999.9 95.0 -999.9 -999.9 16.9 -999.9 -999.9 977.3 -999.9 -999.9 -999.9 -999.9 0.0 4.0 6.4 32.0 32.0 32.0 32.2 32.4 19.9 16.5 95.9 74.5 24.3 DCRS_-_Antônio_Prado/Flores_da_Cunha_(292_m) -999.9 -999.9 979.1 973.8 977.3 17.0 15.1 21.0 Rio_Grande_do_Sul DCRS -999.9 0.0 32.0 250.24 250.29 249.99 1 0.02 250.41 250.54 250.54 250.65
-28.939899 -51.188499 DCRS-00087 2026-07-20_10:37 17.7 -999.9 -999.9 95.1 -999.9 -999.9 16.9 -999.9 -999.9 977.3 -999.9 -999.9 -999.9 -999.9 0.0 4.0 6.4 32.0 32.0 32.0 32.2 32.4 19.9 16.5 95.9 74.5 24.3 DCRS_-_Antônio_Prado/Flores_da_Cunha_(292_m) -999.9 -999.9 979.1 973.8 977.3 17.0 15.1 21.0 Rio_Grande_do_Sul DCRS -999.9 0.0 32.0 250.29 250.29 249.99 1 0.03 250.41 250.54 250.54 250.65
-28.939899 -51.188499 DCRS-00087 2026-07-20_10:38 17.7 -999.9 -999.9 95.1 -999.9 -999.9 16.9 -999.9 -999.9 977.4 -999.9 -999.9 0.0 -999.9 0.0 4.0 6.4 32.0 32.0 32.0 32.2 32.4 19.9 16.5 95.9 74.5 24.3 DCRS_-_Antônio_Prado/Flores_da_Cunha_(292_m) -999.9 -999.9 979.1 973.8 977.4 17.0 15.1 21.0 Rio_Grande_do_Sul DCRS -999.9 0.0 32.0 250.27 250.29 249.99 1 -0.01 250.41 250.54 250.54 250.65
-28.939899 -51.188499 DCRS-00087 2026-07-20_10:39 17.7 -999.9 -999.9 95.2 -999.9 -999.9 16.9 -999.9 -999.9 977.5 -999.9 -999.9 -999.9 -999.9 0.0 3.0 6.8 32.0 32.0 32.0 32.2 32.4 19.9 16.5 95.9 74.5 24.3 DCRS_-_Antônio_Prado/Flores_da_Cunha_(292_m) -999.9 -999.9 979.1 973.8 977.5 17.0 15.1 21.0 Rio_Grande_do_Sul DCRS -999.9 0.2 32.0 250.26 250.29 249.99 1 -0.02 250.41 250.54 250.54 250.65
-28.939899 -51.188499 DCRS-00087 2026-07-20_10:40 17.7 -999.9 -999.9 95.2 -999.9 -999.9 16.9 -999.9 -999.9 977.4 -999.9 -999.9 0.0 -999.9 3.0 3.0 6.8 32.4 32.4 32.4 32.6 32.8 19.9 16.5 95.9 74.5 24.3 DCRS_-_Antônio_Prado/Flores_da_Cunha_(292_m) -999.9 -999.9 979.1 973.8 977.4 17.0 15.1 21.0 Rio_Grande_do_Sul DCRS -999.9 0.0 32.4 250.24 250.29 249.99 1 -0.01 250.41 250.54 250.54 250.65
-28.939899 -51.188499 DCRS-00087 2026-07-20_10:41 17.7 -999.9 -999.9 95.3 -999.9 -999.9 16.9 -999.9 -999.9 977.3 -999.9 -999.9 0.0 -999.9 3.0 3.0 6.8 32.4 32.4 32.4 32.6 32.8 19.9 16.5 95.9 74.5 24.3 DCRS_-_Antônio_Prado/Flores_da_Cunha_(292_m) -999.9 -999.9 979.1 973.8 977.3 17.0 15.1 21.0 Rio_Grande_do_Sul DCRS -999.9 0.0 32.4 250.27 250.29 249.99 1 0.03 250.41 250.54 250.54 250.65
-28.939899 -51.188499 DCRS-00087 2026-07-20_10:42 17.7 -999.9 -999.9 95.3 -999.9 -999.9 16.9 -999.9 -999.9 977.3 -999.9 -999.9 0.0 -999.9 3.0 3.0 6.8 32.4 32.4 32.4 32.6 32.8 19.9 16.5 95.9 74.5 24.3 DCRS_-_Antônio_Prado/Flores_da_Cunha_(292_m) -999.9 -999.9 979.1 973.8 977.3 17.0 15.1 21.0 Rio_Grande_do_Sul DCRS -999.9 0.0 32.4 250.27 250.29 249.99 1 0.05 250.41 250.54 250.54 250.65
-28.939899 -51.188499 DCRS-00087 2026-07-20_10:43 17.7 -999.9 -999.9 95.4 -999.9 -999.9 16.9 -999.9 -999.9 977.3 -999.9 -999.9 0.0 -999.9 3.0 4.0 6.8 32.4 32.4 32.4 32.6 32.8 19.9 16.5 95.9 74.5 24.3 DCRS_-_Antônio_Prado/Flores_da_Cunha_(292_m) -999.9 -999.9 979.1 973.8 977.3 17.0 15.1 21.0 Rio_Grande_do_Sul DCRS -999.9 0.0 32.4 250.28 250.29 249.99 1 0.05 250.41 250.54 250.54 250.65
-28.939899 -51.188499 DCRS-00087 2026-07-20_10:44 17.6 -999.9 -999.9 95.4 -999.9 -999.9 16.8 -999.9 -999.9 977.1 -999.9 -999.9 2.3 -999.9 3.0 3.0 6.8 32.6 32.6 32.6 32.8 33.0 19.9 16.5 95.9 74.5 24.3 DCRS_-_Antônio_Prado/Flores_da_Cunha_(292_m) -999.9 -999.9 979.1 973.8 977.1 17.0 15.1 21.0 Rio_Grande_do_Sul DCRS -999.9 0.0 32.6 250.27 250.29 249.99 1 0.05 250.41 250.54 250.54 250.65
-28.939899 -51.188499 DCRS-00087 2026-07-20_10:45 17.7 -999.9 -999.9 95.5 -999.9 -999.9 17.0 -999.9 -999.9 976.9 -999.9 -999.9 0.0 -999.9 2.7 4.0 6.8 32.6 32.6 32.6 32.8 33.0 19.9 16.5 95.9 74.5 24.3 DCRS_-_Antônio_Prado/Flores_da_Cunha_(292_m) -999.9 -999.9 979.1 973.8 976.9 17.0 15.1 21.0 Rio_Grande_do_Sul DCRS -999.9 0.0 32.6 250.27 250.29 249.99 1 0.06 250.41 250.54 250.54 250.65
-28.939899 -51.188499 DCRS-00087 2026-07-20_10:46 17.6 -999.9 -999.9 95.5 -999.9 -999.9 16.9 -999.9 -999.9 976.8 -999.9 -999.9 2.0 -999.9 2.7 5.0 6.8 32.6 32.6 32.6 32.8 33.0 19.9 16.5 95.9 74.5 24.3 DCRS_-_Antônio_Prado/Flores_da_Cunha_(292_m) -999.9 -999.9 979.1 973.8 976.8 17.0 15.1 21.0 Rio_Grande_do_Sul DCRS -999.9 0.0 32.6 250.26 250.29 249.99 1 0.04 250.41 250.54 250.54 250.65
-28.939899 -51.188499 DCRS-00087 2026-07-20_10:47 17.6 -999.9 -999.9 95.6 -999.9 -999.9 16.9 -999.9 -999.9 976.7 -999.9 -999.9 2.1 -999.9 2.7 6.0 6.8 32.6 32.6 32.6 32.8 33.0 19.9 16.5 95.9 74.5 24.3 DCRS_-_Antônio_Prado/Flores_da_Cunha_(292_m) -999.9 -999.9 979.1 973.8 976.7 17.0 15.1 21.0 Rio_Grande_do_Sul DCRS -999.9 0.0 32.6 250.26 250.29 249.99 1 0.06 250.41 250.54 250.54 250.65
-28.939899 -51.188499 DCRS-00087 2026-07-20_10:48 17.7 -999.9 -999.9 95.5 -999.9 -999.9 17.0 -999.9 -999.9 976.9 -999.9 -999.9 0.0 -999.9 2.7 6.0 6.8 32.8 32.8 32.8 33.0 33.2 19.9 16.5 95.9 74.5 24.3 DCRS_-_Antônio_Prado/Flores_da_Cunha_(292_m) -999.9 -999.9 979.1 973.8 976.9 17.0 15.1 21.0 Rio_Grande_do_Sul DCRS -999.9 0.0 32.8 250.27 250.29 249.99 1 0.08 250.41 250.54 250.54 250.65
-28.939899 -51.188499 DCRS-00087 2026-07-20_10:49 17.6 -999.9 -999.9 95.4 -999.9 -999.9 16.8 -999.9 -999.9 977.0 -999.9 -999.9 -999.9 -999.9 2.7 6.0 7.0 32.8 32.8 32.8 33.0 33.2 19.9 16.5 95.9 74.5 24.3 DCRS_-_Antônio_Prado/Flores_da_Cunha_(292_m) -999.9 -999.9 979.1 973.8 977.0 17.0 15.1 21.0 Rio_Grande_do_Sul DCRS -999.9 0.2 32.8 250.29 250.29 249.99 1 0.07 250.41 250.54 250.54 250.65
-28.939899 -51.188499 DCRS-00087 2026-07-20_10:50 17.7 -999.9 -999.9 95.4 -999.9 -999.9 16.9 -999.9 -999.9 977.0 -999.9 -999.9 3.2 -999.9 4.1 8.0 7.0 32.8 32.8 32.8 33.0 33.2 19.9 16.5 95.9 74.5 24.3 DCRS_-_Antônio_Prado/Flores_da_Cunha_(292_m) -999.9 -999.9 979.1 973.8 977.0 17.0 15.1 21.0 Rio_Grande_do_Sul DCRS -999.9 0.0 32.8 250.28 250.29 249.99 1 0.13 250.41 250.54 250.54 250.65
-28.939899 -51.188499 DCRS-00087 2026-07-20_10:51 17.6 -999.9 -999.9 95.3 -999.9 -999.9 16.8 -999.9 -999.9 976.9 -999.9 -999.9 0.0 -999.9 4.1 11.0 7.0 32.8 32.8 32.8 33.0 33.2 19.9 16.5 95.9 74.5 24.3 DCRS_-_Antônio_Prado/Flores_da_Cunha_(292_m) -999.9 -999.9 979.1 973.8 976.9 17.0 15.1 21.0 Rio_Grande_do_Sul DCRS -999.9 0.0 32.8 250.25 250.29 249.99 1 0.1 250.41 250.54 250.54 250.65
-28.939899 -51.188499 DCRS-00087 2026-07-20_10:52 17.6 -999.9 -999.9 95.3 -999.9 -999.9 16.8 -999.9 -999.9 976.8 -999.9 -999.9 0.0 -999.9 4.1 14.0 7.0 33.2 33.2 33.2 33.4 33.6 19.9 16.5 95.9 74.5 24.3 DCRS_-_Antônio_Prado/Flores_da_Cunha_(292_m) -999.9 -999.9 979.1 973.8 976.8 17.0 15.1 21.0 Rio_Grande_do_Sul DCRS -999.9 0.0 33.2 250.28 250.29 249.99 1 0.09 250.41 250.54 250.54 250.65
-28.939899 -51.188499 DCRS-00087 2026-07-20_10:53 17.7 -999.9 -999.9 95.3 -999.9 -999.9 16.9 -999.9 -999.9 976.8 -999.9 -999.9 0.0 -999.9 4.1 18.0 7.0 33.2 33.2 33.2 33.4 33.6 19.9 16.5 95.9 74.5 24.3 DCRS_-_Antônio_Prado/Flores_da_Cunha_(292_m) -999.9 -999.9 979.1 973.8 976.8 17.0 15.1 21.0 Rio_Grande_do_Sul DCRS -999.9 0.0 33.2 250.29 250.29 249.99 1 0.11 250.41 250.54 250.54 250.65
-28.939899 -51.188499 DCRS-00087 2026-07-20_10:54 17.6 -999.9 -999.9 95.3 -999.9 -999.9 16.8 -999.9 -999.9 976.7 -999.9 -999.9 0.0 -999.9 4.1 20.0 7.2 33.2 33.2 33.2 33.4 33.6 19.9 16.5 95.9 74.5 24.3 DCRS_-_Antônio_Prado/Flores_da_Cunha_(292_m) -999.9 -999.9 979.1 973.8 976.7 17.0 15.1 21.0 Rio_Grande_do_Sul DCRS -999.9 0.2 33.2 250.31 250.31 249.99 1 0.19 250.41 250.54 250.54 250.65
-28.939899 -51.188499 DCRS-00087 2026-07-20_10:55 17.7 -999.9 -999.9 95.4 -999.9 -999.9 16.9 -999.9 -999.9 976.6 -999.9 -999.9 0.0 -999.9 4.0 22.0 7.2 33.2 33.2 33.2 33.4 33.6 19.9 16.5 95.9 74.5 24.3 DCRS_-_Antônio_Prado/Flores_da_Cunha_(292_m) -999.9 -999.9 979.1 973.8 976.6 17.0 15.1 22.0 Rio_Grande_do_Sul DCRS -999.9 0.0 33.2 250.26 250.31 249.99 1 0.02 250.41 250.54 250.54 250.65
-28.939899 -51.188499 DCRS-00087 2026-07-20_10:56 17.6 -999.9 -999.9 95.4 -999.9 -999.9 16.8 -999.9 -999.9 976.6 -999.9 -999.9 0.0 -999.9 4.0 25.0 7.2 33.8 33.8 33.8 34.0 34.2 19.9 16.5 95.9 74.5 24.3 DCRS_-_Antônio_Prado/Flores_da_Cunha_(292_m) -999.9 -999.9 979.1 973.8 976.6 17.0 15.1 25.0 Rio_Grande_do_Sul DCRS -999.9 0.0 33.8 250.3 250.31 249.99 1 0.06 250.41 250.54 250.54 250.65
-28.939899 -51.188499 DCRS-00087 2026-07-20_10:57 17.7 -999.9 -999.9 95.4 -999.9 -999.9 16.9 -999.9 -999.9 976.5 -999.9 -999.9 0.0 -999.9 4.0 27.0 7.2 33.8 33.8 33.8 34.0 34.2 19.9 16.5 95.9 74.5 24.3 DCRS_-_Antônio_Prado/Flores_da_Cunha_(292_m) -999.9 -999.9 979.1 973.8 976.5 17.0 15.1 27.0 Rio_Grande_do_Sul DCRS -999.9 0.0 33.8 250.27 250.31 249.99 1 0.05 250.41 250.54 250.54 250.65
-28.939899 -51.188499 DCRS-00087 2026-07-20_10:58 17.7 -999.9 -999.9 95.5 -999.9 -999.9 17.0 -999.9 -999.9 976.5 -999.9 -999.9 0.0 -999.9 4.0 29.0 7.2 33.8 33.8 33.8 34.0 34.2 19.9 16.5 95.9 74.5 24.3 DCRS_-_Antônio_Prado/Flores_da_Cunha_(292_m) -999.9 -999.9 979.1 973.8 976.5 17.0 15.1 29.0 Rio_Grande_do_Sul DCRS -999.9 0.0 33.8 250.29 250.31 249.99 1 0.01 250.41 250.54 250.54 250.65
-28.939899 -51.188499 DCRS-00087 2026-07-20_10:59 17.6 -999.9 -999.9 95.5 -999.9 -999.9 16.9 -999.9 -999.9 976.5 -999.9 -999.9 0.0 -999.9 4.0 32.0 5.8 33.8 33.8 33.8 34.0 34.2 19.9 16.5 95.9 74.5 24.3 DCRS_-_Antônio_Prado/Flores_da_Cunha_(292_m) -999.9 -999.9 979.1 973.8 976.5 17.0 15.1 32.0 Rio_Grande_do_Sul DCRS -999.9 0.0 33.8 250.3 250.31 249.99 1 0.05 250.41 250.54 250.54 250.65
-28.939899 -51.188499 DCRS-00087 2026-07-20_11:00 17.7 -999.9 -999.9 95.5 -999.9 -999.9 17.0 -999.9 -999.9 976.5 -999.9 -999.9 0.0 -999.9 2.4 33.0 5.8 34.0 34.0 34.0 34.2 34.4 19.9 16.5 95.9 74.5 24.3 DCRS_-_Antônio_Prado/Flores_da_Cunha_(292_m) -999.9 -999.9 979.1 973.8 976.5 17.0 15.1 33.0 Rio_Grande_do_Sul DCRS -999.9 0.0 34.0 250.29 250.31 249.99 1 0.03 250.41 250.54 250.54 250.65
-28.939899 -51.188499 DCRS-00087 2026-07-20_11:01 17.7 -999.9 -999.9 95.5 -999.9 -999.9 17.0 -999.9 -999.9 976.5 -999.9 -999.9 0.0 -999.9 2.4 34.0 5.8 34.0 34.0 34.0 34.2 34.4 19.9 16.5 95.9 74.5 24.3 DCRS_-_Antônio_Prado/Flores_da_Cunha_(292_m) -999.9 -999.9 979.1 973.8 976.5 17.0 15.1 34.0 Rio_Grande_do_Sul DCRS -999.9 0.0 34.0 250.3 250.31 249.99 1 0.04 250.41 250.54 250.54 250.65
-28.939899 -51.188499 DCRS-00087 2026-07-20_11:02 17.7 -999.9 -999.9 95.5 -999.9 -999.9 17.0 -999.9 -999.9 976.4 -999.9 -999.9 0.0 -999.9 2.4 39.0 5.8 34.0 34.0 34.0 34.2 34.4 19.9 16.5 95.9 74.5 24.3 DCRS_-_Antônio_Prado/Flores_da_Cunha_(292_m) -999.9 -999.9 979.1 973.8 976.4 17.0 15.1 39.0 Rio_Grande_do_Sul DCRS -999.9 0.0 34.0 250.29 250.31 249.99 1 0.1 250.41 250.54 250.54 250.65
-28.939899 -51.188499 DCRS-00087 2026-07-20_11:03 17.7 -999.9 -999.9 95.5 -999.9 -999.9 17.0 -999.9 -999.9 976.3 -999.9 -999.9 -999.9 -999.9 2.4 46.0 5.8 34.0 34.0 34.0 34.2 34.4 19.9 16.5 95.9 74.5 24.3 DCRS_-_Antônio_Prado/Flores_da_Cunha_(292_m) -999.9 -999.9 979.1 973.8 976.3 17.0 15.1 46.0 Rio_Grande_do_Sul DCRS -999.9 0.0 34.0 250.29 250.31 249.99 1 0.1 250.41 250.54 250.54 250.65
-28.939899 -51.188499 DCRS-00087 2026-07-20_11:04 17.8 -999.9 -999.9 95.5 -999.9 -999.9 17.1 -999.9 -999.9 976.2 -999.9 -999.9 2.0 -999.9 2.4 51.0 5.4 34.0 34.0 34.0 34.2 34.4 19.9 16.5 95.9 74.5 24.3 DCRS_-_Antônio_Prado/Flores_da_Cunha_(292_m) -999.9 -999.9 979.1 973.8 976.2 17.1 15.1 51.0 Rio_Grande_do_Sul DCRS -999.9 0.0 34.0 250.31 250.31 249.99 1 0.1 250.41 250.54 250.54 250.65
-28.939899 -51.188499 DCRS-00087 2026-07-20_11:05 17.7 -999.9 -999.9 95.5 -999.9 -999.9 17.0 -999.9 -999.9 976.1 -999.9 -999.9 2.4 -999.9 3.0 57.0 5.4 34.0 34.0 34.0 34.2 34.4 19.9 16.5 95.9 74.5 24.3 DCRS_-_Antônio_Prado/Flores_da_Cunha_(292_m) -999.9 -999.9 979.1 973.8 976.1 17.1 15.1 57.0 Rio_Grande_do_Sul DCRS -999.9 0.0 34.0 250.3 250.31 249.99 1 0.12 250.41 250.54 250.54 250.65
-28.939899 -51.188499 DCRS-00087 2026-07-20_11:06 17.8 -999.9 -999.9 95.6 -999.9 -999.9 17.1 -999.9 -999.9 976.0 -999.9 -999.9 0.0 -999.9 3.0 63.0 5.4 34.0 34.0 34.0 34.2 34.4 19.9 16.5 95.9 74.5 24.3 DCRS_-_Antônio_Prado/Flores_da_Cunha_(292_m) -999.9 -999.9 979.1 973.8 976.0 17.1 15.1 63.0 Rio_Grande_do_Sul DCRS -999.9 0.0 34.0 250.3 250.31 249.99 1 0.15 250.41 250.54 250.54 250.65
-28.939899 -51.188499 DCRS-00087 2026-07-20_11:07 17.8 -999.9 -999.9 95.6 -999.9 -999.9 17.1 -999.9 -999.9 976.0 -999.9 -999.9 2.5 -999.9 3.0 68.0 5.4 34.0 34.0 34.0 34.2 34.4 19.9 16.5 95.9 74.5 24.3 DCRS_-_Antônio_Prado/Flores_da_Cunha_(292_m) -999.9 -999.9 979.1 973.8 976.0 17.1 15.1 68.0 Rio_Grande_do_Sul DCRS -999.9 0.0 34.0 250.3 250.31 249.99 1 0.03 250.41 250.54 250.54 250.65
-28.939899 -51.188499 DCRS-00087 2026-07-20_11:08 17.8 -999.9 -999.9 95.7 -999.9 -999.9 17.1 -999.9 -999.9 976.0 -999.9 -999.9 0.0 -999.9 3.0 71.0 5.4 34.0 34.0 34.0 34.2 34.4 19.9 16.5 95.9 74.5 24.3 DCRS_-_Antônio_Prado/Flores_da_Cunha_(292_m) -999.9 -999.9 979.1 973.8 976.0 17.1 15.1 71.0 Rio_Grande_do_Sul DCRS -999.9 0.0 34.0 250.3 250.31 249.99 1 0.03 250.41 250.54 250.54 250.65
-28.939899 -51.188499 DCRS-00087 2026-07-20_11:09 17.9 -999.9 -999.9 95.7 -999.9 -999.9 17.2 -999.9 -999.9 976.0 -999.9 -999.9 0.0 -999.9 3.0 77.0 4.8 34.0 34.0 34.0 34.2 34.4 19.9 16.5 95.9 74.5 24.3 DCRS_-_Antônio_Prado/Flores_da_Cunha_(292_m) -999.9 -999.9 979.1 973.8 976.0 17.2 15.1 77.0 Rio_Grande_do_Sul DCRS -999.9 0.0 34.0 250.28 250.31 249.99 1 0.06 250.41 250.54 250.54 250.65
-28.939899 -51.188499 DCRS-00087 2026-07-20_11:10 17.9 -999.9 -999.9 95.7 -999.9 -999.9 17.2 -999.9 -999.9 976.0 -999.9 -999.9 0.0 -999.9 3.4 85.0 4.8 34.0 34.0 34.0 34.2 34.4 19.9 16.5 95.9 74.5 24.3 DCRS_-_Antônio_Prado/Flores_da_Cunha_(292_m) -999.9 -999.9 979.1 973.8 976.0 17.2 15.1 85.0 Rio_Grande_do_Sul DCRS -999.9 0.0 34.0 250.3 250.31 249.99 1 0.06 250.41 250.54 250.54 250.65
-28.939899 -51.188499 DCRS-00087 2026-07-20_11:11 17.9 -999.9 -999.9 95.7 -999.9 -999.9 17.2 -999.9 -999.9 976.0 -999.9 -999.9 0.0 -999.9 3.4 92.0 4.8 34.0 34.0 34.0 34.2 34.4 19.9 16.5 95.9 74.5 24.3 DCRS_-_Antônio_Prado/Flores_da_Cunha_(292_m) -999.9 -999.9 979.1 973.8 976.0 17.2 15.1 92.0 Rio_Grande_do_Sul DCRS -999.9 0.0 34.0 250.3 250.31 249.99 1 0.05 250.41 250.54 250.54 250.65
-28.939899 -51.188499 DCRS-00087 2026-07-20_11:12 17.9 -999.9 -999.9 95.6 -999.9 -999.9 17.2 -999.9 -999.9 975.9 -999.9 -999.9 2.7 -999.9 3.4 98.0 4.8 34.0 34.0 34.0 34.2 34.4 19.9 16.5 95.9 74.5 24.3 DCRS_-_Antônio_Prado/Flores_da_Cunha_(292_m) -999.9 -999.9 979.1 973.8 975.9 17.2 15.1 98.0 Rio_Grande_do_Sul DCRS -999.9 0.0 34.0 250.28 250.31 249.99 1 0.05 250.41 250.54 250.54 250.65
-28.939899 -51.188499 DCRS-00087 2026-07-20_11:13 17.9 -999.9 -999.9 95.7 -999.9 -999.9 17.2 -999.9 -999.9 975.9 -999.9 -999.9 2.3 -999.9 3.4 102.0 4.8 34.0 34.0 34.0 34.2 34.4 19.9 16.5 95.9 74.5 24.3 DCRS_-_Antônio_Prado/Flores_da_Cunha_(292_m) -999.9 -999.9 979.1 973.8 975.9 17.2 15.1 102.0 Rio_Grande_do_Sul DCRS -999.9 0.0 34.0 250.3 250.31 249.99 1 0.07 250.41 250.54 250.54 250.65
-28.939899 -51.188499 DCRS-00087 2026-07-20_11:14 17.9 -999.9 -999.9 95.6 -999.9 -999.9 17.2 -999.9 -999.9 975.9 -999.9 -999.9 0.0 -999.9 3.4 104.0 3.8 34.0 34.0 34.0 34.2 34.4 19.9 16.5 95.9 74.5 24.3 DCRS_-_Antônio_Prado/Flores_da_Cunha_(292_m) -999.9 -999.9 979.1 973.8 975.9 17.2 15.1 104.0 Rio_Grande_do_Sul DCRS -999.9 0.0 34.0 250.3 250.31 249.99 1 0.06 250.41 250.54 250.54 250.65
-28.939899 -51.188499 DCRS-00087 2026-07-20_11:15 17.9 -999.9 -999.9 95.5 -999.9 -999.9 17.2 -999.9 -999.9 975.9 -999.9 -999.9 2.5 -999.9 3.5 106.0 3.8 34.0 34.0 34.0 34.2 34.4 19.9 16.5 95.9 74.5 24.3 DCRS_-_Antônio_Prado/Flores_da_Cunha_(292_m) -999.9 -999.9 979.1 973.8 975.9 17.2 15.1 106.0 Rio_Grande_do_Sul DCRS -999.9 0.0 34.0 250.31 250.31 249.99 1 0.04 250.41 250.54 250.54 250.65
-28.939899 -51.188499 DCRS-00087 2026-07-20_11:16 18.0 -999.9 -999.9 95.3 -999.9 -999.9 17.2 -999.9 -999.9 976.0 -999.9 -999.9 0.0 -999.9 3.5 105.0 3.8 34.0 34.0 34.0 34.2 34.4 19.9 16.5 95.9 74.5 24.3 DCRS_-_Antônio_Prado/Flores_da_Cunha_(292_m) -999.9 -999.9 979.1 973.8 976.0 17.2 15.1 106.0 Rio_Grande_do_Sul DCRS -999.9 0.0 34.0 250.3 250.31 249.99 1 0.06 250.41 250.54 250.54 250.65
-28.939899 -51.188499 DCRS-00087 2026-07-20_11:17 18.0 -999.9 -999.9 95.3 -999.9 -999.9 17.2 -999.9 -999.9 976.0 -999.9 -999.9 0.0 -999.9 3.5 103.0 3.8 34.0 34.0 34.0 34.2 34.4 19.9 16.5 95.9 74.5 24.3 DCRS_-_Antônio_Prado/Flores_da_Cunha_(292_m) -999.9 -999.9 979.1 973.8 976.0 17.2 15.1 106.0 Rio_Grande_do_Sul DCRS -999.9 0.0 34.0 250.3 250.31 249.99 1 0.08 250.41 250.54 250.54 250.65
-28.939899 -51.188499 DCRS-00087 2026-07-20_11:18 18.0 -999.9 -999.9 95.2 -999.9 -999.9 17.2 -999.9 -999.9 976.1 -999.9 -999.9 0.0 -999.9 3.5 95.0 3.8 34.0 34.0 34.0 34.2 34.4 19.9 16.5 95.9 74.5 24.3 DCRS_-_Antônio_Prado/Flores_da_Cunha_(292_m) -999.9 -999.9 979.1 973.8 976.1 17.2 15.1 106.0 Rio_Grande_do_Sul DCRS -999.9 0.0 34.0 250.3 250.31 249.99 1 0.05 250.41 250.54 250.54 250.65
-28.939899 -51.188499 DCRS-00087 2026-07-20_11:19 18.1 -999.9 -999.9 95.0 -999.9 -999.9 17.3 -999.9 -999.9 976.1 -999.9 -999.9 0.0 -999.9 3.5 92.0 3.2 34.0 34.0 34.0 34.2 34.4 19.9 16.5 95.9 74.5 24.3 DCRS_-_Antônio_Prado/Flores_da_Cunha_(292_m) -999.9 -999.9 979.1 973.8 976.1 17.3 15.1 106.0 Rio_Grande_do_Sul DCRS -999.9 0.0 34.0 250.3 250.31 249.99 1 0.04 250.41 250.54 250.54 250.65
-28.939899 -51.188499 DCRS-00087 2026-07-20_11:20 18.1 -999.9 -999.9 95.0 -999.9 -999.9 17.3 -999.9 -999.9 976.1 -999.9 -999.9 1.9 -999.9 2.6 79.0 3.2 34.0 34.0 34.0 34.2 34.4 19.9 16.5 95.9 74.5 24.3 DCRS_-_Antônio_Prado/Flores_da_Cunha_(292_m) -999.9 -999.9 979.1 973.8 976.1 17.3 15.1 106.0 Rio_Grande_do_Sul DCRS -999.9 0.0 34.0 250.3 250.31 249.99 1 0.02 250.41 250.54 250.54 250.65
-28.939899 -51.188499 DCRS-00087 2026-07-20_11:21 18.1 -999.9 -999.9 94.8 -999.9 -999.9 17.2 -999.9 -999.9 976.1 -999.9 -999.9 0.0 -999.9 2.6 83.0 3.2 34.0 34.0 34.0 34.2 34.4 19.9 16.5 95.9 74.5 24.3 DCRS_-_Antônio_Prado/Flores_da_Cunha_(292_m) -999.9 -999.9 979.1 973.8 976.1 17.3 15.1 106.0 Rio_Grande_do_Sul DCRS -999.9 0.0 34.0 250.3 250.31 249.99 1 0.06 250.41 250.54 250.54 250.65
-28.939899 -51.188499 DCRS-00087 2026-07-20_11:22 18.2 -999.9 -999.9 94.8 -999.9 -999.9 17.3 -999.9 -999.9 976.0 -999.9 -999.9 2.5 -999.9 2.6 103.0 3.2 34.0 34.0 34.0 34.2 34.4 19.9 16.5 95.9 74.5 24.3 DCRS_-_Antônio_Prado/Flores_da_Cunha_(292_m) -999.9 -999.9 979.1 973.8 976.0 17.3 15.1 106.0 Rio_Grande_do_Sul DCRS -999.9 0.0 34.0 250.3 250.31 249.99 1 0.03 250.41 250.54 250.54 250.65
-28.939899 -51.188499 DCRS-00087 2026-07-20_11:23 18.3 -999.9 -999.9 94.7 -999.9 -999.9 17.4 -999.9 -999.9 975.9 -999.9 -999.9 2.2 -999.9 2.6 119.0 3.2 34.0 34.0 34.0 34.2 34.4 19.9 16.5 95.9 74.5 24.3 DCRS_-_Antônio_Prado/Flores_da_Cunha_(292_m) -999.9 -999.9 979.1 973.8 975.9 17.4 15.1 119.0 Rio_Grande_do_Sul DCRS -999.9 0.0 34.0 250.31 250.31 249.99 1 0.04 250.41 250.54 250.54 250.65
-28.939899 -51.188499 DCRS-00087 2026-07-20_11:24 18.3 -999.9 -999.9 94.7 -999.9 -999.9 17.4 -999.9 -999.9 975.9 -999.9 -999.9 2.0 -999.9 2.6 124.0 2.2 34.0 34.0 34.0 34.2 34.4 19.9 16.5 95.9 74.5 24.3 DCRS_-_Antônio_Prado/Flores_da_Cunha_(292_m) -999.9 -999.9 979.1 973.8 975.9 17.4 15.1 124.0 Rio_Grande_do_Sul DCRS -999.9 0.0 34.0 250.31 250.31 249.99 1 0.06 250.41 250.54 250.54 250.65
-28.939899 -51.188499 DCRS-00087 2026-07-20_11:25 18.3 -999.9 -999.9 94.6 -999.9 -999.9 17.4 -999.9 -999.9 975.9 -999.9 -999.9 2.3 -999.9 4.8 123.0 2.2 34.0 34.0 34.0 34.2 34.4 19.9 16.5 95.9 74.5 24.3 DCRS_-_Antônio_Prado/Flores_da_Cunha_(292_m) -999.9 -999.9 979.1 973.8 975.9 17.4 15.1 124.0 Rio_Grande_do_Sul DCRS -999.9 0.0 34.0 250.31 250.31 249.99 1 0.06 250.41 250.54 250.54 250.65
-28.939899 -51.188499 DCRS-00087 2026-07-20_11:26 18.3 -999.9 -999.9 94.8 -999.9 -999.9 17.4 -999.9 -999.9 975.8 -999.9 -999.9 0.0 -999.9 4.8 118.0 2.2 34.0 34.0 34.0 34.2 34.4 19.9 16.5 95.9 74.5 24.3 DCRS_-_Antônio_Prado/Flores_da_Cunha_(292_m) -999.9 -999.9 979.1 973.8 975.8 17.4 15.1 124.0 Rio_Grande_do_Sul DCRS -999.9 0.0 34.0 250.31 250.31 249.99 1 0.03 250.41 250.54 250.54 250.65
-28.939899 -51.188499 DCRS-00087 2026-07-20_11:27 18.4 -999.9 -999.9 94.8 -999.9 -999.9 17.5 -999.9 -999.9 975.7 -999.9 -999.9 2.2 -999.9 4.8 115.0 2.2 34.0 34.0 34.0 34.2 34.4 19.9 16.5 95.9 74.5 24.3 DCRS_-_Antônio_Prado/Flores_da_Cunha_(292_m) -999.9 -999.9 979.1 973.8 975.7 17.5 15.1 124.0 Rio_Grande_do_Sul DCRS -999.9 0.0 34.0 250.31 250.31 249.99 1 0.03 250.41 250.54 250.54 250.65
-28.939899 -51.188499 DCRS-00087 2026-07-20_11:28 18.3 -999.9 -999.9 94.7 -999.9 -999.9 17.4 -999.9 -999.9 975.6 -999.9 -999.9 2.6 -999.9 4.8 106.0 2.2 34.0 34.0 34.0 34.2 34.4 19.9 16.5 95.9 74.5 24.3 DCRS_-_Antônio_Prado/Flores_da_Cunha_(292_m) -999.9 -999.9 979.1 973.8 975.6 17.5 15.1 124.0 Rio_Grande_do_Sul DCRS -999.9 0.0 34.0 250.31 250.31 249.99 1 0.03 250.41 250.54 250.54 250.65
-28.939899 -51.188499 DCRS-00087 2026-07-20_11:29 18.4 -999.9 -999.9 94.6 -999.9 -999.9 17.5 -999.9 -999.9 975.6 -999.9 -999.9 4.3 -999.9 4.8 98.0 2.0 34.0 34.0 34.0 34.2 34.4 19.9 16.5 95.9 74.5 24.3 DCRS_-_Antônio_Prado/Flores_da_Cunha_(292_m) -999.9 -999.9 979.1 973.8 975.6 17.5 15.1 124.0 Rio_Grande_do_Sul DCRS -999.9 0.0 34.0 250.31 250.31 249.99 1 0.02 250.41 250.54 250.54 250.65
-28.939899 -51.188499 DCRS-00087 2026-07-20_11:30 18.3 -999.9 -999.9 94.4 -999.9 -999.9 17.4 -999.9 -999.9 975.6 -999.9 -999.9 0.0 -999.9 5.7 94.0 2.0 34.0 34.0 34.0 34.2 34.4 19.9 16.5 95.9 74.5 24.3 DCRS_-_Antônio_Prado/Flores_da_Cunha_(292_m) -999.9 -999.9 979.1 973.8 975.6 17.5 15.1 124.0 Rio_Grande_do_Sul DCRS -999.9 0.0 34.0 250.31 250.31 249.99 1 0.07 250.41 250.54 250.54 250.65
-28.939899 -51.188499 DCRS-00087 2026-07-20_11:31 18.3 -999.9 -999.9 94.4 -999.9 -999.9 17.4 -999.9 -999.9 975.7 -999.9 -999.9 1.9 -999.9 5.7 96.0 2.0 34.0 34.0 34.0 34.2 34.4 19.9 16.5 95.9 74.5 24.3 DCRS_-_Antônio_Prado/Flores_da_Cunha_(292_m) -999.9 -999.9 979.1 973.8 975.7 17.5 15.1 124.0 Rio_Grande_do_Sul DCRS -999.9 0.0 34.0 250.31 250.31 249.99 1 0.08 250.41 250.54 250.54 250.65
-28.939899 -51.188499 DCRS-00087 2026-07-20_11:32 18.4 -999.9 -999.9 94.5 -999.9 -999.9 17.5 -999.9 -999.9 975.7 -999.9 -999.9 0.0 -999.9 5.7 105.0 2.0 34.0 34.0 34.0 34.2 34.4 19.9 16.5 95.9 74.5 24.3 DCRS_-_Antônio_Prado/Flores_da_Cunha_(292_m) -999.9 -999.9 979.1 973.8 975.7 17.5 15.1 124.0 Rio_Grande_do_Sul DCRS -999.9 0.0 34.0 250.31 250.31 249.99 1 0.04 250.41 250.54 250.54 250.65
-28.939899 -51.188499 DCRS-00087 2026-07-20_11:33 18.4 -999.9 -999.9 94.5 -999.9 -999.9 17.5 -999.9 -999.9 975.7 -999.9 -999.9 4.2 -999.9 5.7 118.0 2.0 34.0 34.0 34.0 34.2 34.4 19.9 16.5 95.9 74.5 24.3 DCRS_-_Antônio_Prado/Flores_da_Cunha_(292_m) -999.9 -999.9 979.1 973.8 975.7 17.5 15.1 124.0 Rio_Grande_do_Sul DCRS -999.9 0.0 34.0 250.31 250.31 249.99 1 0.06 250.41 250.54 250.54 250.65
-28.939899 -51.188499 DCRS-00087 2026-07-20_11:34 18.4 -999.9 -999.9 94.6 -999.9 -999.9 17.5 -999.9 -999.9 975.7 -999.9 -999.9 2.3 -999.9 5.7 121.0 1.8 34.0 34.0 34.0 34.2 34.4 19.9 16.5 95.9 74.5 24.3 DCRS_-_Antônio_Prado/Flores_da_Cunha_(292_m) -999.9 -999.9 979.1 973.8 975.7 17.5 15.1 124.0 Rio_Grande_do_Sul DCRS -999.9 0.0 34.0 250.31 250.31 249.99 1 0.03 250.41 250.54 250.54 250.65
-28.939899 -51.188499 DCRS-00087 2026-07-20_11:35 18.5 -999.9 -999.9 94.9 -999.9 -999.9 17.7 -999.9 -999.9 975.8 -999.9 -999.9 0.0 -999.9 4.6 117.0 1.8 34.0 34.0 34.0 34.2 34.4 19.9 16.5 95.9 74.5 24.3 DCRS_-_Antônio_Prado/Flores_da_Cunha_(292_m) -999.9 -999.9 979.1 973.8 975.8 17.7 15.1 124.0 Rio_Grande_do_Sul DCRS -999.9 0.0 34.0 250.31 250.31 249.99 1 0.07 250.41 250.54 250.54 250.65
-28.939899 -51.188499 DCRS-00087 2026-07-20_11:36 18.6 -999.9 -999.9 95.0 -999.9 -999.9 17.8 -999.9 -999.9 975.8 -999.9 -999.9 0.0 -999.9 4.6 116.0 1.8 34.0 34.0 34.0 34.2 34.4 19.9 16.5 95.9 74.5 24.3 DCRS_-_Antônio_Prado/Flores_da_Cunha_(292_m) -999.9 -999.9 979.1 973.8 975.8 17.8 15.1 124.0 Rio_Grande_do_Sul DCRS -999.9 0.0 34.0 250.31 250.31 249.99 1 0.07 250.41 250.54 250.54 250.65
-28.939899 -51.188499 DCRS-00087 2026-07-20_11:37 18.7 -999.9 -999.9 95.2 -999.9 -999.9 17.9 -999.9 -999.9 975.7 -999.9 -999.9 3.4 -999.9 4.6 112.0 1.8 34.0 34.0 34.0 34.2 34.4 19.9 16.5 95.9 74.5 24.3 DCRS_-_Antônio_Prado/Flores_da_Cunha_(292_m) -999.9 -999.9 979.1 973.8 975.7 17.9 15.1 124.0 Rio_Grande_do_Sul DCRS -999.9 0.0 34.0 250.31 250.31 249.99 1 0.02 250.41 250.54 250.54 250.65
-28.939899 -51.188499 DCRS-00087 2026-07-20_11:38 18.6 -999.9 -999.9 95.0 -999.9 -999.9 17.8 -999.9 -999.9 975.7 -999.9 -999.9 2.5 -999.9 4.6 106.0 1.8 34.0 34.0 34.0 34.2 34.4 19.9 16.5 95.9 74.5 24.3 DCRS_-_Antônio_Prado/Flores_da_Cunha_(292_m) -999.9 -999.9 979.1 973.8 975.7 17.9 15.1 124.0 Rio_Grande_do_Sul DCRS -999.9 0.0 34.0 250.31 250.31 249.99 1 0.04 250.41 250.54 250.54 250.65
-28.939899 -51.188499 DCRS-00087 2026-07-20_11:39 18.6 -999.9 -999.9 94.5 -999.9 -999.9 17.7 -999.9 -999.9 975.7 -999.9 -999.9 0.0 -999.9 4.6 98.0 1.4 34.0 34.0 34.0 34.2 34.4 19.9 16.5 95.9 74.5 24.3 DCRS_-_Antônio_Prado/Flores_da_Cunha_(292_m) -999.9 -999.9 979.1 973.8 975.7 17.9 15.1 124.0 Rio_Grande_do_Sul DCRS -999.9 0.0 34.0 250.32 250.32 249.99 1 0.06 250.41 250.54 250.54 250.65
-28.939899 -51.188499 DCRS-00087 2026-07-20_11:40 18.6 -999.9 -999.9 94.3 -999.9 -999.9 17.7 -999.9 -999.9 975.7 -999.9 -999.9 2.0 -999.9 4.0 91.0 1.4 34.0 34.0 34.0 34.2 34.4 19.9 16.5 95.9 74.5 24.3 DCRS_-_Antônio_Prado/Flores_da_Cunha_(292_m) -999.9 -999.9 979.1 973.8 975.7 17.9 15.1 124.0 Rio_Grande_do_Sul DCRS -999.9 0.0 34.0 250.31 250.32 249.99 1 0.04 250.41 250.54 250.54 250.65
-28.939899 -51.188499 DCRS-00087 2026-07-20_11:41 18.6 -999.9 -999.9 94.3 -999.9 -999.9 17.7 -999.9 -999.9 975.7 -999.9 -999.9 0.0 -999.9 4.0 83.0 1.4 34.0 34.0 34.0 34.2 34.4 19.9 16.5 95.9 74.5 24.3 DCRS_-_Antônio_Prado/Flores_da_Cunha_(292_m) -999.9 -999.9 979.1 973.8 975.7 17.9 15.1 124.0 Rio_Grande_do_Sul DCRS -999.9 0.0 34.0 250.32 250.32 249.99 1 0.05 250.41 250.54 250.54 250.65
-28.939899 -51.188499 DCRS-00087 2026-07-20_11:42 18.6 -999.9 -999.9 94.1 -999.9 -999.9 17.6 -999.9 -999.9 975.6 -999.9 -999.9 0.0 -999.9 4.0 73.0 1.4 34.0 34.0 34.0 34.2 34.4 19.9 16.5 95.9 74.5 24.3 DCRS_-_Antônio_Prado/Flores_da_Cunha_(292_m) -999.9 -999.9 979.1 973.8 975.6 17.9 15.1 124.0 Rio_Grande_do_Sul DCRS -999.9 0.0 34.0 250.32 250.32 249.99 1 0.05 250.41 250.54 250.54 250.65
-28.939899 -51.188499 DCRS-00087 2026-07-20_11:43 18.6 -999.9 -999.9 94.1 -999.9 -999.9 17.6 -999.9 -999.9 975.6 -999.9 -999.9 1.9 -999.9 4.0 68.0 1.4 34.0 34.0 34.0 34.2 34.4 19.9 16.5 95.9 74.5 24.3 DCRS_-_Antônio_Prado/Flores_da_Cunha_(292_m) -999.9 -999.9 979.1 973.8 975.6 17.9 15.1 124.0 Rio_Grande_do_Sul DCRS -999.9 0.0 34.0 250.31 250.32 249.99 1 0.04 250.41 250.54 250.54 250.65
-28.939899 -51.188499 DCRS-00087 2026-07-20_11:44 18.6 -999.9 -999.9 94.0 -999.9 -999.9 17.6 -999.9 -999.9 975.5 -999.9 -999.9 1.9 -999.9 4.0 67.0 1.2 34.0 34.0 34.0 34.2 34.4 19.9 16.5 95.9 74.5 24.3 DCRS_-_Antônio_Prado/Flores_da_Cunha_(292_m) -999.9 -999.9 979.1 973.8 975.5 17.9 15.1 124.0 Rio_Grande_do_Sul DCRS -999.9 0.0 34.0 250.31 250.32 249.99 1 0.04 250.41 250.54 250.54 250.65
-28.939899 -51.188499 DCRS-00087 2026-07-20_11:45 18.5 -999.9 -999.9 93.6 -999.9 -999.9 17.4 -999.9 -999.9 975.6 -999.9 -999.9 0.0 -999.9 3.0 70.0 1.2 34.0 34.0 34.0 34.2 34.4 19.9 16.5 95.9 74.5 24.3 DCRS_-_Antônio_Prado/Flores_da_Cunha_(292_m) -999.9 -999.9 979.1 973.8 975.6 17.9 15.1 124.0 Rio_Grande_do_Sul DCRS -999.9 0.0 34.0 250.31 250.32 249.99 1 0.04 250.41 250.54 250.54 250.65
-28.939899 -51.188499 DCRS-00087 2026-07-20_11:46 18.5 -999.9 -999.9 93.8 -999.9 -999.9 17.5 -999.9 -999.9 975.6 -999.9 -999.9 0.0 -999.9 3.0 63.0 1.2 34.0 34.0 34.0 34.2 34.4 19.9 16.5 95.9 74.5 24.3 DCRS_-_Antônio_Prado/Flores_da_Cunha_(292_m) -999.9 -999.9 979.1 973.8 975.6 17.9 15.1 124.0 Rio_Grande_do_Sul DCRS -999.9 0.0 34.0 250.32 250.32 249.99 1 0.06 250.41 250.54 250.54 250.65
-28.939899 -51.188499 DCRS-00087 2026-07-20_11:47 18.6 -999.9 -999.9 94.0 -999.9 -999.9 17.6 -999.9 -999.9 975.6 -999.9 -999.9 0.0 -999.9 3.0 49.0 1.2 34.0 34.0 34.0 34.2 34.4 19.9 16.5 95.9 74.5 24.3 DCRS_-_Antônio_Prado/Flores_da_Cunha_(292_m) -999.9 -999.9 979.1 973.8 975.6 17.9 15.1 124.0 Rio_Grande_do_Sul DCRS -999.9 0.0 34.0 250.32 250.32 249.99 1 0.06 250.41 250.54 250.54 250.65
-28.939899 -51.188499 DCRS-00087 2026-07-20_11:48 18.6 -999.9 -999.9 93.9 -999.9 -999.9 17.6 -999.9 -999.9 975.6 -999.9 -999.9 2.2 -999.9 3.0 42.0 1.2 34.0 34.0 34.0 34.2 34.4 19.9 16.5 95.9 74.5 24.3 DCRS_-_Antônio_Prado/Flores_da_Cunha_(292_m) -999.9 -999.9 979.1 973.8 975.6 17.9 15.1 124.0 Rio_Grande_do_Sul DCRS -999.9 0.0 34.0 250.32 250.32 249.99 1 0.05 250.41 250.54 250.54 250.65
-28.939899 -51.188499 DCRS-00087 2026-07-20_11:49 18.6 -999.9 -999.9 93.9 -999.9 -999.9 17.6 -999.9 -999.9 975.5 -999.9 -999.9 0.0 -999.9 3.0 46.0 0.8 34.0 34.0 34.0 34.2 34.4 19.9 16.5 95.9 74.5 24.3 DCRS_-_Antônio_Prado/Flores_da_Cunha_(292_m) -999.9 -999.9 979.1 973.8 975.5 17.9 15.1 124.0 Rio_Grande_do_Sul DCRS -999.9 0.0 34.0 250.31 250.32 249.99 1 0.02 250.41 250.54 250.54 250.65
-28.939899 -51.188499 DCRS-00087 2026-07-20_11:50 18.6 -999.9 -999.9 93.9 -999.9 -999.9 17.6 -999.9 -999.9 975.4 -999.9 -999.9 1.9 -999.9 3.3 73.0 0.8 34.0 34.0 34.0 34.2 34.4 19.9 16.5 95.9 74.5 24.3 DCRS_-_Antônio_Prado/Flores_da_Cunha_(292_m) -999.9 -999.9 979.1 973.8 975.4 17.9 15.1 124.0 Rio_Grande_do_Sul DCRS -999.9 0.0 34.0 250.31 250.32 249.99 1 0.03 250.41 250.54 250.54 250.65
-28.939899 -51.188499 DCRS-00087 2026-07-20_11:51 18.6 -999.9 -999.9 93.8 -999.9 -999.9 17.6 -999.9 -999.9 975.2 -999.9 -999.9 0.0 -999.9 3.3 103.0 0.8 34.0 34.0 34.0 34.2 34.4 19.9 16.5 95.9 74.5 24.3 DCRS_-_Antônio_Prado/Flores_da_Cunha_(292_m) -999.9 -999.9 979.1 973.8 975.2 17.9 15.1 124.0 Rio_Grande_do_Sul DCRS -999.9 0.0 34.0 250.32 250.32 249.99 1 0.07 250.41 250.54 250.54 250.65
-28.939899 -51.188499 DCRS-00087 2026-07-20_11:52 18.6 -999.9 -999.9 94.0 -999.9 -999.9 17.6 -999.9 -999.9 975.0 -999.9 -999.9 2.1 -999.9 3.3 122.0 0.8 34.0 34.0 34.0 34.2 34.4 19.9 16.5 95.9 74.5 24.3 DCRS_-_Antônio_Prado/Flores_da_Cunha_(292_m) -999.9 -999.9 979.1 973.8 975.0 17.9 15.1 124.0 Rio_Grande_do_Sul DCRS -999.9 0.0 34.0 250.31 250.32 249.99 1 0.03 250.41 250.54 250.54 250.65
-28.939899 -51.188499 DCRS-00087 2026-07-20_11:53 18.5 -999.9 -999.9 94.0 -999.9 -999.9 17.5 -999.9 -999.9 975.0 -999.9 -999.9 0.0 -999.9 3.3 115.0 0.8 34.0 34.0 34.0 34.2 34.4 19.9 16.5 95.9 74.5 24.3 DCRS_-_Antônio_Prado/Flores_da_Cunha_(292_m) -999.9 -999.9 979.1 973.8 975.0 17.9 15.1 124.0 Rio_Grande_do_Sul DCRS -999.9 0.0 34.0 250.32 250.32 249.99 1 0.03 250.41 250.54 250.54 250.65
-28.939899 -51.188499 DCRS-00087 2026-07-20_11:54 18.6 -999.9 -999.9 94.6 -999.9 -999.9 17.7 -999.9 -999.9 975.1 -999.9 -999.9 0.0 -999.9 3.3 75.0 0.2 34.0 34.0 34.0 34.2 34.4 19.9 16.5 95.9 74.5 24.3 DCRS_-_Antônio_Prado/Flores_da_Cunha_(292_m) -999.9 -999.9 979.1 973.8 975.1 17.9 15.1 124.0 Rio_Grande_do_Sul DCRS -999.9 0.0 34.0 250.31 250.32 249.99 1 0.0 250.41 250.54 250.54 250.65
-28.939899 -51.188499 DCRS-00087 2026-07-20_11:55 18.6 -999.9 -999.9 94.6 -999.9 -999.9 17.7 -999.9 -999.9 975.1 -999.9 -999.9 0.0 -999.9 2.9 49.0 0.2 34.0 34.0 34.0 34.2 34.4 19.9 16.5 95.9 74.5 24.3 DCRS_-_Antônio_Prado/Flores_da_Cunha_(292_m) -999.9 -999.9 979.1 973.8 975.1 17.9 15.1 124.0 Rio_Grande_do_Sul DCRS -999.9 0.0 34.0 250.31 250.32 249.99 1 0.05 250.41 250.54 250.54 250.65
-28.939899 -51.188499 DCRS-00087 2026-07-20_11:56 18.7 -999.9 -999.9 94.5 -999.9 -999.9 17.8 -999.9 -999.9 975.0 -999.9 -999.9 0.0 -999.9 2.9 45.0 0.2 34.0 34.0 34.0 34.2 34.4 19.9 16.5 95.9 74.5 24.3 DCRS_-_Antônio_Prado/Flores_da_Cunha_(292_m) -999.9 -999.9 979.1 973.8 975.0 17.9 15.1 124.0 Rio_Grande_do_Sul DCRS -999.9 0.0 34.0 250.31 250.32 249.99 1 0.01 250.41 250.54 250.54 250.65
-28.939899 -51.188499 DCRS-00087 2026-07-20_11:57 18.7 -999.9 -999.9 94.5 -999.9 -999.9 17.8 -999.9 -999.9 975.0 -999.9 -999.9 0.0 -999.9 2.9 46.0 0.2 34.0 34.0 34.0 34.2 34.4 19.9 16.5 95.9 74.5 24.3 DCRS_-_Antônio_Prado/Flores_da_Cunha_(292_m) -999.9 -999.9 979.1 973.8 975.0 17.9 15.1 124.0 Rio_Grande_do_Sul DCRS -999.9 0.0 34.0 250.31 250.32 249.99 1 0.04 250.41 250.54 250.54 250.65
-28.939899 -51.188499 DCRS-00087 2026-07-20_11:58 18.7 -999.9 -999.9 94.5 -999.9 -999.9 17.8 -999.9 -999.9 975.0 -999.9 -999.9 0.0 -999.9 2.9 46.0 0.2 34.0 34.0 34.0 34.2 34.4 19.9 16.5 95.9 74.5 24.3 DCRS_-_Antônio_Prado/Flores_da_Cunha_(292_m) -999.9 -999.9 979.1 973.8 975.0 17.9 15.1 124.0 Rio_Grande_do_Sul DCRS -999.9 0.0 34.0 250.31 250.32 249.99 1 0.02 250.41 250.54 250.54 250.65
-28.939899 -51.188499 DCRS-00087 2026-07-20_11:59 18.7 -999.9 -999.9 94.0 -999.9 -999.9 17.7 -999.9 -999.9 975.0 -999.9 -999.9 0.0 -999.9 2.9 44.0 0.0 34.0 34.0 34.0 34.2 34.4 19.9 16.5 95.9 74.5 24.3 DCRS_-_Antônio_Prado/Flores_da_Cunha_(292_m) -999.9 -999.9 979.1 973.8 975.0 17.9 15.1 124.0 Rio_Grande_do_Sul DCRS -999.9 0.0 34.0 250.32 250.32 249.99 1 0.02 250.41 250.54 250.54 250.65
-28.939899 -51.188499 DCRS-00087 2026-07-20_12:00 18.7 -999.9 -999.9 93.7 -999.9 -999.9 17.7 -999.9 -999.9 974.9 -999.9 -999.9 -999.9 -999.9 0.0 45.0 0.0 34.0 34.0 34.0 34.2 34.4 19.9 16.5 95.9 74.5 24.3 DCRS_-_Antônio_Prado/Flores_da_Cunha_(292_m) -999.9 -999.9 979.1 973.8 974.9 17.9 15.1 124.0 Rio_Grande_do_Sul DCRS -999.9 0.0 34.0 250.32 250.32 249.99 1 0.03 250.41 250.54 250.54 250.65
-28.939899 -51.188499 DCRS-00087 2026-07-20_12:01 18.6 -999.9 -999.9 93.8 -999.9 -999.9 17.6 -999.9 -999.9 974.9 -999.9 -999.9 -999.9 -999.9 0.0 56.0 0.0 34.0 34.0 34.0 34.2 34.4 19.9 16.5 95.9 74.5 24.3 DCRS_-_Antônio_Prado/Flores_da_Cunha_(292_m) -999.9 -999.9 979.1 973.8 974.9 17.9 15.1 124.0 Rio_Grande_do_Sul DCRS -999.9 0.0 34.0 250.32 250.32 249.99 1 0.02 250.41 250.54 250.54 250.65
-28.939899 -51.188499 DCRS-00087 2026-07-20_12:02 18.7 -999.9 -999.9 93.8 -999.9 -999.9 17.7 -999.9 -999.9 974.9 -999.9 -999.9 0.0 -999.9 0.0 62.0 0.0 34.0 34.0 34.0 34.2 34.4 19.9 16.5 95.9 74.5 24.3 DCRS_-_Antônio_Prado/Flores_da_Cunha_(292_m) -999.9 -999.9 979.1 973.8 974.9 17.9 15.1 124.0 Rio_Grande_do_Sul DCRS -999.9 0.0 34.0 250.32 250.32 249.99 1 0.03 250.41 250.54 250.54 250.65
-28.939899 -51.188499 DCRS-00087 2026-07-20_12:03 18.7 -999.9 -999.9 93.9 -999.9 -999.9 17.7 -999.9 -999.9 974.9 -999.9 -999.9 0.0 -999.9 0.0 58.0 0.0 34.0 34.0 34.0 34.2 34.4 19.9 16.5 95.9 74.5 24.3 DCRS_-_Antônio_Prado/Flores_da_Cunha_(292_m) -999.9 -999.9 979.1 973.8 974.9 17.9 15.1 124.0 Rio_Grande_do_Sul DCRS -999.9 0.0 34.0 250.32 250.32 249.99 1 0.03 250.41 250.54 250.54 250.65
-28.939899 -51.188499 DCRS-00087 2026-07-20_12:04 18.7 -999.9 -999.9 94.2 -999.9 -999.9 17.7 -999.9 -999.9 974.9 -999.9 -999.9 0.0 -999.9 0.0 66.0 0.0 34.0 34.0 34.0 34.2 34.4 19.9 16.5 95.9 74.5 24.3 DCRS_-_Antônio_Prado/Flores_da_Cunha_(292_m) -999.9 -999.9 979.1 973.8 974.9 17.9 15.1 124.0 Rio_Grande_do_Sul DCRS -999.9 0.0 34.0 250.32 250.32 249.99 1 0.01 250.41 250.54 250.54 250.65
-28.939899 -51.188499 DCRS-00087 2026-07-20_12:05 18.8 -999.9 -999.9 94.4 -999.9 -999.9 17.9 -999.9 -999.9 974.9 -999.9 -999.9 0.0 -999.9 4.8 70.0 0.0 34.0 34.0 34.0 34.2 34.4 19.9 16.5 95.9 74.5 24.3 DCRS_-_Antônio_Prado/Flores_da_Cunha_(292_m) -999.9 -999.9 979.1 973.8 974.9 17.9 15.1 124.0 Rio_Grande_do_Sul DCRS -999.9 0.0 34.0 250.32 250.32 249.99 1 0.02 250.41 250.54 250.54 250.65
-28.939899 -51.188499 DCRS-00087 2026-07-20_12:06 18.8 -999.9 -999.9 94.4 -999.9 -999.9 17.9 -999.9 -999.9 974.8 -999.9 -999.9 0.0 -999.9 4.8 75.0 0.0 34.0 34.0 34.0 34.2 34.4 19.9 16.5 95.9 74.5 24.3 DCRS_-_Antônio_Prado/Flores_da_Cunha_(292_m) -999.9 -999.9 979.1 973.8 974.8 17.9 15.1 124.0 Rio_Grande_do_Sul DCRS -999.9 0.0 34.0 250.31 250.32 249.99 1 0.01 250.41 250.54 250.54 250.65
-28.939899 -51.188499 DCRS-00087 2026-07-20_12:07 18.8 -999.9 -999.9 94.3 -999.9 -999.9 17.9 -999.9 -999.9 974.7 -999.9 -999.9 0.0 -999.9 4.8 72.0 0.0 34.0 34.0 34.0 34.2 34.4 19.9 16.5 95.9 74.5 24.3 DCRS_-_Antônio_Prado/Flores_da_Cunha_(292_m) -999.9 -999.9 979.1 973.8 974.7 17.9 15.1 124.0 Rio_Grande_do_Sul DCRS -999.9 0.0 34.0 250.32 250.32 249.99 1 0.02 250.41 250.54 250.54 250.65
-28.939899 -51.188499 DCRS-00087 2026-07-20_12:08 18.8 -999.9 -999.9 94.1 -999.9 -999.9 17.8 -999.9 -999.9 974.7 -999.9 -999.9 0.0 -999.9 4.8 66.0 0.0 34.0 34.0 34.0 34.2 34.4 19.9 16.5 95.9 74.5 24.3 DCRS_-_Antônio_Prado/Flores_da_Cunha_(292_m) -999.9 -999.9 979.1 973.8 974.7 17.9 15.1 124.0 Rio_Grande_do_Sul DCRS -999.9 0.0 34.0 250.32 250.32 249.99 1 0.04 250.41 250.54 250.54 250.65
-28.939899 -51.188499 DCRS-00087 2026-07-20_12:09 18.8 -999.9 -999.9 94.4 -999.9 -999.9 17.9 -999.9 -999.9 974.8 -999.9 -999.9 2.1 -999.9 4.8 54.0 0.0 34.0 34.0 34.0 34.2 34.4 19.9 16.5 95.9 74.5 24.3 DCRS_-_Antônio_Prado/Flores_da_Cunha_(292_m) -999.9 -999.9 979.1 973.8 974.8 17.9 15.1 124.0 Rio_Grande_do_Sul DCRS -999.9 0.0 34.0 250.31 250.32 249.99 1 0.03 250.41 250.54 250.54 250.65
-28.939899 -51.188499 DCRS-00087 2026-07-20_12:10 18.9 -999.9 -999.9 94.5 -999.9 -999.9 18.0 -999.9 -999.9 974.8 -999.9 -999.9 0.0 -999.9 2.2 38.0 0.0 34.0 34.0 34.0 34.2 34.4 19.9 16.5 95.9 74.5 24.3 DCRS_-_Antônio_Prado/Flores_da_Cunha_(292_m) -999.9 -999.9 979.1 973.8 974.8 18.0 15.1 124.0 Rio_Grande_do_Sul DCRS -999.9 0.0 34.0 250.31 250.32 249.99 1 0.01 250.41 250.54 250.54 250.65
-28.939899 -51.188499 DCRS-00087 2026-07-20_12:11 18.9 -999.9 -999.9 94.6 -999.9 -999.9 18.0 -999.9 -999.9 974.8 -999.9 -999.9 0.0 -999.9 2.2 33.0 0.0 34.0 34.0 34.0 34.2 34.4 19.9 16.5 95.9 74.5 24.3 DCRS_-_Antônio_Prado/Flores_da_Cunha_(292_m) -999.9 -999.9 979.1 973.8 974.8 18.0 15.1 124.0 Rio_Grande_do_Sul DCRS -999.9 0.0 34.0 250.31 250.32 249.99 1 0.01 250.41 250.54 250.54 250.65
-28.939899 -51.188499 DCRS-00087 2026-07-20_12:12 18.9 -999.9 -999.9 94.4 -999.9 -999.9 18.0 -999.9 -999.9 974.8 -999.9 -999.9 0.0 -999.9 2.2 42.0 0.0 34.0 34.0 34.0 34.2 34.4 19.9 16.5 95.9 74.5 24.3 DCRS_-_Antônio_Prado/Flores_da_Cunha_(292_m) -999.9 -999.9 979.1 973.8 974.8 18.0 15.1 124.0 Rio_Grande_do_Sul DCRS -999.9 0.0 34.0 250.32 250.32 249.99 1 0.04 250.41 250.54 250.54 250.65
-28.939899 -51.188499 DCRS-00087 2026-07-20_12:13 18.9 -999.9 -999.9 93.9 -999.9 -999.9 17.9 -999.9 -999.9 974.8 -999.9 -999.9 0.0 -999.9 2.2 64.0 0.0 34.0 34.0 34.0 34.2 34.4 19.9 16.5 95.9 74.5 24.3 DCRS_-_Antônio_Prado/Flores_da_Cunha_(292_m) -999.9 -999.9 979.1 973.8 974.8 18.0 15.1 124.0 Rio_Grande_do_Sul DCRS -999.9 0.0 34.0 250.32 250.32 249.99 1 0.02 250.41 250.54 250.54 250.65
-28.939899 -51.188499 DCRS-00087 2026-07-20_12:14 18.9 -999.9 -999.9 93.9 -999.9 -999.9 17.9 -999.9 -999.9 974.8 -999.9 -999.9 1.9 -999.9 2.2 72.0 0.0 34.0 34.0 34.0 34.2 34.4 19.9 16.5 95.9 74.5 24.3 DCRS_-_Antônio_Prado/Flores_da_Cunha_(292_m) -999.9 -999.9 979.1 973.8 974.8 18.0 15.1 124.0 Rio_Grande_do_Sul DCRS -999.9 0.0 34.0 250.32 250.32 249.99 1 0.02 250.41 250.54 250.54 250.65
-28.939899 -51.188499 DCRS-00087 2026-07-20_12:15 18.9 -999.9 -999.9 93.7 -999.9 -999.9 17.9 -999.9 -999.9 974.9 -999.9 -999.9 2.3 -999.9 3.6 65.0 0.0 34.0 34.0 34.0 34.2 34.4 19.9 16.5 95.9 74.5 24.3 DCRS_-_Antônio_Prado/Flores_da_Cunha_(292_m) -999.9 -999.9 979.1 973.8 974.9 18.0 15.1 124.0 Rio_Grande_do_Sul DCRS -999.9 0.0 34.0 250.32 250.32 249.99 1 0.01 250.41 250.54 250.54 250.65
-28.939899 -51.188499 DCRS-00087 2026-07-20_12:16 18.9 -999.9 -999.9 93.5 -999.9 -999.9 17.8 -999.9 -999.9 974.9 -999.9 -999.9 0.0 -999.9 3.6 47.0 0.0 34.0 34.0 34.0 34.2 34.4 19.9 16.5 95.9 74.5 24.3 DCRS_-_Antônio_Prado/Flores_da_Cunha_(292_m) -999.9 -999.9 979.1 973.8 974.9 18.0 15.1 124.0 Rio_Grande_do_Sul DCRS -999.9 0.0 34.0 250.32 250.32 249.99 1 0.02 250.41 250.54 250.54 250.65
-28.939899 -51.188499 DCRS-00087 2026-07-20_12:17 18.9 -999.9 -999.9 93.7 -999.9 -999.9 17.9 -999.9 -999.9 974.8 -999.9 -999.9 0.0 -999.9 3.6 47.0 0.0 34.0 34.0 34.0 34.2 34.4 19.9 16.5 95.9 74.5 24.3 DCRS_-_Antônio_Prado/Flores_da_Cunha_(292_m) -999.9 -999.9 979.1 973.8 974.8 18.0 15.1 124.0 Rio_Grande_do_Sul DCRS -999.9 0.0 34.0 250.32 250.32 249.99 1 0.02 250.41 250.54 250.54 250.65
-28.939899 -51.188499 DCRS-00087 2026-07-20_12:18 18.9 -999.9 -999.9 94.0 -999.9 -999.9 17.9 -999.9 -999.9 974.8 -999.9 -999.9 0.0 -999.9 3.6 51.0 0.0 34.0 34.0 34.0 34.2 34.4 19.9 16.5 95.9 74.5 24.3 DCRS_-_Antônio_Prado/Flores_da_Cunha_(292_m) -999.9 -999.9 979.1 973.8 974.8 18.0 15.1 124.0 Rio_Grande_do_Sul DCRS -999.9 0.0 34.0 250.32 250.32 249.99 1 0.02 250.41 250.54 250.54 250.65
-28.939899 -51.188499 DCRS-00087 2026-07-20_12:19 18.9 -999.9 -999.9 94.1 -999.9 -999.9 17.9 -999.9 -999.9 974.8 -999.9 -999.9 2.3 -999.9 3.6 54.0 0.0 34.0 34.0 34.0 34.2 34.4 19.9 16.5 95.9 74.5 24.3 DCRS_-_Antônio_Prado/Flores_da_Cunha_(292_m) -999.9 -999.9 979.1 973.8 974.8 18.0 15.1 124.0 Rio_Grande_do_Sul DCRS -999.9 0.0 34.0 250.32 250.32 249.99 1 0.02 250.41 250.54 250.54 250.65
-28.939899 -51.188499 DCRS-00087 2026-07-20_12:20 18.9 -999.9 -999.9 94.2 -999.9 -999.9 17.9 -999.9 -999.9 974.8 -999.9 -999.9 1.9 -999.9 3.8 57.0 0.0 34.0 34.0 34.0 34.2 34.4 19.9 16.5 95.9 74.5 24.3 DCRS_-_Antônio_Prado/Flores_da_Cunha_(292_m) -999.9 -999.9 979.1 973.8 974.8 18.0 15.1 124.0 Rio_Grande_do_Sul DCRS -999.9 0.0 34.0 250.32 250.32 249.99 1 0.02 250.41 250.54 250.54 250.65
-28.939899 -51.188499 DCRS-00087 2026-07-20_12:21 18.9 -999.9 -999.9 94.1 -999.9 -999.9 17.9 -999.9 -999.9 974.7 -999.9 -999.9 0.0 -999.9 3.8 63.0 0.0 34.0 34.0 34.0 34.2 34.4 19.9 16.5 95.9 74.5 24.3 DCRS_-_Antônio_Prado/Flores_da_Cunha_(292_m) -999.9 -999.9 979.1 973.8 974.7 18.0 15.1 124.0 Rio_Grande_do_Sul DCRS -999.9 0.0 34.0 250.32 250.32 249.99 1 0.02 250.41 250.54 250.54 250.65
-28.939899 -51.188499 DCRS-00087 2026-07-20_12:22 18.9 -999.9 -999.9 94.0 -999.9 -999.9 17.9 -999.9 -999.9 974.7 -999.9 -999.9 2.8 -999.9 3.8 67.0 0.0 34.0 34.0 34.0 34.2 34.4 19.9 16.5 95.9 74.5 24.3 DCRS_-_Antônio_Prado/Flores_da_Cunha_(292_m) -999.9 -999.9 979.1 973.8 974.7 18.0 15.1 124.0 Rio_Grande_do_Sul DCRS -999.9 0.0 34.0 250.32 250.32 249.99 1 0.02 250.41 250.54 250.54 250.65
-28.939899 -51.188499 DCRS-00087 2026-07-20_12:23 18.9 -999.9 -999.9 94.0 -999.9 -999.9 17.9 -999.9 -999.9 974.6 -999.9 -999.9 1.8 -999.9 3.8 64.0 0.0 34.0 34.0 34.0 34.2 34.4 19.9 16.5 95.9 74.5 24.3 DCRS_-_Antônio_Prado/Flores_da_Cunha_(292_m) -999.9 -999.9 979.1 973.8 974.6 18.0 15.1 124.0 Rio_Grande_do_Sul DCRS -999.9 0.0 34.0 250.32 250.32 249.99 1 0.01 250.41 250.54 250.54 250.65
-28.939899 -51.188499 DCRS-00087 2026-07-20_12:24 18.8 -999.9 -999.9 93.4 -999.9 -999.9 17.7 -999.9 -999.9 974.6 -999.9 -999.9 1.9 -999.9 3.8 57.0 0.0 34.0 34.0 34.0 34.2 34.4 19.9 16.5 95.9 74.5 24.3 DCRS_-_Antônio_Prado/Flores_da_Cunha_(292_m) -999.9 -999.9 979.1 973.8 974.6 18.0 15.1 124.0 Rio_Grande_do_Sul DCRS -999.9 0.0 34.0 250.32 250.32 249.99 1 0.01 250.41 250.54 250.54 250.65
-28.939899 -51.188499 DCRS-00087 2026-07-20_12:25 18.8 -999.9 -999.9 92.7 -999.9 -999.9 17.6 -999.9 -999.9 974.6 -999.9 -999.9 0.0 -999.9 2.9 56.0 0.0 34.0 34.0 34.0 34.2 34.4 19.9 16.5 95.9 74.5 24.3 DCRS_-_Antônio_Prado/Flores_da_Cunha_(292_m) -999.9 -999.9 979.1 973.8 974.6 18.0 15.1 124.0 Rio_Grande_do_Sul DCRS -999.9 0.0 34.0 250.32 250.32 249.99 1 0.01 250.41 250.54 250.54 250.65
-28.939899 -51.188499 DCRS-00087 2026-07-20_12:26 18.9 -999.9 -999.9 92.8 -999.9 -999.9 17.7 -999.9 -999.9 974.5 -999.9 -999.9 2.1 -999.9 2.9 63.0 0.0 34.0 34.0 34.0 34.2 34.4 19.9 16.5 95.9 74.5 24.3 DCRS_-_Antônio_Prado/Flores_da_Cunha_(292_m) -999.9 -999.9 979.1 973.8 974.5 18.0 15.1 124.0 Rio_Grande_do_Sul DCRS -999.9 0.0 34.0 250.32 250.32 249.99 1 0.01 250.41 250.54 250.54 250.65
-28.939899 -51.188499 DCRS-00087 2026-07-20_12:27 18.8 -999.9 -999.9 92.2 -999.9 -999.9 17.5 -999.9 -999.9 974.5 -999.9 -999.9 0.0 -999.9 2.9 70.0 0.0 34.0 34.0 34.0 34.2 34.4 19.9 16.5 95.9 74.5 24.3 DCRS_-_Antônio_Prado/Flores_da_Cunha_(292_m) -999.9 -999.9 979.1 973.8 974.5 18.0 15.1 124.0 Rio_Grande_do_Sul DCRS -999.9 0.0 34.0 250.32 250.32 249.99 1 0.01 250.41 250.54 250.54 250.65
-28.939899 -51.188499 DCRS-00087 2026-07-20_12:28 18.9 -999.9 -999.9 92.7 -999.9 -999.9 17.7 -999.9 -999.9 974.4 -999.9 -999.9 0.0 -999.9 2.9 66.0 0.0 34.0 34.0 34.0 34.2 34.4 19.9 16.5 95.9 74.5 24.3 DCRS_-_Antônio_Prado/Flores_da_Cunha_(292_m) -999.9 -999.9 979.1 973.8 974.4 18.0 15.1 124.0 Rio_Grande_do_Sul DCRS -999.9 0.0 34.0 250.32 250.32 249.99 1 0.01 250.41 250.54 250.54 250.65
-28.939899 -51.188499 DCRS-00087 2026-07-20_12:29 18.9 -999.9 -999.9 92.8 -999.9 -999.9 17.7 -999.9 -999.9 974.4 -999.9 -999.9 0.0 -999.9 2.9 56.0 0.0 34.0 34.0 34.0 34.2 34.4 19.9 16.5 95.9 74.5 24.3 DCRS_-_Antônio_Prado/Flores_da_Cunha_(292_m) -999.9 -999.9 979.1 973.8 974.4 18.0 15.1 124.0 Rio_Grande_do_Sul DCRS -999.9 0.0 34.0 250.32 250.32 249.99 1 0.01 250.41 250.54 250.54 250.65
-28.939899 -51.188499 DCRS-00087 2026-07-20_12:30 18.8 -999.9 -999.9 92.5 -999.9 -999.9 17.5 -999.9 -999.9 974.4 -999.9 -999.9 0.0 -999.9 2.7 45.0 0.0 34.0 34.0 34.0 34.2 34.4 19.9 16.5 95.9 74.5 24.3 DCRS_-_Antônio_Prado/Flores_da_Cunha_(292_m) -999.9 -999.9 979.1 973.8 974.4 18.0 15.1 124.0 Rio_Grande_do_Sul DCRS -999.9 0.0 34.0 250.32 250.32 249.99 1 0.01 250.41 250.54 250.54 250.65
-28.939899 -51.188499 DCRS-00087 2026-07-20_12:31 18.9 -999.9 -999.9 92.0 -999.9 -999.9 17.6 -999.9 -999.9 974.4 -999.9 -999.9 0.0 -999.9 2.7 38.0 0.0 34.0 34.0 34.0 34.2 34.4 19.9 16.5 95.9 74.5 24.3 DCRS_-_Antônio_Prado/Flores_da_Cunha_(292_m) -999.9 -999.9 979.1 973.8 974.4 18.0 15.1 124.0 Rio_Grande_do_Sul DCRS -999.9 0.0 34.0 250.32 250.32 249.99 0 0.01 250.41 250.54 250.54 250.65
-28.939899 -51.188499 DCRS-00087 2026-07-20_12:32 18.9 -999.9 -999.9 92.4 -999.9 -999.9 17.6 -999.9 -999.9 974.4 -999.9 -999.9 2.6 -999.9 2.7 31.0 0.0 34.0 34.0 34.0 34.2 34.4 19.9 16.5 95.9 74.5 24.3 DCRS_-_Antônio_Prado/Flores_da_Cunha_(292_m) -999.9 -999.9 979.1 973.8 974.4 18.0 15.1 124.0 Rio_Grande_do_Sul DCRS -999.9 0.0 34.0 250.32 250.32 249.99 0 0.01 250.41 250.54 250.54 250.65
-28.939899 -51.188499 DCRS-00087 2026-07-20_12:33 18.9 -999.9 -999.9 92.8 -999.9 -999.9 17.7 -999.9 -999.9 974.4 -999.9 -999.9 -999.9 -999.9 2.7 28.0 0.0 34.0 34.0 34.0 34.2 34.4 19.9 16.5 95.9 74.5 24.3 DCRS_-_Antônio_Prado/Flores_da_Cunha_(292_m) -999.9 -999.9 979.1 973.8 974.4 18.0 15.1 124.0 Rio_Grande_do_Sul DCRS -999.9 0.0 34.0 250.32 250.32 249.99 0 0.01 250.41 250.54 250.54 250.65
-28.939899 -51.188499 DCRS-00087 2026-07-20_12:34 18.9 -999.9 -999.9 91.9 -999.9 -999.9 17.5 -999.9 -999.9 974.4 -999.9 -999.9 -999.9 -999.9 2.7 23.0 0.0 34.0 34.0 34.0 34.2 34.4 19.9 16.5 95.9 74.5 24.3 DCRS_-_Antônio_Prado/Flores_da_Cunha_(292_m) -999.9 -999.9 979.1 973.8 974.4 18.0 15.1 124.0 Rio_Grande_do_Sul DCRS -999.9 0.0 34.0 250.32 250.32 249.99 0 0.01 250.41 250.54 250.54 250.65
-28.939899 -51.188499 DCRS-00087 2026-07-20_12:35 18.9 -999.9 -999.9 92.3 -999.9 -999.9 17.6 -999.9 -999.9 974.4 -999.9 -999.9 2.5 -999.9 5.4 20.0 0.0 34.0 34.0 34.0 34.2 34.4 19.9 16.5 95.9 74.5 24.3 DCRS_-_Antônio_Prado/Flores_da_Cunha_(292_m) -999.9 -999.9 979.1 973.8 974.4 18.0 15.1 124.0 Rio_Grande_do_Sul DCRS -999.9 0.0 34.0 250.32 250.32 249.99 0 0.01 250.41 250.54 250.54 250.65
-28.939899 -51.188499 DCRS-00087 2026-07-20_12:36 18.8 -999.9 -999.9 91.0 -999.9 -999.9 17.3 -999.9 -999.9 974.4 -999.9 -999.9 2.7 -999.9 5.4 18.0 0.0 34.0 34.0 34.0 34.2 34.4 19.9 16.5 95.9 74.5 24.3 DCRS_-_Antônio_Prado/Flores_da_Cunha_(292_m) -999.9 -999.9 979.1 973.8 974.4 18.0 15.1 124.0 Rio_Grande_do_Sul DCRS -999.9 0.0 34.0 250.32 250.32 249.99 0 0.01 250.41 250.54 250.54 250.65
-28.939899 -51.188499 DCRS-00087 2026-07-20_12:37 18.9 -999.9 -999.9 91.8 -999.9 -999.9 17.5 -999.9 -999.9 974.4 -999.9 -999.9 2.6 -999.9 5.4 16.0 0.0 34.0 34.0 34.0 34.2 34.4 19.9 16.5 95.9 74.5 24.3 DCRS_-_Antônio_Prado/Flores_da_Cunha_(292_m) -999.9 -999.9 979.1 973.8 974.4 18.0 15.1 124.0 Rio_Grande_do_Sul DCRS -999.9 0.0 34.0 250.32 250.32 249.99 0 0.01 250.41 250.54 250.54 250.65
-28.939899 -51.188499 DCRS-00087 2026-07-20_12:38 18.9 -999.9 -999.9 91.7 -999.9 -999.9 17.5 -999.9 -999.9 974.3 -999.9 -999.9 5.0 -999.9 5.4 13.0 0.0 34.0 34.0 34.0 34.2 34.4 19.9 16.5 95.9 74.5 24.3 DCRS_-_Antônio_Prado/Flores_da_Cunha_(292_m) -999.9 -999.9 979.1 973.8 974.3 18.0 15.1 124.0 Rio_Grande_do_Sul DCRS -999.9 0.0 34.0 250.32 250.32 249.99 0 0.0 250.41 250.54 250.54 250.65
-28.939899 -51.188499 DCRS-00087 2026-07-20_12:39 18.9 -999.9 -999.9 91.5 -999.9 -999.9 17.5 -999.9 -999.9 974.3 -999.9 -999.9 3.6 -999.9 5.4 13.0 0.0 34.0 34.0 34.0 34.2 34.4 19.9 16.5 95.9 74.5 24.3 DCRS_-_Antônio_Prado/Flores_da_Cunha_(292_m) -999.9 -999.9 979.1 973.8 974.3 18.0 15.1 124.0 Rio_Grande_do_Sul DCRS -999.9 0.0 34.0 250.32 250.32 249.99 0 0.0 250.41 250.54 250.54 250.65
-28.939899 -51.188499 DCRS-00087 2026-07-20_12:40 18.8 -999.9 -999.9 91.6 -999.9 -999.9 17.4 -999.9 -999.9 974.3 -999.9 -999.9 4.6 -999.9 5.6 12.0 0.0 34.0 34.0 34.0 34.2 34.4 19.9 16.5 95.9 74.5 24.3 DCRS_-_Antônio_Prado/Flores_da_Cunha_(292_m) -999.9 -999.9 979.1 973.8 974.3 18.0 15.1 124.0 Rio_Grande_do_Sul DCRS -999.9 0.0 34.0 250.32 250.32 249.99 0 0.01 250.41 250.54 250.54 250.65
-28.939899 -51.188499 DCRS-00087 2026-07-20_12:41 18.8 -999.9 -999.9 92.4 -999.9 -999.9 17.5 -999.9 -999.9 974.3 -999.9 -999.9 5.3 -999.9 5.6 10.0 0.0 34.0 34.0 34.0 34.2 34.4 19.9 16.5 95.9 74.5 24.3 DCRS_-_Antônio_Prado/Flores_da_Cunha_(292_m) -999.9 -999.9 979.1 973.8 974.3 18.0 15.1 124.0 Rio_Grande_do_Sul DCRS -999.9 0.0 34.0 250.32 250.32 249.99 0 0.0 250.41 250.54 250.54 250.65
-28.939899 -51.188499 DCRS-00087 2026-07-20_12:42 18.8 -999.9 -999.9 92.8 -999.9 -999.9 17.6 -999.9 -999.9 974.3 -999.9 -999.9 0.0 -999.9 5.6 9.0 0.0 34.0 34.0 34.0 34.2 34.4 19.9 16.5 95.9 74.5 24.3 DCRS_-_Antônio_Prado/Flores_da_Cunha_(292_m) -999.9 -999.9 979.1 973.8 974.3 18.0 15.1 124.0 Rio_Grande_do_Sul DCRS -999.9 0.0 34.0 250.32 250.32 249.99 0 0.0 250.41 250.54 250.54 250.65
-28.939899 -51.188499 DCRS-00087 2026-07-20_12:43 18.7 -999.9 -999.9 92.7 -999.9 -999.9 17.5 -999.9 -999.9 974.3 -999.9 -999.9 0.0 -999.9 5.6 7.0 0.0 34.0 34.0 34.0 34.2 34.4 19.9 16.5 95.9 74.5 24.3 DCRS_-_Antônio_Prado/Flores_da_Cunha_(292_m) -999.9 -999.9 979.1 973.8 974.3 18.0 15.1 124.0 Rio_Grande_do_Sul DCRS -999.9 0.0 34.0 250.32 250.32 249.99 0 0.01 250.41 250.54 250.54 250.65
-28.939899 -51.188499 DCRS-00087 2026-07-20_12:44 18.7 -999.9 -999.9 92.8 -999.9 -999.9 17.5 -999.9 -999.9 974.3 -999.9 -999.9 2.5 -999.9 5.6 6.0 0.0 34.0 34.0 34.0 34.2 34.4 19.9 16.5 95.9 74.5 24.3 DCRS_-_Antônio_Prado/Flores_da_Cunha_(292_m) -999.9 -999.9 979.1 973.8 974.3 18.0 15.1 124.0 Rio_Grande_do_Sul DCRS -999.9 0.0 34.0 250.32 250.32 249.99 0 0.01 250.41 250.54 250.54 250.65
-28.939899 -51.188499 DCRS-00087 2026-07-20_12:45 18.6 -999.9 -999.9 92.5 -999.9 -999.9 17.4 -999.9 -999.9 974.3 -999.9 -999.9 3.1 -999.9 6.6 5.0 0.0 34.0 34.0 34.0 34.2 34.4 19.9 16.5 95.9 74.5 24.3 DCRS_-_Antônio_Prado/Flores_da_Cunha_(292_m) -999.9 -999.9 979.1 973.8 974.3 18.0 15.1 124.0 Rio_Grande_do_Sul DCRS -999.9 0.0 34.0 250.32 250.32 249.99 0 0.01 250.41 250.54 250.54 250.65
-28.939899 -51.188499 DCRS-00087 2026-07-20_12:46 18.7 -999.9 -999.9 92.0 -999.9 -999.9 17.4 -999.9 -999.9 974.2 -999.9 -999.9 3.9 -999.9 6.6 6.0 0.0 34.0 34.0 34.0 34.2 34.4 19.9 16.5 95.9 74.5 24.3 DCRS_-_Antônio_Prado/Flores_da_Cunha_(292_m) -999.9 -999.9 979.1 973.8 974.2 18.0 15.1 124.0 Rio_Grande_do_Sul DCRS -999.9 0.0 34.0 250.32 250.32 249.99 0 0.0 250.41 250.54 250.54 250.65
-28.939899 -51.188499 DCRS-00087 2026-07-20_12:47 18.7 -999.9 -999.9 91.7 -999.9 -999.9 17.3 -999.9 -999.9 974.2 -999.9 -999.9 0.0 -999.9 6.6 6.0 0.0 34.0 34.0 34.0 34.2 34.4 19.9 16.5 95.9 74.5 24.3 DCRS_-_Antônio_Prado/Flores_da_Cunha_(292_m) -999.9 -999.9 979.1 973.8 974.2 18.0 15.1 124.0 Rio_Grande_do_Sul DCRS -999.9 0.0 34.0 250.32 250.32 249.99 0 0.0 250.41 250.54 250.54 250.65
-28.939899 -51.188499 DCRS-00087 2026-07-20_12:48 18.6 -999.9 -999.9 91.9 -999.9 -999.9 17.2 -999.9 -999.9 974.2 -999.9 -999.9 2.3 -999.9 6.6 7.0 0.0 34.0 34.0 34.0 34.2 34.4 19.9 16.5 95.9 74.5 24.3 DCRS_-_Antônio_Prado/Flores_da_Cunha_(292_m) -999.9 -999.9 979.1 973.8 974.2 18.0 15.1 124.0 Rio_Grande_do_Sul DCRS -999.9 0.0 34.0 250.34 250.34 249.99 0 0.02 250.41 250.54 250.54 250.65
-28.939899 -51.188499 DCRS-00087 2026-07-20_12:49 18.6 -999.9 -999.9 93.0 -999.9 -999.9 17.4 -999.9 -999.9 974.2 -999.9 -999.9 0.0 -999.9 6.6 6.0 0.0 34.0 34.0 34.0 34.2 34.4 19.9 16.5 95.9 74.5 24.3 DCRS_-_Antônio_Prado/Flores_da_Cunha_(292_m) -999.9 -999.9 979.1 973.8 974.2 18.0 15.1 124.0 Rio_Grande_do_Sul DCRS -999.9 0.0 34.0 250.34 250.34 249.99 1 0.03 250.41 250.54 250.54 250.65
-28.939899 -51.188499 DCRS-00087 2026-07-20_12:50 18.7 -999.9 -999.9 93.5 -999.9 -999.9 17.6 -999.9 -999.9 974.2 -999.9 -999.9 0.0 -999.9 4.4 5.0 0.0 34.0 34.0 34.0 34.2 34.4 19.9 16.5 95.9 74.5 24.3 DCRS_-_Antônio_Prado/Flores_da_Cunha_(292_m) -999.9 -999.9 979.1 973.8 974.2 18.0 15.1 124.0 Rio_Grande_do_Sul DCRS -999.9 0.0 34.0 250.34 250.34 249.99 1 0.03 250.41 250.54 250.54 250.65
-28.939899 -51.188499 DCRS-00087 2026-07-20_12:51 18.6 -999.9 -999.9 93.4 -999.9 -999.9 17.5 -999.9 -999.9 974.1 -999.9 -999.9 3.4 -999.9 4.4 4.0 0.0 34.0 34.0 34.0 34.2 34.4 19.9 16.5 95.9 74.5 24.3 DCRS_-_Antônio_Prado/Flores_da_Cunha_(292_m) -999.9 -999.9 979.1 973.8 974.1 18.0 15.1 124.0 Rio_Grande_do_Sul DCRS -999.9 0.0 34.0 250.34 250.34 249.99 1 0.02 250.41 250.54 250.54 250.65
-28.939899 -51.188499 DCRS-00087 2026-07-20_12:52 18.5 -999.9 -999.9 93.6 -999.9 -999.9 17.4 -999.9 -999.9 974.1 -999.9 -999.9 2.4 -999.9 4.4 3.0 0.0 34.0 34.0 34.0 34.2 34.4 19.9 16.5 95.9 74.5 24.3 DCRS_-_Antônio_Prado/Flores_da_Cunha_(292_m) -999.9 -999.9 979.1 973.8 974.1 18.0 15.1 124.0 Rio_Grande_do_Sul DCRS -999.9 0.0 34.0 250.34 250.34 249.99 1 0.03 250.41 250.54 250.54 250.65
-28.939899 -51.188499 DCRS-00087 2026-07-20_12:53 18.5 -999.9 -999.9 93.8 -999.9 -999.9 17.5 -999.9 -999.9 974.1 -999.9 -999.9 2.1 -999.9 4.4 3.0 0.0 34.0 34.0 34.0 34.2 34.4 19.9 16.5 95.9 74.5 24.3 DCRS_-_Antônio_Prado/Flores_da_Cunha_(292_m) -999.9 -999.9 979.1 973.8 974.1 18.0 15.1 124.0 Rio_Grande_do_Sul DCRS -999.9 0.0 34.0 250.35 250.35 249.99 1 0.03 250.41 250.54 250.54 250.65
-28.939899 -51.188499 DCRS-00087 2026-07-20_12:54 18.5 -999.9 -999.9 93.8 -999.9 -999.9 17.5 -999.9 -999.9 974.2 -999.9 -999.9 2.3 -999.9 4.4 3.0 0.0 34.0 34.0 34.0 34.2 34.4 19.9 16.5 95.9 74.5 24.3 DCRS_-_Antônio_Prado/Flores_da_Cunha_(292_m) -999.9 -999.9 979.1 973.8 974.2 18.0 15.1 124.0 Rio_Grande_do_Sul DCRS -999.9 0.0 34.0 250.34 250.35 249.99 1 0.03 250.41 250.54 250.54 250.65
-28.939899 -51.188499 DCRS-00087 2026-07-20_12:55 18.4 -999.9 -999.9 93.7 -999.9 -999.9 17.4 -999.9 -999.9 974.2 -999.9 -999.9 1.8 -999.9 5.7 3.0 0.0 34.0 34.0 34.0 34.2 34.4 19.9 16.5 95.9 74.5 24.3 DCRS_-_Antônio_Prado/Flores_da_Cunha_(292_m) -999.9 -999.9 979.1 973.8 974.2 18.0 15.1 124.0 Rio_Grande_do_Sul DCRS -999.9 0.0 34.0 250.34 250.35 249.99 1 0.03 250.41 250.54 250.54 250.65
-28.939899 -51.188499 DCRS-00087 2026-07-20_12:56 18.4 -999.9 -999.9 93.6 -999.9 -999.9 17.3 -999.9 -999.9 974.4 -999.9 -999.9 0.0 -999.9 5.7 3.0 0.0 34.0 34.0 34.0 34.2 34.4 19.9 16.5 95.9 74.5 24.3 DCRS_-_Antônio_Prado/Flores_da_Cunha_(292_m) -999.9 -999.9 979.1 973.8 974.4 18.0 15.1 124.0 Rio_Grande_do_Sul DCRS -999.9 0.0 34.0 250.35 250.35 249.99 1 0.04 250.41 250.54 250.54 250.65
-28.939899 -51.188499 DCRS-00087 2026-07-20_12:57 18.4 -999.9 -999.9 92.9 -999.9 -999.9 17.2 -999.9 -999.9 974.3 -999.9 -999.9 1.8 -999.9 5.7 5.0 0.0 34.0 34.0 34.0 34.2 34.4 19.9 16.5 95.9 74.5 24.3 DCRS_-_Antônio_Prado/Flores_da_Cunha_(292_m) -999.9 -999.9 979.1 973.8 974.3 18.0 15.1 124.0 Rio_Grande_do_Sul DCRS -999.9 0.0 34.0 250.34 250.35 249.99 1 0.03 250.41 250.54 250.54 250.65
-28.939899 -51.188499 DCRS-00087 2026-07-20_12:58 18.4 -999.9 -999.9 93.3 -999.9 -999.9 17.3 -999.9 -999.9 974.1 -999.9 -999.9 -999.9 -999.9 5.7 7.0 0.0 34.0 34.0 34.0 34.2 34.4 19.9 16.5 95.9 74.5 24.3 DCRS_-_Antônio_Prado/Flores_da_Cunha_(292_m) -999.9 -999.9 979.1 973.8 974.1 18.0 15.1 124.0 Rio_Grande_do_Sul DCRS -999.9 0.0 34.0 250.34 250.35 249.99 1 0.03 250.41 250.54 250.54 250.65
-28.939899 -51.188499 DCRS-00087 2026-07-20_12:59 18.4 -999.9 -999.9 93.6 -999.9 -999.9 17.3 -999.9 -999.9 974.0 -999.9 -999.9 -999.9 -999.9 5.7 11.0 0.0 34.0 34.0 34.0 34.2 34.4 19.9 16.5 95.9 74.5 24.3 DCRS_-_Antônio_Prado/Flores_da_Cunha_(292_m) -999.9 -999.9 979.1 973.8 974.0 18.0 15.1 124.0 Rio_Grande_do_Sul DCRS -999.9 0.0 34.0 250.31 250.35 249.99 1 -0.01 250.41 250.54 250.54 250.65
-28.939899 -51.188499 DCRS-00087 2026-07-20_13:00 18.3 -999.9 -999.9 93.8 -999.9 -999.9 17.3 -999.9 -999.9 973.9 -999.9 -999.9 3.6 -999.9 9.8 13.0 0.0 34.0 34.0 34.0 34.2 34.4 19.9 16.5 95.9 74.5 24.3 DCRS_-_Antônio_Prado/Flores_da_Cunha_(292_m) -999.9 -999.9 979.1 973.8 973.9 18.0 15.1 124.0 Rio_Grande_do_Sul DCRS -999.9 0.0 34.0 250.31 250.35 249.99 1 -0.01 250.41 250.54 250.54 250.65
-28.939899 -51.188499 DCRS-00087 2026-07-20_13:01 18.3 -999.9 -999.9 93.9 -999.9 -999.9 17.3 -999.9 -999.9 973.9 -999.9 -999.9 4.3 -999.9 9.8 16.0 0.0 34.0 34.0 34.0 34.2 34.4 19.9 16.5 95.9 74.5 24.3 DCRS_-_Antônio_Prado/Flores_da_Cunha_(292_m) -999.9 -999.9 979.1 973.8 973.9 18.0 15.1 124.0 Rio_Grande_do_Sul DCRS -999.9 0.0 34.0 250.3 250.35 249.99 1 -0.02 250.41 250.54 250.54 250.65
-28.939899 -51.188499 DCRS-00087 2026-07-20_13:02 18.3 -999.9 -999.9 94.2 -999.9 -999.9 17.3 -999.9 -999.9 973.9 -999.9 -999.9 4.8 -999.9 9.8 19.0 0.0 34.0 34.0 34.0 34.2 34.4 19.9 16.5 95.9 74.5 24.3 DCRS_-_Antônio_Prado/Flores_da_Cunha_(292_m) -999.9 -999.9 979.1 973.8 973.9 18.0 15.1 124.0 Rio_Grande_do_Sul DCRS -999.9 0.0 34.0 250.32 250.35 249.99 1 0.0 250.41 250.54 250.54 250.65
-28.939899 -51.188499 DCRS-00087 2026-07-20_13:03 18.2 -999.9 -999.9 94.1 -999.9 -999.9 17.2 -999.9 -999.9 973.9 -999.9 -999.9 3.9 -999.9 9.8 21.0 0.0 34.0 34.0 34.0 34.2 34.4 19.9 16.5 95.9 74.5 24.3 DCRS_-_Antônio_Prado/Flores_da_Cunha_(292_m) -999.9 -999.9 979.1 973.8 973.9 18.0 15.1 124.0 Rio_Grande_do_Sul DCRS -999.9 0.0 34.0 250.32 250.35 249.99 1 0.0 250.41 250.54 250.54 250.65
-28.939899 -51.188499 DCRS-00087 2026-07-20_13:04 18.2 -999.9 -999.9 94.2 -999.9 -999.9 17.2 -999.9 -999.9 973.9 -999.9 -999.9 5.2 -999.9 9.8 24.0 0.4 34.4 34.4 34.4 34.6 34.8 19.9 16.5 95.9 74.5 24.3 DCRS_-_Antônio_Prado/Flores_da_Cunha_(292_m) -999.9 -999.9 979.1 973.8 973.9 18.0 15.1 124.0 Rio_Grande_do_Sul DCRS -999.9 0.4 34.4 250.32 250.35 249.99 1 0.0 250.41 250.54 250.54 250.65
-28.939899 -51.188499 DCRS-00087 2026-07-20_13:05 18.2 -999.9 -999.9 94.2 -999.9 -999.9 17.2 -999.9 -999.9 974.0 -999.9 -999.9 3.6 -999.9 8.2 27.0 0.4 34.4 34.4 34.4 34.6 34.8 19.9 16.5 95.9 74.5 24.3 DCRS_-_Antônio_Prado/Flores_da_Cunha_(292_m) -999.9 -999.9 979.1 973.8 974.0 18.0 15.1 124.0 Rio_Grande_do_Sul DCRS -999.9 0.0 34.4 250.34 250.35 249.99 1 0.02 250.41 250.54 250.54 250.65
-28.939899 -51.188499 DCRS-00087 2026-07-20_13:06 18.2 -999.9 -999.9 94.1 -999.9 -999.9 17.2 -999.9 -999.9 974.1 -999.9 -999.9 7.9 -999.9 8.2 23.0 0.4 34.4 34.4 34.4 34.6 34.8 19.9 16.5 95.9 74.5 24.3 DCRS_-_Antônio_Prado/Flores_da_Cunha_(292_m) -999.9 -999.9 979.1 973.8 974.1 18.0 15.1 124.0 Rio_Grande_do_Sul DCRS -999.9 0.0 34.4 250.33 250.35 249.99 1 0.02 250.41 250.54 250.54 250.65
-28.939899 -51.188499 DCRS-00087 2026-07-20_13:07 18.3 -999.9 -999.9 94.0 -999.9 -999.9 17.3 -999.9 -999.9 974.1 -999.9 -999.9 4.8 -999.9 8.2 20.0 0.4 34.4 34.4 34.4 34.6 34.8 19.9 16.5 95.9 74.5 24.3 DCRS_-_Antônio_Prado/Flores_da_Cunha_(292_m) -999.9 -999.9 979.1 973.8 974.1 18.0 15.1 124.0 Rio_Grande_do_Sul DCRS -999.9 0.0 34.4 250.33 250.35 249.99 1 0.01 250.41 250.54 250.54 250.65
-28.939899 -51.188499 DCRS-00087 2026-07-20_13:08 18.3 -999.9 -999.9 93.8 -999.9 -999.9 17.3 -999.9 -999.9 974.1 -999.9 -999.9 0.0 -999.9 8.2 21.0 0.4 34.8 34.8 34.8 35.0 35.2 19.9 16.5 95.9 74.5 24.3 DCRS_-_Antônio_Prado/Flores_da_Cunha_(292_m) -999.9 -999.9 979.1 973.8 974.1 18.0 15.1 124.0 Rio_Grande_do_Sul DCRS -999.9 0.0 34.8 250.35 250.35 249.99 1 0.03 250.41 250.54 250.54 250.65
-28.939899 -51.188499 DCRS-00087 2026-07-20_13:09 18.3 -999.9 -999.9 93.6 -999.9 -999.9 17.2 -999.9 -999.9 974.0 -999.9 -999.9 0.0 -999.9 8.2 23.0 0.6 34.8 34.8 34.8 35.0 35.2 19.9 16.5 95.9 74.5 24.3 DCRS_-_Antônio_Prado/Flores_da_Cunha_(292_m) -999.9 -999.9 979.1 973.8 974.0 18.0 15.1 124.0 Rio_Grande_do_Sul DCRS -999.9 0.0 34.8 250.35 250.35 249.99 1 0.04 250.41 250.54 250.54 250.65
-28.939899 -51.188499 DCRS-00087 2026-07-20_13:10 18.3 -999.9 -999.9 93.6 -999.9 -999.9 17.2 -999.9 -999.9 974.0 -999.9 -999.9 0.0 -999.9 8.3 23.0 0.6 34.8 34.8 34.8 35.0 35.2 19.9 16.5 95.9 74.5 24.3 DCRS_-_Antônio_Prado/Flores_da_Cunha_(292_m) -999.9 -999.9 979.1 973.8 974.0 18.0 15.1 124.0 Rio_Grande_do_Sul DCRS -999.9 0.0 34.8 250.34 250.35 249.99 1 0.03 250.41 250.54 250.54 250.65
-28.939899 -51.188499 DCRS-00087 2026-07-20_13:11 18.3 -999.9 -999.9 93.5 -999.9 -999.9 17.2 -999.9 -999.9 974.0 -999.9 -999.9 0.0 -999.9 8.3 27.0 0.6 34.8 34.8 34.8 35.0 35.2 19.9 16.5 95.9 74.5 24.3 DCRS_-_Antônio_Prado/Flores_da_Cunha_(292_m) -999.9 -999.9 979.1 973.8 974.0 18.0 15.1 124.0 Rio_Grande_do_Sul DCRS -999.9 0.0 34.8 250.34 250.35 249.99 1 0.03 250.41 250.54 250.54 250.65
-28.939899 -51.188499 DCRS-00087 2026-07-20_13:12 18.3 -999.9 -999.9 93.5 -999.9 -999.9 17.2 -999.9 -999.9 973.9 -999.9 -999.9 0.0 -999.9 8.3 29.0 0.6 35.0 35.0 35.0 35.2 35.4 19.9 16.5 95.9 74.5 24.3 DCRS_-_Antônio_Prado/Flores_da_Cunha_(292_m) -999.9 -999.9 979.1 973.8 973.9 18.0 15.1 124.0 Rio_Grande_do_Sul DCRS -999.9 0.0 35.0 250.35 250.35 249.99 1 0.03 250.41 250.54 250.54 250.65
-28.939899 -51.188499 DCRS-00087 2026-07-20_13:13 18.4 -999.9 -999.9 93.7 -999.9 -999.9 17.4 -999.9 -999.9 973.9 -999.9 -999.9 0.0 -999.9 8.3 31.0 0.6 35.0 35.0 35.0 35.2 35.4 19.9 16.5 95.9 74.5 24.3 DCRS_-_Antônio_Prado/Flores_da_Cunha_(292_m) -999.9 -999.9 979.1 973.8 973.9 18.0 15.1 124.0 Rio_Grande_do_Sul DCRS -999.9 0.0 35.0 250.34 250.35 249.99 1 0.02 250.41 250.54 250.54 250.65
-28.939899 -51.188499 DCRS-00087 2026-07-20_13:14 18.4 -999.9 -999.9 93.8 -999.9 -999.9 17.4 -999.9 -999.9 973.8 -999.9 -999.9 0.0 -999.9 8.3 36.0 0.6 35.0 35.0 35.0 35.2 35.4 19.9 16.5 95.9 74.5 24.3 DCRS_-_Antônio_Prado/Flores_da_Cunha_(292_m) -999.9 -999.9 979.1 973.8 973.8 18.0 15.1 124.0 Rio_Grande_do_Sul DCRS -999.9 0.0 35.0 250.33 250.35 249.99 1 0.01 250.41 250.54 250.54 250.65
-28.939899 -51.188499 DCRS-00087 2026-07-20_13:15 18.4 -999.9 -999.9 94.0 -999.9 -999.9 17.4 -999.9 -999.9 973.8 -999.9 -999.9 2.1 -999.9 3.0 38.0 0.6 35.0 35.0 35.0 35.2 35.4 19.9 16.5 95.9 74.5 24.3 DCRS_-_Antônio_Prado/Flores_da_Cunha_(292_m) -999.9 -999.9 979.1 973.8 973.8 18.0 15.1 124.0 Rio_Grande_do_Sul DCRS -999.9 0.0 35.0 250.35 250.35 249.99 1 0.03 250.41 250.54 250.54 250.65
-28.939899 -51.188499 DCRS-00087 2026-07-20_13:16 18.4 -999.9 -999.9 94.2 -999.9 -999.9 17.4 -999.9 -999.9 973.7 -999.9 -999.9 2.7 -999.9 3.0 40.0 0.6 35.0 35.0 35.0 35.2 35.4 19.9 16.5 95.9 74.5 24.3 DCRS_-_Antônio_Prado/Flores_da_Cunha_(292_m) -999.9 -999.9 979.1 973.7 973.7 18.0 15.1 124.0 Rio_Grande_do_Sul DCRS -999.9 0.0 35.0 250.33 250.35 249.99 1 0.01 250.41 250.54 250.54 250.65
-28.939899 -51.188499 DCRS-00087 2026-07-20_13:17 18.3 -999.9 -999.9 94.4 -999.9 -999.9 17.4 -999.9 -999.9 973.7 -999.9 -999.9 2.1 -999.9 3.0 45.0 0.6 35.0 35.0 35.0 35.2 35.4 19.9 16.5 95.9 74.5 24.3 DCRS_-_Antônio_Prado/Flores_da_Cunha_(292_m) -999.9 -999.9 979.1 973.7 973.7 18.0 15.1 124.0 Rio_Grande_do_Sul DCRS -999.9 0.0 35.0 250.34 250.35 249.99 1 0.02 250.41 250.54 250.54 250.65
-28.939899 -51.188499 DCRS-00087 2026-07-20_13:18 18.4 -999.9 -999.9 94.6 -999.9 -999.9 17.5 -999.9 -999.9 973.7 -999.9 -999.9 2.3 -999.9 3.0 64.0 0.6 35.0 35.0 35.0 35.2 35.4 19.9 16.5 95.9 74.5 24.3 DCRS_-_Antônio_Prado/Flores_da_Cunha_(292_m) -999.9 -999.9 979.1 973.7 973.7 18.0 15.1 124.0 Rio_Grande_do_Sul DCRS -999.9 0.0 35.0 250.35 250.35 249.99 1 0.03 250.41 250.54 250.54 250.65
-28.939899 -51.188499 DCRS-00087 2026-07-20_13:19 18.4 -999.9 -999.9 94.8 -999.9 -999.9 17.5 -999.9 -999.9 973.6 -999.9 -999.9 0.0 -999.9 3.0 107.0 0.6 35.0 35.0 35.0 35.2 35.4 19.9 16.5 95.9 74.5 24.3 DCRS_-_Antônio_Prado/Flores_da_Cunha_(292_m) -999.9 -999.9 979.1 973.6 973.6 18.0 15.1 124.0 Rio_Grande_do_Sul DCRS -999.9 0.0 35.0 250.35 250.35 249.99 1 0.03 250.41 250.54 250.54 250.65
-28.939899 -51.188499 DCRS-00087 2026-07-20_13:20 18.4 -999.9 -999.9 94.8 -999.9 -999.9 17.5 -999.9 -999.9 973.5 -999.9 -999.9 2.6 -999.9 3.8 170.0 0.6 35.0 35.0 35.0 35.2 35.4 19.9 16.5 95.9 74.5 24.3 DCRS_-_Antônio_Prado/Flores_da_Cunha_(292_m) -999.9 -999.9 979.1 973.5 973.5 18.0 15.1 170.0 Rio_Grande_do_Sul DCRS -999.9 0.0 35.0 250.35 250.35 249.99 1 0.03 250.41 250.54 250.54 250.65
-28.939899 -51.188499 DCRS-00087 2026-07-20_13:21 18.4 -999.9 -999.9 94.8 -999.9 -999.9 17.5 -999.9 -999.9 973.5 -999.9 -999.9 3.6 -999.9 3.8 188.0 0.6 35.0 35.0 35.0 35.2 35.4 19.9 16.5 95.9 74.5 24.3 DCRS_-_Antônio_Prado/Flores_da_Cunha_(292_m) -999.9 -999.9 979.1 973.5 973.5 18.0 15.1 188.0 Rio_Grande_do_Sul DCRS -999.9 0.0 35.0 250.33 250.35 249.99 1 0.01 250.41 250.54 250.54 250.65
-28.939899 -51.188499 DCRS-00087 2026-07-20_13:22 18.5 -999.9 -999.9 94.8 -999.9 -999.9 17.6 -999.9 -999.9 973.4 -999.9 -999.9 2.5 -999.9 3.8 197.0 0.6 35.0 35.0 35.0 35.2 35.4 19.9 16.5 95.9 74.5 24.3 DCRS_-_Antônio_Prado/Flores_da_Cunha_(292_m) -999.9 -999.9 979.1 973.4 973.4 18.0 15.1 197.0 Rio_Grande_do_Sul DCRS -999.9 0.0 35.0 250.35 250.35 249.99 1 0.03 250.41 250.54 250.54 250.65
-28.939899 -51.188499 DCRS-00087 2026-07-20_13:23 18.5 -999.9 -999.9 94.7 -999.9 -999.9 17.6 -999.9 -999.9 973.5 -999.9 -999.9 -999.9 -999.9 3.8 197.0 0.6 35.0 35.0 35.0 35.2 35.4 19.9 16.5 95.9 74.5 24.3 DCRS_-_Antônio_Prado/Flores_da_Cunha_(292_m) -999.9 -999.9 979.1 973.4 973.5 18.0 15.1 197.0 Rio_Grande_do_Sul DCRS -999.9 0.0 35.0 250.35 250.35 249.99 1 0.03 250.41 250.54 250.54 250.65
-28.939899 -51.188499 DCRS-00087 2026-07-20_13:24 18.5 -999.9 -999.9 94.7 -999.9 -999.9 17.6 -999.9 -999.9 973.5 -999.9 -999.9 2.3 -999.9 3.8 205.0 0.6 35.0 35.0 35.0 35.2 35.4 19.9 16.5 95.9 74.5 24.3 DCRS_-_Antônio_Prado/Flores_da_Cunha_(292_m) -999.9 -999.9 979.1 973.4 973.5 18.0 15.1 205.0 Rio_Grande_do_Sul DCRS -999.9 0.0 35.0 250.35 250.35 249.99 1 0.03 250.41 250.54 250.54 250.65
-28.939899 -51.188499 DCRS-00087 2026-07-20_13:25 18.7 -999.9 -999.9 95.0 -999.9 -999.9 17.9 -999.9 -999.9 973.5 -999.9 -999.9 2.9 -999.9 4.1 175.0 0.6 35.0 35.0 35.0 35.2 35.4 19.9 16.5 95.9 74.5 24.3 DCRS_-_Antônio_Prado/Flores_da_Cunha_(292_m) -999.9 -999.9 979.1 973.4 973.5 18.0 15.1 205.0 Rio_Grande_do_Sul DCRS -999.9 0.0 35.0 250.34 250.35 249.99 1 0.02 250.41 250.54 250.54 250.65
-28.939899 -51.188499 DCRS-00087 2026-07-20_13:26 18.8 -999.9 -999.9 95.2 -999.9 -999.9 18.0 -999.9 -999.9 973.5 -999.9 -999.9 2.2 -999.9 4.1 166.0 0.6 35.0 35.0 35.0 35.2 35.4 19.9 16.5 95.9 74.5 24.3 DCRS_-_Antônio_Prado/Flores_da_Cunha_(292_m) -999.9 -999.9 979.1 973.4 973.5 18.0 15.1 205.0 Rio_Grande_do_Sul DCRS -999.9 0.0 35.0 250.34 250.35 249.99 1 0.02 250.41 250.54 250.54 250.65
-28.939899 -51.188499 DCRS-00087 2026-07-20_13:27 18.8 -999.9 -999.9 95.2 -999.9 -999.9 18.0 -999.9 -999.9 973.4 -999.9 -999.9 2.0 -999.9 4.1 188.0 0.6 35.0 35.0 35.0 35.2 35.4 19.9 16.5 95.9 74.5 24.3 DCRS_-_Antônio_Prado/Flores_da_Cunha_(292_m) -999.9 -999.9 979.1 973.4 973.4 18.0 15.1 205.0 Rio_Grande_do_Sul DCRS -999.9 0.0 35.0 250.34 250.35 249.99 1 0.02 250.41 250.54 250.54 250.65
-28.939899 -51.188499 DCRS-00087 2026-07-20_13:28 18.9 -999.9 -999.9 95.1 -999.9 -999.9 18.1 -999.9 -999.9 973.4 -999.9 -999.9 2.2 -999.9 4.1 222.0 0.6 35.0 35.0 35.0 35.2 35.4 19.9 16.5 95.9 74.5 24.3 DCRS_-_Antônio_Prado/Flores_da_Cunha_(292_m) -999.9 -999.9 979.1 973.4 973.4 18.1 15.1 222.0 Rio_Grande_do_Sul DCRS -999.9 0.0 35.0 250.36 250.36 249.99 1 0.04 250.41 250.54 250.54 250.65
-28.939899 -51.188499 DCRS-00087 2026-07-20_13:29 19.0 -999.9 -999.9 95.0 -999.9 -999.9 18.2 -999.9 -999.9 973.3 -999.9 -999.9 2.4 -999.9 4.1 196.0 0.6 35.0 35.0 35.0 35.2 35.4 19.9 16.5 95.9 74.5 24.3 DCRS_-_Antônio_Prado/Flores_da_Cunha_(292_m) -999.9 -999.9 979.1 973.3 973.3 18.2 15.1 222.0 Rio_Grande_do_Sul DCRS -999.9 0.0 35.0 250.36 250.36 249.99 1 0.04 250.41 250.54 250.54 250.65
-28.939899 -51.188499 DCRS-00087 2026-07-20_13:30 18.9 -999.9 -999.9 94.9 -999.9 -999.9 18.1 -999.9 -999.9 973.3 -999.9 -999.9 4.5 -999.9 5.9 427.0 0.6 35.0 35.0 35.0 35.2 35.4 19.9 16.5 95.9 74.5 24.3 DCRS_-_Antônio_Prado/Flores_da_Cunha_(292_m) -999.9 -999.9 979.1 973.3 973.3 18.2 15.1 427.0 Rio_Grande_do_Sul DCRS -999.9 0.0 35.0 250.36 250.36 249.99 1 0.04 250.41 250.54 250.54 250.65
-28.939899 -51.188499 DCRS-00087 2026-07-20_13:31 19.0 -999.9 -999.9 94.4 -999.9 -999.9 18.1 -999.9 -999.9 973.3 -999.9 -999.9 4.8 -999.9 5.9 478.0 0.6 35.0 35.0 35.0 35.2 35.4 19.9 16.5 95.9 74.5 24.3 DCRS_-_Antônio_Prado/Flores_da_Cunha_(292_m) -999.9 -999.9 979.1 973.3 973.3 18.2 15.1 478.0 Rio_Grande_do_Sul DCRS -999.9 0.0 35.0 250.36 250.36 249.99 1 0.04 250.41 250.54 250.54 250.65
-28.939899 -51.188499 DCRS-00087 2026-07-20_13:32 19.1 -999.9 -999.9 93.7 -999.9 -999.9 18.1 -999.9 -999.9 973.3 -999.9 -999.9 5.5 -999.9 5.9 416.0 0.6 35.0 35.0 35.0 35.2 35.4 19.9 16.5 95.9 74.5 24.3 DCRS_-_Antônio_Prado/Flores_da_Cunha_(292_m) -999.9 -999.9 979.1 973.3 973.3 18.2 15.1 478.0 Rio_Grande_do_Sul DCRS -999.9 0.0 35.0 250.35 250.36 249.99 1 0.03 250.41 250.54 250.54 250.65
-28.939899 -51.188499 DCRS-00087 2026-07-20_13:33 19.3 -999.9 -999.9 92.2 -999.9 -999.9 18.0 -999.9 -999.9 973.3 -999.9 -999.9 3.8 -999.9 5.9 228.0 0.6 35.0 35.0 35.0 35.2 35.4 19.9 16.5 95.9 74.5 24.3 DCRS_-_Antônio_Prado/Flores_da_Cunha_(292_m) -999.9 -999.9 979.1 973.3 973.3 18.2 15.1 478.0 Rio_Grande_do_Sul DCRS -999.9 0.0 35.0 250.35 250.36 249.99 1 0.03 250.41 250.54 250.54 250.65
-28.939899 -51.188499 DCRS-00087 2026-07-20_13:34 19.4 -999.9 -999.9 92.8 -999.9 -999.9 18.2 -999.9 -999.9 973.3 -999.9 -999.9 3.0 -999.9 5.9 220.0 0.6 35.0 35.0 35.0 35.2 35.4 19.9 16.5 95.9 74.5 24.3 DCRS_-_Antônio_Prado/Flores_da_Cunha_(292_m) -999.9 -999.9 979.1 973.3 973.3 18.2 15.1 478.0 Rio_Grande_do_Sul DCRS -999.9 0.0 35.0 250.35 250.36 249.99 1 0.03 250.41 250.54 250.54 250.65
-28.939899 -51.188499 DCRS-00087 2026-07-20_13:35 19.5 -999.9 -999.9 92.8 -999.9 -999.9 18.3 -999.9 -999.9 973.3 -999.9 -999.9 3.0 -999.9 6.8 220.0 0.6 35.0 35.0 35.0 35.2 35.4 19.9 16.5 95.9 74.5 24.3 DCRS_-_Antônio_Prado/Flores_da_Cunha_(292_m) -999.9 -999.9 979.1 973.3 973.3 18.3 15.1 478.0 Rio_Grande_do_Sul DCRS -999.9 0.0 35.0 250.37 250.37 249.99 1 0.05 250.41 250.54 250.54 250.65
-28.939899 -51.188499 DCRS-00087 2026-07-20_13:36 19.6 -999.9 -999.9 92.7 -999.9 -999.9 18.4 -999.9 -999.9 973.2 -999.9 -999.9 2.7 -999.9 6.8 214.0 0.6 35.0 35.0 35.0 35.2 35.4 19.9 16.5 95.9 74.5 24.3 DCRS_-_Antônio_Prado/Flores_da_Cunha_(292_m) -999.9 -999.9 979.1 973.2 973.2 18.4 15.1 478.0 Rio_Grande_do_Sul DCRS -999.9 0.0 35.0 250.37 250.37 249.99 1 0.05 250.41 250.54 250.54 250.65
-28.939899 -51.188499 DCRS-00087 2026-07-20_13:37 19.6 -999.9 -999.9 92.8 -999.9 -999.9 18.4 -999.9 -999.9 973.1 -999.9 -999.9 2.8 -999.9 6.8 218.0 0.6 35.0 35.0 35.0 35.2 35.4 19.9 16.5 95.9 74.5 24.3 DCRS_-_Antônio_Prado/Flores_da_Cunha_(292_m) -999.9 -999.9 979.1 973.1 973.1 18.4 15.1 478.0 Rio_Grande_do_Sul DCRS -999.9 0.0 35.0 250.37 250.37 249.99 1 0.05 250.41 250.54 250.54 250.65
-28.939899 -51.188499 DCRS-00087 2026-07-20_13:38 19.8 -999.9 -999.9 92.9 -999.9 -999.9 18.6 -999.9 -999.9 973.1 -999.9 -999.9 3.8 -999.9 6.8 207.0 0.6 35.0 35.0 35.0 35.2 35.4 19.9 16.5 95.9 74.5 24.3 DCRS_-_Antônio_Prado/Flores_da_Cunha_(292_m) -999.9 -999.9 979.1 973.1 973.1 18.6 15.1 478.0 Rio_Grande_do_Sul DCRS -999.9 0.0 35.0 250.37 250.37 249.99 1 0.05 250.41 250.54 250.54 250.65
-28.939899 -51.188499 DCRS-00087 2026-07-20_13:39 19.8 -999.9 -999.9 92.8 -999.9 -999.9 18.6 -999.9 -999.9 973.1 -999.9 -999.9 4.4 -999.9 6.8 262.0 0.6 35.0 35.0 35.0 35.2 35.4 19.9 16.5 95.9 74.5 24.3 DCRS_-_Antônio_Prado/Flores_da_Cunha_(292_m) -999.9 -999.9 979.1 973.1 973.1 18.6 15.1 478.0 Rio_Grande_do_Sul DCRS -999.9 0.0 35.0 250.37 250.37 249.99 1 0.05 250.41 250.54 250.54 250.65
-28.939899 -51.188499 DCRS-00087 2026-07-20_13:40 19.9 -999.9 -999.9 92.9 -999.9 -999.9 18.7 -999.9 -999.9 973.1 -999.9 -999.9 2.9 -999.9 5.1 262.0 0.6 35.0 35.0 35.0 35.2 35.4 19.9 16.5 95.9 74.5 24.3 DCRS_-_Antônio_Prado/Flores_da_Cunha_(292_m) -999.9 -999.9 979.1 973.1 973.1 18.7 15.1 478.0 Rio_Grande_do_Sul DCRS -999.9 0.0 35.0 250.37 250.37 249.99 1 0.05 250.41 250.54 250.54 250.65
-28.939899 -51.188499 DCRS-00087 2026-07-20_13:41 20.0 -999.9 -999.9 91.8 -999.9 -999.9 18.6 -999.9 -999.9 973.1 -999.9 -999.9 2.2 -999.9 5.1 214.0 0.6 35.0 35.0 35.0 35.2 35.4 20.0 16.5 95.9 74.5 24.3 DCRS_-_Antônio_Prado/Flores_da_Cunha_(292_m) -999.9 -999.9 979.1 973.1 973.1 18.7 15.1 478.0 Rio_Grande_do_Sul DCRS -999.9 0.0 35.0 250.37 250.37 249.99 1 0.05 250.41 250.54 250.54 250.65
-28.939899 -51.188499 DCRS-00087 2026-07-20_13:42 20.0 -999.9 -999.9 90.1 -999.9 -999.9 18.3 -999.9 -999.9 973.1 -999.9 -999.9 0.0 -999.9 5.1 176.0 0.6 35.0 35.0 35.0 35.2 35.4 20.0 16.5 95.9 74.5 24.3 DCRS_-_Antônio_Prado/Flores_da_Cunha_(292_m) -999.9 -999.9 979.1 973.1 973.1 18.7 15.1 478.0 Rio_Grande_do_Sul DCRS -999.9 0.0 35.0 250.37 250.37 249.99 1 0.05 250.41 250.54 250.54 250.65
-28.939899 -51.188499 DCRS-00087 2026-07-20_13:43 20.2 -999.9 -999.9 88.6 -999.9 -999.9 18.2 -999.9 -999.9 973.0 -999.9 -999.9 0.0 -999.9 5.1 152.0 0.6 35.0 35.0 35.0 35.2 35.4 20.2 16.5 95.9 74.5 24.3 DCRS_-_Antônio_Prado/Flores_da_Cunha_(292_m) -999.9 -999.9 979.1 973.0 973.0 18.7 15.1 478.0 Rio_Grande_do_Sul DCRS -999.9 0.0 35.0 250.37 250.37 249.99 1 0.05 250.41 250.54 250.54 250.65
-28.939899 -51.188499 DCRS-00087 2026-07-20_13:44 20.2 -999.9 -999.9 87.3 -999.9 -999.9 18.0 -999.9 -999.9 973.0 -999.9 -999.9 0.0 -999.9 5.1 146.0 0.6 35.0 35.0 35.0 35.2 35.4 20.2 16.5 95.9 74.5 24.3 DCRS_-_Antônio_Prado/Flores_da_Cunha_(292_m) -999.9 -999.9 979.1 973.0 973.0 18.7 15.1 478.0 Rio_Grande_do_Sul DCRS -999.9 0.0 35.0 250.38 250.38 249.99 1 0.06 250.41 250.54 250.54 250.65
-28.939899 -51.188499 DCRS-00087 2026-07-20_13:45 20.3 -999.9 -999.9 87.8 -999.9 -999.9 18.2 -999.9 -999.9 973.0 -999.9 -999.9 0.0 -999.9 4.1 140.0 0.6 35.0 35.0 35.0 35.2 35.4 20.3 16.5 95.9 74.5 24.3 DCRS_-_Antônio_Prado/Flores_da_Cunha_(292_m) -999.9 -999.9 979.1 973.0 973.0 18.7 15.1 478.0 Rio_Grande_do_Sul DCRS -999.9 0.0 35.0 250.37 250.38 249.99 1 0.05 250.41 250.54 250.54 250.65
-28.939899 -51.188499 DCRS-00087 2026-07-20_13:46 20.4 -999.9 -999.9 87.8 -999.9 -999.9 18.3 -999.9 -999.9 972.9 -999.9 -999.9 3.3 -999.9 4.1 125.0 0.6 35.0 35.0 35.0 35.2 35.4 20.4 16.5 95.9 74.5 24.3 DCRS_-_Antônio_Prado/Flores_da_Cunha_(292_m) -999.9 -999.9 979.1 972.9 972.9 18.7 15.1 478.0 Rio_Grande_do_Sul DCRS -999.9 0.0 35.0 250.37 250.38 249.99 1 0.05 250.41 250.54 250.54 250.65
-28.939899 -51.188499 DCRS-00087 2026-07-20_13:47 20.4 -999.9 -999.9 85.4 -999.9 -999.9 17.9 -999.9 -999.9 972.9 -999.9 -999.9 0.0 -999.9 4.1 116.0 0.6 35.0 35.0 35.0 35.2 35.4 20.4 16.5 95.9 74.5 24.3 DCRS_-_Antônio_Prado/Flores_da_Cunha_(292_m) -999.9 -999.9 979.1 972.9 972.9 18.7 15.1 478.0 Rio_Grande_do_Sul DCRS -999.9 0.0 35.0 250.37 250.38 249.99 1 0.05 250.41 250.54 250.54 250.65
-28.939899 -51.188499 DCRS-00087 2026-07-20_13:48 20.4 -999.9 -999.9 84.4 -999.9 -999.9 17.7 -999.9 -999.9 972.9 -999.9 -999.9 0.0 -999.9 4.1 110.0 0.6 35.0 35.0 35.0 35.2 35.4 20.4 16.5 95.9 74.5 24.3 DCRS_-_Antônio_Prado/Flores_da_Cunha_(292_m) -999.9 -999.9 979.1 972.9 972.9 18.7 15.1 478.0 Rio_Grande_do_Sul DCRS -999.9 0.0 35.0 250.37 250.38 249.99 1 0.03 250.41 250.54 250.54 250.65
-28.939899 -51.188499 DCRS-00087 2026-07-20_13:49 20.4 -999.9 -999.9 85.5 -999.9 -999.9 17.9 -999.9 -999.9 972.9 -999.9 -999.9 0.0 -999.9 4.1 118.0 0.6 35.0 35.0 35.0 35.2 35.4 20.4 16.5 95.9 74.5 24.3 DCRS_-_Antônio_Prado/Flores_da_Cunha_(292_m) -999.9 -999.9 979.1 972.9 972.9 18.7 15.1 478.0 Rio_Grande_do_Sul DCRS -999.9 0.0 35.0 250.38 250.38 249.99 1 0.04 250.41 250.54 250.54 250.65
-28.939899 -51.188499 DCRS-00087 2026-07-20_13:50 20.4 -999.9 -999.9 86.0 -999.9 -999.9 18.0 -999.9 -999.9 972.9 -999.9 -999.9 3.4 -999.9 4.6 124.0 0.6 35.0 35.0 35.0 35.2 35.4 20.4 16.5 95.9 74.5 24.3 DCRS_-_Antônio_Prado/Flores_da_Cunha_(292_m) -999.9 -999.9 979.1 972.9 972.9 18.7 15.1 478.0 Rio_Grande_do_Sul DCRS -999.9 0.0 35.0 250.37 250.38 249.99 1 0.03 250.41 250.54 250.54 250.65
-28.939899 -51.188499 DCRS-00087 2026-07-20_13:51 20.4 -999.9 -999.9 87.0 -999.9 -999.9 18.2 -999.9 -999.9 972.8 -999.9 -999.9 2.3 -999.9 4.6 127.0 0.6 35.0 35.0 35.0 35.2 35.4 20.4 16.5 95.9 74.5 24.3 DCRS_-_Antônio_Prado/Flores_da_Cunha_(292_m) -999.9 -999.9 979.1 972.8 972.8 18.7 15.1 478.0 Rio_Grande_do_Sul DCRS -999.9 0.0 35.0 250.37 250.38 249.99 1 0.03 250.41 250.54 250.54 250.65
-28.939899 -51.188499 DCRS-00087 2026-07-20_13:52 20.4 -999.9 -999.9 86.4 -999.9 -999.9 18.0 -999.9 -999.9 972.8 -999.9 -999.9 0.0 -999.9 4.6 136.0 0.6 35.0 35.0 35.0 35.2 35.4 20.4 16.5 95.9 74.5 24.3 DCRS_-_Antônio_Prado/Flores_da_Cunha_(292_m) -999.9 -999.9 979.1 972.8 972.8 18.7 15.1 478.0 Rio_Grande_do_Sul DCRS -999.9 0.0 35.0 250.38 250.38 249.99 1 0.04 250.41 250.54 250.54 250.65
-28.939899 -51.188499 DCRS-00087 2026-07-20_13:53 20.4 -999.9 -999.9 87.0 -999.9 -999.9 18.2 -999.9 -999.9 972.7 -999.9 -999.9 3.3 -999.9 4.6 149.0 0.6 35.0 35.0 35.0 35.2 35.4 20.4 16.5 95.9 74.5 24.3 DCRS_-_Antônio_Prado/Flores_da_Cunha_(292_m) -999.9 -999.9 979.1 972.7 972.7 18.7 15.1 478.0 Rio_Grande_do_Sul DCRS -999.9 0.0 35.0 250.38 250.38 249.99 1 0.03 250.41 250.54 250.54 250.65
-28.939899 -51.188499 DCRS-00087 2026-07-20_13:54 20.4 -999.9 -999.9 88.3 -999.9 -999.9 18.4 -999.9 -999.9 972.8 -999.9 -999.9 0.0 -999.9 4.6 151.0 0.6 35.0 35.0 35.0 35.2 35.4 20.4 16.5 95.9 74.5 24.3 DCRS_-_Antônio_Prado/Flores_da_Cunha_(292_m) -999.9 -999.9 979.1 972.7 972.8 18.7 15.1 478.0 Rio_Grande_do_Sul DCRS -999.9 0.0 35.0 250.37 250.38 249.99 1 0.03 250.41 250.54 250.54 250.65
-28.939899 -51.188499 DCRS-00087 2026-07-20_13:55 20.5 -999.9 -999.9 89.7 -999.9 -999.9 18.7 -999.9 -999.9 972.7 -999.9 -999.9 2.1 -999.9 5.4 152.0 0.6 35.0 35.0 35.0 35.2 35.4 20.5 16.5 95.9 74.5 24.3 DCRS_-_Antônio_Prado/Flores_da_Cunha_(292_m) -999.9 -999.9 979.1 972.7 972.7 18.7 15.1 478.0 Rio_Grande_do_Sul DCRS -999.9 0.0 35.0 250.38 250.38 249.99 1 0.04 250.41 250.54 250.54 250.65
-28.939899 -51.188499 DCRS-00087 2026-07-20_13:56 20.5 -999.9 -999.9 90.1 -999.9 -999.9 18.8 -999.9 -999.9 972.7 -999.9 -999.9 0.0 -999.9 5.4 176.0 0.6 35.0 35.0 35.0 35.2 35.4 20.5 16.5 95.9 74.5 24.3 DCRS_-_Antônio_Prado/Flores_da_Cunha_(292_m) -999.9 -999.9 979.1 972.7 972.7 18.8 15.1 478.0 Rio_Grande_do_Sul DCRS -999.9 0.0 35.0 250.38 250.38 249.99 1 0.03 250.41 250.54 250.54 250.65
-28.939899 -51.188499 DCRS-00087 2026-07-20_13:57 20.6 -999.9 -999.9 89.3 -999.9 -999.9 18.8 -999.9 -999.9 972.6 -999.9 -999.9 2.2 -999.9 5.4 172.0 0.6 35.0 35.0 35.0 35.2 35.4 20.6 16.5 95.9 74.5 24.3 DCRS_-_Antônio_Prado/Flores_da_Cunha_(292_m) -999.9 -999.9 979.1 972.6 972.6 18.8 15.1 478.0 Rio_Grande_do_Sul DCRS -999.9 0.0 35.0 250.38 250.38 249.99 1 0.04 250.41 250.54 250.54 250.65
-28.939899 -51.188499 DCRS-00087 2026-07-20_13:58 20.5 -999.9 -999.9 87.9 -999.9 -999.9 18.4 -999.9 -999.9 972.5 -999.9 -999.9 2.6 -999.9 5.4 136.0 0.6 35.0 35.0 35.0 35.2 35.4 20.6 16.5 95.9 74.5 24.3 DCRS_-_Antônio_Prado/Flores_da_Cunha_(292_m) -999.9 -999.9 979.1 972.5 972.5 18.8 15.1 478.0 Rio_Grande_do_Sul DCRS -999.9 0.0 35.0 250.37 250.38 249.99 1 0.03 250.41 250.54 250.54 250.65
-28.939899 -51.188499 DCRS-00087 2026-07-20_13:59 20.6 -999.9 -999.9 88.7 -999.9 -999.9 18.7 -999.9 -999.9 972.6 -999.9 -999.9 4.1 -999.9 5.4 128.0 0.6 35.0 35.0 35.0 35.2 35.4 20.6 16.5 95.9 74.5 24.3 DCRS_-_Antônio_Prado/Flores_da_Cunha_(292_m) -999.9 -999.9 979.1 972.5 972.6 18.8 15.1 478.0 Rio_Grande_do_Sul DCRS -999.9 0.0 35.0 250.38 250.38 249.99 1 0.07 250.41 250.54 250.54 250.65
-28.939899 -51.188499 DCRS-00087 2026-07-20_14:00 20.5 -999.9 -999.9 88.5 -999.9 -999.9 18.5 -999.9 -999.9 972.5 -999.9 -999.9 4.5 -999.9 6.2 130.0 0.6 35.0 35.0 35.0 35.2 35.4 20.6 16.5 95.9 74.5 24.3 DCRS_-_Antônio_Prado/Flores_da_Cunha_(292_m) -999.9 -999.9 979.1 972.5 972.5 18.8 15.1 478.0 Rio_Grande_do_Sul DCRS -999.9 0.0 35.0 250.38 250.38 249.99 1 0.07 250.41 250.54 250.54 250.65
-28.939899 -51.188499 DCRS-00087 2026-07-20_14:01 20.5 -999.9 -999.9 88.8 -999.9 -999.9 18.6 -999.9 -999.9 972.5 -999.9 -999.9 3.0 -999.9 6.2 125.0 0.6 35.0 35.0 35.0 35.2 35.4 20.6 16.5 95.9 74.5 24.3 DCRS_-_Antônio_Prado/Flores_da_Cunha_(292_m) -999.9 -999.9 979.1 972.5 972.5 18.8 15.1 478.0 Rio_Grande_do_Sul DCRS -999.9 0.0 35.0 250.38 250.38 249.99 1 0.08 250.41 250.54 250.54 250.65
-28.939899 -51.188499 DCRS-00087 2026-07-20_14:02 20.3 -999.9 -999.9 88.6 -999.9 -999.9 18.3 -999.9 -999.9 972.4 -999.9 -999.9 2.6 -999.9 6.2 125.0 0.6 35.0 35.0 35.0 35.2 35.4 20.6 16.5 95.9 74.5 24.3 DCRS_-_Antônio_Prado/Flores_da_Cunha_(292_m) -999.9 -999.9 979.1 972.4 972.4 18.8 15.1 478.0 Rio_Grande_do_Sul DCRS -999.9 0.0 35.0 250.38 250.38 249.99 1 0.06 250.41 250.54 250.54 250.65
-28.939899 -51.188499 DCRS-00087 2026-07-20_14:03 20.3 -999.9 -999.9 88.8 -999.9 -999.9 18.4 -999.9 -999.9 972.4 -999.9 -999.9 2.3 -999.9 6.2 113.0 0.6 35.0 35.0 35.0 35.2 35.4 20.6 16.5 95.9 74.5 24.3 DCRS_-_Antônio_Prado/Flores_da_Cunha_(292_m) -999.9 -999.9 979.1 972.4 972.4 18.8 15.1 478.0 Rio_Grande_do_Sul DCRS -999.9 0.0 35.0 250.38 250.38 249.99 1 0.06 250.41 250.54 250.54 250.65
-28.939899 -51.188499 DCRS-00087 2026-07-20_14:04 20.2 -999.9 -999.9 89.2 -999.9 -999.9 18.4 -999.9 -999.9 972.4 -999.9 -999.9 3.8 -999.9 6.2 125.0 0.2 35.0 35.0 35.0 35.2 35.4 20.6 16.5 95.9 74.5 24.3 DCRS_-_Antônio_Prado/Flores_da_Cunha_(292_m) -999.9 -999.9 979.1 972.4 972.4 18.8 15.1 478.0 Rio_Grande_do_Sul DCRS -999.9 0.0 35.0 250.38 250.38 249.99 1 0.06 250.41 250.54 250.54 250.65
-28.939899 -51.188499 DCRS-00087 2026-07-20_14:05 20.1 -999.9 -999.9 89.9 -999.9 -999.9 18.4 -999.9 -999.9 972.3 -999.9 -999.9 4.0 -999.9 6.0 115.0 0.2 35.0 35.0 35.0 35.2 35.4 20.6 16.5 95.9 74.5 24.3 DCRS_-_Antônio_Prado/Flores_da_Cunha_(292_m) -999.9 -999.9 979.1 972.3 972.3 18.8 15.1 478.0 Rio_Grande_do_Sul DCRS -999.9 0.0 35.0 250.38 250.38 249.99 1 0.04 250.41 250.54 250.54 250.65
-28.939899 -51.188499 DCRS-00087 2026-07-20_14:06 20.1 -999.9 -999.9 89.3 -999.9 -999.9 18.3 -999.9 -999.9 972.2 -999.9 -999.9 4.3 -999.9 6.0 122.0 0.2 35.0 35.0 35.0 35.2 35.4 20.6 16.5 95.9 74.5 24.3 DCRS_-_Antônio_Prado/Flores_da_Cunha_(292_m) -999.9 -999.9 979.1 972.2 972.2 18.8 15.1 478.0 Rio_Grande_do_Sul DCRS -999.9 0.0 35.0 250.38 250.38 249.99 1 0.05 250.41 250.54 250.54 250.65
-28.939899 -51.188499 DCRS-00087 2026-07-20_14:07 20.1 -999.9 -999.9 89.7 -999.9 -999.9 18.3 -999.9 -999.9 972.2 -999.9 -999.9 2.1 -999.9 6.0 147.0 0.2 35.0 35.0 35.0 35.2 35.4 20.6 16.5 95.9 74.5 24.3 DCRS_-_Antônio_Prado/Flores_da_Cunha_(292_m) -999.9 -999.9 979.1 972.2 972.2 18.8 15.1 478.0 Rio_Grande_do_Sul DCRS -999.9 0.0 35.0 250.38 250.38 249.99 1 0.05 250.41 250.54 250.54 250.65
-28.939899 -51.188499 DCRS-00087 2026-07-20_14:08 20.1 -999.9 -999.9 87.3 -999.9 -999.9 17.9 -999.9 -999.9 972.2 -999.9 -999.9 2.5 -999.9 6.0 135.0 0.2 35.0 35.0 35.0 35.2 35.4 20.6 16.5 95.9 74.5 24.3 DCRS_-_Antônio_Prado/Flores_da_Cunha_(292_m) -999.9 -999.9 979.1 972.2 972.2 18.8 15.1 478.0 Rio_Grande_do_Sul DCRS -999.9 0.0 35.0 250.38 250.38 249.99 1 0.03 250.41 250.54 250.54 250.65
-28.939899 -51.188499 DCRS-00087 2026-07-20_14:09 20.1 -999.9 -999.9 88.9 -999.9 -999.9 18.2 -999.9 -999.9 972.3 -999.9 -999.9 1.8 -999.9 6.0 114.0 0.0 35.0 35.0 35.0 35.2 35.4 20.6 16.5 95.9 74.5 24.3 DCRS_-_Antônio_Prado/Flores_da_Cunha_(292_m) -999.9 -999.9 979.1 972.2 972.3 18.8 15.1 478.0 Rio_Grande_do_Sul DCRS -999.9 0.0 35.0 250.38 250.38 249.99 1 0.03 250.41 250.54 250.54 250.65
-28.939899 -51.188499 DCRS-00087 2026-07-20_14:10 20.2 -999.9 -999.9 89.6 -999.9 -999.9 18.4 -999.9 -999.9 972.3 -999.9 -999.9 3.3 -999.9 6.2 98.0 0.0 35.0 35.0 35.0 35.2 35.4 20.6 16.5 95.9 74.5 24.3 DCRS_-_Antônio_Prado/Flores_da_Cunha_(292_m) -999.9 -999.9 979.1 972.2 972.3 18.8 15.1 478.0 Rio_Grande_do_Sul DCRS -999.9 0.0 35.0 250.38 250.38 249.99 1 0.04 250.41 250.54 250.54 250.65
-28.939899 -51.188499 DCRS-00087 2026-07-20_14:11 20.2 -999.9 -999.9 90.3 -999.9 -999.9 18.6 -999.9 -999.9 972.3 -999.9 -999.9 2.3 -999.9 6.2 101.0 0.0 35.0 35.0 35.0 35.2 35.4 20.6 16.5 95.9 74.5 24.3 DCRS_-_Antônio_Prado/Flores_da_Cunha_(292_m) -999.9 -999.9 979.1 972.2 972.3 18.8 15.1 478.0 Rio_Grande_do_Sul DCRS -999.9 0.0 35.0 250.38 250.38 249.99 1 0.03 250.41 250.54 250.54 250.65
-28.939899 -51.188499 DCRS-00087 2026-07-20_14:12 20.2 -999.9 -999.9 91.3 -999.9 -999.9 18.7 -999.9 -999.9 972.2 -999.9 -999.9 0.0 -999.9 6.2 127.0 0.0 35.0 35.0 35.0 35.2 35.4 20.6 16.5 95.9 74.5 24.3 DCRS_-_Antônio_Prado/Flores_da_Cunha_(292_m) -999.9 -999.9 979.1 972.2 972.2 18.8 15.1 478.0 Rio_Grande_do_Sul DCRS -999.9 0.0 35.0 250.38 250.38 249.99 1 0.03 250.41 250.54 250.54 250.65
-28.939899 -51.188499 DCRS-00087 2026-07-20_14:13 20.3 -999.9 -999.9 91.4 -999.9 -999.9 18.8 -999.9 -999.9 972.1 -999.9 -999.9 0.0 -999.9 6.2 127.0 0.0 35.0 35.0 35.0 35.2 35.4 20.6 16.5 95.9 74.5 24.3 DCRS_-_Antônio_Prado/Flores_da_Cunha_(292_m) -999.9 -999.9 979.1 972.1 972.1 18.8 15.1 478.0 Rio_Grande_do_Sul DCRS -999.9 0.0 35.0 250.38 250.38 249.99 1 0.04 250.41 250.54 250.54 250.65
-28.939899 -51.188499 DCRS-00087 2026-07-20_14:14 20.3 -999.9 -999.9 91.8 -999.9 -999.9 18.9 -999.9 -999.9 972.1 -999.9 -999.9 0.0 -999.9 6.2 112.0 0.0 35.0 35.0 35.0 35.2 35.4 20.6 16.5 95.9 74.5 24.3 DCRS_-_Antônio_Prado/Flores_da_Cunha_(292_m) -999.9 -999.9 979.1 972.1 972.1 18.9 15.1 478.0 Rio_Grande_do_Sul DCRS -999.9 0.0 35.0 250.38 250.38 249.99 1 0.05 250.41 250.54 250.54 250.65
-28.939899 -51.188499 DCRS-00087 2026-07-20_14:15 20.3 -999.9 -999.9 90.9 -999.9 -999.9 18.8 -999.9 -999.9 972.1 -999.9 -999.9 1.9 -999.9 5.2 108.0 0.0 35.0 35.0 35.0 35.2 35.4 20.6 16.5 95.9 74.5 24.3 DCRS_-_Antônio_Prado/Flores_da_Cunha_(292_m) -999.9 -999.9 979.1 972.1 972.1 18.9 15.1 478.0 Rio_Grande_do_Sul DCRS -999.9 0.0 35.0 250.38 250.38 249.99 1 0.05 250.41 250.54 250.54 250.65
-28.939899 -51.188499 DCRS-00087 2026-07-20_14:16 20.3 -999.9 -999.9 91.2 -999.9 -999.9 18.8 -999.9 -999.9 972.2 -999.9 -999.9 0.0 -999.9 5.2 101.0 0.0 35.0 35.0 35.0 35.2 35.4 20.6 16.5 95.9 74.5 24.3 DCRS_-_Antônio_Prado/Flores_da_Cunha_(292_m) -999.9 -999.9 979.1 972.1 972.2 18.9 15.1 478.0 Rio_Grande_do_Sul DCRS -999.9 0.0 35.0 250.38 250.38 249.99 1 0.05 250.41 250.54 250.54 250.65
-28.939899 -51.188499 DCRS-00087 2026-07-20_14:17 20.3 -999.9 -999.9 91.5 -999.9 -999.9 18.9 -999.9 -999.9 972.2 -999.9 -999.9 1.9 -999.9 5.2 80.0 0.0 35.0 35.0 35.0 35.2 35.4 20.6 16.5 95.9 74.5 24.3 DCRS_-_Antônio_Prado/Flores_da_Cunha_(292_m) -999.9 -999.9 979.1 972.1 972.2 18.9 15.1 478.0 Rio_Grande_do_Sul DCRS -999.9 0.0 35.0 250.38 250.38 249.99 1 0.03 250.41 250.54 250.54 250.65
-28.939899 -51.188499 DCRS-00087 2026-07-20_14:18 20.3 -999.9 -999.9 91.5 -999.9 -999.9 18.9 -999.9 -999.9 972.3 -999.9 -999.9 2.0 -999.9 5.2 67.0 0.0 35.0 35.0 35.0 35.2 35.4 20.6 16.5 95.9 74.5 24.3 DCRS_-_Antônio_Prado/Flores_da_Cunha_(292_m) -999.9 -999.9 979.1 972.1 972.3 18.9 15.1 478.0 Rio_Grande_do_Sul DCRS -999.9 0.0 35.0 250.38 250.38 249.99 1 0.03 250.41 250.54 250.54 250.65
-28.939899 -51.188499 DCRS-00087 2026-07-20_14:19 20.4 -999.9 -999.9 91.5 -999.9 -999.9 19.0 -999.9 -999.9 972.3 -999.9 -999.9 2.6 -999.9 5.2 58.0 0.0 35.0 35.0 35.0 35.2 35.4 20.6 16.5 95.9 74.5 24.3 DCRS_-_Antônio_Prado/Flores_da_Cunha_(292_m) -999.9 -999.9 979.1 972.1 972.3 19.0 15.1 478.0 Rio_Grande_do_Sul DCRS -999.9 0.0 35.0 250.38 250.38 249.99 1 0.03 250.41 250.54 250.54 250.65
-28.939899 -51.188499 DCRS-00087 2026-07-20_14:20 20.4 -999.9 -999.9 91.9 -999.9 -999.9 19.0 -999.9 -999.9 972.3 -999.9 -999.9 3.6 -999.9 3.8 60.0 0.0 35.0 35.0 35.0 35.2 35.4 20.6 16.5 95.9 74.5 24.3 DCRS_-_Antônio_Prado/Flores_da_Cunha_(292_m) -999.9 -999.9 979.1 972.1 972.3 19.0 15.1 478.0 Rio_Grande_do_Sul DCRS -999.9 0.0 35.0 250.38 250.38 249.99 1 0.03 250.41 250.54 250.54 250.65
-28.939899 -51.188499 DCRS-00087 2026-07-20_14:21 20.4 -999.9 -999.9 91.7 -999.9 -999.9 19.0 -999.9 -999.9 972.3 -999.9 -999.9 2.0 -999.9 3.8 63.0 0.0 35.0 35.0 35.0 35.2 35.4 20.6 16.5 95.9 74.5 24.3 DCRS_-_Antônio_Prado/Flores_da_Cunha_(292_m) -999.9 -999.9 979.1 972.1 972.3 19.0 15.1 478.0 Rio_Grande_do_Sul DCRS -999.9 0.0 35.0 250.38 250.38 249.99 1 0.05 250.41 250.54 250.54 250.65
-28.939899 -51.188499 DCRS-00087 2026-07-20_14:22 20.3 -999.9 -999.9 90.3 -999.9 -999.9 18.6 -999.9 -999.9 972.3 -999.9 -999.9 2.0 -999.9 3.8 60.0 0.0 35.0 35.0 35.0 35.2 35.4 20.6 16.5 95.9 74.5 24.3 DCRS_-_Antônio_Prado/Flores_da_Cunha_(292_m) -999.9 -999.9 979.1 972.1 972.3 19.0 15.1 478.0 Rio_Grande_do_Sul DCRS -999.9 0.0 35.0 250.38 250.38 249.99 1 0.03 250.41 250.54 250.54 250.65
-28.939899 -51.188499 DCRS-00087 2026-07-20_14:23 20.3 -999.9 -999.9 88.9 -999.9 -999.9 18.4 -999.9 -999.9 972.2 -999.9 -999.9 -999.9 -999.9 3.8 60.0 0.0 35.0 35.0 35.0 35.2 35.4 20.6 16.5 95.9 74.5 24.3 DCRS_-_Antônio_Prado/Flores_da_Cunha_(292_m) -999.9 -999.9 979.1 972.1 972.2 19.0 15.1 478.0 Rio_Grande_do_Sul DCRS -999.9 0.0 35.0 250.38 250.38 249.99 1 0.03 250.41 250.54 250.54 250.65
-28.939899 -51.188499 DCRS-00087 2026-07-20_14:24 20.3 -999.9 -999.9 87.5 -999.9 -999.9 18.1 -999.9 -999.9 972.1 -999.9 -999.9 3.7 -999.9 3.8 64.0 0.0 35.0 35.0 35.0 35.2 35.4 20.6 16.5 95.9 74.5 24.3 DCRS_-_Antônio_Prado/Flores_da_Cunha_(292_m) -999.9 -999.9 979.1 972.1 972.1 19.0 15.1 478.0 Rio_Grande_do_Sul DCRS -999.9 0.0 35.0 250.38 250.38 249.99 1 0.03 250.41 250.54 250.54 250.65
-28.939899 -51.188499 DCRS-00087 2026-07-20_14:25 20.3 -999.9 -999.9 89.4 -999.9 -999.9 18.5 -999.9 -999.9 972.0 -999.9 -999.9 3.3 -999.9 8.1 68.0 0.0 35.0 35.0 35.0 35.2 35.4 20.6 16.5 95.9 74.5 24.3 DCRS_-_Antônio_Prado/Flores_da_Cunha_(292_m) -999.9 -999.9 979.1 972.0 972.0 19.0 15.1 478.0 Rio_Grande_do_Sul DCRS -999.9 0.0 35.0 250.4 250.4 249.99 1 0.06 250.41 250.54 250.54 250.65
-28.939899 -51.188499 DCRS-00087 2026-07-20_14:26 20.3 -999.9 -999.9 88.7 -999.9 -999.9 18.4 -999.9 -999.9 972.0 -999.9 -999.9 3.9 -999.9 8.1 68.0 0.0 35.0 35.0 35.0 35.2 35.4 20.6 16.5 95.9 74.5 24.3 DCRS_-_Antônio_Prado/Flores_da_Cunha_(292_m) -999.9 -999.9 979.1 972.0 972.0 19.0 15.1 478.0 Rio_Grande_do_Sul DCRS -999.9 0.0 35.0 250.4 250.4 249.99 1 0.06 250.41 250.54 250.54 250.65
-28.939899 -51.188499 DCRS-00087 2026-07-20_14:27 20.3 -999.9 -999.9 89.5 -999.9 -999.9 18.5 -999.9 -999.9 972.0 -999.9 -999.9 0.0 -999.9 8.1 59.0 0.0 35.0 35.0 35.0 35.2 35.4 20.6 16.5 95.9 74.5 24.3 DCRS_-_Antônio_Prado/Flores_da_Cunha_(292_m) -999.9 -999.9 979.1 972.0 972.0 19.0 15.1 478.0 Rio_Grande_do_Sul DCRS -999.9 0.0 35.0 250.4 250.4 249.99 1 0.06 250.41 250.54 250.54 250.65
-28.939899 -51.188499 DCRS-00087 2026-07-20_14:28 20.3 -999.9 -999.9 90.5 -999.9 -999.9 18.7 -999.9 -999.9 972.0 -999.9 -999.9 0.0 -999.9 8.1 58.0 0.0 35.0 35.0 35.0 35.2 35.4 20.6 16.5 95.9 74.5 24.3 DCRS_-_Antônio_Prado/Flores_da_Cunha_(292_m) -999.9 -999.9 979.1 972.0 972.0 19.0 15.1 478.0 Rio_Grande_do_Sul DCRS -999.9 0.0 35.0 250.4 250.4 249.99 1 0.04 250.41 250.54 250.54 250.65
-28.939899 -51.188499 DCRS-00087 2026-07-20_14:29 20.3 -999.9 -999.9 89.6 -999.9 -999.9 18.5 -999.9 -999.9 972.0 -999.9 -999.9 5.8 -999.9 8.1 66.0 0.0 35.0 35.0 35.0 35.2 35.4 20.6 16.5 95.9 74.5 24.3 DCRS_-_Antônio_Prado/Flores_da_Cunha_(292_m) -999.9 -999.9 979.1 972.0 972.0 19.0 15.1 478.0 Rio_Grande_do_Sul DCRS -999.9 0.0 35.0 250.4 250.4 249.99 1 0.04 250.41 250.54 250.54 250.65
-28.939899 -51.188499 DCRS-00087 2026-07-20_14:30 20.3 -999.9 -999.9 88.6 -999.9 -999.9 18.3 -999.9 -999.9 972.0 -999.9 -999.9 0.0 -999.9 7.5 75.0 0.0 35.0 35.0 35.0 35.2 35.4 20.6 16.5 95.9 74.5 24.3 DCRS_-_Antônio_Prado/Flores_da_Cunha_(292_m) -999.9 -999.9 979.1 972.0 972.0 19.0 15.1 478.0 Rio_Grande_do_Sul DCRS -999.9 0.0 35.0 250.4 250.4 249.99 1 0.04 250.41 250.54 250.54 250.65
-28.939899 -51.188499 DCRS-00087 2026-07-20_14:31 20.2 -999.9 -999.9 87.4 -999.9 -999.9 18.0 -999.9 -999.9 972.0 -999.9 -999.9 4.8 -999.9 7.5 86.0 0.0 35.0 35.0 35.0 35.2 35.4 20.6 16.5 95.9 74.5 24.3 DCRS_-_Antônio_Prado/Flores_da_Cunha_(292_m) -999.9 -999.9 979.1 972.0 972.0 19.0 15.1 478.0 Rio_Grande_do_Sul DCRS -999.9 0.0 35.0 250.4 250.4 249.99 1 0.04 250.41 250.54 250.54 250.65
-28.939899 -51.188499 DCRS-00087 2026-07-20_14:32 20.3 -999.9 -999.9 87.8 -999.9 -999.9 18.2 -999.9 -999.9 972.0 -999.9 -999.9 2.3 -999.9 7.5 94.0 0.0 35.0 35.0 35.0 35.2 35.4 20.6 16.5 95.9 74.5 24.3 DCRS_-_Antônio_Prado/Flores_da_Cunha_(292_m) -999.9 -999.9 979.1 972.0 972.0 19.0 15.1 478.0 Rio_Grande_do_Sul DCRS -999.9 0.0 35.0 250.4 250.4 249.99 1 0.05 250.41 250.54 250.54 250.65
-28.939899 -51.188499 DCRS-00087 2026-07-20_14:33 20.4 -999.9 -999.9 90.3 -999.9 -999.9 18.7 -999.9 -999.9 972.0 -999.9 -999.9 2.5 -999.9 7.5 101.0 0.0 35.0 35.0 35.0 35.2 35.4 20.6 16.5 95.9 74.5 24.3 DCRS_-_Antônio_Prado/Flores_da_Cunha_(292_m) -999.9 -999.9 979.1 972.0 972.0 19.0 15.1 478.0 Rio_Grande_do_Sul DCRS -999.9 0.0 35.0 250.4 250.4 249.99 1 0.05 250.41 250.54 250.54 250.65
-28.939899 -51.188499 DCRS-00087 2026-07-20_14:34 20.3 -999.9 -999.9 90.0 -999.9 -999.9 18.6 -999.9 -999.9 972.0 -999.9 -999.9 3.1 -999.9 7.5 133.0 0.0 35.0 35.0 35.0 35.2 35.4 20.6 16.5 95.9 74.5 24.3 DCRS_-_Antônio_Prado/Flores_da_Cunha_(292_m) -999.9 -999.9 979.1 972.0 972.0 19.0 15.1 478.0 Rio_Grande_do_Sul DCRS -999.9 0.0 35.0 250.4 250.4 249.99 1 0.05 250.41 250.54 250.54 250.65
-28.939899 -51.188499 DCRS-00087 2026-07-20_14:35 20.3 -999.9 -999.9 90.4 -999.9 -999.9 18.7 -999.9 -999.9 972.0 -999.9 -999.9 3.7 -999.9 6.3 146.0 0.0 35.0 35.0 35.0 35.2 35.4 20.6 16.5 95.9 74.5 24.3 DCRS_-_Antônio_Prado/Flores_da_Cunha_(292_m) -999.9 -999.9 979.1 972.0 972.0 19.0 15.1 478.0 Rio_Grande_do_Sul DCRS -999.9 0.0 35.0 250.4 250.4 249.99 1 0.03 250.41 250.54 250.54 250.65
-28.939899 -51.188499 DCRS-00087 2026-07-20_14:36 20.4 -999.9 -999.9 91.2 -999.9 -999.9 18.9 -999.9 -999.9 972.0 -999.9 -999.9 0.0 -999.9 6.3 106.0 0.0 35.0 35.0 35.0 35.2 35.4 20.6 16.5 95.9 74.5 24.3 DCRS_-_Antônio_Prado/Flores_da_Cunha_(292_m) -999.9 -999.9 979.1 972.0 972.0 19.0 15.1 478.0 Rio_Grande_do_Sul DCRS -999.9 0.0 35.0 250.4 250.4 249.99 1 0.03 250.41 250.54 250.54 250.65
-28.939899 -51.188499 DCRS-00087 2026-07-20_14:37 20.3 -999.9 -999.9 91.0 -999.9 -999.9 18.8 -999.9 -999.9 972.0 -999.9 -999.9 4.3 -999.9 6.3 90.0 0.0 35.0 35.0 35.0 35.2 35.4 20.6 16.5 95.9 74.5 24.3 DCRS_-_Antônio_Prado/Flores_da_Cunha_(292_m) -999.9 -999.9 979.1 972.0 972.0 19.0 15.1 478.0 Rio_Grande_do_Sul DCRS -999.9 0.0 35.0 250.4 250.4 249.99 1 0.03 250.41 250.54 250.54 250.65
-28.939899 -51.188499 DCRS-00087 2026-07-20_14:38 20.3 -999.9 -999.9 90.6 -999.9 -999.9 18.7 -999.9 -999.9 971.9 -999.9 -999.9 3.4 -999.9 6.3 88.0 0.0 35.0 35.0 35.0 35.2 35.4 20.6 16.5 95.9 74.5 24.3 DCRS_-_Antônio_Prado/Flores_da_Cunha_(292_m) -999.9 -999.9 979.1 971.9 971.9 19.0 15.1 478.0 Rio_Grande_do_Sul DCRS -999.9 0.0 35.0 250.4 250.4 249.99 1 0.03 250.41 250.54 250.54 250.65
-28.939899 -51.188499 DCRS-00087 2026-07-20_14:39 20.3 -999.9 -999.9 90.8 -999.9 -999.9 18.7 -999.9 -999.9 971.9 -999.9 -999.9 2.5 -999.9 6.3 100.0 0.0 35.0 35.0 35.0 35.2 35.4 20.6 16.5 95.9 74.5 24.3 DCRS_-_Antônio_Prado/Flores_da_Cunha_(292_m) -999.9 -999.9 979.1 971.9 971.9 19.0 15.1 478.0 Rio_Grande_do_Sul DCRS -999.9 0.0 35.0 250.4 250.4 249.99 1 0.03 250.41 250.54 250.54 250.65
-28.939899 -51.188499 DCRS-00087 2026-07-20_14:40 20.3 -999.9 -999.9 90.8 -999.9 -999.9 18.7 -999.9 -999.9 972.0 -999.9 -999.9 0.0 -999.9 5.2 123.0 0.0 35.0 35.0 35.0 35.2 35.4 20.6 16.5 95.9 74.5 24.3 DCRS_-_Antônio_Prado/Flores_da_Cunha_(292_m) -999.9 -999.9 979.1 971.9 972.0 19.0 15.1 478.0 Rio_Grande_do_Sul DCRS -999.9 0.0 35.0 250.4 250.4 249.99 1 0.03 250.41 250.54 250.54 250.65
-28.939899 -51.188499 DCRS-00087 2026-07-20_14:41 20.3 -999.9 -999.9 89.0 -999.9 -999.9 18.4 -999.9 -999.9 972.0 -999.9 -999.9 0.0 -999.9 5.2 154.0 0.0 35.0 35.0 35.0 35.2 35.4 20.6 16.5 95.9 74.5 24.3 DCRS_-_Antônio_Prado/Flores_da_Cunha_(292_m) -999.9 -999.9 979.1 971.9 972.0 19.0 15.1 478.0 Rio_Grande_do_Sul DCRS -999.9 0.0 35.0 250.4 250.4 249.99 1 0.03 250.41 250.54 250.54 250.65
-28.939899 -51.188499 DCRS-00087 2026-07-20_14:42 20.4 -999.9 -999.9 87.8 -999.9 -999.9 18.3 -999.9 -999.9 972.1 -999.9 -999.9 -999.9 -999.9 5.2 180.0 0.0 35.0 35.0 35.0 35.2 35.4 20.6 16.5 95.9 74.5 24.3 DCRS_-_Antônio_Prado/Flores_da_Cunha_(292_m) -999.9 -999.9 979.1 971.9 972.1 19.0 15.1 478.0 Rio_Grande_do_Sul DCRS -999.9 0.0 35.0 250.41 250.41 249.99 1 0.04 250.41 250.54 250.54 250.65
-28.939899 -51.188499 DCRS-00087 2026-07-20_14:43 20.5 -999.9 -999.9 87.7 -999.9 -999.9 18.4 -999.9 -999.9 972.0 -999.9 -999.9 0.0 -999.9 5.2 285.0 0.0 35.0 35.0 35.0 35.2 35.4 20.6 16.5 95.9 74.5 24.3 DCRS_-_Antônio_Prado/Flores_da_Cunha_(292_m) -999.9 -999.9 979.1 971.9 972.0 19.0 15.1 478.0 Rio_Grande_do_Sul DCRS -999.9 0.0 35.0 250.41 250.41 249.99 1 0.04 250.41 250.54 250.54 250.65
-28.939899 -51.188499 DCRS-00087 2026-07-20_14:44 20.5 -999.9 -999.9 87.7 -999.9 -999.9 18.4 -999.9 -999.9 972.0 -999.9 -999.9 4.4 -999.9 5.2 254.0 0.0 35.0 35.0 35.0 35.2 35.4 20.6 16.5 95.9 74.5 24.3 DCRS_-_Antônio_Prado/Flores_da_Cunha_(292_m) -999.9 -999.9 979.1 971.9 972.0 19.0 15.1 478.0 Rio_Grande_do_Sul DCRS -999.9 0.0 35.0 250.4 250.41 249.99 1 0.02 250.41 250.54 250.54 250.65
-28.939899 -51.188499 DCRS-00087 2026-07-20_14:45 20.7 -999.9 -999.9 90.4 -999.9 -999.9 19.1 -999.9 -999.9 971.9 -999.9 -999.9 2.8 -999.9 7.3 405.0 0.0 35.0 35.0 35.0 35.2 35.4 20.7 16.5 95.9 74.5 24.3 DCRS_-_Antônio_Prado/Flores_da_Cunha_(292_m) -999.9 -999.9 979.1 971.9 971.9 19.1 15.1 478.0 Rio_Grande_do_Sul DCRS -999.9 0.0 35.0 250.4 250.41 249.99 1 0.03 250.41 250.54 250.54 250.65
-28.939899 -51.188499 DCRS-00087 2026-07-20_14:46 20.7 -999.9 -999.9 91.0 -999.9 -999.9 19.2 -999.9 -999.9 971.8 -999.9 -999.9 2.4 -999.9 7.3 436.0 0.0 35.0 35.0 35.0 35.2 35.4 20.7 16.5 95.9 74.5 24.3 DCRS_-_Antônio_Prado/Flores_da_Cunha_(292_m) -999.9 -999.9 979.1 971.8 971.8 19.2 15.1 478.0 Rio_Grande_do_Sul DCRS -999.9 0.0 35.0 250.4 250.41 249.99 1 0.03 250.41 250.54 250.54 250.65
-28.939899 -51.188499 DCRS-00087 2026-07-20_14:47 20.9 -999.9 -999.9 91.8 -999.9 -999.9 19.5 -999.9 -999.9 971.9 -999.9 -999.9 3.5 -999.9 7.3 303.0 0.0 35.0 35.0 35.0 35.2 35.4 20.9 16.5 95.9 74.5 24.3 DCRS_-_Antônio_Prado/Flores_da_Cunha_(292_m) -999.9 -999.9 979.1 971.8 971.9 19.5 15.1 478.0 Rio_Grande_do_Sul DCRS -999.9 0.0 35.0 250.4 250.41 249.99 1 0.03 250.41 250.54 250.54 250.65
-28.939899 -51.188499 DCRS-00087 2026-07-20_14:48 21.0 -999.9 -999.9 90.3 -999.9 -999.9 19.3 -999.9 -999.9 971.9 -999.9 -999.9 0.0 -999.9 7.3 373.0 0.0 35.0 35.0 35.0 35.2 35.4 21.0 16.5 95.9 74.5 24.3 DCRS_-_Antônio_Prado/Flores_da_Cunha_(292_m) -999.9 -999.9 979.1 971.8 971.9 19.5 15.1 478.0 Rio_Grande_do_Sul DCRS -999.9 0.0 35.0 250.41 250.41 249.99 1 0.04 250.41 250.54 250.54 250.65
-28.939899 -51.188499 DCRS-00087 2026-07-20_14:49 21.2 -999.9 -999.9 90.3 -999.9 -999.9 19.5 -999.9 -999.9 971.9 -999.9 -999.9 0.0 -999.9 7.3 211.0 0.0 35.0 35.0 35.0 35.2 35.4 21.2 16.5 95.9 74.5 24.3 DCRS_-_Antônio_Prado/Flores_da_Cunha_(292_m) -999.9 -999.9 979.1 971.8 971.9 19.5 15.1 478.0 Rio_Grande_do_Sul DCRS -999.9 0.0 35.0 250.4 250.41 249.99 1 0.02 250.41 250.54 250.54 250.65
-28.939899 -51.188499 DCRS-00087 2026-07-20_14:50 21.4 -999.9 -999.9 88.6 -999.9 -999.9 19.4 -999.9 -999.9 971.8 -999.9 -999.9 3.4 -999.9 5.8 203.0 0.0 35.0 35.0 35.0 35.2 35.4 21.4 16.5 95.9 74.5 24.3 DCRS_-_Antônio_Prado/Flores_da_Cunha_(292_m) -999.9 -999.9 979.1 971.8 971.8 19.5 15.1 478.0 Rio_Grande_do_Sul DCRS -999.9 0.0 35.0 250.41 250.41 249.99 1 0.04 250.41 250.54 250.54 250.65
-28.939899 -51.188499 DCRS-00087 2026-07-20_14:51 21.5 -999.9 -999.9 86.4 -999.9 -999.9 19.1 -999.9 -999.9 971.8 -999.9 -999.9 5.1 -999.9 5.8 197.0 0.0 35.0 35.0 35.0 35.2 35.4 21.5 16.5 95.9 74.5 24.3 DCRS_-_Antônio_Prado/Flores_da_Cunha_(292_m) -999.9 -999.9 979.1 971.8 971.8 19.5 15.1 478.0 Rio_Grande_do_Sul DCRS -999.9 0.0 35.0 250.4 250.41 249.99 1 0.03 250.41 250.54 250.54 250.65
-28.939899 -51.188499 DCRS-00087 2026-07-20_14:52 21.5 -999.9 -999.9 85.3 -999.9 -999.9 18.9 -999.9 -999.9 971.7 -999.9 -999.9 4.0 -999.9 5.8 160.0 0.0 35.0 35.0 35.0 35.2 35.4 21.5 16.5 95.9 74.5 24.3 DCRS_-_Antônio_Prado/Flores_da_Cunha_(292_m) -999.9 -999.9 979.1 971.7 971.7 19.5 15.1 478.0 Rio_Grande_do_Sul DCRS -999.9 0.0 35.0 250.41 250.41 249.99 1 0.03 250.41 250.54 250.54 250.65
-28.939899 -51.188499 DCRS-00087 2026-07-20_14:53 21.5 -999.9 -999.9 88.5 -999.9 -999.9 19.5 -999.9 -999.9 971.7 -999.9 -999.9 0.0 -999.9 5.8 289.0 0.0 35.0 35.0 35.0 35.2 35.4 21.5 16.5 95.9 74.5 24.3 DCRS_-_Antônio_Prado/Flores_da_Cunha_(292_m) -999.9 -999.9 979.1 971.7 971.7 19.5 15.1 478.0 Rio_Grande_do_Sul DCRS -999.9 0.0 35.0 250.41 250.41 249.99 1 0.03 250.41 250.54 250.54 250.65
-28.939899 -51.188499 DCRS-00087 2026-07-20_14:54 21.6 -999.9 -999.9 89.2 -999.9 -999.9 19.7 -999.9 -999.9 971.7 -999.9 -999.9 0.0 -999.9 5.8 279.0 0.0 35.0 35.0 35.0 35.2 35.4 21.6 16.5 95.9 74.5 24.3 DCRS_-_Antônio_Prado/Flores_da_Cunha_(292_m) -999.9 -999.9 979.1 971.7 971.7 19.7 15.1 478.0 Rio_Grande_do_Sul DCRS -999.9 0.0 35.0 250.41 250.41 249.99 1 0.04 250.41 250.54 250.54 250.65
-28.939899 -51.188499 DCRS-00087 2026-07-20_14:55 21.6 -999.9 -999.9 89.5 -999.9 -999.9 19.8 -999.9 -999.9 971.8 -999.9 -999.9 0.0 -999.9 5.9 138.0 0.0 35.0 35.0 35.0 35.2 35.4 21.6 16.5 95.9 74.5 24.3 DCRS_-_Antônio_Prado/Flores_da_Cunha_(292_m) -999.9 -999.9 979.1 971.7 971.8 19.8 15.1 478.0 Rio_Grande_do_Sul DCRS -999.9 0.0 35.0 250.41 250.41 249.99 1 0.03 250.41 250.54 250.54 250.65
-28.939899 -51.188499 DCRS-00087 2026-07-20_14:56 21.7 -999.9 -999.9 88.7 -999.9 -999.9 19.7 -999.9 -999.9 971.8 -999.9 -999.9 0.0 -999.9 5.9 178.0 0.0 35.0 35.0 35.0 35.2 35.4 21.7 16.5 95.9 74.5 24.3 DCRS_-_Antônio_Prado/Flores_da_Cunha_(292_m) -999.9 -999.9 979.1 971.7 971.8 19.8 15.1 478.0 Rio_Grande_do_Sul DCRS -999.9 0.0 35.0 250.41 250.41 249.99 1 0.03 250.41 250.54 250.54 250.65
-28.939899 -51.188499 DCRS-00087 2026-07-20_14:57 21.8 -999.9 -999.9 86.8 -999.9 -999.9 19.5 -999.9 -999.9 971.7 -999.9 -999.9 0.0 -999.9 5.9 168.0 0.0 35.0 35.0 35.0 35.2 35.4 21.8 16.5 95.9 74.5 24.3 DCRS_-_Antônio_Prado/Flores_da_Cunha_(292_m) -999.9 -999.9 979.1 971.7 971.7 19.8 15.1 478.0 Rio_Grande_do_Sul DCRS -999.9 0.0 35.0 250.41 250.41 249.99 1 0.03 250.41 250.54 250.54 250.65
-28.939899 -51.188499 DCRS-00087 2026-07-20_14:58 21.8 -999.9 -999.9 86.2 -999.9 -999.9 19.4 -999.9 -999.9 971.7 -999.9 -999.9 0.0 -999.9 5.9 215.0 0.0 35.0 35.0 35.0 35.2 35.4 21.8 16.5 95.9 74.5 24.3 DCRS_-_Antônio_Prado/Flores_da_Cunha_(292_m) -999.9 -999.9 979.1 971.7 971.7 19.8 15.1 478.0 Rio_Grande_do_Sul DCRS -999.9 0.0 35.0 250.41 250.41 249.99 1 0.04 250.41 250.54 250.54 250.65
-28.939899 -51.188499 DCRS-00087 2026-07-20_14:59 21.9 -999.9 -999.9 85.7 -999.9 -999.9 19.4 -999.9 -999.9 971.7 -999.9 -999.9 2.2 -999.9 5.9 315.0 0.0 35.0 35.0 35.0 35.2 35.4 21.9 16.5 95.9 74.5 24.3 DCRS_-_Antônio_Prado/Flores_da_Cunha_(292_m) -999.9 -999.9 979.1 971.7 971.7 19.8 15.1 478.0 Rio_Grande_do_Sul DCRS -999.9 0.0 35.0 250.41 250.41 249.99 1 0.03 250.41 250.54 250.54 250.65
-28.939899 -51.188499 DCRS-00087 2026-07-20_15:00 22.0 -999.9 -999.9 86.2 -999.9 -999.9 19.6 -999.9 -999.9 971.7 -999.9 -999.9 0.0 -999.9 3.6 201.0 0.0 35.0 35.0 35.0 35.2 35.4 22.0 16.5 95.9 74.5 24.3 DCRS_-_Antônio_Prado/Flores_da_Cunha_(292_m) -999.9 -999.9 979.1 971.7 971.7 19.8 15.1 478.0 Rio_Grande_do_Sul DCRS -999.9 0.0 35.0 250.41 250.41 249.99 1 0.03 250.41 250.54 250.54 250.65
-28.939899 -51.188499 DCRS-00087 2026-07-20_15:01 22.1 -999.9 -999.9 86.3 -999.9 -999.9 19.7 -999.9 -999.9 971.7 -999.9 -999.9 0.0 -999.9 3.6 168.0 0.0 35.0 35.0 35.0 35.2 35.4 22.1 16.5 95.9 74.5 24.3 DCRS_-_Antônio_Prado/Flores_da_Cunha_(292_m) -999.9 -999.9 979.1 971.7 971.7 19.8 15.1 478.0 Rio_Grande_do_Sul DCRS -999.9 0.0 35.0 250.4 250.41 249.99 1 0.02 250.41 250.54 250.54 250.65
-28.939899 -51.188499 DCRS-00087 2026-07-20_15:02 22.2 -999.9 -999.9 84.8 -999.9 -999.9 19.5 -999.9 -999.9 971.7 -999.9 -999.9 2.0 -999.9 3.6 129.0 0.0 35.0 35.0 35.0 35.2 35.4 22.2 16.5 95.9 74.5 24.3 DCRS_-_Antônio_Prado/Flores_da_Cunha_(292_m) -999.9 -999.9 979.1 971.7 971.7 19.8 15.1 478.0 Rio_Grande_do_Sul DCRS -999.9 0.0 35.0 250.41 250.41 249.99 1 0.03 250.41 250.54 250.54 250.65
-28.939899 -51.188499 DCRS-00087 2026-07-20_15:03 22.2 -999.9 -999.9 85.0 -999.9 -999.9 19.5 -999.9 -999.9 971.6 -999.9 -999.9 2.3 -999.9 3.6 263.0 0.0 35.0 35.0 35.0 35.2 35.4 22.2 16.5 95.9 74.5 24.3 DCRS_-_Antônio_Prado/Flores_da_Cunha_(292_m) -999.9 -999.9 979.1 971.6 971.6 19.8 15.1 478.0 Rio_Grande_do_Sul DCRS -999.9 0.0 35.0 250.41 250.41 249.99 1 0.03 250.41 250.54 250.54 250.65
-28.939899 -51.188499 DCRS-00087 2026-07-20_15:04 22.2 -999.9 -999.9 86.1 -999.9 -999.9 19.8 -999.9 -999.9 971.6 -999.9 -999.9 0.0 -999.9 3.6 240.0 0.0 35.0 35.0 35.0 35.2 35.4 22.2 16.5 95.9 74.5 24.3 DCRS_-_Antônio_Prado/Flores_da_Cunha_(292_m) -999.9 -999.9 979.1 971.6 971.6 19.8 15.1 478.0 Rio_Grande_do_Sul DCRS -999.9 0.0 35.0 250.41 250.41 249.99 1 0.03 250.41 250.54 250.54 250.65
-28.939899 -51.188499 DCRS-00087 2026-07-20_15:05 22.2 -999.9 -999.9 85.1 -999.9 -999.9 19.6 -999.9 -999.9 971.6 -999.9 -999.9 3.0 -999.9 5.9 233.0 0.0 35.0 35.0 35.0 35.2 35.4 22.2 16.5 95.9 74.5 24.3 DCRS_-_Antônio_Prado/Flores_da_Cunha_(292_m) -999.9 -999.9 979.1 971.6 971.6 19.8 15.1 478.0 Rio_Grande_do_Sul DCRS -999.9 0.0 35.0 250.41 250.41 249.99 1 0.03 250.41 250.54 250.54 250.65
-28.939899 -51.188499 DCRS-00087 2026-07-20_15:06 22.3 -999.9 -999.9 84.4 -999.9 -999.9 19.5 -999.9 -999.9 971.7 -999.9 -999.9 0.0 -999.9 5.9 146.0 0.0 35.0 35.0 35.0 35.2 35.4 22.3 16.5 95.9 74.5 24.3 DCRS_-_Antônio_Prado/Flores_da_Cunha_(292_m) -999.9 -999.9 979.1 971.6 971.7 19.8 15.1 478.0 Rio_Grande_do_Sul DCRS -999.9 0.0 35.0 250.41 250.41 249.99 1 0.03 250.41 250.54 250.54 250.65
-28.939899 -51.188499 DCRS-00087 2026-07-20_15:07 22.3 -999.9 -999.9 84.0 -999.9 -999.9 19.5 -999.9 -999.9 971.7 -999.9 -999.9 0.0 -999.9 5.9 145.0 0.0 35.0 35.0 35.0 35.2 35.4 22.3 16.5 95.9 74.5 24.3 DCRS_-_Antônio_Prado/Flores_da_Cunha_(292_m) -999.9 -999.9 979.1 971.6 971.7 19.8 15.1 478.0 Rio_Grande_do_Sul DCRS -999.9 0.0 35.0 250.41 250.41 249.99 1 0.03 250.41 250.54 250.54 250.65
-28.939899 -51.188499 DCRS-00087 2026-07-20_15:08 22.3 -999.9 -999.9 83.5 -999.9 -999.9 19.4 -999.9 -999.9 971.7 -999.9 -999.9 0.0 -999.9 5.9 168.0 0.0 35.0 35.0 35.0 35.2 35.4 22.3 16.5 95.9 74.5 24.3 DCRS_-_Antônio_Prado/Flores_da_Cunha_(292_m) -999.9 -999.9 979.1 971.6 971.7 19.8 15.1 478.0 Rio_Grande_do_Sul DCRS -999.9 0.0 35.0 250.41 250.41 249.99 1 0.03 250.41 250.54 250.54 250.65
-28.939899 -51.188499 DCRS-00087 2026-07-20_15:09 22.3 -999.9 -999.9 83.3 -999.9 -999.9 19.3 -999.9 -999.9 971.6 -999.9 -999.9 3.4 -999.9 5.9 155.0 0.0 35.0 35.0 35.0 35.2 35.4 22.3 16.5 95.9 74.5 24.3 DCRS_-_Antônio_Prado/Flores_da_Cunha_(292_m) -999.9 -999.9 979.1 971.6 971.6 19.8 15.1 478.0 Rio_Grande_do_Sul DCRS -999.9 0.0 35.0 250.41 250.41 249.99 1 0.03 250.41 250.54 250.54 250.65
-28.939899 -51.188499 DCRS-00087 2026-07-20_15:10 22.3 -999.9 -999.9 83.1 -999.9 -999.9 19.3 -999.9 -999.9 971.6 -999.9 -999.9 1.9 -999.9 3.7 123.0 0.0 35.0 35.0 35.0 35.2 35.4 22.3 16.5 95.9 74.5 24.3 DCRS_-_Antônio_Prado/Flores_da_Cunha_(292_m) -999.9 -999.9 979.1 971.6 971.6 19.8 15.1 478.0 Rio_Grande_do_Sul DCRS -999.9 0.0 35.0 250.41 250.41 249.99 1 0.03 250.41 250.54 250.54 250.65
-28.939899 -51.188499 DCRS-00087 2026-07-20_15:11 22.2 -999.9 -999.9 83.7 -999.9 -999.9 19.3 -999.9 -999.9 971.6 -999.9 -999.9 2.0 -999.9 3.7 107.0 0.0 35.0 35.0 35.0 35.2 35.4 22.3 16.5 95.9 74.5 24.3 DCRS_-_Antônio_Prado/Flores_da_Cunha_(292_m) -999.9 -999.9 979.1 971.6 971.6 19.8 15.1 478.0 Rio_Grande_do_Sul DCRS -999.9 0.0 35.0 250.41 250.41 249.99 1 0.03 250.41 250.54 250.54 250.65
-28.939899 -51.188499 DCRS-00087 2026-07-20_15:12 22.3 -999.9 -999.9 85.0 -999.9 -999.9 19.6 -999.9 -999.9 971.6 -999.9 -999.9 0.0 -999.9 3.7 266.0 0.0 35.0 35.0 35.0 35.2 35.4 22.3 16.5 95.9 74.5 24.3 DCRS_-_Antônio_Prado/Flores_da_Cunha_(292_m) -999.9 -999.9 979.1 971.6 971.6 19.8 15.1 478.0 Rio_Grande_do_Sul DCRS -999.9 0.0 35.0 250.41 250.41 249.99 1 0.03 250.41 250.54 250.54 250.65
-28.939899 -51.188499 DCRS-00087 2026-07-20_15:13 22.3 -999.9 -999.9 83.5 -999.9 -999.9 19.4 -999.9 -999.9 971.6 -999.9 -999.9 0.0 -999.9 3.7 268.0 0.0 35.0 35.0 35.0 35.2 35.4 22.3 16.5 95.9 74.5 24.3 DCRS_-_Antônio_Prado/Flores_da_Cunha_(292_m) -999.9 -999.9 979.1 971.6 971.6 19.8 15.1 478.0 Rio_Grande_do_Sul DCRS -999.9 0.0 35.0 250.41 250.41 249.99 1 0.03 250.41 250.54 250.54 250.65
-28.939899 -51.188499 DCRS-00087 2026-07-20_15:14 22.4 -999.9 -999.9 82.8 -999.9 -999.9 19.3 -999.9 -999.9 971.6 -999.9 -999.9 0.0 -999.9 3.7 174.0 0.0 35.0 35.0 35.0 35.2 35.4 22.4 16.5 95.9 74.5 24.3 DCRS_-_Antônio_Prado/Flores_da_Cunha_(292_m) -999.9 -999.9 979.1 971.6 971.6 19.8 15.1 478.0 Rio_Grande_do_Sul DCRS -999.9 0.0 35.0 250.41 250.41 249.99 1 0.03 250.41 250.54 250.54 250.65
-28.939899 -51.188499 DCRS-00087 2026-07-20_15:15 22.5 -999.9 -999.9 82.6 -999.9 -999.9 19.4 -999.9 -999.9 971.5 -999.9 -999.9 0.0 -999.9 4.3 227.0 0.0 35.0 35.0 35.0 35.2 35.4 22.5 16.5 95.9 74.5 24.3 DCRS_-_Antônio_Prado/Flores_da_Cunha_(292_m) -999.9 -999.9 979.1 971.5 971.5 19.8 15.1 478.0 Rio_Grande_do_Sul DCRS -999.9 0.0 35.0 250.41 250.41 249.99 1 0.03 250.41 250.54 250.54 250.65
-28.939899 -51.188499 DCRS-00087 2026-07-20_15:16 22.5 -999.9 -999.9 82.0 -999.9 -999.9 19.3 -999.9 -999.9 971.4 -999.9 -999.9 2.2 -999.9 4.3 200.0 0.0 35.0 35.0 35.0 35.2 35.4 22.5 16.5 95.9 74.5 24.3 DCRS_-_Antônio_Prado/Flores_da_Cunha_(292_m) -999.9 -999.9 979.1 971.4 971.4 19.8 15.1 478.0 Rio_Grande_do_Sul DCRS -999.9 0.0 35.0 250.41 250.41 249.99 1 0.03 250.41 250.54 250.54 250.65
-28.939899 -51.188499 DCRS-00087 2026-07-20_15:17 22.5 -999.9 -999.9 83.3 -999.9 -999.9 19.5 -999.9 -999.9 971.3 -999.9 -999.9 4.2 -999.9 4.3 133.0 0.0 35.0 35.0 35.0 35.2 35.4 22.5 16.5 95.9 74.5 24.3 DCRS_-_Antônio_Prado/Flores_da_Cunha_(292_m) -999.9 -999.9 979.1 971.3 971.3 19.8 15.1 478.0 Rio_Grande_do_Sul DCRS -999.9 0.0 35.0 250.41 250.41 249.99 1 0.03 250.41 250.54 250.54 250.65
-28.939899 -51.188499 DCRS-00087 2026-07-20_15:18 22.4 -999.9 -999.9 83.0 -999.9 -999.9 19.4 -999.9 -999.9 971.3 -999.9 -999.9 3.7 -999.9 4.3 65.0 0.0 35.0 35.0 35.0 35.2 35.4 22.5 16.5 95.9 74.5 24.3 DCRS_-_Antônio_Prado/Flores_da_Cunha_(292_m) -999.9 -999.9 979.1 971.3 971.3 19.8 15.1 478.0 Rio_Grande_do_Sul DCRS -999.9 0.0 35.0 250.41 250.41 249.99 1 0.03 250.41 250.54 250.54 250.65
-28.939899 -51.188499 DCRS-00087 2026-07-20_15:19 22.3 -999.9 -999.9 82.5 -999.9 -999.9 19.2 -999.9 -999.9 971.5 -999.9 -999.9 0.0 -999.9 4.3 63.0 0.0 35.0 35.0 35.0 35.2 35.4 22.5 16.5 95.9 74.5 24.3 DCRS_-_Antônio_Prado/Flores_da_Cunha_(292_m) -999.9 -999.9 979.1 971.3 971.5 19.8 15.1 478.0 Rio_Grande_do_Sul DCRS -999.9 0.0 35.0 250.41 250.41 249.99 1 0.03 250.41 250.54 250.54 250.65
-28.939899 -51.188499 DCRS-00087 2026-07-20_15:20 22.3 -999.9 -999.9 83.0 -999.9 -999.9 19.3 -999.9 -999.9 971.6 -999.9 -999.9 0.0 -999.9 4.9 61.0 0.0 35.0 35.0 35.0 35.2 35.4 22.5 16.5 95.9 74.5 24.3 DCRS_-_Antônio_Prado/Flores_da_Cunha_(292_m) -999.9 -999.9 979.1 971.3 971.6 19.8 15.1 478.0 Rio_Grande_do_Sul DCRS -999.9 0.0 35.0 250.41 250.41 249.99 1 0.03 250.41 250.54 250.54 250.65
-28.939899 -51.188499 DCRS-00087 2026-07-20_15:21 22.3 -999.9 -999.9 83.9 -999.9 -999.9 19.4 -999.9 -999.9 971.4 -999.9 -999.9 2.4 -999.9 4.9 64.0 0.0 35.0 35.0 35.0 35.2 35.4 22.5 16.5 95.9 74.5 24.3 DCRS_-_Antônio_Prado/Flores_da_Cunha_(292_m) -999.9 -999.9 979.1 971.3 971.4 19.8 15.1 478.0 Rio_Grande_do_Sul DCRS -999.9 0.0 35.0 250.41 250.41 249.99 1 0.03 250.41 250.54 250.54 250.65
-28.939899 -51.188499 DCRS-00087 2026-07-20_15:22 22.2 -999.9 -999.9 82.3 -999.9 -999.9 19.0 -999.9 -999.9 971.3 -999.9 -999.9 2.4 -999.9 4.9 95.0 0.0 35.0 35.0 35.0 35.2 35.4 22.5 16.5 95.9 74.5 24.3 DCRS_-_Antônio_Prado/Flores_da_Cunha_(292_m) -999.9 -999.9 979.1 971.3 971.3 19.8 15.1 478.0 Rio_Grande_do_Sul DCRS -999.9 0.0 35.0 250.41 250.41 249.99 1 0.03 250.41 250.54 250.54 250.65
-28.939899 -51.188499 DCRS-00087 2026-07-20_15:23 22.2 -999.9 -999.9 82.8 -999.9 -999.9 19.1 -999.9 -999.9 971.4 -999.9 -999.9 0.0 -999.9 4.9 133.0 0.0 35.0 35.0 35.0 35.2 35.4 22.5 16.5 95.9 74.5 24.3 DCRS_-_Antônio_Prado/Flores_da_Cunha_(292_m) -999.9 -999.9 979.1 971.3 971.4 19.8 15.1 478.0 Rio_Grande_do_Sul DCRS -999.9 0.0 35.0 250.41 250.41 249.99 1 0.03 250.41 250.54 250.54 250.65
-28.939899 -51.188499 DCRS-00087 2026-07-20_15:24 22.1 -999.9 -999.9 83.3 -999.9 -999.9 19.1 -999.9 -999.9 971.4 -999.9 -999.9 1.9 -999.9 4.9 83.0 0.0 35.0 35.0 35.0 35.2 35.4 22.5 16.5 95.9 74.5 24.3 DCRS_-_Antônio_Prado/Flores_da_Cunha_(292_m) -999.9 -999.9 979.1 971.3 971.4 19.8 15.1 478.0 Rio_Grande_do_Sul DCRS -999.9 0.0 35.0 250.41 250.41 249.99 1 0.03 250.41 250.54 250.54 250.65
-28.939899 -51.188499 DCRS-00087 2026-07-20_15:25 22.1 -999.9 -999.9 83.6 -999.9 -999.9 19.2 -999.9 -999.9 971.3 -999.9 -999.9 3.2 -999.9 3.8 88.0 0.0 35.0 35.0 35.0 35.2 35.4 22.5 16.5 95.9 74.5 24.3 DCRS_-_Antônio_Prado/Flores_da_Cunha_(292_m) -999.9 -999.9 979.1 971.3 971.3 19.8 15.1 478.0 Rio_Grande_do_Sul DCRS -999.9 0.0 35.0 250.41 250.41 249.99 1 0.01 250.41 250.54 250.54 250.65
-28.939899 -51.188499 DCRS-00087 2026-07-20_15:26 22.0 -999.9 -999.9 82.9 -999.9 -999.9 18.9 -999.9 -999.9 971.3 -999.9 -999.9 2.1 -999.9 3.8 189.0 0.0 35.0 35.0 35.0 35.2 35.4 22.5 16.5 95.9 74.5 24.3 DCRS_-_Antônio_Prado/Flores_da_Cunha_(292_m) -999.9 -999.9 979.1 971.3 971.3 19.8 15.1 478.0 Rio_Grande_do_Sul DCRS -999.9 0.0 35.0 250.41 250.41 249.99 1 0.01 250.41 250.54 250.54 250.65
-28.939899 -51.188499 DCRS-00087 2026-07-20_15:27 22.0 -999.9 -999.9 83.4 -999.9 -999.9 19.0 -999.9 -999.9 971.2 -999.9 -999.9 0.0 -999.9 3.8 205.0 0.0 35.0 35.0 35.0 35.2 35.4 22.5 16.5 95.9 74.5 24.3 DCRS_-_Antônio_Prado/Flores_da_Cunha_(292_m) -999.9 -999.9 979.1 971.2 971.2 19.8 15.1 478.0 Rio_Grande_do_Sul DCRS -999.9 0.0 35.0 250.41 250.41 249.99 1 0.01 250.41 250.54 250.54 250.65
-28.939899 -51.188499 DCRS-00087 2026-07-20_15:28 22.0 -999.9 -999.9 84.2 -999.9 -999.9 19.2 -999.9 -999.9 971.2 -999.9 -999.9 0.0 -999.9 3.8 147.0 0.0 35.0 35.0 35.0 35.2 35.4 22.5 16.5 95.9 74.5 24.3 DCRS_-_Antônio_Prado/Flores_da_Cunha_(292_m) -999.9 -999.9 979.1 971.2 971.2 19.8 15.1 478.0 Rio_Grande_do_Sul DCRS -999.9 0.0 35.0 250.41 250.41 249.99 1 0.01 250.41 250.54 250.54 250.65
-28.939899 -51.188499 DCRS-00087 2026-07-20_15:29 22.1 -999.9 -999.9 83.5 -999.9 -999.9 19.2 -999.9 -999.9 971.3 -999.9 -999.9 0.0 -999.9 3.8 179.0 0.0 35.0 35.0 35.0 35.2 35.4 22.5 16.5 95.9 74.5 24.3 DCRS_-_Antônio_Prado/Flores_da_Cunha_(292_m) -999.9 -999.9 979.1 971.2 971.3 19.8 15.1 478.0 Rio_Grande_do_Sul DCRS -999.9 0.0 35.0 250.41 250.41 249.99 1 0.01 250.41 250.54 250.54 250.65
-28.939899 -51.188499 DCRS-00087 2026-07-20_15:30 22.1 -999.9 -999.9 82.8 -999.9 -999.9 19.0 -999.9 -999.9 971.3 -999.9 -999.9 3.0 -999.9 3.9 146.0 0.0 35.0 35.0 35.0 35.2 35.4 22.5 16.5 95.9 74.5 24.3 DCRS_-_Antônio_Prado/Flores_da_Cunha_(292_m) -999.9 -999.9 979.1 971.2 971.3 19.8 15.1 478.0 Rio_Grande_do_Sul DCRS -999.9 0.0 35.0 250.41 250.41 249.99 1 0.01 250.41 250.54 250.54 250.65
-28.939899 -51.188499 DCRS-00087 2026-07-20_15:31 22.2 -999.9 -999.9 82.9 -999.9 -999.9 19.1 -999.9 -999.9 971.2 -999.9 -999.9 0.0 -999.9 3.9 179.0 0.0 35.0 35.0 35.0 35.2 35.4 22.5 16.5 95.9 74.5 24.3 DCRS_-_Antônio_Prado/Flores_da_Cunha_(292_m) -999.9 -999.9 979.1 971.2 971.2 19.8 15.1 478.0 Rio_Grande_do_Sul DCRS -999.9 0.0 35.0 250.41 250.41 249.99 1 0.01 250.41 250.54 250.54 250.65
-28.939899 -51.188499 DCRS-00087 2026-07-20_15:32 22.2 -999.9 -999.9 82.5 -999.9 -999.9 19.1 -999.9 -999.9 971.1 -999.9 -999.9 0.0 -999.9 3.9 213.0 0.0 35.0 35.0 35.0 35.2 35.4 22.5 16.5 95.9 74.5 24.3 DCRS_-_Antônio_Prado/Flores_da_Cunha_(292_m) -999.9 -999.9 979.1 971.1 971.1 19.8 15.1 478.0 Rio_Grande_do_Sul DCRS -999.9 0.0 35.0 250.41 250.41 249.99 1 0.01 250.41 250.54 250.54 250.65
-28.939899 -51.188499 DCRS-00087 2026-07-20_15:33 22.3 -999.9 -999.9 83.9 -999.9 -999.9 19.4 -999.9 -999.9 971.3 -999.9 -999.9 0.0 -999.9 3.9 188.0 0.0 35.0 35.0 35.0 35.2 35.4 22.5 16.5 95.9 74.5 24.3 DCRS_-_Antônio_Prado/Flores_da_Cunha_(292_m) -999.9 -999.9 979.1 971.1 971.3 19.8 15.1 478.0 Rio_Grande_do_Sul DCRS -999.9 0.0 35.0 250.41 250.41 249.99 1 0.01 250.41 250.54 250.54 250.65
-28.939899 -51.188499 DCRS-00087 2026-07-20_15:34 22.3 -999.9 -999.9 83.5 -999.9 -999.9 19.4 -999.9 -999.9 971.4 -999.9 -999.9 0.0 -999.9 3.9 118.0 0.0 35.0 35.0 35.0 35.2 35.4 22.5 16.5 95.9 74.5 24.3 DCRS_-_Antônio_Prado/Flores_da_Cunha_(292_m) -999.9 -999.9 979.1 971.1 971.4 19.8 15.1 478.0 Rio_Grande_do_Sul DCRS -999.9 0.0 35.0 250.41 250.41 249.99 1 0.01 250.41 250.54 250.54 250.65
-28.939899 -51.188499 DCRS-00087 2026-07-20_15:35 22.5 -999.9 -999.9 82.8 -999.9 -999.9 19.4 -999.9 -999.9 971.4 -999.9 -999.9 0.0 -999.9 3.6 98.0 0.0 35.0 35.0 35.0 35.2 35.4 22.5 16.5 95.9 74.5 24.3 DCRS_-_Antônio_Prado/Flores_da_Cunha_(292_m) -999.9 -999.9 979.1 971.1 971.4 19.8 15.1 478.0 Rio_Grande_do_Sul DCRS -999.9 0.0 35.0 250.41 250.41 249.99 1 0.01 250.41 250.54 250.54 250.65
-28.939899 -51.188499 DCRS-00087 2026-07-20_15:36 22.6 -999.9 -999.9 81.8 -999.9 -999.9 19.3 -999.9 -999.9 971.3 -999.9 -999.9 1.9 -999.9 3.6 85.0 0.0 35.0 35.0 35.0 35.2 35.4 22.6 16.5 95.9 74.5 24.3 DCRS_-_Antônio_Prado/Flores_da_Cunha_(292_m) -999.9 -999.9 979.1 971.1 971.3 19.8 15.1 478.0 Rio_Grande_do_Sul DCRS -999.9 0.0 35.0 250.41 250.41 249.99 0 0.01 250.41 250.54 250.54 250.65
-28.939899 -51.188499 DCRS-00087 2026-07-20_15:37 22.6 -999.9 -999.9 82.5 -999.9 -999.9 19.5 -999.9 -999.9 971.3 -999.9 -999.9 -999.9 -999.9 3.6 72.0 0.0 35.0 35.0 35.0 35.2 35.4 22.6 16.5 95.9 74.5 24.3 DCRS_-_Antônio_Prado/Flores_da_Cunha_(292_m) -999.9 -999.9 979.1 971.1 971.3 19.8 15.1 478.0 Rio_Grande_do_Sul DCRS -999.9 0.0 35.0 250.43 250.43 249.99 0 0.03 250.43 250.54 250.54 250.65
-28.939899 -51.188499 DCRS-00087 2026-07-20_15:38 22.5 -999.9 -999.9 82.9 -999.9 -999.9 19.4 -999.9 -999.9 971.3 -999.9 -999.9 0.0 -999.9 3.6 65.0 0.0 35.0 35.0 35.0 35.2 35.4 22.6 16.5 95.9 74.5 24.3 DCRS_-_Antônio_Prado/Flores_da_Cunha_(292_m) -999.9 -999.9 979.1 971.1 971.3 19.8 15.1 478.0 Rio_Grande_do_Sul DCRS -999.9 0.0 35.0 250.43 250.43 249.99 1 0.03 250.43 250.54 250.54 250.65
-28.939899 -51.188499 DCRS-00087 2026-07-20_15:39 22.4 -999.9 -999.9 83.7 -999.9 -999.9 19.5 -999.9 -999.9 971.4 -999.9 -999.9 0.0 -999.9 3.6 60.0 0.0 35.0 35.0 35.0 35.2 35.4 22.6 16.5 95.9 74.5 24.3 DCRS_-_Antônio_Prado/Flores_da_Cunha_(292_m) -999.9 -999.9 979.1 971.1 971.4 19.8 15.1 478.0 Rio_Grande_do_Sul DCRS -999.9 0.0 35.0 250.43 250.43 249.99 1 0.03 250.43 250.54 250.54 250.65
-28.939899 -51.188499 DCRS-00087 2026-07-20_15:40 22.3 -999.9 -999.9 83.8 -999.9 -999.9 19.4 -999.9 -999.9 971.5 -999.9 -999.9 0.0 -999.9 6.8 59.0 0.0 35.0 35.0 35.0 35.2 35.4 22.6 16.5 95.9 74.5 24.3 DCRS_-_Antônio_Prado/Flores_da_Cunha_(292_m) -999.9 -999.9 979.1 971.1 971.5 19.8 15.1 478.0 Rio_Grande_do_Sul DCRS -999.9 0.0 35.0 250.43 250.43 249.99 1 0.03 250.43 250.54 250.54 250.65
-28.939899 -51.188499 DCRS-00087 2026-07-20_15:41 22.3 -999.9 -999.9 83.2 -999.9 -999.9 19.3 -999.9 -999.9 971.5 -999.9 -999.9 0.0 -999.9 6.8 59.0 0.0 35.0 35.0 35.0 35.2 35.4 22.6 16.5 95.9 74.5 24.3 DCRS_-_Antônio_Prado/Flores_da_Cunha_(292_m) -999.9 -999.9 979.1 971.1 971.5 19.8 15.1 478.0 Rio_Grande_do_Sul DCRS -999.9 0.0 35.0 250.44 250.44 249.99 1 0.04 250.44 250.54 250.54 250.65
-28.939899 -51.188499 DCRS-00087 2026-07-20_15:42 22.1 -999.9 -999.9 84.1 -999.9 -999.9 19.3 -999.9 -999.9 971.4 -999.9 -999.9 0.0 -999.9 6.8 59.0 0.0 35.0 35.0 35.0 35.2 35.4 22.6 16.5 95.9 74.5 24.3 DCRS_-_Antônio_Prado/Flores_da_Cunha_(292_m) -999.9 -999.9 979.1 971.1 971.4 19.8 15.1 478.0 Rio_Grande_do_Sul DCRS -999.9 0.0 35.0 250.44 250.44 249.99 1 0.03 250.44 250.54 250.54 250.65
-28.939899 -51.188499 DCRS-00087 2026-07-20_15:43 22.1 -999.9 -999.9 85.3 -999.9 -999.9 19.5 -999.9 -999.9 971.5 -999.9 -999.9 0.0 -999.9 6.8 56.0 0.0 35.0 35.0 35.0 35.2 35.4 22.6 16.5 95.9 74.5 24.3 DCRS_-_Antônio_Prado/Flores_da_Cunha_(292_m) -999.9 -999.9 979.1 971.1 971.5 19.8 15.1 478.0 Rio_Grande_do_Sul DCRS -999.9 0.0 35.0 250.44 250.44 249.99 1 0.03 250.44 250.54 250.54 250.65
-28.939899 -51.188499 DCRS-00087 2026-07-20_15:44 22.0 -999.9 -999.9 85.7 -999.9 -999.9 19.5 -999.9 -999.9 971.5 -999.9 -999.9 0.0 -999.9 6.8 51.0 0.0 35.0 35.0 35.0 35.2 35.4 22.6 16.5 95.9 74.5 24.3 DCRS_-_Antônio_Prado/Flores_da_Cunha_(292_m) -999.9 -999.9 979.1 971.1 971.5 19.8 15.1 478.0 Rio_Grande_do_Sul DCRS -999.9 0.0 35.0 250.44 250.44 249.99 1 0.04 250.44 250.54 250.54 250.65
-28.939899 -51.188499 DCRS-00087 2026-07-20_15:45 22.0 -999.9 -999.9 85.7 -999.9 -999.9 19.5 -999.9 -999.9 971.6 -999.9 -999.9 0.0 -999.9 2.0 42.0 0.0 35.0 35.0 35.0 35.2 35.4 22.6 16.5 95.9 74.5 24.3 DCRS_-_Antônio_Prado/Flores_da_Cunha_(292_m) -999.9 -999.9 979.1 971.1 971.6 19.8 15.1 478.0 Rio_Grande_do_Sul DCRS -999.9 0.0 35.0 250.44 250.44 249.99 1 0.04 250.44 250.54 250.54 250.65
-28.939899 -51.188499 DCRS-00087 2026-07-20_15:46 22.0 -999.9 -999.9 86.0 -999.9 -999.9 19.5 -999.9 -999.9 971.6 -999.9 -999.9 -999.9 -999.9 2.0 38.0 0.0 35.0 35.0 35.0 35.2 35.4 22.6 16.5 95.9 74.5 24.3 DCRS_-_Antônio_Prado/Flores_da_Cunha_(292_m) -999.9 -999.9 979.1 971.1 971.6 19.8 15.1 478.0 Rio_Grande_do_Sul DCRS -999.9 0.0 35.0 250.44 250.44 249.99 1 0.04 250.44 250.54 250.54 250.65
-28.939899 -51.188499 DCRS-00087 2026-07-20_15:47 22.0 -999.9 -999.9 86.8 -999.9 -999.9 19.7 -999.9 -999.9 971.6 -999.9 -999.9 -999.9 -999.9 2.0 37.0 0.0 35.0 35.0 35.0 35.2 35.4 22.6 16.5 95.9 74.5 24.3 DCRS_-_Antônio_Prado/Flores_da_Cunha_(292_m) -999.9 -999.9 979.1 971.1 971.6 19.8 15.1 478.0 Rio_Grande_do_Sul DCRS -999.9 0.0 35.0 250.44 250.44 249.99 1 0.04 250.44 250.54 250.54 250.65
-28.939899 -51.188499 DCRS-00087 2026-07-20_15:48 21.9 -999.9 -999.9 85.5 -999.9 -999.9 19.3 -999.9 -999.9 971.6 -999.9 -999.9 2.0 -999.9 2.0 36.0 0.0 35.0 35.0 35.0 35.2 35.4 22.6 16.5 95.9 74.5 24.3 DCRS_-_Antônio_Prado/Flores_da_Cunha_(292_m) -999.9 -999.9 979.1 971.1 971.6 19.8 15.1 478.0 Rio_Grande_do_Sul DCRS -999.9 0.0 35.0 250.44 250.44 249.99 1 0.03 250.44 250.54 250.54 250.65
-28.939899 -51.188499 DCRS-00087 2026-07-20_15:49 21.8 -999.9 -999.9 85.4 -999.9 -999.9 19.2 -999.9 -999.9 971.5 -999.9 -999.9 1.8 -999.9 2.0 37.0 0.0 35.0 35.0 35.0 35.2 35.4 22.6 16.5 95.9 74.5 24.3 DCRS_-_Antônio_Prado/Flores_da_Cunha_(292_m) -999.9 -999.9 979.1 971.1 971.5 19.8 15.1 478.0 Rio_Grande_do_Sul DCRS -999.9 0.0 35.0 250.45 250.45 249.99 1 0.05 250.45 250.54 250.54 250.65
-28.939899 -51.188499 DCRS-00087 2026-07-20_15:50 21.7 -999.9 -999.9 86.2 -999.9 -999.9 19.3 -999.9 -999.9 971.5 -999.9 -999.9 0.0 -999.9 4.7 38.0 0.0 35.0 35.0 35.0 35.2 35.4 22.6 16.5 95.9 74.5 24.3 DCRS_-_Antônio_Prado/Flores_da_Cunha_(292_m) -999.9 -999.9 979.1 971.1 971.5 19.8 15.1 478.0 Rio_Grande_do_Sul DCRS -999.9 0.0 35.0 250.46 250.46 249.99 1 0.05 250.46 250.54 250.54 250.65
-28.939899 -51.188499 DCRS-00087 2026-07-20_15:51 21.7 -999.9 -999.9 86.2 -999.9 -999.9 19.3 -999.9 -999.9 971.6 -999.9 -999.9 3.1 -999.9 4.7 38.0 0.0 35.0 35.0 35.0 35.2 35.4 22.6 16.5 95.9 74.5 24.3 DCRS_-_Antônio_Prado/Flores_da_Cunha_(292_m) -999.9 -999.9 979.1 971.1 971.6 19.8 15.1 478.0 Rio_Grande_do_Sul DCRS -999.9 0.0 35.0 250.46 250.46 249.99 1 0.06 250.46 250.54 250.54 250.65
-28.939899 -51.188499 DCRS-00087 2026-07-20_15:52 21.7 -999.9 -999.9 86.4 -999.9 -999.9 19.3 -999.9 -999.9 971.6 -999.9 -999.9 3.2 -999.9 4.7 38.0 0.0 35.0 35.0 35.0 35.2 35.4 22.6 16.5 95.9 74.5 24.3 DCRS_-_Antônio_Prado/Flores_da_Cunha_(292_m) -999.9 -999.9 979.1 971.1 971.6 19.8 15.1 478.0 Rio_Grande_do_Sul DCRS -999.9 0.0 35.0 250.46 250.46 249.99 1 0.05 250.46 250.54 250.54 250.65
-28.939899 -51.188499 DCRS-00087 2026-07-20_15:53 21.6 -999.9 -999.9 86.5 -999.9 -999.9 19.2 -999.9 -999.9 971.7 -999.9 -999.9 0.0 -999.9 4.7 39.0 0.0 35.0 35.0 35.0 35.2 35.4 22.6 16.5 95.9 74.5 24.3 DCRS_-_Antônio_Prado/Flores_da_Cunha_(292_m) -999.9 -999.9 979.1 971.1 971.7 19.8 15.1 478.0 Rio_Grande_do_Sul DCRS -999.9 0.0 35.0 250.46 250.46 249.99 1 0.05 250.46 250.54 250.54 250.65
-28.939899 -51.188499 DCRS-00087 2026-07-20_15:54 21.5 -999.9 -999.9 87.0 -999.9 -999.9 19.2 -999.9 -999.9 971.6 -999.9 -999.9 0.0 -999.9 4.7 41.0 0.0 35.0 35.0 35.0 35.2 35.4 22.6 16.5 95.9 74.5 24.3 DCRS_-_Antônio_Prado/Flores_da_Cunha_(292_m) -999.9 -999.9 979.1 971.1 971.6 19.8 15.1 478.0 Rio_Grande_do_Sul DCRS -999.9 0.0 35.0 250.46 250.46 249.99 1 0.05 250.46 250.54 250.54 250.65
-28.939899 -51.188499 DCRS-00087 2026-07-20_15:55 21.5 -999.9 -999.9 87.0 -999.9 -999.9 19.2 -999.9 -999.9 971.7 -999.9 -999.9 0.0 -999.9 4.0 42.0 0.0 35.0 35.0 35.0 35.2 35.4 22.6 16.5 95.9 74.5 24.3 DCRS_-_Antônio_Prado/Flores_da_Cunha_(292_m) -999.9 -999.9 979.1 971.1 971.7 19.8 15.1 478.0 Rio_Grande_do_Sul DCRS -999.9 0.0 35.0 250.46 250.46 249.99 1 0.05 250.46 250.54 250.54 250.65
-28.939899 -51.188499 DCRS-00087 2026-07-20_15:56 21.5 -999.9 -999.9 87.1 -999.9 -999.9 19.3 -999.9 -999.9 971.6 -999.9 -999.9 0.0 -999.9 4.0 41.0 0.0 35.0 35.0 35.0 35.2 35.4 22.6 16.5 95.9 74.5 24.3 DCRS_-_Antônio_Prado/Flores_da_Cunha_(292_m) -999.9 -999.9 979.1 971.1 971.6 19.8 15.1 478.0 Rio_Grande_do_Sul DCRS -999.9 0.0 35.0 250.46 250.46 249.99 1 0.05 250.46 250.54 250.54 250.65
-28.939899 -51.188499 DCRS-00087 2026-07-20_15:57 21.5 -999.9 -999.9 88.0 -999.9 -999.9 19.4 -999.9 -999.9 971.6 -999.9 -999.9 2.9 -999.9 4.0 39.0 0.0 35.0 35.0 35.0 35.2 35.4 22.6 16.5 95.9 74.5 24.3 DCRS_-_Antônio_Prado/Flores_da_Cunha_(292_m) -999.9 -999.9 979.1 971.1 971.6 19.8 15.1 478.0 Rio_Grande_do_Sul DCRS -999.9 0.0 35.0 250.46 250.46 249.99 1 0.05 250.46 250.54 250.54 250.65
-28.939899 -51.188499 DCRS-00087 2026-07-20_15:58 21.5 -999.9 -999.9 88.1 -999.9 -999.9 19.4 -999.9 -999.9 971.6 -999.9 -999.9 0.0 -999.9 4.0 38.0 0.0 35.0 35.0 35.0 35.2 35.4 22.6 16.5 95.9 74.5 24.3 DCRS_-_Antônio_Prado/Flores_da_Cunha_(292_m) -999.9 -999.9 979.1 971.1 971.6 19.8 15.1 478.0 Rio_Grande_do_Sul DCRS -999.9 0.0 35.0 250.46 250.46 249.99 1 0.05 250.46 250.54 250.54 250.65
-28.939899 -51.188499 DCRS-00087 2026-07-20_15:59 21.5 -999.9 -999.9 88.0 -999.9 -999.9 19.4 -999.9 -999.9 971.6 -999.9 -999.9 0.0 -999.9 4.0 36.0 0.0 35.0 35.0 35.0 35.2 35.4 22.6 16.5 95.9 74.5 24.3 DCRS_-_Antônio_Prado/Flores_da_Cunha_(292_m) -999.9 -999.9 979.1 971.1 971.6 19.8 15.1 478.0 Rio_Grande_do_Sul DCRS -999.9 0.0 35.0 250.46 250.46 249.99 1 0.05 250.46 250.54 250.54 250.65
-28.939899 -51.188499 DCRS-00087 2026-07-20_16:00 21.4 -999.9 -999.9 87.8 -999.9 -999.9 19.3 -999.9 -999.9 971.6 -999.9 -999.9 0.0 -999.9 4.1 35.0 0.0 35.0 35.0 35.0 35.2 35.4 22.6 16.5 95.9 74.5 24.3 DCRS_-_Antônio_Prado/Flores_da_Cunha_(292_m) -999.9 -999.9 979.1 971.1 971.6 19.8 15.1 478.0 Rio_Grande_do_Sul DCRS -999.9 0.0 35.0 250.46 250.46 249.99 1 0.05 250.46 250.54 250.54 250.65
-28.939899 -51.188499 DCRS-00087 2026-07-20_16:01 21.4 -999.9 -999.9 87.8 -999.9 -999.9 19.3 -999.9 -999.9 971.7 -999.9 -999.9 0.0 -999.9 4.1 35.0 0.0 35.0 35.0 35.0 35.2 35.4 22.6 16.5 95.9 74.5 24.3 DCRS_-_Antônio_Prado/Flores_da_Cunha_(292_m) -999.9 -999.9 979.1 971.1 971.7 19.8 15.1 478.0 Rio_Grande_do_Sul DCRS -999.9 0.0 35.0 250.46 250.46 249.99 1 0.06 250.46 250.54 250.54 250.65
-28.939899 -51.188499 DCRS-00087 2026-07-20_16:02 21.4 -999.9 -999.9 88.0 -999.9 -999.9 19.3 -999.9 -999.9 971.7 -999.9 -999.9 0.0 -999.9 4.1 34.0 0.0 35.0 35.0 35.0 35.2 35.4 22.6 16.5 95.9 74.5 24.3 DCRS_-_Antônio_Prado/Flores_da_Cunha_(292_m) -999.9 -999.9 979.1 971.1 971.7 19.8 15.1 478.0 Rio_Grande_do_Sul DCRS -999.9 0.0 35.0 250.46 250.46 249.99 1 0.05 250.46 250.54 250.54 250.65
-28.939899 -51.188499 DCRS-00087 2026-07-20_16:03 21.4 -999.9 -999.9 88.7 -999.9 -999.9 19.4 -999.9 -999.9 971.8 -999.9 -999.9 0.0 -999.9 4.1 33.0 0.0 35.0 35.0 35.0 35.2 35.4 22.6 16.5 95.9 74.5 24.3 DCRS_-_Antônio_Prado/Flores_da_Cunha_(292_m) -999.9 -999.9 979.1 971.1 971.8 19.8 15.1 478.0 Rio_Grande_do_Sul DCRS -999.9 0.0 35.0 250.46 250.46 249.99 1 0.05 250.46 250.54 250.54 250.65
-28.939899 -51.188499 DCRS-00087 2026-07-20_16:04 21.4 -999.9 -999.9 89.0 -999.9 -999.9 19.5 -999.9 -999.9 971.7 -999.9 -999.9 0.0 -999.9 4.1 33.0 0.0 35.0 35.0 35.0 35.2 35.4 22.6 16.5 95.9 74.5 24.3 DCRS_-_Antônio_Prado/Flores_da_Cunha_(292_m) -999.9 -999.9 979.1 971.1 971.7 19.8 15.1 478.0 Rio_Grande_do_Sul DCRS -999.9 0.0 35.0 250.46 250.46 249.99 1 0.05 250.46 250.54 250.54 250.65
-28.939899 -51.188499 DCRS-00087 2026-07-20_16:05 21.3 -999.9 -999.9 89.0 -999.9 -999.9 19.4 -999.9 -999.9 971.7 -999.9 -999.9 -999.9 -999.9 2.3 34.0 0.0 35.0 35.0 35.0 35.2 35.4 22.6 16.5 95.9 74.5 24.3 DCRS_-_Antônio_Prado/Flores_da_Cunha_(292_m) -999.9 -999.9 979.1 971.1 971.7 19.8 15.1 478.0 Rio_Grande_do_Sul DCRS -999.9 0.0 35.0 250.46 250.46 249.99 1 0.05 250.46 250.54 250.54 250.65
-28.939899 -51.188499 DCRS-00087 2026-07-20_16:06 21.3 -999.9 -999.9 89.1 -999.9 -999.9 19.4 -999.9 -999.9 971.6 -999.9 -999.9 -999.9 -999.9 2.3 33.0 0.0 35.0 35.0 35.0 35.2 35.4 22.6 16.5 95.9 74.5 24.3 DCRS_-_Antônio_Prado/Flores_da_Cunha_(292_m) -999.9 -999.9 979.1 971.1 971.6 19.8 15.1 478.0 Rio_Grande_do_Sul DCRS -999.9 0.0 35.0 250.46 250.46 249.99 1 0.05 250.46 250.54 250.54 250.65
-28.939899 -51.188499 DCRS-00087 2026-07-20_16:07 21.2 -999.9 -999.9 88.9 -999.9 -999.9 19.3 -999.9 -999.9 971.6 -999.9 -999.9 -999.9 -999.9 2.3 33.0 0.0 35.0 35.0 35.0 35.2 35.4 22.6 16.5 95.9 74.5 24.3 DCRS_-_Antônio_Prado/Flores_da_Cunha_(292_m) -999.9 -999.9 979.1 971.1 971.6 19.8 15.1 478.0 Rio_Grande_do_Sul DCRS -999.9 0.0 35.0 250.46 250.46 249.99 1 0.05 250.46 250.54 250.54 250.65
-28.939899 -51.188499 DCRS-00087 2026-07-20_16:08 21.2 -999.9 -999.9 90.1 -999.9 -999.9 19.5 -999.9 -999.9 971.7 -999.9 -999.9 0.0 -999.9 2.3 32.0 0.0 35.0 35.0 35.0 35.2 35.4 22.6 16.5 95.9 74.5 24.3 DCRS_-_Antônio_Prado/Flores_da_Cunha_(292_m) -999.9 -999.9 979.1 971.1 971.7 19.8 15.1 478.0 Rio_Grande_do_Sul DCRS -999.9 0.0 35.0 250.46 250.46 249.99 1 0.05 250.46 250.54 250.54 250.65
-28.939899 -51.188499 DCRS-00087 2026-07-20_16:09 21.2 -999.9 -999.9 90.5 -999.9 -999.9 19.6 -999.9 -999.9 971.7 -999.9 -999.9 0.0 -999.9 2.3 28.0 0.0 35.0 35.0 35.0 35.2 35.4 22.6 16.5 95.9 74.5 24.3 DCRS_-_Antônio_Prado/Flores_da_Cunha_(292_m) -999.9 -999.9 979.1 971.1 971.7 19.8 15.1 478.0 Rio_Grande_do_Sul DCRS -999.9 0.0 35.0 250.46 250.46 249.99 1 0.05 250.46 250.54 250.54 250.65
-28.939899 -51.188499 DCRS-00087 2026-07-20_16:10 21.1 -999.9 -999.9 89.4 -999.9 -999.9 19.3 -999.9 -999.9 971.7 -999.9 -999.9 2.7 -999.9 5.5 26.0 0.0 35.0 35.0 35.0 35.2 35.4 22.6 16.5 95.9 74.5 24.3 DCRS_-_Antônio_Prado/Flores_da_Cunha_(292_m) -999.9 -999.9 979.1 971.1 971.7 19.8 15.1 478.0 Rio_Grande_do_Sul DCRS -999.9 0.0 35.0 250.46 250.46 249.99 1 0.05 250.46 250.54 250.54 250.65
-28.939899 -51.188499 DCRS-00087 2026-07-20_16:11 21.1 -999.9 -999.9 89.8 -999.9 -999.9 19.4 -999.9 -999.9 971.8 -999.9 -999.9 0.0 -999.9 5.5 26.0 0.0 35.0 35.0 35.0 35.2 35.4 22.6 16.5 95.9 74.5 24.3 DCRS_-_Antônio_Prado/Flores_da_Cunha_(292_m) -999.9 -999.9 979.1 971.1 971.8 19.8 15.1 478.0 Rio_Grande_do_Sul DCRS -999.9 0.0 35.0 250.46 250.46 249.99 1 0.05 250.46 250.54 250.54 250.65
-28.939899 -51.188499 DCRS-00087 2026-07-20_16:12 21.1 -999.9 -999.9 90.0 -999.9 -999.9 19.4 -999.9 -999.9 971.8 -999.9 -999.9 4.6 -999.9 5.5 27.0 0.0 35.0 35.0 35.0 35.2 35.4 22.6 16.5 95.9 74.5 24.3 DCRS_-_Antônio_Prado/Flores_da_Cunha_(292_m) -999.9 -999.9 979.1 971.1 971.8 19.8 15.1 478.0 Rio_Grande_do_Sul DCRS -999.9 0.0 35.0 250.46 250.46 249.99 1 0.05 250.46 250.54 250.54 250.65
-28.939899 -51.188499 DCRS-00087 2026-07-20_16:13 21.0 -999.9 -999.9 90.0 -999.9 -999.9 19.3 -999.9 -999.9 971.8 -999.9 -999.9 4.1 -999.9 5.5 27.0 0.0 35.0 35.0 35.0 35.2 35.4 22.6 16.5 95.9 74.5 24.3 DCRS_-_Antônio_Prado/Flores_da_Cunha_(292_m) -999.9 -999.9 979.1 971.1 971.8 19.8 15.1 478.0 Rio_Grande_do_Sul DCRS -999.9 0.0 35.0 250.48 250.48 249.99 1 0.07 250.48 250.54 250.54 250.65
-28.939899 -51.188499 DCRS-00087 2026-07-20_16:14 21.0 -999.9 -999.9 89.8 -999.9 -999.9 19.3 -999.9 -999.9 971.8 -999.9 -999.9 5.0 -999.9 5.5 27.0 0.0 35.0 35.0 35.0 35.2 35.4 22.6 16.5 95.9 74.5 24.3 DCRS_-_Antônio_Prado/Flores_da_Cunha_(292_m) -999.9 -999.9 979.1 971.1 971.8 19.8 15.1 478.0 Rio_Grande_do_Sul DCRS -999.9 0.0 35.0 250.48 250.48 249.99 1 0.07 250.48 250.54 250.54 250.65
-28.939899 -51.188499 DCRS-00087 2026-07-20_16:15 21.0 -999.9 -999.9 90.4 -999.9 -999.9 19.4 -999.9 -999.9 971.8 -999.9 -999.9 0.0 -999.9 5.3 26.0 0.0 35.0 35.0 35.0 35.2 35.4 22.6 16.5 95.9 74.5 24.3 DCRS_-_Antônio_Prado/Flores_da_Cunha_(292_m) -999.9 -999.9 979.1 971.1 971.8 19.8 15.1 478.0 Rio_Grande_do_Sul DCRS -999.9 0.0 35.0 250.48 250.48 249.99 1 0.07 250.48 250.54 250.54 250.65
-28.939899 -51.188499 DCRS-00087 2026-07-20_16:16 21.1 -999.9 -999.9 90.4 -999.9 -999.9 19.5 -999.9 -999.9 971.8 -999.9 -999.9 0.0 -999.9 5.3 27.0 0.0 35.0 35.0 35.0 35.2 35.4 22.6 16.5 95.9 74.5 24.3 DCRS_-_Antônio_Prado/Flores_da_Cunha_(292_m) -999.9 -999.9 979.1 971.1 971.8 19.8 15.1 478.0 Rio_Grande_do_Sul DCRS -999.9 0.0 35.0 250.48 250.48 249.99 1 0.07 250.48 250.54 250.54 250.65
-28.939899 -51.188499 DCRS-00087 2026-07-20_16:17 21.1 -999.9 -999.9 90.6 -999.9 -999.9 19.5 -999.9 -999.9 971.8 -999.9 -999.9 0.0 -999.9 5.3 27.0 0.0 35.0 35.0 35.0 35.2 35.4 22.6 16.5 95.9 74.5 24.3 DCRS_-_Antônio_Prado/Flores_da_Cunha_(292_m) -999.9 -999.9 979.1 971.1 971.8 19.8 15.1 478.0 Rio_Grande_do_Sul DCRS -999.9 0.0 35.0 250.48 250.48 249.99 1 0.07 250.48 250.54 250.54 250.65
-28.939899 -51.188499 DCRS-00087 2026-07-20_16:18 21.1 -999.9 -999.9 91.0 -999.9 -999.9 19.6 -999.9 -999.9 971.9 -999.9 -999.9 0.0 -999.9 5.3 24.0 0.0 35.0 35.0 35.0 35.2 35.4 22.6 16.5 95.9 74.5 24.3 DCRS_-_Antônio_Prado/Flores_da_Cunha_(292_m) -999.9 -999.9 979.1 971.1 971.9 19.8 15.1 478.0 Rio_Grande_do_Sul DCRS -999.9 0.0 35.0 250.48 250.48 249.99 1 0.07 250.48 250.54 250.54 250.65
-28.939899 -51.188499 DCRS-00087 2026-07-20_16:19 21.0 -999.9 -999.9 91.4 -999.9 -999.9 19.5 -999.9 -999.9 971.9 -999.9 -999.9 0.0 -999.9 5.3 26.0 0.0 35.0 35.0 35.0 35.2 35.4 22.6 16.5 95.9 74.5 24.3 DCRS_-_Antônio_Prado/Flores_da_Cunha_(292_m) -999.9 -999.9 979.1 971.1 971.9 19.8 15.1 478.0 Rio_Grande_do_Sul DCRS -999.9 0.0 35.0 250.48 250.48 249.99 1 0.07 250.48 250.54 250.54 250.65
-28.939899 -51.188499 DCRS-00087 2026-07-20_16:20 21.0 -999.9 -999.9 91.3 -999.9 -999.9 19.5 -999.9 -999.9 971.9 -999.9 -999.9 0.0 -999.9 0.0 28.0 0.0 35.0 35.0 35.0 35.2 35.4 22.6 16.5 95.9 74.5 24.3 DCRS_-_Antônio_Prado/Flores_da_Cunha_(292_m) -999.9 -999.9 979.1 971.1 971.9 19.8 15.1 478.0 Rio_Grande_do_Sul DCRS -999.9 0.0 35.0 250.48 250.48 249.99 1 0.07 250.48 250.54 250.54 250.65
-28.939899 -51.188499 DCRS-00087 2026-07-20_16:21 20.9 -999.9 -999.9 91.3 -999.9 -999.9 19.4 -999.9 -999.9 971.9 -999.9 -999.9 0.0 -999.9 0.0 27.0 0.0 35.0 35.0 35.0 35.2 35.4 22.6 16.5 95.9 74.5 24.3 DCRS_-_Antônio_Prado/Flores_da_Cunha_(292_m) -999.9 -999.9 979.1 971.1 971.9 19.8 15.1 478.0 Rio_Grande_do_Sul DCRS -999.9 0.0 35.0 250.48 250.48 249.99 1 0.07 250.48 250.54 250.54 250.65
-28.939899 -51.188499 DCRS-00087 2026-07-20_16:22 20.9 -999.9 -999.9 91.4 -999.9 -999.9 19.4 -999.9 -999.9 971.9 -999.9 -999.9 0.0 -999.9 0.0 27.0 0.0 35.0 35.0 35.0 35.2 35.4 22.6 16.5 95.9 74.5 24.3 DCRS_-_Antônio_Prado/Flores_da_Cunha_(292_m) -999.9 -999.9 979.1 971.1 971.9 19.8 15.1 478.0 Rio_Grande_do_Sul DCRS -999.9 0.0 35.0 250.48 250.48 249.99 1 0.07 250.48 250.54 250.54 250.65
-28.939899 -51.188499 DCRS-00087 2026-07-20_16:23 20.9 -999.9 -999.9 91.6 -999.9 -999.9 19.5 -999.9 -999.9 972.0 -999.9 -999.9 0.0 -999.9 0.0 23.0 0.0 35.0 35.0 35.0 35.2 35.4 22.6 16.5 95.9 74.5 24.3 DCRS_-_Antônio_Prado/Flores_da_Cunha_(292_m) -999.9 -999.9 979.1 971.1 972.0 19.8 15.1 478.0 Rio_Grande_do_Sul DCRS -999.9 0.0 35.0 250.48 250.48 249.99 1 0.07 250.48 250.54 250.54 250.65
-28.939899 -51.188499 DCRS-00087 2026-07-20_16:24 20.9 -999.9 -999.9 91.5 -999.9 -999.9 19.5 -999.9 -999.9 972.0 -999.9 -999.9 0.0 -999.9 0.0 21.0 0.0 35.0 35.0 35.0 35.2 35.4 22.6 16.5 95.9 74.5 24.3 DCRS_-_Antônio_Prado/Flores_da_Cunha_(292_m) -999.9 -999.9 979.1 971.1 972.0 19.8 15.1 478.0 Rio_Grande_do_Sul DCRS -999.9 0.0 35.0 250.48 250.48 249.99 1 0.07 250.48 250.54 250.54 250.65
-28.939899 -51.188499 DCRS-00087 2026-07-20_16:25 20.9 -999.9 -999.9 91.6 -999.9 -999.9 19.5 -999.9 -999.9 972.0 -999.9 -999.9 0.0 -999.9 2.0 26.0 0.0 35.0 35.0 35.0 35.2 35.4 22.6 16.5 95.9 74.5 24.3 DCRS_-_Antônio_Prado/Flores_da_Cunha_(292_m) -999.9 -999.9 979.1 971.1 972.0 19.8 15.1 478.0 Rio_Grande_do_Sul DCRS -999.9 0.0 35.0 250.48 250.48 249.99 1 0.07 250.48 250.54 250.54 250.65
-28.939899 -51.188499 DCRS-00087 2026-07-20_16:26 20.9 -999.9 -999.9 91.8 -999.9 -999.9 19.5 -999.9 -999.9 972.0 -999.9 -999.9 -999.9 -999.9 2.0 29.0 0.0 35.0 35.0 35.0 35.2 35.4 22.6 16.5 95.9 74.5 24.3 DCRS_-_Antônio_Prado/Flores_da_Cunha_(292_m) -999.9 -999.9 979.1 971.1 972.0 19.8 15.1 478.0 Rio_Grande_do_Sul DCRS -999.9 0.0 35.0 250.48 250.48 249.99 1 0.07 250.48 250.54 250.54 250.65
-28.939899 -51.188499 DCRS-00087 2026-07-20_16:27 20.8 -999.9 -999.9 91.7 -999.9 -999.9 19.4 -999.9 -999.9 971.9 -999.9 -999.9 -999.9 -999.9 2.0 33.0 0.0 35.0 35.0 35.0 35.2 35.4 22.6 16.5 95.9 74.5 24.3 DCRS_-_Antônio_Prado/Flores_da_Cunha_(292_m) -999.9 -999.9 979.1 971.1 971.9 19.8 15.1 478.0 Rio_Grande_do_Sul DCRS -999.9 0.0 35.0 250.48 250.48 249.99 1 0.07 250.48 250.54 250.54 250.65
-28.939899 -51.188499 DCRS-00087 2026-07-20_16:28 20.7 -999.9 -999.9 91.0 -999.9 -999.9 19.2 -999.9 -999.9 971.9 -999.9 -999.9 -999.9 -999.9 2.0 35.0 0.0 35.0 35.0 35.0 35.2 35.4 22.6 16.5 95.9 74.5 24.3 DCRS_-_Antônio_Prado/Flores_da_Cunha_(292_m) -999.9 -999.9 979.1 971.1 971.9 19.8 15.1 478.0 Rio_Grande_do_Sul DCRS -999.9 0.0 35.0 250.48 250.48 249.99 1 0.07 250.48 250.54 250.54 250.65
-28.939899 -51.188499 DCRS-00087 2026-07-20_16:29 20.7 -999.9 -999.9 90.8 -999.9 -999.9 19.1 -999.9 -999.9 971.9 -999.9 -999.9 -999.9 -999.9 2.0 37.0 0.0 35.0 35.0 35.0 35.2 35.4 22.6 16.5 95.9 74.5 24.3 DCRS_-_Antônio_Prado/Flores_da_Cunha_(292_m) -999.9 -999.9 979.1 971.1 971.9 19.8 15.1 478.0 Rio_Grande_do_Sul DCRS -999.9 0.0 35.0 250.48 250.48 249.99 1 0.07 250.48 250.54 250.54 250.65
-28.939899 -51.188499 DCRS-00087 2026-07-20_16:30 20.8 -999.9 -999.9 91.0 -999.9 -999.9 19.3 -999.9 -999.9 971.9 -999.9 -999.9 3.5 -999.9 5.8 39.0 0.0 35.0 35.0 35.0 35.2 35.4 22.6 16.5 95.9 74.5 24.3 DCRS_-_Antônio_Prado/Flores_da_Cunha_(292_m) -999.9 -999.9 979.1 971.1 971.9 19.8 15.1 478.0 Rio_Grande_do_Sul DCRS -999.9 0.0 35.0 250.48 250.48 249.99 1 0.07 250.48 250.54 250.54 250.65
-28.939899 -51.188499 DCRS-00087 2026-07-20_16:31 20.8 -999.9 -999.9 91.5 -999.9 -999.9 19.4 -999.9 -999.9 971.9 -999.9 -999.9 0.0 -999.9 5.8 40.0 0.0 35.0 35.0 35.0 35.2 35.4 22.6 16.5 95.9 74.5 24.3 DCRS_-_Antônio_Prado/Flores_da_Cunha_(292_m) -999.9 -999.9 979.1 971.1 971.9 19.8 15.1 478.0 Rio_Grande_do_Sul DCRS -999.9 0.0 35.0 250.48 250.48 249.99 1 0.07 250.48 250.54 250.54 250.65
-28.939899 -51.188499 DCRS-00087 2026-07-20_16:32 20.8 -999.9 -999.9 91.8 -999.9 -999.9 19.4 -999.9 -999.9 971.9 -999.9 -999.9 3.4 -999.9 5.8 40.0 0.0 35.0 35.0 35.0 35.2 35.4 22.6 16.5 95.9 74.5 24.3 DCRS_-_Antônio_Prado/Flores_da_Cunha_(292_m) -999.9 -999.9 979.1 971.1 971.9 19.8 15.1 478.0 Rio_Grande_do_Sul DCRS -999.9 0.0 35.0 250.48 250.48 249.99 1 0.07 250.48 250.54 250.54 250.65
-28.939899 -51.188499 DCRS-00087 2026-07-20_16:33 20.8 -999.9 -999.9 92.0 -999.9 -999.9 19.4 -999.9 -999.9 972.0 -999.9 -999.9 2.5 -999.9 5.8 40.0 0.0 35.0 35.0 35.0 35.2 35.4 22.6 16.5 95.9 74.5 24.3 DCRS_-_Antônio_Prado/Flores_da_Cunha_(292_m) -999.9 -999.9 979.1 971.1 972.0 19.8 15.1 478.0 Rio_Grande_do_Sul DCRS -999.9 0.0 35.0 250.48 250.48 249.99 1 0.07 250.48 250.54 250.54 250.65
-28.939899 -51.188499 DCRS-00087 2026-07-20_16:34 20.7 -999.9 -999.9 92.0 -999.9 -999.9 19.3 -999.9 -999.9 971.9 -999.9 -999.9 2.8 -999.9 5.8 38.0 0.0 35.0 35.0 35.0 35.2 35.4 22.6 16.5 95.9 74.5 24.3 DCRS_-_Antônio_Prado/Flores_da_Cunha_(292_m) -999.9 -999.9 979.1 971.1 971.9 19.8 15.1 478.0 Rio_Grande_do_Sul DCRS -999.9 0.0 35.0 250.48 250.48 249.99 1 0.07 250.48 250.54 250.54 250.65
-28.939899 -51.188499 DCRS-00087 2026-07-20_16:35 20.8 -999.9 -999.9 92.1 -999.9 -999.9 19.5 -999.9 -999.9 971.9 -999.9 -999.9 1.8 -999.9 4.2 37.0 0.0 35.0 35.0 35.0 35.2 35.4 22.6 16.5 95.9 74.5 24.3 DCRS_-_Antônio_Prado/Flores_da_Cunha_(292_m) -999.9 -999.9 979.1 971.1 971.9 19.8 15.1 478.0 Rio_Grande_do_Sul DCRS -999.9 0.0 35.0 250.48 250.48 249.99 1 0.07 250.48 250.54 250.54 250.65
-28.939899 -51.188499 DCRS-00087 2026-07-20_16:36 20.8 -999.9 -999.9 92.3 -999.9 -999.9 19.5 -999.9 -999.9 971.8 -999.9 -999.9 0.0 -999.9 4.2 36.0 0.0 35.0 35.0 35.0 35.2 35.4 22.6 16.5 95.9 74.5 24.3 DCRS_-_Antônio_Prado/Flores_da_Cunha_(292_m) -999.9 -999.9 979.1 971.1 971.8 19.8 15.1 478.0 Rio_Grande_do_Sul DCRS -999.9 0.0 35.0 250.46 250.48 249.99 1 0.05 250.48 250.54 250.54 250.65
-28.939899 -51.188499 DCRS-00087 2026-07-20_16:37 20.8 -999.9 -999.9 92.4 -999.9 -999.9 19.5 -999.9 -999.9 971.8 -999.9 -999.9 0.0 -999.9 4.2 38.0 0.0 35.0 35.0 35.0 35.2 35.4 22.6 16.5 95.9 74.5 24.3 DCRS_-_Antônio_Prado/Flores_da_Cunha_(292_m) -999.9 -999.9 979.1 971.1 971.8 19.8 15.1 478.0 Rio_Grande_do_Sul DCRS -999.9 0.0 35.0 250.48 250.48 249.99 1 0.05 250.48 250.54 250.54 250.65
-28.939899 -51.188499 DCRS-00087 2026-07-20_16:38 20.8 -999.9 -999.9 92.4 -999.9 -999.9 19.5 -999.9 -999.9 971.8 -999.9 -999.9 0.0 -999.9 4.2 38.0 0.0 35.0 35.0 35.0 35.2 35.4 22.6 16.5 95.9 74.5 24.3 DCRS_-_Antônio_Prado/Flores_da_Cunha_(292_m) -999.9 -999.9 979.1 971.1 971.8 19.8 15.1 478.0 Rio_Grande_do_Sul DCRS -999.9 0.0 35.0 250.48 250.48 249.99 1 0.05 250.48 250.54 250.54 250.65
-28.939899 -51.188499 DCRS-00087 2026-07-20_16:39 20.8 -999.9 -999.9 92.3 -999.9 -999.9 19.5 -999.9 -999.9 971.8 -999.9 -999.9 0.0 -999.9 4.2 41.0 0.0 35.0 35.0 35.0 35.2 35.4 22.6 16.5 95.9 74.5 24.3 DCRS_-_Antônio_Prado/Flores_da_Cunha_(292_m) -999.9 -999.9 979.1 971.1 971.8 19.8 15.1 478.0 Rio_Grande_do_Sul DCRS -999.9 0.0 35.0 250.48 250.48 249.99 1 0.05 250.48 250.54 250.54 250.65
-28.939899 -51.188499 DCRS-00087 2026-07-20_16:40 20.7 -999.9 -999.9 92.3 -999.9 -999.9 19.4 -999.9 -999.9 971.7 -999.9 -999.9 0.0 -999.9 2.2 44.0 0.0 35.0 35.0 35.0 35.2 35.4 22.6 16.5 95.9 74.5 24.3 DCRS_-_Antônio_Prado/Flores_da_Cunha_(292_m) -999.9 -999.9 979.1 971.1 971.7 19.8 15.1 478.0 Rio_Grande_do_Sul DCRS -999.9 0.0 35.0 250.48 250.48 249.99 1 0.05 250.48 250.54 250.54 250.65
-28.939899 -51.188499 DCRS-00087 2026-07-20_16:41 20.7 -999.9 -999.9 92.3 -999.9 -999.9 19.4 -999.9 -999.9 971.7 -999.9 -999.9 0.0 -999.9 2.2 51.0 0.0 35.0 35.0 35.0 35.2 35.4 22.6 16.5 95.9 74.5 24.3 DCRS_-_Antônio_Prado/Flores_da_Cunha_(292_m) -999.9 -999.9 979.1 971.1 971.7 19.8 15.1 478.0 Rio_Grande_do_Sul DCRS -999.9 0.0 35.0 250.48 250.48 249.99 1 0.04 250.48 250.54 250.54 250.65
-28.939899 -51.188499 DCRS-00087 2026-07-20_16:42 20.7 -999.9 -999.9 92.2 -999.9 -999.9 19.4 -999.9 -999.9 971.7 -999.9 -999.9 0.0 -999.9 2.2 59.0 0.0 35.0 35.0 35.0 35.2 35.4 22.6 16.5 95.9 74.5 24.3 DCRS_-_Antônio_Prado/Flores_da_Cunha_(292_m) -999.9 -999.9 979.1 971.1 971.7 19.8 15.1 478.0 Rio_Grande_do_Sul DCRS -999.9 0.0 35.0 250.48 250.48 249.99 1 0.04 250.48 250.54 250.54 250.65
-28.939899 -51.188499 DCRS-00087 2026-07-20_16:43 20.8 -999.9 -999.9 92.3 -999.9 -999.9 19.5 -999.9 -999.9 971.7 -999.9 -999.9 0.0 -999.9 2.2 67.0 0.0 35.0 35.0 35.0 35.2 35.4 22.6 16.5 95.9 74.5 24.3 DCRS_-_Antônio_Prado/Flores_da_Cunha_(292_m) -999.9 -999.9 979.1 971.1 971.7 19.8 15.1 478.0 Rio_Grande_do_Sul DCRS -999.9 0.0 35.0 250.48 250.48 249.99 1 0.04 250.48 250.54 250.54 250.65
-28.939899 -51.188499 DCRS-00087 2026-07-20_16:44 20.8 -999.9 -999.9 92.4 -999.9 -999.9 19.5 -999.9 -999.9 971.7 -999.9 -999.9 0.0 -999.9 2.2 69.0 0.0 35.0 35.0 35.0 35.2 35.4 22.6 16.5 95.9 74.5 24.3 DCRS_-_Antônio_Prado/Flores_da_Cunha_(292_m) -999.9 -999.9 979.1 971.1 971.7 19.8 15.1 478.0 Rio_Grande_do_Sul DCRS -999.9 0.0 35.0 250.48 250.48 249.99 1 0.04 250.48 250.54 250.54 250.65
-28.939899 -51.188499 DCRS-00087 2026-07-20_16:45 20.8 -999.9 -999.9 92.5 -999.9 -999.9 19.5 -999.9 -999.9 971.6 -999.9 -999.9 0.0 -999.9 0.0 71.0 0.0 35.0 35.0 35.0 35.2 35.4 22.6 16.5 95.9 74.5 24.3 DCRS_-_Antônio_Prado/Flores_da_Cunha_(292_m) -999.9 -999.9 979.1 971.1 971.6 19.8 15.1 478.0 Rio_Grande_do_Sul DCRS -999.9 0.0 35.0 250.48 250.48 249.99 1 0.04 250.48 250.54 250.54 250.65
-28.939899 -51.188499 DCRS-00087 2026-07-20_16:46 20.8 -999.9 -999.9 92.5 -999.9 -999.9 19.5 -999.9 -999.9 971.6 -999.9 -999.9 0.0 -999.9 0.0 71.0 0.0 35.0 35.0 35.0 35.2 35.4 22.6 16.5 95.9 74.5 24.3 DCRS_-_Antônio_Prado/Flores_da_Cunha_(292_m) -999.9 -999.9 979.1 971.1 971.6 19.8 15.1 478.0 Rio_Grande_do_Sul DCRS -999.9 0.0 35.0 250.48 250.48 249.99 1 0.04 250.48 250.54 250.54 250.65
-28.939899 -51.188499 DCRS-00087 2026-07-20_16:47 20.8 -999.9 -999.9 92.5 -999.9 -999.9 19.5 -999.9 -999.9 971.6 -999.9 -999.9 -999.9 -999.9 0.0 70.0 0.0 35.0 35.0 35.0 35.2 35.4 22.6 16.5 95.9 74.5 24.3 DCRS_-_Antônio_Prado/Flores_da_Cunha_(292_m) -999.9 -999.9 979.1 971.1 971.6 19.8 15.1 478.0 Rio_Grande_do_Sul DCRS -999.9 0.0 35.0 250.48 250.48 249.99 1 0.04 250.48 250.54 250.54 250.65
-28.939899 -51.188499 DCRS-00087 2026-07-20_16:48 20.8 -999.9 -999.9 92.3 -999.9 -999.9 19.5 -999.9 -999.9 971.6 -999.9 -999.9 -999.9 -999.9 0.0 67.0 0.0 35.0 35.0 35.0 35.2 35.4 22.6 16.5 95.9 74.5 24.3 DCRS_-_Antônio_Prado/Flores_da_Cunha_(292_m) -999.9 -999.9 979.1 971.1 971.6 19.8 15.1 478.0 Rio_Grande_do_Sul DCRS -999.9 0.0 35.0 250.48 250.48 249.99 1 0.04 250.48 250.54 250.54 250.65
-28.939899 -51.188499 DCRS-00087 2026-07-20_16:49 20.8 -999.9 -999.9 92.3 -999.9 -999.9 19.5 -999.9 -999.9 971.6 -999.9 -999.9 -999.9 -999.9 0.0 64.0 0.0 35.0 35.0 35.0 35.2 35.4 22.6 16.5 95.9 74.5 24.3 DCRS_-_Antônio_Prado/Flores_da_Cunha_(292_m) -999.9 -999.9 979.1 971.1 971.6 19.8 15.1 478.0 Rio_Grande_do_Sul DCRS -999.9 0.0 35.0 250.48 250.48 249.99 1 0.03 250.48 250.54 250.54 250.65
-28.939899 -51.188499 DCRS-00087 2026-07-20_16:50 20.8 -999.9 -999.9 92.4 -999.9 -999.9 19.5 -999.9 -999.9 971.6 -999.9 -999.9 0.0 -999.9 3.4 59.0 0.0 35.0 35.0 35.0 35.2 35.4 22.6 16.5 95.9 74.5 24.3 DCRS_-_Antônio_Prado/Flores_da_Cunha_(292_m) -999.9 -999.9 979.1 971.1 971.6 19.8 15.1 478.0 Rio_Grande_do_Sul DCRS -999.9 0.0 35.0 250.48 250.48 249.99 1 0.02 250.48 250.54 250.54 250.65
-28.939899 -51.188499 DCRS-00087 2026-07-20_16:51 20.8 -999.9 -999.9 92.4 -999.9 -999.9 19.5 -999.9 -999.9 971.6 -999.9 -999.9 -999.9 -999.9 3.4 55.0 0.0 35.0 35.0 35.0 35.2 35.4 22.6 16.5 95.9 74.5 24.3 DCRS_-_Antônio_Prado/Flores_da_Cunha_(292_m) -999.9 -999.9 979.1 971.1 971.6 19.8 15.1 478.0 Rio_Grande_do_Sul DCRS -999.9 0.0 35.0 250.48 250.48 249.99 1 0.02 250.48 250.54 250.54 250.65
-28.939899 -51.188499 DCRS-00087 2026-07-20_16:52 20.8 -999.9 -999.9 92.5 -999.9 -999.9 19.5 -999.9 -999.9 971.6 -999.9 -999.9 3.2 -999.9 3.4 49.0 0.0 35.0 35.0 35.0 35.2 35.4 22.6 16.5 95.9 74.5 24.3 DCRS_-_Antônio_Prado/Flores_da_Cunha_(292_m) -999.9 -999.9 979.1 971.1 971.6 19.8 15.1 478.0 Rio_Grande_do_Sul DCRS -999.9 0.0 35.0 250.48 250.48 249.99 1 0.02 250.48 250.54 250.54 250.65
-28.939899 -51.188499 DCRS-00087 2026-07-20_16:53 20.8 -999.9 -999.9 92.2 -999.9 -999.9 19.5 -999.9 -999.9 971.6 -999.9 -999.9 3.0 -999.9 3.4 47.0 0.0 35.0 35.0 35.0 35.2 35.4 22.6 16.5 95.9 74.5 24.3 DCRS_-_Antônio_Prado/Flores_da_Cunha_(292_m) -999.9 -999.9 979.1 971.1 971.6 19.8 15.1 478.0 Rio_Grande_do_Sul DCRS -999.9 0.0 35.0 250.48 250.48 249.99 1 0.02 250.48 250.54 250.54 250.65
-28.939899 -51.188499 DCRS-00087 2026-07-20_16:54 20.8 -999.9 -999.9 92.3 -999.9 -999.9 19.5 -999.9 -999.9 971.6 -999.9 -999.9 -999.9 -999.9 3.4 49.0 0.0 35.0 35.0 35.0 35.2 35.4 22.6 16.5 95.9 74.5 24.3 DCRS_-_Antônio_Prado/Flores_da_Cunha_(292_m) -999.9 -999.9 979.1 971.1 971.6 19.8 15.1 478.0 Rio_Grande_do_Sul DCRS -999.9 0.0 35.0 250.48 250.48 249.99 1 0.02 250.48 250.54 250.54 250.65
-28.939899 -51.188499 DCRS-00087 2026-07-20_16:55 20.9 -999.9 -999.9 92.7 -999.9 -999.9 19.7 -999.9 -999.9 971.6 -999.9 -999.9 5.2 -999.9 5.8 54.0 0.0 35.0 35.0 35.0 35.2 35.4 22.6 16.5 95.9 74.5 24.3 DCRS_-_Antônio_Prado/Flores_da_Cunha_(292_m) -999.9 -999.9 979.1 971.1 971.6 19.8 15.1 478.0 Rio_Grande_do_Sul DCRS -999.9 0.0 35.0 250.48 250.48 249.99 1 0.02 250.48 250.54 250.54 250.65
-28.939899 -51.188499 DCRS-00087 2026-07-20_16:56 20.9 -999.9 -999.9 92.6 -999.9 -999.9 19.6 -999.9 -999.9 971.6 -999.9 -999.9 2.4 -999.9 5.8 54.0 0.0 35.0 35.0 35.0 35.2 35.4 22.6 16.5 95.9 74.5 24.3 DCRS_-_Antônio_Prado/Flores_da_Cunha_(292_m) -999.9 -999.9 979.1 971.1 971.6 19.8 15.1 478.0 Rio_Grande_do_Sul DCRS -999.9 0.0 35.0 250.48 250.48 249.99 1 0.02 250.48 250.54 250.54 250.65
-28.939899 -51.188499 DCRS-00087 2026-07-20_16:57 20.9 -999.9 -999.9 92.7 -999.9 -999.9 19.7 -999.9 -999.9 971.6 -999.9 -999.9 2.3 -999.9 5.8 55.0 0.0 35.0 35.0 35.0 35.2 35.4 22.6 16.5 95.9 74.5 24.3 DCRS_-_Antônio_Prado/Flores_da_Cunha_(292_m) -999.9 -999.9 979.1 971.1 971.6 19.8 15.1 478.0 Rio_Grande_do_Sul DCRS -999.9 0.0 35.0 250.48 250.48 249.99 1 0.02 250.48 250.54 250.54 250.65
-28.939899 -51.188499 DCRS-00087 2026-07-20_16:58 20.8 -999.9 -999.9 92.7 -999.9 -999.9 19.6 -999.9 -999.9 971.7 -999.9 -999.9 0.0 -999.9 5.8 55.0 0.0 35.0 35.0 35.0 35.2 35.4 22.6 16.5 95.9 74.5 24.3 DCRS_-_Antônio_Prado/Flores_da_Cunha_(292_m) -999.9 -999.9 979.1 971.1 971.7 19.8 15.1 478.0 Rio_Grande_do_Sul DCRS -999.9 0.0 35.0 250.48 250.48 249.99 1 0.02 250.48 250.54 250.54 250.65
-28.939899 -51.188499 DCRS-00087 2026-07-20_16:59 20.9 -999.9 -999.9 92.7 -999.9 -999.9 19.7 -999.9 -999.9 971.6 -999.9 -999.9 0.0 -999.9 5.8 52.0 0.0 35.0 35.0 35.0 35.2 35.4 22.6 16.5 95.9 74.5 24.3 DCRS_-_Antônio_Prado/Flores_da_Cunha_(292_m) -999.9 -999.9 979.1 971.1 971.6 19.8 15.1 478.0 Rio_Grande_do_Sul DCRS -999.9 0.0 35.0 250.48 250.48 249.99 1 0.02 250.48 250.54 250.54 250.65
-28.939899 -51.188499 DCRS-00087 2026-07-20_17:00 20.9 -999.9 -999.9 92.5 -999.9 -999.9 19.6 -999.9 -999.9 971.7 -999.9 -999.9 0.0 -999.9 5.7 46.0 0.0 35.0 35.0 35.0 35.2 35.4 22.6 16.5 95.9 74.5 24.3 DCRS_-_Antônio_Prado/Flores_da_Cunha_(292_m) -999.9 -999.9 979.1 971.1 971.7 19.8 15.1 478.0 Rio_Grande_do_Sul DCRS -999.9 0.0 35.0 250.48 250.48 249.99 1 0.02 250.48 250.54 250.54 250.65
-28.939899 -51.188499 DCRS-00087 2026-07-20_17:01 20.9 -999.9 -999.9 92.4 -999.9 -999.9 19.6 -999.9 -999.9 971.7 -999.9 -999.9 0.0 -999.9 5.7 42.0 0.0 35.0 35.0 35.0 35.2 35.4 22.6 16.5 95.9 74.5 24.3 DCRS_-_Antônio_Prado/Flores_da_Cunha_(292_m) -999.9 -999.9 979.1 971.1 971.7 19.8 15.1 478.0 Rio_Grande_do_Sul DCRS -999.9 0.0 35.0 250.48 250.48 249.99 1 0.02 250.48 250.54 250.54 250.65
-28.939899 -51.188499 DCRS-00087 2026-07-20_17:02 20.9 -999.9 -999.9 92.3 -999.9 -999.9 19.6 -999.9 -999.9 971.7 -999.9 -999.9 -999.9 -999.9 5.7 42.0 0.0 35.0 35.0 35.0 35.2 35.4 22.6 16.5 95.9 74.5 24.3 DCRS_-_Antônio_Prado/Flores_da_Cunha_(292_m) -999.9 -999.9 979.1 971.1 971.7 19.8 15.1 478.0 Rio_Grande_do_Sul DCRS -999.9 0.0 35.0 250.48 250.48 249.99 1 0.02 250.48 250.54 250.54 250.65
-28.939899 -51.188499 DCRS-00087 2026-07-20_17:03 20.9 -999.9 -999.9 92.2 -999.9 -999.9 19.6 -999.9 -999.9 971.8 -999.9 -999.9 3.9 -999.9 5.7 44.0 0.0 35.0 35.0 35.0 35.2 35.4 22.6 16.5 95.9 74.5 24.3 DCRS_-_Antônio_Prado/Flores_da_Cunha_(292_m) -999.9 -999.9 979.1 971.1 971.8 19.8 15.1 478.0 Rio_Grande_do_Sul DCRS -999.9 0.0 35.0 250.48 250.48 249.99 1 0.02 250.48 250.54 250.54 250.65
-28.939899 -51.188499 DCRS-00087 2026-07-20_17:04 20.9 -999.9 -999.9 92.4 -999.9 -999.9 19.6 -999.9 -999.9 971.8 -999.9 -999.9 0.0 -999.9 5.7 44.0 0.0 35.0 35.0 35.0 35.2 35.4 22.6 16.5 95.9 74.5 24.3 DCRS_-_Antônio_Prado/Flores_da_Cunha_(292_m) -999.9 -999.9 979.1 971.1 971.8 19.8 15.1 478.0 Rio_Grande_do_Sul DCRS -999.9 0.0 35.0 250.48 250.48 249.99 1 0.02 250.48 250.54 250.54 250.65
-28.939899 -51.188499 DCRS-00087 2026-07-20_17:05 20.9 -999.9 -999.9 92.4 -999.9 -999.9 19.6 -999.9 -999.9 971.8 -999.9 -999.9 3.4 -999.9 7.4 42.0 0.0 35.0 35.0 35.0 35.2 35.4 22.6 16.5 95.9 74.5 24.3 DCRS_-_Antônio_Prado/Flores_da_Cunha_(292_m) -999.9 -999.9 979.1 971.1 971.8 19.8 15.1 478.0 Rio_Grande_do_Sul DCRS -999.9 0.0 35.0 250.48 250.48 249.99 1 0.02 250.48 250.54 250.54 250.65
-28.939899 -51.188499 DCRS-00087 2026-07-20_17:06 20.8 -999.9 -999.9 92.5 -999.9 -999.9 19.5 -999.9 -999.9 971.8 -999.9 -999.9 0.0 -999.9 7.4 39.0 0.0 35.0 35.0 35.0 35.2 35.4 22.6 16.5 95.9 74.5 24.3 DCRS_-_Antônio_Prado/Flores_da_Cunha_(292_m) -999.9 -999.9 979.1 971.1 971.8 19.8 15.1 478.0 Rio_Grande_do_Sul DCRS -999.9 0.0 35.0 250.48 250.48 249.99 1 0.02 250.48 250.54 250.54 250.65
-28.939899 -51.188499 DCRS-00087 2026-07-20_17:07 20.8 -999.9 -999.9 92.4 -999.9 -999.9 19.5 -999.9 -999.9 971.8 -999.9 -999.9 0.0 -999.9 7.4 35.0 0.0 35.0 35.0 35.0 35.2 35.4 22.6 16.5 95.9 74.5 24.3 DCRS_-_Antônio_Prado/Flores_da_Cunha_(292_m) -999.9 -999.9 979.1 971.1 971.8 19.8 15.1 478.0 Rio_Grande_do_Sul DCRS -999.9 0.0 35.0 250.48 250.48 249.99 1 0.02 250.48 250.54 250.54 250.65
-28.939899 -51.188499 DCRS-00087 2026-07-20_17:08 20.9 -999.9 -999.9 92.4 -999.9 -999.9 19.6 -999.9 -999.9 971.8 -999.9 -999.9 0.0 -999.9 7.4 34.0 0.0 35.0 35.0 35.0 35.2 35.4 22.6 16.5 95.9 74.5 24.3 DCRS_-_Antônio_Prado/Flores_da_Cunha_(292_m) -999.9 -999.9 979.1 971.1 971.8 19.8 15.1 478.0 Rio_Grande_do_Sul DCRS -999.9 0.0 35.0 250.48 250.48 249.99 1 0.02 250.48 250.54 250.54 250.65
-28.939899 -51.188499 DCRS-00087 2026-07-20_17:09 20.8 -999.9 -999.9 92.3 -999.9 -999.9 19.5 -999.9 -999.9 971.8 -999.9 -999.9 0.0 -999.9 7.4 31.0 0.0 35.0 35.0 35.0 35.2 35.4 22.6 16.5 95.9 74.5 24.3 DCRS_-_Antônio_Prado/Flores_da_Cunha_(292_m) -999.9 -999.9 979.1 971.1 971.8 19.8 15.1 478.0 Rio_Grande_do_Sul DCRS -999.9 0.0 35.0 250.48 250.48 249.99 0 0.02 250.48 250.54 250.54 250.65
-28.939899 -51.188499 DCRS-00087 2026-07-20_17:10 20.8 -999.9 -999.9 92.4 -999.9 -999.9 19.5 -999.9 -999.9 971.8 -999.9 -999.9 0.0 -999.9 3.5 29.0 0.0 35.0 35.0 35.0 35.2 35.4 22.6 16.5 95.9 74.5 24.3 DCRS_-_Antônio_Prado/Flores_da_Cunha_(292_m) -999.9 -999.9 979.1 971.1 971.8 19.8 15.1 478.0 Rio_Grande_do_Sul DCRS -999.9 0.0 35.0 250.48 250.48 249.99 0 0.02 250.48 250.54 250.54 250.65
-28.939899 -51.188499 DCRS-00087 2026-07-20_17:11 20.8 -999.9 -999.9 92.5 -999.9 -999.9 19.5 -999.9 -999.9 971.9 -999.9 -999.9 0.0 -999.9 3.5 28.0 0.0 35.0 35.0 35.0 35.2 35.4 22.6 16.5 95.9 74.5 24.3 DCRS_-_Antônio_Prado/Flores_da_Cunha_(292_m) -999.9 -999.9 979.1 971.1 971.9 19.8 15.1 478.0 Rio_Grande_do_Sul DCRS -999.9 0.0 35.0 250.48 250.48 249.99 0 0.02 250.48 250.54 250.54 250.65
-28.939899 -51.188499 DCRS-00087 2026-07-20_17:12 20.8 -999.9 -999.9 92.5 -999.9 -999.9 19.5 -999.9 -999.9 971.9 -999.9 -999.9 0.0 -999.9 3.5 23.0 0.0 35.0 35.0 35.0 35.2 35.4 22.6 16.5 95.9 74.5 24.3 DCRS_-_Antônio_Prado/Flores_da_Cunha_(292_m) -999.9 -999.9 979.1 971.1 971.9 19.8 15.1 478.0 Rio_Grande_do_Sul DCRS -999.9 0.0 35.0 250.46 250.48 249.99 0 0.0 250.48 250.54 250.54 250.65
-28.939899 -51.188499 DCRS-00087 2026-07-20_17:13 20.8 -999.9 -999.9 92.3 -999.9 -999.9 19.5 -999.9 -999.9 971.8 -999.9 -999.9 2.5 -999.9 3.5 19.0 0.0 35.0 35.0 35.0 35.2 35.4 22.6 16.5 95.9 74.5 24.3 DCRS_-_Antônio_Prado/Flores_da_Cunha_(292_m) -999.9 -999.9 979.1 971.1 971.8 19.8 15.1 478.0 Rio_Grande_do_Sul DCRS -999.9 0.0 35.0 250.46 250.48 249.99 0 -0.02 250.48 250.54 250.54 250.65
-28.939899 -51.188499 DCRS-00087 2026-07-20_17:14 20.8 -999.9 -999.9 92.3 -999.9 -999.9 19.5 -999.9 -999.9 971.8 -999.9 -999.9 2.9 -999.9 3.5 17.0 0.0 35.0 35.0 35.0 35.2 35.4 22.6 16.5 95.9 74.5 24.3 DCRS_-_Antônio_Prado/Flores_da_Cunha_(292_m) -999.9 -999.9 979.1 971.1 971.8 19.8 15.1 478.0 Rio_Grande_do_Sul DCRS -999.9 0.0 35.0 250.46 250.48 249.99 0 -0.02 250.48 250.54 250.54 250.65
-28.939899 -51.188499 DCRS-00087 2026-07-20_17:15 20.8 -999.9 -999.9 92.6 -999.9 -999.9 19.5 -999.9 -999.9 971.8 -999.9 -999.9 0.0 -999.9 3.3 16.0 0.0 35.0 35.0 35.0 35.2 35.4 22.6 16.5 95.9 74.5 24.3 DCRS_-_Antônio_Prado/Flores_da_Cunha_(292_m) -999.9 -999.9 979.1 971.1 971.8 19.8 15.1 478.0 Rio_Grande_do_Sul DCRS -999.9 0.0 35.0 250.46 250.48 249.99 0 -0.02 250.48 250.54 250.54 250.65
-28.939899 -51.188499 DCRS-00087 2026-07-20_17:16 20.8 -999.9 -999.9 92.8 -999.9 -999.9 19.6 -999.9 -999.9 971.9 -999.9 -999.9 0.0 -999.9 3.3 15.0 0.0 35.0 35.0 35.0 35.2 35.4 22.6 16.5 95.9 74.5 24.3 DCRS_-_Antônio_Prado/Flores_da_Cunha_(292_m) -999.9 -999.9 979.1 971.1 971.9 19.8 15.1 478.0 Rio_Grande_do_Sul DCRS -999.9 0.0 35.0 250.46 250.48 249.99 0 -0.02 250.48 250.54 250.54 250.65
-28.939899 -51.188499 DCRS-00087 2026-07-20_17:17 20.8 -999.9 -999.9 92.7 -999.9 -999.9 19.6 -999.9 -999.9 971.9 -999.9 -999.9 0.0 -999.9 3.3 14.0 0.0 35.0 35.0 35.0 35.2 35.4 22.6 16.5 95.9 74.5 24.3 DCRS_-_Antônio_Prado/Flores_da_Cunha_(292_m) -999.9 -999.9 979.1 971.1 971.9 19.8 15.1 478.0 Rio_Grande_do_Sul DCRS -999.9 0.0 35.0 250.46 250.48 249.99 0 -0.02 250.48 250.54 250.54 250.65
-28.939899 -51.188499 DCRS-00087 2026-07-20_17:18 20.7 -999.9 -999.9 92.8 -999.9 -999.9 19.5 -999.9 -999.9 971.9 -999.9 -999.9 0.0 -999.9 3.3 12.0 0.0 35.0 35.0 35.0 35.2 35.4 22.6 16.5 95.9 74.5 24.3 DCRS_-_Antônio_Prado/Flores_da_Cunha_(292_m) -999.9 -999.9 979.1 971.1 971.9 19.8 15.1 478.0 Rio_Grande_do_Sul DCRS -999.9 0.0 35.0 250.46 250.48 249.99 0 -0.02 250.48 250.54 250.54 250.65
-28.939899 -51.188499 DCRS-00087 2026-07-20_17:19 20.8 -999.9 -999.9 92.9 -999.9 -999.9 19.6 -999.9 -999.9 971.9 -999.9 -999.9 0.0 -999.9 3.3 9.0 0.0 35.0 35.0 35.0 35.2 35.4 22.6 16.5 95.9 74.5 24.3 DCRS_-_Antônio_Prado/Flores_da_Cunha_(292_m) -999.9 -999.9 979.1 971.1 971.9 19.8 15.1 478.0 Rio_Grande_do_Sul DCRS -999.9 0.0 35.0 250.46 250.48 249.99 -1 -0.02 250.48 250.54 250.54 250.65
-28.939899 -51.188499 DCRS-00087 2026-07-20_17:20 20.7 -999.9 -999.9 92.9 -999.9 -999.9 19.5 -999.9 -999.9 971.9 -999.9 -999.9 0.0 -999.9 3.1 7.0 0.0 35.0 35.0 35.0 35.2 35.4 22.6 16.5 95.9 74.5 24.3 DCRS_-_Antônio_Prado/Flores_da_Cunha_(292_m) -999.9 -999.9 979.1 971.1 971.9 19.8 15.1 478.0 Rio_Grande_do_Sul DCRS -999.9 0.0 35.0 250.46 250.48 249.99 -1 -0.02 250.48 250.54 250.54 250.65
-28.939899 -51.188499 DCRS-00087 2026-07-20_17:21 20.7 -999.9 -999.9 92.9 -999.9 -999.9 19.5 -999.9 -999.9 971.9 -999.9 -999.9 0.0 -999.9 3.1 6.0 0.0 35.0 35.0 35.0 35.2 35.4 22.6 16.5 95.9 74.5 24.3 DCRS_-_Antônio_Prado/Flores_da_Cunha_(292_m) -999.9 -999.9 979.1 971.1 971.9 19.8 15.1 478.0 Rio_Grande_do_Sul DCRS -999.9 0.0 35.0 250.46 250.48 249.99 -1 -0.02 250.48 250.54 250.54 250.65
-28.939899 -51.188499 DCRS-00087 2026-07-20_17:22 20.7 -999.9 -999.9 92.9 -999.9 -999.9 19.5 -999.9 -999.9 971.9 -999.9 -999.9 2.9 -999.9 3.1 7.0 0.0 35.0 35.0 35.0 35.2 35.4 22.6 16.5 95.9 74.5 24.3 DCRS_-_Antônio_Prado/Flores_da_Cunha_(292_m) -999.9 -999.9 979.1 971.1 971.9 19.8 15.1 478.0 Rio_Grande_do_Sul DCRS -999.9 0.0 35.0 250.46 250.48 249.99 -1 -0.02 250.48 250.54 250.54 250.65
-28.939899 -51.188499 DCRS-00087 2026-07-20_17:23 20.6 -999.9 -999.9 93.0 -999.9 -999.9 19.4 -999.9 -999.9 971.9 -999.9 -999.9 2.4 -999.9 3.1 9.0 0.0 35.0 35.0 35.0 35.2 35.4 22.6 16.5 95.9 74.5 24.3 DCRS_-_Antônio_Prado/Flores_da_Cunha_(292_m) -999.9 -999.9 979.1 971.1 971.9 19.8 15.1 478.0 Rio_Grande_do_Sul DCRS -999.9 0.0 35.0 250.46 250.48 249.99 -1 -0.02 250.48 250.54 250.54 250.65
-28.939899 -51.188499 DCRS-00087 2026-07-20_17:24 20.6 -999.9 -999.9 93.3 -999.9 -999.9 19.5 -999.9 -999.9 971.9 -999.9 -999.9 -999.9 -999.9 3.1 9.0 0.0 35.0 35.0 35.0 35.2 35.4 22.6 16.5 95.9 74.5 24.3 DCRS_-_Antônio_Prado/Flores_da_Cunha_(292_m) -999.9 -999.9 979.1 971.1 971.9 19.8 15.1 478.0 Rio_Grande_do_Sul DCRS -999.9 0.0 35.0 250.46 250.48 249.99 -1 -0.02 250.48 250.54 250.54 250.65
-28.939899 -51.188499 DCRS-00087 2026-07-20_17:25 20.6 -999.9 -999.9 93.5 -999.9 -999.9 19.5 -999.9 -999.9 971.9 -999.9 -999.9 3.5 -999.9 5.6 10.0 0.0 35.0 35.0 35.0 35.2 35.4 22.6 16.5 95.9 74.5 24.3 DCRS_-_Antônio_Prado/Flores_da_Cunha_(292_m) -999.9 -999.9 979.1 971.1 971.9 19.8 15.1 478.0 Rio_Grande_do_Sul DCRS -999.9 0.0 35.0 250.46 250.48 249.99 -1 -0.02 250.48 250.54 250.54 250.65
-28.939899 -51.188499 DCRS-00087 2026-07-20_17:26 20.6 -999.9 -999.9 93.5 -999.9 -999.9 19.5 -999.9 -999.9 971.9 -999.9 -999.9 2.8 -999.9 5.6 10.0 0.0 35.0 35.0 35.0 35.2 35.4 22.6 16.5 95.9 74.5 24.3 DCRS_-_Antônio_Prado/Flores_da_Cunha_(292_m) -999.9 -999.9 979.1 971.1 971.9 19.8 15.1 478.0 Rio_Grande_do_Sul DCRS -999.9 0.0 35.0 250.46 250.48 249.99 -1 -0.02 250.48 250.54 250.54 250.65
-28.939899 -51.188499 DCRS-00087 2026-07-20_17:27 20.6 -999.9 -999.9 93.4 -999.9 -999.9 19.5 -999.9 -999.9 971.9 -999.9 -999.9 4.2 -999.9 5.6 9.0 0.0 35.0 35.0 35.0 35.2 35.4 22.6 16.5 95.9 74.5 24.3 DCRS_-_Antônio_Prado/Flores_da_Cunha_(292_m) -999.9 -999.9 979.1 971.1 971.9 19.8 15.1 478.0 Rio_Grande_do_Sul DCRS -999.9 0.0 35.0 250.46 250.48 249.99 -1 -0.02 250.48 250.54 250.54 250.65
-28.939899 -51.188499 DCRS-00087 2026-07-20_17:28 20.6 -999.9 -999.9 93.4 -999.9 -999.9 19.5 -999.9 -999.9 971.8 -999.9 -999.9 1.8 -999.9 5.6 7.0 0.0 35.0 35.0 35.0 35.2 35.4 22.6 16.5 95.9 74.5 24.3 DCRS_-_Antônio_Prado/Flores_da_Cunha_(292_m) -999.9 -999.9 979.1 971.1 971.8 19.8 15.1 478.0 Rio_Grande_do_Sul DCRS -999.9 0.0 35.0 250.46 250.48 249.99 -1 -0.02 250.48 250.54 250.54 250.65
-28.939899 -51.188499 DCRS-00087 2026-07-20_17:29 20.6 -999.9 -999.9 93.5 -999.9 -999.9 19.5 -999.9 -999.9 971.9 -999.9 -999.9 2.1 -999.9 5.6 6.0 0.0 35.0 35.0 35.0 35.2 35.4 22.6 16.5 95.9 74.5 24.3 DCRS_-_Antônio_Prado/Flores_da_Cunha_(292_m) -999.9 -999.9 979.1 971.1 971.9 19.8 15.1 478.0 Rio_Grande_do_Sul DCRS -999.9 0.0 35.0 250.46 250.48 249.99 -1 -0.02 250.48 250.54 250.54 250.65
-28.939899 -51.188499 DCRS-00087 2026-07-20_17:30 20.6 -999.9 -999.9 93.5 -999.9 -999.9 19.5 -999.9 -999.9 971.9 -999.9 -999.9 0.0 -999.9 4.6 5.0 0.0 35.0 35.0 35.0 35.2 35.4 22.6 16.5 95.9 74.5 24.3 DCRS_-_Antônio_Prado/Flores_da_Cunha_(292_m) -999.9 -999.9 979.1 971.1 971.9 19.8 15.1 478.0 Rio_Grande_do_Sul DCRS -999.9 0.0 35.0 250.46 250.48 249.99 -1 -0.02 250.48 250.54 250.54 250.65
-28.939899 -51.188499 DCRS-00087 2026-07-20_17:31 20.6 -999.9 -999.9 93.6 -999.9 -999.9 19.5 -999.9 -999.9 971.9 -999.9 -999.9 0.0 -999.9 4.6 3.0 0.0 35.0 35.0 35.0 35.2 35.4 22.6 16.5 95.9 74.5 24.3 DCRS_-_Antônio_Prado/Flores_da_Cunha_(292_m) -999.9 -999.9 979.1 971.1 971.9 19.8 15.1 478.0 Rio_Grande_do_Sul DCRS -999.9 0.0 35.0 250.46 250.48 249.99 -1 -0.02 250.48 250.54 250.54 250.65
-28.939899 -51.188499 DCRS-00087 2026-07-20_17:32 20.5 -999.9 -999.9 93.4 -999.9 -999.9 19.4 -999.9 -999.9 971.9 -999.9 -999.9 0.0 -999.9 4.6 3.0 0.0 35.0 35.0 35.0 35.2 35.4 22.6 16.5 95.9 74.5 24.3 DCRS_-_Antônio_Prado/Flores_da_Cunha_(292_m) -999.9 -999.9 979.1 971.1 971.9 19.8 15.1 478.0 Rio_Grande_do_Sul DCRS -999.9 0.0 35.0 250.46 250.48 249.99 -1 -0.02 250.48 250.54 250.54 250.65
-28.939899 -51.188499 DCRS-00087 2026-07-20_17:33 20.6 -999.9 -999.9 93.5 -999.9 -999.9 19.5 -999.9 -999.9 971.8 -999.9 -999.9 0.0 -999.9 4.6 3.0 0.0 35.0 35.0 35.0 35.2 35.4 22.6 16.5 95.9 74.5 24.3 DCRS_-_Antônio_Prado/Flores_da_Cunha_(292_m) -999.9 -999.9 979.1 971.1 971.8 19.8 15.1 478.0 Rio_Grande_do_Sul DCRS -999.9 0.0 35.0 250.46 250.48 249.99 -1 -0.02 250.48 250.54 250.54 250.65
-28.939899 -51.188499 DCRS-00087 2026-07-20_17:34 20.5 -999.9 -999.9 93.5 -999.9 -999.9 19.4 -999.9 -999.9 971.8 -999.9 -999.9 0.0 -999.9 4.6 3.0 0.0 35.0 35.0 35.0 35.2 35.4 22.6 16.5 95.9 74.5 24.3 DCRS_-_Antônio_Prado/Flores_da_Cunha_(292_m) -999.9 -999.9 979.1 971.1 971.8 19.8 15.1 478.0 Rio_Grande_do_Sul DCRS -999.9 0.0 35.0 250.46 250.48 249.99 -1 -0.02 250.48 250.54 250.54 250.65
-28.939899 -51.188499 DCRS-00087 2026-07-20_17:35 20.5 -999.9 -999.9 93.5 -999.9 -999.9 19.4 -999.9 -999.9 971.8 -999.9 -999.9 0.0 -999.9 3.0 3.0 0.0 35.0 35.0 35.0 35.2 35.4 22.6 16.5 95.9 74.5 24.3 DCRS_-_Antônio_Prado/Flores_da_Cunha_(292_m) -999.9 -999.9 979.1 971.1 971.8 19.8 15.1 478.0 Rio_Grande_do_Sul DCRS -999.9 0.0 35.0 250.46 250.48 249.99 -1 -0.02 250.48 250.54 250.54 250.65
-28.939899 -51.188499 DCRS-00087 2026-07-20_17:36 20.5 -999.9 -999.9 93.6 -999.9 -999.9 19.4 -999.9 -999.9 971.8 -999.9 -999.9 0.0 -999.9 3.0 3.0 0.0 35.0 35.0 35.0 35.2 35.4 22.6 16.5 95.9 74.5 24.3 DCRS_-_Antônio_Prado/Flores_da_Cunha_(292_m) -999.9 -999.9 979.1 971.1 971.8 19.8 15.1 478.0 Rio_Grande_do_Sul DCRS -999.9 0.0 35.0 250.46 250.48 249.99 -1 0.0 250.48 250.54 250.54 250.65
-28.939899 -51.188499 DCRS-00087 2026-07-20_17:37 20.5 -999.9 -999.9 93.5 -999.9 -999.9 19.4 -999.9 -999.9 971.8 -999.9 -999.9 0.0 -999.9 3.0 3.0 0.0 35.0 35.0 35.0 35.2 35.4 22.6 16.5 95.9 74.5 24.3 DCRS_-_Antônio_Prado/Flores_da_Cunha_(292_m) -999.9 -999.9 979.1 971.1 971.8 19.8 15.1 478.0 Rio_Grande_do_Sul DCRS -999.9 0.0 35.0 250.46 250.48 249.99 -1 -0.02 250.48 250.54 250.54 250.65
-28.939899 -51.188499 DCRS-00087 2026-07-20_17:38 20.4 -999.9 -999.9 93.4 -999.9 -999.9 19.3 -999.9 -999.9 971.8 -999.9 -999.9 2.3 -999.9 3.0 3.0 0.0 35.0 35.0 35.0 35.2 35.4 22.6 16.5 95.9 74.5 24.3 DCRS_-_Antônio_Prado/Flores_da_Cunha_(292_m) -999.9 -999.9 979.1 971.1 971.8 19.8 15.1 478.0 Rio_Grande_do_Sul DCRS -999.9 0.0 35.0 250.46 250.48 249.99 -1 -0.02 250.48 250.54 250.54 250.65
-28.939899 -51.188499 DCRS-00087 2026-07-20_17:39 20.5 -999.9 -999.9 93.5 -999.9 -999.9 19.4 -999.9 -999.9 971.8 -999.9 -999.9 0.0 -999.9 3.0 2.0 0.0 35.0 35.0 35.0 35.2 35.4 22.6 16.5 95.9 74.5 24.3 DCRS_-_Antônio_Prado/Flores_da_Cunha_(292_m) -999.9 -999.9 979.1 971.1 971.8 19.8 15.1 478.0 Rio_Grande_do_Sul DCRS -999.9 0.0 35.0 250.46 250.48 249.99 -1 -0.02 250.48 250.54 250.54 250.65
-28.939899 -51.188499 DCRS-00087 2026-07-20_17:40 20.4 -999.9 -999.9 93.7 -999.9 -999.9 19.3 -999.9 -999.9 971.8 -999.9 -999.9 0.0 -999.9 3.0 2.0 0.0 35.0 35.0 35.0 35.2 35.4 22.6 16.5 95.9 74.5 24.3 DCRS_-_Antônio_Prado/Flores_da_Cunha_(292_m) -999.9 -999.9 979.1 971.1 971.8 19.8 15.1 478.0 Rio_Grande_do_Sul DCRS -999.9 0.0 35.0 250.46 250.48 249.99 -1 -0.02 250.48 250.54 250.54 250.65
-28.939899 -51.188499 DCRS-00087 2026-07-20_17:41 20.4 -999.9 -999.9 93.8 -999.9 -999.9 19.4 -999.9 -999.9 971.8 -999.9 -999.9 -999.9 -999.9 3.0 2.0 0.0 35.0 35.0 35.0 35.2 35.4 22.6 16.5 95.9 74.5 24.3 DCRS_-_Antônio_Prado/Flores_da_Cunha_(292_m) -999.9 -999.9 979.1 971.1 971.8 19.8 15.1 478.0 Rio_Grande_do_Sul DCRS -999.9 0.0 35.0 250.46 250.48 249.99 -1 -0.02 250.48 250.54 250.54 250.65
-28.939899 -51.188499 DCRS-00087 2026-07-20_17:42 20.4 -999.9 -999.9 93.9 -999.9 -999.9 19.4 -999.9 -999.9 971.8 -999.9 -999.9 2.4 -999.9 3.0 2.0 0.0 35.0 35.0 35.0 35.2 35.4 22.6 16.5 95.9 74.5 24.3 DCRS_-_Antônio_Prado/Flores_da_Cunha_(292_m) -999.9 -999.9 979.1 971.1 971.8 19.8 15.1 478.0 Rio_Grande_do_Sul DCRS -999.9 0.0 35.0 250.46 250.48 249.99 -1 -0.02 250.48 250.54 250.54 250.65
-28.939899 -51.188499 DCRS-00087 2026-07-20_17:43 20.4 -999.9 -999.9 94.0 -999.9 -999.9 19.4 -999.9 -999.9 971.8 -999.9 -999.9 0.0 -999.9 3.0 1.0 0.0 35.0 35.0 35.0 35.2 35.4 22.6 16.5 95.9 74.5 24.3 DCRS_-_Antônio_Prado/Flores_da_Cunha_(292_m) -999.9 -999.9 979.1 971.1 971.8 19.8 15.1 478.0 Rio_Grande_do_Sul DCRS -999.9 0.0 35.0 250.46 250.48 249.99 -1 -0.02 250.48 250.54 250.54 250.65
-28.939899 -51.188499 DCRS-00087 2026-07-20_17:44 20.4 -999.9 -999.9 94.0 -999.9 -999.9 19.4 -999.9 -999.9 971.9 -999.9 -999.9 2.8 -999.9 3.0 0.0 0.0 35.0 35.0 35.0 35.2 35.4 22.6 16.5 95.9 74.5 24.3 DCRS_-_Antônio_Prado/Flores_da_Cunha_(292_m) -999.9 -999.9 979.1 971.1 971.9 19.8 15.1 478.0 Rio_Grande_do_Sul DCRS -999.9 0.0 35.0 250.46 250.48 249.99 -1 -0.02 250.48 250.54 250.54 250.65
-28.939899 -51.188499 DCRS-00087 2026-07-20_17:45 20.3 -999.9 -999.9 94.1 -999.9 -999.9 19.3 -999.9 -999.9 971.9 -999.9 -999.9 2.5 -999.9 5.7 0.0 0.0 35.0 35.0 35.0 35.2 35.4 22.6 16.5 95.9 74.5 24.3 DCRS_-_Antônio_Prado/Flores_da_Cunha_(292_m) -999.9 -999.9 979.1 971.1 971.9 19.8 15.1 478.0 Rio_Grande_do_Sul DCRS -999.9 0.0 35.0 250.46 250.48 249.99 -1 -0.02 250.48 250.54 250.54 250.65
-28.939899 -51.188499 DCRS-00087 2026-07-20_17:46 20.3 -999.9 -999.9 94.2 -999.9 -999.9 19.3 -999.9 -999.9 971.8 -999.9 -999.9 2.0 -999.9 5.7 0.0 0.0 35.0 35.0 35.0 35.2 35.4 22.6 16.5 95.9 74.5 24.3 DCRS_-_Antônio_Prado/Flores_da_Cunha_(292_m) -999.9 -999.9 979.1 971.1 971.8 19.8 15.1 478.0 Rio_Grande_do_Sul DCRS -999.9 0.0 35.0 250.46 250.48 249.99 -1 -0.02 250.48 250.54 250.54 250.65
-28.939899 -51.188499 DCRS-00087 2026-07-20_17:47 20.3 -999.9 -999.9 94.1 -999.9 -999.9 19.3 -999.9 -999.9 971.8 -999.9 -999.9 0.0 -999.9 5.7 0.0 0.0 35.0 35.0 35.0 35.2 35.4 22.6 16.5 95.9 74.5 24.3 DCRS_-_Antônio_Prado/Flores_da_Cunha_(292_m) -999.9 -999.9 979.1 971.1 971.8 19.8 15.1 478.0 Rio_Grande_do_Sul DCRS -999.9 0.0 35.0 250.46 250.48 249.99 -1 -0.02 250.48 250.54 250.54 250.65
-28.939899 -51.188499 DCRS-00087 2026-07-20_17:48 20.3 -999.9 -999.9 93.9 -999.9 -999.9 19.3 -999.9 -999.9 971.8 -999.9 -999.9 2.5 -999.9 5.7 0.0 0.0 35.0 35.0 35.0 35.2 35.4 22.6 16.5 95.9 74.5 24.3 DCRS_-_Antônio_Prado/Flores_da_Cunha_(292_m) -999.9 -999.9 979.1 971.1 971.8 19.8 15.1 478.0 Rio_Grande_do_Sul DCRS -999.9 0.0 35.0 250.46 250.48 249.99 -1 -0.02 250.48 250.54 250.54 250.65
-28.939899 -51.188499 DCRS-00087 2026-07-20_17:49 20.3 -999.9 -999.9 93.9 -999.9 -999.9 19.3 -999.9 -999.9 971.9 -999.9 -999.9 2.0 -999.9 5.7 0.0 0.0 35.0 35.0 35.0 35.2 35.4 22.6 16.5 95.9 74.5 24.3 DCRS_-_Antônio_Prado/Flores_da_Cunha_(292_m) -999.9 -999.9 979.1 971.1 971.9 19.8 15.1 478.0 Rio_Grande_do_Sul DCRS -999.9 0.0 35.0 250.46 250.48 249.99 -1 -0.02 250.48 250.54 250.54 250.65
-28.939899 -51.188499 DCRS-00087 2026-07-20_17:50 20.3 -999.9 -999.9 93.9 -999.9 -999.9 19.3 -999.9 -999.9 971.9 -999.9 -999.9 0.0 -999.9 3.0 0.0 0.0 35.0 35.0 35.0 35.2 35.4 22.6 16.5 95.9 74.5 24.3 DCRS_-_Antônio_Prado/Flores_da_Cunha_(292_m) -999.9 -999.9 979.1 971.1 971.9 19.8 15.1 478.0 Rio_Grande_do_Sul DCRS -999.9 0.0 35.0 250.46 250.48 249.99 -1 -0.02 250.48 250.54 250.54 250.65
-28.939899 -51.188499 DCRS-00087 2026-07-20_17:51 20.2 -999.9 -999.9 93.7 -999.9 -999.9 19.1 -999.9 -999.9 972.0 -999.9 -999.9 -999.9 -999.9 3.0 0.0 0.0 35.0 35.0 35.0 35.2 35.4 22.6 16.5 95.9 74.5 24.3 DCRS_-_Antônio_Prado/Flores_da_Cunha_(292_m) -999.9 -999.9 979.1 971.1 972.0 19.8 15.1 478.0 Rio_Grande_do_Sul DCRS -999.9 0.0 35.0 250.46 250.48 249.99 -1 -0.02 250.48 250.54 250.54 250.65
-28.939899 -51.188499 DCRS-00087 2026-07-20_17:52 20.2 -999.9 -999.9 93.7 -999.9 -999.9 19.1 -999.9 -999.9 971.9 -999.9 -999.9 -999.9 -999.9 3.0 0.0 0.0 35.0 35.0 35.0 35.2 35.4 22.6 16.5 95.9 74.5 24.3 DCRS_-_Antônio_Prado/Flores_da_Cunha_(292_m) -999.9 -999.9 979.1 971.1 971.9 19.8 15.1 478.0 Rio_Grande_do_Sul DCRS -999.9 0.0 35.0 250.46 250.48 249.99 -1 -0.02 250.48 250.54 250.54 250.65
-28.939899 -51.188499 DCRS-00087 2026-07-20_17:53 20.2 -999.9 -999.9 93.9 -999.9 -999.9 19.2 -999.9 -999.9 971.9 -999.9 -999.9 2.7 -999.9 3.0 0.0 0.0 35.0 35.0 35.0 35.2 35.4 22.6 16.5 95.9 74.5 24.3 DCRS_-_Antônio_Prado/Flores_da_Cunha_(292_m) -999.9 -999.9 979.1 971.1 971.9 19.8 15.1 478.0 Rio_Grande_do_Sul DCRS -999.9 0.0 35.0 250.46 250.48 249.99 -1 -0.02 250.48 250.54 250.54 250.65
-28.939899 -51.188499 DCRS-00087 2026-07-20_17:54 20.2 -999.9 -999.9 94.1 -999.9 -999.9 19.2 -999.9 -999.9 972.0 -999.9 -999.9 1.9 -999.9 3.0 0.0 0.0 35.0 35.0 35.0 35.2 35.4 22.6 16.5 95.9 74.5 24.3 DCRS_-_Antônio_Prado/Flores_da_Cunha_(292_m) -999.9 -999.9 979.1 971.1 972.0 19.8 15.1 478.0 Rio_Grande_do_Sul DCRS -999.9 0.0 35.0 250.46 250.48 249.99 -1 -0.02 250.48 250.54 250.54 250.65
-28.939899 -51.188499 DCRS-00087 2026-07-20_17:55 20.3 -999.9 -999.9 94.3 -999.9 -999.9 19.3 -999.9 -999.9 972.0 -999.9 -999.9 0.0 -999.9 5.1 0.0 0.0 35.0 35.0 35.0 35.2 35.4 22.6 16.5 95.9 74.5 24.3 DCRS_-_Antônio_Prado/Flores_da_Cunha_(292_m) -999.9 -999.9 979.1 971.1 972.0 19.8 15.1 478.0 Rio_Grande_do_Sul DCRS -999.9 0.0 35.0 250.46 250.48 249.99 -1 -0.02 250.48 250.54 250.54 250.65
-28.939899 -51.188499 DCRS-00087 2026-07-20_17:56 20.3 -999.9 -999.9 94.4 -999.9 -999.9 19.4 -999.9 -999.9 972.0 -999.9 -999.9 0.0 -999.9 5.1 0.0 0.0 35.0 35.0 35.0 35.2 35.4 22.6 16.5 95.9 74.5 24.3 DCRS_-_Antônio_Prado/Flores_da_Cunha_(292_m) -999.9 -999.9 979.1 971.1 972.0 19.8 15.1 478.0 Rio_Grande_do_Sul DCRS -999.9 0.0 35.0 250.46 250.48 249.99 -1 -0.02 250.48 250.54 250.54 250.65
-28.939899 -51.188499 DCRS-00087 2026-07-20_17:57 20.2 -999.9 -999.9 94.1 -999.9 -999.9 19.2 -999.9 -999.9 972.0 -999.9 -999.9 0.0 -999.9 5.1 0.0 0.0 35.0 35.0 35.0 35.2 35.4 22.6 16.5 95.9 74.5 24.3 DCRS_-_Antônio_Prado/Flores_da_Cunha_(292_m) -999.9 -999.9 979.1 971.1 972.0 19.8 15.1 478.0 Rio_Grande_do_Sul DCRS -999.9 0.0 35.0 250.46 250.48 249.99 -1 -0.02 250.48 250.54 250.54 250.65
-28.939899 -51.188499 DCRS-00087 2026-07-20_17:58 20.2 -999.9 -999.9 94.0 -999.9 -999.9 19.2 -999.9 -999.9 972.0 -999.9 -999.9 0.0 -999.9 5.1 0.0 0.0 35.0 35.0 35.0 35.2 35.4 22.6 16.5 95.9 74.5 24.3 DCRS_-_Antônio_Prado/Flores_da_Cunha_(292_m) -999.9 -999.9 979.1 971.1 972.0 19.8 15.1 478.0 Rio_Grande_do_Sul DCRS -999.9 0.0 35.0 250.46 250.48 249.99 -1 -0.02 250.48 250.54 250.54 250.65
-28.939899 -51.188499 DCRS-00087 2026-07-20_17:59 20.2 -999.9 -999.9 94.0 -999.9 -999.9 19.2 -999.9 -999.9 972.0 -999.9 -999.9 0.0 -999.9 5.1 0.0 0.0 35.0 35.0 35.0 35.2 35.4 22.6 16.5 95.9 74.5 24.3 DCRS_-_Antônio_Prado/Flores_da_Cunha_(292_m) -999.9 -999.9 979.1 971.1 972.0 19.8 15.1 478.0 Rio_Grande_do_Sul DCRS -999.9 0.0 35.0 250.46 250.48 249.99 -1 -0.02 250.48 250.54 250.54 250.65
-28.939899 -51.188499 DCRS-00087 2026-07-20_18:00 20.1 -999.9 -999.9 94.0 -999.9 -999.9 19.1 -999.9 -999.9 972.0 -999.9 -999.9 0.0 -999.9 3.4 0.0 0.0 35.0 35.0 35.0 35.2 35.4 22.6 16.5 95.9 74.5 24.3 DCRS_-_Antônio_Prado/Flores_da_Cunha_(292_m) -999.9 -999.9 979.1 971.1 972.0 19.8 15.1 478.0 Rio_Grande_do_Sul DCRS -999.9 0.0 35.0 250.46 250.48 249.99 -1 -0.02 250.48 250.54 250.54 250.65
-28.939899 -51.188499 DCRS-00087 2026-07-20_18:01 20.2 -999.9 -999.9 94.2 -999.9 -999.9 19.2 -999.9 -999.9 972.1 -999.9 -999.9 0.0 -999.9 3.4 0.0 0.0 35.0 35.0 35.0 35.2 35.4 22.6 16.5 95.9 74.5 24.3 DCRS_-_Antônio_Prado/Flores_da_Cunha_(292_m) -999.9 -999.9 979.1 971.1 972.1 19.8 15.1 478.0 Rio_Grande_do_Sul DCRS -999.9 0.0 35.0 250.46 250.48 249.99 -1 -0.02 250.48 250.54 250.54 250.65
-28.939899 -51.188499 DCRS-00087 2026-07-20_18:02 20.1 -999.9 -999.9 94.2 -999.9 -999.9 19.1 -999.9 -999.9 972.2 -999.9 -999.9 0.0 -999.9 3.4 0.0 0.0 35.0 35.0 35.0 35.2 35.4 22.6 16.5 95.9 74.5 24.3 DCRS_-_Antônio_Prado/Flores_da_Cunha_(292_m) -999.9 -999.9 979.1 971.1 972.2 19.8 15.1 478.0 Rio_Grande_do_Sul DCRS -999.9 0.0 35.0 250.46 250.48 249.99 -1 -0.02 250.48 250.54 250.54 250.65
-28.939899 -51.188499 DCRS-00087 2026-07-20_18:03 20.1 -999.9 -999.9 94.2 -999.9 -999.9 19.1 -999.9 -999.9 972.2 -999.9 -999.9 -999.9 -999.9 3.4 0.0 0.0 35.0 35.0 35.0 35.2 35.4 22.6 16.5 95.9 74.5 24.3 DCRS_-_Antônio_Prado/Flores_da_Cunha_(292_m) -999.9 -999.9 979.1 971.1 972.2 19.8 15.1 478.0 Rio_Grande_do_Sul DCRS -999.9 0.0 35.0 250.46 250.48 249.99 -1 -0.02 250.48 250.54 250.54 250.65
-28.939899 -51.188499 DCRS-00087 2026-07-20_18:04 20.1 -999.9 -999.9 94.3 -999.9 -999.9 19.1 -999.9 -999.9 972.2 -999.9 -999.9 0.0 -999.9 3.4 0.0 0.0 35.0 35.0 35.0 35.2 35.4 22.6 16.5 95.9 74.5 24.3 DCRS_-_Antônio_Prado/Flores_da_Cunha_(292_m) -999.9 -999.9 979.1 971.1 972.2 19.8 15.1 478.0 Rio_Grande_do_Sul DCRS -999.9 0.0 35.0 250.46 250.48 249.99 -1 -0.02 250.48 250.54 250.54 250.65
-28.939899 -51.188499 DCRS-00087 2026-07-20_18:05 20.1 -999.9 -999.9 94.4 -999.9 -999.9 19.2 -999.9 -999.9 972.2 -999.9 -999.9 0.0 -999.9 4.1 0.0 0.0 35.0 35.0 35.0 35.2 35.4 22.6 16.5 95.9 74.5 24.3 DCRS_-_Antônio_Prado/Flores_da_Cunha_(292_m) -999.9 -999.9 979.1 971.1 972.2 19.8 15.1 478.0 Rio_Grande_do_Sul DCRS -999.9 0.0 35.0 250.46 250.48 249.99 -1 -0.02 250.48 250.54 250.54 250.65
-28.939899 -51.188499 DCRS-00087 2026-07-20_18:06 20.1 -999.9 -999.9 94.3 -999.9 -999.9 19.1 -999.9 -999.9 972.1 -999.9 -999.9 0.0 -999.9 4.1 0.0 0.0 35.0 35.0 35.0 35.2 35.4 22.6 16.5 95.9 74.5 24.3 DCRS_-_Antônio_Prado/Flores_da_Cunha_(292_m) -999.9 -999.9 979.1 971.1 972.1 19.8 15.1 478.0 Rio_Grande_do_Sul DCRS -999.9 0.0 35.0 250.46 250.48 249.99 -1 -0.02 250.48 250.54 250.54 250.65
-28.939899 -51.188499 DCRS-00087 2026-07-20_18:07 20.1 -999.9 -999.9 94.5 -999.9 -999.9 19.2 -999.9 -999.9 972.2 -999.9 -999.9 2.0 -999.9 4.1 0.0 0.0 35.0 35.0 35.0 35.2 35.4 22.6 16.5 95.9 74.5 24.3 DCRS_-_Antônio_Prado/Flores_da_Cunha_(292_m) -999.9 -999.9 979.1 971.1 972.2 19.8 15.1 478.0 Rio_Grande_do_Sul DCRS -999.9 0.0 35.0 250.46 250.48 249.99 -1 -0.02 250.48 250.54 250.54 250.65
-28.939899 -51.188499 DCRS-00087 2026-07-20_18:08 20.1 -999.9 -999.9 94.4 -999.9 -999.9 19.2 -999.9 -999.9 972.3 -999.9 -999.9 0.0 -999.9 4.1 0.0 0.0 35.0 35.0 35.0 35.2 35.4 22.6 16.5 95.9 74.5 24.3 DCRS_-_Antônio_Prado/Flores_da_Cunha_(292_m) -999.9 -999.9 979.1 971.1 972.3 19.8 15.1 478.0 Rio_Grande_do_Sul DCRS -999.9 0.0 35.0 250.46 250.48 249.99 0 -0.02 250.48 250.54 250.54 250.65
-28.939899 -51.188499 DCRS-00087 2026-07-20_18:09 20.1 -999.9 -999.9 94.5 -999.9 -999.9 19.2 -999.9 -999.9 972.4 -999.9 -999.9 0.0 -999.9 4.1 0.0 0.0 35.0 35.0 35.0 35.2 35.4 22.6 16.5 95.9 74.5 24.3 DCRS_-_Antônio_Prado/Flores_da_Cunha_(292_m) -999.9 -999.9 979.1 971.1 972.4 19.8 15.1 478.0 Rio_Grande_do_Sul DCRS -999.9 0.0 35.0 250.46 250.48 249.99 0 -0.02 250.48 250.54 250.54 250.65
-28.939899 -51.188499 DCRS-00087 2026-07-20_18:10 20.1 -999.9 -999.9 94.5 -999.9 -999.9 19.2 -999.9 -999.9 972.3 -999.9 -999.9 2.5 -999.9 2.5 0.0 0.0 35.0 35.0 35.0 35.2 35.4 22.6 16.5 95.9 74.5 24.3 DCRS_-_Antônio_Prado/Flores_da_Cunha_(292_m) -999.9 -999.9 979.1 971.1 972.3 19.8 15.1 478.0 Rio_Grande_do_Sul DCRS -999.9 0.0 35.0 250.46 250.48 249.99 0 -0.02 250.48 250.54 250.54 250.65
-28.939899 -51.188499 DCRS-00087 2026-07-20_18:11 20.0 -999.9 -999.9 94.6 -999.9 -999.9 19.1 -999.9 -999.9 972.4 -999.9 -999.9 -999.9 -999.9 2.5 0.0 0.0 35.0 35.0 35.0 35.2 35.4 22.6 16.5 95.9 74.5 24.3 DCRS_-_Antônio_Prado/Flores_da_Cunha_(292_m) -999.9 -999.9 979.1 971.1 972.4 19.8 15.1 478.0 Rio_Grande_do_Sul DCRS -999.9 0.0 35.0 250.46 250.48 249.99 0 -0.02 250.48 250.54 250.54 250.65
-28.939899 -51.188499 DCRS-00087 2026-07-20_18:12 20.0 -999.9 -999.9 94.8 -999.9 -999.9 19.1 -999.9 -999.9 972.4 -999.9 -999.9 -999.9 -999.9 2.5 0.0 0.0 35.0 35.0 35.0 35.2 35.4 22.6 16.5 95.9 74.5 24.3 DCRS_-_Antônio_Prado/Flores_da_Cunha_(292_m) -999.9 -999.9 979.1 971.1 972.4 19.8 15.1 478.0 Rio_Grande_do_Sul DCRS -999.9 0.0 35.0 250.46 250.48 249.99 0 0.0 250.48 250.54 250.54 250.65
-28.939899 -51.188499 DCRS-00087 2026-07-20_18:13 20.1 -999.9 -999.9 95.0 -999.9 -999.9 19.3 -999.9 -999.9 972.5 -999.9 -999.9 0.0 -999.9 2.5 0.0 0.0 35.0 35.0 35.0 35.2 35.4 22.6 16.5 95.9 74.5 24.3 DCRS_-_Antônio_Prado/Flores_da_Cunha_(292_m) -999.9 -999.9 979.1 971.1 972.5 19.8 15.1 478.0 Rio_Grande_do_Sul DCRS -999.9 0.0 35.0 250.46 250.48 249.99 0 0.0 250.48 250.54 250.54 250.65
-28.939899 -51.188499 DCRS-00087 2026-07-20_18:14 20.1 -999.9 -999.9 95.0 -999.9 -999.9 19.3 -999.9 -999.9 972.6 -999.9 -999.9 2.2 -999.9 2.5 0.0 0.0 35.0 35.0 35.0 35.2 35.4 22.6 16.5 95.9 74.5 24.3 DCRS_-_Antônio_Prado/Flores_da_Cunha_(292_m) -999.9 -999.9 979.1 971.1 972.6 19.8 15.1 478.0 Rio_Grande_do_Sul DCRS -999.9 0.0 35.0 250.42 250.48 249.99 0 -0.04 250.48 250.54 250.54 250.65
-28.939899 -51.188499 DCRS-00087 2026-07-20_18:15 20.1 -999.9 -999.9 95.0 -999.9 -999.9 19.3 -999.9 -999.9 972.6 -999.9 -999.9 0.0 -999.9 4.4 0.0 0.0 35.0 35.0 35.0 35.2 35.4 22.6 16.5 95.9 74.5 24.3 DCRS_-_Antônio_Prado/Flores_da_Cunha_(292_m) -999.9 -999.9 979.1 971.1 972.6 19.8 15.1 478.0 Rio_Grande_do_Sul DCRS -999.9 0.0 35.0 250.42 250.48 249.99 0 -0.04 250.48 250.54 250.54 250.65
-28.939899 -51.188499 DCRS-00087 2026-07-20_18:16 20.1 -999.9 -999.9 95.0 -999.9 -999.9 19.3 -999.9 -999.9 972.6 -999.9 -999.9 0.0 -999.9 4.4 0.0 0.0 35.0 35.0 35.0 35.2 35.4 22.6 16.5 95.9 74.5 24.3 DCRS_-_Antônio_Prado/Flores_da_Cunha_(292_m) -999.9 -999.9 979.1 971.1 972.6 19.8 15.1 478.0 Rio_Grande_do_Sul DCRS -999.9 0.0 35.0 250.34 250.48 249.99 0 -0.12 250.48 250.54 250.54 250.65
-28.939899 -51.188499 DCRS-00087 2026-07-20_18:17 20.0 -999.9 -999.9 94.9 -999.9 -999.9 19.2 -999.9 -999.9 972.6 -999.9 -999.9 0.0 -999.9 4.4 0.0 0.0 35.0 35.0 35.0 35.2 35.4 22.6 16.5 95.9 74.5 24.3 DCRS_-_Antônio_Prado/Flores_da_Cunha_(292_m) -999.9 -999.9 979.1 971.1 972.6 19.8 15.1 478.0 Rio_Grande_do_Sul DCRS -999.9 0.0 35.0 250.44 250.48 249.99 -1 -0.02 250.48 250.54 250.54 250.65
-28.939899 -51.188499 DCRS-00087 2026-07-20_18:18 20.0 -999.9 -999.9 94.5 -999.9 -999.9 19.1 -999.9 -999.9 972.6 -999.9 -999.9 2.0 -999.9 4.4 0.0 0.0 35.0 35.0 35.0 35.2 35.4 22.6 16.5 95.9 74.5 24.3 DCRS_-_Antônio_Prado/Flores_da_Cunha_(292_m) -999.9 -999.9 979.1 971.1 972.6 19.8 15.1 478.0 Rio_Grande_do_Sul DCRS -999.9 0.0 35.0 250.46 250.48 249.99 -1 0.0 250.48 250.54 250.54 250.65
-28.939899 -51.188499 DCRS-00087 2026-07-20_18:19 20.0 -999.9 -999.9 94.5 -999.9 -999.9 19.1 -999.9 -999.9 972.7 -999.9 -999.9 3.9 -999.9 4.4 0.0 0.0 35.0 35.0 35.0 35.2 35.4 22.6 16.5 95.9 74.5 24.3 DCRS_-_Antônio_Prado/Flores_da_Cunha_(292_m) -999.9 -999.9 979.1 971.1 972.7 19.8 15.1 478.0 Rio_Grande_do_Sul DCRS -999.9 0.0 35.0 250.45 250.48 249.99 -1 -0.01 250.48 250.54 250.54 250.65
-28.939899 -51.188499 DCRS-00087 2026-07-20_18:20 20.0 -999.9 -999.9 94.6 -999.9 -999.9 19.1 -999.9 -999.9 972.8 -999.9 -999.9 0.0 -999.9 4.4 0.0 0.0 35.0 35.0 35.0 35.2 35.4 22.6 16.5 95.9 74.5 24.3 DCRS_-_Antônio_Prado/Flores_da_Cunha_(292_m) -999.9 -999.9 979.1 971.1 972.8 19.8 15.1 478.0 Rio_Grande_do_Sul DCRS -999.9 0.0 35.0 250.46 250.48 249.99 -1 0.0 250.48 250.54 250.54 250.65
-28.939899 -51.188499 DCRS-00087 2026-07-20_18:21 19.9 -999.9 -999.9 94.8 -999.9 -999.9 19.0 -999.9 -999.9 972.9 -999.9 -999.9 3.4 -999.9 4.4 0.0 0.0 35.0 35.0 35.0 35.2 35.4 22.6 16.5 95.9 74.5 24.3 DCRS_-_Antônio_Prado/Flores_da_Cunha_(292_m) -999.9 -999.9 979.1 971.1 972.9 19.8 15.1 478.0 Rio_Grande_do_Sul DCRS -999.9 0.0 35.0 250.46 250.48 249.99 -1 0.0 250.48 250.54 250.54 250.65
-28.939899 -51.188499 DCRS-00087 2026-07-20_18:22 19.9 -999.9 -999.9 94.9 -999.9 -999.9 19.1 -999.9 -999.9 972.9 -999.9 -999.9 0.0 -999.9 4.4 0.0 0.0 35.0 35.0 35.0 35.2 35.4 22.6 16.5 95.9 74.5 24.3 DCRS_-_Antônio_Prado/Flores_da_Cunha_(292_m) -999.9 -999.9 979.1 971.1 972.9 19.8 15.1 478.0 Rio_Grande_do_Sul DCRS -999.9 0.0 35.0 250.37 250.48 249.99 -1 -0.09 250.48 250.54 250.54 250.65
-28.939899 -51.188499 DCRS-00087 2026-07-20_18:23 20.0 -999.9 -999.9 95.1 -999.9 -999.9 19.2 -999.9 -999.9 972.8 -999.9 -999.9 -999.9 -999.9 4.4 0.0 0.0 35.0 35.0 35.0 35.2 35.4 22.6 16.5 95.9 74.5 24.3 DCRS_-_Antônio_Prado/Flores_da_Cunha_(292_m) -999.9 -999.9 979.1 971.1 972.8 19.8 15.1 478.0 Rio_Grande_do_Sul DCRS -999.9 0.0 35.0 250.42 250.48 249.99 -1 -0.04 250.48 250.54 250.54 250.65
-28.939899 -51.188499 DCRS-00087 2026-07-20_18:24 20.0 -999.9 -999.9 95.3 -999.9 -999.9 19.2 -999.9 -999.9 972.7 -999.9 -999.9 -999.9 -999.9 4.4 0.0 0.4 35.4 35.4 35.4 35.6 35.8 22.6 16.5 95.9 74.5 24.3 DCRS_-_Antônio_Prado/Flores_da_Cunha_(292_m) -999.9 -999.9 979.1 971.1 972.7 19.8 15.1 478.0 Rio_Grande_do_Sul DCRS -999.9 0.4 35.4 250.4 250.48 249.99 -1 -0.06 250.48 250.54 250.54 250.65
-28.939899 -51.188499 DCRS-00087 2026-07-20_18:25 20.0 -999.9 -999.9 95.3 -999.9 -999.9 19.2 -999.9 -999.9 972.7 -999.9 -999.9 7.2 -999.9 15.0 0.0 0.4 35.4 35.4 35.4 35.6 35.8 22.6 16.5 95.9 74.5 24.3 DCRS_-_Antônio_Prado/Flores_da_Cunha_(292_m) -999.9 -999.9 979.1 971.1 972.7 19.8 15.1 478.0 Rio_Grande_do_Sul DCRS -999.9 0.0 35.4 250.39 250.48 249.99 -1 -0.07 250.48 250.54 250.54 250.65
-28.939899 -51.188499 DCRS-00087 2026-07-20_18:26 20.0 -999.9 -999.9 95.4 -999.9 -999.9 19.2 -999.9 -999.9 972.8 -999.9 -999.9 1.9 -999.9 15.0 0.0 0.4 35.4 35.4 35.4 35.6 35.8 22.6 16.5 95.9 74.5 24.3 DCRS_-_Antônio_Prado/Flores_da_Cunha_(292_m) -999.9 -999.9 979.1 971.1 972.8 19.8 15.1 478.0 Rio_Grande_do_Sul DCRS -999.9 0.0 35.4 250.4 250.48 249.99 -1 -0.06 250.48 250.54 250.54 250.65
-28.939899 -51.188499 DCRS-00087 2026-07-20_18:27 20.0 -999.9 -999.9 95.1 -999.9 -999.9 19.2 -999.9 -999.9 972.8 -999.9 -999.9 0.0 -999.9 15.0 0.0 0.4 35.4 35.4 35.4 35.6 35.8 22.6 16.5 95.9 74.5 24.3 DCRS_-_Antônio_Prado/Flores_da_Cunha_(292_m) -999.9 -999.9 979.1 971.1 972.8 19.8 15.1 478.0 Rio_Grande_do_Sul DCRS -999.9 0.0 35.4 250.45 250.48 249.99 -1 -0.01 250.48 250.54 250.54 250.65
-28.939899 -51.188499 DCRS-00087 2026-07-20_18:28 20.0 -999.9 -999.9 94.9 -999.9 -999.9 19.2 -999.9 -999.9 972.8 -999.9 -999.9 3.0 -999.9 15.0 0.0 0.4 35.8 35.8 35.8 36.0 36.2 22.6 16.5 95.9 74.5 24.3 DCRS_-_Antônio_Prado/Flores_da_Cunha_(292_m) -999.9 -999.9 979.1 971.1 972.8 19.8 15.1 478.0 Rio_Grande_do_Sul DCRS -999.9 0.0 35.8 250.45 250.48 249.99 -1 -0.01 250.48 250.54 250.54 250.65
-28.939899 -51.188499 DCRS-00087 2026-07-20_18:29 20.0 -999.9 -999.9 95.0 -999.9 -999.9 19.2 -999.9 -999.9 972.8 -999.9 -999.9 0.0 -999.9 15.0 0.0 1.6 35.8 35.8 35.8 36.0 36.2 22.6 16.5 95.9 74.5 24.3 DCRS_-_Antônio_Prado/Flores_da_Cunha_(292_m) -999.9 -999.9 979.1 971.1 972.8 19.8 15.1 478.0 Rio_Grande_do_Sul DCRS -999.9 0.8 35.8 250.43 250.48 249.99 -1 -0.03 250.48 250.54 250.54 250.65
-28.939899 -51.188499 DCRS-00087 2026-07-20_18:30 19.9 -999.9 -999.9 95.0 -999.9 -999.9 19.1 -999.9 -999.9 972.8 -999.9 -999.9 2.6 -999.9 12.2 0.0 1.6 35.8 35.8 35.8 36.0 36.2 22.6 16.5 95.9 74.5 24.3 DCRS_-_Antônio_Prado/Flores_da_Cunha_(292_m) -999.9 -999.9 979.1 971.1 972.8 19.8 15.1 478.0 Rio_Grande_do_Sul DCRS -999.9 0.0 35.8 250.43 250.48 249.99 -1 -0.03 250.48 250.54 250.54 250.65
-28.939899 -51.188499 DCRS-00087 2026-07-20_18:31 19.9 -999.9 -999.9 95.0 -999.9 -999.9 19.1 -999.9 -999.9 972.9 -999.9 -999.9 0.0 -999.9 12.2 0.0 1.6 35.8 35.8 35.8 36.0 36.2 22.6 16.5 95.9 74.5 24.3 DCRS_-_Antônio_Prado/Flores_da_Cunha_(292_m) -999.9 -999.9 979.1 971.1 972.9 19.8 15.1 478.0 Rio_Grande_do_Sul DCRS -999.9 0.0 35.8 250.44 250.48 249.99 -1 -0.02 250.48 250.54 250.54 250.65
-28.939899 -51.188499 DCRS-00087 2026-07-20_18:32 19.9 -999.9 -999.9 95.1 -999.9 -999.9 19.1 -999.9 -999.9 972.9 -999.9 -999.9 0.0 -999.9 12.2 0.0 1.6 37.0 37.0 37.0 37.2 37.4 22.6 16.5 95.9 74.5 24.3 DCRS_-_Antônio_Prado/Flores_da_Cunha_(292_m) -999.9 -999.9 979.1 971.1 972.9 19.8 15.1 478.0 Rio_Grande_do_Sul DCRS -999.9 0.0 37.0 250.44 250.48 249.99 -1 -0.02 250.48 250.54 250.54 250.65
-28.939899 -51.188499 DCRS-00087 2026-07-20_18:33 19.9 -999.9 -999.9 95.2 -999.9 -999.9 19.1 -999.9 -999.9 972.9 -999.9 -999.9 2.4 -999.9 12.2 0.0 1.6 37.0 37.0 37.0 37.2 37.4 22.6 16.5 95.9 74.5 24.3 DCRS_-_Antônio_Prado/Flores_da_Cunha_(292_m) -999.9 -999.9 979.1 971.1 972.9 19.8 15.1 478.0 Rio_Grande_do_Sul DCRS -999.9 0.0 37.0 250.44 250.48 249.99 -1 -0.02 250.48 250.54 250.54 250.65
-28.939899 -51.188499 DCRS-00087 2026-07-20_18:34 19.9 -999.9 -999.9 95.3 -999.9 -999.9 19.1 -999.9 -999.9 972.9 -999.9 -999.9 2.2 -999.9 12.2 0.0 1.8 37.0 37.0 37.0 37.2 37.4 22.6 16.5 95.9 74.5 24.3 DCRS_-_Antônio_Prado/Flores_da_Cunha_(292_m) -999.9 -999.9 979.1 971.1 972.9 19.8 15.1 478.0 Rio_Grande_do_Sul DCRS -999.9 0.0 37.0 250.45 250.48 249.99 -1 -0.01 250.48 250.54 250.54 250.65
-28.939899 -51.188499 DCRS-00087 2026-07-20_18:35 19.9 -999.9 -999.9 95.4 -999.9 -999.9 19.1 -999.9 -999.9 972.8 -999.9 -999.9 4.4 -999.9 5.3 0.0 1.8 37.0 37.0 37.0 37.2 37.4 22.6 16.5 95.9 74.5 24.3 DCRS_-_Antônio_Prado/Flores_da_Cunha_(292_m) -999.9 -999.9 979.1 971.1 972.8 19.8 15.1 478.0 Rio_Grande_do_Sul DCRS -999.9 0.0 37.0 250.44 250.48 249.99 -1 -0.02 250.48 250.54 250.54 250.65
-28.939899 -51.188499 DCRS-00087 2026-07-20_18:36 19.9 -999.9 -999.9 95.4 -999.9 -999.9 19.1 -999.9 -999.9 972.8 -999.9 -999.9 1.9 -999.9 5.3 0.0 1.8 37.2 37.2 37.2 37.4 37.6 22.6 16.5 95.9 74.5 24.3 DCRS_-_Antônio_Prado/Flores_da_Cunha_(292_m) -999.9 -999.9 979.1 971.1 972.8 19.8 15.1 478.0 Rio_Grande_do_Sul DCRS -999.9 0.0 37.2 250.44 250.48 249.99 -1 -0.02 250.48 250.54 250.54 250.65
-28.939899 -51.188499 DCRS-00087 2026-07-20_18:37 19.9 -999.9 -999.9 95.6 -999.9 -999.9 19.2 -999.9 -999.9 972.8 -999.9 -999.9 3.1 -999.9 5.3 0.0 1.8 37.2 37.2 37.2 37.4 37.6 22.6 16.5 95.9 74.5 24.3 DCRS_-_Antônio_Prado/Flores_da_Cunha_(292_m) -999.9 -999.9 979.1 971.1 972.8 19.8 15.1 478.0 Rio_Grande_do_Sul DCRS -999.9 0.0 37.2 250.44 250.48 249.99 -1 -0.02 250.48 250.54 250.54 250.65
-28.939899 -51.188499 DCRS-00087 2026-07-20_18:38 19.9 -999.9 -999.9 95.7 -999.9 -999.9 19.2 -999.9 -999.9 972.7 -999.9 -999.9 4.2 -999.9 5.3 0.0 1.8 37.2 37.2 37.2 37.4 37.6 22.6 16.5 95.9 74.5 24.3 DCRS_-_Antônio_Prado/Flores_da_Cunha_(292_m) -999.9 -999.9 979.1 971.1 972.7 19.8 15.1 478.0 Rio_Grande_do_Sul DCRS -999.9 0.0 37.2 250.43 250.48 249.99 -1 -0.03 250.48 250.54 250.54 250.65
-28.939899 -51.188499 DCRS-00087 2026-07-20_18:39 19.9 -999.9 -999.9 95.8 -999.9 -999.9 19.2 -999.9 -999.9 972.8 -999.9 -999.9 5.0 -999.9 5.3 0.0 1.8 37.2 37.2 37.2 37.4 37.6 22.6 16.5 95.9 74.5 24.3 DCRS_-_Antônio_Prado/Flores_da_Cunha_(292_m) -999.9 -999.9 979.1 971.1 972.8 19.8 15.1 478.0 Rio_Grande_do_Sul DCRS -999.9 0.0 37.2 250.45 250.48 249.99 -1 -0.01 250.48 250.54 250.54 250.65
-28.939899 -51.188499 DCRS-00087 2026-07-20_18:40 19.9 -999.9 -999.9 95.8 -999.9 -999.9 19.2 -999.9 -999.9 972.8 -999.9 -999.9 3.0 -999.9 6.8 0.0 1.8 37.2 37.2 37.2 37.4 37.6 22.6 16.5 95.9 74.5 24.3 DCRS_-_Antônio_Prado/Flores_da_Cunha_(292_m) -999.9 -999.9 979.1 971.1 972.8 19.8 15.1 478.0 Rio_Grande_do_Sul DCRS -999.9 0.0 37.2 250.45 250.48 249.99 -1 -0.01 250.48 250.54 250.54 250.65
-28.939899 -51.188499 DCRS-00087 2026-07-20_18:41 19.9 -999.9 -999.9 95.8 -999.9 -999.9 19.2 -999.9 -999.9 972.8 -999.9 -999.9 0.0 -999.9 6.8 0.0 1.8 37.2 37.2 37.2 37.4 37.6 22.6 16.5 95.9 74.5 24.3 DCRS_-_Antônio_Prado/Flores_da_Cunha_(292_m) -999.9 -999.9 979.1 971.1 972.8 19.8 15.1 478.0 Rio_Grande_do_Sul DCRS -999.9 0.0 37.2 250.42 250.48 249.99 -1 -0.04 250.48 250.54 250.54 250.65
-28.939899 -51.188499 DCRS-00087 2026-07-20_18:42 19.9 -999.9 -999.9 95.8 -999.9 -999.9 19.2 -999.9 -999.9 972.8 -999.9 -999.9 0.0 -999.9 6.8 0.0 1.8 37.2 37.2 37.2 37.4 37.6 22.6 16.5 95.9 74.5 24.3 DCRS_-_Antônio_Prado/Flores_da_Cunha_(292_m) -999.9 -999.9 979.1 971.1 972.8 19.8 15.1 478.0 Rio_Grande_do_Sul DCRS -999.9 0.0 37.2 250.45 250.48 249.99 -1 -0.01 250.48 250.54 250.54 250.65
-28.939899 -51.188499 DCRS-00087 2026-07-20_18:43 19.9 -999.9 -999.9 95.9 -999.9 -999.9 19.2 -999.9 -999.9 972.9 -999.9 -999.9 0.0 -999.9 6.8 0.0 1.8 37.2 37.2 37.2 37.4 37.6 22.6 16.5 95.9 74.5 24.3 DCRS_-_Antônio_Prado/Flores_da_Cunha_(292_m) -999.9 -999.9 979.1 971.1 972.9 19.8 15.1 478.0 Rio_Grande_do_Sul DCRS -999.9 0.0 37.2 250.45 250.48 249.99 -1 -0.01 250.48 250.54 250.54 250.65
-28.939899 -51.188499 DCRS-00087 2026-07-20_18:44 19.9 -999.9 -999.9 96.0 -999.9 -999.9 19.2 -999.9 -999.9 972.9 -999.9 -999.9 0.0 -999.9 6.8 0.0 1.8 37.2 37.2 37.2 37.4 37.6 22.6 16.5 96.0 74.5 24.3 DCRS_-_Antônio_Prado/Flores_da_Cunha_(292_m) -999.9 -999.9 979.1 971.1 972.9 19.8 15.1 478.0 Rio_Grande_do_Sul DCRS -999.9 0.0 37.2 250.45 250.48 249.99 -1 -0.01 250.48 250.54 250.54 250.65
-28.939899 -51.188499 DCRS-00087 2026-07-20_18:45 20.0 -999.9 -999.9 95.9 -999.9 -999.9 19.3 -999.9 -999.9 973.0 -999.9 -999.9 0.0 -999.9 4.3 0.0 1.8 37.2 37.2 37.2 37.4 37.6 22.6 16.5 96.0 74.5 24.3 DCRS_-_Antônio_Prado/Flores_da_Cunha_(292_m) -999.9 -999.9 979.1 971.1 973.0 19.8 15.1 478.0 Rio_Grande_do_Sul DCRS -999.9 0.0 37.2 250.45 250.48 249.99 -1 -0.01 250.48 250.54 250.54 250.65
-28.939899 -51.188499 DCRS-00087 2026-07-20_18:46 19.9 -999.9 -999.9 96.0 -999.9 -999.9 19.2 -999.9 -999.9 973.0 -999.9 -999.9 0.0 -999.9 4.3 0.0 1.8 37.2 37.2 37.2 37.4 37.6 22.6 16.5 96.0 74.5 24.3 DCRS_-_Antônio_Prado/Flores_da_Cunha_(292_m) -999.9 -999.9 979.1 971.1 973.0 19.8 15.1 478.0 Rio_Grande_do_Sul DCRS -999.9 0.0 37.2 250.42 250.48 249.99 -1 -0.04 250.48 250.54 250.54 250.65
-28.939899 -51.188499 DCRS-00087 2026-07-20_18:47 19.9 -999.9 -999.9 95.9 -999.9 -999.9 19.2 -999.9 -999.9 973.0 -999.9 -999.9 0.0 -999.9 4.3 0.0 1.8 37.2 37.2 37.2 37.4 37.6 22.6 16.5 96.0 74.5 24.3 DCRS_-_Antônio_Prado/Flores_da_Cunha_(292_m) -999.9 -999.9 979.1 971.1 973.0 19.8 15.1 478.0 Rio_Grande_do_Sul DCRS -999.9 0.0 37.2 250.43 250.48 249.99 -1 -0.03 250.48 250.54 250.54 250.65
-28.939899 -51.188499 DCRS-00087 2026-07-20_18:48 19.9 -999.9 -999.9 95.9 -999.9 -999.9 19.2 -999.9 -999.9 973.0 -999.9 -999.9 2.6 -999.9 4.3 0.0 1.8 37.2 37.2 37.2 37.4 37.6 22.6 16.5 96.0 74.5 24.3 DCRS_-_Antônio_Prado/Flores_da_Cunha_(292_m) -999.9 -999.9 979.1 971.1 973.0 19.8 15.1 478.0 Rio_Grande_do_Sul DCRS -999.9 0.0 37.2 250.44 250.48 249.99 -1 -0.02 250.48 250.54 250.54 250.65
-28.939899 -51.188499 DCRS-00087 2026-07-20_18:49 20.0 -999.9 -999.9 96.0 -999.9 -999.9 19.3 -999.9 -999.9 973.0 -999.9 -999.9 2.7 -999.9 4.3 0.0 1.8 37.2 37.2 37.2 37.4 37.6 22.6 16.5 96.0 74.5 24.3 DCRS_-_Antônio_Prado/Flores_da_Cunha_(292_m) -999.9 -999.9 979.1 971.1 973.0 19.8 15.1 478.0 Rio_Grande_do_Sul DCRS -999.9 0.0 37.2 250.44 250.48 249.99 -1 -0.02 250.48 250.54 250.54 250.65
-28.939899 -51.188499 DCRS-00087 2026-07-20_18:50 19.9 -999.9 -999.9 95.9 -999.9 -999.9 19.2 -999.9 -999.9 973.0 -999.9 -999.9 2.3 -999.9 4.0 0.0 1.8 37.2 37.2 37.2 37.4 37.6 22.6 16.5 96.0 74.5 24.3 DCRS_-_Antônio_Prado/Flores_da_Cunha_(292_m) -999.9 -999.9 979.1 971.1 973.0 19.8 15.1 478.0 Rio_Grande_do_Sul DCRS -999.9 0.0 37.2 250.43 250.48 249.99 -1 -0.03 250.48 250.54 250.54 250.65
-28.939899 -51.188499 DCRS-00087 2026-07-20_18:51 19.9 -999.9 -999.9 95.9 -999.9 -999.9 19.2 -999.9 -999.9 973.0 -999.9 -999.9 1.8 -999.9 4.0 0.0 1.8 37.2 37.2 37.2 37.4 37.6 22.6 16.5 96.0 74.5 24.3 DCRS_-_Antônio_Prado/Flores_da_Cunha_(292_m) -999.9 -999.9 979.1 971.1 973.0 19.8 15.1 478.0 Rio_Grande_do_Sul DCRS -999.9 0.0 37.2 250.44 250.48 249.99 -1 -0.02 250.48 250.54 250.54 250.65
-28.939899 -51.188499 DCRS-00087 2026-07-20_18:52 20.0 -999.9 -999.9 96.0 -999.9 -999.9 19.3 -999.9 -999.9 973.1 -999.9 -999.9 3.2 -999.9 4.0 0.0 1.8 37.2 37.2 37.2 37.4 37.6 22.6 16.5 96.0 74.5 24.3 DCRS_-_Antônio_Prado/Flores_da_Cunha_(292_m) -999.9 -999.9 979.1 971.1 973.1 19.8 15.1 478.0 Rio_Grande_do_Sul DCRS -999.9 0.0 37.2 250.45 250.48 249.99 -1 -0.01 250.48 250.54 250.54 250.65
-28.939899 -51.188499 DCRS-00087 2026-07-20_18:53 19.9 -999.9 -999.9 95.9 -999.9 -999.9 19.2 -999.9 -999.9 973.0 -999.9 -999.9 2.7 -999.9 4.0 0.0 1.8 37.2 37.2 37.2 37.4 37.6 22.6 16.5 96.0 74.5 24.3 DCRS_-_Antônio_Prado/Flores_da_Cunha_(292_m) -999.9 -999.9 979.1 971.1 973.0 19.8 15.1 478.0 Rio_Grande_do_Sul DCRS -999.9 0.0 37.2 250.45 250.48 249.99 -1 -0.01 250.48 250.54 250.54 250.65
-28.939899 -51.188499 DCRS-00087 2026-07-20_18:54 19.9 -999.9 -999.9 96.0 -999.9 -999.9 19.2 -999.9 -999.9 973.0 -999.9 -999.9 -999.9 -999.9 4.0 0.0 2.0 37.2 37.2 37.2 37.4 37.6 22.6 16.5 96.0 74.5 24.3 DCRS_-_Antônio_Prado/Flores_da_Cunha_(292_m) -999.9 -999.9 979.1 971.1 973.0 19.8 15.1 478.0 Rio_Grande_do_Sul DCRS -999.9 0.2 37.2 250.42 250.48 249.99 -1 -0.04 250.48 250.54 250.54 250.65
-28.939899 -51.188499 DCRS-00087 2026-07-20_18:55 19.9 -999.9 -999.9 96.0 -999.9 -999.9 19.2 -999.9 -999.9 973.0 -999.9 -999.9 5.2 -999.9 5.5 0.0 2.0 37.2 37.2 37.2 37.4 37.6 22.6 16.5 96.0 74.5 24.3 DCRS_-_Antônio_Prado/Flores_da_Cunha_(292_m) -999.9 -999.9 979.1 971.1 973.0 19.8 15.1 478.0 Rio_Grande_do_Sul DCRS -999.9 0.0 37.2 250.45 250.48 249.99 -1 -0.01 250.48 250.54 250.54 250.65
-28.939899 -51.188499 DCRS-00087 2026-07-20_18:56 19.9 -999.9 -999.9 96.1 -999.9 -999.9 19.3 -999.9 -999.9 973.0 -999.9 -999.9 3.9 -999.9 5.5 0.0 2.0 37.4 37.4 37.4 37.6 37.8 22.6 16.5 96.1 74.5 24.3 DCRS_-_Antônio_Prado/Flores_da_Cunha_(292_m) -999.9 -999.9 979.1 971.1 973.0 19.8 15.1 478.0 Rio_Grande_do_Sul DCRS -999.9 0.0 37.4 250.44 250.48 249.99 -1 -0.02 250.48 250.54 250.54 250.65
-28.939899 -51.188499 DCRS-00087 2026-07-20_18:57 19.9 -999.9 -999.9 96.1 -999.9 -999.9 19.3 -999.9 -999.9 973.1 -999.9 -999.9 2.0 -999.9 5.5 0.0 2.0 37.4 37.4 37.4 37.6 37.8 22.6 16.5 96.1 74.5 24.3 DCRS_-_Antônio_Prado/Flores_da_Cunha_(292_m) -999.9 -999.9 979.1 971.1 973.1 19.8 15.1 478.0 Rio_Grande_do_Sul DCRS -999.9 0.0 37.4 250.46 250.48 249.99 -1 0.0 250.48 250.54 250.54 250.65
-28.939899 -51.188499 DCRS-00087 2026-07-20_18:58 20.0 -999.9 -999.9 96.0 -999.9 -999.9 19.3 -999.9 -999.9 973.1 -999.9 -999.9 0.0 -999.9 5.5 0.0 2.0 37.4 37.4 37.4 37.6 37.8 22.6 16.5 96.1 74.5 24.3 DCRS_-_Antônio_Prado/Flores_da_Cunha_(292_m) -999.9 -999.9 979.1 971.1 973.1 19.8 15.1 478.0 Rio_Grande_do_Sul DCRS -999.9 0.0 37.4 250.43 250.48 249.99 -1 -0.03 250.48 250.54 250.54 250.65
-28.939899 -51.188499 DCRS-00087 2026-07-20_18:59 19.9 -999.9 -999.9 96.0 -999.9 -999.9 19.2 -999.9 -999.9 973.1 -999.9 -999.9 0.0 -999.9 5.5 0.0 2.0 37.4 37.4 37.4 37.6 37.8 22.6 16.5 96.1 74.5 24.3 DCRS_-_Antônio_Prado/Flores_da_Cunha_(292_m) -999.9 -999.9 979.1 971.1 973.1 19.8 15.1 478.0 Rio_Grande_do_Sul DCRS -999.9 0.0 37.4 250.44 250.48 249.99 -1 -0.02 250.48 250.54 250.54 250.65
-28.939899 -51.188499 DCRS-00087 2026-07-20_19:00 20.0 -999.9 -999.9 96.0 -999.9 -999.9 19.3 -999.9 -999.9 973.1 -999.9 -999.9 0.0 -999.9 5.7 0.0 2.0 37.4 37.4 37.4 37.6 37.8 22.6 16.5 96.1 74.5 24.3 DCRS_-_Antônio_Prado/Flores_da_Cunha_(292_m) -999.9 -999.9 979.1 971.1 973.1 19.8 15.1 478.0 Rio_Grande_do_Sul DCRS -999.9 0.0 37.4 250.44 250.48 249.99 -1 -0.02 250.48 250.54 250.54 250.65
-28.939899 -51.188499 DCRS-00087 2026-07-20_19:01 20.0 -999.9 -999.9 96.0 -999.9 -999.9 19.3 -999.9 -999.9 973.1 -999.9 -999.9 0.0 -999.9 5.7 0.0 2.0 37.4 37.4 37.4 37.6 37.8 22.6 16.5 96.1 74.5 24.3 DCRS_-_Antônio_Prado/Flores_da_Cunha_(292_m) -999.9 -999.9 979.1 971.1 973.1 19.8 15.1 478.0 Rio_Grande_do_Sul DCRS -999.9 0.0 37.4 250.42 250.48 249.99 -1 -0.04 250.48 250.54 250.54 250.65
-28.939899 -51.188499 DCRS-00087 2026-07-20_19:02 19.9 -999.9 -999.9 95.8 -999.9 -999.9 19.2 -999.9 -999.9 973.1 -999.9 -999.9 0.0 -999.9 5.7 0.0 2.0 37.4 37.4 37.4 37.6 37.8 22.6 16.5 96.1 74.5 24.3 DCRS_-_Antônio_Prado/Flores_da_Cunha_(292_m) -999.9 -999.9 979.1 971.1 973.1 19.8 15.1 478.0 Rio_Grande_do_Sul DCRS -999.9 0.0 37.4 250.44 250.48 249.99 -1 -0.02 250.48 250.54 250.54 250.65
-28.939899 -51.188499 DCRS-00087 2026-07-20_19:03 20.0 -999.9 -999.9 95.9 -999.9 -999.9 19.3 -999.9 -999.9 973.0 -999.9 -999.9 0.0 -999.9 5.7 0.0 2.0 37.4 37.4 37.4 37.6 37.8 22.6 16.5 96.1 74.5 24.3 DCRS_-_Antônio_Prado/Flores_da_Cunha_(292_m) -999.9 -999.9 979.1 971.1 973.0 19.8 15.1 478.0 Rio_Grande_do_Sul DCRS -999.9 0.0 37.4 250.44 250.48 249.99 0 -0.02 250.48 250.54 250.54 250.65
-28.939899 -51.188499 DCRS-00087 2026-07-20_19:04 20.0 -999.9 -999.9 95.9 -999.9 -999.9 19.3 -999.9 -999.9 972.9 -999.9 -999.9 1.9 -999.9 5.7 0.0 2.2 37.6 37.6 37.6 37.8 38.0 22.6 16.5 96.1 74.5 24.3 DCRS_-_Antônio_Prado/Flores_da_Cunha_(292_m) -999.9 -999.9 979.1 971.1 972.9 19.8 15.1 478.0 Rio_Grande_do_Sul DCRS -999.9 0.2 37.6 250.44 250.48 249.99 0 -0.02 250.48 250.54 250.54 250.65
-28.939899 -51.188499 DCRS-00087 2026-07-20_19:05 20.0 -999.9 -999.9 95.9 -999.9 -999.9 19.3 -999.9 -999.9 972.9 -999.9 -999.9 -999.9 -999.9 3.4 0.0 2.2 37.6 37.6 37.6 37.8 38.0 22.6 16.5 96.1 74.5 24.3 DCRS_-_Antônio_Prado/Flores_da_Cunha_(292_m) -999.9 -999.9 979.1 971.1 972.9 19.8 15.1 478.0 Rio_Grande_do_Sul DCRS -999.9 0.0 37.6 250.41 250.48 249.99 0 -0.05 250.48 250.54 250.54 250.65
-28.939899 -51.188499 DCRS-00087 2026-07-20_19:06 20.0 -999.9 -999.9 95.8 -999.9 -999.9 19.3 -999.9 -999.9 972.9 -999.9 -999.9 1.9 -999.9 3.4 0.0 2.2 37.6 37.6 37.6 37.8 38.0 22.6 16.5 96.1 74.5 24.3 DCRS_-_Antônio_Prado/Flores_da_Cunha_(292_m) -999.9 -999.9 979.1 971.1 972.9 19.8 15.1 478.0 Rio_Grande_do_Sul DCRS -999.9 0.0 37.6 250.42 250.48 249.99 0 -0.04 250.48 250.54 250.54 250.65
-28.939899 -51.188499 DCRS-00087 2026-07-20_19:07 19.9 -999.9 -999.9 95.8 -999.9 -999.9 19.2 -999.9 -999.9 972.8 -999.9 -999.9 2.8 -999.9 3.4 0.0 2.2 37.6 37.6 37.6 37.8 38.0 22.6 16.5 96.1 74.5 24.3 DCRS_-_Antônio_Prado/Flores_da_Cunha_(292_m) -999.9 -999.9 979.1 971.1 972.8 19.8 15.1 478.0 Rio_Grande_do_Sul DCRS -999.9 0.0 37.6 250.44 250.48 249.99 0 -0.02 250.48 250.54 250.54 250.65
-28.939899 -51.188499 DCRS-00087 2026-07-20_19:08 20.0 -999.9 -999.9 95.9 -999.9 -999.9 19.3 -999.9 -999.9 972.9 -999.9 -999.9 0.0 -999.9 3.4 0.0 2.2 37.8 37.8 37.8 38.0 38.2 22.6 16.5 96.1 74.5 24.3 DCRS_-_Antônio_Prado/Flores_da_Cunha_(292_m) -999.9 -999.9 979.1 971.1 972.9 19.8 15.1 478.0 Rio_Grande_do_Sul DCRS -999.9 0.0 37.8 250.43 250.48 249.99 0 -0.03 250.48 250.54 250.54 250.65
-28.939899 -51.188499 DCRS-00087 2026-07-20_19:09 20.0 -999.9 -999.9 95.8 -999.9 -999.9 19.3 -999.9 -999.9 972.9 -999.9 -999.9 0.0 -999.9 3.4 0.0 2.6 37.8 37.8 37.8 38.0 38.2 22.6 16.5 96.1 74.5 24.3 DCRS_-_Antônio_Prado/Flores_da_Cunha_(292_m) -999.9 -999.9 979.1 971.1 972.9 19.8 15.1 478.0 Rio_Grande_do_Sul DCRS -999.9 0.2 37.8 250.44 250.48 249.99 0 -0.02 250.48 250.54 250.54 250.65
-28.939899 -51.188499 DCRS-00087 2026-07-20_19:10 19.9 -999.9 -999.9 95.9 -999.9 -999.9 19.2 -999.9 -999.9 972.9 -999.9 -999.9 0.0 -999.9 4.0 0.0 2.6 37.8 37.8 37.8 38.0 38.2 22.6 16.5 96.1 74.5 24.3 DCRS_-_Antônio_Prado/Flores_da_Cunha_(292_m) -999.9 -999.9 979.1 971.1 972.9 19.8 15.1 478.0 Rio_Grande_do_Sul DCRS -999.9 0.0 37.8 250.44 250.48 249.99 0 -0.02 250.48 250.54 250.54 250.65
-28.939899 -51.188499 DCRS-00087 2026-07-20_19:11 19.9 -999.9 -999.9 95.9 -999.9 -999.9 19.2 -999.9 -999.9 972.9 -999.9 -999.9 0.0 -999.9 4.0 0.0 2.6 37.8 37.8 37.8 38.0 38.2 22.6 16.5 96.1 74.5 24.3 DCRS_-_Antônio_Prado/Flores_da_Cunha_(292_m) -999.9 -999.9 979.1 971.1 972.9 19.8 15.1 478.0 Rio_Grande_do_Sul DCRS -999.9 0.0 37.8 250.43 250.48 249.99 0 -0.03 250.48 250.54 250.54 250.65
-28.939899 -51.188499 DCRS-00087 2026-07-20_19:12 19.9 -999.9 -999.9 95.9 -999.9 -999.9 19.2 -999.9 -999.9 972.9 -999.9 -999.9 2.8 -999.9 4.0 0.0 2.6 38.2 38.2 38.2 38.4 38.6 22.6 16.5 96.1 74.5 24.3 DCRS_-_Antônio_Prado/Flores_da_Cunha_(292_m) -999.9 -999.9 979.1 971.1 972.9 19.8 15.1 478.0 Rio_Grande_do_Sul DCRS -999.9 0.0 38.2 250.45 250.48 249.99 0 -0.01 250.48 250.54 250.54 250.65
-28.939899 -51.188499 DCRS-00087 2026-07-20_19:13 19.9 -999.9 -999.9 95.9 -999.9 -999.9 19.2 -999.9 -999.9 972.9 -999.9 -999.9 2.4 -999.9 4.0 0.0 2.6 38.2 38.2 38.2 38.4 38.6 22.6 16.5 96.1 74.5 24.3 DCRS_-_Antônio_Prado/Flores_da_Cunha_(292_m) -999.9 -999.9 979.1 971.1 972.9 19.8 15.1 478.0 Rio_Grande_do_Sul DCRS -999.9 0.0 38.2 250.45 250.48 249.99 1 -0.01 250.48 250.54 250.54 250.65
-28.939899 -51.188499 DCRS-00087 2026-07-20_19:14 19.9 -999.9 -999.9 95.8 -999.9 -999.9 19.2 -999.9 -999.9 972.8 -999.9 -999.9 0.0 -999.9 4.0 0.0 2.6 38.2 38.2 38.2 38.4 38.6 22.6 16.5 96.1 74.5 24.3 DCRS_-_Antônio_Prado/Flores_da_Cunha_(292_m) -999.9 -999.9 979.1 971.1 972.8 19.8 15.1 478.0 Rio_Grande_do_Sul DCRS -999.9 0.0 38.2 250.45 250.48 249.99 1 0.03 250.48 250.54 250.54 250.65
-28.939899 -51.188499 DCRS-00087 2026-07-20_19:15 19.9 -999.9 -999.9 95.8 -999.9 -999.9 19.2 -999.9 -999.9 972.8 -999.9 -999.9 2.2 -999.9 3.9 0.0 2.6 38.2 38.2 38.2 38.4 38.6 22.6 16.5 96.1 74.5 24.3 DCRS_-_Antônio_Prado/Flores_da_Cunha_(292_m) -999.9 -999.9 979.1 971.1 972.8 19.8 15.1 478.0 Rio_Grande_do_Sul DCRS -999.9 0.0 38.2 250.44 250.48 249.99 1 0.02 250.48 250.54 250.54 250.65
-28.939899 -51.188499 DCRS-00087 2026-07-20_19:16 19.9 -999.9 -999.9 95.8 -999.9 -999.9 19.2 -999.9 -999.9 972.7 -999.9 -999.9 2.1 -999.9 3.9 0.0 2.6 38.2 38.2 38.2 38.4 38.6 22.6 16.5 96.1 74.5 24.3 DCRS_-_Antônio_Prado/Flores_da_Cunha_(292_m) -999.9 -999.9 979.1 971.1 972.7 19.8 15.1 478.0 Rio_Grande_do_Sul DCRS -999.9 0.0 38.2 250.44 250.48 249.99 1 0.1 250.48 250.54 250.54 250.65
-28.939899 -51.188499 DCRS-00087 2026-07-20_19:17 19.9 -999.9 -999.9 95.8 -999.9 -999.9 19.2 -999.9 -999.9 972.7 -999.9 -999.9 3.0 -999.9 3.9 0.0 2.6 38.2 38.2 38.2 38.4 38.6 22.6 16.5 96.1 74.5 24.3 DCRS_-_Antônio_Prado/Flores_da_Cunha_(292_m) -999.9 -999.9 979.1 971.1 972.7 19.8 15.1 478.0 Rio_Grande_do_Sul DCRS -999.9 0.0 38.2 250.45 250.48 249.99 0 0.01 250.48 250.54 250.54 250.65
-28.939899 -51.188499 DCRS-00087 2026-07-20_19:18 19.9 -999.9 -999.9 95.8 -999.9 -999.9 19.2 -999.9 -999.9 972.7 -999.9 -999.9 2.1 -999.9 3.9 0.0 2.6 38.2 38.2 38.2 38.4 38.6 22.6 16.5 96.1 74.5 24.3 DCRS_-_Antônio_Prado/Flores_da_Cunha_(292_m) -999.9 -999.9 979.1 971.1 972.7 19.8 15.1 478.0 Rio_Grande_do_Sul DCRS -999.9 0.0 38.2 250.46 250.48 249.99 0 0.0 250.48 250.54 250.54 250.65
-28.939899 -51.188499 DCRS-00087 2026-07-20_19:19 19.8 -999.9 -999.9 95.8 -999.9 -999.9 19.1 -999.9 -999.9 972.7 -999.9 -999.9 0.0 -999.9 3.9 0.0 2.6 38.2 38.2 38.2 38.4 38.6 22.6 16.5 96.1 74.5 24.3 DCRS_-_Antônio_Prado/Flores_da_Cunha_(292_m) -999.9 -999.9 979.1 971.1 972.7 19.8 15.1 478.0 Rio_Grande_do_Sul DCRS -999.9 0.0 38.2 250.45 250.48 249.99 1 0.0 250.48 250.54 250.54 250.65
-28.939899 -51.188499 DCRS-00087 2026-07-20_19:20 19.8 -999.9 -999.9 95.7 -999.9 -999.9 19.1 -999.9 -999.9 972.7 -999.9 -999.9 0.0 -999.9 3.8 0.0 2.6 38.2 38.2 38.2 38.4 38.6 22.6 16.5 96.1 74.5 24.3 DCRS_-_Antônio_Prado/Flores_da_Cunha_(292_m) -999.9 -999.9 979.1 971.1 972.7 19.8 15.1 478.0 Rio_Grande_do_Sul DCRS -999.9 0.0 38.2 250.46 250.48 249.99 1 0.0 250.48 250.54 250.54 250.65
-28.939899 -51.188499 DCRS-00087 2026-07-20_19:21 19.9 -999.9 -999.9 95.8 -999.9 -999.9 19.2 -999.9 -999.9 972.7 -999.9 -999.9 0.0 -999.9 3.8 0.0 2.6 38.2 38.2 38.2 38.4 38.6 22.6 16.5 96.1 74.5 24.3 DCRS_-_Antônio_Prado/Flores_da_Cunha_(292_m) -999.9 -999.9 979.1 971.1 972.7 19.8 15.1 478.0 Rio_Grande_do_Sul DCRS -999.9 0.0 38.2 250.45 250.48 249.99 1 -0.01 250.48 250.54 250.54 250.65
-28.939899 -51.188499 DCRS-00087 2026-07-20_19:22 19.9 -999.9 -999.9 95.9 -999.9 -999.9 19.2 -999.9 -999.9 972.7 -999.9 -999.9 2.8 -999.9 3.8 0.0 2.6 38.2 38.2 38.2 38.4 38.6 22.6 16.5 96.1 74.5 24.3 DCRS_-_Antônio_Prado/Flores_da_Cunha_(292_m) -999.9 -999.9 979.1 971.1 972.7 19.8 15.1 478.0 Rio_Grande_do_Sul DCRS -999.9 0.0 38.2 250.45 250.48 249.99 1 0.03 250.48 250.54 250.54 250.65
-28.939899 -51.188499 DCRS-00087 2026-07-20_19:23 19.8 -999.9 -999.9 95.9 -999.9 -999.9 19.1 -999.9 -999.9 972.7 -999.9 -999.9 0.0 -999.9 3.8 0.0 2.6 38.2 38.2 38.2 38.4 38.6 22.6 16.5 96.1 74.5 24.3 DCRS_-_Antônio_Prado/Flores_da_Cunha_(292_m) -999.9 -999.9 979.1 971.1 972.7 19.8 15.1 478.0 Rio_Grande_do_Sul DCRS -999.9 0.0 38.2 250.44 250.48 249.99 1 0.02 250.48 250.54 250.54 250.65
-28.939899 -51.188499 DCRS-00087 2026-07-20_19:24 19.9 -999.9 -999.9 96.0 -999.9 -999.9 19.2 -999.9 -999.9 972.7 -999.9 -999.9 3.1 -999.9 3.8 0.0 2.2 38.2 38.2 38.2 38.4 38.6 22.6 16.5 96.1 74.5 24.3 DCRS_-_Antônio_Prado/Flores_da_Cunha_(292_m) -999.9 -999.9 979.1 971.1 972.7 19.8 15.1 478.0 Rio_Grande_do_Sul DCRS -999.9 0.0 38.2 250.46 250.48 249.99 1 0.06 250.48 250.54 250.54 250.65
-28.939899 -51.188499 DCRS-00087 2026-07-20_19:25 19.8 -999.9 -999.9 96.1 -999.9 -999.9 19.2 -999.9 -999.9 972.7 -999.9 -999.9 0.0 -999.9 3.7 0.0 2.2 38.2 38.2 38.2 38.4 38.6 22.6 16.5 96.1 74.5 24.3 DCRS_-_Antônio_Prado/Flores_da_Cunha_(292_m) -999.9 -999.9 979.1 971.1 972.7 19.8 15.1 478.0 Rio_Grande_do_Sul DCRS -999.9 0.0 38.2 250.45 250.48 249.99 1 0.06 250.48 250.54 250.54 250.65
-28.939899 -51.188499 DCRS-00087 2026-07-20_19:26 19.8 -999.9 -999.9 96.0 -999.9 -999.9 19.1 -999.9 -999.9 972.7 -999.9 -999.9 3.2 -999.9 3.7 0.0 2.2 38.2 38.2 38.2 38.4 38.6 22.6 16.5 96.1 74.5 24.3 DCRS_-_Antônio_Prado/Flores_da_Cunha_(292_m) -999.9 -999.9 979.1 971.1 972.7 19.8 15.1 478.0 Rio_Grande_do_Sul DCRS -999.9 0.0 38.2 250.45 250.48 249.99 0 0.0 250.48 250.54 250.54 250.65
-28.939899 -51.188499 DCRS-00087 2026-07-20_19:27 19.8 -999.9 -999.9 96.1 -999.9 -999.9 19.2 -999.9 -999.9 972.7 -999.9 -999.9 1.9 -999.9 3.7 0.0 2.2 38.2 38.2 38.2 38.4 38.6 22.6 16.5 96.1 74.5 24.3 DCRS_-_Antônio_Prado/Flores_da_Cunha_(292_m) -999.9 -999.9 979.1 971.1 972.7 19.8 15.1 478.0 Rio_Grande_do_Sul DCRS -999.9 0.0 38.2 250.46 250.48 249.99 0 0.01 250.48 250.54 250.54 250.65
-28.939899 -51.188499 DCRS-00087 2026-07-20_19:28 19.9 -999.9 -999.9 96.1 -999.9 -999.9 19.3 -999.9 -999.9 972.7 -999.9 -999.9 0.0 -999.9 3.7 0.0 2.2 38.2 38.2 38.2 38.4 38.6 22.6 16.5 96.1 74.5 24.3 DCRS_-_Antônio_Prado/Flores_da_Cunha_(292_m) -999.9 -999.9 979.1 971.1 972.7 19.8 15.1 478.0 Rio_Grande_do_Sul DCRS -999.9 0.0 38.2 250.45 250.48 249.99 0 0.0 250.48 250.54 250.54 250.65
-28.939899 -51.188499 DCRS-00087 2026-07-20_19:29 19.9 -999.9 -999.9 96.1 -999.9 -999.9 19.3 -999.9 -999.9 972.8 -999.9 -999.9 1.8 -999.9 3.7 0.0 1.0 38.2 38.2 38.2 38.4 38.6 22.6 16.5 96.1 74.5 24.3 DCRS_-_Antônio_Prado/Flores_da_Cunha_(292_m) -999.9 -999.9 979.1 971.1 972.8 19.8 15.1 478.0 Rio_Grande_do_Sul DCRS -999.9 0.0 38.2 250.47 250.48 249.99 1 0.04 250.48 250.54 250.54 250.65
-28.939899 -51.188499 DCRS-00087 2026-07-20_19:30 19.9 -999.9 -999.9 96.1 -999.9 -999.9 19.3 -999.9 -999.9 972.8 -999.9 -999.9 2.6 -999.9 3.3 0.0 1.0 38.2 38.2 38.2 38.4 38.6 22.6 16.5 96.1 74.5 24.3 DCRS_-_Antônio_Prado/Flores_da_Cunha_(292_m) -999.9 -999.9 979.1 971.1 972.8 19.8 15.1 478.0 Rio_Grande_do_Sul DCRS -999.9 0.0 38.2 250.47 250.48 249.99 1 0.04 250.48 250.54 250.54 250.65
-28.939899 -51.188499 DCRS-00087 2026-07-20_19:31 19.9 -999.9 -999.9 96.1 -999.9 -999.9 19.3 -999.9 -999.9 972.8 -999.9 -999.9 2.0 -999.9 3.3 0.0 1.0 38.2 38.2 38.2 38.4 38.6 22.6 16.5 96.1 74.5 24.3 DCRS_-_Antônio_Prado/Flores_da_Cunha_(292_m) -999.9 -999.9 979.1 971.1 972.8 19.8 15.1 478.0 Rio_Grande_do_Sul DCRS -999.9 0.0 38.2 250.47 250.48 249.99 1 0.03 250.48 250.54 250.54 250.65
-28.939899 -51.188499 DCRS-00087 2026-07-20_19:32 19.9 -999.9 -999.9 96.1 -999.9 -999.9 19.3 -999.9 -999.9 972.8 -999.9 -999.9 1.9 -999.9 3.3 0.0 1.0 38.2 38.2 38.2 38.4 38.6 22.6 16.5 96.1 74.5 24.3 DCRS_-_Antônio_Prado/Flores_da_Cunha_(292_m) -999.9 -999.9 979.1 971.1 972.8 19.8 15.1 478.0 Rio_Grande_do_Sul DCRS -999.9 0.0 38.2 250.47 250.48 249.99 1 0.03 250.48 250.54 250.54 250.65
-28.939899 -51.188499 DCRS-00087 2026-07-20_19:33 19.9 -999.9 -999.9 96.1 -999.9 -999.9 19.3 -999.9 -999.9 972.8 -999.9 -999.9 -999.9 -999.9 3.3 0.0 1.0 38.2 38.2 38.2 38.4 38.6 22.6 16.5 96.1 74.5 24.3 DCRS_-_Antônio_Prado/Flores_da_Cunha_(292_m) -999.9 -999.9 979.1 971.1 972.8 19.8 15.1 478.0 Rio_Grande_do_Sul DCRS -999.9 0.0 38.2 250.47 250.48 249.99 1 0.03 250.48 250.54 250.54 250.65
-28.939899 -51.188499 DCRS-00087 2026-07-20_19:34 19.9 -999.9 -999.9 96.0 -999.9 -999.9 19.2 -999.9 -999.9 972.9 -999.9 -999.9 2.0 -999.9 3.3 0.0 0.8 38.2 38.2 38.2 38.4 38.6 22.6 16.5 96.1 74.5 24.3 DCRS_-_Antônio_Prado/Flores_da_Cunha_(292_m) -999.9 -999.9 979.1 971.1 972.9 19.8 15.1 478.0 Rio_Grande_do_Sul DCRS -999.9 0.0 38.2 250.47 250.48 249.99 1 0.02 250.48 250.54 250.54 250.65
-28.939899 -51.188499 DCRS-00087 2026-07-20_19:35 19.9 -999.9 -999.9 96.0 -999.9 -999.9 19.2 -999.9 -999.9 972.9 -999.9 -999.9 3.5 -999.9 3.6 0.0 0.8 38.2 38.2 38.2 38.4 38.6 22.6 16.5 96.1 74.5 24.3 DCRS_-_Antônio_Prado/Flores_da_Cunha_(292_m) -999.9 -999.9 979.1 971.1 972.9 19.8 15.1 478.0 Rio_Grande_do_Sul DCRS -999.9 0.0 38.2 250.47 250.48 249.99 1 0.03 250.48 250.54 250.54 250.65
-28.939899 -51.188499 DCRS-00087 2026-07-20_19:36 19.9 -999.9 -999.9 96.0 -999.9 -999.9 19.2 -999.9 -999.9 972.9 -999.9 -999.9 0.0 -999.9 3.6 0.0 0.8 38.2 38.2 38.2 38.4 38.6 22.6 16.5 96.1 74.5 24.3 DCRS_-_Antônio_Prado/Flores_da_Cunha_(292_m) -999.9 -999.9 979.1 971.1 972.9 19.8 15.1 478.0 Rio_Grande_do_Sul DCRS -999.9 0.0 38.2 250.47 250.48 249.99 1 0.03 250.48 250.54 250.54 250.65
-28.939899 -51.188499 DCRS-00087 2026-07-20_19:37 19.9 -999.9 -999.9 96.0 -999.9 -999.9 19.2 -999.9 -999.9 972.9 -999.9 -999.9 0.0 -999.9 3.6 0.0 0.8 38.2 38.2 38.2 38.4 38.6 22.6 16.5 96.1 74.5 24.3 DCRS_-_Antônio_Prado/Flores_da_Cunha_(292_m) -999.9 -999.9 979.1 971.1 972.9 19.8 15.1 478.0 Rio_Grande_do_Sul DCRS -999.9 0.0 38.2 250.47 250.48 249.99 1 0.03 250.48 250.54 250.54 250.65
-28.939899 -51.188499 DCRS-00087 2026-07-20_19:38 19.9 -999.9 -999.9 96.0 -999.9 -999.9 19.2 -999.9 -999.9 972.9 -999.9 -999.9 0.0 -999.9 3.6 0.0 0.8 38.2 38.2 38.2 38.4 38.6 22.6 16.5 96.1 74.5 24.3 DCRS_-_Antônio_Prado/Flores_da_Cunha_(292_m) -999.9 -999.9 979.1 971.1 972.9 19.8 15.1 478.0 Rio_Grande_do_Sul DCRS -999.9 0.0 38.2 250.47 250.48 249.99 1 0.04 250.48 250.54 250.54 250.65
-28.939899 -51.188499 DCRS-00087 2026-07-20_19:39 19.9 -999.9 -999.9 96.0 -999.9 -999.9 19.2 -999.9 -999.9 972.9 -999.9 -999.9 0.0 -999.9 3.6 0.0 0.8 38.2 38.2 38.2 38.4 38.6 22.6 16.5 96.1 74.5 24.3 DCRS_-_Antônio_Prado/Flores_da_Cunha_(292_m) -999.9 -999.9 979.1 971.1 972.9 19.8 15.1 478.0 Rio_Grande_do_Sul DCRS -999.9 0.0 38.2 250.47 250.48 249.99 1 0.02 250.48 250.54 250.54 250.65
-28.939899 -51.188499 DCRS-00087 2026-07-20_19:40 19.9 -999.9 -999.9 96.0 -999.9 -999.9 19.2 -999.9 -999.9 973.0 -999.9 -999.9 0.0 -999.9 3.7 0.0 0.8 38.2 38.2 38.2 38.4 38.6 22.6 16.5 96.1 74.5 24.3 DCRS_-_Antônio_Prado/Flores_da_Cunha_(292_m) -999.9 -999.9 979.1 971.1 973.0 19.8 15.1 478.0 Rio_Grande_do_Sul DCRS -999.9 0.0 38.2 250.47 250.48 249.99 1 0.02 250.48 250.54 250.54 250.65
-28.939899 -51.188499 DCRS-00087 2026-07-20_19:41 19.9 -999.9 -999.9 96.0 -999.9 -999.9 19.2 -999.9 -999.9 973.0 -999.9 -999.9 0.0 -999.9 3.7 0.0 0.8 38.2 38.2 38.2 38.4 38.6 22.6 16.5 96.1 74.5 24.3 DCRS_-_Antônio_Prado/Flores_da_Cunha_(292_m) -999.9 -999.9 979.1 971.1 973.0 19.8 15.1 478.0 Rio_Grande_do_Sul DCRS -999.9 0.0 38.2 250.47 250.48 249.99 1 0.05 250.48 250.54 250.54 250.65
-28.939899 -51.188499 DCRS-00087 2026-07-20_19:42 19.9 -999.9 -999.9 96.0 -999.9 -999.9 19.2 -999.9 -999.9 973.0 -999.9 -999.9 3.0 -999.9 3.7 0.0 0.8 38.2 38.2 38.2 38.4 38.6 22.6 16.5 96.1 74.5 24.3 DCRS_-_Antônio_Prado/Flores_da_Cunha_(292_m) -999.9 -999.9 979.1 971.1 973.0 19.8 15.1 478.0 Rio_Grande_do_Sul DCRS -999.9 0.0 38.2 250.47 250.48 249.99 1 0.02 250.48 250.54 250.54 250.65
-28.939899 -51.188499 DCRS-00087 2026-07-20_19:43 19.9 -999.9 -999.9 96.0 -999.9 -999.9 19.2 -999.9 -999.9 973.0 -999.9 -999.9 3.3 -999.9 3.7 0.0 0.8 38.2 38.2 38.2 38.4 38.6 22.6 16.5 96.1 74.5 24.3 DCRS_-_Antônio_Prado/Flores_da_Cunha_(292_m) -999.9 -999.9 979.1 971.1 973.0 19.8 15.1 478.0 Rio_Grande_do_Sul DCRS -999.9 0.0 38.2 250.47 250.48 249.99 1 0.02 250.48 250.54 250.54 250.65
-28.939899 -51.188499 DCRS-00087 2026-07-20_19:44 19.8 -999.9 -999.9 96.0 -999.9 -999.9 19.1 -999.9 -999.9 973.0 -999.9 -999.9 3.5 -999.9 3.7 0.0 0.8 38.2 38.2 38.2 38.4 38.6 22.6 16.5 96.1 74.5 24.3 DCRS_-_Antônio_Prado/Flores_da_Cunha_(292_m) -999.9 -999.9 979.1 971.1 973.0 19.8 15.1 478.0 Rio_Grande_do_Sul DCRS -999.9 0.0 38.2 250.47 250.48 249.99 1 0.02 250.48 250.54 250.54 250.65
-28.939899 -51.188499 DCRS-00087 2026-07-20_19:45 19.9 -999.9 -999.9 96.0 -999.9 -999.9 19.2 -999.9 -999.9 973.0 -999.9 -999.9 -999.9 -999.9 3.8 0.0 0.8 38.2 38.2 38.2 38.4 38.6 22.6 16.5 96.1 74.5 24.3 DCRS_-_Antônio_Prado/Flores_da_Cunha_(292_m) -999.9 -999.9 979.1 971.1 973.0 19.8 15.1 478.0 Rio_Grande_do_Sul DCRS -999.9 0.0 38.2 250.47 250.48 249.99 1 0.02 250.48 250.54 250.54 250.65
-28.939899 -51.188499 DCRS-00087 2026-07-20_19:46 19.8 -999.9 -999.9 95.9 -999.9 -999.9 19.1 -999.9 -999.9 973.0 -999.9 -999.9 1.9 -999.9 3.8 0.0 0.8 38.2 38.2 38.2 38.4 38.6 22.6 16.5 96.1 74.5 24.3 DCRS_-_Antônio_Prado/Flores_da_Cunha_(292_m) -999.9 -999.9 979.1 971.1 973.0 19.8 15.1 478.0 Rio_Grande_do_Sul DCRS -999.9 0.0 38.2 250.49 250.49 249.99 1 0.07 250.49 250.54 250.54 250.65
-28.939899 -51.188499 DCRS-00087 2026-07-20_19:47 19.9 -999.9 -999.9 96.1 -999.9 -999.9 19.3 -999.9 -999.9 973.0 -999.9 -999.9 2.5 -999.9 3.8 0.0 0.8 38.2 38.2 38.2 38.4 38.6 22.6 16.5 96.1 74.5 24.3 DCRS_-_Antônio_Prado/Flores_da_Cunha_(292_m) -999.9 -999.9 979.1 971.1 973.0 19.8 15.1 478.0 Rio_Grande_do_Sul DCRS -999.9 0.0 38.2 250.48 250.49 249.99 1 0.05 250.49 250.54 250.54 250.65
-28.939899 -51.188499 DCRS-00087 2026-07-20_19:48 19.9 -999.9 -999.9 96.0 -999.9 -999.9 19.2 -999.9 -999.9 972.9 -999.9 -999.9 0.0 -999.9 3.8 0.0 0.8 38.2 38.2 38.2 38.4 38.6 22.6 16.5 96.1 74.5 24.3 DCRS_-_Antônio_Prado/Flores_da_Cunha_(292_m) -999.9 -999.9 979.1 971.1 972.9 19.8 15.1 478.0 Rio_Grande_do_Sul DCRS -999.9 0.0 38.2 250.48 250.49 249.99 1 0.04 250.49 250.54 250.54 250.65
-28.939899 -51.188499 DCRS-00087 2026-07-20_19:49 19.8 -999.9 -999.9 96.0 -999.9 -999.9 19.1 -999.9 -999.9 972.9 -999.9 -999.9 0.0 -999.9 3.8 0.0 0.8 38.2 38.2 38.2 38.4 38.6 22.6 16.5 96.1 74.5 24.3 DCRS_-_Antônio_Prado/Flores_da_Cunha_(292_m) -999.9 -999.9 979.1 971.1 972.9 19.8 15.1 478.0 Rio_Grande_do_Sul DCRS -999.9 0.0 38.2 250.48 250.49 249.99 1 0.04 250.49 250.54 250.54 250.65
-28.939899 -51.188499 DCRS-00087 2026-07-20_19:50 19.8 -999.9 -999.9 95.9 -999.9 -999.9 19.1 -999.9 -999.9 972.9 -999.9 -999.9 0.0 -999.9 4.3 0.0 0.8 38.2 38.2 38.2 38.4 38.6 22.6 16.5 96.1 74.5 24.3 DCRS_-_Antônio_Prado/Flores_da_Cunha_(292_m) -999.9 -999.9 979.1 971.1 972.9 19.8 15.1 478.0 Rio_Grande_do_Sul DCRS -999.9 0.0 38.2 250.48 250.49 249.99 1 0.05 250.49 250.54 250.54 250.65
-28.939899 -51.188499 DCRS-00087 2026-07-20_19:51 19.9 -999.9 -999.9 96.0 -999.9 -999.9 19.2 -999.9 -999.9 972.8 -999.9 -999.9 0.0 -999.9 4.3 0.0 0.8 38.2 38.2 38.2 38.4 38.6 22.6 16.5 96.1 74.5 24.3 DCRS_-_Antônio_Prado/Flores_da_Cunha_(292_m) -999.9 -999.9 979.1 971.1 972.8 19.8 15.1 478.0 Rio_Grande_do_Sul DCRS -999.9 0.0 38.2 250.48 250.49 249.99 1 0.04 250.49 250.54 250.54 250.65
-28.939899 -51.188499 DCRS-00087 2026-07-20_19:52 19.9 -999.9 -999.9 96.0 -999.9 -999.9 19.2 -999.9 -999.9 972.8 -999.9 -999.9 0.0 -999.9 4.3 0.0 0.8 38.2 38.2 38.2 38.4 38.6 22.6 16.5 96.1 74.5 24.3 DCRS_-_Antônio_Prado/Flores_da_Cunha_(292_m) -999.9 -999.9 979.1 971.1 972.8 19.8 15.1 478.0 Rio_Grande_do_Sul DCRS -999.9 0.0 38.2 250.48 250.49 249.99 1 0.03 250.49 250.54 250.54 250.65
-28.939899 -51.188499 DCRS-00087 2026-07-20_19:53 19.9 -999.9 -999.9 96.1 -999.9 -999.9 19.3 -999.9 -999.9 972.8 -999.9 -999.9 0.0 -999.9 4.3 0.0 0.8 38.2 38.2 38.2 38.4 38.6 22.6 16.5 96.1 74.5 24.3 DCRS_-_Antônio_Prado/Flores_da_Cunha_(292_m) -999.9 -999.9 979.1 971.1 972.8 19.8 15.1 478.0 Rio_Grande_do_Sul DCRS -999.9 0.0 38.2 250.49 250.49 249.99 1 0.04 250.49 250.54 250.54 250.65
-28.939899 -51.188499 DCRS-00087 2026-07-20_19:54 19.9 -999.9 -999.9 96.1 -999.9 -999.9 19.3 -999.9 -999.9 972.8 -999.9 -999.9 0.0 -999.9 4.3 0.0 0.6 38.2 38.2 38.2 38.4 38.6 22.6 16.5 96.1 74.5 24.3 DCRS_-_Antônio_Prado/Flores_da_Cunha_(292_m) -999.9 -999.9 979.1 971.1 972.8 19.8 15.1 478.0 Rio_Grande_do_Sul DCRS -999.9 0.0 38.2 250.49 250.49 249.99 1 0.07 250.49 250.54 250.54 250.65
-28.939899 -51.188499 DCRS-00087 2026-07-20_19:55 19.8 -999.9 -999.9 96.0 -999.9 -999.9 19.1 -999.9 -999.9 972.9 -999.9 -999.9 0.0 -999.9 2.6 0.0 0.6 38.2 38.2 38.2 38.4 38.6 22.6 16.5 96.1 74.5 24.3 DCRS_-_Antônio_Prado/Flores_da_Cunha_(292_m) -999.9 -999.9 979.1 971.1 972.9 19.8 15.1 478.0 Rio_Grande_do_Sul DCRS -999.9 0.0 38.2 250.49 250.49 249.99 1 0.04 250.49 250.54 250.54 250.65
-28.939899 -51.188499 DCRS-00087 2026-07-20_19:56 19.9 -999.9 -999.9 96.0 -999.9 -999.9 19.2 -999.9 -999.9 972.9 -999.9 -999.9 0.0 -999.9 2.6 0.0 0.6 38.2 38.2 38.2 38.4 38.6 22.6 16.5 96.1 74.5 24.3 DCRS_-_Antônio_Prado/Flores_da_Cunha_(292_m) -999.9 -999.9 979.1 971.1 972.9 19.8 15.1 478.0 Rio_Grande_do_Sul DCRS -999.9 0.0 38.2 250.49 250.49 249.99 1 0.05 250.49 250.54 250.54 250.65
-28.939899 -51.188499 DCRS-00087 2026-07-20_19:57 19.9 -999.9 -999.9 95.9 -999.9 -999.9 19.2 -999.9 -999.9 973.0 -999.9 -999.9 0.0 -999.9 2.6 0.0 0.6 38.2 38.2 38.2 38.4 38.6 22.6 16.5 96.1 74.5 24.3 DCRS_-_Antônio_Prado/Flores_da_Cunha_(292_m) -999.9 -999.9 979.1 971.1 973.0 19.8 15.1 478.0 Rio_Grande_do_Sul DCRS -999.9 0.0 38.2 250.49 250.49 249.99 1 0.03 250.49 250.54 250.54 250.65
-28.939899 -51.188499 DCRS-00087 2026-07-20_19:58 19.9 -999.9 -999.9 95.9 -999.9 -999.9 19.2 -999.9 -999.9 973.0 -999.9 -999.9 0.0 -999.9 2.6 0.0 0.6 38.2 38.2 38.2 38.4 38.6 22.6 16.5 96.1 74.5 24.3 DCRS_-_Antônio_Prado/Flores_da_Cunha_(292_m) -999.9 -999.9 979.1 971.1 973.0 19.8 15.1 478.0 Rio_Grande_do_Sul DCRS -999.9 0.0 38.2 250.48 250.49 249.99 1 0.05 250.49 250.54 250.54 250.65
-28.939899 -51.188499 DCRS-00087 2026-07-20_19:59 19.9 -999.9 -999.9 95.9 -999.9 -999.9 19.2 -999.9 -999.9 973.0 -999.9 -999.9 2.6 -999.9 2.6 0.0 0.6 38.2 38.2 38.2 38.4 38.6 22.6 16.5 96.1 74.5 24.3 DCRS_-_Antônio_Prado/Flores_da_Cunha_(292_m) -999.9 -999.9 979.1 971.1 973.0 19.8 15.1 478.0 Rio_Grande_do_Sul DCRS -999.9 0.0 38.2 250.49 250.49 249.99 1 0.05 250.49 250.54 250.54 250.65
-28.939899 -51.188499 DCRS-00087 2026-07-20_20:00 19.8 -999.9 -999.9 95.9 -999.9 -999.9 19.1 -999.9 -999.9 972.9 -999.9 -999.9 0.0 -999.9 2.8 0.0 0.6 38.2 38.2 38.2 38.4 38.6 22.6 16.5 96.1 74.5 24.3 DCRS_-_Antônio_Prado/Flores_da_Cunha_(292_m) -999.9 -999.9 979.1 971.1 972.9 19.8 15.1 478.0 Rio_Grande_do_Sul DCRS -999.9 0.0 38.2 250.48 250.49 249.99 1 0.04 250.49 250.54 250.54 250.65
-28.939899 -51.188499 DCRS-00087 2026-07-20_20:01 19.9 -999.9 -999.9 95.9 -999.9 -999.9 19.2 -999.9 -999.9 972.9 -999.9 -999.9 0.0 -999.9 2.8 0.0 0.6 38.2 38.2 38.2 38.4 38.6 22.6 16.5 96.1 74.5 24.3 DCRS_-_Antônio_Prado/Flores_da_Cunha_(292_m) -999.9 -999.9 979.1 971.1 972.9 19.8 15.1 478.0 Rio_Grande_do_Sul DCRS -999.9 0.0 38.2 250.49 250.49 249.99 1 0.07 250.49 250.54 250.54 250.65
-28.939899 -51.188499 DCRS-00087 2026-07-20_20:02 19.8 -999.9 -999.9 95.9 -999.9 -999.9 19.1 -999.9 -999.9 972.9 -999.9 -999.9 -999.9 -999.9 2.8 0.0 0.6 38.2 38.2 38.2 38.4 38.6 22.6 16.5 96.1 74.5 24.3 DCRS_-_Antônio_Prado/Flores_da_Cunha_(292_m) -999.9 -999.9 979.1 971.1 972.9 19.8 15.1 478.0 Rio_Grande_do_Sul DCRS -999.9 0.0 38.2 250.49 250.49 249.99 1 0.05 250.49 250.54 250.54 250.65
-28.939899 -51.188499 DCRS-00087 2026-07-20_20:03 19.9 -999.9 -999.9 95.8 -999.9 -999.9 19.2 -999.9 -999.9 972.8 -999.9 -999.9 2.8 -999.9 2.8 0.0 0.6 38.2 38.2 38.2 38.4 38.6 22.6 16.5 96.1 74.5 24.3 DCRS_-_Antônio_Prado/Flores_da_Cunha_(292_m) -999.9 -999.9 979.1 971.1 972.8 19.8 15.1 478.0 Rio_Grande_do_Sul DCRS -999.9 0.0 38.2 250.49 250.49 249.99 1 0.05 250.49 250.54 250.54 250.65
-28.939899 -51.188499 DCRS-00087 2026-07-20_20:04 19.8 -999.9 -999.9 95.8 -999.9 -999.9 19.1 -999.9 -999.9 972.8 -999.9 -999.9 0.0 -999.9 2.8 0.0 0.4 38.2 38.2 38.2 38.4 38.6 22.6 16.5 96.1 74.5 24.3 DCRS_-_Antônio_Prado/Flores_da_Cunha_(292_m) -999.9 -999.9 979.1 971.1 972.8 19.8 15.1 478.0 Rio_Grande_do_Sul DCRS -999.9 0.0 38.2 250.49 250.49 249.99 1 0.05 250.49 250.54 250.54 250.65
-28.939899 -51.188499 DCRS-00087 2026-07-20_20:05 19.8 -999.9 -999.9 95.8 -999.9 -999.9 19.1 -999.9 -999.9 972.8 -999.9 -999.9 0.0 -999.9 5.5 0.0 0.4 38.2 38.2 38.2 38.4 38.6 22.6 16.5 96.1 74.5 24.3 DCRS_-_Antônio_Prado/Flores_da_Cunha_(292_m) -999.9 -999.9 979.1 971.1 972.8 19.8 15.1 478.0 Rio_Grande_do_Sul DCRS -999.9 0.0 38.2 250.49 250.49 249.99 1 0.08 250.49 250.54 250.54 250.65
-28.939899 -51.188499 DCRS-00087 2026-07-20_20:06 19.8 -999.9 -999.9 96.0 -999.9 -999.9 19.1 -999.9 -999.9 972.8 -999.9 -999.9 2.7 -999.9 5.5 0.0 0.4 38.2 38.2 38.2 38.4 38.6 22.6 16.5 96.1 74.5 24.3 DCRS_-_Antônio_Prado/Flores_da_Cunha_(292_m) -999.9 -999.9 979.1 971.1 972.8 19.8 15.1 478.0 Rio_Grande_do_Sul DCRS -999.9 0.0 38.2 250.49 250.49 249.99 1 0.07 250.49 250.54 250.54 250.65
-28.939899 -51.188499 DCRS-00087 2026-07-20_20:07 19.8 -999.9 -999.9 96.0 -999.9 -999.9 19.1 -999.9 -999.9 972.8 -999.9 -999.9 0.0 -999.9 5.5 0.0 0.4 38.2 38.2 38.2 38.4 38.6 22.6 16.5 96.1 74.5 24.3 DCRS_-_Antônio_Prado/Flores_da_Cunha_(292_m) -999.9 -999.9 979.1 971.1 972.8 19.8 15.1 478.0 Rio_Grande_do_Sul DCRS -999.9 0.0 38.2 250.49 250.49 249.99 1 0.05 250.49 250.54 250.54 250.65
-28.939899 -51.188499 DCRS-00087 2026-07-20_20:08 19.8 -999.9 -999.9 96.0 -999.9 -999.9 19.1 -999.9 -999.9 972.9 -999.9 -999.9 0.0 -999.9 5.5 0.0 0.4 38.2 38.2 38.2 38.4 38.6 22.6 16.5 96.1 74.5 24.3 DCRS_-_Antônio_Prado/Flores_da_Cunha_(292_m) -999.9 -999.9 979.1 971.1 972.9 19.8 15.1 478.0 Rio_Grande_do_Sul DCRS -999.9 0.0 38.2 250.49 250.49 249.99 1 0.06 250.49 250.54 250.54 250.65
-28.939899 -51.188499 DCRS-00087 2026-07-20_20:09 19.8 -999.9 -999.9 96.0 -999.9 -999.9 19.1 -999.9 -999.9 972.8 -999.9 -999.9 0.0 -999.9 5.5 0.0 0.0 38.2 38.2 38.2 38.4 38.6 22.6 16.5 96.1 74.5 24.3 DCRS_-_Antônio_Prado/Flores_da_Cunha_(292_m) -999.9 -999.9 979.1 971.1 972.8 19.8 15.1 478.0 Rio_Grande_do_Sul DCRS -999.9 0.0 38.2 250.49 250.49 249.99 1 0.05 250.49 250.54 250.54 250.65
-28.939899 -51.188499 DCRS-00087 2026-07-20_20:10 19.8 -999.9 -999.9 96.0 -999.9 -999.9 19.1 -999.9 -999.9 972.8 -999.9 -999.9 0.0 -999.9 3.0 0.0 0.0 38.2 38.2 38.2 38.4 38.6 22.6 16.5 96.1 74.5 24.3 DCRS_-_Antônio_Prado/Flores_da_Cunha_(292_m) -999.9 -999.9 979.1 971.1 972.8 19.8 15.1 478.0 Rio_Grande_do_Sul DCRS -999.9 0.0 38.2 250.49 250.49 249.99 1 0.05 250.49 250.54 250.54 250.65
-28.939899 -51.188499 DCRS-00087 2026-07-20_20:11 19.8 -999.9 -999.9 96.0 -999.9 -999.9 19.1 -999.9 -999.9 972.9 -999.9 -999.9 2.2 -999.9 3.0 0.0 0.0 38.2 38.2 38.2 38.4 38.6 22.6 16.5 96.1 74.5 24.3 DCRS_-_Antônio_Prado/Flores_da_Cunha_(292_m) -999.9 -999.9 979.1 971.1 972.9 19.8 15.1 478.0 Rio_Grande_do_Sul DCRS -999.9 0.0 38.2 250.49 250.49 249.99 1 0.06 250.49 250.54 250.54 250.65
-28.939899 -51.188499 DCRS-00087 2026-07-20_20:12 19.9 -999.9 -999.9 96.1 -999.9 -999.9 19.3 -999.9 -999.9 973.0 -999.9 -999.9 0.0 -999.9 3.0 0.0 0.0 38.2 38.2 38.2 38.4 38.6 22.6 16.5 96.1 74.5 24.3 DCRS_-_Antônio_Prado/Flores_da_Cunha_(292_m) -999.9 -999.9 979.1 971.1 973.0 19.8 15.1 478.0 Rio_Grande_do_Sul DCRS -999.9 0.0 38.2 250.49 250.49 249.99 1 0.04 250.49 250.54 250.54 250.65
-28.939899 -51.188499 DCRS-00087 2026-07-20_20:13 19.8 -999.9 -999.9 96.2 -999.9 -999.9 19.2 -999.9 -999.9 973.2 -999.9 -999.9 2.6 -999.9 3.0 0.0 0.0 38.2 38.2 38.2 38.4 38.6 22.6 16.5 96.2 74.5 24.3 DCRS_-_Antônio_Prado/Flores_da_Cunha_(292_m) -999.9 -999.9 979.1 971.1 973.2 19.8 15.1 478.0 Rio_Grande_do_Sul DCRS -999.9 0.0 38.2 250.49 250.49 249.99 1 0.04 250.49 250.54 250.54 250.65
-28.939899 -51.188499 DCRS-00087 2026-07-20_20:14 19.8 -999.9 -999.9 96.2 -999.9 -999.9 19.2 -999.9 -999.9 973.2 -999.9 -999.9 0.0 -999.9 3.0 0.0 0.0 38.2 38.2 38.2 38.4 38.6 22.6 16.5 96.2 74.5 24.3 DCRS_-_Antônio_Prado/Flores_da_Cunha_(292_m) -999.9 -999.9 979.1 971.1 973.2 19.8 15.1 478.0 Rio_Grande_do_Sul DCRS -999.9 0.0 38.2 250.49 250.49 249.99 1 0.04 250.49 250.54 250.54 250.65
-28.939899 -51.188499 DCRS-00087 2026-07-20_20:15 19.9 -999.9 -999.9 96.2 -999.9 -999.9 19.3 -999.9 -999.9 973.1 -999.9 -999.9 0.0 -999.9 2.8 0.0 0.0 38.2 38.2 38.2 38.4 38.6 22.6 16.5 96.2 74.5 24.3 DCRS_-_Antônio_Prado/Flores_da_Cunha_(292_m) -999.9 -999.9 979.1 971.1 973.1 19.8 15.1 478.0 Rio_Grande_do_Sul DCRS -999.9 0.0 38.2 250.5 250.5 249.99 1 0.06 250.5 250.54 250.54 250.65
-28.939899 -51.188499 DCRS-00087 2026-07-20_20:16 19.8 -999.9 -999.9 96.1 -999.9 -999.9 19.2 -999.9 -999.9 973.0 -999.9 -999.9 0.0 -999.9 2.8 0.0 0.0 38.2 38.2 38.2 38.4 38.6 22.6 16.5 96.2 74.5 24.3 DCRS_-_Antônio_Prado/Flores_da_Cunha_(292_m) -999.9 -999.9 979.1 971.1 973.0 19.8 15.1 478.0 Rio_Grande_do_Sul DCRS -999.9 0.0 38.2 250.5 250.5 249.99 1 0.06 250.5 250.54 250.54 250.65
-28.939899 -51.188499 DCRS-00087 2026-07-20_20:17 19.8 -999.9 -999.9 96.1 -999.9 -999.9 19.2 -999.9 -999.9 972.9 -999.9 -999.9 2.6 -999.9 2.8 0.0 0.0 38.2 38.2 38.2 38.4 38.6 22.6 16.5 96.2 74.5 24.3 DCRS_-_Antônio_Prado/Flores_da_Cunha_(292_m) -999.9 -999.9 979.1 971.1 972.9 19.8 15.1 478.0 Rio_Grande_do_Sul DCRS -999.9 0.0 38.2 250.5 250.5 249.99 1 0.05 250.5 250.54 250.54 250.65
-28.939899 -51.188499 DCRS-00087 2026-07-20_20:18 19.8 -999.9 -999.9 96.1 -999.9 -999.9 19.2 -999.9 -999.9 972.8 -999.9 -999.9 0.0 -999.9 2.8 0.0 0.0 38.2 38.2 38.2 38.4 38.6 22.6 16.5 96.2 74.5 24.3 DCRS_-_Antônio_Prado/Flores_da_Cunha_(292_m) -999.9 -999.9 979.1 971.1 972.8 19.8 15.1 478.0 Rio_Grande_do_Sul DCRS -999.9 0.0 38.2 250.5 250.5 249.99 1 0.04 250.5 250.54 250.54 250.65
-28.939899 -51.188499 DCRS-00087 2026-07-20_20:19 19.8 -999.9 -999.9 96.0 -999.9 -999.9 19.1 -999.9 -999.9 972.8 -999.9 -999.9 0.0 -999.9 2.8 0.0 0.0 38.2 38.2 38.2 38.4 38.6 22.6 16.5 96.2 74.5 24.3 DCRS_-_Antônio_Prado/Flores_da_Cunha_(292_m) -999.9 -999.9 979.1 971.1 972.8 19.8 15.1 478.0 Rio_Grande_do_Sul DCRS -999.9 0.0 38.2 250.5 250.5 249.99 1 0.05 250.5 250.54 250.54 250.65
-28.939899 -51.188499 DCRS-00087 2026-07-20_20:20 19.8 -999.9 -999.9 96.0 -999.9 -999.9 19.1 -999.9 -999.9 972.7 -999.9 -999.9 0.0 -999.9 2.7 0.0 0.0 38.2 38.2 38.2 38.4 38.6 22.6 16.5 96.2 74.5 24.3 DCRS_-_Antônio_Prado/Flores_da_Cunha_(292_m) -999.9 -999.9 979.1 971.1 972.7 19.8 15.1 478.0 Rio_Grande_do_Sul DCRS -999.9 0.0 38.2 250.5 250.5 249.99 1 0.04 250.5 250.54 250.54 250.65
-28.939899 -51.188499 DCRS-00087 2026-07-20_20:21 19.8 -999.9 -999.9 95.9 -999.9 -999.9 19.1 -999.9 -999.9 972.8 -999.9 -999.9 0.0 -999.9 2.7 0.0 0.0 38.2 38.2 38.2 38.4 38.6 22.6 16.5 96.2 74.5 24.3 DCRS_-_Antônio_Prado/Flores_da_Cunha_(292_m) -999.9 -999.9 979.1 971.1 972.8 19.8 15.1 478.0 Rio_Grande_do_Sul DCRS -999.9 0.0 38.2 250.5 250.5 249.99 1 0.05 250.5 250.54 250.54 250.65
-28.939899 -51.188499 DCRS-00087 2026-07-20_20:22 19.8 -999.9 -999.9 95.9 -999.9 -999.9 19.1 -999.9 -999.9 972.8 -999.9 -999.9 0.0 -999.9 2.7 0.0 0.0 38.2 38.2 38.2 38.4 38.6 22.6 16.5 96.2 74.5 24.3 DCRS_-_Antônio_Prado/Flores_da_Cunha_(292_m) -999.9 -999.9 979.1 971.1 972.8 19.8 15.1 478.0 Rio_Grande_do_Sul DCRS -999.9 0.0 38.2 250.5 250.5 249.99 1 0.05 250.5 250.54 250.54 250.65
-28.939899 -51.188499 DCRS-00087 2026-07-20_20:23 19.8 -999.9 -999.9 95.9 -999.9 -999.9 19.1 -999.9 -999.9 972.8 -999.9 -999.9 0.0 -999.9 2.7 0.0 0.0 38.2 38.2 38.2 38.4 38.6 22.6 16.5 96.2 74.5 24.3 DCRS_-_Antônio_Prado/Flores_da_Cunha_(292_m) -999.9 -999.9 979.1 971.1 972.8 19.8 15.1 478.0 Rio_Grande_do_Sul DCRS -999.9 0.0 38.2 250.5 250.5 249.99 1 0.04 250.5 250.54 250.54 250.65
-28.939899 -51.188499 DCRS-00087 2026-07-20_20:24 19.7 -999.9 -999.9 95.9 -999.9 -999.9 19.0 -999.9 -999.9 972.9 -999.9 -999.9 0.0 -999.9 2.7 0.0 0.0 38.2 38.2 38.2 38.4 38.6 22.6 16.5 96.2 74.5 24.3 DCRS_-_Antônio_Prado/Flores_da_Cunha_(292_m) -999.9 -999.9 979.1 971.1 972.9 19.8 15.1 478.0 Rio_Grande_do_Sul DCRS -999.9 0.0 38.2 250.5 250.5 249.99 1 0.04 250.5 250.54 250.54 250.65
-28.939899 -51.188499 DCRS-00087 2026-07-20_20:25 19.7 -999.9 -999.9 95.9 -999.9 -999.9 19.0 -999.9 -999.9 972.8 -999.9 -999.9 0.0 -999.9 0.0 0.0 0.0 38.2 38.2 38.2 38.4 38.6 22.6 16.5 96.2 74.5 24.3 DCRS_-_Antônio_Prado/Flores_da_Cunha_(292_m) -999.9 -999.9 979.1 971.1 972.8 19.8 15.1 478.0 Rio_Grande_do_Sul DCRS -999.9 0.0 38.2 250.51 250.51 249.99 1 0.06 250.51 250.54 250.54 250.65
-28.939899 -51.188499 DCRS-00087 2026-07-20_20:26 19.7 -999.9 -999.9 96.0 -999.9 -999.9 19.0 -999.9 -999.9 972.8 -999.9 -999.9 -999.9 -999.9 0.0 0.0 0.0 38.2 38.2 38.2 38.4 38.6 22.6 16.5 96.2 74.5 24.3 DCRS_-_Antônio_Prado/Flores_da_Cunha_(292_m) -999.9 -999.9 979.1 971.1 972.8 19.8 15.1 478.0 Rio_Grande_do_Sul DCRS -999.9 0.0 38.2 250.51 250.51 249.99 1 0.06 250.51 250.54 250.54 250.65
-28.939899 -51.188499 DCRS-00087 2026-07-20_20:27 19.7 -999.9 -999.9 96.0 -999.9 -999.9 19.0 -999.9 -999.9 972.8 -999.9 -999.9 0.0 -999.9 0.0 0.0 0.0 38.2 38.2 38.2 38.4 38.6 22.6 16.5 96.2 74.5 24.3 DCRS_-_Antônio_Prado/Flores_da_Cunha_(292_m) -999.9 -999.9 979.1 971.1 972.8 19.8 15.1 478.0 Rio_Grande_do_Sul DCRS -999.9 0.0 38.2 250.52 250.52 249.99 1 0.06 250.52 250.54 250.54 250.65
-28.939899 -51.188499 DCRS-00087 2026-07-20_20:28 19.8 -999.9 -999.9 96.0 -999.9 -999.9 19.1 -999.9 -999.9 972.8 -999.9 -999.9 0.0 -999.9 0.0 0.0 0.0 38.2 38.2 38.2 38.4 38.6 22.6 16.5 96.2 74.5 24.3 DCRS_-_Antônio_Prado/Flores_da_Cunha_(292_m) -999.9 -999.9 979.1 971.1 972.8 19.8 15.1 478.0 Rio_Grande_do_Sul DCRS -999.9 0.0 38.2 250.51 250.52 249.99 1 0.06 250.52 250.54 250.54 250.65
-28.939899 -51.188499 DCRS-00087 2026-07-20_20:29 19.8 -999.9 -999.9 96.0 -999.9 -999.9 19.1 -999.9 -999.9 972.8 -999.9 -999.9 0.0 -999.9 0.0 0.0 0.0 38.2 38.2 38.2 38.4 38.6 22.6 16.5 96.2 74.5 24.3 DCRS_-_Antônio_Prado/Flores_da_Cunha_(292_m) -999.9 -999.9 979.1 971.1 972.8 19.8 15.1 478.0 Rio_Grande_do_Sul DCRS -999.9 0.0 38.2 250.51 250.52 249.99 1 0.04 250.52 250.54 250.54 250.65
-28.939899 -51.188499 DCRS-00087 2026-07-20_20:30 19.7 -999.9 -999.9 96.0 -999.9 -999.9 19.0 -999.9 -999.9 972.9 -999.9 -999.9 0.0 -999.9 2.8 0.0 0.0 38.2 38.2 38.2 38.4 38.6 22.6 16.5 96.2 74.5 24.3 DCRS_-_Antônio_Prado/Flores_da_Cunha_(292_m) -999.9 -999.9 979.1 971.1 972.9 19.8 15.1 478.0 Rio_Grande_do_Sul DCRS -999.9 0.0 38.2 250.52 250.52 249.99 1 0.05 250.52 250.54 250.54 250.65
-28.939899 -51.188499 DCRS-00087 2026-07-20_20:31 19.7 -999.9 -999.9 96.1 -999.9 -999.9 19.1 -999.9 -999.9 972.9 -999.9 -999.9 0.0 -999.9 2.8 0.0 0.0 38.2 38.2 38.2 38.4 38.6 22.6 16.5 96.2 74.5 24.3 DCRS_-_Antônio_Prado/Flores_da_Cunha_(292_m) -999.9 -999.9 979.1 971.1 972.9 19.8 15.1 478.0 Rio_Grande_do_Sul DCRS -999.9 0.0 38.2 250.52 250.52 249.99 1 0.05 250.52 250.54 250.54 250.65
-28.939899 -51.188499 DCRS-00087 2026-07-20_20:32 19.7 -999.9 -999.9 96.1 -999.9 -999.9 19.1 -999.9 -999.9 973.0 -999.9 -999.9 1.9 -999.9 2.8 0.0 0.0 38.2 38.2 38.2 38.4 38.6 22.6 16.5 96.2 74.5 24.3 DCRS_-_Antônio_Prado/Flores_da_Cunha_(292_m) -999.9 -999.9 979.1 971.1 973.0 19.8 15.1 478.0 Rio_Grande_do_Sul DCRS -999.9 0.0 38.2 250.52 250.52 249.99 1 0.05 250.52 250.54 250.54 250.65
-28.939899 -51.188499 DCRS-00087 2026-07-20_20:33 19.7 -999.9 -999.9 96.1 -999.9 -999.9 19.1 -999.9 -999.9 973.0 -999.9 -999.9 0.0 -999.9 2.8 0.0 0.0 38.2 38.2 38.2 38.4 38.6 22.6 16.5 96.2 74.5 24.3 DCRS_-_Antônio_Prado/Flores_da_Cunha_(292_m) -999.9 -999.9 979.1 971.1 973.0 19.8 15.1 478.0 Rio_Grande_do_Sul DCRS -999.9 0.0 38.2 250.52 250.52 249.99 1 0.05 250.52 250.54 250.54 250.65
-28.939899 -51.188499 DCRS-00087 2026-07-20_20:34 19.8 -999.9 -999.9 96.2 -999.9 -999.9 19.2 -999.9 -999.9 973.0 -999.9 -999.9 0.0 -999.9 2.8 0.0 0.0 38.2 38.2 38.2 38.4 38.6 22.6 16.5 96.2 74.5 24.3 DCRS_-_Antônio_Prado/Flores_da_Cunha_(292_m) -999.9 -999.9 979.1 971.1 973.0 19.8 15.1 478.0 Rio_Grande_do_Sul DCRS -999.9 0.0 38.2 250.52 250.52 249.99 1 0.05 250.52 250.54 250.54 250.65
-28.939899 -51.188499 DCRS-00087 2026-07-20_20:35 19.7 -999.9 -999.9 96.2 -999.9 -999.9 19.1 -999.9 -999.9 972.9 -999.9 -999.9 0.0 -999.9 1.9 0.0 0.0 38.2 38.2 38.2 38.4 38.6 22.6 16.5 96.2 74.5 24.3 DCRS_-_Antônio_Prado/Flores_da_Cunha_(292_m) -999.9 -999.9 979.1 971.1 972.9 19.8 15.1 478.0 Rio_Grande_do_Sul DCRS -999.9 0.0 38.2 250.52 250.52 249.99 1 0.05 250.52 250.54 250.54 250.65
-28.939899 -51.188499 DCRS-00087 2026-07-20_20:36 19.7 -999.9 -999.9 96.1 -999.9 -999.9 19.1 -999.9 -999.9 972.9 -999.9 -999.9 -999.9 -999.9 1.9 0.0 0.0 38.2 38.2 38.2 38.4 38.6 22.6 16.5 96.2 74.5 24.3 DCRS_-_Antônio_Prado/Flores_da_Cunha_(292_m) -999.9 -999.9 979.1 971.1 972.9 19.8 15.1 478.0 Rio_Grande_do_Sul DCRS -999.9 0.0 38.2 250.52 250.52 249.99 1 0.05 250.52 250.54 250.54 250.65
-28.939899 -51.188499 DCRS-00087 2026-07-20_20:37 19.7 -999.9 -999.9 96.2 -999.9 -999.9 19.1 -999.9 -999.9 972.9 -999.9 -999.9 0.0 -999.9 1.9 0.0 0.0 38.2 38.2 38.2 38.4 38.6 22.6 16.5 96.2 74.5 24.3 DCRS_-_Antônio_Prado/Flores_da_Cunha_(292_m) -999.9 -999.9 979.1 971.1 972.9 19.8 15.1 478.0 Rio_Grande_do_Sul DCRS -999.9 0.0 38.2 250.52 250.52 249.99 1 0.05 250.52 250.54 250.54 250.65
-28.939899 -51.188499 DCRS-00087 2026-07-20_20:38 19.7 -999.9 -999.9 96.1 -999.9 -999.9 19.1 -999.9 -999.9 972.9 -999.9 -999.9 0.0 -999.9 1.9 0.0 0.0 38.2 38.2 38.2 38.4 38.6 22.6 16.5 96.2 74.5 24.3 DCRS_-_Antônio_Prado/Flores_da_Cunha_(292_m) -999.9 -999.9 979.1 971.1 972.9 19.8 15.1 478.0 Rio_Grande_do_Sul DCRS -999.9 0.0 38.2 250.52 250.52 249.99 1 0.05 250.52 250.54 250.54 250.65
-28.939899 -51.188499 DCRS-00087 2026-07-20_20:39 19.8 -999.9 -999.9 96.1 -999.9 -999.9 19.2 -999.9 -999.9 973.0 -999.9 -999.9 0.0 -999.9 1.9 0.0 0.0 38.2 38.2 38.2 38.4 38.6 22.6 16.5 96.2 74.5 24.3 DCRS_-_Antônio_Prado/Flores_da_Cunha_(292_m) -999.9 -999.9 979.1 971.1 973.0 19.8 15.1 478.0 Rio_Grande_do_Sul DCRS -999.9 0.0 38.2 250.54 250.54 249.99 1 0.07 250.54 250.54 250.54 250.65
-28.939899 -51.188499 DCRS-00087 2026-07-20_20:40 19.7 -999.9 -999.9 96.0 -999.9 -999.9 19.0 -999.9 -999.9 973.0 -999.9 -999.9 0.0 -999.9 4.9 0.0 0.0 38.2 38.2 38.2 38.4 38.6 22.6 16.5 96.2 74.5 24.3 DCRS_-_Antônio_Prado/Flores_da_Cunha_(292_m) -999.9 -999.9 979.1 971.1 973.0 19.8 15.1 478.0 Rio_Grande_do_Sul DCRS -999.9 0.0 38.2 250.54 250.54 249.99 1 0.07 250.54 250.54 250.54 250.65
-28.939899 -51.188499 DCRS-00087 2026-07-20_20:41 19.7 -999.9 -999.9 96.1 -999.9 -999.9 19.1 -999.9 -999.9 973.1 -999.9 -999.9 0.0 -999.9 4.9 0.0 0.0 38.2 38.2 38.2 38.4 38.6 22.6 16.5 96.2 74.5 24.3 DCRS_-_Antônio_Prado/Flores_da_Cunha_(292_m) -999.9 -999.9 979.1 971.1 973.1 19.8 15.1 478.0 Rio_Grande_do_Sul DCRS -999.9 0.0 38.2 250.52 250.54 249.99 1 0.05 250.54 250.54 250.54 250.65
-28.939899 -51.188499 DCRS-00087 2026-07-20_20:42 19.6 -999.9 -999.9 96.2 -999.9 -999.9 19.0 -999.9 -999.9 973.2 -999.9 -999.9 0.0 -999.9 4.9 0.0 0.0 38.2 38.2 38.2 38.4 38.6 22.6 16.5 96.2 74.5 24.3 DCRS_-_Antônio_Prado/Flores_da_Cunha_(292_m) -999.9 -999.9 979.1 971.1 973.2 19.8 15.1 478.0 Rio_Grande_do_Sul DCRS -999.9 0.0 38.2 250.53 250.54 249.99 1 0.06 250.54 250.54 250.54 250.65
-28.939899 -51.188499 DCRS-00087 2026-07-20_20:43 19.7 -999.9 -999.9 96.2 -999.9 -999.9 19.1 -999.9 -999.9 973.2 -999.9 -999.9 0.0 -999.9 4.9 0.0 0.0 38.2 38.2 38.2 38.4 38.6 22.6 16.5 96.2 74.5 24.3 DCRS_-_Antônio_Prado/Flores_da_Cunha_(292_m) -999.9 -999.9 979.1 971.1 973.2 19.8 15.1 478.0 Rio_Grande_do_Sul DCRS -999.9 0.0 38.2 250.53 250.54 249.99 1 0.06 250.54 250.54 250.54 250.65
-28.939899 -51.188499 DCRS-00087 2026-07-20_20:44 19.7 -999.9 -999.9 96.2 -999.9 -999.9 19.1 -999.9 -999.9 973.2 -999.9 -999.9 0.0 -999.9 4.9 0.0 0.0 38.2 38.2 38.2 38.4 38.6 22.6 16.5 96.2 74.5 24.3 DCRS_-_Antônio_Prado/Flores_da_Cunha_(292_m) -999.9 -999.9 979.1 971.1 973.2 19.8 15.1 478.0 Rio_Grande_do_Sul DCRS -999.9 0.0 38.2 250.53 250.54 249.99 1 0.06 250.54 250.54 250.54 250.65
-28.939899 -51.188499 DCRS-00087 2026-07-20_20:45 19.7 -999.9 -999.9 96.2 -999.9 -999.9 19.1 -999.9 -999.9 973.2 -999.9 -999.9 0.0 -999.9 0.0 0.0 0.0 38.2 38.2 38.2 38.4 38.6 22.6 16.5 96.2 74.5 24.3 DCRS_-_Antônio_Prado/Flores_da_Cunha_(292_m) -999.9 -999.9 979.1 971.1 973.2 19.8 15.1 478.0 Rio_Grande_do_Sul DCRS -999.9 0.0 38.2 250.53 250.54 249.99 1 0.06 250.54 250.54 250.54 250.65
-28.939899 -51.188499 DCRS-00087 2026-07-20_20:46 19.8 -999.9 -999.9 96.3 -999.9 -999.9 19.2 -999.9 -999.9 973.2 -999.9 -999.9 0.0 -999.9 0.0 0.0 0.0 38.2 38.2 38.2 38.4 38.6 22.6 16.5 96.3 74.5 24.3 DCRS_-_Antônio_Prado/Flores_da_Cunha_(292_m) -999.9 -999.9 979.1 971.1 973.2 19.8 15.1 478.0 Rio_Grande_do_Sul DCRS -999.9 0.0 38.2 250.53 250.54 249.99 1 0.04 250.54 250.54 250.54 250.65
-28.939899 -51.188499 DCRS-00087 2026-07-20_20:47 19.7 -999.9 -999.9 96.2 -999.9 -999.9 19.1 -999.9 -999.9 973.3 -999.9 -999.9 -999.9 -999.9 0.0 0.0 0.0 38.2 38.2 38.2 38.4 38.6 22.6 16.5 96.3 74.5 24.3 DCRS_-_Antônio_Prado/Flores_da_Cunha_(292_m) -999.9 -999.9 979.1 971.1 973.3 19.8 15.1 478.0 Rio_Grande_do_Sul DCRS -999.9 0.0 38.2 250.53 250.54 249.99 1 0.05 250.54 250.54 250.54 250.65
-28.939899 -51.188499 DCRS-00087 2026-07-20_20:48 19.7 -999.9 -999.9 96.2 -999.9 -999.9 19.1 -999.9 -999.9 973.5 -999.9 -999.9 0.0 -999.9 0.0 0.0 0.0 38.2 38.2 38.2 38.4 38.6 22.6 16.5 96.3 74.5 24.3 DCRS_-_Antônio_Prado/Flores_da_Cunha_(292_m) -999.9 -999.9 979.1 971.1 973.5 19.8 15.1 478.0 Rio_Grande_do_Sul DCRS -999.9 0.0 38.2 250.53 250.54 249.99 1 0.05 250.54 250.54 250.54 250.65
-28.939899 -51.188499 DCRS-00087 2026-07-20_20:49 19.7 -999.9 -999.9 96.2 -999.9 -999.9 19.1 -999.9 -999.9 973.6 -999.9 -999.9 0.0 -999.9 0.0 0.0 0.0 38.2 38.2 38.2 38.4 38.6 22.6 16.5 96.3 74.5 24.3 DCRS_-_Antônio_Prado/Flores_da_Cunha_(292_m) -999.9 -999.9 979.1 971.1 973.6 19.8 15.1 478.0 Rio_Grande_do_Sul DCRS -999.9 0.0 38.2 250.53 250.54 249.99 1 0.05 250.54 250.54 250.54 250.65
-28.939899 -51.188499 DCRS-00087 2026-07-20_20:50 19.7 -999.9 -999.9 96.1 -999.9 -999.9 19.1 -999.9 -999.9 973.9 -999.9 -999.9 3.0 -999.9 3.0 0.0 0.0 38.2 38.2 38.2 38.4 38.6 22.6 16.5 96.3 74.5 24.3 DCRS_-_Antônio_Prado/Flores_da_Cunha_(292_m) -999.9 -999.9 979.1 971.1 973.9 19.8 15.1 478.0 Rio_Grande_do_Sul DCRS -999.9 0.0 38.2 250.53 250.54 249.99 1 0.05 250.54 250.54 250.54 250.65
-28.939899 -51.188499 DCRS-00087 2026-07-20_20:51 19.7 -999.9 -999.9 96.2 -999.9 -999.9 19.1 -999.9 -999.9 974.1 -999.9 -999.9 -999.9 -999.9 3.0 0.0 0.0 38.2 38.2 38.2 38.4 38.6 22.6 16.5 96.3 74.5 24.3 DCRS_-_Antônio_Prado/Flores_da_Cunha_(292_m) -999.9 -999.9 979.1 971.1 974.1 19.8 15.1 478.0 Rio_Grande_do_Sul DCRS -999.9 0.0 38.2 250.55 250.55 249.99 1 0.07 250.55 250.55 250.55 250.65
-28.939899 -51.188499 DCRS-00087 2026-07-20_20:52 19.7 -999.9 -999.9 96.2 -999.9 -999.9 19.1 -999.9 -999.9 974.2 -999.9 -999.9 -999.9 -999.9 3.0 0.0 0.0 38.2 38.2 38.2 38.4 38.6 22.6 16.5 96.3 74.5 24.3 DCRS_-_Antônio_Prado/Flores_da_Cunha_(292_m) -999.9 -999.9 979.1 971.1 974.2 19.8 15.1 478.0 Rio_Grande_do_Sul DCRS -999.9 0.0 38.2 250.55 250.55 249.99 1 0.07 250.55 250.55 250.55 250.65
-28.939899 -51.188499 DCRS-00087 2026-07-20_20:53 19.8 -999.9 -999.9 96.4 -999.9 -999.9 19.2 -999.9 -999.9 974.3 -999.9 -999.9 1.8 -999.9 3.0 0.0 0.0 38.2 38.2 38.2 38.4 38.6 22.6 16.5 96.4 74.5 24.3 DCRS_-_Antônio_Prado/Flores_da_Cunha_(292_m) -999.9 -999.9 979.1 971.1 974.3 19.8 15.1 478.0 Rio_Grande_do_Sul DCRS -999.9 0.0 38.2 250.54 250.55 249.99 1 0.05 250.55 250.55 250.55 250.65
-28.939899 -51.188499 DCRS-00087 2026-07-20_20:54 19.8 -999.9 -999.9 96.5 -999.9 -999.9 19.2 -999.9 -999.9 974.2 -999.9 -999.9 -999.9 -999.9 3.0 0.0 0.0 38.2 38.2 38.2 38.4 38.6 22.6 16.5 96.5 74.5 24.3 DCRS_-_Antônio_Prado/Flores_da_Cunha_(292_m) -999.9 -999.9 979.1 971.1 974.2 19.8 15.1 478.0 Rio_Grande_do_Sul DCRS -999.9 0.0 38.2 250.55 250.55 249.99 1 0.06 250.55 250.55 250.55 250.65
-28.939899 -51.188499 DCRS-00087 2026-07-20_20:55 19.9 -999.9 -999.9 96.6 -999.9 -999.9 19.3 -999.9 -999.9 974.2 -999.9 -999.9 2.0 -999.9 12.5 0.0 0.0 38.2 38.2 38.2 38.4 38.6 22.6 16.5 96.6 74.5 24.3 DCRS_-_Antônio_Prado/Flores_da_Cunha_(292_m) -999.9 -999.9 979.1 971.1 974.2 19.8 15.1 478.0 Rio_Grande_do_Sul DCRS -999.9 0.0 38.2 250.55 250.55 249.99 1 0.06 250.55 250.55 250.55 250.65
-28.939899 -51.188499 DCRS-00087 2026-07-20_20:56 19.9 -999.9 -999.9 96.2 -999.9 -999.9 19.3 -999.9 -999.9 974.1 -999.9 -999.9 2.5 -999.9 12.5 0.0 0.0 38.2 38.2 38.2 38.4 38.6 22.6 16.5 96.6 74.5 24.3 DCRS_-_Antônio_Prado/Flores_da_Cunha_(292_m) -999.9 -999.9 979.1 971.1 974.1 19.8 15.1 478.0 Rio_Grande_do_Sul DCRS -999.9 0.0 38.2 250.54 250.55 249.99 1 0.05 250.55 250.55 250.55 250.65
-28.939899 -51.188499 DCRS-00087 2026-07-20_20:57 20.0 -999.9 -999.9 96.0 -999.9 -999.9 19.3 -999.9 -999.9 974.2 -999.9 -999.9 1.9 -999.9 12.5 0.0 0.0 38.2 38.2 38.2 38.4 38.6 22.6 16.5 96.6 74.5 24.3 DCRS_-_Antônio_Prado/Flores_da_Cunha_(292_m) -999.9 -999.9 979.1 971.1 974.2 19.8 15.1 478.0 Rio_Grande_do_Sul DCRS -999.9 0.0 38.2 250.49 250.55 249.99 1 0.0 250.55 250.55 250.55 250.65
-28.939899 -51.188499 DCRS-00087 2026-07-20_20:58 19.9 -999.9 -999.9 95.4 -999.9 -999.9 19.1 -999.9 -999.9 974.2 -999.9 -999.9 3.0 -999.9 12.5 0.0 0.0 38.2 38.2 38.2 38.4 38.6 22.6 16.5 96.6 74.5 24.3 DCRS_-_Antônio_Prado/Flores_da_Cunha_(292_m) -999.9 -999.9 979.1 971.1 974.2 19.8 15.1 478.0 Rio_Grande_do_Sul DCRS -999.9 0.0 38.2 250.53 250.55 249.99 1 0.05 250.55 250.55 250.55 250.65
-28.939899 -51.188499 DCRS-00087 2026-07-20_20:59 19.8 -999.9 -999.9 94.9 -999.9 -999.9 19.0 -999.9 -999.9 974.2 -999.9 -999.9 5.8 -999.9 12.5 0.0 0.0 38.2 38.2 38.2 38.4 38.6 22.6 16.5 96.6 74.5 24.3 DCRS_-_Antônio_Prado/Flores_da_Cunha_(292_m) -999.9 -999.9 979.1 971.1 974.2 19.8 15.1 478.0 Rio_Grande_do_Sul DCRS -999.9 0.0 38.2 250.55 250.55 249.99 1 0.06 250.55 250.55 250.55 250.65
-28.939899 -51.188499 DCRS-00087 2026-07-20_21:00 19.7 -999.9 -999.9 94.7 -999.9 -999.9 18.8 -999.9 -999.9 974.3 -999.9 -999.9 4.5 -999.9 7.6 0.0 0.0 38.2 38.2 38.2 38.4 38.6 22.6 16.5 96.6 74.5 24.3 DCRS_-_Antônio_Prado/Flores_da_Cunha_(292_m) -999.9 -999.9 979.1 971.1 974.3 19.8 15.1 478.0 Rio_Grande_do_Sul DCRS -999.9 0.0 38.2 250.55 250.55 249.99 1 0.07 250.55 250.55 250.55 250.65
-28.939899 -51.188499 DCRS-00087 2026-07-20_21:01 19.7 -999.9 -999.9 94.8 -999.9 -999.9 18.8 -999.9 -999.9 974.3 -999.9 -999.9 4.6 -999.9 7.6 0.0 0.0 38.2 38.2 38.2 38.4 38.6 22.6 16.5 96.6 74.5 24.3 DCRS_-_Antônio_Prado/Flores_da_Cunha_(292_m) -999.9 -999.9 979.1 971.1 974.3 19.8 15.1 478.0 Rio_Grande_do_Sul DCRS -999.9 0.0 38.2 250.56 250.56 249.99 1 0.07 250.56 250.56 250.56 250.65
-28.939899 -51.188499 DCRS-00087 2026-07-20_21:02 19.6 -999.9 -999.9 95.0 -999.9 -999.9 18.8 -999.9 -999.9 974.2 -999.9 -999.9 3.1 -999.9 7.6 0.0 0.0 38.2 38.2 38.2 38.4 38.6 22.6 16.5 96.6 74.5 24.3 DCRS_-_Antônio_Prado/Flores_da_Cunha_(292_m) -999.9 -999.9 979.1 971.1 974.2 19.8 15.1 478.0 Rio_Grande_do_Sul DCRS -999.9 0.0 38.2 250.55 250.56 249.99 1 0.06 250.56 250.56 250.56 250.65
-28.939899 -51.188499 DCRS-00087 2026-07-20_21:03 19.7 -999.9 -999.9 95.2 -999.9 -999.9 18.9 -999.9 -999.9 974.2 -999.9 -999.9 3.5 -999.9 7.6 0.0 0.0 38.2 38.2 38.2 38.4 38.6 22.6 16.5 96.6 74.5 24.3 DCRS_-_Antônio_Prado/Flores_da_Cunha_(292_m) -999.9 -999.9 979.1 971.1 974.2 19.8 15.1 478.0 Rio_Grande_do_Sul DCRS -999.9 0.0 38.2 250.57 250.57 249.99 1 0.08 250.57 250.57 250.57 250.65
-28.939899 -51.188499 DCRS-00087 2026-07-20_21:04 19.6 -999.9 -999.9 95.3 -999.9 -999.9 18.8 -999.9 -999.9 974.1 -999.9 -999.9 2.8 -999.9 7.6 0.0 0.0 38.2 38.2 38.2 38.4 38.6 22.6 16.5 96.6 74.5 24.3 DCRS_-_Antônio_Prado/Flores_da_Cunha_(292_m) -999.9 -999.9 979.1 971.1 974.1 19.8 15.1 478.0 Rio_Grande_do_Sul DCRS -999.9 0.0 38.2 250.54 250.57 249.99 1 0.05 250.57 250.57 250.57 250.65
-28.939899 -51.188499 DCRS-00087 2026-07-20_21:05 19.6 -999.9 -999.9 95.5 -999.9 -999.9 18.9 -999.9 -999.9 974.1 -999.9 -999.9 2.2 -999.9 5.8 0.0 0.2 38.2 38.2 38.2 38.4 38.6 22.6 16.5 96.6 74.5 24.3 DCRS_-_Antônio_Prado/Flores_da_Cunha_(292_m) -999.9 -999.9 979.1 971.1 974.1 19.8 15.1 478.0 Rio_Grande_do_Sul DCRS -999.9 0.2 38.2 250.51 250.57 249.99 1 0.02 250.57 250.57 250.57 250.65
-28.939899 -51.188499 DCRS-00087 2026-07-20_21:06 19.6 -999.9 -999.9 95.7 -999.9 -999.9 18.9 -999.9 -999.9 974.0 -999.9 -999.9 4.8 -999.9 5.8 0.0 0.2 38.2 38.2 38.2 38.4 38.6 22.6 16.5 96.6 74.5 24.3 DCRS_-_Antônio_Prado/Flores_da_Cunha_(292_m) -999.9 -999.9 979.1 971.1 974.0 19.8 15.1 478.0 Rio_Grande_do_Sul DCRS -999.9 0.0 38.2 250.51 250.57 249.99 1 0.02 250.57 250.57 250.57 250.65
-28.939899 -51.188499 DCRS-00087 2026-07-20_21:07 19.6 -999.9 -999.9 95.8 -999.9 -999.9 18.9 -999.9 -999.9 973.9 -999.9 -999.9 5.3 -999.9 5.8 0.0 0.2 38.2 38.2 38.2 38.4 38.6 22.6 16.5 96.6 74.5 24.3 DCRS_-_Antônio_Prado/Flores_da_Cunha_(292_m) -999.9 -999.9 979.1 971.1 973.9 19.8 15.1 478.0 Rio_Grande_do_Sul DCRS -999.9 0.0 38.2 250.5 250.57 249.99 1 0.01 250.57 250.57 250.57 250.65
-28.939899 -51.188499 DCRS-00087 2026-07-20_21:08 19.6 -999.9 -999.9 95.8 -999.9 -999.9 18.9 -999.9 -999.9 973.8 -999.9 -999.9 0.0 -999.9 5.8 0.0 0.2 38.4 38.4 38.4 38.6 38.8 22.6 16.5 96.6 74.5 24.3 DCRS_-_Antônio_Prado/Flores_da_Cunha_(292_m) -999.9 -999.9 979.1 971.1 973.8 19.8 15.1 478.0 Rio_Grande_do_Sul DCRS -999.9 0.0 38.4 250.47 250.57 249.99 1 -0.02 250.57 250.57 250.57 250.65
-28.939899 -51.188499 DCRS-00087 2026-07-20_21:09 19.6 -999.9 -999.9 96.0 -999.9 -999.9 18.9 -999.9 -999.9 973.7 -999.9 -999.9 0.0 -999.9 5.8 0.0 0.6 38.4 38.4 38.4 38.6 38.8 22.6 16.5 96.6 74.5 24.3 DCRS_-_Antônio_Prado/Flores_da_Cunha_(292_m) -999.9 -999.9 979.1 971.1 973.7 19.8 15.1 478.0 Rio_Grande_do_Sul DCRS -999.9 0.2 38.4 250.56 250.57 249.99 1 0.07 250.57 250.57 250.57 250.65
-28.939899 -51.188499 DCRS-00087 2026-07-20_21:10 19.6 -999.9 -999.9 95.9 -999.9 -999.9 18.9 -999.9 -999.9 973.6 -999.9 -999.9 0.0 -999.9 6.6 0.0 0.6 38.4 38.4 38.4 38.6 38.8 22.6 16.5 96.6 74.5 24.3 DCRS_-_Antônio_Prado/Flores_da_Cunha_(292_m) -999.9 -999.9 979.1 971.1 973.6 19.8 15.1 478.0 Rio_Grande_do_Sul DCRS -999.9 0.0 38.4 250.54 250.57 249.99 1 0.05 250.57 250.57 250.57 250.65
-28.939899 -51.188499 DCRS-00087 2026-07-20_21:11 19.7 -999.9 -999.9 96.0 -999.9 -999.9 19.0 -999.9 -999.9 973.5 -999.9 -999.9 0.0 -999.9 6.6 0.0 0.6 38.4 38.4 38.4 38.6 38.8 22.6 16.5 96.6 74.5 24.3 DCRS_-_Antônio_Prado/Flores_da_Cunha_(292_m) -999.9 -999.9 979.1 971.1 973.5 19.8 15.1 478.0 Rio_Grande_do_Sul DCRS -999.9 0.0 38.4 250.56 250.57 249.99 1 0.07 250.57 250.57 250.57 250.65
-28.939899 -51.188499 DCRS-00087 2026-07-20_21:12 19.7 -999.9 -999.9 95.9 -999.9 -999.9 19.0 -999.9 -999.9 973.5 -999.9 -999.9 0.0 -999.9 6.6 0.0 0.6 38.8 38.8 38.8 39.0 39.2 22.6 16.5 96.6 74.5 24.3 DCRS_-_Antônio_Prado/Flores_da_Cunha_(292_m) -999.9 -999.9 979.1 971.1 973.5 19.8 15.1 478.0 Rio_Grande_do_Sul DCRS -999.9 0.0 38.8 250.54 250.57 249.99 1 0.05 250.57 250.57 250.57 250.65
-28.939899 -51.188499 DCRS-00087 2026-07-20_21:13 19.6 -999.9 -999.9 95.9 -999.9 -999.9 18.9 -999.9 -999.9 973.4 -999.9 -999.9 3.1 -999.9 6.6 0.0 0.6 38.8 38.8 38.8 39.0 39.2 22.6 16.5 96.6 74.5 24.3 DCRS_-_Antônio_Prado/Flores_da_Cunha_(292_m) -999.9 -999.9 979.1 971.1 973.4 19.8 15.1 478.0 Rio_Grande_do_Sul DCRS -999.9 0.0 38.8 250.54 250.57 249.99 1 0.05 250.57 250.57 250.57 250.65
-28.939899 -51.188499 DCRS-00087 2026-07-20_21:14 19.7 -999.9 -999.9 96.0 -999.9 -999.9 19.0 -999.9 -999.9 973.4 -999.9 -999.9 3.3 -999.9 6.6 0.0 0.6 38.8 38.8 38.8 39.0 39.2 22.6 16.5 96.6 74.5 24.3 DCRS_-_Antônio_Prado/Flores_da_Cunha_(292_m) -999.9 -999.9 979.1 971.1 973.4 19.8 15.1 478.0 Rio_Grande_do_Sul DCRS -999.9 0.0 38.8 250.57 250.57 249.99 1 0.08 250.57 250.57 250.57 250.65
-28.939899 -51.188499 DCRS-00087 2026-07-20_21:15 19.6 -999.9 -999.9 96.0 -999.9 -999.9 18.9 -999.9 -999.9 973.3 -999.9 -999.9 -999.9 -999.9 5.3 0.0 1.0 38.8 38.8 38.8 39.0 39.2 22.6 16.5 96.6 74.5 24.3 DCRS_-_Antônio_Prado/Flores_da_Cunha_(292_m) -999.9 -999.9 979.1 971.1 973.3 19.8 15.1 478.0 Rio_Grande_do_Sul DCRS -999.9 0.0 38.8 250.57 250.57 249.99 1 0.07 250.57 250.57 250.57 250.65
-28.939899 -51.188499 DCRS-00087 2026-07-20_21:16 19.7 -999.9 -999.9 96.0 -999.9 -999.9 19.0 -999.9 -999.9 973.3 -999.9 -999.9 -999.9 -999.9 5.3 0.0 1.0 39.2 39.2 39.2 39.4 39.6 22.6 16.5 96.6 74.5 24.3 DCRS_-_Antônio_Prado/Flores_da_Cunha_(292_m) -999.9 -999.9 979.1 971.1 973.3 19.8 15.1 478.0 Rio_Grande_do_Sul DCRS -999.9 0.0 39.2 250.57 250.57 249.99 1 0.07 250.57 250.57 250.57 250.65
-28.939899 -51.188499 DCRS-00087 2026-07-20_21:17 19.7 -999.9 -999.9 96.1 -999.9 -999.9 19.1 -999.9 -999.9 973.3 -999.9 -999.9 -999.9 -999.9 5.3 0.0 1.0 39.2 39.2 39.2 39.4 39.6 22.6 16.5 96.6 74.5 24.3 DCRS_-_Antônio_Prado/Flores_da_Cunha_(292_m) -999.9 -999.9 979.1 971.1 973.3 19.8 15.1 478.0 Rio_Grande_do_Sul DCRS -999.9 0.0 39.2 250.58 250.58 249.99 1 0.08 250.58 250.58 250.58 250.65
-28.939899 -51.188499 DCRS-00087 2026-07-20_21:18 19.7 -999.9 -999.9 96.1 -999.9 -999.9 19.1 -999.9 -999.9 973.4 -999.9 -999.9 4.1 -999.9 5.3 0.0 1.0 39.2 39.2 39.2 39.4 39.6 22.6 16.5 96.6 74.5 24.3 DCRS_-_Antônio_Prado/Flores_da_Cunha_(292_m) -999.9 -999.9 979.1 971.1 973.4 19.8 15.1 478.0 Rio_Grande_do_Sul DCRS -999.9 0.0 39.2 250.56 250.58 249.99 1 0.06 250.58 250.58 250.58 250.65
-28.939899 -51.188499 DCRS-00087 2026-07-20_21:19 19.6 -999.9 -999.9 96.1 -999.9 -999.9 19.0 -999.9 -999.9 973.5 -999.9 -999.9 0.0 -999.9 5.3 0.0 1.2 39.2 39.2 39.2 39.4 39.6 22.6 16.5 96.6 74.5 24.3 DCRS_-_Antônio_Prado/Flores_da_Cunha_(292_m) -999.9 -999.9 979.1 971.1 973.5 19.8 15.1 478.0 Rio_Grande_do_Sul DCRS -999.9 0.0 39.2 250.56 250.58 249.99 1 0.06 250.58 250.58 250.58 250.65
-28.939899 -51.188499 DCRS-00087 2026-07-20_21:20 19.6 -999.9 -999.9 96.0 -999.9 -999.9 18.9 -999.9 -999.9 973.6 -999.9 -999.9 2.5 -999.9 7.4 0.0 1.2 39.4 39.4 39.4 39.6 39.8 22.6 16.5 96.6 74.5 24.3 DCRS_-_Antônio_Prado/Flores_da_Cunha_(292_m) -999.9 -999.9 979.1 971.1 973.6 19.8 15.1 478.0 Rio_Grande_do_Sul DCRS -999.9 0.0 39.4 250.58 250.58 249.99 1 0.08 250.58 250.58 250.58 250.65
-28.939899 -51.188499 DCRS-00087 2026-07-20_21:21 19.7 -999.9 -999.9 96.2 -999.9 -999.9 19.1 -999.9 -999.9 973.5 -999.9 -999.9 6.1 -999.9 7.4 0.0 1.2 39.4 39.4 39.4 39.6 39.8 22.6 16.5 96.6 74.5 24.3 DCRS_-_Antônio_Prado/Flores_da_Cunha_(292_m) -999.9 -999.9 979.1 971.1 973.5 19.8 15.1 478.0 Rio_Grande_do_Sul DCRS -999.9 0.0 39.4 250.58 250.58 249.99 1 0.08 250.58 250.58 250.58 250.65
-28.939899 -51.188499 DCRS-00087 2026-07-20_21:22 19.7 -999.9 -999.9 96.3 -999.9 -999.9 19.1 -999.9 -999.9 973.4 -999.9 -999.9 3.6 -999.9 7.4 0.0 1.2 39.4 39.4 39.4 39.6 39.8 22.6 16.5 96.6 74.5 24.3 DCRS_-_Antônio_Prado/Flores_da_Cunha_(292_m) -999.9 -999.9 979.1 971.1 973.4 19.8 15.1 478.0 Rio_Grande_do_Sul DCRS -999.9 0.0 39.4 250.58 250.58 249.99 1 0.08 250.58 250.58 250.58 250.65
-28.939899 -51.188499 DCRS-00087 2026-07-20_21:23 19.7 -999.9 -999.9 96.3 -999.9 -999.9 19.1 -999.9 -999.9 973.4 -999.9 -999.9 5.3 -999.9 7.4 0.0 1.2 39.4 39.4 39.4 39.6 39.8 22.6 16.5 96.6 74.5 24.3 DCRS_-_Antônio_Prado/Flores_da_Cunha_(292_m) -999.9 -999.9 979.1 971.1 973.4 19.8 15.1 478.0 Rio_Grande_do_Sul DCRS -999.9 0.0 39.4 250.58 250.58 249.99 1 0.08 250.58 250.58 250.58 250.65
-28.939899 -51.188499 DCRS-00087 2026-07-20_21:24 19.8 -999.9 -999.9 96.3 -999.9 -999.9 19.2 -999.9 -999.9 973.4 -999.9 -999.9 3.8 -999.9 7.4 0.0 1.2 39.4 39.4 39.4 39.6 39.8 22.6 16.5 96.6 74.5 24.3 DCRS_-_Antônio_Prado/Flores_da_Cunha_(292_m) -999.9 -999.9 979.1 971.1 973.4 19.8 15.1 478.0 Rio_Grande_do_Sul DCRS -999.9 0.0 39.4 250.58 250.58 249.99 1 0.08 250.58 250.58 250.58 250.65
-28.939899 -51.188499 DCRS-00087 2026-07-20_21:25 19.9 -999.9 -999.9 96.2 -999.9 -999.9 19.3 -999.9 -999.9 973.5 -999.9 -999.9 2.0 -999.9 6.7 0.0 1.2 39.4 39.4 39.4 39.6 39.8 22.6 16.5 96.6 74.5 24.3 DCRS_-_Antônio_Prado/Flores_da_Cunha_(292_m) -999.9 -999.9 979.1 971.1 973.5 19.8 15.1 478.0 Rio_Grande_do_Sul DCRS -999.9 0.0 39.4 250.59 250.59 249.99 1 0.08 250.59 250.59 250.59 250.65
-28.939899 -51.188499 DCRS-00087 2026-07-20_21:26 19.9 -999.9 -999.9 96.0 -999.9 -999.9 19.2 -999.9 -999.9 973.4 -999.9 -999.9 0.0 -999.9 6.7 0.0 1.2 39.4 39.4 39.4 39.6 39.8 22.6 16.5 96.6 74.5 24.3 DCRS_-_Antônio_Prado/Flores_da_Cunha_(292_m) -999.9 -999.9 979.1 971.1 973.4 19.8 15.1 478.0 Rio_Grande_do_Sul DCRS -999.9 0.0 39.4 250.59 250.59 249.99 1 0.08 250.59 250.59 250.59 250.65
-28.939899 -51.188499 DCRS-00087 2026-07-20_21:27 19.9 -999.9 -999.9 95.7 -999.9 -999.9 19.2 -999.9 -999.9 973.4 -999.9 -999.9 2.5 -999.9 6.7 0.0 1.2 39.4 39.4 39.4 39.6 39.8 22.6 16.5 96.6 74.5 24.3 DCRS_-_Antônio_Prado/Flores_da_Cunha_(292_m) -999.9 -999.9 979.1 971.1 973.4 19.8 15.1 478.0 Rio_Grande_do_Sul DCRS -999.9 0.0 39.4 250.6 250.6 249.99 1 0.08 250.6 250.6 250.6 250.65
-28.939899 -51.188499 DCRS-00087 2026-07-20_21:28 19.8 -999.9 -999.9 95.4 -999.9 -999.9 19.0 -999.9 -999.9 973.5 -999.9 -999.9 3.4 -999.9 6.7 0.0 1.2 39.4 39.4 39.4 39.6 39.8 22.6 16.5 96.6 74.5 24.3 DCRS_-_Antônio_Prado/Flores_da_Cunha_(292_m) -999.9 -999.9 979.1 971.1 973.5 19.8 15.1 478.0 Rio_Grande_do_Sul DCRS -999.9 0.0 39.4 250.6 250.6 249.99 1 0.09 250.6 250.6 250.6 250.65
-28.939899 -51.188499 DCRS-00087 2026-07-20_21:29 19.8 -999.9 -999.9 95.3 -999.9 -999.9 19.0 -999.9 -999.9 973.6 -999.9 -999.9 0.0 -999.9 6.7 0.0 1.2 39.4 39.4 39.4 39.6 39.8 22.6 16.5 96.6 74.5 24.3 DCRS_-_Antônio_Prado/Flores_da_Cunha_(292_m) -999.9 -999.9 979.1 971.1 973.6 19.8 15.1 478.0 Rio_Grande_do_Sul DCRS -999.9 0.0 39.4 250.61 250.61 249.99 1 0.1 250.61 250.61 250.61 250.65
-28.939899 -51.188499 DCRS-00087 2026-07-20_21:30 19.8 -999.9 -999.9 95.3 -999.9 -999.9 19.0 -999.9 -999.9 973.6 -999.9 -999.9 2.9 -999.9 5.1 0.0 1.2 39.4 39.4 39.4 39.6 39.8 22.6 16.5 96.6 74.5 24.3 DCRS_-_Antônio_Prado/Flores_da_Cunha_(292_m) -999.9 -999.9 979.1 971.1 973.6 19.8 15.1 478.0 Rio_Grande_do_Sul DCRS -999.9 0.0 39.4 250.61 250.61 249.99 1 0.09 250.61 250.61 250.61 250.65
-28.939899 -51.188499 DCRS-00087 2026-07-20_21:31 19.8 -999.9 -999.9 95.2 -999.9 -999.9 19.0 -999.9 -999.9 973.6 -999.9 -999.9 0.0 -999.9 5.1 0.0 1.2 39.4 39.4 39.4 39.6 39.8 22.6 16.5 96.6 74.5 24.3 DCRS_-_Antônio_Prado/Flores_da_Cunha_(292_m) -999.9 -999.9 979.1 971.1 973.6 19.8 15.1 478.0 Rio_Grande_do_Sul DCRS -999.9 0.0 39.4 250.61 250.61 249.99 1 0.09 250.61 250.61 250.61 250.65
-28.939899 -51.188499 DCRS-00087 2026-07-20_21:32 19.8 -999.9 -999.9 95.3 -999.9 -999.9 19.0 -999.9 -999.9 973.5 -999.9 -999.9 3.8 -999.9 5.1 0.0 1.2 39.4 39.4 39.4 39.6 39.8 22.6 16.5 96.6 74.5 24.3 DCRS_-_Antônio_Prado/Flores_da_Cunha_(292_m) -999.9 -999.9 979.1 971.1 973.5 19.8 15.1 478.0 Rio_Grande_do_Sul DCRS -999.9 0.0 39.4 250.6 250.61 249.99 1 0.08 250.61 250.61 250.61 250.65
-28.939899 -51.188499 DCRS-00087 2026-07-20_21:33 19.8 -999.9 -999.9 95.5 -999.9 -999.9 19.1 -999.9 -999.9 973.6 -999.9 -999.9 2.2 -999.9 5.1 0.0 1.2 39.4 39.4 39.4 39.6 39.8 22.6 16.5 96.6 74.5 24.3 DCRS_-_Antônio_Prado/Flores_da_Cunha_(292_m) -999.9 -999.9 979.1 971.1 973.6 19.8 15.1 478.0 Rio_Grande_do_Sul DCRS -999.9 0.0 39.4 250.62 250.62 249.99 1 0.1 250.62 250.62 250.62 250.65
-28.939899 -51.188499 DCRS-00087 2026-07-20_21:34 19.8 -999.9 -999.9 95.6 -999.9 -999.9 19.1 -999.9 -999.9 973.7 -999.9 -999.9 0.0 -999.9 5.1 0.0 1.2 39.4 39.4 39.4 39.6 39.8 22.6 16.5 96.6 74.5 24.3 DCRS_-_Antônio_Prado/Flores_da_Cunha_(292_m) -999.9 -999.9 979.1 971.1 973.7 19.8 15.1 478.0 Rio_Grande_do_Sul DCRS -999.9 0.0 39.4 250.62 250.62 249.99 1 0.1 250.62 250.62 250.62 250.65
-28.939899 -51.188499 DCRS-00087 2026-07-20_21:35 19.8 -999.9 -999.9 95.5 -999.9 -999.9 19.1 -999.9 -999.9 973.7 -999.9 -999.9 0.0 -999.9 4.5 0.0 1.2 39.4 39.4 39.4 39.6 39.8 22.6 16.5 96.6 74.5 24.3 DCRS_-_Antônio_Prado/Flores_da_Cunha_(292_m) -999.9 -999.9 979.1 971.1 973.7 19.8 15.1 478.0 Rio_Grande_do_Sul DCRS -999.9 0.0 39.4 250.62 250.62 249.99 1 0.1 250.62 250.62 250.62 250.65
-28.939899 -51.188499 DCRS-00087 2026-07-20_21:36 19.8 -999.9 -999.9 95.4 -999.9 -999.9 19.0 -999.9 -999.9 973.6 -999.9 -999.9 0.0 -999.9 4.5 0.0 1.2 39.4 39.4 39.4 39.6 39.8 22.6 16.5 96.6 74.5 24.3 DCRS_-_Antônio_Prado/Flores_da_Cunha_(292_m) -999.9 -999.9 979.1 971.1 973.6 19.8 15.1 478.0 Rio_Grande_do_Sul DCRS -999.9 0.0 39.4 250.62 250.62 249.99 1 0.1 250.62 250.62 250.62 250.65
-28.939899 -51.188499 DCRS-00087 2026-07-20_21:37 19.8 -999.9 -999.9 95.4 -999.9 -999.9 19.0 -999.9 -999.9 973.6 -999.9 -999.9 0.0 -999.9 4.5 0.0 1.2 39.4 39.4 39.4 39.6 39.8 22.6 16.5 96.6 74.5 24.3 DCRS_-_Antônio_Prado/Flores_da_Cunha_(292_m) -999.9 -999.9 979.1 971.1 973.6 19.8 15.1 478.0 Rio_Grande_do_Sul DCRS -999.9 0.0 39.4 250.63 250.63 249.99 1 0.11 250.63 250.63 250.63 250.65
-28.939899 -51.188499 DCRS-00087 2026-07-20_21:38 19.8 -999.9 -999.9 95.5 -999.9 -999.9 19.1 -999.9 -999.9 973.6 -999.9 -999.9 0.0 -999.9 4.5 0.0 1.2 39.4 39.4 39.4 39.6 39.8 22.6 16.5 96.6 74.5 24.3 DCRS_-_Antônio_Prado/Flores_da_Cunha_(292_m) -999.9 -999.9 979.1 971.1 973.6 19.8 15.1 478.0 Rio_Grande_do_Sul DCRS -999.9 0.0 39.4 250.63 250.63 249.99 1 0.11 250.63 250.63 250.63 250.65
-28.939899 -51.188499 DCRS-00087 2026-07-20_21:39 19.8 -999.9 -999.9 95.4 -999.9 -999.9 19.0 -999.9 -999.9 973.7 -999.9 -999.9 0.0 -999.9 4.5 0.0 1.2 39.4 39.4 39.4 39.6 39.8 22.6 16.5 96.6 74.5 24.3 DCRS_-_Antônio_Prado/Flores_da_Cunha_(292_m) -999.9 -999.9 979.1 971.1 973.7 19.8 15.1 478.0 Rio_Grande_do_Sul DCRS -999.9 0.0 39.4 250.63 250.63 249.99 1 0.09 250.63 250.63 250.63 250.65
-28.939899 -51.188499 DCRS-00087 2026-07-20_21:40 19.8 -999.9 -999.9 95.4 -999.9 -999.9 19.0 -999.9 -999.9 973.7 -999.9 -999.9 0.0 -999.9 2.2 0.0 1.2 39.4 39.4 39.4 39.6 39.8 22.6 16.5 96.6 74.5 24.3 DCRS_-_Antônio_Prado/Flores_da_Cunha_(292_m) -999.9 -999.9 979.1 971.1 973.7 19.8 15.1 478.0 Rio_Grande_do_Sul DCRS -999.9 0.0 39.4 250.63 250.63 249.99 1 0.09 250.63 250.63 250.63 250.65
-28.939899 -51.188499 DCRS-00087 2026-07-20_21:41 19.7 -999.9 -999.9 95.4 -999.9 -999.9 18.9 -999.9 -999.9 973.6 -999.9 -999.9 0.0 -999.9 2.2 0.0 1.2 39.4 39.4 39.4 39.6 39.8 22.6 16.5 96.6 74.5 24.3 DCRS_-_Antônio_Prado/Flores_da_Cunha_(292_m) -999.9 -999.9 979.1 971.1 973.6 19.8 15.1 478.0 Rio_Grande_do_Sul DCRS -999.9 0.0 39.4 250.63 250.63 249.99 1 0.11 250.63 250.63 250.63 250.65
-28.939899 -51.188499 DCRS-00087 2026-07-20_21:42 19.7 -999.9 -999.9 95.5 -999.9 -999.9 19.0 -999.9 -999.9 973.6 -999.9 -999.9 -999.9 -999.9 2.2 0.0 1.2 39.4 39.4 39.4 39.6 39.8 22.6 16.5 96.6 74.5 24.3 DCRS_-_Antônio_Prado/Flores_da_Cunha_(292_m) -999.9 -999.9 979.1 971.1 973.6 19.8 15.1 478.0 Rio_Grande_do_Sul DCRS -999.9 0.0 39.4 250.62 250.63 249.99 1 0.09 250.63 250.63 250.63 250.65
-28.939899 -51.188499 DCRS-00087 2026-07-20_21:43 19.8 -999.9 -999.9 95.5 -999.9 -999.9 19.1 -999.9 -999.9 973.6 -999.9 -999.9 0.0 -999.9 2.2 0.0 1.2 39.4 39.4 39.4 39.6 39.8 22.6 16.5 96.6 74.5 24.3 DCRS_-_Antônio_Prado/Flores_da_Cunha_(292_m) -999.9 -999.9 979.1 971.1 973.6 19.8 15.1 478.0 Rio_Grande_do_Sul DCRS -999.9 0.0 39.4 250.64 250.64 249.99 1 0.11 250.64 250.64 250.64 250.65
-28.939899 -51.188499 DCRS-00087 2026-07-20_21:44 19.7 -999.9 -999.9 95.5 -999.9 -999.9 19.0 -999.9 -999.9 973.6 -999.9 -999.9 0.0 -999.9 2.2 0.0 1.2 39.4 39.4 39.4 39.6 39.8 22.6 16.5 96.6 74.5 24.3 DCRS_-_Antônio_Prado/Flores_da_Cunha_(292_m) -999.9 -999.9 979.1 971.1 973.6 19.8 15.1 478.0 Rio_Grande_do_Sul DCRS -999.9 0.0 39.4 250.64 250.64 249.99 1 0.11 250.64 250.64 250.64 250.65
-28.939899 -51.188499 DCRS-00087 2026-07-20_21:45 19.6 -999.9 -999.9 95.5 -999.9 -999.9 18.9 -999.9 -999.9 973.6 -999.9 -999.9 0.0 -999.9 3.2 0.0 1.2 39.4 39.4 39.4 39.6 39.8 22.6 16.5 96.6 74.5 24.3 DCRS_-_Antônio_Prado/Flores_da_Cunha_(292_m) -999.9 -999.9 979.1 971.1 973.6 19.8 15.1 478.0 Rio_Grande_do_Sul DCRS -999.9 0.0 39.4 250.64 250.64 249.99 1 0.11 250.64 250.64 250.64 250.65
-28.939899 -51.188499 DCRS-00087 2026-07-20_21:46 19.7 -999.9 -999.9 95.6 -999.9 -999.9 19.0 -999.9 -999.9 973.6 -999.9 -999.9 0.0 -999.9 3.2 0.0 1.2 39.4 39.4 39.4 39.6 39.8 22.6 16.5 96.6 74.5 24.3 DCRS_-_Antônio_Prado/Flores_da_Cunha_(292_m) -999.9 -999.9 979.1 971.1 973.6 19.8 15.1 478.0 Rio_Grande_do_Sul DCRS -999.9 0.0 39.4 250.64 250.64 249.99 1 0.11 250.64 250.64 250.64 250.65
-28.939899 -51.188499 DCRS-00087 2026-07-20_21:47 19.6 -999.9 -999.9 95.6 -999.9 -999.9 18.9 -999.9 -999.9 973.5 -999.9 -999.9 0.0 -999.9 3.2 0.0 1.2 39.4 39.4 39.4 39.6 39.8 22.6 16.5 96.6 74.5 24.3 DCRS_-_Antônio_Prado/Flores_da_Cunha_(292_m) -999.9 -999.9 979.1 971.1 973.5 19.8 15.1 478.0 Rio_Grande_do_Sul DCRS -999.9 0.0 39.4 250.64 250.64 249.99 1 0.11 250.64 250.64 250.64 250.65
-28.939899 -51.188499 DCRS-00087 2026-07-20_21:48 19.6 -999.9 -999.9 95.7 -999.9 -999.9 18.9 -999.9 -999.9 973.5 -999.9 -999.9 0.0 -999.9 3.2 0.0 1.2 39.4 39.4 39.4 39.6 39.8 22.6 16.5 96.6 74.5 24.3 DCRS_-_Antônio_Prado/Flores_da_Cunha_(292_m) -999.9 -999.9 979.1 971.1 973.5 19.8 15.1 478.0 Rio_Grande_do_Sul DCRS -999.9 0.0 39.4 250.64 250.64 249.99 1 0.11 250.64 250.64 250.64 250.65
-28.939899 -51.188499 DCRS-00087 2026-07-20_21:49 19.6 -999.9 -999.9 95.7 -999.9 -999.9 18.9 -999.9 -999.9 973.5 -999.9 -999.9 0.0 -999.9 3.2 0.0 1.2 39.4 39.4 39.4 39.6 39.8 22.6 16.5 96.6 74.5 24.3 DCRS_-_Antônio_Prado/Flores_da_Cunha_(292_m) -999.9 -999.9 979.1 971.1 973.5 19.8 15.1 478.0 Rio_Grande_do_Sul DCRS -999.9 0.0 39.4 250.64 250.64 249.99 1 0.11 250.64 250.64 250.64 250.65
-28.939899 -51.188499 DCRS-00087 2026-07-20_21:50 19.6 -999.9 -999.9 95.8 -999.9 -999.9 18.9 -999.9 -999.9 973.6 -999.9 -999.9 0.0 -999.9 2.2 0.0 1.2 39.4 39.4 39.4 39.6 39.8 22.6 16.5 96.6 74.5 24.3 DCRS_-_Antônio_Prado/Flores_da_Cunha_(292_m) -999.9 -999.9 979.1 971.1 973.6 19.8 15.1 478.0 Rio_Grande_do_Sul DCRS -999.9 0.0 39.4 250.66 250.66 249.99 1 0.13 250.66 250.66 250.66 250.66
-28.939899 -51.188499 DCRS-00087 2026-07-20_21:51 19.6 -999.9 -999.9 95.8 -999.9 -999.9 18.9 -999.9 -999.9 973.7 -999.9 -999.9 -999.9 -999.9 2.2 0.0 1.2 39.4 39.4 39.4 39.6 39.8 22.6 16.5 96.6 74.5 24.3 DCRS_-_Antônio_Prado/Flores_da_Cunha_(292_m) -999.9 -999.9 979.1 971.1 973.7 19.8 15.1 478.0 Rio_Grande_do_Sul DCRS -999.9 0.0 39.4 250.66 250.66 249.99 1 0.11 250.66 250.66 250.66 250.66
-28.939899 -51.188499 DCRS-00087 2026-07-20_21:52 19.7 -999.9 -999.9 96.0 -999.9 -999.9 19.0 -999.9 -999.9 973.7 -999.9 -999.9 -999.9 -999.9 2.2 0.0 1.2 39.4 39.4 39.4 39.6 39.8 22.6 16.5 96.6 74.5 24.3 DCRS_-_Antônio_Prado/Flores_da_Cunha_(292_m) -999.9 -999.9 979.1 971.1 973.7 19.8 15.1 478.0 Rio_Grande_do_Sul DCRS -999.9 0.0 39.4 250.65 250.66 249.99 1 0.1 250.66 250.66 250.66 250.66
-28.939899 -51.188499 DCRS-00087 2026-07-20_21:53 19.6 -999.9 -999.9 96.0 -999.9 -999.9 18.9 -999.9 -999.9 973.8 -999.9 -999.9 2.0 -999.9 2.2 0.0 1.2 39.4 39.4 39.4 39.6 39.8 22.6 16.5 96.6 74.5 24.3 DCRS_-_Antônio_Prado/Flores_da_Cunha_(292_m) -999.9 -999.9 979.1 971.1 973.8 19.8 15.1 478.0 Rio_Grande_do_Sul DCRS -999.9 0.0 39.4 250.66 250.66 249.99 1 0.12 250.66 250.66 250.66 250.66
-28.939899 -51.188499 DCRS-00087 2026-07-20_21:54 19.6 -999.9 -999.9 96.2 -999.9 -999.9 19.0 -999.9 -999.9 973.8 -999.9 -999.9 0.0 -999.9 2.2 0.0 1.2 39.4 39.4 39.4 39.6 39.8 22.6 16.5 96.6 74.5 24.3 DCRS_-_Antônio_Prado/Flores_da_Cunha_(292_m) -999.9 -999.9 979.1 971.1 973.8 19.8 15.1 478.0 Rio_Grande_do_Sul DCRS -999.9 0.0 39.4 250.66 250.66 249.99 1 0.11 250.66 250.66 250.66 250.66
-28.939899 -51.188499 DCRS-00087 2026-07-20_21:55 19.7 -999.9 -999.9 96.3 -999.9 -999.9 19.1 -999.9 -999.9 973.8 -999.9 -999.9 0.0 -999.9 2.8 0.0 1.2 39.4 39.4 39.4 39.6 39.8 22.6 16.5 96.6 74.5 24.3 DCRS_-_Antônio_Prado/Flores_da_Cunha_(292_m) -999.9 -999.9 979.1 971.1 973.8 19.8 15.1 478.0 Rio_Grande_do_Sul DCRS -999.9 0.0 39.4 250.66 250.66 249.99 1 0.11 250.66 250.66 250.66 250.66
-28.939899 -51.188499 DCRS-00087 2026-07-20_21:56 19.7 -999.9 -999.9 96.2 -999.9 -999.9 19.1 -999.9 -999.9 973.8 -999.9 -999.9 0.0 -999.9 2.8 0.0 1.2 39.4 39.4 39.4 39.6 39.8 22.6 16.5 96.6 74.5 24.3 DCRS_-_Antônio_Prado/Flores_da_Cunha_(292_m) -999.9 -999.9 979.1 971.1 973.8 19.8 15.1 478.0 Rio_Grande_do_Sul DCRS -999.9 0.0 39.4 250.66 250.66 249.99 1 0.12 250.66 250.66 250.66 250.66
-28.939899 -51.188499 DCRS-00087 2026-07-20_21:57 19.7 -999.9 -999.9 96.1 -999.9 -999.9 19.1 -999.9 -999.9 973.9 -999.9 -999.9 0.0 -999.9 2.8 0.0 1.2 39.4 39.4 39.4 39.6 39.8 22.6 16.5 96.6 74.5 24.3 DCRS_-_Antônio_Prado/Flores_da_Cunha_(292_m) -999.9 -999.9 979.1 971.1 973.9 19.8 15.1 478.0 Rio_Grande_do_Sul DCRS -999.9 0.0 39.4 250.66 250.66 249.99 1 0.17 250.66 250.66 250.66 250.66
-28.939899 -51.188499 DCRS-00087 2026-07-20_21:58 19.6 -999.9 -999.9 96.2 -999.9 -999.9 19.0 -999.9 -999.9 973.9 -999.9 -999.9 0.0 -999.9 2.8 0.0 1.2 39.4 39.4 39.4 39.6 39.8 22.6 16.5 96.6 74.5 24.3 DCRS_-_Antônio_Prado/Flores_da_Cunha_(292_m) -999.9 -999.9 979.1 971.1 973.9 19.8 15.1 478.0 Rio_Grande_do_Sul DCRS -999.9 0.0 39.4 250.65 250.66 249.99 1 0.12 250.66 250.66 250.66 250.66
-28.939899 -51.188499 DCRS-00087 2026-07-20_21:59 19.7 -999.9 -999.9 96.0 -999.9 -999.9 19.0 -999.9 -999.9 973.8 -999.9 -999.9 -999.9 -999.9 2.8 0.0 1.2 39.4 39.4 39.4 39.6 39.8 22.6 16.5 96.6 74.5 24.3 DCRS_-_Antônio_Prado/Flores_da_Cunha_(292_m) -999.9 -999.9 979.1 971.1 973.8 19.8 15.1 478.0 Rio_Grande_do_Sul DCRS -999.9 0.0 39.4 250.53 250.66 249.99 1 -0.02 250.66 250.66 250.66 250.66
-28.939899 -51.188499 DCRS-00087 2026-07-20_22:00 19.6 -999.9 -999.9 95.9 -999.9 -999.9 18.9 -999.9 -999.9 973.6 -999.9 -999.9 -999.9 -999.9 4.3 0.0 1.2 39.4 39.4 39.4 39.6 39.8 22.6 16.5 96.6 74.5 24.3 DCRS_-_Antônio_Prado/Flores_da_Cunha_(292_m) -999.9 -999.9 979.1 971.1 973.6 19.8 15.1 478.0 Rio_Grande_do_Sul DCRS -999.9 0.0 39.4 250.63 250.66 249.99 1 0.08 250.66 250.66 250.66 250.66
-28.939899 -51.188499 DCRS-00087 2026-07-20_22:01 19.6 -999.9 -999.9 95.9 -999.9 -999.9 18.9 -999.9 -999.9 973.6 -999.9 -999.9 3.3 -999.9 4.3 0.0 1.2 39.4 39.4 39.4 39.6 39.8 22.6 16.5 96.6 74.5 24.3 DCRS_-_Antônio_Prado/Flores_da_Cunha_(292_m) -999.9 -999.9 979.1 971.1 973.6 19.8 15.1 478.0 Rio_Grande_do_Sul DCRS -999.9 0.0 39.4 250.62 250.66 249.99 1 0.06 250.66 250.66 250.66 250.66
-28.939899 -51.188499 DCRS-00087 2026-07-20_22:02 19.6 -999.9 -999.9 96.0 -999.9 -999.9 18.9 -999.9 -999.9 973.5 -999.9 -999.9 0.0 -999.9 4.3 0.0 1.2 39.4 39.4 39.4 39.6 39.8 22.6 16.5 96.6 74.5 24.3 DCRS_-_Antônio_Prado/Flores_da_Cunha_(292_m) -999.9 -999.9 979.1 971.1 973.5 19.8 15.1 478.0 Rio_Grande_do_Sul DCRS -999.9 0.0 39.4 250.63 250.66 249.99 1 0.08 250.66 250.66 250.66 250.66
-28.939899 -51.188499 DCRS-00087 2026-07-20_22:03 19.6 -999.9 -999.9 96.1 -999.9 -999.9 19.0 -999.9 -999.9 973.5 -999.9 -999.9 2.5 -999.9 4.3 0.0 1.2 39.4 39.4 39.4 39.6 39.8 22.6 16.5 96.6 74.5 24.3 DCRS_-_Antônio_Prado/Flores_da_Cunha_(292_m) -999.9 -999.9 979.1 971.1 973.5 19.8 15.1 478.0 Rio_Grande_do_Sul DCRS -999.9 0.0 39.4 250.61 250.66 249.99 1 0.04 250.66 250.66 250.66 250.66
-28.939899 -51.188499 DCRS-00087 2026-07-20_22:04 19.6 -999.9 -999.9 96.1 -999.9 -999.9 19.0 -999.9 -999.9 973.5 -999.9 -999.9 0.0 -999.9 4.3 0.0 1.8 40.2 40.2 40.2 40.4 40.6 22.6 16.5 96.6 74.5 24.3 DCRS_-_Antônio_Prado/Flores_da_Cunha_(292_m) -999.9 -999.9 979.1 971.1 973.5 19.8 15.1 478.0 Rio_Grande_do_Sul DCRS -999.9 0.8 40.2 250.67 250.67 249.99 1 0.13 250.67 250.67 250.67 250.67
-28.939899 -51.188499 DCRS-00087 2026-07-20_22:05 19.6 -999.9 -999.9 96.0 -999.9 -999.9 18.9 -999.9 -999.9 973.4 -999.9 -999.9 0.0 -999.9 5.7 0.0 1.8 40.2 40.2 40.2 40.4 40.6 22.6 16.5 96.6 74.5 24.3 DCRS_-_Antônio_Prado/Flores_da_Cunha_(292_m) -999.9 -999.9 979.1 971.1 973.4 19.8 15.1 478.0 Rio_Grande_do_Sul DCRS -999.9 0.0 40.2 250.65 250.67 249.99 1 0.14 250.67 250.67 250.67 250.67
-28.939899 -51.188499 DCRS-00087 2026-07-20_22:06 19.6 -999.9 -999.9 96.1 -999.9 -999.9 19.0 -999.9 -999.9 973.5 -999.9 -999.9 0.0 -999.9 5.7 0.0 1.8 40.2 40.2 40.2 40.4 40.6 22.6 16.5 96.6 74.5 24.3 DCRS_-_Antônio_Prado/Flores_da_Cunha_(292_m) -999.9 -999.9 979.1 971.1 973.5 19.8 15.1 478.0 Rio_Grande_do_Sul DCRS -999.9 0.0 40.2 250.66 250.67 249.99 1 0.15 250.67 250.67 250.67 250.67
-28.939899 -51.188499 DCRS-00087 2026-07-20_22:07 19.6 -999.9 -999.9 96.2 -999.9 -999.9 19.0 -999.9 -999.9 973.5 -999.9 -999.9 0.0 -999.9 5.7 0.0 1.8 40.2 40.2 40.2 40.4 40.6 22.6 16.5 96.6 74.5 24.3 DCRS_-_Antônio_Prado/Flores_da_Cunha_(292_m) -999.9 -999.9 979.1 971.1 973.5 19.8 15.1 478.0 Rio_Grande_do_Sul DCRS -999.9 0.0 40.2 250.67 250.67 249.99 1 0.17 250.67 250.67 250.67 250.67
-28.939899 -51.188499 DCRS-00087 2026-07-20_22:08 19.7 -999.9 -999.9 96.1 -999.9 -999.9 19.1 -999.9 -999.9 973.6 -999.9 -999.9 0.0 -999.9 5.7 0.0 1.8 41.0 41.0 41.0 41.2 41.4 22.6 16.5 96.6 74.5 24.3 DCRS_-_Antônio_Prado/Flores_da_Cunha_(292_m) -999.9 -999.9 979.1 971.1 973.6 19.8 15.1 478.0 Rio_Grande_do_Sul DCRS -999.9 0.0 41.0 250.69 250.69 249.99 1 0.22 250.69 250.69 250.69 250.69
-28.939899 -51.188499 DCRS-00087 2026-07-20_22:09 19.6 -999.9 -999.9 96.1 -999.9 -999.9 19.0 -999.9 -999.9 973.7 -999.9 -999.9 0.0 -999.9 5.7 0.0 2.0 41.0 41.0 41.0 41.2 41.4 22.6 16.5 96.6 74.5 24.3 DCRS_-_Antônio_Prado/Flores_da_Cunha_(292_m) -999.9 -999.9 979.1 971.1 973.7 19.8 15.1 478.0 Rio_Grande_do_Sul DCRS -999.9 0.0 41.0 250.69 250.69 249.99 1 0.13 250.69 250.69 250.69 250.69
-28.939899 -51.188499 DCRS-00087 2026-07-20_22:10 19.6 -999.9 -999.9 96.2 -999.9 -999.9 19.0 -999.9 -999.9 973.8 -999.9 -999.9 1.9 -999.9 4.0 0.0 2.0 41.0 41.0 41.0 41.2 41.4 22.6 16.5 96.6 74.5 24.3 DCRS_-_Antônio_Prado/Flores_da_Cunha_(292_m) -999.9 -999.9 979.1 971.1 973.8 19.8 15.1 478.0 Rio_Grande_do_Sul DCRS -999.9 0.0 41.0 250.69 250.69 249.99 1 0.15 250.69 250.69 250.69 250.69
-28.939899 -51.188499 DCRS-00087 2026-07-20_22:11 19.6 -999.9 -999.9 96.0 -999.9 -999.9 18.9 -999.9 -999.9 973.8 -999.9 -999.9 2.0 -999.9 4.0 0.0 2.0 41.0 41.0 41.0 41.2 41.4 22.6 16.5 96.6 74.5 24.3 DCRS_-_Antônio_Prado/Flores_da_Cunha_(292_m) -999.9 -999.9 979.1 971.1 973.8 19.8 15.1 478.0 Rio_Grande_do_Sul DCRS -999.9 0.0 41.0 250.7 250.7 249.99 1 0.14 250.7 250.7 250.7 250.7
-28.939899 -51.188499 DCRS-00087 2026-07-20_22:12 19.6 -999.9 -999.9 96.2 -999.9 -999.9 19.0 -999.9 -999.9 974.0 -999.9 -999.9 2.5 -999.9 4.0 0.0 2.0 41.6 41.6 41.6 41.8 42.0 22.6 16.5 96.6 74.5 24.3 DCRS_-_Antônio_Prado/Flores_da_Cunha_(292_m) -999.9 -999.9 979.1 971.1 974.0 19.8 15.1 478.0 Rio_Grande_do_Sul DCRS -999.9 0.0 41.6 250.69 250.7 249.99 1 0.15 250.7 250.7 250.7 250.7
-28.939899 -51.188499 DCRS-00087 2026-07-20_22:13 19.6 -999.9 -999.9 96.3 -999.9 -999.9 19.0 -999.9 -999.9 974.0 -999.9 -999.9 1.9 -999.9 4.0 0.0 2.0 41.6 41.6 41.6 41.8 42.0 22.6 16.5 96.6 74.5 24.3 DCRS_-_Antônio_Prado/Flores_da_Cunha_(292_m) -999.9 -999.9 979.1 971.1 974.0 19.8 15.1 478.0 Rio_Grande_do_Sul DCRS -999.9 0.0 41.6 250.7 250.7 249.99 1 0.16 250.7 250.7 250.7 250.7
-28.939899 -51.188499 DCRS-00087 2026-07-20_22:14 19.5 -999.9 -999.9 96.3 -999.9 -999.9 18.9 -999.9 -999.9 974.1 -999.9 -999.9 2.9 -999.9 4.0 0.0 1.8 41.6 41.6 41.6 41.8 42.0 22.6 16.5 96.6 74.5 24.3 DCRS_-_Antônio_Prado/Flores_da_Cunha_(292_m) -999.9 -999.9 979.1 971.1 974.1 19.8 15.1 478.0 Rio_Grande_do_Sul DCRS -999.9 0.0 41.6 250.71 250.71 249.99 1 0.14 250.71 250.71 250.71 250.71
-28.939899 -51.188499 DCRS-00087 2026-07-20_22:15 19.6 -999.9 -999.9 96.3 -999.9 -999.9 19.0 -999.9 -999.9 974.1 -999.9 -999.9 3.0 -999.9 3.2 0.0 1.8 41.6 41.6 41.6 41.8 42.0 22.6 16.5 96.6 74.5 24.3 DCRS_-_Antônio_Prado/Flores_da_Cunha_(292_m) -999.9 -999.9 979.1 971.1 974.1 19.8 15.1 478.0 Rio_Grande_do_Sul DCRS -999.9 0.0 41.6 250.71 250.71 249.99 1 0.14 250.71 250.71 250.71 250.71
-28.939899 -51.188499 DCRS-00087 2026-07-20_22:16 19.7 -999.9 -999.9 96.3 -999.9 -999.9 19.1 -999.9 -999.9 974.2 -999.9 -999.9 0.0 -999.9 3.2 0.0 1.8 41.8 41.8 41.8 42.0 42.2 22.6 16.5 96.6 74.5 24.3 DCRS_-_Antônio_Prado/Flores_da_Cunha_(292_m) -999.9 -999.9 979.1 971.1 974.2 19.8 15.1 478.0 Rio_Grande_do_Sul DCRS -999.9 0.0 41.8 250.71 250.71 249.99 1 0.14 250.71 250.71 250.71 250.71
-28.939899 -51.188499 DCRS-00087 2026-07-20_22:17 19.6 -999.9 -999.9 96.4 -999.9 -999.9 19.0 -999.9 -999.9 974.4 -999.9 -999.9 -999.9 -999.9 3.2 0.0 1.8 41.8 41.8 41.8 42.0 42.2 22.6 16.5 96.6 74.5 24.3 DCRS_-_Antônio_Prado/Flores_da_Cunha_(292_m) -999.9 -999.9 979.1 971.1 974.4 19.8 15.1 478.0 Rio_Grande_do_Sul DCRS -999.9 0.0 41.8 250.71 250.71 249.99 1 0.13 250.71 250.71 250.71 250.71
-28.939899 -51.188499 DCRS-00087 2026-07-20_22:18 19.6 -999.9 -999.9 96.3 -999.9 -999.9 19.0 -999.9 -999.9 974.6 -999.9 -999.9 0.0 -999.9 3.2 0.0 1.8 41.8 41.8 41.8 42.0 42.2 22.6 16.5 96.6 74.5 24.3 DCRS_-_Antônio_Prado/Flores_da_Cunha_(292_m) -999.9 -999.9 979.1 971.1 974.6 19.8 15.1 478.0 Rio_Grande_do_Sul DCRS -999.9 0.0 41.8 250.71 250.71 249.99 1 0.15 250.71 250.71 250.71 250.71
-28.939899 -51.188499 DCRS-00087 2026-07-20_22:19 19.7 -999.9 -999.9 96.4 -999.9 -999.9 19.1 -999.9 -999.9 974.8 -999.9 -999.9 2.8 -999.9 3.2 0.0 1.6 41.8 41.8 41.8 42.0 42.2 22.6 16.5 96.6 74.5 24.3 DCRS_-_Antônio_Prado/Flores_da_Cunha_(292_m) -999.9 -999.9 979.1 971.1 974.8 19.8 15.1 478.0 Rio_Grande_do_Sul DCRS -999.9 0.0 41.8 250.73 250.73 249.99 1 0.17 250.73 250.73 250.73 250.73
-28.939899 -51.188499 DCRS-00087 2026-07-20_22:20 19.6 -999.9 -999.9 96.3 -999.9 -999.9 19.0 -999.9 -999.9 975.0 -999.9 -999.9 2.1 -999.9 4.1 0.0 1.6 41.8 41.8 41.8 42.0 42.2 22.6 16.5 96.6 74.5 24.3 DCRS_-_Antônio_Prado/Flores_da_Cunha_(292_m) -999.9 -999.9 979.1 971.1 975.0 19.8 15.1 478.0 Rio_Grande_do_Sul DCRS -999.9 0.0 41.8 250.73 250.73 249.99 1 0.15 250.73 250.73 250.73 250.73
-28.939899 -51.188499 DCRS-00087 2026-07-20_22:21 19.6 -999.9 -999.9 96.1 -999.9 -999.9 19.0 -999.9 -999.9 975.0 -999.9 -999.9 0.0 -999.9 4.1 0.0 1.6 41.8 41.8 41.8 42.0 42.2 22.6 16.5 96.6 74.5 24.3 DCRS_-_Antônio_Prado/Flores_da_Cunha_(292_m) -999.9 -999.9 979.1 971.1 975.0 19.8 15.1 478.0 Rio_Grande_do_Sul DCRS -999.9 0.0 41.8 250.64 250.73 249.99 1 0.06 250.73 250.73 250.73 250.73
-28.939899 -51.188499 DCRS-00087 2026-07-20_22:22 19.6 -999.9 -999.9 96.2 -999.9 -999.9 19.0 -999.9 -999.9 975.2 -999.9 -999.9 2.1 -999.9 4.1 0.0 1.6 41.8 41.8 41.8 42.0 42.2 22.6 16.5 96.6 74.5 24.3 DCRS_-_Antônio_Prado/Flores_da_Cunha_(292_m) -999.9 -999.9 979.1 971.1 975.2 19.8 15.1 478.0 Rio_Grande_do_Sul DCRS -999.9 0.0 41.8 250.71 250.73 249.99 1 0.13 250.73 250.73 250.73 250.73
-28.939899 -51.188499 DCRS-00087 2026-07-20_22:23 19.6 -999.9 -999.9 96.2 -999.9 -999.9 19.0 -999.9 -999.9 975.3 -999.9 -999.9 0.0 -999.9 4.1 0.0 1.6 41.8 41.8 41.8 42.0 42.2 22.6 16.5 96.6 74.5 24.3 DCRS_-_Antônio_Prado/Flores_da_Cunha_(292_m) -999.9 -999.9 979.1 971.1 975.3 19.8 15.1 478.0 Rio_Grande_do_Sul DCRS -999.9 0.0 41.8 250.74 250.74 249.99 1 0.16 250.74 250.74 250.74 250.74
-28.939899 -51.188499 DCRS-00087 2026-07-20_22:24 19.6 -999.9 -999.9 96.3 -999.9 -999.9 19.0 -999.9 -999.9 975.5 -999.9 -999.9 -999.9 -999.9 4.1 0.0 1.6 41.8 41.8 41.8 42.0 42.2 22.6 16.5 96.6 74.5 24.3 DCRS_-_Antônio_Prado/Flores_da_Cunha_(292_m) -999.9 -999.9 979.1 971.1 975.5 19.8 15.1 478.0 Rio_Grande_do_Sul DCRS -999.9 0.0 41.8 250.6 250.74 249.99 1 0.02 250.74 250.74 250.74 250.74
-28.939899 -51.188499 DCRS-00087 2026-07-20_22:25 19.5 -999.9 -999.9 96.1 -999.9 -999.9 18.9 -999.9 -999.9 975.8 -999.9 -999.9 2.5 -999.9 6.2 0.0 1.6 41.8 41.8 41.8 42.0 42.2 22.6 16.5 96.6 74.5 24.3 DCRS_-_Antônio_Prado/Flores_da_Cunha_(292_m) -999.9 -999.9 979.1 971.1 975.8 19.8 15.1 478.0 Rio_Grande_do_Sul DCRS -999.9 0.0 41.8 250.56 250.74 249.99 1 -0.03 250.74 250.74 250.74 250.74
-28.939899 -51.188499 DCRS-00087 2026-07-20_22:26 19.5 -999.9 -999.9 96.1 -999.9 -999.9 18.9 -999.9 -999.9 975.9 -999.9 -999.9 0.0 -999.9 6.2 0.0 1.6 41.8 41.8 41.8 42.0 42.2 22.6 16.5 96.6 74.5 24.3 DCRS_-_Antônio_Prado/Flores_da_Cunha_(292_m) -999.9 -999.9 979.1 971.1 975.9 19.8 15.1 478.0 Rio_Grande_do_Sul DCRS -999.9 0.0 41.8 250.56 250.74 249.99 1 -0.03 250.74 250.74 250.74 250.74
-28.939899 -51.188499 DCRS-00087 2026-07-20_22:27 19.5 -999.9 -999.9 96.1 -999.9 -999.9 18.9 -999.9 -999.9 975.7 -999.9 -999.9 2.6 -999.9 6.2 0.0 1.6 41.8 41.8 41.8 42.0 42.2 22.6 16.5 96.6 74.5 24.3 DCRS_-_Antônio_Prado/Flores_da_Cunha_(292_m) -999.9 -999.9 979.1 971.1 975.7 19.8 15.1 478.0 Rio_Grande_do_Sul DCRS -999.9 0.0 41.8 250.56 250.74 249.99 1 -0.04 250.74 250.74 250.74 250.74
-28.939899 -51.188499 DCRS-00087 2026-07-20_22:28 19.5 -999.9 -999.9 96.2 -999.9 -999.9 18.9 -999.9 -999.9 975.7 -999.9 -999.9 4.9 -999.9 6.2 0.0 1.6 41.8 41.8 41.8 42.0 42.2 22.6 16.5 96.6 74.5 24.3 DCRS_-_Antônio_Prado/Flores_da_Cunha_(292_m) -999.9 -999.9 979.1 971.1 975.7 19.8 15.1 478.0 Rio_Grande_do_Sul DCRS -999.9 0.0 41.8 250.56 250.74 249.99 1 -0.04 250.74 250.74 250.74 250.74
-28.939899 -51.188499 DCRS-00087 2026-07-20_22:29 19.4 -999.9 -999.9 96.3 -999.9 -999.9 18.8 -999.9 -999.9 975.5 -999.9 -999.9 4.6 -999.9 6.2 0.0 2.0 41.8 41.8 41.8 42.0 42.2 22.6 16.5 96.6 74.5 24.3 DCRS_-_Antônio_Prado/Flores_da_Cunha_(292_m) -999.9 -999.9 979.1 971.1 975.5 19.8 15.1 478.0 Rio_Grande_do_Sul DCRS -999.9 0.4 41.8 250.7 250.74 249.99 1 0.09 250.74 250.74 250.74 250.74
-28.939899 -51.188499 DCRS-00087 2026-07-20_22:30 19.5 -999.9 -999.9 96.3 -999.9 -999.9 18.9 -999.9 -999.9 975.3 -999.9 -999.9 -999.9 -999.9 7.3 0.0 2.0 41.8 41.8 41.8 42.0 42.2 22.6 16.5 96.6 74.5 24.3 DCRS_-_Antônio_Prado/Flores_da_Cunha_(292_m) -999.9 -999.9 979.1 971.1 975.3 19.8 15.1 478.0 Rio_Grande_do_Sul DCRS -999.9 0.0 41.8 250.69 250.74 249.99 1 0.08 250.74 250.74 250.74 250.74
-28.939899 -51.188499 DCRS-00087 2026-07-20_22:31 19.4 -999.9 -999.9 96.3 -999.9 -999.9 18.8 -999.9 -999.9 975.2 -999.9 -999.9 3.5 -999.9 7.3 0.0 2.0 41.8 41.8 41.8 42.0 42.2 22.6 16.5 96.6 74.5 24.3 DCRS_-_Antônio_Prado/Flores_da_Cunha_(292_m) -999.9 -999.9 979.1 971.1 975.2 19.8 15.1 478.0 Rio_Grande_do_Sul DCRS -999.9 0.0 41.8 250.72 250.74 249.99 1 0.11 250.74 250.74 250.74 250.74
-28.939899 -51.188499 DCRS-00087 2026-07-20_22:32 19.4 -999.9 -999.9 96.5 -999.9 -999.9 18.8 -999.9 -999.9 975.3 -999.9 -999.9 4.4 -999.9 7.3 0.0 2.0 42.2 42.2 42.2 42.4 42.6 22.6 16.5 96.6 74.5 24.3 DCRS_-_Antônio_Prado/Flores_da_Cunha_(292_m) -999.9 -999.9 979.1 971.1 975.3 19.8 15.1 478.0 Rio_Grande_do_Sul DCRS -999.9 0.0 42.2 250.59 250.74 249.99 1 -0.01 250.74 250.74 250.74 250.74
-28.939899 -51.188499 DCRS-00087 2026-07-20_22:33 19.4 -999.9 -999.9 96.5 -999.9 -999.9 18.8 -999.9 -999.9 975.2 -999.9 -999.9 4.0 -999.9 7.3 0.0 2.0 42.2 42.2 42.2 42.4 42.6 22.6 16.5 96.6 74.5 24.3 DCRS_-_Antônio_Prado/Flores_da_Cunha_(292_m) -999.9 -999.9 979.1 971.1 975.2 19.8 15.1 478.0 Rio_Grande_do_Sul DCRS -999.9 0.0 42.2 250.7 250.74 249.99 1 0.08 250.74 250.74 250.74 250.74
-28.939899 -51.188499 DCRS-00087 2026-07-20_22:34 19.4 -999.9 -999.9 96.5 -999.9 -999.9 18.8 -999.9 -999.9 975.0 -999.9 -999.9 4.9 -999.9 7.3 0.0 6.0 42.2 42.2 42.2 42.4 42.6 22.6 16.5 96.6 74.5 24.3 DCRS_-_Antônio_Prado/Flores_da_Cunha_(292_m) -999.9 -999.9 979.1 971.1 975.0 19.8 15.1 478.0 Rio_Grande_do_Sul DCRS -999.9 3.6 42.2 250.7 250.74 249.99 1 0.08 250.74 250.74 250.74 250.74
-28.939899 -51.188499 DCRS-00087 2026-07-20_22:35 19.4 -999.9 -999.9 96.7 -999.9 -999.9 18.9 -999.9 -999.9 975.0 -999.9 -999.9 2.5 -999.9 9.7 0.0 6.0 42.2 42.2 42.2 42.4 42.6 22.6 16.5 96.7 74.5 24.3 DCRS_-_Antônio_Prado/Flores_da_Cunha_(292_m) -999.9 -999.9 979.1 971.1 975.0 19.8 15.1 478.0 Rio_Grande_do_Sul DCRS -999.9 0.0 42.2 250.74 250.74 249.99 1 0.12 250.74 250.74 250.74 250.74
-28.939899 -51.188499 DCRS-00087 2026-07-20_22:36 19.4 -999.9 -999.9 96.7 -999.9 -999.9 18.9 -999.9 -999.9 974.9 -999.9 -999.9 2.7 -999.9 9.7 0.0 6.0 46.2 46.2 46.2 46.4 46.6 22.6 16.5 96.7 74.5 24.3 DCRS_-_Antônio_Prado/Flores_da_Cunha_(292_m) -999.9 -999.9 979.1 971.1 974.9 19.8 15.1 478.0 Rio_Grande_do_Sul DCRS -999.9 0.0 46.2 250.73 250.74 249.99 1 0.11 250.74 250.74 250.74 250.74
-28.939899 -51.188499 DCRS-00087 2026-07-20_22:37 19.4 -999.9 -999.9 96.7 -999.9 -999.9 18.9 -999.9 -999.9 974.9 -999.9 -999.9 0.0 -999.9 9.7 0.0 6.0 46.2 46.2 46.2 46.4 46.6 22.6 16.5 96.7 74.5 24.3 DCRS_-_Antônio_Prado/Flores_da_Cunha_(292_m) -999.9 -999.9 979.1 971.1 974.9 19.8 15.1 478.0 Rio_Grande_do_Sul DCRS -999.9 0.0 46.2 250.74 250.74 249.99 1 0.11 250.74 250.74 250.74 250.74
-28.939899 -51.188499 DCRS-00087 2026-07-20_22:38 19.4 -999.9 -999.9 96.9 -999.9 -999.9 18.9 -999.9 -999.9 974.9 -999.9 -999.9 6.3 -999.9 9.7 0.0 6.0 46.2 46.2 46.2 46.4 46.6 22.6 16.5 96.9 74.5 24.3 DCRS_-_Antônio_Prado/Flores_da_Cunha_(292_m) -999.9 -999.9 979.1 971.1 974.9 19.8 15.1 478.0 Rio_Grande_do_Sul DCRS -999.9 0.0 46.2 250.74 250.74 249.99 1 0.11 250.74 250.74 250.74 250.74
-28.939899 -51.188499 DCRS-00087 2026-07-20_22:39 19.5 -999.9 -999.9 97.0 -999.9 -999.9 19.0 -999.9 -999.9 974.9 -999.9 -999.9 3.7 -999.9 9.7 0.0 6.8 46.2 46.2 46.2 46.4 46.6 22.6 16.5 97.0 74.5 24.3 DCRS_-_Antônio_Prado/Flores_da_Cunha_(292_m) -999.9 -999.9 979.1 971.1 974.9 19.8 15.1 478.0 Rio_Grande_do_Sul DCRS -999.9 0.0 46.2 250.77 250.77 249.99 1 0.14 250.77 250.77 250.77 250.77
-28.939899 -51.188499 DCRS-00087 2026-07-20_22:40 19.5 -999.9 -999.9 97.0 -999.9 -999.9 19.0 -999.9 -999.9 974.8 -999.9 -999.9 4.6 -999.9 8.0 0.0 6.8 47.0 47.0 47.0 47.2 47.4 22.6 16.5 97.0 74.5 24.3 DCRS_-_Antônio_Prado/Flores_da_Cunha_(292_m) -999.9 -999.9 979.1 971.1 974.8 19.8 15.1 478.0 Rio_Grande_do_Sul DCRS -999.9 0.0 47.0 250.77 250.77 249.99 1 0.14 250.77 250.77 250.77 250.77
-28.939899 -51.188499 DCRS-00087 2026-07-20_22:41 19.5 -999.9 -999.9 96.9 -999.9 -999.9 19.0 -999.9 -999.9 974.9 -999.9 -999.9 3.3 -999.9 8.0 0.0 6.8 47.0 47.0 47.0 47.2 47.4 22.6 16.5 97.0 74.5 24.3 DCRS_-_Antônio_Prado/Flores_da_Cunha_(292_m) -999.9 -999.9 979.1 971.1 974.9 19.8 15.1 478.0 Rio_Grande_do_Sul DCRS -999.9 0.0 47.0 250.76 250.77 249.99 1 0.13 250.77 250.77 250.77 250.77
-28.939899 -51.188499 DCRS-00087 2026-07-20_22:42 19.5 -999.9 -999.9 96.9 -999.9 -999.9 19.0 -999.9 -999.9 975.1 -999.9 -999.9 0.0 -999.9 8.0 0.0 6.8 47.0 47.0 47.0 47.2 47.4 22.6 16.5 97.0 74.5 24.3 DCRS_-_Antônio_Prado/Flores_da_Cunha_(292_m) -999.9 -999.9 979.1 971.1 975.1 19.8 15.1 478.0 Rio_Grande_do_Sul DCRS -999.9 0.0 47.0 250.76 250.77 249.99 1 0.14 250.77 250.77 250.77 250.77
-28.939899 -51.188499 DCRS-00087 2026-07-20_22:43 19.6 -999.9 -999.9 96.8 -999.9 -999.9 19.1 -999.9 -999.9 975.1 -999.9 -999.9 0.0 -999.9 8.0 0.0 6.8 47.0 47.0 47.0 47.2 47.4 22.6 16.5 97.0 74.5 24.3 DCRS_-_Antônio_Prado/Flores_da_Cunha_(292_m) -999.9 -999.9 979.1 971.1 975.1 19.8 15.1 478.0 Rio_Grande_do_Sul DCRS -999.9 0.0 47.0 250.78 250.78 249.99 1 0.14 250.78 250.78 250.78 250.78
-28.939899 -51.188499 DCRS-00087 2026-07-20_22:44 19.5 -999.9 -999.9 96.7 -999.9 -999.9 19.0 -999.9 -999.9 975.0 -999.9 -999.9 0.0 -999.9 8.0 0.0 6.8 47.0 47.0 47.0 47.2 47.4 22.6 16.5 97.0 74.5 24.3 DCRS_-_Antônio_Prado/Flores_da_Cunha_(292_m) -999.9 -999.9 979.1 971.1 975.0 19.8 15.1 478.0 Rio_Grande_do_Sul DCRS -999.9 0.0 47.0 250.78 250.78 249.99 1 0.14 250.78 250.78 250.78 250.78
-28.939899 -51.188499 DCRS-00087 2026-07-20_22:45 19.5 -999.9 -999.9 96.7 -999.9 -999.9 19.0 -999.9 -999.9 974.9 -999.9 -999.9 5.3 -999.9 7.2 0.0 6.8 47.0 47.0 47.0 47.2 47.4 22.6 16.5 97.0 74.5 24.3 DCRS_-_Antônio_Prado/Flores_da_Cunha_(292_m) -999.9 -999.9 979.1 971.1 974.9 19.8 15.1 478.0 Rio_Grande_do_Sul DCRS -999.9 0.0 47.0 250.78 250.78 249.99 1 0.14 250.78 250.78 250.78 250.78
-28.939899 -51.188499 DCRS-00087 2026-07-20_22:46 19.6 -999.9 -999.9 96.8 -999.9 -999.9 19.1 -999.9 -999.9 974.9 -999.9 -999.9 0.0 -999.9 7.2 0.0 6.8 47.0 47.0 47.0 47.2 47.4 22.6 16.5 97.0 74.5 24.3 DCRS_-_Antônio_Prado/Flores_da_Cunha_(292_m) -999.9 -999.9 979.1 971.1 974.9 19.8 15.1 478.0 Rio_Grande_do_Sul DCRS -999.9 0.0 47.0 250.78 250.78 249.99 1 0.14 250.78 250.78 250.78 250.78
-28.939899 -51.188499 DCRS-00087 2026-07-20_22:47 19.5 -999.9 -999.9 96.7 -999.9 -999.9 19.0 -999.9 -999.9 975.0 -999.9 -999.9 0.0 -999.9 7.2 0.0 6.8 47.0 47.0 47.0 47.2 47.4 22.6 16.5 97.0 74.5 24.3 DCRS_-_Antônio_Prado/Flores_da_Cunha_(292_m) -999.9 -999.9 979.1 971.1 975.0 19.8 15.1 478.0 Rio_Grande_do_Sul DCRS -999.9 0.0 47.0 250.78 250.78 249.99 1 0.14 250.78 250.78 250.78 250.78
-28.939899 -51.188499 DCRS-00087 2026-07-20_22:48 19.5 -999.9 -999.9 96.7 -999.9 -999.9 19.0 -999.9 -999.9 974.9 -999.9 -999.9 3.5 -999.9 7.2 0.0 6.8 47.0 47.0 47.0 47.2 47.4 22.6 16.5 97.0 74.5 24.3 DCRS_-_Antônio_Prado/Flores_da_Cunha_(292_m) -999.9 -999.9 979.1 971.1 974.9 19.8 15.1 478.0 Rio_Grande_do_Sul DCRS -999.9 0.0 47.0 250.8 250.8 249.99 1 0.16 250.8 250.8 250.8 250.8
-28.939899 -51.188499 DCRS-00087 2026-07-20_22:49 19.5 -999.9 -999.9 96.8 -999.9 -999.9 19.0 -999.9 -999.9 974.8 -999.9 -999.9 0.0 -999.9 7.2 0.0 6.8 47.0 47.0 47.0 47.2 47.4 22.6 16.5 97.0 74.5 24.3 DCRS_-_Antônio_Prado/Flores_da_Cunha_(292_m) -999.9 -999.9 979.1 971.1 974.8 19.8 15.1 478.0 Rio_Grande_do_Sul DCRS -999.9 0.0 47.0 250.78 250.8 249.99 1 0.14 250.8 250.8 250.8 250.8
-28.939899 -51.188499 DCRS-00087 2026-07-20_22:50 19.5 -999.9 -999.9 96.7 -999.9 -999.9 19.0 -999.9 -999.9 974.8 -999.9 -999.9 0.0 -999.9 5.6 0.0 6.8 47.0 47.0 47.0 47.2 47.4 22.6 16.5 97.0 74.5 24.3 DCRS_-_Antônio_Prado/Flores_da_Cunha_(292_m) -999.9 -999.9 979.1 971.1 974.8 19.8 15.1 478.0 Rio_Grande_do_Sul DCRS -999.9 0.0 47.0 250.79 250.8 249.99 1 0.13 250.8 250.8 250.8 250.8
-28.939899 -51.188499 DCRS-00087 2026-07-20_22:51 19.6 -999.9 -999.9 96.7 -999.9 -999.9 19.1 -999.9 -999.9 974.9 -999.9 -999.9 2.1 -999.9 5.6 0.0 6.8 47.0 47.0 47.0 47.2 47.4 22.6 16.5 97.0 74.5 24.3 DCRS_-_Antônio_Prado/Flores_da_Cunha_(292_m) -999.9 -999.9 979.1 971.1 974.9 19.8 15.1 478.0 Rio_Grande_do_Sul DCRS -999.9 0.0 47.0 250.8 250.8 249.99 1 0.14 250.8 250.8 250.8 250.8
-28.939899 -51.188499 DCRS-00087 2026-07-20_22:52 19.6 -999.9 -999.9 96.7 -999.9 -999.9 19.1 -999.9 -999.9 974.9 -999.9 -999.9 0.0 -999.9 5.6 0.0 6.8 47.0 47.0 47.0 47.2 47.4 22.6 16.5 97.0 74.5 24.3 DCRS_-_Antônio_Prado/Flores_da_Cunha_(292_m) -999.9 -999.9 979.1 971.1 974.9 19.8 15.1 478.0 Rio_Grande_do_Sul DCRS -999.9 0.0 47.0 250.81 250.81 249.99 1 0.16 250.81 250.81 250.81 250.81
-28.939899 -51.188499 DCRS-00087 2026-07-20_22:53 19.5 -999.9 -999.9 96.7 -999.9 -999.9 19.0 -999.9 -999.9 974.8 -999.9 -999.9 0.0 -999.9 5.6 0.0 6.8 47.0 47.0 47.0 47.2 47.4 22.6 16.5 97.0 74.5 24.3 DCRS_-_Antônio_Prado/Flores_da_Cunha_(292_m) -999.9 -999.9 979.1 971.1 974.8 19.8 15.1 478.0 Rio_Grande_do_Sul DCRS -999.9 0.0 47.0 250.8 250.81 249.99 1 0.14 250.81 250.81 250.81 250.81
-28.939899 -51.188499 DCRS-00087 2026-07-20_22:54 19.5 -999.9 -999.9 96.6 -999.9 -999.9 18.9 -999.9 -999.9 974.8 -999.9 -999.9 3.8 -999.9 5.6 0.0 6.8 47.0 47.0 47.0 47.2 47.4 22.6 16.5 97.0 74.5 24.3 DCRS_-_Antônio_Prado/Flores_da_Cunha_(292_m) -999.9 -999.9 979.1 971.1 974.8 19.8 15.1 478.0 Rio_Grande_do_Sul DCRS -999.9 0.0 47.0 250.8 250.81 249.99 1 0.14 250.81 250.81 250.81 250.81
-28.939899 -51.188499 DCRS-00087 2026-07-20_22:55 19.5 -999.9 -999.9 96.8 -999.9 -999.9 19.0 -999.9 -999.9 974.8 -999.9 -999.9 0.0 -999.9 4.3 0.0 6.8 47.0 47.0 47.0 47.2 47.4 22.6 16.5 97.0 74.5 24.3 DCRS_-_Antônio_Prado/Flores_da_Cunha_(292_m) -999.9 -999.9 979.1 971.1 974.8 19.8 15.1 478.0 Rio_Grande_do_Sul DCRS -999.9 0.0 47.0 250.8 250.81 249.99 1 0.14 250.81 250.81 250.81 250.81
-28.939899 -51.188499 DCRS-00087 2026-07-20_22:56 19.6 -999.9 -999.9 96.8 -999.9 -999.9 19.1 -999.9 -999.9 974.9 -999.9 -999.9 0.0 -999.9 4.3 0.0 6.8 47.0 47.0 47.0 47.2 47.4 22.6 16.5 97.0 74.5 24.3 DCRS_-_Antônio_Prado/Flores_da_Cunha_(292_m) -999.9 -999.9 979.1 971.1 974.9 19.8 15.1 478.0 Rio_Grande_do_Sul DCRS -999.9 0.0 47.0 250.8 250.81 249.99 1 0.14 250.81 250.81 250.81 250.81
-28.939899 -51.188499 DCRS-00087 2026-07-20_22:57 19.6 -999.9 -999.9 96.9 -999.9 -999.9 19.1 -999.9 -999.9 974.8 -999.9 -999.9 2.2 -999.9 4.3 0.0 6.8 47.0 47.0 47.0 47.2 47.4 22.6 16.5 97.0 74.5 24.3 DCRS_-_Antônio_Prado/Flores_da_Cunha_(292_m) -999.9 -999.9 979.1 971.1 974.8 19.8 15.1 478.0 Rio_Grande_do_Sul DCRS -999.9 0.0 47.0 250.82 250.82 249.99 1 0.16 250.82 250.82 250.82 250.82
-28.939899 -51.188499 DCRS-00087 2026-07-20_22:58 19.6 -999.9 -999.9 96.8 -999.9 -999.9 19.1 -999.9 -999.9 974.8 -999.9 -999.9 2.9 -999.9 4.3 0.0 6.8 47.0 47.0 47.0 47.2 47.4 22.6 16.5 97.0 74.5 24.3 DCRS_-_Antônio_Prado/Flores_da_Cunha_(292_m) -999.9 -999.9 979.1 971.1 974.8 19.8 15.1 478.0 Rio_Grande_do_Sul DCRS -999.9 0.0 47.0 250.82 250.82 249.99 1 0.17 250.82 250.82 250.82 250.82
-28.939899 -51.188499 DCRS-00087 2026-07-20_22:59 19.6 -999.9 -999.9 96.7 -999.9 -999.9 19.1 -999.9 -999.9 974.9 -999.9 -999.9 3.3 -999.9 4.3 0.0 6.8 47.0 47.0 47.0 47.2 47.4 22.6 16.5 97.0 74.5 24.3 DCRS_-_Antônio_Prado/Flores_da_Cunha_(292_m) -999.9 -999.9 979.1 971.1 974.9 19.8 15.1 478.0 Rio_Grande_do_Sul DCRS -999.9 0.0 47.0 250.81 250.82 249.99 1 0.28 250.82 250.82 250.82 250.82
-28.939899 -51.188499 DCRS-00087 2026-07-20_23:00 19.6 -999.9 -999.9 96.7 -999.9 -999.9 19.1 -999.9 -999.9 974.9 -999.9 -999.9 4.3 -999.9 5.2 0.0 6.8 47.0 47.0 47.0 47.2 47.4 22.6 16.5 97.0 74.5 24.3 DCRS_-_Antônio_Prado/Flores_da_Cunha_(292_m) -999.9 -999.9 979.1 971.1 974.9 19.8 15.1 478.0 Rio_Grande_do_Sul DCRS -999.9 0.0 47.0 250.82 250.82 249.99 1 0.19 250.82 250.82 250.82 250.82
-28.939899 -51.188499 DCRS-00087 2026-07-20_23:01 19.6 -999.9 -999.9 96.7 -999.9 -999.9 19.1 -999.9 -999.9 974.9 -999.9 -999.9 -999.9 -999.9 5.2 0.0 6.8 47.0 47.0 47.0 47.2 47.4 22.6 16.5 97.0 74.5 24.3 DCRS_-_Antônio_Prado/Flores_da_Cunha_(292_m) -999.9 -999.9 979.1 971.1 974.9 19.8 15.1 478.0 Rio_Grande_do_Sul DCRS -999.9 0.0 47.0 250.82 250.82 249.99 1 0.2 250.82 250.82 250.82 250.82
-28.939899 -51.188499 DCRS-00087 2026-07-20_23:02 19.7 -999.9 -999.9 96.6 -999.9 -999.9 19.1 -999.9 -999.9 974.7 -999.9 -999.9 3.1 -999.9 5.2 0.0 6.8 47.0 47.0 47.0 47.2 47.4 22.6 16.5 97.0 74.5 24.3 DCRS_-_Antônio_Prado/Flores_da_Cunha_(292_m) -999.9 -999.9 979.1 971.1 974.7 19.8 15.1 478.0 Rio_Grande_do_Sul DCRS -999.9 0.0 47.0 250.82 250.82 249.99 1 0.21 250.82 250.82 250.82 250.82
-28.939899 -51.188499 DCRS-00087 2026-07-20_23:03 19.6 -999.9 -999.9 96.6 -999.9 -999.9 19.0 -999.9 -999.9 974.8 -999.9 -999.9 2.5 -999.9 5.2 0.0 6.8 47.0 47.0 47.0 47.2 47.4 22.6 16.5 97.0 74.5 24.3 DCRS_-_Antônio_Prado/Flores_da_Cunha_(292_m) -999.9 -999.9 979.1 971.1 974.8 19.8 15.1 478.0 Rio_Grande_do_Sul DCRS -999.9 0.0 47.0 250.82 250.82 249.99 1 0.15 250.82 250.82 250.82 250.82
-28.939899 -51.188499 DCRS-00087 2026-07-20_23:04 19.6 -999.9 -999.9 96.5 -999.9 -999.9 19.0 -999.9 -999.9 974.8 -999.9 -999.9 0.0 -999.9 5.2 0.0 6.0 47.0 47.0 47.0 47.2 47.4 22.6 16.5 97.0 74.5 24.3 DCRS_-_Antônio_Prado/Flores_da_Cunha_(292_m) -999.9 -999.9 979.1 971.1 974.8 19.8 15.1 478.0 Rio_Grande_do_Sul DCRS -999.9 0.0 47.0 250.82 250.82 249.99 1 0.17 250.82 250.82 250.82 250.82
-28.939899 -51.188499 DCRS-00087 2026-07-20_23:05 19.6 -999.9 -999.9 96.4 -999.9 -999.9 19.0 -999.9 -999.9 974.7 -999.9 -999.9 3.3 -999.9 5.5 0.0 6.0 47.0 47.0 47.0 47.2 47.4 22.6 16.5 97.0 74.5 24.3 DCRS_-_Antônio_Prado/Flores_da_Cunha_(292_m) -999.9 -999.9 979.1 971.1 974.7 19.8 15.1 478.0 Rio_Grande_do_Sul DCRS -999.9 0.0 47.0 250.82 250.82 249.99 1 0.16 250.82 250.82 250.82 250.82
-28.939899 -51.188499 DCRS-00087 2026-07-20_23:06 19.6 -999.9 -999.9 96.4 -999.9 -999.9 19.0 -999.9 -999.9 974.5 -999.9 -999.9 3.3 -999.9 5.5 0.0 6.0 47.0 47.0 47.0 47.2 47.4 22.6 16.5 97.0 74.5 24.3 DCRS_-_Antônio_Prado/Flores_da_Cunha_(292_m) -999.9 -999.9 979.1 971.1 974.5 19.8 15.1 478.0 Rio_Grande_do_Sul DCRS -999.9 0.0 47.0 250.82 250.82 249.99 1 0.15 250.82 250.82 250.82 250.82
-28.939899 -51.188499 DCRS-00087 2026-07-20_23:07 19.6 -999.9 -999.9 96.3 -999.9 -999.9 19.0 -999.9 -999.9 974.5 -999.9 -999.9 5.4 -999.9 5.5 0.0 6.0 47.0 47.0 47.0 47.2 47.4 22.6 16.5 97.0 74.5 24.3 DCRS_-_Antônio_Prado/Flores_da_Cunha_(292_m) -999.9 -999.9 979.1 971.1 974.5 19.8 15.1 478.0 Rio_Grande_do_Sul DCRS -999.9 0.0 47.0 250.84 250.84 249.99 1 0.15 250.84 250.84 250.84 250.84
-28.939899 -51.188499 DCRS-00087 2026-07-20_23:08 19.6 -999.9 -999.9 96.3 -999.9 -999.9 19.0 -999.9 -999.9 974.4 -999.9 -999.9 -999.9 -999.9 5.5 0.0 6.0 47.0 47.0 47.0 47.2 47.4 22.6 16.5 97.0 74.5 24.3 DCRS_-_Antônio_Prado/Flores_da_Cunha_(292_m) -999.9 -999.9 979.1 971.1 974.4 19.8 15.1 478.0 Rio_Grande_do_Sul DCRS -999.9 0.0 47.0 250.84 250.84 249.99 1 0.15 250.84 250.84 250.84 250.84
-28.939899 -51.188499 DCRS-00087 2026-07-20_23:09 19.5 -999.9 -999.9 96.1 -999.9 -999.9 18.9 -999.9 -999.9 974.4 -999.9 -999.9 0.0 -999.9 5.5 0.0 5.4 47.0 47.0 47.0 47.2 47.4 22.6 16.5 97.0 74.5 24.3 DCRS_-_Antônio_Prado/Flores_da_Cunha_(292_m) -999.9 -999.9 979.1 971.1 974.4 19.8 15.1 478.0 Rio_Grande_do_Sul DCRS -999.9 0.0 47.0 250.84 250.84 249.99 1 0.15 250.84 250.84 250.84 250.84
-28.939899 -51.188499 DCRS-00087 2026-07-20_23:10 19.5 -999.9 -999.9 96.1 -999.9 -999.9 18.9 -999.9 -999.9 974.4 -999.9 -999.9 0.0 -999.9 6.1 0.0 5.4 47.0 47.0 47.0 47.2 47.4 22.6 16.5 97.0 74.5 24.3 DCRS_-_Antônio_Prado/Flores_da_Cunha_(292_m) -999.9 -999.9 979.1 971.1 974.4 19.8 15.1 478.0 Rio_Grande_do_Sul DCRS -999.9 0.0 47.0 250.84 250.84 249.99 1 0.14 250.84 250.84 250.84 250.84
-28.939899 -51.188499 DCRS-00087 2026-07-20_23:11 19.5 -999.9 -999.9 96.3 -999.9 -999.9 18.9 -999.9 -999.9 974.4 -999.9 -999.9 0.0 -999.9 6.1 0.0 5.4 47.0 47.0 47.0 47.2 47.4 22.6 16.5 97.0 74.5 24.3 DCRS_-_Antônio_Prado/Flores_da_Cunha_(292_m) -999.9 -999.9 979.1 971.1 974.4 19.8 15.1 478.0 Rio_Grande_do_Sul DCRS -999.9 0.0 47.0 250.84 250.84 249.99 1 0.15 250.84 250.84 250.84 250.84
-28.939899 -51.188499 DCRS-00087 2026-07-20_23:12 19.5 -999.9 -999.9 96.4 -999.9 -999.9 18.9 -999.9 -999.9 974.4 -999.9 -999.9 3.0 -999.9 6.1 0.0 5.4 47.0 47.0 47.0 47.2 47.4 22.6 16.5 97.0 74.5 24.3 DCRS_-_Antônio_Prado/Flores_da_Cunha_(292_m) -999.9 -999.9 979.1 971.1 974.4 19.8 15.1 478.0 Rio_Grande_do_Sul DCRS -999.9 0.0 47.0 250.85 250.85 249.99 1 0.16 250.85 250.85 250.85 250.85
-28.939899 -51.188499 DCRS-00087 2026-07-20_23:13 19.5 -999.9 -999.9 96.4 -999.9 -999.9 18.9 -999.9 -999.9 974.4 -999.9 -999.9 2.5 -999.9 6.1 0.0 5.4 47.0 47.0 47.0 47.2 47.4 22.6 16.5 97.0 74.5 24.3 DCRS_-_Antônio_Prado/Flores_da_Cunha_(292_m) -999.9 -999.9 979.1 971.1 974.4 19.8 15.1 478.0 Rio_Grande_do_Sul DCRS -999.9 0.0 47.0 250.84 250.85 249.99 1 0.14 250.85 250.85 250.85 250.85
-28.939899 -51.188499 DCRS-00087 2026-07-20_23:14 19.5 -999.9 -999.9 96.3 -999.9 -999.9 18.9 -999.9 -999.9 974.4 -999.9 -999.9 0.0 -999.9 6.1 0.0 5.2 47.0 47.0 47.0 47.2 47.4 22.6 16.5 97.0 74.5 24.3 DCRS_-_Antônio_Prado/Flores_da_Cunha_(292_m) -999.9 -999.9 979.1 971.1 974.4 19.8 15.1 478.0 Rio_Grande_do_Sul DCRS -999.9 0.0 47.0 250.85 250.85 249.99 1 0.14 250.85 250.85 250.85 250.85
-28.939899 -51.188499 DCRS-00087 2026-07-20_23:15 19.5 -999.9 -999.9 96.4 -999.9 -999.9 18.9 -999.9 -999.9 974.4 -999.9 -999.9 0.0 -999.9 4.3 0.0 5.2 47.0 47.0 47.0 47.2 47.4 22.6 16.5 97.0 74.5 24.3 DCRS_-_Antônio_Prado/Flores_da_Cunha_(292_m) -999.9 -999.9 979.1 971.1 974.4 19.8 15.1 478.0 Rio_Grande_do_Sul DCRS -999.9 0.0 47.0 250.85 250.85 249.99 1 0.14 250.85 250.85 250.85 250.85
-28.939899 -51.188499 DCRS-00087 2026-07-20_23:16 19.5 -999.9 -999.9 96.4 -999.9 -999.9 18.9 -999.9 -999.9 974.4 -999.9 -999.9 1.9 -999.9 4.3 0.0 5.2 47.0 47.0 47.0 47.2 47.4 22.6 16.5 97.0 74.5 24.3 DCRS_-_Antônio_Prado/Flores_da_Cunha_(292_m) -999.9 -999.9 979.1 971.1 974.4 19.8 15.1 478.0 Rio_Grande_do_Sul DCRS -999.9 0.0 47.0 250.85 250.85 249.99 1 0.14 250.85 250.85 250.85 250.85
-28.939899 -51.188499 DCRS-00087 2026-07-20_23:17 19.6 -999.9 -999.9 96.3 -999.9 -999.9 19.0 -999.9 -999.9 974.5 -999.9 -999.9 2.5 -999.9 4.3 0.0 5.2 47.0 47.0 47.0 47.2 47.4 22.6 16.5 97.0 74.5 24.3 DCRS_-_Antônio_Prado/Flores_da_Cunha_(292_m) -999.9 -999.9 979.1 971.1 974.5 19.8 15.1 478.0 Rio_Grande_do_Sul DCRS -999.9 0.0 47.0 250.85 250.85 249.99 1 0.14 250.85 250.85 250.85 250.85
-28.939899 -51.188499 DCRS-00087 2026-07-20_23:18 19.6 -999.9 -999.9 96.4 -999.9 -999.9 19.0 -999.9 -999.9 974.6 -999.9 -999.9 0.0 -999.9 4.3 0.0 5.2 47.0 47.0 47.0 47.2 47.4 22.6 16.5 97.0 74.5 24.3 DCRS_-_Antônio_Prado/Flores_da_Cunha_(292_m) -999.9 -999.9 979.1 971.1 974.6 19.8 15.1 478.0 Rio_Grande_do_Sul DCRS -999.9 0.0 47.0 250.85 250.85 249.99 1 0.14 250.85 250.85 250.85 250.85
-28.939899 -51.188499 DCRS-00087 2026-07-20_23:19 19.6 -999.9 -999.9 96.4 -999.9 -999.9 19.0 -999.9 -999.9 974.7 -999.9 -999.9 0.0 -999.9 4.3 0.0 5.2 47.0 47.0 47.0 47.2 47.4 22.6 16.5 97.0 74.5 24.3 DCRS_-_Antônio_Prado/Flores_da_Cunha_(292_m) -999.9 -999.9 979.1 971.1 974.7 19.8 15.1 478.0 Rio_Grande_do_Sul DCRS -999.9 0.0 47.0 250.85 250.85 249.99 1 0.12 250.85 250.85 250.85 250.85
-28.939899 -51.188499 DCRS-00087 2026-07-20_23:20 19.5 -999.9 -999.9 96.3 -999.9 -999.9 18.9 -999.9 -999.9 974.7 -999.9 -999.9 0.0 -999.9 2.8 0.0 5.2 47.0 47.0 47.0 47.2 47.4 22.6 16.5 97.0 74.5 24.3 DCRS_-_Antônio_Prado/Flores_da_Cunha_(292_m) -999.9 -999.9 979.1 971.1 974.7 19.8 15.1 478.0 Rio_Grande_do_Sul DCRS -999.9 0.0 47.0 250.85 250.85 249.99 1 0.12 250.85 250.85 250.85 250.85
-28.939899 -51.188499 DCRS-00087 2026-07-20_23:21 19.6 -999.9 -999.9 96.3 -999.9 -999.9 19.0 -999.9 -999.9 974.6 -999.9 -999.9 2.8 -999.9 2.8 0.0 5.2 47.0 47.0 47.0 47.2 47.4 22.6 16.5 97.0 74.5 24.3 DCRS_-_Antônio_Prado/Flores_da_Cunha_(292_m) -999.9 -999.9 979.1 971.1 974.6 19.8 15.1 478.0 Rio_Grande_do_Sul DCRS -999.9 0.0 47.0 250.85 250.85 249.99 1 0.14 250.85 250.85 250.85 250.85
-28.939899 -51.188499 DCRS-00087 2026-07-20_23:22 19.6 -999.9 -999.9 96.2 -999.9 -999.9 19.0 -999.9 -999.9 974.6 -999.9 -999.9 0.0 -999.9 2.8 0.0 5.2 47.0 47.0 47.0 47.2 47.4 22.6 16.5 97.0 74.5 24.3 DCRS_-_Antônio_Prado/Flores_da_Cunha_(292_m) -999.9 -999.9 979.1 971.1 974.6 19.8 15.1 478.0 Rio_Grande_do_Sul DCRS -999.9 0.0 47.0 250.85 250.85 249.99 1 0.11 250.85 250.85 250.85 250.85
-28.939899 -51.188499 DCRS-00087 2026-07-20_23:23 19.6 -999.9 -999.9 96.1 -999.9 -999.9 19.0 -999.9 -999.9 974.5 -999.9 -999.9 0.0 -999.9 2.8 0.0 5.2 47.0 47.0 47.0 47.2 47.4 22.6 16.5 97.0 74.5 24.3 DCRS_-_Antônio_Prado/Flores_da_Cunha_(292_m) -999.9 -999.9 979.1 971.1 974.5 19.8 15.1 478.0 Rio_Grande_do_Sul DCRS -999.9 0.0 47.0 250.85 250.85 249.99 1 0.25 250.85 250.85 250.85 250.85
-28.939899 -51.188499 DCRS-00087 2026-07-20_23:24 19.5 -999.9 -999.9 96.1 -999.9 -999.9 18.9 -999.9 -999.9 974.5 -999.9 -999.9 -999.9 -999.9 2.8 0.0 5.2 47.0 47.0 47.0 47.2 47.4 22.6 16.5 97.0 74.5 24.3 DCRS_-_Antônio_Prado/Flores_da_Cunha_(292_m) -999.9 -999.9 979.1 971.1 974.5 19.8 15.1 478.0 Rio_Grande_do_Sul DCRS -999.9 0.0 47.0 250.87 250.87 249.99 1 0.31 250.87 250.87 250.87 250.87
-28.939899 -51.188499 DCRS-00087 2026-07-20_23:25 19.6 -999.9 -999.9 95.9 -999.9 -999.9 18.9 -999.9 -999.9 974.4 -999.9 -999.9 -999.9 -999.9 3.9 0.0 5.2 47.0 47.0 47.0 47.2 47.4 22.6 16.5 97.0 74.5 24.3 DCRS_-_Antônio_Prado/Flores_da_Cunha_(292_m) -999.9 -999.9 979.1 971.1 974.4 19.8 15.1 478.0 Rio_Grande_do_Sul DCRS -999.9 0.0 47.0 250.87 250.87 249.99 1 0.31 250.87 250.87 250.87 250.87
-28.939899 -51.188499 DCRS-00087 2026-07-20_23:26 19.5 -999.9 -999.9 95.9 -999.9 -999.9 18.8 -999.9 -999.9 974.4 -999.9 -999.9 3.5 -999.9 3.9 0.0 5.2 47.0 47.0 47.0 47.2 47.4 22.6 16.5 97.0 74.5 24.3 DCRS_-_Antônio_Prado/Flores_da_Cunha_(292_m) -999.9 -999.9 979.1 971.1 974.4 19.8 15.1 478.0 Rio_Grande_do_Sul DCRS -999.9 0.0 47.0 250.87 250.87 249.99 1 0.31 250.87 250.87 250.87 250.87
-28.939899 -51.188499 DCRS-00087 2026-07-20_23:27 19.5 -999.9 -999.9 95.9 -999.9 -999.9 18.8 -999.9 -999.9 974.3 -999.9 -999.9 0.0 -999.9 3.9 0.0 5.2 47.0 47.0 47.0 47.2 47.4 22.6 16.5 97.0 74.5 24.3 DCRS_-_Antônio_Prado/Flores_da_Cunha_(292_m) -999.9 -999.9 979.1 971.1 974.3 19.8 15.1 478.0 Rio_Grande_do_Sul DCRS -999.9 0.0 47.0 250.85 250.87 249.99 1 0.29 250.87 250.87 250.87 250.87
-28.939899 -51.188499 DCRS-00087 2026-07-20_23:28 19.5 -999.9 -999.9 96.1 -999.9 -999.9 18.9 -999.9 -999.9 974.1 -999.9 -999.9 3.0 -999.9 3.9 0.0 5.2 47.0 47.0 47.0 47.2 47.4 22.6 16.5 97.0 74.5 24.3 DCRS_-_Antônio_Prado/Flores_da_Cunha_(292_m) -999.9 -999.9 979.1 971.1 974.1 19.8 15.1 478.0 Rio_Grande_do_Sul DCRS -999.9 0.0 47.0 250.87 250.87 249.99 1 0.17 250.87 250.87 250.87 250.87
-28.939899 -51.188499 DCRS-00087 2026-07-20_23:29 19.4 -999.9 -999.9 96.1 -999.9 -999.9 18.8 -999.9 -999.9 974.1 -999.9 -999.9 2.5 -999.9 3.9 0.0 4.8 47.0 47.0 47.0 47.2 47.4 22.6 16.5 97.0 74.5 24.3 DCRS_-_Antônio_Prado/Flores_da_Cunha_(292_m) -999.9 -999.9 979.1 971.1 974.1 19.8 15.1 478.0 Rio_Grande_do_Sul DCRS -999.9 0.0 47.0 250.87 250.87 249.99 1 0.18 250.87 250.87 250.87 250.87
-28.939899 -51.188499 DCRS-00087 2026-07-20_23:30 19.4 -999.9 -999.9 96.0 -999.9 -999.9 18.7 -999.9 -999.9 974.0 -999.9 -999.9 0.0 -999.9 4.5 0.0 4.8 47.0 47.0 47.0 47.2 47.4 22.6 16.5 97.0 74.5 24.3 DCRS_-_Antônio_Prado/Flores_da_Cunha_(292_m) -999.9 -999.9 979.1 971.1 974.0 19.8 15.1 478.0 Rio_Grande_do_Sul DCRS -999.9 0.0 47.0 250.87 250.87 249.99 1 0.15 250.87 250.87 250.87 250.87
-28.939899 -51.188499 DCRS-00087 2026-07-20_23:31 19.4 -999.9 -999.9 96.0 -999.9 -999.9 18.7 -999.9 -999.9 973.9 -999.9 -999.9 0.0 -999.9 4.5 0.0 4.8 47.0 47.0 47.0 47.2 47.4 22.6 16.5 97.0 74.5 24.3 DCRS_-_Antônio_Prado/Flores_da_Cunha_(292_m) -999.9 -999.9 979.1 971.1 973.9 19.8 15.1 478.0 Rio_Grande_do_Sul DCRS -999.9 0.0 47.0 250.87 250.87 249.99 1 0.28 250.87 250.87 250.87 250.87
-28.939899 -51.188499 DCRS-00087 2026-07-20_23:32 19.4 -999.9 -999.9 96.1 -999.9 -999.9 18.8 -999.9 -999.9 973.8 -999.9 -999.9 0.0 -999.9 4.5 0.0 4.8 47.0 47.0 47.0 47.2 47.4 22.6 16.5 97.0 74.5 24.3 DCRS_-_Antônio_Prado/Flores_da_Cunha_(292_m) -999.9 -999.9 979.1 971.1 973.8 19.8 15.1 478.0 Rio_Grande_do_Sul DCRS -999.9 0.0 47.0 250.87 250.87 249.99 1 0.28 250.87 250.87 250.87 250.87
-28.939899 -51.188499 DCRS-00087 2026-07-20_23:33 19.4 -999.9 -999.9 96.2 -999.9 -999.9 18.8 -999.9 -999.9 973.8 -999.9 -999.9 3.0 -999.9 4.5 0.0 4.8 47.0 47.0 47.0 47.2 47.4 22.6 16.5 97.0 74.5 24.3 DCRS_-_Antônio_Prado/Flores_da_Cunha_(292_m) -999.9 -999.9 979.1 971.1 973.8 19.8 15.1 478.0 Rio_Grande_do_Sul DCRS -999.9 0.0 47.0 250.87 250.87 249.99 1 0.17 250.87 250.87 250.87 250.87
-28.939899 -51.188499 DCRS-00087 2026-07-20_23:34 19.4 -999.9 -999.9 96.2 -999.9 -999.9 18.8 -999.9 -999.9 973.7 -999.9 -999.9 3.0 -999.9 4.5 0.0 0.8 47.0 47.0 47.0 47.2 47.4 22.6 16.5 97.0 74.5 24.3 DCRS_-_Antônio_Prado/Flores_da_Cunha_(292_m) -999.9 -999.9 979.1 971.1 973.7 19.8 15.1 478.0 Rio_Grande_do_Sul DCRS -999.9 0.0 47.0 250.87 250.87 249.99 1 0.13 250.87 250.87 250.87 250.87
-28.939899 -51.188499 DCRS-00087 2026-07-20_23:35 19.4 -999.9 -999.9 96.3 -999.9 -999.9 18.8 -999.9 -999.9 973.7 -999.9 -999.9 -999.9 -999.9 3.5 0.0 0.8 47.0 47.0 47.0 47.2 47.4 22.6 16.5 97.0 74.5 24.3 DCRS_-_Antônio_Prado/Flores_da_Cunha_(292_m) -999.9 -999.9 979.1 971.1 973.7 19.8 15.1 478.0 Rio_Grande_do_Sul DCRS -999.9 0.0 47.0 250.88 250.88 249.99 1 0.15 250.88 250.88 250.88 250.88
-28.939899 -51.188499 DCRS-00087 2026-07-20_23:36 19.4 -999.9 -999.9 96.4 -999.9 -999.9 18.8 -999.9 -999.9 973.7 -999.9 -999.9 -999.9 -999.9 3.5 0.0 0.8 47.0 47.0 47.0 47.2 47.4 22.6 16.5 97.0 74.5 24.3 DCRS_-_Antônio_Prado/Flores_da_Cunha_(292_m) -999.9 -999.9 979.1 971.1 973.7 19.8 15.1 478.0 Rio_Grande_do_Sul DCRS -999.9 0.0 47.0 250.87 250.88 249.99 1 0.13 250.88 250.88 250.88 250.88
-28.939899 -51.188499 DCRS-00087 2026-07-20_23:37 19.4 -999.9 -999.9 96.5 -999.9 -999.9 18.8 -999.9 -999.9 973.7 -999.9 -999.9 0.0 -999.9 3.5 0.0 0.8 47.0 47.0 47.0 47.2 47.4 22.6 16.5 97.0 74.5 24.3 DCRS_-_Antônio_Prado/Flores_da_Cunha_(292_m) -999.9 -999.9 979.1 971.1 973.7 19.8 15.1 478.0 Rio_Grande_do_Sul DCRS -999.9 0.0 47.0 250.87 250.88 249.99 1 0.13 250.88 250.88 250.88 250.88
-28.939899 -51.188499 DCRS-00087 2026-07-20_23:38 19.5 -999.9 -999.9 96.4 -999.9 -999.9 18.9 -999.9 -999.9 973.8 -999.9 -999.9 0.0 -999.9 3.5 0.0 0.8 47.0 47.0 47.0 47.2 47.4 22.6 16.5 97.0 74.5 24.3 DCRS_-_Antônio_Prado/Flores_da_Cunha_(292_m) -999.9 -999.9 979.1 971.1 973.8 19.8 15.1 478.0 Rio_Grande_do_Sul DCRS -999.9 0.0 47.0 250.87 250.88 249.99 1 0.13 250.88 250.88 250.88 250.88
-28.939899 -51.188499 DCRS-00087 2026-07-20_23:39 19.4 -999.9 -999.9 96.4 -999.9 -999.9 18.8 -999.9 -999.9 973.9 -999.9 -999.9 0.0 -999.9 3.5 0.0 0.0 47.0 47.0 47.0 47.2 47.4 22.6 16.5 97.0 74.5 24.3 DCRS_-_Antônio_Prado/Flores_da_Cunha_(292_m) -999.9 -999.9 979.1 971.1 973.9 19.8 15.1 478.0 Rio_Grande_do_Sul DCRS -999.9 0.0 47.0 250.87 250.88 249.99 1 0.1 250.88 250.88 250.88 250.88
-28.939899 -51.188499 DCRS-00087 2026-07-20_23:40 19.4 -999.9 -999.9 96.4 -999.9 -999.9 18.8 -999.9 -999.9 974.0 -999.9 -999.9 0.0 -999.9 5.5 0.0 0.0 47.0 47.0 47.0 47.2 47.4 22.6 16.5 97.0 74.5 24.3 DCRS_-_Antônio_Prado/Flores_da_Cunha_(292_m) -999.9 -999.9 979.1 971.1 974.0 19.8 15.1 478.0 Rio_Grande_do_Sul DCRS -999.9 0.0 47.0 250.88 250.88 249.99 1 0.11 250.88 250.88 250.88 250.88
-28.939899 -51.188499 DCRS-00087 2026-07-20_23:41 19.4 -999.9 -999.9 96.5 -999.9 -999.9 18.8 -999.9 -999.9 974.0 -999.9 -999.9 4.2 -999.9 5.5 0.0 0.0 47.0 47.0 47.0 47.2 47.4 22.6 16.5 97.0 74.5 24.3 DCRS_-_Antônio_Prado/Flores_da_Cunha_(292_m) -999.9 -999.9 979.1 971.1 974.0 19.8 15.1 478.0 Rio_Grande_do_Sul DCRS -999.9 0.0 47.0 250.87 250.88 249.99 1 0.11 250.88 250.88 250.88 250.88
-28.939899 -51.188499 DCRS-00087 2026-07-20_23:42 19.4 -999.9 -999.9 96.5 -999.9 -999.9 18.8 -999.9 -999.9 974.0 -999.9 -999.9 0.0 -999.9 5.5 0.0 0.0 47.0 47.0 47.0 47.2 47.4 22.6 16.5 97.0 74.5 24.3 DCRS_-_Antônio_Prado/Flores_da_Cunha_(292_m) -999.9 -999.9 979.1 971.1 974.0 19.8 15.1 478.0 Rio_Grande_do_Sul DCRS -999.9 0.0 47.0 250.87 250.88 249.99 1 0.11 250.88 250.88 250.88 250.88
-28.939899 -51.188499 DCRS-00087 2026-07-20_23:43 19.4 -999.9 -999.9 96.5 -999.9 -999.9 18.8 -999.9 -999.9 974.1 -999.9 -999.9 0.0 -999.9 5.5 0.0 0.0 47.0 47.0 47.0 47.2 47.4 22.6 16.5 97.0 74.5 24.3 DCRS_-_Antônio_Prado/Flores_da_Cunha_(292_m) -999.9 -999.9 979.1 971.1 974.1 19.8 15.1 478.0 Rio_Grande_do_Sul DCRS -999.9 0.0 47.0 250.88 250.88 249.99 1 0.1 250.88 250.88 250.88 250.88
-28.939899 -51.188499 DCRS-00087 2026-07-20_23:44 19.5 -999.9 -999.9 96.5 -999.9 -999.9 18.9 -999.9 -999.9 974.3 -999.9 -999.9 0.0 -999.9 5.5 0.0 0.0 47.0 47.0 47.0 47.2 47.4 22.6 16.5 97.0 74.5 24.3 DCRS_-_Antônio_Prado/Flores_da_Cunha_(292_m) -999.9 -999.9 979.1 971.1 974.3 19.8 15.1 478.0 Rio_Grande_do_Sul DCRS -999.9 0.0 47.0 250.88 250.88 249.99 1 0.1 250.88 250.88 250.88 250.88
-28.939899 -51.188499 DCRS-00087 2026-07-20_23:45 19.5 -999.9 -999.9 96.5 -999.9 -999.9 18.9 -999.9 -999.9 974.4 -999.9 -999.9 3.5 -999.9 6.2 0.0 0.0 47.0 47.0 47.0 47.2 47.4 22.6 16.5 97.0 74.5 24.3 DCRS_-_Antônio_Prado/Flores_da_Cunha_(292_m) -999.9 -999.9 979.1 971.1 974.4 19.8 15.1 478.0 Rio_Grande_do_Sul DCRS -999.9 0.0 47.0 250.88 250.88 249.99 1 0.1 250.88 250.88 250.88 250.88
-28.939899 -51.188499 DCRS-00087 2026-07-20_23:46 19.4 -999.9 -999.9 96.5 -999.9 -999.9 18.8 -999.9 -999.9 974.4 -999.9 -999.9 4.0 -999.9 6.2 0.0 0.0 47.0 47.0 47.0 47.2 47.4 22.6 16.5 97.0 74.5 24.3 DCRS_-_Antônio_Prado/Flores_da_Cunha_(292_m) -999.9 -999.9 979.1 971.1 974.4 19.8 15.1 478.0 Rio_Grande_do_Sul DCRS -999.9 0.0 47.0 250.88 250.88 249.99 1 0.1 250.88 250.88 250.88 250.88
-28.939899 -51.188499 DCRS-00087 2026-07-20_23:47 19.4 -999.9 -999.9 96.6 -999.9 -999.9 18.8 -999.9 -999.9 974.3 -999.9 -999.9 5.5 -999.9 6.2 0.0 0.0 47.0 47.0 47.0 47.2 47.4 22.6 16.5 97.0 74.5 24.3 DCRS_-_Antônio_Prado/Flores_da_Cunha_(292_m) -999.9 -999.9 979.1 971.1 974.3 19.8 15.1 478.0 Rio_Grande_do_Sul DCRS -999.9 0.0 47.0 250.88 250.88 249.99 1 0.08 250.88 250.88 250.88 250.88
-28.939899 -51.188499 DCRS-00087 2026-07-20_23:48 19.4 -999.9 -999.9 96.5 -999.9 -999.9 18.8 -999.9 -999.9 974.4 -999.9 -999.9 2.3 -999.9 6.2 0.0 0.0 47.0 47.0 47.0 47.2 47.4 22.6 16.5 97.0 74.5 24.3 DCRS_-_Antônio_Prado/Flores_da_Cunha_(292_m) -999.9 -999.9 979.1 971.1 974.4 19.8 15.1 478.0 Rio_Grande_do_Sul DCRS -999.9 0.0 47.0 250.88 250.88 249.99 1 0.1 250.88 250.88 250.88 250.88
-28.939899 -51.188499 DCRS-00087 2026-07-20_23:49 19.4 -999.9 -999.9 96.5 -999.9 -999.9 18.8 -999.9 -999.9 974.4 -999.9 -999.9 0.0 -999.9 6.2 0.0 0.0 47.0 47.0 47.0 47.2 47.4 22.6 16.5 97.0 74.5 24.3 DCRS_-_Antônio_Prado/Flores_da_Cunha_(292_m) -999.9 -999.9 979.1 971.1 974.4 19.8 15.1 478.0 Rio_Grande_do_Sul DCRS -999.9 0.0 47.0 250.88 250.88 249.99 1 0.09 250.88 250.88 250.88 250.88
-28.939899 -51.188499 DCRS-00087 2026-07-20_23:50 19.4 -999.9 -999.9 96.5 -999.9 -999.9 18.8 -999.9 -999.9 974.4 -999.9 -999.9 -999.9 -999.9 5.5 0.0 0.0 47.0 47.0 47.0 47.2 47.4 22.6 16.5 97.0 74.5 24.3 DCRS_-_Antônio_Prado/Flores_da_Cunha_(292_m) -999.9 -999.9 979.1 971.1 974.4 19.8 15.1 478.0 Rio_Grande_do_Sul DCRS -999.9 0.0 47.0 250.88 250.88 249.99 1 0.08 250.88 250.88 250.88 250.88
-28.939899 -51.188499 DCRS-00087 2026-07-20_23:51 19.4 -999.9 -999.9 96.5 -999.9 -999.9 18.8 -999.9 -999.9 974.4 -999.9 -999.9 -999.9 -999.9 5.5 0.0 0.0 47.0 47.0 47.0 47.2 47.4 22.6 16.5 97.0 74.5 24.3 DCRS_-_Antônio_Prado/Flores_da_Cunha_(292_m) -999.9 -999.9 979.1 971.1 974.4 19.8 15.1 478.0 Rio_Grande_do_Sul DCRS -999.9 0.0 47.0 250.88 250.88 249.99 1 0.08 250.88 250.88 250.88 250.88
-28.939899 -51.188499 DCRS-00087 2026-07-20_23:52 19.4 -999.9 -999.9 96.5 -999.9 -999.9 18.8 -999.9 -999.9 974.3 -999.9 -999.9 -999.9 -999.9 5.5 0.0 0.0 47.0 47.0 47.0 47.2 47.4 22.6 16.5 97.0 74.5 24.3 DCRS_-_Antônio_Prado/Flores_da_Cunha_(292_m) -999.9 -999.9 979.1 971.1 974.3 19.8 15.1 478.0 Rio_Grande_do_Sul DCRS -999.9 0.0 47.0 250.88 250.88 249.99 1 0.08 250.88 250.88 250.88 250.88
-28.939899 -51.188499 DCRS-00087 2026-07-20_23:53 19.3 -999.9 -999.9 96.4 -999.9 -999.9 18.7 -999.9 -999.9 974.3 -999.9 -999.9 5.5 -999.9 5.5 0.0 0.0 47.0 47.0 47.0 47.2 47.4 22.6 16.5 97.0 74.5 24.3 DCRS_-_Antônio_Prado/Flores_da_Cunha_(292_m) -999.9 -999.9 979.1 971.1 974.3 19.8 15.1 478.0 Rio_Grande_do_Sul DCRS -999.9 0.0 47.0 250.88 250.88 249.99 1 0.08 250.88 250.88 250.88 250.88
-28.939899 -51.188499 DCRS-00087 2026-07-20_23:54 19.4 -999.9 -999.9 96.5 -999.9 -999.9 18.8 -999.9 -999.9 974.3 -999.9 -999.9 0.0 -999.9 5.5 0.0 0.0 47.0 47.0 47.0 47.2 47.4 22.6 16.5 97.0 74.5 24.3 DCRS_-_Antônio_Prado/Flores_da_Cunha_(292_m) -999.9 -999.9 979.1 971.1 974.3 19.8 15.1 478.0 Rio_Grande_do_Sul DCRS -999.9 0.0 47.0 250.88 250.88 249.99 1 0.08 250.88 250.88 250.88 250.88
-28.939899 -51.188499 DCRS-00087 2026-07-20_23:55 19.3 -999.9 -999.9 96.5 -999.9 -999.9 18.7 -999.9 -999.9 974.2 -999.9 -999.9 0.0 -999.9 7.9 0.0 0.0 47.0 47.0 47.0 47.2 47.4 22.6 16.5 97.0 74.5 24.3 DCRS_-_Antônio_Prado/Flores_da_Cunha_(292_m) -999.9 -999.9 979.1 971.1 974.2 19.8 15.1 478.0 Rio_Grande_do_Sul DCRS -999.9 0.0 47.0 250.88 250.88 249.99 1 0.08 250.88 250.88 250.88 250.88
-28.939899 -51.188499 DCRS-00087 2026-07-20_23:56 19.3 -999.9 -999.9 96.5 -999.9 -999.9 18.7 -999.9 -999.9 974.2 -999.9 -999.9 0.0 -999.9 7.9 0.0 0.0 47.0 47.0 47.0 47.2 47.4 22.6 16.5 97.0 74.5 24.3 DCRS_-_Antônio_Prado/Flores_da_Cunha_(292_m) -999.9 -999.9 979.1 971.1 974.2 19.8 15.1 478.0 Rio_Grande_do_Sul DCRS -999.9 0.0 47.0 250.9 250.9 249.99 1 0.1 250.9 250.9 250.9 250.9
-28.939899 -51.188499 DCRS-00087 2026-07-20_23:57 19.3 -999.9 -999.9 96.5 -999.9 -999.9 18.7 -999.9 -999.9 974.1 -999.9 -999.9 2.3 -999.9 7.9 0.0 0.0 47.0 47.0 47.0 47.2 47.4 22.6 16.5 97.0 74.5 24.3 DCRS_-_Antônio_Prado/Flores_da_Cunha_(292_m) -999.9 -999.9 979.1 971.1 974.1 19.8 15.1 478.0 Rio_Grande_do_Sul DCRS -999.9 0.0 47.0 250.9 250.9 249.99 1 0.08 250.9 250.9 250.9 250.9
-28.939899 -51.188499 DCRS-00087 2026-07-20_23:58 19.4 -999.9 -999.9 96.6 -999.9 -999.9 18.8 -999.9 -999.9 974.0 -999.9 -999.9 3.7 -999.9 7.9 0.0 0.0 47.0 47.0 47.0 47.2 47.4 22.6 16.5 97.0 74.5 24.3 DCRS_-_Antônio_Prado/Flores_da_Cunha_(292_m) -999.9 -999.9 979.1 971.1 974.0 19.8 15.1 478.0 Rio_Grande_do_Sul DCRS -999.9 0.0 47.0 250.9 250.9 249.99 1 0.09 250.9 250.9 250.9 250.9
-28.939899 -51.188499 DCRS-00087 2026-07-20_23:59 19.3 -999.9 -999.9 96.7 -999.9 -999.9 18.8 -999.9 -999.9 973.9 -999.9 -999.9 0.0 -999.9 7.9 0.0 0.0 47.0 47.0 47.0 47.2 47.4 22.6 16.5 97.0 74.5 24.3 DCRS_-_Antônio_Prado/Flores_da_Cunha_(292_m) -999.9 -999.9 979.1 971.1 973.9 19.8 15.1 478.0 Rio_Grande_do_Sul DCRS -999.9 0.0 47.0 250.9 250.9 249.99 1 0.08 250.9 250.9 250.9 250.9
