-28.995701 -51.754700 DCRS-00057 2026-09-12_00:00 16.7 -999.9 -999.9 96.7 -999.9 -999.9 16.2 -999.9 -999.9 1002.6 -999.9 -999.9 1.8 -999.9 1.9 0.0 0.0 0.0 55.0 55.2 57.4 57.4 16.7 16.7 96.7 96.7 1.9 DCRS_-_Cotiporã_-_Dois_Lajeados_(110_m) -999.9 -999.9 1002.6 1002.6 1002.6 16.2 16.2 0.0 Rio_Grande_do_Sul DCRS -999.9 0.0 0.0 96.84 96.84 96.84 -1 -0.11 97.08 97.08 97.08 97.08
-28.995701 -51.754700 DCRS-00057 2026-09-12_00:01 16.7 -999.9 -999.9 96.8 -999.9 -999.9 16.2 -999.9 -999.9 1002.6 -999.9 -999.9 1.8 -999.9 1.9 0.0 0.0 0.0 55.0 55.2 57.4 57.4 16.7 16.7 96.8 96.7 1.9 DCRS_-_Cotiporã_-_Dois_Lajeados_(110_m) -999.9 -999.9 1002.6 1002.6 1002.6 16.2 16.2 0.0 Rio_Grande_do_Sul DCRS -999.9 0.0 0.0 96.83 96.84 96.83 -1 -0.11 97.08 97.08 97.08 97.08
-28.995701 -51.754700 DCRS-00057 2026-09-12_00:02 16.8 -999.9 -999.9 96.8 -999.9 -999.9 16.3 -999.9 -999.9 1002.7 -999.9 -999.9 0.0 -999.9 1.9 0.0 0.0 0.0 55.0 55.2 57.4 57.4 16.8 16.7 96.8 96.7 1.9 DCRS_-_Cotiporã_-_Dois_Lajeados_(110_m) -999.9 -999.9 1002.7 1002.6 1002.7 16.3 16.2 0.0 Rio_Grande_do_Sul DCRS -999.9 0.0 0.0 96.85 96.85 96.83 -1 -0.1 97.08 97.08 97.08 97.08
-28.995701 -51.754700 DCRS-00057 2026-09-12_00:03 16.7 -999.9 -999.9 96.9 -999.9 -999.9 16.2 -999.9 -999.9 1002.7 -999.9 -999.9 0.0 -999.9 1.9 0.0 0.0 0.0 55.0 55.2 57.4 57.4 16.8 16.7 96.9 96.7 1.9 DCRS_-_Cotiporã_-_Dois_Lajeados_(110_m) -999.9 -999.9 1002.7 1002.6 1002.7 16.3 16.2 0.0 Rio_Grande_do_Sul DCRS -999.9 0.0 0.0 96.82 96.85 96.82 -1 -0.07 97.08 97.08 97.08 97.08
-28.995701 -51.754700 DCRS-00057 2026-09-12_00:04 16.8 -999.9 -999.9 96.8 -999.9 -999.9 16.3 -999.9 -999.9 1002.7 -999.9 -999.9 0.0 -999.9 1.9 0.0 0.0 0.0 55.0 55.2 57.4 57.4 16.8 16.7 96.9 96.7 1.9 DCRS_-_Cotiporã_-_Dois_Lajeados_(110_m) -999.9 -999.9 1002.7 1002.6 1002.7 16.3 16.2 0.0 Rio_Grande_do_Sul DCRS -999.9 0.0 0.0 96.8 96.85 96.8 -1 -0.08 97.08 97.08 97.08 97.08
-28.995701 -51.754700 DCRS-00057 2026-09-12_00:05 16.7 -999.9 -999.9 96.8 -999.9 -999.9 16.2 -999.9 -999.9 1002.6 -999.9 -999.9 1.8 -999.9 1.9 0.0 0.0 0.0 55.0 55.2 57.4 57.4 16.8 16.7 96.9 96.7 1.9 DCRS_-_Cotiporã_-_Dois_Lajeados_(110_m) -999.9 -999.9 1002.7 1002.6 1002.6 16.3 16.2 0.0 Rio_Grande_do_Sul DCRS -999.9 0.0 0.0 96.85 96.85 96.8 -1 -0.08 97.08 97.08 97.08 97.08
-28.995701 -51.754700 DCRS-00057 2026-09-12_00:06 16.7 -999.9 -999.9 96.8 -999.9 -999.9 16.2 -999.9 -999.9 1002.7 -999.9 -999.9 0.0 -999.9 1.9 0.0 0.0 0.0 55.0 55.2 57.4 57.4 16.8 16.7 96.9 96.7 1.9 DCRS_-_Cotiporã_-_Dois_Lajeados_(110_m) -999.9 -999.9 1002.7 1002.6 1002.7 16.3 16.2 0.0 Rio_Grande_do_Sul DCRS -999.9 0.0 0.0 96.84 96.85 96.8 -1 -0.09 97.08 97.08 97.08 97.08
-28.995701 -51.754700 DCRS-00057 2026-09-12_00:07 16.7 -999.9 -999.9 96.8 -999.9 -999.9 16.2 -999.9 -999.9 1002.7 -999.9 -999.9 0.0 -999.9 1.9 0.0 0.0 0.0 55.0 55.2 57.4 57.4 16.8 16.7 96.9 96.7 1.9 DCRS_-_Cotiporã_-_Dois_Lajeados_(110_m) -999.9 -999.9 1002.7 1002.6 1002.7 16.3 16.2 0.0 Rio_Grande_do_Sul DCRS -999.9 0.0 0.0 96.84 96.85 96.8 -1 -0.09 97.08 97.08 97.08 97.08
-28.995701 -51.754700 DCRS-00057 2026-09-12_00:08 16.8 -999.9 -999.9 96.8 -999.9 -999.9 16.3 -999.9 -999.9 1002.6 -999.9 -999.9 0.0 -999.9 1.9 0.0 0.0 0.0 55.0 55.2 57.4 57.4 16.8 16.7 96.9 96.7 1.9 DCRS_-_Cotiporã_-_Dois_Lajeados_(110_m) -999.9 -999.9 1002.7 1002.6 1002.6 16.3 16.2 0.0 Rio_Grande_do_Sul DCRS -999.9 0.0 0.0 96.79 96.85 96.79 -1 -0.13 97.08 97.08 97.08 97.08
-28.995701 -51.754700 DCRS-00057 2026-09-12_00:09 16.8 -999.9 -999.9 96.8 -999.9 -999.9 16.3 -999.9 -999.9 1002.6 -999.9 -999.9 0.0 -999.9 1.9 0.0 0.0 0.0 55.0 55.2 57.4 57.4 16.8 16.7 96.9 96.7 1.9 DCRS_-_Cotiporã_-_Dois_Lajeados_(110_m) -999.9 -999.9 1002.7 1002.6 1002.6 16.3 16.2 0.0 Rio_Grande_do_Sul DCRS -999.9 0.0 0.0 96.85 96.85 96.79 -1 -0.02 97.08 97.08 97.08 97.08
-28.995701 -51.754700 DCRS-00057 2026-09-12_00:10 16.7 -999.9 -999.9 96.8 -999.9 -999.9 16.2 -999.9 -999.9 1002.6 -999.9 -999.9 1.8 -999.9 1.9 0.0 0.0 0.0 55.0 55.2 57.4 57.4 16.8 16.7 96.9 96.7 1.9 DCRS_-_Cotiporã_-_Dois_Lajeados_(110_m) -999.9 -999.9 1002.7 1002.6 1002.6 16.3 16.2 0.0 Rio_Grande_do_Sul DCRS -999.9 0.0 0.0 96.88 96.88 96.79 -1 -0.07 97.08 97.08 97.08 97.08
-28.995701 -51.754700 DCRS-00057 2026-09-12_00:11 16.7 -999.9 -999.9 96.8 -999.9 -999.9 16.2 -999.9 -999.9 1002.6 -999.9 -999.9 0.0 -999.9 1.9 0.0 0.0 0.0 55.0 55.2 57.4 57.4 16.8 16.7 96.9 96.7 1.9 DCRS_-_Cotiporã_-_Dois_Lajeados_(110_m) -999.9 -999.9 1002.7 1002.6 1002.6 16.3 16.2 0.0 Rio_Grande_do_Sul DCRS -999.9 0.0 0.0 96.83 96.88 96.79 -1 -0.09 97.08 97.08 97.08 97.08
-28.995701 -51.754700 DCRS-00057 2026-09-12_00:12 16.8 -999.9 -999.9 96.7 -999.9 -999.9 16.3 -999.9 -999.9 1002.6 -999.9 -999.9 0.0 -999.9 1.9 0.0 0.0 0.0 55.0 55.2 57.4 57.4 16.8 16.7 96.9 96.7 1.9 DCRS_-_Cotiporã_-_Dois_Lajeados_(110_m) -999.9 -999.9 1002.7 1002.6 1002.6 16.3 16.2 0.0 Rio_Grande_do_Sul DCRS -999.9 0.0 0.0 96.82 96.88 96.79 -1 -0.11 97.08 97.08 97.08 97.08
-28.995701 -51.754700 DCRS-00057 2026-09-12_00:13 16.7 -999.9 -999.9 96.7 -999.9 -999.9 16.2 -999.9 -999.9 1002.6 -999.9 -999.9 0.0 -999.9 1.9 0.0 0.0 0.0 55.0 55.2 57.4 57.4 16.8 16.7 96.9 96.7 1.9 DCRS_-_Cotiporã_-_Dois_Lajeados_(110_m) -999.9 -999.9 1002.7 1002.6 1002.6 16.3 16.2 0.0 Rio_Grande_do_Sul DCRS -999.9 0.0 0.0 96.83 96.88 96.79 -1 -0.12 97.08 97.08 97.08 97.08
-28.995701 -51.754700 DCRS-00057 2026-09-12_00:14 16.7 -999.9 -999.9 96.7 -999.9 -999.9 16.2 -999.9 -999.9 1002.6 -999.9 -999.9 0.0 -999.9 1.9 0.0 0.0 0.0 55.0 55.2 57.4 57.4 16.8 16.7 96.9 96.7 1.9 DCRS_-_Cotiporã_-_Dois_Lajeados_(110_m) -999.9 -999.9 1002.7 1002.6 1002.6 16.3 16.2 0.0 Rio_Grande_do_Sul DCRS -999.9 0.0 0.0 96.79 96.88 96.79 -1 -0.16 97.08 97.08 97.08 97.08
-28.995701 -51.754700 DCRS-00057 2026-09-12_00:15 16.7 -999.9 -999.9 96.7 -999.9 -999.9 16.2 -999.9 -999.9 1002.6 -999.9 -999.9 0.0 -999.9 1.9 0.0 0.0 0.0 55.0 55.2 57.4 57.4 16.8 16.7 96.9 96.7 1.9 DCRS_-_Cotiporã_-_Dois_Lajeados_(110_m) -999.9 -999.9 1002.7 1002.6 1002.6 16.3 16.2 0.0 Rio_Grande_do_Sul DCRS -999.9 0.0 0.0 96.82 96.88 96.79 -1 -0.09 97.08 97.08 97.08 97.08
-28.995701 -51.754700 DCRS-00057 2026-09-12_00:16 16.7 -999.9 -999.9 96.7 -999.9 -999.9 16.2 -999.9 -999.9 1002.6 -999.9 -999.9 0.0 -999.9 1.9 0.0 0.0 0.0 55.0 55.2 57.4 57.4 16.8 16.7 96.9 96.7 1.9 DCRS_-_Cotiporã_-_Dois_Lajeados_(110_m) -999.9 -999.9 1002.7 1002.6 1002.6 16.3 16.2 0.0 Rio_Grande_do_Sul DCRS -999.9 0.0 0.0 96.82 96.88 96.79 -1 -0.09 97.08 97.08 97.08 97.08
-28.995701 -51.754700 DCRS-00057 2026-09-12_00:17 16.7 -999.9 -999.9 96.7 -999.9 -999.9 16.2 -999.9 -999.9 1002.6 -999.9 -999.9 0.0 -999.9 1.9 0.0 0.0 0.0 55.0 55.2 57.4 57.4 16.8 16.7 96.9 96.7 1.9 DCRS_-_Cotiporã_-_Dois_Lajeados_(110_m) -999.9 -999.9 1002.7 1002.6 1002.6 16.3 16.2 0.0 Rio_Grande_do_Sul DCRS -999.9 0.0 0.0 96.84 96.88 96.79 -1 -0.06 97.08 97.08 97.08 97.08
-28.995701 -51.754700 DCRS-00057 2026-09-12_00:18 16.8 -999.9 -999.9 96.7 -999.9 -999.9 16.3 -999.9 -999.9 1002.7 -999.9 -999.9 0.0 -999.9 1.9 0.0 0.0 0.0 55.0 55.2 57.4 57.4 16.8 16.7 96.9 96.7 1.9 DCRS_-_Cotiporã_-_Dois_Lajeados_(110_m) -999.9 -999.9 1002.7 1002.6 1002.7 16.3 16.2 0.0 Rio_Grande_do_Sul DCRS -999.9 0.0 0.0 96.81 96.88 96.79 -1 -0.09 97.08 97.08 97.08 97.08
-28.995701 -51.754700 DCRS-00057 2026-09-12_00:19 16.7 -999.9 -999.9 96.7 -999.9 -999.9 16.2 -999.9 -999.9 1002.7 -999.9 -999.9 0.0 -999.9 1.9 0.0 0.0 0.0 55.0 55.2 57.4 57.4 16.8 16.7 96.9 96.7 1.9 DCRS_-_Cotiporã_-_Dois_Lajeados_(110_m) -999.9 -999.9 1002.7 1002.6 1002.7 16.3 16.2 0.0 Rio_Grande_do_Sul DCRS -999.9 0.0 0.0 96.89 96.89 96.79 -1 0.02 97.08 97.08 97.08 97.08
-28.995701 -51.754700 DCRS-00057 2026-09-12_00:20 16.7 -999.9 -999.9 96.8 -999.9 -999.9 16.2 -999.9 -999.9 1002.7 -999.9 -999.9 0.0 -999.9 0.0 0.0 0.0 0.0 55.0 55.2 57.4 57.4 16.8 16.7 96.9 96.7 1.9 DCRS_-_Cotiporã_-_Dois_Lajeados_(110_m) -999.9 -999.9 1002.7 1002.6 1002.7 16.3 16.2 0.0 Rio_Grande_do_Sul DCRS -999.9 0.0 0.0 96.82 96.89 96.79 -1 -0.09 97.08 97.08 97.08 97.08
-28.995701 -51.754700 DCRS-00057 2026-09-12_00:21 16.7 -999.9 -999.9 96.7 -999.9 -999.9 16.2 -999.9 -999.9 1002.7 -999.9 -999.9 0.0 -999.9 0.0 0.0 0.0 0.0 55.0 55.2 57.4 57.4 16.8 16.7 96.9 96.7 1.9 DCRS_-_Cotiporã_-_Dois_Lajeados_(110_m) -999.9 -999.9 1002.7 1002.6 1002.7 16.3 16.2 0.0 Rio_Grande_do_Sul DCRS -999.9 0.0 0.0 96.86 96.89 96.79 -1 0.04 97.08 97.08 97.08 97.08
-28.995701 -51.754700 DCRS-00057 2026-09-12_00:22 16.7 -999.9 -999.9 96.8 -999.9 -999.9 16.2 -999.9 -999.9 1002.7 -999.9 -999.9 0.0 -999.9 0.0 0.0 0.0 0.0 55.0 55.2 57.4 57.4 16.8 16.7 96.9 96.7 1.9 DCRS_-_Cotiporã_-_Dois_Lajeados_(110_m) -999.9 -999.9 1002.7 1002.6 1002.7 16.3 16.2 0.0 Rio_Grande_do_Sul DCRS -999.9 0.0 0.0 96.87 96.89 96.79 -1 -0.01 97.08 97.08 97.08 97.08
-28.995701 -51.754700 DCRS-00057 2026-09-12_00:23 16.7 -999.9 -999.9 96.7 -999.9 -999.9 16.2 -999.9 -999.9 1002.7 -999.9 -999.9 0.0 -999.9 0.0 0.0 0.0 0.0 55.0 55.2 57.4 57.4 16.8 16.7 96.9 96.7 1.9 DCRS_-_Cotiporã_-_Dois_Lajeados_(110_m) -999.9 -999.9 1002.7 1002.6 1002.7 16.3 16.2 0.0 Rio_Grande_do_Sul DCRS -999.9 0.0 0.0 96.82 96.89 96.79 -1 -0.11 97.08 97.08 97.08 97.08
-28.995701 -51.754700 DCRS-00057 2026-09-12_00:24 16.7 -999.9 -999.9 96.8 -999.9 -999.9 16.2 -999.9 -999.9 1002.7 -999.9 -999.9 0.0 -999.9 0.0 0.0 0.0 0.0 55.0 55.2 57.4 57.4 16.8 16.7 96.9 96.7 1.9 DCRS_-_Cotiporã_-_Dois_Lajeados_(110_m) -999.9 -999.9 1002.7 1002.6 1002.7 16.3 16.2 0.0 Rio_Grande_do_Sul DCRS -999.9 0.0 0.0 96.81 96.89 96.79 -1 -0.08 97.08 97.08 97.08 97.08
-28.995701 -51.754700 DCRS-00057 2026-09-12_00:25 16.7 -999.9 -999.9 96.8 -999.9 -999.9 16.2 -999.9 -999.9 1002.7 -999.9 -999.9 0.0 -999.9 1.8 0.0 0.0 0.0 55.0 55.2 57.4 57.4 16.8 16.7 96.9 96.7 1.9 DCRS_-_Cotiporã_-_Dois_Lajeados_(110_m) -999.9 -999.9 1002.7 1002.6 1002.7 16.3 16.2 0.0 Rio_Grande_do_Sul DCRS -999.9 0.0 0.0 96.84 96.89 96.79 -1 -0.07 97.08 97.08 97.08 97.08
-28.995701 -51.754700 DCRS-00057 2026-09-12_00:26 16.7 -999.9 -999.9 96.8 -999.9 -999.9 16.2 -999.9 -999.9 1002.7 -999.9 -999.9 0.0 -999.9 1.8 0.0 0.0 0.0 55.0 55.2 57.4 57.4 16.8 16.7 96.9 96.7 1.9 DCRS_-_Cotiporã_-_Dois_Lajeados_(110_m) -999.9 -999.9 1002.7 1002.6 1002.7 16.3 16.2 0.0 Rio_Grande_do_Sul DCRS -999.9 0.0 0.0 96.86 96.89 96.79 -1 -0.05 97.08 97.08 97.08 97.08
-28.995701 -51.754700 DCRS-00057 2026-09-12_00:27 16.7 -999.9 -999.9 96.8 -999.9 -999.9 16.2 -999.9 -999.9 1002.7 -999.9 -999.9 0.0 -999.9 1.8 0.0 0.0 0.0 55.0 55.2 57.4 57.4 16.8 16.7 96.9 96.7 1.9 DCRS_-_Cotiporã_-_Dois_Lajeados_(110_m) -999.9 -999.9 1002.7 1002.6 1002.7 16.3 16.2 0.0 Rio_Grande_do_Sul DCRS -999.9 0.0 0.0 96.79 96.89 96.79 -1 -0.08 97.08 97.08 97.08 97.08
-28.995701 -51.754700 DCRS-00057 2026-09-12_00:28 16.7 -999.9 -999.9 96.9 -999.9 -999.9 16.2 -999.9 -999.9 1002.7 -999.9 -999.9 0.0 -999.9 1.8 0.0 0.0 0.0 55.0 55.2 57.4 57.4 16.8 16.7 96.9 96.7 1.9 DCRS_-_Cotiporã_-_Dois_Lajeados_(110_m) -999.9 -999.9 1002.7 1002.6 1002.7 16.3 16.2 0.0 Rio_Grande_do_Sul DCRS -999.9 0.0 0.0 96.77 96.89 96.77 -1 -0.09 97.08 97.08 97.08 97.08
-28.995701 -51.754700 DCRS-00057 2026-09-12_00:29 16.7 -999.9 -999.9 97.0 -999.9 -999.9 16.2 -999.9 -999.9 1002.6 -999.9 -999.9 0.0 -999.9 1.8 0.0 0.0 0.0 55.0 55.2 57.4 57.4 16.8 16.7 97.0 96.7 1.9 DCRS_-_Cotiporã_-_Dois_Lajeados_(110_m) -999.9 -999.9 1002.7 1002.6 1002.6 16.3 16.2 0.0 Rio_Grande_do_Sul DCRS -999.9 0.0 0.0 96.84 96.89 96.77 -1 -0.02 97.08 97.08 97.08 97.08
-28.995701 -51.754700 DCRS-00057 2026-09-12_00:30 16.8 -999.9 -999.9 96.9 -999.9 -999.9 16.3 -999.9 -999.9 1002.7 -999.9 -999.9 0.0 -999.9 0.0 0.0 0.0 0.0 55.0 55.2 57.4 57.4 16.8 16.7 97.0 96.7 1.9 DCRS_-_Cotiporã_-_Dois_Lajeados_(110_m) -999.9 -999.9 1002.7 1002.6 1002.7 16.3 16.2 0.0 Rio_Grande_do_Sul DCRS -999.9 0.0 0.0 96.82 96.89 96.77 -1 -0.11 97.08 97.08 97.08 97.08
-28.995701 -51.754700 DCRS-00057 2026-09-12_00:31 16.7 -999.9 -999.9 97.0 -999.9 -999.9 16.2 -999.9 -999.9 1002.7 -999.9 -999.9 0.0 -999.9 0.0 0.0 0.0 0.0 55.0 55.2 57.4 57.4 16.8 16.7 97.0 96.7 1.9 DCRS_-_Cotiporã_-_Dois_Lajeados_(110_m) -999.9 -999.9 1002.7 1002.6 1002.7 16.3 16.2 0.0 Rio_Grande_do_Sul DCRS -999.9 0.0 0.0 96.76 96.89 96.76 -1 -0.14 97.08 97.08 97.08 97.08
-28.995701 -51.754700 DCRS-00057 2026-09-12_00:32 16.8 -999.9 -999.9 96.9 -999.9 -999.9 16.3 -999.9 -999.9 1002.7 -999.9 -999.9 0.0 -999.9 0.0 0.0 0.0 0.0 55.0 55.2 57.4 57.4 16.8 16.7 97.0 96.7 1.9 DCRS_-_Cotiporã_-_Dois_Lajeados_(110_m) -999.9 -999.9 1002.7 1002.6 1002.7 16.3 16.2 0.0 Rio_Grande_do_Sul DCRS -999.9 0.0 0.0 96.8 96.89 96.76 -1 -0.1 97.08 97.08 97.08 97.08
-28.995701 -51.754700 DCRS-00057 2026-09-12_00:33 16.8 -999.9 -999.9 96.9 -999.9 -999.9 16.3 -999.9 -999.9 1002.7 -999.9 -999.9 0.0 -999.9 0.0 0.0 0.0 0.0 55.0 55.2 57.4 57.4 16.8 16.7 97.0 96.7 1.9 DCRS_-_Cotiporã_-_Dois_Lajeados_(110_m) -999.9 -999.9 1002.7 1002.6 1002.7 16.3 16.2 0.0 Rio_Grande_do_Sul DCRS -999.9 0.0 0.0 96.8 96.89 96.76 -1 -0.08 97.08 97.08 97.08 97.08
-28.995701 -51.754700 DCRS-00057 2026-09-12_00:34 16.7 -999.9 -999.9 97.0 -999.9 -999.9 16.2 -999.9 -999.9 1002.7 -999.9 -999.9 0.0 -999.9 0.0 0.0 0.0 0.0 55.0 55.2 57.4 57.4 16.8 16.7 97.0 96.7 1.9 DCRS_-_Cotiporã_-_Dois_Lajeados_(110_m) -999.9 -999.9 1002.7 1002.6 1002.7 16.3 16.2 0.0 Rio_Grande_do_Sul DCRS -999.9 0.0 0.0 96.85 96.89 96.76 -1 -0.05 97.08 97.08 97.08 97.08
-28.995701 -51.754700 DCRS-00057 2026-09-12_00:35 16.7 -999.9 -999.9 97.0 -999.9 -999.9 16.2 -999.9 -999.9 1002.7 -999.9 -999.9 0.0 -999.9 0.0 0.0 0.0 0.0 55.0 55.2 57.4 57.4 16.8 16.7 97.0 96.7 1.9 DCRS_-_Cotiporã_-_Dois_Lajeados_(110_m) -999.9 -999.9 1002.7 1002.6 1002.7 16.3 16.2 0.0 Rio_Grande_do_Sul DCRS -999.9 0.0 0.0 96.85 96.89 96.76 -1 -0.03 97.08 97.08 97.08 97.08
-28.995701 -51.754700 DCRS-00057 2026-09-12_00:36 16.7 -999.9 -999.9 97.1 -999.9 -999.9 16.2 -999.9 -999.9 1002.7 -999.9 -999.9 0.0 -999.9 0.0 0.0 0.0 0.0 55.0 55.2 57.4 57.4 16.8 16.7 97.1 96.7 1.9 DCRS_-_Cotiporã_-_Dois_Lajeados_(110_m) -999.9 -999.9 1002.7 1002.6 1002.7 16.3 16.2 0.0 Rio_Grande_do_Sul DCRS -999.9 0.0 0.0 96.81 96.89 96.76 -1 -0.1 97.08 97.08 97.08 97.08
-28.995701 -51.754700 DCRS-00057 2026-09-12_00:37 16.8 -999.9 -999.9 97.1 -999.9 -999.9 16.3 -999.9 -999.9 1002.7 -999.9 -999.9 0.0 -999.9 0.0 0.0 0.0 0.0 55.0 55.2 57.4 57.4 16.8 16.7 97.1 96.7 1.9 DCRS_-_Cotiporã_-_Dois_Lajeados_(110_m) -999.9 -999.9 1002.7 1002.6 1002.7 16.3 16.2 0.0 Rio_Grande_do_Sul DCRS -999.9 0.0 0.0 96.82 96.89 96.76 -1 -0.09 97.08 97.08 97.08 97.08
-28.995701 -51.754700 DCRS-00057 2026-09-12_00:38 16.8 -999.9 -999.9 97.1 -999.9 -999.9 16.3 -999.9 -999.9 1002.6 -999.9 -999.9 -999.9 -999.9 0.0 0.0 0.0 0.0 55.0 55.2 57.4 57.4 16.8 16.7 97.1 96.7 1.9 DCRS_-_Cotiporã_-_Dois_Lajeados_(110_m) -999.9 -999.9 1002.7 1002.6 1002.6 16.3 16.2 0.0 Rio_Grande_do_Sul DCRS -999.9 0.0 0.0 96.85 96.89 96.76 -1 -0.07 97.08 97.08 97.08 97.08
-28.995701 -51.754700 DCRS-00057 2026-09-12_00:39 16.8 -999.9 -999.9 97.0 -999.9 -999.9 16.3 -999.9 -999.9 1002.6 -999.9 -999.9 0.0 -999.9 0.0 0.0 0.0 0.0 55.0 55.2 57.4 57.4 16.8 16.7 97.1 96.7 1.9 DCRS_-_Cotiporã_-_Dois_Lajeados_(110_m) -999.9 -999.9 1002.7 1002.6 1002.6 16.3 16.2 0.0 Rio_Grande_do_Sul DCRS -999.9 0.0 0.0 96.8 96.89 96.76 -1 -0.07 97.08 97.08 97.08 97.08
-28.995701 -51.754700 DCRS-00057 2026-09-12_00:40 16.8 -999.9 -999.9 97.0 -999.9 -999.9 16.3 -999.9 -999.9 1002.6 -999.9 -999.9 0.0 -999.9 2.0 0.0 0.0 0.0 55.0 55.2 57.4 57.4 16.8 16.7 97.1 96.7 2.0 DCRS_-_Cotiporã_-_Dois_Lajeados_(110_m) -999.9 -999.9 1002.7 1002.6 1002.6 16.3 16.2 0.0 Rio_Grande_do_Sul DCRS -999.9 0.0 0.0 96.82 96.89 96.76 -1 -0.02 97.08 97.08 97.08 97.08
-28.995701 -51.754700 DCRS-00057 2026-09-12_00:41 16.8 -999.9 -999.9 97.0 -999.9 -999.9 16.3 -999.9 -999.9 1002.6 -999.9 -999.9 0.0 -999.9 2.0 0.0 0.0 0.0 55.0 55.2 57.4 57.4 16.8 16.7 97.1 96.7 2.0 DCRS_-_Cotiporã_-_Dois_Lajeados_(110_m) -999.9 -999.9 1002.7 1002.6 1002.6 16.3 16.2 0.0 Rio_Grande_do_Sul DCRS -999.9 0.0 0.0 96.84 96.89 96.76 -1 -0.07 97.08 97.08 97.08 97.08
-28.995701 -51.754700 DCRS-00057 2026-09-12_00:42 16.8 -999.9 -999.9 97.1 -999.9 -999.9 16.3 -999.9 -999.9 1002.6 -999.9 -999.9 0.0 -999.9 2.0 0.0 0.0 0.0 55.0 55.2 57.4 57.4 16.8 16.7 97.1 96.7 2.0 DCRS_-_Cotiporã_-_Dois_Lajeados_(110_m) -999.9 -999.9 1002.7 1002.6 1002.6 16.3 16.2 0.0 Rio_Grande_do_Sul DCRS -999.9 0.0 0.0 96.88 96.89 96.76 -1 0.02 97.08 97.08 97.08 97.08
-28.995701 -51.754700 DCRS-00057 2026-09-12_00:43 16.7 -999.9 -999.9 97.0 -999.9 -999.9 16.2 -999.9 -999.9 1002.6 -999.9 -999.9 0.0 -999.9 2.0 0.0 0.0 0.0 55.0 55.2 57.4 57.4 16.8 16.7 97.1 96.7 2.0 DCRS_-_Cotiporã_-_Dois_Lajeados_(110_m) -999.9 -999.9 1002.7 1002.6 1002.6 16.3 16.2 0.0 Rio_Grande_do_Sul DCRS -999.9 0.0 0.0 96.76 96.89 96.76 -1 -0.12 97.08 97.08 97.08 97.08
-28.995701 -51.754700 DCRS-00057 2026-09-12_00:44 16.8 -999.9 -999.9 97.1 -999.9 -999.9 16.3 -999.9 -999.9 1002.6 -999.9 -999.9 0.0 -999.9 2.0 0.0 0.0 0.0 55.0 55.2 57.4 57.4 16.8 16.7 97.1 96.7 2.0 DCRS_-_Cotiporã_-_Dois_Lajeados_(110_m) -999.9 -999.9 1002.7 1002.6 1002.6 16.3 16.2 0.0 Rio_Grande_do_Sul DCRS -999.9 0.0 0.0 96.84 96.89 96.76 -1 -0.06 97.08 97.08 97.08 97.08
-28.995701 -51.754700 DCRS-00057 2026-09-12_00:45 16.8 -999.9 -999.9 97.1 -999.9 -999.9 16.3 -999.9 -999.9 1002.6 -999.9 -999.9 0.0 -999.9 0.0 0.0 0.0 0.0 55.0 55.2 57.4 57.4 16.8 16.7 97.1 96.7 2.0 DCRS_-_Cotiporã_-_Dois_Lajeados_(110_m) -999.9 -999.9 1002.7 1002.6 1002.6 16.3 16.2 0.0 Rio_Grande_do_Sul DCRS -999.9 0.0 0.0 96.85 96.89 96.76 -1 -0.01 97.08 97.08 97.08 97.08
-28.995701 -51.754700 DCRS-00057 2026-09-12_00:46 16.8 -999.9 -999.9 97.1 -999.9 -999.9 16.3 -999.9 -999.9 1002.6 -999.9 -999.9 0.0 -999.9 0.0 0.0 0.0 0.0 55.0 55.2 57.4 57.4 16.8 16.7 97.1 96.7 2.0 DCRS_-_Cotiporã_-_Dois_Lajeados_(110_m) -999.9 -999.9 1002.7 1002.6 1002.6 16.3 16.2 0.0 Rio_Grande_do_Sul DCRS -999.9 0.0 0.0 96.76 96.89 96.76 -1 -0.14 97.08 97.08 97.08 97.08
-28.995701 -51.754700 DCRS-00057 2026-09-12_00:47 16.8 -999.9 -999.9 97.0 -999.9 -999.9 16.3 -999.9 -999.9 1002.6 -999.9 -999.9 -999.9 -999.9 0.0 0.0 0.0 0.0 55.0 55.2 57.4 57.4 16.8 16.7 97.1 96.7 2.0 DCRS_-_Cotiporã_-_Dois_Lajeados_(110_m) -999.9 -999.9 1002.7 1002.6 1002.6 16.3 16.2 0.0 Rio_Grande_do_Sul DCRS -999.9 0.0 0.0 96.78 96.89 96.76 -1 -0.1 97.08 97.08 97.08 97.08
-28.995701 -51.754700 DCRS-00057 2026-09-12_00:48 16.7 -999.9 -999.9 97.0 -999.9 -999.9 16.2 -999.9 -999.9 1002.6 -999.9 -999.9 0.0 -999.9 0.0 0.0 0.0 0.0 55.0 55.2 57.4 57.4 16.8 16.7 97.1 96.7 2.0 DCRS_-_Cotiporã_-_Dois_Lajeados_(110_m) -999.9 -999.9 1002.7 1002.6 1002.6 16.3 16.2 0.0 Rio_Grande_do_Sul DCRS -999.9 0.0 0.0 96.82 96.89 96.76 -1 -0.01 97.08 97.08 97.08 97.08
-28.995701 -51.754700 DCRS-00057 2026-09-12_00:49 16.7 -999.9 -999.9 96.9 -999.9 -999.9 16.2 -999.9 -999.9 1002.6 -999.9 -999.9 -999.9 -999.9 0.0 0.0 0.0 0.0 55.0 55.2 57.4 57.4 16.8 16.7 97.1 96.7 2.0 DCRS_-_Cotiporã_-_Dois_Lajeados_(110_m) -999.9 -999.9 1002.7 1002.6 1002.6 16.3 16.2 0.0 Rio_Grande_do_Sul DCRS -999.9 0.0 0.0 96.8 96.89 96.76 -1 -0.07 97.08 97.08 97.08 97.08
-28.995701 -51.754700 DCRS-00057 2026-09-12_00:50 16.7 -999.9 -999.9 96.9 -999.9 -999.9 16.2 -999.9 -999.9 1002.6 -999.9 -999.9 2.2 -999.9 2.6 0.0 0.0 0.0 55.0 55.2 57.4 57.4 16.8 16.7 97.1 96.7 2.6 DCRS_-_Cotiporã_-_Dois_Lajeados_(110_m) -999.9 -999.9 1002.7 1002.6 1002.6 16.3 16.2 0.0 Rio_Grande_do_Sul DCRS -999.9 0.0 0.0 96.83 96.89 96.76 -1 -0.04 97.08 97.08 97.08 97.08
-28.995701 -51.754700 DCRS-00057 2026-09-12_00:51 16.7 -999.9 -999.9 96.8 -999.9 -999.9 16.2 -999.9 -999.9 1002.6 -999.9 -999.9 0.0 -999.9 2.6 0.0 0.0 0.0 55.0 55.2 57.4 57.4 16.8 16.7 97.1 96.7 2.6 DCRS_-_Cotiporã_-_Dois_Lajeados_(110_m) -999.9 -999.9 1002.7 1002.6 1002.6 16.3 16.2 0.0 Rio_Grande_do_Sul DCRS -999.9 0.0 0.0 96.83 96.89 96.76 -1 0.02 97.08 97.08 97.08 97.08
-28.995701 -51.754700 DCRS-00057 2026-09-12_00:52 16.7 -999.9 -999.9 96.8 -999.9 -999.9 16.2 -999.9 -999.9 1002.6 -999.9 -999.9 0.0 -999.9 2.6 0.0 0.0 0.0 55.0 55.2 57.4 57.4 16.8 16.7 97.1 96.7 2.6 DCRS_-_Cotiporã_-_Dois_Lajeados_(110_m) -999.9 -999.9 1002.7 1002.6 1002.6 16.3 16.2 0.0 Rio_Grande_do_Sul DCRS -999.9 0.0 0.0 96.88 96.89 96.76 -1 0.02 97.08 97.08 97.08 97.08
-28.995701 -51.754700 DCRS-00057 2026-09-12_00:53 16.6 -999.9 -999.9 96.8 -999.9 -999.9 16.1 -999.9 -999.9 1002.6 -999.9 -999.9 0.0 -999.9 2.6 0.0 0.0 0.0 55.0 55.2 57.4 57.4 16.8 16.6 97.1 96.7 2.6 DCRS_-_Cotiporã_-_Dois_Lajeados_(110_m) -999.9 -999.9 1002.7 1002.6 1002.6 16.3 16.1 0.0 Rio_Grande_do_Sul DCRS -999.9 0.0 0.0 96.77 96.89 96.76 -1 -0.1 97.08 97.08 97.08 97.08
-28.995701 -51.754700 DCRS-00057 2026-09-12_00:54 16.7 -999.9 -999.9 96.8 -999.9 -999.9 16.2 -999.9 -999.9 1002.6 -999.9 -999.9 0.0 -999.9 2.6 0.0 0.0 0.0 55.0 55.2 57.4 57.4 16.8 16.6 97.1 96.7 2.6 DCRS_-_Cotiporã_-_Dois_Lajeados_(110_m) -999.9 -999.9 1002.7 1002.6 1002.6 16.3 16.1 0.0 Rio_Grande_do_Sul DCRS -999.9 0.0 0.0 96.78 96.89 96.76 -1 -0.06 97.08 97.08 97.08 97.08
-28.995701 -51.754700 DCRS-00057 2026-09-12_00:55 16.7 -999.9 -999.9 96.9 -999.9 -999.9 16.2 -999.9 -999.9 1002.6 -999.9 -999.9 0.0 -999.9 2.3 0.0 0.0 0.0 55.0 55.2 57.4 57.4 16.8 16.6 97.1 96.7 2.6 DCRS_-_Cotiporã_-_Dois_Lajeados_(110_m) -999.9 -999.9 1002.7 1002.6 1002.6 16.3 16.1 0.0 Rio_Grande_do_Sul DCRS -999.9 0.0 0.0 96.84 96.89 96.76 -1 -0.02 97.08 97.08 97.08 97.08
-28.995701 -51.754700 DCRS-00057 2026-09-12_00:56 16.7 -999.9 -999.9 96.9 -999.9 -999.9 16.2 -999.9 -999.9 1002.6 -999.9 -999.9 0.0 -999.9 2.3 0.0 0.0 0.0 55.0 55.2 57.4 57.4 16.8 16.6 97.1 96.7 2.6 DCRS_-_Cotiporã_-_Dois_Lajeados_(110_m) -999.9 -999.9 1002.7 1002.6 1002.6 16.3 16.1 0.0 Rio_Grande_do_Sul DCRS -999.9 0.0 0.0 96.77 96.89 96.76 -1 -0.12 97.08 97.08 97.08 97.08
-28.995701 -51.754700 DCRS-00057 2026-09-12_00:57 16.7 -999.9 -999.9 97.0 -999.9 -999.9 16.2 -999.9 -999.9 1002.6 -999.9 -999.9 0.0 -999.9 2.3 0.0 0.0 0.0 55.0 55.2 57.4 57.4 16.8 16.6 97.1 96.7 2.6 DCRS_-_Cotiporã_-_Dois_Lajeados_(110_m) -999.9 -999.9 1002.7 1002.6 1002.6 16.3 16.1 0.0 Rio_Grande_do_Sul DCRS -999.9 0.0 0.0 96.81 96.89 96.76 -1 -0.08 97.08 97.08 97.08 97.08
-28.995701 -51.754700 DCRS-00057 2026-09-12_00:58 16.7 -999.9 -999.9 97.0 -999.9 -999.9 16.2 -999.9 -999.9 1002.6 -999.9 -999.9 0.0 -999.9 2.3 0.0 0.0 0.0 55.0 55.2 57.4 57.4 16.8 16.6 97.1 96.7 2.6 DCRS_-_Cotiporã_-_Dois_Lajeados_(110_m) -999.9 -999.9 1002.7 1002.6 1002.6 16.3 16.1 0.0 Rio_Grande_do_Sul DCRS -999.9 0.0 0.0 96.84 96.89 96.76 -1 -0.02 97.08 97.08 97.08 97.08
-28.995701 -51.754700 DCRS-00057 2026-09-12_00:59 16.6 -999.9 -999.9 97.0 -999.9 -999.9 16.1 -999.9 -999.9 1002.6 -999.9 -999.9 0.0 -999.9 2.3 0.0 0.0 0.0 55.0 55.2 57.4 57.4 16.8 16.6 97.1 96.7 2.6 DCRS_-_Cotiporã_-_Dois_Lajeados_(110_m) -999.9 -999.9 1002.7 1002.6 1002.6 16.3 16.1 0.0 Rio_Grande_do_Sul DCRS -999.9 0.0 0.0 96.77 96.89 96.76 -1 -0.09 97.08 97.08 97.08 97.08
-28.995701 -51.754700 DCRS-00057 2026-09-12_01:00 16.6 -999.9 -999.9 97.0 -999.9 -999.9 16.1 -999.9 -999.9 1002.6 -999.9 -999.9 0.0 -999.9 1.8 0.0 0.0 0.0 55.0 55.2 57.4 57.4 16.8 16.6 97.1 96.7 2.6 DCRS_-_Cotiporã_-_Dois_Lajeados_(110_m) -999.9 -999.9 1002.7 1002.6 1002.6 16.3 16.1 0.0 Rio_Grande_do_Sul DCRS -999.9 0.0 0.0 96.79 96.89 96.76 -1 -0.04 97.08 97.08 97.08 97.08
-28.995701 -51.754700 DCRS-00057 2026-09-12_01:01 16.7 -999.9 -999.9 97.0 -999.9 -999.9 16.2 -999.9 -999.9 1002.6 -999.9 -999.9 0.0 -999.9 1.8 0.0 0.0 0.0 55.0 55.2 57.4 57.4 16.8 16.6 97.1 96.7 2.6 DCRS_-_Cotiporã_-_Dois_Lajeados_(110_m) -999.9 -999.9 1002.7 1002.6 1002.6 16.3 16.1 0.0 Rio_Grande_do_Sul DCRS -999.9 0.0 0.0 96.79 96.89 96.76 -1 -0.04 97.08 97.08 97.08 97.08
-28.995701 -51.754700 DCRS-00057 2026-09-12_01:02 16.7 -999.9 -999.9 97.0 -999.9 -999.9 16.2 -999.9 -999.9 1002.6 -999.9 -999.9 0.0 -999.9 1.8 0.0 0.0 0.0 55.0 55.2 57.4 57.4 16.8 16.6 97.1 96.7 2.6 DCRS_-_Cotiporã_-_Dois_Lajeados_(110_m) -999.9 -999.9 1002.7 1002.6 1002.6 16.3 16.1 0.0 Rio_Grande_do_Sul DCRS -999.9 0.0 0.0 96.83 96.89 96.76 -1 -0.02 97.08 97.08 97.08 97.08
-28.995701 -51.754700 DCRS-00057 2026-09-12_01:03 16.7 -999.9 -999.9 97.0 -999.9 -999.9 16.2 -999.9 -999.9 1002.6 -999.9 -999.9 1.8 -999.9 1.8 0.0 0.0 0.0 55.0 55.2 57.4 57.4 16.8 16.6 97.1 96.7 2.6 DCRS_-_Cotiporã_-_Dois_Lajeados_(110_m) -999.9 -999.9 1002.7 1002.6 1002.6 16.3 16.1 0.0 Rio_Grande_do_Sul DCRS -999.9 0.0 0.0 96.84 96.89 96.76 -1 0.02 97.08 97.08 97.08 97.08
-28.995701 -51.754700 DCRS-00057 2026-09-12_01:04 16.7 -999.9 -999.9 97.0 -999.9 -999.9 16.2 -999.9 -999.9 1002.5 -999.9 -999.9 0.0 -999.9 1.8 0.0 0.0 0.0 55.0 55.2 57.4 57.4 16.8 16.6 97.1 96.7 2.6 DCRS_-_Cotiporã_-_Dois_Lajeados_(110_m) -999.9 -999.9 1002.7 1002.5 1002.5 16.3 16.1 0.0 Rio_Grande_do_Sul DCRS -999.9 0.0 0.0 96.78 96.89 96.76 -1 -0.02 97.08 97.08 97.08 97.08
-28.995701 -51.754700 DCRS-00057 2026-09-12_01:05 16.7 -999.9 -999.9 97.0 -999.9 -999.9 16.2 -999.9 -999.9 1002.5 -999.9 -999.9 0.0 -999.9 1.8 0.0 0.0 0.0 55.0 55.2 57.4 57.4 16.8 16.6 97.1 96.7 2.6 DCRS_-_Cotiporã_-_Dois_Lajeados_(110_m) -999.9 -999.9 1002.7 1002.5 1002.5 16.3 16.1 0.0 Rio_Grande_do_Sul DCRS -999.9 0.0 0.0 96.83 96.89 96.76 -1 -0.01 97.08 97.08 97.08 97.08
-28.995701 -51.754700 DCRS-00057 2026-09-12_01:06 16.7 -999.9 -999.9 97.0 -999.9 -999.9 16.2 -999.9 -999.9 1002.5 -999.9 -999.9 0.0 -999.9 1.8 0.0 0.0 0.0 55.0 55.2 57.4 57.4 16.8 16.6 97.1 96.7 2.6 DCRS_-_Cotiporã_-_Dois_Lajeados_(110_m) -999.9 -999.9 1002.7 1002.5 1002.5 16.3 16.1 0.0 Rio_Grande_do_Sul DCRS -999.9 0.0 0.0 96.8 96.89 96.76 -1 -0.04 97.08 97.08 97.08 97.08
-28.995701 -51.754700 DCRS-00057 2026-09-12_01:07 16.7 -999.9 -999.9 97.0 -999.9 -999.9 16.2 -999.9 -999.9 1002.4 -999.9 -999.9 0.0 -999.9 1.8 0.0 0.0 0.0 55.0 55.2 57.4 57.4 16.8 16.6 97.1 96.7 2.6 DCRS_-_Cotiporã_-_Dois_Lajeados_(110_m) -999.9 -999.9 1002.7 1002.4 1002.4 16.3 16.1 0.0 Rio_Grande_do_Sul DCRS -999.9 0.0 0.0 96.8 96.89 96.76 -1 -0.04 97.08 97.08 97.08 97.08
-28.995701 -51.754700 DCRS-00057 2026-09-12_01:08 16.7 -999.9 -999.9 97.0 -999.9 -999.9 16.2 -999.9 -999.9 1002.5 -999.9 -999.9 -999.9 -999.9 1.8 0.0 0.0 0.0 55.0 55.2 57.4 57.4 16.8 16.6 97.1 96.7 2.6 DCRS_-_Cotiporã_-_Dois_Lajeados_(110_m) -999.9 -999.9 1002.7 1002.4 1002.5 16.3 16.1 0.0 Rio_Grande_do_Sul DCRS -999.9 0.0 0.0 96.77 96.89 96.76 -1 -0.02 97.08 97.08 97.08 97.08
-28.995701 -51.754700 DCRS-00057 2026-09-12_01:09 16.7 -999.9 -999.9 97.0 -999.9 -999.9 16.2 -999.9 -999.9 1002.5 -999.9 -999.9 -999.9 -999.9 1.8 0.0 0.0 0.0 55.0 55.2 57.4 57.4 16.8 16.6 97.1 96.7 2.6 DCRS_-_Cotiporã_-_Dois_Lajeados_(110_m) -999.9 -999.9 1002.7 1002.4 1002.5 16.3 16.1 0.0 Rio_Grande_do_Sul DCRS -999.9 0.0 0.0 96.75 96.89 96.75 -1 -0.1 97.08 97.08 97.08 97.08
-28.995701 -51.754700 DCRS-00057 2026-09-12_01:10 16.6 -999.9 -999.9 96.9 -999.9 -999.9 16.1 -999.9 -999.9 1002.4 -999.9 -999.9 0.0 -999.9 2.3 0.0 0.0 0.0 55.0 55.2 57.4 57.4 16.8 16.6 97.1 96.7 2.6 DCRS_-_Cotiporã_-_Dois_Lajeados_(110_m) -999.9 -999.9 1002.7 1002.4 1002.4 16.3 16.1 0.0 Rio_Grande_do_Sul DCRS -999.9 0.0 0.0 96.81 96.89 96.75 -1 -0.07 97.08 97.08 97.08 97.08
-28.995701 -51.754700 DCRS-00057 2026-09-12_01:11 16.7 -999.9 -999.9 96.9 -999.9 -999.9 16.2 -999.9 -999.9 1002.4 -999.9 -999.9 0.0 -999.9 2.3 0.0 0.0 0.0 55.0 55.2 57.4 57.4 16.8 16.6 97.1 96.7 2.6 DCRS_-_Cotiporã_-_Dois_Lajeados_(110_m) -999.9 -999.9 1002.7 1002.4 1002.4 16.3 16.1 0.0 Rio_Grande_do_Sul DCRS -999.9 0.0 0.0 96.81 96.89 96.75 -1 -0.02 97.08 97.08 97.08 97.08
-28.995701 -51.754700 DCRS-00057 2026-09-12_01:12 16.7 -999.9 -999.9 96.9 -999.9 -999.9 16.2 -999.9 -999.9 1002.4 -999.9 -999.9 1.9 -999.9 2.3 0.0 0.0 0.0 55.0 55.2 57.4 57.4 16.8 16.6 97.1 96.7 2.6 DCRS_-_Cotiporã_-_Dois_Lajeados_(110_m) -999.9 -999.9 1002.7 1002.4 1002.4 16.3 16.1 0.0 Rio_Grande_do_Sul DCRS -999.9 0.0 0.0 96.8 96.89 96.75 -1 -0.03 97.08 97.08 97.08 97.08
-28.995701 -51.754700 DCRS-00057 2026-09-12_01:13 16.7 -999.9 -999.9 96.9 -999.9 -999.9 16.2 -999.9 -999.9 1002.4 -999.9 -999.9 0.0 -999.9 2.3 0.0 0.0 0.0 55.0 55.2 57.4 57.4 16.8 16.6 97.1 96.7 2.6 DCRS_-_Cotiporã_-_Dois_Lajeados_(110_m) -999.9 -999.9 1002.7 1002.4 1002.4 16.3 16.1 0.0 Rio_Grande_do_Sul DCRS -999.9 0.0 0.0 96.87 96.89 96.75 -1 0.04 97.08 97.08 97.08 97.08
-28.995701 -51.754700 DCRS-00057 2026-09-12_01:14 16.7 -999.9 -999.9 96.9 -999.9 -999.9 16.2 -999.9 -999.9 1002.4 -999.9 -999.9 0.0 -999.9 2.3 0.0 0.0 0.0 55.0 55.2 57.4 57.4 16.8 16.6 97.1 96.7 2.6 DCRS_-_Cotiporã_-_Dois_Lajeados_(110_m) -999.9 -999.9 1002.7 1002.4 1002.4 16.3 16.1 0.0 Rio_Grande_do_Sul DCRS -999.9 0.0 0.0 96.77 96.89 96.75 -1 -0.05 97.08 97.08 97.08 97.08
-28.995701 -51.754700 DCRS-00057 2026-09-12_01:15 16.6 -999.9 -999.9 96.9 -999.9 -999.9 16.1 -999.9 -999.9 1002.4 -999.9 -999.9 0.0 -999.9 2.1 0.0 0.0 0.0 55.0 55.2 57.4 57.4 16.8 16.6 97.1 96.7 2.6 DCRS_-_Cotiporã_-_Dois_Lajeados_(110_m) -999.9 -999.9 1002.7 1002.4 1002.4 16.3 16.1 0.0 Rio_Grande_do_Sul DCRS -999.9 0.0 0.0 96.85 96.89 96.75 -1 0.03 97.08 97.08 97.08 97.08
-28.995701 -51.754700 DCRS-00057 2026-09-12_01:16 16.6 -999.9 -999.9 96.8 -999.9 -999.9 16.1 -999.9 -999.9 1002.4 -999.9 -999.9 0.0 -999.9 2.1 0.0 0.0 0.0 55.0 55.2 57.4 57.4 16.8 16.6 97.1 96.7 2.6 DCRS_-_Cotiporã_-_Dois_Lajeados_(110_m) -999.9 -999.9 1002.7 1002.4 1002.4 16.3 16.1 0.0 Rio_Grande_do_Sul DCRS -999.9 0.0 0.0 96.83 96.89 96.75 -1 0.01 97.08 97.08 97.08 97.08
-28.995701 -51.754700 DCRS-00057 2026-09-12_01:17 16.6 -999.9 -999.9 96.9 -999.9 -999.9 16.1 -999.9 -999.9 1002.4 -999.9 -999.9 0.0 -999.9 2.1 0.0 0.0 0.0 55.0 55.2 57.4 57.4 16.8 16.6 97.1 96.7 2.6 DCRS_-_Cotiporã_-_Dois_Lajeados_(110_m) -999.9 -999.9 1002.7 1002.4 1002.4 16.3 16.1 0.0 Rio_Grande_do_Sul DCRS -999.9 0.0 0.0 96.83 96.89 96.75 -1 -0.01 97.08 97.08 97.08 97.08
-28.995701 -51.754700 DCRS-00057 2026-09-12_01:18 16.6 -999.9 -999.9 96.9 -999.9 -999.9 16.1 -999.9 -999.9 1002.4 -999.9 -999.9 0.0 -999.9 2.1 0.0 0.0 0.0 55.0 55.2 57.4 57.4 16.8 16.6 97.1 96.7 2.6 DCRS_-_Cotiporã_-_Dois_Lajeados_(110_m) -999.9 -999.9 1002.7 1002.4 1002.4 16.3 16.1 0.0 Rio_Grande_do_Sul DCRS -999.9 0.0 0.0 96.84 96.89 96.75 -1 0.03 97.08 97.08 97.08 97.08
-28.995701 -51.754700 DCRS-00057 2026-09-12_01:19 16.6 -999.9 -999.9 96.9 -999.9 -999.9 16.1 -999.9 -999.9 1002.4 -999.9 -999.9 0.0 -999.9 2.1 0.0 0.0 0.0 55.0 55.2 57.4 57.4 16.8 16.6 97.1 96.7 2.6 DCRS_-_Cotiporã_-_Dois_Lajeados_(110_m) -999.9 -999.9 1002.7 1002.4 1002.4 16.3 16.1 0.0 Rio_Grande_do_Sul DCRS -999.9 0.0 0.0 96.82 96.89 96.75 -1 -0.07 97.08 97.08 97.08 97.08
-28.995701 -51.754700 DCRS-00057 2026-09-12_01:20 16.6 -999.9 -999.9 96.9 -999.9 -999.9 16.1 -999.9 -999.9 1002.4 -999.9 -999.9 0.0 -999.9 1.8 0.0 0.0 0.0 55.0 55.2 57.4 57.4 16.8 16.6 97.1 96.7 2.6 DCRS_-_Cotiporã_-_Dois_Lajeados_(110_m) -999.9 -999.9 1002.7 1002.4 1002.4 16.3 16.1 0.0 Rio_Grande_do_Sul DCRS -999.9 0.0 0.0 96.83 96.89 96.75 -1 0.01 97.08 97.08 97.08 97.08
-28.995701 -51.754700 DCRS-00057 2026-09-12_01:21 16.6 -999.9 -999.9 97.0 -999.9 -999.9 16.1 -999.9 -999.9 1002.5 -999.9 -999.9 0.0 -999.9 1.8 0.0 0.0 0.0 55.0 55.2 57.4 57.4 16.8 16.6 97.1 96.7 2.6 DCRS_-_Cotiporã_-_Dois_Lajeados_(110_m) -999.9 -999.9 1002.7 1002.4 1002.5 16.3 16.1 0.0 Rio_Grande_do_Sul DCRS -999.9 0.0 0.0 96.82 96.89 96.75 -1 -0.05 97.08 97.08 97.08 97.08
-28.995701 -51.754700 DCRS-00057 2026-09-12_01:22 16.6 -999.9 -999.9 97.0 -999.9 -999.9 16.1 -999.9 -999.9 1002.5 -999.9 -999.9 0.0 -999.9 1.8 0.0 0.0 0.0 55.0 55.2 57.4 57.4 16.8 16.6 97.1 96.7 2.6 DCRS_-_Cotiporã_-_Dois_Lajeados_(110_m) -999.9 -999.9 1002.7 1002.4 1002.5 16.3 16.1 0.0 Rio_Grande_do_Sul DCRS -999.9 0.0 0.0 96.81 96.89 96.75 -1 -0.06 97.08 97.08 97.08 97.08
-28.995701 -51.754700 DCRS-00057 2026-09-12_01:23 16.6 -999.9 -999.9 96.9 -999.9 -999.9 16.1 -999.9 -999.9 1002.5 -999.9 -999.9 0.0 -999.9 1.8 0.0 0.0 0.0 55.0 55.2 57.4 57.4 16.8 16.6 97.1 96.7 2.6 DCRS_-_Cotiporã_-_Dois_Lajeados_(110_m) -999.9 -999.9 1002.7 1002.4 1002.5 16.3 16.1 0.0 Rio_Grande_do_Sul DCRS -999.9 0.0 0.0 96.77 96.89 96.75 0 -0.05 97.08 97.08 97.08 97.08
-28.995701 -51.754700 DCRS-00057 2026-09-12_01:24 16.6 -999.9 -999.9 96.9 -999.9 -999.9 16.1 -999.9 -999.9 1002.5 -999.9 -999.9 0.0 -999.9 1.8 0.0 0.0 0.0 55.0 55.2 57.4 57.4 16.8 16.6 97.1 96.7 2.6 DCRS_-_Cotiporã_-_Dois_Lajeados_(110_m) -999.9 -999.9 1002.7 1002.4 1002.5 16.3 16.1 0.0 Rio_Grande_do_Sul DCRS -999.9 0.0 0.0 96.83 96.89 96.75 0 0.02 97.08 97.08 97.08 97.08
-28.995701 -51.754700 DCRS-00057 2026-09-12_01:25 16.7 -999.9 -999.9 97.0 -999.9 -999.9 16.2 -999.9 -999.9 1002.5 -999.9 -999.9 0.0 -999.9 1.8 0.0 0.0 0.0 55.0 55.2 57.4 57.4 16.8 16.6 97.1 96.7 2.6 DCRS_-_Cotiporã_-_Dois_Lajeados_(110_m) -999.9 -999.9 1002.7 1002.4 1002.5 16.3 16.1 0.0 Rio_Grande_do_Sul DCRS -999.9 0.0 0.0 96.8 96.89 96.75 -1 -0.04 97.08 97.08 97.08 97.08
-28.995701 -51.754700 DCRS-00057 2026-09-12_01:26 16.6 -999.9 -999.9 97.0 -999.9 -999.9 16.1 -999.9 -999.9 1002.6 -999.9 -999.9 0.0 -999.9 1.8 0.0 0.0 0.0 55.0 55.2 57.4 57.4 16.8 16.6 97.1 96.7 2.6 DCRS_-_Cotiporã_-_Dois_Lajeados_(110_m) -999.9 -999.9 1002.7 1002.4 1002.6 16.3 16.1 0.0 Rio_Grande_do_Sul DCRS -999.9 0.0 0.0 96.81 96.89 96.75 0 -0.05 97.08 97.08 97.08 97.08
-28.995701 -51.754700 DCRS-00057 2026-09-12_01:27 16.6 -999.9 -999.9 97.1 -999.9 -999.9 16.1 -999.9 -999.9 1002.7 -999.9 -999.9 0.0 -999.9 1.8 0.0 0.0 0.0 55.0 55.2 57.4 57.4 16.8 16.6 97.1 96.7 2.6 DCRS_-_Cotiporã_-_Dois_Lajeados_(110_m) -999.9 -999.9 1002.7 1002.4 1002.7 16.3 16.1 0.0 Rio_Grande_do_Sul DCRS -999.9 0.0 0.0 96.77 96.89 96.75 0 0.0 97.08 97.08 97.08 97.08
-28.995701 -51.754700 DCRS-00057 2026-09-12_01:28 16.7 -999.9 -999.9 97.0 -999.9 -999.9 16.2 -999.9 -999.9 1002.7 -999.9 -999.9 0.0 -999.9 1.8 0.0 0.0 0.0 55.0 55.2 57.4 57.4 16.8 16.6 97.1 96.7 2.6 DCRS_-_Cotiporã_-_Dois_Lajeados_(110_m) -999.9 -999.9 1002.7 1002.4 1002.7 16.3 16.1 0.0 Rio_Grande_do_Sul DCRS -999.9 0.0 0.0 96.81 96.89 96.75 0 0.04 97.08 97.08 97.08 97.08
-28.995701 -51.754700 DCRS-00057 2026-09-12_01:29 16.7 -999.9 -999.9 97.0 -999.9 -999.9 16.2 -999.9 -999.9 1002.7 -999.9 -999.9 0.0 -999.9 1.8 0.0 0.0 0.0 55.0 55.2 57.4 57.4 16.8 16.6 97.1 96.7 2.6 DCRS_-_Cotiporã_-_Dois_Lajeados_(110_m) -999.9 -999.9 1002.7 1002.4 1002.7 16.3 16.1 0.0 Rio_Grande_do_Sul DCRS -999.9 0.0 0.0 96.83 96.89 96.75 -1 -0.01 97.08 97.08 97.08 97.08
-28.995701 -51.754700 DCRS-00057 2026-09-12_01:30 16.6 -999.9 -999.9 97.0 -999.9 -999.9 16.1 -999.9 -999.9 1002.7 -999.9 -999.9 0.0 -999.9 0.0 0.0 0.0 0.0 55.0 55.2 57.4 57.4 16.8 16.6 97.1 96.7 2.6 DCRS_-_Cotiporã_-_Dois_Lajeados_(110_m) -999.9 -999.9 1002.7 1002.4 1002.7 16.3 16.1 0.0 Rio_Grande_do_Sul DCRS -999.9 0.0 0.0 96.82 96.89 96.75 0 0.0 97.08 97.08 97.08 97.08
-28.995701 -51.754700 DCRS-00057 2026-09-12_01:31 16.7 -999.9 -999.9 97.0 -999.9 -999.9 16.2 -999.9 -999.9 1002.8 -999.9 -999.9 0.0 -999.9 0.0 0.0 0.0 0.0 55.0 55.2 57.4 57.4 16.8 16.6 97.1 96.7 2.6 DCRS_-_Cotiporã_-_Dois_Lajeados_(110_m) -999.9 -999.9 1002.8 1002.4 1002.8 16.3 16.1 0.0 Rio_Grande_do_Sul DCRS -999.9 0.0 0.0 96.79 96.89 96.75 0 0.03 97.08 97.08 97.08 97.08
-28.995701 -51.754700 DCRS-00057 2026-09-12_01:32 16.6 -999.9 -999.9 97.1 -999.9 -999.9 16.1 -999.9 -999.9 1002.8 -999.9 -999.9 0.0 -999.9 0.0 0.0 0.0 0.0 55.0 55.2 57.4 57.4 16.8 16.6 97.1 96.7 2.6 DCRS_-_Cotiporã_-_Dois_Lajeados_(110_m) -999.9 -999.9 1002.8 1002.4 1002.8 16.3 16.1 0.0 Rio_Grande_do_Sul DCRS -999.9 0.0 0.0 96.84 96.89 96.75 0 0.04 97.08 97.08 97.08 97.08
-28.995701 -51.754700 DCRS-00057 2026-09-12_01:33 16.7 -999.9 -999.9 97.0 -999.9 -999.9 16.2 -999.9 -999.9 1002.8 -999.9 -999.9 0.0 -999.9 0.0 0.0 0.0 0.0 55.0 55.2 57.4 57.4 16.8 16.6 97.1 96.7 2.6 DCRS_-_Cotiporã_-_Dois_Lajeados_(110_m) -999.9 -999.9 1002.8 1002.4 1002.8 16.3 16.1 0.0 Rio_Grande_do_Sul DCRS -999.9 0.0 0.0 96.83 96.89 96.75 -1 -0.02 97.08 97.08 97.08 97.08
-28.995701 -51.754700 DCRS-00057 2026-09-12_01:34 16.7 -999.9 -999.9 97.1 -999.9 -999.9 16.2 -999.9 -999.9 1002.8 -999.9 -999.9 0.0 -999.9 0.0 0.0 0.0 0.0 55.0 55.2 57.4 57.4 16.8 16.6 97.1 96.7 2.6 DCRS_-_Cotiporã_-_Dois_Lajeados_(110_m) -999.9 -999.9 1002.8 1002.4 1002.8 16.3 16.1 0.0 Rio_Grande_do_Sul DCRS -999.9 0.0 0.0 96.77 96.89 96.75 -1 -0.08 97.08 97.08 97.08 97.08
-28.995701 -51.754700 DCRS-00057 2026-09-12_01:35 16.7 -999.9 -999.9 97.2 -999.9 -999.9 16.2 -999.9 -999.9 1002.8 -999.9 -999.9 0.0 -999.9 2.1 0.0 0.0 0.0 55.0 55.2 57.4 57.4 16.8 16.6 97.2 96.7 2.6 DCRS_-_Cotiporã_-_Dois_Lajeados_(110_m) -999.9 -999.9 1002.8 1002.4 1002.8 16.3 16.1 0.0 Rio_Grande_do_Sul DCRS -999.9 0.0 0.0 96.75 96.89 96.75 -1 -0.1 97.08 97.08 97.08 97.08
-28.995701 -51.754700 DCRS-00057 2026-09-12_01:36 16.7 -999.9 -999.9 97.1 -999.9 -999.9 16.2 -999.9 -999.9 1002.8 -999.9 -999.9 1.8 -999.9 2.1 0.0 0.0 0.0 55.0 55.2 57.4 57.4 16.8 16.6 97.2 96.7 2.6 DCRS_-_Cotiporã_-_Dois_Lajeados_(110_m) -999.9 -999.9 1002.8 1002.4 1002.8 16.3 16.1 0.0 Rio_Grande_do_Sul DCRS -999.9 0.0 0.0 96.81 96.89 96.75 -1 -0.01 97.08 97.08 97.08 97.08
-28.995701 -51.754700 DCRS-00057 2026-09-12_01:37 16.7 -999.9 -999.9 97.1 -999.9 -999.9 16.2 -999.9 -999.9 1002.8 -999.9 -999.9 0.0 -999.9 2.1 0.0 0.0 0.0 55.0 55.2 57.4 57.4 16.8 16.6 97.2 96.7 2.6 DCRS_-_Cotiporã_-_Dois_Lajeados_(110_m) -999.9 -999.9 1002.8 1002.4 1002.8 16.3 16.1 0.0 Rio_Grande_do_Sul DCRS -999.9 0.0 0.0 96.82 96.89 96.75 -1 -0.03 97.08 97.08 97.08 97.08
-28.995701 -51.754700 DCRS-00057 2026-09-12_01:38 16.7 -999.9 -999.9 97.1 -999.9 -999.9 16.2 -999.9 -999.9 1002.8 -999.9 -999.9 0.0 -999.9 2.1 0.0 0.0 0.0 55.0 55.2 57.4 57.4 16.8 16.6 97.2 96.7 2.6 DCRS_-_Cotiporã_-_Dois_Lajeados_(110_m) -999.9 -999.9 1002.8 1002.4 1002.8 16.3 16.1 0.0 Rio_Grande_do_Sul DCRS -999.9 0.0 0.0 96.79 96.89 96.75 -1 -0.06 97.08 97.08 97.08 97.08
-28.995701 -51.754700 DCRS-00057 2026-09-12_01:39 16.7 -999.9 -999.9 97.2 -999.9 -999.9 16.2 -999.9 -999.9 1002.8 -999.9 -999.9 0.0 -999.9 2.1 0.0 0.0 0.0 55.0 55.2 57.4 57.4 16.8 16.6 97.2 96.7 2.6 DCRS_-_Cotiporã_-_Dois_Lajeados_(110_m) -999.9 -999.9 1002.8 1002.4 1002.8 16.3 16.1 0.0 Rio_Grande_do_Sul DCRS -999.9 0.0 0.0 96.86 96.89 96.75 0 0.06 97.08 97.08 97.08 97.08
-28.995701 -51.754700 DCRS-00057 2026-09-12_01:40 16.7 -999.9 -999.9 97.1 -999.9 -999.9 16.2 -999.9 -999.9 1002.8 -999.9 -999.9 0.0 -999.9 2.0 0.0 0.0 0.0 55.0 55.2 57.4 57.4 16.8 16.6 97.2 96.7 2.6 DCRS_-_Cotiporã_-_Dois_Lajeados_(110_m) -999.9 -999.9 1002.8 1002.4 1002.8 16.3 16.1 0.0 Rio_Grande_do_Sul DCRS -999.9 0.0 0.0 96.84 96.89 96.75 0 0.0 97.08 97.08 97.08 97.08
-28.995701 -51.754700 DCRS-00057 2026-09-12_01:41 16.7 -999.9 -999.9 97.2 -999.9 -999.9 16.2 -999.9 -999.9 1002.8 -999.9 -999.9 0.0 -999.9 2.0 0.0 0.0 0.0 55.0 55.2 57.4 57.4 16.8 16.6 97.2 96.7 2.6 DCRS_-_Cotiporã_-_Dois_Lajeados_(110_m) -999.9 -999.9 1002.8 1002.4 1002.8 16.3 16.1 0.0 Rio_Grande_do_Sul DCRS -999.9 0.0 0.0 96.81 96.89 96.75 0 -0.03 97.08 97.08 97.08 97.08
-28.995701 -51.754700 DCRS-00057 2026-09-12_01:42 16.7 -999.9 -999.9 97.1 -999.9 -999.9 16.2 -999.9 -999.9 1002.8 -999.9 -999.9 2.0 -999.9 2.0 0.0 0.0 0.0 55.0 55.2 57.4 57.4 16.8 16.6 97.2 96.7 2.6 DCRS_-_Cotiporã_-_Dois_Lajeados_(110_m) -999.9 -999.9 1002.8 1002.4 1002.8 16.3 16.1 0.0 Rio_Grande_do_Sul DCRS -999.9 0.0 0.0 96.86 96.89 96.75 0 -0.02 97.08 97.08 97.08 97.08
-28.995701 -51.754700 DCRS-00057 2026-09-12_01:43 16.7 -999.9 -999.9 97.1 -999.9 -999.9 16.2 -999.9 -999.9 1002.8 -999.9 -999.9 -999.9 -999.9 2.0 0.0 0.0 0.0 55.0 55.2 57.4 57.4 16.8 16.6 97.2 96.7 2.6 DCRS_-_Cotiporã_-_Dois_Lajeados_(110_m) -999.9 -999.9 1002.8 1002.4 1002.8 16.3 16.1 0.0 Rio_Grande_do_Sul DCRS -999.9 0.0 0.0 96.82 96.89 96.75 1 0.06 97.08 97.08 97.08 97.08
-28.995701 -51.754700 DCRS-00057 2026-09-12_01:44 16.7 -999.9 -999.9 97.1 -999.9 -999.9 16.2 -999.9 -999.9 1002.8 -999.9 -999.9 0.0 -999.9 2.0 0.0 0.0 0.0 55.0 55.2 57.4 57.4 16.8 16.6 97.2 96.7 2.6 DCRS_-_Cotiporã_-_Dois_Lajeados_(110_m) -999.9 -999.9 1002.8 1002.4 1002.8 16.3 16.1 0.0 Rio_Grande_do_Sul DCRS -999.9 0.0 0.0 96.75 96.89 96.75 0 -0.09 97.08 97.08 97.08 97.08
-28.995701 -51.754700 DCRS-00057 2026-09-12_01:45 16.7 -999.9 -999.9 97.1 -999.9 -999.9 16.2 -999.9 -999.9 1002.8 -999.9 -999.9 0.0 -999.9 2.8 0.0 0.0 0.0 55.0 55.2 57.4 57.4 16.8 16.6 97.2 96.7 2.8 DCRS_-_Cotiporã_-_Dois_Lajeados_(110_m) -999.9 -999.9 1002.8 1002.4 1002.8 16.3 16.1 0.0 Rio_Grande_do_Sul DCRS -999.9 0.0 0.0 96.85 96.89 96.75 0 0.0 97.08 97.08 97.08 97.08
-28.995701 -51.754700 DCRS-00057 2026-09-12_01:46 16.7 -999.9 -999.9 97.1 -999.9 -999.9 16.2 -999.9 -999.9 1002.9 -999.9 -999.9 0.0 -999.9 2.8 0.0 0.0 0.0 55.0 55.2 57.4 57.4 16.8 16.6 97.2 96.7 2.8 DCRS_-_Cotiporã_-_Dois_Lajeados_(110_m) -999.9 -999.9 1002.9 1002.4 1002.9 16.3 16.1 0.0 Rio_Grande_do_Sul DCRS -999.9 0.0 0.0 96.81 96.89 96.75 0 0.03 97.08 97.08 97.08 97.08
-28.995701 -51.754700 DCRS-00057 2026-09-12_01:47 16.7 -999.9 -999.9 97.1 -999.9 -999.9 16.2 -999.9 -999.9 1002.9 -999.9 -999.9 0.0 -999.9 2.8 0.0 0.0 0.0 55.0 55.2 57.4 57.4 16.8 16.6 97.2 96.7 2.8 DCRS_-_Cotiporã_-_Dois_Lajeados_(110_m) -999.9 -999.9 1002.9 1002.4 1002.9 16.3 16.1 0.0 Rio_Grande_do_Sul DCRS -999.9 0.0 0.0 96.86 96.89 96.75 1 0.08 97.08 97.08 97.08 97.08
-28.995701 -51.754700 DCRS-00057 2026-09-12_01:48 16.7 -999.9 -999.9 97.1 -999.9 -999.9 16.2 -999.9 -999.9 1002.9 -999.9 -999.9 0.0 -999.9 2.8 0.0 0.0 0.0 55.0 55.2 57.4 57.4 16.8 16.6 97.2 96.7 2.8 DCRS_-_Cotiporã_-_Dois_Lajeados_(110_m) -999.9 -999.9 1002.9 1002.4 1002.9 16.3 16.1 0.0 Rio_Grande_do_Sul DCRS -999.9 0.0 0.0 96.8 96.89 96.75 0 -0.02 97.08 97.08 97.08 97.08
-28.995701 -51.754700 DCRS-00057 2026-09-12_01:49 16.7 -999.9 -999.9 97.1 -999.9 -999.9 16.2 -999.9 -999.9 1003.0 -999.9 -999.9 0.0 -999.9 2.8 0.0 0.0 0.0 55.0 55.2 57.4 57.4 16.8 16.6 97.2 96.7 2.8 DCRS_-_Cotiporã_-_Dois_Lajeados_(110_m) -999.9 -999.9 1003.0 1002.4 1003.0 16.3 16.1 0.0 Rio_Grande_do_Sul DCRS -999.9 0.0 0.0 96.81 96.89 96.75 0 0.01 97.08 97.08 97.08 97.08
-28.995701 -51.754700 DCRS-00057 2026-09-12_01:50 16.7 -999.9 -999.9 97.0 -999.9 -999.9 16.2 -999.9 -999.9 1003.0 -999.9 -999.9 0.0 -999.9 2.0 0.0 0.0 0.0 55.0 55.2 57.4 57.4 16.8 16.6 97.2 96.7 2.8 DCRS_-_Cotiporã_-_Dois_Lajeados_(110_m) -999.9 -999.9 1003.0 1002.4 1003.0 16.3 16.1 0.0 Rio_Grande_do_Sul DCRS -999.9 0.0 0.0 96.76 96.89 96.75 0 -0.07 97.08 97.08 97.08 97.08
-28.995701 -51.754700 DCRS-00057 2026-09-12_01:51 16.7 -999.9 -999.9 97.0 -999.9 -999.9 16.2 -999.9 -999.9 1003.0 -999.9 -999.9 0.0 -999.9 2.0 0.0 0.0 0.0 55.0 55.2 57.4 57.4 16.8 16.6 97.2 96.7 2.8 DCRS_-_Cotiporã_-_Dois_Lajeados_(110_m) -999.9 -999.9 1003.0 1002.4 1003.0 16.3 16.1 0.0 Rio_Grande_do_Sul DCRS -999.9 0.0 0.0 96.83 96.89 96.75 0 -0.05 97.08 97.08 97.08 97.08
-28.995701 -51.754700 DCRS-00057 2026-09-12_01:52 16.8 -999.9 -999.9 97.1 -999.9 -999.9 16.3 -999.9 -999.9 1003.0 -999.9 -999.9 0.0 -999.9 2.0 0.0 0.0 0.0 55.0 55.2 57.4 57.4 16.8 16.6 97.2 96.7 2.8 DCRS_-_Cotiporã_-_Dois_Lajeados_(110_m) -999.9 -999.9 1003.0 1002.4 1003.0 16.3 16.1 0.0 Rio_Grande_do_Sul DCRS -999.9 0.0 0.0 96.76 96.89 96.75 0 -0.12 97.08 97.08 97.08 97.08
-28.995701 -51.754700 DCRS-00057 2026-09-12_01:53 16.7 -999.9 -999.9 97.0 -999.9 -999.9 16.2 -999.9 -999.9 1003.0 -999.9 -999.9 0.0 -999.9 2.0 0.0 0.0 0.0 55.0 55.2 57.4 57.4 16.8 16.6 97.2 96.7 2.8 DCRS_-_Cotiporã_-_Dois_Lajeados_(110_m) -999.9 -999.9 1003.0 1002.4 1003.0 16.3 16.1 0.0 Rio_Grande_do_Sul DCRS -999.9 0.0 0.0 96.77 96.89 96.75 1 0.0 97.08 97.08 97.08 97.08
-28.995701 -51.754700 DCRS-00057 2026-09-12_01:54 16.7 -999.9 -999.9 97.0 -999.9 -999.9 16.2 -999.9 -999.9 1003.0 -999.9 -999.9 -999.9 -999.9 2.0 0.0 0.0 0.0 55.0 55.2 57.4 57.4 16.8 16.6 97.2 96.7 2.8 DCRS_-_Cotiporã_-_Dois_Lajeados_(110_m) -999.9 -999.9 1003.0 1002.4 1003.0 16.3 16.1 0.0 Rio_Grande_do_Sul DCRS -999.9 0.0 0.0 96.81 96.89 96.75 0 -0.03 97.08 97.08 97.08 97.08
-28.995701 -51.754700 DCRS-00057 2026-09-12_01:55 16.6 -999.9 -999.9 97.0 -999.9 -999.9 16.1 -999.9 -999.9 1003.0 -999.9 -999.9 0.0 -999.9 2.6 0.0 0.0 0.0 55.0 55.2 57.4 57.4 16.8 16.6 97.2 96.7 2.8 DCRS_-_Cotiporã_-_Dois_Lajeados_(110_m) -999.9 -999.9 1003.0 1002.4 1003.0 16.3 16.1 0.0 Rio_Grande_do_Sul DCRS -999.9 0.0 0.0 96.81 96.89 96.75 0 -0.03 97.08 97.08 97.08 97.08
-28.995701 -51.754700 DCRS-00057 2026-09-12_01:56 16.6 -999.9 -999.9 96.9 -999.9 -999.9 16.1 -999.9 -999.9 1003.0 -999.9 -999.9 0.0 -999.9 2.6 0.0 0.0 0.0 55.0 55.2 57.4 57.4 16.8 16.6 97.2 96.7 2.8 DCRS_-_Cotiporã_-_Dois_Lajeados_(110_m) -999.9 -999.9 1003.0 1002.4 1003.0 16.3 16.1 0.0 Rio_Grande_do_Sul DCRS -999.9 0.0 0.0 96.77 96.89 96.75 0 -0.04 97.08 97.08 97.08 97.08
-28.995701 -51.754700 DCRS-00057 2026-09-12_01:57 16.6 -999.9 -999.9 96.9 -999.9 -999.9 16.1 -999.9 -999.9 1003.0 -999.9 -999.9 0.0 -999.9 2.6 0.0 0.0 0.0 55.0 55.2 57.4 57.4 16.8 16.6 97.2 96.7 2.8 DCRS_-_Cotiporã_-_Dois_Lajeados_(110_m) -999.9 -999.9 1003.0 1002.4 1003.0 16.3 16.1 0.0 Rio_Grande_do_Sul DCRS -999.9 0.0 0.0 96.74 96.89 96.74 0 -0.1 97.08 97.08 97.08 97.08
-28.995701 -51.754700 DCRS-00057 2026-09-12_01:58 16.6 -999.9 -999.9 96.8 -999.9 -999.9 16.1 -999.9 -999.9 1003.0 -999.9 -999.9 2.1 -999.9 2.6 0.0 0.0 0.0 55.0 55.2 57.4 57.4 16.8 16.6 97.2 96.7 2.8 DCRS_-_Cotiporã_-_Dois_Lajeados_(110_m) -999.9 -999.9 1003.0 1002.4 1003.0 16.3 16.1 0.0 Rio_Grande_do_Sul DCRS -999.9 0.0 0.0 96.79 96.89 96.74 0 0.02 97.08 97.08 97.08 97.08
-28.995701 -51.754700 DCRS-00057 2026-09-12_02:00 16.6 -999.9 -999.9 96.7 -999.9 -999.9 16.1 -999.9 -999.9 1003.0 -999.9 -999.9 0.0 -999.9 2.3 0.0 0.0 0.0 55.0 55.2 57.4 57.4 16.8 16.6 97.2 96.7 2.8 DCRS_-_Cotiporã_-_Dois_Lajeados_(110_m) -999.9 -999.9 1003.0 1002.4 1003.0 16.3 16.1 0.0 Rio_Grande_do_Sul DCRS -999.9 0.0 0.0 96.8 96.89 96.74 -1 0.01 97.08 97.08 97.08 97.08
-28.995701 -51.754700 DCRS-00057 2026-09-12_02:01 16.6 -999.9 -999.9 96.6 -999.9 -999.9 16.1 -999.9 -999.9 1003.0 -999.9 -999.9 0.0 -999.9 2.3 0.0 0.0 0.0 55.0 55.2 57.4 57.4 16.8 16.6 97.2 96.6 2.8 DCRS_-_Cotiporã_-_Dois_Lajeados_(110_m) -999.9 -999.9 1003.0 1002.4 1003.0 16.3 16.1 0.0 Rio_Grande_do_Sul DCRS -999.9 0.0 0.0 96.79 96.89 96.74 -1 -0.04 97.08 97.08 97.08 97.08
-28.995701 -51.754700 DCRS-00057 2026-09-12_02:02 16.6 -999.9 -999.9 96.6 -999.9 -999.9 16.1 -999.9 -999.9 1003.0 -999.9 -999.9 0.0 -999.9 2.3 0.0 0.0 0.0 55.0 55.2 57.4 57.4 16.8 16.6 97.2 96.6 2.8 DCRS_-_Cotiporã_-_Dois_Lajeados_(110_m) -999.9 -999.9 1003.0 1002.4 1003.0 16.3 16.1 0.0 Rio_Grande_do_Sul DCRS -999.9 0.0 0.0 96.86 96.89 96.74 -1 0.03 97.08 97.08 97.08 97.08
-28.995701 -51.754700 DCRS-00057 2026-09-12_02:03 16.6 -999.9 -999.9 96.6 -999.9 -999.9 16.1 -999.9 -999.9 1003.0 -999.9 -999.9 0.0 -999.9 2.3 0.0 0.0 0.0 55.0 55.2 57.4 57.4 16.8 16.6 97.2 96.6 2.8 DCRS_-_Cotiporã_-_Dois_Lajeados_(110_m) -999.9 -999.9 1003.0 1002.4 1003.0 16.3 16.1 0.0 Rio_Grande_do_Sul DCRS -999.9 0.0 0.0 96.73 96.89 96.73 -1 -0.11 97.08 97.08 97.08 97.08
-28.995701 -51.754700 DCRS-00057 2026-09-12_02:04 16.6 -999.9 -999.9 96.7 -999.9 -999.9 16.1 -999.9 -999.9 1003.0 -999.9 -999.9 0.0 -999.9 2.3 0.0 0.0 0.0 55.0 55.2 57.4 57.4 16.8 16.6 97.2 96.6 2.8 DCRS_-_Cotiporã_-_Dois_Lajeados_(110_m) -999.9 -999.9 1003.0 1002.4 1003.0 16.3 16.1 0.0 Rio_Grande_do_Sul DCRS -999.9 0.0 0.0 96.84 96.89 96.73 -1 0.06 97.08 97.08 97.08 97.08
-28.995701 -51.754700 DCRS-00057 2026-09-12_02:05 16.6 -999.9 -999.9 96.6 -999.9 -999.9 16.1 -999.9 -999.9 1003.0 -999.9 -999.9 0.0 -999.9 1.8 0.0 0.0 0.0 55.0 55.2 57.4 57.4 16.8 16.6 97.2 96.6 2.8 DCRS_-_Cotiporã_-_Dois_Lajeados_(110_m) -999.9 -999.9 1003.0 1002.4 1003.0 16.3 16.1 0.0 Rio_Grande_do_Sul DCRS -999.9 0.0 0.0 96.84 96.89 96.73 -1 0.01 97.08 97.08 97.08 97.08
-28.995701 -51.754700 DCRS-00057 2026-09-12_02:06 16.6 -999.9 -999.9 96.7 -999.9 -999.9 16.1 -999.9 -999.9 1003.0 -999.9 -999.9 0.0 -999.9 1.8 0.0 0.0 0.0 55.0 55.2 57.4 57.4 16.8 16.6 97.2 96.6 2.8 DCRS_-_Cotiporã_-_Dois_Lajeados_(110_m) -999.9 -999.9 1003.0 1002.4 1003.0 16.3 16.1 0.0 Rio_Grande_do_Sul DCRS -999.9 0.0 0.0 96.79 96.89 96.73 -1 -0.01 97.08 97.08 97.08 97.08
-28.995701 -51.754700 DCRS-00057 2026-09-12_02:07 16.6 -999.9 -999.9 96.6 -999.9 -999.9 16.1 -999.9 -999.9 1003.0 -999.9 -999.9 0.0 -999.9 1.8 0.0 0.0 0.0 55.0 55.2 57.4 57.4 16.8 16.6 97.2 96.6 2.8 DCRS_-_Cotiporã_-_Dois_Lajeados_(110_m) -999.9 -999.9 1003.0 1002.4 1003.0 16.3 16.1 0.0 Rio_Grande_do_Sul DCRS -999.9 0.0 0.0 96.79 96.89 96.73 -1 -0.01 97.08 97.08 97.08 97.08
-28.995701 -51.754700 DCRS-00057 2026-09-12_02:08 16.6 -999.9 -999.9 96.7 -999.9 -999.9 16.1 -999.9 -999.9 1002.9 -999.9 -999.9 0.0 -999.9 1.8 0.0 0.0 0.0 55.0 55.2 57.4 57.4 16.8 16.6 97.2 96.6 2.8 DCRS_-_Cotiporã_-_Dois_Lajeados_(110_m) -999.9 -999.9 1003.0 1002.4 1002.9 16.3 16.1 0.0 Rio_Grande_do_Sul DCRS -999.9 0.0 0.0 96.78 96.89 96.73 -1 0.01 97.08 97.08 97.08 97.08
-28.995701 -51.754700 DCRS-00057 2026-09-12_02:09 16.6 -999.9 -999.9 96.6 -999.9 -999.9 16.1 -999.9 -999.9 1002.9 -999.9 -999.9 0.0 -999.9 1.8 0.0 0.0 0.0 55.0 55.2 57.4 57.4 16.8 16.6 97.2 96.6 2.8 DCRS_-_Cotiporã_-_Dois_Lajeados_(110_m) -999.9 -999.9 1003.0 1002.4 1002.9 16.3 16.1 0.0 Rio_Grande_do_Sul DCRS -999.9 0.0 0.0 96.82 96.89 96.73 -1 0.07 97.08 97.08 97.08 97.08
-28.995701 -51.754700 DCRS-00057 2026-09-12_02:11 16.6 -999.9 -999.9 96.7 -999.9 -999.9 16.1 -999.9 -999.9 1002.9 -999.9 -999.9 0.0 -999.9 1.8 0.0 0.0 0.0 55.0 55.2 57.4 57.4 16.8 16.6 97.2 96.6 2.8 DCRS_-_Cotiporã_-_Dois_Lajeados_(110_m) -999.9 -999.9 1003.0 1002.4 1002.9 16.3 16.1 0.0 Rio_Grande_do_Sul DCRS -999.9 0.0 0.0 96.83 96.89 96.73 -1 0.02 97.08 97.08 97.08 97.08
-28.995701 -51.754700 DCRS-00057 2026-09-12_02:12 16.6 -999.9 -999.9 96.5 -999.9 -999.9 16.0 -999.9 -999.9 1002.9 -999.9 -999.9 0.0 -999.9 1.8 0.0 0.0 0.0 55.0 55.2 57.4 57.4 16.8 16.6 97.2 96.5 2.8 DCRS_-_Cotiporã_-_Dois_Lajeados_(110_m) -999.9 -999.9 1003.0 1002.4 1002.9 16.3 16.0 0.0 Rio_Grande_do_Sul DCRS -999.9 0.0 0.0 96.82 96.89 96.73 -1 0.02 97.08 97.08 97.08 97.08
-28.995701 -51.754700 DCRS-00057 2026-09-12_02:13 16.5 -999.9 -999.9 96.5 -999.9 -999.9 15.9 -999.9 -999.9 1002.9 -999.9 -999.9 0.0 -999.9 1.8 0.0 0.0 0.0 55.0 55.2 57.4 57.4 16.8 16.5 97.2 96.5 2.8 DCRS_-_Cotiporã_-_Dois_Lajeados_(110_m) -999.9 -999.9 1003.0 1002.4 1002.9 16.3 15.9 0.0 Rio_Grande_do_Sul DCRS -999.9 0.0 0.0 96.83 96.89 96.73 -1 -0.04 97.08 97.08 97.08 97.08
-28.995701 -51.754700 DCRS-00057 2026-09-12_02:15 16.5 -999.9 -999.9 96.3 -999.9 -999.9 15.9 -999.9 -999.9 1002.9 -999.9 -999.9 0.0 -999.9 1.9 0.0 0.0 0.0 55.0 55.2 57.4 57.4 16.8 16.5 97.2 96.3 2.8 DCRS_-_Cotiporã_-_Dois_Lajeados_(110_m) -999.9 -999.9 1003.0 1002.4 1002.9 16.3 15.9 0.0 Rio_Grande_do_Sul DCRS -999.9 0.0 0.0 96.76 96.89 96.73 -1 -0.09 97.08 97.08 97.08 97.08
-28.995701 -51.754700 DCRS-00057 2026-09-12_02:16 16.4 -999.9 -999.9 96.2 -999.9 -999.9 15.8 -999.9 -999.9 1002.9 -999.9 -999.9 0.0 -999.9 1.9 0.0 0.0 0.0 55.0 55.2 57.4 57.4 16.8 16.4 97.2 96.2 2.8 DCRS_-_Cotiporã_-_Dois_Lajeados_(110_m) -999.9 -999.9 1003.0 1002.4 1002.9 16.3 15.8 0.0 Rio_Grande_do_Sul DCRS -999.9 0.0 0.0 96.8 96.89 96.73 -1 -0.03 97.08 97.08 97.08 97.08
-28.995701 -51.754700 DCRS-00057 2026-09-12_02:17 16.5 -999.9 -999.9 96.2 -999.9 -999.9 15.9 -999.9 -999.9 1002.9 -999.9 -999.9 0.0 -999.9 1.9 0.0 0.0 0.0 55.0 55.2 57.4 57.4 16.8 16.4 97.2 96.2 2.8 DCRS_-_Cotiporã_-_Dois_Lajeados_(110_m) -999.9 -999.9 1003.0 1002.4 1002.9 16.3 15.8 0.0 Rio_Grande_do_Sul DCRS -999.9 0.0 0.0 96.79 96.89 96.73 -1 -0.05 97.08 97.08 97.08 97.08
-28.995701 -51.754700 DCRS-00057 2026-09-12_02:18 16.5 -999.9 -999.9 96.2 -999.9 -999.9 15.9 -999.9 -999.9 1003.0 -999.9 -999.9 0.0 -999.9 1.9 0.0 0.0 0.0 55.0 55.2 57.4 57.4 16.8 16.4 97.2 96.2 2.8 DCRS_-_Cotiporã_-_Dois_Lajeados_(110_m) -999.9 -999.9 1003.0 1002.4 1003.0 16.3 15.8 0.0 Rio_Grande_do_Sul DCRS -999.9 0.0 0.0 96.74 96.89 96.73 -1 -0.1 97.08 97.08 97.08 97.08
-28.995701 -51.754700 DCRS-00057 2026-09-12_02:19 16.5 -999.9 -999.9 96.1 -999.9 -999.9 15.9 -999.9 -999.9 1003.0 -999.9 -999.9 0.0 -999.9 1.9 0.0 0.0 0.0 55.0 55.2 57.4 57.4 16.8 16.4 97.2 96.1 2.8 DCRS_-_Cotiporã_-_Dois_Lajeados_(110_m) -999.9 -999.9 1003.0 1002.4 1003.0 16.3 15.8 0.0 Rio_Grande_do_Sul DCRS -999.9 0.0 0.0 96.86 96.89 96.73 -1 0.04 97.08 97.08 97.08 97.08
-28.995701 -51.754700 DCRS-00057 2026-09-12_02:20 16.5 -999.9 -999.9 96.0 -999.9 -999.9 15.9 -999.9 -999.9 1003.0 -999.9 -999.9 0.0 -999.9 1.8 0.0 0.0 0.0 55.0 55.2 57.4 57.4 16.8 16.4 97.2 96.0 2.8 DCRS_-_Cotiporã_-_Dois_Lajeados_(110_m) -999.9 -999.9 1003.0 1002.4 1003.0 16.3 15.8 0.0 Rio_Grande_do_Sul DCRS -999.9 0.0 0.0 96.82 96.89 96.73 -1 -0.01 97.08 97.08 97.08 97.08
-28.995701 -51.754700 DCRS-00057 2026-09-12_02:21 16.5 -999.9 -999.9 96.1 -999.9 -999.9 15.9 -999.9 -999.9 1003.1 -999.9 -999.9 0.0 -999.9 1.8 0.0 0.0 0.0 55.0 55.2 57.4 57.4 16.8 16.4 97.2 96.0 2.8 DCRS_-_Cotiporã_-_Dois_Lajeados_(110_m) -999.9 -999.9 1003.1 1002.4 1003.1 16.3 15.8 0.0 Rio_Grande_do_Sul DCRS -999.9 0.0 0.0 96.83 96.89 96.73 0 0.01 97.08 97.08 97.08 97.08
-28.995701 -51.754700 DCRS-00057 2026-09-12_02:22 16.4 -999.9 -999.9 96.1 -999.9 -999.9 15.8 -999.9 -999.9 1003.1 -999.9 -999.9 0.0 -999.9 1.8 0.0 0.0 0.0 55.0 55.2 57.4 57.4 16.8 16.4 97.2 96.0 2.8 DCRS_-_Cotiporã_-_Dois_Lajeados_(110_m) -999.9 -999.9 1003.1 1002.4 1003.1 16.3 15.8 0.0 Rio_Grande_do_Sul DCRS -999.9 0.0 0.0 96.8 96.89 96.73 0 -0.01 97.08 97.08 97.08 97.08
-28.995701 -51.754700 DCRS-00057 2026-09-12_02:23 16.5 -999.9 -999.9 96.1 -999.9 -999.9 15.9 -999.9 -999.9 1003.1 -999.9 -999.9 0.0 -999.9 1.8 0.0 0.0 0.0 55.0 55.2 57.4 57.4 16.8 16.4 97.2 96.0 2.8 DCRS_-_Cotiporã_-_Dois_Lajeados_(110_m) -999.9 -999.9 1003.1 1002.4 1003.1 16.3 15.8 0.0 Rio_Grande_do_Sul DCRS -999.9 0.0 0.0 96.82 96.89 96.73 0 0.05 97.08 97.08 97.08 97.08
-28.995701 -51.754700 DCRS-00057 2026-09-12_02:24 16.5 -999.9 -999.9 96.2 -999.9 -999.9 15.9 -999.9 -999.9 1003.1 -999.9 -999.9 1.8 -999.9 1.8 0.0 0.0 0.0 55.0 55.2 57.4 57.4 16.8 16.4 97.2 96.0 2.8 DCRS_-_Cotiporã_-_Dois_Lajeados_(110_m) -999.9 -999.9 1003.1 1002.4 1003.1 16.3 15.8 0.0 Rio_Grande_do_Sul DCRS -999.9 0.0 0.0 96.85 96.89 96.73 0 0.02 97.08 97.08 97.08 97.08
-28.995701 -51.754700 DCRS-00057 2026-09-12_02:25 16.5 -999.9 -999.9 96.1 -999.9 -999.9 15.9 -999.9 -999.9 1003.1 -999.9 -999.9 0.0 -999.9 1.9 0.0 0.0 0.0 55.0 55.2 57.4 57.4 16.8 16.4 97.2 96.0 2.8 DCRS_-_Cotiporã_-_Dois_Lajeados_(110_m) -999.9 -999.9 1003.1 1002.4 1003.1 16.3 15.8 0.0 Rio_Grande_do_Sul DCRS -999.9 0.0 0.0 96.84 96.89 96.73 0 0.03 97.08 97.08 97.08 97.08
-28.995701 -51.754700 DCRS-00057 2026-09-12_02:26 16.5 -999.9 -999.9 96.1 -999.9 -999.9 15.9 -999.9 -999.9 1003.1 -999.9 -999.9 0.0 -999.9 1.9 0.0 0.0 0.0 55.0 55.2 57.4 57.4 16.8 16.4 97.2 96.0 2.8 DCRS_-_Cotiporã_-_Dois_Lajeados_(110_m) -999.9 -999.9 1003.1 1002.4 1003.1 16.3 15.8 0.0 Rio_Grande_do_Sul DCRS -999.9 0.0 0.0 96.8 96.89 96.73 0 -0.01 97.08 97.08 97.08 97.08
-28.995701 -51.754700 DCRS-00057 2026-09-12_02:27 16.4 -999.9 -999.9 96.0 -999.9 -999.9 15.8 -999.9 -999.9 1003.1 -999.9 -999.9 0.0 -999.9 1.9 0.0 0.0 0.0 55.0 55.2 57.4 57.4 16.8 16.4 97.2 96.0 2.8 DCRS_-_Cotiporã_-_Dois_Lajeados_(110_m) -999.9 -999.9 1003.1 1002.4 1003.1 16.3 15.8 0.0 Rio_Grande_do_Sul DCRS -999.9 0.0 0.0 96.8 96.89 96.73 0 0.03 97.08 97.08 97.08 97.08
-28.995701 -51.754700 DCRS-00057 2026-09-12_02:28 16.4 -999.9 -999.9 96.1 -999.9 -999.9 15.8 -999.9 -999.9 1003.1 -999.9 -999.9 0.0 -999.9 1.9 0.0 0.0 0.0 55.0 55.2 57.4 57.4 16.8 16.4 97.2 96.0 2.8 DCRS_-_Cotiporã_-_Dois_Lajeados_(110_m) -999.9 -999.9 1003.1 1002.4 1003.1 16.3 15.8 0.0 Rio_Grande_do_Sul DCRS -999.9 0.0 0.0 96.8 96.89 96.73 0 -0.03 97.08 97.08 97.08 97.08
-28.995701 -51.754700 DCRS-00057 2026-09-12_02:29 16.4 -999.9 -999.9 96.1 -999.9 -999.9 15.8 -999.9 -999.9 1003.1 -999.9 -999.9 0.0 -999.9 1.9 0.0 0.0 0.0 55.0 55.2 57.4 57.4 16.8 16.4 97.2 96.0 2.8 DCRS_-_Cotiporã_-_Dois_Lajeados_(110_m) -999.9 -999.9 1003.1 1002.4 1003.1 16.3 15.8 0.0 Rio_Grande_do_Sul DCRS -999.9 0.0 0.0 96.84 96.89 96.73 0 0.01 97.08 97.08 97.08 97.08
-28.995701 -51.754700 DCRS-00057 2026-09-12_02:30 16.4 -999.9 -999.9 96.2 -999.9 -999.9 15.8 -999.9 -999.9 1003.1 -999.9 -999.9 0.0 -999.9 0.0 0.0 0.0 0.0 55.0 55.2 57.4 57.4 16.8 16.4 97.2 96.0 2.8 DCRS_-_Cotiporã_-_Dois_Lajeados_(110_m) -999.9 -999.9 1003.1 1002.4 1003.1 16.3 15.8 0.0 Rio_Grande_do_Sul DCRS -999.9 0.0 0.0 96.83 96.89 96.73 0 0.04 97.08 97.08 97.08 97.08
-28.995701 -51.754700 DCRS-00057 2026-09-12_02:31 16.4 -999.9 -999.9 96.2 -999.9 -999.9 15.8 -999.9 -999.9 1003.1 -999.9 -999.9 0.0 -999.9 0.0 0.0 0.0 0.0 55.0 55.2 57.4 57.4 16.8 16.4 97.2 96.0 2.8 DCRS_-_Cotiporã_-_Dois_Lajeados_(110_m) -999.9 -999.9 1003.1 1002.4 1003.1 16.3 15.8 0.0 Rio_Grande_do_Sul DCRS -999.9 0.0 0.0 96.73 96.89 96.73 0 -0.06 97.08 97.08 97.08 97.08
-28.995701 -51.754700 DCRS-00057 2026-09-12_02:32 16.4 -999.9 -999.9 96.3 -999.9 -999.9 15.8 -999.9 -999.9 1003.1 -999.9 -999.9 0.0 -999.9 0.0 0.0 0.0 0.0 55.0 55.2 57.4 57.4 16.8 16.4 97.2 96.0 2.8 DCRS_-_Cotiporã_-_Dois_Lajeados_(110_m) -999.9 -999.9 1003.1 1002.4 1003.1 16.3 15.8 0.0 Rio_Grande_do_Sul DCRS -999.9 0.0 0.0 96.85 96.89 96.73 0 0.01 97.08 97.08 97.08 97.08
-28.995701 -51.754700 DCRS-00057 2026-09-12_02:33 16.4 -999.9 -999.9 96.2 -999.9 -999.9 15.8 -999.9 -999.9 1003.1 -999.9 -999.9 0.0 -999.9 0.0 0.0 0.0 0.0 55.0 55.2 57.4 57.4 16.8 16.4 97.2 96.0 2.8 DCRS_-_Cotiporã_-_Dois_Lajeados_(110_m) -999.9 -999.9 1003.1 1002.4 1003.1 16.3 15.8 0.0 Rio_Grande_do_Sul DCRS -999.9 0.0 0.0 96.82 96.89 96.73 0 -0.01 97.08 97.08 97.08 97.08
-28.995701 -51.754700 DCRS-00057 2026-09-12_02:34 16.4 -999.9 -999.9 96.2 -999.9 -999.9 15.8 -999.9 -999.9 1003.1 -999.9 -999.9 0.0 -999.9 0.0 0.0 0.0 0.0 55.0 55.2 57.4 57.4 16.8 16.4 97.2 96.0 2.8 DCRS_-_Cotiporã_-_Dois_Lajeados_(110_m) -999.9 -999.9 1003.1 1002.4 1003.1 16.3 15.8 0.0 Rio_Grande_do_Sul DCRS -999.9 0.0 0.0 96.85 96.89 96.73 1 0.08 97.08 97.08 97.08 97.08
-28.995701 -51.754700 DCRS-00057 2026-09-12_02:35 16.3 -999.9 -999.9 96.3 -999.9 -999.9 15.7 -999.9 -999.9 1003.1 -999.9 -999.9 0.0 -999.9 0.0 0.0 0.0 0.0 55.0 55.2 57.4 57.4 16.8 16.3 97.2 96.0 2.8 DCRS_-_Cotiporã_-_Dois_Lajeados_(110_m) -999.9 -999.9 1003.1 1002.4 1003.1 16.3 15.7 0.0 Rio_Grande_do_Sul DCRS -999.9 0.0 0.0 96.79 96.89 96.73 1 0.04 97.08 97.08 97.08 97.08
-28.995701 -51.754700 DCRS-00057 2026-09-12_02:36 16.3 -999.9 -999.9 96.2 -999.9 -999.9 15.7 -999.9 -999.9 1003.1 -999.9 -999.9 0.0 -999.9 0.0 0.0 0.0 0.0 55.0 55.2 57.4 57.4 16.8 16.3 97.2 96.0 2.8 DCRS_-_Cotiporã_-_Dois_Lajeados_(110_m) -999.9 -999.9 1003.1 1002.4 1003.1 16.3 15.7 0.0 Rio_Grande_do_Sul DCRS -999.9 0.0 0.0 96.8 96.89 96.73 0 -0.01 97.08 97.08 97.08 97.08
-28.995701 -51.754700 DCRS-00057 2026-09-12_02:37 16.3 -999.9 -999.9 96.3 -999.9 -999.9 15.7 -999.9 -999.9 1003.1 -999.9 -999.9 0.0 -999.9 0.0 0.0 0.0 0.0 55.0 55.2 57.4 57.4 16.8 16.3 97.2 96.0 2.8 DCRS_-_Cotiporã_-_Dois_Lajeados_(110_m) -999.9 -999.9 1003.1 1002.4 1003.1 16.3 15.7 0.0 Rio_Grande_do_Sul DCRS -999.9 0.0 0.0 96.83 96.89 96.73 0 0.01 97.08 97.08 97.08 97.08
-28.995701 -51.754700 DCRS-00057 2026-09-12_02:38 16.4 -999.9 -999.9 96.3 -999.9 -999.9 15.8 -999.9 -999.9 1003.2 -999.9 -999.9 0.0 -999.9 0.0 0.0 0.0 0.0 55.0 55.2 57.4 57.4 16.8 16.3 97.2 96.0 2.8 DCRS_-_Cotiporã_-_Dois_Lajeados_(110_m) -999.9 -999.9 1003.2 1002.4 1003.2 16.3 15.7 0.0 Rio_Grande_do_Sul DCRS -999.9 0.0 0.0 96.76 96.89 96.73 0 -0.1 97.08 97.08 97.08 97.08
-28.995701 -51.754700 DCRS-00057 2026-09-12_02:39 16.3 -999.9 -999.9 96.3 -999.9 -999.9 15.7 -999.9 -999.9 1003.2 -999.9 -999.9 0.0 -999.9 0.0 0.0 0.0 0.0 55.0 55.2 57.4 57.4 16.8 16.3 97.2 96.0 2.8 DCRS_-_Cotiporã_-_Dois_Lajeados_(110_m) -999.9 -999.9 1003.2 1002.4 1003.2 16.3 15.7 0.0 Rio_Grande_do_Sul DCRS -999.9 0.0 0.0 96.79 96.89 96.73 0 -0.07 97.08 97.08 97.08 97.08
-28.995701 -51.754700 DCRS-00057 2026-09-12_02:40 16.3 -999.9 -999.9 96.2 -999.9 -999.9 15.7 -999.9 -999.9 1003.2 -999.9 -999.9 0.0 -999.9 0.0 0.0 0.0 0.0 55.0 55.2 57.4 57.4 16.8 16.3 97.2 96.0 2.8 DCRS_-_Cotiporã_-_Dois_Lajeados_(110_m) -999.9 -999.9 1003.2 1002.4 1003.2 16.3 15.7 0.0 Rio_Grande_do_Sul DCRS -999.9 0.0 0.0 96.8 96.89 96.73 0 -0.04 97.08 97.08 97.08 97.08
-28.995701 -51.754700 DCRS-00057 2026-09-12_02:41 16.3 -999.9 -999.9 96.3 -999.9 -999.9 15.7 -999.9 -999.9 1003.2 -999.9 -999.9 0.0 -999.9 0.0 0.0 0.0 0.0 55.0 55.2 57.4 57.4 16.8 16.3 97.2 96.0 2.8 DCRS_-_Cotiporã_-_Dois_Lajeados_(110_m) -999.9 -999.9 1003.2 1002.4 1003.2 16.3 15.7 0.0 Rio_Grande_do_Sul DCRS -999.9 0.0 0.0 96.8 96.89 96.73 0 -0.01 97.08 97.08 97.08 97.08
-28.995701 -51.754700 DCRS-00057 2026-09-12_02:42 16.3 -999.9 -999.9 96.4 -999.9 -999.9 15.7 -999.9 -999.9 1003.3 -999.9 -999.9 0.0 -999.9 0.0 0.0 0.0 0.0 55.0 55.2 57.4 57.4 16.8 16.3 97.2 96.0 2.8 DCRS_-_Cotiporã_-_Dois_Lajeados_(110_m) -999.9 -999.9 1003.3 1002.4 1003.3 16.3 15.7 0.0 Rio_Grande_do_Sul DCRS -999.9 0.0 0.0 96.79 96.89 96.73 0 -0.07 97.08 97.08 97.08 97.08
-28.995701 -51.754700 DCRS-00057 2026-09-12_02:43 16.2 -999.9 -999.9 96.4 -999.9 -999.9 15.6 -999.9 -999.9 1003.3 -999.9 -999.9 0.0 -999.9 0.0 0.0 0.0 0.0 55.0 55.2 57.4 57.4 16.8 16.2 97.2 96.0 2.8 DCRS_-_Cotiporã_-_Dois_Lajeados_(110_m) -999.9 -999.9 1003.3 1002.4 1003.3 16.3 15.6 0.0 Rio_Grande_do_Sul DCRS -999.9 0.0 0.0 96.87 96.89 96.73 1 0.12 97.08 97.08 97.08 97.08
-28.995701 -51.754700 DCRS-00057 2026-09-12_02:44 16.3 -999.9 -999.9 96.4 -999.9 -999.9 15.7 -999.9 -999.9 1003.3 -999.9 -999.9 0.0 -999.9 0.0 0.0 0.0 0.0 55.0 55.2 57.4 57.4 16.8 16.2 97.2 96.0 2.8 DCRS_-_Cotiporã_-_Dois_Lajeados_(110_m) -999.9 -999.9 1003.3 1002.4 1003.3 16.3 15.6 0.0 Rio_Grande_do_Sul DCRS -999.9 0.0 0.0 96.78 96.89 96.73 1 0.03 97.08 97.08 97.08 97.08
-28.995701 -51.754700 DCRS-00057 2026-09-12_02:45 16.3 -999.9 -999.9 96.5 -999.9 -999.9 15.7 -999.9 -999.9 1003.3 -999.9 -999.9 0.0 -999.9 2.0 0.0 0.0 0.0 55.0 55.2 57.4 57.4 16.8 16.2 97.2 96.0 2.8 DCRS_-_Cotiporã_-_Dois_Lajeados_(110_m) -999.9 -999.9 1003.3 1002.4 1003.3 16.3 15.6 0.0 Rio_Grande_do_Sul DCRS -999.9 0.0 0.0 96.82 96.89 96.73 1 0.01 97.08 97.08 97.08 97.08
-28.995701 -51.754700 DCRS-00057 2026-09-12_02:46 16.3 -999.9 -999.9 96.5 -999.9 -999.9 15.7 -999.9 -999.9 1003.4 -999.9 -999.9 0.0 -999.9 2.0 0.0 0.0 0.0 55.0 55.2 57.4 57.4 16.8 16.2 97.2 96.0 2.8 DCRS_-_Cotiporã_-_Dois_Lajeados_(110_m) -999.9 -999.9 1003.4 1002.4 1003.4 16.3 15.6 0.0 Rio_Grande_do_Sul DCRS -999.9 0.0 0.0 96.88 96.89 96.73 1 0.07 97.08 97.08 97.08 97.08
-28.995701 -51.754700 DCRS-00057 2026-09-12_02:47 16.3 -999.9 -999.9 96.5 -999.9 -999.9 15.7 -999.9 -999.9 1003.4 -999.9 -999.9 0.0 -999.9 2.0 0.0 0.0 0.0 55.0 55.2 57.4 57.4 16.8 16.2 97.2 96.0 2.8 DCRS_-_Cotiporã_-_Dois_Lajeados_(110_m) -999.9 -999.9 1003.4 1002.4 1003.4 16.3 15.6 0.0 Rio_Grande_do_Sul DCRS -999.9 0.0 0.0 96.82 96.89 96.73 1 -0.04 97.08 97.08 97.08 97.08
-28.995701 -51.754700 DCRS-00057 2026-09-12_02:48 16.4 -999.9 -999.9 96.5 -999.9 -999.9 15.8 -999.9 -999.9 1003.4 -999.9 -999.9 0.0 -999.9 2.0 0.0 0.0 0.0 55.0 55.2 57.4 57.4 16.8 16.2 97.2 96.0 2.8 DCRS_-_Cotiporã_-_Dois_Lajeados_(110_m) -999.9 -999.9 1003.4 1002.4 1003.4 16.3 15.6 0.0 Rio_Grande_do_Sul DCRS -999.9 0.0 0.0 96.81 96.89 96.73 1 0.01 97.08 97.08 97.08 97.08
-28.995701 -51.754700 DCRS-00057 2026-09-12_02:49 16.3 -999.9 -999.9 96.5 -999.9 -999.9 15.7 -999.9 -999.9 1003.4 -999.9 -999.9 0.0 -999.9 2.0 0.0 0.0 0.0 55.0 55.2 57.4 57.4 16.8 16.2 97.2 96.0 2.8 DCRS_-_Cotiporã_-_Dois_Lajeados_(110_m) -999.9 -999.9 1003.4 1002.4 1003.4 16.3 15.6 0.0 Rio_Grande_do_Sul DCRS -999.9 0.0 0.0 96.77 96.89 96.73 1 -0.04 97.08 97.08 97.08 97.08
-28.995701 -51.754700 DCRS-00057 2026-09-12_02:50 16.3 -999.9 -999.9 96.6 -999.9 -999.9 15.8 -999.9 -999.9 1003.4 -999.9 -999.9 0.0 -999.9 2.0 0.0 0.0 0.0 55.0 55.2 57.4 57.4 16.8 16.2 97.2 96.0 2.8 DCRS_-_Cotiporã_-_Dois_Lajeados_(110_m) -999.9 -999.9 1003.4 1002.4 1003.4 16.3 15.6 0.0 Rio_Grande_do_Sul DCRS -999.9 0.0 0.0 96.82 96.89 96.73 1 0.06 97.08 97.08 97.08 97.08
-28.995701 -51.754700 DCRS-00057 2026-09-12_02:51 16.3 -999.9 -999.9 96.6 -999.9 -999.9 15.8 -999.9 -999.9 1003.4 -999.9 -999.9 0.0 -999.9 2.0 0.0 0.0 0.0 55.0 55.2 57.4 57.4 16.8 16.2 97.2 96.0 2.8 DCRS_-_Cotiporã_-_Dois_Lajeados_(110_m) -999.9 -999.9 1003.4 1002.4 1003.4 16.3 15.6 0.0 Rio_Grande_do_Sul DCRS -999.9 0.0 0.0 96.84 96.89 96.73 1 0.01 97.08 97.08 97.08 97.08
-28.995701 -51.754700 DCRS-00057 2026-09-12_02:52 16.3 -999.9 -999.9 96.5 -999.9 -999.9 15.7 -999.9 -999.9 1003.5 -999.9 -999.9 0.0 -999.9 2.0 0.0 0.0 0.0 55.0 55.2 57.4 57.4 16.8 16.2 97.2 96.0 2.8 DCRS_-_Cotiporã_-_Dois_Lajeados_(110_m) -999.9 -999.9 1003.5 1002.4 1003.5 16.3 15.6 0.0 Rio_Grande_do_Sul DCRS -999.9 0.0 0.0 96.81 96.89 96.73 1 0.04 97.08 97.08 97.08 97.08
-28.995701 -51.754700 DCRS-00057 2026-09-12_02:53 16.3 -999.9 -999.9 96.6 -999.9 -999.9 15.8 -999.9 -999.9 1003.5 -999.9 -999.9 0.0 -999.9 2.0 0.0 0.0 0.0 55.0 55.2 57.4 57.4 16.8 16.2 97.2 96.0 2.8 DCRS_-_Cotiporã_-_Dois_Lajeados_(110_m) -999.9 -999.9 1003.5 1002.4 1003.5 16.3 15.6 0.0 Rio_Grande_do_Sul DCRS -999.9 0.0 0.0 96.81 96.89 96.73 1 0.04 97.08 97.08 97.08 97.08
-28.995701 -51.754700 DCRS-00057 2026-09-12_02:54 16.3 -999.9 -999.9 96.6 -999.9 -999.9 15.8 -999.9 -999.9 1003.5 -999.9 -999.9 0.0 -999.9 2.0 0.0 0.0 0.0 55.0 55.2 57.4 57.4 16.8 16.2 97.2 96.0 2.8 DCRS_-_Cotiporã_-_Dois_Lajeados_(110_m) -999.9 -999.9 1003.5 1002.4 1003.5 16.3 15.6 0.0 Rio_Grande_do_Sul DCRS -999.9 0.0 0.0 96.82 96.89 96.73 1 0.01 97.08 97.08 97.08 97.08
-28.995701 -51.754700 DCRS-00057 2026-09-12_02:55 16.3 -999.9 -999.9 96.6 -999.9 -999.9 15.8 -999.9 -999.9 1003.6 -999.9 -999.9 0.0 -999.9 0.0 0.0 0.0 0.0 55.0 55.2 57.4 57.4 16.8 16.2 97.2 96.0 2.8 DCRS_-_Cotiporã_-_Dois_Lajeados_(110_m) -999.9 -999.9 1003.6 1002.4 1003.6 16.3 15.6 0.0 Rio_Grande_do_Sul DCRS -999.9 0.0 0.0 96.77 96.89 96.73 1 0.0 97.08 97.08 97.08 97.08
-28.995701 -51.754700 DCRS-00057 2026-09-12_02:56 16.3 -999.9 -999.9 96.7 -999.9 -999.9 15.8 -999.9 -999.9 1003.6 -999.9 -999.9 0.0 -999.9 0.0 0.0 0.0 0.0 55.0 55.2 57.4 57.4 16.8 16.2 97.2 96.0 2.8 DCRS_-_Cotiporã_-_Dois_Lajeados_(110_m) -999.9 -999.9 1003.6 1002.4 1003.6 16.3 15.6 0.0 Rio_Grande_do_Sul DCRS -999.9 0.0 0.0 96.8 96.89 96.73 1 0.03 97.08 97.08 97.08 97.08
-28.995701 -51.754700 DCRS-00057 2026-09-12_02:57 16.3 -999.9 -999.9 96.5 -999.9 -999.9 15.7 -999.9 -999.9 1003.6 -999.9 -999.9 0.0 -999.9 0.0 0.0 0.0 0.0 55.0 55.2 57.4 57.4 16.8 16.2 97.2 96.0 2.8 DCRS_-_Cotiporã_-_Dois_Lajeados_(110_m) -999.9 -999.9 1003.6 1002.4 1003.6 16.3 15.6 0.0 Rio_Grande_do_Sul DCRS -999.9 0.0 0.0 96.76 96.89 96.73 1 0.02 97.08 97.08 97.08 97.08
-28.995701 -51.754700 DCRS-00057 2026-09-12_02:58 16.3 -999.9 -999.9 96.6 -999.9 -999.9 15.8 -999.9 -999.9 1003.6 -999.9 -999.9 0.0 -999.9 0.0 0.0 0.0 0.0 55.0 55.2 57.4 57.4 16.8 16.2 97.2 96.0 2.8 DCRS_-_Cotiporã_-_Dois_Lajeados_(110_m) -999.9 -999.9 1003.6 1002.4 1003.6 16.3 15.6 0.0 Rio_Grande_do_Sul DCRS -999.9 0.0 0.0 96.81 96.89 96.73 0 0.02 97.08 97.08 97.08 97.08
-28.995701 -51.754700 DCRS-00057 2026-09-12_02:59 16.3 -999.9 -999.9 96.6 -999.9 -999.9 15.8 -999.9 -999.9 1003.6 -999.9 -999.9 0.0 -999.9 0.0 0.0 0.2 0.0 55.0 55.2 57.4 57.4 16.8 16.2 97.2 96.0 2.8 DCRS_-_Cotiporã_-_Dois_Lajeados_(110_m) -999.9 -999.9 1003.6 1002.4 1003.6 16.3 15.6 0.0 Rio_Grande_do_Sul DCRS -999.9 0.2 0.0 96.86 96.89 96.73 0 0.06 97.08 97.08 97.08 97.08
-28.995701 -51.754700 DCRS-00057 2026-09-12_03:00 16.3 -999.9 -999.9 96.6 -999.9 -999.9 15.8 -999.9 -999.9 1003.6 -999.9 -999.9 0.0 -999.9 1.9 0.0 0.2 0.2 55.2 55.4 57.6 57.6 16.8 16.2 97.2 96.0 2.8 DCRS_-_Cotiporã_-_Dois_Lajeados_(110_m) -999.9 -999.9 1003.6 1002.4 1003.6 16.3 15.6 0.0 Rio_Grande_do_Sul DCRS -999.9 0.0 0.2 96.84 96.89 96.73 0 0.05 97.08 97.08 97.08 97.08
-28.995701 -51.754700 DCRS-00057 2026-09-12_03:01 16.3 -999.9 -999.9 96.7 -999.9 -999.9 15.8 -999.9 -999.9 1003.7 -999.9 -999.9 0.0 -999.9 1.9 0.0 0.2 0.2 55.2 55.4 57.6 57.6 16.8 16.2 97.2 96.0 2.8 DCRS_-_Cotiporã_-_Dois_Lajeados_(110_m) -999.9 -999.9 1003.7 1002.4 1003.7 16.3 15.6 0.0 Rio_Grande_do_Sul DCRS -999.9 0.0 0.2 96.86 96.89 96.73 0 0.07 97.08 97.08 97.08 97.08
-28.995701 -51.754700 DCRS-00057 2026-09-12_03:02 16.3 -999.9 -999.9 96.7 -999.9 -999.9 15.8 -999.9 -999.9 1003.7 -999.9 -999.9 1.9 -999.9 1.9 0.0 0.2 0.2 55.2 55.4 57.6 57.6 16.8 16.2 97.2 96.0 2.8 DCRS_-_Cotiporã_-_Dois_Lajeados_(110_m) -999.9 -999.9 1003.7 1002.4 1003.7 16.3 15.6 0.0 Rio_Grande_do_Sul DCRS -999.9 0.0 0.2 96.81 96.89 96.73 1 0.08 97.08 97.08 97.08 97.08
-28.995701 -51.754700 DCRS-00057 2026-09-12_03:03 16.3 -999.9 -999.9 96.7 -999.9 -999.9 15.8 -999.9 -999.9 1003.7 -999.9 -999.9 0.0 -999.9 1.9 0.0 0.2 0.2 55.2 55.4 57.6 57.6 16.8 16.2 97.2 96.0 2.8 DCRS_-_Cotiporã_-_Dois_Lajeados_(110_m) -999.9 -999.9 1003.7 1002.4 1003.7 16.3 15.6 0.0 Rio_Grande_do_Sul DCRS -999.9 0.0 0.2 96.89 96.89 96.73 1 0.16 97.08 97.08 97.08 97.08
-28.995701 -51.754700 DCRS-00057 2026-09-12_03:04 16.3 -999.9 -999.9 96.6 -999.9 -999.9 15.8 -999.9 -999.9 1003.7 -999.9 -999.9 0.0 -999.9 1.9 0.0 0.2 0.2 55.2 55.4 57.6 57.6 16.8 16.2 97.2 96.0 2.8 DCRS_-_Cotiporã_-_Dois_Lajeados_(110_m) -999.9 -999.9 1003.7 1002.4 1003.7 16.3 15.6 0.0 Rio_Grande_do_Sul DCRS -999.9 0.0 0.2 96.78 96.89 96.73 0 -0.06 97.08 97.08 97.08 97.08
-28.995701 -51.754700 DCRS-00057 2026-09-12_03:05 16.3 -999.9 -999.9 96.6 -999.9 -999.9 15.8 -999.9 -999.9 1003.7 -999.9 -999.9 0.0 -999.9 2.2 0.0 0.2 0.2 55.2 55.4 57.6 57.6 16.8 16.2 97.2 96.0 2.8 DCRS_-_Cotiporã_-_Dois_Lajeados_(110_m) -999.9 -999.9 1003.7 1002.4 1003.7 16.3 15.6 0.0 Rio_Grande_do_Sul DCRS -999.9 0.0 0.2 96.86 96.89 96.73 1 0.07 97.08 97.08 97.08 97.08
-28.995701 -51.754700 DCRS-00057 2026-09-12_03:06 16.3 -999.9 -999.9 96.6 -999.9 -999.9 15.8 -999.9 -999.9 1003.7 -999.9 -999.9 0.0 -999.9 2.2 0.0 0.2 0.2 55.2 55.4 57.6 57.6 16.8 16.2 97.2 96.0 2.8 DCRS_-_Cotiporã_-_Dois_Lajeados_(110_m) -999.9 -999.9 1003.7 1002.4 1003.7 16.3 15.6 0.0 Rio_Grande_do_Sul DCRS -999.9 0.0 0.2 96.81 96.89 96.73 1 0.02 97.08 97.08 97.08 97.08
-28.995701 -51.754700 DCRS-00057 2026-09-12_03:07 16.3 -999.9 -999.9 96.6 -999.9 -999.9 15.8 -999.9 -999.9 1003.7 -999.9 -999.9 0.0 -999.9 2.2 0.0 0.2 0.2 55.2 55.4 57.6 57.6 16.8 16.2 97.2 96.0 2.8 DCRS_-_Cotiporã_-_Dois_Lajeados_(110_m) -999.9 -999.9 1003.7 1002.4 1003.7 16.3 15.6 0.0 Rio_Grande_do_Sul DCRS -999.9 0.0 0.2 96.85 96.89 96.73 1 0.07 97.08 97.08 97.08 97.08
-28.995701 -51.754700 DCRS-00057 2026-09-12_03:08 16.3 -999.9 -999.9 96.6 -999.9 -999.9 15.8 -999.9 -999.9 1003.7 -999.9 -999.9 0.0 -999.9 2.2 0.0 0.2 0.2 55.2 55.4 57.6 57.6 16.8 16.2 97.2 96.0 2.8 DCRS_-_Cotiporã_-_Dois_Lajeados_(110_m) -999.9 -999.9 1003.7 1002.4 1003.7 16.3 15.6 0.0 Rio_Grande_do_Sul DCRS -999.9 0.0 0.2 96.84 96.89 96.73 1 0.06 97.08 97.08 97.08 97.08
-28.995701 -51.754700 DCRS-00057 2026-09-12_03:09 16.3 -999.9 -999.9 96.6 -999.9 -999.9 15.8 -999.9 -999.9 1003.7 -999.9 -999.9 0.0 -999.9 2.2 0.0 0.2 0.2 55.2 55.4 57.6 57.6 16.8 16.2 97.2 96.0 2.8 DCRS_-_Cotiporã_-_Dois_Lajeados_(110_m) -999.9 -999.9 1003.7 1002.4 1003.7 16.3 15.6 0.0 Rio_Grande_do_Sul DCRS -999.9 0.0 0.2 96.74 96.89 96.73 1 -0.08 97.08 97.08 97.08 97.08
-28.995701 -51.754700 DCRS-00057 2026-09-12_03:10 16.2 -999.9 -999.9 96.6 -999.9 -999.9 15.7 -999.9 -999.9 1003.7 -999.9 -999.9 -999.9 -999.9 0.0 0.0 0.2 0.2 55.2 55.4 57.6 57.6 16.8 16.2 97.2 96.0 2.8 DCRS_-_Cotiporã_-_Dois_Lajeados_(110_m) -999.9 -999.9 1003.7 1002.4 1003.7 16.3 15.6 0.0 Rio_Grande_do_Sul DCRS -999.9 0.0 0.2 96.84 96.89 96.73 1 0.01 97.08 97.08 97.08 97.08
-28.995701 -51.754700 DCRS-00057 2026-09-12_03:11 16.2 -999.9 -999.9 96.6 -999.9 -999.9 15.7 -999.9 -999.9 1003.7 -999.9 -999.9 0.0 -999.9 0.0 0.0 0.2 0.2 55.2 55.4 57.6 57.6 16.8 16.2 97.2 96.0 2.8 DCRS_-_Cotiporã_-_Dois_Lajeados_(110_m) -999.9 -999.9 1003.7 1002.4 1003.7 16.3 15.6 0.0 Rio_Grande_do_Sul DCRS -999.9 0.0 0.2 96.83 96.89 96.73 1 0.0 97.08 97.08 97.08 97.08
-28.995701 -51.754700 DCRS-00057 2026-09-12_03:12 16.2 -999.9 -999.9 96.6 -999.9 -999.9 15.7 -999.9 -999.9 1003.8 -999.9 -999.9 0.0 -999.9 0.0 0.0 0.2 0.2 55.2 55.4 57.6 57.6 16.8 16.2 97.2 96.0 2.8 DCRS_-_Cotiporã_-_Dois_Lajeados_(110_m) -999.9 -999.9 1003.8 1002.4 1003.8 16.3 15.6 0.0 Rio_Grande_do_Sul DCRS -999.9 0.0 0.2 96.85 96.89 96.73 1 0.03 97.08 97.08 97.08 97.08
-28.995701 -51.754700 DCRS-00057 2026-09-12_03:13 16.3 -999.9 -999.9 96.7 -999.9 -999.9 15.8 -999.9 -999.9 1003.8 -999.9 -999.9 0.0 -999.9 0.0 0.0 0.2 0.2 55.2 55.4 57.6 57.6 16.8 16.2 97.2 96.0 2.8 DCRS_-_Cotiporã_-_Dois_Lajeados_(110_m) -999.9 -999.9 1003.8 1002.4 1003.8 16.3 15.6 0.0 Rio_Grande_do_Sul DCRS -999.9 0.0 0.2 96.74 96.89 96.73 1 -0.09 97.08 97.08 97.08 97.08
-28.995701 -51.754700 DCRS-00057 2026-09-12_03:14 16.3 -999.9 -999.9 96.7 -999.9 -999.9 15.8 -999.9 -999.9 1003.8 -999.9 -999.9 0.0 -999.9 0.0 0.0 0.2 0.2 55.2 55.4 57.6 57.6 16.8 16.2 97.2 96.0 2.8 DCRS_-_Cotiporã_-_Dois_Lajeados_(110_m) -999.9 -999.9 1003.8 1002.4 1003.8 16.3 15.6 0.0 Rio_Grande_do_Sul DCRS -999.9 0.0 0.2 96.82 96.89 96.73 1 0.06 97.08 97.08 97.08 97.08
-28.995701 -51.754700 DCRS-00057 2026-09-12_03:15 16.3 -999.9 -999.9 96.7 -999.9 -999.9 15.8 -999.9 -999.9 1003.9 -999.9 -999.9 0.0 -999.9 2.0 0.0 0.2 0.2 55.2 55.4 57.6 57.6 16.8 16.2 97.2 96.0 2.8 DCRS_-_Cotiporã_-_Dois_Lajeados_(110_m) -999.9 -999.9 1003.9 1002.4 1003.9 16.3 15.6 0.0 Rio_Grande_do_Sul DCRS -999.9 0.0 0.2 96.8 96.89 96.73 1 0.04 97.08 97.08 97.08 97.08
-28.995701 -51.754700 DCRS-00057 2026-09-12_03:16 16.3 -999.9 -999.9 96.7 -999.9 -999.9 15.8 -999.9 -999.9 1003.9 -999.9 -999.9 0.0 -999.9 2.0 0.0 0.2 0.2 55.2 55.4 57.6 57.6 16.8 16.2 97.2 96.0 2.8 DCRS_-_Cotiporã_-_Dois_Lajeados_(110_m) -999.9 -999.9 1003.9 1002.4 1003.9 16.3 15.6 0.0 Rio_Grande_do_Sul DCRS -999.9 0.0 0.2 96.82 96.89 96.73 1 0.02 97.08 97.08 97.08 97.08
-28.995701 -51.754700 DCRS-00057 2026-09-12_03:17 16.2 -999.9 -999.9 96.6 -999.9 -999.9 15.7 -999.9 -999.9 1003.9 -999.9 -999.9 0.0 -999.9 2.0 0.0 0.2 0.2 55.2 55.4 57.6 57.6 16.8 16.2 97.2 96.0 2.8 DCRS_-_Cotiporã_-_Dois_Lajeados_(110_m) -999.9 -999.9 1003.9 1002.4 1003.9 16.3 15.6 0.0 Rio_Grande_do_Sul DCRS -999.9 0.0 0.2 96.8 96.89 96.73 1 0.01 97.08 97.08 97.08 97.08
-28.995701 -51.754700 DCRS-00057 2026-09-12_03:18 16.3 -999.9 -999.9 96.6 -999.9 -999.9 15.8 -999.9 -999.9 1003.9 -999.9 -999.9 0.0 -999.9 2.0 0.0 0.2 0.2 55.2 55.4 57.6 57.6 16.8 16.2 97.2 96.0 2.8 DCRS_-_Cotiporã_-_Dois_Lajeados_(110_m) -999.9 -999.9 1003.9 1002.4 1003.9 16.3 15.6 0.0 Rio_Grande_do_Sul DCRS -999.9 0.0 0.2 96.8 96.89 96.73 0 -0.06 97.08 97.08 97.08 97.08
-28.995701 -51.754700 DCRS-00057 2026-09-12_03:19 16.2 -999.9 -999.9 96.6 -999.9 -999.9 15.7 -999.9 -999.9 1003.9 -999.9 -999.9 0.0 -999.9 2.0 0.0 0.2 0.2 55.2 55.4 57.6 57.6 16.8 16.2 97.2 96.0 2.8 DCRS_-_Cotiporã_-_Dois_Lajeados_(110_m) -999.9 -999.9 1003.9 1002.4 1003.9 16.3 15.6 0.0 Rio_Grande_do_Sul DCRS -999.9 0.0 0.2 96.77 96.89 96.73 0 -0.09 97.08 97.08 97.08 97.08
-28.995701 -51.754700 DCRS-00057 2026-09-12_03:20 16.3 -999.9 -999.9 96.6 -999.9 -999.9 15.8 -999.9 -999.9 1004.0 -999.9 -999.9 0.0 -999.9 2.0 0.0 0.2 0.2 55.2 55.4 57.6 57.6 16.8 16.2 97.2 96.0 2.8 DCRS_-_Cotiporã_-_Dois_Lajeados_(110_m) -999.9 -999.9 1004.0 1002.4 1004.0 16.3 15.6 0.0 Rio_Grande_do_Sul DCRS -999.9 0.0 0.2 96.82 96.89 96.73 0 -0.01 97.08 97.08 97.08 97.08
-28.995701 -51.754700 DCRS-00057 2026-09-12_03:21 16.3 -999.9 -999.9 96.6 -999.9 -999.9 15.8 -999.9 -999.9 1004.0 -999.9 -999.9 1.8 -999.9 2.0 0.0 0.2 0.2 55.2 55.4 57.6 57.6 16.8 16.2 97.2 96.0 2.8 DCRS_-_Cotiporã_-_Dois_Lajeados_(110_m) -999.9 -999.9 1004.0 1002.4 1004.0 16.3 15.6 0.0 Rio_Grande_do_Sul DCRS -999.9 0.0 0.2 96.81 96.89 96.73 0 -0.02 97.08 97.08 97.08 97.08
-28.995701 -51.754700 DCRS-00057 2026-09-12_03:22 16.3 -999.9 -999.9 96.7 -999.9 -999.9 15.8 -999.9 -999.9 1004.0 -999.9 -999.9 1.9 -999.9 2.0 0.0 0.2 0.2 55.2 55.4 57.6 57.6 16.8 16.2 97.2 96.0 2.8 DCRS_-_Cotiporã_-_Dois_Lajeados_(110_m) -999.9 -999.9 1004.0 1002.4 1004.0 16.3 15.6 0.0 Rio_Grande_do_Sul DCRS -999.9 0.0 0.2 96.78 96.89 96.73 0 -0.02 97.08 97.08 97.08 97.08
-28.995701 -51.754700 DCRS-00057 2026-09-12_03:23 16.3 -999.9 -999.9 96.6 -999.9 -999.9 15.8 -999.9 -999.9 1004.0 -999.9 -999.9 1.8 -999.9 2.0 0.0 0.2 0.2 55.2 55.4 57.6 57.6 16.8 16.2 97.2 96.0 2.8 DCRS_-_Cotiporã_-_Dois_Lajeados_(110_m) -999.9 -999.9 1004.0 1002.4 1004.0 16.3 15.6 0.0 Rio_Grande_do_Sul DCRS -999.9 0.0 0.2 96.84 96.89 96.73 0 0.02 97.08 97.08 97.08 97.08
-28.995701 -51.754700 DCRS-00057 2026-09-12_03:24 16.3 -999.9 -999.9 96.8 -999.9 -999.9 15.8 -999.9 -999.9 1004.0 -999.9 -999.9 0.0 -999.9 2.0 0.0 0.2 0.2 55.2 55.4 57.6 57.6 16.8 16.2 97.2 96.0 2.8 DCRS_-_Cotiporã_-_Dois_Lajeados_(110_m) -999.9 -999.9 1004.0 1002.4 1004.0 16.3 15.6 0.0 Rio_Grande_do_Sul DCRS -999.9 0.0 0.2 96.83 96.89 96.73 0 -0.02 97.08 97.08 97.08 97.08
-28.995701 -51.754700 DCRS-00057 2026-09-12_03:25 16.3 -999.9 -999.9 96.6 -999.9 -999.9 15.8 -999.9 -999.9 1004.1 -999.9 -999.9 0.0 -999.9 2.0 0.0 0.2 0.2 55.2 55.4 57.6 57.6 16.8 16.2 97.2 96.0 2.8 DCRS_-_Cotiporã_-_Dois_Lajeados_(110_m) -999.9 -999.9 1004.1 1002.4 1004.1 16.3 15.6 0.0 Rio_Grande_do_Sul DCRS -999.9 0.0 0.2 96.82 96.89 96.73 0 0.02 97.08 97.08 97.08 97.08
-28.995701 -51.754700 DCRS-00057 2026-09-12_03:26 16.3 -999.9 -999.9 96.7 -999.9 -999.9 15.8 -999.9 -999.9 1004.1 -999.9 -999.9 0.0 -999.9 2.0 0.0 0.2 0.2 55.2 55.4 57.6 57.6 16.8 16.2 97.2 96.0 2.8 DCRS_-_Cotiporã_-_Dois_Lajeados_(110_m) -999.9 -999.9 1004.1 1002.4 1004.1 16.3 15.6 0.0 Rio_Grande_do_Sul DCRS -999.9 0.0 0.2 96.76 96.89 96.73 0 -0.04 97.08 97.08 97.08 97.08
-28.995701 -51.754700 DCRS-00057 2026-09-12_03:27 16.3 -999.9 -999.9 96.7 -999.9 -999.9 15.8 -999.9 -999.9 1004.1 -999.9 -999.9 1.8 -999.9 2.0 0.0 0.2 0.2 55.2 55.4 57.6 57.6 16.8 16.2 97.2 96.0 2.8 DCRS_-_Cotiporã_-_Dois_Lajeados_(110_m) -999.9 -999.9 1004.1 1002.4 1004.1 16.3 15.6 0.0 Rio_Grande_do_Sul DCRS -999.9 0.0 0.2 96.75 96.89 96.73 0 -0.05 97.08 97.08 97.08 97.08
-28.995701 -51.754700 DCRS-00057 2026-09-12_03:28 16.3 -999.9 -999.9 96.7 -999.9 -999.9 15.8 -999.9 -999.9 1004.1 -999.9 -999.9 0.0 -999.9 2.0 0.0 0.2 0.2 55.2 55.4 57.6 57.6 16.8 16.2 97.2 96.0 2.8 DCRS_-_Cotiporã_-_Dois_Lajeados_(110_m) -999.9 -999.9 1004.1 1002.4 1004.1 16.3 15.6 0.0 Rio_Grande_do_Sul DCRS -999.9 0.0 0.2 96.84 96.89 96.73 0 0.04 97.08 97.08 97.08 97.08
-28.995701 -51.754700 DCRS-00057 2026-09-12_03:29 16.3 -999.9 -999.9 96.6 -999.9 -999.9 15.8 -999.9 -999.9 1004.1 -999.9 -999.9 0.0 -999.9 2.0 0.0 0.2 0.2 55.2 55.4 57.6 57.6 16.8 16.2 97.2 96.0 2.8 DCRS_-_Cotiporã_-_Dois_Lajeados_(110_m) -999.9 -999.9 1004.1 1002.4 1004.1 16.3 15.6 0.0 Rio_Grande_do_Sul DCRS -999.9 0.0 0.2 96.81 96.89 96.73 0 -0.03 97.08 97.08 97.08 97.08
-28.995701 -51.754700 DCRS-00057 2026-09-12_03:30 16.3 -999.9 -999.9 96.6 -999.9 -999.9 15.8 -999.9 -999.9 1004.1 -999.9 -999.9 0.0 -999.9 1.8 0.0 0.2 0.2 55.2 55.4 57.6 57.6 16.8 16.2 97.2 96.0 2.8 DCRS_-_Cotiporã_-_Dois_Lajeados_(110_m) -999.9 -999.9 1004.1 1002.4 1004.1 16.3 15.6 0.0 Rio_Grande_do_Sul DCRS -999.9 0.0 0.2 96.83 96.89 96.73 0 0.0 97.08 97.08 97.08 97.08
-28.995701 -51.754700 DCRS-00057 2026-09-12_03:31 16.3 -999.9 -999.9 96.7 -999.9 -999.9 15.8 -999.9 -999.9 1004.2 -999.9 -999.9 -999.9 -999.9 1.8 0.0 0.2 0.2 55.2 55.4 57.6 57.6 16.8 16.2 97.2 96.0 2.8 DCRS_-_Cotiporã_-_Dois_Lajeados_(110_m) -999.9 -999.9 1004.2 1002.4 1004.2 16.3 15.6 0.0 Rio_Grande_do_Sul DCRS -999.9 0.0 0.2 96.8 96.89 96.73 -1 -0.05 97.08 97.08 97.08 97.08
-28.995701 -51.754700 DCRS-00057 2026-09-12_03:32 16.3 -999.9 -999.9 96.6 -999.9 -999.9 15.8 -999.9 -999.9 1004.2 -999.9 -999.9 -999.9 -999.9 1.8 0.0 0.2 0.2 55.2 55.4 57.6 57.6 16.8 16.2 97.2 96.0 2.8 DCRS_-_Cotiporã_-_Dois_Lajeados_(110_m) -999.9 -999.9 1004.2 1002.4 1004.2 16.3 15.6 0.0 Rio_Grande_do_Sul DCRS -999.9 0.0 0.2 96.83 96.89 96.73 -1 -0.02 97.08 97.08 97.08 97.08
-28.995701 -51.754700 DCRS-00057 2026-09-12_03:33 16.3 -999.9 -999.9 96.7 -999.9 -999.9 15.8 -999.9 -999.9 1004.2 -999.9 -999.9 -999.9 -999.9 1.8 0.0 0.2 0.2 55.2 55.4 57.6 57.6 16.8 16.2 97.2 96.0 2.8 DCRS_-_Cotiporã_-_Dois_Lajeados_(110_m) -999.9 -999.9 1004.2 1002.4 1004.2 16.3 15.6 0.0 Rio_Grande_do_Sul DCRS -999.9 0.0 0.2 96.82 96.89 96.73 0 -0.03 97.08 97.08 97.08 97.08
-28.995701 -51.754700 DCRS-00057 2026-09-12_03:34 16.3 -999.9 -999.9 96.7 -999.9 -999.9 15.8 -999.9 -999.9 1004.3 -999.9 -999.9 0.0 -999.9 1.8 0.0 0.2 0.2 55.2 55.4 57.6 57.6 16.8 16.2 97.2 96.0 2.8 DCRS_-_Cotiporã_-_Dois_Lajeados_(110_m) -999.9 -999.9 1004.3 1002.4 1004.3 16.3 15.6 0.0 Rio_Grande_do_Sul DCRS -999.9 0.0 0.2 96.78 96.89 96.73 0 -0.07 97.08 97.08 97.08 97.08
-28.995701 -51.754700 DCRS-00057 2026-09-12_03:35 16.3 -999.9 -999.9 96.8 -999.9 -999.9 15.8 -999.9 -999.9 1004.3 -999.9 -999.9 0.0 -999.9 2.3 0.0 0.2 0.2 55.2 55.4 57.6 57.6 16.8 16.2 97.2 96.0 2.8 DCRS_-_Cotiporã_-_Dois_Lajeados_(110_m) -999.9 -999.9 1004.3 1002.4 1004.3 16.3 15.6 0.0 Rio_Grande_do_Sul DCRS -999.9 0.0 0.2 96.81 96.89 96.73 0 0.02 97.08 97.08 97.08 97.08
-28.995701 -51.754700 DCRS-00057 2026-09-12_03:36 16.3 -999.9 -999.9 96.7 -999.9 -999.9 15.8 -999.9 -999.9 1004.3 -999.9 -999.9 0.0 -999.9 2.3 0.0 0.2 0.2 55.2 55.4 57.6 57.6 16.8 16.2 97.2 96.0 2.8 DCRS_-_Cotiporã_-_Dois_Lajeados_(110_m) -999.9 -999.9 1004.3 1002.4 1004.3 16.3 15.6 0.0 Rio_Grande_do_Sul DCRS -999.9 0.0 0.2 96.8 96.89 96.73 0 0.0 97.08 97.08 97.08 97.08
-28.995701 -51.754700 DCRS-00057 2026-09-12_03:37 16.3 -999.9 -999.9 96.7 -999.9 -999.9 15.8 -999.9 -999.9 1004.3 -999.9 -999.9 1.8 -999.9 2.3 0.0 0.2 0.2 55.2 55.4 57.6 57.6 16.8 16.2 97.2 96.0 2.8 DCRS_-_Cotiporã_-_Dois_Lajeados_(110_m) -999.9 -999.9 1004.3 1002.4 1004.3 16.3 15.6 0.0 Rio_Grande_do_Sul DCRS -999.9 0.0 0.2 96.8 96.89 96.73 0 -0.03 97.08 97.08 97.08 97.08
-28.995701 -51.754700 DCRS-00057 2026-09-12_03:38 16.2 -999.9 -999.9 96.8 -999.9 -999.9 15.7 -999.9 -999.9 1004.3 -999.9 -999.9 0.0 -999.9 2.3 0.0 0.2 0.2 55.2 55.4 57.6 57.6 16.8 16.2 97.2 96.0 2.8 DCRS_-_Cotiporã_-_Dois_Lajeados_(110_m) -999.9 -999.9 1004.3 1002.4 1004.3 16.3 15.6 0.0 Rio_Grande_do_Sul DCRS -999.9 0.0 0.2 96.78 96.89 96.73 0 0.02 97.08 97.08 97.08 97.08
-28.995701 -51.754700 DCRS-00057 2026-09-12_03:39 16.3 -999.9 -999.9 96.8 -999.9 -999.9 15.8 -999.9 -999.9 1004.3 -999.9 -999.9 0.0 -999.9 2.3 0.0 0.2 0.2 55.2 55.4 57.6 57.6 16.8 16.2 97.2 96.0 2.8 DCRS_-_Cotiporã_-_Dois_Lajeados_(110_m) -999.9 -999.9 1004.3 1002.4 1004.3 16.3 15.6 0.0 Rio_Grande_do_Sul DCRS -999.9 0.0 0.2 96.8 96.89 96.73 -1 0.0 97.08 97.08 97.08 97.08
-28.995701 -51.754700 DCRS-00057 2026-09-12_03:40 16.2 -999.9 -999.9 96.8 -999.9 -999.9 15.7 -999.9 -999.9 1004.3 -999.9 -999.9 0.0 -999.9 1.9 0.0 0.2 0.2 55.2 55.4 57.6 57.6 16.8 16.2 97.2 96.0 2.8 DCRS_-_Cotiporã_-_Dois_Lajeados_(110_m) -999.9 -999.9 1004.3 1002.4 1004.3 16.3 15.6 0.0 Rio_Grande_do_Sul DCRS -999.9 0.0 0.2 96.76 96.89 96.73 -1 -0.04 97.08 97.08 97.08 97.08
-28.995701 -51.754700 DCRS-00057 2026-09-12_03:41 16.3 -999.9 -999.9 96.8 -999.9 -999.9 15.8 -999.9 -999.9 1004.3 -999.9 -999.9 0.0 -999.9 1.9 0.0 0.2 0.2 55.2 55.4 57.6 57.6 16.8 16.2 97.2 96.0 2.8 DCRS_-_Cotiporã_-_Dois_Lajeados_(110_m) -999.9 -999.9 1004.3 1002.4 1004.3 16.3 15.6 0.0 Rio_Grande_do_Sul DCRS -999.9 0.0 0.2 96.81 96.89 96.73 -1 0.02 97.08 97.08 97.08 97.08
-28.995701 -51.754700 DCRS-00057 2026-09-12_03:42 16.3 -999.9 -999.9 96.8 -999.9 -999.9 15.8 -999.9 -999.9 1004.3 -999.9 -999.9 0.0 -999.9 1.9 0.0 0.2 0.2 55.2 55.4 57.6 57.6 16.8 16.2 97.2 96.0 2.8 DCRS_-_Cotiporã_-_Dois_Lajeados_(110_m) -999.9 -999.9 1004.3 1002.4 1004.3 16.3 15.6 0.0 Rio_Grande_do_Sul DCRS -999.9 0.0 0.2 96.81 96.89 96.73 -1 0.02 97.08 97.08 97.08 97.08
-28.995701 -51.754700 DCRS-00057 2026-09-12_03:43 16.2 -999.9 -999.9 96.7 -999.9 -999.9 15.7 -999.9 -999.9 1004.2 -999.9 -999.9 0.0 -999.9 1.9 0.0 0.2 0.2 55.2 55.4 57.6 57.6 16.8 16.2 97.2 96.0 2.8 DCRS_-_Cotiporã_-_Dois_Lajeados_(110_m) -999.9 -999.9 1004.3 1002.4 1004.2 16.3 15.6 0.0 Rio_Grande_do_Sul DCRS -999.9 0.0 0.2 96.83 96.89 96.73 -1 -0.04 97.08 97.08 97.08 97.08
-28.995701 -51.754700 DCRS-00057 2026-09-12_03:44 16.3 -999.9 -999.9 96.8 -999.9 -999.9 15.8 -999.9 -999.9 1004.2 -999.9 -999.9 0.0 -999.9 1.9 0.0 0.2 0.2 55.2 55.4 57.6 57.6 16.8 16.2 97.2 96.0 2.8 DCRS_-_Cotiporã_-_Dois_Lajeados_(110_m) -999.9 -999.9 1004.3 1002.4 1004.2 16.3 15.6 0.0 Rio_Grande_do_Sul DCRS -999.9 0.0 0.2 96.85 96.89 96.73 -1 0.03 97.08 97.08 97.08 97.08
-28.995701 -51.754700 DCRS-00057 2026-09-12_03:45 16.3 -999.9 -999.9 96.8 -999.9 -999.9 15.8 -999.9 -999.9 1004.2 -999.9 -999.9 0.0 -999.9 0.0 0.0 0.2 0.2 55.2 55.4 57.6 57.6 16.8 16.2 97.2 96.0 2.8 DCRS_-_Cotiporã_-_Dois_Lajeados_(110_m) -999.9 -999.9 1004.3 1002.4 1004.2 16.3 15.6 0.0 Rio_Grande_do_Sul DCRS -999.9 0.0 0.2 96.81 96.89 96.73 -1 -0.01 97.08 97.08 97.08 97.08
-28.995701 -51.754700 DCRS-00057 2026-09-12_03:46 16.3 -999.9 -999.9 96.8 -999.9 -999.9 15.8 -999.9 -999.9 1004.2 -999.9 -999.9 0.0 -999.9 0.0 0.0 0.2 0.2 55.2 55.4 57.6 57.6 16.8 16.2 97.2 96.0 2.8 DCRS_-_Cotiporã_-_Dois_Lajeados_(110_m) -999.9 -999.9 1004.3 1002.4 1004.2 16.3 15.6 0.0 Rio_Grande_do_Sul DCRS -999.9 0.0 0.2 96.84 96.89 96.73 -1 -0.04 97.08 97.08 97.08 97.08
-28.995701 -51.754700 DCRS-00057 2026-09-12_03:47 16.3 -999.9 -999.9 96.9 -999.9 -999.9 15.8 -999.9 -999.9 1004.2 -999.9 -999.9 0.0 -999.9 0.0 0.0 0.2 0.2 55.2 55.4 57.6 57.6 16.8 16.2 97.2 96.0 2.8 DCRS_-_Cotiporã_-_Dois_Lajeados_(110_m) -999.9 -999.9 1004.3 1002.4 1004.2 16.3 15.6 0.0 Rio_Grande_do_Sul DCRS -999.9 0.0 0.2 96.77 96.89 96.73 0 -0.04 97.08 97.08 97.08 97.08
-28.995701 -51.754700 DCRS-00057 2026-09-12_03:48 16.4 -999.9 -999.9 96.9 -999.9 -999.9 15.9 -999.9 -999.9 1004.2 -999.9 -999.9 0.0 -999.9 0.0 0.0 0.2 0.2 55.2 55.4 57.6 57.6 16.8 16.2 97.2 96.0 2.8 DCRS_-_Cotiporã_-_Dois_Lajeados_(110_m) -999.9 -999.9 1004.3 1002.4 1004.2 16.3 15.6 0.0 Rio_Grande_do_Sul DCRS -999.9 0.0 0.2 96.84 96.89 96.73 0 0.03 97.08 97.08 97.08 97.08
-28.995701 -51.754700 DCRS-00057 2026-09-12_03:49 16.4 -999.9 -999.9 97.0 -999.9 -999.9 15.9 -999.9 -999.9 1004.2 -999.9 -999.9 0.0 -999.9 0.0 0.0 0.2 0.2 55.2 55.4 57.6 57.6 16.8 16.2 97.2 96.0 2.8 DCRS_-_Cotiporã_-_Dois_Lajeados_(110_m) -999.9 -999.9 1004.3 1002.4 1004.2 16.3 15.6 0.0 Rio_Grande_do_Sul DCRS -999.9 0.0 0.2 96.83 96.89 96.73 -1 0.01 97.08 97.08 97.08 97.08
-28.995701 -51.754700 DCRS-00057 2026-09-12_03:50 16.3 -999.9 -999.9 96.9 -999.9 -999.9 15.8 -999.9 -999.9 1004.2 -999.9 -999.9 0.0 -999.9 0.0 0.0 0.2 0.2 55.2 55.4 57.6 57.6 16.8 16.2 97.2 96.0 2.8 DCRS_-_Cotiporã_-_Dois_Lajeados_(110_m) -999.9 -999.9 1004.3 1002.4 1004.2 16.3 15.6 0.0 Rio_Grande_do_Sul DCRS -999.9 0.0 0.2 96.84 96.89 96.73 -1 0.02 97.08 97.08 97.08 97.08
-28.995701 -51.754700 DCRS-00057 2026-09-12_03:51 16.4 -999.9 -999.9 97.0 -999.9 -999.9 15.9 -999.9 -999.9 1004.2 -999.9 -999.9 0.0 -999.9 0.0 0.0 0.2 0.2 55.2 55.4 57.6 57.6 16.8 16.2 97.2 96.0 2.8 DCRS_-_Cotiporã_-_Dois_Lajeados_(110_m) -999.9 -999.9 1004.3 1002.4 1004.2 16.3 15.6 0.0 Rio_Grande_do_Sul DCRS -999.9 0.0 0.2 96.87 96.89 96.73 0 0.06 97.08 97.08 97.08 97.08
-28.995701 -51.754700 DCRS-00057 2026-09-12_03:52 16.3 -999.9 -999.9 96.9 -999.9 -999.9 15.8 -999.9 -999.9 1004.2 -999.9 -999.9 0.0 -999.9 0.0 0.0 0.2 0.2 55.2 55.4 57.6 57.6 16.8 16.2 97.2 96.0 2.8 DCRS_-_Cotiporã_-_Dois_Lajeados_(110_m) -999.9 -999.9 1004.3 1002.4 1004.2 16.3 15.6 0.0 Rio_Grande_do_Sul DCRS -999.9 0.0 0.2 96.8 96.89 96.73 0 -0.01 97.08 97.08 97.08 97.08
-28.995701 -51.754700 DCRS-00057 2026-09-12_03:53 16.4 -999.9 -999.9 96.9 -999.9 -999.9 15.9 -999.9 -999.9 1004.2 -999.9 -999.9 0.0 -999.9 0.0 0.0 0.2 0.2 55.2 55.4 57.6 57.6 16.8 16.2 97.2 96.0 2.8 DCRS_-_Cotiporã_-_Dois_Lajeados_(110_m) -999.9 -999.9 1004.3 1002.4 1004.2 16.3 15.6 0.0 Rio_Grande_do_Sul DCRS -999.9 0.0 0.2 96.81 96.89 96.73 0 0.0 97.08 97.08 97.08 97.08
-28.995701 -51.754700 DCRS-00057 2026-09-12_03:54 16.4 -999.9 -999.9 96.9 -999.9 -999.9 15.9 -999.9 -999.9 1004.2 -999.9 -999.9 0.0 -999.9 0.0 0.0 0.2 0.2 55.2 55.4 57.6 57.6 16.8 16.2 97.2 96.0 2.8 DCRS_-_Cotiporã_-_Dois_Lajeados_(110_m) -999.9 -999.9 1004.3 1002.4 1004.2 16.3 15.6 0.0 Rio_Grande_do_Sul DCRS -999.9 0.0 0.2 96.79 96.89 96.73 0 0.02 97.08 97.08 97.08 97.08
-28.995701 -51.754700 DCRS-00057 2026-09-12_03:55 16.4 -999.9 -999.9 96.8 -999.9 -999.9 15.9 -999.9 -999.9 1004.2 -999.9 -999.9 0.0 -999.9 1.9 0.0 0.2 0.2 55.2 55.4 57.6 57.6 16.8 16.2 97.2 96.0 2.8 DCRS_-_Cotiporã_-_Dois_Lajeados_(110_m) -999.9 -999.9 1004.3 1002.4 1004.2 16.3 15.6 0.0 Rio_Grande_do_Sul DCRS -999.9 0.0 0.2 96.76 96.89 96.73 0 -0.01 97.08 97.08 97.08 97.08
-28.995701 -51.754700 DCRS-00057 2026-09-12_03:56 16.4 -999.9 -999.9 96.9 -999.9 -999.9 15.9 -999.9 -999.9 1004.2 -999.9 -999.9 0.0 -999.9 1.9 0.0 0.2 0.2 55.2 55.4 57.6 57.6 16.8 16.2 97.2 96.0 2.8 DCRS_-_Cotiporã_-_Dois_Lajeados_(110_m) -999.9 -999.9 1004.3 1002.4 1004.2 16.3 15.6 0.0 Rio_Grande_do_Sul DCRS -999.9 0.0 0.2 96.87 96.89 96.73 0 0.07 97.08 97.08 97.08 97.08
-28.995701 -51.754700 DCRS-00057 2026-09-12_03:57 16.4 -999.9 -999.9 96.8 -999.9 -999.9 15.9 -999.9 -999.9 1004.2 -999.9 -999.9 0.0 -999.9 1.9 0.0 0.2 0.2 55.2 55.4 57.6 57.6 16.8 16.2 97.2 96.0 2.8 DCRS_-_Cotiporã_-_Dois_Lajeados_(110_m) -999.9 -999.9 1004.3 1002.4 1004.2 16.3 15.6 0.0 Rio_Grande_do_Sul DCRS -999.9 0.0 0.2 96.82 96.89 96.73 0 0.06 97.08 97.08 97.08 97.08
-28.995701 -51.754700 DCRS-00057 2026-09-12_03:58 16.4 -999.9 -999.9 96.8 -999.9 -999.9 15.9 -999.9 -999.9 1004.2 -999.9 -999.9 0.0 -999.9 1.9 0.0 0.0 0.2 55.2 55.4 57.6 57.6 16.8 16.2 97.2 96.0 2.8 DCRS_-_Cotiporã_-_Dois_Lajeados_(110_m) -999.9 -999.9 1004.3 1002.4 1004.2 16.3 15.6 0.0 Rio_Grande_do_Sul DCRS -999.9 0.0 0.2 96.78 96.89 96.73 -1 -0.08 97.08 97.08 97.08 97.08
-28.995701 -51.754700 DCRS-00057 2026-09-12_03:59 16.3 -999.9 -999.9 96.8 -999.9 -999.9 15.8 -999.9 -999.9 1004.2 -999.9 -999.9 0.0 -999.9 1.9 0.0 0.0 0.2 55.2 55.4 57.6 57.6 16.8 16.2 97.2 96.0 2.8 DCRS_-_Cotiporã_-_Dois_Lajeados_(110_m) -999.9 -999.9 1004.3 1002.4 1004.2 16.3 15.6 0.0 Rio_Grande_do_Sul DCRS -999.9 0.0 0.2 96.79 96.89 96.73 -1 -0.07 97.08 97.08 97.08 97.08
-28.995701 -51.754700 DCRS-00057 2026-09-12_04:00 16.4 -999.9 -999.9 96.8 -999.9 -999.9 15.9 -999.9 -999.9 1004.2 -999.9 -999.9 0.0 -999.9 1.9 0.0 0.0 0.2 55.2 55.4 57.6 57.6 16.8 16.2 97.2 96.0 2.8 DCRS_-_Cotiporã_-_Dois_Lajeados_(110_m) -999.9 -999.9 1004.3 1002.4 1004.2 16.3 15.6 0.0 Rio_Grande_do_Sul DCRS -999.9 0.0 0.2 96.8 96.89 96.73 -1 -0.04 97.08 97.08 97.08 97.08
-28.995701 -51.754700 DCRS-00057 2026-09-12_04:01 16.4 -999.9 -999.9 96.8 -999.9 -999.9 15.9 -999.9 -999.9 1004.2 -999.9 -999.9 0.0 -999.9 1.9 0.0 0.0 0.2 55.2 55.4 57.6 57.6 16.8 16.2 97.2 96.0 2.8 DCRS_-_Cotiporã_-_Dois_Lajeados_(110_m) -999.9 -999.9 1004.3 1002.4 1004.2 16.3 15.6 0.0 Rio_Grande_do_Sul DCRS -999.9 0.0 0.2 96.84 96.89 96.73 -1 -0.02 97.08 97.08 97.08 97.08
-28.995701 -51.754700 DCRS-00057 2026-09-12_04:02 16.3 -999.9 -999.9 96.8 -999.9 -999.9 15.8 -999.9 -999.9 1004.2 -999.9 -999.9 0.0 -999.9 1.9 0.0 0.0 0.2 55.2 55.4 57.6 57.6 16.8 16.2 97.2 96.0 2.8 DCRS_-_Cotiporã_-_Dois_Lajeados_(110_m) -999.9 -999.9 1004.3 1002.4 1004.2 16.3 15.6 0.0 Rio_Grande_do_Sul DCRS -999.9 0.0 0.2 96.82 96.89 96.73 0 0.01 97.08 97.08 97.08 97.08
-28.995701 -51.754700 DCRS-00057 2026-09-12_04:03 16.4 -999.9 -999.9 96.8 -999.9 -999.9 15.9 -999.9 -999.9 1004.2 -999.9 -999.9 0.0 -999.9 1.9 0.0 0.0 0.2 55.2 55.4 57.6 57.6 16.8 16.2 97.2 96.0 2.8 DCRS_-_Cotiporã_-_Dois_Lajeados_(110_m) -999.9 -999.9 1004.3 1002.4 1004.2 16.3 15.6 0.0 Rio_Grande_do_Sul DCRS -999.9 0.0 0.2 96.8 96.89 96.73 0 -0.09 97.08 97.08 97.08 97.08
-28.995701 -51.754700 DCRS-00057 2026-09-12_04:04 16.3 -999.9 -999.9 96.8 -999.9 -999.9 15.8 -999.9 -999.9 1004.2 -999.9 -999.9 0.0 -999.9 1.9 0.0 0.0 0.2 55.2 55.4 57.6 57.6 16.8 16.2 97.2 96.0 2.8 DCRS_-_Cotiporã_-_Dois_Lajeados_(110_m) -999.9 -999.9 1004.3 1002.4 1004.2 16.3 15.6 0.0 Rio_Grande_do_Sul DCRS -999.9 0.0 0.2 96.8 96.89 96.73 0 0.02 97.08 97.08 97.08 97.08
-28.995701 -51.754700 DCRS-00057 2026-09-12_04:05 16.3 -999.9 -999.9 96.7 -999.9 -999.9 15.8 -999.9 -999.9 1004.2 -999.9 -999.9 0.0 -999.9 1.9 0.0 0.0 0.2 55.2 55.4 57.6 57.6 16.8 16.2 97.2 96.0 2.8 DCRS_-_Cotiporã_-_Dois_Lajeados_(110_m) -999.9 -999.9 1004.3 1002.4 1004.2 16.3 15.6 0.0 Rio_Grande_do_Sul DCRS -999.9 0.0 0.2 96.82 96.89 96.73 0 -0.04 97.08 97.08 97.08 97.08
-28.995701 -51.754700 DCRS-00057 2026-09-12_04:06 16.3 -999.9 -999.9 96.7 -999.9 -999.9 15.8 -999.9 -999.9 1004.2 -999.9 -999.9 0.0 -999.9 1.9 0.0 0.0 0.2 55.2 55.4 57.6 57.6 16.8 16.2 97.2 96.0 2.8 DCRS_-_Cotiporã_-_Dois_Lajeados_(110_m) -999.9 -999.9 1004.3 1002.4 1004.2 16.3 15.6 0.0 Rio_Grande_do_Sul DCRS -999.9 0.0 0.2 96.81 96.89 96.73 0 0.0 97.08 97.08 97.08 97.08
-28.995701 -51.754700 DCRS-00057 2026-09-12_04:07 16.3 -999.9 -999.9 96.8 -999.9 -999.9 15.8 -999.9 -999.9 1004.2 -999.9 -999.9 1.8 -999.9 1.9 0.0 0.0 0.2 55.2 55.4 57.6 57.6 16.8 16.2 97.2 96.0 2.8 DCRS_-_Cotiporã_-_Dois_Lajeados_(110_m) -999.9 -999.9 1004.3 1002.4 1004.2 16.3 15.6 0.0 Rio_Grande_do_Sul DCRS -999.9 0.0 0.2 96.8 96.89 96.73 0 -0.04 97.08 97.08 97.08 97.08
-28.995701 -51.754700 DCRS-00057 2026-09-12_04:08 16.4 -999.9 -999.9 96.8 -999.9 -999.9 15.9 -999.9 -999.9 1004.2 -999.9 -999.9 0.0 -999.9 1.9 0.0 0.0 0.2 55.2 55.4 57.6 57.6 16.8 16.2 97.2 96.0 2.8 DCRS_-_Cotiporã_-_Dois_Lajeados_(110_m) -999.9 -999.9 1004.3 1002.4 1004.2 16.3 15.6 0.0 Rio_Grande_do_Sul DCRS -999.9 0.0 0.2 96.86 96.89 96.73 0 0.02 97.08 97.08 97.08 97.08
-28.995701 -51.754700 DCRS-00057 2026-09-12_04:09 16.3 -999.9 -999.9 96.7 -999.9 -999.9 15.8 -999.9 -999.9 1004.2 -999.9 -999.9 0.0 -999.9 1.9 0.0 0.0 0.2 55.2 55.4 57.6 57.6 16.8 16.2 97.2 96.0 2.8 DCRS_-_Cotiporã_-_Dois_Lajeados_(110_m) -999.9 -999.9 1004.3 1002.4 1004.2 16.3 15.6 0.0 Rio_Grande_do_Sul DCRS -999.9 0.0 0.2 96.86 96.89 96.73 0 0.02 97.08 97.08 97.08 97.08
-28.995701 -51.754700 DCRS-00057 2026-09-12_04:10 16.3 -999.9 -999.9 96.7 -999.9 -999.9 15.8 -999.9 -999.9 1004.2 -999.9 -999.9 0.0 -999.9 2.0 0.0 0.0 0.2 55.2 55.4 57.6 57.6 16.8 16.2 97.2 96.0 2.8 DCRS_-_Cotiporã_-_Dois_Lajeados_(110_m) -999.9 -999.9 1004.3 1002.4 1004.2 16.3 15.6 0.0 Rio_Grande_do_Sul DCRS -999.9 0.0 0.2 96.87 96.89 96.73 1 0.03 97.08 97.08 97.08 97.08
-28.995701 -51.754700 DCRS-00057 2026-09-12_04:11 16.4 -999.9 -999.9 96.7 -999.9 -999.9 15.9 -999.9 -999.9 1004.2 -999.9 -999.9 0.0 -999.9 2.0 0.0 0.0 0.2 55.2 55.4 57.6 57.6 16.8 16.2 97.2 96.0 2.8 DCRS_-_Cotiporã_-_Dois_Lajeados_(110_m) -999.9 -999.9 1004.3 1002.4 1004.2 16.3 15.6 0.0 Rio_Grande_do_Sul DCRS -999.9 0.0 0.2 96.86 96.89 96.73 1 0.03 97.08 97.08 97.08 97.08
-28.995701 -51.754700 DCRS-00057 2026-09-12_04:12 16.4 -999.9 -999.9 96.8 -999.9 -999.9 15.9 -999.9 -999.9 1004.2 -999.9 -999.9 1.8 -999.9 2.0 0.0 0.0 0.2 55.2 55.4 57.6 57.6 16.8 16.2 97.2 96.0 2.8 DCRS_-_Cotiporã_-_Dois_Lajeados_(110_m) -999.9 -999.9 1004.3 1002.4 1004.2 16.3 15.6 0.0 Rio_Grande_do_Sul DCRS -999.9 0.0 0.2 96.87 96.89 96.73 1 0.02 97.08 97.08 97.08 97.08
-28.995701 -51.754700 DCRS-00057 2026-09-12_04:13 16.4 -999.9 -999.9 96.8 -999.9 -999.9 15.9 -999.9 -999.9 1004.2 -999.9 -999.9 0.0 -999.9 2.0 0.0 0.0 0.2 55.2 55.4 57.6 57.6 16.8 16.2 97.2 96.0 2.8 DCRS_-_Cotiporã_-_Dois_Lajeados_(110_m) -999.9 -999.9 1004.3 1002.4 1004.2 16.3 15.6 0.0 Rio_Grande_do_Sul DCRS -999.9 0.0 0.2 96.85 96.89 96.73 1 0.03 97.08 97.08 97.08 97.08
-28.995701 -51.754700 DCRS-00057 2026-09-12_04:14 16.3 -999.9 -999.9 96.7 -999.9 -999.9 15.8 -999.9 -999.9 1004.2 -999.9 -999.9 -999.9 -999.9 2.0 0.0 0.0 0.2 55.2 55.4 57.6 57.6 16.8 16.2 97.2 96.0 2.8 DCRS_-_Cotiporã_-_Dois_Lajeados_(110_m) -999.9 -999.9 1004.3 1002.4 1004.2 16.3 15.6 0.0 Rio_Grande_do_Sul DCRS -999.9 0.0 0.2 96.84 96.89 96.73 1 0.02 97.08 97.08 97.08 97.08
-28.995701 -51.754700 DCRS-00057 2026-09-12_04:15 16.2 -999.9 -999.9 96.5 -999.9 -999.9 15.6 -999.9 -999.9 1004.2 -999.9 -999.9 0.0 -999.9 3.3 0.0 0.0 0.2 55.2 55.4 57.6 57.6 16.8 16.2 97.2 96.0 3.3 DCRS_-_Cotiporã_-_Dois_Lajeados_(110_m) -999.9 -999.9 1004.3 1002.4 1004.2 16.3 15.6 0.0 Rio_Grande_do_Sul DCRS -999.9 0.0 0.2 96.88 96.89 96.73 1 0.08 97.08 97.08 97.08 97.08
-28.995701 -51.754700 DCRS-00057 2026-09-12_04:16 16.2 -999.9 -999.9 96.6 -999.9 -999.9 15.7 -999.9 -999.9 1004.2 -999.9 -999.9 0.0 -999.9 3.3 0.0 0.0 0.2 55.2 55.4 57.6 57.6 16.8 16.2 97.2 96.0 3.3 DCRS_-_Cotiporã_-_Dois_Lajeados_(110_m) -999.9 -999.9 1004.3 1002.4 1004.2 16.3 15.6 0.0 Rio_Grande_do_Sul DCRS -999.9 0.0 0.2 96.89 96.89 96.73 1 0.09 97.08 97.08 97.08 97.08
-28.995701 -51.754700 DCRS-00057 2026-09-12_04:17 16.3 -999.9 -999.9 96.5 -999.9 -999.9 15.7 -999.9 -999.9 1004.2 -999.9 -999.9 0.0 -999.9 3.3 0.0 0.0 0.2 55.2 55.4 57.6 57.6 16.8 16.2 97.2 96.0 3.3 DCRS_-_Cotiporã_-_Dois_Lajeados_(110_m) -999.9 -999.9 1004.3 1002.4 1004.2 16.3 15.6 0.0 Rio_Grande_do_Sul DCRS -999.9 0.0 0.2 96.88 96.89 96.73 1 0.08 97.08 97.08 97.08 97.08
-28.995701 -51.754700 DCRS-00057 2026-09-12_04:18 16.3 -999.9 -999.9 96.5 -999.9 -999.9 15.7 -999.9 -999.9 1004.2 -999.9 -999.9 2.4 -999.9 3.3 0.0 0.0 0.2 55.2 55.4 57.6 57.6 16.8 16.2 97.2 96.0 3.3 DCRS_-_Cotiporã_-_Dois_Lajeados_(110_m) -999.9 -999.9 1004.3 1002.4 1004.2 16.3 15.6 0.0 Rio_Grande_do_Sul DCRS -999.9 0.0 0.2 96.79 96.89 96.73 1 -0.01 97.08 97.08 97.08 97.08
-28.995701 -51.754700 DCRS-00057 2026-09-12_04:19 16.2 -999.9 -999.9 96.3 -999.9 -999.9 15.6 -999.9 -999.9 1004.2 -999.9 -999.9 1.8 -999.9 3.3 0.0 0.0 0.2 55.2 55.4 57.6 57.6 16.8 16.2 97.2 96.0 3.3 DCRS_-_Cotiporã_-_Dois_Lajeados_(110_m) -999.9 -999.9 1004.3 1002.4 1004.2 16.3 15.6 0.0 Rio_Grande_do_Sul DCRS -999.9 0.0 0.2 96.82 96.89 96.73 1 0.05 97.08 97.08 97.08 97.08
-28.995701 -51.754700 DCRS-00057 2026-09-12_04:20 16.2 -999.9 -999.9 96.2 -999.9 -999.9 15.6 -999.9 -999.9 1004.2 -999.9 -999.9 0.0 -999.9 2.6 0.0 0.0 0.2 55.2 55.4 57.6 57.6 16.8 16.2 97.2 96.0 3.3 DCRS_-_Cotiporã_-_Dois_Lajeados_(110_m) -999.9 -999.9 1004.3 1002.4 1004.2 16.3 15.6 0.0 Rio_Grande_do_Sul DCRS -999.9 0.0 0.2 96.9 96.9 96.73 1 0.08 97.08 97.08 97.08 97.08
-28.995701 -51.754700 DCRS-00057 2026-09-12_04:21 16.3 -999.9 -999.9 96.2 -999.9 -999.9 15.7 -999.9 -999.9 1004.3 -999.9 -999.9 0.0 -999.9 2.6 0.0 0.0 0.2 55.2 55.4 57.6 57.6 16.8 16.2 97.2 96.0 3.3 DCRS_-_Cotiporã_-_Dois_Lajeados_(110_m) -999.9 -999.9 1004.3 1002.4 1004.3 16.3 15.6 0.0 Rio_Grande_do_Sul DCRS -999.9 0.0 0.2 96.86 96.9 96.73 1 0.05 97.08 97.08 97.08 97.08
-28.995701 -51.754700 DCRS-00057 2026-09-12_04:22 16.3 -999.9 -999.9 96.1 -999.9 -999.9 15.7 -999.9 -999.9 1004.3 -999.9 -999.9 0.0 -999.9 2.6 0.0 0.0 0.2 55.2 55.4 57.6 57.6 16.8 16.2 97.2 96.0 3.3 DCRS_-_Cotiporã_-_Dois_Lajeados_(110_m) -999.9 -999.9 1004.3 1002.4 1004.3 16.3 15.6 0.0 Rio_Grande_do_Sul DCRS -999.9 0.0 0.2 96.86 96.9 96.73 1 0.02 97.08 97.08 97.08 97.08
-28.995701 -51.754700 DCRS-00057 2026-09-12_04:23 16.3 -999.9 -999.9 96.1 -999.9 -999.9 15.7 -999.9 -999.9 1004.3 -999.9 -999.9 0.0 -999.9 2.6 0.0 0.0 0.2 55.2 55.4 57.6 57.6 16.8 16.2 97.2 96.0 3.3 DCRS_-_Cotiporã_-_Dois_Lajeados_(110_m) -999.9 -999.9 1004.3 1002.4 1004.3 16.3 15.6 0.0 Rio_Grande_do_Sul DCRS -999.9 0.0 0.2 96.95 96.95 96.73 1 0.11 97.08 97.08 97.08 97.08
-28.995701 -51.754700 DCRS-00057 2026-09-12_04:24 16.3 -999.9 -999.9 96.1 -999.9 -999.9 15.7 -999.9 -999.9 1004.3 -999.9 -999.9 2.6 -999.9 2.6 0.0 0.0 0.2 55.2 55.4 57.6 57.6 16.8 16.2 97.2 96.0 3.3 DCRS_-_Cotiporã_-_Dois_Lajeados_(110_m) -999.9 -999.9 1004.3 1002.4 1004.3 16.3 15.6 0.0 Rio_Grande_do_Sul DCRS -999.9 0.0 0.2 96.9 96.95 96.73 1 0.08 97.08 97.08 97.08 97.08
-28.995701 -51.754700 DCRS-00057 2026-09-12_04:25 16.2 -999.9 -999.9 96.0 -999.9 -999.9 15.6 -999.9 -999.9 1004.2 -999.9 -999.9 1.9 -999.9 3.2 0.0 0.0 0.2 55.2 55.4 57.6 57.6 16.8 16.2 97.2 96.0 3.3 DCRS_-_Cotiporã_-_Dois_Lajeados_(110_m) -999.9 -999.9 1004.3 1002.4 1004.2 16.3 15.6 0.0 Rio_Grande_do_Sul DCRS -999.9 0.0 0.2 96.83 96.95 96.73 1 0.01 97.08 97.08 97.08 97.08
-28.995701 -51.754700 DCRS-00057 2026-09-12_04:26 16.1 -999.9 -999.9 95.7 -999.9 -999.9 15.4 -999.9 -999.9 1004.2 -999.9 -999.9 -999.9 -999.9 3.2 0.0 0.0 0.2 55.2 55.4 57.6 57.6 16.8 16.1 97.2 95.7 3.3 DCRS_-_Cotiporã_-_Dois_Lajeados_(110_m) -999.9 -999.9 1004.3 1002.4 1004.2 16.3 15.4 0.0 Rio_Grande_do_Sul DCRS -999.9 0.0 0.2 96.92 96.95 96.73 1 0.16 97.08 97.08 97.08 97.08
-28.995701 -51.754700 DCRS-00057 2026-09-12_04:27 16.1 -999.9 -999.9 95.2 -999.9 -999.9 15.3 -999.9 -999.9 1004.2 -999.9 -999.9 1.9 -999.9 3.2 0.0 0.0 0.2 55.2 55.4 57.6 57.6 16.8 16.1 97.2 95.2 3.3 DCRS_-_Cotiporã_-_Dois_Lajeados_(110_m) -999.9 -999.9 1004.3 1002.4 1004.2 16.3 15.3 0.0 Rio_Grande_do_Sul DCRS -999.9 0.0 0.2 96.96 96.96 96.73 1 0.21 97.08 97.08 97.08 97.08
-28.995701 -51.754700 DCRS-00057 2026-09-12_04:28 16.2 -999.9 -999.9 95.1 -999.9 -999.9 15.4 -999.9 -999.9 1004.2 -999.9 -999.9 2.0 -999.9 3.2 0.0 0.0 0.2 55.2 55.4 57.6 57.6 16.8 16.1 97.2 95.1 3.3 DCRS_-_Cotiporã_-_Dois_Lajeados_(110_m) -999.9 -999.9 1004.3 1002.4 1004.2 16.3 15.3 0.0 Rio_Grande_do_Sul DCRS -999.9 0.0 0.2 96.95 96.96 96.73 1 0.11 97.08 97.08 97.08 97.08
-28.995701 -51.754700 DCRS-00057 2026-09-12_04:29 16.2 -999.9 -999.9 95.0 -999.9 -999.9 15.4 -999.9 -999.9 1004.2 -999.9 -999.9 1.9 -999.9 3.2 0.0 0.0 0.2 55.2 55.4 57.6 57.6 16.8 16.1 97.2 95.0 3.3 DCRS_-_Cotiporã_-_Dois_Lajeados_(110_m) -999.9 -999.9 1004.3 1002.4 1004.2 16.3 15.3 0.0 Rio_Grande_do_Sul DCRS -999.9 0.0 0.2 96.94 96.96 96.73 1 0.13 97.08 97.08 97.08 97.08
-28.995701 -51.754700 DCRS-00057 2026-09-12_04:30 16.2 -999.9 -999.9 94.7 -999.9 -999.9 15.3 -999.9 -999.9 1004.2 -999.9 -999.9 2.9 -999.9 4.0 0.0 0.0 0.2 55.2 55.4 57.6 57.6 16.8 16.1 97.2 94.7 4.0 DCRS_-_Cotiporã_-_Dois_Lajeados_(110_m) -999.9 -999.9 1004.3 1002.4 1004.2 16.3 15.3 0.0 Rio_Grande_do_Sul DCRS -999.9 0.0 0.2 96.94 96.96 96.73 1 0.11 97.08 97.08 97.08 97.08
-28.995701 -51.754700 DCRS-00057 2026-09-12_04:31 16.1 -999.9 -999.9 94.2 -999.9 -999.9 15.2 -999.9 -999.9 1004.2 -999.9 -999.9 2.3 -999.9 4.0 0.0 0.0 0.2 55.2 55.4 57.6 57.6 16.8 16.1 97.2 94.2 4.0 DCRS_-_Cotiporã_-_Dois_Lajeados_(110_m) -999.9 -999.9 1004.3 1002.4 1004.2 16.3 15.2 0.0 Rio_Grande_do_Sul DCRS -999.9 0.0 0.2 96.97 96.97 96.73 1 0.14 97.08 97.08 97.08 97.08
-28.995701 -51.754700 DCRS-00057 2026-09-12_04:32 16.2 -999.9 -999.9 93.9 -999.9 -999.9 15.2 -999.9 -999.9 1004.2 -999.9 -999.9 0.0 -999.9 4.0 0.0 0.0 0.2 55.2 55.4 57.6 57.6 16.8 16.1 97.2 93.9 4.0 DCRS_-_Cotiporã_-_Dois_Lajeados_(110_m) -999.9 -999.9 1004.3 1002.4 1004.2 16.3 15.2 0.0 Rio_Grande_do_Sul DCRS -999.9 0.0 0.2 96.99 96.99 96.73 1 0.17 97.08 97.08 97.08 97.08
-28.995701 -51.754700 DCRS-00057 2026-09-12_04:33 16.2 -999.9 -999.9 93.5 -999.9 -999.9 15.1 -999.9 -999.9 1004.2 -999.9 -999.9 2.1 -999.9 4.0 0.0 0.0 0.2 55.2 55.4 57.6 57.6 16.8 16.1 97.2 93.5 4.0 DCRS_-_Cotiporã_-_Dois_Lajeados_(110_m) -999.9 -999.9 1004.3 1002.4 1004.2 16.3 15.1 0.0 Rio_Grande_do_Sul DCRS -999.9 0.0 0.2 97.0 97.0 96.73 1 0.18 97.08 97.08 97.08 97.08
-28.995701 -51.754700 DCRS-00057 2026-09-12_04:34 16.2 -999.9 -999.9 93.1 -999.9 -999.9 15.1 -999.9 -999.9 1004.1 -999.9 -999.9 0.0 -999.9 4.0 0.0 0.0 0.2 55.2 55.4 57.6 57.6 16.8 16.1 97.2 93.1 4.0 DCRS_-_Cotiporã_-_Dois_Lajeados_(110_m) -999.9 -999.9 1004.3 1002.4 1004.1 16.3 15.1 0.0 Rio_Grande_do_Sul DCRS -999.9 0.0 0.2 96.92 97.0 96.73 1 0.14 97.08 97.08 97.08 97.08
-28.995701 -51.754700 DCRS-00057 2026-09-12_04:35 16.2 -999.9 -999.9 92.7 -999.9 -999.9 15.0 -999.9 -999.9 1004.1 -999.9 -999.9 3.2 -999.9 4.6 0.0 0.0 0.2 55.2 55.4 57.6 57.6 16.8 16.1 97.2 92.7 4.6 DCRS_-_Cotiporã_-_Dois_Lajeados_(110_m) -999.9 -999.9 1004.3 1002.4 1004.1 16.3 15.0 0.0 Rio_Grande_do_Sul DCRS -999.9 0.0 0.2 96.97 97.0 96.73 1 0.16 97.08 97.08 97.08 97.08
-28.995701 -51.754700 DCRS-00057 2026-09-12_04:36 16.1 -999.9 -999.9 92.6 -999.9 -999.9 14.9 -999.9 -999.9 1004.1 -999.9 -999.9 0.0 -999.9 4.6 0.0 0.0 0.2 55.2 55.4 57.6 57.6 16.8 16.1 97.2 92.6 4.6 DCRS_-_Cotiporã_-_Dois_Lajeados_(110_m) -999.9 -999.9 1004.3 1002.4 1004.1 16.3 14.9 0.0 Rio_Grande_do_Sul DCRS -999.9 0.0 0.2 96.96 97.0 96.73 1 0.16 97.08 97.08 97.08 97.08
-28.995701 -51.754700 DCRS-00057 2026-09-12_04:37 16.2 -999.9 -999.9 92.6 -999.9 -999.9 15.0 -999.9 -999.9 1004.2 -999.9 -999.9 -999.9 -999.9 4.6 0.0 0.0 0.2 55.2 55.4 57.6 57.6 16.8 16.1 97.2 92.6 4.6 DCRS_-_Cotiporã_-_Dois_Lajeados_(110_m) -999.9 -999.9 1004.3 1002.4 1004.2 16.3 14.9 0.0 Rio_Grande_do_Sul DCRS -999.9 0.0 0.2 96.98 97.0 96.73 1 0.18 97.08 97.08 97.08 97.08
-28.995701 -51.754700 DCRS-00057 2026-09-12_04:38 16.2 -999.9 -999.9 92.5 -999.9 -999.9 15.0 -999.9 -999.9 1004.2 -999.9 -999.9 2.2 -999.9 4.6 0.0 0.0 0.2 55.2 55.4 57.6 57.6 16.8 16.1 97.2 92.5 4.6 DCRS_-_Cotiporã_-_Dois_Lajeados_(110_m) -999.9 -999.9 1004.3 1002.4 1004.2 16.3 14.9 0.0 Rio_Grande_do_Sul DCRS -999.9 0.0 0.2 96.96 97.0 96.73 1 0.18 97.08 97.08 97.08 97.08
-28.995701 -51.754700 DCRS-00057 2026-09-12_04:40 16.2 -999.9 -999.9 92.4 -999.9 -999.9 15.0 -999.9 -999.9 1004.3 -999.9 -999.9 0.0 -999.9 7.2 0.0 0.0 0.2 55.2 55.4 57.6 57.6 16.8 16.1 97.2 92.4 7.2 DCRS_-_Cotiporã_-_Dois_Lajeados_(110_m) -999.9 -999.9 1004.3 1002.4 1004.3 16.3 14.9 0.0 Rio_Grande_do_Sul DCRS -999.9 0.0 0.2 97.02 97.02 96.73 1 0.26 97.08 97.08 97.08 97.08
-28.995701 -51.754700 DCRS-00057 2026-09-12_04:41 16.2 -999.9 -999.9 92.1 -999.9 -999.9 14.9 -999.9 -999.9 1004.3 -999.9 -999.9 0.0 -999.9 7.2 0.0 0.0 0.2 55.2 55.4 57.6 57.6 16.8 16.1 97.2 92.1 7.2 DCRS_-_Cotiporã_-_Dois_Lajeados_(110_m) -999.9 -999.9 1004.3 1002.4 1004.3 16.3 14.9 0.0 Rio_Grande_do_Sul DCRS -999.9 0.0 0.2 97.01 97.02 96.73 1 0.2 97.08 97.08 97.08 97.08
-28.995701 -51.754700 DCRS-00057 2026-09-12_04:42 16.2 -999.9 -999.9 91.6 -999.9 -999.9 14.8 -999.9 -999.9 1004.3 -999.9 -999.9 0.0 -999.9 7.2 0.0 0.0 0.2 55.2 55.4 57.6 57.6 16.8 16.1 97.2 91.6 7.2 DCRS_-_Cotiporã_-_Dois_Lajeados_(110_m) -999.9 -999.9 1004.3 1002.4 1004.3 16.3 14.8 0.0 Rio_Grande_do_Sul DCRS -999.9 0.0 0.2 97.01 97.02 96.73 1 0.2 97.08 97.08 97.08 97.08
-28.995701 -51.754700 DCRS-00057 2026-09-12_04:43 16.2 -999.9 -999.9 91.4 -999.9 -999.9 14.8 -999.9 -999.9 1004.3 -999.9 -999.9 0.0 -999.9 7.2 0.0 0.0 0.2 55.2 55.4 57.6 57.6 16.8 16.1 97.2 91.4 7.2 DCRS_-_Cotiporã_-_Dois_Lajeados_(110_m) -999.9 -999.9 1004.3 1002.4 1004.3 16.3 14.8 0.0 Rio_Grande_do_Sul DCRS -999.9 0.0 0.2 97.16 97.16 96.73 1 0.31 97.16 97.16 97.16 97.16
-28.995701 -51.754700 DCRS-00057 2026-09-12_04:44 16.2 -999.9 -999.9 91.2 -999.9 -999.9 14.8 -999.9 -999.9 1004.3 -999.9 -999.9 2.5 -999.9 7.2 0.0 0.0 0.2 55.2 55.4 57.6 57.6 16.8 16.1 97.2 91.2 7.2 DCRS_-_Cotiporã_-_Dois_Lajeados_(110_m) -999.9 -999.9 1004.3 1002.4 1004.3 16.3 14.8 0.0 Rio_Grande_do_Sul DCRS -999.9 0.0 0.2 97.08 97.16 96.73 1 0.23 97.16 97.16 97.16 97.16
-28.995701 -51.754700 DCRS-00057 2026-09-12_04:45 16.3 -999.9 -999.9 91.3 -999.9 -999.9 14.9 -999.9 -999.9 1004.3 -999.9 -999.9 0.0 -999.9 4.8 0.0 0.0 0.2 55.2 55.4 57.6 57.6 16.8 16.1 97.2 91.2 7.2 DCRS_-_Cotiporã_-_Dois_Lajeados_(110_m) -999.9 -999.9 1004.3 1002.4 1004.3 16.3 14.8 0.0 Rio_Grande_do_Sul DCRS -999.9 0.0 0.2 97.1 97.16 96.73 1 0.29 97.16 97.16 97.16 97.16
-28.995701 -51.754700 DCRS-00057 2026-09-12_04:46 16.2 -999.9 -999.9 91.3 -999.9 -999.9 14.8 -999.9 -999.9 1004.3 -999.9 -999.9 2.1 -999.9 4.8 0.0 0.0 0.2 55.2 55.4 57.6 57.6 16.8 16.1 97.2 91.2 7.2 DCRS_-_Cotiporã_-_Dois_Lajeados_(110_m) -999.9 -999.9 1004.3 1002.4 1004.3 16.3 14.8 0.0 Rio_Grande_do_Sul DCRS -999.9 0.0 0.2 97.04 97.16 96.73 1 0.2 97.16 97.16 97.16 97.16
-28.995701 -51.754700 DCRS-00057 2026-09-12_04:47 16.1 -999.9 -999.9 91.2 -999.9 -999.9 14.7 -999.9 -999.9 1004.3 -999.9 -999.9 3.5 -999.9 4.8 0.0 0.0 0.2 55.2 55.4 57.6 57.6 16.8 16.1 97.2 91.2 7.2 DCRS_-_Cotiporã_-_Dois_Lajeados_(110_m) -999.9 -999.9 1004.3 1002.4 1004.3 16.3 14.7 0.0 Rio_Grande_do_Sul DCRS -999.9 0.0 0.2 97.13 97.16 96.73 1 0.36 97.16 97.16 97.16 97.16
-28.995701 -51.754700 DCRS-00057 2026-09-12_04:48 16.2 -999.9 -999.9 91.2 -999.9 -999.9 14.8 -999.9 -999.9 1004.4 -999.9 -999.9 0.0 -999.9 4.8 0.0 0.0 0.2 55.2 55.4 57.6 57.6 16.8 16.1 97.2 91.2 7.2 DCRS_-_Cotiporã_-_Dois_Lajeados_(110_m) -999.9 -999.9 1004.4 1002.4 1004.4 16.3 14.7 0.0 Rio_Grande_do_Sul DCRS -999.9 0.0 0.2 97.16 97.16 96.73 1 0.33 97.16 97.16 97.16 97.16
-28.995701 -51.754700 DCRS-00057 2026-09-12_04:49 16.2 -999.9 -999.9 91.0 -999.9 -999.9 14.7 -999.9 -999.9 1004.4 -999.9 -999.9 4.4 -999.9 4.8 0.0 0.0 0.2 55.2 55.4 57.6 57.6 16.8 16.1 97.2 91.0 7.2 DCRS_-_Cotiporã_-_Dois_Lajeados_(110_m) -999.9 -999.9 1004.4 1002.4 1004.4 16.3 14.7 0.0 Rio_Grande_do_Sul DCRS -999.9 0.0 0.2 97.1 97.16 96.73 1 0.27 97.16 97.16 97.16 97.16
-28.995701 -51.754700 DCRS-00057 2026-09-12_04:50 16.2 -999.9 -999.9 90.9 -999.9 -999.9 14.7 -999.9 -999.9 1004.4 -999.9 -999.9 3.9 -999.9 7.1 0.0 0.0 0.2 55.2 55.4 57.6 57.6 16.8 16.1 97.2 90.9 7.2 DCRS_-_Cotiporã_-_Dois_Lajeados_(110_m) -999.9 -999.9 1004.4 1002.4 1004.4 16.3 14.7 0.0 Rio_Grande_do_Sul DCRS -999.9 0.0 0.2 97.16 97.16 96.73 1 0.29 97.16 97.16 97.16 97.16
-28.995701 -51.754700 DCRS-00057 2026-09-12_04:51 16.1 -999.9 -999.9 91.0 -999.9 -999.9 14.6 -999.9 -999.9 1004.4 -999.9 -999.9 3.1 -999.9 7.1 0.0 0.0 0.2 55.2 55.4 57.6 57.6 16.8 16.1 97.2 90.9 7.2 DCRS_-_Cotiporã_-_Dois_Lajeados_(110_m) -999.9 -999.9 1004.4 1002.4 1004.4 16.3 14.6 0.0 Rio_Grande_do_Sul DCRS -999.9 0.0 0.2 97.15 97.16 96.73 1 0.28 97.16 97.16 97.16 97.16
-28.995701 -51.754700 DCRS-00057 2026-09-12_04:52 16.2 -999.9 -999.9 91.2 -999.9 -999.9 14.8 -999.9 -999.9 1004.5 -999.9 -999.9 4.8 -999.9 7.1 0.0 0.0 0.2 55.2 55.4 57.6 57.6 16.8 16.1 97.2 90.9 7.2 DCRS_-_Cotiporã_-_Dois_Lajeados_(110_m) -999.9 -999.9 1004.5 1002.4 1004.5 16.3 14.6 0.0 Rio_Grande_do_Sul DCRS -999.9 0.0 0.2 97.2 97.2 96.73 1 0.4 97.2 97.2 97.2 97.2
-28.995701 -51.754700 DCRS-00057 2026-09-12_04:53 16.2 -999.9 -999.9 91.2 -999.9 -999.9 14.8 -999.9 -999.9 1004.5 -999.9 -999.9 0.0 -999.9 7.1 0.0 0.0 0.2 55.2 55.4 57.6 57.6 16.8 16.1 97.2 90.9 7.2 DCRS_-_Cotiporã_-_Dois_Lajeados_(110_m) -999.9 -999.9 1004.5 1002.4 1004.5 16.3 14.6 0.0 Rio_Grande_do_Sul DCRS -999.9 0.0 0.2 97.22 97.22 96.73 1 0.41 97.22 97.22 97.22 97.22
-28.995701 -51.754700 DCRS-00057 2026-09-12_04:54 16.2 -999.9 -999.9 91.3 -999.9 -999.9 14.8 -999.9 -999.9 1004.6 -999.9 -999.9 1.9 -999.9 7.1 0.0 0.0 0.2 55.2 55.4 57.6 57.6 16.8 16.1 97.2 90.9 7.2 DCRS_-_Cotiporã_-_Dois_Lajeados_(110_m) -999.9 -999.9 1004.6 1002.4 1004.6 16.3 14.6 0.0 Rio_Grande_do_Sul DCRS -999.9 0.0 0.2 97.15 97.22 96.73 1 0.36 97.22 97.22 97.22 97.22
-28.995701 -51.754700 DCRS-00057 2026-09-12_04:55 16.2 -999.9 -999.9 92.0 -999.9 -999.9 14.9 -999.9 -999.9 1004.6 -999.9 -999.9 0.0 -999.9 8.9 0.0 0.0 0.2 55.2 55.4 57.6 57.6 16.8 16.1 97.2 90.9 8.9 DCRS_-_Cotiporã_-_Dois_Lajeados_(110_m) -999.9 -999.9 1004.6 1002.4 1004.6 16.3 14.6 0.0 Rio_Grande_do_Sul DCRS -999.9 0.0 0.2 97.21 97.22 96.73 1 0.34 97.22 97.22 97.22 97.22
-28.995701 -51.754700 DCRS-00057 2026-09-12_04:56 16.2 -999.9 -999.9 92.8 -999.9 -999.9 15.0 -999.9 -999.9 1004.7 -999.9 -999.9 0.0 -999.9 8.9 0.0 0.0 0.2 55.2 55.4 57.6 57.6 16.8 16.1 97.2 90.9 8.9 DCRS_-_Cotiporã_-_Dois_Lajeados_(110_m) -999.9 -999.9 1004.7 1002.4 1004.7 16.3 14.6 0.0 Rio_Grande_do_Sul DCRS -999.9 0.0 0.2 97.23 97.23 96.73 1 0.36 97.23 97.23 97.23 97.23
-28.995701 -51.754700 DCRS-00057 2026-09-12_04:57 16.2 -999.9 -999.9 93.2 -999.9 -999.9 15.1 -999.9 -999.9 1004.8 -999.9 -999.9 0.0 -999.9 8.9 0.0 0.0 0.2 55.2 55.4 57.6 57.6 16.8 16.1 97.2 90.9 8.9 DCRS_-_Cotiporã_-_Dois_Lajeados_(110_m) -999.9 -999.9 1004.8 1002.4 1004.8 16.3 14.6 0.0 Rio_Grande_do_Sul DCRS -999.9 0.0 0.2 97.15 97.23 96.73 1 0.33 97.23 97.23 97.23 97.23
-28.995701 -51.754700 DCRS-00057 2026-09-12_04:58 16.1 -999.9 -999.9 93.4 -999.9 -999.9 15.0 -999.9 -999.9 1004.8 -999.9 -999.9 3.1 -999.9 8.9 0.0 0.0 0.2 55.2 55.4 57.6 57.6 16.8 16.1 97.2 90.9 8.9 DCRS_-_Cotiporã_-_Dois_Lajeados_(110_m) -999.9 -999.9 1004.8 1002.4 1004.8 16.3 14.6 0.0 Rio_Grande_do_Sul DCRS -999.9 0.0 0.2 97.18 97.23 96.73 1 0.4 97.23 97.23 97.23 97.23
-28.995701 -51.754700 DCRS-00057 2026-09-12_04:59 16.1 -999.9 -999.9 93.5 -999.9 -999.9 15.0 -999.9 -999.9 1004.9 -999.9 -999.9 2.2 -999.9 8.9 0.0 0.0 0.2 55.2 55.4 57.6 57.6 16.8 16.1 97.2 90.9 8.9 DCRS_-_Cotiporã_-_Dois_Lajeados_(110_m) -999.9 -999.9 1004.9 1002.4 1004.9 16.3 14.6 0.0 Rio_Grande_do_Sul DCRS -999.9 0.0 0.2 97.16 97.23 96.73 1 0.37 97.23 97.23 97.23 97.23
-28.995701 -51.754700 DCRS-00057 2026-09-12_05:00 16.0 -999.9 -999.9 93.4 -999.9 -999.9 14.9 -999.9 -999.9 1004.9 -999.9 -999.9 0.0 -999.9 3.1 0.0 0.0 0.2 55.2 55.4 57.6 57.6 16.8 16.0 97.2 90.9 8.9 DCRS_-_Cotiporã_-_Dois_Lajeados_(110_m) -999.9 -999.9 1004.9 1002.4 1004.9 16.3 14.6 0.0 Rio_Grande_do_Sul DCRS -999.9 0.0 0.2 97.16 97.23 96.73 1 0.36 97.23 97.23 97.23 97.23
-28.995701 -51.754700 DCRS-00057 2026-09-12_05:01 16.0 -999.9 -999.9 93.1 -999.9 -999.9 14.9 -999.9 -999.9 1004.9 -999.9 -999.9 0.0 -999.9 3.1 0.0 0.0 0.2 55.2 55.4 57.6 57.6 16.8 16.0 97.2 90.9 8.9 DCRS_-_Cotiporã_-_Dois_Lajeados_(110_m) -999.9 -999.9 1004.9 1002.4 1004.9 16.3 14.6 0.0 Rio_Grande_do_Sul DCRS -999.9 0.0 0.2 97.14 97.23 96.73 1 0.3 97.23 97.23 97.23 97.23
-28.995701 -51.754700 DCRS-00057 2026-09-12_05:02 16.0 -999.9 -999.9 93.1 -999.9 -999.9 14.9 -999.9 -999.9 1004.9 -999.9 -999.9 0.0 -999.9 3.1 0.0 0.0 0.2 55.2 55.4 57.6 57.6 16.8 16.0 97.2 90.9 8.9 DCRS_-_Cotiporã_-_Dois_Lajeados_(110_m) -999.9 -999.9 1004.9 1002.4 1004.9 16.3 14.6 0.0 Rio_Grande_do_Sul DCRS -999.9 0.0 0.2 97.15 97.23 96.73 1 0.33 97.23 97.23 97.23 97.23
-28.995701 -51.754700 DCRS-00057 2026-09-12_05:03 16.1 -999.9 -999.9 93.3 -999.9 -999.9 15.0 -999.9 -999.9 1004.9 -999.9 -999.9 0.0 -999.9 3.1 0.0 0.0 0.2 55.2 55.4 57.6 57.6 16.8 16.0 97.2 90.9 8.9 DCRS_-_Cotiporã_-_Dois_Lajeados_(110_m) -999.9 -999.9 1004.9 1002.4 1004.9 16.3 14.6 0.0 Rio_Grande_do_Sul DCRS -999.9 0.0 0.2 97.25 97.25 96.73 1 0.45 97.25 97.25 97.25 97.25
-28.995701 -51.754700 DCRS-00057 2026-09-12_05:04 16.1 -999.9 -999.9 93.4 -999.9 -999.9 15.0 -999.9 -999.9 1004.9 -999.9 -999.9 2.2 -999.9 3.1 0.0 0.0 0.2 55.2 55.4 57.6 57.6 16.8 16.0 97.2 90.9 8.9 DCRS_-_Cotiporã_-_Dois_Lajeados_(110_m) -999.9 -999.9 1004.9 1002.4 1004.9 16.3 14.6 0.0 Rio_Grande_do_Sul DCRS -999.9 0.0 0.2 97.18 97.25 96.73 1 0.36 97.25 97.25 97.25 97.25
-28.995701 -51.754700 DCRS-00057 2026-09-12_05:05 16.0 -999.9 -999.9 93.5 -999.9 -999.9 14.9 -999.9 -999.9 1004.9 -999.9 -999.9 0.0 -999.9 2.3 0.0 0.0 0.2 55.2 55.4 57.6 57.6 16.8 16.0 97.2 90.9 8.9 DCRS_-_Cotiporã_-_Dois_Lajeados_(110_m) -999.9 -999.9 1004.9 1002.4 1004.9 16.3 14.6 0.0 Rio_Grande_do_Sul DCRS -999.9 0.0 0.2 97.16 97.25 96.73 1 0.34 97.25 97.25 97.25 97.25
-28.995701 -51.754700 DCRS-00057 2026-09-12_05:06 16.0 -999.9 -999.9 93.5 -999.9 -999.9 14.9 -999.9 -999.9 1004.9 -999.9 -999.9 1.9 -999.9 2.3 0.0 0.0 0.2 55.2 55.4 57.6 57.6 16.8 16.0 97.2 90.9 8.9 DCRS_-_Cotiporã_-_Dois_Lajeados_(110_m) -999.9 -999.9 1004.9 1002.4 1004.9 16.3 14.6 0.0 Rio_Grande_do_Sul DCRS -999.9 0.0 0.2 97.19 97.25 96.73 1 0.39 97.25 97.25 97.25 97.25
-28.995701 -51.754700 DCRS-00057 2026-09-12_05:07 16.0 -999.9 -999.9 93.6 -999.9 -999.9 15.0 -999.9 -999.9 1005.0 -999.9 -999.9 0.0 -999.9 2.3 0.0 0.0 0.2 55.2 55.4 57.6 57.6 16.8 16.0 97.2 90.9 8.9 DCRS_-_Cotiporã_-_Dois_Lajeados_(110_m) -999.9 -999.9 1005.0 1002.4 1005.0 16.3 14.6 0.0 Rio_Grande_do_Sul DCRS -999.9 0.0 0.2 97.16 97.25 96.73 1 0.36 97.25 97.25 97.25 97.25
-28.995701 -51.754700 DCRS-00057 2026-09-12_05:08 15.9 -999.9 -999.9 93.6 -999.9 -999.9 14.9 -999.9 -999.9 1005.0 -999.9 -999.9 0.0 -999.9 2.3 0.0 0.0 0.2 55.2 55.4 57.6 57.6 16.8 15.9 97.2 90.9 8.9 DCRS_-_Cotiporã_-_Dois_Lajeados_(110_m) -999.9 -999.9 1005.0 1002.4 1005.0 16.3 14.6 0.0 Rio_Grande_do_Sul DCRS -999.9 0.0 0.2 97.21 97.25 96.73 1 0.35 97.25 97.25 97.25 97.25
-28.995701 -51.754700 DCRS-00057 2026-09-12_05:09 15.9 -999.9 -999.9 93.6 -999.9 -999.9 14.9 -999.9 -999.9 1005.0 -999.9 -999.9 0.0 -999.9 2.3 0.0 0.0 0.2 55.2 55.4 57.6 57.6 16.8 15.9 97.2 90.9 8.9 DCRS_-_Cotiporã_-_Dois_Lajeados_(110_m) -999.9 -999.9 1005.0 1002.4 1005.0 16.3 14.6 0.0 Rio_Grande_do_Sul DCRS -999.9 0.0 0.2 97.17 97.25 96.73 1 0.31 97.25 97.25 97.25 97.25
-28.995701 -51.754700 DCRS-00057 2026-09-12_05:10 15.9 -999.9 -999.9 93.7 -999.9 -999.9 14.9 -999.9 -999.9 1005.0 -999.9 -999.9 0.0 -999.9 2.2 0.0 0.0 0.2 55.2 55.4 57.6 57.6 16.8 15.9 97.2 90.9 8.9 DCRS_-_Cotiporã_-_Dois_Lajeados_(110_m) -999.9 -999.9 1005.0 1002.4 1005.0 16.3 14.6 0.0 Rio_Grande_do_Sul DCRS -999.9 0.0 0.2 97.14 97.25 96.73 1 0.28 97.25 97.25 97.25 97.25
-28.995701 -51.754700 DCRS-00057 2026-09-12_05:11 15.9 -999.9 -999.9 93.8 -999.9 -999.9 14.9 -999.9 -999.9 1005.1 -999.9 -999.9 1.9 -999.9 2.2 0.0 0.0 0.2 55.2 55.4 57.6 57.6 16.8 15.9 97.2 90.9 8.9 DCRS_-_Cotiporã_-_Dois_Lajeados_(110_m) -999.9 -999.9 1005.1 1002.4 1005.1 16.3 14.6 0.0 Rio_Grande_do_Sul DCRS -999.9 0.0 0.2 97.2 97.25 96.73 1 0.34 97.25 97.25 97.25 97.25
-28.995701 -51.754700 DCRS-00057 2026-09-12_05:12 15.9 -999.9 -999.9 94.0 -999.9 -999.9 14.9 -999.9 -999.9 1005.1 -999.9 -999.9 0.0 -999.9 2.2 0.0 0.0 0.2 55.2 55.4 57.6 57.6 16.8 15.9 97.2 90.9 8.9 DCRS_-_Cotiporã_-_Dois_Lajeados_(110_m) -999.9 -999.9 1005.1 1002.4 1005.1 16.3 14.6 0.0 Rio_Grande_do_Sul DCRS -999.9 0.0 0.2 97.22 97.25 96.73 1 0.35 97.25 97.25 97.25 97.25
-28.995701 -51.754700 DCRS-00057 2026-09-12_05:13 15.9 -999.9 -999.9 94.2 -999.9 -999.9 15.0 -999.9 -999.9 1005.1 -999.9 -999.9 1.8 -999.9 2.2 0.0 0.0 0.2 55.2 55.4 57.6 57.6 16.8 15.9 97.2 90.9 8.9 DCRS_-_Cotiporã_-_Dois_Lajeados_(110_m) -999.9 -999.9 1005.1 1002.4 1005.1 16.3 14.6 0.0 Rio_Grande_do_Sul DCRS -999.9 0.0 0.2 97.25 97.25 96.73 1 0.4 97.25 97.25 97.25 97.25
-28.995701 -51.754700 DCRS-00057 2026-09-12_05:14 15.9 -999.9 -999.9 94.3 -999.9 -999.9 15.0 -999.9 -999.9 1005.1 -999.9 -999.9 0.0 -999.9 2.2 0.0 0.0 0.2 55.2 55.4 57.6 57.6 16.8 15.9 97.2 90.9 8.9 DCRS_-_Cotiporã_-_Dois_Lajeados_(110_m) -999.9 -999.9 1005.1 1002.4 1005.1 16.3 14.6 0.0 Rio_Grande_do_Sul DCRS -999.9 0.0 0.2 97.25 97.25 96.73 1 0.41 97.25 97.25 97.25 97.25
-28.995701 -51.754700 DCRS-00057 2026-09-12_05:15 15.8 -999.9 -999.9 94.3 -999.9 -999.9 14.9 -999.9 -999.9 1005.2 -999.9 -999.9 0.0 -999.9 2.0 0.0 0.0 0.2 55.2 55.4 57.6 57.6 16.8 15.8 97.2 90.9 8.9 DCRS_-_Cotiporã_-_Dois_Lajeados_(110_m) -999.9 -999.9 1005.2 1002.4 1005.2 16.3 14.6 0.0 Rio_Grande_do_Sul DCRS -999.9 0.0 0.2 97.27 97.27 96.73 1 0.39 97.27 97.27 97.27 97.27
-28.995701 -51.754700 DCRS-00057 2026-09-12_05:16 15.8 -999.9 -999.9 94.4 -999.9 -999.9 14.9 -999.9 -999.9 1005.2 -999.9 -999.9 0.0 -999.9 2.0 0.0 0.0 0.2 55.2 55.4 57.6 57.6 16.8 15.8 97.2 90.9 8.9 DCRS_-_Cotiporã_-_Dois_Lajeados_(110_m) -999.9 -999.9 1005.2 1002.4 1005.2 16.3 14.6 0.0 Rio_Grande_do_Sul DCRS -999.9 0.0 0.2 97.24 97.27 96.73 1 0.35 97.27 97.27 97.27 97.27
-28.995701 -51.754700 DCRS-00057 2026-09-12_05:17 15.8 -999.9 -999.9 94.4 -999.9 -999.9 14.9 -999.9 -999.9 1005.3 -999.9 -999.9 2.0 -999.9 2.0 0.0 0.0 0.2 55.2 55.4 57.6 57.6 16.8 15.8 97.2 90.9 8.9 DCRS_-_Cotiporã_-_Dois_Lajeados_(110_m) -999.9 -999.9 1005.3 1002.4 1005.3 16.3 14.6 0.0 Rio_Grande_do_Sul DCRS -999.9 0.0 0.2 97.22 97.27 96.73 1 0.34 97.27 97.27 97.27 97.27
-28.995701 -51.754700 DCRS-00057 2026-09-12_05:18 15.8 -999.9 -999.9 94.6 -999.9 -999.9 14.9 -999.9 -999.9 1005.3 -999.9 -999.9 1.8 -999.9 2.0 0.0 0.0 0.2 55.2 55.4 57.6 57.6 16.8 15.8 97.2 90.9 8.9 DCRS_-_Cotiporã_-_Dois_Lajeados_(110_m) -999.9 -999.9 1005.3 1002.4 1005.3 16.3 14.6 0.0 Rio_Grande_do_Sul DCRS -999.9 0.0 0.2 97.28 97.28 96.73 1 0.46 97.28 97.28 97.28 97.28
-28.995701 -51.754700 DCRS-00057 2026-09-12_05:19 15.7 -999.9 -999.9 94.6 -999.9 -999.9 14.8 -999.9 -999.9 1005.3 -999.9 -999.9 0.0 -999.9 2.0 0.0 0.0 0.2 55.2 55.4 57.6 57.6 16.8 15.7 97.2 90.9 8.9 DCRS_-_Cotiporã_-_Dois_Lajeados_(110_m) -999.9 -999.9 1005.3 1002.4 1005.3 16.3 14.6 0.0 Rio_Grande_do_Sul DCRS -999.9 0.0 0.2 97.24 97.28 96.73 1 0.34 97.28 97.28 97.28 97.28
-28.995701 -51.754700 DCRS-00057 2026-09-12_05:20 15.8 -999.9 -999.9 94.7 -999.9 -999.9 14.9 -999.9 -999.9 1005.3 -999.9 -999.9 0.0 -999.9 2.4 0.0 0.0 0.2 55.2 55.4 57.6 57.6 16.8 15.7 97.2 90.9 8.9 DCRS_-_Cotiporã_-_Dois_Lajeados_(110_m) -999.9 -999.9 1005.3 1002.4 1005.3 16.3 14.6 0.0 Rio_Grande_do_Sul DCRS -999.9 0.0 0.2 97.27 97.28 96.73 1 0.41 97.28 97.28 97.28 97.28
-28.995701 -51.754700 DCRS-00057 2026-09-12_05:21 15.8 -999.9 -999.9 94.7 -999.9 -999.9 14.9 -999.9 -999.9 1005.3 -999.9 -999.9 0.0 -999.9 2.4 0.0 0.0 0.2 55.2 55.4 57.6 57.6 16.8 15.7 97.2 90.9 8.9 DCRS_-_Cotiporã_-_Dois_Lajeados_(110_m) -999.9 -999.9 1005.3 1002.4 1005.3 16.3 14.6 0.0 Rio_Grande_do_Sul DCRS -999.9 0.0 0.2 97.25 97.28 96.73 1 0.39 97.28 97.28 97.28 97.28
-28.995701 -51.754700 DCRS-00057 2026-09-12_05:22 15.8 -999.9 -999.9 94.7 -999.9 -999.9 14.9 -999.9 -999.9 1005.3 -999.9 -999.9 0.0 -999.9 2.4 0.0 0.0 0.2 55.2 55.4 57.6 57.6 16.8 15.7 97.2 90.9 8.9 DCRS_-_Cotiporã_-_Dois_Lajeados_(110_m) -999.9 -999.9 1005.3 1002.4 1005.3 16.3 14.6 0.0 Rio_Grande_do_Sul DCRS -999.9 0.0 0.2 97.35 97.35 96.73 1 0.49 97.35 97.35 97.35 97.35
-28.995701 -51.754700 DCRS-00057 2026-09-12_05:23 15.8 -999.9 -999.9 94.7 -999.9 -999.9 14.9 -999.9 -999.9 1005.4 -999.9 -999.9 0.0 -999.9 2.4 0.0 0.0 0.2 55.2 55.4 57.6 57.6 16.8 15.7 97.2 90.9 8.9 DCRS_-_Cotiporã_-_Dois_Lajeados_(110_m) -999.9 -999.9 1005.4 1002.4 1005.4 16.3 14.6 0.0 Rio_Grande_do_Sul DCRS -999.9 0.0 0.2 97.3 97.35 96.73 1 0.4 97.35 97.35 97.35 97.35
-28.995701 -51.754700 DCRS-00057 2026-09-12_05:24 15.8 -999.9 -999.9 94.8 -999.9 -999.9 15.0 -999.9 -999.9 1005.4 -999.9 -999.9 0.0 -999.9 2.4 0.0 0.0 0.2 55.2 55.4 57.6 57.6 16.8 15.7 97.2 90.9 8.9 DCRS_-_Cotiporã_-_Dois_Lajeados_(110_m) -999.9 -999.9 1005.4 1002.4 1005.4 16.3 14.6 0.0 Rio_Grande_do_Sul DCRS -999.9 0.0 0.2 97.3 97.35 96.73 1 0.4 97.35 97.35 97.35 97.35
-28.995701 -51.754700 DCRS-00057 2026-09-12_05:25 15.8 -999.9 -999.9 94.7 -999.9 -999.9 14.9 -999.9 -999.9 1005.4 -999.9 -999.9 0.0 -999.9 2.6 0.0 0.0 0.2 55.2 55.4 57.6 57.6 16.8 15.7 97.2 90.9 8.9 DCRS_-_Cotiporã_-_Dois_Lajeados_(110_m) -999.9 -999.9 1005.4 1002.4 1005.4 16.3 14.6 0.0 Rio_Grande_do_Sul DCRS -999.9 0.0 0.2 97.28 97.35 96.73 1 0.45 97.35 97.35 97.35 97.35
-28.995701 -51.754700 DCRS-00057 2026-09-12_05:26 15.8 -999.9 -999.9 95.0 -999.9 -999.9 15.0 -999.9 -999.9 1005.4 -999.9 -999.9 0.0 -999.9 2.6 0.0 0.0 0.2 55.2 55.4 57.6 57.6 16.8 15.7 97.2 90.9 8.9 DCRS_-_Cotiporã_-_Dois_Lajeados_(110_m) -999.9 -999.9 1005.4 1002.4 1005.4 16.3 14.6 0.0 Rio_Grande_do_Sul DCRS -999.9 0.0 0.2 97.35 97.35 96.73 1 0.39 97.35 97.35 97.35 97.35
-28.995701 -51.754700 DCRS-00057 2026-09-12_05:27 15.8 -999.9 -999.9 95.0 -999.9 -999.9 15.0 -999.9 -999.9 1005.4 -999.9 -999.9 0.0 -999.9 2.6 0.0 0.0 0.2 55.2 55.4 57.6 57.6 16.8 15.7 97.2 90.9 8.9 DCRS_-_Cotiporã_-_Dois_Lajeados_(110_m) -999.9 -999.9 1005.4 1002.4 1005.4 16.3 14.6 0.0 Rio_Grande_do_Sul DCRS -999.9 0.0 0.2 97.3 97.35 96.73 1 0.34 97.35 97.35 97.35 97.35
-28.995701 -51.754700 DCRS-00057 2026-09-12_05:28 15.8 -999.9 -999.9 94.9 -999.9 -999.9 15.0 -999.9 -999.9 1005.4 -999.9 -999.9 0.0 -999.9 2.6 0.0 0.0 0.2 55.2 55.4 57.6 57.6 16.8 15.7 97.2 90.9 8.9 DCRS_-_Cotiporã_-_Dois_Lajeados_(110_m) -999.9 -999.9 1005.4 1002.4 1005.4 16.3 14.6 0.0 Rio_Grande_do_Sul DCRS -999.9 0.0 0.2 97.34 97.35 96.73 1 0.4 97.35 97.35 97.35 97.35
-28.995701 -51.754700 DCRS-00057 2026-09-12_05:29 15.8 -999.9 -999.9 94.9 -999.9 -999.9 15.0 -999.9 -999.9 1005.5 -999.9 -999.9 0.0 -999.9 2.6 0.0 0.0 0.2 55.2 55.4 57.6 57.6 16.8 15.7 97.2 90.9 8.9 DCRS_-_Cotiporã_-_Dois_Lajeados_(110_m) -999.9 -999.9 1005.5 1002.4 1005.5 16.3 14.6 0.0 Rio_Grande_do_Sul DCRS -999.9 0.0 0.2 97.31 97.35 96.73 1 0.37 97.35 97.35 97.35 97.35
-28.995701 -51.754700 DCRS-00057 2026-09-12_05:30 15.8 -999.9 -999.9 94.9 -999.9 -999.9 15.0 -999.9 -999.9 1005.5 -999.9 -999.9 2.7 -999.9 3.6 0.0 0.0 0.2 55.2 55.4 57.6 57.6 16.8 15.7 97.2 90.9 8.9 DCRS_-_Cotiporã_-_Dois_Lajeados_(110_m) -999.9 -999.9 1005.5 1002.4 1005.5 16.3 14.6 0.0 Rio_Grande_do_Sul DCRS -999.9 0.0 0.2 97.31 97.35 96.73 1 0.34 97.35 97.35 97.35 97.35
-28.995701 -51.754700 DCRS-00057 2026-09-12_05:31 15.8 -999.9 -999.9 94.7 -999.9 -999.9 14.9 -999.9 -999.9 1005.5 -999.9 -999.9 0.0 -999.9 3.6 0.0 0.0 0.2 55.2 55.4 57.6 57.6 16.8 15.7 97.2 90.9 8.9 DCRS_-_Cotiporã_-_Dois_Lajeados_(110_m) -999.9 -999.9 1005.5 1002.4 1005.5 16.3 14.6 0.0 Rio_Grande_do_Sul DCRS -999.9 0.0 0.2 97.37 97.37 96.73 1 0.4 97.37 97.37 97.37 97.37
-28.995701 -51.754700 DCRS-00057 2026-09-12_05:32 15.8 -999.9 -999.9 94.5 -999.9 -999.9 14.9 -999.9 -999.9 1005.6 -999.9 -999.9 0.0 -999.9 3.6 0.0 0.0 0.2 55.2 55.4 57.6 57.6 16.8 15.7 97.2 90.9 8.9 DCRS_-_Cotiporã_-_Dois_Lajeados_(110_m) -999.9 -999.9 1005.6 1002.4 1005.6 16.3 14.6 0.0 Rio_Grande_do_Sul DCRS -999.9 0.0 0.2 97.37 97.37 96.73 1 0.38 97.37 97.37 97.37 97.37
-28.995701 -51.754700 DCRS-00057 2026-09-12_05:33 15.8 -999.9 -999.9 94.5 -999.9 -999.9 14.9 -999.9 -999.9 1005.7 -999.9 -999.9 0.0 -999.9 3.6 0.0 0.0 0.2 55.2 55.4 57.6 57.6 16.8 15.7 97.2 90.9 8.9 DCRS_-_Cotiporã_-_Dois_Lajeados_(110_m) -999.9 -999.9 1005.7 1002.4 1005.7 16.3 14.6 0.0 Rio_Grande_do_Sul DCRS -999.9 0.0 0.2 97.34 97.37 96.73 1 0.34 97.37 97.37 97.37 97.37
-28.995701 -51.754700 DCRS-00057 2026-09-12_05:34 15.8 -999.9 -999.9 94.4 -999.9 -999.9 14.9 -999.9 -999.9 1005.8 -999.9 -999.9 0.0 -999.9 3.6 0.0 0.0 0.2 55.2 55.4 57.6 57.6 16.8 15.7 97.2 90.9 8.9 DCRS_-_Cotiporã_-_Dois_Lajeados_(110_m) -999.9 -999.9 1005.8 1002.4 1005.8 16.3 14.6 0.0 Rio_Grande_do_Sul DCRS -999.9 0.0 0.2 97.37 97.37 96.73 1 0.45 97.37 97.37 97.37 97.37
-28.995701 -51.754700 DCRS-00057 2026-09-12_05:35 15.9 -999.9 -999.9 94.3 -999.9 -999.9 15.0 -999.9 -999.9 1005.8 -999.9 -999.9 1.8 -999.9 3.8 0.0 0.0 0.2 55.2 55.4 57.6 57.6 16.8 15.7 97.2 90.9 8.9 DCRS_-_Cotiporã_-_Dois_Lajeados_(110_m) -999.9 -999.9 1005.8 1002.4 1005.8 16.3 14.6 0.0 Rio_Grande_do_Sul DCRS -999.9 0.0 0.2 97.36 97.37 96.73 1 0.39 97.37 97.37 97.37 97.37
-28.995701 -51.754700 DCRS-00057 2026-09-12_05:36 15.9 -999.9 -999.9 94.4 -999.9 -999.9 15.0 -999.9 -999.9 1005.8 -999.9 -999.9 0.0 -999.9 3.8 0.0 0.0 0.2 55.2 55.4 57.6 57.6 16.8 15.7 97.2 90.9 8.9 DCRS_-_Cotiporã_-_Dois_Lajeados_(110_m) -999.9 -999.9 1005.8 1002.4 1005.8 16.3 14.6 0.0 Rio_Grande_do_Sul DCRS -999.9 0.0 0.2 97.42 97.42 96.73 1 0.46 97.42 97.42 97.42 97.42
-28.995701 -51.754700 DCRS-00057 2026-09-12_05:37 15.8 -999.9 -999.9 94.5 -999.9 -999.9 14.9 -999.9 -999.9 1005.8 -999.9 -999.9 0.0 -999.9 3.8 0.0 0.0 0.2 55.2 55.4 57.6 57.6 16.8 15.7 97.2 90.9 8.9 DCRS_-_Cotiporã_-_Dois_Lajeados_(110_m) -999.9 -999.9 1005.8 1002.4 1005.8 16.3 14.6 0.0 Rio_Grande_do_Sul DCRS -999.9 0.0 0.2 97.38 97.42 96.73 1 0.4 97.42 97.42 97.42 97.42
-28.995701 -51.754700 DCRS-00057 2026-09-12_05:38 15.8 -999.9 -999.9 94.5 -999.9 -999.9 14.9 -999.9 -999.9 1005.8 -999.9 -999.9 0.0 -999.9 3.8 0.0 0.0 0.2 55.2 55.4 57.6 57.6 16.8 15.7 97.2 90.9 8.9 DCRS_-_Cotiporã_-_Dois_Lajeados_(110_m) -999.9 -999.9 1005.8 1002.4 1005.8 16.3 14.6 0.0 Rio_Grande_do_Sul DCRS -999.9 0.0 0.2 97.41 97.42 96.73 1 0.39 97.42 97.42 97.42 97.42
-28.995701 -51.754700 DCRS-00057 2026-09-12_05:39 15.8 -999.9 -999.9 94.5 -999.9 -999.9 14.9 -999.9 -999.9 1005.8 -999.9 -999.9 0.0 -999.9 3.8 0.0 0.0 0.2 55.2 55.4 57.6 57.6 16.8 15.7 97.2 90.9 8.9 DCRS_-_Cotiporã_-_Dois_Lajeados_(110_m) -999.9 -999.9 1005.8 1002.4 1005.8 16.3 14.6 0.0 Rio_Grande_do_Sul DCRS -999.9 0.0 0.2 97.4 97.42 96.73 1 0.38 97.42 97.42 97.42 97.42
-28.995701 -51.754700 DCRS-00057 2026-09-12_05:40 15.9 -999.9 -999.9 94.6 -999.9 -999.9 15.0 -999.9 -999.9 1005.8 -999.9 -999.9 0.0 -999.9 2.2 0.0 0.0 0.2 55.2 55.4 57.6 57.6 16.8 15.7 97.2 90.9 8.9 DCRS_-_Cotiporã_-_Dois_Lajeados_(110_m) -999.9 -999.9 1005.8 1002.4 1005.8 16.3 14.6 0.0 Rio_Grande_do_Sul DCRS -999.9 0.0 0.2 97.42 97.42 96.73 1 0.4 97.42 97.42 97.42 97.42
-28.995701 -51.754700 DCRS-00057 2026-09-12_05:41 15.8 -999.9 -999.9 94.5 -999.9 -999.9 14.9 -999.9 -999.9 1005.8 -999.9 -999.9 -999.9 -999.9 2.2 0.0 0.0 0.2 55.2 55.4 57.6 57.6 16.8 15.7 97.2 90.9 8.9 DCRS_-_Cotiporã_-_Dois_Lajeados_(110_m) -999.9 -999.9 1005.8 1002.4 1005.8 16.3 14.6 0.0 Rio_Grande_do_Sul DCRS -999.9 0.0 0.2 97.49 97.49 96.73 1 0.48 97.49 97.49 97.49 97.49
-28.995701 -51.754700 DCRS-00057 2026-09-12_05:42 15.8 -999.9 -999.9 94.5 -999.9 -999.9 14.9 -999.9 -999.9 1005.9 -999.9 -999.9 -999.9 -999.9 2.2 0.0 0.0 0.2 55.2 55.4 57.6 57.6 16.8 15.7 97.2 90.9 8.9 DCRS_-_Cotiporã_-_Dois_Lajeados_(110_m) -999.9 -999.9 1005.9 1002.4 1005.9 16.3 14.6 0.0 Rio_Grande_do_Sul DCRS -999.9 0.0 0.2 97.35 97.49 96.73 1 0.34 97.49 97.49 97.49 97.49
-28.995701 -51.754700 DCRS-00057 2026-09-12_05:43 15.8 -999.9 -999.9 94.4 -999.9 -999.9 14.9 -999.9 -999.9 1005.9 -999.9 -999.9 0.0 -999.9 2.2 0.0 0.0 0.2 55.2 55.4 57.6 57.6 16.8 15.7 97.2 90.9 8.9 DCRS_-_Cotiporã_-_Dois_Lajeados_(110_m) -999.9 -999.9 1005.9 1002.4 1005.9 16.3 14.6 0.0 Rio_Grande_do_Sul DCRS -999.9 0.0 0.2 97.52 97.52 96.73 1 0.36 97.52 97.52 97.52 97.52
-28.995701 -51.754700 DCRS-00057 2026-09-12_05:44 15.8 -999.9 -999.9 94.4 -999.9 -999.9 14.9 -999.9 -999.9 1006.0 -999.9 -999.9 -999.9 -999.9 2.2 0.0 0.0 0.2 55.2 55.4 57.6 57.6 16.8 15.7 97.2 90.9 8.9 DCRS_-_Cotiporã_-_Dois_Lajeados_(110_m) -999.9 -999.9 1006.0 1002.4 1006.0 16.3 14.6 0.0 Rio_Grande_do_Sul DCRS -999.9 0.0 0.2 97.46 97.52 96.73 1 0.36 97.52 97.52 97.52 97.52
-28.995701 -51.754700 DCRS-00057 2026-09-12_05:45 15.7 -999.9 -999.9 94.5 -999.9 -999.9 14.8 -999.9 -999.9 1006.0 -999.9 -999.9 0.0 -999.9 4.8 0.0 0.0 0.2 55.2 55.4 57.6 57.6 16.8 15.7 97.2 90.9 8.9 DCRS_-_Cotiporã_-_Dois_Lajeados_(110_m) -999.9 -999.9 1006.0 1002.4 1006.0 16.3 14.6 0.0 Rio_Grande_do_Sul DCRS -999.9 0.0 0.2 97.47 97.52 96.73 1 0.43 97.52 97.52 97.52 97.52
-28.995701 -51.754700 DCRS-00057 2026-09-12_05:46 15.7 -999.9 -999.9 94.5 -999.9 -999.9 14.8 -999.9 -999.9 1006.0 -999.9 -999.9 0.0 -999.9 4.8 0.0 0.0 0.2 55.2 55.4 57.6 57.6 16.8 15.7 97.2 90.9 8.9 DCRS_-_Cotiporã_-_Dois_Lajeados_(110_m) -999.9 -999.9 1006.0 1002.4 1006.0 16.3 14.6 0.0 Rio_Grande_do_Sul DCRS -999.9 0.0 0.2 97.46 97.52 96.73 1 0.42 97.52 97.52 97.52 97.52
-28.995701 -51.754700 DCRS-00057 2026-09-12_05:47 15.7 -999.9 -999.9 94.4 -999.9 -999.9 14.8 -999.9 -999.9 1006.1 -999.9 -999.9 0.0 -999.9 4.8 0.0 0.0 0.2 55.2 55.4 57.6 57.6 16.8 15.7 97.2 90.9 8.9 DCRS_-_Cotiporã_-_Dois_Lajeados_(110_m) -999.9 -999.9 1006.1 1002.4 1006.1 16.3 14.6 0.0 Rio_Grande_do_Sul DCRS -999.9 0.0 0.2 97.43 97.52 96.73 1 0.3 97.52 97.52 97.52 97.52
-28.995701 -51.754700 DCRS-00057 2026-09-12_05:48 15.8 -999.9 -999.9 94.7 -999.9 -999.9 14.9 -999.9 -999.9 1006.2 -999.9 -999.9 0.0 -999.9 4.8 0.0 0.0 0.2 55.2 55.4 57.6 57.6 16.8 15.7 97.2 90.9 8.9 DCRS_-_Cotiporã_-_Dois_Lajeados_(110_m) -999.9 -999.9 1006.2 1002.4 1006.2 16.3 14.6 0.0 Rio_Grande_do_Sul DCRS -999.9 0.0 0.2 97.49 97.52 96.73 1 0.33 97.52 97.52 97.52 97.52
-28.995701 -51.754700 DCRS-00057 2026-09-12_05:49 15.8 -999.9 -999.9 95.0 -999.9 -999.9 15.0 -999.9 -999.9 1006.2 -999.9 -999.9 0.0 -999.9 4.8 0.0 0.0 0.2 55.2 55.4 57.6 57.6 16.8 15.7 97.2 90.9 8.9 DCRS_-_Cotiporã_-_Dois_Lajeados_(110_m) -999.9 -999.9 1006.2 1002.4 1006.2 16.3 14.6 0.0 Rio_Grande_do_Sul DCRS -999.9 0.0 0.2 97.47 97.52 96.73 1 0.31 97.52 97.52 97.52 97.52
-28.995701 -51.754700 DCRS-00057 2026-09-12_05:50 15.8 -999.9 -999.9 95.1 -999.9 -999.9 15.0 -999.9 -999.9 1006.3 -999.9 -999.9 0.0 -999.9 2.2 0.0 0.0 0.2 55.2 55.4 57.6 57.6 16.8 15.7 97.2 90.9 8.9 DCRS_-_Cotiporã_-_Dois_Lajeados_(110_m) -999.9 -999.9 1006.3 1002.4 1006.3 16.3 14.6 0.0 Rio_Grande_do_Sul DCRS -999.9 0.0 0.2 97.43 97.52 96.73 1 0.27 97.52 97.52 97.52 97.52
-28.995701 -51.754700 DCRS-00057 2026-09-12_05:51 15.8 -999.9 -999.9 95.3 -999.9 -999.9 15.0 -999.9 -999.9 1006.3 -999.9 -999.9 0.0 -999.9 2.2 0.0 0.0 0.2 55.2 55.4 57.6 57.6 16.8 15.7 97.2 90.9 8.9 DCRS_-_Cotiporã_-_Dois_Lajeados_(110_m) -999.9 -999.9 1006.3 1002.4 1006.3 16.3 14.6 0.0 Rio_Grande_do_Sul DCRS -999.9 0.0 0.2 97.46 97.52 96.73 1 0.31 97.52 97.52 97.52 97.52
-28.995701 -51.754700 DCRS-00057 2026-09-12_05:52 15.8 -999.9 -999.9 95.3 -999.9 -999.9 15.0 -999.9 -999.9 1006.4 -999.9 -999.9 2.2 -999.9 2.2 0.0 0.0 0.2 55.2 55.4 57.6 57.6 16.8 15.7 97.2 90.9 8.9 DCRS_-_Cotiporã_-_Dois_Lajeados_(110_m) -999.9 -999.9 1006.4 1002.4 1006.4 16.3 14.6 0.0 Rio_Grande_do_Sul DCRS -999.9 0.0 0.2 97.45 97.52 96.73 1 0.23 97.52 97.52 97.52 97.52
-28.995701 -51.754700 DCRS-00057 2026-09-12_05:53 15.7 -999.9 -999.9 95.3 -999.9 -999.9 14.9 -999.9 -999.9 1006.4 -999.9 -999.9 0.0 -999.9 2.2 0.0 0.0 0.2 55.2 55.4 57.6 57.6 16.8 15.7 97.2 90.9 8.9 DCRS_-_Cotiporã_-_Dois_Lajeados_(110_m) -999.9 -999.9 1006.4 1002.4 1006.4 16.3 14.6 0.0 Rio_Grande_do_Sul DCRS -999.9 0.0 0.2 97.46 97.52 96.73 1 0.31 97.52 97.52 97.52 97.52
-28.995701 -51.754700 DCRS-00057 2026-09-12_05:54 15.7 -999.9 -999.9 95.3 -999.9 -999.9 14.9 -999.9 -999.9 1006.4 -999.9 -999.9 0.0 -999.9 2.2 0.0 0.0 0.2 55.2 55.4 57.6 57.6 16.8 15.7 97.2 90.9 8.9 DCRS_-_Cotiporã_-_Dois_Lajeados_(110_m) -999.9 -999.9 1006.4 1002.4 1006.4 16.3 14.6 0.0 Rio_Grande_do_Sul DCRS -999.9 0.0 0.2 97.49 97.52 96.73 1 0.28 97.52 97.52 97.52 97.52
-28.995701 -51.754700 DCRS-00057 2026-09-12_05:55 15.7 -999.9 -999.9 95.3 -999.9 -999.9 14.9 -999.9 -999.9 1006.5 -999.9 -999.9 0.0 -999.9 2.8 0.0 0.0 0.2 55.2 55.4 57.6 57.6 16.8 15.7 97.2 90.9 8.9 DCRS_-_Cotiporã_-_Dois_Lajeados_(110_m) -999.9 -999.9 1006.5 1002.4 1006.5 16.3 14.6 0.0 Rio_Grande_do_Sul DCRS -999.9 0.0 0.2 97.43 97.52 96.73 1 0.22 97.52 97.52 97.52 97.52
-28.995701 -51.754700 DCRS-00057 2026-09-12_05:56 15.7 -999.9 -999.9 95.3 -999.9 -999.9 14.9 -999.9 -999.9 1006.6 -999.9 -999.9 2.1 -999.9 2.8 0.0 0.0 0.2 55.2 55.4 57.6 57.6 16.8 15.7 97.2 90.9 8.9 DCRS_-_Cotiporã_-_Dois_Lajeados_(110_m) -999.9 -999.9 1006.6 1002.4 1006.6 16.3 14.6 0.0 Rio_Grande_do_Sul DCRS -999.9 0.0 0.2 97.42 97.52 96.73 1 0.19 97.52 97.52 97.52 97.52
-28.995701 -51.754700 DCRS-00057 2026-09-12_05:57 15.7 -999.9 -999.9 95.2 -999.9 -999.9 14.9 -999.9 -999.9 1006.6 -999.9 -999.9 0.0 -999.9 2.8 0.0 0.0 0.2 55.2 55.4 57.6 57.6 16.8 15.7 97.2 90.9 8.9 DCRS_-_Cotiporã_-_Dois_Lajeados_(110_m) -999.9 -999.9 1006.6 1002.4 1006.6 16.3 14.6 0.0 Rio_Grande_do_Sul DCRS -999.9 0.0 0.2 97.47 97.52 96.73 1 0.32 97.52 97.52 97.52 97.52
-28.995701 -51.754700 DCRS-00057 2026-09-12_05:58 15.7 -999.9 -999.9 95.0 -999.9 -999.9 14.9 -999.9 -999.9 1006.6 -999.9 -999.9 0.0 -999.9 2.8 0.0 0.0 0.2 55.2 55.4 57.6 57.6 16.8 15.7 97.2 90.9 8.9 DCRS_-_Cotiporã_-_Dois_Lajeados_(110_m) -999.9 -999.9 1006.6 1002.4 1006.6 16.3 14.6 0.0 Rio_Grande_do_Sul DCRS -999.9 0.0 0.2 97.48 97.52 96.73 1 0.32 97.52 97.52 97.52 97.52
-28.995701 -51.754700 DCRS-00057 2026-09-12_05:59 15.7 -999.9 -999.9 94.7 -999.9 -999.9 14.8 -999.9 -999.9 1006.6 -999.9 -999.9 0.0 -999.9 2.8 0.0 0.0 0.2 55.2 55.4 57.6 57.6 16.8 15.7 97.2 90.9 8.9 DCRS_-_Cotiporã_-_Dois_Lajeados_(110_m) -999.9 -999.9 1006.6 1002.4 1006.6 16.3 14.6 0.0 Rio_Grande_do_Sul DCRS -999.9 0.0 0.2 97.45 97.52 96.73 1 0.29 97.52 97.52 97.52 97.52
-28.995701 -51.754700 DCRS-00057 2026-09-12_06:00 15.7 -999.9 -999.9 94.7 -999.9 -999.9 14.8 -999.9 -999.9 1006.6 -999.9 -999.9 2.6 -999.9 2.7 0.0 0.0 0.2 55.2 55.4 57.6 57.6 16.8 15.7 97.2 90.9 8.9 DCRS_-_Cotiporã_-_Dois_Lajeados_(110_m) -999.9 -999.9 1006.6 1002.4 1006.6 16.3 14.6 0.0 Rio_Grande_do_Sul DCRS -999.9 0.0 0.2 97.54 97.54 96.73 1 0.38 97.54 97.54 97.54 97.54
-28.995701 -51.754700 DCRS-00057 2026-09-12_06:01 15.7 -999.9 -999.9 94.9 -999.9 -999.9 14.9 -999.9 -999.9 1006.7 -999.9 -999.9 0.0 -999.9 2.7 0.0 0.0 0.2 55.2 55.4 57.6 57.6 16.8 15.7 97.2 90.9 8.9 DCRS_-_Cotiporã_-_Dois_Lajeados_(110_m) -999.9 -999.9 1006.7 1002.4 1006.7 16.3 14.6 0.0 Rio_Grande_do_Sul DCRS -999.9 0.0 0.2 97.52 97.54 96.73 1 0.38 97.54 97.54 97.54 97.54
-28.995701 -51.754700 DCRS-00057 2026-09-12_06:02 15.7 -999.9 -999.9 95.0 -999.9 -999.9 14.9 -999.9 -999.9 1006.7 -999.9 -999.9 1.8 -999.9 2.7 0.0 0.0 0.2 55.2 55.4 57.6 57.6 16.8 15.7 97.2 90.9 8.9 DCRS_-_Cotiporã_-_Dois_Lajeados_(110_m) -999.9 -999.9 1006.7 1002.4 1006.7 16.3 14.6 0.0 Rio_Grande_do_Sul DCRS -999.9 0.0 0.2 97.49 97.54 96.73 1 0.34 97.54 97.54 97.54 97.54
-28.995701 -51.754700 DCRS-00057 2026-09-12_06:03 15.7 -999.9 -999.9 95.1 -999.9 -999.9 14.9 -999.9 -999.9 1006.7 -999.9 -999.9 0.0 -999.9 2.7 0.0 0.0 0.2 55.2 55.4 57.6 57.6 16.8 15.7 97.2 90.9 8.9 DCRS_-_Cotiporã_-_Dois_Lajeados_(110_m) -999.9 -999.9 1006.7 1002.4 1006.7 16.3 14.6 0.0 Rio_Grande_do_Sul DCRS -999.9 0.0 0.2 97.44 97.54 96.73 1 0.19 97.54 97.54 97.54 97.54
-28.995701 -51.754700 DCRS-00057 2026-09-12_06:04 15.7 -999.9 -999.9 95.2 -999.9 -999.9 14.9 -999.9 -999.9 1006.7 -999.9 -999.9 0.0 -999.9 2.7 0.0 0.0 0.2 55.2 55.4 57.6 57.6 16.8 15.7 97.2 90.9 8.9 DCRS_-_Cotiporã_-_Dois_Lajeados_(110_m) -999.9 -999.9 1006.7 1002.4 1006.7 16.3 14.6 0.0 Rio_Grande_do_Sul DCRS -999.9 0.0 0.2 97.45 97.54 96.73 1 0.27 97.54 97.54 97.54 97.54
-28.995701 -51.754700 DCRS-00057 2026-09-12_06:05 15.7 -999.9 -999.9 95.1 -999.9 -999.9 14.9 -999.9 -999.9 1006.6 -999.9 -999.9 0.0 -999.9 3.1 0.0 0.0 0.2 55.2 55.4 57.6 57.6 16.8 15.7 97.2 90.9 8.9 DCRS_-_Cotiporã_-_Dois_Lajeados_(110_m) -999.9 -999.9 1006.7 1002.4 1006.6 16.3 14.6 0.0 Rio_Grande_do_Sul DCRS -999.9 0.0 0.2 97.42 97.54 96.73 1 0.23 97.54 97.54 97.54 97.54
-28.995701 -51.754700 DCRS-00057 2026-09-12_06:06 15.6 -999.9 -999.9 95.1 -999.9 -999.9 14.8 -999.9 -999.9 1006.6 -999.9 -999.9 0.0 -999.9 3.1 0.0 0.0 0.2 55.2 55.4 57.6 57.6 16.8 15.6 97.2 90.9 8.9 DCRS_-_Cotiporã_-_Dois_Lajeados_(110_m) -999.9 -999.9 1006.7 1002.4 1006.6 16.3 14.6 0.0 Rio_Grande_do_Sul DCRS -999.9 0.0 0.2 97.39 97.54 96.73 1 0.2 97.54 97.54 97.54 97.54
-28.995701 -51.754700 DCRS-00057 2026-09-12_06:07 15.7 -999.9 -999.9 94.9 -999.9 -999.9 14.9 -999.9 -999.9 1006.6 -999.9 -999.9 0.0 -999.9 3.1 0.0 0.0 0.2 55.2 55.4 57.6 57.6 16.8 15.6 97.2 90.9 8.9 DCRS_-_Cotiporã_-_Dois_Lajeados_(110_m) -999.9 -999.9 1006.7 1002.4 1006.6 16.3 14.6 0.0 Rio_Grande_do_Sul DCRS -999.9 0.0 0.2 97.48 97.54 96.73 1 0.32 97.54 97.54 97.54 97.54
-28.995701 -51.754700 DCRS-00057 2026-09-12_06:08 15.7 -999.9 -999.9 95.0 -999.9 -999.9 14.9 -999.9 -999.9 1006.6 -999.9 -999.9 0.0 -999.9 3.1 0.0 0.0 0.2 55.2 55.4 57.6 57.6 16.8 15.6 97.2 90.9 8.9 DCRS_-_Cotiporã_-_Dois_Lajeados_(110_m) -999.9 -999.9 1006.7 1002.4 1006.6 16.3 14.6 0.0 Rio_Grande_do_Sul DCRS -999.9 0.0 0.2 97.49 97.54 96.73 1 0.28 97.54 97.54 97.54 97.54
-28.995701 -51.754700 DCRS-00057 2026-09-12_06:09 15.6 -999.9 -999.9 95.0 -999.9 -999.9 14.8 -999.9 -999.9 1006.6 -999.9 -999.9 0.0 -999.9 3.1 0.0 0.0 0.2 55.2 55.4 57.6 57.6 16.8 15.6 97.2 90.9 8.9 DCRS_-_Cotiporã_-_Dois_Lajeados_(110_m) -999.9 -999.9 1006.7 1002.4 1006.6 16.3 14.6 0.0 Rio_Grande_do_Sul DCRS -999.9 0.0 0.2 97.48 97.54 96.73 1 0.31 97.54 97.54 97.54 97.54
-28.995701 -51.754700 DCRS-00057 2026-09-12_06:10 15.6 -999.9 -999.9 95.0 -999.9 -999.9 14.8 -999.9 -999.9 1006.6 -999.9 -999.9 0.0 -999.9 2.9 0.0 0.0 0.2 55.2 55.4 57.6 57.6 16.8 15.6 97.2 90.9 8.9 DCRS_-_Cotiporã_-_Dois_Lajeados_(110_m) -999.9 -999.9 1006.7 1002.4 1006.6 16.3 14.6 0.0 Rio_Grande_do_Sul DCRS -999.9 0.0 0.2 97.5 97.54 96.73 1 0.36 97.54 97.54 97.54 97.54
-28.995701 -51.754700 DCRS-00057 2026-09-12_06:11 15.6 -999.9 -999.9 95.0 -999.9 -999.9 14.8 -999.9 -999.9 1006.6 -999.9 -999.9 1.8 -999.9 2.9 0.0 0.0 0.2 55.2 55.4 57.6 57.6 16.8 15.6 97.2 90.9 8.9 DCRS_-_Cotiporã_-_Dois_Lajeados_(110_m) -999.9 -999.9 1006.7 1002.4 1006.6 16.3 14.6 0.0 Rio_Grande_do_Sul DCRS -999.9 0.0 0.2 97.46 97.54 96.73 1 0.24 97.54 97.54 97.54 97.54
-28.995701 -51.754700 DCRS-00057 2026-09-12_06:12 15.7 -999.9 -999.9 95.2 -999.9 -999.9 14.9 -999.9 -999.9 1006.6 -999.9 -999.9 0.0 -999.9 2.9 0.0 0.0 0.2 55.2 55.4 57.6 57.6 16.8 15.6 97.2 90.9 8.9 DCRS_-_Cotiporã_-_Dois_Lajeados_(110_m) -999.9 -999.9 1006.7 1002.4 1006.6 16.3 14.6 0.0 Rio_Grande_do_Sul DCRS -999.9 0.0 0.2 97.52 97.54 96.73 1 0.3 97.54 97.54 97.54 97.54
-28.995701 -51.754700 DCRS-00057 2026-09-12_06:13 15.6 -999.9 -999.9 95.3 -999.9 -999.9 14.8 -999.9 -999.9 1006.6 -999.9 -999.9 0.0 -999.9 2.9 0.0 0.0 0.2 55.2 55.4 57.6 57.6 16.8 15.6 97.2 90.9 8.9 DCRS_-_Cotiporã_-_Dois_Lajeados_(110_m) -999.9 -999.9 1006.7 1002.4 1006.6 16.3 14.6 0.0 Rio_Grande_do_Sul DCRS -999.9 0.0 0.2 97.38 97.54 96.73 1 0.13 97.54 97.54 97.54 97.54
-28.995701 -51.754700 DCRS-00057 2026-09-12_06:14 15.6 -999.9 -999.9 95.2 -999.9 -999.9 14.8 -999.9 -999.9 1006.6 -999.9 -999.9 0.0 -999.9 2.9 0.0 0.0 0.2 55.2 55.4 57.6 57.6 16.8 15.6 97.2 90.9 8.9 DCRS_-_Cotiporã_-_Dois_Lajeados_(110_m) -999.9 -999.9 1006.7 1002.4 1006.6 16.3 14.6 0.0 Rio_Grande_do_Sul DCRS -999.9 0.0 0.2 97.53 97.54 96.73 1 0.26 97.54 97.54 97.54 97.54
-28.995701 -51.754700 DCRS-00057 2026-09-12_06:15 15.6 -999.9 -999.9 95.2 -999.9 -999.9 14.8 -999.9 -999.9 1006.6 -999.9 -999.9 0.0 -999.9 1.9 0.0 0.0 0.2 55.2 55.4 57.6 57.6 16.8 15.6 97.2 90.9 8.9 DCRS_-_Cotiporã_-_Dois_Lajeados_(110_m) -999.9 -999.9 1006.7 1002.4 1006.6 16.3 14.6 0.0 Rio_Grande_do_Sul DCRS -999.9 0.0 0.2 97.54 97.54 96.73 1 0.3 97.54 97.54 97.54 97.54
-28.995701 -51.754700 DCRS-00057 2026-09-12_06:16 15.6 -999.9 -999.9 95.2 -999.9 -999.9 14.8 -999.9 -999.9 1006.6 -999.9 -999.9 0.0 -999.9 1.9 0.0 0.0 0.2 55.2 55.4 57.6 57.6 16.8 15.6 97.2 90.9 8.9 DCRS_-_Cotiporã_-_Dois_Lajeados_(110_m) -999.9 -999.9 1006.7 1002.4 1006.6 16.3 14.6 0.0 Rio_Grande_do_Sul DCRS -999.9 0.0 0.2 97.51 97.54 96.73 1 0.29 97.54 97.54 97.54 97.54
-28.995701 -51.754700 DCRS-00057 2026-09-12_06:17 15.6 -999.9 -999.9 95.2 -999.9 -999.9 14.8 -999.9 -999.9 1006.6 -999.9 -999.9 0.0 -999.9 1.9 0.0 0.0 0.2 55.2 55.4 57.6 57.6 16.8 15.6 97.2 90.9 8.9 DCRS_-_Cotiporã_-_Dois_Lajeados_(110_m) -999.9 -999.9 1006.7 1002.4 1006.6 16.3 14.6 0.0 Rio_Grande_do_Sul DCRS -999.9 0.0 0.2 97.43 97.54 96.73 1 0.21 97.54 97.54 97.54 97.54
-28.995701 -51.754700 DCRS-00057 2026-09-12_06:18 15.6 -999.9 -999.9 95.3 -999.9 -999.9 14.8 -999.9 -999.9 1006.6 -999.9 -999.9 0.0 -999.9 1.9 0.0 0.0 0.2 55.2 55.4 57.6 57.6 16.8 15.6 97.2 90.9 8.9 DCRS_-_Cotiporã_-_Dois_Lajeados_(110_m) -999.9 -999.9 1006.7 1002.4 1006.6 16.3 14.6 0.0 Rio_Grande_do_Sul DCRS -999.9 0.0 0.2 97.53 97.54 96.73 1 0.25 97.54 97.54 97.54 97.54
-28.995701 -51.754700 DCRS-00057 2026-09-12_06:19 15.5 -999.9 -999.9 95.2 -999.9 -999.9 14.7 -999.9 -999.9 1006.6 -999.9 -999.9 0.0 -999.9 1.9 0.0 0.0 0.2 55.2 55.4 57.6 57.6 16.8 15.5 97.2 90.9 8.9 DCRS_-_Cotiporã_-_Dois_Lajeados_(110_m) -999.9 -999.9 1006.7 1002.4 1006.6 16.3 14.6 0.0 Rio_Grande_do_Sul DCRS -999.9 0.0 0.2 97.51 97.54 96.73 1 0.24 97.54 97.54 97.54 97.54
-28.995701 -51.754700 DCRS-00057 2026-09-12_06:20 15.5 -999.9 -999.9 95.2 -999.9 -999.9 14.7 -999.9 -999.9 1006.6 -999.9 -999.9 0.0 -999.9 1.9 0.0 0.0 0.2 55.2 55.4 57.6 57.6 16.8 15.5 97.2 90.9 8.9 DCRS_-_Cotiporã_-_Dois_Lajeados_(110_m) -999.9 -999.9 1006.7 1002.4 1006.6 16.3 14.6 0.0 Rio_Grande_do_Sul DCRS -999.9 0.0 0.2 97.51 97.54 96.73 1 0.24 97.54 97.54 97.54 97.54
-28.995701 -51.754700 DCRS-00057 2026-09-12_06:21 15.5 -999.9 -999.9 95.0 -999.9 -999.9 14.7 -999.9 -999.9 1006.6 -999.9 -999.9 0.0 -999.9 1.9 0.0 0.0 0.2 55.2 55.4 57.6 57.6 16.8 15.5 97.2 90.9 8.9 DCRS_-_Cotiporã_-_Dois_Lajeados_(110_m) -999.9 -999.9 1006.7 1002.4 1006.6 16.3 14.6 0.0 Rio_Grande_do_Sul DCRS -999.9 0.0 0.2 97.39 97.54 96.73 1 0.14 97.54 97.54 97.54 97.54
-28.995701 -51.754700 DCRS-00057 2026-09-12_06:22 15.4 -999.9 -999.9 94.6 -999.9 -999.9 14.5 -999.9 -999.9 1006.6 -999.9 -999.9 0.0 -999.9 1.9 0.0 0.0 0.2 55.2 55.4 57.6 57.6 16.8 15.4 97.2 90.9 8.9 DCRS_-_Cotiporã_-_Dois_Lajeados_(110_m) -999.9 -999.9 1006.7 1002.4 1006.6 16.3 14.5 0.0 Rio_Grande_do_Sul DCRS -999.9 0.0 0.2 97.45 97.54 96.73 1 0.1 97.54 97.54 97.54 97.54
-28.995701 -51.754700 DCRS-00057 2026-09-12_06:23 15.4 -999.9 -999.9 94.2 -999.9 -999.9 14.5 -999.9 -999.9 1006.6 -999.9 -999.9 0.0 -999.9 1.9 0.0 0.0 0.2 55.2 55.4 57.6 57.6 16.8 15.4 97.2 90.9 8.9 DCRS_-_Cotiporã_-_Dois_Lajeados_(110_m) -999.9 -999.9 1006.7 1002.4 1006.6 16.3 14.5 0.0 Rio_Grande_do_Sul DCRS -999.9 0.0 0.2 97.44 97.54 96.73 1 0.14 97.54 97.54 97.54 97.54
-28.995701 -51.754700 DCRS-00057 2026-09-12_06:24 15.4 -999.9 -999.9 93.7 -999.9 -999.9 14.4 -999.9 -999.9 1006.5 -999.9 -999.9 0.0 -999.9 1.9 0.0 0.0 0.2 55.2 55.4 57.6 57.6 16.8 15.4 97.2 90.9 8.9 DCRS_-_Cotiporã_-_Dois_Lajeados_(110_m) -999.9 -999.9 1006.7 1002.4 1006.5 16.3 14.4 0.0 Rio_Grande_do_Sul DCRS -999.9 0.0 0.2 97.47 97.54 96.73 1 0.19 97.54 97.54 97.54 97.54
-28.995701 -51.754700 DCRS-00057 2026-09-12_06:25 15.4 -999.9 -999.9 93.3 -999.9 -999.9 14.3 -999.9 -999.9 1006.5 -999.9 -999.9 0.0 -999.9 2.6 0.0 0.0 0.2 55.2 55.4 57.6 57.6 16.8 15.4 97.2 90.9 8.9 DCRS_-_Cotiporã_-_Dois_Lajeados_(110_m) -999.9 -999.9 1006.7 1002.4 1006.5 16.3 14.3 0.0 Rio_Grande_do_Sul DCRS -999.9 0.0 0.2 97.53 97.54 96.73 1 0.18 97.54 97.54 97.54 97.54
-28.995701 -51.754700 DCRS-00057 2026-09-12_06:26 15.5 -999.9 -999.9 92.9 -999.9 -999.9 14.3 -999.9 -999.9 1006.5 -999.9 -999.9 0.0 -999.9 2.6 0.0 0.0 0.2 55.2 55.4 57.6 57.6 16.8 15.4 97.2 90.9 8.9 DCRS_-_Cotiporã_-_Dois_Lajeados_(110_m) -999.9 -999.9 1006.7 1002.4 1006.5 16.3 14.3 0.0 Rio_Grande_do_Sul DCRS -999.9 0.0 0.2 97.54 97.54 96.73 1 0.19 97.54 97.54 97.54 97.54
-28.995701 -51.754700 DCRS-00057 2026-09-12_06:27 15.5 -999.9 -999.9 93.0 -999.9 -999.9 14.4 -999.9 -999.9 1006.5 -999.9 -999.9 0.0 -999.9 2.6 0.0 0.0 0.2 55.2 55.4 57.6 57.6 16.8 15.4 97.2 90.9 8.9 DCRS_-_Cotiporã_-_Dois_Lajeados_(110_m) -999.9 -999.9 1006.7 1002.4 1006.5 16.3 14.3 0.0 Rio_Grande_do_Sul DCRS -999.9 0.0 0.2 97.42 97.54 96.73 1 0.12 97.54 97.54 97.54 97.54
-28.995701 -51.754700 DCRS-00057 2026-09-12_06:28 15.4 -999.9 -999.9 93.2 -999.9 -999.9 14.3 -999.9 -999.9 1006.6 -999.9 -999.9 0.0 -999.9 2.6 0.0 0.0 0.2 55.2 55.4 57.6 57.6 16.8 15.4 97.2 90.9 8.9 DCRS_-_Cotiporã_-_Dois_Lajeados_(110_m) -999.9 -999.9 1006.7 1002.4 1006.6 16.3 14.3 0.0 Rio_Grande_do_Sul DCRS -999.9 0.0 0.2 97.5 97.54 96.73 1 0.16 97.54 97.54 97.54 97.54
-28.995701 -51.754700 DCRS-00057 2026-09-12_06:29 15.4 -999.9 -999.9 93.2 -999.9 -999.9 14.3 -999.9 -999.9 1006.5 -999.9 -999.9 0.0 -999.9 2.6 0.0 0.0 0.2 55.2 55.4 57.6 57.6 16.8 15.4 97.2 90.9 8.9 DCRS_-_Cotiporã_-_Dois_Lajeados_(110_m) -999.9 -999.9 1006.7 1002.4 1006.5 16.3 14.3 0.0 Rio_Grande_do_Sul DCRS -999.9 0.0 0.2 97.4 97.54 96.73 1 0.09 97.54 97.54 97.54 97.54
-28.995701 -51.754700 DCRS-00057 2026-09-12_06:30 15.4 -999.9 -999.9 93.3 -999.9 -999.9 14.3 -999.9 -999.9 1006.5 -999.9 -999.9 0.0 -999.9 3.5 1.0 0.0 0.2 55.2 55.4 57.6 57.6 16.8 15.4 97.2 90.9 8.9 DCRS_-_Cotiporã_-_Dois_Lajeados_(110_m) -999.9 -999.9 1006.7 1002.4 1006.5 16.3 14.3 1.0 Rio_Grande_do_Sul DCRS -999.9 0.0 0.2 97.45 97.54 96.73 1 0.14 97.54 97.54 97.54 97.54
-28.995701 -51.754700 DCRS-00057 2026-09-12_06:31 15.4 -999.9 -999.9 93.1 -999.9 -999.9 14.3 -999.9 -999.9 1006.6 -999.9 -999.9 0.0 -999.9 3.5 1.0 0.0 0.2 55.2 55.4 57.6 57.6 16.8 15.4 97.2 90.9 8.9 DCRS_-_Cotiporã_-_Dois_Lajeados_(110_m) -999.9 -999.9 1006.7 1002.4 1006.6 16.3 14.3 1.0 Rio_Grande_do_Sul DCRS -999.9 0.0 0.2 97.55 97.55 96.73 1 0.18 97.55 97.55 97.55 97.55
-28.995701 -51.754700 DCRS-00057 2026-09-12_06:32 15.4 -999.9 -999.9 92.5 -999.9 -999.9 14.2 -999.9 -999.9 1006.5 -999.9 -999.9 0.0 -999.9 3.5 2.0 0.0 0.2 55.2 55.4 57.6 57.6 16.8 15.4 97.2 90.9 8.9 DCRS_-_Cotiporã_-_Dois_Lajeados_(110_m) -999.9 -999.9 1006.7 1002.4 1006.5 16.3 14.2 2.0 Rio_Grande_do_Sul DCRS -999.9 0.0 0.2 97.47 97.55 96.73 1 0.13 97.55 97.55 97.55 97.55
-28.995701 -51.754700 DCRS-00057 2026-09-12_06:33 15.4 -999.9 -999.9 92.5 -999.9 -999.9 14.2 -999.9 -999.9 1006.6 -999.9 -999.9 0.0 -999.9 3.5 3.0 0.0 0.2 55.2 55.4 57.6 57.6 16.8 15.4 97.2 90.9 8.9 DCRS_-_Cotiporã_-_Dois_Lajeados_(110_m) -999.9 -999.9 1006.7 1002.4 1006.6 16.3 14.2 3.0 Rio_Grande_do_Sul DCRS -999.9 0.0 0.2 97.37 97.55 96.73 1 0.03 97.55 97.55 97.55 97.55
-28.995701 -51.754700 DCRS-00057 2026-09-12_06:34 15.4 -999.9 -999.9 92.8 -999.9 -999.9 14.2 -999.9 -999.9 1006.6 -999.9 -999.9 0.0 -999.9 3.5 3.0 0.0 0.2 55.2 55.4 57.6 57.6 16.8 15.4 97.2 90.9 8.9 DCRS_-_Cotiporã_-_Dois_Lajeados_(110_m) -999.9 -999.9 1006.7 1002.4 1006.6 16.3 14.2 3.0 Rio_Grande_do_Sul DCRS -999.9 0.0 0.2 97.49 97.55 96.73 1 0.12 97.55 97.55 97.55 97.55
-28.995701 -51.754700 DCRS-00057 2026-09-12_06:35 15.4 -999.9 -999.9 93.2 -999.9 -999.9 14.3 -999.9 -999.9 1006.7 -999.9 -999.9 -999.9 -999.9 2.4 4.0 0.0 0.2 55.2 55.4 57.6 57.6 16.8 15.4 97.2 90.9 8.9 DCRS_-_Cotiporã_-_Dois_Lajeados_(110_m) -999.9 -999.9 1006.7 1002.4 1006.7 16.3 14.2 4.0 Rio_Grande_do_Sul DCRS -999.9 0.0 0.2 97.41 97.55 96.73 1 0.05 97.55 97.55 97.55 97.55
-28.995701 -51.754700 DCRS-00057 2026-09-12_06:36 15.4 -999.9 -999.9 93.4 -999.9 -999.9 14.3 -999.9 -999.9 1006.7 -999.9 -999.9 0.0 -999.9 2.4 4.0 0.0 0.2 55.2 55.4 57.6 57.6 16.8 15.4 97.2 90.9 8.9 DCRS_-_Cotiporã_-_Dois_Lajeados_(110_m) -999.9 -999.9 1006.7 1002.4 1006.7 16.3 14.2 4.0 Rio_Grande_do_Sul DCRS -999.9 0.0 0.2 97.48 97.55 96.73 1 0.06 97.55 97.55 97.55 97.55
-28.995701 -51.754700 DCRS-00057 2026-09-12_06:37 15.3 -999.9 -999.9 93.0 -999.9 -999.9 14.2 -999.9 -999.9 1006.7 -999.9 -999.9 0.0 -999.9 2.4 5.0 0.0 0.2 55.2 55.4 57.6 57.6 16.8 15.3 97.2 90.9 8.9 DCRS_-_Cotiporã_-_Dois_Lajeados_(110_m) -999.9 -999.9 1006.7 1002.4 1006.7 16.3 14.2 5.0 Rio_Grande_do_Sul DCRS -999.9 0.0 0.2 97.44 97.55 96.73 1 0.06 97.55 97.55 97.55 97.55
-28.995701 -51.754700 DCRS-00057 2026-09-12_06:38 15.4 -999.9 -999.9 92.7 -999.9 -999.9 14.2 -999.9 -999.9 1006.7 -999.9 -999.9 0.0 -999.9 2.4 5.0 0.0 0.2 55.2 55.4 57.6 57.6 16.8 15.3 97.2 90.9 8.9 DCRS_-_Cotiporã_-_Dois_Lajeados_(110_m) -999.9 -999.9 1006.7 1002.4 1006.7 16.3 14.2 5.0 Rio_Grande_do_Sul DCRS -999.9 0.0 0.2 97.47 97.55 96.73 1 0.07 97.55 97.55 97.55 97.55
-28.995701 -51.754700 DCRS-00057 2026-09-12_06:39 15.3 -999.9 -999.9 92.9 -999.9 -999.9 14.1 -999.9 -999.9 1006.7 -999.9 -999.9 0.0 -999.9 2.4 6.0 0.0 0.2 55.2 55.4 57.6 57.6 16.8 15.3 97.2 90.9 8.9 DCRS_-_Cotiporã_-_Dois_Lajeados_(110_m) -999.9 -999.9 1006.7 1002.4 1006.7 16.3 14.1 6.0 Rio_Grande_do_Sul DCRS -999.9 0.0 0.2 97.43 97.55 96.73 1 0.03 97.55 97.55 97.55 97.55
-28.995701 -51.754700 DCRS-00057 2026-09-12_06:40 15.3 -999.9 -999.9 92.7 -999.9 -999.9 14.1 -999.9 -999.9 1006.7 -999.9 -999.9 0.0 -999.9 2.7 6.0 0.0 0.2 55.2 55.4 57.6 57.6 16.8 15.3 97.2 90.9 8.9 DCRS_-_Cotiporã_-_Dois_Lajeados_(110_m) -999.9 -999.9 1006.7 1002.4 1006.7 16.3 14.1 6.0 Rio_Grande_do_Sul DCRS -999.9 0.0 0.2 97.45 97.55 96.73 1 0.03 97.55 97.55 97.55 97.55
-28.995701 -51.754700 DCRS-00057 2026-09-12_06:41 15.3 -999.9 -999.9 91.9 -999.9 -999.9 14.0 -999.9 -999.9 1006.6 -999.9 -999.9 0.0 -999.9 2.7 6.0 0.0 0.2 55.2 55.4 57.6 57.6 16.8 15.3 97.2 90.9 8.9 DCRS_-_Cotiporã_-_Dois_Lajeados_(110_m) -999.9 -999.9 1006.7 1002.4 1006.6 16.3 14.0 6.0 Rio_Grande_do_Sul DCRS -999.9 0.0 0.2 97.38 97.55 96.73 0 -0.11 97.55 97.55 97.55 97.55
-28.995701 -51.754700 DCRS-00057 2026-09-12_06:42 15.3 -999.9 -999.9 91.4 -999.9 -999.9 13.9 -999.9 -999.9 1006.6 -999.9 -999.9 0.0 -999.9 2.7 7.0 0.0 0.2 55.2 55.4 57.6 57.6 16.8 15.3 97.2 90.9 8.9 DCRS_-_Cotiporã_-_Dois_Lajeados_(110_m) -999.9 -999.9 1006.7 1002.4 1006.6 16.3 13.9 7.0 Rio_Grande_do_Sul DCRS -999.9 0.0 0.2 97.47 97.55 96.73 -1 -0.05 97.55 97.55 97.55 97.55
-28.995701 -51.754700 DCRS-00057 2026-09-12_06:43 15.3 -999.9 -999.9 91.7 -999.9 -999.9 13.9 -999.9 -999.9 1006.6 -999.9 -999.9 0.0 -999.9 2.7 8.0 0.0 0.2 55.2 55.4 57.6 57.6 16.8 15.3 97.2 90.9 8.9 DCRS_-_Cotiporã_-_Dois_Lajeados_(110_m) -999.9 -999.9 1006.7 1002.4 1006.6 16.3 13.9 8.0 Rio_Grande_do_Sul DCRS -999.9 0.0 0.2 97.45 97.55 96.73 -1 -0.07 97.55 97.55 97.55 97.55
-28.995701 -51.754700 DCRS-00057 2026-09-12_06:44 15.3 -999.9 -999.9 91.8 -999.9 -999.9 14.0 -999.9 -999.9 1006.6 -999.9 -999.9 0.0 -999.9 2.7 8.0 0.0 0.2 55.2 55.4 57.6 57.6 16.8 15.3 97.2 90.9 8.9 DCRS_-_Cotiporã_-_Dois_Lajeados_(110_m) -999.9 -999.9 1006.7 1002.4 1006.6 16.3 13.9 8.0 Rio_Grande_do_Sul DCRS -999.9 0.0 0.2 97.48 97.55 96.73 -1 0.01 97.55 97.55 97.55 97.55
-28.995701 -51.754700 DCRS-00057 2026-09-12_06:45 15.3 -999.9 -999.9 91.8 -999.9 -999.9 14.0 -999.9 -999.9 1006.6 -999.9 -999.9 0.0 -999.9 7.7 8.0 0.0 0.2 55.2 55.4 57.6 57.6 16.8 15.3 97.2 90.9 8.9 DCRS_-_Cotiporã_-_Dois_Lajeados_(110_m) -999.9 -999.9 1006.7 1002.4 1006.6 16.3 13.9 8.0 Rio_Grande_do_Sul DCRS -999.9 0.0 0.2 97.41 97.55 96.73 -1 -0.06 97.55 97.55 97.55 97.55
-28.995701 -51.754700 DCRS-00057 2026-09-12_06:46 15.3 -999.9 -999.9 91.9 -999.9 -999.9 14.0 -999.9 -999.9 1006.7 -999.9 -999.9 0.0 -999.9 7.7 9.0 0.0 0.2 55.2 55.4 57.6 57.6 16.8 15.3 97.2 90.9 8.9 DCRS_-_Cotiporã_-_Dois_Lajeados_(110_m) -999.9 -999.9 1006.7 1002.4 1006.7 16.3 13.9 9.0 Rio_Grande_do_Sul DCRS -999.9 0.0 0.2 97.4 97.55 96.73 -1 -0.03 97.55 97.55 97.55 97.55
-28.995701 -51.754700 DCRS-00057 2026-09-12_06:47 15.4 -999.9 -999.9 91.6 -999.9 -999.9 14.0 -999.9 -999.9 1006.7 -999.9 -999.9 1.9 -999.9 7.7 8.0 0.0 0.2 55.2 55.4 57.6 57.6 16.8 15.3 97.2 90.9 8.9 DCRS_-_Cotiporã_-_Dois_Lajeados_(110_m) -999.9 -999.9 1006.7 1002.4 1006.7 16.3 13.9 9.0 Rio_Grande_do_Sul DCRS -999.9 0.0 0.2 97.42 97.55 96.73 -1 -0.07 97.55 97.55 97.55 97.55
-28.995701 -51.754700 DCRS-00057 2026-09-12_06:48 15.3 -999.9 -999.9 92.0 -999.9 -999.9 14.0 -999.9 -999.9 1006.7 -999.9 -999.9 0.0 -999.9 7.7 8.0 0.0 0.2 55.2 55.4 57.6 57.6 16.8 15.3 97.2 90.9 8.9 DCRS_-_Cotiporã_-_Dois_Lajeados_(110_m) -999.9 -999.9 1006.7 1002.4 1006.7 16.3 13.9 9.0 Rio_Grande_do_Sul DCRS -999.9 0.0 0.2 97.48 97.55 96.73 -1 0.01 97.55 97.55 97.55 97.55
-28.995701 -51.754700 DCRS-00057 2026-09-12_06:49 15.3 -999.9 -999.9 92.2 -999.9 -999.9 14.0 -999.9 -999.9 1006.8 -999.9 -999.9 0.0 -999.9 7.7 8.0 0.0 0.2 55.2 55.4 57.6 57.6 16.8 15.3 97.2 90.9 8.9 DCRS_-_Cotiporã_-_Dois_Lajeados_(110_m) -999.9 -999.9 1006.8 1002.4 1006.8 16.3 13.9 9.0 Rio_Grande_do_Sul DCRS -999.9 0.0 0.2 97.46 97.55 96.73 -1 0.03 97.55 97.55 97.55 97.55
-28.995701 -51.754700 DCRS-00057 2026-09-12_06:50 15.3 -999.9 -999.9 92.2 -999.9 -999.9 14.0 -999.9 -999.9 1006.8 -999.9 -999.9 0.0 -999.9 2.3 8.0 0.0 0.2 55.2 55.4 57.6 57.6 16.8 15.3 97.2 90.9 8.9 DCRS_-_Cotiporã_-_Dois_Lajeados_(110_m) -999.9 -999.9 1006.8 1002.4 1006.8 16.3 13.9 9.0 Rio_Grande_do_Sul DCRS -999.9 0.0 0.2 97.47 97.55 96.73 -1 0.04 97.55 97.55 97.55 97.55
-28.995701 -51.754700 DCRS-00057 2026-09-12_06:51 15.4 -999.9 -999.9 92.4 -999.9 -999.9 14.2 -999.9 -999.9 1006.9 -999.9 -999.9 0.0 -999.9 2.3 8.0 0.0 0.2 55.2 55.4 57.6 57.6 16.8 15.3 97.2 90.9 8.9 DCRS_-_Cotiporã_-_Dois_Lajeados_(110_m) -999.9 -999.9 1006.9 1002.4 1006.9 16.3 13.9 9.0 Rio_Grande_do_Sul DCRS -999.9 0.0 0.2 97.47 97.55 96.73 -1 0.01 97.55 97.55 97.55 97.55
-28.995701 -51.754700 DCRS-00057 2026-09-12_06:52 15.3 -999.9 -999.9 92.6 -999.9 -999.9 14.1 -999.9 -999.9 1006.9 -999.9 -999.9 0.0 -999.9 2.3 8.0 0.0 0.2 55.2 55.4 57.6 57.6 16.8 15.3 97.2 90.9 8.9 DCRS_-_Cotiporã_-_Dois_Lajeados_(110_m) -999.9 -999.9 1006.9 1002.4 1006.9 16.3 13.9 9.0 Rio_Grande_do_Sul DCRS -999.9 0.0 0.2 97.5 97.55 96.73 -1 0.05 97.55 97.55 97.55 97.55
-28.995701 -51.754700 DCRS-00057 2026-09-12_06:53 15.2 -999.9 -999.9 92.3 -999.9 -999.9 13.9 -999.9 -999.9 1007.0 -999.9 -999.9 0.0 -999.9 2.3 9.0 0.0 0.2 55.2 55.4 57.6 57.6 16.8 15.2 97.2 90.9 8.9 DCRS_-_Cotiporã_-_Dois_Lajeados_(110_m) -999.9 -999.9 1007.0 1002.4 1007.0 16.3 13.9 9.0 Rio_Grande_do_Sul DCRS -999.9 0.0 0.2 97.45 97.55 96.73 -1 -0.01 97.55 97.55 97.55 97.55
-28.995701 -51.754700 DCRS-00057 2026-09-12_06:54 15.3 -999.9 -999.9 91.8 -999.9 -999.9 14.0 -999.9 -999.9 1006.9 -999.9 -999.9 0.0 -999.9 2.3 10.0 0.0 0.2 55.2 55.4 57.6 57.6 16.8 15.2 97.2 90.9 8.9 DCRS_-_Cotiporã_-_Dois_Lajeados_(110_m) -999.9 -999.9 1007.0 1002.4 1006.9 16.3 13.9 10.0 Rio_Grande_do_Sul DCRS -999.9 0.0 0.2 97.5 97.55 96.73 -1 0.01 97.55 97.55 97.55 97.55
-28.995701 -51.754700 DCRS-00057 2026-09-12_06:55 15.3 -999.9 -999.9 91.2 -999.9 -999.9 13.9 -999.9 -999.9 1006.9 -999.9 -999.9 0.0 -999.9 1.9 11.0 0.0 0.2 55.2 55.4 57.6 57.6 16.8 15.2 97.2 90.9 8.9 DCRS_-_Cotiporã_-_Dois_Lajeados_(110_m) -999.9 -999.9 1007.0 1002.4 1006.9 16.3 13.9 11.0 Rio_Grande_do_Sul DCRS -999.9 0.0 0.2 97.5 97.55 96.73 -1 0.07 97.55 97.55 97.55 97.55
-28.995701 -51.754700 DCRS-00057 2026-09-12_06:56 15.3 -999.9 -999.9 90.9 -999.9 -999.9 13.8 -999.9 -999.9 1006.9 -999.9 -999.9 -999.9 -999.9 1.9 11.0 0.0 0.2 55.2 55.4 57.6 57.6 16.8 15.2 97.2 90.9 8.9 DCRS_-_Cotiporã_-_Dois_Lajeados_(110_m) -999.9 -999.9 1007.0 1002.4 1006.9 16.3 13.8 11.0 Rio_Grande_do_Sul DCRS -999.9 0.0 0.2 97.51 97.55 96.73 -1 0.09 97.55 97.55 97.55 97.55
-28.995701 -51.754700 DCRS-00057 2026-09-12_06:57 15.3 -999.9 -999.9 90.9 -999.9 -999.9 13.8 -999.9 -999.9 1006.9 -999.9 -999.9 0.0 -999.9 1.9 11.0 0.0 0.2 55.2 55.4 57.6 57.6 16.8 15.2 97.2 90.9 8.9 DCRS_-_Cotiporã_-_Dois_Lajeados_(110_m) -999.9 -999.9 1007.0 1002.4 1006.9 16.3 13.8 11.0 Rio_Grande_do_Sul DCRS -999.9 0.0 0.2 97.52 97.55 96.73 -1 0.05 97.55 97.55 97.55 97.55
-28.995701 -51.754700 DCRS-00057 2026-09-12_06:58 15.3 -999.9 -999.9 91.1 -999.9 -999.9 13.8 -999.9 -999.9 1007.0 -999.9 -999.9 0.0 -999.9 1.9 11.0 0.0 0.2 55.2 55.4 57.6 57.6 16.8 15.2 97.2 90.9 8.9 DCRS_-_Cotiporã_-_Dois_Lajeados_(110_m) -999.9 -999.9 1007.0 1002.4 1007.0 16.3 13.8 11.0 Rio_Grande_do_Sul DCRS -999.9 0.0 0.2 97.48 97.55 96.73 -1 0.0 97.55 97.55 97.55 97.55
-28.995701 -51.754700 DCRS-00057 2026-09-12_06:59 15.3 -999.9 -999.9 91.3 -999.9 -999.9 13.9 -999.9 -999.9 1007.1 -999.9 -999.9 -999.9 -999.9 1.9 12.0 0.0 0.2 55.2 55.4 57.6 57.6 16.8 15.2 97.2 90.9 8.9 DCRS_-_Cotiporã_-_Dois_Lajeados_(110_m) -999.9 -999.9 1007.1 1002.4 1007.1 16.3 13.8 12.0 Rio_Grande_do_Sul DCRS -999.9 0.0 0.2 97.47 97.55 96.73 -1 0.02 97.55 97.55 97.55 97.55
-28.995701 -51.754700 DCRS-00057 2026-09-12_07:00 15.3 -999.9 -999.9 91.2 -999.9 -999.9 13.9 -999.9 -999.9 1007.1 -999.9 -999.9 0.0 -999.9 3.7 16.0 0.0 0.2 55.2 55.4 57.6 57.6 16.8 15.2 97.2 90.9 8.9 DCRS_-_Cotiporã_-_Dois_Lajeados_(110_m) -999.9 -999.9 1007.1 1002.4 1007.1 16.3 13.8 16.0 Rio_Grande_do_Sul DCRS -999.9 0.0 0.2 97.43 97.55 96.73 -1 -0.11 97.55 97.55 97.55 97.55
-28.995701 -51.754700 DCRS-00057 2026-09-12_07:01 15.3 -999.9 -999.9 90.9 -999.9 -999.9 13.8 -999.9 -999.9 1007.1 -999.9 -999.9 0.0 -999.9 3.7 17.0 0.0 0.2 55.2 55.4 57.6 57.6 16.8 15.2 97.2 90.9 8.9 DCRS_-_Cotiporã_-_Dois_Lajeados_(110_m) -999.9 -999.9 1007.1 1002.4 1007.1 16.3 13.8 17.0 Rio_Grande_do_Sul DCRS -999.9 0.0 0.2 97.51 97.55 96.73 -1 -0.01 97.55 97.55 97.55 97.55
-28.995701 -51.754700 DCRS-00057 2026-09-12_07:02 15.3 -999.9 -999.9 90.8 -999.9 -999.9 13.8 -999.9 -999.9 1007.1 -999.9 -999.9 0.0 -999.9 3.7 17.0 0.0 0.2 55.2 55.4 57.6 57.6 16.8 15.2 97.2 90.8 8.9 DCRS_-_Cotiporã_-_Dois_Lajeados_(110_m) -999.9 -999.9 1007.1 1002.4 1007.1 16.3 13.8 17.0 Rio_Grande_do_Sul DCRS -999.9 0.0 0.2 97.46 97.55 96.73 0 0.02 97.55 97.55 97.55 97.55
-28.995701 -51.754700 DCRS-00057 2026-09-12_07:03 15.3 -999.9 -999.9 90.9 -999.9 -999.9 13.8 -999.9 -999.9 1007.1 -999.9 -999.9 0.0 -999.9 3.7 18.0 0.0 0.2 55.2 55.4 57.6 57.6 16.8 15.2 97.2 90.8 8.9 DCRS_-_Cotiporã_-_Dois_Lajeados_(110_m) -999.9 -999.9 1007.1 1002.4 1007.1 16.3 13.8 18.0 Rio_Grande_do_Sul DCRS -999.9 0.0 0.2 97.44 97.55 96.73 0 0.0 97.55 97.55 97.55 97.55
-28.995701 -51.754700 DCRS-00057 2026-09-12_07:04 15.3 -999.9 -999.9 90.8 -999.9 -999.9 13.8 -999.9 -999.9 1007.1 -999.9 -999.9 0.0 -999.9 3.7 18.0 0.0 0.2 55.2 55.4 57.6 57.6 16.8 15.2 97.2 90.8 8.9 DCRS_-_Cotiporã_-_Dois_Lajeados_(110_m) -999.9 -999.9 1007.1 1002.4 1007.1 16.3 13.8 18.0 Rio_Grande_do_Sul DCRS -999.9 0.0 0.2 97.37 97.55 96.73 0 -0.08 97.55 97.55 97.55 97.55
-28.995701 -51.754700 DCRS-00057 2026-09-12_07:05 15.3 -999.9 -999.9 90.8 -999.9 -999.9 13.8 -999.9 -999.9 1007.1 -999.9 -999.9 -999.9 -999.9 3.7 15.0 0.0 0.2 55.2 55.4 57.6 57.6 16.8 15.2 97.2 90.8 8.9 DCRS_-_Cotiporã_-_Dois_Lajeados_(110_m) -999.9 -999.9 1007.1 1002.4 1007.1 16.3 13.8 18.0 Rio_Grande_do_Sul DCRS -999.9 0.0 0.2 97.55 97.55 96.73 0 0.13 97.55 97.55 97.55 97.55
-28.995701 -51.754700 DCRS-00057 2026-09-12_07:06 15.3 -999.9 -999.9 90.5 -999.9 -999.9 13.7 -999.9 -999.9 1007.1 -999.9 -999.9 -999.9 -999.9 3.7 18.0 0.0 0.2 55.2 55.4 57.6 57.6 16.8 15.2 97.2 90.5 8.9 DCRS_-_Cotiporã_-_Dois_Lajeados_(110_m) -999.9 -999.9 1007.1 1002.4 1007.1 16.3 13.7 18.0 Rio_Grande_do_Sul DCRS -999.9 0.0 0.2 97.41 97.55 96.73 0 0.02 97.55 97.55 97.55 97.55
-28.995701 -51.754700 DCRS-00057 2026-09-12_07:07 15.3 -999.9 -999.9 90.5 -999.9 -999.9 13.7 -999.9 -999.9 1007.1 -999.9 -999.9 0.0 -999.9 3.7 20.0 0.0 0.2 55.2 55.4 57.6 57.6 16.8 15.2 97.2 90.5 8.9 DCRS_-_Cotiporã_-_Dois_Lajeados_(110_m) -999.9 -999.9 1007.1 1002.4 1007.1 16.3 13.7 20.0 Rio_Grande_do_Sul DCRS -999.9 0.0 0.2 97.44 97.55 96.73 -1 -0.05 97.55 97.55 97.55 97.55
-28.995701 -51.754700 DCRS-00057 2026-09-12_07:08 15.4 -999.9 -999.9 90.9 -999.9 -999.9 13.9 -999.9 -999.9 1007.1 -999.9 -999.9 0.0 -999.9 3.7 18.0 0.0 0.2 55.2 55.4 57.6 57.6 16.8 15.2 97.2 90.5 8.9 DCRS_-_Cotiporã_-_Dois_Lajeados_(110_m) -999.9 -999.9 1007.1 1002.4 1007.1 16.3 13.7 20.0 Rio_Grande_do_Sul DCRS -999.9 0.0 0.2 97.5 97.55 96.73 -1 0.01 97.55 97.55 97.55 97.55
-28.995701 -51.754700 DCRS-00057 2026-09-12_07:09 15.3 -999.9 -999.9 91.0 -999.9 -999.9 13.8 -999.9 -999.9 1007.2 -999.9 -999.9 3.1 -999.9 3.7 17.0 0.0 0.2 55.2 55.4 57.6 57.6 16.8 15.2 97.2 90.5 8.9 DCRS_-_Cotiporã_-_Dois_Lajeados_(110_m) -999.9 -999.9 1007.2 1002.4 1007.2 16.3 13.7 20.0 Rio_Grande_do_Sul DCRS -999.9 0.0 0.2 97.49 97.55 96.73 -1 0.01 97.55 97.55 97.55 97.55
-28.995701 -51.754700 DCRS-00057 2026-09-12_07:10 15.3 -999.9 -999.9 90.1 -999.9 -999.9 13.7 -999.9 -999.9 1007.1 -999.9 -999.9 4.0 -999.9 5.0 17.0 0.0 0.2 55.2 55.4 57.6 57.6 16.8 15.2 97.2 90.1 8.9 DCRS_-_Cotiporã_-_Dois_Lajeados_(110_m) -999.9 -999.9 1007.2 1002.4 1007.1 16.3 13.7 20.0 Rio_Grande_do_Sul DCRS -999.9 0.0 0.2 97.47 97.55 96.73 -1 -0.03 97.55 97.55 97.55 97.55
-28.995701 -51.754700 DCRS-00057 2026-09-12_07:11 15.3 -999.9 -999.9 89.5 -999.9 -999.9 13.6 -999.9 -999.9 1007.1 -999.9 -999.9 3.1 -999.9 5.0 14.0 0.0 0.2 55.2 55.4 57.6 57.6 16.8 15.2 97.2 89.5 8.9 DCRS_-_Cotiporã_-_Dois_Lajeados_(110_m) -999.9 -999.9 1007.2 1002.4 1007.1 16.3 13.6 20.0 Rio_Grande_do_Sul DCRS -999.9 0.0 0.2 97.37 97.55 96.73 -1 -0.09 97.55 97.55 97.55 97.55
-28.995701 -51.754700 DCRS-00057 2026-09-12_07:12 15.3 -999.9 -999.9 89.5 -999.9 -999.9 13.6 -999.9 -999.9 1007.1 -999.9 -999.9 2.1 -999.9 5.0 17.0 0.0 0.2 55.2 55.4 57.6 57.6 16.8 15.2 97.2 89.5 8.9 DCRS_-_Cotiporã_-_Dois_Lajeados_(110_m) -999.9 -999.9 1007.2 1002.4 1007.1 16.3 13.6 20.0 Rio_Grande_do_Sul DCRS -999.9 0.0 0.2 97.48 97.55 96.73 0 0.1 97.55 97.55 97.55 97.55
-28.995701 -51.754700 DCRS-00057 2026-09-12_07:13 15.4 -999.9 -999.9 88.8 -999.9 -999.9 13.5 -999.9 -999.9 1007.0 -999.9 -999.9 -999.9 -999.9 5.0 16.0 0.0 0.2 55.2 55.4 57.6 57.6 16.8 15.2 97.2 88.8 8.9 DCRS_-_Cotiporã_-_Dois_Lajeados_(110_m) -999.9 -999.9 1007.2 1002.4 1007.0 16.3 13.5 20.0 Rio_Grande_do_Sul DCRS -999.9 0.0 0.2 97.46 97.55 96.73 -1 -0.07 97.55 97.55 97.55 97.55
-28.995701 -51.754700 DCRS-00057 2026-09-12_07:14 15.5 -999.9 -999.9 87.9 -999.9 -999.9 13.5 -999.9 -999.9 1006.8 -999.9 -999.9 3.3 -999.9 5.0 18.0 0.0 0.2 55.2 55.4 57.6 57.6 16.8 15.2 97.2 87.9 8.9 DCRS_-_Cotiporã_-_Dois_Lajeados_(110_m) -999.9 -999.9 1007.2 1002.4 1006.8 16.3 13.5 20.0 Rio_Grande_do_Sul DCRS -999.9 0.0 0.2 97.42 97.55 96.73 -1 -0.11 97.55 97.55 97.55 97.55
-28.995701 -51.754700 DCRS-00057 2026-09-12_07:15 15.4 -999.9 -999.9 87.4 -999.9 -999.9 13.3 -999.9 -999.9 1006.7 -999.9 -999.9 4.4 -999.9 11.5 19.0 0.0 0.2 55.2 55.4 57.6 57.6 16.8 15.2 97.2 87.4 11.5 DCRS_-_Cotiporã_-_Dois_Lajeados_(110_m) -999.9 -999.9 1007.2 1002.4 1006.7 16.3 13.3 20.0 Rio_Grande_do_Sul DCRS -999.9 0.0 0.2 97.42 97.55 96.73 -1 -0.12 97.55 97.55 97.55 97.55
-28.995701 -51.754700 DCRS-00057 2026-09-12_07:16 15.4 -999.9 -999.9 87.3 -999.9 -999.9 13.3 -999.9 -999.9 1006.7 -999.9 -999.9 0.0 -999.9 11.5 20.0 0.0 0.2 55.2 55.4 57.6 57.6 16.8 15.2 97.2 87.3 11.5 DCRS_-_Cotiporã_-_Dois_Lajeados_(110_m) -999.9 -999.9 1007.2 1002.4 1006.7 16.3 13.3 20.0 Rio_Grande_do_Sul DCRS -999.9 0.0 0.2 97.42 97.55 96.73 -1 -0.09 97.55 97.55 97.55 97.55
-28.995701 -51.754700 DCRS-00057 2026-09-12_07:17 15.5 -999.9 -999.9 87.3 -999.9 -999.9 13.4 -999.9 -999.9 1006.8 -999.9 -999.9 0.0 -999.9 11.5 20.0 0.0 0.2 55.2 55.4 57.6 57.6 16.8 15.2 97.2 87.3 11.5 DCRS_-_Cotiporã_-_Dois_Lajeados_(110_m) -999.9 -999.9 1007.2 1002.4 1006.8 16.3 13.3 20.0 Rio_Grande_do_Sul DCRS -999.9 0.0 0.2 97.48 97.55 96.73 -1 -0.05 97.55 97.55 97.55 97.55
-28.995701 -51.754700 DCRS-00057 2026-09-12_07:18 15.5 -999.9 -999.9 87.4 -999.9 -999.9 13.4 -999.9 -999.9 1006.8 -999.9 -999.9 0.0 -999.9 11.5 23.0 0.0 0.2 55.2 55.4 57.6 57.6 16.8 15.2 97.2 87.3 11.5 DCRS_-_Cotiporã_-_Dois_Lajeados_(110_m) -999.9 -999.9 1007.2 1002.4 1006.8 16.3 13.3 23.0 Rio_Grande_do_Sul DCRS -999.9 0.0 0.2 97.39 97.55 96.73 -1 -0.14 97.55 97.55 97.55 97.55
-28.995701 -51.754700 DCRS-00057 2026-09-12_07:19 15.5 -999.9 -999.9 87.3 -999.9 -999.9 13.4 -999.9 -999.9 1006.8 -999.9 -999.9 1.9 -999.9 11.5 28.0 0.0 0.2 55.2 55.4 57.6 57.6 16.8 15.2 97.2 87.3 11.5 DCRS_-_Cotiporã_-_Dois_Lajeados_(110_m) -999.9 -999.9 1007.2 1002.4 1006.8 16.3 13.3 28.0 Rio_Grande_do_Sul DCRS -999.9 0.0 0.2 97.44 97.55 96.73 -1 -0.07 97.55 97.55 97.55 97.55
-28.995701 -51.754700 DCRS-00057 2026-09-12_07:20 15.6 -999.9 -999.9 86.7 -999.9 -999.9 13.4 -999.9 -999.9 1006.8 -999.9 -999.9 2.5 -999.9 7.6 34.0 0.0 0.2 55.2 55.4 57.6 57.6 16.8 15.2 97.2 86.7 11.5 DCRS_-_Cotiporã_-_Dois_Lajeados_(110_m) -999.9 -999.9 1007.2 1002.4 1006.8 16.3 13.3 34.0 Rio_Grande_do_Sul DCRS -999.9 0.0 0.2 97.44 97.55 96.73 -1 -0.07 97.55 97.55 97.55 97.55
-28.995701 -51.754700 DCRS-00057 2026-09-12_07:21 15.6 -999.9 -999.9 86.6 -999.9 -999.9 13.4 -999.9 -999.9 1006.8 -999.9 -999.9 -999.9 -999.9 7.6 39.0 0.0 0.2 55.2 55.4 57.6 57.6 16.8 15.2 97.2 86.6 11.5 DCRS_-_Cotiporã_-_Dois_Lajeados_(110_m) -999.9 -999.9 1007.2 1002.4 1006.8 16.3 13.3 39.0 Rio_Grande_do_Sul DCRS -999.9 0.0 0.2 97.39 97.55 96.73 -1 -0.06 97.55 97.55 97.55 97.55
-28.995701 -51.754700 DCRS-00057 2026-09-12_07:22 15.6 -999.9 -999.9 86.5 -999.9 -999.9 13.3 -999.9 -999.9 1006.8 -999.9 -999.9 5.7 -999.9 7.6 41.0 0.0 0.2 55.2 55.4 57.6 57.6 16.8 15.2 97.2 86.5 11.5 DCRS_-_Cotiporã_-_Dois_Lajeados_(110_m) -999.9 -999.9 1007.2 1002.4 1006.8 16.3 13.3 41.0 Rio_Grande_do_Sul DCRS -999.9 0.0 0.2 97.45 97.55 96.73 -1 0.0 97.55 97.55 97.55 97.55
-28.995701 -51.754700 DCRS-00057 2026-09-12_07:23 15.6 -999.9 -999.9 86.5 -999.9 -999.9 13.3 -999.9 -999.9 1006.8 -999.9 -999.9 0.0 -999.9 7.6 41.0 0.0 0.2 55.2 55.4 57.6 57.6 16.8 15.2 97.2 86.5 11.5 DCRS_-_Cotiporã_-_Dois_Lajeados_(110_m) -999.9 -999.9 1007.2 1002.4 1006.8 16.3 13.3 41.0 Rio_Grande_do_Sul DCRS -999.9 0.0 0.2 97.46 97.55 96.73 -1 0.02 97.55 97.55 97.55 97.55
-28.995701 -51.754700 DCRS-00057 2026-09-12_07:24 15.6 -999.9 -999.9 87.1 -999.9 -999.9 13.4 -999.9 -999.9 1006.9 -999.9 -999.9 0.0 -999.9 7.6 41.0 0.0 0.2 55.2 55.4 57.6 57.6 16.8 15.2 97.2 86.5 11.5 DCRS_-_Cotiporã_-_Dois_Lajeados_(110_m) -999.9 -999.9 1007.2 1002.4 1006.9 16.3 13.3 41.0 Rio_Grande_do_Sul DCRS -999.9 0.0 0.2 97.47 97.55 96.73 -1 0.0 97.55 97.55 97.55 97.55
-28.995701 -51.754700 DCRS-00057 2026-09-12_07:25 15.5 -999.9 -999.9 87.5 -999.9 -999.9 13.4 -999.9 -999.9 1007.0 -999.9 -999.9 0.0 -999.9 10.8 40.0 0.0 0.2 55.2 55.4 57.6 57.6 16.8 15.2 97.2 86.5 11.5 DCRS_-_Cotiporã_-_Dois_Lajeados_(110_m) -999.9 -999.9 1007.2 1002.4 1007.0 16.3 13.3 41.0 Rio_Grande_do_Sul DCRS -999.9 0.0 0.2 97.51 97.55 96.73 -1 -0.02 97.55 97.55 97.55 97.55
-28.995701 -51.754700 DCRS-00057 2026-09-12_07:26 15.5 -999.9 -999.9 87.8 -999.9 -999.9 13.5 -999.9 -999.9 1007.1 -999.9 -999.9 0.0 -999.9 10.8 38.0 0.0 0.2 55.2 55.4 57.6 57.6 16.8 15.2 97.2 86.5 11.5 DCRS_-_Cotiporã_-_Dois_Lajeados_(110_m) -999.9 -999.9 1007.2 1002.4 1007.1 16.3 13.3 41.0 Rio_Grande_do_Sul DCRS -999.9 0.0 0.2 97.52 97.55 96.73 0 0.1 97.55 97.55 97.55 97.55
-28.995701 -51.754700 DCRS-00057 2026-09-12_07:27 15.5 -999.9 -999.9 88.4 -999.9 -999.9 13.6 -999.9 -999.9 1007.2 -999.9 -999.9 0.0 -999.9 10.8 38.0 0.0 0.2 55.2 55.4 57.6 57.6 16.8 15.2 97.2 86.5 11.5 DCRS_-_Cotiporã_-_Dois_Lajeados_(110_m) -999.9 -999.9 1007.2 1002.4 1007.2 16.3 13.3 41.0 Rio_Grande_do_Sul DCRS -999.9 0.0 0.2 97.52 97.55 96.73 0 0.1 97.55 97.55 97.55 97.55
-28.995701 -51.754700 DCRS-00057 2026-09-12_07:28 15.4 -999.9 -999.9 88.0 -999.9 -999.9 13.4 -999.9 -999.9 1007.1 -999.9 -999.9 0.0 -999.9 10.8 38.0 0.0 0.2 55.2 55.4 57.6 57.6 16.8 15.2 97.2 86.5 11.5 DCRS_-_Cotiporã_-_Dois_Lajeados_(110_m) -999.9 -999.9 1007.2 1002.4 1007.1 16.3 13.3 41.0 Rio_Grande_do_Sul DCRS -999.9 0.0 0.2 97.41 97.55 96.73 0 -0.09 97.55 97.55 97.55 97.55
-28.995701 -51.754700 DCRS-00057 2026-09-12_07:29 15.5 -999.9 -999.9 88.7 -999.9 -999.9 13.6 -999.9 -999.9 1007.3 -999.9 -999.9 0.0 -999.9 10.8 37.0 0.0 0.2 55.2 55.4 57.6 57.6 16.8 15.2 97.2 86.5 11.5 DCRS_-_Cotiporã_-_Dois_Lajeados_(110_m) -999.9 -999.9 1007.3 1002.4 1007.3 16.3 13.3 41.0 Rio_Grande_do_Sul DCRS -999.9 0.0 0.2 97.47 97.55 96.73 1 0.07 97.55 97.55 97.55 97.55
-28.995701 -51.754700 DCRS-00057 2026-09-12_07:30 15.4 -999.9 -999.9 89.3 -999.9 -999.9 13.6 -999.9 -999.9 1007.4 -999.9 -999.9 0.0 -999.9 2.6 40.0 0.0 0.2 55.2 55.4 57.6 57.6 16.8 15.2 97.2 86.5 11.5 DCRS_-_Cotiporã_-_Dois_Lajeados_(110_m) -999.9 -999.9 1007.4 1002.4 1007.4 16.3 13.3 41.0 Rio_Grande_do_Sul DCRS -999.9 0.0 0.2 97.5 97.55 96.73 0 0.05 97.55 97.55 97.55 97.55
-28.995701 -51.754700 DCRS-00057 2026-09-12_07:31 15.5 -999.9 -999.9 89.3 -999.9 -999.9 13.7 -999.9 -999.9 1007.4 -999.9 -999.9 0.0 -999.9 2.6 40.0 0.0 0.2 55.2 55.4 57.6 57.6 16.8 15.2 97.2 86.5 11.5 DCRS_-_Cotiporã_-_Dois_Lajeados_(110_m) -999.9 -999.9 1007.4 1002.4 1007.4 16.3 13.3 41.0 Rio_Grande_do_Sul DCRS -999.9 0.0 0.2 97.5 97.55 96.73 0 -0.05 97.55 97.55 97.55 97.55
-28.995701 -51.754700 DCRS-00057 2026-09-12_07:32 15.5 -999.9 -999.9 88.2 -999.9 -999.9 13.5 -999.9 -999.9 1007.3 -999.9 -999.9 0.0 -999.9 2.6 39.0 0.0 0.2 55.2 55.4 57.6 57.6 16.8 15.2 97.2 86.5 11.5 DCRS_-_Cotiporã_-_Dois_Lajeados_(110_m) -999.9 -999.9 1007.4 1002.4 1007.3 16.3 13.3 41.0 Rio_Grande_do_Sul DCRS -999.9 0.0 0.2 97.47 97.55 96.73 1 0.0 97.55 97.55 97.55 97.55
-28.995701 -51.754700 DCRS-00057 2026-09-12_07:33 15.5 -999.9 -999.9 87.2 -999.9 -999.9 13.4 -999.9 -999.9 1007.1 -999.9 -999.9 0.0 -999.9 2.6 34.0 0.0 0.2 55.2 55.4 57.6 57.6 16.8 15.2 97.2 86.5 11.5 DCRS_-_Cotiporã_-_Dois_Lajeados_(110_m) -999.9 -999.9 1007.4 1002.4 1007.1 16.3 13.3 41.0 Rio_Grande_do_Sul DCRS -999.9 0.0 0.2 97.48 97.55 96.73 1 0.11 97.55 97.55 97.55 97.55
-28.995701 -51.754700 DCRS-00057 2026-09-12_07:34 15.5 -999.9 -999.9 87.1 -999.9 -999.9 13.3 -999.9 -999.9 1007.0 -999.9 -999.9 0.0 -999.9 2.6 38.0 0.0 0.2 55.2 55.4 57.6 57.6 16.8 15.2 97.2 86.5 11.5 DCRS_-_Cotiporã_-_Dois_Lajeados_(110_m) -999.9 -999.9 1007.4 1002.4 1007.0 16.3 13.3 41.0 Rio_Grande_do_Sul DCRS -999.9 0.0 0.2 97.5 97.55 96.73 1 0.01 97.55 97.55 97.55 97.55
-28.995701 -51.754700 DCRS-00057 2026-09-12_07:35 15.5 -999.9 -999.9 86.7 -999.9 -999.9 13.3 -999.9 -999.9 1007.0 -999.9 -999.9 0.0 -999.9 5.6 44.0 0.0 0.2 55.2 55.4 57.6 57.6 16.8 15.2 97.2 86.5 11.5 DCRS_-_Cotiporã_-_Dois_Lajeados_(110_m) -999.9 -999.9 1007.4 1002.4 1007.0 16.3 13.3 44.0 Rio_Grande_do_Sul DCRS -999.9 0.0 0.2 97.49 97.55 96.73 1 0.08 97.55 97.55 97.55 97.55
-28.995701 -51.754700 DCRS-00057 2026-09-12_07:36 15.5 -999.9 -999.9 86.2 -999.9 -999.9 13.2 -999.9 -999.9 1006.9 -999.9 -999.9 0.0 -999.9 5.6 49.0 0.0 0.2 55.2 55.4 57.6 57.6 16.8 15.2 97.2 86.2 11.5 DCRS_-_Cotiporã_-_Dois_Lajeados_(110_m) -999.9 -999.9 1007.4 1002.4 1006.9 16.3 13.2 49.0 Rio_Grande_do_Sul DCRS -999.9 0.0 0.2 97.44 97.55 96.73 1 0.0 97.55 97.55 97.55 97.55
-28.995701 -51.754700 DCRS-00057 2026-09-12_07:37 15.6 -999.9 -999.9 86.3 -999.9 -999.9 13.3 -999.9 -999.9 1006.9 -999.9 -999.9 0.0 -999.9 5.6 52.0 0.0 0.2 55.2 55.4 57.6 57.6 16.8 15.2 97.2 86.2 11.5 DCRS_-_Cotiporã_-_Dois_Lajeados_(110_m) -999.9 -999.9 1007.4 1002.4 1006.9 16.3 13.2 52.0 Rio_Grande_do_Sul DCRS -999.9 0.0 0.2 97.43 97.55 96.73 1 -0.01 97.55 97.55 97.55 97.55
-28.995701 -51.754700 DCRS-00057 2026-09-12_07:38 15.6 -999.9 -999.9 86.6 -999.9 -999.9 13.4 -999.9 -999.9 1007.0 -999.9 -999.9 0.0 -999.9 5.6 51.0 0.0 0.2 55.2 55.4 57.6 57.6 16.8 15.2 97.2 86.2 11.5 DCRS_-_Cotiporã_-_Dois_Lajeados_(110_m) -999.9 -999.9 1007.4 1002.4 1007.0 16.3 13.2 52.0 Rio_Grande_do_Sul DCRS -999.9 0.0 0.2 97.42 97.55 96.73 1 -0.05 97.55 97.55 97.55 97.55
-28.995701 -51.754700 DCRS-00057 2026-09-12_07:39 15.6 -999.9 -999.9 88.0 -999.9 -999.9 13.6 -999.9 -999.9 1007.3 -999.9 -999.9 0.0 -999.9 5.6 52.0 0.0 0.2 55.2 55.4 57.6 57.6 16.8 15.2 97.2 86.2 11.5 DCRS_-_Cotiporã_-_Dois_Lajeados_(110_m) -999.9 -999.9 1007.4 1002.4 1007.3 16.3 13.2 52.0 Rio_Grande_do_Sul DCRS -999.9 0.0 0.2 97.45 97.55 96.73 1 0.02 97.55 97.55 97.55 97.55
-28.995701 -51.754700 DCRS-00057 2026-09-12_07:40 15.6 -999.9 -999.9 88.8 -999.9 -999.9 13.7 -999.9 -999.9 1007.5 -999.9 -999.9 0.0 -999.9 2.6 53.0 0.0 0.2 55.2 55.4 57.6 57.6 16.8 15.2 97.2 86.2 11.5 DCRS_-_Cotiporã_-_Dois_Lajeados_(110_m) -999.9 -999.9 1007.5 1002.4 1007.5 16.3 13.2 53.0 Rio_Grande_do_Sul DCRS -999.9 0.0 0.2 97.52 97.55 96.73 1 0.14 97.55 97.55 97.55 97.55
-28.995701 -51.754700 DCRS-00057 2026-09-12_07:41 15.6 -999.9 -999.9 89.1 -999.9 -999.9 13.8 -999.9 -999.9 1007.5 -999.9 -999.9 0.0 -999.9 2.6 53.0 0.0 0.2 55.2 55.4 57.6 57.6 16.8 15.2 97.2 86.2 11.5 DCRS_-_Cotiporã_-_Dois_Lajeados_(110_m) -999.9 -999.9 1007.5 1002.4 1007.5 16.3 13.2 53.0 Rio_Grande_do_Sul DCRS -999.9 0.0 0.2 97.44 97.55 96.73 0 -0.03 97.55 97.55 97.55 97.55
-28.995701 -51.754700 DCRS-00057 2026-09-12_07:42 15.6 -999.9 -999.9 89.2 -999.9 -999.9 13.8 -999.9 -999.9 1007.5 -999.9 -999.9 0.0 -999.9 2.6 55.0 0.0 0.2 55.2 55.4 57.6 57.6 16.8 15.2 97.2 86.2 11.5 DCRS_-_Cotiporã_-_Dois_Lajeados_(110_m) -999.9 -999.9 1007.5 1002.4 1007.5 16.3 13.2 55.0 Rio_Grande_do_Sul DCRS -999.9 0.0 0.2 97.38 97.55 96.73 0 -0.09 97.55 97.55 97.55 97.55
-28.995701 -51.754700 DCRS-00057 2026-09-12_07:43 15.6 -999.9 -999.9 88.5 -999.9 -999.9 13.7 -999.9 -999.9 1007.4 -999.9 -999.9 0.0 -999.9 2.6 56.0 0.0 0.2 55.2 55.4 57.6 57.6 16.8 15.2 97.2 86.2 11.5 DCRS_-_Cotiporã_-_Dois_Lajeados_(110_m) -999.9 -999.9 1007.5 1002.4 1007.4 16.3 13.2 56.0 Rio_Grande_do_Sul DCRS -999.9 0.0 0.2 97.5 97.55 96.73 0 0.05 97.55 97.55 97.55 97.55
-28.995701 -51.754700 DCRS-00057 2026-09-12_07:44 15.6 -999.9 -999.9 88.6 -999.9 -999.9 13.7 -999.9 -999.9 1007.5 -999.9 -999.9 0.0 -999.9 2.6 56.0 0.0 0.2 55.2 55.4 57.6 57.6 16.8 15.2 97.2 86.2 11.5 DCRS_-_Cotiporã_-_Dois_Lajeados_(110_m) -999.9 -999.9 1007.5 1002.4 1007.5 16.3 13.2 56.0 Rio_Grande_do_Sul DCRS -999.9 0.0 0.2 97.44 97.55 96.73 0 -0.04 97.55 97.55 97.55 97.55
-28.995701 -51.754700 DCRS-00057 2026-09-12_07:45 15.6 -999.9 -999.9 89.5 -999.9 -999.9 13.9 -999.9 -999.9 1007.6 -999.9 -999.9 0.0 -999.9 2.1 55.0 0.0 0.2 55.2 55.4 57.6 57.6 16.8 15.2 97.2 86.2 11.5 DCRS_-_Cotiporã_-_Dois_Lajeados_(110_m) -999.9 -999.9 1007.6 1002.4 1007.6 16.3 13.2 56.0 Rio_Grande_do_Sul DCRS -999.9 0.0 0.2 97.54 97.55 96.73 0 0.14 97.55 97.55 97.55 97.55
-28.995701 -51.754700 DCRS-00057 2026-09-12_07:46 15.6 -999.9 -999.9 90.0 -999.9 -999.9 14.0 -999.9 -999.9 1007.7 -999.9 -999.9 1.8 -999.9 2.1 54.0 0.0 0.2 55.2 55.4 57.6 57.6 16.8 15.2 97.2 86.2 11.5 DCRS_-_Cotiporã_-_Dois_Lajeados_(110_m) -999.9 -999.9 1007.7 1002.4 1007.7 16.3 13.2 56.0 Rio_Grande_do_Sul DCRS -999.9 0.0 0.2 97.46 97.55 96.73 0 0.06 97.55 97.55 97.55 97.55
-28.995701 -51.754700 DCRS-00057 2026-09-12_07:47 15.6 -999.9 -999.9 90.4 -999.9 -999.9 14.0 -999.9 -999.9 1007.8 -999.9 -999.9 0.0 -999.9 2.1 54.0 0.0 0.2 55.2 55.4 57.6 57.6 16.8 15.2 97.2 86.2 11.5 DCRS_-_Cotiporã_-_Dois_Lajeados_(110_m) -999.9 -999.9 1007.8 1002.4 1007.8 16.3 13.2 56.0 Rio_Grande_do_Sul DCRS -999.9 0.0 0.2 97.49 97.55 96.73 0 0.07 97.55 97.55 97.55 97.55
-28.995701 -51.754700 DCRS-00057 2026-09-12_07:48 15.6 -999.9 -999.9 90.7 -999.9 -999.9 14.1 -999.9 -999.9 1007.8 -999.9 -999.9 0.0 -999.9 2.1 55.0 0.0 0.2 55.2 55.4 57.6 57.6 16.8 15.2 97.2 86.2 11.5 DCRS_-_Cotiporã_-_Dois_Lajeados_(110_m) -999.9 -999.9 1007.8 1002.4 1007.8 16.3 13.2 56.0 Rio_Grande_do_Sul DCRS -999.9 0.0 0.2 97.39 97.55 96.73 -1 -0.09 97.55 97.55 97.55 97.55
-28.995701 -51.754700 DCRS-00057 2026-09-12_07:49 15.6 -999.9 -999.9 89.9 -999.9 -999.9 13.9 -999.9 -999.9 1007.7 -999.9 -999.9 0.0 -999.9 2.1 55.0 0.0 0.2 55.2 55.4 57.6 57.6 16.8 15.2 97.2 86.2 11.5 DCRS_-_Cotiporã_-_Dois_Lajeados_(110_m) -999.9 -999.9 1007.8 1002.4 1007.7 16.3 13.2 56.0 Rio_Grande_do_Sul DCRS -999.9 0.0 0.2 97.45 97.55 96.73 0 -0.01 97.55 97.55 97.55 97.55
-28.995701 -51.754700 DCRS-00057 2026-09-12_07:50 15.6 -999.9 -999.9 88.9 -999.9 -999.9 13.8 -999.9 -999.9 1007.6 -999.9 -999.9 0.0 -999.9 2.0 54.0 0.0 0.2 55.2 55.4 57.6 57.6 16.8 15.2 97.2 86.2 11.5 DCRS_-_Cotiporã_-_Dois_Lajeados_(110_m) -999.9 -999.9 1007.8 1002.4 1007.6 16.3 13.2 56.0 Rio_Grande_do_Sul DCRS -999.9 0.0 0.2 97.54 97.55 96.73 -1 0.07 97.55 97.55 97.55 97.55
-28.995701 -51.754700 DCRS-00057 2026-09-12_07:51 15.6 -999.9 -999.9 87.9 -999.9 -999.9 13.6 -999.9 -999.9 1007.5 -999.9 -999.9 0.0 -999.9 2.0 52.0 0.0 0.2 55.2 55.4 57.6 57.6 16.8 15.2 97.2 86.2 11.5 DCRS_-_Cotiporã_-_Dois_Lajeados_(110_m) -999.9 -999.9 1007.8 1002.4 1007.5 16.3 13.2 56.0 Rio_Grande_do_Sul DCRS -999.9 0.0 0.2 97.4 97.55 96.73 -1 -0.07 97.55 97.55 97.55 97.55
-28.995701 -51.754700 DCRS-00057 2026-09-12_07:52 15.6 -999.9 -999.9 88.9 -999.9 -999.9 13.8 -999.9 -999.9 1007.6 -999.9 -999.9 0.0 -999.9 2.0 49.0 0.0 0.2 55.2 55.4 57.6 57.6 16.8 15.2 97.2 86.2 11.5 DCRS_-_Cotiporã_-_Dois_Lajeados_(110_m) -999.9 -999.9 1007.8 1002.4 1007.6 16.3 13.2 56.0 Rio_Grande_do_Sul DCRS -999.9 0.0 0.2 97.43 97.55 96.73 -1 -0.07 97.55 97.55 97.55 97.55
-28.995701 -51.754700 DCRS-00057 2026-09-12_07:53 15.7 -999.9 -999.9 89.1 -999.9 -999.9 13.9 -999.9 -999.9 1007.7 -999.9 -999.9 0.0 -999.9 2.0 48.0 0.0 0.2 55.2 55.4 57.6 57.6 16.8 15.2 97.2 86.2 11.5 DCRS_-_Cotiporã_-_Dois_Lajeados_(110_m) -999.9 -999.9 1007.8 1002.4 1007.7 16.3 13.2 56.0 Rio_Grande_do_Sul DCRS -999.9 0.0 0.2 97.48 97.55 96.73 0 0.03 97.55 97.55 97.55 97.55
-28.995701 -51.754700 DCRS-00057 2026-09-12_07:54 15.7 -999.9 -999.9 89.5 -999.9 -999.9 14.0 -999.9 -999.9 1007.7 -999.9 -999.9 0.0 -999.9 2.0 48.0 0.0 0.2 55.2 55.4 57.6 57.6 16.8 15.2 97.2 86.2 11.5 DCRS_-_Cotiporã_-_Dois_Lajeados_(110_m) -999.9 -999.9 1007.8 1002.4 1007.7 16.3 13.2 56.0 Rio_Grande_do_Sul DCRS -999.9 0.0 0.2 97.42 97.55 96.73 -1 -0.08 97.55 97.55 97.55 97.55
-28.995701 -51.754700 DCRS-00057 2026-09-12_07:55 15.6 -999.9 -999.9 88.4 -999.9 -999.9 13.7 -999.9 -999.9 1007.6 -999.9 -999.9 0.0 -999.9 1.9 48.0 0.0 0.2 55.2 55.4 57.6 57.6 16.8 15.2 97.2 86.2 11.5 DCRS_-_Cotiporã_-_Dois_Lajeados_(110_m) -999.9 -999.9 1007.8 1002.4 1007.6 16.3 13.2 56.0 Rio_Grande_do_Sul DCRS -999.9 0.0 0.2 97.42 97.55 96.73 -1 -0.08 97.55 97.55 97.55 97.55
-28.995701 -51.754700 DCRS-00057 2026-09-12_07:56 15.7 -999.9 -999.9 87.2 -999.9 -999.9 13.6 -999.9 -999.9 1007.5 -999.9 -999.9 0.0 -999.9 1.9 47.0 0.0 0.2 55.2 55.4 57.6 57.6 16.8 15.2 97.2 86.2 11.5 DCRS_-_Cotiporã_-_Dois_Lajeados_(110_m) -999.9 -999.9 1007.8 1002.4 1007.5 16.3 13.2 56.0 Rio_Grande_do_Sul DCRS -999.9 0.0 0.2 97.48 97.55 96.73 -1 -0.03 97.55 97.55 97.55 97.55
-28.995701 -51.754700 DCRS-00057 2026-09-12_07:57 15.7 -999.9 -999.9 89.8 -999.9 -999.9 14.0 -999.9 -999.9 1007.9 -999.9 -999.9 0.0 -999.9 1.9 45.0 0.0 0.2 55.2 55.4 57.6 57.6 16.8 15.2 97.2 86.2 11.5 DCRS_-_Cotiporã_-_Dois_Lajeados_(110_m) -999.9 -999.9 1007.9 1002.4 1007.9 16.3 13.2 56.0 Rio_Grande_do_Sul DCRS -999.9 0.0 0.2 97.49 97.55 96.73 0 -0.03 97.55 97.55 97.55 97.55
-28.995701 -51.754700 DCRS-00057 2026-09-12_07:58 15.7 -999.9 -999.9 90.7 -999.9 -999.9 14.2 -999.9 -999.9 1008.0 -999.9 -999.9 0.0 -999.9 1.9 43.0 0.0 0.2 55.2 55.4 57.6 57.6 16.8 15.2 97.2 86.2 11.5 DCRS_-_Cotiporã_-_Dois_Lajeados_(110_m) -999.9 -999.9 1008.0 1002.4 1008.0 16.3 13.2 56.0 Rio_Grande_do_Sul DCRS -999.9 0.0 0.2 97.33 97.55 96.73 0 -0.15 97.55 97.55 97.55 97.55
-28.995701 -51.754700 DCRS-00057 2026-09-12_07:59 15.7 -999.9 -999.9 91.1 -999.9 -999.9 14.2 -999.9 -999.9 1008.1 -999.9 -999.9 0.0 -999.9 1.9 41.0 0.0 0.2 55.2 55.4 57.6 57.6 16.8 15.2 97.2 86.2 11.5 DCRS_-_Cotiporã_-_Dois_Lajeados_(110_m) -999.9 -999.9 1008.1 1002.4 1008.1 16.3 13.2 56.0 Rio_Grande_do_Sul DCRS -999.9 0.0 0.2 97.47 97.55 96.73 0 0.04 97.55 97.55 97.55 97.55
-28.995701 -51.754700 DCRS-00057 2026-09-12_08:00 15.7 -999.9 -999.9 89.7 -999.9 -999.9 14.0 -999.9 -999.9 1008.0 -999.9 -999.9 0.0 -999.9 1.9 38.0 0.0 0.2 55.2 55.4 57.6 57.6 16.8 15.2 97.2 86.2 11.5 DCRS_-_Cotiporã_-_Dois_Lajeados_(110_m) -999.9 -999.9 1008.1 1002.4 1008.0 16.3 13.2 56.0 Rio_Grande_do_Sul DCRS -999.9 0.0 0.2 97.44 97.55 96.73 0 -0.07 97.55 97.55 97.55 97.55
-28.995701 -51.754700 DCRS-00057 2026-09-12_08:01 15.7 -999.9 -999.9 89.3 -999.9 -999.9 13.9 -999.9 -999.9 1008.0 -999.9 -999.9 -999.9 -999.9 1.9 38.0 0.0 0.2 55.2 55.4 57.6 57.6 16.8 15.2 97.2 86.2 11.5 DCRS_-_Cotiporã_-_Dois_Lajeados_(110_m) -999.9 -999.9 1008.1 1002.4 1008.0 16.3 13.2 56.0 Rio_Grande_do_Sul DCRS -999.9 0.0 0.2 97.38 97.55 96.73 -1 -0.13 97.55 97.55 97.55 97.55
-28.995701 -51.754700 DCRS-00057 2026-09-12_08:02 15.6 -999.9 -999.9 87.3 -999.9 -999.9 13.5 -999.9 -999.9 1007.7 -999.9 -999.9 -999.9 -999.9 1.9 40.0 0.0 0.2 55.2 55.4 57.6 57.6 16.8 15.2 97.2 86.2 11.5 DCRS_-_Cotiporã_-_Dois_Lajeados_(110_m) -999.9 -999.9 1008.1 1002.4 1007.7 16.3 13.2 56.0 Rio_Grande_do_Sul DCRS -999.9 0.0 0.2 97.42 97.55 96.73 0 -0.04 97.55 97.55 97.55 97.55
-28.995701 -51.754700 DCRS-00057 2026-09-12_08:03 15.7 -999.9 -999.9 86.8 -999.9 -999.9 13.5 -999.9 -999.9 1007.6 -999.9 -999.9 0.0 -999.9 1.9 41.0 0.0 0.2 55.2 55.4 57.6 57.6 16.8 15.2 97.2 86.2 11.5 DCRS_-_Cotiporã_-_Dois_Lajeados_(110_m) -999.9 -999.9 1008.1 1002.4 1007.6 16.3 13.2 56.0 Rio_Grande_do_Sul DCRS -999.9 0.0 0.2 97.47 97.55 96.73 0 0.03 97.55 97.55 97.55 97.55
-28.995701 -51.754700 DCRS-00057 2026-09-12_08:04 15.7 -999.9 -999.9 86.7 -999.9 -999.9 -999.9 -999.9 -999.9 1007.6 -999.9 -999.9 0.0 -999.9 1.9 42.0 0.0 0.2 55.2 55.4 57.6 57.6 16.8 15.2 97.2 86.2 11.5 DCRS_-_Cotiporã_-_Dois_Lajeados_(110_m) -999.9 -999.9 1008.1 1002.4 1007.6 16.3 13.2 56.0 Rio_Grande_do_Sul DCRS -999.9 0.0 0.2 97.42 97.55 96.73 -1 -0.13 97.55 97.55 97.55 97.55
-28.995701 -51.754700 DCRS-00057 2026-09-12_08:05 15.7 -999.9 -999.9 87.8 -999.9 -999.9 13.7 -999.9 -999.9 1007.8 -999.9 -999.9 0.0 -999.9 7.7 43.0 0.0 0.2 55.2 55.4 57.6 57.6 16.8 15.2 97.2 86.2 11.5 DCRS_-_Cotiporã_-_Dois_Lajeados_(110_m) -999.9 -999.9 1008.1 1002.4 1007.8 16.3 13.2 56.0 Rio_Grande_do_Sul DCRS -999.9 0.0 0.2 97.42 97.55 96.73 -1 -0.13 97.55 97.55 97.55 97.55
-28.995701 -51.754700 DCRS-00057 2026-09-12_08:06 15.7 -999.9 -999.9 88.7 -999.9 -999.9 13.8 -999.9 -999.9 1007.9 -999.9 -999.9 0.0 -999.9 7.7 44.0 0.0 0.2 55.2 55.4 57.6 57.6 16.8 15.2 97.2 86.2 11.5 DCRS_-_Cotiporã_-_Dois_Lajeados_(110_m) -999.9 -999.9 1008.1 1002.4 1007.9 16.3 13.2 56.0 Rio_Grande_do_Sul DCRS -999.9 0.0 0.2 97.36 97.55 96.73 -1 -0.05 97.55 97.55 97.55 97.55
-28.995701 -51.754700 DCRS-00057 2026-09-12_08:07 15.7 -999.9 -999.9 88.8 -999.9 -999.9 13.8 -999.9 -999.9 1008.0 -999.9 -999.9 0.0 -999.9 7.7 44.0 0.0 0.2 55.2 55.4 57.6 57.6 16.8 15.2 97.2 86.2 11.5 DCRS_-_Cotiporã_-_Dois_Lajeados_(110_m) -999.9 -999.9 1008.1 1002.4 1008.0 16.3 13.2 56.0 Rio_Grande_do_Sul DCRS -999.9 0.0 0.2 97.47 97.55 96.73 -1 0.03 97.55 97.55 97.55 97.55
-28.995701 -51.754700 DCRS-00057 2026-09-12_08:08 15.6 -999.9 -999.9 88.9 -999.9 -999.9 13.8 -999.9 -999.9 1008.0 -999.9 -999.9 0.0 -999.9 7.7 44.0 0.0 0.2 55.2 55.4 57.6 57.6 16.8 15.2 97.2 86.2 11.5 DCRS_-_Cotiporã_-_Dois_Lajeados_(110_m) -999.9 -999.9 1008.1 1002.4 1008.0 16.3 13.2 56.0 Rio_Grande_do_Sul DCRS -999.9 0.0 0.2 97.5 97.55 96.73 -1 0.01 97.55 97.55 97.55 97.55
-28.995701 -51.754700 DCRS-00057 2026-09-12_08:09 15.6 -999.9 -999.9 89.2 -999.9 -999.9 13.8 -999.9 -999.9 1008.1 -999.9 -999.9 1.8 -999.9 7.7 45.0 0.0 0.2 55.2 55.4 57.6 57.6 16.8 15.2 97.2 86.2 11.5 DCRS_-_Cotiporã_-_Dois_Lajeados_(110_m) -999.9 -999.9 1008.1 1002.4 1008.1 16.3 13.2 56.0 Rio_Grande_do_Sul DCRS -999.9 0.0 0.2 97.5 97.55 96.73 -1 0.01 97.55 97.55 97.55 97.55
-28.995701 -51.754700 DCRS-00057 2026-09-12_08:10 15.7 -999.9 -999.9 88.7 -999.9 -999.9 13.8 -999.9 -999.9 1008.0 -999.9 -999.9 0.0 -999.9 2.0 46.0 0.0 0.2 55.2 55.4 57.6 57.6 16.8 15.2 97.2 86.2 11.5 DCRS_-_Cotiporã_-_Dois_Lajeados_(110_m) -999.9 -999.9 1008.1 1002.4 1008.0 16.3 13.2 56.0 Rio_Grande_do_Sul DCRS -999.9 0.0 0.2 97.47 97.55 96.73 0 0.1 97.55 97.55 97.55 97.55
-28.995701 -51.754700 DCRS-00057 2026-09-12_08:11 15.7 -999.9 -999.9 88.8 -999.9 -999.9 13.8 -999.9 -999.9 1008.1 -999.9 -999.9 0.0 -999.9 2.0 47.0 0.0 0.2 55.2 55.4 57.6 57.6 16.8 15.2 97.2 86.2 11.5 DCRS_-_Cotiporã_-_Dois_Lajeados_(110_m) -999.9 -999.9 1008.1 1002.4 1008.1 16.3 13.2 56.0 Rio_Grande_do_Sul DCRS -999.9 0.0 0.2 97.49 97.55 96.73 0 0.12 97.55 97.55 97.55 97.55
-28.995701 -51.754700 DCRS-00057 2026-09-12_08:12 15.7 -999.9 -999.9 89.1 -999.9 -999.9 13.9 -999.9 -999.9 1008.1 -999.9 -999.9 -999.9 -999.9 2.0 49.0 0.0 0.2 55.2 55.4 57.6 57.6 16.8 15.2 97.2 86.2 11.5 DCRS_-_Cotiporã_-_Dois_Lajeados_(110_m) -999.9 -999.9 1008.1 1002.4 1008.1 16.3 13.2 56.0 Rio_Grande_do_Sul DCRS -999.9 0.0 0.2 97.41 97.55 96.73 -1 -0.07 97.55 97.55 97.55 97.55
-28.995701 -51.754700 DCRS-00057 2026-09-12_08:13 15.7 -999.9 -999.9 87.2 -999.9 -999.9 13.6 -999.9 -999.9 1007.8 -999.9 -999.9 -999.9 -999.9 2.0 51.0 0.0 0.2 55.2 55.4 57.6 57.6 16.8 15.2 97.2 86.2 11.5 DCRS_-_Cotiporã_-_Dois_Lajeados_(110_m) -999.9 -999.9 1008.1 1002.4 1007.8 16.3 13.2 56.0 Rio_Grande_do_Sul DCRS -999.9 0.0 0.2 97.47 97.55 96.73 0 0.01 97.55 97.55 97.55 97.55
-28.995701 -51.754700 DCRS-00057 2026-09-12_08:14 15.7 -999.9 -999.9 86.6 -999.9 -999.9 13.5 -999.9 -999.9 1007.7 -999.9 -999.9 0.0 -999.9 2.0 54.0 0.0 0.2 55.2 55.4 57.6 57.6 16.8 15.2 97.2 86.2 11.5 DCRS_-_Cotiporã_-_Dois_Lajeados_(110_m) -999.9 -999.9 1008.1 1002.4 1007.7 16.3 13.2 56.0 Rio_Grande_do_Sul DCRS -999.9 0.0 0.2 97.38 97.55 96.73 0 -0.04 97.55 97.55 97.55 97.55
-28.995701 -51.754700 DCRS-00057 2026-09-12_08:15 15.7 -999.9 -999.9 85.9 -999.9 -999.9 13.3 -999.9 -999.9 1007.6 -999.9 -999.9 0.0 -999.9 5.8 54.0 0.0 0.2 55.2 55.4 57.6 57.6 16.8 15.2 97.2 85.9 11.5 DCRS_-_Cotiporã_-_Dois_Lajeados_(110_m) -999.9 -999.9 1008.1 1002.4 1007.6 16.3 13.2 56.0 Rio_Grande_do_Sul DCRS -999.9 0.0 0.2 97.46 97.55 96.73 -1 0.04 97.55 97.55 97.55 97.55
-28.995701 -51.754700 DCRS-00057 2026-09-12_08:16 15.7 -999.9 -999.9 85.5 -999.9 -999.9 13.3 -999.9 -999.9 1007.5 -999.9 -999.9 0.0 -999.9 5.8 55.0 0.0 0.2 55.2 55.4 57.6 57.6 16.8 15.2 97.2 85.5 11.5 DCRS_-_Cotiporã_-_Dois_Lajeados_(110_m) -999.9 -999.9 1008.1 1002.4 1007.5 16.3 13.2 56.0 Rio_Grande_do_Sul DCRS -999.9 0.0 0.2 97.51 97.55 96.73 -1 0.09 97.55 97.55 97.55 97.55
-28.995701 -51.754700 DCRS-00057 2026-09-12_08:17 15.7 -999.9 -999.9 85.2 -999.9 -999.9 13.2 -999.9 -999.9 1007.5 -999.9 -999.9 0.0 -999.9 5.8 55.0 0.0 0.2 55.2 55.4 57.6 57.6 16.8 15.2 97.2 85.2 11.5 DCRS_-_Cotiporã_-_Dois_Lajeados_(110_m) -999.9 -999.9 1008.1 1002.4 1007.5 16.3 13.2 56.0 Rio_Grande_do_Sul DCRS -999.9 0.0 0.2 97.4 97.55 96.73 -1 -0.08 97.55 97.55 97.55 97.55
-28.995701 -51.754700 DCRS-00057 2026-09-12_08:18 15.7 -999.9 -999.9 85.5 -999.9 -999.9 13.3 -999.9 -999.9 1007.5 -999.9 -999.9 0.0 -999.9 5.8 53.0 0.0 0.2 55.2 55.4 57.6 57.6 16.8 15.2 97.2 85.2 11.5 DCRS_-_Cotiporã_-_Dois_Lajeados_(110_m) -999.9 -999.9 1008.1 1002.4 1007.5 16.3 13.2 56.0 Rio_Grande_do_Sul DCRS -999.9 0.0 0.2 97.49 97.55 96.73 -1 0.05 97.55 97.55 97.55 97.55
-28.995701 -51.754700 DCRS-00057 2026-09-12_08:19 15.8 -999.9 -999.9 84.8 -999.9 -999.9 13.2 -999.9 -999.9 1007.4 -999.9 -999.9 0.0 -999.9 5.8 51.0 0.0 0.2 55.2 55.4 57.6 57.6 16.8 15.2 97.2 84.8 11.5 DCRS_-_Cotiporã_-_Dois_Lajeados_(110_m) -999.9 -999.9 1008.1 1002.4 1007.4 16.3 13.2 56.0 Rio_Grande_do_Sul DCRS -999.9 0.0 0.2 97.43 97.55 96.73 -1 -0.01 97.55 97.55 97.55 97.55
-28.995701 -51.754700 DCRS-00057 2026-09-12_08:20 15.8 -999.9 -999.9 85.1 -999.9 -999.9 13.3 -999.9 -999.9 1007.5 -999.9 -999.9 0.0 -999.9 2.3 52.0 0.0 0.2 55.2 55.4 57.6 57.6 16.8 15.2 97.2 84.8 11.5 DCRS_-_Cotiporã_-_Dois_Lajeados_(110_m) -999.9 -999.9 1008.1 1002.4 1007.5 16.3 13.2 56.0 Rio_Grande_do_Sul DCRS -999.9 0.0 0.2 97.49 97.55 96.73 -1 0.1 97.55 97.55 97.55 97.55
-28.995701 -51.754700 DCRS-00057 2026-09-12_08:21 15.8 -999.9 -999.9 85.8 -999.9 -999.9 13.4 -999.9 -999.9 1007.6 -999.9 -999.9 0.0 -999.9 2.3 55.0 0.0 0.2 55.2 55.4 57.6 57.6 16.8 15.2 97.2 84.8 11.5 DCRS_-_Cotiporã_-_Dois_Lajeados_(110_m) -999.9 -999.9 1008.1 1002.4 1007.6 16.3 13.2 56.0 Rio_Grande_do_Sul DCRS -999.9 0.0 0.2 97.53 97.55 96.73 -1 0.14 97.55 97.55 97.55 97.55
-28.995701 -51.754700 DCRS-00057 2026-09-12_08:22 15.8 -999.9 -999.9 86.5 -999.9 -999.9 13.5 -999.9 -999.9 1007.8 -999.9 -999.9 0.0 -999.9 2.3 58.0 0.0 0.2 55.2 55.4 57.6 57.6 16.8 15.2 97.2 84.8 11.5 DCRS_-_Cotiporã_-_Dois_Lajeados_(110_m) -999.9 -999.9 1008.1 1002.4 1007.8 16.3 13.2 58.0 Rio_Grande_do_Sul DCRS -999.9 0.0 0.2 97.5 97.55 96.73 -1 0.04 97.55 97.55 97.55 97.55
-28.995701 -51.754700 DCRS-00057 2026-09-12_08:23 15.8 -999.9 -999.9 86.3 -999.9 -999.9 13.5 -999.9 -999.9 1007.8 -999.9 -999.9 0.0 -999.9 2.3 62.0 0.0 0.2 55.2 55.4 57.6 57.6 16.8 15.2 97.2 84.8 11.5 DCRS_-_Cotiporã_-_Dois_Lajeados_(110_m) -999.9 -999.9 1008.1 1002.4 1007.8 16.3 13.2 62.0 Rio_Grande_do_Sul DCRS -999.9 0.0 0.2 97.43 97.55 96.73 -1 -0.03 97.55 97.55 97.55 97.55
-28.995701 -51.754700 DCRS-00057 2026-09-12_08:24 15.9 -999.9 -999.9 87.2 -999.9 -999.9 13.8 -999.9 -999.9 1007.9 -999.9 -999.9 0.0 -999.9 2.3 64.0 0.0 0.2 55.2 55.4 57.6 57.6 16.8 15.2 97.2 84.8 11.5 DCRS_-_Cotiporã_-_Dois_Lajeados_(110_m) -999.9 -999.9 1008.1 1002.4 1007.9 16.3 13.2 64.0 Rio_Grande_do_Sul DCRS -999.9 0.0 0.2 97.32 97.55 96.73 -1 -0.15 97.55 97.55 97.55 97.55
-28.995701 -51.754700 DCRS-00057 2026-09-12_08:25 15.8 -999.9 -999.9 86.2 -999.9 -999.9 13.5 -999.9 -999.9 1007.7 -999.9 -999.9 0.0 -999.9 1.8 62.0 0.0 0.2 55.2 55.4 57.6 57.6 16.8 15.2 97.2 84.8 11.5 DCRS_-_Cotiporã_-_Dois_Lajeados_(110_m) -999.9 -999.9 1008.1 1002.4 1007.7 16.3 13.2 64.0 Rio_Grande_do_Sul DCRS -999.9 0.0 0.2 97.39 97.55 96.73 -1 -0.12 97.55 97.55 97.55 97.55
-28.995701 -51.754700 DCRS-00057 2026-09-12_08:26 15.9 -999.9 -999.9 86.9 -999.9 -999.9 13.7 -999.9 -999.9 1007.9 -999.9 -999.9 0.0 -999.9 1.8 57.0 0.0 0.2 55.2 55.4 57.6 57.6 16.8 15.2 97.2 84.8 11.5 DCRS_-_Cotiporã_-_Dois_Lajeados_(110_m) -999.9 -999.9 1008.1 1002.4 1007.9 16.3 13.2 64.0 Rio_Grande_do_Sul DCRS -999.9 0.0 0.2 97.53 97.55 96.73 -1 0.01 97.55 97.55 97.55 97.55
-28.995701 -51.754700 DCRS-00057 2026-09-12_08:27 15.9 -999.9 -999.9 87.5 -999.9 -999.9 13.8 -999.9 -999.9 1008.0 -999.9 -999.9 -999.9 -999.9 1.8 56.0 0.0 0.2 55.2 55.4 57.6 57.6 16.8 15.2 97.2 84.8 11.5 DCRS_-_Cotiporã_-_Dois_Lajeados_(110_m) -999.9 -999.9 1008.1 1002.4 1008.0 16.3 13.2 64.0 Rio_Grande_do_Sul DCRS -999.9 0.0 0.2 97.35 97.55 96.73 -1 -0.17 97.55 97.55 97.55 97.55
-28.995701 -51.754700 DCRS-00057 2026-09-12_08:28 15.8 -999.9 -999.9 86.5 -999.9 -999.9 13.5 -999.9 -999.9 1007.8 -999.9 -999.9 0.0 -999.9 1.8 56.0 0.0 0.2 55.2 55.4 57.6 57.6 16.8 15.2 97.2 84.8 11.5 DCRS_-_Cotiporã_-_Dois_Lajeados_(110_m) -999.9 -999.9 1008.1 1002.4 1007.8 16.3 13.2 64.0 Rio_Grande_do_Sul DCRS -999.9 0.0 0.2 97.56 97.56 96.73 -1 0.15 97.56 97.56 97.56 97.56
-28.995701 -51.754700 DCRS-00057 2026-09-12_08:29 15.8 -999.9 -999.9 84.5 -999.9 -999.9 13.2 -999.9 -999.9 1007.4 -999.9 -999.9 0.0 -999.9 1.8 58.0 0.0 0.2 55.2 55.4 57.6 57.6 16.8 15.2 97.2 84.5 11.5 DCRS_-_Cotiporã_-_Dois_Lajeados_(110_m) -999.9 -999.9 1008.1 1002.4 1007.4 16.3 13.2 64.0 Rio_Grande_do_Sul DCRS -999.9 0.0 0.2 97.53 97.56 96.73 -1 0.06 97.56 97.56 97.56 97.56
-28.995701 -51.754700 DCRS-00057 2026-09-12_08:30 15.8 -999.9 -999.9 84.1 -999.9 -999.9 13.1 -999.9 -999.9 1007.3 -999.9 -999.9 0.0 -999.9 9.3 58.0 0.0 0.2 55.2 55.4 57.6 57.6 16.8 15.2 97.2 84.1 11.5 DCRS_-_Cotiporã_-_Dois_Lajeados_(110_m) -999.9 -999.9 1008.1 1002.4 1007.3 16.3 13.1 64.0 Rio_Grande_do_Sul DCRS -999.9 0.0 0.2 97.46 97.56 96.73 -1 -0.04 97.56 97.56 97.56 97.56
-28.995701 -51.754700 DCRS-00057 2026-09-12_08:31 15.8 -999.9 -999.9 84.4 -999.9 -999.9 13.2 -999.9 -999.9 1007.4 -999.9 -999.9 0.0 -999.9 9.3 59.0 0.0 0.2 55.2 55.4 57.6 57.6 16.8 15.2 97.2 84.1 11.5 DCRS_-_Cotiporã_-_Dois_Lajeados_(110_m) -999.9 -999.9 1008.1 1002.4 1007.4 16.3 13.1 64.0 Rio_Grande_do_Sul DCRS -999.9 0.0 0.2 97.45 97.56 96.73 -1 -0.05 97.56 97.56 97.56 97.56
-28.995701 -51.754700 DCRS-00057 2026-09-12_08:32 15.9 -999.9 -999.9 84.7 -999.9 -999.9 13.3 -999.9 -999.9 1007.5 -999.9 -999.9 0.0 -999.9 9.3 60.0 0.0 0.2 55.2 55.4 57.6 57.6 16.8 15.2 97.2 84.1 11.5 DCRS_-_Cotiporã_-_Dois_Lajeados_(110_m) -999.9 -999.9 1008.1 1002.4 1007.5 16.3 13.1 64.0 Rio_Grande_do_Sul DCRS -999.9 0.0 0.2 97.55 97.56 96.73 0 0.08 97.56 97.56 97.56 97.56
-28.995701 -51.754700 DCRS-00057 2026-09-12_08:33 15.8 -999.9 -999.9 84.5 -999.9 -999.9 13.2 -999.9 -999.9 1007.4 -999.9 -999.9 2.1 -999.9 9.3 61.0 0.0 0.2 55.2 55.4 57.6 57.6 16.8 15.2 97.2 84.1 11.5 DCRS_-_Cotiporã_-_Dois_Lajeados_(110_m) -999.9 -999.9 1008.1 1002.4 1007.4 16.3 13.1 64.0 Rio_Grande_do_Sul DCRS -999.9 0.0 0.2 97.45 97.56 96.73 0 -0.03 97.56 97.56 97.56 97.56
-28.995701 -51.754700 DCRS-00057 2026-09-12_08:34 15.9 -999.9 -999.9 84.5 -999.9 -999.9 13.3 -999.9 -999.9 1007.4 -999.9 -999.9 2.7 -999.9 9.3 66.0 0.0 0.2 55.2 55.4 57.6 57.6 16.8 15.2 97.2 84.1 11.5 DCRS_-_Cotiporã_-_Dois_Lajeados_(110_m) -999.9 -999.9 1008.1 1002.4 1007.4 16.3 13.1 66.0 Rio_Grande_do_Sul DCRS -999.9 0.0 0.2 97.41 97.56 96.73 0 -0.09 97.56 97.56 97.56 97.56
-28.995701 -51.754700 DCRS-00057 2026-09-12_08:35 15.9 -999.9 -999.9 83.3 -999.9 -999.9 13.0 -999.9 -999.9 1007.1 -999.9 -999.9 4.7 -999.9 6.5 70.0 0.0 0.2 55.2 55.4 57.6 57.6 16.8 15.2 97.2 83.3 11.5 DCRS_-_Cotiporã_-_Dois_Lajeados_(110_m) -999.9 -999.9 1008.1 1002.4 1007.1 16.3 13.0 70.0 Rio_Grande_do_Sul DCRS -999.9 0.0 0.2 97.5 97.56 96.73 1 0.01 97.56 97.56 97.56 97.56
-28.995701 -51.754700 DCRS-00057 2026-09-12_08:36 15.9 -999.9 -999.9 83.2 -999.9 -999.9 13.0 -999.9 -999.9 1007.1 -999.9 -999.9 0.0 -999.9 6.5 75.0 0.0 0.2 55.2 55.4 57.6 57.6 16.8 15.2 97.2 83.2 11.5 DCRS_-_Cotiporã_-_Dois_Lajeados_(110_m) -999.9 -999.9 1008.1 1002.4 1007.1 16.3 13.0 75.0 Rio_Grande_do_Sul DCRS -999.9 0.0 0.2 97.38 97.56 96.73 1 -0.06 97.56 97.56 97.56 97.56
-28.995701 -51.754700 DCRS-00057 2026-09-12_08:37 15.9 -999.9 -999.9 84.3 -999.9 -999.9 13.2 -999.9 -999.9 1007.3 -999.9 -999.9 0.0 -999.9 6.5 85.0 0.0 0.2 55.2 55.4 57.6 57.6 16.8 15.2 97.2 83.2 11.5 DCRS_-_Cotiporã_-_Dois_Lajeados_(110_m) -999.9 -999.9 1008.1 1002.4 1007.3 16.3 13.0 85.0 Rio_Grande_do_Sul DCRS -999.9 0.0 0.2 97.36 97.56 96.73 1 -0.07 97.56 97.56 97.56 97.56
-28.995701 -51.754700 DCRS-00057 2026-09-12_08:38 15.9 -999.9 -999.9 84.1 -999.9 -999.9 13.2 -999.9 -999.9 1007.3 -999.9 -999.9 0.0 -999.9 6.5 93.0 0.0 0.2 55.2 55.4 57.6 57.6 16.8 15.2 97.2 83.2 11.5 DCRS_-_Cotiporã_-_Dois_Lajeados_(110_m) -999.9 -999.9 1008.1 1002.4 1007.3 16.3 13.0 93.0 Rio_Grande_do_Sul DCRS -999.9 0.0 0.2 97.48 97.56 96.73 0 0.03 97.56 97.56 97.56 97.56
-28.995701 -51.754700 DCRS-00057 2026-09-12_08:39 15.9 -999.9 -999.9 83.8 -999.9 -999.9 13.1 -999.9 -999.9 1007.2 -999.9 -999.9 0.0 -999.9 6.5 99.0 0.0 0.2 55.2 55.4 57.6 57.6 16.8 15.2 97.2 83.2 11.5 DCRS_-_Cotiporã_-_Dois_Lajeados_(110_m) -999.9 -999.9 1008.1 1002.4 1007.2 16.3 13.0 99.0 Rio_Grande_do_Sul DCRS -999.9 0.0 0.2 97.35 97.56 96.73 0 -0.1 97.56 97.56 97.56 97.56
-28.995701 -51.754700 DCRS-00057 2026-09-12_08:40 15.9 -999.9 -999.9 83.9 -999.9 -999.9 13.2 -999.9 -999.9 1007.2 -999.9 -999.9 0.0 -999.9 7.9 98.0 0.0 0.2 55.2 55.4 57.6 57.6 16.8 15.2 97.2 83.2 11.5 DCRS_-_Cotiporã_-_Dois_Lajeados_(110_m) -999.9 -999.9 1008.1 1002.4 1007.2 16.3 13.0 99.0 Rio_Grande_do_Sul DCRS -999.9 0.0 0.2 97.49 97.56 96.73 -1 -0.03 97.56 97.56 97.56 97.56
-28.995701 -51.754700 DCRS-00057 2026-09-12_08:41 15.9 -999.9 -999.9 83.9 -999.9 -999.9 13.2 -999.9 -999.9 1007.2 -999.9 -999.9 0.0 -999.9 7.9 96.0 0.0 0.2 55.2 55.4 57.6 57.6 16.8 15.2 97.2 83.2 11.5 DCRS_-_Cotiporã_-_Dois_Lajeados_(110_m) -999.9 -999.9 1008.1 1002.4 1007.2 16.3 13.0 99.0 Rio_Grande_do_Sul DCRS -999.9 0.0 0.2 97.47 97.56 96.73 0 0.03 97.56 97.56 97.56 97.56
-28.995701 -51.754700 DCRS-00057 2026-09-12_08:42 16.0 -999.9 -999.9 84.3 -999.9 -999.9 13.3 -999.9 -999.9 1007.3 -999.9 -999.9 2.5 -999.9 7.9 95.0 0.0 0.2 55.2 55.4 57.6 57.6 16.8 15.2 97.2 83.2 11.5 DCRS_-_Cotiporã_-_Dois_Lajeados_(110_m) -999.9 -999.9 1008.1 1002.4 1007.3 16.3 13.0 99.0 Rio_Grande_do_Sul DCRS -999.9 0.0 0.2 97.48 97.56 96.73 0 -0.02 97.56 97.56 97.56 97.56
-28.995701 -51.754700 DCRS-00057 2026-09-12_08:43 16.0 -999.9 -999.9 85.8 -999.9 -999.9 13.6 -999.9 -999.9 1007.7 -999.9 -999.9 2.1 -999.9 7.9 98.0 0.0 0.2 55.2 55.4 57.6 57.6 16.8 15.2 97.2 83.2 11.5 DCRS_-_Cotiporã_-_Dois_Lajeados_(110_m) -999.9 -999.9 1008.1 1002.4 1007.7 16.3 13.0 99.0 Rio_Grande_do_Sul DCRS -999.9 0.0 0.2 97.46 97.56 96.73 0 -0.04 97.56 97.56 97.56 97.56
-28.995701 -51.754700 DCRS-00057 2026-09-12_08:44 16.0 -999.9 -999.9 85.2 -999.9 -999.9 13.5 -999.9 -999.9 1007.6 -999.9 -999.9 6.8 -999.9 7.9 100.0 0.0 0.2 55.2 55.4 57.6 57.6 16.8 15.2 97.2 83.2 11.5 DCRS_-_Cotiporã_-_Dois_Lajeados_(110_m) -999.9 -999.9 1008.1 1002.4 1007.6 16.3 13.0 100.0 Rio_Grande_do_Sul DCRS -999.9 0.0 0.2 97.45 97.56 96.73 0 0.01 97.56 97.56 97.56 97.56
-28.995701 -51.754700 DCRS-00057 2026-09-12_08:45 15.9 -999.9 -999.9 83.5 -999.9 -999.9 13.1 -999.9 -999.9 1007.3 -999.9 -999.9 2.9 -999.9 6.8 97.0 0.0 0.2 55.2 55.4 57.6 57.6 16.8 15.2 97.2 83.2 11.5 DCRS_-_Cotiporã_-_Dois_Lajeados_(110_m) -999.9 -999.9 1008.1 1002.4 1007.3 16.3 13.0 100.0 Rio_Grande_do_Sul DCRS -999.9 0.0 0.2 97.45 97.56 96.73 0 -0.09 97.56 97.56 97.56 97.56
-28.995701 -51.754700 DCRS-00057 2026-09-12_08:46 15.9 -999.9 -999.9 83.0 -999.9 -999.9 13.0 -999.9 -999.9 1007.3 -999.9 -999.9 0.0 -999.9 6.8 95.0 0.0 0.2 55.2 55.4 57.6 57.6 16.8 15.2 97.2 83.0 11.5 DCRS_-_Cotiporã_-_Dois_Lajeados_(110_m) -999.9 -999.9 1008.1 1002.4 1007.3 16.3 13.0 100.0 Rio_Grande_do_Sul DCRS -999.9 0.0 0.2 97.53 97.56 96.73 1 0.04 97.56 97.56 97.56 97.56
-28.995701 -51.754700 DCRS-00057 2026-09-12_08:47 16.0 -999.9 -999.9 82.9 -999.9 -999.9 13.1 -999.9 -999.9 1007.3 -999.9 -999.9 4.2 -999.9 6.8 95.0 0.0 0.2 55.2 55.4 57.6 57.6 16.8 15.2 97.2 82.9 11.5 DCRS_-_Cotiporã_-_Dois_Lajeados_(110_m) -999.9 -999.9 1008.1 1002.4 1007.3 16.3 13.0 100.0 Rio_Grande_do_Sul DCRS -999.9 0.0 0.2 97.47 97.56 96.73 1 -0.02 97.56 97.56 97.56 97.56
-28.995701 -51.754700 DCRS-00057 2026-09-12_08:48 16.0 -999.9 -999.9 82.6 -999.9 -999.9 13.0 -999.9 -999.9 1007.2 -999.9 -999.9 2.7 -999.9 6.8 95.0 0.0 0.2 55.2 55.4 57.6 57.6 16.8 15.2 97.2 82.6 11.5 DCRS_-_Cotiporã_-_Dois_Lajeados_(110_m) -999.9 -999.9 1008.1 1002.4 1007.2 16.3 13.0 100.0 Rio_Grande_do_Sul DCRS -999.9 0.0 0.2 97.52 97.56 96.73 1 0.13 97.56 97.56 97.56 97.56
-28.995701 -51.754700 DCRS-00057 2026-09-12_08:50 16.0 -999.9 -999.9 83.2 -999.9 -999.9 13.1 -999.9 -999.9 1007.2 -999.9 -999.9 0.0 -999.9 6.8 96.0 0.0 0.2 55.2 55.4 57.6 57.6 16.8 15.2 97.2 82.6 11.5 DCRS_-_Cotiporã_-_Dois_Lajeados_(110_m) -999.9 -999.9 1008.1 1002.4 1007.2 16.3 13.0 100.0 Rio_Grande_do_Sul DCRS -999.9 0.0 0.2 97.47 97.56 96.73 1 -0.07 97.56 97.56 97.56 97.56
-28.995701 -51.754700 DCRS-00057 2026-09-12_08:51 16.1 -999.9 -999.9 83.9 -999.9 -999.9 13.4 -999.9 -999.9 1007.4 -999.9 -999.9 0.0 -999.9 6.8 88.0 0.0 0.2 55.2 55.4 57.6 57.6 16.8 15.2 97.2 82.6 11.5 DCRS_-_Cotiporã_-_Dois_Lajeados_(110_m) -999.9 -999.9 1008.1 1002.4 1007.4 16.3 13.0 100.0 Rio_Grande_do_Sul DCRS -999.9 0.0 0.2 97.4 97.56 96.73 1 -0.03 97.56 97.56 97.56 97.56
-28.995701 -51.754700 DCRS-00057 2026-09-12_08:52 16.1 -999.9 -999.9 83.8 -999.9 -999.9 13.3 -999.9 -999.9 1007.4 -999.9 -999.9 0.0 -999.9 6.8 82.0 0.0 0.2 55.2 55.4 57.6 57.6 16.8 15.2 97.2 82.6 11.5 DCRS_-_Cotiporã_-_Dois_Lajeados_(110_m) -999.9 -999.9 1008.1 1002.4 1007.4 16.3 13.0 100.0 Rio_Grande_do_Sul DCRS -999.9 0.0 0.2 97.45 97.56 96.73 1 0.02 97.56 97.56 97.56 97.56
-28.995701 -51.754700 DCRS-00057 2026-09-12_08:53 16.1 -999.9 -999.9 84.5 -999.9 -999.9 13.5 -999.9 -999.9 1007.6 -999.9 -999.9 0.0 -999.9 6.8 73.0 0.0 0.2 55.2 55.4 57.6 57.6 16.8 15.2 97.2 82.6 11.5 DCRS_-_Cotiporã_-_Dois_Lajeados_(110_m) -999.9 -999.9 1008.1 1002.4 1007.6 16.3 13.0 100.0 Rio_Grande_do_Sul DCRS -999.9 0.0 0.2 97.49 97.56 96.73 1 0.01 97.56 97.56 97.56 97.56
-28.995701 -51.754700 DCRS-00057 2026-09-12_08:54 16.1 -999.9 -999.9 83.6 -999.9 -999.9 13.3 -999.9 -999.9 1007.4 -999.9 -999.9 0.0 -999.9 6.8 70.0 0.0 0.2 55.2 55.4 57.6 57.6 16.8 15.2 97.2 82.6 11.5 DCRS_-_Cotiporã_-_Dois_Lajeados_(110_m) -999.9 -999.9 1008.1 1002.4 1007.4 16.3 13.0 100.0 Rio_Grande_do_Sul DCRS -999.9 0.0 0.2 97.48 97.56 96.73 1 0.06 97.56 97.56 97.56 97.56
-28.995701 -51.754700 DCRS-00057 2026-09-12_08:55 16.1 -999.9 -999.9 83.6 -999.9 -999.9 13.3 -999.9 -999.9 1007.4 -999.9 -999.9 0.0 -999.9 0.0 68.0 0.0 0.2 55.2 55.4 57.6 57.6 16.8 15.2 97.2 82.6 11.5 DCRS_-_Cotiporã_-_Dois_Lajeados_(110_m) -999.9 -999.9 1008.1 1002.4 1007.4 16.3 13.0 100.0 Rio_Grande_do_Sul DCRS -999.9 0.0 0.2 97.51 97.56 96.73 1 0.03 97.56 97.56 97.56 97.56
-28.995701 -51.754700 DCRS-00057 2026-09-12_08:56 16.2 -999.9 -999.9 83.5 -999.9 -999.9 13.4 -999.9 -999.9 1007.4 -999.9 -999.9 0.0 -999.9 0.0 66.0 0.0 0.2 55.2 55.4 57.6 57.6 16.8 15.2 97.2 82.6 11.5 DCRS_-_Cotiporã_-_Dois_Lajeados_(110_m) -999.9 -999.9 1008.1 1002.4 1007.4 16.3 13.0 100.0 Rio_Grande_do_Sul DCRS -999.9 0.0 0.2 97.4 97.56 96.73 1 -0.08 97.56 97.56 97.56 97.56
-28.995701 -51.754700 DCRS-00057 2026-09-12_08:57 16.2 -999.9 -999.9 83.7 -999.9 -999.9 13.4 -999.9 -999.9 1007.4 -999.9 -999.9 0.0 -999.9 0.0 65.0 0.0 0.2 55.2 55.4 57.6 57.6 16.8 15.2 97.2 82.6 11.5 DCRS_-_Cotiporã_-_Dois_Lajeados_(110_m) -999.9 -999.9 1008.1 1002.4 1007.4 16.3 13.0 100.0 Rio_Grande_do_Sul DCRS -999.9 0.0 0.2 97.43 97.56 96.73 1 -0.06 97.56 97.56 97.56 97.56
-28.995701 -51.754700 DCRS-00057 2026-09-12_08:58 16.2 -999.9 -999.9 84.6 -999.9 -999.9 13.6 -999.9 -999.9 1007.6 -999.9 -999.9 0.0 -999.9 0.0 63.0 0.0 0.2 55.2 55.4 57.6 57.6 16.8 15.2 97.2 82.6 11.5 DCRS_-_Cotiporã_-_Dois_Lajeados_(110_m) -999.9 -999.9 1008.1 1002.4 1007.6 16.3 13.0 100.0 Rio_Grande_do_Sul DCRS -999.9 0.0 0.2 97.51 97.56 96.73 1 0.18 97.56 97.56 97.56 97.56
-28.995701 -51.754700 DCRS-00057 2026-09-12_08:59 16.2 -999.9 -999.9 85.5 -999.9 -999.9 13.7 -999.9 -999.9 1007.8 -999.9 -999.9 0.0 -999.9 0.0 62.0 0.0 0.2 55.2 55.4 57.6 57.6 16.8 15.2 97.2 82.6 11.5 DCRS_-_Cotiporã_-_Dois_Lajeados_(110_m) -999.9 -999.9 1008.1 1002.4 1007.8 16.3 13.0 100.0 Rio_Grande_do_Sul DCRS -999.9 0.0 0.2 97.5 97.56 96.73 1 0.03 97.56 97.56 97.56 97.56
-28.995701 -51.754700 DCRS-00057 2026-09-12_09:00 16.2 -999.9 -999.9 84.9 -999.9 -999.9 13.6 -999.9 -999.9 1007.7 -999.9 -999.9 0.0 -999.9 4.5 63.0 0.0 0.2 55.2 55.4 57.6 57.6 16.8 15.2 97.2 82.6 11.5 DCRS_-_Cotiporã_-_Dois_Lajeados_(110_m) -999.9 -999.9 1008.1 1002.4 1007.7 16.3 13.0 100.0 Rio_Grande_do_Sul DCRS -999.9 0.0 0.2 97.41 97.56 96.73 1 -0.03 97.56 97.56 97.56 97.56
-28.995701 -51.754700 DCRS-00057 2026-09-12_09:01 16.2 -999.9 -999.9 83.8 -999.9 -999.9 13.4 -999.9 -999.9 1007.5 -999.9 -999.9 0.0 -999.9 4.5 64.0 0.0 0.2 55.2 55.4 57.6 57.6 16.8 15.2 97.2 82.6 11.5 DCRS_-_Cotiporã_-_Dois_Lajeados_(110_m) -999.9 -999.9 1008.1 1002.4 1007.5 16.3 13.0 100.0 Rio_Grande_do_Sul DCRS -999.9 0.0 0.2 97.39 97.56 96.73 1 -0.03 97.56 97.56 97.56 97.56
-28.995701 -51.754700 DCRS-00057 2026-09-12_09:02 16.2 -999.9 -999.9 83.4 -999.9 -999.9 13.4 -999.9 -999.9 1007.4 -999.9 -999.9 0.0 -999.9 4.5 66.0 0.0 0.2 55.2 55.4 57.6 57.6 16.8 15.2 97.2 82.6 11.5 DCRS_-_Cotiporã_-_Dois_Lajeados_(110_m) -999.9 -999.9 1008.1 1002.4 1007.4 16.3 13.0 100.0 Rio_Grande_do_Sul DCRS -999.9 0.0 0.2 97.49 97.56 96.73 1 0.07 97.56 97.56 97.56 97.56
-28.995701 -51.754700 DCRS-00057 2026-09-12_09:03 16.2 -999.9 -999.9 83.1 -999.9 -999.9 13.3 -999.9 -999.9 1007.4 -999.9 -999.9 3.0 -999.9 4.5 68.0 0.0 0.2 55.2 55.4 57.6 57.6 16.8 15.2 97.2 82.6 11.5 DCRS_-_Cotiporã_-_Dois_Lajeados_(110_m) -999.9 -999.9 1008.1 1002.4 1007.4 16.3 13.0 100.0 Rio_Grande_do_Sul DCRS -999.9 0.0 0.2 97.43 97.56 96.73 0 -0.04 97.56 97.56 97.56 97.56
-28.995701 -51.754700 DCRS-00057 2026-09-12_09:04 16.2 -999.9 -999.9 83.5 -999.9 -999.9 13.4 -999.9 -999.9 1007.4 -999.9 -999.9 2.5 -999.9 4.5 71.0 0.0 0.2 55.2 55.4 57.6 57.6 16.8 15.2 97.2 82.6 11.5 DCRS_-_Cotiporã_-_Dois_Lajeados_(110_m) -999.9 -999.9 1008.1 1002.4 1007.4 16.3 13.0 100.0 Rio_Grande_do_Sul DCRS -999.9 0.0 0.2 97.41 97.56 96.73 1 -0.01 97.56 97.56 97.56 97.56
-28.995701 -51.754700 DCRS-00057 2026-09-12_09:05 16.2 -999.9 -999.9 84.8 -999.9 -999.9 13.6 -999.9 -999.9 1007.7 -999.9 -999.9 0.0 -999.9 4.4 76.0 0.0 0.2 55.2 55.4 57.6 57.6 16.8 15.2 97.2 82.6 11.5 DCRS_-_Cotiporã_-_Dois_Lajeados_(110_m) -999.9 -999.9 1008.1 1002.4 1007.7 16.3 13.0 100.0 Rio_Grande_do_Sul DCRS -999.9 0.0 0.2 97.48 97.56 96.73 0 0.12 97.56 97.56 97.56 97.56
-28.995701 -51.754700 DCRS-00057 2026-09-12_09:06 16.1 -999.9 -999.9 84.5 -999.9 -999.9 13.5 -999.9 -999.9 1007.6 -999.9 -999.9 0.0 -999.9 4.4 84.0 0.0 0.2 55.2 55.4 57.6 57.6 16.8 15.2 97.2 82.6 11.5 DCRS_-_Cotiporã_-_Dois_Lajeados_(110_m) -999.9 -999.9 1008.1 1002.4 1007.6 16.3 13.0 100.0 Rio_Grande_do_Sul DCRS -999.9 0.0 0.2 97.46 97.56 96.73 0 0.1 97.56 97.56 97.56 97.56
-28.995701 -51.754700 DCRS-00057 2026-09-12_09:07 16.1 -999.9 -999.9 84.1 -999.9 -999.9 13.4 -999.9 -999.9 1007.5 -999.9 -999.9 0.0 -999.9 4.4 90.0 0.0 0.2 55.2 55.4 57.6 57.6 16.8 15.2 97.2 82.6 11.5 DCRS_-_Cotiporã_-_Dois_Lajeados_(110_m) -999.9 -999.9 1008.1 1002.4 1007.5 16.3 13.0 100.0 Rio_Grande_do_Sul DCRS -999.9 0.0 0.2 97.45 97.56 96.73 -1 -0.02 97.56 97.56 97.56 97.56
-28.995701 -51.754700 DCRS-00057 2026-09-12_09:08 16.1 -999.9 -999.9 84.6 -999.9 -999.9 13.5 -999.9 -999.9 1007.6 -999.9 -999.9 0.0 -999.9 4.4 93.0 0.0 0.2 55.2 55.4 57.6 57.6 16.8 15.2 97.2 82.6 11.5 DCRS_-_Cotiporã_-_Dois_Lajeados_(110_m) -999.9 -999.9 1008.1 1002.4 1007.6 16.3 13.0 100.0 Rio_Grande_do_Sul DCRS -999.9 0.0 0.2 97.48 97.56 96.73 -1 -0.02 97.56 97.56 97.56 97.56
-28.995701 -51.754700 DCRS-00057 2026-09-12_09:09 16.1 -999.9 -999.9 84.3 -999.9 -999.9 13.4 -999.9 -999.9 1007.5 -999.9 -999.9 0.0 -999.9 4.4 92.0 0.0 0.2 55.2 55.4 57.6 57.6 16.8 15.2 97.2 82.6 11.5 DCRS_-_Cotiporã_-_Dois_Lajeados_(110_m) -999.9 -999.9 1008.1 1002.4 1007.5 16.3 13.0 100.0 Rio_Grande_do_Sul DCRS -999.9 0.0 0.2 97.37 97.56 96.73 0 -0.13 97.56 97.56 97.56 97.56
-28.995701 -51.754700 DCRS-00057 2026-09-12_09:10 16.1 -999.9 -999.9 83.8 -999.9 -999.9 13.3 -999.9 -999.9 1007.3 -999.9 -999.9 2.1 -999.9 4.5 94.0 0.0 0.2 55.2 55.4 57.6 57.6 16.8 15.2 97.2 82.6 11.5 DCRS_-_Cotiporã_-_Dois_Lajeados_(110_m) -999.9 -999.9 1008.1 1002.4 1007.3 16.3 13.0 100.0 Rio_Grande_do_Sul DCRS -999.9 0.0 0.2 97.47 97.56 96.73 0 0.0 97.56 97.56 97.56 97.56
-28.995701 -51.754700 DCRS-00057 2026-09-12_09:11 16.1 -999.9 -999.9 84.3 -999.9 -999.9 13.4 -999.9 -999.9 1007.4 -999.9 -999.9 4.4 -999.9 4.5 102.0 0.0 0.2 55.2 55.4 57.6 57.6 16.8 15.2 97.2 82.6 11.5 DCRS_-_Cotiporã_-_Dois_Lajeados_(110_m) -999.9 -999.9 1008.1 1002.4 1007.4 16.3 13.0 102.0 Rio_Grande_do_Sul DCRS -999.9 0.0 0.2 97.49 97.56 96.73 0 0.08 97.56 97.56 97.56 97.56
-28.995701 -51.754700 DCRS-00057 2026-09-12_09:12 16.1 -999.9 -999.9 85.9 -999.9 -999.9 13.7 -999.9 -999.9 1007.8 -999.9 -999.9 3.1 -999.9 4.5 111.0 0.0 0.2 55.2 55.4 57.6 57.6 16.8 15.2 97.2 82.6 11.5 DCRS_-_Cotiporã_-_Dois_Lajeados_(110_m) -999.9 -999.9 1008.1 1002.4 1007.8 16.3 13.0 111.0 Rio_Grande_do_Sul DCRS -999.9 0.0 0.2 97.41 97.56 96.73 0 0.0 97.56 97.56 97.56 97.56
-28.995701 -51.754700 DCRS-00057 2026-09-12_09:13 16.1 -999.9 -999.9 84.2 -999.9 -999.9 13.4 -999.9 -999.9 1007.4 -999.9 -999.9 3.4 -999.9 4.5 119.0 0.0 0.2 55.2 55.4 57.6 57.6 16.8 15.2 97.2 82.6 11.5 DCRS_-_Cotiporã_-_Dois_Lajeados_(110_m) -999.9 -999.9 1008.1 1002.4 1007.4 16.3 13.0 119.0 Rio_Grande_do_Sul DCRS -999.9 0.0 0.2 97.44 97.56 96.73 0 -0.03 97.56 97.56 97.56 97.56
-28.995701 -51.754700 DCRS-00057 2026-09-12_09:14 16.1 -999.9 -999.9 83.2 -999.9 -999.9 13.2 -999.9 -999.9 1007.2 -999.9 -999.9 0.0 -999.9 4.5 123.0 0.0 0.2 55.2 55.4 57.6 57.6 16.8 15.2 97.2 82.6 11.5 DCRS_-_Cotiporã_-_Dois_Lajeados_(110_m) -999.9 -999.9 1008.1 1002.4 1007.2 16.3 13.0 123.0 Rio_Grande_do_Sul DCRS -999.9 0.0 0.2 97.35 97.56 96.73 -1 -0.11 97.56 97.56 97.56 97.56
-28.995701 -51.754700 DCRS-00057 2026-09-12_09:15 16.1 -999.9 -999.9 83.3 -999.9 -999.9 13.2 -999.9 -999.9 1007.2 -999.9 -999.9 3.2 -999.9 5.9 126.0 0.0 0.2 55.2 55.4 57.6 57.6 16.8 15.2 97.2 82.6 11.5 DCRS_-_Cotiporã_-_Dois_Lajeados_(110_m) -999.9 -999.9 1008.1 1002.4 1007.2 16.3 13.0 126.0 Rio_Grande_do_Sul DCRS -999.9 0.0 0.2 97.37 97.56 96.73 -1 -0.09 97.56 97.56 97.56 97.56
-28.995701 -51.754700 DCRS-00057 2026-09-12_09:16 16.1 -999.9 -999.9 83.7 -999.9 -999.9 13.3 -999.9 -999.9 1007.4 -999.9 -999.9 4.7 -999.9 5.9 127.0 0.0 0.2 55.2 55.4 57.6 57.6 16.8 15.2 97.2 82.6 11.5 DCRS_-_Cotiporã_-_Dois_Lajeados_(110_m) -999.9 -999.9 1008.1 1002.4 1007.4 16.3 13.0 127.0 Rio_Grande_do_Sul DCRS -999.9 0.0 0.2 97.41 97.56 96.73 -1 0.01 97.56 97.56 97.56 97.56
-28.995701 -51.754700 DCRS-00057 2026-09-12_09:17 16.1 -999.9 -999.9 82.8 -999.9 -999.9 13.2 -999.9 -999.9 1007.2 -999.9 -999.9 2.3 -999.9 5.9 128.0 0.0 0.2 55.2 55.4 57.6 57.6 16.8 15.2 97.2 82.6 11.5 DCRS_-_Cotiporã_-_Dois_Lajeados_(110_m) -999.9 -999.9 1008.1 1002.4 1007.2 16.3 13.0 128.0 Rio_Grande_do_Sul DCRS -999.9 0.0 0.2 97.5 97.56 96.73 -1 0.1 97.56 97.56 97.56 97.56
-28.995701 -51.754700 DCRS-00057 2026-09-12_09:18 16.1 -999.9 -999.9 83.1 -999.9 -999.9 13.2 -999.9 -999.9 1007.3 -999.9 -999.9 1.8 -999.9 5.9 131.0 0.0 0.2 55.2 55.4 57.6 57.6 16.8 15.2 97.2 82.6 11.5 DCRS_-_Cotiporã_-_Dois_Lajeados_(110_m) -999.9 -999.9 1008.1 1002.4 1007.3 16.3 13.0 131.0 Rio_Grande_do_Sul DCRS -999.9 0.0 0.2 97.5 97.56 96.73 -1 0.01 97.56 97.56 97.56 97.56
-28.995701 -51.754700 DCRS-00057 2026-09-12_09:19 16.2 -999.9 -999.9 82.8 -999.9 -999.9 13.2 -999.9 -999.9 1007.2 -999.9 -999.9 1.8 -999.9 5.9 135.0 0.0 0.2 55.2 55.4 57.6 57.6 16.8 15.2 97.2 82.6 11.5 DCRS_-_Cotiporã_-_Dois_Lajeados_(110_m) -999.9 -999.9 1008.1 1002.4 1007.2 16.3 13.0 135.0 Rio_Grande_do_Sul DCRS -999.9 0.0 0.2 97.43 97.56 96.73 -1 0.0 97.56 97.56 97.56 97.56
-28.995701 -51.754700 DCRS-00057 2026-09-12_09:20 16.2 -999.9 -999.9 83.0 -999.9 -999.9 13.3 -999.9 -999.9 1007.3 -999.9 -999.9 0.0 -999.9 6.8 139.0 0.0 0.2 55.2 55.4 57.6 57.6 16.8 15.2 97.2 82.6 11.5 DCRS_-_Cotiporã_-_Dois_Lajeados_(110_m) -999.9 -999.9 1008.1 1002.4 1007.3 16.3 13.0 139.0 Rio_Grande_do_Sul DCRS -999.9 0.0 0.2 97.47 97.56 96.73 -1 -0.02 97.56 97.56 97.56 97.56
-28.995701 -51.754700 DCRS-00057 2026-09-12_09:21 16.2 -999.9 -999.9 83.4 -999.9 -999.9 13.4 -999.9 -999.9 1007.3 -999.9 -999.9 0.0 -999.9 6.8 133.0 0.0 0.2 55.2 55.4 57.6 57.6 16.8 15.2 97.2 82.6 11.5 DCRS_-_Cotiporã_-_Dois_Lajeados_(110_m) -999.9 -999.9 1008.1 1002.4 1007.3 16.3 13.0 139.0 Rio_Grande_do_Sul DCRS -999.9 0.0 0.2 97.51 97.56 96.73 -1 -0.02 97.56 97.56 97.56 97.56
-28.995701 -51.754700 DCRS-00057 2026-09-12_09:22 16.3 -999.9 -999.9 83.9 -999.9 -999.9 13.6 -999.9 -999.9 1007.4 -999.9 -999.9 0.0 -999.9 6.8 126.0 0.0 0.2 55.2 55.4 57.6 57.6 16.8 15.2 97.2 82.6 11.5 DCRS_-_Cotiporã_-_Dois_Lajeados_(110_m) -999.9 -999.9 1008.1 1002.4 1007.4 16.3 13.0 139.0 Rio_Grande_do_Sul DCRS -999.9 0.0 0.2 97.54 97.56 96.73 0 0.04 97.56 97.56 97.56 97.56
-28.995701 -51.754700 DCRS-00057 2026-09-12_09:23 16.3 -999.9 -999.9 83.9 -999.9 -999.9 13.6 -999.9 -999.9 1007.4 -999.9 -999.9 0.0 -999.9 6.8 118.0 0.0 0.2 55.2 55.4 57.6 57.6 16.8 15.2 97.2 82.6 11.5 DCRS_-_Cotiporã_-_Dois_Lajeados_(110_m) -999.9 -999.9 1008.1 1002.4 1007.4 16.3 13.0 139.0 Rio_Grande_do_Sul DCRS -999.9 0.0 0.2 97.46 97.56 96.73 0 0.03 97.56 97.56 97.56 97.56
-28.995701 -51.754700 DCRS-00057 2026-09-12_09:24 16.3 -999.9 -999.9 82.6 -999.9 -999.9 13.3 -999.9 -999.9 1007.1 -999.9 -999.9 0.0 -999.9 6.8 111.0 0.0 0.2 55.2 55.4 57.6 57.6 16.8 15.2 97.2 82.6 11.5 DCRS_-_Cotiporã_-_Dois_Lajeados_(110_m) -999.9 -999.9 1008.1 1002.4 1007.1 16.3 13.0 139.0 Rio_Grande_do_Sul DCRS -999.9 0.0 0.2 97.38 97.56 96.73 0 -0.01 97.56 97.56 97.56 97.56
-28.995701 -51.754700 DCRS-00057 2026-09-12_09:25 16.3 -999.9 -999.9 83.1 -999.9 -999.9 13.4 -999.9 -999.9 1007.2 -999.9 -999.9 0.0 -999.9 3.2 113.0 0.0 0.2 55.2 55.4 57.6 57.6 16.8 15.2 97.2 82.6 11.5 DCRS_-_Cotiporã_-_Dois_Lajeados_(110_m) -999.9 -999.9 1008.1 1002.4 1007.2 16.3 13.0 139.0 Rio_Grande_do_Sul DCRS -999.9 0.0 0.2 97.46 97.56 96.73 0 0.07 97.56 97.56 97.56 97.56
-28.995701 -51.754700 DCRS-00057 2026-09-12_09:26 16.3 -999.9 -999.9 82.9 -999.9 -999.9 13.4 -999.9 -999.9 1007.2 -999.9 -999.9 0.0 -999.9 3.2 122.0 0.0 0.2 55.2 55.4 57.6 57.6 16.8 15.2 97.2 82.6 11.5 DCRS_-_Cotiporã_-_Dois_Lajeados_(110_m) -999.9 -999.9 1008.1 1002.4 1007.2 16.3 13.0 139.0 Rio_Grande_do_Sul DCRS -999.9 0.0 0.2 97.44 97.56 96.73 -1 -0.09 97.56 97.56 97.56 97.56
-28.995701 -51.754700 DCRS-00057 2026-09-12_09:27 16.4 -999.9 -999.9 84.5 -999.9 -999.9 13.8 -999.9 -999.9 1007.5 -999.9 -999.9 0.0 -999.9 3.2 126.0 0.0 0.2 55.2 55.4 57.6 57.6 16.8 15.2 97.2 82.6 11.5 DCRS_-_Cotiporã_-_Dois_Lajeados_(110_m) -999.9 -999.9 1008.1 1002.4 1007.5 16.3 13.0 139.0 Rio_Grande_do_Sul DCRS -999.9 0.0 0.2 97.46 97.56 96.73 -1 -0.1 97.56 97.56 97.56 97.56
-28.995701 -51.754700 DCRS-00057 2026-09-12_09:28 16.3 -999.9 -999.9 83.8 -999.9 -999.9 13.5 -999.9 -999.9 1007.3 -999.9 -999.9 0.0 -999.9 3.2 122.0 0.0 0.2 55.2 55.4 57.6 57.6 16.8 15.2 97.2 82.6 11.5 DCRS_-_Cotiporã_-_Dois_Lajeados_(110_m) -999.9 -999.9 1008.1 1002.4 1007.3 16.3 13.0 139.0 Rio_Grande_do_Sul DCRS -999.9 0.0 0.2 97.52 97.56 96.73 -1 -0.01 97.56 97.56 97.56 97.56
-28.995701 -51.754700 DCRS-00057 2026-09-12_09:29 16.4 -999.9 -999.9 83.1 -999.9 -999.9 13.5 -999.9 -999.9 1007.2 -999.9 -999.9 0.0 -999.9 3.2 117.0 0.0 0.2 55.2 55.4 57.6 57.6 16.8 15.2 97.2 82.6 11.5 DCRS_-_Cotiporã_-_Dois_Lajeados_(110_m) -999.9 -999.9 1008.1 1002.4 1007.2 16.3 13.0 139.0 Rio_Grande_do_Sul DCRS -999.9 0.0 0.2 97.53 97.56 96.73 -1 0.0 97.56 97.56 97.56 97.56
-28.995701 -51.754700 DCRS-00057 2026-09-12_09:30 16.4 -999.9 -999.9 82.9 -999.9 -999.9 13.5 -999.9 -999.9 1007.1 -999.9 -999.9 0.0 -999.9 2.2 120.0 0.0 0.2 55.2 55.4 57.6 57.6 16.8 15.2 97.2 82.6 11.5 DCRS_-_Cotiporã_-_Dois_Lajeados_(110_m) -999.9 -999.9 1008.1 1002.4 1007.1 16.3 13.0 139.0 Rio_Grande_do_Sul DCRS -999.9 0.0 0.2 97.48 97.56 96.73 0 0.03 97.56 97.56 97.56 97.56
-28.995701 -51.754700 DCRS-00057 2026-09-12_09:31 16.4 -999.9 -999.9 82.7 -999.9 -999.9 13.4 -999.9 -999.9 1007.0 -999.9 -999.9 0.0 -999.9 2.2 127.0 0.0 0.2 55.2 55.4 57.6 57.6 16.8 15.2 97.2 82.6 11.5 DCRS_-_Cotiporã_-_Dois_Lajeados_(110_m) -999.9 -999.9 1008.1 1002.4 1007.0 16.3 13.0 139.0 Rio_Grande_do_Sul DCRS -999.9 0.0 0.2 97.46 97.56 96.73 0 0.01 97.56 97.56 97.56 97.56
-28.995701 -51.754700 DCRS-00057 2026-09-12_09:32 16.4 -999.9 -999.9 83.1 -999.9 -999.9 13.5 -999.9 -999.9 1007.0 -999.9 -999.9 0.0 -999.9 2.2 126.0 0.0 0.2 55.2 55.4 57.6 57.6 16.8 15.2 97.2 82.6 11.5 DCRS_-_Cotiporã_-_Dois_Lajeados_(110_m) -999.9 -999.9 1008.1 1002.4 1007.0 16.3 13.0 139.0 Rio_Grande_do_Sul DCRS -999.9 0.0 0.2 97.48 97.56 96.73 0 -0.07 97.56 97.56 97.56 97.56
-28.995701 -51.754700 DCRS-00057 2026-09-12_09:33 16.5 -999.9 -999.9 82.5 -999.9 -999.9 13.5 -999.9 -999.9 1006.9 -999.9 -999.9 -999.9 -999.9 2.2 116.0 0.0 0.2 55.2 55.4 57.6 57.6 16.8 15.2 97.2 82.5 11.5 DCRS_-_Cotiporã_-_Dois_Lajeados_(110_m) -999.9 -999.9 1008.1 1002.4 1006.9 16.3 13.0 139.0 Rio_Grande_do_Sul DCRS -999.9 0.0 0.2 97.34 97.56 96.73 1 -0.07 97.56 97.56 97.56 97.56
-28.995701 -51.754700 DCRS-00057 2026-09-12_09:34 16.4 -999.9 -999.9 83.4 -999.9 -999.9 13.6 -999.9 -999.9 1007.0 -999.9 -999.9 -999.9 -999.9 2.2 103.0 0.0 0.2 55.2 55.4 57.6 57.6 16.8 15.2 97.2 82.5 11.5 DCRS_-_Cotiporã_-_Dois_Lajeados_(110_m) -999.9 -999.9 1008.1 1002.4 1007.0 16.3 13.0 139.0 Rio_Grande_do_Sul DCRS -999.9 0.0 0.2 97.47 97.56 96.73 1 0.06 97.56 97.56 97.56 97.56
-28.995701 -51.754700 DCRS-00057 2026-09-12_09:35 16.4 -999.9 -999.9 82.9 -999.9 -999.9 13.5 -999.9 -999.9 1006.9 -999.9 -999.9 3.5 -999.9 7.8 97.0 0.0 0.2 55.2 55.4 57.6 57.6 16.8 15.2 97.2 82.5 11.5 DCRS_-_Cotiporã_-_Dois_Lajeados_(110_m) -999.9 -999.9 1008.1 1002.4 1006.9 16.3 13.0 139.0 Rio_Grande_do_Sul DCRS -999.9 0.0 0.2 97.44 97.56 96.73 0 -0.06 97.56 97.56 97.56 97.56
-28.995701 -51.754700 DCRS-00057 2026-09-12_09:36 16.4 -999.9 -999.9 82.1 -999.9 -999.9 13.3 -999.9 -999.9 1006.8 -999.9 -999.9 0.0 -999.9 7.8 96.0 0.0 0.2 55.2 55.4 57.6 57.6 16.8 15.2 97.2 82.1 11.5 DCRS_-_Cotiporã_-_Dois_Lajeados_(110_m) -999.9 -999.9 1008.1 1002.4 1006.8 16.3 13.0 139.0 Rio_Grande_do_Sul DCRS -999.9 0.0 0.2 97.41 97.56 96.73 1 0.03 97.56 97.56 97.56 97.56
-28.995701 -51.754700 DCRS-00057 2026-09-12_09:37 16.4 -999.9 -999.9 82.8 -999.9 -999.9 13.4 -999.9 -999.9 1006.9 -999.9 -999.9 0.0 -999.9 7.8 98.0 0.0 0.2 55.2 55.4 57.6 57.6 16.8 15.2 97.2 82.1 11.5 DCRS_-_Cotiporã_-_Dois_Lajeados_(110_m) -999.9 -999.9 1008.1 1002.4 1006.9 16.3 13.0 139.0 Rio_Grande_do_Sul DCRS -999.9 0.0 0.2 97.53 97.56 96.73 0 0.17 97.56 97.56 97.56 97.56
-28.995701 -51.754700 DCRS-00057 2026-09-12_09:38 16.5 -999.9 -999.9 83.8 -999.9 -999.9 13.7 -999.9 -999.9 1007.0 -999.9 -999.9 0.0 -999.9 7.8 105.0 0.0 0.2 55.2 55.4 57.6 57.6 16.8 15.2 97.2 82.1 11.5 DCRS_-_Cotiporã_-_Dois_Lajeados_(110_m) -999.9 -999.9 1008.1 1002.4 1007.0 16.3 13.0 139.0 Rio_Grande_do_Sul DCRS -999.9 0.0 0.2 97.5 97.56 96.73 0 0.15 97.56 97.56 97.56 97.56
-28.995701 -51.754700 DCRS-00057 2026-09-12_09:39 16.5 -999.9 -999.9 83.0 -999.9 -999.9 13.6 -999.9 -999.9 1006.8 -999.9 -999.9 0.0 -999.9 7.8 113.0 0.0 0.2 55.2 55.4 57.6 57.6 16.8 15.2 97.2 82.1 11.5 DCRS_-_Cotiporã_-_Dois_Lajeados_(110_m) -999.9 -999.9 1008.1 1002.4 1006.8 16.3 13.0 139.0 Rio_Grande_do_Sul DCRS -999.9 0.0 0.2 97.48 97.56 96.73 1 0.13 97.56 97.56 97.56 97.56
-28.995701 -51.754700 DCRS-00057 2026-09-12_09:40 16.4 -999.9 -999.9 82.5 -999.9 -999.9 13.4 -999.9 -999.9 1006.6 -999.9 -999.9 -999.9 -999.9 3.9 116.0 0.0 0.2 55.2 55.4 57.6 57.6 16.8 15.2 97.2 82.1 11.5 DCRS_-_Cotiporã_-_Dois_Lajeados_(110_m) -999.9 -999.9 1008.1 1002.4 1006.6 16.3 13.0 139.0 Rio_Grande_do_Sul DCRS -999.9 0.0 0.2 97.39 97.56 96.73 -1 -0.1 97.56 97.56 97.56 97.56
-28.995701 -51.754700 DCRS-00057 2026-09-12_09:41 16.4 -999.9 -999.9 84.1 -999.9 -999.9 13.7 -999.9 -999.9 1007.0 -999.9 -999.9 0.0 -999.9 3.9 115.0 0.0 0.2 55.2 55.4 57.6 57.6 16.8 15.2 97.2 82.1 11.5 DCRS_-_Cotiporã_-_Dois_Lajeados_(110_m) -999.9 -999.9 1008.1 1002.4 1007.0 16.3 13.0 139.0 Rio_Grande_do_Sul DCRS -999.9 0.0 0.2 97.44 97.56 96.73 0 -0.03 97.56 97.56 97.56 97.56
-28.995701 -51.754700 DCRS-00057 2026-09-12_09:42 16.4 -999.9 -999.9 82.0 -999.9 -999.9 13.3 -999.9 -999.9 1006.7 -999.9 -999.9 -999.9 -999.9 3.9 112.0 0.0 0.2 55.2 55.4 57.6 57.6 16.8 15.2 97.2 82.0 11.5 DCRS_-_Cotiporã_-_Dois_Lajeados_(110_m) -999.9 -999.9 1008.1 1002.4 1006.7 16.3 13.0 139.0 Rio_Grande_do_Sul DCRS -999.9 0.0 0.2 97.41 97.56 96.73 -1 -0.07 97.56 97.56 97.56 97.56
-28.995701 -51.754700 DCRS-00057 2026-09-12_09:43 16.4 -999.9 -999.9 81.7 -999.9 -999.9 13.2 -999.9 -999.9 1006.8 -999.9 -999.9 3.2 -999.9 3.9 103.0 0.0 0.2 55.2 55.4 57.6 57.6 16.8 15.2 97.2 81.7 11.5 DCRS_-_Cotiporã_-_Dois_Lajeados_(110_m) -999.9 -999.9 1008.1 1002.4 1006.8 16.3 13.0 139.0 Rio_Grande_do_Sul DCRS -999.9 0.0 0.2 97.41 97.56 96.73 -1 -0.05 97.56 97.56 97.56 97.56
-28.995701 -51.754700 DCRS-00057 2026-09-12_09:44 16.3 -999.9 -999.9 82.0 -999.9 -999.9 13.2 -999.9 -999.9 1006.9 -999.9 -999.9 0.0 -999.9 3.9 101.0 0.0 0.2 55.2 55.4 57.6 57.6 16.8 15.2 97.2 81.7 11.5 DCRS_-_Cotiporã_-_Dois_Lajeados_(110_m) -999.9 -999.9 1008.1 1002.4 1006.9 16.3 13.0 139.0 Rio_Grande_do_Sul DCRS -999.9 0.0 0.2 97.42 97.56 96.73 -1 -0.03 97.56 97.56 97.56 97.56
-28.995701 -51.754700 DCRS-00057 2026-09-12_09:45 16.3 -999.9 -999.9 82.1 -999.9 -999.9 13.2 -999.9 -999.9 1006.8 -999.9 -999.9 2.7 -999.9 10.4 107.0 0.0 0.2 55.2 55.4 57.6 57.6 16.8 15.2 97.2 81.7 11.5 DCRS_-_Cotiporã_-_Dois_Lajeados_(110_m) -999.9 -999.9 1008.1 1002.4 1006.8 16.3 13.0 139.0 Rio_Grande_do_Sul DCRS -999.9 0.0 0.2 97.49 97.56 96.73 -1 0.04 97.56 97.56 97.56 97.56
-28.995701 -51.754700 DCRS-00057 2026-09-12_09:46 16.3 -999.9 -999.9 82.6 -999.9 -999.9 13.3 -999.9 -999.9 1006.9 -999.9 -999.9 0.0 -999.9 10.4 104.0 0.0 0.2 55.2 55.4 57.6 57.6 16.8 15.2 97.2 81.7 11.5 DCRS_-_Cotiporã_-_Dois_Lajeados_(110_m) -999.9 -999.9 1008.1 1002.4 1006.9 16.3 13.0 139.0 Rio_Grande_do_Sul DCRS -999.9 0.0 0.2 97.5 97.56 96.73 -1 -0.03 97.56 97.56 97.56 97.56
-28.995701 -51.754700 DCRS-00057 2026-09-12_09:47 16.4 -999.9 -999.9 82.5 -999.9 -999.9 13.4 -999.9 -999.9 1006.9 -999.9 -999.9 5.9 -999.9 10.4 92.0 0.0 0.2 55.2 55.4 57.6 57.6 16.8 15.2 97.2 81.7 11.5 DCRS_-_Cotiporã_-_Dois_Lajeados_(110_m) -999.9 -999.9 1008.1 1002.4 1006.9 16.3 13.0 139.0 Rio_Grande_do_Sul DCRS -999.9 0.0 0.2 97.44 97.56 96.73 0 -0.08 97.56 97.56 97.56 97.56
-28.995701 -51.754700 DCRS-00057 2026-09-12_09:48 16.4 -999.9 -999.9 83.2 -999.9 -999.9 13.5 -999.9 -999.9 1007.0 -999.9 -999.9 0.0 -999.9 10.4 82.0 0.0 0.2 55.2 55.4 57.6 57.6 16.8 15.2 97.2 81.7 11.5 DCRS_-_Cotiporã_-_Dois_Lajeados_(110_m) -999.9 -999.9 1008.1 1002.4 1007.0 16.3 13.0 139.0 Rio_Grande_do_Sul DCRS -999.9 0.0 0.2 97.46 97.56 96.73 0 -0.01 97.56 97.56 97.56 97.56
-28.995701 -51.754700 DCRS-00057 2026-09-12_09:49 16.3 -999.9 -999.9 83.0 -999.9 -999.9 13.4 -999.9 -999.9 1007.0 -999.9 -999.9 6.8 -999.9 10.4 73.0 0.0 0.2 55.2 55.4 57.6 57.6 16.8 15.2 97.2 81.7 11.5 DCRS_-_Cotiporã_-_Dois_Lajeados_(110_m) -999.9 -999.9 1008.1 1002.4 1007.0 16.3 13.0 139.0 Rio_Grande_do_Sul DCRS -999.9 0.0 0.2 97.43 97.56 96.73 0 -0.04 97.56 97.56 97.56 97.56
-28.995701 -51.754700 DCRS-00057 2026-09-12_09:50 16.3 -999.9 -999.9 81.6 -999.9 -999.9 13.1 -999.9 -999.9 1006.7 -999.9 -999.9 0.0 -999.9 9.1 73.0 0.0 0.2 55.2 55.4 57.6 57.6 16.8 15.2 97.2 81.6 11.5 DCRS_-_Cotiporã_-_Dois_Lajeados_(110_m) -999.9 -999.9 1008.1 1002.4 1006.7 16.3 13.0 139.0 Rio_Grande_do_Sul DCRS -999.9 0.0 0.2 97.47 97.56 96.73 0 0.0 97.56 97.56 97.56 97.56
-28.995701 -51.754700 DCRS-00057 2026-09-12_09:51 16.3 -999.9 -999.9 81.8 -999.9 -999.9 13.2 -999.9 -999.9 1006.7 -999.9 -999.9 0.0 -999.9 9.1 76.0 0.0 0.2 55.2 55.4 57.6 57.6 16.8 15.2 97.2 81.6 11.5 DCRS_-_Cotiporã_-_Dois_Lajeados_(110_m) -999.9 -999.9 1008.1 1002.4 1006.7 16.3 13.0 139.0 Rio_Grande_do_Sul DCRS -999.9 0.0 0.2 97.43 97.56 96.73 0 0.03 97.56 97.56 97.56 97.56
-28.995701 -51.754700 DCRS-00057 2026-09-12_09:52 16.3 -999.9 -999.9 81.8 -999.9 -999.9 13.2 -999.9 -999.9 1006.7 -999.9 -999.9 0.0 -999.9 9.1 83.0 0.0 0.2 55.2 55.4 57.6 57.6 16.8 15.2 97.2 81.6 11.5 DCRS_-_Cotiporã_-_Dois_Lajeados_(110_m) -999.9 -999.9 1008.1 1002.4 1006.7 16.3 13.0 139.0 Rio_Grande_do_Sul DCRS -999.9 0.0 0.2 97.43 97.56 96.73 0 -0.06 97.56 97.56 97.56 97.56
-28.995701 -51.754700 DCRS-00057 2026-09-12_09:53 16.3 -999.9 -999.9 82.3 -999.9 -999.9 13.3 -999.9 -999.9 1006.8 -999.9 -999.9 6.4 -999.9 9.1 84.0 0.0 0.2 55.2 55.4 57.6 57.6 16.8 15.2 97.2 81.6 11.5 DCRS_-_Cotiporã_-_Dois_Lajeados_(110_m) -999.9 -999.9 1008.1 1002.4 1006.8 16.3 13.0 139.0 Rio_Grande_do_Sul DCRS -999.9 0.0 0.2 97.47 97.56 96.73 0 -0.01 97.56 97.56 97.56 97.56
-28.995701 -51.754700 DCRS-00057 2026-09-12_09:54 16.3 -999.9 -999.9 82.4 -999.9 -999.9 13.3 -999.9 -999.9 1006.8 -999.9 -999.9 6.3 -999.9 9.1 83.0 0.0 0.2 55.2 55.4 57.6 57.6 16.8 15.2 97.2 81.6 11.5 DCRS_-_Cotiporã_-_Dois_Lajeados_(110_m) -999.9 -999.9 1008.1 1002.4 1006.8 16.3 13.0 139.0 Rio_Grande_do_Sul DCRS -999.9 0.0 0.2 97.42 97.56 96.73 0 -0.06 97.56 97.56 97.56 97.56
-28.995701 -51.754700 DCRS-00057 2026-09-12_09:55 16.3 -999.9 -999.9 82.7 -999.9 -999.9 13.3 -999.9 -999.9 1006.9 -999.9 -999.9 6.3 -999.9 8.3 82.0 0.0 0.2 55.2 55.4 57.6 57.6 16.8 15.2 97.2 81.6 11.5 DCRS_-_Cotiporã_-_Dois_Lajeados_(110_m) -999.9 -999.9 1008.1 1002.4 1006.9 16.3 13.0 139.0 Rio_Grande_do_Sul DCRS -999.9 0.0 0.2 97.5 97.56 96.73 0 -0.01 97.56 97.56 97.56 97.56
-28.995701 -51.754700 DCRS-00057 2026-09-12_09:56 16.3 -999.9 -999.9 82.0 -999.9 -999.9 13.2 -999.9 -999.9 1006.8 -999.9 -999.9 7.5 -999.9 8.3 87.0 0.0 0.2 55.2 55.4 57.6 57.6 16.8 15.2 97.2 81.6 11.5 DCRS_-_Cotiporã_-_Dois_Lajeados_(110_m) -999.9 -999.9 1008.1 1002.4 1006.8 16.3 13.0 139.0 Rio_Grande_do_Sul DCRS -999.9 0.0 0.2 97.54 97.56 96.73 1 0.14 97.56 97.56 97.56 97.56
-28.995701 -51.754700 DCRS-00057 2026-09-12_09:57 16.2 -999.9 -999.9 81.8 -999.9 -999.9 13.1 -999.9 -999.9 1006.7 -999.9 -999.9 -999.9 -999.9 8.3 95.0 0.0 0.2 55.2 55.4 57.6 57.6 16.8 15.2 97.2 81.6 11.5 DCRS_-_Cotiporã_-_Dois_Lajeados_(110_m) -999.9 -999.9 1008.1 1002.4 1006.7 16.3 13.0 139.0 Rio_Grande_do_Sul DCRS -999.9 0.0 0.2 97.36 97.56 96.73 0 -0.15 97.56 97.56 97.56 97.56
-28.995701 -51.754700 DCRS-00057 2026-09-12_09:58 16.2 -999.9 -999.9 81.4 -999.9 -999.9 13.0 -999.9 -999.9 1006.5 -999.9 -999.9 0.0 -999.9 8.3 103.0 0.0 0.2 55.2 55.4 57.6 57.6 16.8 15.2 97.2 81.4 11.5 DCRS_-_Cotiporã_-_Dois_Lajeados_(110_m) -999.9 -999.9 1008.1 1002.4 1006.5 16.3 13.0 139.0 Rio_Grande_do_Sul DCRS -999.9 0.0 0.2 97.39 97.56 96.73 0 -0.11 97.56 97.56 97.56 97.56
-28.995701 -51.754700 DCRS-00057 2026-09-12_09:59 16.2 -999.9 -999.9 82.3 -999.9 -999.9 13.2 -999.9 -999.9 1006.6 -999.9 -999.9 5.1 -999.9 8.3 107.0 0.0 0.2 55.2 55.4 57.6 57.6 16.8 15.2 97.2 81.4 11.5 DCRS_-_Cotiporã_-_Dois_Lajeados_(110_m) -999.9 -999.9 1008.1 1002.4 1006.6 16.3 13.0 139.0 Rio_Grande_do_Sul DCRS -999.9 0.0 0.2 97.47 97.56 96.73 0 -0.03 97.56 97.56 97.56 97.56
-28.995701 -51.754700 DCRS-00057 2026-09-12_10:00 16.2 -999.9 -999.9 81.8 -999.9 -999.9 13.1 -999.9 -999.9 1006.6 -999.9 -999.9 0.0 -999.9 14.0 105.0 0.0 0.2 55.2 55.4 57.6 57.6 16.8 15.2 97.2 81.4 14.0 DCRS_-_Cotiporã_-_Dois_Lajeados_(110_m) -999.9 -999.9 1008.1 1002.4 1006.6 16.3 13.0 139.0 Rio_Grande_do_Sul DCRS -999.9 0.0 0.2 97.41 97.56 96.73 1 0.0 97.56 97.56 97.56 97.56
-28.995701 -51.754700 DCRS-00057 2026-09-12_10:01 16.2 -999.9 -999.9 83.1 -999.9 -999.9 13.3 -999.9 -999.9 1007.0 -999.9 -999.9 0.0 -999.9 14.0 103.0 0.0 0.2 55.2 55.4 57.6 57.6 16.8 15.2 97.2 81.4 14.0 DCRS_-_Cotiporã_-_Dois_Lajeados_(110_m) -999.9 -999.9 1008.1 1002.4 1007.0 16.3 13.0 139.0 Rio_Grande_do_Sul DCRS -999.9 0.0 0.2 97.49 97.56 96.73 0 0.1 97.56 97.56 97.56 97.56
-28.995701 -51.754700 DCRS-00057 2026-09-12_10:02 16.2 -999.9 -999.9 82.3 -999.9 -999.9 13.2 -999.9 -999.9 1007.0 -999.9 -999.9 1.9 -999.9 14.0 108.0 0.0 0.2 55.2 55.4 57.6 57.6 16.8 15.2 97.2 81.4 14.0 DCRS_-_Cotiporã_-_Dois_Lajeados_(110_m) -999.9 -999.9 1008.1 1002.4 1007.0 16.3 13.0 139.0 Rio_Grande_do_Sul DCRS -999.9 0.0 0.2 97.39 97.56 96.73 0 -0.04 97.56 97.56 97.56 97.56
-28.995701 -51.754700 DCRS-00057 2026-09-12_10:03 16.2 -999.9 -999.9 82.1 -999.9 -999.9 13.1 -999.9 -999.9 1006.9 -999.9 -999.9 0.0 -999.9 14.0 118.0 0.0 0.2 55.2 55.4 57.6 57.6 16.8 15.2 97.2 81.4 14.0 DCRS_-_Cotiporã_-_Dois_Lajeados_(110_m) -999.9 -999.9 1008.1 1002.4 1006.9 16.3 13.0 139.0 Rio_Grande_do_Sul DCRS -999.9 0.0 0.2 97.47 97.56 96.73 0 0.04 97.56 97.56 97.56 97.56
-28.995701 -51.754700 DCRS-00057 2026-09-12_10:04 16.3 -999.9 -999.9 82.2 -999.9 -999.9 13.2 -999.9 -999.9 1006.9 -999.9 -999.9 2.5 -999.9 14.0 139.0 0.0 0.2 55.2 55.4 57.6 57.6 16.8 15.2 97.2 81.4 14.0 DCRS_-_Cotiporã_-_Dois_Lajeados_(110_m) -999.9 -999.9 1008.1 1002.4 1006.9 16.3 13.0 139.0 Rio_Grande_do_Sul DCRS -999.9 0.0 0.2 97.48 97.56 96.73 0 0.07 97.56 97.56 97.56 97.56
-28.995701 -51.754700 DCRS-00057 2026-09-12_10:05 16.3 -999.9 -999.9 82.1 -999.9 -999.9 13.2 -999.9 -999.9 1006.8 -999.9 -999.9 2.4 -999.9 5.0 158.0 0.0 0.2 55.2 55.4 57.6 57.6 16.8 15.2 97.2 81.4 14.0 DCRS_-_Cotiporã_-_Dois_Lajeados_(110_m) -999.9 -999.9 1008.1 1002.4 1006.8 16.3 13.0 158.0 Rio_Grande_do_Sul DCRS -999.9 0.0 0.2 97.43 97.56 96.73 0 -0.05 97.56 97.56 97.56 97.56
-28.995701 -51.754700 DCRS-00057 2026-09-12_10:06 16.3 -999.9 -999.9 80.9 -999.9 -999.9 13.0 -999.9 -999.9 1006.5 -999.9 -999.9 3.6 -999.9 5.0 171.0 0.0 0.2 55.2 55.4 57.6 57.6 16.8 15.2 97.2 80.9 14.0 DCRS_-_Cotiporã_-_Dois_Lajeados_(110_m) -999.9 -999.9 1008.1 1002.4 1006.5 16.3 13.0 171.0 Rio_Grande_do_Sul DCRS -999.9 0.0 0.2 97.43 97.56 96.73 0 -0.02 97.56 97.56 97.56 97.56
-28.995701 -51.754700 DCRS-00057 2026-09-12_10:07 16.3 -999.9 -999.9 80.5 -999.9 -999.9 12.9 -999.9 -999.9 1006.6 -999.9 -999.9 0.0 -999.9 5.0 173.0 0.0 0.2 55.2 55.4 57.6 57.6 16.8 15.2 97.2 80.5 14.0 DCRS_-_Cotiporã_-_Dois_Lajeados_(110_m) -999.9 -999.9 1008.1 1002.4 1006.6 16.3 12.9 173.0 Rio_Grande_do_Sul DCRS -999.9 0.0 0.2 97.45 97.56 96.73 0 -0.03 97.56 97.56 97.56 97.56
-28.995701 -51.754700 DCRS-00057 2026-09-12_10:08 16.4 -999.9 -999.9 80.4 -999.9 -999.9 13.0 -999.9 -999.9 1006.6 -999.9 -999.9 2.0 -999.9 5.0 208.0 0.0 0.2 55.2 55.4 57.6 57.6 16.8 15.2 97.2 80.4 14.0 DCRS_-_Cotiporã_-_Dois_Lajeados_(110_m) -999.9 -999.9 1008.1 1002.4 1006.6 16.3 12.9 208.0 Rio_Grande_do_Sul DCRS -999.9 0.0 0.2 97.51 97.56 96.73 0 0.14 97.56 97.56 97.56 97.56
-28.995701 -51.754700 DCRS-00057 2026-09-12_10:09 16.4 -999.9 -999.9 80.5 -999.9 -999.9 13.0 -999.9 -999.9 1006.7 -999.9 -999.9 -999.9 -999.9 5.0 217.0 0.0 0.2 55.2 55.4 57.6 57.6 16.8 15.2 97.2 80.4 14.0 DCRS_-_Cotiporã_-_Dois_Lajeados_(110_m) -999.9 -999.9 1008.1 1002.4 1006.7 16.3 12.9 217.0 Rio_Grande_do_Sul DCRS -999.9 0.0 0.2 97.48 97.56 96.73 1 0.11 97.56 97.56 97.56 97.56
-28.995701 -51.754700 DCRS-00057 2026-09-12_10:10 16.4 -999.9 -999.9 80.3 -999.9 -999.9 13.0 -999.9 -999.9 1006.7 -999.9 -999.9 5.6 -999.9 8.5 216.0 0.0 0.2 55.2 55.4 57.6 57.6 16.8 15.2 97.2 80.3 14.0 DCRS_-_Cotiporã_-_Dois_Lajeados_(110_m) -999.9 -999.9 1008.1 1002.4 1006.7 16.3 12.9 217.0 Rio_Grande_do_Sul DCRS -999.9 0.0 0.2 97.56 97.56 96.73 0 0.09 97.56 97.56 97.56 97.56
-28.995701 -51.754700 DCRS-00057 2026-09-12_10:11 16.5 -999.9 -999.9 80.4 -999.9 -999.9 13.1 -999.9 -999.9 1006.7 -999.9 -999.9 3.0 -999.9 8.5 230.0 0.0 0.2 55.2 55.4 57.6 57.6 16.8 15.2 97.2 80.3 14.0 DCRS_-_Cotiporã_-_Dois_Lajeados_(110_m) -999.9 -999.9 1008.1 1002.4 1006.7 16.3 12.9 230.0 Rio_Grande_do_Sul DCRS -999.9 0.0 0.2 97.42 97.56 96.73 0 -0.07 97.56 97.56 97.56 97.56
-28.995701 -51.754700 DCRS-00057 2026-09-12_10:12 16.5 -999.9 -999.9 80.7 -999.9 -999.9 13.1 -999.9 -999.9 1006.7 -999.9 -999.9 0.0 -999.9 8.5 260.0 0.0 0.2 55.2 55.4 57.6 57.6 16.8 15.2 97.2 80.3 14.0 DCRS_-_Cotiporã_-_Dois_Lajeados_(110_m) -999.9 -999.9 1008.1 1002.4 1006.7 16.3 12.9 260.0 Rio_Grande_do_Sul DCRS -999.9 0.0 0.2 97.52 97.56 96.73 1 0.11 97.56 97.56 97.56 97.56
-28.995701 -51.754700 DCRS-00057 2026-09-12_10:13 16.5 -999.9 -999.9 80.9 -999.9 -999.9 13.2 -999.9 -999.9 1006.7 -999.9 -999.9 0.0 -999.9 8.5 274.0 0.0 0.2 55.2 55.4 57.6 57.6 16.8 15.2 97.2 80.3 14.0 DCRS_-_Cotiporã_-_Dois_Lajeados_(110_m) -999.9 -999.9 1008.1 1002.4 1006.7 16.3 12.9 274.0 Rio_Grande_do_Sul DCRS -999.9 0.0 0.2 97.49 97.56 96.73 1 0.05 97.56 97.56 97.56 97.56
-28.995701 -51.754700 DCRS-00057 2026-09-12_10:14 16.6 -999.9 -999.9 81.1 -999.9 -999.9 -999.9 -999.9 -999.9 1006.8 -999.9 -999.9 0.0 -999.9 8.5 284.0 0.0 0.2 55.2 55.4 57.6 57.6 16.8 15.2 97.2 80.3 14.0 DCRS_-_Cotiporã_-_Dois_Lajeados_(110_m) -999.9 -999.9 1008.1 1002.4 1006.8 16.3 12.9 284.0 Rio_Grande_do_Sul DCRS -999.9 0.0 0.2 97.46 97.56 96.73 1 0.11 97.56 97.56 97.56 97.56
-28.995701 -51.754700 DCRS-00057 2026-09-12_10:15 16.8 -999.9 -999.9 81.4 -999.9 -999.9 13.6 -999.9 -999.9 1006.8 -999.9 -999.9 0.0 -999.9 7.8 242.0 0.0 0.2 55.2 55.4 57.6 57.6 16.8 15.2 97.2 80.3 14.0 DCRS_-_Cotiporã_-_Dois_Lajeados_(110_m) -999.9 -999.9 1008.1 1002.4 1006.8 16.3 12.9 284.0 Rio_Grande_do_Sul DCRS -999.9 0.0 0.2 97.45 97.56 96.73 1 0.08 97.56 97.56 97.56 97.56
-28.995701 -51.754700 DCRS-00057 2026-09-12_10:16 16.8 -999.9 -999.9 82.2 -999.9 -999.9 13.7 -999.9 -999.9 1006.9 -999.9 -999.9 0.0 -999.9 7.8 252.0 0.0 0.2 55.2 55.4 57.6 57.6 16.8 15.2 97.2 80.3 14.0 DCRS_-_Cotiporã_-_Dois_Lajeados_(110_m) -999.9 -999.9 1008.1 1002.4 1006.9 16.3 12.9 284.0 Rio_Grande_do_Sul DCRS -999.9 0.0 0.2 97.4 97.56 96.73 0 -0.01 97.56 97.56 97.56 97.56
-28.995701 -51.754700 DCRS-00057 2026-09-12_10:17 16.9 -999.9 -999.9 79.9 -999.9 -999.9 13.4 -999.9 -999.9 1006.6 -999.9 -999.9 0.0 -999.9 7.8 242.0 0.0 0.2 55.2 55.4 57.6 57.6 16.9 15.2 97.2 79.9 14.0 DCRS_-_Cotiporã_-_Dois_Lajeados_(110_m) -999.9 -999.9 1008.1 1002.4 1006.6 16.3 12.9 284.0 Rio_Grande_do_Sul DCRS -999.9 0.0 0.2 97.47 97.56 96.73 -1 -0.03 97.56 97.56 97.56 97.56
-28.995701 -51.754700 DCRS-00057 2026-09-12_10:18 16.9 -999.9 -999.9 79.0 -999.9 -999.9 13.2 -999.9 -999.9 1006.5 -999.9 -999.9 3.2 -999.9 7.8 256.0 0.0 0.2 55.2 55.4 57.6 57.6 16.9 15.2 97.2 79.0 14.0 DCRS_-_Cotiporã_-_Dois_Lajeados_(110_m) -999.9 -999.9 1008.1 1002.4 1006.5 16.3 12.9 284.0 Rio_Grande_do_Sul DCRS -999.9 0.0 0.2 97.48 97.56 96.73 0 -0.02 97.56 97.56 97.56 97.56
-28.995701 -51.754700 DCRS-00057 2026-09-12_10:19 16.9 -999.9 -999.9 80.5 -999.9 -999.9 13.5 -999.9 -999.9 1006.6 -999.9 -999.9 2.6 -999.9 7.8 253.0 0.0 0.2 55.2 55.4 57.6 57.6 16.9 15.2 97.2 79.0 14.0 DCRS_-_Cotiporã_-_Dois_Lajeados_(110_m) -999.9 -999.9 1008.1 1002.4 1006.6 16.3 12.9 284.0 Rio_Grande_do_Sul DCRS -999.9 0.0 0.2 97.46 97.56 96.73 0 0.03 97.56 97.56 97.56 97.56
-28.995701 -51.754700 DCRS-00057 2026-09-12_10:20 16.9 -999.9 -999.9 79.4 -999.9 -999.9 13.3 -999.9 -999.9 1006.5 -999.9 -999.9 0.0 -999.9 8.5 304.0 0.0 0.2 55.2 55.4 57.6 57.6 16.9 15.2 97.2 79.0 14.0 DCRS_-_Cotiporã_-_Dois_Lajeados_(110_m) -999.9 -999.9 1008.1 1002.4 1006.5 16.3 12.9 304.0 Rio_Grande_do_Sul DCRS -999.9 0.0 0.2 97.53 97.56 96.73 0 0.02 97.56 97.56 97.56 97.56
-28.995701 -51.754700 DCRS-00057 2026-09-12_10:21 17.0 -999.9 -999.9 79.7 -999.9 -999.9 13.4 -999.9 -999.9 1006.6 -999.9 -999.9 0.0 -999.9 8.5 262.0 0.0 0.2 55.2 55.4 57.6 57.6 17.0 15.2 97.2 79.0 14.0 DCRS_-_Cotiporã_-_Dois_Lajeados_(110_m) -999.9 -999.9 1008.1 1002.4 1006.6 16.3 12.9 304.0 Rio_Grande_do_Sul DCRS -999.9 0.0 0.2 97.49 97.56 96.73 0 -0.02 97.56 97.56 97.56 97.56
-28.995701 -51.754700 DCRS-00057 2026-09-12_10:22 17.0 -999.9 -999.9 79.6 -999.9 -999.9 13.4 -999.9 -999.9 1006.6 -999.9 -999.9 0.0 -999.9 8.5 242.0 0.0 0.2 55.2 55.4 57.6 57.6 17.0 15.2 97.2 79.0 14.0 DCRS_-_Cotiporã_-_Dois_Lajeados_(110_m) -999.9 -999.9 1008.1 1002.4 1006.6 16.3 12.9 304.0 Rio_Grande_do_Sul DCRS -999.9 0.0 0.2 97.42 97.56 96.73 0 -0.12 97.56 97.56 97.56 97.56
-28.995701 -51.754700 DCRS-00057 2026-09-12_10:23 17.1 -999.9 -999.9 79.5 -999.9 -999.9 13.5 -999.9 -999.9 1006.7 -999.9 -999.9 0.0 -999.9 8.5 220.0 0.0 0.2 55.2 55.4 57.6 57.6 17.1 15.2 97.2 79.0 14.0 DCRS_-_Cotiporã_-_Dois_Lajeados_(110_m) -999.9 -999.9 1008.1 1002.4 1006.7 16.3 12.9 304.0 Rio_Grande_do_Sul DCRS -999.9 0.0 0.2 97.49 97.56 96.73 1 0.03 97.56 97.56 97.56 97.56
-28.995701 -51.754700 DCRS-00057 2026-09-12_10:24 17.2 -999.9 -999.9 78.7 -999.9 -999.9 13.4 -999.9 -999.9 1006.7 -999.9 -999.9 0.0 -999.9 8.5 215.0 0.0 0.2 55.2 55.4 57.6 57.6 17.2 15.2 97.2 78.7 14.0 DCRS_-_Cotiporã_-_Dois_Lajeados_(110_m) -999.9 -999.9 1008.1 1002.4 1006.7 16.3 12.9 304.0 Rio_Grande_do_Sul DCRS -999.9 0.0 0.2 97.45 97.56 96.73 1 0.07 97.56 97.56 97.56 97.56
-28.995701 -51.754700 DCRS-00057 2026-09-12_10:25 17.2 -999.9 -999.9 79.0 -999.9 -999.9 13.5 -999.9 -999.9 1006.8 -999.9 -999.9 0.0 -999.9 2.9 187.0 0.0 0.2 55.2 55.4 57.6 57.6 17.2 15.2 97.2 78.7 14.0 DCRS_-_Cotiporã_-_Dois_Lajeados_(110_m) -999.9 -999.9 1008.1 1002.4 1006.8 16.3 12.9 304.0 Rio_Grande_do_Sul DCRS -999.9 0.0 0.2 97.47 97.56 96.73 1 0.01 97.56 97.56 97.56 97.56
-28.995701 -51.754700 DCRS-00057 2026-09-12_10:26 17.2 -999.9 -999.9 79.1 -999.9 -999.9 13.5 -999.9 -999.9 1006.9 -999.9 -999.9 0.0 -999.9 2.9 146.0 0.0 0.2 55.2 55.4 57.6 57.6 17.2 15.2 97.2 78.7 14.0 DCRS_-_Cotiporã_-_Dois_Lajeados_(110_m) -999.9 -999.9 1008.1 1002.4 1006.9 16.3 12.9 304.0 Rio_Grande_do_Sul DCRS -999.9 0.0 0.2 97.4 97.56 96.73 1 -0.04 97.56 97.56 97.56 97.56
-28.995701 -51.754700 DCRS-00057 2026-09-12_10:27 17.2 -999.9 -999.9 80.3 -999.9 -999.9 13.8 -999.9 -999.9 1007.1 -999.9 -999.9 0.0 -999.9 2.9 139.0 0.0 0.2 55.2 55.4 57.6 57.6 17.2 15.2 97.2 78.7 14.0 DCRS_-_Cotiporã_-_Dois_Lajeados_(110_m) -999.9 -999.9 1008.1 1002.4 1007.1 16.3 12.9 304.0 Rio_Grande_do_Sul DCRS -999.9 0.0 0.2 97.5 97.56 96.73 0 0.04 97.56 97.56 97.56 97.56
-28.995701 -51.754700 DCRS-00057 2026-09-12_10:28 17.2 -999.9 -999.9 78.5 -999.9 -999.9 13.4 -999.9 -999.9 1006.9 -999.9 -999.9 0.0 -999.9 2.9 139.0 0.0 0.2 55.2 55.4 57.6 57.6 17.2 15.2 97.2 78.5 14.0 DCRS_-_Cotiporã_-_Dois_Lajeados_(110_m) -999.9 -999.9 1008.1 1002.4 1006.9 16.3 12.9 304.0 Rio_Grande_do_Sul DCRS -999.9 0.0 0.2 97.44 97.56 96.73 0 -0.08 97.56 97.56 97.56 97.56
-28.995701 -51.754700 DCRS-00057 2026-09-12_10:29 17.3 -999.9 -999.9 80.5 -999.9 -999.9 13.9 -999.9 -999.9 1007.2 -999.9 -999.9 -999.9 -999.9 2.9 134.0 0.0 0.2 55.2 55.4 57.6 57.6 17.3 15.2 97.2 78.5 14.0 DCRS_-_Cotiporã_-_Dois_Lajeados_(110_m) -999.9 -999.9 1008.1 1002.4 1007.2 16.3 12.9 304.0 Rio_Grande_do_Sul DCRS -999.9 0.0 0.2 97.52 97.56 96.73 1 -0.01 97.56 97.56 97.56 97.56
-28.995701 -51.754700 DCRS-00057 2026-09-12_10:30 17.2 -999.9 -999.9 77.5 -999.9 -999.9 13.2 -999.9 -999.9 1006.8 -999.9 -999.9 3.5 -999.9 6.5 127.0 0.0 0.2 55.2 55.4 57.6 57.6 17.3 15.2 97.2 77.5 14.0 DCRS_-_Cotiporã_-_Dois_Lajeados_(110_m) -999.9 -999.9 1008.1 1002.4 1006.8 16.3 12.9 304.0 Rio_Grande_do_Sul DCRS -999.9 0.0 0.2 97.5 97.56 96.73 1 0.02 97.56 97.56 97.56 97.56
-28.995701 -51.754700 DCRS-00057 2026-09-12_10:31 17.1 -999.9 -999.9 77.5 -999.9 -999.9 13.1 -999.9 -999.9 1006.8 -999.9 -999.9 2.0 -999.9 6.5 119.0 0.0 0.2 55.2 55.4 57.6 57.6 17.3 15.2 97.2 77.5 14.0 DCRS_-_Cotiporã_-_Dois_Lajeados_(110_m) -999.9 -999.9 1008.1 1002.4 1006.8 16.3 12.9 304.0 Rio_Grande_do_Sul DCRS -999.9 0.0 0.2 97.36 97.56 96.73 1 -0.1 97.56 97.56 97.56 97.56
-28.995701 -51.754700 DCRS-00057 2026-09-12_10:32 17.1 -999.9 -999.9 77.4 -999.9 -999.9 13.1 -999.9 -999.9 1006.9 -999.9 -999.9 6.2 -999.9 6.5 101.0 0.0 0.2 55.2 55.4 57.6 57.6 17.3 15.2 97.2 77.4 14.0 DCRS_-_Cotiporã_-_Dois_Lajeados_(110_m) -999.9 -999.9 1008.1 1002.4 1006.9 16.3 12.9 304.0 Rio_Grande_do_Sul DCRS -999.9 0.0 0.2 97.47 97.56 96.73 1 0.13 97.56 97.56 97.56 97.56
-28.995701 -51.754700 DCRS-00057 2026-09-12_10:33 16.9 -999.9 -999.9 78.2 -999.9 -999.9 13.0 -999.9 -999.9 1007.1 -999.9 -999.9 -999.9 -999.9 6.5 111.0 0.0 0.2 55.2 55.4 57.6 57.6 17.3 15.2 97.2 77.4 14.0 DCRS_-_Cotiporã_-_Dois_Lajeados_(110_m) -999.9 -999.9 1008.1 1002.4 1007.1 16.3 12.9 304.0 Rio_Grande_do_Sul DCRS -999.9 0.0 0.2 97.46 97.56 96.73 1 0.12 97.56 97.56 97.56 97.56
-28.995701 -51.754700 DCRS-00057 2026-09-12_10:34 16.8 -999.9 -999.9 78.6 -999.9 -999.9 13.0 -999.9 -999.9 1007.1 -999.9 -999.9 5.8 -999.9 6.5 172.0 0.0 0.2 55.2 55.4 57.6 57.6 17.3 15.2 97.2 77.4 14.0 DCRS_-_Cotiporã_-_Dois_Lajeados_(110_m) -999.9 -999.9 1008.1 1002.4 1007.1 16.3 12.9 304.0 Rio_Grande_do_Sul DCRS -999.9 0.0 0.2 97.56 97.56 96.73 1 0.09 97.56 97.56 97.56 97.56
-28.995701 -51.754700 DCRS-00057 2026-09-12_10:35 16.6 -999.9 -999.9 78.4 -999.9 -999.9 12.8 -999.9 -999.9 1007.1 -999.9 -999.9 11.1 -999.9 13.5 140.0 0.0 0.2 55.2 55.4 57.6 57.6 17.3 15.2 97.2 77.4 14.0 DCRS_-_Cotiporã_-_Dois_Lajeados_(110_m) -999.9 -999.9 1008.1 1002.4 1007.1 16.3 12.8 304.0 Rio_Grande_do_Sul DCRS -999.9 0.0 0.2 97.45 97.56 96.73 1 0.04 97.56 97.56 97.56 97.56
-28.995701 -51.754700 DCRS-00057 2026-09-12_10:36 16.5 -999.9 -999.9 78.4 -999.9 -999.9 12.7 -999.9 -999.9 1007.1 -999.9 -999.9 11.2 -999.9 13.5 118.0 0.0 0.2 55.2 55.4 57.6 57.6 17.3 15.2 97.2 77.4 14.0 DCRS_-_Cotiporã_-_Dois_Lajeados_(110_m) -999.9 -999.9 1008.1 1002.4 1007.1 16.3 12.7 304.0 Rio_Grande_do_Sul DCRS -999.9 0.0 0.2 97.52 97.56 96.73 1 0.11 97.56 97.56 97.56 97.56
-28.995701 -51.754700 DCRS-00057 2026-09-12_10:37 16.4 -999.9 -999.9 79.2 -999.9 -999.9 12.8 -999.9 -999.9 1007.2 -999.9 -999.9 2.3 -999.9 13.5 121.0 0.0 0.2 55.2 55.4 57.6 57.6 17.3 15.2 97.2 77.4 14.0 DCRS_-_Cotiporã_-_Dois_Lajeados_(110_m) -999.9 -999.9 1008.1 1002.4 1007.2 16.3 12.7 304.0 Rio_Grande_do_Sul DCRS -999.9 0.0 0.2 97.47 97.56 96.73 1 -0.03 97.56 97.56 97.56 97.56
-28.995701 -51.754700 DCRS-00057 2026-09-12_10:38 16.3 -999.9 -999.9 79.4 -999.9 -999.9 12.7 -999.9 -999.9 1007.3 -999.9 -999.9 2.6 -999.9 13.5 163.0 0.0 0.2 55.2 55.4 57.6 57.6 17.3 15.2 97.2 77.4 14.0 DCRS_-_Cotiporã_-_Dois_Lajeados_(110_m) -999.9 -999.9 1008.1 1002.4 1007.3 16.3 12.7 304.0 Rio_Grande_do_Sul DCRS -999.9 0.0 0.2 97.46 97.56 96.73 1 -0.04 97.56 97.56 97.56 97.56
-28.995701 -51.754700 DCRS-00057 2026-09-12_10:39 16.3 -999.9 -999.9 80.3 -999.9 -999.9 12.9 -999.9 -999.9 1007.4 -999.9 -999.9 0.0 -999.9 13.5 175.0 0.0 0.2 55.2 55.4 57.6 57.6 17.3 15.2 97.2 77.4 14.0 DCRS_-_Cotiporã_-_Dois_Lajeados_(110_m) -999.9 -999.9 1008.1 1002.4 1007.4 16.3 12.7 304.0 Rio_Grande_do_Sul DCRS -999.9 0.0 0.2 97.41 97.56 96.73 1 0.02 97.56 97.56 97.56 97.56
-28.995701 -51.754700 DCRS-00057 2026-09-12_10:40 16.3 -999.9 -999.9 81.6 -999.9 -999.9 13.1 -999.9 -999.9 1007.7 -999.9 -999.9 0.0 -999.9 14.2 146.0 0.0 0.2 55.2 55.4 57.6 57.6 17.3 15.2 97.2 77.4 14.2 DCRS_-_Cotiporã_-_Dois_Lajeados_(110_m) -999.9 -999.9 1008.1 1002.4 1007.7 16.3 12.7 304.0 Rio_Grande_do_Sul DCRS -999.9 0.0 0.2 97.43 97.56 96.73 1 0.04 97.56 97.56 97.56 97.56
-28.995701 -51.754700 DCRS-00057 2026-09-12_10:41 16.3 -999.9 -999.9 80.7 -999.9 -999.9 12.9 -999.9 -999.9 1007.6 -999.9 -999.9 0.0 -999.9 14.2 131.0 0.0 0.2 55.2 55.4 57.6 57.6 17.3 15.2 97.2 77.4 14.2 DCRS_-_Cotiporã_-_Dois_Lajeados_(110_m) -999.9 -999.9 1008.1 1002.4 1007.6 16.3 12.7 304.0 Rio_Grande_do_Sul DCRS -999.9 0.0 0.2 97.48 97.56 96.73 1 0.04 97.56 97.56 97.56 97.56
-28.995701 -51.754700 DCRS-00057 2026-09-12_10:42 16.3 -999.9 -999.9 82.2 -999.9 -999.9 13.2 -999.9 -999.9 1007.9 -999.9 -999.9 0.0 -999.9 14.2 117.0 0.0 0.2 55.2 55.4 57.6 57.6 17.3 15.2 97.2 77.4 14.2 DCRS_-_Cotiporã_-_Dois_Lajeados_(110_m) -999.9 -999.9 1008.1 1002.4 1007.9 16.3 12.7 304.0 Rio_Grande_do_Sul DCRS -999.9 0.0 0.2 97.46 97.56 96.73 1 0.05 97.56 97.56 97.56 97.56
-28.995701 -51.754700 DCRS-00057 2026-09-12_10:43 16.3 -999.9 -999.9 83.5 -999.9 -999.9 13.5 -999.9 -999.9 1008.2 -999.9 -999.9 0.0 -999.9 14.2 119.0 0.0 0.2 55.2 55.4 57.6 57.6 17.3 15.2 97.2 77.4 14.2 DCRS_-_Cotiporã_-_Dois_Lajeados_(110_m) -999.9 -999.9 1008.2 1002.4 1008.2 16.3 12.7 304.0 Rio_Grande_do_Sul DCRS -999.9 0.0 0.2 97.47 97.56 96.73 1 0.06 97.56 97.56 97.56 97.56
-28.995701 -51.754700 DCRS-00057 2026-09-12_10:44 16.3 -999.9 -999.9 82.7 -999.9 -999.9 13.3 -999.9 -999.9 1008.1 -999.9 -999.9 3.2 -999.9 14.2 117.0 0.0 0.2 55.2 55.4 57.6 57.6 17.3 15.2 97.2 77.4 14.2 DCRS_-_Cotiporã_-_Dois_Lajeados_(110_m) -999.9 -999.9 1008.2 1002.4 1008.1 16.3 12.7 304.0 Rio_Grande_do_Sul DCRS -999.9 0.0 0.2 97.51 97.56 96.73 1 0.02 97.56 97.56 97.56 97.56
-28.995701 -51.754700 DCRS-00057 2026-09-12_10:45 16.3 -999.9 -999.9 81.0 -999.9 -999.9 13.0 -999.9 -999.9 1007.8 -999.9 -999.9 0.0 -999.9 4.1 120.0 0.0 0.2 55.2 55.4 57.6 57.6 17.3 15.2 97.2 77.4 14.2 DCRS_-_Cotiporã_-_Dois_Lajeados_(110_m) -999.9 -999.9 1008.2 1002.4 1007.8 16.3 12.7 304.0 Rio_Grande_do_Sul DCRS -999.9 0.0 0.2 97.45 97.56 96.73 1 -0.04 97.56 97.56 97.56 97.56
-28.995701 -51.754700 DCRS-00057 2026-09-12_10:46 16.3 -999.9 -999.9 81.8 -999.9 -999.9 13.2 -999.9 -999.9 1008.0 -999.9 -999.9 3.0 -999.9 4.1 123.0 0.0 0.2 55.2 55.4 57.6 57.6 17.3 15.2 97.2 77.4 14.2 DCRS_-_Cotiporã_-_Dois_Lajeados_(110_m) -999.9 -999.9 1008.2 1002.4 1008.0 16.3 12.7 304.0 Rio_Grande_do_Sul DCRS -999.9 0.0 0.2 97.43 97.56 96.73 1 -0.07 97.56 97.56 97.56 97.56
-28.995701 -51.754700 DCRS-00057 2026-09-12_10:47 16.3 -999.9 -999.9 81.5 -999.9 -999.9 13.1 -999.9 -999.9 1008.0 -999.9 -999.9 0.0 -999.9 4.1 126.0 0.0 0.2 55.2 55.4 57.6 57.6 17.3 15.2 97.2 77.4 14.2 DCRS_-_Cotiporã_-_Dois_Lajeados_(110_m) -999.9 -999.9 1008.2 1002.4 1008.0 16.3 12.7 304.0 Rio_Grande_do_Sul DCRS -999.9 0.0 0.2 97.45 97.56 96.73 1 0.01 97.56 97.56 97.56 97.56
-28.995701 -51.754700 DCRS-00057 2026-09-12_10:48 16.4 -999.9 -999.9 82.2 -999.9 -999.9 13.3 -999.9 -999.9 1008.1 -999.9 -999.9 0.0 -999.9 4.1 130.0 0.0 0.2 55.2 55.4 57.6 57.6 17.3 15.2 97.2 77.4 14.2 DCRS_-_Cotiporã_-_Dois_Lajeados_(110_m) -999.9 -999.9 1008.2 1002.4 1008.1 16.3 12.7 304.0 Rio_Grande_do_Sul DCRS -999.9 0.0 0.2 97.42 97.56 96.73 1 -0.04 97.56 97.56 97.56 97.56
-28.995701 -51.754700 DCRS-00057 2026-09-12_10:49 16.3 -999.9 -999.9 83.2 -999.9 -999.9 13.4 -999.9 -999.9 1008.3 -999.9 -999.9 -999.9 -999.9 4.1 148.0 0.0 0.2 55.2 55.4 57.6 57.6 17.3 15.2 97.2 77.4 14.2 DCRS_-_Cotiporã_-_Dois_Lajeados_(110_m) -999.9 -999.9 1008.3 1002.4 1008.3 16.3 12.7 304.0 Rio_Grande_do_Sul DCRS -999.9 0.0 0.2 97.5 97.56 96.73 1 0.07 97.56 97.56 97.56 97.56
-28.995701 -51.754700 DCRS-00057 2026-09-12_10:50 16.4 -999.9 -999.9 82.5 -999.9 -999.9 13.4 -999.9 -999.9 1008.3 -999.9 -999.9 3.2 -999.9 6.6 172.0 0.0 0.2 55.2 55.4 57.6 57.6 17.3 15.2 97.2 77.4 14.2 DCRS_-_Cotiporã_-_Dois_Lajeados_(110_m) -999.9 -999.9 1008.3 1002.4 1008.3 16.3 12.7 304.0 Rio_Grande_do_Sul DCRS -999.9 0.0 0.2 97.51 97.56 96.73 1 0.04 97.56 97.56 97.56 97.56
-28.995701 -51.754700 DCRS-00057 2026-09-12_10:51 16.4 -999.9 -999.9 83.4 -999.9 -999.9 13.6 -999.9 -999.9 1008.5 -999.9 -999.9 0.0 -999.9 6.6 174.0 0.0 0.2 55.2 55.4 57.6 57.6 17.3 15.2 97.2 77.4 14.2 DCRS_-_Cotiporã_-_Dois_Lajeados_(110_m) -999.9 -999.9 1008.5 1002.4 1008.5 16.3 12.7 304.0 Rio_Grande_do_Sul DCRS -999.9 0.0 0.2 97.5 97.56 96.73 1 0.07 97.56 97.56 97.56 97.56
-28.995701 -51.754700 DCRS-00057 2026-09-12_10:52 16.4 -999.9 -999.9 83.1 -999.9 -999.9 13.5 -999.9 -999.9 1008.5 -999.9 -999.9 0.0 -999.9 6.6 161.0 0.0 0.2 55.2 55.4 57.6 57.6 17.3 15.2 97.2 77.4 14.2 DCRS_-_Cotiporã_-_Dois_Lajeados_(110_m) -999.9 -999.9 1008.5 1002.4 1008.5 16.3 12.7 304.0 Rio_Grande_do_Sul DCRS -999.9 0.0 0.2 97.41 97.56 96.73 1 -0.02 97.56 97.56 97.56 97.56
-28.995701 -51.754700 DCRS-00057 2026-09-12_10:53 16.5 -999.9 -999.9 84.9 -999.9 -999.9 13.9 -999.9 -999.9 1008.9 -999.9 -999.9 0.0 -999.9 6.6 156.0 0.0 0.2 55.2 55.4 57.6 57.6 17.3 15.2 97.2 77.4 14.2 DCRS_-_Cotiporã_-_Dois_Lajeados_(110_m) -999.9 -999.9 1008.9 1002.4 1008.9 16.3 12.7 304.0 Rio_Grande_do_Sul DCRS -999.9 0.0 0.2 97.5 97.56 96.73 1 0.03 97.56 97.56 97.56 97.56
-28.995701 -51.754700 DCRS-00057 2026-09-12_10:54 16.5 -999.9 -999.9 82.7 -999.9 -999.9 13.5 -999.9 -999.9 1008.5 -999.9 -999.9 0.0 -999.9 6.6 154.0 0.0 0.2 55.2 55.4 57.6 57.6 17.3 15.2 97.2 77.4 14.2 DCRS_-_Cotiporã_-_Dois_Lajeados_(110_m) -999.9 -999.9 1008.9 1002.4 1008.5 16.3 12.7 304.0 Rio_Grande_do_Sul DCRS -999.9 0.0 0.2 97.46 97.56 96.73 0 -0.04 97.56 97.56 97.56 97.56
-28.995701 -51.754700 DCRS-00057 2026-09-12_10:55 16.5 -999.9 -999.9 81.0 -999.9 -999.9 13.2 -999.9 -999.9 1008.3 -999.9 -999.9 1.9 -999.9 3.5 147.0 0.0 0.2 55.2 55.4 57.6 57.6 17.3 15.2 97.2 77.4 14.2 DCRS_-_Cotiporã_-_Dois_Lajeados_(110_m) -999.9 -999.9 1008.9 1002.4 1008.3 16.3 12.7 304.0 Rio_Grande_do_Sul DCRS -999.9 0.0 0.2 97.46 97.56 96.73 0 -0.04 97.56 97.56 97.56 97.56
-28.995701 -51.754700 DCRS-00057 2026-09-12_10:56 16.6 -999.9 -999.9 80.0 -999.9 -999.9 13.1 -999.9 -999.9 1008.2 -999.9 -999.9 0.0 -999.9 3.5 115.0 0.0 0.2 55.2 55.4 57.6 57.6 17.3 15.2 97.2 77.4 14.2 DCRS_-_Cotiporã_-_Dois_Lajeados_(110_m) -999.9 -999.9 1008.9 1002.4 1008.2 16.3 12.7 304.0 Rio_Grande_do_Sul DCRS -999.9 0.0 0.2 97.52 97.56 96.73 1 -0.02 97.56 97.56 97.56 97.56
-28.995701 -51.754700 DCRS-00057 2026-09-12_10:57 16.7 -999.9 -999.9 80.0 -999.9 -999.9 13.2 -999.9 -999.9 1008.1 -999.9 -999.9 0.0 -999.9 3.5 100.0 0.0 0.2 55.2 55.4 57.6 57.6 17.3 15.2 97.2 77.4 14.2 DCRS_-_Cotiporã_-_Dois_Lajeados_(110_m) -999.9 -999.9 1008.9 1002.4 1008.1 16.3 12.7 304.0 Rio_Grande_do_Sul DCRS -999.9 0.0 0.2 97.45 97.56 96.73 1 0.09 97.56 97.56 97.56 97.56
-28.995701 -51.754700 DCRS-00057 2026-09-12_10:58 16.7 -999.9 -999.9 79.3 -999.9 -999.9 13.1 -999.9 -999.9 1008.0 -999.9 -999.9 0.0 -999.9 3.5 96.0 0.0 0.2 55.2 55.4 57.6 57.6 17.3 15.2 97.2 77.4 14.2 DCRS_-_Cotiporã_-_Dois_Lajeados_(110_m) -999.9 -999.9 1008.9 1002.4 1008.0 16.3 12.7 304.0 Rio_Grande_do_Sul DCRS -999.9 0.0 0.2 97.44 97.56 96.73 1 0.05 97.56 97.56 97.56 97.56
-28.995701 -51.754700 DCRS-00057 2026-09-12_10:59 16.7 -999.9 -999.9 78.9 -999.9 -999.9 13.0 -999.9 -999.9 1008.0 -999.9 -999.9 0.0 -999.9 3.5 95.0 0.0 0.2 55.2 55.4 57.6 57.6 17.3 15.2 97.2 77.4 14.2 DCRS_-_Cotiporã_-_Dois_Lajeados_(110_m) -999.9 -999.9 1008.9 1002.4 1008.0 16.3 12.7 304.0 Rio_Grande_do_Sul DCRS -999.9 0.0 0.2 97.44 97.56 96.73 0 -0.03 97.56 97.56 97.56 97.56
-28.995701 -51.754700 DCRS-00057 2026-09-12_11:00 16.8 -999.9 -999.9 80.5 -999.9 -999.9 13.4 -999.9 -999.9 1008.2 -999.9 -999.9 0.0 -999.9 2.0 97.0 0.0 0.2 55.2 55.4 57.6 57.6 17.3 15.2 97.2 77.4 14.2 DCRS_-_Cotiporã_-_Dois_Lajeados_(110_m) -999.9 -999.9 1008.9 1002.4 1008.2 16.3 12.7 304.0 Rio_Grande_do_Sul DCRS -999.9 0.0 0.2 97.46 97.56 96.73 0 0.05 97.56 97.56 97.56 97.56
-28.995701 -51.754700 DCRS-00057 2026-09-12_11:01 16.8 -999.9 -999.9 80.4 -999.9 -999.9 13.4 -999.9 -999.9 1008.2 -999.9 -999.9 0.0 -999.9 2.0 96.0 0.0 0.2 55.2 55.4 57.6 57.6 17.3 15.2 97.2 77.4 14.2 DCRS_-_Cotiporã_-_Dois_Lajeados_(110_m) -999.9 -999.9 1008.9 1002.4 1008.2 16.3 12.7 304.0 Rio_Grande_do_Sul DCRS -999.9 0.0 0.2 97.47 97.56 96.73 0 -0.02 97.56 97.56 97.56 97.56
-28.995701 -51.754700 DCRS-00057 2026-09-12_11:02 16.9 -999.9 -999.9 80.9 -999.9 -999.9 13.6 -999.9 -999.9 1008.3 -999.9 -999.9 0.0 -999.9 2.0 96.0 0.0 0.2 55.2 55.4 57.6 57.6 17.3 15.2 97.2 77.4 14.2 DCRS_-_Cotiporã_-_Dois_Lajeados_(110_m) -999.9 -999.9 1008.9 1002.4 1008.3 16.3 12.7 304.0 Rio_Grande_do_Sul DCRS -999.9 0.0 0.2 97.41 97.56 96.73 0 0.02 97.56 97.56 97.56 97.56
-28.995701 -51.754700 DCRS-00057 2026-09-12_11:03 16.9 -999.9 -999.9 82.0 -999.9 -999.9 13.8 -999.9 -999.9 1008.5 -999.9 -999.9 0.0 -999.9 2.0 95.0 0.0 0.2 55.2 55.4 57.6 57.6 17.3 15.2 97.2 77.4 14.2 DCRS_-_Cotiporã_-_Dois_Lajeados_(110_m) -999.9 -999.9 1008.9 1002.4 1008.5 16.3 12.7 304.0 Rio_Grande_do_Sul DCRS -999.9 0.0 0.2 97.5 97.56 96.73 0 0.02 97.56 97.56 97.56 97.56
-28.995701 -51.754700 DCRS-00057 2026-09-12_11:04 16.9 -999.9 -999.9 79.7 -999.9 -999.9 13.3 -999.9 -999.9 1008.2 -999.9 -999.9 0.0 -999.9 2.0 94.0 0.0 0.2 55.2 55.4 57.6 57.6 17.3 15.2 97.2 77.4 14.2 DCRS_-_Cotiporã_-_Dois_Lajeados_(110_m) -999.9 -999.9 1008.9 1002.4 1008.2 16.3 12.7 304.0 Rio_Grande_do_Sul DCRS -999.9 0.0 0.2 97.51 97.56 96.73 0 0.03 97.56 97.56 97.56 97.56
-28.995701 -51.754700 DCRS-00057 2026-09-12_11:05 16.9 -999.9 -999.9 80.7 -999.9 -999.9 13.5 -999.9 -999.9 1008.4 -999.9 -999.9 0.0 -999.9 0.0 91.0 0.0 0.2 55.2 55.4 57.6 57.6 17.3 15.2 97.2 77.4 14.2 DCRS_-_Cotiporã_-_Dois_Lajeados_(110_m) -999.9 -999.9 1008.9 1002.4 1008.4 16.3 12.7 304.0 Rio_Grande_do_Sul DCRS -999.9 0.0 0.2 97.48 97.56 96.73 0 0.05 97.56 97.56 97.56 97.56
-28.995701 -51.754700 DCRS-00057 2026-09-12_11:06 16.9 -999.9 -999.9 80.9 -999.9 -999.9 13.6 -999.9 -999.9 1008.4 -999.9 -999.9 0.0 -999.9 0.0 91.0 0.0 0.2 55.2 55.4 57.6 57.6 17.3 15.2 97.2 77.4 14.2 DCRS_-_Cotiporã_-_Dois_Lajeados_(110_m) -999.9 -999.9 1008.9 1002.4 1008.4 16.3 12.7 304.0 Rio_Grande_do_Sul DCRS -999.9 0.0 0.2 97.55 97.56 96.73 0 0.12 97.56 97.56 97.56 97.56
-28.995701 -51.754700 DCRS-00057 2026-09-12_11:07 16.9 -999.9 -999.9 80.5 -999.9 -999.9 13.5 -999.9 -999.9 1008.4 -999.9 -999.9 0.0 -999.9 0.0 95.0 0.0 0.2 55.2 55.4 57.6 57.6 17.3 15.2 97.2 77.4 14.2 DCRS_-_Cotiporã_-_Dois_Lajeados_(110_m) -999.9 -999.9 1008.9 1002.4 1008.4 16.3 12.7 304.0 Rio_Grande_do_Sul DCRS -999.9 0.0 0.2 97.47 97.56 96.73 0 0.02 97.56 97.56 97.56 97.56
-28.995701 -51.754700 DCRS-00057 2026-09-12_11:08 16.9 -999.9 -999.9 79.8 -999.9 -999.9 13.4 -999.9 -999.9 1008.3 -999.9 -999.9 0.0 -999.9 0.0 99.0 0.0 0.2 55.2 55.4 57.6 57.6 17.3 15.2 97.2 77.4 14.2 DCRS_-_Cotiporã_-_Dois_Lajeados_(110_m) -999.9 -999.9 1008.9 1002.4 1008.3 16.3 12.7 304.0 Rio_Grande_do_Sul DCRS -999.9 0.0 0.2 97.52 97.56 96.73 0 0.01 97.56 97.56 97.56 97.56
-28.995701 -51.754700 DCRS-00057 2026-09-12_11:09 16.8 -999.9 -999.9 80.1 -999.9 -999.9 13.3 -999.9 -999.9 1008.3 -999.9 -999.9 0.0 -999.9 0.0 100.0 0.0 0.2 55.2 55.4 57.6 57.6 17.3 15.2 97.2 77.4 14.2 DCRS_-_Cotiporã_-_Dois_Lajeados_(110_m) -999.9 -999.9 1008.9 1002.4 1008.3 16.3 12.7 304.0 Rio_Grande_do_Sul DCRS -999.9 0.0 0.2 97.46 97.56 96.73 0 -0.02 97.56 97.56 97.56 97.56
-28.995701 -51.754700 DCRS-00057 2026-09-12_11:10 16.8 -999.9 -999.9 78.4 -999.9 -999.9 13.0 -999.9 -999.9 1008.1 -999.9 -999.9 0.0 -999.9 4.2 98.0 0.0 0.2 55.2 55.4 57.6 57.6 17.3 15.2 97.2 77.4 14.2 DCRS_-_Cotiporã_-_Dois_Lajeados_(110_m) -999.9 -999.9 1008.9 1002.4 1008.1 16.3 12.7 304.0 Rio_Grande_do_Sul DCRS -999.9 0.0 0.2 97.43 97.56 96.73 0 -0.13 97.56 97.56 97.56 97.56
-28.995701 -51.754700 DCRS-00057 2026-09-12_11:11 16.7 -999.9 -999.9 79.8 -999.9 -999.9 13.2 -999.9 -999.9 1008.2 -999.9 -999.9 0.0 -999.9 4.2 96.0 0.0 0.2 55.2 55.4 57.6 57.6 17.3 15.2 97.2 77.4 14.2 DCRS_-_Cotiporã_-_Dois_Lajeados_(110_m) -999.9 -999.9 1008.9 1002.4 1008.2 16.3 12.7 304.0 Rio_Grande_do_Sul DCRS -999.9 0.0 0.2 97.54 97.56 96.73 1 0.12 97.56 97.56 97.56 97.56
-28.995701 -51.754700 DCRS-00057 2026-09-12_11:12 16.7 -999.9 -999.9 80.3 -999.9 -999.9 13.3 -999.9 -999.9 1008.3 -999.9 -999.9 0.0 -999.9 4.2 96.0 0.0 0.2 55.2 55.4 57.6 57.6 17.3 15.2 97.2 77.4 14.2 DCRS_-_Cotiporã_-_Dois_Lajeados_(110_m) -999.9 -999.9 1008.9 1002.4 1008.3 16.3 12.7 304.0 Rio_Grande_do_Sul DCRS -999.9 0.0 0.2 97.45 97.56 96.73 0 -0.07 97.56 97.56 97.56 97.56
-28.995701 -51.754700 DCRS-00057 2026-09-12_11:13 16.7 -999.9 -999.9 81.5 -999.9 -999.9 13.5 -999.9 -999.9 1008.5 -999.9 -999.9 3.8 -999.9 4.2 98.0 0.0 0.2 55.2 55.4 57.6 57.6 17.3 15.2 97.2 77.4 14.2 DCRS_-_Cotiporã_-_Dois_Lajeados_(110_m) -999.9 -999.9 1008.9 1002.4 1008.5 16.3 12.7 304.0 Rio_Grande_do_Sul DCRS -999.9 0.0 0.2 97.5 97.56 96.73 1 0.01 97.56 97.56 97.56 97.56
-28.995701 -51.754700 DCRS-00057 2026-09-12_11:14 16.7 -999.9 -999.9 79.4 -999.9 -999.9 13.1 -999.9 -999.9 1008.2 -999.9 -999.9 0.0 -999.9 4.2 100.0 0.0 0.2 55.2 55.4 57.6 57.6 17.3 15.2 97.2 77.4 14.2 DCRS_-_Cotiporã_-_Dois_Lajeados_(110_m) -999.9 -999.9 1008.9 1002.4 1008.2 16.3 12.7 304.0 Rio_Grande_do_Sul DCRS -999.9 0.0 0.2 97.5 97.56 96.73 1 0.04 97.56 97.56 97.56 97.56
-28.995701 -51.754700 DCRS-00057 2026-09-12_11:15 16.6 -999.9 -999.9 80.6 -999.9 -999.9 13.2 -999.9 -999.9 1008.3 -999.9 -999.9 4.5 -999.9 5.5 104.0 0.0 0.2 55.2 55.4 57.6 57.6 17.3 15.2 97.2 77.4 14.2 DCRS_-_Cotiporã_-_Dois_Lajeados_(110_m) -999.9 -999.9 1008.9 1002.4 1008.3 16.3 12.7 304.0 Rio_Grande_do_Sul DCRS -999.9 0.0 0.2 97.48 97.56 96.73 1 0.03 97.56 97.56 97.56 97.56
-28.995701 -51.754700 DCRS-00057 2026-09-12_11:16 16.6 -999.9 -999.9 81.0 -999.9 -999.9 13.3 -999.9 -999.9 1008.4 -999.9 -999.9 3.1 -999.9 5.5 107.0 0.0 0.2 55.2 55.4 57.6 57.6 17.3 15.2 97.2 77.4 14.2 DCRS_-_Cotiporã_-_Dois_Lajeados_(110_m) -999.9 -999.9 1008.9 1002.4 1008.4 16.3 12.7 304.0 Rio_Grande_do_Sul DCRS -999.9 0.0 0.2 97.48 97.56 96.73 1 0.08 97.56 97.56 97.56 97.56
-28.995701 -51.754700 DCRS-00057 2026-09-12_11:17 16.6 -999.9 -999.9 81.9 -999.9 -999.9 13.5 -999.9 -999.9 1008.5 -999.9 -999.9 -999.9 -999.9 5.5 108.0 0.0 0.2 55.2 55.4 57.6 57.6 17.3 15.2 97.2 77.4 14.2 DCRS_-_Cotiporã_-_Dois_Lajeados_(110_m) -999.9 -999.9 1008.9 1002.4 1008.5 16.3 12.7 304.0 Rio_Grande_do_Sul DCRS -999.9 0.0 0.2 97.44 97.56 96.73 1 -0.04 97.56 97.56 97.56 97.56
-28.995701 -51.754700 DCRS-00057 2026-09-12_11:18 16.5 -999.9 -999.9 80.7 -999.9 -999.9 13.1 -999.9 -999.9 1008.3 -999.9 -999.9 0.0 -999.9 5.5 112.0 0.0 0.2 55.2 55.4 57.6 57.6 17.3 15.2 97.2 77.4 14.2 DCRS_-_Cotiporã_-_Dois_Lajeados_(110_m) -999.9 -999.9 1008.9 1002.4 1008.3 16.3 12.7 304.0 Rio_Grande_do_Sul DCRS -999.9 0.0 0.2 97.54 97.56 96.73 1 0.08 97.56 97.56 97.56 97.56
-28.995701 -51.754700 DCRS-00057 2026-09-12_11:19 16.5 -999.9 -999.9 80.2 -999.9 -999.9 13.0 -999.9 -999.9 1008.3 -999.9 -999.9 2.6 -999.9 5.5 115.0 0.0 0.2 55.2 55.4 57.6 57.6 17.3 15.2 97.2 77.4 14.2 DCRS_-_Cotiporã_-_Dois_Lajeados_(110_m) -999.9 -999.9 1008.9 1002.4 1008.3 16.3 12.7 304.0 Rio_Grande_do_Sul DCRS -999.9 0.0 0.2 97.46 97.56 96.73 1 0.0 97.56 97.56 97.56 97.56
-28.995701 -51.754700 DCRS-00057 2026-09-12_11:20 16.5 -999.9 -999.9 81.7 -999.9 -999.9 13.3 -999.9 -999.9 1008.5 -999.9 -999.9 0.0 -999.9 8.3 123.0 0.0 0.2 55.2 55.4 57.6 57.6 17.3 15.2 97.2 77.4 14.2 DCRS_-_Cotiporã_-_Dois_Lajeados_(110_m) -999.9 -999.9 1008.9 1002.4 1008.5 16.3 12.7 304.0 Rio_Grande_do_Sul DCRS -999.9 0.0 0.2 97.49 97.56 96.73 1 -0.04 97.56 97.56 97.56 97.56
-28.995701 -51.754700 DCRS-00057 2026-09-12_11:21 16.5 -999.9 -999.9 82.4 -999.9 -999.9 13.5 -999.9 -999.9 1008.5 -999.9 -999.9 0.0 -999.9 8.3 131.0 0.0 0.2 55.2 55.4 57.6 57.6 17.3 15.2 97.2 77.4 14.2 DCRS_-_Cotiporã_-_Dois_Lajeados_(110_m) -999.9 -999.9 1008.9 1002.4 1008.5 16.3 12.7 304.0 Rio_Grande_do_Sul DCRS -999.9 0.0 0.2 97.44 97.56 96.73 1 -0.05 97.56 97.56 97.56 97.56
-28.995701 -51.754700 DCRS-00057 2026-09-12_11:22 16.4 -999.9 -999.9 82.6 -999.9 -999.9 13.4 -999.9 -999.9 1008.5 -999.9 -999.9 4.4 -999.9 8.3 142.0 0.0 0.2 55.2 55.4 57.6 57.6 17.3 15.2 97.2 77.4 14.2 DCRS_-_Cotiporã_-_Dois_Lajeados_(110_m) -999.9 -999.9 1008.9 1002.4 1008.5 16.3 12.7 304.0 Rio_Grande_do_Sul DCRS -999.9 0.0 0.2 97.42 97.56 96.73 1 -0.07 97.56 97.56 97.56 97.56
-28.995701 -51.754700 DCRS-00057 2026-09-12_11:23 16.4 -999.9 -999.9 81.9 -999.9 -999.9 13.3 -999.9 -999.9 1008.4 -999.9 -999.9 0.0 -999.9 8.3 149.0 0.0 0.2 55.2 55.4 57.6 57.6 17.3 15.2 97.2 77.4 14.2 DCRS_-_Cotiporã_-_Dois_Lajeados_(110_m) -999.9 -999.9 1008.9 1002.4 1008.4 16.3 12.7 304.0 Rio_Grande_do_Sul DCRS -999.9 0.0 0.2 97.48 97.56 96.73 1 0.03 97.56 97.56 97.56 97.56
-28.995701 -51.754700 DCRS-00057 2026-09-12_11:24 16.5 -999.9 -999.9 83.3 -999.9 -999.9 13.6 -999.9 -999.9 1008.7 -999.9 -999.9 0.0 -999.9 8.3 148.0 0.0 0.2 55.2 55.4 57.6 57.6 17.3 15.2 97.2 77.4 14.2 DCRS_-_Cotiporã_-_Dois_Lajeados_(110_m) -999.9 -999.9 1008.9 1002.4 1008.7 16.3 12.7 304.0 Rio_Grande_do_Sul DCRS -999.9 0.0 0.2 97.48 97.56 96.73 1 0.03 97.56 97.56 97.56 97.56
-28.995701 -51.754700 DCRS-00057 2026-09-12_11:25 16.5 -999.9 -999.9 81.8 -999.9 -999.9 13.4 -999.9 -999.9 1008.4 -999.9 -999.9 0.0 -999.9 4.8 148.0 0.0 0.2 55.2 55.4 57.6 57.6 17.3 15.2 97.2 77.4 14.2 DCRS_-_Cotiporã_-_Dois_Lajeados_(110_m) -999.9 -999.9 1008.9 1002.4 1008.4 16.3 12.7 304.0 Rio_Grande_do_Sul DCRS -999.9 0.0 0.2 97.46 97.56 96.73 1 -0.01 97.56 97.56 97.56 97.56
-28.995701 -51.754700 DCRS-00057 2026-09-12_11:26 16.5 -999.9 -999.9 79.9 -999.9 -999.9 13.0 -999.9 -999.9 1008.2 -999.9 -999.9 0.0 -999.9 4.8 143.0 0.0 0.2 55.2 55.4 57.6 57.6 17.3 15.2 97.2 77.4 14.2 DCRS_-_Cotiporã_-_Dois_Lajeados_(110_m) -999.9 -999.9 1008.9 1002.4 1008.2 16.3 12.7 304.0 Rio_Grande_do_Sul DCRS -999.9 0.0 0.2 97.48 97.56 96.73 0 -0.02 97.56 97.56 97.56 97.56
-28.995701 -51.754700 DCRS-00057 2026-09-12_11:27 16.6 -999.9 -999.9 81.0 -999.9 -999.9 13.3 -999.9 -999.9 1008.3 -999.9 -999.9 0.0 -999.9 4.8 142.0 0.0 0.2 55.2 55.4 57.6 57.6 17.3 15.2 97.2 77.4 14.2 DCRS_-_Cotiporã_-_Dois_Lajeados_(110_m) -999.9 -999.9 1008.9 1002.4 1008.3 16.3 12.7 304.0 Rio_Grande_do_Sul DCRS -999.9 0.0 0.2 97.48 97.56 96.73 0 -0.02 97.56 97.56 97.56 97.56
-28.995701 -51.754700 DCRS-00057 2026-09-12_11:28 16.6 -999.9 -999.9 81.0 -999.9 -999.9 13.3 -999.9 -999.9 1008.4 -999.9 -999.9 0.0 -999.9 4.8 143.0 0.0 0.2 55.2 55.4 57.6 57.6 17.3 15.2 97.2 77.4 14.2 DCRS_-_Cotiporã_-_Dois_Lajeados_(110_m) -999.9 -999.9 1008.9 1002.4 1008.4 16.3 12.7 304.0 Rio_Grande_do_Sul DCRS -999.9 0.0 0.2 97.45 97.56 96.73 1 0.01 97.56 97.56 97.56 97.56
-28.995701 -51.754700 DCRS-00057 2026-09-12_11:29 16.7 -999.9 -999.9 79.6 -999.9 -999.9 13.1 -999.9 -999.9 1008.2 -999.9 -999.9 0.0 -999.9 4.8 135.0 0.0 0.2 55.2 55.4 57.6 57.6 17.3 15.2 97.2 77.4 14.2 DCRS_-_Cotiporã_-_Dois_Lajeados_(110_m) -999.9 -999.9 1008.9 1002.4 1008.2 16.3 12.7 304.0 Rio_Grande_do_Sul DCRS -999.9 0.0 0.2 97.5 97.56 96.73 0 -0.02 97.56 97.56 97.56 97.56
-28.995701 -51.754700 DCRS-00057 2026-09-12_11:30 16.7 -999.9 -999.9 79.0 -999.9 -999.9 13.0 -999.9 -999.9 1008.1 -999.9 -999.9 0.0 -999.9 4.9 133.0 0.0 0.2 55.2 55.4 57.6 57.6 17.3 15.2 97.2 77.4 14.2 DCRS_-_Cotiporã_-_Dois_Lajeados_(110_m) -999.9 -999.9 1008.9 1002.4 1008.1 16.3 12.7 304.0 Rio_Grande_do_Sul DCRS -999.9 0.0 0.2 97.43 97.56 96.73 1 -0.07 97.56 97.56 97.56 97.56
-28.995701 -51.754700 DCRS-00057 2026-09-12_11:31 16.7 -999.9 -999.9 79.1 -999.9 -999.9 13.0 -999.9 -999.9 1008.1 -999.9 -999.9 0.0 -999.9 4.9 139.0 0.0 0.2 55.2 55.4 57.6 57.6 17.3 15.2 97.2 77.4 14.2 DCRS_-_Cotiporã_-_Dois_Lajeados_(110_m) -999.9 -999.9 1008.9 1002.4 1008.1 16.3 12.7 304.0 Rio_Grande_do_Sul DCRS -999.9 0.0 0.2 97.42 97.56 96.73 1 0.06 97.56 97.56 97.56 97.56
-28.995701 -51.754700 DCRS-00057 2026-09-12_11:32 16.8 -999.9 -999.9 78.6 -999.9 -999.9 13.0 -999.9 -999.9 1008.1 -999.9 -999.9 0.0 -999.9 4.9 144.0 0.0 0.2 55.2 55.4 57.6 57.6 17.3 15.2 97.2 77.4 14.2 DCRS_-_Cotiporã_-_Dois_Lajeados_(110_m) -999.9 -999.9 1008.9 1002.4 1008.1 16.3 12.7 304.0 Rio_Grande_do_Sul DCRS -999.9 0.0 0.2 97.57 97.57 96.73 0 0.1 97.57 97.57 97.57 97.57
-28.995701 -51.754700 DCRS-00057 2026-09-12_11:33 16.8 -999.9 -999.9 78.9 -999.9 -999.9 13.1 -999.9 -999.9 1008.1 -999.9 -999.9 0.0 -999.9 4.9 159.0 0.0 0.2 55.2 55.4 57.6 57.6 17.3 15.2 97.2 77.4 14.2 DCRS_-_Cotiporã_-_Dois_Lajeados_(110_m) -999.9 -999.9 1008.9 1002.4 1008.1 16.3 12.7 304.0 Rio_Grande_do_Sul DCRS -999.9 0.0 0.2 97.46 97.57 96.73 0 0.0 97.57 97.57 97.57 97.57
-28.995701 -51.754700 DCRS-00057 2026-09-12_11:34 16.8 -999.9 -999.9 79.1 -999.9 -999.9 13.1 -999.9 -999.9 1008.1 -999.9 -999.9 0.0 -999.9 4.9 168.0 0.0 0.2 55.2 55.4 57.6 57.6 17.3 15.2 97.2 77.4 14.2 DCRS_-_Cotiporã_-_Dois_Lajeados_(110_m) -999.9 -999.9 1008.9 1002.4 1008.1 16.3 12.7 304.0 Rio_Grande_do_Sul DCRS -999.9 0.0 0.2 97.47 97.57 96.73 0 -0.09 97.57 97.57 97.57 97.57
-28.995701 -51.754700 DCRS-00057 2026-09-12_11:35 16.9 -999.9 -999.9 80.8 -999.9 -999.9 13.6 -999.9 -999.9 1008.4 -999.9 -999.9 2.1 -999.9 4.0 178.0 0.0 0.2 55.2 55.4 57.6 57.6 17.3 15.2 97.2 77.4 14.2 DCRS_-_Cotiporã_-_Dois_Lajeados_(110_m) -999.9 -999.9 1008.9 1002.4 1008.4 16.3 12.7 304.0 Rio_Grande_do_Sul DCRS -999.9 0.0 0.2 97.48 97.57 96.73 1 0.03 97.57 97.57 97.57 97.57
-28.995701 -51.754700 DCRS-00057 2026-09-12_11:36 16.8 -999.9 -999.9 78.7 -999.9 -999.9 13.1 -999.9 -999.9 1008.1 -999.9 -999.9 3.7 -999.9 4.0 191.0 0.0 0.2 55.2 55.4 57.6 57.6 17.3 15.2 97.2 77.4 14.2 DCRS_-_Cotiporã_-_Dois_Lajeados_(110_m) -999.9 -999.9 1008.9 1002.4 1008.1 16.3 12.7 304.0 Rio_Grande_do_Sul DCRS -999.9 0.0 0.2 97.46 97.57 96.73 0 -0.06 97.57 97.57 97.57 97.57
-28.995701 -51.754700 DCRS-00057 2026-09-12_11:37 16.8 -999.9 -999.9 78.4 -999.9 -999.9 13.0 -999.9 -999.9 1008.0 -999.9 -999.9 0.0 -999.9 4.0 184.0 0.0 0.2 55.2 55.4 57.6 57.6 17.3 15.2 97.2 77.4 14.2 DCRS_-_Cotiporã_-_Dois_Lajeados_(110_m) -999.9 -999.9 1008.9 1002.4 1008.0 16.3 12.7 304.0 Rio_Grande_do_Sul DCRS -999.9 0.0 0.2 97.49 97.57 96.73 1 0.02 97.57 97.57 97.57 97.57
-28.995701 -51.754700 DCRS-00057 2026-09-12_11:38 16.7 -999.9 -999.9 80.0 -999.9 -999.9 13.2 -999.9 -999.9 1008.2 -999.9 -999.9 0.0 -999.9 4.0 172.0 0.0 0.2 55.2 55.4 57.6 57.6 17.3 15.2 97.2 77.4 14.2 DCRS_-_Cotiporã_-_Dois_Lajeados_(110_m) -999.9 -999.9 1008.9 1002.4 1008.2 16.3 12.7 304.0 Rio_Grande_do_Sul DCRS -999.9 0.0 0.2 97.37 97.57 96.73 1 -0.09 97.57 97.57 97.57 97.57
-28.995701 -51.754700 DCRS-00057 2026-09-12_11:39 16.8 -999.9 -999.9 80.3 -999.9 -999.9 13.4 -999.9 -999.9 1008.3 -999.9 -999.9 0.0 -999.9 4.0 161.0 0.0 0.2 55.2 55.4 57.6 57.6 17.3 15.2 97.2 77.4 14.2 DCRS_-_Cotiporã_-_Dois_Lajeados_(110_m) -999.9 -999.9 1008.9 1002.4 1008.3 16.3 12.7 304.0 Rio_Grande_do_Sul DCRS -999.9 0.0 0.2 97.43 97.57 96.73 1 0.02 97.57 97.57 97.57 97.57
-28.995701 -51.754700 DCRS-00057 2026-09-12_11:40 16.9 -999.9 -999.9 77.9 -999.9 -999.9 13.0 -999.9 -999.9 1007.9 -999.9 -999.9 0.0 -999.9 5.2 161.0 0.0 0.2 55.2 55.4 57.6 57.6 17.3 15.2 97.2 77.4 14.2 DCRS_-_Cotiporã_-_Dois_Lajeados_(110_m) -999.9 -999.9 1008.9 1002.4 1007.9 16.3 12.7 304.0 Rio_Grande_do_Sul DCRS -999.9 0.0 0.2 97.41 97.57 96.73 0 -0.02 97.57 97.57 97.57 97.57
-28.995701 -51.754700 DCRS-00057 2026-09-12_11:41 16.9 -999.9 -999.9 78.3 -999.9 -999.9 13.1 -999.9 -999.9 1008.0 -999.9 -999.9 0.0 -999.9 5.2 157.0 0.0 0.2 55.2 55.4 57.6 57.6 17.3 15.2 97.2 77.4 14.2 DCRS_-_Cotiporã_-_Dois_Lajeados_(110_m) -999.9 -999.9 1008.9 1002.4 1008.0 16.3 12.7 304.0 Rio_Grande_do_Sul DCRS -999.9 0.0 0.2 97.5 97.57 96.73 0 0.04 97.57 97.57 97.57 97.57
-28.995701 -51.754700 DCRS-00057 2026-09-12_11:42 17.0 -999.9 -999.9 79.0 -999.9 -999.9 13.3 -999.9 -999.9 1008.1 -999.9 -999.9 0.0 -999.9 5.2 150.0 0.0 0.2 55.2 55.4 57.6 57.6 17.3 15.2 97.2 77.4 14.2 DCRS_-_Cotiporã_-_Dois_Lajeados_(110_m) -999.9 -999.9 1008.9 1002.4 1008.1 16.3 12.7 304.0 Rio_Grande_do_Sul DCRS -999.9 0.0 0.2 97.47 97.57 96.73 -1 0.0 97.57 97.57 97.57 97.57
-28.995701 -51.754700 DCRS-00057 2026-09-12_11:43 17.0 -999.9 -999.9 79.5 -999.9 -999.9 13.4 -999.9 -999.9 1008.2 -999.9 -999.9 0.0 -999.9 5.2 147.0 0.0 0.2 55.2 55.4 57.6 57.6 17.3 15.2 97.2 77.4 14.2 DCRS_-_Cotiporã_-_Dois_Lajeados_(110_m) -999.9 -999.9 1008.9 1002.4 1008.2 16.3 12.7 304.0 Rio_Grande_do_Sul DCRS -999.9 0.0 0.2 97.44 97.57 96.73 -1 -0.03 97.57 97.57 97.57 97.57
-28.995701 -51.754700 DCRS-00057 2026-09-12_11:44 17.1 -999.9 -999.9 80.5 -999.9 -999.9 13.7 -999.9 -999.9 1008.3 -999.9 -999.9 0.0 -999.9 5.2 140.0 0.0 0.2 55.2 55.4 57.6 57.6 17.3 15.2 97.2 77.4 14.2 DCRS_-_Cotiporã_-_Dois_Lajeados_(110_m) -999.9 -999.9 1008.9 1002.4 1008.3 16.3 12.7 304.0 Rio_Grande_do_Sul DCRS -999.9 0.0 0.2 97.52 97.57 96.73 -1 0.01 97.57 97.57 97.57 97.57
-28.995701 -51.754700 DCRS-00057 2026-09-12_11:45 17.0 -999.9 -999.9 79.4 -999.9 -999.9 13.4 -999.9 -999.9 1008.2 -999.9 -999.9 0.0 -999.9 2.2 135.0 0.0 0.2 55.2 55.4 57.6 57.6 17.3 15.2 97.2 77.4 14.2 DCRS_-_Cotiporã_-_Dois_Lajeados_(110_m) -999.9 -999.9 1008.9 1002.4 1008.2 16.3 12.7 304.0 Rio_Grande_do_Sul DCRS -999.9 0.0 0.2 97.41 97.57 96.73 0 -0.02 97.57 97.57 97.57 97.57
-28.995701 -51.754700 DCRS-00057 2026-09-12_11:46 17.0 -999.9 -999.9 79.5 -999.9 -999.9 13.4 -999.9 -999.9 1008.2 -999.9 -999.9 0.0 -999.9 2.2 134.0 0.0 0.2 55.2 55.4 57.6 57.6 17.3 15.2 97.2 77.4 14.2 DCRS_-_Cotiporã_-_Dois_Lajeados_(110_m) -999.9 -999.9 1008.9 1002.4 1008.2 16.3 12.7 304.0 Rio_Grande_do_Sul DCRS -999.9 0.0 0.2 97.47 97.57 96.73 0 0.04 97.57 97.57 97.57 97.57
-28.995701 -51.754700 DCRS-00057 2026-09-12_11:48 17.0 -999.9 -999.9 76.9 -999.9 -999.9 12.9 -999.9 -999.9 1007.9 -999.9 -999.9 0.0 -999.9 2.2 133.0 0.0 0.2 55.2 55.4 57.6 57.6 17.3 15.2 97.2 76.9 14.2 DCRS_-_Cotiporã_-_Dois_Lajeados_(110_m) -999.9 -999.9 1008.9 1002.4 1007.9 16.3 12.7 304.0 Rio_Grande_do_Sul DCRS -999.9 0.0 0.2 97.41 97.57 96.73 -1 -0.01 97.57 97.57 97.57 97.57
-28.995701 -51.754700 DCRS-00057 2026-09-12_11:49 17.0 -999.9 -999.9 77.0 -999.9 -999.9 12.9 -999.9 -999.9 1008.0 -999.9 -999.9 0.0 -999.9 2.2 128.0 0.0 0.2 55.2 55.4 57.6 57.6 17.3 15.2 97.2 76.9 14.2 DCRS_-_Cotiporã_-_Dois_Lajeados_(110_m) -999.9 -999.9 1008.9 1002.4 1008.0 16.3 12.7 304.0 Rio_Grande_do_Sul DCRS -999.9 0.0 0.2 97.4 97.57 96.73 -1 -0.1 97.57 97.57 97.57 97.57
-28.995701 -51.754700 DCRS-00057 2026-09-12_11:50 17.0 -999.9 -999.9 78.9 -999.9 -999.9 13.3 -999.9 -999.9 1008.2 -999.9 -999.9 0.0 -999.9 4.5 119.0 0.0 0.2 55.2 55.4 57.6 57.6 17.3 15.2 97.2 76.9 14.2 DCRS_-_Cotiporã_-_Dois_Lajeados_(110_m) -999.9 -999.9 1008.9 1002.4 1008.2 16.3 12.7 304.0 Rio_Grande_do_Sul DCRS -999.9 0.0 0.2 97.45 97.57 96.73 -1 -0.05 97.57 97.57 97.57 97.57
-28.995701 -51.754700 DCRS-00057 2026-09-12_11:51 17.0 -999.9 -999.9 79.0 -999.9 -999.9 13.3 -999.9 -999.9 1008.2 -999.9 -999.9 2.7 -999.9 4.5 113.0 0.0 0.2 55.2 55.4 57.6 57.6 17.3 15.2 97.2 76.9 14.2 DCRS_-_Cotiporã_-_Dois_Lajeados_(110_m) -999.9 -999.9 1008.9 1002.4 1008.2 16.3 12.7 304.0 Rio_Grande_do_Sul DCRS -999.9 0.0 0.2 97.42 97.57 96.73 -1 -0.08 97.57 97.57 97.57 97.57
-28.995701 -51.754700 DCRS-00057 2026-09-12_11:52 17.0 -999.9 -999.9 77.8 -999.9 -999.9 13.1 -999.9 -999.9 1008.1 -999.9 -999.9 1.9 -999.9 4.5 101.0 0.0 0.2 55.2 55.4 57.6 57.6 17.3 15.2 97.2 76.9 14.2 DCRS_-_Cotiporã_-_Dois_Lajeados_(110_m) -999.9 -999.9 1008.9 1002.4 1008.1 16.3 12.7 304.0 Rio_Grande_do_Sul DCRS -999.9 0.0 0.2 97.42 97.57 96.73 -1 0.01 97.57 97.57 97.57 97.57
-28.995701 -51.754700 DCRS-00057 2026-09-12_11:53 16.9 -999.9 -999.9 77.4 -999.9 -999.9 12.9 -999.9 -999.9 1008.0 -999.9 -999.9 0.0 -999.9 4.5 93.0 0.0 0.2 55.2 55.4 57.6 57.6 17.3 15.2 97.2 76.9 14.2 DCRS_-_Cotiporã_-_Dois_Lajeados_(110_m) -999.9 -999.9 1008.9 1002.4 1008.0 16.3 12.7 304.0 Rio_Grande_do_Sul DCRS -999.9 0.0 0.2 97.47 97.57 96.73 -1 -0.03 97.57 97.57 97.57 97.57
-28.995701 -51.754700 DCRS-00057 2026-09-12_11:54 17.0 -999.9 -999.9 78.7 -999.9 -999.9 13.2 -999.9 -999.9 1008.2 -999.9 -999.9 0.0 -999.9 4.5 87.0 0.0 0.2 55.2 55.4 57.6 57.6 17.3 15.2 97.2 76.9 14.2 DCRS_-_Cotiporã_-_Dois_Lajeados_(110_m) -999.9 -999.9 1008.9 1002.4 1008.2 16.3 12.7 304.0 Rio_Grande_do_Sul DCRS -999.9 0.0 0.2 97.44 97.57 96.73 -1 -0.02 97.57 97.57 97.57 97.57
-28.995701 -51.754700 DCRS-00057 2026-09-12_11:55 16.9 -999.9 -999.9 78.7 -999.9 -999.9 -999.9 -999.9 -999.9 1008.2 -999.9 -999.9 0.0 -999.9 3.5 84.0 0.0 0.2 55.2 55.4 57.6 57.6 17.3 15.2 97.2 76.9 14.2 DCRS_-_Cotiporã_-_Dois_Lajeados_(110_m) -999.9 -999.9 1008.9 1002.4 1008.2 16.3 12.7 304.0 Rio_Grande_do_Sul DCRS -999.9 0.0 0.2 97.42 97.57 96.73 -1 -0.04 97.57 97.57 97.57 97.57
-28.995701 -51.754700 DCRS-00057 2026-09-12_11:56 16.9 -999.9 -999.9 76.8 -999.9 -999.9 12.8 -999.9 -999.9 1008.0 -999.9 -999.9 2.0 -999.9 3.5 82.0 0.0 0.2 55.2 55.4 57.6 57.6 17.3 15.2 97.2 76.8 14.2 DCRS_-_Cotiporã_-_Dois_Lajeados_(110_m) -999.9 -999.9 1008.9 1002.4 1008.0 16.3 12.7 304.0 Rio_Grande_do_Sul DCRS -999.9 0.0 0.2 97.4 97.57 96.73 -1 -0.05 97.57 97.57 97.57 97.57
-28.995701 -51.754700 DCRS-00057 2026-09-12_11:57 16.9 -999.9 -999.9 79.1 -999.9 -999.9 13.2 -999.9 -999.9 1008.3 -999.9 -999.9 0.0 -999.9 3.5 83.0 0.0 0.2 55.2 55.4 57.6 57.6 17.3 15.2 97.2 76.8 14.2 DCRS_-_Cotiporã_-_Dois_Lajeados_(110_m) -999.9 -999.9 1008.9 1002.4 1008.3 16.3 12.7 304.0 Rio_Grande_do_Sul DCRS -999.9 0.0 0.2 97.52 97.57 96.73 -1 0.07 97.57 97.57 97.57 97.57
-28.995701 -51.754700 DCRS-00057 2026-09-12_11:58 16.9 -999.9 -999.9 81.3 -999.9 -999.9 13.7 -999.9 -999.9 1008.5 -999.9 -999.9 0.0 -999.9 3.5 87.0 0.0 0.2 55.2 55.4 57.6 57.6 17.3 15.2 97.2 76.8 14.2 DCRS_-_Cotiporã_-_Dois_Lajeados_(110_m) -999.9 -999.9 1008.9 1002.4 1008.5 16.3 12.7 304.0 Rio_Grande_do_Sul DCRS -999.9 0.0 0.2 97.41 97.57 96.73 -1 -0.03 97.57 97.57 97.57 97.57
-28.995701 -51.754700 DCRS-00057 2026-09-12_11:59 16.9 -999.9 -999.9 81.4 -999.9 -999.9 13.7 -999.9 -999.9 1008.5 -999.9 -999.9 0.0 -999.9 3.5 94.0 0.0 0.2 55.2 55.4 57.6 57.6 17.3 15.2 97.2 76.8 14.2 DCRS_-_Cotiporã_-_Dois_Lajeados_(110_m) -999.9 -999.9 1008.9 1002.4 1008.5 16.3 12.7 304.0 Rio_Grande_do_Sul DCRS -999.9 0.0 0.2 97.48 97.57 96.73 -1 0.02 97.57 97.57 97.57 97.57
-28.995701 -51.754700 DCRS-00057 2026-09-12_12:00 17.0 -999.9 -999.9 81.3 -999.9 -999.9 13.7 -999.9 -999.9 1008.5 -999.9 -999.9 0.0 -999.9 4.4 107.0 0.0 0.2 55.2 55.4 57.6 57.6 17.3 15.2 97.2 76.8 14.2 DCRS_-_Cotiporã_-_Dois_Lajeados_(110_m) -999.9 -999.9 1008.9 1002.4 1008.5 16.3 12.7 304.0 Rio_Grande_do_Sul DCRS -999.9 0.0 0.2 97.42 97.57 96.73 -1 -0.05 97.57 97.57 97.57 97.57
-28.995701 -51.754700 DCRS-00057 2026-09-12_12:01 16.9 -999.9 -999.9 79.1 -999.9 -999.9 13.2 -999.9 -999.9 1008.1 -999.9 -999.9 0.0 -999.9 4.4 126.0 0.0 0.2 55.2 55.4 57.6 57.6 17.3 15.2 97.2 76.8 14.2 DCRS_-_Cotiporã_-_Dois_Lajeados_(110_m) -999.9 -999.9 1008.9 1002.4 1008.1 16.3 12.7 304.0 Rio_Grande_do_Sul DCRS -999.9 0.0 0.2 97.45 97.57 96.73 -1 -0.02 97.57 97.57 97.57 97.57
-28.995701 -51.754700 DCRS-00057 2026-09-12_12:02 16.9 -999.9 -999.9 78.2 -999.9 -999.9 13.0 -999.9 -999.9 1008.0 -999.9 -999.9 0.0 -999.9 4.4 150.0 0.0 0.2 55.2 55.4 57.6 57.6 17.3 15.2 97.2 76.8 14.2 DCRS_-_Cotiporã_-_Dois_Lajeados_(110_m) -999.9 -999.9 1008.9 1002.4 1008.0 16.3 12.7 304.0 Rio_Grande_do_Sul DCRS -999.9 0.0 0.2 97.43 97.57 96.73 -1 -0.07 97.57 97.57 97.57 97.57
-28.995701 -51.754700 DCRS-00057 2026-09-12_12:03 16.9 -999.9 -999.9 77.8 -999.9 -999.9 13.0 -999.9 -999.9 1008.0 -999.9 -999.9 0.0 -999.9 4.4 162.0 0.0 0.2 55.2 55.4 57.6 57.6 17.3 15.2 97.2 76.8 14.2 DCRS_-_Cotiporã_-_Dois_Lajeados_(110_m) -999.9 -999.9 1008.9 1002.4 1008.0 16.3 12.7 304.0 Rio_Grande_do_Sul DCRS -999.9 0.0 0.2 97.47 97.57 96.73 -1 -0.04 97.57 97.57 97.57 97.57
-28.995701 -51.754700 DCRS-00057 2026-09-12_12:04 16.9 -999.9 -999.9 79.0 -999.9 -999.9 13.2 -999.9 -999.9 1008.1 -999.9 -999.9 2.0 -999.9 4.4 168.0 0.0 0.2 55.2 55.4 57.6 57.6 17.3 15.2 97.2 76.8 14.2 DCRS_-_Cotiporã_-_Dois_Lajeados_(110_m) -999.9 -999.9 1008.9 1002.4 1008.1 16.3 12.7 304.0 Rio_Grande_do_Sul DCRS -999.9 0.0 0.2 97.46 97.57 96.73 -1 -0.02 97.57 97.57 97.57 97.57
-28.995701 -51.754700 DCRS-00057 2026-09-12_12:05 17.0 -999.9 -999.9 76.3 -999.9 -999.9 12.8 -999.9 -999.9 1007.8 -999.9 -999.9 3.0 -999.9 4.3 175.0 0.0 0.2 55.2 55.4 57.6 57.6 17.3 15.2 97.2 76.3 14.2 DCRS_-_Cotiporã_-_Dois_Lajeados_(110_m) -999.9 -999.9 1008.9 1002.4 1007.8 16.3 12.7 304.0 Rio_Grande_do_Sul DCRS -999.9 0.0 0.2 97.46 97.57 96.73 -1 -0.09 97.57 97.57 97.57 97.57
-28.995701 -51.754700 DCRS-00057 2026-09-12_12:06 17.0 -999.9 -999.9 76.3 -999.9 -999.9 12.8 -999.9 -999.9 1007.8 -999.9 -999.9 3.0 -999.9 4.3 177.0 0.0 0.2 55.2 55.4 57.6 57.6 17.3 15.2 97.2 76.3 14.2 DCRS_-_Cotiporã_-_Dois_Lajeados_(110_m) -999.9 -999.9 1008.9 1002.4 1007.8 16.3 12.7 304.0 Rio_Grande_do_Sul DCRS -999.9 0.0 0.2 97.49 97.57 96.73 -1 -0.06 97.57 97.57 97.57 97.57
-28.995701 -51.754700 DCRS-00057 2026-09-12_12:07 16.9 -999.9 -999.9 76.1 -999.9 -999.9 12.6 -999.9 -999.9 1007.7 -999.9 -999.9 0.0 -999.9 4.3 179.0 0.0 0.2 55.2 55.4 57.6 57.6 17.3 15.2 97.2 76.1 14.2 DCRS_-_Cotiporã_-_Dois_Lajeados_(110_m) -999.9 -999.9 1008.9 1002.4 1007.7 16.3 12.6 304.0 Rio_Grande_do_Sul DCRS -999.9 0.0 0.2 97.42 97.57 96.73 -1 -0.05 97.57 97.57 97.57 97.57
-28.995701 -51.754700 DCRS-00057 2026-09-12_12:08 17.0 -999.9 -999.9 76.9 -999.9 -999.9 12.9 -999.9 -999.9 1007.8 -999.9 -999.9 0.0 -999.9 4.3 178.0 0.0 0.2 55.2 55.4 57.6 57.6 17.3 15.2 97.2 76.1 14.2 DCRS_-_Cotiporã_-_Dois_Lajeados_(110_m) -999.9 -999.9 1008.9 1002.4 1007.8 16.3 12.6 304.0 Rio_Grande_do_Sul DCRS -999.9 0.0 0.2 97.38 97.57 96.73 -1 -0.14 97.57 97.57 97.57 97.57
-28.995701 -51.754700 DCRS-00057 2026-09-12_12:09 17.0 -999.9 -999.9 76.2 -999.9 -999.9 12.7 -999.9 -999.9 1007.8 -999.9 -999.9 1.9 -999.9 4.3 177.0 0.0 0.2 55.2 55.4 57.6 57.6 17.3 15.2 97.2 76.1 14.2 DCRS_-_Cotiporã_-_Dois_Lajeados_(110_m) -999.9 -999.9 1008.9 1002.4 1007.8 16.3 12.6 304.0 Rio_Grande_do_Sul DCRS -999.9 0.0 0.2 97.52 97.57 96.73 -1 0.09 97.57 97.57 97.57 97.57
-28.995701 -51.754700 DCRS-00057 2026-09-12_12:10 17.1 -999.9 -999.9 76.3 -999.9 -999.9 12.9 -999.9 -999.9 1007.7 -999.9 -999.9 0.0 -999.9 4.4 178.0 0.0 0.2 55.2 55.4 57.6 57.6 17.3 15.2 97.2 76.1 14.2 DCRS_-_Cotiporã_-_Dois_Lajeados_(110_m) -999.9 -999.9 1008.9 1002.4 1007.7 16.3 12.6 304.0 Rio_Grande_do_Sul DCRS -999.9 0.0 0.2 97.38 97.57 96.73 -1 -0.05 97.57 97.57 97.57 97.57
-28.995701 -51.754700 DCRS-00057 2026-09-12_12:11 17.1 -999.9 -999.9 75.3 -999.9 -999.9 12.7 -999.9 -999.9 1007.6 -999.9 -999.9 0.0 -999.9 4.4 180.0 0.0 0.2 55.2 55.4 57.6 57.6 17.3 15.2 97.2 75.3 14.2 DCRS_-_Cotiporã_-_Dois_Lajeados_(110_m) -999.9 -999.9 1008.9 1002.4 1007.6 16.3 12.6 304.0 Rio_Grande_do_Sul DCRS -999.9 0.0 0.2 97.42 97.57 96.73 -1 -0.12 97.57 97.57 97.57 97.57
-28.995701 -51.754700 DCRS-00057 2026-09-12_12:12 17.2 -999.9 -999.9 75.6 -999.9 -999.9 12.8 -999.9 -999.9 1007.7 -999.9 -999.9 0.0 -999.9 4.4 181.0 0.0 0.2 55.2 55.4 57.6 57.6 17.3 15.2 97.2 75.3 14.2 DCRS_-_Cotiporã_-_Dois_Lajeados_(110_m) -999.9 -999.9 1008.9 1002.4 1007.7 16.3 12.6 304.0 Rio_Grande_do_Sul DCRS -999.9 0.0 0.2 97.43 97.57 96.73 -1 -0.02 97.57 97.57 97.57 97.57
-28.995701 -51.754700 DCRS-00057 2026-09-12_12:13 17.2 -999.9 -999.9 76.0 -999.9 -999.9 12.9 -999.9 -999.9 1007.7 -999.9 -999.9 0.0 -999.9 4.4 179.0 0.0 0.2 55.2 55.4 57.6 57.6 17.3 15.2 97.2 75.3 14.2 DCRS_-_Cotiporã_-_Dois_Lajeados_(110_m) -999.9 -999.9 1008.9 1002.4 1007.7 16.3 12.6 304.0 Rio_Grande_do_Sul DCRS -999.9 0.0 0.2 97.4 97.57 96.73 -1 -0.1 97.57 97.57 97.57 97.57
-28.995701 -51.754700 DCRS-00057 2026-09-12_12:14 17.3 -999.9 -999.9 76.1 -999.9 -999.9 -999.9 -999.9 -999.9 1007.7 -999.9 -999.9 1.8 -999.9 4.4 180.0 0.0 0.2 55.2 55.4 57.6 57.6 17.3 15.2 97.2 75.3 14.2 DCRS_-_Cotiporã_-_Dois_Lajeados_(110_m) -999.9 -999.9 1008.9 1002.4 1007.7 16.3 12.6 304.0 Rio_Grande_do_Sul DCRS -999.9 0.0 0.2 97.38 97.57 96.73 -1 -0.1 97.57 97.57 97.57 97.57
-28.995701 -51.754700 DCRS-00057 2026-09-12_12:15 17.4 -999.9 -999.9 76.8 -999.9 -999.9 13.3 -999.9 -999.9 1007.8 -999.9 -999.9 2.1 -999.9 2.6 180.0 0.0 0.2 55.2 55.4 57.6 57.6 17.4 15.2 97.2 75.3 14.2 DCRS_-_Cotiporã_-_Dois_Lajeados_(110_m) -999.9 -999.9 1008.9 1002.4 1007.8 16.3 12.6 304.0 Rio_Grande_do_Sul DCRS -999.9 0.0 0.2 97.44 97.57 96.73 -1 -0.04 97.57 97.57 97.57 97.57
-28.995701 -51.754700 DCRS-00057 2026-09-12_12:16 17.4 -999.9 -999.9 77.0 -999.9 -999.9 13.3 -999.9 -999.9 1007.8 -999.9 -999.9 -999.9 -999.9 2.6 175.0 0.0 0.2 55.2 55.4 57.6 57.6 17.4 15.2 97.2 75.3 14.2 DCRS_-_Cotiporã_-_Dois_Lajeados_(110_m) -999.9 -999.9 1008.9 1002.4 1007.8 16.3 12.6 304.0 Rio_Grande_do_Sul DCRS -999.9 0.0 0.2 97.39 97.57 96.73 -1 -0.09 97.57 97.57 97.57 97.57
-28.995701 -51.754700 DCRS-00057 2026-09-12_12:17 17.3 -999.9 -999.9 74.8 -999.9 -999.9 12.8 -999.9 -999.9 1007.6 -999.9 -999.9 -999.9 -999.9 2.6 163.0 0.0 0.2 55.2 55.4 57.6 57.6 17.4 15.2 97.2 74.8 14.2 DCRS_-_Cotiporã_-_Dois_Lajeados_(110_m) -999.9 -999.9 1008.9 1002.4 1007.6 16.3 12.6 304.0 Rio_Grande_do_Sul DCRS -999.9 0.0 0.2 97.46 97.57 96.73 -1 0.02 97.57 97.57 97.57 97.57
-28.995701 -51.754700 DCRS-00057 2026-09-12_12:18 17.3 -999.9 -999.9 74.5 -999.9 -999.9 12.7 -999.9 -999.9 1007.5 -999.9 -999.9 -999.9 -999.9 2.6 152.0 0.0 0.2 55.2 55.4 57.6 57.6 17.4 15.2 97.2 74.5 14.2 DCRS_-_Cotiporã_-_Dois_Lajeados_(110_m) -999.9 -999.9 1008.9 1002.4 1007.5 16.3 12.6 304.0 Rio_Grande_do_Sul DCRS -999.9 0.0 0.2 97.44 97.57 96.73 -1 -0.1 97.57 97.57 97.57 97.57
-28.995701 -51.754700 DCRS-00057 2026-09-12_12:19 17.2 -999.9 -999.9 74.9 -999.9 -999.9 12.7 -999.9 -999.9 1007.5 -999.9 -999.9 -999.9 -999.9 2.6 135.0 0.0 0.2 55.2 55.4 57.6 57.6 17.4 15.2 97.2 74.5 14.2 DCRS_-_Cotiporã_-_Dois_Lajeados_(110_m) -999.9 -999.9 1008.9 1002.4 1007.5 16.3 12.6 304.0 Rio_Grande_do_Sul DCRS -999.9 0.0 0.2 97.44 97.57 96.73 -1 -0.05 97.57 97.57 97.57 97.57
-28.995701 -51.754700 DCRS-00057 2026-09-12_12:20 17.3 -999.9 -999.9 74.7 -999.9 -999.9 12.7 -999.9 -999.9 1007.5 -999.9 -999.9 3.5 -999.9 6.7 122.0 0.0 0.2 55.2 55.4 57.6 57.6 17.4 15.2 97.2 74.5 14.2 DCRS_-_Cotiporã_-_Dois_Lajeados_(110_m) -999.9 -999.9 1008.9 1002.4 1007.5 16.3 12.6 304.0 Rio_Grande_do_Sul DCRS -999.9 0.0 0.2 97.41 97.57 96.73 -1 -0.08 97.57 97.57 97.57 97.57
-28.995701 -51.754700 DCRS-00057 2026-09-12_12:21 17.2 -999.9 -999.9 74.7 -999.9 -999.9 12.6 -999.9 -999.9 1007.5 -999.9 -999.9 2.4 -999.9 6.7 112.0 0.0 0.2 55.2 55.4 57.6 57.6 17.4 15.2 97.2 74.5 14.2 DCRS_-_Cotiporã_-_Dois_Lajeados_(110_m) -999.9 -999.9 1008.9 1002.4 1007.5 16.3 12.6 304.0 Rio_Grande_do_Sul DCRS -999.9 0.0 0.2 97.42 97.57 96.73 -1 -0.02 97.57 97.57 97.57 97.57
-28.995701 -51.754700 DCRS-00057 2026-09-12_12:22 17.2 -999.9 -999.9 74.8 -999.9 -999.9 -999.9 -999.9 -999.9 1007.5 -999.9 -999.9 1.8 -999.9 6.7 104.0 0.0 0.2 55.2 55.4 57.6 57.6 17.4 15.2 97.2 74.5 14.2 DCRS_-_Cotiporã_-_Dois_Lajeados_(110_m) -999.9 -999.9 1008.9 1002.4 1007.5 16.3 12.6 304.0 Rio_Grande_do_Sul DCRS -999.9 0.0 0.2 97.41 97.57 96.73 -1 -0.01 97.57 97.57 97.57 97.57
-28.995701 -51.754700 DCRS-00057 2026-09-12_12:23 17.2 -999.9 -999.9 75.2 -999.9 -999.9 12.7 -999.9 -999.9 1007.5 -999.9 -999.9 0.0 -999.9 6.7 98.0 0.0 0.2 55.2 55.4 57.6 57.6 17.4 15.2 97.2 74.5 14.2 DCRS_-_Cotiporã_-_Dois_Lajeados_(110_m) -999.9 -999.9 1008.9 1002.4 1007.5 16.3 12.6 304.0 Rio_Grande_do_Sul DCRS -999.9 0.0 0.2 97.49 97.57 96.73 -1 0.01 97.57 97.57 97.57 97.57
-28.995701 -51.754700 DCRS-00057 2026-09-12_12:24 17.2 -999.9 -999.9 75.9 -999.9 -999.9 12.9 -999.9 -999.9 1007.5 -999.9 -999.9 0.0 -999.9 6.7 97.0 0.0 0.2 55.2 55.4 57.6 57.6 17.4 15.2 97.2 74.5 14.2 DCRS_-_Cotiporã_-_Dois_Lajeados_(110_m) -999.9 -999.9 1008.9 1002.4 1007.5 16.3 12.6 304.0 Rio_Grande_do_Sul DCRS -999.9 0.0 0.2 97.42 97.57 96.73 -1 -0.06 97.57 97.57 97.57 97.57
-28.995701 -51.754700 DCRS-00057 2026-09-12_12:25 17.1 -999.9 -999.9 76.3 -999.9 -999.9 12.9 -999.9 -999.9 1007.5 -999.9 -999.9 2.0 -999.9 4.6 96.0 0.0 0.2 55.2 55.4 57.6 57.6 17.4 15.2 97.2 74.5 14.2 DCRS_-_Cotiporã_-_Dois_Lajeados_(110_m) -999.9 -999.9 1008.9 1002.4 1007.5 16.3 12.6 304.0 Rio_Grande_do_Sul DCRS -999.9 0.0 0.2 97.44 97.57 96.73 -1 -0.02 97.57 97.57 97.57 97.57
-28.995701 -51.754700 DCRS-00057 2026-09-12_12:26 17.2 -999.9 -999.9 75.6 -999.9 -999.9 12.8 -999.9 -999.9 1007.5 -999.9 -999.9 2.1 -999.9 4.6 96.0 0.0 0.2 55.2 55.4 57.6 57.6 17.4 15.2 97.2 74.5 14.2 DCRS_-_Cotiporã_-_Dois_Lajeados_(110_m) -999.9 -999.9 1008.9 1002.4 1007.5 16.3 12.6 304.0 Rio_Grande_do_Sul DCRS -999.9 0.0 0.2 97.44 97.57 96.73 -1 -0.04 97.57 97.57 97.57 97.57
-28.995701 -51.754700 DCRS-00057 2026-09-12_12:27 17.1 -999.9 -999.9 75.5 -999.9 -999.9 12.7 -999.9 -999.9 1007.4 -999.9 -999.9 2.7 -999.9 4.6 97.0 0.0 0.2 55.2 55.4 57.6 57.6 17.4 15.2 97.2 74.5 14.2 DCRS_-_Cotiporã_-_Dois_Lajeados_(110_m) -999.9 -999.9 1008.9 1002.4 1007.4 16.3 12.6 304.0 Rio_Grande_do_Sul DCRS -999.9 0.0 0.2 97.37 97.57 96.73 -1 -0.11 97.57 97.57 97.57 97.57
-28.995701 -51.754700 DCRS-00057 2026-09-12_12:28 17.1 -999.9 -999.9 75.9 -999.9 -999.9 12.8 -999.9 -999.9 1007.4 -999.9 -999.9 0.0 -999.9 4.6 101.0 0.0 0.2 55.2 55.4 57.6 57.6 17.4 15.2 97.2 74.5 14.2 DCRS_-_Cotiporã_-_Dois_Lajeados_(110_m) -999.9 -999.9 1008.9 1002.4 1007.4 16.3 12.6 304.0 Rio_Grande_do_Sul DCRS -999.9 0.0 0.2 97.4 97.57 96.73 -1 -0.05 97.57 97.57 97.57 97.57
-28.995701 -51.754700 DCRS-00057 2026-09-12_12:29 17.1 -999.9 -999.9 76.1 -999.9 -999.9 12.8 -999.9 -999.9 1007.4 -999.9 -999.9 0.0 -999.9 4.6 122.0 0.0 0.2 55.2 55.4 57.6 57.6 17.4 15.2 97.2 74.5 14.2 DCRS_-_Cotiporã_-_Dois_Lajeados_(110_m) -999.9 -999.9 1008.9 1002.4 1007.4 16.3 12.6 304.0 Rio_Grande_do_Sul DCRS -999.9 0.0 0.2 97.33 97.57 96.73 -1 -0.17 97.57 97.57 97.57 97.57
-28.995701 -51.754700 DCRS-00057 2026-09-12_12:30 17.2 -999.9 -999.9 76.8 -999.9 -999.9 13.1 -999.9 -999.9 1007.5 -999.9 -999.9 1.8 -999.9 2.9 123.0 0.0 0.2 55.2 55.4 57.6 57.6 17.4 15.2 97.2 74.5 14.2 DCRS_-_Cotiporã_-_Dois_Lajeados_(110_m) -999.9 -999.9 1008.9 1002.4 1007.5 16.3 12.6 304.0 Rio_Grande_do_Sul DCRS -999.9 0.0 0.2 97.38 97.57 96.73 -1 -0.05 97.57 97.57 97.57 97.57
-28.995701 -51.754700 DCRS-00057 2026-09-12_12:31 17.2 -999.9 -999.9 75.6 -999.9 -999.9 12.8 -999.9 -999.9 1007.4 -999.9 -999.9 2.0 -999.9 2.9 141.0 0.0 0.2 55.2 55.4 57.6 57.6 17.4 15.2 97.2 74.5 14.2 DCRS_-_Cotiporã_-_Dois_Lajeados_(110_m) -999.9 -999.9 1008.9 1002.4 1007.4 16.3 12.6 304.0 Rio_Grande_do_Sul DCRS -999.9 0.0 0.2 97.36 97.57 96.73 -1 -0.06 97.57 97.57 97.57 97.57
-28.995701 -51.754700 DCRS-00057 2026-09-12_12:32 17.2 -999.9 -999.9 76.5 -999.9 -999.9 13.0 -999.9 -999.9 1007.5 -999.9 -999.9 0.0 -999.9 2.9 147.0 0.0 0.2 55.2 55.4 57.6 57.6 17.4 15.2 97.2 74.5 14.2 DCRS_-_Cotiporã_-_Dois_Lajeados_(110_m) -999.9 -999.9 1008.9 1002.4 1007.5 16.3 12.6 304.0 Rio_Grande_do_Sul DCRS -999.9 0.0 0.2 97.47 97.57 96.73 -1 0.01 97.57 97.57 97.57 97.57
-28.995701 -51.754700 DCRS-00057 2026-09-12_12:33 17.2 -999.9 -999.9 75.6 -999.9 -999.9 12.8 -999.9 -999.9 1007.4 -999.9 -999.9 2.9 -999.9 2.9 144.0 0.0 0.2 55.2 55.4 57.6 57.6 17.4 15.2 97.2 74.5 14.2 DCRS_-_Cotiporã_-_Dois_Lajeados_(110_m) -999.9 -999.9 1008.9 1002.4 1007.4 16.3 12.6 304.0 Rio_Grande_do_Sul DCRS -999.9 0.0 0.2 97.35 97.57 96.73 -1 -0.11 97.57 97.57 97.57 97.57
-28.995701 -51.754700 DCRS-00057 2026-09-12_12:34 17.2 -999.9 -999.9 76.5 -999.9 -999.9 13.0 -999.9 -999.9 1007.5 -999.9 -999.9 1.8 -999.9 2.9 144.0 0.0 0.2 55.2 55.4 57.6 57.6 17.4 15.2 97.2 74.5 14.2 DCRS_-_Cotiporã_-_Dois_Lajeados_(110_m) -999.9 -999.9 1008.9 1002.4 1007.5 16.3 12.6 304.0 Rio_Grande_do_Sul DCRS -999.9 0.0 0.2 97.37 97.57 96.73 -1 -0.11 97.57 97.57 97.57 97.57
-28.995701 -51.754700 DCRS-00057 2026-09-12_12:35 17.2 -999.9 -999.9 76.0 -999.9 -999.9 12.9 -999.9 -999.9 1007.4 -999.9 -999.9 -999.9 -999.9 3.7 140.0 0.0 0.2 55.2 55.4 57.6 57.6 17.4 15.2 97.2 74.5 14.2 DCRS_-_Cotiporã_-_Dois_Lajeados_(110_m) -999.9 -999.9 1008.9 1002.4 1007.4 16.3 12.6 304.0 Rio_Grande_do_Sul DCRS -999.9 0.0 0.2 97.43 97.57 96.73 -1 -0.05 97.57 97.57 97.57 97.57
-28.995701 -51.754700 DCRS-00057 2026-09-12_12:36 17.1 -999.9 -999.9 76.0 -999.9 -999.9 12.8 -999.9 -999.9 1007.4 -999.9 -999.9 3.5 -999.9 3.7 135.0 0.0 0.2 55.2 55.4 57.6 57.6 17.4 15.2 97.2 74.5 14.2 DCRS_-_Cotiporã_-_Dois_Lajeados_(110_m) -999.9 -999.9 1008.9 1002.4 1007.4 16.3 12.6 304.0 Rio_Grande_do_Sul DCRS -999.9 0.0 0.2 97.39 97.57 96.73 -1 -0.07 97.57 97.57 97.57 97.57
-28.995701 -51.754700 DCRS-00057 2026-09-12_12:37 17.0 -999.9 -999.9 75.9 -999.9 -999.9 12.7 -999.9 -999.9 1007.4 -999.9 -999.9 0.0 -999.9 3.7 126.0 0.0 0.2 55.2 55.4 57.6 57.6 17.4 15.2 97.2 74.5 14.2 DCRS_-_Cotiporã_-_Dois_Lajeados_(110_m) -999.9 -999.9 1008.9 1002.4 1007.4 16.3 12.6 304.0 Rio_Grande_do_Sul DCRS -999.9 0.0 0.2 97.37 97.57 96.73 -1 -0.12 97.57 97.57 97.57 97.57
-28.995701 -51.754700 DCRS-00057 2026-09-12_12:38 17.0 -999.9 -999.9 76.8 -999.9 -999.9 12.9 -999.9 -999.9 1007.5 -999.9 -999.9 2.5 -999.9 3.7 118.0 0.0 0.2 55.2 55.4 57.6 57.6 17.4 15.2 97.2 74.5 14.2 DCRS_-_Cotiporã_-_Dois_Lajeados_(110_m) -999.9 -999.9 1008.9 1002.4 1007.5 16.3 12.6 304.0 Rio_Grande_do_Sul DCRS -999.9 0.0 0.2 97.38 97.57 96.73 -1 -0.05 97.57 97.57 97.57 97.57
-28.995701 -51.754700 DCRS-00057 2026-09-12_12:39 17.1 -999.9 -999.9 77.3 -999.9 -999.9 13.1 -999.9 -999.9 1007.5 -999.9 -999.9 -999.9 -999.9 3.7 112.0 0.0 0.2 55.2 55.4 57.6 57.6 17.4 15.2 97.2 74.5 14.2 DCRS_-_Cotiporã_-_Dois_Lajeados_(110_m) -999.9 -999.9 1008.9 1002.4 1007.5 16.3 12.6 304.0 Rio_Grande_do_Sul DCRS -999.9 0.0 0.2 97.37 97.57 96.73 -1 -0.06 97.57 97.57 97.57 97.57
-28.995701 -51.754700 DCRS-00057 2026-09-12_12:40 17.0 -999.9 -999.9 77.2 -999.9 -999.9 12.9 -999.9 -999.9 1007.5 -999.9 -999.9 3.5 -999.9 9.3 106.0 0.0 0.2 55.2 55.4 57.6 57.6 17.4 15.2 97.2 74.5 14.2 DCRS_-_Cotiporã_-_Dois_Lajeados_(110_m) -999.9 -999.9 1008.9 1002.4 1007.5 16.3 12.6 304.0 Rio_Grande_do_Sul DCRS -999.9 0.0 0.2 97.37 97.57 96.73 -1 -0.04 97.57 97.57 97.57 97.57
-28.995701 -51.754700 DCRS-00057 2026-09-12_12:41 17.1 -999.9 -999.9 78.2 -999.9 -999.9 -999.9 -999.9 -999.9 1007.6 -999.9 -999.9 3.5 -999.9 9.3 104.0 0.0 0.2 55.2 55.4 57.6 57.6 17.4 15.2 97.2 74.5 14.2 DCRS_-_Cotiporã_-_Dois_Lajeados_(110_m) -999.9 -999.9 1008.9 1002.4 1007.6 16.3 12.6 304.0 Rio_Grande_do_Sul DCRS -999.9 0.0 0.2 97.48 97.57 96.73 -1 -0.02 97.57 97.57 97.57 97.57
-28.995701 -51.754700 DCRS-00057 2026-09-12_12:42 17.0 -999.9 -999.9 76.0 -999.9 -999.9 12.7 -999.9 -999.9 1007.4 -999.9 -999.9 4.7 -999.9 9.3 102.0 0.0 0.2 55.2 55.4 57.6 57.6 17.4 15.2 97.2 74.5 14.2 DCRS_-_Cotiporã_-_Dois_Lajeados_(110_m) -999.9 -999.9 1008.9 1002.4 1007.4 16.3 12.6 304.0 Rio_Grande_do_Sul DCRS -999.9 0.0 0.2 97.41 97.57 96.73 -1 -0.06 97.57 97.57 97.57 97.57
-28.995701 -51.754700 DCRS-00057 2026-09-12_12:43 17.1 -999.9 -999.9 76.1 -999.9 -999.9 12.8 -999.9 -999.9 1007.5 -999.9 -999.9 3.2 -999.9 9.3 101.0 0.0 0.2 55.2 55.4 57.6 57.6 17.4 15.2 97.2 74.5 14.2 DCRS_-_Cotiporã_-_Dois_Lajeados_(110_m) -999.9 -999.9 1008.9 1002.4 1007.5 16.3 12.6 304.0 Rio_Grande_do_Sul DCRS -999.9 0.0 0.2 97.35 97.57 96.73 -1 -0.17 97.57 97.57 97.57 97.57
-28.995701 -51.754700 DCRS-00057 2026-09-12_12:44 17.1 -999.9 -999.9 76.1 -999.9 -999.9 -999.9 -999.9 -999.9 1007.5 -999.9 -999.9 2.1 -999.9 9.3 102.0 0.0 0.2 55.2 55.4 57.6 57.6 17.4 15.2 97.2 74.5 14.2 DCRS_-_Cotiporã_-_Dois_Lajeados_(110_m) -999.9 -999.9 1008.9 1002.4 1007.5 16.3 12.6 304.0 Rio_Grande_do_Sul DCRS -999.9 0.0 0.2 97.38 97.57 96.73 -1 -0.14 97.57 97.57 97.57 97.57
-28.995701 -51.754700 DCRS-00057 2026-09-12_12:45 17.1 -999.9 -999.9 76.0 -999.9 -999.9 -999.9 -999.9 -999.9 1007.5 -999.9 -999.9 0.0 -999.9 6.7 104.0 0.0 0.2 55.2 55.4 57.6 57.6 17.4 15.2 97.2 74.5 14.2 DCRS_-_Cotiporã_-_Dois_Lajeados_(110_m) -999.9 -999.9 1008.9 1002.4 1007.5 16.3 12.6 304.0 Rio_Grande_do_Sul DCRS -999.9 0.0 0.2 97.36 97.57 96.73 -1 -0.05 97.57 97.57 97.57 97.57
-28.995701 -51.754700 DCRS-00057 2026-09-12_12:46 17.0 -999.9 -999.9 77.1 -999.9 -999.9 12.9 -999.9 -999.9 1007.6 -999.9 -999.9 2.6 -999.9 6.7 108.0 0.0 0.2 55.2 55.4 57.6 57.6 17.4 15.2 97.2 74.5 14.2 DCRS_-_Cotiporã_-_Dois_Lajeados_(110_m) -999.9 -999.9 1008.9 1002.4 1007.6 16.3 12.6 304.0 Rio_Grande_do_Sul DCRS -999.9 0.0 0.2 97.4 97.57 96.73 -1 -0.07 97.57 97.57 97.57 97.57
-28.995701 -51.754700 DCRS-00057 2026-09-12_12:47 17.0 -999.9 -999.9 77.0 -999.9 -999.9 12.9 -999.9 -999.9 1007.6 -999.9 -999.9 5.4 -999.9 6.7 112.0 0.0 0.2 55.2 55.4 57.6 57.6 17.4 15.2 97.2 74.5 14.2 DCRS_-_Cotiporã_-_Dois_Lajeados_(110_m) -999.9 -999.9 1008.9 1002.4 1007.6 16.3 12.6 304.0 Rio_Grande_do_Sul DCRS -999.9 0.0 0.2 97.35 97.57 96.73 -1 -0.06 97.57 97.57 97.57 97.57
-28.995701 -51.754700 DCRS-00057 2026-09-12_12:48 17.1 -999.9 -999.9 77.8 -999.9 -999.9 13.2 -999.9 -999.9 1007.7 -999.9 -999.9 0.0 -999.9 6.7 111.0 0.0 0.2 55.2 55.4 57.6 57.6 17.4 15.2 97.2 74.5 14.2 DCRS_-_Cotiporã_-_Dois_Lajeados_(110_m) -999.9 -999.9 1008.9 1002.4 1007.7 16.3 12.6 304.0 Rio_Grande_do_Sul DCRS -999.9 0.0 0.2 97.32 97.57 96.73 -1 -0.09 97.57 97.57 97.57 97.57
-28.995701 -51.754700 DCRS-00057 2026-09-12_12:49 17.0 -999.9 -999.9 76.5 -999.9 -999.9 12.8 -999.9 -999.9 1007.6 -999.9 -999.9 2.9 -999.9 6.7 101.0 0.0 0.2 55.2 55.4 57.6 57.6 17.4 15.2 97.2 74.5 14.2 DCRS_-_Cotiporã_-_Dois_Lajeados_(110_m) -999.9 -999.9 1008.9 1002.4 1007.6 16.3 12.6 304.0 Rio_Grande_do_Sul DCRS -999.9 0.0 0.2 97.3 97.57 96.73 -1 -0.15 97.57 97.57 97.57 97.57
-28.995701 -51.754700 DCRS-00057 2026-09-12_12:50 17.0 -999.9 -999.9 76.3 -999.9 -999.9 12.8 -999.9 -999.9 1007.6 -999.9 -999.9 2.0 -999.9 6.9 96.0 0.0 0.2 55.2 55.4 57.6 57.6 17.4 15.2 97.2 74.5 14.2 DCRS_-_Cotiporã_-_Dois_Lajeados_(110_m) -999.9 -999.9 1008.9 1002.4 1007.6 16.3 12.6 304.0 Rio_Grande_do_Sul DCRS -999.9 0.0 0.2 97.48 97.57 96.73 -1 0.03 97.57 97.57 97.57 97.57
-28.995701 -51.754700 DCRS-00057 2026-09-12_12:51 17.1 -999.9 -999.9 76.8 -999.9 -999.9 13.0 -999.9 -999.9 1007.6 -999.9 -999.9 2.0 -999.9 6.9 92.0 0.0 0.2 55.2 55.4 57.6 57.6 17.4 15.2 97.2 74.5 14.2 DCRS_-_Cotiporã_-_Dois_Lajeados_(110_m) -999.9 -999.9 1008.9 1002.4 1007.6 16.3 12.6 304.0 Rio_Grande_do_Sul DCRS -999.9 0.0 0.2 97.33 97.57 96.73 -1 -0.09 97.57 97.57 97.57 97.57
-28.995701 -51.754700 DCRS-00057 2026-09-12_12:52 17.0 -999.9 -999.9 75.4 -999.9 -999.9 12.6 -999.9 -999.9 1007.5 -999.9 -999.9 1.8 -999.9 6.9 89.0 0.0 0.2 55.2 55.4 57.6 57.6 17.4 15.2 97.2 74.5 14.2 DCRS_-_Cotiporã_-_Dois_Lajeados_(110_m) -999.9 -999.9 1008.9 1002.4 1007.5 16.3 12.6 304.0 Rio_Grande_do_Sul DCRS -999.9 0.0 0.2 97.28 97.57 96.73 -1 -0.14 97.57 97.57 97.57 97.57
-28.995701 -51.754700 DCRS-00057 2026-09-12_12:53 17.0 -999.9 -999.9 76.4 -999.9 -999.9 12.8 -999.9 -999.9 1007.6 -999.9 -999.9 1.8 -999.9 6.9 85.0 0.0 0.2 55.2 55.4 57.6 57.6 17.4 15.2 97.2 74.5 14.2 DCRS_-_Cotiporã_-_Dois_Lajeados_(110_m) -999.9 -999.9 1008.9 1002.4 1007.6 16.3 12.6 304.0 Rio_Grande_do_Sul DCRS -999.9 0.0 0.2 97.37 97.57 96.73 -1 -0.07 97.57 97.57 97.57 97.57
-28.995701 -51.754700 DCRS-00057 2026-09-12_12:54 17.0 -999.9 -999.9 75.9 -999.9 -999.9 12.7 -999.9 -999.9 1007.5 -999.9 -999.9 4.0 -999.9 6.9 86.0 0.0 0.2 55.2 55.4 57.6 57.6 17.4 15.2 97.2 74.5 14.2 DCRS_-_Cotiporã_-_Dois_Lajeados_(110_m) -999.9 -999.9 1008.9 1002.4 1007.5 16.3 12.6 304.0 Rio_Grande_do_Sul DCRS -999.9 0.0 0.2 97.4 97.57 96.73 -1 -0.04 97.57 97.57 97.57 97.57
-28.995701 -51.754700 DCRS-00057 2026-09-12_12:55 17.0 -999.9 -999.9 75.4 -999.9 -999.9 12.6 -999.9 -999.9 1007.5 -999.9 -999.9 2.8 -999.9 9.5 89.0 0.0 0.2 55.2 55.4 57.6 57.6 17.4 15.2 97.2 74.5 14.2 DCRS_-_Cotiporã_-_Dois_Lajeados_(110_m) -999.9 -999.9 1008.9 1002.4 1007.5 16.3 12.6 304.0 Rio_Grande_do_Sul DCRS -999.9 0.0 0.2 97.35 97.57 96.73 -1 -0.05 97.57 97.57 97.57 97.57
-28.995701 -51.754700 DCRS-00057 2026-09-12_12:56 17.0 -999.9 -999.9 75.8 -999.9 -999.9 12.7 -999.9 -999.9 1007.5 -999.9 -999.9 0.0 -999.9 9.5 95.0 0.0 0.2 55.2 55.4 57.6 57.6 17.4 15.2 97.2 74.5 14.2 DCRS_-_Cotiporã_-_Dois_Lajeados_(110_m) -999.9 -999.9 1008.9 1002.4 1007.5 16.3 12.6 304.0 Rio_Grande_do_Sul DCRS -999.9 0.0 0.2 97.37 97.57 96.73 -1 -0.03 97.57 97.57 97.57 97.57
-28.995701 -51.754700 DCRS-00057 2026-09-12_12:57 17.0 -999.9 -999.9 77.0 -999.9 -999.9 12.9 -999.9 -999.9 1007.6 -999.9 -999.9 2.0 -999.9 9.5 105.0 0.0 0.2 55.2 55.4 57.6 57.6 17.4 15.2 97.2 74.5 14.2 DCRS_-_Cotiporã_-_Dois_Lajeados_(110_m) -999.9 -999.9 1008.9 1002.4 1007.6 16.3 12.6 304.0 Rio_Grande_do_Sul DCRS -999.9 0.0 0.2 97.39 97.57 96.73 -1 -0.02 97.57 97.57 97.57 97.57
-28.995701 -51.754700 DCRS-00057 2026-09-12_12:58 17.0 -999.9 -999.9 78.6 -999.9 -999.9 13.2 -999.9 -999.9 1007.8 -999.9 -999.9 0.0 -999.9 9.5 115.0 0.0 0.2 55.2 55.4 57.6 57.6 17.4 15.2 97.2 74.5 14.2 DCRS_-_Cotiporã_-_Dois_Lajeados_(110_m) -999.9 -999.9 1008.9 1002.4 1007.8 16.3 12.6 304.0 Rio_Grande_do_Sul DCRS -999.9 0.0 0.2 97.31 97.57 96.73 -1 -0.1 97.57 97.57 97.57 97.57
-28.995701 -51.754700 DCRS-00057 2026-09-12_12:59 17.0 -999.9 -999.9 76.2 -999.9 -999.9 12.7 -999.9 -999.9 1007.5 -999.9 -999.9 3.9 -999.9 9.5 116.0 0.0 0.2 55.2 55.4 57.6 57.6 17.4 15.2 97.2 74.5 14.2 DCRS_-_Cotiporã_-_Dois_Lajeados_(110_m) -999.9 -999.9 1008.9 1002.4 1007.5 16.3 12.6 304.0 Rio_Grande_do_Sul DCRS -999.9 0.0 0.2 97.25 97.57 96.73 -1 -0.23 97.57 97.57 97.57 97.57
-28.995701 -51.754700 DCRS-00057 2026-09-12_13:00 17.0 -999.9 -999.9 76.5 -999.9 -999.9 12.8 -999.9 -999.9 1007.6 -999.9 -999.9 0.0 -999.9 5.2 107.0 0.0 0.2 55.2 55.4 57.6 57.6 17.4 15.2 97.2 74.5 14.2 DCRS_-_Cotiporã_-_Dois_Lajeados_(110_m) -999.9 -999.9 1008.9 1002.4 1007.6 16.3 12.6 304.0 Rio_Grande_do_Sul DCRS -999.9 0.0 0.2 97.37 97.57 96.73 -1 -0.05 97.57 97.57 97.57 97.57
-28.995701 -51.754700 DCRS-00057 2026-09-12_13:01 17.0 -999.9 -999.9 77.5 -999.9 -999.9 13.0 -999.9 -999.9 1007.7 -999.9 -999.9 2.4 -999.9 5.2 97.0 0.0 0.2 55.2 55.4 57.6 57.6 17.4 15.2 97.2 74.5 14.2 DCRS_-_Cotiporã_-_Dois_Lajeados_(110_m) -999.9 -999.9 1008.9 1002.4 1007.7 16.3 12.6 304.0 Rio_Grande_do_Sul DCRS -999.9 0.0 0.2 97.29 97.57 96.73 -1 -0.14 97.57 97.57 97.57 97.57
-28.995701 -51.754700 DCRS-00057 2026-09-12_13:02 17.0 -999.9 -999.9 77.2 -999.9 -999.9 12.9 -999.9 -999.9 1007.7 -999.9 -999.9 2.1 -999.9 5.2 88.0 0.0 0.2 55.2 55.4 57.6 57.6 17.4 15.2 97.2 74.5 14.2 DCRS_-_Cotiporã_-_Dois_Lajeados_(110_m) -999.9 -999.9 1008.9 1002.4 1007.7 16.3 12.6 304.0 Rio_Grande_do_Sul DCRS -999.9 0.0 0.2 97.29 97.57 96.73 -1 -0.14 97.57 97.57 97.57 97.57
-28.995701 -51.754700 DCRS-00057 2026-09-12_13:03 17.0 -999.9 -999.9 77.3 -999.9 -999.9 13.0 -999.9 -999.9 1007.7 -999.9 -999.9 3.4 -999.9 5.2 84.0 0.0 0.2 55.2 55.4 57.6 57.6 17.4 15.2 97.2 74.5 14.2 DCRS_-_Cotiporã_-_Dois_Lajeados_(110_m) -999.9 -999.9 1008.9 1002.4 1007.7 16.3 12.6 304.0 Rio_Grande_do_Sul DCRS -999.9 0.0 0.2 97.25 97.57 96.73 -1 -0.22 97.57 97.57 97.57 97.57
-28.995701 -51.754700 DCRS-00057 2026-09-12_13:04 16.9 -999.9 -999.9 76.4 -999.9 -999.9 12.7 -999.9 -999.9 1007.6 -999.9 -999.9 3.3 -999.9 5.2 74.0 0.0 0.2 55.2 55.4 57.6 57.6 17.4 15.2 97.2 74.5 14.2 DCRS_-_Cotiporã_-_Dois_Lajeados_(110_m) -999.9 -999.9 1008.9 1002.4 1007.6 16.3 12.6 304.0 Rio_Grande_do_Sul DCRS -999.9 0.0 0.2 97.34 97.57 96.73 -1 -0.12 97.57 97.57 97.57 97.57
-28.995701 -51.754700 DCRS-00057 2026-09-12_13:05 16.9 -999.9 -999.9 76.2 -999.9 -999.9 12.7 -999.9 -999.9 1007.6 -999.9 -999.9 2.9 -999.9 6.2 71.0 0.0 0.2 55.2 55.4 57.6 57.6 17.4 15.2 97.2 74.5 14.2 DCRS_-_Cotiporã_-_Dois_Lajeados_(110_m) -999.9 -999.9 1008.9 1002.4 1007.6 16.3 12.6 304.0 Rio_Grande_do_Sul DCRS -999.9 0.0 0.2 97.37 97.57 96.73 -1 -0.09 97.57 97.57 97.57 97.57
-28.995701 -51.754700 DCRS-00057 2026-09-12_13:06 16.9 -999.9 -999.9 77.3 -999.9 -999.9 12.9 -999.9 -999.9 1007.7 -999.9 -999.9 0.0 -999.9 6.2 70.0 0.0 0.2 55.2 55.4 57.6 57.6 17.4 15.2 97.2 74.5 14.2 DCRS_-_Cotiporã_-_Dois_Lajeados_(110_m) -999.9 -999.9 1008.9 1002.4 1007.7 16.3 12.6 304.0 Rio_Grande_do_Sul DCRS -999.9 0.0 0.2 97.3 97.57 96.73 -1 -0.12 97.57 97.57 97.57 97.57
-28.995701 -51.754700 DCRS-00057 2026-09-12_13:07 16.9 -999.9 -999.9 76.9 -999.9 -999.9 12.8 -999.9 -999.9 1007.7 -999.9 -999.9 3.6 -999.9 6.2 68.0 0.0 0.2 55.2 55.4 57.6 57.6 17.4 15.2 97.2 74.5 14.2 DCRS_-_Cotiporã_-_Dois_Lajeados_(110_m) -999.9 -999.9 1008.9 1002.4 1007.7 16.3 12.6 304.0 Rio_Grande_do_Sul DCRS -999.9 0.0 0.2 97.37 97.57 96.73 -1 -0.05 97.57 97.57 97.57 97.57
-28.995701 -51.754700 DCRS-00057 2026-09-12_13:08 16.9 -999.9 -999.9 77.3 -999.9 -999.9 12.9 -999.9 -999.9 1007.7 -999.9 -999.9 0.0 -999.9 6.2 64.0 0.0 0.2 55.2 55.4 57.6 57.6 17.4 15.2 97.2 74.5 14.2 DCRS_-_Cotiporã_-_Dois_Lajeados_(110_m) -999.9 -999.9 1008.9 1002.4 1007.7 16.3 12.6 304.0 Rio_Grande_do_Sul DCRS -999.9 0.0 0.2 97.36 97.57 96.73 -1 -0.02 97.57 97.57 97.57 97.57
-28.995701 -51.754700 DCRS-00057 2026-09-12_13:09 16.9 -999.9 -999.9 77.3 -999.9 -999.9 12.9 -999.9 -999.9 1007.7 -999.9 -999.9 0.0 -999.9 6.2 59.0 0.0 0.2 55.2 55.4 57.6 57.6 17.4 15.2 97.2 74.5 14.2 DCRS_-_Cotiporã_-_Dois_Lajeados_(110_m) -999.9 -999.9 1008.9 1002.4 1007.7 16.3 12.6 304.0 Rio_Grande_do_Sul DCRS -999.9 0.0 0.2 97.36 97.57 96.73 -1 -0.16 97.57 97.57 97.57 97.57
-28.995701 -51.754700 DCRS-00057 2026-09-12_13:10 17.0 -999.9 -999.9 78.0 -999.9 -999.9 13.1 -999.9 -999.9 1007.8 -999.9 -999.9 0.0 -999.9 6.7 60.0 0.0 0.2 55.2 55.4 57.6 57.6 17.4 15.2 97.2 74.5 14.2 DCRS_-_Cotiporã_-_Dois_Lajeados_(110_m) -999.9 -999.9 1008.9 1002.4 1007.8 16.3 12.6 304.0 Rio_Grande_do_Sul DCRS -999.9 0.0 0.2 97.38 97.57 96.73 -1 -0.04 97.57 97.57 97.57 97.57
-28.995701 -51.754700 DCRS-00057 2026-09-12_13:11 17.0 -999.9 -999.9 79.2 -999.9 -999.9 13.3 -999.9 -999.9 1008.0 -999.9 -999.9 0.0 -999.9 6.7 64.0 0.0 0.2 55.2 55.4 57.6 57.6 17.4 15.2 97.2 74.5 14.2 DCRS_-_Cotiporã_-_Dois_Lajeados_(110_m) -999.9 -999.9 1008.9 1002.4 1008.0 16.3 12.6 304.0 Rio_Grande_do_Sul DCRS -999.9 0.0 0.2 97.32 97.57 96.73 -1 -0.1 97.57 97.57 97.57 97.57
-28.995701 -51.754700 DCRS-00057 2026-09-12_13:12 17.0 -999.9 -999.9 80.7 -999.9 -999.9 -999.9 -999.9 -999.9 1008.2 -999.9 -999.9 0.0 -999.9 6.7 63.0 0.0 0.2 55.2 55.4 57.6 57.6 17.4 15.2 97.2 74.5 14.2 DCRS_-_Cotiporã_-_Dois_Lajeados_(110_m) -999.9 -999.9 1008.9 1002.4 1008.2 16.3 12.6 304.0 Rio_Grande_do_Sul DCRS -999.9 0.0 0.2 97.28 97.57 96.73 -1 -0.15 97.57 97.57 97.57 97.57
-28.995701 -51.754700 DCRS-00057 2026-09-12_13:13 17.0 -999.9 -999.9 78.2 -999.9 -999.9 13.1 -999.9 -999.9 1007.8 -999.9 -999.9 0.0 -999.9 6.7 62.0 0.0 0.2 55.2 55.4 57.6 57.6 17.4 15.2 97.2 74.5 14.2 DCRS_-_Cotiporã_-_Dois_Lajeados_(110_m) -999.9 -999.9 1008.9 1002.4 1007.8 16.3 12.6 304.0 Rio_Grande_do_Sul DCRS -999.9 0.0 0.2 97.27 97.57 96.73 -1 -0.13 97.57 97.57 97.57 97.57
-28.995701 -51.754700 DCRS-00057 2026-09-12_13:14 17.0 -999.9 -999.9 77.2 -999.9 -999.9 -999.9 -999.9 -999.9 1007.8 -999.9 -999.9 0.0 -999.9 6.7 59.0 0.0 0.2 55.2 55.4 57.6 57.6 17.4 15.2 97.2 74.5 14.2 DCRS_-_Cotiporã_-_Dois_Lajeados_(110_m) -999.9 -999.9 1008.9 1002.4 1007.8 16.3 12.6 304.0 Rio_Grande_do_Sul DCRS -999.9 0.0 0.2 97.3 97.57 96.73 -1 -0.08 97.57 97.57 97.57 97.57
-28.995701 -51.754700 DCRS-00057 2026-09-12_13:15 17.0 -999.9 -999.9 77.2 -999.9 -999.9 12.9 -999.9 -999.9 1007.7 -999.9 -999.9 0.0 -999.9 3.4 58.0 0.0 0.2 55.2 55.4 57.6 57.6 17.4 15.2 97.2 74.5 14.2 DCRS_-_Cotiporã_-_Dois_Lajeados_(110_m) -999.9 -999.9 1008.9 1002.4 1007.7 16.3 12.6 304.0 Rio_Grande_do_Sul DCRS -999.9 0.0 0.2 97.28 97.57 96.73 -1 -0.16 97.57 97.57 97.57 97.57
-28.995701 -51.754700 DCRS-00057 2026-09-12_13:16 17.0 -999.9 -999.9 77.1 -999.9 -999.9 12.9 -999.9 -999.9 1007.7 -999.9 -999.9 0.0 -999.9 3.4 56.0 0.0 0.2 55.2 55.4 57.6 57.6 17.4 15.2 97.2 74.5 14.2 DCRS_-_Cotiporã_-_Dois_Lajeados_(110_m) -999.9 -999.9 1008.9 1002.4 1007.7 16.3 12.6 304.0 Rio_Grande_do_Sul DCRS -999.9 0.0 0.2 97.33 97.57 96.73 -1 -0.06 97.57 97.57 97.57 97.57
-28.995701 -51.754700 DCRS-00057 2026-09-12_13:17 17.0 -999.9 -999.9 77.2 -999.9 -999.9 12.9 -999.9 -999.9 1007.7 -999.9 -999.9 0.0 -999.9 3.4 53.0 0.0 0.2 55.2 55.4 57.6 57.6 17.4 15.2 97.2 74.5 14.2 DCRS_-_Cotiporã_-_Dois_Lajeados_(110_m) -999.9 -999.9 1008.9 1002.4 1007.7 16.3 12.6 304.0 Rio_Grande_do_Sul DCRS -999.9 0.0 0.2 97.36 97.57 96.73 -1 -0.1 97.57 97.57 97.57 97.57
-28.995701 -51.754700 DCRS-00057 2026-09-12_13:18 17.0 -999.9 -999.9 78.8 -999.9 -999.9 13.3 -999.9 -999.9 1007.9 -999.9 -999.9 2.5 -999.9 3.4 56.0 0.0 0.2 55.2 55.4 57.6 57.6 17.4 15.2 97.2 74.5 14.2 DCRS_-_Cotiporã_-_Dois_Lajeados_(110_m) -999.9 -999.9 1008.9 1002.4 1007.9 16.3 12.6 304.0 Rio_Grande_do_Sul DCRS -999.9 0.0 0.2 97.24 97.57 96.73 -1 -0.2 97.57 97.57 97.57 97.57
-28.995701 -51.754700 DCRS-00057 2026-09-12_13:19 17.0 -999.9 -999.9 78.8 -999.9 -999.9 13.3 -999.9 -999.9 1007.9 -999.9 -999.9 3.1 -999.9 3.4 58.0 0.0 0.2 55.2 55.4 57.6 57.6 17.4 15.2 97.2 74.5 14.2 DCRS_-_Cotiporã_-_Dois_Lajeados_(110_m) -999.9 -999.9 1008.9 1002.4 1007.9 16.3 12.6 304.0 Rio_Grande_do_Sul DCRS -999.9 0.0 0.2 97.35 97.57 96.73 -1 -0.09 97.57 97.57 97.57 97.57
-28.995701 -51.754700 DCRS-00057 2026-09-12_13:20 17.0 -999.9 -999.9 77.3 -999.9 -999.9 13.0 -999.9 -999.9 1007.7 -999.9 -999.9 0.0 -999.9 4.9 60.0 0.0 0.2 55.2 55.4 57.6 57.6 17.4 15.2 97.2 74.5 14.2 DCRS_-_Cotiporã_-_Dois_Lajeados_(110_m) -999.9 -999.9 1008.9 1002.4 1007.7 16.3 12.6 304.0 Rio_Grande_do_Sul DCRS -999.9 0.0 0.2 97.39 97.57 96.73 -1 -0.02 97.57 97.57 97.57 97.57
-28.995701 -51.754700 DCRS-00057 2026-09-12_13:21 17.0 -999.9 -999.9 76.6 -999.9 -999.9 12.8 -999.9 -999.9 1007.7 -999.9 -999.9 -999.9 -999.9 4.9 63.0 0.0 0.2 55.2 55.4 57.6 57.6 17.4 15.2 97.2 74.5 14.2 DCRS_-_Cotiporã_-_Dois_Lajeados_(110_m) -999.9 -999.9 1008.9 1002.4 1007.7 16.3 12.6 304.0 Rio_Grande_do_Sul DCRS -999.9 0.0 0.2 97.3 97.57 96.73 -1 -0.11 97.57 97.57 97.57 97.57
-28.995701 -51.754700 DCRS-00057 2026-09-12_13:22 16.9 -999.9 -999.9 76.4 -999.9 -999.9 12.7 -999.9 -999.9 1007.6 -999.9 -999.9 -999.9 -999.9 4.9 63.0 0.0 0.2 55.2 55.4 57.6 57.6 17.4 15.2 97.2 74.5 14.2 DCRS_-_Cotiporã_-_Dois_Lajeados_(110_m) -999.9 -999.9 1008.9 1002.4 1007.6 16.3 12.6 304.0 Rio_Grande_do_Sul DCRS -999.9 0.0 0.2 97.35 97.57 96.73 -1 -0.14 97.57 97.57 97.57 97.57
-28.995701 -51.754700 DCRS-00057 2026-09-12_13:23 16.9 -999.9 -999.9 76.7 -999.9 -999.9 12.8 -999.9 -999.9 1007.7 -999.9 -999.9 1.9 -999.9 4.9 65.0 0.0 0.2 55.2 55.4 57.6 57.6 17.4 15.2 97.2 74.5 14.2 DCRS_-_Cotiporã_-_Dois_Lajeados_(110_m) -999.9 -999.9 1008.9 1002.4 1007.7 16.3 12.6 304.0 Rio_Grande_do_Sul DCRS -999.9 0.0 0.2 97.22 97.57 96.73 -1 -0.27 97.57 97.57 97.57 97.57
-28.995701 -51.754700 DCRS-00057 2026-09-12_13:24 16.9 -999.9 -999.9 76.9 -999.9 -999.9 12.8 -999.9 -999.9 1007.7 -999.9 -999.9 3.4 -999.9 4.9 65.0 0.0 0.2 55.2 55.4 57.6 57.6 17.4 15.2 97.2 74.5 14.2 DCRS_-_Cotiporã_-_Dois_Lajeados_(110_m) -999.9 -999.9 1008.9 1002.4 1007.7 16.3 12.6 304.0 Rio_Grande_do_Sul DCRS -999.9 0.0 0.2 97.33 97.57 96.73 -1 -0.09 97.57 97.57 97.57 97.57
-28.995701 -51.754700 DCRS-00057 2026-09-12_13:25 16.9 -999.9 -999.9 77.1 -999.9 -999.9 12.8 -999.9 -999.9 1007.7 -999.9 -999.9 1.9 -999.9 6.8 62.0 0.0 0.2 55.2 55.4 57.6 57.6 17.4 15.2 97.2 74.5 14.2 DCRS_-_Cotiporã_-_Dois_Lajeados_(110_m) -999.9 -999.9 1008.9 1002.4 1007.7 16.3 12.6 304.0 Rio_Grande_do_Sul DCRS -999.9 0.0 0.2 97.39 97.57 96.73 -1 -0.05 97.57 97.57 97.57 97.57
-28.995701 -51.754700 DCRS-00057 2026-09-12_13:26 16.9 -999.9 -999.9 77.0 -999.9 -999.9 12.8 -999.9 -999.9 1007.7 -999.9 -999.9 0.0 -999.9 6.8 63.0 0.0 0.2 55.2 55.4 57.6 57.6 17.4 15.2 97.2 74.5 14.2 DCRS_-_Cotiporã_-_Dois_Lajeados_(110_m) -999.9 -999.9 1008.9 1002.4 1007.7 16.3 12.6 304.0 Rio_Grande_do_Sul DCRS -999.9 0.0 0.2 97.28 97.57 96.73 -1 -0.09 97.57 97.57 97.57 97.57
-28.995701 -51.754700 DCRS-00057 2026-09-12_13:27 16.9 -999.9 -999.9 77.9 -999.9 -999.9 13.0 -999.9 -999.9 1007.8 -999.9 -999.9 0.0 -999.9 6.8 64.0 0.0 0.2 55.2 55.4 57.6 57.6 17.4 15.2 97.2 74.5 14.2 DCRS_-_Cotiporã_-_Dois_Lajeados_(110_m) -999.9 -999.9 1008.9 1002.4 1007.8 16.3 12.6 304.0 Rio_Grande_do_Sul DCRS -999.9 0.0 0.2 97.28 97.57 96.73 -1 -0.09 97.57 97.57 97.57 97.57
-28.995701 -51.754700 DCRS-00057 2026-09-12_13:28 16.8 -999.9 -999.9 78.1 -999.9 -999.9 12.9 -999.9 -999.9 1007.8 -999.9 -999.9 2.3 -999.9 6.8 66.0 0.0 0.2 55.2 55.4 57.6 57.6 17.4 15.2 97.2 74.5 14.2 DCRS_-_Cotiporã_-_Dois_Lajeados_(110_m) -999.9 -999.9 1008.9 1002.4 1007.8 16.3 12.6 304.0 Rio_Grande_do_Sul DCRS -999.9 0.0 0.2 97.29 97.57 96.73 -1 -0.11 97.57 97.57 97.57 97.57
-28.995701 -51.754700 DCRS-00057 2026-09-12_13:29 16.8 -999.9 -999.9 79.0 -999.9 -999.9 13.1 -999.9 -999.9 1007.9 -999.9 -999.9 2.0 -999.9 6.8 73.0 0.0 0.2 55.2 55.4 57.6 57.6 17.4 15.2 97.2 74.5 14.2 DCRS_-_Cotiporã_-_Dois_Lajeados_(110_m) -999.9 -999.9 1008.9 1002.4 1007.9 16.3 12.6 304.0 Rio_Grande_do_Sul DCRS -999.9 0.0 0.2 97.37 97.57 96.73 -1 -0.01 97.57 97.57 97.57 97.57
-28.995701 -51.754700 DCRS-00057 2026-09-12_13:30 16.8 -999.9 -999.9 78.3 -999.9 -999.9 13.0 -999.9 -999.9 1007.8 -999.9 -999.9 -999.9 -999.9 4.9 77.0 0.0 0.2 55.2 55.4 57.6 57.6 17.4 15.2 97.2 74.5 14.2 DCRS_-_Cotiporã_-_Dois_Lajeados_(110_m) -999.9 -999.9 1008.9 1002.4 1007.8 16.3 12.6 304.0 Rio_Grande_do_Sul DCRS -999.9 0.0 0.2 97.29 97.57 96.73 -1 -0.07 97.57 97.57 97.57 97.57
-28.995701 -51.754700 DCRS-00057 2026-09-12_13:31 16.7 -999.9 -999.9 78.5 -999.9 -999.9 12.9 -999.9 -999.9 1007.8 -999.9 -999.9 2.3 -999.9 4.9 83.0 0.0 0.2 55.2 55.4 57.6 57.6 17.4 15.2 97.2 74.5 14.2 DCRS_-_Cotiporã_-_Dois_Lajeados_(110_m) -999.9 -999.9 1008.9 1002.4 1007.8 16.3 12.6 304.0 Rio_Grande_do_Sul DCRS -999.9 0.0 0.2 97.29 97.57 96.73 -1 -0.07 97.57 97.57 97.57 97.57
-28.995701 -51.754700 DCRS-00057 2026-09-12_13:32 16.7 -999.9 -999.9 79.5 -999.9 -999.9 13.1 -999.9 -999.9 1008.0 -999.9 -999.9 4.4 -999.9 4.9 84.0 0.0 0.2 55.2 55.4 57.6 57.6 17.4 15.2 97.2 74.5 14.2 DCRS_-_Cotiporã_-_Dois_Lajeados_(110_m) -999.9 -999.9 1008.9 1002.4 1008.0 16.3 12.6 304.0 Rio_Grande_do_Sul DCRS -999.9 0.0 0.2 97.29 97.57 96.73 -1 -0.18 97.57 97.57 97.57 97.57
-28.995701 -51.754700 DCRS-00057 2026-09-12_13:33 16.6 -999.9 -999.9 79.4 -999.9 -999.9 13.0 -999.9 -999.9 1008.0 -999.9 -999.9 3.1 -999.9 4.9 86.0 0.0 0.2 55.2 55.4 57.6 57.6 17.4 15.2 97.2 74.5 14.2 DCRS_-_Cotiporã_-_Dois_Lajeados_(110_m) -999.9 -999.9 1008.9 1002.4 1008.0 16.3 12.6 304.0 Rio_Grande_do_Sul DCRS -999.9 0.0 0.2 97.32 97.57 96.73 -1 -0.03 97.57 97.57 97.57 97.57
-28.995701 -51.754700 DCRS-00057 2026-09-12_13:34 16.7 -999.9 -999.9 79.5 -999.9 -999.9 13.1 -999.9 -999.9 1008.0 -999.9 -999.9 -999.9 -999.9 4.9 79.0 0.0 0.2 55.2 55.4 57.6 57.6 17.4 15.2 97.2 74.5 14.2 DCRS_-_Cotiporã_-_Dois_Lajeados_(110_m) -999.9 -999.9 1008.9 1002.4 1008.0 16.3 12.6 304.0 Rio_Grande_do_Sul DCRS -999.9 0.0 0.2 97.29 97.57 96.73 -1 -0.08 97.57 97.57 97.57 97.57
-28.995701 -51.754700 DCRS-00057 2026-09-12_13:35 16.6 -999.9 -999.9 79.2 -999.9 -999.9 13.0 -999.9 -999.9 1008.0 -999.9 -999.9 4.0 -999.9 6.8 72.0 0.0 0.2 55.2 55.4 57.6 57.6 17.4 15.2 97.2 74.5 14.2 DCRS_-_Cotiporã_-_Dois_Lajeados_(110_m) -999.9 -999.9 1008.9 1002.4 1008.0 16.3 12.6 304.0 Rio_Grande_do_Sul DCRS -999.9 0.0 0.2 97.3 97.57 96.73 -1 -0.13 97.57 97.57 97.57 97.57
-28.995701 -51.754700 DCRS-00057 2026-09-12_13:36 16.6 -999.9 -999.9 78.9 -999.9 -999.9 12.9 -999.9 -999.9 1008.0 -999.9 -999.9 0.0 -999.9 6.8 74.0 0.0 0.2 55.2 55.4 57.6 57.6 17.4 15.2 97.2 74.5 14.2 DCRS_-_Cotiporã_-_Dois_Lajeados_(110_m) -999.9 -999.9 1008.9 1002.4 1008.0 16.3 12.6 304.0 Rio_Grande_do_Sul DCRS -999.9 0.0 0.2 97.37 97.57 96.73 -1 -0.02 97.57 97.57 97.57 97.57
-28.995701 -51.754700 DCRS-00057 2026-09-12_13:37 16.6 -999.9 -999.9 79.0 -999.9 -999.9 12.9 -999.9 -999.9 1008.0 -999.9 -999.9 0.0 -999.9 6.8 85.0 0.0 0.2 55.2 55.4 57.6 57.6 17.4 15.2 97.2 74.5 14.2 DCRS_-_Cotiporã_-_Dois_Lajeados_(110_m) -999.9 -999.9 1008.9 1002.4 1008.0 16.3 12.6 304.0 Rio_Grande_do_Sul DCRS -999.9 0.0 0.2 97.29 97.57 96.73 -1 -0.08 97.57 97.57 97.57 97.57
-28.995701 -51.754700 DCRS-00057 2026-09-12_13:38 16.6 -999.9 -999.9 79.3 -999.9 -999.9 -999.9 -999.9 -999.9 1008.1 -999.9 -999.9 0.0 -999.9 6.8 88.0 0.0 0.2 55.2 55.4 57.6 57.6 17.4 15.2 97.2 74.5 14.2 DCRS_-_Cotiporã_-_Dois_Lajeados_(110_m) -999.9 -999.9 1008.9 1002.4 1008.1 16.3 12.6 304.0 Rio_Grande_do_Sul DCRS -999.9 0.0 0.2 97.3 97.57 96.73 -1 -0.08 97.57 97.57 97.57 97.57
-28.995701 -51.754700 DCRS-00057 2026-09-12_13:39 16.6 -999.9 -999.9 79.8 -999.9 -999.9 -999.9 -999.9 -999.9 1008.2 -999.9 -999.9 0.0 -999.9 6.8 86.0 0.0 0.2 55.2 55.4 57.6 57.6 17.4 15.2 97.2 74.5 14.2 DCRS_-_Cotiporã_-_Dois_Lajeados_(110_m) -999.9 -999.9 1008.9 1002.4 1008.2 16.3 12.6 304.0 Rio_Grande_do_Sul DCRS -999.9 0.0 0.2 97.27 97.57 96.73 -1 -0.1 97.57 97.57 97.57 97.57
-28.995701 -51.754700 DCRS-00057 2026-09-12_13:40 16.6 -999.9 -999.9 80.5 -999.9 -999.9 13.2 -999.9 -999.9 1008.3 -999.9 -999.9 0.0 -999.9 5.6 79.0 0.0 0.2 55.2 55.4 57.6 57.6 17.4 15.2 97.2 74.5 14.2 DCRS_-_Cotiporã_-_Dois_Lajeados_(110_m) -999.9 -999.9 1008.9 1002.4 1008.3 16.3 12.6 304.0 Rio_Grande_do_Sul DCRS -999.9 0.0 0.2 97.24 97.57 96.73 -1 -0.24 97.57 97.57 97.57 97.57
-28.995701 -51.754700 DCRS-00057 2026-09-12_13:41 16.7 -999.9 -999.9 82.4 -999.9 -999.9 13.7 -999.9 -999.9 1008.6 -999.9 -999.9 0.0 -999.9 5.6 79.0 0.0 0.2 55.2 55.4 57.6 57.6 17.4 15.2 97.2 74.5 14.2 DCRS_-_Cotiporã_-_Dois_Lajeados_(110_m) -999.9 -999.9 1008.9 1002.4 1008.6 16.3 12.6 304.0 Rio_Grande_do_Sul DCRS -999.9 0.0 0.2 97.26 97.57 96.73 -1 -0.15 97.57 97.57 97.57 97.57
-28.995701 -51.754700 DCRS-00057 2026-09-12_13:42 16.7 -999.9 -999.9 83.2 -999.9 -999.9 13.8 -999.9 -999.9 1008.8 -999.9 -999.9 0.0 -999.9 5.6 76.0 0.0 0.2 55.2 55.4 57.6 57.6 17.4 15.2 97.2 74.5 14.2 DCRS_-_Cotiporã_-_Dois_Lajeados_(110_m) -999.9 -999.9 1008.9 1002.4 1008.8 16.3 12.6 304.0 Rio_Grande_do_Sul DCRS -999.9 0.0 0.2 97.26 97.57 96.73 -1 -0.15 97.57 97.57 97.57 97.57
-28.995701 -51.754700 DCRS-00057 2026-09-12_13:43 16.8 -999.9 -999.9 81.4 -999.9 -999.9 13.6 -999.9 -999.9 1008.5 -999.9 -999.9 0.0 -999.9 5.6 70.0 0.0 0.2 55.2 55.4 57.6 57.6 17.4 15.2 97.2 74.5 14.2 DCRS_-_Cotiporã_-_Dois_Lajeados_(110_m) -999.9 -999.9 1008.9 1002.4 1008.5 16.3 12.6 304.0 Rio_Grande_do_Sul DCRS -999.9 0.0 0.2 97.29 97.57 96.73 -1 -0.06 97.57 97.57 97.57 97.57
-28.995701 -51.754700 DCRS-00057 2026-09-12_13:44 16.8 -999.9 -999.9 81.7 -999.9 -999.9 13.6 -999.9 -999.9 1008.6 -999.9 -999.9 0.0 -999.9 5.6 67.0 0.0 0.2 55.2 55.4 57.6 57.6 17.4 15.2 97.2 74.5 14.2 DCRS_-_Cotiporã_-_Dois_Lajeados_(110_m) -999.9 -999.9 1008.9 1002.4 1008.6 16.3 12.6 304.0 Rio_Grande_do_Sul DCRS -999.9 0.0 0.2 97.22 97.57 96.73 -1 -0.14 97.57 97.57 97.57 97.57
-28.995701 -51.754700 DCRS-00057 2026-09-12_13:45 16.8 -999.9 -999.9 81.5 -999.9 -999.9 13.6 -999.9 -999.9 1008.5 -999.9 -999.9 0.0 -999.9 0.0 65.0 0.0 0.2 55.2 55.4 57.6 57.6 17.4 15.2 97.2 74.5 14.2 DCRS_-_Cotiporã_-_Dois_Lajeados_(110_m) -999.9 -999.9 1008.9 1002.4 1008.5 16.3 12.6 304.0 Rio_Grande_do_Sul DCRS -999.9 0.0 0.2 97.32 97.57 96.73 -1 -0.08 97.57 97.57 97.57 97.57
-28.995701 -51.754700 DCRS-00057 2026-09-12_13:46 16.9 -999.9 -999.9 82.2 -999.9 -999.9 13.8 -999.9 -999.9 1008.7 -999.9 -999.9 0.0 -999.9 0.0 66.0 0.0 0.2 55.2 55.4 57.6 57.6 17.4 15.2 97.2 74.5 14.2 DCRS_-_Cotiporã_-_Dois_Lajeados_(110_m) -999.9 -999.9 1008.9 1002.4 1008.7 16.3 12.6 304.0 Rio_Grande_do_Sul DCRS -999.9 0.0 0.2 97.3 97.57 96.73 -1 -0.1 97.57 97.57 97.57 97.57
-28.995701 -51.754700 DCRS-00057 2026-09-12_13:47 16.9 -999.9 -999.9 81.3 -999.9 -999.9 13.7 -999.9 -999.9 1008.5 -999.9 -999.9 -999.9 -999.9 0.0 63.0 0.0 0.2 55.2 55.4 57.6 57.6 17.4 15.2 97.2 74.5 14.2 DCRS_-_Cotiporã_-_Dois_Lajeados_(110_m) -999.9 -999.9 1008.9 1002.4 1008.5 16.3 12.6 304.0 Rio_Grande_do_Sul DCRS -999.9 0.0 0.2 97.33 97.57 96.73 -1 -0.02 97.57 97.57 97.57 97.57
-28.995701 -51.754700 DCRS-00057 2026-09-12_13:48 16.8 -999.9 -999.9 80.6 -999.9 -999.9 13.4 -999.9 -999.9 1008.4 -999.9 -999.9 -999.9 -999.9 0.0 65.0 0.0 0.2 55.2 55.4 57.6 57.6 17.4 15.2 97.2 74.5 14.2 DCRS_-_Cotiporã_-_Dois_Lajeados_(110_m) -999.9 -999.9 1008.9 1002.4 1008.4 16.3 12.6 304.0 Rio_Grande_do_Sul DCRS -999.9 0.0 0.2 97.23 97.57 96.73 -1 -0.07 97.57 97.57 97.57 97.57
-28.995701 -51.754700 DCRS-00057 2026-09-12_13:49 16.8 -999.9 -999.9 82.5 -999.9 -999.9 13.8 -999.9 -999.9 1008.7 -999.9 -999.9 0.0 -999.9 0.0 66.0 0.0 0.2 55.2 55.4 57.6 57.6 17.4 15.2 97.2 74.5 14.2 DCRS_-_Cotiporã_-_Dois_Lajeados_(110_m) -999.9 -999.9 1008.9 1002.4 1008.7 16.3 12.6 304.0 Rio_Grande_do_Sul DCRS -999.9 0.0 0.2 97.26 97.57 96.73 -1 -0.04 97.57 97.57 97.57 97.57
-28.995701 -51.754700 DCRS-00057 2026-09-12_13:50 16.7 -999.9 -999.9 80.4 -999.9 -999.9 13.3 -999.9 -999.9 1008.4 -999.9 -999.9 -999.9 -999.9 5.3 66.0 0.0 0.2 55.2 55.4 57.6 57.6 17.4 15.2 97.2 74.5 14.2 DCRS_-_Cotiporã_-_Dois_Lajeados_(110_m) -999.9 -999.9 1008.9 1002.4 1008.4 16.3 12.6 304.0 Rio_Grande_do_Sul DCRS -999.9 0.0 0.2 97.36 97.57 96.73 -1 0.03 97.57 97.57 97.57 97.57
-28.995701 -51.754700 DCRS-00057 2026-09-12_13:51 16.6 -999.9 -999.9 80.1 -999.9 -999.9 13.1 -999.9 -999.9 1008.4 -999.9 -999.9 -999.9 -999.9 5.3 67.0 0.0 0.2 55.2 55.4 57.6 57.6 17.4 15.2 97.2 74.5 14.2 DCRS_-_Cotiporã_-_Dois_Lajeados_(110_m) -999.9 -999.9 1008.9 1002.4 1008.4 16.3 12.6 304.0 Rio_Grande_do_Sul DCRS -999.9 0.0 0.2 97.33 97.57 96.73 -1 0.0 97.57 97.57 97.57 97.57
-28.995701 -51.754700 DCRS-00057 2026-09-12_13:52 16.6 -999.9 -999.9 80.8 -999.9 -999.9 13.3 -999.9 -999.9 1008.4 -999.9 -999.9 -999.9 -999.9 5.3 65.0 0.0 0.2 55.2 55.4 57.6 57.6 17.4 15.2 97.2 74.5 14.2 DCRS_-_Cotiporã_-_Dois_Lajeados_(110_m) -999.9 -999.9 1008.9 1002.4 1008.4 16.3 12.6 304.0 Rio_Grande_do_Sul DCRS -999.9 0.0 0.2 97.32 97.57 96.73 -1 0.04 97.57 97.57 97.57 97.57
-28.995701 -51.754700 DCRS-00057 2026-09-12_13:53 16.6 -999.9 -999.9 80.9 -999.9 -999.9 13.3 -999.9 -999.9 1008.5 -999.9 -999.9 4.8 -999.9 5.3 65.0 0.0 0.2 55.2 55.4 57.6 57.6 17.4 15.2 97.2 74.5 14.2 DCRS_-_Cotiporã_-_Dois_Lajeados_(110_m) -999.9 -999.9 1008.9 1002.4 1008.5 16.3 12.6 304.0 Rio_Grande_do_Sul DCRS -999.9 0.0 0.2 97.24 97.57 96.73 -1 -0.13 97.57 97.57 97.57 97.57
-28.995701 -51.754700 DCRS-00057 2026-09-12_13:54 16.5 -999.9 -999.9 81.1 -999.9 -999.9 13.2 -999.9 -999.9 1008.5 -999.9 -999.9 2.1 -999.9 5.3 66.0 0.0 0.2 55.2 55.4 57.6 57.6 17.4 15.2 97.2 74.5 14.2 DCRS_-_Cotiporã_-_Dois_Lajeados_(110_m) -999.9 -999.9 1008.9 1002.4 1008.5 16.3 12.6 304.0 Rio_Grande_do_Sul DCRS -999.9 0.0 0.2 97.24 97.57 96.73 -1 -0.16 97.57 97.57 97.57 97.57
-28.995701 -51.754700 DCRS-00057 2026-09-12_13:55 16.4 -999.9 -999.9 80.9 -999.9 -999.9 13.1 -999.9 -999.9 1008.5 -999.9 -999.9 8.6 -999.9 10.4 65.0 0.0 0.2 55.2 55.4 57.6 57.6 17.4 15.2 97.2 74.5 14.2 DCRS_-_Cotiporã_-_Dois_Lajeados_(110_m) -999.9 -999.9 1008.9 1002.4 1008.5 16.3 12.6 304.0 Rio_Grande_do_Sul DCRS -999.9 0.0 0.2 97.25 97.57 96.73 -1 -0.1 97.57 97.57 97.57 97.57
-28.995701 -51.754700 DCRS-00057 2026-09-12_13:56 16.4 -999.9 -999.9 81.7 -999.9 -999.9 13.2 -999.9 -999.9 1008.6 -999.9 -999.9 1.8 -999.9 10.4 66.0 0.0 0.2 55.2 55.4 57.6 57.6 17.4 15.2 97.2 74.5 14.2 DCRS_-_Cotiporã_-_Dois_Lajeados_(110_m) -999.9 -999.9 1008.9 1002.4 1008.6 16.3 12.6 304.0 Rio_Grande_do_Sul DCRS -999.9 0.0 0.2 97.29 97.57 96.73 -1 -0.08 97.57 97.57 97.57 97.57
-28.995701 -51.754700 DCRS-00057 2026-09-12_13:57 16.4 -999.9 -999.9 81.6 -999.9 -999.9 13.2 -999.9 -999.9 1008.6 -999.9 -999.9 3.0 -999.9 10.4 67.0 0.0 0.2 55.2 55.4 57.6 57.6 17.4 15.2 97.2 74.5 14.2 DCRS_-_Cotiporã_-_Dois_Lajeados_(110_m) -999.9 -999.9 1008.9 1002.4 1008.6 16.3 12.6 304.0 Rio_Grande_do_Sul DCRS -999.9 0.0 0.2 97.32 97.57 96.73 -1 -0.07 97.57 97.57 97.57 97.57
-28.995701 -51.754700 DCRS-00057 2026-09-12_13:58 16.3 -999.9 -999.9 81.6 -999.9 -999.9 13.1 -999.9 -999.9 1008.6 -999.9 -999.9 4.2 -999.9 10.4 74.0 0.0 0.2 55.2 55.4 57.6 57.6 17.4 15.2 97.2 74.5 14.2 DCRS_-_Cotiporã_-_Dois_Lajeados_(110_m) -999.9 -999.9 1008.9 1002.4 1008.6 16.3 12.6 304.0 Rio_Grande_do_Sul DCRS -999.9 0.0 0.2 97.27 97.57 96.73 -1 -0.04 97.57 97.57 97.57 97.57
-28.995701 -51.754700 DCRS-00057 2026-09-12_13:59 16.3 -999.9 -999.9 81.9 -999.9 -999.9 13.2 -999.9 -999.9 1008.7 -999.9 -999.9 0.0 -999.9 10.4 77.0 0.0 0.2 55.2 55.4 57.6 57.6 17.4 15.2 97.2 74.5 14.2 DCRS_-_Cotiporã_-_Dois_Lajeados_(110_m) -999.9 -999.9 1008.9 1002.4 1008.7 16.3 12.6 304.0 Rio_Grande_do_Sul DCRS -999.9 0.0 0.2 97.22 97.57 96.73 -1 -0.03 97.57 97.57 97.57 97.57
-28.995701 -51.754700 DCRS-00057 2026-09-12_14:00 16.3 -999.9 -999.9 82.8 -999.9 -999.9 13.3 -999.9 -999.9 1008.8 -999.9 -999.9 2.8 -999.9 9.1 84.0 0.0 0.2 55.2 55.4 57.6 57.6 17.4 15.2 97.2 74.5 14.2 DCRS_-_Cotiporã_-_Dois_Lajeados_(110_m) -999.9 -999.9 1008.9 1002.4 1008.8 16.3 12.6 304.0 Rio_Grande_do_Sul DCRS -999.9 0.0 0.2 97.25 97.57 96.73 -1 -0.12 97.57 97.57 97.57 97.57
-28.995701 -51.754700 DCRS-00057 2026-09-12_14:01 16.3 -999.9 -999.9 81.9 -999.9 -999.9 13.2 -999.9 -999.9 1008.7 -999.9 -999.9 8.3 -999.9 9.1 83.0 0.0 0.2 55.2 55.4 57.6 57.6 17.4 15.2 97.2 74.5 14.2 DCRS_-_Cotiporã_-_Dois_Lajeados_(110_m) -999.9 -999.9 1008.9 1002.4 1008.7 16.3 12.6 304.0 Rio_Grande_do_Sul DCRS -999.9 0.0 0.2 97.27 97.57 96.73 -1 -0.02 97.57 97.57 97.57 97.57
-28.995701 -51.754700 DCRS-00057 2026-09-12_14:02 16.3 -999.9 -999.9 81.9 -999.9 -999.9 -999.9 -999.9 -999.9 1008.7 -999.9 -999.9 3.0 -999.9 9.1 84.0 0.0 0.2 55.2 55.4 57.6 57.6 17.4 15.2 97.2 74.5 14.2 DCRS_-_Cotiporã_-_Dois_Lajeados_(110_m) -999.9 -999.9 1008.9 1002.4 1008.7 16.3 12.6 304.0 Rio_Grande_do_Sul DCRS -999.9 0.0 0.2 97.31 97.57 96.73 -1 0.02 97.57 97.57 97.57 97.57
-28.995701 -51.754700 DCRS-00057 2026-09-12_14:03 16.3 -999.9 -999.9 82.4 -999.9 -999.9 13.3 -999.9 -999.9 1008.8 -999.9 -999.9 4.6 -999.9 9.1 85.0 0.0 0.2 55.2 55.4 57.6 57.6 17.4 15.2 97.2 74.5 14.2 DCRS_-_Cotiporã_-_Dois_Lajeados_(110_m) -999.9 -999.9 1008.9 1002.4 1008.8 16.3 12.6 304.0 Rio_Grande_do_Sul DCRS -999.9 0.0 0.2 97.23 97.57 96.73 -1 -0.11 97.57 97.57 97.57 97.57
-28.995701 -51.754700 DCRS-00057 2026-09-12_14:04 16.3 -999.9 -999.9 82.9 -999.9 -999.9 13.4 -999.9 -999.9 1008.9 -999.9 -999.9 5.8 -999.9 9.1 82.0 0.0 0.2 55.2 55.4 57.6 57.6 17.4 15.2 97.2 74.5 14.2 DCRS_-_Cotiporã_-_Dois_Lajeados_(110_m) -999.9 -999.9 1008.9 1002.4 1008.9 16.3 12.6 304.0 Rio_Grande_do_Sul DCRS -999.9 0.0 0.2 97.23 97.57 96.73 -1 -0.11 97.57 97.57 97.57 97.57
-28.995701 -51.754700 DCRS-00057 2026-09-12_14:05 16.2 -999.9 -999.9 82.6 -999.9 -999.9 13.2 -999.9 -999.9 1008.9 -999.9 -999.9 2.6 -999.9 10.2 73.0 0.0 0.2 55.2 55.4 57.6 57.6 17.4 15.2 97.2 74.5 14.2 DCRS_-_Cotiporã_-_Dois_Lajeados_(110_m) -999.9 -999.9 1008.9 1002.4 1008.9 16.3 12.6 304.0 Rio_Grande_do_Sul DCRS -999.9 0.0 0.2 97.22 97.57 96.73 -1 -0.15 97.57 97.57 97.57 97.57
-28.995701 -51.754700 DCRS-00057 2026-09-12_14:06 16.2 -999.9 -999.9 82.8 -999.9 -999.9 13.2 -999.9 -999.9 1008.9 -999.9 -999.9 2.7 -999.9 10.2 69.0 0.0 0.2 55.2 55.4 57.6 57.6 17.4 15.2 97.2 74.5 14.2 DCRS_-_Cotiporã_-_Dois_Lajeados_(110_m) -999.9 -999.9 1008.9 1002.4 1008.9 16.3 12.6 304.0 Rio_Grande_do_Sul DCRS -999.9 0.0 0.2 97.22 97.57 96.73 -1 -0.08 97.57 97.57 97.57 97.57
-28.995701 -51.754700 DCRS-00057 2026-09-12_14:07 16.2 -999.9 -999.9 82.9 -999.9 -999.9 13.3 -999.9 -999.9 1008.9 -999.9 -999.9 2.1 -999.9 10.2 69.0 0.0 0.2 55.2 55.4 57.6 57.6 17.4 15.2 97.2 74.5 14.2 DCRS_-_Cotiporã_-_Dois_Lajeados_(110_m) -999.9 -999.9 1008.9 1002.4 1008.9 16.3 12.6 304.0 Rio_Grande_do_Sul DCRS -999.9 0.0 0.2 97.26 97.57 96.73 -1 -0.1 97.57 97.57 97.57 97.57
-28.995701 -51.754700 DCRS-00057 2026-09-12_14:08 16.2 -999.9 -999.9 83.3 -999.9 -999.9 13.3 -999.9 -999.9 1009.0 -999.9 -999.9 0.0 -999.9 10.2 68.0 0.0 0.2 55.2 55.4 57.6 57.6 17.4 15.2 97.2 74.5 14.2 DCRS_-_Cotiporã_-_Dois_Lajeados_(110_m) -999.9 -999.9 1009.0 1002.4 1009.0 16.3 12.6 304.0 Rio_Grande_do_Sul DCRS -999.9 0.0 0.2 97.27 97.57 96.73 -1 -0.09 97.57 97.57 97.57 97.57
-28.995701 -51.754700 DCRS-00057 2026-09-12_14:09 16.2 -999.9 -999.9 84.3 -999.9 -999.9 13.5 -999.9 -999.9 1009.2 -999.9 -999.9 0.0 -999.9 10.2 61.0 0.0 0.2 55.2 55.4 57.6 57.6 17.4 15.2 97.2 74.5 14.2 DCRS_-_Cotiporã_-_Dois_Lajeados_(110_m) -999.9 -999.9 1009.2 1002.4 1009.2 16.3 12.6 304.0 Rio_Grande_do_Sul DCRS -999.9 0.0 0.2 97.23 97.57 96.73 -1 -0.13 97.57 97.57 97.57 97.57
-28.995701 -51.754700 DCRS-00057 2026-09-12_14:10 16.2 -999.9 -999.9 84.6 -999.9 -999.9 -999.9 -999.9 -999.9 1009.3 -999.9 -999.9 0.0 -999.9 8.5 57.0 0.0 0.2 55.2 55.4 57.6 57.6 17.4 15.2 97.2 74.5 14.2 DCRS_-_Cotiporã_-_Dois_Lajeados_(110_m) -999.9 -999.9 1009.3 1002.4 1009.3 16.3 12.6 304.0 Rio_Grande_do_Sul DCRS -999.9 0.0 0.2 97.22 97.57 96.73 -1 -0.16 97.57 97.57 97.57 97.57
-28.995701 -51.754700 DCRS-00057 2026-09-12_14:11 16.2 -999.9 -999.9 84.4 -999.9 -999.9 13.5 -999.9 -999.9 1009.3 -999.9 -999.9 3.9 -999.9 8.5 55.0 0.0 0.2 55.2 55.4 57.6 57.6 17.4 15.2 97.2 74.5 14.2 DCRS_-_Cotiporã_-_Dois_Lajeados_(110_m) -999.9 -999.9 1009.3 1002.4 1009.3 16.3 12.6 304.0 Rio_Grande_do_Sul DCRS -999.9 0.0 0.2 97.3 97.57 96.73 -1 -0.02 97.57 97.57 97.57 97.57
-28.995701 -51.754700 DCRS-00057 2026-09-12_14:13 16.2 -999.9 -999.9 84.3 -999.9 -999.9 13.5 -999.9 -999.9 1009.3 -999.9 -999.9 3.8 -999.9 8.5 57.0 0.0 0.2 55.2 55.4 57.6 57.6 17.4 15.2 97.2 74.5 14.2 DCRS_-_Cotiporã_-_Dois_Lajeados_(110_m) -999.9 -999.9 1009.3 1002.4 1009.3 16.3 12.6 304.0 Rio_Grande_do_Sul DCRS -999.9 0.0 0.2 97.27 97.57 96.73 -1 0.0 97.57 97.57 97.57 97.57
-28.995701 -51.754700 DCRS-00057 2026-09-12_14:14 16.2 -999.9 -999.9 84.3 -999.9 -999.9 13.5 -999.9 -999.9 1009.2 -999.9 -999.9 0.0 -999.9 8.5 54.0 0.0 0.2 55.2 55.4 57.6 57.6 17.4 15.2 97.2 74.5 14.2 DCRS_-_Cotiporã_-_Dois_Lajeados_(110_m) -999.9 -999.9 1009.3 1002.4 1009.2 16.3 12.6 304.0 Rio_Grande_do_Sul DCRS -999.9 0.0 0.2 97.28 97.57 96.73 -1 -0.02 97.57 97.57 97.57 97.57
-28.995701 -51.754700 DCRS-00057 2026-09-12_14:15 16.1 -999.9 -999.9 84.8 -999.9 -999.9 13.5 -999.9 -999.9 1009.4 -999.9 -999.9 0.0 -999.9 5.9 57.0 0.0 0.2 55.2 55.4 57.6 57.6 17.4 15.2 97.2 74.5 14.2 DCRS_-_Cotiporã_-_Dois_Lajeados_(110_m) -999.9 -999.9 1009.4 1002.4 1009.4 16.3 12.6 304.0 Rio_Grande_do_Sul DCRS -999.9 0.0 0.2 97.28 97.57 96.73 -1 0.0 97.57 97.57 97.57 97.57
-28.995701 -51.754700 DCRS-00057 2026-09-12_14:16 16.1 -999.9 -999.9 85.5 -999.9 -999.9 13.6 -999.9 -999.9 1009.5 -999.9 -999.9 3.2 -999.9 5.9 57.0 0.0 0.2 55.2 55.4 57.6 57.6 17.4 15.2 97.2 74.5 14.2 DCRS_-_Cotiporã_-_Dois_Lajeados_(110_m) -999.9 -999.9 1009.5 1002.4 1009.5 16.3 12.6 304.0 Rio_Grande_do_Sul DCRS -999.9 0.0 0.2 97.26 97.57 96.73 -1 -0.1 97.57 97.57 97.57 97.57
-28.995701 -51.754700 DCRS-00057 2026-09-12_14:17 16.0 -999.9 -999.9 85.4 -999.9 -999.9 13.5 -999.9 -999.9 1009.5 -999.9 -999.9 3.5 -999.9 5.9 50.0 0.0 0.2 55.2 55.4 57.6 57.6 17.4 15.2 97.2 74.5 14.2 DCRS_-_Cotiporã_-_Dois_Lajeados_(110_m) -999.9 -999.9 1009.5 1002.4 1009.5 16.3 12.6 304.0 Rio_Grande_do_Sul DCRS -999.9 0.0 0.2 97.21 97.57 96.73 -1 -0.15 97.57 97.57 97.57 97.57
-28.995701 -51.754700 DCRS-00057 2026-09-12_14:18 16.0 -999.9 -999.9 86.0 -999.9 -999.9 13.6 -999.9 -999.9 1009.6 -999.9 -999.9 0.0 -999.9 5.9 49.0 0.0 0.2 55.2 55.4 57.6 57.6 17.4 15.2 97.2 74.5 14.2 DCRS_-_Cotiporã_-_Dois_Lajeados_(110_m) -999.9 -999.9 1009.6 1002.4 1009.6 16.3 12.6 304.0 Rio_Grande_do_Sul DCRS -999.9 0.0 0.2 97.25 97.57 96.73 -1 0.01 97.57 97.57 97.57 97.57
-28.995701 -51.754700 DCRS-00057 2026-09-12_14:19 15.9 -999.9 -999.9 86.5 -999.9 -999.9 13.6 -999.9 -999.9 1009.7 -999.9 -999.9 0.0 -999.9 5.9 49.0 0.0 0.2 55.2 55.4 57.6 57.6 17.4 15.2 97.2 74.5 14.2 DCRS_-_Cotiporã_-_Dois_Lajeados_(110_m) -999.9 -999.9 1009.7 1002.4 1009.7 16.3 12.6 304.0 Rio_Grande_do_Sul DCRS -999.9 0.0 0.2 97.29 97.57 96.73 -1 -0.06 97.57 97.57 97.57 97.57
-28.995701 -51.754700 DCRS-00057 2026-09-12_14:20 15.8 -999.9 -999.9 86.6 -999.9 -999.9 -999.9 -999.9 -999.9 1009.8 -999.9 -999.9 3.5 -999.9 8.6 55.0 0.0 0.2 55.2 55.4 57.6 57.6 17.4 15.2 97.2 74.5 14.2 DCRS_-_Cotiporã_-_Dois_Lajeados_(110_m) -999.9 -999.9 1009.8 1002.4 1009.8 16.3 12.6 304.0 Rio_Grande_do_Sul DCRS -999.9 0.0 0.2 97.26 97.57 96.73 -1 -0.13 97.57 97.57 97.57 97.57
-28.995701 -51.754700 DCRS-00057 2026-09-12_14:21 15.8 -999.9 -999.9 87.2 -999.9 -999.9 13.7 -999.9 -999.9 1009.9 -999.9 -999.9 0.0 -999.9 8.6 63.0 0.0 0.2 55.2 55.4 57.6 57.6 17.4 15.2 97.2 74.5 14.2 DCRS_-_Cotiporã_-_Dois_Lajeados_(110_m) -999.9 -999.9 1009.9 1002.4 1009.9 16.3 12.6 304.0 Rio_Grande_do_Sul DCRS -999.9 0.0 0.2 97.24 97.57 96.73 -1 -0.06 97.57 97.57 97.57 97.57
-28.995701 -51.754700 DCRS-00057 2026-09-12_14:22 15.8 -999.9 -999.9 87.8 -999.9 -999.9 13.8 -999.9 -999.9 1010.0 -999.9 -999.9 0.0 -999.9 8.6 68.0 0.0 0.2 55.2 55.4 57.6 57.6 17.4 15.2 97.2 74.5 14.2 DCRS_-_Cotiporã_-_Dois_Lajeados_(110_m) -999.9 -999.9 1010.0 1002.4 1010.0 16.3 12.6 304.0 Rio_Grande_do_Sul DCRS -999.9 0.0 0.2 97.28 97.57 96.73 -1 0.06 97.57 97.57 97.57 97.57
-28.995701 -51.754700 DCRS-00057 2026-09-12_14:23 15.7 -999.9 -999.9 87.9 -999.9 -999.9 13.7 -999.9 -999.9 1010.1 -999.9 -999.9 0.0 -999.9 8.6 65.0 0.0 0.2 55.2 55.4 57.6 57.6 17.4 15.2 97.2 74.5 14.2 DCRS_-_Cotiporã_-_Dois_Lajeados_(110_m) -999.9 -999.9 1010.1 1002.4 1010.1 16.3 12.6 304.0 Rio_Grande_do_Sul DCRS -999.9 0.0 0.2 97.26 97.57 96.73 -1 -0.07 97.57 97.57 97.57 97.57
-28.995701 -51.754700 DCRS-00057 2026-09-12_14:24 15.7 -999.9 -999.9 88.2 -999.9 -999.9 13.7 -999.9 -999.9 1010.1 -999.9 -999.9 0.0 -999.9 8.6 62.0 0.0 0.2 55.2 55.4 57.6 57.6 17.4 15.2 97.2 74.5 14.2 DCRS_-_Cotiporã_-_Dois_Lajeados_(110_m) -999.9 -999.9 1010.1 1002.4 1010.1 16.3 12.6 304.0 Rio_Grande_do_Sul DCRS -999.9 0.0 0.2 97.3 97.57 96.73 -1 -0.03 97.57 97.57 97.57 97.57
-28.995701 -51.754700 DCRS-00057 2026-09-12_14:25 15.7 -999.9 -999.9 87.7 -999.9 -999.9 13.6 -999.9 -999.9 1010.0 -999.9 -999.9 0.0 -999.9 6.1 58.0 0.0 0.2 55.2 55.4 57.6 57.6 17.4 15.2 97.2 74.5 14.2 DCRS_-_Cotiporã_-_Dois_Lajeados_(110_m) -999.9 -999.9 1010.1 1002.4 1010.0 16.3 12.6 304.0 Rio_Grande_do_Sul DCRS -999.9 0.0 0.2 97.27 97.57 96.73 -1 -0.12 97.57 97.57 97.57 97.57
-28.995701 -51.754700 DCRS-00057 2026-09-12_14:26 15.7 -999.9 -999.9 87.9 -999.9 -999.9 13.7 -999.9 -999.9 1010.0 -999.9 -999.9 0.0 -999.9 6.1 59.0 0.0 0.2 55.2 55.4 57.6 57.6 17.4 15.2 97.2 74.5 14.2 DCRS_-_Cotiporã_-_Dois_Lajeados_(110_m) -999.9 -999.9 1010.1 1002.4 1010.0 16.3 12.6 304.0 Rio_Grande_do_Sul DCRS -999.9 0.0 0.2 97.24 97.57 96.73 -1 -0.04 97.57 97.57 97.57 97.57
-28.995701 -51.754700 DCRS-00057 2026-09-12_14:27 15.6 -999.9 -999.9 88.4 -999.9 -999.9 13.7 -999.9 -999.9 1010.1 -999.9 -999.9 0.0 -999.9 6.1 63.0 0.0 0.2 55.2 55.4 57.6 57.6 17.4 15.2 97.2 74.5 14.2 DCRS_-_Cotiporã_-_Dois_Lajeados_(110_m) -999.9 -999.9 1010.1 1002.4 1010.1 16.3 12.6 304.0 Rio_Grande_do_Sul DCRS -999.9 0.0 0.2 97.2 97.57 96.73 -1 -0.09 97.57 97.57 97.57 97.57
-28.995701 -51.754700 DCRS-00057 2026-09-12_14:28 15.7 -999.9 -999.9 88.3 -999.9 -999.9 13.8 -999.9 -999.9 1010.1 -999.9 -999.9 0.0 -999.9 6.1 65.0 0.0 0.2 55.2 55.4 57.6 57.6 17.4 15.2 97.2 74.5 14.2 DCRS_-_Cotiporã_-_Dois_Lajeados_(110_m) -999.9 -999.9 1010.1 1002.4 1010.1 16.3 12.6 304.0 Rio_Grande_do_Sul DCRS -999.9 0.0 0.2 97.2 97.57 96.73 -1 -0.09 97.57 97.57 97.57 97.57
-28.995701 -51.754700 DCRS-00057 2026-09-12_14:29 15.6 -999.9 -999.9 87.8 -999.9 -999.9 13.6 -999.9 -999.9 1010.0 -999.9 -999.9 -999.9 -999.9 6.1 67.0 0.0 0.2 55.2 55.4 57.6 57.6 17.4 15.2 97.2 74.5 14.2 DCRS_-_Cotiporã_-_Dois_Lajeados_(110_m) -999.9 -999.9 1010.1 1002.4 1010.0 16.3 12.6 304.0 Rio_Grande_do_Sul DCRS -999.9 0.0 0.2 97.24 97.57 96.73 -1 -0.13 97.57 97.57 97.57 97.57
-28.995701 -51.754700 DCRS-00057 2026-09-12_14:30 15.6 -999.9 -999.9 87.8 -999.9 -999.9 13.6 -999.9 -999.9 1010.0 -999.9 -999.9 5.1 -999.9 11.5 77.0 0.0 0.2 55.2 55.4 57.6 57.6 17.4 15.2 97.2 74.5 14.2 DCRS_-_Cotiporã_-_Dois_Lajeados_(110_m) -999.9 -999.9 1010.1 1002.4 1010.0 16.3 12.6 304.0 Rio_Grande_do_Sul DCRS -999.9 0.0 0.2 97.21 97.57 96.73 -1 -0.08 97.57 97.57 97.57 97.57
-28.995701 -51.754700 DCRS-00057 2026-09-12_14:31 15.5 -999.9 -999.9 87.3 -999.9 -999.9 13.4 -999.9 -999.9 1010.0 -999.9 -999.9 4.4 -999.9 11.5 76.0 0.0 0.2 55.2 55.4 57.6 57.6 17.4 15.2 97.2 74.5 14.2 DCRS_-_Cotiporã_-_Dois_Lajeados_(110_m) -999.9 -999.9 1010.1 1002.4 1010.0 16.3 12.6 304.0 Rio_Grande_do_Sul DCRS -999.9 0.0 0.2 97.22 97.57 96.73 -1 -0.07 97.57 97.57 97.57 97.57
-28.995701 -51.754700 DCRS-00057 2026-09-12_14:32 15.5 -999.9 -999.9 87.3 -999.9 -999.9 13.4 -999.9 -999.9 1010.0 -999.9 -999.9 4.1 -999.9 11.5 66.0 0.0 0.2 55.2 55.4 57.6 57.6 17.4 15.2 97.2 74.5 14.2 DCRS_-_Cotiporã_-_Dois_Lajeados_(110_m) -999.9 -999.9 1010.1 1002.4 1010.0 16.3 12.6 304.0 Rio_Grande_do_Sul DCRS -999.9 0.0 0.2 97.26 97.57 96.73 -1 -0.03 97.57 97.57 97.57 97.57
-28.995701 -51.754700 DCRS-00057 2026-09-12_14:33 15.5 -999.9 -999.9 87.4 -999.9 -999.9 13.4 -999.9 -999.9 1010.0 -999.9 -999.9 0.0 -999.9 11.5 66.0 0.0 0.2 55.2 55.4 57.6 57.6 17.4 15.2 97.2 74.5 14.2 DCRS_-_Cotiporã_-_Dois_Lajeados_(110_m) -999.9 -999.9 1010.1 1002.4 1010.0 16.3 12.6 304.0 Rio_Grande_do_Sul DCRS -999.9 0.0 0.2 97.21 97.57 96.73 -1 -0.11 97.57 97.57 97.57 97.57
-28.995701 -51.754700 DCRS-00057 2026-09-12_14:34 15.5 -999.9 -999.9 87.8 -999.9 -999.9 13.5 -999.9 -999.9 1010.1 -999.9 -999.9 2.2 -999.9 11.5 73.0 0.0 0.2 55.2 55.4 57.6 57.6 17.4 15.2 97.2 74.5 14.2 DCRS_-_Cotiporã_-_Dois_Lajeados_(110_m) -999.9 -999.9 1010.1 1002.4 1010.1 16.3 12.6 304.0 Rio_Grande_do_Sul DCRS -999.9 0.0 0.2 97.24 97.57 96.73 -1 -0.06 97.57 97.57 97.57 97.57
-28.995701 -51.754700 DCRS-00057 2026-09-12_14:35 15.5 -999.9 -999.9 88.2 -999.9 -999.9 -999.9 -999.9 -999.9 1010.2 -999.9 -999.9 2.5 -999.9 7.5 79.0 0.0 0.2 55.2 55.4 57.6 57.6 17.4 15.2 97.2 74.5 14.2 DCRS_-_Cotiporã_-_Dois_Lajeados_(110_m) -999.9 -999.9 1010.2 1002.4 1010.2 16.3 12.6 304.0 Rio_Grande_do_Sul DCRS -999.9 0.0 0.2 97.19 97.57 96.73 -1 -0.18 97.57 97.57 97.57 97.57
-28.995701 -51.754700 DCRS-00057 2026-09-12_14:36 15.5 -999.9 -999.9 89.1 -999.9 -999.9 13.7 -999.9 -999.9 1010.3 -999.9 -999.9 0.0 -999.9 7.5 78.0 0.0 0.2 55.2 55.4 57.6 57.6 17.4 15.2 97.2 74.5 14.2 DCRS_-_Cotiporã_-_Dois_Lajeados_(110_m) -999.9 -999.9 1010.3 1002.4 1010.3 16.3 12.6 304.0 Rio_Grande_do_Sul DCRS -999.9 0.0 0.2 97.28 97.57 96.73 -1 -0.01 97.57 97.57 97.57 97.57
-28.995701 -51.754700 DCRS-00057 2026-09-12_14:37 15.5 -999.9 -999.9 89.7 -999.9 -999.9 13.8 -999.9 -999.9 1010.4 -999.9 -999.9 0.0 -999.9 7.5 76.0 0.0 0.2 55.2 55.4 57.6 57.6 17.4 15.2 97.2 74.5 14.2 DCRS_-_Cotiporã_-_Dois_Lajeados_(110_m) -999.9 -999.9 1010.4 1002.4 1010.4 16.3 12.6 304.0 Rio_Grande_do_Sul DCRS -999.9 0.0 0.2 97.23 97.57 96.73 -1 -0.07 97.57 97.57 97.57 97.57
-28.995701 -51.754700 DCRS-00057 2026-09-12_14:38 15.4 -999.9 -999.9 89.3 -999.9 -999.9 13.6 -999.9 -999.9 1010.4 -999.9 -999.9 0.0 -999.9 7.5 73.0 0.0 0.2 55.2 55.4 57.6 57.6 17.4 15.2 97.2 74.5 14.2 DCRS_-_Cotiporã_-_Dois_Lajeados_(110_m) -999.9 -999.9 1010.4 1002.4 1010.4 16.3 12.6 304.0 Rio_Grande_do_Sul DCRS -999.9 0.0 0.2 97.22 97.57 96.73 -1 -0.05 97.57 97.57 97.57 97.57
-28.995701 -51.754700 DCRS-00057 2026-09-12_14:39 15.4 -999.9 -999.9 89.2 -999.9 -999.9 -999.9 -999.9 -999.9 1010.3 -999.9 -999.9 0.0 -999.9 7.5 73.0 0.0 0.2 55.2 55.4 57.6 57.6 17.4 15.2 97.2 74.5 14.2 DCRS_-_Cotiporã_-_Dois_Lajeados_(110_m) -999.9 -999.9 1010.4 1002.4 1010.3 16.3 12.6 304.0 Rio_Grande_do_Sul DCRS -999.9 0.0 0.2 97.22 97.57 96.73 -1 -0.05 97.57 97.57 97.57 97.57
-28.995701 -51.754700 DCRS-00057 2026-09-12_14:40 15.4 -999.9 -999.9 89.3 -999.9 -999.9 13.6 -999.9 -999.9 1010.3 -999.9 -999.9 0.0 -999.9 4.7 73.0 0.0 0.2 55.2 55.4 57.6 57.6 17.4 15.2 97.2 74.5 14.2 DCRS_-_Cotiporã_-_Dois_Lajeados_(110_m) -999.9 -999.9 1010.4 1002.4 1010.3 16.3 12.6 304.0 Rio_Grande_do_Sul DCRS -999.9 0.0 0.2 97.19 97.57 96.73 -1 -0.05 97.57 97.57 97.57 97.57
-28.995701 -51.754700 DCRS-00057 2026-09-12_14:41 15.5 -999.9 -999.9 89.4 -999.9 -999.9 13.7 -999.9 -999.9 1010.4 -999.9 -999.9 2.0 -999.9 4.7 71.0 0.0 0.2 55.2 55.4 57.6 57.6 17.4 15.2 97.2 74.5 14.2 DCRS_-_Cotiporã_-_Dois_Lajeados_(110_m) -999.9 -999.9 1010.4 1002.4 1010.4 16.3 12.6 304.0 Rio_Grande_do_Sul DCRS -999.9 0.0 0.2 97.21 97.57 96.73 -1 -0.05 97.57 97.57 97.57 97.57
-28.995701 -51.754700 DCRS-00057 2026-09-12_14:42 15.5 -999.9 -999.9 89.2 -999.9 -999.9 13.7 -999.9 -999.9 1010.3 -999.9 -999.9 0.0 -999.9 4.7 85.0 0.0 0.2 55.2 55.4 57.6 57.6 17.4 15.2 97.2 74.5 14.2 DCRS_-_Cotiporã_-_Dois_Lajeados_(110_m) -999.9 -999.9 1010.4 1002.4 1010.3 16.3 12.6 304.0 Rio_Grande_do_Sul DCRS -999.9 0.0 0.2 97.23 97.57 96.73 -1 -0.03 97.57 97.57 97.57 97.57
-28.995701 -51.754700 DCRS-00057 2026-09-12_14:43 15.4 -999.9 -999.9 89.5 -999.9 -999.9 13.7 -999.9 -999.9 1010.3 -999.9 -999.9 1.9 -999.9 4.7 93.0 0.0 0.2 55.2 55.4 57.6 57.6 17.4 15.2 97.2 74.5 14.2 DCRS_-_Cotiporã_-_Dois_Lajeados_(110_m) -999.9 -999.9 1010.4 1002.4 1010.3 16.3 12.6 304.0 Rio_Grande_do_Sul DCRS -999.9 0.0 0.2 97.22 97.57 96.73 -1 -0.07 97.57 97.57 97.57 97.57
-28.995701 -51.754700 DCRS-00057 2026-09-12_14:44 15.4 -999.9 -999.9 88.9 -999.9 -999.9 13.6 -999.9 -999.9 1010.3 -999.9 -999.9 -999.9 -999.9 4.7 96.0 0.0 0.2 55.2 55.4 57.6 57.6 17.4 15.2 97.2 74.5 14.2 DCRS_-_Cotiporã_-_Dois_Lajeados_(110_m) -999.9 -999.9 1010.4 1002.4 1010.3 16.3 12.6 304.0 Rio_Grande_do_Sul DCRS -999.9 0.0 0.2 97.22 97.57 96.73 -1 0.0 97.57 97.57 97.57 97.57
-28.995701 -51.754700 DCRS-00057 2026-09-12_14:45 15.4 -999.9 -999.9 88.4 -999.9 -999.9 13.5 -999.9 -999.9 1010.3 -999.9 -999.9 3.6 -999.9 7.6 101.0 0.0 0.2 55.2 55.4 57.6 57.6 17.4 15.2 97.2 74.5 14.2 DCRS_-_Cotiporã_-_Dois_Lajeados_(110_m) -999.9 -999.9 1010.4 1002.4 1010.3 16.3 12.6 304.0 Rio_Grande_do_Sul DCRS -999.9 0.0 0.2 97.23 97.57 96.73 -1 -0.09 97.57 97.57 97.57 97.57
-28.995701 -51.754700 DCRS-00057 2026-09-12_14:46 15.4 -999.9 -999.9 88.8 -999.9 -999.9 13.5 -999.9 -999.9 1010.4 -999.9 -999.9 4.1 -999.9 7.6 94.0 0.0 0.2 55.2 55.4 57.6 57.6 17.4 15.2 97.2 74.5 14.2 DCRS_-_Cotiporã_-_Dois_Lajeados_(110_m) -999.9 -999.9 1010.4 1002.4 1010.4 16.3 12.6 304.0 Rio_Grande_do_Sul DCRS -999.9 0.0 0.2 97.16 97.57 96.73 -1 -0.17 97.57 97.57 97.57 97.57
-28.995701 -51.754700 DCRS-00057 2026-09-12_14:47 15.4 -999.9 -999.9 89.0 -999.9 -999.9 13.6 -999.9 -999.9 1010.4 -999.9 -999.9 3.9 -999.9 7.6 88.0 0.0 0.2 55.2 55.4 57.6 57.6 17.4 15.2 97.2 74.5 14.2 DCRS_-_Cotiporã_-_Dois_Lajeados_(110_m) -999.9 -999.9 1010.4 1002.4 1010.4 16.3 12.6 304.0 Rio_Grande_do_Sul DCRS -999.9 0.0 0.2 97.19 97.57 96.73 -1 -0.14 97.57 97.57 97.57 97.57
-28.995701 -51.754700 DCRS-00057 2026-09-12_14:48 15.4 -999.9 -999.9 89.2 -999.9 -999.9 13.6 -999.9 -999.9 1010.5 -999.9 -999.9 2.6 -999.9 7.6 85.0 0.0 0.2 55.2 55.4 57.6 57.6 17.4 15.2 97.2 74.5 14.2 DCRS_-_Cotiporã_-_Dois_Lajeados_(110_m) -999.9 -999.9 1010.5 1002.4 1010.5 16.3 12.6 304.0 Rio_Grande_do_Sul DCRS -999.9 0.0 0.2 97.21 97.57 96.73 -1 -0.02 97.57 97.57 97.57 97.57
-28.995701 -51.754700 DCRS-00057 2026-09-12_14:49 15.4 -999.9 -999.9 89.1 -999.9 -999.9 13.6 -999.9 -999.9 1010.5 -999.9 -999.9 2.5 -999.9 7.6 83.0 0.0 0.2 55.2 55.4 57.6 57.6 17.4 15.2 97.2 74.5 14.2 DCRS_-_Cotiporã_-_Dois_Lajeados_(110_m) -999.9 -999.9 1010.5 1002.4 1010.5 16.3 12.6 304.0 Rio_Grande_do_Sul DCRS -999.9 0.0 0.2 97.2 97.57 96.73 -1 -0.16 97.57 97.57 97.57 97.57
-28.995701 -51.754700 DCRS-00057 2026-09-12_14:50 15.4 -999.9 -999.9 89.3 -999.9 -999.9 13.6 -999.9 -999.9 1010.5 -999.9 -999.9 1.8 -999.9 6.2 82.0 0.0 0.2 55.2 55.4 57.6 57.6 17.4 15.2 97.2 74.5 14.2 DCRS_-_Cotiporã_-_Dois_Lajeados_(110_m) -999.9 -999.9 1010.5 1002.4 1010.5 16.3 12.6 304.0 Rio_Grande_do_Sul DCRS -999.9 0.0 0.2 97.23 97.57 96.73 -1 -0.13 97.57 97.57 97.57 97.57
-28.995701 -51.754700 DCRS-00057 2026-09-12_14:51 15.4 -999.9 -999.9 89.4 -999.9 -999.9 13.6 -999.9 -999.9 1010.5 -999.9 -999.9 6.0 -999.9 6.2 83.0 0.0 0.2 55.2 55.4 57.6 57.6 17.4 15.2 97.2 74.5 14.2 DCRS_-_Cotiporã_-_Dois_Lajeados_(110_m) -999.9 -999.9 1010.5 1002.4 1010.5 16.3 12.6 304.0 Rio_Grande_do_Sul DCRS -999.9 0.0 0.2 97.23 97.57 96.73 -1 -0.09 97.57 97.57 97.57 97.57
-28.995701 -51.754700 DCRS-00057 2026-09-12_14:52 15.4 -999.9 -999.9 89.0 -999.9 -999.9 13.6 -999.9 -999.9 1010.5 -999.9 -999.9 0.0 -999.9 6.2 77.0 0.0 0.2 55.2 55.4 57.6 57.6 17.4 15.2 97.2 74.5 14.2 DCRS_-_Cotiporã_-_Dois_Lajeados_(110_m) -999.9 -999.9 1010.5 1002.4 1010.5 16.3 12.6 304.0 Rio_Grande_do_Sul DCRS -999.9 0.0 0.2 97.19 97.57 96.73 -1 -0.13 97.57 97.57 97.57 97.57
-28.995701 -51.754700 DCRS-00057 2026-09-12_14:53 15.4 -999.9 -999.9 89.3 -999.9 -999.9 13.6 -999.9 -999.9 1010.5 -999.9 -999.9 0.0 -999.9 6.2 77.0 0.0 0.2 55.2 55.4 57.6 57.6 17.4 15.2 97.2 74.5 14.2 DCRS_-_Cotiporã_-_Dois_Lajeados_(110_m) -999.9 -999.9 1010.5 1002.4 1010.5 16.3 12.6 304.0 Rio_Grande_do_Sul DCRS -999.9 0.0 0.2 97.24 97.57 96.73 -1 0.0 97.57 97.57 97.57 97.57
-28.995701 -51.754700 DCRS-00057 2026-09-12_14:54 15.5 -999.9 -999.9 89.4 -999.9 -999.9 13.7 -999.9 -999.9 1010.6 -999.9 -999.9 3.0 -999.9 6.2 73.0 0.0 0.2 55.2 55.4 57.6 57.6 17.4 15.2 97.2 74.5 14.2 DCRS_-_Cotiporã_-_Dois_Lajeados_(110_m) -999.9 -999.9 1010.6 1002.4 1010.6 16.3 12.6 304.0 Rio_Grande_do_Sul DCRS -999.9 0.0 0.2 97.23 97.57 96.73 -1 -0.02 97.57 97.57 97.57 97.57
-28.995701 -51.754700 DCRS-00057 2026-09-12_14:55 15.4 -999.9 -999.9 89.7 -999.9 -999.9 13.7 -999.9 -999.9 1010.7 -999.9 -999.9 0.0 -999.9 6.2 65.0 0.0 0.2 55.2 55.4 57.6 57.6 17.4 15.2 97.2 74.5 14.2 DCRS_-_Cotiporã_-_Dois_Lajeados_(110_m) -999.9 -999.9 1010.7 1002.4 1010.7 16.3 12.6 304.0 Rio_Grande_do_Sul DCRS -999.9 0.0 0.2 97.23 97.57 96.73 -1 -0.06 97.57 97.57 97.57 97.57
-28.995701 -51.754700 DCRS-00057 2026-09-12_14:56 15.5 -999.9 -999.9 89.7 -999.9 -999.9 13.8 -999.9 -999.9 1010.7 -999.9 -999.9 0.0 -999.9 6.2 59.0 0.0 0.2 55.2 55.4 57.6 57.6 17.4 15.2 97.2 74.5 14.2 DCRS_-_Cotiporã_-_Dois_Lajeados_(110_m) -999.9 -999.9 1010.7 1002.4 1010.7 16.3 12.6 304.0 Rio_Grande_do_Sul DCRS -999.9 0.0 0.2 97.16 97.57 96.73 -1 -0.16 97.57 97.57 97.57 97.57
-28.995701 -51.754700 DCRS-00057 2026-09-12_14:57 15.5 -999.9 -999.9 89.7 -999.9 -999.9 -999.9 -999.9 -999.9 1010.7 -999.9 -999.9 0.0 -999.9 6.2 55.0 0.0 0.2 55.2 55.4 57.6 57.6 17.4 15.2 97.2 74.5 14.2 DCRS_-_Cotiporã_-_Dois_Lajeados_(110_m) -999.9 -999.9 1010.7 1002.4 1010.7 16.3 12.6 304.0 Rio_Grande_do_Sul DCRS -999.9 0.0 0.2 97.23 97.57 96.73 -1 -0.09 97.57 97.57 97.57 97.57
-28.995701 -51.754700 DCRS-00057 2026-09-12_14:58 15.5 -999.9 -999.9 89.9 -999.9 -999.9 13.8 -999.9 -999.9 1010.7 -999.9 -999.9 0.0 -999.9 6.2 57.0 0.0 0.2 55.2 55.4 57.6 57.6 17.4 15.2 97.2 74.5 14.2 DCRS_-_Cotiporã_-_Dois_Lajeados_(110_m) -999.9 -999.9 1010.7 1002.4 1010.7 16.3 12.6 304.0 Rio_Grande_do_Sul DCRS -999.9 0.0 0.2 97.16 97.57 96.73 -1 -0.11 97.57 97.57 97.57 97.57
-28.995701 -51.754700 DCRS-00057 2026-09-12_14:59 15.5 -999.9 -999.9 89.9 -999.9 -999.9 13.8 -999.9 -999.9 1010.7 -999.9 -999.9 2.0 -999.9 6.2 61.0 0.0 0.2 55.2 55.4 57.6 57.6 17.4 15.2 97.2 74.5 14.2 DCRS_-_Cotiporã_-_Dois_Lajeados_(110_m) -999.9 -999.9 1010.7 1002.4 1010.7 16.3 12.6 304.0 Rio_Grande_do_Sul DCRS -999.9 0.0 0.2 97.21 97.57 96.73 -1 -0.04 97.57 97.57 97.57 97.57
-28.995701 -51.754700 DCRS-00057 2026-09-12_15:00 15.5 -999.9 -999.9 89.3 -999.9 -999.9 13.7 -999.9 -999.9 1010.6 -999.9 -999.9 -999.9 -999.9 2.7 70.0 0.0 0.2 55.2 55.4 57.6 57.6 17.4 15.2 97.2 74.5 14.2 DCRS_-_Cotiporã_-_Dois_Lajeados_(110_m) -999.9 -999.9 1010.7 1002.4 1010.6 16.3 12.6 304.0 Rio_Grande_do_Sul DCRS -999.9 0.0 0.2 97.22 97.57 96.73 -1 -0.05 97.57 97.57 97.57 97.57
-28.995701 -51.754700 DCRS-00057 2026-09-12_15:01 15.5 -999.9 -999.9 89.0 -999.9 -999.9 13.7 -999.9 -999.9 1010.5 -999.9 -999.9 -999.9 -999.9 2.7 76.0 0.0 0.2 55.2 55.4 57.6 57.6 17.4 15.2 97.2 74.5 14.2 DCRS_-_Cotiporã_-_Dois_Lajeados_(110_m) -999.9 -999.9 1010.7 1002.4 1010.5 16.3 12.6 304.0 Rio_Grande_do_Sul DCRS -999.9 0.0 0.2 97.19 97.57 96.73 -1 -0.08 97.57 97.57 97.57 97.57
-28.995701 -51.754700 DCRS-00057 2026-09-12_15:02 15.4 -999.9 -999.9 88.8 -999.9 -999.9 13.5 -999.9 -999.9 1010.5 -999.9 -999.9 2.7 -999.9 2.7 85.0 0.0 0.2 55.2 55.4 57.6 57.6 17.4 15.2 97.2 74.5 14.2 DCRS_-_Cotiporã_-_Dois_Lajeados_(110_m) -999.9 -999.9 1010.7 1002.4 1010.5 16.3 12.6 304.0 Rio_Grande_do_Sul DCRS -999.9 0.0 0.2 97.26 97.57 96.73 -1 0.03 97.57 97.57 97.57 97.57
-28.995701 -51.754700 DCRS-00057 2026-09-12_15:03 15.4 -999.9 -999.9 89.1 -999.9 -999.9 13.6 -999.9 -999.9 1010.5 -999.9 -999.9 2.0 -999.9 2.7 97.0 0.0 0.2 55.2 55.4 57.6 57.6 17.4 15.2 97.2 74.5 14.2 DCRS_-_Cotiporã_-_Dois_Lajeados_(110_m) -999.9 -999.9 1010.7 1002.4 1010.5 16.3 12.6 304.0 Rio_Grande_do_Sul DCRS -999.9 0.0 0.2 97.19 97.57 96.73 -1 -0.04 97.57 97.57 97.57 97.57
-28.995701 -51.754700 DCRS-00057 2026-09-12_15:04 15.4 -999.9 -999.9 89.2 -999.9 -999.9 13.6 -999.9 -999.9 1010.5 -999.9 -999.9 -999.9 -999.9 2.7 101.0 0.0 0.2 55.2 55.4 57.6 57.6 17.4 15.2 97.2 74.5 14.2 DCRS_-_Cotiporã_-_Dois_Lajeados_(110_m) -999.9 -999.9 1010.7 1002.4 1010.5 16.3 12.6 304.0 Rio_Grande_do_Sul DCRS -999.9 0.0 0.2 97.21 97.57 96.73 -1 -0.02 97.57 97.57 97.57 97.57
-28.995701 -51.754700 DCRS-00057 2026-09-12_15:05 15.3 -999.9 -999.9 89.5 -999.9 -999.9 13.6 -999.9 -999.9 1010.5 -999.9 -999.9 0.0 -999.9 8.4 111.0 0.0 0.2 55.2 55.4 57.6 57.6 17.4 15.2 97.2 74.5 14.2 DCRS_-_Cotiporã_-_Dois_Lajeados_(110_m) -999.9 -999.9 1010.7 1002.4 1010.5 16.3 12.6 304.0 Rio_Grande_do_Sul DCRS -999.9 0.0 0.2 97.19 97.57 96.73 -1 -0.03 97.57 97.57 97.57 97.57
-28.995701 -51.754700 DCRS-00057 2026-09-12_15:06 15.4 -999.9 -999.9 89.8 -999.9 -999.9 13.7 -999.9 -999.9 1010.5 -999.9 -999.9 2.5 -999.9 8.4 111.0 0.0 0.2 55.2 55.4 57.6 57.6 17.4 15.2 97.2 74.5 14.2 DCRS_-_Cotiporã_-_Dois_Lajeados_(110_m) -999.9 -999.9 1010.7 1002.4 1010.5 16.3 12.6 304.0 Rio_Grande_do_Sul DCRS -999.9 0.0 0.2 97.16 97.57 96.73 -1 -0.06 97.57 97.57 97.57 97.57
-28.995701 -51.754700 DCRS-00057 2026-09-12_15:07 15.4 -999.9 -999.9 89.9 -999.9 -999.9 13.7 -999.9 -999.9 1010.5 -999.9 -999.9 0.0 -999.9 8.4 106.0 0.0 0.2 55.2 55.4 57.6 57.6 17.4 15.2 97.2 74.5 14.2 DCRS_-_Cotiporã_-_Dois_Lajeados_(110_m) -999.9 -999.9 1010.7 1002.4 1010.5 16.3 12.6 304.0 Rio_Grande_do_Sul DCRS -999.9 0.0 0.2 97.19 97.57 96.73 -1 -0.07 97.57 97.57 97.57 97.57
-28.995701 -51.754700 DCRS-00057 2026-09-12_15:08 15.4 -999.9 -999.9 90.0 -999.9 -999.9 13.8 -999.9 -999.9 1010.6 -999.9 -999.9 2.7 -999.9 8.4 106.0 0.0 0.2 55.2 55.4 57.6 57.6 17.4 15.2 97.2 74.5 14.2 DCRS_-_Cotiporã_-_Dois_Lajeados_(110_m) -999.9 -999.9 1010.7 1002.4 1010.6 16.3 12.6 304.0 Rio_Grande_do_Sul DCRS -999.9 0.0 0.2 97.21 97.57 96.73 -1 -0.02 97.57 97.57 97.57 97.57
-28.995701 -51.754700 DCRS-00057 2026-09-12_15:09 15.4 -999.9 -999.9 89.6 -999.9 -999.9 13.7 -999.9 -999.9 1010.6 -999.9 -999.9 0.0 -999.9 8.4 107.0 0.0 0.2 55.2 55.4 57.6 57.6 17.4 15.2 97.2 74.5 14.2 DCRS_-_Cotiporã_-_Dois_Lajeados_(110_m) -999.9 -999.9 1010.7 1002.4 1010.6 16.3 12.6 304.0 Rio_Grande_do_Sul DCRS -999.9 0.0 0.2 97.22 97.57 96.73 -1 -0.01 97.57 97.57 97.57 97.57
-28.995701 -51.754700 DCRS-00057 2026-09-12_15:10 15.4 -999.9 -999.9 89.7 -999.9 -999.9 13.7 -999.9 -999.9 1010.6 -999.9 -999.9 0.0 -999.9 4.9 100.0 0.0 0.2 55.2 55.4 57.6 57.6 17.4 15.2 97.2 74.5 14.2 DCRS_-_Cotiporã_-_Dois_Lajeados_(110_m) -999.9 -999.9 1010.7 1002.4 1010.6 16.3 12.6 304.0 Rio_Grande_do_Sul DCRS -999.9 0.0 0.2 97.23 97.57 96.73 -1 -0.07 97.57 97.57 97.57 97.57
-28.995701 -51.754700 DCRS-00057 2026-09-12_15:11 15.4 -999.9 -999.9 89.5 -999.9 -999.9 -999.9 -999.9 -999.9 1010.5 -999.9 -999.9 4.0 -999.9 4.9 94.0 0.0 0.2 55.2 55.4 57.6 57.6 17.4 15.2 97.2 74.5 14.2 DCRS_-_Cotiporã_-_Dois_Lajeados_(110_m) -999.9 -999.9 1010.7 1002.4 1010.5 16.3 12.6 304.0 Rio_Grande_do_Sul DCRS -999.9 0.0 0.2 97.22 97.57 96.73 -1 -0.08 97.57 97.57 97.57 97.57
-28.995701 -51.754700 DCRS-00057 2026-09-12_15:12 15.4 -999.9 -999.9 89.4 -999.9 -999.9 13.6 -999.9 -999.9 1010.5 -999.9 -999.9 0.0 -999.9 4.9 98.0 0.0 0.2 55.2 55.4 57.6 57.6 17.4 15.2 97.2 74.5 14.2 DCRS_-_Cotiporã_-_Dois_Lajeados_(110_m) -999.9 -999.9 1010.7 1002.4 1010.5 16.3 12.6 304.0 Rio_Grande_do_Sul DCRS -999.9 0.0 0.2 97.21 97.57 96.73 -1 -0.06 97.57 97.57 97.57 97.57
-28.995701 -51.754700 DCRS-00057 2026-09-12_15:13 15.4 -999.9 -999.9 90.0 -999.9 -999.9 13.8 -999.9 -999.9 1010.5 -999.9 -999.9 0.0 -999.9 4.9 98.0 0.0 0.2 55.2 55.4 57.6 57.6 17.4 15.2 97.2 74.5 14.2 DCRS_-_Cotiporã_-_Dois_Lajeados_(110_m) -999.9 -999.9 1010.7 1002.4 1010.5 16.3 12.6 304.0 Rio_Grande_do_Sul DCRS -999.9 0.0 0.2 97.18 97.57 96.73 -1 -0.09 97.57 97.57 97.57 97.57
-28.995701 -51.754700 DCRS-00057 2026-09-12_15:14 15.5 -999.9 -999.9 90.6 -999.9 -999.9 14.0 -999.9 -999.9 1010.6 -999.9 -999.9 0.0 -999.9 4.9 100.0 0.0 0.2 55.2 55.4 57.6 57.6 17.4 15.2 97.2 74.5 14.2 DCRS_-_Cotiporã_-_Dois_Lajeados_(110_m) -999.9 -999.9 1010.7 1002.4 1010.6 16.3 12.6 304.0 Rio_Grande_do_Sul DCRS -999.9 0.0 0.2 97.18 97.57 96.73 -1 -0.1 97.57 97.57 97.57 97.57
-28.995701 -51.754700 DCRS-00057 2026-09-12_15:15 15.6 -999.9 -999.9 90.6 -999.9 -999.9 14.1 -999.9 -999.9 1010.6 -999.9 -999.9 0.0 -999.9 4.1 132.0 0.0 0.2 55.2 55.4 57.6 57.6 17.4 15.2 97.2 74.5 14.2 DCRS_-_Cotiporã_-_Dois_Lajeados_(110_m) -999.9 -999.9 1010.7 1002.4 1010.6 16.3 12.6 304.0 Rio_Grande_do_Sul DCRS -999.9 0.0 0.2 97.18 97.57 96.73 -1 -0.1 97.57 97.57 97.57 97.57
-28.995701 -51.754700 DCRS-00057 2026-09-12_15:16 15.6 -999.9 -999.9 90.0 -999.9 -999.9 14.0 -999.9 -999.9 1010.5 -999.9 -999.9 0.0 -999.9 4.1 96.0 0.0 0.2 55.2 55.4 57.6 57.6 17.4 15.2 97.2 74.5 14.2 DCRS_-_Cotiporã_-_Dois_Lajeados_(110_m) -999.9 -999.9 1010.7 1002.4 1010.5 16.3 12.6 304.0 Rio_Grande_do_Sul DCRS -999.9 0.0 0.2 97.19 97.57 96.73 -1 -0.07 97.57 97.57 97.57 97.57
-28.995701 -51.754700 DCRS-00057 2026-09-12_15:17 15.6 -999.9 -999.9 89.8 -999.9 -999.9 13.9 -999.9 -999.9 1010.5 -999.9 -999.9 0.0 -999.9 4.1 117.0 0.0 0.2 55.2 55.4 57.6 57.6 17.4 15.2 97.2 74.5 14.2 DCRS_-_Cotiporã_-_Dois_Lajeados_(110_m) -999.9 -999.9 1010.7 1002.4 1010.5 16.3 12.6 304.0 Rio_Grande_do_Sul DCRS -999.9 0.0 0.2 97.16 97.57 96.73 -1 -0.05 97.57 97.57 97.57 97.57
-28.995701 -51.754700 DCRS-00057 2026-09-12_15:18 15.6 -999.9 -999.9 90.1 -999.9 -999.9 14.0 -999.9 -999.9 1010.6 -999.9 -999.9 0.0 -999.9 4.1 154.0 0.0 0.2 55.2 55.4 57.6 57.6 17.4 15.2 97.2 74.5 14.2 DCRS_-_Cotiporã_-_Dois_Lajeados_(110_m) -999.9 -999.9 1010.7 1002.4 1010.6 16.3 12.6 304.0 Rio_Grande_do_Sul DCRS -999.9 0.0 0.2 97.2 97.57 96.73 -1 -0.09 97.57 97.57 97.57 97.57
-28.995701 -51.754700 DCRS-00057 2026-09-12_15:19 15.7 -999.9 -999.9 89.2 -999.9 -999.9 13.9 -999.9 -999.9 1010.5 -999.9 -999.9 0.0 -999.9 4.1 159.0 0.0 0.2 55.2 55.4 57.6 57.6 17.4 15.2 97.2 74.5 14.2 DCRS_-_Cotiporã_-_Dois_Lajeados_(110_m) -999.9 -999.9 1010.7 1002.4 1010.5 16.3 12.6 304.0 Rio_Grande_do_Sul DCRS -999.9 0.0 0.2 97.17 97.57 96.73 -1 -0.09 97.57 97.57 97.57 97.57
-28.995701 -51.754700 DCRS-00057 2026-09-12_15:20 15.7 -999.9 -999.9 88.9 -999.9 -999.9 13.9 -999.9 -999.9 1010.4 -999.9 -999.9 0.0 -999.9 2.0 140.0 0.0 0.2 55.2 55.4 57.6 57.6 17.4 15.2 97.2 74.5 14.2 DCRS_-_Cotiporã_-_Dois_Lajeados_(110_m) -999.9 -999.9 1010.7 1002.4 1010.4 16.3 12.6 304.0 Rio_Grande_do_Sul DCRS -999.9 0.0 0.2 97.2 97.57 96.73 -1 -0.06 97.57 97.57 97.57 97.57
-28.995701 -51.754700 DCRS-00057 2026-09-12_15:21 15.8 -999.9 -999.9 89.4 -999.9 -999.9 14.0 -999.9 -999.9 1010.5 -999.9 -999.9 0.0 -999.9 2.0 156.0 0.0 0.2 55.2 55.4 57.6 57.6 17.4 15.2 97.2 74.5 14.2 DCRS_-_Cotiporã_-_Dois_Lajeados_(110_m) -999.9 -999.9 1010.7 1002.4 1010.5 16.3 12.6 304.0 Rio_Grande_do_Sul DCRS -999.9 0.0 0.2 97.16 97.57 96.73 -1 -0.08 97.57 97.57 97.57 97.57
-28.995701 -51.754700 DCRS-00057 2026-09-12_15:22 15.8 -999.9 -999.9 88.6 -999.9 -999.9 13.9 -999.9 -999.9 1010.4 -999.9 -999.9 0.0 -999.9 2.0 153.0 0.0 0.2 55.2 55.4 57.6 57.6 17.4 15.2 97.2 74.5 14.2 DCRS_-_Cotiporã_-_Dois_Lajeados_(110_m) -999.9 -999.9 1010.7 1002.4 1010.4 16.3 12.6 304.0 Rio_Grande_do_Sul DCRS -999.9 0.0 0.2 97.18 97.57 96.73 -1 -0.1 97.57 97.57 97.57 97.57
-28.995701 -51.754700 DCRS-00057 2026-09-12_15:23 15.9 -999.9 -999.9 87.8 -999.9 -999.9 13.9 -999.9 -999.9 1010.2 -999.9 -999.9 0.0 -999.9 2.0 134.0 0.0 0.2 55.2 55.4 57.6 57.6 17.4 15.2 97.2 74.5 14.2 DCRS_-_Cotiporã_-_Dois_Lajeados_(110_m) -999.9 -999.9 1010.7 1002.4 1010.2 16.3 12.6 304.0 Rio_Grande_do_Sul DCRS -999.9 0.0 0.2 97.14 97.57 96.73 -1 -0.12 97.57 97.57 97.57 97.57
-28.995701 -51.754700 DCRS-00057 2026-09-12_15:24 15.9 -999.9 -999.9 88.0 -999.9 -999.9 13.9 -999.9 -999.9 1010.2 -999.9 -999.9 -999.9 -999.9 2.0 131.0 0.0 0.2 55.2 55.4 57.6 57.6 17.4 15.2 97.2 74.5 14.2 DCRS_-_Cotiporã_-_Dois_Lajeados_(110_m) -999.9 -999.9 1010.7 1002.4 1010.2 16.3 12.6 304.0 Rio_Grande_do_Sul DCRS -999.9 0.0 0.2 97.15 97.57 96.73 -1 -0.15 97.57 97.57 97.57 97.57
-28.995701 -51.754700 DCRS-00057 2026-09-12_15:25 15.9 -999.9 -999.9 88.4 -999.9 -999.9 14.0 -999.9 -999.9 1010.3 -999.9 -999.9 0.0 -999.9 6.2 161.0 0.0 0.2 55.2 55.4 57.6 57.6 17.4 15.2 97.2 74.5 14.2 DCRS_-_Cotiporã_-_Dois_Lajeados_(110_m) -999.9 -999.9 1010.7 1002.4 1010.3 16.3 12.6 304.0 Rio_Grande_do_Sul DCRS -999.9 0.0 0.2 97.15 97.57 96.73 -1 -0.12 97.57 97.57 97.57 97.57
-28.995701 -51.754700 DCRS-00057 2026-09-12_15:26 15.9 -999.9 -999.9 88.7 -999.9 -999.9 14.0 -999.9 -999.9 1010.3 -999.9 -999.9 2.1 -999.9 6.2 182.0 0.0 0.2 55.2 55.4 57.6 57.6 17.4 15.2 97.2 74.5 14.2 DCRS_-_Cotiporã_-_Dois_Lajeados_(110_m) -999.9 -999.9 1010.7 1002.4 1010.3 16.3 12.6 304.0 Rio_Grande_do_Sul DCRS -999.9 0.0 0.2 97.13 97.57 96.73 -1 -0.11 97.57 97.57 97.57 97.57
-28.995701 -51.754700 DCRS-00057 2026-09-12_15:27 16.0 -999.9 -999.9 88.7 -999.9 -999.9 14.1 -999.9 -999.9 1010.3 -999.9 -999.9 2.6 -999.9 6.2 182.0 0.0 0.2 55.2 55.4 57.6 57.6 17.4 15.2 97.2 74.5 14.2 DCRS_-_Cotiporã_-_Dois_Lajeados_(110_m) -999.9 -999.9 1010.7 1002.4 1010.3 16.3 12.6 304.0 Rio_Grande_do_Sul DCRS -999.9 0.0 0.2 97.17 97.57 96.73 -1 -0.03 97.57 97.57 97.57 97.57
-28.995701 -51.754700 DCRS-00057 2026-09-12_15:28 16.0 -999.9 -999.9 88.1 -999.9 -999.9 14.0 -999.9 -999.9 1010.3 -999.9 -999.9 3.5 -999.9 6.2 174.0 0.0 0.2 55.2 55.4 57.6 57.6 17.4 15.2 97.2 74.5 14.2 DCRS_-_Cotiporã_-_Dois_Lajeados_(110_m) -999.9 -999.9 1010.7 1002.4 1010.3 16.3 12.6 304.0 Rio_Grande_do_Sul DCRS -999.9 0.0 0.2 97.19 97.57 96.73 -1 -0.01 97.57 97.57 97.57 97.57
-28.995701 -51.754700 DCRS-00057 2026-09-12_15:30 16.0 -999.9 -999.9 87.6 -999.9 -999.9 13.9 -999.9 -999.9 1010.2 -999.9 -999.9 2.0 -999.9 4.2 197.0 0.0 0.2 55.2 55.4 57.6 57.6 17.4 15.2 97.2 74.5 14.2 DCRS_-_Cotiporã_-_Dois_Lajeados_(110_m) -999.9 -999.9 1010.7 1002.4 1010.2 16.3 12.6 304.0 Rio_Grande_do_Sul DCRS -999.9 0.0 0.2 97.22 97.57 96.73 -1 0.01 97.57 97.57 97.57 97.57
-28.995701 -51.754700 DCRS-00057 2026-09-12_15:31 16.0 -999.9 -999.9 87.4 -999.9 -999.9 13.9 -999.9 -999.9 1010.2 -999.9 -999.9 0.0 -999.9 4.2 183.0 0.0 0.2 55.2 55.4 57.6 57.6 17.4 15.2 97.2 74.5 14.2 DCRS_-_Cotiporã_-_Dois_Lajeados_(110_m) -999.9 -999.9 1010.7 1002.4 1010.2 16.3 12.6 304.0 Rio_Grande_do_Sul DCRS -999.9 0.0 0.2 97.15 97.57 96.73 -1 -0.07 97.57 97.57 97.57 97.57
-28.995701 -51.754700 DCRS-00057 2026-09-12_15:32 16.0 -999.9 -999.9 87.4 -999.9 -999.9 13.9 -999.9 -999.9 1010.2 -999.9 -999.9 0.0 -999.9 4.2 151.0 0.0 0.2 55.2 55.4 57.6 57.6 17.4 15.2 97.2 74.5 14.2 DCRS_-_Cotiporã_-_Dois_Lajeados_(110_m) -999.9 -999.9 1010.7 1002.4 1010.2 16.3 12.6 304.0 Rio_Grande_do_Sul DCRS -999.9 0.0 0.2 97.18 97.57 96.73 -1 -0.03 97.57 97.57 97.57 97.57
-28.995701 -51.754700 DCRS-00057 2026-09-12_15:33 16.1 -999.9 -999.9 87.2 -999.9 -999.9 14.0 -999.9 -999.9 1010.2 -999.9 -999.9 0.0 -999.9 4.2 128.0 0.0 0.2 55.2 55.4 57.6 57.6 17.4 15.2 97.2 74.5 14.2 DCRS_-_Cotiporã_-_Dois_Lajeados_(110_m) -999.9 -999.9 1010.7 1002.4 1010.2 16.3 12.6 304.0 Rio_Grande_do_Sul DCRS -999.9 0.0 0.2 97.22 97.57 96.73 -1 -0.02 97.57 97.57 97.57 97.57
-28.995701 -51.754700 DCRS-00057 2026-09-12_15:34 16.1 -999.9 -999.9 87.1 -999.9 -999.9 13.9 -999.9 -999.9 1010.2 -999.9 -999.9 0.0 -999.9 4.2 135.0 0.0 0.2 55.2 55.4 57.6 57.6 17.4 15.2 97.2 74.5 14.2 DCRS_-_Cotiporã_-_Dois_Lajeados_(110_m) -999.9 -999.9 1010.7 1002.4 1010.2 16.3 12.6 304.0 Rio_Grande_do_Sul DCRS -999.9 0.0 0.2 97.16 97.57 96.73 -1 -0.08 97.57 97.57 97.57 97.57
-28.995701 -51.754700 DCRS-00057 2026-09-12_15:35 16.2 -999.9 -999.9 87.5 -999.9 -999.9 14.1 -999.9 -999.9 1010.3 -999.9 -999.9 0.0 -999.9 2.7 170.0 0.0 0.2 55.2 55.4 57.6 57.6 17.4 15.2 97.2 74.5 14.2 DCRS_-_Cotiporã_-_Dois_Lajeados_(110_m) -999.9 -999.9 1010.7 1002.4 1010.3 16.3 12.6 304.0 Rio_Grande_do_Sul DCRS -999.9 0.0 0.2 97.21 97.57 96.73 -1 -0.07 97.57 97.57 97.57 97.57
-28.995701 -51.754700 DCRS-00057 2026-09-12_15:36 16.3 -999.9 -999.9 87.0 -999.9 -999.9 14.1 -999.9 -999.9 1010.2 -999.9 -999.9 0.0 -999.9 2.7 172.0 0.0 0.2 55.2 55.4 57.6 57.6 17.4 15.2 97.2 74.5 14.2 DCRS_-_Cotiporã_-_Dois_Lajeados_(110_m) -999.9 -999.9 1010.7 1002.4 1010.2 16.3 12.6 304.0 Rio_Grande_do_Sul DCRS -999.9 0.0 0.2 97.2 97.57 96.73 -1 -0.08 97.57 97.57 97.57 97.57
-28.995701 -51.754700 DCRS-00057 2026-09-12_15:37 16.3 -999.9 -999.9 87.4 -999.9 -999.9 14.2 -999.9 -999.9 1010.2 -999.9 -999.9 0.0 -999.9 2.7 174.0 0.0 0.2 55.2 55.4 57.6 57.6 17.4 15.2 97.2 74.5 14.2 DCRS_-_Cotiporã_-_Dois_Lajeados_(110_m) -999.9 -999.9 1010.7 1002.4 1010.2 16.3 12.6 304.0 Rio_Grande_do_Sul DCRS -999.9 0.0 0.2 97.22 97.57 96.73 -1 -0.01 97.57 97.57 97.57 97.57
-28.995701 -51.754700 DCRS-00057 2026-09-12_15:38 16.3 -999.9 -999.9 86.8 -999.9 -999.9 14.1 -999.9 -999.9 1010.1 -999.9 -999.9 0.0 -999.9 2.7 166.0 0.0 0.2 55.2 55.4 57.6 57.6 17.4 15.2 97.2 74.5 14.2 DCRS_-_Cotiporã_-_Dois_Lajeados_(110_m) -999.9 -999.9 1010.7 1002.4 1010.1 16.3 12.6 304.0 Rio_Grande_do_Sul DCRS -999.9 0.0 0.2 97.16 97.57 96.73 -1 -0.06 97.57 97.57 97.57 97.57
-28.995701 -51.754700 DCRS-00057 2026-09-12_15:39 16.4 -999.9 -999.9 85.7 -999.9 -999.9 14.0 -999.9 -999.9 1009.9 -999.9 -999.9 0.0 -999.9 2.7 151.0 0.0 0.2 55.2 55.4 57.6 57.6 17.4 15.2 97.2 74.5 14.2 DCRS_-_Cotiporã_-_Dois_Lajeados_(110_m) -999.9 -999.9 1010.7 1002.4 1009.9 16.3 12.6 304.0 Rio_Grande_do_Sul DCRS -999.9 0.0 0.2 97.21 97.57 96.73 -1 0.02 97.57 97.57 97.57 97.57
-28.995701 -51.754700 DCRS-00057 2026-09-12_15:40 16.4 -999.9 -999.9 85.9 -999.9 -999.9 14.0 -999.9 -999.9 1010.0 -999.9 -999.9 0.0 -999.9 2.6 110.0 0.0 0.2 55.2 55.4 57.6 57.6 17.4 15.2 97.2 74.5 14.2 DCRS_-_Cotiporã_-_Dois_Lajeados_(110_m) -999.9 -999.9 1010.7 1002.4 1010.0 16.3 12.6 304.0 Rio_Grande_do_Sul DCRS -999.9 0.0 0.2 97.16 97.57 96.73 -1 -0.03 97.57 97.57 97.57 97.57
-28.995701 -51.754700 DCRS-00057 2026-09-12_15:41 16.5 -999.9 -999.9 86.2 -999.9 -999.9 14.2 -999.9 -999.9 1010.0 -999.9 -999.9 0.0 -999.9 2.6 120.0 0.0 0.2 55.2 55.4 57.6 57.6 17.4 15.2 97.2 74.5 14.2 DCRS_-_Cotiporã_-_Dois_Lajeados_(110_m) -999.9 -999.9 1010.7 1002.4 1010.0 16.3 12.6 304.0 Rio_Grande_do_Sul DCRS -999.9 0.0 0.2 97.15 97.57 96.73 -1 -0.08 97.57 97.57 97.57 97.57
-28.995701 -51.754700 DCRS-00057 2026-09-12_15:42 16.6 -999.9 -999.9 86.1 -999.9 -999.9 14.2 -999.9 -999.9 1010.0 -999.9 -999.9 0.0 -999.9 2.6 143.0 0.0 0.2 55.2 55.4 57.6 57.6 17.4 15.2 97.2 74.5 14.2 DCRS_-_Cotiporã_-_Dois_Lajeados_(110_m) -999.9 -999.9 1010.7 1002.4 1010.0 16.3 12.6 304.0 Rio_Grande_do_Sul DCRS -999.9 0.0 0.2 97.2 97.57 96.73 -1 -0.03 97.57 97.57 97.57 97.57
-28.995701 -51.754700 DCRS-00057 2026-09-12_15:43 16.6 -999.9 -999.9 85.9 -999.9 -999.9 14.2 -999.9 -999.9 1010.0 -999.9 -999.9 2.4 -999.9 2.6 144.0 0.0 0.2 55.2 55.4 57.6 57.6 17.4 15.2 97.2 74.5 14.2 DCRS_-_Cotiporã_-_Dois_Lajeados_(110_m) -999.9 -999.9 1010.7 1002.4 1010.0 16.3 12.6 304.0 Rio_Grande_do_Sul DCRS -999.9 0.0 0.2 97.17 97.57 96.73 -1 -0.05 97.57 97.57 97.57 97.57
-28.995701 -51.754700 DCRS-00057 2026-09-12_15:44 16.5 -999.9 -999.9 85.0 -999.9 -999.9 13.9 -999.9 -999.9 1009.8 -999.9 -999.9 0.0 -999.9 2.6 160.0 0.0 0.2 55.2 55.4 57.6 57.6 17.4 15.2 97.2 74.5 14.2 DCRS_-_Cotiporã_-_Dois_Lajeados_(110_m) -999.9 -999.9 1010.7 1002.4 1009.8 16.3 12.6 304.0 Rio_Grande_do_Sul DCRS -999.9 0.0 0.2 97.15 97.57 96.73 -1 -0.07 97.57 97.57 97.57 97.57
-28.995701 -51.754700 DCRS-00057 2026-09-12_15:45 16.5 -999.9 -999.9 85.5 -999.9 -999.9 14.0 -999.9 -999.9 1009.9 -999.9 -999.9 0.0 -999.9 3.1 154.0 0.0 0.2 55.2 55.4 57.6 57.6 17.4 15.2 97.2 74.5 14.2 DCRS_-_Cotiporã_-_Dois_Lajeados_(110_m) -999.9 -999.9 1010.7 1002.4 1009.9 16.3 12.6 304.0 Rio_Grande_do_Sul DCRS -999.9 0.0 0.2 97.17 97.57 96.73 -1 -0.06 97.57 97.57 97.57 97.57
-28.995701 -51.754700 DCRS-00057 2026-09-12_15:46 16.5 -999.9 -999.9 86.0 -999.9 -999.9 14.1 -999.9 -999.9 1010.0 -999.9 -999.9 0.0 -999.9 3.1 144.0 0.0 0.2 55.2 55.4 57.6 57.6 17.4 15.2 97.2 74.5 14.2 DCRS_-_Cotiporã_-_Dois_Lajeados_(110_m) -999.9 -999.9 1010.7 1002.4 1010.0 16.3 12.6 304.0 Rio_Grande_do_Sul DCRS -999.9 0.0 0.2 97.17 97.57 96.73 -1 0.01 97.57 97.57 97.57 97.57
-28.995701 -51.754700 DCRS-00057 2026-09-12_15:47 16.6 -999.9 -999.9 86.8 -999.9 -999.9 14.4 -999.9 -999.9 1010.1 -999.9 -999.9 0.0 -999.9 3.1 126.0 0.0 0.2 55.2 55.4 57.6 57.6 17.4 15.2 97.2 74.5 14.2 DCRS_-_Cotiporã_-_Dois_Lajeados_(110_m) -999.9 -999.9 1010.7 1002.4 1010.1 16.3 12.6 304.0 Rio_Grande_do_Sul DCRS -999.9 0.0 0.2 97.2 97.57 96.73 -1 -0.01 97.57 97.57 97.57 97.57
-28.995701 -51.754700 DCRS-00057 2026-09-12_15:48 16.6 -999.9 -999.9 85.8 -999.9 -999.9 14.2 -999.9 -999.9 1009.9 -999.9 -999.9 0.0 -999.9 3.1 127.0 0.0 0.2 55.2 55.4 57.6 57.6 17.4 15.2 97.2 74.5 14.2 DCRS_-_Cotiporã_-_Dois_Lajeados_(110_m) -999.9 -999.9 1010.7 1002.4 1009.9 16.3 12.6 304.0 Rio_Grande_do_Sul DCRS -999.9 0.0 0.2 97.21 97.57 96.73 -1 0.0 97.57 97.57 97.57 97.57
-28.995701 -51.754700 DCRS-00057 2026-09-12_15:49 16.6 -999.9 -999.9 84.8 -999.9 -999.9 14.0 -999.9 -999.9 1009.8 -999.9 -999.9 2.6 -999.9 3.1 130.0 0.0 0.2 55.2 55.4 57.6 57.6 17.4 15.2 97.2 74.5 14.2 DCRS_-_Cotiporã_-_Dois_Lajeados_(110_m) -999.9 -999.9 1010.7 1002.4 1009.8 16.3 12.6 304.0 Rio_Grande_do_Sul DCRS -999.9 0.0 0.2 97.13 97.57 96.73 -1 -0.07 97.57 97.57 97.57 97.57
-28.995701 -51.754700 DCRS-00057 2026-09-12_15:50 16.6 -999.9 -999.9 84.0 -999.9 -999.9 13.9 -999.9 -999.9 1009.6 -999.9 -999.9 0.0 -999.9 3.6 122.0 0.0 0.2 55.2 55.4 57.6 57.6 17.4 15.2 97.2 74.5 14.2 DCRS_-_Cotiporã_-_Dois_Lajeados_(110_m) -999.9 -999.9 1010.7 1002.4 1009.6 16.3 12.6 304.0 Rio_Grande_do_Sul DCRS -999.9 0.0 0.2 97.13 97.57 96.73 -1 -0.1 97.57 97.57 97.57 97.57
-28.995701 -51.754700 DCRS-00057 2026-09-12_15:51 16.5 -999.9 -999.9 84.0 -999.9 -999.9 13.8 -999.9 -999.9 1009.6 -999.9 -999.9 0.0 -999.9 3.6 116.0 0.0 0.2 55.2 55.4 57.6 57.6 17.4 15.2 97.2 74.5 14.2 DCRS_-_Cotiporã_-_Dois_Lajeados_(110_m) -999.9 -999.9 1010.7 1002.4 1009.6 16.3 12.6 304.0 Rio_Grande_do_Sul DCRS -999.9 0.0 0.2 97.19 97.57 96.73 -1 -0.04 97.57 97.57 97.57 97.57
-28.995701 -51.754700 DCRS-00057 2026-09-12_15:52 16.6 -999.9 -999.9 84.4 -999.9 -999.9 13.9 -999.9 -999.9 1009.7 -999.9 -999.9 0.0 -999.9 3.6 102.0 0.0 0.2 55.2 55.4 57.6 57.6 17.4 15.2 97.2 74.5 14.2 DCRS_-_Cotiporã_-_Dois_Lajeados_(110_m) -999.9 -999.9 1010.7 1002.4 1009.7 16.3 12.6 304.0 Rio_Grande_do_Sul DCRS -999.9 0.0 0.2 97.19 97.57 96.73 -1 -0.05 97.57 97.57 97.57 97.57
-28.995701 -51.754700 DCRS-00057 2026-09-12_15:53 16.6 -999.9 -999.9 84.8 -999.9 -999.9 -999.9 -999.9 -999.9 1009.8 -999.9 -999.9 0.0 -999.9 3.6 83.0 0.0 0.2 55.2 55.4 57.6 57.6 17.4 15.2 97.2 74.5 14.2 DCRS_-_Cotiporã_-_Dois_Lajeados_(110_m) -999.9 -999.9 1010.7 1002.4 1009.8 16.3 12.6 304.0 Rio_Grande_do_Sul DCRS -999.9 0.0 0.2 97.16 97.57 96.73 -1 -0.08 97.57 97.57 97.57 97.57
-28.995701 -51.754700 DCRS-00057 2026-09-12_15:54 16.6 -999.9 -999.9 84.9 -999.9 -999.9 14.0 -999.9 -999.9 1009.8 -999.9 -999.9 0.0 -999.9 3.6 103.0 0.0 0.2 55.2 55.4 57.6 57.6 17.4 15.2 97.2 74.5 14.2 DCRS_-_Cotiporã_-_Dois_Lajeados_(110_m) -999.9 -999.9 1010.7 1002.4 1009.8 16.3 12.6 304.0 Rio_Grande_do_Sul DCRS -999.9 0.0 0.2 97.17 97.57 96.73 -1 -0.06 97.57 97.57 97.57 97.57
-28.995701 -51.754700 DCRS-00057 2026-09-12_15:55 16.6 -999.9 -999.9 84.2 -999.9 -999.9 13.9 -999.9 -999.9 1009.7 -999.9 -999.9 0.0 -999.9 2.6 121.0 0.0 0.2 55.2 55.4 57.6 57.6 17.4 15.2 97.2 74.5 14.2 DCRS_-_Cotiporã_-_Dois_Lajeados_(110_m) -999.9 -999.9 1010.7 1002.4 1009.7 16.3 12.6 304.0 Rio_Grande_do_Sul DCRS -999.9 0.0 0.2 97.18 97.57 96.73 -1 -0.05 97.57 97.57 97.57 97.57
-28.995701 -51.754700 DCRS-00057 2026-09-12_15:56 16.6 -999.9 -999.9 83.6 -999.9 -999.9 13.8 -999.9 -999.9 1009.6 -999.9 -999.9 0.0 -999.9 2.6 117.0 0.0 0.2 55.2 55.4 57.6 57.6 17.4 15.2 97.2 74.5 14.2 DCRS_-_Cotiporã_-_Dois_Lajeados_(110_m) -999.9 -999.9 1010.7 1002.4 1009.6 16.3 12.6 304.0 Rio_Grande_do_Sul DCRS -999.9 0.0 0.2 97.14 97.57 96.73 -1 -0.02 97.57 97.57 97.57 97.57
-28.995701 -51.754700 DCRS-00057 2026-09-12_15:57 16.5 -999.9 -999.9 84.7 -999.9 -999.9 13.9 -999.9 -999.9 1009.7 -999.9 -999.9 0.0 -999.9 2.6 128.0 0.0 0.2 55.2 55.4 57.6 57.6 17.4 15.2 97.2 74.5 14.2 DCRS_-_Cotiporã_-_Dois_Lajeados_(110_m) -999.9 -999.9 1010.7 1002.4 1009.7 16.3 12.6 304.0 Rio_Grande_do_Sul DCRS -999.9 0.0 0.2 97.2 97.57 96.73 -1 0.04 97.57 97.57 97.57 97.57
-28.995701 -51.754700 DCRS-00057 2026-09-12_15:58 16.6 -999.9 -999.9 84.7 -999.9 -999.9 14.0 -999.9 -999.9 1009.7 -999.9 -999.9 0.0 -999.9 2.6 144.0 0.0 0.2 55.2 55.4 57.6 57.6 17.4 15.2 97.2 74.5 14.2 DCRS_-_Cotiporã_-_Dois_Lajeados_(110_m) -999.9 -999.9 1010.7 1002.4 1009.7 16.3 12.6 304.0 Rio_Grande_do_Sul DCRS -999.9 0.0 0.2 97.17 97.57 96.73 -1 0.01 97.57 97.57 97.57 97.57
-28.995701 -51.754700 DCRS-00057 2026-09-12_15:59 16.6 -999.9 -999.9 84.0 -999.9 -999.9 13.9 -999.9 -999.9 1009.5 -999.9 -999.9 0.0 -999.9 2.6 147.0 0.0 0.2 55.2 55.4 57.6 57.6 17.4 15.2 97.2 74.5 14.2 DCRS_-_Cotiporã_-_Dois_Lajeados_(110_m) -999.9 -999.9 1010.7 1002.4 1009.5 16.3 12.6 304.0 Rio_Grande_do_Sul DCRS -999.9 0.0 0.2 97.11 97.57 96.73 -1 -0.1 97.57 97.57 97.57 97.57
-28.995701 -51.754700 DCRS-00057 2026-09-12_16:00 16.6 -999.9 -999.9 84.2 -999.9 -999.9 13.9 -999.9 -999.9 1009.5 -999.9 -999.9 0.0 -999.9 2.7 148.0 0.0 0.2 55.2 55.4 57.6 57.6 17.4 15.2 97.2 74.5 14.2 DCRS_-_Cotiporã_-_Dois_Lajeados_(110_m) -999.9 -999.9 1010.7 1002.4 1009.5 16.3 12.6 304.0 Rio_Grande_do_Sul DCRS -999.9 0.0 0.2 97.2 97.57 96.73 -1 -0.02 97.57 97.57 97.57 97.57
-28.995701 -51.754700 DCRS-00057 2026-09-12_16:01 16.6 -999.9 -999.9 84.5 -999.9 -999.9 14.0 -999.9 -999.9 1009.6 -999.9 -999.9 0.0 -999.9 2.7 144.0 0.0 0.2 55.2 55.4 57.6 57.6 17.4 15.2 97.2 74.5 14.2 DCRS_-_Cotiporã_-_Dois_Lajeados_(110_m) -999.9 -999.9 1010.7 1002.4 1009.6 16.3 12.6 304.0 Rio_Grande_do_Sul DCRS -999.9 0.0 0.2 97.21 97.57 96.73 -1 0.02 97.57 97.57 97.57 97.57
-28.995701 -51.754700 DCRS-00057 2026-09-12_16:02 16.6 -999.9 -999.9 84.2 -999.9 -999.9 13.9 -999.9 -999.9 1009.6 -999.9 -999.9 0.0 -999.9 2.7 139.0 0.0 0.2 55.2 55.4 57.6 57.6 17.4 15.2 97.2 74.5 14.2 DCRS_-_Cotiporã_-_Dois_Lajeados_(110_m) -999.9 -999.9 1010.7 1002.4 1009.6 16.3 12.6 304.0 Rio_Grande_do_Sul DCRS -999.9 0.0 0.2 97.14 97.57 96.73 -1 -0.12 97.57 97.57 97.57 97.57
-28.995701 -51.754700 DCRS-00057 2026-09-12_16:03 16.7 -999.9 -999.9 83.5 -999.9 -999.9 13.9 -999.9 -999.9 1009.4 -999.9 -999.9 0.0 -999.9 2.7 117.0 0.0 0.2 55.2 55.4 57.6 57.6 17.4 15.2 97.2 74.5 14.2 DCRS_-_Cotiporã_-_Dois_Lajeados_(110_m) -999.9 -999.9 1010.7 1002.4 1009.4 16.3 12.6 304.0 Rio_Grande_do_Sul DCRS -999.9 0.0 0.2 97.15 97.57 96.73 -1 -0.04 97.57 97.57 97.57 97.57
-28.995701 -51.754700 DCRS-00057 2026-09-12_16:04 16.6 -999.9 -999.9 83.1 -999.9 -999.9 13.7 -999.9 -999.9 1009.4 -999.9 -999.9 0.0 -999.9 2.7 101.0 0.0 0.2 55.2 55.4 57.6 57.6 17.4 15.2 97.2 74.5 14.2 DCRS_-_Cotiporã_-_Dois_Lajeados_(110_m) -999.9 -999.9 1010.7 1002.4 1009.4 16.3 12.6 304.0 Rio_Grande_do_Sul DCRS -999.9 0.0 0.2 97.16 97.57 96.73 -1 -0.05 97.57 97.57 97.57 97.57
-28.995701 -51.754700 DCRS-00057 2026-09-12_16:05 16.8 -999.9 -999.9 82.6 -999.9 -999.9 13.8 -999.9 -999.9 1009.3 -999.9 -999.9 -999.9 -999.9 0.0 99.0 0.0 0.2 55.2 55.4 57.6 57.6 17.4 15.2 97.2 74.5 14.2 DCRS_-_Cotiporã_-_Dois_Lajeados_(110_m) -999.9 -999.9 1010.7 1002.4 1009.3 16.3 12.6 304.0 Rio_Grande_do_Sul DCRS -999.9 0.0 0.2 97.22 97.57 96.73 -1 0.03 97.57 97.57 97.57 97.57
-28.995701 -51.754700 DCRS-00057 2026-09-12_16:06 16.8 -999.9 -999.9 83.6 -999.9 -999.9 14.0 -999.9 -999.9 1009.5 -999.9 -999.9 0.0 -999.9 0.0 103.0 0.0 0.2 55.2 55.4 57.6 57.6 17.4 15.2 97.2 74.5 14.2 DCRS_-_Cotiporã_-_Dois_Lajeados_(110_m) -999.9 -999.9 1010.7 1002.4 1009.5 16.3 12.6 304.0 Rio_Grande_do_Sul DCRS -999.9 0.0 0.2 97.14 97.57 96.73 -1 -0.02 97.57 97.57 97.57 97.57
-28.995701 -51.754700 DCRS-00057 2026-09-12_16:07 16.8 -999.9 -999.9 83.2 -999.9 -999.9 13.9 -999.9 -999.9 1009.5 -999.9 -999.9 0.0 -999.9 0.0 106.0 0.0 0.2 55.2 55.4 57.6 57.6 17.4 15.2 97.2 74.5 14.2 DCRS_-_Cotiporã_-_Dois_Lajeados_(110_m) -999.9 -999.9 1010.7 1002.4 1009.5 16.3 12.6 304.0 Rio_Grande_do_Sul DCRS -999.9 0.0 0.2 97.18 97.57 96.73 -1 -0.01 97.57 97.57 97.57 97.57
-28.995701 -51.754700 DCRS-00057 2026-09-12_16:08 16.8 -999.9 -999.9 83.9 -999.9 -999.9 14.0 -999.9 -999.9 1009.6 -999.9 -999.9 0.0 -999.9 0.0 102.0 0.0 0.2 55.2 55.4 57.6 57.6 17.4 15.2 97.2 74.5 14.2 DCRS_-_Cotiporã_-_Dois_Lajeados_(110_m) -999.9 -999.9 1010.7 1002.4 1009.6 16.3 12.6 304.0 Rio_Grande_do_Sul DCRS -999.9 0.0 0.2 97.11 97.57 96.73 -1 -0.1 97.57 97.57 97.57 97.57
-28.995701 -51.754700 DCRS-00057 2026-09-12_16:09 16.8 -999.9 -999.9 83.7 -999.9 -999.9 14.0 -999.9 -999.9 1009.7 -999.9 -999.9 0.0 -999.9 0.0 104.0 0.0 0.2 55.2 55.4 57.6 57.6 17.4 15.2 97.2 74.5 14.2 DCRS_-_Cotiporã_-_Dois_Lajeados_(110_m) -999.9 -999.9 1010.7 1002.4 1009.7 16.3 12.6 304.0 Rio_Grande_do_Sul DCRS -999.9 0.0 0.2 97.11 97.57 96.73 -1 -0.12 97.57 97.57 97.57 97.57
-28.995701 -51.754700 DCRS-00057 2026-09-12_16:10 16.8 -999.9 -999.9 83.3 -999.9 -999.9 13.9 -999.9 -999.9 1009.6 -999.9 -999.9 2.7 -999.9 4.1 98.0 0.0 0.2 55.2 55.4 57.6 57.6 17.4 15.2 97.2 74.5 14.2 DCRS_-_Cotiporã_-_Dois_Lajeados_(110_m) -999.9 -999.9 1010.7 1002.4 1009.6 16.3 12.6 304.0 Rio_Grande_do_Sul DCRS -999.9 0.0 0.2 97.12 97.57 96.73 -1 -0.11 97.57 97.57 97.57 97.57
-28.995701 -51.754700 DCRS-00057 2026-09-12_16:11 16.8 -999.9 -999.9 83.0 -999.9 -999.9 -999.9 -999.9 -999.9 1009.6 -999.9 -999.9 0.0 -999.9 4.1 92.0 0.0 0.2 55.2 55.4 57.6 57.6 17.4 15.2 97.2 74.5 14.2 DCRS_-_Cotiporã_-_Dois_Lajeados_(110_m) -999.9 -999.9 1010.7 1002.4 1009.6 16.3 12.6 304.0 Rio_Grande_do_Sul DCRS -999.9 0.0 0.2 97.19 97.57 96.73 -1 -0.02 97.57 97.57 97.57 97.57
-28.995701 -51.754700 DCRS-00057 2026-09-12_16:12 16.9 -999.9 -999.9 83.5 -999.9 -999.9 14.1 -999.9 -999.9 1009.7 -999.9 -999.9 0.0 -999.9 4.1 96.0 0.0 0.2 55.2 55.4 57.6 57.6 17.4 15.2 97.2 74.5 14.2 DCRS_-_Cotiporã_-_Dois_Lajeados_(110_m) -999.9 -999.9 1010.7 1002.4 1009.7 16.3 12.6 304.0 Rio_Grande_do_Sul DCRS -999.9 0.0 0.2 97.21 97.57 96.73 -1 0.0 97.57 97.57 97.57 97.57
-28.995701 -51.754700 DCRS-00057 2026-09-12_16:13 16.9 -999.9 -999.9 83.4 -999.9 -999.9 14.0 -999.9 -999.9 1009.6 -999.9 -999.9 2.2 -999.9 4.1 84.0 0.0 0.2 55.2 55.4 57.6 57.6 17.4 15.2 97.2 74.5 14.2 DCRS_-_Cotiporã_-_Dois_Lajeados_(110_m) -999.9 -999.9 1010.7 1002.4 1009.6 16.3 12.6 304.0 Rio_Grande_do_Sul DCRS -999.9 0.0 0.2 97.17 97.57 96.73 -1 -0.01 97.57 97.57 97.57 97.57
-28.995701 -51.754700 DCRS-00057 2026-09-12_16:14 16.9 -999.9 -999.9 83.8 -999.9 -999.9 14.1 -999.9 -999.9 1009.7 -999.9 -999.9 2.2 -999.9 4.1 90.0 0.0 0.2 55.2 55.4 57.6 57.6 17.4 15.2 97.2 74.5 14.2 DCRS_-_Cotiporã_-_Dois_Lajeados_(110_m) -999.9 -999.9 1010.7 1002.4 1009.7 16.3 12.6 304.0 Rio_Grande_do_Sul DCRS -999.9 0.0 0.2 97.21 97.57 96.73 -1 0.03 97.57 97.57 97.57 97.57
-28.995701 -51.754700 DCRS-00057 2026-09-12_16:15 16.8 -999.9 -999.9 85.0 -999.9 -999.9 14.2 -999.9 -999.9 1009.9 -999.9 -999.9 0.0 -999.9 3.8 82.0 0.0 0.2 55.2 55.4 57.6 57.6 17.4 15.2 97.2 74.5 14.2 DCRS_-_Cotiporã_-_Dois_Lajeados_(110_m) -999.9 -999.9 1010.7 1002.4 1009.9 16.3 12.6 304.0 Rio_Grande_do_Sul DCRS -999.9 0.0 0.2 97.19 97.57 96.73 -1 0.01 97.57 97.57 97.57 97.57
-28.995701 -51.754700 DCRS-00057 2026-09-12_16:16 16.8 -999.9 -999.9 84.2 -999.9 -999.9 -999.9 -999.9 -999.9 1009.7 -999.9 -999.9 2.8 -999.9 3.8 86.0 0.0 0.2 55.2 55.4 57.6 57.6 17.4 15.2 97.2 74.5 14.2 DCRS_-_Cotiporã_-_Dois_Lajeados_(110_m) -999.9 -999.9 1010.7 1002.4 1009.7 16.3 12.6 304.0 Rio_Grande_do_Sul DCRS -999.9 0.0 0.2 97.18 97.57 96.73 -1 -0.01 97.57 97.57 97.57 97.57
-28.995701 -51.754700 DCRS-00057 2026-09-12_16:17 16.8 -999.9 -999.9 84.2 -999.9 -999.9 14.1 -999.9 -999.9 1009.7 -999.9 -999.9 3.1 -999.9 3.8 91.0 0.0 0.2 55.2 55.4 57.6 57.6 17.4 15.2 97.2 74.5 14.2 DCRS_-_Cotiporã_-_Dois_Lajeados_(110_m) -999.9 -999.9 1010.7 1002.4 1009.7 16.3 12.6 304.0 Rio_Grande_do_Sul DCRS -999.9 0.0 0.2 97.14 97.57 96.73 0 -0.02 97.57 97.57 97.57 97.57
-28.995701 -51.754700 DCRS-00057 2026-09-12_16:18 16.7 -999.9 -999.9 84.3 -999.9 -999.9 14.0 -999.9 -999.9 1009.8 -999.9 -999.9 2.4 -999.9 3.8 96.0 0.0 0.2 55.2 55.4 57.6 57.6 17.4 15.2 97.2 74.5 14.2 DCRS_-_Cotiporã_-_Dois_Lajeados_(110_m) -999.9 -999.9 1010.7 1002.4 1009.8 16.3 12.6 304.0 Rio_Grande_do_Sul DCRS -999.9 0.0 0.2 97.2 97.57 96.73 -1 0.0 97.57 97.57 97.57 97.57
-28.995701 -51.754700 DCRS-00057 2026-09-12_16:19 16.7 -999.9 -999.9 84.2 -999.9 -999.9 14.0 -999.9 -999.9 1009.8 -999.9 -999.9 2.0 -999.9 3.8 94.0 0.0 0.2 55.2 55.4 57.6 57.6 17.4 15.2 97.2 74.5 14.2 DCRS_-_Cotiporã_-_Dois_Lajeados_(110_m) -999.9 -999.9 1010.7 1002.4 1009.8 16.3 12.6 304.0 Rio_Grande_do_Sul DCRS -999.9 0.0 0.2 97.14 97.57 96.73 0 -0.03 97.57 97.57 97.57 97.57
-28.995701 -51.754700 DCRS-00057 2026-09-12_16:20 16.6 -999.9 -999.9 84.8 -999.9 -999.9 14.0 -999.9 -999.9 1010.0 -999.9 -999.9 0.0 -999.9 3.6 103.0 0.0 0.2 55.2 55.4 57.6 57.6 17.4 15.2 97.2 74.5 14.2 DCRS_-_Cotiporã_-_Dois_Lajeados_(110_m) -999.9 -999.9 1010.7 1002.4 1010.0 16.3 12.6 304.0 Rio_Grande_do_Sul DCRS -999.9 0.0 0.2 97.19 97.57 96.73 0 0.03 97.57 97.57 97.57 97.57
-28.995701 -51.754700 DCRS-00057 2026-09-12_16:21 16.6 -999.9 -999.9 85.3 -999.9 -999.9 14.1 -999.9 -999.9 1010.1 -999.9 -999.9 0.0 -999.9 3.6 108.0 0.0 0.2 55.2 55.4 57.6 57.6 17.4 15.2 97.2 74.5 14.2 DCRS_-_Cotiporã_-_Dois_Lajeados_(110_m) -999.9 -999.9 1010.7 1002.4 1010.1 16.3 12.6 304.0 Rio_Grande_do_Sul DCRS -999.9 0.0 0.2 97.24 97.57 96.73 0 0.08 97.57 97.57 97.57 97.57
-28.995701 -51.754700 DCRS-00057 2026-09-12_16:22 16.6 -999.9 -999.9 85.8 -999.9 -999.9 14.2 -999.9 -999.9 1010.2 -999.9 -999.9 0.0 -999.9 3.6 110.0 0.0 0.2 55.2 55.4 57.6 57.6 17.4 15.2 97.2 74.5 14.2 DCRS_-_Cotiporã_-_Dois_Lajeados_(110_m) -999.9 -999.9 1010.7 1002.4 1010.2 16.3 12.6 304.0 Rio_Grande_do_Sul DCRS -999.9 0.0 0.2 97.14 97.57 96.73 0 -0.04 97.57 97.57 97.57 97.57
-28.995701 -51.754700 DCRS-00057 2026-09-12_16:23 16.6 -999.9 -999.9 85.6 -999.9 -999.9 14.2 -999.9 -999.9 1010.2 -999.9 -999.9 0.0 -999.9 3.6 100.0 0.0 0.2 55.2 55.4 57.6 57.6 17.4 15.2 97.2 74.5 14.2 DCRS_-_Cotiporã_-_Dois_Lajeados_(110_m) -999.9 -999.9 1010.7 1002.4 1010.2 16.3 12.6 304.0 Rio_Grande_do_Sul DCRS -999.9 0.0 0.2 97.17 97.57 96.73 0 0.03 97.57 97.57 97.57 97.57
-28.995701 -51.754700 DCRS-00057 2026-09-12_16:24 16.6 -999.9 -999.9 85.3 -999.9 -999.9 14.1 -999.9 -999.9 1010.2 -999.9 -999.9 2.3 -999.9 3.6 86.0 0.0 0.2 55.2 55.4 57.6 57.6 17.4 15.2 97.2 74.5 14.2 DCRS_-_Cotiporã_-_Dois_Lajeados_(110_m) -999.9 -999.9 1010.7 1002.4 1010.2 16.3 12.6 304.0 Rio_Grande_do_Sul DCRS -999.9 0.0 0.2 97.1 97.57 96.73 0 -0.05 97.57 97.57 97.57 97.57
-28.995701 -51.754700 DCRS-00057 2026-09-12_16:25 16.7 -999.9 -999.9 85.5 -999.9 -999.9 14.2 -999.9 -999.9 1010.2 -999.9 -999.9 0.0 -999.9 3.0 71.0 0.0 0.2 55.2 55.4 57.6 57.6 17.4 15.2 97.2 74.5 14.2 DCRS_-_Cotiporã_-_Dois_Lajeados_(110_m) -999.9 -999.9 1010.7 1002.4 1010.2 16.3 12.6 304.0 Rio_Grande_do_Sul DCRS -999.9 0.0 0.2 97.15 97.57 96.73 -1 0.0 97.57 97.57 97.57 97.57
-28.995701 -51.754700 DCRS-00057 2026-09-12_16:26 16.7 -999.9 -999.9 85.4 -999.9 -999.9 14.2 -999.9 -999.9 1010.2 -999.9 -999.9 0.0 -999.9 3.0 66.0 0.0 0.2 55.2 55.4 57.6 57.6 17.4 15.2 97.2 74.5 14.2 DCRS_-_Cotiporã_-_Dois_Lajeados_(110_m) -999.9 -999.9 1010.7 1002.4 1010.2 16.3 12.6 304.0 Rio_Grande_do_Sul DCRS -999.9 0.0 0.2 97.18 97.57 96.73 -1 0.05 97.57 97.57 97.57 97.57
-28.995701 -51.754700 DCRS-00057 2026-09-12_16:27 16.7 -999.9 -999.9 85.2 -999.9 -999.9 14.2 -999.9 -999.9 1010.2 -999.9 -999.9 0.0 -999.9 3.0 66.0 0.0 0.2 55.2 55.4 57.6 57.6 17.4 15.2 97.2 74.5 14.2 DCRS_-_Cotiporã_-_Dois_Lajeados_(110_m) -999.9 -999.9 1010.7 1002.4 1010.2 16.3 12.6 304.0 Rio_Grande_do_Sul DCRS -999.9 0.0 0.2 97.26 97.57 96.73 -1 0.09 97.57 97.57 97.57 97.57
-28.995701 -51.754700 DCRS-00057 2026-09-12_16:28 16.7 -999.9 -999.9 85.2 -999.9 -999.9 14.2 -999.9 -999.9 1010.2 -999.9 -999.9 0.0 -999.9 3.0 64.0 0.0 0.2 55.2 55.4 57.6 57.6 17.4 15.2 97.2 74.5 14.2 DCRS_-_Cotiporã_-_Dois_Lajeados_(110_m) -999.9 -999.9 1010.7 1002.4 1010.2 16.3 12.6 304.0 Rio_Grande_do_Sul DCRS -999.9 0.0 0.2 97.17 97.57 96.73 -1 -0.05 97.57 97.57 97.57 97.57
-28.995701 -51.754700 DCRS-00057 2026-09-12_16:29 16.7 -999.9 -999.9 85.0 -999.9 -999.9 14.1 -999.9 -999.9 1010.2 -999.9 -999.9 -999.9 -999.9 3.0 63.0 0.0 0.2 55.2 55.4 57.6 57.6 17.4 15.2 97.2 74.5 14.2 DCRS_-_Cotiporã_-_Dois_Lajeados_(110_m) -999.9 -999.9 1010.7 1002.4 1010.2 16.3 12.6 304.0 Rio_Grande_do_Sul DCRS -999.9 0.0 0.2 97.17 97.57 96.73 -1 -0.05 97.57 97.57 97.57 97.57
-28.995701 -51.754700 DCRS-00057 2026-09-12_16:30 16.6 -999.9 -999.9 84.9 -999.9 -999.9 14.0 -999.9 -999.9 1010.1 -999.9 -999.9 2.5 -999.9 3.7 60.0 0.0 0.2 55.2 55.4 57.6 57.6 17.4 15.2 97.2 74.5 14.2 DCRS_-_Cotiporã_-_Dois_Lajeados_(110_m) -999.9 -999.9 1010.7 1002.4 1010.1 16.3 12.6 304.0 Rio_Grande_do_Sul DCRS -999.9 0.0 0.2 97.18 97.57 96.73 -1 -0.04 97.57 97.57 97.57 97.57
-28.995701 -51.754700 DCRS-00057 2026-09-12_16:31 16.6 -999.9 -999.9 85.2 -999.9 -999.9 14.1 -999.9 -999.9 1010.2 -999.9 -999.9 2.6 -999.9 3.7 55.0 0.0 0.2 55.2 55.4 57.6 57.6 17.4 15.2 97.2 74.5 14.2 DCRS_-_Cotiporã_-_Dois_Lajeados_(110_m) -999.9 -999.9 1010.7 1002.4 1010.2 16.3 12.6 304.0 Rio_Grande_do_Sul DCRS -999.9 0.0 0.2 97.17 97.57 96.73 0 0.02 97.57 97.57 97.57 97.57
-28.995701 -51.754700 DCRS-00057 2026-09-12_16:32 16.6 -999.9 -999.9 85.7 -999.9 -999.9 14.2 -999.9 -999.9 1010.3 -999.9 -999.9 2.0 -999.9 3.7 62.0 0.0 0.2 55.2 55.4 57.6 57.6 17.4 15.2 97.2 74.5 14.2 DCRS_-_Cotiporã_-_Dois_Lajeados_(110_m) -999.9 -999.9 1010.7 1002.4 1010.3 16.3 12.6 304.0 Rio_Grande_do_Sul DCRS -999.9 0.0 0.2 97.18 97.57 96.73 -1 0.0 97.57 97.57 97.57 97.57
-28.995701 -51.754700 DCRS-00057 2026-09-12_16:33 16.6 -999.9 -999.9 86.1 -999.9 -999.9 14.2 -999.9 -999.9 1010.4 -999.9 -999.9 2.4 -999.9 3.7 70.0 0.0 0.2 55.2 55.4 57.6 57.6 17.4 15.2 97.2 74.5 14.2 DCRS_-_Cotiporã_-_Dois_Lajeados_(110_m) -999.9 -999.9 1010.7 1002.4 1010.4 16.3 12.6 304.0 Rio_Grande_do_Sul DCRS -999.9 0.0 0.2 97.26 97.57 96.73 -1 0.04 97.57 97.57 97.57 97.57
-28.995701 -51.754700 DCRS-00057 2026-09-12_16:34 16.5 -999.9 -999.9 86.1 -999.9 -999.9 14.1 -999.9 -999.9 1010.4 -999.9 -999.9 3.4 -999.9 3.7 87.0 0.0 0.2 55.2 55.4 57.6 57.6 17.4 15.2 97.2 74.5 14.2 DCRS_-_Cotiporã_-_Dois_Lajeados_(110_m) -999.9 -999.9 1010.7 1002.4 1010.4 16.3 12.6 304.0 Rio_Grande_do_Sul DCRS -999.9 0.0 0.2 97.13 97.57 96.73 0 -0.03 97.57 97.57 97.57 97.57
-28.995701 -51.754700 DCRS-00057 2026-09-12_16:35 16.6 -999.9 -999.9 86.4 -999.9 -999.9 14.3 -999.9 -999.9 1010.4 -999.9 -999.9 2.5 -999.9 4.2 105.0 0.0 0.2 55.2 55.4 57.6 57.6 17.4 15.2 97.2 74.5 14.2 DCRS_-_Cotiporã_-_Dois_Lajeados_(110_m) -999.9 -999.9 1010.7 1002.4 1010.4 16.3 12.6 304.0 Rio_Grande_do_Sul DCRS -999.9 0.0 0.2 97.18 97.57 96.73 0 -0.03 97.57 97.57 97.57 97.57
-28.995701 -51.754700 DCRS-00057 2026-09-12_16:36 16.6 -999.9 -999.9 86.7 -999.9 -999.9 14.4 -999.9 -999.9 1010.5 -999.9 -999.9 2.0 -999.9 4.2 94.0 0.0 0.2 55.2 55.4 57.6 57.6 17.4 15.2 97.2 74.5 14.2 DCRS_-_Cotiporã_-_Dois_Lajeados_(110_m) -999.9 -999.9 1010.7 1002.4 1010.5 16.3 12.6 304.0 Rio_Grande_do_Sul DCRS -999.9 0.0 0.2 97.22 97.57 96.73 0 0.02 97.57 97.57 97.57 97.57
-28.995701 -51.754700 DCRS-00057 2026-09-12_16:37 16.6 -999.9 -999.9 87.0 -999.9 -999.9 14.4 -999.9 -999.9 1010.6 -999.9 -999.9 0.0 -999.9 4.2 88.0 0.0 0.2 55.2 55.4 57.6 57.6 17.4 15.2 97.2 74.5 14.2 DCRS_-_Cotiporã_-_Dois_Lajeados_(110_m) -999.9 -999.9 1010.7 1002.4 1010.6 16.3 12.6 304.0 Rio_Grande_do_Sul DCRS -999.9 0.0 0.2 97.2 97.57 96.73 0 -0.02 97.57 97.57 97.57 97.57
-28.995701 -51.754700 DCRS-00057 2026-09-12_16:38 16.6 -999.9 -999.9 86.4 -999.9 -999.9 14.3 -999.9 -999.9 1010.5 -999.9 -999.9 0.0 -999.9 4.2 88.0 0.0 0.2 55.2 55.4 57.6 57.6 17.4 15.2 97.2 74.5 14.2 DCRS_-_Cotiporã_-_Dois_Lajeados_(110_m) -999.9 -999.9 1010.7 1002.4 1010.5 16.3 12.6 304.0 Rio_Grande_do_Sul DCRS -999.9 0.0 0.2 97.21 97.57 96.73 1 0.05 97.57 97.57 97.57 97.57
-28.995701 -51.754700 DCRS-00057 2026-09-12_16:39 16.7 -999.9 -999.9 86.6 -999.9 -999.9 14.4 -999.9 -999.9 1010.6 -999.9 -999.9 0.0 -999.9 4.2 87.0 0.0 0.2 55.2 55.4 57.6 57.6 17.4 15.2 97.2 74.5 14.2 DCRS_-_Cotiporã_-_Dois_Lajeados_(110_m) -999.9 -999.9 1010.7 1002.4 1010.6 16.3 12.6 304.0 Rio_Grande_do_Sul DCRS -999.9 0.0 0.2 97.22 97.57 96.73 1 0.06 97.57 97.57 97.57 97.57
-28.995701 -51.754700 DCRS-00057 2026-09-12_16:40 16.7 -999.9 -999.9 86.0 -999.9 -999.9 14.3 -999.9 -999.9 1010.4 -999.9 -999.9 -999.9 -999.9 2.5 67.0 0.0 0.2 55.2 55.4 57.6 57.6 17.4 15.2 97.2 74.5 14.2 DCRS_-_Cotiporã_-_Dois_Lajeados_(110_m) -999.9 -999.9 1010.7 1002.4 1010.4 16.3 12.6 304.0 Rio_Grande_do_Sul DCRS -999.9 0.0 0.2 97.17 97.57 96.73 1 0.01 97.57 97.57 97.57 97.57
-28.995701 -51.754700 DCRS-00057 2026-09-12_16:41 16.7 -999.9 -999.9 86.6 -999.9 -999.9 -999.9 -999.9 -999.9 1010.6 -999.9 -999.9 0.0 -999.9 2.5 56.0 0.0 0.2 55.2 55.4 57.6 57.6 17.4 15.2 97.2 74.5 14.2 DCRS_-_Cotiporã_-_Dois_Lajeados_(110_m) -999.9 -999.9 1010.7 1002.4 1010.6 16.3 12.6 304.0 Rio_Grande_do_Sul DCRS -999.9 0.0 0.2 97.17 97.57 96.73 1 0.02 97.57 97.57 97.57 97.57
-28.995701 -51.754700 DCRS-00057 2026-09-12_16:42 16.8 -999.9 -999.9 85.9 -999.9 -999.9 14.4 -999.9 -999.9 1010.5 -999.9 -999.9 0.0 -999.9 2.5 52.0 0.0 0.2 55.2 55.4 57.6 57.6 17.4 15.2 97.2 74.5 14.2 DCRS_-_Cotiporã_-_Dois_Lajeados_(110_m) -999.9 -999.9 1010.7 1002.4 1010.5 16.3 12.6 304.0 Rio_Grande_do_Sul DCRS -999.9 0.0 0.2 97.16 97.57 96.73 1 -0.01 97.57 97.57 97.57 97.57
-28.995701 -51.754700 DCRS-00057 2026-09-12_16:43 16.7 -999.9 -999.9 85.6 -999.9 -999.9 14.3 -999.9 -999.9 1010.4 -999.9 -999.9 -999.9 -999.9 2.5 80.0 0.0 0.2 55.2 55.4 57.6 57.6 17.4 15.2 97.2 74.5 14.2 DCRS_-_Cotiporã_-_Dois_Lajeados_(110_m) -999.9 -999.9 1010.7 1002.4 1010.4 16.3 12.6 304.0 Rio_Grande_do_Sul DCRS -999.9 0.0 0.2 97.14 97.57 96.73 1 -0.03 97.57 97.57 97.57 97.57
-28.995701 -51.754700 DCRS-00057 2026-09-12_16:44 16.7 -999.9 -999.9 84.6 -999.9 -999.9 14.1 -999.9 -999.9 1010.2 -999.9 -999.9 -999.9 -999.9 2.5 79.0 0.0 0.2 55.2 55.4 57.6 57.6 17.4 15.2 97.2 74.5 14.2 DCRS_-_Cotiporã_-_Dois_Lajeados_(110_m) -999.9 -999.9 1010.7 1002.4 1010.2 16.3 12.6 304.0 Rio_Grande_do_Sul DCRS -999.9 0.0 0.2 97.18 97.57 96.73 1 0.01 97.57 97.57 97.57 97.57
-28.995701 -51.754700 DCRS-00057 2026-09-12_16:45 16.7 -999.9 -999.9 84.6 -999.9 -999.9 14.1 -999.9 -999.9 1010.2 -999.9 -999.9 3.2 -999.9 5.2 89.0 0.0 0.2 55.2 55.4 57.6 57.6 17.4 15.2 97.2 74.5 14.2 DCRS_-_Cotiporã_-_Dois_Lajeados_(110_m) -999.9 -999.9 1010.7 1002.4 1010.2 16.3 12.6 304.0 Rio_Grande_do_Sul DCRS -999.9 0.0 0.2 97.16 97.57 96.73 1 -0.01 97.57 97.57 97.57 97.57
-28.995701 -51.754700 DCRS-00057 2026-09-12_16:46 16.6 -999.9 -999.9 84.6 -999.9 -999.9 14.0 -999.9 -999.9 1010.2 -999.9 -999.9 3.0 -999.9 5.2 84.0 0.0 0.2 55.2 55.4 57.6 57.6 17.4 15.2 97.2 74.5 14.2 DCRS_-_Cotiporã_-_Dois_Lajeados_(110_m) -999.9 -999.9 1010.7 1002.4 1010.2 16.3 12.6 304.0 Rio_Grande_do_Sul DCRS -999.9 0.0 0.2 97.11 97.57 96.73 1 -0.06 97.57 97.57 97.57 97.57
-28.995701 -51.754700 DCRS-00057 2026-09-12_16:47 16.7 -999.9 -999.9 84.6 -999.9 -999.9 14.1 -999.9 -999.9 1010.2 -999.9 -999.9 2.4 -999.9 5.2 79.0 0.0 0.2 55.2 55.4 57.6 57.6 17.4 15.2 97.2 74.5 14.2 DCRS_-_Cotiporã_-_Dois_Lajeados_(110_m) -999.9 -999.9 1010.7 1002.4 1010.2 16.3 12.6 304.0 Rio_Grande_do_Sul DCRS -999.9 0.0 0.2 97.22 97.57 96.73 1 0.02 97.57 97.57 97.57 97.57
-28.995701 -51.754700 DCRS-00057 2026-09-12_16:48 16.6 -999.9 -999.9 84.5 -999.9 -999.9 14.0 -999.9 -999.9 1010.2 -999.9 -999.9 2.6 -999.9 5.2 75.0 0.0 0.2 55.2 55.4 57.6 57.6 17.4 15.2 97.2 74.5 14.2 DCRS_-_Cotiporã_-_Dois_Lajeados_(110_m) -999.9 -999.9 1010.7 1002.4 1010.2 16.3 12.6 304.0 Rio_Grande_do_Sul DCRS -999.9 0.0 0.2 97.19 97.57 96.73 1 0.06 97.57 97.57 97.57 97.57
-28.995701 -51.754700 DCRS-00057 2026-09-12_16:49 16.6 -999.9 -999.9 84.3 -999.9 -999.9 13.9 -999.9 -999.9 1010.1 -999.9 -999.9 2.4 -999.9 5.2 72.0 0.0 0.2 55.2 55.4 57.6 57.6 17.4 15.2 97.2 74.5 14.2 DCRS_-_Cotiporã_-_Dois_Lajeados_(110_m) -999.9 -999.9 1010.7 1002.4 1010.1 16.3 12.6 304.0 Rio_Grande_do_Sul DCRS -999.9 0.0 0.2 97.1 97.57 96.73 1 -0.03 97.57 97.57 97.57 97.57
-28.995701 -51.754700 DCRS-00057 2026-09-12_16:50 16.6 -999.9 -999.9 84.3 -999.9 -999.9 13.9 -999.9 -999.9 1010.2 -999.9 -999.9 2.0 -999.9 4.1 68.0 0.0 0.2 55.2 55.4 57.6 57.6 17.4 15.2 97.2 74.5 14.2 DCRS_-_Cotiporã_-_Dois_Lajeados_(110_m) -999.9 -999.9 1010.7 1002.4 1010.2 16.3 12.6 304.0 Rio_Grande_do_Sul DCRS -999.9 0.0 0.2 97.17 97.57 96.73 1 0.04 97.57 97.57 97.57 97.57
-28.995701 -51.754700 DCRS-00057 2026-09-12_16:51 16.7 -999.9 -999.9 84.4 -999.9 -999.9 14.0 -999.9 -999.9 1010.2 -999.9 -999.9 0.0 -999.9 4.1 61.0 0.0 0.2 55.2 55.4 57.6 57.6 17.4 15.2 97.2 74.5 14.2 DCRS_-_Cotiporã_-_Dois_Lajeados_(110_m) -999.9 -999.9 1010.7 1002.4 1010.2 16.3 12.6 304.0 Rio_Grande_do_Sul DCRS -999.9 0.0 0.2 97.28 97.57 96.73 0 0.09 97.57 97.57 97.57 97.57
-28.995701 -51.754700 DCRS-00057 2026-09-12_16:52 16.7 -999.9 -999.9 84.4 -999.9 -999.9 14.0 -999.9 -999.9 1010.2 -999.9 -999.9 0.0 -999.9 4.1 47.0 0.0 0.2 55.2 55.4 57.6 57.6 17.4 15.2 97.2 74.5 14.2 DCRS_-_Cotiporã_-_Dois_Lajeados_(110_m) -999.9 -999.9 1010.7 1002.4 1010.2 16.3 12.6 304.0 Rio_Grande_do_Sul DCRS -999.9 0.0 0.2 97.16 97.57 96.73 1 -0.03 97.57 97.57 97.57 97.57
-28.995701 -51.754700 DCRS-00057 2026-09-12_16:53 16.8 -999.9 -999.9 85.3 -999.9 -999.9 14.3 -999.9 -999.9 1010.3 -999.9 -999.9 0.0 -999.9 4.1 40.0 0.0 0.2 55.2 55.4 57.6 57.6 17.4 15.2 97.2 74.5 14.2 DCRS_-_Cotiporã_-_Dois_Lajeados_(110_m) -999.9 -999.9 1010.7 1002.4 1010.3 16.3 12.6 304.0 Rio_Grande_do_Sul DCRS -999.9 0.0 0.2 97.14 97.57 96.73 1 -0.03 97.57 97.57 97.57 97.57
-28.995701 -51.754700 DCRS-00057 2026-09-12_16:54 16.7 -999.9 -999.9 85.0 -999.9 -999.9 14.1 -999.9 -999.9 1010.3 -999.9 -999.9 0.0 -999.9 4.1 47.0 0.0 0.2 55.2 55.4 57.6 57.6 17.4 15.2 97.2 74.5 14.2 DCRS_-_Cotiporã_-_Dois_Lajeados_(110_m) -999.9 -999.9 1010.7 1002.4 1010.3 16.3 12.6 304.0 Rio_Grande_do_Sul DCRS -999.9 0.0 0.2 97.15 97.57 96.73 1 -0.03 97.57 97.57 97.57 97.57
-28.995701 -51.754700 DCRS-00057 2026-09-12_16:55 16.7 -999.9 -999.9 85.1 -999.9 -999.9 14.2 -999.9 -999.9 1010.3 -999.9 -999.9 0.0 -999.9 2.2 62.0 0.0 0.2 55.2 55.4 57.6 57.6 17.4 15.2 97.2 74.5 14.2 DCRS_-_Cotiporã_-_Dois_Lajeados_(110_m) -999.9 -999.9 1010.7 1002.4 1010.3 16.3 12.6 304.0 Rio_Grande_do_Sul DCRS -999.9 0.0 0.2 97.08 97.57 96.73 0 -0.1 97.57 97.57 97.57 97.57
-28.995701 -51.754700 DCRS-00057 2026-09-12_16:56 16.7 -999.9 -999.9 85.1 -999.9 -999.9 14.2 -999.9 -999.9 1010.3 -999.9 -999.9 0.0 -999.9 2.2 63.0 0.0 0.2 55.2 55.4 57.6 57.6 17.4 15.2 97.2 74.5 14.2 DCRS_-_Cotiporã_-_Dois_Lajeados_(110_m) -999.9 -999.9 1010.7 1002.4 1010.3 16.3 12.6 304.0 Rio_Grande_do_Sul DCRS -999.9 0.0 0.2 97.12 97.57 96.73 0 -0.02 97.57 97.57 97.57 97.57
-28.995701 -51.754700 DCRS-00057 2026-09-12_16:57 16.7 -999.9 -999.9 85.9 -999.9 -999.9 14.3 -999.9 -999.9 1010.5 -999.9 -999.9 0.0 -999.9 2.2 63.0 0.0 0.2 55.2 55.4 57.6 57.6 17.4 15.2 97.2 74.5 14.2 DCRS_-_Cotiporã_-_Dois_Lajeados_(110_m) -999.9 -999.9 1010.7 1002.4 1010.5 16.3 12.6 304.0 Rio_Grande_do_Sul DCRS -999.9 0.0 0.2 97.15 97.57 96.73 0 -0.05 97.57 97.57 97.57 97.57
-28.995701 -51.754700 DCRS-00057 2026-09-12_16:58 16.8 -999.9 -999.9 87.3 -999.9 -999.9 14.7 -999.9 -999.9 1010.8 -999.9 -999.9 0.0 -999.9 2.2 55.0 0.0 0.2 55.2 55.4 57.6 57.6 17.4 15.2 97.2 74.5 14.2 DCRS_-_Cotiporã_-_Dois_Lajeados_(110_m) -999.9 -999.9 1010.8 1002.4 1010.8 16.3 12.6 304.0 Rio_Grande_do_Sul DCRS -999.9 0.0 0.2 97.2 97.57 96.73 0 0.09 97.57 97.57 97.57 97.57
-28.995701 -51.754700 DCRS-00057 2026-09-12_16:59 16.8 -999.9 -999.9 87.6 -999.9 -999.9 14.7 -999.9 -999.9 1010.8 -999.9 -999.9 0.0 -999.9 2.2 41.0 0.0 0.2 55.2 55.4 57.6 57.6 17.4 15.2 97.2 74.5 14.2 DCRS_-_Cotiporã_-_Dois_Lajeados_(110_m) -999.9 -999.9 1010.8 1002.4 1010.8 16.3 12.6 304.0 Rio_Grande_do_Sul DCRS -999.9 0.0 0.2 97.17 97.57 96.73 0 0.06 97.57 97.57 97.57 97.57
-28.995701 -51.754700 DCRS-00057 2026-09-12_17:00 16.9 -999.9 -999.9 87.7 -999.9 -999.9 14.8 -999.9 -999.9 1010.9 -999.9 -999.9 0.0 -999.9 0.0 29.0 0.0 0.2 55.2 55.4 57.6 57.6 17.4 15.2 97.2 74.5 14.2 DCRS_-_Cotiporã_-_Dois_Lajeados_(110_m) -999.9 -999.9 1010.9 1002.4 1010.9 16.3 12.6 304.0 Rio_Grande_do_Sul DCRS -999.9 0.0 0.2 97.18 97.57 96.73 0 -0.02 97.57 97.57 97.57 97.57
-28.995701 -51.754700 DCRS-00057 2026-09-12_17:01 16.9 -999.9 -999.9 86.2 -999.9 -999.9 14.6 -999.9 -999.9 1010.6 -999.9 -999.9 0.0 -999.9 0.0 19.0 0.0 0.2 55.2 55.4 57.6 57.6 17.4 15.2 97.2 74.5 14.2 DCRS_-_Cotiporã_-_Dois_Lajeados_(110_m) -999.9 -999.9 1010.9 1002.4 1010.6 16.3 12.6 304.0 Rio_Grande_do_Sul DCRS -999.9 0.0 0.2 97.15 97.57 96.73 0 -0.06 97.57 97.57 97.57 97.57
-28.995701 -51.754700 DCRS-00057 2026-09-12_17:02 16.9 -999.9 -999.9 86.2 -999.9 -999.9 14.6 -999.9 -999.9 1010.6 -999.9 -999.9 0.0 -999.9 0.0 15.0 0.0 0.2 55.2 55.4 57.6 57.6 17.4 15.2 97.2 74.5 14.2 DCRS_-_Cotiporã_-_Dois_Lajeados_(110_m) -999.9 -999.9 1010.9 1002.4 1010.6 16.3 12.6 304.0 Rio_Grande_do_Sul DCRS -999.9 0.0 0.2 97.23 97.57 96.73 0 0.08 97.57 97.57 97.57 97.57
-28.995701 -51.754700 DCRS-00057 2026-09-12_17:03 16.8 -999.9 -999.9 84.4 -999.9 -999.9 14.1 -999.9 -999.9 1010.3 -999.9 -999.9 0.0 -999.9 0.0 13.0 0.0 0.2 55.2 55.4 57.6 57.6 17.4 15.2 97.2 74.5 14.2 DCRS_-_Cotiporã_-_Dois_Lajeados_(110_m) -999.9 -999.9 1010.9 1002.4 1010.3 16.3 12.6 304.0 Rio_Grande_do_Sul DCRS -999.9 0.0 0.2 97.11 97.57 96.73 0 -0.05 97.57 97.57 97.57 97.57
-28.995701 -51.754700 DCRS-00057 2026-09-12_17:04 16.9 -999.9 -999.9 85.1 -999.9 -999.9 14.4 -999.9 -999.9 1010.5 -999.9 -999.9 0.0 -999.9 0.0 11.0 0.0 0.2 55.2 55.4 57.6 57.6 17.4 15.2 97.2 74.5 14.2 DCRS_-_Cotiporã_-_Dois_Lajeados_(110_m) -999.9 -999.9 1010.9 1002.4 1010.5 16.3 12.6 304.0 Rio_Grande_do_Sul DCRS -999.9 0.0 0.2 97.11 97.57 96.73 0 -0.05 97.57 97.57 97.57 97.57
-28.995701 -51.754700 DCRS-00057 2026-09-12_17:05 16.9 -999.9 -999.9 85.9 -999.9 -999.9 14.5 -999.9 -999.9 1010.7 -999.9 -999.9 0.0 -999.9 0.0 10.0 0.0 0.2 55.2 55.4 57.6 57.6 17.4 15.2 97.2 74.5 14.2 DCRS_-_Cotiporã_-_Dois_Lajeados_(110_m) -999.9 -999.9 1010.9 1002.4 1010.7 16.3 12.6 304.0 Rio_Grande_do_Sul DCRS -999.9 0.0 0.2 97.2 97.57 96.73 -1 -0.02 97.57 97.57 97.57 97.57
-28.995701 -51.754700 DCRS-00057 2026-09-12_17:06 16.8 -999.9 -999.9 85.0 -999.9 -999.9 14.2 -999.9 -999.9 1010.5 -999.9 -999.9 0.0 -999.9 0.0 10.0 0.0 0.2 55.2 55.4 57.6 57.6 17.4 15.2 97.2 74.5 14.2 DCRS_-_Cotiporã_-_Dois_Lajeados_(110_m) -999.9 -999.9 1010.9 1002.4 1010.5 16.3 12.6 304.0 Rio_Grande_do_Sul DCRS -999.9 0.0 0.2 97.13 97.57 96.73 -1 -0.05 97.57 97.57 97.57 97.57
-28.995701 -51.754700 DCRS-00057 2026-09-12_17:07 16.8 -999.9 -999.9 84.4 -999.9 -999.9 14.1 -999.9 -999.9 1010.4 -999.9 -999.9 0.0 -999.9 0.0 10.0 0.0 0.2 55.2 55.4 57.6 57.6 17.4 15.2 97.2 74.5 14.2 DCRS_-_Cotiporã_-_Dois_Lajeados_(110_m) -999.9 -999.9 1010.9 1002.4 1010.4 16.3 12.6 304.0 Rio_Grande_do_Sul DCRS -999.9 0.0 0.2 97.27 97.57 96.73 0 0.16 97.57 97.57 97.57 97.57
-28.995701 -51.754700 DCRS-00057 2026-09-12_17:08 16.8 -999.9 -999.9 84.8 -999.9 -999.9 14.2 -999.9 -999.9 1010.5 -999.9 -999.9 0.0 -999.9 0.0 12.0 0.0 0.2 55.2 55.4 57.6 57.6 17.4 15.2 97.2 74.5 14.2 DCRS_-_Cotiporã_-_Dois_Lajeados_(110_m) -999.9 -999.9 1010.9 1002.4 1010.5 16.3 12.6 304.0 Rio_Grande_do_Sul DCRS -999.9 0.0 0.2 97.16 97.57 96.73 0 0.05 97.57 97.57 97.57 97.57
-28.995701 -51.754700 DCRS-00057 2026-09-12_17:09 16.8 -999.9 -999.9 84.9 -999.9 -999.9 14.2 -999.9 -999.9 1010.6 -999.9 -999.9 0.0 -999.9 0.0 10.0 0.0 0.2 55.2 55.4 57.6 57.6 17.4 15.2 97.2 74.5 14.2 DCRS_-_Cotiporã_-_Dois_Lajeados_(110_m) -999.9 -999.9 1010.9 1002.4 1010.6 16.3 12.6 304.0 Rio_Grande_do_Sul DCRS -999.9 0.0 0.2 97.19 97.57 96.73 0 0.08 97.57 97.57 97.57 97.57
-28.995701 -51.754700 DCRS-00057 2026-09-12_17:10 16.8 -999.9 -999.9 87.3 -999.9 -999.9 14.7 -999.9 -999.9 1011.0 -999.9 -999.9 0.0 -999.9 0.0 9.0 0.0 0.2 55.2 55.4 57.6 57.6 17.4 15.2 97.2 74.5 14.2 DCRS_-_Cotiporã_-_Dois_Lajeados_(110_m) -999.9 -999.9 1011.0 1002.4 1011.0 16.3 12.6 304.0 Rio_Grande_do_Sul DCRS -999.9 0.0 0.2 97.21 97.57 96.73 0 0.09 97.57 97.57 97.57 97.57
-28.995701 -51.754700 DCRS-00057 2026-09-12_17:11 16.7 -999.9 -999.9 87.0 -999.9 -999.9 14.5 -999.9 -999.9 1011.1 -999.9 -999.9 0.0 -999.9 0.0 8.0 0.0 0.2 55.2 55.4 57.6 57.6 17.4 15.2 97.2 74.5 14.2 DCRS_-_Cotiporã_-_Dois_Lajeados_(110_m) -999.9 -999.9 1011.1 1002.4 1011.1 16.3 12.6 304.0 Rio_Grande_do_Sul DCRS -999.9 0.0 0.2 97.14 97.57 96.73 -1 -0.05 97.57 97.57 97.57 97.57
-28.995701 -51.754700 DCRS-00057 2026-09-12_17:12 16.7 -999.9 -999.9 86.6 -999.9 -999.9 14.4 -999.9 -999.9 1011.1 -999.9 -999.9 -999.9 -999.9 0.0 10.0 0.0 0.2 55.2 55.4 57.6 57.6 17.4 15.2 97.2 74.5 14.2 DCRS_-_Cotiporã_-_Dois_Lajeados_(110_m) -999.9 -999.9 1011.1 1002.4 1011.1 16.3 12.6 304.0 Rio_Grande_do_Sul DCRS -999.9 0.0 0.2 97.17 97.57 96.73 -1 0.0 97.57 97.57 97.57 97.57
-28.995701 -51.754700 DCRS-00057 2026-09-12_17:13 16.6 -999.9 -999.9 86.5 -999.9 -999.9 14.3 -999.9 -999.9 1011.1 -999.9 -999.9 0.0 -999.9 0.0 11.0 0.0 0.2 55.2 55.4 57.6 57.6 17.4 15.2 97.2 74.5 14.2 DCRS_-_Cotiporã_-_Dois_Lajeados_(110_m) -999.9 -999.9 1011.1 1002.4 1011.1 16.3 12.6 304.0 Rio_Grande_do_Sul DCRS -999.9 0.0 0.2 97.25 97.57 96.73 -1 0.08 97.57 97.57 97.57 97.57
-28.995701 -51.754700 DCRS-00057 2026-09-12_17:14 16.5 -999.9 -999.9 86.4 -999.9 -999.9 14.2 -999.9 -999.9 1011.0 -999.9 -999.9 0.0 -999.9 0.0 13.0 0.0 0.2 55.2 55.4 57.6 57.6 17.4 15.2 97.2 74.5 14.2 DCRS_-_Cotiporã_-_Dois_Lajeados_(110_m) -999.9 -999.9 1011.1 1002.4 1011.0 16.3 12.6 304.0 Rio_Grande_do_Sul DCRS -999.9 0.0 0.2 97.17 97.57 96.73 -1 -0.04 97.57 97.57 97.57 97.57
-28.995701 -51.754700 DCRS-00057 2026-09-12_17:15 16.5 -999.9 -999.9 86.5 -999.9 -999.9 14.2 -999.9 -999.9 1011.1 -999.9 -999.9 0.0 -999.9 7.0 13.0 0.0 0.2 55.2 55.4 57.6 57.6 17.4 15.2 97.2 74.5 14.2 DCRS_-_Cotiporã_-_Dois_Lajeados_(110_m) -999.9 -999.9 1011.1 1002.4 1011.1 16.3 12.6 304.0 Rio_Grande_do_Sul DCRS -999.9 0.0 0.2 97.19 97.57 96.73 0 0.01 97.57 97.57 97.57 97.57
-28.995701 -51.754700 DCRS-00057 2026-09-12_17:16 16.5 -999.9 -999.9 87.1 -999.9 -999.9 14.3 -999.9 -999.9 1011.1 -999.9 -999.9 0.0 -999.9 7.0 13.0 0.0 0.2 55.2 55.4 57.6 57.6 17.4 15.2 97.2 74.5 14.2 DCRS_-_Cotiporã_-_Dois_Lajeados_(110_m) -999.9 -999.9 1011.1 1002.4 1011.1 16.3 12.6 304.0 Rio_Grande_do_Sul DCRS -999.9 0.0 0.2 97.21 97.57 96.73 0 0.07 97.57 97.57 97.57 97.57
-28.995701 -51.754700 DCRS-00057 2026-09-12_17:17 16.5 -999.9 -999.9 86.7 -999.9 -999.9 14.3 -999.9 -999.9 1011.0 -999.9 -999.9 0.0 -999.9 7.0 14.0 0.0 0.2 55.2 55.4 57.6 57.6 17.4 15.2 97.2 74.5 14.2 DCRS_-_Cotiporã_-_Dois_Lajeados_(110_m) -999.9 -999.9 1011.1 1002.4 1011.0 16.3 12.6 304.0 Rio_Grande_do_Sul DCRS -999.9 0.0 0.2 97.15 97.57 96.73 0 0.01 97.57 97.57 97.57 97.57
-28.995701 -51.754700 DCRS-00057 2026-09-12_17:18 16.4 -999.9 -999.9 86.9 -999.9 -999.9 14.2 -999.9 -999.9 1011.1 -999.9 -999.9 0.0 -999.9 7.0 15.0 0.0 0.2 55.2 55.4 57.6 57.6 17.4 15.2 97.2 74.5 14.2 DCRS_-_Cotiporã_-_Dois_Lajeados_(110_m) -999.9 -999.9 1011.1 1002.4 1011.1 16.3 12.6 304.0 Rio_Grande_do_Sul DCRS -999.9 0.0 0.2 97.23 97.57 96.73 0 0.09 97.57 97.57 97.57 97.57
-28.995701 -51.754700 DCRS-00057 2026-09-12_17:19 16.4 -999.9 -999.9 87.7 -999.9 -999.9 -999.9 -999.9 -999.9 1011.3 -999.9 -999.9 4.6 -999.9 7.0 16.0 0.0 0.2 55.2 55.4 57.6 57.6 17.4 15.2 97.2 74.5 14.2 DCRS_-_Cotiporã_-_Dois_Lajeados_(110_m) -999.9 -999.9 1011.3 1002.4 1011.3 16.3 12.6 304.0 Rio_Grande_do_Sul DCRS -999.9 0.0 0.2 97.19 97.57 96.73 0 0.05 97.57 97.57 97.57 97.57
-28.995701 -51.754700 DCRS-00057 2026-09-12_17:20 16.3 -999.9 -999.9 87.5 -999.9 -999.9 14.2 -999.9 -999.9 1011.3 -999.9 -999.9 -999.9 -999.9 4.8 17.0 0.0 0.2 55.2 55.4 57.6 57.6 17.4 15.2 97.2 74.5 14.2 DCRS_-_Cotiporã_-_Dois_Lajeados_(110_m) -999.9 -999.9 1011.3 1002.4 1011.3 16.3 12.6 304.0 Rio_Grande_do_Sul DCRS -999.9 0.0 0.2 97.19 97.57 96.73 0 0.0 97.57 97.57 97.57 97.57
-28.995701 -51.754700 DCRS-00057 2026-09-12_17:21 16.2 -999.9 -999.9 85.6 -999.9 -999.9 13.8 -999.9 -999.9 1010.9 -999.9 -999.9 -999.9 -999.9 4.8 17.0 0.0 0.2 55.2 55.4 57.6 57.6 17.4 15.2 97.2 74.5 14.2 DCRS_-_Cotiporã_-_Dois_Lajeados_(110_m) -999.9 -999.9 1011.3 1002.4 1010.9 16.3 12.6 304.0 Rio_Grande_do_Sul DCRS -999.9 0.0 0.2 97.2 97.57 96.73 0 -0.04 97.57 97.57 97.57 97.57
-28.995701 -51.754700 DCRS-00057 2026-09-12_17:22 16.2 -999.9 -999.9 83.1 -999.9 -999.9 13.3 -999.9 -999.9 1010.5 -999.9 -999.9 0.0 -999.9 4.8 17.0 0.0 0.2 55.2 55.4 57.6 57.6 17.4 15.2 97.2 74.5 14.2 DCRS_-_Cotiporã_-_Dois_Lajeados_(110_m) -999.9 -999.9 1011.3 1002.4 1010.5 16.3 12.6 304.0 Rio_Grande_do_Sul DCRS -999.9 0.0 0.2 97.16 97.57 96.73 1 0.02 97.57 97.57 97.57 97.57
-28.995701 -51.754700 DCRS-00057 2026-09-12_17:23 16.2 -999.9 -999.9 83.5 -999.9 -999.9 13.4 -999.9 -999.9 1010.5 -999.9 -999.9 -999.9 -999.9 4.8 18.0 0.0 0.2 55.2 55.4 57.6 57.6 17.4 15.2 97.2 74.5 14.2 DCRS_-_Cotiporã_-_Dois_Lajeados_(110_m) -999.9 -999.9 1011.3 1002.4 1010.5 16.3 12.6 304.0 Rio_Grande_do_Sul DCRS -999.9 0.0 0.2 97.11 97.57 96.73 1 0.01 97.57 97.57 97.57 97.57
-28.995701 -51.754700 DCRS-00057 2026-09-12_17:24 16.2 -999.9 -999.9 83.6 -999.9 -999.9 13.4 -999.9 -999.9 1010.6 -999.9 -999.9 3.2 -999.9 4.8 19.0 0.0 0.2 55.2 55.4 57.6 57.6 17.4 15.2 97.2 74.5 14.2 DCRS_-_Cotiporã_-_Dois_Lajeados_(110_m) -999.9 -999.9 1011.3 1002.4 1010.6 16.3 12.6 304.0 Rio_Grande_do_Sul DCRS -999.9 0.0 0.2 97.15 97.57 96.73 0 0.0 97.57 97.57 97.57 97.57
-28.995701 -51.754700 DCRS-00057 2026-09-12_17:25 16.2 -999.9 -999.9 83.0 -999.9 -999.9 13.3 -999.9 -999.9 1010.5 -999.9 -999.9 1.9 -999.9 13.3 19.0 0.0 0.2 55.2 55.4 57.6 57.6 17.4 15.2 97.2 74.5 14.2 DCRS_-_Cotiporã_-_Dois_Lajeados_(110_m) -999.9 -999.9 1011.3 1002.4 1010.5 16.3 12.6 304.0 Rio_Grande_do_Sul DCRS -999.9 0.0 0.2 97.08 97.57 96.73 -1 -0.1 97.57 97.57 97.57 97.57
-28.995701 -51.754700 DCRS-00057 2026-09-12_17:26 16.2 -999.9 -999.9 85.8 -999.9 -999.9 13.8 -999.9 -999.9 1011.1 -999.9 -999.9 5.3 -999.9 13.3 18.0 0.0 0.2 55.2 55.4 57.6 57.6 17.4 15.2 97.2 74.5 14.2 DCRS_-_Cotiporã_-_Dois_Lajeados_(110_m) -999.9 -999.9 1011.3 1002.4 1011.1 16.3 12.6 304.0 Rio_Grande_do_Sul DCRS -999.9 0.0 0.2 97.25 97.57 96.73 -1 -0.01 97.57 97.57 97.57 97.57
-28.995701 -51.754700 DCRS-00057 2026-09-12_17:27 16.1 -999.9 -999.9 87.8 -999.9 -999.9 14.1 -999.9 -999.9 1011.4 -999.9 -999.9 3.0 -999.9 13.3 17.0 0.0 0.2 55.2 55.4 57.6 57.6 17.4 15.2 97.2 74.5 14.2 DCRS_-_Cotiporã_-_Dois_Lajeados_(110_m) -999.9 -999.9 1011.4 1002.4 1011.4 16.3 12.6 304.0 Rio_Grande_do_Sul DCRS -999.9 0.0 0.2 97.23 97.57 96.73 -1 -0.03 97.57 97.57 97.57 97.57
-28.995701 -51.754700 DCRS-00057 2026-09-12_17:28 16.1 -999.9 -999.9 88.6 -999.9 -999.9 14.2 -999.9 -999.9 1011.5 -999.9 -999.9 0.0 -999.9 13.3 17.0 0.0 0.2 55.2 55.4 57.6 57.6 17.4 15.2 97.2 74.5 14.2 DCRS_-_Cotiporã_-_Dois_Lajeados_(110_m) -999.9 -999.9 1011.5 1002.4 1011.5 16.3 12.6 304.0 Rio_Grande_do_Sul DCRS -999.9 0.0 0.2 97.24 97.57 96.73 0 0.07 97.57 97.57 97.57 97.57
-28.995701 -51.754700 DCRS-00057 2026-09-12_17:29 16.1 -999.9 -999.9 88.8 -999.9 -999.9 -999.9 -999.9 -999.9 1011.6 -999.9 -999.9 0.0 -999.9 13.3 16.0 0.0 0.2 55.2 55.4 57.6 57.6 17.4 15.2 97.2 74.5 14.2 DCRS_-_Cotiporã_-_Dois_Lajeados_(110_m) -999.9 -999.9 1011.6 1002.4 1011.6 16.3 12.6 304.0 Rio_Grande_do_Sul DCRS -999.9 0.0 0.2 97.21 97.57 96.73 0 0.04 97.57 97.57 97.57 97.57
-28.995701 -51.754700 DCRS-00057 2026-09-12_17:30 16.0 -999.9 -999.9 88.5 -999.9 -999.9 14.1 -999.9 -999.9 1011.6 -999.9 -999.9 0.0 -999.9 6.1 16.0 0.0 0.2 55.2 55.4 57.6 57.6 17.4 15.2 97.2 74.5 14.2 DCRS_-_Cotiporã_-_Dois_Lajeados_(110_m) -999.9 -999.9 1011.6 1002.4 1011.6 16.3 12.6 304.0 Rio_Grande_do_Sul DCRS -999.9 0.0 0.2 97.17 97.57 96.73 0 0.0 97.57 97.57 97.57 97.57
-28.995701 -51.754700 DCRS-00057 2026-09-12_17:31 16.0 -999.9 -999.9 88.3 -999.9 -999.9 14.0 -999.9 -999.9 1011.6 -999.9 -999.9 0.0 -999.9 6.1 17.0 0.0 0.2 55.2 55.4 57.6 57.6 17.4 15.2 97.2 74.5 14.2 DCRS_-_Cotiporã_-_Dois_Lajeados_(110_m) -999.9 -999.9 1011.6 1002.4 1011.6 16.3 12.6 304.0 Rio_Grande_do_Sul DCRS -999.9 0.0 0.2 97.11 97.57 96.73 0 -0.07 97.57 97.57 97.57 97.57
-28.995701 -51.754700 DCRS-00057 2026-09-12_17:32 15.9 -999.9 -999.9 87.5 -999.9 -999.9 13.8 -999.9 -999.9 1011.4 -999.9 -999.9 0.0 -999.9 6.1 18.0 0.0 0.2 55.2 55.4 57.6 57.6 17.4 15.2 97.2 74.5 14.2 DCRS_-_Cotiporã_-_Dois_Lajeados_(110_m) -999.9 -999.9 1011.6 1002.4 1011.4 16.3 12.6 304.0 Rio_Grande_do_Sul DCRS -999.9 0.0 0.2 97.18 97.57 96.73 0 -0.08 97.57 97.57 97.57 97.57
-28.995701 -51.754700 DCRS-00057 2026-09-12_17:33 15.8 -999.9 -999.9 87.5 -999.9 -999.9 13.7 -999.9 -999.9 1011.4 -999.9 -999.9 -999.9 -999.9 6.1 19.0 0.0 0.2 55.2 55.4 57.6 57.6 17.4 15.2 97.2 74.5 14.2 DCRS_-_Cotiporã_-_Dois_Lajeados_(110_m) -999.9 -999.9 1011.6 1002.4 1011.4 16.3 12.6 304.0 Rio_Grande_do_Sul DCRS -999.9 0.0 0.2 97.21 97.57 96.73 1 0.08 97.57 97.57 97.57 97.57
-28.995701 -51.754700 DCRS-00057 2026-09-12_17:34 15.8 -999.9 -999.9 85.9 -999.9 -999.9 13.4 -999.9 -999.9 1011.2 -999.9 -999.9 0.0 -999.9 6.1 20.0 0.0 0.2 55.2 55.4 57.6 57.6 17.4 15.2 97.2 74.5 14.2 DCRS_-_Cotiporã_-_Dois_Lajeados_(110_m) -999.9 -999.9 1011.6 1002.4 1011.2 16.3 12.6 304.0 Rio_Grande_do_Sul DCRS -999.9 0.0 0.2 97.16 97.57 96.73 0 -0.02 97.57 97.57 97.57 97.57
-28.995701 -51.754700 DCRS-00057 2026-09-12_17:35 15.8 -999.9 -999.9 85.7 -999.9 -999.9 -999.9 -999.9 -999.9 1011.2 -999.9 -999.9 0.0 -999.9 6.3 20.0 0.0 0.2 55.2 55.4 57.6 57.6 17.4 15.2 97.2 74.5 14.2 DCRS_-_Cotiporã_-_Dois_Lajeados_(110_m) -999.9 -999.9 1011.6 1002.4 1011.2 16.3 12.6 304.0 Rio_Grande_do_Sul DCRS -999.9 0.0 0.2 97.16 97.57 96.73 0 -0.02 97.57 97.57 97.57 97.57
-28.995701 -51.754700 DCRS-00057 2026-09-12_17:36 15.8 -999.9 -999.9 86.3 -999.9 -999.9 13.5 -999.9 -999.9 1011.3 -999.9 -999.9 4.6 -999.9 6.3 23.0 0.0 0.2 55.2 55.4 57.6 57.6 17.4 15.2 97.2 74.5 14.2 DCRS_-_Cotiporã_-_Dois_Lajeados_(110_m) -999.9 -999.9 1011.6 1002.4 1011.3 16.3 12.6 304.0 Rio_Grande_do_Sul DCRS -999.9 0.0 0.2 97.25 97.57 96.73 0 0.03 97.57 97.57 97.57 97.57
-28.995701 -51.754700 DCRS-00057 2026-09-12_17:37 15.7 -999.9 -999.9 85.7 -999.9 -999.9 13.3 -999.9 -999.9 1011.2 -999.9 -999.9 0.0 -999.9 6.3 23.0 0.0 0.2 55.2 55.4 57.6 57.6 17.4 15.2 97.2 74.5 14.2 DCRS_-_Cotiporã_-_Dois_Lajeados_(110_m) -999.9 -999.9 1011.6 1002.4 1011.2 16.3 12.6 304.0 Rio_Grande_do_Sul DCRS -999.9 0.0 0.2 97.23 97.57 96.73 1 0.02 97.57 97.57 97.57 97.57
-28.995701 -51.754700 DCRS-00057 2026-09-12_17:38 15.8 -999.9 -999.9 85.3 -999.9 -999.9 13.3 -999.9 -999.9 1011.2 -999.9 -999.9 0.0 -999.9 6.3 21.0 0.0 0.2 55.2 55.4 57.6 57.6 17.4 15.2 97.2 74.5 14.2 DCRS_-_Cotiporã_-_Dois_Lajeados_(110_m) -999.9 -999.9 1011.6 1002.4 1011.2 16.3 12.6 304.0 Rio_Grande_do_Sul DCRS -999.9 0.0 0.2 97.19 97.57 96.73 1 -0.02 97.57 97.57 97.57 97.57
-28.995701 -51.754700 DCRS-00057 2026-09-12_17:39 15.7 -999.9 -999.9 84.9 -999.9 -999.9 13.1 -999.9 -999.9 1011.1 -999.9 -999.9 0.0 -999.9 6.3 19.0 0.0 0.2 55.2 55.4 57.6 57.6 17.4 15.2 97.2 74.5 14.2 DCRS_-_Cotiporã_-_Dois_Lajeados_(110_m) -999.9 -999.9 1011.6 1002.4 1011.1 16.3 12.6 304.0 Rio_Grande_do_Sul DCRS -999.9 0.0 0.2 97.19 97.57 96.73 1 -0.03 97.57 97.57 97.57 97.57
-28.995701 -51.754700 DCRS-00057 2026-09-12_17:40 15.7 -999.9 -999.9 86.6 -999.9 -999.9 13.5 -999.9 -999.9 1011.5 -999.9 -999.9 0.0 -999.9 5.4 17.0 0.0 0.2 55.2 55.4 57.6 57.6 17.4 15.2 97.2 74.5 14.2 DCRS_-_Cotiporã_-_Dois_Lajeados_(110_m) -999.9 -999.9 1011.6 1002.4 1011.5 16.3 12.6 304.0 Rio_Grande_do_Sul DCRS -999.9 0.0 0.2 97.24 97.57 96.73 1 0.07 97.57 97.57 97.57 97.57
-28.995701 -51.754700 DCRS-00057 2026-09-12_17:41 15.7 -999.9 -999.9 86.5 -999.9 -999.9 13.4 -999.9 -999.9 1011.5 -999.9 -999.9 0.0 -999.9 5.4 16.0 0.0 0.2 55.2 55.4 57.6 57.6 17.4 15.2 97.2 74.5 14.2 DCRS_-_Cotiporã_-_Dois_Lajeados_(110_m) -999.9 -999.9 1011.6 1002.4 1011.5 16.3 12.6 304.0 Rio_Grande_do_Sul DCRS -999.9 0.0 0.2 97.18 97.57 96.73 1 0.02 97.57 97.57 97.57 97.57
-28.995701 -51.754700 DCRS-00057 2026-09-12_17:42 15.7 -999.9 -999.9 85.1 -999.9 -999.9 13.2 -999.9 -999.9 1011.2 -999.9 -999.9 2.6 -999.9 5.4 14.0 0.0 0.2 55.2 55.4 57.6 57.6 17.4 15.2 97.2 74.5 14.2 DCRS_-_Cotiporã_-_Dois_Lajeados_(110_m) -999.9 -999.9 1011.6 1002.4 1011.2 16.3 12.6 304.0 Rio_Grande_do_Sul DCRS -999.9 0.0 0.2 97.16 97.57 96.73 1 0.0 97.57 97.57 97.57 97.57
-28.995701 -51.754700 DCRS-00057 2026-09-12_17:43 15.7 -999.9 -999.9 85.3 -999.9 -999.9 13.2 -999.9 -999.9 1011.3 -999.9 -999.9 0.0 -999.9 5.4 13.0 0.0 0.2 55.2 55.4 57.6 57.6 17.4 15.2 97.2 74.5 14.2 DCRS_-_Cotiporã_-_Dois_Lajeados_(110_m) -999.9 -999.9 1011.6 1002.4 1011.3 16.3 12.6 304.0 Rio_Grande_do_Sul DCRS -999.9 0.0 0.2 97.19 97.57 96.73 1 0.05 97.57 97.57 97.57 97.57
-28.995701 -51.754700 DCRS-00057 2026-09-12_17:44 15.7 -999.9 -999.9 84.5 -999.9 -999.9 13.1 -999.9 -999.9 1011.1 -999.9 -999.9 0.0 -999.9 5.4 12.0 0.0 0.2 55.2 55.4 57.6 57.6 17.4 15.2 97.2 74.5 14.2 DCRS_-_Cotiporã_-_Dois_Lajeados_(110_m) -999.9 -999.9 1011.6 1002.4 1011.1 16.3 12.6 304.0 Rio_Grande_do_Sul DCRS -999.9 0.0 0.2 97.14 97.57 96.73 1 -0.04 97.57 97.57 97.57 97.57
-28.995701 -51.754700 DCRS-00057 2026-09-12_17:45 15.7 -999.9 -999.9 84.3 -999.9 -999.9 13.0 -999.9 -999.9 1011.1 -999.9 -999.9 0.0 -999.9 3.5 11.0 0.0 0.2 55.2 55.4 57.6 57.6 17.4 15.2 97.2 74.5 14.2 DCRS_-_Cotiporã_-_Dois_Lajeados_(110_m) -999.9 -999.9 1011.6 1002.4 1011.1 16.3 12.6 304.0 Rio_Grande_do_Sul DCRS -999.9 0.0 0.2 97.17 97.57 96.73 1 0.01 97.57 97.57 97.57 97.57
-28.995701 -51.754700 DCRS-00057 2026-09-12_17:46 15.7 -999.9 -999.9 85.9 -999.9 -999.9 13.3 -999.9 -999.9 1011.5 -999.9 -999.9 0.0 -999.9 3.5 11.0 0.0 0.2 55.2 55.4 57.6 57.6 17.4 15.2 97.2 74.5 14.2 DCRS_-_Cotiporã_-_Dois_Lajeados_(110_m) -999.9 -999.9 1011.6 1002.4 1011.5 16.3 12.6 304.0 Rio_Grande_do_Sul DCRS -999.9 0.0 0.2 97.23 97.57 96.73 1 0.12 97.57 97.57 97.57 97.57
-28.995701 -51.754700 DCRS-00057 2026-09-12_17:47 15.8 -999.9 -999.9 86.8 -999.9 -999.9 13.6 -999.9 -999.9 1011.7 -999.9 -999.9 0.0 -999.9 3.5 11.0 0.0 0.2 55.2 55.4 57.6 57.6 17.4 15.2 97.2 74.5 14.2 DCRS_-_Cotiporã_-_Dois_Lajeados_(110_m) -999.9 -999.9 1011.7 1002.4 1011.7 16.3 12.6 304.0 Rio_Grande_do_Sul DCRS -999.9 0.0 0.2 97.1 97.57 96.73 1 -0.12 97.57 97.57 97.57 97.57
-28.995701 -51.754700 DCRS-00057 2026-09-12_17:48 15.7 -999.9 -999.9 87.0 -999.9 -999.9 13.5 -999.9 -999.9 1011.8 -999.9 -999.9 0.0 -999.9 3.5 11.0 0.0 0.2 55.2 55.4 57.6 57.6 17.4 15.2 97.2 74.5 14.2 DCRS_-_Cotiporã_-_Dois_Lajeados_(110_m) -999.9 -999.9 1011.8 1002.4 1011.8 16.3 12.6 304.0 Rio_Grande_do_Sul DCRS -999.9 0.0 0.2 97.21 97.57 96.73 1 0.02 97.57 97.57 97.57 97.57
-28.995701 -51.754700 DCRS-00057 2026-09-12_17:49 15.7 -999.9 -999.9 87.0 -999.9 -999.9 13.5 -999.9 -999.9 1011.8 -999.9 -999.9 0.0 -999.9 3.5 10.0 0.0 0.2 55.2 55.4 57.6 57.6 17.4 15.2 97.2 74.5 14.2 DCRS_-_Cotiporã_-_Dois_Lajeados_(110_m) -999.9 -999.9 1011.8 1002.4 1011.8 16.3 12.6 304.0 Rio_Grande_do_Sul DCRS -999.9 0.0 0.2 97.12 97.57 96.73 1 0.02 97.57 97.57 97.57 97.57
-28.995701 -51.754700 DCRS-00057 2026-09-12_17:50 15.7 -999.9 -999.9 87.3 -999.9 -999.9 13.6 -999.9 -999.9 1011.9 -999.9 -999.9 0.0 -999.9 0.0 10.0 0.0 0.2 55.2 55.4 57.6 57.6 17.4 15.2 97.2 74.5 14.2 DCRS_-_Cotiporã_-_Dois_Lajeados_(110_m) -999.9 -999.9 1011.9 1002.4 1011.9 16.3 12.6 304.0 Rio_Grande_do_Sul DCRS -999.9 0.0 0.2 97.2 97.57 96.73 1 -0.08 97.57 97.57 97.57 97.57
-28.995701 -51.754700 DCRS-00057 2026-09-12_17:51 15.6 -999.9 -999.9 86.8 -999.9 -999.9 13.4 -999.9 -999.9 1011.8 -999.9 -999.9 0.0 -999.9 0.0 10.0 0.0 0.2 55.2 55.4 57.6 57.6 17.4 15.2 97.2 74.5 14.2 DCRS_-_Cotiporã_-_Dois_Lajeados_(110_m) -999.9 -999.9 1011.9 1002.4 1011.8 16.3 12.6 304.0 Rio_Grande_do_Sul DCRS -999.9 0.0 0.2 97.17 97.57 96.73 0 -0.11 97.57 97.57 97.57 97.57
-28.995701 -51.754700 DCRS-00057 2026-09-12_17:52 15.6 -999.9 -999.9 86.2 -999.9 -999.9 13.3 -999.9 -999.9 1011.6 -999.9 -999.9 0.0 -999.9 0.0 10.0 0.0 0.2 55.2 55.4 57.6 57.6 17.4 15.2 97.2 74.5 14.2 DCRS_-_Cotiporã_-_Dois_Lajeados_(110_m) -999.9 -999.9 1011.9 1002.4 1011.6 16.3 12.6 304.0 Rio_Grande_do_Sul DCRS -999.9 0.0 0.2 97.25 97.57 96.73 1 0.09 97.57 97.57 97.57 97.57
-28.995701 -51.754700 DCRS-00057 2026-09-12_17:53 15.6 -999.9 -999.9 86.1 -999.9 -999.9 13.3 -999.9 -999.9 1011.6 -999.9 -999.9 0.0 -999.9 0.0 10.0 0.0 0.2 55.2 55.4 57.6 57.6 17.4 15.2 97.2 74.5 14.2 DCRS_-_Cotiporã_-_Dois_Lajeados_(110_m) -999.9 -999.9 1011.9 1002.4 1011.6 16.3 12.6 304.0 Rio_Grande_do_Sul DCRS -999.9 0.0 0.2 97.15 97.57 96.73 1 0.01 97.57 97.57 97.57 97.57
-28.995701 -51.754700 DCRS-00057 2026-09-12_17:54 15.6 -999.9 -999.9 86.4 -999.9 -999.9 13.3 -999.9 -999.9 1011.6 -999.9 -999.9 -999.9 -999.9 0.0 9.0 0.0 0.2 55.2 55.4 57.6 57.6 17.4 15.2 97.2 74.5 14.2 DCRS_-_Cotiporã_-_Dois_Lajeados_(110_m) -999.9 -999.9 1011.9 1002.4 1011.6 16.3 12.6 304.0 Rio_Grande_do_Sul DCRS -999.9 0.0 0.2 97.18 97.57 96.73 1 0.03 97.57 97.57 97.57 97.57
-28.995701 -51.754700 DCRS-00057 2026-09-12_17:55 15.5 -999.9 -999.9 86.8 -999.9 -999.9 13.3 -999.9 -999.9 1011.8 -999.9 -999.9 0.0 -999.9 3.7 9.0 0.0 0.2 55.2 55.4 57.6 57.6 17.4 15.2 97.2 74.5 14.2 DCRS_-_Cotiporã_-_Dois_Lajeados_(110_m) -999.9 -999.9 1011.9 1002.4 1011.8 16.3 12.6 304.0 Rio_Grande_do_Sul DCRS -999.9 0.0 0.2 97.19 97.57 96.73 1 0.11 97.57 97.57 97.57 97.57
-28.995701 -51.754700 DCRS-00057 2026-09-12_17:56 15.5 -999.9 -999.9 87.0 -999.9 -999.9 13.3 -999.9 -999.9 1011.8 -999.9 -999.9 0.0 -999.9 3.7 8.0 0.0 0.2 55.2 55.4 57.6 57.6 17.4 15.2 97.2 74.5 14.2 DCRS_-_Cotiporã_-_Dois_Lajeados_(110_m) -999.9 -999.9 1011.9 1002.4 1011.8 16.3 12.6 304.0 Rio_Grande_do_Sul DCRS -999.9 0.0 0.2 97.26 97.57 96.73 1 0.14 97.57 97.57 97.57 97.57
-28.995701 -51.754700 DCRS-00057 2026-09-12_17:57 15.5 -999.9 -999.9 86.0 -999.9 -999.9 13.1 -999.9 -999.9 1011.6 -999.9 -999.9 0.0 -999.9 3.7 7.0 0.0 0.2 55.2 55.4 57.6 57.6 17.4 15.2 97.2 74.5 14.2 DCRS_-_Cotiporã_-_Dois_Lajeados_(110_m) -999.9 -999.9 1011.9 1002.4 1011.6 16.3 12.6 304.0 Rio_Grande_do_Sul DCRS -999.9 0.0 0.2 97.23 97.57 96.73 1 0.08 97.57 97.57 97.57 97.57
-28.995701 -51.754700 DCRS-00057 2026-09-12_17:58 15.5 -999.9 -999.9 86.8 -999.9 -999.9 13.3 -999.9 -999.9 1011.8 -999.9 -999.9 0.0 -999.9 3.7 7.0 0.0 0.2 55.2 55.4 57.6 57.6 17.4 15.2 97.2 74.5 14.2 DCRS_-_Cotiporã_-_Dois_Lajeados_(110_m) -999.9 -999.9 1011.9 1002.4 1011.8 16.3 12.6 304.0 Rio_Grande_do_Sul DCRS -999.9 0.0 0.2 97.18 97.57 96.73 1 -0.02 97.57 97.57 97.57 97.57
-28.995701 -51.754700 DCRS-00057 2026-09-12_17:59 15.5 -999.9 -999.9 88.5 -999.9 -999.9 13.6 -999.9 -999.9 1012.1 -999.9 -999.9 0.0 -999.9 3.7 6.0 0.0 0.2 55.2 55.4 57.6 57.6 17.4 15.2 97.2 74.5 14.2 DCRS_-_Cotiporã_-_Dois_Lajeados_(110_m) -999.9 -999.9 1012.1 1002.4 1012.1 16.3 12.6 304.0 Rio_Grande_do_Sul DCRS -999.9 0.0 0.2 97.19 97.57 96.73 1 0.02 97.57 97.57 97.57 97.57
-28.995701 -51.754700 DCRS-00057 2026-09-12_18:00 15.4 -999.9 -999.9 90.0 -999.9 -999.9 13.8 -999.9 -999.9 1012.3 -999.9 -999.9 0.0 -999.9 2.0 6.0 0.0 0.2 55.2 55.4 57.6 57.6 17.4 15.2 97.2 74.5 14.2 DCRS_-_Cotiporã_-_Dois_Lajeados_(110_m) -999.9 -999.9 1012.3 1002.4 1012.3 16.3 12.6 304.0 Rio_Grande_do_Sul DCRS -999.9 0.0 0.2 97.24 97.57 96.73 1 0.09 97.57 97.57 97.57 97.57
-28.995701 -51.754700 DCRS-00057 2026-09-12_18:01 15.4 -999.9 -999.9 90.2 -999.9 -999.9 13.8 -999.9 -999.9 1012.3 -999.9 -999.9 0.0 -999.9 2.0 6.0 0.0 0.2 55.2 55.4 57.6 57.6 17.4 15.2 97.2 74.5 14.2 DCRS_-_Cotiporã_-_Dois_Lajeados_(110_m) -999.9 -999.9 1012.3 1002.4 1012.3 16.3 12.6 304.0 Rio_Grande_do_Sul DCRS -999.9 0.0 0.2 97.1 97.57 96.73 1 -0.13 97.57 97.57 97.57 97.57
-28.995701 -51.754700 DCRS-00057 2026-09-12_18:02 15.4 -999.9 -999.9 90.3 -999.9 -999.9 13.8 -999.9 -999.9 1012.3 -999.9 -999.9 0.0 -999.9 2.0 6.0 0.0 0.2 55.2 55.4 57.6 57.6 17.4 15.2 97.2 74.5 14.2 DCRS_-_Cotiporã_-_Dois_Lajeados_(110_m) -999.9 -999.9 1012.3 1002.4 1012.3 16.3 12.6 304.0 Rio_Grande_do_Sul DCRS -999.9 0.0 0.2 97.18 97.57 96.73 1 0.07 97.57 97.57 97.57 97.57
-28.995701 -51.754700 DCRS-00057 2026-09-12_18:03 15.4 -999.9 -999.9 89.9 -999.9 -999.9 13.7 -999.9 -999.9 1012.3 -999.9 -999.9 0.0 -999.9 2.0 6.0 0.0 0.2 55.2 55.4 57.6 57.6 17.4 15.2 97.2 74.5 14.2 DCRS_-_Cotiporã_-_Dois_Lajeados_(110_m) -999.9 -999.9 1012.3 1002.4 1012.3 16.3 12.6 304.0 Rio_Grande_do_Sul DCRS -999.9 0.0 0.2 97.14 97.57 96.73 1 0.03 97.57 97.57 97.57 97.57
-28.995701 -51.754700 DCRS-00057 2026-09-12_18:04 15.3 -999.9 -999.9 89.8 -999.9 -999.9 13.6 -999.9 -999.9 1012.3 -999.9 -999.9 0.0 -999.9 2.0 5.0 0.0 0.2 55.2 55.4 57.6 57.6 17.4 15.2 97.2 74.5 14.2 DCRS_-_Cotiporã_-_Dois_Lajeados_(110_m) -999.9 -999.9 1012.3 1002.4 1012.3 16.3 12.6 304.0 Rio_Grande_do_Sul DCRS -999.9 0.0 0.2 97.21 97.57 96.73 0 0.01 97.57 97.57 97.57 97.57
-28.995701 -51.754700 DCRS-00057 2026-09-12_18:05 15.3 -999.9 -999.9 89.5 -999.9 -999.9 13.6 -999.9 -999.9 1012.3 -999.9 -999.9 0.0 -999.9 1.9 5.0 0.0 0.2 55.2 55.4 57.6 57.6 17.4 15.2 97.2 74.5 14.2 DCRS_-_Cotiporã_-_Dois_Lajeados_(110_m) -999.9 -999.9 1012.3 1002.4 1012.3 16.3 12.6 304.0 Rio_Grande_do_Sul DCRS -999.9 0.0 0.2 97.22 97.57 96.73 0 0.09 97.57 97.57 97.57 97.57
-28.995701 -51.754700 DCRS-00057 2026-09-12_18:06 15.3 -999.9 -999.9 89.6 -999.9 -999.9 13.6 -999.9 -999.9 1012.3 -999.9 -999.9 0.0 -999.9 1.9 5.0 0.0 0.2 55.2 55.4 57.6 57.6 17.4 15.2 97.2 74.5 14.2 DCRS_-_Cotiporã_-_Dois_Lajeados_(110_m) -999.9 -999.9 1012.3 1002.4 1012.3 16.3 12.6 304.0 Rio_Grande_do_Sul DCRS -999.9 0.0 0.2 97.17 97.57 96.73 0 0.04 97.57 97.57 97.57 97.57
-28.995701 -51.754700 DCRS-00057 2026-09-12_18:07 15.3 -999.9 -999.9 89.6 -999.9 -999.9 13.6 -999.9 -999.9 1012.3 -999.9 -999.9 0.0 -999.9 1.9 5.0 0.0 0.2 55.2 55.4 57.6 57.6 17.4 15.2 97.2 74.5 14.2 DCRS_-_Cotiporã_-_Dois_Lajeados_(110_m) -999.9 -999.9 1012.3 1002.4 1012.3 16.3 12.6 304.0 Rio_Grande_do_Sul DCRS -999.9 0.0 0.2 97.12 97.57 96.73 0 -0.04 97.57 97.57 97.57 97.57
-28.995701 -51.754700 DCRS-00057 2026-09-12_18:08 15.3 -999.9 -999.9 90.2 -999.9 -999.9 13.7 -999.9 -999.9 1012.4 -999.9 -999.9 0.0 -999.9 1.9 6.0 0.0 0.2 55.2 55.4 57.6 57.6 17.4 15.2 97.2 74.5 14.2 DCRS_-_Cotiporã_-_Dois_Lajeados_(110_m) -999.9 -999.9 1012.4 1002.4 1012.4 16.3 12.6 304.0 Rio_Grande_do_Sul DCRS -999.9 0.0 0.2 97.1 97.57 96.73 0 -0.06 97.57 97.57 97.57 97.57
-28.995701 -51.754700 DCRS-00057 2026-09-12_18:09 15.3 -999.9 -999.9 90.3 -999.9 -999.9 13.7 -999.9 -999.9 1012.5 -999.9 -999.9 0.0 -999.9 1.9 5.0 0.0 0.2 55.2 55.4 57.6 57.6 17.4 15.2 97.2 74.5 14.2 DCRS_-_Cotiporã_-_Dois_Lajeados_(110_m) -999.9 -999.9 1012.5 1002.4 1012.5 16.3 12.6 304.0 Rio_Grande_do_Sul DCRS -999.9 0.0 0.2 97.22 97.57 96.73 0 0.01 97.57 97.57 97.57 97.57
-28.995701 -51.754700 DCRS-00057 2026-09-12_18:10 15.3 -999.9 -999.9 90.5 -999.9 -999.9 13.7 -999.9 -999.9 1012.5 -999.9 -999.9 0.0 -999.9 0.0 4.0 0.0 0.2 55.2 55.4 57.6 57.6 17.4 15.2 97.2 74.5 14.2 DCRS_-_Cotiporã_-_Dois_Lajeados_(110_m) -999.9 -999.9 1012.5 1002.4 1012.5 16.3 12.6 304.0 Rio_Grande_do_Sul DCRS -999.9 0.0 0.2 97.19 97.57 96.73 0 0.05 97.57 97.57 97.57 97.57
-28.995701 -51.754700 DCRS-00057 2026-09-12_18:11 15.3 -999.9 -999.9 90.5 -999.9 -999.9 13.7 -999.9 -999.9 1012.5 -999.9 -999.9 0.0 -999.9 0.0 3.0 0.0 0.2 55.2 55.4 57.6 57.6 17.4 15.2 97.2 74.5 14.2 DCRS_-_Cotiporã_-_Dois_Lajeados_(110_m) -999.9 -999.9 1012.5 1002.4 1012.5 16.3 12.6 304.0 Rio_Grande_do_Sul DCRS -999.9 0.0 0.2 97.2 97.57 96.73 0 0.03 97.57 97.57 97.57 97.57
-28.995701 -51.754700 DCRS-00057 2026-09-12_18:12 15.2 -999.9 -999.9 90.7 -999.9 -999.9 13.7 -999.9 -999.9 1012.6 -999.9 -999.9 0.0 -999.9 0.0 3.0 0.0 0.2 55.2 55.4 57.6 57.6 17.4 15.2 97.2 74.5 14.2 DCRS_-_Cotiporã_-_Dois_Lajeados_(110_m) -999.9 -999.9 1012.6 1002.4 1012.6 16.3 12.6 304.0 Rio_Grande_do_Sul DCRS -999.9 0.0 0.2 97.21 97.57 96.73 0 0.04 97.57 97.57 97.57 97.57
-28.995701 -51.754700 DCRS-00057 2026-09-12_18:13 15.3 -999.9 -999.9 90.8 -999.9 -999.9 13.8 -999.9 -999.9 1012.6 -999.9 -999.9 0.0 -999.9 0.0 2.0 0.0 0.2 55.2 55.4 57.6 57.6 17.4 15.2 97.2 74.5 14.2 DCRS_-_Cotiporã_-_Dois_Lajeados_(110_m) -999.9 -999.9 1012.6 1002.4 1012.6 16.3 12.6 304.0 Rio_Grande_do_Sul DCRS -999.9 0.0 0.2 97.18 97.57 96.73 0 0.01 97.57 97.57 97.57 97.57
-28.995701 -51.754700 DCRS-00057 2026-09-12_18:14 15.2 -999.9 -999.9 91.0 -999.9 -999.9 13.7 -999.9 -999.9 1012.6 -999.9 -999.9 0.0 -999.9 0.0 1.0 0.0 0.2 55.2 55.4 57.6 57.6 17.4 15.2 97.2 74.5 14.2 DCRS_-_Cotiporã_-_Dois_Lajeados_(110_m) -999.9 -999.9 1012.6 1002.4 1012.6 16.3 12.6 304.0 Rio_Grande_do_Sul DCRS -999.9 0.0 0.2 97.2 97.57 96.73 0 0.01 97.57 97.57 97.57 97.57
-28.995701 -51.754700 DCRS-00057 2026-09-12_18:15 15.2 -999.9 -999.9 91.0 -999.9 -999.9 13.7 -999.9 -999.9 1012.6 -999.9 -999.9 0.0 -999.9 0.0 1.0 0.0 0.2 55.2 55.4 57.6 57.6 17.4 15.2 97.2 74.5 14.2 DCRS_-_Cotiporã_-_Dois_Lajeados_(110_m) -999.9 -999.9 1012.6 1002.4 1012.6 16.3 12.6 304.0 Rio_Grande_do_Sul DCRS -999.9 0.0 0.2 97.16 97.57 96.73 0 -0.05 97.57 97.57 97.57 97.57
-28.995701 -51.754700 DCRS-00057 2026-09-12_18:16 15.3 -999.9 -999.9 91.0 -999.9 -999.9 13.8 -999.9 -999.9 1012.6 -999.9 -999.9 0.0 -999.9 0.0 0.0 0.0 0.2 55.2 55.4 57.6 57.6 17.4 15.2 97.2 74.5 14.2 DCRS_-_Cotiporã_-_Dois_Lajeados_(110_m) -999.9 -999.9 1012.6 1002.4 1012.6 16.3 12.6 304.0 Rio_Grande_do_Sul DCRS -999.9 0.0 0.2 97.2 97.57 96.73 0 0.05 97.57 97.57 97.57 97.57
-28.995701 -51.754700 DCRS-00057 2026-09-12_18:17 15.2 -999.9 -999.9 91.1 -999.9 -999.9 13.7 -999.9 -999.9 1012.6 -999.9 -999.9 0.0 -999.9 0.0 0.0 0.0 0.2 55.2 55.4 57.6 57.6 17.4 15.2 97.2 74.5 14.2 DCRS_-_Cotiporã_-_Dois_Lajeados_(110_m) -999.9 -999.9 1012.6 1002.4 1012.6 16.3 12.6 304.0 Rio_Grande_do_Sul DCRS -999.9 0.0 0.2 97.21 97.57 96.73 0 -0.02 97.57 97.57 97.57 97.57
-28.995701 -51.754700 DCRS-00057 2026-09-12_18:18 15.2 -999.9 -999.9 91.2 -999.9 -999.9 13.8 -999.9 -999.9 1012.6 -999.9 -999.9 0.0 -999.9 0.0 0.0 0.0 0.2 55.2 55.4 57.6 57.6 17.4 15.2 97.2 74.5 14.2 DCRS_-_Cotiporã_-_Dois_Lajeados_(110_m) -999.9 -999.9 1012.6 1002.4 1012.6 16.3 12.6 304.0 Rio_Grande_do_Sul DCRS -999.9 0.0 0.2 97.1 97.57 96.73 0 -0.13 97.57 97.57 97.57 97.57
-28.995701 -51.754700 DCRS-00057 2026-09-12_18:19 15.1 -999.9 -999.9 91.4 -999.9 -999.9 13.7 -999.9 -999.9 1012.7 -999.9 -999.9 0.0 -999.9 0.0 1.0 0.0 0.2 55.2 55.4 57.6 57.6 17.4 15.1 97.2 74.5 14.2 DCRS_-_Cotiporã_-_Dois_Lajeados_(110_m) -999.9 -999.9 1012.7 1002.4 1012.7 16.3 12.6 304.0 Rio_Grande_do_Sul DCRS -999.9 0.0 0.2 97.19 97.57 96.73 0 0.0 97.57 97.57 97.57 97.57
-28.995701 -51.754700 DCRS-00057 2026-09-12_18:20 15.1 -999.9 -999.9 91.3 -999.9 -999.9 13.7 -999.9 -999.9 1012.7 -999.9 -999.9 0.0 -999.9 2.0 1.0 0.0 0.2 55.2 55.4 57.6 57.6 17.4 15.1 97.2 74.5 14.2 DCRS_-_Cotiporã_-_Dois_Lajeados_(110_m) -999.9 -999.9 1012.7 1002.4 1012.7 16.3 12.6 304.0 Rio_Grande_do_Sul DCRS -999.9 0.0 0.2 97.21 97.57 96.73 0 0.01 97.57 97.57 97.57 97.57
-28.995701 -51.754700 DCRS-00057 2026-09-12_18:21 15.1 -999.9 -999.9 91.5 -999.9 -999.9 13.7 -999.9 -999.9 1012.7 -999.9 -999.9 0.0 -999.9 2.0 1.0 0.0 0.2 55.2 55.4 57.6 57.6 17.4 15.1 97.2 74.5 14.2 DCRS_-_Cotiporã_-_Dois_Lajeados_(110_m) -999.9 -999.9 1012.7 1002.4 1012.7 16.3 12.6 304.0 Rio_Grande_do_Sul DCRS -999.9 0.0 0.2 97.21 97.57 96.73 0 0.05 97.57 97.57 97.57 97.57
-28.995701 -51.754700 DCRS-00057 2026-09-12_18:22 15.0 -999.9 -999.9 91.6 -999.9 -999.9 13.6 -999.9 -999.9 1012.7 -999.9 -999.9 0.0 -999.9 2.0 2.0 0.0 0.2 55.2 55.4 57.6 57.6 17.4 15.0 97.2 74.5 14.2 DCRS_-_Cotiporã_-_Dois_Lajeados_(110_m) -999.9 -999.9 1012.7 1002.4 1012.7 16.3 12.6 304.0 Rio_Grande_do_Sul DCRS -999.9 0.0 0.2 97.15 97.57 96.73 0 0.04 97.57 97.57 97.57 97.57
-28.995701 -51.754700 DCRS-00057 2026-09-12_18:23 15.0 -999.9 -999.9 91.7 -999.9 -999.9 13.6 -999.9 -999.9 1012.7 -999.9 -999.9 0.0 -999.9 2.0 2.0 0.0 0.2 55.2 55.4 57.6 57.6 17.4 15.0 97.2 74.5 14.2 DCRS_-_Cotiporã_-_Dois_Lajeados_(110_m) -999.9 -999.9 1012.7 1002.4 1012.7 16.3 12.6 304.0 Rio_Grande_do_Sul DCRS -999.9 0.0 0.2 97.18 97.57 96.73 0 0.07 97.57 97.57 97.57 97.57
-28.995701 -51.754700 DCRS-00057 2026-09-12_18:24 14.9 -999.9 -999.9 91.9 -999.9 -999.9 13.6 -999.9 -999.9 1012.7 -999.9 -999.9 0.0 -999.9 2.0 3.0 0.0 0.2 55.2 55.4 57.6 57.6 17.4 14.9 97.2 74.5 14.2 DCRS_-_Cotiporã_-_Dois_Lajeados_(110_m) -999.9 -999.9 1012.7 1002.4 1012.7 16.3 12.6 304.0 Rio_Grande_do_Sul DCRS -999.9 0.0 0.2 97.17 97.57 96.73 0 0.02 97.57 97.57 97.57 97.57
-28.995701 -51.754700 DCRS-00057 2026-09-12_18:25 15.0 -999.9 -999.9 91.9 -999.9 -999.9 13.7 -999.9 -999.9 1012.7 -999.9 -999.9 0.0 -999.9 2.7 3.0 0.0 0.2 55.2 55.4 57.6 57.6 17.4 14.9 97.2 74.5 14.2 DCRS_-_Cotiporã_-_Dois_Lajeados_(110_m) -999.9 -999.9 1012.7 1002.4 1012.7 16.3 12.6 304.0 Rio_Grande_do_Sul DCRS -999.9 0.0 0.2 97.12 97.57 96.73 -1 -0.13 97.57 97.57 97.57 97.57
-28.995701 -51.754700 DCRS-00057 2026-09-12_18:26 15.0 -999.9 -999.9 91.9 -999.9 -999.9 13.7 -999.9 -999.9 1012.7 -999.9 -999.9 0.0 -999.9 2.7 3.0 0.0 0.2 55.2 55.4 57.6 57.6 17.4 14.9 97.2 74.5 14.2 DCRS_-_Cotiporã_-_Dois_Lajeados_(110_m) -999.9 -999.9 1012.7 1002.4 1012.7 16.3 12.6 304.0 Rio_Grande_do_Sul DCRS -999.9 0.0 0.2 97.19 97.57 96.73 -1 -0.06 97.57 97.57 97.57 97.57
-28.995701 -51.754700 DCRS-00057 2026-09-12_18:27 14.9 -999.9 -999.9 92.0 -999.9 -999.9 13.6 -999.9 -999.9 1012.7 -999.9 -999.9 0.0 -999.9 2.7 2.0 0.0 0.2 55.2 55.4 57.6 57.6 17.4 14.9 97.2 74.5 14.2 DCRS_-_Cotiporã_-_Dois_Lajeados_(110_m) -999.9 -999.9 1012.7 1002.4 1012.7 16.3 12.6 304.0 Rio_Grande_do_Sul DCRS -999.9 0.0 0.2 97.21 97.57 96.73 -1 -0.03 97.57 97.57 97.57 97.57
-28.995701 -51.754700 DCRS-00057 2026-09-12_18:28 14.9 -999.9 -999.9 91.8 -999.9 -999.9 13.6 -999.9 -999.9 1012.7 -999.9 -999.9 0.0 -999.9 2.7 2.0 0.0 0.2 55.2 55.4 57.6 57.6 17.4 14.9 97.2 74.5 14.2 DCRS_-_Cotiporã_-_Dois_Lajeados_(110_m) -999.9 -999.9 1012.7 1002.4 1012.7 16.3 12.6 304.0 Rio_Grande_do_Sul DCRS -999.9 0.0 0.2 97.24 97.57 96.73 -1 0.0 97.57 97.57 97.57 97.57
-28.995701 -51.754700 DCRS-00057 2026-09-12_18:29 14.9 -999.9 -999.9 91.7 -999.9 -999.9 13.5 -999.9 -999.9 1012.7 -999.9 -999.9 0.0 -999.9 2.7 0.0 0.0 0.2 55.2 55.4 57.6 57.6 17.4 14.9 97.2 74.5 14.2 DCRS_-_Cotiporã_-_Dois_Lajeados_(110_m) -999.9 -999.9 1012.7 1002.4 1012.7 16.3 12.6 304.0 Rio_Grande_do_Sul DCRS -999.9 0.0 0.2 97.08 97.57 96.73 0 -0.09 97.57 97.57 97.57 97.57
-28.995701 -51.754700 DCRS-00057 2026-09-12_18:30 14.9 -999.9 -999.9 91.8 -999.9 -999.9 13.6 -999.9 -999.9 1012.7 -999.9 -999.9 0.0 -999.9 0.0 0.0 0.0 0.2 55.2 55.4 57.6 57.6 17.4 14.9 97.2 74.5 14.2 DCRS_-_Cotiporã_-_Dois_Lajeados_(110_m) -999.9 -999.9 1012.7 1002.4 1012.7 16.3 12.6 304.0 Rio_Grande_do_Sul DCRS -999.9 0.0 0.2 97.21 97.57 96.73 0 0.04 97.57 97.57 97.57 97.57
-28.995701 -51.754700 DCRS-00057 2026-09-12_18:31 14.9 -999.9 -999.9 92.1 -999.9 -999.9 13.6 -999.9 -999.9 1012.7 -999.9 -999.9 -999.9 -999.9 0.0 0.0 0.0 0.2 55.2 55.4 57.6 57.6 17.4 14.9 97.2 74.5 14.2 DCRS_-_Cotiporã_-_Dois_Lajeados_(110_m) -999.9 -999.9 1012.7 1002.4 1012.7 16.3 12.6 304.0 Rio_Grande_do_Sul DCRS -999.9 0.0 0.2 97.18 97.57 96.73 -1 0.0 97.57 97.57 97.57 97.57
-28.995701 -51.754700 DCRS-00057 2026-09-12_18:32 14.9 -999.9 -999.9 92.4 -999.9 -999.9 13.7 -999.9 -999.9 1012.8 -999.9 -999.9 0.0 -999.9 0.0 0.0 0.0 0.2 55.2 55.4 57.6 57.6 17.4 14.9 97.2 74.5 14.2 DCRS_-_Cotiporã_-_Dois_Lajeados_(110_m) -999.9 -999.9 1012.8 1002.4 1012.8 16.3 12.6 304.0 Rio_Grande_do_Sul DCRS -999.9 0.0 0.2 97.24 97.57 96.73 -1 0.06 97.57 97.57 97.57 97.57
-28.995701 -51.754700 DCRS-00057 2026-09-12_18:33 14.9 -999.9 -999.9 92.5 -999.9 -999.9 13.7 -999.9 -999.9 1012.8 -999.9 -999.9 0.0 -999.9 0.0 0.0 0.0 0.2 55.2 55.4 57.6 57.6 17.4 14.9 97.2 74.5 14.2 DCRS_-_Cotiporã_-_Dois_Lajeados_(110_m) -999.9 -999.9 1012.8 1002.4 1012.8 16.3 12.6 304.0 Rio_Grande_do_Sul DCRS -999.9 0.0 0.2 97.18 97.57 96.73 -1 -0.03 97.57 97.57 97.57 97.57
-28.995701 -51.754700 DCRS-00057 2026-09-12_18:34 14.8 -999.9 -999.9 92.4 -999.9 -999.9 13.6 -999.9 -999.9 1012.8 -999.9 -999.9 -999.9 -999.9 0.0 0.0 0.0 0.2 55.2 55.4 57.6 57.6 17.4 14.8 97.2 74.5 14.2 DCRS_-_Cotiporã_-_Dois_Lajeados_(110_m) -999.9 -999.9 1012.8 1002.4 1012.8 16.3 12.6 304.0 Rio_Grande_do_Sul DCRS -999.9 0.0 0.2 97.18 97.57 96.73 0 0.02 97.57 97.57 97.57 97.57
-28.995701 -51.754700 DCRS-00057 2026-09-12_18:35 14.8 -999.9 -999.9 92.4 -999.9 -999.9 13.6 -999.9 -999.9 1012.8 -999.9 -999.9 0.0 -999.9 2.2 0.0 0.0 0.2 55.2 55.4 57.6 57.6 17.4 14.8 97.2 74.5 14.2 DCRS_-_Cotiporã_-_Dois_Lajeados_(110_m) -999.9 -999.9 1012.8 1002.4 1012.8 16.3 12.6 304.0 Rio_Grande_do_Sul DCRS -999.9 0.0 0.2 97.14 97.57 96.73 -1 -0.11 97.57 97.57 97.57 97.57
-28.995701 -51.754700 DCRS-00057 2026-09-12_18:36 14.8 -999.9 -999.9 92.7 -999.9 -999.9 13.6 -999.9 -999.9 1012.9 -999.9 -999.9 1.8 -999.9 2.2 0.0 0.0 0.2 55.2 55.4 57.6 57.6 17.4 14.8 97.2 74.5 14.2 DCRS_-_Cotiporã_-_Dois_Lajeados_(110_m) -999.9 -999.9 1012.9 1002.4 1012.9 16.3 12.6 304.0 Rio_Grande_do_Sul DCRS -999.9 0.0 0.2 97.15 97.57 96.73 -1 -0.08 97.57 97.57 97.57 97.57
-28.995701 -51.754700 DCRS-00057 2026-09-12_18:37 14.8 -999.9 -999.9 92.8 -999.9 -999.9 13.6 -999.9 -999.9 1012.9 -999.9 -999.9 1.8 -999.9 2.2 0.0 0.0 0.2 55.2 55.4 57.6 57.6 17.4 14.8 97.2 74.5 14.2 DCRS_-_Cotiporã_-_Dois_Lajeados_(110_m) -999.9 -999.9 1012.9 1002.4 1012.9 16.3 12.6 304.0 Rio_Grande_do_Sul DCRS -999.9 0.0 0.2 97.19 97.57 96.73 -1 -0.04 97.57 97.57 97.57 97.57
-28.995701 -51.754700 DCRS-00057 2026-09-12_18:38 14.8 -999.9 -999.9 92.9 -999.9 -999.9 13.7 -999.9 -999.9 1012.9 -999.9 -999.9 0.0 -999.9 2.2 0.0 0.0 0.2 55.2 55.4 57.6 57.6 17.4 14.8 97.2 74.5 14.2 DCRS_-_Cotiporã_-_Dois_Lajeados_(110_m) -999.9 -999.9 1012.9 1002.4 1012.9 16.3 12.6 304.0 Rio_Grande_do_Sul DCRS -999.9 0.0 0.2 97.1 97.57 96.73 -1 -0.09 97.57 97.57 97.57 97.57
-28.995701 -51.754700 DCRS-00057 2026-09-12_18:39 14.8 -999.9 -999.9 93.2 -999.9 -999.9 13.7 -999.9 -999.9 1013.0 -999.9 -999.9 0.0 -999.9 2.2 0.0 0.0 0.2 55.2 55.4 57.6 57.6 17.4 14.8 97.2 74.5 14.2 DCRS_-_Cotiporã_-_Dois_Lajeados_(110_m) -999.9 -999.9 1013.0 1002.4 1013.0 16.3 12.6 304.0 Rio_Grande_do_Sul DCRS -999.9 0.0 0.2 97.24 97.57 96.73 -1 0.0 97.57 97.57 97.57 97.57
-28.995701 -51.754700 DCRS-00057 2026-09-12_18:40 14.8 -999.9 -999.9 93.3 -999.9 -999.9 13.7 -999.9 -999.9 1013.0 -999.9 -999.9 0.0 -999.9 2.2 0.0 0.0 0.2 55.2 55.4 57.6 57.6 17.4 14.8 97.2 74.5 14.2 DCRS_-_Cotiporã_-_Dois_Lajeados_(110_m) -999.9 -999.9 1013.0 1002.4 1013.0 16.3 12.6 304.0 Rio_Grande_do_Sul DCRS -999.9 0.0 0.2 97.18 97.57 96.73 -1 -0.06 97.57 97.57 97.57 97.57
-28.995701 -51.754700 DCRS-00057 2026-09-12_18:41 14.8 -999.9 -999.9 93.4 -999.9 -999.9 13.7 -999.9 -999.9 1013.0 -999.9 -999.9 0.0 -999.9 2.2 0.0 0.0 0.2 55.2 55.4 57.6 57.6 17.4 14.8 97.2 74.5 14.2 DCRS_-_Cotiporã_-_Dois_Lajeados_(110_m) -999.9 -999.9 1013.0 1002.4 1013.0 16.3 12.6 304.0 Rio_Grande_do_Sul DCRS -999.9 0.0 0.2 97.2 97.57 96.73 0 0.04 97.57 97.57 97.57 97.57
-28.995701 -51.754700 DCRS-00057 2026-09-12_18:42 14.9 -999.9 -999.9 93.7 -999.9 -999.9 13.9 -999.9 -999.9 1013.1 -999.9 -999.9 0.0 -999.9 2.2 0.0 0.0 0.2 55.2 55.4 57.6 57.6 17.4 14.8 97.2 74.5 14.2 DCRS_-_Cotiporã_-_Dois_Lajeados_(110_m) -999.9 -999.9 1013.1 1002.4 1013.1 16.3 12.6 304.0 Rio_Grande_do_Sul DCRS -999.9 0.0 0.2 97.14 97.57 96.73 0 -0.05 97.57 97.57 97.57 97.57
-28.995701 -51.754700 DCRS-00057 2026-09-12_18:43 14.9 -999.9 -999.9 93.7 -999.9 -999.9 13.9 -999.9 -999.9 1013.1 -999.9 -999.9 0.0 -999.9 2.2 0.0 0.0 0.2 55.2 55.4 57.6 57.6 17.4 14.8 97.2 74.5 14.2 DCRS_-_Cotiporã_-_Dois_Lajeados_(110_m) -999.9 -999.9 1013.1 1002.4 1013.1 16.3 12.6 304.0 Rio_Grande_do_Sul DCRS -999.9 0.0 0.2 97.15 97.57 96.73 0 -0.04 97.57 97.57 97.57 97.57
-28.995701 -51.754700 DCRS-00057 2026-09-12_18:44 14.9 -999.9 -999.9 93.6 -999.9 -999.9 13.9 -999.9 -999.9 1013.1 -999.9 -999.9 0.0 -999.9 2.2 0.0 0.0 0.2 55.2 55.4 57.6 57.6 17.4 14.8 97.2 74.5 14.2 DCRS_-_Cotiporã_-_Dois_Lajeados_(110_m) -999.9 -999.9 1013.1 1002.4 1013.1 16.3 12.6 304.0 Rio_Grande_do_Sul DCRS -999.9 0.0 0.2 97.16 97.57 96.73 -1 -0.01 97.57 97.57 97.57 97.57
-28.995701 -51.754700 DCRS-00057 2026-09-12_18:45 14.9 -999.9 -999.9 93.6 -999.9 -999.9 13.9 -999.9 -999.9 1013.1 -999.9 -999.9 0.0 -999.9 0.0 0.0 0.0 0.2 55.2 55.4 57.6 57.6 17.4 14.8 97.2 74.5 14.2 DCRS_-_Cotiporã_-_Dois_Lajeados_(110_m) -999.9 -999.9 1013.1 1002.4 1013.1 16.3 12.6 304.0 Rio_Grande_do_Sul DCRS -999.9 0.0 0.2 97.23 97.57 96.73 -1 0.0 97.57 97.57 97.57 97.57
-28.995701 -51.754700 DCRS-00057 2026-09-12_18:46 14.8 -999.9 -999.9 93.5 -999.9 -999.9 13.8 -999.9 -999.9 1013.1 -999.9 -999.9 0.0 -999.9 0.0 0.0 0.0 0.2 55.2 55.4 57.6 57.6 17.4 14.8 97.2 74.5 14.2 DCRS_-_Cotiporã_-_Dois_Lajeados_(110_m) -999.9 -999.9 1013.1 1002.4 1013.1 16.3 12.6 304.0 Rio_Grande_do_Sul DCRS -999.9 0.0 0.2 97.16 97.57 96.73 -1 -0.07 97.57 97.57 97.57 97.57
-28.995701 -51.754700 DCRS-00057 2026-09-12_18:47 14.8 -999.9 -999.9 93.4 -999.9 -999.9 13.7 -999.9 -999.9 1013.1 -999.9 -999.9 0.0 -999.9 0.0 0.0 0.0 0.2 55.2 55.4 57.6 57.6 17.4 14.8 97.2 74.5 14.2 DCRS_-_Cotiporã_-_Dois_Lajeados_(110_m) -999.9 -999.9 1013.1 1002.4 1013.1 16.3 12.6 304.0 Rio_Grande_do_Sul DCRS -999.9 0.0 0.2 97.18 97.57 96.73 -1 -0.03 97.57 97.57 97.57 97.57
-28.995701 -51.754700 DCRS-00057 2026-09-12_18:48 14.9 -999.9 -999.9 93.5 -999.9 -999.9 13.9 -999.9 -999.9 1013.1 -999.9 -999.9 0.0 -999.9 0.0 0.0 0.0 0.2 55.2 55.4 57.6 57.6 17.4 14.8 97.2 74.5 14.2 DCRS_-_Cotiporã_-_Dois_Lajeados_(110_m) -999.9 -999.9 1013.1 1002.4 1013.1 16.3 12.6 304.0 Rio_Grande_do_Sul DCRS -999.9 0.0 0.2 97.15 97.57 96.73 0 0.03 97.57 97.57 97.57 97.57
-28.995701 -51.754700 DCRS-00057 2026-09-12_18:49 14.8 -999.9 -999.9 93.5 -999.9 -999.9 13.8 -999.9 -999.9 1013.1 -999.9 -999.9 0.0 -999.9 0.0 0.0 0.0 0.2 55.2 55.4 57.6 57.6 17.4 14.8 97.2 74.5 14.2 DCRS_-_Cotiporã_-_Dois_Lajeados_(110_m) -999.9 -999.9 1013.1 1002.4 1013.1 16.3 12.6 304.0 Rio_Grande_do_Sul DCRS -999.9 0.0 0.2 97.12 97.57 96.73 -1 -0.08 97.57 97.57 97.57 97.57
-28.995701 -51.754700 DCRS-00057 2026-09-12_18:50 14.9 -999.9 -999.9 93.4 -999.9 -999.9 13.8 -999.9 -999.9 1013.1 -999.9 -999.9 0.0 -999.9 0.0 0.0 0.0 0.2 55.2 55.4 57.6 57.6 17.4 14.8 97.2 74.5 14.2 DCRS_-_Cotiporã_-_Dois_Lajeados_(110_m) -999.9 -999.9 1013.1 1002.4 1013.1 16.3 12.6 304.0 Rio_Grande_do_Sul DCRS -999.9 0.0 0.2 97.16 97.57 96.73 -1 -0.04 97.57 97.57 97.57 97.57
-28.995701 -51.754700 DCRS-00057 2026-09-12_18:51 14.8 -999.9 -999.9 93.4 -999.9 -999.9 13.7 -999.9 -999.9 1013.1 -999.9 -999.9 0.0 -999.9 0.0 0.0 0.0 0.2 55.2 55.4 57.6 57.6 17.4 14.8 97.2 74.5 14.2 DCRS_-_Cotiporã_-_Dois_Lajeados_(110_m) -999.9 -999.9 1013.1 1002.4 1013.1 16.3 12.6 304.0 Rio_Grande_do_Sul DCRS -999.9 0.0 0.2 97.16 97.57 96.73 -1 -0.09 97.57 97.57 97.57 97.57
-28.995701 -51.754700 DCRS-00057 2026-09-12_18:52 14.9 -999.9 -999.9 93.5 -999.9 -999.9 13.9 -999.9 -999.9 1013.1 -999.9 -999.9 0.0 -999.9 0.0 0.0 0.0 0.2 55.2 55.4 57.6 57.6 17.4 14.8 97.2 74.5 14.2 DCRS_-_Cotiporã_-_Dois_Lajeados_(110_m) -999.9 -999.9 1013.1 1002.4 1013.1 16.3 12.6 304.0 Rio_Grande_do_Sul DCRS -999.9 0.0 0.2 97.15 97.57 96.73 -1 0.0 97.57 97.57 97.57 97.57
-28.995701 -51.754700 DCRS-00057 2026-09-12_18:53 14.9 -999.9 -999.9 93.6 -999.9 -999.9 13.9 -999.9 -999.9 1013.1 -999.9 -999.9 0.0 -999.9 0.0 0.0 0.0 0.2 55.2 55.4 57.6 57.6 17.4 14.8 97.2 74.5 14.2 DCRS_-_Cotiporã_-_Dois_Lajeados_(110_m) -999.9 -999.9 1013.1 1002.4 1013.1 16.3 12.6 304.0 Rio_Grande_do_Sul DCRS -999.9 0.0 0.2 97.15 97.57 96.73 -1 -0.03 97.57 97.57 97.57 97.57
-28.995701 -51.754700 DCRS-00057 2026-09-12_18:54 14.9 -999.9 -999.9 93.6 -999.9 -999.9 13.9 -999.9 -999.9 1013.0 -999.9 -999.9 0.0 -999.9 0.0 0.0 0.0 0.2 55.2 55.4 57.6 57.6 17.4 14.8 97.2 74.5 14.2 DCRS_-_Cotiporã_-_Dois_Lajeados_(110_m) -999.9 -999.9 1013.1 1002.4 1013.0 16.3 12.6 304.0 Rio_Grande_do_Sul DCRS -999.9 0.0 0.2 97.22 97.57 96.73 -1 0.04 97.57 97.57 97.57 97.57
-28.995701 -51.754700 DCRS-00057 2026-09-12_18:55 14.8 -999.9 -999.9 93.5 -999.9 -999.9 13.8 -999.9 -999.9 1013.0 -999.9 -999.9 0.0 -999.9 0.0 0.0 0.0 0.2 55.2 55.4 57.6 57.6 17.4 14.8 97.2 74.5 14.2 DCRS_-_Cotiporã_-_Dois_Lajeados_(110_m) -999.9 -999.9 1013.1 1002.4 1013.0 16.3 12.6 304.0 Rio_Grande_do_Sul DCRS -999.9 0.0 0.2 97.18 97.57 96.73 -1 -0.08 97.57 97.57 97.57 97.57
-28.995701 -51.754700 DCRS-00057 2026-09-12_18:56 14.8 -999.9 -999.9 93.4 -999.9 -999.9 13.7 -999.9 -999.9 1013.0 -999.9 -999.9 0.0 -999.9 0.0 0.0 0.0 0.2 55.2 55.4 57.6 57.6 17.4 14.8 97.2 74.5 14.2 DCRS_-_Cotiporã_-_Dois_Lajeados_(110_m) -999.9 -999.9 1013.1 1002.4 1013.0 16.3 12.6 304.0 Rio_Grande_do_Sul DCRS -999.9 0.0 0.2 97.16 97.57 96.73 -1 -0.07 97.57 97.57 97.57 97.57
-28.995701 -51.754700 DCRS-00057 2026-09-12_18:57 14.8 -999.9 -999.9 93.3 -999.9 -999.9 13.7 -999.9 -999.9 1013.0 -999.9 -999.9 0.0 -999.9 0.0 0.0 0.0 0.2 55.2 55.4 57.6 57.6 17.4 14.8 97.2 74.5 14.2 DCRS_-_Cotiporã_-_Dois_Lajeados_(110_m) -999.9 -999.9 1013.1 1002.4 1013.0 16.3 12.6 304.0 Rio_Grande_do_Sul DCRS -999.9 0.0 0.2 97.14 97.57 96.73 -1 -0.04 97.57 97.57 97.57 97.57
-28.995701 -51.754700 DCRS-00057 2026-09-12_18:58 14.8 -999.9 -999.9 93.3 -999.9 -999.9 13.7 -999.9 -999.9 1013.0 -999.9 -999.9 0.0 -999.9 0.0 0.0 0.0 0.2 55.2 55.4 57.6 57.6 17.4 14.8 97.2 74.5 14.2 DCRS_-_Cotiporã_-_Dois_Lajeados_(110_m) -999.9 -999.9 1013.1 1002.4 1013.0 16.3 12.6 304.0 Rio_Grande_do_Sul DCRS -999.9 0.0 0.2 97.19 97.57 96.73 -1 0.0 97.57 97.57 97.57 97.57
-28.995701 -51.754700 DCRS-00057 2026-09-12_18:59 14.8 -999.9 -999.9 93.3 -999.9 -999.9 13.7 -999.9 -999.9 1013.0 -999.9 -999.9 0.0 -999.9 0.0 0.0 0.0 0.2 55.2 55.4 57.6 57.6 17.4 14.8 97.2 74.5 14.2 DCRS_-_Cotiporã_-_Dois_Lajeados_(110_m) -999.9 -999.9 1013.1 1002.4 1013.0 16.3 12.6 304.0 Rio_Grande_do_Sul DCRS -999.9 0.0 0.2 97.16 97.57 96.73 -1 -0.08 97.57 97.57 97.57 97.57
-28.995701 -51.754700 DCRS-00057 2026-09-12_19:00 14.8 -999.9 -999.9 93.4 -999.9 -999.9 13.7 -999.9 -999.9 1013.1 -999.9 -999.9 0.0 -999.9 0.0 0.0 0.0 0.2 55.2 55.4 57.6 57.6 17.4 14.8 97.2 74.5 14.2 DCRS_-_Cotiporã_-_Dois_Lajeados_(110_m) -999.9 -999.9 1013.1 1002.4 1013.1 16.3 12.6 304.0 Rio_Grande_do_Sul DCRS -999.9 0.0 0.2 97.1 97.57 96.73 -1 -0.14 97.57 97.57 97.57 97.57
-28.995701 -51.754700 DCRS-00057 2026-09-12_19:01 14.8 -999.9 -999.9 93.5 -999.9 -999.9 13.8 -999.9 -999.9 1013.1 -999.9 -999.9 0.0 -999.9 0.0 0.0 0.0 0.2 55.2 55.4 57.6 57.6 17.4 14.8 97.2 74.5 14.2 DCRS_-_Cotiporã_-_Dois_Lajeados_(110_m) -999.9 -999.9 1013.1 1002.4 1013.1 16.3 12.6 304.0 Rio_Grande_do_Sul DCRS -999.9 0.0 0.2 97.15 97.57 96.73 0 0.05 97.57 97.57 97.57 97.57
-28.995701 -51.754700 DCRS-00057 2026-09-12_19:02 14.8 -999.9 -999.9 93.5 -999.9 -999.9 13.8 -999.9 -999.9 1013.1 -999.9 -999.9 0.0 -999.9 0.0 0.0 0.0 0.2 55.2 55.4 57.6 57.6 17.4 14.8 97.2 74.5 14.2 DCRS_-_Cotiporã_-_Dois_Lajeados_(110_m) -999.9 -999.9 1013.1 1002.4 1013.1 16.3 12.6 304.0 Rio_Grande_do_Sul DCRS -999.9 0.0 0.2 97.14 97.57 96.73 -1 -0.04 97.57 97.57 97.57 97.57
-28.995701 -51.754700 DCRS-00057 2026-09-12_19:03 14.8 -999.9 -999.9 93.6 -999.9 -999.9 13.8 -999.9 -999.9 1013.1 -999.9 -999.9 0.0 -999.9 0.0 0.0 0.0 0.2 55.2 55.4 57.6 57.6 17.4 14.8 97.2 74.5 14.2 DCRS_-_Cotiporã_-_Dois_Lajeados_(110_m) -999.9 -999.9 1013.1 1002.4 1013.1 16.3 12.6 304.0 Rio_Grande_do_Sul DCRS -999.9 0.0 0.2 97.17 97.57 96.73 -1 0.03 97.57 97.57 97.57 97.57
-28.995701 -51.754700 DCRS-00057 2026-09-12_19:04 14.8 -999.9 -999.9 93.4 -999.9 -999.9 13.7 -999.9 -999.9 1013.1 -999.9 -999.9 0.0 -999.9 0.0 0.0 0.0 0.2 55.2 55.4 57.6 57.6 17.4 14.8 97.2 74.5 14.2 DCRS_-_Cotiporã_-_Dois_Lajeados_(110_m) -999.9 -999.9 1013.1 1002.4 1013.1 16.3 12.6 304.0 Rio_Grande_do_Sul DCRS -999.9 0.0 0.2 97.14 97.57 96.73 -1 -0.07 97.57 97.57 97.57 97.57
-28.995701 -51.754700 DCRS-00057 2026-09-12_19:05 14.8 -999.9 -999.9 93.3 -999.9 -999.9 13.7 -999.9 -999.9 1013.1 -999.9 -999.9 0.0 -999.9 0.0 0.0 0.0 0.2 55.2 55.4 57.6 57.6 17.4 14.8 97.2 74.5 14.2 DCRS_-_Cotiporã_-_Dois_Lajeados_(110_m) -999.9 -999.9 1013.1 1002.4 1013.1 16.3 12.6 304.0 Rio_Grande_do_Sul DCRS -999.9 0.0 0.2 97.06 97.57 96.73 -1 -0.16 97.57 97.57 97.57 97.57
-28.995701 -51.754700 DCRS-00057 2026-09-12_19:06 14.8 -999.9 -999.9 93.2 -999.9 -999.9 13.7 -999.9 -999.9 1013.1 -999.9 -999.9 0.0 -999.9 0.0 0.0 0.0 0.2 55.2 55.4 57.6 57.6 17.4 14.8 97.2 74.5 14.2 DCRS_-_Cotiporã_-_Dois_Lajeados_(110_m) -999.9 -999.9 1013.1 1002.4 1013.1 16.3 12.6 304.0 Rio_Grande_do_Sul DCRS -999.9 0.0 0.2 97.13 97.57 96.73 -1 0.01 97.57 97.57 97.57 97.57
-28.995701 -51.754700 DCRS-00057 2026-09-12_19:07 14.8 -999.9 -999.9 93.1 -999.9 -999.9 13.7 -999.9 -999.9 1013.1 -999.9 -999.9 0.0 -999.9 0.0 0.0 0.0 0.2 55.2 55.4 57.6 57.6 17.4 14.8 97.2 74.5 14.2 DCRS_-_Cotiporã_-_Dois_Lajeados_(110_m) -999.9 -999.9 1013.1 1002.4 1013.1 16.3 12.6 304.0 Rio_Grande_do_Sul DCRS -999.9 0.0 0.2 97.15 97.57 96.73 -1 0.03 97.57 97.57 97.57 97.57
-28.995701 -51.754700 DCRS-00057 2026-09-12_19:08 14.8 -999.9 -999.9 93.2 -999.9 -999.9 13.7 -999.9 -999.9 1013.2 -999.9 -999.9 0.0 -999.9 0.0 0.0 0.0 0.2 55.2 55.4 57.6 57.6 17.4 14.8 97.2 74.5 14.2 DCRS_-_Cotiporã_-_Dois_Lajeados_(110_m) -999.9 -999.9 1013.2 1002.4 1013.2 16.3 12.6 304.0 Rio_Grande_do_Sul DCRS -999.9 0.0 0.2 97.2 97.57 96.73 -1 0.1 97.57 97.57 97.57 97.57
-28.995701 -51.754700 DCRS-00057 2026-09-12_19:09 14.8 -999.9 -999.9 93.1 -999.9 -999.9 13.7 -999.9 -999.9 1013.2 -999.9 -999.9 0.0 -999.9 0.0 0.0 0.0 0.2 55.2 55.4 57.6 57.6 17.4 14.8 97.2 74.5 14.2 DCRS_-_Cotiporã_-_Dois_Lajeados_(110_m) -999.9 -999.9 1013.2 1002.4 1013.2 16.3 12.6 304.0 Rio_Grande_do_Sul DCRS -999.9 0.0 0.2 97.18 97.57 96.73 -1 -0.04 97.57 97.57 97.57 97.57
-28.995701 -51.754700 DCRS-00057 2026-09-12_19:10 14.8 -999.9 -999.9 93.0 -999.9 -999.9 13.7 -999.9 -999.9 1013.2 -999.9 -999.9 0.0 -999.9 0.0 0.0 0.0 0.2 55.2 55.4 57.6 57.6 17.4 14.8 97.2 74.5 14.2 DCRS_-_Cotiporã_-_Dois_Lajeados_(110_m) -999.9 -999.9 1013.2 1002.4 1013.2 16.3 12.6 304.0 Rio_Grande_do_Sul DCRS -999.9 0.0 0.2 97.2 97.57 96.73 -1 0.01 97.57 97.57 97.57 97.57
-28.995701 -51.754700 DCRS-00057 2026-09-12_19:11 14.8 -999.9 -999.9 93.1 -999.9 -999.9 13.7 -999.9 -999.9 1013.3 -999.9 -999.9 0.0 -999.9 0.0 0.0 0.0 0.2 55.2 55.4 57.6 57.6 17.4 14.8 97.2 74.5 14.2 DCRS_-_Cotiporã_-_Dois_Lajeados_(110_m) -999.9 -999.9 1013.3 1002.4 1013.3 16.3 12.6 304.0 Rio_Grande_do_Sul DCRS -999.9 0.0 0.2 97.15 97.57 96.73 -1 -0.05 97.57 97.57 97.57 97.57
-28.995701 -51.754700 DCRS-00057 2026-09-12_19:12 14.9 -999.9 -999.9 93.2 -999.9 -999.9 13.8 -999.9 -999.9 1013.3 -999.9 -999.9 0.0 -999.9 0.0 0.0 0.0 0.2 55.2 55.4 57.6 57.6 17.4 14.8 97.2 74.5 14.2 DCRS_-_Cotiporã_-_Dois_Lajeados_(110_m) -999.9 -999.9 1013.3 1002.4 1013.3 16.3 12.6 304.0 Rio_Grande_do_Sul DCRS -999.9 0.0 0.2 97.15 97.57 96.73 -1 -0.06 97.57 97.57 97.57 97.57
-28.995701 -51.754700 DCRS-00057 2026-09-12_19:13 14.9 -999.9 -999.9 93.3 -999.9 -999.9 13.8 -999.9 -999.9 1013.3 -999.9 -999.9 0.0 -999.9 0.0 0.0 0.0 0.2 55.2 55.4 57.6 57.6 17.4 14.8 97.2 74.5 14.2 DCRS_-_Cotiporã_-_Dois_Lajeados_(110_m) -999.9 -999.9 1013.3 1002.4 1013.3 16.3 12.6 304.0 Rio_Grande_do_Sul DCRS -999.9 0.0 0.2 97.17 97.57 96.73 -1 -0.03 97.57 97.57 97.57 97.57
-28.995701 -51.754700 DCRS-00057 2026-09-12_19:14 14.8 -999.9 -999.9 93.2 -999.9 -999.9 13.7 -999.9 -999.9 1013.3 -999.9 -999.9 0.0 -999.9 0.0 0.0 0.0 0.2 55.2 55.4 57.6 57.6 17.4 14.8 97.2 74.5 14.2 DCRS_-_Cotiporã_-_Dois_Lajeados_(110_m) -999.9 -999.9 1013.3 1002.4 1013.3 16.3 12.6 304.0 Rio_Grande_do_Sul DCRS -999.9 0.0 0.2 97.12 97.57 96.73 -1 -0.08 97.57 97.57 97.57 97.57
-28.995701 -51.754700 DCRS-00057 2026-09-12_19:15 14.8 -999.9 -999.9 93.4 -999.9 -999.9 13.7 -999.9 -999.9 1013.3 -999.9 -999.9 0.0 -999.9 0.0 0.0 0.0 0.2 55.2 55.4 57.6 57.6 17.4 14.8 97.2 74.5 14.2 DCRS_-_Cotiporã_-_Dois_Lajeados_(110_m) -999.9 -999.9 1013.3 1002.4 1013.3 16.3 12.6 304.0 Rio_Grande_do_Sul DCRS -999.9 0.0 0.2 97.17 97.57 96.73 -1 0.01 97.57 97.57 97.57 97.57
-28.995701 -51.754700 DCRS-00057 2026-09-12_19:16 14.8 -999.9 -999.9 93.6 -999.9 -999.9 13.8 -999.9 -999.9 1013.3 -999.9 -999.9 0.0 -999.9 0.0 0.0 0.0 0.2 55.2 55.4 57.6 57.6 17.4 14.8 97.2 74.5 14.2 DCRS_-_Cotiporã_-_Dois_Lajeados_(110_m) -999.9 -999.9 1013.3 1002.4 1013.3 16.3 12.6 304.0 Rio_Grande_do_Sul DCRS -999.9 0.0 0.2 97.14 97.57 96.73 -1 -0.06 97.57 97.57 97.57 97.57
-28.995701 -51.754700 DCRS-00057 2026-09-12_19:17 14.8 -999.9 -999.9 93.7 -999.9 -999.9 13.8 -999.9 -999.9 1013.3 -999.9 -999.9 0.0 -999.9 0.0 0.0 0.0 0.2 55.2 55.4 57.6 57.6 17.4 14.8 97.2 74.5 14.2 DCRS_-_Cotiporã_-_Dois_Lajeados_(110_m) -999.9 -999.9 1013.3 1002.4 1013.3 16.3 12.6 304.0 Rio_Grande_do_Sul DCRS -999.9 0.0 0.2 97.13 97.57 96.73 -1 -0.08 97.57 97.57 97.57 97.57
-28.995701 -51.754700 DCRS-00057 2026-09-12_19:18 14.8 -999.9 -999.9 93.7 -999.9 -999.9 13.8 -999.9 -999.9 1013.3 -999.9 -999.9 0.0 -999.9 0.0 0.0 0.0 0.2 55.2 55.4 57.6 57.6 17.4 14.8 97.2 74.5 14.2 DCRS_-_Cotiporã_-_Dois_Lajeados_(110_m) -999.9 -999.9 1013.3 1002.4 1013.3 16.3 12.6 304.0 Rio_Grande_do_Sul DCRS -999.9 0.0 0.2 97.1 97.57 96.73 -1 -0.09 97.57 97.57 97.57 97.57
-28.995701 -51.754700 DCRS-00057 2026-09-12_19:19 14.8 -999.9 -999.9 93.7 -999.9 -999.9 13.8 -999.9 -999.9 1013.4 -999.9 -999.9 0.0 -999.9 0.0 0.0 0.0 0.2 55.2 55.4 57.6 57.6 17.4 14.8 97.2 74.5 14.2 DCRS_-_Cotiporã_-_Dois_Lajeados_(110_m) -999.9 -999.9 1013.4 1002.4 1013.4 16.3 12.6 304.0 Rio_Grande_do_Sul DCRS -999.9 0.0 0.2 97.15 97.57 96.73 -1 -0.04 97.57 97.57 97.57 97.57
-28.995701 -51.754700 DCRS-00057 2026-09-12_19:20 14.8 -999.9 -999.9 93.7 -999.9 -999.9 13.8 -999.9 -999.9 1013.4 -999.9 -999.9 0.0 -999.9 0.0 0.0 0.0 0.2 55.2 55.4 57.6 57.6 17.4 14.8 97.2 74.5 14.2 DCRS_-_Cotiporã_-_Dois_Lajeados_(110_m) -999.9 -999.9 1013.4 1002.4 1013.4 16.3 12.6 304.0 Rio_Grande_do_Sul DCRS -999.9 0.0 0.2 97.15 97.57 96.73 -1 -0.06 97.57 97.57 97.57 97.57
-28.995701 -51.754700 DCRS-00057 2026-09-12_19:21 14.8 -999.9 -999.9 93.6 -999.9 -999.9 13.8 -999.9 -999.9 1013.4 -999.9 -999.9 0.0 -999.9 0.0 0.0 0.0 0.2 55.2 55.4 57.6 57.6 17.4 14.8 97.2 74.5 14.2 DCRS_-_Cotiporã_-_Dois_Lajeados_(110_m) -999.9 -999.9 1013.4 1002.4 1013.4 16.3 12.6 304.0 Rio_Grande_do_Sul DCRS -999.9 0.0 0.2 97.15 97.57 96.73 -1 -0.06 97.57 97.57 97.57 97.57
-28.995701 -51.754700 DCRS-00057 2026-09-12_19:22 14.9 -999.9 -999.9 93.5 -999.9 -999.9 13.9 -999.9 -999.9 1013.4 -999.9 -999.9 0.0 -999.9 0.0 0.0 0.0 0.2 55.2 55.4 57.6 57.6 17.4 14.8 97.2 74.5 14.2 DCRS_-_Cotiporã_-_Dois_Lajeados_(110_m) -999.9 -999.9 1013.4 1002.4 1013.4 16.3 12.6 304.0 Rio_Grande_do_Sul DCRS -999.9 0.0 0.2 97.11 97.57 96.73 -1 -0.04 97.57 97.57 97.57 97.57
-28.995701 -51.754700 DCRS-00057 2026-09-12_19:23 14.8 -999.9 -999.9 93.4 -999.9 -999.9 13.7 -999.9 -999.9 1013.4 -999.9 -999.9 0.0 -999.9 0.0 0.0 0.0 0.2 55.2 55.4 57.6 57.6 17.4 14.8 97.2 74.5 14.2 DCRS_-_Cotiporã_-_Dois_Lajeados_(110_m) -999.9 -999.9 1013.4 1002.4 1013.4 16.3 12.6 304.0 Rio_Grande_do_Sul DCRS -999.9 0.0 0.2 97.17 97.57 96.73 -1 0.0 97.57 97.57 97.57 97.57
-28.995701 -51.754700 DCRS-00057 2026-09-12_19:24 14.8 -999.9 -999.9 93.3 -999.9 -999.9 13.7 -999.9 -999.9 1013.4 -999.9 -999.9 0.0 -999.9 0.0 0.0 0.0 0.2 55.2 55.4 57.6 57.6 17.4 14.8 97.2 74.5 14.2 DCRS_-_Cotiporã_-_Dois_Lajeados_(110_m) -999.9 -999.9 1013.4 1002.4 1013.4 16.3 12.6 304.0 Rio_Grande_do_Sul DCRS -999.9 0.0 0.2 97.15 97.57 96.73 -1 -0.02 97.57 97.57 97.57 97.57
-28.995701 -51.754700 DCRS-00057 2026-09-12_19:25 14.7 -999.9 -999.9 93.3 -999.9 -999.9 13.6 -999.9 -999.9 1013.4 -999.9 -999.9 0.0 -999.9 2.3 0.0 0.0 0.2 55.2 55.4 57.6 57.6 17.4 14.7 97.2 74.5 14.2 DCRS_-_Cotiporã_-_Dois_Lajeados_(110_m) -999.9 -999.9 1013.4 1002.4 1013.4 16.3 12.6 304.0 Rio_Grande_do_Sul DCRS -999.9 0.0 0.2 97.18 97.57 96.73 -1 0.06 97.57 97.57 97.57 97.57
-28.995701 -51.754700 DCRS-00057 2026-09-12_19:26 14.7 -999.9 -999.9 93.3 -999.9 -999.9 13.6 -999.9 -999.9 1013.4 -999.9 -999.9 0.0 -999.9 2.3 0.0 0.0 0.2 55.2 55.4 57.6 57.6 17.4 14.7 97.2 74.5 14.2 DCRS_-_Cotiporã_-_Dois_Lajeados_(110_m) -999.9 -999.9 1013.4 1002.4 1013.4 16.3 12.6 304.0 Rio_Grande_do_Sul DCRS -999.9 0.0 0.2 97.18 97.57 96.73 -1 -0.01 97.57 97.57 97.57 97.57
-28.995701 -51.754700 DCRS-00057 2026-09-12_19:27 14.8 -999.9 -999.9 93.4 -999.9 -999.9 13.7 -999.9 -999.9 1013.4 -999.9 -999.9 0.0 -999.9 2.3 0.0 0.0 0.2 55.2 55.4 57.6 57.6 17.4 14.7 97.2 74.5 14.2 DCRS_-_Cotiporã_-_Dois_Lajeados_(110_m) -999.9 -999.9 1013.4 1002.4 1013.4 16.3 12.6 304.0 Rio_Grande_do_Sul DCRS -999.9 0.0 0.2 97.11 97.57 96.73 -1 -0.1 97.57 97.57 97.57 97.57
-28.995701 -51.754700 DCRS-00057 2026-09-12_19:28 14.7 -999.9 -999.9 93.4 -999.9 -999.9 13.6 -999.9 -999.9 1013.5 -999.9 -999.9 0.0 -999.9 2.3 0.0 0.0 0.2 55.2 55.4 57.6 57.6 17.4 14.7 97.2 74.5 14.2 DCRS_-_Cotiporã_-_Dois_Lajeados_(110_m) -999.9 -999.9 1013.5 1002.4 1013.5 16.3 12.6 304.0 Rio_Grande_do_Sul DCRS -999.9 0.0 0.2 97.14 97.57 96.73 -1 0.06 97.57 97.57 97.57 97.57
-28.995701 -51.754700 DCRS-00057 2026-09-12_19:29 14.7 -999.9 -999.9 93.5 -999.9 -999.9 13.7 -999.9 -999.9 1013.5 -999.9 -999.9 0.0 -999.9 2.3 0.0 0.0 0.2 55.2 55.4 57.6 57.6 17.4 14.7 97.2 74.5 14.2 DCRS_-_Cotiporã_-_Dois_Lajeados_(110_m) -999.9 -999.9 1013.5 1002.4 1013.5 16.3 12.6 304.0 Rio_Grande_do_Sul DCRS -999.9 0.0 0.2 97.17 97.57 96.73 -1 0.09 97.57 97.57 97.57 97.57
-28.995701 -51.754700 DCRS-00057 2026-09-12_19:30 14.7 -999.9 -999.9 93.6 -999.9 -999.9 13.7 -999.9 -999.9 1013.5 -999.9 -999.9 0.0 -999.9 2.3 0.0 0.0 0.2 55.2 55.4 57.6 57.6 17.4 14.7 97.2 74.5 14.2 DCRS_-_Cotiporã_-_Dois_Lajeados_(110_m) -999.9 -999.9 1013.5 1002.4 1013.5 16.3 12.6 304.0 Rio_Grande_do_Sul DCRS -999.9 0.0 0.2 97.14 97.57 96.73 -1 -0.04 97.57 97.57 97.57 97.57
-28.995701 -51.754700 DCRS-00057 2026-09-12_19:31 14.7 -999.9 -999.9 93.7 -999.9 -999.9 13.7 -999.9 -999.9 1013.5 -999.9 -999.9 0.0 -999.9 2.3 0.0 0.0 0.2 55.2 55.4 57.6 57.6 17.4 14.7 97.2 74.5 14.2 DCRS_-_Cotiporã_-_Dois_Lajeados_(110_m) -999.9 -999.9 1013.5 1002.4 1013.5 16.3 12.6 304.0 Rio_Grande_do_Sul DCRS -999.9 0.0 0.2 97.13 97.57 96.73 -1 -0.05 97.57 97.57 97.57 97.57
-28.995701 -51.754700 DCRS-00057 2026-09-12_19:32 14.7 -999.9 -999.9 93.7 -999.9 -999.9 13.7 -999.9 -999.9 1013.5 -999.9 -999.9 0.0 -999.9 2.3 0.0 0.0 0.2 55.2 55.4 57.6 57.6 17.4 14.7 97.2 74.5 14.2 DCRS_-_Cotiporã_-_Dois_Lajeados_(110_m) -999.9 -999.9 1013.5 1002.4 1013.5 16.3 12.6 304.0 Rio_Grande_do_Sul DCRS -999.9 0.0 0.2 97.17 97.57 96.73 -1 -0.07 97.57 97.57 97.57 97.57
-28.995701 -51.754700 DCRS-00057 2026-09-12_19:33 14.7 -999.9 -999.9 93.7 -999.9 -999.9 13.7 -999.9 -999.9 1013.5 -999.9 -999.9 0.0 -999.9 2.3 0.0 0.0 0.2 55.2 55.4 57.6 57.6 17.4 14.7 97.2 74.5 14.2 DCRS_-_Cotiporã_-_Dois_Lajeados_(110_m) -999.9 -999.9 1013.5 1002.4 1013.5 16.3 12.6 304.0 Rio_Grande_do_Sul DCRS -999.9 0.0 0.2 97.11 97.57 96.73 -1 -0.07 97.57 97.57 97.57 97.57
-28.995701 -51.754700 DCRS-00057 2026-09-12_19:34 14.7 -999.9 -999.9 93.7 -999.9 -999.9 13.7 -999.9 -999.9 1013.5 -999.9 -999.9 0.0 -999.9 2.3 0.0 0.0 0.2 55.2 55.4 57.6 57.6 17.4 14.7 97.2 74.5 14.2 DCRS_-_Cotiporã_-_Dois_Lajeados_(110_m) -999.9 -999.9 1013.5 1002.4 1013.5 16.3 12.6 304.0 Rio_Grande_do_Sul DCRS -999.9 0.0 0.2 97.19 97.57 96.73 -1 0.01 97.57 97.57 97.57 97.57
-28.995701 -51.754700 DCRS-00057 2026-09-12_19:35 14.7 -999.9 -999.9 93.8 -999.9 -999.9 13.7 -999.9 -999.9 1013.5 -999.9 -999.9 0.0 -999.9 0.0 0.0 0.0 0.2 55.2 55.4 57.6 57.6 17.4 14.7 97.2 74.5 14.2 DCRS_-_Cotiporã_-_Dois_Lajeados_(110_m) -999.9 -999.9 1013.5 1002.4 1013.5 16.3 12.6 304.0 Rio_Grande_do_Sul DCRS -999.9 0.0 0.2 97.11 97.57 96.73 -1 -0.03 97.57 97.57 97.57 97.57
-28.995701 -51.754700 DCRS-00057 2026-09-12_19:36 14.7 -999.9 -999.9 93.8 -999.9 -999.9 13.7 -999.9 -999.9 1013.5 -999.9 -999.9 0.0 -999.9 0.0 0.0 0.0 0.2 55.2 55.4 57.6 57.6 17.4 14.7 97.2 74.5 14.2 DCRS_-_Cotiporã_-_Dois_Lajeados_(110_m) -999.9 -999.9 1013.5 1002.4 1013.5 16.3 12.6 304.0 Rio_Grande_do_Sul DCRS -999.9 0.0 0.2 97.18 97.57 96.73 -1 0.03 97.57 97.57 97.57 97.57
-28.995701 -51.754700 DCRS-00057 2026-09-12_19:37 14.7 -999.9 -999.9 93.8 -999.9 -999.9 13.7 -999.9 -999.9 1013.6 -999.9 -999.9 0.0 -999.9 0.0 0.0 0.0 0.2 55.2 55.4 57.6 57.6 17.4 14.7 97.2 74.5 14.2 DCRS_-_Cotiporã_-_Dois_Lajeados_(110_m) -999.9 -999.9 1013.6 1002.4 1013.6 16.3 12.6 304.0 Rio_Grande_do_Sul DCRS -999.9 0.0 0.2 97.14 97.57 96.73 -1 -0.05 97.57 97.57 97.57 97.57
-28.995701 -51.754700 DCRS-00057 2026-09-12_19:38 14.7 -999.9 -999.9 93.8 -999.9 -999.9 13.7 -999.9 -999.9 1013.6 -999.9 -999.9 0.0 -999.9 0.0 0.0 0.0 0.2 55.2 55.4 57.6 57.6 17.4 14.7 97.2 74.5 14.2 DCRS_-_Cotiporã_-_Dois_Lajeados_(110_m) -999.9 -999.9 1013.6 1002.4 1013.6 16.3 12.6 304.0 Rio_Grande_do_Sul DCRS -999.9 0.0 0.2 97.17 97.57 96.73 -1 0.07 97.57 97.57 97.57 97.57
-28.995701 -51.754700 DCRS-00057 2026-09-12_19:39 14.6 -999.9 -999.9 93.8 -999.9 -999.9 13.6 -999.9 -999.9 1013.6 -999.9 -999.9 0.0 -999.9 0.0 0.0 0.0 0.2 55.2 55.4 57.6 57.6 17.4 14.6 97.2 74.5 14.2 DCRS_-_Cotiporã_-_Dois_Lajeados_(110_m) -999.9 -999.9 1013.6 1002.4 1013.6 16.3 12.6 304.0 Rio_Grande_do_Sul DCRS -999.9 0.0 0.2 97.13 97.57 96.73 -1 -0.11 97.57 97.57 97.57 97.57
-28.995701 -51.754700 DCRS-00057 2026-09-12_19:40 14.6 -999.9 -999.9 93.8 -999.9 -999.9 13.6 -999.9 -999.9 1013.6 -999.9 -999.9 0.0 -999.9 0.0 0.0 0.0 0.2 55.2 55.4 57.6 57.6 17.4 14.6 97.2 74.5 14.2 DCRS_-_Cotiporã_-_Dois_Lajeados_(110_m) -999.9 -999.9 1013.6 1002.4 1013.6 16.3 12.6 304.0 Rio_Grande_do_Sul DCRS -999.9 0.0 0.2 97.14 97.57 96.73 -1 -0.04 97.57 97.57 97.57 97.57
-28.995701 -51.754700 DCRS-00057 2026-09-12_19:41 14.6 -999.9 -999.9 93.8 -999.9 -999.9 13.6 -999.9 -999.9 1013.7 -999.9 -999.9 0.0 -999.9 0.0 0.0 0.0 0.2 55.2 55.4 57.6 57.6 17.4 14.6 97.2 74.5 14.2 DCRS_-_Cotiporã_-_Dois_Lajeados_(110_m) -999.9 -999.9 1013.7 1002.4 1013.7 16.3 12.6 304.0 Rio_Grande_do_Sul DCRS -999.9 0.0 0.2 97.09 97.57 96.73 -1 -0.11 97.57 97.57 97.57 97.57
-28.995701 -51.754700 DCRS-00057 2026-09-12_19:42 14.6 -999.9 -999.9 93.8 -999.9 -999.9 13.6 -999.9 -999.9 1013.7 -999.9 -999.9 0.0 -999.9 0.0 0.0 0.0 0.2 55.2 55.4 57.6 57.6 17.4 14.6 97.2 74.5 14.2 DCRS_-_Cotiporã_-_Dois_Lajeados_(110_m) -999.9 -999.9 1013.7 1002.4 1013.7 16.3 12.6 304.0 Rio_Grande_do_Sul DCRS -999.9 0.0 0.2 97.13 97.57 96.73 -1 -0.01 97.57 97.57 97.57 97.57
-28.995701 -51.754700 DCRS-00057 2026-09-12_19:43 14.5 -999.9 -999.9 93.8 -999.9 -999.9 13.5 -999.9 -999.9 1013.7 -999.9 -999.9 0.0 -999.9 0.0 0.0 0.0 0.2 55.2 55.4 57.6 57.6 17.4 14.5 97.2 74.5 14.2 DCRS_-_Cotiporã_-_Dois_Lajeados_(110_m) -999.9 -999.9 1013.7 1002.4 1013.7 16.3 12.6 304.0 Rio_Grande_do_Sul DCRS -999.9 0.0 0.2 97.16 97.57 96.73 -1 0.0 97.57 97.57 97.57 97.57
-28.995701 -51.754700 DCRS-00057 2026-09-12_19:44 14.6 -999.9 -999.9 93.8 -999.9 -999.9 13.6 -999.9 -999.9 1013.7 -999.9 -999.9 0.0 -999.9 0.0 0.0 0.0 0.2 55.2 55.4 57.6 57.6 17.4 14.5 97.2 74.5 14.2 DCRS_-_Cotiporã_-_Dois_Lajeados_(110_m) -999.9 -999.9 1013.7 1002.4 1013.7 16.3 12.6 304.0 Rio_Grande_do_Sul DCRS -999.9 0.0 0.2 97.16 97.57 96.73 -1 0.0 97.57 97.57 97.57 97.57
-28.995701 -51.754700 DCRS-00057 2026-09-12_19:45 14.6 -999.9 -999.9 93.8 -999.9 -999.9 13.6 -999.9 -999.9 1013.8 -999.9 -999.9 0.0 -999.9 0.0 0.0 0.0 0.2 55.2 55.4 57.6 57.6 17.4 14.5 97.2 74.5 14.2 DCRS_-_Cotiporã_-_Dois_Lajeados_(110_m) -999.9 -999.9 1013.8 1002.4 1013.8 16.3 12.6 304.0 Rio_Grande_do_Sul DCRS -999.9 0.0 0.2 97.14 97.57 96.73 -1 -0.09 97.57 97.57 97.57 97.57
-28.995701 -51.754700 DCRS-00057 2026-09-12_19:46 14.5 -999.9 -999.9 93.9 -999.9 -999.9 13.5 -999.9 -999.9 1013.8 -999.9 -999.9 0.0 -999.9 0.0 0.0 0.0 0.2 55.2 55.4 57.6 57.6 17.4 14.5 97.2 74.5 14.2 DCRS_-_Cotiporã_-_Dois_Lajeados_(110_m) -999.9 -999.9 1013.8 1002.4 1013.8 16.3 12.6 304.0 Rio_Grande_do_Sul DCRS -999.9 0.0 0.2 97.07 97.57 96.73 -1 -0.11 97.57 97.57 97.57 97.57
-28.995701 -51.754700 DCRS-00057 2026-09-12_19:47 14.6 -999.9 -999.9 93.8 -999.9 -999.9 13.6 -999.9 -999.9 1013.8 -999.9 -999.9 0.0 -999.9 0.0 0.0 0.0 0.2 55.2 55.4 57.6 57.6 17.4 14.5 97.2 74.5 14.2 DCRS_-_Cotiporã_-_Dois_Lajeados_(110_m) -999.9 -999.9 1013.8 1002.4 1013.8 16.3 12.6 304.0 Rio_Grande_do_Sul DCRS -999.9 0.0 0.2 97.17 97.57 96.73 -1 -0.01 97.57 97.57 97.57 97.57
-28.995701 -51.754700 DCRS-00057 2026-09-12_19:48 14.5 -999.9 -999.9 93.9 -999.9 -999.9 13.5 -999.9 -999.9 1013.8 -999.9 -999.9 0.0 -999.9 0.0 0.0 0.0 0.2 55.2 55.4 57.6 57.6 17.4 14.5 97.2 74.5 14.2 DCRS_-_Cotiporã_-_Dois_Lajeados_(110_m) -999.9 -999.9 1013.8 1002.4 1013.8 16.3 12.6 304.0 Rio_Grande_do_Sul DCRS -999.9 0.0 0.2 97.13 97.57 96.73 -1 -0.02 97.57 97.57 97.57 97.57
-28.995701 -51.754700 DCRS-00057 2026-09-12_19:49 14.5 -999.9 -999.9 94.0 -999.9 -999.9 13.5 -999.9 -999.9 1013.8 -999.9 -999.9 0.0 -999.9 0.0 0.0 0.0 0.2 55.2 55.4 57.6 57.6 17.4 14.5 97.2 74.5 14.2 DCRS_-_Cotiporã_-_Dois_Lajeados_(110_m) -999.9 -999.9 1013.8 1002.4 1013.8 16.3 12.6 304.0 Rio_Grande_do_Sul DCRS -999.9 0.0 0.2 97.1 97.57 96.73 -1 -0.02 97.57 97.57 97.57 97.57
-28.995701 -51.754700 DCRS-00057 2026-09-12_19:50 14.5 -999.9 -999.9 93.9 -999.9 -999.9 13.5 -999.9 -999.9 1013.8 -999.9 -999.9 0.0 -999.9 0.0 0.0 0.0 0.2 55.2 55.4 57.6 57.6 17.4 14.5 97.2 74.5 14.2 DCRS_-_Cotiporã_-_Dois_Lajeados_(110_m) -999.9 -999.9 1013.8 1002.4 1013.8 16.3 12.6 304.0 Rio_Grande_do_Sul DCRS -999.9 0.0 0.2 97.12 97.57 96.73 -1 -0.04 97.57 97.57 97.57 97.57
-28.995701 -51.754700 DCRS-00057 2026-09-12_19:51 14.5 -999.9 -999.9 94.0 -999.9 -999.9 13.5 -999.9 -999.9 1013.9 -999.9 -999.9 0.0 -999.9 0.0 0.0 0.0 0.2 55.2 55.4 57.6 57.6 17.4 14.5 97.2 74.5 14.2 DCRS_-_Cotiporã_-_Dois_Lajeados_(110_m) -999.9 -999.9 1013.9 1002.4 1013.9 16.3 12.6 304.0 Rio_Grande_do_Sul DCRS -999.9 0.0 0.2 97.12 97.57 96.73 -1 -0.04 97.57 97.57 97.57 97.57
-28.995701 -51.754700 DCRS-00057 2026-09-12_19:52 14.5 -999.9 -999.9 94.0 -999.9 -999.9 13.5 -999.9 -999.9 1013.9 -999.9 -999.9 0.0 -999.9 0.0 0.0 0.0 0.2 55.2 55.4 57.6 57.6 17.4 14.5 97.2 74.5 14.2 DCRS_-_Cotiporã_-_Dois_Lajeados_(110_m) -999.9 -999.9 1013.9 1002.4 1013.9 16.3 12.6 304.0 Rio_Grande_do_Sul DCRS -999.9 0.0 0.2 97.14 97.57 96.73 -1 -0.01 97.57 97.57 97.57 97.57
-28.995701 -51.754700 DCRS-00057 2026-09-12_19:53 14.5 -999.9 -999.9 94.0 -999.9 -999.9 13.5 -999.9 -999.9 1013.9 -999.9 -999.9 0.0 -999.9 0.0 0.0 0.0 0.2 55.2 55.4 57.6 57.6 17.4 14.5 97.2 74.5 14.2 DCRS_-_Cotiporã_-_Dois_Lajeados_(110_m) -999.9 -999.9 1013.9 1002.4 1013.9 16.3 12.6 304.0 Rio_Grande_do_Sul DCRS -999.9 0.0 0.2 97.04 97.57 96.73 -1 -0.11 97.57 97.57 97.57 97.57
-28.995701 -51.754700 DCRS-00057 2026-09-12_19:54 14.5 -999.9 -999.9 94.1 -999.9 -999.9 13.6 -999.9 -999.9 1013.9 -999.9 -999.9 0.0 -999.9 0.0 0.0 0.0 0.2 55.2 55.4 57.6 57.6 17.4 14.5 97.2 74.5 14.2 DCRS_-_Cotiporã_-_Dois_Lajeados_(110_m) -999.9 -999.9 1013.9 1002.4 1013.9 16.3 12.6 304.0 Rio_Grande_do_Sul DCRS -999.9 0.0 0.2 97.16 97.57 96.73 -1 -0.02 97.57 97.57 97.57 97.57
-28.995701 -51.754700 DCRS-00057 2026-09-12_19:55 14.5 -999.9 -999.9 94.1 -999.9 -999.9 13.6 -999.9 -999.9 1014.0 -999.9 -999.9 0.0 -999.9 0.0 0.0 0.0 0.2 55.2 55.4 57.6 57.6 17.4 14.5 97.2 74.5 14.2 DCRS_-_Cotiporã_-_Dois_Lajeados_(110_m) -999.9 -999.9 1014.0 1002.4 1014.0 16.3 12.6 304.0 Rio_Grande_do_Sul DCRS -999.9 0.0 0.2 97.12 97.57 96.73 -1 -0.06 97.57 97.57 97.57 97.57
-28.995701 -51.754700 DCRS-00057 2026-09-12_19:56 14.5 -999.9 -999.9 94.1 -999.9 -999.9 13.6 -999.9 -999.9 1014.0 -999.9 -999.9 0.0 -999.9 0.0 0.0 0.0 0.2 55.2 55.4 57.6 57.6 17.4 14.5 97.2 74.5 14.2 DCRS_-_Cotiporã_-_Dois_Lajeados_(110_m) -999.9 -999.9 1014.0 1002.4 1014.0 16.3 12.6 304.0 Rio_Grande_do_Sul DCRS -999.9 0.0 0.2 97.13 97.57 96.73 -1 -0.03 97.57 97.57 97.57 97.57
-28.995701 -51.754700 DCRS-00057 2026-09-12_19:57 14.5 -999.9 -999.9 94.1 -999.9 -999.9 13.6 -999.9 -999.9 1014.0 -999.9 -999.9 0.0 -999.9 0.0 0.0 0.0 0.2 55.2 55.4 57.6 57.6 17.4 14.5 97.2 74.5 14.2 DCRS_-_Cotiporã_-_Dois_Lajeados_(110_m) -999.9 -999.9 1014.0 1002.4 1014.0 16.3 12.6 304.0 Rio_Grande_do_Sul DCRS -999.9 0.0 0.2 97.08 97.57 96.73 -1 -0.06 97.57 97.57 97.57 97.57
-28.995701 -51.754700 DCRS-00057 2026-09-12_19:58 14.5 -999.9 -999.9 94.2 -999.9 -999.9 13.6 -999.9 -999.9 1014.0 -999.9 -999.9 0.0 -999.9 0.0 0.0 0.0 0.2 55.2 55.4 57.6 57.6 17.4 14.5 97.2 74.5 14.2 DCRS_-_Cotiporã_-_Dois_Lajeados_(110_m) -999.9 -999.9 1014.0 1002.4 1014.0 16.3 12.6 304.0 Rio_Grande_do_Sul DCRS -999.9 0.0 0.2 97.15 97.57 96.73 -1 -0.01 97.57 97.57 97.57 97.57
-28.995701 -51.754700 DCRS-00057 2026-09-12_19:59 14.5 -999.9 -999.9 94.2 -999.9 -999.9 13.6 -999.9 -999.9 1014.0 -999.9 -999.9 0.0 -999.9 0.0 0.0 0.0 0.2 55.2 55.4 57.6 57.6 17.4 14.5 97.2 74.5 14.2 DCRS_-_Cotiporã_-_Dois_Lajeados_(110_m) -999.9 -999.9 1014.0 1002.4 1014.0 16.3 12.6 304.0 Rio_Grande_do_Sul DCRS -999.9 0.0 0.2 97.17 97.57 96.73 -1 0.01 97.57 97.57 97.57 97.57
-28.995701 -51.754700 DCRS-00057 2026-09-12_20:00 14.5 -999.9 -999.9 94.1 -999.9 -999.9 13.6 -999.9 -999.9 1014.1 -999.9 -999.9 0.0 -999.9 0.0 0.0 0.0 0.2 55.2 55.4 57.6 57.6 17.4 14.5 97.2 74.5 14.2 DCRS_-_Cotiporã_-_Dois_Lajeados_(110_m) -999.9 -999.9 1014.1 1002.4 1014.1 16.3 12.6 304.0 Rio_Grande_do_Sul DCRS -999.9 0.0 0.2 97.11 97.57 96.73 -1 -0.04 97.57 97.57 97.57 97.57
-28.995701 -51.754700 DCRS-00057 2026-09-12_20:01 14.5 -999.9 -999.9 94.1 -999.9 -999.9 13.6 -999.9 -999.9 1014.1 -999.9 -999.9 0.0 -999.9 0.0 0.0 0.0 0.2 55.2 55.4 57.6 57.6 17.4 14.5 97.2 74.5 14.2 DCRS_-_Cotiporã_-_Dois_Lajeados_(110_m) -999.9 -999.9 1014.1 1002.4 1014.1 16.3 12.6 304.0 Rio_Grande_do_Sul DCRS -999.9 0.0 0.2 97.1 97.57 96.73 -1 -0.05 97.57 97.57 97.57 97.57
-28.995701 -51.754700 DCRS-00057 2026-09-12_20:02 14.5 -999.9 -999.9 94.1 -999.9 -999.9 13.6 -999.9 -999.9 1014.1 -999.9 -999.9 0.0 -999.9 0.0 0.0 0.0 0.2 55.2 55.4 57.6 57.6 17.4 14.5 97.2 74.5 14.2 DCRS_-_Cotiporã_-_Dois_Lajeados_(110_m) -999.9 -999.9 1014.1 1002.4 1014.1 16.3 12.6 304.0 Rio_Grande_do_Sul DCRS -999.9 0.0 0.2 97.1 97.57 96.73 -1 -0.07 97.57 97.57 97.57 97.57
-28.995701 -51.754700 DCRS-00057 2026-09-12_20:04 14.5 -999.9 -999.9 94.2 -999.9 -999.9 13.6 -999.9 -999.9 1014.1 -999.9 -999.9 0.0 -999.9 0.0 0.0 0.0 0.2 55.2 55.4 57.6 57.6 17.4 14.5 97.2 74.5 14.2 DCRS_-_Cotiporã_-_Dois_Lajeados_(110_m) -999.9 -999.9 1014.1 1002.4 1014.1 16.3 12.6 304.0 Rio_Grande_do_Sul DCRS -999.9 0.0 0.2 97.04 97.57 96.73 -1 -0.1 97.57 97.57 97.57 97.57
-28.995701 -51.754700 DCRS-00057 2026-09-12_20:05 14.5 -999.9 -999.9 94.1 -999.9 -999.9 13.6 -999.9 -999.9 1014.1 -999.9 -999.9 0.0 -999.9 0.0 0.0 0.0 0.2 55.2 55.4 57.6 57.6 17.4 14.5 97.2 74.5 14.2 DCRS_-_Cotiporã_-_Dois_Lajeados_(110_m) -999.9 -999.9 1014.1 1002.4 1014.1 16.3 12.6 304.0 Rio_Grande_do_Sul DCRS -999.9 0.0 0.2 97.14 97.57 96.73 -1 0.08 97.57 97.57 97.57 97.57
-28.995701 -51.754700 DCRS-00057 2026-09-12_20:06 14.5 -999.9 -999.9 94.2 -999.9 -999.9 13.6 -999.9 -999.9 1014.1 -999.9 -999.9 0.0 -999.9 0.0 0.0 0.0 0.2 55.2 55.4 57.6 57.6 17.4 14.5 97.2 74.5 14.2 DCRS_-_Cotiporã_-_Dois_Lajeados_(110_m) -999.9 -999.9 1014.1 1002.4 1014.1 16.3 12.6 304.0 Rio_Grande_do_Sul DCRS -999.9 0.0 0.2 97.12 97.57 96.73 -1 -0.01 97.57 97.57 97.57 97.57
-28.995701 -51.754700 DCRS-00057 2026-09-12_20:07 14.5 -999.9 -999.9 94.3 -999.9 -999.9 13.6 -999.9 -999.9 1014.1 -999.9 -999.9 0.0 -999.9 0.0 0.0 0.0 0.2 55.2 55.4 57.6 57.6 17.4 14.5 97.2 74.5 14.2 DCRS_-_Cotiporã_-_Dois_Lajeados_(110_m) -999.9 -999.9 1014.1 1002.4 1014.1 16.3 12.6 304.0 Rio_Grande_do_Sul DCRS -999.9 0.0 0.2 97.1 97.57 96.73 -1 -0.1 97.57 97.57 97.57 97.57
-28.995701 -51.754700 DCRS-00057 2026-09-12_20:08 14.5 -999.9 -999.9 94.3 -999.9 -999.9 13.6 -999.9 -999.9 1014.1 -999.9 -999.9 0.0 -999.9 0.0 0.0 0.0 0.2 55.2 55.4 57.6 57.6 17.4 14.5 97.2 74.5 14.2 DCRS_-_Cotiporã_-_Dois_Lajeados_(110_m) -999.9 -999.9 1014.1 1002.4 1014.1 16.3 12.6 304.0 Rio_Grande_do_Sul DCRS -999.9 0.0 0.2 97.07 97.57 96.73 -1 -0.13 97.57 97.57 97.57 97.57
-28.995701 -51.754700 DCRS-00057 2026-09-12_20:09 14.5 -999.9 -999.9 94.4 -999.9 -999.9 13.6 -999.9 -999.9 1014.0 -999.9 -999.9 0.0 -999.9 0.0 0.0 0.0 0.2 55.2 55.4 57.6 57.6 17.4 14.5 97.2 74.5 14.2 DCRS_-_Cotiporã_-_Dois_Lajeados_(110_m) -999.9 -999.9 1014.1 1002.4 1014.0 16.3 12.6 304.0 Rio_Grande_do_Sul DCRS -999.9 0.0 0.2 97.11 97.57 96.73 -1 -0.07 97.57 97.57 97.57 97.57
-28.995701 -51.754700 DCRS-00057 2026-09-12_20:10 14.5 -999.9 -999.9 94.4 -999.9 -999.9 13.6 -999.9 -999.9 1014.0 -999.9 -999.9 0.0 -999.9 0.0 0.0 0.0 0.2 55.2 55.4 57.6 57.6 17.4 14.5 97.2 74.5 14.2 DCRS_-_Cotiporã_-_Dois_Lajeados_(110_m) -999.9 -999.9 1014.1 1002.4 1014.0 16.3 12.6 304.0 Rio_Grande_do_Sul DCRS -999.9 0.0 0.2 97.09 97.57 96.73 -1 -0.11 97.57 97.57 97.57 97.57
-28.995701 -51.754700 DCRS-00057 2026-09-12_20:11 14.4 -999.9 -999.9 94.4 -999.9 -999.9 13.5 -999.9 -999.9 1014.0 -999.9 -999.9 0.0 -999.9 0.0 0.0 0.0 0.2 55.2 55.4 57.6 57.6 17.4 14.4 97.2 74.5 14.2 DCRS_-_Cotiporã_-_Dois_Lajeados_(110_m) -999.9 -999.9 1014.1 1002.4 1014.0 16.3 12.6 304.0 Rio_Grande_do_Sul DCRS -999.9 0.0 0.2 97.15 97.57 96.73 -1 0.0 97.57 97.57 97.57 97.57
-28.995701 -51.754700 DCRS-00057 2026-09-12_20:12 14.5 -999.9 -999.9 94.5 -999.9 -999.9 13.6 -999.9 -999.9 1014.1 -999.9 -999.9 0.0 -999.9 0.0 0.0 0.0 0.2 55.2 55.4 57.6 57.6 17.4 14.4 97.2 74.5 14.2 DCRS_-_Cotiporã_-_Dois_Lajeados_(110_m) -999.9 -999.9 1014.1 1002.4 1014.1 16.3 12.6 304.0 Rio_Grande_do_Sul DCRS -999.9 0.0 0.2 97.12 97.57 96.73 -1 -0.05 97.57 97.57 97.57 97.57
-28.995701 -51.754700 DCRS-00057 2026-09-12_20:13 14.5 -999.9 -999.9 94.6 -999.9 -999.9 13.6 -999.9 -999.9 1014.1 -999.9 -999.9 0.0 -999.9 0.0 0.0 0.0 0.2 55.2 55.4 57.6 57.6 17.4 14.4 97.2 74.5 14.2 DCRS_-_Cotiporã_-_Dois_Lajeados_(110_m) -999.9 -999.9 1014.1 1002.4 1014.1 16.3 12.6 304.0 Rio_Grande_do_Sul DCRS -999.9 0.0 0.2 97.11 97.57 96.73 -1 -0.06 97.57 97.57 97.57 97.57
-28.995701 -51.754700 DCRS-00057 2026-09-12_20:14 14.5 -999.9 -999.9 94.6 -999.9 -999.9 13.6 -999.9 -999.9 1014.1 -999.9 -999.9 0.0 -999.9 0.0 0.0 0.0 0.2 55.2 55.4 57.6 57.6 17.4 14.4 97.2 74.5 14.2 DCRS_-_Cotiporã_-_Dois_Lajeados_(110_m) -999.9 -999.9 1014.1 1002.4 1014.1 16.3 12.6 304.0 Rio_Grande_do_Sul DCRS -999.9 0.0 0.2 97.03 97.57 96.73 -1 -0.09 97.57 97.57 97.57 97.57
-28.995701 -51.754700 DCRS-00057 2026-09-12_20:15 14.5 -999.9 -999.9 94.6 -999.9 -999.9 13.6 -999.9 -999.9 1014.1 -999.9 -999.9 0.0 -999.9 0.0 0.0 0.0 0.2 55.2 55.4 57.6 57.6 17.4 14.4 97.2 74.5 14.2 DCRS_-_Cotiporã_-_Dois_Lajeados_(110_m) -999.9 -999.9 1014.1 1002.4 1014.1 16.3 12.6 304.0 Rio_Grande_do_Sul DCRS -999.9 0.0 0.2 97.06 97.57 96.73 -1 -0.11 97.57 97.57 97.57 97.57
-28.995701 -51.754700 DCRS-00057 2026-09-12_20:16 14.5 -999.9 -999.9 94.7 -999.9 -999.9 13.7 -999.9 -999.9 1014.1 -999.9 -999.9 0.0 -999.9 0.0 0.0 0.0 0.2 55.2 55.4 57.6 57.6 17.4 14.4 97.2 74.5 14.2 DCRS_-_Cotiporã_-_Dois_Lajeados_(110_m) -999.9 -999.9 1014.1 1002.4 1014.1 16.3 12.6 304.0 Rio_Grande_do_Sul DCRS -999.9 0.0 0.2 97.06 97.57 96.73 -1 -0.08 97.57 97.57 97.57 97.57
-28.995701 -51.754700 DCRS-00057 2026-09-12_20:17 14.5 -999.9 -999.9 94.6 -999.9 -999.9 13.6 -999.9 -999.9 1014.1 -999.9 -999.9 0.0 -999.9 0.0 0.0 0.0 0.2 55.2 55.4 57.6 57.6 17.4 14.4 97.2 74.5 14.2 DCRS_-_Cotiporã_-_Dois_Lajeados_(110_m) -999.9 -999.9 1014.1 1002.4 1014.1 16.3 12.6 304.0 Rio_Grande_do_Sul DCRS -999.9 0.0 0.2 97.07 97.57 96.73 -1 -0.03 97.57 97.57 97.57 97.57
-28.995701 -51.754700 DCRS-00057 2026-09-12_20:18 14.5 -999.9 -999.9 94.6 -999.9 -999.9 13.6 -999.9 -999.9 1014.1 -999.9 -999.9 0.0 -999.9 0.0 0.0 0.0 0.2 55.2 55.4 57.6 57.6 17.4 14.4 97.2 74.5 14.2 DCRS_-_Cotiporã_-_Dois_Lajeados_(110_m) -999.9 -999.9 1014.1 1002.4 1014.1 16.3 12.6 304.0 Rio_Grande_do_Sul DCRS -999.9 0.0 0.2 97.13 97.57 96.73 -1 0.03 97.57 97.57 97.57 97.57
-28.995701 -51.754700 DCRS-00057 2026-09-12_20:19 14.5 -999.9 -999.9 94.7 -999.9 -999.9 13.7 -999.9 -999.9 1014.1 -999.9 -999.9 0.0 -999.9 0.0 0.0 0.0 0.2 55.2 55.4 57.6 57.6 17.4 14.4 97.2 74.5 14.2 DCRS_-_Cotiporã_-_Dois_Lajeados_(110_m) -999.9 -999.9 1014.1 1002.4 1014.1 16.3 12.6 304.0 Rio_Grande_do_Sul DCRS -999.9 0.0 0.2 97.04 97.57 96.73 -1 -0.11 97.57 97.57 97.57 97.57
-28.995701 -51.754700 DCRS-00057 2026-09-12_20:20 14.5 -999.9 -999.9 94.6 -999.9 -999.9 13.6 -999.9 -999.9 1014.1 -999.9 -999.9 0.0 -999.9 0.0 0.0 0.0 0.2 55.2 55.4 57.6 57.6 17.4 14.4 97.2 74.5 14.2 DCRS_-_Cotiporã_-_Dois_Lajeados_(110_m) -999.9 -999.9 1014.1 1002.4 1014.1 16.3 12.6 304.0 Rio_Grande_do_Sul DCRS -999.9 0.0 0.2 97.08 97.57 96.73 -1 -0.07 97.57 97.57 97.57 97.57
-28.995701 -51.754700 DCRS-00057 2026-09-12_20:21 14.5 -999.9 -999.9 94.7 -999.9 -999.9 13.7 -999.9 -999.9 1014.1 -999.9 -999.9 0.0 -999.9 0.0 0.0 0.0 0.2 55.2 55.4 57.6 57.6 17.4 14.4 97.2 74.5 14.2 DCRS_-_Cotiporã_-_Dois_Lajeados_(110_m) -999.9 -999.9 1014.1 1002.4 1014.1 16.3 12.6 304.0 Rio_Grande_do_Sul DCRS -999.9 0.0 0.2 97.09 97.57 96.73 -1 -0.06 97.57 97.57 97.57 97.57
-28.995701 -51.754700 DCRS-00057 2026-09-12_20:22 14.5 -999.9 -999.9 94.7 -999.9 -999.9 13.7 -999.9 -999.9 1014.1 -999.9 -999.9 0.0 -999.9 0.0 0.0 0.0 0.2 55.2 55.4 57.6 57.6 17.4 14.4 97.2 74.5 14.2 DCRS_-_Cotiporã_-_Dois_Lajeados_(110_m) -999.9 -999.9 1014.1 1002.4 1014.1 16.3 12.6 304.0 Rio_Grande_do_Sul DCRS -999.9 0.0 0.2 97.07 97.57 96.73 -1 -0.04 97.57 97.57 97.57 97.57
-28.995701 -51.754700 DCRS-00057 2026-09-12_20:23 14.5 -999.9 -999.9 94.8 -999.9 -999.9 13.7 -999.9 -999.9 1014.1 -999.9 -999.9 0.0 -999.9 0.0 0.0 0.0 0.2 55.2 55.4 57.6 57.6 17.4 14.4 97.2 74.5 14.2 DCRS_-_Cotiporã_-_Dois_Lajeados_(110_m) -999.9 -999.9 1014.1 1002.4 1014.1 16.3 12.6 304.0 Rio_Grande_do_Sul DCRS -999.9 0.0 0.2 97.11 97.57 96.73 -1 -0.06 97.57 97.57 97.57 97.57
-28.995701 -51.754700 DCRS-00057 2026-09-12_20:24 14.5 -999.9 -999.9 94.7 -999.9 -999.9 13.7 -999.9 -999.9 1014.1 -999.9 -999.9 0.0 -999.9 0.0 0.0 0.0 0.2 55.2 55.4 57.6 57.6 17.4 14.4 97.2 74.5 14.2 DCRS_-_Cotiporã_-_Dois_Lajeados_(110_m) -999.9 -999.9 1014.1 1002.4 1014.1 16.3 12.6 304.0 Rio_Grande_do_Sul DCRS -999.9 0.0 0.2 97.14 97.57 96.73 -1 -0.04 97.57 97.57 97.57 97.57
-28.995701 -51.754700 DCRS-00057 2026-09-12_20:25 14.5 -999.9 -999.9 94.7 -999.9 -999.9 13.7 -999.9 -999.9 1014.1 -999.9 -999.9 0.0 -999.9 0.0 0.0 0.0 0.2 55.2 55.4 57.6 57.6 17.4 14.4 97.2 74.5 14.2 DCRS_-_Cotiporã_-_Dois_Lajeados_(110_m) -999.9 -999.9 1014.1 1002.4 1014.1 16.3 12.6 304.0 Rio_Grande_do_Sul DCRS -999.9 0.0 0.2 97.08 97.57 96.73 -1 -0.1 97.57 97.57 97.57 97.57
-28.995701 -51.754700 DCRS-00057 2026-09-12_20:26 14.5 -999.9 -999.9 94.7 -999.9 -999.9 13.7 -999.9 -999.9 1014.1 -999.9 -999.9 0.0 -999.9 0.0 0.0 0.0 0.2 55.2 55.4 57.6 57.6 17.4 14.4 97.2 74.5 14.2 DCRS_-_Cotiporã_-_Dois_Lajeados_(110_m) -999.9 -999.9 1014.1 1002.4 1014.1 16.3 12.6 304.0 Rio_Grande_do_Sul DCRS -999.9 0.0 0.2 97.08 97.57 96.73 -1 -0.1 97.57 97.57 97.57 97.57
-28.995701 -51.754700 DCRS-00057 2026-09-12_20:27 14.6 -999.9 -999.9 94.8 -999.9 -999.9 13.8 -999.9 -999.9 1014.1 -999.9 -999.9 0.0 -999.9 0.0 0.0 0.0 0.2 55.2 55.4 57.6 57.6 17.4 14.4 97.2 74.5 14.2 DCRS_-_Cotiporã_-_Dois_Lajeados_(110_m) -999.9 -999.9 1014.1 1002.4 1014.1 16.3 12.6 304.0 Rio_Grande_do_Sul DCRS -999.9 0.0 0.2 97.14 97.57 96.73 -1 0.03 97.57 97.57 97.57 97.57
-28.995701 -51.754700 DCRS-00057 2026-09-12_20:28 14.5 -999.9 -999.9 94.7 -999.9 -999.9 13.7 -999.9 -999.9 1014.1 -999.9 -999.9 0.0 -999.9 0.0 0.0 0.0 0.2 55.2 55.4 57.6 57.6 17.4 14.4 97.2 74.5 14.2 DCRS_-_Cotiporã_-_Dois_Lajeados_(110_m) -999.9 -999.9 1014.1 1002.4 1014.1 16.3 12.6 304.0 Rio_Grande_do_Sul DCRS -999.9 0.0 0.2 97.11 97.57 96.73 -1 -0.03 97.57 97.57 97.57 97.57
-28.995701 -51.754700 DCRS-00057 2026-09-12_20:29 14.5 -999.9 -999.9 94.8 -999.9 -999.9 13.7 -999.9 -999.9 1014.1 -999.9 -999.9 0.0 -999.9 0.0 0.0 0.0 0.2 55.2 55.4 57.6 57.6 17.4 14.4 97.2 74.5 14.2 DCRS_-_Cotiporã_-_Dois_Lajeados_(110_m) -999.9 -999.9 1014.1 1002.4 1014.1 16.3 12.6 304.0 Rio_Grande_do_Sul DCRS -999.9 0.0 0.2 97.04 97.57 96.73 -1 -0.1 97.57 97.57 97.57 97.57
-28.995701 -51.754700 DCRS-00057 2026-09-12_20:30 14.5 -999.9 -999.9 94.7 -999.9 -999.9 13.7 -999.9 -999.9 1014.1 -999.9 -999.9 0.0 -999.9 0.0 0.0 0.0 0.2 55.2 55.4 57.6 57.6 17.4 14.4 97.2 74.5 14.2 DCRS_-_Cotiporã_-_Dois_Lajeados_(110_m) -999.9 -999.9 1014.1 1002.4 1014.1 16.3 12.6 304.0 Rio_Grande_do_Sul DCRS -999.9 0.0 0.2 97.02 97.57 96.73 -1 -0.12 97.57 97.57 97.57 97.57
-28.995701 -51.754700 DCRS-00057 2026-09-12_20:31 14.5 -999.9 -999.9 94.7 -999.9 -999.9 13.7 -999.9 -999.9 1014.1 -999.9 -999.9 0.0 -999.9 0.0 0.0 0.0 0.2 55.2 55.4 57.6 57.6 17.4 14.4 97.2 74.5 14.2 DCRS_-_Cotiporã_-_Dois_Lajeados_(110_m) -999.9 -999.9 1014.1 1002.4 1014.1 16.3 12.6 304.0 Rio_Grande_do_Sul DCRS -999.9 0.0 0.2 97.05 97.57 96.73 -1 -0.08 97.57 97.57 97.57 97.57
-28.995701 -51.754700 DCRS-00057 2026-09-12_20:32 14.5 -999.9 -999.9 94.7 -999.9 -999.9 13.7 -999.9 -999.9 1014.1 -999.9 -999.9 0.0 -999.9 0.0 0.0 0.0 0.2 55.2 55.4 57.6 57.6 17.4 14.4 97.2 74.5 14.2 DCRS_-_Cotiporã_-_Dois_Lajeados_(110_m) -999.9 -999.9 1014.1 1002.4 1014.1 16.3 12.6 304.0 Rio_Grande_do_Sul DCRS -999.9 0.0 0.2 97.07 97.57 96.73 -1 -0.1 97.57 97.57 97.57 97.57
-28.995701 -51.754700 DCRS-00057 2026-09-12_20:33 14.6 -999.9 -999.9 94.7 -999.9 -999.9 13.8 -999.9 -999.9 1014.1 -999.9 -999.9 0.0 -999.9 0.0 0.0 0.0 0.2 55.2 55.4 57.6 57.6 17.4 14.4 97.2 74.5 14.2 DCRS_-_Cotiporã_-_Dois_Lajeados_(110_m) -999.9 -999.9 1014.1 1002.4 1014.1 16.3 12.6 304.0 Rio_Grande_do_Sul DCRS -999.9 0.0 0.2 97.07 97.57 96.73 -1 -0.04 97.57 97.57 97.57 97.57
-28.995701 -51.754700 DCRS-00057 2026-09-12_20:34 14.6 -999.9 -999.9 94.6 -999.9 -999.9 13.7 -999.9 -999.9 1014.2 -999.9 -999.9 0.0 -999.9 0.0 0.0 0.0 0.2 55.2 55.4 57.6 57.6 17.4 14.4 97.2 74.5 14.2 DCRS_-_Cotiporã_-_Dois_Lajeados_(110_m) -999.9 -999.9 1014.2 1002.4 1014.2 16.3 12.6 304.0 Rio_Grande_do_Sul DCRS -999.9 0.0 0.2 97.11 97.57 96.73 -1 -0.08 97.57 97.57 97.57 97.57
-28.995701 -51.754700 DCRS-00057 2026-09-12_20:35 14.6 -999.9 -999.9 94.6 -999.9 -999.9 13.7 -999.9 -999.9 1014.2 -999.9 -999.9 0.0 -999.9 0.0 0.0 0.0 0.2 55.2 55.4 57.6 57.6 17.4 14.4 97.2 74.5 14.2 DCRS_-_Cotiporã_-_Dois_Lajeados_(110_m) -999.9 -999.9 1014.2 1002.4 1014.2 16.3 12.6 304.0 Rio_Grande_do_Sul DCRS -999.9 0.0 0.2 97.04 97.57 96.73 -1 -0.14 97.57 97.57 97.57 97.57
-28.995701 -51.754700 DCRS-00057 2026-09-12_20:36 14.6 -999.9 -999.9 94.6 -999.9 -999.9 13.7 -999.9 -999.9 1014.2 -999.9 -999.9 0.0 -999.9 0.0 0.0 0.0 0.2 55.2 55.4 57.6 57.6 17.4 14.4 97.2 74.5 14.2 DCRS_-_Cotiporã_-_Dois_Lajeados_(110_m) -999.9 -999.9 1014.2 1002.4 1014.2 16.3 12.6 304.0 Rio_Grande_do_Sul DCRS -999.9 0.0 0.2 97.08 97.57 96.73 -1 -0.06 97.57 97.57 97.57 97.57
-28.995701 -51.754700 DCRS-00057 2026-09-12_20:37 14.6 -999.9 -999.9 94.6 -999.9 -999.9 13.7 -999.9 -999.9 1014.2 -999.9 -999.9 0.0 -999.9 0.0 0.0 0.0 0.2 55.2 55.4 57.6 57.6 17.4 14.4 97.2 74.5 14.2 DCRS_-_Cotiporã_-_Dois_Lajeados_(110_m) -999.9 -999.9 1014.2 1002.4 1014.2 16.3 12.6 304.0 Rio_Grande_do_Sul DCRS -999.9 0.0 0.2 97.06 97.57 96.73 -1 -0.08 97.57 97.57 97.57 97.57
-28.995701 -51.754700 DCRS-00057 2026-09-12_20:38 14.6 -999.9 -999.9 94.5 -999.9 -999.9 13.7 -999.9 -999.9 1014.2 -999.9 -999.9 0.0 -999.9 0.0 0.0 0.0 0.2 55.2 55.4 57.6 57.6 17.4 14.4 97.2 74.5 14.2 DCRS_-_Cotiporã_-_Dois_Lajeados_(110_m) -999.9 -999.9 1014.2 1002.4 1014.2 16.3 12.6 304.0 Rio_Grande_do_Sul DCRS -999.9 0.0 0.2 97.1 97.57 96.73 -1 -0.07 97.57 97.57 97.57 97.57
-28.995701 -51.754700 DCRS-00057 2026-09-12_20:39 14.6 -999.9 -999.9 94.7 -999.9 -999.9 13.8 -999.9 -999.9 1014.3 -999.9 -999.9 0.0 -999.9 0.0 0.0 0.0 0.2 55.2 55.4 57.6 57.6 17.4 14.4 97.2 74.5 14.2 DCRS_-_Cotiporã_-_Dois_Lajeados_(110_m) -999.9 -999.9 1014.3 1002.4 1014.3 16.3 12.6 304.0 Rio_Grande_do_Sul DCRS -999.9 0.0 0.2 97.0 97.57 96.73 -1 -0.14 97.57 97.57 97.57 97.57
-28.995701 -51.754700 DCRS-00057 2026-09-12_20:40 14.6 -999.9 -999.9 94.5 -999.9 -999.9 13.7 -999.9 -999.9 1014.3 -999.9 -999.9 0.0 -999.9 0.0 0.0 0.0 0.2 55.2 55.4 57.6 57.6 17.4 14.4 97.2 74.5 14.2 DCRS_-_Cotiporã_-_Dois_Lajeados_(110_m) -999.9 -999.9 1014.3 1002.4 1014.3 16.3 12.6 304.0 Rio_Grande_do_Sul DCRS -999.9 0.0 0.2 97.07 97.57 96.73 -1 -0.07 97.57 97.57 97.57 97.57
-28.995701 -51.754700 DCRS-00057 2026-09-12_20:41 14.6 -999.9 -999.9 94.7 -999.9 -999.9 13.8 -999.9 -999.9 1014.3 -999.9 -999.9 0.0 -999.9 0.0 0.0 0.0 0.2 55.2 55.4 57.6 57.6 17.4 14.4 97.2 74.5 14.2 DCRS_-_Cotiporã_-_Dois_Lajeados_(110_m) -999.9 -999.9 1014.3 1002.4 1014.3 16.3 12.6 304.0 Rio_Grande_do_Sul DCRS -999.9 0.0 0.2 97.1 97.57 96.73 -1 0.01 97.57 97.57 97.57 97.57
-28.995701 -51.754700 DCRS-00057 2026-09-12_20:42 14.6 -999.9 -999.9 94.7 -999.9 -999.9 13.8 -999.9 -999.9 1014.3 -999.9 -999.9 0.0 -999.9 0.0 0.0 0.0 0.2 55.2 55.4 57.6 57.6 17.4 14.4 97.2 74.5 14.2 DCRS_-_Cotiporã_-_Dois_Lajeados_(110_m) -999.9 -999.9 1014.3 1002.4 1014.3 16.3 12.6 304.0 Rio_Grande_do_Sul DCRS -999.9 0.0 0.2 97.03 97.57 96.73 -1 -0.1 97.57 97.57 97.57 97.57
-28.995701 -51.754700 DCRS-00057 2026-09-12_20:43 14.6 -999.9 -999.9 94.6 -999.9 -999.9 13.7 -999.9 -999.9 1014.3 -999.9 -999.9 0.0 -999.9 0.0 0.0 0.0 0.2 55.2 55.4 57.6 57.6 17.4 14.4 97.2 74.5 14.2 DCRS_-_Cotiporã_-_Dois_Lajeados_(110_m) -999.9 -999.9 1014.3 1002.4 1014.3 16.3 12.6 304.0 Rio_Grande_do_Sul DCRS -999.9 0.0 0.2 97.06 97.57 96.73 -1 -0.1 97.57 97.57 97.57 97.57
-28.995701 -51.754700 DCRS-00057 2026-09-12_20:44 14.6 -999.9 -999.9 94.6 -999.9 -999.9 13.7 -999.9 -999.9 1014.4 -999.9 -999.9 0.0 -999.9 0.0 0.0 0.0 0.2 55.2 55.4 57.6 57.6 17.4 14.4 97.2 74.5 14.2 DCRS_-_Cotiporã_-_Dois_Lajeados_(110_m) -999.9 -999.9 1014.4 1002.4 1014.4 16.3 12.6 304.0 Rio_Grande_do_Sul DCRS -999.9 0.0 0.2 97.07 97.57 96.73 -1 -0.09 97.57 97.57 97.57 97.57
-28.995701 -51.754700 DCRS-00057 2026-09-12_20:45 14.6 -999.9 -999.9 94.8 -999.9 -999.9 13.8 -999.9 -999.9 1014.4 -999.9 -999.9 0.0 -999.9 0.0 0.0 0.0 0.2 55.2 55.4 57.6 57.6 17.4 14.4 97.2 74.5 14.2 DCRS_-_Cotiporã_-_Dois_Lajeados_(110_m) -999.9 -999.9 1014.4 1002.4 1014.4 16.3 12.6 304.0 Rio_Grande_do_Sul DCRS -999.9 0.0 0.2 97.04 97.57 96.73 -1 -0.1 97.57 97.57 97.57 97.57
-28.995701 -51.754700 DCRS-00057 2026-09-12_20:46 14.6 -999.9 -999.9 94.8 -999.9 -999.9 13.8 -999.9 -999.9 1014.4 -999.9 -999.9 0.0 -999.9 0.0 0.0 0.0 0.2 55.2 55.4 57.6 57.6 17.4 14.4 97.2 74.5 14.2 DCRS_-_Cotiporã_-_Dois_Lajeados_(110_m) -999.9 -999.9 1014.4 1002.4 1014.4 16.3 12.6 304.0 Rio_Grande_do_Sul DCRS -999.9 0.0 0.2 97.08 97.57 96.73 -1 0.01 97.57 97.57 97.57 97.57
-28.995701 -51.754700 DCRS-00057 2026-09-12_20:47 14.6 -999.9 -999.9 94.8 -999.9 -999.9 13.8 -999.9 -999.9 1014.4 -999.9 -999.9 0.0 -999.9 0.0 0.0 0.0 0.2 55.2 55.4 57.6 57.6 17.4 14.4 97.2 74.5 14.2 DCRS_-_Cotiporã_-_Dois_Lajeados_(110_m) -999.9 -999.9 1014.4 1002.4 1014.4 16.3 12.6 304.0 Rio_Grande_do_Sul DCRS -999.9 0.0 0.2 97.03 97.57 96.73 -1 -0.14 97.57 97.57 97.57 97.57
-28.995701 -51.754700 DCRS-00057 2026-09-12_20:48 14.6 -999.9 -999.9 94.8 -999.9 -999.9 13.8 -999.9 -999.9 1014.4 -999.9 -999.9 0.0 -999.9 0.0 0.0 0.0 0.2 55.2 55.4 57.6 57.6 17.4 14.4 97.2 74.5 14.2 DCRS_-_Cotiporã_-_Dois_Lajeados_(110_m) -999.9 -999.9 1014.4 1002.4 1014.4 16.3 12.6 304.0 Rio_Grande_do_Sul DCRS -999.9 0.0 0.2 97.1 97.57 96.73 -1 -0.03 97.57 97.57 97.57 97.57
-28.995701 -51.754700 DCRS-00057 2026-09-12_20:49 14.7 -999.9 -999.9 94.8 -999.9 -999.9 13.9 -999.9 -999.9 1014.4 -999.9 -999.9 0.0 -999.9 0.0 0.0 0.0 0.2 55.2 55.4 57.6 57.6 17.4 14.4 97.2 74.5 14.2 DCRS_-_Cotiporã_-_Dois_Lajeados_(110_m) -999.9 -999.9 1014.4 1002.4 1014.4 16.3 12.6 304.0 Rio_Grande_do_Sul DCRS -999.9 0.0 0.2 97.03 97.57 96.73 -1 -0.07 97.57 97.57 97.57 97.57
-28.995701 -51.754700 DCRS-00057 2026-09-12_20:50 14.6 -999.9 -999.9 94.7 -999.9 -999.9 13.8 -999.9 -999.9 1014.4 -999.9 -999.9 0.0 -999.9 0.0 0.0 0.0 0.2 55.2 55.4 57.6 57.6 17.4 14.4 97.2 74.5 14.2 DCRS_-_Cotiporã_-_Dois_Lajeados_(110_m) -999.9 -999.9 1014.4 1002.4 1014.4 16.3 12.6 304.0 Rio_Grande_do_Sul DCRS -999.9 0.0 0.2 97.13 97.57 96.73 -1 0.01 97.57 97.57 97.57 97.57
-28.995701 -51.754700 DCRS-00057 2026-09-12_20:51 14.6 -999.9 -999.9 94.8 -999.9 -999.9 13.8 -999.9 -999.9 1014.4 -999.9 -999.9 0.0 -999.9 0.0 0.0 0.0 0.2 55.2 55.4 57.6 57.6 17.4 14.4 97.2 74.5 14.2 DCRS_-_Cotiporã_-_Dois_Lajeados_(110_m) -999.9 -999.9 1014.4 1002.4 1014.4 16.3 12.6 304.0 Rio_Grande_do_Sul DCRS -999.9 0.0 0.2 97.02 97.57 96.73 -1 -0.1 97.57 97.57 97.57 97.57
-28.995701 -51.754700 DCRS-00057 2026-09-12_20:52 14.7 -999.9 -999.9 94.7 -999.9 -999.9 13.9 -999.9 -999.9 1014.4 -999.9 -999.9 0.0 -999.9 0.0 0.0 0.0 0.2 55.2 55.4 57.6 57.6 17.4 14.4 97.2 74.5 14.2 DCRS_-_Cotiporã_-_Dois_Lajeados_(110_m) -999.9 -999.9 1014.4 1002.4 1014.4 16.3 12.6 304.0 Rio_Grande_do_Sul DCRS -999.9 0.0 0.2 97.1 97.57 96.73 -1 0.06 97.57 97.57 97.57 97.57
-28.995701 -51.754700 DCRS-00057 2026-09-12_20:53 14.6 -999.9 -999.9 94.8 -999.9 -999.9 13.8 -999.9 -999.9 1014.4 -999.9 -999.9 0.0 -999.9 0.0 0.0 0.0 0.2 55.2 55.4 57.6 57.6 17.4 14.4 97.2 74.5 14.2 DCRS_-_Cotiporã_-_Dois_Lajeados_(110_m) -999.9 -999.9 1014.4 1002.4 1014.4 16.3 12.6 304.0 Rio_Grande_do_Sul DCRS -999.9 0.0 0.2 97.03 97.57 96.73 -1 -0.01 97.57 97.57 97.57 97.57
-28.995701 -51.754700 DCRS-00057 2026-09-12_20:54 14.6 -999.9 -999.9 94.8 -999.9 -999.9 13.8 -999.9 -999.9 1014.4 -999.9 -999.9 0.0 -999.9 0.0 0.0 0.0 0.2 55.2 55.4 57.6 57.6 17.4 14.4 97.2 74.5 14.2 DCRS_-_Cotiporã_-_Dois_Lajeados_(110_m) -999.9 -999.9 1014.4 1002.4 1014.4 16.3 12.6 304.0 Rio_Grande_do_Sul DCRS -999.9 0.0 0.2 97.06 97.57 96.73 -1 -0.1 97.57 97.57 97.57 97.57
-28.995701 -51.754700 DCRS-00057 2026-09-12_20:55 14.6 -999.9 -999.9 94.8 -999.9 -999.9 13.8 -999.9 -999.9 1014.4 -999.9 -999.9 0.0 -999.9 0.0 0.0 0.0 0.2 55.2 55.4 57.6 57.6 17.4 14.4 97.2 74.5 14.2 DCRS_-_Cotiporã_-_Dois_Lajeados_(110_m) -999.9 -999.9 1014.4 1002.4 1014.4 16.3 12.6 304.0 Rio_Grande_do_Sul DCRS -999.9 0.0 0.2 97.08 97.57 96.73 -1 -0.04 97.57 97.57 97.57 97.57
-28.995701 -51.754700 DCRS-00057 2026-09-12_20:56 14.6 -999.9 -999.9 94.8 -999.9 -999.9 13.8 -999.9 -999.9 1014.4 -999.9 -999.9 0.0 -999.9 0.0 0.0 0.0 0.2 55.2 55.4 57.6 57.6 17.4 14.4 97.2 74.5 14.2 DCRS_-_Cotiporã_-_Dois_Lajeados_(110_m) -999.9 -999.9 1014.4 1002.4 1014.4 16.3 12.6 304.0 Rio_Grande_do_Sul DCRS -999.9 0.0 0.2 97.04 97.57 96.73 -1 -0.09 97.57 97.57 97.57 97.57
-28.995701 -51.754700 DCRS-00057 2026-09-12_20:57 14.6 -999.9 -999.9 94.8 -999.9 -999.9 13.8 -999.9 -999.9 1014.4 -999.9 -999.9 0.0 -999.9 0.0 0.0 0.0 0.2 55.2 55.4 57.6 57.6 17.4 14.4 97.2 74.5 14.2 DCRS_-_Cotiporã_-_Dois_Lajeados_(110_m) -999.9 -999.9 1014.4 1002.4 1014.4 16.3 12.6 304.0 Rio_Grande_do_Sul DCRS -999.9 0.0 0.2 97.01 97.57 96.73 -1 -0.14 97.57 97.57 97.57 97.57
-28.995701 -51.754700 DCRS-00057 2026-09-12_20:58 14.6 -999.9 -999.9 94.7 -999.9 -999.9 13.8 -999.9 -999.9 1014.5 -999.9 -999.9 0.0 -999.9 0.0 0.0 0.0 0.2 55.2 55.4 57.6 57.6 17.4 14.4 97.2 74.5 14.2 DCRS_-_Cotiporã_-_Dois_Lajeados_(110_m) -999.9 -999.9 1014.5 1002.4 1014.5 16.3 12.6 304.0 Rio_Grande_do_Sul DCRS -999.9 0.0 0.2 97.05 97.57 96.73 -1 -0.1 97.57 97.57 97.57 97.57
-28.995701 -51.754700 DCRS-00057 2026-09-12_20:59 14.6 -999.9 -999.9 94.7 -999.9 -999.9 13.8 -999.9 -999.9 1014.5 -999.9 -999.9 0.0 -999.9 0.0 0.0 0.0 0.2 55.2 55.4 57.6 57.6 17.4 14.4 97.2 74.5 14.2 DCRS_-_Cotiporã_-_Dois_Lajeados_(110_m) -999.9 -999.9 1014.5 1002.4 1014.5 16.3 12.6 304.0 Rio_Grande_do_Sul DCRS -999.9 0.0 0.2 97.06 97.57 96.73 -1 -0.11 97.57 97.57 97.57 97.57
-28.995701 -51.754700 DCRS-00057 2026-09-12_21:00 14.6 -999.9 -999.9 94.7 -999.9 -999.9 13.8 -999.9 -999.9 1014.5 -999.9 -999.9 0.0 -999.9 0.0 0.0 0.0 0.2 55.2 55.4 57.6 57.6 17.4 14.4 97.2 74.5 14.2 DCRS_-_Cotiporã_-_Dois_Lajeados_(110_m) -999.9 -999.9 1014.5 1002.4 1014.5 16.3 12.6 304.0 Rio_Grande_do_Sul DCRS -999.9 0.0 0.2 97.08 97.57 96.73 -1 -0.03 97.57 97.57 97.57 97.57
-28.995701 -51.754700 DCRS-00057 2026-09-12_21:01 14.5 -999.9 -999.9 94.6 -999.9 -999.9 13.6 -999.9 -999.9 1014.5 -999.9 -999.9 0.0 -999.9 0.0 0.0 0.0 0.2 55.2 55.4 57.6 57.6 17.4 14.4 97.2 74.5 14.2 DCRS_-_Cotiporã_-_Dois_Lajeados_(110_m) -999.9 -999.9 1014.5 1002.4 1014.5 16.3 12.6 304.0 Rio_Grande_do_Sul DCRS -999.9 0.0 0.2 97.1 97.57 96.73 -1 0.0 97.57 97.57 97.57 97.57
-28.995701 -51.754700 DCRS-00057 2026-09-12_21:02 14.6 -999.9 -999.9 94.5 -999.9 -999.9 13.7 -999.9 -999.9 1014.5 -999.9 -999.9 -999.9 -999.9 0.0 0.0 0.0 0.2 55.2 55.4 57.6 57.6 17.4 14.4 97.2 74.5 14.2 DCRS_-_Cotiporã_-_Dois_Lajeados_(110_m) -999.9 -999.9 1014.5 1002.4 1014.5 16.3 12.6 304.0 Rio_Grande_do_Sul DCRS -999.9 0.0 0.2 97.04 97.57 96.73 -1 -0.06 97.57 97.57 97.57 97.57
-28.995701 -51.754700 DCRS-00057 2026-09-12_21:03 14.5 -999.9 -999.9 94.5 -999.9 -999.9 13.6 -999.9 -999.9 1014.5 -999.9 -999.9 0.0 -999.9 0.0 0.0 0.0 0.2 55.2 55.4 57.6 57.6 17.4 14.4 97.2 74.5 14.2 DCRS_-_Cotiporã_-_Dois_Lajeados_(110_m) -999.9 -999.9 1014.5 1002.4 1014.5 16.3 12.6 304.0 Rio_Grande_do_Sul DCRS -999.9 0.0 0.2 97.03 97.57 96.73 -1 -0.01 97.57 97.57 97.57 97.57
-28.995701 -51.754700 DCRS-00057 2026-09-12_21:04 14.5 -999.9 -999.9 94.6 -999.9 -999.9 13.6 -999.9 -999.9 1014.5 -999.9 -999.9 0.0 -999.9 0.0 0.0 0.0 0.2 55.2 55.4 57.6 57.6 17.4 14.4 97.2 74.5 14.2 DCRS_-_Cotiporã_-_Dois_Lajeados_(110_m) -999.9 -999.9 1014.5 1002.4 1014.5 16.3 12.6 304.0 Rio_Grande_do_Sul DCRS -999.9 0.0 0.2 97.02 97.57 96.73 -1 -0.02 97.57 97.57 97.57 97.57
-28.995701 -51.754700 DCRS-00057 2026-09-12_21:05 14.4 -999.9 -999.9 94.5 -999.9 -999.9 13.5 -999.9 -999.9 1014.5 -999.9 -999.9 0.0 -999.9 1.9 0.0 0.0 0.2 55.2 55.4 57.6 57.6 17.4 14.4 97.2 74.5 14.2 DCRS_-_Cotiporã_-_Dois_Lajeados_(110_m) -999.9 -999.9 1014.5 1002.4 1014.5 16.3 12.6 304.0 Rio_Grande_do_Sul DCRS -999.9 0.0 0.2 97.09 97.57 96.73 -1 -0.03 97.57 97.57 97.57 97.57
-28.995701 -51.754700 DCRS-00057 2026-09-12_21:06 14.4 -999.9 -999.9 94.6 -999.9 -999.9 13.5 -999.9 -999.9 1014.5 -999.9 -999.9 0.0 -999.9 1.9 0.0 0.0 0.2 55.2 55.4 57.6 57.6 17.4 14.4 97.2 74.5 14.2 DCRS_-_Cotiporã_-_Dois_Lajeados_(110_m) -999.9 -999.9 1014.5 1002.4 1014.5 16.3 12.6 304.0 Rio_Grande_do_Sul DCRS -999.9 0.0 0.2 97.06 97.57 96.73 -1 -0.06 97.57 97.57 97.57 97.57
-28.995701 -51.754700 DCRS-00057 2026-09-12_21:07 14.5 -999.9 -999.9 94.5 -999.9 -999.9 13.6 -999.9 -999.9 1014.5 -999.9 -999.9 0.0 -999.9 1.9 0.0 0.0 0.2 55.2 55.4 57.6 57.6 17.4 14.4 97.2 74.5 14.2 DCRS_-_Cotiporã_-_Dois_Lajeados_(110_m) -999.9 -999.9 1014.5 1002.4 1014.5 16.3 12.6 304.0 Rio_Grande_do_Sul DCRS -999.9 0.0 0.2 97.0 97.57 96.73 -1 -0.1 97.57 97.57 97.57 97.57
-28.995701 -51.754700 DCRS-00057 2026-09-12_21:08 14.4 -999.9 -999.9 94.5 -999.9 -999.9 13.5 -999.9 -999.9 1014.5 -999.9 -999.9 0.0 -999.9 1.9 0.0 0.0 0.2 55.2 55.4 57.6 57.6 17.4 14.4 97.2 74.5 14.2 DCRS_-_Cotiporã_-_Dois_Lajeados_(110_m) -999.9 -999.9 1014.5 1002.4 1014.5 16.3 12.6 304.0 Rio_Grande_do_Sul DCRS -999.9 0.0 0.2 97.05 97.57 96.73 -1 -0.02 97.57 97.57 97.57 97.57
-28.995701 -51.754700 DCRS-00057 2026-09-12_21:09 14.4 -999.9 -999.9 94.5 -999.9 -999.9 13.5 -999.9 -999.9 1014.5 -999.9 -999.9 0.0 -999.9 1.9 0.0 0.0 0.2 55.2 55.4 57.6 57.6 17.4 14.4 97.2 74.5 14.2 DCRS_-_Cotiporã_-_Dois_Lajeados_(110_m) -999.9 -999.9 1014.5 1002.4 1014.5 16.3 12.6 304.0 Rio_Grande_do_Sul DCRS -999.9 0.0 0.2 97.05 97.57 96.73 -1 -0.06 97.57 97.57 97.57 97.57
-28.995701 -51.754700 DCRS-00057 2026-09-12_21:10 14.4 -999.9 -999.9 94.6 -999.9 -999.9 13.5 -999.9 -999.9 1014.5 -999.9 -999.9 0.0 -999.9 2.0 0.0 0.0 0.2 55.2 55.4 57.6 57.6 17.4 14.4 97.2 74.5 14.2 DCRS_-_Cotiporã_-_Dois_Lajeados_(110_m) -999.9 -999.9 1014.5 1002.4 1014.5 16.3 12.6 304.0 Rio_Grande_do_Sul DCRS -999.9 0.0 0.2 97.02 97.57 96.73 -1 -0.07 97.57 97.57 97.57 97.57
-28.995701 -51.754700 DCRS-00057 2026-09-12_21:11 14.3 -999.9 -999.9 94.5 -999.9 -999.9 13.4 -999.9 -999.9 1014.5 -999.9 -999.9 0.0 -999.9 2.0 0.0 0.0 0.2 55.2 55.4 57.6 57.6 17.4 14.3 97.2 74.5 14.2 DCRS_-_Cotiporã_-_Dois_Lajeados_(110_m) -999.9 -999.9 1014.5 1002.4 1014.5 16.3 12.6 304.0 Rio_Grande_do_Sul DCRS -999.9 0.0 0.2 97.01 97.57 96.73 -1 -0.11 97.57 97.57 97.57 97.57
-28.995701 -51.754700 DCRS-00057 2026-09-12_21:12 14.3 -999.9 -999.9 94.5 -999.9 -999.9 13.4 -999.9 -999.9 1014.5 -999.9 -999.9 0.0 -999.9 2.0 0.0 0.0 0.2 55.2 55.4 57.6 57.6 17.4 14.3 97.2 74.5 14.2 DCRS_-_Cotiporã_-_Dois_Lajeados_(110_m) -999.9 -999.9 1014.5 1002.4 1014.5 16.3 12.6 304.0 Rio_Grande_do_Sul DCRS -999.9 0.0 0.2 97.1 97.57 96.73 -1 -0.02 97.57 97.57 97.57 97.57
-28.995701 -51.754700 DCRS-00057 2026-09-12_21:13 14.3 -999.9 -999.9 94.5 -999.9 -999.9 13.4 -999.9 -999.9 1014.5 -999.9 -999.9 0.0 -999.9 2.0 0.0 0.0 0.2 55.2 55.4 57.6 57.6 17.4 14.3 97.2 74.5 14.2 DCRS_-_Cotiporã_-_Dois_Lajeados_(110_m) -999.9 -999.9 1014.5 1002.4 1014.5 16.3 12.6 304.0 Rio_Grande_do_Sul DCRS -999.9 0.0 0.2 97.01 97.57 96.73 -1 -0.1 97.57 97.57 97.57 97.57
-28.995701 -51.754700 DCRS-00057 2026-09-12_21:14 14.3 -999.9 -999.9 94.5 -999.9 -999.9 13.4 -999.9 -999.9 1014.5 -999.9 -999.9 0.0 -999.9 2.0 0.0 0.0 0.2 55.2 55.4 57.6 57.6 17.4 14.3 97.2 74.5 14.2 DCRS_-_Cotiporã_-_Dois_Lajeados_(110_m) -999.9 -999.9 1014.5 1002.4 1014.5 16.3 12.6 304.0 Rio_Grande_do_Sul DCRS -999.9 0.0 0.2 96.97 97.57 96.73 -1 -0.06 97.57 97.57 97.57 97.57
-28.995701 -51.754700 DCRS-00057 2026-09-12_21:15 14.3 -999.9 -999.9 94.4 -999.9 -999.9 13.4 -999.9 -999.9 1014.5 -999.9 -999.9 0.0 -999.9 0.0 0.0 0.0 0.2 55.2 55.4 57.6 57.6 17.4 14.3 97.2 74.5 14.2 DCRS_-_Cotiporã_-_Dois_Lajeados_(110_m) -999.9 -999.9 1014.5 1002.4 1014.5 16.3 12.6 304.0 Rio_Grande_do_Sul DCRS -999.9 0.0 0.2 96.96 97.57 96.73 -1 -0.1 97.57 97.57 97.57 97.57
-28.995701 -51.754700 DCRS-00057 2026-09-12_21:16 14.3 -999.9 -999.9 94.4 -999.9 -999.9 -999.9 -999.9 -999.9 1014.5 -999.9 -999.9 0.0 -999.9 0.0 0.0 0.0 0.2 55.2 55.4 57.6 57.6 17.4 14.3 97.2 74.5 14.2 DCRS_-_Cotiporã_-_Dois_Lajeados_(110_m) -999.9 -999.9 1014.5 1002.4 1014.5 16.3 12.6 304.0 Rio_Grande_do_Sul DCRS -999.9 0.0 0.2 97.02 97.57 96.73 -1 -0.04 97.57 97.57 97.57 97.57
-28.995701 -51.754700 DCRS-00057 2026-09-12_21:17 14.2 -999.9 -999.9 94.4 -999.9 -999.9 13.3 -999.9 -999.9 1014.5 -999.9 -999.9 0.0 -999.9 0.0 0.0 0.0 0.2 55.2 55.4 57.6 57.6 17.4 14.2 97.2 74.5 14.2 DCRS_-_Cotiporã_-_Dois_Lajeados_(110_m) -999.9 -999.9 1014.5 1002.4 1014.5 16.3 12.6 304.0 Rio_Grande_do_Sul DCRS -999.9 0.0 0.2 97.03 97.57 96.73 -1 -0.04 97.57 97.57 97.57 97.57
-28.995701 -51.754700 DCRS-00057 2026-09-12_21:18 14.2 -999.9 -999.9 94.4 -999.9 -999.9 13.3 -999.9 -999.9 1014.5 -999.9 -999.9 0.0 -999.9 0.0 0.0 0.0 0.2 55.2 55.4 57.6 57.6 17.4 14.2 97.2 74.5 14.2 DCRS_-_Cotiporã_-_Dois_Lajeados_(110_m) -999.9 -999.9 1014.5 1002.4 1014.5 16.3 12.6 304.0 Rio_Grande_do_Sul DCRS -999.9 0.0 0.2 97.05 97.57 96.73 -1 -0.08 97.57 97.57 97.57 97.57
-28.995701 -51.754700 DCRS-00057 2026-09-12_21:19 14.2 -999.9 -999.9 94.5 -999.9 -999.9 13.3 -999.9 -999.9 1014.6 -999.9 -999.9 0.0 -999.9 0.0 0.0 0.0 0.2 55.2 55.4 57.6 57.6 17.4 14.2 97.2 74.5 14.2 DCRS_-_Cotiporã_-_Dois_Lajeados_(110_m) -999.9 -999.9 1014.6 1002.4 1014.6 16.3 12.6 304.0 Rio_Grande_do_Sul DCRS -999.9 0.0 0.2 97.06 97.57 96.73 -1 0.02 97.57 97.57 97.57 97.57
-28.995701 -51.754700 DCRS-00057 2026-09-12_21:20 14.2 -999.9 -999.9 94.5 -999.9 -999.9 13.3 -999.9 -999.9 1014.6 -999.9 -999.9 0.0 -999.9 0.0 0.0 0.0 0.2 55.2 55.4 57.6 57.6 17.4 14.2 97.2 74.5 14.2 DCRS_-_Cotiporã_-_Dois_Lajeados_(110_m) -999.9 -999.9 1014.6 1002.4 1014.6 16.3 12.6 304.0 Rio_Grande_do_Sul DCRS -999.9 0.0 0.2 97.05 97.57 96.73 -1 -0.03 97.57 97.57 97.57 97.57
-28.995701 -51.754700 DCRS-00057 2026-09-12_21:21 14.1 -999.9 -999.9 94.3 -999.9 -999.9 13.2 -999.9 -999.9 1014.6 -999.9 -999.9 0.0 -999.9 0.0 0.0 0.0 0.2 55.2 55.4 57.6 57.6 17.4 14.1 97.2 74.5 14.2 DCRS_-_Cotiporã_-_Dois_Lajeados_(110_m) -999.9 -999.9 1014.6 1002.4 1014.6 16.3 12.6 304.0 Rio_Grande_do_Sul DCRS -999.9 0.0 0.2 97.04 97.57 96.73 -1 -0.03 97.57 97.57 97.57 97.57
-28.995701 -51.754700 DCRS-00057 2026-09-12_21:22 14.2 -999.9 -999.9 94.5 -999.9 -999.9 13.3 -999.9 -999.9 1014.6 -999.9 -999.9 0.0 -999.9 0.0 0.0 0.0 0.2 55.2 55.4 57.6 57.6 17.4 14.1 97.2 74.5 14.2 DCRS_-_Cotiporã_-_Dois_Lajeados_(110_m) -999.9 -999.9 1014.6 1002.4 1014.6 16.3 12.6 304.0 Rio_Grande_do_Sul DCRS -999.9 0.0 0.2 97.03 97.57 96.73 -1 -0.04 97.57 97.57 97.57 97.57
-28.995701 -51.754700 DCRS-00057 2026-09-12_21:23 14.1 -999.9 -999.9 94.6 -999.9 -999.9 13.2 -999.9 -999.9 1014.6 -999.9 -999.9 0.0 -999.9 0.0 0.0 0.0 0.2 55.2 55.4 57.6 57.6 17.4 14.1 97.2 74.5 14.2 DCRS_-_Cotiporã_-_Dois_Lajeados_(110_m) -999.9 -999.9 1014.6 1002.4 1014.6 16.3 12.6 304.0 Rio_Grande_do_Sul DCRS -999.9 0.0 0.2 97.06 97.57 96.73 -1 -0.05 97.57 97.57 97.57 97.57
-28.995701 -51.754700 DCRS-00057 2026-09-12_21:24 14.1 -999.9 -999.9 94.8 -999.9 -999.9 13.3 -999.9 -999.9 1014.7 -999.9 -999.9 0.0 -999.9 0.0 0.0 0.0 0.2 55.2 55.4 57.6 57.6 17.4 14.1 97.2 74.5 14.2 DCRS_-_Cotiporã_-_Dois_Lajeados_(110_m) -999.9 -999.9 1014.7 1002.4 1014.7 16.3 12.6 304.0 Rio_Grande_do_Sul DCRS -999.9 0.0 0.2 97.03 97.57 96.73 -1 -0.11 97.57 97.57 97.57 97.57
-28.995701 -51.754700 DCRS-00057 2026-09-12_21:25 14.2 -999.9 -999.9 94.9 -999.9 -999.9 13.4 -999.9 -999.9 1014.7 -999.9 -999.9 0.0 -999.9 0.0 0.0 0.0 0.2 55.2 55.4 57.6 57.6 17.4 14.1 97.2 74.5 14.2 DCRS_-_Cotiporã_-_Dois_Lajeados_(110_m) -999.9 -999.9 1014.7 1002.4 1014.7 16.3 12.6 304.0 Rio_Grande_do_Sul DCRS -999.9 0.0 0.2 96.99 97.57 96.73 -1 -0.09 97.57 97.57 97.57 97.57
-28.995701 -51.754700 DCRS-00057 2026-09-12_21:26 14.2 -999.9 -999.9 95.2 -999.9 -999.9 13.4 -999.9 -999.9 1014.7 -999.9 -999.9 0.0 -999.9 0.0 0.0 0.0 0.2 55.2 55.4 57.6 57.6 17.4 14.1 97.2 74.5 14.2 DCRS_-_Cotiporã_-_Dois_Lajeados_(110_m) -999.9 -999.9 1014.7 1002.4 1014.7 16.3 12.6 304.0 Rio_Grande_do_Sul DCRS -999.9 0.0 0.2 96.99 97.57 96.73 -1 -0.15 97.57 97.57 97.57 97.57
-28.995701 -51.754700 DCRS-00057 2026-09-12_21:27 14.2 -999.9 -999.9 95.3 -999.9 -999.9 13.5 -999.9 -999.9 1014.6 -999.9 -999.9 0.0 -999.9 0.0 0.0 0.0 0.2 55.2 55.4 57.6 57.6 17.4 14.1 97.2 74.5 14.2 DCRS_-_Cotiporã_-_Dois_Lajeados_(110_m) -999.9 -999.9 1014.7 1002.4 1014.6 16.3 12.6 304.0 Rio_Grande_do_Sul DCRS -999.9 0.0 0.2 97.08 97.57 96.73 -1 -0.03 97.57 97.57 97.57 97.57
-28.995701 -51.754700 DCRS-00057 2026-09-12_21:28 14.1 -999.9 -999.9 95.4 -999.9 -999.9 13.4 -999.9 -999.9 1014.6 -999.9 -999.9 0.0 -999.9 0.0 0.0 0.0 0.2 55.2 55.4 57.6 57.6 17.4 14.1 97.2 74.5 14.2 DCRS_-_Cotiporã_-_Dois_Lajeados_(110_m) -999.9 -999.9 1014.7 1002.4 1014.6 16.3 12.6 304.0 Rio_Grande_do_Sul DCRS -999.9 0.0 0.2 97.04 97.57 96.73 -1 -0.07 97.57 97.57 97.57 97.57
-28.995701 -51.754700 DCRS-00057 2026-09-12_21:29 14.1 -999.9 -999.9 95.3 -999.9 -999.9 13.4 -999.9 -999.9 1014.6 -999.9 -999.9 0.0 -999.9 0.0 0.0 0.0 0.2 55.2 55.4 57.6 57.6 17.4 14.1 97.2 74.5 14.2 DCRS_-_Cotiporã_-_Dois_Lajeados_(110_m) -999.9 -999.9 1014.7 1002.4 1014.6 16.3 12.6 304.0 Rio_Grande_do_Sul DCRS -999.9 0.0 0.2 97.06 97.57 96.73 -1 0.02 97.57 97.57 97.57 97.57
-28.995701 -51.754700 DCRS-00057 2026-09-12_21:30 14.1 -999.9 -999.9 95.3 -999.9 -999.9 13.4 -999.9 -999.9 1014.6 -999.9 -999.9 0.0 -999.9 4.0 0.0 0.0 0.2 55.2 55.4 57.6 57.6 17.4 14.1 97.2 74.5 14.2 DCRS_-_Cotiporã_-_Dois_Lajeados_(110_m) -999.9 -999.9 1014.7 1002.4 1014.6 16.3 12.6 304.0 Rio_Grande_do_Sul DCRS -999.9 0.0 0.2 97.07 97.57 96.73 -1 0.02 97.57 97.57 97.57 97.57
-28.995701 -51.754700 DCRS-00057 2026-09-12_21:31 14.1 -999.9 -999.9 95.3 -999.9 -999.9 13.4 -999.9 -999.9 1014.6 -999.9 -999.9 0.0 -999.9 4.0 0.0 0.0 0.2 55.2 55.4 57.6 57.6 17.4 14.1 97.2 74.5 14.2 DCRS_-_Cotiporã_-_Dois_Lajeados_(110_m) -999.9 -999.9 1014.7 1002.4 1014.6 16.3 12.6 304.0 Rio_Grande_do_Sul DCRS -999.9 0.0 0.2 97.07 97.57 96.73 -1 0.0 97.57 97.57 97.57 97.57
-28.995701 -51.754700 DCRS-00057 2026-09-12_21:32 14.1 -999.9 -999.9 95.3 -999.9 -999.9 13.4 -999.9 -999.9 1014.6 -999.9 -999.9 0.0 -999.9 4.0 0.0 0.0 0.2 55.2 55.4 57.6 57.6 17.4 14.1 97.2 74.5 14.2 DCRS_-_Cotiporã_-_Dois_Lajeados_(110_m) -999.9 -999.9 1014.7 1002.4 1014.6 16.3 12.6 304.0 Rio_Grande_do_Sul DCRS -999.9 0.0 0.2 97.07 97.57 96.73 -1 0.0 97.57 97.57 97.57 97.57
-28.995701 -51.754700 DCRS-00057 2026-09-12_21:33 14.0 -999.9 -999.9 95.3 -999.9 -999.9 13.3 -999.9 -999.9 1014.7 -999.9 -999.9 0.0 -999.9 4.0 0.0 0.0 0.2 55.2 55.4 57.6 57.6 17.4 14.0 97.2 74.5 14.2 DCRS_-_Cotiporã_-_Dois_Lajeados_(110_m) -999.9 -999.9 1014.7 1002.4 1014.7 16.3 12.6 304.0 Rio_Grande_do_Sul DCRS -999.9 0.0 0.2 97.04 97.57 96.73 -1 -0.03 97.57 97.57 97.57 97.57
-28.995701 -51.754700 DCRS-00057 2026-09-12_21:35 14.0 -999.9 -999.9 95.3 -999.9 -999.9 13.3 -999.9 -999.9 1014.7 -999.9 -999.9 1.9 -999.9 2.8 0.0 0.0 0.2 55.2 55.4 57.6 57.6 17.4 14.0 97.2 74.5 14.2 DCRS_-_Cotiporã_-_Dois_Lajeados_(110_m) -999.9 -999.9 1014.7 1002.4 1014.7 16.3 12.6 304.0 Rio_Grande_do_Sul DCRS -999.9 0.0 0.2 96.95 97.57 96.73 -1 -0.09 97.57 97.57 97.57 97.57
-28.995701 -51.754700 DCRS-00057 2026-09-12_21:36 14.0 -999.9 -999.9 95.5 -999.9 -999.9 13.3 -999.9 -999.9 1014.7 -999.9 -999.9 2.4 -999.9 2.8 0.0 0.0 0.2 55.2 55.4 57.6 57.6 17.4 14.0 97.2 74.5 14.2 DCRS_-_Cotiporã_-_Dois_Lajeados_(110_m) -999.9 -999.9 1014.7 1002.4 1014.7 16.3 12.6 304.0 Rio_Grande_do_Sul DCRS -999.9 0.0 0.2 97.03 97.57 96.73 -1 -0.05 97.57 97.57 97.57 97.57
-28.995701 -51.754700 DCRS-00057 2026-09-12_21:37 14.0 -999.9 -999.9 95.5 -999.9 -999.9 13.3 -999.9 -999.9 1014.7 -999.9 -999.9 0.0 -999.9 2.8 0.0 0.0 0.2 55.2 55.4 57.6 57.6 17.4 14.0 97.2 74.5 14.2 DCRS_-_Cotiporã_-_Dois_Lajeados_(110_m) -999.9 -999.9 1014.7 1002.4 1014.7 16.3 12.6 304.0 Rio_Grande_do_Sul DCRS -999.9 0.0 0.2 96.98 97.57 96.73 -1 -0.08 97.57 97.57 97.57 97.57
-28.995701 -51.754700 DCRS-00057 2026-09-12_21:38 14.0 -999.9 -999.9 95.5 -999.9 -999.9 13.3 -999.9 -999.9 1014.7 -999.9 -999.9 0.0 -999.9 2.8 0.0 0.0 0.2 55.2 55.4 57.6 57.6 17.4 14.0 97.2 74.5 14.2 DCRS_-_Cotiporã_-_Dois_Lajeados_(110_m) -999.9 -999.9 1014.7 1002.4 1014.7 16.3 12.6 304.0 Rio_Grande_do_Sul DCRS -999.9 0.0 0.2 97.03 97.57 96.73 -1 -0.07 97.57 97.57 97.57 97.57
-28.995701 -51.754700 DCRS-00057 2026-09-12_21:39 13.9 -999.9 -999.9 95.5 -999.9 -999.9 13.2 -999.9 -999.9 1014.7 -999.9 -999.9 0.0 -999.9 2.8 0.0 0.0 0.2 55.2 55.4 57.6 57.6 17.4 13.9 97.2 74.5 14.2 DCRS_-_Cotiporã_-_Dois_Lajeados_(110_m) -999.9 -999.9 1014.7 1002.4 1014.7 16.3 12.6 304.0 Rio_Grande_do_Sul DCRS -999.9 0.0 0.2 96.99 97.57 96.73 -1 -0.01 97.57 97.57 97.57 97.57
-28.995701 -51.754700 DCRS-00057 2026-09-12_21:40 13.9 -999.9 -999.9 95.5 -999.9 -999.9 13.2 -999.9 -999.9 1014.7 -999.9 -999.9 0.0 -999.9 4.3 0.0 0.0 0.2 55.2 55.4 57.6 57.6 17.4 13.9 97.2 74.5 14.2 DCRS_-_Cotiporã_-_Dois_Lajeados_(110_m) -999.9 -999.9 1014.7 1002.4 1014.7 16.3 12.6 304.0 Rio_Grande_do_Sul DCRS -999.9 0.0 0.2 97.02 97.57 96.73 -1 -0.08 97.57 97.57 97.57 97.57
-28.995701 -51.754700 DCRS-00057 2026-09-12_21:41 13.9 -999.9 -999.9 95.5 -999.9 -999.9 13.2 -999.9 -999.9 1014.7 -999.9 -999.9 0.0 -999.9 4.3 0.0 0.0 0.2 55.2 55.4 57.6 57.6 17.4 13.9 97.2 74.5 14.2 DCRS_-_Cotiporã_-_Dois_Lajeados_(110_m) -999.9 -999.9 1014.7 1002.4 1014.7 16.3 12.6 304.0 Rio_Grande_do_Sul DCRS -999.9 0.0 0.2 97.0 97.57 96.73 -1 -0.1 97.57 97.57 97.57 97.57
-28.995701 -51.754700 DCRS-00057 2026-09-12_21:42 13.9 -999.9 -999.9 95.4 -999.9 -999.9 13.2 -999.9 -999.9 1014.8 -999.9 -999.9 0.0 -999.9 4.3 0.0 0.0 0.2 55.2 55.4 57.6 57.6 17.4 13.9 97.2 74.5 14.2 DCRS_-_Cotiporã_-_Dois_Lajeados_(110_m) -999.9 -999.9 1014.8 1002.4 1014.8 16.3 12.6 304.0 Rio_Grande_do_Sul DCRS -999.9 0.0 0.2 97.05 97.57 96.73 -1 -0.01 97.57 97.57 97.57 97.57
-28.995701 -51.754700 DCRS-00057 2026-09-12_21:43 13.9 -999.9 -999.9 95.3 -999.9 -999.9 13.2 -999.9 -999.9 1014.8 -999.9 -999.9 0.0 -999.9 4.3 0.0 0.0 0.2 55.2 55.4 57.6 57.6 17.4 13.9 97.2 74.5 14.2 DCRS_-_Cotiporã_-_Dois_Lajeados_(110_m) -999.9 -999.9 1014.8 1002.4 1014.8 16.3 12.6 304.0 Rio_Grande_do_Sul DCRS -999.9 0.0 0.2 97.0 97.57 96.73 -1 -0.06 97.57 97.57 97.57 97.57
-28.995701 -51.754700 DCRS-00057 2026-09-12_21:44 13.9 -999.9 -999.9 95.4 -999.9 -999.9 13.2 -999.9 -999.9 1014.8 -999.9 -999.9 0.0 -999.9 4.3 0.0 0.0 0.2 55.2 55.4 57.6 57.6 17.4 13.9 97.2 74.5 14.2 DCRS_-_Cotiporã_-_Dois_Lajeados_(110_m) -999.9 -999.9 1014.8 1002.4 1014.8 16.3 12.6 304.0 Rio_Grande_do_Sul DCRS -999.9 0.0 0.2 96.97 97.57 96.73 -1 -0.07 97.57 97.57 97.57 97.57
-28.995701 -51.754700 DCRS-00057 2026-09-12_21:45 13.8 -999.9 -999.9 95.3 -999.9 -999.9 13.1 -999.9 -999.9 1014.8 -999.9 -999.9 0.0 -999.9 0.0 0.0 0.0 0.2 55.2 55.4 57.6 57.6 17.4 13.8 97.2 74.5 14.2 DCRS_-_Cotiporã_-_Dois_Lajeados_(110_m) -999.9 -999.9 1014.8 1002.4 1014.8 16.3 12.6 304.0 Rio_Grande_do_Sul DCRS -999.9 0.0 0.2 97.03 97.57 96.73 -1 -0.01 97.57 97.57 97.57 97.57
-28.995701 -51.754700 DCRS-00057 2026-09-12_21:46 13.8 -999.9 -999.9 95.3 -999.9 -999.9 13.1 -999.9 -999.9 1014.8 -999.9 -999.9 0.0 -999.9 0.0 0.0 0.0 0.2 55.2 55.4 57.6 57.6 17.4 13.8 97.2 74.5 14.2 DCRS_-_Cotiporã_-_Dois_Lajeados_(110_m) -999.9 -999.9 1014.8 1002.4 1014.8 16.3 12.6 304.0 Rio_Grande_do_Sul DCRS -999.9 0.0 0.2 96.95 97.57 96.73 -1 -0.13 97.57 97.57 97.57 97.57
-28.995701 -51.754700 DCRS-00057 2026-09-12_21:47 13.8 -999.9 -999.9 95.4 -999.9 -999.9 13.1 -999.9 -999.9 1014.8 -999.9 -999.9 0.0 -999.9 0.0 0.0 0.0 0.2 55.2 55.4 57.6 57.6 17.4 13.8 97.2 74.5 14.2 DCRS_-_Cotiporã_-_Dois_Lajeados_(110_m) -999.9 -999.9 1014.8 1002.4 1014.8 16.3 12.6 304.0 Rio_Grande_do_Sul DCRS -999.9 0.0 0.2 96.98 97.57 96.73 -1 -0.05 97.57 97.57 97.57 97.57
-28.995701 -51.754700 DCRS-00057 2026-09-12_21:48 13.8 -999.9 -999.9 95.3 -999.9 -999.9 13.1 -999.9 -999.9 1014.8 -999.9 -999.9 0.0 -999.9 0.0 0.0 0.0 0.2 55.2 55.4 57.6 57.6 17.4 13.8 97.2 74.5 14.2 DCRS_-_Cotiporã_-_Dois_Lajeados_(110_m) -999.9 -999.9 1014.8 1002.4 1014.8 16.3 12.6 304.0 Rio_Grande_do_Sul DCRS -999.9 0.0 0.2 97.03 97.57 96.73 -1 0.0 97.57 97.57 97.57 97.57
-28.995701 -51.754700 DCRS-00057 2026-09-12_21:49 13.8 -999.9 -999.9 95.4 -999.9 -999.9 13.1 -999.9 -999.9 1014.9 -999.9 -999.9 0.0 -999.9 0.0 0.0 0.0 0.2 55.2 55.4 57.6 57.6 17.4 13.8 97.2 74.5 14.2 DCRS_-_Cotiporã_-_Dois_Lajeados_(110_m) -999.9 -999.9 1014.9 1002.4 1014.9 16.3 12.6 304.0 Rio_Grande_do_Sul DCRS -999.9 0.0 0.2 96.96 97.57 96.73 -1 -0.17 97.57 97.57 97.57 97.57
-28.995701 -51.754700 DCRS-00057 2026-09-12_21:50 13.8 -999.9 -999.9 95.3 -999.9 -999.9 13.1 -999.9 -999.9 1014.9 -999.9 -999.9 0.0 -999.9 0.0 0.0 0.0 0.2 55.2 55.4 57.6 57.6 17.4 13.8 97.2 74.5 14.2 DCRS_-_Cotiporã_-_Dois_Lajeados_(110_m) -999.9 -999.9 1014.9 1002.4 1014.9 16.3 12.6 304.0 Rio_Grande_do_Sul DCRS -999.9 0.0 0.2 96.99 97.57 96.73 -1 -0.14 97.57 97.57 97.57 97.57
-28.995701 -51.754700 DCRS-00057 2026-09-12_21:51 13.8 -999.9 -999.9 95.3 -999.9 -999.9 13.1 -999.9 -999.9 1014.9 -999.9 -999.9 0.0 -999.9 0.0 0.0 0.0 0.2 55.2 55.4 57.6 57.6 17.4 13.8 97.2 74.5 14.2 DCRS_-_Cotiporã_-_Dois_Lajeados_(110_m) -999.9 -999.9 1014.9 1002.4 1014.9 16.3 12.6 304.0 Rio_Grande_do_Sul DCRS -999.9 0.0 0.2 97.03 97.57 96.73 -1 0.01 97.57 97.57 97.57 97.57
-28.995701 -51.754700 DCRS-00057 2026-09-12_21:52 13.7 -999.9 -999.9 95.2 -999.9 -999.9 12.9 -999.9 -999.9 1014.9 -999.9 -999.9 0.0 -999.9 0.0 0.0 0.0 0.2 55.2 55.4 57.6 57.6 17.4 13.7 97.2 74.5 14.2 DCRS_-_Cotiporã_-_Dois_Lajeados_(110_m) -999.9 -999.9 1014.9 1002.4 1014.9 16.3 12.6 304.0 Rio_Grande_do_Sul DCRS -999.9 0.0 0.2 97.0 97.57 96.73 -1 -0.1 97.57 97.57 97.57 97.57
-28.995701 -51.754700 DCRS-00057 2026-09-12_21:53 13.7 -999.9 -999.9 95.2 -999.9 -999.9 12.9 -999.9 -999.9 1014.9 -999.9 -999.9 0.0 -999.9 0.0 0.0 0.0 0.2 55.2 55.4 57.6 57.6 17.4 13.7 97.2 74.5 14.2 DCRS_-_Cotiporã_-_Dois_Lajeados_(110_m) -999.9 -999.9 1014.9 1002.4 1014.9 16.3 12.6 304.0 Rio_Grande_do_Sul DCRS -999.9 0.0 0.2 96.94 97.57 96.73 -1 -0.09 97.57 97.57 97.57 97.57
-28.995701 -51.754700 DCRS-00057 2026-09-12_21:54 13.7 -999.9 -999.9 95.3 -999.9 -999.9 13.0 -999.9 -999.9 1014.9 -999.9 -999.9 0.0 -999.9 0.0 0.0 0.0 0.2 55.2 55.4 57.6 57.6 17.4 13.7 97.2 74.5 14.2 DCRS_-_Cotiporã_-_Dois_Lajeados_(110_m) -999.9 -999.9 1014.9 1002.4 1014.9 16.3 12.6 304.0 Rio_Grande_do_Sul DCRS -999.9 0.0 0.2 97.01 97.57 96.73 -1 -0.07 97.57 97.57 97.57 97.57
-28.995701 -51.754700 DCRS-00057 2026-09-12_21:55 13.7 -999.9 -999.9 95.3 -999.9 -999.9 13.0 -999.9 -999.9 1014.9 -999.9 -999.9 0.0 -999.9 2.0 0.0 0.0 0.2 55.2 55.4 57.6 57.6 17.4 13.7 97.2 74.5 14.2 DCRS_-_Cotiporã_-_Dois_Lajeados_(110_m) -999.9 -999.9 1014.9 1002.4 1014.9 16.3 12.6 304.0 Rio_Grande_do_Sul DCRS -999.9 0.0 0.2 97.03 97.57 96.73 -1 -0.01 97.57 97.57 97.57 97.57
-28.995701 -51.754700 DCRS-00057 2026-09-12_21:56 13.7 -999.9 -999.9 95.4 -999.9 -999.9 13.0 -999.9 -999.9 1014.9 -999.9 -999.9 0.0 -999.9 2.0 0.0 0.0 0.2 55.2 55.4 57.6 57.6 17.4 13.7 97.2 74.5 14.2 DCRS_-_Cotiporã_-_Dois_Lajeados_(110_m) -999.9 -999.9 1014.9 1002.4 1014.9 16.3 12.6 304.0 Rio_Grande_do_Sul DCRS -999.9 0.0 0.2 97.0 97.57 96.73 -1 -0.01 97.57 97.57 97.57 97.57
-28.995701 -51.754700 DCRS-00057 2026-09-12_21:57 13.7 -999.9 -999.9 95.3 -999.9 -999.9 13.0 -999.9 -999.9 1014.9 -999.9 -999.9 0.0 -999.9 2.0 0.0 0.0 0.2 55.2 55.4 57.6 57.6 17.4 13.7 97.2 74.5 14.2 DCRS_-_Cotiporã_-_Dois_Lajeados_(110_m) -999.9 -999.9 1014.9 1002.4 1014.9 16.3 12.6 304.0 Rio_Grande_do_Sul DCRS -999.9 0.0 0.2 97.0 97.57 96.73 -1 -0.01 97.57 97.57 97.57 97.57
-28.995701 -51.754700 DCRS-00057 2026-09-12_21:58 13.6 -999.9 -999.9 95.5 -999.9 -999.9 12.9 -999.9 -999.9 1014.9 -999.9 -999.9 0.0 -999.9 2.0 0.0 0.0 0.2 55.2 55.4 57.6 57.6 17.4 13.6 97.2 74.5 14.2 DCRS_-_Cotiporã_-_Dois_Lajeados_(110_m) -999.9 -999.9 1014.9 1002.4 1014.9 16.3 12.6 304.0 Rio_Grande_do_Sul DCRS -999.9 0.0 0.2 97.04 97.57 96.73 -1 -0.02 97.57 97.57 97.57 97.57
-28.995701 -51.754700 DCRS-00057 2026-09-12_21:59 13.7 -999.9 -999.9 95.4 -999.9 -999.9 13.0 -999.9 -999.9 1014.9 -999.9 -999.9 0.0 -999.9 2.0 0.0 0.0 0.2 55.2 55.4 57.6 57.6 17.4 13.6 97.2 74.5 14.2 DCRS_-_Cotiporã_-_Dois_Lajeados_(110_m) -999.9 -999.9 1014.9 1002.4 1014.9 16.3 12.6 304.0 Rio_Grande_do_Sul DCRS -999.9 0.0 0.2 96.97 97.57 96.73 -1 -0.11 97.57 97.57 97.57 97.57
-28.995701 -51.754700 DCRS-00057 2026-09-12_22:00 13.6 -999.9 -999.9 95.4 -999.9 -999.9 12.9 -999.9 -999.9 1014.9 -999.9 -999.9 0.0 -999.9 0.0 0.0 0.0 0.2 55.2 55.4 57.6 57.6 17.4 13.6 97.2 74.5 14.2 DCRS_-_Cotiporã_-_Dois_Lajeados_(110_m) -999.9 -999.9 1014.9 1002.4 1014.9 16.3 12.6 304.0 Rio_Grande_do_Sul DCRS -999.9 0.0 0.2 96.96 97.57 96.73 -1 -0.12 97.57 97.57 97.57 97.57
-28.995701 -51.754700 DCRS-00057 2026-09-12_22:01 13.6 -999.9 -999.9 95.2 -999.9 -999.9 12.8 -999.9 -999.9 1015.0 -999.9 -999.9 0.0 -999.9 0.0 0.0 0.0 0.2 55.2 55.4 57.6 57.6 17.4 13.6 97.2 74.5 14.2 DCRS_-_Cotiporã_-_Dois_Lajeados_(110_m) -999.9 -999.9 1015.0 1002.4 1015.0 16.3 12.6 304.0 Rio_Grande_do_Sul DCRS -999.9 0.0 0.2 97.0 97.57 96.73 -1 -0.1 97.57 97.57 97.57 97.57
-28.995701 -51.754700 DCRS-00057 2026-09-12_22:02 13.6 -999.9 -999.9 95.2 -999.9 -999.9 12.8 -999.9 -999.9 1015.0 -999.9 -999.9 0.0 -999.9 0.0 0.0 0.0 0.2 55.2 55.4 57.6 57.6 17.4 13.6 97.2 74.5 14.2 DCRS_-_Cotiporã_-_Dois_Lajeados_(110_m) -999.9 -999.9 1015.0 1002.4 1015.0 16.3 12.6 304.0 Rio_Grande_do_Sul DCRS -999.9 0.0 0.2 97.01 97.57 96.73 -1 -0.03 97.57 97.57 97.57 97.57
-28.995701 -51.754700 DCRS-00057 2026-09-12_22:03 13.5 -999.9 -999.9 95.3 -999.9 -999.9 12.8 -999.9 -999.9 1014.9 -999.9 -999.9 0.0 -999.9 0.0 0.0 0.0 0.2 55.2 55.4 57.6 57.6 17.4 13.5 97.2 74.5 14.2 DCRS_-_Cotiporã_-_Dois_Lajeados_(110_m) -999.9 -999.9 1015.0 1002.4 1014.9 16.3 12.6 304.0 Rio_Grande_do_Sul DCRS -999.9 0.0 0.2 96.98 97.57 96.73 -1 -0.04 97.57 97.57 97.57 97.57
-28.995701 -51.754700 DCRS-00057 2026-09-12_22:04 13.5 -999.9 -999.9 95.3 -999.9 -999.9 12.8 -999.9 -999.9 1015.0 -999.9 -999.9 0.0 -999.9 0.0 0.0 0.0 0.2 55.2 55.4 57.6 57.6 17.4 13.5 97.2 74.5 14.2 DCRS_-_Cotiporã_-_Dois_Lajeados_(110_m) -999.9 -999.9 1015.0 1002.4 1015.0 16.3 12.6 304.0 Rio_Grande_do_Sul DCRS -999.9 0.0 0.2 97.0 97.57 96.73 -1 -0.02 97.57 97.57 97.57 97.57
-28.995701 -51.754700 DCRS-00057 2026-09-12_22:05 13.5 -999.9 -999.9 95.4 -999.9 -999.9 12.8 -999.9 -999.9 1015.0 -999.9 -999.9 0.0 -999.9 0.0 0.0 0.0 0.2 55.2 55.4 57.6 57.6 17.4 13.5 97.2 74.5 14.2 DCRS_-_Cotiporã_-_Dois_Lajeados_(110_m) -999.9 -999.9 1015.0 1002.4 1015.0 16.3 12.6 304.0 Rio_Grande_do_Sul DCRS -999.9 0.0 0.2 97.02 97.57 96.73 -1 -0.07 97.57 97.57 97.57 97.57
-28.995701 -51.754700 DCRS-00057 2026-09-12_22:06 13.5 -999.9 -999.9 95.4 -999.9 -999.9 12.8 -999.9 -999.9 1015.0 -999.9 -999.9 0.0 -999.9 0.0 0.0 0.0 0.2 55.2 55.4 57.6 57.6 17.4 13.5 97.2 74.5 14.2 DCRS_-_Cotiporã_-_Dois_Lajeados_(110_m) -999.9 -999.9 1015.0 1002.4 1015.0 16.3 12.6 304.0 Rio_Grande_do_Sul DCRS -999.9 0.0 0.2 96.96 97.57 96.73 -1 -0.1 97.57 97.57 97.57 97.57
-28.995701 -51.754700 DCRS-00057 2026-09-12_22:07 13.5 -999.9 -999.9 95.5 -999.9 -999.9 12.8 -999.9 -999.9 1015.0 -999.9 -999.9 0.0 -999.9 0.0 0.0 0.0 0.2 55.2 55.4 57.6 57.6 17.4 13.5 97.2 74.5 14.2 DCRS_-_Cotiporã_-_Dois_Lajeados_(110_m) -999.9 -999.9 1015.0 1002.4 1015.0 16.3 12.6 304.0 Rio_Grande_do_Sul DCRS -999.9 0.0 0.2 96.97 97.57 96.73 -1 -0.03 97.57 97.57 97.57 97.57
-28.995701 -51.754700 DCRS-00057 2026-09-12_22:08 13.4 -999.9 -999.9 95.4 -999.9 -999.9 12.7 -999.9 -999.9 1015.0 -999.9 -999.9 0.0 -999.9 0.0 0.0 0.0 0.2 55.2 55.4 57.6 57.6 17.4 13.4 97.2 74.5 14.2 DCRS_-_Cotiporã_-_Dois_Lajeados_(110_m) -999.9 -999.9 1015.0 1002.4 1015.0 16.3 12.6 304.0 Rio_Grande_do_Sul DCRS -999.9 0.0 0.2 96.98 97.57 96.73 -1 -0.07 97.57 97.57 97.57 97.57
-28.995701 -51.754700 DCRS-00057 2026-09-12_22:09 13.4 -999.9 -999.9 95.5 -999.9 -999.9 12.7 -999.9 -999.9 1015.0 -999.9 -999.9 0.0 -999.9 0.0 0.0 0.0 0.2 55.2 55.4 57.6 57.6 17.4 13.4 97.2 74.5 14.2 DCRS_-_Cotiporã_-_Dois_Lajeados_(110_m) -999.9 -999.9 1015.0 1002.4 1015.0 16.3 12.6 304.0 Rio_Grande_do_Sul DCRS -999.9 0.0 0.2 97.0 97.57 96.73 -1 -0.05 97.57 97.57 97.57 97.57
-28.995701 -51.754700 DCRS-00057 2026-09-12_22:10 13.4 -999.9 -999.9 95.5 -999.9 -999.9 12.7 -999.9 -999.9 1015.0 -999.9 -999.9 0.0 -999.9 0.0 0.0 0.0 0.2 55.2 55.4 57.6 57.6 17.4 13.4 97.2 74.5 14.2 DCRS_-_Cotiporã_-_Dois_Lajeados_(110_m) -999.9 -999.9 1015.0 1002.4 1015.0 16.3 12.6 304.0 Rio_Grande_do_Sul DCRS -999.9 0.0 0.2 96.99 97.57 96.73 -1 -0.03 97.57 97.57 97.57 97.57
-28.995701 -51.754700 DCRS-00057 2026-09-12_22:11 13.3 -999.9 -999.9 95.4 -999.9 -999.9 12.6 -999.9 -999.9 1015.0 -999.9 -999.9 0.0 -999.9 0.0 0.0 0.0 0.2 55.2 55.4 57.6 57.6 17.4 13.3 97.2 74.5 14.2 DCRS_-_Cotiporã_-_Dois_Lajeados_(110_m) -999.9 -999.9 1015.0 1002.4 1015.0 16.3 12.6 304.0 Rio_Grande_do_Sul DCRS -999.9 0.0 0.2 97.01 97.57 96.73 -1 0.0 97.57 97.57 97.57 97.57
-28.995701 -51.754700 DCRS-00057 2026-09-12_22:12 13.3 -999.9 -999.9 95.3 -999.9 -999.9 12.6 -999.9 -999.9 1015.0 -999.9 -999.9 0.0 -999.9 0.0 0.0 0.0 0.2 55.2 55.4 57.6 57.6 17.4 13.3 97.2 74.5 14.2 DCRS_-_Cotiporã_-_Dois_Lajeados_(110_m) -999.9 -999.9 1015.0 1002.4 1015.0 16.3 12.6 304.0 Rio_Grande_do_Sul DCRS -999.9 0.0 0.2 97.0 97.57 96.73 -1 -0.1 97.57 97.57 97.57 97.57
-28.995701 -51.754700 DCRS-00057 2026-09-12_22:13 13.4 -999.9 -999.9 95.4 -999.9 -999.9 12.7 -999.9 -999.9 1015.1 -999.9 -999.9 -999.9 -999.9 0.0 0.0 0.0 0.2 55.2 55.4 57.6 57.6 17.4 13.3 97.2 74.5 14.2 DCRS_-_Cotiporã_-_Dois_Lajeados_(110_m) -999.9 -999.9 1015.1 1002.4 1015.1 16.3 12.6 304.0 Rio_Grande_do_Sul DCRS -999.9 0.0 0.2 97.01 97.57 96.73 -1 0.04 97.57 97.57 97.57 97.57
-28.995701 -51.754700 DCRS-00057 2026-09-12_22:14 13.4 -999.9 -999.9 95.4 -999.9 -999.9 12.7 -999.9 -999.9 1015.1 -999.9 -999.9 0.0 -999.9 0.0 0.0 0.0 0.2 55.2 55.4 57.6 57.6 17.4 13.3 97.2 74.5 14.2 DCRS_-_Cotiporã_-_Dois_Lajeados_(110_m) -999.9 -999.9 1015.1 1002.4 1015.1 16.3 12.6 304.0 Rio_Grande_do_Sul DCRS -999.9 0.0 0.2 97.04 97.57 96.73 -1 0.07 97.57 97.57 97.57 97.57
-28.995701 -51.754700 DCRS-00057 2026-09-12_22:15 13.3 -999.9 -999.9 95.5 -999.9 -999.9 12.6 -999.9 -999.9 1015.1 -999.9 -999.9 0.0 -999.9 2.1 0.0 0.0 0.2 55.2 55.4 57.6 57.6 17.4 13.3 97.2 74.5 14.2 DCRS_-_Cotiporã_-_Dois_Lajeados_(110_m) -999.9 -999.9 1015.1 1002.4 1015.1 16.3 12.6 304.0 Rio_Grande_do_Sul DCRS -999.9 0.0 0.2 96.99 97.57 96.73 -1 0.03 97.57 97.57 97.57 97.57
-28.995701 -51.754700 DCRS-00057 2026-09-12_22:16 13.3 -999.9 -999.9 95.4 -999.9 -999.9 12.6 -999.9 -999.9 1015.1 -999.9 -999.9 1.9 -999.9 2.1 0.0 0.0 0.2 55.2 55.4 57.6 57.6 17.4 13.3 97.2 74.5 14.2 DCRS_-_Cotiporã_-_Dois_Lajeados_(110_m) -999.9 -999.9 1015.1 1002.4 1015.1 16.3 12.6 304.0 Rio_Grande_do_Sul DCRS -999.9 0.0 0.2 97.01 97.57 96.73 -1 -0.02 97.57 97.57 97.57 97.57
-28.995701 -51.754700 DCRS-00057 2026-09-12_22:17 13.3 -999.9 -999.9 95.5 -999.9 -999.9 12.6 -999.9 -999.9 1015.1 -999.9 -999.9 0.0 -999.9 2.1 0.0 0.0 0.2 55.2 55.4 57.6 57.6 17.4 13.3 97.2 74.5 14.2 DCRS_-_Cotiporã_-_Dois_Lajeados_(110_m) -999.9 -999.9 1015.1 1002.4 1015.1 16.3 12.6 304.0 Rio_Grande_do_Sul DCRS -999.9 0.0 0.2 96.97 97.57 96.73 -1 -0.08 97.57 97.57 97.57 97.57
-28.995701 -51.754700 DCRS-00057 2026-09-12_22:18 13.3 -999.9 -999.9 95.5 -999.9 -999.9 12.6 -999.9 -999.9 1015.1 -999.9 -999.9 0.0 -999.9 2.1 0.0 0.0 0.2 55.2 55.4 57.6 57.6 17.4 13.3 97.2 74.5 14.2 DCRS_-_Cotiporã_-_Dois_Lajeados_(110_m) -999.9 -999.9 1015.1 1002.4 1015.1 16.3 12.6 304.0 Rio_Grande_do_Sul DCRS -999.9 0.0 0.2 96.98 97.57 96.73 -1 -0.07 97.57 97.57 97.57 97.57
-28.995701 -51.754700 DCRS-00057 2026-09-12_22:19 13.3 -999.9 -999.9 95.6 -999.9 -999.9 12.6 -999.9 -999.9 1015.2 -999.9 -999.9 0.0 -999.9 2.1 0.0 0.0 0.2 55.2 55.4 57.6 57.6 17.4 13.3 97.2 74.5 14.2 DCRS_-_Cotiporã_-_Dois_Lajeados_(110_m) -999.9 -999.9 1015.2 1002.4 1015.2 16.3 12.6 304.0 Rio_Grande_do_Sul DCRS -999.9 0.0 0.2 96.99 97.57 96.73 -1 -0.07 97.57 97.57 97.57 97.57
-28.995701 -51.754700 DCRS-00057 2026-09-12_22:20 13.3 -999.9 -999.9 95.6 -999.9 -999.9 12.6 -999.9 -999.9 1015.2 -999.9 -999.9 0.0 -999.9 2.0 0.0 0.0 0.2 55.2 55.4 57.6 57.6 17.4 13.3 97.2 74.5 14.2 DCRS_-_Cotiporã_-_Dois_Lajeados_(110_m) -999.9 -999.9 1015.2 1002.4 1015.2 16.3 12.6 304.0 Rio_Grande_do_Sul DCRS -999.9 0.0 0.2 96.99 97.57 96.73 -1 -0.06 97.57 97.57 97.57 97.57
-28.995701 -51.754700 DCRS-00057 2026-09-12_22:21 13.3 -999.9 -999.9 95.6 -999.9 -999.9 12.6 -999.9 -999.9 1015.2 -999.9 -999.9 0.0 -999.9 2.0 0.0 0.0 0.2 55.2 55.4 57.6 57.6 17.4 13.3 97.2 74.5 14.2 DCRS_-_Cotiporã_-_Dois_Lajeados_(110_m) -999.9 -999.9 1015.2 1002.4 1015.2 16.3 12.6 304.0 Rio_Grande_do_Sul DCRS -999.9 0.0 0.2 96.98 97.57 96.73 -1 -0.06 97.57 97.57 97.57 97.57
-28.995701 -51.754700 DCRS-00057 2026-09-12_22:22 13.3 -999.9 -999.9 95.5 -999.9 -999.9 12.6 -999.9 -999.9 1015.2 -999.9 -999.9 0.0 -999.9 2.0 0.0 0.0 0.2 55.2 55.4 57.6 57.6 17.4 13.3 97.2 74.5 14.2 DCRS_-_Cotiporã_-_Dois_Lajeados_(110_m) -999.9 -999.9 1015.2 1002.4 1015.2 16.3 12.6 304.0 Rio_Grande_do_Sul DCRS -999.9 0.0 0.2 97.0 97.57 96.73 -1 -0.06 97.57 97.57 97.57 97.57
-28.995701 -51.754700 DCRS-00057 2026-09-12_22:23 13.3 -999.9 -999.9 95.6 -999.9 -999.9 12.6 -999.9 -999.9 1015.2 -999.9 -999.9 0.0 -999.9 2.0 0.0 0.0 0.2 55.2 55.4 57.6 57.6 17.4 13.3 97.2 74.5 14.2 DCRS_-_Cotiporã_-_Dois_Lajeados_(110_m) -999.9 -999.9 1015.2 1002.4 1015.2 16.3 12.6 304.0 Rio_Grande_do_Sul DCRS -999.9 0.0 0.2 96.94 97.57 96.73 -1 -0.12 97.57 97.57 97.57 97.57
-28.995701 -51.754700 DCRS-00057 2026-09-12_22:24 13.4 -999.9 -999.9 95.8 -999.9 -999.9 12.7 -999.9 -999.9 1015.1 -999.9 -999.9 -999.9 -999.9 2.0 0.0 0.0 0.2 55.2 55.4 57.6 57.6 17.4 13.3 97.2 74.5 14.2 DCRS_-_Cotiporã_-_Dois_Lajeados_(110_m) -999.9 -999.9 1015.2 1002.4 1015.1 16.3 12.6 304.0 Rio_Grande_do_Sul DCRS -999.9 0.0 0.2 96.98 97.57 96.73 -1 -0.01 97.57 97.57 97.57 97.57
-28.995701 -51.754700 DCRS-00057 2026-09-12_22:25 13.4 -999.9 -999.9 95.8 -999.9 -999.9 12.7 -999.9 -999.9 1015.2 -999.9 -999.9 0.0 -999.9 7.0 0.0 0.0 0.2 55.2 55.4 57.6 57.6 17.4 13.3 97.2 74.5 14.2 DCRS_-_Cotiporã_-_Dois_Lajeados_(110_m) -999.9 -999.9 1015.2 1002.4 1015.2 16.3 12.6 304.0 Rio_Grande_do_Sul DCRS -999.9 0.0 0.2 97.04 97.57 96.73 -1 0.05 97.57 97.57 97.57 97.57
-28.995701 -51.754700 DCRS-00057 2026-09-12_22:26 13.4 -999.9 -999.9 95.7 -999.9 -999.9 12.7 -999.9 -999.9 1015.1 -999.9 -999.9 0.0 -999.9 7.0 0.0 0.0 0.2 55.2 55.4 57.6 57.6 17.4 13.3 97.2 74.5 14.2 DCRS_-_Cotiporã_-_Dois_Lajeados_(110_m) -999.9 -999.9 1015.2 1002.4 1015.1 16.3 12.6 304.0 Rio_Grande_do_Sul DCRS -999.9 0.0 0.2 97.05 97.57 96.73 -1 0.06 97.57 97.57 97.57 97.57
-28.995701 -51.754700 DCRS-00057 2026-09-12_22:27 13.3 -999.9 -999.9 95.8 -999.9 -999.9 12.6 -999.9 -999.9 1015.1 -999.9 -999.9 0.0 -999.9 7.0 0.0 0.0 0.2 55.2 55.4 57.6 57.6 17.4 13.3 97.2 74.5 14.2 DCRS_-_Cotiporã_-_Dois_Lajeados_(110_m) -999.9 -999.9 1015.2 1002.4 1015.1 16.3 12.6 304.0 Rio_Grande_do_Sul DCRS -999.9 0.0 0.2 96.98 97.57 96.73 -1 -0.1 97.57 97.57 97.57 97.57
-28.995701 -51.754700 DCRS-00057 2026-09-12_22:28 13.4 -999.9 -999.9 95.7 -999.9 -999.9 12.7 -999.9 -999.9 1015.2 -999.9 -999.9 0.0 -999.9 7.0 0.0 0.0 0.2 55.2 55.4 57.6 57.6 17.4 13.3 97.2 74.5 14.2 DCRS_-_Cotiporã_-_Dois_Lajeados_(110_m) -999.9 -999.9 1015.2 1002.4 1015.2 16.3 12.6 304.0 Rio_Grande_do_Sul DCRS -999.9 0.0 0.2 97.0 97.57 96.73 -1 -0.04 97.57 97.57 97.57 97.57
-28.995701 -51.754700 DCRS-00057 2026-09-12_22:29 13.3 -999.9 -999.9 95.7 -999.9 -999.9 12.6 -999.9 -999.9 1015.2 -999.9 -999.9 0.0 -999.9 7.0 0.0 0.0 0.2 55.2 55.4 57.6 57.6 17.4 13.3 97.2 74.5 14.2 DCRS_-_Cotiporã_-_Dois_Lajeados_(110_m) -999.9 -999.9 1015.2 1002.4 1015.2 16.3 12.6 304.0 Rio_Grande_do_Sul DCRS -999.9 0.0 0.2 96.95 97.57 96.73 -1 -0.11 97.57 97.57 97.57 97.57
-28.995701 -51.754700 DCRS-00057 2026-09-12_22:30 13.3 -999.9 -999.9 95.6 -999.9 -999.9 12.6 -999.9 -999.9 1015.2 -999.9 -999.9 0.0 -999.9 7.1 0.0 0.0 0.2 55.2 55.4 57.6 57.6 17.4 13.3 97.2 74.5 14.2 DCRS_-_Cotiporã_-_Dois_Lajeados_(110_m) -999.9 -999.9 1015.2 1002.4 1015.2 16.3 12.6 304.0 Rio_Grande_do_Sul DCRS -999.9 0.0 0.2 96.98 97.57 96.73 -1 -0.09 97.57 97.57 97.57 97.57
-28.995701 -51.754700 DCRS-00057 2026-09-12_22:31 13.3 -999.9 -999.9 95.5 -999.9 -999.9 12.6 -999.9 -999.9 1015.2 -999.9 -999.9 0.0 -999.9 7.1 0.0 0.0 0.2 55.2 55.4 57.6 57.6 17.4 13.3 97.2 74.5 14.2 DCRS_-_Cotiporã_-_Dois_Lajeados_(110_m) -999.9 -999.9 1015.2 1002.4 1015.2 16.3 12.6 304.0 Rio_Grande_do_Sul DCRS -999.9 0.0 0.2 97.03 97.57 96.73 -1 -0.04 97.57 97.57 97.57 97.57
-28.995701 -51.754700 DCRS-00057 2026-09-12_22:32 13.3 -999.9 -999.9 95.5 -999.9 -999.9 12.6 -999.9 -999.9 1015.2 -999.9 -999.9 0.0 -999.9 7.1 0.0 0.0 0.2 55.2 55.4 57.6 57.6 17.4 13.3 97.2 74.5 14.2 DCRS_-_Cotiporã_-_Dois_Lajeados_(110_m) -999.9 -999.9 1015.2 1002.4 1015.2 16.3 12.6 304.0 Rio_Grande_do_Sul DCRS -999.9 0.0 0.2 97.06 97.57 96.73 -1 -0.01 97.57 97.57 97.57 97.57
-28.995701 -51.754700 DCRS-00057 2026-09-12_22:33 13.3 -999.9 -999.9 95.5 -999.9 -999.9 12.6 -999.9 -999.9 1015.2 -999.9 -999.9 0.0 -999.9 7.1 0.0 0.0 0.2 55.2 55.4 57.6 57.6 17.4 13.3 97.2 74.5 14.2 DCRS_-_Cotiporã_-_Dois_Lajeados_(110_m) -999.9 -999.9 1015.2 1002.4 1015.2 16.3 12.6 304.0 Rio_Grande_do_Sul DCRS -999.9 0.0 0.2 97.04 97.57 96.73 0 0.0 97.57 97.57 97.57 97.57
-28.995701 -51.754700 DCRS-00057 2026-09-12_22:34 13.3 -999.9 -999.9 95.6 -999.9 -999.9 12.6 -999.9 -999.9 1015.2 -999.9 -999.9 0.0 -999.9 7.1 0.0 0.0 0.2 55.2 55.4 57.6 57.6 17.4 13.3 97.2 74.5 14.2 DCRS_-_Cotiporã_-_Dois_Lajeados_(110_m) -999.9 -999.9 1015.2 1002.4 1015.2 16.3 12.6 304.0 Rio_Grande_do_Sul DCRS -999.9 0.0 0.2 96.97 97.57 96.73 0 0.02 97.57 97.57 97.57 97.57
-28.995701 -51.754700 DCRS-00057 2026-09-12_22:35 13.3 -999.9 -999.9 95.7 -999.9 -999.9 12.6 -999.9 -999.9 1015.2 -999.9 -999.9 0.0 -999.9 0.0 0.0 0.0 0.2 55.2 55.4 57.6 57.6 17.4 13.3 97.2 74.5 14.2 DCRS_-_Cotiporã_-_Dois_Lajeados_(110_m) -999.9 -999.9 1015.2 1002.4 1015.2 16.3 12.6 304.0 Rio_Grande_do_Sul DCRS -999.9 0.0 0.2 96.98 97.57 96.73 0 0.03 97.57 97.57 97.57 97.57
-28.995701 -51.754700 DCRS-00057 2026-09-12_22:36 13.4 -999.9 -999.9 95.7 -999.9 -999.9 12.7 -999.9 -999.9 1015.2 -999.9 -999.9 0.0 -999.9 0.0 0.0 0.0 0.2 55.2 55.4 57.6 57.6 17.4 13.3 97.2 74.5 14.2 DCRS_-_Cotiporã_-_Dois_Lajeados_(110_m) -999.9 -999.9 1015.2 1002.4 1015.2 16.3 12.6 304.0 Rio_Grande_do_Sul DCRS -999.9 0.0 0.2 96.98 97.57 96.73 0 0.0 97.57 97.57 97.57 97.57
-28.995701 -51.754700 DCRS-00057 2026-09-12_22:37 13.3 -999.9 -999.9 95.5 -999.9 -999.9 12.6 -999.9 -999.9 1015.2 -999.9 -999.9 0.0 -999.9 0.0 0.0 0.0 0.2 55.2 55.4 57.6 57.6 17.4 13.3 97.2 74.5 14.2 DCRS_-_Cotiporã_-_Dois_Lajeados_(110_m) -999.9 -999.9 1015.2 1002.4 1015.2 16.3 12.6 304.0 Rio_Grande_do_Sul DCRS -999.9 0.0 0.2 97.04 97.57 96.73 0 0.01 97.57 97.57 97.57 97.57
-28.995701 -51.754700 DCRS-00057 2026-09-12_22:38 13.3 -999.9 -999.9 95.5 -999.9 -999.9 12.6 -999.9 -999.9 1015.2 -999.9 -999.9 0.0 -999.9 0.0 0.0 0.0 0.2 55.2 55.4 57.6 57.6 17.4 13.3 97.2 74.5 14.2 DCRS_-_Cotiporã_-_Dois_Lajeados_(110_m) -999.9 -999.9 1015.2 1002.4 1015.2 16.3 12.6 304.0 Rio_Grande_do_Sul DCRS -999.9 0.0 0.2 97.0 97.57 96.73 0 -0.03 97.57 97.57 97.57 97.57
-28.995701 -51.754700 DCRS-00057 2026-09-12_22:39 13.3 -999.9 -999.9 95.7 -999.9 -999.9 12.6 -999.9 -999.9 1015.3 -999.9 -999.9 -999.9 -999.9 0.0 0.0 0.0 0.2 55.2 55.4 57.6 57.6 17.4 13.3 97.2 74.5 14.2 DCRS_-_Cotiporã_-_Dois_Lajeados_(110_m) -999.9 -999.9 1015.3 1002.4 1015.3 16.3 12.6 304.0 Rio_Grande_do_Sul DCRS -999.9 0.0 0.2 96.97 97.57 96.73 0 -0.02 97.57 97.57 97.57 97.57
-28.995701 -51.754700 DCRS-00057 2026-09-12_22:40 13.3 -999.9 -999.9 95.5 -999.9 -999.9 12.6 -999.9 -999.9 1015.3 -999.9 -999.9 -999.9 -999.9 4.3 0.0 0.0 0.2 55.2 55.4 57.6 57.6 17.4 13.3 97.2 74.5 14.2 DCRS_-_Cotiporã_-_Dois_Lajeados_(110_m) -999.9 -999.9 1015.3 1002.4 1015.3 16.3 12.6 304.0 Rio_Grande_do_Sul DCRS -999.9 0.0 0.2 97.0 97.57 96.73 0 -0.02 97.57 97.57 97.57 97.57
-28.995701 -51.754700 DCRS-00057 2026-09-12_22:41 13.3 -999.9 -999.9 95.5 -999.9 -999.9 12.6 -999.9 -999.9 1015.3 -999.9 -999.9 3.3 -999.9 4.3 0.0 0.0 0.2 55.2 55.4 57.6 57.6 17.4 13.3 97.2 74.5 14.2 DCRS_-_Cotiporã_-_Dois_Lajeados_(110_m) -999.9 -999.9 1015.3 1002.4 1015.3 16.3 12.6 304.0 Rio_Grande_do_Sul DCRS -999.9 0.0 0.2 96.95 97.57 96.73 0 -0.1 97.57 97.57 97.57 97.57
-28.995701 -51.754700 DCRS-00057 2026-09-12_22:42 13.2 -999.9 -999.9 95.4 -999.9 -999.9 12.5 -999.9 -999.9 1015.3 -999.9 -999.9 2.2 -999.9 4.3 0.0 0.0 0.2 55.2 55.4 57.6 57.6 17.4 13.2 97.2 74.5 14.2 DCRS_-_Cotiporã_-_Dois_Lajeados_(110_m) -999.9 -999.9 1015.3 1002.4 1015.3 16.3 12.5 304.0 Rio_Grande_do_Sul DCRS -999.9 0.0 0.2 96.96 97.57 96.73 0 -0.09 97.57 97.57 97.57 97.57
-28.995701 -51.754700 DCRS-00057 2026-09-12_22:43 13.2 -999.9 -999.9 95.2 -999.9 -999.9 12.4 -999.9 -999.9 1015.3 -999.9 -999.9 0.0 -999.9 4.3 0.0 0.0 0.2 55.2 55.4 57.6 57.6 17.4 13.2 97.2 74.5 14.2 DCRS_-_Cotiporã_-_Dois_Lajeados_(110_m) -999.9 -999.9 1015.3 1002.4 1015.3 16.3 12.4 304.0 Rio_Grande_do_Sul DCRS -999.9 0.0 0.2 96.99 97.57 96.73 0 -0.01 97.57 97.57 97.57 97.57
-28.995701 -51.754700 DCRS-00057 2026-09-12_22:44 13.3 -999.9 -999.9 95.0 -999.9 -999.9 12.5 -999.9 -999.9 1015.3 -999.9 -999.9 0.0 -999.9 4.3 0.0 0.0 0.2 55.2 55.4 57.6 57.6 17.4 13.2 97.2 74.5 14.2 DCRS_-_Cotiporã_-_Dois_Lajeados_(110_m) -999.9 -999.9 1015.3 1002.4 1015.3 16.3 12.4 304.0 Rio_Grande_do_Sul DCRS -999.9 0.0 0.2 97.01 97.57 96.73 0 0.04 97.57 97.57 97.57 97.57
-28.995701 -51.754700 DCRS-00057 2026-09-12_22:45 13.2 -999.9 -999.9 95.0 -999.9 -999.9 12.4 -999.9 -999.9 1015.3 -999.9 -999.9 0.0 -999.9 8.4 0.0 0.0 0.2 55.2 55.4 57.6 57.6 17.4 13.2 97.2 74.5 14.2 DCRS_-_Cotiporã_-_Dois_Lajeados_(110_m) -999.9 -999.9 1015.3 1002.4 1015.3 16.3 12.4 304.0 Rio_Grande_do_Sul DCRS -999.9 0.0 0.2 96.99 97.57 96.73 0 -0.04 97.57 97.57 97.57 97.57
-28.995701 -51.754700 DCRS-00057 2026-09-12_22:46 13.2 -999.9 -999.9 94.9 -999.9 -999.9 -999.9 -999.9 -999.9 1015.3 -999.9 -999.9 0.0 -999.9 8.4 0.0 0.0 0.2 55.2 55.4 57.6 57.6 17.4 13.2 97.2 74.5 14.2 DCRS_-_Cotiporã_-_Dois_Lajeados_(110_m) -999.9 -999.9 1015.3 1002.4 1015.3 16.3 12.4 304.0 Rio_Grande_do_Sul DCRS -999.9 0.0 0.2 96.95 97.57 96.73 0 0.0 97.57 97.57 97.57 97.57
-28.995701 -51.754700 DCRS-00057 2026-09-12_22:47 13.2 -999.9 -999.9 94.9 -999.9 -999.9 12.4 -999.9 -999.9 1015.3 -999.9 -999.9 0.0 -999.9 8.4 0.0 0.0 0.2 55.2 55.4 57.6 57.6 17.4 13.2 97.2 74.5 14.2 DCRS_-_Cotiporã_-_Dois_Lajeados_(110_m) -999.9 -999.9 1015.3 1002.4 1015.3 16.3 12.4 304.0 Rio_Grande_do_Sul DCRS -999.9 0.0 0.2 96.94 97.57 96.73 0 -0.04 97.57 97.57 97.57 97.57
-28.995701 -51.754700 DCRS-00057 2026-09-12_22:48 13.2 -999.9 -999.9 94.9 -999.9 -999.9 12.4 -999.9 -999.9 1015.3 -999.9 -999.9 0.0 -999.9 8.4 0.0 0.0 0.2 55.2 55.4 57.6 57.6 17.4 13.2 97.2 74.5 14.2 DCRS_-_Cotiporã_-_Dois_Lajeados_(110_m) -999.9 -999.9 1015.3 1002.4 1015.3 16.3 12.4 304.0 Rio_Grande_do_Sul DCRS -999.9 0.0 0.2 96.97 97.57 96.73 -1 -0.06 97.57 97.57 97.57 97.57
-28.995701 -51.754700 DCRS-00057 2026-09-12_22:49 13.1 -999.9 -999.9 94.7 -999.9 -999.9 -999.9 -999.9 -999.9 1015.4 -999.9 -999.9 0.0 -999.9 8.4 0.0 0.0 0.2 55.2 55.4 57.6 57.6 17.4 13.1 97.2 74.5 14.2 DCRS_-_Cotiporã_-_Dois_Lajeados_(110_m) -999.9 -999.9 1015.4 1002.4 1015.4 16.3 12.4 304.0 Rio_Grande_do_Sul DCRS -999.9 0.0 0.2 96.91 97.57 96.73 -1 -0.05 97.57 97.57 97.57 97.57
-28.995701 -51.754700 DCRS-00057 2026-09-12_22:50 13.1 -999.9 -999.9 94.7 -999.9 -999.9 12.3 -999.9 -999.9 1015.4 -999.9 -999.9 0.0 -999.9 0.0 0.0 0.0 0.2 55.2 55.4 57.6 57.6 17.4 13.1 97.2 74.5 14.2 DCRS_-_Cotiporã_-_Dois_Lajeados_(110_m) -999.9 -999.9 1015.4 1002.4 1015.4 16.3 12.3 304.0 Rio_Grande_do_Sul DCRS -999.9 0.0 0.2 97.01 97.57 96.73 -1 -0.02 97.57 97.57 97.57 97.57
-28.995701 -51.754700 DCRS-00057 2026-09-12_22:51 13.1 -999.9 -999.9 94.8 -999.9 -999.9 12.3 -999.9 -999.9 1015.4 -999.9 -999.9 0.0 -999.9 0.0 0.0 0.0 0.2 55.2 55.4 57.6 57.6 17.4 13.1 97.2 74.5 14.2 DCRS_-_Cotiporã_-_Dois_Lajeados_(110_m) -999.9 -999.9 1015.4 1002.4 1015.4 16.3 12.3 304.0 Rio_Grande_do_Sul DCRS -999.9 0.0 0.2 96.95 97.57 96.73 -1 -0.08 97.57 97.57 97.57 97.57
-28.995701 -51.754700 DCRS-00057 2026-09-12_22:52 13.1 -999.9 -999.9 94.8 -999.9 -999.9 12.3 -999.9 -999.9 1015.4 -999.9 -999.9 0.0 -999.9 0.0 0.0 0.0 0.2 55.2 55.4 57.6 57.6 17.4 13.1 97.2 74.5 14.2 DCRS_-_Cotiporã_-_Dois_Lajeados_(110_m) -999.9 -999.9 1015.4 1002.4 1015.4 16.3 12.3 304.0 Rio_Grande_do_Sul DCRS -999.9 0.0 0.2 96.99 97.57 96.73 -1 -0.01 97.57 97.57 97.57 97.57
-28.995701 -51.754700 DCRS-00057 2026-09-12_22:53 13.1 -999.9 -999.9 94.8 -999.9 -999.9 12.3 -999.9 -999.9 1015.3 -999.9 -999.9 0.0 -999.9 0.0 0.0 0.0 0.2 55.2 55.4 57.6 57.6 17.4 13.1 97.2 74.5 14.2 DCRS_-_Cotiporã_-_Dois_Lajeados_(110_m) -999.9 -999.9 1015.4 1002.4 1015.3 16.3 12.3 304.0 Rio_Grande_do_Sul DCRS -999.9 0.0 0.2 96.98 97.57 96.73 -1 0.04 97.57 97.57 97.57 97.57
-28.995701 -51.754700 DCRS-00057 2026-09-12_22:54 13.1 -999.9 -999.9 94.7 -999.9 -999.9 12.3 -999.9 -999.9 1015.4 -999.9 -999.9 0.0 -999.9 0.0 0.0 0.0 0.2 55.2 55.4 57.6 57.6 17.4 13.1 97.2 74.5 14.2 DCRS_-_Cotiporã_-_Dois_Lajeados_(110_m) -999.9 -999.9 1015.4 1002.4 1015.4 16.3 12.3 304.0 Rio_Grande_do_Sul DCRS -999.9 0.0 0.2 96.92 97.57 96.73 -1 -0.09 97.57 97.57 97.57 97.57
-28.995701 -51.754700 DCRS-00057 2026-09-12_22:55 13.1 -999.9 -999.9 94.7 -999.9 -999.9 12.3 -999.9 -999.9 1015.4 -999.9 -999.9 0.0 -999.9 0.0 0.0 0.0 0.2 55.2 55.4 57.6 57.6 17.4 13.1 97.2 74.5 14.2 DCRS_-_Cotiporã_-_Dois_Lajeados_(110_m) -999.9 -999.9 1015.4 1002.4 1015.4 16.3 12.3 304.0 Rio_Grande_do_Sul DCRS -999.9 0.0 0.2 96.97 97.57 96.73 -1 -0.06 97.57 97.57 97.57 97.57
-28.995701 -51.754700 DCRS-00057 2026-09-12_22:56 13.1 -999.9 -999.9 94.8 -999.9 -999.9 12.3 -999.9 -999.9 1015.4 -999.9 -999.9 0.0 -999.9 0.0 0.0 0.0 0.2 55.2 55.4 57.6 57.6 17.4 13.1 97.2 74.5 14.2 DCRS_-_Cotiporã_-_Dois_Lajeados_(110_m) -999.9 -999.9 1015.4 1002.4 1015.4 16.3 12.3 304.0 Rio_Grande_do_Sul DCRS -999.9 0.0 0.2 96.98 97.57 96.73 -1 -0.02 97.57 97.57 97.57 97.57
-28.995701 -51.754700 DCRS-00057 2026-09-12_22:57 13.1 -999.9 -999.9 94.9 -999.9 -999.9 12.3 -999.9 -999.9 1015.3 -999.9 -999.9 0.0 -999.9 0.0 0.0 0.0 0.2 55.2 55.4 57.6 57.6 17.4 13.1 97.2 74.5 14.2 DCRS_-_Cotiporã_-_Dois_Lajeados_(110_m) -999.9 -999.9 1015.4 1002.4 1015.3 16.3 12.3 304.0 Rio_Grande_do_Sul DCRS -999.9 0.0 0.2 97.01 97.57 96.73 -1 -0.03 97.57 97.57 97.57 97.57
-28.995701 -51.754700 DCRS-00057 2026-09-12_22:58 13.0 -999.9 -999.9 94.8 -999.9 -999.9 12.2 -999.9 -999.9 1015.4 -999.9 -999.9 0.0 -999.9 0.0 0.0 0.0 0.2 55.2 55.4 57.6 57.6 17.4 13.0 97.2 74.5 14.2 DCRS_-_Cotiporã_-_Dois_Lajeados_(110_m) -999.9 -999.9 1015.4 1002.4 1015.4 16.3 12.2 304.0 Rio_Grande_do_Sul DCRS -999.9 0.0 0.2 96.95 97.57 96.73 -1 -0.09 97.57 97.57 97.57 97.57
-28.995701 -51.754700 DCRS-00057 2026-09-12_22:59 13.0 -999.9 -999.9 94.9 -999.9 -999.9 12.2 -999.9 -999.9 1015.4 -999.9 -999.9 0.0 -999.9 0.0 0.0 0.0 0.2 55.2 55.4 57.6 57.6 17.4 13.0 97.2 74.5 14.2 DCRS_-_Cotiporã_-_Dois_Lajeados_(110_m) -999.9 -999.9 1015.4 1002.4 1015.4 16.3 12.2 304.0 Rio_Grande_do_Sul DCRS -999.9 0.0 0.2 96.96 97.57 96.73 -1 -0.01 97.57 97.57 97.57 97.57
-28.995701 -51.754700 DCRS-00057 2026-09-12_23:00 13.0 -999.9 -999.9 95.0 -999.9 -999.9 12.2 -999.9 -999.9 1015.4 -999.9 -999.9 0.0 -999.9 1.9 0.0 0.0 0.2 55.2 55.4 57.6 57.6 17.4 13.0 97.2 74.5 14.2 DCRS_-_Cotiporã_-_Dois_Lajeados_(110_m) -999.9 -999.9 1015.4 1002.4 1015.4 16.3 12.2 304.0 Rio_Grande_do_Sul DCRS -999.9 0.0 0.2 97.01 97.57 96.73 -1 0.01 97.57 97.57 97.57 97.57
-28.995701 -51.754700 DCRS-00057 2026-09-12_23:01 13.0 -999.9 -999.9 95.0 -999.9 -999.9 12.2 -999.9 -999.9 1015.4 -999.9 -999.9 0.0 -999.9 1.9 0.0 0.0 0.2 55.2 55.4 57.6 57.6 17.4 13.0 97.2 74.5 14.2 DCRS_-_Cotiporã_-_Dois_Lajeados_(110_m) -999.9 -999.9 1015.4 1002.4 1015.4 16.3 12.2 304.0 Rio_Grande_do_Sul DCRS -999.9 0.0 0.2 97.0 97.57 96.73 -1 0.0 97.57 97.57 97.57 97.57
-28.995701 -51.754700 DCRS-00057 2026-09-12_23:02 13.0 -999.9 -999.9 95.0 -999.9 -999.9 12.2 -999.9 -999.9 1015.4 -999.9 -999.9 0.0 -999.9 1.9 0.0 0.0 0.2 55.2 55.4 57.6 57.6 17.4 13.0 97.2 74.5 14.2 DCRS_-_Cotiporã_-_Dois_Lajeados_(110_m) -999.9 -999.9 1015.4 1002.4 1015.4 16.3 12.2 304.0 Rio_Grande_do_Sul DCRS -999.9 0.0 0.2 97.0 97.57 96.73 -1 -0.01 97.57 97.57 97.57 97.57
-28.995701 -51.754700 DCRS-00057 2026-09-12_23:03 12.9 -999.9 -999.9 95.0 -999.9 -999.9 12.1 -999.9 -999.9 1015.4 -999.9 -999.9 0.0 -999.9 1.9 0.0 0.0 0.2 55.2 55.4 57.6 57.6 17.4 12.9 97.2 74.5 14.2 DCRS_-_Cotiporã_-_Dois_Lajeados_(110_m) -999.9 -999.9 1015.4 1002.4 1015.4 16.3 12.1 304.0 Rio_Grande_do_Sul DCRS -999.9 0.0 0.2 96.99 97.57 96.73 -1 0.01 97.57 97.57 97.57 97.57
-28.995701 -51.754700 DCRS-00057 2026-09-12_23:04 13.0 -999.9 -999.9 95.1 -999.9 -999.9 12.2 -999.9 -999.9 1015.4 -999.9 -999.9 0.0 -999.9 1.9 0.0 0.0 0.2 55.2 55.4 57.6 57.6 17.4 12.9 97.2 74.5 14.2 DCRS_-_Cotiporã_-_Dois_Lajeados_(110_m) -999.9 -999.9 1015.4 1002.4 1015.4 16.3 12.1 304.0 Rio_Grande_do_Sul DCRS -999.9 0.0 0.2 96.95 97.57 96.73 -1 -0.05 97.57 97.57 97.57 97.57
-28.995701 -51.754700 DCRS-00057 2026-09-12_23:05 12.9 -999.9 -999.9 95.1 -999.9 -999.9 12.1 -999.9 -999.9 1015.4 -999.9 -999.9 0.0 -999.9 2.8 0.0 0.0 0.2 55.2 55.4 57.6 57.6 17.4 12.9 97.2 74.5 14.2 DCRS_-_Cotiporã_-_Dois_Lajeados_(110_m) -999.9 -999.9 1015.4 1002.4 1015.4 16.3 12.1 304.0 Rio_Grande_do_Sul DCRS -999.9 0.0 0.2 96.99 97.57 96.73 -1 0.03 97.57 97.57 97.57 97.57
-28.995701 -51.754700 DCRS-00057 2026-09-12_23:07 13.0 -999.9 -999.9 95.2 -999.9 -999.9 12.2 -999.9 -999.9 1015.4 -999.9 -999.9 0.0 -999.9 2.8 0.0 0.0 0.2 55.2 55.4 57.6 57.6 17.4 12.9 97.2 74.5 14.2 DCRS_-_Cotiporã_-_Dois_Lajeados_(110_m) -999.9 -999.9 1015.4 1002.4 1015.4 16.3 12.1 304.0 Rio_Grande_do_Sul DCRS -999.9 0.0 0.2 96.99 97.57 96.73 -1 0.02 97.57 97.57 97.57 97.57
-28.995701 -51.754700 DCRS-00057 2026-09-12_23:08 12.9 -999.9 -999.9 95.2 -999.9 -999.9 12.1 -999.9 -999.9 1015.5 -999.9 -999.9 0.0 -999.9 2.8 0.0 0.0 0.2 55.2 55.4 57.6 57.6 17.4 12.9 97.2 74.5 14.2 DCRS_-_Cotiporã_-_Dois_Lajeados_(110_m) -999.9 -999.9 1015.5 1002.4 1015.5 16.3 12.1 304.0 Rio_Grande_do_Sul DCRS -999.9 0.0 0.2 96.98 97.57 96.73 -1 0.0 97.57 97.57 97.57 97.57
-28.995701 -51.754700 DCRS-00057 2026-09-12_23:10 12.9 -999.9 -999.9 95.2 -999.9 -999.9 -999.9 -999.9 -999.9 1015.5 -999.9 -999.9 0.0 -999.9 2.6 0.0 0.0 0.2 55.2 55.4 57.6 57.6 17.4 12.9 97.2 74.5 14.2 DCRS_-_Cotiporã_-_Dois_Lajeados_(110_m) -999.9 -999.9 1015.5 1002.4 1015.5 16.3 12.1 304.0 Rio_Grande_do_Sul DCRS -999.9 0.0 0.2 96.97 97.57 96.73 -1 -0.02 97.57 97.57 97.57 97.57
-28.995701 -51.754700 DCRS-00057 2026-09-12_23:11 12.9 -999.9 -999.9 95.3 -999.9 -999.9 12.2 -999.9 -999.9 1015.5 -999.9 -999.9 0.0 -999.9 2.6 0.0 0.0 0.2 55.2 55.4 57.6 57.6 17.4 12.9 97.2 74.5 14.2 DCRS_-_Cotiporã_-_Dois_Lajeados_(110_m) -999.9 -999.9 1015.5 1002.4 1015.5 16.3 12.1 304.0 Rio_Grande_do_Sul DCRS -999.9 0.0 0.2 96.93 97.57 96.73 -1 -0.07 97.57 97.57 97.57 97.57
-28.995701 -51.754700 DCRS-00057 2026-09-12_23:12 12.9 -999.9 -999.9 95.3 -999.9 -999.9 12.2 -999.9 -999.9 1015.5 -999.9 -999.9 0.0 -999.9 2.6 0.0 0.0 0.2 55.2 55.4 57.6 57.6 17.4 12.9 97.2 74.5 14.2 DCRS_-_Cotiporã_-_Dois_Lajeados_(110_m) -999.9 -999.9 1015.5 1002.4 1015.5 16.3 12.1 304.0 Rio_Grande_do_Sul DCRS -999.9 0.0 0.2 96.94 97.57 96.73 -1 -0.07 97.57 97.57 97.57 97.57
-28.995701 -51.754700 DCRS-00057 2026-09-12_23:13 12.9 -999.9 -999.9 95.3 -999.9 -999.9 12.2 -999.9 -999.9 1015.5 -999.9 -999.9 0.0 -999.9 2.6 0.0 0.0 0.2 55.2 55.4 57.6 57.6 17.4 12.9 97.2 74.5 14.2 DCRS_-_Cotiporã_-_Dois_Lajeados_(110_m) -999.9 -999.9 1015.5 1002.4 1015.5 16.3 12.1 304.0 Rio_Grande_do_Sul DCRS -999.9 0.0 0.2 97.05 97.57 96.73 -1 0.04 97.57 97.57 97.57 97.57
-28.995701 -51.754700 DCRS-00057 2026-09-12_23:14 12.8 -999.9 -999.9 95.4 -999.9 -999.9 12.1 -999.9 -999.9 1015.5 -999.9 -999.9 -999.9 -999.9 2.6 0.0 0.0 0.2 55.2 55.4 57.6 57.6 17.4 12.8 97.2 74.5 14.2 DCRS_-_Cotiporã_-_Dois_Lajeados_(110_m) -999.9 -999.9 1015.5 1002.4 1015.5 16.3 12.1 304.0 Rio_Grande_do_Sul DCRS -999.9 0.0 0.2 96.95 97.57 96.73 -1 -0.04 97.57 97.57 97.57 97.57
-28.995701 -51.754700 DCRS-00057 2026-09-12_23:15 12.8 -999.9 -999.9 95.5 -999.9 -999.9 12.1 -999.9 -999.9 1015.5 -999.9 -999.9 0.0 -999.9 4.0 0.0 0.0 0.2 55.2 55.4 57.6 57.6 17.4 12.8 97.2 74.5 14.2 DCRS_-_Cotiporã_-_Dois_Lajeados_(110_m) -999.9 -999.9 1015.5 1002.4 1015.5 16.3 12.1 304.0 Rio_Grande_do_Sul DCRS -999.9 0.0 0.2 96.97 97.57 96.73 -1 -0.02 97.57 97.57 97.57 97.57
-28.995701 -51.754700 DCRS-00057 2026-09-12_23:16 12.9 -999.9 -999.9 95.6 -999.9 -999.9 12.2 -999.9 -999.9 1015.5 -999.9 -999.9 0.0 -999.9 4.0 0.0 0.0 0.2 55.2 55.4 57.6 57.6 17.4 12.8 97.2 74.5 14.2 DCRS_-_Cotiporã_-_Dois_Lajeados_(110_m) -999.9 -999.9 1015.5 1002.4 1015.5 16.3 12.1 304.0 Rio_Grande_do_Sul DCRS -999.9 0.0 0.2 96.98 97.57 96.73 -1 -0.03 97.57 97.57 97.57 97.57
-28.995701 -51.754700 DCRS-00057 2026-09-12_23:17 12.8 -999.9 -999.9 95.6 -999.9 -999.9 12.1 -999.9 -999.9 1015.5 -999.9 -999.9 0.0 -999.9 4.0 0.0 0.0 0.2 55.2 55.4 57.6 57.6 17.4 12.8 97.2 74.5 14.2 DCRS_-_Cotiporã_-_Dois_Lajeados_(110_m) -999.9 -999.9 1015.5 1002.4 1015.5 16.3 12.1 304.0 Rio_Grande_do_Sul DCRS -999.9 0.0 0.2 97.01 97.57 96.73 -1 0.04 97.57 97.57 97.57 97.57
-28.995701 -51.754700 DCRS-00057 2026-09-12_23:18 12.8 -999.9 -999.9 95.6 -999.9 -999.9 12.1 -999.9 -999.9 1015.5 -999.9 -999.9 0.0 -999.9 4.0 0.0 0.0 0.2 55.2 55.4 57.6 57.6 17.4 12.8 97.2 74.5 14.2 DCRS_-_Cotiporã_-_Dois_Lajeados_(110_m) -999.9 -999.9 1015.5 1002.4 1015.5 16.3 12.1 304.0 Rio_Grande_do_Sul DCRS -999.9 0.0 0.2 96.93 97.57 96.73 -1 -0.06 97.57 97.57 97.57 97.57
-28.995701 -51.754700 DCRS-00057 2026-09-12_23:19 12.8 -999.9 -999.9 95.5 -999.9 -999.9 12.1 -999.9 -999.9 1015.5 -999.9 -999.9 0.0 -999.9 4.0 0.0 0.0 0.2 55.2 55.4 57.6 57.6 17.4 12.8 97.2 74.5 14.2 DCRS_-_Cotiporã_-_Dois_Lajeados_(110_m) -999.9 -999.9 1015.5 1002.4 1015.5 16.3 12.1 304.0 Rio_Grande_do_Sul DCRS -999.9 0.0 0.2 96.93 97.57 96.73 -1 -0.06 97.57 97.57 97.57 97.57
-28.995701 -51.754700 DCRS-00057 2026-09-12_23:20 12.8 -999.9 -999.9 95.6 -999.9 -999.9 12.1 -999.9 -999.9 1015.5 -999.9 -999.9 0.0 -999.9 2.8 0.0 0.0 0.2 55.2 55.4 57.6 57.6 17.4 12.8 97.2 74.5 14.2 DCRS_-_Cotiporã_-_Dois_Lajeados_(110_m) -999.9 -999.9 1015.5 1002.4 1015.5 16.3 12.1 304.0 Rio_Grande_do_Sul DCRS -999.9 0.0 0.2 96.98 97.57 96.73 -1 0.0 97.57 97.57 97.57 97.57
-28.995701 -51.754700 DCRS-00057 2026-09-12_23:21 12.9 -999.9 -999.9 95.6 -999.9 -999.9 -999.9 -999.9 -999.9 1015.5 -999.9 -999.9 0.0 -999.9 2.8 0.0 0.0 0.2 55.2 55.4 57.6 57.6 17.4 12.8 97.2 74.5 14.2 DCRS_-_Cotiporã_-_Dois_Lajeados_(110_m) -999.9 -999.9 1015.5 1002.4 1015.5 16.3 12.1 304.0 Rio_Grande_do_Sul DCRS -999.9 0.0 0.2 96.98 97.57 96.73 -1 0.0 97.57 97.57 97.57 97.57
-28.995701 -51.754700 DCRS-00057 2026-09-12_23:22 12.9 -999.9 -999.9 95.7 -999.9 -999.9 12.2 -999.9 -999.9 1015.5 -999.9 -999.9 0.0 -999.9 2.8 0.0 0.0 0.2 55.2 55.4 57.6 57.6 17.4 12.8 97.2 74.5 14.2 DCRS_-_Cotiporã_-_Dois_Lajeados_(110_m) -999.9 -999.9 1015.5 1002.4 1015.5 16.3 12.1 304.0 Rio_Grande_do_Sul DCRS -999.9 0.0 0.2 96.95 97.57 96.73 -1 -0.05 97.57 97.57 97.57 97.57
-28.995701 -51.754700 DCRS-00057 2026-09-12_23:23 12.9 -999.9 -999.9 95.7 -999.9 -999.9 12.2 -999.9 -999.9 1015.4 -999.9 -999.9 0.0 -999.9 2.8 0.0 0.0 0.2 55.2 55.4 57.6 57.6 17.4 12.8 97.2 74.5 14.2 DCRS_-_Cotiporã_-_Dois_Lajeados_(110_m) -999.9 -999.9 1015.5 1002.4 1015.4 16.3 12.1 304.0 Rio_Grande_do_Sul DCRS -999.9 0.0 0.2 96.96 97.57 96.73 -1 0.02 97.57 97.57 97.57 97.57
-28.995701 -51.754700 DCRS-00057 2026-09-12_23:24 12.8 -999.9 -999.9 95.8 -999.9 -999.9 12.1 -999.9 -999.9 1015.4 -999.9 -999.9 0.0 -999.9 2.8 0.0 0.0 0.2 55.2 55.4 57.6 57.6 17.4 12.8 97.2 74.5 14.2 DCRS_-_Cotiporã_-_Dois_Lajeados_(110_m) -999.9 -999.9 1015.5 1002.4 1015.4 16.3 12.1 304.0 Rio_Grande_do_Sul DCRS -999.9 0.0 0.2 97.02 97.57 96.73 -1 0.04 97.57 97.57 97.57 97.57
-28.995701 -51.754700 DCRS-00057 2026-09-12_23:25 12.9 -999.9 -999.9 95.8 -999.9 -999.9 12.2 -999.9 -999.9 1015.4 -999.9 -999.9 0.0 -999.9 0.0 0.0 0.0 0.2 55.2 55.4 57.6 57.6 17.4 12.8 97.2 74.5 14.2 DCRS_-_Cotiporã_-_Dois_Lajeados_(110_m) -999.9 -999.9 1015.5 1002.4 1015.4 16.3 12.1 304.0 Rio_Grande_do_Sul DCRS -999.9 0.0 0.2 96.95 97.57 96.73 -1 -0.09 97.57 97.57 97.57 97.57
-28.995701 -51.754700 DCRS-00057 2026-09-12_23:26 12.9 -999.9 -999.9 95.7 -999.9 -999.9 -999.9 -999.9 -999.9 1015.4 -999.9 -999.9 0.0 -999.9 0.0 0.0 0.0 0.2 55.2 55.4 57.6 57.6 17.4 12.8 97.2 74.5 14.2 DCRS_-_Cotiporã_-_Dois_Lajeados_(110_m) -999.9 -999.9 1015.5 1002.4 1015.4 16.3 12.1 304.0 Rio_Grande_do_Sul DCRS -999.9 0.0 0.2 96.94 97.57 96.73 -1 -0.11 97.57 97.57 97.57 97.57
-28.995701 -51.754700 DCRS-00057 2026-09-12_23:27 12.8 -999.9 -999.9 95.6 -999.9 -999.9 12.1 -999.9 -999.9 1015.4 -999.9 -999.9 0.0 -999.9 0.0 0.0 0.0 0.2 55.2 55.4 57.6 57.6 17.4 12.8 97.2 74.5 14.2 DCRS_-_Cotiporã_-_Dois_Lajeados_(110_m) -999.9 -999.9 1015.5 1002.4 1015.4 16.3 12.1 304.0 Rio_Grande_do_Sul DCRS -999.9 0.0 0.2 97.0 97.57 96.73 -1 0.02 97.57 97.57 97.57 97.57
-28.995701 -51.754700 DCRS-00057 2026-09-12_23:28 12.8 -999.9 -999.9 95.6 -999.9 -999.9 12.1 -999.9 -999.9 1015.4 -999.9 -999.9 0.0 -999.9 0.0 0.0 0.0 0.2 55.2 55.4 57.6 57.6 17.4 12.8 97.2 74.5 14.2 DCRS_-_Cotiporã_-_Dois_Lajeados_(110_m) -999.9 -999.9 1015.5 1002.4 1015.4 16.3 12.1 304.0 Rio_Grande_do_Sul DCRS -999.9 0.0 0.2 96.97 97.57 96.73 -1 -0.03 97.57 97.57 97.57 97.57
-28.995701 -51.754700 DCRS-00057 2026-09-12_23:29 12.8 -999.9 -999.9 95.8 -999.9 -999.9 12.1 -999.9 -999.9 1015.4 -999.9 -999.9 0.0 -999.9 0.0 0.0 0.0 0.2 55.2 55.4 57.6 57.6 17.4 12.8 97.2 74.5 14.2 DCRS_-_Cotiporã_-_Dois_Lajeados_(110_m) -999.9 -999.9 1015.5 1002.4 1015.4 16.3 12.1 304.0 Rio_Grande_do_Sul DCRS -999.9 0.0 0.2 96.99 97.57 96.73 -1 0.01 97.57 97.57 97.57 97.57
-28.995701 -51.754700 DCRS-00057 2026-09-12_23:30 12.8 -999.9 -999.9 95.8 -999.9 -999.9 12.1 -999.9 -999.9 1015.4 -999.9 -999.9 0.0 -999.9 2.3 0.0 0.0 0.2 55.2 55.4 57.6 57.6 17.4 12.8 97.2 74.5 14.2 DCRS_-_Cotiporã_-_Dois_Lajeados_(110_m) -999.9 -999.9 1015.5 1002.4 1015.4 16.3 12.1 304.0 Rio_Grande_do_Sul DCRS -999.9 0.0 0.2 96.93 97.57 96.73 -1 -0.05 97.57 97.57 97.57 97.57
-28.995701 -51.754700 DCRS-00057 2026-09-12_23:31 12.8 -999.9 -999.9 95.8 -999.9 -999.9 12.1 -999.9 -999.9 1015.4 -999.9 -999.9 -999.9 -999.9 2.3 0.0 0.0 0.2 55.2 55.4 57.6 57.6 17.4 12.8 97.2 74.5 14.2 DCRS_-_Cotiporã_-_Dois_Lajeados_(110_m) -999.9 -999.9 1015.5 1002.4 1015.4 16.3 12.1 304.0 Rio_Grande_do_Sul DCRS -999.9 0.0 0.2 97.0 97.57 96.73 -1 -0.03 97.57 97.57 97.57 97.57
-28.995701 -51.754700 DCRS-00057 2026-09-12_23:32 12.8 -999.9 -999.9 95.9 -999.9 -999.9 12.2 -999.9 -999.9 1015.4 -999.9 -999.9 0.0 -999.9 2.3 0.0 0.0 0.2 55.2 55.4 57.6 57.6 17.4 12.8 97.2 74.5 14.2 DCRS_-_Cotiporã_-_Dois_Lajeados_(110_m) -999.9 -999.9 1015.5 1002.4 1015.4 16.3 12.1 304.0 Rio_Grande_do_Sul DCRS -999.9 0.0 0.2 97.0 97.57 96.73 -1 -0.06 97.57 97.57 97.57 97.57
-28.995701 -51.754700 DCRS-00057 2026-09-12_23:33 12.8 -999.9 -999.9 95.8 -999.9 -999.9 12.1 -999.9 -999.9 1015.4 -999.9 -999.9 0.0 -999.9 2.3 0.0 0.0 0.2 55.2 55.4 57.6 57.6 17.4 12.8 97.2 74.5 14.2 DCRS_-_Cotiporã_-_Dois_Lajeados_(110_m) -999.9 -999.9 1015.5 1002.4 1015.4 16.3 12.1 304.0 Rio_Grande_do_Sul DCRS -999.9 0.0 0.2 97.01 97.57 96.73 0 0.04 97.57 97.57 97.57 97.57
-28.995701 -51.754700 DCRS-00057 2026-09-12_23:34 12.8 -999.9 -999.9 95.8 -999.9 -999.9 -999.9 -999.9 -999.9 1015.4 -999.9 -999.9 0.0 -999.9 2.3 0.0 0.0 0.2 55.2 55.4 57.6 57.6 17.4 12.8 97.2 74.5 14.2 DCRS_-_Cotiporã_-_Dois_Lajeados_(110_m) -999.9 -999.9 1015.5 1002.4 1015.4 16.3 12.1 304.0 Rio_Grande_do_Sul DCRS -999.9 0.0 0.2 96.98 97.57 96.73 0 0.01 97.57 97.57 97.57 97.57
-28.995701 -51.754700 DCRS-00057 2026-09-12_23:35 12.8 -999.9 -999.9 95.8 -999.9 -999.9 12.1 -999.9 -999.9 1015.4 -999.9 -999.9 0.0 -999.9 2.7 0.0 0.0 0.2 55.2 55.4 57.6 57.6 17.4 12.8 97.2 74.5 14.2 DCRS_-_Cotiporã_-_Dois_Lajeados_(110_m) -999.9 -999.9 1015.5 1002.4 1015.4 16.3 12.1 304.0 Rio_Grande_do_Sul DCRS -999.9 0.0 0.2 97.01 97.57 96.73 0 0.03 97.57 97.57 97.57 97.57
-28.995701 -51.754700 DCRS-00057 2026-09-12_23:36 12.8 -999.9 -999.9 95.9 -999.9 -999.9 12.2 -999.9 -999.9 1015.4 -999.9 -999.9 0.0 -999.9 2.7 0.0 0.0 0.2 55.2 55.4 57.6 57.6 17.4 12.8 97.2 74.5 14.2 DCRS_-_Cotiporã_-_Dois_Lajeados_(110_m) -999.9 -999.9 1015.5 1002.4 1015.4 16.3 12.1 304.0 Rio_Grande_do_Sul DCRS -999.9 0.0 0.2 96.98 97.57 96.73 0 0.0 97.57 97.57 97.57 97.57
-28.995701 -51.754700 DCRS-00057 2026-09-12_23:37 12.7 -999.9 -999.9 95.8 -999.9 -999.9 12.0 -999.9 -999.9 1015.4 -999.9 -999.9 0.0 -999.9 2.7 0.0 0.0 0.2 55.2 55.4 57.6 57.6 17.4 12.7 97.2 74.5 14.2 DCRS_-_Cotiporã_-_Dois_Lajeados_(110_m) -999.9 -999.9 1015.5 1002.4 1015.4 16.3 12.0 304.0 Rio_Grande_do_Sul DCRS -999.9 0.0 0.2 96.99 97.57 96.73 0 -0.05 97.57 97.57 97.57 97.57
-28.995701 -51.754700 DCRS-00057 2026-09-12_23:38 12.8 -999.9 -999.9 95.8 -999.9 -999.9 12.1 -999.9 -999.9 1015.4 -999.9 -999.9 0.0 -999.9 2.7 0.0 0.0 0.2 55.2 55.4 57.6 57.6 17.4 12.7 97.2 74.5 14.2 DCRS_-_Cotiporã_-_Dois_Lajeados_(110_m) -999.9 -999.9 1015.5 1002.4 1015.4 16.3 12.0 304.0 Rio_Grande_do_Sul DCRS -999.9 0.0 0.2 96.97 97.57 96.73 1 0.0 97.57 97.57 97.57 97.57
-28.995701 -51.754700 DCRS-00057 2026-09-12_23:39 12.7 -999.9 -999.9 95.7 -999.9 -999.9 12.0 -999.9 -999.9 1015.4 -999.9 -999.9 0.0 -999.9 2.7 0.0 0.0 0.2 55.2 55.4 57.6 57.6 17.4 12.7 97.2 74.5 14.2 DCRS_-_Cotiporã_-_Dois_Lajeados_(110_m) -999.9 -999.9 1015.5 1002.4 1015.4 16.3 12.0 304.0 Rio_Grande_do_Sul DCRS -999.9 0.0 0.2 96.95 97.57 96.73 0 -0.02 97.57 97.57 97.57 97.57
-28.995701 -51.754700 DCRS-00057 2026-09-12_23:40 12.7 -999.9 -999.9 95.7 -999.9 -999.9 12.0 -999.9 -999.9 1015.4 -999.9 -999.9 0.0 -999.9 1.8 0.0 0.0 0.2 55.2 55.4 57.6 57.6 17.4 12.7 97.2 74.5 14.2 DCRS_-_Cotiporã_-_Dois_Lajeados_(110_m) -999.9 -999.9 1015.5 1002.4 1015.4 16.3 12.0 304.0 Rio_Grande_do_Sul DCRS -999.9 0.0 0.2 96.98 97.57 96.73 0 -0.02 97.57 97.57 97.57 97.57
-28.995701 -51.754700 DCRS-00057 2026-09-12_23:41 12.7 -999.9 -999.9 95.6 -999.9 -999.9 12.0 -999.9 -999.9 1015.4 -999.9 -999.9 0.0 -999.9 1.8 0.0 0.0 0.2 55.2 55.4 57.6 57.6 17.4 12.7 97.2 74.5 14.2 DCRS_-_Cotiporã_-_Dois_Lajeados_(110_m) -999.9 -999.9 1015.5 1002.4 1015.4 16.3 12.0 304.0 Rio_Grande_do_Sul DCRS -999.9 0.0 0.2 97.01 97.57 96.73 1 0.06 97.57 97.57 97.57 97.57
-28.995701 -51.754700 DCRS-00057 2026-09-12_23:42 12.6 -999.9 -999.9 95.8 -999.9 -999.9 11.9 -999.9 -999.9 1015.4 -999.9 -999.9 0.0 -999.9 1.8 0.0 0.0 0.2 55.2 55.4 57.6 57.6 17.4 12.6 97.2 74.5 14.2 DCRS_-_Cotiporã_-_Dois_Lajeados_(110_m) -999.9 -999.9 1015.5 1002.4 1015.4 16.3 11.9 304.0 Rio_Grande_do_Sul DCRS -999.9 0.0 0.2 96.99 97.57 96.73 0 0.0 97.57 97.57 97.57 97.57
-28.995701 -51.754700 DCRS-00057 2026-09-12_23:43 12.7 -999.9 -999.9 95.7 -999.9 -999.9 12.0 -999.9 -999.9 1015.4 -999.9 -999.9 0.0 -999.9 1.8 0.0 0.0 0.2 55.2 55.4 57.6 57.6 17.4 12.6 97.2 74.5 14.2 DCRS_-_Cotiporã_-_Dois_Lajeados_(110_m) -999.9 -999.9 1015.5 1002.4 1015.4 16.3 11.9 304.0 Rio_Grande_do_Sul DCRS -999.9 0.0 0.2 96.97 97.57 96.73 0 -0.02 97.57 97.57 97.57 97.57
-28.995701 -51.754700 DCRS-00057 2026-09-12_23:44 12.6 -999.9 -999.9 95.7 -999.9 -999.9 11.9 -999.9 -999.9 1015.5 -999.9 -999.9 0.0 -999.9 1.8 0.0 0.0 0.2 55.2 55.4 57.6 57.6 17.4 12.6 97.2 74.5 14.2 DCRS_-_Cotiporã_-_Dois_Lajeados_(110_m) -999.9 -999.9 1015.5 1002.4 1015.5 16.3 11.9 304.0 Rio_Grande_do_Sul DCRS -999.9 0.0 0.2 97.0 97.57 96.73 0 -0.01 97.57 97.57 97.57 97.57
-28.995701 -51.754700 DCRS-00057 2026-09-12_23:45 12.6 -999.9 -999.9 95.8 -999.9 -999.9 11.9 -999.9 -999.9 1015.5 -999.9 -999.9 0.0 -999.9 2.0 0.0 0.0 0.2 55.2 55.4 57.6 57.6 17.4 12.6 97.2 74.5 14.2 DCRS_-_Cotiporã_-_Dois_Lajeados_(110_m) -999.9 -999.9 1015.5 1002.4 1015.5 16.3 11.9 304.0 Rio_Grande_do_Sul DCRS -999.9 0.0 0.2 96.98 97.57 96.73 1 -0.01 97.57 97.57 97.57 97.57
-28.995701 -51.754700 DCRS-00057 2026-09-12_23:46 12.7 -999.9 -999.9 95.9 -999.9 -999.9 12.1 -999.9 -999.9 1015.5 -999.9 -999.9 0.0 -999.9 2.0 0.0 0.0 0.2 55.2 55.4 57.6 57.6 17.4 12.6 97.2 74.5 14.2 DCRS_-_Cotiporã_-_Dois_Lajeados_(110_m) -999.9 -999.9 1015.5 1002.4 1015.5 16.3 11.9 304.0 Rio_Grande_do_Sul DCRS -999.9 0.0 0.2 96.95 97.57 96.73 1 0.0 97.57 97.57 97.57 97.57
-28.995701 -51.754700 DCRS-00057 2026-09-12_23:47 12.6 -999.9 -999.9 95.9 -999.9 -999.9 12.0 -999.9 -999.9 1015.5 -999.9 -999.9 0.0 -999.9 2.0 0.0 0.0 0.2 55.2 55.4 57.6 57.6 17.4 12.6 97.2 74.5 14.2 DCRS_-_Cotiporã_-_Dois_Lajeados_(110_m) -999.9 -999.9 1015.5 1002.4 1015.5 16.3 11.9 304.0 Rio_Grande_do_Sul DCRS -999.9 0.0 0.2 96.99 97.57 96.73 1 0.02 97.57 97.57 97.57 97.57
-28.995701 -51.754700 DCRS-00057 2026-09-12_23:48 12.6 -999.9 -999.9 95.9 -999.9 -999.9 -999.9 -999.9 -999.9 1015.5 -999.9 -999.9 0.0 -999.9 2.0 0.0 0.0 0.2 55.2 55.4 57.6 57.6 17.4 12.6 97.2 74.5 14.2 DCRS_-_Cotiporã_-_Dois_Lajeados_(110_m) -999.9 -999.9 1015.5 1002.4 1015.5 16.3 11.9 304.0 Rio_Grande_do_Sul DCRS -999.9 0.0 0.2 96.98 97.57 96.73 1 0.01 97.57 97.57 97.57 97.57
-28.995701 -51.754700 DCRS-00057 2026-09-12_23:49 12.6 -999.9 -999.9 95.9 -999.9 -999.9 12.0 -999.9 -999.9 1015.5 -999.9 -999.9 0.0 -999.9 2.0 0.0 0.0 0.2 55.2 55.4 57.6 57.6 17.4 12.6 97.2 74.5 14.2 DCRS_-_Cotiporã_-_Dois_Lajeados_(110_m) -999.9 -999.9 1015.5 1002.4 1015.5 16.3 11.9 304.0 Rio_Grande_do_Sul DCRS -999.9 0.0 0.2 96.99 97.57 96.73 1 0.08 97.57 97.57 97.57 97.57
-28.995701 -51.754700 DCRS-00057 2026-09-12_23:50 12.6 -999.9 -999.9 95.9 -999.9 -999.9 12.0 -999.9 -999.9 1015.5 -999.9 -999.9 -999.9 -999.9 1.9 0.0 0.0 0.2 55.2 55.4 57.6 57.6 17.4 12.6 97.2 74.5 14.2 DCRS_-_Cotiporã_-_Dois_Lajeados_(110_m) -999.9 -999.9 1015.5 1002.4 1015.5 16.3 11.9 304.0 Rio_Grande_do_Sul DCRS -999.9 0.0 0.2 97.0 97.57 96.73 0 -0.01 97.57 97.57 97.57 97.57
-28.995701 -51.754700 DCRS-00057 2026-09-12_23:51 12.6 -999.9 -999.9 95.9 -999.9 -999.9 12.0 -999.9 -999.9 1015.5 -999.9 -999.9 0.0 -999.9 1.9 0.0 0.0 0.2 55.2 55.4 57.6 57.6 17.4 12.6 97.2 74.5 14.2 DCRS_-_Cotiporã_-_Dois_Lajeados_(110_m) -999.9 -999.9 1015.5 1002.4 1015.5 16.3 11.9 304.0 Rio_Grande_do_Sul DCRS -999.9 0.0 0.2 96.92 97.57 96.73 1 -0.03 97.57 97.57 97.57 97.57
-28.995701 -51.754700 DCRS-00057 2026-09-12_23:52 12.6 -999.9 -999.9 96.0 -999.9 -999.9 12.0 -999.9 -999.9 1015.5 -999.9 -999.9 0.0 -999.9 1.9 0.0 0.0 0.2 55.2 55.4 57.6 57.6 17.4 12.6 97.2 74.5 14.2 DCRS_-_Cotiporã_-_Dois_Lajeados_(110_m) -999.9 -999.9 1015.5 1002.4 1015.5 16.3 11.9 304.0 Rio_Grande_do_Sul DCRS -999.9 0.0 0.2 96.92 97.57 96.73 0 -0.06 97.57 97.57 97.57 97.57
-28.995701 -51.754700 DCRS-00057 2026-09-12_23:53 12.6 -999.9 -999.9 96.0 -999.9 -999.9 12.0 -999.9 -999.9 1015.6 -999.9 -999.9 0.0 -999.9 1.9 0.0 0.0 0.2 55.2 55.4 57.6 57.6 17.4 12.6 97.2 74.5 14.2 DCRS_-_Cotiporã_-_Dois_Lajeados_(110_m) -999.9 -999.9 1015.6 1002.4 1015.6 16.3 11.9 304.0 Rio_Grande_do_Sul DCRS -999.9 0.0 0.2 96.94 97.57 96.73 0 -0.04 97.57 97.57 97.57 97.57
-28.995701 -51.754700 DCRS-00057 2026-09-12_23:54 12.6 -999.9 -999.9 96.0 -999.9 -999.9 12.0 -999.9 -999.9 1015.6 -999.9 -999.9 0.0 -999.9 1.9 0.0 0.0 0.2 55.2 55.4 57.6 57.6 17.4 12.6 97.2 74.5 14.2 DCRS_-_Cotiporã_-_Dois_Lajeados_(110_m) -999.9 -999.9 1015.6 1002.4 1015.6 16.3 11.9 304.0 Rio_Grande_do_Sul DCRS -999.9 0.0 0.2 96.94 97.57 96.73 0 0.02 97.57 97.57 97.57 97.57
-28.995701 -51.754700 DCRS-00057 2026-09-12_23:55 12.6 -999.9 -999.9 96.0 -999.9 -999.9 12.0 -999.9 -999.9 1015.5 -999.9 -999.9 0.0 -999.9 2.1 0.0 0.0 0.2 55.2 55.4 57.6 57.6 17.4 12.6 97.2 74.5 14.2 DCRS_-_Cotiporã_-_Dois_Lajeados_(110_m) -999.9 -999.9 1015.6 1002.4 1015.5 16.3 11.9 304.0 Rio_Grande_do_Sul DCRS -999.9 0.0 0.2 96.97 97.57 96.73 0 0.0 97.57 97.57 97.57 97.57
-28.995701 -51.754700 DCRS-00057 2026-09-12_23:56 12.6 -999.9 -999.9 95.9 -999.9 -999.9 12.0 -999.9 -999.9 1015.5 -999.9 -999.9 0.0 -999.9 2.1 0.0 0.0 0.2 55.2 55.4 57.6 57.6 17.4 12.6 97.2 74.5 14.2 DCRS_-_Cotiporã_-_Dois_Lajeados_(110_m) -999.9 -999.9 1015.6 1002.4 1015.5 16.3 11.9 304.0 Rio_Grande_do_Sul DCRS -999.9 0.0 0.2 96.98 97.57 96.73 -1 0.0 97.57 97.57 97.57 97.57
-28.995701 -51.754700 DCRS-00057 2026-09-12_23:57 12.6 -999.9 -999.9 96.0 -999.9 -999.9 12.0 -999.9 -999.9 1015.6 -999.9 -999.9 0.0 -999.9 2.1 0.0 0.0 0.2 55.2 55.4 57.6 57.6 17.4 12.6 97.2 74.5 14.2 DCRS_-_Cotiporã_-_Dois_Lajeados_(110_m) -999.9 -999.9 1015.6 1002.4 1015.6 16.3 11.9 304.0 Rio_Grande_do_Sul DCRS -999.9 0.0 0.2 96.99 97.57 96.73 -1 -0.02 97.57 97.57 97.57 97.57
-28.995701 -51.754700 DCRS-00057 2026-09-12_23:58 12.6 -999.9 -999.9 95.9 -999.9 -999.9 12.0 -999.9 -999.9 1015.6 -999.9 -999.9 0.0 -999.9 2.1 0.0 0.0 0.2 55.2 55.4 57.6 57.6 17.4 12.6 97.2 74.5 14.2 DCRS_-_Cotiporã_-_Dois_Lajeados_(110_m) -999.9 -999.9 1015.6 1002.4 1015.6 16.3 11.9 304.0 Rio_Grande_do_Sul DCRS -999.9 0.0 0.2 96.94 97.57 96.73 0 -0.01 97.57 97.57 97.57 97.57
-28.995701 -51.754700 DCRS-00057 2026-09-12_23:59 12.6 -999.9 -999.9 96.0 -999.9 -999.9 12.0 -999.9 -999.9 1015.6 -999.9 -999.9 0.0 -999.9 2.1 0.0 0.0 0.2 55.2 55.4 57.6 57.6 17.4 12.6 97.2 74.5 14.2 DCRS_-_Cotiporã_-_Dois_Lajeados_(110_m) -999.9 -999.9 1015.6 1002.4 1015.6 16.3 11.9 304.0 Rio_Grande_do_Sul DCRS -999.9 0.0 0.2 97.02 97.57 96.73 0 0.06 97.57 97.57 97.57 97.57
